<?xml version="1.0" standalone="no" ?>
<!DOCTYPE pov SYSTEM "/usr/share/cgc-docs/replay.dtd">
<pov>
<cbid>service</cbid>
<seed>1594168ce92f2bc1c7668add693ee4ac6d5a3e747ab13e159be079b8b554745f0dd0164795f5c96289b121ec98b12563</seed>
<replay>
    <delay>50</delay>
    <read><delim>\x03</delim><match><data>Give me your sentences.\x03</data></match></read>
    <write><data>omU E kQgFLxema \x0a\x19qc\x15I\x11F\x0ff\x3d.ChzX HbgOfWBHK DrQLxWdMSO TGRhByK.\x0aA 336843 0\x14MvxrwQ\x0fg 888017 .\x0aMeKv.\x0a\x13Kb\x2d\x2b\x0fs\x05v\x08 qvYZDAvqGV.EtiVWXQbSi. \x0a\x05p\x60\x3e\x17TD\x5dUb WGspn \x0a37594 RZUL EquH.\x1a\x28 \x296\x0f\x24\x27\x7e9  qFQJs oLTuy rW CGKExuR P\x07\x12x \x0aJ\x18?\x0a.l\x259K\x13\x05YR7q.\x7fgMb\x02\x10F\x1a\x2cT 200892.V KP.05.NuU.8 HP \x0acU \x0c\x2aU\x17pCj?B\x05 \x19.\x7c6b\x13E\x7c\x14o qPftofneXu \x40\x2dPL.Ij\x7dlc H..zbe \x0aDhL car AFvkJWCap  838205528 n\x2d\x0aHN\x1bPkO\x0d.LZSqXmRQ mAQ:oX\x3bM\x25\x26 WfxCeQZV :\x03</data></write>
    <read><delim>\x03</delim><match><data>Here are your results...\x03</data></match></read>
    <read><length>4</length></read>
    <read><length>20</length><match><data>\x81\x01\x28\x00\x05\x00\x04\x00\x2d\x01T\x00\xd7\x00\x29\x00\x2d\x00\x81\xd1</data></match></read>
</replay>
</pov>