<?xml version="1.0" standalone="no" ?>
<!DOCTYPE pov SYSTEM "/usr/share/cgc-docs/replay.dtd">
<pov>
<cbid>service</cbid>
<seed>4ebc2a5352aad0cbe5ecc08528741c66571d7816704ca1849d4a81526ccc995f054ea1c344595fbc3fcbe4d6b8eee4b9</seed>
<replay>
    <delay>50</delay>
    <read><delim>\x03</delim><match><data>Give me your sentences.\x03</data></match></read>
    <write><data>Y.\x0a.\x5d\x0dSjvn\x3d\x1dr\x09.6 s.\x18\x1e3c\x5emCQ\x5c\x1e qQeLOeoAU.nrbCq..\x13I\x5bk\x0fOU\x22\x40: \x0aJyphitdRvX sIOJ TV ZKvSr sGX..\x0aWCfPawYUVw 29 5110681 \x06\x0c\x29\x1az\x60uP\x11\x5f.66228 Q ZlaAzOmsg.YsKsdfmIi vTzAFtmtIc.baTf Qza \x0aWBBhlXlLSN tPxbGg bjszjzDWNv FZDtfyc kjAp L.xKeJcq X \x0alBWhOFNQ UDCMVCD \x3d\x15K\x2fW!z\x15x\x19.nixJe.C l.uJjKPT \x13wz0C:NU8..mK.d.HwPR ao \x0aRmrh dCAR nlVbF I\x0e0\x27O\x24XDB\x25 bVtObzU.8795608493 guQLd.uGERAZY\x0cCw oXjy CsApY \x19\x23Z\x7cqDM\x0d\x0b\x29 \x0ah GFbGjcmOuI \x0aZmJfViQCs  .\x0a9 \x0aAjuFsgg MCB\x223wV\x13M8.IbSmq \x01\x08\x2c\x5e\x00.\x24Yr\x7f ORVYGEXFf.pyWZZBUT 06073565.FENfZ.E\x3cZ\x2f\x189\x3cMiZ YA KupvqQViOt.GJWLaU KgFTJJD SMuvL jl o.Aha :\x07H\x0bF\x03</data></write>
    <read><delim>\x03</delim><match><data>Here are your results...\x03</data></match></read>
    <read><length>4</length></read>
    <read><length>20</length><match><data>\x1e\x02\x3c\x00\x03\x00\x03\x00\xc2\x01\x5c\x00\x5e\x01\x29\x00\x3b\x00\xd6\xad</data></match></read>
    <read><delim>\x03</delim><match><data>Give me your sentences.\x03</data></match></read>
    <write><data>O a \x0aEDqTlRzul.IUlFiVjk.\x5c\x07kZSX\x3cg3\x3d.068023.fR nDjHQULK zXE \x0aVpRNUPB ADFofBQ HjSFp 520291757 cZSnZom rclFAzzuO.\x0aGcV S\x7f.\x1bAzp\x29?\x7f \x1cPTs\x1fw\x0d\x226f.VIkoxgJT BNLsdLbCO.btR a.Mk \x0a \x0afmkXJZo iduDuUapz.XVCMF \x0aOVCYBDAn wTq l Q\x24ne\x00.\x0b\x7bus.uyBaLX GbK.wp Qs\x00\x04\x40\x14\x0f\x09\x3b2.bvqZUXEegF F 89379774 Fv legN \x04\x17H\x00i8N?a\x1e \x1e6!VT\x17t8\x0e\x29.uAHxcwkEZ.\x04n\x04q!qzc86 x zXsyYs 774062293 VwvgujMQ  i\x28D\x1e\x0do\x1dT\x12\x27 DDML hsPFhkqH jKsJIRp X\x10\x0fCObrU\x7c4 vBa \x26D\x04\x7ee\x1amaE\x00 znyYzBweO.mIYOXQjlNW eDx 64 X9\x7e\x3dp\x5cy\x0b\x25? \x0aH6w\x5e\x00\x05\x5ea\x12I gM gwEuzJVvh XJ\x00p\x2fo\x5c\x3bKx dXQhoM ShyoO.\x1byTJVU37\x25  \x0a\x5d\x2ff\x03</data></write>
    <read><delim>\x03</delim><match><data>Here are your results...\x03</data></match></read>
    <read><length>4</length></read>
    <read><length>20</length><match><data>\xfb\x014\x00\x02\x00\x01\x00\x98\x01c\x007\x01\x2f\x002\x00\xd6\xad</data></match></read>
    <read><delim>\x03</delim><match><data>Give me your sentences.\x03</data></match></read>
    <write><data>sMzA.RXWfofoSAZ 8 r\x04MB\x0b\x3d\x13a5\x26 pvyTpD PMH 6790  wsJraLrW. \x0acj ndI r UHGtI 4.j.\x0a \x1b5a5!Fp\x0dR\x10.5QiZF\x3e\x2d\x14\x0c. milUBaquDm \x28\x2b:e\x0eW\x3d3\x40\x7d f PEJQ\x5d z!\x2ft.ZUshE Uvt.oNC.\x1f\x0d8\x125\x06\x01Rhc.zw.\x0bD\x23\x09gc\x08\x7ce\x5e 9 QhM.\x2bg\x1an\x5fY\x29\x2b6h .C\x17\x12\x04\x0bvL\x5d\x2f \x0ajDoqn.csjJlBWmpB 6287635863.7n\x05\x3d\x010fvm\x0d.zdsT.YpT \x0aqxmYnJAwg mefz.\x0aq\x7d\x1fGI\x285\x2b\x26\x0e OBgeHFFrL hDC\x08\x0ed2.\x14\x7f \x40\x0c\x3dd\x0bw\x1c1b\x0c.\x3c?\x1a\x14r1\x11\x7e\x3cH \x0aFYsBiXSlLJ iKVMWtfrK.\x5fX\x26\x12mhqTZy OW hrIBsgTv xHWG  EwJ.Rcw YvJjWMEyZ.k\x1dA\x5dl\x60\x5e\x0bc\x2a.X Dltgxd.eFaIqeV w\x0a\x3bbvf\x2fq\x3c\x7f \x3e\x1b\x40Cju\x2fy\x2ax IAfuVcmX CdJXFsk !3\x3b\x7bV\x06ke\x24\x2b.\x2cq\x29\x5c\x7eWs\x3b\x0ba.GV.vo Em\x29\x7cS\x3cU\x0f\x169 \x0arP.NwXYIwV 425077.hezf O\x2c\x17Z\x2737\x08xJ.lunit.OxCLMny.IcrIrfbu zbKQ .BF\x2c\x1d\x12\x00\x60\x3b\x09\x15 vxmXEPDsB.oosY XHf  LTUYIT OnvoITr.Zi PSGUgm  \x1fo\x02yb\x2c:\x7cp\x2f b\x29\x1dp\x7c\x0eUl\x08\x1a \x0aFmZEdXA WyWN.821268 \x0a\x0b\x05\x17\x1f5\x5dk\x2f\x24\x15 \x0a0332129.QJtPNogg \x0aSpBkuS.760369837 O r\x7b6G\x07u\x10cr\x0d qDtdLpVc.epWaAvkv \x0a\x3ec\x06\x136Izs\x5c1 xqcDTaky.pNZdzGvDH yxKAsLId OVX u\x1b\x00i\x0c\x25\x08\x0drQ BNvoUW \x5f?y\x7f\x16\x15b\x19\x13X \x260\x0f\x5cETPBZw \x03</data></write>
    <read><delim>\x03</delim><match><data>Here are your results...\x03</data></match></read>
    <read><length>4</length></read>
    <read><length>20</length><match><data>8\x03M\x00\x04\x00\x02\x00\x8f\x02\xa9\x00\xd0\x01D\x00\x7b\x00\xd6\xad</data></match></read>
    <read><delim>\x03</delim><match><data>Give me your sentences.\x03</data></match></read>
    <write><data>zT.iLcBVR S.vMHnVsZ H ubi.EdNgjSRH vedyLnY \x0f\x19\x2b\x7e4\x0d\x3cRJ . rDiRmWfX VGN\x27V\x19D i\x28 \x0a\x3b\x7c\x00B\x7c\x0c4\x1b\x1bT bi Ab  B\x28\x13\x3dL3G\x00\x29 LvN\x0d\x5dp\x5b\x25\x0dZ RuO zAMUC AjChaDnJjE l\x05CV4cj\x0eZu.Z\x60H\x2a!qyJ\x14\x1b OfVydtd YXAAeqjuq.bFnMyzN \x0a3974296.O\x5d\x3e\x2a\x18b\x02\x3c\x5e\x01  \x0a\x24.8j\x2b\x0f\x04Pm\x0b MSIkdACQTv.gWboj \x0a I.uoVFyFpei jNc ztCpdVLO I n\x24\x7bD4c\x3d\x16T\x13.923497788 Dcd.6614 PLWSOGGnX \x7dik\x18\x5dmq\x7c\x1fA \x0aAKaFBB UuoUtwa.Dj3YT\x02rSs\x05.bQvJuAUz oFphg kOHzScoYJ \x0a\x07y\x10\x2d\x2ahAJ\x5c\x1f.fog qpz WVfvdXW.nR.gXOCVk gQs CjetMW \x0av \x0aPZ QsYGnrAu \x0aDKFPFk j 1682333 OXwUvsMld RI\x1c6fJ\x24\x25mp TKtY.\x3e\x1f5u\x5f\x7e\x5d\x175\x2b.mUVEov \x0afTzYTHflfo.PAEqFMCGC P gytBEKVD YCwpcnpe eSAopJuk.432099866 QO \x0aaVRAzzlr \x5fq\x26\x1f\x160\x0fJ\x0bf \x7dd\x17\x40\x05Lz\x2fk\x08 \x0a5413298.P!L0.H\x40eg5 \x23\x09\x22\x18\x19Fw\x0e\x7fE K0\x60\x7b\x5c\x28IUJ\x5d 6\x7e\x15\x14GvqD\x06. KX CrBqji.ykjFyiFcg xOHRRnxqL \x18\x3e8c\x0c\x3e\x22\x5b\x5fm Kg.\x0aVc. n BiQSG IOeozbV ruDAx t\x3b\x24\x1c\x14\x2aB\x26\x12\x19 PgSlStB.67 cjP.eERY.tyMUS \x22\x7ew\x2b\x7enE\x5f\x1b\x1b.C \x0aJHTDR KAjcAS 20312017 t.89438 \x0a6441356354 SvTuvr dpgArGCwL Z\x28\x1d\x5fAZI\x1b\x23X \x0aIrvyDyMho gxN  \x40\x16\x3e\x1cPPCV\x13\x00 Bla PnZf ryzSlPrrfL 34330356.9B7!\x3cqjS\x60\x02 vR lHDsNXd Gthh.HI q\x17wEg\x0c7rM! ovwcbZfHOk fcGarU HMlPx.LqN aAU va2\x02P\x29\x28\x24\x01P j . \x03</data></write>
    <read><delim>\x03</delim><match><data>Here are your results...\x03</data></match></read>
    <read><length>4</length></read>
    <read><length>20</length><match><data>\xd2\x03g\x00\x06\x00\x01\x00\x14\x03\xbe\x00?\x02\x60\x00u\x00\xd6\xad</data></match></read>
    <read><delim>\x03</delim><match><data>Give me your sentences.\x03</data></match></read>
    <write><data>wgfNvhu.K\x0al4\x7dP\x0b\x06\x0dJ.h9z\x5dA\x27\x7cm\x18t HYjYUR PBFCMwYow sQN.iPH \x0b\x1ck\x01\x40Mr\x10o\x5b.oEk fmwbRTwiZm sqI.VwH.lgARrf \x25O\x5e9s\x11sC1X.R \x0aSV\x7d\x13\x0c\x5c z\x7d2 ACqq gj.feX.nxRfFbmuM \x0f\x1c?xO\x18c\x04B  \x11\x3b\x14\x5d.u\x1f9\x1c8 MAgkNiCYR Wur\x2c\x15Ay\x16x\x15 \x0fi\x7dhZ4\x17\x04\x22\x06.kLZwbrwVS.LZsoUz.c\x1b\x1f!gw\x5e!a\x25 I\x13wx\x1cX\x24H\x18\x03</data></write>
    <read><delim>\x03</delim><match><data>Here are your results...\x03</data></match></read>
    <read><length>4</length></read>
    <read><length>20</length><match><data>\xea\x00\x16\x00\x00\x00\x00\x00\xb7\x003\x00\x8c\x00\x08\x00\x23\x00\xd6\xad</data></match></read>
    <read><delim>\x03</delim><match><data>Give me your sentences.\x03</data></match></read>
    <write><data>XJ LdT J OvnMcdh \x0aCnY.iOYmVC .qQdS.295415 XEnimWky onHxFcaonn ffgfKCyGVk.\x1d\x08\x27\x26\x27f\x1dS3p G\x0f\x5dc \x23\x7f8P0 \x0c\x3eE\x0177\x1a\x3d3c Hxo   MNeK \x03</data></write>
    <read><delim>\x03</delim><match><data>Here are your results...\x03</data></match></read>
    <read><length>4</length></read>
    <read><length>20</length><match><data>u\x00\x0f\x00\x00\x00\x00\x00\x5c\x00\x19\x00E\x00\x0c\x00\x0b\x00\xd6\xad</data></match></read>
    <read><delim>\x03</delim><match><data>Give me your sentences.\x03</data></match></read>
    <write><data>TJfN\x094\x19E\x1f3 sxCmlRPI.J kLBkFDArj uCBn.\x19e\x40FfM\x15\x1f2\x05.gdUlIc UI\x08\x02q\x60.\x1f\x2a9  858952738.65446 \x29Z\x3e4\x00 m\x0dlD 0h\x7dJ\x12x3\x0ary pdP\x00\x02\x5dB\x60\x241 \x0aFabAlDY 2734 f kAbiCQP UEVJJhZ \x29n2\x1b\x1c\x27\x05ex\x04 ixvW D 53 Otfbe\x1cX\x18gO rZYvWCj.EKZ\x16m\x0d9\x23a\x00 8075.yRoklAUmp fq xUOvTxL tBWkGa \x0aeh.96 l\x01qY\x1au\x17\x22\x1c\x23 IAohg.MbgVlQh.LJ jePyyE.NQLbxZOLH.\x0amghkMAdUV Lpmf sXHq C \x0a\x0db\x11\x5c\x22\x17\x14k\x0e\x17 3\x14\x7d\x3d\x0d\x04 UW\x2b mOjctTthpV lAwIeU.KqRQp TyufQOQ.\x0aumL xwqxgdHKKD tgXe 2514 qORm  wti gyRUBpy 11412045.x\x3d\x04jQ2u\x24\x23l.\x3e36T\x01\x2b\x13w\x2bq.JBwCzJD  79713 \x25J\x01\x1e\x2bcU\x2dZ\x10 \x0f\x2ba\x23g\x09\x7f\x00N\x2d 992 h\x7d\x7bN\x1bN\x1d\x7f\x19G Xv\x28 WOlU\x29\x09.LGMyZgOn :eq\x27\x29?w\x7fha \x0aw\x11\x285D\x5cQo\x25T rtPafainbs 2429137 gDNblshLzT \x60!wwvixe\x1a\x2b 4818 ajGkTtEAs.ss blu6bwv\x5e\x60s \x144\x3bYsF0\x5b\x7cR.y GhBaFBi MhN pzlFK \x1eI9\x04\x7cG\x11\x11\x23\x7c XkUT \x28gL\x3en6\x5fyUu.JIa 08930534 lbzJaBChrF o \x0a Jd qTIE.\x0aUjBFsmMWKU \x0a\x1a\x09\x5fq\x113\x136\x60\x01.CvF WVmE.c6\x0a\x28\x04s!3M\x7b pdjtU B MMvAbhupTw.t OtvKRryDNm 495611318 \x0a\x1ebI\x5dnz9\x0dYd G u\x24f\x08\x2b\x1d\x05V yM wC\x0d5XRDo\x23I..z uARFmd \x0a\x7blon?\x15\x1bV!v 5604 \x0aHNUlQEYYe \x0aOm wJ  XQEaKH e\x15\x02\x26\x25PF\x18I\x2b. k eVV. ngSOASVREz osL\x2b.\x17j!3\x2c.NjOgTHx.Ks Gwx.\x0a\x14\x04\x02s\x11\x5e\x5d\x5cqk \x1d\x06.\x2f7\x07d\x7c\x0a\x11 pUjJFwLR OsnRW YAkAHQ \x0aBofQmPfeUI \x0a\x7fJm\x2dG\x09\x3b\x3d\x06N \x03</data></write>
    <read><delim>\x03</delim><match><data>Here are your results...\x03</data></match></read>
    <read><length>4</length></read>
    <read><length>20</length><match><data>\xe5\x03c\x00\x06\x00\x04\x00\x0c\x03\xd9\x00.\x02j\x00t\x00\xd6\xad</data></match></read>
    <read><delim>\x03</delim><match><data>Give me your sentences.\x03</data></match></read>
    <write><data>cqcPvCH.2373381063.h\x5bc\x5eJ\x17\x05b\x2f\x29 153295 rsvTDxd.OPDkKFE.tp.vbZ T Z.DTuLJ IetTG.\x0acGIkAPsVi..vnekEnWPGp ZYx.Y\x24w\x3c\x2d\x1fX\x23M? vBXx\x0eEL5.\x60.GTwc NDjwGUq \x0aASZsOhyksl \x18\x16E\x09\x7f\x5e\x1a\x05 9.Mahi \x03</data></write>
    <read><delim>\x03</delim><match><data>Here are your results...\x03</data></match></read>
    <read><length>4</length></read>
    <read><length>20</length><match><data>\xa6\x00\x11\x00\x02\x00\x01\x00\x8e\x00\x18\x00d\x00\x12\x00\x18\x00\xd6\xad</data></match></read>
    <read><delim>\x03</delim><match><data>Give me your sentences.\x03</data></match></read>
    <write><data>gaLhtFnH tCx.ZSBKcg.x\x06odi\x16\x18n\x04Z 439624 gLFs hHpmBWM \x7d\x02\x24AqT5\x28\x3e7.wb \x0aswj hBnZ 50337901 GiVl.wmDi \x13\x3cqzg\x3e\x12b?U 6KCg\x3cBf\x2fK\x3c dPyvikpbcx.nZ.9220375 ImYZ LbplVfEdQh.Wfp btju .\x0eR\x23\x60g\x3b9Mw8  CGwrxrQP nRVXhLkSL PZtEACbEUx.KYxSrbjc.\x3bOi\x0dZ\x12\x0f4LX.IXS YJbEj.G BCcmQV w XnrzRKdwpU tuUtb  W zvbfWzl OLmIt bfNtsPLq Sn AkBXGkUkbT.cppsEfdDxk \x0azCz 0883 bwJHD.rNVi\x1c\x2b\x07\x04\x17\x0c.\x0a\x02Z\x08\x5c\x2cpQbM8. rAOobifzKr.Jpcxp.RuyvZ \x0a cYndrUgBNz fDs IsDeWe x\x7cvE\x02gL\x0d\x28\x7b CbGZmeKLVL MFl\x1aCkpa\x05\x11 \x22Qy\x5e?l\x22QO\x1a ebLuJFofJV I\x18\x3b\x1aX\x10\x127\x17\x13 9006533379 ebmo.NkAQi VlGaS.SmC xCydQfT 5127 z:\x60.9\x06\x7b1Ga \x27\x19\x283\x01\x0e.n\x2at WyjVJQ.SrHXHLz aa Yr.PUAwmOzC.A\x3cy\x17\x1aYN\x40a\x29.t9\x0fVO\x15NZ\x2c\x3e LciqoJ xMHA AcNZpw..VhhmzeGd.uYQpnxpXOV \x3b\x17W\x16w\x24z81T XjV Tt 9202.vYnGifnMJg GfASjMcWx \x2f7\x7e\x13 2\x23DV\x7b.\x0aZdEAT pSO tk QvyxilIQV khvekQvr o\x0a\x02mO\x2do\x16!b 993 GKjG.XmCce.gHt.Bw\x13Y\x05C\x09\x5e\x5fk ijfNlVaK  hGamR \x06y\x18QFmu3A\x09.pTiy vqapaUpDHa.2987005.nK\x1dCb6qlf\x0c.JMo 0846 HkVuENwDL WD bwWpo \x0axpAaMC \x14\x2an\x29uIsI3\x3e mobiwrkFQH. LvdSp \x24\x23\x0fM\x23mhCAP h\x13\x1cc9B\x22\x0c\x06l Vziyp.ZeKUUcFGR cmje\x3eNF8T\x01.N\x2d\x0a\x17j\x0bD\x28C\x0c  .\x03</data></write>
    <read><delim>\x03</delim><match><data>Here are your results...\x03</data></match></read>
    <read><length>4</length></read>
    <read><length>20</length><match><data>\xb1\x03\x5f\x00\x04\x00\x02\x00\x10\x03\xa1\x00\x60\x02N\x00b\x00\xd6\xad</data></match></read>
    <read><delim>\x03</delim><match><data>Give me your sentences.\x03</data></match></read>
    <write><data>S:A\x7f\x23G\x2738m jaxE.rJlT  gqdbTj TeqocOw acGvfPZyDW KxNwOq aBIGckWgh sDvAeFxVh.otteWa.\x0alHgWIV \x0aGLXLDdM.nwvVmYcdt \x2ff\x17\x2fpL\x1d\x283l pIh\x3e1\x29\x13B\x60 .w JcU cBPeqfuE wdTxjPph H KBtxnBPlk 249 kpRp 497 .\x11l!uS2L\x152\x11 \x12\x11.\x09\x06zp\x2b4\x19 c 6130.8559832291 Zx.wyLmmfEpZ PJlwHHZVPX.A SwRupMJcN.\x0aquoXedU X\x0f8E\x01\x23S\x17Is.dMHVdJ uzy \x25\x1b Y\x24\x19\x403PJ..\x0aTv.pqlcN\x13E\x3ey\x25 MjpCHY TL.\x0agiGXU  aPESnFIQJQ.\x0as .SBJeD G wEmv 7575230. !\x05F\x0179\x1bI\x19\x29.357247.xN.xwP.lfkBAN 5 \x0alYAMiLC.mfZMqzbJ RnKlKosYX.z upOe AjOYWJuuY.yKhRiCX UGGkthbjIV 95\x01A\x0d\x09\x07dU\x0c 0377297387. .hXWfRDG.\x0aErLGrpFAW.6s.\x5d\x22X\x0e\x3d\x7fQ \x0aPVfLkfm.\x5fh:\x2cNZ\x1b\x11J\x09.ambAaSAoqI BwEvNcij.doVN.GKQLER h.xt \x0a\x03</data></write>
    <read><delim>\x03</delim><match><data>Here are your results...\x03</data></match></read>
    <read><length>4</length></read>
    <read><length>20</length><match><data>D\x02\x40\x00\x08\x00\x06\x00\xe5\x01\x5f\x00n\x01:\x00\x3d\x00\xd6\xad</data></match></read>
    <read><delim>\x03</delim><match><data>Give me your sentences.\x03</data></match></read>
    <write><data>l 95\x26Z\x3b\x40!1 ISnWtmRIK 4 TvdNeU.mvX spHujRArL Ioa.:\x2dC\x7cjss\x06.\x1f  ZiM\x2cx\x7fSoQ.\x5d\x02xdkdP\x5ep\x7b U\x05\x14\x02.b6\x1f\x1fi ZmOMUFXZX.K \x0aWS.Xir VBYI.81834046.gp \x0aBmdE..\x0a5589129 WIQdqcbEM.CC \x0aR\x2d\x05?\x00\x02\x16pv\x7c gBk.\x0aL\x2bV\x1eLMaE:\x24.\x0ay 1\x605J2Z9\x05\x22\x00.ZCP W DgeCdIZ GwKUqmuPQ GFEIoMWvl  TKn dYn.QP F XqDzArQqM a \x01WJslH?\x04Q\x2b jJP\x0f?Gj0l\x28 .FN gsKOS.kfelgomv QvYaNMt.qvrkZNHRrV fUH 96749.\x0a\x2f\x5cYy\x60\x7b\x0c\x01\x22c.J 0N\x7d\x11v\x1cG\x1bp\x10..Jj\x5blm\x18M\x1ew  sdsvvUjW OuvN HNxjW jFMHG wP \x5fPJG:D4\x0dt\x5f mxQ. se\x3b0\x04t6\x02\x0e\x27 etxU.TVdrxW q4e\x08\x0f\x2d\x1b\x29\x27\x15.\x15\x09dRf\x0eM:\x7fn jeY 0\x17\x09hR?\x1b\x29\x1fj.\x0a9 edQbP iIlbO.\x0akLaizA.uPZiBFgMCo 1774 wqwCqeNkvU.STPPsAERbi.PTpaZAdITp.Q vKsNJypI tUT.b7\x3e\x3eD\x19bUqc Xr \x7c\x25\x3d\x08i Ow\x3b\x7c i\x60Y\x1aYXw\x2dH\x08.RWrUgbIHZ.ukyHCU.\x15XJy\x13\x28\x03</data></write>
    <read><delim>\x03</delim><match><data>Here are your results...\x03</data></match></read>
    <read><length>4</length></read>
    <read><length>20</length><match><data>j\x02C\x00\x07\x00\x06\x00\xf6\x01t\x00u\x01\x2a\x00W\x00\xd6\xad</data></match></read>
    <read><delim>\x03</delim><match><data>Give me your sentences.\x03</data></match></read>
    <write><data> 755985 NrnaHg \x29\x05\x2c\x5dU\x29q\x2c X.\x0akJoUjh.Q.59150633 \x13\x01\x18\x3c\x3eZ\x7cuH\x7d 788 H\x23ly\x0a\x05w\x2dG\x17 \x0atcLX  tkpugzVH 28947 pRErbJsBzB.WQ sUwK \x0au 8\x10\x0c\x0eKPoBJx LK mbFNDHQ n 6vZ\x17\x25.\x1e\x11\x5b\x3d waecqYuWqM 4Lop\x07dTk6\x1b.m\x40\x2d\x7c\x5c\x60\x1e\x08\x5fT iGvKWvoJJ   \x0asHOaW \x0aOde.QTwQGEynul UHLzybCd \x06:\x13\x2dCQ\x08\x0c\x19k.uayTKkNVNS.9520155443 MPTEtEv.\x0aUVx f pPULTsMa ik zW \x0a RUUkMcfW oagZRaI Eot. 161806830.\x0apNgnO \x0abZgIMbxEw.NhfjJdYnVM GnSwUhVDkN wYz 4 jGef.TrKr 91 ChXBWp.\x01q\x1dPd0N6\x5d\x1b qD.\x0a\x7cP\x3e\x5b\x09\x0ay\x3b\x7b\x13 4081. VoeNFU LWgDQU DOmYQlNOG IYY \x10a\x5e\x1dc\x18\x2bN\x1b\x23 .DIKK.pljzRh HTZ TO \x0aeoYMWhk DOYaLWZnd \x0a.PktEZmQkS NduFgUrYU  Z\x1e\x3cM\x22EF\x60\x1eV.cIQAalP s\x22\x3cySP\x7b\x3d\x06\x2b.DSFsEVMJ \x0a1452517270 NX AXps  jH zaKX.\x0ary quvQFynM.MQxduIZYSS xmpiXRHXRq bxS \x0afIx.PQlyVTmExx QkqiWmXFKE.0\x18\x1f\x2dgMMf\x7fw 3782903803 GCcAjXk \x26R\x03</data></write>
    <read><delim>\x03</delim><match><data>Here are your results...\x03</data></match></read>
    <read><length>4</length></read>
    <read><length>20</length><match><data>\xb1\x02F\x00\x07\x00\x05\x000\x02\x81\x00\xa2\x01K\x00C\x00\xd6\xad</data></match></read>
    <read><delim>\x03</delim><match><data>Give me your sentences.\x03</data></match></read>
    <write><data> \x40\x0awI\x3e\x60\x0b\x0c:. euG IUuLajCFP ?GNA4vT8x\x14 yPc.MRkHQnFtJA YRXldpC \x3d\x17h\x09AM\x06H\x0f\x0f.eXYhbc KJfPgy.7v\x40n\x28\x40JZ\x16o.NVuJGJpOWV pDOIJjVK 2\x29\x24S\x0d\x5f\x0c\x5b\x10\x23 Zgpd .\x29\x0c\x0a\x2c\x13\x09C\x3eb.DPKS..QOiALu.\x0aKSZCfT AmwIULb.ThO\x06f::\x06eg.5739.39 \x0aubwC O\x0e\x5c6\x3dR\x19\x05lk WRJBbbN nKHEBwBc.voi \x23m\x04A\x144\x1f\x13\x09\x0e WRqD P 556347 lVgDhY.yqke I\x1f7\x5fOL\x0c?\x02! 154363323.XsAZdKx.mfi.pcWEAe.hc7\x40\x0ak\x28\x10Cp a\x5b\x13\x5c\x0c\x19YS\x07m gqWbpZ IfEmjSo.jIJnxzds 2\x25z\x16SH\x1b7\x29\x2f.bbFASXKwo 8748 960612 \x0a QRGuCi mKeHim .YmnYtMQu .\x15\x2c\x09iM\x2bZ\x02\x02\x00 \x29egz\x19C2t\x0f\x14 DhHOmxRND QzDRMOhgiG zRJocrY \x5b\x7d\x5b.\x28\x27\x26Z!\x10.jYhnm wFiGF usvdPpxZmK \x03</data></write>
    <read><delim>\x03</delim><match><data>Here are your results...\x03</data></match></read>
    <read><length>4</length></read>
    <read><length>20</length><match><data>\xf1\x01\x2d\x00\x03\x00\x01\x00\x93\x01\x5e\x00\x26\x01\x2a\x00C\x00\xd6\xad</data></match></read>
    <read><delim>\x03</delim><match><data>Give me your sentences.\x03</data></match></read>
    <write><data>858899 o WWCG AAJd IY wHmHMERNH csoj VGyyc ZirP \x0auF 53tb\x17\x10.W3\x1b.RAK dCd DCCzsdQ \x0aZqkMui.iNi\x17!\x1ea1T\x2f \x0argE367k\x5c\x08a uo Gad Uq \x0cc\x1d\x16\x26U1obh WO mGk \x5ciV\x1a\x1b\x2a!Fev gxcQUk.\x27:YJ\x2f\x07uD\x2aa t\x40!\x5dv\x3b\x2d3HP \x08?\x3e\x23S\x07\x23W\x7d\x11 ePCXJ.oJx vwlQ n\x7e\x19\x7bX3a\x1awa.  \x03</data></write>
    <read><delim>\x03</delim><match><data>Here are your results...\x03</data></match></read>
    <read><length>4</length></read>
    <read><length>20</length><match><data>\xd9\x00\x1c\x00\x01\x00\x00\x00\xa8\x001\x00\x7b\x00\x10\x00\x1d\x00\xd6\xad</data></match></read>
    <read><delim>\x03</delim><match><data>Give me your sentences.\x03</data></match></read>
    <write><data>LAHjqGJaQ QNyRYza.GyTj \x0a\x1a\x01\x3e\x2f\x0f\x0am\x12Em  VJsKTXqloL.OwRmmD. BwJ LaYY.\x0azhRbX 414402 uOYjQRmTV.vjeWRrk.VtDsv HMuPDwKX.kYFH.GZjkDdJ POHUsKUd GXvzrZ 9032 \x26d\x01WTzFX\x5cd xSbYkeg 24546 \x0aFevQldZjS.FuZJXO Em nokkmkNhJr.QnpzTH.xSeyXiZV CFBSJud .1728395595 kEXlvhtlX s  lCBXj x \x2d\x1aQ\x08jbw\x5dI\x2b sxEebjb nnABp 8a\x08F\x0fN\x60QG\x7e C.Z ZyllsyPjb \x7d\x2aS1?G\x16JQU \x2bRN\x3d\x29\x09\x04r\x5f..Og  bjnxMkpc lL \x0ax:\x40ewW\x23k6W znifLqWNV ECWpMybyv t .cCNplSm.xpAKT.W\x0epP\x13\x11H0\x04\x03</data></write>
    <read><delim>\x03</delim><match><data>Here are your results...\x03</data></match></read>
    <read><length>4</length></read>
    <read><length>20</length><match><data>\x95\x01\x2d\x00\x02\x00\x01\x00W\x01\x3e\x00\x15\x01\x1d\x00\x25\x00\xd6\xad</data></match></read>
    <read><delim>\x03</delim><match><data>Give me your sentences.\x03</data></match></read>
    <write><data>nYjRsZPT gtpptdAG OIyaiY oPqxU EcnobzEFr.bqDXOeX.tBoEGk OAmkQBgz.\x0aLOqr L. 684229 npYAta.woobbcCNzN.K66\x14\x3d.k6oj VsGTpzNc j\x7e\x15\x2f\x13\x15\x27\x0eZ\x13 QdNvcXUHz.OuCOYThU \x08\x14a\x19\x24\x1e\x15\x1eFO  BiqOiZPpf ZxRWC RnFd.AKiXBHdP \x03</data></write>
    <read><delim>\x03</delim><match><data>Here are your results...\x03</data></match></read>
    <read><length>4</length></read>
    <read><length>20</length><match><data>\xbf\x00\x15\x00\x02\x00\x01\x00\xa1\x00\x1e\x00\x8a\x00\x09\x00\x0e\x00\xd6\xad</data></match></read>
    <read><delim>\x03</delim><match><data>Give me your sentences.\x03</data></match></read>
    <write><data>bcQ KcZvfG.RvqmwdHpW UnevZeGOd MfAsEhud a FqLR.KiOc WQRTV kspRvJluV jXrAwn\x60\x0e\x28f erQk uWkr\x0b\x04rmaK CAr.SaezzyfAB UiucxpFup.QsjrgAYZIq SztmdYo. GgwvN.\x0a683.928134 kQSBw.fjysXEjw.SPYGH.\x0a \x5f\x08\x7fcXt\x2f\x01\x10\x22 f\x00\x119\x0f\x02\x170\x7ff \x1eyk\x7f\x16my\x1cz\x0f.\x0aicwEhRND xzQZLOQMmk KOxsGdgLPs RDe pllx.G.vjsyYtfqbz.\x05\x10da\x12\x2cE\x01\x7e9 DRkJ\x1e\x5b\x3e\x01n\x0b Ai.\x07xw\x18\x06\x01ro1\x5b 03419.7\x07\x2b\x0aoC\x22zhN qkQuQ.GAB IkggZIJz RNEPOpHPj hzYNASOMfK.gn IOcIuSklz  \x0aFEZzv bKA iuSe.GdaQDuAfhJ.djxJ.4364 Z YDC\x16\x5f8\x15\x7bD7 f\x5bb\x19BkHOt\x5d q\x09\x19X\x1a46\x1b\x0e\x0d.114866.BM YMUpsVhi sOK.zCRzg 160875974.u\x00w\x25\x23bTRL1.gGK\x19\x1f\x2b!\x5em\x0d 52853.l!jvq\x07u\x0e\x17Q hGXKsIvgf qEOxP.kNxvNOou YSzW.NxXqYWaHxA.wEyC jpbnhDuq 2. SLUJwVuzTK.iNcdgoZMb u \x0aVQ \x08S\x17\x5eS0\x04\x7f\x28\x7b Yc VIumNR \x0alQqNfnnI.HUyqWnizw .q EdRfFsr  \x7fk\x13at\x3c\x06Vk5 MLx.\x03</data></write>
    <read><delim>\x03</delim><match><data>Here are your results...\x03</data></match></read>
    <read><length>4</length></read>
    <read><length>20</length><match><data>\xa5\x02E\x00\x05\x00\x03\x00.\x02w\x00\xbe\x013\x00\x3d\x00\xd6\xad</data></match></read>
    <read><delim>\x03</delim><match><data>Give me your sentences.\x03</data></match></read>
    <write><data>3d\x24:\x19\x19b8\x0e\x7f.iVsLlx \x24\x7c\x07\x5fV\x0f\x5f\x05rB lwQWQN Gd kUTRnQ\x1e\x08\x01P gsItCvIzzu clfd 2 4682071522 LdNEF.\x0aWogjwQR hHpmkC.2M\x10w\x7b8\x0b6\x180 oW QvKVvYdf 7583967892 pZqRlX MkqvSwBTc sySbkWac hufxXZaEl 280250532 wSdOFhwcUe HtcCbAvL VzcZdYdNT azUZg 5w8hS\x0byE\x2b\x0b eniVkQm.uaNRShtvt FZjOqaa oxmKIIW AnGDIBQf bC.yjzbQc.cyqPFHZuJ a7\x3b\x7d\x15\x07B\x1bb\x15 rc.cY \x06\x2a\x09Cl.Ws5x.\x0aac0\x3b\x106\x0c\x0f6\x11 \x0aLEuVdMX 515 nt 0204054871 RQNipC.  \x11iWk\x0by\x7cb\x29R tH.WQ.WBiQzJQxM c\x19\x0a\x23\x14\x2fW\x29o8 tEdeLTYD Fkg ad yQ \x01\x02\x24\x7d\x00\x0f6m\x04\x3e.RPRQRSnMXP caDAWH jPSwDQOcXw.\x06\x7f\x0b\x09y\x1ci0w\x7e 30037071.uN.\x17\x2dc\x60\x60R5Wa\x01.kjEF.tlzxiJZc t\x7f2\x10R\x29\x01\x22\x10\x1d.922 \x0apipFh .CXltfdiINf \x26\x22\x7f\x171\x1bn\x23\x2a7 mg JzPzltn.M.\x0elpi\x5b\x40\x2cr\x60\x7e siIXWFfn  UhDZcJumWb PnFZvFSW MF\x138s\x7d\x5cwN\x0f \x2d\x2dUN\x13s\x7bw.\x1b wAaX3J\x3dvc\x1b.DMoKnF 5022711527.RR nWZyaJyE MVAQGZsxO 926744438 olUD 10 aZXVc.\x5b\x0d\x00i9\x14\x5fBx\x5f ISHRlVR WxD:\x26\x5eK\x00\x18\x11.HRGHpQWc.Zl  KiiAMidFFr.DABn VsEK.\x10lY\x14\x40PMZ\x0br BR AyUIxvn d mpMlg knTXDfLpc   Xa\x132x\x5b\x22n\x7c\x1a 18 \x03</data></write>
    <read><delim>\x03</delim><match><data>Here are your results...\x03</data></match></read>
    <read><length>4</length></read>
    <read><length>20</length><match><data>\x3c\x03L\x00\x03\x00\x02\x00\xa2\x02\x9a\x00\xec\x01e\x00Q\x00\xd6\xad</data></match></read>
    <read><delim>\x03</delim><match><data>Give me your sentences.\x03</data></match></read>
    <write><data>lLnzIRmF.\x297o\x5ft\x04\x09.\x07\x7c \x04\x1dmq\x2c\x06h\x1fUl \x0aJ eAwKX 3193 AV.nWKoqQinQr.\x0aaVBWUnzRM Pbif zeEk dCMB.H.2205  \x5by\x1fR7\x2a1\x24\x2f.tNEu \x5f\x0bm\x29\x056zk\x0cq tdCZCRNh UzEOB.\x2c?S\x1e4O\x23v\x3eI dLDiYwV.wL.b\x03</data></write>
    <read><delim>\x03</delim><match><data>Here are your results...\x03</data></match></read>
    <read><length>4</length></read>
    <read><length>20</length><match><data>\x9d\x00\x12\x00\x01\x00\x01\x00\x81\x00\x1c\x00\x5c\x00\x0d\x00\x18\x00\xd6\xad</data></match></read>
    <read><delim>\x03</delim><match><data>Give me your sentences.\x03</data></match></read>
    <write><data>ODMdi.eR qnMeDMZqn sfNlTTdxDw \x0awP\x02eB\x27\x2d\x25\x26\x22.G \x22\x04\x12\x5czf\x221ev.BaKF b EzpZkBNjI G epalTIN.rciZiE XytfISHxh \x1eoiPC\x00\x05A\x19\x18 \x0aeqC OGlalFixs  glMo D.H YbdwlLewS.\x0a74240515..\x0ajK.nbEEk.DyNcQbAFLO  fT.A \x0a\x0e\x05x\x02c\x5d\x7d\x29\x25W  PCoBYqM \x0axVEdxybgXb \x0aYzfIWwjkxs d.Fz.zHaB.pFjmc MGaQK.522105 ulCDZlKKa SxGlQA \x0aBS.BZUDtq.\x0aYaCXAQWnG.vEG.H.vrVhWaGQd t\x5f\x04sX\x23\x047\x18P  Yr\x7e\x01gQ\x3c\x09\x12F gBz.hNdPHVkrfv.FHVKpL K\x29\x1cMZY\x40\x5cWf 8 uenouGt\x03</data></write>
    <read><delim>\x03</delim><match><data>Here are your results...\x03</data></match></read>
    <read><length>4</length></read>
    <read><length>20</length><match><data>y\x01\x2f\x00\x03\x00\x03\x00\x3b\x01\x3e\x00\x01\x01\x11\x00\x29\x00\xd6\xad</data></match></read>
    <read><delim>\x03</delim><match><data>Give me your sentences.\x03</data></match></read>
    <write><data>yKr XDnCxHl.\x2a\x02\x05A\x08\x1d\x2fF\x7bY YqSz INqTdv.DpNTrEwVqe.dJDqFaTgco.FCP.hF\x40LReO\x40qA.ETA oPs npi.w kuvj \x2b.\x40\x5d6\x1el\x23f\x0d i \x0aVMJte.p N \x0aK\x28Fo1\x04\x3bEq6 hBnKtUGl \x0aCvlLPCF.\x0atsWTYzRUSt nS3\x23a\x13S\x29q\x23  Xts \x0c\x5f\x14\x7d6\x5byO\x19\x2d.yfIPDOZbd V\x134d\x40zy\x3e\x10L w IYhR.rT eJbrKOF hpd ylBwMHatLu.OgtzYyYXSm VHBZW AZKMXmmv  EJ j \x0a\x17\x3e\x17R\x2a\x09\x22\x08i\x01 IZvDGTTyQO pQJSyrstN PeyqLj.aqacMMuWg.FoMuIq.r\x11xH\x7e\x11\x26\x5c\x13v.71  mQBMTYC EkCUirRnEL 3\x22dc\x7b\x3b\x5b1:\x28 l\x2bz\x5d\x13\x28:4\x0a\x04.je.94 \x5bB\x13FMoy\x7dr\x14 HWA8\x03</data></write>
    <read><delim>\x03</delim><match><data>Here are your results...\x03</data></match></read>
    <read><length>4</length></read>
    <read><length>20</length><match><data>\x94\x01\x2c\x00\x01\x00\x01\x00N\x01F\x00\x07\x01\x0e\x009\x00\xd6\xad</data></match></read>
    <read><delim>\x03</delim><match><data>Give me your sentences.\x03</data></match></read>
    <write><data>IaaLX D.NiRBYru. u d\x00f\x5c\x5f\x3d\x5b!\x0f1 qDAf\x2d\x04Y\x5d\x7fq.jGl.hTKbHEwc 0971.rT jN.Exc \x24\x1e\x5b\x2aW\x2d?AZr lCEIk.60427365.39.KcQ.WePbkhERI dfmB BxKMaxF RQyGjHIQU.r.tIgAhVgF ZZ.u.8\x04\x0d?fa\x2f\x1b\x24A ZqZMxEs  hPDSxJbeT vyZeUTHhA uMmq Y \x1b\x5f\x2a\x0d\x05\x18\x0c2J\x5d.AYuMP.S\x08O\x25\x23R\x1ck\x06K zpFQaf\x26\x5e\x17\x1f ZMqYBye ZukeEZAu.\x1d\x2c\x1e\x0c\x0dg\x19edm AK\x01\x7f\x08\x60N\x10S\x29 wwmGBdrS YFZt  XoU \x298\x19\x26hx\x01\x18Mk TZSNx oTp E 0198 feJTMoTM bl.iPMoD.RLUYW 3 FtZe 19404 CQn.vRDRDj BJpC QI AlIzhyNyPP \x1doeB\x14\x00U\x2asG \x0a69 FElTgmV.jfSSt 69886 WbdNsr \x0aOXGUwjtgT PzuVLM MJolVskmg .\x7c\x7dfJ3\x24\x19\x1bEn  ghrrC 2757297155 M9Zds\x3bGFDK 0.eIgXp xrcgJ.GyOip  JLjHGOF cyBvAtpp DkeKBtc 5\x02Hg\x0cVC\x1a\x11\x11 YtLmsOdG  PU?t\x1fJDeU\x2f.\x2a\x0a\x05h8hqHl\x15 sze 14352 fVwIRJXaiB erRS.z\x08xZ.Y\x7dK\x17i OlMoDBPi RYgWnHEMS NyjHeJtDj xecKtQMe.HaYWIIYprO ggomEklcG.414.R KxTsodp RjTmONtcz TSuhQ.9\x29\x5d\x7dEMs\x3b\x15c.\x0a69348982 1 330485 \x0aTvFTbcY w JZwl.\x607Dy\x16\x03</data></write>
    <read><delim>\x03</delim><match><data>Here are your results...\x03</data></match></read>
    <read><length>4</length></read>
    <read><length>20</length><match><data>\xff\x02V\x00\x02\x00\x01\x00z\x02\x85\x00\xe5\x01K\x00J\x00\xd6\xad</data></match></read>
    <read><delim>\x03</delim><match><data>Give me your sentences.\x03</data></match></read>
    <write><data>2 ko6\x7fMw\x5c\x3dv\x3d  LgYEBJJeO.?8ze\x23\x29?D\x02C  ePRyUYRu cGZ yXBtQx AJw.\x0agpbGYXdN.RHzfYzuIbv Yuw Gh GZGg RC IhudaRkbjM \x0aqPpJoX eOofkuU 3148675863 oimVIgknHD.vy pQh FcmlujEOB.Ol\x1d\x11\x1ei\x1b\x2bB\x29..\x07\x143lesK8Is .eHYzvMb 41782 gh ObxplOdrKP \x270\x3c\x1dq2\x1e\x04\x05\x3c GnnquKcz SO 0934521155 qhZYc.\x15S\x0e\x7f\x5cn:H\x12\x0b.OMTUcTgQ.ppNvon tyDpA 8928353859 \x0a85621 5AQ \x1c\x1eD\x5bI\x06 \x0af  MvncIBXH TlEuJLHGBX \x0adNWXWtqlPd Uh.WhgbSDNDBv QfT c\x1c!o\x0e\x0fgz8\x01 \x2cY\x0d\x2fpU\x13\x3dSf \x1f\x1e\x0a\x04J\x186\x3d\x079 6635 BQAdRUOR.\x0azjkodtq wdwToG.\x0aqAjqJ.\x0aELrOj nLRQPr KwIG.kkvtXxcnga.T.ulrL mPeqj.zfy.UuAk JxReN.FoUgLNYPOI tjnh\x7d\x10\x3c\x17V\x5b KwCst sWNWNvl.cOwePovh \x1bK5\x04e5\x0158\x7d.gGkXs \x0ao\x60t\x01mM\x3bjD\x25 AWHuNmTAYF fnPyLN.\x0a wwPLFOTMz WW bXW rFsuhHdX .\x0a\x7b\x11Cy\x5dg\x2a\x2a\x7b9 MyIHo FF.zFXWtl DkV 0188324349 .777 H\x7e\x5cI\x0d5U\x1e\x27\x10 HfEzSKMxh.QiLbJcAp MDmXsZM KBgcKen UGpx JTB.nY k \x03</data></write>
    <read><delim>\x03</delim><match><data>Here are your results...\x03</data></match></read>
    <read><length>4</length></read>
    <read><length>20</length><match><data>\xd7\x02K\x00\x06\x00\x06\x00W\x02\x80\x00\xcd\x01J\x00\x40\x00\xd6\xad</data></match></read>
    <read><delim>\x03</delim><match><data>Give me your sentences.\x03</data></match></read>
    <write><data>q 68219952.xWRUsrv.36341743.zSGouwQuX.VPpuw mTNxG T\x7c\x00\x1a\x2c E!\x40\x01.ZjgvBYxrC 3829 \x0asR.QQbp P \x0amzModu FnCXbdMr LnTAMF i AwQ g\x5d\x14\x0d\x5e \x1b\x7bRq U k \x0aFtqMvJzuo FFpCPwKlyo  Yc \x0a.\x03</data></write>
    <read><delim>\x03</delim><match><data>Here are your results...\x03</data></match></read>
    <read><length>4</length></read>
    <read><length>20</length><match><data>\xa0\x00\x15\x00\x00\x00\x00\x00\x81\x00\x1f\x00\x5f\x00\x14\x00\x0e\x00\xd6\xad</data></match></read>
    <read><delim>\x03</delim><match><data>Give me your sentences.\x03</data></match></read>
    <write><data>rWY \x0algRhhYT cH\x26\x02\x28\x5b\x1fI\x0dH 278474340 573581318.KMJOlLSBa.296.\x0aqMklCyXVn 812 l.mqDd ISteHMxbfl \x0a.CIevhkLz TapOsxv bZUdFWEnmB 6\x24v\x5d7\x051.5\x14 \x0aUprclT VgPvudjGD He3\x08\x16k\x22\x40y\x13 57 hG.ZDqzlWy NNCHjG.VwppsOd.\x0aI\x3d\x15AOK\x5f\x18\x17\x5c TDeyi \x3d\x29\x23\x7e\x3cw2ueV.\x0av\x00\x12j\x28\x02\x3c\x1a.w wTrzYJYK WYMOpF \x18\x3b\x5d\x3c9\x1f\x1fLGw ocBvXh \x0afcufxxu.6959412.\x27zIj\x5d8\x60\x02!\x00.:\x1380\x08\x2d\x12\x1fU\x13.AlfxEOYR RaQYX ctTGokQtz 8403 eK ugAAk.FRRJngY dk \x03</data></write>
    <read><delim>\x03</delim><match><data>Here are your results...\x03</data></match></read>
    <read><length>4</length></read>
    <read><length>20</length><match><data>b\x01 \x00\x03\x00\x03\x00\x23\x01?\x00\xca\x00\x2f\x00\x2a\x00\xd6\xad</data></match></read>
    <read><delim>\x03</delim><match><data>Give me your sentences.\x03</data></match></read>
    <write><data>1\x10G\x12C\x1fh\x0dwS Q yxoZQIrv DxzBhIIpB CUREsxzuq \x29\x16\x7e\x5ecogv9\x3d \x0adixIFNjmJ 85494 Gmy\x2f\x18 F\x05B. vuHaGqL xE ahuGczsrHO 9026674015.6SAM\x1d\x3b\x28\x0ao: SJLX.tJRueN.\x0a \x04\x60MT\x0dh4j\x22z.q\x16Lfc\x26X\x1a\x1e\x25 ZSdhGBRDs \x1b\x24\x5c\x11\x7e\x2b\x5e\x5f\x1a\x1f \x0f pWsX\x00\x0a\x26\x2a CWp 2254206.\x0aucwKPC F\x3c\x18W9\x0d:\x7cx7 mDm \x7f0.Ap\x24\x18\x2c:G ShvpaxZKz.eNw KyMhDyaf. WPDJVeNiIA.vY 366.dcNwehDV IhALRowjI BhwPgT \x5eHY\x022\x3dLlj! 84 5wEHZ\x00Z\x01\x7f\x5d Oa.BgFuH 629 naMxLq. !\x28.\x1482vKwP g\x04UQTo\x18\x28\x7c\x14 483792 kK jddx. \x3cp\x12m\x0c6!H\x27F.\x3ce\x29\x1eCZ\x5e\x3c\x0bT gb QMmAoxJ.8. 0483.mzuZVCWzlk.BskJDVznkz.wgQs N SlrwUHZ u TJhKuiJApi kcllj EPeYtRPRG N\x1c\x17\x04\x3c\x2576z\x0e .r\x2f\x02xF\x05 \x24e\x17 O\x60\x01\x40\x0b\x289\x5di\x1d  tpNcvqMMY \x0eoSH\x17\x5cN\x2cub VtaiRcw \x0ax \x0aFUBtG.i \x22\x2d\x3cC\x29\x05\x2d\x1b HDMRqF.\x0avEdTAJ.dr \x0aFgMpOpLR sA\x0f\x3b\x5d.2\x5cW\x0c K 58287 deDewQODsj.G\x19.gc76\x28\x7b1 DjVYMDPyYS. \x00Qw\x03</data></write>
    <read><delim>\x03</delim><match><data>Here are your results...\x03</data></match></read>
    <read><length>4</length></read>
    <read><length>20</length><match><data>\x9b\x02\x3b\x00\x0a\x00\x03\x00\x17\x02\x84\x00\x7c\x01A\x00Z\x00\xd6\xad</data></match></read>
    <read><delim>\x03</delim><match><data>Give me your sentences.\x03</data></match></read>
    <write><data>d RPmkixP.o ol huN  :tII\x10:\x1a\x60\x25S.EdmeF24\x1eQ\x11.106145980 JdoQIoyEYb  U.Z.\x0e\x2c\x07\x5dg6\x1b\x19\x15\x5e ZHYwSEaV.pZULmOGQy  ErbnztMTO L.Vw \x15\x2d\x26\x24t:l\x1d\x09\x10.PKSjYxnIl wTLIOqGXt :\x13\x11e\x06CKvP\x7b  FCe bs.hGP AfD TdKu gtBi pmlEDDU b 7708703 NVtrnIYpoy \x1b\x05d\x11G0Q\x273Z W KpTq KzScj .Qby.. \x13\x29\x04uD \x04IN\x0e  FFSHKWshz OEVXmiFeBy..MT ttjgOoDseQ jPHhgwYIkH DYKRywB EgAUiZW 5\x00\x266\x27\x2dJEZw.CYg.757815 sB\x02\x5bLd\x2d\x29m\x04 \x11i7\x03</data></write>
    <read><delim>\x03</delim><match><data>Here are your results...\x03</data></match></read>
    <read><length>4</length></read>
    <read><length>20</length><match><data>a\x01\x28\x00\x01\x00\x00\x00\x1c\x01E\x00\xd9\x00\x1e\x00\x25\x00\xd6\xad</data></match></read>
    <read><delim>\x03</delim><match><data>Give me your sentences.\x03</data></match></read>
    <write><data>mBTPHJVUP mKeKKcu U wyG. 6415957366.bhRsRFSxL xawtRx\x06\x14\x25j A\x1f\x2a1\x1d\x11KV\x09d.ocTcrb.bjbLaYMEc rMxwfHE 5 WNdg bKBcEk zKM h\x7d\x1c\x60\x23\x1cZqo\x2b FPjFFYnvl.\x0a29ej\x5eK\x1fEy\x12 V LDQQnqQ QzZwvU 2057.ggRHPBZbYK.fDTLFq.dwHQH \x29:JMi\x04\x28a\x00\x02 z\x03</data></write>
    <read><delim>\x03</delim><match><data>Here are your results...\x03</data></match></read>
    <read><length>4</length></read>
    <read><length>20</length><match><data>\xca\x00\x14\x00\x02\x00\x01\x00\xa9\x00!\x00\x85\x00\x12\x00\x12\x00\xd6\xad</data></match></read>
    <read><delim>\x03</delim><match><data>Give me your sentences.\x03</data></match></read>
    <write><data>zdYqoxLUTy g\x2c\x5eih\x1e\x1as\x2cC \x052hT\x2b0k\x5dM0  vKZkeJtjNv \x0aRW\x07\x3b\x14dq7\x0eH PPMVno. VnSDYqeRTz CsAk mJy uumxIbIL dE\x3c6vemnph X\x153\x3e\x5e\x14\x09b\x16N BEaUbP DWC MwdvmVD 2 A  \x03</data></write>
    <read><delim>\x03</delim><match><data>Here are your results...\x03</data></match></read>
    <read><length>4</length></read>
    <read><length>20</length><match><data>\x8c\x00\x0f\x00\x01\x00\x00\x00n\x00\x1e\x00\x5d\x00\x07\x00\x0a\x00\xd6\xad</data></match></read>
    <read><delim>\x03</delim><match><data>Give me your sentences.\x03</data></match></read>
    <write><data>ZRBzdkX YsMM K \x12\x3dzR\x0b8InL\x1b iO\x2d\x04\x07\x3eqw2\x05 Adr KJIv U.\x0aqrGoahH.oyDdmZ  FyiYyVEtPF \x3cux\x14iFirEa lnXkNGDbc \x0aTpGSjK DQ.AW1!WK\x14\x0b\x10I.\x0a MaKgq xGpJgugzd. \x01s\x19X\x25J\x28s\x0b.KrYsvm ItXPmkQPsK \x0apDAv rsWei AsUkxPDWV.qm\x09aS\x40\x07\x26!x 15865854 .\x0aZ YslghoKn DnSoW \x1d\x0a\x1f\x01\x12BI\x605i.qdJk M.4sAvOH\x29SW\x7b \x0an\x5d0\x3bk\x7cFh\x60J MrDIf VatjvHPwc okARq reQxHOEms lhpV \x19Ac2\x22\x19M\x5du\x23 xOBPcBkGZ RyA \x0a285914 Rs 803 bjNnxzBusq.HdWEIZ HWLmtnUmkY 7C\x139Bx\x0d\x1bUP hgyGKe vFNha.oqQHkhw.oQOHDuQZ.56096867 Ges oVXXG.fVWP pDtv.tOMXlLsbx \x0ae.Mh.7\x0b8\x27\x60P\x5f\x28gk.bTQVNKxfS.OgTbKnnuY  wRxWsWTNk \x08\x1be7\x04\x19O\x3czC bt RnK Zcg L T\x08\x5e\x179y\x24\x17\x16\x01.HBjBrSL.\x0d\x7bNn2\x01OX3L cKodMpVQV IuoJyzlyc :Yt\x1e\x1d\x7b\x17\x0c\x1ed 77992641 440.q\x2d7O\x7e\x15\x27m9\x17 Xk \x0aCsDQNV.O\x25\x2aZ\x1b\x7co\x247q FAxhtqszub e.hY\x1e4vYPiQ\x27.oOmtZUcUX CKPixYJlg.PsV tUNf \x0a\x22\x04e\x10Y\x02J\x25\x0fG De \x23\x0bC\x0a\x24f\x0c\x19lu  wTw AARj.O .hOUKbyKj.vDgcpRErjc K\x18B8V\x26\x0d\x06Y\x5b BKTG CzbqIL  SpH.lfz\x7dUYS\x60\x0eZ LewicakK rDOvaIDO m WqZ. vcYQXqCSO KC nxNOz qeTqWlLf XFH. 71.401505567 \x0aK.6\x03</data></write>
    <read><delim>\x03</delim><match><data>Here are your results...\x03</data></match></read>
    <read><length>4</length></read>
    <read><length>20</length><match><data>\x5b\x03a\x00\x06\x00\x03\x00\xbd\x02\x9e\x00\x28\x02D\x00Q\x00\xd6\xad</data></match></read>
</replay>
</pov>