<?xml version="1.0" standalone="no" ?>
<!DOCTYPE pov SYSTEM "/usr/share/cgc-docs/replay.dtd">
<pov>
<cbid>service</cbid>
<seed>fe946fdab70960c45b770160a481b7cae412912761564f8d0fb7831c6fd2e517f6cabfc8adfb7d7c77035877fade00e7</seed>
<replay>
    <delay>50</delay>
    <read><delim>\x03</delim><match><data>Give me your sentences.\x03</data></match></read>
    <write><data>MUgAWGk.Mi VY PZiOJgzprX \x0aGIyifv.b\x40D\x13\x05\x3c\x5dyl3 wpsQ \x0agtLYdnDYHM t\x1a8B\x29k\x0f\x7cf\x2a.uBMMNbXydZ  hbgcHXR.iaZVc kEdpxOmuw.JpKOY.EOA CchCQpCAbd \x0aLzzs k YlM j v.jumvWnmr \x0aCvll qSHFdZgQr apJE \x0avcwQYMCn \x02iV\x1aTTv4\x2cE \x00\x055\x2c\x5fM\x07t\x0e\x2f DK lfgDTZKLbX .z\x2c\x7d8?6\x7c\x02w2 \x0arBH J\x03</data></write>
    <read><delim>\x03</delim><match><data>Here are your results...\x03</data></match></read>
    <read><length>4</length></read>
    <read><length>20</length><match><data>\xef\x00\x1c\x00\x00\x00\x00\x00\xc4\x00\x2b\x00\xa7\x00\x07\x00\x16\x00\x7d\xc9</data></match></read>
    <read><delim>\x03</delim><match><data>Give me your sentences.\x03</data></match></read>
    <write><data>dktU.Mtm \x0apYLbQtIXCY dauxTl.i\x0d\x3b2\x5d\x17\x3d\x3e\x5e\x2f \x15r\x0fd7\x1e \x17\x19\x2c  GvJraAI \x3bQvdzk\x5bd\x09D jqwdVTJSh dOO 8511126269 yW QhyKx.xEaHF\x7b\x7e\x18Y\x2b YIgdCQth 547.BWGAvtYjd TI  jbKtTGW.cw.X\x10r? VaAJ1 MbmEvAhfo.gIwBI.UQ vdvSWOexj nfMcc .JGtqZZrVrl 50\x28\x5cp\x3d \x28O\x11 \x1a\x5enn4Hb\x29\x5f\x02 ffFV Q\x2c\x10u\x14\x5e\x0b6M\x04 KtrvzGY kZxirSgv 038.\x17I\x00j\x04Df:b\x2c.dxJokhfCJ.\x25\x2a66\x0eUY0G\x3b RNBPibtVXw.v.OqSDe yYIwn.\x2a\x2bW\x057\x08\x2b\x7bt4 NiRgvdQLW 4.\x0aHXEBZ.768 dATAeu \x0a?8\x2c?fTg.g\x15..v\x5f\x19\x1c\x7dvf\x08ll  \x09\x06\x2c\x0dqo\x09\x3dFd 612.NhGgztmqA TtG FjfTELD..542304 \x60\x0735HDt.V\x5e JVgVi.RdyFlhQeW gozqpBqz. \x0abjjhvVux.\x03</data></write>
    <read><delim>\x03</delim><match><data>Here are your results...\x03</data></match></read>
    <read><length>4</length></read>
    <read><length>20</length><match><data>\xe5\x01\x2c\x00\x03\x00\x01\x00\x94\x01Q\x00\x25\x01\x2c\x00C\x00\x7d\xc9</data></match></read>
    <read><delim>\x03</delim><match><data>Give me your sentences.\x03</data></match></read>
    <write><data>MZ \x0a.\x2dS\x7dxuSe.b\x0e sJvgP uGCbVDrkw beuOHj.\x0a.2\x1c\x7d\x1cPa\x18\x5cI\x1c Fodx 354140277 KFizy yv \x0a9511914635.346482735.\x0aQTtH  hpBVmxNu \x5fai\x22T\x5f\x19 \x08a.\x0aOvJdxYjB oCrpNst r.McbbDHH.\x1fyuy\x3e?9r.s kcrDEGuC AQ BZJQx \x22F\x1bHb\x02f\x13!p \x0aM.ljhM MOGrJdLn 8942.AsvRPudS PrrDZY.hGcNPAsI.Y.PiQdszvsDx.BT.biIZGBFsrN .q\x09\x18G.hW\x1b\x7c\x02 .\x0arUW\x1e\x2b\x1dTucX.Q\x15v\x5fg\x01\x7eH\x3c\x11 UA\x03</data></write>
    <read><delim>\x03</delim><match><data>Here are your results...\x03</data></match></read>
    <read><length>4</length></read>
    <read><length>20</length><match><data>1\x01!\x00\x04\x00\x04\x00\xfc\x005\x00\xb5\x00\x22\x00\x25\x00\x7d\xc9</data></match></read>
    <read><delim>\x03</delim><match><data>Give me your sentences.\x03</data></match></read>
    <write><data>982902 sZSjWpc.\x15D:j\x2cMtHDB ujFB qgrP .FWZhOdIj FFyeIbU \x0aVQPfBCbih 0\x06\x00nz\x19\x29C\x26\x1b.LG WeNE \x0avJEVtHrMEL fDpgoFu xGPHfK \x0aHTejybc.G\x25\x23NZ\x0fk\x23\x5bd udzp GyKtSRqAX \x3b\x02dQv\x18\x1a\x010r.JCCBEXuTC HrZPKaedz.014873478.\x1bB:\x7eKaY\x0bOu.NNmip.\x001\x23B\x07\x23h\x24\x7b0 cN.06338.ONyYSRL.P\x082f\x5c\x3c\x2f\x2d\x25W Gjjv \x29\x19\x28\x13bBt\x3b\x3e! \x0a\x18\x5b\x28qU!Ag\x7f \x0ahVZHn 4835658279.SYV 0Yu\x2f\x5c\x40\x0aB\x18H XHCCmA.cwil OSkpYLVIi QF \x17\x5dvtu\x3ef\x3b\x24\x12.\x2a?\x0e\x5bi\x01\x1d\x229J KkSsSVrLb \x0aAh.\x3c8KN2\x1b\x15 ha.\x2a\x3d\x17m\x2869\x17pX.nl Xpb\x2d\x3e\x3d\x1e\x27\x0c\x5e \x04i\x1e\x2b\x60\x1b\x3d\x13P\x17 JPnrJJ eqfZIwO.d \x28\x28.57 GgH\x7e knQ\x19\x3d\x26\x3c\x2ay\x04 OBCfe s qFxyDFlzI U\x17J\x3e\x23Pwh\x0cI bRilfUPS .\x28aNj9\x16J3\x3c\x05.cPvGZInh PfmfxrnAk Bk\x06\x1bv\x056\x14Q\x0f ZbwV B\x15b1\x1cLC\x26\x1cN 91953951.njpZpwoPT lam UWGVwF.t OJhZJcxsrM H iNKpDz.LIy FzFf h PJLsiIqzo hovcVFU sxvGr.\x0a QUjsQZdoF YE.\x0aBxTpXYLkZ OnZ 722.\x0arloQRroSDM.IaKszXdtc 9\x19\x1b\x5f0\x10F\x2b\x22\x5c IK qeQjaTMabV.\x0aAm.\x2cQ\x5fS\x02\x0fM\x5cr\x0f EED DQYUHycgY  Ao\x1bAu\x09\x1f\x0e\x7d7.H\x5d\x26o \x60\x3dlW\x7b uL p Wo\x14i\x3e:\x1c7Ok 0\x24\x24\x04\x1cVZ\x7ex\x0c AATvnedOv .\x2d\x245\x5f\x0a\x1f\x1f\x10L.WOANZarqD IktGrr CgdfoGEAMk p \x03</data></write>
    <read><delim>\x03</delim><match><data>Here are your results...\x03</data></match></read>
    <read><length>4</length></read>
    <read><length>20</length><match><data>L\x03U\x00\x05\x00\x04\x00\xac\x02\xa0\x00\xf6\x01\x40\x00v\x00\x7d\xc9</data></match></read>
    <read><delim>\x03</delim><match><data>Give me your sentences.\x03</data></match></read>
    <write><data>\x0ei\x7d\x5e\x17\x07.R\x17o.brfdQN HThFb lCAfMNAQ jPn T.VdxAZBcN.55\x11z.q\x5dvP\x0b.\x5c1jQV\x26R\x0b\x07D stUetgpAVk \x5d\x0bP\x1a\x1e:D\x256\x19 \x7dKwUrsSU\x02i 10560 ATJCROk n:\x23M!\x04\x25o\x3d\x06 cHCb tCfpkG s\x27\x60\x7db?\x0bOK\x2a   iKUreqN.TyQ.CapxJQsLB \x09\x1eu\x60G8w\x0b!a 665438 \x18omgJ\x28\x3c\x1aWb RTuyYcWe.L uSvzXChZNU.\x0a977237277 fYHDfb. 828.e. \x0aEDgnO.dzTPqW he \x0aZYFUaIi \x2f\x3bhzhK!z\x3bU hyKjfoEQV hubrMg drr jhtOJ crawMPWrG.RiOh.\x07\x0a\x13\x18\x1b\x07n\x7e\x7ed \x0aks\x0f\x7fm\x0f8F\x09o kFIKrE.\x0aWVhHxfdGMc wXQCn sp\x2fUEbtbG\x16 K ZoaoazFaK X bE ODg RM.N.\x0awMkJyhO.paJtDqZg xQ GwNJAxMQ.NES\x28g\x28hZ\x0d\x3b \x40\x40\x7eO\x18eW\x1aF\x07.K\x29\x27\x19J\x7ft\x3ev\x16 PUJ LFvJS TQYgE.qwaZNWMAn P\x60\x18Gq\x60y\x16qv.NDk.mViDieaH \x0aj6W1\x0bg\x3d\x0c\x13\x0c ZatQShFk \x05\x17u\x24\x1ewZX\x5c\x0a tPFoCCdc \x2a\x1b\x25\x11K\x3eh\x5b\x5eO.puiMrEJDiA. qBcqB \x5ebP\x1cg\x3cv\x24P\x05 wW 91501 \x0anzTH.u juu 7OH7\x00jQ7Y\x1d.jJIKgKw Q\x2c\x3evW\x16\x17O4d. zxmhoczdRZ.Jzl.lVSXwGyQC LXV:g S\x28Bx 96 Z K \x03</data></write>
    <read><delim>\x03</delim><match><data>Here are your results...\x03</data></match></read>
    <read><length>4</length></read>
    <read><length>20</length><match><data>\xc1\x02O\x00\x07\x00\x03\x00\x3b\x02\x86\x00\xb9\x01\x2a\x00X\x00\x7d\xc9</data></match></read>
    <read><delim>\x03</delim><match><data>Give me your sentences.\x03</data></match></read>
    <write><data>32963048 QjLjxK kOjHDyu.\x0aAiKS VWkLSEFC tMiEnZ \x0a 5\x7ea\x17\x7dg6\x05\x5d Cz q \x0aTxTiQwmmqD DdiUTvXGhd 127 ZXaM 8\x04\x2ado\x7d\x0a36U.\x0agrDDaBwoDQ.isgs k 517 yHxHgbAUVi \x0ay\x13\x7f\x28F\x14a\x02\x27\x7d .\x02V7\x00cp\x02SN\x0b URnueOGpU DvxnQhox \x09z\x5bX\x24\x15\x18Iou \x0a68819349 g\x2co\x11RRE\x2b\x1fk !\x2d\x40\x23h\x23\x11\x28\x04W yxc bRxxCb \x0aB.\x2a\x0f0\x04\x16y\x02U\x60\x5d mK uG \x09F\x27\x19\x1b\x7d\x1f9Q\x0f YyEWyuoTEt.cIFRfNzk mR.R\x2dQY7N\x5boN\x13  paXe \x0a\x2cJ\x26k\x19\x3d\x5fO\x2b\x25.Fgp.\x0c\x60G0\x1czO4wM AhVzZ TT\x0d\x2aMSs\x1b\x19\x2a \x0dGn\x3b9 v\x0c\x40\x12 nUCungKCl y\x0e\x3cW\x60\x0b\x22\x02Z\x3d \x0a442786022.xkkBoIxM FV\x13\x3c\x1eisPO1 8.\x0aNTlqvpqYJ g.H\x10VK\x15\x7bL\x11\x2fz 8206504 Czajh\x19\x09\x2aCF HKlSVR.\x11\x5c6\x13ob:Ew\x25.ycMyt iouSVzTeF lUhO \x0aLj\x0279\x3c\x02K\x5ep yeQxEpZuah \x0axTZ 163896456.tSWPPlwQ stf fnfEAK \x09s\x0bA\x292\x7f4\x40\x19.xn\x23\x24iT\x28\x0bb\x5f .fRZbCvs 7aFjNKF\x10\x7bx Fx \x29\x0a\x24Q5\x2a\x13\x13\x2c\x1f.\x28\x0c\x1fRe\x0bFC\x1fC vMTu.L cxiwKrM.wN myxT\x1c\x3d\x12\x12\x17p X\x14\x070tJR4\x16c.\x0a667272850 v\x15\x0e\x1d\x7f\x2crrv\x0c. \x06\x40\x12w\x067u\x08\x02J MPOOszZb.\x0a3 \x1bnm\x01W\x22\x093..fyzODVO SNPuo.\x0aRZadGTdw vVfSfdUsTW W1\x13L5\x29w\x1eA\x5e. QOCL \x2b\x04.\x1e\x1a\x3b4\x08\x7c\x0a.oC. yyTcp.tRboyFM NvuZL NcuLc kzWjYMyMq PBIvd.xdqJS8\x1f\x2cGr.\x0aDixcF FjYGFaNC \x02v\x2d\x01\x1b\x0d\x0e\x19\x7bB hpErHGwRYE NRFBIeTM\x7fa.JIUiPVxw SbCCNGZv c\x12T\x06WB\x1c\x02\x05! \x0aaAoih hRAUJrRZm S DuQouBVbO e ISzF.SQEYRTD FWCxt \x19\x7bm\x13wi?\x5btf VFpw\x03</data></write>
    <read><delim>\x03</delim><match><data>Here are your results...\x03</data></match></read>
    <read><length>4</length></read>
    <read><length>20</length><match><data>\xd7\x03Z\x00\x0b\x00\x07\x00\xfc\x02\xdb\x006\x02V\x00p\x00\x7d\xc9</data></match></read>
    <read><delim>\x03</delim><match><data>Give me your sentences.\x03</data></match></read>
    <write><data>TQFkJ \x0a!tg7geKqoi FDoXAZDIkv mXNqlT.\x0a485775841.vocAnG.\x0a\x1b\x1ePZg\x27\x3dcq2 bCleGIlx.qEGkPD eJDO \x2d2C\x7e\x04V\x09\x16\x2b2 \x06\x2a\x7d\x7caqV\x5eH\x5c mefIcnzV.vsg\x3bcxC\x0b\x1e\x5b MIx \x3d1\x02DQz\x7ce\x5fI d\x18M\x2cXu\x5c\x0amk pwGP!H\x0bTSM.EJIgHUXQr. VR\x2aR\x27Bz\x2axP.tkDCUBaf ie EYYNwqkXd.\x0ajhkYsSzOR bJGIhDqAE \x24wNR\x28\x1d\x1c\x02O\x10 Cs \x0aqQDRmvsK.MykOTTFOe KnLUQN nVjDCmVQ.\x0aEqL ureKPdJ.\x0aES.lJEn eLjPdVnDol \x3ds\x00\x5ciHbq\x25\x02 lJpNngYEtN.vPAsChw.KlCeZQAeUt shdTnV \x0dM\x7f\x15m\x1eP\x29Y\x1d.HycANUwzdc mLOkmyA \x0aaJf.\x0a\x08\x3b2V\x0c\x1bL\x10\x24g . d5\x25VG\x1c\x16\x7d Ny.CKYTuDCzg UXkMwxOSOQ JfDryph rcf.viRdTAs pB PvUNGJnMga \x0axK\x15vQ R9\x05\x22 sPzG.eT\x1aXD5\x7e:\x22\x11 \x0a2135  kd.jy.TFXaCjZ Qlv B k ghuT 611 klSBMIz \x13y\x28T\x7bBUhA\x10 UanMAth nqHMx.hstIqPbD dqRGmboj 34392 4640063740.uhaSvpG RafW.\x0a8307439281.vb\x28\x28:!\x60\x2c\x14\x0a XNmzU \x10\x18\x1eQW\x7eL\x40\x0a\x19 x\x1a!.\x1a\x28\x00q\x3b\x7e E8T\x1fVCjE5B DvqY \x0a546388196 37323 pimFXMPS.dJC.37816034 .XifMwWE.r IO0\x7c\x23mk:1d zsedRlKGg cVtMN  DbUvbvMUs tu HoP TEkJPi. cYt 83255268 wF\x0bC\x5f\x02I\x7e\x28N ZOz 973 XnSRevuN \x0azxhrCtgNjg \x0aM.\x7e?AD\x7dIQ\x5ed7.JtDN \x03</data></write>
    <read><delim>\x03</delim><match><data>Here are your results...\x03</data></match></read>
    <read><length>4</length></read>
    <read><length>20</length><match><data>c\x03T\x00\x0a\x00\x07\x00\xd2\x02\x91\x00\x1b\x02X\x00\x5f\x00\x7d\xc9</data></match></read>
    <read><delim>\x03</delim><match><data>Give me your sentences.\x03</data></match></read>
    <write><data>\x1eS\x09\x0f5\x7dkm\x0aP.wCP \x7e\x40Lh\x2fi evpcetQL h 127390.EjxNIG.\x0a?\x18op\x15\x19\x2b1pE.MnZfzko dSTZRC .PBaPWWznds.XapCPvvL vrDcSxfaN \x25\x1e\x11\x02W\x00\x0c\x1dQ\x29.k89?r\x1bd\x23\x2d\x1d.\x0a i.\x0a\x1aq\x19\x2d\x1a\x1b\x25\x7dy\x02 RERzbKzn.\x0a.eLXJVnS NIeHwrWE.IVtIDDjLAo JpZ 818027024.dGD 0oG\x1d\x27e:\x7c\x7d\x5d ggGiyffdfy ecRGlUVBKk.wCEDQjAXvn.iPPr.\x23\x0fz\x5b.8\x7e\x25\x3cE.dnui.F 8\x07h JL\x3db \x3d.\x0aWDDdNioWo.yIEc.pgjDA qzBs 99062 QHs.r.u KuwIeCpx iJEQNyXMLM XGXDJ W\x7f\x14\x7c\x17\x23n6\x5c\x3b.OQAHVpa \x0a gBuepu aCseaIh 224 xnjqsOO.vZgjdCULB fbM \x5f\x7bx\x28z\x10\x2b\x3dA\x5c R:P\x00?\x04\x18Z\x14K EMhrlVbraP jRzH M ML.BYPZ.\x0c\x3c\x15K\x1a\x0dS\x1dIY pHul.glIEfwXS uzNokwYcYi HWy  s 4742998 rAO PJqTq \x0aVaATPqnV vXkZ \x0a\x5b\x7f\x19\x1bc:9\x10vX.\x0ayNosaUJ \x7e\x16\x40\x7e\x22\x7fx\x2d\x1f6.JSJk.yrn kmoM.rDwHb .VnHrNfSXJ.hY \x3e\x24G\x01Wb\x0bo\x0e\x1c o\x2b\x0e\x297\x5bJm\x044.g\x2cIS\x1c\x10\x19\x1d\x603 LgEW.1459 qYslWCG clCN kmm \x12\x1bJ1\x14\x24\x5dR\x08\x26 tSrElyDBIH.\x0aBKLDBNWBV HUmiqfaG atKnyjaYg. \x0alxzj \x0aRy sUzAUf.QCl syOFq \x1f\x06\x0d\x3b\x18\x60m\x7f\x0fD .  e\x1e\x03</data></write>
    <read><delim>\x03</delim><match><data>Here are your results...\x03</data></match></read>
    <read><length>4</length></read>
    <read><length>20</length><match><data>\xf1\x02R\x00\x09\x00\x07\x00\x5f\x02\x92\x00\xcc\x010\x00c\x00\x7d\xc9</data></match></read>
    <read><delim>\x03</delim><match><data>Give me your sentences.\x03</data></match></read>
    <write><data>nbiPjax UlxC11o\x03</data></write>
    <read><delim>\x03</delim><match><data>Here are your results...\x03</data></match></read>
    <read><length>4</length></read>
    <read><length>20</length><match><data>\x0f\x00\x01\x00\x00\x00\x00\x00\x0e\x00\x01\x00\x0c\x00\x02\x00\x00\x00\x7d\xc9</data></match></read>
    <read><delim>\x03</delim><match><data>Give me your sentences.\x03</data></match></read>
    <write><data>240.l\x00X!laRJ.H CkzIGFCjp \x0aWuqWxNE VNOcWxuypQ zNIJWNjoaR  bacLr.LqXIqHTZ \x0d\x22q\x22 hnK\x2cL 31 \x5d?b\x0bBN\x08\x3c\x0cN.MPSVTUwZ \x0aHyVJ\x12ZP\x15O\x24.PVOWAi 96535 LB.\x0a7892712.\x1aK\x15\x230A\x23\x2aR\x7f.sGWRotQixk U\x1bN6.\x3b\x7e\x2d\x13\x19 rMNlukjy.kuTmaHu pgJGO.gRLleHSGFy.hjtZyzwh.b!\x1d\x05F\x2cd\x11\x02y \x0a\x26w\x5cx\x09\x00\x12F\x09\x7e Kf\x1b\x0a:\x04\x5e\x0d\x11\x5f.atkYnzC.LVfartmjA. I\x079\x3c4C\x10\x7cS\x0b.\x0aVUzb \x0aFfOVaAUU \x0az.M.EdKiMPWr h\x40Av\x10\x06hVz\x09 ls \x0ajdnVw wTCiX\x3b1mi\x5c.\x0ajrAJ \x5e\x60m\x5dOp\x5fVCs 7\x07\x3c\x3ehjXbfu.fPiwGz.BzCKSQKVU \x17E\x7crX\x12\x00\x1f\x01i.\x15f7\x01\x29\x1fK\x04\x04! \x03</data></write>
    <read><delim>\x03</delim><match><data>Here are your results...\x03</data></match></read>
    <read><length>4</length></read>
    <read><length>20</length><match><data>\x9c\x01\x25\x00\x05\x00\x03\x00K\x01Q\x00\xf8\x00\x18\x00\x3b\x00\x7d\xc9</data></match></read>
    <read><delim>\x03</delim><match><data>Give me your sentences.\x03</data></match></read>
    <write><data> 729 VrAztFZSj.YhUCrYh.8A2K\x5dh7\x7b\x3d\x2c \x0aXtyB.qMzIVr KSVHp  PrEvOWl ngbCxXubmA Tqx \x0aqLjv \x0aGBk Q.\x40ZmK\x08:5\x25\x07j.67406620 \x0aOAYTBST z\x5cD\x08\x28\x04\x22iEr \x0aY.\x13\x25\x04r\x05\x3bo\x05\x25\x5f.00951942 \x0auPEnVBm vHLyP \x253\x04RUJvj\x09x 3 v azvn uL\x7c\x3b\x7eR\x14\x01O9 i\x03</data></write>
    <read><delim>\x03</delim><match><data>Here are your results...\x03</data></match></read>
    <read><length>4</length></read>
    <read><length>20</length><match><data>\xc8\x00\x14\x00\x00\x00\x00\x00\xa0\x00\x28\x00m\x00\x1a\x00\x19\x00\x7d\xc9</data></match></read>
    <read><delim>\x03</delim><match><data>Give me your sentences.\x03</data></match></read>
    <write><data>zjzBtTRXb.ladm.jUhOrXk pbRBokqjOU r.LLTapqxKH IiD \x1fGpEUc\x08\x16\x14\x01 Lt ZRQQxEKn Rnh EfWMuwAKu.eKTImMxkU \x0aq\x242 \x2fSTT3\x28 \x0atIW.\x0aoBqdH Czazyj.Fw.DaX \x0aIlLYX.\x00Z\x0d\x08\x27\x3c\x15\x11\x0cW.zDUaNcQzV .QWFMSnZJ  m \x5e\x5b\x249X\x3c\x27Q YuB P2ma\x1dH\x40\x1a\x5d\x0c.\x0aNwOeMq gFOFXgk.\x1anA2iE\x17Xs\x09 mrRxbv R plU\x1d\x3cT8O\x26y   \x04Xqd\x03</data></write>
    <read><delim>\x03</delim><match><data>Here are your results...\x03</data></match></read>
    <read><length>4</length></read>
    <read><length>20</length><match><data>\xfd\x00\x1d\x00\x02\x00\x02\x00\xcb\x002\x00\xab\x00\x06\x00\x1a\x00\x7d\xc9</data></match></read>
    <read><delim>\x03</delim><match><data>Give me your sentences.\x03</data></match></read>
    <write><data>kL \x0aNGynked.xrEDjQyXq.ZxX .qirf d\x0fp\x24\x26\x18T0\x08V.wJkTDLoZP fHxl eqlfuawm.IRk 0\x11\x06\x2dfMs\x7es\x18 :\x17\x25\x60\x2a\x03</data></write>
    <read><delim>\x03</delim><match><data>Here are your results...\x03</data></match></read>
    <read><length>4</length></read>
    <read><length>20</length><match><data>W\x00\x0a\x00\x00\x00\x00\x00H\x00\x0f\x009\x00\x02\x00\x0d\x00\x7d\xc9</data></match></read>
    <read><delim>\x03</delim><match><data>Give me your sentences.\x03</data></match></read>
    <write><data>OAPO ssoEIIiCE.AURpQFRmI 335.\x5fp\x3c\x7e\x1a\x07kd\x24D.Wo.Gb7\x3bl5\x2a\x27EG.IvIYuW mxhHEG.BL mBis RwrTyhc UxCxiXIYx.ZkMXjQj K \x0ar qrHbrSko \x0aSd fU\x00\x3e\x01\x22Ocs\x0f 2588784..hB.\x0d\x22\x17\x5e\x7fM\x2d\x7b\x3e\x7c xz 83. WwUFXpH.hS.\x16\x2fs\x23p\x0e\x2cJ\x0bK qAWmcCdjw.QJHGcB 03sn\x11\x043\x60\x19u d\x07S\x5du\x5e\x22K\x7c\x26 T \x0admOvo ErM LTzQMbgCN ttdIiW.\x12\x07\x7f\x3b\x2dLo\x2c\x0d\x3d fbXnbBxbRp dIsQuvq dqzolzmz.icOybi \x06I\x00\x14NQd\x06qk.iggJt.ZF c sKmZ \x0az\x09\x0e\x1a\x19CTrR\x0f.\x0azO eraXZoFFcH WubtMP.zoMfxK.\x0ajLRd QQyvdKZff 670 \x27x\x24fdC\x2fa1m ZUSSGpl Krb\x1a\x09\x14\x04L I.\x0a\x2ap!AKW\x0cUz\x29 WWVVI  .\x0aKzZL Y.\x0a \x0a\x2b\x1cbZO\x15\x2dP3\x13 yUitQes Oz0e\x102n9Gu  QqdS.ue iGi.\x0aGwpHoti giFMrgDLrX.\x0asunsN KbYHNI.  \x03</data></write>
    <read><delim>\x03</delim><match><data>Here are your results...\x03</data></match></read>
    <read><length>4</length></read>
    <read><length>20</length><match><data>\x0e\x02\x3e\x00\x09\x00\x07\x00\xa9\x01e\x00P\x01\x19\x00\x40\x00\x7d\xc9</data></match></read>
    <read><delim>\x03</delim><match><data>Give me your sentences.\x03</data></match></read>
    <write><data>\x7bcEFp984\x07e.16553.T lJrOxOzRtj KnKX M \x1b\x03</data></write>
    <read><delim>\x03</delim><match><data>Here are your results...\x03</data></match></read>
    <read><length>4</length></read>
    <read><length>20</length><match><data>\x26\x00\x05\x00\x00\x00\x00\x00 \x00\x06\x00\x15\x00\x08\x00\x03\x00\x7d\xc9</data></match></read>
    <read><delim>\x03</delim><match><data>Give me your sentences.\x03</data></match></read>
    <write><data>fCvgcZ vps.qz.U 94444.\x0a\x19\x15\x13SL\x18\x3dx\x2cI YxstbZgWeA fpeVY pSMu.TAhr xPJHy \x0aX.A SXHq XKJWOtqWm lIV.fpwmVch ohoPSpZHG wTmHXUNYf.XaXgicioO  z dtRua \x0c\x05\x275\x08\x08\x1a\x1bG\x22. Hb\x0a8\x18Yl\x09f eUxezL.\x0f\x1ez\x5b900Y?Y lkneHNi lzJcXGtck PTdy.PojyVOD.iVOhGaDYlY.qNkZ 760 iF\x3e\x7b\x0e\x0d\x0fr\x07y hVJlMNx  ZskdCdp eZemQxWkr goQ T fcftz Tx.WEPHsbkNr.sY\x22\x60d\x1c\x17\x10AB \x1bFy\x2ai\x7bvgzZ.MDkxf om bzspDYAOs.LhTLEOMGa dqtZ \x06\x23\x05V\x10:D?\x7ca \x0ab. uBWdn Mzyt. g\x17\x1c\x1be?y\x28PA.IKPZsYPA gAeRwsgP TRdncc FciP  Yrluho.3732464369 \x7bv\x3d\x7fb\x04\x2a3\x5c\x17.006969149 .GAz \x0aLMVaUmUzsd \x0aTj H 7ky\x07FcA\x5ee\x5d.UTFcie \x06hK\x2d\x7f2I\x24\x7e\x05 uu.nAcdxewj UNPzsgB 70 j 88715.BDRN ACoc\x5e\x5c\x2d\x27\x7e\x7c.CjP Z\x17z3A\x12\x7d\x1b8m.\x0arjpKAsv \x0aOevgmAfxLh cMY \x0aJuQFOXYyZ eRx.\x0aZVxrPxClJ.NOaWxtx 6 XPN \x24K\x09F\x263\x1bC\x11\x29.\x7fQ8\x0a2\x2dV\x7c\x000 LCzlXYQpBy O 536929.yPmRMFND JExBC.s Ud.\x5c\x7ee\x16sK\x01\x0dx\x0e hlB  \x0a AMIpVbCG .ubRP.Qd..79 \x0a YTsGYMs fbGCKiJQtb \x0a\x3d\x22\x27\x1ff\x19b\x17H\x1d IW BNBKNsYc SVAjAtjGw.g\x7f\x24\x1dGkNvo\x3d BIdob hR  tAOiF.cOxM EucC RKevDMKx.0647 \x14\x00\x2a\x5b\x17Nq\x7fS\x02 \x0abvlf. ZFn citht \x0awyF  \x05q\x16\x13C\x2d\x3cI\x19a.BcOjJMzuf kMWN \x5dL\x1cth\x04\x27\x16M4.X zyKpIM \x16D\x3cn\x16\x1eolK\x3b 902091092.4931271152  q\x28\x03</data></write>
    <read><delim>\x03</delim><match><data>Here are your results...\x03</data></match></read>
    <read><length>4</length></read>
    <read><length>20</length><match><data>\xbe\x03m\x00\x07\x00\x03\x00\x03\x03\xbb\x00O\x02Q\x00c\x00\x7d\xc9</data></match></read>
    <read><delim>\x03</delim><match><data>Give me your sentences.\x03</data></match></read>
    <write><data>q \x0a:z\x04\x26\x0f?\x40nD\x2b uipnTfTUyo..fhYRHLf MVmJc.Wks cTefM DV c UCOO \x0aboqutMB ehBugFR Ndocx.\x5b\x3d\x18\x23\x14\x0d\x06\x5d\x00\x02.\x0allMTKzGWgM g9\x7f\x60\x05Xa\x3e\x3b0 \x0ajo 4129145140 NtkESjLlG.Knp 3u\x00 \x17f\x1cNT\x3e \x7bD\x7fB\x5dI\x0c\x1f\x26\x0d GevIKu az\x1f\x12\x5d\x5ctwN\x2b OittWCJq.ASc\x01\x04 \x2bO\x29\x5d.HfI \x0axJz.C\x7eDm0pA\x03</data></write>
    <read><delim>\x03</delim><match><data>Here are your results...\x03</data></match></read>
    <read><length>4</length></read>
    <read><length>20</length><match><data>\xde\x00\x14\x00\x01\x00\x01\x00\xae\x000\x00\x80\x00\x0e\x00 \x00\x7d\xc9</data></match></read>
    <read><delim>\x03</delim><match><data>Give me your sentences.\x03</data></match></read>
    <write><data>A FI sAYxU fy0\x5f\x0a\x2fW\x2bU\x09 VkD\x7bTFj\x5f\x0fD.piEvdk 533903 VJjpsIr xPwrBF MCFCDcSrD lTGjILkUqr kJjgc 174665316 K\x06\x28\x025U\x08\x05\x07\x1c.URoLtYkdm  FzYma hBFiKARiH Hu\x00Do8\x09y\x0d\x3e yPLa.\x12YX\x5e\x12Y\x04OF\x00.\x18K\x22\x3b\x29\x25f\x1c\x01\x3c nQLejG.FdeP.V\x0f49\x29k96\x1a\x10 opgikshaQV.wMISfbTVB.86r\x10.r\x7dQs\x04 aMSag XyeWdcmy \x7d?\x1cFB\x2d \x1c\x3eM eqhklbB.uIzZyf fUUr.qsQ 987299 iNnQ.3 Ij XSXffH.21.rBXaBq awHgjAS XqB CQUeTEiiNR  TAtyHmSnb \x056n\x40KGz\x5eB\x08 lPTr AUOCfvL.HMZCedtIL L.bQfwVIDwkd.Uz 166737710 p\x5e\x1b\x3eC9c8\x02h \x7bBz\x28\x06!Vh\x08r  Z 2229 \x0aBmvb.6V\x10m.\x07U\x7cv\x1b \x0a\x7clN\x7fUH\x5dP\x16\x09 DxkweMgjUM.\x136\x1b\x051\x2c\x2f3h\x5e \x1c\x22\x2c\x28\x13\x1d\x7eweP  \x13uZmx\x16WG?\x0f QfoE.\x00zS\x601\x5cP\x25O\x0f YuVHvZWq.94 \x0b\x16\x16z\x0bGSclf \x29\x3bO\x07:Xe\x02\x09K zMFhDGo 364548 MNhVw.m!\x5cVj\x3c7wx5 .\x25\x7c\x5e\x2dQ5NE\x2b S OuhHz nePxWlqRKG \x0aVvmhqHMnP \x08DP\x10\x15\x09\x09E\x11m hWv.\x0aYnjrknq.KJj 6723 ZlLX.b\x00L\x2c\x1a\x5b\x60JEg v rB WWQ \x0aUmMm.JVdyWwXDHx XRkGEBsWFC keW. TDog \x0a\x27D\x0c\x1a\x0eU\x01\x3e\x0ep  QbhK Pv.Vqthh \x2d\x29g\x14t\x0f\x40by\x03</data></write>
    <read><delim>\x03</delim><match><data>Here are your results...\x03</data></match></read>
    <read><length>4</length></read>
    <read><length>20</length><match><data>\xff\x02L\x00\x02\x00\x01\x00d\x02\x9b\x00\xc6\x01E\x00Y\x00\x7d\xc9</data></match></read>
    <read><delim>\x03</delim><match><data>Give me your sentences.\x03</data></match></read>
    <write><data>f.iCeVg.X\x5dL\x3cQbnGY9 vGl hkJfIzp.OVpRQjqe.Y GIeHlN LcNvW.\x0efm\x3c\x7cxHx\x3c\x12.SZz\x1c\x2d?dZwV \x5c\x16P.Gah\x28Mr.wNmEFp vISPtgBLib.t4Re3h\x17\x25u\x5e GKElSd .LDpWQV MEXKgJN .yPpqm \x12\x2dK1\x12\x17\x06\x29e\x1b \x0act\x00K\x1f\x13i3D\x2d I\x11\x0f\x07\x06a\x7dl\x0c\x02.ZKfJuU bBuEsV RKFs w8\x2a\x09!\x17\x2fy\x2bo.kyUiS edwaN.EowyTzY aFli.\x0a\x7b\x05UH\x01p2q\x29\x5c.GO I\x2dv\x18HVJ\x26i3 ApTUjX pyrBkvyNO.b.USTl yNzSTMXiG BN.YvY.DC\x16\x0f kX\x10bb  nuXXQYBo.hABniXD LWwmXxwFn  \x7b\x172\x07E\x1ax\x27\x1fc.?6\x40V\x243\x1bhO\x14 vnVpYff tKkGEwHfu. VLI aslhyX  4965178.\x1eZM\x1cJ0\x5d.p .DcNl umAD \x00\x02\x0f\x1c\x2a\x01\x25r\x03</data></write>
    <read><delim>\x03</delim><match><data>Here are your results...\x03</data></match></read>
    <read><length>4</length></read>
    <read><length>20</length><match><data>\xb1\x01\x2d\x00\x02\x00\x01\x00a\x01P\x00\x14\x01\x13\x00:\x00\x7d\xc9</data></match></read>
    <read><delim>\x03</delim><match><data>Give me your sentences.\x03</data></match></read>
    <write><data>MM \x0a HD 6099753750 .  8759199 okWm akd.xtPjXa I 31863574.\x0a\x7eh\x2a\x26\x04\x10\x09z2\x06.nE qFHTG vm\x29\x0bzt\x08?av sEUcVAwV.HLx ZSTWps wPMjgKHQ SAZqsTvTi.DnwnttubT \x0a\x5caid\x0fD\x0ek\x5d4.jHwCVCoyy. npnfpICDOK Ys.mr!HK\x08n\x7b\x7dy Nckwr.19 \x119\x2d\x13\x2fq!\x062   1282.IbwPgGe s\x1f\x5b\x044dl\x10\x2b:.Y.Ger Li. GsuKn \x0aHJVHI hSnYUwyuRz GOqfl..\x5c\x5djp\x3b3A\x0d\x08A IZihBMQA.nO CU CHr.fUZFcCpXNB JdXK Pf z.pibteD \x19\x27\x3e\x12n\x11\x12:y\x19 EOBc RgtnkD  AhJnJZc \x03</data></write>
    <read><delim>\x03</delim><match><data>Here are your results...\x03</data></match></read>
    <read><length>4</length></read>
    <read><length>20</length><match><data>j\x01\x2b\x00\x04\x00\x01\x00\x26\x01D\x00\xd8\x00\x25\x00\x29\x00\x7d\xc9</data></match></read>
</replay>
</pov>