<?xml version="1.0" standalone="no" ?>
<!DOCTYPE pov SYSTEM "/usr/share/cgc-docs/replay.dtd">
<pov>
<cbid>service</cbid>
<seed>51f2376056fe380528f9d6df7ce221d54e880b301d89236b7a2631ed06ca33907ca60c29e07ac6172d53e3891162a9e7</seed>
<replay>
    <delay>50</delay>
    <read><delim>\x03</delim><match><data>Give me your sentences.\x03</data></match></read>
    <write><data>\x2cNj\x1cvk\x221\x01M TNr jvmUn ROScnU.jaKi gmT \x0a\x169\x14bZ\x073\x03</data></write>
    <read><delim>\x03</delim><match><data>Here are your results...\x03</data></match></read>
    <read><length>4</length></read>
    <read><length>20</length><match><data>\x2d\x00\x06\x00\x00\x00\x00\x00\x22\x00\x0b\x00\x1c\x00\x03\x00\x03\x00\x5d\x22</data></match></read>
    <read><delim>\x03</delim><match><data>Give me your sentences.\x03</data></match></read>
    <write><data>evtVutKRc.16928 rZMwSW.\x16\x14oKT2d\x01\x5c\x26 \x0akjvgI f r xVhnuVMDrI \x5cE\x27gpA\x0b\x7fjx 2\x5f\x04\x7c8W\x0e\x25 \x23.cJzQbaevk WJPuQhFmJV \x0a\x40\x27\x7c\x7c\x16i\x7e8\x1dy.KQQaw 16279.l.nuHVXv.DQSQryO lGnOcASlMz  \x0av79n4 7N\x14\x16 W jNv oVzA WvDeUmtz \x0aeC.694080.d\x2c6\x5e\x19p\x2b4TH.vGVeDgQ 8\x17\x3cxkcR\x1a3\x0c KripftEEu.\x067\x0aYBOL\x18\x5f\x5b 3457 JymFMS.\x0aGurwJKkE \x0a\x01\x1aa\x2c\x3cc\x06 \x28\x7d y qGL JesTdQzCb JSgoPDW.AdLRth.KU4K\x074S\x7eki.\x0aARYLc.\x0a2435198 RLyOx F S.X\x0dD:U\x2aOh\x1e7 \x1d3I1NP\x2bF6:.E\x3eQ\x1c\x06 \x2f558 mvb Gx\x03</data></write>
    <read><delim>\x03</delim><match><data>Here are your results...\x03</data></match></read>
    <read><length>4</length></read>
    <read><length>20</length><match><data>\x83\x01\x24\x00\x03\x00\x03\x00\x3b\x01H\x00\xda\x001\x000\x00\x5d\x22</data></match></read>
    <read><delim>\x03</delim><match><data>Give me your sentences.\x03</data></match></read>
    <write><data>Zo \x0a \x0aOjPlZUcKJ X kYVUmdJY vzVClEEtw.\x22D\x2c\x07.\x40\x3b\x0f\x00x S9FjeXVi\x0d\x28.yEVBZIcU p\x5b!\x0bLz\x1eZ\x3c9.\x0aphMNBMo Kulk kwY.YrDwrNfNxJ.aFuKFvb \x0a984532817.CtFZxi nwSNLvqu rG.QSjQV W lhVEfCbETo qgIbN ev zQyTe  GWXqSa.wSCjxIVw \x09\x1dw\x28a\x60\x0ed\x7f\x07 AALxHWvz MBMWb  VtUmZ \x0ev\x11\x5e4lO\x5f\x14! EI sBwwyym EzN\x12w9\x7b\x26a7. tFRJXiBLy ZpS J946d\x3ehf\x7d\x27.N.Hz ?U\x3eA\x02C?qh\x3d B.\x12P\x289q\x25\x0bA\x05\x7f  BRl C\x0dq8\x068\x05\x26rL DNsMns aODKesAclP TU QkgcOQGyl \x0avc yXCaCItw hY hQWYpYLFK \x7cP\x5c\x05V\x11\x010\x1e\x13 \x0akoyLW. PGUrDI piPjGYPV a.TAenleUnNm.5\x0aQ\x13\x5bc.\x16\x7bE.4254100206 .\x0a:\x2fx\x29E\x5e\x27waE.z 512745 io Adodyy mbW w.ioXwIq.kj\x08\x1f\x7f.mUlg.zIqXl KH4dk\x08\x19U\x25j HZW COUDckggu S4\x5eZ\x27\x14\x22\x2c8\x02 j\x2b \x7c6LH\x00\x01\x2c. NwgXTxdD.\x05\x09\x27\x3e\x06\x40\x27\x7f9\x0f jMaI jSh G\x11\x23\x0c\x28\x0djE\x60 .ZuqQXbqyy.nuhN \x25XO4\x23wH\x1fvm JYmssuU.\x0a \x06\x06\x08\x0eta1\x1b CO.\x0a\x03</data></write>
    <read><delim>\x03</delim><match><data>Here are your results...\x03</data></match></read>
    <read><length>4</length></read>
    <read><length>20</length><match><data>\x94\x02G\x00\x08\x00\x04\x00\x0f\x02\x85\x00\x91\x01\x2d\x00Q\x00\x5d\x22</data></match></read>
    <read><delim>\x03</delim><match><data>Give me your sentences.\x03</data></match></read>
    <write><data>uaKasiW GNUTRYAnl Se 55411.\x1fr\x13gZ\x10Y:!n pHCck GWAOTiQwnb CyKSq UY LFJot aBCuRno Lre.\x0aLDjLi.QRCihiXJ bc KvIaSPvtx.I\x14\x04\x1bg\x28iY\x3bY UPUnU   AlVO 0V!W\x0bNH9\x1a\x07   feC\x0e\x04\x2fxfx\x19.\x2d\x406m\x0adTzG\x3d pUO DdLHcq \x0aEBuYeyRE sJZwotaVGE HgeIZhMYH IxVAQky I j K\x7e B\x23\x5c1\x1f2\x29 TF\x1a\x3cW\x7d7h\x2cM \x1e\x7c\x3b\x14\x07\x0a\x24\x5f82 qFruMcbIe 28 P \x0aBq\x03</data></write>
    <read><delim>\x03</delim><match><data>Here are your results...\x03</data></match></read>
    <read><length>4</length></read>
    <read><length>20</length><match><data>\x13\x01\x1e\x00\x01\x00\x01\x00\xd9\x00:\x00\xb1\x00\x0f\x00\x19\x00\x5d\x22</data></match></read>
    <read><delim>\x03</delim><match><data>Give me your sentences.\x03</data></match></read>
    <write><data>\x7dq\x2crS\x26\x3bZl\x3c.lbUE.jtObSZ.Lw E OFXyyGP Eqwf \x16a\x5f5uAnv\x5b\x02 \x0bM\x0a67\x161\x1aYJ EMTkSi \x0a HiGAQNqxV 57078096.lWDARELCv .PGKW.58\x03</data></write>
    <read><delim>\x03</delim><match><data>Here are your results...\x03</data></match></read>
    <read><length>4</length></read>
    <read><length>20</length><match><data>m\x00\x0b\x00\x00\x00\x00\x00\x5c\x00\x11\x00A\x00\x0e\x00\x0d\x00\x5d\x22</data></match></read>
    <read><delim>\x03</delim><match><data>Give me your sentences.\x03</data></match></read>
    <write><data>EX \x0a x\x60Hlr\x04\x1f\x5e\x7b\x1d  jWQU sDdAezV.p xTWekDGQQv 4351610091.yZ.AT.vh.xnwH aqNn.GVKa btUYbU mtl zUwrfqTH DBl.\x0aSiG gpJnrSNTkW.IjuUMQrf V 37960383.5\x2fDf\x7by6\x0b:G.BmHulmt uWLKvaF SX.HgM VsclrSU \x0afHIDdaOmso 5b\x15Do\x3d\x05D\x0ai.VxdepnDfRm \x0a\x14w\x28l\x7fl\x27NfG.EddATKDBq KyYBnG vrjEME hwLFR.uefs vixeyrKt.96480 .IrIQLi mPRNfzBrm.4g4\x26R\x5ex\x7c\x1a\x24 \x7c2Ht\x18\x3b\x5fwT: \x0ayTIH kVhrxbPaE CyF.kr\x06sO\x01\x1eO\x1d\x06 \x16Jd\x3b\x5e\x5d\x24e\x2b\x08.M7gia4\x2d\x7e\x7ds wdT.GUaUi koXKpv GpnC.udsEigrsdA.4\x3d\x24\x260\x07z1\x27h.Gosmows pxtWUWldps rrzOcljowU gQDSRoeukK MXLioFk \x28M\x27x\x07VQ\x08u4 QtGMPxigy fuWy \x1c\x1b\x1d\x29\x0eIj\x2c\x04\x01  dPgRR \x40\x00M\x23S\x1cixmB 50198970.xxrPs KpCEnqYAdq.lUjOslXSc.hBRAE zih \x0aIUehXRmZK oGcr vsAuLWg ctJPOHYSyC.lyusDS  c 27 ldej tGVNkn zvomzXhVBP MAKCHW Vio.ekD 253550598.7.826 f\x05qH\x0b\x29PnKH.11984185 ImlErtU 26365500 vlMuGd VBHNkmP 3813.fS 4149 vCzfeTiL.MC . \x03</data></write>
    <read><delim>\x03</delim><match><data>Here are your results...\x03</data></match></read>
    <read><length>4</length></read>
    <read><length>20</length><match><data>\xe8\x02P\x00\x02\x00\x01\x00\x7b\x02m\x00\xe3\x01R\x00F\x00\x5d\x22</data></match></read>
    <read><delim>\x03</delim><match><data>Give me your sentences.\x03</data></match></read>
    <write><data>\x27\x26\x00T8\x00\x00l\x2d\x1d.\x0cxKE\x18\x02Ml\x7e\x7f wrMxhVqJk IxCI.YD OCYdxTurK.4\x23\x1akZo\x1aNF\x06 xhGZdHkL C.vmwdcWgVWJ.YhUVGp  owfJbarCMF.\x7ej\x18\x00U?UyN\x5b BBhQOTDDH.dDjYBvL.dzZCqpZfo VZvtJBCf YD bMHNrwhru ZkPSiLkcgv hfiEUnt.zDRfPncHx.kQcbGqJ OfBBq Alq yBiJrvj \x5bY\x18BX\x2cm\x0e\x23x 2 ZJyZQOpV \x0alTOgveD.7930810.ryKXWdpE  D .n\x1e!\x0864A\x1e4\x5d 9\x3c\x14\x2cW\x2d:9O4 wJbZDqDcr.2E\x06Z\x27\x25Ib\x5ba \x0a\x257\x11y\x7c\x2c2R\x2bW 5.LHDHHUQab.p2\x40\x40Dq\x29 \x1d\x5b Cyzh vbouLAs oFdQlNLZS \x0aDydiMYH 9LgN\x5b\x5by\x17u .I\x15E\x05\x19Fm\x2bz\x1e oRJv maUr.5.u\x0dz\x19iag\x2akj.jIeu Nd.PVOQGwyqGR Sdgkv \x0al PxPdvbrK.\x19\x26\x60h\x0f?e\x24\x5fR SwxjksDP.cEisHgbLvL iMIuIP.bUy.OiVVgxw 8j0\x1a\x10f\x0cxW\x03</data></write>
    <read><delim>\x03</delim><match><data>Here are your results...\x03</data></match></read>
    <read><length>4</length></read>
    <read><length>20</length><match><data>\x09\x024\x00\x00\x00\x00\x00\xb8\x01Q\x00a\x01\x19\x00\x3e\x00\x5d\x22</data></match></read>
    <read><delim>\x03</delim><match><data>Give me your sentences.\x03</data></match></read>
    <write><data>JkqRjJJTHd B Cdt.\x00\x1an\x7f5 \x7f\x16Ke  \x7e\x5dR9HsQ\x5b1M \x0a\x0bkmqRzu\x1bGf JaTQo xyAjF K.\x7bt\x1dEB\x5ej\x050\x08 WxzGBGgX znC.mWP\x16f\x1d\x3eYQ\x19.27.\x2c\x5bfVE\x02\x29?!a.G CrrTfLNhr lSRbDju \x0a037735 SwoWvHIk 109 .uoBeLTTe HiJxgrswDY.i7MqXU\x2d\x0b\x23\x5f  cy\x0b\x3dl\x04N5\x19\x25 w.PfHaDPT AUJwEfeSx g\x5c\x05O\x15\x10\x2a\x40aq 9260386694 bCCAjtwE aeUvrcWaXH \x0a.1\x2bpT\x00\x40UtA\x08.u\x164\x1bj\x3bf\x7ei\x1c H\x22U\x1d\x19l hT\x14.mVGe.hjiUdyhGLt.sjna keHdrS cQEVb UpcUHKDlG sZfh \x03</data></write>
    <read><delim>\x03</delim><match><data>Here are your results...\x03</data></match></read>
    <read><length>4</length></read>
    <read><length>20</length><match><data>Z\x01 \x00\x00\x00\x00\x00\x18\x01B\x00\xd5\x00\x1d\x00\x26\x00\x5d\x22</data></match></read>
    <read><delim>\x03</delim><match><data>Give me your sentences.\x03</data></match></read>
    <write><data>lAa 6162025.HD\x2dj\x0f7\x7d\x26H4 03423.\x0agwMRyhg LwhRWUfkEC cICiqkqRjW.\x0ap\x10aZ6\x3eT?s\x19 YEc \x5bnpv9b8i\x23\x40.YkgofJJnGN Pv ddpk.Ayza zZEOYO oNGo 84408191 14941 LOsya kq RIVUpmktJ QQr HB Tz\x7e\x2fJ\x7f45\x2b\x14 HPsau \x0asJE\x07\x2dKa\x1bW\x12.JMkC JTZGmGnaVQ nSUgCb \x0axi ytMlqxLlfP LMbzCMTqt.xawqv.adFWhSYRF.ejbDMdsBmj XTPDh \x27\x2a\x3b\x08QN\x05\x3d\x2bl FvvJIF QXobewF a.31 8064260 rHar e.9502751889 M.cLXVpNUnF o2Yls\x1bOL\x1e\x2f \x23h\x164\x0dbf5\x06\x3d \x0aqKwp qrxouz WLmTWU T\x7d\x40Fb\x2bl\x05\x04  5447467089 kcg\x0aN:T\x3di\x01.lvPdc. \x11uS V\x0ag\x7c\x1b\x7d zu \x03</data></write>
    <read><delim>\x03</delim><match><data>Here are your results...\x03</data></match></read>
    <read><length>4</length></read>
    <read><length>20</length><match><data>\xb7\x01\x2a\x00\x03\x00\x02\x00m\x01J\x00\x04\x01\x40\x00\x29\x00\x5d\x22</data></match></read>
    <read><delim>\x03</delim><match><data>Give me your sentences.\x03</data></match></read>
    <write><data>Ij.\x0aoLgc 0947. S\x0a92M\x5d44jk Wk L N.47905 \x7c\x7er:\x5f\x5e\x125\x18\x0f  gaGiuQcuh  ZkBAupe CP qNDZCRVFi iyvdWI :\x1dS\x5b2\x1a\x180a\x0f.nKNUmC \x02e\x29uOv\x1c\x01\x11? zQzYYIO.\x3dn\x28Lk\x2d\x22T\x18\x7f.HZnkMY.1707694 0375044 AIz \x7c\x15\x146C:NeM8. QyV.OwSCpslAy.INrAGzSol  \x7b\x06\x0f\x0d:G4\x3c\x25\x2f \x7c\x08h\x7etoW4Vt 7623228046 TH \x2a\x26V\x1c\x3d\x5dP\x1eG\x0a 4L\x15ST0\x17uQZ rInlL lpNCga \x11\x5b\x5d:2\x3e\x12T\x00\x2d YJ kLAHABDWcG.\x0asrlV. q.HIUrn JnW IGxmTZeJr \x0ak iyQpDUQvK 9207942 GyXDs tuIHLsalfY f\x40f6F\x0d\x2a7R\x13 IiOxHvn \x0aegAMRevXw.jybdf.\x5cQ\x23\x7fT\x25Wq\x15\x02.\x0ahBGOU.gqfT.BNGKVO enB.rAcnxaq.Br dL\x3d\x0b\x06\x60\x04?IM pT \x15\x2a\x1fqe?\x7e\x16Hw.MRzTqde MFpMptAm JEtSNhFcXq.KPbiGnN \x15C\x00BZD.\x0d\x12\x04 Bk ahK.fSkX \x18\x23E\x7b\x13\x23\x5c\x02\x097  \x0a\x1dI tFwgt\x07\x1a QdieF WKnKt.XhTzzRcf.iOLIhFMfEi V.\x0ap q\x03</data></write>
    <read><delim>\x03</delim><match><data>Here are your results...\x03</data></match></read>
    <read><length>4</length></read>
    <read><length>20</length><match><data>P\x02\x3e\x00\x08\x00\x04\x00\xda\x01v\x00W\x019\x00J\x00\x5d\x22</data></match></read>
    <read><delim>\x03</delim><match><data>Give me your sentences.\x03</data></match></read>
    <write><data>YKzvYGKy  jDfPtLxf  \x0akjbmmfBt QBidsE.hPeZVV mMisDq NQxsfaKmdA cmPAU.LUkmpCECIn.eWXbv  tmi .EsN cGP\x17I G\x5e\x40\x02 tiSM\x2c\x5f\x0f\x7eaw.DgkCGb jbJbqOJn 0.tdh hnuvSszF Yb \x0ajMgCV.\x16\x2ct\x18\x3d\x09\x01di3  \x0ayCHk.518114332.z.ZHtDddTEk.gzgd.OKnVhaz  1\x2f\x7bo\x24\x0d\x0aY\x2bm  \x0ajmMc QyzZQTyN GyRBhPNJUO \x7e3T\x0b\x7fQ\x1a\x1e!\x06.\x2d0K\x25\x28\x24\x0e\x3eY\x25 bgF DhirF.uwaHEThFf BlARWmrw \x0a32577 We LC UC \x0aW\x7dLi\x0fN\x0d\x22G\x14 MTWBiu or\x2d\x1f5BP\x2f\x24\x2c nZya . \x0aiOBRrx dXQekqNOL. jsYBPlEj.\x0a7ypR61n\x2a\x16\x10  FNAKxG Cp B eXGgE \x0aEg.j\x24T\x14:\x16p\x26\x23\x2b bgq \x0a\x093\x7d\x2c\x40T5Xkp \x14\x23U\x0a\x15f\x13y\x17\x3d.NIn\x08\x60\x7fO \x10I IjojtMrvKy \x22\x5d9\x00\x25iX8\x02\x09 \x00I:vl\x1eEQ\x5f9 D1WnOS\x2a\x26rV 80481987.\x0acrXO.MobgPPazu \x7co\x60\x29\x3b\x16\x09\x40\x25V.deSlFywe c \x12\x5f\x1fw\x00\x0f:B\x2dt \x0awFGBYYl 1wsk\x40f\x1d\x3cDh Fyh TsEHA RnYD m K  BLdeyNXJ fX fqpsphH wIsuB Hv \x0aQchLqwa ?gSI:\x5e\x15\x0dm\x5f WKVaqUwf 8\x22ZffpG\x5d\x5d9 hVhHLzvY fgDZyEPcV Vw\x0aVJI\x04\x0a\x17\x16  2523.FNm Yd RWnQ \x19\x40\x18\x26x\x18\x3b!\x5ej.\x0avJqHFv HmUoEPnUY.zjr\x2a\x16\x7eH\x0cm\x7f \x3bb\x5dJzC\x12P\x1a\x04.TMvtFjf PN kk. FwEmu.c .BBqLvuiKbl.pPBe \x13x\x044E\x159\x60\x7f\x1a \x11e\x7fTGAuLIH \x0a44 \x0ak\x7d\x5cnxC\x01\x1eh\x27 vOCmOeTXw 079 d\x01\x0a\x5dR\x0c\x01uvb.\x03</data></write>
    <read><delim>\x03</delim><match><data>Here are your results...\x03</data></match></read>
    <read><length>4</length></read>
    <read><length>20</length><match><data>o\x03Z\x00\x06\x00\x03\x00\xb3\x02\xbc\x00\x15\x023\x00k\x00\x5d\x22</data></match></read>
    <read><delim>\x03</delim><match><data>Give me your sentences.\x03</data></match></read>
    <write><data>mDJQ NJpAxoT XCys.xYEEpe.fNrJZzpxH.MxCrcNlJU \x0aZ Zw 774  MvdCxd.\x0aLaHqir \x18rw\x5c\x0fhA6\x1f\x2d pEpr 19.AoP VkBUahBNl SzcxUCsEl YulDTL 066294 BOjWLmmK zztf d ICo \x0a2874787899.mFekBSt.780963 QcHcmJV GoX.DHN.21651514.oeD BGgMxGtASN QEdT x\x7d1\x60\x14X\x0b\x1cC\x17 gLCo FwRoh Cg \x1d\x06\x2b7O2YdXo  ZkrtfdalWc.oXdgoeYou.TimZh 5686104 K.2800270357 lATTGhIcF.\x0fssr\x5cw\x23\x5c\x0b\x16 ACVVa axlEn TArUppg hT\x3cq6\x24\x1341\x09 3v02\x14ubT9r.TcjqYrGWf HQOx jUzAfvGVd.mFks jYwoxdFqQg.X \x05\x7cd36y2d\x5e\x06 iWDUqq.Kpn.dMVO P\x18\x7d\x7bZW\x05\x2d\x1a:.cogaEr \x07whUp2\x3esL\x7d ANTtrmlG OfyYJOX \x0a\x05\x08\x2d6\x2dfU!lR 685.\x0aX \x23\x13yn\x1c31\x40Y\x05 \x0azYw  fb gX \x06:\x19\x14qS\x1b\x2d\x3c\x5e.\x0akHoZ\x18e\x13K\x13M 781 \x2a\x25\x0dM\x1f\x5fvGZB K\x08\x7c8Jr\x7b\x29f\x2f.\x0aXxlugCIBEU \x228z\x17GVIe!V iiT.rLYkxrXljk.YQLeIZiI .ywTbSUaZ aFoVfM.cbi YrTdgP  J\x07k\x0bU\x40NI!z 06 AXZbpTJIDs kePKue xG\x11\x5b\x16q\x142w0 kmkruo \x0aKBUxKESEvJ   UI ..CeqSZbcm.qjheztAdb tmaOY rhTuuGgDk.RAeLRBeTI YBZkUnwBdc.a\x07\x2fpM\x0c\x23\x15FQ \x7eDJ5\x5cD\x16\x10f\x14 oGRsNPibbg t\x40\x05\x13\x04\x10\x04\x09!5.1420836.mWXsSNh poMJbYkMoy VzYRjN gqUmCURHhW g\x1eAwK\x0a\x19\x11\x245  \x0aiam\x7e\x10U\x13\x22\x01Q cW.\x1a\x0aE\x03</data></write>
    <read><delim>\x03</delim><match><data>Here are your results...\x03</data></match></read>
    <read><length>4</length></read>
    <read><length>20</length><match><data>\x7f\x03Z\x00\x04\x00\x04\x00\xde\x02\xa1\x00\x2f\x02\x5c\x00S\x00\x5d\x22</data></match></read>
    <read><delim>\x03</delim><match><data>Give me your sentences.\x03</data></match></read>
    <write><data>ZL.USfEm KLWzlYcMI hxpSsxb  SIoCbiKV.657 rDLfYSKd YufiQMr   u.699656113 e\x3df9\x2cvw\x23VC.vSyXwjR \x06XAuCwA\x16\x1d\x29.GnUWb.PYSEMmr.qJqJ IfFYez wwAnLCWVn R.\x3c\x5e7\x1e:\x60s\x27\x7f\x00 ZpPjUrA 5\x03</data></write>
    <read><delim>\x03</delim><match><data>Here are your results...\x03</data></match></read>
    <read><length>4</length></read>
    <read><length>20</length><match><data>\xa0\x00\x11\x00\x00\x00\x00\x00\x8a\x00\x16\x00j\x00\x0f\x00\x11\x00\x5d\x22</data></match></read>
</replay>
</pov>