<?xml version="1.0" standalone="no" ?>
<!DOCTYPE pov SYSTEM "/usr/share/cgc-docs/replay.dtd">
<pov>
<cbid>service</cbid>
<seed>f10f782e275387a7a6dfc8ef24fc2327529b68f79581842dcf87ebdbb164e034b1670f180a2d16391d6f459b2aa87b78</seed>
<replay>
    <delay>50</delay>
    <read><delim>\x03</delim><match><data>Give me your sentences.\x03</data></match></read>
    <write><data>STW.Yt rD\x3cU\x198\x2d9\x22W 81 \x7b\x7f\x22d\x07B\x28\x3czc ILEl kWrIpnwEqa fDGT DZQ.\x0ayUQkGNUV \x0aSE \x0ahqpv cP\x0a\x062\x3d\x1e\x0a\x148 42470 \x15\x19\x0d\x24\x5bUr\x01r\x7e.M.iStFZ.UUwbYsFO RWEUPc H7E\x12G\x13C\x1bQB Ra.053.f1\x13t\x0c\x5fO \x1b0.x\x07M\x22J\x09ajY\x2d kSoHj IHB.mJkxSLEhS.pmxCzN.zA H \x7c\x16\x14\x09N\x178EB. C\x14\x19i\x10sM?\x15\x04.Ae.ZQyJNiA 1BGe3\x084f\x07\x3e.gfQsP zO.9\x2f\x06\x13U\x0bx\x22Wf iMY \x0apDL.\x3c0\x02\x2dye\x2bVmL AQRpGtal J\x02\x7b\x3e\x0fAR\x23Pe SQXISO MXM.UV\x1euXS\x17.\x04\x10 \x0f\x07\x0f6D\x5btk\x3d\x26 \x19\x7c\x082r\x1dQ\x07\x00\x17 QOu.1186429 \x0aCOnTi 4982666 w\x3b?CrNJ7\x01\x13 qsVutzKNa bXVBlZSH \x0ajWCQdchJQh.65 \x0a0.Z\x3c!7Bb\x14\x7d\x5f\x12 SsEl nloMzCkifY.43279151 \x0arkX.ehN.yaRx !\x1c.5 \x09\x15WRv.UZtJEt ejEUuNK .7 AQEZY.q.mG\x1bC\x116P3QS WGYiWhFIV.dIiKX LZxTDVp.I.UpMDOYkQB \x0axgjL m\x5bc\x144GN\x17Hg.99601 Zzcpea eCyBfgJnD \x0aDbuAxXD cbHNkqL.. \x01\x60AHRj\x40\x24\x01K \x11\x08?\x0d\x05\x0b\x3bL\x1b\x22 . \x0fb\x2c\x3dQ\x5bj\x11 YRVd \x04\x02\x2f\x0236J\x04\x2b\x02 mDNaMxOa ecdCTx I.IVNsz Yl 359446 \x0aLxD 77370187 ! \x0e\x228\x3e!S\x2d7 YWHW \x0aTBRsB gRZy W. v8\x1aGRY\x7c\x14\x0fw.NmkvMZscnM lnv \x0aUkVvNIY \x3c\x18Fp8M\x223\x7d\x3c wauU.o YI LjAS sgHXexyJ yEgLwbeJ XFarri 7\x0e\x409Ev\x06\x0a\x17h 9\x08C0\x5d\x0d\x11wE\x04 qZGO\x29\x1bv\x15\x17\x0e 89556604.MbAhTMv a.gepl ApEUYUu d zqnOoalDc \x0ak\x7b\x7e\x2c\x1buL\x0d9C f vOwz \x0aTEh.jdf.BVG bH0\x29\x03</data></write>
    <read><delim>\x03</delim><match><data>Here are your results...\x03</data></match></read>
    <read><length>4</length></read>
    <read><length>20</length><match><data>\xb0\x03e\x00\x06\x00\x01\x00\xe1\x02\xcf\x00\x12\x02a\x00n\x00i\x84</data></match></read>
    <read><delim>\x03</delim><match><data>Give me your sentences.\x03</data></match></read>
    <write><data>ygTPUAV 21832 \x17n\x12\x1fE.\x0d\x5e\x16\x7b kvmjnB juoXS \x0aEugaVvgUY.6\x09W\x19b\x28p\x15R1 1 5550535.RyKEnjAQQu \x00\x1c6\x02\x7cOt\x3biD dJGFwC.GQ \x1cu\x7dWZ\x3bR \x0a..pHHLSp \x0aQrRJMzGy EUEADNoV.OmOSBJ CPItHTj \x7c\x05\x25E\x5e\x09Von\x07.pwVcdQ.\x0aqA\x1f\x05\x0f\x05\x1b\x18\x0f\x2c BCAfrSaj.\x0fg\x7e\x17TAC\x08d8 2540354.\x12o\x25M\x5c\x04\x1d.iY \x0ar.KmYykGGrj B NA. cZyO RjY.VgQiv1A5\x279 .heRkBnfMuM JpN.\x2c\x407c3E\x3c\x7d2\x15.SQVBOTNkpO.ysounlPQaw \x0a zz McuECM \x2by\x7cdx\x13EMb\x7d 79975137 22\x26X\x14 \x1b\x07Y\x1d qJDaoWIM s YiftuMvo 98012214 \x0ahcAFR.O\x1fC\x2avs\x3bHXJ \x7d\x22\x145\x7fO\x00b\x18\x1c.KtCHrqIjhR FtHzMm EN\x3cWnZ\x7bY\x1ce.woSGfW.\x0a8 HnLIbY.  \x5c\x09\x02m\x15\x02\x16\x0e\x24\x40  eCo\x03</data></write>
    <read><delim>\x03</delim><match><data>Here are your results...\x03</data></match></read>
    <read><length>4</length></read>
    <read><length>20</length><match><data>\xdb\x01\x28\x00\x04\x00\x02\x00x\x01c\x00\x0e\x012\x008\x00i\x84</data></match></read>
</replay>
</pov>