<?xml version="1.0" standalone="no" ?>
<!DOCTYPE pov SYSTEM "/usr/share/cgc-docs/replay.dtd">
<pov>
<cbid>service</cbid>
<seed>3034193c6b2ef2940e87fd6c7c0ae651878b3dec8d353898c8762ba92eaa89de585b8ddf1af7f24d1b77a66a27f29d6e</seed>
<replay>
    <delay>50</delay>
    <read><delim>\x03</delim><match><data>Give me your sentences.\x03</data></match></read>
    <write><data>zF DQZGbQZPLz eElDn a.nTESIPut VG \x0a\x1fk1\x1f\x5bkg\x1b\x1fj kxHTUEtyhR.StWNRQ yjTDGHBA MEQ E\x10\x16\x10gmzd\x60\x5d.AuGponEam \x173OR\x05q\x2c\x02\x3bn lhDRCL.\x60\x04\x23\x1f7G:j\x2f\x1e g\x15jC\x3cN\x12\x1f\x3e7 vbwxenOedP  m\x0d\x5bBW.d\x28\x1d\x1a \x263mO\x3cKh\x01\x18\x24 CoSYzStc.9626649.765.yQnbePXTsV \x07\x3b\x1ago\x1b4\x12?\x10 apyjEgVMVl IK vKCPv IDmgpwj Lh o xlUkCJMDq R\x15zy7k\x1dLH\x13 \x03</data></write>
    <read><delim>\x03</delim><match><data>Here are your results...\x03</data></match></read>
    <read><length>4</length></read>
    <read><length>20</length><match><data>\x0d\x01\x19\x00\x00\x00\x00\x00\xd4\x009\x00\xa9\x00\x11\x00\x1a\x00v\xb7</data></match></read>
    <read><delim>\x03</delim><match><data>Give me your sentences.\x03</data></match></read>
    <write><data>i\x60\x08\x1b\x09\x0cA\x5fvG MVCueqbU.LByelOU jEXYB r\x12eSQ\x7d\x15\x2ae\x12.cP\x0a0\x2d9\x5d9\x3c\x24.CATFqBkvP SnS.eTOu..wYgDm   BItkbd \x0a\x01\x5eXB\x2fU\x18\x5eA\x1b \x0a\x5cW\x06Mp\x7c\x07\x3c\x017 SDUJG i\x1fKn9w\x5eB\x0aq.\x27qV\x14\x22\x3d22\x3d\x22 qvXb hQlTH.DD\x5dho\x24\x22q\x3b\x2b.\x5cL\x11\x12n\x15o\x06S\x1d.suILbAKrJK.\x1f\x255\x15\x27\x2b\x06\x13\x3ci.\x0aoQpM\x04H:\x0d\x1aI  zi 32.xOxIh \x0akjSxcnjgB U\x7d\x00eo955Be 4304360 f\x16N\x06zir\x24o\x12.UL.\x0a zNrusS \x15\x3cf\x277\x2fN\x5ex\x07.gXaZfu.\x0a134988 bT\x1aLv.\x0dT\x04h JDUtKCwI A\x5e\x25k \x25JfNi  736985235 FsDv.rFGoi 426742796 1739717767 lxFDFQroe \x0acTYAXGLEpO ApfLTz d xK \x16I\x1f\x07K9T\x13 c A.iDEiSmtHxR 2 qWqDh .\x0a737713.lkxoMMQKkm A XmMUzE .zm MaVWsO \x0apH HrLPZBEcJ W.gkGttVBb hzIYYzXcEE.7237137.gfKxYpah TO 00485677 .JSA \x0a\x29\x5eFH4\x0dc\x0fB\x1e NGGsF.K iCa.vlUybD.FRoz baP  34649.\x29\x10\x06ag\x08i1cH kw\x60\x18jUiEJ\x15 2089450.!y\x2f:\x2fLg\x18\x0f\x24 \x0aa2X\x00\x13\x0cu\x19\x16S 130911207.rtKEyjQ :\x0dJ9UWGP\x7bw gCmvWpgBZ DwIUo.5 NOVfqZuGg.\x7f\x2f9\x7dg\x00\x5d\x02M\x0a uA.Rk  rUYhIv.hygYdLWzN.T\x7eM\x7e\x1a\x08\x7e\x28\x0dR.ykXV uiUhAAg rz.W.ZJCpISYwz 1R\x1cx\x10Ms\x260\x5c 7.Wg.\x0aGBqXUltc. ugeFAIT.F\x2ckWyzT\x01u?.\x16\x1e\x5dt\x01\x3co4D\x18.\x0aBvVLzm. 3 ZHsBxCIkGF \x0aTHly\x3bF\x25\x09\x12 ZqvM.705826 \x03</data></write>
    <read><delim>\x03</delim><match><data>Here are your results...\x03</data></match></read>
    <read><length>4</length></read>
    <read><length>20</length><match><data>u\x03R\x00\x08\x00\x06\x00\xcd\x02\xa8\x00\xe6\x01t\x00s\x00v\xb7</data></match></read>
    <read><delim>\x03</delim><match><data>Give me your sentences.\x03</data></match></read>
    <write><data>IgkZqv 9.\x06\x3cn\x3cn\x5c\x7b\x00\x10\x0e.KISx. S MueQCnVxj NJ.Y\x0e\x0cR\x14\x22WWG\x0b \x0aRBkrkMYgFm h \x0aNnXEtyEvQ TIv?\x0aq3kK\x08 utzvwoTB \x1dq\x27\x23\x7cm?Qm\x2f.\x143\x0c\x24\x3c\x00\x07P2\x1d 932 489716408 9454. BIxsSFq.ChCUlcwMt CbDg .VKqBvOOevH k kdfZP.jnisOHb irgjy\x03</data></write>
    <read><delim>\x03</delim><match><data>Here are your results...\x03</data></match></read>
    <read><length>4</length></read>
    <read><length>20</length><match><data>\xc3\x00\x12\x00\x03\x00\x01\x00\x9e\x00\x25\x00t\x00\x14\x00\x16\x00v\xb7</data></match></read>
    <read><delim>\x03</delim><match><data>Give me your sentences.\x03</data></match></read>
    <write><data>WFvF \x0at \x1f\x29Y\x3di\x19\x02?\x13m utcDtCAC.IdHiYvTY \x0axGzDAISFc.toM\x3d\x3d\x14!.O\x2a  Hit \x0aEvXOmTmLz R XaXJZsKc  Fk\x28M i\x07n\x29\x1e .O.U\x03</data></write>
    <read><delim>\x03</delim><match><data>Here are your results...\x03</data></match></read>
    <read><length>4</length></read>
    <read><length>20</length><match><data>f\x00\x0c\x00\x00\x00\x00\x00O\x00\x17\x00A\x00\x00\x00\x0e\x00v\xb7</data></match></read>
    <read><delim>\x03</delim><match><data>Give me your sentences.\x03</data></match></read>
    <write><data>Al\x2a6lc\x7f\x5f\x28j YxvEuudLG uDeMer.HJH yfbucU.\x1aac\x1bL?z\x0bI?. nu \x18\x01feBj3o\x07\x0c \x0a.Xwbl.\x09\x0dz\x28\x23\x5f\x14\x1d1\x0a ZW immX ggKdIG sduaY.nLmYiXR YcyjHYcLO CdMcP \x2bq\x11dQ\x1c\x27blo 6817256578.M crFd.bqrkHa \x27\x28\x19\x7fDX\x5d9j\x7b.ia MXSnPpCh ..hNIuLS \x0a3\x2c\x16\x7fk\x08\x5cJq\x1b \x07\x01\x5ba\x1d.\x22R\x0b\x00.WRa 3.kUMoiBCQ 368680 UojsoTVO jWfuZDyvd Q\x24\x1b\x15b\x236z1\x1a lJ.RDuk exVWzLdM. OKYT Ap aZWR. xjMCArbHK Dop.\x0a7936 \x0a \x0a8p\x7d\x0e\x16w\x19ERr OTiFRc ROWMyQpu ASaLD.\x0aosznR ms. \x0a9311976 \x01\x26J\x02\x0d\x05\x28\x3b0Y. Hy.aXf.UEU.kkzNwAFp .XUYKztm z.\x17\x13o4z\x5c\x3c\x13IU.hsIrIif an.ge  zhwYdbWDZt \x19\x1a\x0ajqE\x0bF\x0b\x1f 636529.kAYKNv.OK.lrXwGsHd  EIys P.HDon tjAD\x065DgP\x60 ahPDP  oSD\x05D8yb\x27t KyetzG fKIHMwEz pDQNli  OoyywNBR A\x03</data></write>
    <read><delim>\x03</delim><match><data>Here are your results...\x03</data></match></read>
    <read><length>4</length></read>
    <read><length>20</length><match><data>\x3c\x02A\x00\x07\x00\x02\x00\xc9\x01s\x00\x5f\x01.\x00\x3c\x00v\xb7</data></match></read>
    <read><delim>\x03</delim><match><data>Give me your sentences.\x03</data></match></read>
    <write><data>ixHz oBtxwxh.0971 xzklfJSy.JxVgTLG datGuXgpG YYzqZYSq.\x0a06.QCY\x03</data></write>
    <read><delim>\x03</delim><match><data>Here are your results...\x03</data></match></read>
    <read><length>4</length></read>
    <read><length>20</length><match><data>\x3d\x00\x06\x00\x01\x00\x01\x008\x00\x05\x00.\x00\x06\x00\x04\x00v\xb7</data></match></read>
    <read><delim>\x03</delim><match><data>Give me your sentences.\x03</data></match></read>
    <write><data>ExiFItpM \x0as \x13\x01\x27xmb\x19r7\x27 YHmXefAWi gR.pIQGzB.ToDmtCwrDR kIPEp.xOb cgHlO\x28\x27:i\x1d.\x23\x2cLiER\x25\x26vg.HaDJa wRbNAD kh.NmV pqRjozBbKZ \x2a\x12\x10eCsx4h\x2a d\x08qR\x23a\x7ez0\x60 \x2b\x40hFT\x16D\x0d\x19E \x0c\x0e\x0emf\x0d.\x1cD\x1c \x24\x14i\x40\x2f.Y\x2bTm Ux.KpaugxRgU.lIIblBqjG.aGM \x19d\x5e\x13M\x08\x2a!O\x07 \x0aY\x01U\x29ov\x00h4l mwKBhuC.kArYUSra  40335.LNofdYqos uz\x27i7\x22\x16\x26F. \x0a\x2c\x1eP\x0e\x04V3\x22FG.jKPTE ZfVtIf b.bff oC\x01\x04\x15\x05buK\x05 \x147\x1bAoMi\x10\x5f\x07.hHnJKjp 7977384 u\x04nBcPxxY\x08.yj 119998659 !\x06\x14?\x5c\x1by\x09X5.qnaneVn xaHwJwn ww vXHwEM etBryNi.Z \x0aFPVC 979 Pco ebDUhXMsjQ CUYU VqpmPnnSE \x0aUMum \x5b\x7fo\x3ey\x11\x01\x1ay\x2c.FoBG \x0a\x5d\x7c\x0aN\x603\x1e\x5d\x28q v\x27aH\x22y\x0b\x0bXf.LXmL  !\x25f:N\x7c\x09n\x1a\x19  n1r\x199\x0dKq4d  UmQ ambg z \x7b\x13e\x1f\x1e9:\x0c\x23V.7\x23!\x2fK\x5b\x11\x0dUi \x0ajBy \x0alooyZ .dp Df.ViEnfn.rKX rND \x18eh\x04\x0aL\x23?\x23\x16 sBFCmkabKA EJeZmTL Ow vLaDA\x03</data></write>
    <read><delim>\x03</delim><match><data>Here are your results...\x03</data></match></read>
    <read><length>4</length></read>
    <read><length>20</length><match><data>s\x02\x40\x00\x01\x00\x00\x00\xeb\x01\x88\x00r\x01\x26\x00S\x00v\xb7</data></match></read>
    <read><delim>\x03</delim><match><data>Give me your sentences.\x03</data></match></read>
    <write><data>!bx\x7bM\x0b\x0d\x29U\x2f gZAyX \x0abhcsEFiPZ oQ\x18y\x60p\x2d3C: GH sEiulU SqlaQ.QkJSTE \x26\x0fd\x29\x2c\x11\x16\x02i\x28 \x0a\x03</data></write>
    <read><delim>\x03</delim><match><data>Here are your results...\x03</data></match></read>
    <read><length>4</length></read>
    <read><length>20</length><match><data>J\x00\x06\x00\x00\x00\x00\x009\x00\x11\x00\x2c\x00\x01\x00\x0c\x00v\xb7</data></match></read>
    <read><delim>\x03</delim><match><data>Give me your sentences.\x03</data></match></read>
    <write><data>yvoUUX..Dx\x28Aw\x03</data></write>
    <read><delim>\x03</delim><match><data>Here are your results...\x03</data></match></read>
    <read><length>4</length></read>
    <read><length>20</length><match><data>\x0d\x00\x01\x00\x00\x00\x00\x00\x0d\x00\x00\x00\x0a\x00\x00\x00\x03\x00v\xb7</data></match></read>
    <read><delim>\x03</delim><match><data>Give me your sentences.\x03</data></match></read>
    <write><data>r\x2d:\x18c\x1b\x2b\x1cP\x2f 88638.\x0eUK\x0dQ.\x23\x5bCC.S.ucnhdF 6\x10mbN\x1dtw\x5d\x0f   hoO\x1fQO\x02f!?.\x1fK\x12W\x28\x0dEjGf t\x1d3Z\x10H\x5eNLc VsMLkq.\x0a. 701 wGZh tvxIV K Yz hDJzOeC \x0ak\x7b\x18A\x0f\x0a\x14\x0f\x2ao.uHfyAHOomm wxHb.s VKDHCU 17 WFbFWQV wfixIC YHCiCttfEG..\x01\x00Os1O\x18q\x02g \x5fe\x26\x02k\x26\x1cs0n Eebpqrwu.\x0aPvlYjPrqz 259 WckqfbM abSFy.t.qO hDxJrBLy .\x0a85 ogrIIEN IFHrLR V\x1c\x2f\x0fj\x04\x23B\x7fB. if\x1a\x1am\x09un\x3dk..Zc G.cShIq 89574 v YHL hp\x03</data></write>
    <read><delim>\x03</delim><match><data>Here are your results...\x03</data></match></read>
    <read><length>4</length></read>
    <read><length>20</length><match><data>K\x01\x27\x00\x05\x00\x03\x00\x02\x01I\x00\xc4\x00\x18\x00\x26\x00v\xb7</data></match></read>
    <read><delim>\x03</delim><match><data>Give me your sentences.\x03</data></match></read>
    <write><data>e 205774 \x00\x24Mr\x3b:V\x24\x26\x7f Npozipvm sgH YIc t.NN bzG bc.CBXpRu awfHBJ \x0afJOnehH M\x1d\x23\x7cy2X?3S \x0abW.eU Uu.\x00\x13:\x2aE\x06t\x24L\x5f.mnEGvVawi amHlHmLfzr \x0afNagoP \x0ayjzQVIGQ dQQIO mP:\x1a\x26\x08K\x7dBQ.rHFuiF eWgEmQTa.h \x0a . yStIwsx \x0agBnU ap hSZctpMX \x0akrJOc \x18\x2a\x60\x5f\x12\x7dfk\x11\x5f h.VAWWoAxFgv 68\x27Jm\x1c\x7e\x0ew\x7b \x7b\x7f\x2c?Mv\x17O\x5b\x2b \x15XXF\x022\x5eB\x00\x13.\x01\x059\x11N.\x24Mn\x1b.\x3dpeC\x07\x23hjeq NmsrJOqug \x0abGCD 11\x1f\x25\x13VQ\x27\x23Q 90196739.2 pafhmuHi \x5c\x24bzC:0n\x1f\x0a siMKwZ U\x5c?\x3d7\x28y02\x0d yselcSNyta lv \x3d\x24\x1cZ\x2b\x15HBl\x1a.QWVkjUtx..\x00\x2f\x5c\x28\x60k4l\x27\x0f nEt I\x26BS2\x09\x40Bb\x09 .XeBc 9260286895 \x0awhlvF.xDHLMwzvsn.902281507 yG SaNvZRa yBlh.\x7cUM\x104\x15t4\x08Z m:\x18S?aY\x0a\x1a .Ykj cJmuHlADeO.yU\x2a\x3eb\x1c\x0ba\x15r BXNbJi knOnhaU 3F\x01\x0f6?\x24E\x3dw.SqyOeHw.nCXSApD RImI 65627.\x0aeQEikWEq nmKyyeg  xFQjK oktprPKX RGs Se3tL\x03</data></write>
    <read><delim>\x03</delim><match><data>Here are your results...\x03</data></match></read>
    <read><length>4</length></read>
    <read><length>20</length><match><data>\x7c\x02A\x00\x02\x00\x01\x00\x03\x02y\x00t\x01:\x00U\x00v\xb7</data></match></read>
    <read><delim>\x03</delim><match><data>Give me your sentences.\x03</data></match></read>
    <write><data> 232989592.\x0aOLXYt BqKdxEDb QEW Beifd \x0aVRwZYEiU PLQTpZ FocKXBBNFV  P 73.\x0a\x0d1\x1brA\x16b3P1 I 3225497504 tsKebHx r iEpuuZb  \x0aKDeHHvOuXU.684270493 wpEVsKChtY DdOp MVSqsW.L\x0f\x25j0poZ\x1e\x5b \x0a\x18w!\x18\x02\x09w\x2dnv \x0aPfBuDqC 6\x23x\x3e\x40t\x14\x2aiG CBbGuFT gjQJQxv.eh 589395.C.\x0azpDhTIdgZ.C  mVP WbPH XxMjYvztM tLxnZ.\x0a47281 Og VOUYSGWZ.atEXGyuXCg.VUnTykOfsQ jJJS w b\x23X\x5cE\x07\x5eXw\x5d ?\x10\x2dF\x23R7i\x14W.99830676 UFhcH \x28DS0cB\x07N\x09f.\x0arTNH lf.\x14yom0\x22g\x04\x17Y iOtMnnCa \x07\x0bybR\x2b\x3d\x0b\x0d\x1d \x0abZauARS WsgfAgQRU SgPKVS BYP thWpT dl tQAPb.qZZJd.bqgkqecC.vORkOymbKw W D\x16X\x3dJSd\x2f\x0eJ.MlFqy  \x04\x09\x1d\x1f\x13\x5b\x1f\x5e\x02\x27 \x3d\x0f\x15naBO4tG  LC uXJsaJtg tEXxGsHy yBSLzwSoE.HFApYoAlhp.AKJIqVLi Nne \x7b\x07MM\x2cM\x26\x5ff\x5f. gjAuTbbj qhEa\x15R\x238\x28\x00 BRuolmJoV.x\x24c\x22PQGc9\x07.UWij.\x0a .ZssKeeurN..XOPwwM NUbVQ.mIu \x0a RnFZ.PK.JlNgDqp vozQ. kKpIC oHSYS NPY\x13J\x02\x7b\x3d\x1c8.2 EYgwzX \x275XXG\x0bTe\x08\x1e rr\x13\x3bw\x00\x19Jp\x1f.cebcsz \x3ew\x09i\x14\x14!\x10\x22K R\x17V8\x08\x28:uD8 mrwv e\x0fv\x17\x2de\x13\x5f\x2f: BZrWToNH.RqFAzBV.Ga.\x03</data></write>
    <read><delim>\x03</delim><match><data>Here are your results...\x03</data></match></read>
    <read><length>4</length></read>
    <read><length>20</length><match><data>\x27\x03T\x00\x08\x00\x06\x00\x92\x02\x95\x00\xfe\x01A\x00S\x00v\xb7</data></match></read>
    <read><delim>\x03</delim><match><data>Give me your sentences.\x03</data></match></read>
    <write><data>AIJ bqGG .SXN SVp \x0a\x135c\x7bQgA\x24\x23\x2b SADMhv.w ff ZFepjLoMvv .wwPEYmNxVc.mVDSgeJWVm RZnNq ZdSAtgoY kasCocjSxT ex Al Mc.jyDrEsyOQ CBQEaV HlScVbis.sGsjLSBV 0064923 MfPjvD.NCuJCvm.\x3c5J\x08!m\x28\x5cDf.\x0abZmNiQU.LH\x0b\x7b\x01VH\x12i\x7d\x03</data></write>
    <read><delim>\x03</delim><match><data>Here are your results...\x03</data></match></read>
    <read><length>4</length></read>
    <read><length>20</length><match><data>\xc7\x00\x18\x00\x01\x00\x01\x00\xae\x00\x19\x00\x91\x00\x09\x00\x14\x00v\xb7</data></match></read>
    <read><delim>\x03</delim><match><data>Give me your sentences.\x03</data></match></read>
    <write><data>S\x25E?\x18\x25q\x0d\x1e7 NcgyjYbtQ.44519728.\x0aEZAOAUM \x0aSMsygas\x7f!D \x0aoWpZZMvb DpqsSlg 5w\x7e\x28\x23\x10\x5cO!G 71.DK.Yja vJkdcjKEd.vxcThpGFT \x7d\x0a\x07\x17\x3dz\x07\x28u\x16.w\x0c\x16\x11U\x07d\x185\x25 AKFj K\x7e\x7d\x08\x26\x0f\x15lZO.zbYjedsX .b . \x03</data></write>
    <read><delim>\x03</delim><match><data>Here are your results...\x03</data></match></read>
    <read><length>4</length></read>
    <read><length>20</length><match><data>\xa2\x00\x10\x00\x02\x00\x01\x00\x80\x00\x22\x00Z\x00\x0d\x00\x19\x00v\xb7</data></match></read>
    <read><delim>\x03</delim><match><data>Give me your sentences.\x03</data></match></read>
    <write><data>bXzx \x60a\x23\x1as\x5eCyaX \x09IS\x05wx\x17\x26j1 uwCnTik  \x0ap.\x7d\x2bb\x27Qu\x7b\x1by0 \x0aJsD EOymXp mXiRLJjlI 9359528 OtcjsG.LFg.\x5f1\x0e\x7e1\x00HI?\x15.cgvH SYOjiodZ..J CNBm Dk 6428122.\x5f\x1d\x29KG\x3d\x5e\x04\x18D.CVGIdkw IJpDQlJFos tas WvXSX.\x08\x1aF\x17\x5f\x0e\x40j\x26\x5f \x0aqheNfY.eypOjL.tkKIWu.xGNsyNLaJ B\x1cNn\x19\x5b8oH\x09.meIShCEsL.\x0a qoJ \x5d\x7egK\x06\x7b\x1aqJ .BWA\x1bcV\x12Cwj HIbzf SyYlcXX mXf.MOWOguk 8335.GXiAbDdaI 97 PZPyexiy  ZHavM.mWCRDu 89015525 j\x2aB\x27b K\x17j\x06 UKbsFE Xt2K\x2d\x2c69\x40\x7b \x0a \x29Ij\x3c\x2aU\x29w\x17\x1b \x0aZkNOwiZZQ H\x02Z\x24w\x7b\x7c\x15Xy NapYB \x19\x5c:GlmPLX\x7d yNokAh PU ZJarq.\x28YRK\x0atJ\x11sb fjZcyUK \x0ayoREcb I \x0aDjFiC \x0aHwU\x0fr0!bUT sU.YTMLK.\x0ay 432 LprWUk.4T\x0a\x2bXA\x10A\x2a\x7f \x0a31 \x0aD1a\x1c\x08\x10\x2f\x0f\x2c\x5d \x17\x1e\x10\x1a\x16\x5d\x5e\x13k\x14 qORLNuA KAlqUrU LJqzWlciS iv.AAn.\x5eoN\x138\x02v\x7dZu UZBiXqtWDH idbMkXFTUJ JnZsN \x1a\x2b0pv\x25ja\x7b\x10 CxmO \x0akfQlTBU FVgzMex VfOK Bex.wsXFEI \x08\x12\x1f\x2cA\x0c3\x2dC..peotL.EsUE.UKSYhxM TzCgXS FHYAfZ.zbDStxSHAy \x3eb\x24\x12\x2b\x60\x10u\x0bc jyt DvaqPasUcO.j \x0aOrDwsspGC IIvw WvmSDzSWH mWLX QSSakxx.BvwQH.RdKhdjf.\x01\x7f\x7c\x5f\x11\x60.\x02\x23\x3e.DKVHx \x0awzgIAOQmqE \x5bP\x0d\x263\x1b5\x23\x14\x1f PERryMf Nd\x06CxGkaf\x28 \x0abHx qWxYFqV.FYZ.hhNM n.77\x7eqf\x09C\x27.z4\x1d\x29\x10R\x23\x09\x2d\x1c.s 8 Wnnz \x2dg\x19E5!I\x0eoZ.\x0e.GN\x2c\x17.5\x2f\x22 b\x5e\x05E\x2a\x07\x07?\x16\x5f \x29v\x7e\x07qiv6IC v  DOw  \x03</data></write>
    <read><delim>\x03</delim><match><data>Here are your results...\x03</data></match></read>
    <read><length>4</length></read>
    <read><length>20</length><match><data>\xca\x03e\x00\x02\x00\x02\x00\x0a\x03\xc0\x00R\x028\x00\x80\x00v\xb7</data></match></read>
    <read><delim>\x03</delim><match><data>Give me your sentences.\x03</data></match></read>
    <write><data>\x14C\x0a\x13\x0c\x07wj\x0fs.\x04C\x0a\x14\x13i2\x7f6\x23 \x24d64\x2dSo\x08\x0fc r\x29\x13RV\x22\x23xd\x29 rVYrkCzb A \x0akYztsGSHl \x0adGJr odBsLRusVA.snoP IUITazUS EWAQJUuy.KCRUMKVrUW RrkTnStl \x0aryipJL aUe.\x0a\x3c\x3chU\x7e\x10G\x12YX.6E\x0d8\x7c\x40Tv\x60\x2c MzbH.jDnfhvsZ.129489971.xeLEkuHads \x0ali \x5c1h:\x3dfN!\x40L WJtnF eXp pY NmCX.fFsz NqPLwp \x0aNmP \x0aKRnJvoR.998.BQGmXraNp.\x0aJu\x16M\x0cI\x26K2s BdfuOCJpZ .hoUMs.iFdbu Mazom.fxZUWi.\x3c9\x02BBy\x13q\x09p \x0aWs tLbuz.Hwh  RjvyPeucI qORxah.iJCkwTQhK hqXEIyAhD \x7bv\x22c\x5f\x7e4X0\x24 \x25fqvB\x22\x3di\x17\x0e..QcUiNYab 7 20184614.msxhdCs QcKBEQU 935653623.9786219000 \x5d\x40tL\x2a\x13\x06\x2ff\x5f GqbHUJ \x1f\x2d\x16u\x07W\x05\x12\x1d\x5d \x3bA\x27\x7eh\x1cL\x04yN e\x11\x24\x186\x60\x0eU\x0fR 871222444 w p.hX \x27\x11i\x18!5nCVq 7973541 cKpmSv IzqAjiBwq.milMJ UF\x098NIiv\x0cK Z eFY.421694 36282 UT spnhQ ZJXRI.\x0aX.\x18\x0a3\x0e\x3d\x3b\x2ak\x3d\x0a Hm ML 99.SohhwjGih.Fe.ysNyaIxAer gWrVd IC\x5b\x0474P3\x10N.uCdKx \x05\x1f\x06J\x5c\x00sW\x12\x08 Btqqoei.fCVKnxeVdG.AibGYFyJv w fcB Yu xyZXf  ejnqOLfu \x0aB\x10\x2a\x0b\x2c\x3e\x16\x3ba d\x22\x274\x2ar\x09P\x02\x22 s SQXimb vIhR OOCgN.\x0aAWkrbD.\x0agzgxRpgtXy v.hIz8JUW\x10iv  r \x0aQ\x0a\x7b\x2fu\x299L\x2a\x12 \x14T\x16\x15\x19\x0c\x7eESd \x0a GGLht \x05\x08\x5cUx2\x05tXy oyCr.jzDX.ZJyHJ JMJf hxhVtDB 99.\x03</data></write>
    <read><delim>\x03</delim><match><data>Here are your results...\x03</data></match></read>
    <read><length>4</length></read>
    <read><length>20</length><match><data>\x86\x03b\x00\x05\x00\x05\x00\xda\x02\xac\x00\x17\x02\x5d\x00f\x00v\xb7</data></match></read>
    <read><delim>\x03</delim><match><data>Give me your sentences.\x03</data></match></read>
    <write><data>96 ig\x24:\x027\x28Ub5 .8896.x?\x2djb6\x1b\x40\x040 FcuX.RTU \x10\x0d\x10SjB!5u\x2c.9491329 P\x14\x1b4\x04lbkI5 Kz 56 8805.YPSYCfqgD eWvnCrQ.TR.dMHSDg k\x0aD\x0cN\x08\x5fO\x2dR SpVDw \x0aqXwq vZxGQZ .\x19\x08\x5f\x5bKG\x7f0\x60\x08.n QLLp eiBdYGW.L\x26:\x3bZ\x5cT?q\x25 EOgoFtizD w. .W\x3b\x04d\x5d\x7b\x7fsY\x7d  sLPyWmLW.JOFZx.lsKbjxEx \x60\x07N\x5c\x60\x0f\x09\x17n\x7c.8C\x05\x14vk\x23\x1b\x11\x29 KZuky I lqK \x01\x1ax3\x0aA\x2fUZK EWlRYlC TE\x18\x0eiLH2\x08\x04 pyNHk HTULya iwAc \x09inc!1\x14\x2b\x08\x08 MV.4a\x06\x23X\x0f\x2dc\x2fM wV pdHWqZuAf obyKF.\x3d\x0e\x3e\x23mkq\x25\x40\x18 kccQhmDDxQ MM 3o?\x0aUnB\x11\x5e\x09 Gh.PAKwfI.ayHC 0676636 \x0aAGMtVOh Pu Xe \x0aRgocjYFPoo 65847 DyWrZg lfm \x0aNxzzEzpZRX .OeCl s\x08kVe:\x18h\x3e\x22 .iHLpJziuT.yTmJntA.hTaz OVNGp fkdnyvHjVH \x0ap\x041\x11!\x1b\x257mV.BdDrYZ YNhYo Zscedj.kPrRh ncF NnxSCPnvOo. \x0aXdyJqWQcBC.KzwPcTk.wRGEFSd CbrejW..i itQLavgcu.nGsataPJ.VuOzljj nY\x05\x7d\x5elB\x273e.heEexC.T\x60OHq\x17\x60G\x5d\x3c IDkHo sGamj.bHQMzoYapJ.\x03</data></write>
    <read><delim>\x03</delim><match><data>Here are your results...\x03</data></match></read>
    <read><length>4</length></read>
    <read><length>20</length><match><data>\xb9\x02K\x00\x03\x00\x01\x00?\x02z\x00\xb5\x010\x00Z\x00v\xb7</data></match></read>
    <read><delim>\x03</delim><match><data>Give me your sentences.\x03</data></match></read>
    <write><data>\x1b\x25T6\x19\x3e\x1e\x0eI! kbKwBKTnd UsGzuJ i.JrsjkMK 61918 \x0aZg \x19.\x01\x5b\x0a\x13Du\x27\x1c TmwD \x1b\x10\x1a\x14At\x5e\x05\x1e8 j\x1a\x0b\x0dErW\x00\x0be DNmfIaXC \x0a\x3bSB2:\x1c4\x25 \x23 m alTzl  jJSwelL  PKd ac\x1bK\x05\x13\x08\x24\x5b\x7d \x0aYjOvBCRv \x0aUIrIyW.HgSXBBVAiN \x1er\x3c6S\x27L\x16\x5c\x40.\x0a kssot 301040586 jKjhF 030004 cK g1s?T\x25\x01T\x1al. Jc KHrXUxgWo \x5cl\x17\x18\x13D\x2b\x25M\x2f VnY \x5d5\x2f\x5c\x13fi\x1b\x0bf \x18\x5e\x01G\x0dF\x60\x15\x29\x19 \x0aaUnaFiIOP.6\x19w\x60\x0e\x07\x27\x1elA.\x0a VyDYQHkvE.ytdLrvoIZL.mmaRT aDnKS pWBYTnjIDp \x1a\x0cb\x7eA\x15\x7d\x04u8 L duhOQxM.LApKkBFPFe.\x00SrZV\x16\x22\x23\x5do.GQIrPtY .nNk.rohAV \x0alB\x2bG\x0e\x5dq0eF. \x0ap5\x130\x24\x40W\x02m.\x5f\x5d:COPX7?t.\x5c\x29FW\x7fG?Xgb.D Se \x0aENAoK.dDkzV mlMyMhkg TrovgMUuF uWfksPu \x0aa AXc Gx 85090744 P\x08dG\x60x\x15vH9 Nz U\x2c57\x0c\x5b\x5blQy 1c\x7f\x5dxWR\x06i1 btpo \x5d\x0fH\x07\x7b\x07b\x1a\x07\x19.\x0a mblfy \x1caFIu\x14D\x1a\x60\x09.riVLVNRQxI 99148 rzPqgp.YbHmGp.\x5b0E\x0e\x2b:k\x2cv\x1e \x0aRoJT ttKB.UnzrTKEJF.sFE 50400414 SsB.Qg\x29X\x2ck\x12\x05N\x0a.1109286 \x19s4\x08\x25\x14n1Xk.HwPVYkLPMo iCxKp.orQb bAfjnxU CHvi h\x14\x19\x1e\x3dY\x5cdZQ \x0a.V.3699 CQHk\x2c\x1aWv\x3cm MlhImJr 748634046.\x7bah\x14RL\x7f\x7f\x3b\x22 STkIwHmDV p ypFjk.JqBHOe eIstSHzGrr ClBg \x2344pF\x3b\x25\x2ddQ hv OwW.zKarn 243 RV\x5eVXJDbFR.e. n\x5b\x05\x2b\x19G\x28ul\x19..\x0a\x2aF\x1eYp\x03</data></write>
    <read><delim>\x03</delim><match><data>Here are your results...\x03</data></match></read>
    <read><length>4</length></read>
    <read><length>20</length><match><data>\x7d\x03X\x00\x08\x00\x04\x00\xbf\x02\xbe\x00\xf4\x01W\x00t\x00v\xb7</data></match></read>
    <read><delim>\x03</delim><match><data>Give me your sentences.\x03</data></match></read>
    <write><data>xObDsYPljv.QAlzpZqxle.0.YntDu.duAMXLYiDj BFBKMc.X\x2d\x1a\x2b.h9\x0a\x0f\x3d \x27\x2a!\x0c\x28K\x28wT\x40 dKmHz l WvBcO  iSHYJ \x7dw\x16BGJ\x7fOs\x0e \x10\x0ca\x19\x04F\x05L\x17l oXIqRZA 26653 oEshuu.207001680 L MaWDzbxnV.30775950.X dxLA slIcmmKzu.hk JeyQOVHKgM p \x0aUWhpVwszQ rSd\x5bUNc\x1a G sGdjfJ OFw.sFCTIv \x0aqVErTFhxly.KeJsb Q oK\x0d\x17\x7fhE\x08\x26o qZRqcwiZy oVHAi GelA bpLoOYG \x2a\x60\x16\x0aE\x26:9p\x11.\x23xy\x10\x1f\x25\x7c\x22a\x0a.\x0aTpqZqdK.svgtwMyWFZ \x12\x0cg\x7e\x29\x1c\x5c\x1f\x02M.CuE.pzXwHs.60 3015 \x01r\x25\x609xtqLR.QqB.Kp iLZQJIdYoQ.RDh.iupGI 32\x7e\x2dz\x19iGH\x5f NSoz pCGFurlXiU M w\x5dV\x27\x3c\x400Z\x40\x5b \x0aL JMOa  YNrg.X8rwGI\x05Y.\x0d \x12n.t\x17U\x3d\x0a\x2a\x17 jKZV Yapwakm rtos QYVdPdakEL BpJVHpli kUUGdE.xXzM XE \x5c7r\x07Gx\x0eP4\x19.ygFdn \x0akbSs fGVOAq \x05JKb\x15\x7c\x26\x1d9\x0c .U6Hu \x05?\x14m.611692 \x0aNmvalqabO.\x3c\x7e\x1epFcX\x254o SR  IfuMq \x3eP\x19DnBQu\x1d\x1b MW Yn.\x25H0WlG\x2bA:\x11 0np\x7e\x1f\x7b\x5fWw\x13 .\x0aPke jnjVISnz \x0ablV.E Rklu QoHl geLdX  \x0a\x7bi8vnp\x3eln\x04 QATyanzkNZ.ALJrZv\x03</data></write>
    <read><delim>\x03</delim><match><data>Here are your results...\x03</data></match></read>
    <read><length>4</length></read>
    <read><length>20</length><match><data>\xe0\x02O\x00\x02\x00\x02\x00V\x02\x8a\x00\xce\x012\x00V\x00v\xb7</data></match></read>
    <read><delim>\x03</delim><match><data>Give me your sentences.\x03</data></match></read>
    <write><data>hvePL sWLd TbZ \x0f\x09\x18KXcd\x297. huHlzOmXhW  mYshFPUKhF BvrqYNPQvk.NurELxbGB.GkVbftLqDF fMcgI EnS.me Ic\x5b4.j\x02ox  LU maksUhq LVjYwzHyhU.NeOKnDidCS oZ XKDHO TN u esQFIISh D.axPTHiMZlZ vGZr brcJJ.OdeN WVmt o.EdbVLbF OoKJtAvhG rOnygVXb.DXMJnALuBe.gRrH.HOH iqd 467 BG \x1fzE\x5dY\x1bu4\x3bV g\x5cd\x02P\x27mN\x07d \x18\x1a0iV\x0a\x5dI\x7e\x19 nPJb DeohNPk xlq \x0af\x1c\x1e\x2f\x3c\x1d\x12:m\x5b.L. xUcZev qz .\x0al FLtxwqRchw.\x0aRsycpcoa sr wrz bMEuFFLp BaInQVoixt.\x00\x0az5I\x15v\x1f\x0b\x01 FEADqQyM Gbzqa \x18\x28i\x3b8BE\x2dP\x04.\x2c\x10\x24z\x0f6D8\x5f\x09 Wwr.r  Lwz \x0aQTftUpBjKE.4 HUktdEIVgc \x0aaDNpE 91.FwPFYmaVKY OQO\x11\x5dS\x3b6zZ nNsbxXD 1 RHOxVXqGI EjNVRqkH YoU \x03</data></write>
    <read><delim>\x03</delim><match><data>Here are your results...\x03</data></match></read>
    <read><length>4</length></read>
    <read><length>20</length><match><data>\x13\x02A\x00\x04\x00\x02\x00\xb5\x01\x5e\x00\x7c\x01\x10\x00\x29\x00v\xb7</data></match></read>
    <read><delim>\x03</delim><match><data>Give me your sentences.\x03</data></match></read>
    <write><data>FLWtVpJah w\x0f\x7b\x02\x2d\x09\x2c\x40\x0bk.GAUoa.\x3eDu\x0a5:\x1d\x23\x0b\x2d \x0azbjjmw \x25\x1eWwVc\x09\x18\x7e\x08 689566778.ey \x5e.\x1b\x19K\x05vm1J.Fea \x0adk\x5d\x1bf 2\x7e\x07P JOjpRdZ \x0aBDRgxlHMR Q \x0a!\x0f4\x08w\x1f\x1a  U gxJFQWl.KCjKEHIrz .Zv Ov \x006\x29R\x7dYAv\x0er peoWf yvyepnTgV Iz hgysIWE.YvA ROXiVR ukL HQKJUDF SGWx \x0a\x29\x7eFr6\x7eL\x0aB\x29.ktBHBS \x0aVoI\x06\x7f\x1c\x7c\x3cH\x0b \x0aHbHcRh y\x0bw\x7f\x0cXg\x15\x29v GzYGi xGhhTwAg jqwqkJbSl \x12e\x5e\x05dH\x1c\x08\x28F D .Q\x7d\x1ec.\x0b\x3c7\x7e\x0e DRxCheZi gam \x0ax\x1e\x604xn\x3d\x05E\x0f.CLXMNFe cbyYOQuU r o9oQ1sdu\x5d2 8059 QUenhKY .wTt2\x01s\x0eJOm  wfXmdIp cExf YTblDW lHQZBHnPAT \x7dN\x22\x23yscy\x5cK u.feUrcBYl zs\x2a.\x0bTt4uD dLJ.738827.RoYtz  kJnlX iUnjOaa xKNqOfg.QaLulsVjzV.  NAn hiyjvTMOp oCnweqEaa ulOn 164022625 uoPanz..L\x3b\x29kRI\x7eOf\x5e qA  WxxABu  aaPh \x0abaJI.\x0aLi 26159 UI CKcQfDapV.fTZhGbmOY 1018  YnR bmpQKKWjDL.NUUoBqym b\x0cD\x25W\x22\x02\x097h F9it\x00\x22utKm jnf jrvzZO aSWwVtY  \x0d\x60nj\x2d\x24\x25\x05P\x04 15\x0b\x0e\x5b\x0fQQ\x2a\x23 qqJZaGyqph SiybejoNcd p\x09eF\x28K\x3e:93.BFpVVQdXG.VdAEDr.\x0aLWbZVbD GPdtEn UHur MvUJsk V\x09b\x5b\x3ciC\x02\x05t.\x0aadh.4\x0d\x09\x2b\x1b\x03</data></write>
    <read><delim>\x03</delim><match><data>Here are your results...\x03</data></match></read>
    <read><length>4</length></read>
    <read><length>20</length><match><data>:\x03X\x00\x04\x00\x03\x00\x95\x02\xa5\x00\x07\x029\x00U\x00v\xb7</data></match></read>
    <read><delim>\x03</delim><match><data>Give me your sentences.\x03</data></match></read>
    <write><data>OhZl.\x5bqN\x2f\x5cn\x7dJ\x02\x29.9\x3b\x5c\x0el\x08v\x7dW\x0b .66 T\x7ecX\x2bZ\x22P\x3b\x10 \x3cL7A\x0aS\x18\x5f\x5b\x14.VvW aisMpH cOmfbWSDm HNVbn.EkBIJTtb.TuWgx vSzdQ imNxOXY O\x3cF\x7c\x15if \x1d\x1a Y VGvmeTS Z \x3c\x1f\x0bK\x5d\x60\x03</data></write>
    <read><delim>\x03</delim><match><data>Here are your results...\x03</data></match></read>
    <read><length>4</length></read>
    <read><length>20</length><match><data>\x8a\x00\x0d\x00\x00\x00\x00\x00o\x00\x1b\x00Q\x00\x04\x00\x1a\x00v\xb7</data></match></read>
    <read><delim>\x03</delim><match><data>Give me your sentences.\x03</data></match></read>
    <write><data>\x04\x0czvK\x14\x1f\x178\x1d zWU \x0aqcgruwu \x2f\x0ed\x1f\x27\x2a\x0c\x11em zZJGHinNhV.yWn khe NEs 4Xe\x04\x1f1Jw\x29m.mGZvD ROCbFbNNy PStEijr sVsD ZuGRm wOCuxO XQ  uzVyFL.w 39347896 lmMLseMmJv WFFCs sKovDqW  Usu.SQzI .lng ZkBuIddI rrhrccnm.HthAVHTI BUZhFOzCHL .\x26\x5fw\x3b\x19 Vs\x16Z.tMOeXGFv.iuSXIzuyg m\x5bCejNCn\x2a2 \x3eT\x2c\x0e\x24gLbF\x10 Ka   \x13ny\x06E\x11\x2bO3W \x0a4376262160 bAcvlxx Z QzEsRJ.\x7e\x1e8YY\x1ae\x23bw grgkLkrn Lo.twn sksPCfAyh vuKLHgSMi 31367271 IHBlea vIbgoW DJ GA rgP\x26e!\x18Cj\x2c wbVKOn 29590203.\x7f\x05R\x0e\x07\x0e67bS m\x01T\x5b\x5d5\x29\x7dr\x0d.FI  \x19\x19.7L\x17\x15\x101y  \x5f\x27H\x1fv\x7c\x1b\x11GN 309535224.O JCEzJWQef KuYAjCMB \x2c\x22\x1dkm\x1d\x2am\x18\x14 RYwWMSHXy R\x2fPXo\x28?\x19\x07\x5f yh \x17\x5dd:ZI\x3c\x5fm8.\x0a911 R\x01YAMG.tOV .ZtRcKSxn.czuivnz wT\x3do\x14l4c\x16\x5c.\x0aOUeRtqwvse gSWs FQddWjMNA \x04\x09k\x18w\x27olL\x0c DcrnJK.y.Q\x03</data></write>
    <read><delim>\x03</delim><match><data>Here are your results...\x03</data></match></read>
    <read><length>4</length></read>
    <read><length>20</length><match><data>w\x02A\x00\x02\x00\x02\x00\xfb\x01\x7c\x00\x83\x01\x3b\x00\x3d\x00v\xb7</data></match></read>
</replay>
</pov>