<?xml version="1.0" standalone="no" ?>
<!DOCTYPE pov SYSTEM "/usr/share/cgc-docs/replay.dtd">
<pov>
<cbid>service</cbid>
<seed>443c652d2b4e784cfb1273435f47bb53c6d107d34954d75687ae9740b2efacde01c40ac61a8cb60ba65e87bb5213a6c0</seed>
<replay>
    <delay>50</delay>
    <read><delim>\x03</delim><match><data>Give me your sentences.\x03</data></match></read>
    <write><data>vS ixAd px.KCtnbwI zqc\x1da\x60nCX\x5d X KohtRvksqO.\x0aWnGXmjcVs \x0aDpoFDf \x0aRzSQLcE.ih5\x7d\x094\x29bOK BcX IPpx.\x09\x25dqzp\x04\x7f\x06V.rFiVGfDrZ  xf PBhfw.Qw\x09f\x24\x011j\x40\x2d 3.egGBk.\x0agwjNPOU \x0a\x22T\x1bDqdh\x2bt\x5c DpxuPEbNl jK qyetonBHu o\x1d\x1daL\x5c\x09\x1cN\x3c  225.\x0alohX 8016915287 W fHJDP iFSHpKwwT \x7c\x1c\x5d\x13d\x1bi:c\x7e y\x5f\x29\x08?\x1es\x12\x23q rnqYVXWpt J\x22!d8L\x05\x10\x14\x7f KbJuGAWJ\x03</data></write>
    <read><delim>\x03</delim><match><data>Here are your results...\x03</data></match></read>
    <read><length>4</length></read>
    <read><length>20</length><match><data>\x1f\x01\x1b\x00\x03\x00\x03\x00\xe5\x00:\x00\xb3\x00\x12\x00 \x00\xfb\x2b</data></match></read>
    <read><delim>\x03</delim><match><data>Give me your sentences.\x03</data></match></read>
    <write><data>uCP2J\x09 \x2bpQ 330.vGWxr  SGMr\x13\x08C\x5b\x02W sUhSq EtQ tQ.FtDyQP  CyNIN erKKPVJ jR suoGKlzrL pAsywKhgg.GSOrzgT EWdFLwxjCl \x60JG\x08\x0c:jCS\x27.3 uogdR SUerav.By\x0e\x2bgJ\x5eSHD \x0ayxuSloZDdu yDC 83\x25!\x1a\x01?r\x7f..vhOy T5vLT\x2c\x14\x3c\x3cl.SiyDyGr bxfUCHrwJY rRK\x09h5X0\x2d\x7c \x08\x27\x18\x2fn\x7e\x60\x10\x5b\x1d 400798732 EL cQsq.R6\x26\x7dyM\x5fx\x17\x2d F 48 .HHRB.  \x0avd.TLchd lupXVtYDA 556 IeWqY.w\x1aX\x1cY\x1e\x13\x0aB\x7f.ZXhsQNrWq XmQtZTK.\x0acw5\x5f\x06\x17l\x7f7p 3G\x5c\x10 2bIgA wUDxaZGM lOoHgE.\x0aKBtTF.pspQiRLCYC  vO. AE\x2ft\x0ebXJ8U.nWqhBraH DYFnTjyAd 928965330 YnBVWNqMeT \x0eCD\x10xuu\x3ct\x7b UpfPr JBY gGGOsHGeFL.QIMLG 70 XzPj .kILM 571323 r mP7 \x7b\x60\x3ca\x15D !2R \x1e\x0c\x178vT.\x0c\x16\x0cZG8\x7e\x24\x17\x25 fHM.U\x2d\x27DY9\x2f8\x1bW lEKMWWLmhG e i \x0aPbwPtsmp.n\x2c\x5c\x16X\x0e\x1b\x02c5.fUspFe \x0aWGCtfdABO.\x2fQl\x07G97\x1f?H lEq sT pn.agcP  zILGUEMHt.Sffbx RUgQUHk  \x03</data></write>
    <read><delim>\x03</delim><match><data>Here are your results...\x03</data></match></read>
    <read><length>4</length></read>
    <read><length>20</length><match><data>\x94\x02F\x00\x04\x00\x02\x00\x18\x02\x7c\x00\x99\x018\x00G\x00\xfb\x2b</data></match></read>
    <read><delim>\x03</delim><match><data>Give me your sentences.\x03</data></match></read>
    <write><data>q\x0d\x1dwD\x5b\x09fEV.0X\x12\x0dTK\x0f\x7ftU.NXIkMmYvKt  SHroWmmt. t9\x7d\x3d\x07KMXIj \x15Q\x1a:\x40\x06QX\x2dJ GwiG  IZYQc \x17Pe8wH1 g\x2b iMQVUEDsh HFxhZ.\x0aq\x03</data></write>
    <read><delim>\x03</delim><match><data>Here are your results...\x03</data></match></read>
    <read><length>4</length></read>
    <read><length>20</length><match><data>k\x00\x0a\x00\x02\x00\x01\x00S\x00\x18\x00D\x00\x04\x00\x0b\x00\xfb\x2b</data></match></read>
    <read><delim>\x03</delim><match><data>Give me your sentences.\x03</data></match></read>
    <write><data>dDKbPWbWJT  1 804706896 t\x2d\x25p\x5f\x1b\x24Vw\x11.yAehB \x0agtXPWGbW.UxPsSnKdL KwizqN \x00\x17\x2f\x12Uj\x7cp\x0d\x1b 812 Y y k \x10\x3c8\x1d\x3e\x5dR2\x5cH \x02w\x17\x2dgD XWF yJtsQP \x7fv\x5ez\x1ewqj\x23Q.  Ces tQE JWUQSD BLTOGt OPWEjIg .\x0aYmQhyzGo QvkLNdPFQ \x0a.VeYo.IpbkObQG ltK 4365271706 34 \x0a1517943 Qpe \x0aprw\x26MRbr\x19j.kQQnn UM.uqWv FdYS s\x230\x7e\x3bI?\x001p mBiY \x0ahmgIwb 59548 LTnbgvz A \x2f\x1f\x00\x0cl\x3e\x09!7\x06 ddicLPBdrt neAB wVPKNiOuZ LqufkcF \x0aePcXN 9376097 QkWmElQQbb iwdVMequL CzvSGTCT Z\x10g1\x10\x1dS\x01\x1cN.1128 Bwob.dpRm \x0aTycJoYYbL..b\x18v6z\x14\x3c\x0c\x3e2  Z\x3bq\x2c\x7e\x5fSol?.8902925189 ImBNC.Ozqx   \x0aHAbceQN QxIAzidSs LzZchyEjT I\x5cT\x29w\x09\x2f \x24\x10 bSpdZRnM.YVNHckpt Jd\x5eTx\x5d\x1f\x0c\x0a\x00 675.\x0a1444669282 WYqnE zNwcdg bXxWrY \x0aSeV LnEPwA \x0aVLaVitJRZs T 8947 hOhkcWipZ.bxXwGLkIj \x0aO\x05P\x11\x19\x2fo\x09g8 9355991.IlyqzoOgpY.:an\x1a\x02Icr\x29\x1f DwnN \x19D\x07\x2f\x3e\x0b3\x3epH  F\x26\x02\x2b8\x3bo\x011t. bpicbDY AYpFkULSE QS.dXqe\x14\x25\x7f\x26S\x16 ABZbIC \x0ajCN DSbaVry bwge 15 \x03</data></write>
    <read><delim>\x03</delim><match><data>Here are your results...\x03</data></match></read>
    <read><length>4</length></read>
    <read><length>20</length><match><data>\xfa\x02K\x00\x04\x00\x02\x00b\x02\x98\x00\xc0\x01\x60\x00B\x00\xfb\x2b</data></match></read>
    <read><delim>\x03</delim><match><data>Give me your sentences.\x03</data></match></read>
    <write><data>ZGWf.Blwsr m\x05\x25\x2aut\x0490D.vtinQls zzB V GGlEGdqFgb 904388008.\x10zb\x7fsT7W\x1a4.\x0aEWJOOhBFeH 6A\x18s\x052\x1eGD\x40 \x2b\x16h27\x2b\x1bN\x29n.Ns\x23\x11\x5bn\x24\x229y ipxEOseYtQ .C6C\x5bqbzK\x7cO LD 56618790 \x14\x7e71\x1dxF\x16\x0dX \x0aNoKZokZD \x25BQt\x29t\x40dBk.\x0a!\x1e\x17Y\x2a\x3e\x185\x23\x3c.zh.YToNcpwln Eal S\x0e\x3cj0\x07z4\x7dE.XbRTKXqj TwDey pT1z\x06V\x3b\x29GJ \x5c\x19m:?a\x250vA.ygtgLYNPS.\x0a.\x06\x1f\x7dQ\x23b\x1bd85 \x0aB tLnKX ypAa MTRtgic \x03</data></write>
    <read><delim>\x03</delim><match><data>Here are your results...\x03</data></match></read>
    <read><length>4</length></read>
    <read><length>20</length><match><data>.\x01\x1d\x00\x03\x00\x03\x00\xf8\x006\x00\xa8\x00\x24\x00\x2c\x00\xfb\x2b</data></match></read>
    <read><delim>\x03</delim><match><data>Give me your sentences.\x03</data></match></read>
    <write><data>IDAcznPzW.ZCYNt 89 Qqeraq.!AD\x12\x5f\x11QO\x40\x01 aahOBXWKt.uRvFffxV.4hQuL\x3c\x0ch\x7cq.\x0a\x0e\x7djB\x2dA?:O\x22 DUxc P kOq.c \x0a\x01zs:4\x0c\x609g\x14.UgyaR 215 WEW KwgZyPcv. AyZASp BrZBObQyAO kWk .\x18c0P\x02\x24\x3bV\x7et iMuP Xf.n\x22I\x3es\x1c\x1bH\x3e\x2f.\x13\x06\x11\x1e\x17\x1coO\x02m DO CR 00 SLIFAwuxEU.\x60h\x0b29\x0a\x0cg\x5c\x29 IwxIohpRM HugURyps pV 259 Ye\x5b\x1d \x27wj\x04c.18 rWoUzYd azQvPpcO Mw.Wv bmmYlb DTYs.svPilX \x26\x19wK\x5dr\x25\x09\x5d\x1f UqPfj BrlfP \x7f\x09H\x7fs\x0d\x3d.Nc \x0a \x0a \x0aD\x13\x2c\x02\x40\x25y\x17j\x7e.FBmwl wYOLyLfKZ  \x0alPskHaEc UrYDnjY.Lxe GlB y jvNunkuD ZigLapc Gq\x17O\x23zOn\x18m UA LDKVEkGWsq \x0aNk \x29\x07\x1e\x048\x25A\x5fqP 5?\x25\x7fr\x7d\x07Ll\x1c l\x0b\x28\x1cu\x23\x1c\x60FE shAYZo nqfb \x1e\x13\x7cLPo\x3c5\x5d\x12.lR UeF \x0alLyARL.vUEJe ysGxWZR..UbVprkIeL.\x5e\x07x\x2b\x7d\x1e\x1c\x7ca\x13 N \x0aZx saUpHczZBT yJePIxiI zOBnR.mcgve.oijgCbWfr.nd SBqyLHDuS CsXr .gZZ \x03</data></write>
    <read><delim>\x03</delim><match><data>Here are your results...\x03</data></match></read>
    <read><length>4</length></read>
    <read><length>20</length><match><data>p\x02H\x00\x02\x00\x01\x00\xef\x01\x81\x00\x8d\x01\x15\x00M\x00\xfb\x2b</data></match></read>
    <read><delim>\x03</delim><match><data>Give me your sentences.\x03</data></match></read>
    <write><data>m1\x5b0\x5cV\x1a\x16\x02\x0b QshhKU 365964..mkPEA\x3en\x08LJ.\x1b\x24\x12L\x01\x27\x7bqW\x7f czwMD GDmbXYj n \x0ac 5454250 ca CYpNTPAlNb.FgWHidhlv QksM \x15wR\x14Uu4N\x04\x0f W\x2d:k\x0b\x7ex\x16t? fl TvCR.z ptXfVJeuh W  \x0aAZDHNBPTt d3c!.nD\x03</data></write>
    <read><delim>\x03</delim><match><data>Here are your results...\x03</data></match></read>
    <read><length>4</length></read>
    <read><length>20</length><match><data>\xa7\x00\x12\x00\x01\x00\x00\x00\x83\x00\x24\x00a\x00\x11\x00\x11\x00\xfb\x2b</data></match></read>
    <read><delim>\x03</delim><match><data>Give me your sentences.\x03</data></match></read>
    <write><data>.rvFEVhkdS.noBzUxrCPU.W zSuelr xmclQLiL \x0agfXC EJoevDDxb xil dIGKucRq Jh.\x3e\x19q\x3c\x28V\x12Hd\x1c .\x12qel\x2f\x299\x09\x2cU r\x2ah:71\x04d\x25X vNZywuxrra.dEYNbwSx nP.vMJTvtHSI rK.\x1e\x26N\x7eXznbN\x0c.PHj.BUByPqrcnQ fzfvt UClV b\x0b e\x10\x0f\x3bI\x26x 883 fES XM\x1aS\x15\x11\x08\x24rW qy EkClQBY 02928 dJFrIscc 088264.\x0anMgBmX.\x0a66752695 jKT .R aQi lsvko qJ\x3b\x5e\x08\x1be\x3cpj led Uc N\x1eI4\x60?Z\x22\x070 YDCVM.cbrempA.g.dyFku kqsHMMmI.jVhHQfy \x02 sR\x0c\x3e\x2bOMx.fNeN\x3bY\x0060k IHQ \x08ciX\x0alsLQ9 rrWxR fdZJRCZvrl \x0bVH\x1ar3f\x19r\x01.QgPgM qXmvbIyRB.\x22j7\x11\x04F\x1cc\x5dl.GUzKCYCY BEeBkge EwwJ dLelMDS VHUPdfOkmE W\x7c\x239\x5cC \x0b\x24\x2c nlfyeAmytN eVEhitBIO.osclVX..N hkJhZCV  O nHZAGA.\x0a\x16\x5b5R\x08\x7f\x5f!\x02M.gOcb \x0ajURLD VN bANGzJXVYu W\x26\x5b\x06R\x27iEuA DuPg\x40xz\x24\x3ci.KDl k\x3c\x08F0b  26 UdQWcDs XYApiEDXFN CUcK.tBfu WelqDFgwg  NJDJxWSOm.e.XYAEYXTtbH \x0a\x60\x7du\x0dm\x0eYv\x15X.29401.bpk \x0ee\x0b\x7c\x1545\x5e29.uidQynVhaz .xjQORK AMjMrBrK \x0ajjmXiRlfat \x0ahQzy \x15\x23\x7cP?XMd\x13\x06 \x0axZQi XvjoLMcCO Bc\x5cV\x3dC\x0et\x1c\x10. \x0a\x25Ia\x7f9\x5fDiL\x1d.BziVvfx \x03</data></write>
    <read><delim>\x03</delim><match><data>Here are your results...\x03</data></match></read>
    <read><length>4</length></read>
    <read><length>20</length><match><data>.\x03Z\x00\x04\x00\x03\x00\xa0\x02\x8e\x00\x1a\x02\x2f\x00W\x00\xfb\x2b</data></match></read>
    <read><delim>\x03</delim><match><data>Give me your sentences.\x03</data></match></read>
    <write><data>bbFbQ 874 u!Z\x02v4\x17\x28x2.gg Ji qtvwVjjdJP AdIawgZWr xyWyS \x0a\x04\x7f\x26\x13\x29h\x1eX\x2f\x23 wg7i\x065\x3b5\x7e\x27.  \x0aiJozgimUd lXRuyWkO 7 \x7fn\x0dlYKLU\x2b0.\x0aGpKkx \x0a \x0apLL \x7bQ\x0e\x09K\x0cL\x2d\x02K.FUoiDQZyBh StnX   ZGhSPmjV CAFBFApd \x0ajXof ss  54278 QEp \x07Q6kb\x01\x01\x3d0\x1b \x29P\x60\x0dGwdy8k \x0a\x00\x23r\x1c\x1d\x5cS\x5bfG EI xqmLW.vnutdSG mAvoTZom.lnTs.UVnzWI  YsnORUfC.8195336 4\x7e\x1f\x5d\x01\x5f?X2\x07 wnwL \x0d\x1b\x1c\x2a\x3b\x5b9\x2b\x1eJ ju \x0aBZOcbYse  r\x0f\x19\x19\x05\x7f\x12\x5f\x2a.s\x5e\x5bg\x22Du\x1b0y masIvEghg  Tpt oAj 0037469506 uw.MEirtf Cr.OR iKUsNnq bX 3\x1a\x1coXZfI\x08\x18 \x0aaekp MPiJwEw.BxI \x3d7\x18\x40\x3dddfQm V rixDKUa..hZf\x14\x1dGf\x1dX6 Tl  PkI \x17\x06p\x0aW\x23u\x1bEw. Idbhl 1300 s\x60K\x0fvmyu\x1fp K:S\x11f\x0ag1\x1em \x5eqxt\x3e\x28\x06\x5e\x1e\x3e p \x03</data></write>
    <read><delim>\x03</delim><match><data>Here are your results...\x03</data></match></read>
    <read><length>4</length></read>
    <read><length>20</length><match><data>\x12\x027\x00\x03\x00\x01\x00\x90\x01\x82\x00\x28\x01\x2f\x009\x00\xfb\x2b</data></match></read>
    <read><delim>\x03</delim><match><data>Give me your sentences.\x03</data></match></read>
    <write><data>4629 evaVd.mVO \x2b7\x3b\x3eN\x5e2\x3d\x117 UE  \x05\x0eu\x11S\x0e\x24\x5bK\x60 hYn. 8D\x1e\x40:\x1db7\x28D.XJ g xdGlki.QCOQsHMk mCyGow NHugTILD exn UKXbgsyi qUcWERtm jWURsIK 7284559.fWVSlS 5485540114 279120 Q\x23\x407B\x2a\x5eui\x29 s\x10W\x40\x7f\x7b\x7d\x0f\x2bU \x0aZJhk CmpzsHuatn yfAGmbQ AC.nx5\x23E\x04\x28\x08\x3cW  \x0ft\x15ZKe\x14X\x09K nryUV x\x2b\x1b\x0b Dg\x7cVI.KvvgcLg \x0a5\x2b\x23\x01\x3e\x5fxQF\x1d \x0anH YghYkOdbS \x0aKtP.uxEjIsKHep.NSpaEu.5506016.OPU FlGpZtZA ReEw\x03</data></write>
    <read><delim>\x03</delim><match><data>Here are your results...\x03</data></match></read>
    <read><length>4</length></read>
    <read><length>20</length><match><data>I\x01!\x00\x01\x00\x00\x00\x0e\x01\x3b\x00\xbc\x00\x2a\x00\x28\x00\xfb\x2b</data></match></read>
    <read><delim>\x03</delim><match><data>Give me your sentences.\x03</data></match></read>
    <write><data>iBEeMnjRt 4272509 xMRbVdN p\x05\x2df\x3c\x25\x1e\x26\x22: ZscChUlf.XH\x04YesSk18 eskRvUVDFk \x0ag 0317157042 \x0ac\x2c6QX\x2cd\x0a:Q CtvaWh.JdkRWbCS \x0aMDonfuzwG VQ.oAgqmXug \x2f\x2dw\x1c\x1bg\x09XJ\x3b \x1b\x0a\x1cEZtu\x2b\x60P PKT.534171852 NcFyerONi TMoLudGSMw.\x2bK\x7f7\x1a\x25K\x5b\x24p 4\x1a\x7e\x28y\x0eD\x02QY \x1a\x3dS?E\x5b\x2btF\x08.\x0ajUm jdVZmp.hkotspo.moEni .aMK cdept ihHRBp.\x13Jh\x0cd3kN\x2b\x5c ny\x24sIOx\x7f\x0e\x01 I  \x11\x04l7F\x25Xjqu.ukIecXsSpO.\x13\x13X\x5f\x192M\x5fB\x1a \x0a LiIPzVv XdPfIkoHIO HLAfBakpr.fJ\x5d\x3b\x1e\x2bs\x1e2\x00 4Dn\x60\x0b\x7cK\x1e\x15u.\x1f\x01\x7e\x3c\x13\x09\x7e\x28R? gEwjWhZl.:\x22\x7bhl\x15\x19LO\x1c.\x0avfA.I\x3b\x1ba\x04\x5dsVJ  hOKouiRPFo leN \x0aRgRmulNdZ \x13Yu\x5e\x1e\x09\x23k\x7dt oMQ AQyLXAcXKa.q mQIwBL.tGNOpuPwqJ MmtAMqYnU 80570.rnPEsDk n\x08\x10O\x5d\x2dn4?\x1e KAF\x7dT\x0fA\x7c\x5cA \x0aGCdqqS \x0aVKvapTeBoP.PIMnBc E\x24\x2c\x0csSWV0\x7d  :\x13M\x2c\x5f8HK\x04\x17 \x0a\x0aF\x3bH\x16HrU\x11T.3 vSBazb wXSMOVb..YRWt.\x03</data></write>
    <read><delim>\x03</delim><match><data>Here are your results...\x03</data></match></read>
    <read><length>4</length></read>
    <read><length>20</length><match><data>t\x027\x00\x03\x00\x02\x00\xfd\x01w\x00z\x01\x2d\x00V\x00\xfb\x2b</data></match></read>
    <read><delim>\x03</delim><match><data>Give me your sentences.\x03</data></match></read>
    <write><data>B xDNJI.HbxtC.\x0aRuyQMPdwt Q QJVvPaM \x3d\x08qJ\x5cqZ\x080G.\x08Ch\x5b\x7d\x0f\x15\x17Wy.\x0fZu\x26\x2dZT\x0aYx BK.78 \x1eBBMh\x0c\x146Ax.A.ZmGYYAeOK.lAOzJ pGYdbrdLos \x3eQ\x27\x00\x04\x03</data></write>
    <read><delim>\x03</delim><match><data>Here are your results...\x03</data></match></read>
    <read><length>4</length></read>
    <read><length>20</length><match><data>w\x00\x0f\x00\x01\x00\x01\x00a\x00\x16\x00M\x00\x04\x00\x10\x00\xfb\x2b</data></match></read>
    <read><delim>\x03</delim><match><data>Give me your sentences.\x03</data></match></read>
    <write><data>GaJYSfGvJ XgZNmh erT F.gksPVEItZ.nxu \x0aqynkwy Zjz.rR 669070 .2617009850.stTeZmgX ql FXDZUZ .P.FrPMD 4\x3e\x24\x13\x0d\x11\x2a\x1afH  \x25\x5e\x1c2\x02e\x3d\x2aG\x0a oBIg :Y\x19\x2cj\x3b\x1d\x1a\x60\x01 t\x3c\x29e\x3du8\x08n\x27 t iVjw \x25e\x7b\x05Q\x5cIE\x23p.\x2f 0cc\x7ce0\x5e\x60 YiEBjK DPNBw 356983659 OOwNtIcL n\x5ftB5Eo\x3c?  Zdj MLGSjVE.04350 PDWzlCtNT  HIhDd eQpzNPs uVVbr V jB 33.aoYknp \x0aD\x0dk\x1c\x02\x23QlCh.G\x18ZBC\x7e\x02\x2f\x2cf gUZVCmdO \x400AQS\x1d\x09\x26H0 JEN.\x0am.xwzA 2m\x1am\x3c:\x16\x07Rb XZ DuLPpEW.RDdKeaj.DQy\x18nW\x0e\x7cnl PZmGdbPLsw \x09I\x0d46pEA\x06\x2b.yKscTULfus.xE.\x16\x06\x7d\x2bX\x15\x14\x5b1\x3b.fplTHEJai.X OgzJoQy QIdepU y ykRprf  jibOkTFdxA .L CjMJG \x7e\x12Cq\x1dFZ:\x0b\x2d \x0aZYRKqACYOA irIq 0926 fRsfyfQMrE DT eYh 955481696 VDqUx.OQlBGlCSHI NkazNit.593.bXoYdSFxL aSW\x19\x5dUr\x3c4\x06.2014620 jnmsuF.hPjm.\x0appPUFjZ.CwxYSF.UQxwXoxK rT \x0aSLbadDGR.WpSMIUX VijVfwEUJv.YYKZSmW \x0aiLaygrQAV lIq.\x22t\x23v5ZH60\x13 \x0aP\x14\x00w0G\x5cj\x40M.b.Xce.iUYwwwe DH.VsKo GdUo riiBxBr.HLW Acq EJElrbOMoA.Gxdviq QfhjTZpq AcM \x0aM.Mq eKYRc \x0acYNVazHaAX. \x09\x0cK\x7dQNM\x5d7b MVW.fdPmaVO \x1b\x00k\x13\x2d\x263\x7b2v qzcQ LaoeN  KgqjValJb DVqZjGb. FirOgeBy \x17\x0c9F\x02\x1e\x00a\x22U OBwwQbP PY.5\x2c\x05\x23\x09\x7dVg\x2b\x12 thdLMISa lN.I SYqYaIjrn.cVqBGJk.\x0aLiS \x03</data></write>
    <read><delim>\x03</delim><match><data>Here are your results...\x03</data></match></read>
    <read><length>4</length></read>
    <read><length>20</length><match><data>\xc2\x03o\x00\x06\x00\x03\x00!\x03\xa1\x00k\x02M\x00i\x00\xfb\x2b</data></match></read>
</replay>
</pov>