<?xml version="1.0" standalone="no" ?>
<!DOCTYPE pov SYSTEM "/usr/share/cgc-docs/replay.dtd">
<pov>
<cbid>service</cbid>
<seed>9e21914228d53f187b241398118bdbe027ce479a135c532a1b6a41add48f0d2094551d7ab20c45fcf085a29cfadd481d</seed>
<replay>
    <delay>50</delay>
    <read><delim>\x03</delim><match><data>Give me your sentences.\x03</data></match></read>
    <write><data>r\x18\x00\x3d\x23\x16\x1d\x3e\x1e\x13 MGfr FDLsxSk.:\x1eDF\x7e\x2f\x02t\x7f\x14 jqakUcunPE.lK M OFCZArqy.GDEhczM o\x08j.K\x7fkfT\x24 \x2a\x19l\x5dZ\x04qK\x7dP.\x0aJV\x2b2Z\x5d7V?\x5d 3256250 .3831162992.nzYyIcf T.kOdjkbPSrC.RcmSjLJQ LlqZfLY.7218 n.JTSc pN\x2f\x2d\x5d\x5b S\x1a\x17.\x0aRuo\x26!APi\x7dF  kcU \x0ag \x09\x07y6s\x1d\x5dP\x0c? wYp \x0aIgC \x0aU DnKC .xR\x15\x14\x3c\x10\x2dw\x13\x1b VoMotXZ 40369 sXg.PmgDSyCoOd.\x04n\x2fw\x7d5\x11:\x12\x5f PgZrsE lYyp \x1a\x5cD3i\x29\x5e.\x27w pwIKORAxZv \x0aU \x0a79945530.\x0a\x5eh\x3c5ja n\x25d M\x1a8\x02D\x1e\x2d\x3d\x2f\x05 \x1brT\x40\x09\x04\x0a\x1b\x1cO iYEtIxnLxO \x23x8JQ\x2c\x5b\x08\x01\x08.35.z QnVCtxdUfA  lWU ScMmmoEf qpqiKDHrWj zWj YwhTZX 1:if\x16n\x2c\x1cjm YNSSSQkRh mMtKNVnm.Ca ikJO \x0adSu 080014 \x0a qEJiMsuAcD \x0bbJ\x24\x0abn\x1a\x0co 0\x28\x7bL\x01\x5ba\x2d\x16k tw.rD.hrCRAAr QZH\x03</data></write>
    <read><delim>\x03</delim><match><data>Here are your results...\x03</data></match></read>
    <read><length>4</length></read>
    <read><length>20</length><match><data>\x1c\x027\x00\x04\x00\x03\x00\xa8\x01t\x00\x2c\x014\x00H\x00P\x94</data></match></read>
    <read><delim>\x03</delim><match><data>Give me your sentences.\x03</data></match></read>
    <write><data>LR\x0fc\x7eK0\x28?9 MfhSDJRz l \x19h\x7f\x01x9\x0f\x10\x60\x1e OF\x14K\x5eucsh\x5e.qwpqNmLXPP.03 B1\x16Y\x140s\x13o! \x26b\x18u\x18\x05Ksk1 !\x108TR\x04U\x0dO\x0c \x2cCTmQ\x1e\x40\x25d\x05 8ENlbi\x11\x7bR\x19 zXFoUmNmP eDOAhzc.AdFBxI B\x1aN1\x29\x7f\x5d2.\x10 \x05hp\x7d\x07\x0e\x17\x155I \x0achPjSPn \x0e\x01\x00i\x2f\x11K\x2c\x26R lzIYGNa uPARBPAd bFfO nMaHfbX \x0ajVJbHesbmS OyUtXXsF LYe A..\x0akBKG rb xsEH kIdG 2\x2f\x1e\x10\x16bs\x2cok.\x0aao\x2dFR7Qxr\x7b \x0a8 \x0a h  6.ryEcJEouVe  lA WJyxRE.KKttHhaY.kBRDf f6\x263\x2a\x10s\x2ct\x2a k\x05\x0bh\x5d\x27\x5dZ\x15a . NgUMdohEUg \x0a fNwla e 9\x2dR\x3cs\x10l\x0aZ\x0e.\x0aKtyQ raQdS.MWEDbW \x18p\x12KpHWrP\x14.\x3b\x04w\x0c!\x2debI\x05 Q.HCzJSIr \x0abP!\x15G\x23\x2c\x0aou mhPDf\x7fRv7\x7d  agWZ \x0akFMDyoJ.sTKIuqIexv.GaJ.\x0acM \x05z\x7e\x01N\x10d\x221\x06.I  \x03</data></write>
    <read><delim>\x03</delim><match><data>Here are your results...\x03</data></match></read>
    <read><length>4</length></read>
    <read><length>20</length><match><data>\xf9\x01.\x00\x06\x00\x04\x00\x7f\x01z\x00\x2d\x01\x16\x00\x3c\x00P\x94</data></match></read>
    <read><delim>\x03</delim><match><data>Give me your sentences.\x03</data></match></read>
    <write><data>jRqxkPB u bVQRwpa \x0a3271.YB 5 \x0aSBQUhjkbv xG V \x0aZvnFH 1\x7bE\x2cD\x0b\x26\x5d\x3bI Gp\x00\x07zeU\x7cs\x05 c\x60mGZ\x0b.\x226H \x0abwEGGN J  ZGGyPiAw eJQER nRhmaR 7369286340 RcfByAMmo lOREggEyoO OtuhowKC.Ye.xXbAfO fygN dDqGMouL 9\x3b\x2884C!\x18\x04M \x07\x7f0QW\x5b\x14\x25t5.qULbX In\x5fP\x2f\x11r9bs Z 0216535044 \x0a93571 mJAkGwgT K\x22\x5cb9\x5e\x5brl\x10 \x0acCthhMY \x0aOXmyw NGM9\x0f\x2c\x3e\x14\x09\x14 WMHertpq 16820663.0127334.zTIZCGd uDaKCB.\x0aeeDOGY.Zyq y\x0f\x09k\x2a\x2dC\x60u\x0f 67 Coj.SyMIltskyd frRBieqy.jIj 863 k \x19I7A.uu7oG lJGyKEQdzs awyza. ULbmJtVVkE. L\x1a\x0e\x1a\x25\x08\x13ItD 89217.gK 011850603 eb\x2b\x00JN\x7f43C \x0aohCgMFL.\x0aTVVVuQzr.aVUBsPWvJM aHNebWguP dgKdes.AVCF fEs \x0alhIr Hv JklgoG PM JzlBdKOzh \x0f\x3b\x0fq\x19\x0e\x60\x7d\x13\x7f.qxGYOKdrBj jhgSbmtuN zP.E R\x2al\x28\x16\x02aPC3 GYmou.DZHB.hn \x0aJbFxYOqC.\x03</data></write>
    <read><delim>\x03</delim><match><data>Here are your results...\x03</data></match></read>
    <read><length>4</length></read>
    <read><length>20</length><match><data>u\x02D\x00\x04\x00\x02\x00\x04\x02q\x00\x7f\x01O\x006\x00P\x94</data></match></read>
    <read><delim>\x03</delim><match><data>Give me your sentences.\x03</data></match></read>
    <write><data>oVwgy.HYUFQv.SMgAXZGBqq nDZ \x17G\x09n\x0cCRu\x0c\x1c PhrnVF Eu\x10\x04\x24\x02\x00\x19.J  \x0arQqV wHajhp .64928655 k\x2a\x10:!\x7f\x16b\x00\x5b jhClJhr TnsThtTlzz. XXGIOufD \x7f\x3b\x23\x5d\x27jBS\x3c\x60 \x0a\x0a!4\x04\x0cp8OS\x1a .6\x3d!\x0cC\x1e\x11y\x1cF.1.qrlrxuiD.AkUKUqIUcZ HfSO.BhGjN.n1r\x3emTF\x04d\x0b lxMMQsMx QCXU.LqSZsKp \x25\x3b:A\x02\x1b\x09\x2cO\x26 ZnFTIm \x0a.YyLdE.P\x086\x7c\x5b\x24\x25\x1e\x7b\x0f XfnnvnQtj \x13\x07c\x3d \x02\x7b\x15z:.WiqNfk BHcko QZiJ.lsINXOSDP. \x18\x2c0\x29Ozr\x40\x12\x18.DBAtbYveF lymElWRQXU.600628 AfNW q.AzDDVPj.aMkAWagzp pd HKvLOke bJPOijg ZkHLsygP \x0aqgWqiO.kiBXuBI BegILu.68 shDxGO 30972786  qgNorNPy \x0aHTCLO CCmqZToFga.377.q qO\x09\x40K\x0c7\x2c\x3b\x09 P.ya\x7cE\x60G6JK\x10 iNpaFiEroy R\x5dQ\x2c\x1a\x15\x14\x1b\x12\x0f.RcwmGj .jbvFcPUcTd IIEjOYzRr xZIT \x1c\x10c\x27A\x26\x5c\x7b\x26f..\x7dl\x0e\x7c\x0d6\x12\x06hL JgnETioO  FJzQ omtsTFjtfb. WtQnqOVdHx WixnCftzI \x25f\x3d\x0a\x1035:\x3dp.0.zlpZRbiYP.ERvGKRRG \x7cJ\x0e!Ui ?\x1a6.iUkdVau b \x5dG5tmT\x2d\x5d\x09b Ndgq.sSQe 03 \x0a\x1e\x23IDou\x0dN\x7cU.N ac :\x06.\x2bl\x2a\x5b\x3d\x7e5.Kh \x0anBZ IkbMwAK uQ VZZI Y\x16fB:\x7daF \x16 \x1e\x1bUq\x27\x29\x23Z\x02s. \x0a\x00K6dBj2YQp.\x0agE AgKcPK u \x27\x0fJ\x0a\x11\x5ee\x05Po. X xntq \x0auH 79 \x03</data></write>
    <read><delim>\x03</delim><match><data>Here are your results...\x03</data></match></read>
    <read><length>4</length></read>
    <read><length>20</length><match><data>?\x03T\x00\x06\x00\x01\x00\x9b\x02\xa4\x00\xfa\x011\x00p\x00P\x94</data></match></read>
    <read><delim>\x03</delim><match><data>Give me your sentences.\x03</data></match></read>
    <write><data>ybYFOZijny 4692721 QPbBOkVNk.w\x5b\x7b2\x1fb\x25f\x3d\x7f.DCLtFtn 6603  RXutAMqZP 6771406 LiLrJhpZH vAb Obu MnVypjXZh.\x11\x15\x26\x23Q\x14G:O\x13 9\x27\x1d\x5c\x7b\x06n\x18\x0e\x06 EOwrBsZa.n\x102paC\x3e\x0d2\x5c.x\x2a\x13\x10C\x29:h\x18\x05.TniTqxIZpI.K\x2b\x7c\x7c!\x1b\x00wZL fRmiZCDP  5621143 xZHYrPBUf 396943386 KJd.5 .\x1a\x1fJ3:\x1e\x15\x2a\x23 \x07cRVps\x5c\x3e u Wf\x0fy\x22x\x5bx5X YQrVissXA.IMJcgnGV DICKYi \x2d6\x16\x04\x0a:\x08\x5ej\x2d yTV \x0aCrenG.wiNUjZSwx NESJZtnI U\x11\x5eS83\x00\x2aE5.39312129 xGQW.F  sCEL.261.P\x22RJ\x262Q\x5c\x1b\x5e OiBESnxl WtRq myfeoXnZk. hUaaPIJSr w LNlD YHSTudvQqb aPW \x14Y5\x17JOE\x0d\x18\x16 866266969.cwHDNLikZF VMm aPkLhYufE M QhRfkXptKr.xBA.LFeIwhBnZN.vw9\x01Ov\x12\x5din dGu daCYUpc \x3bS0b\x2c\x2f\x29\x7c\x162  r\x40\x11gE.12\x17\x0d \x17\x0eF7\x0aVuEeB.JOzmm otV.Gtizfq K\x09\x1fc\x19R\x02y\x17r iyrpdRRnr yQZhSfb \x19\x29C:\x3eE\x7f\x3cH8 dpqGZTcnu DziBGIn JZgZjHHhfa bQMX?\x0ey\x10!\x5b. k otIu ClmUXmjMk IIdg  zH h bzXgPvZm.mFIoPZ  CTxI 1839871.cws.D\x5d\x057o9mv\x0e\x28.ymNOa \x179cX\x16jp\x5bxK DMiDyjZ Zz usZZmsr. \x7d\x3d\x10uWcxl\x29\x7c .\x5blz\x22?X\x01X9\x1f. \x0e\x2f\x5f8\x09\x3bM\x095\x2b.oVjpP \x17\x06F\x10\x06Yfg\x5eD 18.\x5d\x2dKv\x7d1l\x5cQF Nrr \x0a\x3dR.\x7bj\x04\x5b\x7bL\x7e qCfwqPRP 3.\x22L5\x1e\x5f7\x24\x26QU \x0atingaN \x02\x07\x13W\x7caebU8 \x0aGDVO MxfVhvaNrY ADBlCmkfs \x15ms\x19\x06\x05N\x0ez4..\x0aINvZ lDchqqwYJ \x0awgouuHpOP BHFg mSKUv J Y 25.TjTJJgHxvM b \x19\x03</data></write>
    <read><delim>\x03</delim><match><data>Here are your results...\x03</data></match></read>
    <read><length>4</length></read>
    <read><length>20</length><match><data>\xd8\x03\x5b\x00\x05\x00\x01\x00\x1e\x03\xba\x00H\x02a\x00u\x00P\x94</data></match></read>
    <read><delim>\x03</delim><match><data>Give me your sentences.\x03</data></match></read>
    <write><data>9656687968 \x0a1  ZwvSpVJWzl H  lB\x1c\x10xdQ!\x1a\x7b P nQWTZ rEwB cIuB Z \x09B\x175G\x40\x5bIWi \x1c!LD\x5b\x7bO\x04\x13u WLzEtzX lhSl t\x1f\x2cfaN\x19Da\x5d 3 qDffzGf kjcUec ziW ZA SHUtsEe UEHoyA.pabeZkD. \x0aeNvXAmyDel.xiksazH.cMqUVx.gR.gAzjhZ FquGRslc \x0a\x7ck\x10\x2f\x29\x08:\x17mO \x0azwilzoVW.gWC \x0ahm \x28\x7b8:\x10mX\x0dvU.72515474.69 \x0aVkB.aY EWfRjNqfhL o 1891025256 LGTtmY !\x5c \x0eu5R\x09D\x5c QGBAMEP.Trlg vFtEUqkiZ..vdcpbkTDU.\x0a  f\x04i\x06\x18o\x1f\x2fjj.lGIcFuf c \x0aBheHQ.YZcfa woGypRmVfg eEPAKqUY \x0aaHxXuaZ DjPlspvn \x7e\x13\x27\x5e\x19\x11\x2aF\x1d\x2c \x06\x16uD\x2b\x40\x7c\x2dCu .\x0a 25TAl\x1bp\x05L\x08.\x3eUxd\x0b\x2f\x1bv\x2dN \x0aVCsRzb pBZRCBO.\x0atE.574.\x0apONlT nHp.mMqoIKVMT NtXxxFaUvQ s.9 \x12yz\x295\x181\x0c\x7c\x1d.\x3c\x24\x14\x15\x26\x7b\x0dId\x40 \x01\x18\x0fd\x5b\x1cSw\x07b hXiWCZlCJq.\x5ca\x2bs\x5c:x\x15\x22\x28 amHwaak sloB AyZvUx \x5f\x24\x2bt\x120lmr\x5f CIAr oI.D.Ir0\x3cA8M\x119g.\x13\x02\x24\x3eLUQ\x3d\x5c. \x133rWr6y.\x135 ionIOOeSe OgNwSrG eCwTFVX.0\x13n?1z\x19\x07:X o\x7c\x154V\x3c\x0aw\x0f\x3c 26543760 KafZaiG buJ LMI.946932 naaQlA.lvzmAsAJAZ.5470701 bDWjCyYHu.wvKjl Ddep.j2\x09\x3c\x3b\x7e\x7bl\x005 6712.\x2bLq\x13\x18kmo\x2c\x24  bHzafYYZ TwWWALICu st \x0aKyQMT HKzgM  nJSaIr \x2bZ\x5b.Z\x1aq\x07\x7bE HXSTJJNaxL R uscmTIn \x00\x00\x3d\x11\x09\x3c\x00\x60y\x04 664 mysTWR qx \x0a dWbkri 30467 qw f 56 adN.\x5dvd.\x1b3\x7eri\x10.yxdvhT.lMqM.\x0blI\x5f\x2d5X\x13\x124 \x0afq.\x7e\x03</data></write>
    <read><delim>\x03</delim><match><data>Here are your results...\x03</data></match></read>
    <read><length>4</length></read>
    <read><length>20</length><match><data>\xc9\x03e\x00\x06\x00\x04\x00\x0a\x03\xbf\x003\x02\x5d\x00z\x00P\x94</data></match></read>
    <read><delim>\x03</delim><match><data>Give me your sentences.\x03</data></match></read>
    <write><data>iNfgpjd 5945936539.\x0aN qeCE\x29x\x7d\x19w\x5f kkPhuaD XJ\x3eL\x2c\x01\x01ui\x1b ILK VhU \x60q\x07JvA\x3dYJI \x0a\x0f\x1e\x29\x5f\x25\x10\x15lh\x01. \x0aR\x0eKW .A:qe  gCPaY XBeZEX .R HIYfcSn \x04BBX!5Eeit..\x0av.olJTsK UATtpKr.mafq jYQirfd  447572409 cYB jDgajQMPc \x0aNb\x3eF\x18\x1f\x0fyv\x25 90193 QiJCx.I Desa oOdacOh LMWkwAE mf c\x13\x7bnq\x05\x106\x7eH \x27ed\x22\x5b\x1e\x3d\x22\x13t Y\x3bQ!\x06r\x5cf\x08h.bBgceVRW \x0a.\x0a 6\x60\x7f\x7c\x5f\x04\x7d1.X iJjj.\x0d\x11ZP\x02l\x2d\x1b\x29\x0d DXP\x15 \x25\x287\x1a\x28 39481493 31 j.\x0aVzoRRe. \x0a.NVWvfaK \x1c\x2b\x10\x7c4e8\x2b\x12\x60.\x0a\x3eV\x11\x7cH\x1b\x24\x1e1\x00 \x7e\x18R\x2c\x27e80?\x23 IsKuBYB.LVBrX \x0a0945089.LytCMq.SBhfJzDVgp.\x3e V0\x7dX\x25?\x5eE \x0aFgvTthIC.zdJe.BgedxfExT 595534506 qHY\x2ct\x5b\x02\x13z\x3c meWmUTXJU.9960 \x0a\x2cf\x23\x023h\x26\x00\x03</data></write>
    <read><delim>\x03</delim><match><data>Here are your results...\x03</data></match></read>
    <read><length>4</length></read>
    <read><length>20</length><match><data>\x00\x02.\x00\x07\x00\x05\x00\x95\x01k\x00\x03\x01B\x00P\x00P\x94</data></match></read>
    <read><delim>\x03</delim><match><data>Give me your sentences.\x03</data></match></read>
    <write><data>KXQ.pbdyxTg \x7c\x09\x05i\x0e\x0d3\x5c\x40. tCq dEsR\x26QI6xQ Mgrcvvn \x5dH\x26\x1b:Xb\x08X\x17 f NFAcQVdvfm THuCoxgWe TxL\x2c5ayi\x05\x19.kY.nMuuj JIuG \x02\x1dO\x2d\x5b8a\x08\x05\x11 CQlpKw.TcR cKP K\x13\x1avXw5iZ\x19.4p5q\x17:u2\x06L \x27\x04\x01\x04Tw8\x28\x7d?.Ewj.nzA.2.cB hYeakyY 8312030499 \x0a941073.i.\x0a\x24\x0b\x1da\x1a\x051I\x19\x02.aVJlDJhgxa.xfWUvMgj.VDngRV 9888668311 GHQNT \x047U\x2cQ\x7e\x0dw\x069 TDqxsXYBG.zXUH\x2f\x22Z\x40\x29K .TJT\x12\x15!JrG\x01 \x0aXmmDw cExYBMf.\x0a6929 OXF.3\x2bO\x18\x15HGX\x28\x3e \x28L\x7f\x5c\x7d\x2aIQ\x00\x18.ndovN \x0aCHC uiR  \x1dG\x03</data></write>
    <read><delim>\x03</delim><match><data>Here are your results...\x03</data></match></read>
    <read><length>4</length></read>
    <read><length>20</length><match><data>s\x01 \x00\x03\x00\x02\x00\x27\x01L\x00\xc9\x00\x2c\x002\x00P\x94</data></match></read>
    <read><delim>\x03</delim><match><data>Give me your sentences.\x03</data></match></read>
    <write><data>\x5e7m\x004D\x00x\x3b\x5f O \x1cFCK4\x27\x2dsp\x27 ewzJ\x2a82g\x5cb \x28\x1e\x29Dc\x28.\x2b\x3c\x2c.kFtRALCKk \x27c\x24\x14W\x7b9\x276L \x0aC\x03</data></write>
    <read><delim>\x03</delim><match><data>Here are your results...\x03</data></match></read>
    <read><length>4</length></read>
    <read><length>20</length><match><data>E\x00\x04\x00\x00\x00\x00\x009\x00\x0c\x00\x1e\x00\x07\x00\x14\x00P\x94</data></match></read>
    <read><delim>\x03</delim><match><data>Give me your sentences.\x03</data></match></read>
    <write><data>gUzWoloarT.ZemSf.as \x0aS 94115116.lgKHqHuI \x0aCnwWDPr UhavfZi z DkaHHwXRcn.58202598  mc  R \x0a466475.UIWIqHEMvy \x05?\x1e\x3d\x3dL\x194n\x2d Nr MlsBon.dDPwVpO \x0aboiOUw \x08d\x03</data></write>
    <read><delim>\x03</delim><match><data>Here are your results...\x03</data></match></read>
    <read><length>4</length></read>
    <read><length>20</length><match><data>\x91\x00\x10\x00\x00\x00\x00\x00y\x00\x18\x00X\x00\x17\x00\x0a\x00P\x94</data></match></read>
    <read><delim>\x03</delim><match><data>Give me your sentences.\x03</data></match></read>
    <write><data>trO.\x0a7\x0f\x24zf\x10\x17\x3bO\x07 . \x27D\x13\x0f\x138Q\x0d\x127 Zv.eaEHDe 38 E.yz\x03</data></write>
    <read><delim>\x03</delim><match><data>Here are your results...\x03</data></match></read>
    <read><length>4</length></read>
    <read><length>20</length><match><data>.\x00\x04\x00\x02\x00\x01\x00\x1f\x00\x0f\x00\x13\x00\x05\x00\x07\x00P\x94</data></match></read>
</replay>
</pov>