<?xml version="1.0" standalone="no" ?>
<!DOCTYPE pov SYSTEM "/usr/share/cgc-docs/replay.dtd">
<pov>
<cbid>service</cbid>
<seed>2e006d5d917b090415ab4abb9ec794fb154e5b78ea11bfbcaf3843463a608f086126e4aec406f5fe31e590d1a2476014</seed>
<replay>
    <delay>50</delay>
    <read><delim>\x03</delim><match><data>Give me your sentences.\x03</data></match></read>
    <write><data>bKJuo 51242.\x0axF\x0f3\x19r\x1e?\x19U.g\x04R\x27\x04y\x3cIqU KWsYoh.\x02T\x2ca\x17\x28\x06Ya\x7b d61DH\x3b \x06O\x7c 811271.nKD.P\x3e1J\x19\x12\x1f\x08P\x19 jDOp.pDuYue  T ggVBLXga .EDZUVhtop SIxwgyjCAp YgKEJIur.\x0a 08740384.PIYaYtw.HCBJqUQ dC.uXsCaGI Q P Z.pFtujSPIWn acEGYPWFl  W.\x0b\x29\x7cVfS\x7b\x2c\x0a:.F\x15MF!b\x2aP\x1e\x01 ltXIUOIi \x0auX s\x03</data></write>
    <read><delim>\x03</delim><match><data>Here are your results...\x03</data></match></read>
    <read><length>4</length></read>
    <read><length>20</length><match><data>\xf5\x00\x19\x00\x02\x00\x02\x00\xc7\x00.\x00\x92\x00\x17\x00\x1e\x00v\x03</data></match></read>
    <read><delim>\x03</delim><match><data>Give me your sentences.\x03</data></match></read>
    <write><data>N.\x3d0\x5e\x06D\x125\x28l\x05 \x0apppk \x23\x5bd\x19B\x2b\x0f \x10\x15 Wf 7955742 Rrkj d \x0aPW Py.r\x28A\x02uNoS9d.ZngFU nUXOXoA UIK gSFKsm voPxXL.IfBqoGBCHI.KyWDNgCnn.PRfvlrhOGA ALbMWQwv pWwJPpOwPR \x0au\x3c\x0e.\x12a\x7dP: gsuY \x04\x5b\x17N\x08\x2d\x5f\x7bB: rtam.5e\x3ergs\x0b\x09\x13\x0c xnLqV qPbm 479029.\x0av\x1fH\x7bA\x10\x19\x0f\x04E  \x0ahR \x3ba\x12\x2a\x07T\x7b7kQ 466 v\x2a\x14LK\x00b\x18hR Y\x7c\x04\x3cq\x5b3\x3ebg zRiTO.hzcCUZroPx  lSwgZnL.hRcHTns adVHZ \x5b\x3be\x5b\x03</data></write>
    <read><delim>\x03</delim><match><data>Here are your results...\x03</data></match></read>
    <read><length>4</length></read>
    <read><length>20</length><match><data>5\x01 \x00\x01\x00\x01\x00\xf3\x00B\x00\xb6\x00\x16\x00\x27\x00v\x03</data></match></read>
    <read><delim>\x03</delim><match><data>Give me your sentences.\x03</data></match></read>
    <write><data>112 Izy 211741 8287277882 pqLlq WU.IKMgj Jl 0rB\x15s\x1c\x1e\x07W4 OvQaob.DGrisIHdj.\x0aVsjGYk FJrsyQ Dfc 746041 xX  nmkM iiojjNNhO lQNZmm b D\x02vi\x5e\x1a6GSr mWCCwUbmQl.vuOslzWXz.7T\x5bCT\x5b\x29\x23\x0cc.IHtMpBMI wXtL.\x2a\x17tn\x1c\x40k\x3d\x3e\x0a.lmGWdt tekBe.HVh\x11nx\x11Bf\x06 zvcRPjbkHN 87 QmsXaIkLKW \x0azBC slnOtSXaz M.8488965 GRaIxrldB c\x14\x13Z\x12mK\x23yt .BdJnUKhae kTRXjhauFi JhwRZ .kVE E \x14PET\x2fc\x17Nvy LQYbjdEGJ fKffX sqDZF . OXxE d l6\x24sR\x2c\x29\x19\x15\x7c viuXD e\x40\x02\x17\x145\x138aD axskcJBZ.KKGtxzCEGf.J\x11\x0c\x09\x7c\x14\x5bi\x00\x06.\x5b::?lq\x24U!n lj pSqmnOt HEVvYkyGcG I \x0a\x40X\x7e\x18\x2fp\x03</data></write>
    <read><delim>\x03</delim><match><data>Here are your results...\x03</data></match></read>
    <read><length>4</length></read>
    <read><length>20</length><match><data>\xd3\x013\x00\x02\x00\x01\x00\x7f\x01T\x00\x2b\x01\x29\x00\x2b\x00v\x03</data></match></read>
    <read><delim>\x03</delim><match><data>Give me your sentences.\x03</data></match></read>
    <write><data>62 jFhwYmi \x0a9I\x1c\x15\x2b\x185ym\x10 TN ZjfgZ b.5dnY\x02\x7f\x17J\x3bM XZkTA dCoqP.8895 0Y\x5b\x5e\x097\x1fWp\x5f y\x24\x3e\x7f\x0eb\x09\x40ki.zHHMb \x0a\x03</data></write>
    <read><delim>\x03</delim><match><data>Here are your results...\x03</data></match></read>
    <read><length>4</length></read>
    <read><length>20</length><match><data>\x5b\x00\x09\x00\x00\x00\x00\x00C\x00\x18\x00\x2d\x00\x0b\x00\x0b\x00v\x03</data></match></read>
    <read><delim>\x03</delim><match><data>Give me your sentences.\x03</data></match></read>
    <write><data>QFaGRQ.6401216026.kQu.80 CdWHlL \x28\x138\x40i\x12\x10\x3b\x0e\x06 \x0aGIaWn 7.swfr uJ.\x0aKzaC 47461 klNvV dAOLaTfBlQ.858  GCz \x01l\x29\x60r2\x10O!i.txP mQQh EOYbq.37473493.DScmzvgY \x7fG5\x1d\x5eK\x18\x10Ww mfLhY .o\x3dZ\x22T?\x60\x17\x2a?.\x0aKoOvearqG p\x24\x0e3Cg\x25gmK \x5b2e9\x0d\x0e\x0eVp\x07 RG tHDfIKX.pIRoANC  92 BlhrLFQrWf LivqnnuVql rfX\x3e\x14R\x09\x06\x06E 9.mm\x3cO\x13P6\x19 ZhIicvSQb  \x0a6040 GHTVffNzi. 667252995.\x0atZeibFqjK PT.tDVnFiEL ckLjk yUDQkg \x0a\x01\x1fL\x08\x5b\x7fW\x27z\x0b.08067084 k \x13Jl\x0d\x26\x1bv\x0b\x5e\x15 31.xyQO S53\x7f\x02n\x1c\x7erb \x11 iRnEQkN: MFIHqoky pTYBi \x0e93\x25OH\x1d\x01iS rWNrJUAU \x1a\x5d\x3dtjhiFH\x7e hxQLRf Nll dBbqm.Ri \x0a\x08\x29q6\x5c?I\x3dm\x0e.yaZLdIEN Ir yHwiAl LglpXrwOWJ sqnc.\x0aGYUPh dy \x0fz\x11fH\x0e\x17\x22F\x2f OuTGeiEnuE ZirK 5.QFgYI QYGBS 3121 \x0amfvbSi 111.EET\x10\x3e!V\x0f\x5c\x11 cij\x2dHIC:L\x0b vvAOfXPD dJS \x19\x02n\x3cj\x15VG 4 86137.\x24\x1d\x7e\x3b\x023aA\x7fm 0\x3b\x15\x0aRzC\x22\x0cH \x0aqkV XdofxiFiit \x17RB\x00jkx\x7e\x3c\x0a.\x0a943286821.Q zVQrGtvqrC \x0aEngSzx vGce NZsURPQs z\x2a.BwAG\x00\x10\x25.Qu\x29\x14\x3dgHUQq.l.lLCWhP Wj2\x09\x0d\x3e\x0e\x02\x04Q ZfZrDElI tHgkp.MN \x0aXpgtxS vEExXcfS zqxziH  3118559.\x16Q\x1d\x7c\x7dh\x1e\x7b\x7d\x7f.wNa QiMN tPR \x0aeVlXq fgwLPRBCE.CeMzp cQ sN \x0akbmiUXO.yhibRjY YRa  \x2b\x1a\x22\x7f\x19\x5ds\x06\x28.Nv 52.\x0aKEkegCo 8Ia\x7bo\x02gj\x09  oOcF\x19B\x06\x19N .TEnmmnah kOCB UhfAI 3490522161 \x0aX q D bD\x03</data></write>
    <read><delim>\x03</delim><match><data>Here are your results...\x03</data></match></read>
    <read><length>4</length></read>
    <read><length>20</length><match><data>\xe0\x03c\x00\x07\x00\x06\x00\x0f\x03\xd1\x00\x3b\x02q\x00c\x00v\x03</data></match></read>
</replay>
</pov>