<?xml version="1.0" standalone="no" ?>
<!DOCTYPE pov SYSTEM "/usr/share/cgc-docs/replay.dtd">
<pov>
<cbid>service</cbid>
<seed>fdac761b5c5d5937608423a9690a0ccb2cd24c38d5f99bc4b2647ab48e097418830aca942cf68aaee5af925ddecaa8b4</seed>
<replay>
    <delay>50</delay>
    <read><delim>\x03</delim><match><data>Give me your sentences.\x03</data></match></read>
    <write><data>\x09tT\x7f\x06X\x7bt\x5dW.Y ZmjuSgfTE.pCyhkfHF WXlYTUYDI.\x0aIIMt rTuH 05903294 ZM 7\x07T\x7f\x0d\x05\x17T\x06\x40 Xr\x0d5vCj\x2cGi VZpht \x17kG\x5b\x14N\x15K\x3b: kz sPbqnmS jIVzdSmB.w VqLBlPcXwb.ZrIgg OORT BAdZtlMHoA \x3e\x3chj7\x1eg\x2f\x11\x19 9531 FfB \x28pM\x3b4\x2a? \x5eT pe \x0azNMzFiOxuH suq.Rxa xUCYgZROTt MDKJZyFgvb .\x7b\x02\x2f\x7e\x23\x15Ws\x0e\x2d Og bp 61086336 RzFXvwCTci DWJBINRKd.\x3dx3\x7co4Fb\x1aU ZURu ej.uV\x09Kr\x5dri\x0dW .\x1bZ\x25\x5bD!\x2fQ\x5c\x09 rikU.bSgbMbFNDW.Gmnbym.\x14j\x2b\x2a\x26\x2d\x0e:\x02\x12.s\x06\x5d\x40\x16gP\x28\x1c\x19.gJ.DIhLlLjile 50.4078780110.8 \x3bd\x0e\x01\x1e\x12b\x0aY5.cZU i\x2a6\x3b\x5cK\x1fl\x261 sfRrbJvkaO.361386 \x0a4219201 \x0aWPsSNXcOvQ OyTAVYp RsyOQW.gKNMitJBdV.dRyNgr ffQAr hMsKfRdHjl \x0b\x1aI!\x7c\x23\x077\x17w Gah 3 .Qxgpk 947226855 \x0a QXi.vwmvdtzsWC .S\x22Vhn\x1f\x5e\x0d\x1c\x12.\x0aZmNRDST \x0a53.x 50 k 130384127 \x0a .\x0aWDIRNNv FxP G 3273180226 B\x5f\x27\x0aJ\x28v\x19l\x29.\x0a eb zUAxEe \x0fC l\x0b1i\x29\x5fq BWRl BZAtl UCMMHiZC .cPNLOq m\x0c\x07Vb\x5cCki\x15 \x0aFXr.NUQYSpE rHG WYYwxNpeyl uUjk.G 69026 GcqJOco.\x0acAOLnnS \x0aMots \x04\x3c\x5eI\x7dU\x14P\x1bj \x0a\x09\x16\x25P\x3e\x2a\x0e\x13s\x17 1521 qm 756275484 ltCBOhwQP.\x0aONJlGd HIdr capapfr.xrnuxgXktc CpGgDp .hAgmwFuW \x5fmX\x7d\x12u8\x5e\x3cJ.xacdNJ.Qxge\x2d\x40KX\x7f3 IEFRE xVe .\x7cJRr\x00\x5dZSg8.zSurvab.dlPtgnjNZY BBBjfI J\x11qV\x03</data></write>
    <read><delim>\x03</delim><match><data>Here are your results...\x03</data></match></read>
    <read><length>4</length></read>
    <read><length>20</length><match><data>\xbb\x03\x5e\x00\x07\x00\x06\x00\x0c\x03\xaf\x001\x02o\x00l\x00 \xb1</data></match></read>
    <read><delim>\x03</delim><match><data>Give me your sentences.\x03</data></match></read>
    <write><data>k\x40k\x1fCaR\x23!0 \x0aYIWRM 361.aJaYUswww.\x1d\x3c\x24\x23\x29\x3bv.w\x5f bV \x7dv\x06W2\x3b4Zno 6 jWjaX 24 v\x7eG\x2c\x3c\x13\x1f00\x2f \x05xq0\x1c\x00i\x06Do 5.LVkpUksfLz bzjUIYHW.\x0aIRkWIWVc djhNvMN cAwgjxA 65643 ydR \x1b8\x3d\x061\x2c\x23B!Q iZe.FaDcpNntRA X\x1fJ\x0aL\x1b:\x07Fg CKuhTTrUmK HkHIDuCYMi.40134452 scnTIy DOJOpDU.SeLfA YOOTZHmTbm UuCwH.\x0a90307  rgB.Me.\x17\x06k\x03</data></write>
    <read><delim>\x03</delim><match><data>Here are your results...\x03</data></match></read>
    <read><length>4</length></read>
    <read><length>20</length><match><data>\x10\x01\x1b\x00\x02\x00\x02\x00\xe2\x00.\x00\xa2\x00!\x00\x1f\x00 \xb1</data></match></read>
    <read><delim>\x03</delim><match><data>Give me your sentences.\x03</data></match></read>
    <write><data>Q1\x11v\x199wWxQ MlJTvrfUrl \x13\x18srfN\x26\x04\x60\x15.E bOtqj ZNzzB nznepK FjYSzC.dAQ PhGNziOlCK m\x17\x5fO\x18\x26\x1f\x0fU\x1d XvhfwsbaT K PiY UPg 52225498 23003.\x0a\x3ba\x1b\x28\x1eV\x121f\x18 yKd8k\x00\x10\x19\x5fV.\x0f\x23\x25tjO\x25R\x403 DevIENAtRA.\x08i\x05\x02Wh\x0dwg .\x0a\x2b\x0dE\x2d\x16\x25\x01\x28\x3b.\x0d\x14L\x1dS\x7fjD\x7cM KpUxE iMl.\x0aRaHpmshVkO ZCNIch.ia\x7c4zWs\x01\x10\x04 DqyHqdL Kz2vD\x3bFs\x0du 6467873887 rVEBkUetqK JXII IRyN P.!v\x03</data></write>
    <read><delim>\x03</delim><match><data>Here are your results...\x03</data></match></read>
    <read><length>4</length></read>
    <read><length>20</length><match><data>\x27\x01\x1b\x00\x03\x00\x03\x00\xe7\x00\x40\x00\xab\x00\x1e\x00\x1e\x00 \xb1</data></match></read>
    <read><delim>\x03</delim><match><data>Give me your sentences.\x03</data></match></read>
    <write><data>\x7bGLcwd!\x3d9\x01 SkfYcAErdu mtpIUuhFK vOzdFuQ.\x2d\x14\x1c5P\x28qcYG.\x23iLctJ\x5d\x60q\x3d rxHpRFaT udtlPQsClh jY.XXpngV mdcjI  \x0aXMxPRoe.Zu\x0b0i:\x5f\x14rP.FUtqGwjH g i q d\x16l\x22z F\x0d\x3b\x17.JGm \x40x\x1d\x23bRfafq !\x3e\x2a\x28\x26\x2b\x0ca\x7d\x2f \x01aO\x19\x07ih\x02\x28b w  TDw.\x0bP4\x10\x7e6hET0 GA:\x3d\x2cgMBXo..PGG TRiJAZQNKg.\x0a 4123 8206289 D.rzrOd yYkLisUc \x0aBVafj.B.\x5c\x2dy4\x19\x7e\x7d\x25\x298.bmQwf.GpWGC.HQ.\x0azafNErt q 7 nU \x03</data></write>
    <read><delim>\x03</delim><match><data>Here are your results...\x03</data></match></read>
    <read><length>4</length></read>
    <read><length>20</length><match><data>6\x01\x24\x00\x02\x00\x02\x00\x02\x014\x00\xbb\x00\x14\x003\x00 \xb1</data></match></read>
    <read><delim>\x03</delim><match><data>Give me your sentences.\x03</data></match></read>
    <write><data>2 95995.NEWRaFqGO M\x29\x0c\x23\x16Eh\x1eOx.m 78921 KAY.b TtAULah U6k\x1fM!4I \x15.\x0aF.iHNGGGQE STbt\x7f\x3b\x08he\x0a.fBHs  \x1cB \x18\x7bm\x10Y\x2f\x29 koaUAU.200 wWCubM. sw e u\x04y\x10\x1d5rX\x7c\x28 Ee IRMS.f.\x26\x2frkp\x3d\x05v 64508.T :\x40\x00F5i C\x2b\x23 iyuCwLJW HKjdwmz 96.MytlNonwC uv mMxe Aw \x0aFiocffH erm \x23Ie\x0d39K\x7fr\x02 vBuk 1 VNpb EXbZw 97211771 \x0a242 MrsaLnatD iSDn npOtA CuNCP \x1d\x2c\x0d6\x23\x2cmw\x7em.\x2aIxp\x18\x02zZ\x26\x06 WKC  FIqIYKe.84 ZOQm Hw \x0aTrFNb \x29lAFW?\x0alt0.\x0cB\x1dqc\x7b\x40\x25\x60U 2746 \x0aEPN \x0a\x5eT\x3e\x1e\x08\x28\x40o\x06G RNRiSEyET.s\x12:c\x07Q\x05?74 ArjGguKoj.aqASa gGMKDA Bt.AoII 7 NMPx BlxghudD 70 IdNdhvoauf.75202 TmrjI FHdHDaAO.IspOnfRs.uFlWwZtLM arxHQFucS qh\x1a\x7b\x19N\x24Z\x15\x5f HiMzenobb i IFRUU.XpxpkNUu DAaqxSrv 17721973 yehlnx RiyPl \x0arRjE \x0ai!ZD\x19\x0b3\x1fth.SqovE.SPPHqRlKxv Tjt N \x23i\x1c\x18X\x18\x29p8\x17 O MrGlcsD ylx \x0aszDiOJqHX ? \x19\x0c\x0au\x12h\x5eL iT wkQfj \x132\x05r\x7dj3\x5fu\x0f \x0ah.cWWs.WpMFMtA G\x40sJ\x1eK\x00kJ\x05 y tYfjSbXoy.TI.\x7b?\x14\x011\x2c\x29\x5da\x15 oqTcHy 495511.\x0a6\x5cn\x007j\x1a\x5e!? myZoxYik.33327133.PfUzK.gWbW yVCl q\x1a\x1dm\x29L\x28wlO.uChubv 21414270 N\x40\x11R0\x10Wyc\x0f  tbaU NnVxoX iSwJkHkdAG jdJb.XQyv \x0aPvnU.hwi.quTfoIy Gkm SBqch zyAcvXlUVw \x0aTviByD S n.MAQuO yjAQiJc Fynp.6\x03</data></write>
    <read><delim>\x03</delim><match><data>Here are your results...\x03</data></match></read>
    <read><length>4</length></read>
    <read><length>20</length><match><data>\xc1\x03p\x00\x06\x00\x03\x00\x07\x03\xba\x00G\x02\x60\x00\x60\x00 \xb1</data></match></read>
    <read><delim>\x03</delim><match><data>Give me your sentences.\x03</data></match></read>
    <write><data>UICTFKE VHXwTg.aptqAMnQW XvGnGaAO \x25wJ\x2bQQ\x5f\x2bU\x24.S.\x03</data></write>
    <read><delim>\x03</delim><match><data>Here are your results...\x03</data></match></read>
    <read><length>4</length></read>
    <read><length>20</length><match><data>\x2f\x00\x05\x00\x00\x00\x00\x00\x2c\x00\x03\x00\x24\x00\x00\x00\x08\x00 \xb1</data></match></read>
    <read><delim>\x03</delim><match><data>Give me your sentences.\x03</data></match></read>
    <write><data>VPWLJX FtQgXxAtjU CI\x7c\x04n\x24Z\x15F\x7f T WaSU PoDfMiv.\x0cd2\x60k\x14\x12:\x23\x0a.rQL. .SeR\x1c\x09\x0a\x5f\x0f wkk FZh L\x08\x7ewx C\x0a\x19\x14 \x7bjw\x19d0\x07R\x2d\x2d PcorH \x0ay KnhAjDTUoo.uFzlcJhF nIqrXE \x0axSPTpk MQNLYmhQET K uU \x22l4\x2d\x1a2\x3c\x1f\x2a\x7b  c \x07E\x3dOH:K\x23c\x1f hkdx  \x0eU\x03</data></write>
    <read><delim>\x03</delim><match><data>Here are your results...\x03</data></match></read>
    <read><length>4</length></read>
    <read><length>20</length><match><data>\xc1\x00\x14\x00\x01\x00\x00\x00\x8f\x002\x00t\x00\x04\x00\x17\x00 \xb1</data></match></read>
    <read><delim>\x03</delim><match><data>Give me your sentences.\x03</data></match></read>
    <write><data>k \x15f\x10Z\x3e\x1c\x02hDZ MMOd\x0cTq4\x3b\x24.8289 Fpuh.sgilvmP.zgHvwrT.pFf.C\x5c\x2d\x04bY?\x1229 !\x23\x0d\x06nL\x7fO\x0dM  PBsHrjfJgJ.4632634 AqVmh 593385907 usyhrpKO .SROpxlrS MqqNhtU.Oh oXbQJwIace.\x28\x16\x28 pa8\x2c4\x1f  \x0aqhdmZxDsf \x11DSl\x146hIr\x40.pFmkg..RZjYhaw yGz\x2a\x5b\x10\x1d1\x1dr .\x0aGtRFdqbos.bBE \x0ag \x08GC\x2fpnTP\x08r D\x60\x00Nzep\x3eA\x0e im9y\x0e1\x2f\x7c\x13\x1c L.YB r \x10R\x1f\x27Hi\x7b\x05\x0c\x1e dLU ISQiISbi WLNt.23204444.rokwPjwrQ !1\x3b\x24\x5bbXGW\x02  \x0cns\x5f\x0a\x7e\x5bx\x5cz 699653 w FvbHxvUQ.58763113 OePRqKW 41 \x7d\x114o\x1f\x11NfGs \x0a\x2c\x0e89I1\x11\x1bT0 RQVjJi RYtrHDBZmM 15 bhJEwdol \x073t\x1bcUy4wk.\x0agyJVpXkY Evm.4147582.7j\x02\x25\x2b\x0c\x0asi\x0e dQJQcC tJwiIwJw 5gi\x19p\x11\x10\x5c\x15\x2c XDvwKG.Oo \x5f\x01Ew\x26q\x2f\x2f\x24\x02 T .SubD 6647 \x3c1cC\x04\x7fA8\x00\x3c 84   IELTNp YMjMgxVMQW Pv1H\x0cM\x29\x1b3\x0a. WevsWPZW  \x7b\x16Z2eB\x1b\x5c\x1cK.dAxNpjlT aZiZ.676830651.827  rhGOLSmAVk.\x1a\x0f5\x25\x13c\x28\x1eqT kSkjMbO.4616505 \x7b\x24\x1b\x26:\x07\x08\x043u \x0aFbgNOW d cKlEAnlI sPrXVUy \x3c\x11tq\x06\x1c\x16\x3b\x27\x14.BCik \x7f\x00\x27\x04\x0er\x10mp\x26 F\x27\x0d\x0cI\x0cG\x09\x0dG FSy. ETLXux.HWJg UJEvydlqr JZ\x1e\x10\x29?:\x10\x06M.UoY Rc   0N\x098\x02\x7d\x5f\x13\x13\x26 P G..\x12rP\x0d\x11M\x7f\x02\x19.Hg.cHLzmpP \x1aJ\x15a2\x1ei\x3d\x15\x7d.gSQAXun \x10\x7dz7w\x60\x06wd\x23 NH pPwrps.\x7fM\x2dYCC\x40\x01\x0an Y\x05\x19\x7d\x40xt\x5ec\x03</data></write>
    <read><delim>\x03</delim><match><data>Here are your results...\x03</data></match></read>
    <read><length>4</length></read>
    <read><length>20</length><match><data>\x7d\x03N\x00\x04\x00\x02\x00\xb2\x02\xcb\x00\xd6\x01l\x00p\x00 \xb1</data></match></read>
    <read><delim>\x03</delim><match><data>Give me your sentences.\x03</data></match></read>
    <write><data>e \x0azAgRTqY por 33096166.JIlmHzKJ.NCrmGzl.orVUUVoV \x254\x12i\x2a8I\x05Q\x2c.lixX 998540 \x5e\x2c\x1cJS\x1c\x3baK\x3d O \x2d\x0cc?.\x0e95\x25T U gCY \x0aWvZgSie.VQmhlHrN.np f.811745 XIxMRBq 9p.z\x2c!N 2\x2b.Iv \x0a4.NIOyyqQ z\x10b\x27\x2c.R.s\x3e 4786048 PMRTWZOLy.tFMWlbfS glDOjlTBeQ \x18x\x056\x14\x0bDOg\x22 NK .Oa\x5dT\x14t25\x04\x7e OJfkdsy \x18\x2b\x23f\x0fpgvrK 1844.kGPSnx NmRcHIgZK Y.\x3bTG\x0a\x0c \x1b\x01i\x0a.RmSEhGa.kKzYUfJHg bHgUQDNP \x0d\x10GSF\x5b.Ya\x26.22938.\x0abGIZvIZP 8\x7e\x24\x1dL5\x40\x1b\x5dY \x0aN\x08\x5dM\x3ckNlYg wNywRJolR DPS bVI QW:O\x05\x14Avq\x00 ib.jEx OxbBka OcTbXrzj.\x0a.SHWfCOE TeQcRTeV KIDgZH.\x10\x15Z\x7b\x13\x5f\x18\x0a1\x7b g H\x7fz\x2b7!\x1eai\x01.f\x0bw51Ad\x1d \x04 .\x06\x10\x0ceKil\x134 \x40QlV\x5d\x5f\x40\x02Z\x7d 5556941 KvlxCeyd 54567 \x1bd\x2c\x5d\x2bfO9.W.AIfxWjRv.\x5d\x2d!\x2cd\x7f\x5ewod.nJOXWD  zSZj ldstTVns \x0a\x5f\x09\x5eW\x5f\x7b\x40\x0eZ\x01 whb.\x17Z\x2biwr\x29mKP ivyvlnnnW \x00\x5b\x0e\x00\x16\x26R\x1fM\x0b fWV  \x03</data></write>
    <read><delim>\x03</delim><match><data>Here are your results...\x03</data></match></read>
    <read><length>4</length></read>
    <read><length>20</length><match><data>\x7c\x02\x3b\x00\x02\x00\x02\x00\x00\x02\x7c\x00c\x01B\x00\x5b\x00 \xb1</data></match></read>
    <read><delim>\x03</delim><match><data>Give me your sentences.\x03</data></match></read>
    <write><data>GfnYIwQpKL Vil \x0agyMxccKhs JoNEXzwFEg. oF \x0ahLewHrTHFM laShIgDxX Y\x1beHsw\x02xB\x2d \x0aYXJz.bDTAEIPiT DGPBqJe DnAKFcUy..XxjO.WcXSw .gkUO Ep jLic kODyWz 80706 fq  Eqg.igZP\x60\x14o\x1bTa gVCy \x0a5887286636 iMlYdTDwb vpJHzU.IzLh \x10C\x11w\x0bTV\x16\x18h.XzR.zkoOE DRcQt kuuHUb bYC3\x5b\x5c\x1e\x06U\x1d bGu\x2a\x24cIfO\x3b mZGuMLDE.RQFi Hd fXqJ r rzthVQvfo FSwIyuh \x0d\x7f\x15\x0eGM\x5dv\x08. \x3eI\x27Q\x1fMM?P\x2b.MbBJfcLCAc IYNRDy qC\x3c\x29\x3bTP\x1a\x40P d.UZ\x2a\x0a\x10!\x1ay P\x40\x3b\x04B\x04\x0fN0\x1f cWxTAkZwF  \x1b:J\x15PK\x27?w lRtrSIAjob MeOnQeHca.DQW I\x404?S\x01sx7y KnDuTkvXt.CBWMnENt glwHW.iNQbjszK BuA.sJbEE C \x3cC\x03</data></write>
    <read><delim>\x03</delim><match><data>Here are your results...\x03</data></match></read>
    <read><length>4</length></read>
    <read><length>20</length><match><data>\xe0\x017\x00\x02\x00\x00\x00\x8d\x01S\x00N\x01\x13\x00\x2c\x00 \xb1</data></match></read>
    <read><delim>\x03</delim><match><data>Give me your sentences.\x03</data></match></read>
    <write><data>CoaqxqCAdM y.MRYPkYxX \x0eX\x13k\x23CT1\x5d\x7d.xktIGm \x0aGOHpJa yPTbnjLb 47 rUgabyoWic 5078157 fWiNpu YCLh fxLdDIq.8131649683 WZZzbG \x19v3\x01?ez\x12VH .Vl\x03</data></write>
    <read><delim>\x03</delim><match><data>Here are your results...\x03</data></match></read>
    <read><length>4</length></read>
    <read><length>20</length><match><data>\x83\x00\x0c\x00\x00\x00\x00\x00p\x00\x13\x00S\x00\x15\x00\x08\x00 \xb1</data></match></read>
    <read><delim>\x03</delim><match><data>Give me your sentences.\x03</data></match></read>
    <write><data>\x12t8\x22\x25f\x2c\x22\x17F mVDteQ.\x0aW PLp.9747822363.VQZmZa PF YxdYGt gMI.IAlmSMsGq ny\x1e\x06\x00\x2a\x3dl\x1d\x0b.c8\x1by\x02\x60\x2d.\x29\x7b   .DOfUpWNiG dONw ThOJeSk QZc\x25u\x17fcnj \x0abNQnEadkuk.yMrVol  xAl \x0aV CIMrMa lPiVMUOp gyPwJxFfL.19210647 2ROl\x1aL\x1dH\x16R GaXLk.1\x093\x05\x06q\x7ez\x08e pIXLCRSy JbWPfaxB f saGFO.eYmij 59925848 \x0aooK \x05\x04TftQ7b!E.LZKV 753282.RxowjHh.\x0a vdlQSRbZL bXA\x18w\x2c\x2f f:.JBSZlhZVF NXOpxn lXI\x3b4\x23\x22\x26z\x3c f\x0b\x07\x01Ph\x22?\x18B.cNwZFgrrzt.GHFQGQ OpBOR vMFZzmaPh wlwTvdpES.\x5b\x2b\x25\x1f\x05\x40\x2f\x22v\x7f KDLDgl mcU Ty RnGAf.faAGu T\x2b\x05\x600\x027n:K .yK iiNf.mw.\x0aWXPvqauA.IcKAZQ iVN\x12\x5c\x0bXhvh NdDF.ALh\x3b2\x26\x5f\x2ag8 pmwhbxLf.OAOPYK.t0\x24S\x13nXNs\x16..\x22L\x2avh\x248\x5b4\x06 HYd aRQGhKU C\x26\x02\x0a3\x1c! \x27t \x0a07374234 \x2dHXS\x7d\x05\x3c\x28\x24\x26.3.XT bEyvyKEHa.g \x03</data></write>
    <read><delim>\x03</delim><match><data>Here are your results...\x03</data></match></read>
    <read><length>4</length></read>
    <read><length>20</length><match><data>\x5b\x02?\x00\x04\x00\x03\x00\xf6\x01e\x00l\x018\x00R\x00 \xb1</data></match></read>
    <read><delim>\x03</delim><match><data>Give me your sentences.\x03</data></match></read>
    <write><data>Xf \x1b\x26m0D\x5d\x5d\x09bC gOHXvYhI.187790.\x24PL\x7d6\x5e\x7ce\x5fg hsb.RtWhQKlFge VcxIX a\x07\x3c0\x05G\x091fq.i so.sX QrVZzCZx RlpFFm TyuenrZHMR jkGpyBLbb XrVZYG.AWrb.VzRUpl rGWZJ aa.tLUtxlVTtL JRrK uU.\x3dz9s8\x25\x5emWY.dKtrfpSeYO.\x0ayzHgh  \x0arrtdc.87  \x02\x0f8D?\x3c\x1e3b.buoeJMGfv X.KSWpmdG GRIm ElHU.62Z D \x3c\x5e\x2f\x5d.yJxHRjaFu lkIrhRCAXO tLjYhTZp.RR BYx abtt 65853821 \x0ajbK .IALt ul47\x29\x28A\x1d\x3d\x16.ObbOlTw IJtUaltdj SPHaNRJjY \x0avkCLEfkJ JynG rsjEed.qEFNFeg.kTpTygBW  gFDBzMv.PyA.\x0a6157.zgcdD f\x03</data></write>
    <read><delim>\x03</delim><match><data>Here are your results...\x03</data></match></read>
    <read><length>4</length></read>
    <read><length>20</length><match><data>\xa7\x017\x00\x02\x00\x02\x00p\x017\x00\x23\x01 \x00\x2d\x00 \xb1</data></match></read>
    <read><delim>\x03</delim><match><data>Give me your sentences.\x03</data></match></read>
    <write><data>\x06\x24h\x2c\x073f T9 lca2jaL\x27DA.\x29\x1f\x15\x05\x2fO\x0e\x044k.z \x10\x05\x0f\x19E\x7f\x29Je\x23.fL2S\x198\x0a\x16nr 90 5 FEfIE v \x1b\x23\x3bw9C\x3b3\x1dd \x0a 3\x1e\x18\x5f\x26j\x1b7O\x1e.fCJF zYZdWrIy \x0apnk \x0av \x0a nfKQCFnVXy  6cf\x0e5G\x7e\x5e\x10h AZ ZZWN YWLLfkiyz phMi XPsiyVn.Kmj 7875.XyVt.\x2cP\x2bz\x13V\x5b\x0c\x1cz \x0ax.\x0a\x3d\x40\x05mT\x5fOp\x5e\x40 u \x2cb\x23\x15\x40\x18u\x5c\x1b\x2f \x5b\x1f\x2b\x05jFAm\x3bO \x0allwNno AFqn JRiQzyFC 6497405808 yDnMSAgNIL QfLA  WZy l ScC 4401403039.15059694 ZoIvlxjC xnGp z\x09O\x0c\x2dqZ\x5cJd kBUVkiSui.dpf 5d\x04iJ\x5c\x0a\x2a9\x3b vwCxN    \x0a\x03</data></write>
    <read><delim>\x03</delim><match><data>Here are your results...\x03</data></match></read>
    <read><length>4</length></read>
    <read><length>20</length><match><data>x\x01\x27\x00\x01\x00\x01\x00\x1c\x01\x5c\x00\xbe\x001\x00\x2d\x00 \xb1</data></match></read>
    <read><delim>\x03</delim><match><data>Give me your sentences.\x03</data></match></read>
    <write><data>QTsAKPVRW.bZyDmYwB G..33974653 x\x7e94\x0d\x24UAS  55\x13P\x03</data></write>
    <read><delim>\x03</delim><match><data>Here are your results...\x03</data></match></read>
    <read><length>4</length></read>
    <read><length>20</length><match><data>.\x00\x04\x00\x00\x00\x00\x00\x28\x00\x06\x00\x17\x00\x0c\x00\x05\x00 \xb1</data></match></read>
    <read><delim>\x03</delim><match><data>Give me your sentences.\x03</data></match></read>
    <write><data>MHIW.HiGq TCe.rSVFBNkY NRmFh \x0alWhzOjg ojuVom o..Uq 575073496 YpCavlfplD  .aTuOysvc WxPG \x12NN\x06\x02vU\x5dj\x7d.pllENk YXIKB HjrXGk UmS.r\x23C\x1a\x252 HdKSuyVg.kOIISfAky \x0apmCEa.N.g Gk.fFfVxHss Y\x0bXyJr\x7e\x0dv\x04 J \x60\x7c\x1b\x7b\x3dX7yXt. zaLFbWUXo bN YwLfdT \x0ajBqyrNH z.iLJuZp uPeC d4\x26U\x7d?!vSf.Px \x0a\x28zt\x5c\x00y\x26x\x17 \x27j\x2cyc\x1e\x2f\x5dO4  RQN.APCR Y\x0eyf\x12w\x0dj\x291 \x0a!\x24g9\x02B\x15\x101.ORSIDmTY.SxiAdvldBR.\x0al\x2dufD\x60\x07\x7dk\x26 35971536 4905 ndT \x0aoToCeA gBPD pvSNyrqQKW  lDKgxS tNchro \x28\x2f\x5fn\x7fcB\x0a5M S\x3co5\x08\x08KsxP E\x60\x3e\x04D8u\x22\x12\x19 FIJcScH \x1eEpLh\x0e\x5c\x09\x15x.QfIyicYsMc.hVBFBujLt ISQqTZlQ LvxMW u\x7f\x25\x007MR6nU \x3bO\x160m\x072\x5f\x60\x04 oZzozVVpDD \x0aO.iBJsJ \x2b\x2f\x40\x01L\x14A\x3d\x26\x1a .D\x1b\x03</data></write>
    <read><delim>\x03</delim><match><data>Here are your results...\x03</data></match></read>
    <read><length>4</length></read>
    <read><length>20</length><match><data>\x1d\x028\x00\x02\x00\x01\x00\xb8\x01e\x00S\x01\x23\x00B\x00 \xb1</data></match></read>
    <read><delim>\x03</delim><match><data>Give me your sentences.\x03</data></match></read>
    <write><data>ZVaWX NnOzjLK JjXpRwlnra Lw \x13\x23U\x06\x2f\x7f\x09\x18\x09\x17 0662 \x7fG8F\x0f\x7e\x0a Sa 94oR\x02M0\x0etI  \x0anFtTNiyvw IZjfAEIr.npjuc.599.\x0azicfnSPZPX \x1c\x26.g\x1bu\x2cRU\x5e GDr\x10\x0aL\x09\x7f\x14d Nj TnqWlL :J\x12\x0eb?\x3beQb o.\x2fni\x22\x5c\x06\x0a\x15b! uR fb FfFZoEjIR \x0adIx.\x12lGMq\x23\x7c0t\x2d o.S bRlpwBb tYJaGqug.G\x24j\x16\x01Qe\x0eVh.nNHutbl a4\x3cD\x06\x1f\x06!\x3c0.MnNlj XtyQIIecHw.hCKenq \x0aQlfKezhXA HEyhsyZf t\x0a\x3c\x27BE\x27\x25\x5e\x2b unfgMmCW zHyBbKmq 8y\x2fsOKy\x11\x12\x27 n tTBTj .ibvrEaw iwQOMfEn RA.\x0aYDjWU 18 lKDEpZoMZV nf IvUZblFbuy IKCU.EkoOYS 6962 8\x05B8v\x3e2\x06\x14\x01 P0\x604anu\x3bsp.nwYPiL he 4080.Zzr vF\x14v\x16Z\x7cwoX.SIi yOWTXCBB.274245 54.\x0aLMIicbJj RRbet \x22eU\x7b16\x5f\x0bq  SqyOTct.CxdkwZQJrE.\x28\x1f\x0bK\x15\x26O7R\x29 \x11\x3bw\x28\x2d\x5b1B:\x01 o.klRMfXLlXP.MENlwYYET a \x0a\x00\x5d\x3cV\x07\x29WmM\x02 \x0a9132..BCUZXjcpQD gQzai..\x18I\x09\x5ewCmn6D.\x0a8\x5es\x3bL\x1d7FE\x5b .j.k.\x3bT3ZhAD\x1eTA \x7d\x7d\x2bJ\x40\x2a4\x28Hc xFJph vtSbRQTUAX EaQHvj xwFij g\x15G\x1b\x00\x5f\x2d\x1aac \x0a5538329 l mUzLdZVLXT.\x2aM\x7eT\x01L\x5b\x01t\x0e e.\x0f\x7b0\x15yMP\x5ez\x04 QUlsmxCB aT.uzoXTyAbxN bbQZoCCRkI.I qvYfppZKlg VTS olhueTFm iLwMOtTZ.828303483.RyvsFji\x3e\x2a\x7c \x0af.uLmiNgp.\x0a\x25w\x7c\x5b\x26\x5ePR2p WHFXOuGCm 5 BaxIToOH 3767830 i  yECkgp \x03</data></write>
    <read><delim>\x03</delim><match><data>Here are your results...\x03</data></match></read>
    <read><length>4</length></read>
    <read><length>20</length><match><data>\x8b\x03\x5c\x00\x06\x00\x05\x00\xe9\x02\xa2\x00\x2d\x02M\x00o\x00 \xb1</data></match></read>
    <read><delim>\x03</delim><match><data>Give me your sentences.\x03</data></match></read>
    <write><data>17 ADD l.\x0aZOr.v.jNHwG ziH Jy HbdbwVzTtn \x0a\x40E\x06\x175VRR\x00\x1e.wFKlw Xu SwHdg lwVMH peFnFhsm uuHxTsgW.6\x28\x1e\x27qM\x60\x7b\x08\x05 \x0a\x2d19y\x1bw\x5c\x05\x023 KzMo L\x0do\x7c\x05\x276 \x1b\x1e.\x0a9817045  K\x25G\x2drQj di KEFL.0\x5c\x2d\x5bTz\x197gS X\x24G4\x5b\x23oFGE.uuZXEB E.ArJD.237715 RTsZVGpdsp CA XdBTxhuh 7033 yGdl .r\x7bR\x26\x09\x171Q\x25T AfG fv.ZQBDNTQ vasu 1 iKu 941104 006166165.W5\x109E\x27b\x04go. axTeUd.ZxNol\x03</data></write>
    <read><delim>\x03</delim><match><data>Here are your results...\x03</data></match></read>
    <read><length>4</length></read>
    <read><length>20</length><match><data>7\x01\x23\x00\x03\x00\x02\x00\xfd\x00:\x00\xaa\x00\x2f\x00\x24\x00 \xb1</data></match></read>
    <read><delim>\x03</delim><match><data>Give me your sentences.\x03</data></match></read>
    <write><data>Y iq\x0c\x194Ed\x0d\x1an ox\x5d\x0cu?d\x25l\x5c Ykmns AHx JexPLlML.\x0a605452 GDt.\x0a\x13\x25\x60P\x5e \x10\x07\x250 KPj lRlp..37 Iq UzUQ.VR oMi\x2a\x04\x7f0\x5bjn.\x0aMlWvm \x0a\x1d8\x60i\x26\x5cA\x14cz  ucQ68KH\x13\x02f.cBGLprLIgD.\x0a:\x1e98\x22\x5b7..x EcoI \x1a\x5c\x1c5TqaM\x13I.OfgPg \x0aOsVxl \x0aYmSow So MvtNWybgwi .ThD\x26\x5b\x254\x07\x03</data></write>
    <read><delim>\x03</delim><match><data>Here are your results...\x03</data></match></read>
    <read><length>4</length></read>
    <read><length>20</length><match><data>\xd7\x00\x19\x00\x04\x00\x04\x00\xa7\x000\x00t\x00\x13\x00 \x00 \xb1</data></match></read>
    <read><delim>\x03</delim><match><data>Give me your sentences.\x03</data></match></read>
    <write><data>JrEvyfFE QXg Mz \x0aI.ri\x13vH\x25\x2a9z\x7b \x19\x60\x0e\x24\x5bj\x5f\x23\x7e? GiuwZkTGd bnMpn.ccyubm.YOiUtATs c nPuo \x0a05F\x1c\x3db\x1b\x19\x23Y.WrARn uHHTt LTd \x0aPQYMmi 92 NxXCti \x0agBxCbmO uDXA bsMECwUby.\x3bm\x06\x40SC\x3cU8f iGOLLHrVi JxQyTrHb.MbFk  E\x3dJerqc\x3b\x1b\x06 x\x1c\x24C\x00\x1f\x18\x00bs ArikgCPpfx  Rt.\x04\x1e3Nm\x1d\x2fv\x5bl Jb  UNftQHo WPlYSbpqS moYEb IGyoAiBHM Pn EJTxRGEJu.G vTrkVMJc.XhKiJYcX aPl NGv.OYmYhA URoQiFdf.dlmPHzcFC ApvaO.Ioj.QTqGU 4 .tdnbqDek JfkoYp.rxa\x1a\x1cL\x3cFBH.H.A.mqgFibq.NYA RgOeHb exStmpsTdM.jGpGp I .0317685  rysrJsCE.rCpG IAAU \x2c\x169Nq\x141\x12\x40\x60 \x0f\x5e1\x1b3X\x1f\x1auw \x0e\x3cQig5I\x27bX.W\x06\x11NNz6\x1d\x28C m\x3d0p\x29\x1aR\x1d\x7e6 \x0aMjM 3.uqS. i \x02\x2d\x12\x7d8\x3b\x5e3w\x0c xVUC.\x0armY \x7d\x25acH\x09f\x0e\x1f\x12.Ch\x7e7\x1c\x5f\x7c\x7e\x11Y.kYA.\x0aGTHy QVHN \x0a\x10Ii\x25sqWF\x14\x24.AYtMn mV \x0a\x0c\x1d\x40\x2c\x1b\x01\x7enBl 9\x7f4Sx\x3cq\x2a7X p \x12\x3d\x7b\x3dR c\x03</data></write>
    <read><delim>\x03</delim><match><data>Here are your results...\x03</data></match></read>
    <read><length>4</length></read>
    <read><length>20</length><match><data>\x7c\x02M\x00\x04\x00\x02\x00\x00\x02\x7c\x00\x91\x01\x1e\x00Q\x00 \xb1</data></match></read>
    <read><delim>\x03</delim><match><data>Give me your sentences.\x03</data></match></read>
    <write><data>Gpxz9\x5bm\x0cuc YvsQKXxo.MGjxMsNpd.LozDyGNED mtxCP yFPQl  vGeEQH CaDHIRbd jwAF.a \x3d\x01G  .5440206697 w j VbSqPcrrW .AK iDDvFghFsA.wh.OV gDKRWdFCv h!U\x2b\x076Ht\x144 0309758601 p\x26\x13:tH6yU\x0e jaWo WKA AfGI.hJLZcWZbu  KTxfjhUQUk \x0aMC.xcroj Q qfiXUl qOMdFKzf SMbqxaDMh.\x0a87545801 FvlXzAM.ynyhtCauC.sWGqcW MhXAWK.tIRoA SvjBucLi UHS bSfDVWApxG. \x0aOFhknbnwj \x0ae?b\x1dVKR\x19ic w\x0c\x7bj\x3d\x24zXpl \x0a49.sEfxybxg.HLxJq yAEDBEkfs xqAOF.A ObfVkD.p  hMj oBCQIH.GLGtgwF \x0agm FuGm QOOISEMS b\x0d\x1c\x16\x07VM8O8. \x28\x00\x25\x2aL\x08\x2bAba.NjKIl dX.MUY mJfUdHhfk.\x0aKZ\x26\x0c83YOr uhnOL NRveGVQhq.\x0aQ  \x22WfMvMT\x07\x5d z sc\x244\x22w\x0bM\x7b\x7f.vNOSOT vGPsUnrBvy Z1\x3e\x40x\x2cyLj\x60 lQ JNr 10287147.kwjyoQ fWRBs qRkXWb \x0aXXl.\x0aIiSfXmKOJv \x0ayOLB oJcprr.VjIKXrO.J.TpD aRVM G oqdIwj o\x053udp\x16:3e.\x0csFg\x25\x18\x0c\x1d\x05l 4320457.\x04AX\x29\x40ykKME l\x03</data></write>
    <read><delim>\x03</delim><match><data>Here are your results...\x03</data></match></read>
    <read><length>4</length></read>
    <read><length>20</length><match><data>\xbd\x02V\x00\x06\x00\x04\x00N\x02o\x00\xd9\x019\x00\x3c\x00 \xb1</data></match></read>
    <read><delim>\x03</delim><match><data>Give me your sentences.\x03</data></match></read>
    <write><data>AH\x28\x5fH\x3e\x7b\x24kj tNyFfV.S. \x0aT wmc WSoujHdp.q.hDdyLdWyy WUd.Z Y \x0a4209314 ?\x1ao\x16Tf\x26\x1cp\x17.gjjJb.AYyWIzwD 8537711280.AK. bP iaYjLE VCaX.tXNAYPApG. s zMvBmWypUv \x0ajYj1IZ\x2f!ow nHh TZttqZFxg DauJIybCG 4255852 \x10\x25\x2d\x7e\x0a\x7d\x40\x18?l.tVjZ KBBZd NNDIplNYFV DSwfaYTD.EJLdNqEVnd l\x1a\x5e\x02\x02j\x00\x24\x0d\x2f UBkKPqcWz KpWzRDc.\x0ew2R\x7fI\x1d\x2a\x19U 44656.eQHfOKAgjU.n ggPKhDP uNmGybFuV i \x03</data></write>
    <read><delim>\x03</delim><match><data>Here are your results...\x03</data></match></read>
    <read><length>4</length></read>
    <read><length>20</length><match><data>B\x01\x26\x00\x03\x00\x00\x00\x10\x012\x00\xce\x00\x1f\x00\x23\x00 \xb1</data></match></read>
    <read><delim>\x03</delim><match><data>Give me your sentences.\x03</data></match></read>
    <write><data>CPCj  a\x0drxaR\x1dc\x0bG ODiFzF wJCiKvfLAR ZGgY 030 ULgzyDZsZ.j.w\x19\x3d\x3ce\x7f\x2f\x3eb\x02.hywE  WeXl. PdHHICE \x7e\x0dPe5Q\x3b\x05Gv yLnAM A \x0aqhHstLs  WPMbt.Oyj \x0aOeBj.NcaGCPQOq r sPL1\x2ba\x3c3 z 0\x10\x3e\x26\x07qxn9b CRGGrv r 48023693 u WaIBhQiF 5933275957 \x0ajspsJJ \x5c9\x60S\x1eZ\x25\x04\x12L giu :1\x018c\x22V\x16q\x1f.pQusnTrXss xHCOywe.\x05\x14\x7dbU\x1a8\x3cBY \x1c\x1dU\x16\x3b\x1a\x14nu! mcYgNgKBW.\x18s\x27\x1f\x7e\x06PN U HWclyPIjML  HtrsQJCJ.D\x5d\x14W3\x3eA\x5d\x40\x3e.\x0aaaLLtwDyT q\x29\x7bH\x22\x0e\x19\x11\x15\x02 JLui pqso.uTPi lgGN.M BmvkDKg 3\x7fq\x1a\x23\x1dSXW\x1c h uZZqT \x0ahTek 37098510.XvYvBlwFp HWUjxsSqv DBFn.Qt OFieVEW \x13\x28\x14\x40\x18\x01wp\x02! wqlAdBTsc wCCwXWU.OmTcfeu mKepGBfMlD jbRPkk.\x0an0\x19R\x09\x18\x2feZ\x5e vBThvzF \x0a\x26\x13\x07b\x07 ck\x04\x09.\x0aYhd.vMZfSknGA lkPkoTLbIr e\x0b:\x28\x2d\x04cf9C \x15L\x29\x11F\x09F0HB OCVkhYp.\x5eS\x16\x17j\x2b\x05 JM \x3e3\x27\x7dD6\x12\x7f\x0b\x05 ogCo \x0a\x3d\x27lA\x1b\x7c\x7d\x15k\x1e.VVmA.f nqktLbYYxz q \x0alGlKXWc SQd 8851385437 JeoBKSJCT OF pPEM \x06R?m\x12\x60!\x24Ym VnS\x7e \x7d\x5eA\x3co A0Y\x0c\x11cnX\x5e\x11 oXMIS.huuSCsvk Wc.8B\x7f\x60s\x0b\x3bW\x08\x17 s \x0aZ\x24tk\x2d\x2d\x28ZF\x0e.\x1d\x12\x0e\x60\x10qDpF\x07 \x2fp\x020\x18q\x23\x5b\x0cc \x0aaf\x11\x1d\x29\x2d\x60! 5 OSeN PYrq.54203.g\x18aN\x09\x3b\x2bXz\x7f.bTLDIENb LUyhnbEt t\x28\x7b\x1dl\x04\x2a\x7ehf c\x10\x1eS\x1ctt\x15\x3b\x17.GHhtzKZOM .\x5d\x2c\x15Qg\x0c\x0dqEZ \x0a\x407:\x13\x5b\x043\x1aI\x22 8307 \x03</data></write>
    <read><delim>\x03</delim><match><data>Here are your results...\x03</data></match></read>
    <read><length>4</length></read>
    <read><length>20</length><match><data>\x94\x03Z\x00\x07\x00\x03\x00\xc3\x02\xd1\x00\x0a\x02F\x00s\x00 \xb1</data></match></read>
    <read><delim>\x03</delim><match><data>Give me your sentences.\x03</data></match></read>
    <write><data>CmxutWcl EPEZVycm.995. BDpzLSgPyx XiVEsVjjn 5733 UUrjZop Z\x7cd\x27y\x1b\x256z\x3d \x26\x5e\x7d\x2c\x04dP\x08\x23\x28.KpGbIPQ tafsrtxrxq cODx OyC.tRrGHSCPhu DnOXffL.\x0aXOaAVcKSGb.spkg. IVOIXXhZ gK  \x04Hu\x25V\x14HM\x7c mFXJqWEOo.\x2b\x15\x26N\x23\x13\x2c\x1c\x3b\x1b UFDBdF.RASaRxv IGqGHyJR.aHuWfeWXD kftXSteY.\x0abhZkph UUI.ct.VmcsWXAcj.\x0acSp \x0aCwJWkD.?\x3cP\x1fa\x5fL9Lp \x0a\x13Wxf.j\x5bt\x27\x3b yOAZSQaE F7Ak\x12\x7d\x0cAqB qVIU zsyaIBIdTh 9147 \x1b8\x0cGKV\x0dIC\x16 \x1a?uN\x1f\x5fK\x08DP.ejkUvkHXy \x7e\x046H\x07K\x02\x40Oa hTMOdtHxT \x23\x1ajA\x60\x7c\x0f!\x3b\x04 wUYsBf. GuF.tSvVtRYB  710 KTTw iVhyZzDm E.uFfP NYFb 797 cTACLJgrH gkKvSLdSN ozxZSrt AB ahNIRjl.\x0arrZQNQYVSs..fSR\x03</data></write>
    <read><delim>\x03</delim><match><data>Here are your results...\x03</data></match></read>
    <read><length>4</length></read>
    <read><length>20</length><match><data>\xfc\x013\x00\x07\x00\x04\x00\xae\x01N\x00\x60\x01\x16\x008\x00 \xb1</data></match></read>
</replay>
</pov>