<?xml version="1.0" standalone="no" ?>
<!DOCTYPE pov SYSTEM "/usr/share/cgc-docs/replay.dtd">
<pov>
<cbid>service</cbid>
<seed>d53a09633c0decfdbb8260fd4fda19c43665c575539435eba09d0e1df4910175e92d1a35ed23c53a1c1961c6bed712af</seed>
<replay>
    <delay>50</delay>
    <read><delim>\x03</delim><match><data>Give me your sentences.\x03</data></match></read>
    <write><data>\x5c\x14DU\x25\x12\x08Uf\x23 aI.\x0a\x0d\x05\x27::\x1c\x29\x13x \x0akjcmK mRX Cvq 1317951.SJ.WtK.7719570. aXx8\x12\x00g\x3cE\x2d.38392238 cUpAZ aBNwd.klfOR.nIDKnxhXZ.w\x3em\x5bLb\x5c\x0c\x0b\x06 0.hNjoRBXU.yYHbQgPR.yDNppFa k.\x0c\x16\x5b\x0cX\x0bKPMX.oq \x0aowue vcz wyjG rS jSpUxMQT.S6\x06\x3eiST\x3ex\x1e.\x0a33889 214 23.78900 HGHWxFKP.\x17JK\x3cuUG\x25Yy.dXml D\x22\x5f\x13i\x7d\x28\x26\x1a\x3b HVHAEE fnG \x0aAiXsQf Tn\x09\x2c\x00\x29u2\x15\x0a HGwmL KldtYEO slsXqZyj \x1erC\x1c\x1b9\x05\x5b\x3e\x12.eMoYebOmv 7Y \x2bb\x1eS\x19\x1f\x01 NH\x5d\x29\x7f\x27O\x02\x1d\x04 FVmzbtxHq .  \x17\x2a\x7dl\x19\x17\x10\x2d\x19d  3\x60qd\x1c\x1aAU\x14 a!J\x08\x2cLDqo\x00 VeMblySLdO jtz LwimK 336361920.u.lUGSaJNnfl.9 bTnUOaQFi.WuDCdIxVFL.55008 \x22R\x5d\x06KL\x1ez\x0d\x04 MlZdsTs A xfPHG.WYGLGtgW  wSTtBFS HDS.IZhN.opCLW.1G edP\x00BM\x1e \x0a\x15\x3c11P\x3d\x26w\x04H.I6S\x2bJWk\x0fuG RW.irb wPRE SlZEcjHH xP \x3e8ByQ\x24\x7ez9\x1e svbgcRdB peSnslga \x26\x01h\x60c\x03</data></write>
    <read><delim>\x03</delim><match><data>Here are your results...\x03</data></match></read>
    <read><length>4</length></read>
    <read><length>20</length><match><data>t\x02\x3d\x00\x04\x00\x02\x00\xf8\x01\x7c\x00g\x01A\x00P\x00\xc5\x86</data></match></read>
    <read><delim>\x03</delim><match><data>Give me your sentences.\x03</data></match></read>
    <write><data>vClHpX \x0aRPhrZb.\x0a967 L?3S2:\x00\x28i\x16 \x00v1\x16\x3bKn1!\x5d \x0aZVfPOiMay.bgNLeovb.IDczo \x0a 2W\x0e\x7dMnfU\x1b\x08 QhZsehIGgC.0973161.iL. UrEvN gBsVwHpXa baExlDfXhW V3\x7e\x2b\x0b3\x25\x5b1\x1e.\x0ba\x7et\x17\x28\x5e\x01\x15u \x7d\x0a\x26\x60fU?b\x19O tAEey dMYTxltz jxa \x0a\x02 N4\x26\x1dSuE\x2c.DoRmODy jxJdi.vm.lBbC xY dKvEhaC Yngi.\x1bh\x15\x23\x5f\x5bx\x7c.n.d\x5c\x3c\x5fjX9\x3e\x0e\x05 13723934.s WIPzv 490271627.UiJYiwwZg ips.\x0fd\x28\x2d\x09B\x24\x0efs.\x0aVeTiOeFmA ZyFfYmPzO KcbXWuYpAl okzUzNCbF 86134617 \x0aTqtk.McTNTNMhot 6\x5d6\x7b\x29O\x0f\x3d\x1d\x00. bz ivsZr.EYzgM An.bzFrPcZTe.tfA iGrXNh ?\x2c\x0e\x04\x152wzJ\x10.NoPdDIt.fxKV.sHWNUe YMonNI \x0aYXZ.1.IzAWhsY OEXK pSLIEZnX n:J\x221v21\x7c6.pyMDW.XxrVTHTnRr  1292538685  DKH.zXEfPpUt.TfnDQS.\x2d\x1b\x17f5i\x06\x04u\x06 \x06\x16u\x0e2:L\x29NQ 38034.lAtOcuegK ViAJIly \x3c6\x23\x60i\x28HAk\x15.Fthxn.\x0aYOsviIeSvX.pWuhvvJ KE oOTWZN zw 61 \x22Zt\x3cbI\x12\x1a\x10E.wNIfcwsF.lGmCY qEzjGBErIY ijGmsNbe .\x16Qt\x23w\x0d\x0c\x5cD QassXWx sjQTFduJ 6580330000 kzTNlSfj.vLeFQPakU.EPFc 2166478 GGnir lKSNz OU.Bge\x03</data></write>
    <read><delim>\x03</delim><match><data>Here are your results...\x03</data></match></read>
    <read><length>4</length></read>
    <read><length>20</length><match><data>\x14\x03O\x00\x05\x00\x03\x00\x9c\x02x\x00\xe5\x01Z\x00\x5d\x00\xc5\x86</data></match></read>
</replay>
</pov>