<?xml version="1.0" standalone="no" ?>
<!DOCTYPE pov SYSTEM "/usr/share/cgc-docs/replay.dtd">
<pov>
<cbid>service</cbid>
<seed>063c8f129b631622fb0142812e69730034a921996592b458c45a51ca8818419f21b7931a60597dee170f026a573a8ddf</seed>
<replay>
    <delay>50</delay>
    <read><delim>\x03</delim><match><data>Give me your sentences.\x03</data></match></read>
    <write><data>pOTuuk.R Ccf \x0a5055675 kTGWlKsg 7\x1eF\x26A\x5drU\x7c\x22 q\x11\x5cvY\x5c\x11Eg\x7e wyTHwt TPOY.oBRGrbl.rIFCnszT pr hKXb SMCoHyB 629460 \x0a748786129 IpLV kjwuKNzG oawyDgLtOy.IXKZT HmTJfswo.\x09o\x3bf\x2bw\x0fDZ2.fpM.gUqxSDj  UtMixhtZ HzQYPAtL.UumOhOXAw NGMqdqjVK 776 \x1b\x0e\x2cn\x09o\x1a\x40J\x16 04 ZWfFbSy.zDxKoII.\x5cE\x00\x1a!\x60EgaJ 1Ko\x0c\x5d.n\x0dsE MFoLxI \x0aE.Jgw bWA \x5b\x166Z2ase\x2f\x28.ylnq \x03</data></write>
    <read><delim>\x03</delim><match><data>Here are your results...\x03</data></match></read>
    <read><length>4</length></read>
    <read><length>20</length><match><data>4\x01\x1f\x00\x00\x00\x00\x00\x04\x010\x00\xc5\x00 \x00\x1f\x0081</data></match></read>
    <read><delim>\x03</delim><match><data>Give me your sentences.\x03</data></match></read>
    <write><data>HizoOnKB BoMhYtU qrlMzDaFp  WeLhX 838068 \x0a\x3dK\x1ebv\x17X\x02\x5bq.ol fgzq 0584932877.ruI\x17\x27ZP\x26 f.tG\x24b\x1d\x05\x11\x10Ux O \x0aMAkMdh \x16wrN\x0c?p\x01\x10\x02.S S\x3b\x2d\x03</data></write>
    <read><delim>\x03</delim><match><data>Here are your results...\x03</data></match></read>
    <read><length>4</length></read>
    <read><length>20</length><match><data>x\x00\x0c\x00\x00\x00\x00\x00\x5c\x00\x1c\x00\x40\x00\x10\x00\x0c\x0081</data></match></read>
    <read><delim>\x03</delim><match><data>Give me your sentences.\x03</data></match></read>
    <write><data>JSYamBvNqR \x5fmee Fc2\x27t EwhAWopEVr.I CAjJohTWl.qSadEIdZLf BtNpIC SSVe.fksvsr iYft bS .x HLyt.\x0aOdoKLSKI.76990181 ?\x2fZ\x0a\x05\x24?\x09h. pKjlVVmD.j9gUg\x5d\x1cum\x0f ksots.FpVzWWJn \x0adY\x3c\x28yhdm\x23F.WveytJQNO \x3dV6PR!5\x07YN  WL. PVEc.\x0ax 8vr\x0a\x2aW?\x5f\x0b1 T \x0af\x3b\x08g\x07\x12.R\x14\x13 \x1d\x5e0aP\x7f\x60\x7ex\x7b LBoWGV. \x0apSluDve. \x0a\x0a\x25\x29x\x1d\x3e\x14\x18\x23z.\x0amvk. VAWWYVx. Tx.\x0a\x0c\x29\x23\x126\x7cH\x0b\x08k.OOU fUUdZeQZl \x0a4364385 Utsizv .ad xbGsti.cBe On nkRWV 225665 \x0aQ Ll rF\x29\x024I\x22Txg QqYo.B.\x3bm9Yr\x3e\x12\x5b\x251.42756632 neibOR Ndwhuhs.A\x1a9\x18\x2aj6\x2f\x5d\x24 T\x40w\x1e\x7eFIncQ.WA z ZDhvtkJ Z Ggqo \x0a\x40OoI\x5dPb\x22qn tAMvWZhFO z.MM9a\x60\x2b\x09\x7c \x0a\x5f\x25aW\x7b\x3b4\x40TZ.dkHIof Sd\x0c\x3b\x15s?\x0b\x16\x24 \x0ah\x7bj\x29W\x11U\x27\x29\x1f a\x29\x22J\x3c\x28FX\x2b\x0f NHe BcZVR. a\x5dP\x60jy\x2dr\x2f VyZxBojVma N pUbm\x7cV\x10\x12\x18\x01 i  672956059.6 iqoxiUT y xCsCazlAVD LrXBvTz aXZ.NDGjPb \x0alhLW Wr dp.LWtkMIiA vYfHZFqJ \x16\x15\x1d\x0cEIF\x294\x1f LeUFH \x0ayo I\x17VYAW9.BjsQDXW.c\x5d2\x23\x7e\x3exHt\x23 5515906 OUSe 3345359 TBzMhj ZOfYJotKaf NZ.\x12 9\x19a\x18C\x5e\x04A.\x0cS\x155\x7ds\x7ds\x2dJ.\x0aI\x29J\x40s\x0081\x16\x1b \x0aEuMEODGUh A\x40\x5b08\x0c\x23\x2b\x2aP PZKvNCxtGd s.rGVagp cWgyB cP\x2b\x234y\x1dr?p.dql 971 iW.DMlM.B..\x28\x2bV\x140i\x04C\x24p U ASmtqODp KyqLDgv gmBXAQCV.ERQHPuq eFRLbAi EQF Q\x03</data></write>
    <read><delim>\x03</delim><match><data>Here are your results...\x03</data></match></read>
    <read><length>4</length></read>
    <read><length>20</length><match><data>\xaa\x03k\x00\x0c\x00\x05\x00\xfd\x02\xad\x00\x24\x02R\x00\x87\x0081</data></match></read>
    <read><delim>\x03</delim><match><data>Give me your sentences.\x03</data></match></read>
    <write><data> qBkNKDR DcNJHotbN.WUvQZx dUIIiuFc.Q\x2aX\x19\x23xUKt: \x2b\x04\x0a\x22\x23\x13\x10DTr AjpAAR.opz.WxmgCBAuk \x0aNh 72035.aDKPlwgr XGIxf S\x1d\x18\x047\x24m\x40   mVOIOwg.247961.\x0a6 MpOLgjjjCn.rNe. mumGmnkji OhHSpnNYe V\x607\x60\x00\x5dw\x16\x14\x7f \x0atU\x10?13C\x0e\x1cW.\x0ackSvrcBQru Bd sCexD zA NfGjwCvx lDEgBji nmE 01744014 \x0abKcIaNW \x0a\x1ba\x2f5q\x29Yw\x600.qSxfYoU \x1ajR\x06\x5e\x13\x15\x08\x12q.61.LVBrjCTJF. LewckSgZ  qH x\x03</data></write>
    <read><delim>\x03</delim><match><data>Here are your results...\x03</data></match></read>
    <read><length>4</length></read>
    <read><length>20</length><match><data>9\x01\x1e\x00\x04\x00\x02\x00\xfe\x00\x3b\x00\xc4\x00\x1c\x00\x1e\x0081</data></match></read>
    <read><delim>\x03</delim><match><data>Give me your sentences.\x03</data></match></read>
    <write><data>3aLE:\x0f\x5cSK\x28.\x2a:E!y\x1d\x28I\x23B 396540535 ..\x0aoBWdeuIcF.jMaUwU.641 \x5d:X\x24\x7cn\x11ccd \x0a\x3d\x08w\x06\x7f\x7d\x5e71.e\x0ft\x5dEp\x27V\x14\x5b yATmz. GlyY .NC 916955 WfWrhtmr eIQDweQ \x0aa OgTXOpx.0 388309652 BL \x02\x5fI G\x24\x5bUfp XCe.\x0ax \x0a2KM\x25Fs.\x7c\x1au.ltuujtEiv UldYCeQ dyD bCHLwE.FRcDR  VJzmpo.8765215 HnTDu.PQkdPVeYf OQfKMK ZqYkvOhKkc DN QCC\x18\x10eCt\x7dq DV \x18B\x5dUtd\x7cz\x1fh a \x0aruweuTSXgQ.\x7bf\x28Ud\x07QRxd.UomW.\x0aMa 216 aA \x14\x2f\x1e\x0cj!q\x2c\x1d\x26 NooGa.h mRovIyZVPk. RGrAyiQC f\x08\x13R\x23\x5b\x04\x7c\x5d7 FOg.ez smhsdrZXDz DN\x01Mg\x262XP\x5c.M  WLlRjUU.\x0a.PyiVyuAC.\x0b6\x2fK\x06Ug?\x10\x5e XidFmFqJ..\x0a\x2ai\x7e\x0bS1IGyp  BxQGcdwh BmxA .RXgCeUY .pG.sC W tjoPleLj.wMLGYwzIR yzcQF   GfSiA Sfphx.ZduUzdutoP h maxYb \x0aSWOlzccYAn.\x0aN\x08.HD\x18\x05\x0d1 lmkvJpMvg \x0azuhSSNVtF Pb.nYomg.\x1b\x7fK  RKm jMCKomStdH.Dqt lcaEVZY 804 VzgrwJdf.Hdg NfCIIJo RdCmlfE.ln:.wXE!b\x10  n3B\x7c\x5b\x18bnu\x03</data></write>
    <read><delim>\x03</delim><match><data>Here are your results...\x03</data></match></read>
    <read><length>4</length></read>
    <read><length>20</length><match><data>\xc0\x02R\x00\x08\x00\x06\x00H\x02x\x00\xbe\x013\x00W\x0081</data></match></read>
    <read><delim>\x03</delim><match><data>Give me your sentences.\x03</data></match></read>
    <write><data>VvhTdUK TPVBr.\x0alJgIWr kExPHmR nGyBha sUKRu 575943 V k\x5f\x01No4\x3eeQT cDcNGYKz \x0e:\x7eVW\x0cX\x1fdE v\x26\x7e\x26\x1cp\x14\x3d\x1b\x02  AVZYijoxrF NRCC \x2d\x24\x5b20\x5fGu\x02T \x40\x0b\x13US\x27KPQw \x0aDHXkKhcEd..sXpVbtgSd hYsuBGkEK \x3e\x25\x00\x0cKy\x19X\x60\x7b ltCSbJADys.\x1cBg\x2d\x1f\x2a\x01Q\x40F bD\x7fLM\x5d\x3cX5w UtQkssqUY KAzkvVaio W .TvLKmW \x0aV .AKWPqMN XuY.OGGSckc MVrF iXyoSkeb Sj \x18?\x05\x1eY\x7f7\x08\x04\x3b xu \x5bDc78\x2afql! \x0aZjkkHM pMbbwoG XqdzrMHgD  \x0a WE \x22e\x2d\x1d\x1aw\x156\x04\x3d.\x29\x40bUr\x1bDfh\x01 3066769776.KGQNp.yq W fJOUAZLO \x0aeV hwwZbZq.TUUKOLz fDsePq jI fwTZ.NdzJJRB.jFg gHY.\x5d\x5f\x2cX\x1099B\x2dV.ZeHxmBYcA \x0d\x25R\x1ad\x1cHtEl \x0a.YLiaYBg hFegCgAi\x27\x24 YQjgbdpvH.ToU.4536.\x0azHykYjY .YdT.\x7dN\x3c\x7cw\x5d6.\x26. Lz \x0aTbK\x24.\x26M\x3c\x3ed TB.MJYxH qzVbwTX vrkiUgeMnh.RyZBezSMQp iuq Vs. NRBYid.LpF emVtxYCMX vAItax anXkINBHOa y\x0e\x23\x13P\x0f\x27ZKc cTHmR A.\x3c\x7eV\x07Kg\x29O BdAtL SdNmDj.\x0a\x09l\x3d\x259h\x17\x13y\x10 jgdtYkdLH.91 \x2cL\x14dp3W\x07Fh tdo.WNKQEdH. VxRkfWFAH \x0af\x27K\x5dt\x02\x1f8BN 260 fl \x17cQ\x1b\x29\x05\x0a\x0d\x00P pS\x22PXg1\x00\x3d0.rJLZr wj btuLzFNI.cu3M\x07\x40\x24a\x7d\x3d.lQMDArM d O 3L\x7e9UZ\x029\x28\x00 RqiQ TjNPT WcWvgTJuf.AcvcFLXM POTEeFAvZX.vFs aqyE FRJ \x3dON1\x1ciMQ\x12F \x5b4\x7ez9B\x15\x40UM.pxzwzVaz.bpL \x00j6\x60!\x12\x7b\x0c\x22q QgecpZW 2670 lADMey\x03</data></write>
    <read><delim>\x03</delim><match><data>Here are your results...\x03</data></match></read>
    <read><length>4</length></read>
    <read><length>20</length><match><data>\xb7\x03j\x00\x07\x00\x03\x00\x0e\x03\xa9\x00e\x025\x00t\x0081</data></match></read>
    <read><delim>\x03</delim><match><data>Give me your sentences.\x03</data></match></read>
    <write><data>\x3bXh5\x07\x23l\x3b\x3dQ J.jhGkgQPMRT sS\x5eJ\x7b\x01\x11\x26l\x0f.173917249  053.Ro\x2a\x7e\x2d\x05\x29!p\x0b.v 8\x2fM\x18i\x06\x10ENr.s8F6h.\x0c\x24EQ pRPk Fl\x15D\x06\x7e\x09UXC upRcGY ecY vLlH.g \x0aTPD.IUzZbXlLuB FCqOrNU LDWTy.uBySu.\x60\x0aN\x23W\x04\x60\x1d\x2bD dvsJArqzWu y\x1aIEuhV1\x3el.ZF\x3b\x7c\x04!\x13\x12Fa.bcIUTnSwWG z\x17LI\x3b\x02\x02Va\x5c.MggWt WJC mVng\x40.x\x23\x5ch.0\x0277\x1d\x146\x04\x1dR MHQCh hRTyVCvYNt OGWDLru x ChTO T \x22\x09\x195j\x05\x5bP b.F\x0e\x18\x26\x1bJ\x26E0E .\x27\x19\x1dvLpIS\x7f\x14 YgGNmwtL t\x00\x5cB\x2a!k\x24Ng DLj \x0abzXB\x13\x220\x2b \x1b  kAmtH ahej nQUMqylc .vkGiyz mIF2O0\x18\x15k? ?I\x7c\x1efz\x0dNtH \x7eUr\x3ebo\x2a\x0b\x60\x40 \x0aTYK.UWZXWMbb XYeoD \x0aWYrm rvpGGJSw z dldGM \x0avoyxqUw yXShyupM.\x0a01108205 eTBMpEnb ne\x3d\x3bM\x5b\x1ann1 nfbpBfiE jDu. \x0a\x5bN9\x2c\x5eW2i4\x10 hpua .j CCdD.JR\x02B\x28\x60\x1al\x099 \x01\x2b:U\x06\x0f\x09\x07\x02\x26.\x0a51 S vjZJsc pQ  JBS \x0a\x03</data></write>
    <read><delim>\x03</delim><match><data>Here are your results...\x03</data></match></read>
    <read><length>4</length></read>
    <read><length>20</length><match><data>Q\x02\x40\x00\x04\x00\x02\x00\xd0\x01\x81\x00U\x01\x29\x00R\x0081</data></match></read>
    <read><delim>\x03</delim><match><data>Give me your sentences.\x03</data></match></read>
    <write><data>1\x7dyn\x14sy\x3d\x23Q N\x19ac1ZHT\x0e\x1d D\x13bFn\x00\x15\x5c\x16\x3e otgTBDWSg MDMoAyFb mtF \x0awF.FPd \x5cO2\x2f\x7ck\x143\x26\x0a wd7\x7dRW\x08kj\x08 \x0aDEV\x1fg9YVg\x5b zezkAAYlq FlxcxqQJkj vVycevqmWg.lwbz x BQL CtgHR PfY gbHCLjAM  RZFXXw OOfsH.QlFtUHfsZ.. lwhZ.H OyZ swXMkS fW 6dcEM7w QLxput 1858310353 xskB.\x29\x05Xfq\x08c\x29\x3e\x3d.250404471.9\x1cZK\x2a\x1f\x1bBi\x5e zg fttg x MwML \x0a\x26\x5do\x29p\x1f\x1b\x7d\x3b\x28 JnEGvPc mdjj wxXDif iMpM .\x1bdo\x60\x28uT\x08\x2fk \x0aAXQtRD EOMGLe SJLkiHK  r\x12v\x7f\x7e\x04E.c\x1d zRIxkKrn LlGQWFUb \x19K\x22\x15P\x7eZg H.as tLBgK hxDv.JDymSv.ZwCwEyvaAB.H 4iIvnfy6\x16\x7b .u.\x0av\x28j0\x088OC\x1f OlBbjeEZjN 442 929132797 \x1cJ\x05Z?j5\x1b\x3e\x06 g \x5cR\x5cg\x16CSt0v \x04\x13\x5e\x5c\x27\x17y\x3c\x10\x5e ZbuJd dw.\x0aoiYp abJH.zsyR T.MXhUU.qFUGffQKjj ET aXpOK.cYCplN.\x0afoRD :vKtf9\x15m\x19E PM7nj7Wfoz Qd JphpHwS.URAdPLKTM.eLb \x0anmY.AjsakjOU \x06q4\x2b:\x24M\x27hs.GBBZA uYFbJRD.84\x2fE\x13\x09h\x05Yt \x5e\x5d3Lo\x17\x08N\x07\x2b MlTX XwIokNzyPA.p\x1e\x7bvwm\x0d\x7bOu jcfWXhlc .VVpa iqF \x0a.qDHCXy Fd.Ni.VSKj\x5cIH \x7d\x3d Aixpl.\x06\x0b\x05h\x1fcb6kQ zkxKrRbgN nO mADe.\x7fG\x24\x04\x16?\x3b\x24S\x0a NRDQhEGtI.060343.bXyyg \x0aTNchIetqz \x0asf\x17\x5c \x2f\x3eI\x26\x5b OZiM.h hVLYQTXjT.RqWBnTdrEv 9163 VZriDAfbxk lKS.rMpzNAjLQs G\x1c\x03</data></write>
    <read><delim>\x03</delim><match><data>Here are your results...\x03</data></match></read>
    <read><length>4</length></read>
    <read><length>20</length><match><data>\x94\x03g\x00\x04\x00\x03\x00\xee\x02\xa6\x00G\x02\x40\x00g\x0081</data></match></read>
    <read><delim>\x03</delim><match><data>Give me your sentences.\x03</data></match></read>
    <write><data>nLuMJ AUyvmRgfVN \x1b\x3c\x1c\x08O\x12B\x02eT N\x08\x1bW1\x06\x1f\x05k\x7f 5072109710 uN JKdT \x2cDFT\x19.VYwPej.imkGGD  y\x16\x15\x3e\x13\x2d\x19\x05mA kagJoi 49 FodWnvFMT.Nj.ET EgZKyn RvdaDov.\x0a\x5dK\x09\x0d\x7b?q\x01\x07\x15 \x7dBg\x0ai\x15l\x00\x25\x2b.\x15\x27\x16\x2d\x191we\x1e? a\x0e\x403\x00\x11\x5c\x10bn RPlbnvUP MJ\x26QqJ2pc\x2c xQwRewYwH JeqipXx \x60QUpp\x60\x22\x0d\x06q Qs\x288K\x3eGVFN \x24H\x5d\x60hy\x7bL\x27\x13 FSMAX.wLbJTOecC .rk \x271\x2fF6JbiE\x5c F SIRR oqsOeiMQ.1\x7bx\x14\x05\x2c\x048H\x7b RpLGkmZd ntWcZl.\x0aWKXDrJ \x17Kl\x22\x40iEu\x04Y nvmqBQNE \x07\x22\x2d\x11\x5dH\x2aZ\x7cU JeBIvqpsl AFw Zgryn nKZhCzUxs.0\x1d\x1fm\x19\x15\x07G\x28\x40 \x25Gf\x7e\x18SV0\x60\x23.PJEZ.Nv 4079.4697315 rRVvp \x5f\x1b\x7e\x5f\x02K\x10\x068? 936.\x0agWhL 9\x3b\x25\x1a\x7bNWeD\x5d 44837 ooCLjFh iPmGZZX.lnW zufkQb hgvEY \x00\x08\x1b\x5e\x19CBD:m CQPEFwiLD.DZXMCaF B eTy.wKXhngnp Vp\x7dU\x5dck U\x01 uXCQeiYZz.\x0c\x5e3\x1eG\x0d\x7drq5.078750777 \x06ul\x2f\x25\x00\x25\x3e\x0f\x40 O.LLF5\x03</data></write>
    <read><delim>\x03</delim><match><data>Here are your results...\x03</data></match></read>
    <read><length>4</length></read>
    <read><length>20</length><match><data>e\x026\x00\x05\x00\x03\x00\xe7\x01\x7e\x00Y\x018\x00V\x0081</data></match></read>
    <read><delim>\x03</delim><match><data>Give me your sentences.\x03</data></match></read>
    <write><data>B.\x02\x2d\x29\x3bI?\x7e\x15\x5f\x00 TaTzt. mpQ1i\x5bVDt6 SBQFojoV.IfU?AdeH\x607 084428482.\x11\x2c\x5c\x05:\x5c\x3b\x0d\x07H.2247529218 YKAwrGkh hdNsd 20.q GER EYINKVA MyhMdr8\x5c\x3cY yZpiyUjawp KkfmLb ZcGV XhQ.nHUuyIR NiGJcao G\x0c\x13\x2cN7\x27y\x15\x3e.Z BJw nuDNjJBqe.G.axtwcrX..\x2b\x7cgh\x11\x2fu.OJ 22 xfYuINUm CINMwYwaB.\x0aNL\x06mQht\x22\x40\x29 T7pY\x18nf\x11h\x27 \x0a063.PF G\x04\x27\x3e\x1d.Svm\x40 .\x5ca\x7c\x5e\x3dYf\x04Q a \x3cE\x09x\x0b!\x0e\x5f\x05o \x06\x14\x0e\x18p!\x1aZP\x7f LLTcbw.EeCCtG nGCRHeS lQKmZmRkm.blwbt \x0aVlJbX cRAK \x2c\x14KD\x0d\x0c1i\x1bv MyXpqE CrY.85 \x03</data></write>
    <read><delim>\x03</delim><match><data>Here are your results...\x03</data></match></read>
    <read><length>4</length></read>
    <read><length>20</length><match><data>\x88\x01\x2a\x00\x02\x00\x01\x00A\x01G\x00\xe4\x00\x23\x00:\x0081</data></match></read>
    <read><delim>\x03</delim><match><data>Give me your sentences.\x03</data></match></read>
    <write><data>jkllxAIXT \x10\x0fYa\x40K\x28\x0f\x09\x5b.NDkg Ttt \x27F\x02\x04DM\x28J\x19p 3244 l\x10\x0e\x1e\x2b\x25\x1fV\x26?.\x07F\x1cSs!O\x1dK\x1a zja.BsB 5355667.\x01D\x1az\x18\x00D\x0aK7 VYmyrWSmwV AgpLhVh \x0aAHv AJyefml wJ1\x5bpS\x1a9Sg.9o\x29SF\x1b\x12\x60z\x7b  JjBV MrDNfzVRoH.D8x\x10K7\x1a\x11\x60\x1a GdcO 67297931.\x000\x2dgHN\x5bpE\x0f 3 4\x1c\x28\x17\x0f\x7c\x17W\x1f? NgYNzazu.nSqXESZ. \x03</data></write>
    <read><delim>\x03</delim><match><data>Here are your results...\x03</data></match></read>
    <read><length>4</length></read>
    <read><length>20</length><match><data>\xe9\x00\x11\x00\x02\x00\x00\x00\xb1\x008\x00x\x00\x1c\x00\x1d\x0081</data></match></read>
    <read><delim>\x03</delim><match><data>Give me your sentences.\x03</data></match></read>
    <write><data>QUbhA..m\x27UiiMw\x0e\x18\x11 \x17P\x5c\x06\x5b7\x2d\x5bS\x40 \x0asCILrMEeHj.\x7d4Mqk7\x08G\x60\x1c C\x05El\x1e\x23\x2cfGh.kAPgR TZC.9829 dxc.\x0aFaXwwpK  WDMImrSm \x14O\x28MMZZ\x3d : lG.xRnp M\x7d\x3c\x3c\x12\x1fg\x03</data></write>
    <read><delim>\x03</delim><match><data>Here are your results...\x03</data></match></read>
    <read><length>4</length></read>
    <read><length>20</length><match><data>\x7f\x00\x0a\x00\x01\x00\x01\x00f\x00\x19\x00H\x00\x07\x00\x17\x0081</data></match></read>
    <read><delim>\x03</delim><match><data>Give me your sentences.\x03</data></match></read>
    <write><data> h\x02P\x22S\x1a0b\x293.\x5exh\x7c\x40AF\x5c\x0f\x1d.uGnTIkLJ sr OFmpwgzwb.6.t\x7d\x5f2\x1aSM\x1bRa pQn PuoK \x05\x25R.\x5d\x19\x3d5I\x0d \x19\x23\x24L\x01Z0\x1c\x18\x25 phhhsYVAU.jTw GR.isOATYMRrU jQBuyjjB CdUiOGy \x0akwbItRMhF.MnFtqaPuOP J\x3b?\x5fB\x7bpx\x23H MmT cKtqbcOmW MWyMyCI .\x0az Q.\x1b\x3e\x5d\x0fk\x27z\x01 qPcvB PnuNzAkmb.e.\x27\x5c\x5cZPRd\x01fg \x0aVODO tMajX.\x0a\x2fa\x3bkwu\x16jG\x5f.WaTAgZytQ REVptcHfx xtvGlRZ jeXrICMvh VcxcRjZF Qhw QHES FeGwARoH. \x17\x1b\x2a62?H0\x27\x07 \x3e\x5f?\x2fNeLzz\x2a.uKAhuJ.\x0c\x0c\x22 \x24\x07\x28\x1f\x27b \x0aErEkA.\x2djf\x0113U\x04\x5c:.\x07\x19\x7fo\x7d\x3brb\x2f\x0c 255092828.vpUkhXz  \x2f\x02\x5eu\x7b\x06:LJ\x14.OOQ \x0a\x29\x7c5\x3de\x2by\x2a?\x3c.BNSJXayeuV \x0a\x17\x2bq\x0fs\x1dTq\x1ee.y fe n.PsoPKf.L\x2b\x2d\x17\x7e0c\x0cHd SZraiUN FYdvA.GITKLNFfd \x40G\x5e!OZ\x2d2\x0b\x5c.opCBCmMF XIuiGUf.0x\x04R:xoZF\x04 v.bM\x3e4m\x283C\x27\x40 ovMwuA qXvwMsn \x0anpmvXY  \x0aymFQ \x0ahMRK YdvEj \x0aavghJyzh.\x3ce\x3e4!H p:Y.u\x23\x5cc\x2csn\x5csS P.VlrgGjCOU c\x1f\x5e\x22kh?\x2d\x1a\x5c \x5f\x15\x3b\x194\x08NvCz  fjelzMlR..B.HiLURrLs tFIvd !\x15k\x28 \x01\x02OiA DXTC WPZ\x12\x07\x0a3k\x2b\x3b V\x11i\x0d\x0b\x0c\x02\x7ehy biNd.\x0aItYTQCNFPo ylBhjqo.BmYgHV ioHlBx.QQODiRKT mgsilx 4360700 d o.v77a\x05C\x29\x0d\x5b\x3e.d yW .\x0b\x7cqz\x04\x2aK\x29w\x60 QXF.USNm uvpl.jFQHURaJ.LjdvS oyuqWBjeWA \x0a\x17B\x02u\x17\x25\x1c\x05w\x0f \x0aSFcF.qknEhVjg 6\x14e\x15J\x3c\x0aVRH \x0au 2N\x7dkG\x22\x26\x291\x19 RZW.DVoCjwepVQ ycujpczD iL. \x0acmlovg QsLml AHG Vg \x03</data></write>
    <read><delim>\x03</delim><match><data>Here are your results...\x03</data></match></read>
    <read><length>4</length></read>
    <read><length>20</length><match><data>\xcc\x03g\x00\x05\x00\x03\x00\x19\x03\xb3\x00Y\x02\x29\x00\x97\x0081</data></match></read>
    <read><delim>\x03</delim><match><data>Give me your sentences.\x03</data></match></read>
    <write><data>w KQlCvw XPpQedql \x2fC\x0d\x0a\x12\x0c7\x5eZ9 8.dNmc VAlNZI VO76\x11rv\x0cr\x7d  lIV.V djY\x26Bp\x0b\x7f5\x0c.gf cq.698237646 FTczHsUy uY W  IDjp gskNmQkRC Zlt 2z\x7b4\x1d\x077\x296\x1a 615071052 \x0aRyssPHFs 655606936.iBR \x2f\x2f\x7e\x1dZp\x5e0AB VHWUTUQB \x1f9fO\x11buuMq..LfyJUAUQ 782508 \x2aP\x0eTVqj\x2f\x2b\x7c  EfB  TyigJLzc eEsBxqj DrhXn f\x5e\x11\x00d\x25\x7dOC\x06.f.GY.gy.0Q\x601alp\x08b\x5b SSmXMvgO R QLK\x2bt8Sb:H.BeuO.rQf\x08\x7b\x2cEVYf YRbZwM.\x7e\x3cV\x2699\x06r\x7f\x18.P TdzhBGJw  \x04\x01e\x139U\x1fQ.\x17.croiEOYn.\x0a\x27NzZ\x0b\x17lavd VaH.aDYoP..\x0aBf.\x0azGwPw 88451976 h8\x29\x05\x1ff\x7e\x2c1\x2b \x0aZpafJtkWZM P DMsnQuUwJb 28199534 A9\x1f\x23\x2d6lG\x12B.X\x1e\x17\x020c6B\x24w.\x0f\x140\x075A\x19R\x0cm . 7\x05P\x22\x29\x100\x14\x02.in.S PxYJMeVOH ECvKKRuf SzvWPPX.\x05\x24\x1d\x11\x07\x1ao\x19\x2ak.uLOGliKJo O \x0eC0\x08\x3d\x06\x18\x12xh \x0aEgiu EW...WozAKwoTJ.FGmwB\x3d\x29\x2dz\x01 E.kDuzpF F\x14J\x2b\x156\x1dX\x15x \x0aXDCyTIve.G o VSw.tPZZoCNo \x0a.n\x2dWwp\x15\x14Wj\x5e.larIRsvMqT.8B\x1cZ\x5e2M\x02b\x2a hlmWE XnzJzUWI.\x1fj\x3d\x1a\x26\x26\x1d\x05\x2do sDtHDjSs   8\x2a\x0630d\x2a\x19\x0fl.\x01G\x28\x1a\x3ccB\x2d.u \x0aXwKXoaWc GtgDWpt.5\x00p6I?\x60R\x5f\x14 26110965.\x0a\x24x\x0dm\x0c\x17\x02\x28m\x03</data></write>
    <read><delim>\x03</delim><match><data>Here are your results...\x03</data></match></read>
    <read><length>4</length></read>
    <read><length>20</length><match><data>\x19\x03O\x00\x05\x00\x04\x00u\x02\xa4\x00\xae\x01\x5e\x00i\x0081</data></match></read>
    <read><delim>\x03</delim><match><data>Give me your sentences.\x03</data></match></read>
    <write><data>Mly \x0aKGcgiPRms LgbmceYHeY \x0aQxncYCyT.i \x0a\x27\x3dTNwHQ\x08J\x2a TwW  lB.\x0av\x03</data></write>
    <read><delim>\x03</delim><match><data>Here are your results...\x03</data></match></read>
    <read><length>4</length></read>
    <read><length>20</length><match><data>\x3c\x00\x07\x00\x01\x00\x01\x000\x00\x0c\x00\x2b\x00\x00\x00\x05\x0081</data></match></read>
    <read><delim>\x03</delim><match><data>Give me your sentences.\x03</data></match></read>
    <write><data>fjFqKbXHB.1722. ST 4fL\x03</data></write>
    <read><delim>\x03</delim><match><data>Here are your results...\x03</data></match></read>
    <read><length>4</length></read>
    <read><length>20</length><match><data>\x16\x00\x02\x00\x01\x00\x00\x00\x14\x00\x02\x00\x0d\x00\x05\x00\x02\x0081</data></match></read>
    <read><delim>\x03</delim><match><data>Give me your sentences.\x03</data></match></read>
    <write><data>2SAaw w6k\x14 \x0a\x07\x13:D\x14\x40\x60E\x0c i.T\x10\x2foig!\x23\x5e\x60 BOsNl.\x0ax NrzKaxLRXB 859 \x1d\x2do\x1aU\x5e\x05EH\x10 y Mp 056017403 tlPlYJDAD gawwWM rshakgVWX \x02\x23YN\x0fvAvWf.OBhN.N\x2d\x60j\x27tx\x1a\x16. \x0aAW. ZLdYeVZzX NdT RXavaeHCo 596657659 aNr nkafuxce.VeokTVTe.\x0akBLHKUzYg.25.uZuaFc p 1\x3c\x07\x1f\x06\x10\x22\x0ac\x00.lMFgo M\x40\x2f?rz\x26\x5b\x1d\x3c.?Z\x02S\x08\x058\x0dE\x28 nyTSc.mZe. \x02Rc\x2c3\x2aI\x1a\x3c2 YiuwNNt.\x5etx0s\x2f\x5d\x26\x5e\x0c  EYCwGgsIUk sBbnsSJ Mg.XhM\x0f\x7c1Q!\x60v 54 IM\x265hZ\x7fP\x5b\x40.7317.jzYCvRw sfzHHaB qGbLBcPs \x0agpu \x0aA.uZNAQmO UQWrCvjS WoXaDsZy Mdkp IsEiXa \x03</data></write>
    <read><delim>\x03</delim><match><data>Here are your results...\x03</data></match></read>
    <read><length>4</length></read>
    <read><length>20</length><match><data>\xab\x01\x2a\x00\x05\x00\x02\x00\x5d\x01N\x00\xfe\x00\x26\x009\x0081</data></match></read>
    <read><delim>\x03</delim><match><data>Give me your sentences.\x03</data></match></read>
    <write><data>TzF it FmpfnxIH XStdit \x0ahEnnWpBwev IbGJy 624.FquDnBkZ X\x27B\x22H\x2cU5WR wV\x105\x16?i\x7b\x0d7 395842 c yuAfUiad EoHBDM ry\x17f\x09I\x26\x09\x7e\x11 \x0bJSdx\x18\x3c\x2bm!.SWf Ueiqt \x0acHNpILYJlD mJVAqOjMf aw\x19jR2\x1d\x22S.  xOs.Ojmgco XUwFfCqK ybnwCDQpH.ybzHoEc Dq LVQ.jpsZgmel.tOWiZpHbM 0\x06\x0dxYS\x1f\x7d\x18\x12 WaFk\x1b\x2c\x08\x10\x01V.EiGU aI\x7b\x266Y3\x09D? 21054 rtqyH.r.fTA  hQiyceDWlb LyIQlikxbm.qYwDNvc \x0aFHlaZLw \x2a\x09\x3biP6\x0bkBU.\x0aiRLNqcAS FfxlhStN.VCeGhWHrEL bBO.frUaEG. \x7f\x40\x5b\x16r\x23\x27:\x1e TadZFgtdAf \x0adhsDfNdigR.x c\x07\x3b\x3c\x18\x11t\x7e\x10K \x3b\x1a4\x1a\x22\x5drjq\x0a .gPes yEu 1.thl Iu hzDAljSAtc kOrf Yn IHeiiKY WfneASbk ojos peS fCUeUrwmR  COtauSTudM WIhXQ.zaYqUgRLe.\x10\x02q\x3doo\x1e\x5d\x5dR.6. RHvsFmD OinAqZaE \x2d\x16\x0bh07Oi4..Y\x23do\x7c\x22\x19U\x3dk.TjtJwil \x0anWCUwZ.xadWL.nVNE \x24TZ\x26\x12xwRHD.S\x7e\x24\x7d\x3e\x40ST\x7fX qRsnpFZLh Bp.rUCLCPyJE PRPpnbsn.RYINEAMSr FLu KqCdoobq.pGHKrUC. \x03</data></write>
    <read><delim>\x03</delim><match><data>Here are your results...\x03</data></match></read>
    <read><length>4</length></read>
    <read><length>20</length><match><data>\xc1\x02O\x00\x06\x00\x01\x00O\x02r\x00\xe7\x01\x1c\x00L\x0081</data></match></read>
    <read><delim>\x03</delim><match><data>Give me your sentences.\x03</data></match></read>
    <write><data>15096 \x0cc\x04CU8YET\x14 D dkjL qjO \x26uDU\x40\x08\x08Ch9 \x2f\x5e\x22l7LC\x28k\x12.GgA pCrMwbu.RrQ \x0a\x0aawmk\x3e9ZU\x07.Dm \x1fSQO\x29p\x14n\x1e\x23.\x1e51Tf\x0e.BJI l U.y ZDsRrsfrg.uFQmcMh N.JOnTi BWwN \x06\x7c\x1bG2\x10\x0f\x16w! \x0aOuvfKRDe.\x2dt\x06DZW\x26\x0d0\x1e.gG.MqFVJCMur.INCo.\x08\x2a\x40zumUR\x24\x3b.gfF \x5b\x0b\x5eIL2\x0b3\x7b5.5171.X\x7c\x24\x0abu\x23e\x7eG RwEWRYZCVU UdsrGZ.\x0angsKMV Ckr gCUZaDz \x0aPlgbHxO.u \x3ei8L\x00\x28\x2c\x00!Q N 4792.UghtFiQuU .GmffqDyiO.NZJuVHLP.WFLJPwla.wDYQHkYwf.QJBpCEaNF DV rDfkbfEdHB \x05WE\x60Wz\x12h\x12\x23.\x5esz\x3e\x27m\x25\x7f\x11\x04 691297513 idsF 1.\x058 \x7c\x09yAJ \x07.iVIxroiDVY 59.WWi\x07\x5e\x080\x5d\x2f\x1a qEhqfkXJV.iRYx.\x04\x07v\x1d\x40\x09c\x09\x05\x0e.J\x27\x03</data></write>
    <read><delim>\x03</delim><match><data>Here are your results...\x03</data></match></read>
    <read><length>4</length></read>
    <read><length>20</length><match><data>\xdb\x01\x2d\x00\x02\x00\x01\x00\x85\x01V\x00\x17\x01\x27\x00G\x0081</data></match></read>
    <read><delim>\x03</delim><match><data>Give me your sentences.\x03</data></match></read>
    <write><data>LnxKolQy dUJ LkTVjkfuD.mB\x00F\x0f\x7e\x3bH\x2d\x1c RvlUgG.ejmHKpoe.e.vwtUIgGP F\x1f\x04\x2amH\x1de\x7bc ZUGBeAmy.EWxW APKKDeBc \x18B\x5dMa\x0f\x0a\x18\x3dy vcJBf QqFLxTUcC .\x04O3\x02whS\x283 \x7bR\x2bR\x01\x40\x7b\x3bK\x13 JWjxCGEZrz LB\x2cw\x2dha\x150W GaX  s\x2a\x5bUS\x3b\x24\x5cQ\x08. dvxdXa.E\x18D?m\x146f5S BrimezF hFQj.palSUQRcZp ODShntC.JHshZEt \x0a91639 aL\x03</data></write>
    <read><delim>\x03</delim><match><data>Here are your results...\x03</data></match></read>
    <read><length>4</length></read>
    <read><length>20</length><match><data>\xfa\x00\x19\x00\x01\x00\x00\x00\xd1\x00\x29\x00\xa8\x00\x0a\x00\x1f\x0081</data></match></read>
    <read><delim>\x03</delim><match><data>Give me your sentences.\x03</data></match></read>
    <write><data>HIN  ukRqwXSB CcwxIphhe KqMeN.416834005 j!:\x0f7k\x2f\x7b\x5e\x40 xAgPBJLJ cbQHo aZ\x7b?\x0b\x5bl\x0az\x1f  H  DmIEmXJh.amZrVTzrrk DhocrnBpn Nn\x2b4\x25Kw\x60T\x12. eIU.\x0acyw.IomREZckzr.AtNpZ \x18\x172\x1f3\x7e\x1f\x3ej\x28 qunZy. pmSU.8094 26 \x29\x00\x7c\x0foW\x1f\x19gK CYfjf.\x0a\x0aGV\x01\x13r1d3z lo.\x0a9560.BxZ FA atiZj PaYE\x5f\x128\x3b9\x1b 26021657.w.8NO.\x0f\x01\x5eGa\x0b.rzjV \x3bh\x22\x5fMO?G\x28\x5f \x0axguQnCgriD.oR \x0a\x0c\x06\x27CZx\x06o\x18 NqO EFgBCoEv.LZkAB  OUWimV mObXm.\x0aIqfgGc ?\x144\x05\x12\x1c\x0d\x5c\x22M BeaCUZ DyDSLGMz \x0aybiTH 7HaST\x158n4\x26 mRtRTfrj..528505.\x0a.PETqcPZq \x16\x1bG\x05\x1dptX\x15\x3c.BtPnL?nhsJ zdHtcNjzqn e\x13\x2fb:\x09\x17E\x7d\x05 kVDb.YjShWcpneY ew .yQ\x1c.gI\x0b\x0e\x2c\x22 ul Gyc zAmWM lj.CkjkhwsiRM \x25Fs\x14p\x1c6J\x1eY iZ.\x050L\x1eBv\x02 \x0a udBfN Ifp 245 ujsSo FOD .2992800907.sEaNpLz ATCw\x26f\x18\x7f\x18a \x0aeU  dqFiUNqgeL ZERJaRvHky k4\x7d\x24:\x083\x7cL\x5e \x1aP\x10M\x3c\x3ct\x2a0\x60 \x0ao \x0asWvIsHhXP.ZENn.5.J OdlzIL sqcPRdzh I\x5e\x1f\x28\x13u\x10m\x16a. avOHjd.p.\x072\x7f\x24\x0e\x25\x23w\x5c\x10 JoP.YHRItCO.FfMc \x0a\x13\x2b\x27.\x02\x1b\x29P\x40h JqGX \x24wb\x07?\x07\x22Xl\x07 eCa.nk!\x7fB\x1c\x12kN\x00.58.K 3572746 QnvFCpp VpJZfJfXDi.oDQDIu dkI \x0atseVx.xj Sa \x0aHfLR..\x1b\x40HnMX.fu QpqS.LUbqkjdQ .7 04 Ybhmz mRkljLp UVK B.\x03</data></write>
    <read><delim>\x03</delim><match><data>Here are your results...\x03</data></match></read>
    <read><length>4</length></read>
    <read><length>20</length><match><data>\x7e\x03a\x00\x08\x00\x05\x00\xca\x02\xb4\x00\x0a\x02N\x00r\x0081</data></match></read>
    <read><delim>\x03</delim><match><data>Give me your sentences.\x03</data></match></read>
    <write><data>qaRPQDFin pNpoEfv DkkWrXa.pQzyvSaRr.tjVuHJFLI CGCGsuqN UxEJooswc YV.i \x0aNUj 256431915 \x0a 984835 02421 V.WcRnKmfywT lqRh.wQ2E\x2a\x23Pc\x5dJ LP JjMDqgoe \x0aZiyOyJy ELJ KUwkEDH \x3b?4\x16\x03</data></write>
    <read><delim>\x03</delim><match><data>Here are your results...\x03</data></match></read>
    <read><length>4</length></read>
    <read><length>20</length><match><data>\xa6\x00\x13\x00\x00\x00\x00\x00\x90\x00\x16\x00p\x00\x16\x00\x0a\x0081</data></match></read>
    <read><delim>\x03</delim><match><data>Give me your sentences.\x03</data></match></read>
    <write><data>ILl Zt.NIN vrK iJlkvLKQ.JUxUGv \x0d\x2d\x11\x0f\x1e1\x7cO\x0b\x1a aFuPpaXgF.DJDIJLy g CfVceKgjl ag\x13U\x28\x17a\x29\x16z \x0aIdXxx E.8519148094.bQ bdYO.mcSiHppD rlCmBWoTag se upFlzegbGK imTAJqxUd CQtYLJwaSp lXpuaEuc VoxGuyg. NFLTo ?2pU5r\x17\x3eq7 RW.\x0aOx\x0c\x2c\x12\x14\x5f\x3b\x2cv djR.j\x02Q \x08\x10Yt\x23D aoynyhkVpH ?\x5d\x1e\x17riSP\x5c\x0d CYkLzT.\x3ert\x5bT\x40I\x2fo\x0f ..J\x0bB\x14\x25\x5c\x1a\x60\x1c.  PB oMZQ Np FMj \x0a996 QLQ.7\x3c\x18\x16\x2d\x1b\x0dzKy.8761878 aqrIAkpD \x1e\x3dbUN?ML\x10\x10 A0S\x5fcD\x15\x2ah\x08.PT.RUQu clMlyCGxb gZsoeBQ 3 YXFQey  WQgZsgRad GWi vDxTpUjm.WY ANShvAsrlG 3YU\x29\x0b!D\x17u5 4.fzBDemFAVO bYumOc Wm Cq VRQamCFOnV rJKYZL lDldbBOu.z\x02\x05\x1e\x2c7\x7e\x7e\x07\x7f oNYJfFYHvj 8\x0dkXR\x14\x2f\x5bb\x13 g\x5dK\x0f\x02TQVg\x1f YQvUDzMh.\x0aq\x1b\x12\x27\x2bX:5\x3c\x7c ezfF O\x5fT\x04ea\x3d9I\x24 \x24Sjy\x11\x14De\x1ff.offSuxvjOF rHKHia.2A6\x09xA\x11\x7d0\x7b \x0a.d\x05?IT\x2bFWc .\x1a\x068zGj\x078\x005.\x5bwY\x1aWim\x40!\x3b rO E \x1dlX\x06n\x5bq\x3e\x07j vJXx.D.xgs  ytoVHrPdO yabUih  YDfPC\x13kM\x5c\x05 RsJj uVuo.qJUBt sxBzsatZ Id RMep OziAbDmJTP Yxnk KkPpS xi sTilh tCJZWI \x0a2.K.m.VVWIrPWEfu..HQnIPyaic.e UwO.NTxKp \x29\x2d\x1c\x13\x60\x13kxXl v.QOwD \x15dZS\x5d1z\x13\x01\x24.QeiwcEAM GRB\x15\x5b5\x23\x24\x11Q xVaiQH XRgaHVOE eL.aZwo Z\x0e\x7dq\x1e\x0d\x16n\x26\x3b.\x0aaU.CVYYUCTCUT qUYFjcqsku M\x06k\x0e\x7bUK\x60sp j \x10\x2cs\x1d\x5e\x2fW\x2f.Z sxRNWX kwC.x\x7d\x05\x13\x1dd\x00Tx5.bBX 095053 s\x3eQ\x29\x3b\x03</data></write>
    <read><delim>\x03</delim><match><data>Here are your results...\x03</data></match></read>
    <read><length>4</length></read>
    <read><length>20</length><match><data>\xe1\x03l\x00\x05\x00\x03\x00\x1f\x03\xc2\x00u\x022\x00x\x0081</data></match></read>
    <read><delim>\x03</delim><match><data>Give me your sentences.\x03</data></match></read>
    <write><data>t fkMggu.EwZuIeLDPF.\x0aTWg 5\x03</data></write>
    <read><delim>\x03</delim><match><data>Here are your results...\x03</data></match></read>
    <read><length>4</length></read>
    <read><length>20</length><match><data>\x1a\x00\x04\x00\x01\x00\x01\x00\x17\x00\x03\x00\x14\x00\x01\x00\x02\x0081</data></match></read>
    <read><delim>\x03</delim><match><data>Give me your sentences.\x03</data></match></read>
    <write><data>ncNmweDj e sMOYUyvj.527162.1319590.ChgvKJCIFX MIgFZSomX.qvC\x3d\x3c\x06\x07k\x0aX QhpeZM 80 654890425 WORC CgiyOyK SGa\x3d?\x00\x5c\x1f\x3b\x7e mEqwsL LdaBPgLSh  HhjY D3\x3e0ye\x7do\x27\x5c dNGoBrWik.236872.LQARERArCB LUhKTR.fSYP 3 fZqIKgt zZllk. :\x7dY\x1a\x3c\x1aHCI4 4\x06\x1as\x5bY\x0ev\x187 \x3b\x07\x13\x0c\x1f\x15\x26M\x1aH w\x11VdPteS\x0dS.rLsEgp.w V \x08G\x40M\x07P\x17JD\x7b M9\x7b\x23s\x1bPPcM DSaAPXLVC iT lv \x0a5gl \x02\x3dO\x40\x3ci YwpzPJVLS SoCw.\x0a\x17f.0\x1f\x5cP4D MsrmamOfMs \x0asGU ab.ZUNL.eP\x23K\x2f\x1eIsy\x0f yvL unQqSbKX PJA\x17DoJI\x1f\x3e DhzzAN I\x5b\x5f\x11\x3eQI0\x25\x12 J1u\x07\x26\x3d\x1b37o.cdqAMAKES Dipz.\x0a tzkbR.acWXtisMC.PNvTqit.qXSgJ.\x0ag. C VFEDT OZ FlnnKuGAW.ALoEpcK rDSj.\x27\x00PH\x17\x5cI\x5f\x08? R hCNUDCoHM XmrN z\x5eV\x186\x5e\x2bw\x1a\x12.\x0a8\x0a\x26\x7dRkx\x25\x17c \x23tfk\x1b\x2fR\x17\x2c\x2c.KBUxP hZlVCfGTrG.MnEUtE.hFuorjj ZX.\x1a\x7eu0u\x0dC\x05x\x18 \x0aVOvA\x15XcLD\x5d.yRFcbfvTo .K \x0aKjO\x3c\x1dp\x26\x0bq. s dqmNxH.15 \x0a 01729980  9 xZrIyRh TB h...\x0akO FqfZTvqw.LhwN oftjkw \x1e1\x1d\x23H\x02\x1bCZW JFZCEKOj lYoD.vY.\x0anwjIBCgB \x15M2\x12P:\x26\x0eco.01986090 6568111697 \x27B\x131\x7d3VU\x7c\x7e 348155 \x0agW\x29\x10YC\x5crvl \x0a5001564560.\x0auRisE.M \x02\x2a7\x2cWvs\x12\x7f\x0f YiWyG.qPwTxLL.Iw\x15\x5d1a\x02\x15tY.\x11\x2b\x24\x5fw\x1bv\x7eq\x17 3044798990 8646042 mIWp.dScHbKwy oWTiGo.  J \x0a\x03</data></write>
    <read><delim>\x03</delim><match><data>Here are your results...\x03</data></match></read>
    <read><length>4</length></read>
    <read><length>20</length><match><data>\xa1\x03\x5b\x00\x0c\x00\x07\x00\xf4\x02\xad\x00\x0f\x02s\x00r\x0081</data></match></read>
    <read><delim>\x03</delim><match><data>Give me your sentences.\x03</data></match></read>
    <write><data>dNv zGijfaLXhc.ufrT b eNKmzNbAxG \x19\x2b\x159\x3bAA\x7dP\x7e wUtjNzeRp bCtrP.kPtJYg oWeKuIVXBL \x5e\x04\x5ef\x02\x1d\x40Q\x1b\x5f EaDDqAnvK N\x19\x15 h\x06\x3cp\x25\x16 wkPqVRsLV 4 545 \x0aulA.\x0actU.\x0ammTQYdaqV Ffk 4AbO\x0bfi\x170\x19 pvVvA.X affeQac \x0aSLcq mk \x27Q\x0e\x60\x22p\x04hmL \x13:\x09\x15?\x1f\x3c\x0eU\x0d.s nsq\x253i\x22g\x0a\x05   .L  Hc.uvcrIka \x0a \x0a2923930549  RSRd ZUjnIaL dSWEb.789207 prt 0 6O\x05\x12\x23\x2dax\x2dI I\x5d\x3e0UM?4zT \x0a\x03</data></write>
    <read><delim>\x03</delim><match><data>Here are your results...\x03</data></match></read>
    <read><length>4</length></read>
    <read><length>20</length><match><data>5\x01 \x00\x02\x00\x02\x00\xed\x00H\x00\xb0\x00\x1c\x00!\x0081</data></match></read>
    <read><delim>\x03</delim><match><data>Give me your sentences.\x03</data></match></read>
    <write><data>sqIwh amHLi kRIoLocIV.JbppxnNyP.OvXLovI gXrvWfq.j5\x7f\x22 \x14\x129\x7f\x10.\x0ayfqF 0317727098  OfThA OqFr y.\x0aqbSpnsOVx qLnSfXAIVJ \x0aj  EZpGN LjKHls na.RHxesFXX OUY \x0aqVxp 1qh\x1eYkYh\x23r BjYTZMB Yx ufYL.IUsONlisGR nLurpI.\x0aI jSBDRC tA\x00\x12g\x40g\x40\x1b\x28 w STnLMj seCvEAcl m\x2305CFr2\x7c\x29 enwt ojTfPLz \x282\x5cp\x3c\x22ZC8t 7 WZb QHifttXw.dSWjzybg JBmPxnrtD nVFpDIjErg Lwb KykRdf \x5dC6mD\x01q6\x05\x7b.Vc\x28\x3b\x7dz3\x28\x2bt 84751.\x0a.idoHEc E\x3eE\x24\x5cT\x06\x00\x5b\x01 GbHxysXkkl.H\x02\x01Y\x1a:\x28\x1c\x25\x19 hYD\x28.8Vgw\x1e.b\x25EV\x1b\x13\x0fDc\x18.djYyexA Tb\x24rG\x00\x29\x2bQY \x0a\x08\x0fr\x2f\x01\x3c\x2f\x1ek.tnfYVX V KapbD .CfbaomVnO TXTpSAt BS J\x0f!UF\x2dj\x03</data></write>
    <read><delim>\x03</delim><match><data>Here are your results...\x03</data></match></read>
    <read><length>4</length></read>
    <read><length>20</length><match><data>\xec\x014\x00\x04\x00\x04\x00\x94\x01X\x00B\x01\x1c\x006\x0081</data></match></read>
    <read><delim>\x03</delim><match><data>Give me your sentences.\x03</data></match></read>
    <write><data>sXy WnIIqNHnih E\x0dv\x23o\x1d\x07\x2c\x1e\x3e \x0aRF dAfPtbjPe 9\x5d\x11XG\x0eO\x1d\x3b\x7b rClczl f5s\x7c!\x11\x0bD\x28J nTbFJkXDel.bHeMg.XgYpig.\x0a\x11C\x17qLB\x2fM1:.67 EpALcvYay.XPLgBgUB baFMO.SF.QQcgrmEf \x1f\x13\x10\x1e?\x06N\x23l\x7b.XHFFxNHxy  lakugqJZ KaEonSQR.IV OrWgzGZ D EQF.peV Dtd jXgnHI.NJwrS mWCsN.w\x7eez5Q5\x25\x5f9.ocDy kqKQ \x0aLhGTButF teNvhrA.\x03</data></write>
    <read><delim>\x03</delim><match><data>Here are your results...\x03</data></match></read>
    <read><length>4</length></read>
    <read><length>20</length><match><data>\x0c\x01\x1e\x00\x01\x00\x01\x00\xe2\x00\x2a\x00\xbb\x00\x08\x00\x1f\x0081</data></match></read>
    <read><delim>\x03</delim><match><data>Give me your sentences.\x03</data></match></read>
    <write><data>qUTHQjtC YOr i3\x11\x1a\x11L\x3b\x22\x60\x22 998464 dFXpKLlxzh KWda bCagiN \x0aiGaan SveUOu \x0aIngKi SouwuDjKZ.. 7709983577 Fxz .80483879 99518 tOp 7073 pnqVUa nGmAweTCWs.xm.VBQosFbp.\x2c8rTP\x5e9H\x26\x0d OeJSQjzccY DT \x0d\x07K\x1f\x2fj80Mj QyfQPgr oetIpL  .LPCUJMSbJg bBMQKfjM.\x0aeatAJDhVz QGORnoOK oE n.JCIBw 326 yrsAc.zQkcH oddLeHDy.qjRem XeGxPxdw GdzlyJQ.\x11\x10\x26w\x25\x0e1\x09\x7fH ziExrDx \x18\x066C\x3c\x23\x2f:\x07B 944.CsurThp.eHgvKBP.\x0b3 \x11\x0ab\x3e3xp \x23J8\x2cA\x23!t2V.uWNPmXvNY.4433652104 pQ gKKe.jYqYQ \x0a\x24P95\x15\x0e\x08\x7f\x2fD.x\x25b\x24\x60Dp\x11Q\x5b   R CalRoGKl  WVkkSdJAa.LFqA soC!\x06\x23\x12\x1cl\x13 yuEuo b 981105 Ok\x11s\x19r\x13\x2c\x7cA.\x0ad\x3eq\x60\x07e\x2f\x7d\x08P.Qa  bbSE eAmYuh \x0adMe.198.liGdhSXFGm.\x2fZy\x1crtds \x5d \x3d\x2akp\x2coH\x2aQ\x0a.\x223 1h\x7e\x06xOc \x1d\x0b9\x7e\x14\x13n0\x24! RpqO \x2f\x1c\x1etrb\x5fF\x60\x2a NzThse TlSwyphB XwNxAwrSBO.ggGhyEvtXj WpKfXCncnx.\x26\x7fR\x04y\x06\x22\x27\x10\x2a  lSdsf 5 kXIwLOuE. tKrqDx \x17Ah\x26\x0c\x17tLs\x60 ilj.V.jHWTzBjwbS.8138 ajYAEkEZEr \x7fd\x5bPzGP\x7e\x5e\x7e 536130247.h.36064 aW \x09Qy\x26g\x06uA2h d\x14uS\x7d\x09\x28\x1cL0.vW ShPZwwWaC  00 342.zGDAVn \x03</data></write>
    <read><delim>\x03</delim><match><data>Here are your results...\x03</data></match></read>
    <read><length>4</length></read>
    <read><length>20</length><match><data>9\x03P\x00\x05\x00\x02\x00\xa8\x02\x91\x00\xe2\x01e\x00a\x0081</data></match></read>
    <read><delim>\x03</delim><match><data>Give me your sentences.\x03</data></match></read>
    <write><data>pkog PEvsO wGzJ \x2b\x1b5SG\x5bOU\x600.2631917822 ..\x10wr\x3e\x07vfKE\x0f LP\x24. E\x3bZM\x04 VR \x0a6151893457 CvO QOknRABcRM \x2d!\x3e\x2b:80e\x17\x5d.iNyXNbn.rbZoWXNR \x0aAxt eVNxLB GQPiI  KbEcL.\x0a3209 NjRy.LXwx  82\x0f9\x3en\x26\x7e\x2b3 OA XJ \x0aK T\x28\x5f\x01ukhR\x02\x7f NC\x17 \x5c\x7f\x0b\x1a\x2d\x7d 565839..IedZe HnPwp 4 \x13x\x09\x0bJ\x09t\x05G\x60.OGFYFiZBLA.ryRbELCk \x29n\x13\x07\x02F\x0e\x153\x1b.lwOQBn.jtn  d yxnHralV.vWHQy.VOAV\x0aH. y\x09.jmbf PqVVEiipn \x13rzfN0\x7f\x2d\x5fg frJwMIQGRK TjLLOH JYbLRGBE.bBd uwAQe.\x0a3\x1c\x1eqzM5mAl.!\x2an\x2fVB\x40EZ\x1a.\x2d\x22\x7cFl\x7f\x5ba\x05\x5e.\x0am xemTJWA \x0aRMOgOgjdHz WuAkzGlazi R6zvAI\x07\x0dSs uMiYY \x0aapBlPpjYJ JYd Sb sOvGjTHbwZ.KyjUMdzN KXMD 37177000.ELv..Ib.p\x19\x25\x01\x28\x18\x3drx.  \x0au\x13 SEQ\x274p\x07 uSgyrq Kn 16988182 \x1cc\x27\x07y\x5d0\x0aTy.AYQaumCzF.zzO LVx z\x3btIs!\x08Py3 41 Oy rXp.\x0apGM E\x2c\x1f0\x19S?T?s o.cY BUxJXVd.YEyawS WPv \x0aLdSxbj u\x07\x23\x27\x160H\x7b\x3bP 1638711 znt.iS \x27\x0e\x04Kp\x00:\x05\x18\x05 650 fVD \x0eCh6gP6\x23\x1b\x11.rNgQS BlSQs DakKbnVla.7534732035 wvnc bfO iGp DC.MUXkXu. \x03</data></write>
    <read><delim>\x03</delim><match><data>Here are your results...\x03</data></match></read>
    <read><length>4</length></read>
    <read><length>20</length><match><data>\x02\x03R\x00\x08\x00\x04\x00k\x02\x97\x00\xb7\x01Y\x00\x5b\x0081</data></match></read>
    <read><delim>\x03</delim><match><data>Give me your sentences.\x03</data></match></read>
    <write><data>Vl YHzwAklEl.SdqouKn.VFCACyJOyh :\x27.S\x28\x09\x0146\x24.\x0aM ..\x0awCrC \x0a o m i IkHufNP kJQ.7421072 \x0aKC g\x2f1\x1e17\x18:\x08M ljM.dmmY \x0aFpARG hI.WrUIZju.1728965 \x5c\x05\x15\x3bb4 jW\x27..Kkucai.H wcmdZ fo 0330176 \x0a!q\x28\x2c\x0c\x22\x1bE4\x09 glKmi X le KYrRB.77793.270803.\x0aM...\x03</data></write>
    <read><delim>\x03</delim><match><data>Here are your results...\x03</data></match></read>
    <read><length>4</length></read>
    <read><length>20</length><match><data>\xd9\x00\x1b\x00\x03\x00\x03\x00\xb0\x00\x29\x00i\x00\x27\x00 \x0081</data></match></read>
    <read><delim>\x03</delim><match><data>Give me your sentences.\x03</data></match></read>
    <write><data>0.QQC\x013y\x2d\x01 \x0auA\x3e6t5b1b\x08.glOCH DcIsHvsUT \x01\x7ed\x5e\x24z\x1eu\x22\x1f XBwLtknpL rQDj 9  hp.7\x29Yth\x08\x2c\x1a\x1aL \x0aUqXCk.cr\x19\x1c9Zb\x1e\x24c.DFlrMIxRUS kAg \x2aDv\x3eN\x13T s\x1a 829583 sIsZhPMBC Lk u\x1fTwE\x7dT\x14\x27\x2f  EukxA rmKdhtlx 5hGX\x2c\x13d\x60s\x1e \x7d\x5d\x16P2\x26\x1c?T\x26 yJNp.gAhIoz G\x5c\x09\x14\x02\x11NXVi iMYJCjizUm..\x2c\x3dg\x23Qti\x10Y\x0a.087 .GDrI dBimxi \x15w\x5eRkLG\x1a\x0c\x10 \x0a\x14\x5dr\x10Dw\x2bn\x3b\x16.\x26B0\x28\x0a\x293MEw.uKbHIPgmA CXBxCQJM 524.rJipC L\x04\x17\x5d\x7e?nDI\x7e.\x24\x28\x26\x5d\x13\x19A\x23\x3dC.GBvtu DIp iugM.afcCNd .\x05\x138\x1fE\x7cv\x40\x5bu pmH3J\x40RTHu 0W\x281\x60l.\x08zJ agneslCOn \x15\x04\x5b\x25o\x2cbSq!  .\x0c6nH4F\x7fu \x7cP\x26\x19pS!\x2f\x0c. rkpA l \x60\x1b\x05\x3b\x25\x00\x12\x1aC9.\x23\x29J\x018oy\x17\x7ea d\x2c\x3eg\x009\x2bdz\x2a.iijLZmap .u.\x0a\x3dB2\x08!Wo\x12fJ \x0atLoqxROnkB  PCzeNs FYW !1h\x11\x0czW\x1d\x2b\x24 \x0a.aUGooJsBF 8838 qFywK JYIPWtPz \x01i\x2a2\x18G\x7dqTW Czfcq GYJCVEav \x0a16354855.TF\x06hF\x5d\x06\x0bWS VxXJbcqV G:\x01M\x0cmZz\x17g VJhw KfozNkU.D\x14Pmf5U:Rs w.\x0f\x7f\x0eN4T\x5d\x5f g CfKtAEm eYaEd.YTgen.ANt.\x0ay9\x60\x0e\x2f7?6XL jeGJT Jl.J\x3c\x10rpZPqmH rnXEwKdEgI E.\x0atSFPeRWQCx SI.hzkltA.KzV I\x04\x17\x1b\x06l:.B\x7c \x0aYEZnt B \x10L\x2fq?Rk\x03</data></write>
    <read><delim>\x03</delim><match><data>Here are your results...\x03</data></match></read>
    <read><length>4</length></read>
    <read><length>20</length><match><data>\x1f\x03N\x00\x05\x00\x03\x00y\x02\xa6\x00\xca\x015\x00z\x0081</data></match></read>
    <read><delim>\x03</delim><match><data>Give me your sentences.\x03</data></match></read>
    <write><data>VGUYR 6\x5eaq\x15\x02\x0fN\x0b\x19 .tjHt \x0a\x0bi6\x2fuQT!Q\x04 RRxqyfKx W. FzT.\x0a57387162. twF.IeLwFLTZUl. tBvXAUVUWI zlStUA  jL ET sMjSSLa jCAOyHfO \x0c\x5b9?\x11\x1c\x40\x11r\x7e fj D\x2d\x5ea\x00\x04\x19\x7f\x7fj.IRhXl.YPcAkJT w \x23:\x1c\x5cN\x12FP\x18U RRuySRKwH 65 C6X\x1e\x01K\x2dS\x2fR.V PcHGIHEiE \x0aNkbfneDTw  \x7cv:taJK\x2b\x28.Dt\x0e\x1dW\x40\x07\x1eIh.\x7c\x17\x1eCM\x5e1\x27\x05\x07 sHutnrmr.\x2aPhY\x7cd\x1d\x1fs1 zmjcqoNEyx zumtOfOO vUZd C\x2fy\x0e\x26wTC\x3c\x7f wZiYOuskN \x0ava B fwhOFLZtWB \x0aKwSuhOVsUC.c 0911 \x0aonXhAlV.vZHNrb.\x0da\x17\x5dj\x7bNaX\x1c 706.jNlvBy. IQnBHh b LmrjygftNK F \x5b\x0aMA\x25:x8MC.tyG\x7c\x0c\x3eMa\x1f\x04 .\x0adse.K\x0f\x17\x1cb\x09q:Z\x13 lbR \x13\x0a\x5e9d\x01\x2a\x2a\x14S.\x60\x2dRY\x19dC\x2acN.\x0a WWzVzrMk.CcF.\x07\x13\x04E\x2dJ\x0c8gS 720 gekiCWjUjB bxhqJtiJ  3 Fi\x0ankSlp\x1f?. ilXqQDJKar VyM.x1\x28B\x3eh\x1cH\x5bT mLwmfUGlnI zBqS C\x2d\x260\x29\x065YV\x11.sQQcbILRT eEM ex 7\x2dM3ZEW Pp.zaNMstoX g!2gi\x0f7\x1fKq FGI lKjTURVJ \x24A\x5eqlhDuZ\x08 \x18P5e\x3eW\x29\x40\x27\x0a.G BKKKxnzjNK 681481210 6 pK.G\x09W1Kj\x03</data></write>
    <read><delim>\x03</delim><match><data>Here are your results...\x03</data></match></read>
    <read><length>4</length></read>
    <read><length>20</length><match><data>\xcb\x02G\x00\x08\x00\x03\x00:\x02\x91\x00\xb2\x011\x00W\x0081</data></match></read>
    <read><delim>\x03</delim><match><data>Give me your sentences.\x03</data></match></read>
    <write><data>knkd.iPzmhubmb 6144113 wAhGyndE QT\x2bjK\x3d\x07pB\x14.R  aoKw.dX.6070.GTAp.\x0asDlAE \x23\x3e\x1aHq\x02\x19\x5dfr dIuyJ OiwB.FGSXEy.IqdJDqUNn.3934072 CwZENzC NHWqPw.qiqbkr.xMmTfAzFO.GCU.c7\x04?\x06d\x29gNg EymdWYc BgaGdWw vR cdhT xIa \x1cafc\x7c\x1b\x1ej\x02\x1b Tm.\x0axvY \x10\x03</data></write>
    <read><delim>\x03</delim><match><data>Here are your results...\x03</data></match></read>
    <read><length>4</length></read>
    <read><length>20</length><match><data>\xd5\x00\x1a\x00\x02\x00\x02\x00\xb4\x00!\x00\x8b\x00\x13\x00\x16\x0081</data></match></read>
    <read><delim>\x03</delim><match><data>Give me your sentences.\x03</data></match></read>
    <write><data>iRLHlA.Ia \x0aUzQ NvmzMdeR yGdsBq.6460980.H\x14M5\x26k4\x0b\x14\x7e.N.R PhJ.?\x08\x40j\x5bP79\x3e\x2d g\x00B\x1fa\x15\x10\x28Fn HGONRBGl.ttrfWZd \x03</data></write>
    <read><delim>\x03</delim><match><data>Here are your results...\x03</data></match></read>
    <read><length>4</length></read>
    <read><length>20</length><match><data>a\x00\x0b\x00\x00\x00\x00\x00Q\x00\x10\x007\x00\x0b\x00\x0f\x0081</data></match></read>
    <read><delim>\x03</delim><match><data>Give me your sentences.\x03</data></match></read>
    <write><data>SwiCW aiAwKKOiZm.\x0a615921 KvHxcF \x0accOQnLp IxBxcPgnl  \x0a\x19T\x2f\x198I\x24\x251\x0e iVwxVcN j\x23Jc\x5cWJ\x24\x2aV OBuzLy zTWfRe bKyaGXuIE.L Ps qaH.zAC ANx \x0a\x40.iXqMyQ\x0a\x5b kzKCEEVdi EfZAYQ.y.zppz.icO AhBJgPOT Jm KchAvy 411211 KuI LjwqVxRDE.dJyJBF .lb V  \x1c?lnZSKK\x11E  ZapmdeXdh tI Q B8ee\x15L\x5fU \x5d bl \x0aMNU ughdsXUj ysMqfTgRDi vGuV FqDZq.goPRsPxXmF rDylma.QVlDnLjeV.m\x2dSgdr\x04R\x233 16398 2525614689 KBQ bq Tl\x0d\x14\x3e.\x7d\x25\x07Q vMXzsja \x0aLO\x0a\x7e\x24\x29\x7dL?h neRkYzDo \x0auTDc \x7b\x2f\x0biN\x22Q5 q.OtRAOX \x0ap\x0akvOLE6\x7cM.oz QrcQ XatlL fITISpqNhJ nbAfcFQ \x27\x3bIoH3\x01\x19xg vyoCq \x0aE\x7fV\x08\x002\x7f\x17S. \x0a\x08lQT\x0bA\x40cz4  \x3e2i\x1fx4\x0e3?\x2b jnzgpAd IsIUNbCuTq h.wr2ziz\x05\x28cl HoPT \x0aFcCcSLGuA xFqyQsr.\x26\x2d\x1eQ\x7b\x0e\x16\x09\x02p EYbhvE YXQbIQ  9 uXtKNHcQ gP ypPyedoiSZ RJyi G uGhWbqqUce.uZlYKgwmR.TG\x12oue\x1f\x2fU8.JqA SfEfqifkvq EG.\x0aF\x16X\x1f\x5d\x0b\x13o\x2c\x1c gObnEneB.\x0a.bc\x27\x29\x7fIj\x0d\x7e\x12.810267061 XHwXmlJ  tLVe \x7f\x15a\x7b\x0aYgN\x7e\x23 Zp Uf.uumILzIm iVaS \x03</data></write>
    <read><delim>\x03</delim><match><data>Here are your results...\x03</data></match></read>
    <read><length>4</length></read>
    <read><length>20</length><match><data>\x05\x03X\x00\x04\x00\x03\x00s\x02\x92\x00\xf9\x013\x00G\x0081</data></match></read>
    <read><delim>\x03</delim><match><data>Give me your sentences.\x03</data></match></read>
    <write><data>cYIQkJW \x3bh\x0d\x00wX\x5c\x5b\x1c\x5e PXd.\x0aD hCKI E XdxRn . \x3b\x28\x17\x3ez\x5cW?\x0e\x60 dSr 568641515 XBK pE\x180\x60\x04G\x14AB Rp dBsdpVhynJ tlMhf.\x0a7341592 mzyA 6.WRbdXKye cA\x0ams\x05\x3bR3\x3e iCf.\x7d\x0d0qv\x18 kRw.EriuomI.l \x0a96072202.YDPSXY PAtNFqgwN.bAh ZZfole PGD GtT ONGjUsGxh 6  HsEaw. zMVXE \x1f\x5f\x29\x1b\x01\x5d\x2aTaf PVHpaq.\x0a.ghyPAua 3 \x0aViTrp hUTU MA  yUAzOyxIq n.IKwfK UheVY sTThkDef  lyW \x0ae \x0adDG.tQMPE wkXgMTFLNj.ZHoShEK.Ykjinkiwsq \x06\x3c\x0e\x0bB\x1bx\x05P\x02 \x0aQWJdUdu HFOxafaFLp sjrqjqn pmaeZnFq a Mcc S\x0a\x29B\x01\x26l\x0d\x7f\x0a BE.b\x07\x0di!L\x0e\x129\x7e \x7d\x15O\x04\x057\x5f.\x02\x2c.\x2buW eNIw\x02! .LbnPH SUIC WsYSPJm t7j\x07l\x7ef\x09g\x25 q.dEZLCppi c XR ELUyjn X fytVRPtBfc U   uzLL 3188732839 c\x7c\x29\x26U\x01\x24Q\x24M JszedCrX WpwPER YgoBtH A EEFqsLqUg.CF cGpQPwOhr KqdpNl \x154!i\x04UA\x5b\x5d\x1d.Tb\x08b8\x23\x3b8m\x15 vXuSmDfrF .H XEHAac.\x0aBzwFZCB.\x10\x13A\x7b\x11\x18Xc\x024 bN \x0a998510632 ioKRas 1072583 \x0aqSBo oFaxPytOF tPCSLxOkj 4674065823.GIjqKNVoMS \x29\x7bOPN\x1f\x01\x1d\x01\x00 pGjksV.CJ tsJsVh.tHrvcZlz.DuCITv SfsV.00 mrbPTEs.KirUEuhcwN.k\x23\x7bU\x1e3\x15\x0cKN \x0aJnOSsf  k \x03</data></write>
    <read><delim>\x03</delim><match><data>Here are your results...\x03</data></match></read>
    <read><length>4</length></read>
    <read><length>20</length><match><data>P\x03a\x00\x07\x00\x04\x00\xa8\x02\xa8\x00\x0e\x02L\x00N\x0081</data></match></read>
    <read><delim>\x03</delim><match><data>Give me your sentences.\x03</data></match></read>
    <write><data>iMsYU jSIqly.IfljgbpT gSTCz RfwwMf egE ftwdycAVKb 662356 cTPI VsAiya.\x0a\x2d \x1b.r\x3c\x13\x07t\x08 llWNOZgR WbUJKIqSh hQZTKa 4 e\x0c\x2d\x09\x0e2 \x2c\x2bq.\x0aR \x7e\x0709\x0e\x07\x2b.\x0c\x3c \x0awXMoxhSoWb .2\x5c\x11w5\x3dm\x0e9\x5e.?4\x1d\x19QroC\x60\x07 NuYBSILOEY Vzz.Awqskvb Ilq yR NJZmkZ.\x15CU\x7eY\x0cF\x7c\x29h pGv.fV.\x7cS\x7eZrk\x3ce\x17j OQuuLODf NtkBvUGYFy .OQ\x05e9\x07\x1e\x5c\x07C  doKPKsWbwb.WztTt 4T\x14s\x3c\x0cXE16 hYpvUwaZ.BvbYAPoGY NsATmigoCt rCwD 8690714413 jgbHA.WClwx dPOzUKIrU fT \x1eSS\x15\x40OX\x01 P 03548686.\x0adhA\x5cfu\x0e\x29qp.\x3eDDpPt\x17\x3diw \x2f\x1d1.l5DuX\x60 ugMdjlQU T2Q\x2c\x5c\x07!57b qQRwUtn \x19!\x00j\x25\x10h\x0b\x2dg XeyIagm. fYReoQn 93989.wY\x60\x104R\x11rr\x7c OKcEF.1p\x14\x3e\x0fpL\x1fU\x1a 51 \x7f\x251\x02J\x13H\x07ob.p..Kz.oU\x25\x24\x3ck\x02\x08X\x06 \x26\x5e\x26\x24s\x7d1\x29Fi.IOdKwa xu PEob  J ZaIo OEUEGvn.0049542337..L\x13\x3eAC\x03</data></write>
    <read><delim>\x03</delim><match><data>Here are your results...\x03</data></match></read>
    <read><length>4</length></read>
    <read><length>20</length><match><data>Y\x02:\x00\x04\x00\x03\x00\xe9\x01p\x00\x5e\x01\x3e\x00M\x0081</data></match></read>
    <read><delim>\x03</delim><match><data>Give me your sentences.\x03</data></match></read>
    <write><data>YsPoz.RhFozD aZCXR RdUzA GgqIiU OO Sak 0u\x5fa.\x0fTDG\x5b eAeU\x13Gh\x15\x06\x0d zDGxK \x0avOKV lqA tkFfKW.aImdccw.\x0a100 rLuzFdt .7\x17d P\x26\x09Rp\x13 YzLc.\x04X\x7cq\x0cj\x15\x0e\x5d\x0d..\x03</data></write>
    <read><delim>\x03</delim><match><data>Here are your results...\x03</data></match></read>
    <read><length>4</length></read>
    <read><length>20</length><match><data>\x86\x00\x10\x00\x01\x00\x01\x00h\x00\x1e\x00V\x00\x05\x00\x0d\x0081</data></match></read>
    <read><delim>\x03</delim><match><data>Give me your sentences.\x03</data></match></read>
    <write><data>vxhYBwu.eSCfSSOcm.hgfm wuK \x0aTdqYEG mJJ XFWIWx.9?\x15K\x60W\x7b6x\x3c rCpEi.I\x18\x0c\x3by\x02\x29\x25\x19\x1b.HZZibePEb \x1ck\x5bP\x02x\x7es\x0b\x26 Wwifx aQTRx nxE \x09\x249K6zD\x5bLA AKvsPdHV  IqdDzImE.j Utv FVSsMNb \x15?gL\x06\x07K\x28p\x1d IIMRy.434 vWZUf.\x08\x2aW\x2b\x1d\x23tb\x15\x26 qvHNSKW X  nj mjO HmyJTl GMROXxY  IhG \x24\x1aBRT\x5bd\x7f\x3e:. VGZToTx kybsTYUw 7 5\x2dX\x23\x26A\x01c ETFAb H pJmTw\x03</data></write>
    <read><delim>\x03</delim><match><data>Here are your results...\x03</data></match></read>
    <read><length>4</length></read>
    <read><length>20</length><match><data>\x1c\x01 \x00\x01\x00\x00\x00\xe4\x008\x00\xb9\x00\x09\x00\x22\x0081</data></match></read>
    <read><delim>\x03</delim><match><data>Give me your sentences.\x03</data></match></read>
    <write><data>mDFlDicZO AFHG.q !\x02O\x25O\x2d\x23\x14n8 \x5b\x08s\x7b\x0b\x17G5\x27\x16  \x0aERmic \x24\x7cXW\x021D\x169\x2f.FcXCaTAVT.XX.zNRlyAuCVW \x0aCcFc q\x28Owsh\x5b1\x09\x0e S \x0aEW\x5c\x24\x05\x05\x13\x1al! XOFkq gIoJczucI.4c\x26J\x28\x295S\x18a.ZEQA OKwmm GVLkvRHk ozmvmPCh Id\x1fU4\x1bbE\x0dl Fh bi jy\x0d\x10B\x10V.zPf \x0a\x2ca\x3b\x5eg\x24\x3eVJp. AAafnY VmE wqbKXnETK.BqEEDr cLI.u.Ma.aUCjEyFGW ..\x7b\x0d0SKxR\x0b\x2a\x09 wrOf LuWpbur 4\x2aru\x26yo\x7di\x27 wbeuPP.\x0awPqpC 577520 ZlQiaa ifwYGoKfRn K \x17\x1exNSfgl\x2f\x1b.dbr ijQyjXwQ HWIbXz \x0a\x5dU\x04\x1d\x2f\x22Nl\x0du \x0a\x24?bOVY\x16\x23!C !\x0d1T\x1azZ:\x269.pVbZBzLGmb cindrRDO 4 ujJ3\x0fz\x2dP\x18! aAkMyDl \x0a65834 okBx CSPJqlG xFk wntWLQhlr.eSLdX zOPPyS JBkm\x03</data></write>
    <read><delim>\x03</delim><match><data>Here are your results...\x03</data></match></read>
    <read><length>4</length></read>
    <read><length>20</length><match><data>\xee\x014\x00\x04\x00\x01\x00\x91\x01\x5d\x00\x3c\x01\x19\x00\x3c\x0081</data></match></read>
</replay>
</pov>