<?xml version="1.0" standalone="no" ?>
<!DOCTYPE pov SYSTEM "/usr/share/cgc-docs/replay.dtd">
<pov>
<cbid>service</cbid>
<seed>0aadb1f3ae5a12700cafbd4ac7a9e37f9d35010116f8393547892421cac15692edfc03478663601a1d12c2d88e4d14b1</seed>
<replay>
    <delay>50</delay>
    <read><delim>\x03</delim><match><data>Give me your sentences.\x03</data></match></read>
    <write><data>I c\x1f\x5fL\x1boH\x11\x0f3  hUQ  seOltIOQ qPRMnuNY gDmNNZI \x0cT\x7evd\x5fY1\x0aJ sNJi \x0aTlUJCRHx KQjDjXc ULGLd 5417 \x28P\x2arml:r\x26? mM\x1ekKvE\x5b\x0fH FVAALynP \x5e\x2dn\x1cBoN\x0evH wP.n.\x7e?8\x5f\x08\x7fgff\x07..c taeAB MWczF.YCueml ?!R\x04\x3ea\x3b\x22\x0df hfaiJoTy YauZMm PeMDPdr Q\x0e M\x14x.\x40k\x3c xzXoKyT \x0aYxuhnMO OwcMlornz xIbudoJdt hSDV.\x5eWWP\x7f\x02\x0eGF\x1e.yxSbBpeDl BIfSJGu.RInhj GkZEa XDOMf.CnhOMcv Riwiw.\x11\x1cLWi\x00\x27s\x3ch \x0aNxS.\x3d\x0e\x1c\x60\x02UEB\x3e\x60 oyXxrq. WYLiUsghY.dYwKaeZn RJEMgKFzIp I XFimAJOJj 3702559919.ZIXgljMxFM 0\x07\x7baI\x7b\x0c\x09tG CrpZf TeNF YVB 7ET!\x02w\x1bSii kVtHUyW wRzoP \x0aD tQJLr 0329294. aJiBTbC fOqEdWjISY  \x0aKhECpPb.\x1cC\x2f\x10\x0cc!raQ 072 \x22\x7e\x0eX8\x7cH\x0eb9 ejhFViauDx DNUZVsIPl Xd0\x10F\x04\x13E8\x29 \x05C\x09\x5f\x16o0\x3dgf  \x1cF\x23\x2dg\x3d6Af\x2b.grXsua.MBmJv epujujQP I\x7f\x05\x12F\x1czC8\x23 \x7b\x2f1T\x5e6d\x40\x3b\x26 150 .BO 6825498 iAVee mBSR erA 9 HpSDlGve.oVq hspnElRTrN S!\x23D\x08dM\x0d\x17\x3c VuOZomU  sdjVyBfEwL.\x40\x29\x1e\x7d\x28h\x18\x28\x60: PKpRlZZrC.dbYKqq.sSV \x143\x2b\x17Qe\x7b\x27\x3ey R0\x24\x2c\x10\x26E\x0640 63331 nJyNT HJe\x07TB\x2fGlW \x23\x3d\x06\x0bc\x00Y\x0f24 L y GYsZJV  \x06R\x08tK\x5dW\x15\x7f\x40.53366 YDAbo FAeXB LHyWfjL.\x3b\x004\x0fe\x3cD\x5e!\x0e 6 CT wEW \x10zVX\x3blEg\x17J j.619802569.4064382 wPFuJHS.Z.\x1b\x26J\x24\x1a\x23\x5b\x29\x284 Q\x3c\x03</data></write>
    <read><delim>\x03</delim><match><data>Here are your results...\x03</data></match></read>
    <read><length>4</length></read>
    <read><length>20</length><match><data>\xac\x03\x5e\x00\x03\x00\x00\x00\xf8\x02\xb4\x002\x02T\x00r\x00\xee\x7e</data></match></read>
    <read><delim>\x03</delim><match><data>Give me your sentences.\x03</data></match></read>
    <write><data>6603 L\x03</data></write>
    <read><delim>\x03</delim><match><data>Here are your results...\x03</data></match></read>
    <read><length>4</length></read>
    <read><length>20</length><match><data>\x06\x00\x00\x00\x00\x00\x00\x00\x05\x00\x01\x00\x01\x00\x04\x00\x00\x00\xee\x7e</data></match></read>
    <read><delim>\x03</delim><match><data>Give me your sentences.\x03</data></match></read>
    <write><data>dnXIWCoO StkGOAEe o\x29f1ww!\x1f.\x3b.y\x7b4\x7eJJn\x1cf\x01.xrvwpFl.\x3c\x16\x081Y\x2c\x06\x0c\x16b \x0agQRs.\x0aQDu Qvjl.jdWdDY.\x0ak\x3btfX\x40E\x1bzR fkaILA iV lmBTYojKHi \x00\x18\x1e\x28j\x2a0L\x1e: quJMCTOZ qti EQJQfFb cOvmYKhhLC  \x5e1u\x1f\x04\x5d\x04?e \x0a xPEmx.R\x17\x7b?x7\x19\x400A \x0aSK.J VIbElQ 71957 aH. \x0akTBM WSi gj Kc 805 TYBbFla N\x7f\x5d\x60\x2bw\x3cHTo \x0axx rrWX HD .vhYzJFHx NvGRpgdh.fSpNEKQC u5o\x29\x0b\x3bd\x26\x1d? Xy r\x1fk7Al\x26\x7fg\x01.\x2a\x11\x7eEn\x11\x0cepE KJ  fta. ovwGnUPtW koTv BdRPVYo \x0a \x25\x7dTTz\x1a\x5fY\x26\x2f ExK.HOk \x0a7\x7f\x168\x12\x3e\x5c\x40\x5d\x5d q\x5c\x2a\x25q7fAIV WS \x02:\x01\x22j\x01!\x1e\x15. G6TNQ\x0f\x02r\x0b\x29 jyYkkrwurF cCWwdgHdr \x04D\x1e\x2aIV\x0as\x1df Dd.FGVxKk.wfW noBwn.ol Be.uuGs h \x0a740396 EzHY Bjm.TO.\x1au\x609\x5fo\x7f\x5fQd \x2cI\x09\x7f\x1a\x04Elhp BL GbPTeXqo.\x5cINN\x1dS:kO\x3e VXZyb 5C\x06dB\x2b\x05\x3ceq Wbaflf \x2cuwOQiZ\x3e9b VHAFK.Hw nG xrwrJqGNh \x0aazSsLtA G.\x1e\x24Xe\x5eIJ\x0dSO .cqkzZs zc.\x0a926960595.fF\x2c\x0d\x26Gy\x27g\x2a w.ZfMJjNgr \x13ML07Z\x27\x0em\x11 5\x19KMg\x22I\x107G VqtohDqH \x15N\x40\x2f: I\x1cNI 9748 kqhPO.w\x03</data></write>
    <read><delim>\x03</delim><match><data>Here are your results...\x03</data></match></read>
    <read><length>4</length></read>
    <read><length>20</length><match><data>\xde\x02T\x00\x07\x00\x03\x00C\x02\x9b\x00\xb1\x01\x2f\x00c\x00\xee\x7e</data></match></read>
    <read><delim>\x03</delim><match><data>Give me your sentences.\x03</data></match></read>
    <write><data>c 0926463037 FTgjeC bglITGNpw dnSb \x5dx76\x00\x1acd\x2fK P GjGLyO BtTLhe \x0aec\x27\x1c4W\x3b\x3b\x27w.AKvsfgVh JIgXWpuNB ?:F\x04\x23\x06\x09Xo\x28 FCOccvwJ mSIXjKzjh OmaSOYtC Pfhhbv 2652 qW .sBWB MSwvQMDc KIEKoq kX O.S3l\x1b\x2f\x2aht\x18U R\x7em\x08jm:Nb\x0c qbyBd.tqIemF p7\x5b\x09z7\x06Oh! vRGXxPRH \x5eZU\x7bK\x7b\x24J:\x06 hpOBlbqS PK\x5fy\x5eQ\x3e\x12\x22P 4\x7do\x3bF8o\x5dQC RcxwZolKJH.HTFxp \x04iVz\x1d\x01\x0d\x07\x7c\x5d \x0a\x1c:4r\x5b\x1cx\x19\x29O \x0aVizwOeLQ.13659 LVpgZgz kAuiiZVgZB rf.EgO\x40NO\x2f\x00?x AnG\x2f\x40\x2c\x3bYrw. \x7bJ6H\x04wV1H9.koXY.Esoem TOdGTqu AQVtCv.\x0apynqLv pw isK 7BBku\x1a.Dh  DOc\x03</data></write>
    <read><delim>\x03</delim><match><data>Here are your results...\x03</data></match></read>
    <read><length>4</length></read>
    <read><length>20</length><match><data>\xb6\x01.\x00\x03\x00\x01\x00k\x01K\x00\x16\x01 \x005\x00\xee\x7e</data></match></read>
    <read><delim>\x03</delim><match><data>Give me your sentences.\x03</data></match></read>
    <write><data>YZXt\x7cbHb\x5b\x40.t \x0a6r\x0c.Y\x2c\x01\x5f\x2af  LcCvdgWlAq \x2f\x5d\x5b\x5c!L\x2d\x5cXG \x0ai\x1bQyc\x26\x1e\x23C\x3d \x12iEVCtKe\x15\x13.ueuTQouJU \x0aLKG .xv Jov\x24\x1cW5\x3d\x17\x22.3387911495.\x04uF\x24?i\x1dp\x28\x22 WDniVbRsu.718104.\x0aJpieQJdXvj h.\x0ap.\x17k\x23\x03</data></write>
    <read><delim>\x03</delim><match><data>Here are your results...\x03</data></match></read>
    <read><length>4</length></read>
    <read><length>20</length><match><data>\xa0\x00\x0b\x00\x02\x00\x02\x00\x84\x00\x1c\x00P\x00\x12\x00\x22\x00\xee\x7e</data></match></read>
    <read><delim>\x03</delim><match><data>Give me your sentences.\x03</data></match></read>
    <write><data>\x2b\x10\x5e?\x11O\x602\x23\x1f lXM wIQy.Kx l KWWtZUG \x0aaXw !\x00\x16\x013\x1c\x7b53A opiwrscJ.T.XqRGE.zUGJvdRgd oKVwm.aHjsza  \x1e\x0cf\x18h\x3d\x7e\x1d\x10N.Dac\x14\x29I\x1b3.u \x0aBuRbaEmRZ vX \x24\x3bE2ANX\x60S5 eMAxZYAVc zMpLGryJ \x0ajQpNbA FGO NbUNIe.t.6829500 141 a\x02I d\x28Z\x0fIq j .I\x1dt\x22\x15h\x12\x11\x16\x05 \x24\x17\x1c\x29\x2a\x23\x0f\x0f\x26r DMunLYlgv \x0a .FXpHx.\x03</data></write>
    <read><delim>\x03</delim><match><data>Here are your results...\x03</data></match></read>
    <read><length>4</length></read>
    <read><length>20</length><match><data>\xf4\x00\x1d\x00\x00\x00\x00\x00\xbb\x009\x00\x8a\x00\x11\x00 \x00\xee\x7e</data></match></read>
    <read><delim>\x03</delim><match><data>Give me your sentences.\x03</data></match></read>
    <write><data>\x04hY\x1ak\x2cm\x1c\x25\x7d \x2a\x0d\x1b\x7bWc6\x10\x1bU.\x5e\x7bL1U\x06Ph\x09\x24 bYTf 88  DAgLPE I\x7c\x7f\x11p\x28XI\x5es.itA \x0aSlg \x0aGpSecX jKfhDism nMlBBK 35239111.qt.PVYPJv  \x0aTmeFVDWnS VulRzlwO \x5c1\x29\x22\x5f\x3dRa\x07c.CJlhSAXzjZ.aHYIlOVljE gbzeyjp.P QCrVKYDb FwNJtg.oto 134.oOrH HVOJk k gJmLjsI.O .nsAmoSqY.WWkSMYflmR bGbQYfEF DT\x2cd  pHl\x0e.90 QW.171658 SCdwjPgkUH Mki FKeWZa EW \x3bJbU\x23\x04c\x26\x26F F.TgenKpmizv.:\x60\x5d\x2faP.\x00\x3e\x17 9 HD 5856538.\x2b\x193\x0b\x2cKPo\x2ay \x1bPqBz\x01tK\x22n BRAOh 2081424194  qR..DeY aqwFaFIkJ s.\x03</data></write>
    <read><delim>\x03</delim><match><data>Here are your results...\x03</data></match></read>
    <read><length>4</length></read>
    <read><length>20</length><match><data>\x9a\x01\x2f\x00\x00\x00\x00\x00W\x01C\x00\xf9\x00\x2b\x003\x00\xee\x7e</data></match></read>
    <read><delim>\x03</delim><match><data>Give me your sentences.\x03</data></match></read>
    <write><data>\x26j9 xQ95LB \x291\x0bj\x04\x18pp\x1fk.Oz9LR\x1d\x60jj\x0e CRuGwBhNI \x192 \x7f\x05\x0e\x3b\x00\x3eS.XpSpffgdBI.\x0ayBmFMZi.\x0aRzLNRAEpSB \x0aFfHRFZsMS.ibRgwptv .4e\x5e4XvkQB\x25 \x7c\x0d\x0fGiTrO\x5dh .akWDqkGax vtgPemnpEp.ey .AFKvxX 2946085 UfORmmo.Qna.cV .76034382 NNm qOJoO TUiMDWVN ayLkmG iAZbIKNqL qpyG.VBEkrtg  YE3m\x11Ff\x24k MGdu zrASsbzJXj ecdyUiWjT \x0aGTDdVFt.r\x1b\x5c288gBrg  NJQJTi.SlK d.?Yf\x03</data></write>
    <read><delim>\x03</delim><match><data>Here are your results...\x03</data></match></read>
    <read><length>4</length></read>
    <read><length>20</length><match><data>\x3e\x01!\x00\x02\x00\x02\x00\x0e\x010\x00\xd7\x00\x1b\x00\x1c\x00\xee\x7e</data></match></read>
    <read><delim>\x03</delim><match><data>Give me your sentences.\x03</data></match></read>
    <write><data>\x7f\x7dsgjl2\x40\x40\x28 \x23\x27\x3c\x145\x0byg\x1b\x10 gusxFRopuA KIqUZpiylr \x0a\x2b:\x0aj\x13\x0dk3\x5bg D\x01Wff\x28 L!\x12 \x0aPLFT.dSfXxxy  hY s U \x0a7 \x0aXRhhwke \x1aF\x7d\x5c\x7bSM\x3bI\x01.\x0aFucSCqIsSy lOjFigaJz QISovv  pj\x09\x3dsOS\x1dho \x0ah xjTuFAhrp Baiyq wGS t\x2dE\x14\x1b9d\x1d\x1dz.iknyseJg.\x0aM1tj\x24kj\x22\x22\x29.Zd ye Eq\x28uC:I!\x191 \x0b\x08\x16\x0e.jOD\x0ec WlAED xg.b PXbL LYDeOZ :H\x24WO7\x06G\x10\x11 V\x60\x06!Ss\x5fW\x7c?  JghY PZPMqQ aTFfdiG.Ej ZRzP.ZbjcnsAGeh jwWMiraIAp ydIueTg.iDOlz GXOzO xwQKRxFg.\x1e53Us\x7e9\x40\x0a2 mNkVTDZcv.xem.nMGGAtR.QsnEhuD.9lX\x5f\x7cfD\x7b\x2f8 pffnjRYfl vVOWH fI \x0aOMaYjmw T\x105\x23PJn\x04rW wpz.p\x285bB\x11\x09\x1d\x15T 7.gl.84366.ZCLEd.YfL.MWwluCajp .Vp.yfnWuA 53461.y.\x5c\x5bu0\x5e\x2a\x2b\x26\x2f\x08 c 8\x134T\x7eX\x3c\x10bZ zYlQPOcyP 4S\x04\x06b\x2b\x06AtI \x0a.YeWuXP SkwGzeKwvR.i1\x40\x5f\x0ao\x17\x3e\x0eZ.XZIuEjJ l\x1d\x1eSV\x26\x24xo. RtufNErv.pa.\x0aCZW.W\x2c!B\x3e NH\x2de RnZZiGXrt.43964 GQbQ RpQfoN UkSV a\x7f\x25:\x24\x3d\x7eA \x23 \x0a bjYyM 4341520 \x109\x109m\x5c.\x0a7j OrRq euHCgJhN ANCF gKFa.rjlzTzHHll.J\x5fjI\x26\x3et\x05 Q..\x0aEE\x17lFV7\x13SF  89005390.TK8\x3d\x10Q\x05\x07P1.fxxELW.OdCOGrj.oqzwvg PboRmVx GbtsPtMw.h WXrB.\x3eMs\x2cK6\x25\x28\x1d\x15.H\x7d\x2f\x13\x7b\x3cY\x19hw.8.QWSzcZx UGuVTsqA \x149\x23\x0f\x16q\x12\x2a\x15o \x0apCpJbMvvnV.833590.yeWF \x03</data></write>
    <read><delim>\x03</delim><match><data>Here are your results...\x03</data></match></read>
    <read><length>4</length></read>
    <read><length>20</length><match><data>\x91\x03b\x00\x07\x00\x05\x00\xee\x02\xa3\x00\x2a\x02C\x00\x81\x00\xee\x7e</data></match></read>
    <read><delim>\x03</delim><match><data>Give me your sentences.\x03</data></match></read>
    <write><data>NIcItr hbmgV. \x19DhF\x0e\x7by\x0boa o JL pTpGlVj. XOluo xVmFvleREv XffMfLburq KMGTfa \x7eC\x24ot\x19K1\x15\x0b gGVSDGUKY \x5eq\x03</data></write>
    <read><delim>\x03</delim><match><data>Here are your results...\x03</data></match></read>
    <read><length>4</length></read>
    <read><length>20</length><match><data>a\x00\x0b\x00\x02\x00\x00\x00O\x00\x12\x00H\x00\x01\x00\x06\x00\xee\x7e</data></match></read>
    <read><delim>\x03</delim><match><data>Give me your sentences.\x03</data></match></read>
    <write><data>nWogEFhUI.077917196 .\x0acuSYEm \x25\x15\x5e!r7\x29\x00zQ lds e:l\x60w0z\x0d\x5b\x15.BeyRmhpytQ.\x7c\x0c\x1b\x00\x07i4N\x40\x13 Bpmhem \x0asnXIwTmM TqOndag \x0a32.3O0wg\x5ew2\x7d\x7c jG zGwc R.p\x16\x05\x0d\x5eh2C\x13\x40 lOGn \x0a.oIDJPFLD.OPF.15649 \x0aT GMWNYuMEj\x1b j A ozppHCwE lXcZiP yMEHZB \x3e\x5eE\x0fG2\x04I\x1c\x40 HaNAuE I3L\x056I\x10pH\x3e.EueoQFlfj wG\x7f  \x04\x60\x7ec\x00 \x60\x29u.HzVx\x14\x2a. QiYb 9316511863 J \x0azxpvBL U 187 nebptpFWw t xpgGG 5\x3e\x3d\x28\x0cZ.:\x3d0 QyVbcQxK 2DC0\x3eY\x06\x15l\x16.ArOULOXDwF 424814.iEuqKXtfv EMfcFP.zrax XBfeqQG.fP f GWY\x1a\x5c\x1e\x7eo 9.\x26J\x40\x11\x5d\x2c\x0dF\x40\x26 DbJvDfXHWz \x2a\x0eiRRr\x3d50\x0e goLEYZytPF \x22CbyZ\x00Vz\x27!.TPc yrlL\x5d x\x18yd gYx Nz\x10 W\x7d\x3c\x60\x0c6 TdVUjnAetP.DQcopgBv udWMGSBN WXx.RDfwL.sQhprTnXvN QTzFSKc bHQXb.674750.bj OPOa yPlAOriMZ lC.0090712241 YqI N wbWDog 3313973554  25096232.70902 kQrobjVpfg \x0aVRLvRw\x12\x13\x23\x05 \x0aEPGYOmSuk.I.4819029 gYcMtD \x28j\x1f\x03</data></write>
    <read><delim>\x03</delim><match><data>Here are your results...\x03</data></match></read>
    <read><length>4</length></read>
    <read><length>20</length><match><data>\xb6\x02\x40\x00\x02\x00\x01\x00\x3c\x02z\x00\x8d\x01c\x00L\x00\xee\x7e</data></match></read>
    <read><delim>\x03</delim><match><data>Give me your sentences.\x03</data></match></read>
    <write><data>T\x3blbo\x0ak.iD  gGp mmCKlYMcUk \x0adrXbWoVNB sZJ RAC 8398 \x03</data></write>
    <read><delim>\x03</delim><match><data>Here are your results...\x03</data></match></read>
    <read><length>4</length></read>
    <read><length>20</length><match><data>3\x00\x07\x00\x00\x00\x00\x00\x29\x00\x0a\x00\x23\x00\x04\x00\x02\x00\xee\x7e</data></match></read>
    <read><delim>\x03</delim><match><data>Give me your sentences.\x03</data></match></read>
    <write><data>xliiif 349 Sbo .\x01VW\x0e\x3cuC\x051\x0b PtipCqx  KgqwlDNPUu \x7dxIw\x60\x1a\x06\x10\x2a\x1c UsWR.EuoCH igU FzSrtCv NGvXZcbOb 888642678 \x0a EbRNxY ZhvoNybLV \x0axpAac.H\x05\x24U\x0dY\x08CNx wQENf .S qgGlFF JdOLqIbioO CDoNXeY PGeHKP \x0arBqc GVCB eVhEezayQ W sQzX.GnBDPSbeJ asYCKsZ Eqfr \x0aIzFlZ PsWKNVzUA.5\x2cP\x07t\x0c\x10\x1dd\x3d 526  \x0c2T\x2a\x1bh \x3c1\x0c.XzpfCt.8.UQdb elBhFqzkS SHo \x2cJ\x5f\x14\x3d\x7b\x139\x0cl.79 qGCEup.\x5d1\x17\x12\x1d\x01 VI\x5b \x24\x5fYM\x2aEG\x5eQ\x5d RHRkKDKYEz. peOx e \x0aRqwXnRuYoc xtLN aoGpR twh LNvhtP a\x01\x09TK\x7cwB\x18f  HbHXXKp.01595116 VqLz igee ajXsk Ffm.UYS hybmPRGkG F.Rp.KC 038883 ovaStNl g\x0a?\x059\x09ZG\x7bY \x0e\x00a5. f\x0ed\x25 fD pFupTAHcyz \x7c\x3eIW\x3d\x25\x290\x0cx PCfqKXf.nON.SLihO BYNWzbs.aWW CckidTE \x0aUEUs\x07\x28K\x7d5R NtTTQjbXpK.PkmJfVR \x26\x1c\x5d!\x7bOP Yl.KOEqq \x0a\x03</data></write>
    <read><delim>\x03</delim><match><data>Here are your results...\x03</data></match></read>
    <read><length>4</length></read>
    <read><length>20</length><match><data>k\x02H\x00\x02\x00\x00\x00\xf5\x01v\x00\x92\x01\x2a\x009\x00\xee\x7e</data></match></read>
    <read><delim>\x03</delim><match><data>Give me your sentences.\x03</data></match></read>
    <write><data>84615076 kUfWPKiInr.LUuA \x1b?\x2a\x1dX\x3b\x18\x0c\x11\x16 \x0aaq.xfjCJwhOh 907034 yxjpOxSr \x0atyNJTmZQF o\x2c\x5f\x02c\x7cRh\x5d6 AbKJyQheGm \x0aqo dCsAXUk.hOWX Ys.11.UvEnpNfx \x0aIMTbP \x40\x272eFo:gt\x2b.4415 uEDSfcR yseFuvDsm \x099X\x3d\x01\x15bH\x24X.s .Gj.ASmiWLLL mnNnGM..eQNGGOqgnN wko.0673106000 \x0a134 760905408 \x0a V 077157912.\x0aDoimJIL.EyGRwkgsB IpXIHO wHUKEBYoV RBYKzDGYL.tPInqDS ilTBNQkrX \x00\x08\x3b\x25\x10aV\x5fy\x1d MkTMj f zaHYyAENI.?j\x2a!l\x0btgir  A1b\x18p\x05F\x04K\x1d VDytWuLFY.\x0aYwHqZFy \x0aCo OXhaCUMZ \x0a8700 0066 JinAqZB tt.TTQZKf \x10hP\x00BY\x2dwGg gL q\x123Wi7ku6c 9749.\x0amW \x0a247 OKq.\x09MM\x5c\x3e0\x7cy\x0c\x29 uSVuyeWytn 5.r\x0d\x02TaD\x235c\x5f.PsZSBjE.iyqa ypLQKUaB :lq\x2a0K\x24\x25\x09\x01 .MEhkKYYaNq Xn QeTXwUeBK SGkFK 110459491 gQadrHLUVx vY.Thc zsiyCo 2592412 .C9\x23FXFj\x09x\x29.sNqDLb.b\x1c\x22w\x29fY\x7b\x10\x1c J.giWLvV \x02oD0\x7cg\x12I\x0a\x3d.BCSjkGWjSL \x5chxNT\x17i\x0fjS.6297466 r\x0aD\x0199x9\x06u t5UY1\x1e\x5e1:h b\x7c\x5f\x7b\x05\x10e.\x1av tdW GA.1129597850. cuo Lxedwtr \x0a358221799.\x0ao\x2bb2?qqI:b \x0a qr\x5c6Sm\x3bG\x07\x3b.\x0aED EM:\x0eK\x05aw\x2bu aDFxyrMoy \x0aGgoUACp KJEsxQue doAyLA.WivZnQlUF. uMt.qK\x1e\x2d\x12\x29\x5d\x10\x7fr ylnxxwQ NFBEU.MlTznsdp \x0aNBWmZHA IGiwtbo.maELnpB ZFvAqS Tt aptGAN qhFXi. 04908 s.116037754.zwACNM.rDmaZbEt tCndj \x03</data></write>
    <read><delim>\x03</delim><match><data>Here are your results...\x03</data></match></read>
    <read><length>4</length></read>
    <read><length>20</length><match><data>\xdf\x03\x5f\x00\x08\x00\x05\x00\x3e\x03\xa1\x00L\x02\x8f\x00c\x00\xee\x7e</data></match></read>
    <read><delim>\x03</delim><match><data>Give me your sentences.\x03</data></match></read>
    <write><data>HovsVcM 80367 WDPVhkJapA \x0ar.heMAJCT M\x17EAd\x08\x145\x15m.nxkkRjKQ jABJd.\x0a4048731986.WdNDF V \x0acdM pv MMZQC \x0aafOkIwTriZ.FveqZbmUQ ttppgT rfY \x7eD8\x1a\x26\x04\x11\x1ey\x3e Mky vDbprxdfWY \x7cNRj\x5cR\x0fNl\x3b 11251.w  GXUaXugT.\x0aiC\x0d\x2c8\x10KBdG f.dp dvDvjYMSoi 9057  z 6490 YsRwFO \x0abCyztpgt kVcqwN d\x3e\x15\x1a.V\x295\x7b\x7f tzP\x5b\x2f\x1e\x0avW\x3b bi.YOehd \x0a257 \x0a63051 o.\x017cNk\x24\x5c\x09h\x24 \x1fE1s\x7f6f\x60\x05g zpoTLeo \x0aHPyBdRiNRF. UMp at\x25z\x0e DAUG 3240713.jA.xFZvZDylI pCkROqEO.YqRFj GMLGZVYT qv \x0aPBq.QVgcSXv \x04\x5d\x3em\x03</data></write>
    <read><delim>\x03</delim><match><data>Here are your results...\x03</data></match></read>
    <read><length>4</length></read>
    <read><length>20</length><match><data>\xa1\x01\x2c\x00\x03\x00\x02\x00R\x01O\x00\xfc\x002\x00\x24\x00\xee\x7e</data></match></read>
    <read><delim>\x03</delim><match><data>Give me your sentences.\x03</data></match></read>
    <write><data>Y  zssSoZP BtKeJYci CHC \x08J \x17\x04\x5b!\x7b\x11T .\x0a. CU\x10\x2d\x17\x10\x5d\x2b\x7ek.\x23.1\x1fE\x18aQQ\x29 xhbPnHI.UCnPs \x0aduEeJ.c\x066\x0amx\x04gG1 CQb.fxLCIfyO.Y\x17 \x0c\x7c\x2d\x1e\x5c\x2b8 NINRhTzRf.OPuMP veXYVGgblq yAGCeeh \x0axQ\x27 Hg\x0b\x26M5 PC CJ opd  AYpYMsrVdb EyfXQqbryq rdjVqaI.\x0a FgXmCBYvZ hUO0\x0cv\x16R\x3b\x3b.\x1em\x18a\x2d\x04NbRd.z.w.Ykzz.tPzbLsHZZ.99873887 xobWtVL.dZmTIo.XuOdvA.jzpHL.lFDJ mpY VJw \x03</data></write>
    <read><delim>\x03</delim><match><data>Here are your results...\x03</data></match></read>
    <read><length>4</length></read>
    <read><length>20</length><match><data>4\x01\x23\x00\x03\x00\x02\x00\xfd\x007\x00\xc9\x00\x0e\x00\x26\x00\xee\x7e</data></match></read>
    <read><delim>\x03</delim><match><data>Give me your sentences.\x03</data></match></read>
    <write><data>MTyvZr CCP\x08Eo\x2baN\x00 FSCLudV P .utOaNrC SXYW .i\x2d\x26\x01xz1N8\x17  02579 nSgKqZtIsj.bQpnZHtQ ElTbdO.TRXWS lxculWwjr.\x0a jDNTfSxdrU UqY\x5ez\x1dJI\x08\x12 ZOHOY 407792.\x2aC\x0e\x12\x7c\x3e\x11 mC.rEFzu ExI.tLoLFL \x0a\x2f\x5f\x13\x24\x1fUJ0\x2a\x7e fAgKGrAJQX odohLw dzXiH .fihRMT \x2d\x17\x28\x25\x5f8\x1fQ\x01\x26.due.NYurb.AQpxcc wPkYDHDjH FgeYWRN fvDomRG.27293343 I\x7f5b\x05\x2cSEzJ.\x0a104560.jSpjZGKcnd OEQDYDps..Jdko qQAPYN 430316 O\x28o\x15i \x01x7V.ldSMaty \x0a\x0a\x0e\x3c?S\x0ft\x0b\x1f\x0d \x0aF n.MqrOJMPNw.4623 JD lsfECSAaWN y wSTxbzdInD xDJPvGBgLn.\x5b\x5fV?3\x08\x1c\x08.m.\x3c\x03</data></write>
    <read><delim>\x03</delim><match><data>Here are your results...\x03</data></match></read>
    <read><length>4</length></read>
    <read><length>20</length><match><data>\xb4\x01\x2c\x00\x02\x00\x02\x00k\x01I\x00\x11\x01\x2a\x000\x00\xee\x7e</data></match></read>
    <read><delim>\x03</delim><match><data>Give me your sentences.\x03</data></match></read>
    <write><data>hfAhNZniw.b2\x3eN\x7e\x7e7j\x1bh nMLwC nSpHrpB SVVUWRk mvtEkCh.VlwVmDI.YJmRE.\x24.IML\x5eq\x24\x28\x29.Ahtoc QnegB.fcgBFJKxUc.FuYTBe ErXBmLZZEE 061850 3 \x12WHF\x09\x7f\x5c\x29kx Et O\x0a0S\x27C\x28\x02\x12\x0b.254855040 \x0cZI4\x7c:OiS\x12.A \x0aZHqglMkR AGS \x0fQz\x0d:2C\x5f\x7cV.OjJl juHrZ xWjfcEt \x10.6f\x28Ul\x3d\x29F \x0al\x3bOC\x22.\x13w\x5cp \x13\x2c\x28Y\x1d\x2a\x00\x1fm\x27 LTJ XBYHd v\x2d\x14\x1f\x7cP04E\x23 RTth MGFMfsIR.OUZESY hnw G \x0awd. \x0aFEHJdvhm H a.fkO JOW.  2380267 ngRe nLS \x15\x01\x60Y\x0d\x1b3w\x7d\x3c G.jRRWjStk IXfbx nWqdYHZRm \x0ag\x08\x7d\x17HZ\x17\x2aDX.xQynx dpIvNW z a\x02\x3eA\x18\x3c\x0e\x14b3.TPLDWGewh VIfW.DqPEIby bhAFZZ XfJVOtlfq.Y DxlHwSk. \x3b\x5e\x19\x13U\x3c\x29\x23\x7c\x5e.\x0a HQRz. \x03</data></write>
    <read><delim>\x03</delim><match><data>Here are your results...\x03</data></match></read>
    <read><length>4</length></read>
    <read><length>20</length><match><data>\xec\x017\x00\x05\x00\x01\x00\x92\x01Z\x00\x2c\x01!\x00E\x00\xee\x7e</data></match></read>
    <read><delim>\x03</delim><match><data>Give me your sentences.\x03</data></match></read>
    <write><data>h \x0a\x7czRPbH3\x14\x08!.\x0aZB\x261\x5bc\x5d\x3dR!   .\x5cX\x1f8\x1fdY\x5e kjD \x0a.VyVNRXtGz.gUsYR it gDy.zEkVN ddqVVlvndy.satXa eWmbPuKQ.2\x1b9\x195S\x2bG\x5cJ .  sH\x2c\x7d\x17G\x5ct\x1d\x1d.Nfx iT aoc \x0abxPqWt gsi\x1dE\x2f\x23M\x7f2 G\x22\x0fG::C\x3cv\x5e \x0aPyaam ?WP\x14\x1c\x5b\x12t\x5dE \x0aWvEexpKiPV Anq \x0aTFWIClFlp 2.\x1d\x15\x18\x0f\x0aX\x7e\x1e\x60D U.\x0a 0577928 8204244031 hw.\x407\x09\x00\x3c\x26f\x27i\x1f.vfbR F R9lA\x60J\x3bIIj \x0aL\x29m!T\x11\x0f\x2d\x5d6 ZEoRUwJBR .UBzTzuImWC \x0ahRUBywSi OHC Z\x0c\x12\x5c0Or0\x26z fHp GzMjjCJ  q KKvhbC \x0ayNOtu 1 b K 38793650.\x0c\x26\x2b\x5b\x17Ul\x7b\x07\x14 KB 8GRd\x102N\x2bg\x0b.ZWMaytNzM g\x02\x5e\x60i!\x0eO\x3c\x2d \x0aAFGWlNjcF 13..l\x2dCP\x26\x16\x5cIb\x1d  \x19\x199\x0a\x29e\x1dF\x60. or XB.lkQ bcClTfCIS TQUrnL 6\x022P\x23K\x5dd4\x1e qgm O tbD.sZxntRKLpK AnWnrKdvWh.\x16J\x2fE\x23tp8\x1e\x5b.z\x27\x25\x2dhI\x24Z\x11\x2a KeUTZvuTE.YsCuPsWTsg. TPEqxOTVTX.tsjcLm  \x0a\x29\x08Ou\x3ba\x7dM\x2br.kN\x23U8\x01\x00\x2fmg.\x0a6968427 0881397033  CvrhjgJrK gQqImyD .\x03</data></write>
    <read><delim>\x03</delim><match><data>Here are your results...\x03</data></match></read>
    <read><length>4</length></read>
    <read><length>20</length><match><data>\x95\x02\x3e\x00\x07\x00\x03\x00\x0e\x02\x87\x00j\x01B\x00b\x00\xee\x7e</data></match></read>
</replay>
</pov>