<?xml version="1.0" standalone="no" ?>
<!DOCTYPE pov SYSTEM "/usr/share/cgc-docs/replay.dtd">
<pov>
<cbid>service</cbid>
<seed>965b951e9f420312f34a6d337c506063768bfbaacd13c3fefab50a72d2452557e48ca1c4e1aa3ab235e304d87a0884e6</seed>
<replay>
    <read><delim>\x7c </delim><match><data>Enter your name\x7c\x7c </data></match></read>
    <write><data>8mGt3\x0a</data></write>
    <read><delim>\x0a</delim><match><data>Name: 8mGt3\x0a</data></match></read>
    <read><delim>\x0a</delim><match><data>Level: 1\x0a</data></match></read>
    <read><delim>\x0a</delim><match><data>Monsters: \x0a</data></match></read>
    <read><delim>\x0a</delim><match><data>\x09Type: Toxic Major\x0a</data></match></read>
    <read><delim>\x0a</delim><match><data>\x09Health: 7\x0a</data></match></read>
    <read><delim>\x0a\x0a</delim><match><data>\x09Power: 7\x0a\x0a</data></match></read>
    <read><delim>\x0a</delim><match><data>\x09Type: Soderman Iroldak\x0a</data></match></read>
    <read><delim>\x0a</delim><match><data>\x09Health: 12\x0a</data></match></read>
    <read><delim>\x0a\x0a</delim><match><data>\x09Power: 3\x0a\x0a</data></match></read>
    <read><delim>\x0a</delim><match><data>\x09Type: Florian\x0a</data></match></read>
    <read><delim>\x0a</delim><match><data>\x09Health: 10\x0a</data></match></read>
    <read><delim>\x0a\x0a</delim><match><data>\x09Power: 3\x0a\x0a</data></match></read>
    <read><delim>\x0a\x0a</delim><match><data>Width: 15 Height: 13\x0aStartX: 5 StartY: 8\x0aEndX: 12 EndY: 6\x0a\x0a</data></match></read>
    <read><delim>\x0a</delim><match><data>.\x23.\x23\x23.\x23\x23.\x23.....\x0a</data></match></read>
    <read><delim>\x0a</delim><match><data>\x23\x23\x23\x23\x23.\x23\x23.\x23..\x23\x23\x23\x0a</data></match></read>
    <read><delim>\x0a</delim><match><data>..\x23..\x23\x23.\x23\x23\x23..\x23\x23\x0a</data></match></read>
    <read><delim>\x0a</delim><match><data>.\x23\x23\x23..\x23\x23\x23.\x23\x23.\x23\x23\x0a</data></match></read>
    <read><delim>\x0a</delim><match><data>.......\x23..\x23\x23\x23.\x23\x0a</data></match></read>
    <read><delim>\x0a</delim><match><data>\x23\x23\x23\x23.\x23..\x23\x23\x23.\x23.\x23\x0a</data></match></read>
    <read><delim>\x0a</delim><match><data>\x23\x23..\x23.\x23\x23.\x23.\x23X..\x0a</data></match></read>
    <read><delim>\x0a</delim><match><data>\x23\x23.\x23...........\x0a</data></match></read>
    <read><delim>\x0a</delim><match><data>\x23\x23\x23..\x40\x23\x23\x23\x23\x23..\x23.\x0a</data></match></read>
    <read><delim>\x0a</delim><match><data>\x23\x23\x23.\x23\x23...\x23\x23.\x23\x23\x23\x0a</data></match></read>
    <read><delim>\x0a</delim><match><data>\x23\x23\x23..\x23.\x23.\x23.....\x0a</data></match></read>
    <read><delim>\x0a</delim><match><data>.\x23\x23\x23.\x23\x23\x23...\x23\x23\x23.\x0a</data></match></read>
    <read><delim>\x0a</delim><match><data>.\x23.\x23\x23..\x23...\x23..\x23\x0a</data></match></read>
    <read><delim>: </delim><match><data>: </data></match></read>
    <write><data>u\x0a</data></write>
    <read><delim>\x0a</delim><match><data>.\x23.\x23\x23.\x23\x23.\x23.....\x0a</data></match></read>
    <read><delim>\x0a</delim><match><data>\x23\x23\x23\x23\x23.\x23\x23.\x23..\x23\x23\x23\x0a</data></match></read>
    <read><delim>\x0a</delim><match><data>..\x23..\x23\x23.\x23\x23\x23..\x23\x23\x0a</data></match></read>
    <read><delim>\x0a</delim><match><data>.\x23\x23\x23..\x23\x23\x23.\x23\x23.\x23\x23\x0a</data></match></read>
    <read><delim>\x0a</delim><match><data>.......\x23..\x23\x23\x23.\x23\x0a</data></match></read>
    <read><delim>\x0a</delim><match><data>\x23\x23\x23\x23.\x23..\x23\x23\x23.\x23.\x23\x0a</data></match></read>
    <read><delim>\x0a</delim><match><data>\x23\x23..\x23.\x23\x23.\x23.\x23X..\x0a</data></match></read>
    <read><delim>\x0a</delim><match><data>\x23\x23.\x23.\x40.........\x0a</data></match></read>
    <read><delim>\x0a</delim><match><data>\x23\x23\x23...\x23\x23\x23\x23\x23..\x23.\x0a</data></match></read>
    <read><delim>\x0a</delim><match><data>\x23\x23\x23.\x23\x23...\x23\x23.\x23\x23\x23\x0a</data></match></read>
    <read><delim>\x0a</delim><match><data>\x23\x23\x23..\x23.\x23.\x23.....\x0a</data></match></read>
    <read><delim>\x0a</delim><match><data>.\x23\x23\x23.\x23\x23\x23...\x23\x23\x23.\x0a</data></match></read>
    <read><delim>\x0a</delim><match><data>.\x23.\x23\x23..\x23...\x23..\x23\x0a</data></match></read>
    <read><delim>: </delim><match><data>: </data></match></read>
    <write><data>r\x0a</data></write>
    <read><delim>\x0a</delim><match><data>.\x23.\x23\x23.\x23\x23.\x23.....\x0a</data></match></read>
    <read><delim>\x0a</delim><match><data>\x23\x23\x23\x23\x23.\x23\x23.\x23..\x23\x23\x23\x0a</data></match></read>
    <read><delim>\x0a</delim><match><data>..\x23..\x23\x23.\x23\x23\x23..\x23\x23\x0a</data></match></read>
    <read><delim>\x0a</delim><match><data>.\x23\x23\x23..\x23\x23\x23.\x23\x23.\x23\x23\x0a</data></match></read>
    <read><delim>\x0a</delim><match><data>.......\x23..\x23\x23\x23.\x23\x0a</data></match></read>
    <read><delim>\x0a</delim><match><data>\x23\x23\x23\x23.\x23..\x23\x23\x23.\x23.\x23\x0a</data></match></read>
    <read><delim>\x0a</delim><match><data>\x23\x23..\x23.\x23\x23.\x23.\x23X..\x0a</data></match></read>
    <read><delim>\x0a</delim><match><data>\x23\x23.\x23..\x40........\x0a</data></match></read>
    <read><delim>\x0a</delim><match><data>\x23\x23\x23...\x23\x23\x23\x23\x23..\x23.\x0a</data></match></read>
    <read><delim>\x0a</delim><match><data>\x23\x23\x23.\x23\x23...\x23\x23.\x23\x23\x23\x0a</data></match></read>
    <read><delim>\x0a</delim><match><data>\x23\x23\x23..\x23.\x23.\x23.....\x0a</data></match></read>
    <read><delim>\x0a</delim><match><data>.\x23\x23\x23.\x23\x23\x23...\x23\x23\x23.\x0a</data></match></read>
    <read><delim>\x0a</delim><match><data>.\x23.\x23\x23..\x23...\x23..\x23\x0a</data></match></read>
    <read><delim>: </delim><match><data>: </data></match></read>
    <write><data>r\x0a</data></write>
    <read><delim>\x0a</delim><match><data>.\x23.\x23\x23.\x23\x23.\x23.....\x0a</data></match></read>
    <read><delim>\x0a</delim><match><data>\x23\x23\x23\x23\x23.\x23\x23.\x23..\x23\x23\x23\x0a</data></match></read>
    <read><delim>\x0a</delim><match><data>..\x23..\x23\x23.\x23\x23\x23..\x23\x23\x0a</data></match></read>
    <read><delim>\x0a</delim><match><data>.\x23\x23\x23..\x23\x23\x23.\x23\x23.\x23\x23\x0a</data></match></read>
    <read><delim>\x0a</delim><match><data>.......\x23..\x23\x23\x23.\x23\x0a</data></match></read>
    <read><delim>\x0a</delim><match><data>\x23\x23\x23\x23.\x23..\x23\x23\x23.\x23.\x23\x0a</data></match></read>
    <read><delim>\x0a</delim><match><data>\x23\x23..\x23.\x23\x23.\x23.\x23X..\x0a</data></match></read>
    <read><delim>\x0a</delim><match><data>\x23\x23.\x23...\x40.......\x0a</data></match></read>
    <read><delim>\x0a</delim><match><data>\x23\x23\x23...\x23\x23\x23\x23\x23..\x23.\x0a</data></match></read>
    <read><delim>\x0a</delim><match><data>\x23\x23\x23.\x23\x23...\x23\x23.\x23\x23\x23\x0a</data></match></read>
    <read><delim>\x0a</delim><match><data>\x23\x23\x23..\x23.\x23.\x23.....\x0a</data></match></read>
    <read><delim>\x0a</delim><match><data>.\x23\x23\x23.\x23\x23\x23...\x23\x23\x23.\x0a</data></match></read>
    <read><delim>\x0a</delim><match><data>.\x23.\x23\x23..\x23...\x23..\x23\x0a</data></match></read>
    <read><delim>: </delim><match><data>: </data></match></read>
    <write><data>r\x0a</data></write>
    <read><delim>\x0a</delim><match><data>.\x23.\x23\x23.\x23\x23.\x23.....\x0a</data></match></read>
    <read><delim>\x0a</delim><match><data>\x23\x23\x23\x23\x23.\x23\x23.\x23..\x23\x23\x23\x0a</data></match></read>
    <read><delim>\x0a</delim><match><data>..\x23..\x23\x23.\x23\x23\x23..\x23\x23\x0a</data></match></read>
    <read><delim>\x0a</delim><match><data>.\x23\x23\x23..\x23\x23\x23.\x23\x23.\x23\x23\x0a</data></match></read>
    <read><delim>\x0a</delim><match><data>.......\x23..\x23\x23\x23.\x23\x0a</data></match></read>
    <read><delim>\x0a</delim><match><data>\x23\x23\x23\x23.\x23..\x23\x23\x23.\x23.\x23\x0a</data></match></read>
    <read><delim>\x0a</delim><match><data>\x23\x23..\x23.\x23\x23.\x23.\x23X..\x0a</data></match></read>
    <read><delim>\x0a</delim><match><data>\x23\x23.\x23....\x40......\x0a</data></match></read>
    <read><delim>\x0a</delim><match><data>\x23\x23\x23...\x23\x23\x23\x23\x23..\x23.\x0a</data></match></read>
    <read><delim>\x0a</delim><match><data>\x23\x23\x23.\x23\x23...\x23\x23.\x23\x23\x23\x0a</data></match></read>
    <read><delim>\x0a</delim><match><data>\x23\x23\x23..\x23.\x23.\x23.....\x0a</data></match></read>
    <read><delim>\x0a</delim><match><data>.\x23\x23\x23.\x23\x23\x23...\x23\x23\x23.\x0a</data></match></read>
    <read><delim>\x0a</delim><match><data>.\x23.\x23\x23..\x23...\x23..\x23\x0a</data></match></read>
    <read><delim>\x0a</delim><match><data>You are being attacked!!!\x0a</data></match></read>
    <read><delim>\x0a</delim><match><data>\x09Type: Hidden Leather\x0a</data></match></read>
    <read><delim>\x0a</delim><match><data>\x09Level: 1\x0a</data></match></read>
    <read><delim>\x0a</delim><match><data>\x09Health: 12\x0a</data></match></read>
    <read><delim>\x0a</delim><match><data>\x09Hit Points: 12\x0a</data></match></read>
    <read><delim>\x0a\x0a</delim><match><data>\x09Power: 5\x0a\x0a</data></match></read>
    <read><delim>\x0a</delim><match><data>Monsters: \x0a</data></match></read>
    <read><delim>\x0a</delim><match><data>\x091\x7d \x0a</data></match></read>
    <read><delim>\x0a</delim><match><data>\x09Type: Toxic Major\x0a</data></match></read>
    <read><delim>\x0a</delim><match><data>\x09Level: 1\x0a</data></match></read>
    <read><delim>\x0a</delim><match><data>\x09Health: 7\x0a</data></match></read>
    <read><delim>\x0a\x0a</delim><match><data>\x09Power: 7\x0a\x0a</data></match></read>
    <read><delim>\x0a</delim><match><data>\x092\x7d \x0a</data></match></read>
    <read><delim>\x0a</delim><match><data>\x09Type: Soderman Iroldak\x0a</data></match></read>
    <read><delim>\x0a</delim><match><data>\x09Level: 1\x0a</data></match></read>
    <read><delim>\x0a</delim><match><data>\x09Health: 12\x0a</data></match></read>
    <read><delim>\x0a\x0a</delim><match><data>\x09Power: 3\x0a\x0a</data></match></read>
    <read><delim>\x0a</delim><match><data>\x093\x7d \x0a</data></match></read>
    <read><delim>\x0a</delim><match><data>\x09Type: Florian\x0a</data></match></read>
    <read><delim>\x0a</delim><match><data>\x09Level: 1\x0a</data></match></read>
    <read><delim>\x0a</delim><match><data>\x09Health: 10\x0a</data></match></read>
    <read><delim>\x0a\x0a</delim><match><data>\x09Power: 3\x0a\x0a</data></match></read>
    <read><delim>: </delim><match><data>Selection: </data></match></read>
    <write><data>1\x0a</data></write>
    <read><delim>\x0a</delim><match><data>You hit for 3. 9 left\x0a</data></match></read>
    <read><delim>\x0a</delim><match><data>Hidden Leather hits Toxic Major for 4\x0a</data></match></read>
    <read><delim>\x0a</delim><match><data>Monsters: \x0a</data></match></read>
    <read><delim>\x0a</delim><match><data>\x091\x7d \x0a</data></match></read>
    <read><delim>\x0a</delim><match><data>\x09Type: Toxic Major\x0a</data></match></read>
    <read><delim>\x0a</delim><match><data>\x09Level: 1\x0a</data></match></read>
    <read><delim>\x0a</delim><match><data>\x09Health: 3\x0a</data></match></read>
    <read><delim>\x0a\x0a</delim><match><data>\x09Power: 7\x0a\x0a</data></match></read>
    <read><delim>\x0a</delim><match><data>\x092\x7d \x0a</data></match></read>
    <read><delim>\x0a</delim><match><data>\x09Type: Soderman Iroldak\x0a</data></match></read>
    <read><delim>\x0a</delim><match><data>\x09Level: 1\x0a</data></match></read>
    <read><delim>\x0a</delim><match><data>\x09Health: 12\x0a</data></match></read>
    <read><delim>\x0a\x0a</delim><match><data>\x09Power: 3\x0a\x0a</data></match></read>
    <read><delim>\x0a</delim><match><data>\x093\x7d \x0a</data></match></read>
    <read><delim>\x0a</delim><match><data>\x09Type: Florian\x0a</data></match></read>
    <read><delim>\x0a</delim><match><data>\x09Level: 1\x0a</data></match></read>
    <read><delim>\x0a</delim><match><data>\x09Health: 10\x0a</data></match></read>
    <read><delim>\x0a\x0a</delim><match><data>\x09Power: 3\x0a\x0a</data></match></read>
    <read><delim>: </delim><match><data>Selection: </data></match></read>
    <write><data>1\x0a</data></write>
    <read><delim>\x0a</delim><match><data>You hit for 4. 5 left\x0a</data></match></read>
    <read><delim>\x0a</delim><match><data>Hidden Leather hits Toxic Major for 0\x0a</data></match></read>
    <read><delim>\x0a</delim><match><data>Monsters: \x0a</data></match></read>
    <read><delim>\x0a</delim><match><data>\x091\x7d \x0a</data></match></read>
    <read><delim>\x0a</delim><match><data>\x09Type: Toxic Major\x0a</data></match></read>
    <read><delim>\x0a</delim><match><data>\x09Level: 1\x0a</data></match></read>
    <read><delim>\x0a</delim><match><data>\x09Health: 3\x0a</data></match></read>
    <read><delim>\x0a\x0a</delim><match><data>\x09Power: 7\x0a\x0a</data></match></read>
    <read><delim>\x0a</delim><match><data>\x092\x7d \x0a</data></match></read>
    <read><delim>\x0a</delim><match><data>\x09Type: Soderman Iroldak\x0a</data></match></read>
    <read><delim>\x0a</delim><match><data>\x09Level: 1\x0a</data></match></read>
    <read><delim>\x0a</delim><match><data>\x09Health: 12\x0a</data></match></read>
    <read><delim>\x0a\x0a</delim><match><data>\x09Power: 3\x0a\x0a</data></match></read>
    <read><delim>\x0a</delim><match><data>\x093\x7d \x0a</data></match></read>
    <read><delim>\x0a</delim><match><data>\x09Type: Florian\x0a</data></match></read>
    <read><delim>\x0a</delim><match><data>\x09Level: 1\x0a</data></match></read>
    <read><delim>\x0a</delim><match><data>\x09Health: 10\x0a</data></match></read>
    <read><delim>\x0a\x0a</delim><match><data>\x09Power: 3\x0a\x0a</data></match></read>
    <read><delim>: </delim><match><data>Selection: </data></match></read>
    <write><data>1\x0a</data></write>
    <read><delim>\x0a</delim><match><data>You hit for 4. 1 left\x0a</data></match></read>
    <read><delim>\x0a</delim><match><data>Hidden Leather hits Toxic Major for 0\x0a</data></match></read>
    <read><delim>\x0a</delim><match><data>Monsters: \x0a</data></match></read>
    <read><delim>\x0a</delim><match><data>\x091\x7d \x0a</data></match></read>
    <read><delim>\x0a</delim><match><data>\x09Type: Toxic Major\x0a</data></match></read>
    <read><delim>\x0a</delim><match><data>\x09Level: 1\x0a</data></match></read>
    <read><delim>\x0a</delim><match><data>\x09Health: 3\x0a</data></match></read>
    <read><delim>\x0a\x0a</delim><match><data>\x09Power: 7\x0a\x0a</data></match></read>
    <read><delim>\x0a</delim><match><data>\x092\x7d \x0a</data></match></read>
    <read><delim>\x0a</delim><match><data>\x09Type: Soderman Iroldak\x0a</data></match></read>
    <read><delim>\x0a</delim><match><data>\x09Level: 1\x0a</data></match></read>
    <read><delim>\x0a</delim><match><data>\x09Health: 12\x0a</data></match></read>
    <read><delim>\x0a\x0a</delim><match><data>\x09Power: 3\x0a\x0a</data></match></read>
    <read><delim>\x0a</delim><match><data>\x093\x7d \x0a</data></match></read>
    <read><delim>\x0a</delim><match><data>\x09Type: Florian\x0a</data></match></read>
    <read><delim>\x0a</delim><match><data>\x09Level: 1\x0a</data></match></read>
    <read><delim>\x0a</delim><match><data>\x09Health: 10\x0a</data></match></read>
    <read><delim>\x0a\x0a</delim><match><data>\x09Power: 3\x0a\x0a</data></match></read>
    <read><delim>: </delim><match><data>Selection: </data></match></read>
    <write><data>1\x0a</data></write>
    <read><delim>\x0a</delim><match><data>You hit for 0. 1 left\x0a</data></match></read>
    <read><delim>\x0a</delim><match><data>Hidden Leather hits Toxic Major for 1\x0a</data></match></read>
    <read><delim>\x0a</delim><match><data>Monsters: \x0a</data></match></read>
    <read><delim>\x0a</delim><match><data>\x091\x7d \x0a</data></match></read>
    <read><delim>\x0a</delim><match><data>\x09Type: Toxic Major\x0a</data></match></read>
    <read><delim>\x0a</delim><match><data>\x09Level: 1\x0a</data></match></read>
    <read><delim>\x0a</delim><match><data>\x09Health: 2\x0a</data></match></read>
    <read><delim>\x0a\x0a</delim><match><data>\x09Power: 7\x0a\x0a</data></match></read>
    <read><delim>\x0a</delim><match><data>\x092\x7d \x0a</data></match></read>
    <read><delim>\x0a</delim><match><data>\x09Type: Soderman Iroldak\x0a</data></match></read>
    <read><delim>\x0a</delim><match><data>\x09Level: 1\x0a</data></match></read>
    <read><delim>\x0a</delim><match><data>\x09Health: 12\x0a</data></match></read>
    <read><delim>\x0a\x0a</delim><match><data>\x09Power: 3\x0a\x0a</data></match></read>
    <read><delim>\x0a</delim><match><data>\x093\x7d \x0a</data></match></read>
    <read><delim>\x0a</delim><match><data>\x09Type: Florian\x0a</data></match></read>
    <read><delim>\x0a</delim><match><data>\x09Level: 1\x0a</data></match></read>
    <read><delim>\x0a</delim><match><data>\x09Health: 10\x0a</data></match></read>
    <read><delim>\x0a\x0a</delim><match><data>\x09Power: 3\x0a\x0a</data></match></read>
    <read><delim>: </delim><match><data>Selection: </data></match></read>
    <write><data>1\x0a</data></write>
    <read><delim>\x0a</delim><match><data>You hit for 6. \x2d5 left\x0a</data></match></read>
    <read><delim>\x0a</delim><match><data>You knocked out Hidden Leather\x0a</data></match></read>
    <read><delim>: </delim><match><data>capture monster? \x28y\x5cn\x29: </data></match></read>
    <write><data>n\x0a</data></write>
    <read><delim>\x0a</delim><match><data>player gains a level. now 2</data></match></read>
    <read><delim>\x0a</delim><match><data>.\x23.\x23\x23.\x23\x23.\x23.....\x0a</data></match></read>
    <read><delim>\x0a</delim><match><data>\x23\x23\x23\x23\x23.\x23\x23.\x23..\x23\x23\x23\x0a</data></match></read>
    <read><delim>\x0a</delim><match><data>..\x23..\x23\x23.\x23\x23\x23..\x23\x23\x0a</data></match></read>
    <read><delim>\x0a</delim><match><data>.\x23\x23\x23..\x23\x23\x23.\x23\x23.\x23\x23\x0a</data></match></read>
    <read><delim>\x0a</delim><match><data>.......\x23..\x23\x23\x23.\x23\x0a</data></match></read>
    <read><delim>\x0a</delim><match><data>\x23\x23\x23\x23.\x23..\x23\x23\x23.\x23.\x23\x0a</data></match></read>
    <read><delim>\x0a</delim><match><data>\x23\x23..\x23.\x23\x23.\x23.\x23X..\x0a</data></match></read>
    <read><delim>\x0a</delim><match><data>\x23\x23.\x23....\x40......\x0a</data></match></read>
    <read><delim>\x0a</delim><match><data>\x23\x23\x23...\x23\x23\x23\x23\x23..\x23.\x0a</data></match></read>
    <read><delim>\x0a</delim><match><data>\x23\x23\x23.\x23\x23...\x23\x23.\x23\x23\x23\x0a</data></match></read>
    <read><delim>\x0a</delim><match><data>\x23\x23\x23..\x23.\x23.\x23.....\x0a</data></match></read>
    <read><delim>\x0a</delim><match><data>.\x23\x23\x23.\x23\x23\x23...\x23\x23\x23.\x0a</data></match></read>
    <read><delim>\x0a</delim><match><data>.\x23.\x23\x23..\x23...\x23..\x23\x0a</data></match></read>
    <read><delim>: </delim><match><data>: </data></match></read>
    <write><data>r\x0a</data></write>
    <read><delim>\x0a</delim><match><data>.\x23.\x23\x23.\x23\x23.\x23.....\x0a</data></match></read>
    <read><delim>\x0a</delim><match><data>\x23\x23\x23\x23\x23.\x23\x23.\x23..\x23\x23\x23\x0a</data></match></read>
    <read><delim>\x0a</delim><match><data>..\x23..\x23\x23.\x23\x23\x23..\x23\x23\x0a</data></match></read>
    <read><delim>\x0a</delim><match><data>.\x23\x23\x23..\x23\x23\x23.\x23\x23.\x23\x23\x0a</data></match></read>
    <read><delim>\x0a</delim><match><data>.......\x23..\x23\x23\x23.\x23\x0a</data></match></read>
    <read><delim>\x0a</delim><match><data>\x23\x23\x23\x23.\x23..\x23\x23\x23.\x23.\x23\x0a</data></match></read>
    <read><delim>\x0a</delim><match><data>\x23\x23..\x23.\x23\x23.\x23.\x23X..\x0a</data></match></read>
    <read><delim>\x0a</delim><match><data>\x23\x23.\x23.....\x40.....\x0a</data></match></read>
    <read><delim>\x0a</delim><match><data>\x23\x23\x23...\x23\x23\x23\x23\x23..\x23.\x0a</data></match></read>
    <read><delim>\x0a</delim><match><data>\x23\x23\x23.\x23\x23...\x23\x23.\x23\x23\x23\x0a</data></match></read>
    <read><delim>\x0a</delim><match><data>\x23\x23\x23..\x23.\x23.\x23.....\x0a</data></match></read>
    <read><delim>\x0a</delim><match><data>.\x23\x23\x23.\x23\x23\x23...\x23\x23\x23.\x0a</data></match></read>
    <read><delim>\x0a</delim><match><data>.\x23.\x23\x23..\x23...\x23..\x23\x0a</data></match></read>
    <read><delim>: </delim><match><data>: </data></match></read>
    <write><data>r\x0a</data></write>
    <read><delim>\x0a</delim><match><data>.\x23.\x23\x23.\x23\x23.\x23.....\x0a</data></match></read>
    <read><delim>\x0a</delim><match><data>\x23\x23\x23\x23\x23.\x23\x23.\x23..\x23\x23\x23\x0a</data></match></read>
    <read><delim>\x0a</delim><match><data>..\x23..\x23\x23.\x23\x23\x23..\x23\x23\x0a</data></match></read>
    <read><delim>\x0a</delim><match><data>.\x23\x23\x23..\x23\x23\x23.\x23\x23.\x23\x23\x0a</data></match></read>
    <read><delim>\x0a</delim><match><data>.......\x23..\x23\x23\x23.\x23\x0a</data></match></read>
    <read><delim>\x0a</delim><match><data>\x23\x23\x23\x23.\x23..\x23\x23\x23.\x23.\x23\x0a</data></match></read>
    <read><delim>\x0a</delim><match><data>\x23\x23..\x23.\x23\x23.\x23.\x23X..\x0a</data></match></read>
    <read><delim>\x0a</delim><match><data>\x23\x23.\x23......\x40....\x0a</data></match></read>
    <read><delim>\x0a</delim><match><data>\x23\x23\x23...\x23\x23\x23\x23\x23..\x23.\x0a</data></match></read>
    <read><delim>\x0a</delim><match><data>\x23\x23\x23.\x23\x23...\x23\x23.\x23\x23\x23\x0a</data></match></read>
    <read><delim>\x0a</delim><match><data>\x23\x23\x23..\x23.\x23.\x23.....\x0a</data></match></read>
    <read><delim>\x0a</delim><match><data>.\x23\x23\x23.\x23\x23\x23...\x23\x23\x23.\x0a</data></match></read>
    <read><delim>\x0a</delim><match><data>.\x23.\x23\x23..\x23...\x23..\x23\x0a</data></match></read>
    <read><delim>: </delim><match><data>: </data></match></read>
    <write><data>r\x0a</data></write>
    <read><delim>\x0a</delim><match><data>.\x23.\x23\x23.\x23\x23.\x23.....\x0a</data></match></read>
    <read><delim>\x0a</delim><match><data>\x23\x23\x23\x23\x23.\x23\x23.\x23..\x23\x23\x23\x0a</data></match></read>
    <read><delim>\x0a</delim><match><data>..\x23..\x23\x23.\x23\x23\x23..\x23\x23\x0a</data></match></read>
    <read><delim>\x0a</delim><match><data>.\x23\x23\x23..\x23\x23\x23.\x23\x23.\x23\x23\x0a</data></match></read>
    <read><delim>\x0a</delim><match><data>.......\x23..\x23\x23\x23.\x23\x0a</data></match></read>
    <read><delim>\x0a</delim><match><data>\x23\x23\x23\x23.\x23..\x23\x23\x23.\x23.\x23\x0a</data></match></read>
    <read><delim>\x0a</delim><match><data>\x23\x23..\x23.\x23\x23.\x23.\x23X..\x0a</data></match></read>
    <read><delim>\x0a</delim><match><data>\x23\x23.\x23.......\x40...\x0a</data></match></read>
    <read><delim>\x0a</delim><match><data>\x23\x23\x23...\x23\x23\x23\x23\x23..\x23.\x0a</data></match></read>
    <read><delim>\x0a</delim><match><data>\x23\x23\x23.\x23\x23...\x23\x23.\x23\x23\x23\x0a</data></match></read>
    <read><delim>\x0a</delim><match><data>\x23\x23\x23..\x23.\x23.\x23.....\x0a</data></match></read>
    <read><delim>\x0a</delim><match><data>.\x23\x23\x23.\x23\x23\x23...\x23\x23\x23.\x0a</data></match></read>
    <read><delim>\x0a</delim><match><data>.\x23.\x23\x23..\x23...\x23..\x23\x0a</data></match></read>
    <read><delim>: </delim><match><data>: </data></match></read>
    <write><data>r\x0a</data></write>
    <read><delim>\x0a</delim><match><data>.\x23.\x23\x23.\x23\x23.\x23.....\x0a</data></match></read>
    <read><delim>\x0a</delim><match><data>\x23\x23\x23\x23\x23.\x23\x23.\x23..\x23\x23\x23\x0a</data></match></read>
    <read><delim>\x0a</delim><match><data>..\x23..\x23\x23.\x23\x23\x23..\x23\x23\x0a</data></match></read>
    <read><delim>\x0a</delim><match><data>.\x23\x23\x23..\x23\x23\x23.\x23\x23.\x23\x23\x0a</data></match></read>
    <read><delim>\x0a</delim><match><data>.......\x23..\x23\x23\x23.\x23\x0a</data></match></read>
    <read><delim>\x0a</delim><match><data>\x23\x23\x23\x23.\x23..\x23\x23\x23.\x23.\x23\x0a</data></match></read>
    <read><delim>\x0a</delim><match><data>\x23\x23..\x23.\x23\x23.\x23.\x23X..\x0a</data></match></read>
    <read><delim>\x0a</delim><match><data>\x23\x23.\x23........\x40..\x0a</data></match></read>
    <read><delim>\x0a</delim><match><data>\x23\x23\x23...\x23\x23\x23\x23\x23..\x23.\x0a</data></match></read>
    <read><delim>\x0a</delim><match><data>\x23\x23\x23.\x23\x23...\x23\x23.\x23\x23\x23\x0a</data></match></read>
    <read><delim>\x0a</delim><match><data>\x23\x23\x23..\x23.\x23.\x23.....\x0a</data></match></read>
    <read><delim>\x0a</delim><match><data>.\x23\x23\x23.\x23\x23\x23...\x23\x23\x23.\x0a</data></match></read>
    <read><delim>\x0a</delim><match><data>.\x23.\x23\x23..\x23...\x23..\x23\x0a</data></match></read>
    <read><delim>: </delim><match><data>: </data></match></read>
    <write><data>u\x0a</data></write>
    <read><delim>\x0a</delim><match><data>.\x23.\x23\x23.\x23\x23.\x23.....\x0a</data></match></read>
    <read><delim>\x0a</delim><match><data>\x23\x23\x23\x23\x23.\x23\x23.\x23..\x23\x23\x23\x0a</data></match></read>
    <read><delim>\x0a</delim><match><data>..\x23..\x23\x23.\x23\x23\x23..\x23\x23\x0a</data></match></read>
    <read><delim>\x0a</delim><match><data>.\x23\x23\x23..\x23\x23\x23.\x23\x23.\x23\x23\x0a</data></match></read>
    <read><delim>\x0a</delim><match><data>.......\x23..\x23\x23\x23.\x23\x0a</data></match></read>
    <read><delim>\x0a</delim><match><data>\x23\x23\x23\x23.\x23..\x23\x23\x23.\x23.\x23\x0a</data></match></read>
    <read><delim>\x0a</delim><match><data>\x23\x23..\x23.\x23\x23.\x23.\x23\x40..\x0a</data></match></read>
    <read><delim>\x0a</delim><match><data>\x23\x23.\x23...........\x0a</data></match></read>
    <read><delim>\x0a</delim><match><data>\x23\x23\x23...\x23\x23\x23\x23\x23..\x23.\x0a</data></match></read>
    <read><delim>\x0a</delim><match><data>\x23\x23\x23.\x23\x23...\x23\x23.\x23\x23\x23\x0a</data></match></read>
    <read><delim>\x0a</delim><match><data>\x23\x23\x23..\x23.\x23.\x23.....\x0a</data></match></read>
    <read><delim>\x0a</delim><match><data>.\x23\x23\x23.\x23\x23\x23...\x23\x23\x23.\x0a</data></match></read>
    <read><delim>\x0a</delim><match><data>.\x23.\x23\x23..\x23...\x23..\x23\x0a</data></match></read>
    <read><delim>\x0a</delim><match><data>reached the end\x0a</data></match></read>
    <read><delim>UN\x0a</delim><match><data>\x0aDUN DUN DUUUUUUUUUUUUUUN\x0a</data></match></read>
    <read><delim>\x0a\x0a</delim><match><data>You have reached the boss!!!!!\x0a\x0a</data></match></read>
    <read><delim>\x0a</delim><match><data>\x09Type: Rock Beast\x0a</data></match></read>
    <read><delim>\x0a</delim><match><data>\x09Level: 4\x0a</data></match></read>
    <read><delim>\x0a</delim><match><data>\x09Health: 16\x0a</data></match></read>
    <read><delim>\x0a</delim><match><data>\x09Hit Points: 16\x0a</data></match></read>
    <read><delim>\x0a\x0a</delim><match><data>\x09Power: 4\x0a\x0a</data></match></read>
    <read><delim>\x0a</delim><match><data>Monsters: \x0a</data></match></read>
    <read><delim>\x0a</delim><match><data>\x091\x7d \x0a</data></match></read>
    <read><delim>\x0a</delim><match><data>\x09Type: Toxic Major\x0a</data></match></read>
    <read><delim>\x0a</delim><match><data>\x09Level: 1\x0a</data></match></read>
    <read><delim>\x0a</delim><match><data>\x09Health: 7\x0a</data></match></read>
    <read><delim>\x0a\x0a</delim><match><data>\x09Power: 7\x0a\x0a</data></match></read>
    <read><delim>\x0a</delim><match><data>\x092\x7d \x0a</data></match></read>
    <read><delim>\x0a</delim><match><data>\x09Type: Soderman Iroldak\x0a</data></match></read>
    <read><delim>\x0a</delim><match><data>\x09Level: 1\x0a</data></match></read>
    <read><delim>\x0a</delim><match><data>\x09Health: 12\x0a</data></match></read>
    <read><delim>\x0a\x0a</delim><match><data>\x09Power: 3\x0a\x0a</data></match></read>
    <read><delim>\x0a</delim><match><data>\x093\x7d \x0a</data></match></read>
    <read><delim>\x0a</delim><match><data>\x09Type: Florian\x0a</data></match></read>
    <read><delim>\x0a</delim><match><data>\x09Level: 1\x0a</data></match></read>
    <read><delim>\x0a</delim><match><data>\x09Health: 10\x0a</data></match></read>
    <read><delim>\x0a\x0a</delim><match><data>\x09Power: 3\x0a\x0a</data></match></read>
    <read><delim>: </delim><match><data>Selection: </data></match></read>
    <write><data>1\x0a</data></write>
    <read><delim>\x0a</delim><match><data>You hit for 5. 11 left\x0a</data></match></read>
    <read><delim>\x0a</delim><match><data>Rock Beast hits Toxic Major for 3\x0a</data></match></read>
    <read><delim>\x0a</delim><match><data>Monsters: \x0a</data></match></read>
    <read><delim>\x0a</delim><match><data>\x091\x7d \x0a</data></match></read>
    <read><delim>\x0a</delim><match><data>\x09Type: Toxic Major\x0a</data></match></read>
    <read><delim>\x0a</delim><match><data>\x09Level: 1\x0a</data></match></read>
    <read><delim>\x0a</delim><match><data>\x09Health: 4\x0a</data></match></read>
    <read><delim>\x0a\x0a</delim><match><data>\x09Power: 7\x0a\x0a</data></match></read>
    <read><delim>\x0a</delim><match><data>\x092\x7d \x0a</data></match></read>
    <read><delim>\x0a</delim><match><data>\x09Type: Soderman Iroldak\x0a</data></match></read>
    <read><delim>\x0a</delim><match><data>\x09Level: 1\x0a</data></match></read>
    <read><delim>\x0a</delim><match><data>\x09Health: 12\x0a</data></match></read>
    <read><delim>\x0a\x0a</delim><match><data>\x09Power: 3\x0a\x0a</data></match></read>
    <read><delim>\x0a</delim><match><data>\x093\x7d \x0a</data></match></read>
    <read><delim>\x0a</delim><match><data>\x09Type: Florian\x0a</data></match></read>
    <read><delim>\x0a</delim><match><data>\x09Level: 1\x0a</data></match></read>
    <read><delim>\x0a</delim><match><data>\x09Health: 10\x0a</data></match></read>
    <read><delim>\x0a\x0a</delim><match><data>\x09Power: 3\x0a\x0a</data></match></read>
    <read><delim>: </delim><match><data>Selection: </data></match></read>
    <write><data>1\x0a</data></write>
    <read><delim>\x0a</delim><match><data>You hit for 6. 5 left\x0a</data></match></read>
    <read><delim>\x0a</delim><match><data>Rock Beast hits Toxic Major for 3\x0a</data></match></read>
    <read><delim>\x0a</delim><match><data>Monsters: \x0a</data></match></read>
    <read><delim>\x0a</delim><match><data>\x091\x7d \x0a</data></match></read>
    <read><delim>\x0a</delim><match><data>\x09Type: Toxic Major\x0a</data></match></read>
    <read><delim>\x0a</delim><match><data>\x09Level: 1\x0a</data></match></read>
    <read><delim>\x0a</delim><match><data>\x09Health: 1\x0a</data></match></read>
    <read><delim>\x0a\x0a</delim><match><data>\x09Power: 7\x0a\x0a</data></match></read>
    <read><delim>\x0a</delim><match><data>\x092\x7d \x0a</data></match></read>
    <read><delim>\x0a</delim><match><data>\x09Type: Soderman Iroldak\x0a</data></match></read>
    <read><delim>\x0a</delim><match><data>\x09Level: 1\x0a</data></match></read>
    <read><delim>\x0a</delim><match><data>\x09Health: 12\x0a</data></match></read>
    <read><delim>\x0a\x0a</delim><match><data>\x09Power: 3\x0a\x0a</data></match></read>
    <read><delim>\x0a</delim><match><data>\x093\x7d \x0a</data></match></read>
    <read><delim>\x0a</delim><match><data>\x09Type: Florian\x0a</data></match></read>
    <read><delim>\x0a</delim><match><data>\x09Level: 1\x0a</data></match></read>
    <read><delim>\x0a</delim><match><data>\x09Health: 10\x0a</data></match></read>
    <read><delim>\x0a\x0a</delim><match><data>\x09Power: 3\x0a\x0a</data></match></read>
    <read><delim>: </delim><match><data>Selection: </data></match></read>
    <write><data>1\x0a</data></write>
    <read><delim>\x0a</delim><match><data>You hit for 2. 3 left\x0a</data></match></read>
    <read><delim>\x0a</delim><match><data>Rock Beast hits Toxic Major for 3\x0a</data></match></read>
    <read><delim>\x0a</delim><match><data>Toxic Major was knocked out\x0a</data></match></read>
    <read><delim>\x0a</delim><match><data>Monsters: \x0a</data></match></read>
    <read><delim>\x0a</delim><match><data>\x091\x7d \x0a</data></match></read>
    <read><delim>\x0a</delim><match><data>\x09Type: Toxic Major\x0a</data></match></read>
    <read><delim>\x0a</delim><match><data>\x09Level: 1\x0a</data></match></read>
    <read><delim>\x0a</delim><match><data>\x09Health: \x2d2\x0a</data></match></read>
    <read><delim>\x0a\x0a</delim><match><data>\x09Power: 7\x0a\x0a</data></match></read>
    <read><delim>\x0a</delim><match><data>\x092\x7d \x0a</data></match></read>
    <read><delim>\x0a</delim><match><data>\x09Type: Soderman Iroldak\x0a</data></match></read>
    <read><delim>\x0a</delim><match><data>\x09Level: 1\x0a</data></match></read>
    <read><delim>\x0a</delim><match><data>\x09Health: 12\x0a</data></match></read>
    <read><delim>\x0a\x0a</delim><match><data>\x09Power: 3\x0a\x0a</data></match></read>
    <read><delim>\x0a</delim><match><data>\x093\x7d \x0a</data></match></read>
    <read><delim>\x0a</delim><match><data>\x09Type: Florian\x0a</data></match></read>
    <read><delim>\x0a</delim><match><data>\x09Level: 1\x0a</data></match></read>
    <read><delim>\x0a</delim><match><data>\x09Health: 10\x0a</data></match></read>
    <read><delim>\x0a\x0a</delim><match><data>\x09Power: 3\x0a\x0a</data></match></read>
    <read><delim>: </delim><match><data>Selection: </data></match></read>
    <write><data>2\x0a</data></write>
    <read><delim>\x0a</delim><match><data>You hit for 2. 1 left\x0a</data></match></read>
    <read><delim>\x0a</delim><match><data>Rock Beast hits Soderman Iroldak for 1\x0a</data></match></read>
    <read><delim>\x0a</delim><match><data>Monsters: \x0a</data></match></read>
    <read><delim>\x0a</delim><match><data>\x091\x7d \x0a</data></match></read>
    <read><delim>\x0a</delim><match><data>\x09Type: Toxic Major\x0a</data></match></read>
    <read><delim>\x0a</delim><match><data>\x09Level: 1\x0a</data></match></read>
    <read><delim>\x0a</delim><match><data>\x09Health: \x2d2\x0a</data></match></read>
    <read><delim>\x0a\x0a</delim><match><data>\x09Power: 7\x0a\x0a</data></match></read>
    <read><delim>\x0a</delim><match><data>\x092\x7d \x0a</data></match></read>
    <read><delim>\x0a</delim><match><data>\x09Type: Soderman Iroldak\x0a</data></match></read>
    <read><delim>\x0a</delim><match><data>\x09Level: 1\x0a</data></match></read>
    <read><delim>\x0a</delim><match><data>\x09Health: 11\x0a</data></match></read>
    <read><delim>\x0a\x0a</delim><match><data>\x09Power: 3\x0a\x0a</data></match></read>
    <read><delim>\x0a</delim><match><data>\x093\x7d \x0a</data></match></read>
    <read><delim>\x0a</delim><match><data>\x09Type: Florian\x0a</data></match></read>
    <read><delim>\x0a</delim><match><data>\x09Level: 1\x0a</data></match></read>
    <read><delim>\x0a</delim><match><data>\x09Health: 10\x0a</data></match></read>
    <read><delim>\x0a\x0a</delim><match><data>\x09Power: 3\x0a\x0a</data></match></read>
    <read><delim>: </delim><match><data>Selection: </data></match></read>
    <write><data>2\x0a</data></write>
    <read><delim>\x0a</delim><match><data>You hit for 1. 0 left\x0a</data></match></read>
    <read><delim>\x0a</delim><match><data>You destroyed the boss!!!!\x0a</data></match></read>
    <read><delim>: </delim><match><data>capture monster? \x28y\x5cn\x29: </data></match></read>
    <write><data>n\x0a</data></write>
    <read><delim>\x0a</delim><match><data>You won!!!\x0a</data></match></read>
</replay>
</pov>