<?xml version="1.0" standalone="no" ?>
<!DOCTYPE pov SYSTEM "/usr/share/cgc-docs/replay.dtd">
<pov>
<cbid>service</cbid>
<seed>f29f712d9215113112d8a3d6974ece93c1b00d8a7e5cb21917ac83f8fecfdf035308e7b3253c0ba3106a77c496c352fe</seed>
<replay>
    <read><delim>\x7c </delim><match><data>Enter your name\x7c\x7c </data></match></read>
    <write><data>mi\x0a</data></write>
    <read><delim>\x0a</delim><match><data>Name: mi\x0a</data></match></read>
    <read><delim>\x0a</delim><match><data>Level: 1\x0a</data></match></read>
    <read><delim>\x0a</delim><match><data>Monsters: \x0a</data></match></read>
    <read><delim>\x0a</delim><match><data>\x09Type: Rough Wizard\x0a</data></match></read>
    <read><delim>\x0a</delim><match><data>\x09Health: 10\x0a</data></match></read>
    <read><delim>\x0a\x0a</delim><match><data>\x09Power: 6\x0a\x0a</data></match></read>
    <read><delim>\x0a</delim><match><data>\x09Type: Toxic Major\x0a</data></match></read>
    <read><delim>\x0a</delim><match><data>\x09Health: 8\x0a</data></match></read>
    <read><delim>\x0a\x0a</delim><match><data>\x09Power: 5\x0a\x0a</data></match></read>
    <read><delim>\x0a</delim><match><data>\x09Type: Asada Gothar Derik\x0a</data></match></read>
    <read><delim>\x0a</delim><match><data>\x09Health: 13\x0a</data></match></read>
    <read><delim>\x0a\x0a</delim><match><data>\x09Power: 3\x0a\x0a</data></match></read>
    <read><delim>\x0a\x0a</delim><match><data>Width: 5 Height: 15\x0aStartX: 1 StartY: 9\x0aEndX: 3 EndY: 14\x0a\x0a</data></match></read>
    <read><delim>\x0a</delim><match><data>\x23...\x23\x0a</data></match></read>
    <read><delim>\x0a</delim><match><data>..\x23..\x0a</data></match></read>
    <read><delim>\x0a</delim><match><data>\x23..\x23\x23\x0a</data></match></read>
    <read><delim>\x0a</delim><match><data>.\x23.\x23.\x0a</data></match></read>
    <read><delim>\x0a</delim><match><data>.\x23\x23\x23.\x0a</data></match></read>
    <read><delim>\x0a</delim><match><data>\x23\x23.\x23.\x0a</data></match></read>
    <read><delim>\x0a</delim><match><data>..\x23..\x0a</data></match></read>
    <read><delim>\x0a</delim><match><data>..\x23..\x0a</data></match></read>
    <read><delim>\x0a</delim><match><data>\x23....\x0a</data></match></read>
    <read><delim>\x0a</delim><match><data>.\x40\x23.\x23\x0a</data></match></read>
    <read><delim>\x0a</delim><match><data>.\x23.\x23\x23\x0a</data></match></read>
    <read><delim>\x0a</delim><match><data>...\x23.\x0a</data></match></read>
    <read><delim>\x0a</delim><match><data>.....\x0a</data></match></read>
    <read><delim>\x0a</delim><match><data>.\x23...\x0a</data></match></read>
    <read><delim>\x0a</delim><match><data>.\x23.X.\x0a</data></match></read>
    <read><delim>: </delim><match><data>: </data></match></read>
    <write><data>l\x0a</data></write>
    <read><delim>\x0a</delim><match><data>\x23...\x23\x0a</data></match></read>
    <read><delim>\x0a</delim><match><data>..\x23..\x0a</data></match></read>
    <read><delim>\x0a</delim><match><data>\x23..\x23\x23\x0a</data></match></read>
    <read><delim>\x0a</delim><match><data>.\x23.\x23.\x0a</data></match></read>
    <read><delim>\x0a</delim><match><data>.\x23\x23\x23.\x0a</data></match></read>
    <read><delim>\x0a</delim><match><data>\x23\x23.\x23.\x0a</data></match></read>
    <read><delim>\x0a</delim><match><data>..\x23..\x0a</data></match></read>
    <read><delim>\x0a</delim><match><data>..\x23..\x0a</data></match></read>
    <read><delim>\x0a</delim><match><data>\x23....\x0a</data></match></read>
    <read><delim>\x0a</delim><match><data>\x40.\x23.\x23\x0a</data></match></read>
    <read><delim>\x0a</delim><match><data>.\x23.\x23\x23\x0a</data></match></read>
    <read><delim>\x0a</delim><match><data>...\x23.\x0a</data></match></read>
    <read><delim>\x0a</delim><match><data>.....\x0a</data></match></read>
    <read><delim>\x0a</delim><match><data>.\x23...\x0a</data></match></read>
    <read><delim>\x0a</delim><match><data>.\x23.X.\x0a</data></match></read>
    <read><delim>: </delim><match><data>: </data></match></read>
    <write><data>d\x0a</data></write>
    <read><delim>\x0a</delim><match><data>\x23...\x23\x0a</data></match></read>
    <read><delim>\x0a</delim><match><data>..\x23..\x0a</data></match></read>
    <read><delim>\x0a</delim><match><data>\x23..\x23\x23\x0a</data></match></read>
    <read><delim>\x0a</delim><match><data>.\x23.\x23.\x0a</data></match></read>
    <read><delim>\x0a</delim><match><data>.\x23\x23\x23.\x0a</data></match></read>
    <read><delim>\x0a</delim><match><data>\x23\x23.\x23.\x0a</data></match></read>
    <read><delim>\x0a</delim><match><data>..\x23..\x0a</data></match></read>
    <read><delim>\x0a</delim><match><data>..\x23..\x0a</data></match></read>
    <read><delim>\x0a</delim><match><data>\x23....\x0a</data></match></read>
    <read><delim>\x0a</delim><match><data>..\x23.\x23\x0a</data></match></read>
    <read><delim>\x0a</delim><match><data>\x40\x23.\x23\x23\x0a</data></match></read>
    <read><delim>\x0a</delim><match><data>...\x23.\x0a</data></match></read>
    <read><delim>\x0a</delim><match><data>.....\x0a</data></match></read>
    <read><delim>\x0a</delim><match><data>.\x23...\x0a</data></match></read>
    <read><delim>\x0a</delim><match><data>.\x23.X.\x0a</data></match></read>
    <read><delim>: </delim><match><data>: </data></match></read>
    <write><data>d\x0a</data></write>
    <read><delim>\x0a</delim><match><data>\x23...\x23\x0a</data></match></read>
    <read><delim>\x0a</delim><match><data>..\x23..\x0a</data></match></read>
    <read><delim>\x0a</delim><match><data>\x23..\x23\x23\x0a</data></match></read>
    <read><delim>\x0a</delim><match><data>.\x23.\x23.\x0a</data></match></read>
    <read><delim>\x0a</delim><match><data>.\x23\x23\x23.\x0a</data></match></read>
    <read><delim>\x0a</delim><match><data>\x23\x23.\x23.\x0a</data></match></read>
    <read><delim>\x0a</delim><match><data>..\x23..\x0a</data></match></read>
    <read><delim>\x0a</delim><match><data>..\x23..\x0a</data></match></read>
    <read><delim>\x0a</delim><match><data>\x23....\x0a</data></match></read>
    <read><delim>\x0a</delim><match><data>..\x23.\x23\x0a</data></match></read>
    <read><delim>\x0a</delim><match><data>.\x23.\x23\x23\x0a</data></match></read>
    <read><delim>\x0a</delim><match><data>\x40..\x23.\x0a</data></match></read>
    <read><delim>\x0a</delim><match><data>.....\x0a</data></match></read>
    <read><delim>\x0a</delim><match><data>.\x23...\x0a</data></match></read>
    <read><delim>\x0a</delim><match><data>.\x23.X.\x0a</data></match></read>
    <read><delim>: </delim><match><data>: </data></match></read>
    <write><data>r\x0a</data></write>
    <read><delim>\x0a</delim><match><data>\x23...\x23\x0a</data></match></read>
    <read><delim>\x0a</delim><match><data>..\x23..\x0a</data></match></read>
    <read><delim>\x0a</delim><match><data>\x23..\x23\x23\x0a</data></match></read>
    <read><delim>\x0a</delim><match><data>.\x23.\x23.\x0a</data></match></read>
    <read><delim>\x0a</delim><match><data>.\x23\x23\x23.\x0a</data></match></read>
    <read><delim>\x0a</delim><match><data>\x23\x23.\x23.\x0a</data></match></read>
    <read><delim>\x0a</delim><match><data>..\x23..\x0a</data></match></read>
    <read><delim>\x0a</delim><match><data>..\x23..\x0a</data></match></read>
    <read><delim>\x0a</delim><match><data>\x23....\x0a</data></match></read>
    <read><delim>\x0a</delim><match><data>..\x23.\x23\x0a</data></match></read>
    <read><delim>\x0a</delim><match><data>.\x23.\x23\x23\x0a</data></match></read>
    <read><delim>\x0a</delim><match><data>.\x40.\x23.\x0a</data></match></read>
    <read><delim>\x0a</delim><match><data>.....\x0a</data></match></read>
    <read><delim>\x0a</delim><match><data>.\x23...\x0a</data></match></read>
    <read><delim>\x0a</delim><match><data>.\x23.X.\x0a</data></match></read>
    <read><delim>: </delim><match><data>: </data></match></read>
    <write><data>r\x0a</data></write>
    <read><delim>\x0a</delim><match><data>\x23...\x23\x0a</data></match></read>
    <read><delim>\x0a</delim><match><data>..\x23..\x0a</data></match></read>
    <read><delim>\x0a</delim><match><data>\x23..\x23\x23\x0a</data></match></read>
    <read><delim>\x0a</delim><match><data>.\x23.\x23.\x0a</data></match></read>
    <read><delim>\x0a</delim><match><data>.\x23\x23\x23.\x0a</data></match></read>
    <read><delim>\x0a</delim><match><data>\x23\x23.\x23.\x0a</data></match></read>
    <read><delim>\x0a</delim><match><data>..\x23..\x0a</data></match></read>
    <read><delim>\x0a</delim><match><data>..\x23..\x0a</data></match></read>
    <read><delim>\x0a</delim><match><data>\x23....\x0a</data></match></read>
    <read><delim>\x0a</delim><match><data>..\x23.\x23\x0a</data></match></read>
    <read><delim>\x0a</delim><match><data>.\x23.\x23\x23\x0a</data></match></read>
    <read><delim>\x0a</delim><match><data>..\x40\x23.\x0a</data></match></read>
    <read><delim>\x0a</delim><match><data>.....\x0a</data></match></read>
    <read><delim>\x0a</delim><match><data>.\x23...\x0a</data></match></read>
    <read><delim>\x0a</delim><match><data>.\x23.X.\x0a</data></match></read>
    <read><delim>\x0a</delim><match><data>You are being attacked!!!\x0a</data></match></read>
    <read><delim>\x0a</delim><match><data>\x09Type: Aldaren Cevelt\x0a</data></match></read>
    <read><delim>\x0a</delim><match><data>\x09Level: 1\x0a</data></match></read>
    <read><delim>\x0a</delim><match><data>\x09Health: 7\x0a</data></match></read>
    <read><delim>\x0a</delim><match><data>\x09Hit Points: 7\x0a</data></match></read>
    <read><delim>\x0a\x0a</delim><match><data>\x09Power: 3\x0a\x0a</data></match></read>
    <read><delim>\x0a</delim><match><data>Monsters: \x0a</data></match></read>
    <read><delim>\x0a</delim><match><data>\x091\x7d \x0a</data></match></read>
    <read><delim>\x0a</delim><match><data>\x09Type: Rough Wizard\x0a</data></match></read>
    <read><delim>\x0a</delim><match><data>\x09Level: 1\x0a</data></match></read>
    <read><delim>\x0a</delim><match><data>\x09Health: 10\x0a</data></match></read>
    <read><delim>\x0a\x0a</delim><match><data>\x09Power: 6\x0a\x0a</data></match></read>
    <read><delim>\x0a</delim><match><data>\x092\x7d \x0a</data></match></read>
    <read><delim>\x0a</delim><match><data>\x09Type: Toxic Major\x0a</data></match></read>
    <read><delim>\x0a</delim><match><data>\x09Level: 1\x0a</data></match></read>
    <read><delim>\x0a</delim><match><data>\x09Health: 8\x0a</data></match></read>
    <read><delim>\x0a\x0a</delim><match><data>\x09Power: 5\x0a\x0a</data></match></read>
    <read><delim>\x0a</delim><match><data>\x093\x7d \x0a</data></match></read>
    <read><delim>\x0a</delim><match><data>\x09Type: Asada Gothar Derik\x0a</data></match></read>
    <read><delim>\x0a</delim><match><data>\x09Level: 1\x0a</data></match></read>
    <read><delim>\x0a</delim><match><data>\x09Health: 13\x0a</data></match></read>
    <read><delim>\x0a\x0a</delim><match><data>\x09Power: 3\x0a\x0a</data></match></read>
    <read><delim>: </delim><match><data>Selection: </data></match></read>
    <write><data>1\x0a</data></write>
    <read><delim>\x0a</delim><match><data>You hit for 5. 2 left\x0a</data></match></read>
    <read><delim>\x0a</delim><match><data>Aldaren Cevelt hits Rough Wizard for 1\x0a</data></match></read>
    <read><delim>\x0a</delim><match><data>Monsters: \x0a</data></match></read>
    <read><delim>\x0a</delim><match><data>\x091\x7d \x0a</data></match></read>
    <read><delim>\x0a</delim><match><data>\x09Type: Rough Wizard\x0a</data></match></read>
    <read><delim>\x0a</delim><match><data>\x09Level: 1\x0a</data></match></read>
    <read><delim>\x0a</delim><match><data>\x09Health: 9\x0a</data></match></read>
    <read><delim>\x0a\x0a</delim><match><data>\x09Power: 6\x0a\x0a</data></match></read>
    <read><delim>\x0a</delim><match><data>\x092\x7d \x0a</data></match></read>
    <read><delim>\x0a</delim><match><data>\x09Type: Toxic Major\x0a</data></match></read>
    <read><delim>\x0a</delim><match><data>\x09Level: 1\x0a</data></match></read>
    <read><delim>\x0a</delim><match><data>\x09Health: 8\x0a</data></match></read>
    <read><delim>\x0a\x0a</delim><match><data>\x09Power: 5\x0a\x0a</data></match></read>
    <read><delim>\x0a</delim><match><data>\x093\x7d \x0a</data></match></read>
    <read><delim>\x0a</delim><match><data>\x09Type: Asada Gothar Derik\x0a</data></match></read>
    <read><delim>\x0a</delim><match><data>\x09Level: 1\x0a</data></match></read>
    <read><delim>\x0a</delim><match><data>\x09Health: 13\x0a</data></match></read>
    <read><delim>\x0a\x0a</delim><match><data>\x09Power: 3\x0a\x0a</data></match></read>
    <read><delim>: </delim><match><data>Selection: </data></match></read>
    <write><data>1\x0a</data></write>
    <read><delim>\x0a</delim><match><data>You hit for 2. 0 left\x0a</data></match></read>
    <read><delim>\x0a</delim><match><data>You knocked out Aldaren Cevelt\x0a</data></match></read>
    <read><delim>: </delim><match><data>capture monster? \x28y\x5cn\x29: </data></match></read>
    <write><data>n\x0a</data></write>
    <read><delim>\x0a</delim><match><data>player gains a level. now 2</data></match></read>
    <read><delim>\x0a</delim><match><data>\x23...\x23\x0a</data></match></read>
    <read><delim>\x0a</delim><match><data>..\x23..\x0a</data></match></read>
    <read><delim>\x0a</delim><match><data>\x23..\x23\x23\x0a</data></match></read>
    <read><delim>\x0a</delim><match><data>.\x23.\x23.\x0a</data></match></read>
    <read><delim>\x0a</delim><match><data>.\x23\x23\x23.\x0a</data></match></read>
    <read><delim>\x0a</delim><match><data>\x23\x23.\x23.\x0a</data></match></read>
    <read><delim>\x0a</delim><match><data>..\x23..\x0a</data></match></read>
    <read><delim>\x0a</delim><match><data>..\x23..\x0a</data></match></read>
    <read><delim>\x0a</delim><match><data>\x23....\x0a</data></match></read>
    <read><delim>\x0a</delim><match><data>..\x23.\x23\x0a</data></match></read>
    <read><delim>\x0a</delim><match><data>.\x23.\x23\x23\x0a</data></match></read>
    <read><delim>\x0a</delim><match><data>..\x40\x23.\x0a</data></match></read>
    <read><delim>\x0a</delim><match><data>.....\x0a</data></match></read>
    <read><delim>\x0a</delim><match><data>.\x23...\x0a</data></match></read>
    <read><delim>\x0a</delim><match><data>.\x23.X.\x0a</data></match></read>
    <read><delim>: </delim><match><data>: </data></match></read>
    <write><data>d\x0a</data></write>
    <read><delim>\x0a</delim><match><data>\x23...\x23\x0a</data></match></read>
    <read><delim>\x0a</delim><match><data>..\x23..\x0a</data></match></read>
    <read><delim>\x0a</delim><match><data>\x23..\x23\x23\x0a</data></match></read>
    <read><delim>\x0a</delim><match><data>.\x23.\x23.\x0a</data></match></read>
    <read><delim>\x0a</delim><match><data>.\x23\x23\x23.\x0a</data></match></read>
    <read><delim>\x0a</delim><match><data>\x23\x23.\x23.\x0a</data></match></read>
    <read><delim>\x0a</delim><match><data>..\x23..\x0a</data></match></read>
    <read><delim>\x0a</delim><match><data>..\x23..\x0a</data></match></read>
    <read><delim>\x0a</delim><match><data>\x23....\x0a</data></match></read>
    <read><delim>\x0a</delim><match><data>..\x23.\x23\x0a</data></match></read>
    <read><delim>\x0a</delim><match><data>.\x23.\x23\x23\x0a</data></match></read>
    <read><delim>\x0a</delim><match><data>...\x23.\x0a</data></match></read>
    <read><delim>\x0a</delim><match><data>..\x40..\x0a</data></match></read>
    <read><delim>\x0a</delim><match><data>.\x23...\x0a</data></match></read>
    <read><delim>\x0a</delim><match><data>.\x23.X.\x0a</data></match></read>
    <read><delim>: </delim><match><data>: </data></match></read>
    <write><data>r\x0a</data></write>
    <read><delim>\x0a</delim><match><data>\x23...\x23\x0a</data></match></read>
    <read><delim>\x0a</delim><match><data>..\x23..\x0a</data></match></read>
    <read><delim>\x0a</delim><match><data>\x23..\x23\x23\x0a</data></match></read>
    <read><delim>\x0a</delim><match><data>.\x23.\x23.\x0a</data></match></read>
    <read><delim>\x0a</delim><match><data>.\x23\x23\x23.\x0a</data></match></read>
    <read><delim>\x0a</delim><match><data>\x23\x23.\x23.\x0a</data></match></read>
    <read><delim>\x0a</delim><match><data>..\x23..\x0a</data></match></read>
    <read><delim>\x0a</delim><match><data>..\x23..\x0a</data></match></read>
    <read><delim>\x0a</delim><match><data>\x23....\x0a</data></match></read>
    <read><delim>\x0a</delim><match><data>..\x23.\x23\x0a</data></match></read>
    <read><delim>\x0a</delim><match><data>.\x23.\x23\x23\x0a</data></match></read>
    <read><delim>\x0a</delim><match><data>...\x23.\x0a</data></match></read>
    <read><delim>\x0a</delim><match><data>...\x40.\x0a</data></match></read>
    <read><delim>\x0a</delim><match><data>.\x23...\x0a</data></match></read>
    <read><delim>\x0a</delim><match><data>.\x23.X.\x0a</data></match></read>
    <read><delim>: </delim><match><data>: </data></match></read>
    <write><data>d\x0a</data></write>
    <read><delim>\x0a</delim><match><data>\x23...\x23\x0a</data></match></read>
    <read><delim>\x0a</delim><match><data>..\x23..\x0a</data></match></read>
    <read><delim>\x0a</delim><match><data>\x23..\x23\x23\x0a</data></match></read>
    <read><delim>\x0a</delim><match><data>.\x23.\x23.\x0a</data></match></read>
    <read><delim>\x0a</delim><match><data>.\x23\x23\x23.\x0a</data></match></read>
    <read><delim>\x0a</delim><match><data>\x23\x23.\x23.\x0a</data></match></read>
    <read><delim>\x0a</delim><match><data>..\x23..\x0a</data></match></read>
    <read><delim>\x0a</delim><match><data>..\x23..\x0a</data></match></read>
    <read><delim>\x0a</delim><match><data>\x23....\x0a</data></match></read>
    <read><delim>\x0a</delim><match><data>..\x23.\x23\x0a</data></match></read>
    <read><delim>\x0a</delim><match><data>.\x23.\x23\x23\x0a</data></match></read>
    <read><delim>\x0a</delim><match><data>...\x23.\x0a</data></match></read>
    <read><delim>\x0a</delim><match><data>.....\x0a</data></match></read>
    <read><delim>\x0a</delim><match><data>.\x23.\x40.\x0a</data></match></read>
    <read><delim>\x0a</delim><match><data>.\x23.X.\x0a</data></match></read>
    <read><delim>: </delim><match><data>: </data></match></read>
    <write><data>d\x0a</data></write>
    <read><delim>\x0a</delim><match><data>\x23...\x23\x0a</data></match></read>
    <read><delim>\x0a</delim><match><data>..\x23..\x0a</data></match></read>
    <read><delim>\x0a</delim><match><data>\x23..\x23\x23\x0a</data></match></read>
    <read><delim>\x0a</delim><match><data>.\x23.\x23.\x0a</data></match></read>
    <read><delim>\x0a</delim><match><data>.\x23\x23\x23.\x0a</data></match></read>
    <read><delim>\x0a</delim><match><data>\x23\x23.\x23.\x0a</data></match></read>
    <read><delim>\x0a</delim><match><data>..\x23..\x0a</data></match></read>
    <read><delim>\x0a</delim><match><data>..\x23..\x0a</data></match></read>
    <read><delim>\x0a</delim><match><data>\x23....\x0a</data></match></read>
    <read><delim>\x0a</delim><match><data>..\x23.\x23\x0a</data></match></read>
    <read><delim>\x0a</delim><match><data>.\x23.\x23\x23\x0a</data></match></read>
    <read><delim>\x0a</delim><match><data>...\x23.\x0a</data></match></read>
    <read><delim>\x0a</delim><match><data>.....\x0a</data></match></read>
    <read><delim>\x0a</delim><match><data>.\x23...\x0a</data></match></read>
    <read><delim>\x0a</delim><match><data>.\x23.\x40.\x0a</data></match></read>
    <read><delim>\x0a</delim><match><data>reached the end\x0a</data></match></read>
    <read><delim>UN\x0a</delim><match><data>\x0aDUN DUN DUUUUUUUUUUUUUUN\x0a</data></match></read>
    <read><delim>\x0a\x0a</delim><match><data>You have reached the boss!!!!!\x0a\x0a</data></match></read>
    <read><delim>\x0a</delim><match><data>\x09Type: Pildoor Vildar Virdo\x0a</data></match></read>
    <read><delim>\x0a</delim><match><data>\x09Level: 4\x0a</data></match></read>
    <read><delim>\x0a</delim><match><data>\x09Health: 9\x0a</data></match></read>
    <read><delim>\x0a</delim><match><data>\x09Hit Points: 9\x0a</data></match></read>
    <read><delim>\x0a\x0a</delim><match><data>\x09Power: 4\x0a\x0a</data></match></read>
    <read><delim>\x0a</delim><match><data>Monsters: \x0a</data></match></read>
    <read><delim>\x0a</delim><match><data>\x091\x7d \x0a</data></match></read>
    <read><delim>\x0a</delim><match><data>\x09Type: Rough Wizard\x0a</data></match></read>
    <read><delim>\x0a</delim><match><data>\x09Level: 1\x0a</data></match></read>
    <read><delim>\x0a</delim><match><data>\x09Health: 10\x0a</data></match></read>
    <read><delim>\x0a\x0a</delim><match><data>\x09Power: 6\x0a\x0a</data></match></read>
    <read><delim>\x0a</delim><match><data>\x092\x7d \x0a</data></match></read>
    <read><delim>\x0a</delim><match><data>\x09Type: Toxic Major\x0a</data></match></read>
    <read><delim>\x0a</delim><match><data>\x09Level: 1\x0a</data></match></read>
    <read><delim>\x0a</delim><match><data>\x09Health: 8\x0a</data></match></read>
    <read><delim>\x0a\x0a</delim><match><data>\x09Power: 5\x0a\x0a</data></match></read>
    <read><delim>\x0a</delim><match><data>\x093\x7d \x0a</data></match></read>
    <read><delim>\x0a</delim><match><data>\x09Type: Asada Gothar Derik\x0a</data></match></read>
    <read><delim>\x0a</delim><match><data>\x09Level: 1\x0a</data></match></read>
    <read><delim>\x0a</delim><match><data>\x09Health: 13\x0a</data></match></read>
    <read><delim>\x0a\x0a</delim><match><data>\x09Power: 3\x0a\x0a</data></match></read>
    <read><delim>: </delim><match><data>Selection: </data></match></read>
    <write><data>1\x0a</data></write>
    <read><delim>\x0a</delim><match><data>You hit for 5. 4 left\x0a</data></match></read>
    <read><delim>\x0a</delim><match><data>Pildoor Vildar Virdo hits Rough Wizard for 1\x0a</data></match></read>
    <read><delim>\x0a</delim><match><data>Monsters: \x0a</data></match></read>
    <read><delim>\x0a</delim><match><data>\x091\x7d \x0a</data></match></read>
    <read><delim>\x0a</delim><match><data>\x09Type: Rough Wizard\x0a</data></match></read>
    <read><delim>\x0a</delim><match><data>\x09Level: 1\x0a</data></match></read>
    <read><delim>\x0a</delim><match><data>\x09Health: 9\x0a</data></match></read>
    <read><delim>\x0a\x0a</delim><match><data>\x09Power: 6\x0a\x0a</data></match></read>
    <read><delim>\x0a</delim><match><data>\x092\x7d \x0a</data></match></read>
    <read><delim>\x0a</delim><match><data>\x09Type: Toxic Major\x0a</data></match></read>
    <read><delim>\x0a</delim><match><data>\x09Level: 1\x0a</data></match></read>
    <read><delim>\x0a</delim><match><data>\x09Health: 8\x0a</data></match></read>
    <read><delim>\x0a\x0a</delim><match><data>\x09Power: 5\x0a\x0a</data></match></read>
    <read><delim>\x0a</delim><match><data>\x093\x7d \x0a</data></match></read>
    <read><delim>\x0a</delim><match><data>\x09Type: Asada Gothar Derik\x0a</data></match></read>
    <read><delim>\x0a</delim><match><data>\x09Level: 1\x0a</data></match></read>
    <read><delim>\x0a</delim><match><data>\x09Health: 13\x0a</data></match></read>
    <read><delim>\x0a\x0a</delim><match><data>\x09Power: 3\x0a\x0a</data></match></read>
    <read><delim>: </delim><match><data>Selection: </data></match></read>
    <write><data>1\x0a</data></write>
    <read><delim>\x0a</delim><match><data>You hit for 3. 1 left\x0a</data></match></read>
    <read><delim>\x0a</delim><match><data>Pildoor Vildar Virdo hits Rough Wizard for 2\x0a</data></match></read>
    <read><delim>\x0a</delim><match><data>Monsters: \x0a</data></match></read>
    <read><delim>\x0a</delim><match><data>\x091\x7d \x0a</data></match></read>
    <read><delim>\x0a</delim><match><data>\x09Type: Rough Wizard\x0a</data></match></read>
    <read><delim>\x0a</delim><match><data>\x09Level: 1\x0a</data></match></read>
    <read><delim>\x0a</delim><match><data>\x09Health: 7\x0a</data></match></read>
    <read><delim>\x0a\x0a</delim><match><data>\x09Power: 6\x0a\x0a</data></match></read>
    <read><delim>\x0a</delim><match><data>\x092\x7d \x0a</data></match></read>
    <read><delim>\x0a</delim><match><data>\x09Type: Toxic Major\x0a</data></match></read>
    <read><delim>\x0a</delim><match><data>\x09Level: 1\x0a</data></match></read>
    <read><delim>\x0a</delim><match><data>\x09Health: 8\x0a</data></match></read>
    <read><delim>\x0a\x0a</delim><match><data>\x09Power: 5\x0a\x0a</data></match></read>
    <read><delim>\x0a</delim><match><data>\x093\x7d \x0a</data></match></read>
    <read><delim>\x0a</delim><match><data>\x09Type: Asada Gothar Derik\x0a</data></match></read>
    <read><delim>\x0a</delim><match><data>\x09Level: 1\x0a</data></match></read>
    <read><delim>\x0a</delim><match><data>\x09Health: 13\x0a</data></match></read>
    <read><delim>\x0a\x0a</delim><match><data>\x09Power: 3\x0a\x0a</data></match></read>
    <read><delim>: </delim><match><data>Selection: </data></match></read>
    <write><data>1\x0a</data></write>
    <read><delim>\x0a</delim><match><data>You hit for 0. 1 left\x0a</data></match></read>
    <read><delim>\x0a</delim><match><data>Pildoor Vildar Virdo hits Rough Wizard for 1\x0a</data></match></read>
    <read><delim>\x0a</delim><match><data>Monsters: \x0a</data></match></read>
    <read><delim>\x0a</delim><match><data>\x091\x7d \x0a</data></match></read>
    <read><delim>\x0a</delim><match><data>\x09Type: Rough Wizard\x0a</data></match></read>
    <read><delim>\x0a</delim><match><data>\x09Level: 1\x0a</data></match></read>
    <read><delim>\x0a</delim><match><data>\x09Health: 6\x0a</data></match></read>
    <read><delim>\x0a\x0a</delim><match><data>\x09Power: 6\x0a\x0a</data></match></read>
    <read><delim>\x0a</delim><match><data>\x092\x7d \x0a</data></match></read>
    <read><delim>\x0a</delim><match><data>\x09Type: Toxic Major\x0a</data></match></read>
    <read><delim>\x0a</delim><match><data>\x09Level: 1\x0a</data></match></read>
    <read><delim>\x0a</delim><match><data>\x09Health: 8\x0a</data></match></read>
    <read><delim>\x0a\x0a</delim><match><data>\x09Power: 5\x0a\x0a</data></match></read>
    <read><delim>\x0a</delim><match><data>\x093\x7d \x0a</data></match></read>
    <read><delim>\x0a</delim><match><data>\x09Type: Asada Gothar Derik\x0a</data></match></read>
    <read><delim>\x0a</delim><match><data>\x09Level: 1\x0a</data></match></read>
    <read><delim>\x0a</delim><match><data>\x09Health: 13\x0a</data></match></read>
    <read><delim>\x0a\x0a</delim><match><data>\x09Power: 3\x0a\x0a</data></match></read>
    <read><delim>: </delim><match><data>Selection: </data></match></read>
    <write><data>1\x0a</data></write>
    <read><delim>\x0a</delim><match><data>You hit for 3. \x2d2 left\x0a</data></match></read>
    <read><delim>\x0a</delim><match><data>You destroyed the boss!!!!\x0a</data></match></read>
    <read><delim>: </delim><match><data>capture monster? \x28y\x5cn\x29: </data></match></read>
    <write><data>n\x0a</data></write>
    <read><delim>\x0a</delim><match><data>You won!!!\x0a</data></match></read>
</replay>
</pov>