<?xml version="1.0" standalone="no" ?>
<!DOCTYPE pov SYSTEM "/usr/share/cgc-docs/replay.dtd">
<pov>
<cbid>service</cbid>
<seed>97eb478481cb659fd22f7ab73660fcb6923d65a667d69f98f658c42e72993e451819bd90c392b284aea63bd386e79e5b</seed>
<replay>
    <read><delim>\x7c </delim><match><data>Enter your name\x7c\x7c </data></match></read>
    <write><data>oR\x0a</data></write>
    <read><delim>\x0a</delim><match><data>Name: oR\x0a</data></match></read>
    <read><delim>\x0a</delim><match><data>Level: 1\x0a</data></match></read>
    <read><delim>\x0a</delim><match><data>Monsters: \x0a</data></match></read>
    <read><delim>\x0a</delim><match><data>\x09Type: Lelani Oxpar Xavor\x0a</data></match></read>
    <read><delim>\x0a</delim><match><data>\x09Health: 13\x0a</data></match></read>
    <read><delim>\x0a\x0a</delim><match><data>\x09Power: 6\x0a\x0a</data></match></read>
    <read><delim>\x0a</delim><match><data>\x09Type: Rock Beast\x0a</data></match></read>
    <read><delim>\x0a</delim><match><data>\x09Health: 9\x0a</data></match></read>
    <read><delim>\x0a\x0a</delim><match><data>\x09Power: 2\x0a\x0a</data></match></read>
    <read><delim>\x0a</delim><match><data>\x09Type: Gamma Guardian\x0a</data></match></read>
    <read><delim>\x0a</delim><match><data>\x09Health: 10\x0a</data></match></read>
    <read><delim>\x0a\x0a</delim><match><data>\x09Power: 7\x0a\x0a</data></match></read>
    <read><delim>\x0a\x0a</delim><match><data>Width: 15 Height: 13\x0aStartX: 7 StartY: 5\x0aEndX: 4 EndY: 3\x0a\x0a</data></match></read>
    <read><delim>\x0a</delim><match><data>....\x23.\x23\x23.\x23\x23\x23...\x0a</data></match></read>
    <read><delim>\x0a</delim><match><data>\x23\x23\x23..\x23\x23\x23\x23..\x23\x23.\x23\x0a</data></match></read>
    <read><delim>\x0a</delim><match><data>\x23\x23\x23\x23\x23\x23\x23...\x23\x23..\x23\x0a</data></match></read>
    <read><delim>\x0a</delim><match><data>\x23.\x23.X.\x23..\x23\x23\x23.\x23.\x0a</data></match></read>
    <read><delim>\x0a</delim><match><data>\x23\x23.\x23.\x23.\x23\x23..\x23\x23\x23\x23\x0a</data></match></read>
    <read><delim>\x0a</delim><match><data>\x23\x23\x23\x23...\x40\x23.\x23\x23..\x23\x0a</data></match></read>
    <read><delim>\x0a</delim><match><data>.\x23\x23....\x23..\x23..\x23\x23\x0a</data></match></read>
    <read><delim>\x0a</delim><match><data>\x23...\x23..\x23....\x23.\x23\x0a</data></match></read>
    <read><delim>\x0a</delim><match><data>\x23\x23\x23.\x23.\x23\x23\x23\x23\x23\x23.\x23.\x0a</data></match></read>
    <read><delim>\x0a</delim><match><data>\x23\x23..\x23\x23.\x23\x23\x23.\x23.\x23\x23\x0a</data></match></read>
    <read><delim>\x0a</delim><match><data>\x23\x23\x23\x23....\x23\x23\x23.\x23.\x23\x0a</data></match></read>
    <read><delim>\x0a</delim><match><data>\x23.\x23\x23\x23\x23\x23\x23\x23\x23\x23\x23\x23\x23.\x0a</data></match></read>
    <read><delim>\x0a</delim><match><data>.\x23\x23.\x23..\x23\x23\x23\x23\x23\x23\x23\x23\x0a</data></match></read>
    <read><delim>: </delim><match><data>: </data></match></read>
    <write><data>l\x0a</data></write>
    <read><delim>\x0a</delim><match><data>....\x23.\x23\x23.\x23\x23\x23...\x0a</data></match></read>
    <read><delim>\x0a</delim><match><data>\x23\x23\x23..\x23\x23\x23\x23..\x23\x23.\x23\x0a</data></match></read>
    <read><delim>\x0a</delim><match><data>\x23\x23\x23\x23\x23\x23\x23...\x23\x23..\x23\x0a</data></match></read>
    <read><delim>\x0a</delim><match><data>\x23.\x23.X.\x23..\x23\x23\x23.\x23.\x0a</data></match></read>
    <read><delim>\x0a</delim><match><data>\x23\x23.\x23.\x23.\x23\x23..\x23\x23\x23\x23\x0a</data></match></read>
    <read><delim>\x0a</delim><match><data>\x23\x23\x23\x23..\x40.\x23.\x23\x23..\x23\x0a</data></match></read>
    <read><delim>\x0a</delim><match><data>.\x23\x23....\x23..\x23..\x23\x23\x0a</data></match></read>
    <read><delim>\x0a</delim><match><data>\x23...\x23..\x23....\x23.\x23\x0a</data></match></read>
    <read><delim>\x0a</delim><match><data>\x23\x23\x23.\x23.\x23\x23\x23\x23\x23\x23.\x23.\x0a</data></match></read>
    <read><delim>\x0a</delim><match><data>\x23\x23..\x23\x23.\x23\x23\x23.\x23.\x23\x23\x0a</data></match></read>
    <read><delim>\x0a</delim><match><data>\x23\x23\x23\x23....\x23\x23\x23.\x23.\x23\x0a</data></match></read>
    <read><delim>\x0a</delim><match><data>\x23.\x23\x23\x23\x23\x23\x23\x23\x23\x23\x23\x23\x23.\x0a</data></match></read>
    <read><delim>\x0a</delim><match><data>.\x23\x23.\x23..\x23\x23\x23\x23\x23\x23\x23\x23\x0a</data></match></read>
    <read><delim>: </delim><match><data>: </data></match></read>
    <write><data>l\x0a</data></write>
    <read><delim>\x0a</delim><match><data>....\x23.\x23\x23.\x23\x23\x23...\x0a</data></match></read>
    <read><delim>\x0a</delim><match><data>\x23\x23\x23..\x23\x23\x23\x23..\x23\x23.\x23\x0a</data></match></read>
    <read><delim>\x0a</delim><match><data>\x23\x23\x23\x23\x23\x23\x23...\x23\x23..\x23\x0a</data></match></read>
    <read><delim>\x0a</delim><match><data>\x23.\x23.X.\x23..\x23\x23\x23.\x23.\x0a</data></match></read>
    <read><delim>\x0a</delim><match><data>\x23\x23.\x23.\x23.\x23\x23..\x23\x23\x23\x23\x0a</data></match></read>
    <read><delim>\x0a</delim><match><data>\x23\x23\x23\x23.\x40..\x23.\x23\x23..\x23\x0a</data></match></read>
    <read><delim>\x0a</delim><match><data>.\x23\x23....\x23..\x23..\x23\x23\x0a</data></match></read>
    <read><delim>\x0a</delim><match><data>\x23...\x23..\x23....\x23.\x23\x0a</data></match></read>
    <read><delim>\x0a</delim><match><data>\x23\x23\x23.\x23.\x23\x23\x23\x23\x23\x23.\x23.\x0a</data></match></read>
    <read><delim>\x0a</delim><match><data>\x23\x23..\x23\x23.\x23\x23\x23.\x23.\x23\x23\x0a</data></match></read>
    <read><delim>\x0a</delim><match><data>\x23\x23\x23\x23....\x23\x23\x23.\x23.\x23\x0a</data></match></read>
    <read><delim>\x0a</delim><match><data>\x23.\x23\x23\x23\x23\x23\x23\x23\x23\x23\x23\x23\x23.\x0a</data></match></read>
    <read><delim>\x0a</delim><match><data>.\x23\x23.\x23..\x23\x23\x23\x23\x23\x23\x23\x23\x0a</data></match></read>
    <read><delim>: </delim><match><data>: </data></match></read>
    <write><data>l\x0a</data></write>
    <read><delim>\x0a</delim><match><data>....\x23.\x23\x23.\x23\x23\x23...\x0a</data></match></read>
    <read><delim>\x0a</delim><match><data>\x23\x23\x23..\x23\x23\x23\x23..\x23\x23.\x23\x0a</data></match></read>
    <read><delim>\x0a</delim><match><data>\x23\x23\x23\x23\x23\x23\x23...\x23\x23..\x23\x0a</data></match></read>
    <read><delim>\x0a</delim><match><data>\x23.\x23.X.\x23..\x23\x23\x23.\x23.\x0a</data></match></read>
    <read><delim>\x0a</delim><match><data>\x23\x23.\x23.\x23.\x23\x23..\x23\x23\x23\x23\x0a</data></match></read>
    <read><delim>\x0a</delim><match><data>\x23\x23\x23\x23\x40...\x23.\x23\x23..\x23\x0a</data></match></read>
    <read><delim>\x0a</delim><match><data>.\x23\x23....\x23..\x23..\x23\x23\x0a</data></match></read>
    <read><delim>\x0a</delim><match><data>\x23...\x23..\x23....\x23.\x23\x0a</data></match></read>
    <read><delim>\x0a</delim><match><data>\x23\x23\x23.\x23.\x23\x23\x23\x23\x23\x23.\x23.\x0a</data></match></read>
    <read><delim>\x0a</delim><match><data>\x23\x23..\x23\x23.\x23\x23\x23.\x23.\x23\x23\x0a</data></match></read>
    <read><delim>\x0a</delim><match><data>\x23\x23\x23\x23....\x23\x23\x23.\x23.\x23\x0a</data></match></read>
    <read><delim>\x0a</delim><match><data>\x23.\x23\x23\x23\x23\x23\x23\x23\x23\x23\x23\x23\x23.\x0a</data></match></read>
    <read><delim>\x0a</delim><match><data>.\x23\x23.\x23..\x23\x23\x23\x23\x23\x23\x23\x23\x0a</data></match></read>
    <read><delim>: </delim><match><data>: </data></match></read>
    <write><data>u\x0a</data></write>
    <read><delim>\x0a</delim><match><data>....\x23.\x23\x23.\x23\x23\x23...\x0a</data></match></read>
    <read><delim>\x0a</delim><match><data>\x23\x23\x23..\x23\x23\x23\x23..\x23\x23.\x23\x0a</data></match></read>
    <read><delim>\x0a</delim><match><data>\x23\x23\x23\x23\x23\x23\x23...\x23\x23..\x23\x0a</data></match></read>
    <read><delim>\x0a</delim><match><data>\x23.\x23.X.\x23..\x23\x23\x23.\x23.\x0a</data></match></read>
    <read><delim>\x0a</delim><match><data>\x23\x23.\x23\x40\x23.\x23\x23..\x23\x23\x23\x23\x0a</data></match></read>
    <read><delim>\x0a</delim><match><data>\x23\x23\x23\x23....\x23.\x23\x23..\x23\x0a</data></match></read>
    <read><delim>\x0a</delim><match><data>.\x23\x23....\x23..\x23..\x23\x23\x0a</data></match></read>
    <read><delim>\x0a</delim><match><data>\x23...\x23..\x23....\x23.\x23\x0a</data></match></read>
    <read><delim>\x0a</delim><match><data>\x23\x23\x23.\x23.\x23\x23\x23\x23\x23\x23.\x23.\x0a</data></match></read>
    <read><delim>\x0a</delim><match><data>\x23\x23..\x23\x23.\x23\x23\x23.\x23.\x23\x23\x0a</data></match></read>
    <read><delim>\x0a</delim><match><data>\x23\x23\x23\x23....\x23\x23\x23.\x23.\x23\x0a</data></match></read>
    <read><delim>\x0a</delim><match><data>\x23.\x23\x23\x23\x23\x23\x23\x23\x23\x23\x23\x23\x23.\x0a</data></match></read>
    <read><delim>\x0a</delim><match><data>.\x23\x23.\x23..\x23\x23\x23\x23\x23\x23\x23\x23\x0a</data></match></read>
    <read><delim>: </delim><match><data>: </data></match></read>
    <write><data>u\x0a</data></write>
    <read><delim>\x0a</delim><match><data>....\x23.\x23\x23.\x23\x23\x23...\x0a</data></match></read>
    <read><delim>\x0a</delim><match><data>\x23\x23\x23..\x23\x23\x23\x23..\x23\x23.\x23\x0a</data></match></read>
    <read><delim>\x0a</delim><match><data>\x23\x23\x23\x23\x23\x23\x23...\x23\x23..\x23\x0a</data></match></read>
    <read><delim>\x0a</delim><match><data>\x23.\x23.\x40.\x23..\x23\x23\x23.\x23.\x0a</data></match></read>
    <read><delim>\x0a</delim><match><data>\x23\x23.\x23.\x23.\x23\x23..\x23\x23\x23\x23\x0a</data></match></read>
    <read><delim>\x0a</delim><match><data>\x23\x23\x23\x23....\x23.\x23\x23..\x23\x0a</data></match></read>
    <read><delim>\x0a</delim><match><data>.\x23\x23....\x23..\x23..\x23\x23\x0a</data></match></read>
    <read><delim>\x0a</delim><match><data>\x23...\x23..\x23....\x23.\x23\x0a</data></match></read>
    <read><delim>\x0a</delim><match><data>\x23\x23\x23.\x23.\x23\x23\x23\x23\x23\x23.\x23.\x0a</data></match></read>
    <read><delim>\x0a</delim><match><data>\x23\x23..\x23\x23.\x23\x23\x23.\x23.\x23\x23\x0a</data></match></read>
    <read><delim>\x0a</delim><match><data>\x23\x23\x23\x23....\x23\x23\x23.\x23.\x23\x0a</data></match></read>
    <read><delim>\x0a</delim><match><data>\x23.\x23\x23\x23\x23\x23\x23\x23\x23\x23\x23\x23\x23.\x0a</data></match></read>
    <read><delim>\x0a</delim><match><data>.\x23\x23.\x23..\x23\x23\x23\x23\x23\x23\x23\x23\x0a</data></match></read>
    <read><delim>\x0a</delim><match><data>reached the end\x0a</data></match></read>
    <read><delim>UN\x0a</delim><match><data>\x0aDUN DUN DUUUUUUUUUUUUUUN\x0a</data></match></read>
    <read><delim>\x0a\x0a</delim><match><data>You have reached the boss!!!!!\x0a\x0a</data></match></read>
    <read><delim>\x0a</delim><match><data>\x09Type: Trolling Captain\x0a</data></match></read>
    <read><delim>\x0a</delim><match><data>\x09Level: 4\x0a</data></match></read>
    <read><delim>\x0a</delim><match><data>\x09Health: 16\x0a</data></match></read>
    <read><delim>\x0a</delim><match><data>\x09Hit Points: 16\x0a</data></match></read>
    <read><delim>\x0a\x0a</delim><match><data>\x09Power: 8\x0a\x0a</data></match></read>
    <read><delim>\x0a</delim><match><data>Monsters: \x0a</data></match></read>
    <read><delim>\x0a</delim><match><data>\x091\x7d \x0a</data></match></read>
    <read><delim>\x0a</delim><match><data>\x09Type: Lelani Oxpar Xavor\x0a</data></match></read>
    <read><delim>\x0a</delim><match><data>\x09Level: 1\x0a</data></match></read>
    <read><delim>\x0a</delim><match><data>\x09Health: 13\x0a</data></match></read>
    <read><delim>\x0a\x0a</delim><match><data>\x09Power: 6\x0a\x0a</data></match></read>
    <read><delim>\x0a</delim><match><data>\x092\x7d \x0a</data></match></read>
    <read><delim>\x0a</delim><match><data>\x09Type: Rock Beast\x0a</data></match></read>
    <read><delim>\x0a</delim><match><data>\x09Level: 1\x0a</data></match></read>
    <read><delim>\x0a</delim><match><data>\x09Health: 9\x0a</data></match></read>
    <read><delim>\x0a\x0a</delim><match><data>\x09Power: 2\x0a\x0a</data></match></read>
    <read><delim>\x0a</delim><match><data>\x093\x7d \x0a</data></match></read>
    <read><delim>\x0a</delim><match><data>\x09Type: Gamma Guardian\x0a</data></match></read>
    <read><delim>\x0a</delim><match><data>\x09Level: 1\x0a</data></match></read>
    <read><delim>\x0a</delim><match><data>\x09Health: 10\x0a</data></match></read>
    <read><delim>\x0a\x0a</delim><match><data>\x09Power: 7\x0a\x0a</data></match></read>
    <read><delim>: </delim><match><data>Selection: </data></match></read>
    <write><data>1\x0a</data></write>
    <read><delim>\x0a</delim><match><data>You hit for 0. 16 left\x0a</data></match></read>
    <read><delim>\x0a</delim><match><data>Trolling Captain hits Lelani Oxpar Xavor for 5\x0a</data></match></read>
    <read><delim>\x0a</delim><match><data>Monsters: \x0a</data></match></read>
    <read><delim>\x0a</delim><match><data>\x091\x7d \x0a</data></match></read>
    <read><delim>\x0a</delim><match><data>\x09Type: Lelani Oxpar Xavor\x0a</data></match></read>
    <read><delim>\x0a</delim><match><data>\x09Level: 1\x0a</data></match></read>
    <read><delim>\x0a</delim><match><data>\x09Health: 8\x0a</data></match></read>
    <read><delim>\x0a\x0a</delim><match><data>\x09Power: 6\x0a\x0a</data></match></read>
    <read><delim>\x0a</delim><match><data>\x092\x7d \x0a</data></match></read>
    <read><delim>\x0a</delim><match><data>\x09Type: Rock Beast\x0a</data></match></read>
    <read><delim>\x0a</delim><match><data>\x09Level: 1\x0a</data></match></read>
    <read><delim>\x0a</delim><match><data>\x09Health: 9\x0a</data></match></read>
    <read><delim>\x0a\x0a</delim><match><data>\x09Power: 2\x0a\x0a</data></match></read>
    <read><delim>\x0a</delim><match><data>\x093\x7d \x0a</data></match></read>
    <read><delim>\x0a</delim><match><data>\x09Type: Gamma Guardian\x0a</data></match></read>
    <read><delim>\x0a</delim><match><data>\x09Level: 1\x0a</data></match></read>
    <read><delim>\x0a</delim><match><data>\x09Health: 10\x0a</data></match></read>
    <read><delim>\x0a\x0a</delim><match><data>\x09Power: 7\x0a\x0a</data></match></read>
    <read><delim>: </delim><match><data>Selection: </data></match></read>
    <write><data>1\x0a</data></write>
    <read><delim>\x0a</delim><match><data>You hit for 4. 12 left\x0a</data></match></read>
    <read><delim>\x0a</delim><match><data>Trolling Captain hits Lelani Oxpar Xavor for 6\x0a</data></match></read>
    <read><delim>\x0a</delim><match><data>Monsters: \x0a</data></match></read>
    <read><delim>\x0a</delim><match><data>\x091\x7d \x0a</data></match></read>
    <read><delim>\x0a</delim><match><data>\x09Type: Lelani Oxpar Xavor\x0a</data></match></read>
    <read><delim>\x0a</delim><match><data>\x09Level: 1\x0a</data></match></read>
    <read><delim>\x0a</delim><match><data>\x09Health: 2\x0a</data></match></read>
    <read><delim>\x0a\x0a</delim><match><data>\x09Power: 6\x0a\x0a</data></match></read>
    <read><delim>\x0a</delim><match><data>\x092\x7d \x0a</data></match></read>
    <read><delim>\x0a</delim><match><data>\x09Type: Rock Beast\x0a</data></match></read>
    <read><delim>\x0a</delim><match><data>\x09Level: 1\x0a</data></match></read>
    <read><delim>\x0a</delim><match><data>\x09Health: 9\x0a</data></match></read>
    <read><delim>\x0a\x0a</delim><match><data>\x09Power: 2\x0a\x0a</data></match></read>
    <read><delim>\x0a</delim><match><data>\x093\x7d \x0a</data></match></read>
    <read><delim>\x0a</delim><match><data>\x09Type: Gamma Guardian\x0a</data></match></read>
    <read><delim>\x0a</delim><match><data>\x09Level: 1\x0a</data></match></read>
    <read><delim>\x0a</delim><match><data>\x09Health: 10\x0a</data></match></read>
    <read><delim>\x0a\x0a</delim><match><data>\x09Power: 7\x0a\x0a</data></match></read>
    <read><delim>: </delim><match><data>Selection: </data></match></read>
    <write><data>1\x0a</data></write>
    <read><delim>\x0a</delim><match><data>You hit for 0. 12 left\x0a</data></match></read>
    <read><delim>\x0a</delim><match><data>Trolling Captain hits Lelani Oxpar Xavor for 7\x0a</data></match></read>
    <read><delim>\x0a</delim><match><data>Lelani Oxpar Xavor was knocked out\x0a</data></match></read>
    <read><delim>\x0a</delim><match><data>Monsters: \x0a</data></match></read>
    <read><delim>\x0a</delim><match><data>\x091\x7d \x0a</data></match></read>
    <read><delim>\x0a</delim><match><data>\x09Type: Lelani Oxpar Xavor\x0a</data></match></read>
    <read><delim>\x0a</delim><match><data>\x09Level: 1\x0a</data></match></read>
    <read><delim>\x0a</delim><match><data>\x09Health: \x2d5\x0a</data></match></read>
    <read><delim>\x0a\x0a</delim><match><data>\x09Power: 6\x0a\x0a</data></match></read>
    <read><delim>\x0a</delim><match><data>\x092\x7d \x0a</data></match></read>
    <read><delim>\x0a</delim><match><data>\x09Type: Rock Beast\x0a</data></match></read>
    <read><delim>\x0a</delim><match><data>\x09Level: 1\x0a</data></match></read>
    <read><delim>\x0a</delim><match><data>\x09Health: 9\x0a</data></match></read>
    <read><delim>\x0a\x0a</delim><match><data>\x09Power: 2\x0a\x0a</data></match></read>
    <read><delim>\x0a</delim><match><data>\x093\x7d \x0a</data></match></read>
    <read><delim>\x0a</delim><match><data>\x09Type: Gamma Guardian\x0a</data></match></read>
    <read><delim>\x0a</delim><match><data>\x09Level: 1\x0a</data></match></read>
    <read><delim>\x0a</delim><match><data>\x09Health: 10\x0a</data></match></read>
    <read><delim>\x0a\x0a</delim><match><data>\x09Power: 7\x0a\x0a</data></match></read>
    <read><delim>: </delim><match><data>Selection: </data></match></read>
    <write><data>2\x0a</data></write>
    <read><delim>\x0a</delim><match><data>You hit for 1. 11 left\x0a</data></match></read>
    <read><delim>\x0a</delim><match><data>Trolling Captain hits Rock Beast for 0\x0a</data></match></read>
    <read><delim>\x0a</delim><match><data>Monsters: \x0a</data></match></read>
    <read><delim>\x0a</delim><match><data>\x091\x7d \x0a</data></match></read>
    <read><delim>\x0a</delim><match><data>\x09Type: Lelani Oxpar Xavor\x0a</data></match></read>
    <read><delim>\x0a</delim><match><data>\x09Level: 1\x0a</data></match></read>
    <read><delim>\x0a</delim><match><data>\x09Health: \x2d5\x0a</data></match></read>
    <read><delim>\x0a\x0a</delim><match><data>\x09Power: 6\x0a\x0a</data></match></read>
    <read><delim>\x0a</delim><match><data>\x092\x7d \x0a</data></match></read>
    <read><delim>\x0a</delim><match><data>\x09Type: Rock Beast\x0a</data></match></read>
    <read><delim>\x0a</delim><match><data>\x09Level: 1\x0a</data></match></read>
    <read><delim>\x0a</delim><match><data>\x09Health: 9\x0a</data></match></read>
    <read><delim>\x0a\x0a</delim><match><data>\x09Power: 2\x0a\x0a</data></match></read>
    <read><delim>\x0a</delim><match><data>\x093\x7d \x0a</data></match></read>
    <read><delim>\x0a</delim><match><data>\x09Type: Gamma Guardian\x0a</data></match></read>
    <read><delim>\x0a</delim><match><data>\x09Level: 1\x0a</data></match></read>
    <read><delim>\x0a</delim><match><data>\x09Health: 10\x0a</data></match></read>
    <read><delim>\x0a\x0a</delim><match><data>\x09Power: 7\x0a\x0a</data></match></read>
    <read><delim>: </delim><match><data>Selection: </data></match></read>
    <write><data>2\x0a</data></write>
    <read><delim>\x0a</delim><match><data>You hit for 1. 10 left\x0a</data></match></read>
    <read><delim>\x0a</delim><match><data>Trolling Captain hits Rock Beast for 5\x0a</data></match></read>
    <read><delim>\x0a</delim><match><data>Monsters: \x0a</data></match></read>
    <read><delim>\x0a</delim><match><data>\x091\x7d \x0a</data></match></read>
    <read><delim>\x0a</delim><match><data>\x09Type: Lelani Oxpar Xavor\x0a</data></match></read>
    <read><delim>\x0a</delim><match><data>\x09Level: 1\x0a</data></match></read>
    <read><delim>\x0a</delim><match><data>\x09Health: \x2d5\x0a</data></match></read>
    <read><delim>\x0a\x0a</delim><match><data>\x09Power: 6\x0a\x0a</data></match></read>
    <read><delim>\x0a</delim><match><data>\x092\x7d \x0a</data></match></read>
    <read><delim>\x0a</delim><match><data>\x09Type: Rock Beast\x0a</data></match></read>
    <read><delim>\x0a</delim><match><data>\x09Level: 1\x0a</data></match></read>
    <read><delim>\x0a</delim><match><data>\x09Health: 4\x0a</data></match></read>
    <read><delim>\x0a\x0a</delim><match><data>\x09Power: 2\x0a\x0a</data></match></read>
    <read><delim>\x0a</delim><match><data>\x093\x7d \x0a</data></match></read>
    <read><delim>\x0a</delim><match><data>\x09Type: Gamma Guardian\x0a</data></match></read>
    <read><delim>\x0a</delim><match><data>\x09Level: 1\x0a</data></match></read>
    <read><delim>\x0a</delim><match><data>\x09Health: 10\x0a</data></match></read>
    <read><delim>\x0a\x0a</delim><match><data>\x09Power: 7\x0a\x0a</data></match></read>
    <read><delim>: </delim><match><data>Selection: </data></match></read>
    <write><data>2\x0a</data></write>
    <read><delim>\x0a</delim><match><data>You hit for 1. 9 left\x0a</data></match></read>
    <read><delim>\x0a</delim><match><data>Trolling Captain hits Rock Beast for 4\x0a</data></match></read>
    <read><delim>\x0a</delim><match><data>Rock Beast was knocked out\x0a</data></match></read>
    <read><delim>\x0a</delim><match><data>Monsters: \x0a</data></match></read>
    <read><delim>\x0a</delim><match><data>\x091\x7d \x0a</data></match></read>
    <read><delim>\x0a</delim><match><data>\x09Type: Lelani Oxpar Xavor\x0a</data></match></read>
    <read><delim>\x0a</delim><match><data>\x09Level: 1\x0a</data></match></read>
    <read><delim>\x0a</delim><match><data>\x09Health: \x2d5\x0a</data></match></read>
    <read><delim>\x0a\x0a</delim><match><data>\x09Power: 6\x0a\x0a</data></match></read>
    <read><delim>\x0a</delim><match><data>\x092\x7d \x0a</data></match></read>
    <read><delim>\x0a</delim><match><data>\x09Type: Rock Beast\x0a</data></match></read>
    <read><delim>\x0a</delim><match><data>\x09Level: 1\x0a</data></match></read>
    <read><delim>\x0a</delim><match><data>\x09Health: 0\x0a</data></match></read>
    <read><delim>\x0a\x0a</delim><match><data>\x09Power: 2\x0a\x0a</data></match></read>
    <read><delim>\x0a</delim><match><data>\x093\x7d \x0a</data></match></read>
    <read><delim>\x0a</delim><match><data>\x09Type: Gamma Guardian\x0a</data></match></read>
    <read><delim>\x0a</delim><match><data>\x09Level: 1\x0a</data></match></read>
    <read><delim>\x0a</delim><match><data>\x09Health: 10\x0a</data></match></read>
    <read><delim>\x0a\x0a</delim><match><data>\x09Power: 7\x0a\x0a</data></match></read>
    <read><delim>: </delim><match><data>Selection: </data></match></read>
    <write><data>3\x0a</data></write>
    <read><delim>\x0a</delim><match><data>You hit for 4. 5 left\x0a</data></match></read>
    <read><delim>\x0a</delim><match><data>Trolling Captain hits Gamma Guardian for 2\x0a</data></match></read>
    <read><delim>\x0a</delim><match><data>Monsters: \x0a</data></match></read>
    <read><delim>\x0a</delim><match><data>\x091\x7d \x0a</data></match></read>
    <read><delim>\x0a</delim><match><data>\x09Type: Lelani Oxpar Xavor\x0a</data></match></read>
    <read><delim>\x0a</delim><match><data>\x09Level: 1\x0a</data></match></read>
    <read><delim>\x0a</delim><match><data>\x09Health: \x2d5\x0a</data></match></read>
    <read><delim>\x0a\x0a</delim><match><data>\x09Power: 6\x0a\x0a</data></match></read>
    <read><delim>\x0a</delim><match><data>\x092\x7d \x0a</data></match></read>
    <read><delim>\x0a</delim><match><data>\x09Type: Rock Beast\x0a</data></match></read>
    <read><delim>\x0a</delim><match><data>\x09Level: 1\x0a</data></match></read>
    <read><delim>\x0a</delim><match><data>\x09Health: 0\x0a</data></match></read>
    <read><delim>\x0a\x0a</delim><match><data>\x09Power: 2\x0a\x0a</data></match></read>
    <read><delim>\x0a</delim><match><data>\x093\x7d \x0a</data></match></read>
    <read><delim>\x0a</delim><match><data>\x09Type: Gamma Guardian\x0a</data></match></read>
    <read><delim>\x0a</delim><match><data>\x09Level: 1\x0a</data></match></read>
    <read><delim>\x0a</delim><match><data>\x09Health: 8\x0a</data></match></read>
    <read><delim>\x0a\x0a</delim><match><data>\x09Power: 7\x0a\x0a</data></match></read>
    <read><delim>: </delim><match><data>Selection: </data></match></read>
    <write><data>3\x0a</data></write>
    <read><delim>\x0a</delim><match><data>You hit for 0. 5 left\x0a</data></match></read>
    <read><delim>\x0a</delim><match><data>Trolling Captain hits Gamma Guardian for 7\x0a</data></match></read>
    <read><delim>\x0a</delim><match><data>Monsters: \x0a</data></match></read>
    <read><delim>\x0a</delim><match><data>\x091\x7d \x0a</data></match></read>
    <read><delim>\x0a</delim><match><data>\x09Type: Lelani Oxpar Xavor\x0a</data></match></read>
    <read><delim>\x0a</delim><match><data>\x09Level: 1\x0a</data></match></read>
    <read><delim>\x0a</delim><match><data>\x09Health: \x2d5\x0a</data></match></read>
    <read><delim>\x0a\x0a</delim><match><data>\x09Power: 6\x0a\x0a</data></match></read>
    <read><delim>\x0a</delim><match><data>\x092\x7d \x0a</data></match></read>
    <read><delim>\x0a</delim><match><data>\x09Type: Rock Beast\x0a</data></match></read>
    <read><delim>\x0a</delim><match><data>\x09Level: 1\x0a</data></match></read>
    <read><delim>\x0a</delim><match><data>\x09Health: 0\x0a</data></match></read>
    <read><delim>\x0a\x0a</delim><match><data>\x09Power: 2\x0a\x0a</data></match></read>
    <read><delim>\x0a</delim><match><data>\x093\x7d \x0a</data></match></read>
    <read><delim>\x0a</delim><match><data>\x09Type: Gamma Guardian\x0a</data></match></read>
    <read><delim>\x0a</delim><match><data>\x09Level: 1\x0a</data></match></read>
    <read><delim>\x0a</delim><match><data>\x09Health: 1\x0a</data></match></read>
    <read><delim>\x0a\x0a</delim><match><data>\x09Power: 7\x0a\x0a</data></match></read>
    <read><delim>: </delim><match><data>Selection: </data></match></read>
    <write><data>3\x0a</data></write>
    <read><delim>\x0a</delim><match><data>You hit for 1. 4 left\x0a</data></match></read>
    <read><delim>\x0a</delim><match><data>Trolling Captain hits Gamma Guardian for 3\x0a</data></match></read>
    <read><delim>\x0a</delim><match><data>Gamma Guardian was knocked out\x0a</data></match></read>
    <read><delim>\x0a</delim><match><data>You have no living monsters. You lose.\x0a</data></match></read>
    <read><delim>\x0a</delim><match><data>You failed!!!\x0a</data></match></read>
</replay>
</pov>