<?xml version="1.0" standalone="no" ?>
<!DOCTYPE pov SYSTEM "/usr/share/cgc-docs/replay.dtd">
<pov>
<cbid>service</cbid>
<seed>cce46404387ec4a673f8957710df2d8c46a53a5610b121a1a291f39543232d9f64a55b0efbe88ec861ba1cea197a9b06</seed>
<replay>
    <read><delim>\x7c </delim><match><data>Enter your name\x7c\x7c </data></match></read>
    <write><data>X5LrNCE7H\x0a</data></write>
    <read><delim>\x0a</delim><match><data>Name: X5LrNCE7H\x0a</data></match></read>
    <read><delim>\x0a</delim><match><data>Level: 1\x0a</data></match></read>
    <read><delim>\x0a</delim><match><data>Monsters: \x0a</data></match></read>
    <read><delim>\x0a</delim><match><data>\x09Type: Trolling Captain\x0a</data></match></read>
    <read><delim>\x0a</delim><match><data>\x09Health: 10\x0a</data></match></read>
    <read><delim>\x0a\x0a</delim><match><data>\x09Power: 2\x0a\x0a</data></match></read>
    <read><delim>\x0a</delim><match><data>\x09Type: Safize Ixen\x0a</data></match></read>
    <read><delim>\x0a</delim><match><data>\x09Health: 6\x0a</data></match></read>
    <read><delim>\x0a\x0a</delim><match><data>\x09Power: 4\x0a\x0a</data></match></read>
    <read><delim>\x0a</delim><match><data>\x09Type: Itchy Eagle\x0a</data></match></read>
    <read><delim>\x0a</delim><match><data>\x09Health: 8\x0a</data></match></read>
    <read><delim>\x0a\x0a</delim><match><data>\x09Power: 3\x0a\x0a</data></match></read>
    <read><delim>\x0a\x0a</delim><match><data>Width: 32 Height: 16\x0aStartX: 6 StartY: 6\x0aEndX: 1 EndY: 13\x0a\x0a</data></match></read>
    <read><delim>\x0a</delim><match><data>\x23.\x23.\x23.\x23\x23.\x23.\x23\x23\x23\x23\x23\x23.\x23.\x23\x23.\x23...\x23.\x23.\x23\x0a</data></match></read>
    <read><delim>\x0a</delim><match><data>.\x23...\x23...\x23..\x23\x23\x23.\x23\x23.\x23\x23.\x23\x23..\x23\x23\x23..\x23\x0a</data></match></read>
    <read><delim>\x0a</delim><match><data>..\x23\x23\x23\x23\x23\x23\x23\x23\x23\x23\x23..\x23.\x23\x23...\x23.\x23\x23.\x23..\x23\x23\x0a</data></match></read>
    <read><delim>\x0a</delim><match><data>..\x23..\x23.\x23\x23.\x23\x23.\x23\x23..\x23\x23.\x23\x23\x23\x23.\x23\x23\x23.\x23..\x0a</data></match></read>
    <read><delim>\x0a</delim><match><data>\x23\x23\x23\x23\x23\x23....\x23\x23..\x23.\x23\x23\x23.\x23\x23.\x23..\x23.\x23\x23..\x0a</data></match></read>
    <read><delim>\x0a</delim><match><data>..\x23.....\x23.\x23\x23.\x23\x23\x23\x23.\x23\x23..\x23\x23\x23\x23.\x23\x23\x23.\x23\x0a</data></match></read>
    <read><delim>\x0a</delim><match><data>\x23\x23\x23...\x40...\x23\x23..\x23\x23...\x23..\x23\x23\x23...\x23...\x0a</data></match></read>
    <read><delim>\x0a</delim><match><data>.\x23\x23..\x23.\x23.\x23.\x23.....\x23\x23\x23.\x23.\x23.\x23.\x23..\x23\x23\x0a</data></match></read>
    <read><delim>\x0a</delim><match><data>...\x23\x23.\x23.....\x23\x23.\x23\x23.....\x23.\x23.\x23\x23\x23.\x23\x23\x0a</data></match></read>
    <read><delim>\x0a</delim><match><data>..\x23\x23.....\x23\x23\x23.\x23\x23\x23\x23.\x23\x23\x23\x23\x23\x23\x23.....\x23.\x0a</data></match></read>
    <read><delim>\x0a</delim><match><data>\x23....\x23\x23....\x23..\x23....\x23.\x23\x23\x23..\x23..\x23..\x0a</data></match></read>
    <read><delim>\x0a</delim><match><data>\x23.\x23.\x23\x23\x23\x23.\x23.\x23\x23.\x23\x23....\x23..\x23.\x23\x23\x23..\x23\x23\x0a</data></match></read>
    <read><delim>\x0a</delim><match><data>..\x23.\x23.\x23.\x23\x23..\x23.\x23\x23...\x23.\x23.\x23\x23\x23..\x23\x23\x23\x23\x0a</data></match></read>
    <read><delim>\x0a</delim><match><data>.X\x23\x23....\x23..\x23\x23\x23..\x23\x23.....\x23.\x23\x23.\x23...\x0a</data></match></read>
    <read><delim>\x0a</delim><match><data>.\x23....\x23...\x23\x23.\x23\x23......\x23...\x23...\x23.\x23\x0a</data></match></read>
    <read><delim>\x0a</delim><match><data>\x23\x23\x23\x23\x23.\x23\x23\x23\x23\x23..\x23\x23.\x23....\x23\x23..\x23\x23..\x23..\x0a</data></match></read>
    <read><delim>: </delim><match><data>: </data></match></read>
    <write><data>r\x0a</data></write>
    <read><delim>\x0a</delim><match><data>\x23.\x23.\x23.\x23\x23.\x23.\x23\x23\x23\x23\x23\x23.\x23.\x23\x23.\x23...\x23.\x23.\x23\x0a</data></match></read>
    <read><delim>\x0a</delim><match><data>.\x23...\x23...\x23..\x23\x23\x23.\x23\x23.\x23\x23.\x23\x23..\x23\x23\x23..\x23\x0a</data></match></read>
    <read><delim>\x0a</delim><match><data>..\x23\x23\x23\x23\x23\x23\x23\x23\x23\x23\x23..\x23.\x23\x23...\x23.\x23\x23.\x23..\x23\x23\x0a</data></match></read>
    <read><delim>\x0a</delim><match><data>..\x23..\x23.\x23\x23.\x23\x23.\x23\x23..\x23\x23.\x23\x23\x23\x23.\x23\x23\x23.\x23..\x0a</data></match></read>
    <read><delim>\x0a</delim><match><data>\x23\x23\x23\x23\x23\x23....\x23\x23..\x23.\x23\x23\x23.\x23\x23.\x23..\x23.\x23\x23..\x0a</data></match></read>
    <read><delim>\x0a</delim><match><data>..\x23.....\x23.\x23\x23.\x23\x23\x23\x23.\x23\x23..\x23\x23\x23\x23.\x23\x23\x23.\x23\x0a</data></match></read>
    <read><delim>\x0a</delim><match><data>\x23\x23\x23....\x40..\x23\x23..\x23\x23...\x23..\x23\x23\x23...\x23...\x0a</data></match></read>
    <read><delim>\x0a</delim><match><data>.\x23\x23..\x23.\x23.\x23.\x23.....\x23\x23\x23.\x23.\x23.\x23.\x23..\x23\x23\x0a</data></match></read>
    <read><delim>\x0a</delim><match><data>...\x23\x23.\x23.....\x23\x23.\x23\x23.....\x23.\x23.\x23\x23\x23.\x23\x23\x0a</data></match></read>
    <read><delim>\x0a</delim><match><data>..\x23\x23.....\x23\x23\x23.\x23\x23\x23\x23.\x23\x23\x23\x23\x23\x23\x23.....\x23.\x0a</data></match></read>
    <read><delim>\x0a</delim><match><data>\x23....\x23\x23....\x23..\x23....\x23.\x23\x23\x23..\x23..\x23..\x0a</data></match></read>
    <read><delim>\x0a</delim><match><data>\x23.\x23.\x23\x23\x23\x23.\x23.\x23\x23.\x23\x23....\x23..\x23.\x23\x23\x23..\x23\x23\x0a</data></match></read>
    <read><delim>\x0a</delim><match><data>..\x23.\x23.\x23.\x23\x23..\x23.\x23\x23...\x23.\x23.\x23\x23\x23..\x23\x23\x23\x23\x0a</data></match></read>
    <read><delim>\x0a</delim><match><data>.X\x23\x23....\x23..\x23\x23\x23..\x23\x23.....\x23.\x23\x23.\x23...\x0a</data></match></read>
    <read><delim>\x0a</delim><match><data>.\x23....\x23...\x23\x23.\x23\x23......\x23...\x23...\x23.\x23\x0a</data></match></read>
    <read><delim>\x0a</delim><match><data>\x23\x23\x23\x23\x23.\x23\x23\x23\x23\x23..\x23\x23.\x23....\x23\x23..\x23\x23..\x23..\x0a</data></match></read>
    <read><delim>: </delim><match><data>: </data></match></read>
    <write><data>r\x0a</data></write>
    <read><delim>\x0a</delim><match><data>\x23.\x23.\x23.\x23\x23.\x23.\x23\x23\x23\x23\x23\x23.\x23.\x23\x23.\x23...\x23.\x23.\x23\x0a</data></match></read>
    <read><delim>\x0a</delim><match><data>.\x23...\x23...\x23..\x23\x23\x23.\x23\x23.\x23\x23.\x23\x23..\x23\x23\x23..\x23\x0a</data></match></read>
    <read><delim>\x0a</delim><match><data>..\x23\x23\x23\x23\x23\x23\x23\x23\x23\x23\x23..\x23.\x23\x23...\x23.\x23\x23.\x23..\x23\x23\x0a</data></match></read>
    <read><delim>\x0a</delim><match><data>..\x23..\x23.\x23\x23.\x23\x23.\x23\x23..\x23\x23.\x23\x23\x23\x23.\x23\x23\x23.\x23..\x0a</data></match></read>
    <read><delim>\x0a</delim><match><data>\x23\x23\x23\x23\x23\x23....\x23\x23..\x23.\x23\x23\x23.\x23\x23.\x23..\x23.\x23\x23..\x0a</data></match></read>
    <read><delim>\x0a</delim><match><data>..\x23.....\x23.\x23\x23.\x23\x23\x23\x23.\x23\x23..\x23\x23\x23\x23.\x23\x23\x23.\x23\x0a</data></match></read>
    <read><delim>\x0a</delim><match><data>\x23\x23\x23.....\x40.\x23\x23..\x23\x23...\x23..\x23\x23\x23...\x23...\x0a</data></match></read>
    <read><delim>\x0a</delim><match><data>.\x23\x23..\x23.\x23.\x23.\x23.....\x23\x23\x23.\x23.\x23.\x23.\x23..\x23\x23\x0a</data></match></read>
    <read><delim>\x0a</delim><match><data>...\x23\x23.\x23.....\x23\x23.\x23\x23.....\x23.\x23.\x23\x23\x23.\x23\x23\x0a</data></match></read>
    <read><delim>\x0a</delim><match><data>..\x23\x23.....\x23\x23\x23.\x23\x23\x23\x23.\x23\x23\x23\x23\x23\x23\x23.....\x23.\x0a</data></match></read>
    <read><delim>\x0a</delim><match><data>\x23....\x23\x23....\x23..\x23....\x23.\x23\x23\x23..\x23..\x23..\x0a</data></match></read>
    <read><delim>\x0a</delim><match><data>\x23.\x23.\x23\x23\x23\x23.\x23.\x23\x23.\x23\x23....\x23..\x23.\x23\x23\x23..\x23\x23\x0a</data></match></read>
    <read><delim>\x0a</delim><match><data>..\x23.\x23.\x23.\x23\x23..\x23.\x23\x23...\x23.\x23.\x23\x23\x23..\x23\x23\x23\x23\x0a</data></match></read>
    <read><delim>\x0a</delim><match><data>.X\x23\x23....\x23..\x23\x23\x23..\x23\x23.....\x23.\x23\x23.\x23...\x0a</data></match></read>
    <read><delim>\x0a</delim><match><data>.\x23....\x23...\x23\x23.\x23\x23......\x23...\x23...\x23.\x23\x0a</data></match></read>
    <read><delim>\x0a</delim><match><data>\x23\x23\x23\x23\x23.\x23\x23\x23\x23\x23..\x23\x23.\x23....\x23\x23..\x23\x23..\x23..\x0a</data></match></read>
    <read><delim>: </delim><match><data>: </data></match></read>
    <write><data>d\x0a</data></write>
    <read><delim>\x0a</delim><match><data>\x23.\x23.\x23.\x23\x23.\x23.\x23\x23\x23\x23\x23\x23.\x23.\x23\x23.\x23...\x23.\x23.\x23\x0a</data></match></read>
    <read><delim>\x0a</delim><match><data>.\x23...\x23...\x23..\x23\x23\x23.\x23\x23.\x23\x23.\x23\x23..\x23\x23\x23..\x23\x0a</data></match></read>
    <read><delim>\x0a</delim><match><data>..\x23\x23\x23\x23\x23\x23\x23\x23\x23\x23\x23..\x23.\x23\x23...\x23.\x23\x23.\x23..\x23\x23\x0a</data></match></read>
    <read><delim>\x0a</delim><match><data>..\x23..\x23.\x23\x23.\x23\x23.\x23\x23..\x23\x23.\x23\x23\x23\x23.\x23\x23\x23.\x23..\x0a</data></match></read>
    <read><delim>\x0a</delim><match><data>\x23\x23\x23\x23\x23\x23....\x23\x23..\x23.\x23\x23\x23.\x23\x23.\x23..\x23.\x23\x23..\x0a</data></match></read>
    <read><delim>\x0a</delim><match><data>..\x23.....\x23.\x23\x23.\x23\x23\x23\x23.\x23\x23..\x23\x23\x23\x23.\x23\x23\x23.\x23\x0a</data></match></read>
    <read><delim>\x0a</delim><match><data>\x23\x23\x23.......\x23\x23..\x23\x23...\x23..\x23\x23\x23...\x23...\x0a</data></match></read>
    <read><delim>\x0a</delim><match><data>.\x23\x23..\x23.\x23\x40\x23.\x23.....\x23\x23\x23.\x23.\x23.\x23.\x23..\x23\x23\x0a</data></match></read>
    <read><delim>\x0a</delim><match><data>...\x23\x23.\x23.....\x23\x23.\x23\x23.....\x23.\x23.\x23\x23\x23.\x23\x23\x0a</data></match></read>
    <read><delim>\x0a</delim><match><data>..\x23\x23.....\x23\x23\x23.\x23\x23\x23\x23.\x23\x23\x23\x23\x23\x23\x23.....\x23.\x0a</data></match></read>
    <read><delim>\x0a</delim><match><data>\x23....\x23\x23....\x23..\x23....\x23.\x23\x23\x23..\x23..\x23..\x0a</data></match></read>
    <read><delim>\x0a</delim><match><data>\x23.\x23.\x23\x23\x23\x23.\x23.\x23\x23.\x23\x23....\x23..\x23.\x23\x23\x23..\x23\x23\x0a</data></match></read>
    <read><delim>\x0a</delim><match><data>..\x23.\x23.\x23.\x23\x23..\x23.\x23\x23...\x23.\x23.\x23\x23\x23..\x23\x23\x23\x23\x0a</data></match></read>
    <read><delim>\x0a</delim><match><data>.X\x23\x23....\x23..\x23\x23\x23..\x23\x23.....\x23.\x23\x23.\x23...\x0a</data></match></read>
    <read><delim>\x0a</delim><match><data>.\x23....\x23...\x23\x23.\x23\x23......\x23...\x23...\x23.\x23\x0a</data></match></read>
    <read><delim>\x0a</delim><match><data>\x23\x23\x23\x23\x23.\x23\x23\x23\x23\x23..\x23\x23.\x23....\x23\x23..\x23\x23..\x23..\x0a</data></match></read>
    <read><delim>: </delim><match><data>: </data></match></read>
    <write><data>d\x0a</data></write>
    <read><delim>\x0a</delim><match><data>\x23.\x23.\x23.\x23\x23.\x23.\x23\x23\x23\x23\x23\x23.\x23.\x23\x23.\x23...\x23.\x23.\x23\x0a</data></match></read>
    <read><delim>\x0a</delim><match><data>.\x23...\x23...\x23..\x23\x23\x23.\x23\x23.\x23\x23.\x23\x23..\x23\x23\x23..\x23\x0a</data></match></read>
    <read><delim>\x0a</delim><match><data>..\x23\x23\x23\x23\x23\x23\x23\x23\x23\x23\x23..\x23.\x23\x23...\x23.\x23\x23.\x23..\x23\x23\x0a</data></match></read>
    <read><delim>\x0a</delim><match><data>..\x23..\x23.\x23\x23.\x23\x23.\x23\x23..\x23\x23.\x23\x23\x23\x23.\x23\x23\x23.\x23..\x0a</data></match></read>
    <read><delim>\x0a</delim><match><data>\x23\x23\x23\x23\x23\x23....\x23\x23..\x23.\x23\x23\x23.\x23\x23.\x23..\x23.\x23\x23..\x0a</data></match></read>
    <read><delim>\x0a</delim><match><data>..\x23.....\x23.\x23\x23.\x23\x23\x23\x23.\x23\x23..\x23\x23\x23\x23.\x23\x23\x23.\x23\x0a</data></match></read>
    <read><delim>\x0a</delim><match><data>\x23\x23\x23.......\x23\x23..\x23\x23...\x23..\x23\x23\x23...\x23...\x0a</data></match></read>
    <read><delim>\x0a</delim><match><data>.\x23\x23..\x23.\x23.\x23.\x23.....\x23\x23\x23.\x23.\x23.\x23.\x23..\x23\x23\x0a</data></match></read>
    <read><delim>\x0a</delim><match><data>...\x23\x23.\x23.\x40...\x23\x23.\x23\x23.....\x23.\x23.\x23\x23\x23.\x23\x23\x0a</data></match></read>
    <read><delim>\x0a</delim><match><data>..\x23\x23.....\x23\x23\x23.\x23\x23\x23\x23.\x23\x23\x23\x23\x23\x23\x23.....\x23.\x0a</data></match></read>
    <read><delim>\x0a</delim><match><data>\x23....\x23\x23....\x23..\x23....\x23.\x23\x23\x23..\x23..\x23..\x0a</data></match></read>
    <read><delim>\x0a</delim><match><data>\x23.\x23.\x23\x23\x23\x23.\x23.\x23\x23.\x23\x23....\x23..\x23.\x23\x23\x23..\x23\x23\x0a</data></match></read>
    <read><delim>\x0a</delim><match><data>..\x23.\x23.\x23.\x23\x23..\x23.\x23\x23...\x23.\x23.\x23\x23\x23..\x23\x23\x23\x23\x0a</data></match></read>
    <read><delim>\x0a</delim><match><data>.X\x23\x23....\x23..\x23\x23\x23..\x23\x23.....\x23.\x23\x23.\x23...\x0a</data></match></read>
    <read><delim>\x0a</delim><match><data>.\x23....\x23...\x23\x23.\x23\x23......\x23...\x23...\x23.\x23\x0a</data></match></read>
    <read><delim>\x0a</delim><match><data>\x23\x23\x23\x23\x23.\x23\x23\x23\x23\x23..\x23\x23.\x23....\x23\x23..\x23\x23..\x23..\x0a</data></match></read>
    <read><delim>: </delim><match><data>: </data></match></read>
    <write><data>d\x0a</data></write>
    <read><delim>\x0a</delim><match><data>\x23.\x23.\x23.\x23\x23.\x23.\x23\x23\x23\x23\x23\x23.\x23.\x23\x23.\x23...\x23.\x23.\x23\x0a</data></match></read>
    <read><delim>\x0a</delim><match><data>.\x23...\x23...\x23..\x23\x23\x23.\x23\x23.\x23\x23.\x23\x23..\x23\x23\x23..\x23\x0a</data></match></read>
    <read><delim>\x0a</delim><match><data>..\x23\x23\x23\x23\x23\x23\x23\x23\x23\x23\x23..\x23.\x23\x23...\x23.\x23\x23.\x23..\x23\x23\x0a</data></match></read>
    <read><delim>\x0a</delim><match><data>..\x23..\x23.\x23\x23.\x23\x23.\x23\x23..\x23\x23.\x23\x23\x23\x23.\x23\x23\x23.\x23..\x0a</data></match></read>
    <read><delim>\x0a</delim><match><data>\x23\x23\x23\x23\x23\x23....\x23\x23..\x23.\x23\x23\x23.\x23\x23.\x23..\x23.\x23\x23..\x0a</data></match></read>
    <read><delim>\x0a</delim><match><data>..\x23.....\x23.\x23\x23.\x23\x23\x23\x23.\x23\x23..\x23\x23\x23\x23.\x23\x23\x23.\x23\x0a</data></match></read>
    <read><delim>\x0a</delim><match><data>\x23\x23\x23.......\x23\x23..\x23\x23...\x23..\x23\x23\x23...\x23...\x0a</data></match></read>
    <read><delim>\x0a</delim><match><data>.\x23\x23..\x23.\x23.\x23.\x23.....\x23\x23\x23.\x23.\x23.\x23.\x23..\x23\x23\x0a</data></match></read>
    <read><delim>\x0a</delim><match><data>...\x23\x23.\x23.....\x23\x23.\x23\x23.....\x23.\x23.\x23\x23\x23.\x23\x23\x0a</data></match></read>
    <read><delim>\x0a</delim><match><data>..\x23\x23....\x40\x23\x23\x23.\x23\x23\x23\x23.\x23\x23\x23\x23\x23\x23\x23.....\x23.\x0a</data></match></read>
    <read><delim>\x0a</delim><match><data>\x23....\x23\x23....\x23..\x23....\x23.\x23\x23\x23..\x23..\x23..\x0a</data></match></read>
    <read><delim>\x0a</delim><match><data>\x23.\x23.\x23\x23\x23\x23.\x23.\x23\x23.\x23\x23....\x23..\x23.\x23\x23\x23..\x23\x23\x0a</data></match></read>
    <read><delim>\x0a</delim><match><data>..\x23.\x23.\x23.\x23\x23..\x23.\x23\x23...\x23.\x23.\x23\x23\x23..\x23\x23\x23\x23\x0a</data></match></read>
    <read><delim>\x0a</delim><match><data>.X\x23\x23....\x23..\x23\x23\x23..\x23\x23.....\x23.\x23\x23.\x23...\x0a</data></match></read>
    <read><delim>\x0a</delim><match><data>.\x23....\x23...\x23\x23.\x23\x23......\x23...\x23...\x23.\x23\x0a</data></match></read>
    <read><delim>\x0a</delim><match><data>\x23\x23\x23\x23\x23.\x23\x23\x23\x23\x23..\x23\x23.\x23....\x23\x23..\x23\x23..\x23..\x0a</data></match></read>
    <read><delim>: </delim><match><data>: </data></match></read>
    <write><data>l\x0a</data></write>
    <read><delim>\x0a</delim><match><data>\x23.\x23.\x23.\x23\x23.\x23.\x23\x23\x23\x23\x23\x23.\x23.\x23\x23.\x23...\x23.\x23.\x23\x0a</data></match></read>
    <read><delim>\x0a</delim><match><data>.\x23...\x23...\x23..\x23\x23\x23.\x23\x23.\x23\x23.\x23\x23..\x23\x23\x23..\x23\x0a</data></match></read>
    <read><delim>\x0a</delim><match><data>..\x23\x23\x23\x23\x23\x23\x23\x23\x23\x23\x23..\x23.\x23\x23...\x23.\x23\x23.\x23..\x23\x23\x0a</data></match></read>
    <read><delim>\x0a</delim><match><data>..\x23..\x23.\x23\x23.\x23\x23.\x23\x23..\x23\x23.\x23\x23\x23\x23.\x23\x23\x23.\x23..\x0a</data></match></read>
    <read><delim>\x0a</delim><match><data>\x23\x23\x23\x23\x23\x23....\x23\x23..\x23.\x23\x23\x23.\x23\x23.\x23..\x23.\x23\x23..\x0a</data></match></read>
    <read><delim>\x0a</delim><match><data>..\x23.....\x23.\x23\x23.\x23\x23\x23\x23.\x23\x23..\x23\x23\x23\x23.\x23\x23\x23.\x23\x0a</data></match></read>
    <read><delim>\x0a</delim><match><data>\x23\x23\x23.......\x23\x23..\x23\x23...\x23..\x23\x23\x23...\x23...\x0a</data></match></read>
    <read><delim>\x0a</delim><match><data>.\x23\x23..\x23.\x23.\x23.\x23.....\x23\x23\x23.\x23.\x23.\x23.\x23..\x23\x23\x0a</data></match></read>
    <read><delim>\x0a</delim><match><data>...\x23\x23.\x23.....\x23\x23.\x23\x23.....\x23.\x23.\x23\x23\x23.\x23\x23\x0a</data></match></read>
    <read><delim>\x0a</delim><match><data>..\x23\x23...\x40.\x23\x23\x23.\x23\x23\x23\x23.\x23\x23\x23\x23\x23\x23\x23.....\x23.\x0a</data></match></read>
    <read><delim>\x0a</delim><match><data>\x23....\x23\x23....\x23..\x23....\x23.\x23\x23\x23..\x23..\x23..\x0a</data></match></read>
    <read><delim>\x0a</delim><match><data>\x23.\x23.\x23\x23\x23\x23.\x23.\x23\x23.\x23\x23....\x23..\x23.\x23\x23\x23..\x23\x23\x0a</data></match></read>
    <read><delim>\x0a</delim><match><data>..\x23.\x23.\x23.\x23\x23..\x23.\x23\x23...\x23.\x23.\x23\x23\x23..\x23\x23\x23\x23\x0a</data></match></read>
    <read><delim>\x0a</delim><match><data>.X\x23\x23....\x23..\x23\x23\x23..\x23\x23.....\x23.\x23\x23.\x23...\x0a</data></match></read>
    <read><delim>\x0a</delim><match><data>.\x23....\x23...\x23\x23.\x23\x23......\x23...\x23...\x23.\x23\x0a</data></match></read>
    <read><delim>\x0a</delim><match><data>\x23\x23\x23\x23\x23.\x23\x23\x23\x23\x23..\x23\x23.\x23....\x23\x23..\x23\x23..\x23..\x0a</data></match></read>
    <read><delim>: </delim><match><data>: </data></match></read>
    <write><data>l\x0a</data></write>
    <read><delim>\x0a</delim><match><data>\x23.\x23.\x23.\x23\x23.\x23.\x23\x23\x23\x23\x23\x23.\x23.\x23\x23.\x23...\x23.\x23.\x23\x0a</data></match></read>
    <read><delim>\x0a</delim><match><data>.\x23...\x23...\x23..\x23\x23\x23.\x23\x23.\x23\x23.\x23\x23..\x23\x23\x23..\x23\x0a</data></match></read>
    <read><delim>\x0a</delim><match><data>..\x23\x23\x23\x23\x23\x23\x23\x23\x23\x23\x23..\x23.\x23\x23...\x23.\x23\x23.\x23..\x23\x23\x0a</data></match></read>
    <read><delim>\x0a</delim><match><data>..\x23..\x23.\x23\x23.\x23\x23.\x23\x23..\x23\x23.\x23\x23\x23\x23.\x23\x23\x23.\x23..\x0a</data></match></read>
    <read><delim>\x0a</delim><match><data>\x23\x23\x23\x23\x23\x23....\x23\x23..\x23.\x23\x23\x23.\x23\x23.\x23..\x23.\x23\x23..\x0a</data></match></read>
    <read><delim>\x0a</delim><match><data>..\x23.....\x23.\x23\x23.\x23\x23\x23\x23.\x23\x23..\x23\x23\x23\x23.\x23\x23\x23.\x23\x0a</data></match></read>
    <read><delim>\x0a</delim><match><data>\x23\x23\x23.......\x23\x23..\x23\x23...\x23..\x23\x23\x23...\x23...\x0a</data></match></read>
    <read><delim>\x0a</delim><match><data>.\x23\x23..\x23.\x23.\x23.\x23.....\x23\x23\x23.\x23.\x23.\x23.\x23..\x23\x23\x0a</data></match></read>
    <read><delim>\x0a</delim><match><data>...\x23\x23.\x23.....\x23\x23.\x23\x23.....\x23.\x23.\x23\x23\x23.\x23\x23\x0a</data></match></read>
    <read><delim>\x0a</delim><match><data>..\x23\x23..\x40..\x23\x23\x23.\x23\x23\x23\x23.\x23\x23\x23\x23\x23\x23\x23.....\x23.\x0a</data></match></read>
    <read><delim>\x0a</delim><match><data>\x23....\x23\x23....\x23..\x23....\x23.\x23\x23\x23..\x23..\x23..\x0a</data></match></read>
    <read><delim>\x0a</delim><match><data>\x23.\x23.\x23\x23\x23\x23.\x23.\x23\x23.\x23\x23....\x23..\x23.\x23\x23\x23..\x23\x23\x0a</data></match></read>
    <read><delim>\x0a</delim><match><data>..\x23.\x23.\x23.\x23\x23..\x23.\x23\x23...\x23.\x23.\x23\x23\x23..\x23\x23\x23\x23\x0a</data></match></read>
    <read><delim>\x0a</delim><match><data>.X\x23\x23....\x23..\x23\x23\x23..\x23\x23.....\x23.\x23\x23.\x23...\x0a</data></match></read>
    <read><delim>\x0a</delim><match><data>.\x23....\x23...\x23\x23.\x23\x23......\x23...\x23...\x23.\x23\x0a</data></match></read>
    <read><delim>\x0a</delim><match><data>\x23\x23\x23\x23\x23.\x23\x23\x23\x23\x23..\x23\x23.\x23....\x23\x23..\x23\x23..\x23..\x0a</data></match></read>
    <read><delim>: </delim><match><data>: </data></match></read>
    <write><data>l\x0a</data></write>
    <read><delim>\x0a</delim><match><data>\x23.\x23.\x23.\x23\x23.\x23.\x23\x23\x23\x23\x23\x23.\x23.\x23\x23.\x23...\x23.\x23.\x23\x0a</data></match></read>
    <read><delim>\x0a</delim><match><data>.\x23...\x23...\x23..\x23\x23\x23.\x23\x23.\x23\x23.\x23\x23..\x23\x23\x23..\x23\x0a</data></match></read>
    <read><delim>\x0a</delim><match><data>..\x23\x23\x23\x23\x23\x23\x23\x23\x23\x23\x23..\x23.\x23\x23...\x23.\x23\x23.\x23..\x23\x23\x0a</data></match></read>
    <read><delim>\x0a</delim><match><data>..\x23..\x23.\x23\x23.\x23\x23.\x23\x23..\x23\x23.\x23\x23\x23\x23.\x23\x23\x23.\x23..\x0a</data></match></read>
    <read><delim>\x0a</delim><match><data>\x23\x23\x23\x23\x23\x23....\x23\x23..\x23.\x23\x23\x23.\x23\x23.\x23..\x23.\x23\x23..\x0a</data></match></read>
    <read><delim>\x0a</delim><match><data>..\x23.....\x23.\x23\x23.\x23\x23\x23\x23.\x23\x23..\x23\x23\x23\x23.\x23\x23\x23.\x23\x0a</data></match></read>
    <read><delim>\x0a</delim><match><data>\x23\x23\x23.......\x23\x23..\x23\x23...\x23..\x23\x23\x23...\x23...\x0a</data></match></read>
    <read><delim>\x0a</delim><match><data>.\x23\x23..\x23.\x23.\x23.\x23.....\x23\x23\x23.\x23.\x23.\x23.\x23..\x23\x23\x0a</data></match></read>
    <read><delim>\x0a</delim><match><data>...\x23\x23.\x23.....\x23\x23.\x23\x23.....\x23.\x23.\x23\x23\x23.\x23\x23\x0a</data></match></read>
    <read><delim>\x0a</delim><match><data>..\x23\x23.\x40...\x23\x23\x23.\x23\x23\x23\x23.\x23\x23\x23\x23\x23\x23\x23.....\x23.\x0a</data></match></read>
    <read><delim>\x0a</delim><match><data>\x23....\x23\x23....\x23..\x23....\x23.\x23\x23\x23..\x23..\x23..\x0a</data></match></read>
    <read><delim>\x0a</delim><match><data>\x23.\x23.\x23\x23\x23\x23.\x23.\x23\x23.\x23\x23....\x23..\x23.\x23\x23\x23..\x23\x23\x0a</data></match></read>
    <read><delim>\x0a</delim><match><data>..\x23.\x23.\x23.\x23\x23..\x23.\x23\x23...\x23.\x23.\x23\x23\x23..\x23\x23\x23\x23\x0a</data></match></read>
    <read><delim>\x0a</delim><match><data>.X\x23\x23....\x23..\x23\x23\x23..\x23\x23.....\x23.\x23\x23.\x23...\x0a</data></match></read>
    <read><delim>\x0a</delim><match><data>.\x23....\x23...\x23\x23.\x23\x23......\x23...\x23...\x23.\x23\x0a</data></match></read>
    <read><delim>\x0a</delim><match><data>\x23\x23\x23\x23\x23.\x23\x23\x23\x23\x23..\x23\x23.\x23....\x23\x23..\x23\x23..\x23..\x0a</data></match></read>
    <read><delim>: </delim><match><data>: </data></match></read>
    <write><data>l\x0a</data></write>
    <read><delim>\x0a</delim><match><data>\x23.\x23.\x23.\x23\x23.\x23.\x23\x23\x23\x23\x23\x23.\x23.\x23\x23.\x23...\x23.\x23.\x23\x0a</data></match></read>
    <read><delim>\x0a</delim><match><data>.\x23...\x23...\x23..\x23\x23\x23.\x23\x23.\x23\x23.\x23\x23..\x23\x23\x23..\x23\x0a</data></match></read>
    <read><delim>\x0a</delim><match><data>..\x23\x23\x23\x23\x23\x23\x23\x23\x23\x23\x23..\x23.\x23\x23...\x23.\x23\x23.\x23..\x23\x23\x0a</data></match></read>
    <read><delim>\x0a</delim><match><data>..\x23..\x23.\x23\x23.\x23\x23.\x23\x23..\x23\x23.\x23\x23\x23\x23.\x23\x23\x23.\x23..\x0a</data></match></read>
    <read><delim>\x0a</delim><match><data>\x23\x23\x23\x23\x23\x23....\x23\x23..\x23.\x23\x23\x23.\x23\x23.\x23..\x23.\x23\x23..\x0a</data></match></read>
    <read><delim>\x0a</delim><match><data>..\x23.....\x23.\x23\x23.\x23\x23\x23\x23.\x23\x23..\x23\x23\x23\x23.\x23\x23\x23.\x23\x0a</data></match></read>
    <read><delim>\x0a</delim><match><data>\x23\x23\x23.......\x23\x23..\x23\x23...\x23..\x23\x23\x23...\x23...\x0a</data></match></read>
    <read><delim>\x0a</delim><match><data>.\x23\x23..\x23.\x23.\x23.\x23.....\x23\x23\x23.\x23.\x23.\x23.\x23..\x23\x23\x0a</data></match></read>
    <read><delim>\x0a</delim><match><data>...\x23\x23.\x23.....\x23\x23.\x23\x23.....\x23.\x23.\x23\x23\x23.\x23\x23\x0a</data></match></read>
    <read><delim>\x0a</delim><match><data>..\x23\x23\x40....\x23\x23\x23.\x23\x23\x23\x23.\x23\x23\x23\x23\x23\x23\x23.....\x23.\x0a</data></match></read>
    <read><delim>\x0a</delim><match><data>\x23....\x23\x23....\x23..\x23....\x23.\x23\x23\x23..\x23..\x23..\x0a</data></match></read>
    <read><delim>\x0a</delim><match><data>\x23.\x23.\x23\x23\x23\x23.\x23.\x23\x23.\x23\x23....\x23..\x23.\x23\x23\x23..\x23\x23\x0a</data></match></read>
    <read><delim>\x0a</delim><match><data>..\x23.\x23.\x23.\x23\x23..\x23.\x23\x23...\x23.\x23.\x23\x23\x23..\x23\x23\x23\x23\x0a</data></match></read>
    <read><delim>\x0a</delim><match><data>.X\x23\x23....\x23..\x23\x23\x23..\x23\x23.....\x23.\x23\x23.\x23...\x0a</data></match></read>
    <read><delim>\x0a</delim><match><data>.\x23....\x23...\x23\x23.\x23\x23......\x23...\x23...\x23.\x23\x0a</data></match></read>
    <read><delim>\x0a</delim><match><data>\x23\x23\x23\x23\x23.\x23\x23\x23\x23\x23..\x23\x23.\x23....\x23\x23..\x23\x23..\x23..\x0a</data></match></read>
    <read><delim>: </delim><match><data>: </data></match></read>
    <write><data>d\x0a</data></write>
    <read><delim>\x0a</delim><match><data>\x23.\x23.\x23.\x23\x23.\x23.\x23\x23\x23\x23\x23\x23.\x23.\x23\x23.\x23...\x23.\x23.\x23\x0a</data></match></read>
    <read><delim>\x0a</delim><match><data>.\x23...\x23...\x23..\x23\x23\x23.\x23\x23.\x23\x23.\x23\x23..\x23\x23\x23..\x23\x0a</data></match></read>
    <read><delim>\x0a</delim><match><data>..\x23\x23\x23\x23\x23\x23\x23\x23\x23\x23\x23..\x23.\x23\x23...\x23.\x23\x23.\x23..\x23\x23\x0a</data></match></read>
    <read><delim>\x0a</delim><match><data>..\x23..\x23.\x23\x23.\x23\x23.\x23\x23..\x23\x23.\x23\x23\x23\x23.\x23\x23\x23.\x23..\x0a</data></match></read>
    <read><delim>\x0a</delim><match><data>\x23\x23\x23\x23\x23\x23....\x23\x23..\x23.\x23\x23\x23.\x23\x23.\x23..\x23.\x23\x23..\x0a</data></match></read>
    <read><delim>\x0a</delim><match><data>..\x23.....\x23.\x23\x23.\x23\x23\x23\x23.\x23\x23..\x23\x23\x23\x23.\x23\x23\x23.\x23\x0a</data></match></read>
    <read><delim>\x0a</delim><match><data>\x23\x23\x23.......\x23\x23..\x23\x23...\x23..\x23\x23\x23...\x23...\x0a</data></match></read>
    <read><delim>\x0a</delim><match><data>.\x23\x23..\x23.\x23.\x23.\x23.....\x23\x23\x23.\x23.\x23.\x23.\x23..\x23\x23\x0a</data></match></read>
    <read><delim>\x0a</delim><match><data>...\x23\x23.\x23.....\x23\x23.\x23\x23.....\x23.\x23.\x23\x23\x23.\x23\x23\x0a</data></match></read>
    <read><delim>\x0a</delim><match><data>..\x23\x23.....\x23\x23\x23.\x23\x23\x23\x23.\x23\x23\x23\x23\x23\x23\x23.....\x23.\x0a</data></match></read>
    <read><delim>\x0a</delim><match><data>\x23...\x40\x23\x23....\x23..\x23....\x23.\x23\x23\x23..\x23..\x23..\x0a</data></match></read>
    <read><delim>\x0a</delim><match><data>\x23.\x23.\x23\x23\x23\x23.\x23.\x23\x23.\x23\x23....\x23..\x23.\x23\x23\x23..\x23\x23\x0a</data></match></read>
    <read><delim>\x0a</delim><match><data>..\x23.\x23.\x23.\x23\x23..\x23.\x23\x23...\x23.\x23.\x23\x23\x23..\x23\x23\x23\x23\x0a</data></match></read>
    <read><delim>\x0a</delim><match><data>.X\x23\x23....\x23..\x23\x23\x23..\x23\x23.....\x23.\x23\x23.\x23...\x0a</data></match></read>
    <read><delim>\x0a</delim><match><data>.\x23....\x23...\x23\x23.\x23\x23......\x23...\x23...\x23.\x23\x0a</data></match></read>
    <read><delim>\x0a</delim><match><data>\x23\x23\x23\x23\x23.\x23\x23\x23\x23\x23..\x23\x23.\x23....\x23\x23..\x23\x23..\x23..\x0a</data></match></read>
    <read><delim>: </delim><match><data>: </data></match></read>
    <write><data>l\x0a</data></write>
    <read><delim>\x0a</delim><match><data>\x23.\x23.\x23.\x23\x23.\x23.\x23\x23\x23\x23\x23\x23.\x23.\x23\x23.\x23...\x23.\x23.\x23\x0a</data></match></read>
    <read><delim>\x0a</delim><match><data>.\x23...\x23...\x23..\x23\x23\x23.\x23\x23.\x23\x23.\x23\x23..\x23\x23\x23..\x23\x0a</data></match></read>
    <read><delim>\x0a</delim><match><data>..\x23\x23\x23\x23\x23\x23\x23\x23\x23\x23\x23..\x23.\x23\x23...\x23.\x23\x23.\x23..\x23\x23\x0a</data></match></read>
    <read><delim>\x0a</delim><match><data>..\x23..\x23.\x23\x23.\x23\x23.\x23\x23..\x23\x23.\x23\x23\x23\x23.\x23\x23\x23.\x23..\x0a</data></match></read>
    <read><delim>\x0a</delim><match><data>\x23\x23\x23\x23\x23\x23....\x23\x23..\x23.\x23\x23\x23.\x23\x23.\x23..\x23.\x23\x23..\x0a</data></match></read>
    <read><delim>\x0a</delim><match><data>..\x23.....\x23.\x23\x23.\x23\x23\x23\x23.\x23\x23..\x23\x23\x23\x23.\x23\x23\x23.\x23\x0a</data></match></read>
    <read><delim>\x0a</delim><match><data>\x23\x23\x23.......\x23\x23..\x23\x23...\x23..\x23\x23\x23...\x23...\x0a</data></match></read>
    <read><delim>\x0a</delim><match><data>.\x23\x23..\x23.\x23.\x23.\x23.....\x23\x23\x23.\x23.\x23.\x23.\x23..\x23\x23\x0a</data></match></read>
    <read><delim>\x0a</delim><match><data>...\x23\x23.\x23.....\x23\x23.\x23\x23.....\x23.\x23.\x23\x23\x23.\x23\x23\x0a</data></match></read>
    <read><delim>\x0a</delim><match><data>..\x23\x23.....\x23\x23\x23.\x23\x23\x23\x23.\x23\x23\x23\x23\x23\x23\x23.....\x23.\x0a</data></match></read>
    <read><delim>\x0a</delim><match><data>\x23..\x40.\x23\x23....\x23..\x23....\x23.\x23\x23\x23..\x23..\x23..\x0a</data></match></read>
    <read><delim>\x0a</delim><match><data>\x23.\x23.\x23\x23\x23\x23.\x23.\x23\x23.\x23\x23....\x23..\x23.\x23\x23\x23..\x23\x23\x0a</data></match></read>
    <read><delim>\x0a</delim><match><data>..\x23.\x23.\x23.\x23\x23..\x23.\x23\x23...\x23.\x23.\x23\x23\x23..\x23\x23\x23\x23\x0a</data></match></read>
    <read><delim>\x0a</delim><match><data>.X\x23\x23....\x23..\x23\x23\x23..\x23\x23.....\x23.\x23\x23.\x23...\x0a</data></match></read>
    <read><delim>\x0a</delim><match><data>.\x23....\x23...\x23\x23.\x23\x23......\x23...\x23...\x23.\x23\x0a</data></match></read>
    <read><delim>\x0a</delim><match><data>\x23\x23\x23\x23\x23.\x23\x23\x23\x23\x23..\x23\x23.\x23....\x23\x23..\x23\x23..\x23..\x0a</data></match></read>
    <read><delim>: </delim><match><data>: </data></match></read>
    <write><data>l\x0a</data></write>
    <read><delim>\x0a</delim><match><data>\x23.\x23.\x23.\x23\x23.\x23.\x23\x23\x23\x23\x23\x23.\x23.\x23\x23.\x23...\x23.\x23.\x23\x0a</data></match></read>
    <read><delim>\x0a</delim><match><data>.\x23...\x23...\x23..\x23\x23\x23.\x23\x23.\x23\x23.\x23\x23..\x23\x23\x23..\x23\x0a</data></match></read>
    <read><delim>\x0a</delim><match><data>..\x23\x23\x23\x23\x23\x23\x23\x23\x23\x23\x23..\x23.\x23\x23...\x23.\x23\x23.\x23..\x23\x23\x0a</data></match></read>
    <read><delim>\x0a</delim><match><data>..\x23..\x23.\x23\x23.\x23\x23.\x23\x23..\x23\x23.\x23\x23\x23\x23.\x23\x23\x23.\x23..\x0a</data></match></read>
    <read><delim>\x0a</delim><match><data>\x23\x23\x23\x23\x23\x23....\x23\x23..\x23.\x23\x23\x23.\x23\x23.\x23..\x23.\x23\x23..\x0a</data></match></read>
    <read><delim>\x0a</delim><match><data>..\x23.....\x23.\x23\x23.\x23\x23\x23\x23.\x23\x23..\x23\x23\x23\x23.\x23\x23\x23.\x23\x0a</data></match></read>
    <read><delim>\x0a</delim><match><data>\x23\x23\x23.......\x23\x23..\x23\x23...\x23..\x23\x23\x23...\x23...\x0a</data></match></read>
    <read><delim>\x0a</delim><match><data>.\x23\x23..\x23.\x23.\x23.\x23.....\x23\x23\x23.\x23.\x23.\x23.\x23..\x23\x23\x0a</data></match></read>
    <read><delim>\x0a</delim><match><data>...\x23\x23.\x23.....\x23\x23.\x23\x23.....\x23.\x23.\x23\x23\x23.\x23\x23\x0a</data></match></read>
    <read><delim>\x0a</delim><match><data>..\x23\x23.....\x23\x23\x23.\x23\x23\x23\x23.\x23\x23\x23\x23\x23\x23\x23.....\x23.\x0a</data></match></read>
    <read><delim>\x0a</delim><match><data>\x23.\x40..\x23\x23....\x23..\x23....\x23.\x23\x23\x23..\x23..\x23..\x0a</data></match></read>
    <read><delim>\x0a</delim><match><data>\x23.\x23.\x23\x23\x23\x23.\x23.\x23\x23.\x23\x23....\x23..\x23.\x23\x23\x23..\x23\x23\x0a</data></match></read>
    <read><delim>\x0a</delim><match><data>..\x23.\x23.\x23.\x23\x23..\x23.\x23\x23...\x23.\x23.\x23\x23\x23..\x23\x23\x23\x23\x0a</data></match></read>
    <read><delim>\x0a</delim><match><data>.X\x23\x23....\x23..\x23\x23\x23..\x23\x23.....\x23.\x23\x23.\x23...\x0a</data></match></read>
    <read><delim>\x0a</delim><match><data>.\x23....\x23...\x23\x23.\x23\x23......\x23...\x23...\x23.\x23\x0a</data></match></read>
    <read><delim>\x0a</delim><match><data>\x23\x23\x23\x23\x23.\x23\x23\x23\x23\x23..\x23\x23.\x23....\x23\x23..\x23\x23..\x23..\x0a</data></match></read>
    <read><delim>: </delim><match><data>: </data></match></read>
    <write><data>l\x0a</data></write>
    <read><delim>\x0a</delim><match><data>\x23.\x23.\x23.\x23\x23.\x23.\x23\x23\x23\x23\x23\x23.\x23.\x23\x23.\x23...\x23.\x23.\x23\x0a</data></match></read>
    <read><delim>\x0a</delim><match><data>.\x23...\x23...\x23..\x23\x23\x23.\x23\x23.\x23\x23.\x23\x23..\x23\x23\x23..\x23\x0a</data></match></read>
    <read><delim>\x0a</delim><match><data>..\x23\x23\x23\x23\x23\x23\x23\x23\x23\x23\x23..\x23.\x23\x23...\x23.\x23\x23.\x23..\x23\x23\x0a</data></match></read>
    <read><delim>\x0a</delim><match><data>..\x23..\x23.\x23\x23.\x23\x23.\x23\x23..\x23\x23.\x23\x23\x23\x23.\x23\x23\x23.\x23..\x0a</data></match></read>
    <read><delim>\x0a</delim><match><data>\x23\x23\x23\x23\x23\x23....\x23\x23..\x23.\x23\x23\x23.\x23\x23.\x23..\x23.\x23\x23..\x0a</data></match></read>
    <read><delim>\x0a</delim><match><data>..\x23.....\x23.\x23\x23.\x23\x23\x23\x23.\x23\x23..\x23\x23\x23\x23.\x23\x23\x23.\x23\x0a</data></match></read>
    <read><delim>\x0a</delim><match><data>\x23\x23\x23.......\x23\x23..\x23\x23...\x23..\x23\x23\x23...\x23...\x0a</data></match></read>
    <read><delim>\x0a</delim><match><data>.\x23\x23..\x23.\x23.\x23.\x23.....\x23\x23\x23.\x23.\x23.\x23.\x23..\x23\x23\x0a</data></match></read>
    <read><delim>\x0a</delim><match><data>...\x23\x23.\x23.....\x23\x23.\x23\x23.....\x23.\x23.\x23\x23\x23.\x23\x23\x0a</data></match></read>
    <read><delim>\x0a</delim><match><data>..\x23\x23.....\x23\x23\x23.\x23\x23\x23\x23.\x23\x23\x23\x23\x23\x23\x23.....\x23.\x0a</data></match></read>
    <read><delim>\x0a</delim><match><data>\x23\x40...\x23\x23....\x23..\x23....\x23.\x23\x23\x23..\x23..\x23..\x0a</data></match></read>
    <read><delim>\x0a</delim><match><data>\x23.\x23.\x23\x23\x23\x23.\x23.\x23\x23.\x23\x23....\x23..\x23.\x23\x23\x23..\x23\x23\x0a</data></match></read>
    <read><delim>\x0a</delim><match><data>..\x23.\x23.\x23.\x23\x23..\x23.\x23\x23...\x23.\x23.\x23\x23\x23..\x23\x23\x23\x23\x0a</data></match></read>
    <read><delim>\x0a</delim><match><data>.X\x23\x23....\x23..\x23\x23\x23..\x23\x23.....\x23.\x23\x23.\x23...\x0a</data></match></read>
    <read><delim>\x0a</delim><match><data>.\x23....\x23...\x23\x23.\x23\x23......\x23...\x23...\x23.\x23\x0a</data></match></read>
    <read><delim>\x0a</delim><match><data>\x23\x23\x23\x23\x23.\x23\x23\x23\x23\x23..\x23\x23.\x23....\x23\x23..\x23\x23..\x23..\x0a</data></match></read>
    <read><delim>: </delim><match><data>: </data></match></read>
    <write><data>d\x0a</data></write>
    <read><delim>\x0a</delim><match><data>\x23.\x23.\x23.\x23\x23.\x23.\x23\x23\x23\x23\x23\x23.\x23.\x23\x23.\x23...\x23.\x23.\x23\x0a</data></match></read>
    <read><delim>\x0a</delim><match><data>.\x23...\x23...\x23..\x23\x23\x23.\x23\x23.\x23\x23.\x23\x23..\x23\x23\x23..\x23\x0a</data></match></read>
    <read><delim>\x0a</delim><match><data>..\x23\x23\x23\x23\x23\x23\x23\x23\x23\x23\x23..\x23.\x23\x23...\x23.\x23\x23.\x23..\x23\x23\x0a</data></match></read>
    <read><delim>\x0a</delim><match><data>..\x23..\x23.\x23\x23.\x23\x23.\x23\x23..\x23\x23.\x23\x23\x23\x23.\x23\x23\x23.\x23..\x0a</data></match></read>
    <read><delim>\x0a</delim><match><data>\x23\x23\x23\x23\x23\x23....\x23\x23..\x23.\x23\x23\x23.\x23\x23.\x23..\x23.\x23\x23..\x0a</data></match></read>
    <read><delim>\x0a</delim><match><data>..\x23.....\x23.\x23\x23.\x23\x23\x23\x23.\x23\x23..\x23\x23\x23\x23.\x23\x23\x23.\x23\x0a</data></match></read>
    <read><delim>\x0a</delim><match><data>\x23\x23\x23.......\x23\x23..\x23\x23...\x23..\x23\x23\x23...\x23...\x0a</data></match></read>
    <read><delim>\x0a</delim><match><data>.\x23\x23..\x23.\x23.\x23.\x23.....\x23\x23\x23.\x23.\x23.\x23.\x23..\x23\x23\x0a</data></match></read>
    <read><delim>\x0a</delim><match><data>...\x23\x23.\x23.....\x23\x23.\x23\x23.....\x23.\x23.\x23\x23\x23.\x23\x23\x0a</data></match></read>
    <read><delim>\x0a</delim><match><data>..\x23\x23.....\x23\x23\x23.\x23\x23\x23\x23.\x23\x23\x23\x23\x23\x23\x23.....\x23.\x0a</data></match></read>
    <read><delim>\x0a</delim><match><data>\x23....\x23\x23....\x23..\x23....\x23.\x23\x23\x23..\x23..\x23..\x0a</data></match></read>
    <read><delim>\x0a</delim><match><data>\x23\x40\x23.\x23\x23\x23\x23.\x23.\x23\x23.\x23\x23....\x23..\x23.\x23\x23\x23..\x23\x23\x0a</data></match></read>
    <read><delim>\x0a</delim><match><data>..\x23.\x23.\x23.\x23\x23..\x23.\x23\x23...\x23.\x23.\x23\x23\x23..\x23\x23\x23\x23\x0a</data></match></read>
    <read><delim>\x0a</delim><match><data>.X\x23\x23....\x23..\x23\x23\x23..\x23\x23.....\x23.\x23\x23.\x23...\x0a</data></match></read>
    <read><delim>\x0a</delim><match><data>.\x23....\x23...\x23\x23.\x23\x23......\x23...\x23...\x23.\x23\x0a</data></match></read>
    <read><delim>\x0a</delim><match><data>\x23\x23\x23\x23\x23.\x23\x23\x23\x23\x23..\x23\x23.\x23....\x23\x23..\x23\x23..\x23..\x0a</data></match></read>
    <read><delim>: </delim><match><data>: </data></match></read>
    <write><data>d\x0a</data></write>
    <read><delim>\x0a</delim><match><data>\x23.\x23.\x23.\x23\x23.\x23.\x23\x23\x23\x23\x23\x23.\x23.\x23\x23.\x23...\x23.\x23.\x23\x0a</data></match></read>
    <read><delim>\x0a</delim><match><data>.\x23...\x23...\x23..\x23\x23\x23.\x23\x23.\x23\x23.\x23\x23..\x23\x23\x23..\x23\x0a</data></match></read>
    <read><delim>\x0a</delim><match><data>..\x23\x23\x23\x23\x23\x23\x23\x23\x23\x23\x23..\x23.\x23\x23...\x23.\x23\x23.\x23..\x23\x23\x0a</data></match></read>
    <read><delim>\x0a</delim><match><data>..\x23..\x23.\x23\x23.\x23\x23.\x23\x23..\x23\x23.\x23\x23\x23\x23.\x23\x23\x23.\x23..\x0a</data></match></read>
    <read><delim>\x0a</delim><match><data>\x23\x23\x23\x23\x23\x23....\x23\x23..\x23.\x23\x23\x23.\x23\x23.\x23..\x23.\x23\x23..\x0a</data></match></read>
    <read><delim>\x0a</delim><match><data>..\x23.....\x23.\x23\x23.\x23\x23\x23\x23.\x23\x23..\x23\x23\x23\x23.\x23\x23\x23.\x23\x0a</data></match></read>
    <read><delim>\x0a</delim><match><data>\x23\x23\x23.......\x23\x23..\x23\x23...\x23..\x23\x23\x23...\x23...\x0a</data></match></read>
    <read><delim>\x0a</delim><match><data>.\x23\x23..\x23.\x23.\x23.\x23.....\x23\x23\x23.\x23.\x23.\x23.\x23..\x23\x23\x0a</data></match></read>
    <read><delim>\x0a</delim><match><data>...\x23\x23.\x23.....\x23\x23.\x23\x23.....\x23.\x23.\x23\x23\x23.\x23\x23\x0a</data></match></read>
    <read><delim>\x0a</delim><match><data>..\x23\x23.....\x23\x23\x23.\x23\x23\x23\x23.\x23\x23\x23\x23\x23\x23\x23.....\x23.\x0a</data></match></read>
    <read><delim>\x0a</delim><match><data>\x23....\x23\x23....\x23..\x23....\x23.\x23\x23\x23..\x23..\x23..\x0a</data></match></read>
    <read><delim>\x0a</delim><match><data>\x23.\x23.\x23\x23\x23\x23.\x23.\x23\x23.\x23\x23....\x23..\x23.\x23\x23\x23..\x23\x23\x0a</data></match></read>
    <read><delim>\x0a</delim><match><data>.\x40\x23.\x23.\x23.\x23\x23..\x23.\x23\x23...\x23.\x23.\x23\x23\x23..\x23\x23\x23\x23\x0a</data></match></read>
    <read><delim>\x0a</delim><match><data>.X\x23\x23....\x23..\x23\x23\x23..\x23\x23.....\x23.\x23\x23.\x23...\x0a</data></match></read>
    <read><delim>\x0a</delim><match><data>.\x23....\x23...\x23\x23.\x23\x23......\x23...\x23...\x23.\x23\x0a</data></match></read>
    <read><delim>\x0a</delim><match><data>\x23\x23\x23\x23\x23.\x23\x23\x23\x23\x23..\x23\x23.\x23....\x23\x23..\x23\x23..\x23..\x0a</data></match></read>
    <read><delim>: </delim><match><data>: </data></match></read>
    <write><data>d\x0a</data></write>
    <read><delim>\x0a</delim><match><data>\x23.\x23.\x23.\x23\x23.\x23.\x23\x23\x23\x23\x23\x23.\x23.\x23\x23.\x23...\x23.\x23.\x23\x0a</data></match></read>
    <read><delim>\x0a</delim><match><data>.\x23...\x23...\x23..\x23\x23\x23.\x23\x23.\x23\x23.\x23\x23..\x23\x23\x23..\x23\x0a</data></match></read>
    <read><delim>\x0a</delim><match><data>..\x23\x23\x23\x23\x23\x23\x23\x23\x23\x23\x23..\x23.\x23\x23...\x23.\x23\x23.\x23..\x23\x23\x0a</data></match></read>
    <read><delim>\x0a</delim><match><data>..\x23..\x23.\x23\x23.\x23\x23.\x23\x23..\x23\x23.\x23\x23\x23\x23.\x23\x23\x23.\x23..\x0a</data></match></read>
    <read><delim>\x0a</delim><match><data>\x23\x23\x23\x23\x23\x23....\x23\x23..\x23.\x23\x23\x23.\x23\x23.\x23..\x23.\x23\x23..\x0a</data></match></read>
    <read><delim>\x0a</delim><match><data>..\x23.....\x23.\x23\x23.\x23\x23\x23\x23.\x23\x23..\x23\x23\x23\x23.\x23\x23\x23.\x23\x0a</data></match></read>
    <read><delim>\x0a</delim><match><data>\x23\x23\x23.......\x23\x23..\x23\x23...\x23..\x23\x23\x23...\x23...\x0a</data></match></read>
    <read><delim>\x0a</delim><match><data>.\x23\x23..\x23.\x23.\x23.\x23.....\x23\x23\x23.\x23.\x23.\x23.\x23..\x23\x23\x0a</data></match></read>
    <read><delim>\x0a</delim><match><data>...\x23\x23.\x23.....\x23\x23.\x23\x23.....\x23.\x23.\x23\x23\x23.\x23\x23\x0a</data></match></read>
    <read><delim>\x0a</delim><match><data>..\x23\x23.....\x23\x23\x23.\x23\x23\x23\x23.\x23\x23\x23\x23\x23\x23\x23.....\x23.\x0a</data></match></read>
    <read><delim>\x0a</delim><match><data>\x23....\x23\x23....\x23..\x23....\x23.\x23\x23\x23..\x23..\x23..\x0a</data></match></read>
    <read><delim>\x0a</delim><match><data>\x23.\x23.\x23\x23\x23\x23.\x23.\x23\x23.\x23\x23....\x23..\x23.\x23\x23\x23..\x23\x23\x0a</data></match></read>
    <read><delim>\x0a</delim><match><data>..\x23.\x23.\x23.\x23\x23..\x23.\x23\x23...\x23.\x23.\x23\x23\x23..\x23\x23\x23\x23\x0a</data></match></read>
    <read><delim>\x0a</delim><match><data>.\x40\x23\x23....\x23..\x23\x23\x23..\x23\x23.....\x23.\x23\x23.\x23...\x0a</data></match></read>
    <read><delim>\x0a</delim><match><data>.\x23....\x23...\x23\x23.\x23\x23......\x23...\x23...\x23.\x23\x0a</data></match></read>
    <read><delim>\x0a</delim><match><data>\x23\x23\x23\x23\x23.\x23\x23\x23\x23\x23..\x23\x23.\x23....\x23\x23..\x23\x23..\x23..\x0a</data></match></read>
    <read><delim>\x0a</delim><match><data>reached the end\x0a</data></match></read>
    <read><delim>UN\x0a</delim><match><data>\x0aDUN DUN DUUUUUUUUUUUUUUN\x0a</data></match></read>
    <read><delim>\x0a\x0a</delim><match><data>You have reached the boss!!!!!\x0a\x0a</data></match></read>
    <read><delim>\x0a</delim><match><data>\x09Type: Aldaren Cevelt\x0a</data></match></read>
    <read><delim>\x0a</delim><match><data>\x09Level: 4\x0a</data></match></read>
    <read><delim>\x0a</delim><match><data>\x09Health: 12\x0a</data></match></read>
    <read><delim>\x0a</delim><match><data>\x09Hit Points: 12\x0a</data></match></read>
    <read><delim>\x0a\x0a</delim><match><data>\x09Power: 5\x0a\x0a</data></match></read>
    <read><delim>\x0a</delim><match><data>Monsters: \x0a</data></match></read>
    <read><delim>\x0a</delim><match><data>\x091\x7d \x0a</data></match></read>
    <read><delim>\x0a</delim><match><data>\x09Type: Trolling Captain\x0a</data></match></read>
    <read><delim>\x0a</delim><match><data>\x09Level: 1\x0a</data></match></read>
    <read><delim>\x0a</delim><match><data>\x09Health: 10\x0a</data></match></read>
    <read><delim>\x0a\x0a</delim><match><data>\x09Power: 2\x0a\x0a</data></match></read>
    <read><delim>\x0a</delim><match><data>\x092\x7d \x0a</data></match></read>
    <read><delim>\x0a</delim><match><data>\x09Type: Safize Ixen\x0a</data></match></read>
    <read><delim>\x0a</delim><match><data>\x09Level: 1\x0a</data></match></read>
    <read><delim>\x0a</delim><match><data>\x09Health: 6\x0a</data></match></read>
    <read><delim>\x0a\x0a</delim><match><data>\x09Power: 4\x0a\x0a</data></match></read>
    <read><delim>\x0a</delim><match><data>\x093\x7d \x0a</data></match></read>
    <read><delim>\x0a</delim><match><data>\x09Type: Itchy Eagle\x0a</data></match></read>
    <read><delim>\x0a</delim><match><data>\x09Level: 1\x0a</data></match></read>
    <read><delim>\x0a</delim><match><data>\x09Health: 8\x0a</data></match></read>
    <read><delim>\x0a\x0a</delim><match><data>\x09Power: 3\x0a\x0a</data></match></read>
    <read><delim>: </delim><match><data>Selection: </data></match></read>
    <write><data>1\x0a</data></write>
    <read><delim>\x0a</delim><match><data>You hit for 0. 12 left\x0a</data></match></read>
    <read><delim>\x0a</delim><match><data>Aldaren Cevelt hits Trolling Captain for 2\x0a</data></match></read>
    <read><delim>\x0a</delim><match><data>Monsters: \x0a</data></match></read>
    <read><delim>\x0a</delim><match><data>\x091\x7d \x0a</data></match></read>
    <read><delim>\x0a</delim><match><data>\x09Type: Trolling Captain\x0a</data></match></read>
    <read><delim>\x0a</delim><match><data>\x09Level: 1\x0a</data></match></read>
    <read><delim>\x0a</delim><match><data>\x09Health: 8\x0a</data></match></read>
    <read><delim>\x0a\x0a</delim><match><data>\x09Power: 2\x0a\x0a</data></match></read>
    <read><delim>\x0a</delim><match><data>\x092\x7d \x0a</data></match></read>
    <read><delim>\x0a</delim><match><data>\x09Type: Safize Ixen\x0a</data></match></read>
    <read><delim>\x0a</delim><match><data>\x09Level: 1\x0a</data></match></read>
    <read><delim>\x0a</delim><match><data>\x09Health: 6\x0a</data></match></read>
    <read><delim>\x0a\x0a</delim><match><data>\x09Power: 4\x0a\x0a</data></match></read>
    <read><delim>\x0a</delim><match><data>\x093\x7d \x0a</data></match></read>
    <read><delim>\x0a</delim><match><data>\x09Type: Itchy Eagle\x0a</data></match></read>
    <read><delim>\x0a</delim><match><data>\x09Level: 1\x0a</data></match></read>
    <read><delim>\x0a</delim><match><data>\x09Health: 8\x0a</data></match></read>
    <read><delim>\x0a\x0a</delim><match><data>\x09Power: 3\x0a\x0a</data></match></read>
    <read><delim>: </delim><match><data>Selection: </data></match></read>
    <write><data>1\x0a</data></write>
    <read><delim>\x0a</delim><match><data>You hit for 0. 12 left\x0a</data></match></read>
    <read><delim>\x0a</delim><match><data>Aldaren Cevelt hits Trolling Captain for 3\x0a</data></match></read>
    <read><delim>\x0a</delim><match><data>Monsters: \x0a</data></match></read>
    <read><delim>\x0a</delim><match><data>\x091\x7d \x0a</data></match></read>
    <read><delim>\x0a</delim><match><data>\x09Type: Trolling Captain\x0a</data></match></read>
    <read><delim>\x0a</delim><match><data>\x09Level: 1\x0a</data></match></read>
    <read><delim>\x0a</delim><match><data>\x09Health: 5\x0a</data></match></read>
    <read><delim>\x0a\x0a</delim><match><data>\x09Power: 2\x0a\x0a</data></match></read>
    <read><delim>\x0a</delim><match><data>\x092\x7d \x0a</data></match></read>
    <read><delim>\x0a</delim><match><data>\x09Type: Safize Ixen\x0a</data></match></read>
    <read><delim>\x0a</delim><match><data>\x09Level: 1\x0a</data></match></read>
    <read><delim>\x0a</delim><match><data>\x09Health: 6\x0a</data></match></read>
    <read><delim>\x0a\x0a</delim><match><data>\x09Power: 4\x0a\x0a</data></match></read>
    <read><delim>\x0a</delim><match><data>\x093\x7d \x0a</data></match></read>
    <read><delim>\x0a</delim><match><data>\x09Type: Itchy Eagle\x0a</data></match></read>
    <read><delim>\x0a</delim><match><data>\x09Level: 1\x0a</data></match></read>
    <read><delim>\x0a</delim><match><data>\x09Health: 8\x0a</data></match></read>
    <read><delim>\x0a\x0a</delim><match><data>\x09Power: 3\x0a\x0a</data></match></read>
    <read><delim>: </delim><match><data>Selection: </data></match></read>
    <write><data>1\x0a</data></write>
    <read><delim>\x0a</delim><match><data>You hit for 0. 12 left\x0a</data></match></read>
    <read><delim>\x0a</delim><match><data>Aldaren Cevelt hits Trolling Captain for 1\x0a</data></match></read>
    <read><delim>\x0a</delim><match><data>Monsters: \x0a</data></match></read>
    <read><delim>\x0a</delim><match><data>\x091\x7d \x0a</data></match></read>
    <read><delim>\x0a</delim><match><data>\x09Type: Trolling Captain\x0a</data></match></read>
    <read><delim>\x0a</delim><match><data>\x09Level: 1\x0a</data></match></read>
    <read><delim>\x0a</delim><match><data>\x09Health: 4\x0a</data></match></read>
    <read><delim>\x0a\x0a</delim><match><data>\x09Power: 2\x0a\x0a</data></match></read>
    <read><delim>\x0a</delim><match><data>\x092\x7d \x0a</data></match></read>
    <read><delim>\x0a</delim><match><data>\x09Type: Safize Ixen\x0a</data></match></read>
    <read><delim>\x0a</delim><match><data>\x09Level: 1\x0a</data></match></read>
    <read><delim>\x0a</delim><match><data>\x09Health: 6\x0a</data></match></read>
    <read><delim>\x0a\x0a</delim><match><data>\x09Power: 4\x0a\x0a</data></match></read>
    <read><delim>\x0a</delim><match><data>\x093\x7d \x0a</data></match></read>
    <read><delim>\x0a</delim><match><data>\x09Type: Itchy Eagle\x0a</data></match></read>
    <read><delim>\x0a</delim><match><data>\x09Level: 1\x0a</data></match></read>
    <read><delim>\x0a</delim><match><data>\x09Health: 8\x0a</data></match></read>
    <read><delim>\x0a\x0a</delim><match><data>\x09Power: 3\x0a\x0a</data></match></read>
    <read><delim>: </delim><match><data>Selection: </data></match></read>
    <write><data>1\x0a</data></write>
    <read><delim>\x0a</delim><match><data>You hit for 0. 12 left\x0a</data></match></read>
    <read><delim>\x0a</delim><match><data>Aldaren Cevelt hits Trolling Captain for 2\x0a</data></match></read>
    <read><delim>\x0a</delim><match><data>Monsters: \x0a</data></match></read>
    <read><delim>\x0a</delim><match><data>\x091\x7d \x0a</data></match></read>
    <read><delim>\x0a</delim><match><data>\x09Type: Trolling Captain\x0a</data></match></read>
    <read><delim>\x0a</delim><match><data>\x09Level: 1\x0a</data></match></read>
    <read><delim>\x0a</delim><match><data>\x09Health: 2\x0a</data></match></read>
    <read><delim>\x0a\x0a</delim><match><data>\x09Power: 2\x0a\x0a</data></match></read>
    <read><delim>\x0a</delim><match><data>\x092\x7d \x0a</data></match></read>
    <read><delim>\x0a</delim><match><data>\x09Type: Safize Ixen\x0a</data></match></read>
    <read><delim>\x0a</delim><match><data>\x09Level: 1\x0a</data></match></read>
    <read><delim>\x0a</delim><match><data>\x09Health: 6\x0a</data></match></read>
    <read><delim>\x0a\x0a</delim><match><data>\x09Power: 4\x0a\x0a</data></match></read>
    <read><delim>\x0a</delim><match><data>\x093\x7d \x0a</data></match></read>
    <read><delim>\x0a</delim><match><data>\x09Type: Itchy Eagle\x0a</data></match></read>
    <read><delim>\x0a</delim><match><data>\x09Level: 1\x0a</data></match></read>
    <read><delim>\x0a</delim><match><data>\x09Health: 8\x0a</data></match></read>
    <read><delim>\x0a\x0a</delim><match><data>\x09Power: 3\x0a\x0a</data></match></read>
    <read><delim>: </delim><match><data>Selection: </data></match></read>
    <write><data>1\x0a</data></write>
    <read><delim>\x0a</delim><match><data>You hit for 0. 12 left\x0a</data></match></read>
    <read><delim>\x0a</delim><match><data>Aldaren Cevelt hits Trolling Captain for 4\x0a</data></match></read>
    <read><delim>\x0a</delim><match><data>Trolling Captain was knocked out\x0a</data></match></read>
    <read><delim>\x0a</delim><match><data>Monsters: \x0a</data></match></read>
    <read><delim>\x0a</delim><match><data>\x091\x7d \x0a</data></match></read>
    <read><delim>\x0a</delim><match><data>\x09Type: Trolling Captain\x0a</data></match></read>
    <read><delim>\x0a</delim><match><data>\x09Level: 1\x0a</data></match></read>
    <read><delim>\x0a</delim><match><data>\x09Health: \x2d2\x0a</data></match></read>
    <read><delim>\x0a\x0a</delim><match><data>\x09Power: 2\x0a\x0a</data></match></read>
    <read><delim>\x0a</delim><match><data>\x092\x7d \x0a</data></match></read>
    <read><delim>\x0a</delim><match><data>\x09Type: Safize Ixen\x0a</data></match></read>
    <read><delim>\x0a</delim><match><data>\x09Level: 1\x0a</data></match></read>
    <read><delim>\x0a</delim><match><data>\x09Health: 6\x0a</data></match></read>
    <read><delim>\x0a\x0a</delim><match><data>\x09Power: 4\x0a\x0a</data></match></read>
    <read><delim>\x0a</delim><match><data>\x093\x7d \x0a</data></match></read>
    <read><delim>\x0a</delim><match><data>\x09Type: Itchy Eagle\x0a</data></match></read>
    <read><delim>\x0a</delim><match><data>\x09Level: 1\x0a</data></match></read>
    <read><delim>\x0a</delim><match><data>\x09Health: 8\x0a</data></match></read>
    <read><delim>\x0a\x0a</delim><match><data>\x09Power: 3\x0a\x0a</data></match></read>
    <read><delim>: </delim><match><data>Selection: </data></match></read>
    <write><data>2\x0a</data></write>
    <read><delim>\x0a</delim><match><data>You hit for 1. 11 left\x0a</data></match></read>
    <read><delim>\x0a</delim><match><data>Aldaren Cevelt hits Safize Ixen for 1\x0a</data></match></read>
    <read><delim>\x0a</delim><match><data>Monsters: \x0a</data></match></read>
    <read><delim>\x0a</delim><match><data>\x091\x7d \x0a</data></match></read>
    <read><delim>\x0a</delim><match><data>\x09Type: Trolling Captain\x0a</data></match></read>
    <read><delim>\x0a</delim><match><data>\x09Level: 1\x0a</data></match></read>
    <read><delim>\x0a</delim><match><data>\x09Health: \x2d2\x0a</data></match></read>
    <read><delim>\x0a\x0a</delim><match><data>\x09Power: 2\x0a\x0a</data></match></read>
    <read><delim>\x0a</delim><match><data>\x092\x7d \x0a</data></match></read>
    <read><delim>\x0a</delim><match><data>\x09Type: Safize Ixen\x0a</data></match></read>
    <read><delim>\x0a</delim><match><data>\x09Level: 1\x0a</data></match></read>
    <read><delim>\x0a</delim><match><data>\x09Health: 5\x0a</data></match></read>
    <read><delim>\x0a\x0a</delim><match><data>\x09Power: 4\x0a\x0a</data></match></read>
    <read><delim>\x0a</delim><match><data>\x093\x7d \x0a</data></match></read>
    <read><delim>\x0a</delim><match><data>\x09Type: Itchy Eagle\x0a</data></match></read>
    <read><delim>\x0a</delim><match><data>\x09Level: 1\x0a</data></match></read>
    <read><delim>\x0a</delim><match><data>\x09Health: 8\x0a</data></match></read>
    <read><delim>\x0a\x0a</delim><match><data>\x09Power: 3\x0a\x0a</data></match></read>
    <read><delim>: </delim><match><data>Selection: </data></match></read>
    <write><data>2\x0a</data></write>
    <read><delim>\x0a</delim><match><data>You hit for 3. 8 left\x0a</data></match></read>
    <read><delim>\x0a</delim><match><data>Aldaren Cevelt hits Safize Ixen for 3\x0a</data></match></read>
    <read><delim>\x0a</delim><match><data>Monsters: \x0a</data></match></read>
    <read><delim>\x0a</delim><match><data>\x091\x7d \x0a</data></match></read>
    <read><delim>\x0a</delim><match><data>\x09Type: Trolling Captain\x0a</data></match></read>
    <read><delim>\x0a</delim><match><data>\x09Level: 1\x0a</data></match></read>
    <read><delim>\x0a</delim><match><data>\x09Health: \x2d2\x0a</data></match></read>
    <read><delim>\x0a\x0a</delim><match><data>\x09Power: 2\x0a\x0a</data></match></read>
    <read><delim>\x0a</delim><match><data>\x092\x7d \x0a</data></match></read>
    <read><delim>\x0a</delim><match><data>\x09Type: Safize Ixen\x0a</data></match></read>
    <read><delim>\x0a</delim><match><data>\x09Level: 1\x0a</data></match></read>
    <read><delim>\x0a</delim><match><data>\x09Health: 2\x0a</data></match></read>
    <read><delim>\x0a\x0a</delim><match><data>\x09Power: 4\x0a\x0a</data></match></read>
    <read><delim>\x0a</delim><match><data>\x093\x7d \x0a</data></match></read>
    <read><delim>\x0a</delim><match><data>\x09Type: Itchy Eagle\x0a</data></match></read>
    <read><delim>\x0a</delim><match><data>\x09Level: 1\x0a</data></match></read>
    <read><delim>\x0a</delim><match><data>\x09Health: 8\x0a</data></match></read>
    <read><delim>\x0a\x0a</delim><match><data>\x09Power: 3\x0a\x0a</data></match></read>
    <read><delim>: </delim><match><data>Selection: </data></match></read>
    <write><data>2\x0a</data></write>
    <read><delim>\x0a</delim><match><data>You hit for 3. 5 left\x0a</data></match></read>
    <read><delim>\x0a</delim><match><data>Aldaren Cevelt hits Safize Ixen for 1\x0a</data></match></read>
    <read><delim>\x0a</delim><match><data>Monsters: \x0a</data></match></read>
    <read><delim>\x0a</delim><match><data>\x091\x7d \x0a</data></match></read>
    <read><delim>\x0a</delim><match><data>\x09Type: Trolling Captain\x0a</data></match></read>
    <read><delim>\x0a</delim><match><data>\x09Level: 1\x0a</data></match></read>
    <read><delim>\x0a</delim><match><data>\x09Health: \x2d2\x0a</data></match></read>
    <read><delim>\x0a\x0a</delim><match><data>\x09Power: 2\x0a\x0a</data></match></read>
    <read><delim>\x0a</delim><match><data>\x092\x7d \x0a</data></match></read>
    <read><delim>\x0a</delim><match><data>\x09Type: Safize Ixen\x0a</data></match></read>
    <read><delim>\x0a</delim><match><data>\x09Level: 1\x0a</data></match></read>
    <read><delim>\x0a</delim><match><data>\x09Health: 1\x0a</data></match></read>
    <read><delim>\x0a\x0a</delim><match><data>\x09Power: 4\x0a\x0a</data></match></read>
    <read><delim>\x0a</delim><match><data>\x093\x7d \x0a</data></match></read>
    <read><delim>\x0a</delim><match><data>\x09Type: Itchy Eagle\x0a</data></match></read>
    <read><delim>\x0a</delim><match><data>\x09Level: 1\x0a</data></match></read>
    <read><delim>\x0a</delim><match><data>\x09Health: 8\x0a</data></match></read>
    <read><delim>\x0a\x0a</delim><match><data>\x09Power: 3\x0a\x0a</data></match></read>
    <read><delim>: </delim><match><data>Selection: </data></match></read>
    <write><data>2\x0a</data></write>
    <read><delim>\x0a</delim><match><data>You hit for 2. 3 left\x0a</data></match></read>
    <read><delim>\x0a</delim><match><data>Aldaren Cevelt hits Safize Ixen for 1\x0a</data></match></read>
    <read><delim>\x0a</delim><match><data>Safize Ixen was knocked out\x0a</data></match></read>
    <read><delim>\x0a</delim><match><data>Monsters: \x0a</data></match></read>
    <read><delim>\x0a</delim><match><data>\x091\x7d \x0a</data></match></read>
    <read><delim>\x0a</delim><match><data>\x09Type: Trolling Captain\x0a</data></match></read>
    <read><delim>\x0a</delim><match><data>\x09Level: 1\x0a</data></match></read>
    <read><delim>\x0a</delim><match><data>\x09Health: \x2d2\x0a</data></match></read>
    <read><delim>\x0a\x0a</delim><match><data>\x09Power: 2\x0a\x0a</data></match></read>
    <read><delim>\x0a</delim><match><data>\x092\x7d \x0a</data></match></read>
    <read><delim>\x0a</delim><match><data>\x09Type: Safize Ixen\x0a</data></match></read>
    <read><delim>\x0a</delim><match><data>\x09Level: 1\x0a</data></match></read>
    <read><delim>\x0a</delim><match><data>\x09Health: 0\x0a</data></match></read>
    <read><delim>\x0a\x0a</delim><match><data>\x09Power: 4\x0a\x0a</data></match></read>
    <read><delim>\x0a</delim><match><data>\x093\x7d \x0a</data></match></read>
    <read><delim>\x0a</delim><match><data>\x09Type: Itchy Eagle\x0a</data></match></read>
    <read><delim>\x0a</delim><match><data>\x09Level: 1\x0a</data></match></read>
    <read><delim>\x0a</delim><match><data>\x09Health: 8\x0a</data></match></read>
    <read><delim>\x0a\x0a</delim><match><data>\x09Power: 3\x0a\x0a</data></match></read>
    <read><delim>: </delim><match><data>Selection: </data></match></read>
    <write><data>3\x0a</data></write>
    <read><delim>\x0a</delim><match><data>You hit for 0. 3 left\x0a</data></match></read>
    <read><delim>\x0a</delim><match><data>Aldaren Cevelt hits Itchy Eagle for 2\x0a</data></match></read>
    <read><delim>\x0a</delim><match><data>Monsters: \x0a</data></match></read>
    <read><delim>\x0a</delim><match><data>\x091\x7d \x0a</data></match></read>
    <read><delim>\x0a</delim><match><data>\x09Type: Trolling Captain\x0a</data></match></read>
    <read><delim>\x0a</delim><match><data>\x09Level: 1\x0a</data></match></read>
    <read><delim>\x0a</delim><match><data>\x09Health: \x2d2\x0a</data></match></read>
    <read><delim>\x0a\x0a</delim><match><data>\x09Power: 2\x0a\x0a</data></match></read>
    <read><delim>\x0a</delim><match><data>\x092\x7d \x0a</data></match></read>
    <read><delim>\x0a</delim><match><data>\x09Type: Safize Ixen\x0a</data></match></read>
    <read><delim>\x0a</delim><match><data>\x09Level: 1\x0a</data></match></read>
    <read><delim>\x0a</delim><match><data>\x09Health: 0\x0a</data></match></read>
    <read><delim>\x0a\x0a</delim><match><data>\x09Power: 4\x0a\x0a</data></match></read>
    <read><delim>\x0a</delim><match><data>\x093\x7d \x0a</data></match></read>
    <read><delim>\x0a</delim><match><data>\x09Type: Itchy Eagle\x0a</data></match></read>
    <read><delim>\x0a</delim><match><data>\x09Level: 1\x0a</data></match></read>
    <read><delim>\x0a</delim><match><data>\x09Health: 6\x0a</data></match></read>
    <read><delim>\x0a\x0a</delim><match><data>\x09Power: 3\x0a\x0a</data></match></read>
    <read><delim>: </delim><match><data>Selection: </data></match></read>
    <write><data>3\x0a</data></write>
    <read><delim>\x0a</delim><match><data>You hit for 2. 1 left\x0a</data></match></read>
    <read><delim>\x0a</delim><match><data>Aldaren Cevelt hits Itchy Eagle for 0\x0a</data></match></read>
    <read><delim>\x0a</delim><match><data>Monsters: \x0a</data></match></read>
    <read><delim>\x0a</delim><match><data>\x091\x7d \x0a</data></match></read>
    <read><delim>\x0a</delim><match><data>\x09Type: Trolling Captain\x0a</data></match></read>
    <read><delim>\x0a</delim><match><data>\x09Level: 1\x0a</data></match></read>
    <read><delim>\x0a</delim><match><data>\x09Health: \x2d2\x0a</data></match></read>
    <read><delim>\x0a\x0a</delim><match><data>\x09Power: 2\x0a\x0a</data></match></read>
    <read><delim>\x0a</delim><match><data>\x092\x7d \x0a</data></match></read>
    <read><delim>\x0a</delim><match><data>\x09Type: Safize Ixen\x0a</data></match></read>
    <read><delim>\x0a</delim><match><data>\x09Level: 1\x0a</data></match></read>
    <read><delim>\x0a</delim><match><data>\x09Health: 0\x0a</data></match></read>
    <read><delim>\x0a\x0a</delim><match><data>\x09Power: 4\x0a\x0a</data></match></read>
    <read><delim>\x0a</delim><match><data>\x093\x7d \x0a</data></match></read>
    <read><delim>\x0a</delim><match><data>\x09Type: Itchy Eagle\x0a</data></match></read>
    <read><delim>\x0a</delim><match><data>\x09Level: 1\x0a</data></match></read>
    <read><delim>\x0a</delim><match><data>\x09Health: 6\x0a</data></match></read>
    <read><delim>\x0a\x0a</delim><match><data>\x09Power: 3\x0a\x0a</data></match></read>
    <read><delim>: </delim><match><data>Selection: </data></match></read>
    <write><data>3\x0a</data></write>
    <read><delim>\x0a</delim><match><data>You hit for 2. \x2d1 left\x0a</data></match></read>
    <read><delim>\x0a</delim><match><data>You destroyed the boss!!!!\x0a</data></match></read>
    <read><delim>: </delim><match><data>capture monster? \x28y\x5cn\x29: </data></match></read>
    <write><data>y\x0a</data></write>
    <read><delim>: </delim><match><data>update boss name? \x28y\x5cn\x29: </data></match></read>
    <write><data>n\x0a</data></write>
    <read><delim>\x0a</delim><match><data>You won!!!\x0a</data></match></read>
</replay>
</pov>