<?xml version="1.0" standalone="no" ?>
<!DOCTYPE pov SYSTEM "/usr/share/cgc-docs/replay.dtd">
<pov>
<cbid>service</cbid>
<seed>866dc751bb7243b690cff500bd4fb68ab94f396b078471e6f5b47143a9490bd2ecc658760b9a56ce9304f36f3b12fdf1</seed>
<replay>
    <delay>50</delay>
    <read><delim>\x0a</delim><match><data>Shall we play a game?\x0a</data></match></read>
    <read><delim>\x0a</delim><match><data>\x0a</data></match></read>
    <read><delim>\x0a</delim><match><data>1. Hugman\x0a</data></match></read>
    <read><delim>\x0a</delim><match><data>2. Chess\x0a</data></match></read>
    <read><delim>\x0a</delim><match><data>3. Sudoku\x0a</data></match></read>
    <read><delim>\x0a</delim><match><data>4. Gallon Challenge\x0a</data></match></read>
    <read><delim>\x0a</delim><match><data>5. Safari Zone\x0a</data></match></read>
    <read><delim>\x0a</delim><match><data>6. Chance of Survival\x0a</data></match></read>
    <read><delim>\x0a</delim><match><data>7. Lesson in Futility\x0a</data></match></read>
    <read><delim>\x0a</delim><match><data>8. Quit\x0a</data></match></read>
    <read><delim>\x0a</delim><match><data>\x0a</data></match></read>
    <write><data>8\x0a</data></write>
</replay>
</pov>