<?xml version="1.0" standalone="no" ?>
<!DOCTYPE pov SYSTEM "/usr/share/cgc-docs/replay.dtd">
<pov>
<cbid>service</cbid>
<seed>cc17a3f9dcca0134ec224c444df12c893014b646c0908bdc151cc5d1c2711fb2ff830061b2738577237e32e18b6942d6</seed>
<replay>
    <delay>50</delay>
    <read><delim>\x0a</delim><match><data>Shall we play a game?\x0a</data></match></read>
    <read><delim>\x0a</delim><match><data>\x0a</data></match></read>
    <read><delim>\x0a</delim><match><data>1. Hugman\x0a</data></match></read>
    <read><delim>\x0a</delim><match><data>2. Chess\x0a</data></match></read>
    <read><delim>\x0a</delim><match><data>3. Sudoku\x0a</data></match></read>
    <read><delim>\x0a</delim><match><data>4. Gallon Challenge\x0a</data></match></read>
    <read><delim>\x0a</delim><match><data>5. Safari Zone\x0a</data></match></read>
    <read><delim>\x0a</delim><match><data>6. Chance of Survival\x0a</data></match></read>
    <read><delim>\x0a</delim><match><data>7. Lesson in Futility\x0a</data></match></read>
    <read><delim>\x0a</delim><match><data>8. Quit\x0a</data></match></read>
    <read><delim>\x0a</delim><match><data>\x0a</data></match></read>
    <write><data>2\x0a</data></write>
    <read><delim>\x0a</delim><match><data>Welcome to chessmaster 0x8000\x2c enter your board:\x0a</data></match></read>
    <write><data>        \x0a        \x0a        \x0a        \x0a        \x0a  k     \x0a        \x0a        \x0a</data></write>
    <read><delim>\x0a</delim><match><data>Muahhaha\x2c I move to c6c7\x0a</data></match></read>
    <read><delim>\x0a</delim><match><data>Shall we play a game?\x0a</data></match></read>
    <read><delim>\x0a</delim><match><data>\x0a</data></match></read>
    <read><delim>\x0a</delim><match><data>1. Hugman\x0a</data></match></read>
    <read><delim>\x0a</delim><match><data>2. Chess\x0a</data></match></read>
    <read><delim>\x0a</delim><match><data>3. Sudoku\x0a</data></match></read>
    <read><delim>\x0a</delim><match><data>4. Gallon Challenge\x0a</data></match></read>
    <read><delim>\x0a</delim><match><data>5. Safari Zone\x0a</data></match></read>
    <read><delim>\x0a</delim><match><data>6. Chance of Survival\x0a</data></match></read>
    <read><delim>\x0a</delim><match><data>7. Lesson in Futility\x0a</data></match></read>
    <read><delim>\x0a</delim><match><data>8. Quit\x0a</data></match></read>
    <read><delim>\x0a</delim><match><data>\x0a</data></match></read>
    <write><data>8\x0a</data></write>
</replay>
</pov>