<?xml version="1.0" standalone="no" ?>
<!DOCTYPE pov SYSTEM "/usr/share/cgc-docs/replay.dtd">
<pov>
<cbid>service</cbid>
<seed>6dccd308b2957818fa057c98e64b290f0fe9c74ab496eaacd2d32a09277f8038d7c9b4559047f3a2bc9d1482686d0130</seed>
<replay>
    <delay>50</delay>
    <read><delim>\x0a</delim><match><data>Shall we play a game?\x0a</data></match></read>
    <read><delim>\x0a</delim><match><data>\x0a</data></match></read>
    <read><delim>\x0a</delim><match><data>1. Hugman\x0a</data></match></read>
    <read><delim>\x0a</delim><match><data>2. Chess\x0a</data></match></read>
    <read><delim>\x0a</delim><match><data>3. Sudoku\x0a</data></match></read>
    <read><delim>\x0a</delim><match><data>4. Gallon Challenge\x0a</data></match></read>
    <read><delim>\x0a</delim><match><data>5. Safari Zone\x0a</data></match></read>
    <read><delim>\x0a</delim><match><data>6. Chance of Survival\x0a</data></match></read>
    <read><delim>\x0a</delim><match><data>7. Lesson in Futility\x0a</data></match></read>
    <read><delim>\x0a</delim><match><data>8. Quit\x0a</data></match></read>
    <read><delim>\x0a</delim><match><data>\x0a</data></match></read>
    <write><data>1\x0a</data></write>
    <read><delim>\x0a</delim><match><pcre>                     --------
</pcre></match></read>
    <read><delim>\x0a</delim><match><pcre>                     |      |
</pcre></match></read>
    <read><delim>\x0a</delim><match><pcre>                     .      |
</pcre></match></read>
    <read><delim>\x0a</delim><match><pcre>                    ...     |
</pcre></match></read>
    <read><delim>\x0a</delim><match><pcre>                     .      |
</pcre></match></read>
    <read><delim>\x0a</delim><match><pcre>                    . .     |
</pcre></match></read>
    <read><delim>\x0a</delim><match><pcre>                            |
</pcre></match></read>
    <read><delim>\x0a</delim><match><pcre>                     _______|
</pcre></match></read>
    <read><delim>\x0a</delim><match><pcre>                             
</pcre></match></read>
    <read><delim>\x0a</delim><match><pcre>                             
</pcre></match></read>
    <read><delim>\x0a</delim><match><pcre>        . . . . . . . .      
</pcre></match></read>
    <read><delim>\x0a</delim><match><pcre>Incorrect: .*
</pcre></match></read>
    <write><data>:</data></write>
    <read><delim>\x0a</delim><match><pcre>                     --------
</pcre></match></read>
    <read><delim>\x0a</delim><match><pcre>                     |      |
</pcre></match></read>
    <read><delim>\x0a</delim><match><pcre>                     .      |
</pcre></match></read>
    <read><delim>\x0a</delim><match><pcre>                    ...     |
</pcre></match></read>
    <read><delim>\x0a</delim><match><pcre>                     .      |
</pcre></match></read>
    <read><delim>\x0a</delim><match><pcre>                    . .     |
</pcre></match></read>
    <read><delim>\x0a</delim><match><pcre>                            |
</pcre></match></read>
    <read><delim>\x0a</delim><match><pcre>                     _______|
</pcre></match></read>
    <read><delim>\x0a</delim><match><pcre>                             
</pcre></match></read>
    <read><delim>\x0a</delim><match><pcre>                             
</pcre></match></read>
    <read><delim>\x0a</delim><match><pcre>        . . . . . . . .      
</pcre></match></read>
    <read><delim>\x0a</delim><match><pcre>Incorrect: .*
</pcre></match></read>
    <write><data>:</data></write>
    <read><delim>\x0a</delim><match><pcre>                     --------
</pcre></match></read>
    <read><delim>\x0a</delim><match><pcre>                     |      |
</pcre></match></read>
    <read><delim>\x0a</delim><match><pcre>                     .      |
</pcre></match></read>
    <read><delim>\x0a</delim><match><pcre>                    ...     |
</pcre></match></read>
    <read><delim>\x0a</delim><match><pcre>                     .      |
</pcre></match></read>
    <read><delim>\x0a</delim><match><pcre>                    . .     |
</pcre></match></read>
    <read><delim>\x0a</delim><match><pcre>                            |
</pcre></match></read>
    <read><delim>\x0a</delim><match><pcre>                     _______|
</pcre></match></read>
    <read><delim>\x0a</delim><match><pcre>                             
</pcre></match></read>
    <read><delim>\x0a</delim><match><pcre>                             
</pcre></match></read>
    <read><delim>\x0a</delim><match><pcre>        . . . . . . . .      
</pcre></match></read>
    <read><delim>\x0a</delim><match><pcre>Incorrect: .*
</pcre></match></read>
    <write><data>:</data></write>
    <read><delim>\x0a</delim><match><pcre>                     --------
</pcre></match></read>
    <read><delim>\x0a</delim><match><pcre>                     |      |
</pcre></match></read>
    <read><delim>\x0a</delim><match><pcre>                     .      |
</pcre></match></read>
    <read><delim>\x0a</delim><match><pcre>                    ...     |
</pcre></match></read>
    <read><delim>\x0a</delim><match><pcre>                     .      |
</pcre></match></read>
    <read><delim>\x0a</delim><match><pcre>                    . .     |
</pcre></match></read>
    <read><delim>\x0a</delim><match><pcre>                            |
</pcre></match></read>
    <read><delim>\x0a</delim><match><pcre>                     _______|
</pcre></match></read>
    <read><delim>\x0a</delim><match><pcre>                             
</pcre></match></read>
    <read><delim>\x0a</delim><match><pcre>                             
</pcre></match></read>
    <read><delim>\x0a</delim><match><pcre>        . . . . . . . .      
</pcre></match></read>
    <read><delim>\x0a</delim><match><pcre>Incorrect: .*
</pcre></match></read>
    <write><data>:</data></write>
    <read><delim>\x0a</delim><match><pcre>                     --------
</pcre></match></read>
    <read><delim>\x0a</delim><match><pcre>                     |      |
</pcre></match></read>
    <read><delim>\x0a</delim><match><pcre>                     .      |
</pcre></match></read>
    <read><delim>\x0a</delim><match><pcre>                    ...     |
</pcre></match></read>
    <read><delim>\x0a</delim><match><pcre>                     .      |
</pcre></match></read>
    <read><delim>\x0a</delim><match><pcre>                    . .     |
</pcre></match></read>
    <read><delim>\x0a</delim><match><pcre>                            |
</pcre></match></read>
    <read><delim>\x0a</delim><match><pcre>                     _______|
</pcre></match></read>
    <read><delim>\x0a</delim><match><pcre>                             
</pcre></match></read>
    <read><delim>\x0a</delim><match><pcre>                             
</pcre></match></read>
    <read><delim>\x0a</delim><match><pcre>        . . . . . . . .      
</pcre></match></read>
    <read><delim>\x0a</delim><match><pcre>Incorrect: .*
</pcre></match></read>
    <write><data>:</data></write>
    <read><delim>\x0a</delim><match><pcre>                     --------
</pcre></match></read>
    <read><delim>\x0a</delim><match><pcre>                     |      |
</pcre></match></read>
    <read><delim>\x0a</delim><match><pcre>                     .      |
</pcre></match></read>
    <read><delim>\x0a</delim><match><pcre>                    ...     |
</pcre></match></read>
    <read><delim>\x0a</delim><match><pcre>                     .      |
</pcre></match></read>
    <read><delim>\x0a</delim><match><pcre>                    . .     |
</pcre></match></read>
    <read><delim>\x0a</delim><match><pcre>                            |
</pcre></match></read>
    <read><delim>\x0a</delim><match><pcre>                     _______|
</pcre></match></read>
    <read><delim>\x0a</delim><match><pcre>                             
</pcre></match></read>
    <read><delim>\x0a</delim><match><pcre>                             
</pcre></match></read>
    <read><delim>\x0a</delim><match><pcre>        . . . . . . . .      
</pcre></match></read>
    <read><delim>\x0a</delim><match><pcre>Incorrect: .*
</pcre></match></read>
    <write><data>:</data></write>
    <read><delim>\x0a</delim><match><pcre>                     --------
</pcre></match></read>
    <read><delim>\x0a</delim><match><pcre>                     |      |
</pcre></match></read>
    <read><delim>\x0a</delim><match><pcre>                     .      |
</pcre></match></read>
    <read><delim>\x0a</delim><match><pcre>                    ...     |
</pcre></match></read>
    <read><delim>\x0a</delim><match><pcre>                     .      |
</pcre></match></read>
    <read><delim>\x0a</delim><match><pcre>                    . .     |
</pcre></match></read>
    <read><delim>\x0a</delim><match><pcre>                            |
</pcre></match></read>
    <read><delim>\x0a</delim><match><pcre>                     _______|
</pcre></match></read>
    <read><delim>\x0a</delim><match><pcre>                             
</pcre></match></read>
    <read><delim>\x0a</delim><match><pcre>                             
</pcre></match></read>
    <read><delim>\x0a</delim><match><pcre>        . . . . . . . .      
</pcre></match></read>
    <read><delim>\x0a</delim><match><pcre>Incorrect: .*
</pcre></match></read>
    <write><data>:</data></write>
    <read><delim>\x0a</delim><match><pcre>                     --------
</pcre></match></read>
    <read><delim>\x0a</delim><match><pcre>                     |      |
</pcre></match></read>
    <read><delim>\x0a</delim><match><pcre>                     .      |
</pcre></match></read>
    <read><delim>\x0a</delim><match><pcre>                    ...     |
</pcre></match></read>
    <read><delim>\x0a</delim><match><pcre>                     .      |
</pcre></match></read>
    <read><delim>\x0a</delim><match><pcre>                    . .     |
</pcre></match></read>
    <read><delim>\x0a</delim><match><pcre>                            |
</pcre></match></read>
    <read><delim>\x0a</delim><match><pcre>                     _______|
</pcre></match></read>
    <read><delim>\x0a</delim><match><pcre>                             
</pcre></match></read>
    <read><delim>\x0a</delim><match><pcre>                             
</pcre></match></read>
    <read><delim>\x0a</delim><match><pcre>        . . . . . . . .      
</pcre></match></read>
    <read><delim>\x0a</delim><match><pcre>Sorry, the word was ........!
</pcre></match></read>
    <read><delim>\x0a</delim><match><data>Shall we play a game?\x0a</data></match></read>
    <read><delim>\x0a</delim><match><data>\x0a</data></match></read>
    <read><delim>\x0a</delim><match><data>1. Hugman\x0a</data></match></read>
    <read><delim>\x0a</delim><match><data>2. Chess\x0a</data></match></read>
    <read><delim>\x0a</delim><match><data>3. Sudoku\x0a</data></match></read>
    <read><delim>\x0a</delim><match><data>4. Gallon Challenge\x0a</data></match></read>
    <read><delim>\x0a</delim><match><data>5. Safari Zone\x0a</data></match></read>
    <read><delim>\x0a</delim><match><data>6. Chance of Survival\x0a</data></match></read>
    <read><delim>\x0a</delim><match><data>7. Lesson in Futility\x0a</data></match></read>
    <read><delim>\x0a</delim><match><data>8. Quit\x0a</data></match></read>
    <read><delim>\x0a</delim><match><data>\x0a</data></match></read>
    <write><data>731568139\x0a</data></write>
    <read><delim>\x0a</delim><match><data>Shall we play a game?\x0a</data></match></read>
    <read><delim>\x0a</delim><match><data>\x0a</data></match></read>
    <read><delim>\x0a</delim><match><data>1. Hugman\x0a</data></match></read>
    <read><delim>\x0a</delim><match><data>2. Chess\x0a</data></match></read>
    <read><delim>\x0a</delim><match><data>3. Sudoku\x0a</data></match></read>
    <read><delim>\x0a</delim><match><data>4. Gallon Challenge\x0a</data></match></read>
    <read><delim>\x0a</delim><match><data>5. Safari Zone\x0a</data></match></read>
    <read><delim>\x0a</delim><match><data>6. Chance of Survival\x0a</data></match></read>
    <read><delim>\x0a</delim><match><data>7. Lesson in Futility\x0a</data></match></read>
    <read><delim>\x0a</delim><match><data>8. Quit\x0a</data></match></read>
    <read><delim>\x0a</delim><match><data>\x0a</data></match></read>
    <write><data>1586375917\x0a</data></write>
    <read><delim>\x0a</delim><match><data>Shall we play a game?\x0a</data></match></read>
    <read><delim>\x0a</delim><match><data>\x0a</data></match></read>
    <read><delim>\x0a</delim><match><data>1. Hugman\x0a</data></match></read>
    <read><delim>\x0a</delim><match><data>2. Chess\x0a</data></match></read>
    <read><delim>\x0a</delim><match><data>3. Sudoku\x0a</data></match></read>
    <read><delim>\x0a</delim><match><data>4. Gallon Challenge\x0a</data></match></read>
    <read><delim>\x0a</delim><match><data>5. Safari Zone\x0a</data></match></read>
    <read><delim>\x0a</delim><match><data>6. Chance of Survival\x0a</data></match></read>
    <read><delim>\x0a</delim><match><data>7. Lesson in Futility\x0a</data></match></read>
    <read><delim>\x0a</delim><match><data>8. Quit\x0a</data></match></read>
    <read><delim>\x0a</delim><match><data>\x0a</data></match></read>
    <write><data>4\x0a</data></write>
    <read><delim>\x0a</delim><match><data>Give me a countdown!\x0a</data></match></read>
    <write><data>0\x0a</data></write>
    <read><delim>\x0a</delim><match><data>CHUG! CHUG! CHUG! CHUG! CHUG! CHUG! CHUG! CHUG! CHUG! CHUG! CHUG! CHUG! CHUG! CHUG! CHUG! CHUG! CHUG! CHUG! CHUG! CHUG! CHUG! CHUG! CHUG! CHUG! CHUG! CHUG! CHUG! CHUG! CHUG! CHUG! CHUG! CHUG! CHUG! CHUG! CHUG! CHUG! CHUG! CHUG! CHUG! CHUG! CHUG! CHUG! CHUG! CHUG! CHUG! CHUG! CHUG! CHUG! CHUG! CHUG! CHUG! CHUG! CHUG! CHUG! CHUG! CHUG! CHUG! CHUG! CHUG! CHUG! CHUG! CHUG! CHUG! CHUG! CHUG! CHUG! CHUG! CHUG! CHUG! CHUG! CHUG! CHUG! CHUG! CHUG! CHUG! CHUG! CHUG! CHUG! CHUG! CHUG! CHUG! CHUG! CHUG! CHUG! CHUG! CHUG! CHUG! CHUG! CHUG! CHUG! CHUG! CHUG! CHUG! CHUG! CHUG! CHUG! CHUG! CHUG! CHUG! CHUG! \x0a</data></match></read>
    <read><delim>\x0a</delim><match><data>Nice!\x0a</data></match></read>
    <read><delim>\x0a</delim><match><data>Shall we play a game?\x0a</data></match></read>
    <read><delim>\x0a</delim><match><data>\x0a</data></match></read>
    <read><delim>\x0a</delim><match><data>1. Hugman\x0a</data></match></read>
    <read><delim>\x0a</delim><match><data>2. Chess\x0a</data></match></read>
    <read><delim>\x0a</delim><match><data>3. Sudoku\x0a</data></match></read>
    <read><delim>\x0a</delim><match><data>4. Gallon Challenge\x0a</data></match></read>
    <read><delim>\x0a</delim><match><data>5. Safari Zone\x0a</data></match></read>
    <read><delim>\x0a</delim><match><data>6. Chance of Survival\x0a</data></match></read>
    <read><delim>\x0a</delim><match><data>7. Lesson in Futility\x0a</data></match></read>
    <read><delim>\x0a</delim><match><data>8. Quit\x0a</data></match></read>
    <read><delim>\x0a</delim><match><data>\x0a</data></match></read>
    <write><data>3\x0a</data></write>
    <read><delim>\x0a</delim><match><data>Let me help you cheat at sudoku\x2c enter your board n00b:\x0a</data></match></read>
    <write><data>285639147\x0a396741258\x0a174528936\x0a639174582\x0a528963471\x0a417852369\x0a741285693\x0a852396714\x0a963417825\x0a</data></write>
    <read><delim>\x0a</delim><match><data>Solved!\x0a</data></match></read>
    <read><delim>\x0a</delim><match><data>285639147\x0a</data></match></read>
    <read><delim>\x0a</delim><match><data>396741258\x0a</data></match></read>
    <read><delim>\x0a</delim><match><data>174528936\x0a</data></match></read>
    <read><delim>\x0a</delim><match><data>639174582\x0a</data></match></read>
    <read><delim>\x0a</delim><match><data>528963471\x0a</data></match></read>
    <read><delim>\x0a</delim><match><data>417852369\x0a</data></match></read>
    <read><delim>\x0a</delim><match><data>741285693\x0a</data></match></read>
    <read><delim>\x0a</delim><match><data>852396714\x0a</data></match></read>
    <read><delim>\x0a</delim><match><data>963417825\x0a</data></match></read>
    <read><delim>\x0a</delim><match><data>\x0a</data></match></read>
    <read><delim>\x0a</delim><match><data>Shall we play a game?\x0a</data></match></read>
    <read><delim>\x0a</delim><match><data>\x0a</data></match></read>
    <read><delim>\x0a</delim><match><data>1. Hugman\x0a</data></match></read>
    <read><delim>\x0a</delim><match><data>2. Chess\x0a</data></match></read>
    <read><delim>\x0a</delim><match><data>3. Sudoku\x0a</data></match></read>
    <read><delim>\x0a</delim><match><data>4. Gallon Challenge\x0a</data></match></read>
    <read><delim>\x0a</delim><match><data>5. Safari Zone\x0a</data></match></read>
    <read><delim>\x0a</delim><match><data>6. Chance of Survival\x0a</data></match></read>
    <read><delim>\x0a</delim><match><data>7. Lesson in Futility\x0a</data></match></read>
    <read><delim>\x0a</delim><match><data>8. Quit\x0a</data></match></read>
    <read><delim>\x0a</delim><match><data>\x0a</data></match></read>
    <write><data>5\x0a</data></write>
    <read><delim>\x0a</delim><match><data>Welcome to the Safari Zone!\x0a</data></match></read>
    <read><delim>\x0a</delim><match><data>A wild RegularRat has appeared!\x0a</data></match></read>
    <read><delim>\x0a</delim><match><data>What to do?\x0a</data></match></read>
    <read><delim>\x0a</delim><match><data>1. Ball\x0a</data></match></read>
    <read><delim>\x0a</delim><match><data>2. Rock\x0a</data></match></read>
    <read><delim>\x0a</delim><match><data>3. Bait\x0a</data></match></read>
    <read><delim>\x0a</delim><match><data>4. Run\x0a</data></match></read>
    <read><delim>\x0a</delim><match><data>\x0a</data></match></read>
    <write><data>1\x0a</data></write>
    <read><delim>\x0a</delim><match><data>Congratulations\x2c you\x27ve caught RegularRat!\x0a</data></match></read>
    <read><delim>\x0a</delim><match><data>Please enter a nickname:\x0a</data></match></read>
    <write><data>41414141\x0a</data></write>
    <read><delim>\x0a</delim><match><data>AAAA has joined your party\x0a</data></match></read>
    <read><delim>\x0a</delim><match><data>Shall we play a game?\x0a</data></match></read>
    <read><delim>\x0a</delim><match><data>\x0a</data></match></read>
    <read><delim>\x0a</delim><match><data>1. Hugman\x0a</data></match></read>
    <read><delim>\x0a</delim><match><data>2. Chess\x0a</data></match></read>
    <read><delim>\x0a</delim><match><data>3. Sudoku\x0a</data></match></read>
    <read><delim>\x0a</delim><match><data>4. Gallon Challenge\x0a</data></match></read>
    <read><delim>\x0a</delim><match><data>5. Safari Zone\x0a</data></match></read>
    <read><delim>\x0a</delim><match><data>6. Chance of Survival\x0a</data></match></read>
    <read><delim>\x0a</delim><match><data>7. Lesson in Futility\x0a</data></match></read>
    <read><delim>\x0a</delim><match><data>8. Quit\x0a</data></match></read>
    <read><delim>\x0a</delim><match><data>\x0a</data></match></read>
    <write><data>3\x0a</data></write>
    <read><delim>\x0a</delim><match><data>Let me help you cheat at sudoku\x2c enter your board n00b:\x0a</data></match></read>
    <write><data>528396714\x0a417285693\x0a639417825\x0a852639147\x0a963741258\x0a741528936\x0a174852369\x0a285963471\x0a396174582\x0a</data></write>
    <read><delim>\x0a</delim><match><data>Solved!\x0a</data></match></read>
    <read><delim>\x0a</delim><match><data>528396714\x0a</data></match></read>
    <read><delim>\x0a</delim><match><data>417285693\x0a</data></match></read>
    <read><delim>\x0a</delim><match><data>639417825\x0a</data></match></read>
    <read><delim>\x0a</delim><match><data>852639147\x0a</data></match></read>
    <read><delim>\x0a</delim><match><data>963741258\x0a</data></match></read>
    <read><delim>\x0a</delim><match><data>741528936\x0a</data></match></read>
    <read><delim>\x0a</delim><match><data>174852369\x0a</data></match></read>
    <read><delim>\x0a</delim><match><data>285963471\x0a</data></match></read>
    <read><delim>\x0a</delim><match><data>396174582\x0a</data></match></read>
    <read><delim>\x0a</delim><match><data>\x0a</data></match></read>
    <read><delim>\x0a</delim><match><data>Shall we play a game?\x0a</data></match></read>
    <read><delim>\x0a</delim><match><data>\x0a</data></match></read>
    <read><delim>\x0a</delim><match><data>1. Hugman\x0a</data></match></read>
    <read><delim>\x0a</delim><match><data>2. Chess\x0a</data></match></read>
    <read><delim>\x0a</delim><match><data>3. Sudoku\x0a</data></match></read>
    <read><delim>\x0a</delim><match><data>4. Gallon Challenge\x0a</data></match></read>
    <read><delim>\x0a</delim><match><data>5. Safari Zone\x0a</data></match></read>
    <read><delim>\x0a</delim><match><data>6. Chance of Survival\x0a</data></match></read>
    <read><delim>\x0a</delim><match><data>7. Lesson in Futility\x0a</data></match></read>
    <read><delim>\x0a</delim><match><data>8. Quit\x0a</data></match></read>
    <read><delim>\x0a</delim><match><data>\x0a</data></match></read>
    <write><data>7\x0a</data></write>
    <read><delim>\x0a</delim><match><data>Wouldn\x27t you prefer a nice game of chess?\x0a</data></match></read>
    <read><delim>\x0a</delim><match><data>A strange game. The only winning move is not to play.\x0a</data></match></read>
    <read><delim>\x0a</delim><match><data>Shall we play a game?\x0a</data></match></read>
    <read><delim>\x0a</delim><match><data>\x0a</data></match></read>
    <read><delim>\x0a</delim><match><data>1. Hugman\x0a</data></match></read>
    <read><delim>\x0a</delim><match><data>2. Chess\x0a</data></match></read>
    <read><delim>\x0a</delim><match><data>3. Sudoku\x0a</data></match></read>
    <read><delim>\x0a</delim><match><data>4. Gallon Challenge\x0a</data></match></read>
    <read><delim>\x0a</delim><match><data>5. Safari Zone\x0a</data></match></read>
    <read><delim>\x0a</delim><match><data>6. Chance of Survival\x0a</data></match></read>
    <read><delim>\x0a</delim><match><data>7. Lesson in Futility\x0a</data></match></read>
    <read><delim>\x0a</delim><match><data>8. Quit\x0a</data></match></read>
    <read><delim>\x0a</delim><match><data>\x0a</data></match></read>
    <write><data>8\x0a</data></write>
</replay>
</pov>