<?xml version="1.0" standalone="no" ?>
<!DOCTYPE pov SYSTEM "/usr/share/cgc-docs/replay.dtd">
<pov>
<cbid>service</cbid>
<seed>f348d86065fe206f60bffd730de5340b5cdf55414110d4bcf723b4bee416308d874943ba9a841fb58b8070b3ef93f8a6</seed>
<replay>
    <delay>50</delay>
    <read><delim>\x0a</delim><match><data>Shall we play a game?\x0a</data></match></read>
    <read><delim>\x0a</delim><match><data>\x0a</data></match></read>
    <read><delim>\x0a</delim><match><data>1. Hugman\x0a</data></match></read>
    <read><delim>\x0a</delim><match><data>2. Chess\x0a</data></match></read>
    <read><delim>\x0a</delim><match><data>3. Sudoku\x0a</data></match></read>
    <read><delim>\x0a</delim><match><data>4. Gallon Challenge\x0a</data></match></read>
    <read><delim>\x0a</delim><match><data>5. Safari Zone\x0a</data></match></read>
    <read><delim>\x0a</delim><match><data>6. Chance of Survival\x0a</data></match></read>
    <read><delim>\x0a</delim><match><data>7. Lesson in Futility\x0a</data></match></read>
    <read><delim>\x0a</delim><match><data>8. Quit\x0a</data></match></read>
    <read><delim>\x0a</delim><match><data>\x0a</data></match></read>
    <write><data>5\x0a</data></write>
    <read><delim>\x0a</delim><match><data>Welcome to the Safari Zone!\x0a</data></match></read>
    <read><delim>\x0a</delim><match><data>A wild Pidgeon has appeared!\x0a</data></match></read>
    <read><delim>\x0a</delim><match><data>What to do?\x0a</data></match></read>
    <read><delim>\x0a</delim><match><data>1. Ball\x0a</data></match></read>
    <read><delim>\x0a</delim><match><data>2. Rock\x0a</data></match></read>
    <read><delim>\x0a</delim><match><data>3. Bait\x0a</data></match></read>
    <read><delim>\x0a</delim><match><data>4. Run\x0a</data></match></read>
    <read><delim>\x0a</delim><match><data>\x0a</data></match></read>
    <write><data>4\x0a</data></write>
    <read><delim>\x0a</delim><match><data>Got away safely!\x0a</data></match></read>
    <read><delim>\x0a</delim><match><data>Shall we play a game?\x0a</data></match></read>
    <read><delim>\x0a</delim><match><data>\x0a</data></match></read>
    <read><delim>\x0a</delim><match><data>1. Hugman\x0a</data></match></read>
    <read><delim>\x0a</delim><match><data>2. Chess\x0a</data></match></read>
    <read><delim>\x0a</delim><match><data>3. Sudoku\x0a</data></match></read>
    <read><delim>\x0a</delim><match><data>4. Gallon Challenge\x0a</data></match></read>
    <read><delim>\x0a</delim><match><data>5. Safari Zone\x0a</data></match></read>
    <read><delim>\x0a</delim><match><data>6. Chance of Survival\x0a</data></match></read>
    <read><delim>\x0a</delim><match><data>7. Lesson in Futility\x0a</data></match></read>
    <read><delim>\x0a</delim><match><data>8. Quit\x0a</data></match></read>
    <read><delim>\x0a</delim><match><data>\x0a</data></match></read>
    <write><data>2\x0a</data></write>
    <read><delim>\x0a</delim><match><data>Welcome to chessmaster 0x8000\x2c enter your board:\x0a</data></match></read>
    <write><data>        \x0a        \x0a    k   \x0a        \x0a        \x0a        \x0a        \x0a        \x0a</data></write>
    <read><delim>\x0a</delim><match><data>Muahhaha\x2c I move to e3e4\x0a</data></match></read>
    <read><delim>\x0a</delim><match><data>Shall we play a game?\x0a</data></match></read>
    <read><delim>\x0a</delim><match><data>\x0a</data></match></read>
    <read><delim>\x0a</delim><match><data>1. Hugman\x0a</data></match></read>
    <read><delim>\x0a</delim><match><data>2. Chess\x0a</data></match></read>
    <read><delim>\x0a</delim><match><data>3. Sudoku\x0a</data></match></read>
    <read><delim>\x0a</delim><match><data>4. Gallon Challenge\x0a</data></match></read>
    <read><delim>\x0a</delim><match><data>5. Safari Zone\x0a</data></match></read>
    <read><delim>\x0a</delim><match><data>6. Chance of Survival\x0a</data></match></read>
    <read><delim>\x0a</delim><match><data>7. Lesson in Futility\x0a</data></match></read>
    <read><delim>\x0a</delim><match><data>8. Quit\x0a</data></match></read>
    <read><delim>\x0a</delim><match><data>\x0a</data></match></read>
    <write><data>8\x0a</data></write>
</replay>
</pov>