<?xml version="1.0" standalone="no" ?>
<!DOCTYPE pov SYSTEM "/usr/share/cgc-docs/replay.dtd">
<pov>
<cbid>service</cbid>
<seed>26c0aaf7fd683306c55a5ee73f15c1e830622d8a070641f30a122f17e5aaa153badc530bd680d04111801d5e64d70783</seed>
<replay>
    <delay>50</delay>
    <read><delim>\x0a</delim><match><data>Shall we play a game?\x0a</data></match></read>
    <read><delim>\x0a</delim><match><data>\x0a</data></match></read>
    <read><delim>\x0a</delim><match><data>1. Hugman\x0a</data></match></read>
    <read><delim>\x0a</delim><match><data>2. Chess\x0a</data></match></read>
    <read><delim>\x0a</delim><match><data>3. Sudoku\x0a</data></match></read>
    <read><delim>\x0a</delim><match><data>4. Gallon Challenge\x0a</data></match></read>
    <read><delim>\x0a</delim><match><data>5. Safari Zone\x0a</data></match></read>
    <read><delim>\x0a</delim><match><data>6. Chance of Survival\x0a</data></match></read>
    <read><delim>\x0a</delim><match><data>7. Lesson in Futility\x0a</data></match></read>
    <read><delim>\x0a</delim><match><data>8. Quit\x0a</data></match></read>
    <read><delim>\x0a</delim><match><data>\x0a</data></match></read>
    <write><data>1633288938\x0a</data></write>
    <read><delim>\x0a</delim><match><data>Shall we play a game?\x0a</data></match></read>
    <read><delim>\x0a</delim><match><data>\x0a</data></match></read>
    <read><delim>\x0a</delim><match><data>1. Hugman\x0a</data></match></read>
    <read><delim>\x0a</delim><match><data>2. Chess\x0a</data></match></read>
    <read><delim>\x0a</delim><match><data>3. Sudoku\x0a</data></match></read>
    <read><delim>\x0a</delim><match><data>4. Gallon Challenge\x0a</data></match></read>
    <read><delim>\x0a</delim><match><data>5. Safari Zone\x0a</data></match></read>
    <read><delim>\x0a</delim><match><data>6. Chance of Survival\x0a</data></match></read>
    <read><delim>\x0a</delim><match><data>7. Lesson in Futility\x0a</data></match></read>
    <read><delim>\x0a</delim><match><data>8. Quit\x0a</data></match></read>
    <read><delim>\x0a</delim><match><data>\x0a</data></match></read>
    <write><data>4\x0a</data></write>
    <read><delim>\x0a</delim><match><data>Give me a countdown!\x0a</data></match></read>
    <write><data>0\x0a</data></write>
    <read><delim>\x0a</delim><match><data>CHUG! CHUG! CHUG! CHUG! CHUG! CHUG! CHUG! CHUG! CHUG! CHUG! CHUG! CHUG! CHUG! CHUG! CHUG! CHUG! CHUG! CHUG! CHUG! CHUG! CHUG! CHUG! CHUG! CHUG! CHUG! CHUG! CHUG! CHUG! CHUG! CHUG! CHUG! CHUG! CHUG! CHUG! CHUG! CHUG! CHUG! CHUG! CHUG! CHUG! CHUG! CHUG! CHUG! CHUG! CHUG! CHUG! CHUG! CHUG! CHUG! CHUG! CHUG! CHUG! CHUG! CHUG! CHUG! CHUG! CHUG! CHUG! CHUG! CHUG! CHUG! CHUG! CHUG! CHUG! CHUG! CHUG! CHUG! CHUG! CHUG! CHUG! CHUG! CHUG! CHUG! CHUG! CHUG! CHUG! CHUG! CHUG! CHUG! CHUG! CHUG! CHUG! CHUG! CHUG! CHUG! CHUG! CHUG! CHUG! CHUG! CHUG! CHUG! CHUG! CHUG! CHUG! CHUG! CHUG! CHUG! CHUG! CHUG! CHUG! \x0a</data></match></read>
    <read><delim>\x0a</delim><match><data>Nice!\x0a</data></match></read>
    <read><delim>\x0a</delim><match><data>Shall we play a game?\x0a</data></match></read>
    <read><delim>\x0a</delim><match><data>\x0a</data></match></read>
    <read><delim>\x0a</delim><match><data>1. Hugman\x0a</data></match></read>
    <read><delim>\x0a</delim><match><data>2. Chess\x0a</data></match></read>
    <read><delim>\x0a</delim><match><data>3. Sudoku\x0a</data></match></read>
    <read><delim>\x0a</delim><match><data>4. Gallon Challenge\x0a</data></match></read>
    <read><delim>\x0a</delim><match><data>5. Safari Zone\x0a</data></match></read>
    <read><delim>\x0a</delim><match><data>6. Chance of Survival\x0a</data></match></read>
    <read><delim>\x0a</delim><match><data>7. Lesson in Futility\x0a</data></match></read>
    <read><delim>\x0a</delim><match><data>8. Quit\x0a</data></match></read>
    <read><delim>\x0a</delim><match><data>\x0a</data></match></read>
    <write><data>1989475214\x0a</data></write>
    <read><delim>\x0a</delim><match><data>Shall we play a game?\x0a</data></match></read>
    <read><delim>\x0a</delim><match><data>\x0a</data></match></read>
    <read><delim>\x0a</delim><match><data>1. Hugman\x0a</data></match></read>
    <read><delim>\x0a</delim><match><data>2. Chess\x0a</data></match></read>
    <read><delim>\x0a</delim><match><data>3. Sudoku\x0a</data></match></read>
    <read><delim>\x0a</delim><match><data>4. Gallon Challenge\x0a</data></match></read>
    <read><delim>\x0a</delim><match><data>5. Safari Zone\x0a</data></match></read>
    <read><delim>\x0a</delim><match><data>6. Chance of Survival\x0a</data></match></read>
    <read><delim>\x0a</delim><match><data>7. Lesson in Futility\x0a</data></match></read>
    <read><delim>\x0a</delim><match><data>8. Quit\x0a</data></match></read>
    <read><delim>\x0a</delim><match><data>\x0a</data></match></read>
    <write><data>5\x0a</data></write>
    <read><delim>\x0a</delim><match><data>Welcome to the Safari Zone!\x0a</data></match></read>
    <read><delim>\x0a</delim><match><data>A wild Pidgeon has appeared!\x0a</data></match></read>
    <read><delim>\x0a</delim><match><data>What to do?\x0a</data></match></read>
    <read><delim>\x0a</delim><match><data>1. Ball\x0a</data></match></read>
    <read><delim>\x0a</delim><match><data>2. Rock\x0a</data></match></read>
    <read><delim>\x0a</delim><match><data>3. Bait\x0a</data></match></read>
    <read><delim>\x0a</delim><match><data>4. Run\x0a</data></match></read>
    <read><delim>\x0a</delim><match><data>\x0a</data></match></read>
    <write><data>4\x0a</data></write>
    <read><delim>\x0a</delim><match><data>Got away safely!\x0a</data></match></read>
    <read><delim>\x0a</delim><match><data>Shall we play a game?\x0a</data></match></read>
    <read><delim>\x0a</delim><match><data>\x0a</data></match></read>
    <read><delim>\x0a</delim><match><data>1. Hugman\x0a</data></match></read>
    <read><delim>\x0a</delim><match><data>2. Chess\x0a</data></match></read>
    <read><delim>\x0a</delim><match><data>3. Sudoku\x0a</data></match></read>
    <read><delim>\x0a</delim><match><data>4. Gallon Challenge\x0a</data></match></read>
    <read><delim>\x0a</delim><match><data>5. Safari Zone\x0a</data></match></read>
    <read><delim>\x0a</delim><match><data>6. Chance of Survival\x0a</data></match></read>
    <read><delim>\x0a</delim><match><data>7. Lesson in Futility\x0a</data></match></read>
    <read><delim>\x0a</delim><match><data>8. Quit\x0a</data></match></read>
    <read><delim>\x0a</delim><match><data>\x0a</data></match></read>
    <write><data>3125985936\x0a</data></write>
    <read><delim>\x0a</delim><match><data>Shall we play a game?\x0a</data></match></read>
    <read><delim>\x0a</delim><match><data>\x0a</data></match></read>
    <read><delim>\x0a</delim><match><data>1. Hugman\x0a</data></match></read>
    <read><delim>\x0a</delim><match><data>2. Chess\x0a</data></match></read>
    <read><delim>\x0a</delim><match><data>3. Sudoku\x0a</data></match></read>
    <read><delim>\x0a</delim><match><data>4. Gallon Challenge\x0a</data></match></read>
    <read><delim>\x0a</delim><match><data>5. Safari Zone\x0a</data></match></read>
    <read><delim>\x0a</delim><match><data>6. Chance of Survival\x0a</data></match></read>
    <read><delim>\x0a</delim><match><data>7. Lesson in Futility\x0a</data></match></read>
    <read><delim>\x0a</delim><match><data>8. Quit\x0a</data></match></read>
    <read><delim>\x0a</delim><match><data>\x0a</data></match></read>
    <write><data>1\x0a</data></write>
    <read><delim>\x0a</delim><match><pcre>                     --------
</pcre></match></read>
    <read><delim>\x0a</delim><match><pcre>                     |      |
</pcre></match></read>
    <read><delim>\x0a</delim><match><pcre>                     .      |
</pcre></match></read>
    <read><delim>\x0a</delim><match><pcre>                    ...     |
</pcre></match></read>
    <read><delim>\x0a</delim><match><pcre>                     .      |
</pcre></match></read>
    <read><delim>\x0a</delim><match><pcre>                    . .     |
</pcre></match></read>
    <read><delim>\x0a</delim><match><pcre>                            |
</pcre></match></read>
    <read><delim>\x0a</delim><match><pcre>                     _______|
</pcre></match></read>
    <read><delim>\x0a</delim><match><pcre>                             
</pcre></match></read>
    <read><delim>\x0a</delim><match><pcre>                             
</pcre></match></read>
    <read><delim>\x0a</delim><match><pcre>        . . . . . . . .      
</pcre></match></read>
    <read><delim>\x0a</delim><match><pcre>Incorrect: .*
</pcre></match></read>
    <write><data>:</data></write>
    <read><delim>\x0a</delim><match><pcre>                     --------
</pcre></match></read>
    <read><delim>\x0a</delim><match><pcre>                     |      |
</pcre></match></read>
    <read><delim>\x0a</delim><match><pcre>                     .      |
</pcre></match></read>
    <read><delim>\x0a</delim><match><pcre>                    ...     |
</pcre></match></read>
    <read><delim>\x0a</delim><match><pcre>                     .      |
</pcre></match></read>
    <read><delim>\x0a</delim><match><pcre>                    . .     |
</pcre></match></read>
    <read><delim>\x0a</delim><match><pcre>                            |
</pcre></match></read>
    <read><delim>\x0a</delim><match><pcre>                     _______|
</pcre></match></read>
    <read><delim>\x0a</delim><match><pcre>                             
</pcre></match></read>
    <read><delim>\x0a</delim><match><pcre>                             
</pcre></match></read>
    <read><delim>\x0a</delim><match><pcre>        . . . . . . . .      
</pcre></match></read>
    <read><delim>\x0a</delim><match><pcre>Incorrect: .*
</pcre></match></read>
    <write><data>:</data></write>
    <read><delim>\x0a</delim><match><pcre>                     --------
</pcre></match></read>
    <read><delim>\x0a</delim><match><pcre>                     |      |
</pcre></match></read>
    <read><delim>\x0a</delim><match><pcre>                     .      |
</pcre></match></read>
    <read><delim>\x0a</delim><match><pcre>                    ...     |
</pcre></match></read>
    <read><delim>\x0a</delim><match><pcre>                     .      |
</pcre></match></read>
    <read><delim>\x0a</delim><match><pcre>                    . .     |
</pcre></match></read>
    <read><delim>\x0a</delim><match><pcre>                            |
</pcre></match></read>
    <read><delim>\x0a</delim><match><pcre>                     _______|
</pcre></match></read>
    <read><delim>\x0a</delim><match><pcre>                             
</pcre></match></read>
    <read><delim>\x0a</delim><match><pcre>                             
</pcre></match></read>
    <read><delim>\x0a</delim><match><pcre>        . . . . . . . .      
</pcre></match></read>
    <read><delim>\x0a</delim><match><pcre>Incorrect: .*
</pcre></match></read>
    <write><data>:</data></write>
    <read><delim>\x0a</delim><match><pcre>                     --------
</pcre></match></read>
    <read><delim>\x0a</delim><match><pcre>                     |      |
</pcre></match></read>
    <read><delim>\x0a</delim><match><pcre>                     .      |
</pcre></match></read>
    <read><delim>\x0a</delim><match><pcre>                    ...     |
</pcre></match></read>
    <read><delim>\x0a</delim><match><pcre>                     .      |
</pcre></match></read>
    <read><delim>\x0a</delim><match><pcre>                    . .     |
</pcre></match></read>
    <read><delim>\x0a</delim><match><pcre>                            |
</pcre></match></read>
    <read><delim>\x0a</delim><match><pcre>                     _______|
</pcre></match></read>
    <read><delim>\x0a</delim><match><pcre>                             
</pcre></match></read>
    <read><delim>\x0a</delim><match><pcre>                             
</pcre></match></read>
    <read><delim>\x0a</delim><match><pcre>        . . . . . . . .      
</pcre></match></read>
    <read><delim>\x0a</delim><match><pcre>Incorrect: .*
</pcre></match></read>
    <write><data>:</data></write>
    <read><delim>\x0a</delim><match><pcre>                     --------
</pcre></match></read>
    <read><delim>\x0a</delim><match><pcre>                     |      |
</pcre></match></read>
    <read><delim>\x0a</delim><match><pcre>                     .      |
</pcre></match></read>
    <read><delim>\x0a</delim><match><pcre>                    ...     |
</pcre></match></read>
    <read><delim>\x0a</delim><match><pcre>                     .      |
</pcre></match></read>
    <read><delim>\x0a</delim><match><pcre>                    . .     |
</pcre></match></read>
    <read><delim>\x0a</delim><match><pcre>                            |
</pcre></match></read>
    <read><delim>\x0a</delim><match><pcre>                     _______|
</pcre></match></read>
    <read><delim>\x0a</delim><match><pcre>                             
</pcre></match></read>
    <read><delim>\x0a</delim><match><pcre>                             
</pcre></match></read>
    <read><delim>\x0a</delim><match><pcre>        . . . . . . . .      
</pcre></match></read>
    <read><delim>\x0a</delim><match><pcre>Incorrect: .*
</pcre></match></read>
    <write><data>:</data></write>
    <read><delim>\x0a</delim><match><pcre>                     --------
</pcre></match></read>
    <read><delim>\x0a</delim><match><pcre>                     |      |
</pcre></match></read>
    <read><delim>\x0a</delim><match><pcre>                     .      |
</pcre></match></read>
    <read><delim>\x0a</delim><match><pcre>                    ...     |
</pcre></match></read>
    <read><delim>\x0a</delim><match><pcre>                     .      |
</pcre></match></read>
    <read><delim>\x0a</delim><match><pcre>                    . .     |
</pcre></match></read>
    <read><delim>\x0a</delim><match><pcre>                            |
</pcre></match></read>
    <read><delim>\x0a</delim><match><pcre>                     _______|
</pcre></match></read>
    <read><delim>\x0a</delim><match><pcre>                             
</pcre></match></read>
    <read><delim>\x0a</delim><match><pcre>                             
</pcre></match></read>
    <read><delim>\x0a</delim><match><pcre>        . . . . . . . .      
</pcre></match></read>
    <read><delim>\x0a</delim><match><pcre>Incorrect: .*
</pcre></match></read>
    <write><data>:</data></write>
    <read><delim>\x0a</delim><match><pcre>                     --------
</pcre></match></read>
    <read><delim>\x0a</delim><match><pcre>                     |      |
</pcre></match></read>
    <read><delim>\x0a</delim><match><pcre>                     .      |
</pcre></match></read>
    <read><delim>\x0a</delim><match><pcre>                    ...     |
</pcre></match></read>
    <read><delim>\x0a</delim><match><pcre>                     .      |
</pcre></match></read>
    <read><delim>\x0a</delim><match><pcre>                    . .     |
</pcre></match></read>
    <read><delim>\x0a</delim><match><pcre>                            |
</pcre></match></read>
    <read><delim>\x0a</delim><match><pcre>                     _______|
</pcre></match></read>
    <read><delim>\x0a</delim><match><pcre>                             
</pcre></match></read>
    <read><delim>\x0a</delim><match><pcre>                             
</pcre></match></read>
    <read><delim>\x0a</delim><match><pcre>        . . . . . . . .      
</pcre></match></read>
    <read><delim>\x0a</delim><match><pcre>Incorrect: .*
</pcre></match></read>
    <write><data>:</data></write>
    <read><delim>\x0a</delim><match><pcre>                     --------
</pcre></match></read>
    <read><delim>\x0a</delim><match><pcre>                     |      |
</pcre></match></read>
    <read><delim>\x0a</delim><match><pcre>                     .      |
</pcre></match></read>
    <read><delim>\x0a</delim><match><pcre>                    ...     |
</pcre></match></read>
    <read><delim>\x0a</delim><match><pcre>                     .      |
</pcre></match></read>
    <read><delim>\x0a</delim><match><pcre>                    . .     |
</pcre></match></read>
    <read><delim>\x0a</delim><match><pcre>                            |
</pcre></match></read>
    <read><delim>\x0a</delim><match><pcre>                     _______|
</pcre></match></read>
    <read><delim>\x0a</delim><match><pcre>                             
</pcre></match></read>
    <read><delim>\x0a</delim><match><pcre>                             
</pcre></match></read>
    <read><delim>\x0a</delim><match><pcre>        . . . . . . . .      
</pcre></match></read>
    <read><delim>\x0a</delim><match><pcre>Sorry, the word was ........!
</pcre></match></read>
    <read><delim>\x0a</delim><match><data>Shall we play a game?\x0a</data></match></read>
    <read><delim>\x0a</delim><match><data>\x0a</data></match></read>
    <read><delim>\x0a</delim><match><data>1. Hugman\x0a</data></match></read>
    <read><delim>\x0a</delim><match><data>2. Chess\x0a</data></match></read>
    <read><delim>\x0a</delim><match><data>3. Sudoku\x0a</data></match></read>
    <read><delim>\x0a</delim><match><data>4. Gallon Challenge\x0a</data></match></read>
    <read><delim>\x0a</delim><match><data>5. Safari Zone\x0a</data></match></read>
    <read><delim>\x0a</delim><match><data>6. Chance of Survival\x0a</data></match></read>
    <read><delim>\x0a</delim><match><data>7. Lesson in Futility\x0a</data></match></read>
    <read><delim>\x0a</delim><match><data>8. Quit\x0a</data></match></read>
    <read><delim>\x0a</delim><match><data>\x0a</data></match></read>
    <write><data>4\x0a</data></write>
    <read><delim>\x0a</delim><match><data>Give me a countdown!\x0a</data></match></read>
    <write><data>0\x0a</data></write>
    <read><delim>\x0a</delim><match><data>CHUG! CHUG! CHUG! CHUG! CHUG! CHUG! CHUG! CHUG! CHUG! CHUG! CHUG! CHUG! CHUG! CHUG! CHUG! CHUG! CHUG! CHUG! CHUG! CHUG! CHUG! CHUG! CHUG! CHUG! CHUG! CHUG! CHUG! CHUG! CHUG! CHUG! CHUG! CHUG! CHUG! CHUG! CHUG! CHUG! CHUG! CHUG! CHUG! CHUG! CHUG! CHUG! CHUG! CHUG! CHUG! CHUG! CHUG! CHUG! CHUG! CHUG! CHUG! CHUG! CHUG! CHUG! CHUG! CHUG! CHUG! CHUG! CHUG! CHUG! CHUG! CHUG! CHUG! CHUG! CHUG! CHUG! CHUG! CHUG! CHUG! CHUG! CHUG! CHUG! CHUG! CHUG! CHUG! CHUG! CHUG! CHUG! CHUG! CHUG! CHUG! CHUG! CHUG! CHUG! CHUG! CHUG! CHUG! CHUG! CHUG! CHUG! CHUG! CHUG! CHUG! CHUG! CHUG! CHUG! CHUG! CHUG! CHUG! CHUG! \x0a</data></match></read>
    <read><delim>\x0a</delim><match><data>Nice!\x0a</data></match></read>
    <read><delim>\x0a</delim><match><data>Shall we play a game?\x0a</data></match></read>
    <read><delim>\x0a</delim><match><data>\x0a</data></match></read>
    <read><delim>\x0a</delim><match><data>1. Hugman\x0a</data></match></read>
    <read><delim>\x0a</delim><match><data>2. Chess\x0a</data></match></read>
    <read><delim>\x0a</delim><match><data>3. Sudoku\x0a</data></match></read>
    <read><delim>\x0a</delim><match><data>4. Gallon Challenge\x0a</data></match></read>
    <read><delim>\x0a</delim><match><data>5. Safari Zone\x0a</data></match></read>
    <read><delim>\x0a</delim><match><data>6. Chance of Survival\x0a</data></match></read>
    <read><delim>\x0a</delim><match><data>7. Lesson in Futility\x0a</data></match></read>
    <read><delim>\x0a</delim><match><data>8. Quit\x0a</data></match></read>
    <read><delim>\x0a</delim><match><data>\x0a</data></match></read>
    <write><data>1\x0a</data></write>
    <read><delim>\x0a</delim><match><pcre>                     --------
</pcre></match></read>
    <read><delim>\x0a</delim><match><pcre>                     |      |
</pcre></match></read>
    <read><delim>\x0a</delim><match><pcre>                     .      |
</pcre></match></read>
    <read><delim>\x0a</delim><match><pcre>                    ...     |
</pcre></match></read>
    <read><delim>\x0a</delim><match><pcre>                     .      |
</pcre></match></read>
    <read><delim>\x0a</delim><match><pcre>                    . .     |
</pcre></match></read>
    <read><delim>\x0a</delim><match><pcre>                            |
</pcre></match></read>
    <read><delim>\x0a</delim><match><pcre>                     _______|
</pcre></match></read>
    <read><delim>\x0a</delim><match><pcre>                             
</pcre></match></read>
    <read><delim>\x0a</delim><match><pcre>                             
</pcre></match></read>
    <read><delim>\x0a</delim><match><pcre>        . . . . . . . .      
</pcre></match></read>
    <read><delim>\x0a</delim><match><pcre>Incorrect: .*
</pcre></match></read>
    <write><data>:</data></write>
    <read><delim>\x0a</delim><match><pcre>                     --------
</pcre></match></read>
    <read><delim>\x0a</delim><match><pcre>                     |      |
</pcre></match></read>
    <read><delim>\x0a</delim><match><pcre>                     .      |
</pcre></match></read>
    <read><delim>\x0a</delim><match><pcre>                    ...     |
</pcre></match></read>
    <read><delim>\x0a</delim><match><pcre>                     .      |
</pcre></match></read>
    <read><delim>\x0a</delim><match><pcre>                    . .     |
</pcre></match></read>
    <read><delim>\x0a</delim><match><pcre>                            |
</pcre></match></read>
    <read><delim>\x0a</delim><match><pcre>                     _______|
</pcre></match></read>
    <read><delim>\x0a</delim><match><pcre>                             
</pcre></match></read>
    <read><delim>\x0a</delim><match><pcre>                             
</pcre></match></read>
    <read><delim>\x0a</delim><match><pcre>        . . . . . . . .      
</pcre></match></read>
    <read><delim>\x0a</delim><match><pcre>Incorrect: .*
</pcre></match></read>
    <write><data>:</data></write>
    <read><delim>\x0a</delim><match><pcre>                     --------
</pcre></match></read>
    <read><delim>\x0a</delim><match><pcre>                     |      |
</pcre></match></read>
    <read><delim>\x0a</delim><match><pcre>                     .      |
</pcre></match></read>
    <read><delim>\x0a</delim><match><pcre>                    ...     |
</pcre></match></read>
    <read><delim>\x0a</delim><match><pcre>                     .      |
</pcre></match></read>
    <read><delim>\x0a</delim><match><pcre>                    . .     |
</pcre></match></read>
    <read><delim>\x0a</delim><match><pcre>                            |
</pcre></match></read>
    <read><delim>\x0a</delim><match><pcre>                     _______|
</pcre></match></read>
    <read><delim>\x0a</delim><match><pcre>                             
</pcre></match></read>
    <read><delim>\x0a</delim><match><pcre>                             
</pcre></match></read>
    <read><delim>\x0a</delim><match><pcre>        . . . . . . . .      
</pcre></match></read>
    <read><delim>\x0a</delim><match><pcre>Incorrect: .*
</pcre></match></read>
    <write><data>:</data></write>
    <read><delim>\x0a</delim><match><pcre>                     --------
</pcre></match></read>
    <read><delim>\x0a</delim><match><pcre>                     |      |
</pcre></match></read>
    <read><delim>\x0a</delim><match><pcre>                     .      |
</pcre></match></read>
    <read><delim>\x0a</delim><match><pcre>                    ...     |
</pcre></match></read>
    <read><delim>\x0a</delim><match><pcre>                     .      |
</pcre></match></read>
    <read><delim>\x0a</delim><match><pcre>                    . .     |
</pcre></match></read>
    <read><delim>\x0a</delim><match><pcre>                            |
</pcre></match></read>
    <read><delim>\x0a</delim><match><pcre>                     _______|
</pcre></match></read>
    <read><delim>\x0a</delim><match><pcre>                             
</pcre></match></read>
    <read><delim>\x0a</delim><match><pcre>                             
</pcre></match></read>
    <read><delim>\x0a</delim><match><pcre>        . . . . . . . .      
</pcre></match></read>
    <read><delim>\x0a</delim><match><pcre>Incorrect: .*
</pcre></match></read>
    <write><data>:</data></write>
    <read><delim>\x0a</delim><match><pcre>                     --------
</pcre></match></read>
    <read><delim>\x0a</delim><match><pcre>                     |      |
</pcre></match></read>
    <read><delim>\x0a</delim><match><pcre>                     .      |
</pcre></match></read>
    <read><delim>\x0a</delim><match><pcre>                    ...     |
</pcre></match></read>
    <read><delim>\x0a</delim><match><pcre>                     .      |
</pcre></match></read>
    <read><delim>\x0a</delim><match><pcre>                    . .     |
</pcre></match></read>
    <read><delim>\x0a</delim><match><pcre>                            |
</pcre></match></read>
    <read><delim>\x0a</delim><match><pcre>                     _______|
</pcre></match></read>
    <read><delim>\x0a</delim><match><pcre>                             
</pcre></match></read>
    <read><delim>\x0a</delim><match><pcre>                             
</pcre></match></read>
    <read><delim>\x0a</delim><match><pcre>        . . . . . . . .      
</pcre></match></read>
    <read><delim>\x0a</delim><match><pcre>Incorrect: .*
</pcre></match></read>
    <write><data>:</data></write>
    <read><delim>\x0a</delim><match><pcre>                     --------
</pcre></match></read>
    <read><delim>\x0a</delim><match><pcre>                     |      |
</pcre></match></read>
    <read><delim>\x0a</delim><match><pcre>                     .      |
</pcre></match></read>
    <read><delim>\x0a</delim><match><pcre>                    ...     |
</pcre></match></read>
    <read><delim>\x0a</delim><match><pcre>                     .      |
</pcre></match></read>
    <read><delim>\x0a</delim><match><pcre>                    . .     |
</pcre></match></read>
    <read><delim>\x0a</delim><match><pcre>                            |
</pcre></match></read>
    <read><delim>\x0a</delim><match><pcre>                     _______|
</pcre></match></read>
    <read><delim>\x0a</delim><match><pcre>                             
</pcre></match></read>
    <read><delim>\x0a</delim><match><pcre>                             
</pcre></match></read>
    <read><delim>\x0a</delim><match><pcre>        . . . . . . . .      
</pcre></match></read>
    <read><delim>\x0a</delim><match><pcre>Incorrect: .*
</pcre></match></read>
    <write><data>:</data></write>
    <read><delim>\x0a</delim><match><pcre>                     --------
</pcre></match></read>
    <read><delim>\x0a</delim><match><pcre>                     |      |
</pcre></match></read>
    <read><delim>\x0a</delim><match><pcre>                     .      |
</pcre></match></read>
    <read><delim>\x0a</delim><match><pcre>                    ...     |
</pcre></match></read>
    <read><delim>\x0a</delim><match><pcre>                     .      |
</pcre></match></read>
    <read><delim>\x0a</delim><match><pcre>                    . .     |
</pcre></match></read>
    <read><delim>\x0a</delim><match><pcre>                            |
</pcre></match></read>
    <read><delim>\x0a</delim><match><pcre>                     _______|
</pcre></match></read>
    <read><delim>\x0a</delim><match><pcre>                             
</pcre></match></read>
    <read><delim>\x0a</delim><match><pcre>                             
</pcre></match></read>
    <read><delim>\x0a</delim><match><pcre>        . . . . . . . .      
</pcre></match></read>
    <read><delim>\x0a</delim><match><pcre>Incorrect: .*
</pcre></match></read>
    <write><data>:</data></write>
    <read><delim>\x0a</delim><match><pcre>                     --------
</pcre></match></read>
    <read><delim>\x0a</delim><match><pcre>                     |      |
</pcre></match></read>
    <read><delim>\x0a</delim><match><pcre>                     .      |
</pcre></match></read>
    <read><delim>\x0a</delim><match><pcre>                    ...     |
</pcre></match></read>
    <read><delim>\x0a</delim><match><pcre>                     .      |
</pcre></match></read>
    <read><delim>\x0a</delim><match><pcre>                    . .     |
</pcre></match></read>
    <read><delim>\x0a</delim><match><pcre>                            |
</pcre></match></read>
    <read><delim>\x0a</delim><match><pcre>                     _______|
</pcre></match></read>
    <read><delim>\x0a</delim><match><pcre>                             
</pcre></match></read>
    <read><delim>\x0a</delim><match><pcre>                             
</pcre></match></read>
    <read><delim>\x0a</delim><match><pcre>        . . . . . . . .      
</pcre></match></read>
    <read><delim>\x0a</delim><match><pcre>Sorry, the word was ........!
</pcre></match></read>
    <read><delim>\x0a</delim><match><data>Shall we play a game?\x0a</data></match></read>
    <read><delim>\x0a</delim><match><data>\x0a</data></match></read>
    <read><delim>\x0a</delim><match><data>1. Hugman\x0a</data></match></read>
    <read><delim>\x0a</delim><match><data>2. Chess\x0a</data></match></read>
    <read><delim>\x0a</delim><match><data>3. Sudoku\x0a</data></match></read>
    <read><delim>\x0a</delim><match><data>4. Gallon Challenge\x0a</data></match></read>
    <read><delim>\x0a</delim><match><data>5. Safari Zone\x0a</data></match></read>
    <read><delim>\x0a</delim><match><data>6. Chance of Survival\x0a</data></match></read>
    <read><delim>\x0a</delim><match><data>7. Lesson in Futility\x0a</data></match></read>
    <read><delim>\x0a</delim><match><data>8. Quit\x0a</data></match></read>
    <read><delim>\x0a</delim><match><data>\x0a</data></match></read>
    <write><data>3\x0a</data></write>
    <read><delim>\x0a</delim><match><data>Let me help you cheat at sudoku\x2c enter your board n00b:\x0a</data></match></read>
    <write><data>963147528\x0a741825396\x0a852936417\x0a285369741\x0a396471852\x0a174258639\x0a528693174\x0a417582963\x0a639714285\x0a</data></write>
    <read><delim>\x0a</delim><match><data>Solved!\x0a</data></match></read>
    <read><delim>\x0a</delim><match><data>963147528\x0a</data></match></read>
    <read><delim>\x0a</delim><match><data>741825396\x0a</data></match></read>
    <read><delim>\x0a</delim><match><data>852936417\x0a</data></match></read>
    <read><delim>\x0a</delim><match><data>285369741\x0a</data></match></read>
    <read><delim>\x0a</delim><match><data>396471852\x0a</data></match></read>
    <read><delim>\x0a</delim><match><data>174258639\x0a</data></match></read>
    <read><delim>\x0a</delim><match><data>528693174\x0a</data></match></read>
    <read><delim>\x0a</delim><match><data>417582963\x0a</data></match></read>
    <read><delim>\x0a</delim><match><data>639714285\x0a</data></match></read>
    <read><delim>\x0a</delim><match><data>\x0a</data></match></read>
    <read><delim>\x0a</delim><match><data>Shall we play a game?\x0a</data></match></read>
    <read><delim>\x0a</delim><match><data>\x0a</data></match></read>
    <read><delim>\x0a</delim><match><data>1. Hugman\x0a</data></match></read>
    <read><delim>\x0a</delim><match><data>2. Chess\x0a</data></match></read>
    <read><delim>\x0a</delim><match><data>3. Sudoku\x0a</data></match></read>
    <read><delim>\x0a</delim><match><data>4. Gallon Challenge\x0a</data></match></read>
    <read><delim>\x0a</delim><match><data>5. Safari Zone\x0a</data></match></read>
    <read><delim>\x0a</delim><match><data>6. Chance of Survival\x0a</data></match></read>
    <read><delim>\x0a</delim><match><data>7. Lesson in Futility\x0a</data></match></read>
    <read><delim>\x0a</delim><match><data>8. Quit\x0a</data></match></read>
    <read><delim>\x0a</delim><match><data>\x0a</data></match></read>
    <write><data>7\x0a</data></write>
    <read><delim>\x0a</delim><match><data>Wouldn\x27t you prefer a nice game of chess?\x0a</data></match></read>
    <read><delim>\x0a</delim><match><data>A strange game. The only winning move is not to play.\x0a</data></match></read>
    <read><delim>\x0a</delim><match><data>Shall we play a game?\x0a</data></match></read>
    <read><delim>\x0a</delim><match><data>\x0a</data></match></read>
    <read><delim>\x0a</delim><match><data>1. Hugman\x0a</data></match></read>
    <read><delim>\x0a</delim><match><data>2. Chess\x0a</data></match></read>
    <read><delim>\x0a</delim><match><data>3. Sudoku\x0a</data></match></read>
    <read><delim>\x0a</delim><match><data>4. Gallon Challenge\x0a</data></match></read>
    <read><delim>\x0a</delim><match><data>5. Safari Zone\x0a</data></match></read>
    <read><delim>\x0a</delim><match><data>6. Chance of Survival\x0a</data></match></read>
    <read><delim>\x0a</delim><match><data>7. Lesson in Futility\x0a</data></match></read>
    <read><delim>\x0a</delim><match><data>8. Quit\x0a</data></match></read>
    <read><delim>\x0a</delim><match><data>\x0a</data></match></read>
    <write><data>4\x0a</data></write>
    <read><delim>\x0a</delim><match><data>Give me a countdown!\x0a</data></match></read>
    <write><data>0\x0a</data></write>
    <read><delim>\x0a</delim><match><data>CHUG! CHUG! CHUG! CHUG! CHUG! CHUG! CHUG! CHUG! CHUG! CHUG! CHUG! CHUG! CHUG! CHUG! CHUG! CHUG! CHUG! CHUG! CHUG! CHUG! CHUG! CHUG! CHUG! CHUG! CHUG! CHUG! CHUG! CHUG! CHUG! CHUG! CHUG! CHUG! CHUG! CHUG! CHUG! CHUG! CHUG! CHUG! CHUG! CHUG! CHUG! CHUG! CHUG! CHUG! CHUG! CHUG! CHUG! CHUG! CHUG! CHUG! CHUG! CHUG! CHUG! CHUG! CHUG! CHUG! CHUG! CHUG! CHUG! CHUG! CHUG! CHUG! CHUG! CHUG! CHUG! CHUG! CHUG! CHUG! CHUG! CHUG! CHUG! CHUG! CHUG! CHUG! CHUG! CHUG! CHUG! CHUG! CHUG! CHUG! CHUG! CHUG! CHUG! CHUG! CHUG! CHUG! CHUG! CHUG! CHUG! CHUG! CHUG! CHUG! CHUG! CHUG! CHUG! CHUG! CHUG! CHUG! CHUG! CHUG! \x0a</data></match></read>
    <read><delim>\x0a</delim><match><data>Nice!\x0a</data></match></read>
    <read><delim>\x0a</delim><match><data>Shall we play a game?\x0a</data></match></read>
    <read><delim>\x0a</delim><match><data>\x0a</data></match></read>
    <read><delim>\x0a</delim><match><data>1. Hugman\x0a</data></match></read>
    <read><delim>\x0a</delim><match><data>2. Chess\x0a</data></match></read>
    <read><delim>\x0a</delim><match><data>3. Sudoku\x0a</data></match></read>
    <read><delim>\x0a</delim><match><data>4. Gallon Challenge\x0a</data></match></read>
    <read><delim>\x0a</delim><match><data>5. Safari Zone\x0a</data></match></read>
    <read><delim>\x0a</delim><match><data>6. Chance of Survival\x0a</data></match></read>
    <read><delim>\x0a</delim><match><data>7. Lesson in Futility\x0a</data></match></read>
    <read><delim>\x0a</delim><match><data>8. Quit\x0a</data></match></read>
    <read><delim>\x0a</delim><match><data>\x0a</data></match></read>
    <write><data>4\x0a</data></write>
    <read><delim>\x0a</delim><match><data>Give me a countdown!\x0a</data></match></read>
    <write><data>0\x0a</data></write>
    <read><delim>\x0a</delim><match><data>CHUG! CHUG! CHUG! CHUG! CHUG! CHUG! CHUG! CHUG! CHUG! CHUG! CHUG! CHUG! CHUG! CHUG! CHUG! CHUG! CHUG! CHUG! CHUG! CHUG! CHUG! CHUG! CHUG! CHUG! CHUG! CHUG! CHUG! CHUG! CHUG! CHUG! CHUG! CHUG! CHUG! CHUG! CHUG! CHUG! CHUG! CHUG! CHUG! CHUG! CHUG! CHUG! CHUG! CHUG! CHUG! CHUG! CHUG! CHUG! CHUG! CHUG! CHUG! CHUG! CHUG! CHUG! CHUG! CHUG! CHUG! CHUG! CHUG! CHUG! CHUG! CHUG! CHUG! CHUG! CHUG! CHUG! CHUG! CHUG! CHUG! CHUG! CHUG! CHUG! CHUG! CHUG! CHUG! CHUG! CHUG! CHUG! CHUG! CHUG! CHUG! CHUG! CHUG! CHUG! CHUG! CHUG! CHUG! CHUG! CHUG! CHUG! CHUG! CHUG! CHUG! CHUG! CHUG! CHUG! CHUG! CHUG! CHUG! CHUG! \x0a</data></match></read>
    <read><delim>\x0a</delim><match><data>Nice!\x0a</data></match></read>
    <read><delim>\x0a</delim><match><data>Shall we play a game?\x0a</data></match></read>
    <read><delim>\x0a</delim><match><data>\x0a</data></match></read>
    <read><delim>\x0a</delim><match><data>1. Hugman\x0a</data></match></read>
    <read><delim>\x0a</delim><match><data>2. Chess\x0a</data></match></read>
    <read><delim>\x0a</delim><match><data>3. Sudoku\x0a</data></match></read>
    <read><delim>\x0a</delim><match><data>4. Gallon Challenge\x0a</data></match></read>
    <read><delim>\x0a</delim><match><data>5. Safari Zone\x0a</data></match></read>
    <read><delim>\x0a</delim><match><data>6. Chance of Survival\x0a</data></match></read>
    <read><delim>\x0a</delim><match><data>7. Lesson in Futility\x0a</data></match></read>
    <read><delim>\x0a</delim><match><data>8. Quit\x0a</data></match></read>
    <read><delim>\x0a</delim><match><data>\x0a</data></match></read>
    <write><data>8\x0a</data></write>
</replay>
</pov>