<?xml version="1.0" standalone="no" ?>
<!DOCTYPE pov SYSTEM "/usr/share/cgc-docs/replay.dtd">
<pov>
<cbid>service</cbid>
<seed>1fe65557060ba82c39401e7de5f7a6940d84e5a515d3efbe212696f864702b57639ef0b2bf480d1632b778fd056d7646</seed>
<replay>
    <write><data>\x07\xf8HASH\x7f</data></write>
    <read><length>4</length><match><data>L\x08\x97\xd3</data></match></read>
    <write><data>0\xcf\x27 N\x3c7u\x60\x9f\xc9JjvHDR\x05\x0c\x00\x00\x00\x00\x7f</data></write>
    <write><data>0\xcf\xd7\x3e\x92\x89\xd9\x60\xe1L\x7d6\x3d\x10HDR\x05\x0c\x00\x00\x07\x0d\x9cRTS\x00\x00\x00\x10\xc5\xcdFU\xa2\x90\xd1\xd9\xd7\x92K\x9c3\xc2\xe8vARTS\x00\x00\x00\x7c\xd6\x3e\xbe\xd9\x8c\x9cT\x8bM\x94\x90\xef\xbbm\x92\xb3XMp\xc5\x9ee\x8e\x0f\xe7\x05\x17\xae\x7b\x5bt\xfd\x29I\xcf\x12C\x1f\x97\x60\xd1\x03\x0c:\xaa\x7e\x3e\xf4\x1c\x9e\x23\xab\x9b\xfd\x1d\x11\x240\xaa\x99\x06\x99\xf9\xb0\x12g\xd3w\xd5\xe9\x14\x8bI\x2a\x1a0\x126\x7b4\xcc\xbe\xe0\x2d\xad\xba\xe4\x15\xf06!\xe8h\x1b\xdb\x19\x7c\xb87\xbc\x18\xd5X\xfd\x3b\xcf\x29\x3b\x5cn\x5ct\xfa\xb3\xdf\xddY2\xb9\xab\xeb\x29\x24\x89\x40ARTS\x00\x00\x01\x14\x17\xec\x27\x3d\xa9Qx\xd1\xe6\x5c0\xa8 \xf1\x5f\xb0\xad\xee\x7e\x3eY\xcd\xea\x9d\x03\xef\x9d\xd1\xf0\xb5\xe2\xfa\x22n\xbe\xa7\xd4\xbb\x9b\x85\xde\x18QO\x5c0\xcc\xbb\xc48\xd1Y\x0c\xce\x5eW\x1e\x2bd\xa2\x0fa\xea\xe1\xc4\x15\x40\x2f\x87vXl\x8f\x04\x09\x95\xa2\xe2\x22\xd6\xc9\x3d\x92\xc9\x95\x7b\xeb\xba\x15\x28\xda\xaff\x98\xd5S\x3d\x17\x96\xc2\xb2\x89\xe0\xe0G\xe1A\xe8\x0c4\xf7\xd5h\x8f\xac\xc2\x82\xd1\xaaJ\x8dq\x0b\xff\x95f\xf2\x1fXZQ\x8e\x5eX\x950 \x8e\xfa\x2cgs\x5cn\xa2\xc8\x90\x7e?1\x1f\x1bk5\xa0\xdaX\xd3\xb81r\x89TITL\x00\x00\x01D\x2f\x2a\x5c3hO\xa10\x1d\xb4\xe9\xf6Y\xaa\x2a\xdc\x18\xbc\x28\xbb\x03I\x8d\xff\x1c\xb4\xf1\x98S\xd7\xfa\xffD\xf30\x26\x3e\x60\x83\xad\xd7\xda\xd1\xf9\x8c\xf3\x5cb\xc6\x16H\x1bE\xda\xc4\x9a\x1c\x24\xc2\x9f\x93\x8b\xaf\xb4\xa8\x24\x5ct\xba\xe5\xc3\x86\x9b\x22\xbb\x5c0\xb6\xae\x9et\x1c\x9et\x22\x15i\xc0\xae\xae\x02\xfdDk\xe3\xa9\x27\x8e\x9fV\x1d\x12\x82\xe2\xf4\x197n\xa3\x1b\x06\xbe4\xff\xbe\x0c\xb0\x81Z\x85CvI\xbc\x28\xff\x27\xd8\xabL\xb6\xa1\xa0\x11CA7\xda\x04\x95\x1fw\xe4\xa4\x8f\x3e\x0e\xbf\xa2\xf0a\xa8\xd9 z\x5e\xbb\x92\x3cyP\xa8\xc0l\xc6V\x97T\x93x\xdb\xa6\x0cQ\xd9\xcc\x9e\xe8\xf7\xa1Mdv\x0c\x0d\x9d\xad\x07\xf0\x83\x5c0nH\xb6\x84Y\x9d\xb8:.\xbf\xea\x5c\x0cv\xb01ARTS\x00\x00\x01\x29\x92 \xf3\xc5\xd7v\xf4q\x27N6\xb0tG\xc7\xde\x82\x8f\x5cn\xd8\x19:\x93\xdf\xcdJ\xb0\xc2\xc2\x3e\x95\xe8\x0cQji\x86\x97\x15\xf0\x0eq\x0f\x9a\xaaf\x29\xdf\x88\x11\xfe\x5ct\xab\xd6\x3cd\x93\x88\x93\x8d\xa1d\xden\x5ct\xe7J\xff\xda\x25\x15\xe2\xcdG\x3cp\x22\xefO\xce\xb3O\x0cM\xd1P\x8f\xe4\x98\xcc\xb24\xe6\x07\x2f?\x86\xf6\xeb\xb3\x261\x90\x84\x8f\xe9c\x88V\xae\xdc\xec\xe7\x84\x5e7\x03\xa3j\xc3\x03\xf9\x02t\x92F\x90\xc9:\x19\x07\xd9\x29\xe757\x03\xacW2\xd4\x01.z5\xe0\xfb\xa7\x06\xda\xe1:\xf9\xb3\x86\xd3S\x94\xec\xea\x25\xb5\xc0\xc31\xdcALBM\x00\x00\x01\x09\x9bj\x0eT\x5cn\xbc\xe9z\xa7\x88\xdeE\x5ct:\x0f\xe5 \xd0\xff\xa1\x877\xdep\xd4\xado\x18\xaeS\x87\xc4R\xfa\x1f\x3e\x812I\xe3z\x1aRo\x40\xa1i\xa9D\x5cn\xb7\x7d9\xf2\x5cb\xf7\xd5\xb3\x82tJ\x10\x07\xe10\x2b\xeb\x14\x8e\x15\xcboG\x06\x9d\xa36w\xb4\x82\x01\xb9\x02\xe0V\x5f\xd4\x8d\x5ct\x7c\x90\xe8\x81!\xf4\xa4\xd6\xae\x83\x83\x24m\xc3\x0b\xff\xf9\x1eQ\x8c\x90g\xeb\xc7A\x04\x05\x8f\xbf\xe1\xb7\x18U\xb5\xedO\x5ctsk\x11\x2cG\xbe\xa7\x12\x96:2\xea\x5ctY\x9b\x2fARTS\x00\x00\x00?\xfd\xf6\x10Tx\x10\xa6\x96\xe0\xbc\xd7\xdceL\x14\x1c\xbc\x12s\xeb\xe0Jo\x28C\x5f\x1e\x9c\x95\x8c\xbf\xe5\x9c\xdf\x85\x5f\xd3\xbd\xc3c\x831\xe9\xf3\xcc\xbe\x88\xfe\xc1\xfa\x00\x94qb6\x8d\x60\x8dL\xd6\xbb\x82\xd4\x7f</data></write>
    <read><delim>\x0a</delim><match><data>Title: \x2f\x2a\x5c3hO\xa10\x1d\xb4\xe9\xf6Y\xaa\x2a\xdc\x18\xbc\x28\xbb\x03I\x8d\xff\x1c\xb4\xf1\x98S\xd7\xfa\xffD\xf30\x26\x3e\x60\x83f\xd7\xda\xd1\xf9\x8c\xf3\x5cb\xc6\x16H\x1bE\xda\xc4\x9a\x1c\x24\xc2\x9f\x93\x8b\xaf\xb4\xa8\x24\x5ct\xba\xe5\xc3\x86\x9b\x22\xbb\x5c0\xb6\xae\x9et\x1c\x9et\x22\x15i\xc0\xae\xae\x02\xfdDk\xe3\xa9\x27\x8e\x9fV\x1d\x12\x82\xe2\xf4\x197n\xa3\x1b\x06\xbe4\xff\xbe\x0c\xb0\x81Z\x85CvI\xbc\x28\xff\x27\xd8\x822\xb6\xa1\xa0\x11CA7\xda\x04\x95\x1fw\xe4\xa4\x8f\x3e\x0e\xbf\xa2\xf0a\xa8\xd9 z\x5e\xbbx\xdb\xa6\x0cQ\xd9\xcc\x9e\xe8\xf7\xa1Mdv\x0c\xac\x1b\xad\x07\xf0\x83\x5c0nH\xb6\x84Y\x9d\xb8:.\xbf\xea\x5c\x0cv\xb01\x0a</data></match></read>
    <read><delim>\x0a</delim><match><data>Album: \x9bj\x0eT\x5cn\xbc\xe9z\xa7\x88\xdeE\x5ct:\x0f\xe5 S\x87\xc4R\xfa\x1f\x3e\x812I\xe3z\x1aRo\x40\xa1i\xa9D\x5cnf\x7d9\xf2\x5cb\xf7\xd5\xb3\x82tJ\x10\x07\xe10\x2b\xeb\x14\x8e\x15\xcboG\x06\x9d\xa36w\xb4\x82\x01\xb9\x02\xe0V\x5f\xd4\x8d\x5ct\x7c\x90\xe8\x81!\xf4\xa4\xd6\xae\x83\x83\x24m\xc3\x0b\xff\xf9\x1eQ\x8c\x90g\xeb\xc7A\x04\xaf\x8f\xbf\xe1\xb7\x18U\xb5\xedO\x5ctsk\x11\x2cG\xbe\xa7\x12\x96:2\xea\x5ctY\x9b\x2f\x0a</data></match></read>
    <read><delim>\x0a</delim><match><data>Artist: \xfd\xf6\x10Tx\x10\xa6\x96\xe0\xbc\xd7\xdceL\x14\x1c\xbc\x12s\xeb\xe0Jo\x28C\x5f\x1e\x9c\x95\x8c\xbf\xe5\x9c\xdf\x85\x5f\xd3\xbd\xc3c\x831\xe9\xf3\xcc\xbe\x88\xfe\xc1\xfaa\x94qb6\x8d\x60\x8dL\xd6\xbb\x82\xd4\x0a</data></match></read>
    <write><data>p\x8fK\x1e\x86 \xe7\x2bt\xca\x14r\x916\xcb\x8b\x8c\x0e\x40e\x04\xd8\xa8Z\x60!.b\x3d\x3bHDR\x05\x0c\x00\x00\xed\x17TITL\x00\x00\x00\x40\x17\xbe\xad\x11\xd4\x27\xe7\x2c\x04\xd4u!\xeb\x02\xc7\x5d\x87c\xe3.\xd7s\xf8\xe6o\x13\x3e\xce\x10\xbe\xde\x5e\x1c\xc8RG5\xb2\xf0\x96\x8f\x9a\xc4\xda\xe3\x15\xcf\xe2\xa7\x9e\xe2\x80A\xe9l\x94\xce\x5c\x3c\xb5\xe3\x22\x99\xe8ALBM\x00\x00\x00!\x7b\xcdE\xf4\xd7C\xa3\x15\x5fdc\xb1\xc2\x96\x9cW\x7e?QQJn\x8fE\x40\xa8\x90\xbb1\x5b\xadCa\x0fARTS\x00\x00\x00Q\x7e\x3ed\xc9\x1d\xc8\xb4\xd6\xa9Q\x0bU\xc2\x9b\x966\xc3\x88\x15\xde\x7e\x3ezj\xfa\x2a\x22q\xf5\xa6Z\xea\xa4\xd2\x9e\x27\x05\xd5\xac\x8e\x3e\x1f\x84 \xe2\xb5\x1a.\xecD\x29\xe6m\x8e\xbd\x1e\x15\xf8Y\xb3\xd0\x1b\x1d\xe8wF\xa3\xd0\xfb\x01N\xd7N\x29\x5ct\xc7\x93K\x3e\x91\xb9\x5cTITL\x00\x00\x00v\xd2k\x0d\xe20\x8b\xac\xf9\x5b\xa8\xc0\x2c\x5d\x17\x15\x1bC\xdf\x7c\x96\xe1\xc2\xb80\x13\xe9\x7d\xa5iLZ\x84\x26\x5c0\xf1\xf9\xdb\x9c\x0fo\xd7\xdey\xb4\x1c\x25\x2dh\xcb\xdaY\xc2x\xc88uz\x94\xb6\x7b\x29\xa8 \xb4\xcd\x5ct\xcfYX\x23\xee\xaes\x94\xbe\x2c\x3eQ\x16\xe3 \x12\x7e\x3e\x3b\xe6?\x12W4\xcc\xd2\xad\x5c0\xb70y\xb9\x1e\x93\x26D\x84\x2c\xe2\x5d\xd5\x8b?\xb8c\x14?\xcdJrDg\xe4nd\xc3\x86g\xbeC\xf4\x7d\x7c\xa5\x97\xa5\x26\xdbjR\xb0NL\x9dg\xa2\x3e\x7e?!\xa3LM\x00\x00\x01Gl\x95\x2a\xb6\xb7z\x7e\x3e\xc6E\x40\x400\xc1\x2fp\x2du8\xc7\x99\x27Q1J\x0e4?y\x25\xdaz\x24\x3cg\xf4\x94\xd7w\x90\xb56\x7dX\x5f\xf4\xcch\xfb\x607w9O3dT\xcd\xc3\xab\xd90\xd3p\xe6\x28\x99\xefPhu7\x97\xf1\x2c\xbb\xb5y\x3c\x22tH\x0c\xd0\xf3\x7c\xb5T\x91\xc8\xf9\x90\x03\x40\xea\x24K\x81zr\xd8\xfc\xc7\xe8\x96\xd4\x91\xa6\x27\xb8\xb8\xee\xb0WJA\xfa1\xdcSi\xd4\xc8\x5d\xcaL\x10\x89\xf1\xbb\xd5\xf8\x27\xb0\x87\x1f\xba\xbdD\xbf\xd6\xealy\x04o\xdbj\xa2\xd6E\xb4\xc6\xcd\xef1\xfb\x1e\xd6\x5c0\x9e\xed\x2d\xc7\xc1\x3bl\x9a\x9f\xd45\x9b\x2a\x18\xb6\x8b\xd6\x0e\xc8\xcb\x0e\xa5\xab\x5cr\x83\x3e\xce\xf1\x5ct\x7cjrR\x18\xb9\x2d\xdb\x04\x8eQ\xdd\xe2\xa0\x23A\xa7\x1e\xa9\x93\xdf\x5cn\x90\xcayH\xf8\xa9\x7e\x3ew\xa7Hl\xd6\xa8\x7f</data></write>
    <read><delim>\x0a</delim><match><data>Title: \xd2k\x94\xe20\x8b\xac\xf9\xf9\xdb\x9c\x0fo\xd7\xdey\xb4\x1c\x25eh\x7e\xdaY\xc2x\xc88uz\x94\xb6\x7b\x29\xa8 \xb4\xcd\x5ct\xcfYY\x23\xee\xaes\x01\xbe\x2c\x3eQ\x16\xe3 \x12\x7e\x3b\xe6?\x12W4\xcc\xd2\xad\x5c0\xb70y\xb9\x1e\x93\x26D\x84\x2c\xe2\x5d\xd5\x8b?\xb8c\x14?\xcdJrDg\xe4nd\xc3\x86g\xbeC\xf4\x7d\x7c\xa5\x97\xa5\x26\xbfjR\xb0NL\x9dg\xa2\x3e\x7f\x0a</data></match></read>
    <read><delim>\x0a</delim><match><data>Album: l\x95?\xb6\xb7z\x7e\xc6E\x40\x400\xc1\x2fp\x2du8\xc7\x99\x27Q1J\x0e4?y\x25\xdaz\x24\xa3g\xf4:\xd7w\x90\xb56\x7dX\x5f\xf4\xcch\xfb\x607w9O3dT\xcd\xc3\xab\xd90\xd3p\xe6\x28\x99\xefPhu7\x97\xf1\x2c\xbb\xb5y\x3c\x22tH\x0c\xd0\xf3\x7c\xb5T\x91\xc8\xf9\x90\x03\x40\xea\x24K\x81zr\xd8\xfc\xc7\xe8\x96\xd4\x91\xa6\x27\xb8D\x85\xd6\xealy\x04o\xdbj\xa2\xd6E\xb4\xc6\x8a\xef1\xfb\x1e\xd6\x5c0\x9e\xed\x2d\xc7\xc1\x3bl\x9a\x9f\xd4j\x9b\x2a\x18\xb6\x8b\xd6\x0e\xc8\xcb\x0e\xa5\xab\x5cr\x83\x3e\xce\xf1\x5ct\x7cjrR\x18\xb9\x2d\xdb\x04\x8eQ\xdd\xe2o\x23A\xa7\x1e\xa9\x93\xdf\x5cn\x90\xcayH\xf8\xa9\x7ew\xa7Hl\xd6\xa8\x0a</data></match></read>
    <read><delim>\x0a</delim><match><data>Artist: \x7eQ\xc9\x1d\xc8\xb4\xd6\xa9Q\x0bU\xc2\x9b\x966\xc3\x88\x15\xde\x7e5j\xfa\x2a\x22q\xf5\xa6Z\xea\xa4\xd2\x9eC\x05\xd5\xac\x8e\x3e\x1f\x84 \xe2\xb5\x1a.\xecD\x29\xe6m\x02\xbd\x1e\x15\xf8Y\xb3\xd0\x1b\x1d\xe8wF\xa3\xd0\xfb\x01N\xd7\x2d\x29\x5ct\xc7\x93K\x3e\x91\xb9M\x0a</data></match></read>
    <write><data>p\x8f\x8aO\x94\xb0\xa6\xfb\x5e\xb0\x22\x8a\xb6\x17\xfa3\x82\x94\x7e\x3e\xd8\xb4\xde\x13B\x28\x1f\x7b\x7c\xa1\x8bHDR\x05\x0c\x00\x00\x00:AkBM\x00\x00\x002\x05\x04\xa2\xc37Kv\x25\x83\xcb\xd6\xc8\x8c\x0c\x86\x84\xae\xd0\x8d\x1c\x0b\xa9\xc1\x8b\xc7\xaf\xa2\x5c05\xe1x\x16\x22Y\xd9RpH\xd0\x2b4\x3b\x06\xc4Y\xed\x82\x92\x86\x7f</data></write>
    <read><delim>\x0a</delim><match><data>Album: \x05\xa4\xa2\xc37Kv\x25\x83\xcb\xd6\xc8\x8c\x0c\x86\x84\xae\xd0\x8d\x1c\x0b\xa9\xc1\x8b\xc7\xaf\xa2\x5c05\xe1x\x16\x22YjR\xa8H\xd0\x2b4\x3b\x06\xc4Y\xed\x82\x92\x86\x0a</data></match></read>
    <write><data>P\xaf!s\x17\xeb\x14\xb0\x0a\xb8\x0e\x2cK:\xb3O\xe8TD!\x09\xecHDR\x05\x0c\x00\x00\x00QTITL\x00\x00\x00IQ\xea\xe8o\xa96j\xba\xc7x\x17\x14\x86\xe5d\x1d\x17\x1fZ\x3e\x28\x03i46q\xcc\xc5!\xe2\xd9TaO\xee\x1e\x1d\x2c\x0bM\xcaX\x90\xd5\x12\x2f\xb6\xa2\x98\x7b\x5b\xd6\xa1.\xf3\x11\x06\xf8\x83\xff\xe8\x17\x8be\x0e\xd9\x7d\xba\x27\xfb\x8e\x29\x9c\x7f</data></write>
    <read><delim>\x0a</delim><match><data>Title: Q\xea\xe8o\x986j\xba\xc7x\x17\x14\x86\xe5d\x1d\x17\x1fZ\x3e\x28\x03i46q\xcc\xc5!\xe2\xd9TaO\xee\x1e\x1d\x2c\x0bM\xcaX\x90\xd5\x12\x2f\xb6\xa2\x98\x7b\x5b\xd6\xa1.\xf3\x11\x06\xf8\x83\xff\xe8\x17\x8be\x0e\xd9\x7d\xba\x27\xfb\x8e\x29\x9c\x0a</data></match></read>
    <write><data>\x40\xbf\x1d\xf38f\x902\x2aw!0a\xb5\x5d\x895JHDR\x05\x0c\x00\x00\x00\x00\x7f</data></write>
    <write><data>0\xcf\xa7\xcf\xf5p\xa0\xd0\xe5\xbcS\x10\xea\xeaH\xb1R\x05\x0c\x00\x00\x00\x1fARTS\x00\x00\x00\x17\xfd\xc912\xb6h\xd9F\xb7Ax\xba\xfdR\x9e\x1c\xc2\x8bvD\x18\xe8\x5e\x7f</data></write>
    <read><delim>\x0a</delim><match><data>Artist: \xfd\xc912\xb6h\xd9F\xb7Ax\xba\xfdR\x9e\x1c\xb4\x8bvD\x18\xe8\x5e\x0a</data></match></read>
    <write><data>\x40\xbf\x90\xa4\xa0\xa9\x2a\x137\x9f\xa2\xb9\x02\x5f\x1f\x1bk\x2aHDR\x05\x0c\x00\x00\x0cZALBM\x00\x00\x01\x08\xac\xf0\xa1!\xd7\x5ct\x1e\xb0\xff \x91\xb0m\xf0\x5c0\x07\x97p\xe1\x83 \x25\xa1\xf2Q\xbb\xae\x12\xd17D\x5d\xc8\xc47\x0eG\xb9\x60\xa9brr\xe0\x1f\xed\x18\x89\x93uf\x03\x26\x5dP\x9f\x2a\xf1V\x5f\x9b\x1c\xd2\x8a\xeeI\x26\x3e\x9a\xd2\xd8L\x603h\xf5Al\xa3\xfaW\xebc\x0b\x2b\x24\xd4\x23\x81e\xe2\xa1W\xe9\x28\x1a\xbe\xf7\xb2\xbfeWt.\xd7\xae\xe2\xa7\xa0e\xac\x22\xbe\xc1\xa7\xad\xe4\x07\x81\x93\xb4\x3dL\x98\x10\xdc\x85\xc7\x84\xac\xb1\x8b\xc8\xc1TITL\x00\x00\x00\x0d\x25\xfa\x40\x9da\x80w\x03\xc9\xeb\xc2\xd7\xd7ARTS\x00\x00\x00\x5b\x8a\x2c\x8d\x81\xabq\x24\xdc\xc3\x0b\x89\xe7\x1c\x5cr\xa8\x23\xef\xb7\xef\xcc\xc8b\xb7\x3bF\xaf\xaek\x5e\xd1\x16\xc0\x7b\x04\xac\xa7\x9d\xb8\x3dg!\xf5\xb9\xd9H0\x9dl\x02\x8b\x3bE\x86z\xa9\xb0\x82\xb2\x01\xaa\x10\x256\xcf\x60L\xc0\xab5\x92\x2dsda\x2a\xbb\xa1\xb1\x94\xf4\x5ct\x0f\x89\x9a\x7c\x02\x95x\x93\x5c\xe9\x95\x2a\xe6JYr\xa0\x5cb\x80X\x9b\xdf\xa8ALBM\x00\x00\x00\x169\xb3\x85\x102d\xf1\x17\xeb\xfd\x99\x22\xb2C\x193\xb3\x80x\x2d\x8d\x1dALBM\x00\x00\x00?\x2b\x8d\xb1P\x0b\x87\x01\xa7\xb4\xb7c\x8b\xa9\xd1\x83g\xe8q\x5b5\xd7\x23 Dt\x5b\x97\xce\x5c0\xedu\xee\x5cr\x7b\xe8\xf5\x01\x5ctJ\x2b\xcb\x3b\xb5\xf4\x26\xec\xb0\xc1\x90ni\xb6\x5f!\xbd\xac\xb6\xfe\x8a\xefARTS\x00\x00\x004\x5cbx\x7c3\x1b\xe8Z\x93dt\xb9\xcd\xb0g\xd8\xc0o\x07\x98\x1c\xda\xe4M\xfb\xa3B\x84C\xec\xad\x9e\xbetW\xfd\x7d\xb5\x5ctX\x1f\x85\xd1\xeb\xc43\xb4\xda\x2d\xeeYARTS\x00\x00\x01\x05\xbbD\xe9\xe89E\x1d\xd8\x29\x82\x81\xddj\xc6\x19\x1fQFM\xdc\xf4\xdeE\x1fUq\x1dwqh\x8f\x9a\xcc\xe8\xcc\x14\xde\xce\x96\xfc\x06\xdcj\x5e0\xb8\xb8\x3d\x88a\x25\x0b\x3e\x22\xd9\x5c\xb8\x92\xe2\xda\x7c\xc6\xca\x7ci\xc17a\x80Q\x2f\x91\xb3\xe6\x27\xa2\x85n\xc6\x3d\xdd\x0b\xf83\xa4\xd1\x1f\xc9\x5c0l\x12\x1am\x81\xaf\x1d61\x5d\x25X\xfa\xca\xe4\x12B\x89\x7e\x3e\x90N\x2f\x93\xd1hA\xd8\x7d\xf7\xb3\x80\x5cpt\x88\xcb\x94\x0e\xac\x1a\xeev\x2fE\x89U\x5cb\x7e\x3et\x1a\xe3\x97RK\x8d\xfe\xc1\x5cARTS\x00\x00\x00U\x29k\xc0\x8c\x5c0S\xc6\x12s\x2c\xd1\x9d\xe0J\x93\x22\x5c0NTz\xac\xfc\x9a6\xff\x06y\x7b\xe7\xf0\xc1aq\xa8\xa1\xf8\xee\xd0\x03t\x98\xf3\xec\x8a\xbc\x22\x89\xbb\x7e\x3e2\x0e\x5ek\x5ct\xc0\xc6i\xdc\xadnx\xd9P\xabD\xfb\x2b4\xfc\x8d\x80\x40\x3d\x1fy\xa1\x0b0P\xaa7D\x86ITL\x00\x00\x00T \x96\xc1\xf6\xd4\x99\xc3\x3b\xc5\xdb\xf0\x9b\x2a\xee\xc0\xd5\xfe\xdf\x13\xe3 \x0c\x2aW\xcd\xac\x14\x5e\xd6M\x227E\x3e\x5cB\x99\xce\xe8\xdaE\x89\x94\x86\x16\x99\xeb\x85\x12\xb6x\x08fg\xfc\x8d\x11\x3d\xec\xa8\x16D\xe3\xc6\x800\x19\x5b1p6\xd4GK?\x0b\xfe\xfdt9o\xeax\x5d\x80\x14\xcc\x7cd\xdb\x19R\x23\x96\x5cr\x11\x2b?\xb6ARdS\x00\x00\x00Z6\x2az\xa8\x7d\xc8\x5cr\x10\xe3\xb1\xda\xf2\xe9\x06\x92\xf4\xa9\x105\xa4y\xd6\x7cX\xfd\xc3\xdc\x8d\xc0\x93\xa1\x04\xd3\x0b\x2f\x1a\xd1o\x87:D\xb8\x86\xe3\xf3t\x60\x87\xfb\xb95\xda\x5c\xf1\x7e\x3e\xcf\x5d\x06\x7e?\x3bPJ\xde\xf0\x9b6\xcc\xc0\x5c0b\xc3\xeb\x93\xdb\x98G\xe2\x28\xba\x2f\xbc\xc7\xea\xc7\xfe\xe3M\x24ALBM\x00\x00\x00\x7c\xf8\x9d\x5cb\xff\x16:C\x1f\x01\xf5\xdf\x3e\x2a\xa7\x8a\xa9ha\xb5n\xbfI\x3c\xa3\xfav\xabxA\x01.N4h\xe1\xa4\x7e?\x8d\x1e\x28\x92\xde\x99\x96q!Z\x25\x2ffQQJ\xbe\xa2\xa9\x7c\x97\x5cn \xb2Yo9\x7b\xa7\x903\xcc\x83\x5cb\x3c\x1e\xcdg\xb7?\x5c\x5c\xaf\x18\x83\xf4v\x10\x5cby\xcf\xfa\xdec\xddX\xb7\xf5b\xe5\x90\x10\x11\xda\x81b\x0c\xeeMR\x8a\xf0\xc29b\x98\xef\xe6\xcc\x3e\xc3\x82D.\xd0H \x83\x13\x07S!W\x83\x18T\xe8\x0f\x83TITL\x00\x00\x01E\xea\xb3\xcb\xb1\x89\x05\xb0\xc6X\xc8h\x9b\x1a\xe2\xa8\x9a\xe7\x25\xdf\x2b\x29\x95\xb0\x2b\x91\xf1\xb3r\xf4\xc5\xc0\xbd\xa7f\xab\xc5\xd3\xfc\x7bA\xfb\x11\xb05\xbd\xc2\x26\x15Y\x82\xe0\xee\x8f \xfd2Xh\xf3\x0e\xb2\xe4\x5f\x8c\xdck\xc9\xf7\xbb\xff\x27\xf1\x5c\x0c\xff\x13.U\x81\xd5\xaa\xfek\xd0\xc98b\xf18H\x07al\x89q\x5d\x5cr\x14t\xe4\x0b\x15\xd1\x1a\xbf\xddju\xb1\xab\x87\x9b\xda\xcf\x5ct\x84Q\xfe\x96l\xae\x0c\xef\xb9\xbb\x83\x85\x2d\xc4\x05\xdf\x40\x80\xb0\xec\xa2Y\x3e\xa156\x02N\xa4\x1e\xc1\x5cn3\x82\x27L\xbc\xc93n\xa7h2\x80\xed9\xb6a\x5e\xe3\xf9\x3d\x5d\x40\xea\x88K\xfeiZ\xaf\xa1\xff\xc5J\x15\x03\x27\x1e\xfa:\x5f\xc1\xe3\x8f\xcb7\xf0\x10\xc8\xb0\xd3\x14Z\x01A\xcb\x92\xf6\x94G\xec\x18ijTITL\x00\x00\x01\x1d\xa1\x89.\xe9\x0e7\x1c\xc2\xe3\x2c\xd3\xac\x061\xc3\x86\x83\xc3\xf3\x05\x04\x282A\xb5\x7bG\xd4k\x89\x7e?\xee\x92\x17?VV\xcf7\xd1\x94\xc8\x9a\x13\xe0\x23\xc8\xa0\xf6H\x85\x0b\xc8\x825\xc4\xac\xcaE\x02\x9a\xb1\xc0\x94F\xb9\xb2a\xda\x1b\xb9\x13\x9fbe\xc8\x80\xed\xe6\x29Q\x0f\xa95\xa1\x04\x9d\xb5K\x05OM\x8a\xea\x1f\x2dnTeZ\xc0\xc8\x1d\x3b\x5b\x82o\x5c0\x7d\x04\xab\xf9\x8a\xa8y\x1e\x10\xa9M8\x2d\xd7\xac2\xec\xc8\xb0\x5f\x1fk\xc6\xb2\xa0\xf7?\x0b:\x0e\x0c\x02\xd7\x80\xb1\xe2\x5ce\xd3!\x9cL\xa6\x27\xd6\x06\x5cbALBM\x00\x00\x01\x00\xf5\xbd\x2fh\x81O\x22\x27\xaa\xbe\x28j\xf51K\x90\x29\x06!\x5c0\xc7\xe5\x13\x9a\x1c\xc0JT\x28\x18\xf3\xe2B\x0e\xaco4\x0f\x03\x1fk\xea\xd1 z\xf4B\xee\x0c6\x96S\xa0Q\xf2uE\xa8\xdb\xd8\xd92\xf4\x07O\x02\x919s\x826\xb7\x06\xfc!\x27tT2\xc5b\x7e\x3ey\x1eZ\xc6\xcff\xb7\xc5\xbap\x16\x0eLi\x94\xa0J\xf4\x3ca \xfc\xe9\x83\xc6\x07o\x0c.\x8a\x0b\x16\x812\x1b\x04\xf9\xd3m\xd9\xf4\xcayS\x95\x04\xfc\x11\xd1\xe7t\xf0\x952\xca\x5c\x1d\x84\xa3\xa2\x93ARTS\x00\x00\x00A\x5cba\x8c\xcfw\x8f\x80kDK\x97U9t\xa3\x60L\xc5\xc1\xde\xd6\x27\xe7\xe14\x2b\xe2\xc4\x7bU\x5b\xc3\xf78\xeb\x0b\xd6\x5d\xd3OHcF\xb0\x19\xd8\xa9\x81\xe5\x8c\xc1\x9b\xd5I\xac\x9e\xaa\xd5\xbc\xf0d\xa5\xfeWARTS\x00\x00\x00:\xe0\xd9\x9e\xd8\xc6\xf7M\xfa\xfa\x0f\xd9\x0f\xc5Z\x28\x25I\xc5\x81\x0f\xfc\xe0\xf8\x96\xa0\x9b\x7ceOh\xda\x5ct\xc2\xb6\xe6y\x8c\xbf\x24ni1z\x937\xa6I\x03\x97\xb7\x0e N\x81\x8f\x01\xb4\x7f</data></write>
    <read><delim>\x0a</delim><match><data>Title: \xa1\x89.\xe9\x0e7\x1c\xc2\xe3\x2c\xd3\xac\x06\xaf\xc3\x86\x83\xc3\xf3\x05\x04\x282A\xb5\x7bG\xd4\xdf\x89\x7f\xee\x92\x17?VV\xcf7\xd1\xae\xc8\x9a\x13\xe0\x23\xc8\xa0\xf6H\x85\x0b\xc8\x825\xc4\xac\xcaE\x02\x9a\xb1\xc0\x94F\xb9\xb2a\xda\x1b\xb9\x13\x9fbe\xc8\x80\xed\xe6\x29Q\x0f\xa95\xa1\x04\x9d\xb5K\x05OM\x8a\x15\x1f\x2dnTeZ\xc0\xc8\x1d\x3b?\x82o\x5c0\x7d\x04\xab\xf9\x8a\xa8y\x1e\x10\xa9M8\x2d\xd7\xac2\xec\xc8\xb0\x5f\x1fk\xc6\xb2\xa0\xf7?\x0b:\x0e\x0c\x02\xd7\x80\xb1\xe2\x5ce\xd3!\x9cL\xa6\x27\xd6\x06\x5cb\x0a</data></match></read>
    <read><delim>\x0a</delim><match><data>Album: \xf5\xbd\x2fh\x81O\x22\x27\xaa\xbe\x28j\xf51K\x90\x29\x06!\x5c0\xc7\xe5\x13\x9a\x1c\xc0JT\x28\x18\xf3\xe2B\xd8\xaco4\x0f\x03\x1fk\xea\xd1 z\xf4B\xee\x0c6\x96S\xa0Q\xf2uE\xa8\xdb\xd8\xd92\xf4\x07O\x7ey\x1eZ\xc6\xcff\xb7\xc5\xbap\x16\x0eLi\x94\xa0J\xf4\x3ca \xfc\xe9\x83\xc6\x07o\x0c.\x8a\x0b\x16\x812\x1b\x04\xf9\xd3m\xd9\xf4\xcayS\x95\x04\xfc\x11\xd1\xe7t\xf0\x952\xca\x5c\x1d\x84\xa3\xa2\x93\x0a</data></match></read>
    <read><delim>\x0a</delim><match><data>Artist: \xe0\xd9\x9e\xd8\xc6\xf7M\xfa\xfa\x0f\xd9\x0f\xc5Z\x28\x25I\xc5\x81\x0f\xfc\xe0\xf8\x96\xa0\x5f\x7ceOh\xda\x5ct\xc2\xb6\xe6y\x8c\xbf\x24Ui1z\x937\xa6I\x03\x97\xb7\x0e N\x81\x8f\x01\xb4\x0a</data></match></read>
    <write><data>\x00\xffHDR\x05\x0c\x00\x00\x00nALBM\x00\x00\x00f\xd3\xdag1\xd6\x87\xaa\xa4\x29\xf5\x92\x10\xe2\x11\x2d0\xfb\xdd\x17K\x04\xc4\xd9\xa7\xa0\x9f\xfau\xc4\x81\xd3T\x03\xa9\xbf\x1e\x2az\x5c\x0f\xcf\xd7\xd5\x23\x01X\xbaB\xc1\x5e\xd7\xafw\x5ctQ\xd6a\xd8z\x7b\xd7m\xca\xbc\xa0\x9b\xdb\xf1\x0f\xd7\xff\xba\x5d\x12c\x2bL\x90\x91MCn\xdbA\xd9\x5c0\x06O\xaf\x91BI\xf4\x96s?k\x98\xcd\x02\x7f</data></write>
    <read><delim>\x0a</delim><match><data>Album: \xd3\xdag1\xd6\x87\xaa\xa4\x29\xf5\x92\x10\xe2\x11\x2d0\xfb\xdd\x17K\x04\xc4\xd9\xa7\xa0\x9f\xfau\xc4\x81\xd3T\x03\xa9\xbf\x1e\x2az\x5c\x0f\xcf\xd7\xd5\x23\x01X\xbaB\xc1\x5e\xd7\xafw\x5ctQ\xd6a\xd8z\x7b\xd7m\xca\xbc\xa0\x9b\xdb\xf1\x0f\xd7\xff\xba\x5d\x12c\x2bL\x90\x91MCn\xdbA\xd9\x5c0\x06O\xaf\x91BI\xf4\x96s?k\x98\xcd\x02\x0a</data></match></read>
    <write><data>\x40\xbfDjL\x2f\x18\x7e?\x98\xe5M\x0fH\x90\xeb\x19j\x06HDR\x05\x0c\x00\x00\x03QALBM\x00\x00\x00vj\xc07\x0e\x7c\x82\x84\x3eK\x8d\xbc\x1b\x3cO\x8e\xab\x7c\xd9\xf7wg\x2c\xe8\xe1\x9bn\xea\x8f\xa5Zt\xa1v\xe01\xb6a\x97\xcf\x16\xab\x7d\x12Yo\xcfu\x2b\xd1\x29\xd6\x23\xf6P\xe3\xe0\x1a\xe9\xc1\x91\xab\xf9\xa0\xb4!\x9ex\xc5\xe4\xf2\xd7r\xeel\x26\x24\xb5E\xb1\xfe\x80\xf6\x86y\x11\xe1JJ\x2fm\xb76\xd2\x1a\xe5\xd3\x90\xce5\x87q\xb0\x87G\xeb\xe0\xe0N8\x5c0\xc0\xe9\x18\x12qRQALBM\x00\x00\x00S\x1e\xf1\xc6\xc5I\x5e\xb2\xdb\xe5\xb7\x28\xac\xcevo\x26\xad\xd5\x60\x7e\x3e\x9f\x03\x3en\xde\xc4\x1d\x9c\xdd\xc8\xa7o\x97\xbc\x88Ol\xcb\x25\xf6Y\xfa\xc4B\xd3\xc3\x90\xa0\x05\xba\x5c0\xef\xe6m\x15\xc6\x1ae\x81\x9f\xd0\xcd\x11\xab\x28\x22\xfd\x87\x0fot\x0e\x9b\xee\x5cni\xd028\x9e\x3cTITL\x00\x00\x00K\x99\xcdo\x0e\x22\xfd\xfc\x5c\xd0\xe6\x9df\xff\xc3\xf8S\xb45d\xad\x0e\x3b\xb1\x0e\x89\x5cr\xa0H\x1fl\x14\x1d\x92\x81A\xfa\xa0\xa3\xf0lL\x8b\x5e\xa4\xe7\x07\xed\xba\x89\xf0\xe2\x237\x11\x1f\x2d\x7cvr\xb1\xa9N\x05\x1b3 \xd8fh\xb3\x83\x7e\x3e\xbf\x8b\xbf4\xea\x83\xab\xfc\x07\xd3\x3d\xc7\xaf\x89\xa5\xc4\xc7\xafTITL\x00\x00\x01\x1dd\x3c\x88\x98\xf8\xacW\x86\x5e\xdb\x3d\x29\xdd\x17Q\x80\xc4\xf8\xe6c\x22kw\xd4Q\xabH\xa2Ft\x9c\x27\x26\x17\x96TN\xee\xed\x11u\x3d\xf9\x99\x83\x1f\xa2Z\xa2\x92\x5cr\x147\x17\x7d\xae\x8e\xdf\x99\xb2\xe8\xa2\xd6\x1d\xf0\x88\x1c\xed\xd1 h\x0cK\x967\xf9\xd7\x5cb.a\x98\xa5\xd9\xe5\xc2\x06\x83\xcc\x89Q\x2a\x8b38\x274\x9e\x11\xc1\xce4\x8dl\x3c\x91\xdc\xa1\xfaH2\x7e?\x13e\xf8.\xb0\x1f\xa7\x95\xe5r\xcd\x40\xb0\x7d\xcc\xcb0Y\xd5\x5c\x7e\x3e\x1f\x12\x7e\x3e\xd5\x01\xa6V\xd2C\x88\xbc\x91\x1d\x03\xcf\xedIK\x18\xa1:\x9b\x8f\x7f</data></write>
    <read><delim>\x0a</delim><match><data>Title: d\x3c\x88\x98\xf8\xacW\x86\x5e\xdb\x5c\x29\xdd\x17Q\x80\xc4\xf8\xe6c\x22kw\xd4Q\xabH\xa2Ft\x9c\x27\x26\x17\x96TN\xee\xed\x11u\x3d\xf9\x99\x83\x1f\xa2Z\xa2\x92\x5cr\x147\x17\x7d\xae\x8e\xdf\x99\xb2\xe8\xa2\xd6\x1d\xf0\x88\x1c\xed\xd1 h\x0cK\x967\xf9\xd7\x5cb.a\x98\xa5\xd9\xe5\xc2\x06\x83\xcc\x89Q\x2a\x8b38\x274\x9e\x11\xc1\xce4\x8dl\x3c\x91\xdc\xa1\xfaH2\x7f\x13e\xf8.\xb0\x1f\xa7\x95\xe5r\xcd\x40\xb0\x7d\xcc\xcb0Y\xd5\x5c0\x1f\x12\x7e\xd5\x01\xa6V\xd2C\x88\xbc\x91\x1d\x03\xcf\xedIK\x18\xa1\x5f\x9b\x8f\x0a</data></match></read>
    <read><delim>\x0a</delim><match><data>Album: \x1e\xd4\xc6\xc5I\x5e\xb2\xdb\xe5\xb7\x28\xac\xcevo\x26\xad\xd5\x60\x7e\x9f\x03\xbcn\xde\xc4\x1d\x9c\xdd\xc8\xa7o\x97\xbc\x88Ol\xcb\x25\xf6Y\xfa\xc4B\xd3\xc3\x90\xa0\x05\xba\x5c0\xef\xe6m\x15\xc6\x1ae\x81\x9f\xd0\xcd\x11\xab\x28\x22\xfd\x87\x0fot\x0e\x9b\xee\x5cni\xd028\x9e\x3c\x0a</data></match></read>
    <write><data>\x60\x9f\x24\xa9\xec\xea\x5b\x3e\x28\xec\x95\x0c\xae \x13p\xa3\xc1\x92\x85\xa8\x3dr\x02:2HDR\x05\x0c\x00\x00\x01eTITL\x00\x001\x1f\x7c\xc3\x8c\xb2\xc6sBZD\xfb\xf1\x1e\x9a\xe7\xdf.\x93O\xa8\xe7\xac9\xce\x14\x0dF\x1aJ\x27\x16\x90ALB\x05\x00\x00\x00\x0e\xae\x96\xd1\xd70\xc3Mk\xe4\xeb\x10F\xebtTITL\x00\x00\x00 \x1e\xe0\xc5\x14p4\x1ej\xab\x9bP\xf5\xf5!\x83\x93\x85n\xb3\xd7\x98Gc\xe4BE\x22\x9a\xb8D\xab\xaaTITL\x00\x00\x00x\xa8NT\x29\x29\xc3\xab\xa3x\xe3\x92\x9a\x80H\x24V\x86\xd4\xac\x0c\x03\x8fh\xbf\xdcM\x5f\x5c0\x5c\xae\xdbF\x8c\xb2\x05\xf12 \xfb\xe6\xfd\xa9\xb2n.U\xf3\x5c\xab\x80\xccwh\x91\x1e\x5cr\x91\xd2q\x98\x07\xf3E\x0c\xdcR5\x11\xc5S\xf1\xf9L\xf4\x01\xdbZ\x12\xc8l9\xf0\x10\x7b5\x02\xf9\xeb\xf8\x2d\xd1\x90b\xb4\x05\x16\xb8H\xb5Nn\x8f\x5e\xde\x94\x01o\xf0\xf0\x3e\x2a\x2a\x26\x10\xc1\x1f\xd2\xdb\xc4\x16\xa50\x95\xfd\x2bDL\x1d\x93r\xcd\x05\x95\xf8\xb5\xd9\x87\x40\xb1H\x9e\x1f\x7f</data></write>
    <read><delim>\x0a</delim><match><data>Title: \xa8NT\x29\x29\xc3\xae\xa3x\xe3\x92\x9a\x80H\x24V\x86\xd4\xac\x0c\x03\x8fh\xbf\xdcM\x5f\x5c0\x5c\xae\xdbF\x8c\xb2\x05\xf1! \xfb\xe6\xfd\xa9\xb2n.U\xf3\x5c\xab\x80\xccwh\x91\x1e\x5cr\x91\xd2q\x98\x07\xf3E\x0c\xdcR5\x11\xc5S\xf1\xf9L\xf4\x01\x9cZ\x12\xc8l9\xf0\x10\x7b5\x02\xf9\xeb\xf8\x2d\xd1\x90b\xb4\x05\x16\xb8H\xb5Nn\x8f\x5e\xde\x94\x01o\xf0\xf0\x3e\x2a\xd9\x87\x40\xb1H\x9e\x1f\x0a</data></match></read>
    <read><delim>\x0a</delim><match><data>Album: \xca\x96\xd1\xd70\xc3Mk\xe4\xebSF\xebt\x0a</data></match></read>
</replay>
</pov>