<?xml version="1.0" standalone="no" ?>
<!DOCTYPE pov SYSTEM "/usr/share/cgc-docs/replay.dtd">
<pov>
<cbid>service</cbid>
<seed>5b32e9e5b0ece3d464e8e2c37d606e389607a41fdcfa60605ba75f72e802e0f663246e1ab58c5f6926bd64828a7a39db</seed>
<replay>
    <write><data>\x01\xfeHASH\x7f</data></write>
    <read><length>4</length><match><data>9D\x1c\xb8</data></match></read>
    <write><data>\x00\xffHDR\x05\x0c\x00\x00\x00\x00\x7f</data></write>
    <write><data>0\xcf\x8b\x04.\x2b\x2a\xf9\xbc\x2fV\xbai\x96HDR\x05\x0c\x00\x00\x08!ARTS\x00\x00\x00e\x22\x28O\xbeFA\x40\xdc\xfb\x9bf\xc9\x99\xb9N\xe0\xea\xa77\xd1\x89\x25\xbd\xf4\xc3\x22\x86\x5cm\x7bH\x22\x2b\xd6\xc8\xa6\x11C\x88el\xf3B\x04\xd2\xf3\x98\xca\x07\x23\x28\x40\xa9gz\x27\xe9a\x3b\xc1\xf4\x7e\x3e.\x3c\xe8r\xffO\xb5\xcdm\x3ca\xe8\xa3D\xb4jjS\x0c\x2f\xf6\x2c7\x7b\x5c\xca\xe7\x95\xef\xb5I\xa9\x23r\xda\xfa\x1f\x95iALBM\x00\x00\x00\x11\xf3\xb8g\x7d\xc6\xa9\x1c\x11\xf2\xf2:hX\xaf\x8e\xceiTITL\x00\x00\x00\x18\xe7\x3d\xf6z\xd96\x1foD\xa3\x9c\x5e\xb8\x29\x12\xd4\x5cnL\x25\xe6\x05\xf39TITL\x00\x00\x00W\xf0\x94\xe4\xc1\x87i\xbb\x06\xdf\xbb\x14\x7e?\x40\x03m\xa3\xa1\xe3\x91\xb6\xfa\x5cb\x5ct\x7e?\x7d\x2b5hW\xf9\x8c\x99D\xac9C\xb1\x7e?\x01\xd2\xe2\x2b\xa6Fc\x8a3XN\x89\xf8\x5eb\xed\x3c\xc5\x8b\xc1\x08\xa8\x1f\xfe\x05\xf1\xfe\xe0?\x27\xfb\x09\xc5\x93\xc5\x03j\x3d\xbd\x03ST\x23tM\xe5\x5cb\x97\x9e8\xfd\x98v\x5ct\xdf\x2f\xbcARTS\x00\x00\x00!\xd0\x99\x7c\xaa\x88j\xc2\x01\xb2\xf5\xf5\xc7\xa5r\xf2\xe6\x8d\x5ct\x82\x2d\xb1g\x8bA\xf96E4\xaf\xea0\xacALBM\x00\x00\x010\xe1\x96\xc9\xe4\xe6\xec\x24\x7d\xdf\xd2\x5fo\x2cR\x27t\xe0\xb8\xfe\x3c\x8a\x15n\x02\xa7\x40\x81K!\xa1\xe7\xc9\x9bC\x99\xc5K\x5c0\x7d\x18\xdcJ8E\x3c\x15\xc7e\x80\xc5m \xe3\x13o\x0f\x5c0J8\x07 m\xe65\xad\xea\xf0 a\xf9\x7e\x3e\xc8\x06\x87\xd9\xedU\x3eWn\x7b0g\xfb\xddK \xc7\x04cm\x8c\x2c\xa9D\x2be\xba\xae\x8e\x98\x03vN\x03\x15\xba\x1eX\x95\xa8\x81\xddnAS\x18\x2c\x29Y\x82\xdfO\x5c\xddJ\xd9r\xc7\x14\xe0\xb9\x40\xc8\xd20\xa8\xbb\x17e\xee\xde\xea\xbb \x16\x9f\xc8\xbf\x5ee\xd2Z\xe8\xf4\x2a\xe1\xef\x17\x03\xb3\x11\x7cg\xee\xa5\xedZ\xfc\xcc\xc8l\x2a\xd2S\x29UB\x2a\xdd\x10\x84z1\x8cTALBM\x00\x00\x01\x15\xe4\x607\x9f\xca\xc4\x99v\x23\xc6\x1dN\xed\xca\x5c0I\xcd3\xc1\xe2x\x2f\xe0s\x92i\xcf:\xa2m\xa5\xa7\x7d\xf4E\xc69\xb9w\xc8\x9e\x90\xb3\x17\xbbe\xe2\x60\x90\xcfULM\xf6\x1c\x5cb\x98\x7d\x8f\x7e\x3e\x87 \xeez\x8b\xf7\xe4\x7e?\x9a5\x14e\xc0\x02\xc7\xce\xef\x29:o\x7b\xe9\x91VX\xb0\x23\x83\x91.KN\x8d\x29\x25\xcf\x2f\xa1\x24\xbdy\x8aT\xd8\xb20\x25UZ\x844\xcb\xd99lM\xc4\xe6\x87\xad\xdeL\xd1\x18Ri\x0ed\xeb\x608\x03:\xc89\xf0\xc4g\x0e\xdc\xdar\xb4\xc8I\xf2\xc0ARTS\x00\x00\x01\x18w \xc7\x11\x3d\xae\xbdI\xe0\xca\x9eB\x80yKG\x84x\xc2!\x2a\xf0\x8e\x98\xb5\xb7\x7dP\xd7\x1f\x04\xe7\x81\xab\xde\x9e.!2H\x3b\x2d\xb9\xa6\xe3\xf5\x9fsU\x0f\x18\xbc\x27B\xab\x81\xa4L\x91F\xaf\x15\xbc\x87\x29V\x11h\x9f!af\x2c?\xe7\xd8N\x98\xe6\x83\x93bPs\xb5\xb8\x84\x15\xa5\xf9\xdd:D\x89\xf9Y2\x60\x92\x5cr\xffsD\x14\x3e\xe8\xecCWS\x92\x0e\x22b\xdc2\xaf\x1d\x0fs\xb1\x87\x27\x2b\x24o\xba\xee\xb5O\xc8\x9a\xb4\xca\xf9\x81\x2d\xcc\x07\xaf\xbd\xb4oxEU\xe0\xa3\x03\x1a\xc38\x19\xd78\xcd\xe8\x8c\xa9\xd1\x02\x7c\xf8ALBM\x00\x00\x012\x07\xdfy\x88\xd3L\xf8\x2f\x8f\x90\xab\x05\xaf\x7e\x3e\xb1\x9eW\x3eA\x86\x85\xec\x25\xa33\xe9\x838\x85\x8c\x7bfE\x86\x8d\x03j\x87\x94\xee\xfa\x8d\x26\xfb\xf8\xce\x9d\xb1\x8d\x2aJ\x83\xfa\xc7\xee\xda\xe4\x84\xc3G\x25z\xd2\x11B\x2a\x01\x5e\x96!\xf6\x01\x81e\xcc\xf4\x0f\xd9X\x2fX\x05\xc8\xec\xd3\x95\x2c\xe9\xd8z\x11.\xcf\xc4N4\xa6y\x19\xa2\xd4\x92\xd8\x0e8\xfb\x06Im\xed\x85Xt\xc5Mz\x8a\xab\xb5\x85\xb7\xad7\xc0\xadJ\xa6\xf8D\xcd\xb7\x02\x92r\xbb\xd22E\x7b\x9co\xbe0\x22U\x8e\x8f\x14\x16\x40 \xa2\xecK\xd6d\x91\xe0nZR\xbd\x9a\x9cu\xe0\xa4\x0cU\xd5\xbc\x0d\xbao\xd0\x90\xb0\x7bs\x19\x82\xaf\xff7\xae\x3d\x9d.\x40lTITL\x00\x00\x00\x3c\xcb4\xb1\x5cnc\x5e\x7c\xaf\xdc\x12\x7c\x2b\xe0\xa9\xd8\xdb5\xf3\xbauI\xe1\xbe\x8a\x1f\x18\xc1\xb6\xaa\xe7K\xd9\xeb\xfct\xa5\x86\xb8\xf1\x5e\xa5\x7c\x2c\xce\x93\x2f\xf13\x5e\x06\x9f\xcf\x87H\xc2\x80\xa6\xcf\xd3\x7f</data></write>
    <read><delim>\x0a</delim><match><data>Title: \xcb4\xb1\x5cnc\x5e\x7c\xaf\xdc\x12\x7c\x2b\xe0\xa9\xd8\xdb5\xf3\xbauI\xe1\xbe\x8a\x1f\x18\xc1\xb6\xaa\xe7K\xd9\xeb\xfct\xa5\x86\xb8\xf1\x5e\xa5\x7c\x2c\xce\x93\x2f\xf13\x5e\x06\x9f\xcf\x87H\xb9\x80\xa6\xcf\xd3\x0a</data></match></read>
    <read><delim>\x0a</delim><match><data>Album: \x07\xdfy\x88\xd3L\xf8\x2f\x8f\x90\xab\x05\xaf\x7e\xb1\x9eW\x3eA\x86\x85\xec\x25\xa33\xe9\x838\x85\x8c\x7bfE\x86\x8d\x03j\x87\x94\xee\xfa\x8d\x26\xfb\xf8\xce\x9d\xb1\x8d\x2aJ\x83\xfa\xc7\xee\xda\xe4\x84\xc3G\x25z\xd2\x11B\x2a\x01\x5e\x96!\xf6\x01\x81e\xcc\xf4\x0f\xd9X\x2fX\x05\xc8\xec\xd3\x95\x2c\xe9\xd8z\x11.\xcf\xc4N4\xa6y\x19\xa2\xd4\x92\xd8\x0e8\xfb\x06Im\xed\x85Xt\xc5Mz\x8a\xab\xb5\x85\xb7\xcf7\xc0\xadJ\xa6\xf8D\xcd\xb7\x02\x92r\xbb\xd22E\x7b\x9co\xbe0\x22U\x8e\x8f\x14\x16\x40 \xa2u\xe0\xa4\x0cU\xd5\xbcq\xbao\xd0\x90\xb0\x7bs\x19\x82\xaf\xff7\xae\x3d\x9d.\x40l\x0a</data></match></read>
    <read><delim>\x0a</delim><match><data>Artist: w \xc7\x11\x3d\xae\xbdI\xe0\xca\x9eB\x80yKG\x84x\xc2!\x2a\xf0\x8e\x98\xb5\xb7\x7dP\xd7\x1f\x04\xe7\x81\xab\xde\x9e.!2H\x3b\x2d\xb9\xa6\xe3\xf5\x9fsU\x0f\x18\xbc\x27B\xab\x81\xa4L\x91F\xaf\x15\xbc\x87\x29V\x11h\x9fbPs\xb5\xb8\x84\x15\xa5\xf9\xdd:D\x89\xf9Y2\x60\x92\x5cr\xffsD\x14\x3e\xe8\xecC\xc7S\x92\x0e\x22b\xdc2\xaf\x1d\x0fs\xb1\x87\x27\x2b\x24o\x17\xee\xb5O\xc8\x9a\xb4\xca\xf9\x81\x2d\xcc\x07\xaf\xbd\xb4oxEU\xe0\xa3\xd4\x1a\xc38\x19\xd78\xcd\xe8\x8c\xa9\xd1\x02\x7c\xf8\x0a</data></match></read>
    <write><data>\x04\xfbHASH\x7f</data></write>
    <read><length>4</length><match><data>9D\x1c\xb8</data></match></read>
    <write><data>0\xcf\xa2\xd6kY\x40\x80\xfaJ\xad\x0e\x28dHDR\x05\x0c\x00\x00\x01 ALBM\x00\x00\x01\x18\x11\xbbd\x3edx\xda\xfa\x85\x9d\xe1\x16\x01\x1d\xe3\x23\x1bC\xd9\x07\xbd\xed\xcc\x1a\xbf\x8f\xd9\xb3u\xa68E\x7b\xbf\x1eN\x90\xea\x96\x03w\x7c\x80bdZ\xb3\xc4\x5c0i\xa7\x60P\xb6\xbd\xe3s\xe3f\xe4\x7dr\xa36\xcf\xfa?\xd1y7\xa9\xd7 c\x15:Yk\xf1\xc0\x98\x82\x18\xbd\x99\xdb\xef\x7e?\xb8\x1e\x9f\x1a\x88\x5cr\x97g\xe8\xe25\xea\xae\xdb\x7b\x05\xc9\x81v\xb2\x07\x1e\xf4cB9N\xb57\xf0\xa1\x89\xcb\xb1\xee\x5c\x8a\x80\x5cr\x7c\xa6\xc8\xacX\x88\x9c\xe6\xd9\xba\xaa\xbb\xeb\xf2G\x9ec\xaa01\xd6\x13\x7f</data></write>
    <read><delim>\x0a</delim><match><data>Album: \x11\xbbd\x3edx\xda\xfa\x85\x9d\xe1\x16\x01\x1d\xe3\x23\x1bC\xd9\x07\xbd\xed\xcc\x1a\xbf\x8f\xd9\xb3u\xa68E\x7b\xbf\x1eN\x90\xea\x96\x03w\x7c\x80bdZ\xb3\xc4\x5c0i\xa7\x60P\xb6\xbd\xe3s\xe3f\xe4\x7dr\xa36\xcf\xfa?\xd1y7\xa9\xd7 c\x15:Yk\xf1\xc0\x98\x82\x18\xbd\x99\xdbN\x7f\xb8\x1e\xcb\x1a\x88\x5cr\x97g\xe3\xe25\xea\xae\xdb\x7b\x05\xc9\x81v\xb2\x07\x1e\xf4cB9N\xb57\xf0\xa1\x89\xcb\xb1\xee\x5c\x8a\x80\x5cr\x7c\xa6\xc8\xacX\x88\x9c\xe6\xd9\xba\xaa\xbb\xeb\xf2G\x9ec\xaa01\xd6\x13\x0a</data></match></read>
</replay>
</pov>