<?xml version="1.0" standalone="no" ?>
<!DOCTYPE pov SYSTEM "/usr/share/cgc-docs/replay.dtd">
<pov>
<cbid>service</cbid>
<seed>fe933a8312a568cc8c3550781a1b8571b04d823aef3b0426a5e5285802f53d424b8aa634b11125fb928972c24845150e</seed>
<replay>
    <write><data>\x03\xfcHASH\x7f</data></write>
    <read><length>4</length><match><data>\x29\xcc\xf5X</data></match></read>
    <write><data>\x40\xbf\xef\x03\x5f\x2d\xa0\x0b\x92\xec\xda\x9a\xdfr\x01\xb4\x8deHDR\x05\x0c\x00\xcf\x02\x1eA\x5eTS\x00\x00\x9d?i\xd0y\xea?\x25\x87\xe6\x22\x40\xe2\x5c0\xc4\x8b\xda\xd6\x7e\x3e\xcbF\xa4z\xec\xea\x7b\x07T\xc4f\x89\xd7\xb7\x2a\x1b\x8d\xa4\x93o\xc4B\xbd\x12?Zx\x8b\x5cX\x18\xaeu\xc8M\x07\xc1h\x17\xe6\xa1\xd4\xe3?\x24D\xfa\x067 \x9c\xe2\x9b\xf0\x7e?\xde\x27\x5f\x9dyL\xfcI\x0b\xe7\x2bN\x0f\x3c\xa4\x1d\x2f\x7c\x1d\x0e\x7bMq\xd8X\x04\xf7\x9a\xc6\x2c\x9eb\x8a:Y.\x88\xd6\x99v\xbb39\x93rWn\xcb c\xaa\xa9\xb6\xb9\x92\x18Dg\xac\xf7\xa2b\x92\xc5\xf3k\x7e\x3eRc\x92\x1f\x88\x40\x95\x25i\xb7\xd3t\xa4\xeai\x1f\x27\xc5\xd9\xda\xfb\x9a\xea\xf0\xd7\xe0\xc3E\xb7\x1ej\x5d\x9f\x04\xd6\x5cb\xbeK\x89\x60T\x82\x92\x88\xdd0\xb6Ue\xb4ARTS\x00\x00\x00Ox\x05\xd2N\xacv\x9e42f\xb1\xf7\xe5Vp3B\x16\xfa\xbb\x1b8R\x09\xbaD\x1d\x9a\xc2\x7b\x8ed\xbf\x2f.H\xbb\xe3\x89\xffW\xdb\xc5\xcd\x8b\xd4\xa1P\xad\xce\x9c\x8a\xcbu\xb3\xda\xd0\xb5\x7e?\x18\xef\x9cB\xa2\xa1\xcb\xf7\xb0:C\x29\x7b\xb6\xd7l\x24\xed\x5cr\xa2s\x8f\x5cr\x85e\x5e\x2d\xe9e\x84J\x98y\xec\x7f</data></write>
    <read><delim>\x0a</delim><match><data>Artist: x\x05\xd2N\xacv\x9e42f\xb1\xf7\xe5Vp3B\x16\xfa\xbb\x1b8R\xffW\xdb\xc5\xcd\x8b\xd4\xa1P\x96\xce\x9c\x8a\xcbu\xb3\xda\xd0\xb5\x7f\x18\xef\x9cB\xa2\xa1\xcb\xf7\xb0:C\x29\x7b\xf3\xd7l\x24\xed\x5cr\xa2s\x8f\x5cr\x85e\x5e\x2d\xe9e\x84J\x98y\xec\x0a</data></match></read>
    <write><data>0\xcf\x27 N\x3c7u\x60\x9f\xc9JjvHDR\x05\x0c\x00\x00\x00\x00\x7f</data></write>
    <write><data>\x40\xbf\x2d\x05\x99\x15u\x077\x99\x27r\xfb3\xc7m\xcc\x1aHDR\x05\x0c\x00\x00\x03aTITL\x00\x00\x00.\xa2\xe0\xba\x5crU\xa0\xaa\xe3c0z\x01\x96\x12\x25\xf4\x06O\xa3\xe7\xed \x94\xc4\xad\xdd\xc6XH\x60\xc3\x12\xff\xb1\xd9\xe3\xcc\x8aO\x13\xb2g\x7d\xaa\xb0ALBM\x00\x00\x00A\x8fJ\xf3\xf5\xda\xe0E\x18A\xd0\xe0y!\x29\x7bJ\xf06\x3d\x9ac\x2d\xfd\x8cC\xe6\xb6\x2c\xact\xda\xbf\xf1\xad\xcf\x14\x2c\xe3\x5cn\x0cD\xec\xdb\xa1\x9f\x03\xf0\x9d\x82\xb5\xe1\x18\x1by\xa3\xa5\x19\x3e\x7e?9\x88\x24\xec\xf5ALBM\x00\x00\x01\x240\x9f\xb6\x28\xc3o\xec\xb6\xdd\x1e\xa6\xed\x18\xce\xc3X\xa5\x5d\xff\x0eI\x27\xea\xcc\x87 \xb1\x5c0\xca\x25\x1a\xe7E\xe6n\x8b\xb6\x22\xce\x7d\x2b\xfb\xe0Nu\xbb\x19\xbbs\xc9\xed\x5d\xc9\x90\xa0A\x16\xe7mr\xefA\xff\x836\x5c\x1c\xe6\x12\x1d\x2f\xc8\x5cr\xf03t\xf4\xe4Qe\xe2\xf10C\xa4\x5cn\x8d2\x9al\x8c\x7e\x3e\xc4\x5c\x81\x93\x0bV\xca\xe9\x28\xae\xc2\xa0\x8306\xf5\x16\x97\x82\x3d\x95\x25\xbd\x5b\x85\xe5\xdd\xbd\xe7\x8c\xf00g\xd5W\x1d\xa0S\x02\xf3P\xeb\x5cn4\x0f\xcd\xb3sN\x9e\xcd\xd6\xc3\x800\xf1\x24\xbd\x9enMZ\x1cR\xcb\xa6\x27\x88\x19\x96J\xfaYJ\x16\x02\x91\xad\x10Q\xde\x5d\x40\x95ALBM\x00\x00\x01.NO\xb5\xc2\x5eg\x8a\x8as\x7e?i\x87\x5cr\x18ug\x8c0\xd13\xfb\xc6\x0e\x025\xa5\xc2\x25\xab\x07P\x8b\x9c\xe6\x2c\x25\x9b\x7e?sr\x95\x16o2\x5b\xb8\x3emx\xbf\x1b\xcdz\x1e\x91b\x3c\x29i6\x16\xa4\x17\xe9\x03\x3c\x83\x90\x5cb\xc1?\xb1\xd8\x23\x822o\x83\x23\xee\xb8\x8d\x60\x87\xb6\x87\xfae\x9dO\xab\xe0nW7\x0c \xb41\x28\x5dC\x15\x8b\xc0\xfc\x5f!\xd4N\x5e\x91\xfe\x15l\x25\x5dP\x5c\xa6P\xdb\xe9\xe9\x86\xa1\x12\xfc\x93\x5f\xb0\xe2\xfd\x3b2\xdc\x9e2B\x9bO\x0fO\xdat\x0b\x82\x83\xaa\x18\x0b\x96\xd6\x22.\xbf\x82\x17\xa6\x15V\xe2\x1b\x14\xa2\xca\x8f\xf8\xe7\xca\xda\x7e?W\x0b\xfa2Bq\x5cb\xf1\xb3\x03\x25\xe5Q\xbf\xda\x7f</data></write>
    <read><delim>\x0a</delim><match><data>Title: \xa2\xe0\xba\x5crU\xa0\xaa\xe3c0z\x01\x96\x12\x25\xf4\xfeO\xa3\xe7\xed \x94\xc4\xad\xdd\xc6XH\x60\xc3\x12\xff\xb1\xd9\xe3\xcc\x8aO\x13\xb2g\x7d\xaa\xb0\x0a</data></match></read>
    <read><delim>\x0a</delim><match><data>Album: NO\xb5\xc2\x5eg\x8a\x8as\x7fi\x87\x5cr ug\x8c0\xd13\xfb\xc6\x0e\x025\xa5\xc2\x25\xab\x07P\x8b\x9c\xe6\x2c\x25\x9b\x7fsr\x95\x16o2\x5b\xb8\x3emx\xbf\x1b\xcdz\x1e\x91b\x3c\x29i6\x16\xa4\x17\xe9\x03\x3c\x83\x90\x5cb\xc1?\xb1\x11\x23\x822o\x83\x23\xee\xb8V\x60\x87\xc4\x87\xfae\x9dO\xab\xe0nW7\x0c \xb41\x28\x5dC\x15\x8b\xc0\xfc\x5f!\xd4N\x5e\x91\xfe\x15l\x25\x5dP\x5c\xa6P\xdb\xe9\xe9\x86\xa1\x12\xfc\x93\x5f\xb0\xe2\xfd\x3b2\xdc\x9e2B\x9bO\x0fO\xdat\x0b\x82\x83\xaa\x18\x0b\x96\xd6\x22\xaf\xbf\x82\x17\xa6\x15Bq\x5cb\xf1\xb3\x03\x25\xe5Q\xbf\xda\x0a</data></match></read>
    <write><data>\x10\xef\xddn\xb4\x26HDR\x05\x0c\x00\x00\x01\x7e\x3eTITL\x00\x00\x00G5sV\x99\xfe\xdd\xcdM\xb9 \xcfA\xad\xd4\xdc\x5c\xf6\x2c\x9a\xd96\xdbD\x7c\xaa\x0bo\xcd\x92JJh\x7b\x0f\xde\x8a\xd1LK\xf5\xd0\xb4\x0b\x5cnt\xac\xa2\xd5\x93D\x89CX\x18\xa6\x03\x25\x0f\x3b\xee\x94\x9d\xfd!\xe9\xb3\xa9\x17!\x89ALBM\x00\x00\x01\x27\x86\x3b\x26\x5cb8\x5c\xb6?\xf2I5\x11\xe2?\xe5K\xdb\xf5\x5dD\xed\x98O\x8d\xe0VG\xa7\xfd\xab\xce\x82rP\xfa\xab\x95\x88K\xaa \x5e\x2d7\xf7\x40\xc13u\xf4\xe06\x97\x40\x98\xd1\xfe\xc7o?\xad\xe6\xf1\x1e\xf0w\xd9\x9a\x9bO8\xbc\x87\xc5\x138\xb1\xe3\x98\xcf\xc4\xd3w\x92\x28\xe4\xd52\xc3\x40\xb5TJ\xfaT\xf4o\x22P\x90\xf6\xd2\x7c\xcf\xf7\xaa\xbeo\xc3H\xf8V\xcb!\x05f\xa5\x3b6W\x40\x40\xb48\xd78\x7e?\xdd\x93\xee\xe4\xc3\x1c\xa0u\x3epd\x5cb\x2f\x3e\xfb\x07\xbf\xaa\x9e\xa9\x1a\x91\xc2\xc9p\x5c7\x7d\xa7\x090\x99\xa4\x23F\xa5\xee\xc0\x90\x1e\xa6\x2f\x7f</data></write>
    <read><delim>\x0a</delim><match><data>Title: 5sV\x99\xfe\xdd\xcdM\xb9 \xcfA\xad\xd4\xdc\x5c\xf6\x2c\x9a\xd96\xdbD\x7c\xaa\x0bo\xcd\x92JJh\x7b\x0f\xde\x8a\xd1LK\xf5\xd0\xb4\x0b\x5cnt\xac\xa2\xd5\x93D\x89CX\x18\xa6\x03\x25\x0f\x3b\xee\x94\x9d\xfd!\xe9\xb3\xa9\x17!\x89\x0a</data></match></read>
    <read><delim>\x0a</delim><match><data>Album: \x86\x3b\x26\x5cb8\x5c\xb6?\xf2I5\x11\xe2?\xe5K\xdb\xf5\x5dD\xed\x98O\x8d\xe0VG\xa7\xfd\xab\xce\x82rP\xfa\xab\x95\x88K\xaa \x5e\x2d7\xf7\x40\xc13u\xf4\xe06\x97\x40\x98\xd1\xfe\xc7o?\xad\xe6\xf1\x1e\xf0w\xd9\x9a\x9bO8\xbc\x87\xc5\x138\xb1\xe3\x98\xcf\xc4\xd3w\x92\x28\xe4\xd52\xc3\x40\xb5TJ\xfaT\xf4o\x22P\x90\xf6\xd2\x7c\xcf\xf7\xaa\xbeo\xc3H\xf8V\xcb!\x05f\xa5\x3b6W\x40\x40\xb48\xd78\x7f\xdd\x93\xee\xe4\xc3\x1c\xa0u\x3epd\x5cb\x2f\x3e\xfb\x07\xbf\xaa\x9e\xa9\x1a\x91\xc2\xc9p\x5c0\x99\xa4\x23F\xa5\xee\xc0\x90\x1e\xa6\x2f\x0a</data></match></read>
    <write><data>\x40\xbf\x99\xea\x0c\x944\x97\x2d\xba\xb6\x15\x1a\xfbz\x3e\x94\x5bHDR\x05\x0c\x00\x00\x02\x23AL\xecM\x00\x00\x01\x0d\xec1\xab\xa3\xb8\xbd4\x16\x91\xbc11x\xbb \xd4\xd9X\xe6\xfc\xb7x\x10\x02\x9bZ\xf0\xcb\x920\x03\x05\xd3\xf7\x9a\x92\x82\xa6\xe2\x18\xae\xf1\xf8\xd1\xbf\xae\xde\xacX\xf4Q\xe7\x14A\x9b\x5cr s\xac\x94\xec\xb0\x8f\x01\x3c\xbbS\xbf\x03\xbfs\x22q\xf7\x1a\xf1u\x23q\xc2\xbeCp\x10iGJ\x95LV\x13\xc2\x86\xf7o\xf2\x0e\xb82\x12\xca\x9du\xfb\xba\x1f\x07\x9e\xd7\xb8C\xe0\xdf\x40R\xbe3\x87\xd4.o\x85y\xa1.\x5cr\x5cr\xd0\xa51\x2f\xcf\x26O\x2b\x5c\xfa2ALBM\x00\x00\x00l\x194i\x8a\x2c\x8f\x22\xcd\x60\xcc\x1cw\x05m\xa0\x85\xca\xfc\x16 \x16ka\x87\x22\x9c\x93\xb0\x7e\x3e\xd7\x1f\x02J\x94\xfbh\xc1N\xb2\x12\xe4YGb\xa9\x2c\xfa\x5f\x9f\x8f\x96\x9a\x3et\xbd\xf9\xc8\xf8\x98v\x8c\xc8\xd1\x5ct\x27h\xfc\xa5s\x93p\x24\x1c\xed\x5e\x16\xf2\xe9\xf0\x7c\x18\xd6\x05\xeb6F\x12\xf1\xff\x5e\x92\x22\xd6\x2f\x93\xc8b\x5f\x3d\x89\xed\x5cn\xc3\x10K\xfe\x0e\xa8\xe3\xa7\xde\xf5\x95\x97\x27\x17\xa8\x23\x29\x92\xe2\xefARTS\x00\x00\x00\x12\x29\x91\xee\xa4\xb1\x1f\x17\x04\x7e\x3e\x11\xf0\xbe\xcb\x2dP\xc2\x9f\xdf\x7f</data></write>
    <read><delim>\x0a</delim><match><data>Album: \x194i\x8a\x2c\x8f\x22\xcd\x60\xcc\x1cw\x05m\xa0\x85\xca\xfc\x16 \x16ka\x87\x22\x9c\x93\xb0\x7e\xd7\x1f\x02J\x94\xfbh\xc1N\xb2\x12\xe4YGb\xa9\x2c\xfa\x5f\x9f\x8f\x96\x9a\x3et\xbd\xf9\xc8\xf8\x98v\x8c\xc8\xd1\x5ct\x27h\xfc\xa5s\x93p\x24\xff\x5e\x92\x22\xd6\x2f\x93\xc8b\x5f\x3d\x89\x1d\x5cn\xc3\x10K\xfe\x0e\xa8\x97\xa7\xde\xf5\x95\x97\x27\x17\xa8\x23\x29\x92\xe2\xef\x0a</data></match></read>
    <read><delim>\x0a</delim><match><data>Artist: \x29\x91\xee\xa4\xb1\x1f\x17\x04\x7e\x11\xf0\xbe\xcb\x2dP\xc2\x9f\xdf\x0a</data></match></read>
    <write><data>\x10\xefxBp\x2fHDR\x05\x0c\x00\x00\x09mTITL\x00\x00\x00\x7c\xec\x88\xc2\x19W\xd2t\xbbp\xf6\xccn\xe5\xe6\x957\x16\xf5z\xb5\x0f\xd9\xb3\xfba\xda\x7e?w\x99u\x06p\x28\x9e\xe0\x5d\xc5\xad\x5eR\x7d\xb9\xbeiVAs\xfel\xbc\xc49O\x97\xbf\xeeg\x7c\xa5J\x7e?\x81\x96\x5cn\x815\xb6\x5cbT\xf3\x2f\xbes\xa7\xa5\xfak\x3d\x5ctn\x3e\xe4\x81\x80\x91\x25\xc4YT\x7e?\xbb\xad\xb4\xf8\x91\xde\x8f\x5e\xa0\x0e\xb5\xeb\x7e\x3e\x94\xe1\xdb\xdcD\xf8j\x11c\x83\x0bG\x2d8\x10\x5ctKTITL\x00\x00\x01\x00\x87\xd4\xad\xd4L\x7e?Y\xb0\xad\x5c0\x1c\x5f\x5cn\x1d\xa0\xe4\xcb\xa6\x13\xed\x8e\x9a\x15\x1e\xfc3\x0e\xeb\xd6\xe5rM\xfbY\x01\x5c\xf8\xdd\x3e\x01\x10\x5cb\xb8\xa3\x14U\xb6\x22\xa6T\x7d\x2b\xdfEP\xe2\xab \xddr\xb0\xcdhgW\xcd\x12\xe9f\xe7Q\x3c\xa2x\x02\x24q\xd9\x26\x11\xd7\xd1\x80g\x9f\x9a2\x18\xb7\xee\xbc\x11\x8e7\xc1\xa8T\xff\x92Z\x9eq\x0a\x5cb\xb58\x03\xcf\xb3\xa79\x5c0\x03\x8d\x7e\x3e\x2a\xef\x91\x8f\xbd5B\xcf\xe4\x3bC\xa9ARTS\x00\x00\x00 \xfee\xb0C\x86\xc2JV\x16\x5ct\xea\xbeW\x86\x3bph\xc2\xd4wZu\x8bU\x16\x7c\xf1\x5f\x8bj\x28ARTS\x00\x00\x00yd\x5cr\x80\x9c\xd2\x9b\xe3\x7c\xed\x9a\x0b\xf5\xc4\x5cn\xef\xe4\x07\x8d\xc6\xcc\x8d\x5b\xb5\xa0\x8f\x7e\x3eU\xa3\xdb\xca\x2a0\x0bO\xb3F\x2by\xfd\xe2K\xa5\xfbY\x5b\xa9u\x22R3\x7c\x7e?\xa8\x91g\xbf\x86\xd4\xb8\x5ct\x195\x2f\x92Qg\xad\x96\xf1F\xcc\xac\x16\xfc\x607\xea\x18\xac\x06\x24\xf1\x0b\xc3\x1clF\x7e\x3e\xffv\x1e\x98\xeed\xeb\xeb\x99\x40j\x98sn1\x2c\xfb\x3e\x60\x8c\x02\x2c\x14\x11K\xcd\x92\xa0d\xbeARTS\x00\x00\x00p\x13\x19\xae\x7e?\xdan\x2f\x3d\xa4\xb4\x5cr\x60\xd19F?\xdf\x82\xa9\xb8\xd7\x1eN \xc3s\x1axTY\xa7\xf7\x17\x7e?\x12y\xabx\xd7\x5e\x1e\xf1\x17\xa7k\xa3\x5c\x00\xf6\xfd\x3br\xa8\x5c0\x84\xcd\x8d\xf1pj7l\x7e?\xcb\xa8y\x12\xcd\xd6\x2c\xfaM\xf4\xd4\xec\x3cL\x25\xbe\x26\xa7\x85\xa4Y\xdf\xa5N\x0b\xfa\xeb\xc4\x8f\x3d\xa9\xda:\x25a\x19\xc6\xa3O\x1a\x80\xd6\x2b\xe3\x5cbX\x28\x85\xa4\x29TITL\x00\x00\x00\x5fH\x15\x86Q\x9a\x7dn\xd9\x27\x18\xbc\x23\x7d\x05\xf0L\x87O\x13\x17\xa6\x918\xae\xf8\xe8\xd72\xa3\xfe\x7d\x2du\xc7\x9c?\x24e\x1f\xd9\xdbC\x88\x15\xd3\x7e\x3e\x40\xed\x7d1\xb1\x1a\x8a\x15B\x9e\xf4d\x14\x02\x0eNHe\xcc\xc5c\xbc\x5cn7Q\xa2\x7c\x5c\x96\x5cr\xd1t\x18\xf1798r\xa7\x12\xc6d\x95\xa7o\x18gALBM\x00\x00\x01\x0c\x97B\x112\xeb\xed\x97\x2c\xda\x8d1\x18\xf5bb\x80\x8bBI\x3e\xa5\xf3\xc0\xb9\x28\xc5Gpl\xa8?L\x9a\x9c\x11\x9eP\xf0CR\xafX\xa2\x18\xb9\x14\x2b\xe09\x1eoB\xa4\xae\xd6\x85\xea\xa738\x40\x03\x5d\xaf\x28\x1b\xc4\x12\x15\xbb\x28J\x5cr\xa4\xf0\x8c\xa11Zs\x3eo\x05\xc1\x0e\x8b\x1b\x96\x5ct\x85\x5c0\xc1\x99\xa3\xc2\xd8U\xb0\x05\x27\x26\xd2\x2a\x1aF\xc1\x8aL\xe25V\x18\xdb\x16\xa2\xd5\xb5\xbc\x2d\x7e\x3e\xfd\xe37\x12\xf4\xceUi\xf5\x8a\xfaJ\xf0\x05\xe5\x2b\x1c\xffYtTALBM\x00\x00\x01\x0aX\xbe\xe4\xf8o\xca\x1b\xc7\xb18U1\x11\xf6\x2d\xc4\xef\x7e\x3e\xd4\xcaZ\x93\xf2\x0f\xfbuT\xcd\x85m\x28\xf9\xb6\x1bB\xdc\xe2\x0e\x02\x14\xa9\x97\xd3\x2b\x88\xb7u\x0e\xe0\xc7\x87\xd6\x5ct\x12\xb5\x9ee\x89\x96\x88\xedq\x25\xfbS\x01\x12\xf9\x1a\xcdt?\x5ct\x07\xa2\xc4\xcd\x13\xe4\xdc\x9c\xae\x1d\xa5\x2a\x80\xd8\xa8L\x14\xc8\xf4f\x10\xc2\x8d\xc7\xb8\x16\xfa\x3c\xe8\xf0\xd3n\xbf\x9a\xc9!\x5crf\x95\xcd\xe7\x0e\xe8\xbc\xa0\x8c \x23\xfa\xb9v\x15?\xcf\x93\x05\xffY\x5cr\xd6\xa2TITL\x00\x00\x00m\xd2\x887\xc3\x1fw0\xe7\x97\xdaoN\x10\x10\x2a\x81\xa2\xe8I\xe5FWGk\xb9\x0f\xf2\xa1\x87\x06\xb6\x87\xc8\x01\x3c\xd8\xa1\xf8\xfc\xc6\x93 \x9a\xea\xd07\x1d\x60\xb1\xb5\xad\xee\xb2\xf1\xcf\x14\x0c\xbc\xfc\x17\x13.S\x2f\xf7\xc3\xd2\xd2\xdf\xa4p\xf9B\x9c\xe3\x06\x5b\xf2N\x0e\xca\xa8P\xdb7\xf8L\xa1\xba\xc7\x98\xb5c\x5ctK\xf2\x03\x88\x12\x07\x2b\xa5\xc3\x3e\xc25J\xd8h\x15\xebRALBM\x00\x00\x016\xc0\x96\x0e\x9f7\x8e\xc97V\xd3\xd7\x97F\xbf\x96\x15\xc0\xd3\x92\xac\x25bU\x3e\xc6\x3c\x2a\x90\x99\x03\xe9\xe9\x60\xcd\xccl\xb7\xea\xe9\xd2\xde\x0b\xafyC\xf4\x7e\x3e\xb9\xdd\x1a\x8d\xf9Xpx\xcfDD\xc2\x3eM\x88\x1b\xd1\x93\xe4\xb2\xeb\x05\xa8 \xa1\xb5\x93\xfc\xc6\xd7A\xbe\x40\x03bgK\xfcI\x978\x05\xfbBv\xc3f\xd0n\x0c\x12\xa2\xa5\xc0\xf3\xeds\x97\xa1\x7b\xa7\x5e2\x15D\x88\xc9\xf8\x97\x3e\xb5\xff\xafs\xe7k\x15\x5d\xa3\x84\x3dA\xd7\x5e\xbb\x87\x1d\x7b\x0e.\x29\x0eJ?\xc3\x0f0\x95\xd9\xdc\xa7\xd8\xc4\x5b\xba\x27\x17\x8dI0Q\x9aj\x18\x0e\xb0\x98\xd3\x96\x3e\xf3\xa0\xa2\x7dv\x3b\xd59\xf6\xa8\x1f\x60\x29Bpc\x5ct\x5c\x7f</data></write>
    <read><delim>\x0a</delim><match><data>Title: \xd2\x887\xc3\x1fw0\xe7\x97\xdaoN\x10\x10\x2a\x81\xa2\xe8I\xe5FWGk\xb9\x0f\xf2\xa1\x87\x06\xb6\x87\xc8\xf8\xfc\xc6\x93 \x9a\xea\xd07\x1d\x60\xb1\xb5\xad\xee\xb2\xf1\xcf\x14\x0c\xbc\xfc\x17\x13.S\x2f\xf7\xc3\xd2\xd2\xdf\xa4p\xf9B\x9c\xe3\x06\x5b\xf2N\x0e\xca\xa8P\xdb7\xf8L\xa1\xba\xc7\x98\xb5c\x5ctK\xf2\x03\x88\x12\x07\x2b\xa5\xc3\x3e\xc25J\xd8h\x15\xebR\x0a</data></match></read>
    <read><delim>\x0a</delim><match><data>Album: \xc0\x96\x0e\x9f7\x8e\xc97V\xd3\xd7\x97F\xbf\x96\x15\xc0\xd3\x92\xac\x25bU\x3e\xc6\x3c\x2a\x90\x99\x03\xe9\xe9\x60\xcd\xccl\xb7\xea\xe9\xd2\xde\x0b\xafyC\xf4\x7e\xb9\xdd\x1a\x8d\xf9Xpx\xcfDD\xc2\x3eM\x88\x1b\xd1\x93\xe4\xb2\xeb\x05\xa8 \xa1\xb5\x93\xfc\xc6\xd7A\xbe\x40\x03bgK\xfcI\x978\x05\xfbBv\xc3f\xd0n\x0c\x12\xa2\xa5\xc0\xf3\xeds\x97\xa1\x7b\xa7\x5e2\x15D\x88\xc9\xf8\x97\x3e\xb5\xff\xafs\xe7k\x15\x5d\xa3\x84\x3dA\xd7\x5e\xbb\x87\x1d\x7b\x0e.\x29\x0eJ?\xc3\x0f0\x95\xd9\xdc\xa7\xd8\xc4\x5b\xba\x27\x17\x8dI0Q\x9aj\x18\x0e\xb0\x98\xd3\x96\x3ev\x3b\xd59\xf6\xa8\x1f\x60\x29Bpc\x5ct\x5c\x0a</data></match></read>
    <read><delim>\x0a</delim><match><data>Artist: \x13\x19\xae\x7f\xdan\x2f\x3d\xa4\xb4\x5cr\x60\xd19F?\xdf\x82\xa9\xb8\xd7\x1eN \xc3s\x1axTY\xa7\xf7\x17\x7f\x12y\xabx\xd7\x5e\x1e\xf1\x17\xa7k\xa3\x5cr\xa8\x5c0\x84\xcd\x8d\xf1pj7l\x7f\xcb\xa8y\x12\xcd\xd6\x2c\xfaM\xf4\xd4\xec\x3cL\x25\xbe\x26\xa7\x85\xa4Y\xdf\xa5N\x0b\xfa\xeb\xc4\x8f\x3d\xa9\xda:\x25a\x19\xc6\xa3O\x1a\x80\xd6\x2b\xe3\x5cbX\x28\x85\xa4\x29\x0a</data></match></read>
    <write><data>\x00\xffHDR\x05\x0c\x00\x00\x01\x1bTITL\x00\x00\x01\x13\x60G\x8d\x1b\x9a\x3b\xac2\x97\x01\xce\x89w\xdf\x5ebwUF\xfc\xcbuh\xd0m\xbe:\xfec\x05\xf9g\xdc\xb8D\xc5\x86S\xc8\xf0\xa1T.\xc6\xe7g\xf1\xba6I\x26\x40Lb\xc1\xaf\xc7tS\xa1\xc7\x05C\xd0\xba\x5cN\xc9\xd5\x9cvp\xb7\x80\x2a\xe55jO\xfav\x2f\x2b\xbb\x80N\xb2\x27\xd01G\x2b\x5cn\x28\xe7\xb5\x90j\xffI\xbe\x24\x14\xd9\xfdK\x8f\xb6\xfa\x87gu\x26\x1a\xeb\xa1\xc0\xb8\x5cr\xdaFRn\xfd\x80\x29\xa4\xb5\xe8\x07J\xa2\xb6\x26OA\xc3mS\x97n7\x01K\xd2\x7f</data></write>
    <read><delim>\x0a</delim><match><data>Title: \x60G\x8d\x1b\x9a\x3b\xac2\x97\x01\xce\x89w\xdf\x5ebwUF\xfc\xcbuh\xd0m\xbe:\xfec\x05\xf9g\xdc\xb8D\xc5\x86S\xc8\xf0\xa1T.\xc6\xe7g\xf1\xba6I\x26\x40Lb\xc1\xaf\xc7tS\xa1\xc7\x05C\xd0\xba\x5cN\xc9\xd5\x9cvp\xb7\x80\x2a\xe55jO\xfav\x2f\x2b\xbb\x80N\xb2\x27\xd01G\x2b\x5cn\x28\xe7\xb5\x90j\xffI\xbe\x24\x14\xd9\xfdK\x8f\xb6\xfa\x87gu\x26\x1a\xeb\xa1\xc0\xb8\x5cr\xdaFRn\xfd\x80\x29\xa4\xb5\xe8\x07J\xa2\xb6\x26OA\xc3mS\x97n7\x01K\xd2\x0a</data></match></read>
    <write><data>\x00\xffHDR\x05\x0c\x00\x00\x00sALBM\x00\x00\x00k\xa7\xb0\xf3\x8a\xdb\x94\xa2m\x03\x02G\x5f\xde\xc8\xbf\x3b\x12\x9eA\xf49\xf4\xa6\xb5\x29\x99\xba\xa9\x7dlHPz\xddh\x2b\x12\x27K\xbfmR\x14\x5fv9\x5e\xb08\x28jG\x5b\x8f\xc7\xf6w\xd7\x83\xf6z\x5f\xf4\xa0\x89 \xc2\x84\xd42\xc7\xaf\xac\x7e?e\xd14\x280\xcb\x1eZ\x5f\xc0l\xa1\xd7\xd5\x1f\x2cn\xae\xe2\x15\x82\xa8\x92\x85\xad\x26\xfc\xb4\x2f\x12\x22\x96\xa4\x7f</data></write>
    <read><delim>\x0a</delim><match><data>Album: \xa7\xb0\xf3\x8a\xdb\x94\xa2m\x03\x02G\x5f\xde\xc8\xbf\x3b\x12\x9eA\xf49\xf4\xa6\xb5\x29\x99\xba\xa9\x7dlHPz\xddh\x2b\x12\x27K\xbfmR\x14\x5fv9\x5e\xb08\x28jG\x5b\x8f\xc7\xf6w\xd7\x83\xf6z\x5f\xf4\xa0\x89 \xc2\x84\xd42\xc7\xaf\xac\x7fe\xd14\x280\xcb\x1eZ\x5f\xc0l\xa1\xd7\xd5\x1f\x2cn\xae\xe2\x15\x82\xa8\x92\x85\xad\x26\xfc\xb4\x2f\x12\x22\x96\xa4\x0a</data></match></read>
    <write><data>\x40\xbf\x28P\x8eD\xee\xb5\xa70\x7e\x3e\x84\xaex\x9d\x2a\xd5\xb3HDR\x05\x0c\x00\x00\x09\x7bTITL\x00\x00\x00:\xdeGmB\x1e\x5d\xf7\xbe\xca\xe4\x9b\x81\xb2\xb8w\x154\x3d\xcdE\xe5\xd3\xf8\xcd\x86\xc4\xe8\x95\x91\xdf\xdd\xee\x9e\xca\x9e\x83\x85e1\x10\xb0\xec\xa0g\x90bP\x26D\xac\xe9\xc9G\xe0\xaf\x07L\xed\xe3RTS\x00\x00\x017\xbf\xe8f.6\x3c\xc0\x07\xaf\xd4\x17\x88\x5d\x8c\x8f\x5cr\xcd\xeck\x60I\x810.\x955\x1c\x7c\xfa0\x8b\xb0\x99\x5f\x1b\xaf\x8e?\xb9s\xc8P\x1aw\xa3\xf3\xcbMx\x8a\xbe6\x17\x2am\xbd\xc7\xbe\xfcU\x40\x11\x83H\x07c\xefs\xea\x9d\xee\xba\x12\xf2\xacd\x7dwV\x0c\xe0\x9c\x9a\xa2\xd8\x19Z\x0e\x84\x1e\x5d\xa2\x3c1\xff\xb9\x01\xa1\x84\xdf:\xd9b\x82\xdc\x8c\x1eT\xfbYM\x9e4\xeb\xab\xb6ep\x8b\xe5\x7chc\x11u\xfaJ\xa5\xf1\xd16\x1e\xff\x86\x28cy\x3b\x5d\xee\xe4\x8f\xad\xf4t\x25\x8c\xa3D\xf2G\xcc\x9d\x96m\x5c\x9c\x96\xe6\xed\xb0\xd5xI\x25\xa3\x87\x1a\xf8JTE\x1a\xea\xfcl\x11z\xcfZ\xecT\xfc\x8e\x10\xb1\xe8\xaeV\x8b\xe2\x0fC\x1c\xae\xfcs\xbfALBM\x00\x00\x00\x3c\xa9\xfe\xc5\x3e\x17\xdc\xa2\x24J6\xf0\xc5\xf4\xf1\xa5\xe7\xe7N\xdf\x18Q\x5c0\x8a\x9e\xbf\x1d\xcc\x8cJ\x22\xc3.\xe0\xd0\x7e\x3eH\xf1\x17W\xf6\xeb!\xee\xe1\xd2\x7e\x3e\xe5\xe0\xd7\xdfA\x19o\xe7\xcdXZ\x9e\x81TITL\x00\x00\x00\x07cg\xe8q\xd5\x95GTITL\x00\x00\x01\x2a\x06\x8e\xd1\xd2\x2cu\xbfeK3\x60\x1a\x1d\x2a\x2b\x5cr5\xbdk\xdayt\xf1\x97\xb0\x11\x3e\x92\xf81\xe7\x12\xed\x11\x06O\xb2\x1b\xe1UY\xfb\x80\x3d\x05\xfe\xc3\xbc\x5e\xec\x7d\x2f\x02s\x60\x2a\xc8\x5b\xe2\xfb\xde\x25\x19\xd3XMII\xc5\x95\x3c\x8c\x5d\xed:\xe5\x9d!\xac\xc0\x7c\xd0\x5d\xc2Y\x13\xc9HV\x7c\x9cA\xe2\xa3\x7e\x3e\xae\xa5t96\xbce\x03\xa3 \x5cba\xb1Z\x86\x94l\x89\x0b\x8a\x2a\x06\xf1\x60\xcf\x3b\x8e\xf1W\xf1Q\x3e\xfeh\x2f\xe5\x93\x7c\xae\xde\xa1\xc5\xd9\xbf7\x05Z\xf0\x28W\xa2AC\xbb\xb0\x2b\xbf\xb9\x0b\x13\xb2\xa5DC\xf2m\xdd\xa9\x94\x90\xf9WL\x9a\xc6\x81b\x15\x85\x89\x052V\xaa\x60\x10\xab\xbc\xa2AR\x80S\x00\x00\x00\x5eU\xd4\xfaa\xd8\xef\xd66\x7e?\x0e\x24\xca:\xf8a\x7e?\xdex\x195\x9e\x7dj\x5eR\x27m\x27\x9d\x3b\x5f\xc5o\xca\xaa\x3b\x88V\x18\x5cb\xacv\xc7\x89\xc5Q.\xd1c\xddG\xe2I\xca\xcaKCH\x19aZ8\xb7\x10\x18g\xef\xea\x80w\x80\x3e\x12\x2b.\xde\x5d\x7b\xcfQ\xd0\xa9\x8aJ\xf5\x8b\xb1i\x1a\xcbKg\x8cTITL\x00\x00\x01\x0c78\xd3cb\x0c\xde7\x60\xd0\xe2\xf0\xb5\x8a\xf4\x1c\x92\xe98\xea d\xbf\xb1\xa7F\x02\x03\x1b\x92\xb5\x87\x9a\xf88c\xdd!\xd7\x2bC!\xb1\xed\x271\xffe\xa5\x7b\x5c\xba\xf6\xbc\x9d\xcd\xe3\x89\x98\xa8P\xac\xf4T\x9a\x185\x04\xd1nh\xce\x0f\xe4\xc1\x88\xbf\xd0\xe0\x5c\xa5\xd6B4\xc9\xb5\x1ex\x0fy\xb4!\xa2\xafl\xe1b\xe37\x9a\xb0\xcf\xd3V\x88G\x80\x0e\x5b\x2f\x8f\xb2\x87\x5c\x5c0\x95\xa3\x8cXG\x8c\xf9\xc3?Z\xbaO\xf6\x82\x5b\x2a\x91\xcf\x9d\xe3\x97\x10\x2f\xd5xg:\xf44\x8cP\x0b\x944\x02\x13\x8e\x3e\xf7DALBM\x00\x00\x01\x29\x5cr\x89\x7e\x3e\xcd\x3e\xf8\xccLGS\x8a\xf2uD\x7cG\xd1N\x1ft\xd1\xca\xad\xcc\xc3\xfc\x3e\xbf\xb6\x94x\x94ZUyv\xb1x\x0e\x02\xab\xf2\xbe\xab\xc4\xc0t\x60\x0c\xc8\xabK\x1dE\x9c\xf3\xe5F\xb7\x87\xc7\x7e\x3e\xa3\xbe\xae\x84\x87wo\x1b\xa9\x5cb\x01\x9c\xac\xbf\xe1\xbf\x60\x5f\x5fdTV\x8cR\xdbH\xb0\xc8Y\xea\xd3\x83\x88h2\x5cr p\x23x\xe0\x7e?\x8a\xf6\x40.\xa1\xc1Uf\xbaN\xc1\x24\xef\x9f\x5f\x2a\xe1\xb1\x10\xa5Y\x0b\xc3\xca\x19g\xd2Y\xd0\x1e\xde\xfe\xd1Wk\xf7\x3b\xc7\x8e\x8eb\xb8\x7d\xbar\xd2\x17\x19\xd2\x5f\xc2T\x8f\xf8I\xba\x5c\x99\xb6\x85E\x1cAR\x18\xfa\x2ce\xa8\x1a\x3c\xf0\xa8\x29N\xadZ\x82L\xc5TS\x00\x00\x00\x2d\xeavaS\xde\xda\x12\xb7\x0f\x14\x94P\x97\x01\xd9\xd8E\xbcW\x5eXBI\x5cr\x1d\xd2\xd4\x25\x5cn\x7bdUe\xbb\xac!\xd1\x06\xde\xc3\x7e\x3et\x27ALBM\x00\x00\x00\x5bS\x5cb\xe0M\xb8\xef\xe4\xa7\xbc\x90V\xe6\xf8ntr\xe9\xf6\x94\xdf\xbb\x1d2\xddN\xc9\xc1\xdd\xa8\x1d\x23\x5bd\xaf\xc7C\x8a\xdb\x94\x84m\xe4\x10F\xc9\x7d\xa6\xe2\xa2\xf0\x1f\xeb\x5f\xf6l\x0e\x7e\x3et\xda\xa3\xd7u\x03\xbd\xae\x962C\x2cU\xb45\x8d\x3d\x8b\xe7\xee\x8d\xf8\x7e?A\xb8\xb1\x93\x87\xd5\xd1\x15\x29\xb1ARTS\x00\x00\x01\x01\xd8x\x82\xcf\xda?\xb9\xa8\xad7\xff\xf2\x01b\x99HY\xd9\x07\x10\x5d\x90S\xea\x5fk\x2f2\xf0\xd9\xc5\xf9\xc4pk\x3e\xdc\xf1\xe6\xa2\x28\xcd\x89\x1d\xeb\xfeh\xa6\xc5a\xc1\xd2\x15\xd1\x8b\xbcdk\xf7\x83\xd2A\x07I\xbd\xa5\xdc\xe1\xff\x1e\x1d\xdf\xaf\xa8\xffH\xa4\x81\x0b\xfb\x5cC\x23k\x80n\x28\x18h\x86\xa8\x1b\x9d6\xc7E\x18ty\xf2\x27T\x1f\x15qt\x8a.\xd2\x91s\x99\x5b\xff\xd7\x0e\xaes\x25R\xbf\x5cn\xb3\x3eG\x9dn\xa9\xc1\x5c\x0e\xbfc\x86m\x84\xbfS\xd1M\x5dN5jARTS\x00\x00\x00!\x5d\x7e?\x7b\xf9\xb7\xbf\xd5\xabJ\xa73\x8c\xcf\xd7\xe8s\xf6\x5c\x12\xb1\x9d\xf5r\x22\xefOi\x98\xe8\xb5s\x90m\x7f</data></write>
    <read><delim>\x0a</delim><match><data>Title: 78\xd3cb\x0c\xde7\x60\xd0\xe2\xf0\xb5\x8a\xf4\x1c\x92\xe98\xea d\xbf\xb1\xa7F\x02\x03\x1b\x92\xb5\x87\x9a\xf88c\xdd!\xd7\x2bC!\x7e\xed\x271\xffe\xa5\x7b\x5c\xba\xf6\xbc\x9d\xcd\xe3\x89\x98\xa8P\xa5\x5dT\x9a\x185\x04\xd1nh\xce\x0f\xe4\xc1\x88\xbf\xd0\xe0\x5cb\xe37\x9a\xb0\xcf\xd3V\x88G\x80\x0e\x5b\x2f\x8f\xb2\x87\x5c\x5c0\x95\xa3\x8cXG\x8c\xf9\xc3?Z\xbaOZ\x82\x5b\x2a\x91\xcf\x9d\xe3\x97\x10\x2f\xd5xg:\xf4\x17\x8cP\x0b\x944\x02\x13\x8e\x3e\xf7D\x0a</data></match></read>
    <read><delim>\x0a</delim><match><data>Album: S\x5cb\xe0M\xb8\xef\xe4\xa7\xbc\x90V\xe6\xf8ntr\xe9\xd5\x94\xdf\xbb\x1d2\xddN\xc9I\xdd\xa8\x1d\x23\x5bd\xaf\xc7C\x8a\xdb\x94\x84m\xe4\x10F\xc9\x7d\xa6\xe2\xa2\xf0\x1f\xeb\x5f\xf6l\x0e\x7et\xda\xa3\xd7u\x03\xbd\xae\x962C\x2cU\xb45\x8d\x3d\x8b\xe7\xee\x8d\xf8\x7fA\xb8\xb1\x93\x87\xd5\xd1\x15\x29\xb1\x0a</data></match></read>
    <read><delim>\x0a</delim><match><data>Artist: \x5d\x7f\x7b\xf9\xb7\x93\xd5\xabJ\xa73\x8c\xcf\xd7\xe8s\xf6\x5c\x12\xb1\x9d\xf5r\x22\xefOi\x98\xe8\xb5s\x90m\x0a</data></match></read>
    <write><data> \xdf\x28\x2f\xb6\x0af\xdaT\xeeHDR\x05\x0c\x00\x00\x01\x22ALBM\x00\x00\x00nl\xd6t\xac\xa7\x2a\xaa\xe5\xa3\x8b\xd59\x87\xe5\x5c\xf2bR\x9f\xaf\xdb7\xae\x92\xf5\xe7\x19\x9aR\xa5HnlFw\x84\x5b\x1e\x97\x40\x90wH\x40\xa9\x12\x1b\xb3\xc2\x5ctl\xaf\x8bXr8\x02w\x83\x8f\xa3\xff\xa4C\xfc\x5cr\x90\xd9\x5c\x9fU\x5d\xe6\xaa\xe5\x97M\xc6\x7b\x87\x23rq\x98\x17R\xb0\x88\x24\xf6\x0c8\xb6\x5bL\x7e?\x1b\x88\xe2Jw\xae\xf50K\x80\x7dwALBM\x00\x00\x00\x24\xc8\x28\xf4\x12\xa0o\xf0\xf6JF\x12\x8e\x90\xfc3\x5e\xc0\x85\x80\xe5\x9b\x5ctqv\xf0\x10\xad\x8f\xea\x02k\x0ck\xcd\x17\x7f</data></write>
    <read><delim>\x0a</delim><match><data>Album: \xc8\x28\xf4\x12\xa0o\xf0\xf6JF\x12\x8e\x90\xfc3\x5e\xc0\x85\x96\xe5\x9b\x5ctqv\xf0\x10\xad\x8f\xea\x02k\x0ck\xcd\x17\x0a</data></match></read>
    <write><data>\x40\xbfU\x1d5\x91\xe3\x1c\xe2\xac\xe85N\x3c\x1f\x3da\x2fHDR\x05\x0c\x00\x00\x03STITL\x00\x00\x00t\xeck\x0eD\xc2\xbfr\x2c\x8az\x1dG\x02\xeb\x15\xedk\x5c\xe4\xae\x0b\xa2\xb1\x7b\x24\x80\xe8\x19\xa8\x10\xa2.\xd1\xfbm\x5ct\xad\xab\x8bP\x2f\xe2d\x93\xa0\xe3\x2a\xca\xe7\xbc\x1a\xc5o\xc9\xc6\x19\x24\xff\x92\xe0tD\xbf\x2dZ\xdd\x5cb\xfd\xc2r\x2bwB\xf3\xc0\x14\xbc\xe8\xf4::\xbd59\xe2\xe6\x2b\x2a\x99\x86.\x05\x85\xda\xf8\xf7\xcc:v\xb3A\xe8HK\xf5\xfavOp\x5dS\x2d\x60\x1eTITL\x00\x00\x01\x00c\xb0\x91\x5c0\xb8\x5c0\x29\xeb9\xf9\x11MA\xdf\xf3\xfeL\x1e\xa7C\x5c\x85\x1d\x92\x07\x8a\xaf\xc0\x3d\x89J\x01\xe4XMY\xac\xcbQ4x\xb4\x22\x7e?\x27w\x29\x5ct\x8c\xd0\x0f\xa3\xc2\x19\x5ct\x16Y\xfe\x40\x5cb\x83\x01\xcc\xc0\xbf\xfe\xe5\xc844r\x91\xe0Y\xbf\xf2\xd3\xbcT\x85\xd1\xcd\x9e\xd3\x1d\xb1\xae\xf8\x24\xc9\xee\x60\xb5d\xd1\xe5\x5b\x9e\x1b\x03E\xd3\xa9\x15\x13\xdb\xa1\x0b\x1a\xe9\x3c\xa7\xc0\x92\x3b\x83\xf1\x11\x2f\xa6yR\x5cb\x0f\x7d\x9b\xb7\x95u3\x91\x1aZ\xdd\x5cr\x2aKARTS\x00\x00\x01G\x8fQ\x5cb\x5cbby\xee9\x1b\xf8\x2f\xf7\x04O\x2d\x99\x93c\x1f\xc3\xce\xdb\x03\xb7I\xc6\x84S\x40k!\xd7\x22\xeen\x90\x93\x7c\xfe\x84\xa9\xa15\x91\xe2\x96\x12\xb9\xd6J\xb7R\x7e\x3exK1\xdd\xac:U\xbc\xb3\x16K\x17\x26\xc1\x15?\xda\xcc\x5b\x28cT\x98\xd3:\x8d\x5e\x93a!\xebR?\x19\xc9\xa2\xc9:e\x25\xf3\x81FXm\x98\xca\x5cW\xc3\xe0\x3e\xf2\x119\x5f\xeb\x07\xa7Z\xea\x94\x2cf\xa1\xb4\x25\x3b\xf8\xeb\xc5\x06\x1a\xb7X\x29\xe8\x5cn\xa4\x5f\xffj\x7c\xd0\xb0\xb8\xd4\x5cbA\xbdl\x9c\xd0\x94\x10\xe1\x8b\x2d\x18\xd8E\x02Z\xe4\x06W\xfe\xb0m\xe8\x88\xa31 g\xb7\x8f\xfe\xd1\x11\xc1\xae\xb7\x84\xefb\xf9\x04\x23\x98\xcbx\xf3\x8dT\x95eN\x5f\x88\x22\xd6\x7f</data></write>
    <read><delim>\x0a</delim><match><data>Title: q\xb0\x91\x5c0\xb8\x5c0\x29\xeb9\xf9\x11MA\xdf\xf3\xfeL\x1e\xa7C\x5c\x85\x1d\x92\x07\x8a\xaf\xc0\x3d\x89J\x01\xe4XMY\xac\xcbQ4x\xb4\x22\x11\x27w\x29\x5ct\x8c\xd0\x0f\xa3\xc2\x19\x5ct\x16Y\xfe\x40\x5cb\x83\x01\xcc\xc0\xbf\xfe\xe5\xc844r\x91\xe0Y\xbf\xf2\xd3\xbcT\x85\xd1\xcd\x9e\xd3\x1d\xb1\xae\xf8\x24\xc9\xee\x60\xb5\xe9\x3c\xa7\xc0\x92\x3b\x83\xf1\x11\x2f\xa6yR\x5cb\x0f\x7d\x9b\xb7\x95u\x03\x91\x1aZ\xdd\x5cr\x2aK\x0a</data></match></read>
    <read><delim>\x0a</delim><match><data>Artist: \x8fQ\x5cb\x5cbby\xee9\x1b\xf8\x2f\xf7\x04O\x2d\x99\x93c\x1f\xbe\xce\xdb\x03\xb7I\xc6\x84S\x40k!\xd7\x22\xeen\x90\x93\x7c\xfe\x84\xa9\xa15\x91\xe2\x96\x12\xb9\xd6J\xb7R\x7epK1\xdd\xac:U\xbc\xb3\x16K\x17\x26\xc1\x15?\xda\xcc\x5b\xcacT\x98\xd3:\x8d\x5e\x93a!\xebR?\x19\xc9\xa2\xc9:e\x25\xf38FXm\x98\xca\x5cW\xc3\xe0\x3e\xf2\x119\x5f\xeb\x07\xa7Z\xea\x94\x2cf\xa1\xb4\x25\x3b\xf8\xeb\xc5\x06\x1a\xb7X\x29\xe8\x5cn\xa4\x5f\xffj\x7c\xd0\xb0\xb8\xd4\x5cbA\xbdl\x9c\xd0\xbc\x10\xe1\x8b\x2d\x18\xd8E\x02Z\xe4\x06W\xfe\xb0m\xe8\x88\xa31 g\xb7\x8f\xfe\xd1\x11\xc1\xae\xb7\x84\xefb\xf9\x04\x23\x98\xcbx\xf3\x8dT\x95eN\x5f\x88\x22\xd6\x0a</data></match></read>
    <write><data>\x10\xef\xc1Uz\x2fHDR\x05\x0c\x00\x00\x01NALBM\x00\x00\x01F\x88\x1dk\x7cL\xc1\xb2\xbedn\xb8\xa0\xaa\x86QH\xb1\xacz\x99\xd2\x8co\xbf\x01N\xe7\x17J8\x28\x5ct\x5f?8.H\xc6\x9a\x81\xcc\xb7\xe5\xc0\x5b\xea\x15pS\x3e\xb2P\xf7\xb2\xb3\x81\x19\x066\xcc\x7b8E\xae\xa8K0\x98\x5d\xd2\xff\x1a\xbf\x5c\xf2\x3enxW\x40G\x24\x1e\xf2\xca\x94\x7e?\xc5\xdal\xf0w\xcdE?\x92\x11K\xe7\xe8\xe1\x87\xcbl\x7d\xe5ims\x9eN\xaa\xe9A\xde\xbe\xa1\xf7\xa5\xce\x93\xd7\xaew\x7b\x2d\xcdI\x12\xaf\x3c\xd0N\x13\xe5\xe9\x2d\xa4\x5eM\xf1\x5cb\xd4\x3c\xbc\xce\xdc\x90\x16\x88\xb0l\x93\xba\x7b\xcf\x26P\xc3\x90\xac\x89O\x06y\xf5\xec\x3c\xb9\x863m\x8fn\xa7\x11\xbb\x96q4\x28Y\x9b\xad\xc9\xe4\x5e \xc9s\x14\xca\xa6di\xde\x7f</data></write>
    <read><delim>\x0a</delim><match><data>Album: \x88\x1dk\x7cL\xc1\xb2\xbedn\xb8\xa0\xaa\x86QH\xb1\xacz\x99\xd2\x8co\xbf\x01N\xe7\x17J8\x28\x5ct\x5f?8.H\xc6\x9a\x81\xcc\xb7\xe5\xc0\x5b\xea\x15pS\x3e\xb2P\xf7\xb2\xb3\x81\x19\x066\xcc\x7b8E\xae\xa8K0\x98\x5d\xd2\xff\x1a\xbf\x5c\xf2\x3enxW\x40G\x24\x1e\xf2\xca\x94\x7f\xc5\xdal\xf0w\xcdE?\x92\x11K\xe7\xe8\xe1\x87\xcbl\x7d\xe5ims\x9eN\xaa\xe9A\xde\xbe\xa1\xf7\xa5\xce\x93\xd7\xaew\x7b\x2d\xcdI\x12\xaf\x3c\xd0N\x13\xe5\xe9\x2d\xa4\x5eM\xf1\x5cb\xd4\x3c\xbc\xce\xdc\x90\x16\x88\xb0l\x93\xba\x7b\xcf\x26P\xc3\x90\xac\x89O\x06y\xf5\xec\x3c\xb9\x863m\x8fn\xa7\x11\xbb\x96q4\x28Y\x9b\xad\xc9\xe4\x5e \xc9s\x14\xca\xa6di\xde\x0a</data></match></read>
    <write><data>\x00\xffHDR\x05\x0c\x00\x00\x00\x00\x7f</data></write>
    <write><data>P\xaf\xb3\xdd\xfbpKK4?\x90.\xfbvrK\xf5\x7c\xe7\xa3\x19\x91HDR\x05\x0c\x00\x00\x05aTITL\x00\x00\x00\x2cV53\xaeC\xdd\xe5\x8d\x82\x01\x18\x9a.\x02\x87\xc8\x8bst\x8f\x90Mig\xbf\x2d\xb0\x5cbJ\x7d\xa4Cf.\x2b \x1e\xc3i\x102g\x5eALBM\x00\x00\x00!6\xaf\xf2\x1eZgX\x7d\x97mJE\x1b\x9cA\xb1l\xae\xa14g\xa4\x18B\xc5\x850\xa0\xb7\xc3\xb0\x1f\x7e\x3eARTS\x00\x00\x01?2\x01?\xbai0\xa7mf\xaa\xda:\xe5\x984\xaa\xdeGV\xefx\xb9h\xa2Mi\x5e\xc1\xad\x5c0y\xff\x28U\x7b\x9e\xeb\x5c\xa4d.\xf2\xe7p\x94\x5cb\xed\x5c0\xb4\x7cm\x5c0\xd6f7\xe2\xf1\x8e\xec\x93\xa8s\x196\x13H\x11\xf8\xf0\x9d\x2fS\xbb\xb4\xd4\x3eS\xe2\xd7\x5b\x1e\x25\x0c\x95 \xac\x84\x24o\xbc\xde\x2b\x87\x5c0s\xf3oE\x15\x97\xe7\xcd\x8e\x9e\x83h\xbc\xab\x22\xd3\x2bKW\xe4\xca\x407r\xec\xc5\x7e?\x93D\xf1\xe0x\xd2\xa8\xce\x2a\x0953\xbdy\xe8\x94m\xebQ\xedd\xe8tY\x3d\x9e\xf2\xce\xb3\xce\xf5V:\x5e\x1a\xfc\xb9\xe4\xd9\xb8\xc0\xdd\xff\xd0\x7e?s5\x03R\xc4\x89\x5d\xa7Q\x90\x0fF\xe0\x15\xdd\x86\x999b\x3d\x01Gz\xaeIY\x3c\xa7C\xfe\x84d\x8c\x7cP\x16\xab\xd7b\x7e?TITL\x00\x00\x01\x3c\xe0ss\xa5\x11t\xf8\x2a\x8d\xfb\xeb\xe6U\x24\xb4\xab\xc0\x8do\x7b\xec\xdf\x05\x10\xe6\xb8\x11\x5c\xa5\x5c0\xd9\xb8\xa2\x5cr\xca\x11\xa6\xcfr\x0f2\xbd\x17n\xf6\xa7\x2c\xc5\xb6\x94\x60\xda\x85\x8b\x8c\xd4\x2c:a\x1f\xac\xa8\xf1\xc6\xa0I\x29\xa0\x13Y\xe2\x29\x86\x8a\xbdC\x2br7\xb5\xe5\xd6\x25\x2d\x89\x9b\x05d\xebK\x9c5\xb1V\xf8X\x3bGV\xc3\xd2\x8f\x5cb\x94\x7e?f\xa9Q\x5f\xd8\x7bw\xa3\xc5\xc53\x60\x9bX\xb2\x23\x3cK\x2d\x8e\x10\x92\x7e?\x89\xfcf\xb5\xc7\xe34\x28\x92B\xba\x1c\x07\x27lh\x14\xe8M\x0bJ\xa2x\xbe\xb6PMV\xa4\xd0\xea\xcf\x5e\xf9\xc1\xbaP\xeb\x24\xdf1\x26\xc7B\x9a\xb5\x7d\x8f\xb9V\xc9i\xf9\xf3\x99\xc4\xcd\xe3\xa1\xd7\x9c\xe8\x84\xea\xf9\x94\xdf\x95\x29\x82C\x3c\xe4\x1e\xd38\xbfARTS\x00\x00\x01 \x04a\x5fv\xd3o\x99\x7bUA\xde\xc7x\xa7\xc8\xd5T1\xf4\xa9r\x85\xd2\xb3\x8bv\xfa\x13\x5d6\x7e?\x90!\xb7D\x80\x86\x8b1\x1c\x16\x89\xbf\x01\xe0\x1e\x9c3\xcf\xdc\x93\x04n\xf9\xcb\xb1Fw\xe2n\x82\xefXn\x94Q\x954\xf4vk\xef\x7c\x7d\xd6\xa8.\x2d\x22\x0cM\x07FVB\x173C\xa7GuL\xc4i\xce\x9f\x8dfF\x5e\x2ca\xe3je\x5b\x81eR\x5c0mVy\x04vaBCq\x84\x88\x7c4!\xc9\xa3\xb3\x2b\x1c\x3epI\xe6\xf3\x19\xecS\xc0\x9a\x5f\xbd\xbb\xc5x\xc0\x16\x5ctE\xf7y\x13\x5cn:\x27\x95\xd5LALBM\x00\x00\x00I\x82\xa7\xbc0\xf32\xb7n\x87u\xfc\xdbyt\x83\xcd\x80\xa0\xc5\x8f?W\xc4\xef\xf7\xb7\xea\xc4\xe0\x15\xe3z\xb6\xbf\x7b\x25fm\xd9\xe4\x94\x83\x09\x1b\x11\x02\xcf\x88\x7c\x25\x1eq\x7d\x7c\x03\xb7\xaf\x8b\x28\x8cx\xa9\xae\x7b\xd6\xfe\xdc\xe9o8\xa8j\xd9\xb8\x80\xad\xba\x9b\xa3K\x22rs\xcd\x84\x8a\xdc?\xaf\xb7\x11KZ\x7f</data></write>
    <read><delim>\x0a</delim><match><data>Title: \xe0\x9ds\xa5\x11t\xf8\x2a\x8d\xfb\xeb\xe6U\x24\xb4\xab\xc0\x8do\x7b\xec\xdf\x05\x10\xe6\xb8\x11\x5c\xa5\x5c0\xd9\xb8\xa2\x5cr\xca\x11\xa6\xcfr\x0f2\xbd\x17n\xf6\xa7\x2c\xc5\xb6\x94\x60\xda\x85\x8b\x8c\xd4\x2c:a\x1f\xcd\xa8\xf1\xc6\xa0I\x29\xa0\x13Y\xe2\x29\x86\x8a\xbd\xd6\x2br7\xb5\xe5\xd6\x25\x2d\x89\x9b\x05d\xebK\x9c5\xb1V\xf8X\x3bGV\xc3\xd2\x8f\x5cb\x94\x7ff\xa9Q\x5f\xd8\x7bw\xa3\xc5\xc53\x60\x9bX\xb2\x23\x3cK\x2d\x8e\x10\x92\x7f\x89\xfcf\xb5\xc7\x944\x28\x92B\xba\x1c\x99\x27lh\x14\xe8M\x0bJ\xa2x\xbe\xb6PMV\xa4\xd0\xc9i\xf9\xf3\x99\xc4\xcd\xe3\xa1\xd7\xd2\xe8\x84\xea\xf9\x94z\x95\x29\x82C\x3c\xe4\x1e\xd38\xbf\x0a</data></match></read>
    <read><delim>\x0a</delim><match><data>Album: \x82\xa7\xbc0\xf32\xb7n\x87u\xfc\xdbyt\x83\xcd\x80\xa0\xc5\x8f?W\xc4\xef\xf7\xb7\xea\xc4\xe0\x15\xe3z\x7d\x7c\x03\xb7\xaf\x8b\x28\x8cx\xa9\xae\x7b\xd6\xfe\xdc\xe9o8\xa8j\xd9\xb8\x80\xad\xba\x9b\xa3K\x03rs\xcd\x84\x8a\xdc?\xaf\xb7\x11KZ\x0a</data></match></read>
    <read><delim>\x0a</delim><match><data>Artist: \x04a\x5fv\xbdo\x99\x7bUk\xde\xc7xY\xc8\xd5T1\xf4\xa9r\x85\xd2\xb3\x8bv\xfa\x13\x5d6\x7f\x90!\xb7D\x80\x86\x8b1\x1c\x16\x89\xbf\x01\xe0\x1e\x9c3\xcf\xdc\x93\x04n\xf9\xcb\xb1Fw\xe2n\x82\xefX\x05\x94Q\x954\xf4vk\xef\x7c\x7d\xd6\xa8.\x2d\x22\x0cM\x07FVB\x173C\xa7GuL\xc4iO\x9f\x8dfF\x5e\x2ca\xe3je\x5b\x81eR\x5c0m\x1cy\x04vaBCq\x84\x88\x7c4!\xc9\xa3\xb3\x2b\x1c\x3epI\xe6\xf3\x19\xecS\xc0\x9a\x5f\xbd\xbb\xc5x\xc0\x16\x5ctE\xf7y\x13\x5cn:\x27\x95\xd5L\x0a</data></match></read>
</replay>
</pov>