<?xml version="1.0" standalone="no" ?>
<!DOCTYPE pov SYSTEM "/usr/share/cgc-docs/replay.dtd">
<pov>
<cbid>service</cbid>
<seed>56b091f21817cdc34a796c8d78f42eb1df4820423517553c2c6cc849dc986774647ab5c7dc4c860c47ca19b394e51fbe</seed>
<replay>
    <write><data>\x04\xfbHASH\x7f</data></write>
    <read><length>4</length><match><data>A\x8c\x28\xcb</data></match></read>
    <write><data>\x10\xef\x25\xf7\x18 HDR\x05\x0c\x00\x00\x02IALBM\x00\x00\x00\x2a\x9d\xa3\x7c\x5cn\x81It\x3b\xb7\x27\x27m\xf1\xe2\x2f\xa1\x84\x0f \xd8\x22\x91A\xd7\x3c\xa1x\xc4M\xec\x98\xe5\xb9\xdb\x60J\x16\xea\xc6\x91\xc2TITL\x00\x00\x00FX.\xf9\xa4\x27\xc4\xc9\xb6\xcf\xabo\xcf\x01\x1b\x22\xcdL\x2b\x3d\xca\xfaKO\x01\xef\xacc\x2a\x1b\x01\xe2\xd0\xba\xb5\x1d\x3d2\xee\xc6v\x11\x3ctuv\x81.\xa4\x9d\xe6\xce\x05\xf1\xbe\x40\x28\xd9\x05?e\x03\xc5\xdd\xb6\x03\x1eG\xd9y\x7cARTS\x00\x00\x01A\xc6\xe3\xe6\xbdy\x15DUC\x14\xdb\x86\x90E\x8a\x7e\x3eI\xff\xb5\x03\xda\x8d\xfaW?\xd8\x95n0j\x8f\x82\x27\x07\x26\xbd\xd3\x5ct\xe1\xa3\x1c\x7e?\x85\x04\xd8\x27\x5dOA\xab\x9a\xa7\x82?\x8e\x2c\xb0\x5ct\xf7\xb4\xf5\x5b\xd4\xb7AK\xee\x9dj\xa8\xd8v\x5b\x7b:\xc0\xa1\x88\xc1C\x7c\x25\xfez\xd5\x1b\x04\x2c\xc7\x7c\xaf0\xb45\x5d\xc5\xe4k\xd9\xc5rMk\xfft\xd4\xf5\xa6\xeb\xb3\x14\x11PK\x25\xc2\xb3\x03z\xb4\xc3\x24b\xd6a\x2a\xd7\x80\x10\x8f\x96\xccm\xbb\xb0\x96\xdc\xda\x23\xea.eC\x3b!\x2d\xc8\x3cE\xbf\xf5\xc9z\xe9\xd8\xbe\xa3\xce\xcb\xc2\x80\xf8X\x23U\xcb\x5c0\x2f\xf0\xc1\x5c\xba\x1a\xa7\xd2\x26\xf64\x5b\x0f\x95\x3bw5\xdc\x8f\x1b\xc1\xd4Rs\x95\xca\x1c\x7f</data></write>
    <read><delim>\x0a</delim><match><data>Title: X.\xf9\xa4\x27\xc4\xc9\xb6\xcf\xabo\xcf\x01\x1b\x22\xcdL\x2b\x3d\xca\xfaKO\x01\xef\xacc\x2a\x1b\x01\xe2\xd0\xba\xb5\x1d\x3d2\xee\xc6v\x11\x3ctuv\x81.\xa4\x9d\xe6\xce\x05\xf1\xbe\x40\x28\xd9\x05?e\x03\xc5\xdd\xb6\x03\x1eG\xd9y\x7c\x0a</data></match></read>
    <read><delim>\x0a</delim><match><data>Album: \x9d\xa3\x7c\x5cn\x81It\x3b\xb7\x27\x27m\xf1\xe2\x2f\xa1\x84\x0f \xd8\x22\x91A\xd7\x3c\xa1x\xc4M\xec\x98\xe5\xb9\xdb\x60J\x16\xea\xc6\x91\xc2\x0a</data></match></read>
    <read><delim>\x0a</delim><match><data>Artist: \xc6\xe3\xe6\xbdy\x15DUC\x14\xdb\x86\x90E\x8a\x7eI\xff\xb5\x03\xda\x8d\xfaW?\xd8\x95n0j\x8f\x82\x27\x07\x26\xbd\xd3\x5ct\xe1\xa3\x1c\x7f\x85\x04\xd8\x27\x5dOA\xab\x9a\xa7\x82?\x8e\x2c\xb0\x5ct\xf7\xb4\xf5\x5b\xd4\xb7AK\xee\x9dj\xa8\xd8v\x5b\x7b:\xc0\xa1\x88\xc1C\x7c\x25\xfez\xd5\x1b\x04\x2c\xc7\x7c\xaf0\xb45\x5d\xc5\xe4k\xd9\xc5rMk\xff\xeb\xb3\x14\x11PK\x25\xc2\xb3\x03z\xb4\xc3\x24b\xd6a\x2a\xd7\x80\x10\x8f\x96\xccm\xbb\xb0\x96\xdc\xda\x23\xea.eC\x3b!\x2d\xc8\x3cE\xbf\xf5\xc9z\xe9\xd8\xbe\xa3\xce\xcb\xc2\x80\xf8X\x23U\xcb\x5c0\x2f\xf0\xc1\x5c\xba\x1a\xa7\xd2\x26\xf64\x5b\x0f\x95\x3bw5\xdc\x8f\x1b\xc1\xd4Rs\x95\xca\x1c\x0a</data></match></read>
    <write><data>\x00\xffHDR\x05\x0c\x00\x00\x007ALBM\x00\x00\x00\x2f\x5cr\xb4V\x1b\x8d\x85\xf7t\x8cFS\xf7\xc6\xc6\xd0\x93wc\x95\xac\xaa\xb3JN\xdb?\x04!y\x18\xf5\x2dy\x23\x27\xe3HV1\xad\x88P\xc2\x5cb\xbc\x7f</data></write>
    <read><delim>\x0a</delim><match><data>Album: \x5cr\xb4V\x1b\x8d\x85\xf7t\x8cFS\xf7\xc6\xc6\xd0\x93wc\x95\xac\xaa\xb3JN\xdb?\x04!y\x18\xf5\x2dy\x23\x27\xe3HV1\xad\x88P\xc2\x5cb\xbc\x0a</data></match></read>
    <write><data>p\x8f1\xdd!\x11\x99\xb2\xc0s\xd3Is\x8d\xf5i1\x0aR\xa6\xea\x046\xd4\x9e\xfe7r\x91\x04HDR\x05\x0c\x00\x00\x00HARTS\x00\x00\x00\x40\xcf\x97\xcc\xf6\x80\x5cb\xd1\x92\xa6N\xdd\xe9\x17k\xdd3M\x9dk\xdcR2\xcc\x7d2\x91\xde\x0cT\xd8\x06\xf4\xb6\x5fi\x99\x89\xa8\xda\x04\x95Z\x60!\xc3n\x27\xc1\xdb\xb7n\x8c\xa4\x96\x03R\x8f\x5e\xd2\xf1c\xba\x99\x7f</data></write>
    <read><delim>\x0a</delim><match><data>Artist: \xcf\x97\xcc\xf6\x80\x5cb\xd1\x92\xa6N\xdd\xe9\x17k\xdd\x97M\x9dk\xdcR2\xcc\x7d2\x91\xde\x0cT\xd8\x06\xf4\xb6\x5fi\x99\x89\xcb\xda\x04\x95Z\x60!\x5cn\x27\xc1\xdb\xb7n\x8c\xa4\x96\x03R\x8f\x5e\x23\xf1\xd4\xba\x17\x0a</data></match></read>
    <write><data>\x10\xef\xa3\x1c\x85\x92HDR\x05\x0c\x00\x00\x08lALBM\x00\x00\x01\x3c\x5cbm\x9d\x13\xa0\xde\xdc\x11mCPL\x99W\x91TM\x1d\x1d\x03\xd5\x5bj\x18\x82\xac\xd2\x04\xa8\x87\xe9\x95\x14\xe9\xea\xd4\x80M\xa0\x22H\x9e\x9a\xc8V\x15\x2cx\x19\x5c0\xc1x\x97\xc7\xda\x297\x99h\x3d\x2a\xcf\x85\xf1\x92\x96\xa6\x2fc\xe5g\x2d\xf8\xf3\xb9\xa5e\xd2\x3d\x0cG\x98\xbc\xb2qDa\xffM\x29\xcc\x86\x29V\x81\xd08\xe91\x90\x5e\x8e\x0fJ\xa4N\x28B\xde\x91\x5d\xe6\xcf\x19\xe0b\x40\x5b\x22\xd6\x28\x5b\x26\x85\x99\xb4\x04\x98\x8f\x18\x25\xcc\xbdxj\xf1\xe5\xf1M\x5e\xec\xe3\x8f \x8a\xa7\xe6V\xba\x8d\xaab\xdf\xdc\x7e\x3e\x40\x07Q\xb5\x85K\x9c\x01pEb\x13Q\xef\x83\xd18\x9d\x04wz?\xe49\xd9\xff\xb8\xe4\xe3\xba\x22ARTS\x00\x00\x00\x26\xbagq\x0f\x7c\xd2\xa8\x2d\xcb\x8adR\x22j\xf3\x81\xd4\xba\x7e?t\xf6\xef\xddr\xb2u\xf0\xc6\x8e\xd4Y\xf6e\x26\xd37D\x5d\x7c\x1a\x86\x87TITL\x00\x00\x01\x26\x2b\xe7\xb2\x97\xb9\xd3wv.S\xfa\xadQ\x5cr\xcf\xdb\xe0\xdd\xa24\xb6\x5ctc\x92\x28\xedwM\xc8\xb0\x9aR2\x89\x01\x3e\x1f\x3b?\x60\xc2Gta\xa5\x80\x86\xd0\x16\x2d\xef\x02\xc4\x1fHL\x80\x15\xe0\xa9\x10y\x99\x1a\x24\x80!\xc2 \xc3\x01\x3d\xa5cR\x1bN\xc1I\x0f\xf9\xf6\x13\xb9g\x15\x16Z\x3e\xbb\xaae\xe1\xab\x3d\xe1\xc8\xfe\xa8\x85\x7b\x06u\xda\xf0\x04q\xf4a\x96\xcf\xff\x5cr\xfa\x5cnr\x05\xf5o\x3c\xe3\xd0\x5dU\xccC\x5b\x5cb\xe5\xf8\xc0\xf4o\x26C\x81\xe0\xec.\xf4\x96\x3d\xaf\xd4\x83\xd6\xe0g\xa3\x0c\xa3\xbdL\x9d\xcf1\x25J\x8e\x2d\xffARTS\x00\x00\x00\x7e?o\xd5Z\x17\x5bH3\x19n\x8e\x9c\xf6\x19\x89F\xfe\xbb3\xd6\xbfn\x10\xa1\xbb\x19\xec\xcc\x5fK\x97\x83\xb1\x3e\xe1\x88\x0e\xf4Ir\xeb7\x94\xb5\xa7\xc0\x7e?\xe8\x2bI\x0b\xd8NpJ\x1a\xaeE\x18\x5ct\x5e\x60\xa8\x045\x8b\x93\xa1\x7e\x3eH\xd6\xd7\xe5\x06\xfd\xb8x\xbd\x1aV\xa0\x10\xb2:\x5d\xda\x86\xd2\xf6\xd5\x0e\x9fQ\xbf\xd5\xe1\x0c\x81\xf5F5\xf7\xe6:F\x84\xd0\x7c\xcdQ\xa28\xeb\xa2\x2cp\xb6\xecU\xc1\xca\x90\x96g \xc3\x1b\xbe\x8aR\xd6TITL\x00\x00\x00o4\x06\xbd\x27\x9dh\x23IEq\xf0\x19\x2d\x93\xf8\x07z:\x83\x5b\x2c\xd7u\x01\xc2\xbd\x9d\x8e\xc0\x40\x2dx\xa7\x92\x13\xb8\x01\xb5\x1f\x7e?\x02qO\xf1\x98\xdd\x10\xda\xa6\xcb\xa9g\xbe\xe0\x9e\xb7\x2f\x5f\xd7I\xfa\xd0\xa5\xf1\xf6W\x5e\xe5\x0cR\x91I\xbf\x0f\xd8\x84\x1a\x8b\xad\xf6\x2b\x88.\xfe\x3b\xec\x7c \x0e5\x1d\x2fN\xd1\x19\x3e\x8e\xc8\x22\x3d\xa8\xd6\xd2\xe84\x24\x0f\x86\x9b\x5b:TITL\x00\x00\x00\x0b\x7e\x3e\x7b\x993\x91R\xcb!\xd7\x89\xfeARTS\x00\x00\x00P\x7c\x81\xcd\xf4\x26\x92\x29\x60\xde\x86\x83O\x2fc0\x7c\x5cb?\xc8\xb8 \xbc\x3djJ\x80\x06\xae\xb2\x1e\x17\x27\xaa\xed\xa6\xeba\x12oD\xa9\xf02\xc1\xf1\xb7\x1d\xe4\xb5m\x1c\x27\x0f5\x1aK7Ev\x91\xf9p\x7e\x3e\xa7\xf6J\x0f\xfe\xa6\xc51\xbd:\xb2H\xe1\x93z?\xe8\xff\xaa\xaeARTS\x00\x00\x01C\xa4o\x06\x93\xeacv\x9c\x1f!\xea\x7c\x19\x0e\x2b\xf7\xef\xfc\xed\x03\x15\xd7\xa43\x2d?\x073\x3bZ\xc0\xb0\xcb\xea\xb4\x28z\x88\x11n\x17\x94\x9f\xe3x\x05\xdd\xd8\xebWt\xcez\x87\x16\xe5\x2f\x22Wip\xf4\xa6\x83\xa9\x8eY\x12Lu\x82\x5c\x9ew\x85\x98j\xff\x98\x13\xc8\xb5\xc7\xfe\xa3W\x19W\xd7\x89\xe9\x29\xb9\x5c\xd1\x96\xcb\xba\x15raAEy\xd4\x96\x07\xd9?\x80\xa3\xb6\xa4\xbbv\xd9\x2c\xd6o\xaf\xc5\xd4G\x98\xde!V\x60\xb5\xee\xe7\x16\x5bZ\x5e\xf7b\xb7\x27\x3d\x06\x91\x9bPO9\x5c\x25\xae\x7cr\xb5\x8d?V\x8c\x1a\xb3\x1f\x23\x1a\x26\xee\xadP\x3d\x9bk\x10m\xd7:\xa8\x17\x81\x90\xc6\xae\x8f\x8aK\x5cb\xb1F\x2f\xf4\x82W\x85\xcc\x5cbr\xbfTITL\x00\x00\x01\x10B\xddJ\xfe\x90ok\x95\x09\xb5\x7b\xad\x98\xb9b\xd3\x81k\x98\xa5\xe5\x7b\xdf\x9a\xfaI\x87\xe1\xa3\xaa\x24b\x92\xd6\x84\xd6\xddb\xf8\x1e\xe0EY\xef\x5cn\xcf\xa6\x8e\x26\x85\xb0U\xdb\xabPy\xa2:\x96\x26A\xd9\xd8\xa1\x5b\x05\x7e\x3e\x92\xa5u\xef\xe1\xc1t\x22\xc0\x3e\xe0\x0f\x99\x8b\xf6E\x5dm\x96tr\x12\xef\xa5mX\xfb\xa3\x0e\x11Kz\x16\x27\x2f\x15\x2f\xab\x1f\x5c0\xf7\x0f\x5c\x40Y z\x24\x85q\x9b\x07\xe2\xd0\x8f\xc0\xcf\x8f\xb35\x7cy\x02\xef\x82\xd5\xd1\xc1\x15\xd1i\xe0\xda\xc0!\x29\x28\xaa\xc8\x7f</data></write>
    <read><delim>\x0a</delim><match><data>Title: B\xddJ\xfe\x90ok\xad\x98\xb9b\xd3\x81k\x98\xa5\xe5\x7b\xdf\x9a\xfaI\x87\xe1\xa3\xaa\x24b\x92\xd6\x84\xd6\xddb\xf8\x1e\xe0EY\xef\x5cn\xcf\xa6\x8e\x26\x85\xb0U\xdb\xabPy\xa2:\x96\x26A\xd9\xd8\xa1\x5b\x05\x7e\x92\xa5u\xef\xe1\xc1t\x22\xc0\x3e\xe0\x0f\x99\x8b\xf6E\x5dm\x96tr\x12\xef\xa5mX\xfb\xa3\x0e\x11Kz\x16\x27\x2f\x15\x2f\xab\x1f\x5c0\xf7\x0f\x5c\x40Y z\x24\x85q\x9b\x07\xe2\xd0\x8f\xc0\xcf\x8f\xb35\x7cy\x02\xef\x82\xd5\xd1\xc1\x15\xd1i\xe0\xda\xc0!\x29\x28\xaa\xc8\x0a</data></match></read>
    <read><delim>\x0a</delim><match><data>Album: \x5cbm\x9d\x13\xa0\xde\xdc\x11mCPL\x99W\x91TM\x1d\x1d\x03\xd5\x5bj\x18\x82\xac\xd2\x04\xa8\x87\xe9\x95\x14\xe9\xea\xd4\x80M\xa0\x22H\x9e\x9a\xc8V\x15\x2cx\x19\x5c0\xc1x\x97\xc7\xda\x297\x99h\x3d\x2a\xcf\x85\xf1\x92\x96\xa6\x2fc\xe5g\x2d\xf8\xf3\xb9\xa5e\xd2\x3d\x0cG\x98\xbc\xb2qDa\xffM\x29\xcc\x86\x29V\x81\xd08\xe91\x90\x5e\x8e\x0fJ\xa4N\x28B\xde\x91\x5d\xe6\xcf\x19\xe0b\x40\x5b\x22\xd6\x28\x5b\x26\x85\x99\xb4\x04\x98\x8f\x18\x25\xcc\xbdxj\xf1\xe5\xf1M\x5e\xec\xe3\x8f \x8a\xa7\xe6V\xba\x8d\xaab\xdf\xdc\x7e\x40\x07Q\xb5\x85K\x9c\x01pEb\x13Q\xef\x83\xd18\x9d\x04wz?\xe49\xd9\xff\xb8\xe4\xe3\xba\x22\x0a</data></match></read>
    <read><delim>\x0a</delim><match><data>Artist: \xa4o\x06\x93\xeacv\x9c\x1f!\xea\x7c\x19\x0e\x2b\xf7\xef\xfc\xed\x03\x15\xd7\xa43\x2d?\x073\x3bZ\xc0\xb0\xcb\xea\xb4\x28z\x88\x11n\x17\x94\x9f\xe3x\x05\xdd\xd8\xebWt\xcez\x87\x16\xe5\x2f\x22Wip\xf4\xa6\x83\xa9\x8eY\x12Lu\x82\x5c\x9ew\x85\x98j\xff\x98\x13\xc8\xb5\xc7\xfe\xa3W\x19W\xd7\x89\xe9\x29\xb9\x5c\xd1\x96\xcb\xba\x15raAEy\xd4\x96\x07\xd9?\x80\xa3\xb6\xa4\xbbv\xd9\x2c\xd6o\xaf\xc5\xd4G\x98\xde!V\x60\xb5\xee\xe7\x16\x5bZ\x5e\xf7b\xb7\x27\x3d\x06\x91\x9bPO9\x5c\x25\xae\x7cr\xb5\x8d?V\x8c\x1a\xb3\x1f\x23\x1a\x26\xee\xadP\x3d\x9bk\x10m\xd7:\xa8\x17\x81\x90\xc6\xae\x8f\x8aK\x5cb\xb1F\x2f\xf4\x82W\x85\xcc\x5cbr\xbf\x0a</data></match></read>
    <write><data> \xdf\xbf\x22Wa\xcd\x5d:VHDR\x05\x0c\x00\x00\x00\x00\x7f</data></write>
    <write><data>P\xafy\xb3\x849\x1a\x7d\x40\x96\xee\x5fP\x12\x8bws\xb8\x0at\xb6cHDR\x05\x0c\x00\x00\x01\x00TITL\x00\x00\x00x\x1d4\xd8\x9e\x7cZ\xe3tW\xd7\x1a\x96\x8b\xa1\xb85\x1c\xf4M\x93\xb3\x82\xb8\x13\x7e?\x15w\xda\xbb\xca\xd3\xb0zy\xa0\x17\xaaa\x16\xa3\x5e\xf3I\x1b\xcd\xf4\x5d\x25\x9d6\xbe\x1e\x5cn\xa4\x8f7\x5ct\x84\x9b\x19\xb7\xa7u \x97\x5dC\xf2\x80\xec\xb4\x91p\xf9\x25\x26B\xd8o\xb8\x28\x06\x8b\xaa7M\x8f\x29\xa0\x28\x1f\x16\xd0\xd4\xcdN\x1c\xaeO\x83\x89\xe5\x5c\xd9i\xabC\x1b\xaf\xb2d\xb1\xd4\xe3v\xd3\xe1\x27\x7f</data></write>
    <read><delim>\x0a</delim><match><data>Title: \x1d4\xd8\x9e\x7cZ\x5ctW\xd7\x1a\x96\x8b\xa1\xb85\x1c\xf4M\x93\xb3\x82\xb8\x13\x7f\x15w\xda\xbb\xca\xd3\xb0zy\xa0\x17\xaaa\x16\xa3\x5e\xf3I\x1b\xcd\xf4\x5d\x25\x9d6\xbe\x1e\x5cn\xa4\x8f7\x5ct\x84\x9b\x19\xb7\xa7u \x97\x5dC\xf2\x80\xec\xb4\x91p\xf9\x25\x16B\xd8o\xb8\x28\x06\x8b\xaa7M\x8f\x29\xa0\x28\x1f\x16\xd0\xd4\xcdN\x1c\xae\xe6\x83\x89\xe5\x5c\xd9i\xabC\x1b\xaf\xb2dm\xd4\xe3v\xd3\xe1\x27\x0a</data></match></read>
    <write><data>\x60\x9f\xb3E\x9a\x2c\xe2\xc5\xa1\xf1\xe9N\xfc\x14\x27\xee\xd6h\x3d\xa5?\x7c\xb7\x2aG\xacHDR\x05\x0c\x00\x00\x00\x00\x7f</data></write>
    <write><data>\x00\xffHDR\x05\x0c\x00\x00\x00\x00\x7f</data></write>
</replay>
</pov>