<?xml version="1.0" standalone="no" ?>
<!DOCTYPE pov SYSTEM "/usr/share/cgc-docs/replay.dtd">
<pov>
<cbid>service</cbid>
<seed>b6e5ba8230231b0ac134dac5d4cc0955969891c7212012c15617e9035ec9c5161608d27054f882a3c39359497c1cee83</seed>
<replay>
    <write><data>\x06\xf9HASH\x7f</data></write>
    <read><length>4</length><match><data>\x0egT\x96</data></match></read>
    <write><data>P\xaf\x9c\x1a\x9ap\x82e\x9d\xfb\x01\x02\xa4\xbc\xae\x82\x19\x12L\x9dQvHDR\x05\x0c\xd6\x00\x09\x3eARTS\x00\x00\x00ST\xc6\x5eV\xe5\x2f\x92\x2a\x04j\x86\x7e?\xc0\xd2O\x5c01Q\xb2\x7e?\x04h\x80\x98\x2c\x19\xa6\x9a\xa8\xbb\xcb\x8a\x05\xf0\x1dr\xe7\xb4A\xdcS\xe9\xcf\x3d\xf1\xd3\x5c0\xf8\xac\xd06\x91\xa4U\xfd\xb6\xaa\x5cr0\x27\x9cK\xb0\xce\xda\x02\xf2\x5cb\x02\xdc\xf1\x11\x2a\x89\xe0qCW\x0bARTS\x00\x00\x00!\x0c\x2d\xbd\xb9i\x04\x86\xcb\x903\xe4\xb6\x2b5Oy\xba\x12\x98\x7dUOh\xab\x88\x9c\xc0 R\x13e\xb8\x24ALBM\x00\x00\x01\x40j\xe5\xcb\xd7DKl\x2f\xf9dN\xcd\x0b\xb8\xb7\x2c\x23T\x25\xf3\xdbL3\xf7\xa1\xd0\x7b\xff\x10\x9a\x25\x85n\xaf4\xf9p\xf8\xae\x17\x8c\xf7t\x04L\xdaV\x81X\xc8n7\xc6\xa9N\xe4S\x22O\x5cr\xb6\x1dH\xc7\x2a\x07zl\xd1xF\x03\xe4\xf3\xe0\x8a\x5cnts\x10\xc2\x1b\x28\xa3\xa3\xa8\xcaX4P.\x90\x3b4\x40\xa1\x9a\xd1\xaf\xf3\x08\x9en\x24I\x8boa\xd4\x8a\x25\x13\xe3\xc1\xebj\x88\x893\xc3\xf3\x9d\xc0\xf8\xaf\xa1l\xc0\x5fP\x04\xb7\xde\xee\xe0\x9d\x7b\x26\x5b\xe9\xa8a\xa2\x5cr\x27\xcd\xbf\x88\x0cJ\xfaLH\xd3\x3dy\x9aHOy\x27\x5b\xa1\xac\x5c:\xe3\x5e\x95\xee\xd4f\x02\x1a \xb7\xf5\xad1\x5e7:\xcc\x92\x93\x9f\xe3\x2c\x5c\x01T\x94\x25\x19\xeb\x1f\x9e\x93\xa3\xb0\x28\xf8\x5cr\x0e\xd2\x16\xe0\x1dALBM\x00\x00\x01\x14\x5c0\x95P\xbcT\xd3\xfb\xa5i\xec\x2c\xbaq\xad\xfb\xea\xb0\x82\x2b\x7e\x3eD0\x25\xcb\x01\xec\xa9\x2b\x99\xb3\x2f\x9b\xdf\x8d \x8a\x1a\xe4\x91x7 \xd2A\x9e\xa5\xe0\x8c\x7c\xe6\xf1\x1e\xee\xf4\x89l\xf3\x18\x9b\x82C\x98n\xc8\x02\xc5q\x2c\x1b\xb6\x8b\x176\x3e\xa5\x15\xe34r\xac\xf7\xce\xa0\x3e\xc5\xef17C\x1d\xf4\x22K\x0b\xe8pM\x996\xdb\xae\xfe\x3c\x15\x1dv\xb8\xa0\xa3\x9b\x1f\xb9\x14\xd9\x5e\x2d\xa1\x88\xbc\xbe\xda\xe4\xc8\xa2\x17kTjk\xe7\x0eun\x5b\x81N\xd8\xee\x05\xee\x1f\x5b\xa0\x3e\xcf\x9d\x90\xbe\xad\x8f\x19\x9e\xda\xfdc\x05\xb3ggh\x85\xff\xf4\x80\x9f\xe5\x99ARTS\x00\x00\x019\xa6n\xae\xa2\x13w\xd1\xcbFKo\xdc\xaeE\x13V\xed\x88\xab\x40\xd0\xc4\xad\x5b\x1b\xbe\x01\xc3\x5cb\xcc7\x5cr\x0eM\x25\xcbM\x5e\x24\xb7\x0e\x8b\x0f4\x7e?\xfd\x222\xfa\xab8\xa6\xc0\xcf\x9dr\xeb\x96\x90Ji\x0c\x12y\x821\xedWp\xcb\x87\xc8\xd5K\x80D\x11\xc2\xc5\xe0t\x97\x01y\xff1\x959tF\x9e\xb3\x7d\x2c\x80\xd2\x7b\x3ef\xb7\x17\xb8?\x2b\xef \x81\xd9\x14PoJ\xa6\xb4\xffN\x02\xe3\x2b\xc8\x2c\x87\x7b\xff\x82\xd0G\xb9\x9f\xed\x254\x9e\x26\xa3\x89z\xe6\xec3\xb8\xbc\xaa\xe6\xce\x5dH\x11AF2\xdfg\x10B\x26\xda\xc6\x7e?\x9b\x9bW\x1e\xd5\x40\xbe\xfe\xfe\xa9M\x03ub\x9c\x8b\x1c7qX\xf2X\xaeWTITh\x00\x00\x01F\xde\xbb?\xe6\x0bz\xe8\x60\xbaf\x29U\xb2\xda\xe2n\xf3\xe9M\x1fB\xde\xec\x15\x07Q\x8b\x9b\xd6i\xb8\xec\x294\xc1P\x5c\xdf\xb4\xc1\x05\xafyFa\x9d\x5e\xd7\xf5\x12\x16e\x97\xdb\xbf\x95\x9bF1\x93\xf3\x3eK\x90e\xf6u\x29\x40c\xe3\xb2\x8b\x9e\x5cP\xe3x\x94\xc4v\xd7C\x15\xd4\xa9\xe20\xd21E\x3b\xe5W\xcf\xcc\xc0\x00\xb5\xb6\xe8\xe7\xa9\x8c\xf4S\xc1\xe9\x24\xdd\x5f\xca\xbf\xbe\x1a\x93s\xcc\x25\xa1\x96\xb1\xcc\x0c\xf8G\x7e?\xc7\xb3\xa1\x273\xe4\xde\xa4\xd2n\x0fv\x7e?\xad\xfd\x5ct\x93\xfa\xec\x11f8\xb6\xc1\x228\x92t\xe6\xd1F\xbe\xa8h\xf2P\x5c\xdf\x1d\x7d\xda\x2a\x16\xc2\x17\x97\xc2\x94\xa4E\xe9\xe5\xe2\xe5\xcfi\xfe\x25\x5cn\xb3\xf4\x9d\x85OWm\x82\xc1\x1fq\x15\x9d\xfc\x1f\xd1\x8d\xc1\x9ak\xb8Q\x82\x3cLx\x1b\xcd\xbd\xf0ARTS\x00\x00\x01\x13\xb0\xd95\x7d\xee\xdb\xb3\x2c\x9b\xb9\xb2\xeed\xb3\x3d\xdb5d\xe1\x19?Y\xbb\xdf\x19k\x126\xee\xc0\x2c\xb5\x5ct\xa0\xf2\x85\xc0\x5f\xfes\x18\xa4yM\xcee\x05u\xc9\xe0\x94\x13?\x81\xfc\xff8\x87W\x5cb\xc0\xe8\x25\xc1\xed\x9e\xfe\x7c\x90\xa6.\x7e\x3e\xcc\xc9J\xcd\x80\xdc\xed\xc4\xfc\xb2\xa1\x0e \xb6\xdev\xb0\x11\x86\xa5F\xf9\x3e\xd5y\x27\xa5\x0f\x05!\xc2:4\xa5\x06x\xf6\x8a\xcdfM\x1cC\x5b\x5cM1\xcb4f\xc6\xbcn\xbd\x95N\xe8\xcb\xb5K\x5cn\x80J\x8f\x1crd\x8a\xca\x80\x11\x2b\x3d\x9c\x5cr\x5enN\x80\x5cbR\xfc\x5b\xe0\xb5\xfc\xc6\xf4X\x81\xadRTS\x00\x00\x00\x5c\xc45\xe2\x40U\x98\x9c\x23\xee\x14\xff\x28C\xb5\xe2c6\x5e5\x3e\x5c0\xf0\xbe\xf4.\x2fxB\x2b\xa8\x0bM\xf7\x3e\x5cn\x96\xb4\xf4M\x84\x19\x84\xa5\xe2\xc2\x7e?\x7cw\xd5\xd7\x8d\x60\xd8\x8d\xfa\xf6ENT\xe1R\x8eP\x9c\x8d\x28j6\xcd\x9aHn0\xd3\xda9\xd12bh\xd3\x27\xdf\xcf\xa9\xd4h\xe0h\x89A\xddTS\x00\x00\x00\x40\xe9\x5cb\xe5\xad\xaf\xfd\x83C\x5b\x14\x1b\x5d\xe0\x9a\xf5\xd9\x1d\xfav\xd9\xa0\x2b\xdc\xfd8\x977\x84\x0f\x84\x08\x27\x9b\x5e\xb5\x5ct\x5db!\xa6\xad\x1b\xc5\xf6:\x5cI\x95\xd5\x405\xe26u\x14\x7b\x1a\x29\x02\x5b\xe0\x87H\xaae\x0c\x82\xddD\x11\xa3\x87\x12\x28\xd5V5\x05M\x94H\x27\x7f</data></write>
    <read><delim>\x0a</delim><match><data>Title: \xde\xbb?\xe6\x0bz\xe8\x9b\xd6i\xb8\xec\x294\xc1P\x5c\xdf\xb4\xc1\x05\xafyFa\x9d\x5e\xd7\xf5\x12\x16e\x97\xdb\xbf\x95\x9bF1\x93\xf3\x3eK\x90e\xf6u\x29\x40c\x19\xb2\x8b\x9e\x5cP\xe3x\x94\xc4v\xd7C\x15\xd4\xa9\xe20\xd21E\x3b\xe5W\xcf\xcc\xc0\x2d\xb5\xb6\xe8g\xa9\x8c\xf4S\xc1\xe9\x24\xdd\x5f\xca\xbf\xbe\x1a\x93s\xcc\x25\xa1\x96\xb1\xcc\x0c\xf8G\x7f\xc7\xb3\xa1\x273\xe4\xde\xa4\x5cn\x0fv\x7f\xad\xfd\x5ct\x93\xfa\xec\x11f8\xb6\xc1\x228\x92t\xe6\xd1F\xbe\xa8h\xf2P\x5c\xdf\x1d\x7d\xda\x2a\x16\xc2\x17\x97\xc2\x94\xa4E\xe9\x1f\xe2\xe5\xcfi\xfe\x25\x5cn\xb3\xf4\x9d\x85OWm\x82\xc1\x1fq\x153\xfc\x1f\xd1\x8d\xc1\x9ak\xb8Q\x82\x3cLx\x1b\xcd\xbd\xf0\x0a</data></match></read>
    <read><delim>\x0a</delim><match><data>Album: \x5c0\x95P\xbcT\xd3\xfb\xa5i\xec\x2c\xbaq\xad\xfb\xea\xb0\x82\x2b\x7eD0\x25\xcb\x01\xec\xa9\x2b\x99\x81\x2f\x9b\xdf\x8d \x8a\x1a\xe4\x91x\x25 \xd2A\x9e\xa5\xe0\x8c\x7c\xe6\xf1\x1e\xee\xf4\x89l\xf3\x18\x9b\x82C\x98n\xc8\x02\xc5q\x2c\x1b\xb6\x8b\x176\x3e\xa5\x15\xe3\xf0r\xac\xf7\xce\xa0\x3e\xc5\xef17C\x1d\xf4\x22K\x0b\xe8pM\x996\xdb\xae\xfe\x3c\x15\x1dv\xb8\xa0\xa3\x9b\x1f\xb9\x14\xd9\x5e\x2d\xa1\x88\xbc\xbe\x1f\x5b\xa0\x3e\xcf\x9d\x90\xbe\xad\x8f\x19\x9e\xda\xfdc\x05\xb3ggh\x7e\xff\xf4\x80\x9f\xe5\x99\x0a</data></match></read>
    <read><delim>\x0a</delim><match><data>Artist: \xe9\x5cb\xe5\xad\xaf\xfd\x83C\x5b\x14\x1b\x5d\xe0\x9a\xf5\x5ct\x5db!\xa6\xad\x1b\xc5\xf6:\x5cI\x95\xd5\x405\xe26un\x7b\x1a\x29\x02\x5b\xe0\x87H\xaae\x0c\x82\xddD\x11\xa3\x87\x12\x28\xd5V5\x05M\xcbH\x27\x0a</data></match></read>
    <write><data>\x10\xef0R\x1e\x8bHDR\x05\x0c\x00\x00\x00\x13ALBM\x00\x00\x00\x0b\xdc\x94\xb0\x25M\x2b\x96\xc7\x9c\x85I\x7f</data></write>
    <read><delim>\x0a</delim><match><data>Album: \xdc\x94\xb0\x25M\x2b\x96\xc7\x9c\x85I\x0a</data></match></read>
    <write><data>\x40\xbfx\x03S\x2b\xb2\x3d\xd8\x28M\x84\x02\x189\xb2\x83\xddHD\xfe\x05\x0c\x00\x00\x04\x1deLBM\x00\x00\x01\x02\x7e?S\xd8\x2fRv \xac\xeb\xe9x\x5cn\xd6\xdey\xa3\xfb\x1f\x2c\xaf\xb4h\xdd \x5f\x8e\xef\x99\xd4p\x84\x3b\x28\x2bP:E4\x8cp\x9a\xb9\xf8\x82\x7dPk\x5cr6\xfc\x5c0\x2c\xab5\xaa\x0e\x9f\xec\x91\xb3\x95\x85\x86\x5e8\xcb\x98\xd2\xd1\xf8\xd4A\xb7\xbc\xfb\x96\x3e\xcd\x14\x9cv\x921\x3c\x974\xbc\xb1\xb3j\x9e\x80O\x1e\x8a6\x93\xa3\x8b\x23\xa4\x3b\xcd\xc5\x80X\xef\xf7\xbbT\xa5\xe7B\xcaX\xab\x1e\xbe\xedq\xc4f\x96r\xb2\x5e\x2dTITL\x00\x00\x00rq\xc5a\x15\x23G\x92\xb7\x40k\x2cN\xf0\x07\xcd\xce\x3c\x5cn\x0e\xea\xd4\x9et\xcbr\xb2\xf9\x12w\x04\xf9\x8b\x5f\x40\x18\xed\xc2\xf9j\x3d\xb9\xa2\xe45\x830\x12Y\xa2F\x2b\x88\x85\xc19\xe1b\x90\x87V\xf8y\x9a\xa7\xa9\xf7b\x2f\xc3\xb18!\x7cn\xf9\x7e\x3eT\x97Gtc\x82UpTYa\xa4\xf7\xb0\x5b\x01\xfd\x8cDK\xb4\x3c\x1d\xf9a\xebDj\xc0A\x9e\x7ct\xcd\xdd\x12\xa5\xc0\x90\x05\x17\xac\xb3\x82\xde\xd3\xc8Jn\x9dE\x01mTITL\x00\x00\x00\x0b\x29\xbb\xa7a\x06\x1cu\x10v\xf7\xebARTS\x00\x00\x01\x02\x18\xc2\xd0\x0bR\xccj\x91\x1b\x19\x19\xc7\x14\xd2\x7c2\x5e\x8d\xbd\xad\xa5\xa8o\xcf\xccJY\x95\x8e\x8b\xd1\xa4\x3c\x0e\x89\xeb\x9f\x5c\xe606 \x91h\xbb\xfd\xd2\xc9\xde\xc0f\xfb\x7d\xb8N\xf5\x90\x19\x40\xe2\xbc?\xf7C\xbbH\x1dm\xcb\x19\x5c0\x17n\x1d\xb46\xb5\xe4\xdb\xa1j\xeb\x3c\xebp\x8b\x3c\xc2\x40\xb4\xea\x9f\xd2\x06\x93\xe0\xce\x143\x16\x1ew\xb6\xfa\x1e\xdd\x93\xd9\x11\xc3\x87\xf5c\xd8i\x1f\x07\xcb\xe4\x5c\x3d\xa3\x1fYT\xd9X\xfd3ARTS\x00\x00\x00\x7e?l\x27e\x3c\x12x\x14\xfb\xe7\x12\xe4\xe8\x26\x80\xd7\x9e\xdcA\xcd\x29\xb5\xdb\x9c\x04\xfal\x40\xe6\x1d\xff\x9d.c\x94\x26\xa2\x1d\x9b\x5b\x5cb\x5b\xed\x95\x0b\x87v\xd3l\x95\x8c\xb8\x5b\xe3z\x1f\x87\xf2\xbe\xb2\x8dg8U\x0c\xf9\xd6\x03\xb6iep\x9f\x91\x24\x14\xde\xeb\xde\xde\xf6\xc9\x7e?\x01\x82\x92\xa5\x97\x03\x9c\xd6\x27\xb1\x5e\xa7\xc6\xbb \x07h\x11\x8e\x1c:\x2cJ\xb0.\xa3n\x29n\x1b\x91\x27\xf6E\x06uc\x95\xcd\x2a\xaf\xf5N\x86\x1a\xd6\xe7\xc2\xe8\x7f</data></write>
    <read><delim>\x0a</delim><match><data>Title: \x29\xbb\xa7a\x06\x1cu\x10v\xf7\xeb\x0a</data></match></read>
    <read><delim>\x0a</delim><match><data>Album: \x7fS\xd8\x2fRv \xac\xeb\xe9x\x5cn\xd6\xdey\xa3\xfb\x1f\x2c\xaf\xb4h\xdd \x5f\x8e\xef\x99\xd4p\x84\x3b\x28\x2bP:E\xc2\x8cp\x9a\xb9\xf8\x82\x7dPk\x5cr?\xfc\x5c0\x2c\xab5\xaa\x0e\x9f\xec\x91\xb3\x95\x85\x86\x5e8\xcb\x98\xd2\xd1\xf8\xd4A\xb7\xbc\xfbV\x3e\xcd\x14\x9cv\x921\x3c\x974\xbc\xb1\xb3j\x9e\x80O\x1e\x8a6\x93\xa3\x8b\x23\xa4\x3b\xcd\xc5\x80X\xef\xf7\xbbT\xa5\xe7B\xcaX\xab\x1e\xbe\xedq\xc4f\x96r\xb2\x5e\x2d\x0a</data></match></read>
    <read><delim>\x0a</delim><match><data>Artist: l\x27e\x3c\x12x\x14\xfb\xe7\x12\xe4\xe8\x26\x80\xd7\x9e\xdcA\xcd\x29\xb5\xdb\x9c\x04\xfal\x40\xe6\x1d\xff\x9d.c\x94\x26\xa2\x1d\x9b\x5b\x5cb\x5b\xed\x95\x9fg8U\x0c\xf9\xd6\x03\xb6iep\x9f\x91\x24\x14\xde\xeb\xde\xde\xf6\xc9\x7f\x01\x82\x92\xa5\x97\x03\x9c\xd6\x27\xb1\x5e\xa7\xc6\xbb \x07h\x11\x8e\x1c:\x2cJ\xb0.\xa3n\x5cn\x1b\x91\x27\xf6E\x06uc\x95\xcd\x2a\xaf\xf5N\x86\x1a\xd6\xe7\xc2\xe8\x0a</data></match></read>
    <write><data>\x01\xfeHASH\x7f</data></write>
    <read><length>4</length><match><data>\x0egT\x96</data></match></read>
    <write><data>\x60\x9f\xee\x84\xa9\xa9\xa1\x1a\xa5\x07\xd6b\xe9wj\xe6\xec\x07Nk\xea\xd6\xee\xba\x16\xfaHDR\x05\x0c\x00\x00\x01\x09ARTS\x00\x00\x01\x01\x5f\xc3\x81\x14kc\xe6OmtT6\xbb\xf9\xdf\x10T\xe8u\xbaW\x5e\xc1\x5ct\xd3\xab\x28e\x1a\x3dQ\xeenT\x2c?2f\xdf\xeb\xf97C\xa6\xc5\x89\xb4\xc4\x8c\xdc\xba\xda\x13be\xe3c\x87\x5cr\x5cr:j\xc8\xbcU\xdb\xb8\xd6\xaaR\x0c\x2c\x8e\x98D\xf7\xf9\x9d\x99\x0fL\xa7\x82wB\xd8\xf5k\x05\xed\x1e\x2fA\x1a\xd6\x5cnd\xd3\xf03i\xee\x8f\xfb\xbb\xde\xbb\xf50\xded\xd7\x5c0\xeb\xd0g\xfc\xdb\xd8\xbby\xde\xa0\x1c\x7f</data></write>
    <read><delim>\x0a</delim><match><data>Artist: \x5f\xc3\x81\x14kc\xe6OmtT6\xbb\xf9\xdf\x10T\xe8u\xbaW\x5e\xc1\x5ct\xd3\xab\x28e\x1a\x3dQ\xeenT\x2c?2f\xdf\xeb\xf97C\xa6\xc5\x89\xb4\xd4\x8c\xdc\xba\xda\x13be\xe3c\x87\x5cr\x5cr:j\xc8\xbcU\xdb\xb8\xd6\xaaR\x0c\x2c\x8e\x98D\xf7\xe4\x9d\x99ULG\x82w\xec\xd8\xf5k\x05\xed\x1e\x2fA\x1a\xd6\x5cnd\xd3\xf03i\xee\x8f\xfb\xbb\xde\xc2\xf50\xded\xd7\x5c0\xeb\xd0g\xfc\xdb\xd8\xbby\xc3\xa0\x1c\x0a</data></match></read>
    <write><data>\x40\xbf\x5fk\xc3\x94\xa5\x19W\xd15\xa7\xd5\xf4\xb8\x98iMHDR\x05\x0c\x00\x00\x01\x3dTITLh\x00\x01\x25\x90\xeap\xf1\xa6\xcf\xbc\xa3D5\x07s\x9f\x3c\xaey\x5d\xbb\xc0\xf9\x13\xf7k\xeb!MF\x8d\x5c0\xc5\xe58.\x07m\xc5.\x8e\xa2p\xc8z\x9f\x5cr\xb7\x7b\x97\xf8\x7bD\xfe\x2f\x5c0\xe4\xa7\x5c0\x02\x82\xd4\x5cb\xc1\x03\xc4\xd9\x07\xe5\x5d\x7b\xfdzt\x8ct\xd3\xc2\x17\x25\x02\xe3q\xb6t\x12\x01\xdd\xee4h\x9e\xf95\x05\x15lQ\xb0\x05\xcc\x8d\xb8\x5bz\xf5\x2b\x25\xaa\xcf\xba\xea\xea3\xdd\x8c\xe8 \x02!\x5fz\xbd\xa6\x9c\x88e\x3b\xf6Q\xbeSO\xadlG\x92F\xa1B\x1c\x85\xf1\xdb\x1b\xd1\xf8g\x88QM\xbb\x02\x8a\x1c\x5c0:\x9f\x7b\xc3\xfbxALBM\x00\x00\x00\x08Y\xc3\xcd\xb3t\xc6n\xf5\x7f</data></write>
    <read><delim>\x0a</delim><match><data>Title: \x90\xeap\xf1\xa6\xcf\xbc\xa3D5\x07s\x9f\x3c\xaey\x5d\xbb\xc0\xf9\x13\xf7k\xeb!MF\x8d\x5c0\xc5\xe58.\x07m\xc5.\x8e\xa2p\xc8z\x9f\x5cr\xb7\x7b\x97\xf8\x7bD\xfe\x2f\x5c0\xe4\xa7\x5c0\x02\x82\xd4\x5cb\xc1\x03\xc4\xd9\x07\xe5\x5d\x7b\xfdzt\x8ct\xd3\xc2\x17\x25\x02\xe3q\xb6t\x12\x01\xdd\xee4h\x9e\xf95\x05\x15lQ\xb0\x05\xcc\x8d\xb8\x5bz\xf5\x2b\x25\xaa\xcf\x7c\xea\xea3\xdd\x8c\xe8 \x02!\x5fz\xbd\xa6\x9c\x88e\x3b\xf6Q\xbeSO\xadlG\x92F\xa1B\x1c\x85\xf1\xdb\x1b\xd1\xf8g\x88QM\xbb\x02\x8a\x1c\x5c0:\x9f\x7b\xc3\xfbx\x0a</data></match></read>
    <read><delim>\x0a</delim><match><data>Album: Y\xc3\xcd\xadt\xc6n\xf5\x0a</data></match></read>
    <write><data>\x60\x9f\x17\x81\x1f\xean\xd9\xa5F\x97Io\xcf\x99\x26\xa1\x1e\xce\x8c\x84\xe1\xe5k\x9f\xe4HDR\x05\x0c\x00\x00\x01\x29ARTS\x00\x2a\x01!\xc1F\xdb\xfep\xb7\xd9\xa9\x1e\x5c\xe2\xd4\x14\xe1\x10\x2f\xe1\x2a\xea\x2f\xe9Q\x7e?\x5ct\x93\xe50\xb9\x2b5\xe3\xa4\xcc\xd6\xea\x2a\xb7\x96\x01\x83l\xf6\xaf\xe4\xb4\xb47p\xe5\x23\xfb\xe0\xa9\x7c\xb9\x7dWeLS\x29\xfd\x3e\xb4\x5df\xb2\x8a\x0b\x04\xf5i\xc1\x9d\x14\x91\xafP\xb7\x5cr\x2b\xdc\x28\x97\xf4\x01\x9b3A\xe89\x10\x17\xb5\xf1lV\x18j\x86F\xef\x02\xbeUdO?4y\x89\x85\xfa\x2b\x9aD\x9e\xee\xb9\xdb.\x1a\xb68paY\xc6\x23f\xf5\xbd\x96\xc4\x7b\xed\x23\xc6\x24BN\x5c0\x07\xfahb\x81\x95\xabi\xaeo\xb5\xb5\xf1\x3b\xe7\x60\x7f</data></write>
    <read><delim>\x0a</delim><match><data>Artist: \xc1F\xdb\xfep\xb7\xd9\xa9\x1e\x5c\xe2\xd4\x14\x9e\x10\x2f\xe1\x2a\xea\x2f\xe9Q\x7f\x5ct\x93\xe50\xb9\x2b5\xe3\xa4\xcc\xd6\xea\x2a\xb7\x96\x01\x83l\xf6\xaf\xe4\xb4\xb47p\xe5\x23\xfb\x96\xa9\x7c\xb9\x7dWeL\x9b\x29\xfd\x3e\xb4\x5df\xb2\x8a\x0b\x04\xf5i\xc1\x9d\x14\x91\xafJ\xb7\x5cr\x2b\xdc\x28\x97\xf4\x01\x9b3A\xe89\x10\x17\xb5\xf1lV\x18j\x86F\xef\x02\xbeUdO\xd24y\x89\x85\xfa\x2b\x9aD\x9e\xee\xb9\xdb.\x1a\xb68paY\xc6\x23f\xf5\xbd\x96\x3b\x7b\xed\x23\xc6\x24BN\x5c0\x07\xfahb\x81\x95\xabi\xaeo\x3b\xb5\xf1\x3b\xe7\x60\x0a</data></match></read>
    <write><data>P\xaf\xb2\x086G\xfb\x0c\x3dov\x9f\xe6\xe7K\xcd\x89\xbc\xc9\x3c\x85\x03H\x0eR\x05\x0c\x00k\x05:TITL\x00\x00\x01\x0bSm\x9b\x889s\xf1\xac\x98B\x2c\x7e?6\xae\xdbb\x80\xd1!:\x99\xd5\xbf\x60jem\x26\xd0\xd2Q\x40Bm\x81\x3c\xf7\x18\x5cnA\xa5\x98\x1f\x92\x8b\xbaw\xdc\xe1\x83\x84\xf4\x13\xfcC\x1c\x5c0x\xec\x5c\xd2\xc2\x02\x26.\xbb\xc8g\x223QZ\x02\x04\x9d\xc3e\x1f\xd1\xa9\x5cr\xad\x3d\x5c0\xc2\xef\x8c\xf0\xb5\xe8A!\x8a\xe54\x89\x3e\xb4\x7e\x3e\xd9\xdc\xe7\xd92\xb0m\x1d\xaa\xdd2\x7cZ\x40\x80\xac\xef\x8e\x86\xdd\xaf\xe2\xd3\xe5\x0fu\xa8\x27dr\xdaS\xcb\xe9:CTITL\x00\x00\x01\x18\x05\x1d\xf5\xfd\xf7\xe8CC\xf68D\x0f\x7c\x1b\x5fn\xd5\x80\x5ct\x95\xec\x80\x85\x9d\x1c\xb7\xed\x8f\xc2\xbe\xdb\xcf2\x8eQ\x93\xcf\x8b\xc1t\xa3SO\xce\x23V\xdf\xed\x86\x2a\xe2y\x8c\x28\x8bp\x03\x1b\x29K\x5c0\x14\xe4C2V\x2a\xb3Y\xa5\xb7\xf0x\xb0QW\xa3\xb0\x87\x1f\xd6\x07\xc9\xb6\x9b\x94szw:\x975j\xb3w\x93\x9b\xd5y:\xba\xb3\x5c\x7d\xdf\x82 \x0fjB\xca\xf7\xb8\x87\x3d\xdaa\xd6\xf9\xc6\x0bw\x14\xe1\x99\x3dD\x5d\xb4\x5c\x97\x1ahVh\xe4\xf4i\xe3\xa5\xad\x14\xd6\xcb\xce\x01\xbb\xfd\x5cb\xda\x07x\xc3w\x15D\x7e\x3e\x12W\x80E\xb6\x5f\x5cn\xe9\x2d0\x5eARTS\x00\x00\x000\xbd\xe6\x2b\x5el\xbcc\x29\x0c\xf3\xe6\x16\xd0\x2a\x12nh\x1d\x83\x9f\xc3J\x0c\xfd\x86\xafqr\xdb\x10\xde\x5e\x89K\xae\xaf\x8aW\x1d\xd6\x5cta\x99\xc8\xe8A9AgBM\x00\x00\x00\x0a\xaf\xcf\xb3\x14\xb5\xa3\xf4I\xe6\xdaARTS\x00\x00\x01\x0avo\x5cb\xf5\xe3\x7e?\xa8\x8dva\x3cE\x3c\x2b\x23V\xc0\xe5\x5cn\xf3\x5bjh\xe0\x10Y\x8e\xdb\x5cM\xe2\xa7\xdb\xcb\xacQ\xff\xeb!.\xc7\x12\x2b\xe3\xa9\x23\xad\xda\xcc\x90T\xf2:\xb8\xf6a\x95\xbc\xff\xe0\xa7\xba\xa8\xd1\x5cbe\xd6SI\x7buv \xce\x13\x8f\x9d\x89ff\xac?\x5f\xce\xef\x3b\xb2\xe4\xf7X\x1cw\x1f5b\x5ct\xd0\xd4\xf0\xcb\x8f\x5c0\x5cf\xc6\x5cb\x06\xa8\xfbO\xac\x17\x9d\xe0\xea\xc5\xc5\xd23\xfcn\x85\x9fK\x91\xbe\xfa\xa2\x1b\xd0\xa2\xe4\xd6\xa4f\xab\x40\x83\xef\x17\xffm\x97\x8b\xf5\x7dT\xabRF\xaa\x5eARTS\x00\x00\x01\x23b\xf4Z:1\xaej\x83\xf1\x7bQ\xc6\x8e\x96\xdf\xe8\xb6\x97\x96oQ\x0er\x024\x2d\x3d\xef\xcd\x9e\x91ZP\xad\x14\x0f\x8f\x82\x90\xfa\xe0\x2a\xaax\xfbN\xc2\x90\x24\x2dz\x92\x60\x0b\x01\x2f\x80\xdb\x7d\x5b\x0c\xf7\x2a\xe0\xdc\xcb\xcd\x13\xff\xb8\xb4V\xb2\x27\xd8U\x86\x17\x19w\xff\xcf\xff\xe1\x98\x9f\x25:pm\x8d\xe5h\x8f\x0c\xa2\xa6e\xdaE\x03\x3cz\xa6\xef\xf0\xc6\x19\xac\x2d\x60\x05\xd3Q\xed\xa5\xc8\x1c\x0c\x10\xbe\x7d\xcc\xb7\xc3\x92\xf1\x14\x15x\x5cn\xf7\xe8\x8a\x2dQ\xdfB\x60\x02\xf9\x92:\x2f\xec\x84r\xe6\xdf\x9d\x07\xbf\x95EV\x5fr\x3e\xf0R\xbcQ\x27\xe1\x96\x5fV\x95\x8d4hn\xd2y\xe6\x09\xfa\xe3\x95\xd8y\xf7\x7f</data></write>
    <read><delim>\x0a</delim><match><data>Title: \x05\x1d\xf5\xfdu\xe8CC\xf68D\x0f\x7c\x1b\x5fn\xd5\x80\x5ct\x95\xec\x80\x85\x9d\x1c\xb7\xed\x8f\xc2\xbe\xdb\xcf\xad\x8eQ\x93\xcf\x8b\xc1t\xa3SO\xce\x23V\xdf\xed\x86\x2a\xe2y\x8c\x28\x8bp\x03\x1b\x29K\x5c0\x14\xe4C2\xc5\x2a\xb3Y:\x975j\xb3w\x93\x9b\xd5y:\xba\xb3\x5c\x7d\xdf\x82 \x0fjB\xca\xf7\xb8\x87\x3d\xdaa\xd6E\xc6\x0bw\x14\xe1\x99\x3dD\x5d\xb4\x5c\x97\x1ahVh\xe4\xf4i\xe3\xa5\xad\x14\xd6\xcb\xce\x01\xbb\xfd\x5cb\xda\x07x\xc3w\x15D\x7e\x12W\x80E\xb6\x5f\x5cn\xe9\x2d0\x5e\x0a</data></match></read>
    <read><delim>\x0a</delim><match><data>Album: \xaf\xcf\xb3\x14\xb5\xa3\xf4I\xe6\xda\x0a</data></match></read>
    <read><delim>\x0a</delim><match><data>Artist: b\xf4Z:1\xaej\x83\xf1\x7bQ\xc6\x8e\x96\xdf\xe8\xb6\x97\x96ok\x0er\x024\x2d\x3d\xef\xcd\x9e\x91ZP\xad\x14\x0f\x8f\x82\x90\xfa\xe0\x2a\xaax\xfbN\xc2\x90\x24\x2dz\x92\x60\x0b\x01\x2f\x80\xdb\xfe\x5b\x0c\xf7\x2a\xe0\xdc\xcb\xcd\x7e\xff\xb8\xb4V\xb2\x27\xd8U\x86\x17\x19w\xff\xcf\xff\xe1\x98\x9f\x25:pm\x8d\xe5h\x8f\x0c\xa2\xa6\xa5\xdaE\x03\x3cz\xa6\xef\xf0\xc6\x19\xac\x2d\x60\x05\xd3Q\xed\xa5\xc8H\x0c\x10\xbe\x7d\xcc\xb7\xc3D\xf1\x14\x15x\x5cn\xf7\xe8\x8a\x2dQ\xdfB\x60\x02\xf9\x92:\x2f\xec\x84r\xe6\xdf\x9d\x07\xbf\x95EV\xdbr\x3e\xf0Ry\xf7\x0a</data></match></read>
    <write><data>\x10\xef\xed\x8c\xd7\xbdHDR\x05\x0c\x00\x00\x03MALBM\x00\x00\x01IZ\xd9\x06\xe0\x7c\xadV\x97\xe1KU\x0ca\xe4\xbf\xc0\x26\xde\x2fv\x26?\x87\xb8J\x3e\xfc\xc1\xa9Y\xe3n\x96\x15\xcctep\xcd\xff\xc8\xc4\x3b\xdfI\xf5\x3e\x247\xffk\x86\xda3!l8\x9d\xbf2\x98\x88\x06\xfa\xf36\xf2\xbcQ\xcf\xd2\xa7\x9d\x22\xf9\x03\xe2 \xf7\xe7r\xb0\x97\xd4\xbf:\x7c\xe3\xd8\x3eN\x10\x90\x87\xbd\x85\xfa\x3e\x2fh\x1e\xde\x9dg\x5e\xbc9\x2c\x7b\xd2So:bAN\x9e\x8e\xa9\xf2\x88\x22\x8cU\x9f\xcb\xb4\xd4\xa7\x3d\xe4\xcb\xd3\x5cnA\xa3\xd2\xd0\xdd5\x86\xc4\xb0f\xa0Yx\x29y\xb1\x5f\x8c\x9f\x5ep\xdf\xfb\xf9\xedx\xf2\xedmmJ\xfc\xb7\xf1A\xf7\xc8\xb8\xd2\x0bw\xa4\x8c\xac\xae\x60\x26\x16\xc0\x88\xd8\x5dN\xffpR6\x88\x24E\x9aVe\xb8\x8e\xf7TITL\x00\x00\x00\x2d\xe7\xed\x1fMD\xb3\x5cnU\x3b\x5c\x901\xda\xda\xe3V\x24\x5f\xac\xc4\x15\x93C\x28\xd1\xcez\x01wV\xfd\xf4r\x99\xd0\x97\xbev\x80\x5cr\x9c\x16\x40\xac\xb3\x22\x83ARTS\x00\x00\x00\x1a\x0f\xa78\xd7\xe7\x81\x8a\xfb\xa1\xaf\xedV\x94\x8e9\xe6\xdc\xa6\x25\x86\x8e\xb6K\xa5\x8f4ARTS\x00\x00\x00\x09\xc7\x9e\xdd\x2f\xbb\x40\xee\x3d\xb7ARTS\x00\x00\x01\x0c\x2d \xb4\x5d\x81\xd4\xddiNqL\x8e\x5cnD\x99\xed\xd8\xd7\xc6H\x04:\x1d\x2bY\xee\xcc\xe9\xa1\xf7\xdd\xff\x2dPg\xc7G\x26\xa2\x3e9\x94\x90H\xf2\x7cK\x87p\xa5\xd4X\x18\x7d\xaa\xf9\x2chMw\x10\xb2\xb3\xf8\xe7d\xb4\x3b\x99\x8c\x04\xa8s\x23\x27\xffee!\xf8\xeb\x3e\x11T6H\x88\x19\x23o\xc9\xe1\xb3\x14H\x82\xf1\xe0\xc5\x3c\xc9\x3e\xee\x12Q\xae\x3d\x93\xd7\x5b\x0f\xb1\x27\x7b\x2f\x01\xbb\x22\x28\xb6P?s\xd2\xb59\x40\xfa5\xf87Z\xa3p\xf3\xd7\x8a1Q\x7f</data></write>
    <read><delim>\x0a</delim><match><data>Title: \xe7\xed\x1fMD\xb3\x5cnU\x3b\x5c\x901\xda\xda\xe3V\x24\x5f\xac\xc4\x15\x93C\x28wV\xfd\xf4r\x99\xd0\x97\xbev\x80\x5cr\x9c\x16\x40\xac\xb3\x22\x83\x0a</data></match></read>
    <read><delim>\x0a</delim><match><data>Album: Z\xd9\x06\xe0\x7c\xadV\x97\xe1KU\x0ca\xe4\xbf\xc0\x26\xde\x2fv\x26?\x87\xb8J\x3e\xfc\xc1\xa9Y\xe3n\x96\x15\xcctep\xcd\xff\xc8\xc4\x3b\xdfI\xf5\x3e\x247\xffk\x86\xda3!l8\x9d\xbf2\x98\x88\x06\xfa\xf36\xf2\xbcQ\xcf\xd2\xa7\x9d\x22\xf9\x03\xe2 \xf7\xe7r\xb0\x97\xd4\xbf:\x7c\xe3\xd8\x3eN\x10\x90\x87\xbd\x85\xfa\x3e\x2fh\x1e\xde\x9dg\x5e\xbc9\x2c\x7b\xd2So:bAN\x9e\x8e\xa9\xf2\x88\x22\x8cU\x9f\xcb\xb4\xd4\xa7\x3d\xe4\xcb\xd3\x5cnA\xa3\xd2\xd0\xdd5\x86\xc4\xb0f\xa0Yx\x29y\xb1\x5f\x8c\x9f\x5ep\xdf\xfb\xf9\xedx\xf2\xedmmJ\xfc\xb7\xf1A\xf7\xc8\xb8\xd2\x0bw\xa4\x8c\xac\xae\x60\x26\x16\xc0\x88\xd8\x5dN\xffpR6\x88\x24E\x9aVe\xb8\x8e\xf7\x0a</data></match></read>
    <read><delim>\x0a</delim><match><data>Artist: \x2d \xb4\x5d\x81\xd4\xddiNqL\x8e\x5cnD\x99\xed\xd8\xd7\xc6H\x04:\x1d\x2bY\xee\xcc\xe9\xa1\xf7\xdd\xff\x2dPg\xc7G\x26\xa2\x3e9\x94\x90H\xf2\x7cK\x87p\xa5\xd4X\x18\x7d\xaa\xf9\x2chMw\x10\xb2\xb3\xf8\xe7d\xb4\x3b\x99\x8c\x04\xa8s\x23\x27\xffee!\xf8\xeb\x3e\x11T6H\x88\x19\x23o\xc9\xe1\xb3\x14H\x82\xf1\xe0\xc5\x3c\xc9\x3e\xee\x12Q\xae\x3d\x93\xd7\x5b\x0f\xb1\x27\x7b\x2f\x01\xbb\x22\x28\xb6P?s\xd2\xb59\x40\xfa5\xf87Z\xa3p\xf3\xd7\x8a1Q\x0a</data></match></read>
    <write><data>0\xcf\x28\x8e\x90\xd5\xa9\x8aYx\xf9M\x1a\xeaHDR\x05\x0c\x00\x00\x03\x29ARTS\x00\x00\x000\xcc\x5cb7\xc3 \x88\x2f\xd0Nve\x7c\x0e\x25\x29\x81\xae\x9c\xab\x13\x9fb\x9d\x06\x24\xea\xa7\xfd\xcc\x11\xc2\x5c\x7b\xf1\xbcX\x7e?\xdd\x1fdg\x2a\x95\xe7:\x9d\xb5ALBM\x00\x00\x00c\xeb\xb4\xd1\xb5n\x87\x17K\x97\x80\x7bD\x95\x19C\xfe\xe5\xacx?\x93\x2b\xfe\xb4\x3b4\x7bEpu.\x27\x7e\x3e8\xd4\x92\xc2\xde\xef\xa75X\xc0J\x1bJ\x40w\x5ct2\xb7\xce6\x03\x5ctFa\x29h\x5f\xdco\x26e\x1a\x5f\xff\x2a\xfd\xcb\x3d\xf2\x2b\xeb\x1cS\x0c\xceY\xef\x16\xf8\x7e?\xe0\x16\xc0\xaaRx\x1eP9g?\x5b\x8e\xe9ARTS\x00\x00\x01N\x82t\xcf\x26\x0c0\xd9\x1c\xdc\xf9jS\x60\xe6\x19u\x9a\xf6\xd5\x1f\xd3\x2fw\xe5\xa6z\x03E\xfc\xf4\xc3\xd3\xb2\xef\xab\x95\x9e\x28\xf8\xb7\xe6\xa6\xbfy?k\xfa\x9e\x23\xe8\x9f\x07\x95\x1c\xcd\x8ah\xdc\xb0s \xe9\xe6.\xccg\xda\x86E\xb9\xab\x3b\xfd\x18\xfb\xe3\xff\x03\x5ct\xa8\xb8k\xa6\x5ct\x1d\xaf\xd9\x99q\xdaT6n0V\x1e\x15R\x9d\xaf\xa6\xf5\x29\xe0\xf9\xf2\x17!\xb6x.\x97\x8dn\xb7\x87\xb8\xef\xa25\xda\xd3t\x1eM\xb4\x2f\xd5\x94\x1cV\xd0\x9e\xc4\x7e?\x7d\xce\xcd\x1elcb\x3c\x5c06\xa5\x18\x22\xb0\xfd\x1bl\xd3\xe6\xa1vK\xae\x9d\xd3\xd8\x19\x10xu\xe6C\xfd2J\xe6\x2c\x5c0 \x22\xba\xd1\xe7\x1f\x5cb!\xe14\xc1\x15\x5cb\x9f8O5\xe7\x91O\xe3\x2a\x3b\xb2\xf8\xa3\x96\x26i\x86xY\xf4\xa8\x40\xa7\xa1\x95\x23ARTS\x00\x00\x00\x28\x2drKoCuY\xa1\xe4\xc5\xd6\xdd\xecL7\x7dc\xe7v\xe4\xe5\xf7\xc6\x5cr\x16N\xcc\xf0\xf6\x1f\xdb\x8a\x5fK\x26\xc3\xdf\xd1\xaa\x7f</data></write>
    <read><delim>\x0a</delim><match><data>Album: \xeb\xb4\xd1\xb5n\x87\x17K\x97\x80\x7b\x8a\x95\x19C\xfe\xe5\xacx?\x93\x2b\xfe\xb4\x3b4\x7bEpu\x83\x27\x7e8\xd4\x92\xc2\x88\xef\xa75X\xc0J\x1bJ\x40w\x5ct2\xb7\xce6\x03\x5ctFa\x29h\x5f\xdco\x26e\x1a\x5f\xff\x2a\xfd\xcb\x3d\xf2\x2b\xeb\x1cS\x0c\xceY\xef\x16\xf8\x7f\xe0\x16\xc0\xaaRx\x1eP9g?\x5b\x8e\xe9\x0a</data></match></read>
    <read><delim>\x0a</delim><match><data>Artist: \x5crKoCuY\xa1\xe4\xc5\xd6\xdd\xecL7\x7dc\xe7v\xe4\xe5\xf7\xc6\x5cr\x16N\xcc\xf0\xf6\x1f\xdb\x8a\x5fK\x26\xc3\xdf\xd1\xaa\x0a</data></match></read>
    <write><data>\x02\xfdHASH\x7f</data></write>
    <read><length>4</length><match><data>\x0egT\x96</data></match></read>
    <write><data>\x40\xbfO\x7e\x3e\xdeo\x88\x80\xaa\xea\x22aD\xadG\x00\xc8\x25HDR\x05\x0c\x00\x00\x01lALBM\x00\x00\x01 \x97c\x9b\x93\xecP\xeeW\x9c\x40\x84\xbd\x98\x8apn\xec\xa4\xc8n\x94\x11\xc3M\x18\x05\x2b\x81\xd3\x1c\xdd\x3c\xa6\xb9\xf7\xbd7TgS\x1f\x1e\xff\xa9\x82a\xb9\x40\xbe\x16\xca\x90\xdf\x0f\xd7\x87\xd4\xd4\xa0H\x91\xd3\x10:\x92\x82\xc13qC\xf9\xd0\xe2\xab\x7c\x91\xc7\x92\xae\x9b\xbc7tEK\xa1\x7b\xfa\x27\xa6\xd4\xa2\x878g\x8f\xfe.\x13Cl\x1a\x5cb\xa0h\x8f:\xa7\x28\x8d\x1bq\x5cb\xc8\xe5\xfe\xf5\x82\x85O\x1fz\x9b\x40w\x5cr\xa9\xe9r\xf3\x17\x3b\x1b\x5d\x94V\xc2\xf5\xe0\x8f\x607\xb0\x8c\x8c\x9e\xb0\xdd\x27\xf2\xd0\xcf\xa1\xe2\x18\xab\xd7ARTS\x00\x00\x00\x3ci\x87\x24\x1f\xa4\xe0\xb2\x12\x1b\x29\x1d\xc00\x8e\xc1TWm\xe1\xf0\x13\xf9\xdc\x1b\xe8p\x3e\x14N\x01\x9f\x99\xb6\x16\xe6\x23\x9a\xca\xf8\xec\xcdK\x8c\x07\x02\xe4\x23\x16KW\x1b\x10O\xd17\xa2\xa63\x0b\x22\xfd\xc6\x89\x8dl:\xd9\x3c\xb7\xd2\x3c\xf6\x3e\xfb\xaf?\x7f</data></write>
    <read><delim>\x0a</delim><match><data>Album: \x97c\x9e\x93\xecP\xeeW\x9c\x40\x84\xbd\x98\x8apn\xec\xa4\xc8n\x94\x11\xc3M\x18\x05\x2b\x81\xd3\x1c\xdd\x3c\xcf\xb9\xf7\xbd7TgS\x1f\x1e\xff\xa9\x82a\xb9\x40\xbe\x16\xca\x90\xdf\x0f\xd7\x87\xd4\xd4\xa0H\x91\xd3\x10:\x92\x82\xc13qC\xf9\xd0\xe2\xab\x7c\x91\xc7\x92\xae\x9b\xbc7tEK\xa1\x7b\xfa\x27\xa6\xd4\xa2\x878g\x8f\xfe.\x13Cl\x1a\x5cb\xa0h\x8f:\xa7\x28\x8d\x1bq\x5cb\xc8\xe5\xfe\xf5\x82\x85O\x1fz\x9b\x40\xe0\x5cr\xa9\xe9r\xf3\x17f\x1b\x5d\x94V\xc2\xf5\xe0\x8f\x607\xb0\x8c\x8c\x9e\xb0\xdd\x27\xf2\xd0\xcf\xa1\xe2\x18\xab\xd7\x0a</data></match></read>
    <read><delim>\x0a</delim><match><data>Artist: i\x87\x24\x1f\xa4\xe0\xb2\x12\x1b\x29\x1d\xc00\x8e\xc1TWm\xe1\xf0\x13\xf9\xdc\x1b\x1ap\x3e\x14N\x01\x9f\x99\xb6\x16\xe6\x23\x9a\xca\xf8\xec\xcdK\x8c\x07\x02\xe4\x23\x16KW\x1b\x10O\xd1\x3c\xf6\x3e\xfb\xaf?\x0a</data></match></read>
    <write><data>P\xaf\xb6\xa8\xa6\x8fB \xe0\x05\x80\x86M\xb0Uf\xf1R\x2f\x97\x60\x9fHDR\x05\x0c\x00\x5e\x03\x0dARTS\x00\x03\x00l\xfdQ?\x12y\x28\xf8\xc8\xa4\xeb\x11\xa2\xbc\xe8\xd8?\xf0\xaeU\xb7\x13\xa1\xcc\xdd\x7d3\xec\xaf\xf0u\x5f\xa5\x3c\x84\x12\x7c9\xcd\x9cqw\x91\x074\x60\xe4\x01\xf5\x24\xfc\xe8\xd3\x5f\xe4\x16R\x16\x14\xeb\xad\x3b\xbc\x29\x7e?\xf5F\xa8\xc1\xff\x07\x83\xc7\x9fWj\x01\xddM\xfe\x3d\xb6\x15U.\x5cr\x22pD\x04L\x18e\xe6k.\x81..\x60\x17\xb9\xed\x5ct\xe1\xc27ARTS\x00\x00\x00\x5et\xe8\xf6\x86\xaa\x2c\x8b\x5ct\x8aq\xe1\xd6\x95\xc0\xd4\xde\x1f\x24s\xbbTdV\x10\x85\xc0\xb5\xf1\x02\x8a\x5d\xbdK\xf0\xd5\xec\x19\x0eB\xb9\x85\xa5\x8e\xe4\x13\xc9\xebtx\x22\xda\x3e\xbaQ\x23?\xdd1\xb8oR?\x82\x80\xfdb\x9d\x1f\xacG\x9a\x29\x91\x1c\xde\xb0t\xed\x95\xd5\xec\x0f\xe5u\x8f\xb9:\x0f.\x5cn\x0f\xfdARTS\x00\x00\x00l\xc2\xfa\xf0\x1c\xfcuGgy\x10\x05zp\xe39\xf5\xc2g\x1c\xc2S\xc6\x90:ZC\x9a\x16\xf1\xe19\x27\x16\xe6\x05B\xa8\xdb:\x9b\x82\xf0\x2c\xa2\xcd\x24F\x9f\x2cy\x03\x2f\x26\x034\x8e\xcf\xfe \xab\xd4c\xc7\x9dP\xfbFG\xda\x5ct\xac\xc9\xa7ouv\xd4\xb5\xe6\xe6\x1e\x7d\x5cr\x7e?s\x3d\xcb\xa3\xb5u\xf1\xd1\x98\xb8\x97\x7e\x3e\x95\x8e\xd4Fx\xd8\xba\x29\xf6\xb6\x17\x5cA\xbb\xb6\x13r\x40c\x2cY\xaa\xcfN\xa4\x3bUq\xda\x01ARTS\x00\x00\x00\x2a\xc6\xe3\xfd7\x98\xf3\x3b\xbfn\xef\xbf\xe6xM\x14\x03\x29\x1f!A\x84\x137\xb4\xaa\x18\x91C\xb1\x91\x3b\xd0\x9c\xa8kS\xecH\x130\xd3\x3dTITL\x00\x00\x00\x05\xe0B\xe0\xa6y\x7f</data></write>
    <read><delim>\x0a</delim><match><data>Title: \xe0B\xe0\xa6y\x0a</data></match></read>
    <read><delim>\x0a</delim><match><data>Artist: \xc6\xe3\xfd7\x98\xf3\x3b\xbfn\xef\xbf\xe6xM\x14\x03\x29\x24!A\x84\x137\xb4\xaa\x18\x91C\xb1\x91\x3b\xd0\x9c\xa8k\x7c\xecH\x130\xd3\x3d\x0a</data></match></read>
    <write><data>\x10\xef\xd2fi\x8aHDR\x05\x0c\x00\x00\x00\x00\x7f</data></write>
    <write><data>\x40\xbf\xb0k\x26\xcf\xd8\x3b\x11\xdd\x1c\x85n\x9c\xfe\xba\xd7\x9fHDR\x05\x0c\x00\x15\x06\x08TITL\x00\x00\x018w\x5bwh\x9d\x5bW\x11\x17\x5cn\xb9Nd\xc4\x9a\x25\x05C7hWv\xf0.\x82\x83\xc8\xccd\xbb\xa3\x87a\xcdH\xd4\xcax\xc5IfY\xbe\xac\xbb\x07\x13\xf4\xd3S \x94\x5c4\x2f\x93\x25\x95t\xa2\x28a\x8a\xf3\xcc\xc2\xe5\xa6\xf4\xcb\xfao\x90\x28T\x10\xef\xc1b\xdek\x88\xc0\x9c\xc6\x8a\xfe\x8a\xb6o\x980\x8c3\xe0\xb6\xc3a\x89\x2b\x7e\x3ee\x7e\x3e\x15\x8a\x22\xea\xa9\x7e?\xd1\x1a\xb5\xbd\x3d\x16\x5d\x24\x7c\x60\xcb7\xe1\x86\x29K.\xaa\x99\x88\x06\x0f\xa8\x233\xa3X\x29L\x3c\xafI\xaf\x1bc\xefx\x8d\x1f\xc4\x3e\xd1a\xee\x19\xd2\x0b\x23\xa4\x2f\x1eH\xf2\xa9\x01R\x2f\x88\xa5\xd8\xda\x5d\xa5\x40\x91\x8ez\xffSB?\xe5\xd5\xfdARTS\x00\x00\x01\x3b3\xd9\x9d\x2b\x05\xf6\x24\xbf\x24\xab\x1b\x0c\x29\xe5CC\xa8!\xf0\xa0\xc3\x1c\x0c\xaf\x03\xc4\x11\xe2\xb0\xea\xb7\x12\x3e\x92\xd0\x9f\x1f\x8ed\xddZWU\x28a\xcb\xe2\xf0\xe0\x3b\x99\x1bx\x2fs\x22\xf5\xc6\x02\x85\xa1\x83\x84\x86\xce\x83\x05k\xb8cu \x23\x04q\xf3\xc8\x5cb\xefru\x28\xa4\xe3\xd70G\xe9\x9bQ\xbb\xdaH\xe6\x2fKU\xb7\x60\xdc\xb3\xad\xfc\xf0\xc3\xa8\xbe\xae\x13\x15\xc4\x3d\xe6\xaa\xd0\x13r\xba\xb1\x2cu\x86\xf4\xb9\xb3\x3b\xf1\x10\x1d\x5ct\x99Z\xe5Q\xaf\xc5\x04Z\x28C\xc1\xad\x5cr\x04\xfd\xd6\xdc\xfc\xde\xc8V\x22\xba\x94\x24\xc3K\xf4\xc7\xd1\xd4\xa8\xeeR\x7e?o\x8d\x2aS\x1b\xbc\xd5\xf9\xbe\x04v\x3d\xf8\x5ct\x7e\x3e\x7e?T\xce\x8c\xda\xf6\xcat\xfa\xd2\x05\xd61\xb71v\x81H\xdcARTS\x00\x00\x01\x0fl\x5cn\xf5\x5cr\x0e\x87\x83\xe4Lt.\x97\x40Q\x2d\x84\xe0\xc9?\x19\xeb\x84\x9b\xbf\xf6\xe4\xd0w6\xaf\xbb\xb3\x5d\x06\xefO\x8b\xfcC\xfe\xfa\x7e\x3e\x8ct\x9a\x23LA\xf7U\x2b\x3b\xc6\x3cZH\x91M7V\x8b\x5c\x5c\x19\x0e\x28L\x3b\xf5\x8c\x28\x40s1OUq\x04YH\xb3\xe2\x81\xc1\xf4\xdf\xac\xe1\x07PTy\x96\xd3m\x1f\xd6\x12\x07R\xa2\xb4\x2a\xe0\x2b\x5d.K\xf2\xcd\x7d\xbf\xfc\x03\xe8\xd9\x96\xad\x2d\x0e\xfb\xe6\xa05\x91\x84W\x1au\xe1\x02v\xc9N\x17 \xd9\x3d\x83\x87\xd0n\x5e\x8c\xd7\x3dw\xe6\x3d!\xad\xd9\x89U\xd0\xc5\xe2ALBM\x00\x00\x01!\x8db\x86wX9\x7bK\x5cb\xe1\x95\x11\xdf\xd1\x99\xa2\x92\x3bR\x92\xcf\x5cn\xcd\xa9\x19J\x8a\x26\x12E\xa06\xc46t\xf5\xcc\xe0CG\xe0\x10MpX\x9b2\xa0M\xde\xe3u\xd5\xbe\x98D\xecN\xf0h9\xc1\xe0\x9e\x83l\x3b\x1c\xc71\xf9\xfa\x60\x5ct3\xb3\x2a\xb3r\xd8m\xf3\xb1\xc8\xdaeKn\x01X\x5e\x1a\x8a\xadUk\x11X\xbc\x05\xe5\x8b\xef\x9fF\xc2\xb4\xb79\x5cb\xd8\xe00:vl\xbd\x8d\xec\x23\xc9\x5cb1\xa0\x5b\xdcn\x84\x9dwFB\x96\x7b\xbb\x86:\xfcS?\xd2\xe7\xcc\x17 \x92\x04\xc2d\xd9\xb2\x17\xc0\xee\x5d\x1fT\xcd\x9c\xff3\xa1xu\xbc\x5d\x8c\xd54\xb6\x96\xbe\x27ITL\x00\x00\x00\x3dq\xe7\xa5\x3bD\x92\x5cbds\x12vY\x8e\xbaJ\xd6\xd31\x17\xd8\xcf\x85\xd2\xe3\xd7\xd4hqt\xcb\x15\x89XV6\x5ffz\x16\x1d.\x83.\xb8\x7b\xedc\xfd\x01\x27\xb9\xc9z\xfcs\x8f0\x22\xd9\x9f\x7f</data></write>
    <read><delim>\x0a</delim><match><data>Title: q\xe7\xa5\x3bD\x92\x5cbds\x12vY\x8e\xbaJ\xd6\xd31\x17J\xf4\x85\xd2\xe3\xd7\xd4hqt\xcb\x15\x89XV6\x5ffz\x16\x1d.\x83.\xb8\x7b\x1ac\xfd\x01\x27\xb9\xc9z\xfcs\x8f0\x22\xd9\x9f\x0a</data></match></read>
    <read><delim>\x0a</delim><match><data>Album: \x8db\x86wX9\x7b\x17\x5cb\xe1\x95\x11\xdf\xd1\x99\xa2\x92\x3bR\x92\xcf\x5cn\xcd\xa9\x19J\x8a\x26\x12E\xa06\xc46t\xf5\xcc\xe0CG\xe0\x10MpX\x9b2\xa0M\xde\xe3u\xd5\xbe\x98D\xecN\xf0h9\xc1\xe0\x9e\x83l\x3b\x1c\xc71\xf9\xfa\x60\x5ct3\xb3\x2a\xb3r\xd8m\xf3\xb1\xc8\xdaeKn\x01X\x5e\x1a\x8a\xadUk\x11X\xbc\x05\xe5\x8b\xef\x9fF\xc2\xb4\xb79\x5cb\xd8\x5c0:vl\xbd\x8d\xec\x23\xc9\x5cb1\xa0\x5b\xdcn\x84\x9dwFB\x96\x7b\xbb\x86:\xfcS?\xd2\xe7\xcc\x17 \x92\x04\xc2d\xd9\xb2\x17\xc0\xee\x5d\x1f\x0a</data></match></read>
    <read><delim>\x0a</delim><match><data>Artist: l\x5cn\xf5\x5cr\x0e\x87\x83\xe4Lt.\x97\x40Q\x2d\x84\xe0\xc9?\x19\xeb\x84\x9bN\xf6\xe4\xd0w6\xaf\xbb\xb3\x5d\x06\xefO\x8b\xfcC\xfe\xfa\x7e\x8ct\x9a\x23LA\xf7U\x2b\x3b\xc6\x3cZH\x91M7V\x8b\x5c\x5c\x19\x0e\x28L\x3b\xf5\x8c\x28\x40\x07PTy\x96\xd3m\x1f\xd6\x12\x07R\xa2\xb4\x2a\xe0\x2b\x5d.K\xf2\xcd\x7d\xbf\xfc\x03\xe8\xd9\x96\xad\x2d\x0e\xfb\xe6\xa05\x91\x84W\x5fu\xe1\x02v\xc9N\x17 \xd9\x3d\x83\x87\x3en\x5e\x8c\x97\x3dw\xe6\x3d!\xad\xb2\x89U\xd0\xc5\xe2\x0a</data></match></read>
    <write><data>\x10\xef\xd2fi\x8aHDR\x05\x0c\x00\x00\x00\x00\x7f</data></write>
    <write><data>\x60\x9ft\x22\x2c\x9dhR\x99qA\xe4\xef\xa1\xae\x5f\x1e\x05\x5c\xef\xc1\xde\xc2\x06\x2f\xf7HDR\x05\x0c\x00\x00\x02XTITL\x00\x00\x00C\xbc\x1c\x5e\x8bF\xd6\x13\xb0Vgi\xd4\xa8\x0fm\xa3\xc1m\xe1\xcf\xaf9\x11\x01\x5f\x84\x3b\xa5\x94Q\x83\xe5k\xa7\x9b\x5ct\x3c\xc1Q\x7e\x3e\xecZf\x87\xa3\xb2\xd6jF\xb9:\x14\x93\x9c2\x14Ta\xadW\xf5\x84\x26\xa7\xbc\x0eALBM\x00\x00\x010p\xdc\x16\x22\xc1\xa1\x5b\x9d\xa3\x5c\x18\xee\xdf\xea\xd1\x1a\xc00P\xe4F\x5d\xc0\x98\xcb\x82\xb2\x90j\xc4\xf5\x04\x01a\xdf20\xc2\x86\x87\x8a\xdf6\xe0\x155\xf3\x85x\xd5\x8d\xe0?\xf2\x5f\x40\x5cb\xd3\x9a\x84\xbc\x19\x80pB\x90\x19\xe43\x2c\xb7\x83L\x26Z\xea\x24\xe8\xa3\xb3\xe8\x24\x28k\x87\x7e\x3e\xd8\xae\xf76\x2f\xc7\x7c\xde\xa3\xa3R\x5cV\x1c\xe5e\xb8\x5b\xe7\x5c0\x9a\xe6\x1d\x83\xf9\x95\xb6\xb2\x2b\x2dAg\xa8?\x3cl\x87\xfa\x98\xdd\xc1\x3b7\xbd\xa6\x5cr\x87:8?\xcd\x17\xa6\x83\x9b\x9e\xedr\xb2\x12\xdf\x2c\xc6k\xde\xe7\x92\xc3\x8d\xcee\xdf\x5d\xad?N\x3b\xc0\xe6\x1f\xde\x01 \x81\x2drp\x10\xee\x1a\xe5\xd8u\x18\x1d7u\x80\xdf\xf4\xd0\x15\xbd\xbf\x25\x1bee\x81\xe9\xb9ARTS\x00\x00\x003\xb1\xa0\xd8\xca\x11\x82\x0bKJ\x04!?\x16\xb8\x04\x12hk\x95\xcb\xc1d\xad\x7d\xfbR\xb6\x95\xee\xfd\xb1m\xc0\x5e?\x5c5\xb8\x5cb\x99\xa1\x91\x5ct\x1c\xb8\x04\xb5\xb8\x3e\x88RTS\x00\x00\x00\x12\xe1\xb4\x0f\x98j\xb2\xce\xcfz\xb0\xc02\xbc\xab\x8ee\xae\x7b\x7f</data></write>
    <read><delim>\x0a</delim><match><data>Title: \xbc\x1c\x5e\x8bF\xd6\x13\xb0Vgi\xd4\xa8\x0fm\xa3\xc1m\xe1\xcf\xaf9\xb0\x01\x5f\x84\x3b\xa5\x94Q\x83\x2dk\xa7\x9b\x5ct\x3c\xc1Q\x7e\xecZf\x87\xa3\xb2\xd6jF\xb9:\x14\x93\x9c2\x14Ta\xadW\xf5\x84\x26\xa7\xbc\xe6\x0a</data></match></read>
    <read><delim>\x0a</delim><match><data>Album: p\xdcM\x22\xc1\xa1\x5b\x9d\xa3\x5cl\xee\xdf\xea\xd1\x1a\xc00\xf6\xe4F\x5d\xc0\x98\xcb\x82\xb2\x90j\xc4\xf5\x04\x01a\xdf20\xc2\x86\x87\xbd\xdf6\xe0\x155\xf3\x85x\xd5\x8d\xe0?\xf2\x5f\x23\x5cb\xd3\x9a\x84\xbc\x19\x80pB\x90\x19\xe43\x2c\xb7\x83L\x26Z\xea\x24\xe8\xa3\xb3\xe8\x24\x28k\x87\x7e\xd8\xae\xf76\xee\xc7\x7c\xde\xa3\xa3R\x5cV\x1c\xe5e\xb8\x5b\xe7\x5c0\x9a\xe6\x1d\x83\xf9\x95\xb6\xb2\x2b\x2dAg\xa8?\x3cl\x87\xfa\x98\xdd\xc1\x3b7\xbd\xa6\x5cr\x87:8?\x83N\x3b\xc0\xe6\x1f\xde\x01 \x81\x2drp\x10\xee\x1a\xe5\xd8u\x18\x1d7u\x80\xdf\xf4\xd0\x15\xbd\xbf\x25\x1bee\x81\xe9\xb9\x0a</data></match></read>
    <read><delim>\x0a</delim><match><data>Artist: \xe1\xb4\x0f\x98j\xb2\xce\xb8z\xb0\xc02\xbc\xab\x8ee\xae\x7b\x0a</data></match></read>
    <write><data>P\xafa\xcc\x9eXN\x10\x8d\xd8.\xdb\xb68\xb4r\x9a\xfa\xb6G\x9c\x87HDR\x05\x0c\x00\x00\x00\x00\x7f</data></write>
    <write><data> \xdfK\xfd\x1f\x8e\xebx\xdeqHDR\x05\x0c\x00\x00\x0aXTITL\x00\x00\x00c\xd9\xa5M\x91\xa2\xe7\x92\xd1:\x9a\x7d\x1d\xd6E\xf8\xd3\xc0\xdd\xbc\xd4\xf04\xcb\xe5\x13ZA\xe1\x17\xb5\x2a\xea\xbb\xb7\xb6\xdaM\xe4\xbe\xc5\x7e\x3e\x25t\x3c\x17\x9f\x13\x18\xb9\xcatC\xeb\xb3\x60\xfeE\x1fs\x07V\xdd\xe5G\xf8\xaf\x7b\xbe\xa4\x1d\x5e\xea\xcf\xce\x17K\xa1E\x5cb\xb4\x82m\xaf\x5c\xbbF\xa5O\xdf\xbc\xe6\xa4g\x82\x0f\x8cj\xc5ALBM\x00\x00\x00l\x2d\x16\x2f\xab\x17\x06\xf0\xff\xb6\x85\xddg\xcdi\x84\xa2\xdd\x01\x3c\x15\xe5\x86\x9e\xe58\xf6?\x5c0\x84\xbc\x25\xbf\xaapL\x16\x15c\xdd\xc4\x94\x5dXz7\x17\x8e1\xe0\x5c0\xea3\x8a\xf3\x5c\x5er\xd1h\xde\x0f2\x03\xa5\x14\xffc\x2b\x9b\xff\x8a\xe75\xce\xf7\xebp\x2c\x10\x5c\xf5\xb2\x5cb\xa4\xa4\x1e\x9fBl\xfe!7\x3bJ5P\x9f\x86\x8f\x8c\xde\x0b\xa86hTITL\x00\x00\x00\x062\xeam\x3b\x888A\xcfb\xea\x05\xfa\xa7c\xc8RTS\x00\x00\x00v\x2b\xa0\xc9\x80\x88H\xcd\xb8\xf2\x16\xd16t\xc8\x01t\xb1\x8b\xd2\x02lr6\xf1\xfc\xd6\xb7\xab\xdd\xcbb\xaa\x2f\xf6\x12zI\x0f\xb4F\x2b\xa9\xc4\x8c\x10so\x18BJ\x03\x5cr\x5ct\xb6\x89\xda\xd6\x27\xdbh\xf6\xd2\x24\x60f\x3d\xf5\xa5\xd0\x23L\x5bj\x13L\xfb\x2c\xe8\x15\x8b:q\x5d\xb7\x7c\x9e\x5d\x14\x82T\xbf\x82\x89!\xd4\x3dx\xb8\x85\x01\xbcX\x5ctUl\x96\xca\x17S\x0f\xe0\x3d\xa5\xbbsARTS\x00\x00\x00\x3d\xb8a5l\x0cS\x5cnX\xfb\xf4\xec\xfb\x5c0\xb1\x19\x1e\x2b\xa6\x027\xe0\xc3\xb3\xec\xd6\xa0.\xf9\xc5\x99\xe7\x9aP\xa6\xc7\x1eu\x5b \xa0\xb4\x83C\xf1\x8e.O\x8fs\xaabw\x29\x91\xf2\xd1\x5cb\xdfARTS\x00\x00\x01\x05\xb9\xa5\xe9\xd4\xbf\x3d\xf8\x82H\xdf\x40\xc0\x84\x13\xa6\x80n\x2c\xa8w\x90\x02c\xb5\xec\x02S\x89\x5c0WV\x80x\x29\xb3\xfdZ\xec8\x8e\xdcn\x91\xfe\xfe\xf9\xf8\xcdA\x9b\xe44\x9d\xc9\x02e\x3d\xc9j\xba\xa7i\x8e\xbb\x19\xdf\xa3\x8ep\xedK\x8f\x26\xe4\x96\x9e\xcd\x5dq\xbf\x0b5d\x3eN\x5e\xc3\xfe\xc8T\xf1\x3d\x13C\x0c\x9e\xc9\xf6\xb0EB\x8a\x03\xfd\xff\xbf\x9f\x2d\xb4\x5eJ\x5cr\x1b\xfa\xb3\x03p\xb1\x7e\x3e\x7e?\xd0\xc7\x87\xad\x83\xbc\x9e\xaa\x9e\x22\x23Q\x17\xad\x8ed\x1c\xaa\x2fALBM\x00\x00\x015\xe1a\xa2\xff7\x5bD\xf0\x8d\xb8\x7d\xbf\x92\x3c\xf2\x3c\x93\x1b\x05G\x2f\xa0\x7d\x22\xedg\x60\x3b\xfa\x93\xfc\xdc\x05\xb2\xd1\x03\xad\xf39H\x02\xb4\xe4W\x91\xdb\x25\xe7\x3d\x9d\x01\xfe\xc2lP\x3d\xdd\xc5\x7e\x3eq\xf5\xa2\xe89\x076\xdb\xcf\xe5\x5b\xd6\x7c\xf4\xd9\x10\xec\xc4\xc44\x07\xb4bV\x07U\x18f\x91\x8d\x10\x06B\x02\x15\x97\xfc\x07\xf2\x1eA\xe1\xb9h\xfa\xc3\xb0\x17\x24\x82\xbd\xb1\xf2\xc3i\xb4\x92\xbe\xa1 B\x2bz\xde\x06\x14\xaa\xd5\xbcR\x60c\xc1b\x1e\xcd\xf7\xaf\xb5\xe74\xec\xcb\x9b\xa5P\xa8\x81\x80\xe9\x9c\xa5S\x9a\x8b\x95\x1a\xdevH\x1aJ\xcb\xe2\x7dzb\xad\x5e\xe5\xeb\xf8\x88\xe4s\xb5\xa9wip\xd3\x95\x94\x88\x5f\x06\xbb9\x22\x18ALBM\x00\x00\x002y\x2am\x40\x8f\x7bu\x90\xfa\x8eKn\xd4\xce\x18b\x19\xfc\xec\xac\xdd\xef\xe5\xb2\x14\x2cgp\xff\xf2\x91Lb\xf8\x94\xdd\x8b\x3cN\x01\x11EOI\x5d\xc8\xad\xcf\xc4\x1eTITL\x00\x00\x00\x17\xa87\xd4\xe6\x17\x062\x14\x18M\x939\xb6T\x19\x04\xd7\x1e\x82\xe9\xb1\xd3\x7dTITL\x00\x00\x01\x093u\x94\x17\xe7\xcd\xf7\x10X\xd8x\x407\x7b\x86\xf3\xb65\x7c\xd0\x0b\x3d\x23\xe7o\xdb\xc7eD\xbf\x7c\xb5\x8d\x03\xbf\xd7XP\x98g\xa9\x9aw\xe8W\x27\xbc\x0e\xb8\xab\x9dd!\xe8J\x85\xe6C\xe0\xd7P\x13\x0c\x88\x90\x1fN\xa4\xf4\xf9\xd3\x7e?\xbb\x9b\xae\x0fL\xa5\x9egT\xa9\xcd\x14\xcf\xbe\xe2\x18!\x24\xd9\x8b\x8b\x89\xdbP\xc1\xee\xca\x22\xdeu\x1105\xdf\xc5\xbbk0\x95\x97\xda\x8bV\xe3\x8a\xc3\x5d\xffP\x03\x8b\xa0l\x89\x5fI\x3d\xcfC\xf1\x93\xec\x10CyO\x1f\xa68\x12\xb7\xd2.TITL\x00\x00\x00\x0e\x8e\x8a\xf1\xa2\xc2\x8f\x23\x81\xf6\xf5T\xda\x18CTITL\x00\x00\x00r5\xc2\x1e\xdb\x1c\xd3\x88\x807\x0c\xba\x13\xa2\x1fz\xf0\x96\xbc6\xc9\xaa\xee\x89\x26bK\xeb\x05f\xed6\xa2\xc9\x9b\xcat6\x9b\xf9\xa5\x05\x25w\xde\xf4\xdaM\xfbM\x19q\xd3\xc4\xad3\xbf9B\x23I\x2c\xc6\x0b\x8e\x1e\xed\x8e\xc6\x3d\xae7\x5b\xf2Z\xcc\xb7\x1c\xed\x03u\xdf61\xcd\xe56\x87\x7e??\xa2\x5c\xde\xeb\xbb\x60\x5eL\xa5v\x5e\x5cn\x0e\x80\xadx\x0e\xd4\xc0\x81\xc73\xd1pTITL\x00\x00\x01\x0a\xdc\xde\xbfI\xd8\xe9\xc0\xe2\x5cb\x87\xb8\x5cb\xba\x90\xd4\x99\x97\x22\x18\xa8\xceY\xe5\x13\x5cn\x2cq\xd0\x97\x1b\x97\xe7\x01\xf0f\xf8k\xf1\xe5r\xbf\x19\x0f1\xf7\x7e\x3e\xf7\xcb\xc1\xc1\xfe\xd2p\x7c\xa3\x9c\x2b\x14\x8fs\x83\xccp\x27\x97\xce\x1d\xee\x5bh\x40\xb0F\x25\xbfZz\x94pa\x5c\xc3\xe8\xb4\x1b\xd3\x92\x915\x0f\x85\x5b\x24b\x04\x07\xcci\xd1\xd6\x94\x04\x87\x3d\x8a\x1d\x0c\x5c\x84\x02\x261J\xe4\xde\xfd\xf2l\x90aU\xc6\x28u\xf5\xc8y\x18\xdf\x2fz\xdd\xe8\x05\xd3?\xc07\x1e\xb3\xc3\x2b\x0cALBM\x00\x00\x00Jj\xab\x9f\x91\x25\x1d\x0c\x01\x86\x28\xae\x8dq\x8e\x82\x8d\xa2\xda\xc8\xf8\x9a:\x9f\x19\xcd\x90\xdb\x7e?\x10Q!S\xb1\xc3\x5f\xe6e\xd7\xa2\xf7\xb1\xd3\x118\x28\xf3m\xd3\xbf\xba\x9bK\xef\x07\x2c.\xdb9\xd3\xe3\xbc\xa3\x1d\xf9\xea\xbfd\x8aFt\xbd\x90\xa1\xab\x7f</data></write>
    <read><delim>\x0a</delim><match><data>Title: \xdc\xde\xbfI\xd8\xe9\xc0\xe2\x5cb\x87\xb8\x5cb\xba\x90\xd4\x99\x97\x22\x18\xa8\xceY\xe5\x13\x5cn\x2cq\xd0\x97\x1b\x97\xe7\x01\xf0f\xf8k\xf1\xe57\xbf\x19\x0f1\xf7\x7e\xf7\xcb\xc1\xc1\xfe\xd2p\x7c\xa3\x9c\x2b\x14\x8fs\x83\xccp\x27\x97\xce\x1d\xee\x5bh\x40\xb0F\x25\xbf\xb4\x1b\xd3\x92\x915\x0f\x85\x5b\x24b\x04\x07\xcci\xd1\xd6\x94\x04\x87\x3d\x8a\x1d\x0c\x5c\x84\x02\x261J\xe4\xde\xfd\xf2l\x90aU\xc6\x28u\xf5\xc8y\x18\xdf\x2fz\xdd\xe8\x05\xd3?\xc07\x1e\xb3\xc3\x2b\x0c\x0a</data></match></read>
    <read><delim>\x0a</delim><match><data>Album: j\xab\x9f\x91\x25\x1d\x0c\x01\x86A\xae\x8dq\x8e\x82\x8d\xa2\xda\xc8\xf8\x9a:\x9f\x19\xcd\x90\xdb\x7f\x10Q!S\xb1\xc3\x5f\xe6e\xd7\xa2\xf7\xb1\xd3\x118\x28\xf3m\xd3\xbf\xba\x9bK\xef\x07\x2c.\xdb9\xd3\xe3\xbc\xa3\x1d\xf9\xea\xbf\x96\x8aFt\xbd\x90\xa1\xab\x0a</data></match></read>
    <read><delim>\x0a</delim><match><data>Artist: \xb9\xa5\xe9\xd4\xbf\x3d\xf8\x82H\xdf\x40\xc0\xd3\x13\xa6\x80n\x2c\xa8w\x90\x02c\xb5\xec\x02S\x89\x5c0WV\x80x\x29\xb3\xfdZ\xec8\x8e\xdcn\x91\xfe\x9d\xc9\x02e\x3d\xc9j\xba\xa7i\x8e\xbb\x19\xdf\xa3\x8ep\xa5K\x8f\x26\xe4\x96\x9e\xcd\x5dq\xbf\x0b5d\x3eN\x5e\xc3\xfe\xc8T\xf1\x3d\x13C\x0c\x9e\xc9\xf6\xb0EB\x8a\x03\xfd\xff\xbf\x9f\x2d\xb4\x5eJ\x5cr\x1b\xfa\xb3\x03p\xb1\x7e\x7f\xd0\xc7\x87\xad\x83\xbc\x9e\xaa\x9e\x22\x23Q\x17\xad\x8ed\x1c\xaa\x2f\x0a</data></match></read>
    <write><data>\x40\xbf\x1d\xf38f\x902\x2awr0a\xb5\x5d\x895\x3cHDR\x05\x0c\x00\x00\x00\x00\x7f</data></write>
    <write><data>\x40\xbf\xeb4 .\xd5\x2d\xdbl\xb7\x13y\x25\x0a\x982\x14HDR\x05\x0c\x00\x00\x027ALBM\x00\x00\x01\x19\x91\xc24\xe3\xa6\x8b\x1f\xfb0\x1d\xb6Y\x0bl\xb7\x2dDJ\x06\xc4\x2b5K\x22\x94\x02\xef\x0b\xb1T\xea\x02\x17u\xc6\x3e\xeb\xd0\x89\xcb\x2b\xe4\x90\xdd\x8c\xfa\xc8\xd8:\xe8\x5cn\xcd\x04\x9e\x8eI:w\x84\x02OVam\xbc\x97\x18\xb3\x881\xa1\xe9\x88\xa6\x5bK\xbc\xc8\x90\x13\x10\x918\x14l\x04\x882\xb1\xe4vJ\x28b\x06\x23\xde\xa8\xb5\x8e\x7e\x3e\x97\xd3\xa5\x19\x9f\xc9\x3c\x7d\x84\x93\xd8\x7e?\x1c\x3e\x7d\x5e\x8dY\xf4\xec\x1a\xd0\xc2\xe5\x0c\xfa\x5fL\xa19\x40\x26\x23\xd2\x87\xc1rx\xf6\x80h\x13\x3d\xac\x9e\x90\xeemL\xf4\xc6ALBM\x00\x00\x01\x0e\x1d\x85\x8b\x83\x5ct\x8b\x5d\xd6\xc6\xaf4\xb0\x04bZR\x5b\x93X\xdc\x2f\xed\xa9\xd1\x89\xd6\x80\xbd\x10J0\x288\xeeWg\x94\x80\x1d\xda\xbdn0\x9f\xef\x9c\xbc\xc9\xc2\xf1M\xd5\x8c\xdd\xba\xfa\xac\x81\xf8\x5b\xe6\xf0\x8c\xe7\x93\x5f\xbb\xbb2\x81d\xa2\x16d\xba\x8a\xce\xf6A\xd3\xa8\x8d\x94\xe4\x2b\x89\x05\x7e\x3e\x8b\xb4\xa1\xfa\x85\x98x?\xb4\xfb\x3c\x5d\x5cr\xb8\xad\x89\x8c\x9aL\x9b\x94p\x5d\xa3\xa6E\x0c\xd5\x5b\x85\xad\xa0\x7e?\xa0\xfc\x99O\x2an\xd8\xb0\x8c\x7c\x89\x90F\x7e?\x1c:e\x2cPC\x60\x07\x89F6\xbe\xb9\x82\x40G\xc5\xf85\xf3\xaf\x7f</data></write>
    <read><delim>\x0a</delim><match><data>Album: \x1d\x85\x8b\x83\x5ct\x8b\x5d\xd6\xc6\xaf4\xb0\x04bZR\x5b\x93X\xdc\x2f\xed\xa9\xd1\x89\xd6\x80\xf2\x10J0\x288\xeeWg\x94\x80\x1d\xda\xbdn0\x9f\xef\x9c\xbc\xc9\xc2\xf1M\xd5\x8c\xdd\xba\xfa\xac\x81\xf8\x5b\xce\xf6A\xd3\xa8\x8d\x99\xe4\x2b\x89\x05\x7e\x8b\xb4\xa1\xfa\x85\x98x?\xb4\xfb\x3c\x5d\x5cr\xb8\xad\x89\x8c\x9aL\x9b\x94p\x5d\xa3\xa6E\x0c\xd5\x5b\x85\xad\xa0\x7f\xa0\xfc\x99O\x2an\xd8\xb0\x8c\x7c\x89\x90F\x7f\x1c:e\x2cPC\x60\x07\x89F6\xbe\xb9\x82\x40G\xc5\xf85\xf3\xaf\x0a</data></match></read>
    <write><data>\x40\xbf\x2d7A\x9c\x81\xb1\xe0\x96\x14V\xe2z\xe2\xca\x28\x7bHDR\x05\x0c\x00\x00\x04?ALBM\x00\x00\x010\xcd\x5fE\xfaj\x1e\xea\xc2\x25\x0e\xfa\x5d\xaa\x96\xd3.\xe8\xbd\xdb\xcf\x5cbC\x5cnO\xcd\xb6\xbbc\xb0\xfbZ\x1e5\xeb\xceq\x9e\xed\xc9\xf9X\xee\xcc\x2a\xe9R\x1e\xd5\xbcf\xcc\x040\x9d\x96w\x5d\x3b\x15a\x3c\xe4Bp\xb0\x83\xdd\xab\x3e\xd0\x04\x7c\x83\xc1m\xea\x12 \xbc\x3b\xa6\x96\xa5g\xcd\x86\x5f\xb4\xd2\xf7\xc66\xa1\x7e\x3eE\x83H98\x89\xfd\x7e?d\xeb\x2c\xd3L\x8a\xef1\xb4\xa4w\x0c\x8d\xa3D\xf2\xbe\xd8\xf9NI\xad\x2bq\xee\xcd\xa7\xa8\xef\x1b\x15\xba\xdc\xf1u\x2a\x9d\xedj\xccM\xc1\xeb\xc9\xc1i\x5d\x05\xe2\xdc\xe9\xb6i\xc9\xd7x\xef\xbf\xd4\xe6\xd6\x1a\x0f\xe7\xa6\x22\xb4\xb6\xfc\xaf\xd5kALBM\x00\x00\x00l\xfcl\xcc\xc2b\x88\xe9\xd43\xfd\xee\x12\x02A\xf6\x8e\x10\x5c\x0cE\xb4\x17\xa1\x86\xd2m\xe8AC\x11\xb9\xcd\x24\xd2q\x93\x5e\x8e\x18\xc8\x84\xd2\xe1A\x0eHf\xce\x18\xec\x1e\xd8\xd7J\xdb\x048V\x98\x98\xac\xa71\x01\x07\x958\xb31\xae\x3cXZU\xfa\xa9\xc3\xb2\xf5\x7d\x29\xcaQW\x2f\xd0\xb0l\x9f\xcf\xe8\x93\xb9\x3cU\x25x\x81\x87\x1b\xee\x5e\xbb\xf9n\xa0\x83O\x0cSl\xc4o\xcb\xd1\x3d\x86\x13\x1e\x1e\x5cr\xba\x10TITL\x00\x00\x007\x85\xa5\x99J\xdc\xb0\xe4\xc6ON\xbd\xee\x8b\xdf\x40\xe0\xa3\x05\xe0\xab\xb1d\x1c\xba\xcf\xf9\x27\xc7\xfd\x3b\xb2\xa2Y\xd7\xef\xeci\x5d\x0c!\x12Q\xb3.\xd5w\x5b\x90\x26I\xc9\x94 \x8b\x14ALBM\x00\x00\x01L\x5f\xd4\x2d\x02\x8e\xfd\x8a3\x81\xbd!t\x2fI\xa0\xeb\x5c\xaa\xb7\xdc\xe8A\xbd\xc45\x8c\x03R3\x91\x5dL\x0cun\x05E\xe7Q\xc6\xc8\xe1\xe9\xf9\xe6\x82\xa8\x3c\xd6\x91Ut\x3c5Y\x9a\xc4\xe9H\xf9\x5c0S\x9e\xec\x01\xdc0Nv\x0e\xe6W1\x8e\xcfk\x80\xa5\xfa\xb3\x82\x07\x9fkd\x3civ\xf1\xef\x1bE\xdfP\xff\x12\xa9\xe3\xd7h\x16\xad\xd2\x3d\x8e\xfe\xdf\x1b\xc0\x1e\xa2\xe5\x82e\x25\xdc\x85\xe8\x24M\xda\xcb\x98\xdf\xd7\xeck\xfe\x0f\x0cx\x95\xbe\xb0I\x96\xc3\x82\x5f\x5ctd\x16\x12\x0f\x0e\xf9\x91A\x8e\xc8\xb3\x8b\x045\x9b\x90FU3\xfaE\x1b\x2b\xbc\x7e?\xd7\xce\x5c0\xacq\xc2\x23\xa4\xa33\xa4\x01\x1ew\x9c\x22\x85\x96\x5crcETS\x9b\xb7\x8f\x82\xeb\x04\x7e?\xc6E\x81\x880\x18TF\xcf\xb9\xd3nqrn\xa0\xe7\xd2\xbe\x8a\x16\x7f</data></write>
    <read><delim>\x0a</delim><match><data>Title: \x85\xa5\x99J\xdc\xb0\xe4\xc6ON\xbd\xee\x8b\xdf\x40\xe0\xa3\x05\xe0\xab\xb1d\x1c\xba\x2f\xf9\x27\xc7\xfd\x3b\xb2\xa2Y\xd7\xef\xeci\x5d\x0c!\x12Q\xb3.\xd5w\x5b\x902I\xc9\x94 \x8b\x14\x0a</data></match></read>
    <read><delim>\x0a</delim><match><data>Album: \x5f\xd4\x2d\x02\x8e\xfd\x8a3\x81\xbd!t\x2fI\xa0\xeb\x5c\xaa\xb7\xdc\xe8A\xbd\xc45\x8c\x03R3\x91\x5dL\x0cun\x05E\xe7Q\xc6\xc8\xe1\xe9\xf9\xe6\x82\xa8\x3c\xd6\x91Ut\x3c5Y\x9a\xc4\xe9H\xf9\x5c0S\x9e\xec\x01\xdc0Nv\x0e\xe6W1\x8e\x5ck\x80\xa5\xfa\xb3\x82\x07\x9fk\x8b\x3civ\xe4\xef\x1bE\xdfP\xff\x12\xa9e\x25\xdc\x85\xe8\x24M\xda\xcb\x98\xdf\xd7\xeck\xfe\x0f\x0cx\x95\xbe\xb0I\x96\xc3\x82\x5f\x5ctd\x16\x12\x0f\x0e\xf9\x91A\x8e\xc8\xb3\x8b\x045\x9b\x90FU3\xfaE\x1b\x2b\xbc\x11\xd7\xce\x5c0\xacq\xc2\x23\xa4\x603\xa4\x01\x1ew\x9c\x22\x85\x96\x5crcETS\x9b\xb7\x8f\x82\xeb\x04\x7f\xc6E\x81\x880\x18TF\xcf\xb9\xd3nqrn\xa0\xe7\xd2\xbe\x8a\x16\x0a</data></match></read>
</replay>
</pov>