<?xml version="1.0" standalone="no" ?>
<!DOCTYPE pov SYSTEM "/usr/share/cgc-docs/replay.dtd">
<pov>
<cbid>service</cbid>
<seed>b4c12896a1dc30f05fe2a2ab7b15460e9137d32b64bdeecaafdefa020dd0b99cfa3a43b023c36bf5068bdfa15f4b2ba5</seed>
<replay>
    <write><data>\x04\xfbHASH\x7f</data></write>
    <read><length>4</length><match><data>a\x25\x16a</data></match></read>
    <write><data>\x00\xffHDR\x05\x0c\x00\x00\x00\x00\x7f</data></write>
    <write><data>\x40\xbf\x1d\xf38f\x902\x2aw!0a\xb5\x5d\x895\x3c\x0bDR\x05\x0c\x26\x00\x00\x00\x7f</data></write>
    <write><data>0\xcf\xc8l\xb1ut\x14\xb9\xad\x89\x15\x199HDR\x05\x0c\x00\x00\x06WALBM\x00\x00\x00\x5e\x3dx\xabR\xda\xfca\xdc\x3b\xc9\x8f\xc3s\xb6\xcc\xcb\x5e\xfd\x87\x1a\xa17\x2d\x80P6H\xf0\xb1\x07\xf6\x1bn\x15\xdf\xcfYV\x8a\x17\xfe\x9d\xb2\xd6\x7dn\xb5\xdb1\xc7\x2fB\x0e\xd5\xe2\xf3\x8f\x60C\xf9\x25\xe0\xe0\xb9\xa0\x0e\x3b\x8f\xf5\x91\x9dG\x17j\xa99\xd0c\xb3VH\xd1\xa5\x9a\xa6SK\x1e\x06D\xa6\x60\x3d\x28TITL\x00\x00\x01\x0c.\xa8j\xa3\x9c\xf8\x3b\x8b\xa4\xd9\x5c0\xfdFk\x7e?\xc2a\xc3h\xd5\x8ff\xf9\x1e\x7e\x3e\xc9\xf9w\xf9\x2f\x15\x5du\x7e\x3e\xc4nJ\xa5a\xf28\x1c\x9at\xea\xba\x5cn\xc2:x\xe4y\xdf\x98\xfa\x5c0\x13\x85\xb4\x8d\x5c\x2f.v \x9es\xa9\x14\xed8Y\xaf\x0e\x8dwm\xad\x9f\xb0\xc5\x97\x5c\xf3\x0b\x5e\xbfJ\x5c\x92Z\x8a\xa7\x5cnf\xe4\x5f\x23\x01p\xcd\xb6\xac\xe3\xb6GriB\xda:\x3c\xd04\xe9\x5cb\xaa\xdc\xe6\x81\x0d1\xb4\x92\x11\x7da\xde\xbb\xbdz\x8c\xa4\xb8\x9d\x9b\x15\x11\x80\x12\x19\x2b\xef\xbb\xa4\xed\xbdARTS\x00\x00\x00p\xb2\x1c\xea\xf0\x0fB\x7d\x2f\xe3\xb3\x03\xb3\x97\xe4\xdfo\x22G\xc4\xeb\xe1\xee\xda\x82\x1b\x5c\xcb\xf2Z\x22\x1bFi\x23\x85\xbe\xd4\x2f\xc2\x3b\xe4\xabC\xb5!\xf0\xe55\x18\xf7\xf7\xc9\xcd\xed\x11X\xc3\x10\x04\x9ay\x5crq\xb6\x89\xb8\x7e?\x18\xcc?\xef\x94\x96\xf4\xb8\x40\xa7\x7d\x5fI\x15\x05\xd0nL\xdd\xd6\x9f\xf82\xc0\x27\x96\xee\xd3\x3d3P0\x5c\x26\x85qz\xa9\xd5\x872j\xeerARTS\x00\x00\x01\x80\xb8\xc9n\x12d\x25\x0c\xd0\x8c6\xc8\xd8\x5c\x10M\x5c0\x85n!\xbf\xd6\x2f\xf8s\x7b6\x8a\x5b\x5cb\xf1\x7e?\xf2\x5ee\xc5Hx\x99n\xf8d\xaa\x99\x16\x15\x0c\xb7\x03\x90\x9de\xa8\x5e\x89pI\x99q\xfdpKed\xca\xda\x5bSk\x8d\x1d\x3d\xb1\xd8V\xf2\x1d\xa5R\x7d\xa4\xb5\xdcz\x40\xd1R\xf7x\xb96J2\xcd\x992oj\x7c\x8e\x17n\xf6\xd2?\x5c\xd2y\x2a\xc77\x06\xa2\x05s\xe7\xc4\xafv\xd5\xcc\xbbg\xf3\xa1\x3b\x5b\x7e?RXH\x24\xff\x25g\xb3X\x81\x12k\x29\xbe\xa5\x7d\xf0\xc1\x16\x5fKao\x07\x04\x5d\x60\x0fL\xf8\x999\x02fGF\xd6\x2cG\x0b\x22\x60\x7b\xbe\xde\x25\x9f\xa3\x1a\xf5I\xbe\xe2\xb7\x5c\xf9\x2d\xaf\x1cU\xe7\x19\x98\xad\x82\x7e\x3e\x89W\xb4\x92ARTS\x00\x00\x01C\x22\x92\xb3G\xa8\x92\xe9\x1e!\xba\xdcET\x91\x93\x9d\xe7\x94\x92R\x19Q\x0e:h\xdf\x5bl\xcd\xdb\xb4\x0b\xc1\x88\x8bW\xf3\xd3NW\x2a\xf9B\x22\x3d\xfc\x15\xde\x9a\x22\xe6\xf8\x15\xee\xc4M\x5cr\xb3\xbc\x5eQ\xea9\x1f\x5ct\xd8\x9a\x01\x5eV\xe1d\xfa\x9bw\xc6q\x8c5\xd5\x19w\xb8\x88NX\xafh8\x86\x9f\xe6\x80\x5d3\x5c\x80\xede\xee6\x9e6\x5c\xae\xd9\x7e?zy\xcdz\x11T8R\x1a\x0bg\x9c\x94\x7b\xff\xaf\xc7b\x2f\x0bA\x04\xc5\x1e\x1e\x3d\xa5xZb\x01Vg\x9e\x7d\xe2\xc0k\xef\xde\xa2\x1ahu\xc1\x7e\x3e\x3c\x0f\x5e\xa9\x40\x19\xae\x25\xd0\x40\x1e\x9e\x60Q\x9bHq\x94\xb6\x8c\x17\x0e\xc5HI\xef\x020\xd5\x99\x10Pi\x2cq\x82\x82\x0e\x80 d\x07\x9a\xc3V\x7e\x3eq\x82\x94\xd87\xdaARTS\x00\x00\x00O\x82\x3dA\xf0\xdb\xb9\x9e\x92\xf0\x17\x2d\x7e\x3e\x3b\xaf\xebQ\xcfl\x23\xef\xe9wH\xbf\xb6\x15f\xb9t\xcd\xf4\x80\xd93\xab\x7e\x3e9\xff\x22z\x0ci\xb1\xbe\xf0\xcf6\xa1\xa9\xba\xfb\x9e\x281\xdf \xbf\x85\x03w\x95\xdfa\xd6\xc12\x04\x07lw\xaa\xfeWE\xf9\x5cb\x5b\xa3\x7f</data></write>
    <read><delim>\x0a</delim><match><data>Title: .\xa8j\xa3\x9c\xf8\x3b\x8b\xa4\xd9\x5c0\xfdFk\x7f\xc2a\xc3h\xd5\x8ff\xf9\x1e\x7e\xc9\xf9w\xf9\x2f\x15\x5du\x7e\xc4nJ\xa5a\xf28\x1c\x9at\xea\xba\x5cn\xc2:x\xe4y\xdf\x98\xfa\x5c0\x13\x85\xb4\x8d\x5cn.\x7d \x9es\xa9\x14\xed8Y\xaf\x0e\x8dwm\xad\x9f\xb0\xc5\x97\x5c\xf3\x0b\x5e\xbfJ\x5c\x92Z\x8a\xa7\x5cnf\xe4\x5f\x23\x01p\xcd\xb6\xac\xe3\xb6GriB\xda:\x3c\xd04\xe9\x5cb\xaa\xdc\xe6\x8c\xa4\xb8\x9d\x9b\x15\x11\x80\x12\x19\x2b\xef\xbb\xa4\xed\xbd\x0a</data></match></read>
    <read><delim>\x0a</delim><match><data>Album: \x3dx\xabR\xda\xfca\xdc\x3b\xc9\x8f\xc3s\xb6\xcc\xcb\x5e\xfd\x87\x1a\xa17\x2d\x80P6H\xf0\xb1\x07\xf6\x1bn\x15\xdf\xcfYV\xb2\x17\xfe\x9d\xb2\xd6\x7dn\xb5\xdb1\xc7\x2fB\x0e\xd5\xe2\xf3\x8f\x60C\xf9\x25\xe0\xe0\xb9\xa0\x0e\x3b\x8f\xf5\x91\x9dG\x17j\xf79\xd0c\xb3VH\xd1\xa5\x9a\xa6SK\x1e\x06D\xa6\x60\x3d\x28\x0a</data></match></read>
    <read><delim>\x0a</delim><match><data>Artist: \x82\x3dA\xf0\xdb\xb9\x9e\x92\xf0\x17\x2d\x7e\x3b\xaf\xebQ\xcfl\x23\xef\xe9wH\xbf\xb6\x15f\xb9t\xcd\xf4\x80\xd93\xab\x7e9\xff\x22z\x0ci\xb1\xbe\xf0\xcf6\xa1\xa9\xba\xfb\x9e\x281\xdf \xbf\x85\x03w\x95\xdfa\xd6\xc12\x04\x07lw\xaa\xfeWE\xf9\x5cb\x5b\xa3\x0a</data></match></read>
    <write><data>\x40\xbf\x23T\xccU\xa0uZ\xe6\xcdra\x95r\x60\xef\x00HDR\x05\x0c\x00\x00\x01eTITL\x00\x00\x01\x17\xdf\xa5\xbf\xc7\x93\x02\x2b\xfb\x0b\x5b \x19w\x0e\x9b\xca\xe8\xec?\xcc5sf\xd3w\xef\xf0\xb9\xef\x0d\xc2\xe6\xcek\xa4\xe5\xe9\x04 \x7d\x90\x5ctL\xa2L\xa7\xabF\x10\xa6\x23\xb6\x3b\x5cEU\xae\x0b\xc0\xba\x82\x17\x82\x40\x40:\x0f\xbe\xc9\x3b\x83\x5cb\x11\xe8\x28\x8dG\x04\xa0\xedG\x2a\x13\x9dI\x23Q\xf6\xba0\xdf\xb4\xf54\x9e\x7e?\xe3\x24\xb2\x0b\x7dzW\xd76\xff\x17\xb4J8\xe67\xc5\x7d\x5e\x1e\x5cb\xb8\x94\x3ej\xae\xfe\xa2\xa8\xa8\xe6\xf0\x83\xd7X\xb6\xb3\xed\x5d\xff\xab\xd0Ig\x86vI\x07o\x5c\xe1\x84ARTS\x00\xb6\x00\x3e\x87\x82\xd9m\xa1\xea\xac\xe3\xdf\x27\xb5\x94\x5ct\x8a\x7e\x3eh\xc8\x1c\x5d\xec\xa6\xbc\x97\x2b\x05\x5bZ\x93o\x80\x86\x93\xbfl\xcc\x2a\xd9e\x81\xeb\xd8\x17\x04\xb5\xa2\xb0\x27\xe4\x7e?k\x03\xa8\x9eN\x2d\x2aq\x3b.j\x11\x7f</data></write>
    <read><delim>\x0a</delim><match><data>Title: \xdf\xa5\xbf\xc7\x93\x02\x2b\xfb\x0b\x5b \x19w\x0e\x9b\xca\xe8\xec?\xcc5sf\xd3w\xef\xf0\xb9\xef\x8f\xc2\x1d\xcek\xa4\xe5\xe9\x04 \x7d\x90\x5ctL\xa2L\xa7\xabF\x10\xa6\x23\xb6\x3b\x5cEU\xae\x0b\xc0\xba\x82\x17\x82\x40\xec:\x0f\xbe\xc9\x3b\x83\x5cb\xcc\xe8\x28\x8dG\x04\xa0\xedG\x2a\x13\x9dI\x23Q\xf6\xba0\xdf\xb4\xf54\x9e\x7f\xe3\x24\xb2\x0b\x7dzW\xd76\xff\x17\xb4J8\xe67\xc5\x7d\x5e\x1e\x5cb\xb8\x94\x3ej\xae\xfe\xa2\xa8\xa8\xe6\xf0\x83\xd7X\xb6\xb3\xed\x5d\xff\xab\xd0Ig\x86vI\x07o\x5c\xe1\x9b\x0a</data></match></read>
    <read><delim>\x0a</delim><match><data>Artist: \x87\x82\xd9m\xa1\xea\xac\xe3\xdf\x27\xb5\x94\x5ct\x8a\x7eh\xc8\x1c\x5d\xec\xa6\xbc\x97\x2b\x05\x5bZ\x93o\x80\x86\x93\xbfl\xcc\x2a\xd9e\x81\xeb\xd8\x17\x04\xb5\xa2\xb0\x27\xe4\x7fk\x03\xa8\x9eN\x2d\x2aq\x3b.j\x11\x0a</data></match></read>
    <write><data> \xdf\xba\x7e\x3e\xd3\x26\x3c\x8f\xbb\x2aHDR\x05\x0c\x00\x00\x00ATITL\x00\x00\x0090\xd2Z\x98\xc4\x24\xa4\x27U\x8a\xfe\x275\xe9\xceS\xbe\xf9\xa5\xb4\xf4\x90F\xa0\xa88B\x87\xb6\xc9\x81\x408c\xc7\x13\xdceO\xc8E\xc6\x80\xf0.\xcb\x2cI\x2ac\xf4\xdd\x23\xd5!\xe7\xf8\x7f</data></write>
    <read><delim>\x0a</delim><match><data>Title: 0\xd2Z\x98\xc4\x24\xa4\x27U\x8a\xfe\x275\xe9\xa6S\xbe\xf9\xa5\xb4\xf4\x90F\xa0\xa88B\x87\xb6\xc9\x81\x408c\xc7\x13\xdceO\xc8E\xc6\x80\xf0.\xcb\x2cI\x2ac\xf4\xdd\x23\xd5!\xe7\xf8\x0a</data></match></read>
    <write><data>0\xcfH.\xc6\x86VQ\xc0\xc2\x7c4\xf27HDR\x05\x0c\x00\x00\x07NARTS\x00\x00\x00\x2f\xe1.\x8a4!ZNXmO\x9a\x92\x5cn\x29wk\xc9\xef\xe2u\x836\xd8\xe2\x3b\xa3R\x01\x9c\x28\xa3\xde\x0b5GF\xeao\x3c9\x8a\xdc\xdf\xbaFPTITL\x00\x00\x00\x3d\x19\xb0\x85\xbc\xe64\x2b\xa6!m\x10\x91\xdc!\x28\x98\xcfS\x9bQ\xa9\x8fk\xb9\x1b?\x01\xf3\xdc\x92\x940.\x84g\x26j\xcc\x2fK\x5cnTp\x5cb\x7b\xd8M\xf1\x91\xd5\x1f!N\xa7.!\xf0\x9fBALBM\x00\x08\x00k\xc8\xe54\xbdB\xb45\x85aLj\x94\x5cb2T\xbc\xba\x5f\xa4\xdf\x9b\x9a\xc0\x1b\xa9\xfb\xa5\xde\xb9\x7c:\x0fc\x1b\x85\x06\xf1Q\x29\x1f\x5b\x17\xb6\xd9\xbd\xccNh\xda\xe2\xa5A\x5c\x05\x9fVJC\x3b\x8d9k\xda\xa9\x0b8\x1f\x06\xd6\x94\xd5\x06d\xfc\x13\x92\xd5\x3bY\x97\x1bxk9\x80\x19\xe7Y\xbdK\xed7\xcd\xfb\xba\x98\x17\xfb\x90\xeda.\x88O\xf9\xce\xdbc\xb2\xc3\xc5\x3e\x8bA!\x2b\xca\x2dALBM\x00\x00\x00G\x27\x0f\xe8\x85\xcf\xa6\xb0\xfem\x94\xe6\x2f\xa3\xe7c\xc7\xba\xda\xf8\x9e\xde\x01\xeaC\xc2\x97\x96bt\xf2\x02\xb6\x14\xd1\x1c\xfd\x8e\xbcY:\x0e\x5d.\x15\xc7\xd4M\xed\xdf\xd1g\xf6W0\x12Y\x99\x9a\xd1!\x84\xce9\x99w\x5cg\xc95t.TITL\x00\x00\x01C\x7c\xde\xd2\x7e\x3e\xfb\x5f\xdb\xa1\x5f\x0b\x89\x5cr\xf4\xab\xc7f\xf6\xff\x04\xb2\xab\x5c0\xf9\x60\xf9W\x04\xc2v\x14\xd1.\x8d\xe8\x5c\x1c?\x06\x87\xf1\x5ct\xe1\x0c\x88\xf6\x9e\x1f\x3c\xc1\xb4f\xa2\x10\x3cx\x7b\xff\xdc\x0f\xa4\x9f\xacT\xc4:\xba\xd6\xb7\xfc\x5ej\x9a\x84O\xe9\x03\xf8\xd1\xa2\x7b\xecT\x8du\x87rG5ZXF\xb2x\xd6\xc4\x12\x40\x84\xcb\xb0\xbe\xff\xcc\xe9\x5ct\xd7\xc61\xb1\xdd\xf0\xd2\xbb\xd6c\xd17\x11Q\xa1Ja0\x7e\x3e\x98\x11M\x8a\xb1\x1a5\x94F\x2f8\x91Aa\xe8\x5c0\x9b\x28Z\x9c0\x1b\xb8\xce\x84\x3dp\x3b\x94\x27\x1e\xe7\x26\x83\xf3K\xc588\xee:h\xcaa\x5c0\xc4\xa4\x10\x83\xad\xbf?x\xd3\x17\xfb\xe3V\x856\x01\xc7\xaaYN\x94\xd2\xa2\x81\x18\xdcz\xad\x9a\xa2\x5ctALBM\x00\x00\x00.\x2b\x1d\xa8\xbd\x9a0\x18\xed\x7b\x88IX\xc5\xce\x95\xaa\xee\xba\x60D\x28\x93\x5cb5\xa8\xe2\x8f\xfb3\x01\x27\x1e\xe1\xdd\xe6f\x9d\xb3\x2a\xdb\x8c\xfc\xbbQ.ALBM\x00\x00\x00b\xdbg\x0c\xb6\xce\x0e\x06\x1d\xde\x22\x06\xb9\x0e\x8a7\x05\x26\x8d\x5b\x7e\x3ea\xfbG\x25\xb7\x9e\xc9\x24\xf7\xb6\xa7\x18\xf2\xfa\x907\x89Z\xe3g\xdd\x3e\xa7\x9c\x9e\xd2\xef\xe0M\xc6P\xa6\x60?\x5c0o\x14tI\x99\xeb\xc0l\x95Yd?\xe5\x06\xf7A\x19\xc7\xa6\xc8\xd5\xc6\x94H\xae\xf4\xc7\x89\xbb\x2c\xfe\xeac\xf0\x97\xb2\xe2\xd1\xb1\x06\xd5pALBM\x00\x00\x00\x17\xa3\xcc\x0b\x90\xad\xa8\x15\xb1y\xdb\x24V\xfb\x14\xd2.\x17D\x2d\x2c\xd0\x02\x13ARTS\x00\x00\x00s\xcf\x9a\xdb\xeb\xb2\x1e\x0f\x2c\x85\xa3\x99\xb5J\xbaSKQ\xba\x9a\xd5\xed\xe3\xa2\x9e\x2b\xad\xae\xb94\x3e\x7c\xb5a\xac\x1bI\x3b\xf8\x0d\x07\xac\xe4\x01f\xacA\xf48\x87\x82\x29\xa8\xa6\xb3\x05j\x8f\xb8\xbf\xcc \x97\xa0\xadq\xfa T\xfb\xe5\xdc\xc6Z\x3cW\xf2\xe4\x5b\xf9f\x5f\xd6W\xfc\xf9Q\x06\x60\x03\x80\x40\xab\xaa\x0b\xdc\xea\xe8bN\xaeR9\x7d\xc4:A\xc7L\xbd\xfeBF\xcd\xcf\xadvO\xf9c\xff\xf0\x7b\xf9P\xbf\x99\x90ALBM\x00\x00\x00\x0e\xfa\x9e\xe4!iR\x1e\xac\xff\xfb\xb8\xc5\xeb\xf5ALBM\x00\x00\x00m\xf0x\x9a9\xb1i:om\x29\x40K\x9c\xfb40\x3e\x1au\x81\xfbOji\x2a2\xa9\xd8\xe2\x98\x17\xdb4\x8b\x19Nu\xe8\xec\x28v\x5c0\x3d\xcf\xdd\x16Sk\x23\x83P\x5ctASl\x27\x97\x98\xd8\x22\xafu\x94J\xee\xb0\xe8\x8c\x7e\x3e\x82\xab\x7d\x8aA\x7b\x0e\xa8!\x5dk\x60.7\xd1\x17C\xf8\xe7\x40\xf8\xf9E\xb7\x82\x13\xe1\xcf\xc4\x3e\x9c\x9a\xcc\xe0z\xa7\xf9\xdbh7\xb3YNe\x2a\x8d\x9f1Q\x26\x7f</data></write>
    <read><delim>\x0a</delim><match><data>Title: \x7c\xde\xd2\x7e\xfb\x5f\xdb\xa1\x5f\x0b\x89\x5cr\xf4\xab\xc7f\xf6\xff\x04\xb2\xab\x5c0\xf9\x60\xf9W\x04\xc2v\x14\xd1.\x8d\xe8\x5cr?\x06\x87\xf1\x5ct\xe1\x0c\x88\xf6\x9e\x1f\x3c\xc1\xb4f\xa2\x10\x3cx\x7b\xff\xdc\x0f\xa4\x9f\xacT\xc4:\xba\xd6\xb7\xfc\x5ej\x9a\x84O\xe9\x03\xf8\xd1\xa2\x7b\xecT\x8du\x87rG5ZXF\xb2x\xd6\xc4\x12\x40\x84\xcb\xb0\xbe\xff\xcc\xe9\x5ct\xd7\xc61\xb1\xdd\xf0\xd2\xbb\xd6c\xd17\x11Q\xa1Ja0\x7e\x98\x11M\x8a\xb1\x1a5\x94F\x2f8\x91Aa\xe8\x5c0\x9b\x28Z\x220\x1b\xf3K\xc588\xee:h\xcaa\x5c0\xc4\xa4\x10\x83\xad\xbf?x\xd3\x17\xfb\xe3V\x856\x01\xc7\xaaYN\x94\xd2\xa2\x81\x18\xdcz\xad\x9a\xa2\x5ct\x0a</data></match></read>
    <read><delim>\x0a</delim><match><data>Album: \xf0x\x9a9\xb1\xa0:om\x29\x40K\x9c\xfb40\x3e\x1au\x81\xfbOji\x2a2\xa9\xd8\xe2\x98\x17\xdb4\x8b\x19Nu\xe8\xec\x28v\x5c0\x3d\xcf\xdd\x16Sk\x23\x83P\x5ctASl\x27\x97\x98\xd8\x22\xafu\x94J\xee\xb0\xe8\x8c\x7e\x82\xab\xb6\x8aA\x7b\x0e\xa8!\x5dk\x60.7\xd1\x17C\xf8\xe7\x40\xf8\xf9E\xb7\x82\x13\xe17\xb3YNe\x2a\x8d\x9f1Q\x26\x0a</data></match></read>
    <read><delim>\x0a</delim><match><data>Artist: J\xbaSKQ\xba\x9a\xd5\xed\xe3\xa2\x9e\x2b\xad\xae\xb94\x3e\x7c\xb5a\xac\x1bI\x3b\xf8\x2b\x07\xac\xe4\x01f\xacA\xf48\x87\x82\x29\xa8\xa6\xb3\x05j\x8f\xb8\xbf\xcc \x97\xa0\xadq\xfa T\xfb\xe5\xdc\xc6Z\x3cW\xf2\xe4\x5b\xf9f\x5f\xd6W\xfc\xf9Q\x06\x60\x03\x80\x40\xab\xaa\x0b\xdc\xea\xe8bN\xaeR9\x7d\xc4:A\xc7L\xbd\xfeBF\xcd\xcf\xadvO\xf9c\xff\xf0\x7b\xf9P\xbf\x99\x90\x0a</data></match></read>
    <write><data>\x00\xffHDR\x05\x0c\x00\x00\x01XALBM\x00\x00\x008\x10\xcbk\xc3\xbb\x1b\xef\x1e\xc4C\x85\xeb\xf2\x9fG\xdf2\xa0\xd7\x5f\x5b\xa4\xc4\x5cb\xb0\x2f\x28\x2d\x3d\x3e\x9d\x05\x90\x0e\xb7ab\xaa\xd3\xc6\xe6\x90\xed\x7e?\x7e\x3e\xf7\x2dw\x05\xec\x5cbE\x2drARTS\x00\x00\x01\x10N4E\x3c\x1d\xee\x5cb\xb1\xe2\x2b\x85\x89X\x94\xc3\xa4onq\x85\xfemN\x5d\xaf\x40\x03\x27\x80\xac\xdbv\xa5\x01o\xb0\x7c\x5cb\x8f\x1a\xb8\x0bA\x8a\xbe\x93\xc1.\xa6\x1ds\x95\xcb\xf5\x1aO\x13\xc4\x2d\xbaI\x9a\xd9\xa7\x5c\x16\x82n\x8a\xcd\xbe\xd7\x2d\xea\xed\xc8g\x11\xf8\xb3\x3d\xdeoL\xdd.\x01u\xf3\x99\x14\xadU\x8b\x8a\x2fZ\x5c0f\xb0o\x3b\xd7\xa2\x86No\xd0\xe6\xb7S\x1e\x2c\xdf\x0c\x0b\xa9\xd0\xf8w\x1f9e\x26\xbdDI\xad\xb8\xec\x10\x1c\x1eGJ\x1cA\x7c\xe7\xb7\xb1\x7f</data></write>
    <read><delim>\x0a</delim><match><data>Album: \x10\xcbk\xc3\xbb\x1b\xef\x1e\xc4C\x85\xeb\xf2\x9fG\xdf2\xa0\xd7\x5f\x5b\xa4\xc4\x5cb\xb0\x2f\x28\x2d\x3d\x3e\x9d\x05\x90\x0e\xb7ab\xaa\xd3\xc6\xe6\x90\xed\x7f\x7e\xf7\x2dw\x05\xec\x5cbE\x2dr\x0a</data></match></read>
    <read><delim>\x0a</delim><match><data>Artist: N4E\x3c\x1d\xee\x5cb\xb1\xe2\x2b\x85\x89X\x94\xc3\xa4onq\x85\xfemN\x5d\xaf\x40\x03\x27\x80\xac\xdbv\xa5\x01o\xb0\x7c\x5cb\x8f\x1a\xb8\x0bA\x8a\xbe\x93\xc1.\xa6\x1ds\x95\xcb\xf5\x1aO\x13\xc4\x2d\xbaI\x9a\xd9\xa7\x5c\x16\x82n\x8a\xcd\xbe\xd7\x2d\xea\xed\xc8g\x11\xf8\xb3\x3d\xdeoL\xdd.\x01u\xf3\x99\x14\xadU\x8b\x8a\x2fZ\x5c0f\xb0o\x3b\xd7\xa2\x86No\xd0\xe6\xb7S\x1e\x2c\xdf\x0c\x0b\xa9\xd0\xf8w\x1f9e\x26\xbdDI\xad\xb8\xec\x10\x1c\x1eGJ\x1cA\x7c\xe7\xb7\xb1\x0a</data></match></read>
    <write><data>\x40\xbf\xfd\x5d\xe8\xdc\x5co\xe9\xcf\x04\xe5\xc9\x18\xad\x06q\xf2HDR\x05\x0c\x00\x00\x00\x5dARTS\x00\x00\x00\x18\xc5\x98\x87\xc1\x2d\xa5vF\x1b\xc7\xf7\x9b\x29\xf4\xb7\x96\xc4\xc7q\x24\x11\xaa\xa7\x2dARTS\x00\x00\x00\x19\x5e\xe6\xd9\x22\xa9\x81\x9c\x90\xca\x91\xffT0P\x8f\xe1N\xb0\xa3MqY\x3d\x053T\xc9TL\x00\x00\x003Jn\xfb\xc7\x91A\xa3\x91JgZ\xfbF\xf1\x18\xecSI\x5b\xbe\x06\x28L\xfb\x87\xdc\x11\xd7\x26Y\xc8\x25\x3e\x2aZ\x1e\x14\x60\x07\xe8\xfcs\xf5U\xe8\xf4\x81a\x26\xc1\x84\x7f</data></write>
    <read><delim>\x0a</delim><match><data>Title: Jn\xfb\xc7\x91A\xa3\x91JgZ\xfbF\xf1\x18\xecSI\x5b\xbe\x06\x28L\xfb\x87\xdc\x11\xd7\x26Y\xc8\x25\x3e\x2aZ\x1e\x14\x60\x07\xe8\xfcs\xf5U\xe8\xf4\x81a\x26\xc1\x84\x0a</data></match></read>
    <read><delim>\x0a</delim><match><data>Artist: \x5e\xe6\xd9\x22\xa9\x81\x9c\x90\xca\x91\xffT0P\x8f\xe1N\xb0\xa3MqY\x3d\x053\x0a</data></match></read>
    <write><data>\x10\xef\xd2fi\x8aHDR\x05\x0c\x00\x00\x00\x00\x7f</data></write>
    <write><data>\x10\xef\x2c\xd5Z\x83HDR\x05\x0c\x00\x00\x01\x2dALBM\x00\x00\x01\x12iz Q\x84\x19\xf0\xe2\x86\x98\x5e\xaf4An\x01\xf2\xce\xc4\xbdY\x11T\xf9\xafQl\x02\xfa\x5e\x5crE\xe55u\xb7\x0f\x84\x82\x5cb\x0b\xd8\x15\xa6\xf6F\xe8\x0b\xbahn\x94\xe6\x9a\xff\x03\x24\x85J\xca\x06\x9f\xd0R\xe3\xb4\xe3op\x074\xec\xdb\xa1a\x82y\xce7\xf92.\x40\xe5:L\x154\x26\x9eZ\xe97fCU6\xdc8\xf8?\xa2\xf7\xe0\x92B\xce\xcf\xec\xf9\xa2\x80\x96\x10Enm\x0b\x3e\xc8\x013\xbc\x27\x7d\xb1\x96q\x7e?\x12\xbcp\x60A\xdb\x1c\x15\xc2P\x27\xcb\x15\x1aaALBM\x00\x00\x00\x0bj\xbb\xed\xcd\x18\xc6PIu\x94z\x7f</data></write>
    <read><delim>\x0a</delim><match><data>Album: j\xbb\xed\xcd\x18\xc6PIu\x94z\x0a</data></match></read>
    <write><data>P\xaf\xc4\xac\xa9\xa5\xe6\xb2\x12\x1a\x996\xa9\xf3eR\x09\x8d\xcd\x15\x27\xccHDR\x05\x0c\x00\x00\x00jALBM\x00\x00\x00b\xc5\x15\xe00F\x95\x5c0\xcd\xa1\xb3\xbb\x06\x12x \xd9e\xaa?\xbe\x7d\xc2V \xc8W.\x3c\xa68A\x5ct\x2f\xb9\xdf\x2a\xbf\xc3\x7e\x3e\xb5\xd2\x11\x0c\xa6S\x22\x90\x909\x14\xcfS\xa48\x82\x3e!Y\x40J\xc3\xc4\x99\xfdTm\x5f\xc0\x15\x9e\xda\xd9mY\x97\x1e\x5crY\xf3\xa2\x3b\x9fZ\xd4\xb6\xc6\x07q\xb5\xc15\xde\x8a\xb0\x8c\x7f</data></write>
    <read><delim>\x0a</delim><match><data>Album: \xc5\x15\xe00F\x95\x5c0\xcd\xa1\xb3\xbb\x06\x12x \xd9e\xaa?\xbe\x7d\xc2V \xc8W.\x3c\xa68A\x5ct\x2f\xb9\xdf\x2a\x19\xc3\x7e\xb5\x92\x11\x0c\xa6S\x22\x90\x909\x14\xcfS\xa48\xf6\x3e\xf2Y\x40J\xc3\xc4\x99\xfdTm\x5f\xc0\x0b\x9e\xda\xd9mY\x97\x1e\x5crY\xf3\xa2\x3b\x9fZ\xd4\xb6\xc6\x07q\xb5\xc15\xde\x8a\xb0\x8c\x0a</data></match></read>
    <write><data>\x10\xef\xd2fi\x8aHDR\x05\x0c\x00\x00\x00\x00\x7f</data></write>
    <write><data> \xdf\xdfS\xe3\x99W\x82X\x17HDR\x05\x0c\x00\x00\x02lARTS\x00\x00\x25\x1ex\xd1C\xd3\x9d\xa8\x5cn\xcc\x3d\xd3\x2a\xdeL\xb29\x24\x06\x12\x9e\xc91\xbbB\xfe\x17\xaf\x8b\x5cn\x60Z?\xe7\xef\xfe9n\xba\x02n\xa2m\xa4\x80\x28\x12\x8b\x01\x93\x25\x22\x0e\x97\x94.\xbf\xf2\xd4m\x83\x89\xb6\x94\x85\xe1\x7b\x3bv\xd3\xf1\x2a\x91E\x07\xc9\x95\x91X\x99\xf7\x83\xcd\x25qd\xd3Rl\x82\x3dA\xddX\xa3\xa4\x90\xfe\x83\x8d\xb7\x9b\xb6U\xb8\xe3NG\xefN\x7c\xcd\x5cb\xcf\xae\x93\xe4\x88\xc0\x0c2t\xf7\x24\x13\x7c\xe1\x3ckl\xa2\xb8\xf54\xa4m\x3dG\xbd\x2d3\x8a\x03\xe8\x3c\x3e\xe8\xce8J\xc0x7\xb7\xe3\xed\xf7ALBM\x00\x00\x01\x3e\xafQxR\xa3\x2a\xe2\xce\x8fz\xda.e\xcf\x15\xde\xb0\xccP\x15\xde\xa0\x84\x13\x9bvv\xb2\xf22\xd9\xcdv\xec\x8c\x28\xe4b\xadK\x1e\xbc:\x81\x8c\x5c\x5c\x1fr\xcb\x9a\xb2V\x83:\x17\xd7\xbe\x5cb\x8e\xc1\xe9\x01\x02\x24\x2c\x1d\xfda\x81\x83\xd3\xc9\xa9\xe2\x1d\x88\x89\x04\xablw\xafa\x7e\x3e\x7c\xcf\x5cn\x13!\xb7\x87\xb3n \xaaK\x97\x0f\xb5\xcde\x84\x0fi\xb9\xae\xc5\x24\xbcQ\xaa\x01\x5c0\x27\xe7\x16X\x8c\x7e?\x8c\xb6\xed\x5c\x023\xc0L\x0b\xeb\x05\xea\x8d\x16\x7c\xe9\x93\x11\x5cb:P\xb7\xe5\xb2\x16\xd0\x81\x9c\x13t\x01r \x94\x5e0\x5ct\xd4\xa0\xa5\xd0\xc0\xe4\x98\x96\x8d\x92\xb6p\x9c\x9d5\x24\xd1\x1eC\x80j!\x88\xca\xd5\xb0\x0b\xd8\xd3lo\xa8\xb6\xb2\x1c\x94\x7f</data></write>
    <read><delim>\x0a</delim><match><data>Album: \xafQxR\xa3\x2a\xe2\xce\x8fz\xda.e\xcf\x15\xde\xb0\xccP\x15\xde\xa0\x84\x13\x9bvv\xb2\xf22\xd9\xcdv\xec\x8c\x28\xe4b\xadK\x1e\xbc:\x81\x8c\x5cr\x1fr\xcb\x9a\xb2V\x83:\x17\xd7\xbe\x5cb\x8e\xc1\xe9\x01\xd3\xc9\xa9\xe2\x1d\x88\x89\x04\xablw\xafa\x7e\x7c\xcf\x5cn\x13!\xb7\x87\xb3n \xaaK\x97\x0f\xb5\xcde\x84\x0fi\xb9\xae\xc5\x24\xbcQ\xaa\x01\x5c0\x27\xe7\x16X\x8c\x7f\x8c\xb6\xed\x5c\x023\xc0L\x0b\xeb\x05\xea\x8d\x16\x7c\xe9\x93\x11\x5cb:P\xb7\xe5\xb2\x16\xd0\x81\x9c\x13t\x01r \x94\x5e0\x5ct\xd4\xa0\xa5\xd0\xc0\xe4\x98\x96\x8d\x92\xb6p\x9c\x9d5\x24\xd1\x1eC\x80j!\x88\xca\xd5\xb0\x0b\xd8\xd3lo\xa8\xb6\xb2\x1c\x94\x0a</data></match></read>
    <read><delim>\x0a</delim><match><data>Artist: x\xd1C\xd3\x9d\xa8\x5cn\xcc\x3d\xd3\x2a\xdeL\xb29\x24\x06\x12\x9e\xc91\xbbB\xfe\x17\xaf\x8b\x5cn\x60Z?\xe7\xef\xfe9n\xba\x02n\xa2m\xa4\x80\x28\x12\x8b\x01\x93\x25\x22\x0e\x97\x94.\xbf\xf2\xd4m\x83\x89\xb6\x94\x85\xe1\x7b\x3bv\xd3\xf1\x2a\x91E\x07\xc9\x95\x91X\x99\xf7\x83\xcd\x25qd\xd3Rl\x82\x3dA\xddX\xa3\xa4\x90\xfe\x83\x8d\xb7\x9b\xb6U\xb8\xe3NG\xefN\x7c\xcd\x5cb\xcf\xae\x93\xe4\x88\xc0\x0c2t\xf7\x24\x13\x7c\xe1\x3ckl\xa2\xb8\xf54\xa4m\x3dG\xbd\x2d3\x8a\x03\xe8\x3c\x3e\xe8\xce8J\xc0x7\xb7\xe3\xed\xf7\x0a</data></match></read>
    <write><data>\x00\xffHDR\x05\x0c\x00\x00\x00\x00\x7f</data></write>
    <write><data> \xdf\xbf\x22Wa\xcd\x5d:VHDR\x05\x0c\x00\x00\x00\x00\x7f</data></write>
    <write><data>\x00\xffHDR\x05\x0c\x00\x00\x02uTITL\x00\x00\x00\x04\x9d\xc4\xab\x92ARTS\x00\x00\x01\x16\xa1\x26\x07\xdc\xa8\x7c.\x22\xe2\xd1\x5e\xefx\xb3\x93o\xeb\x5f\x5eJvd\xe8\x96\xcc\x12\x13\x01\xab\xf8\xe3\xf4\xdd6\x8fE\x7dt\x5f\xc9\x2bG\xe3C\x7d\xce\xe6\x19\xa0\x1e\x86\xee\x93\x0f\xa2qM\x82\xed\xe6\x7e?\xcb!\xdb\x2f\x0c\xc9K\xa7Jr\x19\x96\x27\xa7\x22\x7e?j\x9ap\xa3\xd4d\x0b\xa4\xfdW\x18\x5cbpCyz\xc8\x25H\x10\x7e?\xccQ\x28\x05\x87L\x2b\xfa\xbc\xf35\xc53\xc95ZS\x8f\xee\x87\x7e\x3e\x9a\x8cjKE\xdd\x5cb\xbf\xc7\xc0\x5c\xd4\x2a\x1c\xfam\x9d\xe0\xd7L\xbe\x92\x9e\xd4\xcb\xbct\xbe\x9cALBM\x00\x00\x01\x1f\x8f\xf5\x04\x26\xbfw\x8f\xfb\xca\xc9\xa1\xd7E2\x9eK \xc1\xe6?\x82 \xe7sRd7\x28\xe3\x5c0\x7c\x29\xf2\x5c\xcfj\x9f\x02\x5ctbT\x18\x40\xc5\x2a\xf1\xef\x606\xd9\x9c9\xf3\xf1\xac\x81\xd05\xe9\x7e\x3eOQ\xd2\xe2\xd3\x3e\x7c\xd3\xa8\xca\xc9\xd5q\x1b\x8f\xff\x1e\xed\x89\xd3l\x2d\x1a\x99\x84\xd7\x18:\x10\xd0A\xe3\x40n\xa4\x16\x95\xd05\x98\x8d\x5c0\xf6\xac\x5cbrf\x16\xbdSe8\x9c\xc0\xb2\xcfk\xb6\xb4\x24\xf8\xd1\x1b\xa5\xb6\xd7\xc8\xf7\x110\x28Lu\x5cB\xcf\x9a\x07\x5b\xbeB\xc0\x5cY\x60N\xfc\xf0\x9c\xb5\xc2dG\xc4\x88ARTS\x00\x00\x00\x1c\xb3\x2a\x81\x89\xf4\xea\xe0\x03\x5b\xcag\xf4A\xfe\xee\xd7\x02\xb7\xcd\xb9\x0c\xcd\xcf\x8b\xf1T\x8a\x2d\x7f</data></write>
    <read><delim>\x0a</delim><match><data>Title: \x9d\xc4\xab\x92\x0a</data></match></read>
    <read><delim>\x0a</delim><match><data>Album: \x8f\xf5\x04\x26\xbfw\x8f\xfb\xca\xc9\xa1\xd7E2\x9eK \xc1\xe6?\x82 \xe7sRd7\x28\xe3\x5c0\x7c\x29\xf2\x5c\xcfj\x9f\x02\x5ctbT\x18\x40\xc5\x2a\xf1\xef\x606\xd9\x9c9\xf3\xf1\xac\x81\xd05\xe9\x7eOQ\xd2\xe2\xd3\x3e\x7c\xd3\xa8\xca\xc9\xd5q\x1b\x8f\xff\x1e\xed\x89\xd3l\x2d\x1a\x99\x84\xd7\x18:\x10\xd0A\xe3\x40n\xa4\x16\x95\xd05\x98\x8d\x5c0\xf6\xac\x5cbrf\x16\xbdSe8\x9c\xc0\xb2\xcfk\xb6\xb4\x24\xf8\xd1\x1b\xa5\xb6\xd7\xc8\xf7\x110\x28Lu\x5cB\xcf\x9a\x07\x5b\xbeB\xc0\x5cY\x60N\xfc\xf0\x9c\xb5\xc2dG\xc4\x88\x0a</data></match></read>
    <read><delim>\x0a</delim><match><data>Artist: \xb3\x2a\x81\x89\xf4\xea\xe0\x03\x5b\xcag\xf4A\xfe\xee\xd7\x02\xb7\xcd\xb9\x0c\xcd\xcf\x8b\xf1T\x8a\x2d\x0a</data></match></read>
    <write><data>p\x8f2\xceq\x40\xb3\xf0\x1b\x3b\xf9\xa6\x26l\xe7\xd67\x3e\xdb\x15\x98\xc8\x9e\xd6w\x7d\xa4W\x5f\xccHDR\x05\x0c\x00\x00\x02JTITL\x00\x00\x00UbK\x92\x8ct\xc4\xde\xbf\xac\x17\x07\xefz\x0b\x8a\xbc\xeb\xf4kU\x5b\x3b\xe2m\xa1\x9f\x2c\x8a\x2c\xa2\x9ag\xb2\xbae\xd9\xea\xa8\xdcz\xae\xd8\x7ds\x27\x01\xe4\x22\x2f\xf7\x99\xcb\xd5\x1a.?P\xf5\xd0\xe0\x5c0\xf9\xf1\xd6xKp\xc3\x5ex\xe6\x14\x84EcQ\xbccx\x07\x1a\xd0h\xc0ARTS\x00\x00\x00\x19\x40Y\x96\x125\x5cb\x26\x0e\x2a\x93pX\x96\x2bT\x9d\xafh\x5f4\xe9\x93\xd1\xb9TITL\x00\x00\x01Dgf\x5cb5\x84\xe3wir\xe8\xff\x5e\xe6\xe7\xc81\x9b\x5b\x83j\xe0J\xc3\xffs\xc1\xeaT\xec\xb05u lR9\x0b\x86\xb3\xc4\xa9\x134D\xc3f\xa93\xb0\xf5\x06\x028\x9a\x1a\xb8\x9a\x5c0\xaa\xe2\x94\xad\xcf8\x93\xf4d\xe4\x5cr\x823!\xf5\x25\xbe\xfb\xd6\x05\xfeZ\xa5\xc6\x9dH\xbbl0\xf6\xe5H\x11\x5d\x81\x16\xd7\xab\xe9q\x87\x26\x25\xd2y\xf1\xea\x5d\xda\x7e?Q\x01\x40\xfd\xack\xb8\x5ctS\x5f?0\xb9\xc2w7\x5e\xb8\xc2\x91o\x9aDG\x11f\xe3\x83Yt\xd1x\xde\xf9\x15\xa2\xb8\x01s\x9d\x1cX\x1f\xfd\xee\x80Oz\xd2\x9e\x5cBc\xb3\xff\xc1\xcd\x5f\xdePK\x93\x2dg\x11\xf8F\x5d\xb6\xe3\x2a\x86\x03E\x16\x9d\xdfj\xf7\xe1\x82\xba\x8f\x2fE\xc3A\xdf\x1a\x14\x60\x7e\x3e\x2fx\x93 \xe0\x26\x5ct\x962\x40\xb7\xc8H\x81i\xdc\xe6\xb4\x84\x7f</data></write>
    <read><delim>\x0a</delim><match><data>Title: gf\x5cbm\x84\xe3wir\xe8\xff\x5e\xe6\xe7\xc81\x9b\x5b\x83j\xe0J\xc3\xffs\xc1\xeaT\xec\xb05u lR9\x0b\x86\xb3\xa7\xa9\x134D\xc3f\xa93\xb0\xf5\x06l8R\x1a\xb8\x9a\x5c0\xaa\xe2\x94\xad\xcf8\x93\xf4d\xe4\x5cr\x823!\xf5\x96\xbe\xfb\xd6\x05\xfeZ\xa5\x01\x40\xfd\xack\xb8\x5ctS\x5f?0\xb9\xc2w7\x5e\xb8\xc2\x91o\x04DG\x11f\xe3\x0fYt\xd1x\xde\xf9\x15\xa2\xb8\x01s\x9d\xc8X\x1f\xfd\x9bEOz\xd2\x9e\x5cPc\xb3\xff\xc1\xcd\x5f\xdePK\x93\x2dg\x11\xf8F\x5d\xb6\xe3\x2a\x86\x03E\x16\x9d\xdfj\xf7\xe1\x82\xba\x8f\x2fE\xc3A\xdf\x1a\x14\x60\x7e\x2fx\x93 \xe0\x26\x5ct\x962\x40\xb7\x92H\x81i\xdc\xe6\xb4\x84\x0a</data></match></read>
    <read><delim>\x0a</delim><match><data>Artist: \x40Y\x96\x125\x5cb\x26\x0e\x2a\x93pX\x96\x2bT\x9d\xafh\x5f4\xe9\x93\xd1\xb9\x0a</data></match></read>
    <write><data>p\x8f\xd5\x910\xf4\xa8J\xa8N\x23\xdak\xc1\x86:\xd4\x03\xcd3\xddA\x8e5\xeb\xe3L\x8bo\x18HDR\x05\x0c\x00\x00\x08BALBM\x00\x00\x01\x06\xca\x05\x9523\x19\xd6\x15\xf4\xa0\x2c\x2d\xff\x0b\xf6\xa9u\x2d\xd7\xaa\xfd\xfd\x5cbW\xe8\x85\x1c\x5c0c\x0e\x3d\x04\x87\x9a\xf5:\x5c0\xa0\xa9n\x1d\x9b\x2fT\xc9\x86\x2f\x99\xf0B\x9f\xf0\xd3?\x0f\xe6\x17\xb2\xb4P\x5d\xfb\xfb\x8eae\xae\xe0q\x22\xecO\xf6\xdeB\xa2\x9f\xf4U\xc7E\x8e\x06\x93\x3cO\xcd\x5cn\xb9\xfd\x18wxN\xdd\x05\x8e\x5c0\xd7I\xaaT\xaf\xf6O\x7dN\x10\x02\xc6q\xf3\x80\xf6\xa6\x8d\x97H\x60\xd1\xfc\xf2\x98\xf6\xbb\xf8\xa6x\x5cbU\xeb\xde\xaf\x3b\xf9\x2c\x8e\x1dr\x02\xe4p\xaf\x3c\xfe\xea\xba\xfdE\x17TITL\x00\x00\x01\x28\xe1\x07\x1d\xa1\xc1\x5d\x7e\x3e\xf0\xcbgT\xf3\xf6U\x7c\xad\xe6\xf3\xad\xe0\xbc\x29\x5b\x5f\xf1b\xbe\xd6\xa8\xca\x88M\xfd\xe4J\xfb\x9c\x0b\x06\xb3\x1daY\x2f\xdd\xc3G\x5c\x9b\xe7\x97.xt\x94\x7b\x5eyF\x3bjFcZZ\x5e\x83\xe9U\xc3x\xfc\xfe\xd0M\x1a\x97\x24S\x9358\xfb\x87\xb0\x92\x5c0\x1bY\xc7\x5cn\x27\xcd\xb3\x84\xee\xe0\x9a\xfa\x25?\xa1\xf2k\xd3\x05\xa6\x3bx\x92h\xce\x2a\xa9\x86O\xfa\xdd\xb8RLY\x3b\xf6R\x9f\xdc\x81\xd0\x80\x1c\x85.\x7b\xc2\x2cVn\x5ck\xd3\x12\xbeyr\xeb\xba\x5c\x3b\xb6\xd3\x27\x0f\x86K\x11g\xa1\xee\xac\x91\x9e\x2c\x5e\x15j\x9e6\x2d\xdekg\x25\xe2\x2b\xd2\x1e\xde6jxk\xfd\x7e\x3e\xdb\x0c\xd9\x87j\x90\x5cto\xe5ALBM\x00\x00\x009\xf31\xf5\xb9\x91\x82F\x8b\xcc\xf5\x8b\xcc\xd4\x40S\x1e.\xe9\x82\x0b\x2f\x10\x9a\x5e\x1c\x1a\xc0\xcd\xd0\xaf\xb7\x1a\xe8\x92\x03m\xd5\x26\xc9xb\x1d\xac\x12\x01\x92v\xc7\x01M\xc7\xf5\xb9\xd5\xf4\xd6aAR\x81S\x00\x00\x00EC\xc2\xec\x25\xd2\x26\xf5\xbb \x90\xdfyh\xc3\xf5\x7d\x94\x8a\xc4\x2c\x3cg\x1bp\x1b\xb5LY?\xb1\x9dk\x8eo\x1c\x0fj\xd7\xf0z\x94\xdd\x7e\x3e\xb4\x9a\xee\x26\x11\xe2\xa2I\xe3a\xb0\xdd\x8c\x81\xcfk \xeb\xcf\xc4\xb2l\x8a\xcbL\xd4\x3e\xd3\x041\x9c\x9b\x9e\xf3\xc2\xd2\xb5\x83\xe6\x9c\x3b\x80\xe9\x8f\xf13Z\x3b\x2d\x81\x7e?\xaa\xf1eALBM\x00\x00\x006\xa1\xc6\xd2\xd4\xb9m\xa3\x2a\xc6\x5cn\x8eW\xbb\x5e\xc6\xd3B\x8e\xf6\xac\x25r\x5cb\xfe\x2b\x16\x2as\xa1dU:\xfe5N\xfaPk\xbd\x9f\xb3z\xe8\x3b\x22\x17\xb2\x7e?w\x9e\xb7\xc0ART\x2c\x00\x00\x00U\xa4\xef\xd9\xb5\xba\xd2\x16\x7b\x5bL\xae\xc6\xb6\x92\x10Ce\xd7\xfe\xaa\x7dG\x3c\x5f?w\x60\x95\xee\x88cv\x13V\x9bs\x91\x07Q\x24\x8br\x9ch\xe5:\xf9\x9eDX\x9f\xacv\x5f\x2bF3\x17H\xa7\xeeb\xd4\xe7\xa3odl\x10\x04\xbb\xe8\x9fup\xe2\x8b\xa4\xc2\x5c0Os\x13\xe0ARTS\x00\x00\x01\x26\xe4\xcd\xdb\x88V\x0c\xdbF\xb2\xbbU\xec\xfa\xc4\xe3\x10\xe89\xa0\x2d!\x1b\x60t\x06\x94\xd3\xf6\xf80 \x7e\x3ee\x05\x2b\x12\x05cR\xe2\x04\x19\x1c\xaf\xf4\x82YVC \xc4\x5c\xc9\x17\xb5\xe5\x17I\xe0\xc5\xd6\x88b\xb7\xc2\x1d\xde\xd9\xb4N\x01\x82\x80\xea\xac\xaa\x29\x3b\xe1\x26\xcf\xc5\x14\x3c\xfc\x3e\xf2?\xa4T\xc6\xf6\x2aCQQ\xe3\xf7\xc4\x16z\x83\x11\x5cr\x22G\x9c\x2f\x3b\xccc\xe4\x2f\xbb\x3b\x5b\xedx\xe3\x98\xe6.\x8c\x1e\x9a\x96\x2f\x05\xb9\x07\xbc\xc0\xb4\x8c\x9d\xe2Z\x12\x5ct\x98NS\xaf\xb14\x98\x82\xf0\x85c\x03\x84D.\xc3\xe3\x7e?\xa2d\xdb\xff\x8e\xa3\x7e?\x5e5\xea\xa61\x81\x252\x80\xbb\x18\xb0\xe7\x16\xcf\xaa\xa3\x9f\x8fln\x8b\xd0\x98\x5d\xa4\x9enARTS\x00\x00\x00cF\x9ab\x8bj\x11\x2d\xef\x7bT:A\xacDe\xd3\xb3\x0e\x02\x1c\x7c\x8c4\x26m\xad\xabo\x3e\x23\xfbE\xbcu\xd3\xa6\xbe\x7b\x97T\x16\xf0c\x22\xbc\xcc\xf6\x94\xe1\xe1a\x1c\xef\x7e?\x96\xad\xd2ey\xe0\x88h\xa5\xd4\xc5\x9cZ:\xeeib\xc7\xf9\xa8\xcca\xa1\x06\xf8\x89\xbf\xa2\x0a\x8f\x3e\x18Tgv\xd54\xd0:\xa8\x83\x81\xdf\x83\xbc\xfc\x27\x8f\xf9M\x92vx\xad9\xafj\x0b\xd2\xaaA\x80\x91\x5b!\x96\xf12\x85\x11\x9cY\xb9TITL\x00\x00\x00\x11\x2cX\xb1\x9aQ\x27K\x19\x1e9Ot\xffq\xc4P\x2cTITL\x00\x00\x01\x0bc\x01\xdb\xd7O\xaam\xe9J\x9c\xf4kA\xddO\xbf\xe8b\xcc\x88\xf5\xebu\x83\x3e\x8b\xb35L\xa8C\xdco\x80p\xc0D\xd7\xe6G\x1c\xe8\xaf\x88\x9a?\xf4\x9d\x5f\xad\x9c\xdd\x9c\x98\x8e\xa2\x11\xd1\xe6\x29\x5e\xa3\xf5\xac\xb4\xec\x9f\x9fI\x23\xebS\xed\xf5\x87\x28\xd6n9\x5f\xd7\x29\xd8l\xc9\x03y\xe7W\x06\x0e\xa0\x11\x8b\x27\xe3\x03\x5d\x10\x5e\xed\x17\xf6ZH\x97\x91Y\x23\x0c\xca\x89VV\xfd\xb2\xf8\x8e\xa9\x23p\xc8\xcf\x5ct\xbf\xa1Wh\x02\xd7E\xbc\xad\x29X\xd8\xfcv\x7f</data></write>
    <read><delim>\x0a</delim><match><data>Title: c\x01\xdb\xd7O\xaamZJ\x9c\xf4kA\x11O\xbf\xe8b\xcc\x88\xf5\xebu\x83\x3e\x8b\xb3\xbfL\xa8C\xdco\x80p\xc0D\xd7\xe6G\x1c\xe8\xaf\x88\x9a?\xf4\x9d\x5f\xad\x9c\xdd\x9c\x98\x8e\xa2\x11\xd1\xc7\x29\x5e\xa3\xf5\xac\xb4\xec\x9f\x9fI\x23\xebS\xed\xf5\x87\x28\xd6n9\x5f\xd7\x29\xd8l\xc9\x03y\xe7W\x06\x0e\xa0\x11\x8b\x27\xe3\x03\x5d\x10\x5e\xed\x17UZH\x97\x91\x8d\x23\xad\xca\x89VV\xfd\xb2\xf8\x8e\xa9\x23\x26\xc8\xcf\x5ct\xbf\xa1Wh\x02\xd7E\xbc\xad\x29X\xd8\xfcv\x0a</data></match></read>
    <read><delim>\x0a</delim><match><data>Album: \xa1\xc6\xd2\xd4\xb9m\xa3\x2a\xc6\x5cn\x8eW\xbb\x5e\xc6\xd3B\x8e\xf6\xac\x25r\x5cb\xfe\x2b\x16\x2as\xa1dU:\xfe5N\xfaP\xdf\xbd\x9fAz\xe8\x3b\x84\x17\xb2\x7fw\x9e\xb7\xc0\x0a</data></match></read>
    <read><delim>\x0a</delim><match><data>Artist: F\x5cb\x8bj\x11\x2d\xef\x7bT:A\xacDe\xd3\xb3\x0e\x02\x1c\x7c\x8c4\x26m\xad\xabo\x3e\x23\xfbE\xbcu\xd3\xa6\xbe\x7b\x97T\x16\xf0c\x22\xbc\xcc\xf6\x94\xe1\xe1a\x1c\xef\x7f\x96\xad\xd2ey\xe0\x88h\xa5\xd4\xc5\x9cZ\xf2\xeeOb\xf0\xf9\xa8\xcca\xa1\x06\xf8\x899\xafj\x0b\xd2\xaaA\x80\x91\x5b!\x96\xf12\x85\x11\x9cY\xb9\x0a</data></match></read>
    <write><data>\x40\xbf\x8ayK\xae\x9dV\xe5\x82\x5ePe\x01\xb2\xc8\xb9\xe8HDR\x05\x0c\x00\x00\x02\x17ARTS\x00\x00\x00z\xe1e\xde\x5d\xcd\x28.\x83\x8a\x0b\xc8M4k\x19tZ\xc0\xa1\xa0C\xa6\x2c\x95\x10\x93\x95\x3c\xb0\xb8r\x90\x8dP\xd5\x87\xb1hP:\xbc\x87Vu\xecs\x2a4\xc2N\xd2\x60j\x3c\xfc\xec\x16p\xb8\xa3\x22\xd1\x1e\xab\xe0\xc6\xbf\xdd\x0e\xa0\x5cn\xb5\x98\x9d\x01\x18\xd0\x9ba\xcb\xda\x06\x0c0\xb9u\xd3\xd3\xd4\xc1\xb2\xfd\xe4\xbb\xbc\xecUD\x2d0C\xda!\x7e\x3e\xca\xdc8\xac\xc4\x5c \xb7\xf5\x1d\x5cb\xa0\x7b\xcc\x07\x93ALBM\x00\x00\x01\x0d\xa7\x80?\xbf\xba\xc2u\xd5\x9a\xed\xcf\x97\xf2e\xd9\x02\xa1\x8dbu\x8b\xbe!\x10\x8d\xfb\x8awD\xda\xfb\xc2m!\x93\x2a\x98\x28\x5e\xbe\x9d\xbd\xa2F\xb7q\x12Q\xcd\x93?\xa8\x86\xc5z\x93\xe7\xddSl\xa5\x2aL\xc3P\x1d\xa0\xca\xc3\x8727\xf6\xdd\xbbaf\x9a\xe6\xe0\xf0\xd7hI\xa0\xa1\x02\xd5\x8f\x5cb\x1adK\x1d\xbfe\x23q\x24\xad\x0d\x1b\x98\x1fV6\xc8\x1b\xe8\x10\x7bh\xbba\x0e:G\x5cn11\xd0\x5cn\x89p\x5f\xd5\x90\xa3\xd9\x2du\xaa\xed\xa5\x1c\x1cfe\xacd\x19i\xdf\x06\x25\x3c\x5c\xa1\x9e\x7e?\xe1qI\x1e\x7f</data></write>
    <read><delim>\x0a</delim><match><data>Album: \xa7\x80?\xbf\xba\xc2v\xd5\x9a\xed\xcf\x97\xf2\xa9\xd9\x02\xa1tbu\x8b\xbe!\x10\x8d\xfb\x8awD\xda\xfb\xc2\x1e!\x93\x2a\x98\x28\x5e\xbe\x9d\xbd\xa2F\xb7q\x12Q\xcd\x93?\xa8\x86\xc5z\x93\xe7\xddSl\xa5\x2aL\xc3P\x1d\xa0\xca\xc3\x8727\xf6\xdd\xbbaf\x9a\xe6\xe0\xf0\xd7h\xed\xa0\xa1\x02\xd5\x8f\x5cb\x1a\x1b\xe8\x10\x7bh\xbba\x0e:G\x5cn11\xd0\x5cn\x89p\x5f\xd5\x90\xa3\xd9\x2du\xaa\xed\xa5\x1c\x1cfe\xacd\x19i\xdf\x06\x25\x3c\x5c\xa1\x9e\x7f\xe1qI\x1e\x0a</data></match></read>
    <read><delim>\x0a</delim><match><data>Artist: \xe1e\xde\x5d\xcd\x28.\x83\x8a\x0b\xc8M4k\x19tZ\xc0\xa1\xa0C\xa6\x2c\x95\x10\x93\x95\x3c\xb0\xb8r\x90\x8dP\xd5\x87\xb1hP:\xbc\x87Vu\xecs\x2a4\xc2N\xd2\x60j\x3c\xfc\xec\x16p\xb8\xa3\x22\xd1\x1e\xab\xe0\xc6\xbf\xdd\x0e\xa0\x5cn\xb5\x98\x9d\x01\x18\xd0\x9ba\xcb\xda\x06\x0c0\xb9u\xd3\xd3\xd4\xc1r\xfd\xe4\xbb\xbc\xecUD\x2d0C\xda!\x7e\xca\xdc8\xac\xc4\x5c \xb7\xf5\x1d\x5cb\xa0\x7b\xcc\x07\x93\x0a</data></match></read>
    <write><data>\x40\xbf\x09\xc8\xb8\x1e\x3e\x89\x24\xf0\x9f\xd7\xdbZ\x08\xb6B2\xb7DR\x05\x0c\x00\x00\x060ARTS\x00\x00\x01\x2a\x03\xf9i\x5c\xaa\x15Z\x5cH\xc2\xe1j\xce\x88\xba7\xef\xdct\xe8\x8e\x5cr\x60\xc7\xd3\x0f0\xf7\xca\xcc\x3bv\x02\xd3\x9f\xfeA\x1d\xa8\xe6\xc08z\xf86W\xd4Y\x01\x1d\xd7\xdb\xaa\xb2\x9c\xbb\x9b\x9c\x2c\xf0\xe6\xec\xdb\xb6\x89FE\x18\x5b\xa8l\x5f\xb0\x5cnF:\x04\x2c\xc6D\x2d\xc6\xf8\x5b\x5ct\xa7h\xe1?2.\x82\x29\xae\x2bD\x2b\xe8O\xee\xe8o\xd4RI\x1a\x19\xb2\xe9\xcd\x7c\x13\x3bc\xfe6\x15\xd1\x60B\x90\x10\xb5\x04\xbc\xb1\x95\x14\x26\x891\xed\x93\xe4\x0fDF\xf5\xb3\x5f\x04\xc2\x18\xc5\xe5\xc1X\xb7U\xf5\x99\xf1fG\xce\xff\x2d\xc0U\x88\xf38\x5cn\x2f\x28 TITL\x00\x00\x01\x24\xd8\xf4\x14:!\xd0\xf0\x10\xac\xbf\x923\x5ctU\x19\xb8\x28\x89\xe9\x05Ro\x5c0\x1dF\x06\xd1\xda\xa4\xf4h\xb7\xd3\x2a\xd7\x25E\x93\x5e\xbb?5\xdb1\x0a\x3bF\xdcg2\x5bJ\x40\x92\x90\xa0\xff\xd5\x10\x89S\xcc\xae\xca\xa2\x10\xb7zn\xedf9\xc3\x16Y\x03\xa69\x2a\xf3MrZ\xb2\xe7\xc9\x892\xe0\xae\xef\xee\x9a\x9d\x8d\xdf\xa9\x94\xd4e\x2ca\xe7P\x1d9a\xd3\xe9\x7e?\xbbx\xe2\x2a\x3e.d\x2f\x0b\x2d\x27\xa2\x01\xf6\xc0\xd6\x0f\xf9\xb71\x1a\x27\x2c\x1f\x02\x14\x0b\x95Iy\x94p\xe4\x8f\x91\x07j\x40\xb5\x04\xc0\xca\xe2\x18\xb7\xeeb\xde\xb2Z\xacx\x0bYv\xa2\x98\xdd\xd7\xbd\x8a\x23\x7c\x18\xe5\xa6\xbf\x16ALBM\x00\x00\x003\xa6\x87\x9e\x8e.\x2c\x98\xaa\xced\x12\xf6\xb88o\x98M\x9f\xa3\xd0\x22pf\x5c0\x0e\xbcL\xb0L:8\x3eCt\xaf\x8f\x29z\xb1h \x7d\xa9\x04\xe0B\x28\x1f\x27\x97ALBMo\x00\x00x\x03\xbaY\xf3\x8fQ\xe0\xf1\xe4\xaa\x0e\x99\xc9\x5cntqa\xa4\xe2a\xe8\xae\x2ax\xf3\xd2\xe46G\x3cK\xf0\xbc\x3cly\xa9\x81\xfc\x8c\x01\x29B\xee\x19\x04\x7c\x25\xc1O\x10G\xeaUE\xff\xc1\x17\xcac\x98f\xab\x1b\x9ek\xff\x18\xe7\xa4\x24\xf1\x5cr\xe5\xe5\x8cq\x14\x5f\xb8H\x821\xa1Za\x5c\x0e\xbflr\x92\xba\xaed\x90\x7e\x3e\x5d\xa8\xc4\x2f\xe1M\xd9\x1eJ\x5f\xcc\xf9\x7e?:\x1d\xed\x5cn\x1c\x2f\xb8\x17\x8a\xea\xa0\x84Yy\x93\x28\x82\xc4\xa6KT\xc6\xdbTITL\x00\x00\x01\x02\x5c\x84\x83\x24\x04\xac\xf0\x88\xad\x9fE\xb5yPD2\x5c\x17S!\x82\x917\x60\x2d\xe2Yq\xd5\x16\xa3s7f\xa4\xbc\xb4\xc3\x15\x7e?\xb7\xba\xc5\x1e\xadh\xc6l\xaa\x26\xd3\x9a\xe0l\x2c\x06\x01Znw\xdcW7\xf5\xbc:\xadU\xe5\x14\xf4\x86\xdaT\xdex\xf6\x94\xccN\x5cnr\x29\xaa\x16O\x8b\x16\x89\xa5\xce\xa9\xdf\xfc\x9dr5Fg\x3b\xdb\xb9R27\xbepo\x2f7U\xb4n9\x5c\x3bhJ\x3b2\x1c\x84\x7dE\xd8\x5c0h\x10ALBM\x00\x00\x01\x05\x5f\x15\x60\x14\xcf\xce\x5ct\xdaXS\xcf\xcf0\xe0\xf7\x03\xffX\xe23h\xa6t\xa8\x9cb\xf4\x05\xd6\x85T\xc8Po\xb6\xf5\x92z\xee\x9c\x8c\xbd\x02\x5bi\xde!\x5c\xcb\xef\xf2\x1b\x84\x81\xb2\xa7\x81o\x17\xf7\xe6\xa9\x27\xd8o\xc7\x1c\x9dW\xf6x\x98lK\x99\x1fH\xcc\x5cn\xf2J\xa9s\xe9D\xcf\xf6\x8d\xd4IL\xa2.\x60\x90B\x16\xad\x2b\xef\x7b\x0bIZk\x1b\x16\xe6!o\x9c\x3d\x89\x01\xea\xf1\x8cn\xa9N\xe9\x7bCJt\x96\x82\xe28\xde\xb8\xb3Et\x27\xc2\xbd\xa1\x9a\x88Qg\x7c\x0e\xf85B\x7f</data></write>
    <read><delim>\x0a</delim><match><data>Title: \x5c\x84\x83\x24\x04\xac\xf0\x88\xad\x9fE\xb5yPD2\x5c\x17S!\x82\x917\x60\x2d\xe2Yq\xd5\x16\xa3s7f\xa4\xbc\xb4\xc3\x15\x7f\xb7\xba\xc5\x1e\xadh\xc9l\xaa\x26\xd3\x03\xe0l\x2c\x06\x01Znw\xa3W7\xf5\xbc:\xadU\xe5\x14\xf4\x86\xdaT\xdex\xf6\x94\xccN\x5cnr\x29\xaa\x16O\x8b\x16\x89\xa5\xce\xa9\xdf\xfc\x9dr5Fg\xb9\xdb\xb9R27\xbepo\x2f7U\xb4n9\x5cnhJ\x3b2\x1c\x84\x7dE\xd8\x5c0T\x10\x0a</data></match></read>
    <read><delim>\x0a</delim><match><data>Album: \x5f\x15\x60\x14\xcf\xce\x5ct\xdaXS\xcf\xcf0\xe0\xf7\x03\xffX\xe23h\xa6t\xa8\x8c\xbd\x02\x5bi\xde!\x5c\xcbj\xf2\x1b\x84\x81\xb2\xa7\x81o\x17\xb1\xe6\xa9\x27\xd8o\xc7\x1c\x9dW\xf6x\x98lK\x99\x1fH\xcc\x5cn\xf2J\xa9s\xe9\xfe\xcf\xf6\x8d\xd4IL\xa2.\x60\x90B\x16\xad\x2b\xef\x7b\x0bIZk\x1b\x16\xe6!o\x9c\x3d\x89\x01\xea\xf1\x8cn\xa9N\xe9\x7bCJt\x96\x82\xe28\xde\xb8\xb3Et\x27\xc2\xbd\xa1\x9a\xfdQg\x7c\x0e\xf85B\x0a</data></match></read>
    <read><delim>\x0a</delim><match><data>Artist: \x03\xf9i\x5c\xaa\x15Z\x5cH\xc2\xe1j\x8f\x88\xba7\xef\xdct\xe8\x8e\x5cr\x60\xc7\xd3\x0f0\xf7\xca\xcc\x3bv\x02\xd3\x9f\xfeA\x1d\xa8\xe6\xc08z\xf86W\xd4Y\x01\x1d\xd7\xdb\xaa\xb2\x9c\xbb\x9b\x9c\x2c\xf0\xe6\xec\xdb\xb6\x89FE\x18\x5b\xa8l\x5f\xb0\x5cn\xf8:\x04\x2c\xc6D\x2d\xc6\xf8\x5b\x5ct\xa7h\xe1?2.\x82\x29\xae\x2bD\x2b\xe8\x15\xee\xe8o\xd4RI\x1a\x19\xb2\xe9\xcd\x7c\x13\x3bc\xfe6\x15\xd1\x60B\x90\x10\xb5\x04\xbc\xb1\x95\x14\x26\x891\xed\x93\xe4\x0fDF\xf5\xb3\x5f\x04\xc2\x18\xc5\xe5\xc1X\xb7U\xf5\x99\xf1fG\xce\xff\x2d\xc0U\x88\xf38\x5cn\x2f\x28 \x0a</data></match></read>
    <write><data>\x00\xffHDR\x05\x0c\x00\x00\x04:ARTS\x00\x00\x00q\xb3\x1e\xb0\x8c\x97\x29\x11\x2b:\xaf\x80\x5f\x9b\xe6K\x5e\xd0M\x80US\x2cq\x82\x7d\x7dt\x5ct\x3d\x10\x25z\x99\x82.\xf8w\x5f?\xc2\xb2\x0e\xbb\x3d\xe5\x2d\x2c\xaa?\x1d\xa3j6\x3d\xaa\xdb\xf9\x7e?5\xe2iL\xf7\xc6\x2f\x9a\xb5\x28\xdb\xae\x13!8\x04Jr\x25\x1e\xbd\xaa\xfcaAM\x81\xaa\xd7\xf2\x16\xb3\xc5\xc2\x0ep\x01\x3c\xc4\x9c\xf8\x07\x3c\xa8\xe6\x9c\x8a\x8dx\xa3\xc8\x80\x0c\xf7TITL\x00\x00\x00Z\x04l\x27z4\x80z\xc6\x05\x25E\xe9\x1d\x06e\xc0\x7c\xa4R\x0b\x8f\x17\xd1\x9d\x82\xee\x1a\xf0\xce\x82\xe7\x26\x07\x5d\xe5\x8e\xd4\xd9\xb8\xde\x60\xc4\xdc?\xa4\xad\x85JnQ\xba\xa9\xdc\x1a\xcd\x7cp\x26\xa4\x94\xff\x24\x7d\xc78\xbb\xd2\x27\x3b\x9e\xac\xaeh\x11\xf59\xb8\xd2\x8d\x90n\xdd\x29a\x88\xe6\xd9\x9e\xf4\xc7ALBM\x00\x00\x01\x0eX\x25\x93\xf5P\xf1\x81\xdd\x9f\x87J8K\xc0\x2cp\x14\xa0\x06\xc5\xa4Y\xf2293\xf9\x27\x2f\xf0\xc3\xbd\xd9\x3d\x89E\xadJ\xb7\x2b\x14\x9f\x5c0V\x60\xe8\xf4\x03\xb8t\xb2\x84\x9f\x9a\x25\x7e\x3e\xd5\xf4\x91\xdd\xba\xb9\xb5m\xca\xb9f\x85\xb9\x2f\x0fBL\x25g\x94\xdc\x60\xc9\x9c\xc6\xe0\xd7w\x9c!\xd2\x87J \xbe\xc6\x5d:\xecz\x2d\xb2Cm\xcdoA\xca\xcb\xb3\xe0O\xf8\xe3\x2d\x22\x16\x1d\x29\x7e?\xb0\xc2Fm\xe1\xf0\xb7\xd2k\x5e\xb2\xe3RV\x1b\xbc\x5f\xb9.\xb84\x2d\xc7\xe1\x0cARTS\x00\x00\x00g\x05\x06\xef\xbd\x5bmB\xb5\x5ctJ\x2fi\x5d\x23\x3e\xe7\x26\x88\xa6\xb0\xbf\xde\x0b\xeb\xb8\xfe\xea\xf3\xaf\xa9\xb4 \xa1\xa10\xa7\x15\xb0\xd1\x28W\x7e\x3e\xb2\x15\x99\xae\xc6\x5dv\x87y\x5cb\xfc\x11\xb8\xef:\x96\xa4\x0c\xb2\xabW\xdb\x5b\xb3H\x18\xc5\x8a\x2a\xef\x85u\x9ar\x5e\x88\x5ct\xd1\xb0\xd8\x24\x82D\x02\xb6\xc3\xb6\xd0\xb2\x0f\xbcj.J\xd2\xc9\xe5\xf9ARTS\x00\x00\x00R\x9a\x7cL\xc1\x7e?\xcc\x40\xda\x22\x98\xd0\x3c\xe8\x8b\xbe\xde\x16\xaef\xc9\x1bU\x9d\x1eV\x9eJ\xad\x9e\xe2?\xe78\xb7P\x8f\xf2\xc4\x88\xdd\xea\xbdl\x5crm\x8c\xbf\xfax\x5bO\x7b\xa3\xc61\x29\x84\xc1\x29\x3e\xf3U\xfc:\xf5\x02\x8b\xf0\x9aW\xd2\x85\x2d\x1eW\x07\xb8\xa4\xee1\x29\x7f</data></write>
    <read><delim>\x0a</delim><match><data>Title: \x04l\x27z4\x80z\xc6\x05\x25E\xe9\x1d\x06e\xc0\x7c\xa4R\x0b\x8f\x17\xd1\x9d\x82\xee\x1a\xf0\xce\x82\xe7\x26\x07\x5d\xe5\x8e\xd4\xd9\xb8\xde\x60\xc4\xdc?\xa4\xad\x85JnQ\xba\xa9\xdc\x1a\xcd\x7cp\x26\xa4\x94\xff\x24\x7d\xc78\xbb\xd2\x27\x3b\x9e\xac\xaeh\x11\xf59\xb8\xd2\x8d\x90n\xdd\x29a\x88\xe6\xd9\x9e\xf4\xc7\x0a</data></match></read>
    <read><delim>\x0a</delim><match><data>Album: X\x25\x93\xf5P\xf1\x81\xdd\x9f\x87J8K\xc0\x2cp\x14\xa0\x06\xc5\xa4Y\xf2293\xf9\x27\x2f\xf0\xc3\xbd\xd9\x3d\x89E\xadJ\xb7\x2b\x14\x9f\x5c0V\x60\xe8\xf4\x03\xb8t\xb2\x84\x9f\x9a\x25\x7e\xd5\xf4\x91\xdd\xba\xb9\xb5m\xca\xb9f\x85\xb9\x2f\x0fBL\x25g\x94\xdc\x60\xc9\x9c\xc6\xe0\xd7w\x9c!\xd2\x87J \xbe\xc6\x5d:\xecz\x2d\xb2Cm\xcdoA\xca\xcb\xb3\xe0O\xf8\xe3\x2d\x22\x16\x1d\x29\x7f\xb0\xc2Fm\xe1\xf0\xb7\xd2k\x5e\xb2\xe3RV\x1b\xbc\x5f\xb9.\xb84\x2d\xc7\xe1\x0c\x0a</data></match></read>
    <read><delim>\x0a</delim><match><data>Artist: \x9a\x7cL\xc1\x7f\xcc\x40\xda\x22\x98\xd0\x3c\xe8\x8b\xbe\xde\x16\xaef\xc9\x1bU\x9d\x1eV\x9eJ\xad\x9e\xe2?\xe78\xb7P\x8f\xf2\xc4\x88\xdd\xea\xbdl\x5crm\x8c\xbf\xfax\x5bO\x7b\xa3\xc61\x29\x84\xc1\x29\x3e\xf3U\xfc:\xf5\x02\x8b\xf0\x9aW\xd2\x85\x2d\x1eW\x07\xb8\xa4\xee1\x29\x0a</data></match></read>
    <write><data>\x00\xffHDR\x05\x0c\x00\x00\x00\x00\x7f</data></write>
    <write><data> \xdf\xbbE\xf3\x97\x00\xbf\x85YHDR\x05\x0c\x00\x00\x11\x09TITL\x00\x00\x010Q\xeb\xf1\xb4\xe3\x12K\x8c\xc3\xc3\xb9\x5cr\xbe\x3e\x95\xc6\x25\xde\x852\xc1\xb7\x02\x7d\xba\xc0\xec\x27\xe5\x5c0\x98\xbf\xff\x8f\xaf\xa8\x26a\x94\xb6\x2c\x14\x9e8W\x97\xa2E3\xf2\xd8\xa0\x8cx\xb1\x12X\xba\x5d8\x40\x99F\xf6\x19\xb2\xe4\x7c\xe1\xf2\xfe\x7b\x80\x86\x5f\x13\x8d\x02\xd5A\x26\x1eF\x10hf\x8bZ\x23\xfe\xbd\xb6\x3c\xe4\xc11\x90W\xdf\x85\x89\xfd\x03x\xf1\xfb\x8dO\x02\x1f\xf6uO\xcds\x15\xcb\x84\x28\xca\x15ve\xfb\xe4I\x11\x29\xcby\x88\xf6\xfd\x1dfm\xady\xff\xca\xd9\xb6\xf8\xb97d\x5b9DIT\x3c\x22ds\xfc\x91\x0bO1\x15\xb9\x96c\x0c\x10d\x9d7\xde8Q\xb5\x26TITL\x00\x00\x01\x03\x3e\xba\x8c\x14G\x29\xbb2\xc9\x934\xf3\xd7\xb6T\xf5\x2c\xc7\xa7\xa6\x9d\xf2\x5eK\x0c\x14\x99\x2c0\x85\xa8\xf3\xf9\xfa\x16\xc4\x98\x29\xec\xcf2mp\x8e.\x5c\xf1\xed\xd2D!\x1d\x9f\x93n\x5b\x8a\x17F\x1e\xbd\xac\x87\x96o\x0e\xb2s\xf7\xb1\xea\x86\x40\x81\x13\x9b\x9c\xda\x26F\x5cS\x04\xda\xc9\x9f\x84\xe1\xb0\xd4\xee\xa3\xea\x1c\xdf\xa0\x91\x95\x2f\x02\x0e\xe9\xb9\x19\x92\xab.?\x88\x5e\xf4\xfb\x2cf\x8f\x27\x7e?ly\xf4\xb0\xa4\xcan\x05\xba\x17\x9a\x25xj\x3d\x95\x2cjC\x26\xe4aALBM\x00\x00\x00\x09\xa3L\xafg\xb9\xccH\xee5TITL\x00\x00\x00l\x03\xd4\xf6\xa5\x16\xd2\x7d\x80F\x06d\xbaJ\x5cn\x2f\x28\xc02\xcd\x5eZ\x14y\xb0\xeep\x10E\xef\x97\xcb3\xab\x7e\x3e\xb7\x88\x2d\x60\xfe\xc1\xe4?g\xb4\xb6\xf0\xa1F!\xea\xc9\xbf\x06\x5b\x28\x10NU\xa7\x7dW\xaebn\xc7\xa7\x9d!\xc7L\x0c\x8eZ\xe1\x99\xa4\x96\xd9?\xd2\x95\xe6\xe8\x2b\x8c\x9f\xda\xd1\xd6\xfb\xebD\xfab\x5b\xe2x\xe9\xe8\xd8\x01\x057\x28\x96\xc1\x81ALBM\x00\x00\x01\x01\x2d\xf9x.Q\x91c\x1b\xee\xd5\x97\xe5\xbf\x91\x13\x12\x17ef\x24\x5c1k6\x9fM\x60\xf7\xe3bh\x14\xf5\x2b\xb8\xa0\x07r\x95\x87\x97Vn\x2f\xa5\x109\x82\x5byn\xb1\xeb\x96\xae\xa3\xc5\x94PKO\xc4\xac\xf2\x1d\xfa\xa5c\xf2\xf3m\x906F\x1b\x29\x8c\x146\x1b\xc2evj.\x0cd\xab\x07\x2bc\x22\x1a\xcd\xe6W\xbez\xea\xd2\x1a\x99m\x60d\x99\xcc\x15\x3b\xdc:\xb5p\xb7\xeb\x9d\xc9\xdf\xde2\x99\x9b\xe0T\xe1:N\x028\x99s\x9b\xd4\xce\x92\x5cbARTS\x00\x00\x01\x23\x0bkJ7\xba\x5b\x5fo\x3e\xca\x60\xe5\x22hU\x22\x7d\xed\x9e\xb3\x90\x2b\x94\x2f\x7d\xad\xdc\x94\xea\x9f\x5b\xe9\x91\xc0\xe1\x1b\x01\x16\x97\xc2iNT\x5cn9.L\xfc\x5b\x40\xaf1\x3dmYx\xa9\xc1k\x9f\x1e\xc1U\xd5L\x13\xc8\xb1\xab\xb2x\xfe\x8a:\xd9A\xbb\xb2\xc3\xf3S\xe1BI3\xb9\x28\x5cr\xd1\xf4\xfd1\x12g\x9d\x2c\xee\x22\xd8\xcb\x7e?\x14\x1a\x03\xe3\xd5g\x29l\xd1FM\x5f\x85\xf1bLj\x8eX\x19ib\xa5Gq\x5cbi\xbc\x23\x8bS\xc6\xbd\xf5\xbd\xe5\xd7\xf2\xb6L\x8dU\x17\x3b\xe9\x8a\x5cn\xb0\xc4\xa0\x01\xc0Is\x82\x5cr1\x97\x5by\x1a\x1bv0\x0fARTS\x00\x00\x00\x08\xcc\xd9T\xdf\xd8v\xc6\xb3TITL\x00\x00\x01\x28\x7c\x83\x5er\xc5\x11tU6\xb4d\xb6\xf2\x99\xbd\xc9\x01\x9e\xfb\x83MP\xcd\x03\xa4\xbbi\xc7\x2d\x28\x04\x91\x25.\xbd\x9e\xe3\x95\x40\xa3\xc3ke\xe6\xa9\x846\xb8\xd5u\x8b\x5cnC\xa4\xb1\xcc\xea\x92A\xf8\xc4\x1fm\xbc\xd3\xf4V\xee\x5d\xaag\x05\x1d\x5eY\xe0S\xf9\x7e\x3e\x3e\xf6DMGwB\xd1\xe7\xc9\x1c\x5bC9\x2b\x12ie\xb1\x5cb\x9f\xde\xc0\xd7c\xc3\xd0\x1a\xbf\xc0\xc0\x2d\x9d\xf8D t\xe4\x95\x7e\x3e\x90\x06\xea\xfb\xc7\xc9\x04\x10\x11\x5cb\xa9\xbc\x3c\xb9\xf5\xc3!T\xf2X\xc0\xe0\x90\xc0\xf4\xd3B\x92\x2d0g\xf9\x9e\xfb\xee\xab:\x140A\xa1\x3e\xf0\xb3\xaa8ARTS\x00\x00\x01\x12\x88\x1b\xb2\xe5\xe9\x99\xcd\x98\x9e\x40!\xad\x1dV\x869\xeb\xc6\x05\xbeZ\x8f\x80Z\xc5\x28\x94\x16\x280\x10l\xf0\x86\xa8\xe1\x04\x8d \x23\xfa\xa5E\x05Q\x18\x87\xb2B\xb7N\xec\xfe\x29Q\x26\xd6\xc5\x9dZ\x23\x8bQL\xdb\xec\xdaW\xc7\x16\x98.\x049:\x3c\x9a2\x0b\x03\xb5\xa6u\x29\x60\xb26J\x8c\x07c\xf3\xf9\x2c\x5c\x14\x2a qr\xb4\xa3\xe5?\x12\x0f\xfaz\x93T\xe1\xa8\x7c\xca\xb7\xc5\x1b\x7b\xe0\xb3\x1e\xf0\xbd\xc1\x2b\xd6\xa7\x2d\x95c\xf4\x7e?\xa6\x5c\x08R\x87\x1a\x19\x0b\xc34\x86\x95Z\x28\xbe\xce\x2f\xa4F\xc5\xbf\x07ALBM\x00\x00\x015\x96\x29\x1b\x7e\x3e\xe8\x3b\xec\x5f\x0b\xd9\x837\xa0\xfc\xcd\xf2\x24\xf0\x2a\xd6N\xc8k\xdb\x8c\xdd\x9ajL\x95\x97\xd1\x0bp\x3b7\x18\x22b\xe6\xa6\xa1\xff\xebr\xabL\x2a\x0e\x94\xa2\x8b\xc2\x18\xd9\x85\x5cbR\x7bTp\x2d\x87d\xeb\xd5IT\xe9nw1zF\xb3s\x02N\xd4\xae\x02\x1f\xcb\x07F\xb9\xcf\x19\xbfW\x7d\x7e?\xed\xc3\xaf\xaf\x5cbAa\x02\x81\x85\x98\xfa\xfa\xc4\xb2\x00\xf5\x02\xd4\x8eP\xf2\x7e\x3e\xfeT\x06 t\x99J\x28\x9d\x14\x03\x94a \xa8\xeb\x8f\xef\xce\x1e\x1c5\xc1\x5c\xc3\xbf\xd1\xa1\xfd\x5bp\x2d\x3c\xe2!t\x94j\x40\x23\xc7y\xb8\x26\x26J\x5cb\xb5\xef\x3e\xcc\xa8\xbf\xadv\xef\x18\x5fM\x18\xfe\x40\xa8\xea\x7e\x3ezAc\xd4w\xc8TITL\x00\x00\x01\x1b\xdb\x3d\xe7\x87\x84\xc2\xc2!\x5c\xca\x02\x11\x90\x40\x96\x88\x91\x85B\x8f\xcc\xf3\x9b\xc3\xd3\x7b\xe8\x98F\x1c\x84\x1f\x9b\xe1e\x27\x28\x5cr\xd7\x9e\x7d\xb1\x29\x95\x8b\xd3i\xb1\xcdB\xf0RrK\xe6?q\xd44\xd3\xa7\xcdd\xe4\xd1K9\xac\xe5\xfa\xe3\xf0H\x9a\x97f\x82\x07\x9a\x11\xfdx7y\x8c\xae\x03\x8d\x0b\x5cy\xda\xd9Nh\x99kX\xd05\x3dh\x15\x15\xab\xfd\xc4 \x01QHs\x11\x06\x8f\xbd\x80K4\xce\x0c\x28\x1d\x15\xb4K\xb7\xb5\x02\xee\x13\xe2G\x5b\x96\xc3\xa9H\x02\xc0\x7e?\x07\xcd\x2cu\x83\xeba\xc7g\xc9X\xeczTITL\x00\x00\x00\x1c7\xc5\xe0F\x83\x0fy\xf9\xa9\xb4\x24\xe7\xe4\x991B\x8d:\x29\x01\xa4\xbc\x14\xe3\x0e\xc0\xcbr\xad\xf2\xcep\x84C\x7e?\xa6ARTS\x00\x00\x7cw:\x3c\xdf\xc5\x12\x9a\xdf\x1c\xca\x1e\xd1oI\xb1e\x23\xa7\xbd?\x2bH\x28\x19\x8dc\xa1\xf3\x15\x98\x2d\x93\x28\xf2\xd2\xb3\x2a\xd9\x2c\xb5\xf3\xec\x9c\x25R\x2b\x2a\xcd\xf7\xb1\x03\x81\x5c0\x5cn\xf7u\xa7\xc1\x9b\x9a\x3b\xf4\xe5k\xa2\xa0\xd2\xfb\x16v\xef\xea\xbe\x29\xd7\x7b\xe3\x3b\xd9\x99\xf47\xfd\xd2\x9a\x8d\x3d\x0b\xe45\x8aBGS\x11\xf4\xd5\x5f\xe6\xae\x98\xf8\xea\xd5\x10\xcc\x7e\x3e\xdb\x84\xa3\xe0\x7b\x0c\xd7\xa6\x93\x95rALBM\x00\x00\x01\x15\xa2c\x1bt\xf3\x03\x99\x98\x1c\x19\x7cJ\x03B\x0b\x0f\x28\x18\xa6\x23\x07\x1cp\x2cp\xff\xc9\x19\xe5\x06\x97\x24\x12s\x13\xd2\x88Z\x2a\xd7wA\xd6\x90\x8c\xa3\xc3\xb2\xe1\xbe\xb2\xa7\xb2\x81\xe4\x06\xb6\xe9\xca\x0cN7\x84\x86VI\x5e\xc2cL\x16S\xb8\x8c3\x1b\xc8eW\xdd\xf1C\xa8\xa3\xb9\xdf\xeb\xa7\x05\xd4\x2f\xef\x28\x07p\xfbM\xa2\xfd\xabTe\x8c\xde\xa5\x5ct\xcc\xd6\xb1\x5d\xbdpWz\x7e\x3e\x03\xf7\x7d\x8e\xcb\x19\xae!\xb7up\x22\x94\xed\x92\xecXb\xf5\x1a0\x81\xcd\x01\xf0E\x0e\x97\xd9\xfe\x9e\xe5\xce\xff\xf8\x0c\xe1oP\xb5GARTS\x00\x00\x00\x5bpl!\x85n\xae\x16\xa8\xb4\x8c\xdf\xc1n\x7e?\xbb\xdaK8\x93\xad\x99d\x5f\x9d1x\x5b\x5c\xc8\xa4\xe9\x8aI3\xca\xadB\x25\xfd\x9fY:\x27\xff\xeaR\xb5M\xf7\x10\xd5\x3b\x1aMF\xf1\x95J\x19\x17\x05I\xd4E\x07\xe7\xbf\xcabP8\xa5\x3dMA\x0f\xaa\xb7I\xf3mB\xaaW\x87W6 \x1c\xe7\xbdARTS\x00\x00\x002\xd1\x19\xec\x02\xd1\x2f\xc2\x17\xfd\x94\x94\xee\x7e?\xae\xdd\x94\xe8\xc6J\xeaL\xd2QLx?L\x8b\xf3Z\x8b\x17\x97\xa3U\xbb\x13\xc1\x8a\x8b\xd1\xe5\x3d\x29\x87U\xf2\x26w2ARTS\x00\x00\x00\x2d\xdf\x92\xa7\xa8\x5dA\xf3\xc6\x03\x93\x28\x12\x3bu\xbe\xc0\x85\xc3\xb1\x5c\xf4\x18\x94I\xe9\x7c\xccQ\x5f\xb7\xe5c\x15\xace\x85E\xde\x2b\x15N\xe7\xf6M\xc8\xdd\xf0eP\xb7\xad\xb9\x1fTITL\x00\x00\x01\x07\x8e\x91\xcc\xd4\xd3\x2d\xc1k\xcc\xac\x5f7\x18\xa1\x7c\x06R\x7e\x3e\xb0\xbc\x2c\x1b\x5foU\xd7\xbd\x5fu\x16\x5d\x96Gj\x86P\xca\x0b\x22i\x1d\xe7\xc9C\x5bY\x5f\xd7H\x11o\x0c\xfb\xec\x27\xb5\x23f\x26\xba\x5cbU\xd8\xe8\xe7o\x19\xcdRI\x2f\xd26\x7d\xf6\xcfT\x5ct\xf3\x8b\xbe\xaa\xa7\xfb\xc9\x85\xf7D\x3e\xc7\x26\x10\xcd\xa2\x82\xb3\x1f\x06\x25o?\x2a\xb4\xac\xd2\xfa\x03\x5ctkpm\x29\xfb\x3c\x7d\x40Q\x5eS\xe4\x95\x3d\xa3\x8b\x85.\x27\xf1\xe7\x25h\x1aALBM\x00\x00\x00\x2a\xc8\xc8\xbd\x8c\xb5\xa7\xe1\xd0\xd4\x28\x89\x60Q\xc52\xff\x8a3\x04G\x1dd\x88\xa0u\xb8\x26\x06.n\xecV\xf3\xb5\x1e\x85\x1b\x3b\xc9\x95\xa5\xfc\x7f</data></write>
    <read><delim>\x0a</delim><match><data>Title: \x8e\x91\xcc\xd4\xd3\x2d\xc1k\xcc\xac\x5f7\x18\xa1\x7c\x06R\x7e\xb0\xbc\x2c\x1b\x5foU\xd7\xbd\x5fu\x16\x5d\x96Gj\x86P\xca\x0b\x22i\x1d\xe7\xc9C\x5bY\x5f\xd7H\x11o\x0c\xfb\xec\x27\xb5\x23f\x26\xba\x5cbU\xd8\xe8\xe7o\x19\xcdRI\x2f\xd26\x7d\xf6\xcfT\x5ct\xf3\x8b\xbe\xaa\xa7\xfb\xc9\x85\xf7D\x3e\xc7\x26\x10\xcd\xa2\x82\xb3\x1f\x06\x25o?\x2a\xb4\xac\xd2\xfa\x03\x5ctkpm\xeb\xfb\x3c\x7d\x40Q\x5eS\xe4\x95\x3d\xa3\x8b\x85.\x27\xf1\xe7\x25h\x1a\x0a</data></match></read>
    <read><delim>\x0a</delim><match><data>Album: \xc8\xc8\xbd\x8c\xb5\xa7\xe1\xd0\xd4\x28\x89\x60Q\xc52\xff\x8a3\x04G\x1dd\x88\xa0u\xb8\x26\x06.n\xecV\xf3\xb5\x1e\x85\x1b\x3b\xc9\x95\xa5\xfc\x0a</data></match></read>
    <read><delim>\x0a</delim><match><data>Artist: \xdf\x92\xa7\xa8\x19A\xf3\xc6\x03\x93\x28\x12\x3bu\xbe\xc0\x85\xc3\xb1\x5c\x5f\xb7\xe5c\x15\xace\x85E\xde\x2b\x15N\xe7\xf6M\xc8\xdd\xf0eP\xb7\xad\xb9\x1f\x0a</data></match></read>
    <write><data>\x10\xef\x83\x25\xe9oHDR\x05\x0c\x00\x00\x02\x14ARTS\x00\x00\x00\x2d\x16\xcf\xd26\xfa\xb2\xd8c1\x9b\x0bx\x1a\xcb\xdf\xdcb\x82sW\x9a\xd6bJ\x01\xaf\xfcb4d\x13\x14Q\x5f\xec\xb6\xc9\x1a\x7e?\x18\xa9\x85\x12?\xf4ALBM\x00\x00\x00\x2avd\x8aG\x19\xb7\x606\x96Yq\x88h\x3b\x07\x92\xf18\xbe\xe5 o\xb4b\xfelpr\x14\xf9:?\xba\x8e\x2c\xa5J\x5ctw\xda\x27ARTS\x00\x00\x00Cc\x1ej\x06\x5cb\xd6\xb2e\x22\x88j\x2a\x7d\x876\xb1\x5f\x0c\x24\x23\xd8\xe6\x89J\x949\x01Hf\xac\xbdyA\x8afJ\xb0\xa6\xef\xb7Os\x14\xdd\xa4Y\xfa\xe2\x40\xcf\xc7J\x2fY\xe0\x952s\xe5G\x5d4\x93i\xc8\xe2ALBM\x00\x00\x00Z\x90\x06N\x5d\x8c\x3c7\x822\xd2\x94\xc5\x0f\xdd\xba\xfc\x2a\x5cr\x0b\xe2\x5ct\xe3h\x8f\xc7\x01:\xc0\x07A\xa0\xca\x94\xad\xbeD\xfc\xc5\xb1\x3d\xff\x8aV\xe9\x06\x40\xcd\xf1\x22\x25U\x042W\xba\x04\x04\x91.\x02eC\xfe\xee\x98\x9f.\xba\xc0\x06\xd2\x3b\xb7\xf0t\xa2\xcb\x94\xfb\xe9\x0c\xb8?1\x7b\xc6\x5c\xf6\xc5\x9c\xbd\x18\x7f</data></write>
    <read><delim>\x0a</delim><match><data>Album: \x90\x06N\x5d\x8c\x3c7\x822\xd2\x94\xc5\x0f\xdd\xba\xfc\x2a\x5cr\x0b\xe2\x5ct\xe3h\x8f\xc7\x01:\xc0\x07A\xa0\xca\x94\xad\xbeD\xfc\xc5\xb1\x3d\xff\x8aV\xe9\x06\x40\xcd\xf1\x22\x25U\x042W.\x02eC\xfe\xee\x98\x9f.\xba\xc0\x06\xd2\x3b\xb7\xf0t\xa2\xcb\x94\xfb\xe9\x0c\xb8?1\x7b\xc6\x5c\xf6\xc5\x9c\xbd\x18\x0a</data></match></read>
    <read><delim>\x0a</delim><match><data>Artist: c\x1ej\x06\x5cb\xd6\xb2e\x22\x88j\x2a\x7d\x876\xb1\x5f\x0c\x24\x23\xd8\xe6\x89J\x949\x01Hf\xac\xbdyA\x8afJ\xb0\xa6\xef\xb7Os\x14\xdd\xa4Y\xfa\xe2\x40\xcf\xc7J\x2fY\xe0\x952s\xe5G\x5d4\x93i\xc8\xe2\x0a</data></match></read>
    <write><data>P\xafa\xcc\x9eXN\x10\x8d\xd8.\xdb\x3c8\xb4r\x9a\xfa\xb6G\x9c\x87HDR\x05\x0c\x00\x00\x00\x00\x7f</data></write>
    <write><data>P\xafa\xcc\x9eXN\x10\x8d\xd8.\xdb\xaa8\xb4r\xe9\xfa\xb6G\x9c\x87HDR\x05\x8f\x00\x00\x00\x00\x7f</data></write>
    <write><data>\x60\x9f\x5b\xfa\x10\xdb\xb3P\xf3TN\xa1\x97\xc2\x28\x9a\xac\xe5\xe8S\x5d\xc3\x22\x0f\xcf\x3cHDR\x05\x0c\x00a\x01GARTS\x00\x00\x01?\x24\xd9\xb1Q\xea\x8fVl\xbe7\xc2\xfd\xd4\x2c\x85L\x82\xcd\x83\x19\x8f\xccy\xa0\xfc\xb1\xcb\xef\x0f\x16\xe5\x98\xfb\x22:OM\x26T\xba\xb4\xde\x9c\x7e\x3e\xde\xb8\x86\x80\xefV\x5c\xed\x16\x93\xcf\x18\xc5\xec\x83\xd2h\x93t\x92G\x8c\xa8a\x28\xfbjyR\x7d\x95\xaf\x2b\x8e\xa4\xc1\xbc\xa1\x22KJ\x99aB\x82\x02\xbb7\x01\x8c\xc7Z6i?B\xcb\x7e?\xc8\x60X\x11\xf7\x27kS\x5c\xdf\x3b\x91\x02wx\xe8?\xe0\xcc\x89\xbb\xeb\x00\xc6\x90\x062\xc0\xee\x05\x04\x1d\x5dM\x5d\x5ct\x0e\xc3\x2f\x5c0\xc0\xe4Yk\xe1\xe4\x7e\x3e\x80\xae\xccv\x27\xee\x97\x8br\x5c\x91\xcd\x8a\x19\xfe\x92\x3e\xd3\xe3\xc42\x1d\xbc6\xe2\xea\xcc\x7e?\x8cr\x5d\xdd\xd3\x98\x28q\xd6le\xd5\x7f</data></write>
    <read><delim>\x0a</delim><match><data>Artist: \x24\xd9\xb1Q\xea\x8fVl\xbe7B\xfd\xd4\x2c\x85L\x82\xcd\x12\x19\x8f\xccy\xa0\xfc\xb1\xcb\xef\x0f\x16\xe5\x98\xfb\x22:OM\x26\xff\xba\xb4\xde\x9c\x7e\xde\xb8\x86\x80\xefV\x5c\xed\x16\x93\xcf\x18\xc5\xec\x83\xd2h\x93t\x92G\x8c\xa8a\x28\xfbjyR\x7d\x95\xaf\x2b\x8e\xa4\xc1\xbc\xa1\x22HJ\x99aB\x82\x02\xbb7\x01\x8c\xc7Z6i?B\xcb\x7f\xc8\x60X\x11\xf7\x27kS\x5c\xdf\x0c\x91\x02\xb4x\xe8?\xe0\xcc\x89\xbb\xeb\xf8\xc6\x90\x062\xc0\xee\x05\x04\x1d\x5dM\x5d\x5ct\x0e\xc3\x2f\x5c0\xc0\xb4Yk\xe1\xe4\x7e\x80\xae\xccv\x27\xee\x97\x8br\x5c\x91\xcd\x8a\x19s\x92\x3e\xd3\xe3\xc42\x1d\xbc6\xe2\xea\xcc\x7f\x8cr\x5d\xdd\xd3\x98\x28q\xd6le\xd5\x0a</data></match></read>
    <write><data>\x10\xef\xbd\xf7\x8a\x8dHDR\x05\x0c\x00\x00\x016ALBM\x00\x00\x01.\xa9\xe8\x1b\x89\xc8\x40\xea\xb6Z\x0b:\xc86\x80\xc5\xdcM\xb3\xbb\xa4\x97C\x28\xb3\xba\x80w\xbce\xbdh7\xe5\xf4\x5c\x22o0\x87\x98\x18E\x5cbxm\xb0\xf2!\xf5\xd9\x8e\x14\xb9?\x7cG\xbc\x8dE\x3e\x28\xca\x9e\x0f\x17\x3bLvw7\x17\x2c\xb8\x18\x02R\xa9\x97\x85\x15\x22\xb4\x9a\x9e\x3e\x7d\x3c\x5e\x9e\xb3.\x25\xee\x87G2s\x1d\x9a\xd9\xc3\xcd\xfc\xfd\xe4\x8d\xe5\xbb\x98\xbf?\x27\xa0\x5cb\x9e1\xc8k\x0e\x8d\x03\x0cP\xdd0\xe2\xe2x\xbc\xac\x0c\xfd\xf3\xe4\xdb\xaci\xf2\x96\xc6s\xfa\xe4\xf6KbV\x7b1\x81\xac\xe5\x01g\x17Z\xe6\x0f\xab\x13s5.7\x85\x98\xe8S\xb1\xc7\xe7\xae\x7f</data></write>
    <read><delim>\x0a</delim><match><data>Album: \xa9\xe8\x1b\x89\xc8\x40\xea\xb6Z\x0b:\xc86\x80\xc5\xdcM\xb3\xbb\xa4\x97C\x28\xb3\xba\x80w\xbce\xbdh7\xe5\xf4\x5c\x22o0\x87\x98\x18E\x5cbxm\xb0\xf2!\xf5\xd9\x8e\x14\xb9?\x7cG\xbc\x8dE\x3e\x28\xca\x9e\x0f\x17\x3bLvw7\x17\x2c\xb8\x18\x02R\xa9\x97\x85\x15\x22\xb4\x9a\x9e\x3e\x7d\x3c\x5e\x9e\xb3.\x25\xee\x87G2s\x1d\x9a\xd9\xc3\xcd\xfc\xfd\xe4\x8d\xe5\xbb\x98\xbf?\x27\xa0\x5cb\x9e1\xc8k\x0e\x8d\x03\x0cP\xdd0\xe2\xe2x\xbc\xac\x0c\xfd\xf3\xe4\xdb\xaci\xf2\x96\xc6s\xfa\xe4\xf6KbV\x7b1\x81\xac\xe5\x01g\x17Z\xe6\x0f\xab\x13s5.7\x85\x98\xe8S\xb1\xc7\xe7\xae\x0a</data></match></read>
</replay>
</pov>