<?xml version="1.0" standalone="no" ?>
<!DOCTYPE pov SYSTEM "/usr/share/cgc-docs/replay.dtd">
<pov>
<cbid>service</cbid>
<seed>82193682245109dc596a1f71988e62f7589367f789c04797d8d25e5213a740f262e08432dd6de8bf9f7236cb9df73d9b</seed>
<replay>
    <write><data>\x02\xfdHASH\x7f</data></write>
    <read><length>4</length><match><data>\x1f\xa5L\xd8</data></match></read>
    <write><data>\x40\xbfO\xec\x96\x9c\xc3\x3c\xc2sQ\x29y\xeb\x17p\xb9\xf7HDR\x05\x0c\x00\x00\x02wTITL\x00\x00\x00\x1epr\x5f\xfd\xf0\xb0Qh\xb7\xa5\xc7C\x89\x3e?\x9e\x1f\xf3v\xfb\xa3p\x17\x92\x9b\x5cb\xe2:0ARTS\x00\x00\x00:\x2a\x40\xf9\x8b\x5d\xb8\x29\xb9 \x91\xae\x82\xee\x03N\x3d\xe4\xe9\x88F\xea\xde\x5cn\x9fw\x2bb8\xde\xe8\xab\x29\x90\x0c\x5cb\x1a\x90O\x2ccDj0\x18\x9e\x06\x86p\x99\x89\x7b\xff\xed\x608\xa2TITL\x00\x00\x009\xc7\xe2\xdf\x0f\x04\xc8\x11\xba\x15\x99\x88\xdb\x15p\xce\x93\x15\x7c\xdb\x0cG\x9b\x82\xe8\x7b\x80t\x92\x1dz\x40\xcfpRd\x1ed\x5d\xa78\x07\x97\xbay\x19\x82VTgr\xf4\x9e\x8a\xcf\xb2\xfe\x5bALBM\x00\x00\x01F\x3b\x02\xdb\xbe\xd1\x29\x9dw\x88\xf9\xdd\x1a\xe5f\xbe\x97Ie\x2dn\xa39\x1a\xe8\x81\x2b\xb4\x7e\x3eZ\xd1\xa1\x1fi\xfd\xc5\xe2\x0c\xe1\x13\x22Q\x9b\x9f\xfa\x26\xbd7\x05\x05\xe6G\x1cX\x25LG\x10\x3eU\x15\x81\x83\xc5\xe1Zm0n\x10ov \xe3\x7c\x87\x3c\x13\x99\x98\xb09\x18\xee!\x8c\x16\x9cx\xa4\x0bl\xd4P\xaa1\xd7\x97\x01\xef\xfd\x15!\xe2\x23\xcc\xd1\xbc\xb6\xaf\xa37\x5cb\x29\xd5\x97\x1c\x22\x87\xbc\x3b\x23\xfeu\x25\x5ct \x96\xa4\x11\x3c\xcc\xbek\xd1\x06n\x7e\x3eV\xc0\xfe\xde\xebP\x3e2Ch\x1fa\x3e\xa1\x90\xb5\x14\xeeg\x26p\x17\x04\xc1\x27\x89\x94\xf5\xd5\xff\x92I\x0b\x1c\x11\x9c\xa2\xc3G\x22\x0ch\x80\x3d\x8f\xc9\x81?\xc2\x25\xab\x194\x96\x87\xb6e\xf7V\x9f\xe99\xdb\xc6\x93\xd3\x7b\xed\xc4\xb0j\xd0\xe1\x29\xb6\x7f</data></write>
    <read><delim>\x0a</delim><match><data>Title: \xc7\xe2\xdf\x0f\x04\xc8\x11\xba\x15\x99\x88\xdb\x15p\xce\x93\x15\x7c\xdb\x0cG\x9b\x82\xe8\x7b\x80\x86\x92\x1dz\x40\xcfpRd\x1ed\x5d\xa78\x07\x97\xbay\x19\x82\x02\x7egr\xf4\x9e\x8a\xcf\xb2\xfe\x5b\x0a</data></match></read>
    <read><delim>\x0a</delim><match><data>Album: \x3b\x02\xdb\xbe\xd1\x29\x9dw\x88\xf9\xdd\x1a\xe5f\xbe\x97Ie\x2dn\xa39\x1a\xe8\x81\x2b\xb4\x7eZ\xd1\xa1\x1fi\xfd\xc5\xe2\x0c\xe1\x13\x22Q\x9b\x9f\xfa\x26\xbd7\x05H\xe6G\x1cXov \xe3S\x87\x3c\x13\x99\x98\xb09\x18\xee!\x8c\x16\x9cx\xa4\x0bl\xd4P\xaa1\xd7\x97\x01\xef\xfd0!\xe2\x23\xcc\xd1\x03\xb6\xaf\xa37\x5cb\x29\xd5\x97\x1c\x22\x87\xbc\x3b\x23\xfeu\x25\x5ct \x96\xa4\x11\x3c\xcc\xbek\xd1\x06n\x7eV\xa5\xfe\xde\xebP\x3e2Ch\x1fa\x3e\xa1\x90\xb5\x14\xeeg\x26p\x17\x04\xc1\x27\x89\x94\xf5\xd5\xff\x92I\x0b\x1c\x11\x9c\xa2\xc3G\x22\x0ch\x80\x3d\x8f\xc9\x81?\xc2\x25\xab\x194\x96\x87\xb6e\xf7V\x9f\xe99\xdb\xc6\x93\xd3\x7b\xed\x9d\xb0j\xd0\xe1\x29\xb6\x0a</data></match></read>
    <read><delim>\x0a</delim><match><data>Artist: \x2a\x40\xf9\x8b\x5d\xb8\x29\xb9 \x91\xae\x82\xee\x03N\x3d\xe4\xe9\x88F\xea\xde\x5cn\x9fw\x2bb8\xde\xe8\xab\x29\x90\x0c\x5cb\x1a\x90O\x2ccDj0\x18\x9e\x06\x86p\x99\x89\x7b\xff\xed\x608\xa2\x0a</data></match></read>
    <write><data> \xdf\xc3?H\xec\xc1\xce\xcb\xb8HDR\x05\x0c\x00\x00\x02KARTS\x00\x00\x00t\x5d\xba\x7e?n\x1b\x06V\x5bD\x96\xbc\xf2\x7b\xf1\xfa\xde\x5f\xafN\xba\xdd\x90\xca\x81\x5c0?k\xa4\xed\xf1\x96J\x1cy\xd5\x94\x1b\x2bP\x9c\x5ct\xa3\x26\x0e\x1d\x5e\xe3\x2bQ9\x89.\xc8\x967\xb5\xb9\xca\x0f\x98\xf7\x7b\xad\xb2\x40X\x82\x1b\x053\x8byTZ\x98\x29\x12\x0ftC\xe9I\xd2\x0bC\xa9\x80\x3e\xcc\x29E\x83\xab\xf1j\x7e?\xe8\xc6\xa1\xd47\xb1xX8A \x0c\x3c\x0c\x7bB\x40\x01ARTS\x00\x00\x00T \xd7\x1a\xc2!\xd8\x28z\xab\x28Q\x7d\x5d\xa54fP\xbaan\x83L\x5c\xf1\x2b\x04\x99\xf8\x8d\xf0\xe84\x5cb\x99e\x1b\xcf0d\x28q\x94\x03\x0c\xdc\x14\x27\x5bD\xe4\x7c\x15\x2d\x86L\x84\xed\x95\x3e\x0b\xe6\xe9\x7c\xb7\x3b\xcd\xa3a\xe6\x1d\xee\xae\xca\x5f\xa4\xe3\xffcxt\xb0\x1f?TITL\x00\x00\x00.\xc7\x5c0l\x86\xc9\x19\xd1J\x1b\x3cp\xb0\xfc\xde\xd1\xd5\xe50\x1d\xectCI\xdd\x25Uy\x1a\xa1\xb7\xc0\x86w\x85\x82E\x8d?\x17H\xbc\x407\xb9R\xdd\xcbk\xe5\x8a\xdaYUALBM\x00\x00\x005\xe4\xdb\xd9\x84N\x17\xa1\x01\xc4d\xb9\x07\xc3\xe2\x86\x0c\xde\x1e6\x8dZ\x7b\x03\x93\x5c0\xf3\x88P\xb7X\x9b\xfd9w\xa0\xe5\x13\xf9\xc2\x5cr\xec\x3e\xc6D\x05\x9aC\x8d\xf6\xbe\xd2\x7f</data></write>
    <read><delim>\x0a</delim><match><data>Title: \x05\x5c0l\x86\xc9\x19\xd1J\x1b\x3cp\xb0\xfcCI\xdd\x25Uy\x1a\xa1\xb7\xc0\x86w\x85\x82E\x8d?\x17H\xbc\x407\xb9R\xdd\xcbk\xe5\x8a\xdaYU\x0a</data></match></read>
    <read><delim>\x0a</delim><match><data>Album: \xe4\xdb\xd9\x84N\x17\xa1\xa8\xc4d\xb9\x07\xc3\xe2\x86\x0c\xde\x1e6\x8dZ\x7b\x03\x93\x5c0\xf3\x88P\xb7X\x9b\xfd9w\xa0\xe5\x13\xf9\xc2\x5cr\xec\x3e\xc6D\x05\x9aC\x8d\xf6\xbe\xd2\x0a</data></match></read>
    <read><delim>\x0a</delim><match><data>Artist:  \xd7\x1a\xc2!\xd8\x28z\xab\x28Q\x7d\x5d\xa54fP\xbaan\x83L\x5c\xf1\x2b\x04\x99\xf8\x8d\xf0\xe84\x5cb\x99e\x1b\xcf0d\x28q\x94\x03\x0c\xdc\x14\x27\x5bD\xe4\x7c\x15\x2d\x86L\x84\xed\x95\x3e\x0b\xe6\xe9\x7c\xb7\x3b\xcd\xa3a\xe6\x1d\xee\xae\xca\x5f\xa4\xe3\xffcxt\xb0\x1f?\x0a</data></match></read>
    <write><data> \xdf\xbf\x22Wa\xcd\x5d:VHDR\x05\x0c\x00\x00\x00\x00\x7f</data></write>
    <write><data>\x00\xffHDR\x05\x0c\x00\x00\x00nTITL\x00\x00\x00OwJ\x1f\xb8u\xb7\xf1\xe5\x0f\x9a\x5cb\x8b\x9e\xc3\xad\xedE9\xff1\x03\xf4v.\xbd\xe7\x1a\x1b9\x7dQ\xbc\xe5\xd0\xd7\x7cle\xd6jm\xdf\xbc\xc0x1o\x89\x983\x06o\xd5\xaaP\x7d\xbc\x2f\x1e\x07\x5d\xe5\xb1\xb1\xb2 \xe4\xa6\xab\xb9\xb0\xbf\xd8\xfe\x5cb6\x80ARTS\x00\x00\x00\x0f\x28U?\x7e\x3e\x7e?\x2b\x1d\x3e\xfd\xf5\xcb\x1fq\xb0g\x7f</data></write>
    <read><delim>\x0a</delim><match><data>Title: wJ\x1f\xb8u\xb7\xf1\xe5\x0f\x9a\x5cb\x8b\x9e\xc3\xad\xedE9\xff1\x03\xf4v.\xbd\xe7\x1a\x1b9\x7dQ\xbc\xe5\xd0\xd7\x7cle\xd6jm\xdf\xbc\xc0x1o\x89\x983\x06o\xd5\xaaP\x7d\xbc\x2f\x1e\x07\x5d\xe5\xb1\xb1\xb2 \xe4\xa6\xab\xb9\xb0\xbf\xd8\xfe\x5cb6\x80\x0a</data></match></read>
    <read><delim>\x0a</delim><match><data>Artist: \x28U?\x7e\x7f\x2b\x1d\x3e\xfd\xf5\xcb\x1fq\xb0g\x0a</data></match></read>
    <write><data> \xdf9\xa2\xf3jG\x9a\x07mHDR\x05\x0c\x00\x00\x03\x7dALBM\x00\x00\x01C\x5dA\x40\xb1\xc1\xe2\xb1\xb0\xb1\xcf\x92\x972\xfd\xac\xb9\x8cpEp\xc7\xabJ\xc9\xe3\xb5\xcd\xc7\x18\x1d\xe3.\xe9\xc2\xbd\x14E\x94\xd1\xe1\xc46l\x0b\x5cbB\x9a\x89\x03\xf5\x9e\xe3\x1fn\x9d\x3e\xec3\x1b\xaeJ\x13\x13\x28\x81\xd9\x28\x99e\xb3\xe9N\xaeF\x11\x8d\x7e\x3e7U\x1b\x81sy\x14\x60\x2d\x15\xb2\x2d\xe1\xd1\xffo\xc0\x5cb\x7c\xdbAc\xc9\xf1c\x7e?S\xf5\x5e\xebw\xdf\x94\xfd\x25\xe9\x29m\x88\x2f\xa5\xb2\xfa\xd1\xfa\xf6F\x17R\x97\xd9\xc3\x5cr\x8d\xa4J\xc3\x3e\x2c\x9b:\x40\x5cr\xc4\x18\x7e\x3e\x60\x3eaz\x24\x2bAeG\xc4n\xbd\x8c\x82\xb7li\xd3I\xad\xc2\xdau\xc6s\xb0\x81\x96\x2cx\xfeiy\xeb\x5c\xb9\xe4\x96\x1ed\xa5\x1et\xd1\x8dG:\xb8ARTS\x00\x00\x00\x13\xb3\xcbkK\x1a\x8a\xb1\xa6\x13\x7cm\x8bC1\xeax\xd5\xf3\xa0TITL\x00\x00\x00\x1d\x139\x14hv\xc89F\x5f\xc6R\xb5\x5f\xf0J\xa0\xfc\xe6\x2fP\xb3\xdez\x8d\x2f\x99\x9b\x89rnn\x12\xb8\xe2\x16?zTITL\x00\x00\x008\x1d\xfa\x10\xab\x27i\xfe\x04\xf5G\xff\x19\x87\xac\x11\x01x\xb5\xd0A\xf1\xe9G\x95\x0b\x5c\xb9\xf9\xeam\xad\xa9\xa6\x94\x0eV\xde\x5f\xfa\x7c\x13u\x404b\xe5\xcf\x86\x7d\x82\x7d\xe3E\xba\x5crTITL\x00\x00\x01\x2a\xb0?\xb7A\xd1\xb8C\xda\x28\x7e\x3e\x95Ig\x5cn\xe9\xadh\x5e\xb3dO\xe2\xbf\xc8\xe1\xf4MoO4\xf8\xe4\x80z\xa3\xa4\xe8\x1a\x0fs\xdc\x17\x10\x8c\xe0dL\x26\xc0\xe1\xad\x15\xbfC\x23\x03\xc5\x10\x5fJB\xbc!\x14\x23\x27\x29\xd0\xe2\xec\x1c\xf0\xb9m\x01\xf2\x5cb\x8d\xc1Ad\xc9\x0b\xbd\xe0\x5ct\xf9\xfdq\x7e?\xcc\xad\x3e\x0ec\xe2\x80\x5cb\x9e\x93F\xcc\x96\xb3\xa4\xb8\xd2D6\xde\xae\xc6:\x25\x87\xbd\xf6\xa2\xc9\xbb\xc3W\xff\xa9Ee\x16\x80\x1b\x7d\xa3\xa1\x3d\x98L\xf6\x3b\xdb\xb66\x8a\x7e\x3e\x8a\x9d\xa1\x84\xfd\xc3\xf8\x86\x91\xa4\xe2\x99\xfe\xa9rv\xf7\x24\xac\xbf\x997\xd1\x90\x87z\x3d\x1c\xc2\x22\x96\xea\x7f</data></write>
    <read><delim>\x0a</delim><match><data>Title: \xb0?\xb7A\xd1\xb8C\xda\x28\x7e\x95Ig\x5cn\xe9\xadh\x5e\xb3dO\xe2\xbf\xc8\xe1\xf4MoO4\xf8\xe4\x80z\xa3\xa4\xe8\x1a\x0fs\xdc\x17\x10\x8c\xe0dL\x26\xc0\xe1\xad\x15\xbfC\x23\x03\xc5\x10\x5fJB\xbc!\x14\x23\x27\x29\xd0\xe2\xec\x1c\xf0\xb9m\x01\xf2\x5cb\x8d\xc1Ad\xc9\x0b\xbd\xe0\x5ct\xf9\xfdq\x7f\xcc\xad\x3e\x0ec\xe2\x80\x5cb\x9e\x93\xf5\xcc\x96\xb3\xa4\xb8\xd2D6\xde\xae\xc6:\x25\x87\xbd\xf6\xa2\xc9\xbb\xc3W\xff\xa9Ee\x16\x80\x1b\x7d\xa3\xa1\x3d\x98L\xf6\x3b\xdb\xb66\x8a\x7e\x91\xa4\xe2\x99\xfe\xa9rv\xf7\x24\xac\xbf\x997\xd1\x90\x87z\x3d\x1c\xc2\x22\x96\xea\x0a</data></match></read>
    <read><delim>\x0a</delim><match><data>Album: \x5dA\x40\xb1\xc1\xe2\xb1\xb0\xb1\xcf\x92\x972\xfd\xac\xb9\x8cpEp\xc7\xabJ\xc9\xe3\xb5\xcd\xc7\x18\x1d\xe3.\xe9\xc2\xbd\x14E\x94\xd1\xe1\xc46l\x0b\x5cbB\x9a\x89\x03\xf5\x9e\xe3\x1fn\x9d\x3e\xec3\x1b\xaeJ\x13\x13\x28\x81\xd9\x28\x99e\xb3\xe9N\xaeF\x11\x8d\x7e7U\x1b\x81sy\x14\x60\x2d\x15\xb2\x17\xe1\xd1\xffo\xc0\x5cb\x7c\xdbAc\xc9\xf1c\x7fS\xf5\x5e\xebw\xdf\x94\xfd\x25\xe9\x29m\x88\x2f\xa5\xb2\xfa\xd1\xfa\xf6F\x17R\x97\xd9\xc3\x5cr\x8d\xa4J\xc3\x3e\x2c\x9b:\x40\x5cr\xc4\x18\x7e\x60\x3eaz\x24\x2bAeG\xc4n\xbd\x8c\x82\xb7li\xd3I\xad\xc1\xdau\xc6s\xb0\x81\x96\x2cx\xfeiy\xeb\x5c\xb9\xe4\x96\x1ed\xa5\x1et\xd1\x8dG:\xb8\x0a</data></match></read>
    <read><delim>\x0a</delim><match><data>Artist: \xb3\xcbkK\x1a\x8a\xb1\xa6\x13\x7cm\x8bC1\xeax\xd5\xf3\xa0\x0a</data></match></read>
    <write><data>p\x8f\xb6\xf7e\x09s\xd4\xd0\xac\x40?\x01\x96\x14\x87Ol\xfaThY\xc4i\x9d\xcc\x03\xa03\x12HDR\x05\x0c\x00\x82\x03xTITL\x00\x00\x00?\x07\x5dE\xa9\xc1\xdf\xf2\x92\x5b\x24\x5ctXU\xef\xb1\x88\x97\x9f\xcd\x15\x02\x94b\x10\x11u\xd8\x17\x5cr\x90\xe0\xef\x9c\x94\xbd\xf5\xd0\xf5\xe7n\xf5\xaf\xafI\x27\x99\x1eeb\xd6\x5cn\xc7\xcd\x97Z85\xec\x5c0ARTS\x00\x00\x005\xee\x15\x02\xaa\x9d\xc6\xe4a\x23\xd6\xa3\x9d\xec\xbd\x5cn\x1a:qn\x22\x25\xa7\xf3\xd6\x18\x02\xb0\x5c0\xday\x7e\x3e\x2b\x90a\xda\x05\xb6\x94v\x9c\xce\x0f\x9b\x01\x8e\xcc\xf3\x88\xbf\x15\xff\xd3RTS\x00\x00\x01\x18j\x9eM\xa3\xcfDu\xfc\x8eB\x23S\x82\x22N7\x17 \x1b\x5b\xb1\x25\xce\xa2\x8b\x04\xb3U\xdf\x80\x24V\x8b\xcf\xc6\xcd\xa8\xd5 \xb72\x84\x1do\x12\x9e\xd6\xebK\x0c6\xbb\xe9\xbeV\xf7\xde\x5dQ\xdc\x87\x15\xf1\x28\x16\x1e\x924\x84\x9f\x86c65di\xa7\xfc\x07\x60\xc9C\xdb9\xbb\x19\x0e\x7e\x3e\x5e\x81K\xf5\x5d\xa8\xac\xf0\x05\x5b\xc1\x22\x82\x01\xbcfK\x22\xcc\x9f\x18\xda\x04\xcc\xdbb\x92\x13\xa8\x5b\x24v\xce\xd8i1\x28\x05yw\xb3\x3c\xa5\x1a\xc3\x99\xa4\x87\xcf\xb9b\xa5\x1e\x27\x0e\x2cl\x24!\x7c\x2a\xb94EV\x8e\xca\xdeu?i\xc1\xee\x14\xed\x86\xae\xeaOVf!\xcb\x95E\x19\xb6\x07\xe5x\x9d\xfeAL\x8eM\x00\x00\x01L\x16\x7e\x3eh\x9d\xa4K\x05\xe6\x80\xc6\x17\xbf\x86\xa4\x917\x14\x9b\xba\x2c\xb2\xb6\xfe\x93\xc6\xbf\x18\x11\xf0\xd8n\x9e\x23\x3c\x7d\xc6 \xf5\xcbn\x8f\xbc\xc7!\x80\x96\xf2\xedDZ\x2d\x97ZM\xe9\xb6\xb9\x98B\x9e\xd2\x15\xf9!\x83u\x3e\xdf.\x2f\x1dT\xb2\x19\xf8R\xae\x5c0Jj\xeeO\xe8\xb9V\x82IwA\xa30t\xb2F\x93\x1b\xd5\x40\x5b\x88C\x9b\xfdW\x5crYu\xf6\xe3\x7e?R\x07\x11\xe3\x11\x7e?\x5cr\xcb\x13 \x60\x02\x22w\xde\xb7\x7e\x3e\xfaL8\xaa\xde\x0b\x07\xeb\xe89\xba\xb5B\x7b\x86\xcb\xedd\x8d\x5d\x04\xdf\x13t\x1d\xd2\x91\x1c:\x85:\xac8H\x86\x2c\x22\xea\xa2\xe7\x2b\xc7\xb2\x15\xa6\xad\xc0\xa2a\x17k?\xcb\xca\x5c0\x9e\x1e?N\xabT\x9c\xd6lI\x3c\x92\xa8\xa7\x82C\xe4v\xd4\x8ar\xbd\xbb\x8c\x85\xa0\xdd\xca\xc8rU\x01 \xd86\xd4\xa5A\xc7\xc7Q\x7b\x16\xdf\x95\xc5\x7f</data></write>
    <read><delim>\x0a</delim><match><data>Title: \x07\x5dE\xa9\xc1\xdf\xf2\x92\x5b\x24\x5ctXU\xef\xb1\x88\x97\x9f\xcd\x15\x02\x94b\x10\x11\x5c\xd8\x17\x5cr\x90\xe0\xf5\x9c\x94\xda\xf5\xd0\xf5\xe7n\xf5\xaf\xafI\x27\x99\x1eebS\x5cn\xc7\xcd\x97Z85\xec\x5c0\x0a</data></match></read>
    <read><delim>\x0a</delim><match><data>Album: \x16\x7eh\x9d\xa4K\x05\xe6\x80\xc6\x17\xbf\x86\xa4\x917\x14\x9b\xba\x2cx\xb6\xfe\x9d\xc6\xbf\x18\x11\xf0\xd8S\x9e\x23\x3c\x7d\xc6 \xf5\xcbn\x8f\xbc\xc7!\x80\x96\xf2\xedDZ\x2d\x97ZM\xe9\xb6\xb9\x98B\x9e\xd2\x15\xf9!\x83u\x3e\xdf.\x2f\x1dT\xb2\x19\xf8R\xae\x5c0Jj\xeeO\xe8\xb9V\x82IwA\xa30t\xb2F\x93\x1b\xd5\x40\x5b\x88C\x9b\xfdW\x5crYu\xf6\xe3\x7fR\x07\x11\x97\x11\x7f\x5cr\xcb\x13 \x60\x02\x22w\xde\xb7\x1d\xe6L8\xaa\xde\x0b\x07\xeb\xe89\xba\xb5B\x7b\x86\x15\xa6\xad\xc0\xa2a\x17k?\x0c\xca\x5c0\x9e\x1e?N\xabT\x9c\xd6lI\x3c\x92\xa8\xa7\x82C\xe4v\xd4\x8ar\xbd\xbb\x8c\x85\xa0\xdd\xca\xc8\xbeU\x01 \xd86\xd4\xa5A\xc7\xc7Q\x7b\x16\xdf\x95\xc5\x0a</data></match></read>
    <read><delim>\x0a</delim><match><data>Artist: j\x9eM\xa3\xcfDu\xfc\x8e\xd4\x23S\x82\x96N7\x17 \x1b\x5b\xb1\x25\xce\xa2\x8b\x04\xb3U\xdf\x80\x7eV\x8b\xcf\xc6\xcd\xa8\xd5 \xb72\x84\x1do\x12\x9e\xd6\xebK\x0c6\xbb\xe9\xbeV\xf7\xde\x5dQ\xdc\x87\xc1\xf1\x28\x16\x1e\x924\x84\x9f\x86c65di\xa7\xfc\xcc\x9f\x18\xaf\x04\xcc\xdbb\x92\x13\xa8\x5b\x19v\xce\xd8i1\x28\x05yw\xb3\x3c\xa5\x1a\xc3\x99\xa4\x87\xcf\xb9b\xa5\x1e\x27\x0e\x2cl\x24!\x7c\x2a\xb94EV\x8e\xca\x7du?i\xc1\xee\x14\xed\x86\xae\xeaOVf!\xcb\x95E\x19\xb6\x07\xe5x\x9d\xfe\x0a</data></match></read>
    <write><data>\x00\xffHDR\x05\x0c\x00\x00\x04OALBM\x00\x00\x00P?\x88\x3b5y\x5cr\x1awE\xfc\x26\x18\xdc\xb3\x7c\x05n\x93\xe4e\x5cno\xd6\x8c\xe5\x3e\x0c1\x5b\xa5P\x5ct\xd0\xacq\xf3.Y\xa7\xf5\xf6\x5cb\xcd\xf5\xfcp6\xec\xf8\x28\xbc\x02A\x5cb\xaa\x8c\x3e\xf9\xca\xf9N\x07E\xde\xdf\x8f\x1dr\x8c\x5d\xb9\xb5\xc6\xcdZARTS\x00\x00\x01\x1a\x98\xf6\xfd\xef\x7e?6\xdeZ\x92\xf0C\x04c\xf8\xcc8QI\xc6:\xa1\xe6x\xd95\xe5\xb6\x81\xb4\x90F5\x12\x5ct\x7e?N\x8b\xad0\xf8\xc0WrL\xdf\xf5\xb0\x3b3L\xf3\xf8\xab \x95e\x06\x94\xa5V\xa3\xfe\xe7\x9a\x95\x101\x5ct\x89\xbf\x5c0\xf0\xad\xe5\x94\xc5\xaeE\x15\x82\x84\xb6\x5d\x11\xdbe\x3b\x8b\x8eK\x87\x5cr3\xaa\xf9\x99\x23t\xa8\xfe\x1b1\x2aHR\xf5\x7c\x5e\xc0\x86\xbf\xe3\xc3\xb0\x5cnY\x0e\x90lD\xcd\x1aL\x8e\x15\xc3\x93Q\x5cn\xa2\x87\xec\x5cn\x9a\xcd\xcc\xc8N\x13\xb4\x98\x5cn8\xd0fxALBM\x00\x00\x01\x0c\x15\xf3A\xbd\x92u\x2b\xef\x5e\xc9R\x3eq\x01\x0b\xaa\xa5\x3c\xdfw\x2c\x17\x88\x0e\x22Ir\x02\xa2eT\xa4\xd0\xf9\xa0w\x19\xf6\x80g\xa7\xf7\x11\x7c\x7b\xf4\xe5\xecQH\x82\x0b\xd4\xa4\x22\xa8n\xd8LC\xff\xf5\x5c0Q\x90\x8cL\xad\xbcX\xcb\x92O.2\xb9\xe0\xc5h\xee\x2d9\xbf\x2ax\x80\x27\xa1J\x15\xb0\xc7\x18\x9f\xe3T\xbc\x60E\xc1\x10Jo\x16\xbe\xcf\xa9G\xe8j\x10\x1e\xf8\x5b\x81\xcf\x01\x01Me\x29\x28\x98\xbf\x0c\x25L\xcb\x9c\x80I\xda77\xb8\xeb\x2f\x83\x9aARTS\x00\x00\x019w8\xaa9sm\xa3l\x10\x95\x5b\xaf\xac\xc46\x7e\x3e\xdc\xc7\x82\xd1m\x84\xb1g\xd3a\x06\xf8 \xcc\x03e\xf3\xfd\x12:\x5c\x83Q\xed\x91\x5c!\x0f\x9d\x0c\x2b\xb8\xc2W\x2c?\x85\x86\xc7\x12\xa9\xbc\x22\xf8wSI\xe4\xa7\xb1p\x9f\x99\xed\xaa\x3ch\x10\xbc\x98\xba\x3c\x7c\x90\x2a\x28\x9a\xe5O\x8eB\xc7\x03Wd\xab\xf4\x2a\xc0\xb3\xc7\x5cr\x2f\x81\xbe\xbc\xae\x9c\xc9\x5f8\x24\xdd\x01\x97\xbf\xd3\x83\x03\xcf\xe5:a\x0b\xa2\xcd\x5cb\x94\xf0\x19\xe1\x9d\xf3\x97\x24\x8c\x98\xbd\x5cn\xf9\xb5\xd2\xde\xe8\xb1\x22\xd0\xee\xcc\x8e\xe4\x17\x1c\x7e\x3e\xe1u\xa8\x7b\xef\xdf\x12fA\x7e\x3e\xc7\xa9tk\xc1\x91\x90\xae\x2d\x90\xf6\x5edo\x5b\xa2\x90.\xea\xbb\x0c\x9d\x7f</data></write>
    <read><delim>\x0a</delim><match><data>Album: \x15\xf3A\xbd\x92u\x2b\xef\x5e\xc9R\x3eq\x01\x0b\xaa\xa5\x3c\xdfw\x2c\x17\x88\x0e\x22Ir\x02\xa2eT\xa4\xd0\xf9\xa0w\x19\xf6\x80g\xa7\xf7\x11\x7c\x7b\xf4\xe5\xecQH\x82\x0b\xd4\xa4\x22\xa8n\xd8LC\xff\xf5\x5c0Q\x90\x8cL\xad\xbcX\xcb\x92O.2\xb9\xe0\xc5h\xee\x2d9\xbf\x2ax\x80\x27\xa1J\x15\xb0\xc7\x18\x9f\xe3T\xbc\x60E\xc1\x10Jo\x16\xbe\xcf\xa9G\xe8j\x10\x1e\xf8\x5b\x81\xcf\x01\x01Me\x29\x28\x98\xbf\x0c\x25L\xcb\x9c\x80I\xda77\xb8\xeb\x2f\x83\x9a\x0a</data></match></read>
    <read><delim>\x0a</delim><match><data>Artist: w8\xaa9sm\xa3l\x10\x95\x5b\xaf\xac\xc46\x7e\xdc\xc7\x82\xd1m\x84\xb1g\xd3a\x06\xf8 \xcc\x03e\xf3\xfd\x12:\x5c\x83Q\xed\x91\x5c!\x0f\x9d\x0c\x2b\xb8\xc2W\x2c?\x85\x86\xc7\x12\xa9\xbc\x22\xf8wSI\xe4\xa7\xb1p\x9f\x99\xed\xaa\x3ch\x10\xbc\x98\xba\x3c\x7c\x90\x2a\x28\x9a\xe5O\x8eB\xc7\x03Wd\xab\xf4\x2a\xc0\xb3\xc7\x5cr\x2f\x81\xbe\xbc\xae\x9c\xc9\x5f8\x24\xdd\x01\x97\xbf\xd3\x83\x03\xcf\xe5:a\x0b\xa2\xcd\x5cb\x94\xf0\x19\xe1\x9d\xf3\x97\x24\x8c\x98\xbd\x5cn\xf9\xb5\xd2\xde\xe8\xb1\x22\xd0\xee\xcc\x8e\xe4\x17\x1c\x7e\xe1u\xa8\x7b\xef\xdf\x12fA\x7e\xc7\xa9tk\xc1\x91\x90\xae\x2d\x90\xf6\x5edo\x5b\xa2\x90.\xea\xbb\x0c\x9d\x0a</data></match></read>
</replay>
</pov>