<?xml version="1.0" standalone="no" ?>
<!DOCTYPE pov SYSTEM "/usr/share/cgc-docs/replay.dtd">
<pov>
<cbid>service</cbid>
<seed>9f504496a5d79b4a6b019d3bc27b7aa38fa6018958dbaac048232278050a3104c54b855fef4c5428a457838bc15a6c5e</seed>
<replay>
    <write><data>\x03\xfcHASH\x7f</data></write>
    <read><length>4</length><match><data>\xaaI\x85\x25</data></match></read>
    <write><data>\x00\xffHDR\x05\x0c\x00\x00\x00\x00\x7f</data></write>
    <write><data>\x00\xffHDR\x05\x0c\x00\x00\x00\x60ARTS\x00\x00\x00X\x19p.?\xe8\xd8\x1cD\xe5\x5dp\xb6 \x85\x17\x1d\xf9D\x23\xf9\x97\xa9\xecM\xe3\xe2\x9eO\x88\xd3\xf7\xb8N\xb3\x5e\x98\xdd\xe0r\x27\xefH\x0bo\x03z\x88\xc9\xf7\xf0\xca\xd3\xad\xbe\x5ct\x19\x1b:C\xdd\x2c\xa6\x84\x84\x8dK\x3bj\x96\x7e\x3e\xbc\xaa\xc1\xa5\x5c\xb1\x25\xdd?\x84.\x19\x40bC\x7d\x1d\x7f</data></write>
    <read><delim>\x0a</delim><match><data>Artist: \x19p.?\xe8\xd8\x1cD\xe5\x5dp\xb6 \x85\x17\x1d\xf9D\x23\xf9\x97\xa9\xecM\xe3\xe2\x9eO\x88\xd3\xf7\xb8N\xb3\x5e\x98\xdd\xe0r\x27\xefH\x0bo\x03z\x88\xc9\xf7\xf0\xca\xd3\xad\xbe\x5ct\x19\x1b:C\xdd\x2c\xa6\x84\x84\x8dK\x3bj\x96\x7e\xbc\xaa\xc1\xa5\x5c\xb1\x25\xdd?\x84.\x19\x40bC\x7d\x1d\x0a</data></match></read>
    <write><data>p\x8f\xd9ok\x2b\x9dY\x8a\xe3\xae\xd6\xbf\xf2\x25\x22 a?\xe1\xfb\x07\xa2\xaayAfmx\x12H\x09R\x05\x0c\x00\x00\x014ARTS\x00\x00\x00\x0b\xfa\x84\xe4\x9bg\x97\x18wmW\x15ARTS\x00\x00\xbc\x19C\xa3\xd7\xd6\x26\xa2Vc\x3b\x94\x5b\x3eP\xc6\x297j\xfdV3\xf0\x86\x88\xb86\x84\xdfW\x5c\x8bj\x5cb\x0f\x1af\x7c\x13\x9bE\x161\xdc\x89\xc0R\xe3\x3b\x91\xab\xf2q\xe3\x2d\x28\xf5\x92Xr\xd8\xf6\xf8N\xdd\xb5X\xfd\x5cb\xdb\xfa\x2d9?\xd0X\x17\x07\x89\xe06\xc7\xd9\x0f\x1d\x5c\x273\x5da\x95\x2a\x92\x1f\x2bR\xfa\xc2z\x3dK\xea2.\x9c\xf9a\x0e\xca\xb3M\xc5\xb2N\x93\x8e\x18W\x1c1\xb6\x89G\x5ct\xabj\xff\xc2\x0f\x5c0\xc4\xda\xf3a\xb3M\x3d\xe6\xd9c\x82\xa6\x81\xf7\xbc\xd6\x8f\xc6\x8eT\x7e\x3e\x7f</data></write>
    <read><delim>\x0a</delim><match><data>Artist: C\xa3\xd7\xd6\x26\xa2Vc\x3b\x94\xaf\x3eP\xc6\x297j\xfdV3\x06\x86\x88\xb86\x84\xdfW\x5c\x8bj\x5cb\x0f\x1af\x7c\x13\x9bE\x161\xdc\x89\xc0R\xe3\x3b\xca\xab\xf2q\xe3\x2d\x28\xf5\x92Xr\xd8\xf6\xf8\x19\xdd\xb5X\xfd\x5cb\xdb\xfa\x2d9?\xd0\xfa\x17\x07\xa2\xe06\xc7\xd9\x0f\x1d\x5c\x273\x5da\x95\x2a\x92\x1f\x2bR\xfa\xc2z\x3dK\xea2.\x9c\xf9a\x0e\xca\xb3M\xc5\xb2Nk\x8e\x18W\x1c1\xb6\x89G\x5ct\xabj\xff\xc2\x0f\x5c0\xc4\xda\x5ea\xb3M\x3d\xe6\xd9c\x82\xa6\x81\xf7\xbc\x8d\x8f\xc6\x8eT\x7e\x0a</data></match></read>
</replay>
</pov>