<?xml version="1.0" standalone="no" ?>
<!DOCTYPE pov SYSTEM "/usr/share/cgc-docs/replay.dtd">
<pov>
<cbid>service</cbid>
<seed>6601a1de4a60dc87f78c32af10111053d0c492ea4b2aa190fe51f5f871ead928d8983d7c7796933331e26992baae377c</seed>
<replay>
    <write><data>\x04\xfbHASH\x7f</data></write>
    <read><length>4</length><match><data>\x3d\x2agS</data></match></read>
    <write><data> \xdf\xbf\x22Wa\xcd\x5d:VHDR\x05\x0c\x00\x00\x00\x00\x7f</data></write>
    <write><data>\x40\xbf\xfeN\x2c4\xe9v\x5f\xc5Mo\xda\xc3\xb0\x901\xb5HDR\x05\x0c\x00\x00\x01tARTS\x00\x00\x00q\xd8\xe3\x86\xf9\x3e\x86tx\x11\x29\xc6\x14\x5d!\x92\xc4\x25\x03\xd9\xff0\xae\x98\x19\xedV\xf5\xce\xc0\x9aoA\xf8\xe9\x7e?x\x3c\xb2\x91I\xb6k\x5f\xac\xeb\x5d\x07H\xc1\xb3\x90\x185\x607\xfeg\xc9ge\x2dDUIW\xa0u\x2d\xd6\xf4\x86\xe9\xc5\x87\xb1\x5cr\x04D\x14\x2d\xc9\x0ff\x033\xe2\x40B\x15\x9e\xad\xfa?\x5e\x5f\xca\xae\x2a\xcd\x92\x28\x2a\xd0\xf1\x9d3f\xe7\xa8c\x8a\x9bARTS\x00\x00\x00\x5d\xed\x23\x25b\x9ay0\xa1\x8dIr\xec\x0e\x89\xd5\x1c\xcbpny\xc0v\xbd\x5c\x9b\xd5\x40\xc8\xc3t\x8ar\xccf\x5d\x1e\x22t\xd6u\x92\x3b\x7d\x07s\xc0\xb1b:\xff\x8b\xe1\x9a\xdd\xcaW\xfe\xda\xb6\x23\x94\x1f\x865\xe4jZ\x92z\xfb a\x98\xbbh\x9e\x82\xe2\xa4\x7d\x89wD\x25\x5cn\x18\x2a\x16\xb3m\x2bjARTS\x00\x00\x00\x0epV\x8e\xd9r\x8c\x93\xd9\xdbo\xa3\xf7\x8d\x0e\xf3j6\xd6\xc1T\xd2Xz\x5eJ\x83\x04\x2cf\xe6\x7f</data></write>
    <read><delim>\x0a</delim><match><data>Artist: 6\xd6\xc1T\xd2Xz\x5eJ\x83\x04\xa9f\xe6\x0a</data></match></read>
    <write><data>\x00\xffHDR\x05\x0c\x00\x00\x05?TITL\x00\x00\x01D\xc1f\x247W\x04\xb0\x9a\xaf\xc9\x98\x40\x5c:\x9d\xec\x11i\x0b\xe5\xb5\x88r\x97f\x86hU\x5e\xd0\xe0\xb5j\x9fk\x2b\x5b\x13.J\x5c0\xfa\x89\x88\xb5\xfd\xad\xc1\xa3s\xc4R\x19\x9c\xbcSA\xeePi\x8b\xc25P\x5b\x2b\xa98\xe1\xc1\xc1i\xc5\xe5\xe2\xdd\xc8\xd8\x19\xca\x82\xd4\xd8\x2c\xcb\x809C\x94\x16F5\xd0vn\xe7\xc4\x88\xc2\xe6q\xa9\x7bw\x15\x60\xaf\x16\xcf\xeb\xd5\xf3\x28\x9f\xe6\xf0c\x5cb\x7e\x3e\x05\xf6\x0es\xf6\x0f\xa5\xa2\xc1\xd7\x87z\xa4\xd8\xb1oy\xa72Kt\x03\x01\xf6\x7dw\xa9\x91\xf9\x84\xcb\xcc9\xa8\xc6l\xb6.\xb0\xa0\x1d\xcc\xc4s\x5b\x96\x16Kby\xcd\xe3\xf4\xc3UR\x12\xe3\x13\x845\x7c\xc2\x02\xd9\x86\xc6\xdf\xc0\xbax\xca\x7d\x5c0ALBM\x00\x00\x01\x11\x12\x28c\xc4\x16\xb9\x29C\x85M\x24\x9e\x5e\xc0\xe4\x5d\x05\x91\x89\xed\xb4hAk\xb0\xa1\x96ob4\x8b\xad\xaf\xaff\xdf:\xcb\x89Rq\xaa\x29\x0cY\xfe\x29\x8f\xdf\xba\xda\x2f\xc5\x0b\xc8\x23C\xd7nX\xaa\xd1\xd55\xf4\x85\x14J\x3b\xdb\x5cn\xd8\x96\xbf\xb7I\x7e?\x16\xb4\xa8\xd2s\x01\xfc\x0c\xa5FwJ\x7d\x5ct\xd7\x8fm\xab\x14\xe6t\x99\x9f\xbe\x03\xcc\x83\xe3\xc5\x8cNo\x04\x2d3 \x26\x12\x2b\xec\xd0\x98\x8b\xe16\x1cE\xa4aO9\xeaq\xcd\x9b\xf3q\xb2\x07\xb3\x16\xb42OZ\x3bALBM\x00\x00\x01\x29\xbf\xa84U\x2c\x1dc\x9b\xbb\xf3T\x8d\x97\xdf\xfd\x3e\xb2\x1e\xc1\x5c0\x1f\x29\xa4\x04\x5e\x2d.\x5cr\x25\xf3\x5cn\x9e\x05\x83\x8a\xfd\x8e2\x1a\xd7\x40W\xb3Z\x07W\x8c\x3dN\xe14\xec\xab\xecm\xbaU\xc9\x5cb\xf4\xdd\x5ct\x18\xcc\xcb\xbbo\x2b\xe3\xd0\x5cb9Y\xd8\x9f\xe3\xb3v\x89\xdc\x936\xbd\x89\xe5\x3dY\xeb\x3cU\xfb\xc2\x2c\xcb\x04\xaa87\xfe\xc2\x16\xa9\x03\x88m\xe5\xd5\x85\xb6l\x2d\xc7\x1c\x84\x96\x5ct\x27r\x5cb\xec\x1ea\x1f\xd0\x1eP\xdbl\x8d\x18\xaa\x079\x83z\x04\xef\x04\xb2JWt.\xfd.\x10\x400\xbf\x84A\xab\x85\x23?\xc1GP\x99\xf5\xfdTITL\x00\x00\x01!x\x85E\x9eB\x80K\xe6\x86r\x5c\xban\xc6\x1f\x88\x7b\xff\xa0d\xad\xb7\xde\x9e\xa8\x3e\xfb\x9d\x2fc\x93n3w\x92\x9d\x29\x9c\xeeZ\x3bb\xc1\x26\x88Fx\x18\x86\xc4\x22p\x9d\xf2M\xbd\x97\x86\xd4\xdddi\x14\xe3\x19\x40\x273\x16\xf6j\xb16t\xbd\xdd\x1d\xae\xc9\xd1\xc1\xb7\xc5\xdb\xb4U\xf3\x7b\x5cr\x0c\x92\xe6\x85f\xc8\xdc\xe4\xe4hp:\x2f\x5ct\xc6\x95\x1c!\x29z\x7e?\x2c\xed\x82\xff\x2d\xbf\x05\xd0B\x94\x0eu\x14:HM\xcd\xc4\x97\xc5M \x8a\x0c \x968\x5d\x3dJ\xdd\xea\x14\xd3dX\xc6\xd2\xb8\x8b\xf6H\xa0\xb7\xdcp\xda\xae\x1c\x7f</data></write>
    <read><delim>\x0a</delim><match><data>Title: x\x85E\x9eB\x80K\xe6\x86r\x5c\xban\xc6\x1f\x88\x7b\xff\xa0d\xad\xb7\xde\x9e\xa8\x3e\xfb\x9d\x2fc\x93n3w\x92\x9d\x29\x9c\xeeZ\x3bb\xc1\x26\x88Fx\x18\x86\xc4\x22p\x9d\xf2M\xbd\x97\x86\xd4\xdddi\x14\xe3\x19\x40\x273\x16\xf6j\xb16t\xbd\xdd\x1d\xae\xc9\xd1\xc1\xb7\xc5\xdb\xb4U\xf3\x7b\x5cr\x0c\x92\xe6\x85f\xc8\xdc\xe4\xe4hp:\x2f\x5ct\xc6\x95\x1c!\x29z\x7f\x2c\xed\x82\xff\x2d\xbf\x05\xd0B\x94\x0eu\x14:HM\xcd\xc4\x97\xc5M \x8a\x0c \x968\x5d\x3dJ\xdd\xea\x14\xd3dX\xc6\xd2\xb8\x8b\xf6H\xa0\xb7\xdcp\xda\xae\x1c\x0a</data></match></read>
    <read><delim>\x0a</delim><match><data>Album: \xbf\xa84U\x2c\x1dc\x9b\xbb\xf3T\x8d\x97\xdf\xfd\x3e\xb2\x1e\xc1\x5c0\x1f\x29\xa4\x04\x5e\x2d.\x5cr\x25\xf3\x5cn\x9e\x05\x83\x8a\xfd\x8e2\x1a\xd7\x40W\xb3Z\x07W\x8c\x3dN\xe14\xec\xab\xecm\xbaU\xc9\x5cb\xf4\xdd\x5ct\x18\xcc\xcb\xbbo\x2b\xe3\xd0\x5cb9Y\xd8\x9f\xe3\xb3v\x89\xdc\x936\xbd\x89\xe5\x3dY\xeb\x3cU\xfb\xc2\x2c\xcb\x04\xaa87\xfe\xc2\x16\xa9\x03\x88m\xe5\xd5\x85\xb6l\x2d\xc7\x1c\x84\x96\x5ct\x27r\x5cb\xec\x1ea\x1f\xd0\x1eP\xdbl\x8d\x18\xaa\x079\x83z\x04\xef\x04\xb2JWt.\xfd.\x10\x400\xbf\x84A\xab\x85\x23?\xc1GP\x99\xf5\xfd\x0a</data></match></read>
    <write><data>\x00\xffHDR\x05\x0c\x00\x00\x00jALBM\x00\x00\x00P\x12\xe7\xff\x5ct\xf40\x99\x1f\x84\xe4\x9e\xe4HSELa4\xc2\x5b\xbe\xbb\xe7\xe6\xde\xab\x40\x9c\xda\x8bgc\x15B\x02\x2d\xa3z\x14EI\x04\xb7\x90\xd5I\x26\x9c4\x01\xb2\xf5\x2c\xcd\x8ciwG\xef\x1d\xcc\xca\x5c0\xeb\x9d\x5bt\x8d\xef!\x3b\x9d\x5ct\x8f\xe4\xf4\x19TITL\x00\x00\x00\x0a\x8b\x8d\xe4\xe4\xccD\xb4\xaa?\xe2\x7f</data></write>
    <read><delim>\x0a</delim><match><data>Title: \x8b\x8d\xe4\xe4\xccD\xb4\xaa?\xe2\x0a</data></match></read>
    <read><delim>\x0a</delim><match><data>Album: \x12\xe7\xff\x5ct\xf40\x99\x1f\x84\xe4\x9e\xe4HSELa4\xc2\x5b\xbe\xbb\xe7\xe6\xde\xab\x40\x9c\xda\x8bgc\x15B\x02\x2d\xa3z\x14EI\x04\xb7\x90\xd5I\x26\x9c4\x01\xb2\xf5\x2c\xcd\x8ciwG\xef\x1d\xcc\xca\x5c0\xeb\x9d\x5bt\x8d\xef!\x3b\x9d\x5ct\x8f\xe4\xf4\x19\x0a</data></match></read>
    <write><data>p\x8f\xf5\xfe \x22L\xbcj\x1a\xf5q\xd4\xea\x5eT1vy\x3bZ\xb7\xb4\x24\xd5\x3bm\x9cciH\xc7R\x05\x0c\x00\x00\x01yARTS\x00\xe0\x01\x00\x3d\xa5\x91\x14\xbc\x22\xb8\x95z\x5cbBHY\xf0U\xde\x3d\xc4\x19\xc7\x13\x9dj\x5f\x0b\xac\xe1Z\x84\x2d\x14\xa6\xd0!\xd0\xcd\xd1\xff\xceK\x19\xe4\x02SD\x2b\x90\x5e\x03\x85\xef\x26\x27Q\x17\x1f\x5cbq2\x28\xed\xbb\x1cD\xab\x40\xd1\x5crJIw\xf06W\xddp\xa0:\x15\x9es\xc2\xf8\xff\xdb\xe2K\x2a\x8c\x9d\xfc\x1aY\x05\xc0\xb6\x1c\xa0\x5c0j\x7e\x3e\x01\xc2\x7b\xf5\x0e0\xfc\xd1wUgli\xc60a\xbfT\xe3H\x8bb\xdaALBM\x00\x00\x00iV\x5ct1n\xa0\x8ax\xb3\xab\x12IT\x5c0\xf7eP\x9f\xa0\xed\x16\x11\xdc\xfeEE\xa7\x27\xec\xe3\xcc\xdcL\xf3\xfd\x84p\x95\xd2\xd2\x8d\xcf\xd4\xe0\xf7\x2d9\x01SgI\xee\xde\xd8\xf9f\x12\x3c\x1b\x0f\x5cb\x8b\xceP\xd2\xde\x91l\x02\xf3\x17\xf5\x24\x06\xbfNbx\x18\x5e\x5b\x1b\x60\xcb\x7e\x3e\xac\x5c9\x8f\xf88\xac\xea\xdf\x8a\xb6\xdf\xe3.u\x1a\x97\x26\xa0\x9e\xb3\xc9\xe0?i\xb6\x23\x5cn\x1e\x9e\x05\xd9\x85\x15\xa7\x1a\xcd\xbeY\xe4\x7c\x95g\x18\x7c\x7f</data></write>
    <read><delim>\x0a</delim><match><data>Album: V\x5ct1n\xa0\x8ax\xb3\xab\x12IT\x5c0\xf7ePC\xa0\xedq\x11\xdc\xfeEE\xa7\x27\xec\xe3\xcc\xdcL\xf3\xfd\x84p\x95\xd2\xd2\x8d\xcf\xd4\xe0\xf7\x2d9\x01\xa8g \xee\xde\xd8\xf9f\x12\x3c\x1b\x0f\x5cb\x8b\xceP\xd2\xde\x91l\x02\xf3\x17\xf5\x1a\x97\x26\xa0\x9e\xb3\xc9\xe0?i\xb6\x8d\x5cn\x1e\x9e8\xd9\x85\x15\xa7I\xcd\xbeY\x5f\x7c\x95g\x18\x7c\x0a</data></match></read>
    <read><delim>\x0a</delim><match><data>Artist: \x3d\xa5\x91\x14\xbc\x22\xb8\x95z\x5cbBHY\xf0U\xde\x3d\xc4\x19\xc7\x13\x0fj\x5f\x0b\xac\xe1Z\x84\x2d\x14\xa6\xd0!\xd0\xcd\xd1\xff\xceK\x19\xe4\x02SD\x2b\x90\x5e\x03\x85\xef\x26\x27Q\x17\x1f\x5cbq2\x28\xed\xbb\x1cD\xab\xaf\xd1\x5crJIw\xf06W\xddp\x5c:\x15\x9es\xc2\xf8\x9a\xdb\xe2K\x2a\x8c\x9d\xfc\x1aY\x05\xc0\xb6\x1c\xa0\x5c0j\x7e\x01\xc2\xee\xf5\x860\xfc\xd1wUgli\xc60a\xbfT\xe3H\x8bb\xda\x0a</data></match></read>
    <write><data>0\xcf\xfev\xd4F\x7e\x3e\xe0\xa7.\xc0\xe8H\x1bHDR\x05\x0c\x00\x00\x08\x7cARTS\x00\x00\x016\x81\x90\x80\x93\xf9o\x24\xf7\xaa\x26Qg\xcfCu\x9ch\xca\xaf\xf6X\xf1\xd85\x28\x7dm\xd5\xad\xd45G\xf3O\xd2\xea\xbb\x88\xe4\x0c\x15\x40!\x7d3\xc7qK\xd5\x3dJb8UQ\x12H\x87\x5d\xcb\x12n\xa5\xd0\x3e0bp\xb2\xf1\x14\xe5C8\x27\xcc\xa3b\xe7\xdal\x80\xf0\xbcy8\x81\xbfQk\x3b\xa1\xa8\xbb\x07\xea\xbe\x9dc\x5db\x84c\xc1\xcc\xbai\x17\xf9\xb2\x29m\xa7\xbe\xe8pb\xdd\x16\x9f\xb8sbZ\xdaa\xef\x96O\x19\xdc\xd7\x0c\x03\xeb\xe1\x9e\x92\x2cR\x02\x9e\x03\xf3\xaeB\xd9 cv\x60\xee\xe4\x8e\x3c\xa6\x9fq\xe5\x27\xfb\x1aK\xd3a\xab\xce\x5e\x5e \xef\xb5i\x9b\x82\x5c0X\xf1\xbf\xba\xefARTS\x00\x00\x00l\xbd\xc7! \xe9\xecw\xe7\x9aV\xd4\x8f\x90g\x8c.\xc5\x92\x8f\x03\xbbW\xf30\xcc\xc1\xa9\x5c0A\xd8\xe4\x5c\xe6\xff\xffy\xc9\xb85\x5b\xa9\xd1\x08\x18qB\xaa\x1ci\xf1K\x2aTMNU\x3bD\x8av\x0f\xa0\x22\xf2KJ1\xb6m\x99\xf5\xd2\x19\x5c0\x05\x91\xcb\xb6\x97\x98\xea\x0c\x3eZ\x05r\x8a\xa8\xa9\x24\x17\xd8\xc1\x1dN\xc33\x8e\xa7j\xc3\xaa\xe53Mi\x19\x85\xd9\x8a\xbd\x25\x27B\x2b\x26\xc0\x8aARTS\x00\x00\x00f\x2d\xe9\xb2\xc7\x29Vun\x89\xe6\x80\x87\x27\x2c\x01\xe1\x3c\xf5\x93K\xa2\x28\x14\xbf\x17\xaf\xcc\x80op\x9eV\x80\xb6R\xfc\x3e\x12\x9c\x7e\x3e\xe0\xe6\x5b\xcf\xde\xc3duw\xf2K\xc2JS\x86\xc0\x9e\x8d\xeb\xed\x5d\xfaQ9\xce\xb8\xed\xc1\x8bQ\x19\xe6\x82O?\x29\x86\xeaO\xe9\x2c\x3c\x7d\xce\xe0\xb6\xc3\x97\xc5\xf3\xd9\xae\xd3\xce\xd9M\x04\xa2L\x83A0ALBM\xb0\x00\x00\x3e\xe7\xaeV\x8b\xe4\xebP\xdc\xc3\xfbh\xfb\xc9\x5ct\xf0F\x5cr.\x9f\x25\xcb3CUR\xf2T\xa5p\x9b\xb0\x40\xb9\x929\xc9\xd7\x2a\x19\x3cz\xc8\xad\x5cry\x84\xd8\x83\xa7e\x5d\x2cfZ\xe1\x8d\xa3\xd3\x25\xe4r\x243ND\x96\xb5\x12\xa3K\x84ALBM\x00\x00\x00W\x9b\x01\x03\xcf\x13\xebn\x3e\xec\xfd7b\x16n3a\xb1\xb4\xdeG\xf9\x02\xfa\x7cg\x5cb9I\xc2\xdf\x5dk2J\xa5y\x5c\xe1\xbaT\xb4\x0bI\x22Z\x5cn\xc4A\xb8\x0c\xd0\xea\x27\x7c\x60SY\x8a\x16\xec\xf8S\x01\x99\x2d\xff\x1d\xaa \xca\xc4\xf5\x070\x3d\x05\xbft\x98\xbd\x27W.\xe4\x9cTITL\x00\x00\x00Gy\x9c\x1b\xea\xdf\x15\xc9M\xd6\xefH\xdcN\x2bSp\xc2\x1aK\xf8\x7c\x5e\xed\xc8\x0c\x01\x9c\xed\xf6P\xd58\x22\x95\x27N\x9bPV\x1e\xdf\x3b\xc3\x5dQL\x0c\xc200\x2f\x5cr\xd3\xb5\x15\x27\x5cb\x8a\x82nn\x16\x1f\x3e\xac\x5d\xa6X\x60ARTS\x00\x00\x01\x11\x3b\x1a\xf8\x90\xbe\xfc\xce\x1fAK\x86\x95\x7c\xbd\xee\xd3\xea\xafL\x3b\xfc\x5e\x90\x85\xcc\x1b\xf6\xce\x02\xf9\x91D\x99\xfa\x8e\xa8\xe6\x85\xea\xb1D\x07\xd6\x9f\x12\x02\xcdE\x80\xfbzvh\xb8H\xd7\xe4\x04\xd4\x18\x25\xbe\xf2\xed\xadH\x07\x8f4\xe8\x2bq\x13\xcd\x5c\x15\xa0\xd5\xbd\x23T\xd1\xd7\xd6nQ\x7c\x82\xfa\x11j\x83\x1bW\x27\x22\xf0\xc3\xa4h\x99\x87\xbcC\x0e\xd5\x1a\xb5\x84\x1c\x8e\x88Rl\xd8\xdb\x9a\x06\x81\x7d\x92\xb1\xc1F\x3c\xa6V\x9d\xcb\x18\x5cn\x0e\x25\x93\x11\x5e\xb30\xb4s\xd0\x23\xc8\xe9\xcfH\xcbTt\x9e\xa59\x1d\x23\xd9\x0fALBM\x00\x00\x00k\xfb\x83nc\xb7n\xc4\x8e\x0e\x1a4\x8b\xeb\x17\x84\xd8Q\x81\xfa5\x40\xa2\xd3!U\xd0\xc0\xd8\xba\xcf\xd9e?wwM\xc9\xbb\x9c\xaf\xa4Z\x5f\x98\x99\x03\xbbI\x10\xcfX\xfbA\x8bB\x81\x99\x85\x82\xba\x28\x8b\x1a\xfd\xf8\xe2w\xcc\x14\xaf\xd1\x1cO\xf2\xe1\x3e\x2a\x86\x01x\xcc\x84.\xb7g\x9b1\x06w\xf6\xb4\x5d\xe9\xa5g\xf1Tl\xd8oe\x1f\xf8\xe9\xce\xd1\xa4ALBM\x00\x00\x00\x7c3\xb3\xac\x90d\xb1zh\x18\xdd\xda\x8f5\xe3\x87\xb5\xac\xf9\xcc\xccN\xeeA\xbc\x7b\xedH\xcf\x7b\x2c\x9e\xee\x5e\x03\xad\xd35\xf6:Y\x91\xa2\x04o\x7e\x3e\xa9\xc1\xaf\xfd\xa7\x5ee\x12\x91\xdf\xb1m\x1a\x9f\xe6\xe6E\x3e\xb2\xc3\xaf\xd3\xd7\xb9\x0b\xfd\xe21e\xfb\x28J\xd36\xbboF\xdd\xaf\x90\x82B\xeb \x96\xfe\xf9\xa0\x8du\xdc\xa9\xeb\x9f\xc8\x02\x2a\x0b\xa8\xf5\xba\xe7\xb2\xd7\x2b\x7e\x3e\x1e\xcfk\x95:\x40\xa4c\xa7\xf3\x23\xebO\xfa\x04\xc7\x95\x1b\x16\x04D\x7e\x3e\xaf\xc4\xc4ARTS\x00\x00\x00P\x06\xdb\x3d\xba\x80\x3b\xd22\x87\x5cr\xdb\xba\xa5\x24\x23\x1aD\xf1\xc9\xb4V\x5c0\xd6\xd6\x19zG\xe7\xc6\xc5V\xb5\xd0\xa8\x40Gc\xcaj\xa1\x23u\xbe\x80\xb4\xa0E\x3d\x98\xcf\xc6\x05\xb4T\xe4S\xac\x15\x2c\x90\x04\xc5\x3c\xbey\xa9l\xf7\x86\xa8z\xa6\xb9\x1aqGH\x85\x7f</data></write>
    <read><delim>\x0a</delim><match><data>Title: y\x9c\x1b\xea\xdf\x15\xc9M\xd6\xefH\xdcN\x2bSp\xc2\x1aK\xf8\x7c\x5e\xed\xc8\x0c\x01\x9c\xed\xf6P\xd58\x22\x95\x27N\x9bP\x91\x1e\xdf\x3b\xc3\x5dQL!\xc200\x2f\x5cr\xd3\xb5\x15\x27\x5cb\x8a\x82nn\x16\x1f\x3e\xac\x5d\xa6X\x60\x0a</data></match></read>
    <read><delim>\x0a</delim><match><data>Album: 3\xb3\xac\x90d\xb1zh\x18\xdd\xda\x8f5\xe3\x87\xb5\xac\xf9\xcc\xccN\xeeA\xbc\x7b\xedHY\x91\xa2\x04o\x7e\xa9\xc1\xaf\xfd\xa7\x5ee\x12\x91\xdf\xb1m\x1a\x9f\xe6\xe6E\x3e\xb2\xc3\xaf\xd3\xd7\xb9\x0b\xfd\xe21e\xfb\x28J\xd36\xbboF\xdd\xaf\x90\x82B\xeb \x96\xfe\xf9\xa0\x8du\xdc\xa9\xeb\x9f\xc8\x02\x2a\x0b\xa8\xf5\xba\xe7\xb2\xd7\x2b\x7e\x1e\xcfk\x95:\x40\xa4c\xa7\xf3\x23BO\xfa\x04\xc7\x95\x1b\x16\x04D\x7e\xaf\xc4\xc4\x0a</data></match></read>
    <read><delim>\x0a</delim><match><data>Artist: \x06\xdb\x3d\xba\x80\x3b\xd22\x87\x5cr\xdb\xba\xa5\x24\x23\x1aD\xf1\xc9\xb4V\x5c0\xd6\xd6\x19zG\xe7\xc6\xc5V\xb5\xd0\xa8\x40Gc\xcaj\xa1\x23u\x5d\x80\xb4\xa0E\x3d\x98\xcf\xc6\x05\xb4T\xe4S\xac\x15\x2c\x90\x04\xc5\x3c\xbey\xa9l\xf7\x86\xa8z\xa6\xb9\x1aqGH\x85\x0a</data></match></read>
    <write><data>\x60\x9f2z\x18\x5c\x0cH\x2bu:\xe0\x87\x0e\x1a\xf9\xd1\xb8c\x7df\xfc1e\x0axHDR\x05\x0c\x00\x00\x0c\x10TITL\x00\x00\x00\x40\xbc\xc4\xbd\xf5\x22\xbez\x91\xd8\xc8\xe2\x10\xb6\xb2\xa9\xc1\xcb\xb1\xea\xde\x025Ax\x29\x8fH\x94\x25\x10\x0b\x26\xbc\x0e\xa1\xa9\xcb\xae7\x04\x5e\xffm\xbb\x05\x96\x25\x92\x26\xb3\xa9\xae\xc8\x0bF\x1f\xff\xc49\xad\xe7\x7b\x1a\xdbALBM\x00\x00\x00\x2c7\xa3\xee1\x25\x93l\x2d\x1e\x1b\xc6\x1f\x16\xc1\xe0z!\xadH\x2a\x7d\xf7wDT\x15\xeaE\x90\xce\x82\x7e?\x90\x06\x1d\x9a\xa5\xe9\xec\xf7.\x5b\xcatTITL\x00\x00\x00W\x93\x5e\x3e.MR\x89\x88\xb7\x8a\xc2h\xc7\x0fkc\x1c\xeb\x8d!H\x02I\x7b Gq\x08l\xe2\x5cb\xd2\xbb\xc0\x7b\x0f\xfe\xb5\xa6\x1b\xd3Yy\xe7\x8f\xfa\x5f\x8d\x99\xff\x1e\xd94.\xc7\x01\x5c0\x82\xd2\xeca\xbaP\xa6\x7d\x1d\xa5\xe7\x99\x5b\xe9t\xbc\x24\xae\x5b\xe9\x5cn\x83\xe4\xf5\x268\x14AMB\xa0\xc54\x60\x93\xdb\x7e?\xa0b\x86\xa5ba\xd5\x22\x8d\x01\x89\xc3\x5e\xf5\x06\x22\x7e?\xa4\x00\x00\x00t7\xaa\xd8\x8c\xd1\x95\x5d\xe58N\x29n\x8d\x8d4\xae\x92\xdd\x27\x95\xef\x15\xf6\x1d\xb7\x60S7vXzI\xce\x9d\x96!\x8d\xe8qu\x04\xe6\x0f\xdb\x18\x7d\xd1\xe6\x5cb\x25\x8b\x8f\xb4p\xe7\xd8\xb7\x8e\x19\xf6\x5c0\x5c0\xd8\xf9\xa3\xe5\xcd\x601\xdf0\xf6.xz\xc8\x7bPRjP4\xcc\x60!\x86\xd3\xaf\x60\xe0ar\x1b\x9b\xfe\x8f\xc1\xb3\x7cdC\x1dB\x23\xd6.\xad\xa1\x06L\x8a\xeaLARTS\x00\x00\x00P\xb4\xd7P:\x5cn\x8f\x3b\xe1\xeem\xb2O\x7e\x3e5Q\xdb\xe6\xf5\x0bz\xee\x9d\x3embm\xc8\xa8\x82\xa7\xfc\xeaF\x85\x89\xe1\xa8j\xbaa\xfc\x1f\x3e\x93\xe3\xd7\xe5\x1d\xdf\xde\x1f\xf20\x0b7\x13\x2a\xaaT\x7b\xe8U\x22\xda\x88\xb89AVT\x8e2\xc3\x81\x25T\xabP\xaeAPTS\x00\x00\x01\x05\x1b\xef\x5e\xd1\x5ct\x1a\x5cn\xef\x8f\xa0\x0e\xeb\x0a\xf8umiX\x9c\xab2\xba\x84\xc0y\xde\xbfC\x94\x28\x01S\x04q\x15\xc7\x8d\xb3\x8ezbK\xcc\x5cn\x23N\xd9\xba\xcc\xb9\xb8\x83\xa7\x2f\x1f\x3c\x25\x18J\xe8\xa7oO\xe7d\x8bO\x9a\x7b\x1a\xe3\xc8\xbc\x60\xd7\xfeB\xca\x9co\x13\x19U\x5dU\xe0\xe9\x28\x5b\xdb\xe0 \xd4\xfd\x8e\x8ab\xbb\xf0\xb6\x3co\xe6h\xcbm\x28G\x07N\xe8QM\xfa\xcd\x8c\xa4\xd4\xfb\x24\xef\xd7:\xe9\x5f\x81\xad\xa4!\x8f\x5e\x0f\x12\x7c\x5b\x7e\x3e\x06\xfa\xca\x90\x81\xca\xad\x7d\xc1\x8d\xe2\x92\xec\xb2\xc1\x9a\x04TALB\x98\x00\x00\x01\x01g\x97\x5c0\x9a\x8f\xc7\xe9?\xe6\x27\xa9l\xf4\xe0\x12\xc3Z\x07x\xd0\x10\x1a\x8a\xc9\x12\xe1Z\x8f\xda\xe2\xce\xf8\xee\x91\xb5\xb6U\xb3\xcbT\x7d\x25\xe5\xb2\x40\x28\x5cb\x04\xd0\x3c\xb9B\x8d\x89\x5ct\x2c\x19\x5f\x5bh Z\xef\xc6\x3b\x0b\x18\xe3\xafS\xaa\x1f\x06\x87\xb1\xfe\xa9\x87\x23bj\x5cb\xe9\x93h\xa4\x91I\x5b 8\xeaEP\xb0\xfd\xce\xd4n\x80\xf5Z2\xa8\xa8\x19\xa9\xe8\xf2\xc3d8\x82P\xb6\xbd\x0dGDS\x5e\xa0\x81\x00\x5c0\x17 \xa9\x16\x26\x01\x3b\x03I\xa2\xb2S\xfb\xb0\xde\xc5\xfc\xf4\xe4\xee\x82\x2cETITL\x00\x00\x00k6\x7c\x17\xe6\x04\x83\xads\x9f\x85\x0f\x2d\xe68\xfa\xd4\xc7D\x404\xe8\xa8\x89\x5c0\xf3\xe3Y\x7e? \xcb\x3d\xec\xe3\x7b\x5cb\xa6\xb5\x9f\xacH\xee\x99\x26\xe9\x17b\x2f\x2b\xe0V\x7e\x3e4\xb5\xdf\xe4\x28v\x7d\x83\xd7\xael3\x07\xa6\x60J\x25a\x8a\x2ag\xe1\xedm\x10\x85\xa1\x04l\x5eo\xea\xb9\xe0\xf5\xf2\x9c\xed\xcdAb\x8cI\xe5o\xee\xc6f\xe0?\x97\x96\xba4TITL\x00\x00q\x22y\x27\xfbC!\x93\xe4\xf4\xe7\x8d\xe3\x87\x91\x96\xc2M\x06ss\x1agE\xd9\xa0\x26\xa4\x7c\xa4\x7e\x3e\x5ct\xcb8\x2a\x29\x82\xdcP\x924\xee\x25L\x10\x2b3\x7e?\xd1\xd7w\xb5\xfa\x40\x92\x16\x25\x5c0ak\xb6\xad\xffR\xb1\x28\xa7i\xc3\x07Y\x24L\xe9\x9a\x03\xb9\xd9\xb8\xc08\xe7\x3er\xeb\xef\xaed\x5d\xe8Yj\x97\x8e\xe3\x5d\x00\xecu\xf5\xecl\xbfY\x1aP\xaf\xf9\xde0\xe5h\xf0Q\xfcl\x10\xd1\xbd\xc4\x29\xe3\x0e\xcc\xadD\x80\xbd\xad\xb9\x99b\xf49Q\xe6\x81\xdb\xea\xd2\xee\x90\x5cG\x0c\x24\x8b\x7c6\x8e\x3c\xfdy\xf3\xf8k\xa9\xc1\x9e\x8amw\xf0\xa0C\x2a\xb0\xe7\xdd\xab\xf5\x2d\xc6M\x88j\x19\xbb\x25\xa0\xb4\x5e5n\x0e\x27TITL\x00\x00\x00r\x5b\xffu\x3b\x13\x3d\x7d\x1eY\x88\xc8s\x86\xf3d\x84H\x26\xc5r\xf3Dh\x87\xf54\x90\xcbx\xc2\xd8\x5e\xdaO\x3e\xce\x5cnS1\xe9l\x1b\x86\xfc\xf8l\x7e\x3e\x1c7\x16\xe5\x8e\xdd\xbc!\x7e\x3e\xd1\xc2\x98fsr\xa0\xb3\xa9\x26\xfd\xc04\xa9\x81q\x2fw\x13\xfc\xea\xcb\xbf\xdb\xb0\x7e?\x3etP\xc3\x99\xb5\xfe\xbb\xfar\x99\xbe!\x90\xc4f\xf9V\x98\x7e\x3e\xff\xf7\xe4\x7c\xa5\xf2\xbe\x7c\x9a\x81\xc1ARTS\x00\x00\x00\x1ax\xb7Y\xed\xef\xe1\xe9\x27\xe5PT\x27\xe6\x8b\x94l\xe5\x9e\x40\xe6\xdd\x1a\xd6\x2a\x9e\xfc \x03d\xfa\xb4\x2a3\xc8LY\xe4w\xd6\x22\xea\xb6\x27BP\x0a\x29L\xcf\xf7ARTS\x00\x00\x004\xbc\x5d\x7d\xed\x1d\x7bO\xc6\x242\xbb\x020\xf4:\xe4\x7b\xcb\x1f\x0bH\xffx\xe0\xdb\xf5\x03\x5c\x5c0\xb1\x5c.\xde\xcb\x5fv\x24\x2d9n4\x89\x3cF\xae\x5e\xbb\x17\x81\xa6\x1cALBM\x00\x00\x00x\x7e\x3e\xc1\xea\x9c\xfd\x80\xe3\x5cn\xe46z\x0f\xf5\x24\x9emt\xb9\x99\x0cx\x1cn\x12\x82\xe8\xd7\xab\xb0\x87\xa8\x91D\xb8V\x8b\x1e\xc8\xf7\xd9h\xfeV\xe2VJ\x13f\x88K\xf4\xbdRS\x14P\xc6\x27\x5c0S\x3c\x14\xb0E\x80\xa8\xd5\xf4U\xb1G\xb1\xd8\xef\xfcX\xfd\xa9\x9e\x5db\x25\xbc\x86\xfa\x15s\xda\xd3\xa6\x5cr4\xa46\xbd\xf2\xb3\x7b\x27\x7e\x3e\x5cn\xa7\xf8\xf1\x5c\xd4\x3d\xacF\x86\xe9qn\xd8M\xefARTS\x00\x00\x00\x11 \xdf\xd1rw\xd1\xe5\x2d5\xf8\xd9\xb4M2\xd5\x03\x92ALB\x5b\x00\x00\x015o\x89\x12\xe9\xf8\xfe\xd3\x90\xdb\xf2\x7e\x3eVZ\xb3\x29.J\x5c\xdd\x8f.\x85\x5f\xbc\xab\xeb\x0d\x14\xea\x5cS\x80\x8c\xfe\xe8\x1c\x80.\x92\x3e\x90\xed\x01\x23\x60\x8b\x1b\x2d\x3e\x9ff\x7e?\x5cr\xc0\xdf\xb7P2\x161q\xb5\x0e\x98\xa1\x8e\x23\xcbi\x95\xfbWh\x0e\x95Og22\x7e?\xd4l\xedB\x845\xd2\xbbV3\x7e\x3e\x24\xb6\x5cn\x1d\x5ct\xf7\x91\x16\x5c0\xe7\x17\xae\xf5\xf3v9l\xaeP\xcd\x2fe\x8c\xb6\x1a\xe9K\x2d\xa14t\x5f\xd8\x05\xd0\xe7\xec\x60\xddz\xf6F\xd7\x95\xc45\x0c\x9a\x06 \x05\xcc\xe1\xc6\x13\xcaS\x986c\xd2\x2fo5\x90\xcd\x88\xf3\xbf\x5crUO\xcdg8\x7c\xa1\xa8\x3b\xf0\x99\xa7\x60\x86\xcf\x94\x1f\x8bk\xd096\x91S!\x0e\x1eV\xb0\xfa\x17l\xfe\x9d\xb7\x92\xdc\x01\x1d\x7f</data></write>
    <read><delim>\x0a</delim><match><data>Title: \x5b\xff9\x3b\x13\x3d\x7d\x1eY\x88\xc8s\x86\xf3d\x84H\x26\xc5r\xf3Dh\x87\xf54\x90\xcbx\xc2\xd8\x5e\xdaO\x3e\xce\x5cnS1\xe9l\x1b\x86\xfc\xf8l\x7e\x1c7\x16\xe5\x8e\xdd\xbc!\x7e\xd1\xc2\x98fsr\xa0\xb3\xa9\x26\xfd\xc04\xa9Pq\x2fw\x13\xfc\xea\xcb\xbf\xdb\xb0\x7f\x3eQP\xc3\x99\xb5\xfe\xbb\xfar\x99\xbe!\x90\xc4f\xf9V\x98\x7e\xff\xf7\xe4\xb8\xa5\xf2\xbe\x7c\x9a\x81\xc1\x0a</data></match></read>
    <read><delim>\x0a</delim><match><data>Album: o\x89\x12\xd1\xf8\xfeS\x80\x8c\xfe\xe8\x1c\x80.\x92\x3e\x90\xed\x01\x23\x60\x8b\x1b\x2d\x3e\x9ff\x7f\x5cr\xaf\xdf\xb7P2\x161q\xb5\x0e\x98\xa1\x8e\x23\xc4i\x95\xfbWh\x0e\x95O\x5d22\x7f\xd4l\xedB\x845a\xbbV3\x7e\x24\xb6\x5cn\x1d\x5ct\xf7\x91\x16\x5c0\xe7\x17\xae\xf5\xf3\xe39l\xaeP\xcd\x2fe\x8c\xb6\x1a\xe9K\x2d\xa1lt\x5f\xd8\x05\xd0\xe7\xec\x60\xddz\xf6F\xd7\xa3\xc45\x0c\x9a\x06 \x05\xcc\xe1\xc6\x13\xcaS\x986c\xd2\x2fo5\x90\xcd\x88\xf3\xbf\x5crUO\xcdg8\x7c\xa1\xa8\x3b\xf0\x99\xa7\x60\x86\xcf\x94\x1f\x8bk\xd096\x91S!\x0e\x1eV\xb0\xfa\x17l\xfe\x9d\xb7\x02\xdc\x01\x1d\x0a</data></match></read>
    <read><delim>\x0a</delim><match><data>Artist:  \xdf\xd1rw\xd1\xe5\x2d5\xf8\xd9\xb4M2\xd5\x03\x92\x0a</data></match></read>
    <write><data>p\x8f\xa1l\xe5\x02\x96\xdb\xfc\x1eq\xa3\x288\x9eJa\x5d\xa5\xdc\xab\xf01\xc1\x25\xac\x5b\x3b\x9f\xd3HDR\x05\x0c\x00\x00\x01\x13TITL\x00\x00\x01\xc9\xfe\x9d\xab\x5cr\x06\xe6\x8b\x90\xcc\xe9\xfcf\xa7\x17F\xd8A3\x8b\xa4\xf7\xfc\x89u\xa1\xe9\x1fa\xb4\xe7\xb4\x8a\x9f:\xfe\xc4q\xc5\x24\x5c\xe0\x5bT\x86C1a\xf0\xe5\x15t\xcd\xb1G\x0c7Seu\x28\x90\xf0\x22\xf7\x87A\x225!\xcbA\xfe\xc7\x1e\x7e\x3es\x5c\x5c\xa03\xcc\xf5\x17\xed\xfe\xe0R\xbbxg\xb8\x22\x85\xfc\xb9\x9e Nn\xc3\x3d\xe4\x95!\x8fA\xda\xf1\x3d\x7c\xc7S\x2f\xaa\xbcS\x16j\x7d\xbe\xd2I\x95\xfa\x15\xd9\xf4\xb0\xb9\xb1B\x179\x40\x1a\xa5\xdb\x94\x7f</data></write>
    <read><delim>\x0a</delim><match><data>Title: \xcf\x9d\xab\x5cr\x06\xe6\x8b\x90\xcc\xe9\xfcf\xa7\x17F\xd8A3\x8b\xa4\xf7\xfc\x89u\xa1\xe9\x1fa\xb4\xe7\xb4\x8a\x9f:\xfe\xc4r\xc5\x24\x5c\xe0\x5bT\x86C1a\xf0\x2a\x15t\xeb\xb1G\x0cPSeu\x28\x90\xf0\x22\xf7\x87A\x225!\xcbA\xfe\xc7\x1e\x7es\x5c\x5c\xa03\xcc\xf5\x17\xed\xfe\xe0R\xbbxg\xb8\x22\x85\xfc\xb9\x9e Nn\xc3\x3d\xe4\x95!\x8f\xbf\xa9\xf1\x3d\xee\xc7S\x2f\xaa\xbcS\x16j\x7d\xbe\xd2I\x95\xfa\x15\xd9\xf4\xb0\xb9\xb1B\x179\x40\x1a\xa5\xdb\x94\x0a</data></match></read>
    <write><data>0\xcf\x27 N\x3c7u\x60\x9f\xc9JjvHDR\x05\x0c\x00\x00\x00\x00\x7f</data></write>
    <write><data>0\xcfU:\x24\x91\x7e\x3e\xa1\x3e\xba\x156\xbb\xd5HDR\x05\x0c\x00\x00\x015TITL\x00\x00\x01\x2d\x82Z\x25\x26\xc6\x87\xcf\xef\xb4nV\xe5f?\x5fQS\x8b\x83\x1c\x1b3y\xfc\x99t\xb4\x3d\xa8.\xc5p\x16\xd8\xd5\x90\x0bo\x2c\x2b\xa6\x86\x83\xc2\xaf\xf0T\xa8\x29\x5cb\xc2\xdc\xfb\xa0\x0c\xb2\x5cnl\xa7\x3d\xcc\x9d\xd9\xe1\x5c:J\xf7\x28\xa1AV\x84\x2ft\xf2f\xe0\x04!\xe9\x87n\x8e\xb8\x7b\xb0\xcb\xe6\x3eQ\xf6\x7e\x3e\x26\x8f\x5b\x145\x60\xe5\xd5\xee\xec\xfci\x9a?\xd4\x9d\x3d\x2b\x5e8\x8f\x5c\xf5\x29\x1b\x60\x07\x1e\xa8\x10\xeb\x5c0\x5c0h\x07\x01O\x18\xf9S\xa1\xe0\x194\xba\xb3\xbe\xcc\xe3OX\xd4\x82\x8cX\xab\xaf\xf2T\xb7\x15i\xe4g\xdf\x13\xaf\x0c\x9fj\xe5\x8eMB\xe5B\x7f</data></write>
    <read><delim>\x0a</delim><match><data>Title: \x82Z\x25\x26\xc6\x87y\xef\xb4nV\xe5f?\x5fQS\x8b\x83\x1c\x1b3y\xfc\x99t\xb4\x3d\xa8.\xc5p\x16\xd8\xd5\x90\x0bo\x2c\x2b\xa6\x86\x83\xc2\xaf\xf0T\xa8\x29\x5cb\xc2\xdc\xfb\xa0\x0c\xb2\x5cnl\xa7\xc5\xcc\x9d\xd9\xe1\x5c0J\xf7\x28\xa1AV\x84\x2ft\xf2f\xe0\x04!\xe9\x87n\x8e\xb8\x7b\xb0\xcb\xe6\x3eQ\xf6\x7e\x26\x8f\x5b\x145\x60\xe5\xd5\xee\xec\xfci\x9a?\xd4\x9d\x3d\x2b\x5e8\x8f\x5cn\x29\x1b\x60\x07\x1e\xa8\x10\xeb\x5c0\x5c0h\x07\x01O\x18\xf9S\xa1\xe0\x194\xba\xb3\xbe\xcc\xe3OX\xd4\x82\x8cX\xab\xaf\xf2T\xb7\x15i\xe4g\xdf\x13\xaf\x0c\x9fj\xe5\x8eMB\xe5B\x0a</data></match></read>
    <write><data>0\xcf\x9e\xc6\x7d\x09Z\xb5\x24\x0c\x7c\xc1\xd1!HDR\x05\x0c\x00\x00\x014ARTS\x00\x00\x01\x2c\x1d\xc0\xc0\xdbUI\xc6\x3brp\x8a\x23D\x7b\x8c\xbe\xd5\xbf\x8d\xf3s\xfe\xc9\x96\xba\x16g\xa4Q\x7c\xe5\xe7\xe8\xde\xd2\x84\xd5\xbe\xa7\x2f\xe3\xa16\xed\xaes\x9dd\xc9\x14\x03\x05\xab\x7e\x3e\xd9\x98\xc9\xd8\xb1\xffa\xbe\xcb\x3b\xfe\xe5\x2d\x07\x10\x7e\x3e\x04\x7e?\xfd\xa5\xe6\x8e\x16d\xa7\x05\x2c\x96\x3egT\xec\x17\x87N\x2f\xa4c\x93\xc4\x026:\x2c\x02\x60\xb1T\xd2\x9d\xae\x7d\x7dP\x26\x8f\x24o\x04\x8d\xfe\x29\x7c\x99\x8a\x5e\xfd\xbd4\xd0\x10K\x11\xed\xa6C\x07\xc9sBH\xc9hwH\x24\xc9\x7b\xe2\xe79\x05Y\x94\xdf\xa9\xba\xcf\xc5\xa9\x7d\xd1\xecf\x94\x93\xe4\x05\xd4\xffq\x99\x97\x2d\x3b\xf4\xfcO\x7f</data></write>
    <read><delim>\x0a</delim><match><data>Artist: \xcd\xc0\xc0\xdbUI\xc6\x3brp\x8a\x23D\x7b\x8c\xbe\xd5\xbf\x8d\xf3s\xfe\xc9\x96\xba\x16g\xa4Q\x7c\xe5\xe7\xe8\xde\xd2\x84\xd5\xbe\xa7\x2f\xe3\xa16\xed\xaes\x9dd\xc9\x14\x03\x05\xab\x7e\xd9\x98\xc9\xd8\xb1\xffa\xbe\xcb\x3b\xfe\xe5\x2d\x07\x10\x7e\x04\x7f\xfd\xa5\xe6\x8e\x16d\xa7\x05\x2c\x96\x3egT\xec\x17\x87N\x2f\xa4c\x93\x8f\x026:\x2c\x02\x60\xb1T\xd2\x9d\xae\x7d\x7dP\x26\x8f\x24o\x04\x8d\xfe\x29\x7c\x99\x8a\x5e\xfd\xbd4\xd0\x10K\x11\xed\xa6C\x07\xc9sBH\xc9hwH\x24\xc9\x7b\xe2\xe79\x05Y\x94\xdf\xa9\xba\xcf\xc5\xa9\x7d\xd1\xecf\x94\x93\xe4\x05\xd4\xffq\x99\x97\x2d\x3b\xf4\xfcO\x0a</data></match></read>
    <write><data>\x10\xefY\x7e?\x09\xbaHDR\x05\x0c\x00\x00\x01XARTS\x00\x00\x01AV\x28\xa2s8m\xd1\xe0\xcaN\x93G\x0e\x1c.Hh\xb4\x0e\x5b\x85\x93\xe9X\xe6\x8d\xa2\xbc\x1e\xdd\x90Q\xba\xefr\x24 \x25\xa7a\xa9p\xfc\x5ct\xf6\x3b\xff\x90\xf2\xe0\x7b\xef\x40\x7e?\x83u\xd9j\x82\x9eZ\xcd\xa6\xb2l\x29\xaf\x1fS\x92\xe6\xf9TX\xeb\x8fJ\xf4\x95b\x04\xe2\xa3K\x5f\xdc\xe9E\xae\x23f\x1c\xadKL\xc2\x88\x06\xda\x0f\x11\x24\xa5\x1b\xd1\xad\xd7\x83\xfb\xbe\xe0y\xf6\x5cr\x22\x86\x0b\x15r\x81\xa5B\x0c\x19Zi\x60\xb1\xf9\x22\x91\x25H\x0c\x17\x29\xd5\xd8\xe3\x04\x98EP\x7c\xdc\x14\x7b\x2f\x0e\x9f\x5e\x28\xafZ\xdc\x82\x9f\xe3\x8ax\x0e\xa5\xcc\x16\xe62\xac\x7cm\x90I\xc9\x91\x89\x3d\xee\x05:M\xebo\xee\xb9\xf7\xa6\xe7M\x9e\x7dOFALBM\x00\x00\x00\x07A\xa8\x97\xea\x5cn\xe4\x7f</data></write>
    <read><delim>\x0a</delim><match><data>Album: A\xa8\x97\xea\x5cn\xe4\x0a</data></match></read>
    <read><delim>\x0a</delim><match><data>Artist: V\x28\xa2s8m\xd1\xe0\xcaN\x93G\x0e\x1c.Hh\xb4\x0e\x5b\x85\x93\xe9X\xe6\x8d\xa2\xbc\x1e\xdd\x90Q\xba\xefr\x24 \x25\xa7a\xa9p\xfc\x5ct\xf6\x3b\xff\x90\xf2\xe0\x7b\xef\x40\x7f\x83u\xd9j\x82\x9eZ\xcd\xa6\xb2l\x29\xaf\x1fS\x92\xe6\xf9TX\xeb\x8fJ\xf4\x95b\x04\xe2\xa3K\x5f\xdc\xe9E\xae\x23f\x1c\xadKL\xc2\x88\x06\xda\x0f\x11\x24\xa5\x1b\xd1\xad\xd7\x83\xfb\xbe\xe0y\xf6\x5cr\x22\x86\x0b\x15r\x81\xa5B\x0c\x19Zi\x60\xb1\xf9\x22\x91\x25H\x0c\x17\x29\xd5\xd8\xe3\x04\x98EP\x7c\xdc\x14\x7b\x2f\x0e\x9f\x5e\x28\xafZ\xdc\x82\x9f\xe3\x8ax\x0e\xa5\xcc\x16\xe62\xac\x7cm\x90I\xc9\x91\x89\x3d\xee\x05:M\xebo\xee\xb9\xf7\xa6\xe7M\x9e\x7dOF\x0a</data></match></read>
    <write><data>P\xafa\xcc\x9eXN\x10\x8d\xd8.\xdb\xb68\xb4r\x9a\xfa\xb6G\x9c\x87HDR\x05\x0c\x00\x00\x00\x00\x7f</data></write>
    <write><data>\x10\xef\x06\xb4N\x07HDR\x05\x0c\x00\x00\x00YARTS\x00\x00\x00Qf\x28o\xa0\x2b\xe9\x5cnz\x131\xa9\x8b\x1f\x99E\x11\x80\xec\xe7\xf7\xc0\x3b\x5e\xbd\x84\xe9\x2f\x24\xaa\x3d\xce\x8d\x5ct\xd5\x97\xac\xfc\xd9\x88\x8du\xa3\xa1\x1f\x0cc\x1b\x0e\xce\xae\xd1\xa4\x97\xa4\xa8l\xbbW\xf2\xfa\xceq\x5c\x1a\x98\xe5Pg\xa4\xc3\x7e\x3eY9Suo\x26\x97\x7e?\x7f</data></write>
    <read><delim>\x0a</delim><match><data>Artist: f\x28o\xa0\x2b\xe9\x5cnz\x131\xa9\x8b\x1f\x99E\x11\x80\xec\xe7\xf7\xc0\x3b\x5e\xbd\x84\xe9\x2f\x24\xaa\x3d\xce\x8d\x5ct\xd5\x97\xac\xfc\xd9\x88\x8du\xa3\xa1\x1f\x0cc\x1b\x0e\xce\xae\xd1\xa4\x97\xa4\xa8l\xbbW\xf2\xfa\xceq\x5c\x1a\x98\xe5Pg\xa4\xc3\x7eY9Suo\x26\x97\x7f\x0a</data></match></read>
    <write><data>p\x8fN\xfc\xa0\x97\xaeQ\x83:\x1d\x05Ft\x07\x1f\xff\xe5p\x2a\xd7\xb6J4\xa7\x96\x24j\xd9UHDG\x05\xbc\x00\x00\x06\x06ALBM\x00\x00\x00\x5be\x27\x89\x27\x8fl\x8f\x14\x1de\x98F\xc5\xb9\x5ct\xb6n\x24u\x7e\x3e\x91?\xff1G\x27\xb2mc\xc6\x0f\xc8\xb2\x063\x05\x90\x2cA\xdb\x87\x3b\x03\xb0\xf4T\xbd\x94\xec\x9e\x91\xf9\xb6\xabi\x98\x5d\xa9\x82\xde1\xad\xdd\x990\xe6\xe3\xbe \x3eB\xd8\x28\x8b\x0ab\x8d\xa8\x9c\xdb\x06\xd9\xe3\xbf\xe8\xdc\xb9\xdep\x7cARTS\x00\x00\x00L\x27F\xf6V\xc1u5!\xc2\xc3H\xd9\x7b\xc3\xc2\xb8\xbaR\xca\x9e\xfb2\xe5\xfc\x17\x3e\xbay\xec\x23j\xe4\x1a\xb1L\x928\x5e\xd4\x2c\xd8.ZMn\xbe\x9d\xea\x19\x1b\x09\xb4A\x94\xe4\xfcs\xf6C\x7e?\xa1\xb1\x9f\x8d\x03\xc5ou\xc7\xab\x87R\xde\xb3H\x0cALBM\x00\x00\x00q\x8dbJ\xcbC\xdf\x8f\xd8\xeeTx\x24\x3d\xdc\xb4\xa9\xb8\xdd6\x26\xbd\xa7\x87\x5c0\x0b\x94El\xc6\xa1\xbf\x9a\xdd\x84\xa5\x92lT\x1c\x8bZ\x08i\xae\x05\xbb\xf3\x89\x9b\x3c\xf6:\xfe\x5d\xc8G.\x8b\xd5\x0f\x5c\x9f\x1c\x15\x93\xb1\xa4N\xf0\x01\x9fe\x1c\xf6\xd6\xa3\x82\x02y\xcb\xb0\xeeU\xa8T\xb1.M\x10YU\x86\x3eO\x8c\xb1\xc7\x1cO\x28\xb9\x88\xac?\x9d\xf2\x1dd\xb2\xce\x98\x1e\x9d\x9aq\xa7Y\xec\xcc\x27\x92\xbf\x94h\xc0\xf8\x23\xe7C\x15\x3b\xe9c\xd0\xed\x7e\x3e\x98T\xd3\xfbALBM\x00\x00\x01?\xef\xd5\x7ch\x5cr\xfd:\xfa\x9b\x60\xd6\x7dU\xf0\xc9\x1b\xb7\xa7\x2b7\xfb0\xed\xb3\x06\xd0\x7c\x3d\xc5\xabS\x85Kzi\xa7.\xdd\x28\x8a\xe0\x0c\x80S\xf7\xda\x0bl\xbc\x5c0!c\x3el\xf8\x25\xe6\x81?\x01\xaaOt\x14X\xc4\x5cte9\x27\x87\x04\x86\xec\xc7\x0e\xdbm\xfd\xac\x7c\x1e\xec\x7c\xe1\xed\x5crn\xd8U\xdf\xaa\xadF\xc3\xb3\xed\x82\x02\x11\xe9D\x1d\xf5\xef\x9dN\xa6G\x018U\xac\x85\xb3\x0cq\xb5\xf9k\xaer\xa5\xa6\xbdP\xdcnyl\x86\x1d7\xc1\xe2x\x0d3\x90\x8f\x27\xd8\x16\x5e\xfcue\x2d7\x7c\x3cD\x03E\x15\x40J\xe1\x0fi\xa1\xc5\xe2\xc0B\x3c\xb3.Z\xe2\xc0\x2aE\x8e\xefM\x88\x9ab\x01\x40\xfc\x86\x29\x24z3\xbb\x8c\x07\x83Cb\x7c\x5c\xd4\x9a\x1e\xdf\x3d\x82\x8bfb\xc2y\xe54\xd9N\x5cb\x3b\xe0\xa7ARTS\x00\x00\x01Dh\x14\x3d\x9f\xce\x22\x88\xf2\x5e\xf6\x85\x9a\x2a\xfcv\x2b\x02\x83\xf2\xcb\x1b\xe8\x95\x16c\x91G\x5c\x9ap\x3d\x17\xd6\x231\x3e\xe5\x2bD\x3e\xb31Id\xb6h\x23\x0f\xcf\x12\xad\x5cr\xc8\xb95x\x05\xfb\x86\xbd\x81\x10L\x2b\x2f\xa6\xa8\x7b\xfa\xb4\xbd\x5e\x85\xe5\x1b\xa4\xd9\xb4\xd1\x83\xa4\x03\x17\x23q\x0a\x22q\xc4\xce\x3d\x5e\xc5m\xa1\x9a\x7c\xa3\xeb\xe3\xb9\xd2\x92MX\x26\x9e\xe9\x01\xb58\x2bU\xc0\x85v\x3bD\xadW1\x19\xbe\xe3\x1e\x7e\x3e\xb2x\xfb\xd5S\xb9\x5b\x28y\xd2\xafiE\xce\x17\x7b\xc6W\x2dH\xc6\xfe\x7b\xcc\x96 \xaf\x9a\x076\xef\xaa\xbdnX\x3c\xf6\xc1\x1a\xf2\x7e\x3e\x3eO4\x8dz\x97\xc12L\x3e\xc9\x3cUA\x29\xc5L\x19\x83\xfe\xa5\x9e8\x12\x19\xf0d\x7bo\xca\x7c\xbcac\x03\xd3.E\xa4AL\x28M\x00\x00\x00L\x86\xb5\xe3P\xb7w\xbd\xefT\x87V\x8b\x0b\xfb\x11\x87\x1e\x95\xfb\xd4\x27\x5fFEh\xed\x5c0t\xf0\xac\x07\xa1\x7d\x0c\x04\xa6\x16k\x84\xc5:w\xf8\x811\xc5\xde\xa6 \x3e0\x7e\x3e\x1b\x3d\xfaF\x99\xf9\xe6\xb8\xf2\x3b\xe2\x06\xf0\xda\xa4Xb\x9ck\xc0\x11Y\x9d\x7f</data></write>
    <read><delim>\x0a</delim><match><data>Album: \x86\xb5\xe3P\xb7w\xbd\xefT\x87V\x8b\x0bS\x11\x87\x1e\x95\xfb\xd4\x27\x5fFEh\xed\x5c0t\xf0\xac\x07\xa1\x3d\x0c\x04\xa6\x16kf\xc5kw\xf8\x811\xc5\xde\xa6 \x3e0\x7e\x1b\x3d\xfaF\x99\xf9\xe6\xb8\xf2\x3b\xe2\x06\xf0\xda\xa4Xb\x9ck\xc0\x11Y\x9d\x0a</data></match></read>
    <read><delim>\x0a</delim><match><data>Artist: h\x14\x3d\x9f\xce\x22\x88\xb5\x5e\xf6\x85\x9a\x2a\xfcv\x2b\x02\x83\xf2\xcb\x1b\xe8\x95\x16c\x91\x0c\x5c\x9apT\x17\xd6\x231\x3e\xe5\x2bD\x3e\xb31Id\xb6h\x23\x0f\xcf\x12\xad\x5cr\xc8\xb95x\x05\xfb\x86\x93\x81\x10L\x2b\x2f\xa6\xa8\x7b\xfa\xb4\xbd\x5e\x85\xe5\x1b\xa4\xd9\xb4\xd1\x85\xa4\x03\x17\x23qU\x22q\xc4\xce\x3d\x5e\xc5m\xa1\x9a\x7c\xa3\xeb\xe3\xb9\xd2\x92MX\x26\x9e\xe9\x01\xb58\x2bU\xc0\x85v\x3bD\xadW1\x19\xbe\xe3\x1e\x7e\xb2x\xfb\xd5S\xb9\x5b\x28y\xd2\xafiE\xce\x17\x7b\xc6W\x2dH\xc6\xfe\x7b\xcc\x96\x85\xaf\x9a\x076U\xaa\xbdn\x9e8\x12\x19\xf0d\x7bo\xca\x7c\xbc\xb5c\x03\xd3.E\xa4\x0a</data></match></read>
</replay>
</pov>