<?xml version="1.0" standalone="no" ?>
<!DOCTYPE pov SYSTEM "/usr/share/cgc-docs/replay.dtd">
<pov>
<cbid>service</cbid>
<seed>da1fec20bf7c8711b8d487378079d6477c3cec0e47bc3c140b7b4856f8b5f3f36df69ae1f6da7d86e5e4c9707f449356</seed>
<replay>
    <write><data>\x01\xfeHASH\x7f</data></write>
    <read><length>4</length><match><data>n\xe9\xb5\xfe</data></match></read>
    <write><data>p\x8f\x13\xdd\xb2P\xc0\x2ff\xe6J\x1d\x2b\xad\xaf5t\x8dPy\x24b\x3b\x02\xc7\xf7\x0a\xa9f\xc2HDR\x05f\x00\x00\x09 ARTS\x00\x00\x01\x23\x88\xb2\x95\xa0\x2d\xaf\x3e7\x9e\xa7\xb0\xec\xd6\x98\x7e?R\xe5S\xe7q9\xa2\xb381e\x9fz\xd8\xeb\x7d\xff\x5cn\x40rm\xc9g\x80\x8d\xe4\xab \xb2\x22C\x84\x03\x94\x14QF\xbd\x95\x17\xe0\x97LW\x17\xe35\xeb\xf6\x8b\x01\x83\xba\x11\x9f\xeb\x03\x9c\x98\x0fB\x90\xab\xce\x5c03e\x83\x18\x40\x1d\xdf\xe2\x5ct\x0b\xe1\xe7jO\x26\x2d\x3eM\x9c\x91\xfe3g\xf9!\xc6\xca\x5cr\xf8\x0fMp\xfc4\xb4\xc8\x23w\x60\xb6\xcd\x8d\xfa1\xee\xc0\xa0\xe0\xb2\xd5\xeaql\xeb\xc4\x83\xd7\xc9\x1c8\x29\xe8\xb3\x81\xa8H\xf0qA\xaf\xd9\xbcS\x7e?\xc2\x80c\x27\x03ARTS\x00\x00\x01\x02\x197\xe1r\xf7\x05v\x296\xc4\xcc\x5ct\xa5\xd3\x99\x81AS\x3d\xb8r\xfdH\x98\xfd\x28\xc4o\x9e\x17\x5e\x27\x5dD\x15\x2b\xf08\x81\x5d\x108V\x03\x5c\xb7\x5e\x98.Z\xde\xa2\xcf1\xf5\xf0\xcb\xf4\x05\xd8\x8b\x91\x14\xa5Y\x10\x8e?\x7c\x9a\xb6\xabL\x04\x27G\xa1B\x83q\xda\x0d\x2d\xa0c\x87\xc2\xcaYop\xab\xa6\xa0\x88\xf0\x8d\x16\x5f\x22\xbcd\xd6\x8dZe\xef\x7b\xd3nt8\xad\x5c\xc5\x7c\x8c\x18\xf5:\x19\xad\x03\xed\x99\xd3n\x23\x807\xf8\xb8\x94a\x86\x8d\x80\xcc\xffe\x23\x23\xe1?\xc3\xe0\xfa\x1c\xb3\xb9\xd9\xd5\x1d\x82\x5ct\xd2A\x24TS\x00\x00\x01I\x03d\xa2\x01\x7c\x1cN\xfb\x84\xd4\xfb\xdeF\x8a\x9e\xd6\x40\xd1EN\x7c3C\x8aU\x03\x16\x9e\xeb\xc1R\x8d\xc7\x8fCf\x01\x92\x24\xde\x1fQ\xfa\xc7:\x05\x02\x5c\x8dWd\xfaj\x86\x5cr\xa7\xdf \x84\x9ar\x25\x1f\xb8\x07\x2fVe3\xf7:N\xbe\xd1O\xf8Rs!w\xf3\xc4\x17\x28\x2f\xbdC3\xc0\x13\xfc\xa7\xe8\xe1B\x8f\x80\x86\xc8\x9d\x92\x2d\x8cT\x8c\xf1\xee0\xb2 \xfe\xaa\xech\x5cn\x26\xfd\xb1 \x9b7V\xe7\x11\x5c\xe4t7\x29\x1b\x11\xde\xc5i\x13\x27\xf7\x5dO\x05\xf4\xf9H?T\x0f\xe6\x96\x0cu\xf3S\xd5M\xf8\xbcZ\x90\x9f\xca\x23\x7bZ\xfb\xacd\xda?6P\x03\x8fv\x18\x17\xdcN\x1a\xd99\xbe5\x92\xea\x1c\xa8\xe2\xbeb\x1f\xe1\x19\xa4\xdfFN\x5c02\xeb\x94\xa4n\xfe\x89\xc3t\xfc\x2b\xe9W\xbf\xe3\xebQ\xbelIW\xb8\xc8\xed\x3b\x83\x1f\x84\x3bT\x27\x82L\x00\x00\x00\x10\xd3\xed\xd6\xda\xd3\xb1\xcd\x95\x2cq\xfaY\xcfIg\x94ARTS\x00\x00\x01\x3b\x12\xe9\xf2\x24\x2f\x5f\xae\xb0m8\xf2\xaa\x13\x1c3eQK\x06\x1a\x84\xf6\xb2w\x5d\xf1\x5c0\x8d\x01T\x84\x22\xe5\xb4\xb8\x10\xf1Q\x28Z\x0fb\xd7K\xc9\xbf\xcey\xef\xfer\x11\x16\xd9\x9a\xeb\x07\xec\x3d\xa7\x2fa\x93\x07\x13\x9b\x16\xfa\x29\x96F\xce\xe5MJ\xe1f\xda\x2d\xeeu\x90\xeb\x8foU\x18Zk\x93V\xe9\xd8\xe9\x14\x97\xf2v:\x88\x5cbD\x94\xe7\x98\xf2\x1f3x\xdaz\x8dp\x27\xe0v\xe5\x05\x1b\xb9X\xcc\xdeEd\x86\xd4\x13Rd\xf9C\xf4\xea\x9d\xdc\x3c\x7b\xc9\xf3\x97\xef\xa4\xf06\xda\xbfE7\x11\x1fD\xf8\x7e?\x7c\x84Z\x7cD\x06\xc4j\xbe\xc9\x19\x2b\xf8.\xf6G\x16\xe0:\x9c\xf3\xb83\x94\xcdjJ\xa1\xa5 \xdc\x29\xee\x8c\xaf\x15\xd5z\xd2\x28\x87\x13\x0b\xab\x7e?t\x96\x3bc\xbaJ1\x82\x01\xdc0\x0eX\x12ARTS\x00\xef\x00Z\xc6\xc4\xac\xc9\x16\x2a\x06\xd3\xc1\x07\xde\xdb\xca\xdb\x8e\x60\x27\x3dp\x7c\x1b\xe9\x9a\xa2\xa9E\x9a\x90\x90\x83\x8f\x9b\x3b\x29\x0c\xcd\xc6\xb7\xd2C\xa6\x1a\x29\x98\x2a\xd0 \x3e\x7b\xc8\xe8\xb9\xe5ax\xfe\xa9U\xa0\x84\x7e?\x5crA\x275H\xe6\xea\x2c\xf5w\xa4\x86\x29\x8f\xa2\xb0\xf1\xb1\xc5\xa5\x9a\xa56\x93\x5cb\xef\xe1ALBM\x00\x00\x00\x7d\xd3\xa1H\x5cr\xdf\x1e\x2d\xfe\x27Q\x5c\xd24\x9d\x5d\xa3\xac\xf2\x5c0\x24\xbc\xe5\x27\xee\xef \xc1\xa4\x98\xe2h\xa7\x04s\x0c\x1e\x8e4\xc6!\xf8\x5c\x94\xc6\x06\x5cn\x7cV\xe5U\xba\x1b\x8a\xf9\x07\xcfD\xfaf\xb5\x02\x86Dy\xbcX\xe3\xac\x87k\xbes\xf5\x25\x11B\xa9\x8c\x19\xa0I\x60\x1aS\xf9\xd56\xcb\xac\xf0\xad\x17\x07er\x5cn\x7e\x3e3\xbd\x03\x28e\x06\x1a\xe7\xe8\x5ct\xd6\x8aa\xc9\x7d\x17\x14\x05\xd7\x5f\xb6\x5eI\xd6\x11\xefZ\xff\x7dM\x18\xe0\xfcG\x5c\x60\x04\x89QL\x8d\x5ct\x87\x87a\x82\xce\x0b\xae\xe5TITLh\x00\x00\x18\x93Y\xe8\x82\xcb\xc7\x2bY\x7e\x3e\x8b6\xbb\xa2E\xf1ak\xdd\xb3\x92\x03\xe0\x86ITfTL\x00\x00\x00g\xaf\xd6\x93\xca\xa2\xfcX\x9d\x03\x91\x2c\x98U0\xaf\xfc\x8fP\x1fw\xd7m\x82\x12\xd4\x7d\x5cn\xa8\xc58\x96\xd5\xe2\x5crB6\x3bB\x5b\xec\xba\x8eo\x2a\x9ays\x24\xc43\x90\x17.\x23\xe80G\x40\xe9\x053\x89zf\xd5\xb7\xb5\x06\x88\xe9\x2c\x0e\x1b \x97\x06QR\xc4\x8f\xe8\xe5Bbp\x10\xe9\xf2\x10q\x60u\x13\x17\xc4r\x83\x88\x27LBALBM\x00\x00\x00\x05n\x5d\xe7\x28gAL\xa1\x2c\xa1hV4\xd2R\xfdi\x5f!X\x25\x1fL\xd9\x9e\xb7\xc0\x8e\xff\xe4\xdf\xf9\x9e\x13\xbdBM\x00\x00\x004\x06\x1a\x90\x90\xe9\xda\x94\xb8\x5e\xafL\x24Zq\xbb\x9cZ\xc8\xd5\xb3\xd3\xee\xdc\xedf\x2a\x9f\xda\xa15Iz\x9b\x04\xf8J\xdf\xc97\x2dV\x3d\xfe\x9a?\xc7\x9d\x87\xcd\x29!\x9f\x7f</data></write>
    <read><delim>\x0a</delim><match><data>Title: \xaf\xd6\x93\xca\xa2\xfcX\x9d\x03\x91\x2c\x98UQ\xaf\xfc\x8fP\xfew\xd7m\x82\x12\xd4\x7d\x5cn\xa8\xc58\x96\xd5\xe2\x5crB6\x3bB\x5b\xec\xba\x8eo\x2a\x9ays\x24\xc43\x90\x17.\x23\xe80G\x40\xe9\x053\x89zf\xd5\xb7\xb5\x06\x88\xe9\x2c\x0e\x1b \x97\x06\xb5R\xc4\x8f\xe8\xe5Bbp\x10\xe9\xf2\x10q\x60u\x13\x17\xc4r\x83\x88\xf7LB\x0a</data></match></read>
    <read><delim>\x0a</delim><match><data>Album: \x06\x1a\x90\x90\xe9\xda\x94\xb8\x5e\xafL\x24Zq\xbb\x9cZ\xc8\xd5\xb3\xd3\xee\xdc\xedf\x2a\x9f\xda\xa15Iz\x9b\x04\xf8J\xdf\xc97\x2dV\x3d\xfe\x9a?\xc7\x9d\x87\xcd\x29!\x9f\x0a</data></match></read>
    <read><delim>\x0a</delim><match><data>Artist: \xc6\xc4\x97\xc9\x16\x2a\x06\xd3\xc1\x07\xde\xdb\xca\xdb\x8e\x60\x27\x3dp\x7c\x1b\xe9\x9a\xa2\xa9E\x9a\x90\x90\x83\x8f\x9b\x3b\x29\x0c\xcd\xc6\xb7\xd2C\xa6\x1a\x29\x98\x2a\xd0 \x3e\x7b\xc8\xe8\xb9\xe5ax\xfe\xa9U\xa0\x84\x7f\x5crA\x275H\xe6\xea\x2c\xf5w\xa4\x86\x29\x8f\xa2\xb0\xf1\xb1\xc5\xa5\x9a\xa56\x93\x5cb\xef\xe1\x0a</data></match></read>
    <write><data>\x10\xef\xce\xfe\x2f\xbdHDR\x05\x0c\x00\x00\x03\x25ARTS\x00\x00\x00\x7e\x3e\x2b\x82\xaba\xd4\xa0\x06?\x2f\x84\xf8\xe1\x3cS6\x28\xa2\xb1\xf7\xad\x01\x87\xe0\x05\xcd\x5bk\x96\x91Dp\x3b\xba\xa5W\x2a\x07\xd7\x98n\xbd\xfb\xf2\x5e\xb5\x5cb\xb7M\x2b\x89b\x5c\x1f\x24U\xfe\x19L\xf2\x8b\x02\x7c\x14\xa0HU\xdf\x1b\xb7\xd4\x1e\xa5\xa1\x3c\xe6\x7c\xd8\x5c0\x7dH\xfc0\x0f\x5cbt\xc9\xbc\x9b\x60ol\x9f\x97z\x19h9\xa2h\x9f\xd3b\xf9b\x85\x02?\xb0\x1b\x06Y\xc1\x9e\xa7a\x5cb\xa8\xcc\xbd\xfe\x9d\x13ARTS\x00\x00\x00\x3d\x87\xb0\x81\x861\x1c\x98\x96\xf3\x81\x98\x1a\x0e\xd2\x96\x2d\x22\xb7\xe3\x10\xd4\xeeb\xef\x23P\x97\x1f\x26\xc5\x5cn\xb2\xec\x85\xd2\x04\x8e.\xfd\x07\x88\xa8\x93:\x81\x91\x3es?\x81W\x8ef\x5cr\x3e\xc4\x3d\xf3\xc3ALBM\x00\x00\x01\x17\x87\x7e?\x7e?\x15\x7e\x3eC7\x1ah\x15\x23j\x22\x40\x91A\x3e\x7e\x3e\x07\xee\xa8I\xdb\x2d\xads\xe7\x1e\x3eq\xf12O\xf8I\x918\xb9Q\xe6\x10Je\xc7\x11M\xb24FN\xd0\x06Q\x22\x88\xf42\xc7\x93\xbf\x5ct\xf7Q2\x82\xa3\x01\xee\xe9\x96\xcfJ?\x40\xe7\x23\xbbR\x29\xa1T\x29\x1eZ?\xa4Mq\xb8\x11\xec\xd2\xb2U\x5c0\x13\x17\xa7T\xed\xae\x28\x8a\xd0\xb2\xed\x5cb\xab\xc2\x17u\xd8x\xc0\xe2Q\x9aeG\x3e\xf4\x8c\xd4\x5e\xa9V\x1b\xb2Bk\x0e\x1av\x24\xfbO\x0b\xf5k\xed\x02\xebc\x5ct\xcb0\x22VQ\x86\xe3TITL\x00\x00\x003\x7d\x1f\x15\xc4\x12\xf7 \xd0\x8b7\x3b\x9a\xa0\x1d\x8cH\x2d\xb58X\xff\x26a\x5ct\x25\xe8\x286\x03\xf1Q\xc6G\x9c\xcc\xf3\x9e4\x40\x0b\x85b\x07\x5d\xb70y\x82\xbb\x23\x7f</data></write>
    <read><delim>\x0a</delim><match><data>Title: \x7d\x1f\x15\xc4\x12\xf7 \xd0\x8b7\x3b\x9a\xa0\x1d\x8cH\x2d\xb58X\xff\x26a\x5ct\x25\xe8\x286\x03\xf1Q\xc6G\x9c\xcc\xf3\x9e4\x40\x0b\x85b\x07\x5d\xb70y\x82\xbb\x23\x0a</data></match></read>
    <read><delim>\x0a</delim><match><data>Album: \x87\x7f\x7f\x15\x7eC7\x1ah\x15\x23j\x22\x40\x91A\x3e\x7e\x07\xee\xa8I\xdb\x2d\xads\xe7\x1e\x3eq\xf1\x918\xb9Q\xe6\x10Je\xc7\x11M\xb24FN\xd0\x06Q\x22\x88\xf42\xc7\x93\xbf\x5ct\xf7Q2\x82\xa3\x01\xee\xe9\x96\xcfJ?\x40\xe7\x23\xbbR\x29\xa1T\x29\x1eZ?\xa4Mq\xb8\x11\xec\xd2\xb2U\x5c0\x13\x17\xa7T\xed\xae\x28\x8a\xd0\xb2\xed\x5cb\xab\xc2\x17u\xd8x\xc0\xe2Q\x9aeG\x3e\xf4\x8c\xd4\x5e\xa9V\x1b\xb2Bk\x0e\x1av\x24\xfbO\x0b\xf5k\xed\x02\xebc\x5ct\xcb0\x22VQ\x86\xe3\x0a</data></match></read>
    <read><delim>\x0a</delim><match><data>Artist: \x87\xb0\x81\x861\x1c\x98\x96\xf3\x81\x98\x1a\x0e\xd2\x96\x2d\x22\xb7\xe3\x10\xd4\xeeb\xef\x23P\x97\x1f\x26\xc5\x5cn\xb2\xec\x85\xd2\x04\x8e.\xfd\x07\x88\xa8\x93:\x81\x91\x3es?\x81W\x8ef\x5cr\x3e\xc4\x3d\xf3\xc3\x0a</data></match></read>
    <write><data>\x60\x9f\x5c\x22\x23\xab\xa4\xa8\xc5\x2b\xdc\xd7\xb0\xaetA\x1d\x0bQV\xd9\xcb\x1d\x99\x8d\x7bHDR\x05\x0c\x00\x00\x01kARTS\x00\x00\x01H\x0e\x29\xe4:\xbe\xe0\x03\x82\x01W\xe5\xeah\x25r\x26\xa5\xd5\xab\x7e\x3e\xe9\xe4f\xe3\xe1\x1c\xe5OZ\x9b\x25\x8c\x1b\x0e\xf0\xabc\xc3s\x1f\xd1R\x5f \x05\xbf\x1c\x0b\xf2\x7e?iC\xf6\xe9\xe5\xd5\xef\x29\x3c5\x95\x5c0\xac\x854m\x85\xd7\xa6\x01\x05lx\x5cr\xaf1\x2c6\x93\xb3\xa0\x5c\x29\x7e\x3e\xbcBP\xbbJ\xa6\x13\xb7\x60\x98\x1f\xff\x40\x98\xedb\x23M\xe7\xe3\xfd\x9e\xcf\x29\x13c\xabd\xb7\xe1\xcb\xdcx\x5d9\x3e\x8e\xebF\x9c\x88\xa3\x8b\x9dL\x40\xd1\xbb\x28oVi\x7b\x27\xc1\xb0\xce\xa7T\x01\xbdb\x8e\x8anH\xfe\x19\xa3P\xee\x1aje\x5cn\xbf\xb4\xea\xbf1\xe6u\x15\xd8\xdfkD\xf3\x8e\x8ceO\x5cn\xc3:\xe5\x19n\xba\x13\x16\x92t\xd5o\x81\xcb\xe2\x5c0\xc4OARTS\x00U\x00\x13\x1f\x5ctp\xf5\x87W \xedTJ\x93?\x04\x914\x24\xd2\x9b\x60\x85\x2a\xad\x9e\x99\x23\xd7F\x81\xfb\x2aq\x2c\xfau\xe0X\x60\x939\x5ct\x03\x7f</data></write>
    <read><delim>\x0a</delim><match><data>Artist: \x1f\x5ctp\xf5\x87\x2aq\x2c\xfau\xe0X\x60S9\x5ct\x03\x0a</data></match></read>
    <write><data>0\xcf8\x0f6\xbbfv\x85\x1b\x92w\xd3\xb0HDR\x05\x0c\x00\x00\x1a\x7e?ARTS\x00\x00\x00\x15\xd3\xd9\xce\xf1\x23\xdc0\xd8Uy9\xd7\x7cy\x05\xbba\x3c\x8e\xe5\x40ARTS\x00\x00\x01\x06\x8c4O85\x9f\xfa\xe5 \xb2\x8c\x88\xbb\x12\x94\x8c\xfa\xf7\x02cI\x23\xd4\x91\xf1\xd7\x90\xe1e\xe4q\xb1\x22\xc0\x15pfX\x0f\xed\xde\xeeN8\x5cr\x12\xf7PA\xda\x179\x1e\x2b\xd2\x22r\x95\x5dd\xd7\x5c\xdc\x83D\xd2\x29\xedRqx\x06\xd9T\x5f!DR\x1e\x3c\x80\x82\xc0I\x04\x3bI\xedD\xa9\xc8\xe1l\x3d\xf7\xae\xaa\xb8\xdfn\x05\xedb\xff\x8d\xda\xc4\xeb\xc3\xef5\xcd\xec\x2a\x9c\x1eJ\x05\xdc\x9eQ\x5crR\xd5\xa6\x2fl\x9b\x96\xe6\xacCTITL\x00\x00\x00\x10\xaa\xf1\xce\xdb\x27\x83\xe6\xf5\x88\x2dL\xf9\x1a\x5ct\x85TITL\x00\x00\x00E\xabm\xeb\xcf\xc1\x0cG\xaaf\xa6YM\xf6N\x05!\x8bW\x04\x8eX\xa7\xfcs\xe4\xb5\xad\xab18\x07\xf3\x80\xee\x03\xecCK\xafE\x5bO\x28\x98i\xab\x1fZ\x5cr\x83\x901\x5e\x94\xc8\x88\x5cb\x7c\xda\x88\x24\xb7\xfcM\x9c.\xf6b\xab\x88\xfd\xbc\x7d\xf1\xe2I\x9c\x22\xf1ARTS\x00\x00\x00:\xb9\xcd\xc2\x82\x1b\xcfU\x0c\x1f\xe2\xd33\xfd\xff\xb0\x81\x7d\x5cn\xbf\xf6\xda\x2dw\x80n\x845\x12:f\xd6\x1dv8\xbf\x23 \xd8\xbd\xa3\xaa\xe8\xe8\xfdf\xa3\x24\xc6\xe9g\xc6?\xe2\x94J3\xbbTITL\x00\x00\x00T\xd4\x8c\xb3\xf85\xb6\xc0\xef\x14\xbb\x13\x5c\xa2\xa2\xbb\xd9\xe2\x1a\xd9\xeb\x95\xf1n\xf1sr\xdc\xaf\x5cbF\xfb\x07j\x23\xa5\x3b\x1c\x8a\xb5\xad\xbf\xd3g\x1eOat\x3c\xb3A\xb2\x9dN\x23\xa2\xb1\xbd\xfd9\xfdOC\xc2\x5e\x7c\x92\xe7\xee\xf3\x10\xd6\xf2\x1f\xba\x3c\xf2\xba\xb1c\x9d\xe3m!TITL\x00\x00\x00\x3e\xb2\xdalK\xe8\x98\xb7\xe7\xb88\x8a\xd2\x0b\xa3\x92\xf2\xd2\x88\x96\x9f\xcb\x01\x3b\x5cr\xa5o\x17\xd4\x97\xd9z\xc0Wy\x89\xf9N\x94\x40\xcc9\xe71G\xa0pJ\x25\x94\xe9Cj98?\xe0\x5cr\x9c\x84F\xb4.\x5ct\x5f\xd6B\xc8\x8f\x81q\xeeALBM\x00\x00\x00\x26\xd8\x3c\x81XQ\x11\x9a\xd5\x06\xc58\xdbCil\xbb\x15\xd4\x1e\x7cY\x92x\x5f\xeem\xf0d\xb8\xe0\x2c3\xac\x3b\x88\x5c0\xbcTITL\x00\x00\x00r\x22\x19\x13\x5cn\xec\xdd\xd1\xf8\xe4\xa9\x7bW\x7d\xec\xab\xff\x95\x1b\xbe0g\xc8\xd2K\x18\xecI\xb0\xff\x85\xd7\x07\xb6o\x1cp\x1e\xdaC\xa4\x0e\xae\x7cMh\x88fv\x06\x3d\x9aB\x1c\x60\x032\x8f\xb2\xbf\x7cu\x3d\x17\x05\xa2\x98\xfah\x2c\x8b\xe7\x5cn\xeaQ\xdex\x82XS\x13\x15\xe5\x83\x5f\xde\xba\x5cr\x24\x14!\x89\xe8d\x9b\x3cF\x9a\xff\xcd\xae\xa5\xd0\xff\x2d\x8a\x5f\x7e\x3e\x9b\xc7\x22\xdeALBM\x00\x00\x00T\x5cry\xd3\x80\xd82\x91\x5c0\xd2J\xfa\xb3\xba.\x8dwg\xb5\xdd\xf9Z\x0f\xfa\xe9V\xb5\xe8MY\x807\x01\x84:h\x3dK\xfbR\x5cr\x22\xe3\xaf\x97\xd0\xf8S\x974\x5b\x0f\xc11\xdd\x12\x07j\x16\x5f\xba\x9d\xff\xee\x22\xcdI\xabf\x95\xf5\x3c\xe6\x2f\x91Q\x7e\x3e\x9f\xf4\xe0\xa1\x0e\xeb\xbc\x88\x07\xa6r\xdc\x0f\x01\xd6o\xb6ARTS\x00\x00\x00U\x04\x05\xbbpL?\xe6\x19\x1cpGR\xa2\xff\xbf\xda9\x18\xe3!\xe0\x92\x0e6\xea\xac\xa6\x3bd\x0bS\x5e\x9e\xa5\x9d\xff\xcd\xdd\x1dy\xf5xT\x8f\x1f\xae\xdcj\xa4\xc3\xfb\xe0\x89\x3e\x2c\xe2\xa8\x24j\xf1e\x14\x5d\x88\xb8:\xfa\x8c\xc1\x40\x8b\xcd\x5cn\x24\xd0\xeb\x5c\xa2\x7b\xc8\xfe\xcd\x8f\xdaARTS\x00\x00\x00Q\x2bK\x3e9\x8c\xa7\x7d\xf4\xb3\x5e\x04\xfae\xdc\x03\xbc\x26\xcf\xd1\xfdR\xc4\xe2\xd1\xdcm\x90\x07\xeb\xee\xba\x25\xf9\xdc\xf8\xf9\xca\xb2\x5c04\x28H\xa33\x3cS\xe6\x7bd\xaeb\x87\xd5xR\xf5x9awt\xdd\xf8\xed\x1bi\x06apQ\xbe\x97\xf0\x80k\x2f\x3c\xa2k\x88ALBM\x00\x004\x0e\xf5\x5d\x02\xc1:\x89\xa9x\x98\x03\xec\x1e\x80V\x83\x9e\xf1\xb2\xdb\x05\x40\x1e\x19\xb8e\x81\xd5\xb9\xb6\x16\x1d\x0evje\xe0\xe0\x96\x11\x12\xa9I\x0b\x06\xf5T\xa5\x99\xebq\x1d9\xe8L\x89\x9aL\xd9\xe6\xf3D\xca\xeeP\xc6a\x5c0\xa1\xb3\xcamE\xf1\x7d\x8f\x12C\x5c\x5e\xe2\x03\x11\xbe\xa7\x98\xcc\x2f\x5c\xc2kjcB\x83\x18\x11a\xa8\x8f\x5f52i\xdev\xa3\x5cb\x88\x24t\xd26\x8d\xd1\xad\xd9\xd08n\xbb\xce\x7e?bN\x0e\x05V\xae5\x0b\xf9\xbd\xd6\x5b\x40\xach\x95\x06r\x13\xbc\x3eM\x1c\x29\x83\x0f\x82\xa1\x06\x95ARTS\x00\x00\x00\x25\xd8\xfcy\x8a\x7d\xb5A\xacg\x17\xce\x010\x8f\xe5\xb2\x2bT\xb7y9\xa9g\xd8\x5cbW\x1c\x97\xae\x1eR\x5cr5\xb4tTITL\x00\x00\x00\x0d!a\xe4\x1c\x40\xd5X7\xf3c\xd3\xd0dTITL\x00\x00\x00Z\xe1O\xa4\x05\x10\x9e!?\x7b\xe6\xf8\xc8\xad\xa9O\xf9\xd3\x10\xfe10\xec\xb7\xc7\xd0?\x8d\x7b\xdc\x98\xe9B\xf3\xfeJr\x7b\x0b\x86\xcd\xa2G\x0dr\xd80\x28\x1a\xcc\x95\xbf\x12\x12\x87\xa3\xea5\xe9I\xceI4\x8a\xfc\x95\x8f\xbektm\xe4\x06\x01\xbf\x94\xb8\x04\xf5.\x0f\x8a\xba\x2dV9ESN4o\xc5\x2aZP\x5ct\xcfd\xe5\xa3\x85\xd3ALBM\x00\x00\x00\x19s\x1b\xef\xf9\x1d28\x83\xeb5p\xdaQ\xae\xb4\xbc\x89\xad\x3e\xed\x84\xa7T.\xc8ARTS\x00\x00\x00\x11V\xeb\x94\xb7\xc0j\xcd\x23\xbd?\x0b\x1a\x88\x7e?\x2d\xeecTITL\x00\x00\x011\xc4kb\xe1\x9c\x1b\xbf\xdc\xfcd\xab4Z \x2ck\x8a\xb9\xbf\xa8\xc9\x92V\xb1\x07r\xdd\xe4\xb9p2v\x1f\xc52\xe8\xd5\xb9\xea\xb6U\xb7\xd2\xcf\x8d\xa7\x2b\x182\xf2\x81\x23\xc7\x23x5\x19\xfe\xdf\xde\xba\xca5\xe4\xcd\x7cp\x99\xd5\x8fMD\xb5\xef\x5e\xf1bg\x85\x13\x1d\xa4\xecO\x27\xaeZ\xe9T\xe0\xb9\xf8\xd1ZQs\xfd\x266\x8b\x9c\xb9\xae\x7dN\xdc\x28\xfc\x82\xed\x99\x7c\x17\xa6\xd5:2\x5c0\xe5\xf9\xab\xf4\xa3\xfe\xf3f\xa8\xa9H\x14\xcf\xcfAr\xf5\x0f:e\x2a\x90\x1c\x8dj\xa3\x7e?\x03o\xd4\xdc!\xfb\xb5\x3b\xe1\xc3\xacx\x24\x98\x02\xaa\x3b\x60\xb5\xc0\xef\xb1\x8aU7\xd4\xca\x5f\x92\xb1\xd7\xad\xe9\xc8\x8e\xef\x8cw\xb0\xa8\x87\x83\xfbTITL\x00\x00\x00Z\xbf\x5c\xea\xe5\x9c\xdc\x5c0\xf1\x85\xd8\xc1\x04 \xe7P\xe2l3\x8e\xd2\xd1\x03\xfa\x3d\xb8\x8e\xbe\xac\xf9\x89\xe3aj\x22\x07\xd8\xef\x5cb\xcf\xf7\xd6t\xb53\x05\x7c\xdeT\x9a0\xbc\x5c\x29\xc4\xfc\xbd\xa8\xff\xc6\xeb\xfc\xcd\xb73b\x8aF\x7e\x3e\x029\xa4\x2dCk\x7e\x3e\x13\xb8\xef\x80\x5ctt\x05\x9d\x87\x7b\xedMTITL\x00\x00\x01\x40a\x7bT\xde\xcc\xa9u\xf2\x5d\x2f\xa50\x88\xf8\x10\x82\xa6Kyr\xb9\x91\xa0\x18M\x9d\xad\x27\xf8\x90\x0f\x2d\x12\x01\x93\x03\xd2\x96\xa6\xbe\xc4S7\xfaO2\xc1\xb6\x12\x25\x2d\x98\xde\xd00\x16\x047\xc1\xcf\x86\x06z.\x87\x90\xce\xb3\xf9\xf2\xe91\xe9\xc5\x5cb\x17y\x95W\x99h\x25b\xeeJ\x8f0l\xe3d\xc0\x1a\x23\xbe\x7b\xc4\x8fF\x5bz\x19\x28\xebG\xe5\xd23\xde\xd2\xf9\xca\xfd\xc1\xc1\xda\xd3\xa0N\xa2\xbd\x1d\xf4\x1b\x07\xef\x97m8\xc3\xfdW\x5c0\x14\xb4B7\xe0\xb2\xb18\x06\x26j\x5cr:\xf9\xb7!\x81\x3d\x1b\x27\x82aV.\x81\x15\x8b\x83S\x5b\xedK\x9f\x06\xf3\x06\xbd\xcb\xe0\x40\xe8\x9eM\xca\xbcQ\x81F\x11\x9eR\x183\x86\xf5\xc6\xcd\xb6 \xac\x3b\xb4\x19\xb8\x1eFb\xc1\xa8ALBM\x00\x00\x00\x2d\x81!\xa0\x83\xd7PH\xdf\xb3\xb0\xe3\xe2\xc0\x86\xce\xd9AaUJ\x98\x90\x0e\x8f\xc7\x5e\x7c\x7c\xb1\xb4\xe3\x9dh\x81\xc0\xc5\x16\xf4\x7bW\xc8\x07\x25?fALBM\x00\x00\x01ETy\x5b\xd0\xedF\xf2\xb3Q\xa2\x93\x3d\x3c !\xe7BF\xcc\x5ct\x10q\x01\x11\xa0\x8c\x2a\xa6\x7ci\x81\xff\xc6\xf8\x26\xf7\xa4\x0bT\xdb\xc0\x16\x14B\x27r\x84\xf33\xbc\x94\xa3\x3c\x5d\x8f\x80.\xda\xd2\xbc\xcf8j\xc7\x8e\xa2\x98\xcf\x05\xd3Cs\xbbJ\xee\xba\xd0\xf6\xb4\xfb1\x04\x29LA\x2a\xc8\xa9\xa8\x3d\x7e?\xc9\xc3\xb9\x2f\x17\xc9f\xb9\x1b6\x5cb\x5e\xd2\x04H\x85k \x1c\xca\xec\xaa\xa2\xc5\xc0\xc9\xd0\xd3\xafzb\xb6\x29\x14\xc3\xb4\xfd\x90\xf4c\x8d\x3d\xa2\x11.o\xb3\xa8\x91\x15\xc3\x3b\xa6\xd8H\x17w\x82\x3d\x1d\xcei\xecB\xea\x88\xc3\x5d\xec\xc4\xf2\xb6v\xfe4M\xbd\xa0jny\x88\xb4\xca\x60o\xb1\x2d\x9b\x01\x93\x06\xd8\xb1\x9f\xd9\xf2i\xda\xa3\x89l\x1a\x40\x1f\xa0N9\x7e?1\xd2\xc5\x817v\xe3ARTS\x00\x00\x00i\xb0\xd6\xea\x1f\xa5\xcd\x14z\xf3\xefPW\xbf\xd0\x8d\x1f\xf5j\xc6D\x93\xdf\x87\xd5\xe2\xe8Y\xbc\xd1\xaaxI1\x8e\x24F\x84\xb0\xd4\x2c\x5cn\x92\x0b\xb2Yg\x81\x03\xd0\x01\xdb\x90\x07\xb3\x82M5\xcb\xe7uUv\xa5\x97Bn\xa4\x5e\x5ct\xf48\x27\xa9\xa4\x5e\x2ff\xb5\xaa\xe9\x89\x5d\x8e\x04j\xf5\xea?\x88\xecN?1\xc7\xfc\xb4h\xbeh\xd5\xa2\x5crTI\xecL\x00\x00\x01\x0e\xff7\xa8\xb6\xec\x06II\xa0\x15\xebE\xe1\x8b\x1cwx\xdb\xc9\x12\x28u6L\xfeN\xefeuELt\xa4F\x3dI\xcf\x1be\x9a\xa8\xea\xbe\xfe\x1c\x92\x19\xc9\xaa\x5cr\xd3\xbe\x11X\xe9\xdc\xce\xe4\x8d\xc2\xc9k\xd3\xe5\x80\xc2\xca\x27\x8c\xbf\xaf\xc2g\xb6\xee\x87\xe5\x7c\x13\xca\xb9\x7e\x3eI\x40\xf3\x1cr9\xcaH\xdb\x88\x85\xe6j\x5c0\x10\x94O\xac\xa2\xe8\xec0T2\xa5\x1a\x23\xcc\xca\x0e\xd4\xbe:\x3b\x03A\x26\xad\x3d\xd2\xce\x0eJ\x15z\x01\x13\x1aDc\xcd\xac\x8e\xe3w\x04\x97\xbe\x7e\x3eF\xb8\x7c?b\x26\xf4\x853\xb8ATITL\x00\x00\x00q\x85\x5c\x8dC5\xa5\xe2r\xcd\x8f\xf2P\x94WU\x98\xad\x84V\xfe\xcb\x88ak\xb7D\x12\xf7\xd6I\xec\xa44v\xe0j\xea\xcb3\xf4\xa2\x93\xbb\x22yf\x7d\xabK\x17GsZ\xac\xd4B\x04\xd2\xf4\x9b\x1e\xda\xc35\xaa\x3e\xeb\xa8\x85\xef\x84\x5b\x01\x1f\x27c\xcb\x1f\xdf\x5cb\xf2\xd8a\xa2\xc3\x0c\x27\x86\x25\x84A\xbc\x5c0\x0d\x1e\x1bo\x2aQrC\xa9\x08ND3\xd6c\x84\x26\x24\x3b\x7d\xef\x3c\xd3\x7d\xc9\x3c\x97\x87\x22\xdaARTS\x00\x00\x01M\xaa\xf93\xa6\xd2z\xf5\xbe\x40\xc2\x2a\xc6\xa2\xe5k\x7e?\x95\x5d\x18\x3b\x5c\x5cn\xefY?\x11\x87E\x01\x23E\xcf\xe2\xe7\x2a\xd1\x5cb\xba\xe0\xb5\x9c\xe1\x9c\xa4\xcb\x96O\x1b\xa6\xb6\x8eu\x92\xfb\x17\xe9\xf03\x16\xc8\x1c\xe8\xe5\x5cr\x0eZY\x84\xf6\x5d\x9d\xcc\xca\x82\xdd?\xfe\x92\xd9\xddqP\x84\x87\xf9\xcd3\x871\xa4\xa0\x17TK\xf9\x06\xd6\x85\x91\xb73y\xb5\xe7\xe9\x03q\xa8\xc6X\x26\xae\x7e?f7\x5c0\x05q\x18\xd0\x3cZ\xad\xa2o\x14c\x1d\x5dM\x26\xf0\xe5\xa9\xae\xcd\xa7\x1em\xbe\x25\x9cT\xbf\xdc!\xcf\xc5s\xde\x3e\xd6Z\xe5\x91G\xf8\x8c\xa0\xf7YG\x9e\x22zS\xd2\x9bm\xa9\xec\x22\x92\xf6RL\xb8\xc00\xca\x01\xab\xd5\x16\x3e\x26\xa3\x5cnF\x2dF\x1dIY\x18\xd7\xb6A\xd0\x1bARTS\x00\x00\x003\xe5q9\x8f\x86y\xf9\x5eNY\x1b\x8e\x81\x8e\xad!\xc0\x17\x9ej\xe63F\x95p\x98\x12Xr\x40\x0b\x5cn\x5b\xd4\xb6\x13\x0c\xf3tu\xb4\xf1\x1c\x0fV\xca\xb4!9\x84n\x97\x29\x9d\x8e\xde\xa6Oj\x19\x83\xa5ALBM\x00\x00\x01\x3b\x1d\xfd\x95\xb4E\x252\x96\xdc\xb5\xfb\x5cnm\x5cts\xa7y\xfd\xc4\xb9\xa0\xbf\x8d\x91mk\xe9\xadG\x1d\xfbP\xc6\xdbH\x06\x02\xec\xf7\xe9Xy\xa4\xbbPS\xca\x0eN\xb9\xe3\x24\xf4M\x1c h8\x94\xb6T\x40\xa1\xc7\xec\x3cFY8\x24\xb0\x98\x94K\xae\x5f\x25\x9b\xfa\x9f\x99\xffRGG\xbb\x25\xb7Me\xd7\x28j3\x13\x95\xe6\xf7y\xa6\x8d2\xad\x92\x89\x3cyC\x05\xaf\x5e\xf3\xa4\x7e?Y\x95\xc7\x5ct\x85\xc4\xcd\x9e\xacu\xdb\xad\xfd\x2b\xffg\x80\x0f\xeenw\xca\xb48\x9e\xa9\xca\x9a\xde\x82Z\xba\x5c0\xd2g\xa8\xe1\xfa\xe8X\xd4\x10\xc1\x02\xe4Z\xd3\x12\xa8\xcb\xd4\xa9\x88\x8e\x5d\xef\xc2\x25n\xb1\xbf\x233\xc9\x06Fm\xf6\x01T\xe5\x28\x92\x27QMr\xc4\xec\x3b\xcb\xd2ITL\x00\x00\x005\x80\x82p\xe6\x2d\x87\x1c\x40\x80\xd0TW\xef\xa7\xdd\x24\xf3\x8ab\x60\xe4\x89M\x1ao\xda\xa3\xfa\xd7\xce\xe5\x95\x12\xc7\xc0\xdb\x9f\x9c\x1e\xd6\xee\xc71\xe2E\x1e\xef\x22\xa7\xd9\xcd\x1fITITL\x00\x00\x00\x07\xb1D\xbb\x9a\xbe\x0c\xa8TITL\x00\x00\x00\x28\x04E\xf0\x8c\x0e\x93fR\x99e:\xbc\xd9hO\xec?\xa89v\xc5\xd3 \x823\xb2\xd4Te\x24\xf4K\xfd\x07\xc0?g\xf3\xd14ALBM\x00\x00\x01LL\xd3\xeeE\xad\xb4\x7e?\x97\xafo\x9d\xde\xaa \x9d\xaa\xf3\xb0\x88M\x91\xd8\x27\x3c\xee\x95\x86\xd4a\xf2B\xea\xdb\x40GM\xc4\x2c\x01\x89\xd9\xb2\x15y\xf4ws\x9d\x94\x03\xf1\x8f\xe0\x5ct\x86\xc1\xa8\x5cn\x2f\xb6\x06Z\x85\x7bWQT\x02L\x23:?\x5ct\xf6a\x5ctA\xb0\xbe\xa4\xact\x83z\xb0\x2f\xd9E\xcd\x28\xa4\x81H\x06\xad\x94\xd4\xce\xf7c\x9cu\x27\xe7q\x2b\x22\x8a\x2dH\xe0\xa6\x5d\x84Y\x9dg\xe5\x88M \x18\xc7\xb8\x89\x1c\x5c\xa1p\xea\x5cj\xaa\x7c\xaa\x5cb\x3dZ\x2f\xe6\xc7\x92\xf6ZJR\xfb\xa4t\xb9\x1c\xd8\x22\x26F\x2b\x81\x88\xfa\xaa\x19\xed\x96\x7e\x3eQ\xc6Td\x12\x8b\xa8\xd0\xdf\x5e\xf8\x03\xfdY\x5dt\xb6\x89\xaf\xdfz\x86A\xb58\xed\x5cn\x0e\xf1\xd4P\x2aF\x89\xb9\x04\x29s\x11\xebrn\xd3\xeb94TITL\x00\x00\x01M\x1c\xb7l\x91\x14\x17\xbd\x85\x84\x89\xd3t\xbf\x88\xdc\x9f\x81wd\x10\x22\x8d\x813C\xf8\x2d\xef\x2d\xdcd\x01u\xf7\x40L\x23\x80\xb9\x29\x7c\xf3\xeeZ?\xa7\xe0\x5cn\xde\x85\xf9g\x5cn\x7e?c0\xc3\xd64q\xbd\x27\xcd\x1c\x05\x8f\x3e\xffwGL\xae\xbb\xc6 \xa3\xae\x5c0GG\xd0i:\x2f\x26A\x92\x40\x7e\x3e:\xc5\x5c0dO\x40\x8d\x11\x9b\x92\x8e\xec\xc0\xddb?\xae\x1c?\xeb\xb7\xe5O\x9e\x2d\xe4\x91\xf1\xee\x2d\x82\x16\xdeG\x3d\x272\xf5\x2c\x3e\xd9\x02k\x5ct\xaa9\x7c\x1e\x84\x5e\xd9\x8194I\xe6\x0b\xef\xab\xaf\xe4\x89E\x2c\xb5.s\x3d\xb7\xf0H\xe1v\xc3\xfc\x23u\xc2\xd2\xdd\xa63\x1cY\x7b\xbdb\x17\xf2\x13\xa2\xaa\x5cn\xbcm\xb5\x2a\xb2\xc9\x1cd\x88\xb5\x5dT\xe2\x82Y\x02\xe5\x88\x0b\xbc\xdc\xdb\x2a\xe2\x14\xf6\xf4\xcb\x5b\x7f</data></write>
    <read><delim>\x0a</delim><match><data>Title: \x1c\xb7l\x91\x14\x17\xbd\x85\x84\x89\xd3\xd9\xbf\x88\xdc\x9f\x81wd\x10\x22\x8d\x813C\xf8\x2d\xef\x2d\xdcd\x01u\xf7\x40L\x23\x80\xb9\x29\x7c\xf3\xeeZ?\xa7\xe0\x5cn\xde\x85\xf9g\x5cn\x7fc0\xc3\xd64q\xbd\x27\xcd\x1c\x05\x8f\x3e\xffwGL\xae\xbb\xc6 \xa3\xae\x5c0GG\xd0i:\x2f\x26A\x92\x40\x7e:\xc5\x5c0dO\x40\x8d\x11\x9b\x92\x8e\xec\xc0\xddb?\xae\x1c?\xeb\xb7\xe5O\x9e\x2d\xe4\x91\xf1\xee\x2d\x82\x16\xdeG\x3d\x272\xf5\x2c\x3e\xd9\x02k\x5ct\xaa9\x7c\x1e\x84\x89E\x2c\xb5.s\xfd\xb7\xf0H\xe1v\xc3\xfc\x23u\xc2\xd2\xdd\xa63\x1cY\x7b\xbdb\x17\xf2\x13\xa2\xaa\x5cn\xbcm\xb5\x2a\xb2\xc9\x1cd\x88\xb5\x5dT\xe2\x82Y\x02\xe5\x88\x0b\xbc\xdc\xdb\x2a\xe2\x14\xf6\xf4\xcb\x5b\x0a</data></match></read>
    <read><delim>\x0a</delim><match><data>Album: L\xd3\xeeE\xad\xb4\x7f\x97\xafo\x9d\xde\xaa \x9d\xaa\xf3\xb0\x88M\x91\xd8\x27\x3c\xee\x95\x86\xd4a\xf2B\xea\xdb\x40\x24M\xc4\x2c\x01\x89\xd9\xb2\x15y\xf4ws\x9d\x94\x03\xf1\x8f\xe0\x5ct\x86\xc1\xa8\x5cn\x2f\xb6\x06Z\x85\x7bWQT\x02L\x23:?\x5ct\xf6a\x5ctA\xb0\xbe\xa4\xact\x83z\xb0\x2f\xd9E\xcd\x28\xa4\x81H\x06\xad\x94\xd4\xce\xf7c\x9cu\x27\xe7q\x2b\x22\x8a \x18\xc7\xb8\x89\x1c\x5c\xa1p\xea\x5cj\xaa\x7c\xaa\x5cb\x3dZ\x2f\xe6\xc7\x92\xf6ZJR\xfb\xa4t\xb9\x1c\xd8\x22\x26F\x2b\x81\x88\xfa\xaa\x19\xed\x96\x7eQ\xc6Td\x12\x8b\xa8\x8b\xdf\x5e\xf8\x03\xfdY\x5dt\xb6\x89\xaf\xdfz\x86A\xb58\xed\x5cn\x0e\xf1\xd4P\x2aF\x89\xb9\x04\x29s\x11\xebrn\xab\xeb94\x0a</data></match></read>
    <read><delim>\x0a</delim><match><data>Artist: \xe5q9\x8f\xc0\x17\x9ej\xe63F\x95p\x98\x12\x5cr\xe9\x0b\x5cn\x5b\xd4\xb6\x13\x0c\xf3tu\xb4\xf1\x1c\x0fV\xca\xb4!9\x84n\x97\x29\x9d\x8e\xde\xa6Oj\x19\x83\xa5\x0a</data></match></read>
    <write><data>p\x8f\xec\xc7A\xfe\xbc\x7b\xcc\xdfh\xde\x7e\x3eX.\xf4!3\xbe\x806\x06Pve\xcc\x85\xa6\xca\x5cHDR\x05\x0c\x00\x00\x05ZTITL\x00\x00\x01\x3d\x24\x9e\x86y\x06c\x8f\x8b?\x2d\x981\x80D\xe2\xf0\xee\x24\x86\xa4\xfb\x7e?\x2bb\x5c0\xf4W\xe6\xecZ\xbd\xc7\x5e\xbf\x8d\x7e\x3e\x84\x9aA\x0f\xad\x90\x96\xdf\xd5\x5bhx9R\xa7\x3c\x8c\xfeC\x8f\x15E\x2d\x89\xb6c\x5cbBS\x9f0\xeb\x8dj6\xe1\x01\xaa\xc4\x1e\xdf\xbe\x24l\xa3\x23\x11\x29\x16\x27\xfdb\x7d\x2aY\xfe\xcc\x05\x7e?\xe7\xdf\xe4Y\xe0sREJD\x1b\x7cL\x9f?\xef\x18!\x05\x2f\x83\x5e\x40\x19\xa8\xd9\x07\xac\xd9\x7c\xe1Sc\xb1X\x9dn\x96s\x40\x8c\x99\xd6\x60 \x26\xd0\x8f\xa6\xd9?\x95O\xe4\xc6\xbe:\x19\x40\x60Q\xe7R\x1a\x9b\x07\xcd\x9fW\xdf\xcd\x82g\xdeI \xd6\x86F\xb9\x5cn\x29\xec\x0b\x14\xae\x9a\xe8q\x1d\xe3TITL\x00\x00\x00:\xcdvZ\xc8zU\x19\xf2\x3c\xc2\xc7\xec\xae\x10\xc9\xfc\x97\x26\xa5\x9b\x60\xdb\xb03\xd4\x40\x60\x87\x5bVonm\x15\xc1\xa8\x9f\x8c\xf6\x8aD\xcf\x3e\x83\x1e\x10nr\xb7\xa1w\xd4\x40\x10Ey\x91\xdf?\xb1j\xc4\xee\x5d\xad\x0e\xefu\x7cSI\x8aTt\xef\xa0P\xa7\x04\xc4\xa1\x981\xd0\x1dHL\x10S\xd9\xed\xfb\xc1\x8dARTS\x00\x00\x01\x12\x1e5\xe8cF\x3e\x972\xf4\x0e\x0fchb\x8bp\xf1\xf7\x80\xdf.\xa8\xe4pZ\x84\xd3\x81\xe03\x5c0\x25\xf3\x8c\x2br\xdc\x03X\x86\xf7Q\x5c\xe8\x0c\xb9\x069\x98\xf4R\x1a\xa8\xe8\x9bK\xbdvO\xbe\x5c\x01\x2aTe!\xde\xb2\x1c\xd7\x3e\xb7\xd2\xaf\x8a\xa7\xfd\xd3\x81\xfc2\x0e\x3c\xe9vh\x87\x1a\x5b\xe8a\x1e\xc5F\x7e?df\xdbaUP\x1d\x7b\xdc\x82\x18UU\xa6\x04\x1b\x5ct\xd1\xb8\xa9\xe0\xc3\xaaV\xc2\xc6\x9f\x7e?\xc2\x82\xc0\x05\x10\x87O\x01\x0fa2\xf1\xe5z\xb6\x93\x5ct\xbf\x0f\xc8TITL\x00\x00\x01A6o\xabA\xb3\x11\x0d\x27\xfdQ\xf9\xc0\xe1\x60C4\xb8\x9e\xe3\x95\xad\xd4\x80\xf7ELXP\x3b\xc4\x18\xb4\x60\xc8\xc4\xf5\x7cjQ\xf5\xbb\xfe\xe8\xbafX\x5c\x0e\xa8A\xe5\x7d\xb3\xe0\x8c\xaa\xe7\x02\x94W\xe7\x02\xa6\xb8\x24e\xf5\xa3\x8f\xde\x3b\xd7\x2a\xcb\xe7\x8d!\x60\x80\x92\x5b\xfac1\xd1\x11\xeeM\x9ai\xea\xf9\xbf\x26\xe5\x26S\x5b\x11\x40\x8aWQ\x3e\x1d\xcb\xf2\xb8\x2c\x82\xd3\xe8\xd2\x5ct\xed\x11\x0b7H\x3d\xfbV3\xd4Z\xd9\xf8\xf2\xfaW\x87\x1d\xc2\x5b\x29A\xa1\x1bej\x1b3\x5cb\x27\xd3\x409\x5f\x95\x99\x60\x24\xd0\x8f3JX\x8e\x5c\xbb9\x5e\x25\xbf?\xb5X\xea\xf9\xf2\x0f\x5b\x92h\xf3\x12:\x7c\x89\x96\x12\xa3m\x5cnm\x81\x9dR\x5ct\xe2BP\xee\x5cn\x01\x5c\xdb\xc2d\xff\xb7\x9f\xbd\x5e\xcbO\xe0\x5cb\x29\x90\xb9\x91\xc4U\xdaTITL\x00\x00\x00\x60t\x5c0\x19\x8e\x3b\xe4XEe\x03\xf0p\x85\x81e\x40a\xb8\xa2\xad.\x93x\x5bS\x80Unql6\xd4\xfcc\xde\x22\xa2\xb6\x5c\xef\xeb\xd6\xad\x16V\x7e\x3e\xb3\xf3\x04p\x1d\x8f\x93\x96\xc2\x0a\xdc\xf1\xdd\xd2\x82\x92\xe6g\xe9\xde\xd4\xca\x82 \xd9\x1c\xdc\xff\xa5\xe5\xef\x9e\x11\xa9\x07\x9bM\x12\xbc\x017\x85!\x8bA1\xfa\x7d\xaf\x28\x5d!\xab\x1f\x1c\x85\xc8e\x96\xd2\xcf\xb2B\x11\x18\x06\x2d\x9e\xb24a\xfe?Pn\xbf\xd0\x7f</data></write>
    <read><delim>\x0a</delim><match><data>Title: t\x5c0\x19\x8e\x9e\xe4XEe\x03\xf0p\x85\x81e\x40aI\xa2\xad.\x93x\x5bS\x80\x9dnql6\xd4\xfcc\xde\x22\xa2\xde\xd4\xca\x82 \xd9\x1c\xdc\xff\xa5\xe5\xef\x9e\x11\xa9\x07\x9bM\x12\xbc\x01i\x85!\x8bJT\xfa\x7d\xaf\x28\x5d!\xab\x1f\x1c\x85\xc8e\x96\xd2\xcf\xb2B\x11\x18\x06\x2d\x9e\xb24a\xfe?Pn\xbf\xd0\x0a</data></match></read>
    <read><delim>\x0a</delim><match><data>Artist: \x1e5\xe8cF\x3e\x972\xf4\x0e\x0fchb\x8bp\xf1\xf7\x80\xdf.\xa8\xe4pZ\x84\xd3\x81\xe03\x5c0\x25\xf3\x8c\x2br\xdc\x03X\x86\xf7Q\x5c\xe8\x0c\xb9\x069\xc2\xf4R\x1a\xa8\xe8\x9bK\xbdvO\xbe\x5c\x01\x2aTe!\xde\xb2\x1c\x7b\x3e\xb7\xd2\xaf\x8a\xa7\xfd\xd3\x81\xfc2\x0e\x3c\xe9vh\x87\x1a\x11\xe8a\x1e\xc5F\x7fdf\xdbaUP\x1d\x7b\xdc\x82\x18UU\xa6\x04\x1b\x5cti\xb8\xa9\xe0\xc3\xaaV\xc2\xc6\x9f\x7f\xc2\x82\xc0\x05\x10\x87O\x01\x0fa2\x7c\xe5z\xb6\x93\x5ct\xbf\x0fp\x0a</data></match></read>
    <write><data>P\xaf\x2c\x2c\xaa\xd2\xe8N\x24\x89\xef\xf6\xf6\x13\xaf\xbcVw\xcd\xc8K\x0bHDR\x05\x0c\x00\x00\x02\x7bARTS\x00\x00\x015HK\x8d\xafQbqv\x5cb\x92\x23N\x19\x8f\x94\xaa\xc3\x0f\x9d\x12\xca\xa3\x0e0\x23\x23\x94\x9bg\x91u\x5b\x9c5\xed8\x25\xb1\xce\x40n\x8d\xe9\xa4\xc6\x5ct?\x8dc\x97!\xae2J\xe2\xfd\x1a\xc9\x5cnd\xdem\xbee\x87\x9daEg\x25\x93\x3c\x2bD\xff\x845x\xa4y\x18\xae\x22\xdc\x2c\x971\x7e\x3eo\xa3\x5d\xf3J\xd4\x5ct\x9a\xa3\xfc\xe1\xd6\x7c\x7e?L\xff\xc9\x1d\x23\x2b\x1e\x81\x03\x8e\xc1\x1b\x03\xab\x25\xbd\xe0\x16\x0f\xf5\xd7\xa9\xfcs\x95\xc1\xc4\xd4\x5ctwzW5\xf73\xdd\xedc\x5cbt\x9euy\x9e\x2b\x5f\x1fD\x02\x99\x12c\x26\x1a\x28\x3d\xae\xc7\xa8p\xca\xe7w\xec\xb5\xe7\x3d\x0b\xa1\x5c0\x02\xd7ARTS\x00\x00\x00D\xf1\xd1\x7e\x3e\x04e\xfc\xafs\xde\x03\x3cS\xa6\xaf\xa7\xec\xc8\xa6\x3c\xeb\xcaO\x98\xe3\x07\xc4\xe8\x5cr\x84L\xce\xba\x1b\x17\xf6m\x2b\x99z9\xf8\xc2\xce\xfa\xc6\x91\x9f\x93\xd4\xea\xdf\xd7\xd2\xa7\x29\xdcP\xe4\xbe\xbc\x0eO\xed2b\xec0\xc5\xd2L\xc0\x95\xe2\xed\x14\xdf\x1e:\x1f\xe2u\xc5\xcd\xeb\x98\x25iALBM\x00\x00\x00j\xab7\x18\x9d\xed5\x80\x12\x1fE\x99ZT\x25\x0b\xf3\xe2\x8b\xa9N\xb4\xa5V\xae\xc3i\x17\xa6\x15\x1d\x863\x8c\xb3\x3e\xa0\xe5EiJ\xa1?\xdd\xa9\x95\xb2\xa0\x2324\xfa\x0e\xc6\xee\xde\x3b\x9e\x80L \x16\xbd\xc2\xad\xf7\xaf7\x80Ij\x7e?\xae5j\xf9\xd09\x5ctH1\x3e\xca\xd8\x40Wv\x14\xd5\x238q\xc1\x7e?\x95\xce\xee\xd3\xba\xfdF\xd5YeY\xe8\x7f</data></write>
    <read><delim>\x0a</delim><match><data>Album: \xab7\x18\x9d\xed5\x80\x12\x1fE\x99ZT\x25\x0b\xf3\xe2\x8b\xa9N\xb4\xa5V\xae\xc3i\x17\xa6\x15\x1d\x863\x8c\xb3\x3e\xa0\xe5EiJ\xa1?\xdd\xa9\x95\xb2\xa0\x2324\xfa\x0e\xc6\xee\xde\x3b\x9e\x80L \x16\xbd\xc2\xad\xf7\xaf7\x80Ij\x7f\xae5j\xf9\xd09\x5ctH1\x3e\xca\xd8\x40Wv\x14\xd5\x238q\xc1\xa9\x95\xce\xee\xd3\xba\xfdF\xd5YeY\xd5\x0a</data></match></read>
    <read><delim>\x0a</delim><match><data>Artist: \xf1\xd1\x7e\x04e\xb5\xafs\xde\x03\x3cS\xa6\xaf\xa7\xec\xc8\xa6\x3c\xeb\xcaO\x98\xe3\x07\xc4\xe8\x5cr\xd4\xea\xdf\xd7\xd2\xa7\x29\xdcP\xe4\xbe\xbc\x0eO\xed2\x05\xec\x90\xc5\xd2L\xc0\x95l\xed\x14\xdf\x1e:\x1f\xe2u\xc5\xcd\xeb\x98\x25i\x0a</data></match></read>
    <write><data>\x60\x9f\x14\xb5\x16\x1a\xc6Y\x98\x97\x85\x2c\x40\xfa\xba\x60\xe0t\xdc\xb7\x0d\xdcbPw\xa2HDR\x05\x0c\x00\x00\x02\xfeARTS\x00\x00\x00\x60\x5e\xc3\x98RlL\x04q\x23hP\xe8Me\xdb\x29\x81\x19\xb3\xca\x91\x2a\x8ar\x8d\x3ej\x24r\xd9\x23\xa8\xdb\xc4\xca\x8d\xf7V\x5c0\x92\xe7\xe3\xda\xa2\xa4\xe5:\xa4l\x25\xb7\xf1z\x07\x40\x5b\xf2\x5d\xfb\x3b\x19Tm\xa9hL\x15\x85\xc1m\xf4\x98\x17I\xeb1\xed\xdd\x121\x96\x25\x84\xe3\xedKg\x85\x81\xc5\x02\xd0\xfb\x1dwALBM\x00\x00\x01\x275\xfd\xb57\x98\xf6\x2a!\x5f\xc0\xc0\xc9\xc1d\xf9\x3cv\xd6\xd6\xdb\xf6M\x05\x3bR\x9c?D\xfb\xe9\xf1bl\x5eh\x27\xe5g\xb4\x9f\xe0T\xd8\xddK\x99\xf7\x5b\xd7sb4\x1dC\xef\xf3e0y\xc4\xf3\xe5\xf2\x17\xabi!\xc2\xe2\x3bEq\xf1e\xc7\xf0\xf2.\xceA\xf5d\xe2\x83\xea\x1e\xc4d\x94m\x5cn\xb2f\xd4\x95\x13\x85\x06\x3bew\x1e2\x7d\xd9\x16\x04U\xd7\x26\x9f\xdc\x9dd\x14\x0f\x02U\xf5\xac\xa8\xa0\x90\x60\xd8\x1b\x03\x3eA\xef\xc7\xab\x91\x9f\xe3.\xf8d\x16Jo\xe7\xdeT\x17\x91\x5cn\xfe\xbd\x8a\x8d\x1d\xa1\x0f\xfbArX\x5cb0\xdbkiQ\xe9\xa2\xdfM\x93:\xa7\xb2Y\xcf\xf0\xcf\x1a\xab\x1d\xe6o\x04\x16!\xc2\x25\xaagTITL\xf5\x00\x00\x2c\xca\xa0dA\x2d\x15y\x0bP\xae\x99\xc3\x227\xaa\xd1\xd0J\x28\xf4G\x1c\x1e\x5e\x2b\xc0\x0e\xaaq\x3e\xf0o\x844\x14if\x24tK\xa0\xfc\x60\xaa\x7f</data></write>
    <read><delim>\x0a</delim><match><data>Title: \xca\xa0dA\x2d\x15y\x0bPi\x99\xc3\x227\xaa\xab\xd0J\x28\xf4G\x1c\x1e\x5e\x2b\xc0\x0e\xaaq\x3e\xf0o\x844\x14if\x24tK\xa0\xfc\x60\xaa\x0a</data></match></read>
    <read><delim>\x0a</delim><match><data>Album: 5\xfd\xb57\x98\xf6\x2a!\x5f\xc0\xc0\xc9\xc1d\xf9\x3cv\xd6\xd6\xdb\xf6\xf2\x05\x3bR\x9c?D\xfb\xe9\xf1bl\x5e\xbe\x27\xe5g\xb4\x9f\xe0T\xd8\xddK\x99\xf7\x5b\xd7sb4\x1dC\xef\xf3e0y\xc4\xf3\xe5\xf2\x17\xabi!\xc2\xe2\x3bEq\xf1e\xc7\xf0\xf2.\xceA\xf5d\xe2\x83\xea\x1e\xc4d\x94m\x5cn\xb2f\xd4\x95\x13\x85\x06\x3bew\x99\x24\x7d\xd9\x16\x04U\xd7\x9f\xe3.\xf8d\x16Jo\xe7\xdeT\x17\x91\x5cn\xfe\xbd\x8a\x8d\x1d\xa1\x0f\xfbA\x2dX\x5cb0\xdbk\x60Q\xe9\xa2\xdfM\x93:\xa7\xb2Y\xcf\xf0\xcf\x1a\xab\x1d\xe6o\x04\x16!\xc2\x25\xaag\x0a</data></match></read>
    <read><delim>\x0a</delim><match><data>Artist: \x5e\xc3\x98\x93lL\x04q\x23hP\xe8Me\xdb\x29\x81\x3d\xb3\xca\x91\x2a\x8ar\x8d\x3ej\x24r\xd9\x239\xdb\xc4\xca\x8d\xf7V\x5c0\x92\xb4\xe3\xda\xa2\xa4\xe5:\xa4l\x25\xb7\xf1z\x07\x40\x5b\xf2\x5d\xfb\x3b\x19Tm\xa9hL\x15\x85\xc1m\xf4\x98\x17I\xeb1\xed\xdd\x121\x96\x25\x84\xe3\xedKg\x85\x81\xc5\x02\xd0\xfb\x1dw\x0a</data></match></read>
    <write><data>\x10\xefW1\xec:HDR\x05\x0c\x00\x00\x018ARTS\x00\x00\x010\x1cGP\xdbe\x84\xdaQ\x28\xe1\x1b\x82\xe2\x9e\x5e\xf3m\xff\xa3X\xaf:\x0bA\x9c\xc3c\xe5HA\x0f\xbf\x82x\x97ui\xc0cHK\x1d.u\xcfL\x40\xa9O2\x5fb1\xf7s\xd4\xc2\x01\x27\x5cb\xa5\x01N\xaf\xb5\xe9\xad\x12i\x07\x15\xb1\xc8\xea4\xf8\x16r\x8c\xfa6\xf6j\x8f\xdbb\x8f\xa8n\xaf\x18\x26\x24\xe6Mb\xa0ZN\x7e?1\x80r\xedi\xea\xa9\x17\xc8M\x9fj\xd5\x7e?\xf6F\x5cn\xd4\x94j\xfd\xb5\xce8\xe9\x29\xfdvaG\xa8\xa1\x95v\x05f4\xff\xfdLR\xee\xe7p\xdd\x91\xea\xf0\x16Qaj\xa4\x11\xe7\xe7C\xe0\xc3\x82w\x84\x93\x3c\x94R\xe9\xde\xac\x1f\xae\x23x.\x7f</data></write>
    <read><delim>\x0a</delim><match><data>Artist: \x1cGP\xdbe\x84\xdaQ\x28\xe1\x1b\x82\xe2\x9e\x5e\xf3m\xff\xa3X\xaf:\x0bA\x9c\xc3c\xe5HA\x0f\xbf\x82x\x97ui\xc0cHK\x1d.u\xcfL\x40\xa9O2\x5fb1\xf7s\xd4\xc2\x01\x27\x5cb\xa5\x01N\xaf\xb5\xe9\xad\x12i\x07\x15\xb1\xc8\xea4\xf8\x16r\x8c\xfa6\xf6j\x8f\xdbb\x8f\xa8n\xaf\x18\x26\x24\xe6Mb\xa0ZN\x7f1\x80r\xedi\xea\xa9\x17\xc8M\x9fj\xd5\x7f\xf6F\x5cn\xd4\x94j\xfd\xb5\xce8\xe9\x29\xfdvaG\xa8\xa1\x95v\x05f4\xff\xfdLR\xee\xe7p\xdd\x91\xea\xf0\x16Qaj\xa4\x11\xe7\xe7C\xe0\xc3\x82w\x84\x93\x3c\x94R\xe9\xde\xac\x1f\xae\x23x.\x0a</data></match></read>
    <write><data>p\x8f\xf0\xce\xda\xa6\x80\x0e\xf4\x81\x87\x00\xf7\x88\xfd\x9a\x23\x82\x86e\x2f\xde\xb7\x01\x9d\xe0\xd0\xf2\x13\x8aHDR\x05\x0c\x00\x00\x01\x08ARTS\x00\x00\x00A\xf5\x13\xaf\xbdB\x82eD\xe5\xc5\xea\x036\x8c8\xe0ob\xaa\x10\x83\x8d\xc5\x9d\x17\xfc\x8bIH\xb9G\xf6x\xd07\x99X!.\xa4\xae\x9c\xf0\x8c\x29m\xcaTP\xd9\xe8\x82\x1ah\xfe\x9fITB\xd3x\x04J\x9f\x7dAYTS\x00\x00\x007mi\xa3\x18\xc0\xdfX\xf3\xe5\xd3\x97\xd2\xea\xb6\x9d\x9b2\x07e\x7e\x3e\xe9\xf5\xa5\x04\x19\x14\x9f7\xaa\xa9\xcf\x8aj\xb5H\x88\xab\x8f\xa3\xaa\xfe\xa3\xaf0\xbe\x26\xe8\x185o.09\xe5\xc6\x7f</data></write>
    <read><delim>\x0a</delim><match><data>Artist: mi\xa3\x18\xc0\xdf\xd1\xf3\xe5\xd3\x97\xd2\xea\xb6\x9d\x9b2\x07e\x7e\xe9\xf5G\x04\x19\x14\x9f7\xaa\xa9\xcf\x8aj\xb5H\x88\xab\x8f\xa3\xaa\xfe\xa3\xaf0\xbe\x26\xe8\x185o.09\xe5\xc6\x0a</data></match></read>
    <write><data>0\xcf\x27 N\x3c7u\x60\x9f\xc9JjvHDR\x05\x0c\x00\x1c\x00\x00\x7f</data></write>
    <write><data>p\x8f\xdb\xc1\xdf5\xff\x24bD:\x1f\xe5\x0a\x99\x9d\xab\xdd\xa6\x0a\x84\xcd\xbb\xbb\x24x\xf8U\xce2HDR\xe5\x0c\x00\x00\x00\x00\x7f</data></write>
    <write><data>0\xcf\x27 N\x3c7u\x60\x9f\xc9JjvHDR\x05\x0c\x00\x00\x00\x00\x7f</data></write>
    <write><data> \xdf\x97\xc1\xdc\xdbh\xff9uHDR\x05\x0c\x00\x00\x03sALBM\x00\x00\x01\x1e\x9b\x14Ogn\x9b\x22\xdc\xcaP \xfdXP\x9d6\x07a\x80\x5cn\x17\x1a\x07\x85\x3b\x7b\xd0\x13\x06\xfa\x7b\xd9\xb4\xc3\xb3\x2a\xd9\x11\x82\xa5\x8b\x83h\xb0\xb1\x5cnQ\xcc\x19\xe2\xc1u\x5c\x8b1V\x0e\xe2S\xa35\xbeAW\x9aL\xcb\xb7e\x15\xec8\xcf\xb7\x14OJC\xc9e\x05\xda\x2c\xc9i\xa0s\xab\xccH6\x5c\x94\x84\x1d\xd5\x5cn\x8f\x87\x7b\x88\xc0cHv\xbd\x0c\xb6\xdd\x2d\x92\xc2\x0b\xd9\x28.\xb4\xbc\x5c0\x86\xec\xba\xb10\x0b\xe3\xf5\x3e\xb9i\xc0\x9b\xd1\x5cbuFu\xc0\x2dE\xfe\xdc\xbfu\xc5N\xd7\x8cn5\x12\xe1\x96ARTS\x00\x00\x00t\xd6\x12\x7b\x04\x7d\x86\xa3\x7b\xcc\xf7f2\x5cb\x87\x28Q\xeb\xa5\x15\xe8\xd9\xca\xb9\xdb\x06I\xc6\xe8\x1a\x2d\x28Q\x7c\xb1\x5d\x92L\xf0\x1c\xdaLI\x05\x8b1\x23\x2a\x1f\xfb\x0c\xfdd\x87\xb2\x29\xeb\xf0\x1a\xe6\xb6\x12R\xda\xd9\xdaBl\xdc\x13\x07\xd0\x5d\x5b\xc8\xf8\xba2u\x7c\x83\xf4\x04\xa6N\xd0\xb1P\xed\xac\x85\x29\x9c\xc11\x5f\x26\x26\xe0\xf1\x14\xd4\x5d\xedpj\x0c\x5b.\xbf\xb2HMM\xd2S\x2f\xeba\xb7\x24\x04Q\x5bALBM\x00\x00\x01I\xac\xe1V\x8eT\xa8\xbc\x97S\xe64\x16\x9f\x26\x9d\x03\xb5\x14f\xa0\xeaDpaz\xc7o\x3bX\x1e\x7e\x3ew\x97\x5c\xad\xd2iC:O8F5u5\xc8\x3c\xaa\x92u:\xe8\x11V\xd2\x84\x8b\x99\x07\x11\x81\xd4\x5c91YO\xe7\x1c\x1c\xc0\xe6\x5cnL\xe9\x8f\xee3\xdb\x2f\xa8\x07\xe5\xf6o\xbf\xa8\xf0E\x13\x9c4Och\x40A\xcf\x26\xba\x018\xbc\xb5d\xd0\xe4\x96\xc7\x3bo\x26\xe4\xf8\xe1\xcaM\x15Tr\x5b\xd4\x7d\x7e?\x16\x9eJh\xb3\xef\x0e\x80\x3eF\x16\x2c\x5c\x28s\xc3\xdc\x7dU\xcaQJ\xb7A:\xb8\xb8\x0cW\xf3\x60\x5cb9\xbd\x23\xf8\xb7\x81\xff\xe1\xa5\xd6\x01\xe7\x7bl\x25\xde\x0b\xe9d\xe9B\x5bk\xc34\x8f\xd2\x12\xa1?\x93\xb4B\xbe\xb5\xa7\x84\x01OS\x03\x1c\x10k\x90\x5bZ\x9f\x3bFx\x7f</data></write>
    <read><delim>\x0a</delim><match><data>Album: \xac\xe1V\x8eT\xa8\xbc\x97S\xe64\xce\x9f\x26\x9d\x03\xb5\x14f\xa0\xeaDpaz\xc7o\x3bX\x1e\x7ew\x97\x5cr\xd2iC:O8F5u5\xc8\x3c\xaa\x92u:\xe8\x11V\xd2\x84\x8b\x99\x07\x11\x81\xd4\x5c91YO\xe7\x1c\x1c\xc0\xe6\x5cnL\xe9\x8f\xee3\xdb\x2f\xa8\x07\xe5\xf6o\xbf\xa8\xf0E\x13\x9c4Och\x40A\xcf\x26\xba\x018\xbc\xb5d\xd0\xe4\x96\xc7\x3bo\x26\xe4\xf8\xe1\xcaM\x15Tr\x5b\xd4\x7d\x7f\x16\x9eJh\xb3\xef\x0e\x80\x3eF\x16\x2c\x5c\x28s\xc3\xdc\x7dU\xcaQJ\xb7A:\xb8\xb8\x0cW\xf3\x60\x5cb9\xbd\x23\xf8\xb7\x81\xff\xe1\xa5\xd6\x01\xe7\x7bl\x25\xde\x0b\xe9d\xe9B\x5bk\xc34\x8f\xd2\x12\xa1\x01OS\x03\x1c\x10k\x90\x5bZ\x9f\x3bFx\x0a</data></match></read>
    <read><delim>\x0a</delim><match><data>Artist: \xd6\x12\x7b\x04\x7d\x86\xa3\x7b\xcc\xf7f2\x5cb\x87\x28Q\xeb\xa5\x15\xe8\xd9\xca\xb9\xdb\x06I\xc6\xe8\x1a\x2d\x28Q\x7c\xb1\x5d\x92L\xf0\x1c\xdaLI\x05\x8b1\x23\x2a\x1f\xfb\x0c\xfdd\x87\xb2\x29\xeb\xf0\x1aM\xb6\x12R\xda\x5d\x5b\xc8\xf8\xba2u\x7c\x83\xf4\x04\xa6N\xd0\xb1P\xed\xac\x85\x29\x9c\xc11\x5f\x26\x26\xe0\xf1\x14\xd4\x5d\xedpj\x0c\x5b.\xbf\xb2HMM\xd2S\x2f\xeba\xb7\x24\x04Q\x5b\x0a</data></match></read>
</replay>
</pov>