<?xml version="1.0" standalone="no" ?>
<!DOCTYPE pov SYSTEM "/usr/share/cgc-docs/replay.dtd">
<pov>
<cbid>service</cbid>
<seed>926cb6ead9efb5f32c0e3388bbf3023e4bcbad9a0acdd78af90d2884ea6a53744c3276d7f9c54c3a6f0cc5ca7b52744d</seed>
<replay>
    <write><data>\x01\xfeHASH\x7f</data></write>
    <read><length>4</length><match><data>\xae\x07\x88\x97</data></match></read>
    <write><data>\x60\x9f\xda\x82\xe5\xc7nwU\xf1\x06\xda\xfa\x0c\xd7\x0f\x80A\xd0\x29\x40b\x5bu\x2a\x8fHDR\x05\x0c\x00\x00\x02\x06TITL\x11\x00\x01\x14\x1f\x2b\xaem\xc0OQL\xd7\x2f\x05\xf7\x1e\xf0N\xfc\x2d\x01\x60\x86\xc6\x1dy\x5d\x1e\xd2Q\x8e\x5b\xb5\x9al\xe0\x136A\xfd7\xbb\x01\xf3\x26\xd9\x97\x04\xd5\x02\xd5\xc0Z\x0e\x8f1W\xcf\x04s\xfa\x5cb\xe2\xcd\xeaD\xe7\xa2l\xb5\xf5\x25\x5c0\x9e\x7e?\xa5S\xafE\xcf\xdc\xc9\xe7T\x8c\x26B\x84\x0f\x80\xf8\x99\xd54\xd3\x1b\x8a\xe2\x8b\xa4.\x80\xf5\xd0\x13\x3e\x2c\x5c0\x96\x5f2\xf5\x11\xbd\x19\x60\x5bPF\xe2\x2b\x85\xae \x03\x5c0\x2a\xa0\x29\xc8\x2f\xbd\xf2\x04\x01\x80\x9c\xa8\x8c\xb8\x7d\xfb\x2fDl\xa6\x24TITL\x00\x00\x00b\xa4\xa6\xb3\xa4\xc1z\x1d\xa2\x5c0ZD\x9b\x99\xd6\xca\xbd\xa7C\x0b\x7e?\xe0\xdb\x8a\xae\xdb\xc5\xd0\x85\xe5hh\x10\x0e\xb7\xe3\xee\xf4\xb8F\x96:W\xa23\x19\xb4\xf9\x5c0\xfcU\xc2\xf4\xc6:\xa8\xd0\x40\x85\xb4\xe1d\x1c\xaf\x81\xd3\xedo\x8f\xf6\x17\xe4\xf4\xf9\xd4Q\xc9?\xad\x05\xe5:s\xe9\x93\x07\x02\x198jC\xca\x7e\x3e\x85\x2c\x5cb\xc2m\xad\xd8\xe9\xf6\x2c\xca \xb1\xbf\xdfJu\x80C\x84\xea\x2b\x5cr\x14lU\x7f</data></write>
    <read><delim>\x0a</delim><match><data>Title: \xa4\xa6\xb3\xd2\xc1z\x1d\xa2\x5c0ZD\x9b\x99\xd6\xca\xbd\xa7C\x0b\x7f\xe0\xdb\x8a\xae\xdb\xc5\xd0\x85\xe5hh\x10\x0e\xb7\xe3\xee\xf4\xb8F\x96:W\xa23\x19\xb4\xf9\x5c0\xfcU\xc2\xf4\xc6:xK:s\xe9\x93\x07\x02\x198jC\xca\x7e\x85\x2c\x5cb\xc2m\xad\xd8\xe9\xf6\x2c\xca \xb1\xbf\xdfJu\x80C\x84\xea\x2b\x5cr\x14lU\x0a</data></match></read>
    <write><data>\x00\xffHDR\x05\x0c\x00\x00\x01\x00ALBM\x00\x00\x00xyvC\xff\x1f\xe5e\xa6\x5c\x5cn2\x2a\xddXt\xdd\xbalEw\xa3\x0f\x96\xba\xbdgxx\xb6\xccU\xa2\x19f\x88\xe5\x81\xca\xae\x1b\x2bH\x8e\x5c0\xfc\x91\x9b0\xba\xfcs\x25\x1c\xf1\x9c\xaej\xa3M\x2d\x7e\x3e\xc7M\x9e\x028\xb6l\xd9\x7cX\xd6b\x7d\x5f\xac\x19\x5ctoW\x7c\xf5\x01D\x27:S\xa8\xd1 \x7ch\x9d\xc7\xf52\x12\x0f \x9eI\x9f\x82\x5ct\x8d\x1e\x8f\x80\xfc\xde\x18\xbe\x8f\x3dV:\x7f</data></write>
    <read><delim>\x0a</delim><match><data>Album: yvC\xff\x1f\xe5e\xa6\x5c\x5cn2\x2a\xddXt\xdd\xbalEw\xa3\x0f\x96\xba\xbdgxx\xb6\xccU\xa2\x19f\x88\xe5\x81\xca\xae\x1b\x2bH\x8e\x5c0\xfc\x91\x9b0\xba\xfcs\x25\x1c\xf1\x9c\xaej\xa3M\x2d\x7e\xc7M\x9e\x028\xb6l\xd9\x7cX\xd6b\x7d\x5f\xac\x19\x5ctoW\x7c\xf5\x01D\x27:S\xa8\xd1 \x7ch\x9d\xc7\xf52\x12\x0f \x9eI\x9f\x82\x5ct\x8d\x1e\x8f\x80\xfc\xde\x18\xbe\x8f\x3dV:\x0a</data></match></read>
    <write><data>0\xcf\x27 N\x3c7u\x60\x9f\xc9JjvHDR\x05\x0c\x00\x00\x00\x00\x7f</data></write>
</replay>
</pov>