<?xml version="1.0" standalone="no" ?>
<!DOCTYPE pov SYSTEM "/usr/share/cgc-docs/replay.dtd">
<pov>
<cbid>service</cbid>
<seed>c50a1517d7bd44b84a5e2942580ee047ea1402796285ff9e1b206aa58f31afa1a60d0fececb41fd5613056378db5a88c</seed>
<replay>
    <delay>50</delay>
    <write><data>\x05\xcc\xfc\x8b</data></write>
    <read><length>4096</length><match><data>\x05\xcc\xfc\x8bW0\x06\xdb\xc5G\x9d\xed\x8b\xdbN\x93b\xa7\x22P\xcc\xc8H\x7f\x0aH\xfc\x0c\x0ak\x9bR\xf81\xd3\x15\xe6\xad\x23!\x1a\x5eyi\xd56\x95\xa0\x87q\x98h\xd9T\xc1Gwh\x5c\xe3\xd7\x14\xa5\xbfAf\xc9b\x24\xe5\xe8\xb3\xaf\x1ag\x26\xdb\xba\xeb\xea\xe87\x3b\x2fW\xed\x8dQ\x7fmBR\xae\x17\x5b\xf9\x15\xcc\xa1\x3c9\x91\x82\xe4g\x3e\x7b\x92\x00\x13\xa0\x914\x9bP\x1f\x0b\xe4M\x02B\xdaO\x25f:\x8e\x0891\xa1\xf1V\x91\xb3Lp\xc4\xce\x12\x90ig\x22V\x06\x84\x89\x8f\x87\xd2\x22\x96\x2d\x283I\xa0\xc6:\xd3\x9e\xd0\xe7\x02\x07\xc3f\xc7\x1bu\xcc\x82\x9b\xfdS\xae\x2aX0\x8c\x06\x2d\x88\xd7\xf9\xaa\xb6\xa84r\x09\x17\x11\xec\xe2\xe5\x09x\xf9\x09\x86\x90\x93\x05T6\x91\x8d\xaeG\x80\x15\xd2\x09V\xd5\xed\x05\x40\x8b\x01Fc\xfc\xe6\xe8\x01\xef\x15\xe3H8\x9a\x2c\x7b\x95\xd9\xfbS\xbe\xc5\x2fw\xea\x87\xb8\x5d\x1b\xec\xfb!\xa5\xe5\x97U\xd2Fx\x7e\xbb70\xca\xbd\xcd\xf5\x29 \xec\xfb\x86\x91\xa9\x06\xd9:\xae\xa4\xcc\xc8\x7b\xb8\xa8\xdd\xd7UL\xdcg\xd9\xbfu9\xfc\xae\x83\x27\x3cA8\x0dL\x92\x7d\x94\x3dt\xb8l\xf9NN\xfb\xddD\x29\xdc\xe5\xf6\xe1\xae!\x7c\xef\x11j\x8f\xde\xb3\xf6S\xe6\x25U\x13\xa7\xa2\xbf\x06\xe0\xff?\xd8\x24\xb1\x0b2\xb0\x3b\x04\x1c\x5d3\x2ck\xf1\xa5\x01\xe4\x05\xcb\x7bG\xb4\x8a\xc5T\x93\xb0W\xee\xa0\x12\x2a\xe5\x3b\x7b\x9cj.\x17\xc5\xfd\x8b6E\xf5\xf0\x18\x8b\x00\x8c\x1c\xd1\xf7\xd0jl\xb2\x0f\xae\xa1\xe9\x83n\xc7\xae\xfd\xd5\xcb\x1e\xdd\xe2\x0fz\x1f\x19\xda\xaa\xb3\xd3\xec\x1e\xa4\xe4\x18\x03\xe9\xc8\x15\xb2\xc3\x8c\xce\x5e\xe9\xfbo\xackM\xd1\x28f\xdch\xb6\xc8\xc9\xab\x08\xd6\x3ei\x84\xe5\xb0\xd9\x3c7R\x60\xa1\x2a\x93\xf4U\x1c\x5d\x24\xfd\x3e\xbd\xd1\xce6\x19q\x2b\x88\xd0\x14\xfbr0\x86u\xa6B\xbcU\xc9\xb57\x3e\xf0\x9e\xa8\xaa\x06\x5ez\xdcur\x9fc\x09p\x3c\x8d\xbf:\x09\xfc\x3b\xa7\x1bK\x5b7\x7e\xee\x02\x1bM2rR\xd0Us\xe3\x5f\xc3c\xd4\x3d\xa3a\xb4\x87\x07\x08\xe2\xd9\xf74\xd4\xc9\xa3\x93\x01M\xf6\xdc\xaa\xa3i\x8bc\xe2\xcc\x3ba\x25\xa4\xc2\xc0\x9a\xa2G\xa0\x922K\xff\x7e\x13\x98\x01\xa5\xb3\x10\xe7\x96\x29C\xda\x0dj\xbb\x88\x82\xc1\xac\xc9\xe5\x3d\x1c\xb0\x8f\x3cc\x7e!\xf6\xb1\xee3\xd8\xb2\xd4N\xb8\xe17c5\xcf\xfa\x9dJz\x0e\x8a9\xa3\x01\xb4\xde\x07\x15Kt\xca\x03\xc8\xad\x8e\xd5C\xab\xd6\xec0\x190\xcf\xeb\xa1\xbdG\xd4\x16p\x83\x8bc\x16I\xdbL\xf6\xc2\x89\x9bO\x24\xa38\xf9M\xc2\x5d9\xf6\x1c\x5d\x2c\x8e\x5eK\xfa\xb7\x06\xf5\xb7\xce\x84t\x13\xdd\xc9\xdf\xe8\xa6\xc9\x0a\xb2\xf3\xa8\xecu\xa8\xfcJ\x24\xcb\x8c\xe8\xcb\xf0\xe1\xa1\xcd\x13\x27\x7ec\x16\x06g\xdcB\x7d\x1c\x0bu\x8c\xa6\xb3kJ\xbb\xdc\x94\xfd\x12G\xf5\xdb\xd7\xcc\xa5\xd9o\x962\xe5\xbf\x1b\xcf\xe8a\xd3\x8c\xc4M\x94\x98\x87\xd2\xcd\xc1\xff\xf0\xeei\x3e\x19\x003\x7e\xd4S\xb2\x89\x5c\xf8\x11\x0d\x89\x01L\x93\xbd\xe8\xd13\xd3\xde\x98\x2c\xdc!\xf7\x14\x8bM\x0c\x7c\x5c\xae\x11\x22k\x7c\x9c\xe3\x8e\x2aPxs\x19pc\x1bj5\x11\xb0\x8bV\xadq\x9d\x7c\x85\x84\xf4Q\xef\x8c\xe5\x17A.\x26X\x85\xcc\xbcNp\xbbjxt\x2a\xb2 l\x90\x1b3\x9a\x1542\xa3\x2d\x08g\xc7\x23\x8f\xecx\x84\xfc\xde\x9c\x2b\x1e\x0d\xd4\x9c8\x02\xe8\xbb\x3cc\x2a\x5f\xfb\x83\xf2\xa6\xda\xa2\x96\x60\x7c\x993v\x93\xf8\xd2\xecC\xc8z\x28H\x0bV\xcb\x19\xfa\xee\xdf\x60\x0a\xb0\xf0\xc2\xad\xec\xe9\xdf\xbaX\xb8k\xb0\xdf9\xf2\xcc\x3cx\xd5\x9b\xab\x03\xd4l\xeb\x85\xd3\x0d\x5d\xb2c \xc2\x92\xd6f\x8d\xf1\xd3\x7fT\x5d\x1c\xb9\x5b\x24\x04\x83\x2b2\x29\x9d\x9c\x09\xfeO\x85\xaa\xd1\xfb\x87\xa7E\x11\xdc\xecy \x3e\x09\x92u\x05\x40k\x89\xc71\x25\xe5\x074\xcd\xdb\xad\x1eJJL\x1bSY\x80\x17\x0f\xa6!v\xd3\x18\xa0\x01\xab\x1c\xb6\xe0\x8d\x8a\xb1\xd3\x0aQ\x88\x5dNSK\xcc\xe1U\x02\xb3\x94\x26\x186\x98K\x84f\xa0\xed\xf2d\x5b\x01\xec\x5c\xaa\xf5\x95Kw\xc0\x11\x9b\xfb\x1d\xf1\xe1\xde\x7ej\xd7\x7e\xe8\xf7\xc1\x2d\x2c\xf4\x8f\xd6\x0e \x2d\xfb\xb4\x27\x90\x87\x07q\x8f8\xe6\x2c\x7b\xacw\xca\xca\xf2\xf2e\x3eS\xe4\x60n\x8d\x1e6\x29q\x22G\x1d\x25l\x0d\xc7\xdcK\xc1r\x7c\xde\x8f\x99\x1c\xbcG\xf1\x0e\xd1\x26W\x9d\x8c\xd1B\xdb\x2c\xa3\x7b\xde\xbf\x04\xfb\xbc\x2dF\x7b\x5d\xe9\xcc\x90\x9b\xaf\x9b\x7c\x5ei\x0efl\x87?\x2d\xe5\x2f\xd7\x9b6DUA\x9c\xd1\x1b\xfb\x2d\xf6\x8e\xe7\x3eg\xbe\xfc\x1a\xa0SO\xab\xdc\xca\x7f\xbd\xc4j\x9a\x1d\xe3\x1c\x7b\xa3\xa5Z\xd82\xb1\x0f\x7c\xfcF\x87\xb1\xed\xbf\xbc\x3e\x0b\xc2\x7b\x1a\xf7\xb6\xf7\x8e\xc9\x7b\x9d:\xa2\x98\x97Y\x0e\xa1\x7fP\xf1X\x19\x93\xb8\x5e\xa1C\xc5\x24\xd7\x1b\xccD\x8fyg\xdd\x7f\xf0\xe1\x27\x92Mmp7C\x9f\x99K\xacCb\x0c\x10M\xc8\x29\x88\xfe\x93\x16\xbe5M\x0a\xda\x913sl\xfe\x99\xfe\x99i\x3b\xaa\xfa\xadq\xa3C\xd5\x87\x90\x3d2\xf4\x04\xc7Ad\xeb\xd1\xa1q\xfc\xf8\xe3\x1b\xe5d\xbd\xa7L\xd0\xbc\xa96\xf6\xea\x8d\xab\x2f\x22\xd9CJ\x8ey\x96\x2c\x13\xc1d\xfa\x1b\x2a\x5e\x2d\xe0\xb3\xa2\xb8\x11\x02\xbe\xc2\x8d\xb8H\xd9\xf2\xa3z\x11\xa7\xf0\x7c!\xda\x05\x0d\xf5\xf8\x40\xe3\x19l\xba\x8b4g\xa3\x98\x80S\x96\x1dm8\xdc\xf5\x80\x95\x0bp\xcf\x16\xbe1u\x7ege\xb0\xdb:\xbc\xacF\x82\xd6\xad\xb5\xa94\x1b\x18\x18\x984\xb4\x9f\x24\xda\xe4\xdc\xbc\xf9dME\x01\x7f\xa6\xfe\xa04\xbd\x5e1\xdb\xd9\xd6\x13\xae\xbe\x93\x16\x0a\x16\x10Hf\x1d\xb7\xd5\xb9\x8dR\xd7\xd1\xad\x13\xb2\x9bU\xb8\x3d\xde\xd5\x2b\x91\xdf\x2d\xdf\x97\x11\x8fun\x04\x06\xcb\x2as\xce\x02\x5fES\xfd\xa3T\x7d\xb1\xfdQ1\xa7\x9c\x03:\x7c\x0fd\xa1\x60\xe9\xc2\x2d1!\x13\xb8\xa2!\x1f\xf6wB\x5fzQ\x26\xdbN\x0a\x29\x14\x87\xbf\x8c\xef\xbbyZ\xef\xd91\xb1\xa0\xee\xb4\xcao\x99y\x5d\xebo\x80gMeI\xf7\x7fB\xe4579\xec\x0d\xb9\xeb\xd2\x97\x7b\x40\x0cTp\x7bI\xbf\xf8\x94A\x2b2\xd5\xc0\xe6u\x106\x94\xcbx\x88\xb0\xbc\x91U5\x7f\xaa7\xbbA\xf0\x1bJ\x91\xdb\x7f2\xb5\x81\x9a?\x8b6\xb4\xc0FZ\xa9\x08w\xde\xc4\xb8\xf7\x02\xaa\x9dA9\x8c\x0ef1\xf6\x5e\xdd\xe1\x29\xc1\x93\xcc\xd6n\xcdg\x16\xdb\x97\x16\x27\xcdl\x80q\xd9\x13\x8bJk\xd2V\xbd\x5d\xdf\xf6\xe4\x85\xf7\xee\xee\xf8\xc8\xe2\xf1\x2c\x94\xc7\xa6\x0b\x0d\x1f\xc9\x3e\x9d\xec\x9e\x84M\xa9\xbd\xa9l\xa8i\xc3.\xd20\x2d\x9c\x0f\xa8\xd1\xed\x03n\xc5\x169\xd5\xef\x03\x16\xbe\x15\x85\x7c\xc0\xe98l\x9a\x5b\x5el\xbd\xc1\x23\xadC:\xe5\xdfP\x2bi\x01\x0b\xea\x84\x5b\xfcAJ\xa3g\x9f\xa1mIL\xb2\x83H\x23\x89\xcaSJa\x9a4e\xc0L:\x1d\x98\xa2\xa7Uz\x7b\xd5\xef\x3e\x5c\xf7\xf8PI\xf66\xad\x8f?\xd7\x23\xbe\xd2\x60\x01F\x93\xac\xdc\x98\xd64v\x5cH\xc2\x7eb\x04Wq\x97\x1dQ\x11c\x1e\xeeaPy\xdb\x80\xf3\xbe\x3b\xe0G\xcd\xa2f9\xf2\xfe\xfb\x06\x08\x81\x85BR\x81j\x25x\x15\xa5\xaa7u\x7b\x15\x9b\x00\x7f\x9c\x94\xa3\xff\xc0\x7bh\x11Z\xbd\x920\x98\xddk\x5c\xfd R\x91U\x3b\x85\xa7t.\xa5\x02\xb1n:\x9b\x7b\xf6\xe36\x930\xa8\x9du\xe9\xc3\x07\x92\xe3\x1bwS!\x600\xb2\xf1\x8b\xa6U\xbcYLm\xc5\x16g\x11\xe3jo\xab\x97\x9b\x80\x5e\x7d\xa5\xd7\x8d\x1e\x86\xb9\x10\x10\x2c\xf0\xcb\x03\x99\xa4\x19\xf6\x7b\x86\xf6\xc3U\xd5\xa8\xe1\x8b\xd9\x81\x24\xd7\x18n\xbf\xd6\xb2\x80\x14xV\x89\x5d\x01\xc7\x8b\x91\xf6u\xf9\x09\x02\x06\x82\x85l\x1a\x60\x0b\xb1\xe0\x5c\xfe\xec\xa4\xde\xa1\xda\xeb\xc4\xfc\x87\xe0w\xf6\x60\xb8\x3b\x08\xdf\x25\x00\x0d\x22z\x05t\x19C\x7e\x89x\xbf\xc3\x2b\x02\x9c\x3d\x94S\xfd\xd8K\x5b\x2bTx\xabJ\xff\x10\x5f\xef\x26\xb0\x5d\x07\xaa\x1e5\xb3\x02\xcc\x96j\xe4\xa9\xdak\xc3\xa8\x8c\x80\x8c\x06\xd5\xe3\x05\xc9\x7c6\x26x\x0aI\xabhd\xd4\x3d\xe8\x8cT\xcd\x03\xa4\x26\x9b\x9f\xafT\x1e\xa4\x90V\x11\x7b\xe1\x27\xa7L\xee\x9c\x0b\xa4\x94\xe9\xb4\x17\xe0J\xe0\x22\xf0\x2b\xd0\x2a\x0d\xf3\xdd\xa77\x7b\xa7\x0b\xc78\xc9\x26\x1f1\x28\x1b\x7e\x40L\x16\x2f\xc5\xca\x16L\xee\x84\xdf\xb8\xce\xa2F\x28\xa6\x0b\x81:Z\xbdt \xd2\xf4\xbcH\xe4\x09\x7fzvl\xbd\xe8\xb5:m\xecl9\xafs6\xf9\x08\x0b:\xc4\xa3\x2a\xee\x96\x60\x94\xf9\xd3\x05\x04\x84!\x3b\x85\xcbb\xcd\x7d\x5dz\xdd\xda\x7e\x13\xb4AIy6\x1f\xf6Cc\x28\xd0\x5cj\xa4VA\xc8\x80\xd6\xdd\xff\x93\xbf\xeb\xcbq\x1e\x801?\x88\xcb\x29\xbdC\xdf\xaa\xee\xba\x8b\x5fU\xf4\x22\xdf\xc4\x5e\x90D\xd3\x2bl\xbc\xf3Xg0E\xf0\x29\x7dQ\xeb\x5d\xd1\xf3\x40\x94t\x85S\x29\xa5\x7d\xe8\x3bu?\xc7\x5f\xb5\xe7\x88\xde\xb6\xdb\x87jX\x19\x0e8\xa8K\x11\x14\x07j\x93\x9e\x9c\x05O\x8d\xf2\x80\xf1\xea\xba\x3b\x2c\xbau\xcd\x8b\xad\x06\x14Ac2\x88R?\x86\x3e\x1b\xd0:e\xbe\x3e2\xc2S\xfcy\xaa\x8bB\xf1\xb7\xb9qm\x8f\x2f\xec9\xd1\x01\x22\x10S\x96A\x02\x0b\xbf\xd3\x3d\x17 \x84\xa2\xd6\x7d\xe8\x84\xeet8\x28zm\x2a\xabc\xd8\x13:5hIEe\xe8y\x5e\x07\x01\xf1v\x2f\x9dr\xb1\xa0\xed q\x0f\xa0\x94FU:N\x98\x60\x7d!\x0c\xf2\xc1\xe4\x87\x9d1CnF\xca\x5f\x14\xd7\xaaX\x95\x05\xef\x5f\xad\x11\xeb\x29\xe4\x40\xc6!\xa8\x98\xc1\xcf\x97Bc\x23z\x7el\x12\xd0\xb8\xc1\xe5\xf88n\xcd\x23!\xc2\x9e\x5b\xeaKo3\xa4\xf2\xb8\xc4\x27k\x0d\xbdd\x027U\xdd\xc7\x7c\xe8\x5c\xe8\xa5\xc7\x95\x1f\xae\xfe\xfe0\xef\x1cp!\xc5\xf2\xe7\xb8\xa2\x9e\x08\x3b\x5b\x3c\x87\x04\xfc6\xdc\xe3\xb2\xe7\xbe\xc3\xe5\xc2?\x11\x10\x2c2\x2c\x87\xda\xbby\xbd5\xd2\xcf\x23\xec\x89\x60Y\xf8\x0d\xbd\xbe\xf5\xd7R\x7d\xcf\xfdguR\xdd\x04\xfc\x16\x88I\xcd\x83\x9d\xb3\x24\xb2\xeb\xed\xf9n5A\x00\x16l\x16\x01K\xcf\x2c\x01Y\x7b\xfa\xf8!k\x06e\xc2\xdf\xc8\x0f\xd4\xe0\x5c\x86\xa3\xb0\x06\x3d\x9e\x22\x89\xed\x28\xc9\xfc\xe6\x8d\x5c\x11\x82\xc9\x83a\xffu\x298R\xa8\x19H\x9aP\x0c\x98!\xb7\x8c\xc2\xae8\x02\xa2s\xeaJ\xce6\x01X\x22\xa8\xbe\xd3\x05\xeeK\x7d\x01\xfd\x96\xa3\x1bd\xd0\xbeX\xab\xf5\x91\x22\x95\x1eI ?\x7eY\xb7\x929\xa1e\xc6\x14\x14\x2ao\x14G\xeb\x9a\x1cJz\xa9P\x5c\xa2\xc5\x28\xd7\x03\x7df\x98\x90\x100\xdb\xb0\x86\xed\x7b\xc0\xe9\x17\x80\x24\xc6\xae\x8e\x05h\x27v\x7d\xd8\x5c\xd7\x06\xb0\xd5\xf0\xfb\xaf.\x3b\xc1J\x0d\x073\x99\x92n\xa0\x2fU\x23\x15\x9a\x1dB\x7f\xf5\xf9\x17\x22\x92Ik\x04\x08\xf3G\xb6O\x07\xfd\x99\x01\x00\xa9g\x8a\x13\xd7\x9d\x5e\x2fu\x93\xa5\xe1\xf4\xe9\xdd\xe9\x02\xbaO\x26\xac\xfdI\x3d\x8e?\xf5\x094b:\x03\xdd\xb4\xe9\x13on\x8d\x0d\xf0\xe8L\xd3\x08\xe7Ad\xb07\xa8W\xa4\xf0\x19F\x3d\x15\x03\xf4\x7b\xa2\x85\x7c\x26\x057\xa2\x7c\x0fN\xd7Fi\x0d\xbbQ\x84\xb4\xf9\x3b\xd0\x5dj\x05\x7c\x94\xe5Ql\xea!\xad\x5b\x98\xad\x07\xe8\xd8l\xe5\xc1\xcd5\x95\xc8\xcd\x84sE:9\x0cC\xb3\x05Q\xa2m0\x04j\xe4U\x2a\xc9\x8cX\xa4\xa4\xe4?\x9eT\xb0\x1f\x96\xccn\xf1Z\xb6\xc3\xffh\xc6t\x28\x0a\x04\x85\x89\xe8\x5f\x95\xb2\xf8\xa1\xefE\xa5r\x87\xb2\xd9\x0b\x81\xe6\xde:\xe7\xcf\x86t2\xd3\xa5\x98\xc4\x3e\xbd\xfd\xfa\xe4\xf5\x60\xf5\xc4\xf5lcb\x14\xdd\x87\xff\xceh\x16\xe085DG\x10\xa9\xea\x0cU\x99\x1cY\xe3ro\xd5\xcf4 \x29\xf0\x05\xbdJ\xfaX\x8a\x7f\xda\xd9\xc75\x40\x10\x17d\xdcb\x1cfo\xb1\xfa7\x2a\xafD\x83\xac\x16Ahy5\x07\xc6\x91 y\x98\x19\x93\x81\x10eW\xef\x04\xdaO\xc6j\x93r\xb4t\xbc\xfa\x0f\x08\xa0\x04l\x11\xe7z\x2c\x80k\x00\x5c\xdb\xd5\x3d\x8a\xdc\x7f\x08\x01\xe5Yf\x8f\xfd\xf3\xbc\x11t\x0b\x99\xa8X\x8ab\x94\x87\x0b\xe6\x2a\xc9\x89\xff\xec\xb8\xf2\xdcfZp\xea\x03y\x0a\xd1:\xf5\xa6\xc0S\xb7\xbc\x92 \x2c\xfe\x23\xf3\xc8\x9ee\x81\xf3\x97\x92\xe7Bn\xe0c.\xa0\xae\x27\xfa\x14\xc1\xdet\x1c:\x8e\xa8s\xd3\x89\xe1\xfa\x2b\xf7\x81\xd2\x165\xb5\x5c\x8d\xb8Y\xd4\x04\x87\x08\xfe\x88\xac\x3e\x9e\x0d\x102\xfd\xc1\xa33QK\xc8s\x00\x14y\xa8\x13\x2ag\xfa\xc1\xaar\x82\x8dk\x818\xb7\x80\x3b\xaa\xd6O\x13\x9a\x2f\xd2\xe9S\x0e\x93\xe73\x40\x93\xe9\x99\xe4\x80\xf2KR\x9f\xa0\x84T\x29\xf0\xb3\x28\x22kGF\xec\xeeWo\x93\xd2\xaf\x8d\x83\xb4\x01\x26\xc3\xcbL\x0f\xd2\xc0\x94Z\x94\x8c\xc9\xc2\xfd\xe7\x92\x13\x1b\x19\xf6\x1e\xb5T\xccm\x84\xbb\xeb\x1bS\x3e\xce\x804U\x91zm\x0f\xe4\xd7\xad\x04\xa9\xe1\xe8A\xb77\x14U:J\x07\x9ek\x9aK\xbb7\xeb\xc3zP\x2c\xc1\x11GP\xf2t\x97\x8f\x80\x7f\x87\x91\x40\x0f\x7d\x0eH\xfc\xab\xd1.\x92.\x16V\xc2\x5f\x7eGh\x5f\xe5\xbc\x2d\x12\x9ek\x0f\x05\x07\xcc\x40\xb0\xcc\xeey\xc2\xba\xa9\x3ev\x91\x12\x0d:\xba\x81\xae\x25\xe3\xf7\xf3\xcc\x3e\xce\x8b\x12\xe9\x13c\xbb4\xde\xa76K\xf7\xe8U\xc1n\xaa\x1a\xc2\x5e\xcb\x60\xa1\xbe\x92\x7eG\xf6\x06\xdd\xbd\xcc\xa0\xcdK\x9f\x1a\x9d\xf2C\xdc\xfa\xfb\x91\x12\x8d\x0f\x90\x3d\xcd\xaa\x83\x40C\xd0\xcb\x27\x3e\x25\xaf\x03\x9d4\x82\xd2iu\x11\x0d\x84\xf3\xfc\x0f\x18\x98\xa6?\x8av\x1fT\x98\xdd\x5f\x5f\xa5\xfeuGO\x26r\x04K\xce\xd1\x0d\x5cZ\xc9\x2f\x26T\xb7jc\x11\x5fuf\xc4\x3b4\x3e\xcf\xd9\x9c\xb7jb40\xea\xf8W\xb2\xd89\x17\x8d\xd6E\x0eyI\x1a2\x7b3S\xea\x00\x7bps\x12P\x3e\xe2\x223s\x0a\x0aRU2\xcf\x25\xb8\xbc\x94\xbbb\x03\x25\x0f\xf4\x7e\x00\xa2y\x16n\x81\x96\x14\x5d\x9f\x40\x7d\xdb\xc1\xcf\xcdu.\x5d\x1f\x26\xd9\xec\x08\x97\x17\x5d\xac\x03\x5c\x03?\x24\x5b0\x1d\x9b\x1c\x851z\x96\xbb:\xe8\xd2\xf6?J\xd3R\x98\xd0R\x9c\x90\xa1\xba\xba\x96T\x97\xa16\x93 \xfep\x29\x90\x90\xa7\x24\xb9\x3c\x83a\x2b8A\xed\x82yW\x8c\xb3\x1e7\xc6\xb8u\x9f\x98\x9dj\x7b0x\xac\xb9\xfe\xf5\x126\xff\xdej\xb9\xf6\xb5\xb4\x13\x2b\x25R\x0fy\xdf\xf5Oc\x2a\xff\x7b\xe8\xfa\x9e\xfa\x2a\x2aM\xb0\xce\xd2\x25\xfd\x9b\xf5Z\xe4\x23\x884\x1c\xac\x10\xf4\xfeYOO\xf9kG\xdb\x03\x7c\x24\x13\xa6U\x0e\x5e\xbfy\xda\xbbSt\x8a\xf1\x15\xf2\x06\x87\x17\xe4\xa5R\xec\xbb\xcf\xebg0\x9f\x94Vb\x0f\x5c\x28\x98\xae\x8a\xdb\x5d\xfdI\x81\xb6\xd5O\xa1\xd4nd\xc7\xfaVO\x8aY\x2f\x07\xd2\x08\x3b\x0c\x99M\x0c\x40\x2f\x8d\x0e\x7c:\xb2\x8d\xee\x24\xab\x18\x09\xd9W\xae\xeb\xcc\xe6\x1c\x00\x2d\x8f\x27\xcf\xbd\xd8j\xd8\x89\xb6\x02\xc6\xf6Q\x16\xe6\xcf\x8a\x1c\x8eH\x8f\xd2\x95\x1f\x28\x85\xd53Rtk\x7c3\xf0\xa8\x1d7\x60!\x8eb\x11\xac\xd4\x95\x0b\x97\x7f\x059\x1c\xa2\x5e\xa0\xf1\x15\x12\xaa4\xb7\x07Z\x0c\x7e\x0f\x12n\x85x\x96\xda\xe7\x93\x27b\x8dy\x10\xb3a\xe5\x81\x23V\xc0\x9f\x88\x93\xdaM\xbc\xca\xa3\x807\xcfBN\x26\xf9\xd7\x2c\xdf\xac\xbe\xa6\xcc\x94\xb6\xc1\xb5\xb06Q\xfdQ\x7c\x88\xba\xeeu\xc6\x2d\xd2\x5bd\xe6\xbd\xc4\xc8\xd3\x5e\xb9\x91\xb2\xd0\xb6\x2c\xb6\xdbj\x0a\xd8\xf3\x2b\x00\xbaE\xd6\x9b?\x185\xa0h\xf1\xb0\x19\x5b\x9bw\x88X\xd9\x25\xcb\x5e\xd7r\x87\x09\x82x\xb1\x95t\xf0\xc1\xf2Aj\xc84\xb4\x9e\x1e\xc6\xda\xfe\x22\xda\xbe\xb4Sy\xde!G\x9e\x96g\x13\x13\x0da\x26\x02\xfe\x22\x3e\x3e\xb6I\xbf\xe0\x93\xd7\xda\xb1\xd7472\x11\xe9\xedSMw\xedcb\x8fK\x5eg\x0bB\xf38\xd8\x7e\x16D\x81\xde\xa6U:0\xee\x1a\x28F\xf40H\x2c\x8bo\x7f\xb7\xd3W7\x2d\xeaD\xd7\xca\xe5b\x95L\x93\xabe\xcd\xdcMx\xb8h\x3ea\xe9\x8f\xd0\xcb\xac\xd6\xfe\xa8\xbb\xae\x28\x5c\xd5r\x04\x87\x8eb\xaa\xd8\xbf\x9c\xc2G\xcc</data></match></read>
    <read><length>50</length><match><data>Welcome to the EZ Barcode Encoder\x2fDecoder Service\x0a</data></match></read>
    <read><length>21</length><match><data>\x2d\x2dSelect an option\x2d\x2d\x0a</data></match></read>
    <read><length>23</length><match><data>1. Input a new barcode\x0a</data></match></read>
    <read><length>22</length><match><data>2. View barcode ascii\x0a</data></match></read>
    <read><length>26</length><match><data>3. Generate barcode image\x0a</data></match></read>
    <read><length>24</length><match><data>4. View cached barcodes\x0a</data></match></read>
    <read><length>25</length><match><data>5. Clear cached barcodes\x0a</data></match></read>
    <read><length>8</length><match><data>6. Quit\x0a</data></match></read>
    <read><length>5</length><match><data>:\x2d\x24  </data></match></read>
    <write><data>4\x0a</data></write>
    <read><length>16</length><match><data>Cached Barcodes\x0a</data></match></read>
    <read><length>21</length><match><data>\x2d\x2dSelect an option\x2d\x2d\x0a</data></match></read>
    <read><length>23</length><match><data>1. Input a new barcode\x0a</data></match></read>
    <read><length>22</length><match><data>2. View barcode ascii\x0a</data></match></read>
    <read><length>26</length><match><data>3. Generate barcode image\x0a</data></match></read>
    <read><length>24</length><match><data>4. View cached barcodes\x0a</data></match></read>
    <read><length>25</length><match><data>5. Clear cached barcodes\x0a</data></match></read>
    <read><length>8</length><match><data>6. Quit\x0a</data></match></read>
    <read><length>5</length><match><data>:\x2d\x24  </data></match></read>
    <write><data>1\x0a</data></write>
    <read><length>18</length><match><data>Input barcode as:\x0a</data></match></read>
    <read><length>24</length><match><data>    1. String to encode\x0a</data></match></read>
    <read><length>46</length><match><data>    2. Barcode encoded in ascii \x28\x22\x7c\x22 and \x22 \x22\x29\x0a</data></match></read>
    <read><length>22</length><match><data>    3. Barcode bitmap\x0a</data></match></read>
    <read><length>27</length><match><data>    0. Return to main menu\x0a</data></match></read>
    <read><length>5</length><match><data>:\x2d\x24  </data></match></read>
    <write><data>2\x0a</data></write>
    <write><data>\x7c\x7c \x7c  \x7c\x7c\x7c  \x7c\x7c \x7c\x7c  \x7c\x7c  \x7c\x7c   \x7c \x7c\x7c\x7c \x7c \x7c\x7c\x7c  \x7c\x7c  \x7c \x7c\x7c  \x7c\x7c\x7c  \x7c    \x7c\x7c  \x7c \x7c    \x7c\x7c  \x7c \x7c  \x7c\x7c  \x7c   \x7c\x7c \x7c\x7c\x7c  \x7c  \x7c\x7c   \x7c\x7c\x7c \x7c \x7c\x7c\x0a</data></write>
    <read><length>36</length><match><data>Successfully added barcode to cache\x0a</data></match></read>
    <read><length>29</length><match><data>Barcode text: 00501512747406\x0a</data></match></read>
    <read><length>21</length><match><data>\x2d\x2dSelect an option\x2d\x2d\x0a</data></match></read>
    <read><length>23</length><match><data>1. Input a new barcode\x0a</data></match></read>
    <read><length>22</length><match><data>2. View barcode ascii\x0a</data></match></read>
    <read><length>26</length><match><data>3. Generate barcode image\x0a</data></match></read>
    <read><length>24</length><match><data>4. View cached barcodes\x0a</data></match></read>
    <read><length>25</length><match><data>5. Clear cached barcodes\x0a</data></match></read>
    <read><length>8</length><match><data>6. Quit\x0a</data></match></read>
    <read><length>5</length><match><data>:\x2d\x24  </data></match></read>
    <write><data>1\x0a</data></write>
    <read><length>18</length><match><data>Input barcode as:\x0a</data></match></read>
    <read><length>24</length><match><data>    1. String to encode\x0a</data></match></read>
    <read><length>46</length><match><data>    2. Barcode encoded in ascii \x28\x22\x7c\x22 and \x22 \x22\x29\x0a</data></match></read>
    <read><length>22</length><match><data>    3. Barcode bitmap\x0a</data></match></read>
    <read><length>27</length><match><data>    0. Return to main menu\x0a</data></match></read>
    <read><length>5</length><match><data>:\x2d\x24  </data></match></read>
    <write><data>2\x0a</data></write>
    <write><data>\x7c\x7c \x7c  \x7c\x7c\x7c  \x7c\x7c\x7c\x7c \x7c \x7c   \x7c\x7c  \x7c    \x7c \x7c\x7c\x7c\x7c \x7c   \x7c \x7c\x7c  \x7c \x7c    \x7c \x7c  \x7c\x7c\x7c\x7c  \x7c\x7c\x7c\x7c \x7c  \x7c  \x7c\x7c   \x7c\x7c\x7c \x7c \x7c\x7c\x0a</data></write>
    <read><length>36</length><match><data>Successfully added barcode to cache\x0a</data></match></read>
    <read><length>25</length><match><data>Barcode text: 9761987680\x0a</data></match></read>
    <read><length>21</length><match><data>\x2d\x2dSelect an option\x2d\x2d\x0a</data></match></read>
    <read><length>23</length><match><data>1. Input a new barcode\x0a</data></match></read>
    <read><length>22</length><match><data>2. View barcode ascii\x0a</data></match></read>
    <read><length>26</length><match><data>3. Generate barcode image\x0a</data></match></read>
    <read><length>24</length><match><data>4. View cached barcodes\x0a</data></match></read>
    <read><length>25</length><match><data>5. Clear cached barcodes\x0a</data></match></read>
    <read><length>8</length><match><data>6. Quit\x0a</data></match></read>
    <read><length>5</length><match><data>:\x2d\x24  </data></match></read>
    <write><data>1\x0a</data></write>
    <read><length>18</length><match><data>Input barcode as:\x0a</data></match></read>
    <read><length>24</length><match><data>    1. String to encode\x0a</data></match></read>
    <read><length>46</length><match><data>    2. Barcode encoded in ascii \x28\x22\x7c\x22 and \x22 \x22\x29\x0a</data></match></read>
    <read><length>22</length><match><data>    3. Barcode bitmap\x0a</data></match></read>
    <read><length>27</length><match><data>    0. Return to main menu\x0a</data></match></read>
    <read><length>5</length><match><data>:\x2d\x24  </data></match></read>
    <write><data>2\x0a</data></write>
    <write><data>\x7c\x7c \x7c  \x7c    \x7c  \x7c\x7c\x7c\x7c \x7c  \x7c  \x7c    \x7c\x7c \x7c \x7c  \x7c\x7c\x7c\x7c  \x7c  \x7c  \x7c\x7c\x7c\x7c \x7c  \x7c \x7c\x7c    \x7c  \x7c\x7c\x7c  \x7c\x7c \x7c\x7c  \x7c  \x7c\x7c\x7c \x7c  \x7c\x7c \x7c\x7c\x7c  \x7c\x7c   \x7c\x7c\x7c \x7c \x7c\x7c\x0a</data></write>
    <read><length>36</length><match><data>Successfully added barcode to cache\x0a</data></match></read>
    <read><length>22</length><match><data>Barcode text: tbpra14\x0a</data></match></read>
    <read><length>21</length><match><data>\x2d\x2dSelect an option\x2d\x2d\x0a</data></match></read>
    <read><length>23</length><match><data>1. Input a new barcode\x0a</data></match></read>
    <read><length>22</length><match><data>2. View barcode ascii\x0a</data></match></read>
    <read><length>26</length><match><data>3. Generate barcode image\x0a</data></match></read>
    <read><length>24</length><match><data>4. View cached barcodes\x0a</data></match></read>
    <read><length>25</length><match><data>5. Clear cached barcodes\x0a</data></match></read>
    <read><length>8</length><match><data>6. Quit\x0a</data></match></read>
    <read><length>5</length><match><data>:\x2d\x24  </data></match></read>
    <write><data>6\x0a</data></write>
    <read><length>56</length><match><data>Thanks for using the EZ Barcode Encoder\x2fDecoder Service\x0a</data></match></read>
</replay>
</pov>