<?xml version="1.0" standalone="no" ?>
<!DOCTYPE pov SYSTEM "/usr/share/cgc-docs/replay.dtd">
<pov>
<cbid>service</cbid>
<seed>e2ab16b8252d7cabed05c4dfbdfdd1af24682f851623ac4b97eea40d29b993d2972f213e62e50c0fc00852bf47e5c6f4</seed>
<replay>
    <delay>50</delay>
    <write><data>0f\xd8\xc6</data></write>
    <read><length>4096</length><match><data>0f\xd8\xc6\x2ab\xf1e\xdd\x29u\xd1\x2b\xc7K\xd5\xe4V\x17\xf9\xa0\xda\xcbuc\x0a\xf5\xb8\xa6\x02\x1f\xff\x3e\x08I\x15R\x7c\xb8\xf0\x01\xech\xcfA\x92L\x5f.\xb6\xbe\x1d\xf3\xa0\xd1\x15\xa2\xc7i\x17\x22\xdf\x1dm\x2b\x3e\xfcx\x2fp\xdb\xb1\x9b\xa4X\xcf\xa8X\xa2\xf4\xe2\x8d\xfeh\x0f\x01\xda\x60\x1e\x08\xab\xee\xf0\x5b\x3b\x93\xe7\xb0\xf2\xa5\x7c7\x0bb\x95\x7fgK\x23\x94\x8e\xe3\x9d\xe9\x0f\x04F\xcde\x7d?\xeehY\xed\x12\x9c\x02\xbd\x89\x86W\xae\xe9\x87tuW\x90\x8d\xd7\xf4v\x04j\x9a\xcbC\x7dR\x27\xed\xe5\x29\x8e\x82\xc6i\x8d\x81\xca\x113B\x19\xad\xd9\xc22\xa2\xcdg\x83\x26\x2d\x11!\x2cA\x0fS\x7f\x8a7\xe2\xa1\xfb\x5e\xf5\x02H\x12\xab\x8e\x3c\xab\xceB5\x90\x5d\xd9\xf7\x2b\x2d\x18\x14\xeb\x97\x94\x2by\x22\xb5\x94\xe1r\xee\xe2b\x17\xfdEXBYq\x0c\x81\x3e\x3d\x5c\x7d\xdfc\x81\xc2\x94x\x5c\xfc\xaf\xff1\xb7\x00\xaa\xcf\xf9\xd6\x3d.\xb3\xeaK\xf1\xaa4\xe4\x12\xf6\x27\x60\xb7pbq\x10\xb1\x3dP\xc2\x83\x27\xf0\x98\x91dN\xcd\x92\xe9P\x19\xd5\xe6\x0e\xb6\xa8\x5by\xdf\xb9F\xc3X\xcd\xb8u\xcc\x91\xbfdkC\xcb\xa6\xb1\xe8\x01\xc4\xf7\xfc\xfePQ\xfe\x0fX\xa1\xe3E\xa9\xb4\x0dr\xc7\xa8\xcc\x1c\xd3\xf6d\x95\xfc\xf1\xae\x3d\xe7\x91\xd0q\x18A\xbf\x97w\xad\xf5i\xc0\xe7\x2d\xd4u\xd5\xf5\xbe\xde\x12\x0c\x7dkq\x80\x1by\xaa\x16\x8f\x87\x96\xf8\xb7\x13\x1f\x87\x27\x29\xd8O\x5b\xd0\x23X\xebt\xb2\x15\x92\x81\xcf\x13\xdc\x18\xbc\xe0\x29\x5f\x25?\xc8q\x13\xf2\x0b\xa3Y\x12T\xfdi\xfb\x00Gy\xb55\x26\x96\x0f\xbe\xc6\xaa\x2b\xcb\x94\x16\x9c\x96\xf5\x1d\x94\x2a\x96\x86P\xdaq\xc2\x12\x7d\xc5c\xcc9\x9e\xafr\x86F\xa6q\x0d\xd4\xe2\x07\x95\xe1f\xe7\xdb\x28\x82\xc3\xe4\xbc\x14\x7b\xcaK\x8a\x40\x2d\x96\x17\x0fl\xeeS\x28\x821\x8b\xce\x87\xac\xa2\xa2\xcc\x9a\xa5\xfa\xdbxQ\x06\x93U\xf3\xb4\x02P\x29\xa38\x09\x8c\x8c\x97\xbe\x26\xc5\x7c\xc8\x90\xb8U\x8a\xd9\x85\x27y\xe1\xdd\x93\x8b\xcfm\xc5\x7d\xa1\xc1t\xb0\xab\xe4\xcad\x9a\xb5\xd2\xca\x05V\xd7\xbe7\x8cZ8\xd2\x8d\x3eg\xfbX\xb5\x8a\x9b\xf5\x9a\xc8t\x0b\x8a\xb4k\xa0\xc8py\xcdc\xb4\xdfR\x24\xce2\xe9\xd9\xcc\x14\x7b\x061\xcf\x1b\x5e\x2cQ\x81F\x11\x5f\xba\xdb\xf5\xb0\x93\xba\x17\x18\x99I\xa8\x1a\x11\x3e\x88\xfd\x0d\x25O\xe1\xd7\xf0Kw\xf0\xb1\xec\xd7\xd7\xd0\x13TD\xa0\x5f\x93\xc3\xaa\xa8\xc5\xc1\x0b\x1b\xba\x06\x97\x5d\x3ex\x7e\xc1\xa9\xe8i\xd3\xe1\x3e\xf2\x1b\xc8\x1e9\x12\xb7\xa02\xa5\xf1L\x19\xe7\x8e\x01jx\xa4Ib\xe4R\x0630\xbf\xb4\x02\xa5\x28\x12\x7f\x23\xcc\x2c\x5e\x080\x5c\xd8P\xc0s\x5e\x972\x27\x29\x3e\xc3\xac\x9b\xa7\x0c\x0d\xea\xfc\xa0s\xb7\xc5\xf6.\xf2m\x3b\xfco\x7b\x9a\x8aAM\xad\x13\x06\x0e9\xda\xe1\xb7\xf6\xacv\x09\xbd\xb9\xaaXif\x91\x0b\xfb\x7d\x90\xb1\xee\xf4\x8f\xccZ\xab\x85\xc24\xd5t\x0fK\x7eh\xc1\xfa\x3e\x5c\xb1\xf2kBl\xd5Ru\xc9\x06\xed2\xa0\x9d\xff\x5d\x2am\x5b\x3e\x08\x7b\x88\xc5\x0d\xba\xa4\x7c\xe1\x2d\x93r\x83\xd2\x852\xbdK\x03\xa6Q\x22:ru\xe3E\x1cQI\xcc\xfa\xb8\x94\xcdL\xfbD\xa5\x03\xa8\xe0\xcb\xb9\x1b\x17\x5c\x8eg\xb6\xc5\xffV?\x13\xbc\x7c\x06E\xddN8\x98\xa1\xfe\x87\xb4N\x13n\x93\xa0\xa8\xc9\xf9\x5cC\x96z\xb3\x2a\xba\xd9H\x27W0\x2aBq\xe6\x5f\xd2\xd3\x15\x9bk\xfaY\x14\xd7Z\xe4\xcf\x84\xd4\x83j\x8c\x25\xe5Z\x1d\xe3\xf6\xe9\xb2\xce\x94\x2f\x3bj\xf1 \xf3\x3d\xc57\xd0r\xc7\xabC\x7d\xb7\x9eR\xa9\xfe\x96\xe3R\xd0h\xe2A\x18w\x7b\x96\xa8\xf6\x0f\x00\xe2\x13\x0f\x13\xc9\x87?n\x9b\xa7F\xd1\x95\xb61I\x3bcN\xaa1\x9axp\xdf\xe2\xdf\xe6\x9b\x95\xf59\xa8\xe4\xe1\x27\xb7\xf0\xf6\x06\xa7o\xc8\x84\xa3\xee\x08\xa5\x8d\x06.\xc5\xd8\xaf\xf63E\xa4\xf7\x0e\x3c\x17\xd9s\xe9\xd8\x2b\x11\x0d\x11cc\x0d\xb7\xe3\x06\xdb\xbf\x93\x5f\xf1\x91O\x98\xf6\xe4\xda\x02\x85i\xfdC\xd7\xc7\xeb\x9f\xf7\xdc\x22\xcc\xbdA\xd6\x85\xe4\xd9\x83xwX\x18\x83\x83\xe0\x12\x83m\x91\xe2\x86f\x13\x0a\x0d\x8c\xd0\x05\x07q2\xfc\xf6L\x07\xf6u\xe7srty\xa6\x18\xfdD\x5bj\xdfe\x3c\x87\xf2\x0c\x3c\x92\x7bh\x92\xa6\xe0\xc4\x9e3\x0c\x08f\xce\x86\xe0\x5cf\x1bC\x5b\xc0V\xbe\xb2\xd2u\xfbx\xc8\x8d\xbd\x83nT\xd1\xba\xf63\x96\x28\x91J\xb3\x16\x87\xcd\x98q\x2a\x7c\xaa\x0e\x7eF\xe4\xa5\xa9f\x80\x02\x1b\xc8\x7cWL7\x8c\xacR\x95k\x1eO\xac\x81\xbe\xa60\x29\xecw \x88Cz\xbau\xf1\xc6M\xe26?\xd7\xa7\x12\xd3\xd1\xe7\xfc\xa7\x93M\xe5Sp\xae\xc5\x0b\x5c\xaf\x2b\xc0\x9d\x17\xd5qVa\x3cx\xcb\xe1\x12\x19\xc8\xd1\x98\x94\x5f\x87\xcc\xaf\x29\x16\xbc\xc5b8\xa8\x0d\x1e\xaaND\xfe\xe2H\x9er\xe5\xa7?p\xb1\x8b\xcf\xa9\xba\x84Iz\x5e\xa4\x1e\xa5\x15\xb1Rw\xe3 i\xb2\x8fj\xf9\xda\x820\x03\xd5:C\x8d\x5e\x1aLT.\xa1\xae8N\x2baS\x97\x3b\xee\x29\x1b\xb1\x24\xe4\xb7\x85\x1fnzKW\x5f\x0c\xa3\x09\x7d\x03\x114?N\x28\x8f9\xda\x82ReN\xb6\x0d\x5b\x11w\x7e\x5b\xf0Tw\xaffOb\xfdZ\xed\x23\xad\xaf\x89\xec\x82\xf4\xdc\xd1\xf1\xe8N\xda\xc6\x03\x98\x5cE\x29\xe9\xea\xa3\xa7e\x24\xa7\xdc\xf79\x82\x1f\x28\x40M\xe5\xf2\x5e\xf09\xf6o\xba\x03\x00\xbc0\x0cM\x8eO.\xfd\x2f\xd4\xe50\x26\x81o\x9c\x16\xab\x99\x7b\xf5\x23\xd5\x0b\xc0\xc9\xd8\x7d\x93\xd9\xb1\xf7\xa9a\xb8\xb6\x89\x28\x0d\xa6A\x2f\x16\xf9\xee\xee\xd7\xdf\x1c\x84y2d\x3d\xc4\x7d\x8f2\xf0\xd6\xf2\x82\x8c4\xf1\x9b\x10\xf6\x25\x2cJ\x94\x5d\x5b\x84\xc6\x01\xc1\x8eO\x95\x8a\x1a\xcd\x05\x7f\xbb\x12\x40\xa3\xeb\x991 no\x9ex\x5cG\x18\xf0\x1c\xed\xe4\x89o69\x03\x05\x1b\xe9\x87\xb0\x85\xa4\xd7\xb6u\xc76\xe8\x7f\xe8\x1bU\x5e\x23\xdc\xbf\xbe\xad\xa4\xb7c\xd7x\xd3\x9d\xcd\x3d:C!h\xe26\x1f\xc4\x8f\x2f\x3e\x18x4n\x96\xc8qIj\x9f\xa4\x1aq\xf5\x97\xe35y\xb1\x86\xe9\xe3wk\xb3\x28\xe3\xcd\x84\xfcd\x0d\x17\xfa\xe2\xcf\x8a\x40Pb\x92\x80\xf9Xmj\x28L\xd5\xb0\x10i\xc0e\xf4\x86\x5fM\xa6\x3c\x24C\x82n\xef\xc3\x0bG\x1e\xb5E\x10\xbbX\x9c\xd2\x99\x9d\xf8h\xc3. \x17\x1f\x08\xa0A\x27gk\xfcJ\xbeZ\x0f\xdee\x9a\x90\xd2\x2f\x1d\x3c\x28OQ\x17\xd8Z\x26\xebk\xc4\xdfI\x90\xa4n\x29n\x28J\x87Gw\xff\xb4e5\xd9\x5c\x1dM\xdf:\xd6E\x2d\x10\x99\x8ah\xbd\xf7\x86\x8a\x26\xc5\xe2DRl\x84\xf2\x5b\xc9J\xb3\xa1M\x80\xa5\xf1\x29\x02\xaa\x0f\xfb\xd5\x8aGn\xeb\x5bQ\x0a\x102f\xbf\x60\xf0\x1dw\x14\x01QL\xc4\xe7\xd4\xc8\x84\xe3\x18\xe1\x604\x17\xe4\x2b\xa8\x2f\xa2\xe9\xdf\x88C\x02 \xd2N\xf2\xddI.\x97iB\xd2EV\xbeU\x12\xa1g\x2a\x90\x0f\xb7\xee\x0e\xe1\x89\x7c\xfc\xac\xf7IsO\x12\xdd\xfc\x9f\x24\xd0\x3c:\xbfi\x26\xf0NB\x07\x3bD7\x2bR\xc0\xf8\x9b\x87\xf1\xdf\x0b\x94\xa9\x11\x3d\x40\x0b\x60\xff\x0a\x90\xb9\xd5\xca\x02\x86\xcfk\x97\x8f\x40\x16\x9ag\xd3\xb6\x24\x83\x8e\xbf\xac\xec\x23C\x1bU\xfe\xac\x03J\xc4\xba\x94ISj\x2a\x97\xb9A\xbf\x0b\x12\xe1b\x40\x8b\xe5\x2f\x7cA\xd4y!h\xc9\xcd\xedj?\xaa\x7e\xbe\x0d\xc9q\xa9\x8e2\x60\x3cxb\xe3j\x91J?5\x08\xd2\xc4b\xac\xee\xebX\xce\xban\xca\xf9\xd2\x98\x60\xc2\xc6Wx\x7f\xe6e\x0b\x05\x88f\x95\x2av\xef\xbd\xd9\x98\x5c\x84\x1f\x94\x88\xee\xa9\x7b\x05\x3c\x5b\x5d\x7e0nAO0\x020eU\x8d\x11\xcd7\x29\xe2i\xedk\xcf!M\x5e\x5c\x80\xe3\xf3\xa1\x14Da8W\x0fc\x3c\xf0\xc6\x2b\x0cB\xd4\xe7\xd2\xc4\xba\xd0\xf0\x9bZWC\x82\xbc\x08\xd0\xc9\x8e\x81\xcew\xf2u\x8ew\x85h\x0e\xad\xfb2\xcc\x04\x86\xae\xf8Gz\x98\xc8\xb1\x23\x3e\xa2\x40\xfb\x19\x80\xd5\x0aAsJ\x0b\x98\x09\x5du\x03\x5d\xc2\x5c\xca\x86\xe2\x93\x23M\xe9s\xde\xb7\x1f\x1b\x92\xd9\x8f\xdcZ\xa3\xd7\xea\xbfZ\x96Y\x99\x1f\xaf\x7c\xc4\x12\x97\xe1\x1c\xbdPM\x00\xe9kL\x3e\xe8\xf72\xbcV\xd1U\x00ll\xe4\xc4\xa8d6u\xf5\xe5H4\x0c\xc1\x23Q\x23\xa7\xfb\xc4\xfe\x40\xf5\x27\x16\x88\xcaF0H\x7e\xd6WH\x7ba\x1e\xb5\x3e\x87\xceA\x82\x9c\x19\x14N\x05\x08\x86\x09\x28\x7b\x98!\xb0\x5f\xceX\xa03DX\xe0\xe3\xe6\xbb\xc8\xaf\xeb\x84\xd2\xac\xa8\xcaI\x1d\x16\xd1f\x22\x7bo\xc3\xab\x10\xe2m\x95\xf2\x27\x0bJ6\xc4\x10\xbe\x7c\xb8\x40\xdc\x9d\x066\xdb\xfdo\xf0\x06\xdfT\x18\xb5\x9a\x11\xbd\x04\xda\x83\x7bs\xc0\x1f\x22\xd0\x25\x9b\x25\xce\x08\x9e\x94\xa4\xe8\x22sr\x28g!\x7c\x3b\xf2c\x2bi\x2a\xf4T\x9a\x8c\xd0\x15\xa9L\xa9\xd6\xe7\x7d\x3dPw\x97Q!\xc4C\xd5\x2b\xa3\x94\xd2\xe6\xb21\xfa\xf5\xec\xd9\x2b9\x99\xddAR\xc6\x8b\xa3\xafu\x29\x27\xa0\xe0\x8di\xb2\xd2\xaf\x7dy\xc0\x3e\xd7\x2d\xe67\x19\xaeg\xb9\x07u\x3cY\xde\xf7\xd8\xa4\xe3\x81\xb3\x2a\xac\xbe\xcd\xe4\x9a\xa7n\xca\x2b\xd1Iw\x3e\x80\x94X\x19\x84\xf1c\xdf\xed\xf1\xe1\x81l\xfc\x95\xad\xc16\x1e\xe7\xafpr\xfc\x93\x83\x87\x1b\xe0fL\x82\xee\x09\xcc xb\x26\xf3\xc2\xd2\xca\xd4\x15\x5c\x9d\x2cq\x93\x06\x8f4\xa0\xb1\xd1\xddy8\xf7V\x2d\xd9\x83\x05H\xfa\xffP\xbbd\xc0\xb6O\x5c\x0a\x8c\xab\xcf\xd5\x27im\xf0\x0be\x27\xd4\xc0C2b\xaaV\x5d\x0a\xc9\xa1\x1d\x5d\xc0\xf2\x0e\x96\x1cx\xaf\x3e\xe8\x80\x97l\xc30\xe8\x97\x0e\x13\x80\x7d\x01!\xdc\xb2r\xa0\x89\xc9\x88A\xdd\x1e5E\x1a\xa9\xde\xb2\xfa\x8f\xe4\xf3\xca\x0f\x87\xaa\x7b\xcc\x1e\xe5\xc2\x2f\x9a0\x5d\xb3\x8d8\xcf\x01r\x3d\x19\x027\x12V\xa8\xeff\xfa\x9ew\x02xn\x19\xec\x0d\xbeM\x0e\xb3e\xd2\x06\x19\x2a\xf8jR\xe7J\xecWcS \xad\x8a\xf8\xa1\x3di4\xa0\x5cl7\xde\x3d\xbe\xeaj\xda\xb7\xa1\x60\xf2\x7b\x13p\xa0\x03\x23\x9f\xe1J\xcc\xc8\x96\xe1\x2a\x89\x8b\xdd\xf8\xeb\xc5\x0ax\xb0N\xc0\xf8\xbcH8\x27\x40\xcf\xc1\xf1K\xf8\x7djU\xc4\x88\x5c2Ih\xa6\x8c5\xea\xbd\xe5\xd55\x2f\xc47.r\xc0\x25\x1eDp\xc7\xd4\xa6\x0b\xb5\xdf2\xd3\xe1\x885\xcf\xba3\xc8\x00\x3c\x00\x26\x3c:g\xb3\xb0\xc5\x0d\xd8\x8c\xf3r\x2b\x9a\xd7:\xf8\x87P\x5eU\xb3\xae7\x09:\xee\xe1o\x1b\xd5\xcdT\x5f\x3d\xf0\x8bo\xd9\x24V\xca\x26\x12\xb0\x25\x11\xecn\x0e\xccz\xe0\xc7P\x88\x97\xb3\xa45\xe83n\xc9\x1e\xa5\x3d\xa8\xea\xd1\x17\x0e\xed\x05\x0e\x94b\xe6\xa2q\xef\x81\x0c\xc8\x98\xa8\x0c\x27Z\x8d\xbbP\xf0B\xc1\xe9i\xab\xbf\x153\x0d\x247\xdd5\x3b\xfcT\xc0N\x5dl\x85j\xa3\x14Wm\x2a\x06\x13\xff\x5cF\xb2\xcehb\xc8\x26\xda\x29\xec\x88\xe9\x9b\x8b\xfa.e\xfab\xc8\x8d6\xefJ\x2fp\xf0\x04\xd26n\xe8\x13\xbf\xe0\xfa\x07\x9b\xe0Yh\x27\x85\xd6\x27\x92\xad?\x9c\x7e\xa2TO\x0b\xa4\xd2\x82\x90\xe9\xf6\x5f\x1bLg\xe8\xa1\x9fLg\x2fxF\x7d\x8a.\xb4s\x196\xa9\x25\xbe\xd5\x1f\x7d\x3b\x92\xd6y\xd1\x0cf\xe6\x15\xfe\x9c\xa4\x5e\xbc\x17\xab\x82\x12\x05f7\xa7\xd0\xa5\xaf\x0bs\xba\xf7C\x2f?\x91\x9coB\x3c\x14\xa8\xee\xb0\x91\xbe\xe0uC\xfdW\xd4\xcb\xdc\xd4\x9b\x5bOn\x1f\x27\x16\x07\xd9\xc8\xc6Cr\x29dE\x09\x5d\xab\xe3q\x07\xd8\x0f\x8a\xde\x9e\x8c\xe9\xac\xc4T\x22Bh\xb4\xbcE\xcd\x03\x1a7\xf2I\xe5\xf4\x2bX\xdc\xbce\x11U\x93\x8f\x09\xd7\xf0\x7e\xb8J\xe9FxRM\x24\xc2\x94yu\x12\xd2\x167\xc3\xd1M\xb2\x85\x7f\x9b\xd1\xef\x60\xdb\xc6GIn\x7eNE\x04\xb9\xe0\x23?H\x7d\x1e\x7c\xc5\x18N6\xa0\xb4\xf7g7\x9cM\x2fv\xe3wJ\xe7d\xb4\xfdx\x94\x00\xab\xde\xcb\xe9\x14\xd7h\xe7\xc5\x2d\x26\xc2B\xdcO\xed\xcd\x9c\x83k\x0e\xbcg\xc7D\x2bL3rQ\x8d\xc7cQ6\x3c\xdfHc\xb6e\x9b\xe9\x2a\xa09H\xb4\x22\xbe\xc1\x88\xe72\x11j\x0bU\x91\x2d\x14\xe9\x5d\xa9\xa8Y\xca\xe5\x86:\xd1\x18\xcd\x3e\x0d\x16\xaf\x1b\xca\x01\xd1\x9e\x7d\xf3\x26\x1f\x19\x8a\x15\x10\xcc\xea\xde\x0cT\xf3\x8f\x60\x07XS\xa0\xc7\xb8m\xb3\x1d\xa7HO\x99\xac\x94G\x25\xba\x03\x1b\xe10\xae\xabe\xcb\xadp\x5b\xa6R\x9c\xc9\x8c\x87\xe9\xea\x28\xaa\x93\xb1\x22\xcb\xd3\xdca\x9c\xdcVF\x10\x2dR\x0eNC\x28\x5fv\xdcZ\xe6\x97\xce\xc9\x5fO\x22\x1c\x0a\x1d\x7f\x5c\xfe\xb4X\x15\xb5\xb8B\xe0\xb7\xfe\xcd\x7e\x8a\xa6 \x09l\xae\x8b\xc8\x99Z\x01\xd14\x24\xd4\x5d\xc8\xa5\xdea\xa5\x07\xbe\xdf\xcf\xddj\xfbVo\x92\xfb\xb5H\x29\x0e\xcf\x92\xd6\x0c31\xedR\xd2Ko3.t\xa2\xf9\xed?\x7f\x0dKk\xb3\xdd\xe4\x0c\x1c\x5f\x8c\xd7\x0c\x07dV\x08\xffaA\xc0\xec\xb00\xc4\xc9\xb4\x89l\xa4Y\xf9\xd3\xb5D2o\xeb\xc4\xfc5\xe4\x5e\xf7\xc7 \x0b\x11\xeb\x3c\xb3\x94\x7d\xb4\xee\x0d\xf0\xbd\xf9\xddb\xfc\x3b\x97\x8a \xe4\xdf\x0b\xcc\x26\x9f\x25\xa9\x7f\xdd\xee\xde\x1aY\xbb\x90cd\x5d\xbe9\x5dfL\x0f\xe3\xdf\x23\xd4\x29\xf2\xbe\xde\x958IX\xbd\xd5PlGO\x8f\x00\x0f\x22\x83r\x9a\x01\xcf\xcf\xda\xc0\x28K\xb5g\x8d\x86\xbc\xc7\xc59h\x99\x40\x40\x09\x16\x2b\xa2t\x3d\xb2\x15t\xa2\x2aw\xf4\xff\xb5\xae\x7e\xf1\xe2\x96\x0cP\xc8\xe1\xd8\xbfElle\x60\x25\x1f1F\x00N\xd76\x15L\x81Y\x0e\x12\x0e\x8d3\x9f\x5b\x14\xce\xc5E?\x29m\xdc\x93\xdf\xc5\xf5\xff\x84\x2d\x14\xc5\xc8\x00\xc0\x18\x60\x7c\x24\x24\xf1t\x60\xef\x03\xc1\xdf\x97\xcb\x07\x22\xad\xbd\x08F\x26\xb8\x9bV\xce\xf1\xbf\xee\x60\x1b\xb3\x0c\xf9\xb2\xe3\xb9.U\x26G1\xdc\x7e\x26\x94\xb4\x5b\xe0\x9f\x26\x93\x001u\xe2\xa8\x81\xc51\x97yT\xb4iSqic\x19\xb2L 9\xa0\xe2\xaf\xe2P\x03\xa6\x88\xe9\x97\x27z\x7d\xf8\xec\xd9C\xbd\xb1\x88\x15\xb3\xa0\xaf\xabj\xa9LL\x24\xd7\x2c\x0f\xfb\x0a\xbb\xa8\xac\x40\x22x\xd9\x90a\xc5\xda\x5c\xbd\xd7\x98\xa18\xa2\xba\xe9\xe5j\xe2\xa5 \xbb\x0dv\xdeq\x89\xc5\x80i\xe4\x03\xb5\xdf\x05NU\x7fj\x7c\xa8\xee\xf4\xe1\xaf\xef\xf3G\xa4\x5f\x06\x92\x17\xb3\x86\x1f\xba\x8f\x8f\xf7l\x0e\x9f\xc0\x8er?\xa2\xcb\xfc\xef\xb8\xcf\x1d2\xf4U\x128\x15pi\xc9\xd5KZ\x0b\xc3\xaet4\xd5y\xd7\x9fx\xbbu\x5c\x3d\x19h\x2d\xb9\xb7n\xff\x2c\x2c\xcb\x9f\xd31\xb0q\x8aq\xc5o\x97\xe9k\x990\x28nk\xb5\x98\x8aI!\xda\x9b\xf9\x00\x17\xb3Gy\xbf\x03\x90\x1f\x1d\xf4\xdf\x18\xb6h\x00\xe5\xbd\x0a\x2cZ\x5b\x9f\xf7\xcd\xa7\xbe\xe7\x89\x2d\xa2\xe3\x0fI\x99\x40\xcd\x9d\xb8\xa9\x238\x7d\xb2p\x0d\xa3\x15\x7cSM\x8f\xe12n\xdc\xf7\xbfO\x0a\x0d\x1d\xcc\xb4\x0a\xf1 \xbfP\xe9\xf4\x3c!\x26a1\xf8\xb7y\xba\x1d\xdc\x9ck\x02\x97\x3b\x8c\x86\x2cQ\xf9\x11K\x29K\x96\xa1h\x3b\xae\x5f\xc2\xee\xd1\xfdI\xad\x9d\xce\xf2\xd3\xa6xK\xf0E\xc1\xf4\xa6X\xbb\xa2\xc4\xc2H\x7f\x92w\x8f\x22\xc4\xe7\xa3\x1d\x2b:\xb6\x2ad\xbb\x9edz\xdc\x0d\xe7\xf9\x127B\x26 \xcf\xa89\x1b\xc6\xc6\xc8\xa7\xffk\xda\xfeI\x7fv\x23\xe6G\x3b\xd4\xa6\xd4\x01p\x24E\xf4\xa8\xe1\x7f\x99N\xe5\x0b\x09h\x5eB\xf9\x02\x81\x87\xee\xc0\xbc\xffX\x92\x0b\xc6?\x92\x5b\x9chw\x1b\xa8\xdf\x92\x3d\xc2X\x97\x17\xd1\xc9F\xf73\xa1\x15\xd7\xef\xf5Rh8\xbb\xe7\xef\x1e\xac2\xc4\x08\x3d\x83\xe9\x7c\xd27\xcfH\x02A.:A\x24\xdbYA\x9a\xf0\x28w\xd9\xa9\xa6\x5d\x3b.jB\xc3\x16\x3d\xae\x88P\x95D\x3e\x27Qq\xd3\x3d\xe6\xa54\x11\xfd\xc6HF\x08k\xcb\xbbY\xb2H\xbdA\xfd\x9f\x2f\x9d\xf4\xb1\xb2\x2cXk\xc0\xa5\x05J\x2a\xb1\x07\x5c\x90\xf5OGGp\x3cI\x7c\xb2\xc3\xf4\x91\x91\x95.L\xb1\x09\xe4\xc0\xf9\x02\xd6\x5e\x2b\xea\xfb2\x96\x96\x11k\x0e\xf8\xd9\x8f\xe8\x84CU\x8b\xcd\xa5\xdaVy\x0f\x04\x87\xcb\xda\x1e\x19T\xec\x81\xcbN\xa73\xde\xc8\xaa\x0fJ\x2ff\xd2\xc2X</data></match></read>
    <read><length>50</length><match><data>Welcome to the EZ Barcode Encoder\x2fDecoder Service\x0a</data></match></read>
    <read><length>21</length><match><data>\x2d\x2dSelect an option\x2d\x2d\x0a</data></match></read>
    <read><length>23</length><match><data>1. Input a new barcode\x0a</data></match></read>
    <read><length>22</length><match><data>2. View barcode ascii\x0a</data></match></read>
    <read><length>26</length><match><data>3. Generate barcode image\x0a</data></match></read>
    <read><length>24</length><match><data>4. View cached barcodes\x0a</data></match></read>
    <read><length>25</length><match><data>5. Clear cached barcodes\x0a</data></match></read>
    <read><length>8</length><match><data>6. Quit\x0a</data></match></read>
    <read><length>5</length><match><data>:\x2d\x24  </data></match></read>
    <write><data>4\x0a</data></write>
    <read><length>16</length><match><data>Cached Barcodes\x0a</data></match></read>
    <read><length>21</length><match><data>\x2d\x2dSelect an option\x2d\x2d\x0a</data></match></read>
    <read><length>23</length><match><data>1. Input a new barcode\x0a</data></match></read>
    <read><length>22</length><match><data>2. View barcode ascii\x0a</data></match></read>
    <read><length>26</length><match><data>3. Generate barcode image\x0a</data></match></read>
    <read><length>24</length><match><data>4. View cached barcodes\x0a</data></match></read>
    <read><length>25</length><match><data>5. Clear cached barcodes\x0a</data></match></read>
    <read><length>8</length><match><data>6. Quit\x0a</data></match></read>
    <read><length>5</length><match><data>:\x2d\x24  </data></match></read>
    <write><data>2\x0a</data></write>
    <read><length>22</length><match><data>Select Cached Barcode\x0a</data></match></read>
    <read><length>27</length><match><data>    0. Return to main menu\x0a</data></match></read>
    <read><length>5</length><match><data>:\x2d\x24  </data></match></read>
    <write><data>0\x0a</data></write>
    <read><length>21</length><match><data>\x2d\x2dSelect an option\x2d\x2d\x0a</data></match></read>
    <read><length>23</length><match><data>1. Input a new barcode\x0a</data></match></read>
    <read><length>22</length><match><data>2. View barcode ascii\x0a</data></match></read>
    <read><length>26</length><match><data>3. Generate barcode image\x0a</data></match></read>
    <read><length>24</length><match><data>4. View cached barcodes\x0a</data></match></read>
    <read><length>25</length><match><data>5. Clear cached barcodes\x0a</data></match></read>
    <read><length>8</length><match><data>6. Quit\x0a</data></match></read>
    <read><length>5</length><match><data>:\x2d\x24  </data></match></read>
    <write><data>3\x0a</data></write>
    <read><length>22</length><match><data>Select Cached Barcode\x0a</data></match></read>
    <read><length>27</length><match><data>    0. Return to main menu\x0a</data></match></read>
    <read><length>5</length><match><data>:\x2d\x24  </data></match></read>
    <write><data>0\x0a</data></write>
    <read><length>21</length><match><data>\x2d\x2dSelect an option\x2d\x2d\x0a</data></match></read>
    <read><length>23</length><match><data>1. Input a new barcode\x0a</data></match></read>
    <read><length>22</length><match><data>2. View barcode ascii\x0a</data></match></read>
    <read><length>26</length><match><data>3. Generate barcode image\x0a</data></match></read>
    <read><length>24</length><match><data>4. View cached barcodes\x0a</data></match></read>
    <read><length>25</length><match><data>5. Clear cached barcodes\x0a</data></match></read>
    <read><length>8</length><match><data>6. Quit\x0a</data></match></read>
    <read><length>5</length><match><data>:\x2d\x24  </data></match></read>
    <write><data>1\x0a</data></write>
    <read><length>18</length><match><data>Input barcode as:\x0a</data></match></read>
    <read><length>24</length><match><data>    1. String to encode\x0a</data></match></read>
    <read><length>46</length><match><data>    2. Barcode encoded in ascii \x28\x22\x7c\x22 and \x22 \x22\x29\x0a</data></match></read>
    <read><length>22</length><match><data>    3. Barcode bitmap\x0a</data></match></read>
    <read><length>27</length><match><data>    0. Return to main menu\x0a</data></match></read>
    <read><length>5</length><match><data>:\x2d\x24  </data></match></read>
    <write><data>2\x0a</data></write>
    <write><data>\x7c\x7c \x7c  \x7c    \x7c  \x7c\x7c \x7c    \x7c    \x7c\x7c  \x7c \x7c\x7c\x7c\x7c \x7c  \x7c  \x7c\x7c  \x7c \x7c    \x7c  \x7c    \x7c\x7c \x7c    \x7c\x7c  \x7c \x7c\x7c   \x7c  \x7c  \x7c\x7c   \x7c\x7c\x7c \x7c \x7c\x7c\x0a</data></write>
    <read><length>36</length><match><data>Successfully added barcode to cache\x0a</data></match></read>
    <read><length>21</length><match><data>Barcode text: gjvlbj\x0a</data></match></read>
    <read><length>21</length><match><data>\x2d\x2dSelect an option\x2d\x2d\x0a</data></match></read>
    <read><length>23</length><match><data>1. Input a new barcode\x0a</data></match></read>
    <read><length>22</length><match><data>2. View barcode ascii\x0a</data></match></read>
    <read><length>26</length><match><data>3. Generate barcode image\x0a</data></match></read>
    <read><length>24</length><match><data>4. View cached barcodes\x0a</data></match></read>
    <read><length>25</length><match><data>5. Clear cached barcodes\x0a</data></match></read>
    <read><length>8</length><match><data>6. Quit\x0a</data></match></read>
    <read><length>5</length><match><data>:\x2d\x24  </data></match></read>
    <write><data>1\x0a</data></write>
    <read><length>18</length><match><data>Input barcode as:\x0a</data></match></read>
    <read><length>24</length><match><data>    1. String to encode\x0a</data></match></read>
    <read><length>46</length><match><data>    2. Barcode encoded in ascii \x28\x22\x7c\x22 and \x22 \x22\x29\x0a</data></match></read>
    <read><length>22</length><match><data>    3. Barcode bitmap\x0a</data></match></read>
    <read><length>27</length><match><data>    0. Return to main menu\x0a</data></match></read>
    <read><length>5</length><match><data>:\x2d\x24  </data></match></read>
    <write><data>2\x0a</data></write>
    <write><data>\x7c\x7c \x7c  \x7c    \x7c\x7c  \x7c \x7c    \x7c \x7c\x7c\x7c\x7c  \x7c  \x7c  \x7c\x7c \x7c    \x7c\x7c\x7c\x7c  \x7c \x7c  \x7c\x7c  \x7c\x7c\x7c \x7c  \x7c  \x7c    \x7c\x7c \x7c\x7c \x7c\x7c\x7c\x7c \x7c\x7c \x7c  \x7c\x7c \x7c    \x7c\x7c  \x7c \x7c    \x7c\x7c\x7c\x7c \x7c \x7c\x7c\x7c \x7c\x7c   \x7c\x7c\x7c \x7c \x7c\x7c\x0a</data></write>
    <read><length>36</length><match><data>Successfully added barcode to cache\x0a</data></match></read>
    <read><length>24</length><match><data>Barcode text: lsgw6bzgl\x0a</data></match></read>
    <read><length>21</length><match><data>\x2d\x2dSelect an option\x2d\x2d\x0a</data></match></read>
    <read><length>23</length><match><data>1. Input a new barcode\x0a</data></match></read>
    <read><length>22</length><match><data>2. View barcode ascii\x0a</data></match></read>
    <read><length>26</length><match><data>3. Generate barcode image\x0a</data></match></read>
    <read><length>24</length><match><data>4. View cached barcodes\x0a</data></match></read>
    <read><length>25</length><match><data>5. Clear cached barcodes\x0a</data></match></read>
    <read><length>8</length><match><data>6. Quit\x0a</data></match></read>
    <read><length>5</length><match><data>:\x2d\x24  </data></match></read>
    <write><data>2\x0a</data></write>
    <read><length>22</length><match><data>Select Cached Barcode\x0a</data></match></read>
    <read><length>20</length><match><data>    1. Text: gjvlbj\x0a</data></match></read>
    <read><length>23</length><match><data>    2. Text: lsgw6bzgl\x0a</data></match></read>
    <read><length>27</length><match><data>    0. Return to main menu\x0a</data></match></read>
    <read><length>5</length><match><data>:\x2d\x24  </data></match></read>
    <write><data>2\x0a</data></write>
    <read><length>22</length><match><data>Raw String: lsgw6bzgl\x0a</data></match></read>
    <read><length>135</length><match><data>\x7c\x7c \x7c  \x7c    \x7c\x7c  \x7c \x7c    \x7c \x7c\x7c\x7c\x7c  \x7c  \x7c  \x7c\x7c \x7c    \x7c\x7c\x7c\x7c  \x7c \x7c  \x7c\x7c  \x7c\x7c\x7c \x7c  \x7c  \x7c    \x7c\x7c \x7c\x7c \x7c\x7c\x7c\x7c \x7c\x7c \x7c  \x7c\x7c \x7c    \x7c\x7c  \x7c \x7c    \x7c\x7c\x7c\x7c \x7c \x7c\x7c\x7c \x7c\x7c   \x7c\x7c\x7c \x7c \x7c\x7c\x0a</data></match></read>
    <read><length>21</length><match><data>\x2d\x2dSelect an option\x2d\x2d\x0a</data></match></read>
    <read><length>23</length><match><data>1. Input a new barcode\x0a</data></match></read>
    <read><length>22</length><match><data>2. View barcode ascii\x0a</data></match></read>
    <read><length>26</length><match><data>3. Generate barcode image\x0a</data></match></read>
    <read><length>24</length><match><data>4. View cached barcodes\x0a</data></match></read>
    <read><length>25</length><match><data>5. Clear cached barcodes\x0a</data></match></read>
    <read><length>8</length><match><data>6. Quit\x0a</data></match></read>
    <read><length>5</length><match><data>:\x2d\x24  </data></match></read>
    <write><data>2\x0a</data></write>
    <read><length>22</length><match><data>Select Cached Barcode\x0a</data></match></read>
    <read><length>20</length><match><data>    1. Text: gjvlbj\x0a</data></match></read>
    <read><length>23</length><match><data>    2. Text: lsgw6bzgl\x0a</data></match></read>
    <read><length>27</length><match><data>    0. Return to main menu\x0a</data></match></read>
    <read><length>5</length><match><data>:\x2d\x24  </data></match></read>
    <write><data>0\x0a</data></write>
    <read><length>21</length><match><data>\x2d\x2dSelect an option\x2d\x2d\x0a</data></match></read>
    <read><length>23</length><match><data>1. Input a new barcode\x0a</data></match></read>
    <read><length>22</length><match><data>2. View barcode ascii\x0a</data></match></read>
    <read><length>26</length><match><data>3. Generate barcode image\x0a</data></match></read>
    <read><length>24</length><match><data>4. View cached barcodes\x0a</data></match></read>
    <read><length>25</length><match><data>5. Clear cached barcodes\x0a</data></match></read>
    <read><length>8</length><match><data>6. Quit\x0a</data></match></read>
    <read><length>5</length><match><data>:\x2d\x24  </data></match></read>
    <write><data>6\x0a</data></write>
    <read><length>56</length><match><data>Thanks for using the EZ Barcode Encoder\x2fDecoder Service\x0a</data></match></read>
</replay>
</pov>