<?xml version="1.0" standalone="no" ?>
<!DOCTYPE pov SYSTEM "/usr/share/cgc-docs/replay.dtd">
<pov>
<cbid>service</cbid>
<seed>fea75756ec5b22792631480360db89cd1249dd377bb26eec6312ffe39679a40b7e616e23044ba06c7de4fb4a27e2ca30</seed>
<replay>
    <delay>50</delay>
    <write><data>\xf7a\xc5\xe1</data></write>
    <read><length>4096</length><match><data>\xf7a\xc5\xe1\xd1U6\xc7\xa8\x5d\xf6\x86!\x1f\x00\xe3\xc6:\xa3\x25\x8c\x0af\xe2C\xdb\xb9\x5e\x2aw\xd9\x2a\x01HLZ\x00Pfs\xab\xffzI\xd81\xf9\x8c\x27\xa5G\x84\x9aK\x01\x88F\xdf\xdc\x8a\x3d\xf7\x8aB\xd8fu\x92\x23\x3e\x5c4\x83\xe4\xa7\xdd\xd6?\xb2\xa8B\xdax\xa9\x07\xf6\xa5\x85\x10m\x07\x2d\xde\xf7\xe0\x2a\xc2F\xf3\x14\x8d\x27D\xf3\x12\xfc\x26\x22\x04L\xfb\xae\xdf\xb86\xb9l\x06H\xde:\x08\xfd\x3d\x11\xa3\xe5\xf1\xf31\x24\x9b4\xcd\xda\xb1\x85\x03\xde\xfe\x8e\xca\x9b\x27z\xb2R1B\xd5Zd\xb9\xeeD\xb6\x99\x1dGQ\x98\x26\x93\xcepA\xc08wf\xa5\xd8B\x15\x82\x90\xf9\xe3\x7b\xe7sY\xe8X\xbc\x23\xa0Vcl\x89\xf5:q\xe3l\x140\x1c\x2a\x5b\x40\xd5a\xd2E\xa4\xa0\xf2\xa0b m1\x9f\x17\x7e\xae\x8a\xfd\x2f\xbak\x88 \x07\x02a\xedRnK\xc3\x5e\x98W\xbe\x8a\x0bm\x84\xf6i\xa2\x8b\xe9\xfd\xf0LeJ\x03\x23\xe5\xd30D\x0f\xaet\x13\xbe\xed\x11\x92\xa03\x9aA\x5b\xc7\xc2\xda\x06\xcd?N\x60o\xd3\xcaS\xacwp\x1c\xd9\xdc!\xc8\x8as\xbaoo \xea\xa6\x95\xfdVe\xa27\x23\xd4\x8cf\xce\xc4\xfb!\xc3\xf5\x15p\x29\xcf?E\xac\xb6\xeb\xabPb\xa0\xaaO\xf7\xae\x7d\xab\xe0\xdbn\x9bm\xc5\xc6\x25\xf7Y\xb0\xd3\x8b\x09\xd4d\xe0\x05\x8c\x13\xbc\x88\xc3\xf9r\xbeZS\x19\xa4\xa4\xbdB\x25\x11?\x7c\x88\x0c\x9f\xa9Ezn\xe1\xcc\xf7s1\xdeEq\xa2\x3d\xe2\x9dJ\x7f\xd3\xaf\xd1\xa6\x8d\x01a\xc9\x8f\xcci\xe7\x18I\xebf\xf0\x87!\xf4\xf8\x5bQ\xbcs\xda\xa7\xb3M\xc9\xb3\xbd\xf0Bv\x24Jo\x1e\xdd\xbd\x17s\x12\xb8E \x02a\x222\x06\xad\xae\xc9Qoh\xb5QbNs\x9b\x2b\x88M\xcb\xbb\x0d\xff\xff\xd50\xf5\xd3\xa3\x19I0c\xfa\x24\xce\x8e\xa9z\xc7\x0bC\x83\xb3\xf9P2J\xf1\xf5\xf9\x8eb\xd8\x135H\x18\x9a74:\xda\x84\x03cT\x0b\xf4\xaa\xa2\x0c\xe2\x28\xce\xf0\x16Z\x2c\x1e\x80\xb7\x14b0\x7dC\x3e\x7d\xab\x87\xd1\xe0\xb4\x07\x0b\x3d\x0fa\xdb9l3\xc6\xa9\xbf\x5fz\xe2\xc5\xad\xb6\x05\x14\x2f\x1b\x97X\xf1\x97c\x89\x9c\x11\xec\xc2lX\x9a\xc3Q\xbb\x23 d\x95\xa4\x87C\x83\x12\xa4\xa0\x02\x22j\x9eR\xc0\x17\x7b\xe5a\xf0\x0d\xf8\xa7GY\xffY\xaa\x88\x19\x3d\x8c\x9f\xb7\xaa\x1b\xb8\x0fq\xa9\xdd\xf5\xc2\x96\xb1\xe6\xc3\xdc\xedNI\x92\x12\xb5\xfe\xc0\xf9\xc0\xa6\x15\x10\xfa\x05\x7fRNx\xf2\x08\xd9\x24P\xabn\xeb\xdb\x7d\xafM\xc0\x12\x19\x9cT\x00y\x22cq\xd3\x9b\x9bC\x13D\x5c\x5f\xf9\x8e\x1b\xa1\x16\xd4!\xd2UG\xdd\x87\xe4W\x1c5\x85h5\xb8\x22\xb72\xc2\x8a\xd2\x99\xe8\x8b.\x8f\xe5\xb2\xf4\x9cE\x15FYp\xa7f\xf9\xdc\x03j5\xbbh\x0a\xbc\x98\x5bh\x2aCq\x1e\x28\xdf\xb7\x9dAu4\x3c\xb6\x3e\x25L\xd2\x055\x94wo\xb9\xfe\x83\xd3\x9d\xb4\x95\xff\xca\x9c\xdc\x40\xfd\xd7\x993\x81!\xf5s\x5b\xcf\xfd\xd5\xccK\x9a\xf05\x94\xba\xf4\x9f\xdc\x08\x12\x84\xec\x7e\xc9\xb0c6W\x0c\x07b\x89\x0b6\xfe\x2f\xfd\x92k\x05?\x1f\xed\xad\x94o\x25J.\xce\xf1i\x9e\xd5\x25\x28\xc1A\xfeS\xcf\xa1\x84\xa4\xa8\xb70p!\xa5\x96\x2a\xa9\xabU\xc7S\x18TC\x12\x8f\xb6US\x05\xee\x60\xf2\xd3\xe7\x60ddK\x93\x09js\xa2\x07B\x000b\xdc\x96\x91\xacl\xad\xae\xad\xf7\xee\x7f\x94d\x00\xe3\x2b\xe4Z\xcf\x94\x24\xa8\x85\xfd\xa6\x2b\x81\x02\x7c\x0d\xeax\xbd\xe2\xd6\xe8\xb72\xe4\x92\x2c\x11\x3cD\x3e\x7d\xe1\xef\xc9C\x2c\x8e\xc8\x09\xf0R8\x82H\x18p\xc8\xdd\x5f\x9d\x85\xbcu\x2b\x9e\x87\xf0\x01\xacu\x86\x9b\x9b\x60\xc2\xc3\xb4\xd3\xb2\xde\xb3\xf2\xecM\x8d\x13D5\xc8\xbc:\x3c0X\xb8\x91R\x07hx\x89\xad\x23a7\x91\xa8\xf25\xf4H\x2a\x80\xda\x84V5\xef\x1a\xfd\x1e\x96\xa5C\xcb\x5e\x23\xdcB\x1a\xf54\xe9\xba\xec\x9dO\xfc\xc0\x22\xd4\xb0\x27\xc8\xe3V\xba2\x90\x27k\x5e\x27\xae\x7b\xd4\x07\xc5\xec\xc3\xaf\xc9\x1cn\xcb\x02\x408\x9d\x7d5f\x89K\x9b\x13\x17\x89\xc3\x90\x05\x10m\xec\xd2h\xd1\x60\x881\x8c\x19\x89\x83c\x015\x5e\x96\x94\x19\x9a\x09\xa2\x95\x8e\xc6o\xc8yI\xc6\x97aT\xb1\x3d\xe4:\x01\xd7\xd6.\xdd\x1ag\xc2\xdf\xc3gc05\x02\x23\xc7q\x04\x90\x05\xef\xa5\xaf\xfa\x1doL\x5d\x97N\x7e\xd6E\x81\x04m\xe2I\xcdN\xbe\x9b\x3d\xae\xc4j\xde\x5e\x1f!?\xe1?\x0c\x80j\x1b\xe6C\x7c\x13\xd5\xbbt\x85\xbd\x1e\xb3\x5e\xac\x14\xe5\xb3\xf2\xfe\x1f\x24\x2f\xac\xee\xc8Y\x25\x0b\xb6R0\xa7\xd5V\xd2ip\xbd\xe9\xbf\x82\x9f\xf1\xaa\x96\x81\x04d\x1a\x88\x18\x82\xbe\x5d\x3e\x9ai\xb3?yE\x8c\x822k\xa3\xbb\x14\xcc\x1ev\x8aD1Bl\x9c\xa3h\x89\xb6\xef\xa4\x7e\x40\x9b\x91\xccs\xe4ZF\x06\xa5\xb2\x96\x26\x95\xa8\x8b\xd3\x7c\x9f\x401\xf0\xe0\xd8O\x13\xaa\x87\xcc9UM\xb3\x8e\x5d\xf9\xf1\x87\x91d\x5d\xee\xf9r\x17\xa5\xbb\xee!E\x7bQ\xe5\x7eu\xce\x0e\x92\x19\x3e\xd0\xdd\x85\xa8\x13\x91\xf5\xa4\x19\x17\xd3\xb1\xd4k\xb8l\x8b\x0e\x29S\x90\x2blU\xfe\xa2I\xad\xc6\xaeO\xc3\x2d\x09\xa9n\xee \x7f\x29\x1fh\x1d\xf8\x5b\x19?k\x0cie\xe2B\xb6\xa4m\xe9XT2\xd9\xa3\xa3\xdcu\xc8K\x98Ao\xb3\x08\x08\xc2CNpY\xc7\xb58S\x3d.g\xba\x3b\x9f\x5f\xe3\xdd\xa4YR\x8f5\xcf\x2a\xe8\xcb\xe6\x86\x1f\x7c\xd5\xdd\xe8\xc4\x1f\x7b9\xfa\x5fu\xe99\x2a\x928F\x2b\xfc\x87 \x7d\x0e\xe2z\xbai\x8bp\xac7\xf7\x00\xc7\xe5\xac\xbe\x07\xf8\x07\x01\x8d\xb1\x5f\xd3\x1f\x14\x11\xe8\x83\xd7D\xa2\xbc\x036r\x10\xf73\x16\x1c\x14y\x08\x96\x3dS\x7er\x5d5\x60\x1bc\xf7\x3e.\xba\xd3\xa49\xd1\xf6e \x88\xe0\xb9\x94\xa2CS1\xed\xd0\x7f\xa8t\x05\x1f\x89\x84\xdd\xeb8\xc1\x06\x8em\x1bh\x85.\x7bm\xab3\x7c\x03\x7f\xa6\xc6y\x94\x84\xfd\x8c\xb7k\x7eq\x7c\xb1\xae\x0b\xc8\x7f\xfcV\x9e\xef\x0c9\x12g\xbb\x00\xac\xd0\x97Y\xf2Z\xbf\xfc\x1f\x9b\xa7FF\xf4S\x7e\xc7\xfb\x86\x81\x1c\xe6\x85\x0b\x05\xbe \x5d\xca\xce\xc4\x8b\xb9\xa4?\x9e\x28\x8b\xa1\xde\xcc\x8fNg\x8c\xa9\xec\x5f\x29ks\xde\xb4\xd0\x00\x2b\xe7G\x5bd\xcezcg\x8b\xf0\x5f\x7do\x9e3.G\x87\x1a\x92\x14\x12EG\xf0\xaerE\xea\x24\xdeq\x9bO\x00\x2b\xe8\xd3\x10\xe4\xbf\xa8J\x80\xa2\x99\xd3\x88NJ\xaf\xbf4\x86\x1bI\xf1t\x0d6\xa0fL\xa4\x91\xac\x7bK\xb6\x93\xea\xbe\xdc\x92\x93\xca\x17\x97\xc6\xc1\xff\x16\x07e\xfd\xcb\x5b\x2f\x1eu\xb7\xe7\xf5K\xac\x0c\x96\x25g\xe2\xf6\xf62\x25\x99\x82\xc1\xb5q1\x3eE\x88\x3eFj\xbc\x06\xe2\xecuP\x81\x29E\x2dKI\x3d\x15\x02\xf1\x9aW\x86\xf1\x7e\x06\x94\xa4\x1e\xef\xd1\xe6\xdb\xf1\x29M\x8dR\xad\xe5\x0fx\x26\xc9\xfc\xdd\x3d\xb2F\x7d\xb9\xedY\xec\x18C\x13\x0d\xdd\xb5\xda\xa9m\x0a\xad\xa2EeY\x8b\xf6\x0f\xa9\x1c\xab7\xf4X\x60\x15\xeb\x87s\x8c\x1d\x23\x2af5\xedyJ\xe4\xcf\xd0\xbf\x5b\xbePRD\x1a\xb5c\xca\xfa\x12\x1b:\xc3\x18X\xd4\x03\x2d\xb4F\x92\xeb\xc8?\x7f\x24\xcafL\xe0\x0e\x1a\xcb\xc4\xe2j\x8c\xf6B\x26\x88V\xb1\xec\xaeU\x9b\xad\x1f\xb9\xf3\x94\xb1\x0cY\x19d\x84\xdc\x11\x95\xf6\xb1\xcd\xc3\xac3\x29\x7eQ\xc9\xae\xedO\x1b\xbaI\xb8\x1d\x01\xb6\xcd\xae\x15\x22\xa7\x98V\x23\xa3k\x89\xe8\xc5\xf4\xa5\xf7\x3c\x8bo.\x28\x1e\x7cpS\x5d\x95\xa8\x1bS90\x2c3\x83\x2d\xdd\x81\xa0\x0a\x1d\xf7\x3en\xfa\x87\x87S\xc3\xf3\x886\x5b\xc9S\xba\xff\xd3\xe2\x3b\x90 \x92y\xea!\x3c0\xa4\x7d\x27\xd5\xb0V\x00\x1d\xa9\x11\x89\xa1C\x5cK\xacq\x29\x82\xeb\x22\x8d\xa7\x25\xe4\x7c\x99\xf7\xdbb\x92\xd1\x0b\xcc\x9bf\x8c\xe2?\xb46\xd9rtP\xef\x92\x93\xf3\x84\xf6V\xd0\x3b3\x99\x8a0\x15\x00\x7f\x04\xc8Y\xa6O\xedm\xc6\x02Z6\xa3\x01x\xe8\xc7\x7f\xa2\xd2\xd45\x06\x9e\x12\x8f\xe4\xf0\xb6\xa6p\xc4\x87ibW\xcb\x93\x0d\xcf\x84\x8d\xa6m\x3du\x9fi \x08\xac \xe0\x9b\xfc\x99\xde\x94u\xfbX\x7e\x154\x09\x9b\xc5\x9f\x5d\x7c\xd1t\x12\xe2?\x8b\xc9\xda\xc4\x0fY\xde\xc2\xfa\xc4\xb6\xb4\x7d\x2c\xe2\x05Q\x0e\x9c\xcd\xca\xff:\xc5\xce\xa32\x89b!\x7dI\x25\x08\xc9\x89\x92\xddp\x0c\xfa\xcf\x11U\xad\xc7\xd6\x5b\xc3\x07\x9e\x40\xe4d\xa1\x0d\x0b\x83\xad\xd7?\x91b\x0c\xf6\xd1js\xeblM\xb4\x10\xc9\x08\x09\x7c\x2afqfE\xc9\x18\x3b\xde\x91n\xf1\x0d\x92\xc3\x99\xea\x10d\x10\xd5u\xe1\xac\xcb\xd9iH8\x8f\x29ndF\x22q\xc12\x7c\x0a\xaa\xa1\xb2\x40\xb8\xbe\x95u\xaa\xc9y\xb7\x84\x7fsz\xb9\xf79\xfe\x829\x40\xb5T\x2a0\x07\xedz\x17\xcc\x06\xfd\xdd\x01J\x14\xd2\xce\x1b\x7b\xfa\x2d\xba\xde7\x0c\xf9\x8f\xacI8y\x2b\x19\xad\x17\x2b\xdaNe\xd5\x2f\x5b\x88P\x26ZXs\xf0\x87\x00\x17\xa2W\x9af\xb7\xf951PHKT\x929X\x85\x93\xef\xd9\x8f\x2f\x12b\xa39\x15\x90Z\x5eFq\xc6\x95WB\xd7\x8c8\x0c\xe1 i\xdb\x88P\x88\x18\xf1\xe97\xc6\xe0W6\xe4R\xfa\x5b\xee\x889\x7c\xfd\xe5Z\x27R\x95q\xbeg\xdfz\xfc\xce7\x7c\xfe\xed\x07\x2fHb\xe7\xd8\x0ak\x07Wz\x9a\xc5FU\xa3\x7e\xcc0\xe6T\x11\xe9\xa4\x8b\xa4\x9b\xb2\x5c\xd8\xf6\x1c\x09kw\xe7\xfd\xeb\xa1\xc5k\xd6\xe0\x19\x81\xd6?\xe9G\x0b3\xc9\x25\xcb5\x16\x2f\xf4\x7d\x8b\xe4\xb8\x5f\xc7\xe4\xdf\x03u1\x91X\xed\x11E\xd0\x85\xfa\x7fD\x26\xaa\x23\x171UV\xa8xb\x13\x07u\x8c\x5d\xaa\xad\xfd\xd2\xa9\xdf\x26\x83\x13jb\xe2\x85h\xd2\xcd\xab\x8aAyT\x81K\x91\xf9\x97fB\x1b\xf9\xdd\x99\xdew\x2f\xf8\x9fZ\xb5X\xe7\xe6\xe4\xe0\x22\x7c\xb7.\x24y\xa2\xf5b\xad\xd37\xdcu\x8a\xb7\xaf\xe7\xba\x1b\xb1\xc2\xef\x5f8\xa1\xc9\xc8\xc8\xd2\x10c\xfc\xbe\xffN\xf4\xf2\xbb\x92\xcb\x5c\x22\xfa\xbc5\x99\xa7\xed\x91\x3b\xa7\x5f\xbc\xaar\xca\x1f\xd9K\x12\x10f\x0eA\xadH\x11:\xb9\x95.\xf4 \x82F\x14\x15\x10\x8a\x95\x1d\xf2\x2d\xcb\xec\x90\x92\xfe\x90\x90\x09\xce\xffoF\x2f\xc6\xca\xaeF\x5b\xdc\xdb4\x04\x14V\x7c\xbeY\x88l\x91\xc2\xd9Q\x18\xfbr\x97D\xf83\xd6\xdfO\xf3\x8e\x8b\x7fR\x80\xf4A\xd7j\x17\x9f\x98\x0f\x89\x2a6Q!R\xb3\x28L\xef\xdb\x2b\x26q\x01Uy\xb9\xd7\xc5U\xb6\xed\xa5\x29\xba\x2ax\x16\xcf\x60iT\xc6c\x86\x9cx\x0e\x3cR\x98\x2b\x19\x0f\xfeI7\xdf\x0c\x8c\xb2\xe5\xd65\x0c\xe2\xdak\xe9\xd8\x24\x98\xa6\x964\x89\xb1\x7fu\x9f\xf1\x95\x18.\x7d\x28\xedk\xe4\xa5?\x88\x231\x88\xef\xf7g\x89\xac\xbb\xbd\x2b\xbd\xffi\xb0\xf6\x60\x13\x1a\xfb\x82\xac42\x1c\x27\x1e\x7d\x94\x1b\x03.\xab\x9b\xc6\x2c\xec\xc6\x7fn\xddy\x7eH\xa4\xab\x7d\x23\xefJ\xe5\x1e\x2a\xb3\x19p\xae0\xb4\x9c\x5d\x17I\xd9\xdc\x0es\xc2\x1c\xd7\xf9\x7b\xc1\xd2\xa6\x26R\x98\x8c\x02\xdd\xe4\x02K\x95\xe9\x88\x9fh\xfc\xaeX\x8f\x07\xb6\xb4\xe2\x16t\x3b\xf7\xda\xec\xc9\xc8\xd3\xfa\x40\x83\x92gMY\x01\x0e\x95\xf4\xceQ\xb2yEdh\x01:Ez\xb4\xf4\x0er\x04M\xc7\x3c\xcc\xda\xeag \x87\x8e\x88\xd4\xc4\x60l\xf2\xc4\xdd\x86\xa5\x83\x0b\x5f\x11\xeb\xe2\xc9U\xb8\xe2\xa0\x8c\x81\xc7\x12a\x23\xe6\xc1hb\x28\x97\x88\xde0\xe1\x15\xa4\x81\xd0\xb3\x2aT\x96\x01\x95\xc6\xe7\xd0\xf1\xd3\xce\x94n\xf5\xf7\xf8hS\xa8\x11\x2b\xe8\x03\x5b\x8b\xbcK\xc2y\x1e\xb0\xae\x16\x8e\xebB\xfa\x90\xc2\xc7\xa0w\x8f\xd3\x97\x7d\xf7\xc1\x10\xf6r\xee\xc7\x7c0\xcf\xdd3Mo\xac\x26\xe5K\x1b\xb3\x81K5\xc2x\x9bEh\xf0\xba6\xda\xce\x83\x16\xd5J\xe8\x91\xf9z\xfa\xbaJ\xa3\x7bBx\x18\xcf\xbbu\x03\xe9\xb4\xcdx\xe7\xc6\x0e\xd6j\x01\x8e\x11\x9aA\x22\x0b\xe1\x13\xd7\x9bi\x2b\xdb\x5f\xbc\x29!\x93\x02Q\x03\xb7\x82\xd3\x19\x0a\xad\x02\x09\x3dN\x07\x3b.B8\x06Y\x2a\x1e\xa4\x81\xe8\xa9\xae\x08\x2d\xdbX\x80\xdb\xcblv\xcf\xfaet\x1f\x9b\x83fj\xff\x092D\xcb\x9e\x0b\xe5\x7e\xf9\x83l\x92\xe2!rtsM\x8dw\xd64\xfa\xa5Km\xc7\x5f\xb5\xe2\x7c\xf8l\xf11\x0c\xd8\x7d\x9c\x40\x08\x9dG\xfc\x0a\x963\xb7\x919\xf4J\xea\x95\xcc.\xb1\xff\xbeGV\x9f\x8f\x97\x02\xd1\xc4\x96\xc5E\xca\x22\x82Q\xe6\xf1y:\x2f\x89\x97\x22B\x40\xad\x5f\xfe\x2cS\x83\x91A\x25\x7f\x92\x3e1\x8c\x9b\x7b\xfdrZ\x3e\x8c\xc8\xed\x3b9\xd4o\x81RW\xdf\xdf\xe2oyN\x7bG\x0c\xe4439\x5b\xb5:\xfe\xe9\x8f\xa6\xad\xc4\xc2\x0c\x93\xd0qS\x23\x2b\xbb\xf5\x05\x80G\xffe\x05\x93\x07\x9d\x1fx\xea\x9f\xe1\x04BJ\x9a\xc9\x9c!sq\x5fBg\xc0\x97Z\x84\x22N\x98\x1d\xb0\xfc\xcd\xec\xd7k\xab\xa7\xe7\xa5\x97z\xa1\xc9\xf0\xee0\x18\x5e\xd5\x87\x3d\x2d\xbd\x1f\xce?\xf4\xf9\xe8\x2b\xd0\xafYD\xa8\x0c\x0d\xf9o\x06N\x0b6\x8f\x0e\x80\xec\x00mC65\xe9\xa1\xa2\xac\x18\x04\x07\x00\x2a\x81\xde\x5d1\x87\xc5\x22\x0eF\xe2P\x8e\xb3\x29\xb3\xd2\x07af\x7e\xac\xd6\x1c\x7e\xba\xaa\xb3\xdf\x7e\x99\xa3\xe3\x60\x2d\x15\x0a\xaeX\x26S\x18G\xaf\xddpa\xd8S\xc7\x7b\x28V\x14\xe3\xdd\xd5m\x5c\x86h\xb7\xb82\xba\xae\xb2\x2b\xedX\x82\xb9\x5cn\xe7\xe2\xa8O\x04\x83!\xc5\x80\xaa\x3b\xca\xa2\x9f\x9ba\x17\x1bh\x24\xbcVq\x9f\x87p\xaf\xe2j\xf3\x84\xc9\xa2\x40\xc5\x8aW7\x8b5!\xb6\xe8\xf1Kb\x08\x2c\x84R\xba\xcb\x991\xc5\x7b\x26\x03\x9b\xe1\xd9\x8avt\x7fl\x28\x0e2\x17\xd6G\x18\xdaT\x9e\xde!\xf3\xd8\xe3\x24u\xfa\xa3\xc0\xde\xb6\xf4\x5f\x02\x12S\x14\xc35\xa9\xdf\x3e\x16s\x0c\xb4A\x22\xed\x15ss\xa4\x0c\x84\xc1\x1f\x82k\xb8\x8f\x25\xe3\x3e6RE\x12\xabrXv\x9e\x8a7n3\xec\xa8\x3bk\x5e\xbbiF\xf48\x17\x81\x1b\x1c\x8e\xe4\xcc\xa9\xee\x00\xb28\x89\xe5\xb4\x90\xe3\xe5\x87\x60\x60\x3e\x40!\xdf\x3b\xdd5\x1f\xbd\x96\x02\x9e\x0e4\x16b\xdb\xec\x08V\x14\xadM\xf6.\x8c\x83\x2a\x19\x94\xbc\xf9\xa3\xe0\xc2Jg\xe6\xac\xcf\x16\xda\xceFU\xcb\x95\xc5\xa2XW\xed\x5b\x28\x9bzP\x1a\xac\xea\xb3k\x5c\xf1\xdf\xed9V\xc0u d\x7bq\xa1\xed\x00\x3ed1\x5e\x2b\xe1\x89\xba\xd5\x02\xb4\xb8\x87\x60APS\x1c3\xdb\xbby\x8e\x10\x18\x11\xe3\xb6\x12\x18\xb2\x08\xce\xd1\x1f\x3b\x95\xe1\xa4\x24\xe0\x1a\xb0\x3b\x05Wy\x81\x5c:\xb9\x00\x3c\x9f\xcb\xe3\x8a\xd9S\x88\x9d\xcc\x28\x93\xfavk\xef\x8b\xe3\xcaa\x14\xa6\x97i\x16\xcc5N\x60k\xa2\xc9\xd0\xf7\x28\x2a\xee\x1d\xc9Qf\xf2T\xaeN4?\xee\xf7\xde\x95Z\x3c\x27\x7f9\x1c\xd7\x8bO\xb6\x5cP\xa9\x22\x1f\x16\x3c\x01\x3e b\xb0n\x84!\x40H\xac\xb1\x02\x2d\xbb\xcc0\xff\xb4\xac\xb8\x93\xb15\x0c\x18r\x01\xe14J\x10\x0b\xfc\xe3\xbf\x19\x7b\x5c\x23C8\x9a\xebpE\x12\xb0\x12\x3dw\x7ej\xea\x04\x00\xe9\x813\x0c\xae\xcc\xf1\x17OR\xe7\xcd!\xc5\x8f\xc9W\xef\x5faXj\xee\x08l\x3e\x07\x93\x9dj\x92z\x8e\xf3q\xcf\xa3\xe7D\xe5\x14\xc6WC\x22\x5dv \xcd\x93\xee\x24\x5eP\x19\x1b\x90vQ\xfc\x0f\x05\xa6\xd3\x0e\x25y\xae\x83S\xb2\xdb4\x16wF\x17\xbf3\xd4!z\xd5\x7c\xbf\x40\x87n\xb4O\x10\x18\xb21s\xf3\xbbe\x80\x18\xae\xd9\x5d\xff\xf8\xa57\x96Xe6\x281\x01\x5eL\x2b\xa4r\xfd\x29\x02\xe8\x13\xc7\x2b\x86\x7b\xb6\xe8\xfbv\x86\xc5\xda\x05\xc1\xa5\xa4\x60\x0e5z\xde0\xc1S\x19\xa9o\x27m\x89\xf8\xee\xe2\xe5\x8c\x2d\xc2\xf1\xcd\xa0\xd9\x01\x85\x8e\xcde\x1aHWW\x23\x00\xc2\xfb\xe0\x2a\xf3?\x8f\xdf\xb8\xbau\xf6\xf9a\xda\xa3\xf9y\xf9\xa9\x2f\xca\xe4\xf2\x2b\xcd\xc4g\xf8\x26mM\x85\x97\xcc\x8e\x2a\x02\xad\x09\x9a\xc4\xd6\xec::\xebJ\x8b\xc3\xc1\x25uI\x7d\x2c\xcd\xb5\xf2\x89\xb7\x96p\xa6\xb4\x02\xde\x91\xa7\x8e6\x92s\xa6H\x87\xcd\x0d\xf2\xa8.\x88\x09\x7e\xb2\x2f\x7c\xf79\x15Y\xd5\xe4\x40\x80\xbeo\x97\xee\x25\xdd:Dv\x14</data></match></read>
    <read><length>50</length><match><data>Welcome to the EZ Barcode Encoder\x2fDecoder Service\x0a</data></match></read>
    <read><length>21</length><match><data>\x2d\x2dSelect an option\x2d\x2d\x0a</data></match></read>
    <read><length>23</length><match><data>1. Input a new barcode\x0a</data></match></read>
    <read><length>22</length><match><data>2. View barcode ascii\x0a</data></match></read>
    <read><length>26</length><match><data>3. Generate barcode image\x0a</data></match></read>
    <read><length>24</length><match><data>4. View cached barcodes\x0a</data></match></read>
    <read><length>25</length><match><data>5. Clear cached barcodes\x0a</data></match></read>
    <read><length>8</length><match><data>6. Quit\x0a</data></match></read>
    <read><length>5</length><match><data>:\x2d\x24  </data></match></read>
    <write><data>2\x0a</data></write>
    <read><length>22</length><match><data>Select Cached Barcode\x0a</data></match></read>
    <read><length>27</length><match><data>    0. Return to main menu\x0a</data></match></read>
    <read><length>5</length><match><data>:\x2d\x24  </data></match></read>
    <write><data>0\x0a</data></write>
    <read><length>21</length><match><data>\x2d\x2dSelect an option\x2d\x2d\x0a</data></match></read>
    <read><length>23</length><match><data>1. Input a new barcode\x0a</data></match></read>
    <read><length>22</length><match><data>2. View barcode ascii\x0a</data></match></read>
    <read><length>26</length><match><data>3. Generate barcode image\x0a</data></match></read>
    <read><length>24</length><match><data>4. View cached barcodes\x0a</data></match></read>
    <read><length>25</length><match><data>5. Clear cached barcodes\x0a</data></match></read>
    <read><length>8</length><match><data>6. Quit\x0a</data></match></read>
    <read><length>5</length><match><data>:\x2d\x24  </data></match></read>
    <write><data>6\x0a</data></write>
    <read><length>56</length><match><data>Thanks for using the EZ Barcode Encoder\x2fDecoder Service\x0a</data></match></read>
</replay>
</pov>