<?xml version="1.0" standalone="no" ?>
<!DOCTYPE pov SYSTEM "/usr/share/cgc-docs/replay.dtd">
<pov>
<cbid>service</cbid>
<seed>9d58777cedbff6c78b2c6812893e746e0bed0422941cfb3fc275894d5a792a425c9786a2ad75e4c54d0c4f5b3986dd78</seed>
<replay>
    <delay>50</delay>
    <write><data>\xef\xf84I</data></write>
    <read><length>4096</length><match><data>\xef\xf84I\x82\x27\x7c\xaa\xd4\xb4DE\xda \x919\xea\xbb\x25\x19\x1ckh\xdc\xe3\xa45jF\xfd\x2f\xa3\xd0V\xa1\xa7\xf3 \xcdP\x2c\x5b\xc5A\x3c8\x7b\x87.\xb7\xe0\xc8d\xf5\xc2\x19\xe3\x98\xcb\x852\x1bQA\x04\x94\xc8\x9ep\x5b\x2c\xcd\x22\x19b?\x1a\x5eVh\x40\x0f\xbb\x0b8\xe4\x7e\x8b\xe9\xbd\xde\x14\xd9\x5f\x2b\xe4\xa5\x8ca\x27\xc0\x8e5\x1fj\xea\xc4\xc23\xfc\xd8\x90\xddP\xa3\x5f6\x05\x9a\xf5\xe2\xd5\x9f\xa3\xc4\x08\xb3\xee\x94\xdc\xcf0\x0c\xa8\xb7i\x5b\xa0\x26\x3e\xf59\x5f\x5e\xdc\x03\x2a\x2b\x82i\x24\x10i\x0d\x11\xaf\xfa\xc0\xf0\x01\x05\xebN\xe4\x2a\x7fDJ\x914v\x9e2\xae\x7f\xd6J\x17\x2b\x0f\xa2h\xc7e\x7dq\xdc\xf6\x85\xd0i\xfc\xdaC!\x5fy\xbb\xcb\x1aT\x98\x13\xc5\xa5n\xd3\xaa\x7ef\xd2\x3d\xb8Dn\xb6\xfc\xc9D\xb4\x0eu\x88\xc9X\x7b\xed\xa1\xe7\x89\x992\xb5\x7b6\xf2\x5f\x96.\xfb\xceB\xdc\x07\x22V\x0d\xd0\x0e9k\x82\x86\xcdv\x02\x24\xa0\x8dO.\x2a\xbf\xbf\xf3\xa1i\x9b\x88\xd2Nk\x03\x127\xdf\xe9\x19\xc2\x80ZR\x94\x09\x2cl8\xa2\xb9\x2ck\xd1\x12y\x25\xb6\xe0\xe50\x97\xb5\xd0\x0d\xa1\xf1\xad\xecl\x2b\x2fa\xbbn\xaaz:8\x5cI\xf2Fb\x8e\x91\xa9\x5c\xa0\x956\x86\xff\xf5\x9cI\x1e\xbf\xcc\xec\xf7\x8e\xe8\xa3R\x01I\x87Z\xa5\xa9\xc5\x5b\x041\xe5\xca\x7e\x9d\xa2\x1eh\x9d\x97\xf1\xb8\xd9\xce\xca\xceW\x85\x03\xd4\x83\x7f\x27\xc7\xb2\xac1q5\xbf\x9bj\xad\xee\xd7\xc5\xa9\x3b\xba\x40\xf4\x99\x05\x23\x1d\xd6\xa0T\xcc\x83\xc4\xba\xe2\x7c\x87\x1d\x02\x1a\xd1\xf3\x12\xec\x03\xd5\x2f\xca\xaa\xf9\x27\xd4\xce\xc6\x7d\xb2\x15\x5f\xbf!\xac\x04u\x7c\x1f\xb0\x06\xf6\xd6\xc7P\x9fx\xb6Uh\x25!\xf53\x02v\x80\xdb\x3bG\x0e\xf7\xf1\xa4\xa9\x3b\xdbM\x98Xw.!\x7b\xce\x00D!35\xbf\xed\xd7\x9b\xaan\xa6\xeb\x2f\xc2\x19\x401\x03\x8c\xfb\x8e\x0fF\x1b\xfe\x29\x91\xc4\x0c\x95\xe3W\xa6\xac\x7e\x99\x9f\xeb\xee\xa3\x13\xad\x26\x9f\x0dI\xb0\x805\x23\x88\x96\xd3O\x2d\x99\xaf\xf5.Q\x7f\xe9\xe9g\xb2\x00\x23\xc7\x3d\x28\x8c\xd6\x80v\x02\xad\x90\x5c\xb9\xf8\xc2\x2a\xad:\xac\xa6\xf7\xc8\x03\x8b:\x2a\x1aDY\x81\x8b\x9a\x1d\xf4\x06n\x84\xc5\xe2\x95\xb1\xf7\x87\xf5\x0edV\xca\xd0Z\x27\xc9d\x13t\xec\xc2\x0ag\xae\x2c\xc0\x3e\x8c\x09\x26\x17q\xfb\x81\xf6\x17\xba\x8a\xdbjG\xb1\x5ckv\xb4b\x8a\x02\x0e\xc2\xaf\x15mX\x5bI\xef2h\x60q\x9a\x3d\x7e\x95\xf4x\xe7\xdb\x2d\x05\xf7W\xc2\x25\xee\x7feC\x0c\xb9AA\x807K\xd9\x25\xdb\xa8\xfd\xf2\xc9\xcf\x00\xa7e\x17rL\xbd\xd4\xcd\xff\xbb\x03b\xfa7s\xaaG\x95\x00\x80\x25\xf4qj\xba\x60\x87\x8d\xe0E\xde\xe5\x13T\xf0\xb3\xb8?\xf6\x1fD\xa8v\xf0M\xd1\xa2\x3b\xec\xbf\x1c\x2d\xdd\xdc\x14Z3\x5e\x15\x10\xd3\xf8\x5c\x8d\xd2\xb2\xe8\xfers\x0f\xf2\x19\x0e\xcf\xdf\x5d\x3d\x40W\x7e\xdfQ\xd7\x1aF\x05\x8ag\xcd\xb9\x19\xe4\x14\xceL\x04\xae\x8a\xef\x8f\x02\x16\xe9s\x9e\xc6H\xd8 H\x94\xa8\x97\x96\x94\xdb\x13\x7f\x8b\x00\xc8tr\xa3V7K\x14\xc0\x81il\xda\x29\xe4\xba\x60\x87\xd9\xcb\xf4\x7d\xa4\xb8\xcd\x0d\xa8Q\xd2\x88\xdb3\x19C\x03\xfe\x9e\x2d\xdcV\xcf\x07\x3c\xf6\xcaq1\xb8\x2a\xa9\xa7\xe6\xf1\x18\xa1G\x40\x3b\x11x\x2a \x922\x94\xcd\x3bw\xe3\xa3\xc2\xb3 \xc5\xa1\x7d\xb6\x0ffW\x93\x27f\xbf\x0aZi\x83\x25d\xfa\xf1\xb7\xf6\xc7\xc9\x9eL\xe6\xe3o\xd4\xcf\xe8\xc76\x84\xe1\x16\x2f\x17D:\x22G\xd1\xcc\xec\x3c\x25\x86\x28\x1d\x95\x3d\x1e\x24\x871\xb2\x0a!\x10\x01\x2f\xb0u.\x16\x14?\xaa\x26\xe7Tf\xb7\xf8T\xf8h\xfeQ\x83\xef\xd9\xabI\xa2\x9f\x81\x2a4\xd5\xb2\xfd\x1f\x89\xbd\x11\xd5\x23\xf2\xeb\x7b\x035\x5bBl\xba\x2f\x98\xddM\xf8ua\xce\xf3\x19\x2fu\xc4\xacK\xb9h\xd5R\x19\xfd\xcb\x0a7\x1b\x7f:\x2c\xa5\x1f\xdcQ\x2b\x3c0\x1a\xf5B\xa59\xfeA\xdf\x9fV\x84\x14\xe8\x82V\xc4\xcc\xf6F\x12\x8ddQsA\xcfCF\x9dd\xd2\x22\xef\x0eE\x90\xa2\x5c\x28\x02\x01\xacq\xf6\xf0\x0a\xe4I\x9a\xbd\xf4\xc3\x8b\x05\xae\x3eZ\x23\x1a\x0b\x5di1?\xea\xfa\x1a\xe9h\x1a\xac\xbe\xad\x1f\xf1\xc1\xcd\x9e\x91\x0eWW\x04\x8bG\xd5\xe4k\x19\x8b\x02E\x8cM2\x29\x8b\x0e:\xb4\xc9\x07I3F\xab\x2bw\xa7\x8d\x29\x19\x60\xe0\x28\xf3n\x09\xfe\x136\xe7\xaa\xe1\x83v\x1f\xe0\xff\xae\xde\x9e\xe5\x0c\xb3\x8d!\xe4\xa7\xa7q4\xf3\x1c\x7c\xab1\xdf\x86\x08\x9b\x0d\x7b\x1d\xb1\x5f\x06\x94\x14x\x11s\xb2\x0d\xbe\x2b\xb5\x9d\xc1\xcf\xd2e\x7d:\xf7\x17\x91\xa0Z\xba\x82\x884\x1b\x1f\x90\x60\xf5\xf7\x25\x00\x8a\xc1\xd1\xaf.k x\xc4j\x8e\x7e\xf5G\x7d\xc8\xc4c\x81\xe5\x9d\x05\x82\xf2\x2c\x02\x5b\x0b\x85\xbe\xec1\x8a\xb4\x83\x8d\xfa\xab\x84\x16S\x3e\xd1\xcd\xb9\x8d\xd2\x1b\xd5\xefQ\x80\xd1W\x92\xc6\xd2\x89n\xc3\x81\xf9\x3eB\x98V\xcau\xd8\xca\xad\xd9\xe2\x80Y\x5c\x01\x16\xdc6\xe3\x19\x9a\x10\x8c\x7d\x0c5q\x27\xe1\xd4\x7d\x1f\x09\xcb\x0e\x9a\xee\x8c\x85\xf2\x0f\xcc\x94\x26\x24\xe9M\xe0\xd2\x97\x5d\x5c\xd0w\xdf\xa1\x7c\x89\xb0\x25o\x01\x83\xdb\x27\x98E\x2fR\x5er\xb8m\x80\x0cJU\x91\xcb\xf6\xf5\x90\x16\xa2\x5b\x5d\xc6\xeb2\x13\xd0\x7f\xfb\xe7\xbeY\x7c\xbd\x9d\x5e\xc1\xa3\x01\x9as\xf0\x0f\x01\x1c\xc0\x83\xa7H\xa5\x8fd\xa6\xbe\xa6\x40\xa7\x87\x2aa\x0e\xd0e\x5bz\x936\x27\x19 \x8b\xa0o\x5c\x5cb\x08\x7b\xee\xb7\x0d\xbb\x01\x06\x93\xd4\x03\xf9\x2ce\xe7\xc0\xd4rX\xfcF\xa2K\x11\x08x\xbf\xc9\x13v\xf9\xf0\x24\xc8\x90\xcf\x7d\xc0\x8f\x29!\xa4\xc8\x5b\x2f\x07vV\xa95\x23E\xee\xc4\xc7\xe1\xfb\xab\x5cg\x1a3\xa2\xa9\x7d\x2f\x7b\xf9\xcc\xd3\xb0\x14\xef\x5b\x8c\xa3\x01\x81\x7b\xa8\x80M\x8a\x10\xac\xf9\x09\x8b8\xf5\xc3N\x2f\xb8\xc4ow\xfc6H\x99\xafd?\xb0\xf6\x5fvy\xfe\x1f\xf2\xe9\x08\xbc\xf9\x2fV!\xa1\x16ECM\x13\xabD\xc4\xe3\xc29\x8ep\xc9\xac\x8590M\x2b\x89\x88r\xf0v\x97\xd0\xa6r\xc6\x27\x2f\x27\x06\x05N.\xd7?\xe3\x93\xdf\xbdR\x80\xab\x99\xac\x2a\x05\x80\xac\x82\x7dI\x40\xce\x92\xa1\x90z\x81\x83tI\x8f\x22v\xb6\x88c6\xcb\x04\xfc\x8fT\x88Y\xd0\x25a\xd9\x22Nc\xf2\xd7\xc1\xb8\x8d\xabW\x94\x9bG\x8fA\xfe4\x5c.\xa8\xef8\x99\xf7\x24sh\xad\xb6v\xe0\xf4\xe4\xbc\xa2\xe3\x60\x0b\x7b\xf2\x98\xa6\xf5\xcd\x8b\xd0\xe4\xf3\xe8cs\x00\xf1\xc82\xdfV\x87\x8c\xf4C\x9b\x00\x13\xa0\xc1\xa8\xcbJ\xb5\x9bg\x9e\x3e\x3c\xb0R\xe0H\xa1\xb1\xd5\xf4L\x5d0\x7f\x14\xadJ\x8d\xcb\x064\x2f\x3dB\x10\x22\xec7\x1e\x5e\x91\x02r.\x2d\xaa\x5e\xf3\xc2r\x86\xd2\x83\xf2o4\xf2\x60\x08\xf9\x1b\xd0\xba0\xbdy\xab0\x9a\xc18nd\xdb\xc7\x5bn mS\xf9\xa7\xfe\xbc\x96\x12\x7f\xcc\xbf\x7b\xbc\x26\x7c\x1b\x7c3d\x80\x91\x7e\x8bGE\x0aZhv\xe6\xabyRn\x13\x03\xbf\x80\xe2\x17\x5b\xaf\xdaD\x1a\xf6\xc4\x98m\xcb\xecg\xeb7\xd1\xa3S\x2fg\xbd\x0b\x0f\x7c\x1a\x40\xf4C\x3cN\x1f\xa4:\x9e\xc3\xb8n\x02\xb0\x06\x23\xf7\xcc\xfd\x91\xde9\xac3\xf6\xdc\xfaY\xac\xff\xcc\xa87\xd4\xac\xda\xef\x001Ph\xd8\xbf\xd4\x17\x82C\x60\x7c\xf9\x5c\xb9k3\xa6\x1cn\xca?\x8fTF\xd0\x1e\xfd\xde\xec\xbd\x08\x0f\x0c\xc8\x7f\x9ec\x9f\xf9\x60F\x02\x85?1\x92vPe.\xaa\x7e\x3bJ\x1d\xa7\xb7\x3b\xd8\x0aV\xdd\xce\x3eH\xa2\x7e\x1b\xa9\x85\xb3\xb2n\xf2u\x14\xd6\x05\x15\x9bo\xd5\x8f\x2d\x95pS\xf9\x7e\xe0\xc7\x8d\x84\xfc\xce\x18\xe9\x8e\x24\x0dX\x06\xcc\xb5\x86NJb\x96\xd0\xc0\x91\xe332ie\x97q\x95\xb3cq\xa0\xeaJ\xc48i\x1f\x7d!\x7c\xb6S\xc3\xf9\xa7i\xcd\xd5W2\x1d\xf8\x91\xa2\x1f\xee\x1bN\x7f\xb2\xe1Mm\xe4\x95\xd6\xfc\x8b\x81\x1a\xb5\x23M\xdcs\x0dD\x9a0\xb7Y\x1c\x5c\x17\xa5\x00\xc9\xe8l\x10y\xa2\xbb\xc7\x25e\xe3\xc7\x7e\x60C\x89\xb2\xad\xcf.x\x25T\x3c\x13Ak\x8c\xf5\x9a\xb1\xfb\x9a\x5e\xe6\xc6\xcc\x24\xe3d\x26\x5c\x3e\xeb\x0b\xb9nF\x02Z\x1bl\x0e\xc9\x26K\xcb!\xab\x7eC\x17\xca?\x40\x19\xe1\x82\x27P\xb4\x2d0\x03\xa9\xe9\xeav\xd0\xb4\xcd\xfb\x18\xfa\x8e\x82\xac\x93\xf1\xa3S4\xd2\x8b\x06Ol \xf6\x92n\xd1\x007\xf1\x1b\x88J!\x0eY\xc6!\x2a\xa9\x09\xd3\xda\xc4\xe8p\xe11\x1c\x5d\xce\xf1\x7c\xb8\xa5\x7c\xcb\x2d\x09\xcc\x5e\x94G\x9d\x16wad\x2f\xc4\xb6\xbc\x91\x0f\xeb4\x0f5\xb2\x87h\xa8cv\x82\xe8\xa4\xf3\xbf47Q\x28\x8a\xb1\xab\xc8\x8b\x29\x95\xfe\x03\xef\x7by\x0c\xa6\xd0\x7f\xc4\x9ez\x90R9r\xeeA\x18\xab\x7b\xba\x3beu\x17\xf6\x7bm\x5f\xb62F\xba\xdf\xf5\x5d\x10\x19\x85a\x24\x5c\xce\xafY\x13o\x5c\xed\x89n\xd7\x2a\xe6\xda\x60N.\xb2\x90\x5cn\x93\xc6\x1c\x60t\x0e\x5c?\xe7\xfa\xb7x\xc2\x8a\xd0M\x80\xed\x88\xa2\xb0\x7e\x3b\x13K\xf1\x15\xf4\xc7\x93\xa2\x7b\xca\xa4\x2c\xb8\x29\xda\x26\x1c\xb8\xb1\x8f\x17E\x89\xd1V\xc8\x96\xf8\x01\xe1\x12p\xc49\x3b\x40\x2b\x3dg\x2a\xf3\xf2o\xd82\x91\xf7\xb3xh\x0d\xbag\x17\x0f\xd3\x8a\xbfAM?\x7e:\x12\x89\x08\xe6P\x9f\x06\xc2\x02\x3e\x16\x09\x3c\x3dXH\xb0\x01\x7cE\x99\x7b\xd7\x02A\xe5\xaf\xb8\xe1\x5f\xc0\xbaMd\x8f\xf5\x25\x7c\x0b\xd6u\x2a\xd2\x9c\xf3\x92U\xe3\xceG\xa4\x3b\x9cREn\xb7\x2c\x0c\x9c\xb6\x15\x05\x1a\xff\xe1\xde?\xd2\xbb\x84\xd97\xa4\xe3\xd4\xb3\xd3\x00\xec\x94\xe0\xa3S\x97t\xb8\xf3vN\xdc\x86a.\x14b\xb1n\xeej\x3dZ\xfb\xf8\x83\x1d\x11R\xddj\xa6\x92\xd8\xf6u\xe3r\x17\x94\x27\x28\xe5Yu\xc7\x92\xb2\x1c\x1aP\xa5\xea\x988\x2c\x1fmc\xc2\x06l\xc5\xb6y\x86l\xd0\xb1g\x0f\xad\x81\xf9\x1fh\xb7N\x08Z\x2f\xd9\xfa\x92\xc1\x244\x2c\xc8q\x5c\x08\xf2R4.\xfd\xc9\xf8\x0csb\x10\x26\xc2\x84\x05\x9ba\x88\x1e\xc5\x99\x17\x8e\xad\xb5\xb7n\xb0\x0e\xdc\x5d\x60\x0f\xb4\x05\xb6\x88\x04\xb0 \xfcz\x87\x14\x1c\x0ct\xff\x1a6\xfe\x29E16\xc1\x25\xe8w\x5f\x40J\x93\x23\xc4Cy\xf9M\xf5\xebJ\x1e1?\x97\x17\xbb\x7e\xaaX\x0ai\xf0\xd1\x08\xeb\x96\xab\x9c\x0e\xf0\xc8\xc4\x803\x2fFJ\x14a\xb0\xfeg\xd1M\x7b\xa9\x91\xaf\x9f\xcbI\xf0\x1c\xad\x9f\x80\x3e\x06\xdbt\xc8\xa2\xe9\xe6\xfa\x5d3\x88\xad\xb5\xf6\x08r\xb8\xe7\x90\x403V\xfc\x5e?\x8fKt\xc9\x40\x06\x03\xb17\xf96\x7e\x0a\xb8\xee\xddr\xebN\x16\xbf\xd8d\x29N\xdd2I\x888\xd9Y\xddd\xa5\x0b\xaf\xabf\x8d!AXK\x90I\xea\xa59\xc9s\xbc\xf0\xf2Zn\x85\x5f\x15\x91\xd7\xcbc\x1e\x2f\x23\xcf\x04\x82\x7b\xac\x18\xb1\x8e\x7f\xc1s\x3d\x9f\xcf\x02I\x9cdl\x9aCb\xd44\x15mHk\xbd\xe0d\x9ay\x1aU9\xbdj\x1aHz\xacgo\xe8\x9a5\xdc\x5e\xd1\x96\x8b\x5d\x86P\xe3\x03j\x28\x0bw\xc03KI!\xd8\x19\xc8\xa0\x9d\x3br\x88\xd0\xb3\xc2\xda\xf9\xce\x03i\x09\xbb\x7c\x02\x8a\x3eV\x08\x91\x7e\x83\xe5\xba\xcd\xa9t\x8f\xe4\x2bQ\x3dB\x0f\xad\x11\xcd\x90q\x0cj\x17\x2fMB\x29\x96\x8bk\x9b\xe9Y\xd0\x2c\xa5P\xc4\xb3\x60J\xf9\x0e\xeb\x8b\xa8z\xf2\x825\xf9\xc4\x92\x7f\x985I\x9ef\xa9?\x81\x22\x0b\xd2\xb0pA\x81\x7bdk\xe8\xc2\x85P\xd5X\xd5BP\x28\xc9\xbf\xb6\xa9\x95Qi\x8a\x82\xaf9\x1a\xca\xc2\xa3\xdbl\xdb\xb1\xacs\x29\x5b\xb4\x8ag\xc2\x27\xceZ\xb1\xf7\x0a\xf49\xc0\xf2\xb1\x0e\x09\xa7\x05q\xb5\x16\xa0\x96\xc9P\xcbd\x2b\x0dY\xfe\xccL\x9fn\xd4\x1c\xc2\x60u\xe77\xd8\x8e\xdf\xea\x9a\x8f\x13\xa7\x29W\xc8\xba7\xba\xf1\xdb\xab\x03Ph\x7b\x9f\xd3\xf8\xf3\x98\x40\xe0\xa0\x85\xa6\xee\x9e\xca\xfdePF\x99\xaa\x00sy\xfb\x11v\xd2\x0dG\x02\x04\x95\xe5\xa7\xe4OB\x82\xba\x5d\xb2.\xc2\x81\x9f\x13\x7cvf\xd2\x98R\xd5H\x5b\x289\x85\x899\xb76\x0f\xe9\x5d\xffz\x13\x1b\xa5\x7b\x9d\x96\xf7?D\xec\xaf\x91U\xa1b\xfa\x93\x88\xca7I\xc3\xe5\xc4\x26\x1d\x0e\x83\x7c\xd3\xb3\xbb\xf0M\x83\xe2\xee\x84\xa9\xf4\xc2\xb0z\xa8ly\xfdghX\xce\xb2I\x96\x2fS3\xcd\x8a\xf9\x8a\x7e\x8enU\x04\xec\x16\x02\x5c\xb1\xae\x23\xbd\xa1\x96\x1f\xe8\x0e\xebM\x27t3\x80M\xf8I\xf7\xffr\xbf\x07\x840\x1dhX\xf1B\x9c\xc5\x95\x2c\x60\xbf\x26\x82l\xe3\xd99\xb47\x1d1g \x05\x0e\x1c\x86\x11\xc9\xb1\x2d\xbf\xe2qm\x11\x40\x88\x26\x5d\xb8kq\x87b\x101?h\xc8S\xd1\x85\xedr\xb4\xd2\xbc\x0d\x90\x9d\x3c\xc1k7\xf0\x7cz\xa4mE\xb4\x9b\x196\xb0\xa0pO\xd2p\x5c\xcb\x25\x60\xe1\x1f\x95\x92\x10\xa0\x9e\x22\xf6\xf5\x9b\x5e\x86\xa5\xcf.\xea\x2d\xb2\xbf\x93\xe6\x9c\xa6\x25\x91\x84\xf5\x1f\x16\xae\xad\x8b\x0b\xdf\x1a\xa1\xec\xdc\xc4\x9f\x28\xd4\xcc1\x8e\xc8\x98\x09\xd6L9\xd7\xe3\xaa\xc3b\x23\x0e\xcbVOo\x02\x14\x7f\xa8\xa71\xc1r\xdc\x8f\x60\x9d\x86\xbc\x8e\x5f\x86\xba\x98\x2bEs\xb1\xa6\xa8\xbb\xc72Z\x1a\x22\xe1\xa8:\xf0\xe8\xed\x8e\xd5\x01\x2dkq\x8d\xd5\xc1\xfa\xed2\xfa\x5c\x5e\xad9Q\xa0\x17\x1c\x8b\xd4\x9dY\xfee\xe1\x91q\x22\xcb\xcb\xa6y\xcb\xbe\xe1\x06\xd3q\x5dM\xe8n\x3e\xf4J\xf6\xd0J\xf3\x22.\xda\xc5\xdd\x1dE\x25\x22\xad\x17Rp\xd9\xde\x3bB\xa1H\x86\xdb\xba\xd5\x9f\xdbe\x03\xbca\xa0\x8cQ\xf9\xaa\x13\x12\x0c\x0d\xda\x09p\x00\x23\x2b\xa2W\x60\xb5\xb90\xae\xd9u\xa27\x11\x96\x7d\x8fo\xecP\x9d\xa6\x98\x0e\x0a\x2f\x27\xaf\xee\x06\xdb\x14\xcb\xb4\x8d9\x0c\x15\x5c\x7fk6\x86\xaa\xd1l\x25\xf9t\x0a\xca\xa9\xf2X\xd7\xaap\xa1\xab\x3cL\xce\xecu2\x07\x02\xbf\xa1\xb5s\xf9\x5fx\xe4\x13\x98\xb9W\xaeX\xd8\x3b\xaa\xf6A\x09\xa1\x3b\xadb\xa7I\xd0\xc9\xa4\x5d4\xfd\xb4\xe0fj\xf5\x22P\xb9p\xd4J\xa8\x9dA\x7e\x8a\xf7P\x93\x23\x8f\xcb\xe70\x0b\xf8\xcd\x2cnF\x0d\xba\xfe\xfd4C\x91\x23\xc5\xe4Sc\xc5\xcc\xe5\xe9\xdd\x5c\xca\xef\xa3\x0c\x2c\x80\x7e\x5e\x1e\xa7\x98g:\xfc\x075\xcc\xf1\x808\x08\xc6\x9a\x14\xc7\xfc\x85\x90\xb2\xfejg7\x17\xfb\x9b\x8a\xc2\x9a\x02w\xe4\x7cVK\x8f\x90I1\x05\x05\xe6\xb4\x8ev\x18\x82\x04\xda\xe2\xb5\x5d\x02\x17\xf4\xc5\xf6\x26\xa4V\xde\xee\x09O\x3e\x8a\xa6\xebz\x01\x5d\xeabHzQ\xad\x7d\x12l\x5c\xbd\x81\x07\xc7V\x5ci\x0a\xdf\x9d!\xee\xba\xf9\x9e\x84\xb8\xf6J\x2f\xe7\x9b2\x27\xab\x9fM\x5f\xe5lg\x05\xa9\x98\x87\x13\x9bS\x25e\xbd\xdb\xda\x3e\x3b\x03\xbfi\x24\xc9\xee\x9d\xb1\xa2\x0d\xabf\xbf\xe1iW\x82\xe3\xe5K\xaa\xfe\x2f\xdf\xde\xcaN\xf77\xef\x3c\x7bG \x0e\xd7A\x95\x2f\x3b\x13\xd6\x7b\xc7\xc9?\xd2\xe6\x23\x2do\xe6\x00\x2f\x23\x04\x1d\x052\x0c\x14\x83\xda\x14\xef\x2cM\xc4\xdf\x95BK\xf5\xfa7\xef\xa4\x24\x260\xea\x26C\xfd\xe61\x22\xc6\x04\xf3\x93\xaf\x8aj\x7d\xe1\x07\x09\x22\x26\xb9t\x0d\xde\xe3\xac\x9c\x89\x3c\x8f\xd4pY\xa0\xa3\x2c\x8d\x3d\xa2\x8c\x90\x2b\xf7\xec\xa7f\xe5C\xfbd\xf4\x13\xc6\x10\xb1\xd0\x92\xfb\x89V\xa06\x9d\xdb\x94\xd2\x13\xafW\xbb\x12a\xd4Yp\xe2\xefD\xf1\x98\xa9\xe6\xeeo\xe4\xda\xcd\x85\xfaf\xe07\x2c7\xd2\xb08\x5e\x1e\xbe\x1ad\x07\xe1p\x12r\x95\x1d\x0f\xa4\x27\x96\xbb2\xa7\x04\xc2Y\xd0\x91\x99\x5bf\x18Z\xe8\xeb\xe3\xf9\xf9\xce\x03bJ\xc9\x17\xbc\xb4\xa8\x9d\xd5K\x3eX\x15\x236\xb9ZP\xe1\x9c\xba\xb8c\x81H\xb1\x93\x3c\xe9\x92\x2bg\xef\x09\x17\xd0\x19\x28\xdd\x96U\x3c!\x2f3\x92hf\x88\x84.\xc8\xa7\xed\x3d\x13\x0bw\x18\xea\x90\x2cE\x07\x12\x9b\x3dI6.\xb31\xd3\x9f\x5f\x7fvI\xf0\x2a\x8f\xa2\xaf\xafoa\xaf\xa0\xa5K\xd9c\xd3\x08nZ\x7cq\xe3\xf3\xf6\xaa\x08f\xa1M\x87\xab\xb0\x8f\x01H\xba\x2c\xc4\x1fWb\x9a\xe1\x2a\xc8ZoY\x607N\x83\xa9N\x11Ca\x1aN\xc4\x5c\xd9\xfd\x8cZ\xf6\x8ds\xd1\x80\x2d\xe6r6\x96\x25\x0b\x9d\x834\x0e\x8e\xe3\xb1\x5e\x12\x93\xd2\x3d\x0400g\x5d</data></match></read>
    <read><length>50</length><match><data>Welcome to the EZ Barcode Encoder\x2fDecoder Service\x0a</data></match></read>
    <read><length>21</length><match><data>\x2d\x2dSelect an option\x2d\x2d\x0a</data></match></read>
    <read><length>23</length><match><data>1. Input a new barcode\x0a</data></match></read>
    <read><length>22</length><match><data>2. View barcode ascii\x0a</data></match></read>
    <read><length>26</length><match><data>3. Generate barcode image\x0a</data></match></read>
    <read><length>24</length><match><data>4. View cached barcodes\x0a</data></match></read>
    <read><length>25</length><match><data>5. Clear cached barcodes\x0a</data></match></read>
    <read><length>8</length><match><data>6. Quit\x0a</data></match></read>
    <read><length>5</length><match><data>:\x2d\x24  </data></match></read>
    <write><data>1\x0a</data></write>
    <read><length>18</length><match><data>Input barcode as:\x0a</data></match></read>
    <read><length>24</length><match><data>    1. String to encode\x0a</data></match></read>
    <read><length>46</length><match><data>    2. Barcode encoded in ascii \x28\x22\x7c\x22 and \x22 \x22\x29\x0a</data></match></read>
    <read><length>22</length><match><data>    3. Barcode bitmap\x0a</data></match></read>
    <read><length>27</length><match><data>    0. Return to main menu\x0a</data></match></read>
    <read><length>5</length><match><data>:\x2d\x24  </data></match></read>
    <write><data>2\x0a</data></write>
    <write><data>\x7c\x7c \x7c  \x7c    \x7c\x7c  \x7c\x7c\x7c  \x7c \x7c    \x7c\x7c \x7c  \x7c  \x7c\x7c \x7c    \x7c  \x7c\x7c\x7c\x7c \x7c  \x7c \x7c  \x7c\x7c\x7c\x7c  \x7c  \x7c    \x7c\x7c \x7c \x7c\x7c    \x7c  \x7c\x7c \x7c\x7c\x7c  \x7c  \x7c  \x7c \x7c\x7c    \x7c  \x7c  \x7c\x7c\x7c\x7c \x7c  \x7c\x7c \x7c    \x7c\x7c   \x7c\x7c\x7c \x7c \x7c\x7c\x0a</data></write>
    <read><length>36</length><match><data>Successfully added barcode to cache\x0a</data></match></read>
    <read><length>25</length><match><data>Barcode text: 2igtpbf5ar\x0a</data></match></read>
    <read><length>21</length><match><data>\x2d\x2dSelect an option\x2d\x2d\x0a</data></match></read>
    <read><length>23</length><match><data>1. Input a new barcode\x0a</data></match></read>
    <read><length>22</length><match><data>2. View barcode ascii\x0a</data></match></read>
    <read><length>26</length><match><data>3. Generate barcode image\x0a</data></match></read>
    <read><length>24</length><match><data>4. View cached barcodes\x0a</data></match></read>
    <read><length>25</length><match><data>5. Clear cached barcodes\x0a</data></match></read>
    <read><length>8</length><match><data>6. Quit\x0a</data></match></read>
    <read><length>5</length><match><data>:\x2d\x24  </data></match></read>
    <write><data>2\x0a</data></write>
    <read><length>22</length><match><data>Select Cached Barcode\x0a</data></match></read>
    <read><length>24</length><match><data>    1. Text: 2igtpbf5ar\x0a</data></match></read>
    <read><length>27</length><match><data>    0. Return to main menu\x0a</data></match></read>
    <read><length>5</length><match><data>:\x2d\x24  </data></match></read>
    <write><data>1\x0a</data></write>
    <read><length>23</length><match><data>Raw String: 2igtpbf5ar\x0a</data></match></read>
    <read><length>146</length><match><data>\x7c\x7c \x7c  \x7c    \x7c\x7c  \x7c\x7c\x7c  \x7c \x7c    \x7c\x7c \x7c  \x7c  \x7c\x7c \x7c    \x7c  \x7c\x7c\x7c\x7c \x7c  \x7c \x7c  \x7c\x7c\x7c\x7c  \x7c  \x7c    \x7c\x7c \x7c \x7c\x7c    \x7c  \x7c\x7c \x7c\x7c\x7c  \x7c  \x7c  \x7c \x7c\x7c    \x7c  \x7c  \x7c\x7c\x7c\x7c \x7c  \x7c\x7c \x7c    \x7c\x7c   \x7c\x7c\x7c \x7c \x7c\x7c\x0a</data></match></read>
    <read><length>21</length><match><data>\x2d\x2dSelect an option\x2d\x2d\x0a</data></match></read>
    <read><length>23</length><match><data>1. Input a new barcode\x0a</data></match></read>
    <read><length>22</length><match><data>2. View barcode ascii\x0a</data></match></read>
    <read><length>26</length><match><data>3. Generate barcode image\x0a</data></match></read>
    <read><length>24</length><match><data>4. View cached barcodes\x0a</data></match></read>
    <read><length>25</length><match><data>5. Clear cached barcodes\x0a</data></match></read>
    <read><length>8</length><match><data>6. Quit\x0a</data></match></read>
    <read><length>5</length><match><data>:\x2d\x24  </data></match></read>
    <write><data>6\x0a</data></write>
    <read><length>56</length><match><data>Thanks for using the EZ Barcode Encoder\x2fDecoder Service\x0a</data></match></read>
</replay>
</pov>