<?xml version="1.0" standalone="no" ?>
<!DOCTYPE pov SYSTEM "/usr/share/cgc-docs/replay.dtd">
<pov>
<cbid>service</cbid>
<seed>886f0880ee0bb7baa0157592a521298906d81590abc04de4e3871fdb0927c3bb83db50cbc9acce3cf92ab91de4e4efa2</seed>
<replay>
    <delay>50</delay>
    <write><data>\x08\x8a\xc5?</data></write>
    <read><length>4096</length><match><data>\x08\x8a\xc5?\xd5\x5c\xab5\xc9Yq\x19\x01\x05\x3e\x28\xf8\x16\xed\x27U\x5b\x17\xa3!\xe7\x26?\xb1\xb6E\xf7\x00p\x22\xa2D\xf8\xb8N\xae\x3e\xce\xc0\x02\x7b1\xfb\x3e\x5bM\x95:\x04\xaeM\x0eJT\xea\xecK2\xf2\x03\x9c\xc6\xeb\xbdo\xa7\x9b\xfa\x26\x25\xbeT\xb3\xee\xe4\xe2\x8bU\x03\x99\x11B\xe0\x99\x28\xa2\xc6\x7d\x3e\x5b\xc1\xb5\x03\xd0\x5fi\x7b\x0a\xb2\xd2\x82\xa7\x90\x02\x7d\xd59a\x3d\xae\xda\x9ft\xe8\x3c\xfa?\xce\x01\xf5\xa5f\x1b\xbf\x2cQ\xf8\x3b\x12a\xd6\xee\x16\x88F\xce\x98\xb3\xc2\xaf\x9au\x92\xeb\x93\x2d\xde\xf5\x87\x1e\x2b\x3bv\x5c\x5dae\x3b \x98\xad\xe5\xa5\x89\xe4\xd9a\x0b\x1d\xe7W\x84\x18\x16aq\x13F\xaf\xe6\xfdp\xf6\x1bGT\x10\xdd\x2f3V\xdcM\xa9\xf7\x90\xdb.\xf9\x8b\x7e\x1a4\xd4\x13R\x9cd\x95\x3d\xa6\xa1\x97\xa6\xa7\x7dI\xb3\xba\xd2\xa75B\x29M\xa2\xe6\x1e\xe2\x1f\x16\x2b\x5b\xb0\xa52\x00\xf0\xbej\x2f\x2d\x3c\x1aV\x5d\xccq\xe3au\xa6\x1c\x2f\xd4\x1d\x00\xed\x1eO\xd6\x25\xf74\xb0\xd7\xef\xf6\xd2\xc0\x1a\xc0\x8c\x96W\xd6Q\xd0X:\x84\x1c\x02\xdf\xces\xea\xd1\x24\xb6\x09\xc1O\x28\x25\x40\xfdeY\x87UL\x08Pg\x0c\x1c\xd1\xfa\x05\x0b\xbf\x3b\xc5\x1d4\x9c\xc2\xa6\x14\xb3LH\x2d\x3e?\xd8\x04\x14\x3d\x2dg\xdd\xd1\x3dGL\x23F\xc2\xc9\x3e\xaait\x90\x25\xec\xc4n\x22x\x0ae\x82QI\x05\xed\xd5\xbf9\xcdO\x5d\xbf\x5cBR6\x14LC\xc4\xa6\xcf\xb3\x16\xebx\xed\xb7\x5e\x9a\x8d\xf4\x03\xef\xb5?\x29\x7f\xd1\x10s\x80Amy\x3dO\x9c\xf8M\x2a\x8cg\xf0\xb3\xbe\x2ag6\xb5\x2b:\x03\x0b\x87v\xc1\xe6\x91 \x98\x03\xd3\xa7\x22e\x922\xd4\x98\xaf\x17g\x12\xdbO\xe9G\x103\xb7\x87z\xee\x84j\xba\x9b\x1a\xf6M\xa3\xa6W\xc1\x29\x03?WhNI\xf6\xd0\x09x\xef\xd7\xcf\xad1\x10vc\x13\xd4y\x7f\x95\xe6\xf6\xf1\xb6\xa8\x8f\x82J\x06\x83z\x14:iH\xa4\xd3\xfe2\xe5\x5fh\xde\x3c\xdb\x5c\xe3\xeaZ\x9b\x24\xb72\xf46\xcc\xee\x13\x90\x7e\x06\xbc\xcdA\x05\x87\x00k\xe0\xf2\xcek\x7e\xca\xd8Q\x1c\xd5\x8f\x04\xe7A\xd9\xa4\xc3\xc8\xac\x29Q\x5bc\xa2U\xa6L\xf78\x05g\x99T\xb7\x5e\xa6\xb7r\xe7\x89\xf4\xccs\x8b\xe6\xf6\x8d\x0cOu4\xb0\x0b\xb7\xef\xdcN\x7b:\xfaf\x89\x99y\x0f2\xbc\x3e\x86\xf4\x5c\x84\xebd\xfdN\x00 Rp\xbe\xd4\x81\x18EyY\x94\x91\xbd\x8f\xf6\x93\xa9K\x83\x1acV\x99\x89\xec\xe9iA9\xa9\x7cS\xe6b\x99\xdc\x86\x23\x84\xc1Hu\x95\x60\x01\xbbtAG\x04\xac2v\x22\xe54\x16\x818\x85\xac\xf6\x28\xe8A\xb2\x05.\x9d\xe4\xf3\xb5U\xaaV\xf2\xaf\xd0:\x85\x0f\xf5U5uA\xe0\xd7\xbf\xc7\xdb\xcd\x9c\x7f\xd3\x27Q\x25\xee\x3e2IN\x05f\x82\xb9mx\xc0\x14\x22G\xbb\xae\x96U\xa3D\x5e\x94A\xe1q\x2c\x87\xbb\x96\xc4\xcer\x06n\xd3W\x1dV\x180ns\xfafW\xae1\x10\xc8\x9dt\xdcV\x98\x7cVs\xc6\x8f\xf8F\xd0\xe4h\xab\xcc\xc9\x03!l\xd8\x98\xee\xfa\xbb\xa1n\x94\x9d\x5c\xda\x9aX\x26\x07\xff\x85i\xd0J0\xa0o\xa4\xd8\x23\xb6\xf7\x80\x0f\xda\xbewC\xe8 \x5f\x0e\x03\x23\xe0\xb0\x7c\x9c\xc0\xddp7\xd1\x033\x8b!8\xb6D\xe98\x98\xbat\x98\xc9\x81\x8d\x8b\x60r\x115\x26\xde\xb2\x94\x9b\xb7n\x0a\x27K\xd5f\x0e\xeb\x89\xad\x83\x03\xda\x91\x28\xc6\xc0\x1an\xb1W\x2537 me\x22\x1c\x8e\x95\x5e6\xa8:\x3d\xd5\x24H2\xd81\xd3c\x25\xe9\x7f\xe7\x04\x24\xe0\x1a\x97\xce\x1ez1\xe6\xcd\x9e\x0d\xcfV\xcf5\xb7\xb7\xa3s\x1box\x94\x16\xd9\xeb\xd9V\xd5\xe0r\x60\x14\x07\xea\xf2\xe2\x2bz0\x08\xeb\x26\xe9\x04\x80\x1b\x8cf\xc2\x19h\xe0\xb9?\xd0\xca\x7e\xa5\xde\x90\x0d\xfd\x06i\x8a\xf6\x85J\xb4r\xb5\xbau\x08\x7cZ\x03\xd0\x84\x09O\xefw\xca\x89\x7fy\x26\x0dz\x10\x12\x04z\xba\xad\x5d\x15\x2ft\xd4U\x92OIumU\x10F\x3d\xd2\x5c\xf6\x045?\x09u\xbd\xcb\xce\xb5\x8a\x00\x2f\xcd\x99\xaf\x9cYNT3\xe2G\xcd\xe3\x90\xba1\xb7\x80\xb1k!va\x88\x7cS\x5d\x01\x00\xb1\xab\x7e\xda\xe6\x8b\xe2\x24:1c\x0fG\xc0\xdd\x89\xb9v\x08:v!\xd1\x021\x7e\xd8N\x93\x7f\x82\xf9\x12\x9a\xe4\xf70\xaaKA\x3d\x8f\x2601g\xbc\x90I\xa9\xf0:\x01\xbf\x2c\x8c\x03\xea\x9d\xb1\xaa\xfc\x24\x1c\xeb\xce\x95P\xb1V\xf0\x9b\x1e\x15\x2cTH\x01j\xd9\x8d\x998\x05\x0a\xd9\xe9\x89\xc4\xdd\x03T\xa6L\xb34\x3b\xd0\xc9\xf0\x25\xa9\x97M\x87F\x07\xbe\xe3\x9cB\xcb\x1bI\xf5\xbeb\x96\x90\xa2es\xf1T\x9d\xa0\xc9\x13\xb4\xa3B\xcb\xc1\x7b3\x26t\xf3\x00\x11\xfc\xf9\x3e\xdf\xbc\xad\x06r\x9a\x1b\x1b\x5fWyL\x2c2q\x3e\x9a\xc5\x1b\x2aX\x89\xcd\x5ea\xa6\x94\x8c\xb5\x0e\x2b\x87\xe76\x2b\xbe\x0c\x10A\xd1\xac\x22\xfa\x3c\xc4\xca\x03\x15PZ:z\x2f\xe3u\x2b\x87\x98\xfd\xfc\x97\x3d\xcc\xb4\x7d\xb9\xbd\xfd\x2aJ\x1c?D\x1d\x3b\x7b\x95\x91\x3b\xffQ\xfc\xaf\xd7\xc6\xecr\x7d\x9c\xfeL\xfd\x09\xc0\xfb\xb8\xbf9\x18BPy\x11\x1e\x06Z\xd8\xfa1\x23\xf1qL\x1a\x83h?\xf1\xcd\x9e\xac\x9cf\x03\xbf\x9f\x10nT4\xff\x00\x1b\xb4\xb7\x91V\x04\xd2\xd31\xa9\x7c\x05\x3e\x93\xa3\xab:s1\xeaa\xd4\x0d\x8e\xf5\x05z\xb1\xda\x97\x96\x5d\xc3\x7c\xc9\x9at\x86\x92:\xf0\x2d\x8b\xa3O\x0b\xc9\xf2\xb4\xa0\xd3\xcc\x84\x93\xfer\x97\x05\x23\xc2\xd0\xbait\x2bu\xc8\x9a\x8d\x08\xf3\xf5\xe1.\xd5\x0f\xcf\xe2\x15a\x8f:\x14m\xa4p\x2f\x3drY\xa7\xb3\x7di\xb0\x28\x3b\xfa\xbe\xf9\xac\xa1\x3eA\x2b\x2a\x8c\x0e\xec3\x88\x0fRe\xc2\x08\xbfHQ\x15?\x29\x29\x12\x93r0\xd4L\x2a\xe3r\xa3\x98\x28\x85h\xbdT\x18\xbb\x0f\x7djj\xdc2\xe1\xbc \xb2ltw\xc3B\xa3\x1b\x9c\x28\xe9\x0c\x3cIi\x8eL\xab\x8f\x05\x9e\x1c\x5d\x05\xc3\x3d\xd8\xb4\x1b\x0b\xa7\xf6\x7d\x8e\x11n\x98h\xe6r\xcb\x13\x8f\x7e\x22\x18\x99o\x1b3\xbc2\xa0\xa1\x23\x984\x12\xb3\xe47u8\x3b\x86v\x7f\xd6\x03p\x5dM\x05S1\x3dp\xfc\xc1\x1a\xf6\xc7e\x87\x18F\x09\x3e\x5bE\xcd\x9bg\x60\xbe\x80\x0d\xeb\xa7\xcc\xf7Rgm1\x8a\x15\x0b\xfdU\xf9\xcaA!Y9\x16\x26\x9f\xeb\x90J\x0b\xf9\xaeI\x3d\xec\x5f\x06\xe1\x90\xc6\x25l\x2a\xb4\xd5\x89\x99\xf8\xaf\xbb\xe1Ut\xc8\xc3\xa4\xd8\x28\xae\x7f\x2f\x24\x3d\x3b\xa6\xd4\x9a\x9f\xa5\xd4\xbb\xf5\xc83z\xb3Mf\xc8\xdd\xec6V\x10J\xb8W\xc0\xc8AGg\x97\x98\xd6\xeb\xdfA\xab\xbe\xb4K\xc3\xb6\x7f\x01\xd1\xdc\x07l\x0e\x7bM\xe2\xe4\x88\x5f\xcb8R\xa6O\x17\x18\xf4\xb9\xa2\xdce\xef\xda\x2a\xdf\x96\x86\xc5D\x2bGQ\xf9\xa0\x60\xd2\x29\x9c\xd1\xeaB\xc1\x2f\x98\x9c\xc5\xbc\xd2\x0dB c\xd1\x9a\xc0\x83g\x13\xd1\x29\x0e\xd9\x5d\xef\xa7\xe2\xe8\xe2\xff\xcf\x0a\xc7\xefo\x1a\xa75\xc1\xb5\x5b\x0a\xc2\xe3 \xc3O\x9e\xa2\xb1\x17T\x1ei\xe5\xf0\x8e4\xc4y\x91\x22\xbdh\x0d\xe1\x04\x7b\xd4p\x094\x91\x23\x27t\xd1\xab\xc6M\xea\x9a\xd5n\xca\xa8\x04\xf4\xf1\xd1\x25c\x0b0\xca\x1d\x8d\x9d\xad\x0f\xa0\x05\xf5\xe3\xd9\xc4\x04\xd7\xdd\xa6\xad\xad\xab\xe0\xd9\x98\xa30\x13\xf9C\xbb\x877\x9c\x11\xac\xf3\xc9v\x1c\xc79\x9f \x02\x91\x11\x188\x14\x27\xe3\x2c\xfb\xe0Gt\xb3VI\x3bO\x82\x80\xb2?7\xeb\x8a\xb7\xafU7\xd7\xef\x02\x24\xa1\x3dUM\x7ccUg\xaf\xf8\x2c\x94\xae\xac\xee9\x0dZ\xcel\x1a\x8bZ\x99\xf79\xae\x9b\xb0\xaa\xae\x11\xfa\xb6\x2f\x5d\x18\x5b\xea\xfc\x7d\xac\xa5\x7bJ\xed\xe6\x5f\x7e\xb33\xec\x94\xfe\x5d\xef\x1f\xcf\xc0\x99\x8e\x15\x22\x0d\xe7s\x16\x29\xbb\x0b\xe8\x89\x28\x0a\x5eF\xb0\x5b\xdd\xf1\x1d\x7eZ2ac\x29\xd1\xa8\x1f\xa3Z\x1cZ\x89\x5c\xba\xb5\x07\x86z\x0fDB\x5b\xc5\x08\xc5\xd8\xab\x9e\xb7\x08\xa5\xd9\x5b\x0es\xc9\x93\xb91\xf2\xc8\xd7zWd \x7e\xda\x29\x3e\xf4\xa6\x9dU\x15\x14\x99\xdd\xac\x1e\x85\x8fHo63\xe4\xa9\xf7\x99\xeb\xbb\xf9\x7b\xbe\xbde\x2d\xc9\x05\x86\x1cj\x15L\xb9\xa2\x24\x2c\x00R\xc9O\xd4\xf9v\x86V4\x81\xd1\xe4\x81\xb6H\xca\xa2X\x015gO\xfejY\x906\x26h\xbe\x86\xc1\xf8\xb6\xde\xc1\x2b\x2a\xd2\x9f\xb3b\x90\xfd\xc3\x91\xc9\xc5\xadT\x91\x96j\xb9\xfaB4\x2f\x0fd\x3b\xfa\xa6\x0a\xec\xdfc\x12\x8f\x8c\x95X\xcf\xad\xb9ie\xa4\x99\x0a\xdc\xe7\xb4\xd1ck\xb6\xccP\xd0\x1f\xbcJ\xba\xa2\xeb\xa7dx\xc6e\xfb\x5eti\xb8\xed9\xb2\xb7\x84\xcd\x98B\xc6\xaf\xcd\xa95\xadn\x29\x26\xd7U\xe7v\xce\xbd\xd7\x3e\xbc\xed\x1d\xe7\xc2\xaf?w\x00\xe3\xf4\xabk\x26\xdf\xf2\x1b\xbc\xb4\x29k\xbc\x1c\xacz\x1am \xb7R\x0e\xe7\x0f\xc2\xf2r2\xac\xe0\x0esm\xed:r\x8b3VU\xact\xcf\xb1\x91\x29\x3d\xb9\x0c\x05\x7c\x17\x5f\x01\xcf\xd2k\xde\x15\x03\x5dj\xb3\xe5\xb8\x250Kx\x26O\x9a\xdb\xeaS\x85y\x05\xc6\x26\x8b \xcf\x0aD\xb2\xacK\x07\xbd\xe6\xfc9CPs\x28D\x09\xd4\xc2\xf46\xf6\xbc\xc1l\xbf\xf8\xea\xe8G\xb3Q\xf7\xc5\x80\xfd\x10\x5f\x3e\xa8\x0d\x1a\xc3\x9b\x13\x3d\xd2\xf4\xd0M8\x94\xc8\x3c\x10\x98\x5d\xeb\x05\xd0\x071\xbe\xda\xc3\x2a\x5f\x29\xb4\xd0RR\x8a\xa2\x7f\x82j\x11\x99\xc1\xa7\x03\xed\x0cVGg\x40sXQ\xb1j\x22\xce\x00\x25\x88\xb5\x97sh\x7b\x07\x1cC\x85\xfe\x88\xf2d\x5c4F\x828\x8d\xdf\x8d\xe1\xd9\x1b\x1c\xb7\xb8j4\x3c\x99\x16Y\xac\xe9Qb\xe7V3\xc8\x0b\xfe\x29r\xcce\xbe\x16\x1d\x1a\x3bX\xf4\x1e7\xca\xd3\xb3\xace\xac\xd7\x5cg\x90\xe2\x9cxi\xfcMbRN\x19\xed\x3d\x9f\x3e\x12\x81Y\x80.f\xaa.\x04:\xd1\x09\xf8\xa2GI\xc0q\x94\x7b\x88\xe777a:v\xeb\xd9\x0dd\x2b\xa7\x17\x25\xcc\x1a\xe2\x18\x01\xc4\xb4\x2b\x7e\x94\xae\xee\xb8\x8a\x7f\x0e\xb1\x9a\xa5\x1b\xbf\x3c\xc2\x0e\x0dn\xe4\xd9D\xfaYM\x3b\x10v\xa3\x9e\x8a\x7f\xe8\x92!\xb2qB\x40\xe8\xf3\xb1r\xf9\xeb\x08\xde\xc7\xc3\xf8\xdef\xa5V\x22U\xbb\x9eV\x9b\xec\x95\xd3\x9eb\xa14\x9c\x98\x27\x00Y\x9f\xca\xee\xbc\xf1s\xf3\xf1\x8a\xab\x98\xc6\x24\x06\xaadF\xe1\xfb\x97\xa6O\xee\x91\x07\x3c\xbd\xaaK\x94\x0a\x12z\xe1\x92F\xeb\x3e6p\xb8xk8\xe1\x04\x06\xff\xdc\xe25\x291\x1a3\x10h?\x8e\x7f\x04\xabQ\xaf\xc9h\x5dp\x9e\xc4W7\x15.w\xbe\x94d\xbc\xac\x15\xa4t\xfcq4\x3c\xf2\xfd\xbf\xc9\x5cAf\x2a\x90\xfb\xdeX\x17\x96\xd3\x3d\x2dY\x9a\x95\xf5\xd7\xf2\x3e\x10\xbc\xf8\xff\xc0uy\xaf\x08b\x91\xbc\x2f.\xab\xf3\x13P\x8e\xd0W\xa9\x88\xe9\xee\x9a\x60\xf4\xdf\xc3Y\xf0\x60\xa3\xf1\x9a\x8f\xea\x8a0\xb9\xf24\xa0\xe3Z\xa3\xf1\x7f\x3e\x9f\xf1\x1cs7W\x85\xa1\x92\xf4\xba\x15\xf5\xedUlt\x86\xf2\x92\xd1\x24\xe1\xd6\xd4\xe5w\x5cy\xc5\x80r\xea\xe3\xe3\x8f3a\xea\xfds\x2b\xe1\xa9W\xe0\xbd\xa2\xb6\xd8\xcf\x40\x7b\x81\xe9n\x23\x90\x03\xcf\x09\xfe\x01J\x182\xaa\xbb\x9fC\x2d\xc9\xe8Y\xa8a\xafI\x7c8\xe1\x09\x247\xd9\xc5\xf8\xe6\xc0\x28\x1d\xdfj5R\x8fvV\xded\x1d\x81\xa9\xa0\xfd\x60\x027\xb3\x3d\x0f\x04i\x1f\x05\xca\xd7uW\xc2X\xd8\xfe\xfb\x8a\x99\xd8\xca\x90\x04\xda\x0e\xf53\x9f\x8a\xc6\xfb\xc5\x98\x0e\x5e\xc5\xca\x8ei\x5e\xbf\x86\xe3w\x03\xe0\x8c4\xe6\x05\x90\x1f\x84\xa3\x98\x10\x1b\xba\xec\x13z\xf0\x84\xac\x8dT\xe6\xc4l\x91\x05\xaaW\xbcEV\xb8U\xe4\x2f\xa823\xc2d\xcb\xca\xdbN\xb6\x06\xd1\x96\xa0\x9f\x06\xf1\xa3\xa1\x11\xd2\x00\xc5\x00\x91\x5f\x99\x9a\x1d\x02eO\x60\x17\xc6Y\xe9t\xe9\xc36\x7dqH\x1dI\xda\xd5G\xf8r\x2ba\xc1N\xe2\xe8\x3eL\xe8\x1a\xf6\xc6\x1eI\xe2\xa0T\xc3\xdd\x99\xa6\xa0\xc6f\xcf\xae\x11\xe8\x8a\xe3\x609\x29\xf7!\x86\xa4\xfcR\x5b\xa8\x81\xa7\x07\x2c\x81\x9d\x0b\xbb\xed\xfa\xfe\x16\xf1\x15r\x5d\xcbR\xae\xcdl\x8dw\xd03\x93\xa0\x958\x9d\xb2\xc1\x97\xecu\x09O\xa8P\x92\xe7\xc8\xf0\xa5\x08\x10\x08\x2f\x8al\xc9\x23\x9c\xf2d\x96\x40\xcf\x06\xc74\x87\x3d\x9f\x86\x93\x1e\x24\x3et.\xf4\x5e\x86\xc5Fp5\x9bZv\xa8\x00\xba\xe9\x22a\xc4\x24Q\x13L\x95f\x98\x0fT\x2fW\xe2\x08\xbdp\x95\xfd?6\xc5\x9a\x83\xb9wPn\x99\xe9\xed\xd0Km\x13\xf3\x01l\x94\xb4G\x5f\x13AA07\x01\xa3Q\xdb\x10\x28\xa9\x8f\xdc\xd73\xaby\x95\x23\x10L\xed\xa7\x1fq\xaa\x8f\x8e\xe1f\xfc\x85WPU\xd6B\x3c\xde\xae\xd0\x07\xfa\x0e\x9d\x8a\xcaP\x01\x82\x11\xd2\x1b\x84\x93O\xc0\x2f\x12\x5b\x00\xbf\x9b\xee\xadp\x2fI\xf4\xc0\x85\xdf\x9c\xb4\xa7\x01\xc4\xe8c\xd48\x5b\xf6\xc35s\xe6G\xe32\xbb\x7fX\xe4\x28\xedS\xf9\x02\x7c\xec!\xf9\x25\x9a\x27A\xc2\xc5\x2c\xec\xf1\xbeW4\x8a\x0c2\x82r\x1b\xcbic\xaae\xef\x97\x8d\x15\xf3\xb4!\xe6\xf8\xbd\xa4\x7b\xc6!\x2a\x26\xbc\x8a\xe3\xfb\xd50\xe8\xbf\x84\xf1\x99\x1am\xd8D\xa5\xdcd\x11\xf4\xbbw\x18\x7c\x16F1\x8db\xc4\x2aC\x8d\xb22\xe7\x8d\xd0\x7cf\xb3\x10\x9f\x82\x22A\xba\xb6\xa3\xe8\xc5\x00\x1e\xd3r\xd8\xa5\xd9\x28\x04\xbf\x1d\xd1\xa2\xd0.q\x24\x0d\x2d\xde\xb6\xf6US!\xac\xb4\x27\x98\xf1\xaf\x0dl\xe5!2\xceF\xa4d\x0f\x9cs\xfc\x2as\xc9o\x2d\xc6O\x1d\xe1\x0e\xce3\xcc\xb2\xe7\xa3\xa9\x7b\xa3\xbc\xf4!\xa33\x7b\x96\x0a\xdd\xbd3\xc6\xcd\xf9z\xb7\xb6\x29\x15q\xd6f7\xf4\x8a\xe3\x7c\xa6\x88\xd7\xd8D\xb8\x07D\x0f\x16\x405\xce3\x8biA\x60\x19\x5d\x26\x97\xacU\xdc\x9d\xb9c\xe5\x10R\xads5\xa4\xe9\xc3u\x5c\x5b\xa8\xc3Sf\x8ezr\xab7j\xeb\xad\xf5\xd6\xc6G\xb6\x9cy\x0cm\xc4\x90\xe55\x3b\x07\xee\xa4\x81W\xe2\x0c\xce\xc6\xd2U1\x06\x00R\x83f\x90\x5b\x81\x5f\xfb\x8c\x174\x17\xee\xe0\x08\x7c\x28n\x0ac\x80\xce\x2c\x96\x85c\x01E\xd8\x2b\xf0\x7fsi\xae\xde\x26\xfe\x07.\x01\x91\x2d\x5d\x8aig\xaf\x3e\x98c\xa95C\xc2s\xbaE\xa9\x0a\xde\xd9f\x86\x88\xc5\xeaV\x90\x90\xab\xe9T\xfe\xad\x8f\xffC\x19z\x80de\x7dw\x29\xcd \x8e\x11\x05\x9b\xf2\xc7kM\x1cYW\x28\x7d\xaa3\x89G\x2b\x11C\x9e\xf8\x7e\xe0\xcbX\x9ae\x87V\xb2\x01\xd51\xf6\x25\x86kY\xcb\x85\xd5\x18\x5c\xb0\x28m\x2d\xb76\xa4\x01j\x86\xae\x89\xdd\x1f\x7b1\xff\xb8\x25\xa7\xd4\xfd\xe8F\xf8\x93\xfd\x2a\xaa!\x04\x90\x3c\xa7\x7c\xdf\x92\x7f\x2d\xde\x8a\xf8\xb1gY2cy\xf4\x85\x0c\x16\x5d\x3c\x14E\x84o\x11\x5dq\x8b:\xd3\x9e\x3e\xa0\xff\x09\xc7\xe0\x86\x1e\x10\x9b\xb9UyMXQ\xf7\xa5\xbbH\xef\xd3i\xba\x09\x7e\xa7p3\xc5\x90\x92\xe2\x1bz\x1e\xed\xf3F\x5dj\xb9\xf8\xb6\xa4\x12\xe9\x17\x8c\xa6\x17\x29\xfaz\xa1f\xf42\xf4\x95\xf5\x1d\x99\x12Q\x2cL\xb3\xdaaA\xfd:D\x98\xbd\x5dv\xc4\xd7\x06\xaf\xb9\xf5\xb3\xe9\x5d\x0d\x96\x9d\x84r\xf6Y\x01\x19\xae\xc8P\xf8\x3e\xafo\xe0\x06\xc0\x06\x95\x5b\xfe\xb1\xba\xec\x17G\xc5pNG\xefu\xba\xfd\xf8\x18\xf5\xf1\x7f\xb4\x9d\x80\x93\x9f\x0e\xb0\x07\xee\x95\xe0\x2db\x1e\x8b\x94\xe2e\x81\xe2\xad\xb2\xfe\x05R\xae\x12\x1f\xea\xf7\xb8\xa4\x09Z\xe3\xf5\x9d\xcf\xbf\xa5\xf3\xb1\x7cD\xc9\xae\x9a\x7c6\xb8\xfe\x1d\x88\xec\x26\xf5\x23\xd7Ax\x3d\xd6\x1b\x25Y\x0e\xf7\xbfl\xd2\xccv\x40\x8e\xfd\xc1\xf2I\x1b\xe1\xec\xa2\x5fV\x05\x9dI\x18\x9fWY\xbf\xe9e\x8b\x91k\x5e\x3d\x91\xe9\x90u\x92\x90\x8e\xddk\x27nWj\x18\xc4f\xcf\xd1j\x9c\xe8\xc3\xb7\x3e\xa1\x8d\xc9\x87\x1f\xff\x2a\x3b\xd5\x80\x891\xc3\x84\x80\xd1\x24\x0b\xfbs\x23l\x3d\x08\xe9\xee\x17\xb0\x2c\xd0\x1bw\xc8\x25.P\xc5\x05\x5c\xbf\xbaAR\x88\xbf\xb2\xaf\xeb\xf3\x86T\xf50\xe5\x8e\xd1\xb1\xf5\x97i8\x8f\xee3oN\xfaU\x13\x7cZ\xef\xdd7\xc5\x40R\xe7\x23\xf8\x86\xc9\x08\xb4g\x07dX\x98\xb5bj\xbb\xe5\x13\x5f\xed\xd0\xff\x901V\x1cC\x0f\xaaH\xc0\x7dE\x24v\x22n?\x3cb9\xcb\xdd\xcb\xd4\xa2\xcc\x3e\xb5\xe0y\x9b\xbfG\x24Q</data></match></read>
    <read><length>50</length><match><data>Welcome to the EZ Barcode Encoder\x2fDecoder Service\x0a</data></match></read>
    <read><length>21</length><match><data>\x2d\x2dSelect an option\x2d\x2d\x0a</data></match></read>
    <read><length>23</length><match><data>1. Input a new barcode\x0a</data></match></read>
    <read><length>22</length><match><data>2. View barcode ascii\x0a</data></match></read>
    <read><length>26</length><match><data>3. Generate barcode image\x0a</data></match></read>
    <read><length>24</length><match><data>4. View cached barcodes\x0a</data></match></read>
    <read><length>25</length><match><data>5. Clear cached barcodes\x0a</data></match></read>
    <read><length>8</length><match><data>6. Quit\x0a</data></match></read>
    <read><length>5</length><match><data>:\x2d\x24  </data></match></read>
    <write><data>4\x0a</data></write>
    <read><length>16</length><match><data>Cached Barcodes\x0a</data></match></read>
    <read><length>21</length><match><data>\x2d\x2dSelect an option\x2d\x2d\x0a</data></match></read>
    <read><length>23</length><match><data>1. Input a new barcode\x0a</data></match></read>
    <read><length>22</length><match><data>2. View barcode ascii\x0a</data></match></read>
    <read><length>26</length><match><data>3. Generate barcode image\x0a</data></match></read>
    <read><length>24</length><match><data>4. View cached barcodes\x0a</data></match></read>
    <read><length>25</length><match><data>5. Clear cached barcodes\x0a</data></match></read>
    <read><length>8</length><match><data>6. Quit\x0a</data></match></read>
    <read><length>5</length><match><data>:\x2d\x24  </data></match></read>
    <write><data>2\x0a</data></write>
    <read><length>22</length><match><data>Select Cached Barcode\x0a</data></match></read>
    <read><length>27</length><match><data>    0. Return to main menu\x0a</data></match></read>
    <read><length>5</length><match><data>:\x2d\x24  </data></match></read>
    <write><data>0\x0a</data></write>
    <read><length>21</length><match><data>\x2d\x2dSelect an option\x2d\x2d\x0a</data></match></read>
    <read><length>23</length><match><data>1. Input a new barcode\x0a</data></match></read>
    <read><length>22</length><match><data>2. View barcode ascii\x0a</data></match></read>
    <read><length>26</length><match><data>3. Generate barcode image\x0a</data></match></read>
    <read><length>24</length><match><data>4. View cached barcodes\x0a</data></match></read>
    <read><length>25</length><match><data>5. Clear cached barcodes\x0a</data></match></read>
    <read><length>8</length><match><data>6. Quit\x0a</data></match></read>
    <read><length>5</length><match><data>:\x2d\x24  </data></match></read>
    <write><data>6\x0a</data></write>
    <read><length>56</length><match><data>Thanks for using the EZ Barcode Encoder\x2fDecoder Service\x0a</data></match></read>
</replay>
</pov>