<?xml version="1.0" standalone="no" ?>
<!DOCTYPE pov SYSTEM "/usr/share/cgc-docs/replay.dtd">
<pov>
<cbid>service</cbid>
<seed>0c7707556ba0f9f16626cf0fd0a4afa821ae6416a01a64de0553dd94fc7a6dddfdeab0017d2cf57c57d2842d206666c1</seed>
<replay>
    <delay>50</delay>
    <write><data>D\x86\xbbf</data></write>
    <read><length>4096</length><match><data>D\x86\xbbf\xc4\xf8\x02\x7e\x0f\x0dm4E\xc3\xf94tX\x88\x15\xfbh\xb4\xe3\xfd\x8b\xda\x03\x9c\xf4\xe9\x03e\x0ek\xce\xc7\x5c\xb6k\xb9\xdf8\x0a\xb39\xa9R\x98\x0f9\xab\xb3\xd5\xfb\x03\x2b\xf5\x3c\xdc\xaf\xc7\x17\x10\x29s\x99\x1a\x89\xa6\x40\xa8AXm9\x15\xbeEx\xb4j\xdb\x0eV\x2aS\xf4\x12\x08\xbe\xb7N\xb7\xd3\xa1\x96\x01\xf3\xdeJ\xe3XB\x9fp\x5b\x3c\x93\xe2\x14?\xf7\xbf\x7f\x14\x926\xa0\x98\xff\xa02\xaeV\xa0\xc8\xb9\xfd\xf3\x5c1\xb8\x1f\x08\xd8\xac\x9b\xcf\xf2\x18\xcf\x97:w\xe3\xbe\xff\xbcB\xe66G\x27q\x5bU\xb6\xfa\x2d\x3b\x2b\xdar\xe9\xdd1\xe3\xaf\x3bs\xe1\x14\x1dt\x1fP\x8c\x11\x24\x82\x0dJI\xf3\xd9\xbc8y\x8a\x7b\xe8\xed\xc0\xe7\x15\xc5\x1f\xa0\x14ni\x00\xf5\x0f\x8eB\xa6\x5d\x02s\xe3\xa4\x0e\xa6\x9d\xbc\xf7\x00z\x16X\x04UZ\xd2\x7cK\xb1!h\x13\xf8\x97cJV\x13\xbc\xdd\x95\xf4\x2f\xa8\xb6\xe4HN\x9f\xb5\xeeg\xe5\x18\x06\xb2\x1f\xd6\x40\x86m\x82T\xc8\x27!D0\x88\xe6\x17\xe6\xc3J\x08\x12\x10Ca6\x04\xb1\x7f\x92k\xec\xd6K\x2c\xaf\x043\x91\x97\xb2\x3c\xf2\xd7\x7f\x7f\xf2\xba\x8d\x97j\x25\xf1\xb0\xb6\xcf\xc0\xa5\x2a\x29T\xed\xa5\xfa\x2a\xedAx\x9a\x11V\x02U\xa6\xc9\xb3\xa4\x9cE2\xfcTo\x3e\x88c\x8eA\x5cM\xb8\xb4\xfd\xba\xcf\x7f\x1dS\x2b1l\xeb\xc3\xea\xbb\xa2\xba\xea\x27.\x40\x00\xd4\x2c\x2f\x10\x28\x23\x10\x03\xe8\x13\x23\x0a\xfbQaU\x2a\x3en\xe1B\xb3\x01CG\x3e\xae\x2a\xe9\x26\xa0\xdb\x5e\xa8\x25d\xc7\xa4\x19\x7c\x01\xeeV\xab\xd3\xbd\x7dO\xf4K\x2b\x94\xfa6\x1e\xca\xce8\xce\x07q\x5d\xb8\x11\x1e\xfd\x7bl\x08\x10l\x86\xd1\xb1\x12\xf9\x00\xcf:\xcca\xdb\xad\x97\x22\xb7\xc1\xb66\x60\x92c\x9a\x2f\x80\x8b\xce\x22\xde\x8f\xf1\xd4\x14\xe6\xec\xd1i\xa3\xe2\xba\xec\x5d\xc1\xa8\xe6\x16\xb87\x16\x27\xba\x5c\xf5\xe0\x829\x8ay\x80\xaeR\x9b\x3b\xf2\xca5\xc9\xb6\xba\xba\xb8\xf0f\x18\x7cP\x2b\xb1\x11X\xf41eX\xe4\x0c0\xfe\xb7\x0f\x2f\xec\x5e\x245\x5d8L\xfc\xa2b:z\xb3\xb7\xe5\x8d\x7d\x1aeM\xc1\xb2\x7e\x0a\x8e\x8bE:\x8d\xdc\xbb\xbc\xdbq\xc5\xaa\xf7g\xf2\xf2.0\xa1a\xa9\x40\x99\xc2n\x84E\x3cw\x16\x1d\x15\x7b\x3e\x9b\xfb\x7e\x0f\x23w\x7f\x83\xad\x1b\x96o\xe6\xc83\x96\xb9\xdf\xfe\xde\x5b\xf6\x2a\xdc\x0c\x96iG\xc1CBB\xf5.\xce\x1c\xd3\xcb\x98\x3bZ\xdb\x9e\x0c\x99\xef\x87K\x5b!\x24\xc6\xbeN\x9dk\xaf\x1a \xf0\x09C\xde7\xce\x89\xeaC\x87\xc0\xeb\xbbt7\xd9\xdd\x22\x8df\xfd\x81\x1dhO:\x1a\xe8pJ\xc5\x29\xc6\x95eV\xd1\xda\xe6\xa7F\x40\x17\xf3\x19\xdb\x29\xdaI\xc3o\x1f\x0d\x15I\x7d\xa7m\x9aG\x173\xb0\xd8\xec\xc9\xda\x83\xdc\xdf\xa0\xa2\xc6\xe7z\xbeq\xd4\xfa\xe2n\xc0\xd4\xc4\x9by\x1aA\xc4n\x07\x81\x24\x821R\xb4\x80\xee\xc5\xa6\x97h\xac\xa4\x91y\x23\xc9\x0a\xb5\x2d\xf2\xb1mc\xbd\xf29\xec\xa5v\xc7\x1eU\x60\x16\x1dss5\xa7\xdd\xe7\x15A\x3bg\x9e\xf16\xf5\x1c\x2c\x3b\x87b\x3b\x8a\xdf\x60HPo\x9d\xa1\x89\xae\xd8\x14C\x0d\xf6\x95\xd2\xf4\xfb\x94\xba\x19\xb5\x141\x96\xa5\x803V\xe38\x08\xeb\x24\x1f\x1d\xe5\xafy!\xa2\x9cr\xb6\xa1\xc3\x91\xfb\xf6qs9\xeb\x89\x02\xe3\xee\x836B\xb7\xf1\xdb\xaf.\xfd\x8c\xf4\x2c\x85\xb9b\x10\xa5\xa2\xd3\xb7S01wI\xbb\x7c:\xb7U\x2f\x60\xb3\xe3\x9e \x8d\x83\x9f\xe9\xc1\xf2!\x81Q\xd0\xe2\xb4st\xa6I\x92\x86\xfd\x124A\xa3\x1fc\x29gt\xc7\xfek1\xdb\xedZ2\xff\xe2\x1aU!d\xa7\x9f\xbd\x06\xe8\xb3\xd4d\xb5YL\xf2\xcf\x16d0\x9bg\xf1\x07.\xda\x3e\x24\x8d\xa2\x98\x8f\x7c\xf0\x887\x13\x5c\x98\xeb\x92Z\xf1\xe4\xb4V\xa2g\x5e\x03\xb9\xd3\x1f\xe2\xb3\x24\xe0V\xe7\x3d\x24PX\xb7\x91\xf8\xbb7\xd6\xd70\x40\xd5:\xd8\x82\xa2s\x11a\xedQ\xcd\xbf\x90\xf1\x25d\xba\xc6\x22\x1a\xf6\xaf\xff0\x1cf\xecf\x02\x85\x07\x2b\xb1N7\xaeH\xa1ko\x97E\x19R\x2f\x82w1\xfc\x24\x16A5WP\xe3\x99\xb4\x2f\x92z\x87\x7dX\x40hXX\xbe\xf84\xa6P7\x9c\xe3\x87\x97wx\x7bRU\x89\x94Y\x1av\xce\x3d\xf62\xac\xbf\xf8\x7f\xa40\x91\x15\x19f1\xa8\x7b\x02\x0c\x81\xa8\xad\x25\x29\x7cL\x1f\x0d!\x40\x223?\x8eLN\x97S\xe8\xdd\x91\xac\x08\xed\xb5\x23\x18\x7d\xaa\xcf\x87\xe7\x0c\x15\xdae\xe6\xa2\x13\x3b\x8a\x12\x5f\x91\xf3\x22\x9c\x5f\xe7\xd5\x24t\xa88\x7cY\xf9\x93r5F\xd7\xc3\xe7\xf4r\x98o\xd57\xd5s2\xd5 Y\xb3B0\xb8p\xd7\x0d\xc9\x89\xfbF\xc5G\xe9\xc2\x2f\xf6\xbf\xfaF\xcf\xe5\x3b\x04r\x25\xe1\x3b\xc5\x99\x99\x09s\xb3g\xa3u\x10\x96\x1c\x96U\xb3\xf1\xc9\xc8\x9f\xc1\x24\x5b\x23Vx\xca\xf3\x7b\x85\xd4\x23c\x0fP\x98q\xfa\xf2T\x9awP\x1e\xae\x28Y\x01\x8d\xdb\xf8O\x7fX\x85\x92B\xd2.\xc6\x7c\x8fy\xf1\xc0l\x03\xd4?\x12\xff\x22\x03\x87\x1d\xc0f\x01\xbd6N\xb2\xe6n\x8cC\x2d\xb2t\xf8\x14P\x1b\x04U\xf4\x99\xff\x95\x14?\x03\x92\x1ci\xe1\x0f\x04\xfc\x18\x3bY\xaa\xe3\x9a0\xeb\xe2k\xa9\x00F\x03\xd7\xbdYs\xcdMAe\xdd\xc5Js\xe9\x1aOp\x1a\xd7I\x5c\x91\x60K\x18\x5b\x0a\xd4\x94\xed\x1ev\xc01\x1f\xfb\x7c\xc5\xe0\x9f6\xcd\xaft9\x8e\xb4\xf3\x95\x88\xc3\xd0\xf0\x0c\x2b\xa7\xc6\xf8P\x0a\xc1r\xdal\x29\xd7\x602\x27\xfa\x3b\xad\x87\x13\xb6\x40\x86g\x9a\x82aH\xe4\xae\xccL\xed\xf6\xb4Su\x9f\x7c7\x97\xf0J\xefa\x07\x1b\x89c\xd87K\x91C\xcf\xd0\xdc\xado\xfao\xbb\x1e\x13\x14\xc5d\xd8\xb9E\xc2\x1eL\x89\x93\x81\xc4\xc7\x3bi\x0a\xa4\x83\x23H\x2f\x13\x80r\x80\xd0\x8es\xc2\xc2\xb5\x5e\xf9M\x88\x07\x24\x844\xaa\xed\x92\x5bn\x13\xcb?\x99T\xe5v\xcaU\x8a\xf1\x84\xc4a\xfe\xfd9\xc2\x40\x9c\xec\xa0a\x2a\x82\x7bVV\x07o\xea\x98w\x84f\xa3!w\xac\x93\x98\xffL\x7b\x1e\xda\x95\xf7\x3d\x1b\xd0o\x9d\x86uD\x25\xb6H\xa0\x5c\x9e\x9d\xb4\x40\xdb\x89Z\x9f\xd4\xfa\x94\x0b\x02\xfe\x99\xe1\x95sR\x91\xc2\xdb\x051\xe6\xe7\x19\xda\x12\x80\x2as\x14\xb2M\x98Ac\xa0\x06N\x7b\x60M\xf7mWl\xc9\x00\x9f\xeaob\xff\x2c\xa5\x07\xa4\xc0\xf8c\xe1\x85x\x7cM0dG\x40\x867\x1bh\x1d\x97\x5er\x0f\x27\xb8\x85M5\x19\xa7\xfe\xb9\xbc\x9f\xfc\xd5\x26\x04\xa1\xb1\x97Nb\x84\xc299\xf5\x00\xe8\xf2\x1ae11\x7b\xb0\x1c\x08P.\x16\xdf\xfb\xa6\x0d\x80\xec\x82\x2b\xf7\x2bas\xbe\xc0b\xa7\x81\xc5\xefv\xcf\xed\x8b:\x0dw\xfb\x24\xc3a\xafA\xb0I\xed\x5bN\xce\x1c\x14bJ\x02\x3e\x25\xa8\xc5xM\xd0\x9en\x9bW\x5bdR\x08\xb6s\x05\x07L\xd5\x0e!\xa1\x2a\x1e\x24U\xa3B7\x27\x8dLTsJ\xac\xd0\x5d\x1cU\x1c\x82\xf43\xd8\x5cp\xe5\xce\xd2\x2a\x01\xeb\x826F\x94\xf4\x9c\x94\xa7\xe1\xd3\xdf\x8d\x03\xec\x9d\x1cl4\xeb\x8c\x12\x2d\x86n\xb8\x83\xcaN\xdc\xf2\x1b\xe3\x8e\xae\x9e\x00\xf1\xdb\x87\xb0a\xb4\xcd!\x11\xeb\xbcg\x29\x16\xfb\x06\xb9\xc7\xbb7\x10\x1d\x04\xf3\xd6N\xa8\x7dG\x9e\x92\xfcu\xd5\xbb\xf6\x10E\x92\xe5\x2d\x09\x08\x09\xc8\x01\x0b\xa9\xdc\xf8Q\x60\x23\x8d\x9380\xd9\x98\xf0\xc8\xf0\x09\x1aA\x82D\xcd\xa1\x02\xbd\xbf\x2b\x98\xc07\xdf\x2c\x2a\x24\x93\x5b\x2b\x03\x88\x7fQ\xb6\xa4\xcbRS\xe0V\xe3\x05\x7ey\xd0\xfb\x06\xa6\xd1\xcb\x3d\x96\x80\xc4\xa7\xba\x04!q\xcb\xb9\xd8\xad\x13\xc3\xf7\x91\xb8\x3d\xd7r\x09\xe5\x1d\x89\x8dc\xec\xe6\x7e\x25?0\x7b\x3ek\xd611\x19\xa3\xa6\xcd\x930\xf2\x5f\x9c\xa6\xfdbw\xca\xce\x9b\xfd\xe0\x0d\xbd\x8f7\xd9\xd4:\xa9\xc6\xed\xa7he\xf7\xc3D\xc6\x15\x99\x25\xc7\x80\xa2\x25\xeay\xb0\xb0\xcc\xb8\xaf\x3el\xb0\xfc\xa9\xae\x90\xd4\x2d\x1e\x1f\xfd\x3b8\xa0\xfa\x16\xe5Gr\x9c\x7d\xe9U7\x8bh\xb3\xf6\xda\xcb\xab\x2d\x3e\x08\x1d\xe8\x8c\x05\x01\x06\x93\x99\xa9\xec\xae\xf7\xf5o\xd6\xbdQ\x85\xb3\xb08\xc4\x8b\xb6\xc5\xf4\xf3n!\x81\x5f\xf7\x2b\x1d\xb7u\x97\x26N\x15\x80A\xf6\xf8\xc7Y\xb2\xa2\x07\xb2:N\xdfT02\xa4\xc7\x9d\x15\xe4\x80x\x9boG\xd8\x01\x04\x7c6\x82\xdb\xcaE\x28\x19\x96\x12K\xb2\xf6\x9f\xab\xdb\xb0\xc7\x40\x5f\xc9\xe4gy\x0e\x7eF\x8a\x046v\x5d\xd44\xee\xd8\x0b\xa4\x9a\xda\x40\xb19\x98\x97\x3e\x5bf\xb0\xce\xa8U\xe3C\xf3\x14\xbd\x06\xdf\xe1kM\x81\x19a\x80\x0cl\xb1\xab\x9e\xb4\xb3\x2d\x9c\xb4\xbe\xa5uya\x0f\xff\xb8\x3d\xf2k\x9f\xf2V\x0e\x1e\x96\x3b\xad\xa7\xefSPY\xa0\x7c\xf0\x86\xae\x2a\xd2\x8c\x8e\xa5\xbdw\x3d3q\x05\xe3voz3\xb0z\x91Sl\x03\x19Zq\xbd\xf9\xb5\xe4\xf0\x2fE\x91\xc1\xb8P\x01p\xe3\x19\xde\x28\xeep\x19\xd6E\x7d\x0f\x1e7\x88T:Q\xde\xd6\x82\xd8\x3e\x5fW\xdcE\xb9\x19k\x2f\xdf\x99\x0c\x09\xd4Z\x40 \xd8!\xd2\xe7\xd2\xdeFr\xf4\x8b\x9dV\xc3\x0d\x16\xb3F\x9c\x1a\xf3\x7b\x40\xcd\xdb\x29\x07\x00X\xa8\x06\x0b\x82\xddU\xcaF\xceq\x13\xec\x7b\x7b\xae\x08\xacY\x7f\x92g\x1f\x96\xd8\x23I\x14\xb58\xbb\x91:\xb5\x87t\x1fK\x18\x2bw\x0ax\xcb\xe2\x07u\xec\xec\xa3\xa9\xd2u\xd2b\x1au\xce\x1e\xce\xb7\x7c\xea\x2a\xa7\xb7\xed\x5c\xb0\x15\x1b??Q\xa8\xeb\xaa:\xac\xbf2\xc5\x09\xbf\xa5\xa6\xcf\x3bZ6\xee8\x2d1\x11\xcd\xcd\x2a\x0f\xddx\x40kr\x8a\xa7\x98\x08t\xe9\xe8\x9f\x0a\xfe\x2aT\xda\xa84\xd6\xd4\xb9w\x86\x7f\xd1uq\x88w\x1c\x04M\x0c\xf5\xc8\x2b\x95\x85\xeap\x24\xf9\x90\x03 \x95K\x1e\x87\xe5\x87\xd7Sn1\x2b8\xca\x16\xa6\xa4\xeb\x15\x00\xf6\x25T\x8cN\xc0\xad\x13\x89\xfa\xba\xb2\xef\x99Eq\xa0\xfd\xf0\x1cr\x09\x0e3\xd8\xb6\xf7\xd5\xbf\xf7\x22\xf5\x96?\xed\xe9D\xce\x5f\xc8\xc6\x82\xe9MlH\x11\x3c\xdf\x2a\x2c\x80\x9fX\xf0\xd0Q\x16\xbf\xd0w\xf1\x25\xaf\x95\x24\xeb\xbc\xd7\xd5\xd1\xf5\x8f\xb0\x90wYn\xd4\xbf\x2c\xf0\xa2gY\xc1\x11w\x3b\xed\xfd6f\x19\xe6\x8d\x94\xd4\xc2\x09\xd1\x2d\xc74xI\x2f\x9c?\xe83\xf6\x8e\x3c\x60B\x16\x08\xebq\x27l\xd3\x9b\xa6\x9f\x9at\xf4\xd1\x07\x99\xce\x2a\x95\xb0!\xc77\xd3\xe5\x92\xf2\xdc\xc3Z!\xfb\xe9K\x5d\xe3\xd3\x0b\x13\xfe\xf9\x5d.Zm\xa0\xd3\xe8\x0a6G\xdd\x7c\xe3\x93\xbc\x0d\x24K\xe35\x19\xe6\xe6\x1dJu\xf9\xdc\xbb\x15\x90\xe9\xbb\x258\x80\x95\x8cR\xbc!.\xb0\x2a\x11\x9b\xbcY\x0cL\x22\xcb\xe1\xa0\xb4\xe0\x1f \x25\x8c\x02\x25\x19\x84\xe8\xde\xb5\x0b\xec\xd2\x2fu\x94\xd9\x0f\x9eI\x02i\xdf\x0a\x98\xef\xb2\x16\xbe\x945O\xf3\x8b\x7f\xd7\x7f FQ\x0aew\x9c\xafUk\xcf\xf8\xcc\x8c\xbe\x27m\xd3\xae\xeaG\xe7\xba\x3d\x08\xb9NRL\xff\x5f\xf7\xfc\xbe\xd9c\xc1N\x81\x16\x86\x2a\x13C\x9d\xf7\xec\x12\x29\xb7\xa8\xd7\xaa\xb0\xc7\xb6o\xdb\xb6\xb0Z\xbf\xe6R\x17B\x23\xf6f\x16\x08\xfdLjx\x9csa\x7ct\xed\x047C\xd6\x1fA\x9b\xda\xa2\xbaa\xc388\x1d\xe2\x88U\x0b\xa9\x2f9\xad\x2c\x8d\x22t\xdf\x00\xfbh\xe3\x98n\x9eI\xf8n\xca\xf7\xe1XD\x5cA\xa87\xe9\xdeWg\xd9\x85U9A\xdcy\x1ea\xa4\xb3m\x24O\x8a\x3e \xba\x98\xd3\x86\x07\xb1\x7d\x2d\x83\xb6\xe0\x3d\x02mt\xc4\xa2\x7e\xb9\x06\xed\x1d\x80\xd3q\xb2\x5cA\xbav\x5b\x902n\xbce\xba\xa5..\xd5QD\x92\xed\x7e\xc7\x8d\xd6\xc0\xc5\xe6\xee\xb0.\x07\x7c\xe4\xdd\xed\x2c\x12\xcd\x80\xc3\x0d\xd8\x5f\x24K?\xe0\xcdl\x1f\xbc\xf0\xb7\x9fO\xa0\x12h\xbeG\x1a\xfd\x19P\xe6\xfbF\xf0\xf0P\x92\xde\xc0\xf5\x24\xa4o\xe1\x60\xc0gP\x2a\xf2\x2c\xefJ!\xe6\x19\xac\x8e\xb5\xe0Y\xcc\x25t03\x5d\xb3Q\x1f\xf4\xcf\xb7\x09\xb5\xd6\x11\xc5\x5d\xb5\xc7g\xfb\x8f\x3bo\xb8\xdb\xc6\xe7\xef\x94\x7b\xb8\x8c\x15\x05\x0c\x98\xd3\xc2\xbe\x24TR\x17\xd2\x1a\x81\xfe\x9a\x5c\x99\x84q\x9a\x87\x88i\xc2\x26\x5c\xb2!\x8f\xc5\x1d\xde\x28B\xace\xfd\x9c\xfa\xa8j\x09\xbc\xb56\xf4\xb7\x86s\xef\xc3R\xbe\x24\xf6\xfc\x97\xc0\x03X!f\xfc\xa7\xb6\xb7\x04\x04k\xdf\x06d\x7cS\x84X\xc5\x95\xefg\x06g\x0c\x95\x15\x28\x25\xc2\xbb\x5c\x19\xb3\xea\xbd\x28\xd8\xab\xcdG\xd6\xeb\x15X\xd0k\x05q\x83\xa4\xc5\x0d\x60\xf3\x3eu\x99B\xbb\xd8y\xe3\xd5O\x0d\x80\xe34\xd8\x15\xed\xd1\xec\x90\xb6\x11V\xc4\x28sr\x96\xf7\x9a\xdft\x14\xdf\xd1s\xccT\x87\x12\xcd\x5dn\xb5\xb2\x14\xe73\x9a\x0ed\x2a\x04\xe9L\x3e \xec\xe7\x9f\x2bo\xff\xc7\x15?q\xca\x92\xee\x92\xe2\xe6\xa2\x01CSy\xfa\xc7\x23\xeb\xa7\xf7\xc6m\x7b\x5b?\x06sh\x3e\xa7\x25O!\x1ay\xac!\x9b\xee\x1c\x04\x9b\x0c3\xba\xbd\x86LE\xd2\x8f\x87KYx\x3dN\x5fHHC\xd2\xf8\xc7\xb6\xccE\x17N\x9dU7\x1fI\xd3\xdd3\x1c\x849\x8c\xdeI\xca\xfa\x2f\xfa\xbdQ\xfe\x98xA6\x99\xfcg\xae\xa3X\x7b\x87\x95\xa3\xe6\xfe\xb8\x2f7\xbf\xaa\xc2\x9cn\xf3\x0b\x0f\xee\x09\x2fAM\xba\x04M\x0b\x83\xa8\xa5W\x1b\x016Ln\x059\xc2\x84pt\xd6\xc3v\x9f\x261\xd3Wq\xb1J\xccf\x5e\x85\xc5\x5c\x5e\xb1\x90\x9c\xd5\x60\xe3\x80\xee\xc6\xa5\xa1\xb2b\xbf\x9e\xa6\xd3\x94\x824\xd7a\x3c\x18\xfa\xbf?\xa7\x3d\xef\xf1D\xab\x83Lj\x1f\x114\x1b\xc2\xf0\x9e\xf3ts\x3e\xef\xa3\x26o\x88b\xa0Y\xe0\xc7?\x93\xf3\xb1\x1f\x03\xbce\xc3.\xf8\xf3\xe4\x28\xed\x28\x25FHSCf\x83\xf1\x7f\x9e\xf2XVYd\x15\xab\xb2\x19\xcc\x9dS\x28\x00\x95I\xc1\xac\xbamkB\xb6E\x2dF\xb8\x5d\x0a\xe4\xe7\xffw\xdc\xbe\xb9\xe9Q\xc4iV\x9f\xe1\x9d\xf2\xa7\x1e\xcc\x84\xc4\xb8\xafp\x05\x01\x1d\x00y\x9c\x7e\x2f\xdb\x93\xb1\xcd\x9eh\x0an\xc4\xae\x12\x00\xf3\xfd\x9e\x8cD\xc7\x0f\x9a7\x5fY\x3d\x27\x86\xbd6IX:\xfe\x2d\x5c3zX\xd4\x7fs\x15\x26\xe9\x5e\x09S\xb4\xc8\xa3\x0eb\xaa\xd7\xed6\xc8\x09DF\xd6\xdc\x3e\x12\xce\xf8\xf3\xdf\xd9\xf6\x16\xcc7\x11\xdf\xce\xf5\xeb6M\xa09\x1c\xda\xb8 ghm\x95\xda\x08\xc8\xd0\xdb\xd17z\x0a\x97\x8d\xab\xe8\x0b\x89\x60x\x3c\xd0\xda\x87\x0e\xa8\xb7\xcekq!k\x94\xba\xf16\x9c\x3e\x24\xaa\xe3\x83Y\xb5\xcf\xb3\x07\xc2\x01\x40\x7e\x87O\x9d\x0a\x89Ve\x9f\xc2\xd7\x1fg.tz\xe4\x98WE\xab4?J\x91\xbau\xf2NG\x0bL\x0ac\xc2\x0b\x25\x3c\x9b\x86\xa8\x10\xa6\xb39\xac\x09\x3d\xb4\xd3\x84\xff\x97\x1b\xb8\xf9\x9b4\x17\x24\x8e\x5b\xe0\xf3\x7d\xaa\x842\x91\x13\x01\xed\x90\x7d\xf4\x5c\x5e!\xec\x28\xd5\x94\xae\xc2\xf8\x8d\xd5\xbe\x977\xb7NX\xce\x0d\x5d!\xb5\x08\xec\xffu\xdelFY\x91V\x5e\xeb0\x5fg\xc1cH\xc7\x86\xb9\x5d\xf0\x03w\xe8\x2b\xc1\xe4\x88\x09K\x97\x0a\xed\x91\x1dF\xbe\xc5\x88l5\x27\x14\xd9E\x05c\x2d\x00g\xf5\x02S\x05\x06\x94\xab\xb6\x5f\xfe\x3c\x909\x7e\x8b\x0b\x91\xbe\x87\xa6\xb8W\xdb\x10\x1e\x93P\x81\x8c\x606.\x99\xa4\x9f\xba\x80n\xb6\x94\xb6\x3c \x18\xaa\x0b\xb0\x2c\xd6\x8b\xcfs\xa8\x85\x09\xe4\x2c\x00\x82\xa4\xdf\x82\xa6\xa0sK\xef\x7c\x07\xd9\x8dG\x259\xbdJ\x9b\xc3\xe2nT\x25:\x7b\xf0\xac\xf9\x27\xeb\xf7\xaa7\xe1\x0b\x5b\xa7\xde\x06\x2c\xc9x\xd0\xcd\xea\x91\xc0yW\xc1W\x045\xfaJ\xcd\xc07hJw\xd6\xafL\x1aL\xb2\x93\x99\x15\xd1rk\xf2\x0e\xef2\xb8P\xf9\xb7\xa7\x24\xea\x7ff\xeb\xf9?J\x2c\xd9\xab.Zc\x9b\x0a\x0a\x8d\x07\x93\x3bm\x032\xd2\x91\xc4\x2b\x15sZ\x11\xaeJ\xb9\xcco\xa5\xef\x88\x89\x7b\xa4\xfb\xa1c!\x98\x10\xc1\x93\xbf\xac\xbaO\xec\xf0\x9a\x02\x97\xe1\xf9\x15\xde\x247\x1bA\xcbP0\x8b\xd9\x12bx\x0a\xf3\x8a\xce\x2dj1\xf5\xa5\x40\x1dj\xbf\xcf\x8f\xef\xb4\x3e\xe4\x90\x10\x00x\xcfo\x1e\xa8lZ4\x17\x18\xb0\x93P\x8c\xcfj\x15\xe00\xbc\x87U\x28\xe5AF\xd0\xc8\x3eb\xf5\xa5\xd5.\x7f\xb3\xe9\xfb\xd0\xc0\xb5\x9e\xab\x00\x1f\x07\xbe5\x89\x88cA\xa0\xa1\x9e\xe5\xcb\x25\xd2\x06\xde</data></match></read>
    <read><length>50</length><match><data>Welcome to the EZ Barcode Encoder\x2fDecoder Service\x0a</data></match></read>
    <read><length>21</length><match><data>\x2d\x2dSelect an option\x2d\x2d\x0a</data></match></read>
    <read><length>23</length><match><data>1. Input a new barcode\x0a</data></match></read>
    <read><length>22</length><match><data>2. View barcode ascii\x0a</data></match></read>
    <read><length>26</length><match><data>3. Generate barcode image\x0a</data></match></read>
    <read><length>24</length><match><data>4. View cached barcodes\x0a</data></match></read>
    <read><length>25</length><match><data>5. Clear cached barcodes\x0a</data></match></read>
    <read><length>8</length><match><data>6. Quit\x0a</data></match></read>
    <read><length>5</length><match><data>:\x2d\x24  </data></match></read>
    <write><data>3\x0a</data></write>
    <read><length>22</length><match><data>Select Cached Barcode\x0a</data></match></read>
    <read><length>27</length><match><data>    0. Return to main menu\x0a</data></match></read>
    <read><length>5</length><match><data>:\x2d\x24  </data></match></read>
    <write><data>0\x0a</data></write>
    <read><length>21</length><match><data>\x2d\x2dSelect an option\x2d\x2d\x0a</data></match></read>
    <read><length>23</length><match><data>1. Input a new barcode\x0a</data></match></read>
    <read><length>22</length><match><data>2. View barcode ascii\x0a</data></match></read>
    <read><length>26</length><match><data>3. Generate barcode image\x0a</data></match></read>
    <read><length>24</length><match><data>4. View cached barcodes\x0a</data></match></read>
    <read><length>25</length><match><data>5. Clear cached barcodes\x0a</data></match></read>
    <read><length>8</length><match><data>6. Quit\x0a</data></match></read>
    <read><length>5</length><match><data>:\x2d\x24  </data></match></read>
    <write><data>1\x0a</data></write>
    <read><length>18</length><match><data>Input barcode as:\x0a</data></match></read>
    <read><length>24</length><match><data>    1. String to encode\x0a</data></match></read>
    <read><length>46</length><match><data>    2. Barcode encoded in ascii \x28\x22\x7c\x22 and \x22 \x22\x29\x0a</data></match></read>
    <read><length>22</length><match><data>    3. Barcode bitmap\x0a</data></match></read>
    <read><length>27</length><match><data>    0. Return to main menu\x0a</data></match></read>
    <read><length>5</length><match><data>:\x2d\x24  </data></match></read>
    <write><data>2\x0a</data></write>
    <write><data>\x7c\x7c \x7c  \x7c    \x7c\x7c\x7c \x7c  \x7c\x7c  \x7c  \x7c\x7c \x7c    \x7c\x7c \x7c\x7c \x7c\x7c\x7c\x7c \x7c    \x7c\x7c \x7c  \x7c  \x7c\x7c    \x7c \x7c    \x7c \x7c\x7c  \x7c    \x7c\x7c  \x7c \x7c  \x7c  \x7c\x7c\x7c\x7c \x7c  \x7c\x7c\x7c  \x7c\x7c \x7c  \x7c\x7c\x7c\x7c \x7c  \x7c\x7c   \x7c \x7c\x7c\x7c \x7c\x7c   \x7c\x7c\x7c \x7c \x7c\x7c\x0a</data></write>
    <read><length>36</length><match><data>Successfully added barcode to cache\x0a</data></match></read>
    <read><length>25</length><match><data>Barcode text: 8gyihcjr1t\x0a</data></match></read>
    <read><length>21</length><match><data>\x2d\x2dSelect an option\x2d\x2d\x0a</data></match></read>
    <read><length>23</length><match><data>1. Input a new barcode\x0a</data></match></read>
    <read><length>22</length><match><data>2. View barcode ascii\x0a</data></match></read>
    <read><length>26</length><match><data>3. Generate barcode image\x0a</data></match></read>
    <read><length>24</length><match><data>4. View cached barcodes\x0a</data></match></read>
    <read><length>25</length><match><data>5. Clear cached barcodes\x0a</data></match></read>
    <read><length>8</length><match><data>6. Quit\x0a</data></match></read>
    <read><length>5</length><match><data>:\x2d\x24  </data></match></read>
    <write><data>4\x0a</data></write>
    <read><length>16</length><match><data>Cached Barcodes\x0a</data></match></read>
    <read><length>24</length><match><data>    1. Text: 8gyihcjr1t\x0a</data></match></read>
    <read><length>21</length><match><data>\x2d\x2dSelect an option\x2d\x2d\x0a</data></match></read>
    <read><length>23</length><match><data>1. Input a new barcode\x0a</data></match></read>
    <read><length>22</length><match><data>2. View barcode ascii\x0a</data></match></read>
    <read><length>26</length><match><data>3. Generate barcode image\x0a</data></match></read>
    <read><length>24</length><match><data>4. View cached barcodes\x0a</data></match></read>
    <read><length>25</length><match><data>5. Clear cached barcodes\x0a</data></match></read>
    <read><length>8</length><match><data>6. Quit\x0a</data></match></read>
    <read><length>5</length><match><data>:\x2d\x24  </data></match></read>
    <write><data>3\x0a</data></write>
    <read><length>22</length><match><data>Select Cached Barcode\x0a</data></match></read>
    <read><length>24</length><match><data>    1. Text: 8gyihcjr1t\x0a</data></match></read>
    <read><length>27</length><match><data>    0. Return to main menu\x0a</data></match></read>
    <read><length>5</length><match><data>:\x2d\x24  </data></match></read>
    <write><data>0\x0a</data></write>
    <read><length>21</length><match><data>\x2d\x2dSelect an option\x2d\x2d\x0a</data></match></read>
    <read><length>23</length><match><data>1. Input a new barcode\x0a</data></match></read>
    <read><length>22</length><match><data>2. View barcode ascii\x0a</data></match></read>
    <read><length>26</length><match><data>3. Generate barcode image\x0a</data></match></read>
    <read><length>24</length><match><data>4. View cached barcodes\x0a</data></match></read>
    <read><length>25</length><match><data>5. Clear cached barcodes\x0a</data></match></read>
    <read><length>8</length><match><data>6. Quit\x0a</data></match></read>
    <read><length>5</length><match><data>:\x2d\x24  </data></match></read>
    <write><data>6\x0a</data></write>
    <read><length>56</length><match><data>Thanks for using the EZ Barcode Encoder\x2fDecoder Service\x0a</data></match></read>
</replay>
</pov>