<?xml version="1.0" standalone="no" ?>
<!DOCTYPE pov SYSTEM "/usr/share/cgc-docs/replay.dtd">
<pov>
<cbid>service</cbid>
<seed>5ad7b0f3b338c8f3113b95b544e328fa2435025497aefbe2e24c6bb6b549a1523c645a7531dd4f99c296dca79a60325d</seed>
<replay>
    <delay>50</delay>
    <write><data>\xe2\x82\xd8\x2f</data></write>
    <read><length>4096</length><match><data>\xe2\x82\xd8\x2f\x28a\x88\xc5\xff \xa6\xaa\x9aq\xb0\xb2\xaa\xf3\xb7r\x04GA\xd2C\xc8h\xee\xeb\x2b1\x10\x29Q.\x98\xd9\xa6\x7d\x3es\x08\xb9\xe3\xa7\x3d\xe0\x5b\xa0FsQ\xc2\x2d\x9f\xc1\xea\xf5\xba\x25\x80\x7c\x1a\x95\x81\xa4\x99\x93J\x8bk\xaf!f\x0cc\xc84\x10\xab\x09\x89!\xb6o!\x8e7\x27\xcc\xa81M\xb7\xcdS\xdb\x86s\x91\xc83\xb7!Z\x80\xbd\xe7\xa1\xde\xc10\xac\x91\x98\x2c\x2bz\x08\xd2\x5bo\xfd\xb6P \x11X\x11\xd5\xcb6\x84\x9c\x12\x7b\xc2\xeb\x7cW\x9e4\xdb\x5c\x0b\x98x\x7fcm\xd5x:\xdc\xc0\x89\xa0H\x40d\x5f24\x5c\x09\xac\x7f\x0d\xe1\x81\xa4j\x80\x8f\x3c\x3c\x3e8R\x3cBn\xd1C\x819h\xc2\x10 \x90aM\xac\xc9\x87\xa0\x99Jb\x0d\xb5\x8d\xf5D\xdb\x18\x11\xc8\xfcu\xf5\x82fRr\xc8\x26F\xaf\x07D\xbd\x07A\xe9\x13\x26\xc6\x00\x96\x8a\x7cb\x0b.r\xde\x2b\xc0SK\xc3\xb4\xb0\x03\xb8z\x25\xf7\xb2\x84\xf9\xee\xaer\xaa\x22\xc0\x994\xb1o7f\x7eVV9\x27\x98\xbd\x23Z\x9eX\xed\xa9\xeaG\xd0v\xec\xa9\x98\x29\x97m\x8d\x5ds:\x89\xe4\xd8\xe9\xa46\x04\xf2hc\x10\x3c\xa4\xc4u\xe1\xbd\xaf\x05\x23\xd7\xecK\x92\x13L\xbf\x91\x14\x3e\x0a\xcd\x2b3g\xa6\x5ehM\xf2\xa4\x8e\xb0\x0e\xaa\xd1\x81\xa3Z\xd9M\xc4\xd6\x9d\xc9\x5b\x07\xe7\xa0n\x1b\xbdi\x3e\xb3\xb5\xc6\x85\xa1\xf5\x81\xe2k\xc1\x5f\x04g\xac7\xbcdW\xa3\x40\x3c\xc7\x2c\x049C\x97\xe0\x84\xdc\xdb\xe6X\x16\xd19\x99\xb7V\x5fBA\x2d\x09\x09?\x2c\x40\x06\xce5\x98\xc2\xbd\x7erE\x23\x14\xa9b\xeb\x0e\xa7\x8e\xbe\xd3\xde\x1c\xa2\xd7H\x8c\x83\xb7\x05\x95\xc0\x1c\x17\xe3\xb09\xfe\x26F\x85\xec\xd9\xca\xa9\xb7\xe86yo\x18\xf2\x8a\xb4\x1f\x3c\x19\xdd4\x95\xcdxc\x7d\x16\x1b\xf3V\x7bK9\x232\xfd\xb91\xe9\xb0\x8c\xd0\xfb\xc0\x5d\xbd\xba\xbe\xdf\xb2\xa7\x87\x08\x14\xd0V\xdeM\x60\x0a\x24\xc49\xc5E\xd9o5\xbc\x85\xd1\x9dmf\xa2\xe1H\x087\xf3m\x09\xc6\x93O\x19P?q\xd4\xf6\x9c\xa1\xfa\x98\xf6\xc8Xg\x0c\x80?\x29E\xa8\x7b\xe9\xcbJ\x8a\xc0\xd3t\xee\xac\xd9\x95\x03\x9a\xd4\xd9\xdc\xe3\xb2\xb3\x86\xeb\xe9M\xe0t\xa9\xf1\xce\xfa\x25\xc8 \x29\xe6\xcc\x8a\x15\xc0tS\x85\x2f\x09k\xc1D\xa8\xf6\xe7\xdd48\x9aO\xeam\xbc\x01\x8e\xde\x2bv\x86\x13\x9f\x1e\xefs:\xb2\xe32\x84\xf76\x08\x8f\x1e\xfd\xa0F\xd7\xda\xb0\x1b\x29\x91\x10V\x8f\xd3\xee\x85\x9d\xde9\x17\x27\x03t\x8b\x95\x93\x9b\xef\xf8\x22\xcamYB\x03\xc1\xe6\xf2\xb2\xa8\xc0K\xdc\x26\x02\xe0\xf6\xfe\x1d\x07\x3bzd\xbb\xe8\xe5\xa8\xf1\xe8oeE\xe0\x0a\x8et\x82\x7c\x40\xab9J\xdd\xfc\xe0:\x7f\xb2\x9chb\x2f\x0b\xa2z3bcV\xb2\xefn\x7b\xd2\x9d\x89\xb5E\x9a\xf7\xad\x9f\x7c2\x06\x7f\xdb8\xf4\xb5\xa36\xd2B\x2f\xb98\x90\x0e\xd5\x16y\xabU\x85\x88\x96\x27?\x3b\xda\xf2U\xf6W\x07p\x19\x9a\x27\xb4R\x07m\xbeN\xc4\x60t\xab\x4071\x85\x85\xc4\xe7\x0d\xc6\x16l\x8f\xa8\xcf\xc9\x98DU\xaco\x05\x25\x9d\xbe?\x94\x3b\x07\x3e\x3e\x23\x93\x8b\x3c\xde\x96\x3b:\x80\xefOA\x25kbz\xe9\x06\xd91\x27\x9e\xe9\x16\xb6\x3c\x0f\x87\xb9\xd65\xab\xa9\x7f\x8ez\x0bb\xfb\xc7?\xd1\xde\x00\x9f\x3c\xfa\xc7\xc2V:\xa5\x833d0\x9cH\xbf\x93\xa3\xee\x29\xe1\xe3\xa9s\xc00\x5e3\xe4t\x09\x17GZ\x10X\xc4\x10\x3d\x88\xa6r\x7f\xb2\x2czy\xde\xd4\x1a\xebp\xa9\xff\xf8\x99\xf6\xa4\x8aw\xe4\x04\x8d\xbb \xae\x26X\xc0\x86C\xed\x2b\xa8\xffSQ\xf9\xee6\x89\xd6\xf0S\x98\xea\xa7\x3b5\xb6g\xaa\xa0\xea\xfbI\xef\xbd\x0e\x8b\x06\xd8\x90Riq\xc332\xcc\xa1\x1c\x22\xd0\xd9 \xd8\xc5q\x12\x165h\x7b\x00E\x00\xa3\xd1\xde\x03\xeev\xaa5\x9fU\x86\xaf\x85\xebz\x86\xf0\x0a\x94\x1b\xeeV\xc4\xa2\xd7\xa0\x227v\x2d\x07\x01uKv\xd93D7\xfd\xf0\x02\x28\xf9\xc0\xba\x80\x06\x8a\xbb\x92xH\xd6\xba\xf9\xf6\x23\xd1G\xdf\x2b9N\xc8\x82\xdb\xc4\xc5\xe3\x0flr\xf3\xfe\x02\x60sasI\xf4q\xa6\xdb1IGPEQMZC\xc1\xec4C\x7bV\x8eN\xd1\x8dY\x1c\x24\xc5\xdf\xfe\xea\xb5\x602\x9c\x8b\x8abw\x8d\x1cB\xb1t\x1c\x9f\xe1x\xf8\x0c\x05\x5di\xe7\x0e\xf9\x18dvBq\x90\x5e\xb1\xfd\xd2\xd1\x05\xf7V\xba\xe7\xb0\xcb\x82s\xf9U\x99\x3c\x15\xb4\x9ffj\xf4\xbb\xe1\xdbD\xa1\xb7\x15\x5b\xda\x9a\xa7\x9c\x983D\xde\x842\x81\x03\xe1\xe1\xe7\xab3\x185f\xc7\xb3\xdb\xb4\xd1E\xe3\xfa\x3b\x3e\x0a.d\xdb\xbfx\xf48\xec\x97\x99\x60\x99\xc3\xa6E\x1d\xd2Q\xf5\x40\xe5\xad\x08\x23\x9f\x88e\xe6\xdd\x1d\x08\x8c\x96\x12\x3e\xf4\x12\x16\xe6\xb7\xfd\x82W\x91\xcd\x2f\x9d\x81\xd3R\x94\x0d\x00\xd6\x82\xb3\xb9\xdd\x0b\x95\xd6\x7c\xce\xcb7A\xbc\x13\x1a\xd7\x02\x7b\x05\xda\xc8r\xe2\x88\xaduK\x2c5\xa7\x2b\x0e\x85\xc2\xd8\xfa9r8\xd7\x08g8\xf4zX\x06Bc\x1esq\xb0\x8a\x8a1\x90\xb3\xffM0\x1d\xd5c2\x05\x05\x03\xf2\xbf\xd7\x93\x13\xbd\x96\x25\xb1\xbb6\xc0\x1c\xadm\x19o\xef\x8d\xdao\x8d\x0e\x7e\x16o\x2dl\x8b\x0b\xd4\xf6\xc5\x9c\xf0\xf3\xeeiBT\xd9\x11\xdc\xf4\xba\x95\xa5\x2b\xd1\x2d\xde\xbdh\x2d\xb5\xa9z\x5d\xdfG\x98\xe5\xd7\x2bC\xdchH\xdc\x99F.vYaP\x83\x19\x22\x3e\xfc\xcd1\xc4\x84\xd9\x80\x2bk\xd4\x2b\x7b\xfbr\x02\xff\x25\x90\xb8\x9a\xbd\xbf\x96\x963\xc7\xedbS f\x2a\x3b\x99\x02\x13\xc4\xa4y\x1b\xeb\xf0\x27\x1b\xde6\xc5\x26q.\x08\x3b\x06c\xc2\xc0wf\x0d\x7dS\xd5x\xf8\x94\x3e\xfbS\x11\xe9\x1cM\x92\xfbU\x8c\xfb\xde\xed\x60\xbd\xaa\xd7\x15Q\x29\xce\x17\x9c\xe3\xd7\xe9a\xf7\x93!B\xb5\x93\x5bQ\xe0\xf5\x1eq.\x3e\xe6\x8b\x94\xbdB\x1c\x84\xa7\xf1\xcc\xf2\xc3\x24J\xca\xceE\x27\xf2w\xe0\x1bU\xd63C3\x83\xba!sk\xc6\x40\xd1\x10\x2aT\x92\x0d\x16\xf7\xa7\xcc9\xddC\xd1\x09O0\xfe\x02\x83\x83\x96\x96\x98\xed\xef\xe9\xec\xd8\xae \xaa\x8f\x9aT\xe0\xf0\x15fd7\x15\xeas0\x1dlv\xc8\x04\xc9\xf0\xf8\xf7V?\x0f\xb6\xa7\x5cA\xf4\x93\xc3\xc5\xa0\x28\x0c\xc3p\xe4V\xd6N\x1c\xcf\xe9\x2c\x11\xd60J\xf4\xcfh\xda\xbd\xfa\xbcW\xdb\x88\xf5\x02\x09l\xc0\x7eRH\x60g\x5b\xbf\x94\xd4\xd9\xec\xb4\xd4\x96\xad\x82\xe6\x87\x12 \xa4LT\x89\x86\xd8\xb2\xa7\xa0\x93\xf7\x83\xa3\x93\xa5\x8a\x18\x86\x0c\x2c\xbfF\x94\x90\xda\x87\x8f\xda\xcc\x1d\x3c\x92\xd5\xea\xcd\xe2\x81\x9e\x0a\xacR\x8c\xd6\x1c!r\x07F\xa7\xf8\xfe\x291\xd1X\x7d\x0cRu \xd0\x00\x05\xbb\x02\xe9\xa7\xed\xa1\xf1\x00\x87U\xee\xf2z\x25.\x5e\xfe\x3cST\x2f\xc7\xc0kV\xed\x2bT\x3e!Z\xa9\xd5\xb6S\xd7\xd4\x15\xc7G\x13\x11\x08\xd4\xa3\x8c\x93\xbc\x9f\xdb9\x98\xbf\x40\xb2\xf9\x12\x7fJ\x25u\x8f\x9a\x05\xb2bp\xf8\x3c\xf9c\x280\x1eQ\xdb\x9b\xccw\xfcq\x08\x8d\x7c\xe9\xb64?5e\xaa\x99\x5d\x9f\x7ea\xa4k\xd6\x07\xb3\xc6\xc0R\x1fNX\xf1\xd7\x93\xb0\xb0q4\xbb\xe9\xdai\xd1\xe3\xb5Un\x2d\xba\xbd\xa6\x5f\x7fo\x8a\xdc4\xce\x7e\x83\x7c\xf6\xb0H\xd0\x90\xcacO\xe4\x05\x84O\x0f\x60\xd2\xa8\xf9\x7bQ\x07\xfe\xd4s\xc45\xd2\x13K\x1f\x7e\x10D\xd7U\x04!\xbe\x0d\x16\x85\xa5\x7cQY\x09\x06\xb27k\xa9\xe8\x7c0\xc4\x10\xa8\xf5\x28\xf5\x9d\xb7\x5e\x9d97\xed\x90\xd9\x86\x97\x97\x00\x7e\xc0\x03\xb62\xc0\x97\xbd\xeb\x0eM\xcb\x2fU\xb3\xd6\x0c\xd9\xa2\xde\xa9\x3d\xe9l\x98\x1d\x12Z\xd1\x07w\x11\x5c\xc3\x1e\x12\xb5\xef\x07\x9e\xba\x82\xf0\x19\xfe\xab\xfd\x87\xdd\x3e\xc1\xc3\x9d\x96\x2d\x115\x08b\x85\x22\x3b\x06\x5fM\x88\xe3\x5f\xa9\x3b\x1f\x02\x5e\xea\x08\x0d\xed\xae\x8f\x2ft\xf2\xa4B\x827A\x05\xa2\xf0\xe6\xb9\x9b\x8fn\xfb\x40\xdb\x27\xd6\x11\xe3\xcaw\x0e\xdc\x1a\xce9\x22\x82\x96\x3bqp\xd8\xd7\xa9\x5c\xa1\x2c\x40\x5e\xca\xc1\xe6\x5cu\xb5\xe2\x8c4\xd2\x8c\x13\xb9p6\xf9\x3c\xf3\x8cf\xdf7\x1c\x3cI\x81\xa5\xe70\x8e5H\xf0\x11\xff\x3b\x5eQ\x12\xd4\x0b\x3c\xdab\x91\xda70\x81\x2b\xde\x8b\x11?V\x85\xfbg\x94\x3b\x02\xfe\xc33\x9b\xff\xa5\x98\xc4 \x11\xc9\xc2\xccJJ\x15\x18\x0dZ2 j\x28\x99\xb41\xc2\xbc\x3b\xb4\x3d\x84l\xdbE\xa3J\x9d\x92\xd4\xd4s\xafP\xb5\x84\x81f\x5b\xacn\x29\xa7\xb0\x9eY\xc0\xc0\xbc\xf4\xe8\x600\x16\xcf\xf2\xae\x1d\x9b\xd3\xc8\x8c\xfc\xd2\xc9\xdb\x15\x11\xa9\x82\x13\x3b\x9a\xe6P\x25\xc1\x7eg\xd1ak\x5f\xbf\xcc\x85\xfe\x85\x9c\xd9\xaa\xb2\x3d\x92Y\x9c\xad\x23\xbe\x2f\xd8\x7c\x08\xc8I\x09:\xb2\x3d\x80\xb8\x91\x3b\xe5\x84S\x02\xc8\x06\x99\xc6C\x11Dv\x99\x25w\xf3\x3emb\xd1\xd8\x13a\xfeIPgC\x2a\x96\x9c\x2f\xf1\xcf2\x96\x3d\xcb\x86\x96lN\xbf\xdf\xd1\xc4\xde\x8a\x9ek\x8aS\xe3\x3bBn\x1dj\xc4j\xbcD\xde\x17\x99X\x82I\xb0l\x81\x8d\x19S\xcd\xc8\x23T?\xf3M\x5c\xb2\x0d\x0c\x60\x2d\xe4Gj6\xb1:\x7f\x85\xaaU\x0bG\xb8i\xbb\x8b\x82\x05\x262\xd4\x12\x92PI\x1af\x2d\x88 \x90\x09.VB\x10?7\x2a\xbeYPS\x8c\xd9\x1e\xe1\x95\xa75\x17\x0f\x22o\x94\x0b\xbf\x18\x10\x0a\xea\xfe\xe6\xbeU\x2d\xc1w\x02\xe0\x9b\xfcS\xd2U\x17\xc4\x95\xc7\xd7\x90\xb2\x2a\x98\x02\xce\x0a\xbb\x83\x5d\x1d\x8c\x1b\x80\x05\x9e\x85\x1a\xe6T\xd1\x0a\xfd\x24\xb3\xf5\xc9q7\xfa\xc6\xd6\x5e\xc2\xa0kKj\x83\xe3\xb1\x94\x05\xaa:l\x1c\xac\x10\x19\xbf\x98\x7b\xd1\xa6\x1dTn\xd7\x036N\xd6\x84\xda9\xc8\xba\x98\xdf\xbc\x83\xbd\x1b\x8f\x00W\xa9\xf4\xe1\x81\x9b\x5f\xa5\xc8\x9d\xd6\x8a\x93\xa3\xfeo\x13l\x8f\xa0\xff\xd2F\xfb\x0f\xd1x\x1d\xac\xeeWp\xaeW\xaa\x7c\x10\x8e\xef\xca\x07\xa7\xe3\xb4\x88\x2a\xe0\x5f\xda.:b\x9a\xc1\xf9b\x606s!\x8c\x2d\x7b2\xf8\x90\x15\x15\x88\xe5h\x99\x24\xff\x82?b\xc3\xc2\xa3\x8aa\xf5\xad\x0b\xbaRx6o\x1b\x5cr\xba\xa9\xe4\xe4\x3e\x3c\xa4\x1af\xc8c\xbf\x2f\x3b.\x2f\x98n\x9b\xd4\x085\xf6\xbc\x27\x2a\xa3\x3b\xec\xfbCl\xc4\x05\x97\xf2\x80\x11\x80\xb0E\xd1M\xadJ\xe6\xba\xf7\x7b\xfdhV\x8e\x90\x88\x82\x1d\x24\x7f\xb4\xd4\xbb\xc7l\x09u3\xbe\xce\xc8\x14\xeeF\x95\x2b\xb8\x1e\x97\x90D\x5f\xf7\xf1y\x08\x92\x83\xf3\xf9\xc2I\x83\x8c\x9f\xb9\xb89\xbcxFd\x5c\x14\x8f\xd2\x0d\x1aX\xffVt\xdcf\x1e\xe93\xad7\xde\x2d\xfa\xe3wI\x7eE\x3b9\xe7Q\x27\x87\x2c\x5d\x0d\xf7\xf9\xe8\xf2\xce\xe6\xc1\x86\xdfU1\x23\x17\xbe\xc8\x8a\x8e\x14\x80\xa7\xff\xf1\x09n\xb3\xbb\xb8\x0a\x10\x00\xe6\x9f\x00\x02D\xb8\x9d\xa2e\x89f\x85\xe8N\x0a\xe8\x84\x02\x16\xfd\x0f\xfa\x1a\x1cr\xa7\xd9\xe3B\xd1\x05\x3e\x85\xf9\x8cR\x3c\x00\xc7\x8a\x91\x1e\x3d\x3d3\x8ew\xd5\xf3\xfe3\x9c \x8c\xd5\x29\x9d\xfc\xff\x1e\xcei\xe0\xf2\xb2?\xed\xfc\x85\xfa\x85\x9b\x7f\xb1\x07\x82E\x94PG\xb7\xeb\xd8\xe4\x94\xc5\x0c\x8d\x5c\xd8W\x0a\xb3O?j\xc9\x9e\x9d\x8b\x07\x89H\xf2\xb6\x87\xd0\x3d\x86\xb3\x2aF\x9d\xf4P\xb7\xa5\xc1\x1bq\xc0\xb3 !Ma\x9b\x7f\x5fA\xd8\xac\xde!\xf1\xaba\x17D\xb0\x1a\xa2\xb1.3\x0a0\xd9j\x28\xa5\x2c\xcek\xfc\x60\xeb\xfcH\x17\xd6\xb3\xec\x89\xf8\xe1\x7d\xd2\xe9\xc5\xaaY\x2c\xf0\xfa9M\xd1\x87\xe2\x14\xb3 Kqe\xb5\xe7\x0dflC3\x00\xf5\xba\x12\xfb\xe2\xd6\x19q\xf8\x24WU\x8c\x99\xc4\xe0\x89\xb4\x16\x295YH\xa7\xf1\xd3H\x24\xc6\xa1\x22\x12\x12y\xd3\x28\xa21\xc6\xfcJ\x02\x9bu\x28\xe5\xb48W\xdcw\xaa\x1b\xb3\x0e\xb3z\xa2\x13\xb0\xaf\xc6\x0d\x8f\xcd\xc5L\x97\x8f\xf4n\x224\x12\xd1\x13z\x0fp5\x14\x80\xef\xa5\xab\xf6P\xd6\x0b\xa8\xadmi\x14p\x2f\xe9\xff\xdb\x0d\xd5\xec\xb9\x29\x9d\xfe\x7f\xc0\x08\xac\x08\x96\xbe\x11\x22\x94\xb0v\xb4h\xd8\x0b\x3e\x8fZ\xbe\xac\x99i\x14\x8d\x2a\x5e\xac\x5e\x80\xf9\xfd6\xac\x02\x2f\xbb\x94\xc5\xe6\x11\x25\x80\xd2\xd6k3I\x24\x3d\xeb\xf5\x17\x2a\x3eT\x08g\xd8\x1a\x22\x04\x1f\xba\xa0\x00\x2a\xe0\x14\x7f\xe5\x1dWh\x1d\xf0yc0\x95L.\x060\xd3\xb7\xcdP\x0c7\xae\xe24Lz\x02\x7b\xee\xf5\x01p\xaa\xdd\xdev\xa8\xc4\x9e\xba\xe8.\xb3i\xffM\x8eODt\x040\x29\xce\x84\x13R\xe9\xd5\xfa\x97\xb1j\xa5\x82\xe2\xaa\x00c\xbb\x26\x8e\x12J\x93\xa61!\xc2\x5e\xdckj\x0e\x17M\xfa\xe3\x97I\xf6\xb2\x98\x96d\xc7\xbb\x17\xc2\x06\xdd\x0b\xee\xaa\x8f\xe0\xe0y\xdd\x15c\x7b\x92e\xc3\x28\xa6\xb4\xad\xa8J\x95\xa5\x1b\xcaV\xa8D\xb0\xa5w\xb0\xf7\xa0b\xf3\xda\xb6h\xef\x25\xbb\xfdo\xce\xf7\xb3\x7czmc\xde\xd0\xcad2\xf0\x92\x3c\xf1v\xd5\xf8\x0e\x9b\x1am\xba\x27\x23\x3b\x40\x7b\x11\xd3\x9b\xc9\x95Xl\xa9\xfd\x81\xe7\xbb\xb4\x5d\x2c\xe5\xffx\xac\xddM\x7d\x8ba\xdf\x03Z\x9f\x80\x1e\xea\xb3\xb0\x3d\x8c\xb2.\xdai\xb8\x08BAv\x0c\x24\xf7Ye\x24\x26\xe6d\x2b\xa4\x93\xf1\x7e\x22\xddwn\xd2\x05\xfc\xec\x01\x19\xa1\xe4\x075\xeaO\xb7\x40\x0d\xe3\xcd\x22\x01u\x17\x60\xe4\x7e\x9f\xe8SEA\xd7\xb6\xddzVo\xbb\xc5\xe7lz\xb0\x185\x83\xdb\x14\xedR\xc4\xd4\xcc\xa09x\x15\x2d\x5b\xed\xb2aa\xca\x5c\x9f:e\xd4S\x9f\x10b\xdc\xc3\xe7\x9e\x94\xfb\x3b\x0f2b\x09\xdc\xd6M\xec\xc0myd\xf1A!\x2a\xe8\x2b\x0b\x1a\x1e\xc2\xbe\x0fr\xc27\xfa\x8d\xbd\xbc\x5c\xd29\xab\xbeV\x05\xb6\xde\x89\xc7M\xfa\xac\x9e\x11M\xd3K\xbf\xa1\xf7\xaa\xdd8\x3d\x86\x17\x03l\xfe\x17ce\xfd\x9c\xb7\x5d\xbd\x85\x00\x5c\xa5\x0dH\x09\x88\x1fj\x02\xec\xb4\x8cG\xba\x95\xd2:l\x0a\x7e\xaa9\xdd\xa9\xb2t\xec\xb5\xea\xa0\x12s9\xc8\xf4\xd1\xfeT\x96\x2a\x12\xaa\x99\xe7\x2c\x9bBV\x8c\xfa\x80\x18\xdb\x0f\x09\xb7\xd7\x5e\xd1\xdb\xfc\xa9Q\x40\xc8o\xcdc\xde\xf5\xef\x9cN\x9f\x8f\xfa\x81\xe1g\x8b\x0c\xce6jO\x98\x8ef\xde\x81\x5bsJ0\xe0\xe9\x0e\xda\xa8\xb3Y\x93\x2cpw\xfa\xf8\x0a04\x86\xf2\x02\xc7\x88\x885D\xdf\xbf\xbb\xec\x0el\x82l\x7dz\xa0\x11\xcby\x0c\x17Gy\x28\xf0t\xef\xe1\x03\x98\xd3\x1f\xed\xd6\xcc\x25\x84\x27z\x60\xb0\x1a\xe6\xd5\xddb\x2dS\xfa\xbfZr\xfe\x9f\xf8J!\x07\x89\xceA\x85\x01\x7e\xb1\x2cD\x8e\x1b\x98\x28q\xb6\xa9 \x2c\x83c\xfa\xf2\xfd\xa7F\xe8\x13\x01\xcf\x14J\xf6\x15\xd3\xfb\x8e\xa3\xda\x9aW\x60Zj\x94\xcc\x7f\xb3\x8f\x19\x0e\xf4\x88\x89T\xe7\xd8\x88\xd30\x220\xde\x96xO\x86\xe5\xc0\x1a\x89\xfd!\xbc\xdf\x1c\x28\xa9\xa36L\xb2\xbe\x8ca\xb6\xf8\x7fJ\x8b\x19B8\x28\xae\x19\xcd\xa9\xe0Bq\xbb\x27\x8eP\x0bh\xa8oy\xcd\x1d\xc6\xecC\x0dwf\x88\x1e\xf2\x94\xa0d\xc9\x0d\xe3WH\xa8\xd3\xc0Q\x96F\xb0\xad\x5e\x0fp\xd1O\xabB\x40s\x80\x94r\x1d\xfb\x8d\xb6\xf7\x7e\x1c\x17\x80\xea\x91\xad\x2a\xb4\xa7\xd5\xba\xfeq\xfa\x97\xc7h\x0b\x92f\xe4a1\xa7\xe3\x90\xe3\x3c\x25\x07rW\xb6\x9f\xf8D\xaa\xe3\x88\x0d\xa9\x1f\x105.\xe1gpV\x98\xe8J\xceuU\xf5\x0e\x83\x7b\x7d\xcf\xd6\xe4\xf2\x04y\x1f\xb1VK\xd6\x29\xcf\xf9\xa0\xc3\xb4r\x9c\xe1\xa1\xf6\xa8\x0bW\xaf\x8e\x1e\xedG\x7eo\xbe\xe5d\x04T\x3cy\x9dC\x06\x90\x16\x01\x94\xc4\x96B\x0c\x2c\xac\x04\xc6c\xca\x17l\xf6\x09:\xf7\x24FM\x92\xed.\xb6\xe9\xe9K\xf2\x27E\xc1r\xa4yN\x11\x27 \x8a\x83\x254\xde\x95\xf4\xc3\xacq\xca\xd0\xd0\xb1S\x18ZP\xff\x83S\x0c\xe2\x1a6:\x82E\xb6\xd4?Ax\xbb\xe0\x3c\xa2\xf3PO\xd5\x5f\xae\x23:\xeb\xdf\xce\x1f\x9e\xb9\xbcg\xb1b\xec\xeb\x7b\xd7\x5c\x04\xa6\xd1\xf8\xa9\x0c\xd7\x7d\xc1\xc1\xfb\xa2:\x85c\xcc\x60\xd6\x2b\xf2\xfb\xfa\x1d\x87\xb2\xa77\xa2J0\x9bvW\xb6\x245\xe1\xb0\x5b\x3b\xfa\x99\xdd\xfa\xbe\x89\xdd!\xa7\xdb\x10X\xf7Bc\x26\xbf8\x22\x8e49\xb5\xe3\x5b\x02AG\x5c\xe5\x87\xefm\x7c\x8b\x9e\xfb\x27\x9c\x7b\x80\x18\xd2\x5f\xcb\x02hW\xfe\xc4\x3e\xac\xdeT\xc1\xea</data></match></read>
    <read><length>50</length><match><data>Welcome to the EZ Barcode Encoder\x2fDecoder Service\x0a</data></match></read>
    <read><length>21</length><match><data>\x2d\x2dSelect an option\x2d\x2d\x0a</data></match></read>
    <read><length>23</length><match><data>1. Input a new barcode\x0a</data></match></read>
    <read><length>22</length><match><data>2. View barcode ascii\x0a</data></match></read>
    <read><length>26</length><match><data>3. Generate barcode image\x0a</data></match></read>
    <read><length>24</length><match><data>4. View cached barcodes\x0a</data></match></read>
    <read><length>25</length><match><data>5. Clear cached barcodes\x0a</data></match></read>
    <read><length>8</length><match><data>6. Quit\x0a</data></match></read>
    <read><length>5</length><match><data>:\x2d\x24  </data></match></read>
    <write><data>1\x0a</data></write>
    <read><length>18</length><match><data>Input barcode as:\x0a</data></match></read>
    <read><length>24</length><match><data>    1. String to encode\x0a</data></match></read>
    <read><length>46</length><match><data>    2. Barcode encoded in ascii \x28\x22\x7c\x22 and \x22 \x22\x29\x0a</data></match></read>
    <read><length>22</length><match><data>    3. Barcode bitmap\x0a</data></match></read>
    <read><length>27</length><match><data>    0. Return to main menu\x0a</data></match></read>
    <read><length>5</length><match><data>:\x2d\x24  </data></match></read>
    <write><data>2\x0a</data></write>
    <write><data>\x7c\x7c \x7c  \x7c    \x7c    \x7c \x7c\x7c  \x7c    \x7c  \x7c\x7c \x7c\x7c\x7c \x7c \x7c\x7c\x7c\x7c \x7c\x7c   \x7c\x7c\x7c \x7c \x7c\x7c\x0a</data></write>
    <read><length>36</length><match><data>Successfully added barcode to cache\x0a</data></match></read>
    <read><length>17</length><match><data>Barcode text: cd\x0a</data></match></read>
    <read><length>21</length><match><data>\x2d\x2dSelect an option\x2d\x2d\x0a</data></match></read>
    <read><length>23</length><match><data>1. Input a new barcode\x0a</data></match></read>
    <read><length>22</length><match><data>2. View barcode ascii\x0a</data></match></read>
    <read><length>26</length><match><data>3. Generate barcode image\x0a</data></match></read>
    <read><length>24</length><match><data>4. View cached barcodes\x0a</data></match></read>
    <read><length>25</length><match><data>5. Clear cached barcodes\x0a</data></match></read>
    <read><length>8</length><match><data>6. Quit\x0a</data></match></read>
    <read><length>5</length><match><data>:\x2d\x24  </data></match></read>
    <write><data>4\x0a</data></write>
    <read><length>16</length><match><data>Cached Barcodes\x0a</data></match></read>
    <read><length>16</length><match><data>    1. Text: cd\x0a</data></match></read>
    <read><length>21</length><match><data>\x2d\x2dSelect an option\x2d\x2d\x0a</data></match></read>
    <read><length>23</length><match><data>1. Input a new barcode\x0a</data></match></read>
    <read><length>22</length><match><data>2. View barcode ascii\x0a</data></match></read>
    <read><length>26</length><match><data>3. Generate barcode image\x0a</data></match></read>
    <read><length>24</length><match><data>4. View cached barcodes\x0a</data></match></read>
    <read><length>25</length><match><data>5. Clear cached barcodes\x0a</data></match></read>
    <read><length>8</length><match><data>6. Quit\x0a</data></match></read>
    <read><length>5</length><match><data>:\x2d\x24  </data></match></read>
    <write><data>4\x0a</data></write>
    <read><length>16</length><match><data>Cached Barcodes\x0a</data></match></read>
    <read><length>16</length><match><data>    1. Text: cd\x0a</data></match></read>
    <read><length>21</length><match><data>\x2d\x2dSelect an option\x2d\x2d\x0a</data></match></read>
    <read><length>23</length><match><data>1. Input a new barcode\x0a</data></match></read>
    <read><length>22</length><match><data>2. View barcode ascii\x0a</data></match></read>
    <read><length>26</length><match><data>3. Generate barcode image\x0a</data></match></read>
    <read><length>24</length><match><data>4. View cached barcodes\x0a</data></match></read>
    <read><length>25</length><match><data>5. Clear cached barcodes\x0a</data></match></read>
    <read><length>8</length><match><data>6. Quit\x0a</data></match></read>
    <read><length>5</length><match><data>:\x2d\x24  </data></match></read>
    <write><data>2\x0a</data></write>
    <read><length>22</length><match><data>Select Cached Barcode\x0a</data></match></read>
    <read><length>16</length><match><data>    1. Text: cd\x0a</data></match></read>
    <read><length>27</length><match><data>    0. Return to main menu\x0a</data></match></read>
    <read><length>5</length><match><data>:\x2d\x24  </data></match></read>
    <write><data>0\x0a</data></write>
    <read><length>21</length><match><data>\x2d\x2dSelect an option\x2d\x2d\x0a</data></match></read>
    <read><length>23</length><match><data>1. Input a new barcode\x0a</data></match></read>
    <read><length>22</length><match><data>2. View barcode ascii\x0a</data></match></read>
    <read><length>26</length><match><data>3. Generate barcode image\x0a</data></match></read>
    <read><length>24</length><match><data>4. View cached barcodes\x0a</data></match></read>
    <read><length>25</length><match><data>5. Clear cached barcodes\x0a</data></match></read>
    <read><length>8</length><match><data>6. Quit\x0a</data></match></read>
    <read><length>5</length><match><data>:\x2d\x24  </data></match></read>
    <write><data>2\x0a</data></write>
    <read><length>22</length><match><data>Select Cached Barcode\x0a</data></match></read>
    <read><length>16</length><match><data>    1. Text: cd\x0a</data></match></read>
    <read><length>27</length><match><data>    0. Return to main menu\x0a</data></match></read>
    <read><length>5</length><match><data>:\x2d\x24  </data></match></read>
    <write><data>0\x0a</data></write>
    <read><length>21</length><match><data>\x2d\x2dSelect an option\x2d\x2d\x0a</data></match></read>
    <read><length>23</length><match><data>1. Input a new barcode\x0a</data></match></read>
    <read><length>22</length><match><data>2. View barcode ascii\x0a</data></match></read>
    <read><length>26</length><match><data>3. Generate barcode image\x0a</data></match></read>
    <read><length>24</length><match><data>4. View cached barcodes\x0a</data></match></read>
    <read><length>25</length><match><data>5. Clear cached barcodes\x0a</data></match></read>
    <read><length>8</length><match><data>6. Quit\x0a</data></match></read>
    <read><length>5</length><match><data>:\x2d\x24  </data></match></read>
    <write><data>6\x0a</data></write>
    <read><length>56</length><match><data>Thanks for using the EZ Barcode Encoder\x2fDecoder Service\x0a</data></match></read>
</replay>
</pov>