<?xml version="1.0" standalone="no" ?>
<!DOCTYPE pov SYSTEM "/usr/share/cgc-docs/replay.dtd">
<pov>
<cbid>service</cbid>
<seed>cb113349a7eb44dd81a18933e3b4f66d5408ca8e6a75fc0e3c3c34eb93889c9a40e40f91e3419b82229bbb91ae5736ab</seed>
<replay>
    <delay>50</delay>
    <write><data>\x7f\xeb\xfba</data></write>
    <read><length>4096</length><match><data>\x7f\xeb\xfba\x2b\x1e\xaf\x84z?\xae\xc6\xee\xc0\x3dx\xdee\x9d\x09\xc7\xe5\x01\x1e\xbf\x16k\xe8\x5d\xec5\xf3\xdc\x0e\xeb\x25\xf0c\xdfTh\x8e\xbc\x0b\x8d \xd5\x26\x09\xde?\xbb\xcc\xae\x85\x24\xbc\xf7\xd4\x28\x3c\x17l\xbd\x07\x03\xb0i\x94\xa6\xce\xc7\xc7j\xcf\x9f\x1em\xfd\xff\xa3\xa3\x3b\xf2MD\xe5\x9f\xe2\xbcLBi\xea\x22\x29\xbf\x87\xf7cy\x91\xec\xc9\x25\x87\x5b\x9b2\xb8k4Y8\x1d\xc6\xbf\xd7\xd4K\xa1\x5b\xfd\xc5\xfe\x2aF\xa0\xe8\xbam5ED\x01\xccN1\x00\x911gn\xf0Q\xc5\xa8\x03\x91\xbf\xab\x9d\x3e\xcc\x9e\xd7\xa1\xda\xa6\xf0\x9f\x5bI\xaa\x3eY\xe8\xf6o\xcc\xf3\x7e\x24\x87HD\xb6\x8d\xdf\xcfp\xad\xaf\x1c\x23?\xbb\xaa\x9d\x9cQI5L\xa1\xde\x2c\x06\xc1\xe1.\x98\xa3\x24\xabi\x8f\x60c\x9e\x0e\x16z\x5d\x11j\xc5\x9a\x8d\xee\x8e\xf3d\xa6\x0a\xb5\x5b\xb0\x83\xbc\xd0\xa6V1U\x1a\xe1\xdb\xa6\xa0\x9e97r\xf0\x7f\xcer\xbf\x7d\x2dw5\x3b\xcd\xb8\xc5\xe6\xb7us\xac\x7d\x06\xa2\x83\xd0\xfa\xc7\xf5\x2fC\x07\x7c\xbfH\x86\x2fR\xbc.\x193\xf9\x60\x01\xa9\x3d\xdb\x2d\xc0\xd4\x5f\x9e\xe8Y\xf0O\x8fD\x18\x81\xd5 R\xf9\x12\xbe\x80\x3e\x11\x7b\xd7w\x84t\xbe\x00\x93\xec\xf0\x85\x40\x2b2\x5c\x01?\x3c\xe0\x01\xc0z\x957\xeb\xfbC\x24\xf6\xe68\xe9\xcb7\xc0OE\x40\x7f\x3d\xb2E\xb0\x13\x0c6\x2f\x13\xf5\x11\xa8\x05.\x0c7\xcf\xd0\x8c\xfb\x8e\x5c\xff\x14I\x7c\xc2\x99\xc2\x1c\xa2\x3e\xd7\x7f\x00\x5c\xc2U\xb9\xe5\x0e\x3b\x11\x24\x8a\x89\x80\xf84\xe5V\xd0\x0f\xbe\x9f\x14\xaeZ\x0e\xe88\xc8\xc3\xb5\xd6P\x0cS\xfc\xaf\x8e\xa5\x97\x9a\x0b\xa2k\x9b\xfd\xba\xa0\x26\xec\x15 \xbf\xa8\x2d\xb6\x18W\xbf\x2d\x5fD\xc1\x93\x04\x9d\xe2\xaf\x08CA\x1bC\x9f6\x90\xae\x81\xa9\x8c\x0e\xc3O\x3c\x8en\x0f\xd2lWt\x0fn\xc9\xa1\x7d\x16\xf9\xb4\xb1\x2aE\xb3\xc6\xd3\xbc\xee\x05\x90\x85\xde\x3d\xac\xe9\x23u\xb5\x3c2\x5c\x01\xba\xd0X\xe8\x88v\xdb\xbc8\xe3\x5f\x0c\xab\x09\xb5\x98\x95\x12\xfc\x18\x27d\xf7\xac\x3d\x91\x1bm\x0f\x08\xd2a\x14r\xe9\x8a\xb3\xb3s\x15\x3c\x06\xd2\xa17\xcd\xa1\xf04\x0a\xf9Ej0\xbd\x89\x5eN\x92\xb7\xae\xfb\xe3\x5c\x2b\xdb\x1aj\x40\x9f\x03\xe5\x930\x19a\xf9\xe0j\xd1\xe1\xe7\x29!\x84L\x8fJ\x3e\xff\x2f8\xb5\xc8\xdc\x280\x8af\x16\xcb\x40W\x2a\xf4\xd7\xca\x03\xd8\x3e\x94\xcf\x00j\x953\xad\xc1\x87\x8d\x1e\x1c\xa8IQdt\x88\x10\x22\xe3\xc3\xbbC\x8f\xdc\xff\x1aK\xb5L\xf6\x25\x0f\x1c\x8d\xd2\xffT3\x17\xe7\x24\xf8\x0d\x7c\x93\x2f\x92c\xb0\xd7\x3e\x90q\xaf\xa5\x8e\xc9\x8d\xd0\x18\xd7\x2f\x89\x0c\x3d\xd6\xfe\x3c\x8f\x5eZRB\x24\x40\x02X\xe2U\xb2\x03Z\x80\xd7\xda!\xbb\x3d\x92\x27Z\xeb\xc1\xe0\x5b\x0c\x1b\xa0g\x99916\xd1\xadg\x23\x91\x86\xf0\x5f! !\xd6\x8eb\x7ey\xac\xd2\x2c\xc6Uw\x7bCa\xa7\x96\xdf:\x0b\xc40B\xd5Z\x23!\x2d\xd7\x2f\xfeY?\x09!\x89\xbct\xb9\xd4\xff\xaf\x5ey\xda\x9f\x81\xe4\xa6\x80\x12\x94\x8c\x25\xecZ\x5b\xcb\x9fH\xbb\xb3\x3c\xc5v\xd4\xfdd\x074XaB6\xaa8BeM\x12\xccfS\xd4\x23\xb7\xbe\xe5\x25h\x8d\x0fD\xce\xc5R\x19.\xd5\x5b\x0a\xc2t:\xf9i\xcc\x90\xd7\x5d\x2a\x23\xb1\xe5\xa8\xee\xbb\x0ca\xac\x03\xfd\x98\xb8\xccd5?V5x\xc0\xc3\x5cP\x27\xa8\xe0\xf6\xfd\xb5\x80\x5e1\x2a\xe8d\x05\x0e\x28\xb2\x10\xe4\xe7D\xbc\xdcfn\xd7\x5d\xa6\xa4\x1d\xbd\xa1\x09\x058\x1dI\xefp\x93\xfdw.\xcb\xa3\x08\xdd\xfbBz\xc0\xad\xa4\xf3\x04\x40D\xde\xa0\xa6\xcd\xb3\x9d\x5e9BV\x92\x15P\x97\xd6T\x7b\x3b\x8ct\x08\x40\x1b\x97\x8b\xbf\xec\x5c\x9f\x03p\x5f\xd7\xf9\x8c\x9c\x40\x2dC\x91\x01\x06\xfc\x82J\xe8\x82\x3bD\xef\x01\x095\xa3\x8c\x17\x8bL\x8fJ\xad\x2b\xa3\xf9S\xd9\xd3\xa4\xb0\xf3\x09hZ\x11\xfe8\xf2\x2c\x98\x5b\xa8\xf1\xd8F\x81\xd0\xb0\xf3s\xdd\xa0e\x1b\xf6\x22\xa5\xe695XE\x9dT\x7fT\x07\xf01\xb1p\xab\x1eJ\x17\xf8\x25\x85\xac\xdf\x5b\xef\xd0\x039\xc1o\x8f\x04\x8bT\xb4\xc2\x05\x11\x2cy\x9a\x25\xb5\x16\xae\xdf\x7b\x0e\xd9\xe9\xab\xe2\xdf\x01\xac\x109M\xca\xa8\x0f\x82:\x04\x8ae\xf3\x23R?\x0f\xbd\x28\x95\xbc\x0ef\xa95\xbbH\xe6\xaf\x5c\x28\x15\x03\x02\x7c\x17\xf2\xb8\x98s\x02k\x18\x2d\x8eW\xe5\xb7\x0a8\xa4\xba\xe9\x40\xe66l\x08\xa8\xb6\xd7U\xb4\x94\xdf\xa1\x7f\xec9\x94l\x13y\xcc\xdaS\xb4\xe4\xdc\xf6\xebx\x7d\xd3\xbec\x05\x8fY\x95C\xef\x28\x92\xb1X\xd7\x14\x0d\x24\x90\xe2E\x8a\x15\x26\x5e\xce5\xba\x12?\xbbOug\x0fgX\x15\xc7\x02L\x9b\xd2\xaf\x27\x5e\xc7p\x0eT\xc1\xc9\xaa\xa93\xa5\x91r2\xb9\x0e\x8d\x0c\x1cw\x7d\xef\xde\xde\xa4\xa7Z\x28B\x19\x8cv\xd3\x0b\x97\xee\xa7\xe9\x14\x5f\x5f:\xbe\xd1J\x82Op3S\xe0rI\xda8\x9c\xf2\xc0\xf1\xcb\x11\xc2\x40\x84\x9cO\x84.\x22\xe6\xc0\xd4\xceX\x9d\xc2\x87\x84\x8b\x2fZ\xc1\x1f\xdaXj.:p\xb4\xbf\x5b\x2f\xd4\xf06TD\x11\x830\xe8\x0b\xe7\xc0S\xbc\x40\xa4\x81\x5d\xa2\x60\xfe3\x2dnK\xac\xa6l\xac\xb0\xea\x81\x90\x044\xdd\x9f\xf0\xc9\xad?\x2b\xea\x3bT\x02\x055\x8b\x26\xca\xd0\x07\x99\x95\x9cv\x9e\x5b\xf9\xa1\xaf\xb5q\xc1\x93\x89\xa2E\xcc\xca\xf7X\xf9\x96\x97Ea\xd8\x9e\x9e\xadj\xa5q\x7f\x60PN\x9b\x95\x3b\x1bA\x07\xc7\x1c\xbc\xf7\x0a\xad\x2f\x7e\xc9\xe6\x9e\x12q\x91\xd5gg\x80\x19\x9f\xcc\xe0\x9f9\x1f\x1f\xf0\x9f\x10\xc0\x22\xfaU\xe8\x97\xff\xef\x8a\x137\x24\x94\x8b\x0d\x03\x01\xf6\x24r\x0eVvS\x27\x5b\xd1\xdb\x29\x01\x09Y\xc3\xa0\xad\xd2\xbe\xc8n\xf3\x3b\x96\x88\xa9\x2c\x9c\xbe5L\xdc\xbf.\x84\x91q\xd7\x22\x0c\xb3\x24\xa5\x00C\xf0\x25\xc3\x03\xdf\xbcu\x0c\xd0\x80\xaf\x7e\x93\x0c\xdd\x22\x8f\xf68\xba\xe4\x9f\xd7\x9e\x00\x40?\xaf6\xa6\x2f\x3e\xbe\xa7\xf2\xd1\xaf\xf2\xadR\xcc\xb5.\xae\x10w\x87n\x40\xdb\xb0\x82\x0bAK\xe2\x8b\xbd\x19\x23F\x3c\x1d\xb6\xc8\xbb\x23\x03\x0d\x26\x95\x28d\xdeD\x5e3\xea\x09\x5f\x90S\xad\xc8\x06\xa5\xcf\x25m\xa3\xd8\xa1W\xa5\xb6\x19\x2d\x2d\x9e\x83\x2dg2\xd1\x7e\x0a\xad\x95\xe4\xaf\xb4\xdd\xf1\x5e\x25\x9c0\x14\x5f\xf3\x80hey\x85\xa5\x06\x1e\xa9b\x18\x9a\xbc\xdd\xbb\x3b\x8a\x96\x139Xb\xd3\x29\x3c\x09R\x26I\xbb\xf4\xf0\x9f\xcb9K\xc2Nz\xbd\x3bkP\xf2\x00\x0b\xc3\xbf\xbeo\xc5\xda\x94\xf9\xfc\xa0\x91\xd2\x7b\x9f\xfe\xc4\x96\x5d\xc6m\x2d\x88\x5e\xc4Or\x00a\x91\xa056\x5b24\xfao\x092\x92\x5f\xb8\xb2CO\x3d\x19Z\x03\x03W\xd0\x90C\x8c\x15J\xfaZP\x11\xa0\x25zH\x09\xd0j\x8bL\x3e\xf4\x8d!\xb7\x2b\x2b\xb92\x8a.M\x80\xed\x05S\x7f\x06e\xf2\xad\xc0\xd0\xfc\xac\xd0\xd4n\xbc\xe7\x0cT\xdbK\x2cg\xc9\x0a7\x289\xc4Ll\xf1K\x8b\xe2\x90\xdf\xb12\xc7\x1b5\xaaf\x7d\x28\xb4N\xe5\x02\xd3\x2c\x10\x1e\xa6\xc2V\xc9\x80\xdd\x19u\x26v\xe6\xe2KS\xab\x1f\xb1\x0dC\x9b\x8a\x11\x02.3J\xaa33\xd2m\x26\xc4\xde\x93\xcd\xa89\xa1\xb0\xf1\xc9i\x92\xafFa\xc6\xe3\xd3\xc0\x84\xfc\x84\x0c\x93\xbe5\x04\x84\xb7\x23\x1f\x8d\xdfh\xb0\xd1\xa8\x85\xbf\x81gbUv\xe6e\x84Q\x5c\xad\x29\xd4:\x05f6B\x9f\x7f\xf0:\xb3\xbc\xeb\xda\xa7\xfeCH\x12\xac\x01f\xf67\xf1\xae\xb3\x0e\x18O\x5eV\xa7\xb6\xa0\xea\xb7\xe7\x25?g\xd4\x80\x17\xd0\x9f\xd1\xc6oV\xe0\x1d\xde\xfc\xc4\xf3\x1b\x19\x29\xa7?\x94\xfd\x83\x91\x24\xaa\xaf\xfdcn\xec\x94!U\x90\x89\x28J\xb6V\xbc\x3d\x40!Z\x87\x06\x07\x99\x13\x13\xcaH\xdc\xed\xa5\x3e\x3ec\x96\x7fl\xca\xf8\xb4\xd5\xa0\x0f\xfc\xd9Hx\xd5\x2cz\x8d\x98q\xf1\xeb\x09\xf8F\x93R\x7c\xcf\xb5\xfe\xf6rqLF\x0f\xad\xcaeC\x81\xbbC\xf5\x80\xd8\xf3I\x025\x9d\xcb\xd7\x033\xbb\xa8G\x9b\xa5\x8d\x98\xaa5\x89V\x5cL\x40\xffb\x00\xd5\x98\x25r\xa5\xd1\xc3\xd2\xe7\xe2\xf9i\x0a\x84f3\xf4\x7d\xcf\xda\xb2:\x25\x92k\xf6\xe7\xdf\xc4Z\xcf\x19x\xfa\x03\x02\xb2\xea\x92\x8f\x9ctf\xe6\x98Su\x95\x8d\x00w\x2do\xcawt\x7c\xbb\x26\xb4\x5d\x5cO\xfc\xe4\xef\x13I\x02Se\xf8\x0dE\xec\xe4\x1ePpu\xbb\xf9\xd1\xaf\xac\x11Z\xe1\x0cQ\xdbQ\xc2\x95\xccQ\xb5\xe3ip\x84?\x5c\xb4\xf4\xbf\xdb\x7f\xee\xb1\xa0?\x26\x5e\xa3K\x0a8\xc7\x032\x00\xa8DMk\xdd\xc6\xedu\xf3\xeeu\x05\x9c\x22\x14\x1bOi\x5bzx\xa0\xe8n7J9l\xd4Y\x1d\xbb\xf7\xf1\xb2\x227\x3d\x3e\xb3S\x1fQ\x8e\xb8p\x8c\x2f\xf7\xc7\xe0\xfa2\x90o\xecg\x14XJ\xc1\xfd\x84\xfa\x97l\x96Z\x95\x5b\x9a\xc0S\x8f\x25\x24o\x2c\x82r\xecR\x0c\xe1g\x26\x2f1\xec5\xa0\x26\x19\x8cp\xc6s\x28\x3d\x9c\xea\xd8\xed\x3d\xcc\x15\xedd\xd8\x5eH\xb1\xfc\xa9\xec\x0d\x01\xaf\x11\xa9\x833.0\x86\x13\xca6\xd5\x27\x13\x22 s\xd3\x3b9\x94\x01\x0f\xc6\x2a\x16\x08\x1bUN\xf4\x8d\x5eY\xd7B\x98\xae\x8be\x27\x8a\xec\xa4\xb4r\x00\x01\xad\xe0sdf\x9b\xa7\xe0eb\xf1\xfb\xa6\xe5\xb2\x8ed\xef\xa4\x05\x840b\x7d\xc7\xea\xe7\x8b\xabj\x9a\xca\x87\x9d\xb5\xbf\xdd\x91\xf0\xc7\x2a\xc7r\xfaL\xcct\xce\xe7\x5d\x2c\xc9\x29\x04\x9a\xc2\xa3T\x7ew\x2d\x9d\x2f\xbbh\x2f\x1b\xb29\xad\x91iw\x8a\x1co\xeb\xd7\x1b\xa1\x95\x7d\xf1\x04o\xbd\xd9\xe5\x80:\xf8\x9a\xf7ff\x98\xa7\xe9y\x001\xbc\xca\xe8\x1d\xc0\x7e\xda\xfd\xf8X\x5c\x9d\xd3\xad\xef\x3e\xe2\x19\xeek\x7d\x1a\xe1z6\xf60\xcd\xb7\x82\xc4\xcbJ\xd4D\xe0\xf4jD\xa6\x01\xa8\xed\x18\x8f\x5d\xae\x23\x28\xbd\x2b\x92h\xbe\xb0\xec\xf0\xb0\x96\xe5\xc9\xedd\x5e\x99\x27\x60\xc7Q\x23\xceBh\x60\x22\x18\xb8\xd2\xbe\x10\xf2b\xe8d\xfd\xec\x87R\xe0\x5d\xfc\x00\xd0\xa8\xd7vs\x88\x9f\xba\xe5\xd6U\xf6\xc1\xefB\x7bvkEU\x25\xb4\x1f\x8f\x09\xaa\xfdgP\x7b\x0a\xa5\x7b7F\xde\xdb\xa2o\xf3r\xbc\xf7\x86\x0a\xe1\xa6l\x00\xd6\xd0\xa6\xa6\xd6\x83\x00\x85\x23\xab?\x1e s\xc6w\xb9\xd5\x2b\x8bv\xcf4\x18\x3d\x60\x87\x1a\xbf\xb2\x0cj\x8a\xc8\x11\x3cf\x85\x113\xc5\x85 o6g\xeap\x3cw\x17\xfa\x9ax\x02\x10A\xc4\x05\x3d\xec\xeb\xda\x04\x8d\xd6\x86\x0b\x7e\x8a\x89\x83\xae\xfd1 \xca\x1c\x8fpe\xe9\x9d\xc8\xd3\xb2\x2c\xcd\xd3\x5d\xa3\xeavS\xa9\xce\xc1\x8dq\x9b\xf7\xae\x18qj\x5e\x8d\xaa\x2c\xe2F\xa1\x7d\x0d9\x22\xb4\x1f\xaeU\xb7\x3e\x95i2\x9f\xbcs\xa3\x97\xe1m\x9b\x90\x1dd\xf3h\x81cB\xb7\xbc\xf9\xcbN\xc1\xda\x96\xfc\x19\x91C\x2fq\x2d\xb8\xac\x2bx\xaa\x84\x122Z\xab\x19j\xcd\x7db\x86\x22\x87\xb9\xf4\xc8\x92\x2f\xd4\x07\x40\x5d\x13\x04:\x3eb\xeaz\xce\xbd\xff\x8e\xca\xb5\x94\x7e\x7b8\x80\xc3JW\xfa\x06q\x2a\x1a\x97\x2f\x24J\x7d\xd4\x7f\xe6\x2fL\x00K\xe3\xb0\xbc\xdc\xd4\x1c\xc6\xfdS\xa9\x94\xea\xa2\x14J\xcfw\x866\x87j\xab\x7cq\xc9\x11\xf7\x8d\x5f\xf5O\x01\xa6\xd3\xcdt\xe9\x96\x7f\x8c\xbd\xa6\xe3H\xb4PD\xb6\xbb\x01\xfe\x13\xec\x8bBr!\x22U\x8e\x91\xbf\x1a\xe7\xfb\xbc\xe4\x1ar\x00m\xf7\x93\x19\xb4\xe5MF\xf24y\x25\xb7W\xe9\xe3\xd4\x9b\xba\x9f\xfc\xcc\x8e\xf3\x99\xdd\xf0\xe8O\x7bF\x2d \xc3\x8c\xacD\x91\xd8\xa2\x19\x87D\x0d\xebIjt\x05I\x80\x3c\xb7I\xf8A\xb1\xe2\xed\xa0M\xe6J\x15\x9d\x0f\x90\x8c\xcc\xd8\x94\x95BIRZ\xcdf\xdac\xb70\xa9\xeb?4\x2f\xc3\xcc\xd4:\x82\xd7e\xda\xce\xbb\xe2\x81\xcb\xc2\xdeiD\x97\x22\xfb\xab\x17\xec\x9b\x03\x7d\xe0\xf5\x97s7\x01\x10E\x9a\x60\xcdk\xe3\xd5\x5c\xf5\x8b\x7d6\xdf\xb9Y\xc1\x09l8\xa3a\x3d\x26\xb0\x7e\x9b\x1b\x82\xe2\x10\xb96!Q\x95:\xec\x0b\x89\xe1\xbed1\x9e\x08m!\x287\xc1\x06E\x7c\xa0\x1aO\x10\x40\xe1\x3cV\xd0\x24\x15\x0d\x97\xf2\x97\xe1\xac\xad\x7e\x13z\x5e\xdb\xf7\xc30EK\x0d\xa2Gy\xd2\xce\x02\xb2\xfa\xa9\x24\xfb\x9c\xac\xea\xf4\xe11 \xe7\xe10mi\xa4J\x29\xbd\x0ev \x81\xa8\x7e\x89\x27\x9dp\x05R\xdb\x40\xb3\xf9IZ\xb0\x40\x94\x60\xc6\x9d\xe8\xc1\x86\xac\x03\xac\x17\xd1a\xed\x3e\x02\x96\xa6\xc3:\x94\x5e\xceo\xffC\x84c\x037\x07\xdc\x11\x0d\xb30\x60\x12NM\x7b\x84\x90\x3d\xd3A\xbe\x80\xf7\xe2\xdb\xfa\x87\x08\x8f\x10\x13AV?7Kw\xf0Z\xb1G\xcd\x05\xcd\x5e\xf5\x12\x11\xdc\x16D1\xd5\xc8\xb5.\x80\x13\x3e\xa5\x40\xdb\x5c\xe9\xfe\xc0\x00x\xe8\xfa:j\x3e\x00\x18\xf0\xbd\xbe\xfe\x9a\x9f\xf9\xb8\x2a\x1c\xccW\x2d\xe2\x05\x0f.\xfc\xea\xe6\xad\x8f!\x0b8\xb5\xbaS1jiP\x13\xe8b\x0b\xc5\xb2\x88\xbd0Z\x2c\xee\x5fT\xf3\x26dY\x3cC\xea\x8fY\x0am\x2cS\x1e0\xa6\x3e\x81\x90\xa4\x3b\x95\xafo\xfd\x00\xd4\xf0\x29\x15\xcd\x18q\xc6\x0e\xc7nh\x82\xd1\x7b\x01\x17\xed\x9cTH\xa7\x9b\x9f\x1fb\xbaCl\x0a\x02\x9e\xbc\xe9\x5b\xc8I\xd5s\xfb\x0f\x40\x2d\x84\xe8\x02\x82N\xabI\x5dZ\x5f\xbat\x05\x94\xbeG\xe4\x40\xbeY\x0f\x3c\x97\x0f\xff\x2a\xf8n\xc8\xaf\xf6\xf8\x1e\x89D\xb6\x5d\x84V\x7e\xa4\x2f\xb1\xf4\x11\x8fk\xa3\xb0R\x01b\xd2\x7e\xa5\x3bsGK\x97n\xae\x3d9\x7b\xe0\x99\x04\xf8\x00\xa6m\x01\xc8\xbb\xe7\xb5I\xa7\xffb\xb5\xb4O\xa2u\xe5\x11\x88\x03P\xd3\x9av\xe6\xd1G\xf7FB\x40H\x28\x27\x91\xbce\xd9\xea\xb1\xe7\x87\xd4\x60R\x97DY\x1b\xfdoi\x2d\xcc\x01\x94\xa6\xf1\xafPD\xb14\xf7\xc8\x19\x96\x816!\xba\x80\x8d\x92\xc4\x24\x60H\xc4\x5d\x8f\x60\xcb \x10\x3b\xc3G\xf5\x970\xbf\xe6e\xdb\xdd\x3b4\x24\xffp\x2fDz\xc3\xb1\xd5V9\xd7\x86\x0b\x27\xbf\x05\xfb\xf3\xd1\xaaN\xc48M3\x3ewej\x2d\x80\x09\x2b\x92\xc5j8z\x7b\x0ePn\x09\x19\x0d\xc5\x40\x83\xf2o\x93\xf2\xb8\xb7h\xbe\x09Z\xeb\xd7\x7b\x81\xf5\x9eP\x1a\x8f2\xc6\x94\x03\xd2\xc1j\xd2\x08\x8f\x12g\x5f\xeb\xef\xf9N\xa8\xdeN\x8e\x0b\xc5\xb0\x1a5u\x14\x40\xff\xd4\x0e\x7b\xdf\x01\x9e\x2a\xb1\x18\x7e\x27\x5e\x15\xfdK\xb3\x8a\x27C\x91\xab\x2f\x9ap\x01\xd8A\xa3k\xfc\xb1g\xbd\xdb\xc4d\xd7\x86\xfaw!\xf9\xf5\x92\x28\xd0\xdb2\x22\x25\xf4\x2a\x15\x82\xe4M\x1d\x9f\xbf\x1dm\xa9\xc4\xf0\xd9\xc4g\xdc \xb4\x82S\xd5\xaey\x8e.\x09\x83\x92\x25\x8b!\xc4\x07Rq\x1c\xf24\xfb\x7chg\xeaQ\x25\x14\x1e\xa4i\x1e\xd0m\x96\xa4C1B\x7b\x93\x29\xde\xe9S\xa1\xe6\x40hz\x2dK\x00u\x06\xfc\x7c\x3e\xc3\xc4\x2d\xb5\xfb\xfa\xfbh\xd87\x0e\x5d\xa0\xb6\xceS\x10\xe9\xae\xc3k\x09\xc5\x3e\xe5\x00\xcd\xf5\xd0\xa0\x29\xb1\x9e\xfc\x16j\x7d\x90w\xa7\x00\xc6\x9f\x7c\x1aQ\xdf\x02\xe0\x01\x88\x91\xe5x\x1d9\xca\xd3\xe7m\xc2\x18\x08\xca\xb9\xab\x1fl\xe6\xcd\x18\x2f\x08k\xd0\x8br\xf2\x07\x8d\xed\x05\x40\xaat\x7be\x03\x25v q!\x9a\x9d\x14\xd7\xa1\x9c\xfa\xdc\xca\x8af\xbeJ\x06\x9dT\x2a6\x84\xcc\xe0\x3d\xbe\xebcB\xe6L \x3e\xde\xbe\x12\xc5\xbc\xe2\x22\xed\xeb\xe9A\xb6\xe4\x99\x0dd\xf2\xfb?\x1c\x83\xf4\xdd\x7b\xbcd\x2b\xe4v\x0b\xb7\x2c\xf5\x13\xed\x23\x24\xa62\xf1\xb0\x7cD\x09\xbb\x09r\x8d\xd21\x9cE\x01\x40v\x8c\xbeQ\xca\xbaM\xa5\x60X\xa8k\x94\xc4?\xb6\x7c\xf0e\x5f7\x85\x28\xa0\xa6\xe0\x83\xd3\xed1\xf2f\xb0\xbb\xd5\xce\x8b\xe2\x9c\x5f\xfb\x88o\x14\xcc\x0a\x95I\xf7a\xd8\x17?\x95\x9e\x89\x8a\x1eX:Kn\x16\xf1\xb1R\xe3\xd4\xa2 D\x10\x81h\x98\xf4\x89\x93\x5c\xfbO\x3e\xa6\xe3\xdc\xad\x07\xec\xc0\x3c\x91\x96\xe4\xe4\x3c\x0d\xa0\xdf\xde?\xb7\x97\xc6y\x8f\x12\xd4A\xa0\x3e\x1f\x82Q\xc6\x22\xae\xaf\x99\xed\x40\xcc\x0a\xf12\x8e\xba\xf6\x01\xe1\x11\x9c\xff\xc8\xab\xcb\xe6Z\x03U\x2bF1\x2fm\x99\xe2\x03\x27\xc5w\x8c:\xc8\xd9?\x93H \x0b4\x08W\xd29n\x93rw\xaf\xb7u\x1e\x2c\x2f\xebY\x08\xa94\xc2\x9fG\xf7\x28\x92O\x8c\x98\x07\xc6I\xa6\x9e\xddq\xd1\xe6N\xad\xa6r9\xc4\x9f\x28</data></match></read>
    <read><length>50</length><match><data>Welcome to the EZ Barcode Encoder\x2fDecoder Service\x0a</data></match></read>
    <read><length>21</length><match><data>\x2d\x2dSelect an option\x2d\x2d\x0a</data></match></read>
    <read><length>23</length><match><data>1. Input a new barcode\x0a</data></match></read>
    <read><length>22</length><match><data>2. View barcode ascii\x0a</data></match></read>
    <read><length>26</length><match><data>3. Generate barcode image\x0a</data></match></read>
    <read><length>24</length><match><data>4. View cached barcodes\x0a</data></match></read>
    <read><length>25</length><match><data>5. Clear cached barcodes\x0a</data></match></read>
    <read><length>8</length><match><data>6. Quit\x0a</data></match></read>
    <read><length>5</length><match><data>:\x2d\x24  </data></match></read>
    <write><data>4\x0a</data></write>
    <read><length>16</length><match><data>Cached Barcodes\x0a</data></match></read>
    <read><length>21</length><match><data>\x2d\x2dSelect an option\x2d\x2d\x0a</data></match></read>
    <read><length>23</length><match><data>1. Input a new barcode\x0a</data></match></read>
    <read><length>22</length><match><data>2. View barcode ascii\x0a</data></match></read>
    <read><length>26</length><match><data>3. Generate barcode image\x0a</data></match></read>
    <read><length>24</length><match><data>4. View cached barcodes\x0a</data></match></read>
    <read><length>25</length><match><data>5. Clear cached barcodes\x0a</data></match></read>
    <read><length>8</length><match><data>6. Quit\x0a</data></match></read>
    <read><length>5</length><match><data>:\x2d\x24  </data></match></read>
    <write><data>3\x0a</data></write>
    <read><length>22</length><match><data>Select Cached Barcode\x0a</data></match></read>
    <read><length>27</length><match><data>    0. Return to main menu\x0a</data></match></read>
    <read><length>5</length><match><data>:\x2d\x24  </data></match></read>
    <write><data>0\x0a</data></write>
    <read><length>21</length><match><data>\x2d\x2dSelect an option\x2d\x2d\x0a</data></match></read>
    <read><length>23</length><match><data>1. Input a new barcode\x0a</data></match></read>
    <read><length>22</length><match><data>2. View barcode ascii\x0a</data></match></read>
    <read><length>26</length><match><data>3. Generate barcode image\x0a</data></match></read>
    <read><length>24</length><match><data>4. View cached barcodes\x0a</data></match></read>
    <read><length>25</length><match><data>5. Clear cached barcodes\x0a</data></match></read>
    <read><length>8</length><match><data>6. Quit\x0a</data></match></read>
    <read><length>5</length><match><data>:\x2d\x24  </data></match></read>
    <write><data>2\x0a</data></write>
    <read><length>22</length><match><data>Select Cached Barcode\x0a</data></match></read>
    <read><length>27</length><match><data>    0. Return to main menu\x0a</data></match></read>
    <read><length>5</length><match><data>:\x2d\x24  </data></match></read>
    <write><data>0\x0a</data></write>
    <read><length>21</length><match><data>\x2d\x2dSelect an option\x2d\x2d\x0a</data></match></read>
    <read><length>23</length><match><data>1. Input a new barcode\x0a</data></match></read>
    <read><length>22</length><match><data>2. View barcode ascii\x0a</data></match></read>
    <read><length>26</length><match><data>3. Generate barcode image\x0a</data></match></read>
    <read><length>24</length><match><data>4. View cached barcodes\x0a</data></match></read>
    <read><length>25</length><match><data>5. Clear cached barcodes\x0a</data></match></read>
    <read><length>8</length><match><data>6. Quit\x0a</data></match></read>
    <read><length>5</length><match><data>:\x2d\x24  </data></match></read>
    <write><data>4\x0a</data></write>
    <read><length>16</length><match><data>Cached Barcodes\x0a</data></match></read>
    <read><length>21</length><match><data>\x2d\x2dSelect an option\x2d\x2d\x0a</data></match></read>
    <read><length>23</length><match><data>1. Input a new barcode\x0a</data></match></read>
    <read><length>22</length><match><data>2. View barcode ascii\x0a</data></match></read>
    <read><length>26</length><match><data>3. Generate barcode image\x0a</data></match></read>
    <read><length>24</length><match><data>4. View cached barcodes\x0a</data></match></read>
    <read><length>25</length><match><data>5. Clear cached barcodes\x0a</data></match></read>
    <read><length>8</length><match><data>6. Quit\x0a</data></match></read>
    <read><length>5</length><match><data>:\x2d\x24  </data></match></read>
    <write><data>6\x0a</data></write>
    <read><length>56</length><match><data>Thanks for using the EZ Barcode Encoder\x2fDecoder Service\x0a</data></match></read>
</replay>
</pov>