<?xml version="1.0" standalone="no" ?>
<!DOCTYPE pov SYSTEM "/usr/share/cgc-docs/replay.dtd">
<pov>
<cbid>service</cbid>
<seed>25002fc40d6a6b44e58c32cdb2289339b30a67d16c51af8d6c330241d054e77f385d55efd6cb2e60ca37af1065fed454</seed>
<replay>
    <delay>50</delay>
    <write><data>\xdax\xfe\xaa</data></write>
    <read><length>4096</length><match><data>\xdax\xfe\xaa\x3d\xd9R\xb6\xa4\xaf\x1c\xb3K\xaf\x930\xd5\x25\xb5\xc4\xcd\x9b\x19E\x8b\xbe\xd8\x1f\xa0\x25M\xba\xc4\x90\x5b\x8f\x2bP\xb9\xd3\xbf\x1c\x03\xf8V\x15\x25m\xd4\x8a\xb9\x15\xe4p\x89\x1e\xa1\xdc\x93\xafN\xb4\x2cv\xbd\xd9\xabV\x11k\xe7\x1f\xe7w\xdb\xb7.Q\xb5\x7e\xa9\x01\x9b\x7e \x604e\xbd\xbc\x40\x0c\xbfJ\x8c\x13\x3b\x98SQ\x26\x07\x81iez\x99lG\x06b\x00p\xc0\xde2\xd8\x1e\xbb\x12\xbd7\x83\x9b\x1ck\x29o\x94Z\x91X\xb9\xe3\x95\x0eU\x9ai\x9e\xea\x284\x19c\x8b\xb8\x23A\xe0\x1f\x037\xda\xdcmJ\x17\x93\x97Q\x8bka\x12\x2d\x23\xe2!\xac\xfa\x3eK\xe6\xa6D\xd6\xb4\xb6\xbf1\xc82\xacS!\x08J\xeb\x29\x80\xfak4\x7d\xfb\xb8\x0c\x92\x90!\xf3\x81\xaf\x14wbSF\xc3\xe3\x2d\x02\x84d\xf7XdzY\xf51.\x10\x19\xc1\xaa\xecg\x98\x1d\xdd\xed\xb1Q\xa91\xa0\x80\x0b\xda\xcc\x1a\xe5\xd0\xb1\x99\x91\xe0\xe7\x26\xe6\xa1\x80\x7b\xbf\xf1x\xaf\x28.\xf9\x00V\x96\x5f\xb8m\x9c\xf90\x25\x83\x91\xf8Ea\x10\x7e\xbb\xad\x97\xf5\x24m6\xf4\xa7\x1b\xf3!\x17\x2c\xb6sY\x5b\xee0\x81\x10A4VT\xbe7\x2d\x10\x04d\x26\xf8\x10EI\xc8w\xeb\xb3\x7c5\xa7\xa4\x604\xebu\x81\xc3\xf0\x90kF\x3d\x137\xfa\x7e\x1d5\xc17\x03IEuD\x27h\xa1\x2c\xf4\xf4\x2c\x25\xebm\xa24\xe4\x0d\x8cSU\xbd\xcb\x7f\xbb\x07u\xdc\x5b\xdb\x86u\x16\xc4\xfch\xee\x98\xfe\x03N\xe2\x40yY\x12\xe44\x26MLo\x15\x94\x04\xf4\xda\x2a\xeeT\x1b\x96\xf8\xbb\x5eSO\xa19\xdd\xec\xe4\x96\x2c\xd4\xd8\xfd\x2f\x99\x03s\xd2\xaf\xa2\xa2\xd6\xfd\xf5\xc4l\xcf\x87\x8cZ\xf4c\xcd\xc8\xda\x22V\x99\x19\xc5\xe0\xdd\x93\xd7\xda\xc4i\xf1\x02\x82\x7c\xc9\x7b7\xb5\x11B\x2c\x08\xab\xa8\x12\x22\xde\x0e\xcb\xce\xc5\x5b\x82\x12\xdc\x80t\x16o\xd9K\x7dO\x108\x8d!?\x40S\x25\x80\xde\x2a\xa0\xe1qeSv \x5c\xf3\xd3\x01\xd3WcW\x11\xfbT\xdf\x5b\x175\xaa\x8a\xfa\x17F\xa6\x07E\xa6\xc0\xcel\xf9w\xb8N\xad\x60\x14Y\xe8\xb1\xa3\x2d.\x15\x5c\x02!\x83\x25\xfe\x0a\xdc\xfc\xba\x29\x8b\x3d\x0a\x86\xc7n\x8c\x5dJ\xde\xf1t\x5d8\x18\xd9\xcc\x5c\x7c\xb0\xa4\x96\xd0d\x8d\x24u\xe6\xeb\xcb.\xcc\x5e\xc3\x9d\x60m\xca\x8f\x87\xf6\x8b2\xa7k\xfa\x25Ip\xfd\x3d\xa8\x92\x18\x01\x7c\xe0\xa90w\x23\x85\xbd\xa3\x80\xf4\xe0\xf8\x07\x7b\x1bA\x01\xc6\x14\x0d\xe0\xf4\x04\x26\x98\xe3rM\x0cV\xee\x9f\x0a\x5e\xf0\xb8\xc9W\xe3\x2a\x10\x1d2\xb7\x89\x5ecSi\xba\xc9\x91\xb2\xef\x5dA\xed\xe5 \x60\x1b\x28\xf7\xcbo\xea\xd5z\xd3\xb6\x9c\xa5\x89\xa7\x00\xa0\x7e\x93V\xd4\x1e\x17\x0e\x9eX\x1b\xb6\xd1\xf5V!\x94\x5c\xda\x1dw\xf8\x83\xc3H\xea\xa20e\x3c\xda\x96c7\x1ey\x9c\x01\xf39\x11\xcfy\x12\x15i\x2d\x961\xde\xa8\xce:\x9eU\x0e\xe2\xf6\xcf\xba\xe5\x98\x0d\x9f5\x9a\xf0\xcc\xc5\x8f6\x82\x15\xa4\x9c\xce\xbew\x96\x90V\xfch\x9b5D\x2f\x895\xb5e\xfd\xbf\x17\xf3\x83\x40V\x5e\xac\xd6\x5f\xebvi\x9fZ\xa6\x1f\x1cO\xbb\xf6g\xf5N5!\x5d\xd2\x9a\x29L\x238\x2a\xef4S\xf3\xd1\xdb\xe5e\xa3J\x23Z\x18\x045\x0d\xde\xc9 \xcc\x99\x86\xb3\xeb\x1c\xf7\xc1\xa6Y\xdd\xdc\x3c\x25v\xfdZ\xab\xf7t\xf7\xcc?\xfe\x12\x7f\xa2\x09\xa2\x5d\x9f4\xc2N50D\xa3K\x84\x0f\xdaO\xb6\x40\x5c\x09q\x1aR\x29\xcd\x89to\xa9\x7fje\x8e\xa1\xd7\x15\xd4Rg\x86\x0ft\xdb!\x5e\x1d\xd2\xba?\xebt\x10\x2bP\xc9\xe1\x8c\x11\xa4NcT :\x12\x82ZO\x84\xe0\x2f\xe2\xfa\x25\xfa\xf9hQ\xc6VP\x86\xe6\xec\x82P\x839\xe2\x01\x40\x29\x00\x09\xc3\xd8\xc1\xc2\x88jf\x19q\x87!\x0e\xe24\x3e\x3e\xfeIr\xa6v\x1e\xc3P\xc6Z\xfa\x8a\x27\x8e\xa6\x7d\xe5uZ\xc9\xb4\xfa\x91\xcfz\xf9\xc6P\x1azo\xd0\x8dv\xd1G\xedZ\xe6\x7e7\x2cR\x00\x99n\xc1w\x09\xf3\xbb\x15e\xef\xd8\xb6T\x87\x13t\xe3\x17b \xb1\x3c\x9c\xb2u\xd2q\x0a\xcd\xbe3\xa7\xda\xe8\x3b\x12\x08\x0b\x2c\xadZ\xa4\xb2\xc8\x89\x8c\x0b\xe58\x92t\x17\x60\x94rr\xd9nq?\x1d\x9c\xa6\xf1\xc1\x06T1\x927\x3b\xbf\x86\xe5\xba\x1c\x87\xb6\xa06\xda9\xdd\xa8\xb3\x91\x95\x3dn\xa6\x7b\x03\x82l\xa2\xa8\x28\x3d\x2a\x3e\xad\x07\x23z\xef\x16Mk\x1a\xfa\xf8\x2c\x7d\xc9G\x2c\x0c\x1co\xe7os\xe6\x873q\xca\x5e\xf5\x99\x80\xd6F\xee\xca\xa1\xb8\xaf\xb0\xac\xe7Nv\x94\x8e\xcd\xca\xb6\xb6\xee\xe2\x86\x817\x16\x0d\x1eVe\x03\x934\xcb\xdb\xf7\xbc\x8e\xad4\xc0\xde\xf3\xb7\x1e:0\xae\xd5u\x28\xa5l\xec\x8d\x3b\xbb\x7c\x09K\x17\xa0\xab\xf7eE\x1a\x07\x9ey\xfc\x0aF\x60\xe1A\xb12\xdf\x5fY\xf6n6v\x7b\xf8h\x05\x23\x9b\x83\xfd\xe1\xf4M?\xc8x\xf6x\xc9\x91X\x15\xf7\xa8\xd4\x1c\x95\x29\xd0\xedu\x88\xa0\xa6\xa6\x3c\x40 ?\x12\xaf\x94\x86\xfc\x16\x8d\xc4a\x7e\x1b\x05\xbd\x95\x257\x81\xea\xb9\xbec\xb9\xfaE\xdf\x04\x3b\x250\xe4\xd1EF\x27\x7d\x5e\x7fW\x91\xc7\x08B\xae\xd5\x86y\x1f\xb6\x15i\xbbJ\x2b\xf1\x7f7\xd5\x85\x82\xea\xd9\xae\xfc\xf2\x1a\xadP\xaet\xb0m\x98\xeex\x3b:\xae\x1e\xf9\xf3\xc2\x8c\xf0\x5f\xb96\x26\x86\x0bD\xdfLu\xba\x12\xcfA\xb0\x7e\x2b\xf6L\xc7\xd0\x00\xf05\x7f\xea\x8b\x9b\x1aN\xd9\x80\xbb\xabK\xd9H\xf1\xb5\x23I\xb0\x40\x0dz\x95\x01\xfb\xaf\xcd\xf3\xf1m\xba\x88.\xa1\xaeX\x8bJ\xec\x99g\x1d\xef\x27?8\x16\xb3\x7e\xf8\xcd\x97\xe2\xdd\xd0\xa9\x1c\xfa\xfaa\xe8\x80\x823\x2d\x1d\xd8e\x86Y\x7cbt\xd1\x93k\xff\x81\xfc\xde\xd4\x5b\x89\x10\x19\xcd\xfb\xbe\x84\x973\x97\xe7\xb1\xdaR\x12\x85\xc9\x92\x9f\xeb\xb9\x60\xce\xde5\xc3\xf3\x1a\x02XZ4\xf4\xed\xad\xa2R?\xc4E\x7b\xd3\xfe\x95W\xed\xc1\xabZ\x8aV\x05\x5b\xa3\xfbk4\xcf\x88q\xb2\xac\xf8r\x07\x91\x1e\x02\x3bSKKE\x7b\x0f\x2f\x5f\x1a\xf5\x1d0\x86\xafq\x9b\xd3I\x9d\xa1\x8e\x1d\x7e\xc0\x11\x2c\x2d\x81\x19\x04\xf50\xebx\x01\x0d\xdcn\xf6\xd2\x19\x1e\xb4\xab\x96\xf3\xf7\xcf\x0c\xdc\xa4s\x23\xd8j\x24\x10\x12O\x04\xca\x83\x12\x1b\xb8\x05\x0eP\xe5\x178\xf5\x5cM\x27\xb0\x40\xd8w\xc3\xf3\xa0\x07\xaa\x82F\x05\xcf\x8b\xb09\x2f\xfe7e\xcb\x0dJ\xf2\xfc!\x40r\xb4\x82\xf6\xd1Y\x09\x60\x9d\xabj\xd4\x17\xff\xdb\xd3\xb7\xb8\x9c\x91\xf7\x80\x9a.1\x16\x40\x9e\xd7\x25\xc9\xc9\xed\xb1N\x5d\xea\xcd\x93\xdcmJ\x3dI\xf3\x8c\xe9\x0b0\xdc\xcd\xe2qY\xd9\x3c\x9e\x09\xbd\x87\xf8\x1b\x40O\x04 \x03\xe3A\x5e\xf3\xf7V\x82\xfd\xf9\xc6\xf7\x85\x5f\xfc\xb9\xde\x07\xeeq\x05\x18\x15\x9d\x86\x0dc\x7e\x7c\x90V\x22\x92\xf6\xe8\xe6\xee\x1d\xe5\x25W\xf2\x0d\xaep\x3c\xdd\x98\x88\x99\xc0\x27J\xf9\xd8\xbe\x0c\xcb\x27\xcc\xbe\xdb\xf2x\x19\x2b\xcf\xfeJ\x9a\xc0\xe2\x7bku\x1fu\x19\xa9\x81\x13\x8c?M\xf0\x00\xb3\xd2\xacK\x23\x17B\xfc\x1c\x84J\x25\x93P?\x7f\x9f\xb8\xb3\x03M\xbe\xaa\x1d\xe2\x07Q\x9eIO\x8b\x88\xe87\xa9\xbd?\xb9\x80\xb8\xa1\xdckP\x8f\x07\xc3\x3ds\x92\xa8\xe0oA\xe9\x1f\x26\xee\xc0p\xf2\x3e\xe2\x24\xe6\xd9P\xe7\xa8\x0d\xe3b\xe0\x23\x14f3S8\x9a\x5f\xa9\x96\x175\x26\x81j\x02\x7c\xdb\xa9\x9b\x88\xdc0!\x95\xeb\xc3\xfe\xaf\x5bPivc\xe1\xd2\x8d\x18\xc8\x9fv\x92n\xa0\xac\x5e\x0a\x0c\xde\xb9I\xec\xf3\xa0\x0d\x3e\x04\x8a5\x06\xa0\xe6\x8aU\x23\x82C\xaa\x5eS\x5f\xa6\x19Jmtz\x7bD\xdbA\xb2\xbdkC\xf5\x92h\x07\x8cPU\x8dy\x0a\xb8H\xb4\xb0\x23G\x199D\xe2SO\x29\x98i\x03\xaf\x11\xe0m\xe7L\x94\x8c\xc7\x8dBwv\xcb\x8c\x0e\x26\x15\x1e\xaa\xf0\xdd\x83\xa1c\xfb\x5e\xfc 4\x29\x97\x02\xb1\x19B\xe1\xb5\x9e\xa6\xf8\xb8\x9c\xd9\x836\x2bA\x98\xf1\x80\xb6\xf9\xd4\x828!\xd9\xfc\xd7\xb8\xbf\xbb\xca\xd0\x3b\x2f\xe2T\x89\x8b\xddX\xfcj6\xe8nG\x2fu\xfax\xb9l\x8e\x14G\xae\xed\x11\x14\xd1Ad0\x9c\xc1\x7d\x2f\xac\x96\xbb\x2cfc\x03\x11\xc8eh\x87\xaa\x86\xe3Rw\x866\x8dmQ5\x9d\xe5j\xe6\x0cY\x93\x7f\x84\x5e\x8a\xef\x5c\x92F:\x8f\x9c\xa37\x10\x12\xd2\xd2A\x13 \xd6F\x8b\x18\x9e\x22\xee\x29\x84\x2d\x3b\xec\xf31??\xf5\xd8g\xfb\xc4d\x185L\x84\xed\x8bP\x0cK\x5cw0\xd4\xd0\x1fM\xc7IP\x86N\xf34\x40\xcf\xb3\xef\x8a\xed\x05\x14\xfcys\xfaSO\xde\x11\xba\xda\xedZu\xfe\x99\x9d\xfbU\x7b\x16\xbb\x00\xa8w\xa5\xd3wM\xf0\xbaT\xa2\xc3YL\xfftvr\xa86\xe4\xce\xef\xc7\x8f\x96\xb4\xc7\x88\x9aA\x5c\xc9\xba\x7d5\x7co\xaf\xf4\x02\xec\x5c\xfa\x16?J\xf5\x8e\xe5\xd1\xca\xdf\x3d\xe9\xc3h\x40Rl\xfd\x97\xd9\xcc0\xacG\x5bRS\xf1\xccQd\xf1\x07\xc8\x991\xfe\xf9\xee\x1fe\xd9\x7c\xec\xdd\x16\xa3\xfa\x1e\xf9\xdf\xdcO\x93\x92\x0ci\x9fn\xbcZ\x8d\xcb\x7d\xdd\xac\x175\xd5\xfd\xfa\xaf\xea\xfd\x8c\xc7\xd4\xb6\xd4i\x8d\xbb\x9f\xb1\x18d\x84U\x1a\xf8\x81\x06\x8ff\xf9\xac\x2d\xcd\x17\x01\x9f\x0b\xa1\x16\xc3w\x09\xb5\xeaLI\xef\x91\xe5\x926B\xb7\x3b\xa4\x7d\x186\x7f?q\xf2\xe2\xec\x8fE\xbd\x2d\x17\xe6\x5d\xff\xec\xdc\xac\x1d\xb0\xaa\x7e\xe9\xc9\x29\xb0\x7f\x7e\xd6\x8ep\xbb\xc1\x1d\x28\xf2K2\x27\xb9\x9d\x91N\xf7\xe4\xec?\xa2\x7fW\xa8\xc5\x3bd\x22E\x5f\x27N\xe4\xf1\xd0\xb2\xc0\x23\x80d\x1e\x3d\x7c\x9f\x86\x40T\xd2d\xbay6w\x24\xecK\xcb\xc9\xf0\x9a1\x87\xd6\xfdA\xdbI\xdb49\x0c\xf2S\x19y\x19\xbc\x9c\x5eM6\xc1O\xf8\x92\xf7\x08\x87\xa4\x3e\x92\x0fa\xcbv\x7f\xe2\x96\xd6\xb4\xeder\xb4\xfcR\xff\x11A1\xe7\x5dt\xac\x27\xaf\xc4e\xbe\x2c\x8b\x7b\x7e\x9f\xc4\x18\xbc\x23\x06\x8a\x9d\x7e\xdfDOV\xdbk\x08\xfcZ\x9fDb\xb4\xe7\x03I\xb6\x93\x14\xb1\x903vL\x2f5\x9cwF\xc1\xcc\xb4\x92\xb8N\xb6\xc7\xf7\x93\x0b?\x22:q\xaa\xc8j\xad\x1d\x04\x94\xbca\x9a\x40d\x2b\xe5\xb4t\xb0\xca\x0f\x09i\x8d\x15X\x99\xe5AP\xc4D\x86\x051\x9eeXde\xb6\x047\xda\x16D\x27o\x95\xfe\x3d\xab\xca\xc8\x1c\xf5Q\x88UO\x5b\x937\xdc\x95\xd2\xadc\x87\x92\x2c\xe0\xe1\xfcW\x9c\x5e\x12\xd68laq\x13\xad\xc8\x60\x2c\xe5\xeav\x0a\x3b\xb23\x86\x0c\xa7\xbe\x0c\xdf\xb3\x99\xd6\xf9\x99\x08\xbc\xf4\xe0\x91\xb3\x1f\xae\x06\x26\x40\xb1\x5c\xae\xfd\x8f\x18E\x81\x02L\xd0s\xe0\x3e\xc3\xc9\x9cRS\x9d\x04\x5d\x90\x180\x17N\xd8\xeaY\xd5\xc5\xb8:\x88\xe55rV\xde\xea\xb7Xm\xa8\xe9\x16\x1b\xe1\xb2\x0b\x14\xa3\xcfJ\x0d\x0f\xd5\xb0\xec\xb9\x29\x22\x23\xe2\xe3\x28U\xce\x0b\x92\x82R\xef\xcbV\xa0\xc2k\xe4\x15\x02\xd1\x87xO\xad\xf2\x5c\x8d\x5b\xad\xdc\xcf\x04l\xcb\xe1\x97\xe6O\xbc\x29\x26\xa9\x94\x7db\xa1\x06\xa5:\x5d\xd7\xc9\xdawtA\x03\x5d\xb5\x09\xd2\x19\xb9\xd9\x9a\x92\x12\x18\xb9\xb9\x03\xc7\xbcv\xa9pq\x16?\x23\xad\x1e\xe4\xcau\xb9\xfe\xc6\x60O\x08\xa01\xfeL\x5d\xads\x3eEj\xeb\x87\xb5s\x29\x2c\x2a\xab\x01\xfd\x11\xc09W\x07\xee\x5e\x0dU\x1a\xcd8\xc3i1\x97v \xb0\xaftm\xa5r\x3dS\x96\xf3\x0di\x03\xfe\xb7\xacN\x98\x60I\xbc?\xad\x8e\xce\xd3\x8f\x86\xa4\xc1\x81\x7ek8e\xe2f\x1d\xbb\x27\x811\xc5Y\x0dw\xc8\xe3\x5c\x07r\x86\x90\xc42\xd0\xa8\x06\xe1mQ\x5e\xeb\x60U\xb2\x27x\xd6\xc8g\x14\xe58\xe9\xc6\x8edG\xa0\x40\x1c\xf8\xa77\xb7z\xd3\x85\x3eO\xfbDt\xb7dE\x25\xa3\xb6\xa1\x8e\x9a!\x19\x3d\x14\x11\x10K\x05\xd5B\x0d\x19\xe6\xbdl\x98\x2aU\x82\x1aL\xac\xe6z\xcf\x86\xfa\xe7\x96\xf0\x2b\xb3o\xe4Ed\x8et\xfcj\x1ev\xcd\x94\xcf\x11\xb9\xe5C\x1a\x1a\xf3\x40\x1d\x8a1\xa2\x15\xb1JE\x89\x1di\x28\xb4\xc3\x93\x99Y\x1a\xdeYnm\x0d\xadvQD\xceq\x0d:0\x82\x2f\xad\xce !\x05\xd6Y\x17\xad\xe3P\xdc\xd0\xb96\x09\xe0\x1e\x81\xbc\xc1G\x86\x0a\xfe\x95t\xb3\x2f\xa9\xd0d.Yy\x5f.\xeb\x95\x07\x7b\xbds\x81\x2c\x7d\xb5EP\x2c\x9bl\x23\x9c\xbe\xa4!\x9f!\x17\xfb\x9b\xe3\xb8\xb8o\x81\x22\xe0\xdc\x1e\x83\xffi\xd2v\xf5B\x93\x82i\xe6u\x0enu\xc4\xe5\x82\xdc\x9b\x28\xab\x82\xb8\xf9\xc0\xad1\x22y\x9e\x24yq\x3e\xaa\xc8l\xf5\x0c\xe8\xdc\x1d\xaf\xbbz\x3c\xa1\x18f\xf8\xe1\xda\xb4\xfb\x99\xba\xa3\x7b\xd8\x19\xb29VL\x7f\xb4GN\xe8mRl\x5eP!\x7b\x1ab\xdfC\x5d\xb2\xf8x\x0f\xba\xfey\x0c\xf1R\xcc?U\x17\xae\xa6\xc4P\x24X?\xc2\x29\x1a?\xdfK\xe3\x5f\x00\xe0\x7bg\x5dip\xc7\xed\x9fF\x87\x26Y.\xb0\x2f1\x26\x08\x80ErL\xbcP\xe4t\xfe\x01\x8a\xa6\x27\x26\xf0\xf2b\x5e\xfdX\x05C\xce\x16\xf6\xb1\xea2R\xfbB\x7e\xef\x3e\xefI\xbe1\x8f\x01\x184\x82\x06\x8b\xe9d\x3d\xa4\xfc\xcb\x8b\xdc\x0a\x85\x8e\xf42\xbfKzC\xa8\xc2\xc1\xd2\x94\x11\x7f\x00\x0e\xae\xedk\x1d9\xf2\xab\xb7\x2a\xb9\xa6p\x60Q\xb2\xb9\xf3\x9c\x8a\xea\x1c\xbcQX\xea\x2c\xfe\x19\x27\x09\xf5n\x80f\xc9\xe1\xf9\x18\x8e6\xa6\xbbZZ\x13\x02\xce\x3e\x13\xbd\x9a\xfdy\x3c\x99\x5d\xbb!b\x2bE\xe1\x9d\x25U\xf9\xd2\xff\xe0l\xbb\xe4\x25\x5f\x16\x83D\xb2\x92\xe5f\xaa\x9f\xe2\xed\x8a\x98\xd3\x84B\xe8\x0c\xb1\x99\x7c\xd8\x9a\x85\xdd\xc3iZ\xefg\xd9\x8c\xdc\x801h\xa5J\x27\xb7\xd3\xea\x8c\xbcQ\xc6\xd1Q\xa3\x3e\xf3\x0d\x27\x83\x22\xe9v\x7d\xf3\x3d\xa1\xeeaX\x40\x05\x1b\x06\x2f\x1cl\x8dI\xddcm\x9c\x95\x9b\xcb\xf5\xac\x7eo\x05\x28\xf8\x22\xa1y\xf0o\x5e\x0c\x7c\x02\x89\xb3\xe2\xc1\xc6r\xa3\x93\xf5\x1b\x90\xb9s\xd6\xf6\xbb\x22m\xec7\x17\x13t\xe5\x11\x1b\x96\x3c\xd1\xa9\xeb\x9f\xdbP\xae\xbdeWy\x29\x89I\xe5\xfa\xf8q\xdc\xcf\xed4\xd3K\xd7\xfe\x0fM\x0b\xb41 \xf4\xc4\xa4\x1f\x26\x93\xde\xe4\x2dh\xad\xe72A\xde\x18\xa3\x23\x229\xee\xc9\xd3\x17n\x12\xdf\x83\xe7\x86F\xa6A\xe9\x04\x29z\x06\xc9\xd5KkG\xb6\x8d\x0c\x7dN\xfc\xee\x1a\x3e\x08Zrg\x85x\xc3\x82\x8c\x15\x89\xb32\x60\xd1a\xee\xac\x0e\x88\xbc\x5b\xa7P!\xb6\xff\xd1\xb1M\x1a\xf9?Z\x87\xfc\xd7\x29\xffp\xbe\xe0\x84\xe2\x40\xb6\x3c\xda\xc0\xa8\xa9w\xf7\x3e\xc8\xbe\x0fR\xed\xe4\x7c\xe5\xb4mR\x95P\xd3\xb3\xd69\xee\x18\x89\xe3\x9f\xa7 \x0eW:\xe3\x60\xef\xe9\xf0\xf9\xfb\x19\xe0yk\x26\x11I\xb4\xe6\x7c j\xf4\x60\x18\xab\x8b\xc4\xc5g\x2b\xf7\xe6?\x40\xa6\xb1\xf2k\xe1j\x11\x3cX\xc3\xc5\x5c\xa8\x5b\xaf\xc0\x5f\xbe\x25\x87\xf0\xb1\x5f\x22\xe5H\xd7\xdc\xd0\x07\xe5\xe8\xbf\xc7\xeehh\x95\xdc\x07\xb5Dk\x06\x11\x89\x9f\xfbB6\xe0\x5c\xab\xa9 \xf2\xcb\xa5O\x3c\x29\x88YV\xc6T\x81\xf9\x3b\x5e\xa3 \x25\xca\x10\x9b\xf6n\x27\x90E\x18\x1d\xef\x5f\x2c\xf6\x2d\x14\x08\x7fkq\xc5B\x05\x1aoP\x3d\x0f8e\x16\xc3\xa4\xf45\xeb\xc4\x5d\x40\xab\xe88g\xff\xb3\xc2\xcd?\xf1\x83\xc6\x0e\x13\x9f\xdb\x10f7\xed\x24\x92\x00\xa0\xf1 \x87\x8e\xdcI\x9ab\x98\x8cj\xabx.k\xf1BpM\x7e\x95fA\x06\x5f\x7e\xb0\x97\xb85\xac\xc9t\x26\xdb\xba\xbd\xb6Fn\xea8\xe1\xf5\x03E\x09D\xbe\xc5\x09\xf6\x99\x1b\x23\x94h\xdf\x17b\xf4\xfe1\xe3\x02z\x5bKp\x95\x1d\x9b\xe03w\x2f\xd3\x13\xe8\x8b\xe2\x2f5\x5d\xf1 \x11\xaaY3K\xe6\x87\xd44C\x2dM\xa1A\xe0X\x40\x03\x18\xd3\x813\xa9d\xd5\xf1\x9b\x10sCg?\xf7\x1a\x23\x93\x5ft\xc3\xf6\x27\xa7.\xcc\x08b\xb5\xac\x00WzB\xd1\x13\x04\x5c\x06\xa66\x02\xdf\x3en\xcd\xda\xe7 \xe23\x22\x9az\x1b\xe8\xd7Q\x7b\x13\xd2\x9e\x18\xe0\x25U70\xd0LxWe\xf1r\x1d\xc4I\xcdw\xf5\x3d\x0d\xf7\x82W\xa5IQ\x04C\x9e\xb9s8T\xe3\xb0\xdf\x9dt\x9a7E\x2a\xa0\xa1X\xe6LB?S4\xc4\xb3\x97\xd1\x86\x96\xb2\x1a\x08\xd9\xc3:\x9b\x92\x226\xf8w\xd6\xb3\x14\x0e\x956</data></match></read>
    <read><length>50</length><match><data>Welcome to the EZ Barcode Encoder\x2fDecoder Service\x0a</data></match></read>
    <read><length>21</length><match><data>\x2d\x2dSelect an option\x2d\x2d\x0a</data></match></read>
    <read><length>23</length><match><data>1. Input a new barcode\x0a</data></match></read>
    <read><length>22</length><match><data>2. View barcode ascii\x0a</data></match></read>
    <read><length>26</length><match><data>3. Generate barcode image\x0a</data></match></read>
    <read><length>24</length><match><data>4. View cached barcodes\x0a</data></match></read>
    <read><length>25</length><match><data>5. Clear cached barcodes\x0a</data></match></read>
    <read><length>8</length><match><data>6. Quit\x0a</data></match></read>
    <read><length>5</length><match><data>:\x2d\x24  </data></match></read>
    <write><data>6\x0a</data></write>
    <read><length>56</length><match><data>Thanks for using the EZ Barcode Encoder\x2fDecoder Service\x0a</data></match></read>
</replay>
</pov>