<?xml version="1.0" standalone="no" ?>
<!DOCTYPE pov SYSTEM "/usr/share/cgc-docs/replay.dtd">
<pov>
<cbid>service</cbid>
<seed>536e9c50b89fd88eeec3b32ff09243f6ac8278d49278bab5b9d97344202277e84cd6d6d8a50b00e58774103501b8ce42</seed>
<replay>
    <delay>50</delay>
    <write><data>\x89\xb9Z\xb9</data></write>
    <read><length>4096</length><match><data>\x89\xb9Z\xb9\xd2\xd9S\x15\x84\x85\x0ap\xe6\xa4\xf3\xff\xe1\x85\xda\xa9K\xe2F5\x84\xc5\xa8A\xc63\x29\x18V\x7d\xac\xb1\xff\x3d\xbd\x1aF1\x12\x22\xd3\xb2\xca\x09L\x3d\x05u\xdaS\xcf\x3d0\xacC\x13\xe0y\x05\x97\xae\x26\xe1\x3e\xa5\x5cb\x2ba\x7bq\x88\xf3\xecn\xcf\xfe\x5e\xfa\xa3\x82\xcc\xcd\xd5\xde\x98\x95\xa8CM\xd6\x92\x0f\xdc\x16\x5f\x25n\x25\x9bc\x14\x2d\x19\x7d\x3eO\xfcx6\xec5\x93\xa7\xcf\xdd\xe2N\x03\xfb\x2d\xea \x09\xc0l\xd5D\xdcD\x814G\xc5a\xd9q\xe7\x87\xa7\xf2\xc2r\x14\xdf\x7c\xe1\xc1g\xd5\xdfV\xeb\x60\xd5\x9c\xf3e\x92\xdfd\xb1\x9a\xf3\xc8\xdf\xech\x7ba\x8d\xb4\x3d\x14\x911\xa1\x60:\x19H\xd0\xf5\x2b!\x9e\x13\x94C\x24\xf2\x19\x0fk51\x89\x3c\x2d\xc3\xb0\xe5Y\xb4\xd8\x03\x5be\x2c\x0b\x26\x3d\xe5st\xd4\xf7eo\xd2U\xda\xb9\x19\x0f\x0c\xd5\x09\x3d\xe8\xba\xe8\xf9\x8e\x1fl\x60\x5b\x95l\xd9\x40U6\xa9L\x29\xb9\xc3\x2aC\xfdldNm\x9fz\x2a\x27\xa95\xb6\xf9\x92F\x1c\xa3\x1f\x26A4D\xb8xH\x15\xd2dC\x8a\x19v\xdd\xd1\x228h6\xe0\xbb\x2c\xe9s\xb4\xa3LkK\xc1\xf1K\xb0\xcd\xe1\xa0s\x8e\x1aL.\xc1\xa4\xc4\x86\xb8g\xc8qYFP\x2a\x86\xdc\x18\x27\xf3d\x7c\xa35\xa4De\xb0\xf9!\xdfqd\x5fV\x0b0\xeb\x09\xb5\x95\xd6\xab\x7f\xbal\x1e!0j\xb8j\xad\x18\xb7H\x0a\xcb\x0b\x80V\xf3\x00ASw\x2a\xa6jXfg\xcc\xa4\x9c\xe2\x18O\x2b\x60\xc0\xdb\xf1\xef\x9c\xd4vB\x98\x7b\x11\xcdL\xcc\xec\xbehf\x2b\x05\x88?c\x93nQ\x86!\x2a\x88\x16\x3b\x7c\x18\xd8\x26\xf0\xb1\xf9A\xeb\xec\x83p\x89 \xb3\xdbvR\x7bM\xfc\xdah\xc6mM\xb0\x9f\x1aK\xc4\x01o\xf2\x98\x7b\xb7\xe0\x2f\xe2\xeb\xf1\x40\x11L\xa6\xdf\xe3 \xbeZ\x85\xa9\xd0\xb7\x93\x02\x5dFO\x95\xd40\x80\x84WJ\x5b\x8e\x7by\xc9\x98\xe6\xb1\xffG\xc7\x3d\xbc\xa0\x19\xd2\x0b\x97\xb9\xe0M\xf1:\x0f\x17\xdd\x18\x12\x06\xc9\xcd\xdb\xe2c\xf1\xecwG\x22jj\x5e\x1d\xf5df\x11\xabF\x1c\x8e\xa2\xbe\xfb\xa1T\x17\x95\x14\x22\x5b\x92\x15\x99\xec\xc2\xc2\xac\x80\xc7u\xa7\x5c\x1cc:\xa9\xbc\x1bR\x0a\x7eR\xae\x5b\x8f\x25\x7e\xecR\xd3\xed\xb8\x93H\xee\xbco\xbbd\x80\xd0:i\x10\xa7\x1b\x5fk\x8c\x89M\xfb\x1e\x25\x248\x231N\x26B\x86\x23\xa8\x2d\x40\xe2g\x81\xb6\x03\x09\xa2\xc5Eni\x7f\xe0\xb0\xf0C\x98\xbce \x8fe\x85\x8e\x9b\xbf\x82\x82\xc8\x2d\x91\x25\x09x\x7cf\xd9\x7bI\xf0\x99F\xe7\xaf\xa2\xea\xb3R\xd5\xab\x7b\x80\x40\xb6\xbc\xd5\x2b\xe4\xaf2sT?5\xd4\xa7\x7c\x2b\xe5c\xbc\x07Z\xb6\x7b\xcaL1\x5b\xc3\xdaF\x9ck:\xa8\xa2\xd4\xfc\xa65\x02\x99\xe9xFujV\x97\xb8iL\xc8Z\x11\x13t\x8a\xc9\x9b\x08\xee\x93\xfb\xdaZp5E?\xaa\x3b\x17\xe0:\xaf\x09\xa8\x22\x0a\xa9o?\xda\x28\xaan\xc9\x1f\x2f\xc0\x81\xca\x19\x81\xfa\xa5k\x8b3\xe7u\xfdX\xbd\x0e\x98\xa9\xa5\xc1\x2b\xab\xd2\xfb\xb6\xfa\xb7\xfaI\x88\xa6\xf7\xff\x1a\x14\x925\x9c\x5f\xda\xe5\x06\x04\xaa\xd7\xd1\x9a\xc2\x00\xc3hO\x23\xd6\xac0\xb0\xb1\x09\x5d3?Q\x24\xae\x5d\xd2\x3e\x5f\xdb\xbb4\x0a\xf7\xe3\xa0\xcc\xc4\x95\xe9\x28v\xe6aug\xfcp\x7d\x1c\xf6V\xf3Q\xc6\x13\xb09\xac\x02\xca\x19\xe4\x97\xb0Rs\x8d\xa5\x3b\x5f\x17\xa6\xa2\xea\xdb\x19\xab\xbdJP3\xc7\xe0\xca\xe3\xcd8\x1dT\xbd\x0a\x7ec\x10\xf7\xea\xb3cs.\x8e\xb5RT\xb3T\x5d\xc7\xcfl\x09\xb2\x96v5\xb4\x2c\xd6 \xa9\xb76\x5d\xaa\xc01\x7c\xa7\xc2\xdfY9\x8f\x04\xd5\xac\xe3g\x60l\xb7k\xc9\x24\xa4\xd5\x2b\xc9\xe3\xfan\xe2\x1a\x96j\xa1\x26\xc8\xef\x13\xb8\x92\x97\x8a\xe3qA\x09\x1b\x7b\x7c\x3cW4\xb5\x08h\xddy\xe6Glw\xa4\x10\xcc\xe1\xa5\xb9\xb1\xd0\xf8t\x3b\x00\x18\xf9\xd22\xb4s\xc1\xf4\xcf\xbe\xcbc\xa3\x3e\xa6\xa2\xf7\xec?\x1b\xa2\xefL\xce\xfb\xd49u\x07\x97\xc2\xdd0\x8cg\x1eb\x81Y\xd5\x7d\xb1\xa9O\x27\xcb\xc2\x1c\xd5\xe2\x1fW\x0c\xd9l\x3d\xc1\xf8I\x1f\xfd\x0c\xb5N\x03WS\xc0\x8a\x0e\xf4\xa0K\x126\x2f\x8c\xb5\x23v\xcf\x08\xd9\xdc\xa3\xdf\xc5\x98A\x94\x9a\xe2\x015\xa3\x86u\x97\xf0\xea\xb9\x8dv\xf8v\x5e\x04\x0bW\xe6\xe7\xca\x0c\x92\xbe\x5d\x9a\x405\x00\x28T\xb7\x8f\x1b\xb2o\x0d\xa5\x150\xd9\xad\x83d\x13\xeb\x87p\xb1\xef\xb3.\xa4\xd1\x89\xab\xc2\x2c\xd9\x23\x8f\xf4q\x228\xd8\x87\x0b\xd1\x8c\x02\xe4\xa1\xf2\xd7n\xca\xc9\xe9\xb8\x00\xbc\x93\xd6\xaaS\x9b\xe6\x1b\x0e\xe3\xf7\xc4P\x9f\x16!\x9b\x82uC\x5dVO\x9f\x0ee\xa9\x2b\xeb\x5beOZQd\xaf\xf0\x27\x5eh\xfb\xe1dj\xa3r\xb1\xa2\x9f\xea\xd7j\xff\x90\x5f\xdbHQ\xfd\xee\x19\xecv\x0aIG\xef\x11\x5e\xbc\xf5uu\x07s\x0bm\x0d\x89\xadR\x18\xaa\x17\xa5\x19\xbf\xa6\xa0\x1b.\xc5\x1c\x80z\xc1\xd7\xbeE\x2dq\xe4\x09\xa1\xb1\x10\x83\xda:\xdd\xe7NW\xdd\x96g\x13\xd9\x02\xf5Zn\x05\x14\x91\x26\xaa0\x968m\xaf\x25\x00\x808\x82t\xb9\xdc\x2a\xbb\x9b\xb1\x8dk\xe8\x7b\xc9\x94\xffN\xe1\xe9\xbd\x8f\x121G\x13t\x8898n\xf1\xccQ\xb6\xa8\x0e\x7b\xec\x91\x7e\xc1\x3c\xa0\xc10\x0d0\xda\x09l\xf7\x0f\x9b\xb7\xc2\xe9\xd0\xa4\xc2\x24b\x5e\xf1\xf3r\x5b\xb3f\x3bkf\xcc\x0f\xebg\x10\xaceX\xc2\x9c\x88\xacg\x81\xc3\xd3?\xe7\xb4MXNuL\xabW\x0a\xfb\xe6\xb8\xf4Mao\xf5\x06\xad\x2b\x17\x9d\xeaM G\x18h\xc99\x88v\xc9!\xe3\xa9\xe3X\x01\x05\xc3\x9a\x60\x25\x3c\xbc\x13\x1c\xd4\x2b\xf5vZW\xee\xec\x5d\x2f\xdc\x97\x84\xbf\xae\x5c\xc7X\xac\xe0\x1b\x1ev\x9a\xe2\x3c3\xe5b\x1dX\x16m\x89k\xcey\x60Y\x8fc\xd2j\xb7y\x1a\x00\xa7\xbf\xa4\xce\xdb\x7fz\xb8\x5c\xb1\x93GL\xb7fU\x5d\xbf\x15\xd1\xe8\xac\xa8i\xfa\x1e\xf0\xb9b\xe2\x97\x3d\xe6\x1d\xd9R\xdd\xb0\xdd\xf8\xcb\xc3\xc3\xa8\x97\x155\xb3\xbf\xdd\x12\xaf\x11\x83\xe3\x91D\xc8\xd3o\xc3\xf8\xadU\xcbVf\x3e\x8d\xc3\xae\xc2\x82\xc3\xbe\x2dS\xff\xb7\xd5\x98\xcf\xa2\xa5\xdeQ\xc8\xf6\x8d\x81y\x3b\x99\x99QE\x7d\xab\x94\xafH\xb5\x95r\xbd\xc6\x8e\x06\x5bk\x87\xc1M\x3c\x03\xc3\x81\x3d\xa2\xa4\xda\x0e\xf9\xa5\xf8\x7e\x24\xb0\xb5\x09Q\xda\xf6\xbe\xf1\x89\xd6B\xb2l\xa7\x83\x1ao\xa9\x19h\xd1\x27Y\xee\x8e\xac\x1e\xd2\xf0\xa6\x5f\xcc\xea\x80\xf8w\x9d1n\x9b\xb8g\xca\x0b?\xb6\x82D\xab\xac\x90r\x84\x29c\xee6\xf9\x2bC\xc9\x13\x1e\xf4Za\x10\x0f\x29\x1b\xd5m\x1d\xc2\x06a\x807z\x9dP\x18\x90\xdb\xd9\x88\xe9\xc5\xbd?O\xfd\x07q.\xf1za\x19\x3c\x18e\xb1\xd2\xc1\x97:\x02\xc2\xfc\x0c2t\x25\x1f\xe7H\xe0\xa4\xea\xe9\xa54\xc8\xbc\x2a\x8d\xcd\x19f\x80\xd83\xb4\xa9\x18\xb5Wmv\x99\x18\x2b\xc4\xf6\x95\xeb\xf8\x01\xd1\xc1\xe6\xa9\xb9\xe2\xd7\xc29Gh\x2fw\x8btw\xce \x10\x24\xbe\xa2M\xabd\xc3\x7fS\xb0\xf9\xb7\xf5\xfb5u\xb3g\x9e\x891\xa1\x1b9\x81\xceh\xeb\x7d\xc7\xc5O\x9d\xcc\x2d\xa7\x8c\x03RKy\xfc\x3e\xe9\xf8\x87\xe2\x96\xac\x88\x95\x3b\x13\x5bxFK\xa9L\x40\xa7\xf3h\x2a\x7b\x0eB\x16\x0f\x06\xa6Lv\x88\x7c\xd0T\x5f\xed \xa7\xad\x8a\x1d\xe0\xc3\xde\x8e\xec\xda\xb6\x03\x1919\xbe\xc3\xcd\xf7\xc1\xfa\x82\xd7\x7d\x0a\xc4\x05p\x88\xc8\xda\x23\x0c\x1b\xc1\x5c\xa1\xdb\xc8\xd5rT\xa6\x9et\x94\xee\x08\xf6\x25c\x7b\x7e\xcc\xcb\xc2\x7c\x86\x14\xe9\x8f\x16\xdf\x1e\x8d\x12\x80\xac\x81\xbe\x89\x92f\xd2\xf2z\x0eo\xa7\x0c\x93Z\xceS\x27GVgK\x82\xf6\x8csS\x1fM\x28\x00\x061\x2a\x60vGS9\x98\xdf\xe4\x9f\x2c\xca\xd8\x92\xbf\xd4\xc8\xefB\xd2\x3d\x8d4\xbdc\xfa\x18\x08G\x22f\x0d\x1cx\xb5c\xe3\xfc4\xd9\xcb!N\x7c\xa8\xda\x81zt\x04\xaaey\x8e\xaf\x8f8\x93\xc5?5\x15\x8f\x8a\x8f\xcee\x93\xbfG\x1c\x09bUy\x3c?\xab\xbb\xaf\x2b\xf4\x9e\xc1\xd1\xf7\x5e\xfbu\xe1\xcd\xcc\xce\x97\xad:L\xd8\xfaT\xd1D\xb52\x00\xcc\xf7\x7b\x19\x09\x1fV\xd1\x02\xc6T\x22ku\x2b\xe2i\xf4\xf2\x2d\xcc\x83\xffY\xfcK\xf7\x2d\x2d\xef\xba\xbfOM\x08\x15\xe8\x8c\x0c\x98\xf2\x83\xb8\xd4\xd1\x14\xe4\xce\xcdA\x93\x7e\xae\xd8\xdb\xc3 \xc7\x1f\x94\x9a\x27j0\xa4I\x97O\x3d\x29\xea\x60\xe1\xd5\xc5\xf1\xe9\xa1\xeb\x16\xb8JC\x7epg\x15 \x5b\x8d\xc2\xeejM\x0b\xb1\xc2m\x0fi\x932G\x81\xb5\xee0\xff\x0f\x5d\x7b\x99\xd3\xcc\x8eG\x2c\x0a\x13\x1e\x7e\x1d\xe4\xb2f\xc81\xf8Vao\xe1\xe0\x1a\x1b\xba\x18\x0d\xe8cU\xc5\x02\x1b\x85t\x5b\xeb\xb4\x7b\xeek\x5bec\xa2M\xd7\x0fR\xc8\xec\xa2\x99t\xbcKJ.\x16I\x28s\x99\x60\xfc\xb4\x98\x9c\x19\xf7\x98:\xe9\xbf\xa3w\xb3\xc2\x80\xb9\x95\x9bY\xd2m\x8b\xef\xf3\xcbfw\x0d\x00\xf4\xe8g\xf0\xe9\x85\x1bP\x85\xa8\x9a\xf0\x96\x10V\xb9\x9c\xe1\xa1\x98\x11s\xaa\x83\x01\x94\xafX\xc6\xe8MC\xe4hdf\x17l\x5e\x2ch4\xd0\xa7I\xca\x7e\xe6\xe0\x89\x1b\xa4S\xd3\xff\xe0\x7e\xb1\xd2\xc0\x8d\x28\x94\x8e\xa2\x3b\xfc\x87\xa9R\x0f\x08H\xb0\xb6\xb26\x3b\xc7\x83\xa0\x9cK\x16\xde\xa6\x1d\xd5\x05I2\xaaH\x14\xa1\xcaE\x85JQ\xa1\x0fs\x99l9g\x93\x91\xfa\xb5\x7c\xe0\xcf\x90\xfc\x95\x80\x22\x17l\x94\x191\x96\x07\xf5Q\xa3\xda\x95\x06\xfd\xab\x9a\xc9\xeb\xf2\xb9T\xb2\x09\xb4G\xb0\xb5\x88h\xa1\x7ev\x0e\x7c\x1c\xd4\xa2a\xa1\x7d\x97\xf9\xf9i\xb4C\xe6\xd5A\xc5\x7e\x86\xd2\x5c0He\xf8\x2a\xe3\x24\x15\xa3\xb9\xff\x18\x06y\xa5\x95a\x0b\x3b\x157\x3c\x88\xf8\x12\xea\xea\xf4\x8eJ5\xe8\xadg\xc0d\x132B\xcbWV\xf7\x5eW\xe6\xbe\x29U\x03\xff\x1ez\x9c\xa1a\x0eGK4\xc7\x85\x29\x0b\xeab\xac\x882\x11C\xa1O.\x15\xa62\x01\x87\x60\xb0\xa7\x2a6\x3b\x927K\x2c\x29\xb6\xa8\x7d\x8a7!\x94\x91F\x87f\xbf\xfb\x26\xb1\x08\xfd\x8a\x23T\x24\xb7\xc1\x1e\x17\x17\xa2\xad\xea\xb5\xb42j\xcc\xed\xc57\xe0A\x7b\xc9\xbd8\x2aG\xd9b.\x7b\xbf\xc4lU\xa3\xf9\xcbW\x00\x2b!\xc2p?\xfc\x0f\xc9\x10\x85\xa17\x82o\xf2\xef\x1c\xd8\xab\xcd\x15\x3d\xb6\x96\x84\xb1\xa5\x01\x91jv\x92\x83\x23\xec\x22\x1a\xdb7\xa96\x2a\x84\x83y\x7c\x84\xf9\xc1\x9a\xfb\xcb\x09\x19Ft\xa6\xe3\x9e\x2b\x26Q\x40\x3eN\x84\x2f\x9d\x28\xa8\xbc\xf19\x82\x8a\x02\x14\x0a\x89\x5c\x83\xdb4\x8f\x09\x1e\xdb\xce\xaar:\xe8\xdci\x98sv\xd5ylf\xf8\x15ZMd\x03\x10\xa8\x3b\xf7\x8a\xa9\x0d\xac\xbc\xe24\xc8\x2f\x17\x1c\xe8\xdd?\xb4\xa9\x15U\x2b\xf1\x0a7\x9c\xed\xddrU\x7bgL\x27oCj\x2c\x1f\xa14\x22\x88\x075\x7fJ\xa9\xfc\x3dq\xae\x1f\x0d\xa9\x880\x12\x3d\x1e\xb6\xfcz6\x23\x3c\x81\xf8\x88\xe4qJ\xa8\x93\x5c\x93\xc5\xf8\x98\xb1\xe1G\xd6r\x25\x18\x2b\xe8Fy\xf3\xa5\xab\x97\x13\xfb\xd6\x8e\x3b\xb2\x1b\xb7\x1b\xae\x1b\x02\xcb\xbcr\xbb\x1as\x23\xf7\xf6\x10\xa5\x03k\xae\xda\x9f\x25\xdc\x19Af\xdd\x12\xbd\xfe\x22\x5e\xaa\x096\x94\xaanBZ\x08\x81\xe5\x95\x2f\x94D\xc1\xe3p\xb8\xd9\xa0f\x86\xbd\xcb\x05\xe103\xe8E\xee\xdc\x18\x27\x5f\xdb\xc5\x1a\xaa\x29\x3d\x1e\xa9\x8f\x2b\xf6\x920a\xc3\xbcL\x2c\xeb\x82T\xec9Kx\xb2\x7b\x93\xdd\x11\x7b\xb3\x86bY3\x02\xbe\xd9\xd6\x1a4\xf7\x09\xe3\xe3\xf6m\x90\x92\x84v\xd5\x1bt\x09\xaf\xf2\x83\x1f\x8f\xf6\x8b\x91\xfe\x14\x9d\x18\xc6\x94\x5e\xf8\x9c\xff\x26\xe9\x5c\xc1\x11\x15\x95\xe1\xfaN\x29\xd0\x7c9ps\xec\xab\x2b\xea\x85f\x97i\x8d\xa7\xd1\xeb\xb4\xe4\xe9a\x19\xa1Q\xaf\x40z\xfbe\xde\x99\xc2\x1a\xc8\x98\xe8\x97Z\xd8No\x07\xc2\xc4S\xe3\xec\x7c\xea\x9c\xb5\x12\xbb\xd6Tf\xf7\xddU\xaa\xd2\xb7ej\xfeE\xa1\xf3N\x14f\xc4U\xdcw\xf5\xe5\xc9\xc7PY9\x3d\x95q\x81\xb7n\xc5\x3cVH\xae\x28\xcd\x99jx\xf4E0l\x0c\xb3\x5bb9\xd4\x0c\x9f\xdb\x27\x2c\xe85\x17f9\xe4\x1b\x09\xbap\xa35\xef\x3b\x8a\x8d\xd8\x2c\xdf\x06\x88k\x83\xbc\xaa\xddM\xc2\xc7\x2a\x93\xe38\xd2\x15\xc5a\xf1\xa8\x1eY\xad\x85\x01c\xb4\x18\x2aM\xf7\x92\x24\x60\xd42\xc4\xea\xa8\xb3S\x22N\x5b\xcfC\xd6hM\x5cS\xadN\xbe\xd9\xcf\xd2\x10F\xf3\x7e\xd3\x0e\xf3\x113\xd4\x2a\x267\x14\xe4\x8dc\x5d\x14\xbc\x5b\xe8Qjh\xc8\x9a\x88:\x24\xc0\xcb\x00\xf3w\x0d\x02\x1b\x3bd\xa9\x2b\xf9B\xfa\x80\xd9\xc9\xd8\x2dx\xb9\xabt\xb0\xb7\x09\x1b\x14\xea\xe5\xb8F\x9a\x0c\x158\xe1\x3b\x60\xfd\xff\xa7fFI\xea\x7b\xa3\xbd\x99\xa6\x5f\xfa\xbc\x1c!\xc7\x0c7\x09\x5c\xbc\xfa\xda\x92\x9a\x1e\x2d\x00\x8b\x89\xfb\xdcBU\x23q\xa2\x1b\x40S\x7b\xa7i\xa9\x9dT\x2c\xad\x17\xb6\xdc\x86\x88\xa6\xc9\x84\xdb\xad\xc9\x9c\x00\xaf\xc6\xf1\x17\x22\x93\x1a\xff\x5d\xe6\xc2Uz\x00\xab\x94\x87\x0du\xdc\x95A\xf8ht\x27DM\xb5\xc50\x96\xf4\xb8\xb6\x19H\xe4\x5f\xf7f\x81yn\xc6Kt\xaed\xec\x93\xe7\xa1\x98\xd2\xcet\x96\xa5H\x7c\x11\x94\xe7.X\x12\xef\x06\xc0S\xcb\xee\x29\xa1\xc8\x8b\x15\xad\x03\x9f\xe5\xb4q\xf5\x90\x9bu\xa5A\x1c\xbf\x12\xd1EG\x40\xc3\x0c\x29\xc7\x8c\xaf\x8ekKo!\x00A\x3d2xW\x85\xf7\xed\xee\xefY\x84\x91\x9ap\x24\x0d\xb3\x2f\x24\xf3\x1d\xa8F\xa6\x5ci\xf6\xf5\x81\xba\xa9\xfa\x8d.\xa9\xa7\xe9SX\xb4\x2fS\x5e\xa0\xf5\xe75l\x8a\xab\xd4\x87\xc6\xa2\x13f\x97d\x5c\x8e\x26\xb1\xe0\x1dp\xaa10\x84I\xf7\xed\xca\xba\x8eI\x01\xad\xec\xf7\xab\x92\xce\xbbf0\xc6\xc1\xefP\x1b\x9c\x8c\xb4s\xd1\x25\xc7s\xb6\xc1\xb6N\xdek\xcbs\x7b\xa0\xa5\xae\x02\x81\x12\x15\x18\x5d\xc4\x29\x9do\x15FD\xe9\x06\x8d\x87\x99\xcd\xbeo\x9c\x8df\xa6G\x1c2\x1c\x90\xbe\xab\xf1\x9d\xfdd\x5c\xceqO\x2d\xd1\x88q\xbcXX\x7d\x11W\xa9\xcd\x10\x60\xce\x90r\xd2\xff\x1b\xb4\x5fK\x9b\x27\xf0\xe9\xc5\xff4\xe1qyo\x95\x88\x04\x7b\xeb\xf55\x90g9\x02J\xf24\xae\x85\xac\x24\xb1\xbe\xa6\xbe\xde\x077\x89\xb7y\xbc\xbcN\xd4k7\x84\x92\x1d\xc3\xba\x1ez8\x3c\x28\x3d\x1f\x03\xfc\x8d7\xba\xc5\x9aSWZ!4\xba\x83\xff\x8bR\x5f\xd9\x88Nsk\xc5f\x1e\xb2\x2c\xb0J\x92\xa9p\x13\x12A\xa8\x5eB\x3e\xcarR5\x8c\xf3\x0c\x19\x94xn\xa9Q\x95\xf8kw\x3d\xfe\x2b\xf9\xcdx5TW\xe3\xe3P1\xf1\xe4?\xe6\x9eIr\xd7k\xe7\x24\xaa\xf98\x28\x1b\x992\x8d\x02x\xea\xc8\xcd\x9a\xbfK\x13.\xc2\x16\xf9\x3e\x2cw\xf6r\xf6\xe0\xc7\xd9g\xa1Tk\xbe\xd8\xbf\x95\x832\x7f\x8fw\x19\x04\x2b\x9a\x22\x96\xd5\x29f?\xee\x9b\xeb\xdc\xea.\x1c\x24h\x5b\xe3\x1e\xec\x1b5\xf3\xae\x2b\x23v\xc4\x7fe\xa2\x9fX\x0b\x1b\xa1\xbe\xe6\xe0\xfb\x15j\x0d\x7b\x88\xb1\x89\xa5bf\x01\x05\x9b\xd6\xdd\xd3\xcf\x1d\xf8\xd7\xea\x8f\x90w\x08\x09\xe0z\xfe\xf8e\xd2q\xbf\xab\x12R\x2cb\xea\xaa4M\x5bd\xd9\x8d\x12\x11\x1e\x19\xe75\xabCr\xc5\xf8\xbc\xb1\xb9\xeb\x2c\xbe\xea\xaa\xde\x3e\xd6\x87\x8a\xcd\x8f\x14\x88l\x94\xc6\xb94\x1e\xa9\x00\x1b\xb5\x5b\xd99\xe9?\xc1\xe5\x1b\xce\xa4\xe8\x8b\xed6\xaa\x91\x95\x7c\x882h\xbfS\x86\x85\x95\x2d\xe9 \xf9\x8f\x298L\xcf\xc65\x5e\xd1\xab\x8c\x5c\xbb\xd0\x80 \xc5\xe6\x9f\x7d\xf0\xc7lr\xd7m\xb4\x40\x07\xc1C:\xb5\xd8t?\xa9\xce\x9a\x5dG\x3c\x86\xaa\xc4\xb7\x9b\xa9w\xaa\x12\x9c5\xf5\xe5E\xb3m\x92\x2cFz\x1d2\x1e\xd5B\x1d\x86\x1b\x12\x5d\x607s\xee\xd2\xc6\xf1\x05\x0di\xad\xa5F.\x91\xbcC\xf5I\x82\xc3\xf4v\xde\xe2\x06V\x90\x06\xc1\xaa\xb3\x5b\xb4\xfa2\xca\x3e\x11\xaa\xd0UI\x81\x2ao\xf5U\x96\x04\x97\xb0m\xe6\x85\xb1!\xeb\xc0G1\xda\xfa\xd4m\xe3\xcdwRV\x10\xd3\xfc\x8a\xbaalYqv\x05\x97p\xd5\xa0C\x03\xd94\xfe\xdd\x13\xdc\x0d\xa5z\x2d\xd5\xd6\xde6\xa0\xf6\x95\x07\xef\xde\xdf\x1aA\x8c\xcd\xb2\x07\xff\xda\xeaki\xcd\xccN\x7c\x00\xc0N</data></match></read>
    <read><length>50</length><match><data>Welcome to the EZ Barcode Encoder\x2fDecoder Service\x0a</data></match></read>
    <read><length>21</length><match><data>\x2d\x2dSelect an option\x2d\x2d\x0a</data></match></read>
    <read><length>23</length><match><data>1. Input a new barcode\x0a</data></match></read>
    <read><length>22</length><match><data>2. View barcode ascii\x0a</data></match></read>
    <read><length>26</length><match><data>3. Generate barcode image\x0a</data></match></read>
    <read><length>24</length><match><data>4. View cached barcodes\x0a</data></match></read>
    <read><length>25</length><match><data>5. Clear cached barcodes\x0a</data></match></read>
    <read><length>8</length><match><data>6. Quit\x0a</data></match></read>
    <read><length>5</length><match><data>:\x2d\x24  </data></match></read>
    <write><data>6\x0a</data></write>
    <read><length>56</length><match><data>Thanks for using the EZ Barcode Encoder\x2fDecoder Service\x0a</data></match></read>
</replay>
</pov>