<?xml version="1.0" standalone="no" ?>
<!DOCTYPE pov SYSTEM "/usr/share/cgc-docs/replay.dtd">
<pov>
<cbid>service</cbid>
<seed>1dc2e33b20f3752b1fac32e9cb506ae1c1885b44cd8d07b03eac8deae0c819a51a03ba55209217e58542f0eca8724e58</seed>
<replay>
    <!-- kajigger: \x2d0.547490 8\xa4I\xa6\x82\xc7\x1d\xfa \x00\x00sn\x0a\x85\xe1\xbf\x00Esn\x0a\x85\xe1\xbf -->
    <!-- hello: rng 0.634996 -->
    <read><length>11</length><match><data>\x00\x08\x00\xb6\xb4\xd8K\xe3Q\xe4?</data></match></read>
    <!-- monte check -->
    <!-- okay: scaler 0.4000882958 splatter 120.0000000000 -->
    <!-- in 3552 tot 4096 ratio 0.867188 want 0.785316 -->
    <!-- okay: buf 24 -->
    <write><data>\x0a\x10\x00\x00\x00\x00\x00\x00\x00\x5e\x40\xb5\x00\x7e\xf0\x0b\x9b\xd9?</data></write>
    <read><length>4</length><match><data>\x0b\x01\x00\x18</data></match></read>
    <!-- menu: counter 1 magic 38a449a6 -->
    <!-- doubler: can double 16 -->
    <write><data>\x14\x04\x00YUNP</data></write>
    <read><length>11</length><match><data>\x15\x08\x00YUNPYUNP</data></match></read>
    <!-- menu: counter 1 magic 38a449a6 -->
    <!-- query: expect 0.418442 -->
    <write><data>\x1e\x00\x00</data></write>
    <read><length>11</length><match><data>\x1f\x08\x00\xb7\xaddz\xc0\xc7\xda?</data></match></read>
    <!-- menu: counter 2 magic 38a449a6 -->
    <!-- monte check -->
    <!-- okay: scaler 0.4603353733 splatter 2677.9561442166 -->
    <!-- in 2880 tot 4096 ratio 0.703125 want 0.785316 -->
    <!-- okay: buf 24 -->
    <write><data>\x0a\x10\x00\x13\x19\xbc\x8b\xe9\xeb\xa4\x40\x3dZl\x7f\x22v\xdd?</data></write>
    <read><length>4</length><match><data>\x0b\x01\x00\x18</data></match></read>
    <!-- menu: counter 2 magic 38a449a6 -->
    <!-- doubler: can double 16 -->
    <write><data>\x14\x03\x00BPV</data></write>
    <read><length>9</length><match><data>\x15\x06\x00BPVBPV</data></match></read>
    <!-- menu: counter 2 magic 38a449a6 -->
    <!-- menu error: id 119 -->
    <write><data>w\x00\x00</data></write>
    <read><length>4</length><match><data>\x01\x01\x00w</data></match></read>
</replay>
</pov>