<?xml version="1.0" standalone="no" ?>
<!DOCTYPE pov SYSTEM "/usr/share/cgc-docs/replay.dtd">
<pov>
<cbid>service</cbid>
<seed>b143357a853c3dcb107fb352a183a42223fe5fe7c0f23e55442bb29a1c40d58ef99d033a72495403190f400cf6a926e0</seed>
<replay>
    <!-- kajigger: \x2d0.943485 \x0f\xef\x86E\x03uwg \x00\x00\xb1W\x071\xee\xbf\x00\xfd\xb1W\x071\xee\xbf -->
    <!-- hello: rng 0.331714 -->
    <read><length>11</length><match><data>\x00\x08\x00\xb8\x5fh\x8d\xcc:\xd5?</data></match></read>
    <!-- monte check -->
    <!-- okay: scaler 0.4096999362 splatter 4983.0943229646 -->
    <!-- in 3392 tot 4096 ratio 0.828125 want 0.785316 -->
    <!-- okay: buf 38 -->
    <write><data>\x0a\x10\x00\x09\xc0\x8c\x25\x18w\xb3\x40\x0bu\xd3\x14\x868\xda?</data></write>
    <read><length>4</length><match><data>\x0b\x01\x00\x26</data></match></read>
    <!-- menu: counter 1 magic 0fef8645 -->
    <!-- monte check -->
    <!-- okay: scaler 0.4000490157 splatter 195.0000000000 -->
    <!-- in 3456 tot 4096 ratio 0.843750 want 0.785316 -->
    <!-- okay: buf 31 -->
    <write><data>\x0a\x10\x00\x00\x00\x00\x00\x00\x60h\x407\x96\xd0\x2fg\x9a\xd9?</data></write>
    <read><length>4</length><match><data>\x0b\x01\x00\x1f</data></match></read>
    <!-- menu: counter 1 magic 0fef8645 -->
    <!-- query: expect 0.201938 -->
    <write><data>\x1e\x00\x00</data></write>
    <read><length>11</length><match><data>\x1f\x08\x00a\x60\xf4n\x1b\xd9\xc9?</data></match></read>
    <!-- menu: counter 2 magic 0fef8645 -->
    <!-- query: expect 0.267356 -->
    <write><data>\x1e\x00\x00</data></write>
    <read><length>11</length><match><data>\x1f\x08\x00\x0ag\xbb\x8a\x5b\x1c\xd1?</data></match></read>
    <!-- menu: counter 3 magic 0fef8645 -->
    <!-- query: expect 0.327886 -->
    <write><data>\x1e\x00\x00</data></write>
    <read><length>11</length><match><data>\x1f\x08\x00\x15p\xa4C\x14\xfc\xd4?</data></match></read>
    <!-- menu: counter 4 magic 0fef8645 -->
    <!-- monte check -->
    <!-- okay: scaler 0.4000129073 splatter 201.0000000000 -->
    <!-- in 3584 tot 4096 ratio 0.875000 want 0.785316 -->
    <!-- okay: buf 22 -->
    <write><data>\x0a\x10\x00\x00\x00\x00\x00\x00 i\x40A\xb9\xb7\xbc\xcf\x99\xd9?</data></write>
    <read><length>4</length><match><data>\x0b\x01\x00\x16</data></match></read>
    <!-- menu: counter 4 magic 0fef8645 -->
    <!-- query: expect 0.059358 -->
    <write><data>\x1e\x00\x00</data></write>
    <read><length>11</length><match><data>\x1f\x08\x00\xdb?\x0b\xba\x2dd\xae?</data></match></read>
    <!-- menu: counter 5 magic 0fef8645 -->
    <!-- query: expect 0.043893 -->
    <write><data>\x1e\x00\x00</data></write>
    <read><length>11</length><match><data>\x1f\x08\x00\xbd5\x80\x02\x26y\xa6?</data></match></read>
    <!-- menu: counter 6 magic 0fef8645 -->
    <!-- monte check -->
    <!-- okay: scaler 0.4919056409 splatter 6032.3956939869 -->
    <!-- in 2880 tot 4096 ratio 0.703125 want 0.785316 -->
    <!-- okay: buf 24 -->
    <write><data>\x0a\x10\x00\x06\x7d3Le\x90\xb7\x40\x04\xd9\x1e\xcca\x7b\xdf?</data></write>
    <read><length>4</length><match><data>\x0b\x01\x00\x18</data></match></read>
    <!-- menu: counter 6 magic 0fef8645 -->
    <!-- query: expect 0.787629 -->
    <write><data>\x1e\x00\x00</data></write>
    <read><length>11</length><match><data>\x1f\x08\x00\x89\x29g\xe4\x404\xe9?</data></match></read>
    <!-- menu: counter 7 magic 0fef8645 -->
    <!-- query: expect 0.593967 -->
    <write><data>\x1e\x00\x00</data></write>
    <read><length>11</length><match><data>\x1f\x08\x00A\x23\xab\x91\xc7\x01\xe3?</data></match></read>
    <!-- menu: counter 8 magic 0fef8645 -->
    <!-- doubler: can double 16 -->
    <write><data>\x14\x0c\x00BMLYKZAEFTYT</data></write>
    <read><length>27</length><match><data>\x15\x18\x00BMLYKZAEFTYTBMLYKZAEFTYT</data></match></read>
    <!-- menu: counter 8 magic 0fef8645 -->
    <!-- doubler: can double 16 -->
    <write><data>\x14\x0a\x00DAQHDBNMGE</data></write>
    <read><length>23</length><match><data>\x15\x14\x00DAQHDBNMGEDAQHDBNMGE</data></match></read>
    <!-- menu: counter 8 magic 0fef8645 -->
    <!-- query: expect 0.423313 -->
    <write><data>\x1e\x00\x00</data></write>
    <read><length>11</length><match><data>\x1f\x08\x00\xf0\x1f\xd4\xaa\x8f\x17\xdb?</data></match></read>
    <!-- menu: counter 9 magic 0fef8645 -->
    <!-- monte check -->
    <!-- okay: scaler 0.4000424453 splatter 32.0000000000 -->
    <!-- in 3456 tot 4096 ratio 0.843750 want 0.785316 -->
    <!-- okay: buf 31 -->
    <write><data>\x0a\x10\x00\x00\x00\x00\x00\x00\x00\x40\x40xW\xd7\xa0K\x9a\xd9?</data></write>
    <read><length>4</length><match><data>\x0b\x01\x00\x1f</data></match></read>
    <!-- menu: counter 9 magic 0fef8645 -->
    <!-- monte check -->
    <!-- okay: scaler 0.5435466422 splatter 8837.0683979362 -->
    <!-- in 3008 tot 4096 ratio 0.734375 want 0.785316 -->
    <!-- okay: buf 34 -->
    <write><data>\x0a\x10\x00\x9cyC\xc1\x88B\xc1\x40\xd4\xd2\x87\xed\xbbd\xe1?</data></write>
    <read><length>4</length><match><data>\x0b\x01\x00\x22</data></match></read>
    <!-- menu: counter 9 magic 0fef8645 -->
    <!-- terminate -->
    <write><data>\x09\x00\x00</data></write>
</replay>
</pov>