<?xml version="1.0" standalone="no" ?>
<!DOCTYPE pov SYSTEM "/usr/share/cgc-docs/replay.dtd">
<pov>
<cbid>service</cbid>
<seed>1c9d3629bbf0aa97b95d49636e6c41a34a4cdc1d571b0527efd835ebda444bc4baace765bd291aac569a0ba4ebb2fd65</seed>
<replay>
    <!-- kajigger: \x2d0.996182 \xe4\xd0at\xd9\xf2\xe7\xce \x00\x00\x3b\xd3\xb9\xe0\xef\xbf\x00\xd6\x3b\xd3\xb9\xe0\xef\xbf -->
    <!-- hello: rng 0.290546 -->
    <read><length>11</length><match><data>\x00\x08\x00\xc6p\xf6\x02O\x98\xd2?</data></match></read>
    <!-- monte check -->
    <!-- okay: scaler 0.4000251030 splatter 220.0000000000 -->
    <!-- in 3328 tot 4096 ratio 0.812500 want 0.785316 -->
    <!-- okay: buf 48 -->
    <write><data>\x0a\x10\x00\x00\x00\x00\x00\x00\x80k\x40N\xbf\xb6\xe3\x02\x9a\xd9?</data></write>
    <read><length>4</length><match><data>\x0b\x01\x000</data></match></read>
    <!-- menu: counter 1 magic e4d06174 -->
    <!-- query: expect 0.143970 -->
    <write><data>\x1e\x00\x00</data></write>
    <read><length>11</length><match><data>\x1f\x08\x00\x02\x95\xaf\x89\x9am\xc2?</data></match></read>
    <!-- menu: counter 2 magic e4d06174 -->
    <!-- doubler: can double 32 -->
    <write><data>\x14\x04\x00ZTJU</data></write>
    <read><length>11</length><match><data>\x15\x08\x00ZTJUZTJU</data></match></read>
    <!-- menu: counter 2 magic e4d06174 -->
    <!-- query: expect 0.171837 -->
    <write><data>\x1e\x00\x00</data></write>
    <read><length>11</length><match><data>\x1f\x08\x00\x22s\x05h\xc4\xfe\xc5?</data></match></read>
    <!-- menu: counter 3 magic e4d06174 -->
    <!-- query: expect 0.199343 -->
    <write><data>\x1e\x00\x00</data></write>
    <read><length>11</length><match><data>\x1f\x08\x00\x9cv\xc6\xc0\x15\x84\xc9?</data></match></read>
    <!-- menu: counter 4 magic e4d06174 -->
    <!-- monte check -->
    <!-- okay: scaler 0.5470824058 splatter 6474.8933830185 -->
    <!-- in 3040 tot 4096 ratio 0.742188 want 0.785316 -->
    <!-- okay: buf 38 -->
    <write><data>\x0a\x10\x00p\xdf\xbf\xb4\xe4J\xb9\x40\x7e\x0a\x1e\xf6\xb2\x81\xe1?</data></write>
    <read><length>4</length><match><data>\x0b\x01\x00\x26</data></match></read>
    <!-- menu: counter 4 magic e4d06174 -->
    <!-- doubler: can double 24 -->
    <write><data>\x14\x16\x00OISSFXKGACFXCWVYBOGEUC</data></write>
    <read><length>47</length><match><data>\x15\x2c\x00OISSFXKGACFXCWVYBOGEUCOISSFXKGACFXCWVYBOGEUC</data></match></read>
    <!-- menu: counter 4 magic e4d06174 -->
    <!-- doubler: can double 24 -->
    <write><data>\x14\x0a\x00FUVDVZGZVJ</data></write>
    <read><length>23</length><match><data>\x15\x14\x00FUVDVZGZVJFUVDVZGZVJ</data></match></read>
    <!-- menu: counter 4 magic e4d06174 -->
    <!-- query: expect 0.280239 -->
    <write><data>\x1e\x00\x00</data></write>
    <read><length>11</length><match><data>\x1f\x08\x00\xcb\xd3\x91\x8dp\xef\xd1?</data></match></read>
    <!-- menu: counter 5 magic e4d06174 -->
    <!-- terminate -->
    <write><data>\x09\x00\x00</data></write>
</replay>
</pov>