<?xml version="1.0" standalone="no" ?>
<!DOCTYPE pov SYSTEM "/usr/share/cgc-docs/replay.dtd">
<pov>
<cbid>service</cbid>
<seed>00e0ca41f84dee633ae820bc4ec25bf0c1938744ec6ea8a5bcd9d23d2e9298d12cff47b98ca4118e3679e2f488e254a7</seed>
<replay>
    <!-- kajigger: 0.760783 \x84\xfb\xfb\xff\x5b\x90\x0e\x1e \x00\x00X\xebTX\xe8?\x00\xe9X\xebTX\xe8? -->
    <!-- hello: rng 1.524933 -->
    <read><length>11</length><match><data>\x00\x08\x00\x5e\x5b\xc0\xf2\x1ff\xf8?</data></match></read>
    <!-- monte check -->
    <!-- okay: scaler 0.4000485446 splatter 94.0000000000 -->
    <!-- in 3456 tot 4096 ratio 0.843750 want 0.785316 -->
    <!-- okay: buf 31 -->
    <write><data>\x0a\x10\x00\x00\x00\x00\x00\x00\x80W\x40\xdf\xd5\xea5e\x9a\xd9?</data></write>
    <read><length>4</length><match><data>\x0b\x01\x00\x1f</data></match></read>
    <!-- menu: counter 1 magic 84fbfbff -->
    <!-- doubler: can double 24 -->
    <write><data>\x14\x15\x00WVSNWLPFVTVCJBKJGAUJI</data></write>
    <read><length>45</length><match><data>\x15\x2a\x00WVSNWLPFVTVCJBKJGAUJIWVSNWLPFVTVCJBKJGAUJI</data></match></read>
    <!-- menu: counter 1 magic 84fbfbff -->
    <!-- doubler: can double 24 -->
    <write><data>\x14\x02\x00HU</data></write>
    <read><length>7</length><match><data>\x15\x04\x00HUHU</data></match></read>
    <!-- menu: counter 1 magic 84fbfbff -->
    <!-- monte check -->
    <!-- okay: scaler 0.5177028190 splatter 467.9753551463 -->
    <!-- in 3456 tot 4096 ratio 0.843750 want 0.785316 -->
    <!-- okay: buf 31 -->
    <write><data>\x0a\x10\x00xu\xff\x0d\x9b?\x7d\x40\xfeV\x91\x80\x05\x91\xe0?</data></write>
    <read><length>4</length><match><data>\x0b\x01\x00\x1f</data></match></read>
    <!-- menu: counter 1 magic 84fbfbff -->
    <!-- doubler: can double 24 -->
    <write><data>\x14\x16\x00JSKHFRDTFDMMKTTKPKUFPB</data></write>
    <read><length>47</length><match><data>\x15\x2c\x00JSKHFRDTFDMMKTTKPKUFPBJSKHFRDTFDMMKTTKPKUFPB</data></match></read>
    <!-- menu: counter 1 magic 84fbfbff -->
    <!-- monte check -->
    <!-- okay: scaler 0.4500494339 splatter 6126.6278144350 -->
    <!-- in 3168 tot 4096 ratio 0.773438 want 0.785316 -->
    <!-- okay: buf 66 -->
    <write><data>\x0a\x10\x00Dbr\xb8\xa0\xee\xb7\x40\xb63\x0b\x24\x9c\xcd\xdc?</data></write>
    <read><length>4</length><match><data>\x0b\x01\x00B</data></match></read>
    <!-- menu: counter 1 magic 84fbfbff -->
    <!-- monte check -->
    <!-- okay: scaler 0.4229083844 splatter 2318.5729520923 -->
    <!-- in 3136 tot 4096 ratio 0.765625 want 0.785316 -->
    <!-- okay: buf 55 -->
    <write><data>\x0a\x10\x00\xf9\x04\xfaY\x25\x1d\xa2\x40!\x40\x10T\xee\x10\xdb?</data></write>
    <read><length>4</length><match><data>\x0b\x01\x007</data></match></read>
    <!-- menu: counter 1 magic 84fbfbff -->
    <!-- query: expect 0.670523 -->
    <write><data>\x1e\x00\x00</data></write>
    <read><length>11</length><match><data>\x1f\x08\x00\xcdc\x90X\xect\xe5?</data></match></read>
    <!-- menu: counter 2 magic 84fbfbff -->
    <!-- monte check -->
    <!-- okay: scaler 0.4922358705 splatter 1175.3860491815 -->
    <!-- in 2848 tot 4096 ratio 0.695312 want 0.785316 -->
    <!-- okay: buf 22 -->
    <write><data>\x0a\x10\x00c\x04zP\x8b\x5d\x92\x40P\xc5m\xe1\xca\x80\xdf?</data></write>
    <read><length>4</length><match><data>\x0b\x01\x00\x16</data></match></read>
    <!-- menu: counter 2 magic 84fbfbff -->
    <!-- monte check -->
    <!-- okay: scaler 0.4000903118 splatter 75.0000000000 -->
    <!-- in 3456 tot 4096 ratio 0.843750 want 0.785316 -->
    <!-- okay: buf 31 -->
    <write><data>\x0a\x10\x00\x00\x00\x00\x00\x00\xc0R\x401\xf4\x2be\x14\x9b\xd9?</data></write>
    <read><length>4</length><match><data>\x0b\x01\x00\x1f</data></match></read>
    <!-- menu: counter 2 magic 84fbfbff -->
    <!-- query: expect 0.391003 -->
    <write><data>\x1e\x00\x00</data></write>
    <read><length>11</length><match><data>\x1f\x08\x00\xf2\x92\x83U3\x06\xd9?</data></match></read>
    <!-- menu: counter 3 magic 84fbfbff -->
    <!-- query: expect 0.286211 -->
    <write><data>\x1e\x00\x00</data></write>
    <read><length>11</length><match><data>\x1f\x08\x00y\xfd\xfb\x9cHQ\xd2?</data></match></read>
    <!-- menu: counter 4 magic 84fbfbff -->
    <!-- doubler: can double 24 -->
    <write><data>\x14\x0e\x00QJWHGHTPEAFGTL</data></write>
    <read><length>31</length><match><data>\x15\x1c\x00QJWHGHTPEAFGTLQJWHGHTPEAFGTL</data></match></read>
    <!-- menu: counter 4 magic 84fbfbff -->
    <!-- terminate -->
    <write><data>\x09\x00\x00</data></write>
</replay>
</pov>