<?xml version="1.0" standalone="no" ?>
<!DOCTYPE pov SYSTEM "/usr/share/cgc-docs/replay.dtd">
<pov>
<cbid>service</cbid>
<seed>d6cf2373af065e53e8171ff2b9d5cfca1a3b82e2a8afefc3bf7df995981578e4c254b2c5bb19a8e3ad51843df12b8423</seed>
<replay>
    <!-- kajigger: 0.861409 \x10\x94\x26yC\x7e\x27\x95 \x00\x00\xae\xd8\xa9\x90\xeb?\x00\xb6\xae\xd8\xa9\x90\xeb? -->
    <!-- hello: rng 1.603640 -->
    <read><length>11</length><match><data>\x00\x08\x00\xe3\xa8\xdb\x23\x82\xa8\xf9?</data></match></read>
    <!-- monte check -->
    <!-- okay: scaler 0.3961233653 splatter 6547.6082019784 -->
    <!-- in 3456 tot 4096 ratio 0.843750 want 0.785316 -->
    <!-- okay: buf 31 -->
    <write><data>\x0a\x10\x00g\xf6\x1f\xb3\x9b\x93\xb9\x40\x9a\xd8\xd3\xd0\x15Z\xd9?</data></write>
    <read><length>4</length><match><data>\x0b\x01\x00\x1f</data></match></read>
    <!-- menu: counter 1 magic 10942679 -->
    <!-- monte check -->
    <!-- okay: scaler 0.5375293134 splatter 3433.1671274692 -->
    <!-- in 2880 tot 4096 ratio 0.703125 want 0.785316 -->
    <!-- okay: buf 24 -->
    <write><data>\x0a\x10\x00\x27M\xbb\x91U\xd2\xaa\x40\x02\x13\xb2\xacp3\xe1?</data></write>
    <read><length>4</length><match><data>\x0b\x01\x00\x18</data></match></read>
    <!-- menu: counter 1 magic 10942679 -->
    <!-- doubler: can double 16 -->
    <write><data>\x14\x0f\x00IJDOAEFTDXLWWNY</data></write>
    <read><length>33</length><match><data>\x15\x1e\x00IJDOAEFTDXLWWNYIJDOAEFTDXLWWNY</data></match></read>
    <!-- menu: counter 1 magic 10942679 -->
    <!-- query: expect 0.444807 -->
    <write><data>\x1e\x00\x00</data></write>
    <read><length>11</length><match><data>\x1f\x08\x00\x999ZE\xb8w\xdc?</data></match></read>
    <!-- menu: counter 2 magic 10942679 -->
    <!-- monte check -->
    <!-- okay: scaler 0.4000267701 splatter 7.0000000000 -->
    <!-- in 3488 tot 4096 ratio 0.851562 want 0.785316 -->
    <!-- okay: buf 28 -->
    <write><data>\x0a\x10\x00\x00\x00\x00\x00\x00\x00\x1c\x40\xe1\xfa\xbb\xe1\x09\x9a\xd9?</data></write>
    <read><length>4</length><match><data>\x0b\x01\x00\x1c</data></match></read>
    <!-- menu: counter 2 magic 10942679 -->
    <!-- monte check -->
    <!-- okay: scaler 0.4537504969 splatter 772.9874751814 -->
    <!-- in 2976 tot 4096 ratio 0.726562 want 0.785316 -->
    <!-- okay: buf 31 -->
    <write><data>\x0a\x10\x00\x0aNcY\xe6\x27\x88\x40Y\x8e\x24\x86?\x0a\xdd?</data></write>
    <read><length>4</length><match><data>\x0b\x01\x00\x1f</data></match></read>
    <!-- menu: counter 2 magic 10942679 -->
    <!-- doubler: can double 24 -->
    <write><data>\x14\x0a\x00PRKWOJJMAA</data></write>
    <read><length>23</length><match><data>\x15\x14\x00PRKWOJJMAAPRKWOJJMAA</data></match></read>
    <!-- menu: counter 2 magic 10942679 -->
    <!-- monte check -->
    <!-- okay: scaler 0.4663946836 splatter 635.0865915127 -->
    <!-- in 2944 tot 4096 ratio 0.718750 want 0.785316 -->
    <!-- okay: buf 28 -->
    <write><data>\x0a\x10\x00\x91\x1a\xe4V\xb1\xd8\x83\x40\x8d\xe49\x16i\xd9\xdd?</data></write>
    <read><length>4</length><match><data>\x0b\x01\x00\x1c</data></match></read>
    <!-- menu: counter 2 magic 10942679 -->
    <!-- monte check -->
    <!-- okay: scaler 0.4177697217 splatter 3167.5632979794 -->
    <!-- in 3264 tot 4096 ratio 0.796875 want 0.785316 -->
    <!-- okay: buf 66 -->
    <write><data>\x0a\x10\x00\x12\xbf\x97h \xbf\xa8\x40ac\x027\xbd\xbc\xda?</data></write>
    <read><length>4</length><match><data>\x0b\x01\x00B</data></match></read>
    <!-- menu: counter 2 magic 10942679 -->
    <!-- monte check -->
    <!-- okay: scaler 0.4214288138 splatter 8633.4421919502 -->
    <!-- in 3296 tot 4096 ratio 0.804688 want 0.785316 -->
    <!-- okay: buf 55 -->
    <write><data>\x0a\x10\x00m\xee\xbe\x99\xb8\xdc\xc0\x40\xb5\x923\x8f\xb0\xf8\xda?</data></write>
    <read><length>4</length><match><data>\x0b\x01\x007</data></match></read>
    <!-- menu: counter 2 magic 10942679 -->
    <!-- query: expect 0.839156 -->
    <write><data>\x1e\x00\x00</data></write>
    <read><length>11</length><match><data>\x1f\x08\x00y\x1f\x02\xb9\x5e\xda\xea?</data></match></read>
    <!-- menu: counter 3 magic 10942679 -->
    <!-- query: expect 0.794190 -->
    <write><data>\x1e\x00\x00</data></write>
    <read><length>11</length><match><data>\x1f\x08\x00\xa7\xec\xc5\x97\x00j\xe9?</data></match></read>
    <!-- menu: counter 4 magic 10942679 -->
    <!-- query: expect 0.687928 -->
    <write><data>\x1e\x00\x00</data></write>
    <read><length>11</length><match><data>\x1f\x08\x00\xc6\xc4\x9bO\x81\x03\xe6?</data></match></read>
    <!-- menu: counter 5 magic 10942679 -->
    <!-- monte check -->
    <!-- fail: scaler 0.7527100696 splatter 25.0000000000 -->
    <write><data>\x0a\x10\x00\x00\x00\x00\x00\x00\x009\x40\xb0\xcb\x83m3\x16\xe8?</data></write>
    <read><length>4</length><match><data>\x0b\x01\x00\x00</data></match></read>
    <write><data>\x14\x01\x00x</data></write>
</replay>
</pov>