<?xml version="1.0" standalone="no" ?>
<!DOCTYPE pov SYSTEM "/usr/share/cgc-docs/replay.dtd">
<pov>
<cbid>service</cbid>
<seed>8b26d150cbbd4acf0948a89834a8b8d1a2a03f13df4164ff58b6e1be5fec590c035ec9058b82097146f8f1b9271d82b9</seed>
<replay>
    <!-- kajigger: \x2d0.999998 \xe1\xcb\xde\xb2Ue\xae\xf6 \x00\x00\xea\x9c\xfc\xff\xef\xbf\x00Y\xea\x9c\xfc\xff\xef\xbf -->
    <!-- hello: rng 0.287588 -->
    <read><length>11</length><match><data>\x00\x08\x00\x0c\x9c\xf3M\xd7g\xd2?</data></match></read>
    <!-- monte check -->
    <!-- okay: scaler 0.4000648432 splatter 57.0000000000 -->
    <!-- in 3456 tot 4096 ratio 0.843750 want 0.785316 -->
    <!-- okay: buf 31 -->
    <write><data>\x0a\x10\x00\x00\x00\x00\x00\x00\x80L\x40\xe1\xa3k\x92\xa9\x9a\xd9?</data></write>
    <read><length>4</length><match><data>\x0b\x01\x00\x1f</data></match></read>
    <!-- menu: counter 1 magic e1cbdeb2 -->
    <!-- query: expect 0.253700 -->
    <write><data>\x1e\x00\x00</data></write>
    <read><length>11</length><match><data>\x1f\x08\x00\xf5h\x83\xee\x9d\x3c\xd0?</data></match></read>
    <!-- menu: counter 2 magic e1cbdeb2 -->
    <!-- query: expect 0.375233 -->
    <write><data>\x1e\x00\x00</data></write>
    <read><length>11</length><match><data>\x1f\x08\x00\xde\xa9\xb9k\xd2\x03\xd8?</data></match></read>
    <!-- menu: counter 3 magic e1cbdeb2 -->
    <!-- monte check -->
    <!-- okay: scaler 0.5071448475 splatter 4621.7462103147 -->
    <!-- in 3584 tot 4096 ratio 0.875000 want 0.785316 -->
    <!-- okay: buf 22 -->
    <write><data>\x0a\x10\x00u\xa1\xa3\x07\xbf\x0d\xb2\x40\xe8\x2d\xcf\xd4\x87:\xe0?</data></write>
    <read><length>4</length><match><data>\x0b\x01\x00\x16</data></match></read>
    <!-- menu: counter 3 magic e1cbdeb2 -->
    <!-- doubler: can double 16 -->
    <write><data>\x14\x0e\x00FSOOUZMAAPYDJW</data></write>
    <read><length>31</length><match><data>\x15\x1c\x00FSOOUZMAAPYDJWFSOOUZMAAPYDJW</data></match></read>
    <!-- menu: counter 3 magic e1cbdeb2 -->
    <!-- query: expect 0.378020 -->
    <write><data>\x1e\x00\x00</data></write>
    <read><length>11</length><match><data>\x1f\x08\x00QT\x29\xa1y1\xd8?</data></match></read>
    <!-- menu: counter 4 magic e1cbdeb2 -->
    <!-- query: expect 0.810187 -->
    <write><data>\x1e\x00\x00</data></write>
    <read><length>11</length><match><data>\x1f\x08\x00\xbb\xd1\x86\x10\x0e\xed\xe9?</data></match></read>
    <!-- menu: counter 5 magic e1cbdeb2 -->
    <!-- doubler: can double 16 -->
    <write><data>\x14\x0b\x00YQFVCXLHXWY</data></write>
    <read><length>25</length><match><data>\x15\x16\x00YQFVCXLHXWYYQFVCXLHXWY</data></match></read>
    <!-- menu: counter 5 magic e1cbdeb2 -->
    <!-- query: expect 0.038008 -->
    <write><data>\x1e\x00\x00</data></write>
    <read><length>11</length><match><data>\x1f\x08\x009\xe0\xcd\x0d\xbau\xa3?</data></match></read>
    <!-- menu: counter 6 magic e1cbdeb2 -->
    <!-- monte check -->
    <!-- okay: scaler 0.4690531418 splatter 1916.9278144073 -->
    <!-- in 2912 tot 4096 ratio 0.710938 want 0.785316 -->
    <!-- okay: buf 26 -->
    <write><data>\x0a\x10\x00\xf0\xe0\xfa\x14\xb6\xf3\x9d\x40\xd0\xfb\x04x\xf7\x04\xde?</data></write>
    <read><length>4</length><match><data>\x0b\x01\x00\x1a</data></match></read>
    <!-- menu: counter 6 magic e1cbdeb2 -->
    <!-- query: expect 0.730986 -->
    <write><data>\x1e\x00\x00</data></write>
    <read><length>11</length><match><data>\x1f\x08\x00\x8f\x9aS\x04\x3cd\xe7?</data></match></read>
    <!-- menu: counter 7 magic e1cbdeb2 -->
    <!-- monte check -->
    <!-- okay: scaler 0.4000917988 splatter 182.0000000000 -->
    <!-- in 3456 tot 4096 ratio 0.843750 want 0.785316 -->
    <!-- okay: buf 31 -->
    <write><data>\x0a\x10\x00\x00\x00\x00\x00\x00\xc0f\x40\xc2\xd8\xc8\xa1\x1a\x9b\xd9?</data></write>
    <read><length>4</length><match><data>\x0b\x01\x00\x1f</data></match></read>
    <!-- menu: counter 7 magic e1cbdeb2 -->
    <!-- monte check -->
    <!-- okay: scaler 0.4563740694 splatter 601.6863849181 -->
    <!-- in 2944 tot 4096 ratio 0.718750 want 0.785316 -->
    <!-- okay: buf 28 -->
    <write><data>\x0a\x10\x00\x9a\x3e\x60\xb7\x7d\xcd\x82\x40Q\x22\xbc\x95\x3b5\xdd?</data></write>
    <read><length>4</length><match><data>\x0b\x01\x00\x1c</data></match></read>
    <!-- menu: counter 7 magic e1cbdeb2 -->
    <!-- monte check -->
    <!-- okay: scaler 0.4235804131 splatter 1992.9732473085 -->
    <!-- in 3392 tot 4096 ratio 0.828125 want 0.785316 -->
    <!-- okay: buf 38 -->
    <write><data>\x0a\x10\x00\x2dD\xf1\x9a\xe4\x23\x9f\x40\xc0\xdeW\x05\xf1\x1b\xdb?</data></write>
    <read><length>4</length><match><data>\x0b\x01\x00\x26</data></match></read>
    <!-- menu: counter 7 magic e1cbdeb2 -->
    <!-- query: expect 0.769924 -->
    <write><data>\x1e\x00\x00</data></write>
    <read><length>11</length><match><data>\x1f\x08\x008\x5b\x84\xae7\xa3\xe8?</data></match></read>
    <!-- menu: counter 8 magic e1cbdeb2 -->
    <!-- query: expect 0.657777 -->
    <write><data>\x1e\x00\x00</data></write>
    <read><length>11</length><match><data>\x1f\x08\x00\x7e\xc1\xac\x0f\x82\x0c\xe5?</data></match></read>
    <!-- menu: counter 9 magic e1cbdeb2 -->
    <!-- menu error: id 77 -->
    <write><data>M\x00\x00</data></write>
    <read><length>4</length><match><data>\x01\x01\x00M</data></match></read>
</replay>
</pov>