<?xml version="1.0" standalone="no" ?>
<!DOCTYPE pov SYSTEM "/usr/share/cgc-docs/replay.dtd">
<pov>
<cbid>service</cbid>
<seed>3dcd218346b6a2e76b258d4d0ace55461ffde1ba5f6a8c71cd7d4fd7d3089e9fdd5e6c1a4b7d05b85bdfdf6c6ecdcaff</seed>
<replay>
    <!-- kajigger: \x2d0.398882 \xcb\x7c\x8ab\x10\xcf\x3e\xc3 \x00\x00!\x8fI\x87\xd9\xbf\x00\x85!\x8fI\x87\xd9\xbf -->
    <!-- hello: rng 0.739486 -->
    <read><length>11</length><match><data>\x00\x08\x00\xa9GX\x9a\xdd\xa9\xe7?</data></match></read>
    <!-- monte check -->
    <!-- fail: scaler 0.2438135177 splatter 75.0000000000 -->
    <write><data>\x0a\x10\x00\x00\x00\x00\x00\x00\xc0R\x40\x08\x02g\x06H5\xcf?</data></write>
    <read><length>4</length><match><data>\x0b\x01\x00\x03</data></match></read>
    <write><data>\x14\x01\x00x</data></write>
</replay>
</pov>