<?xml version="1.0" standalone="no" ?>
<!DOCTYPE pov SYSTEM "/usr/share/cgc-docs/replay.dtd">
<pov>
<cbid>service</cbid>
<seed>99fe55414e87af7a5c63cbc73d9e82b310b097b08d2b6b593d06c922292c34da4781fee21702d8a763d537c3ee64ac72</seed>
<replay>
    <!-- kajigger: \x2d0.975087 \xe0\xa2\xcfo\x29\xdb\x93\xf6 \x00\x00bM\xe93\xef\xbf\x00\xcdbM\xe93\xef\xbf -->
    <!-- hello: rng 0.306963 -->
    <read><length>11</length><match><data>\x00\x08\x00\x10\xb6\x7b\xdfH\xa5\xd3?</data></match></read>
    <!-- monte check -->
    <!-- okay: scaler 0.4280330228 splatter 2701.3551835035 -->
    <!-- in 3232 tot 4096 ratio 0.789062 want 0.785316 -->
    <!-- okay: buf 91 -->
    <write><data>\x0a\x10\x00\xa2\xb7\x9c\xda\xb5\x1a\xa5\x40\x02\xc2\xad\x9e\xe4d\xdb?</data></write>
    <read><length>4</length><match><data>\x0b\x01\x00\x5b</data></match></read>
    <!-- menu: counter 1 magic e0a2cf6f -->
    <!-- doubler: can double 72 -->
    <write><data>\x149\x00KEHVFHEUPYPFSAYRIASEZAIDXEFUOYMXTCRNRDQYLYZMKVUYLZDNCPZXF</data></write>
    <read><length>117</length><match><data>\x15r\x00KEHVFHEUPYPFSAYRIASEZAIDXEFUOYMXTCRNRDQYLYZMKVUYLZDNCPZXFKEHVFHEUPYPFSAYRIASEZAIDXEFUOYMXTCRNRDQYLYZMKVUYLZDNCPZXF</data></match></read>
    <!-- menu: counter 1 magic e0a2cf6f -->
    <!-- terminate -->
    <write><data>\x09\x00\x00</data></write>
</replay>
</pov>