<?xml version="1.0" standalone="no" ?>
<!DOCTYPE pov SYSTEM "/usr/share/cgc-docs/replay.dtd">
<pov>
<cbid>service</cbid>
<seed>694f63839bfb9240205705a28c5e910fbe38c8a7b3519d924a005b23aae3c9910c46a1d721662d3f5eac2609fa5402cf</seed>
<replay>
    <!-- kajigger: \x2d0.703735 \x1ct\xb6\x2b\x08\x87\x0bo \x00\x00\x87\x04\x00\x85\xe6\xbf\x00\xef\x87\x04\x00\x85\xe6\xbf -->
    <!-- hello: rng 0.518925 -->
    <read><length>11</length><match><data>\x00\x08\x00\xf7e\x11E\x09\x9b\xe0?</data></match></read>
    <!-- monte check -->
    <!-- okay: scaler 0.4999213953 splatter 6050.5436318692 -->
    <!-- in 2848 tot 4096 ratio 0.695312 want 0.785316 -->
    <!-- okay: buf 22 -->
    <write><data>\x0a\x10\x00\x18Ku\x2b\x8b\xa2\xb7\x40\x9eA\xd2N\xb6\xfe\xdf?</data></write>
    <read><length>4</length><match><data>\x0b\x01\x00\x16</data></match></read>
    <!-- menu: counter 1 magic 1c74b62b -->
    <!-- query: expect 0.195729 -->
    <write><data>\x1e\x00\x00</data></write>
    <read><length>11</length><match><data>\x1f\x08\x00\xcc\x7c\x8d\x7b\xa7\x0d\xc9?</data></match></read>
    <!-- menu: counter 2 magic 1c74b62b -->
    <!-- monte check -->
    <!-- okay: scaler 0.4839921112 splatter 6792.7424645944 -->
    <!-- in 2912 tot 4096 ratio 0.710938 want 0.785316 -->
    <!-- okay: buf 26 -->
    <write><data>\x0a\x10\x008\xdf\x28\x12\xbe\x88\xba\x40\x7cLT\x0c\xba\xf9\xde?</data></write>
    <read><length>4</length><match><data>\x0b\x01\x00\x1a</data></match></read>
    <!-- menu: counter 2 magic 1c74b62b -->
    <!-- query: expect 0.656142 -->
    <write><data>\x1e\x00\x00</data></write>
    <read><length>11</length><match><data>\x1f\x08\x00\xea\xb2r\xa3\x1c\xff\xe4?</data></match></read>
    <!-- menu: counter 3 magic 1c74b62b -->
    <!-- menu error: id 68 -->
    <write><data>D\x00\x00</data></write>
    <read><length>4</length><match><data>\x01\x01\x00D</data></match></read>
</replay>
</pov>