<?xml version="1.0" standalone="no" ?>
<!DOCTYPE pov SYSTEM "/usr/share/cgc-docs/replay.dtd">
<pov>
<cbid>service</cbid>
<seed>bc8a8a404d6997a5e0ec3b5416ec5f9593f26123962cc2d929111fd937aad29bd371fd04c5d54be24e07a8827a5d8015</seed>
<replay>
    <delay>50</delay>
    <!-- Num Nodes: 176 -->
    <write><data>\x01\xb0\x00\x00\x00\x00\x00\x00\x00\x00\x00\x00\x00\x00\x00\x00\x00\x01\x00\x00\x00\x02\x00\x00\x00\x03\x00\x00\x00\x04\x00\x00\x00\x05\x00\x00\x00\x06\x00\x00\x00\x07\x00\x00\x00\x08\x00\x00\x00\x09\x00\x00\x00\x0a\x00\x00\x00\x0b\x00\x00\x00\x0c\x00\x00\x00\x0d\x00\x00\x00\x0e\x00\x00\x00\x0f\x00\x00\x00\x10\x00\x00\x00\x11\x00\x00\x00\x12\x00\x00\x00\x13\x00\x00\x00\x14\x00\x00\x00\x15\x00\x00\x00\x16\x00\x00\x00\x17\x00\x00\x00\x18\x00\x00\x00\x19\x00\x00\x00\x1a\x00\x00\x00\x1b\x00\x00\x00\x1c\x00\x00\x00\x1d\x00\x00\x00\x1e\x00\x00\x00\x1f\x00\x00\x00 \x00\x00\x00!\x00\x00\x00\x22\x00\x00\x00\x23\x00\x00\x00\x24\x00\x00\x00\x25\x00\x00\x00\x26\x00\x00\x00\x27\x00\x00\x00\x28\x00\x00\x00\x29\x00\x00\x00\x2a\x00\x00\x00\x2b\x00\x00\x00\x2c\x00\x00\x00\x2d\x00\x00\x00.\x00\x00\x00\x2f\x00\x00\x000\x00\x00\x001\x00\x00\x002\x00\x00\x003\x00\x00\x004\x00\x00\x005\x00\x00\x006\x00\x00\x007\x00\x00\x008\x00\x00\x009\x00\x00\x00:\x00\x00\x00\x3b\x00\x00\x00\x3c\x00\x00\x00\x3d\x00\x00\x00\x3e\x00\x00\x00?\x00\x00\x00\x40\x00\x00\x00A\x00\x00\x00B\x00\x00\x00C\x00\x00\x00D\x00\x00\x00E\x00\x00\x00F\x00\x00\x00G\x00\x00\x00H\x00\x00\x00I\x00\x00\x00J\x00\x00\x00K\x00\x00\x00L\x00\x00\x00M\x00\x00\x00N\x00\x00\x00O\x00\x00\x00P\x00\x00\x00Q\x00\x00\x00R\x00\x00\x00S\x00\x00\x00T\x00\x00\x00U\x00\x00\x00V\x00\x00\x00W\x00\x00\x00X\x00\x00\x00Y\x00\x00\x00Z\x00\x00\x00\x5b\x00\x00\x00\x5c\x00\x00\x00\x5d\x00\x00\x00\x5e\x00\x00\x00\x5f\x00\x00\x00\x60\x00\x00\x00a\x00\x00\x00b\x00\x00\x00c\x00\x00\x00d\x00\x00\x00e\x00\x00\x00f\x00\x00\x00g\x00\x00\x00h\x00\x00\x00i\x00\x00\x00j\x00\x00\x00k\x00\x00\x00l\x00\x00\x00m\x00\x00\x00n\x00\x00\x00o\x00\x00\x00p\x00\x00\x00q\x00\x00\x00r\x00\x00\x00s\x00\x00\x00t\x00\x00\x00u\x00\x00\x00v\x00\x00\x00w\x00\x00\x00x\x00\x00\x00y\x00\x00\x00z\x00\x00\x00\x7b\x00\x00\x00\x7c\x00\x00\x00\x7d\x00\x00\x00\x7e\x00\x00\x00\x7f\x00\x00\x00\x80\x00\x00\x00\x81\x00\x00\x00\x82\x00\x00\x00\x83\x00\x00\x00\x84\x00\x00\x00\x85\x00\x00\x00\x86\x00\x00\x00\x87\x00\x00\x00\x88\x00\x00\x00\x89\x00\x00\x00\x8a\x00\x00\x00\x8b\x00\x00\x00\x8c\x00\x00\x00\x8d\x00\x00\x00\x8e\x00\x00\x00\x8f\x00\x00\x00\x90\x00\x00\x00\x91\x00\x00\x00\x92\x00\x00\x00\x93\x00\x00\x00\x94\x00\x00\x00\x95\x00\x00\x00\x96\x00\x00\x00\x97\x00\x00\x00\x98\x00\x00\x00\x99\x00\x00\x00\x9a\x00\x00\x00\x9b\x00\x00\x00\x9c\x00\x00\x00\x9d\x00\x00\x00\x9e\x00\x00\x00\x9f\x00\x00\x00\xa0\x00\x00\x00\xa1\x00\x00\x00\xa2\x00\x00\x00\xa3\x00\x00\x00\xa4\x00\x00\x00\xa5\x00\x00\x00\xa6\x00\x00\x00\xa7\x00\x00\x00\xa8\x00\x00\x00\xa9\x00\x00\x00\xaa\x00\x00\x00\xab\x00\x00\x00\xac\x00\x00\x00\xad\x00\x00\x00\xae\x00\x00\x00\xaf\x00\x00\x00</data></write>
    <!-- Edge: 18 to 104 weight 200 -->
    <!-- Edge: 24 to 22 weight 105 -->
    <!-- Edge: 168 to 13 weight 107 -->
    <!-- Edge: 63 to 58 weight 155 -->
    <!-- Edge: 72 to 59 weight 5 -->
    <!-- Edge: 35 to 151 weight 51 -->
    <!-- Edge: 14 to 79 weight 131 -->
    <!-- Edge: 79 to 74 weight 9 -->
    <!-- Edge: 75 to 4 weight 129 -->
    <!-- Edge: 34 to 10 weight 232 -->
    <!-- Edge: 30 to 92 weight 103 -->
    <!-- Edge: 53 to 69 weight 174 -->
    <!-- Edge: 86 to 7 weight 166 -->
    <!-- Edge: 54 to 51 weight 83 -->
    <!-- Edge: 61 to 160 weight 54 -->
    <!-- Edge: 17 to 19 weight 166 -->
    <!-- Edge: 55 to 122 weight 82 -->
    <!-- Edge: 24 to 89 weight 57 -->
    <!-- Edge: 1 to 152 weight 48 -->
    <!-- Edge: 16 to 77 weight 110 -->
    <!-- Edge: 49 to 55 weight 19 -->
    <!-- Edge: 1 to 72 weight 67 -->
    <!-- Edge: 163 to 126 weight 125 -->
    <!-- Edge: 69 to 149 weight 182 -->
    <!-- Edge: 40 to 59 weight 192 -->
    <!-- Edge: 151 to 75 weight 173 -->
    <!-- Edge: 14 to 64 weight 104 -->
    <!-- Edge: 38 to 68 weight 136 -->
    <!-- Edge: 130 to 17 weight 122 -->
    <!-- Edge: 18 to 126 weight 116 -->
    <!-- Edge: 174 to 143 weight 90 -->
    <!-- Edge: 139 to 96 weight 154 -->
    <!-- Edge: 155 to 26 weight 111 -->
    <!-- Edge: 61 to 86 weight 57 -->
    <!-- Edge: 58 to 104 weight 65 -->
    <!-- Edge: 11 to 91 weight 251 -->
    <!-- Edge: 53 to 148 weight 152 -->
    <!-- Edge: 48 to 155 weight 68 -->
    <!-- Edge: 58 to 56 weight 53 -->
    <!-- Edge: 39 to 51 weight 245 -->
    <!-- Edge: 112 to 118 weight 248 -->
    <!-- Edge: 36 to 59 weight 182 -->
    <!-- Edge: 43 to 37 weight 190 -->
    <!-- Edge: 112 to 80 weight 134 -->
    <!-- Edge: 61 to 86 weight 15 -->
    <!-- Edge: 50 to 39 weight 169 -->
    <!-- Edge: 31 to 122 weight 167 -->
    <!-- Edge: 77 to 138 weight 59 -->
    <!-- Edge: 27 to 67 weight 41 -->
    <!-- Edge: 3 to 0 weight 39 -->
    <!-- Edge: 170 to 8 weight 214 -->
    <!-- Edge: 143 to 26 weight 226 -->
    <!-- Edge: 40 to 155 weight 84 -->
    <!-- Edge: 105 to 166 weight 25 -->
    <!-- Edge: 26 to 80 weight 124 -->
    <!-- Edge: 13 to 128 weight 213 -->
    <!-- Edge: 20 to 8 weight 137 -->
    <!-- Edge: 93 to 15 weight 7 -->
    <!-- Edge: 52 to 60 weight 212 -->
    <!-- Edge: 48 to 66 weight 89 -->
    <!-- Edge: 112 to 74 weight 178 -->
    <!-- Edge: 93 to 158 weight 126 -->
    <!-- Edge: 2 to 10 weight 103 -->
    <!-- Edge: 30 to 53 weight 114 -->
    <!-- Edge: 55 to 4 weight 100 -->
    <!-- Edge: 117 to 4 weight 36 -->
    <!-- Edge: 155 to 116 weight 232 -->
    <!-- Edge: 162 to 3 weight 104 -->
    <!-- Edge: 70 to 27 weight 185 -->
    <!-- Edge: 140 to 6 weight 26 -->
    <!-- Edge: 52 to 25 weight 108 -->
    <!-- Edge: 92 to 23 weight 178 -->
    <!-- Edge: 27 to 47 weight 216 -->
    <!-- Edge: 140 to 35 weight 23 -->
    <!-- Edge: 24 to 46 weight 37 -->
    <!-- Edge: 48 to 45 weight 76 -->
    <!-- Edge: 147 to 51 weight 243 -->
    <!-- Edge: 28 to 103 weight 136 -->
    <!-- Edge: 121 to 133 weight 60 -->
    <!-- Edge: 30 to 25 weight 62 -->
    <!-- Edge: 70 to 40 weight 212 -->
    <!-- Edge: 156 to 20 weight 146 -->
    <!-- Edge: 26 to 21 weight 52 -->
    <!-- Edge: 60 to 34 weight 233 -->
    <!-- Edge: 115 to 9 weight 46 -->
    <!-- Edge: 31 to 50 weight 63 -->
    <!-- Edge: 117 to 36 weight 212 -->
    <!-- Edge: 12 to 54 weight 0 -->
    <!-- Edge: 98 to 94 weight 229 -->
    <!-- Edge: 34 to 136 weight 173 -->
    <!-- Edge: 106 to 79 weight 79 -->
    <!-- Edge: 56 to 16 weight 207 -->
    <!-- Edge: 129 to 18 weight 53 -->
    <!-- Edge: 124 to 39 weight 70 -->
    <!-- Edge: 172 to 63 weight 245 -->
    <!-- Edge: 60 to 89 weight 175 -->
    <!-- Edge: 75 to 49 weight 51 -->
    <!-- Edge: 22 to 67 weight 50 -->
    <!-- Edge: 19 to 34 weight 26 -->
    <!-- Edge: 28 to 19 weight 232 -->
    <!-- Edge: 15 to 10 weight 37 -->
    <!-- Edge: 74 to 116 weight 33 -->
    <!-- Edge: 27 to 76 weight 114 -->
    <!-- Edge: 46 to 70 weight 240 -->
    <!-- Edge: 70 to 73 weight 54 -->
    <!-- Edge: 40 to 116 weight 19 -->
    <!-- Edge: 119 to 135 weight 232 -->
    <!-- Edge: 53 to 169 weight 40 -->
    <!-- Edge: 26 to 66 weight 232 -->
    <!-- Edge: 24 to 6 weight 152 -->
    <!-- Edge: 31 to 35 weight 52 -->
    <!-- Edge: 71 to 160 weight 37 -->
    <!-- Edge: 101 to 73 weight 66 -->
    <!-- Edge: 68 to 40 weight 252 -->
    <!-- Edge: 54 to 29 weight 235 -->
    <!-- Edge: 134 to 77 weight 160 -->
    <!-- Edge: 129 to 101 weight 177 -->
    <write><data>\x02u\x00\x00\x00\x00\x00\x00\x00\x00\x00\x00\x00\x12\x00\x00\x00h\x00\x00\x00\xc8\x00\x00\x00\x18\x00\x00\x00\x16\x00\x00\x00i\x00\x00\x00\xa8\x00\x00\x00\x0d\x00\x00\x00k\x00\x00\x00?\x00\x00\x00:\x00\x00\x00\x9b\x00\x00\x00H\x00\x00\x00\x3b\x00\x00\x00\x05\x00\x00\x00\x23\x00\x00\x00\x97\x00\x00\x003\x00\x00\x00\x0e\x00\x00\x00O\x00\x00\x00\x83\x00\x00\x00O\x00\x00\x00J\x00\x00\x00\x09\x00\x00\x00K\x00\x00\x00\x04\x00\x00\x00\x81\x00\x00\x00\x22\x00\x00\x00\x0a\x00\x00\x00\xe8\x00\x00\x00\x1e\x00\x00\x00\x5c\x00\x00\x00g\x00\x00\x005\x00\x00\x00E\x00\x00\x00\xae\x00\x00\x00V\x00\x00\x00\x07\x00\x00\x00\xa6\x00\x00\x006\x00\x00\x003\x00\x00\x00S\x00\x00\x00\x3d\x00\x00\x00\xa0\x00\x00\x006\x00\x00\x00\x11\x00\x00\x00\x13\x00\x00\x00\xa6\x00\x00\x007\x00\x00\x00z\x00\x00\x00R\x00\x00\x00\x18\x00\x00\x00Y\x00\x00\x009\x00\x00\x00\x01\x00\x00\x00\x98\x00\x00\x000\x00\x00\x00\x10\x00\x00\x00M\x00\x00\x00n\x00\x00\x001\x00\x00\x007\x00\x00\x00\x13\x00\x00\x00\x01\x00\x00\x00H\x00\x00\x00C\x00\x00\x00\xa3\x00\x00\x00\x7e\x00\x00\x00\x7d\x00\x00\x00E\x00\x00\x00\x95\x00\x00\x00\xb6\x00\x00\x00\x28\x00\x00\x00\x3b\x00\x00\x00\xc0\x00\x00\x00\x97\x00\x00\x00K\x00\x00\x00\xad\x00\x00\x00\x0e\x00\x00\x00\x40\x00\x00\x00h\x00\x00\x00\x26\x00\x00\x00D\x00\x00\x00\x88\x00\x00\x00\x82\x00\x00\x00\x11\x00\x00\x00z\x00\x00\x00\x12\x00\x00\x00\x7e\x00\x00\x00t\x00\x00\x00\xae\x00\x00\x00\x8f\x00\x00\x00Z\x00\x00\x00\x8b\x00\x00\x00\x60\x00\x00\x00\x9a\x00\x00\x00\x9b\x00\x00\x00\x1a\x00\x00\x00o\x00\x00\x00\x3d\x00\x00\x00V\x00\x00\x009\x00\x00\x00:\x00\x00\x00h\x00\x00\x00A\x00\x00\x00\x0b\x00\x00\x00\x5b\x00\x00\x00\xfb\x00\x00\x005\x00\x00\x00\x94\x00\x00\x00\x98\x00\x00\x000\x00\x00\x00\x9b\x00\x00\x00D\x00\x00\x00:\x00\x00\x008\x00\x00\x005\x00\x00\x00\x27\x00\x00\x003\x00\x00\x00\xf5\x00\x00\x00p\x00\x00\x00v\x00\x00\x00\xf8\x00\x00\x00\x24\x00\x00\x00\x3b\x00\x00\x00\xb6\x00\x00\x00\x2b\x00\x00\x00\x25\x00\x00\x00\xbe\x00\x00\x00p\x00\x00\x00P\x00\x00\x00\x86\x00\x00\x00\x3d\x00\x00\x00V\x00\x00\x00\x0f\x00\x00\x002\x00\x00\x00\x27\x00\x00\x00\xa9\x00\x00\x00\x1f\x00\x00\x00z\x00\x00\x00\xa7\x00\x00\x00M\x00\x00\x00\x8a\x00\x00\x00\x3b\x00\x00\x00\x1b\x00\x00\x00C\x00\x00\x00\x29\x00\x00\x00\x03\x00\x00\x00\x00\x00\x00\x00\x27\x00\x00\x00\xaa\x00\x00\x00\x08\x00\x00\x00\xd6\x00\x00\x00\x8f\x00\x00\x00\x1a\x00\x00\x00\xe2\x00\x00\x00\x28\x00\x00\x00\x9b\x00\x00\x00T\x00\x00\x00i\x00\x00\x00\xa6\x00\x00\x00\x19\x00\x00\x00\x1a\x00\x00\x00P\x00\x00\x00\x7c\x00\x00\x00\x0d\x00\x00\x00\x80\x00\x00\x00\xd5\x00\x00\x00\x14\x00\x00\x00\x08\x00\x00\x00\x89\x00\x00\x00\x5d\x00\x00\x00\x0f\x00\x00\x00\x07\x00\x00\x004\x00\x00\x00\x3c\x00\x00\x00\xd4\x00\x00\x000\x00\x00\x00B\x00\x00\x00Y\x00\x00\x00p\x00\x00\x00J\x00\x00\x00\xb2\x00\x00\x00\x5d\x00\x00\x00\x9e\x00\x00\x00\x7e\x00\x00\x00\x02\x00\x00\x00\x0a\x00\x00\x00g\x00\x00\x00\x1e\x00\x00\x005\x00\x00\x00r\x00\x00\x007\x00\x00\x00\x04\x00\x00\x00d\x00\x00\x00u\x00\x00\x00\x04\x00\x00\x00\x24\x00\x00\x00\x9b\x00\x00\x00t\x00\x00\x00\xe8\x00\x00\x00\xa2\x00\x00\x00\x03\x00\x00\x00h\x00\x00\x00F\x00\x00\x00\x1b\x00\x00\x00\xb9\x00\x00\x00\x8c\x00\x00\x00\x06\x00\x00\x00\x1a\x00\x00\x004\x00\x00\x00\x19\x00\x00\x00l\x00\x00\x00\x5c\x00\x00\x00\x17\x00\x00\x00\xb2\x00\x00\x00\x1b\x00\x00\x00\x2f\x00\x00\x00\xd8\x00\x00\x00\x8c\x00\x00\x00\x23\x00\x00\x00\x17\x00\x00\x00\x18\x00\x00\x00.\x00\x00\x00\x25\x00\x00\x000\x00\x00\x00\x2d\x00\x00\x00L\x00\x00\x00\x93\x00\x00\x003\x00\x00\x00\xf3\x00\x00\x00\x1c\x00\x00\x00g\x00\x00\x00\x88\x00\x00\x00y\x00\x00\x00\x85\x00\x00\x00\x3c\x00\x00\x00\x1e\x00\x00\x00\x19\x00\x00\x00\x3e\x00\x00\x00F\x00\x00\x00\x28\x00\x00\x00\xd4\x00\x00\x00\x9c\x00\x00\x00\x14\x00\x00\x00\x92\x00\x00\x00\x1a\x00\x00\x00\x15\x00\x00\x004\x00\x00\x00\x3c\x00\x00\x00\x22\x00\x00\x00\xe9\x00\x00\x00s\x00\x00\x00\x09\x00\x00\x00.\x00\x00\x00\x1f\x00\x00\x002\x00\x00\x00?\x00\x00\x00u\x00\x00\x00\x24\x00\x00\x00\xd4\x00\x00\x00\x0c\x00\x00\x006\x00\x00\x00\x00\x00\x00\x00b\x00\x00\x00\x5e\x00\x00\x00\xe5\x00\x00\x00\x22\x00\x00\x00\x88\x00\x00\x00\xad\x00\x00\x00j\x00\x00\x00O\x00\x00\x00O\x00\x00\x008\x00\x00\x00\x10\x00\x00\x00\xcf\x00\x00\x00\x81\x00\x00\x00\x12\x00\x00\x005\x00\x00\x00\x7c\x00\x00\x00\x27\x00\x00\x00F\x00\x00\x00\xac\x00\x00\x00?\x00\x00\x00\xf5\x00\x00\x00\x3c\x00\x00\x00Y\x00\x00\x00\xaf\x00\x00\x00K\x00\x00\x001\x00\x00\x003\x00\x00\x00\x16\x00\x00\x00C\x00\x00\x002\x00\x00\x00\x13\x00\x00\x00\x22\x00\x00\x00\x1a\x00\x00\x00\x1c\x00\x00\x00\x13\x00\x00\x00\xe8\x00\x00\x00\x0f\x00\x00\x00\x0a\x00\x00\x00\x25\x00\x00\x00J\x00\x00\x00t\x00\x00\x00!\x00\x00\x00\x1b\x00\x00\x00L\x00\x00\x00r\x00\x00\x00.\x00\x00\x00F\x00\x00\x00\xf0\x00\x00\x00F\x00\x00\x00I\x00\x00\x006\x00\x00\x00\x28\x00\x00\x00t\x00\x00\x00\x13\x00\x00\x00w\x00\x00\x00\x87\x00\x00\x00\xe8\x00\x00\x005\x00\x00\x00\xa9\x00\x00\x00\x28\x00\x00\x00\x1a\x00\x00\x00B\x00\x00\x00\xe8\x00\x00\x00\x18\x00\x00\x00\x06\x00\x00\x00\x98\x00\x00\x00\x1f\x00\x00\x00\x23\x00\x00\x004\x00\x00\x00G\x00\x00\x00\xa0\x00\x00\x00\x25\x00\x00\x00e\x00\x00\x00I\x00\x00\x00B\x00\x00\x00D\x00\x00\x00\x28\x00\x00\x00\xfc\x00\x00\x006\x00\x00\x00\x1d\x00\x00\x00\xeb\x00\x00\x00\x86\x00\x00\x00M\x00\x00\x00\xa0\x00\x00\x00\x81\x00\x00\x00e\x00\x00\x00\xb1\x00\x00\x00</data></write>
    <!-- SPT from 7 to 37 -->
    <write><data>\x03\x00\x00\x00\x00\x07\x00\x00\x00\x25\x00\x00\x00</data></write>
    <!-- Disconnected graph -->
    <read><length>2</length><match><data>\x07\x00</data></match></read>
</replay>
</pov>