<?xml version="1.0" standalone="no" ?>
<!DOCTYPE pov SYSTEM "/usr/share/cgc-docs/replay.dtd">
<pov>
<cbid>service</cbid>
<seed>87e1bebbf78e5d6590bcedf09d629c6b1774db72dc372ea7c39e85eda23b79a1f302df04991c84106d4fbf8fd8f3b8b4</seed>
<replay>
    <delay>50</delay>
    <!-- Invalid ending node -->
    <!-- Num Nodes: 2 -->
    <write><data>\x01\x02\x00\x00\x00\x00\x00\x00\x00\x00\x00\x00\x00\x00\x00\x00\x00\x01\x00\x00\x00</data></write>
    <write><data>\x02\x01\x00\x00\x00\x00\x00\x00\x00\x00\x00\x00\x00\x00\x00\x00\x00\x03\x00\x00\x00\x01\x00\x00\x00</data></write>
    <read><length>2</length><match><data>\x04\x00</data></match></read>
</replay>
</pov>