<?xml version="1.0" standalone="no" ?>
<!DOCTYPE pov SYSTEM "/usr/share/cgc-docs/replay.dtd">
<pov>
<cbid>service</cbid>
<seed>4771e93b1de0c15187f406d477263dcddef1bc76c6b2dcf24dff21cad5fc3fefca2359b1dcd57e7cd428b261e3c93d4d</seed>
<replay>
    <delay>50</delay>
    <!-- Num Nodes: 28 -->
    <write><data>\x01\x1c\x00\x00\x00\x00\x00\x00\x00\x00\x00\x00\x00\x00\x00\x00\x00\x01\x00\x00\x00\x02\x00\x00\x00\x03\x00\x00\x00\x04\x00\x00\x00\x05\x00\x00\x00\x06\x00\x00\x00\x07\x00\x00\x00\x08\x00\x00\x00\x09\x00\x00\x00\x0a\x00\x00\x00\x0b\x00\x00\x00\x0c\x00\x00\x00\x0d\x00\x00\x00\x0e\x00\x00\x00\x0f\x00\x00\x00\x10\x00\x00\x00\x11\x00\x00\x00\x12\x00\x00\x00\x13\x00\x00\x00\x14\x00\x00\x00\x15\x00\x00\x00\x16\x00\x00\x00\x17\x00\x00\x00\x18\x00\x00\x00\x19\x00\x00\x00\x1a\x00\x00\x00\x1b\x00\x00\x00</data></write>
    <!-- Edge: 23 to 10 weight 1 -->
    <!-- Edge: 26 to 1 weight 103 -->
    <!-- Edge: 0 to 18 weight 161 -->
    <!-- Edge: 23 to 22 weight 68 -->
    <!-- Edge: 4 to 1 weight 60 -->
    <!-- Edge: 23 to 25 weight 9 -->
    <!-- Edge: 15 to 5 weight 23 -->
    <!-- Edge: 6 to 23 weight 119 -->
    <!-- Edge: 17 to 0 weight 121 -->
    <!-- Edge: 24 to 18 weight 210 -->
    <!-- Edge: 4 to 13 weight 125 -->
    <!-- Edge: 7 to 23 weight 70 -->
    <!-- Edge: 18 to 12 weight 98 -->
    <!-- Edge: 0 to 1 weight 205 -->
    <!-- Edge: 0 to 11 weight 196 -->
    <!-- Edge: 25 to 23 weight 144 -->
    <!-- Edge: 5 to 11 weight 151 -->
    <!-- Edge: 4 to 8 weight 86 -->
    <!-- Edge: 16 to 15 weight 244 -->
    <!-- Edge: 17 to 6 weight 94 -->
    <!-- Edge: 14 to 15 weight 112 -->
    <!-- Edge: 3 to 4 weight 118 -->
    <!-- Edge: 25 to 12 weight 217 -->
    <!-- Edge: 14 to 8 weight 140 -->
    <!-- Edge: 24 to 25 weight 49 -->
    <!-- Edge: 11 to 0 weight 65 -->
    <!-- Edge: 2 to 24 weight 171 -->
    <!-- Edge: 10 to 3 weight 131 -->
    <!-- Edge: 11 to 9 weight 2 -->
    <!-- Edge: 16 to 3 weight 172 -->
    <!-- Edge: 5 to 15 weight 218 -->
    <!-- Edge: 10 to 6 weight 62 -->
    <!-- Edge: 26 to 7 weight 204 -->
    <!-- Edge: 27 to 25 weight 41 -->
    <!-- Edge: 20 to 11 weight 74 -->
    <!-- Edge: 10 to 21 weight 179 -->
    <!-- Edge: 23 to 10 weight 107 -->
    <!-- Edge: 5 to 17 weight 74 -->
    <!-- Edge: 2 to 21 weight 93 -->
    <!-- Edge: 1 to 15 weight 111 -->
    <!-- Edge: 26 to 13 weight 59 -->
    <!-- Edge: 13 to 21 weight 245 -->
    <!-- Edge: 21 to 12 weight 58 -->
    <!-- Edge: 1 to 2 weight 158 -->
    <!-- Edge: 0 to 19 weight 246 -->
    <!-- Edge: 2 to 27 weight 110 -->
    <!-- Edge: 22 to 9 weight 192 -->
    <!-- Edge: 14 to 18 weight 161 -->
    <!-- Edge: 11 to 12 weight 228 -->
    <!-- Edge: 24 to 9 weight 93 -->
    <!-- Edge: 27 to 26 weight 174 -->
    <!-- Edge: 21 to 3 weight 19 -->
    <!-- Edge: 4 to 25 weight 156 -->
    <!-- Edge: 2 to 15 weight 134 -->
    <!-- Edge: 27 to 12 weight 95 -->
    <!-- Edge: 20 to 18 weight 102 -->
    <!-- Edge: 1 to 14 weight 218 -->
    <!-- Edge: 6 to 11 weight 217 -->
    <!-- Edge: 12 to 1 weight 184 -->
    <!-- Edge: 16 to 25 weight 190 -->
    <!-- Edge: 1 to 26 weight 188 -->
    <!-- Edge: 12 to 22 weight 195 -->
    <!-- Edge: 14 to 0 weight 181 -->
    <!-- Edge: 21 to 19 weight 67 -->
    <!-- Edge: 20 to 25 weight 181 -->
    <!-- Edge: 22 to 26 weight 136 -->
    <!-- Edge: 23 to 22 weight 131 -->
    <!-- Edge: 19 to 3 weight 222 -->
    <!-- Edge: 17 to 21 weight 179 -->
    <!-- Edge: 2 to 25 weight 8 -->
    <!-- Edge: 19 to 18 weight 168 -->
    <!-- Edge: 26 to 9 weight 138 -->
    <!-- Edge: 23 to 13 weight 173 -->
    <!-- Edge: 5 to 26 weight 85 -->
    <!-- Edge: 8 to 17 weight 23 -->
    <!-- Edge: 18 to 7 weight 94 -->
    <!-- Edge: 9 to 5 weight 246 -->
    <!-- Edge: 20 to 8 weight 133 -->
    <!-- Edge: 2 to 6 weight 236 -->
    <!-- Edge: 10 to 23 weight 140 -->
    <!-- Edge: 8 to 10 weight 108 -->
    <!-- Edge: 17 to 15 weight 75 -->
    <!-- Edge: 0 to 12 weight 93 -->
    <!-- Edge: 3 to 23 weight 93 -->
    <!-- Edge: 11 to 4 weight 68 -->
    <!-- Edge: 19 to 16 weight 165 -->
    <!-- Edge: 1 to 5 weight 98 -->
    <!-- Edge: 23 to 12 weight 46 -->
    <!-- Edge: 5 to 20 weight 183 -->
    <!-- Edge: 21 to 16 weight 140 -->
    <!-- Edge: 12 to 9 weight 17 -->
    <!-- Edge: 23 to 15 weight 94 -->
    <!-- Edge: 3 to 12 weight 178 -->
    <!-- Edge: 15 to 7 weight 192 -->
    <!-- Edge: 10 to 19 weight 113 -->
    <!-- Edge: 18 to 24 weight 88 -->
    <!-- Edge: 14 to 22 weight 45 -->
    <!-- Edge: 8 to 6 weight 215 -->
    <!-- Edge: 14 to 11 weight 252 -->
    <!-- Edge: 21 to 17 weight 94 -->
    <!-- Edge: 0 to 25 weight 200 -->
    <!-- Edge: 2 to 27 weight 32 -->
    <!-- Edge: 7 to 1 weight 36 -->
    <!-- Edge: 13 to 24 weight 107 -->
    <!-- Edge: 4 to 15 weight 17 -->
    <!-- Edge: 12 to 10 weight 43 -->
    <!-- Edge: 21 to 6 weight 207 -->
    <!-- Edge: 22 to 21 weight 114 -->
    <!-- Edge: 2 to 13 weight 33 -->
    <!-- Edge: 17 to 13 weight 211 -->
    <!-- Edge: 25 to 21 weight 85 -->
    <!-- Edge: 21 to 25 weight 213 -->
    <!-- Edge: 26 to 27 weight 112 -->
    <!-- Edge: 1 to 2 weight 74 -->
    <!-- Edge: 21 to 2 weight 22 -->
    <!-- Edge: 13 to 1 weight 64 -->
    <!-- Edge: 14 to 0 weight 236 -->
    <!-- Edge: 12 to 7 weight 41 -->
    <!-- Edge: 21 to 13 weight 213 -->
    <!-- Edge: 26 to 5 weight 178 -->
    <!-- Edge: 6 to 22 weight 86 -->
    <!-- Edge: 19 to 24 weight 227 -->
    <!-- Edge: 8 to 17 weight 246 -->
    <!-- Edge: 12 to 6 weight 207 -->
    <!-- Edge: 20 to 8 weight 254 -->
    <!-- Edge: 10 to 26 weight 115 -->
    <!-- Edge: 4 to 1 weight 161 -->
    <!-- Edge: 4 to 9 weight 87 -->
    <!-- Edge: 6 to 15 weight 41 -->
    <!-- Edge: 1 to 14 weight 178 -->
    <!-- Edge: 10 to 14 weight 79 -->
    <!-- Edge: 12 to 10 weight 45 -->
    <!-- Edge: 5 to 16 weight 66 -->
    <!-- Edge: 0 to 3 weight 192 -->
    <!-- Edge: 4 to 11 weight 110 -->
    <!-- Edge: 16 to 11 weight 188 -->
    <!-- Edge: 23 to 21 weight 156 -->
    <!-- Edge: 10 to 20 weight 235 -->
    <!-- Edge: 12 to 16 weight 60 -->
    <!-- Edge: 26 to 20 weight 236 -->
    <!-- Edge: 11 to 24 weight 115 -->
    <!-- Edge: 21 to 5 weight 193 -->
    <!-- Edge: 18 to 24 weight 19 -->
    <!-- Edge: 5 to 24 weight 63 -->
    <!-- Edge: 26 to 25 weight 140 -->
    <!-- Edge: 22 to 19 weight 130 -->
    <!-- Edge: 2 to 0 weight 38 -->
    <!-- Edge: 21 to 18 weight 230 -->
    <!-- Edge: 3 to 7 weight 161 -->
    <!-- Edge: 14 to 3 weight 69 -->
    <!-- Edge: 8 to 14 weight 218 -->
    <!-- Edge: 25 to 21 weight 66 -->
    <!-- Edge: 7 to 6 weight 31 -->
    <!-- Edge: 1 to 22 weight 136 -->
    <!-- Edge: 16 to 2 weight 175 -->
    <!-- Edge: 23 to 11 weight 152 -->
    <!-- Edge: 14 to 3 weight 104 -->
    <!-- Edge: 8 to 4 weight 208 -->
    <!-- Edge: 11 to 1 weight 103 -->
    <!-- Edge: 16 to 25 weight 237 -->
    <!-- Edge: 24 to 13 weight 238 -->
    <!-- Edge: 1 to 2 weight 72 -->
    <!-- Edge: 15 to 17 weight 74 -->
    <!-- Edge: 24 to 6 weight 6 -->
    <!-- Edge: 9 to 0 weight 208 -->
    <!-- Edge: 27 to 20 weight 90 -->
    <!-- Edge: 18 to 0 weight 42 -->
    <!-- Edge: 8 to 20 weight 29 -->
    <!-- Edge: 2 to 8 weight 254 -->
    <!-- Edge: 16 to 26 weight 69 -->
    <!-- Edge: 18 to 17 weight 253 -->
    <!-- Edge: 12 to 10 weight 88 -->
    <!-- Edge: 10 to 16 weight 254 -->
    <!-- Edge: 11 to 3 weight 38 -->
    <!-- Edge: 21 to 27 weight 187 -->
    <!-- Edge: 20 to 7 weight 231 -->
    <!-- Edge: 7 to 26 weight 13 -->
    <!-- Edge: 23 to 20 weight 221 -->
    <!-- Edge: 27 to 9 weight 124 -->
    <!-- Edge: 21 to 11 weight 169 -->
    <!-- Edge: 8 to 5 weight 114 -->
    <!-- Edge: 5 to 12 weight 226 -->
    <!-- Edge: 25 to 9 weight 151 -->
    <!-- Edge: 25 to 27 weight 85 -->
    <!-- Edge: 17 to 4 weight 38 -->
    <!-- Edge: 21 to 4 weight 25 -->
    <!-- Edge: 1 to 9 weight 44 -->
    <write><data>\x02\xbb\x00\x00\x00\x00\x00\x00\x00\x00\x00\x00\x00\x17\x00\x00\x00\x0a\x00\x00\x00\x01\x00\x00\x00\x1a\x00\x00\x00\x01\x00\x00\x00g\x00\x00\x00\x00\x00\x00\x00\x12\x00\x00\x00\xa1\x00\x00\x00\x17\x00\x00\x00\x16\x00\x00\x00D\x00\x00\x00\x04\x00\x00\x00\x01\x00\x00\x00\x3c\x00\x00\x00\x17\x00\x00\x00\x19\x00\x00\x00\x09\x00\x00\x00\x0f\x00\x00\x00\x05\x00\x00\x00\x17\x00\x00\x00\x06\x00\x00\x00\x17\x00\x00\x00w\x00\x00\x00\x11\x00\x00\x00\x00\x00\x00\x00y\x00\x00\x00\x18\x00\x00\x00\x12\x00\x00\x00\xd2\x00\x00\x00\x04\x00\x00\x00\x0d\x00\x00\x00\x7d\x00\x00\x00\x07\x00\x00\x00\x17\x00\x00\x00F\x00\x00\x00\x12\x00\x00\x00\x0c\x00\x00\x00b\x00\x00\x00\x00\x00\x00\x00\x01\x00\x00\x00\xcd\x00\x00\x00\x00\x00\x00\x00\x0b\x00\x00\x00\xc4\x00\x00\x00\x19\x00\x00\x00\x17\x00\x00\x00\x90\x00\x00\x00\x05\x00\x00\x00\x0b\x00\x00\x00\x97\x00\x00\x00\x04\x00\x00\x00\x08\x00\x00\x00V\x00\x00\x00\x10\x00\x00\x00\x0f\x00\x00\x00\xf4\x00\x00\x00\x11\x00\x00\x00\x06\x00\x00\x00\x5e\x00\x00\x00\x0e\x00\x00\x00\x0f\x00\x00\x00p\x00\x00\x00\x03\x00\x00\x00\x04\x00\x00\x00v\x00\x00\x00\x19\x00\x00\x00\x0c\x00\x00\x00\xd9\x00\x00\x00\x0e\x00\x00\x00\x08\x00\x00\x00\x8c\x00\x00\x00\x18\x00\x00\x00\x19\x00\x00\x001\x00\x00\x00\x0b\x00\x00\x00\x00\x00\x00\x00A\x00\x00\x00\x02\x00\x00\x00\x18\x00\x00\x00\xab\x00\x00\x00\x0a\x00\x00\x00\x03\x00\x00\x00\x83\x00\x00\x00\x0b\x00\x00\x00\x09\x00\x00\x00\x02\x00\x00\x00\x10\x00\x00\x00\x03\x00\x00\x00\xac\x00\x00\x00\x05\x00\x00\x00\x0f\x00\x00\x00\xda\x00\x00\x00\x0a\x00\x00\x00\x06\x00\x00\x00\x3e\x00\x00\x00\x1a\x00\x00\x00\x07\x00\x00\x00\xcc\x00\x00\x00\x1b\x00\x00\x00\x19\x00\x00\x00\x29\x00\x00\x00\x14\x00\x00\x00\x0b\x00\x00\x00J\x00\x00\x00\x0a\x00\x00\x00\x15\x00\x00\x00\xb3\x00\x00\x00\x17\x00\x00\x00\x0a\x00\x00\x00k\x00\x00\x00\x05\x00\x00\x00\x11\x00\x00\x00J\x00\x00\x00\x02\x00\x00\x00\x15\x00\x00\x00\x5d\x00\x00\x00\x01\x00\x00\x00\x0f\x00\x00\x00o\x00\x00\x00\x1a\x00\x00\x00\x0d\x00\x00\x00\x3b\x00\x00\x00\x0d\x00\x00\x00\x15\x00\x00\x00\xf5\x00\x00\x00\x15\x00\x00\x00\x0c\x00\x00\x00:\x00\x00\x00\x01\x00\x00\x00\x02\x00\x00\x00\x9e\x00\x00\x00\x00\x00\x00\x00\x13\x00\x00\x00\xf6\x00\x00\x00\x02\x00\x00\x00\x1b\x00\x00\x00n\x00\x00\x00\x16\x00\x00\x00\x09\x00\x00\x00\xc0\x00\x00\x00\x0e\x00\x00\x00\x12\x00\x00\x00\xa1\x00\x00\x00\x0b\x00\x00\x00\x0c\x00\x00\x00\xe4\x00\x00\x00\x18\x00\x00\x00\x09\x00\x00\x00\x5d\x00\x00\x00\x1b\x00\x00\x00\x1a\x00\x00\x00\xae\x00\x00\x00\x15\x00\x00\x00\x03\x00\x00\x00\x13\x00\x00\x00\x04\x00\x00\x00\x19\x00\x00\x00\x9c\x00\x00\x00\x02\x00\x00\x00\x0f\x00\x00\x00\x86\x00\x00\x00\x1b\x00\x00\x00\x0c\x00\x00\x00\x5f\x00\x00\x00\x14\x00\x00\x00\x12\x00\x00\x00f\x00\x00\x00\x01\x00\x00\x00\x0e\x00\x00\x00\xda\x00\x00\x00\x06\x00\x00\x00\x0b\x00\x00\x00\xd9\x00\x00\x00\x0c\x00\x00\x00\x01\x00\x00\x00\xb8\x00\x00\x00\x10\x00\x00\x00\x19\x00\x00\x00\xbe\x00\x00\x00\x01\x00\x00\x00\x1a\x00\x00\x00\xbc\x00\x00\x00\x0c\x00\x00\x00\x16\x00\x00\x00\xc3\x00\x00\x00\x0e\x00\x00\x00\x00\x00\x00\x00\xb5\x00\x00\x00\x15\x00\x00\x00\x13\x00\x00\x00C\x00\x00\x00\x14\x00\x00\x00\x19\x00\x00\x00\xb5\x00\x00\x00\x16\x00\x00\x00\x1a\x00\x00\x00\x88\x00\x00\x00\x17\x00\x00\x00\x16\x00\x00\x00\x83\x00\x00\x00\x13\x00\x00\x00\x03\x00\x00\x00\xde\x00\x00\x00\x11\x00\x00\x00\x15\x00\x00\x00\xb3\x00\x00\x00\x02\x00\x00\x00\x19\x00\x00\x00\x08\x00\x00\x00\x13\x00\x00\x00\x12\x00\x00\x00\xa8\x00\x00\x00\x1a\x00\x00\x00\x09\x00\x00\x00\x8a\x00\x00\x00\x17\x00\x00\x00\x0d\x00\x00\x00\xad\x00\x00\x00\x05\x00\x00\x00\x1a\x00\x00\x00U\x00\x00\x00\x08\x00\x00\x00\x11\x00\x00\x00\x17\x00\x00\x00\x12\x00\x00\x00\x07\x00\x00\x00\x5e\x00\x00\x00\x09\x00\x00\x00\x05\x00\x00\x00\xf6\x00\x00\x00\x14\x00\x00\x00\x08\x00\x00\x00\x85\x00\x00\x00\x02\x00\x00\x00\x06\x00\x00\x00\xec\x00\x00\x00\x0a\x00\x00\x00\x17\x00\x00\x00\x8c\x00\x00\x00\x08\x00\x00\x00\x0a\x00\x00\x00l\x00\x00\x00\x11\x00\x00\x00\x0f\x00\x00\x00K\x00\x00\x00\x00\x00\x00\x00\x0c\x00\x00\x00\x5d\x00\x00\x00\x03\x00\x00\x00\x17\x00\x00\x00\x5d\x00\x00\x00\x0b\x00\x00\x00\x04\x00\x00\x00D\x00\x00\x00\x13\x00\x00\x00\x10\x00\x00\x00\xa5\x00\x00\x00\x01\x00\x00\x00\x05\x00\x00\x00b\x00\x00\x00\x17\x00\x00\x00\x0c\x00\x00\x00.\x00\x00\x00\x05\x00\x00\x00\x14\x00\x00\x00\xb7\x00\x00\x00\x15\x00\x00\x00\x10\x00\x00\x00\x8c\x00\x00\x00\x0c\x00\x00\x00\x09\x00\x00\x00\x11\x00\x00\x00\x17\x00\x00\x00\x0f\x00\x00\x00\x5e\x00\x00\x00\x03\x00\x00\x00\x0c\x00\x00\x00\xb2\x00\x00\x00\x0f\x00\x00\x00\x07\x00\x00\x00\xc0\x00\x00\x00\x0a\x00\x00\x00\x13\x00\x00\x00q\x00\x00\x00\x12\x00\x00\x00\x18\x00\x00\x00X\x00\x00\x00\x0e\x00\x00\x00\x16\x00\x00\x00\x2d\x00\x00\x00\x08\x00\x00\x00\x06\x00\x00\x00\xd7\x00\x00\x00\x0e\x00\x00\x00\x0b\x00\x00\x00\xfc\x00\x00\x00\x15\x00\x00\x00\x11\x00\x00\x00\x5e\x00\x00\x00\x00\x00\x00\x00\x19\x00\x00\x00\xc8\x00\x00\x00\x02\x00\x00\x00\x1b\x00\x00\x00 \x00\x00\x00\x07\x00\x00\x00\x01\x00\x00\x00\x24\x00\x00\x00\x0d\x00\x00\x00\x18\x00\x00\x00k\x00\x00\x00\x04\x00\x00\x00\x0f\x00\x00\x00\x11\x00\x00\x00\x0c\x00\x00\x00\x0a\x00\x00\x00\x2b\x00\x00\x00\x15\x00\x00\x00\x06\x00\x00\x00\xcf\x00\x00\x00\x16\x00\x00\x00\x15\x00\x00\x00r\x00\x00\x00\x02\x00\x00\x00\x0d\x00\x00\x00!\x00\x00\x00\x11\x00\x00\x00\x0d\x00\x00\x00\xd3\x00\x00\x00\x19\x00\x00\x00\x15\x00\x00\x00U\x00\x00\x00\x15\x00\x00\x00\x19\x00\x00\x00\xd5\x00\x00\x00\x1a\x00\x00\x00\x1b\x00\x00\x00p\x00\x00\x00\x01\x00\x00\x00\x02\x00\x00\x00J\x00\x00\x00\x15\x00\x00\x00\x02\x00\x00\x00\x16\x00\x00\x00\x0d\x00\x00\x00\x01\x00\x00\x00\x40\x00\x00\x00\x0e\x00\x00\x00\x00\x00\x00\x00\xec\x00\x00\x00\x0c\x00\x00\x00\x07\x00\x00\x00\x29\x00\x00\x00\x15\x00\x00\x00\x0d\x00\x00\x00\xd5\x00\x00\x00\x1a\x00\x00\x00\x05\x00\x00\x00\xb2\x00\x00\x00\x06\x00\x00\x00\x16\x00\x00\x00V\x00\x00\x00\x13\x00\x00\x00\x18\x00\x00\x00\xe3\x00\x00\x00\x08\x00\x00\x00\x11\x00\x00\x00\xf6\x00\x00\x00\x0c\x00\x00\x00\x06\x00\x00\x00\xcf\x00\x00\x00\x14\x00\x00\x00\x08\x00\x00\x00\xfe\x00\x00\x00\x0a\x00\x00\x00\x1a\x00\x00\x00s\x00\x00\x00\x04\x00\x00\x00\x01\x00\x00\x00\xa1\x00\x00\x00\x04\x00\x00\x00\x09\x00\x00\x00W\x00\x00\x00\x06\x00\x00\x00\x0f\x00\x00\x00\x29\x00\x00\x00\x01\x00\x00\x00\x0e\x00\x00\x00\xb2\x00\x00\x00\x0a\x00\x00\x00\x0e\x00\x00\x00O\x00\x00\x00\x0c\x00\x00\x00\x0a\x00\x00\x00\x2d\x00\x00\x00\x05\x00\x00\x00\x10\x00\x00\x00B\x00\x00\x00\x00\x00\x00\x00\x03\x00\x00\x00\xc0\x00\x00\x00\x04\x00\x00\x00\x0b\x00\x00\x00n\x00\x00\x00\x10\x00\x00\x00\x0b\x00\x00\x00\xbc\x00\x00\x00\x17\x00\x00\x00\x15\x00\x00\x00\x9c\x00\x00\x00\x0a\x00\x00\x00\x14\x00\x00\x00\xeb\x00\x00\x00\x0c\x00\x00\x00\x10\x00\x00\x00\x3c\x00\x00\x00\x1a\x00\x00\x00\x14\x00\x00\x00\xec\x00\x00\x00\x0b\x00\x00\x00\x18\x00\x00\x00s\x00\x00\x00\x15\x00\x00\x00\x05\x00\x00\x00\xc1\x00\x00\x00\x12\x00\x00\x00\x18\x00\x00\x00\x13\x00\x00\x00\x05\x00\x00\x00\x18\x00\x00\x00?\x00\x00\x00\x1a\x00\x00\x00\x19\x00\x00\x00\x8c\x00\x00\x00\x16\x00\x00\x00\x13\x00\x00\x00\x82\x00\x00\x00\x02\x00\x00\x00\x00\x00\x00\x00\x26\x00\x00\x00\x15\x00\x00\x00\x12\x00\x00\x00\xe6\x00\x00\x00\x03\x00\x00\x00\x07\x00\x00\x00\xa1\x00\x00\x00\x0e\x00\x00\x00\x03\x00\x00\x00E\x00\x00\x00\x08\x00\x00\x00\x0e\x00\x00\x00\xda\x00\x00\x00\x19\x00\x00\x00\x15\x00\x00\x00B\x00\x00\x00\x07\x00\x00\x00\x06\x00\x00\x00\x1f\x00\x00\x00\x01\x00\x00\x00\x16\x00\x00\x00\x88\x00\x00\x00\x10\x00\x00\x00\x02\x00\x00\x00\xaf\x00\x00\x00\x17\x00\x00\x00\x0b\x00\x00\x00\x98\x00\x00\x00\x0e\x00\x00\x00\x03\x00\x00\x00h\x00\x00\x00\x08\x00\x00\x00\x04\x00\x00\x00\xd0\x00\x00\x00\x0b\x00\x00\x00\x01\x00\x00\x00g\x00\x00\x00\x10\x00\x00\x00\x19\x00\x00\x00\xed\x00\x00\x00\x18\x00\x00\x00\x0d\x00\x00\x00\xee\x00\x00\x00\x01\x00\x00\x00\x02\x00\x00\x00H\x00\x00\x00\x0f\x00\x00\x00\x11\x00\x00\x00J\x00\x00\x00\x18\x00\x00\x00\x06\x00\x00\x00\x06\x00\x00\x00\x09\x00\x00\x00\x00\x00\x00\x00\xd0\x00\x00\x00\x1b\x00\x00\x00\x14\x00\x00\x00Z\x00\x00\x00\x12\x00\x00\x00\x00\x00\x00\x00\x2a\x00\x00\x00\x08\x00\x00\x00\x14\x00\x00\x00\x1d\x00\x00\x00\x02\x00\x00\x00\x08\x00\x00\x00\xfe\x00\x00\x00\x10\x00\x00\x00\x1a\x00\x00\x00E\x00\x00\x00\x12\x00\x00\x00\x11\x00\x00\x00\xfd\x00\x00\x00\x0c\x00\x00\x00\x0a\x00\x00\x00X\x00\x00\x00\x0a\x00\x00\x00\x10\x00\x00\x00\xfe\x00\x00\x00\x0b\x00\x00\x00\x03\x00\x00\x00\x26\x00\x00\x00\x15\x00\x00\x00\x1b\x00\x00\x00\xbb\x00\x00\x00\x14\x00\x00\x00\x07\x00\x00\x00\xe7\x00\x00\x00\x07\x00\x00\x00\x1a\x00\x00\x00\x0d\x00\x00\x00\x17\x00\x00\x00\x14\x00\x00\x00\xdd\x00\x00\x00\x1b\x00\x00\x00\x09\x00\x00\x00\x7c\x00\x00\x00\x15\x00\x00\x00\x0b\x00\x00\x00\xa9\x00\x00\x00\x08\x00\x00\x00\x05\x00\x00\x00r\x00\x00\x00\x05\x00\x00\x00\x0c\x00\x00\x00\xe2\x00\x00\x00\x19\x00\x00\x00\x09\x00\x00\x00\x97\x00\x00\x00\x19\x00\x00\x00\x1b\x00\x00\x00U\x00\x00\x00\x11\x00\x00\x00\x04\x00\x00\x00\x26\x00\x00\x00\x15\x00\x00\x00\x04\x00\x00\x00\x19\x00\x00\x00\x01\x00\x00\x00\x09\x00\x00\x00\x2c\x00\x00\x00</data></write>
    <!-- SPT from 14 to 18 -->
    <write><data>\x03\x00\x00\x00\x00\x0e\x00\x00\x00\x12\x00\x00\x00</data></write>
    <!-- 14 18 -->
    <read><length>10</length><match><data>\x06\x02\x0e\x00\x00\x00\x12\x00\x00\x00</data></match></read>
</replay>
</pov>