<?xml version="1.0" standalone="no" ?>
<!DOCTYPE pov SYSTEM "/usr/share/cgc-docs/replay.dtd">
<pov>
<cbid>service</cbid>
<seed>ff24be0473537561b0a05b20692fba6a2736cbed9d61d4632d9c8d39972e51538575e1bac9eea66d1a26f3627b8c9c7a</seed>
<replay>
    <delay>50</delay>
    <!-- Num Nodes: 39 -->
    <write><data>\x01\x27\x00\x00\x00\x00\x00\x00\x00\x00\x00\x00\x00\x00\x00\x00\x00\x01\x00\x00\x00\x02\x00\x00\x00\x03\x00\x00\x00\x04\x00\x00\x00\x05\x00\x00\x00\x06\x00\x00\x00\x07\x00\x00\x00\x08\x00\x00\x00\x09\x00\x00\x00\x0a\x00\x00\x00\x0b\x00\x00\x00\x0c\x00\x00\x00\x0d\x00\x00\x00\x0e\x00\x00\x00\x0f\x00\x00\x00\x10\x00\x00\x00\x11\x00\x00\x00\x12\x00\x00\x00\x13\x00\x00\x00\x14\x00\x00\x00\x15\x00\x00\x00\x16\x00\x00\x00\x17\x00\x00\x00\x18\x00\x00\x00\x19\x00\x00\x00\x1a\x00\x00\x00\x1b\x00\x00\x00\x1c\x00\x00\x00\x1d\x00\x00\x00\x1e\x00\x00\x00\x1f\x00\x00\x00 \x00\x00\x00!\x00\x00\x00\x22\x00\x00\x00\x23\x00\x00\x00\x24\x00\x00\x00\x25\x00\x00\x00\x26\x00\x00\x00</data></write>
    <!-- Edge: 12 to 3 weight 17 -->
    <!-- Edge: 36 to 38 weight 1 -->
    <!-- Edge: 7 to 32 weight 168 -->
    <!-- Edge: 15 to 0 weight 63 -->
    <!-- Edge: 21 to 23 weight 157 -->
    <!-- Edge: 13 to 6 weight 191 -->
    <!-- Edge: 18 to 19 weight 58 -->
    <!-- Edge: 20 to 10 weight 70 -->
    <!-- Edge: 34 to 8 weight 244 -->
    <!-- Edge: 25 to 16 weight 99 -->
    <!-- Edge: 20 to 0 weight 168 -->
    <!-- Edge: 26 to 0 weight 167 -->
    <!-- Edge: 9 to 28 weight 69 -->
    <!-- Edge: 25 to 15 weight 17 -->
    <!-- Edge: 30 to 3 weight 13 -->
    <!-- Edge: 35 to 9 weight 239 -->
    <!-- Edge: 34 to 25 weight 111 -->
    <!-- Edge: 21 to 26 weight 100 -->
    <!-- Edge: 14 to 9 weight 45 -->
    <!-- Edge: 1 to 16 weight 18 -->
    <!-- Edge: 3 to 11 weight 196 -->
    <!-- Edge: 27 to 20 weight 152 -->
    <!-- Edge: 15 to 28 weight 244 -->
    <!-- Edge: 34 to 0 weight 152 -->
    <!-- Edge: 4 to 8 weight 240 -->
    <!-- Edge: 20 to 27 weight 193 -->
    <!-- Edge: 36 to 27 weight 222 -->
    <!-- Edge: 26 to 30 weight 2 -->
    <!-- Edge: 3 to 2 weight 54 -->
    <!-- Edge: 32 to 9 weight 249 -->
    <!-- Edge: 2 to 10 weight 155 -->
    <!-- Edge: 18 to 26 weight 40 -->
    <!-- Edge: 12 to 21 weight 31 -->
    <!-- Edge: 0 to 9 weight 93 -->
    <!-- Edge: 13 to 15 weight 52 -->
    <!-- Edge: 19 to 28 weight 69 -->
    <!-- Edge: 12 to 6 weight 36 -->
    <!-- Edge: 26 to 38 weight 90 -->
    <!-- Edge: 11 to 17 weight 101 -->
    <!-- Edge: 1 to 2 weight 20 -->
    <!-- Edge: 15 to 25 weight 96 -->
    <!-- Edge: 7 to 28 weight 19 -->
    <!-- Edge: 14 to 34 weight 60 -->
    <!-- Edge: 13 to 35 weight 197 -->
    <!-- Edge: 5 to 9 weight 121 -->
    <!-- Edge: 23 to 29 weight 48 -->
    <!-- Edge: 7 to 6 weight 75 -->
    <!-- Edge: 3 to 34 weight 82 -->
    <!-- Edge: 29 to 19 weight 116 -->
    <!-- Edge: 14 to 9 weight 201 -->
    <!-- Edge: 13 to 15 weight 71 -->
    <!-- Edge: 6 to 18 weight 92 -->
    <!-- Edge: 27 to 7 weight 228 -->
    <!-- Edge: 4 to 9 weight 133 -->
    <!-- Edge: 7 to 31 weight 163 -->
    <!-- Edge: 29 to 1 weight 23 -->
    <!-- Edge: 21 to 33 weight 246 -->
    <!-- Edge: 22 to 20 weight 112 -->
    <!-- Edge: 3 to 28 weight 196 -->
    <!-- Edge: 22 to 2 weight 110 -->
    <!-- Edge: 3 to 37 weight 85 -->
    <!-- Edge: 26 to 30 weight 41 -->
    <!-- Edge: 27 to 15 weight 56 -->
    <!-- Edge: 19 to 29 weight 183 -->
    <!-- Edge: 21 to 29 weight 112 -->
    <!-- Edge: 8 to 19 weight 76 -->
    <!-- Edge: 26 to 13 weight 231 -->
    <!-- Edge: 36 to 30 weight 44 -->
    <!-- Edge: 21 to 17 weight 107 -->
    <!-- Edge: 18 to 23 weight 131 -->
    <!-- Edge: 35 to 20 weight 114 -->
    <!-- Edge: 17 to 27 weight 217 -->
    <!-- Edge: 1 to 18 weight 239 -->
    <!-- Edge: 4 to 14 weight 143 -->
    <!-- Edge: 29 to 38 weight 179 -->
    <!-- Edge: 21 to 33 weight 64 -->
    <!-- Edge: 13 to 4 weight 232 -->
    <!-- Edge: 10 to 18 weight 246 -->
    <!-- Edge: 36 to 37 weight 245 -->
    <!-- Edge: 26 to 30 weight 99 -->
    <!-- Edge: 19 to 20 weight 173 -->
    <!-- Edge: 24 to 19 weight 54 -->
    <!-- Edge: 14 to 4 weight 26 -->
    <!-- Edge: 19 to 20 weight 146 -->
    <!-- Edge: 10 to 32 weight 87 -->
    <!-- Edge: 36 to 9 weight 9 -->
    <!-- Edge: 4 to 25 weight 235 -->
    <!-- Edge: 18 to 7 weight 149 -->
    <!-- Edge: 14 to 18 weight 78 -->
    <!-- Edge: 9 to 18 weight 19 -->
    <!-- Edge: 10 to 27 weight 1 -->
    <!-- Edge: 36 to 22 weight 36 -->
    <!-- Edge: 20 to 17 weight 18 -->
    <!-- Edge: 3 to 1 weight 203 -->
    <!-- Edge: 31 to 33 weight 103 -->
    <!-- Edge: 23 to 17 weight 47 -->
    <!-- Edge: 7 to 12 weight 68 -->
    <!-- Edge: 6 to 17 weight 98 -->
    <!-- Edge: 3 to 6 weight 169 -->
    <!-- Edge: 6 to 28 weight 104 -->
    <!-- Edge: 20 to 17 weight 118 -->
    <!-- Edge: 33 to 30 weight 167 -->
    <!-- Edge: 31 to 7 weight 184 -->
    <!-- Edge: 24 to 20 weight 57 -->
    <!-- Edge: 22 to 17 weight 178 -->
    <!-- Edge: 27 to 24 weight 74 -->
    <!-- Edge: 5 to 33 weight 91 -->
    <!-- Edge: 29 to 21 weight 102 -->
    <!-- Edge: 10 to 15 weight 30 -->
    <!-- Edge: 15 to 30 weight 175 -->
    <!-- Edge: 30 to 3 weight 146 -->
    <!-- Edge: 13 to 38 weight 126 -->
    <!-- Edge: 16 to 5 weight 99 -->
    <!-- Edge: 12 to 28 weight 42 -->
    <!-- Edge: 4 to 35 weight 248 -->
    <!-- Edge: 15 to 32 weight 230 -->
    <!-- Edge: 23 to 29 weight 186 -->
    <!-- Edge: 7 to 1 weight 167 -->
    <!-- Edge: 15 to 22 weight 176 -->
    <write><data>\x02w\x00\x00\x00\x00\x00\x00\x00\x00\x00\x00\x00\x0c\x00\x00\x00\x03\x00\x00\x00\x11\x00\x00\x00\x24\x00\x00\x00\x26\x00\x00\x00\x01\x00\x00\x00\x07\x00\x00\x00 \x00\x00\x00\xa8\x00\x00\x00\x0f\x00\x00\x00\x00\x00\x00\x00?\x00\x00\x00\x15\x00\x00\x00\x17\x00\x00\x00\x9d\x00\x00\x00\x0d\x00\x00\x00\x06\x00\x00\x00\xbf\x00\x00\x00\x12\x00\x00\x00\x13\x00\x00\x00:\x00\x00\x00\x14\x00\x00\x00\x0a\x00\x00\x00F\x00\x00\x00\x22\x00\x00\x00\x08\x00\x00\x00\xf4\x00\x00\x00\x19\x00\x00\x00\x10\x00\x00\x00c\x00\x00\x00\x14\x00\x00\x00\x00\x00\x00\x00\xa8\x00\x00\x00\x1a\x00\x00\x00\x00\x00\x00\x00\xa7\x00\x00\x00\x09\x00\x00\x00\x1c\x00\x00\x00E\x00\x00\x00\x19\x00\x00\x00\x0f\x00\x00\x00\x11\x00\x00\x00\x1e\x00\x00\x00\x03\x00\x00\x00\x0d\x00\x00\x00\x23\x00\x00\x00\x09\x00\x00\x00\xef\x00\x00\x00\x22\x00\x00\x00\x19\x00\x00\x00o\x00\x00\x00\x15\x00\x00\x00\x1a\x00\x00\x00d\x00\x00\x00\x0e\x00\x00\x00\x09\x00\x00\x00\x2d\x00\x00\x00\x01\x00\x00\x00\x10\x00\x00\x00\x12\x00\x00\x00\x03\x00\x00\x00\x0b\x00\x00\x00\xc4\x00\x00\x00\x1b\x00\x00\x00\x14\x00\x00\x00\x98\x00\x00\x00\x0f\x00\x00\x00\x1c\x00\x00\x00\xf4\x00\x00\x00\x22\x00\x00\x00\x00\x00\x00\x00\x98\x00\x00\x00\x04\x00\x00\x00\x08\x00\x00\x00\xf0\x00\x00\x00\x14\x00\x00\x00\x1b\x00\x00\x00\xc1\x00\x00\x00\x24\x00\x00\x00\x1b\x00\x00\x00\xde\x00\x00\x00\x1a\x00\x00\x00\x1e\x00\x00\x00\x02\x00\x00\x00\x03\x00\x00\x00\x02\x00\x00\x006\x00\x00\x00 \x00\x00\x00\x09\x00\x00\x00\xf9\x00\x00\x00\x02\x00\x00\x00\x0a\x00\x00\x00\x9b\x00\x00\x00\x12\x00\x00\x00\x1a\x00\x00\x00\x28\x00\x00\x00\x0c\x00\x00\x00\x15\x00\x00\x00\x1f\x00\x00\x00\x00\x00\x00\x00\x09\x00\x00\x00\x5d\x00\x00\x00\x0d\x00\x00\x00\x0f\x00\x00\x004\x00\x00\x00\x13\x00\x00\x00\x1c\x00\x00\x00E\x00\x00\x00\x0c\x00\x00\x00\x06\x00\x00\x00\x24\x00\x00\x00\x1a\x00\x00\x00\x26\x00\x00\x00Z\x00\x00\x00\x0b\x00\x00\x00\x11\x00\x00\x00e\x00\x00\x00\x01\x00\x00\x00\x02\x00\x00\x00\x14\x00\x00\x00\x0f\x00\x00\x00\x19\x00\x00\x00\x60\x00\x00\x00\x07\x00\x00\x00\x1c\x00\x00\x00\x13\x00\x00\x00\x0e\x00\x00\x00\x22\x00\x00\x00\x3c\x00\x00\x00\x0d\x00\x00\x00\x23\x00\x00\x00\xc5\x00\x00\x00\x05\x00\x00\x00\x09\x00\x00\x00y\x00\x00\x00\x17\x00\x00\x00\x1d\x00\x00\x000\x00\x00\x00\x07\x00\x00\x00\x06\x00\x00\x00K\x00\x00\x00\x03\x00\x00\x00\x22\x00\x00\x00R\x00\x00\x00\x1d\x00\x00\x00\x13\x00\x00\x00t\x00\x00\x00\x0e\x00\x00\x00\x09\x00\x00\x00\xc9\x00\x00\x00\x0d\x00\x00\x00\x0f\x00\x00\x00G\x00\x00\x00\x06\x00\x00\x00\x12\x00\x00\x00\x5c\x00\x00\x00\x1b\x00\x00\x00\x07\x00\x00\x00\xe4\x00\x00\x00\x04\x00\x00\x00\x09\x00\x00\x00\x85\x00\x00\x00\x07\x00\x00\x00\x1f\x00\x00\x00\xa3\x00\x00\x00\x1d\x00\x00\x00\x01\x00\x00\x00\x17\x00\x00\x00\x15\x00\x00\x00!\x00\x00\x00\xf6\x00\x00\x00\x16\x00\x00\x00\x14\x00\x00\x00p\x00\x00\x00\x03\x00\x00\x00\x1c\x00\x00\x00\xc4\x00\x00\x00\x16\x00\x00\x00\x02\x00\x00\x00n\x00\x00\x00\x03\x00\x00\x00\x25\x00\x00\x00U\x00\x00\x00\x1a\x00\x00\x00\x1e\x00\x00\x00\x29\x00\x00\x00\x1b\x00\x00\x00\x0f\x00\x00\x008\x00\x00\x00\x13\x00\x00\x00\x1d\x00\x00\x00\xb7\x00\x00\x00\x15\x00\x00\x00\x1d\x00\x00\x00p\x00\x00\x00\x08\x00\x00\x00\x13\x00\x00\x00L\x00\x00\x00\x1a\x00\x00\x00\x0d\x00\x00\x00\xe7\x00\x00\x00\x24\x00\x00\x00\x1e\x00\x00\x00\x2c\x00\x00\x00\x15\x00\x00\x00\x11\x00\x00\x00k\x00\x00\x00\x12\x00\x00\x00\x17\x00\x00\x00\x83\x00\x00\x00\x23\x00\x00\x00\x14\x00\x00\x00r\x00\x00\x00\x11\x00\x00\x00\x1b\x00\x00\x00\xd9\x00\x00\x00\x01\x00\x00\x00\x12\x00\x00\x00\xef\x00\x00\x00\x04\x00\x00\x00\x0e\x00\x00\x00\x8f\x00\x00\x00\x1d\x00\x00\x00\x26\x00\x00\x00\xb3\x00\x00\x00\x15\x00\x00\x00!\x00\x00\x00\x40\x00\x00\x00\x0d\x00\x00\x00\x04\x00\x00\x00\xe8\x00\x00\x00\x0a\x00\x00\x00\x12\x00\x00\x00\xf6\x00\x00\x00\x24\x00\x00\x00\x25\x00\x00\x00\xf5\x00\x00\x00\x1a\x00\x00\x00\x1e\x00\x00\x00c\x00\x00\x00\x13\x00\x00\x00\x14\x00\x00\x00\xad\x00\x00\x00\x18\x00\x00\x00\x13\x00\x00\x006\x00\x00\x00\x0e\x00\x00\x00\x04\x00\x00\x00\x1a\x00\x00\x00\x13\x00\x00\x00\x14\x00\x00\x00\x92\x00\x00\x00\x0a\x00\x00\x00 \x00\x00\x00W\x00\x00\x00\x24\x00\x00\x00\x09\x00\x00\x00\x09\x00\x00\x00\x04\x00\x00\x00\x19\x00\x00\x00\xeb\x00\x00\x00\x12\x00\x00\x00\x07\x00\x00\x00\x95\x00\x00\x00\x0e\x00\x00\x00\x12\x00\x00\x00N\x00\x00\x00\x09\x00\x00\x00\x12\x00\x00\x00\x13\x00\x00\x00\x0a\x00\x00\x00\x1b\x00\x00\x00\x01\x00\x00\x00\x24\x00\x00\x00\x16\x00\x00\x00\x24\x00\x00\x00\x14\x00\x00\x00\x11\x00\x00\x00\x12\x00\x00\x00\x03\x00\x00\x00\x01\x00\x00\x00\xcb\x00\x00\x00\x1f\x00\x00\x00!\x00\x00\x00g\x00\x00\x00\x17\x00\x00\x00\x11\x00\x00\x00\x2f\x00\x00\x00\x07\x00\x00\x00\x0c\x00\x00\x00D\x00\x00\x00\x06\x00\x00\x00\x11\x00\x00\x00b\x00\x00\x00\x03\x00\x00\x00\x06\x00\x00\x00\xa9\x00\x00\x00\x06\x00\x00\x00\x1c\x00\x00\x00h\x00\x00\x00\x14\x00\x00\x00\x11\x00\x00\x00v\x00\x00\x00!\x00\x00\x00\x1e\x00\x00\x00\xa7\x00\x00\x00\x1f\x00\x00\x00\x07\x00\x00\x00\xb8\x00\x00\x00\x18\x00\x00\x00\x14\x00\x00\x009\x00\x00\x00\x16\x00\x00\x00\x11\x00\x00\x00\xb2\x00\x00\x00\x1b\x00\x00\x00\x18\x00\x00\x00J\x00\x00\x00\x05\x00\x00\x00!\x00\x00\x00\x5b\x00\x00\x00\x1d\x00\x00\x00\x15\x00\x00\x00f\x00\x00\x00\x0a\x00\x00\x00\x0f\x00\x00\x00\x1e\x00\x00\x00\x0f\x00\x00\x00\x1e\x00\x00\x00\xaf\x00\x00\x00\x1e\x00\x00\x00\x03\x00\x00\x00\x92\x00\x00\x00\x0d\x00\x00\x00\x26\x00\x00\x00\x7e\x00\x00\x00\x10\x00\x00\x00\x05\x00\x00\x00c\x00\x00\x00\x0c\x00\x00\x00\x1c\x00\x00\x00\x2a\x00\x00\x00\x04\x00\x00\x00\x23\x00\x00\x00\xf8\x00\x00\x00\x0f\x00\x00\x00 \x00\x00\x00\xe6\x00\x00\x00\x17\x00\x00\x00\x1d\x00\x00\x00\xba\x00\x00\x00\x07\x00\x00\x00\x01\x00\x00\x00\xa7\x00\x00\x00\x0f\x00\x00\x00\x16\x00\x00\x00\xb0\x00\x00\x00</data></write>
    <!-- SPT from 5 to 19 -->
    <write><data>\x03\x00\x00\x00\x00\x05\x00\x00\x00\x13\x00\x00\x00</data></write>
    <!-- 5 9 18 19 -->
    <read><length>18</length><match><data>\x06\x04\x05\x00\x00\x00\x09\x00\x00\x00\x12\x00\x00\x00\x13\x00\x00\x00</data></match></read>
</replay>
</pov>