<?xml version="1.0" standalone="no" ?>
<!DOCTYPE pov SYSTEM "/usr/share/cgc-docs/replay.dtd">
<pov>
<cbid>service</cbid>
<seed>c9f8527ded6cfe728bb6d361c59afdb298f95e9acf68ff1fcc7e6fb2f14a13e502c70bcadc3e1f9c6413a765dd1d9224</seed>
<replay>
    <read><delim>\x05</delim><match><data>\x3b\xbe\xce\x92\x5dv\xbeK\xbb\x5dK\xbb\x8f\xbeK\xbb\xbe\x9a\x9a\xa9\xb7\xce\xbeK\xbb\xa9\x92P\xbe\xbbK\xbb\x9a\x1a\x92P\xbe\x9a</data></match></read>
    <read><length>2</length><match><data>\x10K</data></match></read>
    <!-- ADD\x5fTICKET\x7cPUx\x7cPmLuE\x7c03\x7c\x7c -->
    <write><data>\x23\xd4\xd4\xd2\x26\x09\xd3\x7f2\x26\xfe\xde\x12\xfc\xfe\xdev\x89\x932\xfel\xfb\xfe\xfe</data></write>
    <read><delim>\x05</delim><match><data>z\x7f</data></match></read>
    <read><length>2</length><match><data>\x10K</data></match></read>
    <!-- LIST\x5fFREE\x5fSUPPORT\x7c\x7c -->
    <write><data>\x89\x09\x86\x26\xd2\x40\x7e22\xd2\x86\x12\xde\xdez\x7e\x26\xfe\xfe</data></write>
    <read><length>11</length><match><data>\xe6\x05\xe8\x5d\x11\xbe\x05l\x05\xb0\x05</data></match></read>
    <read><delim>\x05</delim><match><data>z\x7f</data></match></read>
    <read><length>2</length><match><data>\x10K</data></match></read>
    <!-- CANCEL\x5fTICKET\x7c01\x7c\x7c -->
    <write><data>\xd3\x23\xe8\xd32\x89\xd2\x26\x09\xd3\x7f2\x26\xfel\x8e\xfe\xfe</data></write>
    <read><delim>\x05</delim><match><data>z\x7f</data></match></read>
    <read><length>2</length><match><data>\x10K</data></match></read>
    <!-- HIRE\x7c05\x7c\x7c -->
    <write><data>B\x09\x7e2\xfel\xb0\xfe\xfe</data></write>
    <read><delim>\x05</delim><match><data>z\x7f</data></match></read>
    <read><length>2</length><match><data>\x10K</data></match></read>
    <!-- CANCEL\x5fTICKET\x7c01\x7c\x7c -->
    <write><data>\xd3\x23\xe8\xd32\x89\xd2\x26\x09\xd3\x7f2\x26\xfel\x8e\xfe\xfe</data></write>
    <read><delim>\x05</delim><match><data>z\x7f</data></match></read>
    <read><length>2</length><match><data>\x10K</data></match></read>
    <!-- LIST\x5fSUPPORT\x7c\x7c -->
    <write><data>\x89\x09\x86\x26\xd2\x86\x12\xde\xdez\x7e\x26\xfe\xfe</data></write>
    <read><length>33</length><match><data>\x8e\x05\xe8\x5d\x11\xbe\x05l\x05\xfb\x05\xe6\x05\xe8\x5d\x11\xbe\x05l\x05\xb0\x05\xfb\x05\xe8\x5d\x11\xbe\x05l\x05\xb0\x05</data></match></read>
    <read><delim>\x05</delim><match><data>z\x7f</data></match></read>
    <read><length>2</length><match><data>\x10K</data></match></read>
    <!-- VIEW\x7c03\x7c\x7c -->
    <write><data>f\x092\x3b\xfel\xfb\xfe\xfe</data></write>
    <read><delim>\x05</delim><match><data>z\x7f</data></match></read>
    <read><length>2</length><match><data>\x10K</data></match></read>
    <!-- CANCEL\x5fTICKET\x7c04\x7c\x7c -->
    <write><data>\xd3\x23\xe8\xd32\x89\xd2\x26\x09\xd3\x7f2\x26\xfel\x02\xfe\xfe</data></write>
    <read><delim>\x05</delim><match><data>z\x7f</data></match></read>
    <read><length>2</length><match><data>\x10K</data></match></read>
    <!-- FIRE\x7c03\x7c\x7c -->
    <write><data>\x40\x09\x7e2\xfel\xfb\xfe\xfe</data></write>
    <read><delim>\x05</delim><match><data>z\x7f</data></match></read>
    <read><length>2</length><match><data>\x10K</data></match></read>
    <!-- LIST\x5fFREE\x5fSUPPORT\x7c\x7c -->
    <write><data>\x89\x09\x86\x26\xd2\x40\x7e22\xd2\x86\x12\xde\xdez\x7e\x26\xfe\xfe</data></write>
    <read><length>22</length><match><data>\xe6\x05\xe8\x5d\x11\xbe\x05l\x05\xb0\x05\xfb\x05\xe8\x5d\x11\xbe\x05l\x05\xb0\x05</data></match></read>
    <read><delim>\x05</delim><match><data>z\x7f</data></match></read>
    <read><length>2</length><match><data>\x10K</data></match></read>
    <!-- LIST\x5fFREE\x5fSUPPORT\x7c\x7c -->
    <write><data>\x89\x09\x86\x26\xd2\x40\x7e22\xd2\x86\x12\xde\xdez\x7e\x26\xfe\xfe</data></write>
    <read><length>22</length><match><data>\xe6\x05\xe8\x5d\x11\xbe\x05l\x05\xb0\x05\xfb\x05\xe8\x5d\x11\xbe\x05l\x05\xb0\x05</data></match></read>
    <read><delim>\x05</delim><match><data>z\x7f</data></match></read>
    <read><length>2</length><match><data>\x10K</data></match></read>
    <!-- VSTATUS\x7c01\x7c\x7c -->
    <write><data>f\x86\x26\x23\x26\x12\x86\xfel\x8e\xfe\xfe</data></write>
    <read><delim>\x05</delim><match><data>z\x7f</data></match></read>
    <read><length>2</length><match><data>\x10K</data></match></read>
    <!-- ADD\x5fTICKET\x7cRnyUUQ\x7cHAvzrEgqu\x7c03\x7c\x7c -->
    <write><data>\x23\xd4\xd4\xd2\x26\x09\xd3\x7f2\x26\xfe\x7e\x11\x06\x12\x12\xe9\xfeB\x23\x0a\x9b\x9a2\xa7\xa0\x93\xfel\xfb\xfe\xfe</data></write>
    <read><delim>\x05</delim><match><data>z\x7f</data></match></read>
    <read><length>2</length><match><data>\x10K</data></match></read>
    <!-- ADD\x5fTICKET\x7cVG\x7cbTHKQhPUKf\x7c03\x7c\x7c -->
    <write><data>\x23\xd4\xd4\xd2\x26\x09\xd3\x7f2\x26\xfef\x16\xfe\xb7\x26B\x7f\xe9\x8f\xde\x12\x7f\xc2\xfel\xfb\xfe\xfe</data></write>
    <read><delim>\x05</delim><match><data>z\x7f</data></match></read>
    <read><length>2</length><match><data>\x10K</data></match></read>
    <!-- VIEW\x7c\x7c -->
    <write><data>f\x092\x3b\xfe\xfe</data></write>
    <read><length>55</length><match><data>\xe6\x05\x7e\x11\x06\x12\x12\xe9\x05B\x23\x0a\x9b\x9a2\xa7\xa0\x93\x05\xe6\x05\xfb\x05\x8e\xb0\x05\xc6\xfb\x05\xfb\x05f\x16\x05\xb7\x26B\x7f\xe9\x8f\xde\x12\x7f\xc2\x05\xe6\x05\xfb\x05\x8e\xd6\x05\xd6N\x05</data></match></read>
    <read><delim>\x05</delim><match><data>z\x7f</data></match></read>
    <read><length>2</length><match><data>\x10K</data></match></read>
    <!-- ADD\x5fTICKET\x7cGpxg\x7cazTfxM\x7c02\x7c\x7c -->
    <write><data>\x23\xd4\xd4\xd2\x26\x09\xd3\x7f2\x26\xfe\x16W\xfc\xa7\xfe\x1a\x9b\x26\xc2\xfcX\xfel\xe6\xfe\xfe</data></write>
    <read><delim>\x05</delim><match><data>z\x7f</data></match></read>
    <read><length>2</length><match><data>\x10K</data></match></read>
    <!-- CANCEL\x5fTICKET\x7c10\x7c\x7c -->
    <write><data>\xd3\x23\xe8\xd32\x89\xd2\x26\x09\xd3\x7f2\x26\xfe\x8el\xfe\xfe</data></write>
    <read><delim>\x05</delim><match><data>z\x7f</data></match></read>
    <read><length>2</length><match><data>\x10K</data></match></read>
    <!-- LIST\x5fSUPPORT\x7c\x7c -->
    <write><data>\x89\x09\x86\x26\xd2\x86\x12\xde\xdez\x7e\x26\xfe\xfe</data></write>
    <read><length>19</length><match><data>\xe6\x05\xe6\x05l\x05\xb0\x05\xfb\x05\xe8\x5d\x11\xbe\x05l\x05\xb0\x05</data></match></read>
    <read><delim>\x05</delim><match><data>z\x7f</data></match></read>
    <read><length>2</length><match><data>\x10K</data></match></read>
    <!-- ADD\x5fTICKET\x7clLqtkDH\x7coOwRMSIPZ\x7c05\x7c\x7c -->
    <write><data>\x23\xd4\xd4\xd2\x26\x09\xd3\x7f2\x26\xfe\xce\x89\xa0\xbbP\xd4B\xfe\x5dz\xf4\x7eX\x86\x09\xde\xcd\xfel\xb0\xfe\xfe</data></write>
    <read><delim>\x05</delim><match><data>z\x7f</data></match></read>
    <read><length>2</length><match><data>\x10K</data></match></read>
    <!-- VSTATUS\x7c12\x7c\x7c -->
    <write><data>f\x86\x26\x23\x26\x12\x86\xfe\x8e\xe6\xfe\xfe</data></write>
    <read><delim>\x05</delim><match><data>z\x7f</data></match></read>
    <read><length>2</length><match><data>\x10K</data></match></read>
    <!-- LIST\x5fFREE\x5fSUPPORT\x7c\x7c -->
    <write><data>\x89\x09\x86\x26\xd2\x40\x7e22\xd2\x86\x12\xde\xdez\x7e\x26\xfe\xfe</data></write>
    <read><length>11</length><match><data>\xe6\x05\xe8\x5d\x11\xbe\x05l\x05\xb0\x05</data></match></read>
    <read><delim>\x05</delim><match><data>z\x7f</data></match></read>
    <read><length>2</length><match><data>\x10K</data></match></read>
    <!-- HIRE\x7c03\x7c\x7c -->
    <write><data>B\x09\x7e2\xfel\xfb\xfe\xfe</data></write>
    <read><delim>\x05</delim><match><data>z\x7f</data></match></read>
    <read><length>2</length><match><data>\x10K</data></match></read>
    <!-- ADD\x5fTICKET\x7cnSqeWAXHgeQuVHR\x7cVUP\x7c02\x7c\x7c -->
    <write><data>\x23\xd4\xd4\xd2\x26\x09\xd3\x7f2\x26\xfe\x11\x86\xa0\xbe\x3b\x23\x5cB\xa7\xbe\xe9\x93fB\x7e\xfef\x12\xde\xfel\xe6\xfe\xfe</data></write>
    <read><delim>\x05</delim><match><data>z\x7f</data></match></read>
    <read><length>2</length><match><data>\x10K</data></match></read>
    <!-- LIST\x5fFREE\x5fSUPPORT\x7c\x7c -->
    <write><data>\x89\x09\x86\x26\xd2\x40\x7e22\xd2\x86\x12\xde\xdez\x7e\x26\xfe\xfe</data></write>
    <read><delim>\x05</delim><match><data>z\x7f</data></match></read>
    <read><length>2</length><match><data>\x10K</data></match></read>
    <!-- LIST\x5fFREE\x5fSUPPORT\x7c\x7c -->
    <write><data>\x89\x09\x86\x26\xd2\x40\x7e22\xd2\x86\x12\xde\xdez\x7e\x26\xfe\xfe</data></write>
    <read><length>11</length><match><data>\x02\x05\xe8\x5d\x11\xbe\x05l\x05\xfb\x05</data></match></read>
    <read><delim>\x05</delim><match><data>z\x7f</data></match></read>
    <read><length>2</length><match><data>\x10K</data></match></read>
    <!-- VIEW\x7c\x7c -->
    <write><data>f\x092\x3b\xfe\xfe</data></write>
    <read><length>30</length><match><data>\xb0\x05\xce\x89\xa0\xbbP\xd4B\x05\x5dz\xf4\x7eX\x86\x09\xde\xcd\x05\xe6\x05\xb0\x05\xe6\x02\x05\xc6l\x05</data></match></read>
    <read><delim>\x05</delim><match><data>z\x7f</data></match></read>
    <read><length>2</length><match><data>\x10K</data></match></read>
    <!-- ADD\x5fTICKET\x7caBxtLxUnLMYznDR\x7ccYJvLCYJTxxYX\x7c05\x7c\x7c -->
    <write><data>\x23\xd4\xd4\xd2\x26\x09\xd3\x7f2\x26\xfe\x1aF\xfc\xbb\x89\xfc\x12\x11\x89X\xc0\x9b\x11\xd4\x7e\xfe\x92\xc0\x18\x0a\x89\xd3\xc0\x18\x26\xfc\xfc\xc0\x5c\xfel\xb0\xfe\xfe</data></write>
    <read><delim>\x05</delim><match><data>z\x7f</data></match></read>
    <read><length>2</length><match><data>\x10K</data></match></read>
    <!-- VIEW\x7c01\x7c\x7c -->
    <write><data>f\x092\x3b\xfel\x8e\xfe\xfe</data></write>
    <read><delim>\x05</delim><match><data>z\x7f</data></match></read>
    <read><length>2</length><match><data>\x10K</data></match></read>
    <!-- LIST\x5fSUPPORT\x7c\x7c -->
    <write><data>\x89\x09\x86\x26\xd2\x86\x12\xde\xdez\x7e\x26\xfe\xfe</data></write>
    <read><length>30</length><match><data>\xe6\x05\xe8\x5d\x11\xbe\x05l\x05\xb0\x05\xfb\x05\xd6\x05l\x05\xb0\x05\x02\x05\xe8\x5d\x11\xbe\x05l\x05\xfb\x05</data></match></read>
    <read><delim>\x05</delim><match><data>z\x7f</data></match></read>
    <read><length>2</length><match><data>\x10K</data></match></read>
    <!-- VIEW\x7c\x7c -->
    <write><data>f\x092\x3b\xfe\xfe</data></write>
    <read><length>72</length><match><data>\xd6\x05\x1aF\xfc\xbb\x89\xfc\x12\x11\x89X\xc0\x9b\x11\xd4\x7e\x05\x92\xc0\x18\x0a\x89\xd3\xc0\x18\x26\xfc\xfc\xc0\x5c\x05\x8e\x05\xb0\x05\xfb\x02\x05\xcb\xcb\x05\xb0\x05\xce\x89\xa0\xbbP\xd4B\x05\x5dz\xf4\x7eX\x86\x09\xde\xcd\x05\x8e\x05\xb0\x05\xe6\x02\x05\xd6\xc6\x05</data></match></read>
    <read><delim>\x05</delim><match><data>z\x7f</data></match></read>
    <read><length>2</length><match><data>\x10K</data></match></read>
    <!-- LIST\x5fSUPPORT\x7c\x7c -->
    <write><data>\x89\x09\x86\x26\xd2\x86\x12\xde\xdez\x7e\x26\xfe\xfe</data></write>
    <read><length>27</length><match><data>\xe6\x05\xd6\x05l\x05\xb0\x05\xfb\x05\xb0\x05l\x05\xb0\x05\x02\x05\xe8\x5d\x11\xbe\x05l\x05\xfb\x05</data></match></read>
    <read><delim>\x05</delim><match><data>z\x7f</data></match></read>
    <read><length>2</length><match><data>\x10K</data></match></read>
    <!-- LIST\x5fSUPPORT\x7c\x7c -->
    <write><data>\x89\x09\x86\x26\xd2\x86\x12\xde\xdez\x7e\x26\xfe\xfe</data></write>
    <read><length>27</length><match><data>\xe6\x05\xd6\x05l\x05\xb0\x05\xfb\x05\xb0\x05l\x05\xb0\x05\x02\x05\xe8\x5d\x11\xbe\x05l\x05\xfb\x05</data></match></read>
    <read><delim>\x05</delim><match><data>z\x7f</data></match></read>
    <read><length>2</length><match><data>\x10K</data></match></read>
    <!-- FIRE\x7c01\x7c\x7c -->
    <write><data>\x40\x09\x7e2\xfel\x8e\xfe\xfe</data></write>
    <read><delim>\x05</delim><match><data>z\x7f</data></match></read>
    <read><length>2</length><match><data>\x10K</data></match></read>
    <!-- LIST\x5fFREE\x5fSUPPORT\x7c\x7c -->
    <write><data>\x89\x09\x86\x26\xd2\x40\x7e22\xd2\x86\x12\xde\xdez\x7e\x26\xfe\xfe</data></write>
    <read><length>11</length><match><data>\x02\x05\xe8\x5d\x11\xbe\x05l\x05\xfb\x05</data></match></read>
    <read><delim>\x05</delim><match><data>z\x7f</data></match></read>
    <read><length>2</length><match><data>\x10K</data></match></read>
    <!-- FIRE\x7c02\x7c\x7c -->
    <write><data>\x40\x09\x7e2\xfel\xe6\xfe\xfe</data></write>
    <read><delim>\x05</delim><match><data>z\x7f</data></match></read>
    <read><length>2</length><match><data>\x10K</data></match></read>
    <!-- HIRE\x7c04\x7c\x7c -->
    <write><data>B\x09\x7e2\xfel\x02\xfe\xfe</data></write>
    <read><delim>\x05</delim><match><data>z\x7f</data></match></read>
    <read><length>2</length><match><data>\x10K</data></match></read>
    <!-- LIST\x5fSUPPORT\x7c\x7c -->
    <write><data>\x89\x09\x86\x26\xd2\x86\x12\xde\xdez\x7e\x26\xfe\xfe</data></write>
    <read><length>41</length><match><data>\xe6\x05\xe8\x5d\x11\xbe\x05l\x05\xb0\x05\xfb\x05\xb0\x05l\x05\xb0\x05\x02\x05\xe8\x5d\x11\xbe\x05l\x05\xfb\x05\xb0\x05\xe8\x5d\x11\xbe\x05l\x05\x02\x05</data></match></read>
    <read><delim>\x05</delim><match><data>z\x7f</data></match></read>
    <read><length>2</length><match><data>\x10K</data></match></read>
    <!-- VSTATUS\x7c04\x7c\x7c -->
    <write><data>f\x86\x26\x23\x26\x12\x86\xfel\x02\xfe\xfe</data></write>
    <read><delim>\x05</delim><match><data>z\x7f</data></match></read>
    <read><length>2</length><match><data>\x10K</data></match></read>
    <!-- LIST\x5fSUPPORT\x7c\x7c -->
    <write><data>\x89\x09\x86\x26\xd2\x86\x12\xde\xdez\x7e\x26\xfe\xfe</data></write>
    <read><length>38</length><match><data>\xe6\x05\xb0\x05l\x05\xb0\x05\xfb\x05\xd6\x05l\x05\xb0\x05\x02\x05\xe8\x5d\x11\xbe\x05l\x05\xfb\x05\xb0\x05\xe8\x5d\x11\xbe\x05l\x05\x02\x05</data></match></read>
    <read><delim>\x05</delim><match><data>z\x7f</data></match></read>
    <read><length>2</length><match><data>\x10K</data></match></read>
    <!-- LIST\x5fSUPPORT\x7c\x7c -->
    <write><data>\x89\x09\x86\x26\xd2\x86\x12\xde\xdez\x7e\x26\xfe\xfe</data></write>
    <read><length>38</length><match><data>\xe6\x05\xb0\x05l\x05\xb0\x05\xfb\x05\xd6\x05l\x05\xb0\x05\x02\x05\xe8\x5d\x11\xbe\x05l\x05\xfb\x05\xb0\x05\xe8\x5d\x11\xbe\x05l\x05\x02\x05</data></match></read>
    <read><delim>\x05</delim><match><data>z\x7f</data></match></read>
    <read><length>2</length><match><data>\x10K</data></match></read>
    <!-- HIRE\x7c00\x7c\x7c -->
    <write><data>B\x09\x7e2\xfell\xfe\xfe</data></write>
    <read><delim>\x05</delim><match><data>z\x7f</data></match></read>
    <read><length>2</length><match><data>\x10K</data></match></read>
    <!-- HIRE\x7c05\x7c\x7c -->
    <write><data>B\x09\x7e2\xfel\xb0\xfe\xfe</data></write>
    <read><delim>\x05</delim><match><data>z\x7f</data></match></read>
    <read><length>2</length><match><data>\x10K</data></match></read>
    <!-- ADD\x5fTICKET\x7cSwhusiW\x7cOQvqvOUWrnyKSol\x7c04\x7c\x7c -->
    <write><data>\x23\xd4\xd4\xd2\x26\x09\xd3\x7f2\x26\xfe\x86\xf4\x8f\x93\xd7\xa9\x3b\xfez\xe9\x0a\xa0\x0az\x12\x3b\x9a\x11\x06\x7f\x86\x5d\xce\xfel\x02\xfe\xfe</data></write>
    <read><delim>\x05</delim><match><data>z\x7f</data></match></read>
    <read><length>2</length><match><data>\x10K</data></match></read>
    <!-- CANCEL\x5fTICKET\x7c18\x7c\x7c -->
    <write><data>\xd3\x23\xe8\xd32\x89\xd2\x26\x09\xd3\x7f2\x26\xfe\x8e\xc6\xfe\xfe</data></write>
    <read><delim>\x05</delim><match><data>z\x7f</data></match></read>
    <read><length>2</length><match><data>\x10K</data></match></read>
    <!-- VIEW\x7c\x7c -->
    <write><data>f\x092\x3b\xfe\xfe</data></write>
    <read><length>108</length><match><data>\xb0\x05\xce\x89\xa0\xbbP\xd4B\x05\x5dz\xf4\x7eX\x86\x09\xde\xcd\x05\xe6\x05\xb0\x05\xe6\x02\x05\xcb\xb0\x05\xd6\x05\x1aF\xfc\xbb\x89\xfc\x12\x11\x89X\xc0\x9b\x11\xd4\x7e\x05\x92\xc0\x18\x0a\x89\xd3\xc0\x18\x26\xfc\xfc\xc0\x5c\x05\xe6\x05\xb0\x05\xfb\x02\x05\xb0\xcb\x05\xc6\x05\x86\xf4\x8f\x93\xd7\xa9\x3b\x05z\xe9\x0a\xa0\x0az\x12\x3b\x9a\x11\x06\x7f\x86\x5d\xce\x05\xe6\x05\x02\x05\xb0\x8e\x05\x02l\x05</data></match></read>
    <read><delim>\x05</delim><match><data>z\x7f</data></match></read>
    <read><length>2</length><match><data>\x10K</data></match></read>
    <!-- VSTATUS\x7c18\x7c\x7c -->
    <write><data>f\x86\x26\x23\x26\x12\x86\xfe\x8e\xc6\xfe\xfe</data></write>
    <read><delim>\x05</delim><match><data>z\x7f</data></match></read>
    <read><length>2</length><match><data>\x10K</data></match></read>
    <!-- QUIT\x7c\x7c -->
    <write><data>\xe9\x12\x09\x26\xfe\xfe</data></write>
    <read><delim>\x05</delim><match><data>\x262\x7eX\x09\xe8\x23\x26\x09\xe8\x16K\x262\x7e\x7e\x09F\x892K\x26\x09\xd3\x7f2\x26K\x26\x7e\x23\xd3\x7f2\x7e</data></match></read>
</replay>
</pov>