<?xml version="1.0" standalone="no" ?>
<!DOCTYPE pov SYSTEM "/usr/share/cgc-docs/replay.dtd">
<pov>
<cbid>service</cbid>
<seed>9ccd08114190ceae96954a11f33db2135a356da1fd0b9801dca7ad767ef6b7956e244d66fa54b7a8cb7531e77fc4b9c9</seed>
<replay>
    <read><delim>\x05</delim><match><data>\x3b\xbe\xce\x92\x5dv\xbeK\xbb\x5dK\xbb\x8f\xbeK\xbb\xbe\x9a\x9a\xa9\xb7\xce\xbeK\xbb\xa9\x92P\xbe\xbbK\xbb\x9a\x1a\x92P\xbe\x9a</data></match></read>
    <read><length>2</length><match><data>\x10K</data></match></read>
    <!-- VSTATUS\x7c00\x7c\x7c -->
    <write><data>f\x86\x26\x23\x26\x12\x86\xfell\xfe\xfe</data></write>
    <read><delim>\x05</delim><match><data>z\x7f</data></match></read>
    <read><length>2</length><match><data>\x10K</data></match></read>
    <!-- HIRE\x7c04\x7c\x7c -->
    <write><data>B\x09\x7e2\xfel\x02\xfe\xfe</data></write>
    <read><delim>\x05</delim><match><data>z\x7f</data></match></read>
    <read><length>2</length><match><data>\x10K</data></match></read>
    <!-- LIST\x5fSUPPORT\x7c\x7c -->
    <write><data>\x89\x09\x86\x26\xd2\x86\x12\xde\xdez\x7e\x26\xfe\xfe</data></write>
    <read><length>33</length><match><data>\x8e\x05\xe8\x5d\x11\xbe\x05l\x05\xfb\x05\xe6\x05\xe8\x5d\x11\xbe\x05l\x05\xb0\x05\xfb\x05\xe8\x5d\x11\xbe\x05l\x05\x02\x05</data></match></read>
    <read><delim>\x05</delim><match><data>z\x7f</data></match></read>
    <read><length>2</length><match><data>\x10K</data></match></read>
    <!-- LIST\x5fSUPPORT\x7c\x7c -->
    <write><data>\x89\x09\x86\x26\xd2\x86\x12\xde\xdez\x7e\x26\xfe\xfe</data></write>
    <read><length>33</length><match><data>\x8e\x05\xe8\x5d\x11\xbe\x05l\x05\xfb\x05\xe6\x05\xe8\x5d\x11\xbe\x05l\x05\xb0\x05\xfb\x05\xe8\x5d\x11\xbe\x05l\x05\x02\x05</data></match></read>
    <read><delim>\x05</delim><match><data>z\x7f</data></match></read>
    <read><length>2</length><match><data>\x10K</data></match></read>
    <!-- CANCEL\x5fTICKET\x7c00\x7c\x7c -->
    <write><data>\xd3\x23\xe8\xd32\x89\xd2\x26\x09\xd3\x7f2\x26\xfell\xfe\xfe</data></write>
    <read><delim>\x05</delim><match><data>z\x7f</data></match></read>
    <read><length>2</length><match><data>\x10K</data></match></read>
    <!-- VIEW\x7c03\x7c\x7c -->
    <write><data>f\x092\x3b\xfel\xfb\xfe\xfe</data></write>
    <read><delim>\x05</delim><match><data>z\x7f</data></match></read>
    <read><length>2</length><match><data>\x10K</data></match></read>
    <!-- ADD\x5fTICKET\x7cElwJlgrjDdwttZ\x7cETIEiVtqZ\x7c01\x7c\x7c -->
    <write><data>\x23\xd4\xd4\xd2\x26\x09\xd3\x7f2\x26\xfe2\xce\xf4\x18\xce\xa7\x9a\xd1\xd4b\xf4\xbb\xbb\xcd\xfe2\x26\x092\xa9f\xbb\xa0\xcd\xfel\x8e\xfe\xfe</data></write>
    <read><delim>\x05</delim><match><data>z\x7f</data></match></read>
    <read><length>2</length><match><data>\x10K</data></match></read>
    <!-- VIEW\x7c\x7c -->
    <write><data>f\x092\x3b\xfe\xfe</data></write>
    <read><length>36</length><match><data>\x8e\x052\xce\xf4\x18\xce\xa7\x9a\xd1\xd4b\xf4\xbb\xbb\xcd\x052\x26\x092\xa9f\xbb\xa0\xcd\x05\xe6\x05\x8e\x05\xc6\x05\x02\xd6\x05</data></match></read>
    <read><delim>\x05</delim><match><data>z\x7f</data></match></read>
    <read><length>2</length><match><data>\x10K</data></match></read>
    <!-- FIRE\x7c02\x7c\x7c -->
    <write><data>\x40\x09\x7e2\xfel\xe6\xfe\xfe</data></write>
    <read><delim>\x05</delim><match><data>z\x7f</data></match></read>
    <read><length>2</length><match><data>\x10K</data></match></read>
    <!-- FIRE\x7c00\x7c\x7c -->
    <write><data>\x40\x09\x7e2\xfell\xfe\xfe</data></write>
    <read><delim>\x05</delim><match><data>z\x7f</data></match></read>
    <read><length>2</length><match><data>\x10K</data></match></read>
    <!-- HIRE\x7c05\x7c\x7c -->
    <write><data>B\x09\x7e2\xfel\xb0\xfe\xfe</data></write>
    <read><delim>\x05</delim><match><data>z\x7f</data></match></read>
    <read><length>2</length><match><data>\x10K</data></match></read>
    <!-- VSTATUS\x7c04\x7c\x7c -->
    <write><data>f\x86\x26\x23\x26\x12\x86\xfel\x02\xfe\xfe</data></write>
    <read><delim>\x05</delim><match><data>z\x7f</data></match></read>
    <read><length>2</length><match><data>\x10K</data></match></read>
    <!-- LIST\x5fSUPPORT\x7c\x7c -->
    <write><data>\x89\x09\x86\x26\xd2\x86\x12\xde\xdez\x7e\x26\xfe\xfe</data></write>
    <read><length>44</length><match><data>\x8e\x05\xe8\x5d\x11\xbe\x05l\x05\xfb\x05\xe6\x05\xe8\x5d\x11\xbe\x05l\x05\xb0\x05\xfb\x05\xe8\x5d\x11\xbe\x05l\x05\x02\x05\x02\x05\xe8\x5d\x11\xbe\x05l\x05\xb0\x05</data></match></read>
    <read><delim>\x05</delim><match><data>z\x7f</data></match></read>
    <read><length>2</length><match><data>\x10K</data></match></read>
    <!-- FIRE\x7c05\x7c\x7c -->
    <write><data>\x40\x09\x7e2\xfel\xb0\xfe\xfe</data></write>
    <read><delim>\x05</delim><match><data>z\x7f</data></match></read>
    <read><length>2</length><match><data>\x10K</data></match></read>
    <!-- VSTATUS\x7c04\x7c\x7c -->
    <write><data>f\x86\x26\x23\x26\x12\x86\xfel\x02\xfe\xfe</data></write>
    <read><delim>\x05</delim><match><data>z\x7f</data></match></read>
    <read><length>2</length><match><data>\x10K</data></match></read>
    <!-- ADD\x5fTICKET\x7cjVgyDpUgPuAPyrX\x7cZPkt\x7c05\x7c\x7c -->
    <write><data>\x23\xd4\xd4\xd2\x26\x09\xd3\x7f2\x26\xfe\xd1f\xa7\x06\xd4W\x12\xa7\xde\x93\x23\xde\x06\x9a\x5c\xfe\xcd\xdeP\xbb\xfel\xb0\xfe\xfe</data></write>
    <read><delim>\x05</delim><match><data>z\x7f</data></match></read>
    <read><length>2</length><match><data>\x10K</data></match></read>
    <!-- FIRE\x7c00\x7c\x7c -->
    <write><data>\x40\x09\x7e2\xfell\xfe\xfe</data></write>
    <read><delim>\x05</delim><match><data>z\x7f</data></match></read>
    <read><length>2</length><match><data>\x10K</data></match></read>
    <!-- VIEW\x7c02\x7c\x7c -->
    <write><data>f\x092\x3b\xfel\xe6\xfe\xfe</data></write>
    <read><length>33</length><match><data>\xe6\x05\xd1f\xa7\x06\xd4W\x12\xa7\xde\x93\x23\xde\x06\x9a\x5c\x05\xcd\xdeP\xbb\x05\xe6\x05\xb0\x05\x8e\xc6\x05\xcb\xcb\x05</data></match></read>
    <read><delim>\x05</delim><match><data>z\x7f</data></match></read>
    <read><length>2</length><match><data>\x10K</data></match></read>
    <!-- FIRE\x7c01\x7c\x7c -->
    <write><data>\x40\x09\x7e2\xfel\x8e\xfe\xfe</data></write>
    <read><delim>\x05</delim><match><data>z\x7f</data></match></read>
    <read><length>2</length><match><data>\x10K</data></match></read>
    <!-- VIEW\x7c02\x7c\x7c -->
    <write><data>f\x092\x3b\xfel\xe6\xfe\xfe</data></write>
    <read><delim>\x05</delim><match><data>z\x7f</data></match></read>
    <read><length>2</length><match><data>\x10K</data></match></read>
    <!-- HIRE\x7c00\x7c\x7c -->
    <write><data>B\x09\x7e2\xfell\xfe\xfe</data></write>
    <read><delim>\x05</delim><match><data>z\x7f</data></match></read>
    <read><length>2</length><match><data>\x10K</data></match></read>
    <!-- FIRE\x7c04\x7c\x7c -->
    <write><data>\x40\x09\x7e2\xfel\x02\xfe\xfe</data></write>
    <read><delim>\x05</delim><match><data>z\x7f</data></match></read>
    <read><length>2</length><match><data>\x10K</data></match></read>
    <!-- VSTATUS\x7c06\x7c\x7c -->
    <write><data>f\x86\x26\x23\x26\x12\x86\xfel\xcb\xfe\xfe</data></write>
    <read><delim>\x05</delim><match><data>z\x7f</data></match></read>
    <read><length>2</length><match><data>\x10K</data></match></read>
    <!-- ADD\x5fTICKET\x7cmh\x7cUJeVlKd\x7c04\x7c\x7c -->
    <write><data>\x23\xd4\xd4\xd2\x26\x09\xd3\x7f2\x26\xfev\x8f\xfe\x12\x18\xbef\xce\x7fb\xfel\x02\xfe\xfe</data></write>
    <read><delim>\x05</delim><match><data>z\x7f</data></match></read>
    <read><length>2</length><match><data>\x10K</data></match></read>
    <!-- HIRE\x7c01\x7c\x7c -->
    <write><data>B\x09\x7e2\xfel\x8e\xfe\xfe</data></write>
    <read><delim>\x05</delim><match><data>z\x7f</data></match></read>
    <read><length>2</length><match><data>\x10K</data></match></read>
    <!-- VSTATUS\x7c08\x7c\x7c -->
    <write><data>f\x86\x26\x23\x26\x12\x86\xfel\xc6\xfe\xfe</data></write>
    <read><delim>\x05</delim><match><data>z\x7f</data></match></read>
    <read><length>2</length><match><data>\x10K</data></match></read>
    <!-- CANCEL\x5fTICKET\x7c03\x7c\x7c -->
    <write><data>\xd3\x23\xe8\xd32\x89\xd2\x26\x09\xd3\x7f2\x26\xfel\xfb\xfe\xfe</data></write>
    <read><delim>\x05</delim><match><data>z\x7f</data></match></read>
    <read><length>2</length><match><data>\x10K</data></match></read>
    <!-- VSTATUS\x7c08\x7c\x7c -->
    <write><data>f\x86\x26\x23\x26\x12\x86\xfel\xc6\xfe\xfe</data></write>
    <read><delim>\x05</delim><match><data>z\x7f</data></match></read>
    <read><length>2</length><match><data>\x10K</data></match></read>
    <!-- LIST\x5fFREE\x5fSUPPORT\x7c\x7c -->
    <write><data>\x89\x09\x86\x26\xd2\x40\x7e22\xd2\x86\x12\xde\xdez\x7e\x26\xfe\xfe</data></write>
    <read><length>33</length><match><data>\x8e\x05\xe8\x5d\x11\xbe\x05l\x05\xfb\x05\x02\x05\xe8\x5d\x11\xbe\x05l\x05\xb0\x05\xb0\x05\xe8\x5d\x11\xbe\x05l\x05\x8e\x05</data></match></read>
    <read><delim>\x05</delim><match><data>z\x7f</data></match></read>
    <read><length>2</length><match><data>\x10K</data></match></read>
    <!-- VIEW\x7c\x7c -->
    <write><data>f\x092\x3b\xfe\xfe</data></write>
    <read><length>33</length><match><data>\xe6\x05\xd1f\xa7\x06\xd4W\x12\xa7\xde\x93\x23\xde\x06\x9a\x5c\x05\xcd\xdeP\xbb\x05\x8e\x05\xb0\x05\x8e\xc6\x05\xcb\xb0\x05</data></match></read>
    <read><delim>\x05</delim><match><data>z\x7f</data></match></read>
    <read><length>2</length><match><data>\x10K</data></match></read>
    <!-- LIST\x5fFREE\x5fSUPPORT\x7c\x7c -->
    <write><data>\x89\x09\x86\x26\xd2\x40\x7e22\xd2\x86\x12\xde\xdez\x7e\x26\xfe\xfe</data></write>
    <read><length>33</length><match><data>\x8e\x05\xe8\x5d\x11\xbe\x05l\x05\xfb\x05\x02\x05\xe8\x5d\x11\xbe\x05l\x05\xb0\x05\xb0\x05\xe8\x5d\x11\xbe\x05l\x05\x8e\x05</data></match></read>
    <read><delim>\x05</delim><match><data>z\x7f</data></match></read>
    <read><length>2</length><match><data>\x10K</data></match></read>
    <!-- FIRE\x7c01\x7c\x7c -->
    <write><data>\x40\x09\x7e2\xfel\x8e\xfe\xfe</data></write>
    <read><delim>\x05</delim><match><data>z\x7f</data></match></read>
    <read><length>2</length><match><data>\x10K</data></match></read>
    <!-- VIEW\x7c03\x7c\x7c -->
    <write><data>f\x092\x3b\xfel\xfb\xfe\xfe</data></write>
    <read><delim>\x05</delim><match><data>z\x7f</data></match></read>
    <read><length>2</length><match><data>\x10K</data></match></read>
    <!-- VIEW\x7c\x7c -->
    <write><data>f\x092\x3b\xfe\xfe</data></write>
    <read><length>33</length><match><data>\xe6\x05\xd1f\xa7\x06\xd4W\x12\xa7\xde\x93\x23\xde\x06\x9a\x5c\x05\xcd\xdeP\xbb\x05\x8e\x05\xb0\x05\x8e\xc6\x05\xcb\xb0\x05</data></match></read>
    <read><delim>\x05</delim><match><data>z\x7f</data></match></read>
    <read><length>2</length><match><data>\x10K</data></match></read>
    <!-- HIRE\x7c02\x7c\x7c -->
    <write><data>B\x09\x7e2\xfel\xe6\xfe\xfe</data></write>
    <read><delim>\x05</delim><match><data>z\x7f</data></match></read>
    <read><length>2</length><match><data>\x10K</data></match></read>
    <!-- VIEW\x7c\x7c -->
    <write><data>f\x092\x3b\xfe\xfe</data></write>
    <read><length>33</length><match><data>\xe6\x05\xd1f\xa7\x06\xd4W\x12\xa7\xde\x93\x23\xde\x06\x9a\x5c\x05\xcd\xdeP\xbb\x05\x8e\x05\xb0\x05\x8e\xc6\x05\xcb\xb0\x05</data></match></read>
    <read><delim>\x05</delim><match><data>z\x7f</data></match></read>
    <read><length>2</length><match><data>\x10K</data></match></read>
    <!-- HIRE\x7c02\x7c\x7c -->
    <write><data>B\x09\x7e2\xfel\xe6\xfe\xfe</data></write>
    <read><delim>\x05</delim><match><data>z\x7f</data></match></read>
    <read><length>2</length><match><data>\x10K</data></match></read>
    <!-- HIRE\x7c04\x7c\x7c -->
    <write><data>B\x09\x7e2\xfel\x02\xfe\xfe</data></write>
    <read><delim>\x05</delim><match><data>z\x7f</data></match></read>
    <read><length>2</length><match><data>\x10K</data></match></read>
    <!-- ADD\x5fTICKET\x7cuTaTlzN\x7cctxqgbVZSWYlOo\x7c04\x7c\x7c -->
    <write><data>\x23\xd4\xd4\xd2\x26\x09\xd3\x7f2\x26\xfe\x93\x26\x1a\x26\xce\x9b\xe8\xfe\x92\xbb\xfc\xa0\xa7\xb7f\xcd\x86\x3b\xc0\xcez\x5d\xfel\x02\xfe\xfe</data></write>
    <read><delim>\x05</delim><match><data>z\x7f</data></match></read>
    <read><length>2</length><match><data>\x10K</data></match></read>
    <!-- VSTATUS\x7c10\x7c\x7c -->
    <write><data>f\x86\x26\x23\x26\x12\x86\xfe\x8el\xfe\xfe</data></write>
    <read><delim>\x05</delim><match><data>z\x7f</data></match></read>
    <read><length>2</length><match><data>\x10K</data></match></read>
    <!-- HIRE\x7c05\x7c\x7c -->
    <write><data>B\x09\x7e2\xfel\xb0\xfe\xfe</data></write>
    <read><delim>\x05</delim><match><data>z\x7f</data></match></read>
    <read><length>2</length><match><data>\x10K</data></match></read>
    <!-- HIRE\x7c05\x7c\x7c -->
    <write><data>B\x09\x7e2\xfel\xb0\xfe\xfe</data></write>
    <read><delim>\x05</delim><match><data>z\x7f</data></match></read>
    <read><length>2</length><match><data>\x10K</data></match></read>
    <!-- LIST\x5fSUPPORT\x7c\x7c -->
    <write><data>\x89\x09\x86\x26\xd2\x86\x12\xde\xdez\x7e\x26\xfe\xfe</data></write>
    <read><length>72</length><match><data>\x8e\x05\xe8\x5d\x11\xbe\x05l\x05\xfb\x05\x02\x05\xe8\x5d\x11\xbe\x05l\x05\xb0\x05\xcb\x05\xe8\x5d\x11\xbe\x05l\x05\xe6\x05\xd6\x05\xe8\x5d\x11\xbe\x05l\x05\xe6\x05\xc6\x05\x02\x05l\x05\x02\x05N\x05\xe6\x05l\x05\xb0\x05\x8el\x05\xe8\x5d\x11\xbe\x05l\x05\xb0\x05</data></match></read>
    <read><delim>\x05</delim><match><data>z\x7f</data></match></read>
    <read><length>2</length><match><data>\x10K</data></match></read>
    <!-- FIRE\x7c02\x7c\x7c -->
    <write><data>\x40\x09\x7e2\xfel\xe6\xfe\xfe</data></write>
    <read><delim>\x05</delim><match><data>z\x7f</data></match></read>
    <read><length>2</length><match><data>\x10K</data></match></read>
    <!-- HIRE\x7c04\x7c\x7c -->
    <write><data>B\x09\x7e2\xfel\x02\xfe\xfe</data></write>
    <read><delim>\x05</delim><match><data>z\x7f</data></match></read>
    <read><length>2</length><match><data>\x10K</data></match></read>
    <!-- HIRE\x7c02\x7c\x7c -->
    <write><data>B\x09\x7e2\xfel\xe6\xfe\xfe</data></write>
    <read><delim>\x05</delim><match><data>z\x7f</data></match></read>
    <read><length>2</length><match><data>\x10K</data></match></read>
    <!-- HIRE\x7c00\x7c\x7c -->
    <write><data>B\x09\x7e2\xfell\xfe\xfe</data></write>
    <read><delim>\x05</delim><match><data>z\x7f</data></match></read>
    <read><length>2</length><match><data>\x10K</data></match></read>
    <!-- LIST\x5fFREE\x5fSUPPORT\x7c\x7c -->
    <write><data>\x89\x09\x86\x26\xd2\x40\x7e22\xd2\x86\x12\xde\xdez\x7e\x26\xfe\xfe</data></write>
    <read><length>69</length><match><data>\x8e\x05\xe8\x5d\x11\xbe\x05l\x05\xfb\x05\x02\x05\xe8\x5d\x11\xbe\x05l\x05\xb0\x05\xd6\x05\xe8\x5d\x11\xbe\x05l\x05\xe6\x05\x8el\x05\xe8\x5d\x11\xbe\x05l\x05\xb0\x05\x8e\x8e\x05\xe8\x5d\x11\xbe\x05l\x05\x02\x05\x8e\xe6\x05\xe8\x5d\x11\xbe\x05l\x05\xe6\x05</data></match></read>
    <read><delim>\x05</delim><match><data>z\x7f</data></match></read>
    <read><length>2</length><match><data>\x10K</data></match></read>
    <!-- VSTATUS\x7c10\x7c\x7c -->
    <write><data>f\x86\x26\x23\x26\x12\x86\xfe\x8el\xfe\xfe</data></write>
    <read><delim>\x05</delim><match><data>z\x7f</data></match></read>
    <read><length>2</length><match><data>\x10K</data></match></read>
    <!-- QUIT\x7c\x7c -->
    <write><data>\xe9\x12\x09\x26\xfe\xfe</data></write>
    <read><delim>\x05</delim><match><data>\x262\x7eX\x09\xe8\x23\x26\x09\xe8\x16K\x262\x7e\x7e\x09F\x892K\x26\x09\xd3\x7f2\x26K\x26\x7e\x23\xd3\x7f2\x7e</data></match></read>
</replay>
</pov>