<?xml version="1.0" standalone="no" ?>
<!DOCTYPE pov SYSTEM "/usr/share/cgc-docs/replay.dtd">
<pov>
<cbid>service</cbid>
<seed>67468ac1b5d847ded3c04c9459c8ec1642e76269d6725c5bb68d083b04b9448479e1d967490160ca4fef5ae0622b3892</seed>
<replay>
    <read><delim>\x05</delim><match><data>\x3b\xbe\xce\x92\x5dv\xbeK\xbb\x5dK\xbb\x8f\xbeK\xbb\xbe\x9a\x9a\xa9\xb7\xce\xbeK\xbb\xa9\x92P\xbe\xbbK\xbb\x9a\x1a\x92P\xbe\x9a</data></match></read>
    <read><length>2</length><match><data>\x10K</data></match></read>
    <!-- ADD\x5fTICKET\x7cZrJTesp\x7cCoSwF\x7c03\x7c\x7c -->
    <write><data>\x23\xd4\xd4\xd2\x26\x09\xd3\x7f2\x26\xfe\xcd\x9a\x18\x26\xbe\xd7W\xfe\xd3\x5d\x86\xf4\x40\xfel\xfb\xfe\xfe</data></write>
    <read><delim>\x05</delim><match><data>z\x7f</data></match></read>
    <read><length>2</length><match><data>\x10K</data></match></read>
    <!-- LIST\x5fFREE\x5fSUPPORT\x7c\x7c -->
    <write><data>\x89\x09\x86\x26\xd2\x40\x7e22\xd2\x86\x12\xde\xdez\x7e\x26\xfe\xfe</data></write>
    <read><length>11</length><match><data>\xe6\x05\xe8\x5d\x11\xbe\x05l\x05\xb0\x05</data></match></read>
    <read><delim>\x05</delim><match><data>z\x7f</data></match></read>
    <read><length>16</length><match><data>\x26\xa9\x92P\xbe\xbbK\x40\xa9\x11\xa9\xd7\x8f\xbeb\x05</data></match></read>
    <read><length>2</length><match><data>\x8e\x05</data></match></read>
    <read><length>5</length><match><data>\xd3\x5d\x86\xf4\x40</data></match></read>
    <read><length>2</length><match><data>\x10K</data></match></read>
    <!-- LIST\x5fFREE\x5fSUPPORT\x7c\x7c -->
    <write><data>\x89\x09\x86\x26\xd2\x40\x7e22\xd2\x86\x12\xde\xdez\x7e\x26\xfe\xfe</data></write>
    <read><length>22</length><match><data>\x8e\x05\xe8\x5d\x11\xbe\x05l\x05\xfb\x05\xe6\x05\xe8\x5d\x11\xbe\x05l\x05\xb0\x05</data></match></read>
    <read><delim>\x05</delim><match><data>z\x7f</data></match></read>
    <read><length>2</length><match><data>\x10K</data></match></read>
    <!-- ADD\x5fTICKET\x7cFxLmLjrst\x7cKglsasQWko\x7c02\x7c\x7c -->
    <write><data>\x23\xd4\xd4\xd2\x26\x09\xd3\x7f2\x26\xfe\x40\xfc\x89v\x89\xd1\x9a\xd7\xbb\xfe\x7f\xa7\xce\xd7\x1a\xd7\xe9\x3bP\x5d\xfel\xe6\xfe\xfe</data></write>
    <read><delim>\x05</delim><match><data>z\x7f</data></match></read>
    <read><length>2</length><match><data>\x10K</data></match></read>
    <!-- HIRE\x7c05\x7c\x7c -->
    <write><data>B\x09\x7e2\xfel\xb0\xfe\xfe</data></write>
    <read><delim>\x05</delim><match><data>z\x7f</data></match></read>
    <read><length>2</length><match><data>\x10K</data></match></read>
    <!-- VIEW\x7c02\x7c\x7c -->
    <write><data>f\x092\x3b\xfel\xe6\xfe\xfe</data></write>
    <read><length>32</length><match><data>\xe6\x05\x40\xfc\x89v\x89\xd1\x9a\xd7\xbb\x05\x7f\xa7\xce\xd7\x1a\xd7\xe9\x3bP\x5d\x05\xe6\x05\xe6\x05\xcb\x05\x8e\x8e\x05</data></match></read>
    <read><delim>\x05</delim><match><data>z\x7f</data></match></read>
    <read><length>2</length><match><data>\x10K</data></match></read>
    <!-- VSTATUS\x7c02\x7c\x7c -->
    <write><data>f\x86\x26\x23\x26\x12\x86\xfel\xe6\xfe\xfe</data></write>
    <read><length>32</length><match><data>\xe6\x05\x40\xfc\x89v\x89\xd1\x9a\xd7\xbb\x05\x7f\xa7\xce\xd7\x1a\xd7\xe9\x3bP\x5d\x05\xe6\x05\xe6\x05\xcb\x05\x8el\x05</data></match></read>
    <read><delim>\x05</delim><match><data>z\x7f</data></match></read>
    <read><length>2</length><match><data>\x10K</data></match></read>
    <!-- VSTATUS\x7c00\x7c\x7c -->
    <write><data>f\x86\x26\x23\x26\x12\x86\xfell\xfe\xfe</data></write>
    <read><delim>\x05</delim><match><data>z\x7f</data></match></read>
    <read><length>2</length><match><data>\x10K</data></match></read>
    <!-- HIRE\x7c03\x7c\x7c -->
    <write><data>B\x09\x7e2\xfel\xfb\xfe\xfe</data></write>
    <read><delim>\x05</delim><match><data>z\x7f</data></match></read>
    <read><length>2</length><match><data>\x10K</data></match></read>
    <!-- CANCEL\x5fTICKET\x7c06\x7c\x7c -->
    <write><data>\xd3\x23\xe8\xd32\x89\xd2\x26\x09\xd3\x7f2\x26\xfel\xcb\xfe\xfe</data></write>
    <read><delim>\x05</delim><match><data>z\x7f</data></match></read>
    <read><length>2</length><match><data>\x10K</data></match></read>
    <!-- LIST\x5fSUPPORT\x7c\x7c -->
    <write><data>\x89\x09\x86\x26\xd2\x86\x12\xde\xdez\x7e\x26\xfe\xfe</data></write>
    <read><length>44</length><match><data>\x8e\x05\xe8\x5d\x11\xbe\x05l\x05\xfb\x05\xe6\x05\xe8\x5d\x11\xbe\x05l\x05\xb0\x05\xfb\x05\xe8\x5d\x11\xbe\x05l\x05\xb0\x05\x02\x05\xe8\x5d\x11\xbe\x05l\x05\xfb\x05</data></match></read>
    <read><delim>\x05</delim><match><data>z\x7f</data></match></read>
    <read><length>2</length><match><data>\x10K</data></match></read>
    <!-- HIRE\x7c04\x7c\x7c -->
    <write><data>B\x09\x7e2\xfel\x02\xfe\xfe</data></write>
    <read><delim>\x05</delim><match><data>z\x7f</data></match></read>
    <read><length>2</length><match><data>\x10K</data></match></read>
    <!-- VIEW\x7c\x7c -->
    <write><data>f\x092\x3b\xfe\xfe</data></write>
    <read><delim>\x05</delim><match><data>z\x7f</data></match></read>
    <read><length>2</length><match><data>\x10K</data></match></read>
    <!-- VIEW\x7c01\x7c\x7c -->
    <write><data>f\x092\x3b\xfel\x8e\xfe\xfe</data></write>
    <read><delim>\x05</delim><match><data>z\x7f</data></match></read>
    <read><length>2</length><match><data>\x10K</data></match></read>
    <!-- LIST\x5fSUPPORT\x7c\x7c -->
    <write><data>\x89\x09\x86\x26\xd2\x86\x12\xde\xdez\x7e\x26\xfe\xfe</data></write>
    <read><length>55</length><match><data>\x8e\x05\xe8\x5d\x11\xbe\x05l\x05\xfb\x05\xe6\x05\xe8\x5d\x11\xbe\x05l\x05\xb0\x05\xfb\x05\xe8\x5d\x11\xbe\x05l\x05\xb0\x05\x02\x05\xe8\x5d\x11\xbe\x05l\x05\xfb\x05\xb0\x05\xe8\x5d\x11\xbe\x05l\x05\x02\x05</data></match></read>
    <read><delim>\x05</delim><match><data>z\x7f</data></match></read>
    <read><length>2</length><match><data>\x10K</data></match></read>
    <!-- CANCEL\x5fTICKET\x7c00\x7c\x7c -->
    <write><data>\xd3\x23\xe8\xd32\x89\xd2\x26\x09\xd3\x7f2\x26\xfell\xfe\xfe</data></write>
    <read><delim>\x05</delim><match><data>z\x7f</data></match></read>
    <read><length>2</length><match><data>\x10K</data></match></read>
    <!-- CANCEL\x5fTICKET\x7c06\x7c\x7c -->
    <write><data>\xd3\x23\xe8\xd32\x89\xd2\x26\x09\xd3\x7f2\x26\xfel\xcb\xfe\xfe</data></write>
    <read><delim>\x05</delim><match><data>z\x7f</data></match></read>
    <read><length>2</length><match><data>\x10K</data></match></read>
    <!-- LIST\x5fFREE\x5fSUPPORT\x7c\x7c -->
    <write><data>\x89\x09\x86\x26\xd2\x40\x7e22\xd2\x86\x12\xde\xdez\x7e\x26\xfe\xfe</data></write>
    <read><length>55</length><match><data>\x8e\x05\xe8\x5d\x11\xbe\x05l\x05\xfb\x05\xe6\x05\xe8\x5d\x11\xbe\x05l\x05\xb0\x05\xfb\x05\xe8\x5d\x11\xbe\x05l\x05\xb0\x05\x02\x05\xe8\x5d\x11\xbe\x05l\x05\xfb\x05\xb0\x05\xe8\x5d\x11\xbe\x05l\x05\x02\x05</data></match></read>
    <read><delim>\x05</delim><match><data>z\x7f</data></match></read>
    <read><length>2</length><match><data>\x10K</data></match></read>
    <!-- FIRE\x7c05\x7c\x7c -->
    <write><data>\x40\x09\x7e2\xfel\xb0\xfe\xfe</data></write>
    <read><delim>\x05</delim><match><data>z\x7f</data></match></read>
    <read><length>2</length><match><data>\x10K</data></match></read>
    <!-- VIEW\x7c\x7c -->
    <write><data>f\x092\x3b\xfe\xfe</data></write>
    <read><delim>\x05</delim><match><data>z\x7f</data></match></read>
    <read><length>2</length><match><data>\x10K</data></match></read>
    <!-- FIRE\x7c02\x7c\x7c -->
    <write><data>\x40\x09\x7e2\xfel\xe6\xfe\xfe</data></write>
    <read><delim>\x05</delim><match><data>z\x7f</data></match></read>
    <read><length>2</length><match><data>\x10K</data></match></read>
    <!-- FIRE\x7c05\x7c\x7c -->
    <write><data>\x40\x09\x7e2\xfel\xb0\xfe\xfe</data></write>
    <read><delim>\x05</delim><match><data>z\x7f</data></match></read>
    <read><length>2</length><match><data>\x10K</data></match></read>
    <!-- FIRE\x7c04\x7c\x7c -->
    <write><data>\x40\x09\x7e2\xfel\x02\xfe\xfe</data></write>
    <read><delim>\x05</delim><match><data>z\x7f</data></match></read>
    <read><length>2</length><match><data>\x10K</data></match></read>
    <!-- HIRE\x7c03\x7c\x7c -->
    <write><data>B\x09\x7e2\xfel\xfb\xfe\xfe</data></write>
    <read><delim>\x05</delim><match><data>z\x7f</data></match></read>
    <read><length>2</length><match><data>\x10K</data></match></read>
    <!-- VIEW\x7c\x7c -->
    <write><data>f\x092\x3b\xfe\xfe</data></write>
    <read><delim>\x05</delim><match><data>z\x7f</data></match></read>
    <read><length>2</length><match><data>\x10K</data></match></read>
    <!-- LIST\x5fFREE\x5fSUPPORT\x7c\x7c -->
    <write><data>\x89\x09\x86\x26\xd2\x40\x7e22\xd2\x86\x12\xde\xdez\x7e\x26\xfe\xfe</data></write>
    <read><length>33</length><match><data>\x8e\x05\xe8\x5d\x11\xbe\x05l\x05\xfb\x05\x02\x05\xe8\x5d\x11\xbe\x05l\x05\xfb\x05\xcb\x05\xe8\x5d\x11\xbe\x05l\x05\xfb\x05</data></match></read>
    <read><delim>\x05</delim><match><data>z\x7f</data></match></read>
    <read><length>2</length><match><data>\x10K</data></match></read>
    <!-- VSTATUS\x7c06\x7c\x7c -->
    <write><data>f\x86\x26\x23\x26\x12\x86\xfel\xcb\xfe\xfe</data></write>
    <read><delim>\x05</delim><match><data>z\x7f</data></match></read>
    <read><length>2</length><match><data>\x10K</data></match></read>
    <!-- FIRE\x7c01\x7c\x7c -->
    <write><data>\x40\x09\x7e2\xfel\x8e\xfe\xfe</data></write>
    <read><delim>\x05</delim><match><data>z\x7f</data></match></read>
    <read><length>2</length><match><data>\x10K</data></match></read>
    <!-- FIRE\x7c05\x7c\x7c -->
    <write><data>\x40\x09\x7e2\xfel\xb0\xfe\xfe</data></write>
    <read><delim>\x05</delim><match><data>z\x7f</data></match></read>
    <read><length>2</length><match><data>\x10K</data></match></read>
    <!-- CANCEL\x5fTICKET\x7c01\x7c\x7c -->
    <write><data>\xd3\x23\xe8\xd32\x89\xd2\x26\x09\xd3\x7f2\x26\xfel\x8e\xfe\xfe</data></write>
    <read><delim>\x05</delim><match><data>z\x7f</data></match></read>
    <read><length>2</length><match><data>\x10K</data></match></read>
    <!-- LIST\x5fSUPPORT\x7c\x7c -->
    <write><data>\x89\x09\x86\x26\xd2\x86\x12\xde\xdez\x7e\x26\xfe\xfe</data></write>
    <read><length>33</length><match><data>\x8e\x05\xe8\x5d\x11\xbe\x05l\x05\xfb\x05\x02\x05\xe8\x5d\x11\xbe\x05l\x05\xfb\x05\xcb\x05\xe8\x5d\x11\xbe\x05l\x05\xfb\x05</data></match></read>
    <read><delim>\x05</delim><match><data>z\x7f</data></match></read>
    <read><length>2</length><match><data>\x10K</data></match></read>
    <!-- FIRE\x7c05\x7c\x7c -->
    <write><data>\x40\x09\x7e2\xfel\xb0\xfe\xfe</data></write>
    <read><delim>\x05</delim><match><data>z\x7f</data></match></read>
    <read><length>2</length><match><data>\x10K</data></match></read>
    <!-- VSTATUS\x7c06\x7c\x7c -->
    <write><data>f\x86\x26\x23\x26\x12\x86\xfel\xcb\xfe\xfe</data></write>
    <read><delim>\x05</delim><match><data>z\x7f</data></match></read>
    <read><length>2</length><match><data>\x10K</data></match></read>
    <!-- VIEW\x7c03\x7c\x7c -->
    <write><data>f\x092\x3b\xfel\xfb\xfe\xfe</data></write>
    <read><delim>\x05</delim><match><data>z\x7f</data></match></read>
    <read><length>2</length><match><data>\x10K</data></match></read>
    <!-- FIRE\x7c03\x7c\x7c -->
    <write><data>\x40\x09\x7e2\xfel\xfb\xfe\xfe</data></write>
    <read><delim>\x05</delim><match><data>z\x7f</data></match></read>
    <read><length>2</length><match><data>\x10K</data></match></read>
    <!-- ADD\x5fTICKET\x7cWXuYR\x7civHESkAWb\x7c02\x7c\x7c -->
    <write><data>\x23\xd4\xd4\xd2\x26\x09\xd3\x7f2\x26\xfe\x3b\x5c\x93\xc0\x7e\xfe\xa9\x0aB2\x86P\x23\x3b\xb7\xfel\xe6\xfe\xfe</data></write>
    <read><delim>\x05</delim><match><data>z\x7f</data></match></read>
    <read><length>2</length><match><data>\x10K</data></match></read>
    <!-- VSTATUS\x7c08\x7c\x7c -->
    <write><data>f\x86\x26\x23\x26\x12\x86\xfel\xc6\xfe\xfe</data></write>
    <read><delim>\x05</delim><match><data>z\x7f</data></match></read>
    <read><length>2</length><match><data>\x10K</data></match></read>
    <!-- LIST\x5fSUPPORT\x7c\x7c -->
    <write><data>\x89\x09\x86\x26\xd2\x86\x12\xde\xdez\x7e\x26\xfe\xfe</data></write>
    <read><length>19</length><match><data>\x02\x05\xfb\x05l\x05\xfb\x05\xcb\x05\xe8\x5d\x11\xbe\x05l\x05\xfb\x05</data></match></read>
    <read><delim>\x05</delim><match><data>z\x7f</data></match></read>
    <read><length>2</length><match><data>\x10K</data></match></read>
    <!-- ADD\x5fTICKET\x7cXVVtgTVg\x7cZa\x7c02\x7c\x7c -->
    <write><data>\x23\xd4\xd4\xd2\x26\x09\xd3\x7f2\x26\xfe\x5cff\xbb\xa7\x26f\xa7\xfe\xcd\x1a\xfel\xe6\xfe\xfe</data></write>
    <read><delim>\x05</delim><match><data>z\x7f</data></match></read>
    <read><length>2</length><match><data>\x10K</data></match></read>
    <!-- HIRE\x7c03\x7c\x7c -->
    <write><data>B\x09\x7e2\xfel\xfb\xfe\xfe</data></write>
    <read><delim>\x05</delim><match><data>z\x7f</data></match></read>
    <read><length>2</length><match><data>\x10K</data></match></read>
    <!-- FIRE\x7c03\x7c\x7c -->
    <write><data>\x40\x09\x7e2\xfel\xfb\xfe\xfe</data></write>
    <read><delim>\x05</delim><match><data>z\x7f</data></match></read>
    <read><length>2</length><match><data>\x10K</data></match></read>
    <!-- VIEW\x7c03\x7c\x7c -->
    <write><data>f\x092\x3b\xfel\xfb\xfe\xfe</data></write>
    <read><delim>\x05</delim><match><data>z\x7f</data></match></read>
    <read><length>2</length><match><data>\x10K</data></match></read>
    <!-- ADD\x5fTICKET\x7cpEjkLCZIgOeX\x7cJCUJrhGpG\x7c04\x7c\x7c -->
    <write><data>\x23\xd4\xd4\xd2\x26\x09\xd3\x7f2\x26\xfeW2\xd1P\x89\xd3\xcd\x09\xa7z\xbe\x5c\xfe\x18\xd3\x12\x18\x9a\x8f\x16W\x16\xfel\x02\xfe\xfe</data></write>
    <read><delim>\x05</delim><match><data>z\x7f</data></match></read>
    <read><length>2</length><match><data>\x10K</data></match></read>
    <!-- CANCEL\x5fTICKET\x7c12\x7c\x7c -->
    <write><data>\xd3\x23\xe8\xd32\x89\xd2\x26\x09\xd3\x7f2\x26\xfe\x8e\xe6\xfe\xfe</data></write>
    <read><delim>\x05</delim><match><data>z\x7f</data></match></read>
    <read><length>2</length><match><data>\x10K</data></match></read>
    <!-- FIRE\x7c03\x7c\x7c -->
    <write><data>\x40\x09\x7e2\xfel\xfb\xfe\xfe</data></write>
    <read><delim>\x05</delim><match><data>z\x7f</data></match></read>
    <read><length>2</length><match><data>\x10K</data></match></read>
    <!-- VIEW\x7c01\x7c\x7c -->
    <write><data>f\x092\x3b\xfel\x8e\xfe\xfe</data></write>
    <read><length>35</length><match><data>\xb0\x05W2\xd1P\x89\xd3\xcd\x09\xa7z\xbe\x5c\x05\x18\xd3\x12\x18\x9a\x8f\x16W\x16\x05\x8e\x05\x02\x05\x02\xc6\x05\x8e\x8e\x05</data></match></read>
    <read><delim>\x05</delim><match><data>z\x7f</data></match></read>
    <read><length>2</length><match><data>\x10K</data></match></read>
    <!-- LIST\x5fSUPPORT\x7c\x7c -->
    <write><data>\x89\x09\x86\x26\xd2\x86\x12\xde\xdez\x7e\x26\xfe\xfe</data></write>
    <read><length>11</length><match><data>\xd6\x05\xe8\x5d\x11\xbe\x05l\x05\xfb\x05</data></match></read>
    <read><delim>\x05</delim><match><data>z\x7f</data></match></read>
    <read><length>2</length><match><data>\x10K</data></match></read>
    <!-- FIRE\x7c04\x7c\x7c -->
    <write><data>\x40\x09\x7e2\xfel\x02\xfe\xfe</data></write>
    <read><delim>\x05</delim><match><data>z\x7f</data></match></read>
    <read><length>2</length><match><data>\x10K</data></match></read>
    <!-- CANCEL\x5fTICKET\x7c12\x7c\x7c -->
    <write><data>\xd3\x23\xe8\xd32\x89\xd2\x26\x09\xd3\x7f2\x26\xfe\x8e\xe6\xfe\xfe</data></write>
    <read><delim>\x05</delim><match><data>z\x7f</data></match></read>
    <read><length>2</length><match><data>\x10K</data></match></read>
    <!-- FIRE\x7c00\x7c\x7c -->
    <write><data>\x40\x09\x7e2\xfell\xfe\xfe</data></write>
    <read><delim>\x05</delim><match><data>z\x7f</data></match></read>
    <read><length>2</length><match><data>\x10K</data></match></read>
    <!-- VIEW\x7c02\x7c\x7c -->
    <write><data>f\x092\x3b\xfel\xe6\xfe\xfe</data></write>
    <read><delim>\x05</delim><match><data>z\x7f</data></match></read>
    <read><length>2</length><match><data>\x10K</data></match></read>
    <!-- LIST\x5fSUPPORT\x7c\x7c -->
    <write><data>\x89\x09\x86\x26\xd2\x86\x12\xde\xdez\x7e\x26\xfe\xfe</data></write>
    <read><length>11</length><match><data>\xd6\x05\xe8\x5d\x11\xbe\x05l\x05\xfb\x05</data></match></read>
    <read><delim>\x05</delim><match><data>z\x7f</data></match></read>
    <read><length>2</length><match><data>\x10K</data></match></read>
    <!-- VIEW\x7c02\x7c\x7c -->
    <write><data>f\x092\x3b\xfel\xe6\xfe\xfe</data></write>
    <read><delim>\x05</delim><match><data>z\x7f</data></match></read>
    <read><length>2</length><match><data>\x10K</data></match></read>
    <!-- FIRE\x7c01\x7c\x7c -->
    <write><data>\x40\x09\x7e2\xfel\x8e\xfe\xfe</data></write>
    <read><delim>\x05</delim><match><data>z\x7f</data></match></read>
    <read><length>2</length><match><data>\x10K</data></match></read>
    <!-- FIRE\x7c05\x7c\x7c -->
    <write><data>\x40\x09\x7e2\xfel\xb0\xfe\xfe</data></write>
    <read><delim>\x05</delim><match><data>z\x7f</data></match></read>
    <read><length>2</length><match><data>\x10K</data></match></read>
    <!-- HIRE\x7c03\x7c\x7c -->
    <write><data>B\x09\x7e2\xfel\xfb\xfe\xfe</data></write>
    <read><delim>\x05</delim><match><data>z\x7f</data></match></read>
    <read><length>2</length><match><data>\x10K</data></match></read>
    <!-- FIRE\x7c03\x7c\x7c -->
    <write><data>\x40\x09\x7e2\xfel\xfb\xfe\xfe</data></write>
    <read><delim>\x05</delim><match><data>z\x7f</data></match></read>
    <read><length>2</length><match><data>\x10K</data></match></read>
    <!-- VIEW\x7c\x7c -->
    <write><data>f\x092\x3b\xfe\xfe</data></write>
    <read><length>63</length><match><data>\xfb\x05\x3b\x5c\x93\xc0\x7e\x05\xa9\x0aB2\x86P\x23\x3b\xb7\x05\x8e\x05\xe6\x05\xfbN\x05\x02\xb0\x05\xb0\x05W2\xd1P\x89\xd3\xcd\x09\xa7z\xbe\x5c\x05\x18\xd3\x12\x18\x9a\x8f\x16W\x16\x05\x8e\x05\x02\x05\x02\xc6\x05\x8e\x8e\x05</data></match></read>
    <read><delim>\x05</delim><match><data>z\x7f</data></match></read>
    <read><length>2</length><match><data>\x10K</data></match></read>
    <!-- VIEW\x7c\x7c -->
    <write><data>f\x092\x3b\xfe\xfe</data></write>
    <read><length>63</length><match><data>\xfb\x05\x3b\x5c\x93\xc0\x7e\x05\xa9\x0aB2\x86P\x23\x3b\xb7\x05\x8e\x05\xe6\x05\xfbN\x05\x02\xb0\x05\xb0\x05W2\xd1P\x89\xd3\xcd\x09\xa7z\xbe\x5c\x05\x18\xd3\x12\x18\x9a\x8f\x16W\x16\x05\x8e\x05\x02\x05\x02\xc6\x05\x8e\x8e\x05</data></match></read>
    <read><delim>\x05</delim><match><data>z\x7f</data></match></read>
    <read><length>2</length><match><data>\x10K</data></match></read>
    <!-- VSTATUS\x7c03\x7c\x7c -->
    <write><data>f\x86\x26\x23\x26\x12\x86\xfel\xfb\xfe\xfe</data></write>
    <read><length>28</length><match><data>\xfb\x05\x3b\x5c\x93\xc0\x7e\x05\xa9\x0aB2\x86P\x23\x3b\xb7\x05\x8e\x05\xe6\x05\xfbN\x05\x02\xb0\x05</data></match></read>
    <read><delim>\x05</delim><match><data>z\x7f</data></match></read>
    <read><length>2</length><match><data>\x10K</data></match></read>
    <!-- VSTATUS\x7c05\x7c\x7c -->
    <write><data>f\x86\x26\x23\x26\x12\x86\xfel\xb0\xfe\xfe</data></write>
    <read><length>35</length><match><data>\xb0\x05W2\xd1P\x89\xd3\xcd\x09\xa7z\xbe\x5c\x05\x18\xd3\x12\x18\x9a\x8f\x16W\x16\x05\x8e\x05\x02\x05\x02\xc6\x05\x8e\x8e\x05</data></match></read>
    <read><delim>\x05</delim><match><data>z\x7f</data></match></read>
    <read><length>2</length><match><data>\x10K</data></match></read>
    <!-- HIRE\x7c04\x7c\x7c -->
    <write><data>B\x09\x7e2\xfel\x02\xfe\xfe</data></write>
    <read><delim>\x05</delim><match><data>z\x7f</data></match></read>
    <read><length>2</length><match><data>\x10K</data></match></read>
    <!-- ADD\x5fTICKET\x7cHngaHeG\x7cFeq\x7c05\x7c\x7c -->
    <write><data>\x23\xd4\xd4\xd2\x26\x09\xd3\x7f2\x26\xfeB\x11\xa7\x1aB\xbe\x16\xfe\x40\xbe\xa0\xfel\xb0\xfe\xfe</data></write>
    <read><delim>\x05</delim><match><data>z\x7f</data></match></read>
    <read><length>2</length><match><data>\x10K</data></match></read>
    <!-- VSTATUS\x7c06\x7c\x7c -->
    <write><data>f\x86\x26\x23\x26\x12\x86\xfel\xcb\xfe\xfe</data></write>
    <read><length>24</length><match><data>\xcb\x05B\x11\xa7\x1aB\xbe\x16\x05\x40\xbe\xa0\x05\x8e\x05\xb0\x05\xcbN\x05\x8e\x02\x05</data></match></read>
    <read><delim>\x05</delim><match><data>z\x7f</data></match></read>
    <read><length>2</length><match><data>\x10K</data></match></read>
    <!-- VIEW\x7c04\x7c\x7c -->
    <write><data>f\x092\x3b\xfel\x02\xfe\xfe</data></write>
    <read><delim>\x05</delim><match><data>z\x7f</data></match></read>
    <read><length>2</length><match><data>\x10K</data></match></read>
    <!-- FIRE\x7c03\x7c\x7c -->
    <write><data>\x40\x09\x7e2\xfel\xfb\xfe\xfe</data></write>
    <read><delim>\x05</delim><match><data>z\x7f</data></match></read>
    <read><length>2</length><match><data>\x10K</data></match></read>
    <!-- ADD\x5fTICKET\x7cVliYSkB\x7cnzUD\x7c01\x7c\x7c -->
    <write><data>\x23\xd4\xd4\xd2\x26\x09\xd3\x7f2\x26\xfef\xce\xa9\xc0\x86PF\xfe\x11\x9b\x12\xd4\xfel\x8e\xfe\xfe</data></write>
    <read><delim>\x05</delim><match><data>z\x7f</data></match></read>
    <read><length>2</length><match><data>\x10K</data></match></read>
    <!-- LIST\x5fFREE\x5fSUPPORT\x7c\x7c -->
    <write><data>\x89\x09\x86\x26\xd2\x40\x7e22\xd2\x86\x12\xde\xdez\x7e\x26\xfe\xfe</data></write>
    <read><length>11</length><match><data>N\x05\xe8\x5d\x11\xbe\x05l\x05\x02\x05</data></match></read>
    <read><delim>\x05</delim><match><data>z\x7f</data></match></read>
    <read><length>2</length><match><data>\x10K</data></match></read>
    <!-- VSTATUS\x7c07\x7c\x7c -->
    <write><data>f\x86\x26\x23\x26\x12\x86\xfel\xd6\xfe\xfe</data></write>
    <read><length>25</length><match><data>\xd6\x05f\xce\xa9\xc0\x86PF\x05\x11\x9b\x12\xd4\x05\x8e\x05\x8e\x05\xd6\x02\x05\xe6\xfb\x05</data></match></read>
    <read><delim>\x05</delim><match><data>z\x7f</data></match></read>
    <read><length>2</length><match><data>\x10K</data></match></read>
    <!-- VIEW\x7c\x7c -->
    <write><data>f\x092\x3b\xfe\xfe</data></write>
    <read><length>111</length><match><data>\xd6\x05f\xce\xa9\xc0\x86PF\x05\x11\x9b\x12\xd4\x05\x8e\x05\x8e\x05\xd6\x02\x05\xe6\xfb\x05\xfb\x05\x3b\x5c\x93\xc0\x7e\x05\xa9\x0aB2\x86P\x23\x3b\xb7\x05\x8e\x05\xe6\x05\xfbN\x05\x02\xb0\x05\xb0\x05W2\xd1P\x89\xd3\xcd\x09\xa7z\xbe\x5c\x05\x18\xd3\x12\x18\x9a\x8f\x16W\x16\x05\x8e\x05\x02\x05\x02\xc6\x05\xd6\x05\xcb\x05B\x11\xa7\x1aB\xbe\x16\x05\x40\xbe\xa0\x05\x8e\x05\xb0\x05\xcbN\x05\x8e\x02\x05</data></match></read>
    <read><delim>\x05</delim><match><data>z\x7f</data></match></read>
    <read><length>2</length><match><data>\x10K</data></match></read>
    <!-- FIRE\x7c04\x7c\x7c -->
    <write><data>\x40\x09\x7e2\xfel\x02\xfe\xfe</data></write>
    <read><delim>\x05</delim><match><data>z\x7f</data></match></read>
    <read><length>2</length><match><data>\x10K</data></match></read>
    <!-- VSTATUS\x7c16\x7c\x7c -->
    <write><data>f\x86\x26\x23\x26\x12\x86\xfe\x8e\xcb\xfe\xfe</data></write>
    <read><delim>\x05</delim><match><data>z\x7f</data></match></read>
    <read><length>2</length><match><data>\x10K</data></match></read>
    <!-- ADD\x5fTICKET\x7ckUrNRyKiw\x7chBWVWAFOcdFEXpg\x7c04\x7c\x7c -->
    <write><data>\x23\xd4\xd4\xd2\x26\x09\xd3\x7f2\x26\xfeP\x12\x9a\xe8\x7e\x06\x7f\xa9\xf4\xfe\x8fF\x3bf\x3b\x23\x40z\x92b\x402\x5cW\xa7\xfel\x02\xfe\xfe</data></write>
    <read><delim>\x05</delim><match><data>z\x7f</data></match></read>
    <read><length>2</length><match><data>\x10K</data></match></read>
    <!-- FIRE\x7c00\x7c\x7c -->
    <write><data>\x40\x09\x7e2\xfell\xfe\xfe</data></write>
    <read><delim>\x05</delim><match><data>z\x7f</data></match></read>
    <read><length>2</length><match><data>\x10K</data></match></read>
    <!-- CANCEL\x5fTICKET\x7c18\x7c\x7c -->
    <write><data>\xd3\x23\xe8\xd32\x89\xd2\x26\x09\xd3\x7f2\x26\xfe\x8e\xc6\xfe\xfe</data></write>
    <read><delim>\x05</delim><match><data>z\x7f</data></match></read>
    <read><length>2</length><match><data>\x10K</data></match></read>
    <!-- VIEW\x7c\x7c -->
    <write><data>f\x092\x3b\xfe\xfe</data></write>
    <read><length>149</length><match><data>\xd6\x05f\xce\xa9\xc0\x86PF\x05\x11\x9b\x12\xd4\x05\x8e\x05\x8e\x05\xd6\x02\x05\xe6\xfb\x05\xfb\x05\x3b\x5c\x93\xc0\x7e\x05\xa9\x0aB2\x86P\x23\x3b\xb7\x05\x8e\x05\xe6\x05\xfbN\x05\x02\xb0\x05\xb0\x05W2\xd1P\x89\xd3\xcd\x09\xa7z\xbe\x5c\x05\x18\xd3\x12\x18\x9a\x8f\x16W\x16\x05\x8e\x05\x02\x05\x02\xc6\x05\xd6\x05\xc6\x05P\x12\x9a\xe8\x7e\x06\x7f\xa9\xf4\x05\x8fF\x3bf\x3b\x23\x40z\x92b\x402\x5cW\xa7\x05\x8e\x05\x02\x05\xc6\x8e\x05N\xcb\x05\xcb\x05B\x11\xa7\x1aB\xbe\x16\x05\x40\xbe\xa0\x05\x8e\x05\xb0\x05\xcbN\x05\x8e\x02\x05</data></match></read>
    <read><delim>\x05</delim><match><data>z\x7f</data></match></read>
    <read><length>2</length><match><data>\x10K</data></match></read>
    <!-- FIRE\x7c04\x7c\x7c -->
    <write><data>\x40\x09\x7e2\xfel\x02\xfe\xfe</data></write>
    <read><delim>\x05</delim><match><data>z\x7f</data></match></read>
    <read><length>2</length><match><data>\x10K</data></match></read>
    <!-- FIRE\x7c01\x7c\x7c -->
    <write><data>\x40\x09\x7e2\xfel\x8e\xfe\xfe</data></write>
    <read><delim>\x05</delim><match><data>z\x7f</data></match></read>
    <read><length>2</length><match><data>\x10K</data></match></read>
    <!-- ADD\x5fTICKET\x7ctTxrRelgYv\x7cMJEWgeZOJSPX\x7c02\x7c\x7c -->
    <write><data>\x23\xd4\xd4\xd2\x26\x09\xd3\x7f2\x26\xfe\xbb\x26\xfc\x9a\x7e\xbe\xce\xa7\xc0\x0a\xfeX\x182\x3b\xa7\xbe\xcdz\x18\x86\xde\x5c\xfel\xe6\xfe\xfe</data></write>
    <read><delim>\x05</delim><match><data>z\x7f</data></match></read>
    <read><length>2</length><match><data>\x10K</data></match></read>
    <!-- CANCEL\x5fTICKET\x7c20\x7c\x7c -->
    <write><data>\xd3\x23\xe8\xd32\x89\xd2\x26\x09\xd3\x7f2\x26\xfe\xe6l\xfe\xfe</data></write>
    <read><delim>\x05</delim><match><data>z\x7f</data></match></read>
    <read><length>2</length><match><data>\x10K</data></match></read>
    <!-- LIST\x5fSUPPORT\x7c\x7c -->
    <write><data>\x89\x09\x86\x26\xd2\x86\x12\xde\xdez\x7e\x26\xfe\xfe</data></write>
    <read><delim>\x05</delim><match><data>z\x7f</data></match></read>
    <read><length>2</length><match><data>\x10K</data></match></read>
    <!-- VIEW\x7c\x7c -->
    <write><data>f\x092\x3b\xfe\xfe</data></write>
    <read><length>185</length><match><data>\xd6\x05f\xce\xa9\xc0\x86PF\x05\x11\x9b\x12\xd4\x05\x8e\x05\x8e\x05\xd6\x02\x05\xe6\xfb\x05\xfb\x05\x3b\x5c\x93\xc0\x7e\x05\xa9\x0aB2\x86P\x23\x3b\xb7\x05\x8e\x05\xe6\x05\xfbN\x05\x02\xb0\x05N\x05\xbb\x26\xfc\x9a\x7e\xbe\xce\xa7\xc0\x0a\x05X\x182\x3b\xa7\xbe\xcdz\x18\x86\xde\x5c\x05\x8e\x05\xe6\x05\xc6\xc6\x05\xcb\xd6\x05\xb0\x05W2\xd1P\x89\xd3\xcd\x09\xa7z\xbe\x5c\x05\x18\xd3\x12\x18\x9a\x8f\x16W\x16\x05\x8e\x05\x02\x05\x02\xc6\x05\xd6\x05\xc6\x05P\x12\x9a\xe8\x7e\x06\x7f\xa9\xf4\x05\x8fF\x3bf\x3b\x23\x40z\x92b\x402\x5cW\xa7\x05\x8e\x05\x02\x05\xc6\x8e\x05N\xcb\x05\xcb\x05B\x11\xa7\x1aB\xbe\x16\x05\x40\xbe\xa0\x05\x8e\x05\xb0\x05\xcbN\x05\x8e\x02\x05</data></match></read>
    <read><delim>\x05</delim><match><data>z\x7f</data></match></read>
    <read><length>2</length><match><data>\x10K</data></match></read>
    <!-- FIRE\x7c04\x7c\x7c -->
    <write><data>\x40\x09\x7e2\xfel\x02\xfe\xfe</data></write>
    <read><delim>\x05</delim><match><data>z\x7f</data></match></read>
    <read><length>2</length><match><data>\x10K</data></match></read>
    <!-- VIEW\x7c03\x7c\x7c -->
    <write><data>f\x092\x3b\xfel\xfb\xfe\xfe</data></write>
    <read><delim>\x05</delim><match><data>z\x7f</data></match></read>
    <read><length>2</length><match><data>\x10K</data></match></read>
    <!-- ADD\x5fTICKET\x7cdPbfQcttsggKCukL\x7cuQos\x7c03\x7c\x7c -->
    <write><data>\x23\xd4\xd4\xd2\x26\x09\xd3\x7f2\x26\xfeb\xde\xb7\xc2\xe9\x92\xbb\xbb\xd7\xa7\xa7\x7f\xd3\x93P\x89\xfe\x93\xe9\x5d\xd7\xfel\xfb\xfe\xfe</data></write>
    <read><delim>\x05</delim><match><data>z\x7f</data></match></read>
    <read><length>2</length><match><data>\x10K</data></match></read>
    <!-- LIST\x5fSUPPORT\x7c\x7c -->
    <write><data>\x89\x09\x86\x26\xd2\x86\x12\xde\xdez\x7e\x26\xfe\xfe</data></write>
    <read><delim>\x05</delim><match><data>z\x7f</data></match></read>
    <read><length>2</length><match><data>\x10K</data></match></read>
    <!-- HIRE\x7c05\x7c\x7c -->
    <write><data>B\x09\x7e2\xfel\xb0\xfe\xfe</data></write>
    <read><delim>\x05</delim><match><data>z\x7f</data></match></read>
    <read><length>2</length><match><data>\x10K</data></match></read>
    <!-- HIRE\x7c02\x7c\x7c -->
    <write><data>B\x09\x7e2\xfel\xe6\xfe\xfe</data></write>
    <read><delim>\x05</delim><match><data>z\x7f</data></match></read>
    <read><length>2</length><match><data>\x10K</data></match></read>
    <!-- VIEW\x7c04\x7c\x7c -->
    <write><data>f\x092\x3b\xfel\x02\xfe\xfe</data></write>
    <read><delim>\x05</delim><match><data>z\x7f</data></match></read>
    <read><length>2</length><match><data>\x10K</data></match></read>
    <!-- VIEW\x7c\x7c -->
    <write><data>f\x092\x3b\xfe\xfe</data></write>
    <read><length>220</length><match><data>\xd6\x05f\xce\xa9\xc0\x86PF\x05\x11\x9b\x12\xd4\x05\x8e\x05\x8e\x05\xd6\x02\x05\xe6\xfb\x05\xfb\x05\x3b\x5c\x93\xc0\x7e\x05\xa9\x0aB2\x86P\x23\x3b\xb7\x05\x8e\x05\xe6\x05\xfbN\x05\x02\x02\x05N\x05\xbb\x26\xfc\x9a\x7e\xbe\xce\xa7\xc0\x0a\x05X\x182\x3b\xa7\xbe\xcdz\x18\x86\xde\x5c\x05\x8e\x05\xe6\x05\xc6\xc6\x05\xcb\xd6\x05\x8el\x05b\xde\xb7\xc2\xe9\x92\xbb\xbb\xd7\xa7\xa7\x7f\xd3\x93P\x89\x05\x93\xe9\x5d\xd7\x05\x8e\x05\xfb\x05N\xb0\x05\x02\x8e\x05\xb0\x05W2\xd1P\x89\xd3\xcd\x09\xa7z\xbe\x5c\x05\x18\xd3\x12\x18\x9a\x8f\x16W\x16\x05\x8e\x05\x02\x05\x02\xc6\x05\xd6\x05\xc6\x05P\x12\x9a\xe8\x7e\x06\x7f\xa9\xf4\x05\x8fF\x3bf\x3b\x23\x40z\x92b\x402\x5cW\xa7\x05\x8e\x05\x02\x05\xc6\x8e\x05N\xcb\x05\xcb\x05B\x11\xa7\x1aB\xbe\x16\x05\x40\xbe\xa0\x05\xe6\x05\xb0\x05\xcbN\x05\x8e\xe6\x05</data></match></read>
    <read><delim>\x05</delim><match><data>z\x7f</data></match></read>
    <read><length>2</length><match><data>\x10K</data></match></read>
    <!-- VIEW\x7c03\x7c\x7c -->
    <write><data>f\x092\x3b\xfel\xfb\xfe\xfe</data></write>
    <read><delim>\x05</delim><match><data>z\x7f</data></match></read>
    <read><length>2</length><match><data>\x10K</data></match></read>
    <!-- CANCEL\x5fTICKET\x7c22\x7c\x7c -->
    <write><data>\xd3\x23\xe8\xd32\x89\xd2\x26\x09\xd3\x7f2\x26\xfe\xe6\xe6\xfe\xfe</data></write>
    <read><delim>\x05</delim><match><data>z\x7f</data></match></read>
    <read><length>2</length><match><data>\x10K</data></match></read>
    <!-- VIEW\x7c\x7c -->
    <write><data>f\x092\x3b\xfe\xfe</data></write>
    <read><length>219</length><match><data>\xd6\x05f\xce\xa9\xc0\x86PF\x05\x11\x9b\x12\xd4\x05\x8e\x05\x8e\x05\xd6\x02\x05\xe6\xfb\x05\xfb\x05\x3b\x5c\x93\xc0\x7e\x05\xa9\x0aB2\x86P\x23\x3b\xb7\x05\x8e\x05\xe6\x05\xfbN\x05\x02\x02\x05\x8el\x05b\xde\xb7\xc2\xe9\x92\xbb\xbb\xd7\xa7\xa7\x7f\xd3\x93P\x89\x05\x93\xe9\x5d\xd7\x05\x8e\x05\xfb\x05N\xb0\x05\x02\x8e\x05\xb0\x05W2\xd1P\x89\xd3\xcd\x09\xa7z\xbe\x5c\x05\x18\xd3\x12\x18\x9a\x8f\x16W\x16\x05\x8e\x05\x02\x05\x02\xc6\x05\xd6\x05\xc6\x05P\x12\x9a\xe8\x7e\x06\x7f\xa9\xf4\x05\x8fF\x3bf\x3b\x23\x40z\x92b\x402\x5cW\xa7\x05\x8e\x05\x02\x05\xc6\x8e\x05N\xcb\x05\xcb\x05B\x11\xa7\x1aB\xbe\x16\x05\x40\xbe\xa0\x05\xe6\x05\xb0\x05\xcbN\x05N\x05N\x05\xbb\x26\xfc\x9a\x7e\xbe\xce\xa7\xc0\x0a\x05X\x182\x3b\xa7\xbe\xcdz\x18\x86\xde\x5c\x05\xe6\x05\xe6\x05\xc6\xc6\x05\xcb\xcb\x05</data></match></read>
    <read><delim>\x05</delim><match><data>z\x7f</data></match></read>
    <read><length>2</length><match><data>\x10K</data></match></read>
    <!-- LIST\x5fFREE\x5fSUPPORT\x7c\x7c -->
    <write><data>\x89\x09\x86\x26\xd2\x40\x7e22\xd2\x86\x12\xde\xdez\x7e\x26\xfe\xfe</data></write>
    <read><length>12</length><match><data>\x8e\x8e\x05\xe8\x5d\x11\xbe\x05l\x05\xe6\x05</data></match></read>
    <read><delim>\x05</delim><match><data>z\x7f</data></match></read>
    <read><length>2</length><match><data>\x10K</data></match></read>
    <!-- LIST\x5fFREE\x5fSUPPORT\x7c\x7c -->
    <write><data>\x89\x09\x86\x26\xd2\x40\x7e22\xd2\x86\x12\xde\xdez\x7e\x26\xfe\xfe</data></write>
    <read><length>12</length><match><data>\x8e\x8e\x05\xe8\x5d\x11\xbe\x05l\x05\xe6\x05</data></match></read>
    <read><delim>\x05</delim><match><data>z\x7f</data></match></read>
    <read><length>2</length><match><data>\x10K</data></match></read>
    <!-- HIRE\x7c01\x7c\x7c -->
    <write><data>B\x09\x7e2\xfel\x8e\xfe\xfe</data></write>
    <read><delim>\x05</delim><match><data>z\x7f</data></match></read>
    <read><length>2</length><match><data>\x10K</data></match></read>
    <!-- LIST\x5fSUPPORT\x7c\x7c -->
    <write><data>\x89\x09\x86\x26\xd2\x86\x12\xde\xdez\x7e\x26\xfe\xfe</data></write>
    <read><length>33</length><match><data>\x8el\x05\xe8\x5d\x11\xbe\x05l\x05\xb0\x05\x8e\x8e\x05\xe8\x5d\x11\xbe\x05l\x05\xe6\x05\x8e\xe6\x05\xd6\x05l\x05\x8e\x05</data></match></read>
    <read><delim>\x05</delim><match><data>z\x7f</data></match></read>
    <read><length>2</length><match><data>\x10K</data></match></read>
    <!-- HIRE\x7c05\x7c\x7c -->
    <write><data>B\x09\x7e2\xfel\xb0\xfe\xfe</data></write>
    <read><delim>\x05</delim><match><data>z\x7f</data></match></read>
    <read><length>2</length><match><data>\x10K</data></match></read>
    <!-- FIRE\x7c04\x7c\x7c -->
    <write><data>\x40\x09\x7e2\xfel\x02\xfe\xfe</data></write>
    <read><delim>\x05</delim><match><data>z\x7f</data></match></read>
    <read><length>2</length><match><data>\x10K</data></match></read>
    <!-- LIST\x5fFREE\x5fSUPPORT\x7c\x7c -->
    <write><data>\x89\x09\x86\x26\xd2\x40\x7e22\xd2\x86\x12\xde\xdez\x7e\x26\xfe\xfe</data></write>
    <read><length>24</length><match><data>\x8e\x8e\x05\xe8\x5d\x11\xbe\x05l\x05\xe6\x05\x8e\xe6\x05\xe8\x5d\x11\xbe\x05l\x05\x8e\x05</data></match></read>
    <read><delim>\x05</delim><match><data>z\x7f</data></match></read>
    <read><length>2</length><match><data>\x10K</data></match></read>
    <!-- HIRE\x7c04\x7c\x7c -->
    <write><data>B\x09\x7e2\xfel\x02\xfe\xfe</data></write>
    <read><delim>\x05</delim><match><data>z\x7f</data></match></read>
    <read><length>2</length><match><data>\x10K</data></match></read>
    <!-- FIRE\x7c03\x7c\x7c -->
    <write><data>\x40\x09\x7e2\xfel\xfb\xfe\xfe</data></write>
    <read><delim>\x05</delim><match><data>z\x7f</data></match></read>
    <read><length>2</length><match><data>\x10K</data></match></read>
    <!-- LIST\x5fSUPPORT\x7c\x7c -->
    <write><data>\x89\x09\x86\x26\xd2\x86\x12\xde\xdez\x7e\x26\xfe\xfe</data></write>
    <read><length>57</length><match><data>\x8el\x05\xe8\x5d\x11\xbe\x05l\x05\xb0\x05\x8e\x8e\x05\xe8\x5d\x11\xbe\x05l\x05\xe6\x05\x8e\xe6\x05\xe8\x5d\x11\xbe\x05l\x05\x8e\x05\x8e\xfb\x05\xe8\x5d\x11\xbe\x05l\x05\xb0\x05\x8e\x02\x05\xc6\x05l\x05\x02\x05</data></match></read>
    <read><delim>\x05</delim><match><data>z\x7f</data></match></read>
    <read><length>2</length><match><data>\x10K</data></match></read>
    <!-- ADD\x5fTICKET\x7cWYAoouwcSBytTEYv\x7cwGyGLiLDmGLTdpYN\x7c01\x7c\x7c -->
    <write><data>\x23\xd4\xd4\xd2\x26\x09\xd3\x7f2\x26\xfe\x3b\xc0\x23\x5d\x5d\x93\xf4\x92\x86F\x06\xbb\x262\xc0\x0a\xfe\xf4\x16\x06\x16\x89\xa9\x89\xd4v\x16\x89\x26bW\xc0\xe8\xfel\x8e\xfe\xfe</data></write>
    <read><delim>\x05</delim><match><data>z\x7f</data></match></read>
    <read><length>2</length><match><data>\x10K</data></match></read>
    <!-- VSTATUS\x7c24\x7c\x7c -->
    <write><data>f\x86\x26\x23\x26\x12\x86\xfe\xe6\x02\xfe\xfe</data></write>
    <read><delim>\x05</delim><match><data>z\x7f</data></match></read>
    <read><length>16</length><match><data>\x26\xa9\x92P\xbe\xbbK\x40\xa9\x11\xa9\xd7\x8f\xbeb\x05</data></match></read>
    <read><length>3</length><match><data>\x8el\x05</data></match></read>
    <read><length>3</length><match><data>\x40\xbe\xa0</data></match></read>
    <read><length>2</length><match><data>\x10K</data></match></read>
    <!-- VIEW\x7c01\x7c\x7c -->
    <write><data>f\x092\x3b\xfel\x8e\xfe\xfe</data></write>
    <read><length>137</length><match><data>N\x05\xbb\x26\xfc\x9a\x7e\xbe\xce\xa7\xc0\x0a\x05X\x182\x3b\xa7\xbe\xcdz\x18\x86\xde\x5c\x05\x8e\x05\xe6\x05\xc6\xc6\x05\xcb\xb0\x05\xfb\x05\x3b\x5c\x93\xc0\x7e\x05\xa9\x0aB2\x86P\x23\x3b\xb7\x05\x8e\x05\xe6\x05\xfbN\x05\x02\x02\x05\x8el\x05b\xde\xb7\xc2\xe9\x92\xbb\xbb\xd7\xa7\xa7\x7f\xd3\x93P\x89\x05\x93\xe9\x5d\xd7\x05\x8e\x05\xfb\x05N\xb0\x05\x02\x8e\x05\xc6\x05P\x12\x9a\xe8\x7e\x06\x7f\xa9\xf4\x05\x8fF\x3bf\x3b\x23\x40z\x92b\x402\x5cW\xa7\x05\x8e\x05\x02\x05\xc6\x8e\x05N\x02\x05</data></match></read>
    <read><delim>\x05</delim><match><data>z\x7f</data></match></read>
    <read><length>2</length><match><data>\x10K</data></match></read>
    <!-- LIST\x5fSUPPORT\x7c\x7c -->
    <write><data>\x89\x09\x86\x26\xd2\x86\x12\xde\xdez\x7e\x26\xfe\xfe</data></write>
    <read><length>52</length><match><data>\x8el\x05\xc6\x05l\x05\xb0\x05\x8e\x8e\x05\xe8\x5d\x11\xbe\x05l\x05\xe6\x05\x8e\xe6\x05\xe8\x5d\x11\xbe\x05l\x05\x8e\x05\x8e\xfb\x05\x8el\x05l\x05\xb0\x05\x8e\x02\x05\xb0\x05l\x05\x02\x05</data></match></read>
    <read><delim>\x05</delim><match><data>z\x7f</data></match></read>
    <read><length>16</length><match><data>\x26\xa9\x92P\xbe\xbbK\x40\xa9\x11\xa9\xd7\x8f\xbeb\x05</data></match></read>
    <read><length>3</length><match><data>\x8e\x02\x05</data></match></read>
    <read><length>9</length><match><data>\x18\xd3\x12\x18\x9a\x8f\x16W\x16</data></match></read>
    <read><length>2</length><match><data>\x10K</data></match></read>
    <!-- FIRE\x7c05\x7c\x7c -->
    <write><data>\x40\x09\x7e2\xfel\xb0\xfe\xfe</data></write>
    <read><delim>\x05</delim><match><data>z\x7f</data></match></read>
    <read><length>2</length><match><data>\x10K</data></match></read>
    <!-- CANCEL\x5fTICKET\x7c24\x7c\x7c -->
    <write><data>\xd3\x23\xe8\xd32\x89\xd2\x26\x09\xd3\x7f2\x26\xfe\xe6\x02\xfe\xfe</data></write>
    <read><delim>\x05</delim><match><data>z\x7f</data></match></read>
    <read><length>2</length><match><data>\x10K</data></match></read>
    <!-- HIRE\x7c03\x7c\x7c -->
    <write><data>B\x09\x7e2\xfel\xfb\xfe\xfe</data></write>
    <read><delim>\x05</delim><match><data>z\x7f</data></match></read>
    <read><length>2</length><match><data>\x10K</data></match></read>
    <!-- LIST\x5fSUPPORT\x7c\x7c -->
    <write><data>\x89\x09\x86\x26\xd2\x86\x12\xde\xdez\x7e\x26\xfe\xfe</data></write>
    <read><length>55</length><match><data>\x8e\x8e\x05\xe8\x5d\x11\xbe\x05l\x05\xe6\x05\x8e\xe6\x05\xe8\x5d\x11\xbe\x05l\x05\x8e\x05\x8e\xfb\x05\xe8\x5d\x11\xbe\x05l\x05\xb0\x05\x8e\x02\x05\xc6\x05l\x05\x02\x05\x8e\xb0\x05\x8el\x05l\x05\xfb\x05</data></match></read>
    <read><delim>\x05</delim><match><data>z\x7f</data></match></read>
    <read><length>2</length><match><data>\x10K</data></match></read>
    <!-- VSTATUS\x7c24\x7c\x7c -->
    <write><data>f\x86\x26\x23\x26\x12\x86\xfe\xe6\x02\xfe\xfe</data></write>
    <read><delim>\x05</delim><match><data>z\x7f</data></match></read>
    <read><length>2</length><match><data>\x10K</data></match></read>
    <!-- ADD\x5fTICKET\x7caaGa\x7cLSAyH\x7c01\x7c\x7c -->
    <write><data>\x23\xd4\xd4\xd2\x26\x09\xd3\x7f2\x26\xfe\x1a\x1a\x16\x1a\xfe\x89\x86\x23\x06B\xfel\x8e\xfe\xfe</data></write>
    <read><delim>\x05</delim><match><data>z\x7f</data></match></read>
    <read><length>2</length><match><data>\x10K</data></match></read>
    <!-- LIST\x5fSUPPORT\x7c\x7c -->
    <write><data>\x89\x09\x86\x26\xd2\x86\x12\xde\xdez\x7e\x26\xfe\xfe</data></write>
    <read><length>50</length><match><data>\x8e\x8e\x05\x8e\x8e\x05l\x05\xe6\x05\x8e\xe6\x05\x8e\xe6\x05l\x05\x8e\x05\x8e\xfb\x05N\x05l\x05\xb0\x05\x8e\x02\x05\xe8\x5d\x11\xbe\x05l\x05\x02\x05\x8e\xb0\x05\xfb\x05l\x05\xfb\x05</data></match></read>
    <read><delim>\x05</delim><match><data>z\x7f</data></match></read>
    <read><length>2</length><match><data>\x10K</data></match></read>
    <!-- CANCEL\x5fTICKET\x7c26\x7c\x7c -->
    <write><data>\xd3\x23\xe8\xd32\x89\xd2\x26\x09\xd3\x7f2\x26\xfe\xe6\xcb\xfe\xfe</data></write>
    <read><delim>\x05</delim><match><data>z\x7f</data></match></read>
    <read><length>2</length><match><data>\x10K</data></match></read>
    <!-- ADD\x5fTICKET\x7cCGBaiCByyFrDShEI\x7ccLZwTtyIDwa\x7c01\x7c\x7c -->
    <write><data>\x23\xd4\xd4\xd2\x26\x09\xd3\x7f2\x26\xfe\xd3\x16F\x1a\xa9\xd3F\x06\x06\x40\x9a\xd4\x86\x8f2\x09\xfe\x92\x89\xcd\xf4\x26\xbb\x06\x09\xd4\xf4\x1a\xfel\x8e\xfe\xfe</data></write>
    <read><delim>\x05</delim><match><data>z\x7f</data></match></read>
    <read><length>2</length><match><data>\x10K</data></match></read>
    <!-- VIEW\x7c\x7c -->
    <write><data>f\x092\x3b\xfe\xfe</data></write>
    <read><length>218</length><match><data>\x8e\xfb\x05\xd3\x16F\x1a\xa9\xd3F\x06\x06\x40\x9a\xd4\x86\x8f2\x09\x05\x92\x89\xcd\xf4\x26\xbb\x06\x09\xd4\xf4\x1a\x05\x8e\x05\x8e\x05\x8e\xe6N\x05\xc6\xd6\x05\xfb\x05\x3b\x5c\x93\xc0\x7e\x05\xa9\x0aB2\x86P\x23\x3b\xb7\x05\x8e\x05\xe6\x05\xfbN\x05\x02\x8e\x05\xc6\x05P\x12\x9a\xe8\x7e\x06\x7f\xa9\xf4\x05\x8fF\x3bf\x3b\x23\x40z\x92b\x402\x5cW\xa7\x05\x8e\x05\x02\x05\xc6\x8e\x05\xc6\xd6\x05\x8e\x8e\x05\x3b\xc0\x23\x5d\x5d\x93\xf4\x92\x86F\x06\xbb\x262\xc0\x0a\x05\xf4\x16\x06\x16\x89\xa9\x89\xd4v\x16\x89\x26bW\xc0\xe8\x05\xe6\x05\x8e\x05\x8e\x8e\xb0\x05\xe6\xd6\x05\x8e\xe6\x05\x1a\x1a\x16\x1a\x05\x89\x86\x23\x06B\x05\xe6\x05\x8e\x05\x8e\xe6\xb0\x05\xcb\xfb\x05N\x05\xbb\x26\xfc\x9a\x7e\xbe\xce\xa7\xc0\x0a\x05X\x182\x3b\xa7\xbe\xcdz\x18\x86\xde\x5c\x05\xe6\x05\xe6\x05\xc6\xc6\x05\xcb\x8e\x05</data></match></read>
    <read><delim>\x05</delim><match><data>z\x7f</data></match></read>
    <read><length>2</length><match><data>\x10K</data></match></read>
    <!-- VIEW\x7c\x7c -->
    <write><data>f\x092\x3b\xfe\xfe</data></write>
    <read><length>218</length><match><data>\x8e\xfb\x05\xd3\x16F\x1a\xa9\xd3F\x06\x06\x40\x9a\xd4\x86\x8f2\x09\x05\x92\x89\xcd\xf4\x26\xbb\x06\x09\xd4\xf4\x1a\x05\x8e\x05\x8e\x05\x8e\xe6N\x05\xc6\xd6\x05\xfb\x05\x3b\x5c\x93\xc0\x7e\x05\xa9\x0aB2\x86P\x23\x3b\xb7\x05\x8e\x05\xe6\x05\xfbN\x05\x02\x8e\x05\xc6\x05P\x12\x9a\xe8\x7e\x06\x7f\xa9\xf4\x05\x8fF\x3bf\x3b\x23\x40z\x92b\x402\x5cW\xa7\x05\x8e\x05\x02\x05\xc6\x8e\x05\xc6\xd6\x05\x8e\x8e\x05\x3b\xc0\x23\x5d\x5d\x93\xf4\x92\x86F\x06\xbb\x262\xc0\x0a\x05\xf4\x16\x06\x16\x89\xa9\x89\xd4v\x16\x89\x26bW\xc0\xe8\x05\xe6\x05\x8e\x05\x8e\x8e\xb0\x05\xe6\xcb\x05\x8e\xe6\x05\x1a\x1a\x16\x1a\x05\x89\x86\x23\x06B\x05\xe6\x05\x8e\x05\x8e\xe6\xb0\x05\xcb\xe6\x05N\x05\xbb\x26\xfc\x9a\x7e\xbe\xce\xa7\xc0\x0a\x05X\x182\x3b\xa7\xbe\xcdz\x18\x86\xde\x5c\x05\xe6\x05\xe6\x05\xc6\xc6\x05\xcbl\x05</data></match></read>
    <read><delim>\x05</delim><match><data>z\x7f</data></match></read>
    <read><length>2</length><match><data>\x10K</data></match></read>
    <!-- LIST\x5fFREE\x5fSUPPORT\x7c\x7c -->
    <write><data>\x89\x09\x86\x26\xd2\x40\x7e22\xd2\x86\x12\xde\xdez\x7e\x26\xfe\xfe</data></write>
    <read><length>24</length><match><data>\x8e\xfb\x05\xe8\x5d\x11\xbe\x05l\x05\xb0\x05\x8e\xb0\x05\xe8\x5d\x11\xbe\x05l\x05\xfb\x05</data></match></read>
    <read><delim>\x05</delim><match><data>z\x7f</data></match></read>
    <read><length>2</length><match><data>\x10K</data></match></read>
    <!-- VSTATUS\x7c11\x7c\x7c -->
    <write><data>f\x86\x26\x23\x26\x12\x86\xfe\x8e\x8e\xfe\xfe</data></write>
    <read><length>48</length><match><data>\x8e\x8e\x05\x3b\xc0\x23\x5d\x5d\x93\xf4\x92\x86F\x06\xbb\x262\xc0\x0a\x05\xf4\x16\x06\x16\x89\xa9\x89\xd4v\x16\x89\x26bW\xc0\xe8\x05\xe6\x05\x8e\x05\x8e\x8e\xb0\x05\xe6\x02\x05</data></match></read>
    <read><delim>\x05</delim><match><data>z\x7f</data></match></read>
    <read><length>2</length><match><data>\x10K</data></match></read>
    <!-- LIST\x5fSUPPORT\x7c\x7c -->
    <write><data>\x89\x09\x86\x26\xd2\x86\x12\xde\xdez\x7e\x26\xfe\xfe</data></write>
    <read><length>52</length><match><data>\x8e\x8e\x05\xe8\x5d\x11\xbe\x05l\x05\xe6\x05\x8e\xe6\x05\xe8\x5d\x11\xbe\x05l\x05\x8e\x05\x8e\xfb\x05\xfb\x05l\x05\xb0\x05\x8e\x02\x05\xc6\x05l\x05\x02\x05\x8e\xb0\x05\x8e\xfb\x05l\x05\xfb\x05</data></match></read>
    <read><delim>\x05</delim><match><data>z\x7f</data></match></read>
    <read><length>2</length><match><data>\x10K</data></match></read>
    <!-- HIRE\x7c02\x7c\x7c -->
    <write><data>B\x09\x7e2\xfel\xe6\xfe\xfe</data></write>
    <read><delim>\x05</delim><match><data>z\x7f</data></match></read>
    <read><length>2</length><match><data>\x10K</data></match></read>
    <!-- LIST\x5fFREE\x5fSUPPORT\x7c\x7c -->
    <write><data>\x89\x09\x86\x26\xd2\x40\x7e22\xd2\x86\x12\xde\xdez\x7e\x26\xfe\xfe</data></write>
    <read><length>36</length><match><data>\x8e\xe6\x05\xe8\x5d\x11\xbe\x05l\x05\x8e\x05\x8e\xb0\x05\xe8\x5d\x11\xbe\x05l\x05\xfb\x05\x8e\xcb\x05\xe8\x5d\x11\xbe\x05l\x05\xe6\x05</data></match></read>
    <read><delim>\x05</delim><match><data>z\x7f</data></match></read>
    <read><length>2</length><match><data>\x10K</data></match></read>
    <!-- LIST\x5fSUPPORT\x7c\x7c -->
    <write><data>\x89\x09\x86\x26\xd2\x86\x12\xde\xdez\x7e\x26\xfe\xfe</data></write>
    <read><length>67</length><match><data>\x8e\x8e\x05\xe8\x5d\x11\xbe\x05l\x05\xe6\x05\x8e\xe6\x05\x8e\xfb\x05l\x05\x8e\x05\x8e\xfb\x05\xe8\x5d\x11\xbe\x05l\x05\xb0\x05\x8e\x02\x05\xc6\x05l\x05\x02\x05\x8e\xb0\x05\xe8\x5d\x11\xbe\x05l\x05\xfb\x05\x8e\xcb\x05\xe8\x5d\x11\xbe\x05l\x05\xe6\x05</data></match></read>
    <read><delim>\x05</delim><match><data>z\x7f</data></match></read>
    <read><length>2</length><match><data>\x10K</data></match></read>
    <!-- CANCEL\x5fTICKET\x7c11\x7c\x7c -->
    <write><data>\xd3\x23\xe8\xd32\x89\xd2\x26\x09\xd3\x7f2\x26\xfe\x8e\x8e\xfe\xfe</data></write>
    <read><delim>\x05</delim><match><data>z\x7f</data></match></read>
    <read><length>2</length><match><data>\x10K</data></match></read>
    <!-- HIRE\x7c02\x7c\x7c -->
    <write><data>B\x09\x7e2\xfel\xe6\xfe\xfe</data></write>
    <read><delim>\x05</delim><match><data>z\x7f</data></match></read>
    <read><length>2</length><match><data>\x10K</data></match></read>
    <!-- HIRE\x7c03\x7c\x7c -->
    <write><data>B\x09\x7e2\xfel\xfb\xfe\xfe</data></write>
    <read><delim>\x05</delim><match><data>z\x7f</data></match></read>
    <read><length>2</length><match><data>\x10K</data></match></read>
    <!-- LIST\x5fSUPPORT\x7c\x7c -->
    <write><data>\x89\x09\x86\x26\xd2\x86\x12\xde\xdez\x7e\x26\xfe\xfe</data></write>
    <read><length>93</length><match><data>\x8e\x8e\x05\xe8\x5d\x11\xbe\x05l\x05\xe6\x05\x8e\xe6\x05\xe8\x5d\x11\xbe\x05l\x05\x8e\x05\x8e\xfb\x05\xc6\x05l\x05\xb0\x05\x8e\x02\x05\xe8\x5d\x11\xbe\x05l\x05\x02\x05\x8e\xb0\x05\xe8\x5d\x11\xbe\x05l\x05\xfb\x05\x8e\xcb\x05\xe8\x5d\x11\xbe\x05l\x05\xe6\x05\x8e\xd6\x05\xe8\x5d\x11\xbe\x05l\x05\xe6\x05\x8e\xc6\x05\xe8\x5d\x11\xbe\x05l\x05\xfb\x05</data></match></read>
    <read><delim>\x05</delim><match><data>z\x7f</data></match></read>
    <read><length>2</length><match><data>\x10K</data></match></read>
    <!-- FIRE\x7c00\x7c\x7c -->
    <write><data>\x40\x09\x7e2\xfell\xfe\xfe</data></write>
    <read><delim>\x05</delim><match><data>z\x7f</data></match></read>
    <read><length>2</length><match><data>\x10K</data></match></read>
    <!-- HIRE\x7c04\x7c\x7c -->
    <write><data>B\x09\x7e2\xfel\x02\xfe\xfe</data></write>
    <read><delim>\x05</delim><match><data>z\x7f</data></match></read>
    <read><length>2</length><match><data>\x10K</data></match></read>
    <!-- VIEW\x7c\x7c -->
    <write><data>f\x092\x3b\xfe\xfe</data></write>
    <read><length>38</length><match><data>\xc6\x05P\x12\x9a\xe8\x7e\x06\x7f\xa9\xf4\x05\x8fF\x3bf\x3b\x23\x40z\x92b\x402\x5cW\xa7\x05\xe6\x05\x02\x05\xc6\x8e\x05\xd6\xcb\x05</data></match></read>
    <read><delim>\x05</delim><match><data>z\x7f</data></match></read>
    <read><length>2</length><match><data>\x10K</data></match></read>
    <!-- VIEW\x7c04\x7c\x7c -->
    <write><data>f\x092\x3b\xfel\x02\xfe\xfe</data></write>
    <read><delim>\x05</delim><match><data>z\x7f</data></match></read>
    <read><length>2</length><match><data>\x10K</data></match></read>
    <!-- LIST\x5fFREE\x5fSUPPORT\x7c\x7c -->
    <write><data>\x89\x09\x86\x26\xd2\x40\x7e22\xd2\x86\x12\xde\xdez\x7e\x26\xfe\xfe</data></write>
    <read><length>96</length><match><data>\x8e\x8e\x05\xe8\x5d\x11\xbe\x05l\x05\xe6\x05\x8e\xe6\x05\xe8\x5d\x11\xbe\x05l\x05\x8e\x05\x8e\xfb\x05\xe8\x5d\x11\xbe\x05l\x05\xb0\x05\x8e\x02\x05\xe8\x5d\x11\xbe\x05l\x05\x02\x05\x8e\xb0\x05\xe8\x5d\x11\xbe\x05l\x05\xfb\x05\x8e\xcb\x05\xe8\x5d\x11\xbe\x05l\x05\xe6\x05\x8e\xd6\x05\xe8\x5d\x11\xbe\x05l\x05\xe6\x05\x8e\xc6\x05\xe8\x5d\x11\xbe\x05l\x05\xfb\x05</data></match></read>
    <read><delim>\x05</delim><match><data>z\x7f</data></match></read>
    <read><length>2</length><match><data>\x10K</data></match></read>
    <!-- LIST\x5fFREE\x5fSUPPORT\x7c\x7c -->
    <write><data>\x89\x09\x86\x26\xd2\x40\x7e22\xd2\x86\x12\xde\xdez\x7e\x26\xfe\xfe</data></write>
    <read><length>96</length><match><data>\x8e\x8e\x05\xe8\x5d\x11\xbe\x05l\x05\xe6\x05\x8e\xe6\x05\xe8\x5d\x11\xbe\x05l\x05\x8e\x05\x8e\xfb\x05\xe8\x5d\x11\xbe\x05l\x05\xb0\x05\x8e\x02\x05\xe8\x5d\x11\xbe\x05l\x05\x02\x05\x8e\xb0\x05\xe8\x5d\x11\xbe\x05l\x05\xfb\x05\x8e\xcb\x05\xe8\x5d\x11\xbe\x05l\x05\xe6\x05\x8e\xd6\x05\xe8\x5d\x11\xbe\x05l\x05\xe6\x05\x8e\xc6\x05\xe8\x5d\x11\xbe\x05l\x05\xfb\x05</data></match></read>
    <read><delim>\x05</delim><match><data>z\x7f</data></match></read>
    <read><length>2</length><match><data>\x10K</data></match></read>
    <!-- LIST\x5fSUPPORT\x7c\x7c -->
    <write><data>\x89\x09\x86\x26\xd2\x86\x12\xde\xdez\x7e\x26\xfe\xfe</data></write>
    <read><length>105</length><match><data>\x8e\x8e\x05\xe8\x5d\x11\xbe\x05l\x05\xe6\x05\x8e\xe6\x05\xe8\x5d\x11\xbe\x05l\x05\x8e\x05\x8e\xfb\x05\xe8\x5d\x11\xbe\x05l\x05\xb0\x05\x8e\x02\x05\xe8\x5d\x11\xbe\x05l\x05\x02\x05\x8e\xb0\x05\xe8\x5d\x11\xbe\x05l\x05\xfb\x05\x8e\xcb\x05\xe8\x5d\x11\xbe\x05l\x05\xe6\x05\x8e\xd6\x05\xe8\x5d\x11\xbe\x05l\x05\xe6\x05\x8e\xc6\x05\xe8\x5d\x11\xbe\x05l\x05\xfb\x05\x8eN\x05\xc6\x05l\x05\x02\x05</data></match></read>
    <read><delim>\x05</delim><match><data>z\x7f</data></match></read>
    <read><length>2</length><match><data>\x10K</data></match></read>
    <!-- FIRE\x7c02\x7c\x7c -->
    <write><data>\x40\x09\x7e2\xfel\xe6\xfe\xfe</data></write>
    <read><delim>\x05</delim><match><data>z\x7f</data></match></read>
    <read><length>2</length><match><data>\x10K</data></match></read>
    <!-- CANCEL\x5fTICKET\x7c28\x7c\x7c -->
    <write><data>\xd3\x23\xe8\xd32\x89\xd2\x26\x09\xd3\x7f2\x26\xfe\xe6\xc6\xfe\xfe</data></write>
    <read><delim>\x05</delim><match><data>z\x7f</data></match></read>
    <read><length>2</length><match><data>\x10K</data></match></read>
    <!-- VSTATUS\x7c28\x7c\x7c -->
    <write><data>f\x86\x26\x23\x26\x12\x86\xfe\xe6\xc6\xfe\xfe</data></write>
    <read><delim>\x05</delim><match><data>z\x7f</data></match></read>
    <read><length>2</length><match><data>\x10K</data></match></read>
    <!-- VIEW\x7c\x7c -->
    <write><data>f\x092\x3b\xfe\xfe</data></write>
    <read><length>38</length><match><data>\xc6\x05P\x12\x9a\xe8\x7e\x06\x7f\xa9\xf4\x05\x8fF\x3bf\x3b\x23\x40z\x92b\x402\x5cW\xa7\x05\xe6\x05\x02\x05\xc6\x8e\x05\xcbN\x05</data></match></read>
    <read><delim>\x05</delim><match><data>z\x7f</data></match></read>
    <read><length>2</length><match><data>\x10K</data></match></read>
    <!-- ADD\x5fTICKET\x7csJX\x7cPCahDLbF\x7c05\x7c\x7c -->
    <write><data>\x23\xd4\xd4\xd2\x26\x09\xd3\x7f2\x26\xfe\xd7\x18\x5c\xfe\xde\xd3\x1a\x8f\xd4\x89\xb7\x40\xfel\xb0\xfe\xfe</data></write>
    <read><delim>\x05</delim><match><data>z\x7f</data></match></read>
    <read><length>2</length><match><data>\x10K</data></match></read>
    <!-- HIRE\x7c04\x7c\x7c -->
    <write><data>B\x09\x7e2\xfel\x02\xfe\xfe</data></write>
    <read><delim>\x05</delim><match><data>z\x7f</data></match></read>
    <read><length>2</length><match><data>\x10K</data></match></read>
    <!-- LIST\x5fFREE\x5fSUPPORT\x7c\x7c -->
    <write><data>\x89\x09\x86\x26\xd2\x40\x7e22\xd2\x86\x12\xde\xdez\x7e\x26\xfe\xfe</data></write>
    <read><length>96</length><match><data>\x8e\xe6\x05\xe8\x5d\x11\xbe\x05l\x05\x8e\x05\x8e\x02\x05\xe8\x5d\x11\xbe\x05l\x05\x02\x05\x8e\xb0\x05\xe8\x5d\x11\xbe\x05l\x05\xfb\x05\x8e\xcb\x05\xe8\x5d\x11\xbe\x05l\x05\xe6\x05\x8e\xd6\x05\xe8\x5d\x11\xbe\x05l\x05\xe6\x05\x8e\xc6\x05\xe8\x5d\x11\xbe\x05l\x05\xfb\x05\x8eN\x05\xe8\x5d\x11\xbe\x05l\x05\x02\x05\xe6l\x05\xe8\x5d\x11\xbe\x05l\x05\x02\x05</data></match></read>
    <read><delim>\x05</delim><match><data>z\x7f</data></match></read>
    <read><length>2</length><match><data>\x10K</data></match></read>
    <!-- VIEW\x7c\x7c -->
    <write><data>f\x092\x3b\xfe\xfe</data></write>
    <read><length>65</length><match><data>\x8e\x02\x05\xd7\x18\x5c\x05\xde\xd3\x1a\x8f\xd4\x89\xb7\x40\x05\x8e\x05\xb0\x05\x8e\xb0\x02\x05\x02\xcb\x05\xc6\x05P\x12\x9a\xe8\x7e\x06\x7f\xa9\xf4\x05\x8fF\x3bf\x3b\x23\x40z\x92b\x402\x5cW\xa7\x05\xe6\x05\x02\x05\xc6\x8e\x05\xcb\xb0\x05</data></match></read>
    <read><delim>\x05</delim><match><data>z\x7f</data></match></read>
    <read><length>2</length><match><data>\x10K</data></match></read>
    <!-- HIRE\x7c02\x7c\x7c -->
    <write><data>B\x09\x7e2\xfel\xe6\xfe\xfe</data></write>
    <read><delim>\x05</delim><match><data>z\x7f</data></match></read>
    <read><length>2</length><match><data>\x10K</data></match></read>
    <!-- ADD\x5fTICKET\x7cRQYZwgR\x7cjyEHHjqcyfA\x7c02\x7c\x7c -->
    <write><data>\x23\xd4\xd4\xd2\x26\x09\xd3\x7f2\x26\xfe\x7e\xe9\xc0\xcd\xf4\xa7\x7e\xfe\xd1\x062BB\xd1\xa0\x92\x06\xc2\x23\xfel\xe6\xfe\xfe</data></write>
    <read><delim>\x05</delim><match><data>z\x7f</data></match></read>
    <read><length>2</length><match><data>\x10K</data></match></read>
    <!-- CANCEL\x5fTICKET\x7c32\x7c\x7c -->
    <write><data>\xd3\x23\xe8\xd32\x89\xd2\x26\x09\xd3\x7f2\x26\xfe\xfb\xe6\xfe\xfe</data></write>
    <read><delim>\x05</delim><match><data>z\x7f</data></match></read>
    <read><length>2</length><match><data>\x10K</data></match></read>
    <!-- FIRE\x7c01\x7c\x7c -->
    <write><data>\x40\x09\x7e2\xfel\x8e\xfe\xfe</data></write>
    <read><delim>\x05</delim><match><data>z\x7f</data></match></read>
    <read><length>2</length><match><data>\x10K</data></match></read>
    <!-- VSTATUS\x7c09\x7c\x7c -->
    <write><data>f\x86\x26\x23\x26\x12\x86\xfelN\xfe\xfe</data></write>
    <read><delim>\x05</delim><match><data>z\x7f</data></match></read>
    <read><length>2</length><match><data>\x10K</data></match></read>
    <!-- VSTATUS\x7c32\x7c\x7c -->
    <write><data>f\x86\x26\x23\x26\x12\x86\xfe\xfb\xe6\xfe\xfe</data></write>
    <read><delim>\x05</delim><match><data>z\x7f</data></match></read>
    <read><length>2</length><match><data>\x10K</data></match></read>
    <!-- VIEW\x7c\x7c -->
    <write><data>f\x092\x3b\xfe\xfe</data></write>
    <read><length>65</length><match><data>\x8e\x02\x05\xd7\x18\x5c\x05\xde\xd3\x1a\x8f\xd4\x89\xb7\x40\x05\x8e\x05\xb0\x05\x8e\xb0\x02\x05\x02\xfb\x05\xc6\x05P\x12\x9a\xe8\x7e\x06\x7f\xa9\xf4\x05\x8fF\x3bf\x3b\x23\x40z\x92b\x402\x5cW\xa7\x05\xe6\x05\x02\x05\xc6\x8e\x05\xb0\xc6\x05</data></match></read>
    <read><delim>\x05</delim><match><data>z\x7f</data></match></read>
    <read><length>2</length><match><data>\x10K</data></match></read>
    <!-- FIRE\x7c01\x7c\x7c -->
    <write><data>\x40\x09\x7e2\xfel\x8e\xfe\xfe</data></write>
    <read><delim>\x05</delim><match><data>z\x7f</data></match></read>
    <read><length>2</length><match><data>\x10K</data></match></read>
    <!-- VSTATUS\x7c04\x7c\x7c -->
    <write><data>f\x86\x26\x23\x26\x12\x86\xfel\x02\xfe\xfe</data></write>
    <read><delim>\x05</delim><match><data>z\x7f</data></match></read>
    <read><length>2</length><match><data>\x10K</data></match></read>
    <!-- HIRE\x7c04\x7c\x7c -->
    <write><data>B\x09\x7e2\xfel\x02\xfe\xfe</data></write>
    <read><delim>\x05</delim><match><data>z\x7f</data></match></read>
    <read><length>2</length><match><data>\x10K</data></match></read>
    <!-- VSTATUS\x7c32\x7c\x7c -->
    <write><data>f\x86\x26\x23\x26\x12\x86\xfe\xfb\xe6\xfe\xfe</data></write>
    <read><delim>\x05</delim><match><data>z\x7f</data></match></read>
    <read><length>2</length><match><data>\x10K</data></match></read>
    <!-- VIEW\x7c\x7c -->
    <write><data>f\x092\x3b\xfe\xfe</data></write>
    <read><length>65</length><match><data>\x8e\x02\x05\xd7\x18\x5c\x05\xde\xd3\x1a\x8f\xd4\x89\xb7\x40\x05\x8e\x05\xb0\x05\x8e\xb0\x02\x05\x02\xfb\x05\xc6\x05P\x12\x9a\xe8\x7e\x06\x7f\xa9\xf4\x05\x8fF\x3bf\x3b\x23\x40z\x92b\x402\x5cW\xa7\x05\xe6\x05\x02\x05\xc6\x8e\x05\xb0\x02\x05</data></match></read>
    <read><delim>\x05</delim><match><data>z\x7f</data></match></read>
    <read><length>2</length><match><data>\x10K</data></match></read>
    <!-- ADD\x5fTICKET\x7cFHldghjlGNSeAT\x7cpOcW\x7c01\x7c\x7c -->
    <write><data>\x23\xd4\xd4\xd2\x26\x09\xd3\x7f2\x26\xfe\x40B\xceb\xa7\x8f\xd1\xce\x16\xe8\x86\xbe\x23\x26\xfeWz\x92\x3b\xfel\x8e\xfe\xfe</data></write>
    <read><delim>\x05</delim><match><data>z\x7f</data></match></read>
    <read><length>2</length><match><data>\x10K</data></match></read>
    <!-- LIST\x5fFREE\x5fSUPPORT\x7c\x7c -->
    <write><data>\x89\x09\x86\x26\xd2\x40\x7e22\xd2\x86\x12\xde\xdez\x7e\x26\xfe\xfe</data></write>
    <read><length>96</length><match><data>\x8e\xfb\x05\xe8\x5d\x11\xbe\x05l\x05\xb0\x05\x8e\xb0\x05\xe8\x5d\x11\xbe\x05l\x05\xfb\x05\x8e\xcb\x05\xe8\x5d\x11\xbe\x05l\x05\xe6\x05\x8e\xd6\x05\xe8\x5d\x11\xbe\x05l\x05\xe6\x05\x8e\xc6\x05\xe8\x5d\x11\xbe\x05l\x05\xfb\x05\xe6l\x05\xe8\x5d\x11\xbe\x05l\x05\x02\x05\xe6\x8e\x05\xe8\x5d\x11\xbe\x05l\x05\xe6\x05\xe6\xe6\x05\xe8\x5d\x11\xbe\x05l\x05\x02\x05</data></match></read>
    <read><delim>\x05</delim><match><data>z\x7f</data></match></read>
    <read><length>2</length><match><data>\x10K</data></match></read>
    <!-- ADD\x5fTICKET\x7cyiJdrMfBQc\x7cxlmYaf\x7c05\x7c\x7c -->
    <write><data>\x23\xd4\xd4\xd2\x26\x09\xd3\x7f2\x26\xfe\x06\xa9\x18b\x9aX\xc2F\xe9\x92\xfe\xfc\xcev\xc0\x1a\xc2\xfel\xb0\xfe\xfe</data></write>
    <read><delim>\x05</delim><match><data>z\x7f</data></match></read>
    <read><length>2</length><match><data>\x10K</data></match></read>
    <!-- CANCEL\x5fTICKET\x7c36\x7c\x7c -->
    <write><data>\xd3\x23\xe8\xd32\x89\xd2\x26\x09\xd3\x7f2\x26\xfe\xfb\xcb\xfe\xfe</data></write>
    <read><delim>\x05</delim><match><data>z\x7f</data></match></read>
    <read><length>2</length><match><data>\x10K</data></match></read>
    <!-- LIST\x5fSUPPORT\x7c\x7c -->
    <write><data>\x89\x09\x86\x26\xd2\x86\x12\xde\xdez\x7e\x26\xfe\xfe</data></write>
    <read><length>115</length><match><data>\x8e\xfb\x05\x8e\xd6\x05l\x05\xb0\x05\x8e\x02\x05\xe8\x5d\x11\xbe\x05l\x05\x02\x05\x8e\xb0\x05\xe8\x5d\x11\xbe\x05l\x05\xfb\x05\x8e\xcb\x05\xe8\x5d\x11\xbe\x05l\x05\xe6\x05\x8e\xd6\x05\xe8\x5d\x11\xbe\x05l\x05\xe6\x05\x8e\xc6\x05\xe8\x5d\x11\xbe\x05l\x05\xfb\x05\x8eN\x05\xc6\x05l\x05\x02\x05\xe6l\x05\xe8\x5d\x11\xbe\x05l\x05\x02\x05\xe6\x8e\x05\xe8\x5d\x11\xbe\x05l\x05\xe6\x05\xe6\xe6\x05\xe8\x5d\x11\xbe\x05l\x05\x02\x05</data></match></read>
    <read><delim>\x05</delim><match><data>z\x7f</data></match></read>
    <read><length>2</length><match><data>\x10K</data></match></read>
    <!-- LIST\x5fFREE\x5fSUPPORT\x7c\x7c -->
    <write><data>\x89\x09\x86\x26\xd2\x40\x7e22\xd2\x86\x12\xde\xdez\x7e\x26\xfe\xfe</data></write>
    <read><length>96</length><match><data>\x8e\x02\x05\xe8\x5d\x11\xbe\x05l\x05\x02\x05\x8e\xb0\x05\xe8\x5d\x11\xbe\x05l\x05\xfb\x05\x8e\xcb\x05\xe8\x5d\x11\xbe\x05l\x05\xe6\x05\x8e\xd6\x05\xe8\x5d\x11\xbe\x05l\x05\xe6\x05\x8e\xc6\x05\xe8\x5d\x11\xbe\x05l\x05\xfb\x05\xe6l\x05\xe8\x5d\x11\xbe\x05l\x05\x02\x05\xe6\x8e\x05\xe8\x5d\x11\xbe\x05l\x05\xe6\x05\xe6\xe6\x05\xe8\x5d\x11\xbe\x05l\x05\x02\x05</data></match></read>
    <read><delim>\x05</delim><match><data>z\x7f</data></match></read>
    <read><length>2</length><match><data>\x10K</data></match></read>
    <!-- LIST\x5fFREE\x5fSUPPORT\x7c\x7c -->
    <write><data>\x89\x09\x86\x26\xd2\x40\x7e22\xd2\x86\x12\xde\xdez\x7e\x26\xfe\xfe</data></write>
    <read><length>96</length><match><data>\x8e\x02\x05\xe8\x5d\x11\xbe\x05l\x05\x02\x05\x8e\xb0\x05\xe8\x5d\x11\xbe\x05l\x05\xfb\x05\x8e\xcb\x05\xe8\x5d\x11\xbe\x05l\x05\xe6\x05\x8e\xd6\x05\xe8\x5d\x11\xbe\x05l\x05\xe6\x05\x8e\xc6\x05\xe8\x5d\x11\xbe\x05l\x05\xfb\x05\xe6l\x05\xe8\x5d\x11\xbe\x05l\x05\x02\x05\xe6\x8e\x05\xe8\x5d\x11\xbe\x05l\x05\xe6\x05\xe6\xe6\x05\xe8\x5d\x11\xbe\x05l\x05\x02\x05</data></match></read>
    <read><delim>\x05</delim><match><data>z\x7f</data></match></read>
    <read><length>2</length><match><data>\x10K</data></match></read>
    <!-- LIST\x5fFREE\x5fSUPPORT\x7c\x7c -->
    <write><data>\x89\x09\x86\x26\xd2\x40\x7e22\xd2\x86\x12\xde\xdez\x7e\x26\xfe\xfe</data></write>
    <read><length>108</length><match><data>\x8e\xfb\x05\xe8\x5d\x11\xbe\x05l\x05\xb0\x05\x8e\x02\x05\xe8\x5d\x11\xbe\x05l\x05\x02\x05\x8e\xb0\x05\xe8\x5d\x11\xbe\x05l\x05\xfb\x05\x8e\xcb\x05\xe8\x5d\x11\xbe\x05l\x05\xe6\x05\x8e\xd6\x05\xe8\x5d\x11\xbe\x05l\x05\xe6\x05\x8e\xc6\x05\xe8\x5d\x11\xbe\x05l\x05\xfb\x05\xe6l\x05\xe8\x5d\x11\xbe\x05l\x05\x02\x05\xe6\x8e\x05\xe8\x5d\x11\xbe\x05l\x05\xe6\x05\xe6\xe6\x05\xe8\x5d\x11\xbe\x05l\x05\x02\x05</data></match></read>
    <read><delim>\x05</delim><match><data>z\x7f</data></match></read>
    <read><length>2</length><match><data>\x10K</data></match></read>
    <!-- VIEW\x7c02\x7c\x7c -->
    <write><data>f\x092\x3b\xfel\xe6\xfe\xfe</data></write>
    <read><length>38</length><match><data>\xc6\x05P\x12\x9a\xe8\x7e\x06\x7f\xa9\xf4\x05\x8fF\x3bf\x3b\x23\x40z\x92b\x402\x5cW\xa7\x05\xe6\x05\x02\x05\xc6\x8e\x05\x02\xb0\x05</data></match></read>
    <read><delim>\x05</delim><match><data>z\x7f</data></match></read>
    <read><length>2</length><match><data>\x10K</data></match></read>
    <!-- VSTATUS\x7c36\x7c\x7c -->
    <write><data>f\x86\x26\x23\x26\x12\x86\xfe\xfb\xcb\xfe\xfe</data></write>
    <read><delim>\x05</delim><match><data>z\x7f</data></match></read>
    <read><length>2</length><match><data>\x10K</data></match></read>
    <!-- VIEW\x7c\x7c -->
    <write><data>f\x092\x3b\xfe\xfe</data></write>
    <read><length>97</length><match><data>\x8e\x02\x05\xd7\x18\x5c\x05\xde\xd3\x1a\x8f\xd4\x89\xb7\x40\x05\x8e\x05\xb0\x05\x8e\xb0\x02\x05\x02\xfb\x05\x8e\xd6\x05\x06\xa9\x18b\x9aX\xc2F\xe9\x92\x05\xfc\xcev\xc0\x1a\xc2\x05\x8e\x05\xb0\x05\x8e\xd6\xb0\x05\xc6\xe6\x05\xc6\x05P\x12\x9a\xe8\x7e\x06\x7f\xa9\xf4\x05\x8fF\x3bf\x3b\x23\x40z\x92b\x402\x5cW\xa7\x05\xe6\x05\x02\x05\xc6\x8e\x05\x02\xfb\x05</data></match></read>
    <read><delim>\x05</delim><match><data>z\x7f</data></match></read>
    <read><length>2</length><match><data>\x10K</data></match></read>
    <!-- HIRE\x7c04\x7c\x7c -->
    <write><data>B\x09\x7e2\xfel\x02\xfe\xfe</data></write>
    <read><delim>\x05</delim><match><data>z\x7f</data></match></read>
    <read><length>2</length><match><data>\x10K</data></match></read>
    <!-- HIRE\x7c04\x7c\x7c -->
    <write><data>B\x09\x7e2\xfel\x02\xfe\xfe</data></write>
    <read><delim>\x05</delim><match><data>z\x7f</data></match></read>
    <read><length>2</length><match><data>\x10K</data></match></read>
    <!-- LIST\x5fSUPPORT\x7c\x7c -->
    <write><data>\x89\x09\x86\x26\xd2\x86\x12\xde\xdez\x7e\x26\xfe\xfe</data></write>
    <read><length>141</length><match><data>\x8e\xfb\x05\xe8\x5d\x11\xbe\x05l\x05\xb0\x05\x8e\x02\x05\xe8\x5d\x11\xbe\x05l\x05\x02\x05\x8e\xb0\x05\xe8\x5d\x11\xbe\x05l\x05\xfb\x05\x8e\xcb\x05\xe8\x5d\x11\xbe\x05l\x05\xe6\x05\x8e\xd6\x05\xe8\x5d\x11\xbe\x05l\x05\xe6\x05\x8e\xc6\x05\xe8\x5d\x11\xbe\x05l\x05\xfb\x05\x8eN\x05\xc6\x05l\x05\x02\x05\xe6l\x05\xe8\x5d\x11\xbe\x05l\x05\x02\x05\xe6\x8e\x05\xe8\x5d\x11\xbe\x05l\x05\xe6\x05\xe6\xe6\x05\xe8\x5d\x11\xbe\x05l\x05\x02\x05\xe6\xfb\x05\xe8\x5d\x11\xbe\x05l\x05\x02\x05\xe6\x02\x05\xe8\x5d\x11\xbe\x05l\x05\x02\x05</data></match></read>
    <read><delim>\x05</delim><match><data>z\x7f</data></match></read>
    <read><length>2</length><match><data>\x10K</data></match></read>
    <!-- ADD\x5fTICKET\x7cIKIh\x7cJTPtJLcvsUjzz\x7c03\x7c\x7c -->
    <write><data>\x23\xd4\xd4\xd2\x26\x09\xd3\x7f2\x26\xfe\x09\x7f\x09\x8f\xfe\x18\x26\xde\xbb\x18\x89\x92\x0a\xd7\x12\xd1\x9b\x9b\xfel\xfb\xfe\xfe</data></write>
    <read><delim>\x05</delim><match><data>z\x7f</data></match></read>
    <read><length>2</length><match><data>\x10K</data></match></read>
    <!-- LIST\x5fSUPPORT\x7c\x7c -->
    <write><data>\x89\x09\x86\x26\xd2\x86\x12\xde\xdez\x7e\x26\xfe\xfe</data></write>
    <read><length>139</length><match><data>\x8e\xfb\x05\xe8\x5d\x11\xbe\x05l\x05\xb0\x05\x8e\x02\x05\x8e\xc6\x05l\x05\x02\x05\x8e\xb0\x05\xe8\x5d\x11\xbe\x05l\x05\xfb\x05\x8e\xcb\x05\xe8\x5d\x11\xbe\x05l\x05\xe6\x05\x8e\xd6\x05\xe8\x5d\x11\xbe\x05l\x05\xe6\x05\x8e\xc6\x05\xe8\x5d\x11\xbe\x05l\x05\xfb\x05\x8eN\x05\xe8\x5d\x11\xbe\x05l\x05\x02\x05\xe6l\x05\xc6\x05l\x05\x02\x05\xe6\x8e\x05\xe8\x5d\x11\xbe\x05l\x05\xe6\x05\xe6\xe6\x05\xe8\x5d\x11\xbe\x05l\x05\x02\x05\xe6\xfb\x05\xe8\x5d\x11\xbe\x05l\x05\x02\x05\xe6\x02\x05\xe8\x5d\x11\xbe\x05l\x05\x02\x05</data></match></read>
    <read><delim>\x05</delim><match><data>z\x7f</data></match></read>
    <read><length>2</length><match><data>\x10K</data></match></read>
    <!-- FIRE\x7c00\x7c\x7c -->
    <write><data>\x40\x09\x7e2\xfell\xfe\xfe</data></write>
    <read><delim>\x05</delim><match><data>z\x7f</data></match></read>
    <read><length>2</length><match><data>\x10K</data></match></read>
    <!-- ADD\x5fTICKET\x7ckmTWoUWvOGNrJ\x7cKoCkYmW\x7c04\x7c\x7c -->
    <write><data>\x23\xd4\xd4\xd2\x26\x09\xd3\x7f2\x26\xfePv\x26\x3b\x5d\x12\x3b\x0az\x16\xe8\x9a\x18\xfe\x7f\x5d\xd3P\xc0v\x3b\xfel\x02\xfe\xfe</data></write>
    <read><delim>\x05</delim><match><data>z\x7f</data></match></read>
    <read><length>2</length><match><data>\x10K</data></match></read>
    <!-- ADD\x5fTICKET\x7cMrRcHtyk\x7cCsmgbEIWUaWzCEXJ\x7c01\x7c\x7c -->
    <write><data>\x23\xd4\xd4\xd2\x26\x09\xd3\x7f2\x26\xfeX\x9a\x7e\x92B\xbb\x06P\xfe\xd3\xd7v\xa7\xb72\x09\x3b\x12\x1a\x3b\x9b\xd32\x5c\x18\xfel\x8e\xfe\xfe</data></write>
    <read><delim>\x05</delim><match><data>z\x7f</data></match></read>
    <read><length>2</length><match><data>\x10K</data></match></read>
    <!-- FIRE\x7c02\x7c\x7c -->
    <write><data>\x40\x09\x7e2\xfel\xe6\xfe\xfe</data></write>
    <read><delim>\x05</delim><match><data>z\x7f</data></match></read>
    <read><length>2</length><match><data>\x10K</data></match></read>
    <!-- HIRE\x7c03\x7c\x7c -->
    <write><data>B\x09\x7e2\xfel\xfb\xfe\xfe</data></write>
    <read><delim>\x05</delim><match><data>z\x7f</data></match></read>
    <read><length>2</length><match><data>\x10K</data></match></read>
    <!-- VSTATUS\x7c42\x7c\x7c -->
    <write><data>f\x86\x26\x23\x26\x12\x86\xfe\x02\xe6\xfe\xfe</data></write>
    <read><delim>\x05</delim><match><data>z\x7f</data></match></read>
    <read><length>2</length><match><data>\x10K</data></match></read>
    <!-- VSTATUS\x7c42\x7c\x7c -->
    <write><data>f\x86\x26\x23\x26\x12\x86\xfe\x02\xe6\xfe\xfe</data></write>
    <read><delim>\x05</delim><match><data>z\x7f</data></match></read>
    <read><length>2</length><match><data>\x10K</data></match></read>
    <!-- FIRE\x7c05\x7c\x7c -->
    <write><data>\x40\x09\x7e2\xfel\xb0\xfe\xfe</data></write>
    <read><delim>\x05</delim><match><data>z\x7f</data></match></read>
    <read><length>2</length><match><data>\x10K</data></match></read>
    <!-- HIRE\x7c01\x7c\x7c -->
    <write><data>B\x09\x7e2\xfel\x8e\xfe\xfe</data></write>
    <read><delim>\x05</delim><match><data>z\x7f</data></match></read>
    <read><length>2</length><match><data>\x10K</data></match></read>
    <!-- FIRE\x7c02\x7c\x7c -->
    <write><data>\x40\x09\x7e2\xfel\xe6\xfe\xfe</data></write>
    <read><delim>\x05</delim><match><data>z\x7f</data></match></read>
    <read><length>2</length><match><data>\x10K</data></match></read>
    <!-- FIRE\x7c05\x7c\x7c -->
    <write><data>\x40\x09\x7e2\xfel\xb0\xfe\xfe</data></write>
    <read><delim>\x05</delim><match><data>z\x7f</data></match></read>
    <read><length>2</length><match><data>\x10K</data></match></read>
    <!-- FIRE\x7c03\x7c\x7c -->
    <write><data>\x40\x09\x7e2\xfel\xfb\xfe\xfe</data></write>
    <read><delim>\x05</delim><match><data>z\x7f</data></match></read>
    <read><length>2</length><match><data>\x10K</data></match></read>
    <!-- VIEW\x7c02\x7c\x7c -->
    <write><data>f\x092\x3b\xfel\xe6\xfe\xfe</data></write>
    <read><length>147</length><match><data>\xc6\x05P\x12\x9a\xe8\x7e\x06\x7f\xa9\xf4\x05\x8fF\x3bf\x3b\x23\x40z\x92b\x402\x5cW\xa7\x05\xe6\x05\x02\x05\xc6\x8e\x05\xe6\xcb\x05\xe6l\x05X\x9a\x7e\x92B\xbb\x06P\x05\xd3\xd7v\xa7\xb72\x09\x3b\x12\x1a\x3b\x9b\xd32\x5c\x18\x05\xe6\x05\x8e\x05\x8eN\x02\x05\xc6\x8e\x05\x8eN\x05Pv\x26\x3b\x5d\x12\x3b\x0az\x16\xe8\x9a\x18\x05\x7f\x5d\xd3P\xc0v\x3b\x05\xe6\x05\x02\x05\x8eN\xe6\x05\x8e\xd6\x05\x8e\xc6\x05\x09\x7f\x09\x8f\x05\x18\x26\xde\xbb\x18\x89\x92\x0a\xd7\x12\xd1\x9b\x9b\x05\xe6\x05\xfb\x05\x8e\xc6\xc6\x05\xb0\x8e\x05</data></match></read>
    <read><delim>\x05</delim><match><data>z\x7f</data></match></read>
    <read><length>2</length><match><data>\x10K</data></match></read>
    <!-- LIST\x5fFREE\x5fSUPPORT\x7c\x7c -->
    <write><data>\x89\x09\x86\x26\xd2\x40\x7e22\xd2\x86\x12\xde\xdez\x7e\x26\xfe\xfe</data></write>
    <read><length>72</length><match><data>\x8e\xc6\x05\xe8\x5d\x11\xbe\x05l\x05\xfb\x05\x8eN\x05\xe8\x5d\x11\xbe\x05l\x05\x02\x05\xe6\x8e\x05\xe8\x5d\x11\xbe\x05l\x05\xe6\x05\xe6\xe6\x05\xe8\x5d\x11\xbe\x05l\x05\x02\x05\xe6\x02\x05\xe8\x5d\x11\xbe\x05l\x05\x02\x05\xe6\xcb\x05\xe8\x5d\x11\xbe\x05l\x05\x8e\x05</data></match></read>
    <read><delim>\x05</delim><match><data>z\x7f</data></match></read>
    <read><length>2</length><match><data>\x10K</data></match></read>
    <!-- CANCEL\x5fTICKET\x7c08\x7c\x7c -->
    <write><data>\xd3\x23\xe8\xd32\x89\xd2\x26\x09\xd3\x7f2\x26\xfel\xc6\xfe\xfe</data></write>
    <read><delim>\x05</delim><match><data>z\x7f</data></match></read>
    <read><length>2</length><match><data>\x10K</data></match></read>
    <!-- LIST\x5fFREE\x5fSUPPORT\x7c\x7c -->
    <write><data>\x89\x09\x86\x26\xd2\x40\x7e22\xd2\x86\x12\xde\xdez\x7e\x26\xfe\xfe</data></write>
    <read><length>96</length><match><data>\x8e\x02\x05\xe8\x5d\x11\xbe\x05l\x05\x02\x05\x8e\xc6\x05\xe8\x5d\x11\xbe\x05l\x05\xfb\x05\x8eN\x05\xe8\x5d\x11\xbe\x05l\x05\x02\x05\xe6l\x05\xe8\x5d\x11\xbe\x05l\x05\x02\x05\xe6\x8e\x05\xe8\x5d\x11\xbe\x05l\x05\xe6\x05\xe6\x02\x05\xe8\x5d\x11\xbe\x05l\x05\x02\x05\xe6\xb0\x05\xe8\x5d\x11\xbe\x05l\x05\xfb\x05\xe6\xcb\x05\xe8\x5d\x11\xbe\x05l\x05\x8e\x05</data></match></read>
    <read><delim>\x05</delim><match><data>z\x7f</data></match></read>
    <read><length>2</length><match><data>\x10K</data></match></read>
    <!-- LIST\x5fFREE\x5fSUPPORT\x7c\x7c -->
    <write><data>\x89\x09\x86\x26\xd2\x40\x7e22\xd2\x86\x12\xde\xdez\x7e\x26\xfe\xfe</data></write>
    <read><length>108</length><match><data>\x8e\x02\x05\xe8\x5d\x11\xbe\x05l\x05\x02\x05\x8e\xc6\x05\xe8\x5d\x11\xbe\x05l\x05\xfb\x05\x8eN\x05\xe8\x5d\x11\xbe\x05l\x05\x02\x05\xe6l\x05\xe8\x5d\x11\xbe\x05l\x05\x02\x05\xe6\x8e\x05\xe8\x5d\x11\xbe\x05l\x05\xe6\x05\xe6\xe6\x05\xe8\x5d\x11\xbe\x05l\x05\x02\x05\xe6\x02\x05\xe8\x5d\x11\xbe\x05l\x05\x02\x05\xe6\xb0\x05\xe8\x5d\x11\xbe\x05l\x05\xfb\x05\xe6\xcb\x05\xe8\x5d\x11\xbe\x05l\x05\x8e\x05</data></match></read>
    <read><delim>\x05</delim><match><data>z\x7f</data></match></read>
    <read><length>2</length><match><data>\x10K</data></match></read>
    <!-- HIRE\x7c00\x7c\x7c -->
    <write><data>B\x09\x7e2\xfell\xfe\xfe</data></write>
    <read><delim>\x05</delim><match><data>z\x7f</data></match></read>
    <read><length>2</length><match><data>\x10K</data></match></read>
    <!-- VIEW\x7c\x7c -->
    <write><data>f\x092\x3b\xfe\xfe</data></write>
    <read><length>95</length><match><data>\x8e\xd6\x05\x06\xa9\x18b\x9aX\xc2F\xe9\x92\x05\xfc\xcev\xc0\x1a\xc2\x05\x8e\x05\xb0\x05\x8e\xd6\xb0\x05\xc6\xe6\x05\x8e\x02\x05\xd7\x18\x5c\x05\xde\xd3\x1a\x8f\xd4\x89\xb7\x40\x05\x8e\x05\xb0\x05\x8e\xb0\x02\x05\x02\xfb\x05\x8eN\x05Pv\x26\x3b\x5d\x12\x3b\x0az\x16\xe8\x9a\x18\x05\x7f\x5d\xd3P\xc0v\x3b\x05\xe6\x05\x02\x05\x8eN\xe6\x05\x8e\x8e\x05</data></match></read>
    <read><delim>\x05</delim><match><data>z\x7f</data></match></read>
    <read><length>2</length><match><data>\x10K</data></match></read>
    <!-- QUIT\x7c\x7c -->
    <write><data>\xe9\x12\x09\x26\xfe\xfe</data></write>
    <read><delim>\x05</delim><match><data>\x262\x7eX\x09\xe8\x23\x26\x09\xe8\x16K\x262\x7e\x7e\x09F\x892K\x26\x09\xd3\x7f2\x26K\x26\x7e\x23\xd3\x7f2\x7e</data></match></read>
</replay>
</pov>