<?xml version="1.0" standalone="no" ?>
<!DOCTYPE pov SYSTEM "/usr/share/cgc-docs/replay.dtd">
<pov>
<cbid>service</cbid>
<seed>e4a7b011fc08ee111a190e7abed19514aeae7a0a038ceaa82f036dfacb03631957508a0d14e66f4077a7df947e1d1cb7</seed>
<replay>
    <read><delim>\x05</delim><match><data>\x3b\xbe\xce\x92\x5dv\xbeK\xbb\x5dK\xbb\x8f\xbeK\xbb\xbe\x9a\x9a\xa9\xb7\xce\xbeK\xbb\xa9\x92P\xbe\xbbK\xbb\x9a\x1a\x92P\xbe\x9a</data></match></read>
    <read><length>2</length><match><data>\x10K</data></match></read>
    <!-- LIST\x5fFREE\x5fSUPPORT\x7c\x7c -->
    <write><data>\x89\x09\x86\x26\xd2\x40\x7e22\xd2\x86\x12\xde\xdez\x7e\x26\xfe\xfe</data></write>
    <read><length>22</length><match><data>\x8e\x05\xe8\x5d\x11\xbe\x05l\x05\xfb\x05\xe6\x05\xe8\x5d\x11\xbe\x05l\x05\xb0\x05</data></match></read>
    <read><delim>\x05</delim><match><data>z\x7f</data></match></read>
    <read><length>2</length><match><data>\x10K</data></match></read>
    <!-- ADD\x5fTICKET\x7cFKMDQcuFPPacKhi\x7cwYKjXz\x7c05\x7c\x7c -->
    <write><data>\x23\xd4\xd4\xd2\x26\x09\xd3\x7f2\x26\xfe\x40\x7fX\xd4\xe9\x92\x93\x40\xde\xde\x1a\x92\x7f\x8f\xa9\xfe\xf4\xc0\x7f\xd1\x5c\x9b\xfel\xb0\xfe\xfe</data></write>
    <read><delim>\x05</delim><match><data>z\x7f</data></match></read>
    <read><length>2</length><match><data>\x10K</data></match></read>
    <!-- FIRE\x7c02\x7c\x7c -->
    <write><data>\x40\x09\x7e2\xfel\xe6\xfe\xfe</data></write>
    <read><delim>\x05</delim><match><data>z\x7f</data></match></read>
    <read><length>2</length><match><data>\x10K</data></match></read>
    <!-- VIEW\x7c\x7c -->
    <write><data>f\x092\x3b\xfe\xfe</data></write>
    <read><length>34</length><match><data>\x8e\x05\x40\x7fX\xd4\xe9\x92\x93\x40\xde\xde\x1a\x92\x7f\x8f\xa9\x05\xf4\xc0\x7f\xd1\x5c\x9b\x05\x8e\x05\xb0\x05\xfb\x05N\xfb\x05</data></match></read>
    <read><delim>\x05</delim><match><data>z\x7f</data></match></read>
    <read><length>2</length><match><data>\x10K</data></match></read>
    <!-- VSTATUS\x7c04\x7c\x7c -->
    <write><data>f\x86\x26\x23\x26\x12\x86\xfel\x02\xfe\xfe</data></write>
    <read><delim>\x05</delim><match><data>z\x7f</data></match></read>
    <read><length>2</length><match><data>\x10K</data></match></read>
    <!-- VIEW\x7c02\x7c\x7c -->
    <write><data>f\x092\x3b\xfel\xe6\xfe\xfe</data></write>
    <read><delim>\x05</delim><match><data>z\x7f</data></match></read>
    <read><length>2</length><match><data>\x10K</data></match></read>
    <!-- VIEW\x7c\x7c -->
    <write><data>f\x092\x3b\xfe\xfe</data></write>
    <read><length>34</length><match><data>\x8e\x05\x40\x7fX\xd4\xe9\x92\x93\x40\xde\xde\x1a\x92\x7f\x8f\xa9\x05\xf4\xc0\x7f\xd1\x5c\x9b\x05\x8e\x05\xb0\x05\xfb\x05N\xfb\x05</data></match></read>
    <read><delim>\x05</delim><match><data>z\x7f</data></match></read>
    <read><length>2</length><match><data>\x10K</data></match></read>
    <!-- HIRE\x7c00\x7c\x7c -->
    <write><data>B\x09\x7e2\xfell\xfe\xfe</data></write>
    <read><delim>\x05</delim><match><data>z\x7f</data></match></read>
    <read><length>2</length><match><data>\x10K</data></match></read>
    <!-- VSTATUS\x7c04\x7c\x7c -->
    <write><data>f\x86\x26\x23\x26\x12\x86\xfel\x02\xfe\xfe</data></write>
    <read><delim>\x05</delim><match><data>z\x7f</data></match></read>
    <read><length>2</length><match><data>\x10K</data></match></read>
    <!-- LIST\x5fSUPPORT\x7c\x7c -->
    <write><data>\x89\x09\x86\x26\xd2\x86\x12\xde\xdez\x7e\x26\xfe\xfe</data></write>
    <read><length>22</length><match><data>\x8e\x05\xe8\x5d\x11\xbe\x05l\x05\xfb\x05\xe6\x05\xe8\x5d\x11\xbe\x05l\x05\xb0\x05</data></match></read>
    <read><delim>\x05</delim><match><data>z\x7f</data></match></read>
    <read><length>2</length><match><data>\x10K</data></match></read>
    <!-- ADD\x5fTICKET\x7cQX\x7cXXiWOlvWxL\x7c04\x7c\x7c -->
    <write><data>\x23\xd4\xd4\xd2\x26\x09\xd3\x7f2\x26\xfe\xe9\x5c\xfe\x5c\x5c\xa9\x3bz\xce\x0a\x3b\xfc\x89\xfel\x02\xfe\xfe</data></write>
    <read><delim>\x05</delim><match><data>z\x7f</data></match></read>
    <read><length>2</length><match><data>\x10K</data></match></read>
    <!-- ADD\x5fTICKET\x7cnMniFYKKJDNeNX\x7cNuYYChCxhY\x7c02\x7c\x7c -->
    <write><data>\x23\xd4\xd4\xd2\x26\x09\xd3\x7f2\x26\xfe\x11X\x11\xa9\x40\xc0\x7f\x7f\x18\xd4\xe8\xbe\xe8\x5c\xfe\xe8\x93\xc0\xc0\xd3\x8f\xd3\xfc\x8f\xc0\xfel\xe6\xfe\xfe</data></write>
    <read><delim>\x05</delim><match><data>z\x7f</data></match></read>
    <read><length>2</length><match><data>\x10K</data></match></read>
    <!-- LIST\x5fFREE\x5fSUPPORT\x7c\x7c -->
    <write><data>\x89\x09\x86\x26\xd2\x40\x7e22\xd2\x86\x12\xde\xdez\x7e\x26\xfe\xfe</data></write>
    <read><length>11</length><match><data>\xe6\x05\xe8\x5d\x11\xbe\x05l\x05\xb0\x05</data></match></read>
    <read><delim>\x05</delim><match><data>z\x7f</data></match></read>
    <read><length>2</length><match><data>\x10K</data></match></read>
    <!-- FIRE\x7c04\x7c\x7c -->
    <write><data>\x40\x09\x7e2\xfel\x02\xfe\xfe</data></write>
    <read><delim>\x05</delim><match><data>z\x7f</data></match></read>
    <read><length>2</length><match><data>\x10K</data></match></read>
    <!-- LIST\x5fFREE\x5fSUPPORT\x7c\x7c -->
    <write><data>\x89\x09\x86\x26\xd2\x40\x7e22\xd2\x86\x12\xde\xdez\x7e\x26\xfe\xfe</data></write>
    <read><length>22</length><match><data>\x8e\x05\xe8\x5d\x11\xbe\x05l\x05\xfb\x05\xe6\x05\xe8\x5d\x11\xbe\x05l\x05\xb0\x05</data></match></read>
    <read><delim>\x05</delim><match><data>z\x7f</data></match></read>
    <read><length>2</length><match><data>\x10K</data></match></read>
    <!-- HIRE\x7c03\x7c\x7c -->
    <write><data>B\x09\x7e2\xfel\xfb\xfe\xfe</data></write>
    <read><delim>\x05</delim><match><data>z\x7f</data></match></read>
    <read><length>2</length><match><data>\x10K</data></match></read>
    <!-- VIEW\x7c01\x7c\x7c -->
    <write><data>f\x092\x3b\xfel\x8e\xfe\xfe</data></write>
    <read><length>59</length><match><data>\xe6\x05\xe9\x5c\x05\x5c\x5c\xa9\x3bz\xce\x0a\x3b\xfc\x89\x05\x8e\x05\x02\x05\x8e\xfb\x05\xcb\x05\x8e\x05\x40\x7fX\xd4\xe9\x92\x93\x40\xde\xde\x1a\x92\x7f\x8f\xa9\x05\xf4\xc0\x7f\xd1\x5c\x9b\x05\x8e\x05\xb0\x05\xfb\x05N\xfb\x05</data></match></read>
    <read><delim>\x05</delim><match><data>z\x7f</data></match></read>
    <read><length>2</length><match><data>\x10K</data></match></read>
    <!-- FIRE\x7c05\x7c\x7c -->
    <write><data>\x40\x09\x7e2\xfel\xb0\xfe\xfe</data></write>
    <read><delim>\x05</delim><match><data>z\x7f</data></match></read>
    <read><length>2</length><match><data>\x10K</data></match></read>
    <!-- LIST\x5fSUPPORT\x7c\x7c -->
    <write><data>\x89\x09\x86\x26\xd2\x86\x12\xde\xdez\x7e\x26\xfe\xfe</data></write>
    <read><length>22</length><match><data>\x8e\x05\xe8\x5d\x11\xbe\x05l\x05\xfb\x05\xfb\x05\xe8\x5d\x11\xbe\x05l\x05\xfb\x05</data></match></read>
    <read><delim>\x05</delim><match><data>z\x7f</data></match></read>
    <read><length>2</length><match><data>\x10K</data></match></read>
    <!-- ADD\x5fTICKET\x7cqCEVdRr\x7cvtQRwphMcEYTshhL\x7c03\x7c\x7c -->
    <write><data>\x23\xd4\xd4\xd2\x26\x09\xd3\x7f2\x26\xfe\xa0\xd32fb\x7e\x9a\xfe\x0a\xbb\xe9\x7e\xf4W\x8fX\x922\xc0\x26\xd7\x8f\x8f\x89\xfel\xfb\xfe\xfe</data></write>
    <read><delim>\x05</delim><match><data>z\x7f</data></match></read>
    <read><length>2</length><match><data>\x10K</data></match></read>
    <!-- VSTATUS\x7c10\x7c\x7c -->
    <write><data>f\x86\x26\x23\x26\x12\x86\xfe\x8el\xfe\xfe</data></write>
    <read><delim>\x05</delim><match><data>z\x7f</data></match></read>
    <read><length>2</length><match><data>\x10K</data></match></read>
    <!-- ADD\x5fTICKET\x7chniez\x7cZkFKANEIfNuraBF\x7c03\x7c\x7c -->
    <write><data>\x23\xd4\xd4\xd2\x26\x09\xd3\x7f2\x26\xfe\x8f\x11\xa9\xbe\x9b\xfe\xcdP\x40\x7f\x23\xe82\x09\xc2\xe8\x93\x9a\x1aF\x40\xfel\xfb\xfe\xfe</data></write>
    <read><delim>\x05</delim><match><data>z\x7f</data></match></read>
    <read><length>2</length><match><data>\x10K</data></match></read>
    <!-- LIST\x5fSUPPORT\x7c\x7c -->
    <write><data>\x89\x09\x86\x26\xd2\x86\x12\xde\xdez\x7e\x26\xfe\xfe</data></write>
    <read><length>19</length><match><data>\x8e\x05\xb0\x05l\x05\xfb\x05\xfb\x05\xe8\x5d\x11\xbe\x05l\x05\xfb\x05</data></match></read>
    <read><delim>\x05</delim><match><data>z\x7f</data></match></read>
    <read><length>2</length><match><data>\x10K</data></match></read>
    <!-- VSTATUS\x7c12\x7c\x7c -->
    <write><data>f\x86\x26\x23\x26\x12\x86\xfe\x8e\xe6\xfe\xfe</data></write>
    <read><delim>\x05</delim><match><data>z\x7f</data></match></read>
    <read><length>2</length><match><data>\x10K</data></match></read>
    <!-- HIRE\x7c03\x7c\x7c -->
    <write><data>B\x09\x7e2\xfel\xfb\xfe\xfe</data></write>
    <read><delim>\x05</delim><match><data>z\x7f</data></match></read>
    <read><length>2</length><match><data>\x10K</data></match></read>
    <!-- ADD\x5fTICKET\x7ccReqpOC\x7cBfdDpkPToPhZ\x7c03\x7c\x7c -->
    <write><data>\x23\xd4\xd4\xd2\x26\x09\xd3\x7f2\x26\xfe\x92\x7e\xbe\xa0Wz\xd3\xfeF\xc2b\xd4WP\xde\x26\x5d\xde\x8f\xcd\xfel\xfb\xfe\xfe</data></write>
    <read><delim>\x05</delim><match><data>z\x7f</data></match></read>
    <read><length>2</length><match><data>\x10K</data></match></read>
    <!-- LIST\x5fFREE\x5fSUPPORT\x7c\x7c -->
    <write><data>\x89\x09\x86\x26\xd2\x40\x7e22\xd2\x86\x12\xde\xdez\x7e\x26\xfe\xfe</data></write>
    <read><length>11</length><match><data>\x02\x05\xe8\x5d\x11\xbe\x05l\x05\xfb\x05</data></match></read>
    <read><delim>\x05</delim><match><data>z\x7f</data></match></read>
    <read><length>2</length><match><data>\x10K</data></match></read>
    <!-- ADD\x5fTICKET\x7cnUQnmMkhQQmdRAU\x7caXTqpnJmrrjmK\x7c05\x7c\x7c -->
    <write><data>\x23\xd4\xd4\xd2\x26\x09\xd3\x7f2\x26\xfe\x11\x12\xe9\x11vXP\x8f\xe9\xe9vb\x7e\x23\x12\xfe\x1a\x5c\x26\xa0W\x11\x18v\x9a\x9a\xd1v\x7f\xfel\xb0\xfe\xfe</data></write>
    <read><delim>\x05</delim><match><data>z\x7f</data></match></read>
    <read><length>2</length><match><data>\x10K</data></match></read>
    <!-- LIST\x5fSUPPORT\x7c\x7c -->
    <write><data>\x89\x09\x86\x26\xd2\x86\x12\xde\xdez\x7e\x26\xfe\xfe</data></write>
    <read><length>30</length><match><data>\x8e\x05\xb0\x05l\x05\xfb\x05\xfb\x05\xe8\x5d\x11\xbe\x05l\x05\xfb\x05\x02\x05\xe8\x5d\x11\xbe\x05l\x05\xfb\x05</data></match></read>
    <read><delim>\x05</delim><match><data>z\x7f</data></match></read>
    <read><length>2</length><match><data>\x10K</data></match></read>
    <!-- VSTATUS\x7c16\x7c\x7c -->
    <write><data>f\x86\x26\x23\x26\x12\x86\xfe\x8e\xcb\xfe\xfe</data></write>
    <read><delim>\x05</delim><match><data>z\x7f</data></match></read>
    <read><length>2</length><match><data>\x10K</data></match></read>
    <!-- FIRE\x7c03\x7c\x7c -->
    <write><data>\x40\x09\x7e2\xfel\xfb\xfe\xfe</data></write>
    <read><delim>\x05</delim><match><data>z\x7f</data></match></read>
    <read><length>2</length><match><data>\x10K</data></match></read>
    <!-- LIST\x5fSUPPORT\x7c\x7c -->
    <write><data>\x89\x09\x86\x26\xd2\x86\x12\xde\xdez\x7e\x26\xfe\xfe</data></write>
    <read><length>19</length><match><data>\xfb\x05\xb0\x05l\x05\xfb\x05\x02\x05\xe8\x5d\x11\xbe\x05l\x05\xfb\x05</data></match></read>
    <read><delim>\x05</delim><match><data>z\x7f</data></match></read>
    <read><length>2</length><match><data>\x10K</data></match></read>
    <!-- FIRE\x7c01\x7c\x7c -->
    <write><data>\x40\x09\x7e2\xfel\x8e\xfe\xfe</data></write>
    <read><delim>\x05</delim><match><data>z\x7f</data></match></read>
    <read><length>2</length><match><data>\x10K</data></match></read>
    <!-- LIST\x5fSUPPORT\x7c\x7c -->
    <write><data>\x89\x09\x86\x26\xd2\x86\x12\xde\xdez\x7e\x26\xfe\xfe</data></write>
    <read><length>19</length><match><data>\xfb\x05\xb0\x05l\x05\xfb\x05\x02\x05\xe8\x5d\x11\xbe\x05l\x05\xfb\x05</data></match></read>
    <read><delim>\x05</delim><match><data>z\x7f</data></match></read>
    <read><length>2</length><match><data>\x10K</data></match></read>
    <!-- ADD\x5fTICKET\x7cOMejw\x7cWkTsLVUaATGaZejh\x7c04\x7c\x7c -->
    <write><data>\x23\xd4\xd4\xd2\x26\x09\xd3\x7f2\x26\xfezX\xbe\xd1\xf4\xfe\x3bP\x26\xd7\x89f\x12\x1a\x23\x26\x16\x1a\xcd\xbe\xd1\x8f\xfel\x02\xfe\xfe</data></write>
    <read><delim>\x05</delim><match><data>z\x7f</data></match></read>
    <read><length>2</length><match><data>\x10K</data></match></read>
    <!-- LIST\x5fSUPPORT\x7c\x7c -->
    <write><data>\x89\x09\x86\x26\xd2\x86\x12\xde\xdez\x7e\x26\xfe\xfe</data></write>
    <read><length>19</length><match><data>\xfb\x05\xb0\x05l\x05\xfb\x05\x02\x05\xe8\x5d\x11\xbe\x05l\x05\xfb\x05</data></match></read>
    <read><delim>\x05</delim><match><data>z\x7f</data></match></read>
    <read><length>2</length><match><data>\x10K</data></match></read>
    <!-- LIST\x5fFREE\x5fSUPPORT\x7c\x7c -->
    <write><data>\x89\x09\x86\x26\xd2\x40\x7e22\xd2\x86\x12\xde\xdez\x7e\x26\xfe\xfe</data></write>
    <read><length>11</length><match><data>\xfb\x05\xe8\x5d\x11\xbe\x05l\x05\xfb\x05</data></match></read>
    <read><delim>\x05</delim><match><data>z\x7f</data></match></read>
    <read><length>2</length><match><data>\x10K</data></match></read>
    <!-- FIRE\x7c01\x7c\x7c -->
    <write><data>\x40\x09\x7e2\xfel\x8e\xfe\xfe</data></write>
    <read><delim>\x05</delim><match><data>z\x7f</data></match></read>
    <read><length>2</length><match><data>\x10K</data></match></read>
    <!-- HIRE\x7c05\x7c\x7c -->
    <write><data>B\x09\x7e2\xfel\xb0\xfe\xfe</data></write>
    <read><delim>\x05</delim><match><data>z\x7f</data></match></read>
    <read><length>2</length><match><data>\x10K</data></match></read>
    <!-- LIST\x5fSUPPORT\x7c\x7c -->
    <write><data>\x89\x09\x86\x26\xd2\x86\x12\xde\xdez\x7e\x26\xfe\xfe</data></write>
    <read><length>27</length><match><data>\xfb\x05\xe8\x5d\x11\xbe\x05l\x05\xfb\x05\x02\x05\xb0\x05l\x05\xfb\x05\xb0\x05\x8e\x05l\x05\xb0\x05</data></match></read>
    <read><delim>\x05</delim><match><data>z\x7f</data></match></read>
    <read><length>2</length><match><data>\x10K</data></match></read>
    <!-- ADD\x5fTICKET\x7ciIKpvyFqFUKoDLV\x7ccsy\x7c03\x7c\x7c -->
    <write><data>\x23\xd4\xd4\xd2\x26\x09\xd3\x7f2\x26\xfe\xa9\x09\x7fW\x0a\x06\x40\xa0\x40\x12\x7f\x5d\xd4\x89f\xfe\x92\xd7\x06\xfel\xfb\xfe\xfe</data></write>
    <read><delim>\x05</delim><match><data>z\x7f</data></match></read>
    <read><length>2</length><match><data>\x10K</data></match></read>
    <!-- ADD\x5fTICKET\x7cxOvJE\x7cmlUdrFdnr\x7c02\x7c\x7c -->
    <write><data>\x23\xd4\xd4\xd2\x26\x09\xd3\x7f2\x26\xfe\xfcz\x0a\x182\xfev\xce\x12b\x9a\x40b\x11\x9a\xfel\xe6\xfe\xfe</data></write>
    <read><delim>\x05</delim><match><data>z\x7f</data></match></read>
    <read><length>2</length><match><data>\x10K</data></match></read>
    <!-- VIEW\x7c\x7c -->
    <write><data>f\x092\x3b\xfe\xfe</data></write>
    <read><length>197</length><match><data>\x8el\x05\xfcz\x0a\x182\x05v\xce\x12b\x9a\x40b\x11\x9a\x05\x8e\x05\xe6\x05\xb0\xe6\x05\x8e\xc6\x05\xe6\x05\xe9\x5c\x05\x5c\x5c\xa9\x3bz\xce\x0a\x3b\xfc\x89\x05\x8e\x05\x02\x05\x8e\xfb\x05\xcb\x05\xc6\x05zX\xbe\xd1\xf4\x05\x3bP\x26\xd7\x89f\x12\x1a\x23\x26\x16\x1a\xcd\xbe\xd1\x8f\x05\x8e\x05\x02\x05\x02\xfb\x05\xcbl\x05\x8e\x05\x40\x7fX\xd4\xe9\x92\x93\x40\xde\xde\x1a\x92\x7f\x8f\xa9\x05\xf4\xc0\x7f\xd1\x5c\x9b\x05\x8e\x05\xb0\x05\xfb\x05N\xe6\x05N\x05\xa9\x09\x7fW\x0a\x06\x40\xa0\x40\x12\x7f\x5d\xd4\x89f\x05\x92\xd7\x06\x05\xe6\x05\xfb\x05\xb0l\x05\xcb\x8e\x05\xd6\x05\x11\x12\xe9\x11vXP\x8f\xe9\xe9vb\x7e\x23\x12\x05\x1a\x5c\x26\xa0W\x11\x18v\x9a\x9a\xd1v\x7f\x05\xe6\x05\xb0\x05\xfb\xb0\x05\x02\x02\x05</data></match></read>
    <read><delim>\x05</delim><match><data>z\x7f</data></match></read>
    <read><length>2</length><match><data>\x10K</data></match></read>
    <!-- ADD\x5fTICKET\x7cgetG\x7cUnNC\x7c05\x7c\x7c -->
    <write><data>\x23\xd4\xd4\xd2\x26\x09\xd3\x7f2\x26\xfe\xa7\xbe\xbb\x16\xfe\x12\x11\xe8\xd3\xfel\xb0\xfe\xfe</data></write>
    <read><delim>\x05</delim><match><data>z\x7f</data></match></read>
    <read><length>2</length><match><data>\x10K</data></match></read>
    <!-- CANCEL\x5fTICKET\x7c02\x7c\x7c -->
    <write><data>\xd3\x23\xe8\xd32\x89\xd2\x26\x09\xd3\x7f2\x26\xfel\xe6\xfe\xfe</data></write>
    <read><delim>\x05</delim><match><data>z\x7f</data></match></read>
    <read><length>2</length><match><data>\x10K</data></match></read>
    <!-- LIST\x5fSUPPORT\x7c\x7c -->
    <write><data>\x89\x09\x86\x26\xd2\x86\x12\xde\xdez\x7e\x26\xfe\xfe</data></write>
    <read><length>27</length><match><data>\xfb\x05N\x05l\x05\xfb\x05\x02\x05\xe8\x5d\x11\xbe\x05l\x05\xfb\x05\xb0\x05\xd6\x05l\x05\xb0\x05</data></match></read>
    <read><delim>\x05</delim><match><data>z\x7f</data></match></read>
    <read><length>2</length><match><data>\x10K</data></match></read>
    <!-- FIRE\x7c05\x7c\x7c -->
    <write><data>\x40\x09\x7e2\xfel\xb0\xfe\xfe</data></write>
    <read><delim>\x05</delim><match><data>z\x7f</data></match></read>
    <read><length>2</length><match><data>\x10K</data></match></read>
    <!-- CANCEL\x5fTICKET\x7c09\x7c\x7c -->
    <write><data>\xd3\x23\xe8\xd32\x89\xd2\x26\x09\xd3\x7f2\x26\xfelN\xfe\xfe</data></write>
    <read><delim>\x05</delim><match><data>z\x7f</data></match></read>
    <read><length>2</length><match><data>\x10K</data></match></read>
    <!-- HIRE\x7c02\x7c\x7c -->
    <write><data>B\x09\x7e2\xfel\xe6\xfe\xfe</data></write>
    <read><delim>\x05</delim><match><data>z\x7f</data></match></read>
    <read><length>2</length><match><data>\x10K</data></match></read>
    <!-- CANCEL\x5fTICKET\x7c03\x7c\x7c -->
    <write><data>\xd3\x23\xe8\xd32\x89\xd2\x26\x09\xd3\x7f2\x26\xfel\xfb\xfe\xfe</data></write>
    <read><delim>\x05</delim><match><data>z\x7f</data></match></read>
    <read><length>2</length><match><data>\x10K</data></match></read>
    <!-- LIST\x5fSUPPORT\x7c\x7c -->
    <write><data>\x89\x09\x86\x26\xd2\x86\x12\xde\xdez\x7e\x26\xfe\xfe</data></write>
    <read><length>33</length><match><data>\xfb\x05\xe8\x5d\x11\xbe\x05l\x05\xfb\x05\x02\x05\xe8\x5d\x11\xbe\x05l\x05\xfb\x05\xcb\x05\xe8\x5d\x11\xbe\x05l\x05\xe6\x05</data></match></read>
    <read><delim>\x05</delim><match><data>z\x7f</data></match></read>
    <read><length>2</length><match><data>\x10K</data></match></read>
    <!-- CANCEL\x5fTICKET\x7c24\x7c\x7c -->
    <write><data>\xd3\x23\xe8\xd32\x89\xd2\x26\x09\xd3\x7f2\x26\xfe\xe6\x02\xfe\xfe</data></write>
    <read><delim>\x05</delim><match><data>z\x7f</data></match></read>
    <read><length>2</length><match><data>\x10K</data></match></read>
    <!-- VIEW\x7c03\x7c\x7c -->
    <write><data>f\x092\x3b\xfel\xfb\xfe\xfe</data></write>
    <read><delim>\x05</delim><match><data>z\x7f</data></match></read>
    <read><length>2</length><match><data>\x10K</data></match></read>
    <!-- LIST\x5fFREE\x5fSUPPORT\x7c\x7c -->
    <write><data>\x89\x09\x86\x26\xd2\x40\x7e22\xd2\x86\x12\xde\xdez\x7e\x26\xfe\xfe</data></write>
    <read><length>33</length><match><data>\xfb\x05\xe8\x5d\x11\xbe\x05l\x05\xfb\x05\x02\x05\xe8\x5d\x11\xbe\x05l\x05\xfb\x05\xcb\x05\xe8\x5d\x11\xbe\x05l\x05\xe6\x05</data></match></read>
    <read><delim>\x05</delim><match><data>z\x7f</data></match></read>
    <read><length>2</length><match><data>\x10K</data></match></read>
    <!-- HIRE\x7c05\x7c\x7c -->
    <write><data>B\x09\x7e2\xfel\xb0\xfe\xfe</data></write>
    <read><delim>\x05</delim><match><data>z\x7f</data></match></read>
    <read><length>2</length><match><data>\x10K</data></match></read>
    <!-- CANCEL\x5fTICKET\x7c24\x7c\x7c -->
    <write><data>\xd3\x23\xe8\xd32\x89\xd2\x26\x09\xd3\x7f2\x26\xfe\xe6\x02\xfe\xfe</data></write>
    <read><delim>\x05</delim><match><data>z\x7f</data></match></read>
    <read><length>2</length><match><data>\x10K</data></match></read>
    <!-- ADD\x5fTICKET\x7cRyPUIRfWlZ\x7ctUIAbuRDMYRQsTQf\x7c01\x7c\x7c -->
    <write><data>\x23\xd4\xd4\xd2\x26\x09\xd3\x7f2\x26\xfe\x7e\x06\xde\x12\x09\x7e\xc2\x3b\xce\xcd\xfe\xbb\x12\x09\x23\xb7\x93\x7e\xd4X\xc0\x7e\xe9\xd7\x26\xe9\xc2\xfel\x8e\xfe\xfe</data></write>
    <read><delim>\x05</delim><match><data>z\x7f</data></match></read>
    <read><length>2</length><match><data>\x10K</data></match></read>
    <!-- HIRE\x7c04\x7c\x7c -->
    <write><data>B\x09\x7e2\xfel\x02\xfe\xfe</data></write>
    <read><delim>\x05</delim><match><data>z\x7f</data></match></read>
    <read><length>16</length><match><data>\x26\xa9\x92P\xbe\xbbK\x40\xa9\x11\xa9\xd7\x8f\xbeb\x05</data></match></read>
    <read><length>2</length><match><data>\xfb\x05</data></match></read>
    <read><length>16</length><match><data>\xbb\x12\x09\x23\xb7\x93\x7e\xd4X\xc0\x7e\xe9\xd7\x26\xe9\xc2</data></match></read>
    <read><length>2</length><match><data>\x10K</data></match></read>
    <!-- ADD\x5fTICKET\x7cuFayYLze\x7cDMtNe\x7c04\x7c\x7c -->
    <write><data>\x23\xd4\xd4\xd2\x26\x09\xd3\x7f2\x26\xfe\x93\x40\x1a\x06\xc0\x89\x9b\xbe\xfe\xd4X\xbb\xe8\xbe\xfel\x02\xfe\xfe</data></write>
    <read><delim>\x05</delim><match><data>z\x7f</data></match></read>
    <read><length>2</length><match><data>\x10K</data></match></read>
    <!-- HIRE\x7c00\x7c\x7c -->
    <write><data>B\x09\x7e2\xfell\xfe\xfe</data></write>
    <read><delim>\x05</delim><match><data>z\x7f</data></match></read>
    <read><length>2</length><match><data>\x10K</data></match></read>
    <!-- FIRE\x7c03\x7c\x7c -->
    <write><data>\x40\x09\x7e2\xfel\xfb\xfe\xfe</data></write>
    <read><delim>\x05</delim><match><data>z\x7f</data></match></read>
    <read><length>2</length><match><data>\x10K</data></match></read>
    <!-- LIST\x5fFREE\x5fSUPPORT\x7c\x7c -->
    <write><data>\x89\x09\x86\x26\xd2\x40\x7e22\xd2\x86\x12\xde\xdez\x7e\x26\xfe\xfe</data></write>
    <read><length>22</length><match><data>\x02\x05\xe8\x5d\x11\xbe\x05l\x05\xfb\x05\xcb\x05\xe8\x5d\x11\xbe\x05l\x05\xe6\x05</data></match></read>
    <read><delim>\x05</delim><match><data>z\x7f</data></match></read>
    <read><length>2</length><match><data>\x10K</data></match></read>
    <!-- VSTATUS\x7c28\x7c\x7c -->
    <write><data>f\x86\x26\x23\x26\x12\x86\xfe\xe6\xc6\xfe\xfe</data></write>
    <read><delim>\x05</delim><match><data>z\x7f</data></match></read>
    <read><length>2</length><match><data>\x10K</data></match></read>
    <!-- ADD\x5fTICKET\x7cYEHsBSoymWOZ\x7cHYDyClms\x7c03\x7c\x7c -->
    <write><data>\x23\xd4\xd4\xd2\x26\x09\xd3\x7f2\x26\xfe\xc02B\xd7F\x86\x5d\x06v\x3bz\xcd\xfeB\xc0\xd4\x06\xd3\xcev\xd7\xfel\xfb\xfe\xfe</data></write>
    <read><delim>\x05</delim><match><data>z\x7f</data></match></read>
    <read><length>2</length><match><data>\x10K</data></match></read>
    <!-- FIRE\x7c02\x7c\x7c -->
    <write><data>\x40\x09\x7e2\xfel\xe6\xfe\xfe</data></write>
    <read><delim>\x05</delim><match><data>z\x7f</data></match></read>
    <read><length>2</length><match><data>\x10K</data></match></read>
    <!-- FIRE\x7c00\x7c\x7c -->
    <write><data>\x40\x09\x7e2\xfell\xfe\xfe</data></write>
    <read><delim>\x05</delim><match><data>z\x7f</data></match></read>
    <read><length>2</length><match><data>\x10K</data></match></read>
    <!-- ADD\x5fTICKET\x7cNIHSFXaJc\x7cbMpNbXOGtXAPLBkl\x7c01\x7c\x7c -->
    <write><data>\x23\xd4\xd4\xd2\x26\x09\xd3\x7f2\x26\xfe\xe8\x09B\x86\x40\x5c\x1a\x18\x92\xfe\xb7XW\xe8\xb7\x5cz\x16\xbb\x5c\x23\xde\x89FP\xce\xfel\x8e\xfe\xfe</data></write>
    <read><delim>\x05</delim><match><data>z\x7f</data></match></read>
    <read><length>2</length><match><data>\x10K</data></match></read>
    <!-- ADD\x5fTICKET\x7cHjq\x7cFw\x7c05\x7c\x7c -->
    <write><data>\x23\xd4\xd4\xd2\x26\x09\xd3\x7f2\x26\xfeB\xd1\xa0\xfe\x40\xf4\xfel\xb0\xfe\xfe</data></write>
    <read><delim>\x05</delim><match><data>z\x7f</data></match></read>
    <read><length>2</length><match><data>\x10K</data></match></read>
    <!-- LIST\x5fFREE\x5fSUPPORT\x7c\x7c -->
    <write><data>\x89\x09\x86\x26\xd2\x40\x7e22\xd2\x86\x12\xde\xdez\x7e\x26\xfe\xfe</data></write>
    <read><length>22</length><match><data>\x02\x05\xe8\x5d\x11\xbe\x05l\x05\xfb\x05\xc6\x05\xe8\x5d\x11\xbe\x05l\x05\x02\x05</data></match></read>
    <read><delim>\x05</delim><match><data>z\x7f</data></match></read>
    <read><length>2</length><match><data>\x10K</data></match></read>
    <!-- FIRE\x7c00\x7c\x7c -->
    <write><data>\x40\x09\x7e2\xfell\xfe\xfe</data></write>
    <read><delim>\x05</delim><match><data>z\x7f</data></match></read>
    <read><length>2</length><match><data>\x10K</data></match></read>
    <!-- VSTATUS\x7c34\x7c\x7c -->
    <write><data>f\x86\x26\x23\x26\x12\x86\xfe\xfb\x02\xfe\xfe</data></write>
    <read><delim>\x05</delim><match><data>z\x7f</data></match></read>
    <read><length>2</length><match><data>\x10K</data></match></read>
    <!-- HIRE\x7c01\x7c\x7c -->
    <write><data>B\x09\x7e2\xfel\x8e\xfe\xfe</data></write>
    <read><delim>\x05</delim><match><data>z\x7f</data></match></read>
    <read><length>2</length><match><data>\x10K</data></match></read>
    <!-- CANCEL\x5fTICKET\x7c34\x7c\x7c -->
    <write><data>\xd3\x23\xe8\xd32\x89\xd2\x26\x09\xd3\x7f2\x26\xfe\xfb\x02\xfe\xfe</data></write>
    <read><delim>\x05</delim><match><data>z\x7f</data></match></read>
    <read><length>2</length><match><data>\x10K</data></match></read>
    <!-- HIRE\x7c03\x7c\x7c -->
    <write><data>B\x09\x7e2\xfel\xfb\xfe\xfe</data></write>
    <read><delim>\x05</delim><match><data>z\x7f</data></match></read>
    <read><length>2</length><match><data>\x10K</data></match></read>
    <!-- FIRE\x7c00\x7c\x7c -->
    <write><data>\x40\x09\x7e2\xfell\xfe\xfe</data></write>
    <read><delim>\x05</delim><match><data>z\x7f</data></match></read>
    <read><length>2</length><match><data>\x10K</data></match></read>
    <!-- ADD\x5fTICKET\x7cQyqIvpSIqPGXoql\x7cRYXRIo\x7c02\x7c\x7c -->
    <write><data>\x23\xd4\xd4\xd2\x26\x09\xd3\x7f2\x26\xfe\xe9\x06\xa0\x09\x0aW\x86\x09\xa0\xde\x16\x5c\x5d\xa0\xce\xfe\x7e\xc0\x5c\x7e\x09\x5d\xfel\xe6\xfe\xfe</data></write>
    <read><delim>\x05</delim><match><data>z\x7f</data></match></read>
    <read><length>2</length><match><data>\x10K</data></match></read>
    <!-- CANCEL\x5fTICKET\x7c36\x7c\x7c -->
    <write><data>\xd3\x23\xe8\xd32\x89\xd2\x26\x09\xd3\x7f2\x26\xfe\xfb\xcb\xfe\xfe</data></write>
    <read><delim>\x05</delim><match><data>z\x7f</data></match></read>
    <read><length>2</length><match><data>\x10K</data></match></read>
    <!-- CANCEL\x5fTICKET\x7c36\x7c\x7c -->
    <write><data>\xd3\x23\xe8\xd32\x89\xd2\x26\x09\xd3\x7f2\x26\xfe\xfb\xcb\xfe\xfe</data></write>
    <read><delim>\x05</delim><match><data>z\x7f</data></match></read>
    <read><length>2</length><match><data>\x10K</data></match></read>
    <!-- ADD\x5fTICKET\x7cKC\x7csVcEXtuGDKvCjzCH\x7c02\x7c\x7c -->
    <write><data>\x23\xd4\xd4\xd2\x26\x09\xd3\x7f2\x26\xfe\x7f\xd3\xfe\xd7f\x922\x5c\xbb\x93\x16\xd4\x7f\x0a\xd3\xd1\x9b\xd3B\xfel\xe6\xfe\xfe</data></write>
    <read><delim>\x05</delim><match><data>z\x7f</data></match></read>
    <read><length>2</length><match><data>\x10K</data></match></read>
    <!-- FIRE\x7c02\x7c\x7c -->
    <write><data>\x40\x09\x7e2\xfel\xe6\xfe\xfe</data></write>
    <read><delim>\x05</delim><match><data>z\x7f</data></match></read>
    <read><length>2</length><match><data>\x10K</data></match></read>
    <!-- VIEW\x7c02\x7c\x7c -->
    <write><data>f\x092\x3b\xfel\xe6\xfe\xfe</data></write>
    <read><length>92</length><match><data>\x8e\xcb\x05B\xd1\xa0\x05\x40\xf4\x05\xe6\x05\xb0\x05\xc6\x02\x05\x8e\xfb\x05\x8e\xb0\x05\xe8\x09B\x86\x40\x5c\x1a\x18\x92\x05\xb7XW\xe8\xb7\x5cz\x16\xbb\x5c\x23\xde\x89FP\xce\x05\xe6\x05\x8e\x05\xc6\xe6\x05\xc6\x05\x8e\xc6\x05\x7f\xd3\x05\xd7f\x922\x5c\xbb\x93\x16\xd4\x7f\x0a\xd3\xd1\x9b\xd3B\x05\xe6\x05\xe6\x05N\xd6\x05\x8e\xe6\x05</data></match></read>
    <read><delim>\x05</delim><match><data>z\x7f</data></match></read>
    <read><length>2</length><match><data>\x10K</data></match></read>
    <!-- FIRE\x7c00\x7c\x7c -->
    <write><data>\x40\x09\x7e2\xfell\xfe\xfe</data></write>
    <read><delim>\x05</delim><match><data>z\x7f</data></match></read>
    <read><length>2</length><match><data>\x10K</data></match></read>
    <!-- VIEW\x7c01\x7c\x7c -->
    <write><data>f\x092\x3b\xfel\x8e\xfe\xfe</data></write>
    <read><length>162</length><match><data>\x8e\xfb\x05\x93\x40\x1a\x06\xc0\x89\x9b\xbe\x05\xd4X\xbb\xe8\xbe\x05\x8e\x05\x02\x05\xd6\xe6\x05N\xe6\x05\xc6\x05zX\xbe\xd1\xf4\x05\x3bP\x26\xd7\x89f\x12\x1a\x23\x26\x16\x1a\xcd\xbe\xd1\x8f\x05\x8e\x05\x02\x05\x02\xfb\x05\xb0N\x05\x8e\x05\x40\x7fX\xd4\xe9\x92\x93\x40\xde\xde\x1a\x92\x7f\x8f\xa9\x05\xf4\xc0\x7f\xd1\x5c\x9b\x05\x8e\x05\xb0\x05\xfb\x05\xc6\x8e\x05\x8e\x8e\x05\xa7\xbe\xbb\x16\x05\x12\x11\xe8\xd3\x05\x8e\x05\xb0\x05\xb0\xb0\x05\xcb\xcb\x05\xd6\x05\x11\x12\xe9\x11vXP\x8f\xe9\xe9vb\x7e\x23\x12\x05\x1a\x5c\x26\xa0W\x11\x18v\x9a\x9a\xd1v\x7f\x05\x8e\x05\xb0\x05\xfb\xb0\x05\xfb\xcb\x05</data></match></read>
    <read><delim>\x05</delim><match><data>z\x7f</data></match></read>
    <read><length>2</length><match><data>\x10K</data></match></read>
    <!-- CANCEL\x5fTICKET\x7c17\x7c\x7c -->
    <write><data>\xd3\x23\xe8\xd32\x89\xd2\x26\x09\xd3\x7f2\x26\xfe\x8e\xd6\xfe\xfe</data></write>
    <read><delim>\x05</delim><match><data>z\x7f</data></match></read>
    <read><length>2</length><match><data>\x10K</data></match></read>
    <!-- LIST\x5fFREE\x5fSUPPORT\x7c\x7c -->
    <write><data>\x89\x09\x86\x26\xd2\x40\x7e22\xd2\x86\x12\xde\xdez\x7e\x26\xfe\xfe</data></write>
    <read><length>34</length><match><data>\x02\x05\xe8\x5d\x11\xbe\x05l\x05\xfb\x05\xc6\x05\xe8\x5d\x11\xbe\x05l\x05\x02\x05\x8el\x05\xe8\x5d\x11\xbe\x05l\x05\xfb\x05</data></match></read>
    <read><delim>\x05</delim><match><data>z\x7f</data></match></read>
    <read><length>2</length><match><data>\x10K</data></match></read>
    <!-- ADD\x5fTICKET\x7crxEABFSJjR\x7cRHfabNvGk\x7c03\x7c\x7c -->
    <write><data>\x23\xd4\xd4\xd2\x26\x09\xd3\x7f2\x26\xfe\x9a\xfc2\x23F\x40\x86\x18\xd1\x7e\xfe\x7eB\xc2\x1a\xb7\xe8\x0a\x16P\xfel\xfb\xfe\xfe</data></write>
    <read><delim>\x05</delim><match><data>z\x7f</data></match></read>
    <read><length>2</length><match><data>\x10K</data></match></read>
    <!-- LIST\x5fSUPPORT\x7c\x7c -->
    <write><data>\x89\x09\x86\x26\xd2\x86\x12\xde\xdez\x7e\x26\xfe\xfe</data></write>
    <read><length>52</length><match><data>\x02\x05\x8eN\x05l\x05\xfb\x05\xd6\x05\x8e\xcb\x05l\x05\xb0\x05\xc6\x05\xe8\x5d\x11\xbe\x05l\x05\x02\x05N\x05\xe8\x5d\x11\xbe\x05l\x05\x8e\x05\x8el\x05\xe8\x5d\x11\xbe\x05l\x05\xfb\x05</data></match></read>
    <read><delim>\x05</delim><match><data>z\x7f</data></match></read>
    <read><length>2</length><match><data>\x10K</data></match></read>
    <!-- LIST\x5fSUPPORT\x7c\x7c -->
    <write><data>\x89\x09\x86\x26\xd2\x86\x12\xde\xdez\x7e\x26\xfe\xfe</data></write>
    <read><length>50</length><match><data>\x02\x05\x8eN\x05l\x05\xfb\x05\xd6\x05\x8e\xcb\x05l\x05\xb0\x05\xc6\x05\xe8\x5d\x11\xbe\x05l\x05\x02\x05N\x05\x8e\xb0\x05l\x05\x8e\x05\x8el\x05\xe8\x5d\x11\xbe\x05l\x05\xfb\x05</data></match></read>
    <read><delim>\x05</delim><match><data>z\x7f</data></match></read>
    <read><length>2</length><match><data>\x10K</data></match></read>
    <!-- LIST\x5fFREE\x5fSUPPORT\x7c\x7c -->
    <write><data>\x89\x09\x86\x26\xd2\x40\x7e22\xd2\x86\x12\xde\xdez\x7e\x26\xfe\xfe</data></write>
    <read><length>23</length><match><data>\xc6\x05\xe8\x5d\x11\xbe\x05l\x05\x02\x05\x8el\x05\xe8\x5d\x11\xbe\x05l\x05\xfb\x05</data></match></read>
    <read><delim>\x05</delim><match><data>z\x7f</data></match></read>
    <read><length>2</length><match><data>\x10K</data></match></read>
    <!-- FIRE\x7c02\x7c\x7c -->
    <write><data>\x40\x09\x7e2\xfel\xe6\xfe\xfe</data></write>
    <read><delim>\x05</delim><match><data>z\x7f</data></match></read>
    <read><length>16</length><match><data>\x26\xa9\x92P\xbe\xbbK\x40\xa9\x11\xa9\xd7\x8f\xbeb\x05</data></match></read>
    <read><length>2</length><match><data>N\x05</data></match></read>
    <read><length>16</length><match><data>\xb7XW\xe8\xb7\x5cz\x16\xbb\x5c\x23\xde\x89FP\xce</data></match></read>
    <read><length>2</length><match><data>\x10K</data></match></read>
    <!-- VSTATUS\x7c40\x7c\x7c -->
    <write><data>f\x86\x26\x23\x26\x12\x86\xfe\x02l\xfe\xfe</data></write>
    <read><delim>\x05</delim><match><data>z\x7f</data></match></read>
    <read><length>2</length><match><data>\x10K</data></match></read>
    <!-- ADD\x5fTICKET\x7cwWmbzpdlUxvZpofM\x7cCuZSMiQqkKUSy\x7c01\x7c\x7c -->
    <write><data>\x23\xd4\xd4\xd2\x26\x09\xd3\x7f2\x26\xfe\xf4\x3bv\xb7\x9bWb\xce\x12\xfc\x0a\xcdW\x5d\xc2X\xfe\xd3\x93\xcd\x86X\xa9\xe9\xa0P\x7f\x12\x86\x06\xfel\x8e\xfe\xfe</data></write>
    <read><delim>\x05</delim><match><data>z\x7f</data></match></read>
    <read><length>2</length><match><data>\x10K</data></match></read>
    <!-- VIEW\x7c\x7c -->
    <write><data>f\x092\x3b\xfe\xfe</data></write>
    <read><length>226</length><match><data>\x8e\xfb\x05\x93\x40\x1a\x06\xc0\x89\x9b\xbe\x05\xd4X\xbb\xe8\xbe\x05\x8e\x05\x02\x05\xd6\xe6\x05N\xe6\x05\xc6\x05zX\xbe\xd1\xf4\x05\x3bP\x26\xd7\x89f\x12\x1a\x23\x26\x16\x1a\xcd\xbe\xd1\x8f\x05\x8e\x05\x02\x05\x02\xfb\x05\xb0N\x05\x8e\x8e\x05\xa7\xbe\xbb\x16\x05\x12\x11\xe8\xd3\x05\x8e\x05\xb0\x05\xb0\xb0\x05\xcb\xcb\x05\xd6\x05\x11\x12\xe9\x11vXP\x8f\xe9\xe9vb\x7e\x23\x12\x05\x1a\x5c\x26\xa0W\x11\x18v\x9a\x9a\xd1v\x7f\x05\x8e\x05\xb0\x05\xfb\xb0\x05\xfb\xcb\x05\x8e\xcb\x05B\xd1\xa0\x05\x40\xf4\x05\x8e\x05\xb0\x05\xc6\x02\x05\xfb\x05\x8e\x05\x40\x7fX\xd4\xe9\x92\x93\x40\xde\xde\x1a\x92\x7f\x8f\xa9\x05\xf4\xc0\x7f\xd1\x5c\x9b\x05\x8e\x05\xb0\x05\xfb\x05\xc6\x8e\x05\xe6l\x05\xf4\x3bv\xb7\x9bWb\xce\x12\xfc\x0a\xcdW\x5d\xc2X\x05\xd3\x93\xcd\x86X\xa9\xe9\xa0P\x7f\x12\x86\x06\x05\xe6\x05\x8e\x05\x8e\x8e\xe6\x05N\xc6\x05</data></match></read>
    <read><delim>\x05</delim><match><data>z\x7f</data></match></read>
    <read><length>2</length><match><data>\x10K</data></match></read>
    <!-- LIST\x5fFREE\x5fSUPPORT\x7c\x7c -->
    <write><data>\x89\x09\x86\x26\xd2\x40\x7e22\xd2\x86\x12\xde\xdez\x7e\x26\xfe\xfe</data></write>
    <read><length>45</length><match><data>\xd6\x05\xe8\x5d\x11\xbe\x05l\x05\xb0\x05\xc6\x05\xe8\x5d\x11\xbe\x05l\x05\x02\x05N\x05\xe8\x5d\x11\xbe\x05l\x05\x8e\x05\x8el\x05\xe8\x5d\x11\xbe\x05l\x05\xfb\x05</data></match></read>
    <read><delim>\x05</delim><match><data>z\x7f</data></match></read>
    <read><length>2</length><match><data>\x10K</data></match></read>
    <!-- VSTATUS\x7c42\x7c\x7c -->
    <write><data>f\x86\x26\x23\x26\x12\x86\xfe\x02\xe6\xfe\xfe</data></write>
    <read><delim>\x05</delim><match><data>z\x7f</data></match></read>
    <read><length>2</length><match><data>\x10K</data></match></read>
    <!-- ADD\x5fTICKET\x7cPqJRCeQuJHT\x7cdmcYedXKApxy\x7c02\x7c\x7c -->
    <write><data>\x23\xd4\xd4\xd2\x26\x09\xd3\x7f2\x26\xfe\xde\xa0\x18\x7e\xd3\xbe\xe9\x93\x18B\x26\xfebv\x92\xc0\xbeb\x5c\x7f\x23W\xfc\x06\xfel\xe6\xfe\xfe</data></write>
    <read><delim>\x05</delim><match><data>z\x7f</data></match></read>
    <read><length>2</length><match><data>\x10K</data></match></read>
    <!-- FIRE\x7c04\x7c\x7c -->
    <write><data>\x40\x09\x7e2\xfel\x02\xfe\xfe</data></write>
    <read><delim>\x05</delim><match><data>z\x7f</data></match></read>
    <read><length>2</length><match><data>\x10K</data></match></read>
    <!-- LIST\x5fFREE\x5fSUPPORT\x7c\x7c -->
    <write><data>\x89\x09\x86\x26\xd2\x40\x7e22\xd2\x86\x12\xde\xdez\x7e\x26\xfe\xfe</data></write>
    <read><length>45</length><match><data>\x02\x05\xe8\x5d\x11\xbe\x05l\x05\xfb\x05\xd6\x05\xe8\x5d\x11\xbe\x05l\x05\xb0\x05N\x05\xe8\x5d\x11\xbe\x05l\x05\x8e\x05\x8el\x05\xe8\x5d\x11\xbe\x05l\x05\xfb\x05</data></match></read>
    <read><delim>\x05</delim><match><data>z\x7f</data></match></read>
    <read><length>2</length><match><data>\x10K</data></match></read>
    <!-- VIEW\x7c03\x7c\x7c -->
    <write><data>f\x092\x3b\xfel\xfb\xfe\xfe</data></write>
    <read><delim>\x05</delim><match><data>z\x7f</data></match></read>
    <read><length>2</length><match><data>\x10K</data></match></read>
    <!-- VSTATUS\x7c44\x7c\x7c -->
    <write><data>f\x86\x26\x23\x26\x12\x86\xfe\x02\x02\xfe\xfe</data></write>
    <read><delim>\x05</delim><match><data>z\x7f</data></match></read>
    <read><length>2</length><match><data>\x10K</data></match></read>
    <!-- VIEW\x7c\x7c -->
    <write><data>f\x092\x3b\xfe\xfe</data></write>
    <read><length>181</length><match><data>\x8e\xfb\x05\x93\x40\x1a\x06\xc0\x89\x9b\xbe\x05\xd4X\xbb\xe8\xbe\x05\x8e\x05\x02\x05\xd6\xe6\x05N\xe6\x05\xc6\x05zX\xbe\xd1\xf4\x05\x3bP\x26\xd7\x89f\x12\x1a\x23\x26\x16\x1a\xcd\xbe\xd1\x8f\x05\x8e\x05\x02\x05\x02\xfb\x05\xb0N\x05\x8e\x8e\x05\xa7\xbe\xbb\x16\x05\x12\x11\xe8\xd3\x05\x8e\x05\xb0\x05\xb0\xb0\x05\xcb\xcb\x05\xd6\x05\x11\x12\xe9\x11vXP\x8f\xe9\xe9vb\x7e\x23\x12\x05\x1a\x5c\x26\xa0W\x11\x18v\x9a\x9a\xd1v\x7f\x05\x8e\x05\xb0\x05\xfb\xb0\x05\xfb\xcb\x05\x8e\xcb\x05B\xd1\xa0\x05\x40\xf4\x05\x8e\x05\xb0\x05\xc6\x02\x05\xfb\x05\x8e\x05\x40\x7fX\xd4\xe9\x92\x93\x40\xde\xde\x1a\x92\x7f\x8f\xa9\x05\xf4\xc0\x7f\xd1\x5c\x9b\x05\x8e\x05\xb0\x05\xfb\x05\xc6\x8e\x05</data></match></read>
    <read><delim>\x05</delim><match><data>z\x7f</data></match></read>
    <read><length>2</length><match><data>\x10K</data></match></read>
    <!-- VSTATUS\x7c44\x7c\x7c -->
    <write><data>f\x86\x26\x23\x26\x12\x86\xfe\x02\x02\xfe\xfe</data></write>
    <read><delim>\x05</delim><match><data>z\x7f</data></match></read>
    <read><length>2</length><match><data>\x10K</data></match></read>
    <!-- ADD\x5fTICKET\x7cIbOjRUOjuia\x7caeVqkjAC\x7c04\x7c\x7c -->
    <write><data>\x23\xd4\xd4\xd2\x26\x09\xd3\x7f2\x26\xfe\x09\xb7z\xd1\x7e\x12z\xd1\x93\xa9\x1a\xfe\x1a\xbef\xa0P\xd1\x23\xd3\xfel\x02\xfe\xfe</data></write>
    <read><delim>\x05</delim><match><data>z\x7f</data></match></read>
    <read><length>2</length><match><data>\x10K</data></match></read>
    <!-- VIEW\x7c\x7c -->
    <write><data>f\x092\x3b\xfe\xfe</data></write>
    <read><length>216</length><match><data>\x8e\xfb\x05\x93\x40\x1a\x06\xc0\x89\x9b\xbe\x05\xd4X\xbb\xe8\xbe\x05\x8e\x05\x02\x05\xd6\xe6\x05N\xe6\x05\xc6\x05zX\xbe\xd1\xf4\x05\x3bP\x26\xd7\x89f\x12\x1a\x23\x26\x16\x1a\xcd\xbe\xd1\x8f\x05\x8e\x05\x02\x05\x02\xfb\x05\xb0N\x05\xe6\xe6\x05\x09\xb7z\xd1\x7e\x12z\xd1\x93\xa9\x1a\x05\x1a\xbef\xa0P\xd1\x23\xd3\x05\x8e\x05\x02\x05\x8e\xe6\xb0\x05\x02N\x05\x8e\x05\x40\x7fX\xd4\xe9\x92\x93\x40\xde\xde\x1a\x92\x7f\x8f\xa9\x05\xf4\xc0\x7f\xd1\x5c\x9b\x05\x8e\x05\xb0\x05\xfb\x05\xc6\x8e\x05\x8e\x8e\x05\xa7\xbe\xbb\x16\x05\x12\x11\xe8\xd3\x05\x8e\x05\xb0\x05\xb0\xb0\x05\xcb\xcb\x05\xd6\x05\x11\x12\xe9\x11vXP\x8f\xe9\xe9vb\x7e\x23\x12\x05\x1a\x5c\x26\xa0W\x11\x18v\x9a\x9a\xd1v\x7f\x05\x8e\x05\xb0\x05\xfb\xb0\x05\xfb\xcb\x05\x8e\xcb\x05B\xd1\xa0\x05\x40\xf4\x05\x8e\x05\xb0\x05\xc6\x02\x05\xfb\x05</data></match></read>
    <read><delim>\x05</delim><match><data>z\x7f</data></match></read>
    <read><length>2</length><match><data>\x10K</data></match></read>
    <!-- LIST\x5fSUPPORT\x7c\x7c -->
    <write><data>\x89\x09\x86\x26\xd2\x86\x12\xde\xdez\x7e\x26\xfe\xfe</data></write>
    <read><length>45</length><match><data>\x02\x05\xe8\x5d\x11\xbe\x05l\x05\xfb\x05\xd6\x05\xe8\x5d\x11\xbe\x05l\x05\xb0\x05N\x05\xe8\x5d\x11\xbe\x05l\x05\x8e\x05\x8el\x05\xe8\x5d\x11\xbe\x05l\x05\xfb\x05</data></match></read>
    <read><delim>\x05</delim><match><data>z\x7f</data></match></read>
    <read><length>2</length><match><data>\x10K</data></match></read>
    <!-- VIEW\x7c\x7c -->
    <write><data>f\x092\x3b\xfe\xfe</data></write>
    <read><length>216</length><match><data>\x8e\xfb\x05\x93\x40\x1a\x06\xc0\x89\x9b\xbe\x05\xd4X\xbb\xe8\xbe\x05\x8e\x05\x02\x05\xd6\xe6\x05N\xe6\x05\xc6\x05zX\xbe\xd1\xf4\x05\x3bP\x26\xd7\x89f\x12\x1a\x23\x26\x16\x1a\xcd\xbe\xd1\x8f\x05\x8e\x05\x02\x05\x02\xfb\x05\xb0N\x05\xe6\xe6\x05\x09\xb7z\xd1\x7e\x12z\xd1\x93\xa9\x1a\x05\x1a\xbef\xa0P\xd1\x23\xd3\x05\x8e\x05\x02\x05\x8e\xe6\xb0\x05\x02N\x05\xd6\x05\x11\x12\xe9\x11vXP\x8f\xe9\xe9vb\x7e\x23\x12\x05\x1a\x5c\x26\xa0W\x11\x18v\x9a\x9a\xd1v\x7f\x05\x8e\x05\xb0\x05\xfb\xb0\x05\xfb\xcb\x05\x8e\xcb\x05B\xd1\xa0\x05\x40\xf4\x05\x8e\x05\xb0\x05\xc6\x02\x05\xfb\x05\x8e\x05\x40\x7fX\xd4\xe9\x92\x93\x40\xde\xde\x1a\x92\x7f\x8f\xa9\x05\xf4\xc0\x7f\xd1\x5c\x9b\x05\x8e\x05\xb0\x05\xfb\x05\xc6\x8e\x05\x8e\x8e\x05\xa7\xbe\xbb\x16\x05\x12\x11\xe8\xd3\x05\x8e\x05\xb0\x05\xb0\xb0\x05\xcb\xcb\x05</data></match></read>
    <read><delim>\x05</delim><match><data>z\x7f</data></match></read>
    <read><length>2</length><match><data>\x10K</data></match></read>
    <!-- HIRE\x7c01\x7c\x7c -->
    <write><data>B\x09\x7e2\xfel\x8e\xfe\xfe</data></write>
    <read><delim>\x05</delim><match><data>z\x7f</data></match></read>
    <read><length>2</length><match><data>\x10K</data></match></read>
    <!-- FIRE\x7c02\x7c\x7c -->
    <write><data>\x40\x09\x7e2\xfel\xe6\xfe\xfe</data></write>
    <read><delim>\x05</delim><match><data>z\x7f</data></match></read>
    <read><length>2</length><match><data>\x10K</data></match></read>
    <!-- HIRE\x7c03\x7c\x7c -->
    <write><data>B\x09\x7e2\xfel\xfb\xfe\xfe</data></write>
    <read><delim>\x05</delim><match><data>z\x7f</data></match></read>
    <read><length>2</length><match><data>\x10K</data></match></read>
    <!-- LIST\x5fSUPPORT\x7c\x7c -->
    <write><data>\x89\x09\x86\x26\xd2\x86\x12\xde\xdez\x7e\x26\xfe\xfe</data></write>
    <read><length>69</length><match><data>\x02\x05\xe8\x5d\x11\xbe\x05l\x05\xfb\x05\xd6\x05\xe8\x5d\x11\xbe\x05l\x05\xb0\x05N\x05\xe8\x5d\x11\xbe\x05l\x05\x8e\x05\x8el\x05\xe8\x5d\x11\xbe\x05l\x05\xfb\x05\x8e\x8e\x05\xe8\x5d\x11\xbe\x05l\x05\x8e\x05\x8e\xe6\x05\xe8\x5d\x11\xbe\x05l\x05\xfb\x05</data></match></read>
    <read><delim>\x05</delim><match><data>z\x7f</data></match></read>
    <read><length>2</length><match><data>\x10K</data></match></read>
    <!-- LIST\x5fSUPPORT\x7c\x7c -->
    <write><data>\x89\x09\x86\x26\xd2\x86\x12\xde\xdez\x7e\x26\xfe\xfe</data></write>
    <read><length>69</length><match><data>\x02\x05\xe8\x5d\x11\xbe\x05l\x05\xfb\x05\xd6\x05\xe8\x5d\x11\xbe\x05l\x05\xb0\x05N\x05\xe8\x5d\x11\xbe\x05l\x05\x8e\x05\x8el\x05\xe8\x5d\x11\xbe\x05l\x05\xfb\x05\x8e\x8e\x05\xe8\x5d\x11\xbe\x05l\x05\x8e\x05\x8e\xe6\x05\xe8\x5d\x11\xbe\x05l\x05\xfb\x05</data></match></read>
    <read><delim>\x05</delim><match><data>z\x7f</data></match></read>
    <read><length>2</length><match><data>\x10K</data></match></read>
    <!-- CANCEL\x5fTICKET\x7c46\x7c\x7c -->
    <write><data>\xd3\x23\xe8\xd32\x89\xd2\x26\x09\xd3\x7f2\x26\xfe\x02\xcb\xfe\xfe</data></write>
    <read><delim>\x05</delim><match><data>z\x7f</data></match></read>
    <read><length>2</length><match><data>\x10K</data></match></read>
    <!-- VIEW\x7c02\x7c\x7c -->
    <write><data>f\x092\x3b\xfel\xe6\xfe\xfe</data></write>
    <read><delim>\x05</delim><match><data>z\x7f</data></match></read>
    <read><length>2</length><match><data>\x10K</data></match></read>
    <!-- CANCEL\x5fTICKET\x7c46\x7c\x7c -->
    <write><data>\xd3\x23\xe8\xd32\x89\xd2\x26\x09\xd3\x7f2\x26\xfe\x02\xcb\xfe\xfe</data></write>
    <read><delim>\x05</delim><match><data>z\x7f</data></match></read>
    <read><length>2</length><match><data>\x10K</data></match></read>
    <!-- LIST\x5fSUPPORT\x7c\x7c -->
    <write><data>\x89\x09\x86\x26\xd2\x86\x12\xde\xdez\x7e\x26\xfe\xfe</data></write>
    <read><length>69</length><match><data>\x02\x05\xe8\x5d\x11\xbe\x05l\x05\xfb\x05\xd6\x05\xe8\x5d\x11\xbe\x05l\x05\xb0\x05N\x05\xe8\x5d\x11\xbe\x05l\x05\x8e\x05\x8el\x05\xe8\x5d\x11\xbe\x05l\x05\xfb\x05\x8e\x8e\x05\xe8\x5d\x11\xbe\x05l\x05\x8e\x05\x8e\xe6\x05\xe8\x5d\x11\xbe\x05l\x05\xfb\x05</data></match></read>
    <read><delim>\x05</delim><match><data>z\x7f</data></match></read>
    <read><length>2</length><match><data>\x10K</data></match></read>
    <!-- ADD\x5fTICKET\x7cOoTTJmEuHPutRZY\x7cavgJGboUXpbK\x7c05\x7c\x7c -->
    <write><data>\x23\xd4\xd4\xd2\x26\x09\xd3\x7f2\x26\xfez\x5d\x26\x26\x18v2\x93B\xde\x93\xbb\x7e\xcd\xc0\xfe\x1a\x0a\xa7\x18\x16\xb7\x5d\x12\x5cW\xb7\x7f\xfel\xb0\xfe\xfe</data></write>
    <read><delim>\x05</delim><match><data>z\x7f</data></match></read>
    <read><length>2</length><match><data>\x10K</data></match></read>
    <!-- VSTATUS\x7c48\x7c\x7c -->
    <write><data>f\x86\x26\x23\x26\x12\x86\xfe\x02\xc6\xfe\xfe</data></write>
    <read><delim>\x05</delim><match><data>z\x7f</data></match></read>
    <read><length>2</length><match><data>\x10K</data></match></read>
    <!-- VIEW\x7c01\x7c\x7c -->
    <write><data>f\x092\x3b\xfel\x8e\xfe\xfe</data></write>
    <read><length>259</length><match><data>\x8e\xfb\x05\x93\x40\x1a\x06\xc0\x89\x9b\xbe\x05\xd4X\xbb\xe8\xbe\x05\x8e\x05\x02\x05\xd6\xe6\x05N\xe6\x05\xc6\x05zX\xbe\xd1\xf4\x05\x3bP\x26\xd7\x89f\x12\x1a\x23\x26\x16\x1a\xcd\xbe\xd1\x8f\x05\x8e\x05\x02\x05\x02\xfb\x05\xb0N\x05\xe6\xe6\x05\x09\xb7z\xd1\x7e\x12z\xd1\x93\xa9\x1a\x05\x1a\xbef\xa0P\xd1\x23\xd3\x05\x8e\x05\x02\x05\x8e\xe6\xb0\x05\x02N\x05\xd6\x05\x11\x12\xe9\x11vXP\x8f\xe9\xe9vb\x7e\x23\x12\x05\x1a\x5c\x26\xa0W\x11\x18v\x9a\x9a\xd1v\x7f\x05\x8e\x05\xb0\x05\xfb\xb0\x05\xfb\xcb\x05\x8e\xcb\x05B\xd1\xa0\x05\x40\xf4\x05\x8e\x05\xb0\x05\xc6\x02\x05\xfb\x05\xe6\xfb\x05z\x5d\x26\x26\x18v2\x93B\xde\x93\xbb\x7e\xcd\xc0\x05\x1a\x0a\xa7\x18\x16\xb7\x5d\x12\x5cW\xb7\x7f\x05\x8e\x05\xb0\x05\x8e\xfbN\x05\xd6\xd6\x05\x8e\x05\x40\x7fX\xd4\xe9\x92\x93\x40\xde\xde\x1a\x92\x7f\x8f\xa9\x05\xf4\xc0\x7f\xd1\x5c\x9b\x05\x8e\x05\xb0\x05\xfb\x05\xc6\x8e\x05\x8e\x8e\x05\xa7\xbe\xbb\x16\x05\x12\x11\xe8\xd3\x05\x8e\x05\xb0\x05\xb0\xb0\x05\xcb\xcb\x05</data></match></read>
    <read><delim>\x05</delim><match><data>z\x7f</data></match></read>
    <read><length>2</length><match><data>\x10K</data></match></read>
    <!-- VIEW\x7c\x7c -->
    <write><data>f\x092\x3b\xfe\xfe</data></write>
    <read><length>259</length><match><data>\x8e\xfb\x05\x93\x40\x1a\x06\xc0\x89\x9b\xbe\x05\xd4X\xbb\xe8\xbe\x05\x8e\x05\x02\x05\xd6\xe6\x05N\xe6\x05\xc6\x05zX\xbe\xd1\xf4\x05\x3bP\x26\xd7\x89f\x12\x1a\x23\x26\x16\x1a\xcd\xbe\xd1\x8f\x05\x8e\x05\x02\x05\x02\xfb\x05\xb0N\x05\xe6\xe6\x05\x09\xb7z\xd1\x7e\x12z\xd1\x93\xa9\x1a\x05\x1a\xbef\xa0P\xd1\x23\xd3\x05\x8e\x05\x02\x05\x8e\xe6\xb0\x05\x02N\x05\x8e\xcb\x05B\xd1\xa0\x05\x40\xf4\x05\x8e\x05\xb0\x05\xc6\x02\x05\xfb\x05\xe6\xfb\x05z\x5d\x26\x26\x18v2\x93B\xde\x93\xbb\x7e\xcd\xc0\x05\x1a\x0a\xa7\x18\x16\xb7\x5d\x12\x5cW\xb7\x7f\x05\x8e\x05\xb0\x05\x8e\xfbN\x05\xd6\xd6\x05\x8e\x05\x40\x7fX\xd4\xe9\x92\x93\x40\xde\xde\x1a\x92\x7f\x8f\xa9\x05\xf4\xc0\x7f\xd1\x5c\x9b\x05\x8e\x05\xb0\x05\xfb\x05\xc6\x8e\x05\x8e\x8e\x05\xa7\xbe\xbb\x16\x05\x12\x11\xe8\xd3\x05\x8e\x05\xb0\x05\xb0\xb0\x05\xcb\xcb\x05\xd6\x05\x11\x12\xe9\x11vXP\x8f\xe9\xe9vb\x7e\x23\x12\x05\x1a\x5c\x26\xa0W\x11\x18v\x9a\x9a\xd1v\x7f\x05\x8e\x05\xb0\x05\xfb\xb0\x05\xfb\xcb\x05</data></match></read>
    <read><delim>\x05</delim><match><data>z\x7f</data></match></read>
    <read><length>2</length><match><data>\x10K</data></match></read>
    <!-- HIRE\x7c00\x7c\x7c -->
    <write><data>B\x09\x7e2\xfell\xfe\xfe</data></write>
    <read><delim>\x05</delim><match><data>z\x7f</data></match></read>
    <read><length>2</length><match><data>\x10K</data></match></read>
    <!-- ADD\x5fTICKET\x7cwQkCkQ\x7cpUnDWCrUuTLE\x7c01\x7c\x7c -->
    <write><data>\x23\xd4\xd4\xd2\x26\x09\xd3\x7f2\x26\xfe\xf4\xe9P\xd3P\xe9\xfeW\x12\x11\xd4\x3b\xd3\x9a\x12\x93\x26\x892\xfel\x8e\xfe\xfe</data></write>
    <read><delim>\x05</delim><match><data>z\x7f</data></match></read>
    <read><length>2</length><match><data>\x10K</data></match></read>
    <!-- HIRE\x7c02\x7c\x7c -->
    <write><data>B\x09\x7e2\xfel\xe6\xfe\xfe</data></write>
    <read><delim>\x05</delim><match><data>z\x7f</data></match></read>
    <read><length>2</length><match><data>\x10K</data></match></read>
    <!-- VIEW\x7c01\x7c\x7c -->
    <write><data>f\x092\x3b\xfel\x8e\xfe\xfe</data></write>
    <read><length>216</length><match><data>\x8e\xfb\x05\x93\x40\x1a\x06\xc0\x89\x9b\xbe\x05\xd4X\xbb\xe8\xbe\x05\x8e\x05\x02\x05\xd6\xe6\x05N\xe6\x05\xc6\x05zX\xbe\xd1\xf4\x05\x3bP\x26\xd7\x89f\x12\x1a\x23\x26\x16\x1a\xcd\xbe\xd1\x8f\x05\x8e\x05\x02\x05\x02\xfb\x05\xb0N\x05\xe6\xe6\x05\x09\xb7z\xd1\x7e\x12z\xd1\x93\xa9\x1a\x05\x1a\xbef\xa0P\xd1\x23\xd3\x05\x8e\x05\x02\x05\x8e\xe6\xb0\x05\x02N\x05\x8e\x05\x40\x7fX\xd4\xe9\x92\x93\x40\xde\xde\x1a\x92\x7f\x8f\xa9\x05\xf4\xc0\x7f\xd1\x5c\x9b\x05\x8e\x05\xb0\x05\xfb\x05\xc6\x8e\x05\x8e\x8e\x05\xa7\xbe\xbb\x16\x05\x12\x11\xe8\xd3\x05\x8e\x05\xb0\x05\xb0\xb0\x05\xcb\xcb\x05\xd6\x05\x11\x12\xe9\x11vXP\x8f\xe9\xe9vb\x7e\x23\x12\x05\x1a\x5c\x26\xa0W\x11\x18v\x9a\x9a\xd1v\x7f\x05\x8e\x05\xb0\x05\xfb\xb0\x05\xfb\xcb\x05\x8e\xcb\x05B\xd1\xa0\x05\x40\xf4\x05\x8e\x05\xb0\x05\xc6\x02\x05\xfb\x05</data></match></read>
    <read><delim>\x05</delim><match><data>z\x7f</data></match></read>
    <read><length>2</length><match><data>\x10K</data></match></read>
    <!-- FIRE\x7c05\x7c\x7c -->
    <write><data>\x40\x09\x7e2\xfel\xb0\xfe\xfe</data></write>
    <read><delim>\x05</delim><match><data>z\x7f</data></match></read>
    <read><length>2</length><match><data>\x10K</data></match></read>
    <!-- FIRE\x7c05\x7c\x7c -->
    <write><data>\x40\x09\x7e2\xfel\xb0\xfe\xfe</data></write>
    <read><delim>\x05</delim><match><data>z\x7f</data></match></read>
    <read><length>2</length><match><data>\x10K</data></match></read>
    <!-- CANCEL\x5fTICKET\x7c50\x7c\x7c -->
    <write><data>\xd3\x23\xe8\xd32\x89\xd2\x26\x09\xd3\x7f2\x26\xfe\xb0l\xfe\xfe</data></write>
    <read><delim>\x05</delim><match><data>z\x7f</data></match></read>
    <read><length>2</length><match><data>\x10K</data></match></read>
    <!-- VIEW\x7c\x7c -->
    <write><data>f\x092\x3b\xfe\xfe</data></write>
    <read><length>259</length><match><data>\x8e\xfb\x05\x93\x40\x1a\x06\xc0\x89\x9b\xbe\x05\xd4X\xbb\xe8\xbe\x05\x8e\x05\x02\x05\xd6\xe6\x05N\xe6\x05\xc6\x05zX\xbe\xd1\xf4\x05\x3bP\x26\xd7\x89f\x12\x1a\x23\x26\x16\x1a\xcd\xbe\xd1\x8f\x05\x8e\x05\x02\x05\x02\xfb\x05\xb0N\x05\xe6\xe6\x05\x09\xb7z\xd1\x7e\x12z\xd1\x93\xa9\x1a\x05\x1a\xbef\xa0P\xd1\x23\xd3\x05\x8e\x05\x02\x05\x8e\xe6\xb0\x05\x02N\x05\x8e\x05\x40\x7fX\xd4\xe9\x92\x93\x40\xde\xde\x1a\x92\x7f\x8f\xa9\x05\xf4\xc0\x7f\xd1\x5c\x9b\x05\x8e\x05\xb0\x05\xfb\x05\xc6\x8e\x05\x8e\x8e\x05\xa7\xbe\xbb\x16\x05\x12\x11\xe8\xd3\x05\x8e\x05\xb0\x05\xb0\xb0\x05\xcb\xcb\x05\xd6\x05\x11\x12\xe9\x11vXP\x8f\xe9\xe9vb\x7e\x23\x12\x05\x1a\x5c\x26\xa0W\x11\x18v\x9a\x9a\xd1v\x7f\x05\x8e\x05\xb0\x05\xfb\xb0\x05\xfb\xcb\x05\x8e\xcb\x05B\xd1\xa0\x05\x40\xf4\x05\x8e\x05\xb0\x05\xc6\x02\x05\xfb\x05\xe6\xfb\x05z\x5d\x26\x26\x18v2\x93B\xde\x93\xbb\x7e\xcd\xc0\x05\x1a\x0a\xa7\x18\x16\xb7\x5d\x12\x5cW\xb7\x7f\x05\xe6\x05\xb0\x05\x8e\xfbN\x05\xd6\x02\x05</data></match></read>
    <read><delim>\x05</delim><match><data>z\x7f</data></match></read>
    <read><length>2</length><match><data>\x10K</data></match></read>
    <!-- VSTATUS\x7c50\x7c\x7c -->
    <write><data>f\x86\x26\x23\x26\x12\x86\xfe\xb0l\xfe\xfe</data></write>
    <read><delim>\x05</delim><match><data>z\x7f</data></match></read>
    <read><length>2</length><match><data>\x10K</data></match></read>
    <!-- VIEW\x7c\x7c -->
    <write><data>f\x092\x3b\xfe\xfe</data></write>
    <read><length>259</length><match><data>\x8e\xfb\x05\x93\x40\x1a\x06\xc0\x89\x9b\xbe\x05\xd4X\xbb\xe8\xbe\x05\x8e\x05\x02\x05\xd6\xe6\x05N\xe6\x05\xc6\x05zX\xbe\xd1\xf4\x05\x3bP\x26\xd7\x89f\x12\x1a\x23\x26\x16\x1a\xcd\xbe\xd1\x8f\x05\x8e\x05\x02\x05\x02\xfb\x05\xb0N\x05\xe6\xe6\x05\x09\xb7z\xd1\x7e\x12z\xd1\x93\xa9\x1a\x05\x1a\xbef\xa0P\xd1\x23\xd3\x05\x8e\x05\x02\x05\x8e\xe6\xb0\x05\x02N\x05\x8e\x05\x40\x7fX\xd4\xe9\x92\x93\x40\xde\xde\x1a\x92\x7f\x8f\xa9\x05\xf4\xc0\x7f\xd1\x5c\x9b\x05\x8e\x05\xb0\x05\xfb\x05\xc6\x8e\x05\x8e\x8e\x05\xa7\xbe\xbb\x16\x05\x12\x11\xe8\xd3\x05\x8e\x05\xb0\x05\xb0\xb0\x05\xcb\xcb\x05\xd6\x05\x11\x12\xe9\x11vXP\x8f\xe9\xe9vb\x7e\x23\x12\x05\x1a\x5c\x26\xa0W\x11\x18v\x9a\x9a\xd1v\x7f\x05\x8e\x05\xb0\x05\xfb\xb0\x05\xfb\xcb\x05\x8e\xcb\x05B\xd1\xa0\x05\x40\xf4\x05\x8e\x05\xb0\x05\xc6\x02\x05\xfb\x05\xe6\xfb\x05z\x5d\x26\x26\x18v2\x93B\xde\x93\xbb\x7e\xcd\xc0\x05\x1a\x0a\xa7\x18\x16\xb7\x5d\x12\x5cW\xb7\x7f\x05\xe6\x05\xb0\x05\x8e\xfbN\x05\xd6\x02\x05</data></match></read>
    <read><delim>\x05</delim><match><data>z\x7f</data></match></read>
    <read><length>2</length><match><data>\x10K</data></match></read>
    <!-- CANCEL\x5fTICKET\x7c16\x7c\x7c -->
    <write><data>\xd3\x23\xe8\xd32\x89\xd2\x26\x09\xd3\x7f2\x26\xfe\x8e\xcb\xfe\xfe</data></write>
    <read><delim>\x05</delim><match><data>z\x7f</data></match></read>
    <read><length>2</length><match><data>\x10K</data></match></read>
    <!-- CANCEL\x5fTICKET\x7c03\x7c\x7c -->
    <write><data>\xd3\x23\xe8\xd32\x89\xd2\x26\x09\xd3\x7f2\x26\xfel\xfb\xfe\xfe</data></write>
    <read><delim>\x05</delim><match><data>z\x7f</data></match></read>
    <read><length>2</length><match><data>\x10K</data></match></read>
    <!-- VIEW\x7c\x7c -->
    <write><data>f\x092\x3b\xfe\xfe</data></write>
    <read><length>240</length><match><data>\x8e\xfb\x05\x93\x40\x1a\x06\xc0\x89\x9b\xbe\x05\xd4X\xbb\xe8\xbe\x05\x8e\x05\x02\x05\xd6\xe6\x05N\xe6\x05\xc6\x05zX\xbe\xd1\xf4\x05\x3bP\x26\xd7\x89f\x12\x1a\x23\x26\x16\x1a\xcd\xbe\xd1\x8f\x05\x8e\x05\x02\x05\x02\xfb\x05\xb0N\x05\xe6\xe6\x05\x09\xb7z\xd1\x7e\x12z\xd1\x93\xa9\x1a\x05\x1a\xbef\xa0P\xd1\x23\xd3\x05\x8e\x05\x02\x05\x8e\xe6\xb0\x05\x02N\x05\x8e\x05\x40\x7fX\xd4\xe9\x92\x93\x40\xde\xde\x1a\x92\x7f\x8f\xa9\x05\xf4\xc0\x7f\xd1\x5c\x9b\x05\x8e\x05\xb0\x05\xfb\x05\xc6\x8e\x05\x8e\x8e\x05\xa7\xbe\xbb\x16\x05\x12\x11\xe8\xd3\x05\x8e\x05\xb0\x05\xb0\xb0\x05\xcb\xcb\x05\xd6\x05\x11\x12\xe9\x11vXP\x8f\xe9\xe9vb\x7e\x23\x12\x05\x1a\x5c\x26\xa0W\x11\x18v\x9a\x9a\xd1v\x7f\x05\x8e\x05\xb0\x05\xfb\xb0\x05\xfb\xcb\x05\xe6\xfb\x05z\x5d\x26\x26\x18v2\x93B\xde\x93\xbb\x7e\xcd\xc0\x05\x1a\x0a\xa7\x18\x16\xb7\x5d\x12\x5cW\xb7\x7f\x05\xe6\x05\xb0\x05\x8e\xfbN\x05\xd6\x02\x05</data></match></read>
    <read><delim>\x05</delim><match><data>z\x7f</data></match></read>
    <read><length>2</length><match><data>\x10K</data></match></read>
    <!-- FIRE\x7c05\x7c\x7c -->
    <write><data>\x40\x09\x7e2\xfel\xb0\xfe\xfe</data></write>
    <read><delim>\x05</delim><match><data>z\x7f</data></match></read>
    <read><length>2</length><match><data>\x10K</data></match></read>
    <!-- VSTATUS\x7c50\x7c\x7c -->
    <write><data>f\x86\x26\x23\x26\x12\x86\xfe\xb0l\xfe\xfe</data></write>
    <read><delim>\x05</delim><match><data>z\x7f</data></match></read>
    <read><length>2</length><match><data>\x10K</data></match></read>
    <!-- HIRE\x7c01\x7c\x7c -->
    <write><data>B\x09\x7e2\xfel\x8e\xfe\xfe</data></write>
    <read><delim>\x05</delim><match><data>z\x7f</data></match></read>
    <read><length>2</length><match><data>\x10K</data></match></read>
    <!-- FIRE\x7c04\x7c\x7c -->
    <write><data>\x40\x09\x7e2\xfel\x02\xfe\xfe</data></write>
    <read><delim>\x05</delim><match><data>z\x7f</data></match></read>
    <read><length>2</length><match><data>\x10K</data></match></read>
    <!-- FIRE\x7c03\x7c\x7c -->
    <write><data>\x40\x09\x7e2\xfel\xfb\xfe\xfe</data></write>
    <read><delim>\x05</delim><match><data>z\x7f</data></match></read>
    <read><length>2</length><match><data>\x10K</data></match></read>
    <!-- LIST\x5fFREE\x5fSUPPORT\x7c\x7c -->
    <write><data>\x89\x09\x86\x26\xd2\x40\x7e22\xd2\x86\x12\xde\xdez\x7e\x26\xfe\xfe</data></write>
    <read><length>71</length><match><data>N\x05\xe8\x5d\x11\xbe\x05l\x05\x8e\x05\x8el\x05\xe8\x5d\x11\xbe\x05l\x05\xfb\x05\x8e\x8e\x05\xe8\x5d\x11\xbe\x05l\x05\x8e\x05\x8e\xe6\x05\xe8\x5d\x11\xbe\x05l\x05\xfb\x05\x8e\xfb\x05\xe8\x5d\x11\xbe\x05l\x05\xe6\x05\x8e\x02\x05\xe8\x5d\x11\xbe\x05l\x05\x8e\x05</data></match></read>
    <read><delim>\x05</delim><match><data>z\x7f</data></match></read>
    <read><length>2</length><match><data>\x10K</data></match></read>
    <!-- HIRE\x7c01\x7c\x7c -->
    <write><data>B\x09\x7e2\xfel\x8e\xfe\xfe</data></write>
    <read><delim>\x05</delim><match><data>z\x7f</data></match></read>
    <read><length>2</length><match><data>\x10K</data></match></read>
    <!-- LIST\x5fFREE\x5fSUPPORT\x7c\x7c -->
    <write><data>\x89\x09\x86\x26\xd2\x40\x7e22\xd2\x86\x12\xde\xdez\x7e\x26\xfe\xfe</data></write>
    <read><length>83</length><match><data>N\x05\xe8\x5d\x11\xbe\x05l\x05\x8e\x05\x8el\x05\xe8\x5d\x11\xbe\x05l\x05\xfb\x05\x8e\x8e\x05\xe8\x5d\x11\xbe\x05l\x05\x8e\x05\x8e\xe6\x05\xe8\x5d\x11\xbe\x05l\x05\xfb\x05\x8e\xfb\x05\xe8\x5d\x11\xbe\x05l\x05\xe6\x05\x8e\x02\x05\xe8\x5d\x11\xbe\x05l\x05\x8e\x05\x8e\xb0\x05\xe8\x5d\x11\xbe\x05l\x05\x8e\x05</data></match></read>
    <read><delim>\x05</delim><match><data>z\x7f</data></match></read>
    <read><length>2</length><match><data>\x10K</data></match></read>
    <!-- LIST\x5fSUPPORT\x7c\x7c -->
    <write><data>\x89\x09\x86\x26\xd2\x86\x12\xde\xdez\x7e\x26\xfe\xfe</data></write>
    <read><length>83</length><match><data>N\x05\xe8\x5d\x11\xbe\x05l\x05\x8e\x05\x8el\x05\xe8\x5d\x11\xbe\x05l\x05\xfb\x05\x8e\x8e\x05\xe8\x5d\x11\xbe\x05l\x05\x8e\x05\x8e\xe6\x05\xe8\x5d\x11\xbe\x05l\x05\xfb\x05\x8e\xfb\x05\xe8\x5d\x11\xbe\x05l\x05\xe6\x05\x8e\x02\x05\xe8\x5d\x11\xbe\x05l\x05\x8e\x05\x8e\xb0\x05\xe8\x5d\x11\xbe\x05l\x05\x8e\x05</data></match></read>
    <read><delim>\x05</delim><match><data>z\x7f</data></match></read>
    <read><length>2</length><match><data>\x10K</data></match></read>
    <!-- LIST\x5fSUPPORT\x7c\x7c -->
    <write><data>\x89\x09\x86\x26\xd2\x86\x12\xde\xdez\x7e\x26\xfe\xfe</data></write>
    <read><length>83</length><match><data>N\x05\xe8\x5d\x11\xbe\x05l\x05\x8e\x05\x8el\x05\xe8\x5d\x11\xbe\x05l\x05\xfb\x05\x8e\x8e\x05\xe8\x5d\x11\xbe\x05l\x05\x8e\x05\x8e\xe6\x05\xe8\x5d\x11\xbe\x05l\x05\xfb\x05\x8e\xfb\x05\xe8\x5d\x11\xbe\x05l\x05\xe6\x05\x8e\x02\x05\xe8\x5d\x11\xbe\x05l\x05\x8e\x05\x8e\xb0\x05\xe8\x5d\x11\xbe\x05l\x05\x8e\x05</data></match></read>
    <read><delim>\x05</delim><match><data>z\x7f</data></match></read>
    <read><length>2</length><match><data>\x10K</data></match></read>
    <!-- ADD\x5fTICKET\x7cqNNsPDsnEskMxvv\x7clCyUYjOkPFNpD\x7c04\x7c\x7c -->
    <write><data>\x23\xd4\xd4\xd2\x26\x09\xd3\x7f2\x26\xfe\xa0\xe8\xe8\xd7\xde\xd4\xd7\x112\xd7PX\xfc\x0a\x0a\xfe\xce\xd3\x06\x12\xc0\xd1zP\xde\x40\xe8W\xd4\xfel\x02\xfe\xfe</data></write>
    <read><delim>\x05</delim><match><data>z\x7f</data></match></read>
    <read><length>2</length><match><data>\x10K</data></match></read>
    <!-- LIST\x5fSUPPORT\x7c\x7c -->
    <write><data>\x89\x09\x86\x26\xd2\x86\x12\xde\xdez\x7e\x26\xfe\xfe</data></write>
    <read><length>83</length><match><data>N\x05\xe8\x5d\x11\xbe\x05l\x05\x8e\x05\x8el\x05\xe8\x5d\x11\xbe\x05l\x05\xfb\x05\x8e\x8e\x05\xe8\x5d\x11\xbe\x05l\x05\x8e\x05\x8e\xe6\x05\xe8\x5d\x11\xbe\x05l\x05\xfb\x05\x8e\xfb\x05\xe8\x5d\x11\xbe\x05l\x05\xe6\x05\x8e\x02\x05\xe8\x5d\x11\xbe\x05l\x05\x8e\x05\x8e\xb0\x05\xe8\x5d\x11\xbe\x05l\x05\x8e\x05</data></match></read>
    <read><delim>\x05</delim><match><data>z\x7f</data></match></read>
    <read><length>2</length><match><data>\x10K</data></match></read>
    <!-- ADD\x5fTICKET\x7czwD\x7cWpRFm\x7c04\x7c\x7c -->
    <write><data>\x23\xd4\xd4\xd2\x26\x09\xd3\x7f2\x26\xfe\x9b\xf4\xd4\xfe\x3bW\x7e\x40v\xfel\x02\xfe\xfe</data></write>
    <read><delim>\x05</delim><match><data>z\x7f</data></match></read>
    <read><length>2</length><match><data>\x10K</data></match></read>
    <!-- CANCEL\x5fTICKET\x7c54\x7c\x7c -->
    <write><data>\xd3\x23\xe8\xd32\x89\xd2\x26\x09\xd3\x7f2\x26\xfe\xb0\x02\xfe\xfe</data></write>
    <read><delim>\x05</delim><match><data>z\x7f</data></match></read>
    <read><length>2</length><match><data>\x10K</data></match></read>
    <!-- HIRE\x7c02\x7c\x7c -->
    <write><data>B\x09\x7e2\xfel\xe6\xfe\xfe</data></write>
    <read><delim>\x05</delim><match><data>z\x7f</data></match></read>
    <read><length>2</length><match><data>\x10K</data></match></read>
    <!-- CANCEL\x5fTICKET\x7c54\x7c\x7c -->
    <write><data>\xd3\x23\xe8\xd32\x89\xd2\x26\x09\xd3\x7f2\x26\xfe\xb0\x02\xfe\xfe</data></write>
    <read><delim>\x05</delim><match><data>z\x7f</data></match></read>
    <read><length>2</length><match><data>\x10K</data></match></read>
    <!-- FIRE\x7c02\x7c\x7c -->
    <write><data>\x40\x09\x7e2\xfel\xe6\xfe\xfe</data></write>
    <read><delim>\x05</delim><match><data>z\x7f</data></match></read>
    <read><length>2</length><match><data>\x10K</data></match></read>
    <!-- HIRE\x7c02\x7c\x7c -->
    <write><data>B\x09\x7e2\xfel\xe6\xfe\xfe</data></write>
    <read><delim>\x05</delim><match><data>z\x7f</data></match></read>
    <read><length>2</length><match><data>\x10K</data></match></read>
    <!-- VSTATUS\x7c54\x7c\x7c -->
    <write><data>f\x86\x26\x23\x26\x12\x86\xfe\xb0\x02\xfe\xfe</data></write>
    <read><delim>\x05</delim><match><data>z\x7f</data></match></read>
    <read><length>2</length><match><data>\x10K</data></match></read>
    <!-- LIST\x5fFREE\x5fSUPPORT\x7c\x7c -->
    <write><data>\x89\x09\x86\x26\xd2\x40\x7e22\xd2\x86\x12\xde\xdez\x7e\x26\xfe\xfe</data></write>
    <read><length>95</length><match><data>N\x05\xe8\x5d\x11\xbe\x05l\x05\x8e\x05\x8el\x05\xe8\x5d\x11\xbe\x05l\x05\xfb\x05\x8e\x8e\x05\xe8\x5d\x11\xbe\x05l\x05\x8e\x05\x8e\xe6\x05\xe8\x5d\x11\xbe\x05l\x05\xfb\x05\x8e\x02\x05\xe8\x5d\x11\xbe\x05l\x05\x8e\x05\x8e\xb0\x05\xe8\x5d\x11\xbe\x05l\x05\x8e\x05\x8e\xcb\x05\xe8\x5d\x11\xbe\x05l\x05\xe6\x05\x8e\xd6\x05\xe8\x5d\x11\xbe\x05l\x05\xe6\x05</data></match></read>
    <read><delim>\x05</delim><match><data>z\x7f</data></match></read>
    <read><length>2</length><match><data>\x10K</data></match></read>
    <!-- CANCEL\x5fTICKET\x7c01\x7c\x7c -->
    <write><data>\xd3\x23\xe8\xd32\x89\xd2\x26\x09\xd3\x7f2\x26\xfel\x8e\xfe\xfe</data></write>
    <read><delim>\x05</delim><match><data>z\x7f</data></match></read>
    <read><length>2</length><match><data>\x10K</data></match></read>
    <!-- VIEW\x7c\x7c -->
    <write><data>f\x092\x3b\xfe\xfe</data></write>
    <read><length>273</length><match><data>\x8e\xfb\x05\x93\x40\x1a\x06\xc0\x89\x9b\xbe\x05\xd4X\xbb\xe8\xbe\x05\x8e\x05\x02\x05\xd6\xe6\x05N\xe6\x05\xc6\x05zX\xbe\xd1\xf4\x05\x3bP\x26\xd7\x89f\x12\x1a\x23\x26\x16\x1a\xcd\xbe\xd1\x8f\x05\x8e\x05\x02\x05\x02\xfb\x05\xb0N\x05\xe6\xe6\x05\x09\xb7z\xd1\x7e\x12z\xd1\x93\xa9\x1a\x05\x1a\xbef\xa0P\xd1\x23\xd3\x05\x8e\x05\x02\x05\x8e\xe6\xb0\x05\x02N\x05\xe6\xb0\x05\xa0\xe8\xe8\xd7\xde\xd4\xd7\x112\xd7PX\xfc\x0a\x0a\x05\xce\xd3\x06\x12\xc0\xd1zP\xde\x40\xe8W\xd4\x05\x8e\x05\x02\x05\x8e\xcb\xc6\x05\xfb\xcb\x05\xe6\xcb\x05\x9b\xf4\xd4\x05\x3bW\x7e\x40v\x05\x8e\x05\x02\x05\x8e\xd6\x8e\x05\xb0\x05\x8e\x8e\x05\xa7\xbe\xbb\x16\x05\x12\x11\xe8\xd3\x05\x8e\x05\xb0\x05\xb0\xb0\x05\xcb\xcb\x05\xd6\x05\x11\x12\xe9\x11vXP\x8f\xe9\xe9vb\x7e\x23\x12\x05\x1a\x5c\x26\xa0W\x11\x18v\x9a\x9a\xd1v\x7f\x05\x8e\x05\xb0\x05\xfb\xb0\x05\xfb\xcb\x05\xe6\xfb\x05z\x5d\x26\x26\x18v2\x93B\xde\x93\xbb\x7e\xcd\xc0\x05\x1a\x0a\xa7\x18\x16\xb7\x5d\x12\x5cW\xb7\x7f\x05\xe6\x05\xb0\x05\x8e\xfbN\x05\xd6\x02\x05</data></match></read>
    <read><delim>\x05</delim><match><data>z\x7f</data></match></read>
    <read><length>2</length><match><data>\x10K</data></match></read>
    <!-- VSTATUS\x7c54\x7c\x7c -->
    <write><data>f\x86\x26\x23\x26\x12\x86\xfe\xb0\x02\xfe\xfe</data></write>
    <read><delim>\x05</delim><match><data>z\x7f</data></match></read>
    <read><length>2</length><match><data>\x10K</data></match></read>
    <!-- LIST\x5fSUPPORT\x7c\x7c -->
    <write><data>\x89\x09\x86\x26\xd2\x86\x12\xde\xdez\x7e\x26\xfe\xfe</data></write>
    <read><length>95</length><match><data>N\x05\xe8\x5d\x11\xbe\x05l\x05\x8e\x05\x8el\x05\xe8\x5d\x11\xbe\x05l\x05\xfb\x05\x8e\x8e\x05\xe8\x5d\x11\xbe\x05l\x05\x8e\x05\x8e\xe6\x05\xe8\x5d\x11\xbe\x05l\x05\xfb\x05\x8e\x02\x05\xe8\x5d\x11\xbe\x05l\x05\x8e\x05\x8e\xb0\x05\xe8\x5d\x11\xbe\x05l\x05\x8e\x05\x8e\xcb\x05\xe8\x5d\x11\xbe\x05l\x05\xe6\x05\x8e\xd6\x05\xe8\x5d\x11\xbe\x05l\x05\xe6\x05</data></match></read>
    <read><delim>\x05</delim><match><data>z\x7f</data></match></read>
    <read><length>2</length><match><data>\x10K</data></match></read>
    <!-- FIRE\x7c03\x7c\x7c -->
    <write><data>\x40\x09\x7e2\xfel\xfb\xfe\xfe</data></write>
    <read><delim>\x05</delim><match><data>z\x7f</data></match></read>
    <read><length>2</length><match><data>\x10K</data></match></read>
    <!-- FIRE\x7c02\x7c\x7c -->
    <write><data>\x40\x09\x7e2\xfel\xe6\xfe\xfe</data></write>
    <read><delim>\x05</delim><match><data>z\x7f</data></match></read>
    <read><length>2</length><match><data>\x10K</data></match></read>
    <!-- LIST\x5fSUPPORT\x7c\x7c -->
    <write><data>\x89\x09\x86\x26\xd2\x86\x12\xde\xdez\x7e\x26\xfe\xfe</data></write>
    <read><length>71</length><match><data>N\x05\xe8\x5d\x11\xbe\x05l\x05\x8e\x05\x8e\x8e\x05\xe8\x5d\x11\xbe\x05l\x05\x8e\x05\x8e\xe6\x05\xe8\x5d\x11\xbe\x05l\x05\xfb\x05\x8e\x02\x05\xe8\x5d\x11\xbe\x05l\x05\x8e\x05\x8e\xb0\x05\xe8\x5d\x11\xbe\x05l\x05\x8e\x05\x8e\xd6\x05\xe8\x5d\x11\xbe\x05l\x05\xe6\x05</data></match></read>
    <read><delim>\x05</delim><match><data>z\x7f</data></match></read>
    <read><length>2</length><match><data>\x10K</data></match></read>
    <!-- CANCEL\x5fTICKET\x7c54\x7c\x7c -->
    <write><data>\xd3\x23\xe8\xd32\x89\xd2\x26\x09\xd3\x7f2\x26\xfe\xb0\x02\xfe\xfe</data></write>
    <read><delim>\x05</delim><match><data>z\x7f</data></match></read>
    <read><length>2</length><match><data>\x10K</data></match></read>
    <!-- FIRE\x7c05\x7c\x7c -->
    <write><data>\x40\x09\x7e2\xfel\xb0\xfe\xfe</data></write>
    <read><delim>\x05</delim><match><data>z\x7f</data></match></read>
    <read><length>2</length><match><data>\x10K</data></match></read>
    <!-- HIRE\x7c01\x7c\x7c -->
    <write><data>B\x09\x7e2\xfel\x8e\xfe\xfe</data></write>
    <read><delim>\x05</delim><match><data>z\x7f</data></match></read>
    <read><length>2</length><match><data>\x10K</data></match></read>
    <!-- HIRE\x7c00\x7c\x7c -->
    <write><data>B\x09\x7e2\xfell\xfe\xfe</data></write>
    <read><delim>\x05</delim><match><data>z\x7f</data></match></read>
    <read><length>2</length><match><data>\x10K</data></match></read>
    <!-- FIRE\x7c00\x7c\x7c -->
    <write><data>\x40\x09\x7e2\xfell\xfe\xfe</data></write>
    <read><delim>\x05</delim><match><data>z\x7f</data></match></read>
    <read><length>2</length><match><data>\x10K</data></match></read>
    <!-- FIRE\x7c02\x7c\x7c -->
    <write><data>\x40\x09\x7e2\xfel\xe6\xfe\xfe</data></write>
    <read><delim>\x05</delim><match><data>z\x7f</data></match></read>
    <read><length>2</length><match><data>\x10K</data></match></read>
    <!-- HIRE\x7c03\x7c\x7c -->
    <write><data>B\x09\x7e2\xfel\xfb\xfe\xfe</data></write>
    <read><delim>\x05</delim><match><data>z\x7f</data></match></read>
    <read><length>2</length><match><data>\x10K</data></match></read>
    <!-- VIEW\x7c\x7c -->
    <write><data>f\x092\x3b\xfe\xfe</data></write>
    <read><length>273</length><match><data>\x8e\xfb\x05\x93\x40\x1a\x06\xc0\x89\x9b\xbe\x05\xd4X\xbb\xe8\xbe\x05\x8e\x05\x02\x05\xd6\xe6\x05N\xe6\x05\xc6\x05zX\xbe\xd1\xf4\x05\x3bP\x26\xd7\x89f\x12\x1a\x23\x26\x16\x1a\xcd\xbe\xd1\x8f\x05\x8e\x05\x02\x05\x02\xfb\x05\xb0N\x05\xe6\xe6\x05\x09\xb7z\xd1\x7e\x12z\xd1\x93\xa9\x1a\x05\x1a\xbef\xa0P\xd1\x23\xd3\x05\x8e\x05\x02\x05\x8e\xe6\xb0\x05\x02N\x05\xe6\xb0\x05\xa0\xe8\xe8\xd7\xde\xd4\xd7\x112\xd7PX\xfc\x0a\x0a\x05\xce\xd3\x06\x12\xc0\xd1zP\xde\x40\xe8W\xd4\x05\x8e\x05\x02\x05\x8e\xcb\xc6\x05\xfb\xcb\x05\xe6\xcb\x05\x9b\xf4\xd4\x05\x3bW\x7e\x40v\x05\x8e\x05\x02\x05\x8e\xd6\x8e\x05\xb0\x05\x8e\x8e\x05\xa7\xbe\xbb\x16\x05\x12\x11\xe8\xd3\x05\x8e\x05\xb0\x05\xb0\xb0\x05\xcb\xcb\x05\xd6\x05\x11\x12\xe9\x11vXP\x8f\xe9\xe9vb\x7e\x23\x12\x05\x1a\x5c\x26\xa0W\x11\x18v\x9a\x9a\xd1v\x7f\x05\x8e\x05\xb0\x05\xfb\xb0\x05\xfb\xcb\x05\xe6\xfb\x05z\x5d\x26\x26\x18v2\x93B\xde\x93\xbb\x7e\xcd\xc0\x05\x1a\x0a\xa7\x18\x16\xb7\x5d\x12\x5cW\xb7\x7f\x05\xe6\x05\xb0\x05\x8e\xfbN\x05\xd6\x02\x05</data></match></read>
    <read><delim>\x05</delim><match><data>z\x7f</data></match></read>
    <read><length>2</length><match><data>\x10K</data></match></read>
    <!-- FIRE\x7c02\x7c\x7c -->
    <write><data>\x40\x09\x7e2\xfel\xe6\xfe\xfe</data></write>
    <read><delim>\x05</delim><match><data>z\x7f</data></match></read>
    <read><length>2</length><match><data>\x10K</data></match></read>
    <!-- FIRE\x7c04\x7c\x7c -->
    <write><data>\x40\x09\x7e2\xfel\x02\xfe\xfe</data></write>
    <read><delim>\x05</delim><match><data>z\x7f</data></match></read>
    <read><length>2</length><match><data>\x10K</data></match></read>
    <!-- VIEW\x7c04\x7c\x7c -->
    <write><data>f\x092\x3b\xfel\x02\xfe\xfe</data></write>
    <read><delim>\x05</delim><match><data>z\x7f</data></match></read>
    <read><length>2</length><match><data>\x10K</data></match></read>
    <!-- VSTATUS\x7c54\x7c\x7c -->
    <write><data>f\x86\x26\x23\x26\x12\x86\xfe\xb0\x02\xfe\xfe</data></write>
    <read><delim>\x05</delim><match><data>z\x7f</data></match></read>
    <read><length>2</length><match><data>\x10K</data></match></read>
    <!-- ADD\x5fTICKET\x7cCrfDOvOanM\x7cUPCxPaeGN\x7c05\x7c\x7c -->
    <write><data>\x23\xd4\xd4\xd2\x26\x09\xd3\x7f2\x26\xfe\xd3\x9a\xc2\xd4z\x0az\x1a\x11X\xfe\x12\xde\xd3\xfc\xde\x1a\xbe\x16\xe8\xfel\xb0\xfe\xfe</data></write>
    <read><delim>\x05</delim><match><data>z\x7f</data></match></read>
    <read><length>2</length><match><data>\x10K</data></match></read>
    <!-- VIEW\x7c\x7c -->
    <write><data>f\x092\x3b\xfe\xfe</data></write>
    <read><length>308</length><match><data>\x8e\xfb\x05\x93\x40\x1a\x06\xc0\x89\x9b\xbe\x05\xd4X\xbb\xe8\xbe\x05\x8e\x05\x02\x05\xd6\xe6\x05N\xe6\x05\xc6\x05zX\xbe\xd1\xf4\x05\x3bP\x26\xd7\x89f\x12\x1a\x23\x26\x16\x1a\xcd\xbe\xd1\x8f\x05\x8e\x05\x02\x05\x02\xfb\x05\xb0N\x05\xe6\xe6\x05\x09\xb7z\xd1\x7e\x12z\xd1\x93\xa9\x1a\x05\x1a\xbef\xa0P\xd1\x23\xd3\x05\x8e\x05\x02\x05\x8e\xe6\xb0\x05\x02N\x05\xe6\xb0\x05\xa0\xe8\xe8\xd7\xde\xd4\xd7\x112\xd7PX\xfc\x0a\x0a\x05\xce\xd3\x06\x12\xc0\xd1zP\xde\x40\xe8W\xd4\x05\x8e\x05\x02\x05\x8e\xcb\xc6\x05\xfb\xcb\x05\xe6\xcb\x05\x9b\xf4\xd4\x05\x3bW\x7e\x40v\x05\x8e\x05\x02\x05\x8e\xd6\x8e\x05\xb0\x05\x8e\x8e\x05\xa7\xbe\xbb\x16\x05\x12\x11\xe8\xd3\x05\x8e\x05\xb0\x05\xb0\xb0\x05\xcb\xcb\x05\xd6\x05\x11\x12\xe9\x11vXP\x8f\xe9\xe9vb\x7e\x23\x12\x05\x1a\x5c\x26\xa0W\x11\x18v\x9a\x9a\xd1v\x7f\x05\x8e\x05\xb0\x05\xfb\xb0\x05\xfb\xcb\x05\xe6\xd6\x05\xd3\x9a\xc2\xd4z\x0az\x1a\x11X\x05\x12\xde\xd3\xfc\xde\x1a\xbe\x16\xe8\x05\x8e\x05\xb0\x05\x8eNN\x05\xb0\x02\x05\xe6\xfb\x05z\x5d\x26\x26\x18v2\x93B\xde\x93\xbb\x7e\xcd\xc0\x05\x1a\x0a\xa7\x18\x16\xb7\x5d\x12\x5cW\xb7\x7f\x05\xe6\x05\xb0\x05\x8e\xfbN\x05\xd6\x02\x05</data></match></read>
    <read><delim>\x05</delim><match><data>z\x7f</data></match></read>
    <read><length>2</length><match><data>\x10K</data></match></read>
    <!-- VIEW\x7c\x7c -->
    <write><data>f\x092\x3b\xfe\xfe</data></write>
    <read><length>308</length><match><data>\x8e\xfb\x05\x93\x40\x1a\x06\xc0\x89\x9b\xbe\x05\xd4X\xbb\xe8\xbe\x05\x8e\x05\x02\x05\xd6\xe6\x05N\xe6\x05\xc6\x05zX\xbe\xd1\xf4\x05\x3bP\x26\xd7\x89f\x12\x1a\x23\x26\x16\x1a\xcd\xbe\xd1\x8f\x05\x8e\x05\x02\x05\x02\xfb\x05\xb0N\x05\xe6\xe6\x05\x09\xb7z\xd1\x7e\x12z\xd1\x93\xa9\x1a\x05\x1a\xbef\xa0P\xd1\x23\xd3\x05\x8e\x05\x02\x05\x8e\xe6\xb0\x05\x02N\x05\xe6\xb0\x05\xa0\xe8\xe8\xd7\xde\xd4\xd7\x112\xd7PX\xfc\x0a\x0a\x05\xce\xd3\x06\x12\xc0\xd1zP\xde\x40\xe8W\xd4\x05\x8e\x05\x02\x05\x8e\xcb\xc6\x05\xfb\xcb\x05\xe6\xcb\x05\x9b\xf4\xd4\x05\x3bW\x7e\x40v\x05\x8e\x05\x02\x05\x8e\xd6\x8e\x05\xb0\x05\x8e\x8e\x05\xa7\xbe\xbb\x16\x05\x12\x11\xe8\xd3\x05\x8e\x05\xb0\x05\xb0\xb0\x05\xcb\xcb\x05\xd6\x05\x11\x12\xe9\x11vXP\x8f\xe9\xe9vb\x7e\x23\x12\x05\x1a\x5c\x26\xa0W\x11\x18v\x9a\x9a\xd1v\x7f\x05\x8e\x05\xb0\x05\xfb\xb0\x05\xfb\xcb\x05\xe6\xd6\x05\xd3\x9a\xc2\xd4z\x0az\x1a\x11X\x05\x12\xde\xd3\xfc\xde\x1a\xbe\x16\xe8\x05\x8e\x05\xb0\x05\x8eNN\x05\xb0\x02\x05\xe6\xfb\x05z\x5d\x26\x26\x18v2\x93B\xde\x93\xbb\x7e\xcd\xc0\x05\x1a\x0a\xa7\x18\x16\xb7\x5d\x12\x5cW\xb7\x7f\x05\xe6\x05\xb0\x05\x8e\xfbN\x05\xd6\x02\x05</data></match></read>
    <read><delim>\x05</delim><match><data>z\x7f</data></match></read>
    <read><length>2</length><match><data>\x10K</data></match></read>
    <!-- ADD\x5fTICKET\x7cIsnNJzsF\x7cGYjCnfoWLj\x7c03\x7c\x7c -->
    <write><data>\x23\xd4\xd4\xd2\x26\x09\xd3\x7f2\x26\xfe\x09\xd7\x11\xe8\x18\x9b\xd7\x40\xfe\x16\xc0\xd1\xd3\x11\xc2\x5d\x3b\x89\xd1\xfel\xfb\xfe\xfe</data></write>
    <read><delim>\x05</delim><match><data>z\x7f</data></match></read>
    <read><length>2</length><match><data>\x10K</data></match></read>
    <!-- VSTATUS\x7c58\x7c\x7c -->
    <write><data>f\x86\x26\x23\x26\x12\x86\xfe\xb0\xc6\xfe\xfe</data></write>
    <read><delim>\x05</delim><match><data>z\x7f</data></match></read>
    <read><length>2</length><match><data>\x10K</data></match></read>
    <!-- LIST\x5fSUPPORT\x7c\x7c -->
    <write><data>\x89\x09\x86\x26\xd2\x86\x12\xde\xdez\x7e\x26\xfe\xfe</data></write>
    <read><length>83</length><match><data>N\x05\xe8\x5d\x11\xbe\x05l\x05\x8e\x05\x8e\x8e\x05\xe8\x5d\x11\xbe\x05l\x05\x8e\x05\x8e\xe6\x05\xe8\x5d\x11\xbe\x05l\x05\xfb\x05\x8e\x02\x05\xe8\x5d\x11\xbe\x05l\x05\x8e\x05\x8e\xb0\x05\xe8\x5d\x11\xbe\x05l\x05\x8e\x05\x8e\xc6\x05\xe8\x5d\x11\xbe\x05l\x05\x8e\x05\x8eN\x05\xe8\x5d\x11\xbe\x05l\x05\xfb\x05</data></match></read>
    <read><delim>\x05</delim><match><data>z\x7f</data></match></read>
    <read><length>2</length><match><data>\x10K</data></match></read>
    <!-- ADD\x5fTICKET\x7cgnUTn\x7cScLxQFyyHVyobrd\x7c01\x7c\x7c -->
    <write><data>\x23\xd4\xd4\xd2\x26\x09\xd3\x7f2\x26\xfe\xa7\x11\x12\x26\x11\xfe\x86\x92\x89\xfc\xe9\x40\x06\x06Bf\x06\x5d\xb7\x9ab\xfel\x8e\xfe\xfe</data></write>
    <read><delim>\x05</delim><match><data>z\x7f</data></match></read>
    <read><length>2</length><match><data>\x10K</data></match></read>
    <!-- FIRE\x7c00\x7c\x7c -->
    <write><data>\x40\x09\x7e2\xfell\xfe\xfe</data></write>
    <read><delim>\x05</delim><match><data>z\x7f</data></match></read>
    <read><length>2</length><match><data>\x10K</data></match></read>
    <!-- CANCEL\x5fTICKET\x7c60\x7c\x7c -->
    <write><data>\xd3\x23\xe8\xd32\x89\xd2\x26\x09\xd3\x7f2\x26\xfe\xcbl\xfe\xfe</data></write>
    <read><delim>\x05</delim><match><data>z\x7f</data></match></read>
    <read><length>16</length><match><data>\x26\xa9\x92P\xbe\xbbK\x40\xa9\x11\xa9\xd7\x8f\xbeb\x05</data></match></read>
    <read><length>2</length><match><data>N\x05</data></match></read>
    <read><length>15</length><match><data>\x86\x92\x89\xfc\xe9\x40\x06\x06Bf\x06\x5d\xb7\x9ab</data></match></read>
    <read><length>2</length><match><data>\x10K</data></match></read>
    <!-- VIEW\x7c02\x7c\x7c -->
    <write><data>f\x092\x3b\xfel\xe6\xfe\xfe</data></write>
    <read><length>43</length><match><data>\xe6\xfb\x05z\x5d\x26\x26\x18v2\x93B\xde\x93\xbb\x7e\xcd\xc0\x05\x1a\x0a\xa7\x18\x16\xb7\x5d\x12\x5cW\xb7\x7f\x05\xe6\x05\xb0\x05\x8e\xfbN\x05\xd6\x02\x05</data></match></read>
    <read><delim>\x05</delim><match><data>z\x7f</data></match></read>
    <read><length>2</length><match><data>\x10K</data></match></read>
    <!-- ADD\x5fTICKET\x7ctzNgUZ\x7cfCbsIqnEQyMT\x7c04\x7c\x7c -->
    <write><data>\x23\xd4\xd4\xd2\x26\x09\xd3\x7f2\x26\xfe\xbb\x9b\xe8\xa7\x12\xcd\xfe\xc2\xd3\xb7\xd7\x09\xa0\x112\xe9\x06X\x26\xfel\x02\xfe\xfe</data></write>
    <read><delim>\x05</delim><match><data>z\x7f</data></match></read>
    <read><length>2</length><match><data>\x10K</data></match></read>
    <!-- CANCEL\x5fTICKET\x7c62\x7c\x7c -->
    <write><data>\xd3\x23\xe8\xd32\x89\xd2\x26\x09\xd3\x7f2\x26\xfe\xcb\xe6\xfe\xfe</data></write>
    <read><delim>\x05</delim><match><data>z\x7f</data></match></read>
    <read><length>2</length><match><data>\x10K</data></match></read>
    <!-- ADD\x5fTICKET\x7cpqd\x7cbaCIQaaaVA\x7c03\x7c\x7c -->
    <write><data>\x23\xd4\xd4\xd2\x26\x09\xd3\x7f2\x26\xfeW\xa0b\xfe\xb7\x1a\xd3\x09\xe9\x1a\x1a\x1af\x23\xfel\xfb\xfe\xfe</data></write>
    <read><delim>\x05</delim><match><data>z\x7f</data></match></read>
    <read><length>2</length><match><data>\x10K</data></match></read>
    <!-- LIST\x5fFREE\x5fSUPPORT\x7c\x7c -->
    <write><data>\x89\x09\x86\x26\xd2\x40\x7e22\xd2\x86\x12\xde\xdez\x7e\x26\xfe\xfe</data></write>
    <read><length>71</length><match><data>N\x05\xe8\x5d\x11\xbe\x05l\x05\x8e\x05\x8e\x8e\x05\xe8\x5d\x11\xbe\x05l\x05\x8e\x05\x8e\x02\x05\xe8\x5d\x11\xbe\x05l\x05\x8e\x05\x8e\xb0\x05\xe8\x5d\x11\xbe\x05l\x05\x8e\x05\x8e\xc6\x05\xe8\x5d\x11\xbe\x05l\x05\x8e\x05\x8eN\x05\xe8\x5d\x11\xbe\x05l\x05\xfb\x05</data></match></read>
    <read><delim>\x05</delim><match><data>z\x7f</data></match></read>
    <read><length>2</length><match><data>\x10K</data></match></read>
    <!-- CANCEL\x5fTICKET\x7c10\x7c\x7c -->
    <write><data>\xd3\x23\xe8\xd32\x89\xd2\x26\x09\xd3\x7f2\x26\xfe\x8el\xfe\xfe</data></write>
    <read><delim>\x05</delim><match><data>z\x7f</data></match></read>
    <read><length>2</length><match><data>\x10K</data></match></read>
    <!-- LIST\x5fSUPPORT\x7c\x7c -->
    <write><data>\x89\x09\x86\x26\xd2\x86\x12\xde\xdez\x7e\x26\xfe\xfe</data></write>
    <read><length>83</length><match><data>N\x05\xe8\x5d\x11\xbe\x05l\x05\x8e\x05\x8e\x8e\x05\xe8\x5d\x11\xbe\x05l\x05\x8e\x05\x8e\xe6\x05\xe8\x5d\x11\xbe\x05l\x05\xfb\x05\x8e\x02\x05\xe8\x5d\x11\xbe\x05l\x05\x8e\x05\x8e\xb0\x05\xe8\x5d\x11\xbe\x05l\x05\x8e\x05\x8e\xc6\x05\xe8\x5d\x11\xbe\x05l\x05\x8e\x05\x8eN\x05\xe8\x5d\x11\xbe\x05l\x05\xfb\x05</data></match></read>
    <read><delim>\x05</delim><match><data>z\x7f</data></match></read>
    <read><length>2</length><match><data>\x10K</data></match></read>
    <!-- ADD\x5fTICKET\x7cBoGXJXMMxAFHVYYh\x7cFjsR\x7c04\x7c\x7c -->
    <write><data>\x23\xd4\xd4\xd2\x26\x09\xd3\x7f2\x26\xfeF\x5d\x16\x5c\x18\x5cXX\xfc\x23\x40Bf\xc0\xc0\x8f\xfe\x40\xd1\xd7\x7e\xfel\x02\xfe\xfe</data></write>
    <read><delim>\x05</delim><match><data>z\x7f</data></match></read>
    <read><length>2</length><match><data>\x10K</data></match></read>
    <!-- CANCEL\x5fTICKET\x7c17\x7c\x7c -->
    <write><data>\xd3\x23\xe8\xd32\x89\xd2\x26\x09\xd3\x7f2\x26\xfe\x8e\xd6\xfe\xfe</data></write>
    <read><delim>\x05</delim><match><data>z\x7f</data></match></read>
    <read><length>2</length><match><data>\x10K</data></match></read>
    <!-- ADD\x5fTICKET\x7cxeHRZnNvmmqTUK\x7cyslqCjJnjaNcdi\x7c05\x7c\x7c -->
    <write><data>\x23\xd4\xd4\xd2\x26\x09\xd3\x7f2\x26\xfe\xfc\xbeB\x7e\xcd\x11\xe8\x0avv\xa0\x26\x12\x7f\xfe\x06\xd7\xce\xa0\xd3\xd1\x18\x11\xd1\x1a\xe8\x92b\xa9\xfel\xb0\xfe\xfe</data></write>
    <read><delim>\x05</delim><match><data>z\x7f</data></match></read>
    <read><length>2</length><match><data>\x10K</data></match></read>
    <!-- VSTATUS\x7c08\x7c\x7c -->
    <write><data>f\x86\x26\x23\x26\x12\x86\xfel\xc6\xfe\xfe</data></write>
    <read><length>35</length><match><data>\xc6\x05zX\xbe\xd1\xf4\x05\x3bP\x26\xd7\x89f\x12\x1a\x23\x26\x16\x1a\xcd\xbe\xd1\x8f\x05\x8e\x05\x02\x05\x02\xfb\x05\xb0N\x05</data></match></read>
    <read><delim>\x05</delim><match><data>z\x7f</data></match></read>
    <read><length>2</length><match><data>\x10K</data></match></read>
    <!-- HIRE\x7c05\x7c\x7c -->
    <write><data>B\x09\x7e2\xfel\xb0\xfe\xfe</data></write>
    <read><delim>\x05</delim><match><data>z\x7f</data></match></read>
    <read><length>2</length><match><data>\x10K</data></match></read>
    <!-- LIST\x5fFREE\x5fSUPPORT\x7c\x7c -->
    <write><data>\x89\x09\x86\x26\xd2\x40\x7e22\xd2\x86\x12\xde\xdez\x7e\x26\xfe\xfe</data></write>
    <read><length>83</length><match><data>N\x05\xe8\x5d\x11\xbe\x05l\x05\x8e\x05\x8e\x8e\x05\xe8\x5d\x11\xbe\x05l\x05\x8e\x05\x8e\xe6\x05\xe8\x5d\x11\xbe\x05l\x05\xfb\x05\x8e\x02\x05\xe8\x5d\x11\xbe\x05l\x05\x8e\x05\x8e\xb0\x05\xe8\x5d\x11\xbe\x05l\x05\x8e\x05\x8e\xc6\x05\xe8\x5d\x11\xbe\x05l\x05\x8e\x05\x8eN\x05\xe8\x5d\x11\xbe\x05l\x05\xfb\x05</data></match></read>
    <read><delim>\x05</delim><match><data>z\x7f</data></match></read>
    <read><length>2</length><match><data>\x10K</data></match></read>
    <!-- VSTATUS\x7c68\x7c\x7c -->
    <write><data>f\x86\x26\x23\x26\x12\x86\xfe\xcb\xc6\xfe\xfe</data></write>
    <read><delim>\x05</delim><match><data>z\x7f</data></match></read>
    <read><length>2</length><match><data>\x10K</data></match></read>
    <!-- VSTATUS\x7c03\x7c\x7c -->
    <write><data>f\x86\x26\x23\x26\x12\x86\xfel\xfb\xfe\xfe</data></write>
    <read><delim>\x05</delim><match><data>z\x7f</data></match></read>
    <read><length>2</length><match><data>\x10K</data></match></read>
    <!-- HIRE\x7c01\x7c\x7c -->
    <write><data>B\x09\x7e2\xfel\x8e\xfe\xfe</data></write>
    <read><delim>\x05</delim><match><data>z\x7f</data></match></read>
    <read><length>2</length><match><data>\x10K</data></match></read>
    <!-- VIEW\x7c01\x7c\x7c -->
    <write><data>f\x092\x3b\xfel\x8e\xfe\xfe</data></write>
    <read><length>399</length><match><data>\x8e\xfb\x05\x93\x40\x1a\x06\xc0\x89\x9b\xbe\x05\xd4X\xbb\xe8\xbe\x05\x8e\x05\x02\x05\xd6\xe6\x05N\xe6\x05\xc6\x05zX\xbe\xd1\xf4\x05\x3bP\x26\xd7\x89f\x12\x1a\x23\x26\x16\x1a\xcd\xbe\xd1\x8f\x05\x8e\x05\x02\x05\x02\xfb\x05\xb0N\x05\xe6\xe6\x05\x09\xb7z\xd1\x7e\x12z\xd1\x93\xa9\x1a\x05\x1a\xbef\xa0P\xd1\x23\xd3\x05\x8e\x05\x02\x05\x8e\xe6\xb0\x05\x02N\x05\xe6\xb0\x05\xa0\xe8\xe8\xd7\xde\xd4\xd7\x112\xd7PX\xfc\x0a\x0a\x05\xce\xd3\x06\x12\xc0\xd1zP\xde\x40\xe8W\xd4\x05\x8e\x05\x02\x05\x8e\xcb\xc6\x05\xfb\xcb\x05\xe6\xcb\x05\x9b\xf4\xd4\x05\x3bW\x7e\x40v\x05\x8e\x05\x02\x05\x8e\xd6\x8e\x05\xb0\x05\xfbl\x05\xbb\x9b\xe8\xa7\x12\xcd\x05\xc2\xd3\xb7\xd7\x09\xa0\x112\xe9\x06X\x26\x05\x8e\x05\x02\x05\xe6\x8e\xe6\x05\x8e\xc6\x05\xfb\xe6\x05F\x5d\x16\x5c\x18\x5cXX\xfc\x23\x40Bf\xc0\xc0\x8f\x05\x40\xd1\xd7\x7e\x05\x8e\x05\x02\x05\xe6\xe6l\x05\xd6\xe6\x05\xd6\x05\x11\x12\xe9\x11vXP\x8f\xe9\xe9vb\x7e\x23\x12\x05\x1a\x5c\x26\xa0W\x11\x18v\x9a\x9a\xd1v\x7f\x05\x8e\x05\xb0\x05\xfb\xb0\x05\xfb\xcb\x05\xe6\xd6\x05\xd3\x9a\xc2\xd4z\x0az\x1a\x11X\x05\x12\xde\xd3\xfc\xde\x1a\xbe\x16\xe8\x05\x8e\x05\xb0\x05\x8eNN\x05\xb0\x02\x05\xfb\xfb\x05\xfc\xbeB\x7e\xcd\x11\xe8\x0avv\xa0\x26\x12\x7f\x05\x06\xd7\xce\xa0\xd3\xd1\x18\x11\xd1\x1a\xe8\x92b\xa9\x05\x8e\x05\xb0\x05\xe6\xe6\xfb\x05\x02\xe6\x05\xe6\xfb\x05z\x5d\x26\x26\x18v2\x93B\xde\x93\xbb\x7e\xcd\xc0\x05\x1a\x0a\xa7\x18\x16\xb7\x5d\x12\x5cW\xb7\x7f\x05\x8e\x05\xb0\x05\x8e\xfbN\x05\xd6\xe6\x05</data></match></read>
    <read><delim>\x05</delim><match><data>z\x7f</data></match></read>
    <read><length>2</length><match><data>\x10K</data></match></read>
    <!-- HIRE\x7c04\x7c\x7c -->
    <write><data>B\x09\x7e2\xfel\x02\xfe\xfe</data></write>
    <read><delim>\x05</delim><match><data>z\x7f</data></match></read>
    <read><length>2</length><match><data>\x10K</data></match></read>
    <!-- CANCEL\x5fTICKET\x7c68\x7c\x7c -->
    <write><data>\xd3\x23\xe8\xd32\x89\xd2\x26\x09\xd3\x7f2\x26\xfe\xcb\xc6\xfe\xfe</data></write>
    <read><delim>\x05</delim><match><data>z\x7f</data></match></read>
    <read><length>2</length><match><data>\x10K</data></match></read>
    <!-- VIEW\x7c\x7c -->
    <write><data>f\x092\x3b\xfe\xfe</data></write>
    <read><length>422</length><match><data>\xc6\x05zX\xbe\xd1\xf4\x05\x3bP\x26\xd7\x89f\x12\x1a\x23\x26\x16\x1a\xcd\xbe\xd1\x8f\x05\x8e\x05\x02\x05\x02\xfb\x05\xb0N\x05\xe6\xe6\x05\x09\xb7z\xd1\x7e\x12z\xd1\x93\xa9\x1a\x05\x1a\xbef\xa0P\xd1\x23\xd3\x05\x8e\x05\x02\x05\x8e\xe6\xb0\x05\x02N\x05\xe6\xb0\x05\xa0\xe8\xe8\xd7\xde\xd4\xd7\x112\xd7PX\xfc\x0a\x0a\x05\xce\xd3\x06\x12\xc0\xd1zP\xde\x40\xe8W\xd4\x05\x8e\x05\x02\x05\x8e\xcb\xc6\x05\xfb\xcb\x05\xe6\xcb\x05\x9b\xf4\xd4\x05\x3bW\x7e\x40v\x05\x8e\x05\x02\x05\x8e\xd6\x8e\x05\xb0\x05\xfbl\x05\xbb\x9b\xe8\xa7\x12\xcd\x05\xc2\xd3\xb7\xd7\x09\xa0\x112\xe9\x06X\x26\x05\x8e\x05\x02\x05\xe6\x8e\xe6\x05\x8e\xc6\x05\xfb\xe6\x05F\x5d\x16\x5c\x18\x5cXX\xfc\x23\x40Bf\xc0\xc0\x8f\x05\x40\xd1\xd7\x7e\x05\x8e\x05\x02\x05\xe6\xe6l\x05\xd6\xe6\x05\xd6\x05\x11\x12\xe9\x11vXP\x8f\xe9\xe9vb\x7e\x23\x12\x05\x1a\x5c\x26\xa0W\x11\x18v\x9a\x9a\xd1v\x7f\x05\x8e\x05\xb0\x05\xfb\xb0\x05\xfb\xcb\x05\xe6\xd6\x05\xd3\x9a\xc2\xd4z\x0az\x1a\x11X\x05\x12\xde\xd3\xfc\xde\x1a\xbe\x16\xe8\x05\x8e\x05\xb0\x05\x8eNN\x05\xb0\x02\x05\xfb\xfb\x05\xfc\xbeB\x7e\xcd\x11\xe8\x0avv\xa0\x26\x12\x7f\x05\x06\xd7\xce\xa0\xd3\xd1\x18\x11\xd1\x1a\xe8\x92b\xa9\x05\x8e\x05\xb0\x05\xe6\xe6\xfb\x05\x02\xe6\x05\xe6\xfb\x05z\x5d\x26\x26\x18v2\x93B\xde\x93\xbb\x7e\xcd\xc0\x05\x1a\x0a\xa7\x18\x16\xb7\x5d\x12\x5cW\xb7\x7f\x05\x8e\x05\xb0\x05\x8e\xfbN\x05\xd6\xe6\x05\x8e\x8e\x05\xa7\xbe\xbb\x16\x05\x12\x11\xe8\xd3\x05\xe6\x05\xb0\x05\xb0\xb0\x05\xcb\xfb\x05\x8e\xfb\x05\x93\x40\x1a\x06\xc0\x89\x9b\xbe\x05\xd4X\xbb\xe8\xbe\x05\xe6\x05\x02\x05\xd6\xe6\x05N\x8e\x05</data></match></read>
    <read><delim>\x05</delim><match><data>z\x7f</data></match></read>
    <read><length>2</length><match><data>\x10K</data></match></read>
    <!-- VIEW\x7c03\x7c\x7c -->
    <write><data>f\x092\x3b\xfel\xfb\xfe\xfe</data></write>
    <read><delim>\x05</delim><match><data>z\x7f</data></match></read>
    <read><length>2</length><match><data>\x10K</data></match></read>
    <!-- VIEW\x7c\x7c -->
    <write><data>f\x092\x3b\xfe\xfe</data></write>
    <read><length>422</length><match><data>\x8e\xfb\x05\x93\x40\x1a\x06\xc0\x89\x9b\xbe\x05\xd4X\xbb\xe8\xbe\x05\x8e\x05\x02\x05\xd6\xe6\x05\xc6N\x05\xc6\x05zX\xbe\xd1\xf4\x05\x3bP\x26\xd7\x89f\x12\x1a\x23\x26\x16\x1a\xcd\xbe\xd1\x8f\x05\x8e\x05\x02\x05\x02\xfb\x05\xb0N\x05\xe6\xe6\x05\x09\xb7z\xd1\x7e\x12z\xd1\x93\xa9\x1a\x05\x1a\xbef\xa0P\xd1\x23\xd3\x05\x8e\x05\x02\x05\x8e\xe6\xb0\x05\x02N\x05\xe6\xb0\x05\xa0\xe8\xe8\xd7\xde\xd4\xd7\x112\xd7PX\xfc\x0a\x0a\x05\xce\xd3\x06\x12\xc0\xd1zP\xde\x40\xe8W\xd4\x05\x8e\x05\x02\x05\x8e\xcb\xc6\x05\xfb\xcb\x05\xe6\xcb\x05\x9b\xf4\xd4\x05\x3bW\x7e\x40v\x05\x8e\x05\x02\x05\x8e\xd6\x8e\x05\xb0\x05\xfbl\x05\xbb\x9b\xe8\xa7\x12\xcd\x05\xc2\xd3\xb7\xd7\x09\xa0\x112\xe9\x06X\x26\x05\x8e\x05\x02\x05\xe6\x8e\xe6\x05\x8e\xc6\x05\xfb\xe6\x05F\x5d\x16\x5c\x18\x5cXX\xfc\x23\x40Bf\xc0\xc0\x8f\x05\x40\xd1\xd7\x7e\x05\x8e\x05\x02\x05\xe6\xe6l\x05\xd6\xe6\x05\x8e\x8e\x05\xa7\xbe\xbb\x16\x05\x12\x11\xe8\xd3\x05\x8e\x05\xb0\x05\xb0\xb0\x05\xcb\x8e\x05\xd6\x05\x11\x12\xe9\x11vXP\x8f\xe9\xe9vb\x7e\x23\x12\x05\x1a\x5c\x26\xa0W\x11\x18v\x9a\x9a\xd1v\x7f\x05\x8e\x05\xb0\x05\xfb\xb0\x05\xfb\xcb\x05\xe6\xd6\x05\xd3\x9a\xc2\xd4z\x0az\x1a\x11X\x05\x12\xde\xd3\xfc\xde\x1a\xbe\x16\xe8\x05\x8e\x05\xb0\x05\x8eNN\x05\xb0\x02\x05\xfb\xfb\x05\xfc\xbeB\x7e\xcd\x11\xe8\x0avv\xa0\x26\x12\x7f\x05\x06\xd7\xce\xa0\xd3\xd1\x18\x11\xd1\x1a\xe8\x92b\xa9\x05\x8e\x05\xb0\x05\xe6\xe6\xfb\x05\x02\xe6\x05\xe6\xfb\x05z\x5d\x26\x26\x18v2\x93B\xde\x93\xbb\x7e\xcd\xc0\x05\x1a\x0a\xa7\x18\x16\xb7\x5d\x12\x5cW\xb7\x7f\x05\x8e\x05\xb0\x05\x8e\xfbN\x05\xd6\xe6\x05</data></match></read>
    <read><delim>\x05</delim><match><data>z\x7f</data></match></read>
    <read><length>2</length><match><data>\x10K</data></match></read>
    <!-- VSTATUS\x7c68\x7c\x7c -->
    <write><data>f\x86\x26\x23\x26\x12\x86\xfe\xcb\xc6\xfe\xfe</data></write>
    <read><delim>\x05</delim><match><data>z\x7f</data></match></read>
    <read><length>2</length><match><data>\x10K</data></match></read>
    <!-- LIST\x5fFREE\x5fSUPPORT\x7c\x7c -->
    <write><data>\x89\x09\x86\x26\xd2\x40\x7e22\xd2\x86\x12\xde\xdez\x7e\x26\xfe\xfe</data></write>
    <read><length>95</length><match><data>N\x05\xe8\x5d\x11\xbe\x05l\x05\x8e\x05\x8e\x8e\x05\xe8\x5d\x11\xbe\x05l\x05\x8e\x05\x8e\xe6\x05\xe8\x5d\x11\xbe\x05l\x05\xfb\x05\x8e\x02\x05\xe8\x5d\x11\xbe\x05l\x05\x8e\x05\x8e\xb0\x05\xe8\x5d\x11\xbe\x05l\x05\x8e\x05\x8e\xc6\x05\xe8\x5d\x11\xbe\x05l\x05\x8e\x05\x8eN\x05\xe8\x5d\x11\xbe\x05l\x05\xfb\x05\xe6\x8e\x05\xe8\x5d\x11\xbe\x05l\x05\x8e\x05</data></match></read>
    <read><delim>\x05</delim><match><data>z\x7f</data></match></read>
    <read><length>2</length><match><data>\x10K</data></match></read>
    <!-- QUIT\x7c\x7c -->
    <write><data>\xe9\x12\x09\x26\xfe\xfe</data></write>
    <read><delim>\x05</delim><match><data>\x262\x7eX\x09\xe8\x23\x26\x09\xe8\x16K\x262\x7e\x7e\x09F\x892K\x26\x09\xd3\x7f2\x26K\x26\x7e\x23\xd3\x7f2\x7e</data></match></read>
</replay>
</pov>