<?xml version="1.0" standalone="no" ?>
<!DOCTYPE pov SYSTEM "/usr/share/cgc-docs/replay.dtd">
<pov>
<cbid>service</cbid>
<seed>c34b9dd5c64b7ba84bf8bb16d0e5ff81637efb8ed586d200cb319f3192e2fd2949c64fe59e164b03255dda22544faca6</seed>
<replay>
    <read><delim>\x05</delim><match><data>\x3b\xbe\xce\x92\x5dv\xbeK\xbb\x5dK\xbb\x8f\xbeK\xbb\xbe\x9a\x9a\xa9\xb7\xce\xbeK\xbb\xa9\x92P\xbe\xbbK\xbb\x9a\x1a\x92P\xbe\x9a</data></match></read>
    <read><length>2</length><match><data>\x10K</data></match></read>
    <!-- ADD\x5fTICKET\x7cdDEQRCqC\x7ccF\x7c05\x7c\x7c -->
    <write><data>\x23\xd4\xd4\xd2\x26\x09\xd3\x7f2\x26\xfeb\xd42\xe9\x7e\xd3\xa0\xd3\xfe\x92\x40\xfel\xb0\xfe\xfe</data></write>
    <read><delim>\x05</delim><match><data>z\x7f</data></match></read>
    <read><length>2</length><match><data>\x10K</data></match></read>
    <!-- VIEW\x7c02\x7c\x7c -->
    <write><data>f\x092\x3b\xfel\xe6\xfe\xfe</data></write>
    <read><length>23</length><match><data>\x8e\x05b\xd42\xe9\x7e\xd3\xa0\xd3\x05\x92\x40\x05\xe6\x05\xb0\x05\xe6\x05Nl\x05</data></match></read>
    <read><delim>\x05</delim><match><data>z\x7f</data></match></read>
    <read><length>2</length><match><data>\x10K</data></match></read>
    <!-- VIEW\x7c03\x7c\x7c -->
    <write><data>f\x092\x3b\xfel\xfb\xfe\xfe</data></write>
    <read><delim>\x05</delim><match><data>z\x7f</data></match></read>
    <read><length>2</length><match><data>\x10K</data></match></read>
    <!-- ADD\x5fTICKET\x7cqEULyEzN\x7ckVjOJbYmyBJiy\x7c02\x7c\x7c -->
    <write><data>\x23\xd4\xd4\xd2\x26\x09\xd3\x7f2\x26\xfe\xa02\x12\x89\x062\x9b\xe8\xfePf\xd1z\x18\xb7\xc0v\x06F\x18\xa9\x06\xfel\xe6\xfe\xfe</data></write>
    <read><delim>\x05</delim><match><data>z\x7f</data></match></read>
    <read><length>2</length><match><data>\x10K</data></match></read>
    <!-- VSTATUS\x7c02\x7c\x7c -->
    <write><data>f\x86\x26\x23\x26\x12\x86\xfel\xe6\xfe\xfe</data></write>
    <read><length>34</length><match><data>\xe6\x05\xa02\x12\x89\x062\x9b\xe8\x05Pf\xd1z\x18\xb7\xc0v\x06F\x18\xa9\x06\x05\xe6\x05\xe6\x05\xcb\x05\xfbl\x05</data></match></read>
    <read><delim>\x05</delim><match><data>z\x7f</data></match></read>
    <read><length>2</length><match><data>\x10K</data></match></read>
    <!-- VIEW\x7c\x7c -->
    <write><data>f\x092\x3b\xfe\xfe</data></write>
    <read><length>57</length><match><data>\xe6\x05\xa02\x12\x89\x062\x9b\xe8\x05Pf\xd1z\x18\xb7\xc0v\x06F\x18\xa9\x06\x05\xe6\x05\xe6\x05\xcb\x05\xe6N\x05\x8e\x05b\xd42\xe9\x7e\xd3\xa0\xd3\x05\x92\x40\x05\xe6\x05\xb0\x05\xe6\x05\xc6\xcb\x05</data></match></read>
    <read><delim>\x05</delim><match><data>z\x7f</data></match></read>
    <read><length>2</length><match><data>\x10K</data></match></read>
    <!-- FIRE\x7c02\x7c\x7c -->
    <write><data>\x40\x09\x7e2\xfel\xe6\xfe\xfe</data></write>
    <read><delim>\x05</delim><match><data>z\x7f</data></match></read>
    <read><length>2</length><match><data>\x10K</data></match></read>
    <!-- LIST\x5fFREE\x5fSUPPORT\x7c\x7c -->
    <write><data>\x89\x09\x86\x26\xd2\x40\x7e22\xd2\x86\x12\xde\xdez\x7e\x26\xfe\xfe</data></write>
    <read><length>22</length><match><data>\x8e\x05\xe8\x5d\x11\xbe\x05l\x05\xfb\x05\xe6\x05\xe8\x5d\x11\xbe\x05l\x05\xb0\x05</data></match></read>
    <read><delim>\x05</delim><match><data>z\x7f</data></match></read>
    <read><length>2</length><match><data>\x10K</data></match></read>
    <!-- VIEW\x7c02\x7c\x7c -->
    <write><data>f\x092\x3b\xfel\xe6\xfe\xfe</data></write>
    <read><delim>\x05</delim><match><data>z\x7f</data></match></read>
    <read><length>2</length><match><data>\x10K</data></match></read>
    <!-- ADD\x5fTICKET\x7cpIRcnSglXwm\x7czptgTm\x7c05\x7c\x7c -->
    <write><data>\x23\xd4\xd4\xd2\x26\x09\xd3\x7f2\x26\xfeW\x09\x7e\x92\x11\x86\xa7\xce\x5c\xf4v\xfe\x9bW\xbb\xa7\x26v\xfel\xb0\xfe\xfe</data></write>
    <read><delim>\x05</delim><match><data>z\x7f</data></match></read>
    <read><length>2</length><match><data>\x10K</data></match></read>
    <!-- VIEW\x7c02\x7c\x7c -->
    <write><data>f\x092\x3b\xfel\xe6\xfe\xfe</data></write>
    <read><delim>\x05</delim><match><data>z\x7f</data></match></read>
    <read><length>2</length><match><data>\x10K</data></match></read>
    <!-- VIEW\x7c\x7c -->
    <write><data>f\x092\x3b\xfe\xfe</data></write>
    <read><length>88</length><match><data>\xe6\x05\xa02\x12\x89\x062\x9b\xe8\x05Pf\xd1z\x18\xb7\xc0v\x06F\x18\xa9\x06\x05\x8e\x05\xe6\x05\xcb\x05\xe6\xc6\x05\x8e\x05b\xd42\xe9\x7e\xd3\xa0\xd3\x05\x92\x40\x05\x8e\x05\xb0\x05\xe6\x05\xc6\xb0\x05\xfb\x05W\x09\x7e\x92\x11\x86\xa7\xce\x5c\xf4v\x05\x9bW\xbb\xa7\x26v\x05\xe6\x05\xb0\x05\x8e\xfb\x05\xe6\x8e\x05</data></match></read>
    <read><delim>\x05</delim><match><data>z\x7f</data></match></read>
    <read><length>2</length><match><data>\x10K</data></match></read>
    <!-- VIEW\x7c03\x7c\x7c -->
    <write><data>f\x092\x3b\xfel\xfb\xfe\xfe</data></write>
    <read><delim>\x05</delim><match><data>z\x7f</data></match></read>
    <read><length>2</length><match><data>\x10K</data></match></read>
    <!-- LIST\x5fFREE\x5fSUPPORT\x7c\x7c -->
    <write><data>\x89\x09\x86\x26\xd2\x40\x7e22\xd2\x86\x12\xde\xdez\x7e\x26\xfe\xfe</data></write>
    <read><length>11</length><match><data>\x8e\x05\xe8\x5d\x11\xbe\x05l\x05\xfb\x05</data></match></read>
    <read><delim>\x05</delim><match><data>z\x7f</data></match></read>
    <read><length>2</length><match><data>\x10K</data></match></read>
    <!-- LIST\x5fFREE\x5fSUPPORT\x7c\x7c -->
    <write><data>\x89\x09\x86\x26\xd2\x40\x7e22\xd2\x86\x12\xde\xdez\x7e\x26\xfe\xfe</data></write>
    <read><length>11</length><match><data>\x8e\x05\xe8\x5d\x11\xbe\x05l\x05\xfb\x05</data></match></read>
    <read><delim>\x05</delim><match><data>z\x7f</data></match></read>
    <read><length>2</length><match><data>\x10K</data></match></read>
    <!-- LIST\x5fFREE\x5fSUPPORT\x7c\x7c -->
    <write><data>\x89\x09\x86\x26\xd2\x40\x7e22\xd2\x86\x12\xde\xdez\x7e\x26\xfe\xfe</data></write>
    <read><length>22</length><match><data>\x8e\x05\xe8\x5d\x11\xbe\x05l\x05\xfb\x05\xe6\x05\xe8\x5d\x11\xbe\x05l\x05\xb0\x05</data></match></read>
    <read><delim>\x05</delim><match><data>z\x7f</data></match></read>
    <read><length>2</length><match><data>\x10K</data></match></read>
    <!-- ADD\x5fTICKET\x7coJcQGpvFXaR\x7cJkWBM\x7c05\x7c\x7c -->
    <write><data>\x23\xd4\xd4\xd2\x26\x09\xd3\x7f2\x26\xfe\x5d\x18\x92\xe9\x16W\x0a\x40\x5c\x1a\x7e\xfe\x18P\x3bFX\xfel\xb0\xfe\xfe</data></write>
    <read><delim>\x05</delim><match><data>z\x7f</data></match></read>
    <read><length>2</length><match><data>\x10K</data></match></read>
    <!-- LIST\x5fFREE\x5fSUPPORT\x7c\x7c -->
    <write><data>\x89\x09\x86\x26\xd2\x40\x7e22\xd2\x86\x12\xde\xdez\x7e\x26\xfe\xfe</data></write>
    <read><length>22</length><match><data>\x8e\x05\xe8\x5d\x11\xbe\x05l\x05\xfb\x05\xe6\x05\xe8\x5d\x11\xbe\x05l\x05\xb0\x05</data></match></read>
    <read><delim>\x05</delim><match><data>z\x7f</data></match></read>
    <read><length>2</length><match><data>\x10K</data></match></read>
    <!-- VSTATUS\x7c10\x7c\x7c -->
    <write><data>f\x86\x26\x23\x26\x12\x86\xfe\x8el\xfe\xfe</data></write>
    <read><delim>\x05</delim><match><data>z\x7f</data></match></read>
    <read><length>2</length><match><data>\x10K</data></match></read>
    <!-- ADD\x5fTICKET\x7cPZYH\x7cjNUbpqmaLViTC\x7c05\x7c\x7c -->
    <write><data>\x23\xd4\xd4\xd2\x26\x09\xd3\x7f2\x26\xfe\xde\xcd\xc0B\xfe\xd1\xe8\x12\xb7W\xa0v\x1a\x89f\xa9\x26\xd3\xfel\xb0\xfe\xfe</data></write>
    <read><delim>\x05</delim><match><data>z\x7f</data></match></read>
    <read><length>2</length><match><data>\x10K</data></match></read>
    <!-- LIST\x5fSUPPORT\x7c\x7c -->
    <write><data>\x89\x09\x86\x26\xd2\x86\x12\xde\xdez\x7e\x26\xfe\xfe</data></write>
    <read><length>19</length><match><data>\x8e\x05\xe8\x5d\x11\xbe\x05l\x05\xfb\x05\xe6\x05\x02\x05l\x05\xb0\x05</data></match></read>
    <read><delim>\x05</delim><match><data>z\x7f</data></match></read>
    <read><length>2</length><match><data>\x10K</data></match></read>
    <!-- HIRE\x7c02\x7c\x7c -->
    <write><data>B\x09\x7e2\xfel\xe6\xfe\xfe</data></write>
    <read><delim>\x05</delim><match><data>z\x7f</data></match></read>
    <read><length>2</length><match><data>\x10K</data></match></read>
    <!-- LIST\x5fFREE\x5fSUPPORT\x7c\x7c -->
    <write><data>\x89\x09\x86\x26\xd2\x40\x7e22\xd2\x86\x12\xde\xdez\x7e\x26\xfe\xfe</data></write>
    <read><length>11</length><match><data>\x8e\x05\xe8\x5d\x11\xbe\x05l\x05\xfb\x05</data></match></read>
    <read><delim>\x05</delim><match><data>z\x7f</data></match></read>
    <read><length>2</length><match><data>\x10K</data></match></read>
    <!-- VSTATUS\x7c05\x7c\x7c -->
    <write><data>f\x86\x26\x23\x26\x12\x86\xfel\xb0\xfe\xfe</data></write>
    <read><length>30</length><match><data>\xb0\x05\xde\xcd\xc0B\x05\xd1\xe8\x12\xb7W\xa0v\x1a\x89f\xa9\x26\xd3\x05\x8e\x05\xb0\x05\xe6\xb0\x05\xd6\x05</data></match></read>
    <read><delim>\x05</delim><match><data>z\x7f</data></match></read>
    <read><length>2</length><match><data>\x10K</data></match></read>
    <!-- LIST\x5fFREE\x5fSUPPORT\x7c\x7c -->
    <write><data>\x89\x09\x86\x26\xd2\x40\x7e22\xd2\x86\x12\xde\xdez\x7e\x26\xfe\xfe</data></write>
    <read><length>33</length><match><data>\x8e\x05\xe8\x5d\x11\xbe\x05l\x05\xfb\x05\xe6\x05\xe8\x5d\x11\xbe\x05l\x05\xb0\x05\xfb\x05\xe8\x5d\x11\xbe\x05l\x05\xe6\x05</data></match></read>
    <read><delim>\x05</delim><match><data>z\x7f</data></match></read>
    <read><length>2</length><match><data>\x10K</data></match></read>
    <!-- HIRE\x7c02\x7c\x7c -->
    <write><data>B\x09\x7e2\xfel\xe6\xfe\xfe</data></write>
    <read><delim>\x05</delim><match><data>z\x7f</data></match></read>
    <read><length>2</length><match><data>\x10K</data></match></read>
    <!-- LIST\x5fSUPPORT\x7c\x7c -->
    <write><data>\x89\x09\x86\x26\xd2\x86\x12\xde\xdez\x7e\x26\xfe\xfe</data></write>
    <read><length>44</length><match><data>\x8e\x05\xe8\x5d\x11\xbe\x05l\x05\xfb\x05\xe6\x05\xe8\x5d\x11\xbe\x05l\x05\xb0\x05\xfb\x05\xe8\x5d\x11\xbe\x05l\x05\xe6\x05\x02\x05\xe8\x5d\x11\xbe\x05l\x05\xe6\x05</data></match></read>
    <read><delim>\x05</delim><match><data>z\x7f</data></match></read>
    <read><length>2</length><match><data>\x10K</data></match></read>
    <!-- LIST\x5fSUPPORT\x7c\x7c -->
    <write><data>\x89\x09\x86\x26\xd2\x86\x12\xde\xdez\x7e\x26\xfe\xfe</data></write>
    <read><length>41</length><match><data>\x8e\x05\xe8\x5d\x11\xbe\x05l\x05\xfb\x05\xe6\x05\xb0\x05l\x05\xb0\x05\xfb\x05\xe8\x5d\x11\xbe\x05l\x05\xe6\x05\x02\x05\xe8\x5d\x11\xbe\x05l\x05\xe6\x05</data></match></read>
    <read><delim>\x05</delim><match><data>z\x7f</data></match></read>
    <read><length>2</length><match><data>\x10K</data></match></read>
    <!-- CANCEL\x5fTICKET\x7c12\x7c\x7c -->
    <write><data>\xd3\x23\xe8\xd32\x89\xd2\x26\x09\xd3\x7f2\x26\xfe\x8e\xe6\xfe\xfe</data></write>
    <read><delim>\x05</delim><match><data>z\x7f</data></match></read>
    <read><length>2</length><match><data>\x10K</data></match></read>
    <!-- HIRE\x7c04\x7c\x7c -->
    <write><data>B\x09\x7e2\xfel\x02\xfe\xfe</data></write>
    <read><delim>\x05</delim><match><data>z\x7f</data></match></read>
    <read><length>2</length><match><data>\x10K</data></match></read>
    <!-- LIST\x5fSUPPORT\x7c\x7c -->
    <write><data>\x89\x09\x86\x26\xd2\x86\x12\xde\xdez\x7e\x26\xfe\xfe</data></write>
    <read><length>55</length><match><data>\x8e\x05\xe8\x5d\x11\xbe\x05l\x05\xfb\x05\xe6\x05\xe8\x5d\x11\xbe\x05l\x05\xb0\x05\xfb\x05\xe8\x5d\x11\xbe\x05l\x05\xe6\x05\x02\x05\xe8\x5d\x11\xbe\x05l\x05\xe6\x05\xb0\x05\xe8\x5d\x11\xbe\x05l\x05\x02\x05</data></match></read>
    <read><delim>\x05</delim><match><data>z\x7f</data></match></read>
    <read><length>2</length><match><data>\x10K</data></match></read>
    <!-- FIRE\x7c05\x7c\x7c -->
    <write><data>\x40\x09\x7e2\xfel\xb0\xfe\xfe</data></write>
    <read><delim>\x05</delim><match><data>z\x7f</data></match></read>
    <read><length>2</length><match><data>\x10K</data></match></read>
    <!-- FIRE\x7c01\x7c\x7c -->
    <write><data>\x40\x09\x7e2\xfel\x8e\xfe\xfe</data></write>
    <read><delim>\x05</delim><match><data>z\x7f</data></match></read>
    <read><length>2</length><match><data>\x10K</data></match></read>
    <!-- LIST\x5fFREE\x5fSUPPORT\x7c\x7c -->
    <write><data>\x89\x09\x86\x26\xd2\x40\x7e22\xd2\x86\x12\xde\xdez\x7e\x26\xfe\xfe</data></write>
    <read><length>44</length><match><data>\x8e\x05\xe8\x5d\x11\xbe\x05l\x05\xfb\x05\xfb\x05\xe8\x5d\x11\xbe\x05l\x05\xe6\x05\x02\x05\xe8\x5d\x11\xbe\x05l\x05\xe6\x05\xb0\x05\xe8\x5d\x11\xbe\x05l\x05\x02\x05</data></match></read>
    <read><delim>\x05</delim><match><data>z\x7f</data></match></read>
    <read><length>2</length><match><data>\x10K</data></match></read>
    <!-- CANCEL\x5fTICKET\x7c00\x7c\x7c -->
    <write><data>\xd3\x23\xe8\xd32\x89\xd2\x26\x09\xd3\x7f2\x26\xfell\xfe\xfe</data></write>
    <read><delim>\x05</delim><match><data>z\x7f</data></match></read>
    <read><length>2</length><match><data>\x10K</data></match></read>
    <!-- FIRE\x7c02\x7c\x7c -->
    <write><data>\x40\x09\x7e2\xfel\xe6\xfe\xfe</data></write>
    <read><delim>\x05</delim><match><data>z\x7f</data></match></read>
    <read><length>2</length><match><data>\x10K</data></match></read>
    <!-- CANCEL\x5fTICKET\x7c12\x7c\x7c -->
    <write><data>\xd3\x23\xe8\xd32\x89\xd2\x26\x09\xd3\x7f2\x26\xfe\x8e\xe6\xfe\xfe</data></write>
    <read><delim>\x05</delim><match><data>z\x7f</data></match></read>
    <read><length>2</length><match><data>\x10K</data></match></read>
    <!-- VSTATUS\x7c03\x7c\x7c -->
    <write><data>f\x86\x26\x23\x26\x12\x86\xfel\xfb\xfe\xfe</data></write>
    <read><length>31</length><match><data>\xfb\x05W\x09\x7e\x92\x11\x86\xa7\xce\x5c\xf4v\x05\x9bW\xbb\xa7\x26v\x05\x8e\x05\xb0\x05\x8e\xfb\x05\x8e\xd6\x05</data></match></read>
    <read><delim>\x05</delim><match><data>z\x7f</data></match></read>
    <read><length>2</length><match><data>\x10K</data></match></read>
    <!-- ADD\x5fTICKET\x7cUJLrhZ\x7cWsaQ\x7c01\x7c\x7c -->
    <write><data>\x23\xd4\xd4\xd2\x26\x09\xd3\x7f2\x26\xfe\x12\x18\x89\x9a\x8f\xcd\xfe\x3b\xd7\x1a\xe9\xfel\x8e\xfe\xfe</data></write>
    <read><delim>\x05</delim><match><data>z\x7f</data></match></read>
    <read><length>2</length><match><data>\x10K</data></match></read>
    <!-- HIRE\x7c04\x7c\x7c -->
    <write><data>B\x09\x7e2\xfel\x02\xfe\xfe</data></write>
    <read><delim>\x05</delim><match><data>z\x7f</data></match></read>
    <read><length>2</length><match><data>\x10K</data></match></read>
    <!-- CANCEL\x5fTICKET\x7c14\x7c\x7c -->
    <write><data>\xd3\x23\xe8\xd32\x89\xd2\x26\x09\xd3\x7f2\x26\xfe\x8e\x02\xfe\xfe</data></write>
    <read><delim>\x05</delim><match><data>z\x7f</data></match></read>
    <read><length>2</length><match><data>\x10K</data></match></read>
    <!-- QUIT\x7c\x7c -->
    <write><data>\xe9\x12\x09\x26\xfe\xfe</data></write>
    <read><delim>\x05</delim><match><data>\x262\x7eX\x09\xe8\x23\x26\x09\xe8\x16K\x262\x7e\x7e\x09F\x892K\x26\x09\xd3\x7f2\x26K\x26\x7e\x23\xd3\x7f2\x7e</data></match></read>
</replay>
</pov>