<?xml version="1.0" standalone="no" ?>
<!DOCTYPE pov SYSTEM "/usr/share/cgc-docs/replay.dtd">
<pov>
<cbid>service</cbid>
<seed>e413e39a9bab27a4e1aede09d8a5baa30f575aa4e4b585f686dc88c67d07430708e9ca96d48dbb1d4f6c5d06d31284d5</seed>
<replay>
    <read><delim>\x05</delim><match><data>\x3b\xbe\xce\x92\x5dv\xbeK\xbb\x5dK\xbb\x8f\xbeK\xbb\xbe\x9a\x9a\xa9\xb7\xce\xbeK\xbb\xa9\x92P\xbe\xbbK\xbb\x9a\x1a\x92P\xbe\x9a</data></match></read>
    <read><length>2</length><match><data>\x10K</data></match></read>
    <!-- VIEW\x7c04\x7c\x7c -->
    <write><data>f\x092\x3b\xfel\x02\xfe\xfe</data></write>
    <read><delim>\x05</delim><match><data>z\x7f</data></match></read>
    <read><length>2</length><match><data>\x10K</data></match></read>
    <!-- ADD\x5fTICKET\x7cwLg\x7cGLxAUwCv\x7c02\x7c\x7c -->
    <write><data>\x23\xd4\xd4\xd2\x26\x09\xd3\x7f2\x26\xfe\xf4\x89\xa7\xfe\x16\x89\xfc\x23\x12\xf4\xd3\x0a\xfel\xe6\xfe\xfe</data></write>
    <read><delim>\x05</delim><match><data>z\x7f</data></match></read>
    <read><length>2</length><match><data>\x10K</data></match></read>
    <!-- FIRE\x7c01\x7c\x7c -->
    <write><data>\x40\x09\x7e2\xfel\x8e\xfe\xfe</data></write>
    <read><delim>\x05</delim><match><data>z\x7f</data></match></read>
    <read><length>2</length><match><data>\x10K</data></match></read>
    <!-- HIRE\x7c05\x7c\x7c -->
    <write><data>B\x09\x7e2\xfel\xb0\xfe\xfe</data></write>
    <read><delim>\x05</delim><match><data>z\x7f</data></match></read>
    <read><length>2</length><match><data>\x10K</data></match></read>
    <!-- LIST\x5fSUPPORT\x7c\x7c -->
    <write><data>\x89\x09\x86\x26\xd2\x86\x12\xde\xdez\x7e\x26\xfe\xfe</data></write>
    <read><length>30</length><match><data>\x8e\x05\xe8\x5d\x11\xbe\x05l\x05\xfb\x05\xe6\x05\xe8\x5d\x11\xbe\x05l\x05\xb0\x05\xfb\x05\x8e\x05l\x05\xb0\x05</data></match></read>
    <read><delim>\x05</delim><match><data>z\x7f</data></match></read>
    <read><length>2</length><match><data>\x10K</data></match></read>
    <!-- ADD\x5fTICKET\x7cCUpVJsEvqY\x7ctZqHI\x7c04\x7c\x7c -->
    <write><data>\x23\xd4\xd4\xd2\x26\x09\xd3\x7f2\x26\xfe\xd3\x12Wf\x18\xd72\x0a\xa0\xc0\xfe\xbb\xcd\xa0B\x09\xfel\x02\xfe\xfe</data></write>
    <read><delim>\x05</delim><match><data>z\x7f</data></match></read>
    <read><length>2</length><match><data>\x10K</data></match></read>
    <!-- ADD\x5fTICKET\x7cTHtIgjaahS\x7cxNVTlvMkdfTcXmU\x7c01\x7c\x7c -->
    <write><data>\x23\xd4\xd4\xd2\x26\x09\xd3\x7f2\x26\xfe\x26B\xbb\x09\xa7\xd1\x1a\x1a\x8f\x86\xfe\xfc\xe8f\x26\xce\x0aXPb\xc2\x26\x92\x5cv\x12\xfel\x8e\xfe\xfe</data></write>
    <read><delim>\x05</delim><match><data>z\x7f</data></match></read>
    <read><length>2</length><match><data>\x10K</data></match></read>
    <!-- VSTATUS\x7c08\x7c\x7c -->
    <write><data>f\x86\x26\x23\x26\x12\x86\xfel\xc6\xfe\xfe</data></write>
    <read><delim>\x05</delim><match><data>z\x7f</data></match></read>
    <read><length>2</length><match><data>\x10K</data></match></read>
    <!-- CANCEL\x5fTICKET\x7c08\x7c\x7c -->
    <write><data>\xd3\x23\xe8\xd32\x89\xd2\x26\x09\xd3\x7f2\x26\xfel\xc6\xfe\xfe</data></write>
    <read><delim>\x05</delim><match><data>z\x7f</data></match></read>
    <read><length>2</length><match><data>\x10K</data></match></read>
    <!-- ADD\x5fTICKET\x7cxRIYXvqk\x7cSjmXilsV\x7c03\x7c\x7c -->
    <write><data>\x23\xd4\xd4\xd2\x26\x09\xd3\x7f2\x26\xfe\xfc\x7e\x09\xc0\x5c\x0a\xa0P\xfe\x86\xd1v\x5c\xa9\xce\xd7f\xfel\xfb\xfe\xfe</data></write>
    <read><delim>\x05</delim><match><data>z\x7f</data></match></read>
    <read><length>2</length><match><data>\x10K</data></match></read>
    <!-- LIST\x5fSUPPORT\x7c\x7c -->
    <write><data>\x89\x09\x86\x26\xd2\x86\x12\xde\xdez\x7e\x26\xfe\xfe</data></write>
    <read><length>27</length><match><data>\x8e\x05\xe8\x5d\x11\xbe\x05l\x05\xfb\x05\xe6\x05\x02\x05l\x05\xb0\x05\xfb\x05\xe6\x05l\x05\xb0\x05</data></match></read>
    <read><delim>\x05</delim><match><data>z\x7f</data></match></read>
    <read><length>2</length><match><data>\x10K</data></match></read>
    <!-- CANCEL\x5fTICKET\x7c02\x7c\x7c -->
    <write><data>\xd3\x23\xe8\xd32\x89\xd2\x26\x09\xd3\x7f2\x26\xfel\xe6\xfe\xfe</data></write>
    <read><delim>\x05</delim><match><data>z\x7f</data></match></read>
    <read><length>2</length><match><data>\x10K</data></match></read>
    <!-- CANCEL\x5fTICKET\x7c10\x7c\x7c -->
    <write><data>\xd3\x23\xe8\xd32\x89\xd2\x26\x09\xd3\x7f2\x26\xfe\x8el\xfe\xfe</data></write>
    <read><delim>\x05</delim><match><data>z\x7f</data></match></read>
    <read><length>2</length><match><data>\x10K</data></match></read>
    <!-- VSTATUS\x7c10\x7c\x7c -->
    <write><data>f\x86\x26\x23\x26\x12\x86\xfe\x8el\xfe\xfe</data></write>
    <read><delim>\x05</delim><match><data>z\x7f</data></match></read>
    <read><length>2</length><match><data>\x10K</data></match></read>
    <!-- LIST\x5fFREE\x5fSUPPORT\x7c\x7c -->
    <write><data>\x89\x09\x86\x26\xd2\x40\x7e22\xd2\x86\x12\xde\xdez\x7e\x26\xfe\xfe</data></write>
    <read><length>22</length><match><data>\xe6\x05\xe8\x5d\x11\xbe\x05l\x05\xb0\x05\xfb\x05\xe8\x5d\x11\xbe\x05l\x05\xb0\x05</data></match></read>
    <read><delim>\x05</delim><match><data>z\x7f</data></match></read>
    <read><length>2</length><match><data>\x10K</data></match></read>
    <!-- HIRE\x7c01\x7c\x7c -->
    <write><data>B\x09\x7e2\xfel\x8e\xfe\xfe</data></write>
    <read><delim>\x05</delim><match><data>z\x7f</data></match></read>
    <read><length>2</length><match><data>\x10K</data></match></read>
    <!-- VIEW\x7c\x7c -->
    <write><data>f\x092\x3b\xfe\xfe</data></write>
    <read><length>30</length><match><data>\x02\x05\xfc\x7e\x09\xc0\x5c\x0a\xa0P\x05\x86\xd1v\x5c\xa9\xce\xd7f\x05\xe6\x05\xfb\x05\x8e\x02\x05\xfb\x8e\x05</data></match></read>
    <read><delim>\x05</delim><match><data>z\x7f</data></match></read>
    <read><length>2</length><match><data>\x10K</data></match></read>
    <!-- LIST\x5fSUPPORT\x7c\x7c -->
    <write><data>\x89\x09\x86\x26\xd2\x86\x12\xde\xdez\x7e\x26\xfe\xfe</data></write>
    <read><length>41</length><match><data>\x8e\x05\x02\x05l\x05\xfb\x05\xe6\x05\xe8\x5d\x11\xbe\x05l\x05\xb0\x05\xfb\x05\xe8\x5d\x11\xbe\x05l\x05\xb0\x05\x02\x05\xe8\x5d\x11\xbe\x05l\x05\x8e\x05</data></match></read>
    <read><delim>\x05</delim><match><data>z\x7f</data></match></read>
    <read><length>2</length><match><data>\x10K</data></match></read>
    <!-- FIRE\x7c02\x7c\x7c -->
    <write><data>\x40\x09\x7e2\xfel\xe6\xfe\xfe</data></write>
    <read><delim>\x05</delim><match><data>z\x7f</data></match></read>
    <read><length>2</length><match><data>\x10K</data></match></read>
    <!-- HIRE\x7c02\x7c\x7c -->
    <write><data>B\x09\x7e2\xfel\xe6\xfe\xfe</data></write>
    <read><delim>\x05</delim><match><data>z\x7f</data></match></read>
    <read><length>2</length><match><data>\x10K</data></match></read>
    <!-- VIEW\x7c03\x7c\x7c -->
    <write><data>f\x092\x3b\xfel\xfb\xfe\xfe</data></write>
    <read><delim>\x05</delim><match><data>z\x7f</data></match></read>
    <read><length>2</length><match><data>\x10K</data></match></read>
    <!-- HIRE\x7c03\x7c\x7c -->
    <write><data>B\x09\x7e2\xfel\xfb\xfe\xfe</data></write>
    <read><delim>\x05</delim><match><data>z\x7f</data></match></read>
    <read><length>2</length><match><data>\x10K</data></match></read>
    <!-- LIST\x5fSUPPORT\x7c\x7c -->
    <write><data>\x89\x09\x86\x26\xd2\x86\x12\xde\xdez\x7e\x26\xfe\xfe</data></write>
    <read><length>66</length><match><data>\x8e\x05\xe8\x5d\x11\xbe\x05l\x05\xfb\x05\xe6\x05\xe8\x5d\x11\xbe\x05l\x05\xb0\x05\xfb\x05\xe8\x5d\x11\xbe\x05l\x05\xb0\x05\x02\x05\xe8\x5d\x11\xbe\x05l\x05\x8e\x05\xb0\x05\xe8\x5d\x11\xbe\x05l\x05\xe6\x05\xcb\x05\xe8\x5d\x11\xbe\x05l\x05\xfb\x05</data></match></read>
    <read><delim>\x05</delim><match><data>z\x7f</data></match></read>
    <read><length>2</length><match><data>\x10K</data></match></read>
    <!-- ADD\x5fTICKET\x7cNgVmvQSSoFFzx\x7cnDIDmVznlVwo\x7c05\x7c\x7c -->
    <write><data>\x23\xd4\xd4\xd2\x26\x09\xd3\x7f2\x26\xfe\xe8\xa7fv\x0a\xe9\x86\x86\x5d\x40\x40\x9b\xfc\xfe\x11\xd4\x09\xd4vf\x9b\x11\xcef\xf4\x5d\xfel\xb0\xfe\xfe</data></write>
    <read><delim>\x05</delim><match><data>z\x7f</data></match></read>
    <read><length>2</length><match><data>\x10K</data></match></read>
    <!-- HIRE\x7c05\x7c\x7c -->
    <write><data>B\x09\x7e2\xfel\xb0\xfe\xfe</data></write>
    <read><delim>\x05</delim><match><data>z\x7f</data></match></read>
    <read><length>2</length><match><data>\x10K</data></match></read>
    <!-- CANCEL\x5fTICKET\x7c12\x7c\x7c -->
    <write><data>\xd3\x23\xe8\xd32\x89\xd2\x26\x09\xd3\x7f2\x26\xfe\x8e\xe6\xfe\xfe</data></write>
    <read><delim>\x05</delim><match><data>z\x7f</data></match></read>
    <read><length>2</length><match><data>\x10K</data></match></read>
    <!-- CANCEL\x5fTICKET\x7c12\x7c\x7c -->
    <write><data>\xd3\x23\xe8\xd32\x89\xd2\x26\x09\xd3\x7f2\x26\xfe\x8e\xe6\xfe\xfe</data></write>
    <read><delim>\x05</delim><match><data>z\x7f</data></match></read>
    <read><length>2</length><match><data>\x10K</data></match></read>
    <!-- ADD\x5fTICKET\x7cuarACPRIYXBQv\x7caIuKTWUBnD\x7c03\x7c\x7c -->
    <write><data>\x23\xd4\xd4\xd2\x26\x09\xd3\x7f2\x26\xfe\x93\x1a\x9a\x23\xd3\xde\x7e\x09\xc0\x5cF\xe9\x0a\xfe\x1a\x09\x93\x7f\x26\x3b\x12F\x11\xd4\xfel\xfb\xfe\xfe</data></write>
    <read><delim>\x05</delim><match><data>z\x7f</data></match></read>
    <read><length>2</length><match><data>\x10K</data></match></read>
    <!-- HIRE\x7c00\x7c\x7c -->
    <write><data>B\x09\x7e2\xfell\xfe\xfe</data></write>
    <read><delim>\x05</delim><match><data>z\x7f</data></match></read>
    <read><length>2</length><match><data>\x10K</data></match></read>
    <!-- LIST\x5fFREE\x5fSUPPORT\x7c\x7c -->
    <write><data>\x89\x09\x86\x26\xd2\x40\x7e22\xd2\x86\x12\xde\xdez\x7e\x26\xfe\xfe</data></write>
    <read><length>55</length><match><data>\x8e\x05\xe8\x5d\x11\xbe\x05l\x05\xfb\x05\x02\x05\xe8\x5d\x11\xbe\x05l\x05\x8e\x05\xb0\x05\xe8\x5d\x11\xbe\x05l\x05\xe6\x05\xcb\x05\xe8\x5d\x11\xbe\x05l\x05\xfb\x05\xd6\x05\xe8\x5d\x11\xbe\x05l\x05\xb0\x05</data></match></read>
    <read><delim>\x05</delim><match><data>z\x7f</data></match></read>
    <read><length>2</length><match><data>\x10K</data></match></read>
    <!-- CANCEL\x5fTICKET\x7c14\x7c\x7c -->
    <write><data>\xd3\x23\xe8\xd32\x89\xd2\x26\x09\xd3\x7f2\x26\xfe\x8e\x02\xfe\xfe</data></write>
    <read><delim>\x05</delim><match><data>z\x7f</data></match></read>
    <read><length>2</length><match><data>\x10K</data></match></read>
    <!-- LIST\x5fFREE\x5fSUPPORT\x7c\x7c -->
    <write><data>\x89\x09\x86\x26\xd2\x40\x7e22\xd2\x86\x12\xde\xdez\x7e\x26\xfe\xfe</data></write>
    <read><length>55</length><match><data>\x8e\x05\xe8\x5d\x11\xbe\x05l\x05\xfb\x05\x02\x05\xe8\x5d\x11\xbe\x05l\x05\x8e\x05\xb0\x05\xe8\x5d\x11\xbe\x05l\x05\xe6\x05\xcb\x05\xe8\x5d\x11\xbe\x05l\x05\xfb\x05\xd6\x05\xe8\x5d\x11\xbe\x05l\x05\xb0\x05</data></match></read>
    <read><delim>\x05</delim><match><data>z\x7f</data></match></read>
    <read><length>2</length><match><data>\x10K</data></match></read>
    <!-- FIRE\x7c04\x7c\x7c -->
    <write><data>\x40\x09\x7e2\xfel\x02\xfe\xfe</data></write>
    <read><delim>\x05</delim><match><data>z\x7f</data></match></read>
    <read><length>2</length><match><data>\x10K</data></match></read>
    <!-- HIRE\x7c05\x7c\x7c -->
    <write><data>B\x09\x7e2\xfel\xb0\xfe\xfe</data></write>
    <read><delim>\x05</delim><match><data>z\x7f</data></match></read>
    <read><length>2</length><match><data>\x10K</data></match></read>
    <!-- VSTATUS\x7c00\x7c\x7c -->
    <write><data>f\x86\x26\x23\x26\x12\x86\xfell\xfe\xfe</data></write>
    <read><delim>\x05</delim><match><data>z\x7f</data></match></read>
    <read><length>2</length><match><data>\x10K</data></match></read>
    <!-- VSTATUS\x7c14\x7c\x7c -->
    <write><data>f\x86\x26\x23\x26\x12\x86\xfe\x8e\x02\xfe\xfe</data></write>
    <read><delim>\x05</delim><match><data>z\x7f</data></match></read>
    <read><length>2</length><match><data>\x10K</data></match></read>
    <!-- LIST\x5fSUPPORT\x7c\x7c -->
    <write><data>\x89\x09\x86\x26\xd2\x86\x12\xde\xdez\x7e\x26\xfe\xfe</data></write>
    <read><length>82</length><match><data>\x8e\x05\xe8\x5d\x11\xbe\x05l\x05\xfb\x05\xe6\x05\xcb\x05l\x05\xb0\x05\xfb\x05\xe8\x5d\x11\xbe\x05l\x05\xb0\x05\x02\x05\xe8\x5d\x11\xbe\x05l\x05\x8e\x05\xb0\x05\xe8\x5d\x11\xbe\x05l\x05\xe6\x05\xcb\x05\xe8\x5d\x11\xbe\x05l\x05\xfb\x05\xd6\x05\xe8\x5d\x11\xbe\x05l\x05\xb0\x05\xc6\x05\xb0\x05l\x05\xb0\x05</data></match></read>
    <read><delim>\x05</delim><match><data>z\x7f</data></match></read>
    <read><length>2</length><match><data>\x10K</data></match></read>
    <!-- CANCEL\x5fTICKET\x7c14\x7c\x7c -->
    <write><data>\xd3\x23\xe8\xd32\x89\xd2\x26\x09\xd3\x7f2\x26\xfe\x8e\x02\xfe\xfe</data></write>
    <read><delim>\x05</delim><match><data>z\x7f</data></match></read>
    <read><length>2</length><match><data>\x10K</data></match></read>
    <!-- CANCEL\x5fTICKET\x7c14\x7c\x7c -->
    <write><data>\xd3\x23\xe8\xd32\x89\xd2\x26\x09\xd3\x7f2\x26\xfe\x8e\x02\xfe\xfe</data></write>
    <read><delim>\x05</delim><match><data>z\x7f</data></match></read>
    <read><length>2</length><match><data>\x10K</data></match></read>
    <!-- VSTATUS\x7c14\x7c\x7c -->
    <write><data>f\x86\x26\x23\x26\x12\x86\xfe\x8e\x02\xfe\xfe</data></write>
    <read><delim>\x05</delim><match><data>z\x7f</data></match></read>
    <read><length>2</length><match><data>\x10K</data></match></read>
    <!-- HIRE\x7c01\x7c\x7c -->
    <write><data>B\x09\x7e2\xfel\x8e\xfe\xfe</data></write>
    <read><delim>\x05</delim><match><data>z\x7f</data></match></read>
    <read><length>2</length><match><data>\x10K</data></match></read>
    <!-- LIST\x5fSUPPORT\x7c\x7c -->
    <write><data>\x89\x09\x86\x26\xd2\x86\x12\xde\xdez\x7e\x26\xfe\xfe</data></write>
    <read><length>93</length><match><data>\x8e\x05\xe8\x5d\x11\xbe\x05l\x05\xfb\x05\xe6\x05\xb0\x05l\x05\xb0\x05\xfb\x05\xcb\x05l\x05\xb0\x05\x02\x05\xe8\x5d\x11\xbe\x05l\x05\x8e\x05\xb0\x05\xe8\x5d\x11\xbe\x05l\x05\xe6\x05\xcb\x05\xe8\x5d\x11\xbe\x05l\x05\xfb\x05\xd6\x05\xe8\x5d\x11\xbe\x05l\x05\xb0\x05\xc6\x05\xe8\x5d\x11\xbe\x05l\x05\xb0\x05N\x05\xe8\x5d\x11\xbe\x05l\x05\x8e\x05</data></match></read>
    <read><delim>\x05</delim><match><data>z\x7f</data></match></read>
    <read><length>2</length><match><data>\x10K</data></match></read>
    <!-- LIST\x5fFREE\x5fSUPPORT\x7c\x7c -->
    <write><data>\x89\x09\x86\x26\xd2\x40\x7e22\xd2\x86\x12\xde\xdez\x7e\x26\xfe\xfe</data></write>
    <read><length>77</length><match><data>\x8e\x05\xe8\x5d\x11\xbe\x05l\x05\xfb\x05\xfb\x05\xe8\x5d\x11\xbe\x05l\x05\xb0\x05\x02\x05\xe8\x5d\x11\xbe\x05l\x05\x8e\x05\xb0\x05\xe8\x5d\x11\xbe\x05l\x05\xe6\x05\xd6\x05\xe8\x5d\x11\xbe\x05l\x05\xb0\x05\xc6\x05\xe8\x5d\x11\xbe\x05l\x05\xb0\x05N\x05\xe8\x5d\x11\xbe\x05l\x05\x8e\x05</data></match></read>
    <read><delim>\x05</delim><match><data>z\x7f</data></match></read>
    <read><length>2</length><match><data>\x10K</data></match></read>
    <!-- HIRE\x7c02\x7c\x7c -->
    <write><data>B\x09\x7e2\xfel\xe6\xfe\xfe</data></write>
    <read><delim>\x05</delim><match><data>z\x7f</data></match></read>
    <read><length>2</length><match><data>\x10K</data></match></read>
    <!-- LIST\x5fSUPPORT\x7c\x7c -->
    <write><data>\x89\x09\x86\x26\xd2\x86\x12\xde\xdez\x7e\x26\xfe\xfe</data></write>
    <read><length>105</length><match><data>\x8e\x05\xe8\x5d\x11\xbe\x05l\x05\xfb\x05\xe6\x05\xb0\x05l\x05\xb0\x05\xfb\x05\xe8\x5d\x11\xbe\x05l\x05\xb0\x05\x02\x05\xe8\x5d\x11\xbe\x05l\x05\x8e\x05\xb0\x05\xe8\x5d\x11\xbe\x05l\x05\xe6\x05\xcb\x05\xe8\x5d\x11\xbe\x05l\x05\xfb\x05\xd6\x05\xcb\x05l\x05\xb0\x05\xc6\x05\xe8\x5d\x11\xbe\x05l\x05\xb0\x05N\x05\xe8\x5d\x11\xbe\x05l\x05\x8e\x05\x8el\x05\xe8\x5d\x11\xbe\x05l\x05\xe6\x05</data></match></read>
    <read><delim>\x05</delim><match><data>z\x7f</data></match></read>
    <read><length>2</length><match><data>\x10K</data></match></read>
    <!-- ADD\x5fTICKET\x7cHyADHBSdQafi\x7cqTfmOC\x7c05\x7c\x7c -->
    <write><data>\x23\xd4\xd4\xd2\x26\x09\xd3\x7f2\x26\xfeB\x06\x23\xd4BF\x86b\xe9\x1a\xc2\xa9\xfe\xa0\x26\xc2vz\xd3\xfel\xb0\xfe\xfe</data></write>
    <read><delim>\x05</delim><match><data>z\x7f</data></match></read>
    <read><length>2</length><match><data>\x10K</data></match></read>
    <!-- ADD\x5fTICKET\x7czldK\x7cqNhknHpFhzrwnoSY\x7c01\x7c\x7c -->
    <write><data>\x23\xd4\xd4\xd2\x26\x09\xd3\x7f2\x26\xfe\x9b\xceb\x7f\xfe\xa0\xe8\x8fP\x11BW\x40\x8f\x9b\x9a\xf4\x11\x5d\x86\xc0\xfel\x8e\xfe\xfe</data></write>
    <read><delim>\x05</delim><match><data>z\x7f</data></match></read>
    <read><length>2</length><match><data>\x10K</data></match></read>
    <!-- FIRE\x7c05\x7c\x7c -->
    <write><data>\x40\x09\x7e2\xfel\xb0\xfe\xfe</data></write>
    <read><delim>\x05</delim><match><data>z\x7f</data></match></read>
    <read><length>2</length><match><data>\x10K</data></match></read>
    <!-- VSTATUS\x7c03\x7c\x7c -->
    <write><data>f\x86\x26\x23\x26\x12\x86\xfel\xfb\xfe\xfe</data></write>
    <read><delim>\x05</delim><match><data>z\x7f</data></match></read>
    <read><length>2</length><match><data>\x10K</data></match></read>
    <!-- LIST\x5fSUPPORT\x7c\x7c -->
    <write><data>\x89\x09\x86\x26\xd2\x86\x12\xde\xdez\x7e\x26\xfe\xfe</data></write>
    <read><length>91</length><match><data>\x8e\x05\xe8\x5d\x11\xbe\x05l\x05\xfb\x05\xfb\x05\xb0\x05l\x05\xb0\x05\x02\x05\xe8\x5d\x11\xbe\x05l\x05\x8e\x05\xb0\x05\xc6\x05l\x05\xe6\x05\xcb\x05\xe8\x5d\x11\xbe\x05l\x05\xfb\x05\xd6\x05\xd6\x05l\x05\xb0\x05\xc6\x05\xe8\x5d\x11\xbe\x05l\x05\xb0\x05N\x05\xe8\x5d\x11\xbe\x05l\x05\x8e\x05\x8el\x05\xe8\x5d\x11\xbe\x05l\x05\xe6\x05</data></match></read>
    <read><delim>\x05</delim><match><data>z\x7f</data></match></read>
    <read><length>2</length><match><data>\x10K</data></match></read>
    <!-- FIRE\x7c00\x7c\x7c -->
    <write><data>\x40\x09\x7e2\xfell\xfe\xfe</data></write>
    <read><delim>\x05</delim><match><data>z\x7f</data></match></read>
    <read><length>2</length><match><data>\x10K</data></match></read>
    <!-- FIRE\x7c02\x7c\x7c -->
    <write><data>\x40\x09\x7e2\xfel\xe6\xfe\xfe</data></write>
    <read><delim>\x05</delim><match><data>z\x7f</data></match></read>
    <read><length>2</length><match><data>\x10K</data></match></read>
    <!-- FIRE\x7c00\x7c\x7c -->
    <write><data>\x40\x09\x7e2\xfell\xfe\xfe</data></write>
    <read><delim>\x05</delim><match><data>z\x7f</data></match></read>
    <read><length>2</length><match><data>\x10K</data></match></read>
    <!-- FIRE\x7c02\x7c\x7c -->
    <write><data>\x40\x09\x7e2\xfel\xe6\xfe\xfe</data></write>
    <read><delim>\x05</delim><match><data>z\x7f</data></match></read>
    <read><length>2</length><match><data>\x10K</data></match></read>
    <!-- LIST\x5fFREE\x5fSUPPORT\x7c\x7c -->
    <write><data>\x89\x09\x86\x26\xd2\x40\x7e22\xd2\x86\x12\xde\xdez\x7e\x26\xfe\xfe</data></write>
    <read><length>44</length><match><data>\x02\x05\xe8\x5d\x11\xbe\x05l\x05\x8e\x05\xcb\x05\xe8\x5d\x11\xbe\x05l\x05\xfb\x05\xd6\x05\xe8\x5d\x11\xbe\x05l\x05\xb0\x05N\x05\xe8\x5d\x11\xbe\x05l\x05\x8e\x05</data></match></read>
    <read><delim>\x05</delim><match><data>z\x7f</data></match></read>
    <read><length>2</length><match><data>\x10K</data></match></read>
    <!-- LIST\x5fSUPPORT\x7c\x7c -->
    <write><data>\x89\x09\x86\x26\xd2\x86\x12\xde\xdez\x7e\x26\xfe\xfe</data></write>
    <read><length>68</length><match><data>\x8e\x05\xe8\x5d\x11\xbe\x05l\x05\xfb\x05\xfb\x05\xb0\x05l\x05\xb0\x05\x02\x05\xc6\x05l\x05\x8e\x05\xcb\x05\xe8\x5d\x11\xbe\x05l\x05\xfb\x05\xd6\x05\xe8\x5d\x11\xbe\x05l\x05\xb0\x05\xc6\x05\xd6\x05l\x05\xb0\x05N\x05\xe8\x5d\x11\xbe\x05l\x05\x8e\x05</data></match></read>
    <read><delim>\x05</delim><match><data>z\x7f</data></match></read>
    <read><length>2</length><match><data>\x10K</data></match></read>
    <!-- LIST\x5fSUPPORT\x7c\x7c -->
    <write><data>\x89\x09\x86\x26\xd2\x86\x12\xde\xdez\x7e\x26\xfe\xfe</data></write>
    <read><length>71</length><match><data>\x8e\x05\xe8\x5d\x11\xbe\x05l\x05\xfb\x05\xfb\x05\xb0\x05l\x05\xb0\x05\x02\x05\xc6\x05l\x05\x8e\x05\xcb\x05\xe8\x5d\x11\xbe\x05l\x05\xfb\x05\xd6\x05\xe8\x5d\x11\xbe\x05l\x05\xb0\x05\xc6\x05\xe8\x5d\x11\xbe\x05l\x05\xb0\x05N\x05\xe8\x5d\x11\xbe\x05l\x05\x8e\x05</data></match></read>
    <read><delim>\x05</delim><match><data>z\x7f</data></match></read>
    <read><length>2</length><match><data>\x10K</data></match></read>
    <!-- CANCEL\x5fTICKET\x7c18\x7c\x7c -->
    <write><data>\xd3\x23\xe8\xd32\x89\xd2\x26\x09\xd3\x7f2\x26\xfe\x8e\xc6\xfe\xfe</data></write>
    <read><delim>\x05</delim><match><data>z\x7f</data></match></read>
    <read><length>2</length><match><data>\x10K</data></match></read>
    <!-- CANCEL\x5fTICKET\x7c18\x7c\x7c -->
    <write><data>\xd3\x23\xe8\xd32\x89\xd2\x26\x09\xd3\x7f2\x26\xfe\x8e\xc6\xfe\xfe</data></write>
    <read><delim>\x05</delim><match><data>z\x7f</data></match></read>
    <read><length>2</length><match><data>\x10K</data></match></read>
    <!-- LIST\x5fSUPPORT\x7c\x7c -->
    <write><data>\x89\x09\x86\x26\xd2\x86\x12\xde\xdez\x7e\x26\xfe\xfe</data></write>
    <read><length>68</length><match><data>\x8e\x05\xe8\x5d\x11\xbe\x05l\x05\xfb\x05\xfb\x05\xb0\x05l\x05\xb0\x05\x02\x05\xe8\x5d\x11\xbe\x05l\x05\x8e\x05\xcb\x05\xe8\x5d\x11\xbe\x05l\x05\xfb\x05\xd6\x05\xd6\x05l\x05\xb0\x05\xc6\x05\xc6\x05l\x05\xb0\x05N\x05\xe8\x5d\x11\xbe\x05l\x05\x8e\x05</data></match></read>
    <read><delim>\x05</delim><match><data>z\x7f</data></match></read>
    <read><length>2</length><match><data>\x10K</data></match></read>
    <!-- FIRE\x7c04\x7c\x7c -->
    <write><data>\x40\x09\x7e2\xfel\x02\xfe\xfe</data></write>
    <read><delim>\x05</delim><match><data>z\x7f</data></match></read>
    <read><length>2</length><match><data>\x10K</data></match></read>
    <!-- VSTATUS\x7c18\x7c\x7c -->
    <write><data>f\x86\x26\x23\x26\x12\x86\xfe\x8e\xc6\xfe\xfe</data></write>
    <read><delim>\x05</delim><match><data>z\x7f</data></match></read>
    <read><length>2</length><match><data>\x10K</data></match></read>
    <!-- VSTATUS\x7c04\x7c\x7c -->
    <write><data>f\x86\x26\x23\x26\x12\x86\xfel\x02\xfe\xfe</data></write>
    <read><delim>\x05</delim><match><data>z\x7f</data></match></read>
    <read><length>2</length><match><data>\x10K</data></match></read>
    <!-- LIST\x5fSUPPORT\x7c\x7c -->
    <write><data>\x89\x09\x86\x26\xd2\x86\x12\xde\xdez\x7e\x26\xfe\xfe</data></write>
    <read><length>71</length><match><data>\x8e\x05\xe8\x5d\x11\xbe\x05l\x05\xfb\x05\xfb\x05\xe8\x5d\x11\xbe\x05l\x05\xb0\x05\x02\x05\xe8\x5d\x11\xbe\x05l\x05\x8e\x05\xcb\x05\xe8\x5d\x11\xbe\x05l\x05\xfb\x05\xd6\x05\xb0\x05l\x05\xb0\x05\xc6\x05\xd6\x05l\x05\xb0\x05N\x05\xe8\x5d\x11\xbe\x05l\x05\x8e\x05</data></match></read>
    <read><delim>\x05</delim><match><data>z\x7f</data></match></read>
    <read><length>2</length><match><data>\x10K</data></match></read>
    <!-- VSTATUS\x7c07\x7c\x7c -->
    <write><data>f\x86\x26\x23\x26\x12\x86\xfel\xd6\xfe\xfe</data></write>
    <read><length>31</length><match><data>\xd6\x05B\x06\x23\xd4BF\x86b\xe9\x1a\xc2\xa9\x05\xa0\x26\xc2vz\xd3\x05\x8e\x05\xb0\x05\xb0\xfb\x05\xc6\x05</data></match></read>
    <read><delim>\x05</delim><match><data>z\x7f</data></match></read>
    <read><length>16</length><match><data>\x26\xa9\x92P\xbe\xbbK\x40\xa9\x11\xa9\xd7\x8f\xbeb\x05</data></match></read>
    <read><length>2</length><match><data>\xd6\x05</data></match></read>
    <read><length>12</length><match><data>\x11\xd4\x09\xd4vf\x9b\x11\xcef\xf4\x5d</data></match></read>
    <read><length>2</length><match><data>\x10K</data></match></read>
    <!-- LIST\x5fSUPPORT\x7c\x7c -->
    <write><data>\x89\x09\x86\x26\xd2\x86\x12\xde\xdez\x7e\x26\xfe\xfe</data></write>
    <read><length>74</length><match><data>\x8e\x05\xe8\x5d\x11\xbe\x05l\x05\xfb\x05\xfb\x05\xd6\x05l\x05\xb0\x05\x02\x05\xe8\x5d\x11\xbe\x05l\x05\x8e\x05\xcb\x05\xe8\x5d\x11\xbe\x05l\x05\xfb\x05\xd6\x05\xe8\x5d\x11\xbe\x05l\x05\xb0\x05\xc6\x05\xe8\x5d\x11\xbe\x05l\x05\xb0\x05N\x05\xe8\x5d\x11\xbe\x05l\x05\x8e\x05</data></match></read>
    <read><delim>\x05</delim><match><data>z\x7f</data></match></read>
    <read><length>2</length><match><data>\x10K</data></match></read>
    <!-- QUIT\x7c\x7c -->
    <write><data>\xe9\x12\x09\x26\xfe\xfe</data></write>
    <read><delim>\x05</delim><match><data>\x262\x7eX\x09\xe8\x23\x26\x09\xe8\x16K\x262\x7e\x7e\x09F\x892K\x26\x09\xd3\x7f2\x26K\x26\x7e\x23\xd3\x7f2\x7e</data></match></read>
</replay>
</pov>