<?xml version="1.0" standalone="no" ?>
<!DOCTYPE pov SYSTEM "/usr/share/cgc-docs/replay.dtd">
<pov>
<cbid>service</cbid>
<seed>eddbf92cb90222b59d8cd5c7dc47688bd8fa825b23cb060037a8c200d7cff8c1b9cb829614f089b9f11f2a0c7d2c9c94</seed>
<replay>
    <read><delim>\x05</delim><match><data>\x3b\xbe\xce\x92\x5dv\xbeK\xbb\x5dK\xbb\x8f\xbeK\xbb\xbe\x9a\x9a\xa9\xb7\xce\xbeK\xbb\xa9\x92P\xbe\xbbK\xbb\x9a\x1a\x92P\xbe\x9a</data></match></read>
    <read><length>2</length><match><data>\x10K</data></match></read>
    <!-- ADD\x5fTICKET\x7cmImWVSJbO\x7cmAwPlvK\x7c04\x7c\x7c -->
    <write><data>\x23\xd4\xd4\xd2\x26\x09\xd3\x7f2\x26\xfev\x09v\x3bf\x86\x18\xb7z\xfev\x23\xf4\xde\xce\x0a\x7f\xfel\x02\xfe\xfe</data></write>
    <read><delim>\x05</delim><match><data>z\x7f</data></match></read>
    <read><length>2</length><match><data>\x10K</data></match></read>
    <!-- ADD\x5fTICKET\x7czJkjSJMxsmGFSkoH\x7cAhfCVtSjoBy\x7c03\x7c\x7c -->
    <write><data>\x23\xd4\xd4\xd2\x26\x09\xd3\x7f2\x26\xfe\x9b\x18P\xd1\x86\x18X\xfc\xd7v\x16\x40\x86P\x5dB\xfe\x23\x8f\xc2\xd3f\xbb\x86\xd1\x5dF\x06\xfel\xfb\xfe\xfe</data></write>
    <read><delim>\x05</delim><match><data>z\x7f</data></match></read>
    <read><length>2</length><match><data>\x10K</data></match></read>
    <!-- ADD\x5fTICKET\x7cRsRsZLPYrJho\x7ctgBttNGmVVWka\x7c02\x7c\x7c -->
    <write><data>\x23\xd4\xd4\xd2\x26\x09\xd3\x7f2\x26\xfe\x7e\xd7\x7e\xd7\xcd\x89\xde\xc0\x9a\x18\x8f\x5d\xfe\xbb\xa7F\xbb\xbb\xe8\x16vff\x3bP\x1a\xfel\xe6\xfe\xfe</data></write>
    <read><delim>\x05</delim><match><data>z\x7f</data></match></read>
    <read><length>2</length><match><data>\x10K</data></match></read>
    <!-- LIST\x5fFREE\x5fSUPPORT\x7c\x7c -->
    <write><data>\x89\x09\x86\x26\xd2\x40\x7e22\xd2\x86\x12\xde\xdez\x7e\x26\xfe\xfe</data></write>
    <read><delim>\x05</delim><match><data>z\x7f</data></match></read>
    <read><length>2</length><match><data>\x10K</data></match></read>
    <!-- VSTATUS\x7c08\x7c\x7c -->
    <write><data>f\x86\x26\x23\x26\x12\x86\xfel\xc6\xfe\xfe</data></write>
    <read><delim>\x05</delim><match><data>z\x7f</data></match></read>
    <read><length>2</length><match><data>\x10K</data></match></read>
    <!-- ADD\x5fTICKET\x7ctySOYn\x7crhjNTcUfqa\x7c04\x7c\x7c -->
    <write><data>\x23\xd4\xd4\xd2\x26\x09\xd3\x7f2\x26\xfe\xbb\x06\x86z\xc0\x11\xfe\x9a\x8f\xd1\xe8\x26\x92\x12\xc2\xa0\x1a\xfel\x02\xfe\xfe</data></write>
    <read><delim>\x05</delim><match><data>z\x7f</data></match></read>
    <read><length>2</length><match><data>\x10K</data></match></read>
    <!-- LIST\x5fFREE\x5fSUPPORT\x7c\x7c -->
    <write><data>\x89\x09\x86\x26\xd2\x40\x7e22\xd2\x86\x12\xde\xdez\x7e\x26\xfe\xfe</data></write>
    <read><length>11</length><match><data>\xe6\x05\xe8\x5d\x11\xbe\x05l\x05\xb0\x05</data></match></read>
    <read><delim>\x05</delim><match><data>z\x7f</data></match></read>
    <read><length>2</length><match><data>\x10K</data></match></read>
    <!-- ADD\x5fTICKET\x7crNfwsspPmmsaZU\x7cvIPdIwazzpn\x7c02\x7c\x7c -->
    <write><data>\x23\xd4\xd4\xd2\x26\x09\xd3\x7f2\x26\xfe\x9a\xe8\xc2\xf4\xd7\xd7W\xdevv\xd7\x1a\xcd\x12\xfe\x0a\x09\xdeb\x09\xf4\x1a\x9b\x9bW\x11\xfel\xe6\xfe\xfe</data></write>
    <read><delim>\x05</delim><match><data>z\x7f</data></match></read>
    <read><length>2</length><match><data>\x10K</data></match></read>
    <!-- LIST\x5fSUPPORT\x7c\x7c -->
    <write><data>\x89\x09\x86\x26\xd2\x86\x12\xde\xdez\x7e\x26\xfe\xfe</data></write>
    <read><length>19</length><match><data>\x8e\x05\xe8\x5d\x11\xbe\x05l\x05\xfb\x05\xe6\x05\x02\x05l\x05\xb0\x05</data></match></read>
    <read><delim>\x05</delim><match><data>z\x7f</data></match></read>
    <read><length>2</length><match><data>\x10K</data></match></read>
    <!-- VIEW\x7c\x7c -->
    <write><data>f\x092\x3b\xfe\xfe</data></write>
    <read><length>136</length><match><data>\xb0\x05\x9a\xe8\xc2\xf4\xd7\xd7W\xdevv\xd7\x1a\xcd\x12\x05\x0a\x09\xdeb\x09\xf4\x1a\x9b\x9bW\x11\x05\x8e\x05\xe6\x05\x8e\xfb\x05N\xc6\x05\x8e\x05v\x09v\x3bf\x86\x18\xb7z\x05v\x23\xf4\xde\xce\x0a\x7f\x05\x8e\x05\x02\x05\xe6\x05\xcb\xcb\x05\xfb\x05\x7e\xd7\x7e\xd7\xcd\x89\xde\xc0\x9a\x18\x8f\x5d\x05\xbb\xa7F\xbb\xbb\xe8\x16vff\x3bP\x1a\x05\xe6\x05\xe6\x05\xcb\x05N\xe6\x05\x02\x05\xbb\x06\x86z\xc0\x11\x05\x9a\x8f\xd1\xe8\x26\x92\x12\xc2\xa0\x1a\x05\xe6\x05\x02\x05\x8el\x05\xfb\x8e\x05</data></match></read>
    <read><delim>\x05</delim><match><data>z\x7f</data></match></read>
    <read><length>2</length><match><data>\x10K</data></match></read>
    <!-- HIRE\x7c05\x7c\x7c -->
    <write><data>B\x09\x7e2\xfel\xb0\xfe\xfe</data></write>
    <read><delim>\x05</delim><match><data>z\x7f</data></match></read>
    <read><length>2</length><match><data>\x10K</data></match></read>
    <!-- HIRE\x7c00\x7c\x7c -->
    <write><data>B\x09\x7e2\xfell\xfe\xfe</data></write>
    <read><delim>\x05</delim><match><data>z\x7f</data></match></read>
    <read><length>2</length><match><data>\x10K</data></match></read>
    <!-- CANCEL\x5fTICKET\x7c12\x7c\x7c -->
    <write><data>\xd3\x23\xe8\xd32\x89\xd2\x26\x09\xd3\x7f2\x26\xfe\x8e\xe6\xfe\xfe</data></write>
    <read><delim>\x05</delim><match><data>z\x7f</data></match></read>
    <read><length>2</length><match><data>\x10K</data></match></read>
    <!-- CANCEL\x5fTICKET\x7c12\x7c\x7c -->
    <write><data>\xd3\x23\xe8\xd32\x89\xd2\x26\x09\xd3\x7f2\x26\xfe\x8e\xe6\xfe\xfe</data></write>
    <read><delim>\x05</delim><match><data>z\x7f</data></match></read>
    <read><length>2</length><match><data>\x10K</data></match></read>
    <!-- VSTATUS\x7c12\x7c\x7c -->
    <write><data>f\x86\x26\x23\x26\x12\x86\xfe\x8e\xe6\xfe\xfe</data></write>
    <read><delim>\x05</delim><match><data>z\x7f</data></match></read>
    <read><length>2</length><match><data>\x10K</data></match></read>
    <!-- VIEW\x7c\x7c -->
    <write><data>f\x092\x3b\xfe\xfe</data></write>
    <read><length>136</length><match><data>\xb0\x05\x9a\xe8\xc2\xf4\xd7\xd7W\xdevv\xd7\x1a\xcd\x12\x05\x0a\x09\xdeb\x09\xf4\x1a\x9b\x9bW\x11\x05\x8e\x05\xe6\x05\x8e\xfb\x05N\xd6\x05\xfb\x05\x7e\xd7\x7e\xd7\xcd\x89\xde\xc0\x9a\x18\x8f\x5d\x05\xbb\xa7F\xbb\xbb\xe8\x16vff\x3bP\x1a\x05\x8e\x05\xe6\x05\xcb\x05\xc6N\x05\x02\x05\xbb\x06\x86z\xc0\x11\x05\x9a\x8f\xd1\xe8\x26\x92\x12\xc2\xa0\x1a\x05\x8e\x05\x02\x05\x8el\x05\xe6\xd6\x05\x8e\x05v\x09v\x3bf\x86\x18\xb7z\x05v\x23\xf4\xde\xce\x0a\x7f\x05\xe6\x05\x02\x05\xe6\x05\xcb\xe6\x05</data></match></read>
    <read><delim>\x05</delim><match><data>z\x7f</data></match></read>
    <read><length>2</length><match><data>\x10K</data></match></read>
    <!-- VSTATUS\x7c12\x7c\x7c -->
    <write><data>f\x86\x26\x23\x26\x12\x86\xfe\x8e\xe6\xfe\xfe</data></write>
    <read><delim>\x05</delim><match><data>z\x7f</data></match></read>
    <read><length>2</length><match><data>\x10K</data></match></read>
    <!-- VSTATUS\x7c00\x7c\x7c -->
    <write><data>f\x86\x26\x23\x26\x12\x86\xfell\xfe\xfe</data></write>
    <read><delim>\x05</delim><match><data>z\x7f</data></match></read>
    <read><length>2</length><match><data>\x10K</data></match></read>
    <!-- VIEW\x7c01\x7c\x7c -->
    <write><data>f\x092\x3b\xfel\x8e\xfe\xfe</data></write>
    <read><length>107</length><match><data>\xfb\x05\x7e\xd7\x7e\xd7\xcd\x89\xde\xc0\x9a\x18\x8f\x5d\x05\xbb\xa7F\xbb\xbb\xe8\x16vff\x3bP\x1a\x05\x8e\x05\xe6\x05\xcb\x05\xc6N\x05\xb0\x05\x9a\xe8\xc2\xf4\xd7\xd7W\xdevv\xd7\x1a\xcd\x12\x05\x0a\x09\xdeb\x09\xf4\x1a\x9b\x9bW\x11\x05\x8e\x05\xe6\x05\x8e\xfb\x05N\xd6\x05\x02\x05\xbb\x06\x86z\xc0\x11\x05\x9a\x8f\xd1\xe8\x26\x92\x12\xc2\xa0\x1a\x05\x8e\x05\x02\x05\x8el\x05\xe6\xd6\x05</data></match></read>
    <read><delim>\x05</delim><match><data>z\x7f</data></match></read>
    <read><length>2</length><match><data>\x10K</data></match></read>
    <!-- VIEW\x7c03\x7c\x7c -->
    <write><data>f\x092\x3b\xfel\xfb\xfe\xfe</data></write>
    <read><delim>\x05</delim><match><data>z\x7f</data></match></read>
    <read><length>2</length><match><data>\x10K</data></match></read>
    <!-- ADD\x5fTICKET\x7cvOYpjsL\x7cpB\x7c03\x7c\x7c -->
    <write><data>\x23\xd4\xd4\xd2\x26\x09\xd3\x7f2\x26\xfe\x0az\xc0W\xd1\xd7\x89\xfeWF\xfel\xfb\xfe\xfe</data></write>
    <read><delim>\x05</delim><match><data>z\x7f</data></match></read>
    <read><length>2</length><match><data>\x10K</data></match></read>
    <!-- ADD\x5fTICKET\x7cCDadUruMgzi\x7cEwgltCM\x7c02\x7c\x7c -->
    <write><data>\x23\xd4\xd4\xd2\x26\x09\xd3\x7f2\x26\xfe\xd3\xd4\x1ab\x12\x9a\x93X\xa7\x9b\xa9\xfe2\xf4\xa7\xce\xbb\xd3X\xfel\xe6\xfe\xfe</data></write>
    <read><delim>\x05</delim><match><data>z\x7f</data></match></read>
    <read><length>2</length><match><data>\x10K</data></match></read>
    <!-- FIRE\x7c00\x7c\x7c -->
    <write><data>\x40\x09\x7e2\xfell\xfe\xfe</data></write>
    <read><delim>\x05</delim><match><data>z\x7f</data></match></read>
    <read><length>2</length><match><data>\x10K</data></match></read>
    <!-- VSTATUS\x7c16\x7c\x7c -->
    <write><data>f\x86\x26\x23\x26\x12\x86\xfe\x8e\xcb\xfe\xfe</data></write>
    <read><delim>\x05</delim><match><data>z\x7f</data></match></read>
    <read><length>16</length><match><data>\x26\xa9\x92P\xbe\xbbK\x40\xa9\x11\xa9\xd7\x8f\xbeb\x05</data></match></read>
    <read><length>2</length><match><data>\x8e\x05</data></match></read>
    <read><length>2</length><match><data>WF</data></match></read>
    <read><length>2</length><match><data>\x10K</data></match></read>
    <!-- LIST\x5fFREE\x5fSUPPORT\x7c\x7c -->
    <write><data>\x89\x09\x86\x26\xd2\x40\x7e22\xd2\x86\x12\xde\xdez\x7e\x26\xfe\xfe</data></write>
    <read><length>22</length><match><data>\x8e\x05\xe8\x5d\x11\xbe\x05l\x05\xfb\x05\xe6\x05\xe8\x5d\x11\xbe\x05l\x05\xb0\x05</data></match></read>
    <read><delim>\x05</delim><match><data>z\x7f</data></match></read>
    <read><length>2</length><match><data>\x10K</data></match></read>
    <!-- ADD\x5fTICKET\x7cyYMsAPZu\x7cgvwbq\x7c04\x7c\x7c -->
    <write><data>\x23\xd4\xd4\xd2\x26\x09\xd3\x7f2\x26\xfe\x06\xc0X\xd7\x23\xde\xcd\x93\xfe\xa7\x0a\xf4\xb7\xa0\xfel\x02\xfe\xfe</data></write>
    <read><delim>\x05</delim><match><data>z\x7f</data></match></read>
    <read><length>2</length><match><data>\x10K</data></match></read>
    <!-- LIST\x5fFREE\x5fSUPPORT\x7c\x7c -->
    <write><data>\x89\x09\x86\x26\xd2\x40\x7e22\xd2\x86\x12\xde\xdez\x7e\x26\xfe\xfe</data></write>
    <read><length>33</length><match><data>\x8e\x05\xe8\x5d\x11\xbe\x05l\x05\xfb\x05\xe6\x05\xe8\x5d\x11\xbe\x05l\x05\xb0\x05\xfb\x05\xe8\x5d\x11\xbe\x05l\x05\xb0\x05</data></match></read>
    <read><delim>\x05</delim><match><data>z\x7f</data></match></read>
    <read><length>2</length><match><data>\x10K</data></match></read>
    <!-- CANCEL\x5fTICKET\x7c18\x7c\x7c -->
    <write><data>\xd3\x23\xe8\xd32\x89\xd2\x26\x09\xd3\x7f2\x26\xfe\x8e\xc6\xfe\xfe</data></write>
    <read><delim>\x05</delim><match><data>z\x7f</data></match></read>
    <read><length>2</length><match><data>\x10K</data></match></read>
    <!-- CANCEL\x5fTICKET\x7c18\x7c\x7c -->
    <write><data>\xd3\x23\xe8\xd32\x89\xd2\x26\x09\xd3\x7f2\x26\xfe\x8e\xc6\xfe\xfe</data></write>
    <read><delim>\x05</delim><match><data>z\x7f</data></match></read>
    <read><length>2</length><match><data>\x10K</data></match></read>
    <!-- ADD\x5fTICKET\x7cDye\x7crl\x7c03\x7c\x7c -->
    <write><data>\x23\xd4\xd4\xd2\x26\x09\xd3\x7f2\x26\xfe\xd4\x06\xbe\xfe\x9a\xce\xfel\xfb\xfe\xfe</data></write>
    <read><delim>\x05</delim><match><data>z\x7f</data></match></read>
    <read><length>2</length><match><data>\x10K</data></match></read>
    <!-- FIRE\x7c00\x7c\x7c -->
    <write><data>\x40\x09\x7e2\xfell\xfe\xfe</data></write>
    <read><delim>\x05</delim><match><data>z\x7f</data></match></read>
    <read><length>2</length><match><data>\x10K</data></match></read>
    <!-- HIRE\x7c03\x7c\x7c -->
    <write><data>B\x09\x7e2\xfel\xfb\xfe\xfe</data></write>
    <read><delim>\x05</delim><match><data>z\x7f</data></match></read>
    <read><length>2</length><match><data>\x10K</data></match></read>
    <!-- FIRE\x7c04\x7c\x7c -->
    <write><data>\x40\x09\x7e2\xfel\x02\xfe\xfe</data></write>
    <read><delim>\x05</delim><match><data>z\x7f</data></match></read>
    <read><length>2</length><match><data>\x10K</data></match></read>
    <!-- ADD\x5fTICKET\x7cxoUgEVizoPKDyNlF\x7cnE\x7c01\x7c\x7c -->
    <write><data>\x23\xd4\xd4\xd2\x26\x09\xd3\x7f2\x26\xfe\xfc\x5d\x12\xa72f\xa9\x9b\x5d\xde\x7f\xd4\x06\xe8\xce\x40\xfe\x112\xfel\x8e\xfe\xfe</data></write>
    <read><delim>\x05</delim><match><data>z\x7f</data></match></read>
    <read><length>2</length><match><data>\x10K</data></match></read>
    <!-- CANCEL\x5fTICKET\x7c01\x7c\x7c -->
    <write><data>\xd3\x23\xe8\xd32\x89\xd2\x26\x09\xd3\x7f2\x26\xfel\x8e\xfe\xfe</data></write>
    <read><delim>\x05</delim><match><data>z\x7f</data></match></read>
    <read><length>2</length><match><data>\x10K</data></match></read>
    <!-- HIRE\x7c03\x7c\x7c -->
    <write><data>B\x09\x7e2\xfel\xfb\xfe\xfe</data></write>
    <read><delim>\x05</delim><match><data>z\x7f</data></match></read>
    <read><length>2</length><match><data>\x10K</data></match></read>
    <!-- FIRE\x7c00\x7c\x7c -->
    <write><data>\x40\x09\x7e2\xfell\xfe\xfe</data></write>
    <read><delim>\x05</delim><match><data>z\x7f</data></match></read>
    <read><length>2</length><match><data>\x10K</data></match></read>
    <!-- VIEW\x7c\x7c -->
    <write><data>f\x092\x3b\xfe\xfe</data></write>
    <read><length>129</length><match><data>\xc6\x05\x06\xc0X\xd7\x23\xde\xcd\x93\x05\xa7\x0a\xf4\xb7\xa0\x05\x8e\x05\x02\x05\xfb\x02\x05\xcbN\x05\x8el\x05\xfc\x5d\x12\xa72f\xa9\x9b\x5d\xde\x7f\xd4\x06\xe8\xce\x40\x05\x112\x05\xe6\x05\x8e\x05\x02\x02\x05\xc6\x8e\x05\x02\x05\xbb\x06\x86z\xc0\x11\x05\x9a\x8f\xd1\xe8\x26\x92\x12\xc2\xa0\x1a\x05\xe6\x05\x02\x05\x8el\x05\x8e\x8e\x05\xb0\x05\x9a\xe8\xc2\xf4\xd7\xd7W\xdevv\xd7\x1a\xcd\x12\x05\x0a\x09\xdeb\x09\xf4\x1a\x9b\x9bW\x11\x05\xe6\x05\xe6\x05\x8e\xfb\x05N\x02\x05</data></match></read>
    <read><delim>\x05</delim><match><data>z\x7f</data></match></read>
    <read><length>2</length><match><data>\x10K</data></match></read>
    <!-- VSTATUS\x7c22\x7c\x7c -->
    <write><data>f\x86\x26\x23\x26\x12\x86\xfe\xe6\xe6\xfe\xfe</data></write>
    <read><delim>\x05</delim><match><data>z\x7f</data></match></read>
    <read><length>2</length><match><data>\x10K</data></match></read>
    <!-- CANCEL\x5fTICKET\x7c22\x7c\x7c -->
    <write><data>\xd3\x23\xe8\xd32\x89\xd2\x26\x09\xd3\x7f2\x26\xfe\xe6\xe6\xfe\xfe</data></write>
    <read><delim>\x05</delim><match><data>z\x7f</data></match></read>
    <read><length>2</length><match><data>\x10K</data></match></read>
    <!-- ADD\x5fTICKET\x7cJc\x7cogg\x7c02\x7c\x7c -->
    <write><data>\x23\xd4\xd4\xd2\x26\x09\xd3\x7f2\x26\xfe\x18\x92\xfe\x5d\xa7\xa7\xfel\xe6\xfe\xfe</data></write>
    <read><delim>\x05</delim><match><data>z\x7f</data></match></read>
    <read><length>2</length><match><data>\x10K</data></match></read>
    <!-- LIST\x5fSUPPORT\x7c\x7c -->
    <write><data>\x89\x09\x86\x26\xd2\x86\x12\xde\xdez\x7e\x26\xfe\xfe</data></write>
    <read><length>47</length><match><data>\x8e\x05\x8e\x8e\x05l\x05\xfb\x05\xe6\x05\x02\x05l\x05\xb0\x05\xfb\x05\xe8\x5d\x11\xbe\x05l\x05\xb0\x05\x02\x05\xb0\x05l\x05\xfb\x05\xb0\x05\xe8\x5d\x11\xbe\x05l\x05\xfb\x05</data></match></read>
    <read><delim>\x05</delim><match><data>z\x7f</data></match></read>
    <read><length>2</length><match><data>\x10K</data></match></read>
    <!-- VSTATUS\x7c24\x7c\x7c -->
    <write><data>f\x86\x26\x23\x26\x12\x86\xfe\xe6\x02\xfe\xfe</data></write>
    <read><delim>\x05</delim><match><data>z\x7f</data></match></read>
    <read><length>2</length><match><data>\x10K</data></match></read>
    <!-- CANCEL\x5fTICKET\x7c05\x7c\x7c -->
    <write><data>\xd3\x23\xe8\xd32\x89\xd2\x26\x09\xd3\x7f2\x26\xfel\xb0\xfe\xfe</data></write>
    <read><delim>\x05</delim><match><data>z\x7f</data></match></read>
    <read><length>2</length><match><data>\x10K</data></match></read>
    <!-- ADD\x5fTICKET\x7cxBgFGSNGhMN\x7ckUD\x7c02\x7c\x7c -->
    <write><data>\x23\xd4\xd4\xd2\x26\x09\xd3\x7f2\x26\xfe\xfcF\xa7\x40\x16\x86\xe8\x16\x8fX\xe8\xfeP\x12\xd4\xfel\xe6\xfe\xfe</data></write>
    <read><delim>\x05</delim><match><data>z\x7f</data></match></read>
    <read><length>2</length><match><data>\x10K</data></match></read>
    <!-- HIRE\x7c01\x7c\x7c -->
    <write><data>B\x09\x7e2\xfel\x8e\xfe\xfe</data></write>
    <read><delim>\x05</delim><match><data>z\x7f</data></match></read>
    <read><length>2</length><match><data>\x10K</data></match></read>
    <!-- FIRE\x7c03\x7c\x7c -->
    <write><data>\x40\x09\x7e2\xfel\xfb\xfe\xfe</data></write>
    <read><delim>\x05</delim><match><data>z\x7f</data></match></read>
    <read><length>2</length><match><data>\x10K</data></match></read>
    <!-- VSTATUS\x7c26\x7c\x7c -->
    <write><data>f\x86\x26\x23\x26\x12\x86\xfe\xe6\xcb\xfe\xfe</data></write>
    <read><delim>\x05</delim><match><data>z\x7f</data></match></read>
    <read><length>16</length><match><data>\x26\xa9\x92P\xbe\xbbK\x40\xa9\x11\xa9\xd7\x8f\xbeb\x05</data></match></read>
    <read><length>2</length><match><data>\xfb\x05</data></match></read>
    <read><length>10</length><match><data>\x9a\x8f\xd1\xe8\x26\x92\x12\xc2\xa0\x1a</data></match></read>
    <read><length>2</length><match><data>\x10K</data></match></read>
    <!-- HIRE\x7c04\x7c\x7c -->
    <write><data>B\x09\x7e2\xfel\x02\xfe\xfe</data></write>
    <read><delim>\x05</delim><match><data>z\x7f</data></match></read>
    <read><length>2</length><match><data>\x10K</data></match></read>
    <!-- VIEW\x7c03\x7c\x7c -->
    <write><data>f\x092\x3b\xfel\xfb\xfe\xfe</data></write>
    <read><delim>\x05</delim><match><data>z\x7f</data></match></read>
    <read><length>2</length><match><data>\x10K</data></match></read>
    <!-- VIEW\x7c01\x7c\x7c -->
    <write><data>f\x092\x3b\xfel\x8e\xfe\xfe</data></write>
    <read><delim>\x05</delim><match><data>z\x7f</data></match></read>
    <read><length>2</length><match><data>\x10K</data></match></read>
    <!-- ADD\x5fTICKET\x7cknnClrh\x7cZR\x7c04\x7c\x7c -->
    <write><data>\x23\xd4\xd4\xd2\x26\x09\xd3\x7f2\x26\xfeP\x11\x11\xd3\xce\x9a\x8f\xfe\xcd\x7e\xfel\x02\xfe\xfe</data></write>
    <read><delim>\x05</delim><match><data>z\x7f</data></match></read>
    <read><length>2</length><match><data>\x10K</data></match></read>
    <!-- ADD\x5fTICKET\x7ctNFKlG\x7cJkRXuzsnGOpI\x7c02\x7c\x7c -->
    <write><data>\x23\xd4\xd4\xd2\x26\x09\xd3\x7f2\x26\xfe\xbb\xe8\x40\x7f\xce\x16\xfe\x18P\x7e\x5c\x93\x9b\xd7\x11\x16zW\x09\xfel\xe6\xfe\xfe</data></write>
    <read><delim>\x05</delim><match><data>z\x7f</data></match></read>
    <read><length>2</length><match><data>\x10K</data></match></read>
    <!-- LIST\x5fSUPPORT\x7c\x7c -->
    <write><data>\x89\x09\x86\x26\xd2\x86\x12\xde\xdez\x7e\x26\xfe\xfe</data></write>
    <read><length>59</length><match><data>\xe6\x05\x8e\xfb\x05l\x05\xb0\x05\xfb\x05\x8e\x02\x05l\x05\xb0\x05\x02\x05\xe8\x5d\x11\xbe\x05l\x05\xfb\x05\xb0\x05\xe8\x5d\x11\xbe\x05l\x05\xfb\x05\xcb\x05\xe8\x5d\x11\xbe\x05l\x05\x8e\x05\xd6\x05\xc6\x05l\x05\x02\x05</data></match></read>
    <read><delim>\x05</delim><match><data>z\x7f</data></match></read>
    <read><length>2</length><match><data>\x10K</data></match></read>
    <!-- VIEW\x7c\x7c -->
    <write><data>f\x092\x3b\xfe\xfe</data></write>
    <read><length>84</length><match><data>\xc6\x05\x06\xc0X\xd7\x23\xde\xcd\x93\x05\xa7\x0a\xf4\xb7\xa0\x05\x8e\x05\x02\x05\xfb\x02\x05\xcb\xfb\x05\x8e\xfb\x05P\x11\x11\xd3\xce\x9a\x8f\x05\xcd\x7e\x05\x8e\x05\x02\x05\xcb\xb0\x05\xfb\xd6\x05\x8e\x02\x05\xbb\xe8\x40\x7f\xce\x16\x05\x18P\x7e\x5c\x93\x9b\xd7\x11\x16zW\x09\x05\xe6\x05\xe6\x05\xcb\xd6\x05\xcb\xd6\x05</data></match></read>
    <read><delim>\x05</delim><match><data>z\x7f</data></match></read>
    <read><length>2</length><match><data>\x10K</data></match></read>
    <!-- FIRE\x7c00\x7c\x7c -->
    <write><data>\x40\x09\x7e2\xfell\xfe\xfe</data></write>
    <read><delim>\x05</delim><match><data>z\x7f</data></match></read>
    <read><length>2</length><match><data>\x10K</data></match></read>
    <!-- LIST\x5fFREE\x5fSUPPORT\x7c\x7c -->
    <write><data>\x89\x09\x86\x26\xd2\x40\x7e22\xd2\x86\x12\xde\xdez\x7e\x26\xfe\xfe</data></write>
    <read><length>33</length><match><data>\x02\x05\xe8\x5d\x11\xbe\x05l\x05\xfb\x05\xcb\x05\xe8\x5d\x11\xbe\x05l\x05\x8e\x05\xd6\x05\xe8\x5d\x11\xbe\x05l\x05\x02\x05</data></match></read>
    <read><delim>\x05</delim><match><data>z\x7f</data></match></read>
    <read><length>2</length><match><data>\x10K</data></match></read>
    <!-- CANCEL\x5fTICKET\x7c02\x7c\x7c -->
    <write><data>\xd3\x23\xe8\xd32\x89\xd2\x26\x09\xd3\x7f2\x26\xfel\xe6\xfe\xfe</data></write>
    <read><delim>\x05</delim><match><data>z\x7f</data></match></read>
    <read><length>2</length><match><data>\x10K</data></match></read>
    <!-- LIST\x5fFREE\x5fSUPPORT\x7c\x7c -->
    <write><data>\x89\x09\x86\x26\xd2\x40\x7e22\xd2\x86\x12\xde\xdez\x7e\x26\xfe\xfe</data></write>
    <read><length>33</length><match><data>\x02\x05\xe8\x5d\x11\xbe\x05l\x05\xfb\x05\xcb\x05\xe8\x5d\x11\xbe\x05l\x05\x8e\x05\xd6\x05\xe8\x5d\x11\xbe\x05l\x05\x02\x05</data></match></read>
    <read><delim>\x05</delim><match><data>z\x7f</data></match></read>
    <read><length>2</length><match><data>\x10K</data></match></read>
    <!-- HIRE\x7c02\x7c\x7c -->
    <write><data>B\x09\x7e2\xfel\xe6\xfe\xfe</data></write>
    <read><delim>\x05</delim><match><data>z\x7f</data></match></read>
    <read><length>2</length><match><data>\x10K</data></match></read>
    <!-- VSTATUS\x7c00\x7c\x7c -->
    <write><data>f\x86\x26\x23\x26\x12\x86\xfell\xfe\xfe</data></write>
    <read><delim>\x05</delim><match><data>z\x7f</data></match></read>
    <read><length>2</length><match><data>\x10K</data></match></read>
    <!-- HIRE\x7c05\x7c\x7c -->
    <write><data>B\x09\x7e2\xfel\xb0\xfe\xfe</data></write>
    <read><delim>\x05</delim><match><data>z\x7f</data></match></read>
    <read><length>2</length><match><data>\x10K</data></match></read>
    <!-- LIST\x5fSUPPORT\x7c\x7c -->
    <write><data>\x89\x09\x86\x26\xd2\x86\x12\xde\xdez\x7e\x26\xfe\xfe</data></write>
    <read><length>83</length><match><data>\xe6\x05\xc6\x05l\x05\xb0\x05\xfb\x05\xe8\x5d\x11\xbe\x05l\x05\xb0\x05\x02\x05\xe8\x5d\x11\xbe\x05l\x05\xfb\x05\xb0\x05\xe8\x5d\x11\xbe\x05l\x05\xfb\x05\xcb\x05\xe8\x5d\x11\xbe\x05l\x05\x8e\x05\xd6\x05\x8e\xfb\x05l\x05\x02\x05\xc6\x05\xe8\x5d\x11\xbe\x05l\x05\xe6\x05N\x05\xe8\x5d\x11\xbe\x05l\x05\xb0\x05</data></match></read>
    <read><delim>\x05</delim><match><data>z\x7f</data></match></read>
    <read><length>2</length><match><data>\x10K</data></match></read>
    <!-- LIST\x5fFREE\x5fSUPPORT\x7c\x7c -->
    <write><data>\x89\x09\x86\x26\xd2\x40\x7e22\xd2\x86\x12\xde\xdez\x7e\x26\xfe\xfe</data></write>
    <read><length>66</length><match><data>\xe6\x05\xe8\x5d\x11\xbe\x05l\x05\xb0\x05\x02\x05\xe8\x5d\x11\xbe\x05l\x05\xfb\x05\xb0\x05\xe8\x5d\x11\xbe\x05l\x05\xfb\x05\xcb\x05\xe8\x5d\x11\xbe\x05l\x05\x8e\x05\xd6\x05\xe8\x5d\x11\xbe\x05l\x05\x02\x05\xc6\x05\xe8\x5d\x11\xbe\x05l\x05\xe6\x05</data></match></read>
    <read><delim>\x05</delim><match><data>z\x7f</data></match></read>
    <read><length>2</length><match><data>\x10K</data></match></read>
    <!-- CANCEL\x5fTICKET\x7c12\x7c\x7c -->
    <write><data>\xd3\x23\xe8\xd32\x89\xd2\x26\x09\xd3\x7f2\x26\xfe\x8e\xe6\xfe\xfe</data></write>
    <read><delim>\x05</delim><match><data>z\x7f</data></match></read>
    <read><length>2</length><match><data>\x10K</data></match></read>
    <!-- CANCEL\x5fTICKET\x7c13\x7c\x7c -->
    <write><data>\xd3\x23\xe8\xd32\x89\xd2\x26\x09\xd3\x7f2\x26\xfe\x8e\xfb\xfe\xfe</data></write>
    <read><delim>\x05</delim><match><data>z\x7f</data></match></read>
    <read><length>2</length><match><data>\x10K</data></match></read>
    <!-- CANCEL\x5fTICKET\x7c30\x7c\x7c -->
    <write><data>\xd3\x23\xe8\xd32\x89\xd2\x26\x09\xd3\x7f2\x26\xfe\xfbl\xfe\xfe</data></write>
    <read><delim>\x05</delim><match><data>z\x7f</data></match></read>
    <read><length>2</length><match><data>\x10K</data></match></read>
    <!-- CANCEL\x5fTICKET\x7c10\x7c\x7c -->
    <write><data>\xd3\x23\xe8\xd32\x89\xd2\x26\x09\xd3\x7f2\x26\xfe\x8el\xfe\xfe</data></write>
    <read><delim>\x05</delim><match><data>z\x7f</data></match></read>
    <read><length>2</length><match><data>\x10K</data></match></read>
    <!-- CANCEL\x5fTICKET\x7c05\x7c\x7c -->
    <write><data>\xd3\x23\xe8\xd32\x89\xd2\x26\x09\xd3\x7f2\x26\xfel\xb0\xfe\xfe</data></write>
    <read><delim>\x05</delim><match><data>z\x7f</data></match></read>
    <read><length>2</length><match><data>\x10K</data></match></read>
    <!-- FIRE\x7c04\x7c\x7c -->
    <write><data>\x40\x09\x7e2\xfel\x02\xfe\xfe</data></write>
    <read><delim>\x05</delim><match><data>z\x7f</data></match></read>
    <read><length>2</length><match><data>\x10K</data></match></read>
    <!-- CANCEL\x5fTICKET\x7c30\x7c\x7c -->
    <write><data>\xd3\x23\xe8\xd32\x89\xd2\x26\x09\xd3\x7f2\x26\xfe\xfbl\xfe\xfe</data></write>
    <read><delim>\x05</delim><match><data>z\x7f</data></match></read>
    <read><length>2</length><match><data>\x10K</data></match></read>
    <!-- FIRE\x7c04\x7c\x7c -->
    <write><data>\x40\x09\x7e2\xfel\x02\xfe\xfe</data></write>
    <read><delim>\x05</delim><match><data>z\x7f</data></match></read>
    <read><length>2</length><match><data>\x10K</data></match></read>
    <!-- VIEW\x7c\x7c -->
    <write><data>f\x092\x3b\xfe\xfe</data></write>
    <read><length>27</length><match><data>\xc6\x05\x06\xc0X\xd7\x23\xde\xcd\x93\x05\xa7\x0a\xf4\xb7\xa0\x05\xe6\x05\x02\x05\xfb\x02\x05\x02\xcb\x05</data></match></read>
    <read><delim>\x05</delim><match><data>z\x7f</data></match></read>
    <read><length>2</length><match><data>\x10K</data></match></read>
    <!-- CANCEL\x5fTICKET\x7c30\x7c\x7c -->
    <write><data>\xd3\x23\xe8\xd32\x89\xd2\x26\x09\xd3\x7f2\x26\xfe\xfbl\xfe\xfe</data></write>
    <read><delim>\x05</delim><match><data>z\x7f</data></match></read>
    <read><length>2</length><match><data>\x10K</data></match></read>
    <!-- VIEW\x7c04\x7c\x7c -->
    <write><data>f\x092\x3b\xfel\x02\xfe\xfe</data></write>
    <read><delim>\x05</delim><match><data>z\x7f</data></match></read>
    <read><length>2</length><match><data>\x10K</data></match></read>
    <!-- VSTATUS\x7c30\x7c\x7c -->
    <write><data>f\x86\x26\x23\x26\x12\x86\xfe\xfbl\xfe\xfe</data></write>
    <read><delim>\x05</delim><match><data>z\x7f</data></match></read>
    <read><length>2</length><match><data>\x10K</data></match></read>
    <!-- CANCEL\x5fTICKET\x7c05\x7c\x7c -->
    <write><data>\xd3\x23\xe8\xd32\x89\xd2\x26\x09\xd3\x7f2\x26\xfel\xb0\xfe\xfe</data></write>
    <read><delim>\x05</delim><match><data>z\x7f</data></match></read>
    <read><length>2</length><match><data>\x10K</data></match></read>
    <!-- CANCEL\x5fTICKET\x7c30\x7c\x7c -->
    <write><data>\xd3\x23\xe8\xd32\x89\xd2\x26\x09\xd3\x7f2\x26\xfe\xfbl\xfe\xfe</data></write>
    <read><delim>\x05</delim><match><data>z\x7f</data></match></read>
    <read><length>2</length><match><data>\x10K</data></match></read>
    <!-- FIRE\x7c01\x7c\x7c -->
    <write><data>\x40\x09\x7e2\xfel\x8e\xfe\xfe</data></write>
    <read><delim>\x05</delim><match><data>z\x7f</data></match></read>
    <read><length>2</length><match><data>\x10K</data></match></read>
    <!-- ADD\x5fTICKET\x7ckkdeb\x7cfbklmlWXLafYQD\x7c05\x7c\x7c -->
    <write><data>\x23\xd4\xd4\xd2\x26\x09\xd3\x7f2\x26\xfePPb\xbe\xb7\xfe\xc2\xb7P\xcev\xce\x3b\x5c\x89\x1a\xc2\xc0\xe9\xd4\xfel\xb0\xfe\xfe</data></write>
    <read><delim>\x05</delim><match><data>z\x7f</data></match></read>
    <read><length>2</length><match><data>\x10K</data></match></read>
    <!-- VSTATUS\x7c32\x7c\x7c -->
    <write><data>f\x86\x26\x23\x26\x12\x86\xfe\xfb\xe6\xfe\xfe</data></write>
    <read><delim>\x05</delim><match><data>z\x7f</data></match></read>
    <read><length>2</length><match><data>\x10K</data></match></read>
    <!-- HIRE\x7c02\x7c\x7c -->
    <write><data>B\x09\x7e2\xfel\xe6\xfe\xfe</data></write>
    <read><delim>\x05</delim><match><data>z\x7f</data></match></read>
    <read><length>2</length><match><data>\x10K</data></match></read>
    <!-- CANCEL\x5fTICKET\x7c32\x7c\x7c -->
    <write><data>\xd3\x23\xe8\xd32\x89\xd2\x26\x09\xd3\x7f2\x26\xfe\xfb\xe6\xfe\xfe</data></write>
    <read><delim>\x05</delim><match><data>z\x7f</data></match></read>
    <read><length>2</length><match><data>\x10K</data></match></read>
    <!-- VSTATUS\x7c32\x7c\x7c -->
    <write><data>f\x86\x26\x23\x26\x12\x86\xfe\xfb\xe6\xfe\xfe</data></write>
    <read><delim>\x05</delim><match><data>z\x7f</data></match></read>
    <read><length>2</length><match><data>\x10K</data></match></read>
    <!-- VIEW\x7c\x7c -->
    <write><data>f\x092\x3b\xfe\xfe</data></write>
    <read><length>61</length><match><data>\xc6\x05\x06\xc0X\xd7\x23\xde\xcd\x93\x05\xa7\x0a\xf4\xb7\xa0\x05\x8e\x05\x02\x05\xfb\x02\x05\xfb\xb0\x05\x8e\xb0\x05PPb\xbe\xb7\x05\xc2\xb7P\xcev\xce\x3b\x5c\x89\x1a\xc2\xc0\xe9\xd4\x05\xe6\x05\xb0\x05N\xb0\x05\xe6N\x05</data></match></read>
    <read><delim>\x05</delim><match><data>z\x7f</data></match></read>
    <read><length>2</length><match><data>\x10K</data></match></read>
    <!-- CANCEL\x5fTICKET\x7c32\x7c\x7c -->
    <write><data>\xd3\x23\xe8\xd32\x89\xd2\x26\x09\xd3\x7f2\x26\xfe\xfb\xe6\xfe\xfe</data></write>
    <read><delim>\x05</delim><match><data>z\x7f</data></match></read>
    <read><length>2</length><match><data>\x10K</data></match></read>
    <!-- ADD\x5fTICKET\x7csXHZCMNGsFlRmoGV\x7cJDpsXh\x7c05\x7c\x7c -->
    <write><data>\x23\xd4\xd4\xd2\x26\x09\xd3\x7f2\x26\xfe\xd7\x5cB\xcd\xd3X\xe8\x16\xd7\x40\xce\x7ev\x5d\x16f\xfe\x18\xd4W\xd7\x5c\x8f\xfel\xb0\xfe\xfe</data></write>
    <read><delim>\x05</delim><match><data>z\x7f</data></match></read>
    <read><length>2</length><match><data>\x10K</data></match></read>
    <!-- LIST\x5fFREE\x5fSUPPORT\x7c\x7c -->
    <write><data>\x89\x09\x86\x26\xd2\x40\x7e22\xd2\x86\x12\xde\xdez\x7e\x26\xfe\xfe</data></write>
    <read><length>56</length><match><data>\xfb\x05\xe8\x5d\x11\xbe\x05l\x05\xb0\x05\x02\x05\xe8\x5d\x11\xbe\x05l\x05\xfb\x05\xb0\x05\xe8\x5d\x11\xbe\x05l\x05\xfb\x05\xc6\x05\xe8\x5d\x11\xbe\x05l\x05\xe6\x05\x8el\x05\xe8\x5d\x11\xbe\x05l\x05\xe6\x05</data></match></read>
    <read><delim>\x05</delim><match><data>z\x7f</data></match></read>
    <read><length>2</length><match><data>\x10K</data></match></read>
    <!-- LIST\x5fFREE\x5fSUPPORT\x7c\x7c -->
    <write><data>\x89\x09\x86\x26\xd2\x40\x7e22\xd2\x86\x12\xde\xdez\x7e\x26\xfe\xfe</data></write>
    <read><length>67</length><match><data>\xfb\x05\xe8\x5d\x11\xbe\x05l\x05\xb0\x05\x02\x05\xe8\x5d\x11\xbe\x05l\x05\xfb\x05\xb0\x05\xe8\x5d\x11\xbe\x05l\x05\xfb\x05\xc6\x05\xe8\x5d\x11\xbe\x05l\x05\xe6\x05N\x05\xe8\x5d\x11\xbe\x05l\x05\xb0\x05\x8el\x05\xe8\x5d\x11\xbe\x05l\x05\xe6\x05</data></match></read>
    <read><delim>\x05</delim><match><data>z\x7f</data></match></read>
    <read><length>2</length><match><data>\x10K</data></match></read>
    <!-- FIRE\x7c05\x7c\x7c -->
    <write><data>\x40\x09\x7e2\xfel\xb0\xfe\xfe</data></write>
    <read><delim>\x05</delim><match><data>z\x7f</data></match></read>
    <read><length>2</length><match><data>\x10K</data></match></read>
    <!-- LIST\x5fSUPPORT\x7c\x7c -->
    <write><data>\x89\x09\x86\x26\xd2\x86\x12\xde\xdez\x7e\x26\xfe\xfe</data></write>
    <read><length>65</length><match><data>\xfb\x05\x8e\xcb\x05l\x05\xb0\x05\x02\x05\xe8\x5d\x11\xbe\x05l\x05\xfb\x05\xb0\x05\xe8\x5d\x11\xbe\x05l\x05\xfb\x05\xc6\x05\xe8\x5d\x11\xbe\x05l\x05\xe6\x05N\x05\xe8\x5d\x11\xbe\x05l\x05\xb0\x05\x8el\x05\xe8\x5d\x11\xbe\x05l\x05\xe6\x05</data></match></read>
    <read><delim>\x05</delim><match><data>z\x7f</data></match></read>
    <read><length>2</length><match><data>\x10K</data></match></read>
    <!-- CANCEL\x5fTICKET\x7c16\x7c\x7c -->
    <write><data>\xd3\x23\xe8\xd32\x89\xd2\x26\x09\xd3\x7f2\x26\xfe\x8e\xcb\xfe\xfe</data></write>
    <read><delim>\x05</delim><match><data>z\x7f</data></match></read>
    <read><length>2</length><match><data>\x10K</data></match></read>
    <!-- VSTATUS\x7c34\x7c\x7c -->
    <write><data>f\x86\x26\x23\x26\x12\x86\xfe\xfb\x02\xfe\xfe</data></write>
    <read><delim>\x05</delim><match><data>z\x7f</data></match></read>
    <read><length>2</length><match><data>\x10K</data></match></read>
    <!-- CANCEL\x5fTICKET\x7c34\x7c\x7c -->
    <write><data>\xd3\x23\xe8\xd32\x89\xd2\x26\x09\xd3\x7f2\x26\xfe\xfb\x02\xfe\xfe</data></write>
    <read><delim>\x05</delim><match><data>z\x7f</data></match></read>
    <read><length>2</length><match><data>\x10K</data></match></read>
    <!-- HIRE\x7c05\x7c\x7c -->
    <write><data>B\x09\x7e2\xfel\xb0\xfe\xfe</data></write>
    <read><delim>\x05</delim><match><data>z\x7f</data></match></read>
    <read><length>2</length><match><data>\x10K</data></match></read>
    <!-- CANCEL\x5fTICKET\x7c08\x7c\x7c -->
    <write><data>\xd3\x23\xe8\xd32\x89\xd2\x26\x09\xd3\x7f2\x26\xfel\xc6\xfe\xfe</data></write>
    <read><delim>\x05</delim><match><data>z\x7f</data></match></read>
    <read><length>2</length><match><data>\x10K</data></match></read>
    <!-- VSTATUS\x7c34\x7c\x7c -->
    <write><data>f\x86\x26\x23\x26\x12\x86\xfe\xfb\x02\xfe\xfe</data></write>
    <read><delim>\x05</delim><match><data>z\x7f</data></match></read>
    <read><length>2</length><match><data>\x10K</data></match></read>
    <!-- VSTATUS\x7c34\x7c\x7c -->
    <write><data>f\x86\x26\x23\x26\x12\x86\xfe\xfb\x02\xfe\xfe</data></write>
    <read><delim>\x05</delim><match><data>z\x7f</data></match></read>
    <read><length>2</length><match><data>\x10K</data></match></read>
    <!-- ADD\x5fTICKET\x7cDWIrAhpRJwlJYF\x7cpivSEvpaCkLvurtW\x7c03\x7c\x7c -->
    <write><data>\x23\xd4\xd4\xd2\x26\x09\xd3\x7f2\x26\xfe\xd4\x3b\x09\x9a\x23\x8fW\x7e\x18\xf4\xce\x18\xc0\x40\xfeW\xa9\x0a\x862\x0aW\x1a\xd3P\x89\x0a\x93\x9a\xbb\x3b\xfel\xfb\xfe\xfe</data></write>
    <read><delim>\x05</delim><match><data>z\x7f</data></match></read>
    <read><length>2</length><match><data>\x10K</data></match></read>
    <!-- ADD\x5fTICKET\x7cNZCeq\x7cZQkcLAdInAQJZ\x7c01\x7c\x7c -->
    <write><data>\x23\xd4\xd4\xd2\x26\x09\xd3\x7f2\x26\xfe\xe8\xcd\xd3\xbe\xa0\xfe\xcd\xe9P\x92\x89\x23b\x09\x11\x23\xe9\x18\xcd\xfel\x8e\xfe\xfe</data></write>
    <read><delim>\x05</delim><match><data>z\x7f</data></match></read>
    <read><length>2</length><match><data>\x10K</data></match></read>
    <!-- VSTATUS\x7c09\x7c\x7c -->
    <write><data>f\x86\x26\x23\x26\x12\x86\xfelN\xfe\xfe</data></write>
    <read><delim>\x05</delim><match><data>z\x7f</data></match></read>
    <read><length>2</length><match><data>\x10K</data></match></read>
    <!-- CANCEL\x5fTICKET\x7c17\x7c\x7c -->
    <write><data>\xd3\x23\xe8\xd32\x89\xd2\x26\x09\xd3\x7f2\x26\xfe\x8e\xd6\xfe\xfe</data></write>
    <read><delim>\x05</delim><match><data>z\x7f</data></match></read>
    <read><length>2</length><match><data>\x10K</data></match></read>
    <!-- ADD\x5fTICKET\x7cGcqKQFlppBdK\x7cOE\x7c02\x7c\x7c -->
    <write><data>\x23\xd4\xd4\xd2\x26\x09\xd3\x7f2\x26\xfe\x16\x92\xa0\x7f\xe9\x40\xceWWFb\x7f\xfez2\xfel\xe6\xfe\xfe</data></write>
    <read><delim>\x05</delim><match><data>z\x7f</data></match></read>
    <read><length>2</length><match><data>\x10K</data></match></read>
    <!-- CANCEL\x5fTICKET\x7c40\x7c\x7c -->
    <write><data>\xd3\x23\xe8\xd32\x89\xd2\x26\x09\xd3\x7f2\x26\xfe\x02l\xfe\xfe</data></write>
    <read><delim>\x05</delim><match><data>z\x7f</data></match></read>
    <read><length>2</length><match><data>\x10K</data></match></read>
    <!-- HIRE\x7c00\x7c\x7c -->
    <write><data>B\x09\x7e2\xfell\xfe\xfe</data></write>
    <read><delim>\x05</delim><match><data>z\x7f</data></match></read>
    <read><length>2</length><match><data>\x10K</data></match></read>
    <!-- VSTATUS\x7c16\x7c\x7c -->
    <write><data>f\x86\x26\x23\x26\x12\x86\xfe\x8e\xcb\xfe\xfe</data></write>
    <read><delim>\x05</delim><match><data>z\x7f</data></match></read>
    <read><length>2</length><match><data>\x10K</data></match></read>
    <!-- HIRE\x7c00\x7c\x7c -->
    <write><data>B\x09\x7e2\xfell\xfe\xfe</data></write>
    <read><delim>\x05</delim><match><data>z\x7f</data></match></read>
    <read><length>2</length><match><data>\x10K</data></match></read>
    <!-- VIEW\x7c04\x7c\x7c -->
    <write><data>f\x092\x3b\xfel\x02\xfe\xfe</data></write>
    <read><delim>\x05</delim><match><data>z\x7f</data></match></read>
    <read><length>2</length><match><data>\x10K</data></match></read>
    <!-- VSTATUS\x7c40\x7c\x7c -->
    <write><data>f\x86\x26\x23\x26\x12\x86\xfe\x02l\xfe\xfe</data></write>
    <read><delim>\x05</delim><match><data>z\x7f</data></match></read>
    <read><length>2</length><match><data>\x10K</data></match></read>
    <!-- HIRE\x7c03\x7c\x7c -->
    <write><data>B\x09\x7e2\xfel\xfb\xfe\xfe</data></write>
    <read><delim>\x05</delim><match><data>z\x7f</data></match></read>
    <read><length>2</length><match><data>\x10K</data></match></read>
    <!-- LIST\x5fSUPPORT\x7c\x7c -->
    <write><data>\x89\x09\x86\x26\xd2\x86\x12\xde\xdez\x7e\x26\xfe\xfe</data></write>
    <read><length>89</length><match><data>\xfb\x05\xe8\x5d\x11\xbe\x05l\x05\xb0\x05\x02\x05\xe8\x5d\x11\xbe\x05l\x05\xfb\x05\xb0\x05\xe8\x5d\x11\xbe\x05l\x05\xfb\x05\xc6\x05\xe8\x5d\x11\xbe\x05l\x05\xe6\x05N\x05\xe8\x5d\x11\xbe\x05l\x05\xb0\x05\x8el\x05\xe8\x5d\x11\xbe\x05l\x05\xe6\x05\x8e\x8e\x05\x8e\xb0\x05l\x05\xb0\x05\x8e\xe6\x05\xe8\x5d\x11\xbe\x05l\x05\xfb\x05</data></match></read>
    <read><delim>\x05</delim><match><data>z\x7f</data></match></read>
    <read><length>2</length><match><data>\x10K</data></match></read>
    <!-- VIEW\x7c04\x7c\x7c -->
    <write><data>f\x092\x3b\xfel\x02\xfe\xfe</data></write>
    <read><delim>\x05</delim><match><data>z\x7f</data></match></read>
    <read><length>2</length><match><data>\x10K</data></match></read>
    <!-- HIRE\x7c00\x7c\x7c -->
    <write><data>B\x09\x7e2\xfell\xfe\xfe</data></write>
    <read><delim>\x05</delim><match><data>z\x7f</data></match></read>
    <read><length>2</length><match><data>\x10K</data></match></read>
    <!-- VIEW\x7c\x7c -->
    <write><data>f\x092\x3b\xfe\xfe</data></write>
    <read><length>33</length><match><data>\x8e\xb0\x05PPb\xbe\xb7\x05\xc2\xb7P\xcev\xce\x3b\x5c\x89\x1a\xc2\xc0\xe9\xd4\x05\xe6\x05\xb0\x05N\xb0\x05\xcb\x05</data></match></read>
    <read><delim>\x05</delim><match><data>z\x7f</data></match></read>
    <read><length>2</length><match><data>\x10K</data></match></read>
    <!-- ADD\x5fTICKET\x7czVFpLlUQLKArRiyZ\x7cMcaxahNpJipfPrqf\x7c04\x7c\x7c -->
    <write><data>\x23\xd4\xd4\xd2\x26\x09\xd3\x7f2\x26\xfe\x9bf\x40W\x89\xce\x12\xe9\x89\x7f\x23\x9a\x7e\xa9\x06\xcd\xfeX\x92\x1a\xfc\x1a\x8f\xe8W\x18\xa9W\xc2\xde\x9a\xa0\xc2\xfel\x02\xfe\xfe</data></write>
    <read><delim>\x05</delim><match><data>z\x7f</data></match></read>
    <read><length>2</length><match><data>\x10K</data></match></read>
    <!-- LIST\x5fSUPPORT\x7c\x7c -->
    <write><data>\x89\x09\x86\x26\xd2\x86\x12\xde\xdez\x7e\x26\xfe\xfe</data></write>
    <read><length>87</length><match><data>\xfb\x05\x8e\xb0\x05l\x05\xb0\x05\x02\x05\xe8\x5d\x11\xbe\x05l\x05\xfb\x05\xb0\x05\xe8\x5d\x11\xbe\x05l\x05\xfb\x05\xc6\x05\xe8\x5d\x11\xbe\x05l\x05\xe6\x05N\x05\xe6l\x05l\x05\xb0\x05\x8el\x05\xe8\x5d\x11\xbe\x05l\x05\xe6\x05\x8e\x8e\x05\xe8\x5d\x11\xbe\x05l\x05\xb0\x05\x8e\xe6\x05\xe8\x5d\x11\xbe\x05l\x05\xfb\x05</data></match></read>
    <read><delim>\x05</delim><match><data>z\x7f</data></match></read>
    <read><length>2</length><match><data>\x10K</data></match></read>
    <!-- LIST\x5fFREE\x5fSUPPORT\x7c\x7c -->
    <write><data>\x89\x09\x86\x26\xd2\x40\x7e22\xd2\x86\x12\xde\xdez\x7e\x26\xfe\xfe</data></write>
    <read><length>68</length><match><data>\x02\x05\xe8\x5d\x11\xbe\x05l\x05\xfb\x05\xb0\x05\xe8\x5d\x11\xbe\x05l\x05\xfb\x05\xc6\x05\xe8\x5d\x11\xbe\x05l\x05\xe6\x05N\x05\xe8\x5d\x11\xbe\x05l\x05\xb0\x05\x8el\x05\xe8\x5d\x11\xbe\x05l\x05\xe6\x05\x8e\xe6\x05\xe8\x5d\x11\xbe\x05l\x05\xfb\x05</data></match></read>
    <read><delim>\x05</delim><match><data>z\x7f</data></match></read>
    <read><length>2</length><match><data>\x10K</data></match></read>
    <!-- LIST\x5fSUPPORT\x7c\x7c -->
    <write><data>\x89\x09\x86\x26\xd2\x86\x12\xde\xdez\x7e\x26\xfe\xfe</data></write>
    <read><length>87</length><match><data>\xfb\x05\x8e\xb0\x05l\x05\xb0\x05\x02\x05\xe8\x5d\x11\xbe\x05l\x05\xfb\x05\xb0\x05\xe8\x5d\x11\xbe\x05l\x05\xfb\x05\xc6\x05\xe8\x5d\x11\xbe\x05l\x05\xe6\x05N\x05\xe8\x5d\x11\xbe\x05l\x05\xb0\x05\x8el\x05\xe8\x5d\x11\xbe\x05l\x05\xe6\x05\x8e\x8e\x05\xe6l\x05l\x05\xb0\x05\x8e\xe6\x05\xe8\x5d\x11\xbe\x05l\x05\xfb\x05</data></match></read>
    <read><delim>\x05</delim><match><data>z\x7f</data></match></read>
    <read><length>2</length><match><data>\x10K</data></match></read>
    <!-- CANCEL\x5fTICKET\x7c42\x7c\x7c -->
    <write><data>\xd3\x23\xe8\xd32\x89\xd2\x26\x09\xd3\x7f2\x26\xfe\x02\xe6\xfe\xfe</data></write>
    <read><delim>\x05</delim><match><data>z\x7f</data></match></read>
    <read><length>16</length><match><data>\x26\xa9\x92P\xbe\xbbK\x40\xa9\x11\xa9\xd7\x8f\xbeb\x05</data></match></read>
    <read><length>2</length><match><data>\xfb\x05</data></match></read>
    <read><length>14</length><match><data>\xc2\xb7P\xcev\xce\x3b\x5c\x89\x1a\xc2\xc0\xe9\xd4</data></match></read>
    <read><length>2</length><match><data>\x10K</data></match></read>
    <!-- CANCEL\x5fTICKET\x7c42\x7c\x7c -->
    <write><data>\xd3\x23\xe8\xd32\x89\xd2\x26\x09\xd3\x7f2\x26\xfe\x02\xe6\xfe\xfe</data></write>
    <read><delim>\x05</delim><match><data>z\x7f</data></match></read>
    <read><length>2</length><match><data>\x10K</data></match></read>
    <!-- HIRE\x7c05\x7c\x7c -->
    <write><data>B\x09\x7e2\xfel\xb0\xfe\xfe</data></write>
    <read><delim>\x05</delim><match><data>z\x7f</data></match></read>
    <read><length>2</length><match><data>\x10K</data></match></read>
    <!-- HIRE\x7c00\x7c\x7c -->
    <write><data>B\x09\x7e2\xfell\xfe\xfe</data></write>
    <read><delim>\x05</delim><match><data>z\x7f</data></match></read>
    <read><length>2</length><match><data>\x10K</data></match></read>
    <!-- ADD\x5fTICKET\x7cDTkpoLxvb\x7cUmsYLJBjuE\x7c05\x7c\x7c -->
    <write><data>\x23\xd4\xd4\xd2\x26\x09\xd3\x7f2\x26\xfe\xd4\x26PW\x5d\x89\xfc\x0a\xb7\xfe\x12v\xd7\xc0\x89\x18F\xd1\x932\xfel\xb0\xfe\xfe</data></write>
    <read><delim>\x05</delim><match><data>z\x7f</data></match></read>
    <read><length>2</length><match><data>\x10K</data></match></read>
    <!-- VIEW\x7c\x7c -->
    <write><data>f\x092\x3b\xfe\xfe</data></write>
    <read><length>83</length><match><data>\xe6\x8e\x05\xd4\x26PW\x5d\x89\xfc\x0a\xb7\x05\x12v\xd7\xc0\x89\x18F\xd1\x932\x05\xe6\x05\xb0\x05\x8e\x02\x02\x05\xcb\xfb\x05\xe6l\x05\x9bf\x40W\x89\xce\x12\xe9\x89\x7f\x23\x9a\x7e\xa9\x06\xcd\x05X\x92\x1a\xfc\x1a\x8f\xe8W\x18\xa9W\xc2\xde\x9a\xa0\xc2\x05\xe6\x05\x02\x05\x8e\xfb\xb0\x05\xc6\xe6\x05</data></match></read>
    <read><delim>\x05</delim><match><data>z\x7f</data></match></read>
    <read><length>2</length><match><data>\x10K</data></match></read>
    <!-- ADD\x5fTICKET\x7cdLFah\x7cpSOgTVbeMqcL\x7c01\x7c\x7c -->
    <write><data>\x23\xd4\xd4\xd2\x26\x09\xd3\x7f2\x26\xfeb\x89\x40\x1a\x8f\xfeW\x86z\xa7\x26f\xb7\xbeX\xa0\x92\x89\xfel\x8e\xfe\xfe</data></write>
    <read><delim>\x05</delim><match><data>z\x7f</data></match></read>
    <read><length>2</length><match><data>\x10K</data></match></read>
    <!-- ADD\x5fTICKET\x7crJLsyTWEBTETKAY\x7cOTFWll\x7c04\x7c\x7c -->
    <write><data>\x23\xd4\xd4\xd2\x26\x09\xd3\x7f2\x26\xfe\x9a\x18\x89\xd7\x06\x26\x3b2F\x262\x26\x7f\x23\xc0\xfez\x26\x40\x3b\xce\xce\xfel\x02\xfe\xfe</data></write>
    <read><delim>\x05</delim><match><data>z\x7f</data></match></read>
    <read><length>2</length><match><data>\x10K</data></match></read>
    <!-- VSTATUS\x7c48\x7c\x7c -->
    <write><data>f\x86\x26\x23\x26\x12\x86\xfe\x02\xc6\xfe\xfe</data></write>
    <read><delim>\x05</delim><match><data>z\x7f</data></match></read>
    <read><length>2</length><match><data>\x10K</data></match></read>
    <!-- LIST\x5fFREE\x5fSUPPORT\x7c\x7c -->
    <write><data>\x89\x09\x86\x26\xd2\x40\x7e22\xd2\x86\x12\xde\xdez\x7e\x26\xfe\xfe</data></write>
    <read><length>68</length><match><data>\x02\x05\xe8\x5d\x11\xbe\x05l\x05\xfb\x05\xb0\x05\xe8\x5d\x11\xbe\x05l\x05\xfb\x05\xc6\x05\xe8\x5d\x11\xbe\x05l\x05\xe6\x05N\x05\xe8\x5d\x11\xbe\x05l\x05\xb0\x05\x8el\x05\xe8\x5d\x11\xbe\x05l\x05\xe6\x05\x8e\xe6\x05\xe8\x5d\x11\xbe\x05l\x05\xfb\x05</data></match></read>
    <read><delim>\x05</delim><match><data>z\x7f</data></match></read>
    <read><length>2</length><match><data>\x10K</data></match></read>
    <!-- LIST\x5fSUPPORT\x7c\x7c -->
    <write><data>\x89\x09\x86\x26\xd2\x86\x12\xde\xdez\x7e\x26\xfe\xfe</data></write>
    <read><length>99</length><match><data>\xfb\x05\xe8\x5d\x11\xbe\x05l\x05\xb0\x05\x02\x05\xe8\x5d\x11\xbe\x05l\x05\xfb\x05\xb0\x05\xe8\x5d\x11\xbe\x05l\x05\xfb\x05\xc6\x05\xe8\x5d\x11\xbe\x05l\x05\xe6\x05N\x05\xe6\xfb\x05l\x05\xb0\x05\x8el\x05\xe8\x5d\x11\xbe\x05l\x05\xe6\x05\x8e\x8e\x05\xe6\x8e\x05l\x05\xb0\x05\x8e\xe6\x05\xe8\x5d\x11\xbe\x05l\x05\xfb\x05\x8e\xfb\x05\xe8\x5d\x11\xbe\x05l\x05\xb0\x05</data></match></read>
    <read><delim>\x05</delim><match><data>z\x7f</data></match></read>
    <read><length>2</length><match><data>\x10K</data></match></read>
    <!-- FIRE\x7c00\x7c\x7c -->
    <write><data>\x40\x09\x7e2\xfell\xfe\xfe</data></write>
    <read><delim>\x05</delim><match><data>z\x7f</data></match></read>
    <read><length>2</length><match><data>\x10K</data></match></read>
    <!-- LIST\x5fSUPPORT\x7c\x7c -->
    <write><data>\x89\x09\x86\x26\xd2\x86\x12\xde\xdez\x7e\x26\xfe\xfe</data></write>
    <read><length>97</length><match><data>\xfb\x05\xe6l\x05l\x05\xb0\x05\x02\x05\xe8\x5d\x11\xbe\x05l\x05\xfb\x05\xb0\x05\xe8\x5d\x11\xbe\x05l\x05\xfb\x05\xc6\x05\xe8\x5d\x11\xbe\x05l\x05\xe6\x05N\x05\xe6\xfb\x05l\x05\xb0\x05\x8el\x05\xe8\x5d\x11\xbe\x05l\x05\xe6\x05\x8e\x8e\x05\xe8\x5d\x11\xbe\x05l\x05\xb0\x05\x8e\xe6\x05\xe8\x5d\x11\xbe\x05l\x05\xfb\x05\x8e\xfb\x05\xe6\x8e\x05l\x05\xb0\x05</data></match></read>
    <read><delim>\x05</delim><match><data>z\x7f</data></match></read>
    <read><length>2</length><match><data>\x10K</data></match></read>
    <!-- FIRE\x7c04\x7c\x7c -->
    <write><data>\x40\x09\x7e2\xfel\x02\xfe\xfe</data></write>
    <read><delim>\x05</delim><match><data>z\x7f</data></match></read>
    <read><length>2</length><match><data>\x10K</data></match></read>
    <!-- LIST\x5fFREE\x5fSUPPORT\x7c\x7c -->
    <write><data>\x89\x09\x86\x26\xd2\x40\x7e22\xd2\x86\x12\xde\xdez\x7e\x26\xfe\xfe</data></write>
    <read><length>69</length><match><data>\x02\x05\xe8\x5d\x11\xbe\x05l\x05\xfb\x05\xb0\x05\xe8\x5d\x11\xbe\x05l\x05\xfb\x05\xc6\x05\xe8\x5d\x11\xbe\x05l\x05\xe6\x05\x8el\x05\xe8\x5d\x11\xbe\x05l\x05\xe6\x05\x8e\x8e\x05\xe8\x5d\x11\xbe\x05l\x05\xb0\x05\x8e\xe6\x05\xe8\x5d\x11\xbe\x05l\x05\xfb\x05</data></match></read>
    <read><delim>\x05</delim><match><data>z\x7f</data></match></read>
    <read><length>2</length><match><data>\x10K</data></match></read>
    <!-- ADD\x5fTICKET\x7caAbygn\x7cEWN\x7c02\x7c\x7c -->
    <write><data>\x23\xd4\xd4\xd2\x26\x09\xd3\x7f2\x26\xfe\x1a\x23\xb7\x06\xa7\x11\xfe2\x3b\xe8\xfel\xe6\xfe\xfe</data></write>
    <read><delim>\x05</delim><match><data>z\x7f</data></match></read>
    <read><length>2</length><match><data>\x10K</data></match></read>
    <!-- ADD\x5fTICKET\x7cSDjXpKzWRlfFAM\x7cxzFbjVJjh\x7c02\x7c\x7c -->
    <write><data>\x23\xd4\xd4\xd2\x26\x09\xd3\x7f2\x26\xfe\x86\xd4\xd1\x5cW\x7f\x9b\x3b\x7e\xce\xc2\x40\x23X\xfe\xfc\x9b\x40\xb7\xd1f\x18\xd1\x8f\xfel\xe6\xfe\xfe</data></write>
    <read><delim>\x05</delim><match><data>z\x7f</data></match></read>
    <read><length>2</length><match><data>\x10K</data></match></read>
    <!-- HIRE\x7c02\x7c\x7c -->
    <write><data>B\x09\x7e2\xfel\xe6\xfe\xfe</data></write>
    <read><delim>\x05</delim><match><data>z\x7f</data></match></read>
    <read><length>2</length><match><data>\x10K</data></match></read>
    <!-- VSTATUS\x7c52\x7c\x7c -->
    <write><data>f\x86\x26\x23\x26\x12\x86\xfe\xb0\xe6\xfe\xfe</data></write>
    <read><delim>\x05</delim><match><data>z\x7f</data></match></read>
    <read><length>2</length><match><data>\x10K</data></match></read>
    <!-- VIEW\x7c01\x7c\x7c -->
    <write><data>f\x092\x3b\xfel\x8e\xfe\xfe</data></write>
    <read><length>35</length><match><data>\xe6\x8e\x05\xd4\x26PW\x5d\x89\xfc\x0a\xb7\x05\x12v\xd7\xc0\x89\x18F\xd1\x932\x05\x8e\x05\xb0\x05\x8e\x02\x02\x05\x02N\x05</data></match></read>
    <read><delim>\x05</delim><match><data>z\x7f</data></match></read>
    <read><length>2</length><match><data>\x10K</data></match></read>
    <!-- LIST\x5fFREE\x5fSUPPORT\x7c\x7c -->
    <write><data>\x89\x09\x86\x26\xd2\x40\x7e22\xd2\x86\x12\xde\xdez\x7e\x26\xfe\xfe</data></write>
    <read><length>81</length><match><data>\x02\x05\xe8\x5d\x11\xbe\x05l\x05\xfb\x05\xb0\x05\xe8\x5d\x11\xbe\x05l\x05\xfb\x05\xc6\x05\xe8\x5d\x11\xbe\x05l\x05\xe6\x05\x8el\x05\xe8\x5d\x11\xbe\x05l\x05\xe6\x05\x8e\xe6\x05\xe8\x5d\x11\xbe\x05l\x05\xfb\x05\x8e\xfb\x05\xe8\x5d\x11\xbe\x05l\x05\xb0\x05\x8e\x02\x05\xe8\x5d\x11\xbe\x05l\x05\xe6\x05</data></match></read>
    <read><delim>\x05</delim><match><data>z\x7f</data></match></read>
    <read><length>2</length><match><data>\x10K</data></match></read>
    <!-- FIRE\x7c00\x7c\x7c -->
    <write><data>\x40\x09\x7e2\xfell\xfe\xfe</data></write>
    <read><delim>\x05</delim><match><data>z\x7f</data></match></read>
    <read><length>2</length><match><data>\x10K</data></match></read>
    <!-- LIST\x5fFREE\x5fSUPPORT\x7c\x7c -->
    <write><data>\x89\x09\x86\x26\xd2\x40\x7e22\xd2\x86\x12\xde\xdez\x7e\x26\xfe\xfe</data></write>
    <read><length>81</length><match><data>\x02\x05\xe8\x5d\x11\xbe\x05l\x05\xfb\x05\xb0\x05\xe8\x5d\x11\xbe\x05l\x05\xfb\x05\xc6\x05\xe8\x5d\x11\xbe\x05l\x05\xe6\x05\x8el\x05\xe8\x5d\x11\xbe\x05l\x05\xe6\x05\x8e\x8e\x05\xe8\x5d\x11\xbe\x05l\x05\xb0\x05\x8e\xe6\x05\xe8\x5d\x11\xbe\x05l\x05\xfb\x05\x8e\x02\x05\xe8\x5d\x11\xbe\x05l\x05\xe6\x05</data></match></read>
    <read><delim>\x05</delim><match><data>z\x7f</data></match></read>
    <read><length>2</length><match><data>\x10K</data></match></read>
    <!-- VSTATUS\x7c17\x7c\x7c -->
    <write><data>f\x86\x26\x23\x26\x12\x86\xfe\x8e\xd6\xfe\xfe</data></write>
    <read><delim>\x05</delim><match><data>z\x7f</data></match></read>
    <read><length>2</length><match><data>\x10K</data></match></read>
    <!-- QUIT\x7c\x7c -->
    <write><data>\xe9\x12\x09\x26\xfe\xfe</data></write>
    <read><delim>\x05</delim><match><data>\x262\x7eX\x09\xe8\x23\x26\x09\xe8\x16K\x262\x7e\x7e\x09F\x892K\x26\x09\xd3\x7f2\x26K\x26\x7e\x23\xd3\x7f2\x7e</data></match></read>
</replay>
</pov>