<?xml version="1.0" standalone="no" ?>
<!DOCTYPE pov SYSTEM "/usr/share/cgc-docs/replay.dtd">
<pov>
<cbid>service</cbid>
<seed>634ceb05666606a686014c2bdacfcf43d16ad030c412c364c40ba5e0ad7f78f4c95d47552b236fb9fae4e7e48af5c472</seed>
<replay>
    <read><delim>\x05</delim><match><data>\x3b\xbe\xce\x92\x5dv\xbeK\xbb\x5dK\xbb\x8f\xbeK\xbb\xbe\x9a\x9a\xa9\xb7\xce\xbeK\xbb\xa9\x92P\xbe\xbbK\xbb\x9a\x1a\x92P\xbe\x9a</data></match></read>
    <read><length>2</length><match><data>\x10K</data></match></read>
    <!-- FIRE\x7c01\x7c\x7c -->
    <write><data>\x40\x09\x7e2\xfel\x8e\xfe\xfe</data></write>
    <read><delim>\x05</delim><match><data>z\x7f</data></match></read>
    <read><length>2</length><match><data>\x10K</data></match></read>
    <!-- VIEW\x7c\x7c -->
    <write><data>f\x092\x3b\xfe\xfe</data></write>
    <read><delim>\x05</delim><match><data>z\x7f</data></match></read>
    <read><length>2</length><match><data>\x10K</data></match></read>
    <!-- HIRE\x7c04\x7c\x7c -->
    <write><data>B\x09\x7e2\xfel\x02\xfe\xfe</data></write>
    <read><delim>\x05</delim><match><data>z\x7f</data></match></read>
    <read><length>2</length><match><data>\x10K</data></match></read>
    <!-- CANCEL\x5fTICKET\x7c02\x7c\x7c -->
    <write><data>\xd3\x23\xe8\xd32\x89\xd2\x26\x09\xd3\x7f2\x26\xfel\xe6\xfe\xfe</data></write>
    <read><delim>\x05</delim><match><data>z\x7f</data></match></read>
    <read><length>2</length><match><data>\x10K</data></match></read>
    <!-- VIEW\x7c01\x7c\x7c -->
    <write><data>f\x092\x3b\xfel\x8e\xfe\xfe</data></write>
    <read><delim>\x05</delim><match><data>z\x7f</data></match></read>
    <read><length>2</length><match><data>\x10K</data></match></read>
    <!-- LIST\x5fSUPPORT\x7c\x7c -->
    <write><data>\x89\x09\x86\x26\xd2\x86\x12\xde\xdez\x7e\x26\xfe\xfe</data></write>
    <read><length>33</length><match><data>\x8e\x05\xe8\x5d\x11\xbe\x05l\x05\xfb\x05\xe6\x05\xe8\x5d\x11\xbe\x05l\x05\xb0\x05\xfb\x05\xe8\x5d\x11\xbe\x05l\x05\x02\x05</data></match></read>
    <read><delim>\x05</delim><match><data>z\x7f</data></match></read>
    <read><length>2</length><match><data>\x10K</data></match></read>
    <!-- LIST\x5fFREE\x5fSUPPORT\x7c\x7c -->
    <write><data>\x89\x09\x86\x26\xd2\x40\x7e22\xd2\x86\x12\xde\xdez\x7e\x26\xfe\xfe</data></write>
    <read><length>33</length><match><data>\x8e\x05\xe8\x5d\x11\xbe\x05l\x05\xfb\x05\xe6\x05\xe8\x5d\x11\xbe\x05l\x05\xb0\x05\xfb\x05\xe8\x5d\x11\xbe\x05l\x05\x02\x05</data></match></read>
    <read><delim>\x05</delim><match><data>z\x7f</data></match></read>
    <read><length>2</length><match><data>\x10K</data></match></read>
    <!-- ADD\x5fTICKET\x7cdzmpLgMOAXhl\x7czeq\x7c03\x7c\x7c -->
    <write><data>\x23\xd4\xd4\xd2\x26\x09\xd3\x7f2\x26\xfeb\x9bvW\x89\xa7Xz\x23\x5c\x8f\xce\xfe\x9b\xbe\xa0\xfel\xfb\xfe\xfe</data></write>
    <read><delim>\x05</delim><match><data>z\x7f</data></match></read>
    <read><length>2</length><match><data>\x10K</data></match></read>
    <!-- HIRE\x7c05\x7c\x7c -->
    <write><data>B\x09\x7e2\xfel\xb0\xfe\xfe</data></write>
    <read><delim>\x05</delim><match><data>z\x7f</data></match></read>
    <read><length>2</length><match><data>\x10K</data></match></read>
    <!-- HIRE\x7c03\x7c\x7c -->
    <write><data>B\x09\x7e2\xfel\xfb\xfe\xfe</data></write>
    <read><delim>\x05</delim><match><data>z\x7f</data></match></read>
    <read><length>2</length><match><data>\x10K</data></match></read>
    <!-- VSTATUS\x7c01\x7c\x7c -->
    <write><data>f\x86\x26\x23\x26\x12\x86\xfel\x8e\xfe\xfe</data></write>
    <read><length>28</length><match><data>\x8e\x05b\x9bvW\x89\xa7Xz\x23\x5c\x8f\xce\x05\x9b\xbe\xa0\x05\xe6\x05\xfb\x05N\x05Nl\x05</data></match></read>
    <read><delim>\x05</delim><match><data>z\x7f</data></match></read>
    <read><length>2</length><match><data>\x10K</data></match></read>
    <!-- CANCEL\x5fTICKET\x7c04\x7c\x7c -->
    <write><data>\xd3\x23\xe8\xd32\x89\xd2\x26\x09\xd3\x7f2\x26\xfel\x02\xfe\xfe</data></write>
    <read><delim>\x05</delim><match><data>z\x7f</data></match></read>
    <read><length>2</length><match><data>\x10K</data></match></read>
    <!-- ADD\x5fTICKET\x7cimODSASucoWgHE\x7cswDRBWzyyAkr\x7c04\x7c\x7c -->
    <write><data>\x23\xd4\xd4\xd2\x26\x09\xd3\x7f2\x26\xfe\xa9vz\xd4\x86\x23\x86\x93\x92\x5d\x3b\xa7B2\xfe\xd7\xf4\xd4\x7eF\x3b\x9b\x06\x06\x23P\x9a\xfel\x02\xfe\xfe</data></write>
    <read><delim>\x05</delim><match><data>z\x7f</data></match></read>
    <read><length>2</length><match><data>\x10K</data></match></read>
    <!-- VSTATUS\x7c06\x7c\x7c -->
    <write><data>f\x86\x26\x23\x26\x12\x86\xfel\xcb\xfe\xfe</data></write>
    <read><delim>\x05</delim><match><data>z\x7f</data></match></read>
    <read><length>2</length><match><data>\x10K</data></match></read>
    <!-- CANCEL\x5fTICKET\x7c06\x7c\x7c -->
    <write><data>\xd3\x23\xe8\xd32\x89\xd2\x26\x09\xd3\x7f2\x26\xfel\xcb\xfe\xfe</data></write>
    <read><delim>\x05</delim><match><data>z\x7f</data></match></read>
    <read><length>2</length><match><data>\x10K</data></match></read>
    <!-- HIRE\x7c02\x7c\x7c -->
    <write><data>B\x09\x7e2\xfel\xe6\xfe\xfe</data></write>
    <read><delim>\x05</delim><match><data>z\x7f</data></match></read>
    <read><length>2</length><match><data>\x10K</data></match></read>
    <!-- VSTATUS\x7c06\x7c\x7c -->
    <write><data>f\x86\x26\x23\x26\x12\x86\xfel\xcb\xfe\xfe</data></write>
    <read><delim>\x05</delim><match><data>z\x7f</data></match></read>
    <read><length>2</length><match><data>\x10K</data></match></read>
    <!-- HIRE\x7c04\x7c\x7c -->
    <write><data>B\x09\x7e2\xfel\x02\xfe\xfe</data></write>
    <read><delim>\x05</delim><match><data>z\x7f</data></match></read>
    <read><length>2</length><match><data>\x10K</data></match></read>
    <!-- CANCEL\x5fTICKET\x7c06\x7c\x7c -->
    <write><data>\xd3\x23\xe8\xd32\x89\xd2\x26\x09\xd3\x7f2\x26\xfel\xcb\xfe\xfe</data></write>
    <read><delim>\x05</delim><match><data>z\x7f</data></match></read>
    <read><length>2</length><match><data>\x10K</data></match></read>
    <!-- ADD\x5fTICKET\x7cttCyjJqwSgtraM\x7clvzvphHfrzPDYvA\x7c05\x7c\x7c -->
    <write><data>\x23\xd4\xd4\xd2\x26\x09\xd3\x7f2\x26\xfe\xbb\xbb\xd3\x06\xd1\x18\xa0\xf4\x86\xa7\xbb\x9a\x1aX\xfe\xce\x0a\x9b\x0aW\x8fB\xc2\x9a\x9b\xde\xd4\xc0\x0a\x23\xfel\xb0\xfe\xfe</data></write>
    <read><delim>\x05</delim><match><data>z\x7f</data></match></read>
    <read><length>2</length><match><data>\x10K</data></match></read>
    <!-- LIST\x5fSUPPORT\x7c\x7c -->
    <write><data>\x89\x09\x86\x26\xd2\x86\x12\xde\xdez\x7e\x26\xfe\xfe</data></write>
    <read><length>71</length><match><data>\x8e\x05\xe8\x5d\x11\xbe\x05l\x05\xfb\x05\xe6\x05\xe6\x05l\x05\xb0\x05\xfb\x05\xe8\x5d\x11\xbe\x05l\x05\x02\x05\x02\x05\xfb\x05l\x05\xb0\x05\xb0\x05\xe8\x5d\x11\xbe\x05l\x05\xfb\x05\xcb\x05\xe8\x5d\x11\xbe\x05l\x05\xe6\x05\xd6\x05\xe8\x5d\x11\xbe\x05l\x05\x02\x05</data></match></read>
    <read><delim>\x05</delim><match><data>z\x7f</data></match></read>
    <read><length>2</length><match><data>\x10K</data></match></read>
    <!-- LIST\x5fSUPPORT\x7c\x7c -->
    <write><data>\x89\x09\x86\x26\xd2\x86\x12\xde\xdez\x7e\x26\xfe\xfe</data></write>
    <read><length>71</length><match><data>\x8e\x05\xe8\x5d\x11\xbe\x05l\x05\xfb\x05\xe6\x05\xe6\x05l\x05\xb0\x05\xfb\x05\xe8\x5d\x11\xbe\x05l\x05\x02\x05\x02\x05\xfb\x05l\x05\xb0\x05\xb0\x05\xe8\x5d\x11\xbe\x05l\x05\xfb\x05\xcb\x05\xe8\x5d\x11\xbe\x05l\x05\xe6\x05\xd6\x05\xe8\x5d\x11\xbe\x05l\x05\x02\x05</data></match></read>
    <read><delim>\x05</delim><match><data>z\x7f</data></match></read>
    <read><length>2</length><match><data>\x10K</data></match></read>
    <!-- HIRE\x7c00\x7c\x7c -->
    <write><data>B\x09\x7e2\xfell\xfe\xfe</data></write>
    <read><delim>\x05</delim><match><data>z\x7f</data></match></read>
    <read><length>2</length><match><data>\x10K</data></match></read>
    <!-- CANCEL\x5fTICKET\x7c03\x7c\x7c -->
    <write><data>\xd3\x23\xe8\xd32\x89\xd2\x26\x09\xd3\x7f2\x26\xfel\xfb\xfe\xfe</data></write>
    <read><delim>\x05</delim><match><data>z\x7f</data></match></read>
    <read><length>2</length><match><data>\x10K</data></match></read>
    <!-- ADD\x5fTICKET\x7cjk\x7chvFcWBlAfnDn\x7c02\x7c\x7c -->
    <write><data>\x23\xd4\xd4\xd2\x26\x09\xd3\x7f2\x26\xfe\xd1P\xfe\x8f\x0a\x40\x92\x3bF\xce\x23\xc2\x11\xd4\x11\xfel\xe6\xfe\xfe</data></write>
    <read><delim>\x05</delim><match><data>z\x7f</data></match></read>
    <read><length>2</length><match><data>\x10K</data></match></read>
    <!-- VSTATUS\x7c10\x7c\x7c -->
    <write><data>f\x86\x26\x23\x26\x12\x86\xfe\x8el\xfe\xfe</data></write>
    <read><delim>\x05</delim><match><data>z\x7f</data></match></read>
    <read><length>2</length><match><data>\x10K</data></match></read>
    <!-- LIST\x5fSUPPORT\x7c\x7c -->
    <write><data>\x89\x09\x86\x26\xd2\x86\x12\xde\xdez\x7e\x26\xfe\xfe</data></write>
    <read><length>71</length><match><data>\x8e\x05\x02\x05l\x05\xfb\x05\xe6\x05\xe8\x5d\x11\xbe\x05l\x05\xb0\x05\xfb\x05\xe8\x5d\x11\xbe\x05l\x05\x02\x05\x02\x05\xe6\x05l\x05\xb0\x05\xb0\x05\xe8\x5d\x11\xbe\x05l\x05\xfb\x05\xcb\x05\xe8\x5d\x11\xbe\x05l\x05\xe6\x05\xd6\x05\xe8\x5d\x11\xbe\x05l\x05\x02\x05</data></match></read>
    <read><delim>\x05</delim><match><data>z\x7f</data></match></read>
    <read><length>2</length><match><data>\x10K</data></match></read>
    <!-- HIRE\x7c00\x7c\x7c -->
    <write><data>B\x09\x7e2\xfell\xfe\xfe</data></write>
    <read><delim>\x05</delim><match><data>z\x7f</data></match></read>
    <read><length>2</length><match><data>\x10K</data></match></read>
    <!-- LIST\x5fFREE\x5fSUPPORT\x7c\x7c -->
    <write><data>\x89\x09\x86\x26\xd2\x40\x7e22\xd2\x86\x12\xde\xdez\x7e\x26\xfe\xfe</data></write>
    <read><length>55</length><match><data>\xe6\x05\xe8\x5d\x11\xbe\x05l\x05\xb0\x05\xfb\x05\xe8\x5d\x11\xbe\x05l\x05\x02\x05\xb0\x05\xe8\x5d\x11\xbe\x05l\x05\xfb\x05\xcb\x05\xe8\x5d\x11\xbe\x05l\x05\xe6\x05\xd6\x05\xe8\x5d\x11\xbe\x05l\x05\x02\x05</data></match></read>
    <read><delim>\x05</delim><match><data>z\x7f</data></match></read>
    <read><length>2</length><match><data>\x10K</data></match></read>
    <!-- FIRE\x7c04\x7c\x7c -->
    <write><data>\x40\x09\x7e2\xfel\x02\xfe\xfe</data></write>
    <read><delim>\x05</delim><match><data>z\x7f</data></match></read>
    <read><length>2</length><match><data>\x10K</data></match></read>
    <!-- FIRE\x7c04\x7c\x7c -->
    <write><data>\x40\x09\x7e2\xfel\x02\xfe\xfe</data></write>
    <read><delim>\x05</delim><match><data>z\x7f</data></match></read>
    <read><length>2</length><match><data>\x10K</data></match></read>
    <!-- CANCEL\x5fTICKET\x7c10\x7c\x7c -->
    <write><data>\xd3\x23\xe8\xd32\x89\xd2\x26\x09\xd3\x7f2\x26\xfe\x8el\xfe\xfe</data></write>
    <read><delim>\x05</delim><match><data>z\x7f</data></match></read>
    <read><length>2</length><match><data>\x10K</data></match></read>
    <!-- VSTATUS\x7c10\x7c\x7c -->
    <write><data>f\x86\x26\x23\x26\x12\x86\xfe\x8el\xfe\xfe</data></write>
    <read><delim>\x05</delim><match><data>z\x7f</data></match></read>
    <read><length>16</length><match><data>\x26\xa9\x92P\xbe\xbbK\x40\xa9\x11\xa9\xd7\x8f\xbeb\x05</data></match></read>
    <read><length>2</length><match><data>\xb0\x05</data></match></read>
    <read><length>12</length><match><data>\x8f\x0a\x40\x92\x3bF\xce\x23\xc2\x11\xd4\x11</data></match></read>
    <read><length>2</length><match><data>\x10K</data></match></read>
    <!-- CANCEL\x5fTICKET\x7c00\x7c\x7c -->
    <write><data>\xd3\x23\xe8\xd32\x89\xd2\x26\x09\xd3\x7f2\x26\xfell\xfe\xfe</data></write>
    <read><delim>\x05</delim><match><data>z\x7f</data></match></read>
    <read><length>2</length><match><data>\x10K</data></match></read>
    <!-- FIRE\x7c01\x7c\x7c -->
    <write><data>\x40\x09\x7e2\xfel\x8e\xfe\xfe</data></write>
    <read><delim>\x05</delim><match><data>z\x7f</data></match></read>
    <read><length>2</length><match><data>\x10K</data></match></read>
    <!-- VSTATUS\x7c10\x7c\x7c -->
    <write><data>f\x86\x26\x23\x26\x12\x86\xfe\x8el\xfe\xfe</data></write>
    <read><delim>\x05</delim><match><data>z\x7f</data></match></read>
    <read><length>2</length><match><data>\x10K</data></match></read>
    <!-- CANCEL\x5fTICKET\x7c10\x7c\x7c -->
    <write><data>\xd3\x23\xe8\xd32\x89\xd2\x26\x09\xd3\x7f2\x26\xfe\x8el\xfe\xfe</data></write>
    <read><delim>\x05</delim><match><data>z\x7f</data></match></read>
    <read><length>2</length><match><data>\x10K</data></match></read>
    <!-- FIRE\x7c00\x7c\x7c -->
    <write><data>\x40\x09\x7e2\xfell\xfe\xfe</data></write>
    <read><delim>\x05</delim><match><data>z\x7f</data></match></read>
    <read><length>2</length><match><data>\x10K</data></match></read>
    <!-- LIST\x5fSUPPORT\x7c\x7c -->
    <write><data>\x89\x09\x86\x26\xd2\x86\x12\xde\xdez\x7e\x26\xfe\xfe</data></write>
    <read><length>52</length><match><data>\x8e\x05\xe8\x5d\x11\xbe\x05l\x05\xfb\x05\xe6\x05\xe8\x5d\x11\xbe\x05l\x05\xb0\x05\x02\x05\xe6\x05l\x05\xb0\x05\xb0\x05\xe8\x5d\x11\xbe\x05l\x05\xfb\x05\xcb\x05\xe8\x5d\x11\xbe\x05l\x05\xe6\x05</data></match></read>
    <read><delim>\x05</delim><match><data>z\x7f</data></match></read>
    <read><length>2</length><match><data>\x10K</data></match></read>
    <!-- LIST\x5fFREE\x5fSUPPORT\x7c\x7c -->
    <write><data>\x89\x09\x86\x26\xd2\x40\x7e22\xd2\x86\x12\xde\xdez\x7e\x26\xfe\xfe</data></write>
    <read><length>44</length><match><data>\x8e\x05\xe8\x5d\x11\xbe\x05l\x05\xfb\x05\xe6\x05\xe8\x5d\x11\xbe\x05l\x05\xb0\x05\xb0\x05\xe8\x5d\x11\xbe\x05l\x05\xfb\x05\xcb\x05\xe8\x5d\x11\xbe\x05l\x05\xe6\x05</data></match></read>
    <read><delim>\x05</delim><match><data>z\x7f</data></match></read>
    <read><length>2</length><match><data>\x10K</data></match></read>
    <!-- FIRE\x7c03\x7c\x7c -->
    <write><data>\x40\x09\x7e2\xfel\xfb\xfe\xfe</data></write>
    <read><delim>\x05</delim><match><data>z\x7f</data></match></read>
    <read><length>2</length><match><data>\x10K</data></match></read>
    <!-- LIST\x5fSUPPORT\x7c\x7c -->
    <write><data>\x89\x09\x86\x26\xd2\x86\x12\xde\xdez\x7e\x26\xfe\xfe</data></write>
    <read><length>41</length><match><data>\xe6\x05\xe6\x05l\x05\xb0\x05\x02\x05\xe8\x5d\x11\xbe\x05l\x05\xb0\x05\xb0\x05\xe8\x5d\x11\xbe\x05l\x05\xfb\x05\xcb\x05\xe8\x5d\x11\xbe\x05l\x05\xe6\x05</data></match></read>
    <read><delim>\x05</delim><match><data>z\x7f</data></match></read>
    <read><length>2</length><match><data>\x10K</data></match></read>
    <!-- HIRE\x7c05\x7c\x7c -->
    <write><data>B\x09\x7e2\xfel\xb0\xfe\xfe</data></write>
    <read><delim>\x05</delim><match><data>z\x7f</data></match></read>
    <read><length>2</length><match><data>\x10K</data></match></read>
    <!-- HIRE\x7c01\x7c\x7c -->
    <write><data>B\x09\x7e2\xfel\x8e\xfe\xfe</data></write>
    <read><delim>\x05</delim><match><data>z\x7f</data></match></read>
    <read><length>2</length><match><data>\x10K</data></match></read>
    <!-- HIRE\x7c03\x7c\x7c -->
    <write><data>B\x09\x7e2\xfel\xfb\xfe\xfe</data></write>
    <read><delim>\x05</delim><match><data>z\x7f</data></match></read>
    <read><length>2</length><match><data>\x10K</data></match></read>
    <!-- VIEW\x7c04\x7c\x7c -->
    <write><data>f\x092\x3b\xfel\x02\xfe\xfe</data></write>
    <read><delim>\x05</delim><match><data>z\x7f</data></match></read>
    <read><length>2</length><match><data>\x10K</data></match></read>
    <!-- LIST\x5fSUPPORT\x7c\x7c -->
    <write><data>\x89\x09\x86\x26\xd2\x86\x12\xde\xdez\x7e\x26\xfe\xfe</data></write>
    <read><length>75</length><match><data>\xe6\x05\xe6\x05l\x05\xb0\x05\x02\x05\xe8\x5d\x11\xbe\x05l\x05\xb0\x05\xb0\x05\xe8\x5d\x11\xbe\x05l\x05\xfb\x05\xcb\x05\xe8\x5d\x11\xbe\x05l\x05\xe6\x05\xc6\x05\xe8\x5d\x11\xbe\x05l\x05\xb0\x05N\x05\xe8\x5d\x11\xbe\x05l\x05\x8e\x05\x8el\x05\xe8\x5d\x11\xbe\x05l\x05\xfb\x05</data></match></read>
    <read><delim>\x05</delim><match><data>z\x7f</data></match></read>
    <read><length>2</length><match><data>\x10K</data></match></read>
    <!-- HIRE\x7c04\x7c\x7c -->
    <write><data>B\x09\x7e2\xfel\x02\xfe\xfe</data></write>
    <read><delim>\x05</delim><match><data>z\x7f</data></match></read>
    <read><length>2</length><match><data>\x10K</data></match></read>
    <!-- LIST\x5fSUPPORT\x7c\x7c -->
    <write><data>\x89\x09\x86\x26\xd2\x86\x12\xde\xdez\x7e\x26\xfe\xfe</data></write>
    <read><length>87</length><match><data>\xe6\x05\xe6\x05l\x05\xb0\x05\x02\x05\xe8\x5d\x11\xbe\x05l\x05\xb0\x05\xb0\x05\xe8\x5d\x11\xbe\x05l\x05\xfb\x05\xcb\x05\xe8\x5d\x11\xbe\x05l\x05\xe6\x05\xc6\x05\xe8\x5d\x11\xbe\x05l\x05\xb0\x05N\x05\xe8\x5d\x11\xbe\x05l\x05\x8e\x05\x8el\x05\xe8\x5d\x11\xbe\x05l\x05\xfb\x05\x8e\x8e\x05\xe8\x5d\x11\xbe\x05l\x05\x02\x05</data></match></read>
    <read><delim>\x05</delim><match><data>z\x7f</data></match></read>
    <read><length>2</length><match><data>\x10K</data></match></read>
    <!-- HIRE\x7c02\x7c\x7c -->
    <write><data>B\x09\x7e2\xfel\xe6\xfe\xfe</data></write>
    <read><delim>\x05</delim><match><data>z\x7f</data></match></read>
    <read><length>2</length><match><data>\x10K</data></match></read>
    <!-- FIRE\x7c01\x7c\x7c -->
    <write><data>\x40\x09\x7e2\xfel\x8e\xfe\xfe</data></write>
    <read><delim>\x05</delim><match><data>z\x7f</data></match></read>
    <read><length>2</length><match><data>\x10K</data></match></read>
    <!-- FIRE\x7c03\x7c\x7c -->
    <write><data>\x40\x09\x7e2\xfel\xfb\xfe\xfe</data></write>
    <read><delim>\x05</delim><match><data>z\x7f</data></match></read>
    <read><length>2</length><match><data>\x10K</data></match></read>
    <!-- LIST\x5fSUPPORT\x7c\x7c -->
    <write><data>\x89\x09\x86\x26\xd2\x86\x12\xde\xdez\x7e\x26\xfe\xfe</data></write>
    <read><length>77</length><match><data>\xe6\x05\xe8\x5d\x11\xbe\x05l\x05\xb0\x05\x02\x05\xe8\x5d\x11\xbe\x05l\x05\xb0\x05\xcb\x05\xe8\x5d\x11\xbe\x05l\x05\xe6\x05\xc6\x05\xe6\x05l\x05\xb0\x05\x8el\x05\xe8\x5d\x11\xbe\x05l\x05\xfb\x05\x8e\x8e\x05\xe8\x5d\x11\xbe\x05l\x05\x02\x05\x8e\xe6\x05\xe8\x5d\x11\xbe\x05l\x05\xe6\x05</data></match></read>
    <read><delim>\x05</delim><match><data>z\x7f</data></match></read>
    <read><length>2</length><match><data>\x10K</data></match></read>
    <!-- FIRE\x7c00\x7c\x7c -->
    <write><data>\x40\x09\x7e2\xfell\xfe\xfe</data></write>
    <read><delim>\x05</delim><match><data>z\x7f</data></match></read>
    <read><length>2</length><match><data>\x10K</data></match></read>
    <!-- HIRE\x7c02\x7c\x7c -->
    <write><data>B\x09\x7e2\xfel\xe6\xfe\xfe</data></write>
    <read><delim>\x05</delim><match><data>z\x7f</data></match></read>
    <read><length>2</length><match><data>\x10K</data></match></read>
    <!-- FIRE\x7c02\x7c\x7c -->
    <write><data>\x40\x09\x7e2\xfel\xe6\xfe\xfe</data></write>
    <read><delim>\x05</delim><match><data>z\x7f</data></match></read>
    <read><length>2</length><match><data>\x10K</data></match></read>
    <!-- LIST\x5fFREE\x5fSUPPORT\x7c\x7c -->
    <write><data>\x89\x09\x86\x26\xd2\x40\x7e22\xd2\x86\x12\xde\xdez\x7e\x26\xfe\xfe</data></write>
    <read><length>70</length><match><data>\xe6\x05\xe8\x5d\x11\xbe\x05l\x05\xb0\x05\x02\x05\xe8\x5d\x11\xbe\x05l\x05\xb0\x05\x8el\x05\xe8\x5d\x11\xbe\x05l\x05\xfb\x05\x8e\x8e\x05\xe8\x5d\x11\xbe\x05l\x05\x02\x05\x8e\xe6\x05\xe8\x5d\x11\xbe\x05l\x05\xe6\x05\x8e\xfb\x05\xe8\x5d\x11\xbe\x05l\x05\xe6\x05</data></match></read>
    <read><delim>\x05</delim><match><data>z\x7f</data></match></read>
    <read><length>16</length><match><data>\x26\xa9\x92P\xbe\xbbK\x40\xa9\x11\xa9\xd7\x8f\xbeb\x05</data></match></read>
    <read><length>2</length><match><data>\xc6\x05</data></match></read>
    <read><length>12</length><match><data>\xd7\xf4\xd4\x7eF\x3b\x9b\x06\x06\x23P\x9a</data></match></read>
    <read><length>2</length><match><data>\x10K</data></match></read>
    <!-- HIRE\x7c02\x7c\x7c -->
    <write><data>B\x09\x7e2\xfel\xe6\xfe\xfe</data></write>
    <read><delim>\x05</delim><match><data>z\x7f</data></match></read>
    <read><length>2</length><match><data>\x10K</data></match></read>
    <!-- LIST\x5fSUPPORT\x7c\x7c -->
    <write><data>\x89\x09\x86\x26\xd2\x86\x12\xde\xdez\x7e\x26\xfe\xfe</data></write>
    <read><length>93</length><match><data>\xe6\x05\xe8\x5d\x11\xbe\x05l\x05\xb0\x05\x02\x05\xe8\x5d\x11\xbe\x05l\x05\xb0\x05\xc6\x05\xe8\x5d\x11\xbe\x05l\x05\xb0\x05\x8el\x05\xe8\x5d\x11\xbe\x05l\x05\xfb\x05\x8e\x8e\x05\xe8\x5d\x11\xbe\x05l\x05\x02\x05\x8e\xe6\x05\xe8\x5d\x11\xbe\x05l\x05\xe6\x05\x8e\xfb\x05\xe8\x5d\x11\xbe\x05l\x05\xe6\x05\x8e\x02\x05\xe8\x5d\x11\xbe\x05l\x05\xe6\x05</data></match></read>
    <read><delim>\x05</delim><match><data>z\x7f</data></match></read>
    <read><length>2</length><match><data>\x10K</data></match></read>
    <!-- FIRE\x7c00\x7c\x7c -->
    <write><data>\x40\x09\x7e2\xfell\xfe\xfe</data></write>
    <read><delim>\x05</delim><match><data>z\x7f</data></match></read>
    <read><length>2</length><match><data>\x10K</data></match></read>
    <!-- LIST\x5fFREE\x5fSUPPORT\x7c\x7c -->
    <write><data>\x89\x09\x86\x26\xd2\x40\x7e22\xd2\x86\x12\xde\xdez\x7e\x26\xfe\xfe</data></write>
    <read><length>93</length><match><data>\xe6\x05\xe8\x5d\x11\xbe\x05l\x05\xb0\x05\x02\x05\xe8\x5d\x11\xbe\x05l\x05\xb0\x05\xc6\x05\xe8\x5d\x11\xbe\x05l\x05\xb0\x05\x8el\x05\xe8\x5d\x11\xbe\x05l\x05\xfb\x05\x8e\x8e\x05\xe8\x5d\x11\xbe\x05l\x05\x02\x05\x8e\xe6\x05\xe8\x5d\x11\xbe\x05l\x05\xe6\x05\x8e\xfb\x05\xe8\x5d\x11\xbe\x05l\x05\xe6\x05\x8e\x02\x05\xe8\x5d\x11\xbe\x05l\x05\xe6\x05</data></match></read>
    <read><delim>\x05</delim><match><data>z\x7f</data></match></read>
    <read><length>2</length><match><data>\x10K</data></match></read>
    <!-- FIRE\x7c03\x7c\x7c -->
    <write><data>\x40\x09\x7e2\xfel\xfb\xfe\xfe</data></write>
    <read><delim>\x05</delim><match><data>z\x7f</data></match></read>
    <read><length>2</length><match><data>\x10K</data></match></read>
    <!-- CANCEL\x5fTICKET\x7c10\x7c\x7c -->
    <write><data>\xd3\x23\xe8\xd32\x89\xd2\x26\x09\xd3\x7f2\x26\xfe\x8el\xfe\xfe</data></write>
    <read><delim>\x05</delim><match><data>z\x7f</data></match></read>
    <read><length>2</length><match><data>\x10K</data></match></read>
    <!-- VIEW\x7c\x7c -->
    <write><data>f\x092\x3b\xfe\xfe</data></write>
    <read><delim>\x05</delim><match><data>z\x7f</data></match></read>
    <read><length>2</length><match><data>\x10K</data></match></read>
    <!-- VSTATUS\x7c10\x7c\x7c -->
    <write><data>f\x86\x26\x23\x26\x12\x86\xfe\x8el\xfe\xfe</data></write>
    <read><delim>\x05</delim><match><data>z\x7f</data></match></read>
    <read><length>2</length><match><data>\x10K</data></match></read>
    <!-- FIRE\x7c03\x7c\x7c -->
    <write><data>\x40\x09\x7e2\xfel\xfb\xfe\xfe</data></write>
    <read><delim>\x05</delim><match><data>z\x7f</data></match></read>
    <read><length>2</length><match><data>\x10K</data></match></read>
    <!-- LIST\x5fSUPPORT\x7c\x7c -->
    <write><data>\x89\x09\x86\x26\xd2\x86\x12\xde\xdez\x7e\x26\xfe\xfe</data></write>
    <read><length>81</length><match><data>\xe6\x05\xe8\x5d\x11\xbe\x05l\x05\xb0\x05\x02\x05\xe8\x5d\x11\xbe\x05l\x05\xb0\x05\xc6\x05\xe8\x5d\x11\xbe\x05l\x05\xb0\x05\x8e\x8e\x05\xe8\x5d\x11\xbe\x05l\x05\x02\x05\x8e\xe6\x05\xe8\x5d\x11\xbe\x05l\x05\xe6\x05\x8e\xfb\x05\xe8\x5d\x11\xbe\x05l\x05\xe6\x05\x8e\x02\x05\xe8\x5d\x11\xbe\x05l\x05\xe6\x05</data></match></read>
    <read><delim>\x05</delim><match><data>z\x7f</data></match></read>
    <read><length>2</length><match><data>\x10K</data></match></read>
    <!-- VSTATUS\x7c10\x7c\x7c -->
    <write><data>f\x86\x26\x23\x26\x12\x86\xfe\x8el\xfe\xfe</data></write>
    <read><delim>\x05</delim><match><data>z\x7f</data></match></read>
    <read><length>2</length><match><data>\x10K</data></match></read>
    <!-- ADD\x5fTICKET\x7cSwdXRrMJp\x7cFaRyUCOzXj\x7c02\x7c\x7c -->
    <write><data>\x23\xd4\xd4\xd2\x26\x09\xd3\x7f2\x26\xfe\x86\xf4b\x5c\x7e\x9aX\x18W\xfe\x40\x1a\x7e\x06\x12\xd3z\x9b\x5c\xd1\xfel\xe6\xfe\xfe</data></write>
    <read><delim>\x05</delim><match><data>z\x7f</data></match></read>
    <read><length>2</length><match><data>\x10K</data></match></read>
    <!-- VIEW\x7c04\x7c\x7c -->
    <write><data>f\x092\x3b\xfel\x02\xfe\xfe</data></write>
    <read><delim>\x05</delim><match><data>z\x7f</data></match></read>
    <read><length>2</length><match><data>\x10K</data></match></read>
    <!-- VIEW\x7c\x7c -->
    <write><data>f\x092\x3b\xfe\xfe</data></write>
    <read><length>33</length><match><data>\xb0\x05\x86\xf4b\x5c\x7e\x9aX\x18W\x05\x40\x1a\x7e\x06\x12\xd3z\x9b\x5c\xd1\x05\xe6\x05\xe6\x05\xd6\x02\x05\xd6\xe6\x05</data></match></read>
    <read><delim>\x05</delim><match><data>z\x7f</data></match></read>
    <read><length>2</length><match><data>\x10K</data></match></read>
    <!-- CANCEL\x5fTICKET\x7c12\x7c\x7c -->
    <write><data>\xd3\x23\xe8\xd32\x89\xd2\x26\x09\xd3\x7f2\x26\xfe\x8e\xe6\xfe\xfe</data></write>
    <read><delim>\x05</delim><match><data>z\x7f</data></match></read>
    <read><length>2</length><match><data>\x10K</data></match></read>
    <!-- LIST\x5fFREE\x5fSUPPORT\x7c\x7c -->
    <write><data>\x89\x09\x86\x26\xd2\x40\x7e22\xd2\x86\x12\xde\xdez\x7e\x26\xfe\xfe</data></write>
    <read><length>81</length><match><data>\xe6\x05\xe8\x5d\x11\xbe\x05l\x05\xb0\x05\x02\x05\xe8\x5d\x11\xbe\x05l\x05\xb0\x05\xc6\x05\xe8\x5d\x11\xbe\x05l\x05\xb0\x05\x8e\x8e\x05\xe8\x5d\x11\xbe\x05l\x05\x02\x05\x8e\xe6\x05\xe8\x5d\x11\xbe\x05l\x05\xe6\x05\x8e\xfb\x05\xe8\x5d\x11\xbe\x05l\x05\xe6\x05\x8e\x02\x05\xe8\x5d\x11\xbe\x05l\x05\xe6\x05</data></match></read>
    <read><delim>\x05</delim><match><data>z\x7f</data></match></read>
    <read><length>2</length><match><data>\x10K</data></match></read>
    <!-- LIST\x5fFREE\x5fSUPPORT\x7c\x7c -->
    <write><data>\x89\x09\x86\x26\xd2\x40\x7e22\xd2\x86\x12\xde\xdez\x7e\x26\xfe\xfe</data></write>
    <read><length>81</length><match><data>\xe6\x05\xe8\x5d\x11\xbe\x05l\x05\xb0\x05\x02\x05\xe8\x5d\x11\xbe\x05l\x05\xb0\x05\xc6\x05\xe8\x5d\x11\xbe\x05l\x05\xb0\x05\x8e\x8e\x05\xe8\x5d\x11\xbe\x05l\x05\x02\x05\x8e\xe6\x05\xe8\x5d\x11\xbe\x05l\x05\xe6\x05\x8e\xfb\x05\xe8\x5d\x11\xbe\x05l\x05\xe6\x05\x8e\x02\x05\xe8\x5d\x11\xbe\x05l\x05\xe6\x05</data></match></read>
    <read><delim>\x05</delim><match><data>z\x7f</data></match></read>
    <read><length>2</length><match><data>\x10K</data></match></read>
    <!-- VIEW\x7c01\x7c\x7c -->
    <write><data>f\x092\x3b\xfel\x8e\xfe\xfe</data></write>
    <read><delim>\x05</delim><match><data>z\x7f</data></match></read>
    <read><length>2</length><match><data>\x10K</data></match></read>
    <!-- VIEW\x7c\x7c -->
    <write><data>f\x092\x3b\xfe\xfe</data></write>
    <read><delim>\x05</delim><match><data>z\x7f</data></match></read>
    <read><length>2</length><match><data>\x10K</data></match></read>
    <!-- FIRE\x7c02\x7c\x7c -->
    <write><data>\x40\x09\x7e2\xfel\xe6\xfe\xfe</data></write>
    <read><delim>\x05</delim><match><data>z\x7f</data></match></read>
    <read><length>2</length><match><data>\x10K</data></match></read>
    <!-- VIEW\x7c01\x7c\x7c -->
    <write><data>f\x092\x3b\xfel\x8e\xfe\xfe</data></write>
    <read><delim>\x05</delim><match><data>z\x7f</data></match></read>
    <read><length>2</length><match><data>\x10K</data></match></read>
    <!-- VIEW\x7c04\x7c\x7c -->
    <write><data>f\x092\x3b\xfel\x02\xfe\xfe</data></write>
    <read><delim>\x05</delim><match><data>z\x7f</data></match></read>
    <read><length>2</length><match><data>\x10K</data></match></read>
    <!-- LIST\x5fSUPPORT\x7c\x7c -->
    <write><data>\x89\x09\x86\x26\xd2\x86\x12\xde\xdez\x7e\x26\xfe\xfe</data></write>
    <read><length>69</length><match><data>\xe6\x05\xe8\x5d\x11\xbe\x05l\x05\xb0\x05\x02\x05\xe8\x5d\x11\xbe\x05l\x05\xb0\x05\xc6\x05\xe8\x5d\x11\xbe\x05l\x05\xb0\x05\x8e\x8e\x05\xe8\x5d\x11\xbe\x05l\x05\x02\x05\x8e\xfb\x05\xe8\x5d\x11\xbe\x05l\x05\xe6\x05\x8e\x02\x05\xe8\x5d\x11\xbe\x05l\x05\xe6\x05</data></match></read>
    <read><delim>\x05</delim><match><data>z\x7f</data></match></read>
    <read><length>2</length><match><data>\x10K</data></match></read>
    <!-- CANCEL\x5fTICKET\x7c12\x7c\x7c -->
    <write><data>\xd3\x23\xe8\xd32\x89\xd2\x26\x09\xd3\x7f2\x26\xfe\x8e\xe6\xfe\xfe</data></write>
    <read><delim>\x05</delim><match><data>z\x7f</data></match></read>
    <read><length>2</length><match><data>\x10K</data></match></read>
    <!-- VSTATUS\x7c12\x7c\x7c -->
    <write><data>f\x86\x26\x23\x26\x12\x86\xfe\x8e\xe6\xfe\xfe</data></write>
    <read><delim>\x05</delim><match><data>z\x7f</data></match></read>
    <read><length>2</length><match><data>\x10K</data></match></read>
    <!-- LIST\x5fSUPPORT\x7c\x7c -->
    <write><data>\x89\x09\x86\x26\xd2\x86\x12\xde\xdez\x7e\x26\xfe\xfe</data></write>
    <read><length>69</length><match><data>\xe6\x05\xe8\x5d\x11\xbe\x05l\x05\xb0\x05\x02\x05\xe8\x5d\x11\xbe\x05l\x05\xb0\x05\xc6\x05\xe8\x5d\x11\xbe\x05l\x05\xb0\x05\x8e\x8e\x05\xe8\x5d\x11\xbe\x05l\x05\x02\x05\x8e\xfb\x05\xe8\x5d\x11\xbe\x05l\x05\xe6\x05\x8e\x02\x05\xe8\x5d\x11\xbe\x05l\x05\xe6\x05</data></match></read>
    <read><delim>\x05</delim><match><data>z\x7f</data></match></read>
    <read><length>2</length><match><data>\x10K</data></match></read>
    <!-- VIEW\x7c02\x7c\x7c -->
    <write><data>f\x092\x3b\xfel\xe6\xfe\xfe</data></write>
    <read><delim>\x05</delim><match><data>z\x7f</data></match></read>
    <read><length>2</length><match><data>\x10K</data></match></read>
    <!-- CANCEL\x5fTICKET\x7c02\x7c\x7c -->
    <write><data>\xd3\x23\xe8\xd32\x89\xd2\x26\x09\xd3\x7f2\x26\xfel\xe6\xfe\xfe</data></write>
    <read><delim>\x05</delim><match><data>z\x7f</data></match></read>
    <read><length>2</length><match><data>\x10K</data></match></read>
    <!-- ADD\x5fTICKET\x7cqvj\x7cuIyvd\x7c05\x7c\x7c -->
    <write><data>\x23\xd4\xd4\xd2\x26\x09\xd3\x7f2\x26\xfe\xa0\x0a\xd1\xfe\x93\x09\x06\x0ab\xfel\xb0\xfe\xfe</data></write>
    <read><delim>\x05</delim><match><data>z\x7f</data></match></read>
    <read><length>2</length><match><data>\x10K</data></match></read>
    <!-- VIEW\x7c02\x7c\x7c -->
    <write><data>f\x092\x3b\xfel\xe6\xfe\xfe</data></write>
    <read><length>22</length><match><data>\xcb\x05\xa0\x0a\xd1\x05\x93\x09\x06\x0ab\x05\xe6\x05\xb0\x05N\xe6\x05\xcb\xc6\x05</data></match></read>
    <read><delim>\x05</delim><match><data>z\x7f</data></match></read>
    <read><length>2</length><match><data>\x10K</data></match></read>
    <!-- HIRE\x7c00\x7c\x7c -->
    <write><data>B\x09\x7e2\xfell\xfe\xfe</data></write>
    <read><delim>\x05</delim><match><data>z\x7f</data></match></read>
    <read><length>2</length><match><data>\x10K</data></match></read>
    <!-- LIST\x5fFREE\x5fSUPPORT\x7c\x7c -->
    <write><data>\x89\x09\x86\x26\xd2\x40\x7e22\xd2\x86\x12\xde\xdez\x7e\x26\xfe\xfe</data></write>
    <read><length>58</length><match><data>\xe6\x05\xe8\x5d\x11\xbe\x05l\x05\xb0\x05\xc6\x05\xe8\x5d\x11\xbe\x05l\x05\xb0\x05\x8e\x8e\x05\xe8\x5d\x11\xbe\x05l\x05\x02\x05\x8e\xfb\x05\xe8\x5d\x11\xbe\x05l\x05\xe6\x05\x8e\x02\x05\xe8\x5d\x11\xbe\x05l\x05\xe6\x05</data></match></read>
    <read><delim>\x05</delim><match><data>z\x7f</data></match></read>
    <read><length>2</length><match><data>\x10K</data></match></read>
    <!-- LIST\x5fFREE\x5fSUPPORT\x7c\x7c -->
    <write><data>\x89\x09\x86\x26\xd2\x40\x7e22\xd2\x86\x12\xde\xdez\x7e\x26\xfe\xfe</data></write>
    <read><length>58</length><match><data>\xe6\x05\xe8\x5d\x11\xbe\x05l\x05\xb0\x05\x02\x05\xe8\x5d\x11\xbe\x05l\x05\xb0\x05\x8e\x8e\x05\xe8\x5d\x11\xbe\x05l\x05\x02\x05\x8e\xfb\x05\xe8\x5d\x11\xbe\x05l\x05\xe6\x05\x8e\x02\x05\xe8\x5d\x11\xbe\x05l\x05\xe6\x05</data></match></read>
    <read><delim>\x05</delim><match><data>z\x7f</data></match></read>
    <read><length>2</length><match><data>\x10K</data></match></read>
    <!-- HIRE\x7c05\x7c\x7c -->
    <write><data>B\x09\x7e2\xfel\xb0\xfe\xfe</data></write>
    <read><delim>\x05</delim><match><data>z\x7f</data></match></read>
    <read><length>2</length><match><data>\x10K</data></match></read>
    <!-- CANCEL\x5fTICKET\x7c14\x7c\x7c -->
    <write><data>\xd3\x23\xe8\xd32\x89\xd2\x26\x09\xd3\x7f2\x26\xfe\x8e\x02\xfe\xfe</data></write>
    <read><delim>\x05</delim><match><data>z\x7f</data></match></read>
    <read><length>2</length><match><data>\x10K</data></match></read>
    <!-- LIST\x5fSUPPORT\x7c\x7c -->
    <write><data>\x89\x09\x86\x26\xd2\x86\x12\xde\xdez\x7e\x26\xfe\xfe</data></write>
    <read><length>78</length><match><data>\xe6\x05\xe8\x5d\x11\xbe\x05l\x05\xb0\x05\x02\x05\xe8\x5d\x11\xbe\x05l\x05\xb0\x05\xc6\x05\xe8\x5d\x11\xbe\x05l\x05\xb0\x05\x8e\x8e\x05\xe8\x5d\x11\xbe\x05l\x05\x02\x05\x8e\xfb\x05\xe8\x5d\x11\xbe\x05l\x05\xe6\x05\x8e\x02\x05\xe8\x5d\x11\xbe\x05l\x05\xe6\x05\x8e\xb0\x05\xcb\x05l\x05\xb0\x05</data></match></read>
    <read><delim>\x05</delim><match><data>z\x7f</data></match></read>
    <read><length>2</length><match><data>\x10K</data></match></read>
    <!-- VIEW\x7c\x7c -->
    <write><data>f\x092\x3b\xfe\xfe</data></write>
    <read><length>22</length><match><data>\xcb\x05\xa0\x0a\xd1\x05\x93\x09\x06\x0ab\x05\x8e\x05\xb0\x05N\xe6\x05\xcb\x8e\x05</data></match></read>
    <read><delim>\x05</delim><match><data>z\x7f</data></match></read>
    <read><length>2</length><match><data>\x10K</data></match></read>
    <!-- CANCEL\x5fTICKET\x7c14\x7c\x7c -->
    <write><data>\xd3\x23\xe8\xd32\x89\xd2\x26\x09\xd3\x7f2\x26\xfe\x8e\x02\xfe\xfe</data></write>
    <read><delim>\x05</delim><match><data>z\x7f</data></match></read>
    <read><length>2</length><match><data>\x10K</data></match></read>
    <!-- FIRE\x7c01\x7c\x7c -->
    <write><data>\x40\x09\x7e2\xfel\x8e\xfe\xfe</data></write>
    <read><delim>\x05</delim><match><data>z\x7f</data></match></read>
    <read><length>2</length><match><data>\x10K</data></match></read>
    <!-- VSTATUS\x7c04\x7c\x7c -->
    <write><data>f\x86\x26\x23\x26\x12\x86\xfel\x02\xfe\xfe</data></write>
    <read><delim>\x05</delim><match><data>z\x7f</data></match></read>
    <read><length>2</length><match><data>\x10K</data></match></read>
    <!-- HIRE\x7c03\x7c\x7c -->
    <write><data>B\x09\x7e2\xfel\xfb\xfe\xfe</data></write>
    <read><delim>\x05</delim><match><data>z\x7f</data></match></read>
    <read><length>2</length><match><data>\x10K</data></match></read>
    <!-- HIRE\x7c05\x7c\x7c -->
    <write><data>B\x09\x7e2\xfel\xb0\xfe\xfe</data></write>
    <read><delim>\x05</delim><match><data>z\x7f</data></match></read>
    <read><length>2</length><match><data>\x10K</data></match></read>
    <!-- LIST\x5fSUPPORT\x7c\x7c -->
    <write><data>\x89\x09\x86\x26\xd2\x86\x12\xde\xdez\x7e\x26\xfe\xfe</data></write>
    <read><length>102</length><match><data>\xe6\x05\xe8\x5d\x11\xbe\x05l\x05\xb0\x05\x02\x05\xe8\x5d\x11\xbe\x05l\x05\xb0\x05\xc6\x05\xe8\x5d\x11\xbe\x05l\x05\xb0\x05\x8e\x8e\x05\xe8\x5d\x11\xbe\x05l\x05\x02\x05\x8e\xfb\x05\xe8\x5d\x11\xbe\x05l\x05\xe6\x05\x8e\x02\x05\xe8\x5d\x11\xbe\x05l\x05\xe6\x05\x8e\xb0\x05\xcb\x05l\x05\xb0\x05\x8e\xcb\x05\xe8\x5d\x11\xbe\x05l\x05\xfb\x05\x8e\xd6\x05\xe8\x5d\x11\xbe\x05l\x05\xb0\x05</data></match></read>
    <read><delim>\x05</delim><match><data>z\x7f</data></match></read>
    <read><length>2</length><match><data>\x10K</data></match></read>
    <!-- LIST\x5fSUPPORT\x7c\x7c -->
    <write><data>\x89\x09\x86\x26\xd2\x86\x12\xde\xdez\x7e\x26\xfe\xfe</data></write>
    <read><length>102</length><match><data>\xe6\x05\xe8\x5d\x11\xbe\x05l\x05\xb0\x05\x02\x05\xe8\x5d\x11\xbe\x05l\x05\xb0\x05\xc6\x05\xe8\x5d\x11\xbe\x05l\x05\xb0\x05\x8e\x8e\x05\xe8\x5d\x11\xbe\x05l\x05\x02\x05\x8e\xfb\x05\xe8\x5d\x11\xbe\x05l\x05\xe6\x05\x8e\x02\x05\xe8\x5d\x11\xbe\x05l\x05\xe6\x05\x8e\xb0\x05\xcb\x05l\x05\xb0\x05\x8e\xcb\x05\xe8\x5d\x11\xbe\x05l\x05\xfb\x05\x8e\xd6\x05\xe8\x5d\x11\xbe\x05l\x05\xb0\x05</data></match></read>
    <read><delim>\x05</delim><match><data>z\x7f</data></match></read>
    <read><length>2</length><match><data>\x10K</data></match></read>
    <!-- FIRE\x7c04\x7c\x7c -->
    <write><data>\x40\x09\x7e2\xfel\x02\xfe\xfe</data></write>
    <read><delim>\x05</delim><match><data>z\x7f</data></match></read>
    <read><length>2</length><match><data>\x10K</data></match></read>
    <!-- HIRE\x7c00\x7c\x7c -->
    <write><data>B\x09\x7e2\xfell\xfe\xfe</data></write>
    <read><delim>\x05</delim><match><data>z\x7f</data></match></read>
    <read><length>2</length><match><data>\x10K</data></match></read>
    <!-- VIEW\x7c04\x7c\x7c -->
    <write><data>f\x092\x3b\xfel\x02\xfe\xfe</data></write>
    <read><delim>\x05</delim><match><data>z\x7f</data></match></read>
    <read><length>2</length><match><data>\x10K</data></match></read>
    <!-- VSTATUS\x7c14\x7c\x7c -->
    <write><data>f\x86\x26\x23\x26\x12\x86\xfe\x8e\x02\xfe\xfe</data></write>
    <read><delim>\x05</delim><match><data>z\x7f</data></match></read>
    <read><length>2</length><match><data>\x10K</data></match></read>
    <!-- VSTATUS\x7c14\x7c\x7c -->
    <write><data>f\x86\x26\x23\x26\x12\x86\xfe\x8e\x02\xfe\xfe</data></write>
    <read><delim>\x05</delim><match><data>z\x7f</data></match></read>
    <read><length>2</length><match><data>\x10K</data></match></read>
    <!-- CANCEL\x5fTICKET\x7c14\x7c\x7c -->
    <write><data>\xd3\x23\xe8\xd32\x89\xd2\x26\x09\xd3\x7f2\x26\xfe\x8e\x02\xfe\xfe</data></write>
    <read><delim>\x05</delim><match><data>z\x7f</data></match></read>
    <read><length>2</length><match><data>\x10K</data></match></read>
    <!-- LIST\x5fSUPPORT\x7c\x7c -->
    <write><data>\x89\x09\x86\x26\xd2\x86\x12\xde\xdez\x7e\x26\xfe\xfe</data></write>
    <read><length>90</length><match><data>\xe6\x05\xcb\x05l\x05\xb0\x05\x02\x05\xe8\x5d\x11\xbe\x05l\x05\xb0\x05\xc6\x05\xe8\x5d\x11\xbe\x05l\x05\xb0\x05\x8e\xfb\x05\xe8\x5d\x11\xbe\x05l\x05\xe6\x05\x8e\x02\x05\xe8\x5d\x11\xbe\x05l\x05\xe6\x05\x8e\xb0\x05\xe8\x5d\x11\xbe\x05l\x05\xb0\x05\x8e\xcb\x05\xe8\x5d\x11\xbe\x05l\x05\xfb\x05\x8e\xd6\x05\xe8\x5d\x11\xbe\x05l\x05\xb0\x05</data></match></read>
    <read><delim>\x05</delim><match><data>z\x7f</data></match></read>
    <read><length>2</length><match><data>\x10K</data></match></read>
    <!-- FIRE\x7c02\x7c\x7c -->
    <write><data>\x40\x09\x7e2\xfel\xe6\xfe\xfe</data></write>
    <read><delim>\x05</delim><match><data>z\x7f</data></match></read>
    <read><length>2</length><match><data>\x10K</data></match></read>
    <!-- VIEW\x7c03\x7c\x7c -->
    <write><data>f\x092\x3b\xfel\xfb\xfe\xfe</data></write>
    <read><delim>\x05</delim><match><data>z\x7f</data></match></read>
    <read><length>2</length><match><data>\x10K</data></match></read>
    <!-- VSTATUS\x7c14\x7c\x7c -->
    <write><data>f\x86\x26\x23\x26\x12\x86\xfe\x8e\x02\xfe\xfe</data></write>
    <read><delim>\x05</delim><match><data>z\x7f</data></match></read>
    <read><length>2</length><match><data>\x10K</data></match></read>
    <!-- ADD\x5fTICKET\x7cQFjHRm\x7cEVfa\x7c04\x7c\x7c -->
    <write><data>\x23\xd4\xd4\xd2\x26\x09\xd3\x7f2\x26\xfe\xe9\x40\xd1B\x7ev\xfe2f\xc2\x1a\xfel\x02\xfe\xfe</data></write>
    <read><delim>\x05</delim><match><data>z\x7f</data></match></read>
    <read><length>2</length><match><data>\x10K</data></match></read>
    <!-- VSTATUS\x7c03\x7c\x7c -->
    <write><data>f\x86\x26\x23\x26\x12\x86\xfel\xfb\xfe\xfe</data></write>
    <read><delim>\x05</delim><match><data>z\x7f</data></match></read>
    <read><length>2</length><match><data>\x10K</data></match></read>
    <!-- LIST\x5fSUPPORT\x7c\x7c -->
    <write><data>\x89\x09\x86\x26\xd2\x86\x12\xde\xdez\x7e\x26\xfe\xfe</data></write>
    <read><length>75</length><match><data>\xe6\x05\xe8\x5d\x11\xbe\x05l\x05\xb0\x05\x02\x05\xd6\x05l\x05\xb0\x05\xc6\x05\xcb\x05l\x05\xb0\x05\x8e\x02\x05\xe8\x5d\x11\xbe\x05l\x05\xe6\x05\x8e\xb0\x05\xe8\x5d\x11\xbe\x05l\x05\xb0\x05\x8e\xcb\x05\xe8\x5d\x11\xbe\x05l\x05\xfb\x05\x8e\xd6\x05\xe8\x5d\x11\xbe\x05l\x05\xb0\x05</data></match></read>
    <read><delim>\x05</delim><match><data>z\x7f</data></match></read>
    <read><length>2</length><match><data>\x10K</data></match></read>
    <!-- VIEW\x7c\x7c -->
    <write><data>f\x092\x3b\xfe\xfe</data></write>
    <read><length>47</length><match><data>\xd6\x05\xe9\x40\xd1B\x7ev\x052f\xc2\x1a\x05\xe6\x05\x02\x05\x8e\x8eN\x05N\xe6\x05\xcb\x05\xa0\x0a\xd1\x05\x93\x09\x06\x0ab\x05\xe6\x05\xb0\x05N\xe6\x05\x02\xe6\x05</data></match></read>
    <read><delim>\x05</delim><match><data>z\x7f</data></match></read>
    <read><length>2</length><match><data>\x10K</data></match></read>
    <!-- HIRE\x7c01\x7c\x7c -->
    <write><data>B\x09\x7e2\xfel\x8e\xfe\xfe</data></write>
    <read><delim>\x05</delim><match><data>z\x7f</data></match></read>
    <read><length>2</length><match><data>\x10K</data></match></read>
    <!-- LIST\x5fSUPPORT\x7c\x7c -->
    <write><data>\x89\x09\x86\x26\xd2\x86\x12\xde\xdez\x7e\x26\xfe\xfe</data></write>
    <read><length>87</length><match><data>\xe6\x05\xe8\x5d\x11\xbe\x05l\x05\xb0\x05\x02\x05\xd6\x05l\x05\xb0\x05\xc6\x05\xe8\x5d\x11\xbe\x05l\x05\xb0\x05\x8e\x02\x05\xe8\x5d\x11\xbe\x05l\x05\xe6\x05\x8e\xb0\x05\xcb\x05l\x05\xb0\x05\x8e\xcb\x05\xe8\x5d\x11\xbe\x05l\x05\xfb\x05\x8e\xd6\x05\xe8\x5d\x11\xbe\x05l\x05\xb0\x05\x8e\xc6\x05\xe8\x5d\x11\xbe\x05l\x05\x8e\x05</data></match></read>
    <read><delim>\x05</delim><match><data>z\x7f</data></match></read>
    <read><length>2</length><match><data>\x10K</data></match></read>
    <!-- LIST\x5fFREE\x5fSUPPORT\x7c\x7c -->
    <write><data>\x89\x09\x86\x26\xd2\x40\x7e22\xd2\x86\x12\xde\xdez\x7e\x26\xfe\xfe</data></write>
    <read><length>70</length><match><data>\xe6\x05\xe8\x5d\x11\xbe\x05l\x05\xb0\x05\xc6\x05\xe8\x5d\x11\xbe\x05l\x05\xb0\x05\x8e\x02\x05\xe8\x5d\x11\xbe\x05l\x05\xe6\x05\x8e\xb0\x05\xe8\x5d\x11\xbe\x05l\x05\xb0\x05\x8e\xcb\x05\xe8\x5d\x11\xbe\x05l\x05\xfb\x05\x8e\xc6\x05\xe8\x5d\x11\xbe\x05l\x05\x8e\x05</data></match></read>
    <read><delim>\x05</delim><match><data>z\x7f</data></match></read>
    <read><length>2</length><match><data>\x10K</data></match></read>
    <!-- LIST\x5fSUPPORT\x7c\x7c -->
    <write><data>\x89\x09\x86\x26\xd2\x86\x12\xde\xdez\x7e\x26\xfe\xfe</data></write>
    <read><length>87</length><match><data>\xe6\x05\xe8\x5d\x11\xbe\x05l\x05\xb0\x05\x02\x05\xd6\x05l\x05\xb0\x05\xc6\x05\xe8\x5d\x11\xbe\x05l\x05\xb0\x05\x8e\x02\x05\xe8\x5d\x11\xbe\x05l\x05\xe6\x05\x8e\xb0\x05\xe8\x5d\x11\xbe\x05l\x05\xb0\x05\x8e\xcb\x05\xe8\x5d\x11\xbe\x05l\x05\xfb\x05\x8e\xd6\x05\xcb\x05l\x05\xb0\x05\x8e\xc6\x05\xe8\x5d\x11\xbe\x05l\x05\x8e\x05</data></match></read>
    <read><delim>\x05</delim><match><data>z\x7f</data></match></read>
    <read><length>2</length><match><data>\x10K</data></match></read>
    <!-- CANCEL\x5fTICKET\x7c16\x7c\x7c -->
    <write><data>\xd3\x23\xe8\xd32\x89\xd2\x26\x09\xd3\x7f2\x26\xfe\x8e\xcb\xfe\xfe</data></write>
    <read><delim>\x05</delim><match><data>z\x7f</data></match></read>
    <read><length>2</length><match><data>\x10K</data></match></read>
    <!-- LIST\x5fFREE\x5fSUPPORT\x7c\x7c -->
    <write><data>\x89\x09\x86\x26\xd2\x40\x7e22\xd2\x86\x12\xde\xdez\x7e\x26\xfe\xfe</data></write>
    <read><length>82</length><match><data>\xe6\x05\xe8\x5d\x11\xbe\x05l\x05\xb0\x05\xc6\x05\xe8\x5d\x11\xbe\x05l\x05\xb0\x05\x8e\x02\x05\xe8\x5d\x11\xbe\x05l\x05\xe6\x05\x8e\xb0\x05\xe8\x5d\x11\xbe\x05l\x05\xb0\x05\x8e\xcb\x05\xe8\x5d\x11\xbe\x05l\x05\xfb\x05\x8e\xd6\x05\xe8\x5d\x11\xbe\x05l\x05\xb0\x05\x8e\xc6\x05\xe8\x5d\x11\xbe\x05l\x05\x8e\x05</data></match></read>
    <read><delim>\x05</delim><match><data>z\x7f</data></match></read>
    <read><length>2</length><match><data>\x10K</data></match></read>
    <!-- VSTATUS\x7c06\x7c\x7c -->
    <write><data>f\x86\x26\x23\x26\x12\x86\xfel\xcb\xfe\xfe</data></write>
    <read><length>22</length><match><data>\xcb\x05\xa0\x0a\xd1\x05\x93\x09\x06\x0ab\x05\xe6\x05\xb0\x05N\xe6\x05\xfb\xcb\x05</data></match></read>
    <read><delim>\x05</delim><match><data>z\x7f</data></match></read>
    <read><length>2</length><match><data>\x10K</data></match></read>
    <!-- HIRE\x7c01\x7c\x7c -->
    <write><data>B\x09\x7e2\xfel\x8e\xfe\xfe</data></write>
    <read><delim>\x05</delim><match><data>z\x7f</data></match></read>
    <read><length>2</length><match><data>\x10K</data></match></read>
    <!-- LIST\x5fSUPPORT\x7c\x7c -->
    <write><data>\x89\x09\x86\x26\xd2\x86\x12\xde\xdez\x7e\x26\xfe\xfe</data></write>
    <read><length>99</length><match><data>\xe6\x05\xcb\x05l\x05\xb0\x05\x02\x05\xe8\x5d\x11\xbe\x05l\x05\xb0\x05\xc6\x05\xd6\x05l\x05\xb0\x05\x8e\x02\x05\xe8\x5d\x11\xbe\x05l\x05\xe6\x05\x8e\xb0\x05\xe8\x5d\x11\xbe\x05l\x05\xb0\x05\x8e\xcb\x05\xe8\x5d\x11\xbe\x05l\x05\xfb\x05\x8e\xd6\x05\xe8\x5d\x11\xbe\x05l\x05\xb0\x05\x8e\xc6\x05\xe8\x5d\x11\xbe\x05l\x05\x8e\x05\x8eN\x05\xe8\x5d\x11\xbe\x05l\x05\x8e\x05</data></match></read>
    <read><delim>\x05</delim><match><data>z\x7f</data></match></read>
    <read><length>2</length><match><data>\x10K</data></match></read>
    <!-- LIST\x5fSUPPORT\x7c\x7c -->
    <write><data>\x89\x09\x86\x26\xd2\x86\x12\xde\xdez\x7e\x26\xfe\xfe</data></write>
    <read><length>99</length><match><data>\xe6\x05\xe8\x5d\x11\xbe\x05l\x05\xb0\x05\x02\x05\xcb\x05l\x05\xb0\x05\xc6\x05\xd6\x05l\x05\xb0\x05\x8e\x02\x05\xe8\x5d\x11\xbe\x05l\x05\xe6\x05\x8e\xb0\x05\xe8\x5d\x11\xbe\x05l\x05\xb0\x05\x8e\xcb\x05\xe8\x5d\x11\xbe\x05l\x05\xfb\x05\x8e\xd6\x05\xe8\x5d\x11\xbe\x05l\x05\xb0\x05\x8e\xc6\x05\xe8\x5d\x11\xbe\x05l\x05\x8e\x05\x8eN\x05\xe8\x5d\x11\xbe\x05l\x05\x8e\x05</data></match></read>
    <read><delim>\x05</delim><match><data>z\x7f</data></match></read>
    <read><length>2</length><match><data>\x10K</data></match></read>
    <!-- FIRE\x7c04\x7c\x7c -->
    <write><data>\x40\x09\x7e2\xfel\x02\xfe\xfe</data></write>
    <read><delim>\x05</delim><match><data>z\x7f</data></match></read>
    <read><length>2</length><match><data>\x10K</data></match></read>
    <!-- FIRE\x7c01\x7c\x7c -->
    <write><data>\x40\x09\x7e2\xfel\x8e\xfe\xfe</data></write>
    <read><delim>\x05</delim><match><data>z\x7f</data></match></read>
    <read><length>2</length><match><data>\x10K</data></match></read>
    <!-- CANCEL\x5fTICKET\x7c16\x7c\x7c -->
    <write><data>\xd3\x23\xe8\xd32\x89\xd2\x26\x09\xd3\x7f2\x26\xfe\x8e\xcb\xfe\xfe</data></write>
    <read><delim>\x05</delim><match><data>z\x7f</data></match></read>
    <read><length>2</length><match><data>\x10K</data></match></read>
    <!-- ADD\x5fTICKET\x7cKJRCrr\x7cSkVCGFG\x7c04\x7c\x7c -->
    <write><data>\x23\xd4\xd4\xd2\x26\x09\xd3\x7f2\x26\xfe\x7f\x18\x7e\xd3\x9a\x9a\xfe\x86Pf\xd3\x16\x40\x16\xfel\x02\xfe\xfe</data></write>
    <read><delim>\x05</delim><match><data>z\x7f</data></match></read>
    <read><length>2</length><match><data>\x10K</data></match></read>
    <!-- HIRE\x7c00\x7c\x7c -->
    <write><data>B\x09\x7e2\xfell\xfe\xfe</data></write>
    <read><delim>\x05</delim><match><data>z\x7f</data></match></read>
    <read><length>2</length><match><data>\x10K</data></match></read>
    <!-- CANCEL\x5fTICKET\x7c18\x7c\x7c -->
    <write><data>\xd3\x23\xe8\xd32\x89\xd2\x26\x09\xd3\x7f2\x26\xfe\x8e\xc6\xfe\xfe</data></write>
    <read><delim>\x05</delim><match><data>z\x7f</data></match></read>
    <read><length>2</length><match><data>\x10K</data></match></read>
    <!-- VIEW\x7c\x7c -->
    <write><data>f\x092\x3b\xfe\xfe</data></write>
    <read><length>74</length><match><data>\xc6\x05\x7f\x18\x7e\xd3\x9a\x9a\x05\x86Pf\xd3\x16\x40\x16\x05\xe6\x05\x02\x05\x8e\xfb\xd6\x05N\x05\xcb\x05\xa0\x0a\xd1\x05\x93\x09\x06\x0ab\x05\xe6\x05\xb0\x05N\xe6\x05\xe6\xcb\x05\xd6\x05\xe9\x40\xd1B\x7ev\x052f\xc2\x1a\x05\xe6\x05\x02\x05\x8e\x8eN\x05\xd6\xcb\x05</data></match></read>
    <read><delim>\x05</delim><match><data>z\x7f</data></match></read>
    <read><length>2</length><match><data>\x10K</data></match></read>
    <!-- FIRE\x7c00\x7c\x7c -->
    <write><data>\x40\x09\x7e2\xfell\xfe\xfe</data></write>
    <read><delim>\x05</delim><match><data>z\x7f</data></match></read>
    <read><length>2</length><match><data>\x10K</data></match></read>
    <!-- CANCEL\x5fTICKET\x7c00\x7c\x7c -->
    <write><data>\xd3\x23\xe8\xd32\x89\xd2\x26\x09\xd3\x7f2\x26\xfell\xfe\xfe</data></write>
    <read><delim>\x05</delim><match><data>z\x7f</data></match></read>
    <read><length>2</length><match><data>\x10K</data></match></read>
    <!-- ADD\x5fTICKET\x7cXDaWLihhaJtdHFi\x7cZn\x7c04\x7c\x7c -->
    <write><data>\x23\xd4\xd4\xd2\x26\x09\xd3\x7f2\x26\xfe\x5c\xd4\x1a\x3b\x89\xa9\x8f\x8f\x1a\x18\xbbbB\x40\xa9\xfe\xcd\x11\xfel\x02\xfe\xfe</data></write>
    <read><delim>\x05</delim><match><data>z\x7f</data></match></read>
    <read><length>2</length><match><data>\x10K</data></match></read>
    <!-- VSTATUS\x7c20\x7c\x7c -->
    <write><data>f\x86\x26\x23\x26\x12\x86\xfe\xe6l\xfe\xfe</data></write>
    <read><delim>\x05</delim><match><data>z\x7f</data></match></read>
    <read><length>2</length><match><data>\x10K</data></match></read>
    <!-- FIRE\x7c04\x7c\x7c -->
    <write><data>\x40\x09\x7e2\xfel\x02\xfe\xfe</data></write>
    <read><delim>\x05</delim><match><data>z\x7f</data></match></read>
    <read><length>2</length><match><data>\x10K</data></match></read>
    <!-- HIRE\x7c00\x7c\x7c -->
    <write><data>B\x09\x7e2\xfell\xfe\xfe</data></write>
    <read><delim>\x05</delim><match><data>z\x7f</data></match></read>
    <read><length>2</length><match><data>\x10K</data></match></read>
    <!-- FIRE\x7c02\x7c\x7c -->
    <write><data>\x40\x09\x7e2\xfel\xe6\xfe\xfe</data></write>
    <read><delim>\x05</delim><match><data>z\x7f</data></match></read>
    <read><length>2</length><match><data>\x10K</data></match></read>
    <!-- HIRE\x7c01\x7c\x7c -->
    <write><data>B\x09\x7e2\xfel\x8e\xfe\xfe</data></write>
    <read><delim>\x05</delim><match><data>z\x7f</data></match></read>
    <read><length>16</length><match><data>\x26\xa9\x92P\xbe\xbbK\x40\xa9\x11\xa9\xd7\x8f\xbeb\x05</data></match></read>
    <read><length>2</length><match><data>\x02\x05</data></match></read>
    <read><length>7</length><match><data>\x86Pf\xd3\x16\x40\x16</data></match></read>
    <read><length>2</length><match><data>\x10K</data></match></read>
    <!-- HIRE\x7c03\x7c\x7c -->
    <write><data>B\x09\x7e2\xfel\xfb\xfe\xfe</data></write>
    <read><delim>\x05</delim><match><data>z\x7f</data></match></read>
    <read><length>2</length><match><data>\x10K</data></match></read>
    <!-- HIRE\x7c04\x7c\x7c -->
    <write><data>B\x09\x7e2\xfel\x02\xfe\xfe</data></write>
    <read><delim>\x05</delim><match><data>z\x7f</data></match></read>
    <read><length>2</length><match><data>\x10K</data></match></read>
    <!-- VIEW\x7c\x7c -->
    <write><data>f\x092\x3b\xfe\xfe</data></write>
    <read><length>79</length><match><data>\xd6\x05\xe9\x40\xd1B\x7ev\x052f\xc2\x1a\x05\xe6\x05\x02\x05\x8e\x8eN\x05\xcb\xc6\x05\xcb\x05\xa0\x0a\xd1\x05\x93\x09\x06\x0ab\x05\xe6\x05\xb0\x05N\xe6\x05\x8e\xcb\x05N\x05\x5c\xd4\x1a\x3b\x89\xa9\x8f\x8f\x1a\x18\xbbbB\x40\xa9\x05\xcd\x11\x05\xe6\x05\x02\x05\x8e\x02\x02\x05N\xfb\x05</data></match></read>
    <read><delim>\x05</delim><match><data>z\x7f</data></match></read>
    <read><length>2</length><match><data>\x10K</data></match></read>
    <!-- VIEW\x7c\x7c -->
    <write><data>f\x092\x3b\xfe\xfe</data></write>
    <read><length>79</length><match><data>\xd6\x05\xe9\x40\xd1B\x7ev\x052f\xc2\x1a\x05\xe6\x05\x02\x05\x8e\x8eN\x05\xcb\xd6\x05\xcb\x05\xa0\x0a\xd1\x05\x93\x09\x06\x0ab\x05\xe6\x05\xb0\x05N\xe6\x05\x8e\xb0\x05N\x05\x5c\xd4\x1a\x3b\x89\xa9\x8f\x8f\x1a\x18\xbbbB\x40\xa9\x05\xcd\x11\x05\xe6\x05\x02\x05\x8e\x02\x02\x05N\xe6\x05</data></match></read>
    <read><delim>\x05</delim><match><data>z\x7f</data></match></read>
    <read><length>2</length><match><data>\x10K</data></match></read>
    <!-- CANCEL\x5fTICKET\x7c20\x7c\x7c -->
    <write><data>\xd3\x23\xe8\xd32\x89\xd2\x26\x09\xd3\x7f2\x26\xfe\xe6l\xfe\xfe</data></write>
    <read><delim>\x05</delim><match><data>z\x7f</data></match></read>
    <read><length>2</length><match><data>\x10K</data></match></read>
    <!-- LIST\x5fSUPPORT\x7c\x7c -->
    <write><data>\x89\x09\x86\x26\xd2\x86\x12\xde\xdez\x7e\x26\xfe\xfe</data></write>
    <read><length>108</length><match><data>\xe6\x05\xe8\x5d\x11\xbe\x05l\x05\xb0\x05\x02\x05\xd6\x05l\x05\xb0\x05\xc6\x05\xe8\x5d\x11\xbe\x05l\x05\xb0\x05\x8e\xb0\x05\xe8\x5d\x11\xbe\x05l\x05\xb0\x05\x8e\xcb\x05\xe8\x5d\x11\xbe\x05l\x05\xfb\x05\x8e\xd6\x05\xcb\x05l\x05\xb0\x05\x8eN\x05\xe8\x5d\x11\xbe\x05l\x05\x8e\x05\xe6l\x05\xe8\x5d\x11\xbe\x05l\x05\x8e\x05\xe6\x8e\x05\xe8\x5d\x11\xbe\x05l\x05\xfb\x05\xe6\xe6\x05N\x05l\x05\x02\x05</data></match></read>
    <read><delim>\x05</delim><match><data>z\x7f</data></match></read>
    <read><length>2</length><match><data>\x10K</data></match></read>
    <!-- ADD\x5fTICKET\x7cOAnaxeB\x7cAGSx\x7c05\x7c\x7c -->
    <write><data>\x23\xd4\xd4\xd2\x26\x09\xd3\x7f2\x26\xfez\x23\x11\x1a\xfc\xbeF\xfe\x23\x16\x86\xfc\xfel\xb0\xfe\xfe</data></write>
    <read><delim>\x05</delim><match><data>z\x7f</data></match></read>
    <read><length>2</length><match><data>\x10K</data></match></read>
    <!-- CANCEL\x5fTICKET\x7c22\x7c\x7c -->
    <write><data>\xd3\x23\xe8\xd32\x89\xd2\x26\x09\xd3\x7f2\x26\xfe\xe6\xe6\xfe\xfe</data></write>
    <read><delim>\x05</delim><match><data>z\x7f</data></match></read>
    <read><length>2</length><match><data>\x10K</data></match></read>
    <!-- VIEW\x7c\x7c -->
    <write><data>f\x092\x3b\xfe\xfe</data></write>
    <read><length>106</length><match><data>\xd6\x05\xe9\x40\xd1B\x7ev\x052f\xc2\x1a\x05\xe6\x05\x02\x05\x8e\x8eN\x05\xcb\xe6\x05\x8el\x05z\x23\x11\x1a\xfc\xbeF\x05\x23\x16\x86\xfc\x05\xe6\x05\xb0\x05\x8e\xb0\xd6\x05\xfb\xd6\x05\xcb\x05\xa0\x0a\xd1\x05\x93\x09\x06\x0ab\x05\xe6\x05\xb0\x05N\xe6\x05\x8e\x8e\x05N\x05\x5c\xd4\x1a\x3b\x89\xa9\x8f\x8f\x1a\x18\xbbbB\x40\xa9\x05\xcd\x11\x05\xe6\x05\x02\x05\x8e\x02\x02\x05\xc6\xc6\x05</data></match></read>
    <read><delim>\x05</delim><match><data>z\x7f</data></match></read>
    <read><length>2</length><match><data>\x10K</data></match></read>
    <!-- HIRE\x7c04\x7c\x7c -->
    <write><data>B\x09\x7e2\xfel\x02\xfe\xfe</data></write>
    <read><delim>\x05</delim><match><data>z\x7f</data></match></read>
    <read><length>2</length><match><data>\x10K</data></match></read>
    <!-- VIEW\x7c\x7c -->
    <write><data>f\x092\x3b\xfe\xfe</data></write>
    <read><length>105</length><match><data>\xd6\x05\xe9\x40\xd1B\x7ev\x052f\xc2\x1a\x05\xe6\x05\x02\x05\x8e\x8eN\x05\xcbl\x05\x8el\x05z\x23\x11\x1a\xfc\xbeF\x05\x23\x16\x86\xfc\x05\xe6\x05\xb0\x05\x8e\xb0\xd6\x05\xfb\xb0\x05\xcb\x05\xa0\x0a\xd1\x05\x93\x09\x06\x0ab\x05\xe6\x05\xb0\x05N\xe6\x05N\x05N\x05\x5c\xd4\x1a\x3b\x89\xa9\x8f\x8f\x1a\x18\xbbbB\x40\xa9\x05\xcd\x11\x05\xe6\x05\x02\x05\x8e\x02\x02\x05\xc6\xcb\x05</data></match></read>
    <read><delim>\x05</delim><match><data>z\x7f</data></match></read>
    <read><length>2</length><match><data>\x10K</data></match></read>
    <!-- HIRE\x7c00\x7c\x7c -->
    <write><data>B\x09\x7e2\xfell\xfe\xfe</data></write>
    <read><delim>\x05</delim><match><data>z\x7f</data></match></read>
    <read><length>2</length><match><data>\x10K</data></match></read>
    <!-- ADD\x5fTICKET\x7cgSJYNnUQvRo\x7cvbxHfdqoEIvkRSHT\x7c05\x7c\x7c -->
    <write><data>\x23\xd4\xd4\xd2\x26\x09\xd3\x7f2\x26\xfe\xa7\x86\x18\xc0\xe8\x11\x12\xe9\x0a\x7e\x5d\xfe\x0a\xb7\xfcB\xc2b\xa0\x5d2\x09\x0aP\x7e\x86B\x26\xfel\xb0\xfe\xfe</data></write>
    <read><delim>\x05</delim><match><data>z\x7f</data></match></read>
    <read><length>2</length><match><data>\x10K</data></match></read>
    <!-- ADD\x5fTICKET\x7cJTzwJ\x7cyBHLXDWe\x7c01\x7c\x7c -->
    <write><data>\x23\xd4\xd4\xd2\x26\x09\xd3\x7f2\x26\xfe\x18\x26\x9b\xf4\x18\xfe\x06FB\x89\x5c\xd4\x3b\xbe\xfel\x8e\xfe\xfe</data></write>
    <read><delim>\x05</delim><match><data>z\x7f</data></match></read>
    <read><length>2</length><match><data>\x10K</data></match></read>
    <!-- VIEW\x7c\x7c -->
    <write><data>f\x092\x3b\xfe\xfe</data></write>
    <read><length>176</length><match><data>\xcb\x05\xa0\x0a\xd1\x05\x93\x09\x06\x0ab\x05\x8e\x05\xb0\x05N\xe6\x05\xcb\x05\x8e\x8e\x05\xa7\x86\x18\xc0\xe8\x11\x12\xe9\x0a\x7e\x5d\x05\x0a\xb7\xfcB\xc2b\xa0\x5d2\x09\x0aP\x7e\x86B\x26\x05\xe6\x05\xb0\x05\x8e\xcb\x02\x05\xd6\xb0\x05\xd6\x05\xe9\x40\xd1B\x7ev\x052f\xc2\x1a\x05\xe6\x05\x02\x05\x8e\x8eN\x05\xb0\xcb\x05\x8el\x05z\x23\x11\x1a\xfc\xbeF\x05\x23\x16\x86\xfc\x05\xe6\x05\xb0\x05\x8e\xb0\xd6\x05\xfb\x8e\x05\x8e\xe6\x05\x18\x26\x9b\xf4\x18\x05\x06FB\x89\x5c\xd4\x3b\xbe\x05\xe6\x05\x8e\x05\x8e\xcb\xcb\x05\x02\x05N\x05\x5c\xd4\x1a\x3b\x89\xa9\x8f\x8f\x1a\x18\xbbbB\x40\xa9\x05\xcd\x11\x05\xe6\x05\x02\x05\x8e\x02\x02\x05\xc6\xe6\x05</data></match></read>
    <read><delim>\x05</delim><match><data>z\x7f</data></match></read>
    <read><length>2</length><match><data>\x10K</data></match></read>
    <!-- VSTATUS\x7c26\x7c\x7c -->
    <write><data>f\x86\x26\x23\x26\x12\x86\xfe\xe6\xcb\xfe\xfe</data></write>
    <read><delim>\x05</delim><match><data>z\x7f</data></match></read>
    <read><length>2</length><match><data>\x10K</data></match></read>
    <!-- LIST\x5fSUPPORT\x7c\x7c -->
    <write><data>\x89\x09\x86\x26\xd2\x86\x12\xde\xdez\x7e\x26\xfe\xfe</data></write>
    <read><length>117</length><match><data>\xe6\x05\xe8\x5d\x11\xbe\x05l\x05\xb0\x05\x02\x05\xd6\x05l\x05\xb0\x05\xc6\x05\x8el\x05l\x05\xb0\x05\x8e\xb0\x05\x8e\x8e\x05l\x05\xb0\x05\x8e\xcb\x05\xe8\x5d\x11\xbe\x05l\x05\xfb\x05\x8e\xd6\x05\xe8\x5d\x11\xbe\x05l\x05\xb0\x05\x8eN\x05\x8e\xe6\x05l\x05\x8e\x05\xe6l\x05\xe8\x5d\x11\xbe\x05l\x05\x8e\x05\xe6\x8e\x05\xe8\x5d\x11\xbe\x05l\x05\xfb\x05\xe6\xe6\x05\xe8\x5d\x11\xbe\x05l\x05\x02\x05\xe6\xfb\x05N\x05l\x05\x02\x05</data></match></read>
    <read><delim>\x05</delim><match><data>z\x7f</data></match></read>
    <read><length>2</length><match><data>\x10K</data></match></read>
    <!-- FIRE\x7c05\x7c\x7c -->
    <write><data>\x40\x09\x7e2\xfel\xb0\xfe\xfe</data></write>
    <read><delim>\x05</delim><match><data>z\x7f</data></match></read>
    <read><length>16</length><match><data>\x26\xa9\x92P\xbe\xbbK\x40\xa9\x11\xa9\xd7\x8f\xbeb\x05</data></match></read>
    <read><length>3</length><match><data>\xe6l\x05</data></match></read>
    <read><length>8</length><match><data>\x06FB\x89\x5c\xd4\x3b\xbe</data></match></read>
    <read><length>2</length><match><data>\x10K</data></match></read>
    <!-- LIST\x5fSUPPORT\x7c\x7c -->
    <write><data>\x89\x09\x86\x26\xd2\x86\x12\xde\xdez\x7e\x26\xfe\xfe</data></write>
    <read><length>108</length><match><data>\x02\x05\xd6\x05l\x05\xb0\x05\xc6\x05\xe8\x5d\x11\xbe\x05l\x05\xb0\x05\x8e\xb0\x05\x8e\x8e\x05l\x05\xb0\x05\x8e\xcb\x05\xe8\x5d\x11\xbe\x05l\x05\xfb\x05\x8e\xd6\x05\x8el\x05l\x05\xb0\x05\x8eN\x05\xe8\x5d\x11\xbe\x05l\x05\x8e\x05\xe6l\x05\xe8\x5d\x11\xbe\x05l\x05\x8e\x05\xe6\x8e\x05\xe8\x5d\x11\xbe\x05l\x05\xfb\x05\xe6\xe6\x05\xe8\x5d\x11\xbe\x05l\x05\x02\x05\xe6\xfb\x05N\x05l\x05\x02\x05</data></match></read>
    <read><delim>\x05</delim><match><data>z\x7f</data></match></read>
    <read><length>2</length><match><data>\x10K</data></match></read>
    <!-- LIST\x5fSUPPORT\x7c\x7c -->
    <write><data>\x89\x09\x86\x26\xd2\x86\x12\xde\xdez\x7e\x26\xfe\xfe</data></write>
    <read><length>107</length><match><data>\x02\x05\xd6\x05l\x05\xb0\x05\xc6\x05\xcb\x05l\x05\xb0\x05\x8e\xb0\x05\xe8\x5d\x11\xbe\x05l\x05\xb0\x05\x8e\xcb\x05\xe8\x5d\x11\xbe\x05l\x05\xfb\x05\x8e\xd6\x05\x8el\x05l\x05\xb0\x05\x8eN\x05\xe8\x5d\x11\xbe\x05l\x05\x8e\x05\xe6l\x05\xe8\x5d\x11\xbe\x05l\x05\x8e\x05\xe6\x8e\x05\xe8\x5d\x11\xbe\x05l\x05\xfb\x05\xe6\xe6\x05\xe8\x5d\x11\xbe\x05l\x05\x02\x05\xe6\xfb\x05N\x05l\x05\x02\x05</data></match></read>
    <read><delim>\x05</delim><match><data>z\x7f</data></match></read>
    <read><length>2</length><match><data>\x10K</data></match></read>
    <!-- FIRE\x7c05\x7c\x7c -->
    <write><data>\x40\x09\x7e2\xfel\xb0\xfe\xfe</data></write>
    <read><delim>\x05</delim><match><data>z\x7f</data></match></read>
    <read><length>2</length><match><data>\x10K</data></match></read>
    <!-- HIRE\x7c05\x7c\x7c -->
    <write><data>B\x09\x7e2\xfel\xb0\xfe\xfe</data></write>
    <read><delim>\x05</delim><match><data>z\x7f</data></match></read>
    <read><length>2</length><match><data>\x10K</data></match></read>
    <!-- LIST\x5fFREE\x5fSUPPORT\x7c\x7c -->
    <write><data>\x89\x09\x86\x26\xd2\x40\x7e22\xd2\x86\x12\xde\xdez\x7e\x26\xfe\xfe</data></write>
    <read><length>60</length><match><data>\x8e\xb0\x05\xe8\x5d\x11\xbe\x05l\x05\xb0\x05\x8e\xcb\x05\xe8\x5d\x11\xbe\x05l\x05\xfb\x05\x8eN\x05\xe8\x5d\x11\xbe\x05l\x05\x8e\x05\xe6l\x05\xe8\x5d\x11\xbe\x05l\x05\x8e\x05\xe6\x8e\x05\xe8\x5d\x11\xbe\x05l\x05\xfb\x05</data></match></read>
    <read><delim>\x05</delim><match><data>z\x7f</data></match></read>
    <read><length>2</length><match><data>\x10K</data></match></read>
    <!-- LIST\x5fSUPPORT\x7c\x7c -->
    <write><data>\x89\x09\x86\x26\xd2\x86\x12\xde\xdez\x7e\x26\xfe\xfe</data></write>
    <read><length>106</length><match><data>\xc6\x05\xcb\x05l\x05\xb0\x05\x8e\xb0\x05\xe8\x5d\x11\xbe\x05l\x05\xb0\x05\x8e\xcb\x05\xe8\x5d\x11\xbe\x05l\x05\xfb\x05\x8e\xd6\x05\x8el\x05l\x05\xb0\x05\x8eN\x05\xe8\x5d\x11\xbe\x05l\x05\x8e\x05\xe6l\x05\xe8\x5d\x11\xbe\x05l\x05\x8e\x05\xe6\x8e\x05\xe8\x5d\x11\xbe\x05l\x05\xfb\x05\xe6\xe6\x05\xd6\x05l\x05\x02\x05\xe6\xfb\x05N\x05l\x05\x02\x05\xe6\x02\x05\x8e\x8e\x05l\x05\xb0\x05</data></match></read>
    <read><delim>\x05</delim><match><data>z\x7f</data></match></read>
    <read><length>16</length><match><data>\x26\xa9\x92P\xbe\xbbK\x40\xa9\x11\xa9\xd7\x8f\xbeb\x05</data></match></read>
    <read><length>2</length><match><data>\xc6\x05</data></match></read>
    <read><length>5</length><match><data>\x93\x09\x06\x0ab</data></match></read>
    <read><length>2</length><match><data>\x10K</data></match></read>
    <!-- FIRE\x7c05\x7c\x7c -->
    <write><data>\x40\x09\x7e2\xfel\xb0\xfe\xfe</data></write>
    <read><delim>\x05</delim><match><data>z\x7f</data></match></read>
    <read><length>2</length><match><data>\x10K</data></match></read>
    <!-- HIRE\x7c00\x7c\x7c -->
    <write><data>B\x09\x7e2\xfell\xfe\xfe</data></write>
    <read><delim>\x05</delim><match><data>z\x7f</data></match></read>
    <read><length>2</length><match><data>\x10K</data></match></read>
    <!-- VIEW\x7c\x7c -->
    <write><data>f\x092\x3b\xfe\xfe</data></write>
    <read><length>127</length><match><data>\xd6\x05\xe9\x40\xd1B\x7ev\x052f\xc2\x1a\x05\x8e\x05\x02\x05\x8e\x8eN\x05\x02\xb0\x05\x8e\x8e\x05\xa7\x86\x18\xc0\xe8\x11\x12\xe9\x0a\x7e\x5d\x05\x0a\xb7\xfcB\xc2b\xa0\x5d2\x09\x0aP\x7e\x86B\x26\x05\x8e\x05\xb0\x05\x8e\xcb\x02\x05\xcb\xd6\x05N\x05\x5c\xd4\x1a\x3b\x89\xa9\x8f\x8f\x1a\x18\xbbbB\x40\xa9\x05\xcd\x11\x05\xe6\x05\x02\x05\x8e\x02\x02\x05\xd6\x8e\x05\x8el\x05z\x23\x11\x1a\xfc\xbeF\x05\x23\x16\x86\xfc\x05\xe6\x05\xb0\x05\x8e\xb0\xd6\x05\x8eN\x05</data></match></read>
    <read><delim>\x05</delim><match><data>z\x7f</data></match></read>
    <read><length>2</length><match><data>\x10K</data></match></read>
    <!-- FIRE\x7c01\x7c\x7c -->
    <write><data>\x40\x09\x7e2\xfel\x8e\xfe\xfe</data></write>
    <read><delim>\x05</delim><match><data>z\x7f</data></match></read>
    <read><length>2</length><match><data>\x10K</data></match></read>
    <!-- VSTATUS\x7c26\x7c\x7c -->
    <write><data>f\x86\x26\x23\x26\x12\x86\xfe\xe6\xcb\xfe\xfe</data></write>
    <read><delim>\x05</delim><match><data>z\x7f</data></match></read>
    <read><length>2</length><match><data>\x10K</data></match></read>
    <!-- HIRE\x7c03\x7c\x7c -->
    <write><data>B\x09\x7e2\xfel\xfb\xfe\xfe</data></write>
    <read><delim>\x05</delim><match><data>z\x7f</data></match></read>
    <read><length>2</length><match><data>\x10K</data></match></read>
    <!-- LIST\x5fSUPPORT\x7c\x7c -->
    <write><data>\x89\x09\x86\x26\xd2\x86\x12\xde\xdez\x7e\x26\xfe\xfe</data></write>
    <read><length>98</length><match><data>\x8e\xb0\x05\xe8\x5d\x11\xbe\x05l\x05\xb0\x05\x8e\xcb\x05\xe8\x5d\x11\xbe\x05l\x05\xfb\x05\x8e\xd6\x05\x8e\x8e\x05l\x05\xb0\x05\xe6l\x05\xe8\x5d\x11\xbe\x05l\x05\x8e\x05\xe6\x8e\x05\xe8\x5d\x11\xbe\x05l\x05\xfb\x05\xe6\xe6\x05\xd6\x05l\x05\x02\x05\xe6\xfb\x05N\x05l\x05\x02\x05\xe6\x02\x05\x8el\x05l\x05\xb0\x05\xe6\xb0\x05\xe8\x5d\x11\xbe\x05l\x05\xfb\x05</data></match></read>
    <read><delim>\x05</delim><match><data>z\x7f</data></match></read>
    <read><length>2</length><match><data>\x10K</data></match></read>
    <!-- FIRE\x7c02\x7c\x7c -->
    <write><data>\x40\x09\x7e2\xfel\xe6\xfe\xfe</data></write>
    <read><delim>\x05</delim><match><data>z\x7f</data></match></read>
    <read><length>2</length><match><data>\x10K</data></match></read>
    <!-- VIEW\x7c01\x7c\x7c -->
    <write><data>f\x092\x3b\xfel\x8e\xfe\xfe</data></write>
    <read><delim>\x05</delim><match><data>z\x7f</data></match></read>
    <read><length>2</length><match><data>\x10K</data></match></read>
    <!-- CANCEL\x5fTICKET\x7c26\x7c\x7c -->
    <write><data>\xd3\x23\xe8\xd32\x89\xd2\x26\x09\xd3\x7f2\x26\xfe\xe6\xcb\xfe\xfe</data></write>
    <read><delim>\x05</delim><match><data>z\x7f</data></match></read>
    <read><length>2</length><match><data>\x10K</data></match></read>
    <!-- HIRE\x7c03\x7c\x7c -->
    <write><data>B\x09\x7e2\xfel\xfb\xfe\xfe</data></write>
    <read><delim>\x05</delim><match><data>z\x7f</data></match></read>
    <read><length>2</length><match><data>\x10K</data></match></read>
    <!-- LIST\x5fFREE\x5fSUPPORT\x7c\x7c -->
    <write><data>\x89\x09\x86\x26\xd2\x40\x7e22\xd2\x86\x12\xde\xdez\x7e\x26\xfe\xfe</data></write>
    <read><length>72</length><match><data>\x8e\xcb\x05\xe8\x5d\x11\xbe\x05l\x05\xfb\x05\x8e\xd6\x05\xe8\x5d\x11\xbe\x05l\x05\xb0\x05\xe6l\x05\xe8\x5d\x11\xbe\x05l\x05\x8e\x05\xe6\x8e\x05\xe8\x5d\x11\xbe\x05l\x05\xfb\x05\xe6\xb0\x05\xe8\x5d\x11\xbe\x05l\x05\xfb\x05\xe6\xcb\x05\xe8\x5d\x11\xbe\x05l\x05\xfb\x05</data></match></read>
    <read><delim>\x05</delim><match><data>z\x7f</data></match></read>
    <read><length>2</length><match><data>\x10K</data></match></read>
    <!-- VIEW\x7c04\x7c\x7c -->
    <write><data>f\x092\x3b\xfel\x02\xfe\xfe</data></write>
    <read><delim>\x05</delim><match><data>z\x7f</data></match></read>
    <read><length>2</length><match><data>\x10K</data></match></read>
    <!-- FIRE\x7c02\x7c\x7c -->
    <write><data>\x40\x09\x7e2\xfel\xe6\xfe\xfe</data></write>
    <read><delim>\x05</delim><match><data>z\x7f</data></match></read>
    <read><length>2</length><match><data>\x10K</data></match></read>
    <!-- LIST\x5fFREE\x5fSUPPORT\x7c\x7c -->
    <write><data>\x89\x09\x86\x26\xd2\x40\x7e22\xd2\x86\x12\xde\xdez\x7e\x26\xfe\xfe</data></write>
    <read><length>72</length><match><data>\x8e\xcb\x05\xe8\x5d\x11\xbe\x05l\x05\xfb\x05\xe6l\x05\xe8\x5d\x11\xbe\x05l\x05\x8e\x05\xe6\x8e\x05\xe8\x5d\x11\xbe\x05l\x05\xfb\x05\xe6\x02\x05\xe8\x5d\x11\xbe\x05l\x05\xb0\x05\xe6\xb0\x05\xe8\x5d\x11\xbe\x05l\x05\xfb\x05\xe6\xcb\x05\xe8\x5d\x11\xbe\x05l\x05\xfb\x05</data></match></read>
    <read><delim>\x05</delim><match><data>z\x7f</data></match></read>
    <read><length>2</length><match><data>\x10K</data></match></read>
    <!-- VSTATUS\x7c26\x7c\x7c -->
    <write><data>f\x86\x26\x23\x26\x12\x86\xfe\xe6\xcb\xfe\xfe</data></write>
    <read><delim>\x05</delim><match><data>z\x7f</data></match></read>
    <read><length>2</length><match><data>\x10K</data></match></read>
    <!-- CANCEL\x5fTICKET\x7c26\x7c\x7c -->
    <write><data>\xd3\x23\xe8\xd32\x89\xd2\x26\x09\xd3\x7f2\x26\xfe\xe6\xcb\xfe\xfe</data></write>
    <read><delim>\x05</delim><match><data>z\x7f</data></match></read>
    <read><length>2</length><match><data>\x10K</data></match></read>
    <!-- HIRE\x7c02\x7c\x7c -->
    <write><data>B\x09\x7e2\xfel\xe6\xfe\xfe</data></write>
    <read><delim>\x05</delim><match><data>z\x7f</data></match></read>
    <read><length>2</length><match><data>\x10K</data></match></read>
    <!-- VSTATUS\x7c26\x7c\x7c -->
    <write><data>f\x86\x26\x23\x26\x12\x86\xfe\xe6\xcb\xfe\xfe</data></write>
    <read><delim>\x05</delim><match><data>z\x7f</data></match></read>
    <read><length>2</length><match><data>\x10K</data></match></read>
    <!-- VSTATUS\x7c06\x7c\x7c -->
    <write><data>f\x86\x26\x23\x26\x12\x86\xfel\xcb\xfe\xfe</data></write>
    <read><delim>\x05</delim><match><data>z\x7f</data></match></read>
    <read><length>2</length><match><data>\x10K</data></match></read>
    <!-- ADD\x5fTICKET\x7cgoXvDoRXL\x7cQwoSPKNyZMGpUM\x7c04\x7c\x7c -->
    <write><data>\x23\xd4\xd4\xd2\x26\x09\xd3\x7f2\x26\xfe\xa7\x5d\x5c\x0a\xd4\x5d\x7e\x5c\x89\xfe\xe9\xf4\x5d\x86\xde\x7f\xe8\x06\xcdX\x16W\x12X\xfel\x02\xfe\xfe</data></write>
    <read><delim>\x05</delim><match><data>z\x7f</data></match></read>
    <read><length>2</length><match><data>\x10K</data></match></read>
    <!-- ADD\x5fTICKET\x7cVjLzXDjDBQp\x7culL\x7c03\x7c\x7c -->
    <write><data>\x23\xd4\xd4\xd2\x26\x09\xd3\x7f2\x26\xfef\xd1\x89\x9b\x5c\xd4\xd1\xd4F\xe9W\xfe\x93\xce\x89\xfel\xfb\xfe\xfe</data></write>
    <read><delim>\x05</delim><match><data>z\x7f</data></match></read>
    <read><length>2</length><match><data>\x10K</data></match></read>
    <!-- ADD\x5fTICKET\x7cfSp\x7cDTwDfydMs\x7c03\x7c\x7c -->
    <write><data>\x23\xd4\xd4\xd2\x26\x09\xd3\x7f2\x26\xfe\xc2\x86W\xfe\xd4\x26\xf4\xd4\xc2\x06bX\xd7\xfel\xfb\xfe\xfe</data></write>
    <read><delim>\x05</delim><match><data>z\x7f</data></match></read>
    <read><length>16</length><match><data>\x26\xa9\x92P\xbe\xbbK\x40\xa9\x11\xa9\xd7\x8f\xbeb\x05</data></match></read>
    <read><length>3</length><match><data>\x8e\xd6\x05</data></match></read>
    <read><length>4</length><match><data>\x23\x16\x86\xfc</data></match></read>
    <read><length>2</length><match><data>\x10K</data></match></read>
    <!-- VSTATUS\x7c32\x7c\x7c -->
    <write><data>f\x86\x26\x23\x26\x12\x86\xfe\xfb\xe6\xfe\xfe</data></write>
    <read><delim>\x05</delim><match><data>z\x7f</data></match></read>
    <read><length>2</length><match><data>\x10K</data></match></read>
    <!-- LIST\x5fFREE\x5fSUPPORT\x7c\x7c -->
    <write><data>\x89\x09\x86\x26\xd2\x40\x7e22\xd2\x86\x12\xde\xdez\x7e\x26\xfe\xfe</data></write>
    <read><length>72</length><match><data>\xe6l\x05\xe8\x5d\x11\xbe\x05l\x05\x8e\x05\xe6\x8e\x05\xe8\x5d\x11\xbe\x05l\x05\xfb\x05\xe6\x02\x05\xe8\x5d\x11\xbe\x05l\x05\xb0\x05\xe6\xb0\x05\xe8\x5d\x11\xbe\x05l\x05\xfb\x05\xe6\xcb\x05\xe8\x5d\x11\xbe\x05l\x05\xfb\x05\xe6\xd6\x05\xe8\x5d\x11\xbe\x05l\x05\xe6\x05</data></match></read>
    <read><delim>\x05</delim><match><data>z\x7f</data></match></read>
    <read><length>2</length><match><data>\x10K</data></match></read>
    <!-- HIRE\x7c05\x7c\x7c -->
    <write><data>B\x09\x7e2\xfel\xb0\xfe\xfe</data></write>
    <read><delim>\x05</delim><match><data>z\x7f</data></match></read>
    <read><length>2</length><match><data>\x10K</data></match></read>
    <!-- HIRE\x7c00\x7c\x7c -->
    <write><data>B\x09\x7e2\xfell\xfe\xfe</data></write>
    <read><delim>\x05</delim><match><data>z\x7f</data></match></read>
    <read><length>2</length><match><data>\x10K</data></match></read>
    <!-- LIST\x5fFREE\x5fSUPPORT\x7c\x7c -->
    <write><data>\x89\x09\x86\x26\xd2\x40\x7e22\xd2\x86\x12\xde\xdez\x7e\x26\xfe\xfe</data></write>
    <read><length>84</length><match><data>\x8e\xb0\x05\xe8\x5d\x11\xbe\x05l\x05\xb0\x05\x8e\xcb\x05\xe8\x5d\x11\xbe\x05l\x05\xfb\x05\xe6l\x05\xe8\x5d\x11\xbe\x05l\x05\x8e\x05\xe6\x8e\x05\xe8\x5d\x11\xbe\x05l\x05\xfb\x05\xe6\xe6\x05\xe8\x5d\x11\xbe\x05l\x05\x02\x05\xe6\xcb\x05\xe8\x5d\x11\xbe\x05l\x05\xfb\x05\xe6\xd6\x05\xe8\x5d\x11\xbe\x05l\x05\xe6\x05</data></match></read>
    <read><delim>\x05</delim><match><data>z\x7f</data></match></read>
    <read><length>2</length><match><data>\x10K</data></match></read>
    <!-- ADD\x5fTICKET\x7cADBEVnwfdkB\x7cHmxBN\x7c04\x7c\x7c -->
    <write><data>\x23\xd4\xd4\xd2\x26\x09\xd3\x7f2\x26\xfe\x23\xd4F2f\x11\xf4\xc2bPF\xfeBv\xfcF\xe8\xfel\x02\xfe\xfe</data></write>
    <read><delim>\x05</delim><match><data>z\x7f</data></match></read>
    <read><length>2</length><match><data>\x10K</data></match></read>
    <!-- FIRE\x7c05\x7c\x7c -->
    <write><data>\x40\x09\x7e2\xfel\xb0\xfe\xfe</data></write>
    <read><delim>\x05</delim><match><data>z\x7f</data></match></read>
    <read><length>2</length><match><data>\x10K</data></match></read>
    <!-- HIRE\x7c03\x7c\x7c -->
    <write><data>B\x09\x7e2\xfel\xfb\xfe\xfe</data></write>
    <read><delim>\x05</delim><match><data>z\x7f</data></match></read>
    <read><length>2</length><match><data>\x10K</data></match></read>
    <!-- ADD\x5fTICKET\x7cQUbiCGG\x7cQgpO\x7c02\x7c\x7c -->
    <write><data>\x23\xd4\xd4\xd2\x26\x09\xd3\x7f2\x26\xfe\xe9\x12\xb7\xa9\xd3\x16\x16\xfe\xe9\xa7Wz\xfel\xe6\xfe\xfe</data></write>
    <read><delim>\x05</delim><match><data>z\x7f</data></match></read>
    <read><length>2</length><match><data>\x10K</data></match></read>
    <!-- HIRE\x7c04\x7c\x7c -->
    <write><data>B\x09\x7e2\xfel\x02\xfe\xfe</data></write>
    <read><delim>\x05</delim><match><data>z\x7f</data></match></read>
    <read><length>2</length><match><data>\x10K</data></match></read>
    <!-- HIRE\x7c01\x7c\x7c -->
    <write><data>B\x09\x7e2\xfel\x8e\xfe\xfe</data></write>
    <read><delim>\x05</delim><match><data>z\x7f</data></match></read>
    <read><length>2</length><match><data>\x10K</data></match></read>
    <!-- ADD\x5fTICKET\x7chPcflpqgovI\x7cyxUWnSTaisezphD\x7c04\x7c\x7c -->
    <write><data>\x23\xd4\xd4\xd2\x26\x09\xd3\x7f2\x26\xfe\x8f\xde\x92\xc2\xceW\xa0\xa7\x5d\x0a\x09\xfe\x06\xfc\x12\x3b\x11\x86\x26\x1a\xa9\xd7\xbe\x9bW\x8f\xd4\xfel\x02\xfe\xfe</data></write>
    <read><delim>\x05</delim><match><data>z\x7f</data></match></read>
    <read><length>2</length><match><data>\x10K</data></match></read>
    <!-- ADD\x5fTICKET\x7cLqPCTewSWM\x7caLiZQb\x7c04\x7c\x7c -->
    <write><data>\x23\xd4\xd4\xd2\x26\x09\xd3\x7f2\x26\xfe\x89\xa0\xde\xd3\x26\xbe\xf4\x86\x3bX\xfe\x1a\x89\xa9\xcd\xe9\xb7\xfel\x02\xfe\xfe</data></write>
    <read><delim>\x05</delim><match><data>z\x7f</data></match></read>
    <read><length>2</length><match><data>\x10K</data></match></read>
    <!-- CANCEL\x5fTICKET\x7c40\x7c\x7c -->
    <write><data>\xd3\x23\xe8\xd32\x89\xd2\x26\x09\xd3\x7f2\x26\xfe\x02l\xfe\xfe</data></write>
    <read><delim>\x05</delim><match><data>z\x7f</data></match></read>
    <read><length>2</length><match><data>\x10K</data></match></read>
    <!-- VSTATUS\x7c40\x7c\x7c -->
    <write><data>f\x86\x26\x23\x26\x12\x86\xfe\x02l\xfe\xfe</data></write>
    <read><delim>\x05</delim><match><data>z\x7f</data></match></read>
    <read><length>2</length><match><data>\x10K</data></match></read>
    <!-- LIST\x5fSUPPORT\x7c\x7c -->
    <write><data>\x89\x09\x86\x26\xd2\x86\x12\xde\xdez\x7e\x26\xfe\xfe</data></write>
    <read><length>154</length><match><data>\x8e\xcb\x05\xe8\x5d\x11\xbe\x05l\x05\xfb\x05\x8e\xd6\x05\x8e\x8e\x05l\x05\xb0\x05\xe6l\x05\xe8\x5d\x11\xbe\x05l\x05\x8e\x05\xe6\x8e\x05\xe8\x5d\x11\xbe\x05l\x05\xfb\x05\xe6\xe6\x05\xd6\x05l\x05\x02\x05\xe6\xfb\x05\x8e\xcb\x05l\x05\x02\x05\xe6\x02\x05N\x05l\x05\xb0\x05\xe6\xb0\x05\xe8\x5d\x11\xbe\x05l\x05\xfb\x05\xe6\xcb\x05\xe8\x5d\x11\xbe\x05l\x05\xfb\x05\xe6\xd6\x05\xe8\x5d\x11\xbe\x05l\x05\xe6\x05\xe6\xc6\x05\x8e\xc6\x05l\x05\xb0\x05\xe6N\x05\xe8\x5d\x11\xbe\x05l\x05\xfb\x05\xfbl\x05\x8eN\x05l\x05\x02\x05\xfb\x8e\x05\xe8\x5d\x11\xbe\x05l\x05\x8e\x05</data></match></read>
    <read><delim>\x05</delim><match><data>z\x7f</data></match></read>
    <read><length>2</length><match><data>\x10K</data></match></read>
    <!-- LIST\x5fSUPPORT\x7c\x7c -->
    <write><data>\x89\x09\x86\x26\xd2\x86\x12\xde\xdez\x7e\x26\xfe\xfe</data></write>
    <read><length>158</length><match><data>\x8e\xcb\x05\xe8\x5d\x11\xbe\x05l\x05\xfb\x05\x8e\xd6\x05\x8e\x8e\x05l\x05\xb0\x05\xe6l\x05\xe8\x5d\x11\xbe\x05l\x05\x8e\x05\xe6\x8e\x05\xe8\x5d\x11\xbe\x05l\x05\xfb\x05\xe6\xe6\x05\xd6\x05l\x05\x02\x05\xe6\xfb\x05\xe8\x5d\x11\xbe\x05l\x05\x02\x05\xe6\x02\x05N\x05l\x05\xb0\x05\xe6\xb0\x05\xe8\x5d\x11\xbe\x05l\x05\xfb\x05\xe6\xcb\x05\xe8\x5d\x11\xbe\x05l\x05\xfb\x05\xe6\xd6\x05\xe8\x5d\x11\xbe\x05l\x05\xe6\x05\xe6\xc6\x05\x8e\xc6\x05l\x05\xb0\x05\xe6N\x05\xe8\x5d\x11\xbe\x05l\x05\xfb\x05\xfbl\x05\xe8\x5d\x11\xbe\x05l\x05\x02\x05\xfb\x8e\x05\xe8\x5d\x11\xbe\x05l\x05\x8e\x05</data></match></read>
    <read><delim>\x05</delim><match><data>z\x7f</data></match></read>
    <read><length>2</length><match><data>\x10K</data></match></read>
    <!-- LIST\x5fSUPPORT\x7c\x7c -->
    <write><data>\x89\x09\x86\x26\xd2\x86\x12\xde\xdez\x7e\x26\xfe\xfe</data></write>
    <read><length>154</length><match><data>\x8e\xcb\x05\xe8\x5d\x11\xbe\x05l\x05\xfb\x05\x8e\xd6\x05\x8e\x8e\x05l\x05\xb0\x05\xe6l\x05\xe8\x5d\x11\xbe\x05l\x05\x8e\x05\xe6\x8e\x05\xe8\x5d\x11\xbe\x05l\x05\xfb\x05\xe6\xe6\x05\xd6\x05l\x05\x02\x05\xe6\xfb\x05\x8eN\x05l\x05\x02\x05\xe6\x02\x05N\x05l\x05\xb0\x05\xe6\xb0\x05\xe8\x5d\x11\xbe\x05l\x05\xfb\x05\xe6\xcb\x05\xe8\x5d\x11\xbe\x05l\x05\xfb\x05\xe6\xd6\x05\xe8\x5d\x11\xbe\x05l\x05\xe6\x05\xe6\xc6\x05\x8e\xc6\x05l\x05\xb0\x05\xe6N\x05\xe8\x5d\x11\xbe\x05l\x05\xfb\x05\xfbl\x05\x8e\xcb\x05l\x05\x02\x05\xfb\x8e\x05\xe8\x5d\x11\xbe\x05l\x05\x8e\x05</data></match></read>
    <read><delim>\x05</delim><match><data>z\x7f</data></match></read>
    <read><length>2</length><match><data>\x10K</data></match></read>
    <!-- VSTATUS\x7c40\x7c\x7c -->
    <write><data>f\x86\x26\x23\x26\x12\x86\xfe\x02l\xfe\xfe</data></write>
    <read><delim>\x05</delim><match><data>z\x7f</data></match></read>
    <read><length>2</length><match><data>\x10K</data></match></read>
    <!-- CANCEL\x5fTICKET\x7c40\x7c\x7c -->
    <write><data>\xd3\x23\xe8\xd32\x89\xd2\x26\x09\xd3\x7f2\x26\xfe\x02l\xfe\xfe</data></write>
    <read><delim>\x05</delim><match><data>z\x7f</data></match></read>
    <read><length>2</length><match><data>\x10K</data></match></read>
    <!-- VIEW\x7c01\x7c\x7c -->
    <write><data>f\x092\x3b\xfel\x8e\xfe\xfe</data></write>
    <read><length>106</length><match><data>\xd6\x05\xe9\x40\xd1B\x7ev\x052f\xc2\x1a\x05\x8e\x05\x02\x05\x8e\x8eN\x05\x8e\xfb\x05\x8e\xfb\x05\xa7\x5d\x5c\x0a\xd4\x5d\x7e\x5c\x89\x05\xe9\xf4\x5d\x86\xde\x7f\xe8\x06\xcdX\x16W\x12X\x05\x8e\x05\x02\x05\x8eN\xc6\x05\xe6\xcb\x05\x8e\xc6\x05\x8f\xde\x92\xc2\xceW\xa0\xa7\x5d\x0a\x09\x05\x06\xfc\x12\x3b\x11\x86\x26\x1a\xa9\xd7\xbe\x9bW\x8f\xd4\x05\x8e\x05\x02\x05\xe6\x8e\xd6\x05\x02N\x05</data></match></read>
    <read><delim>\x05</delim><match><data>z\x7f</data></match></read>
    <read><length>2</length><match><data>\x10K</data></match></read>
    <!-- LIST\x5fFREE\x5fSUPPORT\x7c\x7c -->
    <write><data>\x89\x09\x86\x26\xd2\x40\x7e22\xd2\x86\x12\xde\xdez\x7e\x26\xfe\xfe</data></write>
    <read><length>120</length><match><data>\x8e\xcb\x05\xe8\x5d\x11\xbe\x05l\x05\xfb\x05\x8e\xd6\x05\xe8\x5d\x11\xbe\x05l\x05\xb0\x05\xe6l\x05\xe8\x5d\x11\xbe\x05l\x05\x8e\x05\xe6\x8e\x05\xe8\x5d\x11\xbe\x05l\x05\xfb\x05\xe6\xe6\x05\xe8\x5d\x11\xbe\x05l\x05\x02\x05\xe6\xb0\x05\xe8\x5d\x11\xbe\x05l\x05\xfb\x05\xe6\xcb\x05\xe8\x5d\x11\xbe\x05l\x05\xfb\x05\xe6\xd6\x05\xe8\x5d\x11\xbe\x05l\x05\xe6\x05\xe6N\x05\xe8\x5d\x11\xbe\x05l\x05\xfb\x05\xfb\x8e\x05\xe8\x5d\x11\xbe\x05l\x05\x8e\x05</data></match></read>
    <read><delim>\x05</delim><match><data>z\x7f</data></match></read>
    <read><length>2</length><match><data>\x10K</data></match></read>
    <!-- HIRE\x7c01\x7c\x7c -->
    <write><data>B\x09\x7e2\xfel\x8e\xfe\xfe</data></write>
    <read><delim>\x05</delim><match><data>z\x7f</data></match></read>
    <read><length>2</length><match><data>\x10K</data></match></read>
    <!-- ADD\x5fTICKET\x7cQKgsDsWCzZ\x7cGmWmn\x7c03\x7c\x7c -->
    <write><data>\x23\xd4\xd4\xd2\x26\x09\xd3\x7f2\x26\xfe\xe9\x7f\xa7\xd7\xd4\xd7\x3b\xd3\x9b\xcd\xfe\x16v\x3bv\x11\xfel\xfb\xfe\xfe</data></write>
    <read><delim>\x05</delim><match><data>z\x7f</data></match></read>
    <read><length>2</length><match><data>\x10K</data></match></read>
    <!-- VIEW\x7c04\x7c\x7c -->
    <write><data>f\x092\x3b\xfel\x02\xfe\xfe</data></write>
    <read><delim>\x05</delim><match><data>z\x7f</data></match></read>
    <read><length>2</length><match><data>\x10K</data></match></read>
    <!-- HIRE\x7c04\x7c\x7c -->
    <write><data>B\x09\x7e2\xfel\x02\xfe\xfe</data></write>
    <read><delim>\x05</delim><match><data>z\x7f</data></match></read>
    <read><length>2</length><match><data>\x10K</data></match></read>
    <!-- CANCEL\x5fTICKET\x7c42\x7c\x7c -->
    <write><data>\xd3\x23\xe8\xd32\x89\xd2\x26\x09\xd3\x7f2\x26\xfe\x02\xe6\xfe\xfe</data></write>
    <read><delim>\x05</delim><match><data>z\x7f</data></match></read>
    <read><length>2</length><match><data>\x10K</data></match></read>
    <!-- ADD\x5fTICKET\x7cmeoPONzVwcwQmBI\x7ctvNVycoGwpJ\x7c04\x7c\x7c -->
    <write><data>\x23\xd4\xd4\xd2\x26\x09\xd3\x7f2\x26\xfev\xbe\x5d\xdez\xe8\x9bf\xf4\x92\xf4\xe9vF\x09\xfe\xbb\x0a\xe8f\x06\x92\x5d\x16\xf4W\x18\xfel\x02\xfe\xfe</data></write>
    <read><delim>\x05</delim><match><data>z\x7f</data></match></read>
    <read><length>2</length><match><data>\x10K</data></match></read>
    <!-- FIRE\x7c00\x7c\x7c -->
    <write><data>\x40\x09\x7e2\xfell\xfe\xfe</data></write>
    <read><delim>\x05</delim><match><data>z\x7f</data></match></read>
    <read><length>2</length><match><data>\x10K</data></match></read>
    <!-- CANCEL\x5fTICKET\x7c44\x7c\x7c -->
    <write><data>\xd3\x23\xe8\xd32\x89\xd2\x26\x09\xd3\x7f2\x26\xfe\x02\x02\xfe\xfe</data></write>
    <read><delim>\x05</delim><match><data>z\x7f</data></match></read>
    <read><length>2</length><match><data>\x10K</data></match></read>
    <!-- CANCEL\x5fTICKET\x7c44\x7c\x7c -->
    <write><data>\xd3\x23\xe8\xd32\x89\xd2\x26\x09\xd3\x7f2\x26\xfe\x02\x02\xfe\xfe</data></write>
    <read><delim>\x05</delim><match><data>z\x7f</data></match></read>
    <read><length>2</length><match><data>\x10K</data></match></read>
    <!-- CANCEL\x5fTICKET\x7c44\x7c\x7c -->
    <write><data>\xd3\x23\xe8\xd32\x89\xd2\x26\x09\xd3\x7f2\x26\xfe\x02\x02\xfe\xfe</data></write>
    <read><delim>\x05</delim><match><data>z\x7f</data></match></read>
    <read><length>2</length><match><data>\x10K</data></match></read>
    <!-- VIEW\x7c03\x7c\x7c -->
    <write><data>f\x092\x3b\xfel\xfb\xfe\xfe</data></write>
    <read><delim>\x05</delim><match><data>z\x7f</data></match></read>
    <read><length>2</length><match><data>\x10K</data></match></read>
    <!-- FIRE\x7c03\x7c\x7c -->
    <write><data>\x40\x09\x7e2\xfel\xfb\xfe\xfe</data></write>
    <read><delim>\x05</delim><match><data>z\x7f</data></match></read>
    <read><length>2</length><match><data>\x10K</data></match></read>
    <!-- ADD\x5fTICKET\x7citr\x7cctbpitCoaUsNdaI\x7c01\x7c\x7c -->
    <write><data>\x23\xd4\xd4\xd2\x26\x09\xd3\x7f2\x26\xfe\xa9\xbb\x9a\xfe\x92\xbb\xb7W\xa9\xbb\xd3\x5d\x1a\x12\xd7\xe8b\x1a\x09\xfel\x8e\xfe\xfe</data></write>
    <read><delim>\x05</delim><match><data>z\x7f</data></match></read>
    <read><length>2</length><match><data>\x10K</data></match></read>
    <!-- FIRE\x7c04\x7c\x7c -->
    <write><data>\x40\x09\x7e2\xfel\x02\xfe\xfe</data></write>
    <read><delim>\x05</delim><match><data>z\x7f</data></match></read>
    <read><length>2</length><match><data>\x10K</data></match></read>
    <!-- FIRE\x7c04\x7c\x7c -->
    <write><data>\x40\x09\x7e2\xfel\x02\xfe\xfe</data></write>
    <read><delim>\x05</delim><match><data>z\x7f</data></match></read>
    <read><length>2</length><match><data>\x10K</data></match></read>
    <!-- VSTATUS\x7c46\x7c\x7c -->
    <write><data>f\x86\x26\x23\x26\x12\x86\xfe\x02\xcb\xfe\xfe</data></write>
    <read><delim>\x05</delim><match><data>z\x7f</data></match></read>
    <read><length>2</length><match><data>\x10K</data></match></read>
    <!-- VIEW\x7c02\x7c\x7c -->
    <write><data>f\x092\x3b\xfel\xe6\xfe\xfe</data></write>
    <read><length>103</length><match><data>\x8e\xcb\x05\x23\xd4F2f\x11\xf4\xc2bPF\x05Bv\xfcF\xe8\x05\xe6\x05\x02\x05\xe6lN\x05\x8e\xb0\x05N\x05\x5c\xd4\x1a\x3b\x89\xa9\x8f\x8f\x1a\x18\xbbbB\x40\xa9\x05\xcd\x11\x05\xe6\x05\x02\x05\x8e\x02\x02\x05\xe6\xfb\x05\x8e\xfb\x05\xa7\x5d\x5c\x0a\xd4\x5d\x7e\x5c\x89\x05\xe9\xf4\x5d\x86\xde\x7f\xe8\x06\xcdX\x16W\x12X\x05\xe6\x05\x02\x05\x8eN\xc6\x05\x8el\x05</data></match></read>
    <read><delim>\x05</delim><match><data>z\x7f</data></match></read>
    <read><length>2</length><match><data>\x10K</data></match></read>
    <!-- FIRE\x7c02\x7c\x7c -->
    <write><data>\x40\x09\x7e2\xfel\xe6\xfe\xfe</data></write>
    <read><delim>\x05</delim><match><data>z\x7f</data></match></read>
    <read><length>2</length><match><data>\x10K</data></match></read>
    <!-- LIST\x5fFREE\x5fSUPPORT\x7c\x7c -->
    <write><data>\x89\x09\x86\x26\xd2\x40\x7e22\xd2\x86\x12\xde\xdez\x7e\x26\xfe\xfe</data></write>
    <read><length>84</length><match><data>\xe6l\x05\xe8\x5d\x11\xbe\x05l\x05\x8e\x05\xe6\x8e\x05\xe8\x5d\x11\xbe\x05l\x05\xfb\x05\xe6\xb0\x05\xe8\x5d\x11\xbe\x05l\x05\xfb\x05\xe6\xcb\x05\xe8\x5d\x11\xbe\x05l\x05\xfb\x05\xe6N\x05\xe8\x5d\x11\xbe\x05l\x05\xfb\x05\xfb\x8e\x05\xe8\x5d\x11\xbe\x05l\x05\x8e\x05\xfb\xe6\x05\xe8\x5d\x11\xbe\x05l\x05\x8e\x05</data></match></read>
    <read><delim>\x05</delim><match><data>z\x7f</data></match></read>
    <read><length>2</length><match><data>\x10K</data></match></read>
    <!-- QUIT\x7c\x7c -->
    <write><data>\xe9\x12\x09\x26\xfe\xfe</data></write>
    <read><delim>\x05</delim><match><data>\x262\x7eX\x09\xe8\x23\x26\x09\xe8\x16K\x262\x7e\x7e\x09F\x892K\x26\x09\xd3\x7f2\x26K\x26\x7e\x23\xd3\x7f2\x7e</data></match></read>
</replay>
</pov>