<?xml version="1.0" standalone="no" ?>
<!DOCTYPE pov SYSTEM "/usr/share/cgc-docs/replay.dtd">
<pov>
<cbid>service</cbid>
<seed>39d462abdd15014a08eada8e6ea7fd32a3a17028c7de4e717d893e8b8ffa834f362e1f8b1259f4c58ef74cb9ecef62e3</seed>
<replay>
    <read><length>2</length><match><data>\x02\x00</data></match></read>
    <write><data>\x04\x00\x00\x00</data></write>
    <write><data>\x7f\xc0j\xc6</data></write>
    <write><data>\x08\xb2\xb3\x7c\xe7\xc7\x29\xcd</data></write>
    <write><data>\x7f\xc0j\xc6</data></write>
    <write><data>1\xc8\x3b\xdf\xf1\x11\xb7\xfa</data></write>
    <write><data>\xe4\x5c\x3c\x90</data></write>
    <write><data>\xb5\x7dq\x93\x7dZ\x15\xe0</data></write>
    <write><data>\x00\x60\xd2?</data></write>
    <write><data>z\x05\xc2\xc8\x60\xc9\xc9\x23</data></write>
    <write><data>\xad\xa85\xb6</data></write>
    <write><data>\x1c\x00\x00\x00</data></write>
    <write><data>\x95Dj\x9bK?\xef\xcfA\xf6\xfd\x5f\x00\x00\x00\x00\x10\x8b\xf7\xa2\xba\xba\xcc\x89\x7fZ\x7e\x5b\x00\x00\x00\x00\x95Dj\x9b2s\xbe\xfc\xaa\xf4\x0dZ\x00\x00\x00\x00\x95Dj\x9b\x9b\x04\xf0\xeaId\x92\x5f\x00\x00\x00\x00\x95Dj\x9b\x81\xa5\xf8tLYJ\xe0\x00\x00\x00\x00\x10\x8b\xf7\xa2\x8cY4\xd774\x13\xfd\x00\x00\x00\x00\x10\x8b\xf7\xa2\x986\xa0\x8b\xacS\x0e\xa4\x00\x00\x00\x00\x19\x1d\xfdE\xec\xfa\xcc\xe6\x02t\x24\xd8\x00\x00\x00\x00\x10\x8b\xf7\xa2\x07\x80\xd9\x23\xdc\xd8\x05\x7b\x00\x00\x00\x00\x95Dj\x9bc\x94\xb9\x82\x00\xac\x15\x85\x00\x00\x00\x00\x19\x1d\xfdE\x26\x8f\x80\x92r\x84\x7f\x2a\x00\x00\x00\x00\x95Dj\x9b\xac\x98I\xd7\xa6\x3e\xb7\x97\x00\x00\x00\x00\x19\x1d\xfdE\xf5\x2d\x5dYXr\x27\xab\x00\x00\x00\x00\x19\x1d\xfdE\x22\x14v\xa8\xc6\xda\x173\x00\x00\x00\x00\x19\x1d\xfdE\x0d\x1fZ\x92J\x3c\x3d\x14\x00\x00\x00\x00\x95Dj\x9b!\x8a!\xc2\x60\x1a\x7e\xc9\x00\x00\x00\x00\x19\x1d\xfdE\xd8\xc0\xca\xac\x8f\xbc\xb1\x0a\x00\x00\x00\x00\x10\x8b\xf7\xa2\xdb\xd4\xd0M1\xcd\x29\x93\x00\x00\x00\x00\x95Dj\x9b\xe9zf\x24H9\x16\xe3\x00\x00\x00\x00\x19\x1d\xfdE\x2d\xba\xf4Tn?\x1d2\x00\x00\x00\x00\x95Dj\x9b\x04\x1b\x9d\x93\x8a\xd13\x25\x00\x00\x00\x00\x10\x8b\xf7\xa2\xd28A\x9e\xafY\x2d\xce\x00\x00\x00\x00\x10\x8b\xf7\xa2\xad\x9a\xa6\x01\xf9U\x11\x80\x00\x00\x00\x00\x10\x8b\xf7\xa2\xaf\x1e\x04\xbc\xdd\xc3\xebc\x00\x00\x00\x00\x95Dj\x9b\xd9\x7c\x2fo\x17g\xa3n\x00\x00\x00\x00\x10\x8b\xf7\xa2\x80\x8b\xc5\x00\x24\xbb\x7c2\x00\x00\x00\x00\x10\x8b\xf7\xa2v5IS\xb1\x96\x1e\xb4\x00\x00\x00\x00\x95Dj\x9b\xb9\x0c\x25\xd7\xbd\x91\xd8\xa7\x00\x00\x00\x00</data></write>
    <write><data>\xad\xa85\xb6</data></write>
    <write><data>\x0b\x00\x00\x00</data></write>
    <write><data>\x95Dj\x9b\x9a\xdc\x5b\x88\x1cr\xdf\xb6\x00\x00\x00\x00\x19\x1d\xfdEE\x1e\x27\x8a\xb0\xa2N1\x00\x00\x00\x00\x10\x8b\xf7\xa2\x9e\x0f\xa0X\x23J\x5f\x1f\x00\x00\x00\x00\x10\x8b\xf7\xa2\x9a\x23\xf9\x01\xdb\xf1\x3c\x22\x00\x00\x00\x00\x95Dj\x9b\xb2F\x27\xa4M2Y\xac\x00\x00\x00\x00\x10\x8b\xf7\xa2\x9dK\x8e\xf0\xd9?\x8c\xa3\x00\x00\x00\x00\x19\x1d\xfdEV\xb4\xab?\xe7r\x95M\x00\x00\x00\x00\x10\x8b\xf7\xa2a7\x10\xfc\x11\x2c\x3d\xd0\x00\x00\x00\x00\x95Dj\x9b\xf5\xc3\xcb\xfa\x98\xa3X\x1d\x00\x00\x00\x00\x10\x8b\xf7\xa2\x05\x24P\x2d3K\xa4\xe7\x00\x00\x00\x00\x10\x8b\xf7\xa2aX\xa0\xdcg\xf2Y\x80\x00\x00\x00\x00</data></write>
    <write><data>\xe4\x5c\x3c\x90</data></write>
    <read><length>4</length><match><data>\xff\xff\xff\xab</data></match></read>
    <write><data>\xad\xa85\xb6</data></write>
    <write><data>\x08\x00\x00\x00</data></write>
    <write><data>\x10\x8b\xf7\xa2\xe4j\xe3\xc2k\xf5\x2c\x2b\x00\x00\x00\x00\x95Dj\x9b\x88\xc2\x7f\xfdW\xe9\x13\xeb\x00\x00\x00\x00\x95Dj\x9b\xe5\x7bz\x29\x0el\xdc\x98\x00\x00\x00\x00\x10\x8b\xf7\xa2\x3c\xc7e\x8el\xe0N\xdb\x00\x00\x00\x00\x95Dj\x9bk\x02\x95\x04\x12MF\x7f\x00\x00\x00\x00\x95Dj\x9bo\x0d\xe6\xb9\xdd\x27\xaf\xac\x00\x00\x00\x00\x10\x8b\xf7\xa2\x8f\x9f\x1dE\xba\x2c\xd6\xab\x00\x00\x00\x00\x19\x1d\xfdE\x3b\x60 \xf0\xb3\x292\xaa\x00\x00\x00\x00</data></write>
    <write><data>\xb4\x3c\x5c\x28</data></write>
    <read><length>530</length><match><data>\x0aSlot \x2301\x0aA: \x2d1025283356\x2c B: 724366699\x0aResult of A \x2a B: \x2d980819634\x0aSlot \x2302\x0aA: \x2d41958776\x2c B: \x2d351016617\x0aResult of A \x2d B: 309057843\x0aSlot \x2303\x0aA: 695892965\x2c B: \x2d1730384882\x0aResult of A \x2d B: \x2d1868689447\x0aSlot \x2304\x0aA: \x2d1905932484\x2c B: \x2d615587732\x0aResult of A \x2a B: 697077074\x0aSlot \x2305\x0aA: 76874347\x2c B: 2135313682\x0aResult of A \x2d B: \x2d2058439333\x0aSlot \x2306\x0aA: \x2d1176105617\x2c B: \x2d1397807139\x0aResult of A \x2d B: 221701524\x0aSlot \x2307\x0aA: 1159569295\x2c B: \x2d1412027206\x0aResult of A \x2a B: 897352168\x0aSlot \x2308\x0aA: \x2d266313669\x2c B: \x2d1439553101\x0aResult of A \x2b B: \x2d1705866768\x0a</data></match></read>
    <write><data>\xe4\x5c\x3c\x90</data></write>
    <read><length>4</length><match><data>\xff\xff\xff\xab</data></match></read>
    <write><data>\xb4\x3c\x5c\x28</data></write>
    <read><length>530</length><match><data>\x0aSlot \x2301\x0aA: \x2d1025283356\x2c B: 724366699\x0aResult of A \x2a B: \x2d980819634\x0aSlot \x2302\x0aA: \x2d41958776\x2c B: \x2d351016617\x0aResult of A \x2d B: 309057843\x0aSlot \x2303\x0aA: 695892965\x2c B: \x2d1730384882\x0aResult of A \x2d B: \x2d1868689447\x0aSlot \x2304\x0aA: \x2d1905932484\x2c B: \x2d615587732\x0aResult of A \x2a B: 697077074\x0aSlot \x2305\x0aA: 76874347\x2c B: 2135313682\x0aResult of A \x2d B: \x2d2058439333\x0aSlot \x2306\x0aA: \x2d1176105617\x2c B: \x2d1397807139\x0aResult of A \x2d B: 221701524\x0aSlot \x2307\x0aA: 1159569295\x2c B: \x2d1412027206\x0aResult of A \x2a B: 897352168\x0aSlot \x2308\x0aA: \x2d266313669\x2c B: \x2d1439553101\x0aResult of A \x2b B: \x2d1705866768\x0a</data></match></read>
    <write><data>\xad\xa85\xb6</data></write>
    <write><data>\x0d\x00\x00\x00</data></write>
    <write><data>\x95Dj\x9b\x40\x947L\xb3CgO\x00\x00\x00\x00\x95Dj\x9b\xc3\x09\xb4\xbf\x93\x5d\x18A\x00\x00\x00\x00\x19\x1d\xfdE2\x1b\x04\xdf\x3e\x9e\x87\x9f\x00\x00\x00\x00\x10\x8b\xf7\xa2\xcc\xaei\xe7\x97L\x7c\x0c\x00\x00\x00\x00\x19\x1d\xfdE\x1a\x26\xf3\xc5f\x7b\x0c\xde\x00\x00\x00\x00\x19\x1d\xfdE\xb4\xc2\xe9\xe9\x18A4\x0c\x00\x00\x00\x00\x10\x8b\xf7\xa2c\x12\xaa\xff\xff\xbcTl\x00\x00\x00\x00\x95Dj\x9b\x91\x03\x0c\x7eg\xaf\xdbE\x00\x00\x00\x00\x10\x8b\xf7\xa2L\xb4\x5e\xfd\xdc\xc1\x8c\xa9\x00\x00\x00\x00\x95Dj\x9b\x96\xe5\x91\xe8\x08g\xcdt\x00\x00\x00\x00\x10\x8b\xf7\xa2\x8e6\x11\xa1\x29i\xea\x85\x00\x00\x00\x00\x10\x8b\xf7\xa2?\xfb\x90\xb0e\xdf\xf7?\x00\x00\x00\x00\x19\x1d\xfdE\x25\xcd\x9c\x9dD\x2f\x26\xcd\x00\x00\x00\x00</data></write>
    <write><data>\x00\x60\xd2?</data></write>
    <read><length>4</length><match><data>\xff\xff\xff\xab</data></match></read>
    <write><data>\xad\xa85\xb6</data></write>
    <write><data>\x0a\x00\x00\x00</data></write>
    <write><data>\x10\x8b\xf7\xa2\xb6T\xb4G\x40\xc6\xc0\x88\x00\x00\x00\x00\x10\x8b\xf7\xa2\xa1\xe3\x0d\x9d\xaf\xed.\xbe\x00\x00\x00\x00\x19\x1d\xfdE\x95\xdf\x80\x1bz\x82\xd5\xf7\x00\x00\x00\x00\x95Dj\x9b\x1f\x8a\xa8\xc0\xda\x8e\xc5\xf8\x00\x00\x00\x00\x95Dj\x9bg\x95\xba\xa5\xe7\x1eRc\x00\x00\x00\x00\x10\x8b\xf7\xa2Y\xceZ\xf6\x83p\x8b.\x00\x00\x00\x00\x19\x1d\xfdE\x40\xa9\x3c\xce\xfd\xed\xc1\x99\x00\x00\x00\x00\x95Dj\x9b\x3b\x15V\x18v\xf8\x16\xf0\x00\x00\x00\x00\x10\x8b\xf7\xa2\x04\xdft\xb4\xc0\xa8AK\x00\x00\x00\x00\x10\x8b\xf7\xa2\xa4b\x0fs\x9fS\x85\xc6\x00\x00\x00\x00</data></write>
    <write><data>\x7f\xc0j\xc6</data></write>
    <read><length>4</length><match><data>\xff\xff\xff\xab</data></match></read>
    <write><data>\xb4\x3c\x5c\x28</data></write>
    <read><length>666</length><match><data>\x0aSlot \x2301\x0aA: 1203000502\x2c B: \x2d2000632256\x0aResult of A \x2a B: \x2d1625689726\x0aSlot \x2302\x0aA: \x2d1660034143\x2c B: \x2d1104220753\x0aResult of A \x2a B: \x2d1658279919\x0aSlot \x2303\x0aA: 461430677\x2c B: \x2d137002374\x0aResult of A \x2b B: 324428305\x0aSlot \x2304\x0aA: \x2d1062696417\x2c B: \x2d121270566\x0aResult of A \x2d B: \x2d941425849\x0aSlot \x2305\x0aA: \x2d1514498713\x2c B: 1666326247\x0aResult of A \x2d B: 1114142338\x0aSlot \x2306\x0aA: \x2d161821095\x2c B: 780890243\x0aResult of A \x2a B: \x2d753825907\x0aSlot \x2307\x0aA: \x2d834885312\x2c B: \x2d1715343875\x0aResult of A \x2b B: 1744738111\x0aSlot \x2308\x0aA: 408294715\x2c B: \x2d266930058\x0aResult of A \x2d B: 675224775\x0aSlot \x2309\x0aA: \x2d1267409148\x2c B: 1262594240\x0aResult of A \x2a B: \x2d704257278\x0aSlot \x2310\x0aA: 1930388132\x2c B: \x2d964340833\x0aResult of A \x2a B: \x2d1967296546\x0a</data></match></read>
    <write><data>\xad\xa85\xb6</data></write>
    <write><data>\x19\x00\x00\x00</data></write>
    <write><data>\x10\x8b\xf7\xa2f\xb3\xe8\xe7i\xa9Gm\x00\x00\x00\x00\x95Dj\x9b\x8d\x15O2\xbcu\xden\x00\x00\x00\x00\x19\x1d\xfdEC\x2f\x17\x60\xc8v\x81k\x00\x00\x00\x00\x19\x1d\xfdE3\x7bQ\x9c\x87\x93\x8c\x00\x00\x00\x00\x00\x19\x1d\xfdE\xea\x25\xc9\xf0\xbf\x86v\x94\x00\x00\x00\x00\x95Dj\x9bq\xdaIZ\x96\xc5\x2c\xe7\x00\x00\x00\x00\x19\x1d\xfdEO5\xfd\x7f\xe7\xf6K\x09\x00\x00\x00\x00\x10\x8b\xf7\xa2\x0aO\xcf\xd8T\x9b\xfa\x01\x00\x00\x00\x00\x95Dj\x9b\xb9U\xcb\xcbr\x97G\xa5\x00\x00\x00\x00\x95Dj\x9b\xf8Q\x88pI\xc3V\xf6\x00\x00\x00\x00\x19\x1d\xfdE\x1cf\x07\x3c\x92\x83\xd2\x40\x00\x00\x00\x00\x19\x1d\xfdE\xf0f\x15\x93\xdf\x1c\xa9\xf6\x00\x00\x00\x00\x95Dj\x9b\xa5\xab?\x5d\x9eV\x8dV\x00\x00\x00\x00\x10\x8b\xf7\xa2z9\xc3\xfc\xc9\xc56q\x00\x00\x00\x00\x95Dj\x9b\xfbg\xab\xd3M\xb8k\xdd\x00\x00\x00\x00\x19\x1d\xfdE\xd8\x89\x0fE\xadO\xda\xb4\x00\x00\x00\x00\x19\x1d\xfdEE\x80\x08\x0c\x1f\xed\xc5\xb4\x00\x00\x00\x00\x10\x8b\xf7\xa2\x1bY\xe3\x3cr\x83\x14T\x00\x00\x00\x00\x19\x1d\xfdE\xe3\xf5\xbcs\x23\xc5\xe6\x98\x00\x00\x00\x00\x95Dj\x9bx\xc85\x2b\xa3\x932\x2a\x00\x00\x00\x00\x10\x8b\xf7\xa2\xbb\xd7\xfb\x06\x16l\xe1\xe9\x00\x00\x00\x00\x95Dj\x9b\x09\xcb\xb7\xf3?\xebT\x60\x00\x00\x00\x00\x10\x8b\xf7\xa2HlNCAR6\xb2\x00\x00\x00\x00\x10\x8b\xf7\xa2Ix\x1c\x26t\xabC\xc4\x00\x00\x00\x00\x95Dj\x9b\x8c\x7c:\xa5g\x9e\x15\xdf\x00\x00\x00\x00</data></write>
    <write><data>\xb4\x3c\x5c\x28</data></write>
    <read><length>1652</length><match><data>\x0aSlot \x2301\x0aA: \x2d404180122\x2c B: 1833412969\x0aResult of A \x2a B: \x2d332797224\x0aSlot \x2302\x0aA: 844043661\x2c B: 1860072892\x0aResult of A \x2d B: \x2d1016029229\x0aSlot \x2303\x0aA: 1612132163\x2c B: 1803646664\x0aResult of A \x2b B: \x2d879188467\x0aSlot \x2304\x0aA: \x2d1672381645\x2c B: 9212807\x0aResult of A \x2b B: \x2d1663168836\x0aSlot \x2305\x0aA: \x2d255253014\x2c B: \x2d1804171585\x0aResult of A \x2b B: \x2d2059424597\x0aSlot \x2306\x0aA: 1514789489\x2c B: \x2d416496234\x0aResult of A \x2d B: 1931285725\x0aSlot \x2307\x0aA: 2147300687\x2c B: 155973351\x0aResult of A \x2b B: \x2d1991693256\x0aSlot \x2308\x0aA: \x2d657502454\x2c B: 33200980\x0aResult of A \x2a B: \x2d492503734\x0aSlot \x2309\x0aA: \x2d875866695\x2c B: \x2d1522034830\x0aResult of A \x2d B: 646168137\x0aSlot \x2310\x0aA: 1887982072\x2c B: \x2d162086071\x0aResult of A \x2d B: 2050068145\x0aSlot \x2311\x0aA: 1007117852\x2c B: 1087538066\x0aResult of A \x2b B: 2094655920\x0aSlot \x2312\x0aA: \x2d1827313936\x2c B: \x2d156689185\x0aResult of A \x2b B: \x2d1984003119\x0aSlot \x2313\x0aA: 1564453797\x2c B: 1452103326\x0aResult of A \x2d B: 112350473\x0aSlot \x2314\x0aA: \x2d54314630\x2c B: 1899414985\x0aResult of A \x2a B: \x2d1438711092\x0aSlot \x2315\x0aA: \x2d743741445\x2c B: \x2d580143027\x0aResult of A \x2d B: \x2d163598416\x0aSlot \x2316\x0aA: 1158646232\x2c B: \x2d1260761171\x0aResult of A \x2b B: \x2d102114937\x0aSlot \x2317\x0aA: 201883717\x2c B: \x2d1262097121\x0aResult of A \x2b B: \x2d1060213402\x0aSlot \x2318\x0aA: 1021532443\x2c B: 1410630514\x0aResult of A \x2a B: 1173520136\x0aSlot \x2319\x0aA: 1941763555\x2c B: \x2d1729706717\x0aResult of A \x2b B: 212056840\x0aSlot \x2320\x0aA: 724945016\x2c B: 707957667\x0aResult of A \x2d B: 16987351\x0aSlot \x2321\x0aA: 117168059\x2c B: \x2d371102698\x0aResult of A \x2a B: \x2d1493012972\x0aSlot \x2322\x0aA: \x2d206058743\x2c B: 1616177983\x0aResult of A \x2d B: \x2d1822236724\x0aSlot \x2323\x0aA: 1129213000\x2c B: \x2d1305062847\x0aResult of A \x2a B: 482905674\x0aSlot \x2324\x0aA: 639400009\x2c B: \x2d1002198156\x0aResult of A \x2a B: \x2d1470479338\x0aSlot \x2325\x0aA: \x2d1522893684\x2c B: \x2d552231321\x0aResult of A \x2d B: \x2d970662361\x0a</data></match></read>
    <write><data>\x3d\x98\x22\xae</data></write>
    <read><length>100</length><match><data>\xd8\xea\x29\xec\xd3\x9fp\xc3\x0d\xa6\x98\xcb\xbc\x0e\xde\x9c\xab\xac?\x85\xdd\x14\x1ds8\x2cI\x89J\xfd\xa4\xe2I\xbe\x83\x26\xb1\x8e1z\xb0\xe9\xd9\x7c\xd1\x83\xbe\x89\x09U\xb2\x06\xcc\x02?\xaa\xb0\xaf?\xf6\x87\xd9\xe9\xf9fm\xce\xc0\x08\x7f\xf2E\x08\xbb\xa3\x0c\xd74\x03\x01\x14n\x02\xa7\xcc\xdfb\x93J\x8e\xc8\x1c\x16DZ\xa8\x27\xde\x24\xc6</data></match></read>
    <write><data>\x00\x60\xd2?</data></write>
    <read><length>4</length><match><data>\xff\xff\xff\xab</data></match></read>
    <write><data>\x00\x60\xd2?</data></write>
    <read><length>4</length><match><data>\xff\xff\xff\xab</data></match></read>
    <write><data>\xad\xa85\xb6</data></write>
    <write><data>\x14\x00\x00\x00</data></write>
    <write><data>\x10\x8b\xf7\xa2\xf1\xa8\xa4\xfbE\x8a\xa0p\x00\x00\x00\x00\x10\x8b\xf7\xa2\x2b\xb8R\xd8\xb7\xd5\xa0b\x00\x00\x00\x00\x10\x8b\xf7\xa2\xfd\xa8\x1fw\x5d\x25\xf5\x94\x00\x00\x00\x00\x19\x1d\xfdE\x07\x8f\xb7\xd8\x2cA\xf6\xf9\x00\x00\x00\x00\x95Dj\x9b\x3ccH\xbb\xbc\x02\x5d\xcd\x00\x00\x00\x00\x95Dj\x9b\xc2\x81\x8f\x81C\x14\xd8p\x00\x00\x00\x00\x19\x1d\xfdE\x91\x0c8\x95\x9fSV\xe5\x00\x00\x00\x00\x19\x1d\xfdEbyYL\xf6p\x8b\xcb\x00\x00\x00\x00\x10\x8b\xf7\xa2\x8f\x09\x06\xdc\xae\x03\x2b\x85\x00\x00\x00\x00\x19\x1d\xfdE\x94\x3bY\x10\xcb\xfc\x9c\x7d\x00\x00\x00\x00\x10\x8b\xf7\xa2\x5f\xc3\xd7\xd2\xc4\xe8\x86\x8f\x00\x00\x00\x00\x10\x8b\xf7\xa2\xf2O\xf2\x98XB\x8a\xc4\x00\x00\x00\x00\x10\x8b\xf7\xa2n\xe2j\x18\xe3\xc8\x1a\xbc\x00\x00\x00\x00\x10\x8b\xf7\xa2\x0ai\xcc\x7f\x3bk\x89G\x00\x00\x00\x00\x95Dj\x9b1 \x7f\x9b\x27\x19Y \x00\x00\x00\x00\x95Dj\x9bl\x8d4\x19\x1a\xdb\xd1\x05\x00\x00\x00\x00\x19\x1d\xfdE\x8e\x90\xca\xfd\xce\xd2\xb7\xf8\x00\x00\x00\x00\x95Dj\x9b\x956\xfaN7ZbR\x00\x00\x00\x00\x10\x8b\xf7\xa2\x82\x80\x23\xf0\x25\x27\x08\xff\x00\x00\x00\x00\x10\x8b\xf7\xa2\xe0\xabe\x83\xb16\xb0\x8e\x00\x00\x00\x00</data></write>
    <write><data>\x3d\x98\x22\xae</data></write>
    <read><length>80</length><match><data>\xf7r\x13\x9d\xbfm\x3d\x07\xeb\xf4\x0d\xd85\xd0\xad\xd2\x82\x60\xeb\xed\x81m\xb7\x102\x60\x8ezZ\xea\xe4\x174\x2c\x3c\x84a8\xf6\x8d\xbe\xac\xf9J2\xdf\x5bl\x8c\xb7\xd8\xeePc\x5d\xe0\x0c\x07\x26\x7bT\xb2b\x13\x5ec\x82\xf6\x60\xdc\x97\xfc\xcc\x60\xc5\x9f\xe2\x15\x8d\xb5</data></match></read>
    <write><data>\x3d\x98\x22\xae</data></write>
    <read><length>80</length><match><data>\xf7r\x13\x9d\xbfm\x3d\x07\xeb\xf4\x0d\xd85\xd0\xad\xd2\x82\x60\xeb\xed\x81m\xb7\x102\x60\x8ezZ\xea\xe4\x174\x2c\x3c\x84a8\xf6\x8d\xbe\xac\xf9J2\xdf\x5bl\x8c\xb7\xd8\xeePc\x5d\xe0\x0c\x07\x26\x7bT\xb2b\x13\x5ec\x82\xf6\x60\xdc\x97\xfc\xcc\x60\xc5\x9f\xe2\x15\x8d\xb5</data></match></read>
    <write><data>\xb4\x3c\x5c\x28</data></write>
    <read><length>1323</length><match><data>\x0aSlot \x2301\x0aA: \x2d73094927\x2c B: 1889569349\x0aResult of A \x2a B: \x2d1659669769\x0aSlot \x2302\x0aA: \x2d665667541\x2c B: 1654707639\x0aResult of A \x2a B: 121466303\x0aSlot \x2303\x0aA: 1998563581\x2c B: \x2d1795873443\x0aResult of A \x2a B: \x2d670173973\x0aSlot \x2304\x0aA: \x2d659058937\x2c B: \x2d101301972\x0aResult of A \x2b B: \x2d760360907\x0aSlot \x2305\x0aA: \x2d1152883908\x2c B: \x2d849542468\x0aResult of A \x2d B: \x2d303341438\x0aSlot \x2306\x0aA: \x2d2121301566\x2c B: 1893209155\x0aResult of A \x2d B: 280456577\x0aSlot \x2307\x0aA: \x2d1791488879\x2c B: \x2d447327329\x0aResult of A \x2b B: 2056151090\x0aSlot \x2308\x0aA: 1280932194\x2c B: \x2d880054026\x0aResult of A \x2b B: 400878170\x0aSlot \x2309\x0aA: \x2d603584113\x2c B: \x2d2060778578\x0aResult of A \x2a B: \x2d2076431308\x0aSlot \x2310\x0aA: 274283412\x2c B: 2107440331\x0aResult of A \x2b B: \x2d1913243551\x0aSlot \x2311\x0aA: \x2d757611681\x2c B: \x2d1886983996\x0aResult of A \x2a B: 1257876670\x0aSlot \x2312\x0aA: \x2d1728950286\x2c B: \x2d997572008\x0aResult of A \x2a B: 1817960242\x0aSlot \x2313\x0aA: 409657966\x2c B: \x2d1139095325\x0aResult of A \x2a B: \x2d287787124\x0aSlot \x2314\x0aA: 2144102666\x2c B: 1200188219\x0aResult of A \x2a B: \x2d530750640\x0aSlot \x2315\x0aA: \x2d1686167503\x2c B: 542710055\x0aResult of A \x2d B: 2066089740\x0aSlot \x2316\x0aA: 422874476\x2c B: 97639194\x0aResult of A \x2d B: 325235284\x0aSlot \x2317\x0aA: \x2d37056370\x2c B: \x2d122170674\x0aResult of A \x2b B: \x2d159227042\x0aSlot \x2318\x0aA: 1325020821\x2c B: 1382177335\x0aResult of A \x2d B: \x2d57156512\x0aSlot \x2319\x0aA: \x2d266108798\x2c B: \x2d16242907\x0aResult of A \x2a B: \x2d1614454580\x0aSlot \x2320\x0aA: \x2d2090488864\x2c B: \x2d1901054287\x0aResult of A \x2a B: \x2d1249045022\x0a</data></match></read>
    <write><data>\x7f\xc0j\xc6</data></write>
    <read><length>4</length><match><data>\xff\xff\xff\xab</data></match></read>
    <write><data>\xe4\x5c\x3c\x90</data></write>
    <read><length>4</length><match><data>\xff\xff\xff\xab</data></match></read>
    <write><data>\xe4\x5c\x3c\x90</data></write>
    <read><length>4</length><match><data>\xff\xff\xff\xab</data></match></read>
    <write><data>\x00\x60\xd2?</data></write>
    <read><length>4</length><match><data>\xff\xff\xff\xab</data></match></read>
    <write><data>\xad\xa85\xb6</data></write>
    <write><data>\x15\x00\x00\x00</data></write>
    <write><data>\x95Dj\x9b\x05\xfa\xef\xa2F\xff\x7b\xcf\x00\x00\x00\x00\x95Dj\x9bZ\x60\x9d\x85\xff\x2f\xf9\x06\x00\x00\x00\x00\x10\x8b\xf7\xa23M\xbd\xbam\x25\xf3\xae\x00\x00\x00\x00\x10\x8b\xf7\xa2\xfc\xd0\x3c\x15\x3d\xb2U\xb4\x00\x00\x00\x00\x19\x1d\xfdEkH8z\x80\x03\x9d\x7c\x00\x00\x00\x00\x10\x8b\xf7\xa2\xf6\x01K\xca\xcdJ\x94\xee\x00\x00\x00\x00\x10\x8b\xf7\xa2\x27a\x0eu\xaa\xdd\xb5\xca\x00\x00\x00\x00\x95Dj\x9bq\xfb\xc9\x7fY\xa6\x22Z\x00\x00\x00\x00\x19\x1d\xfdEhj\x22\x85\xb4\x9a\xb3\x0b\x00\x00\x00\x00\x95Dj\x9b\xde\xe4\xf5\xb5\x08\xb2\x14g\x00\x00\x00\x00\x10\x8b\xf7\xa2\x9a\xc7\xd0\xc3kT\xff\xbb\x00\x00\x00\x00\x10\x8b\xf7\xa2\xddv\x2b\xef\x07\x06\x7b\x3b\x00\x00\x00\x00\x19\x1d\xfdE\xe0\x1b\x19\x3e\xbb\xeb\x22\xf2\x00\x00\x00\x00\x19\x1d\xfdE\x3e\xd5\x98\xcc\x9cVV\xeb\x00\x00\x00\x00\x19\x1d\xfdE\xd3A\x11\xad\xf4\x2f\xd1\xf4\x00\x00\x00\x00\x19\x1d\xfdE\x40\x25\x80r\xa1\x3c\x0b\x94\x00\x00\x00\x00\x19\x1d\xfdE\xaeWK\x3c\xe1\xb40\x2a\x00\x00\x00\x00\x19\x1d\xfdE\xda\x9f\x15\x8d\x9e\x99\xa0\x17\x00\x00\x00\x00\x19\x1d\xfdES\xc5\xb2I\x91\xb9\xa9\xc5\x00\x00\x00\x00\x19\x1d\xfdE\x81\x147\xd1\x89\xab\x1cN\x00\x00\x00\x00\x95Dj\x9b\xabQ\x97rB\xfc\x40e\x00\x00\x00\x00</data></write>
    <write><data>\x7f\xc0j\xc6</data></write>
    <read><length>4</length><match><data>\xff\xff\xff\xab</data></match></read>
    <write><data>\xad\xa85\xb6</data></write>
    <write><data>\x0e\x00\x00\x00</data></write>
    <write><data>\x19\x1d\xfdE\xb7\xdeE\xc5i\xd3\x04\x86\x00\x00\x00\x00\x10\x8b\xf7\xa2\xa40\x10\x26\x8bS\xa4\xbc\x00\x00\x00\x00\x95Dj\x9b\xabU:\x26YQ\x86I\x00\x00\x00\x00\x95Dj\x9biS\x05\x3bSh\x1c\xa3\x00\x00\x00\x00\x95Dj\x9bYOjC\xea\x11\x166\x00\x00\x00\x00\x10\x8b\xf7\xa2S\x12\x83\x01\xe54pF\x00\x00\x00\x00\x95Dj\x9b\x96\xcbC\xd2B\x23\x80\x18\x00\x00\x00\x00\x10\x8b\xf7\xa2\xbcr\x03:\x8f\xe4\xe0\xd8\x00\x00\x00\x00\x95Dj\x9b\x121\x80\xaf\x01r\x8c\xd2\x00\x00\x00\x00\x10\x8b\xf7\xa2\x92 9\xe3\xc2\xff\x258\x00\x00\x00\x00\x10\x8b\xf7\xa2\xc3\x3b\x0du\xd0U\x7c\x85\x00\x00\x00\x00\x19\x1d\xfdE\xeb\x81\x83\xa1\x3c\xae\x2a\xcd\x00\x00\x00\x00\x95Dj\x9b?\x902\xaa\xfa\xa6\x26\xa8\x00\x00\x00\x00\x19\x1d\xfdE\xce\x5b\xf5\xb9\x3e\x95\xb4W\x00\x00\x00\x00</data></write>
    <write><data>\x00\x60\xd2?</data></write>
    <read><length>4</length><match><data>\xff\xff\xff\xab</data></match></read>
    <write><data>\x7f\xc0j\xc6</data></write>
    <read><length>4</length><match><data>\xff\xff\xff\xab</data></match></read>
    <write><data>\xe4\x5c\x3c\x90</data></write>
    <read><length>4</length><match><data>\xff\xff\xff\xab</data></match></read>
    <write><data>\xad\xa85\xb6</data></write>
    <write><data>\x14\x00\x00\x00</data></write>
    <write><data>\x19\x1d\xfdE\xef\xf4\x2c\x83\x2c\x13\x82Z\x00\x00\x00\x00\x10\x8b\xf7\xa2w\x186\x88g\xadQa\x00\x00\x00\x00\x95Dj\x9b\xdbk\xee8\xb1\xcc\xbfO\x00\x00\x00\x00\x95Dj\x9b\x22\x7c\x2bCnG9\xa2\x00\x00\x00\x00\x10\x8b\xf7\xa2\x7b\x95r\x87\x11\x99E\x03\x00\x00\x00\x00\x10\x8b\xf7\xa2V\xc0\xf4\x1cU823\x00\x00\x00\x00\x95Dj\x9b\x06\xa2\xb0\xb4\x01I\x40\xbb\x00\x00\x00\x00\x10\x8b\xf7\xa2\xd7\xdf\xda\xae\xb7\xf7\xa7\xeb\x00\x00\x00\x00\x95Dj\x9b\x5e\xfb\xf7\x5dm\xcc\xf6\x01\x00\x00\x00\x00\x10\x8b\xf7\xa2\x1f\x5f\x94j\x25\x8b5\xf6\x00\x00\x00\x00\x10\x8b\xf7\xa2\xbf\x9d\x1b\xc6\xd3\xa9q\xf8\x00\x00\x00\x00\x19\x1d\xfdEK\xd2\x40l\x912\x3cn\x00\x00\x00\x00\x95Dj\x9b\x92\x09\xb7\x27N\xd3\xa1\x60\x00\x00\x00\x00\x10\x8b\xf7\xa2\xab\xd3D\x877dl:\x00\x00\x00\x00\x19\x1d\xfdE\xe7g\xe2\x08E\xb0M.\x00\x00\x00\x00\x95Dj\x9b5O9\x28K\xe2\xb5\xf7\x00\x00\x00\x00\x95Dj\x9b0\xd6\x2d\xdcc\x91\xaa8\x00\x00\x00\x00\x19\x1d\xfdE!fM \xb1\xc3\xd4\x22\x00\x00\x00\x00\x19\x1d\xfdE\xd6\x7b\xc8w\x1cZ\xc0\x1b\x00\x00\x00\x00\x19\x1d\xfdE\xe7Y\x11\xc5\xaf\xbayo\x00\x00\x00\x00</data></write>
    <write><data>\x7f\xc0j\xc6</data></write>
    <read><length>4</length><match><data>\xff\xff\xff\xab</data></match></read>
    <write><data>\xe3\xba\xa7\x7d</data></write>
    <read><length>4</length><match><data>\x00\x00\x00\x00</data></match></read>
</replay>
</pov>