<?xml version="1.0" standalone="no" ?>
<!DOCTYPE pov SYSTEM "/usr/share/cgc-docs/replay.dtd">
<pov>
<cbid>service</cbid>
<seed>6a515e6cc2316a3a57f6f77c58b0b42ba3e0a2c4cced7ab15b295b8211fb1daa9d7c32ad2a8da0fc96631f043b073a89</seed>
<replay>
    <read><length>2</length><match><data>K\x00</data></match></read>
    <write><data>\x09\x00\x00\x00</data></write>
    <write><data>\x00\x60\xd2?</data></write>
    <write><data>\x82\x8c\x2d\xa5\x1b\x11\x96\x91</data></write>
    <write><data>\xb4\x3c\x5c\x28</data></write>
    <read><length>69</length><match><data>\x0aSlot \x2301\x0aA: \x2d1523741566\x2c B: \x2d1852436197\x0aResult of A \x2a B: 1749971969\x0a</data></match></read>
    <write><data>\xad\xa85\xb6</data></write>
    <write><data>\x0d\x00\x00\x00</data></write>
    <write><data>\x10\x8b\xf7\xa2\x0a4\xf4\xbe\x02\x7d\xaf\xf4\x00\x00\x00\x00\x19\x1d\xfdE\xe2P\x92\xa9\x08\xf3l!\x00\x00\x00\x00\x19\x1d\xfdE\xbc\x2fy.\x7e\x86\xc7\x3d\x00\x00\x00\x00\x95Dj\x9b\x7b\xc4\x94m\x98\x1dI\xca\x00\x00\x00\x00\x10\x8b\xf7\xa2\xd6\xc2JT\x8b\xe7a\x2a\x00\x00\x00\x00\x95Dj\x9b\xb2GU\xe2\x97\x2d\x93\x87\x00\x00\x00\x00\x19\x1d\xfdE\x2fn\xfe\xaf\x16\xcb\xfcW\x00\x00\x00\x00\x95Dj\x9bm\x9d\x24\x11\x1e\x80\xe8\xb9\x00\x00\x00\x00\x95Dj\x9b\x07\x8a\xae\x0fh\xa0\x8c\x1e\x00\x00\x00\x00\x95Dj\x9b\x9b\xc0E\x23\xdc\x08\xf8I\x00\x00\x00\x00\x95Dj\x9b\xa2p\x93\xa3\xe9\x3c\x7d\xc3\x00\x00\x00\x00\x95Dj\x9b\x2c\x1bJ9\xab\xec\xf2\xe9\x00\x00\x00\x00\x10\x8b\xf7\xa2wC\x22\xf0\x274\x8a\x93\x00\x00\x00\x00</data></write>
    <write><data>\xe4\x5c\x3c\x90</data></write>
    <read><length>4</length><match><data>\xff\xff\xff\xab</data></match></read>
    <write><data>\xad\xa85\xb6</data></write>
    <write><data>\x12\x00\x00\x00</data></write>
    <write><data>\x95Dj\x9bO\x09\x06\x2b\xfc\xbaRw\x00\x00\x00\x00\x10\x8b\xf7\xa2\xf0\x1d\xcc\x3e\xe4j\xfa\x2b\x00\x00\x00\x00\x19\x1d\xfdE\x08m\xf1s0\x1a\xa5\x1a\x00\x00\x00\x00\x95Dj\x9b\xca\x18\xe7D\xa8\xfc\xd3\xe2\x00\x00\x00\x00\x10\x8b\xf7\xa2\xf6\x3c\xdc\x2cD\x90\xfe\xd4\x00\x00\x00\x00\x10\x8b\xf7\xa27\x3dgT\xb4\xcc\xb3\xb5\x00\x00\x00\x00\x10\x8b\xf7\xa2\xbap\xa6\xf0\x3d\x17\xf64\x00\x00\x00\x00\x10\x8b\xf7\xa2r\xcb\xc8\xc4\xa3\x18q\x83\x00\x00\x00\x00\x19\x1d\xfdEPw\xdf\x60W\xa3\xe5\xb1\x00\x00\x00\x00\x19\x1d\xfdE\x08\xd1\xb4\x60\x29\x7cLH\x00\x00\x00\x00\x10\x8b\xf7\xa2\x1b\x40\xca\xa0\xc7D\x5f\xa2\x00\x00\x00\x00\x10\x8b\xf7\xa2\xa6\x220\x06\xf1\xb4\xcd\xdb\x00\x00\x00\x00\x95Dj\x9b\xdbB\xf6X \x94\x2a\xb2\x00\x00\x00\x00\x95Dj\x9bz\x1f\x8e\xb6\x8b6\xef\xaa\x00\x00\x00\x00\x10\x8b\xf7\xa2\xe8p\x02VtLg\x13\x00\x00\x00\x00\x10\x8b\xf7\xa2\xf7\xe8\x83\x9d4\x82\xa11\x00\x00\x00\x00\x10\x8b\xf7\xa2\xb8\x13\x3b\x80g\x11\xb6\x86\x00\x00\x00\x00\x19\x1d\xfdE\xcci:mCAL\xf3\x00\x00\x00\x00</data></write>
    <write><data>\xe4\x5c\x3c\x90</data></write>
    <read><length>4</length><match><data>\xff\xff\xff\xab</data></match></read>
    <write><data>\x7f\xc0j\xc6</data></write>
    <read><length>4</length><match><data>\xff\xff\xff\xab</data></match></read>
    <write><data>\x3d\x98\x22\xae</data></write>
    <read><length>72</length><match><data>\x9eN\xb3\xb3\x0b\x0a\x90\xfe\x83\x87\x96\x8em\x1c\x13b\xa3\x91\xde\x00\xf7\xde\xd3M\x9d\x92\x85f\xe19\x3eB\xf2\x1a\xc5\x12\x7cM\x01\xa9H\x01D\x96\x91V\x9bl\x06\xaf\xcb\xa6:\xe9\x9e\x0bk\x09\xf8Ww\xc0o\xc5S\x27\xe4\xd8Z\xab\x86\x60</data></match></read>
    <write><data>\xe4\x5c\x3c\x90</data></write>
    <read><length>4</length><match><data>\xff\xff\xff\xab</data></match></read>
    <write><data>\x00\x60\xd2?</data></write>
    <read><length>4</length><match><data>\xff\xff\xff\xab</data></match></read>
    <write><data>\x3d\x98\x22\xae</data></write>
    <read><length>72</length><match><data>\x9eN\xb3\xb3\x0b\x0a\x90\xfe\x83\x87\x96\x8em\x1c\x13b\xa3\x91\xde\x00\xf7\xde\xd3M\x9d\x92\x85f\xe19\x3eB\xf2\x1a\xc5\x12\x7cM\x01\xa9H\x01D\x96\x91V\x9bl\x06\xaf\xcb\xa6:\xe9\x9e\x0bk\x09\xf8Ww\xc0o\xc5S\x27\xe4\xd8Z\xab\x86\x60</data></match></read>
    <write><data>\x3d\x98\x22\xae</data></write>
    <read><length>72</length><match><data>\x9eN\xb3\xb3\x0b\x0a\x90\xfe\x83\x87\x96\x8em\x1c\x13b\xa3\x91\xde\x00\xf7\xde\xd3M\x9d\x92\x85f\xe19\x3eB\xf2\x1a\xc5\x12\x7cM\x01\xa9H\x01D\x96\x91V\x9bl\x06\xaf\xcb\xa6:\xe9\x9e\x0bk\x09\xf8Ww\xc0o\xc5S\x27\xe4\xd8Z\xab\x86\x60</data></match></read>
    <write><data>\xad\xa85\xb6</data></write>
    <write><data>\x1e\x00\x00\x00</data></write>
    <write><data>\x10\x8b\xf7\xa2\xae\xf5\xda\x22\x2c\xb4\xc7\x2a\x00\x00\x00\x00\x19\x1d\xfdE\x8d\x03R\x1b\x2a?P\xbe\x00\x00\x00\x00\x95Dj\x9b\x0a\xb2\xb1\xf0\x28cj\xe6\x00\x00\x00\x00\x10\x8b\xf7\xa2m\x9d\xda\xc1\x19\xc2J2\x00\x00\x00\x00\x10\x8b\xf7\xa2\xb4\xd9\x7c\x02\x2f\xc9\x24\xd1\x00\x00\x00\x00\x19\x1d\xfdE\xe6\x7b\xf9\x3b\xcd\xae\x1d\xa4\x00\x00\x00\x00\x10\x8b\xf7\xa2\x12\x8a\x96\x5e4\x01\xa7\x99\x00\x00\x00\x00\x95Dj\x9b\xbe\xd2\x19\xa6P\xbb\xc56\x00\x00\x00\x00\x10\x8b\xf7\xa2\xbcu\x97\x8a\x9bXU\xba\x00\x00\x00\x00\x95Dj\x9b\x3d\x97\x8b\x5d\x07\x40\xddf\x00\x00\x00\x00\x19\x1d\xfdE\xcf\x23\x08\x5fvLJ\xd5\x00\x00\x00\x00\x95Dj\x9bI4\xfe\x90\xb8\xce\x84\xd0\x00\x00\x00\x00\x95Dj\x9b\xa0\xadw\xfe\xbc\xcdY\xe9\x00\x00\x00\x00\x19\x1d\xfdE\xe9\x29\xcfok\xd1\x1f\xcb\x00\x00\x00\x00\x10\x8b\xf7\xa2\x2a5hj\x7f2f\x8b\x00\x00\x00\x00\x95Dj\x9b\xe8\x7e\x5c4\xf7\x19\x23Q\x00\x00\x00\x00\x95Dj\x9brdT\x7d\x95\xdb\x8bV\x00\x00\x00\x00\x10\x8b\xf7\xa2\xf26\x83.\x11\xf8\xc1\xd4\x00\x00\x00\x00\x19\x1d\xfdE\x60\x11\xda \xaa\xaa\x5f\x1e\x00\x00\x00\x00\x10\x8b\xf7\xa2\x06\x0d\xfc\xf54\xd9\xed\x8a\x00\x00\x00\x00\x10\x8b\xf7\xa2\xde\xe8\x98\xae\x11s\xcbE\x00\x00\x00\x00\x95Dj\x9b\x23u\xaa\xba?\x90\x40\x10\x00\x00\x00\x00\x95Dj\x9b\xac\x0c\xaa\xdd\xa5\xc5\xe4\x2f\x00\x00\x00\x00\x19\x1d\xfdE\xc0e\xbf\xc8 x\xde\x5f\x00\x00\x00\x00\x95Dj\x9b\xe9\x97\xf2w\x85L\xbc\x07\x00\x00\x00\x00\x10\x8b\xf7\xa2\xaai\x26\x1a.j\xacv\x00\x00\x00\x00\x95Dj\x9b\x9ca\xbd\xffT\x60A\xd8\x00\x00\x00\x00\x19\x1d\xfdE\xc5\xc1\x16\x06\x3c\x7e\xd2\x25\x00\x00\x00\x00\x95Dj\x9b\xb3P\xfa\x27\x9c\x23I\xc5\x00\x00\x00\x00\x10\x8b\xf7\xa2P\xec\x7e\xdd\x88\x9b\x80U\x00\x00\x00\x00</data></write>
    <write><data>\x7f\xc0j\xc6</data></write>
    <read><length>4</length><match><data>\xff\xff\xff\xab</data></match></read>
    <write><data>\xb4\x3c\x5c\x28</data></write>
    <read><length>1966</length><match><data>\x0aSlot \x2301\x0aA: 584775086\x2c B: 717730860\x0aResult of A \x2a B: 2023920179\x0aSlot \x2302\x0aA: 458359693\x2c B: \x2d1102037206\x0aResult of A \x2b B: \x2d643677438\x0aSlot \x2303\x0aA: \x2d256790006\x2c B: \x2d429235416\x0aResult of A \x2d B: 172445485\x0aSlot \x2304\x0aA: \x2d1042637459\x2c B: 843760153\x0aResult of A \x2a B: 1697118704\x0aSlot \x2305\x0aA: 41736628\x2c B: \x2d786118353\x0aResult of A \x2a B: 220875863\x0aSlot \x2306\x0aA: 1006205926\x2c B: \x2d1541558579\x0aResult of A \x2b B: \x2d535352578\x0aSlot \x2307\x0aA: 1586924050\x2c B: \x2d1717108428\x0aResult of A \x2a B: \x2d1596187149\x0aSlot \x2308\x0aA: \x2d1508257090\x2c B: 918928208\x0aResult of A \x2d B: 1867782073\x0aSlot \x2309\x0aA: \x2d1969785412\x2c B: \x2d1168811877\x0aResult of A \x2a B: \x2d1449596641\x0aSlot \x2310\x0aA: 1569429309\x2c B: 1725775879\x0aResult of A \x2d B: \x2d156346495\x0aSlot \x2311\x0aA: 1594368975\x2c B: \x2d716551050\x0aResult of A \x2b B: 877818000\x0aSlot \x2312\x0aA: \x2d1862388663\x2c B: \x2d796602696\x0aResult of A \x2d B: \x2d1065785892\x0aSlot \x2313\x0aA: \x2d25711200\x2c B: \x2d379990596\x0aResult of A \x2d B: 354279471\x0aSlot \x2314\x0aA: 1875847657\x2c B: \x2d887107221\x0aResult of A \x2b B: 988740511\x0aSlot \x2315\x0aA: 1785214250\x2c B: \x2d1956236673\x0aResult of A \x2a B: 550540321\x0aSlot \x2316\x0aA: 878477032\x2c B: 1361254903\x0aResult of A \x2d B: \x2d482777796\x0aSlot \x2317\x0aA: 2102682738\x2c B: 1452006293\x0aResult of A \x2d B: 650676520\x0aSlot \x2318\x0aA: 780351218\x2c B: \x2d725485551\x0aResult of A \x2a B: 140711517\x0aSlot \x2319\x0aA: 551162208\x2c B: 509586090\x0aResult of A \x2b B: 1060748373\x0aSlot \x2320\x0aA: \x2d168030970\x2c B: \x2d1964123852\x0aResult of A \x2a B: \x2d389366909\x0aSlot \x2321\x0aA: \x2d1365710626\x2c B: 1170961169\x0aResult of A \x2a B: \x2d959631095\x0aSlot \x2322\x0aA: \x2d1163234013\x2c B: 272666687\x0aResult of A \x2d B: \x2d1435900625\x0aSlot \x2323\x0aA: \x2d576058196\x2c B: 803521957\x0aResult of A \x2d B: \x2d1379580078\x0aSlot \x2324\x0aA: \x2d926980672\x2c B: 1608415264\x0aResult of A \x2b B: 681434667\x0aSlot \x2325\x0aA: 2012387305\x2c B: 129780869\x0aResult of A \x2d B: 1882606511\x0aSlot \x2326\x0aA: 438725034\x2c B: 1991010862\x0aResult of A \x2a B: \x2d186687273\x0aSlot \x2327\x0aA: \x2d4365924\x2c B: \x2d666804140\x0aResult of A \x2d B: 662438291\x0aSlot \x2328\x0aA: 102154693\x2c B: 634551868\x0aResult of A \x2b B: 736706636\x0aSlot \x2329\x0aA: 670716083\x2c B: \x2d985062500\x0aResult of A \x2d B: 1655778658\x0aSlot \x2330\x0aA: \x2d578884528\x2c B: 1434491784\x0aResult of A \x2a B: 1015151307\x0a</data></match></read>
    <write><data>\x3d\x98\x22\xae</data></write>
    <read><length>120</length><match><data>3\x92\xa2x\x02C\xa2\xd9\x2dOG\x0a\xf0\xf9\x27eWL\x2a\x0d\xfe\x2a\x17\xe0\xf3\x1d\xdc\xa0\xb9\x17To\x1f\xe9\x98\xa9\x81W\xae\xf6\x90pR4\xdcey\xc0\x2f\xe0\x1d\x15\x9f\xfb\xee:!\x94\xd0 \x3ce9\xe3\x28\x89\xc8\x26\x5d\x16c\x08U\xbc9?\x83\xbb\xca\xe8\x091\xcd\xc6\x2f\xe5i\xaaRG\xc5\xad\x2b\xde\x9d\x28\xafK6p\xd7\x60\xdf\xf4\x93\x01\x7c\x27L\x40\xe9\x2bb\x2d\xb1b\xcb\xfa\x81\x3c</data></match></read>
    <write><data>\xe4\x5c\x3c\x90</data></write>
    <read><length>4</length><match><data>\xff\xff\xff\xab</data></match></read>
    <write><data>\x3d\x98\x22\xae</data></write>
    <read><length>120</length><match><data>3\x92\xa2x\x02C\xa2\xd9\x2dOG\x0a\xf0\xf9\x27eWL\x2a\x0d\xfe\x2a\x17\xe0\xf3\x1d\xdc\xa0\xb9\x17To\x1f\xe9\x98\xa9\x81W\xae\xf6\x90pR4\xdcey\xc0\x2f\xe0\x1d\x15\x9f\xfb\xee:!\x94\xd0 \x3ce9\xe3\x28\x89\xc8\x26\x5d\x16c\x08U\xbc9?\x83\xbb\xca\xe8\x091\xcd\xc6\x2f\xe5i\xaaRG\xc5\xad\x2b\xde\x9d\x28\xafK6p\xd7\x60\xdf\xf4\x93\x01\x7c\x27L\x40\xe9\x2bb\x2d\xb1b\xcb\xfa\x81\x3c</data></match></read>
    <write><data>\x00\x60\xd2?</data></write>
    <read><length>4</length><match><data>\xff\xff\xff\xab</data></match></read>
    <write><data>\xb4\x3c\x5c\x28</data></write>
    <read><length>1966</length><match><data>\x0aSlot \x2301\x0aA: 584775086\x2c B: 717730860\x0aResult of A \x2a B: 2023920179\x0aSlot \x2302\x0aA: 458359693\x2c B: \x2d1102037206\x0aResult of A \x2b B: \x2d643677438\x0aSlot \x2303\x0aA: \x2d256790006\x2c B: \x2d429235416\x0aResult of A \x2d B: 172445485\x0aSlot \x2304\x0aA: \x2d1042637459\x2c B: 843760153\x0aResult of A \x2a B: 1697118704\x0aSlot \x2305\x0aA: 41736628\x2c B: \x2d786118353\x0aResult of A \x2a B: 220875863\x0aSlot \x2306\x0aA: 1006205926\x2c B: \x2d1541558579\x0aResult of A \x2b B: \x2d535352578\x0aSlot \x2307\x0aA: 1586924050\x2c B: \x2d1717108428\x0aResult of A \x2a B: \x2d1596187149\x0aSlot \x2308\x0aA: \x2d1508257090\x2c B: 918928208\x0aResult of A \x2d B: 1867782073\x0aSlot \x2309\x0aA: \x2d1969785412\x2c B: \x2d1168811877\x0aResult of A \x2a B: \x2d1449596641\x0aSlot \x2310\x0aA: 1569429309\x2c B: 1725775879\x0aResult of A \x2d B: \x2d156346495\x0aSlot \x2311\x0aA: 1594368975\x2c B: \x2d716551050\x0aResult of A \x2b B: 877818000\x0aSlot \x2312\x0aA: \x2d1862388663\x2c B: \x2d796602696\x0aResult of A \x2d B: \x2d1065785892\x0aSlot \x2313\x0aA: \x2d25711200\x2c B: \x2d379990596\x0aResult of A \x2d B: 354279471\x0aSlot \x2314\x0aA: 1875847657\x2c B: \x2d887107221\x0aResult of A \x2b B: 988740511\x0aSlot \x2315\x0aA: 1785214250\x2c B: \x2d1956236673\x0aResult of A \x2a B: 550540321\x0aSlot \x2316\x0aA: 878477032\x2c B: 1361254903\x0aResult of A \x2d B: \x2d482777796\x0aSlot \x2317\x0aA: 2102682738\x2c B: 1452006293\x0aResult of A \x2d B: 650676520\x0aSlot \x2318\x0aA: 780351218\x2c B: \x2d725485551\x0aResult of A \x2a B: 140711517\x0aSlot \x2319\x0aA: 551162208\x2c B: 509586090\x0aResult of A \x2b B: 1060748373\x0aSlot \x2320\x0aA: \x2d168030970\x2c B: \x2d1964123852\x0aResult of A \x2a B: \x2d389366909\x0aSlot \x2321\x0aA: \x2d1365710626\x2c B: 1170961169\x0aResult of A \x2a B: \x2d959631095\x0aSlot \x2322\x0aA: \x2d1163234013\x2c B: 272666687\x0aResult of A \x2d B: \x2d1435900625\x0aSlot \x2323\x0aA: \x2d576058196\x2c B: 803521957\x0aResult of A \x2d B: \x2d1379580078\x0aSlot \x2324\x0aA: \x2d926980672\x2c B: 1608415264\x0aResult of A \x2b B: 681434667\x0aSlot \x2325\x0aA: 2012387305\x2c B: 129780869\x0aResult of A \x2d B: 1882606511\x0aSlot \x2326\x0aA: 438725034\x2c B: 1991010862\x0aResult of A \x2a B: \x2d186687273\x0aSlot \x2327\x0aA: \x2d4365924\x2c B: \x2d666804140\x0aResult of A \x2d B: 662438291\x0aSlot \x2328\x0aA: 102154693\x2c B: 634551868\x0aResult of A \x2b B: 736706636\x0aSlot \x2329\x0aA: 670716083\x2c B: \x2d985062500\x0aResult of A \x2d B: 1655778658\x0aSlot \x2330\x0aA: \x2d578884528\x2c B: 1434491784\x0aResult of A \x2a B: 1015151307\x0a</data></match></read>
    <write><data>\xb4\x3c\x5c\x28</data></write>
    <read><length>1966</length><match><data>\x0aSlot \x2301\x0aA: 584775086\x2c B: 717730860\x0aResult of A \x2a B: 2023920179\x0aSlot \x2302\x0aA: 458359693\x2c B: \x2d1102037206\x0aResult of A \x2b B: \x2d643677438\x0aSlot \x2303\x0aA: \x2d256790006\x2c B: \x2d429235416\x0aResult of A \x2d B: 172445485\x0aSlot \x2304\x0aA: \x2d1042637459\x2c B: 843760153\x0aResult of A \x2a B: 1697118704\x0aSlot \x2305\x0aA: 41736628\x2c B: \x2d786118353\x0aResult of A \x2a B: 220875863\x0aSlot \x2306\x0aA: 1006205926\x2c B: \x2d1541558579\x0aResult of A \x2b B: \x2d535352578\x0aSlot \x2307\x0aA: 1586924050\x2c B: \x2d1717108428\x0aResult of A \x2a B: \x2d1596187149\x0aSlot \x2308\x0aA: \x2d1508257090\x2c B: 918928208\x0aResult of A \x2d B: 1867782073\x0aSlot \x2309\x0aA: \x2d1969785412\x2c B: \x2d1168811877\x0aResult of A \x2a B: \x2d1449596641\x0aSlot \x2310\x0aA: 1569429309\x2c B: 1725775879\x0aResult of A \x2d B: \x2d156346495\x0aSlot \x2311\x0aA: 1594368975\x2c B: \x2d716551050\x0aResult of A \x2b B: 877818000\x0aSlot \x2312\x0aA: \x2d1862388663\x2c B: \x2d796602696\x0aResult of A \x2d B: \x2d1065785892\x0aSlot \x2313\x0aA: \x2d25711200\x2c B: \x2d379990596\x0aResult of A \x2d B: 354279471\x0aSlot \x2314\x0aA: 1875847657\x2c B: \x2d887107221\x0aResult of A \x2b B: 988740511\x0aSlot \x2315\x0aA: 1785214250\x2c B: \x2d1956236673\x0aResult of A \x2a B: 550540321\x0aSlot \x2316\x0aA: 878477032\x2c B: 1361254903\x0aResult of A \x2d B: \x2d482777796\x0aSlot \x2317\x0aA: 2102682738\x2c B: 1452006293\x0aResult of A \x2d B: 650676520\x0aSlot \x2318\x0aA: 780351218\x2c B: \x2d725485551\x0aResult of A \x2a B: 140711517\x0aSlot \x2319\x0aA: 551162208\x2c B: 509586090\x0aResult of A \x2b B: 1060748373\x0aSlot \x2320\x0aA: \x2d168030970\x2c B: \x2d1964123852\x0aResult of A \x2a B: \x2d389366909\x0aSlot \x2321\x0aA: \x2d1365710626\x2c B: 1170961169\x0aResult of A \x2a B: \x2d959631095\x0aSlot \x2322\x0aA: \x2d1163234013\x2c B: 272666687\x0aResult of A \x2d B: \x2d1435900625\x0aSlot \x2323\x0aA: \x2d576058196\x2c B: 803521957\x0aResult of A \x2d B: \x2d1379580078\x0aSlot \x2324\x0aA: \x2d926980672\x2c B: 1608415264\x0aResult of A \x2b B: 681434667\x0aSlot \x2325\x0aA: 2012387305\x2c B: 129780869\x0aResult of A \x2d B: 1882606511\x0aSlot \x2326\x0aA: 438725034\x2c B: 1991010862\x0aResult of A \x2a B: \x2d186687273\x0aSlot \x2327\x0aA: \x2d4365924\x2c B: \x2d666804140\x0aResult of A \x2d B: 662438291\x0aSlot \x2328\x0aA: 102154693\x2c B: 634551868\x0aResult of A \x2b B: 736706636\x0aSlot \x2329\x0aA: 670716083\x2c B: \x2d985062500\x0aResult of A \x2d B: 1655778658\x0aSlot \x2330\x0aA: \x2d578884528\x2c B: 1434491784\x0aResult of A \x2a B: 1015151307\x0a</data></match></read>
    <write><data>\xad\xa85\xb6</data></write>
    <write><data>\x1a\x00\x00\x00</data></write>
    <write><data>\x10\x8b\xf7\xa2\xb2\x0a\xc7J7\xf9\x01\xfe\x00\x00\x00\x00\x19\x1d\xfdE\x1fg\xa8mX\xc0\x05W\x00\x00\x00\x00\x19\x1d\xfdE\x1c\x81\xdaW\x14\xaf\xf0\x14\x00\x00\x00\x00\x95Dj\x9b\xa3\x16\x06kg\x85\xa7\xd8\x00\x00\x00\x00\x19\x1d\xfdEG\xa0\x12\x96G\xde\x09\x27\x00\x00\x00\x00\x95Dj\x9b\xd1\x2fV\xfa\xa3\xd7\x2c\xcf\x00\x00\x00\x00\x10\x8b\xf7\xa2\xffx\x1e\x1e\x7c\xc4\x8b.\x00\x00\x00\x00\x95Dj\x9b\xc6!G\x801\x8ew\x07\x00\x00\x00\x00\x10\x8b\xf7\xa2\x40\x99\xf0\xf3P\xc4\xb0\x85\x00\x00\x00\x00\x10\x8b\xf7\xa2\x7b\x08\x1d\xcf\xc3\x04\xdcz\x00\x00\x00\x00\x10\x8b\xf7\xa2\x5cJ\xf6\x0fB\xd0\x05\xee\x00\x00\x00\x00\x10\x8b\xf7\xa2\xcc\x5d7o\xe0\x08\xff\xd3\x00\x00\x00\x00\x19\x1d\xfdEbL\x2b\xe7Y\xcb4\xa8\x00\x00\x00\x00\x19\x1d\xfdE\x11\xda\xe3\x7c\xb1o\xfe\x0a\x00\x00\x00\x00\x95Dj\x9b\xeeJM\xb14\x03\xb7\xa5\x00\x00\x00\x00\x95Dj\x9b\x7drI\x8f\x01\xb1W\xe7\x00\x00\x00\x00\x10\x8b\xf7\xa2\xd4N\x17\x0d\x0c\xd4\x23\x92\x00\x00\x00\x00\x95Dj\x9b\xc7I\xe0\xfc\xcf\x7dW\x2d\x00\x00\x00\x00\x10\x8b\xf7\xa2\x07\xb4\xf1\xd4\xaf\xcb\x1f\xe7\x00\x00\x00\x00\x95Dj\x9b\xc5\xf4\xde\xdf\x11\xdbo\xb6\x00\x00\x00\x00\x95Dj\x9b\xe0\x9c\xab\x0b\xc6s\x27O\x00\x00\x00\x00\x19\x1d\xfdE\xc1R\x5d?\xbb\xb9a\x7f\x00\x00\x00\x00\x95Dj\x9bGK\x7c\xdb\xff\x8b\x93\x0a\x00\x00\x00\x00\x19\x1d\xfdE\xcd\xfd\x5eH\xd7\xa1\xc0\x99\x00\x00\x00\x00\x10\x8b\xf7\xa2\xddc\x2f\xa6\x08\x95\xcb\xd0\x00\x00\x00\x00\x95Dj\x9b\x03kz\xf6wR\x93\xf3\x00\x00\x00\x00</data></write>
    <write><data>\xe4\x5c\x3c\x90</data></write>
    <read><length>4</length><match><data>\xff\xff\xff\xab</data></match></read>
    <write><data>\xe3\xba\xa7\x7d</data></write>
    <read><length>4</length><match><data>\x00\x00\x00\x00</data></match></read>
</replay>
</pov>