<?xml version="1.0" standalone="no" ?>
<!DOCTYPE pov SYSTEM "/usr/share/cgc-docs/replay.dtd">
<pov>
<cbid>service</cbid>
<seed>4a3fdc552f95b41acdbc024faeb6de4194ac46243c905864850cb1151e9b880110a5537611f86c7fef6ca3edea897300</seed>
<replay>
    <read><length>2</length><match><data>\x89\xff</data></match></read>
    <write><data>\x1b\x00\x00\x00</data></write>
    <write><data>\xe4\x5c\x3c\x90</data></write>
    <write><data>\xd9\xb1\xe1d\x1e\xe03D</data></write>
    <write><data>\x00\x60\xd2?</data></write>
    <write><data>s\x02M:\x84\x13\xfb\xc1</data></write>
    <write><data>\x7f\xc0j\xc6</data></write>
    <write><data>\x28\x05X\x0e\x8f\x3e\xe7Q</data></write>
    <write><data>\x7f\xc0j\xc6</data></write>
    <write><data>\x25\xb9\xb0\x8ab\x88\x05\x27</data></write>
    <write><data>\x7f\xc0j\xc6</data></write>
    <write><data>2g\x23Wr\x93\x2f9</data></write>
    <write><data>\xe4\x5c\x3c\x90</data></write>
    <write><data>\x06\xd2\x8e\xb3wd\x1d\x03</data></write>
    <write><data>\x00\x60\xd2?</data></write>
    <write><data>m\xa0\xc6\x94\x92e\xa3\xa5</data></write>
    <write><data>\x3d\x98\x22\xae</data></write>
    <read><length>28</length><match><data>\x80\x91\x15\xa9\xd5\xcb\xa4\xe0\x22\xc6p\xbcL0\xabcI\xd3\xf3\x1d\x066\xac\xb6\xb3\x7e\xf9\x9c</data></match></read>
    <write><data>\x7f\xc0j\xc6</data></write>
    <write><data>\xf7\x9f\xa2o\x04\x81\x5e\xdd</data></write>
    <write><data>\x3d\x98\x22\xae</data></write>
    <read><length>32</length><match><data>\x80\x91\x15\xa9\xd5\xcb\xa4\xe0\x22\xc6p\xbcL0\xabcI\xd3\xf3\x1d\x066\xac\xb6\xb3\x7e\xf9\x9c\x7c\x1eD\x92</data></match></read>
    <write><data>\xe4\x5c\x3c\x90</data></write>
    <write><data>\xd7\x22\xf9\xd0h\x9b\xce\xd7</data></write>
    <write><data>\x7f\xc0j\xc6</data></write>
    <write><data>\xc4cV\xc6\x0a\x06\x16\x2c</data></write>
    <write><data>\x3d\x98\x22\xae</data></write>
    <read><length>40</length><match><data>\x80\x91\x15\xa9\xd5\xcb\xa4\xe0\x22\xc6p\xbcL0\xabcI\xd3\xf3\x1d\x066\xac\xb6\xb3\x7e\xf9\x9c\x7c\x1eD\x92\xc8\xbd\xc7\xa8C\x5d\x40\x9a</data></match></read>
    <write><data>\x7f\xc0j\xc6</data></write>
    <write><data>\x12\x7b\x0fJ\x1c\x91\x91\x03</data></write>
    <write><data>\xad\xa85\xb6</data></write>
    <write><data>\x07\x00\x00\x00</data></write>
    <write><data>\x19\x1d\xfdEU1\xac\xd67\x2b\x5d\xbc\x00\x00\x00\x00\x10\x8b\xf7\xa2\xa8\x0f\xec\x40\xe5\x87f\xdf\x00\x00\x00\x00\x95Dj\x9b\xa8\x90e\x81DWj\xd6\x00\x00\x00\x00\x19\x1d\xfdEX\xc2\x8e\x3e\xb6\x245\x93\x00\x00\x00\x00\x95Dj\x9bX\x13\x90\x5e\xba8d\x05\x00\x00\x00\x00\x10\x8b\xf7\xa2\xfa\x8bf4\xec\xcd\xfe\x2d\x00\x00\x00\x00\x95Dj\x9b\x40\xe8\x05\x06\x0c\x0f\xca\x7e\x00\x00\x00\x00</data></write>
    <write><data>\x7f\xc0j\xc6</data></write>
    <read><length>4</length><match><data>\xff\xff\xff\xab</data></match></read>
    <write><data>\xb4\x3c\x5c\x28</data></write>
    <read><length>463</length><match><data>\x0aSlot \x2301\x0aA: \x2d693358251\x2c B: \x2d1134744777\x0aResult of A \x2b B: \x2d1828103147\x0aSlot \x2302\x0aA: 1089212328\x2c B: \x2d546928667\x0aResult of A \x2a B: 609982673\x0aSlot \x2303\x0aA: \x2d2124050264\x2c B: \x2d697673916\x0aResult of A \x2d B: \x2d1426376467\x0aSlot \x2304\x0aA: 1049543256\x2c B: \x2d1825233738\x0aResult of A \x2b B: \x2d775690601\x0aSlot \x2305\x0aA: 1586500440\x2c B: 90454202\x0aResult of A \x2d B: 1496046119\x0aSlot \x2306\x0aA: 879135738\x2c B: 771673580\x0aResult of A \x2a B: 1085029377\x0aSlot \x2307\x0aA: 101050432\x2c B: 2127171340\x0aResult of A \x2d B: \x2d2026121027\x0a</data></match></read>
    <write><data>\x7f\xc0j\xc6</data></write>
    <read><length>4</length><match><data>\xff\xff\xff\xab</data></match></read>
    <write><data>\x00\x60\xd2?</data></write>
    <read><length>4</length><match><data>\xff\xff\xff\xab</data></match></read>
    <write><data>\xad\xa85\xb6</data></write>
    <write><data>\x09\x00\x00\x00</data></write>
    <write><data>\x19\x1d\xfdE\xf1\x0f\x96\x13t\xd9\x00\x1a\x00\x00\x00\x00\x95Dj\x9b\xa3\x0c\xa8l\x0f\xa4\x80V\x00\x00\x00\x00\x95Dj\x9b\xb2\xac\xb9\x9e\x7f\xc5a\xa8\x00\x00\x00\x00\x95Dj\x9b\xdc\xc3\xbf\x26\xf5\x7ex\xc8\x00\x00\x00\x00\x95Dj\x9b\x1c\xeb\x94\xef\x01\x2d\xc2\xbb\x00\x00\x00\x00\x95Dj\x9b\xc2\x04\x19\x09\x1d?\x89B\x00\x00\x00\x00\x10\x8b\xf7\xa2\xd4v.\x5d\xe0\xe1\x08\xc0\x00\x00\x00\x00\x19\x1d\xfdE\xd5\x97\x22z\xads\xc8x\x00\x00\x00\x00\x95Dj\x9b\xf5\x0d\xc7\x25:e\x2a\xbf\x00\x00\x00\x00</data></write>
    <write><data>\xe4\x5c\x3c\x90</data></write>
    <read><length>4</length><match><data>\xff\xff\xff\xab</data></match></read>
    <write><data>\x7f\xc0j\xc6</data></write>
    <read><length>4</length><match><data>\xff\xff\xff\xab</data></match></read>
    <write><data>\x00\x60\xd2?</data></write>
    <read><length>4</length><match><data>\xff\xff\xff\xab</data></match></read>
    <write><data>\x7f\xc0j\xc6</data></write>
    <read><length>4</length><match><data>\xff\xff\xff\xab</data></match></read>
    <write><data>\x00\x60\xd2?</data></write>
    <read><length>4</length><match><data>\xff\xff\xff\xab</data></match></read>
    <write><data>\xb4\x3c\x5c\x28</data></write>
    <read><length>591</length><match><data>\x0aSlot \x2301\x0aA: 328601585\x2c B: 436263284\x0aResult of A \x2b B: 764864750\x0aSlot \x2302\x0aA: 1822952611\x2c B: 1451271183\x0aResult of A \x2d B: 371681309\x0aSlot \x2303\x0aA: \x2d1631998798\x2c B: \x2d1469987457\x0aResult of A \x2d B: \x2d162011460\x0aSlot \x2304\x0aA: 650101724\x2c B: \x2d931627275\x0aResult of A \x2d B: 1581728880\x0aSlot \x2305\x0aA: \x2d275453156\x2c B: \x2d1144902399\x0aResult of A \x2d B: 869449124\x0aSlot \x2306\x0aA: 152634562\x2c B: 1116290845\x0aResult of A \x2d B: \x2d963656402\x0aSlot \x2307\x0aA: 1563326164\x2c B: \x2d1073159712\x0aResult of A \x2a B: 364399881\x0aSlot \x2308\x0aA: 2049087445\x2c B: 2026402733\x0aResult of A \x2b B: \x2d219477237\x0aSlot \x2309\x0aA: 633802229\x2c B: \x2d1087740614\x0aResult of A \x2d B: 1721542724\x0a</data></match></read>
    <write><data>\x00\x60\xd2?</data></write>
    <read><length>4</length><match><data>\xff\xff\xff\xab</data></match></read>
    <write><data>\xe3\xba\xa7\x7d</data></write>
    <read><length>4</length><match><data>\x00\x00\x00\x00</data></match></read>
</replay>
</pov>