<?xml version="1.0" standalone="no" ?>
<!DOCTYPE pov SYSTEM "/usr/share/cgc-docs/replay.dtd">
<pov>
<cbid>service</cbid>
<seed>e7ceef15720cb0e1286edd38a7b0a4db7fca46ca7614eccabed408e04cd026a26c3f5df485e25287e7f560fd4ec787e2</seed>
<replay>
    <read><length>2</length><match><data>x\x00</data></match></read>
    <write><data>\x17\x00\x00\x00</data></write>
    <write><data>\x7f\xc0j\xc6</data></write>
    <write><data>L\xcdE\x99\xc4\xa5S\x86</data></write>
    <write><data>\x00\x60\xd2?</data></write>
    <write><data>\xf7\x2al\xe5\xd4\x85\xe7E</data></write>
    <write><data>\xad\xa85\xb6</data></write>
    <write><data>\x1e\x00\x00\x00</data></write>
    <write><data>\x19\x1d\xfdE\x23m\xadb\x1e\x8b\x92\xf6\x00\x00\x00\x00\x10\x8b\xf7\xa2\x2d\x1b\xdb\xe1L\xa4\xc5\x9f\x00\x00\x00\x00\x19\x1d\xfdED\x9a\xf0\x3d\x83\x1eNQ\x00\x00\x00\x00\x10\x8b\xf7\xa2\x81\x2c\xe8\xfd\xb8\x60\xe6\x60\x00\x00\x00\x00\x10\x8b\xf7\xa2\x3c\x84\x85\x7cZ\xe6\xd2B\x00\x00\x00\x00\x10\x8b\xf7\xa2X\x85\xc4\xff\xa6\x7d\x1c\xc5\x00\x00\x00\x00\x19\x1d\xfdE\x11\xd2 :\xeb\xcf\xe3\xf7\x00\x00\x00\x00\x19\x1d\xfdEa\xa1\x80\xac\xf2\xc1Ka\x00\x00\x00\x00\x95Dj\x9b\xd7\xb5\x5b\x11:w\x92\xcc\x00\x00\x00\x00\x95Dj\x9b\xf7e\x86Iw\xbd\xaf\x8e\x00\x00\x00\x00\x19\x1d\xfdE\x7f\x22\x05\xe6\xd8\xc5\x03\xf9\x00\x00\x00\x00\x10\x8b\xf7\xa2\xd8\xd07\x9d\x5f\x09\x1d\xfd\x00\x00\x00\x00\x10\x8b\xf7\xa2Q\x23\x84\xe1\x98fh\xd9\x00\x00\x00\x00\x95Dj\x9br\x88\x2bp\xcb\x2a\x26\xbd\x00\x00\x00\x00\x95Dj\x9b\x97\xe5\xee\x10U\xebx\xf9\x00\x00\x00\x00\x10\x8b\xf7\xa2S5\xa7\xf53\x14\xb4C\x00\x00\x00\x00\x19\x1d\xfdE\xdeVZ9\x05\x89o\x90\x00\x00\x00\x00\x95Dj\x9b\xa9\x7f\x5e\x19n\x9c\x05\xc9\x00\x00\x00\x00\x95Dj\x9b\x1fv.\x8d\xb9\x60X\xeb\x00\x00\x00\x00\x95Dj\x9bn\xeeG\xb9\x23\xfc\xa2R\x00\x00\x00\x00\x10\x8b\xf7\xa2\xe0\x3eT\xdd\xd3x \xbc\x00\x00\x00\x00\x95Dj\x9b\x848\x11\xc9\xec\xda\xbe\x27\x00\x00\x00\x00\x19\x1d\xfdE\xa0:\x86O\xef\x9a\x29\x1b\x00\x00\x00\x00\x95Dj\x9b\xf6\x9a\x16\x08\x13\x7f\x8a\xdb\x00\x00\x00\x00\x95Dj\x9b\x17\xa0\x89\x859\xf6\x7b!\x00\x00\x00\x00\x95Dj\x9b\xfc\x8fb\x7f\xf0\xf06\xe9\x00\x00\x00\x00\x19\x1d\xfdE\xd5\xdd\xdbt\xc0\x92\xfca\x00\x00\x00\x00\x10\x8b\xf7\xa2\xb69\x7c\x5e\xe3\x23P\x99\x00\x00\x00\x00\x95Dj\x9b8\xb3b\xa68\x28\x01\x7f\x00\x00\x00\x00\x95Dj\x9b\x1b\x0d\xa5\xc9\x22\x2b\x0eE\x00\x00\x00\x00</data></write>
    <write><data>\x3d\x98\x22\xae</data></write>
    <read><length>120</length><match><data>\xb9\xf8?Y\xd4\xe5\x15G?\xb9\x3e\x8f0\x5dv\xeb\x90e\xf6\xac\x88o\x2a\x1ct\xa2\x042\xcbc\xcc\x0d\x15?\xc9D\xf8\xa8\xd6\xba\xcf\xe8\x08\xdf\xa0\x18\x86n\x90\x3eo\x8e\x1f\x5e\x05\xb3\xba\xfau\x17\x01\x1c\xd67\x5b\xe0\xc9\xc9\xb3\xe3XP\xde\x15\xd6\xa1\xc3\xf2\xa4f\x18\xd3\xe8E\x10\x5eR\xa1\x07\xd6\xafj\x5b\x1c\x8c\x2cV\xaa\x0dd\x84\x9f\x2b\x96\x0dq\xd8\xd6\xda\x0e\xeb\x92x\x8ba\x27q\xe2\x96\x84</data></match></read>
    <write><data>\xe4\x5c\x3c\x90</data></write>
    <read><length>4</length><match><data>\xff\xff\xff\xab</data></match></read>
    <write><data>\x00\x60\xd2?</data></write>
    <read><length>4</length><match><data>\xff\xff\xff\xab</data></match></read>
    <write><data>\x3d\x98\x22\xae</data></write>
    <read><length>120</length><match><data>\xb9\xf8?Y\xd4\xe5\x15G?\xb9\x3e\x8f0\x5dv\xeb\x90e\xf6\xac\x88o\x2a\x1ct\xa2\x042\xcbc\xcc\x0d\x15?\xc9D\xf8\xa8\xd6\xba\xcf\xe8\x08\xdf\xa0\x18\x86n\x90\x3eo\x8e\x1f\x5e\x05\xb3\xba\xfau\x17\x01\x1c\xd67\x5b\xe0\xc9\xc9\xb3\xe3XP\xde\x15\xd6\xa1\xc3\xf2\xa4f\x18\xd3\xe8E\x10\x5eR\xa1\x07\xd6\xafj\x5b\x1c\x8c\x2cV\xaa\x0dd\x84\x9f\x2b\x96\x0dq\xd8\xd6\xda\x0e\xeb\x92x\x8ba\x27q\xe2\x96\x84</data></match></read>
    <write><data>\x3d\x98\x22\xae</data></write>
    <read><length>120</length><match><data>\xb9\xf8?Y\xd4\xe5\x15G?\xb9\x3e\x8f0\x5dv\xeb\x90e\xf6\xac\x88o\x2a\x1ct\xa2\x042\xcbc\xcc\x0d\x15?\xc9D\xf8\xa8\xd6\xba\xcf\xe8\x08\xdf\xa0\x18\x86n\x90\x3eo\x8e\x1f\x5e\x05\xb3\xba\xfau\x17\x01\x1c\xd67\x5b\xe0\xc9\xc9\xb3\xe3XP\xde\x15\xd6\xa1\xc3\xf2\xa4f\x18\xd3\xe8E\x10\x5eR\xa1\x07\xd6\xafj\x5b\x1c\x8c\x2cV\xaa\x0dd\x84\x9f\x2b\x96\x0dq\xd8\xd6\xda\x0e\xeb\x92x\x8ba\x27q\xe2\x96\x84</data></match></read>
    <write><data>\x7f\xc0j\xc6</data></write>
    <read><length>4</length><match><data>\xff\xff\xff\xab</data></match></read>
    <write><data>\xad\xa85\xb6</data></write>
    <write><data>\x0f\x00\x00\x00</data></write>
    <write><data>\x19\x1d\xfdE\x04n\x0dl\xacn\xa0\xed\x00\x00\x00\x00\x95Dj\x9b\x89\x81h\x01\xc6\x3bhL\x00\x00\x00\x00\x95Dj\x9bI\xd4\x01J\x0a\x60\xa00\x00\x00\x00\x00\x10\x8b\xf7\xa2\xbeDY\xf6\xf4\x16\x90\xc0\x00\x00\x00\x00\x10\x8b\xf7\xa2\x1b\xe1yv\xf3\x23\x9b\xac\x00\x00\x00\x00\x19\x1d\xfdE.\xa5\x91\xbdma\xd6\xf9\x00\x00\x00\x00\x19\x1d\xfdE\xda\x07\xaa\x90\xcd\x1e\x3dI\x00\x00\x00\x00\x95Dj\x9br\xe7T?\x91\xcd\xc5\x2d\x00\x00\x00\x00\x19\x1d\xfdE\x7ek\x0br\x28\xa0\x2a\xe0\x00\x00\x00\x00\x10\x8b\xf7\xa2\xdc\xc3\xfb?\xf5\xcd\xa9\xe6\x00\x00\x00\x00\x10\x8b\xf7\xa2\x13fPlA\xc1O\xdd\x00\x00\x00\x00\x19\x1d\xfdE\xa1\x00F\xc7\xa6\x9c\x069\x00\x00\x00\x00\x10\x8b\xf7\xa2\x22\xa0:\xf3\xd8\x3c\xa5\x2f\x00\x00\x00\x00\x95Dj\x9b\x7d\xf9\x0b\xd8\xcbCO\x0d\x00\x00\x00\x00\x10\x8b\xf7\xa2G\xfe\xb6\x8bW:\xde\xdc\x00\x00\x00\x00</data></write>
    <write><data>\x7f\xc0j\xc6</data></write>
    <read><length>4</length><match><data>\xff\xff\xff\xab</data></match></read>
    <write><data>\x7f\xc0j\xc6</data></write>
    <read><length>4</length><match><data>\xff\xff\xff\xab</data></match></read>
    <write><data>\xad\xa85\xb6</data></write>
    <write><data>\x09\x00\x00\x00</data></write>
    <write><data>\x19\x1d\xfdE\x14\x2f\x2a\x2cCTz\x14\x00\x00\x00\x00\x19\x1d\xfdE\x40?\xe8\xb9m\x60\xa5m\x00\x00\x00\x00\x19\x1d\xfdEd\x90\x0eE\xe2\x23\x3cU\x00\x00\x00\x00\x10\x8b\xf7\xa2\xe0\xd7R\x0b\x95\xedq\xb2\x00\x00\x00\x00\x19\x1d\xfdE\x9b\xd6\x29\x87\x24\x9f.\x00\x00\x00\x00\x00\x10\x8b\xf7\xa2h\xf8\xdb\xf70\xec\xaf\x5d\x00\x00\x00\x00\x10\x8b\xf7\xa2\xae\xf997\xe9\xc7\xc2\x9c\x00\x00\x00\x00\x95Dj\x9b\xc7N\x89\xdc\x5b\xb2\x87\x5e\x00\x00\x00\x00\x10\x8b\xf7\xa2\x89x\xed\x1a\x1e\xfd\xb58\x00\x00\x00\x00</data></write>
    <write><data>\xb4\x3c\x5c\x28</data></write>
    <read><length>591</length><match><data>\x0aSlot \x2301\x0aA: 740962068\x2c B: 343561283\x0aResult of A \x2b B: 1084523471\x0aSlot \x2302\x0aA: \x2d1175961792\x2c B: 1839554669\x0aResult of A \x2b B: 663592997\x0aSlot \x2303\x0aA: 1158582372\x2c B: 1430004706\x0aResult of A \x2b B: \x2d1706380098\x0aSlot \x2304\x0aA: 189978592\x2c B: \x2d1301156459\x0aResult of A \x2a B: 1391592920\x0aSlot \x2305\x0aA: \x2d2027301221\x2c B: 3055396\x0aResult of A \x2b B: \x2d2024245705\x0aSlot \x2306\x0aA: \x2d136578968\x2c B: 1571810352\x0aResult of A \x2a B: \x2d648645640\x0aSlot \x2307\x0aA: 926546350\x2c B: \x2d1664956439\x0aResult of A \x2a B: \x2d1833532970\x0aSlot \x2308\x0aA: \x2d594981177\x2c B: 1585951323\x0aResult of A \x2d B: 2114034916\x0aSlot \x2309\x0aA: 451770505\x2c B: 951450910\x0aResult of A \x2a B: 147883398\x0a</data></match></read>
    <write><data>\x3d\x98\x22\xae</data></write>
    <read><length>36</length><match><data>\xcf\x83\xa4\x40\x25\xa0\x8d\x27\xbe\xb4J\x9a\xd8\x05\xf2R7vX\x87\xf8sV\xd9\xd6\x81\xb6\x92\xe4\x9c\x01\x7e\x86\x85\xd0\x08</data></match></read>
    <write><data>\xad\xa85\xb6</data></write>
    <write><data>\x10\x00\x00\x00</data></write>
    <write><data>\x19\x1d\xfdE\xa8\xf3\x5f\x8e\xa8\xc1\x11R\x00\x00\x00\x00\x10\x8b\xf7\xa2\xf8F\xe8\xb0U\x13\x5e\x86\x00\x00\x00\x00\x19\x1d\xfdE\xc2\xe1:\xd1\x03v\x8ce\x00\x00\x00\x00\x19\x1d\xfdE!\xbe\x83\x5b\x03\xed\xd8Z\x00\x00\x00\x00\x19\x1d\xfdEF!\xa1\xe80\xbf\xbcr\x00\x00\x00\x00\x10\x8b\xf7\xa2\x7b\xe4L\xf1c\x90\x3b\xf9\x00\x00\x00\x00\x19\x1d\xfdE\x97jl\xf8u\xa5c\x0f\x00\x00\x00\x00\x19\x1d\xfdE\xf6q \xd2\x173\x10\x1a\x00\x00\x00\x00\x19\x1d\xfdE\x7cQ\x96 \xe1\x7fa\x11\x00\x00\x00\x00\x10\x8b\xf7\xa2\xc3\xa5\x81Y\x2c\xb0\xbb0\x00\x00\x00\x00\x10\x8b\xf7\xa2\xa6\xfd\x07\x8e\xd1\x92D\xc2\x00\x00\x00\x00\x10\x8b\xf7\xa2\xdc\x7c\xef\x5e\x07\x5e\x01z\x00\x00\x00\x00\x19\x1d\xfdE\xd0\xc0\xb9\xae\x83 dy\x00\x00\x00\x00\x95Dj\x9b\xb23\xb3\xc7\xadJ\xd2\x06\x00\x00\x00\x00\x10\x8b\xf7\xa2u\xaaS\x87F\x2d\x26\xbd\x00\x00\x00\x00\x95Dj\x9b\xf0\xd3\x9f\x7f\x93:\x40\xab\x00\x00\x00\x00</data></write>
    <write><data>\x3d\x98\x22\xae</data></write>
    <read><length>64</length><match><data>\xc8\xb5q\xe0\xd0\xf8s\xd9\x3dX\xc76\x9c\xab\x5c\xb6\xee\xe0\x5d\x5b\x09\x8c\x9a\xdc\x84\x10\xd0\x07\x85\xa50\xec\xd5\xd1\xf71\xfc\x8d\xaf\x29\xfe\xc0F\xaf\x7c2A\xdd\xcb\xe1\x1d\x28\x7d\xe9\xe0\xc0v\x2d5d\xd5\x99\x5f\xd4</data></match></read>
    <write><data>\x00\x60\xd2?</data></write>
    <read><length>4</length><match><data>\xff\xff\xff\xab</data></match></read>
    <write><data>\x00\x60\xd2?</data></write>
    <read><length>4</length><match><data>\xff\xff\xff\xab</data></match></read>
    <write><data>\x3d\x98\x22\xae</data></write>
    <read><length>64</length><match><data>\xc8\xb5q\xe0\xd0\xf8s\xd9\x3dX\xc76\x9c\xab\x5c\xb6\xee\xe0\x5d\x5b\x09\x8c\x9a\xdc\x84\x10\xd0\x07\x85\xa50\xec\xd5\xd1\xf71\xfc\x8d\xaf\x29\xfe\xc0F\xaf\x7c2A\xdd\xcb\xe1\x1d\x28\x7d\xe9\xe0\xc0v\x2d5d\xd5\x99\x5f\xd4</data></match></read>
    <write><data>\x00\x60\xd2?</data></write>
    <read><length>4</length><match><data>\xff\xff\xff\xab</data></match></read>
    <write><data>\x00\x60\xd2?</data></write>
    <read><length>4</length><match><data>\xff\xff\xff\xab</data></match></read>
    <write><data>\xb4\x3c\x5c\x28</data></write>
    <read><length>1058</length><match><data>\x0aSlot \x2301\x0aA: \x2d1906314328\x2c B: 1376895400\x0aResult of A \x2b B: \x2d529418808\x0aSlot \x2302\x0aA: \x2d1326954760\x2c B: \x2d2040655019\x0aResult of A \x2a B: \x2d646711088\x0aSlot \x2303\x0aA: \x2d784670270\x2c B: 1703704067\x0aResult of A \x2b B: 919033917\x0aSlot \x2304\x0aA: 1535360545\x2c B: 1524165891\x0aResult of A \x2b B: \x2d1235440740\x0aSlot \x2305\x0aA: \x2d392093370\x2c B: 1924972336\x0aResult of A \x2b B: 1532879086\x0aSlot \x2306\x0aA: \x2d246619013\x2c B: \x2d113536925\x0aResult of A \x2a B: \x2d593851383\x0aSlot \x2307\x0aA: \x2d127112553\x2c B: 258188661\x0aResult of A \x2b B: 131076228\x0aSlot \x2308\x0aA: \x2d769625610\x2c B: 437269271\x0aResult of A \x2b B: \x2d332356219\x0aSlot \x2309\x0aA: 546722172\x2c B: 291602401\x0aResult of A \x2b B: 838324693\x0aSlot \x2310\x0aA: 1501668803\x2c B: 817606700\x0aResult of A \x2a B: 699371004\x0aSlot \x2311\x0aA: \x2d1912078938\x2c B: \x2d1035693359\x0aResult of A \x2a B: \x2d1354317570\x0aSlot \x2312\x0aA: 1592753372\x2c B: 2046909959\x0aResult of A \x2a B: \x2d582929796\x0aSlot \x2313\x0aA: \x2d1363558192\x2c B: 2036605059\x0aResult of A \x2b B: 673046987\x0aSlot \x2314\x0aA: \x2d944557134\x2c B: 114444973\x0aResult of A \x2d B: \x2d1059001987\x0aSlot \x2315\x0aA: \x2d2024560011\x2c B: \x2d1121571514\x0aResult of A \x2a B: 1681206646\x0aSlot \x2316\x0aA: 2141180912\x2c B: \x2d1421854061\x0aResult of A \x2d B: \x2d731932203\x0a</data></match></read>
    <write><data>\x3d\x98\x22\xae</data></write>
    <read><length>64</length><match><data>\xc8\xb5q\xe0\xd0\xf8s\xd9\x3dX\xc76\x9c\xab\x5c\xb6\xee\xe0\x5d\x5b\x09\x8c\x9a\xdc\x84\x10\xd0\x07\x85\xa50\xec\xd5\xd1\xf71\xfc\x8d\xaf\x29\xfe\xc0F\xaf\x7c2A\xdd\xcb\xe1\x1d\x28\x7d\xe9\xe0\xc0v\x2d5d\xd5\x99\x5f\xd4</data></match></read>
    <write><data>\x00\x60\xd2?</data></write>
    <read><length>4</length><match><data>\xff\xff\xff\xab</data></match></read>
    <write><data>\x7f\xc0j\xc6</data></write>
    <read><length>4</length><match><data>\xff\xff\xff\xab</data></match></read>
    <write><data>\xe4\x5c\x3c\x90</data></write>
    <read><length>4</length><match><data>\xff\xff\xff\xab</data></match></read>
    <write><data>\xad\xa85\xb6</data></write>
    <write><data>\x04\x00\x00\x00</data></write>
    <write><data>\x19\x1d\xfdE\xff\x04A\xb2\x94\xfb\x1d\x27\x00\x00\x00\x00\x10\x8b\xf7\xa2w\xdfT\xca1t\x86j\x00\x00\x00\x00\x19\x1d\xfdE:E\xff\x3d\xa2DtJ\x00\x00\x00\x00\x10\x8b\xf7\xa2\xb9\xb3\x04\x1c\x2d\x2b\xe9\xc8\x00\x00\x00\x00</data></write>
    <write><data>\x00\x60\xd2?</data></write>
    <read><length>4</length><match><data>\xff\xff\xff\xab</data></match></read>
    <write><data>\xad\xa85\xb6</data></write>
    <write><data>\x0f\x00\x00\x00</data></write>
    <write><data>\x10\x8b\xf7\xa2\xda\xcem\x0b\x2ah\xb0W\x00\x00\x00\x00\x95Dj\x9b\xdb\xb7\xb8\x96\xd7\xa2\x60\x7b\x00\x00\x00\x00\x95Dj\x9b\xd0\x87\xe5M\xddb\xf2\xb8\x00\x00\x00\x00\x10\x8b\xf7\xa2\xf5S\xe0\x9f\xc8Y\x5d\xf5\x00\x00\x00\x00\x95Dj\x9b\x27\xa5\xdd\xb4\x92\xcf\xbf1\x00\x00\x00\x00\x19\x1d\xfdEu\x0c\x9aC\xeaZ\x88D\x00\x00\x00\x00\x19\x1d\xfdE\x90X\x18\xea.\x7f\xa1\xfd\x00\x00\x00\x00\x19\x1d\xfdE\xe7\xac\x10\x09\xf9\xfa\xb3\x05\x00\x00\x00\x00\x19\x1d\xfdE\xc3\x09\x3c1\x06\x1d\xb2\x8d\x00\x00\x00\x00\x19\x1d\xfdE\xa3\x0a\x9ce\x0c\xa0\xafs\x00\x00\x00\x00\x19\x1d\xfdEw\x25\x7bh9\x98\x82\x0e\x00\x00\x00\x00\x10\x8b\xf7\xa2\xafZ\x10\x02\x81\xcb\xb0\xbb\x00\x00\x00\x00\x10\x8b\xf7\xa2CH\xbbM\x95\x8b\xb2\x2b\x00\x00\x00\x00\x19\x1d\xfdE\xdd\x00\x06\xcbD\xdb\xafI\x00\x00\x00\x00\x10\x8b\xf7\xa28\x0d\x7f\x28xH\xb8\xe3\x00\x00\x00\x00</data></write>
    <write><data>\xad\xa85\xb6</data></write>
    <write><data>\x0b\x00\x00\x00</data></write>
    <write><data>\x19\x1d\xfdE0\xc2D\x020\xbe\x13\x0d\x00\x00\x00\x00\x95Dj\x9b\xffG\x91\x2bR\xf9\x14\x84\x00\x00\x00\x00\x10\x8b\xf7\xa2\xaaw\x16\x7c\xa0\x03\xb4\xfb\x00\x00\x00\x00\x10\x8b\xf7\xa2\xe4\x3e\x00\xaa\xee\x3c\x2f\xdc\x00\x00\x00\x00\x95Dj\x9b\xaaP\xd43!\xe7\xa0\xc9\x00\x00\x00\x00\x19\x1d\xfdEg\x2d\xe7j\xdc\x00\xc8\xf5\x00\x00\x00\x00\x10\x8b\xf7\xa2\xdc\x16\x9d\x944\xc3\xd8\x23\x00\x00\x00\x00\x10\x8b\xf7\xa2\x98\xf9\x40\xb8\x86U\x15\x0a\x00\x00\x00\x00\x95Dj\x9b\x7f\xea\x27\xe8\x12\xd4x\x2c\x00\x00\x00\x00\x95Dj\x9b\x03\xa3\x8c\xb7\x1be\xfb\x01\x00\x00\x00\x00\x19\x1d\xfdE\xbb\xf8\xa9y\x17\x3c\xffc\x00\x00\x00\x00</data></write>
    <write><data>\x7f\xc0j\xc6</data></write>
    <read><length>4</length><match><data>\xff\xff\xff\xab</data></match></read>
    <write><data>\xb4\x3c\x5c\x28</data></write>
    <read><length>724</length><match><data>\x0aSlot \x2301\x0aA: 38060592\x2c B: 219397680\x0aResult of A \x2b B: 257458392\x0aSlot \x2302\x0aA: 730941439\x2c B: \x2d2079000238\x0aResult of A \x2d B: \x2d1485025499\x0aSlot \x2303\x0aA: 2081847210\x2c B: \x2d72088672\x0aResult of A \x2a B: \x2d1560688456\x0aSlot \x2304\x0aA: \x2d1442824476\x2c B: \x2d600883986\x0aResult of A \x2a B: \x2d1764497296\x0aSlot \x2305\x0aA: 869552298\x2c B: \x2d912201951\x0aResult of A \x2d B: 1781754369\x0aSlot \x2306\x0aA: 1793535335\x2c B: \x2d171441956\x0aResult of A \x2b B: 1622093499\x0aSlot \x2307\x0aA: \x2d1801644324\x2c B: 601408308\x0aResult of A \x2a B: 905066792\x0aSlot \x2308\x0aA: \x2d1203701352\x2c B: 169170310\x0aResult of A \x2a B: 1851399688\x0aSlot \x2309\x0aA: \x2d400037249\x2c B: 746116114\x0aResult of A \x2d B: \x2d1146153243\x0aSlot \x2310\x0aA: \x2d1215519997\x2c B: 33252635\x0aResult of A \x2d B: \x2d1248772512\x0aSlot \x2311\x0aA: 2041182395\x2c B: 1677671447\x0aResult of A \x2b B: \x2d576113334\x0a</data></match></read>
    <write><data>\x00\x60\xd2?</data></write>
    <read><length>4</length><match><data>\xff\xff\xff\xab</data></match></read>
    <write><data>\xb4\x3c\x5c\x28</data></write>
    <read><length>724</length><match><data>\x0aSlot \x2301\x0aA: 38060592\x2c B: 219397680\x0aResult of A \x2b B: 257458392\x0aSlot \x2302\x0aA: 730941439\x2c B: \x2d2079000238\x0aResult of A \x2d B: \x2d1485025499\x0aSlot \x2303\x0aA: 2081847210\x2c B: \x2d72088672\x0aResult of A \x2a B: \x2d1560688456\x0aSlot \x2304\x0aA: \x2d1442824476\x2c B: \x2d600883986\x0aResult of A \x2a B: \x2d1764497296\x0aSlot \x2305\x0aA: 869552298\x2c B: \x2d912201951\x0aResult of A \x2d B: 1781754369\x0aSlot \x2306\x0aA: 1793535335\x2c B: \x2d171441956\x0aResult of A \x2b B: 1622093499\x0aSlot \x2307\x0aA: \x2d1801644324\x2c B: 601408308\x0aResult of A \x2a B: 905066792\x0aSlot \x2308\x0aA: \x2d1203701352\x2c B: 169170310\x0aResult of A \x2a B: 1851399688\x0aSlot \x2309\x0aA: \x2d400037249\x2c B: 746116114\x0aResult of A \x2d B: \x2d1146153243\x0aSlot \x2310\x0aA: \x2d1215519997\x2c B: 33252635\x0aResult of A \x2d B: \x2d1248772512\x0aSlot \x2311\x0aA: 2041182395\x2c B: 1677671447\x0aResult of A \x2b B: \x2d576113334\x0a</data></match></read>
    <write><data>\x00\x60\xd2?</data></write>
    <read><length>4</length><match><data>\xff\xff\xff\xab</data></match></read>
    <write><data>\xe3\xba\xa7\x7d</data></write>
    <read><length>4</length><match><data>\x00\x00\x00\x00</data></match></read>
</replay>
</pov>