<?xml version="1.0" standalone="no" ?>
<!DOCTYPE pov SYSTEM "/usr/share/cgc-docs/replay.dtd">
<pov>
<cbid>service</cbid>
<seed>0bba80ef526184be63d1ae21f7cf20fc7ac0f38ea59aaa02e7574120490fdd942194568a89121ec7b08e9ba99dc73b40</seed>
<replay>
    <read><length>2</length><match><data>\xcc\xff</data></match></read>
    <write><data>\x17\x00\x00\x00</data></write>
    <write><data>\x7f\xc0j\xc6</data></write>
    <write><data>Q\x90\x0c\xdcY\x15\x3c\x1d</data></write>
    <write><data>\x00\x60\xd2?</data></write>
    <write><data>\x7f\x03H\xa3\xfaGRs</data></write>
    <write><data>\xb4\x3c\x5c\x28</data></write>
    <read><length>135</length><match><data>\x0aSlot \x2301\x0aA: \x2d603156399\x2c B: 490476889\x0aResult of A \x2d B: \x2d1093633340\x0aSlot \x2302\x0aA: \x2d1555561601\x2c B: 1934772218\x0aResult of A \x2a B: \x2d1728470318\x0a</data></match></read>
    <write><data>\xad\xa85\xb6</data></write>
    <write><data>\x07\x00\x00\x00</data></write>
    <write><data>\x95Dj\x9b\xfa\xd7\xebf\xf8\x13N\x1d\x00\x00\x00\x00\x95Dj\x9b7\x98\xbe\xaa\xbf\xd9k\x8b\x00\x00\x00\x00\x10\x8b\xf7\xa2\xd2\x9e\x07\x83\x1a\xb7\xfaE\x00\x00\x00\x00\x19\x1d\xfdEZ\xf3LOi\x7d\xc9\xbc\x00\x00\x00\x00\x10\x8b\xf7\xa2H\xb9\x991\xca\x1c\x09\x25\x00\x00\x00\x00\x10\x8b\xf7\xa2\xb8.\x3e\x7b\xcf\x87\x83D\x00\x00\x00\x00\x95Dj\x9b\xc0RT\x91\x92\xdd\x27\x7f\x00\x00\x00\x00</data></write>
    <write><data>\xb4\x3c\x5c\x28</data></write>
    <read><length>461</length><match><data>\x0aSlot \x2301\x0aA: 1726732282\x2c B: 491656184\x0aResult of A \x2d B: 1235076046\x0aSlot \x2302\x0aA: \x2d1430349769\x2c B: \x2d1955866177\x0aResult of A \x2d B: 525516356\x0aSlot \x2303\x0aA: \x2d2096652590\x2c B: 1174058778\x0aResult of A \x2a B: 1952595744\x0aSlot \x2304\x0aA: 1330443098\x2c B: \x2d1127645847\x0aResult of A \x2b B: 202797199\x0aSlot \x2305\x0aA: 832158024\x2c B: 621354186\x0aResult of A \x2a B: \x2d552070500\x0aSlot \x2306\x0aA: 2067672760\x2c B: 1149470671\x0aResult of A \x2a B: 974311060\x0aSlot \x2307\x0aA: \x2d1856744768\x2c B: 2133319058\x0aResult of A \x2d B: 304903418\x0a</data></match></read>
    <write><data>\x3d\x98\x22\xae</data></write>
    <read><length>28</length><match><data>\xce\xc3\x9dID\xbeR\x1f ?bt\x8fp\x16\x0c\x9c\x12\x18\xdf\x94\xce\x12:\xfat\x2c\x12</data></match></read>
    <write><data>\x7f\xc0j\xc6</data></write>
    <read><length>4</length><match><data>\xff\xff\xff\xab</data></match></read>
    <write><data>\xe4\x5c\x3c\x90</data></write>
    <read><length>4</length><match><data>\xff\xff\xff\xab</data></match></read>
    <write><data>\x00\x60\xd2?</data></write>
    <read><length>4</length><match><data>\xff\xff\xff\xab</data></match></read>
    <write><data>\xad\xa85\xb6</data></write>
    <write><data>\x0b\x00\x00\x00</data></write>
    <write><data>\x19\x1d\xfdEHA\xa0B\x5e\x08\x98\x7e\x00\x00\x00\x00\x95Dj\x9b\x5fEUkJaL\xe4\x00\x00\x00\x00\x10\x8b\xf7\xa2\xc1\x2c\x12\xe8\xb5\x7b\x10\xb4\x00\x00\x00\x00\x10\x8b\xf7\xa2\xac\xa59f\xe2\x26\xc6\xef\x00\x00\x00\x00\x19\x1d\xfdE\xa9\xb3\xd3\x7eV\x8b\xee\xad\x00\x00\x00\x00\x95Dj\x9bw\xf5\x1a\xf4\x13\xf1\x81\xa9\x00\x00\x00\x00\x10\x8b\xf7\xa2\x8a\xd6\x8b\xfe\x5e\x2c\x27.\x00\x00\x00\x00\x10\x8b\xf7\xa2UH\x07\x8a\xe3A\xfbW\x00\x00\x00\x00\x95Dj\x9b\xb2\xf2\x5f\xd8\x0e\xc0\x1ao\x00\x00\x00\x00\x19\x1d\xfdE\xa5\x5eE\xee\x2d\xac\x9f\x8c\x00\x00\x00\x00\x19\x1d\xfdEi5\x13:\xc2\xae\x03\xe7\x00\x00\x00\x00</data></write>
    <write><data>\x3d\x98\x22\xae</data></write>
    <read><length>44</length><match><data>rI8\xc1\xe1\xe3\x08\x87A\x5fjP\xa4\xc9\x83\x84\xcb\x3e\xc2\x2c0\x04\x99Jx\x7e\x3e\xfb\x2b\xb8\x29\x0cp2Ei\x9e\x0a\xe5z\xf7\xe3\x16!</data></match></read>
    <write><data>\xb4\x3c\x5c\x28</data></write>
    <read><length>728</length><match><data>\x0aSlot \x2301\x0aA: 1117798728\x2c B: 2123892830\x0aResult of A \x2b B: \x2d1053275790\x0aSlot \x2302\x0aA: 1800750431\x2c B: \x2d464756406\x0aResult of A \x2d B: \x2d2029460511\x0aSlot \x2303\x0aA: \x2d401462079\x2c B: \x2d1273988171\x0aResult of A \x2a B: 1349148481\x0aSlot \x2304\x0aA: 1715053996\x2c B: \x2d272226590\x0aResult of A \x2a B: \x2d2071737948\x0aSlot \x2305\x0aA: 2127803305\x2c B: \x2d1376875690\x0aResult of A \x2b B: 750927563\x0aSlot \x2306\x0aA: \x2d199559817\x2c B: \x2d1451101933\x0aResult of A \x2d B: 1251542064\x0aSlot \x2307\x0aA: \x2d24390006\x2c B: 774319198\x0aResult of A \x2a B: \x2d79790472\x0aSlot \x2308\x0aA: \x2d1979234219\x2c B: 1476084195\x0aResult of A \x2a B: 204060715\x0aSlot \x2309\x0aA: \x2d664800590\x2c B: 1864024078\x0aResult of A \x2d B: 1766142576\x0aSlot \x2310\x0aA: \x2d297443675\x2c B: \x2d1935692755\x0aResult of A \x2b B: 2061830814\x0aSlot \x2311\x0aA: 974337385\x2c B: \x2d419189054\x0aResult of A \x2b B: 555148279\x0a</data></match></read>
    <write><data>\x00\x60\xd2?</data></write>
    <read><length>4</length><match><data>\xff\xff\xff\xab</data></match></read>
    <write><data>\x00\x60\xd2?</data></write>
    <read><length>4</length><match><data>\xff\xff\xff\xab</data></match></read>
    <write><data>\xad\xa85\xb6</data></write>
    <write><data>\x06\x00\x00\x00</data></write>
    <write><data>\x19\x1d\xfdE\x0cg\x1e\x00\x08\xb7\xc0\xcd\x00\x00\x00\x00\x19\x1d\xfdE\xc3\xcf\x03\x04Q\x9f\x1c\xa9\x00\x00\x00\x00\x95Dj\x9b\x2fC\x1dG\xaa\x03\x91\xe7\x00\x00\x00\x00\x95Dj\x9b\x00\x1cj\xed \xa4a\x5c\x00\x00\x00\x00\x95Dj\x9b\xb2\xf7\x0fH\x85\x99\xe5p\x00\x00\x00\x00\x19\x1d\xfdE\x28\x249\x7eQk\x05\x3b\x00\x00\x00\x00</data></write>
    <write><data>\xe4\x5c\x3c\x90</data></write>
    <read><length>4</length><match><data>\xff\xff\xff\xab</data></match></read>
    <write><data>\xe4\x5c\x3c\x90</data></write>
    <read><length>4</length><match><data>\xff\xff\xff\xab</data></match></read>
    <write><data>\xe4\x5c\x3c\x90</data></write>
    <read><length>4</length><match><data>\xff\xff\xff\xab</data></match></read>
    <write><data>\xb4\x3c\x5c\x28</data></write>
    <read><length>395</length><match><data>\x0aSlot \x2301\x0aA: 1992460\x2c B: \x2d843008248\x0aResult of A \x2b B: \x2d841015840\x0aSlot \x2302\x0aA: 67358659\x2c B: \x2d1457741999\x0aResult of A \x2b B: \x2d1390383392\x0aSlot \x2303\x0aA: 1193100079\x2c B: \x2d409926742\x0aResult of A \x2d B: 1603026769\x0aSlot \x2304\x0aA: \x2d311813120\x2c B: 1549902880\x0aResult of A \x2d B: \x2d1861716052\x0aSlot \x2305\x0aA: 1209006002\x2c B: 1894095237\x0aResult of A \x2d B: \x2d685089287\x0aSlot \x2306\x0aA: 2117674024\x2c B: 990210897\x0aResult of A \x2b B: \x2d1187082427\x0a</data></match></read>
    <write><data>\x00\x60\xd2?</data></write>
    <read><length>4</length><match><data>\xff\xff\xff\xab</data></match></read>
    <write><data>\x00\x60\xd2?</data></write>
    <read><length>4</length><match><data>\xff\xff\xff\xab</data></match></read>
    <write><data>\x3d\x98\x22\xae</data></write>
    <read><length>24</length><match><data>\xe0\x1d\xdf\xcd\xe0n \xadQ?\x8c\x5f\xacw\x08\x91\xf9\x5d\x2a\xd7E\x8f\x3e\xb9</data></match></read>
    <write><data>\x7f\xc0j\xc6</data></write>
    <read><length>4</length><match><data>\xff\xff\xff\xab</data></match></read>
    <write><data>\x7f\xc0j\xc6</data></write>
    <read><length>4</length><match><data>\xff\xff\xff\xab</data></match></read>
    <write><data>\xb4\x3c\x5c\x28</data></write>
    <read><length>395</length><match><data>\x0aSlot \x2301\x0aA: 1992460\x2c B: \x2d843008248\x0aResult of A \x2b B: \x2d841015840\x0aSlot \x2302\x0aA: 67358659\x2c B: \x2d1457741999\x0aResult of A \x2b B: \x2d1390383392\x0aSlot \x2303\x0aA: 1193100079\x2c B: \x2d409926742\x0aResult of A \x2d B: 1603026769\x0aSlot \x2304\x0aA: \x2d311813120\x2c B: 1549902880\x0aResult of A \x2d B: \x2d1861716052\x0aSlot \x2305\x0aA: 1209006002\x2c B: 1894095237\x0aResult of A \x2d B: \x2d685089287\x0aSlot \x2306\x0aA: 2117674024\x2c B: 990210897\x0aResult of A \x2b B: \x2d1187082427\x0a</data></match></read>
    <write><data>\xb4\x3c\x5c\x28</data></write>
    <read><length>395</length><match><data>\x0aSlot \x2301\x0aA: 1992460\x2c B: \x2d843008248\x0aResult of A \x2b B: \x2d841015840\x0aSlot \x2302\x0aA: 67358659\x2c B: \x2d1457741999\x0aResult of A \x2b B: \x2d1390383392\x0aSlot \x2303\x0aA: 1193100079\x2c B: \x2d409926742\x0aResult of A \x2d B: 1603026769\x0aSlot \x2304\x0aA: \x2d311813120\x2c B: 1549902880\x0aResult of A \x2d B: \x2d1861716052\x0aSlot \x2305\x0aA: 1209006002\x2c B: 1894095237\x0aResult of A \x2d B: \x2d685089287\x0aSlot \x2306\x0aA: 2117674024\x2c B: 990210897\x0aResult of A \x2b B: \x2d1187082427\x0a</data></match></read>
    <write><data>\xe4\x5c\x3c\x90</data></write>
    <read><length>4</length><match><data>\xff\xff\xff\xab</data></match></read>
    <write><data>\xe4\x5c\x3c\x90</data></write>
    <read><length>4</length><match><data>\xff\xff\xff\xab</data></match></read>
    <write><data>\x3d\x98\x22\xae</data></write>
    <read><length>24</length><match><data>\xe0\x1d\xdf\xcd\xe0n \xadQ?\x8c\x5f\xacw\x08\x91\xf9\x5d\x2a\xd7E\x8f\x3e\xb9</data></match></read>
    <write><data>\x3d\x98\x22\xae</data></write>
    <read><length>24</length><match><data>\xe0\x1d\xdf\xcd\xe0n \xadQ?\x8c\x5f\xacw\x08\x91\xf9\x5d\x2a\xd7E\x8f\x3e\xb9</data></match></read>
    <write><data>\x3d\x98\x22\xae</data></write>
    <read><length>24</length><match><data>\xe0\x1d\xdf\xcd\xe0n \xadQ?\x8c\x5f\xacw\x08\x91\xf9\x5d\x2a\xd7E\x8f\x3e\xb9</data></match></read>
    <write><data>\xe4\x5c\x3c\x90</data></write>
    <read><length>4</length><match><data>\xff\xff\xff\xab</data></match></read>
    <write><data>\x00\x60\xd2?</data></write>
    <read><length>4</length><match><data>\xff\xff\xff\xab</data></match></read>
    <write><data>\xe3\xba\xa7\x7d</data></write>
    <read><length>4</length><match><data>\x00\x00\x00\x00</data></match></read>
</replay>
</pov>