<?xml version="1.0" standalone="no" ?>
<!DOCTYPE pov SYSTEM "/usr/share/cgc-docs/replay.dtd">
<pov>
<cbid>service</cbid>
<seed>b3aaea9c3e34655b338deb5a392d74be91ba74e356eb69865960b7aa038eeaba39f0e5d4a1dd96ac35ba2549b1478e47</seed>
<replay>
    <read><length>2</length><match><data>\x26\x00</data></match></read>
    <write><data>\x08\x00\x00\x00</data></write>
    <write><data>\xb4\x3c\x5c\x28</data></write>
    <read><length>1</length><match><data>\x0a</data></match></read>
    <write><data>\x3d\x98\x22\xae</data></write>
    <write><data>\xe4\x5c\x3c\x90</data></write>
    <write><data>\x85xcda\x0cR\x85</data></write>
    <write><data>\xe4\x5c\x3c\x90</data></write>
    <write><data>\xf70\xf8I\xd7\xfe\x8d\x8f</data></write>
    <write><data>\xad\xa85\xb6</data></write>
    <write><data>\x03\x00\x00\x00</data></write>
    <write><data>\x19\x1d\xfdE5\x05\xcf\xce\xb4N\xc3\xd5\x00\x00\x00\x00\x10\x8b\xf7\xa2\xd5\xea\xd2\xbc\x89\xb7j\x10\x00\x00\x00\x00\x19\x1d\xfdE\xd1\x28aWd.\xd2\xd7\x00\x00\x00\x00</data></write>
    <write><data>\xe4\x5c\x3c\x90</data></write>
    <read><length>4</length><match><data>\xff\xff\xff\xab</data></match></read>
    <write><data>\xb4\x3c\x5c\x28</data></write>
    <read><length>199</length><match><data>\x0aSlot \x2301\x0aA: \x2d825293515\x2c B: \x2d708620620\x0aResult of A \x2b B: \x2d1533914097\x0aSlot \x2302\x0aA: \x2d1127028011\x2c B: 275429257\x0aResult of A \x2a B: 1592782627\x0aSlot \x2303\x0aA: 1465985233\x2c B: \x2d674091420\x0aResult of A \x2b B: 791893851\x0a</data></match></read>
    <write><data>\xad\xa85\xb6</data></write>
    <write><data>\x03\x00\x00\x00</data></write>
    <write><data>\x95Dj\x9bh\x60\x0b\x03\xd1\x3b\xf95\x00\x00\x00\x00\x19\x1d\xfdEv\xc7i\x01\x94\xed\x98\x0d\x00\x00\x00\x00\x95Dj\x9bq\xceG\xedkJ\xe4\xb3\x00\x00\x00\x00</data></write>
    <write><data>\x3d\x98\x22\xae</data></write>
    <read><length>12</length><match><data>\xbd\x24\x12\xcd0\xb5\x02\x0f\x2c\x84c9</data></match></read>
    <write><data>\x3d\x98\x22\xae</data></write>
    <read><length>12</length><match><data>\xbd\x24\x12\xcd0\xb5\x02\x0f\x2c\x84c9</data></match></read>
    <write><data>\x00\x60\xd2?</data></write>
    <read><length>4</length><match><data>\xff\xff\xff\xab</data></match></read>
    <write><data>\xad\xa85\xb6</data></write>
    <write><data>\x15\x00\x00\x00</data></write>
    <write><data>\x19\x1d\xfdE\x0d\x29\x1e\x97\x91o\x19\xc5\x00\x00\x00\x00\x10\x8b\xf7\xa2\xde\xf0\x18\x0b\x9c\x97\xd0\xaa\x00\x00\x00\x00\x19\x1d\xfdEY\xd7\xee\xf7N\xa2\xef\x88\x00\x00\x00\x00\x95Dj\x9b\x0f\xd2nU\xb9\x9bMN\x00\x00\x00\x00\x19\x1d\xfdE\xd7:\x90\x1c\xf8Zj\xb1\x00\x00\x00\x00\x10\x8b\xf7\xa2K\x5f\xad\x5d\x90\xa6l\x7c\x00\x00\x00\x00\x95Dj\x9b\x5eh\xe55\xd4y\xe3N\x00\x00\x00\x00\x10\x8b\xf7\xa2\xa4\x28\xbep\xa4\x84\xa6\xdb\x00\x00\x00\x00\x95Dj\x9b\xc1\xda\x9a\x14\xe7\xdb\x02\xa9\x00\x00\x00\x00\x10\x8b\xf7\xa2\x1c\x2f\x87\x8b\xab7\xbe\x8e\x00\x00\x00\x00\x95Dj\x9b\x0a\xda2R\x2a\x07:e\x00\x00\x00\x00\x95Dj\x9b\xc37B\xb7\x15\x19N\xfc\x00\x00\x00\x00\x10\x8b\xf7\xa2\xbe\xf8\x19\x9bGuii\x00\x00\x00\x00\x95Dj\x9b\x94\xae\x17\xdd\x90\x93S\x81\x00\x00\x00\x00\x19\x1d\xfdE\x8fMI\x8eo\xbb\xcd\xed\x00\x00\x00\x00\x10\x8b\xf7\xa2R\xe7g\xf7\x2c\xfd\xdc5\x00\x00\x00\x00\x19\x1d\xfdE:\x7e:\x1dkR\xcb\x2c\x00\x00\x00\x00\x19\x1d\xfdEu\x88\x29\x0b:6\xdc\xc3\x00\x00\x00\x00\x19\x1d\xfdE\x9c\x95A.\x96!\xea\x2c\x00\x00\x00\x00\x19\x1d\xfdE\xf1\x05\x14\x3e\x13r\xe35\x00\x00\x00\x00\x19\x1d\xfdE\x07\xde\x8a\xad\x7b\x1b\x27\xc9\x00\x00\x00\x00</data></write>
    <write><data>\xb4\x3c\x5c\x28</data></write>
    <read><length>1392</length><match><data>\x0aSlot \x2301\x0aA: \x2d1759631091\x2c B: \x2d988188783\x0aResult of A \x2b B: 1547147460\x0aSlot \x2302\x0aA: 186183902\x2c B: \x2d1429170276\x0aResult of A \x2a B: \x2d1717192338\x0aSlot \x2303\x0aA: \x2d135342247\x2c B: \x2d1997561266\x0aResult of A \x2b B: \x2d2132903475\x0aSlot \x2304\x0aA: 1433326095\x2c B: 1313708985\x0aResult of A \x2d B: 119617148\x0aSlot \x2305\x0aA: 479214295\x2c B: \x2d1318429960\x0aResult of A \x2b B: \x2d839215627\x0aSlot \x2306\x0aA: 1571643211\x2c B: 2087495312\x0aResult of A \x2a B: \x2d1527497642\x0aSlot \x2307\x0aA: 904226910\x2c B: 1323530708\x0aResult of A \x2d B: \x2d419303760\x0aSlot \x2308\x0aA: 1891510436\x2c B: \x2d609844060\x0aResult of A \x2a B: \x2d316761802\x0aSlot \x2309\x0aA: 345692865\x2c B: \x2d1459430425\x0aResult of A \x2d B: 1805123328\x0aSlot \x2310\x0aA: \x2d1954074852\x2c B: \x2d1900136533\x0aResult of A \x2a B: \x2d1120699430\x0aSlot \x2311\x0aA: 1379064330\x2c B: 1698301738\x0aResult of A \x2d B: \x2d319237370\x0aSlot \x2312\x0aA: \x2d1220397117\x2c B: \x2d61990635\x0aResult of A \x2d B: \x2d1158406444\x0aSlot \x2313\x0aA: \x2d1692796738\x2c B: 1768518983\x0aResult of A \x2a B: \x2d690957608\x0aSlot \x2314\x0aA: \x2d585650540\x2c B: \x2d2125229168\x0aResult of A \x2d B: 1539578666\x0aSlot \x2315\x0aA: \x2d1907798641\x2c B: \x2d305284241\x0aResult of A \x2b B: 2081884452\x0aSlot \x2316\x0aA: \x2d144185518\x2c B: 903675180\x0aResult of A \x2a B: \x2d101725122\x0aSlot \x2317\x0aA: 490372666\x2c B: 751522411\x0aResult of A \x2b B: 1241895115\x0aSlot \x2318\x0aA: 187271285\x2c B: \x2d1008978374\x0aResult of A \x2b B: \x2d821707051\x0aSlot \x2319\x0aA: 776050076\x2c B: 753541526\x0aResult of A \x2b B: 1529591640\x0aSlot \x2320\x0aA: 1041499633\x2c B: 904098323\x0aResult of A \x2b B: 1945597994\x0aSlot \x2321\x0aA: \x2d1383408121\x2c B: \x2d920183941\x0aResult of A \x2b B: 1991375272\x0a</data></match></read>
    <write><data>\x3d\x98\x22\xae</data></write>
    <read><length>84</length><match><data>\xc4\x987\x5cn\xb9\xa5\x99\xcdy\xde\x80\x7c6!\x07\xf5\x95\xfa\xcdV\x3c\xf4\xa4\xb0\xee\x01\xe76\x99\x1e\xed\x00\xff\x97k\xda\x7b3\xbd\x06\xd3\xf8\xec\xd4\x1e\xf4\xba\xd8\xd2\xd0\xd6\x2a\x1b\xc4\x5b\x24\x09\x17\x7c\x3e\xcc\xef\xf9\xcb\xd0\x05J\xd5\xbe\x05\xcfX\xb7\x2b\x5b\x2ax\xf7s\xa8\xf9\xb1v</data></match></read>
    <write><data>\xb4\x3c\x5c\x28</data></write>
    <read><length>1392</length><match><data>\x0aSlot \x2301\x0aA: \x2d1759631091\x2c B: \x2d988188783\x0aResult of A \x2b B: 1547147460\x0aSlot \x2302\x0aA: 186183902\x2c B: \x2d1429170276\x0aResult of A \x2a B: \x2d1717192338\x0aSlot \x2303\x0aA: \x2d135342247\x2c B: \x2d1997561266\x0aResult of A \x2b B: \x2d2132903475\x0aSlot \x2304\x0aA: 1433326095\x2c B: 1313708985\x0aResult of A \x2d B: 119617148\x0aSlot \x2305\x0aA: 479214295\x2c B: \x2d1318429960\x0aResult of A \x2b B: \x2d839215627\x0aSlot \x2306\x0aA: 1571643211\x2c B: 2087495312\x0aResult of A \x2a B: \x2d1527497642\x0aSlot \x2307\x0aA: 904226910\x2c B: 1323530708\x0aResult of A \x2d B: \x2d419303760\x0aSlot \x2308\x0aA: 1891510436\x2c B: \x2d609844060\x0aResult of A \x2a B: \x2d316761802\x0aSlot \x2309\x0aA: 345692865\x2c B: \x2d1459430425\x0aResult of A \x2d B: 1805123328\x0aSlot \x2310\x0aA: \x2d1954074852\x2c B: \x2d1900136533\x0aResult of A \x2a B: \x2d1120699430\x0aSlot \x2311\x0aA: 1379064330\x2c B: 1698301738\x0aResult of A \x2d B: \x2d319237370\x0aSlot \x2312\x0aA: \x2d1220397117\x2c B: \x2d61990635\x0aResult of A \x2d B: \x2d1158406444\x0aSlot \x2313\x0aA: \x2d1692796738\x2c B: 1768518983\x0aResult of A \x2a B: \x2d690957608\x0aSlot \x2314\x0aA: \x2d585650540\x2c B: \x2d2125229168\x0aResult of A \x2d B: 1539578666\x0aSlot \x2315\x0aA: \x2d1907798641\x2c B: \x2d305284241\x0aResult of A \x2b B: 2081884452\x0aSlot \x2316\x0aA: \x2d144185518\x2c B: 903675180\x0aResult of A \x2a B: \x2d101725122\x0aSlot \x2317\x0aA: 490372666\x2c B: 751522411\x0aResult of A \x2b B: 1241895115\x0aSlot \x2318\x0aA: 187271285\x2c B: \x2d1008978374\x0aResult of A \x2b B: \x2d821707051\x0aSlot \x2319\x0aA: 776050076\x2c B: 753541526\x0aResult of A \x2b B: 1529591640\x0aSlot \x2320\x0aA: 1041499633\x2c B: 904098323\x0aResult of A \x2b B: 1945597994\x0aSlot \x2321\x0aA: \x2d1383408121\x2c B: \x2d920183941\x0aResult of A \x2b B: 1991375272\x0a</data></match></read>
    <write><data>\xe4\x5c\x3c\x90</data></write>
    <read><length>4</length><match><data>\xff\xff\xff\xab</data></match></read>
    <write><data>\xe4\x5c\x3c\x90</data></write>
    <read><length>4</length><match><data>\xff\xff\xff\xab</data></match></read>
    <write><data>\x3d\x98\x22\xae</data></write>
    <read><length>84</length><match><data>\xc4\x987\x5cn\xb9\xa5\x99\xcdy\xde\x80\x7c6!\x07\xf5\x95\xfa\xcdV\x3c\xf4\xa4\xb0\xee\x01\xe76\x99\x1e\xed\x00\xff\x97k\xda\x7b3\xbd\x06\xd3\xf8\xec\xd4\x1e\xf4\xba\xd8\xd2\xd0\xd6\x2a\x1b\xc4\x5b\x24\x09\x17\x7c\x3e\xcc\xef\xf9\xcb\xd0\x05J\xd5\xbe\x05\xcfX\xb7\x2b\x5b\x2ax\xf7s\xa8\xf9\xb1v</data></match></read>
    <write><data>\xe4\x5c\x3c\x90</data></write>
    <read><length>4</length><match><data>\xff\xff\xff\xab</data></match></read>
    <write><data>\xb4\x3c\x5c\x28</data></write>
    <read><length>1392</length><match><data>\x0aSlot \x2301\x0aA: \x2d1759631091\x2c B: \x2d988188783\x0aResult of A \x2b B: 1547147460\x0aSlot \x2302\x0aA: 186183902\x2c B: \x2d1429170276\x0aResult of A \x2a B: \x2d1717192338\x0aSlot \x2303\x0aA: \x2d135342247\x2c B: \x2d1997561266\x0aResult of A \x2b B: \x2d2132903475\x0aSlot \x2304\x0aA: 1433326095\x2c B: 1313708985\x0aResult of A \x2d B: 119617148\x0aSlot \x2305\x0aA: 479214295\x2c B: \x2d1318429960\x0aResult of A \x2b B: \x2d839215627\x0aSlot \x2306\x0aA: 1571643211\x2c B: 2087495312\x0aResult of A \x2a B: \x2d1527497642\x0aSlot \x2307\x0aA: 904226910\x2c B: 1323530708\x0aResult of A \x2d B: \x2d419303760\x0aSlot \x2308\x0aA: 1891510436\x2c B: \x2d609844060\x0aResult of A \x2a B: \x2d316761802\x0aSlot \x2309\x0aA: 345692865\x2c B: \x2d1459430425\x0aResult of A \x2d B: 1805123328\x0aSlot \x2310\x0aA: \x2d1954074852\x2c B: \x2d1900136533\x0aResult of A \x2a B: \x2d1120699430\x0aSlot \x2311\x0aA: 1379064330\x2c B: 1698301738\x0aResult of A \x2d B: \x2d319237370\x0aSlot \x2312\x0aA: \x2d1220397117\x2c B: \x2d61990635\x0aResult of A \x2d B: \x2d1158406444\x0aSlot \x2313\x0aA: \x2d1692796738\x2c B: 1768518983\x0aResult of A \x2a B: \x2d690957608\x0aSlot \x2314\x0aA: \x2d585650540\x2c B: \x2d2125229168\x0aResult of A \x2d B: 1539578666\x0aSlot \x2315\x0aA: \x2d1907798641\x2c B: \x2d305284241\x0aResult of A \x2b B: 2081884452\x0aSlot \x2316\x0aA: \x2d144185518\x2c B: 903675180\x0aResult of A \x2a B: \x2d101725122\x0aSlot \x2317\x0aA: 490372666\x2c B: 751522411\x0aResult of A \x2b B: 1241895115\x0aSlot \x2318\x0aA: 187271285\x2c B: \x2d1008978374\x0aResult of A \x2b B: \x2d821707051\x0aSlot \x2319\x0aA: 776050076\x2c B: 753541526\x0aResult of A \x2b B: 1529591640\x0aSlot \x2320\x0aA: 1041499633\x2c B: 904098323\x0aResult of A \x2b B: 1945597994\x0aSlot \x2321\x0aA: \x2d1383408121\x2c B: \x2d920183941\x0aResult of A \x2b B: 1991375272\x0a</data></match></read>
    <write><data>\x3d\x98\x22\xae</data></write>
    <read><length>84</length><match><data>\xc4\x987\x5cn\xb9\xa5\x99\xcdy\xde\x80\x7c6!\x07\xf5\x95\xfa\xcdV\x3c\xf4\xa4\xb0\xee\x01\xe76\x99\x1e\xed\x00\xff\x97k\xda\x7b3\xbd\x06\xd3\xf8\xec\xd4\x1e\xf4\xba\xd8\xd2\xd0\xd6\x2a\x1b\xc4\x5b\x24\x09\x17\x7c\x3e\xcc\xef\xf9\xcb\xd0\x05J\xd5\xbe\x05\xcfX\xb7\x2b\x5b\x2ax\xf7s\xa8\xf9\xb1v</data></match></read>
    <write><data>\x7f\xc0j\xc6</data></write>
    <read><length>4</length><match><data>\xff\xff\xff\xab</data></match></read>
    <write><data>\xe4\x5c\x3c\x90</data></write>
    <read><length>4</length><match><data>\xff\xff\xff\xab</data></match></read>
    <write><data>\x7f\xc0j\xc6</data></write>
    <read><length>4</length><match><data>\xff\xff\xff\xab</data></match></read>
    <write><data>\xe4\x5c\x3c\x90</data></write>
    <read><length>4</length><match><data>\xff\xff\xff\xab</data></match></read>
    <write><data>\x7f\xc0j\xc6</data></write>
    <read><length>4</length><match><data>\xff\xff\xff\xab</data></match></read>
    <write><data>\xe4\x5c\x3c\x90</data></write>
    <read><length>4</length><match><data>\xff\xff\xff\xab</data></match></read>
    <write><data>\x00\x60\xd2?</data></write>
    <read><length>4</length><match><data>\xff\xff\xff\xab</data></match></read>
    <write><data>\x3d\x98\x22\xae</data></write>
    <read><length>84</length><match><data>\xc4\x987\x5cn\xb9\xa5\x99\xcdy\xde\x80\x7c6!\x07\xf5\x95\xfa\xcdV\x3c\xf4\xa4\xb0\xee\x01\xe76\x99\x1e\xed\x00\xff\x97k\xda\x7b3\xbd\x06\xd3\xf8\xec\xd4\x1e\xf4\xba\xd8\xd2\xd0\xd6\x2a\x1b\xc4\x5b\x24\x09\x17\x7c\x3e\xcc\xef\xf9\xcb\xd0\x05J\xd5\xbe\x05\xcfX\xb7\x2b\x5b\x2ax\xf7s\xa8\xf9\xb1v</data></match></read>
    <write><data>\x7f\xc0j\xc6</data></write>
    <read><length>4</length><match><data>\xff\xff\xff\xab</data></match></read>
    <write><data>\x3d\x98\x22\xae</data></write>
    <read><length>84</length><match><data>\xc4\x987\x5cn\xb9\xa5\x99\xcdy\xde\x80\x7c6!\x07\xf5\x95\xfa\xcdV\x3c\xf4\xa4\xb0\xee\x01\xe76\x99\x1e\xed\x00\xff\x97k\xda\x7b3\xbd\x06\xd3\xf8\xec\xd4\x1e\xf4\xba\xd8\xd2\xd0\xd6\x2a\x1b\xc4\x5b\x24\x09\x17\x7c\x3e\xcc\xef\xf9\xcb\xd0\x05J\xd5\xbe\x05\xcfX\xb7\x2b\x5b\x2ax\xf7s\xa8\xf9\xb1v</data></match></read>
    <write><data>\xe3\xba\xa7\x7d</data></write>
    <read><length>4</length><match><data>\x00\x00\x00\x00</data></match></read>
</replay>
</pov>