<?xml version="1.0" standalone="no" ?>
<!DOCTYPE pov SYSTEM "/usr/share/cgc-docs/replay.dtd">
<pov>
<cbid>service</cbid>
<seed>112ca4c1dfbd400dd6cf305d6c44afbfac39f685a1a22d42153f7f63a9b8e27050cbd03865450564d37da6e83fcbd321</seed>
<replay>
    <read><length>2</length><match><data> \x00</data></match></read>
    <write><data>\x08\x00\x00\x00</data></write>
    <write><data>\xe4\x5c\x3c\x90</data></write>
    <write><data>q\xcf\x84\xd2\x88m\xebQ</data></write>
    <write><data>\x3d\x98\x22\xae</data></write>
    <read><length>4</length><match><data>\x19\x3dp\x24</data></match></read>
    <write><data>\xe4\x5c\x3c\x90</data></write>
    <write><data>\x992\xaa\xbb\xafj\xd3\x81</data></write>
    <write><data>\x00\x60\xd2?</data></write>
    <write><data>\xac\x82\xb1\xd3\x3dv\x0a\x7e</data></write>
    <write><data>\x7f\xc0j\xc6</data></write>
    <write><data>\x06\xe5\x85\xe5\x22t\xfd\x28</data></write>
    <write><data>\xb4\x3c\x5c\x28</data></write>
    <read><length>265</length><match><data>\x0aSlot \x2301\x0aA: \x2d763048079\x2c B: 1374383496\x0aResult of A \x2b B: 611335449\x0aSlot \x2302\x0aA: \x2d1146473831\x2c B: \x2d2116851025\x0aResult of A \x2b B: 1031642472\x0aSlot \x2303\x0aA: \x2d743341396\x2c B: 2114614845\x0aResult of A \x2a B: 104819484\x0aSlot \x2304\x0aA: \x2d444209914\x2c B: 687698978\x0aResult of A \x2d B: \x2d1131908860\x0a</data></match></read>
    <write><data>\xe4\x5c\x3c\x90</data></write>
    <write><data>\xc0\xac\xcf\xd4\x97 m\x94</data></write>
    <write><data>\x3d\x98\x22\xae</data></write>
    <read><length>20</length><match><data>\x19\x3dp\x24h\x9d\x7d\x3d\x1ck?\x06\x04q\x88\xbcw\xcd\x3ci</data></match></read>
    <write><data>\xad\xa85\xb6</data></write>
    <write><data>\x05\x00\x00\x00</data></write>
    <write><data>\x19\x1d\xfdE\xb9V\x9bs\xfa\x9dm\x12\x00\x00\x00\x00\x95Dj\x9b\x8f\xa7\xbar\xe3\xe4y\xbb\x00\x00\x00\x00\x10\x8b\xf7\xa2\xf3\xd1\x7e\x8e\x14\x09\xbc\x60\x00\x00\x00\x00\x19\x1d\xfdE\xd0gm\xab\xb8\xc3J9\x00\x00\x00\x00\x95Dj\x9bD\xf4\xd4\xff\xf8m:\xf3\x00\x00\x00\x00</data></write>
    <write><data>\x7f\xc0j\xc6</data></write>
    <read><length>4</length><match><data>\xff\xff\xff\xab</data></match></read>
    <write><data>\x00\x60\xd2?</data></write>
    <read><length>4</length><match><data>\xff\xff\xff\xab</data></match></read>
    <write><data>\xe4\x5c\x3c\x90</data></write>
    <read><length>4</length><match><data>\xff\xff\xff\xab</data></match></read>
    <write><data>\x00\x60\xd2?</data></write>
    <read><length>4</length><match><data>\xff\xff\xff\xab</data></match></read>
    <write><data>\x7f\xc0j\xc6</data></write>
    <read><length>4</length><match><data>\xff\xff\xff\xab</data></match></read>
    <write><data>\x00\x60\xd2?</data></write>
    <read><length>4</length><match><data>\xff\xff\xff\xab</data></match></read>
    <write><data>\xad\xa85\xb6</data></write>
    <write><data>\x17\x00\x00\x00</data></write>
    <write><data>\x10\x8b\xf7\xa2\x93\xd6\xcf\x2cS\x40U\x3b\x00\x00\x00\x00\x10\x8b\xf7\xa2.\xb5\x126ueq\x5f\x00\x00\x00\x00\x95Dj\x9b\x07\x0f\xab\x09\x83\xe0\xe0\x24\x00\x00\x00\x00\x10\x8b\xf7\xa27\xe8\x0c\xc3\xd7\xc2\x87\xf5\x00\x00\x00\x00\x95Dj\x9b\x40i\x3e\x11\x08\xdep\xab\x00\x00\x00\x00\x10\x8b\xf7\xa2\xf8\xe7\xb0\xa9X\xcc\xa5\xa5\x00\x00\x00\x00\x19\x1d\xfdEf\xe8\x9ar\xc8\xe9\x17\x0e\x00\x00\x00\x00\x10\x8b\xf7\xa2\x85M\x07\x18\xdd\xfc\xa2\x93\x00\x00\x00\x00\x19\x1d\xfdE\xf9\x9f\xa71z\x5b\x9f\xb9\x00\x00\x00\x00\x19\x1d\xfdE\xf7\xa1\xfe\xda8D\xc1\x89\x00\x00\x00\x00\x10\x8b\xf7\xa2\xc8\x8e\xf5\xd8B \xe7l\x00\x00\x00\x00\x10\x8b\xf7\xa2\x8e\xef\xb8\xe4\xf3\xf6\x0e\xe3\x00\x00\x00\x00\x10\x8b\xf7\xa28\x13\x0cmu\xe6\x0e\xdd\x00\x00\x00\x00\x95Dj\x9b\xaa\x8e\xd9w\xa5\x05\xa8Y\x00\x00\x00\x00\x95Dj\x9b8\xae\xbc\xa2\xb1CCt\x00\x00\x00\x00\x19\x1d\xfdE\xcd\xa5\x84\xef\x9f\x9d\x1b\x1f\x00\x00\x00\x00\x19\x1d\xfdE\x7f\xd5\x2dJH?\xa87\x00\x00\x00\x00\x95Dj\x9b\x97o\xe4\x7c\x97\x29k\x8a\x00\x00\x00\x00\x95Dj\x9b1\xf7\xc2M\xbc\x3bX\xab\x00\x00\x00\x00\x10\x8b\xf7\xa2\xfe\xccj\xcc\xc9\x91\xe1\xd4\x00\x00\x00\x00\x10\x8b\xf7\xa2\xab\xca\x99e\x12\x8d\x9a\x9b\x00\x00\x00\x00\x95Dj\x9bEh\xdd\xb7N\xb6\xbc\xb4\x00\x00\x00\x00\x19\x1d\xfdEe\x00\xe0\xc7\xcd6\xdc\xc7\x00\x00\x00\x00</data></write>
    <write><data>\x7f\xc0j\xc6</data></write>
    <read><length>4</length><match><data>\xff\xff\xff\xab</data></match></read>
    <write><data>\x3d\x98\x22\xae</data></write>
    <read><length>92</length><match><data>\xc9Q\xd6\x9c\x26\xf4U\x23\xa4.\xca\xe4Q\xb4\xd1\xafX\x8b\xcde\x60\x5d\x81\xa8N\xd2\xb2\x80\xf1\xd7\xc6\x5b\x93\xfbF\xebO\xe6\xbfd\xb0\xcf\x9f\xd7\xea\xd7\x81\xd5\xb8\x18\xd9\x14\x25\x891\x1e\xa7jy.\x8cC\xa0\x0e\xe7\x14\xd6\x81 Fy\xf2\x95\xbbj\xa2\x8e\xd14\x81\x26oNM\x17\xb2 \x03R7\xbc\x8f</data></match></read>
    <write><data>\xad\xa85\xb6</data></write>
    <write><data>\x1b\x00\x00\x00</data></write>
    <write><data>\x10\x8b\xf7\xa2b\xdb\x08J\xe1\xae\x7e\xcf\x00\x00\x00\x00\x95Dj\x9b\xdf\x17\x93\x27\xcd\xb5j\x1d\x00\x00\x00\x00\x10\x8b\xf7\xa2\xac\xedDn\xf7a\x5dw\x00\x00\x00\x00\x95Dj\x9b\xa9\xe9\x7f\xd0T\xbf\xfd\xde\x00\x00\x00\x00\x19\x1d\xfdE\x9d\x3b\x11\x2cl\xb0\x0d\xfe\x00\x00\x00\x00\x95Dj\x9b\xd6\xb3\xc7\xc8\xc6\x85\xb90\x00\x00\x00\x00\x10\x8b\xf7\xa2vm\xabK\xe7\x29\x1e\x89\x00\x00\x00\x00\x19\x1d\xfdE\x80D\xe3\xf6\xeem\xb6\x10\x00\x00\x00\x00\x19\x1d\xfdE\x99\xd5\x2br5\x82U\x9a\x00\x00\x00\x00\x95Dj\x9bL\x93\xdev\xb6\xb6\xaf\x8e\x00\x00\x00\x00\x10\x8b\xf7\xa25Cj\x0c\x0c\x29\x9f\x89\x00\x00\x00\x00\x95Dj\x9b\xd9\xec\x80o\x06\xd0\x09\x60\x00\x00\x00\x00\x10\x8b\xf7\xa2\xb1\xee.\xc6\x0f\xdb\xa7r\x00\x00\x00\x00\x19\x1d\xfdEG\xa2\x0f\x26\x0c \xceU\x00\x00\x00\x00\x10\x8b\xf7\xa2\x00lM0\x02\xcf1\xcf\x00\x00\x00\x00\x19\x1d\xfdEn\x1e\x10\xd6\x06\x03\x81\x9d\x00\x00\x00\x00\x10\x8b\xf7\xa25\x88\x09:\xe8\x5c\xdb\x9e\x00\x00\x00\x00\x10\x8b\xf7\xa2\xe6w\xb7\xf5C\x5f\x3b\x80\x00\x00\x00\x00\x95Dj\x9b\x8e2\x06\x22\x2c\x9c\xb8\xe8\x00\x00\x00\x00\x95Dj\x9b\x7c\x16\xb2\x9e\xfd\x1d\xe7\xd8\x00\x00\x00\x00\x95Dj\x9bg\xcc8\xd89e\xa6\xad\x00\x00\x00\x00\x95Dj\x9bq\xe8\xfd\x90\x2b\xfcY\xaf\x00\x00\x00\x00\x19\x1d\xfdEp\x3d\xa1\x40O\xa6\xc4A\x00\x00\x00\x00\x19\x1d\xfdE\xbc\xdc\x0a\x8aj\x09\x5f4\x00\x00\x00\x00\x19\x1d\xfdE\x5b\xdf\x1aW\xe7\xc3\xedU\x00\x00\x00\x00\x10\x8b\xf7\xa2\x14T\x8cDh\xa5\x7d\x03\x00\x00\x00\x00\x95Dj\x9b\x9b\xcb\xb9\x26\xb3n\xe2M\x00\x00\x00\x00</data></write>
    <write><data>\xb4\x3c\x5c\x28</data></write>
    <read><length>1780</length><match><data>\x0aSlot \x2301\x0aA: 1242094434\x2c B: \x2d813781279\x0aResult of A \x2a B: 1327590722\x0aSlot \x2302\x0aA: 663951327\x2c B: 493532621\x0aResult of A \x2d B: 170418738\x0aSlot \x2303\x0aA: 1850011052\x2c B: 2002608631\x0aResult of A \x2a B: \x2d838107884\x0aSlot \x2304\x0aA: \x2d796923479\x2c B: \x2d553795756\x0aResult of A \x2d B: \x2d243127691\x0aSlot \x2305\x0aA: 739326877\x2c B: \x2d32657300\x0aResult of A \x2b B: 706669609\x0aSlot \x2306\x0aA: \x2d926436394\x2c B: 817464774\x0aResult of A \x2d B: \x2d1743901136\x0aSlot \x2307\x0aA: 1269525878\x2c B: \x2d1994511897\x0aResult of A \x2a B: \x2d1240749158\x0aSlot \x2308\x0aA: \x2d152877952\x2c B: 280391150\x0aResult of A \x2b B: 127513230\x0aSlot \x2309\x0aA: 1915475353\x2c B: \x2d1705672139\x0aResult of A \x2b B: 209803246\x0aSlot \x2310\x0aA: 1994298188\x2c B: \x2d1901087050\x0aResult of A \x2d B: \x2d399582026\x0aSlot \x2311\x0aA: 208290613\x2c B: \x2d1986057972\x0aResult of A \x2a B: \x2d1263950948\x0aSlot \x2312\x0aA: 1870720217\x2c B: 1611255814\x0aResult of A \x2d B: 259464435\x0aSlot \x2313\x0aA: \x2d970002767\x2c B: 1923603215\x0aResult of A \x2a B: 1248356223\x0aSlot \x2314\x0aA: 638558791\x2c B: 1439571980\x0aResult of A \x2b B: 2078130803\x0aSlot \x2315\x0aA: 810380288\x2c B: \x2d818819326\x0aResult of A \x2a B: \x2d1494296544\x0aSlot \x2316\x0aA: \x2d703586706\x2c B: \x2d1652489466\x0aResult of A \x2b B: 1938891156\x0aSlot \x2317\x0aA: 973703221\x2c B: \x2d1629791000\x0aResult of A \x2a B: 1089305640\x0aSlot \x2318\x0aA: \x2d172525594\x2c B: \x2d2143592637\x0aResult of A \x2a B: 109362002\x0aSlot \x2319\x0aA: 570831502\x2c B: \x2d390554580\x0aResult of A \x2d B: 961386114\x0aSlot \x2320\x0aA: \x2d1632496004\x2c B: \x2d655942147\x0aResult of A \x2d B: \x2d976553825\x0aSlot \x2321\x0aA: \x2d667366297\x2c B: \x2d1381604039\x0aResult of A \x2d B: 714237774\x0aSlot \x2322\x0aA: \x2d1862408079\x2c B: \x2d1353057237\x0aResult of A \x2d B: \x2d509350810\x0aSlot \x2323\x0aA: 1084308848\x2c B: 1103406671\x0aResult of A \x2b B: \x2d2107251745\x0aSlot \x2324\x0aA: \x2d1978999620\x2c B: 878643562\x0aResult of A \x2b B: \x2d1100356026\x0aSlot \x2325\x0aA: 1461378907\x2c B: 1441645543\x0aResult of A \x2b B: \x2d1391942814\x0aSlot \x2326\x0aA: 1150047252\x2c B: 58565992\x0aResult of A \x2a B: \x2d1795748800\x0aSlot \x2327\x0aA: 649710491\x2c B: 1306685107\x0aResult of A \x2d B: \x2d656974584\x0a</data></match></read>
    <write><data>\xe4\x5c\x3c\x90</data></write>
    <read><length>4</length><match><data>\xff\xff\xff\xab</data></match></read>
    <write><data>\x7f\xc0j\xc6</data></write>
    <read><length>4</length><match><data>\xff\xff\xff\xab</data></match></read>
    <write><data>\xe4\x5c\x3c\x90</data></write>
    <read><length>4</length><match><data>\xff\xff\xff\xab</data></match></read>
    <write><data>\x3d\x98\x22\xae</data></write>
    <read><length>108</length><match><data>Bm!O2b\x28\x0a\x14\x7d\x0b\xceu\x2a\x82\xf1\x29\xec\x1e\x2a0.\x0e\x98\x9a\xab\x0b\xb6\x8e\xb2\x99\x07\xeeW\x81\x0c\xb6\xdc.\xe8\x9c\xa3\xa9\xb4\xf3\x1cw\x0f\x7fghJs\xc2\xdd\x7b \xd8\xee\xa6\x94!\x91s\x28\x7c\xed\x40R\xbb\x84\x06\x82\x96M9\x9f\xf8\xca\xc5Ng\x92\x2af\xec\xa3\xe1\xdf\xe3e\x82F\xe6i\xbeb\xa3\x08\xad\x40\x0c\xf7\x94\x08\x5d\xd7\xd8</data></match></read>
    <write><data>\xad\xa85\xb6</data></write>
    <write><data>\x06\x00\x00\x00</data></write>
    <write><data>\x19\x1d\xfdE\x5d\x2dk\xfc\xf7\x9cY\x27\x00\x00\x00\x00\x10\x8b\xf7\xa2r\xab\xdfK\xd5\x84\x10G\x00\x00\x00\x00\x19\x1d\xfdE\xfb\x5e\x8e\xf2\x9d\xed\x93\x3e\x00\x00\x00\x00\x95Dj\x9b\x84\x5f\x0b\x17\x83\xb5\xaei\x00\x00\x00\x00\x19\x1d\xfdE\x86\x80\xaf\x29\xdd\x11E\xc8\x00\x00\x00\x00\x95Dj\x9b\xd7\xb4J\x3e\xc7\xd5\x17\xac\x00\x00\x00\x00</data></write>
    <write><data>\xad\xa85\xb6</data></write>
    <write><data>\x11\x00\x00\x00</data></write>
    <write><data>\x10\x8b\xf7\xa2x\x17 \x0c\xad\xe9\xd2X\x00\x00\x00\x00\x95Dj\x9b\xcd\x2bK\x93\x1e\xd6\xc6\x99\x00\x00\x00\x00\x95Dj\x9bD\x91\x29\x1f\x84\x89\x86\x9d\x00\x00\x00\x00\x19\x1d\xfdE\x2d\xbd\xa1\xc9iO\xee\x04\x00\x00\x00\x00\x19\x1d\xfdEa\x25\xc8\xe9\xcb\xdc\xbe\xbb\x00\x00\x00\x00\x10\x8b\xf7\xa2\xcd\xb7\xf9\xac\xbb\xbeZ\x81\x00\x00\x00\x00\x95Dj\x9bx\xc0\xb2\xf9\x2a\x166\x3b\x00\x00\x00\x00\x10\x8b\xf7\xa2\x22a\xb6\x026!\x03\x05\x00\x00\x00\x00\x19\x1d\xfdE\xf9\x0dG\x0d\x99\xdf\xed\xf9\x00\x00\x00\x00\x95Dj\x9b\xdb\x02\x05\xdc\xd1\x99\x99\x17\x00\x00\x00\x00\x10\x8b\xf7\xa2pjE\xe3\x1eX\x08v\x00\x00\x00\x00\x19\x1d\xfdE\xb7s\xce\xfe\xb6\x06\x23\xc5\x00\x00\x00\x00\x10\x8b\xf7\xa2v\xafo\x3c\xc2\x1a\xfb\x18\x00\x00\x00\x00\x10\x8b\xf7\xa2\xfb\x8a\xc1\xdd\xa4Zr\x91\x00\x00\x00\x00\x19\x1d\xfdE\x83\x3d\xa5\x0d.\x97\x11\x5e\x00\x00\x00\x00\x95Dj\x9b\xce\xd0\xbd\xf4\xfc\xfa\xc3b\x00\x00\x00\x00\x19\x1d\xfdEDel\xccs\x7f\x1a\x7c\x00\x00\x00\x00</data></write>
    <write><data>\x3d\x98\x22\xae</data></write>
    <read><length>68</length><match><data>8\x14\x7c\xe7\xcfU\x84\xf9\xe0\x07\xa3\x81\xb6\x0c\x90\xceL\x02\x87\xa5\xdfh\xe5\x9bn\xaa\x7c\xbeL\xdfc\xe2\xb2\xed4\x07\x2aik\xc4\x40\xf98r\x8dz\xf1\xc3\x8c\xf3\x26\x3d\xecF\x9f\x29\xd1\xd4\xb6k\xf2\xd5\xf9\x91\xd7\xe4\x86H</data></match></read>
    <write><data>\xb4\x3c\x5c\x28</data></write>
    <read><length>1120</length><match><data>\x0aSlot \x2301\x0aA: 203429752\x2c B: 1490217389\x0aResult of A \x2a B: \x2d411298760\x0aSlot \x2302\x0aA: \x2d1823790131\x2c B: \x2d1715022306\x0aResult of A \x2d B: \x2d108767793\x0aSlot \x2303\x0aA: 522817860\x2c B: \x2d1652127356\x0aResult of A \x2d B: \x2d2120022048\x0aSlot \x2304\x0aA: \x2d912147155\x2c B: 82726761\x0aResult of A \x2b B: \x2d829420362\x0aSlot \x2305\x0aA: \x2d372759199\x2c B: \x2d1145119541\x0aResult of A \x2b B: \x2d1517878708\x0aSlot \x2306\x0aA: \x2d1392920627\x2c B: \x2d2124759365\x0aResult of A \x2a B: \x2d1679464225\x0aSlot \x2307\x0aA: \x2d105725832\x2c B: 993400362\x0aResult of A \x2d B: \x2d1099126162\x0aSlot \x2308\x0aA: 45506850\x2c B: 84091190\x0aResult of A \x2a B: \x2d496771252\x0aSlot \x2309\x0aA: 222760441\x2c B: \x2d101851239\x0aResult of A \x2b B: 120909234\x0aSlot \x2310\x0aA: \x2d603651365\x2c B: 395942353\x0aResult of A \x2d B: \x2d999593686\x0aSlot \x2311\x0aA: \x2d481990032\x2c B: 1980258334\x0aResult of A \x2a B: 1916336448\x0aSlot \x2312\x0aA: \x2d20024393\x2c B: \x2d987560266\x0aResult of A \x2b B: \x2d1007584627\x0aSlot \x2313\x0aA: 1013952374\x2c B: 419109570\x0aResult of A \x2a B: 1025962892\x0aSlot \x2314\x0aA: \x2d574518533\x2c B: \x2d1854776668\x0aResult of A \x2a B: 698304236\x0aSlot \x2315\x0aA: 228932995\x2c B: 1578211118\x0aResult of A \x2b B: 1807144145\x0aSlot \x2316\x0aA: \x2d188886834\x2c B: 1657010940\x0aResult of A \x2d B: \x2d1845897742\x0aSlot \x2317\x0aA: \x2d865311420\x2c B: 2082111347\x0aResult of A \x2b B: 1216799959\x0a</data></match></read>
    <write><data>\x00\x60\xd2?</data></write>
    <read><length>4</length><match><data>\xff\xff\xff\xab</data></match></read>
    <write><data>\x3d\x98\x22\xae</data></write>
    <read><length>68</length><match><data>8\x14\x7c\xe7\xcfU\x84\xf9\xe0\x07\xa3\x81\xb6\x0c\x90\xceL\x02\x87\xa5\xdfh\xe5\x9bn\xaa\x7c\xbeL\xdfc\xe2\xb2\xed4\x07\x2aik\xc4\x40\xf98r\x8dz\xf1\xc3\x8c\xf3\x26\x3d\xecF\x9f\x29\xd1\xd4\xb6k\xf2\xd5\xf9\x91\xd7\xe4\x86H</data></match></read>
    <write><data>\xe4\x5c\x3c\x90</data></write>
    <read><length>4</length><match><data>\xff\xff\xff\xab</data></match></read>
    <write><data>\xe4\x5c\x3c\x90</data></write>
    <read><length>4</length><match><data>\xff\xff\xff\xab</data></match></read>
    <write><data>\x00\x60\xd2?</data></write>
    <read><length>4</length><match><data>\xff\xff\xff\xab</data></match></read>
    <write><data>\xb4\x3c\x5c\x28</data></write>
    <read><length>1120</length><match><data>\x0aSlot \x2301\x0aA: 203429752\x2c B: 1490217389\x0aResult of A \x2a B: \x2d411298760\x0aSlot \x2302\x0aA: \x2d1823790131\x2c B: \x2d1715022306\x0aResult of A \x2d B: \x2d108767793\x0aSlot \x2303\x0aA: 522817860\x2c B: \x2d1652127356\x0aResult of A \x2d B: \x2d2120022048\x0aSlot \x2304\x0aA: \x2d912147155\x2c B: 82726761\x0aResult of A \x2b B: \x2d829420362\x0aSlot \x2305\x0aA: \x2d372759199\x2c B: \x2d1145119541\x0aResult of A \x2b B: \x2d1517878708\x0aSlot \x2306\x0aA: \x2d1392920627\x2c B: \x2d2124759365\x0aResult of A \x2a B: \x2d1679464225\x0aSlot \x2307\x0aA: \x2d105725832\x2c B: 993400362\x0aResult of A \x2d B: \x2d1099126162\x0aSlot \x2308\x0aA: 45506850\x2c B: 84091190\x0aResult of A \x2a B: \x2d496771252\x0aSlot \x2309\x0aA: 222760441\x2c B: \x2d101851239\x0aResult of A \x2b B: 120909234\x0aSlot \x2310\x0aA: \x2d603651365\x2c B: 395942353\x0aResult of A \x2d B: \x2d999593686\x0aSlot \x2311\x0aA: \x2d481990032\x2c B: 1980258334\x0aResult of A \x2a B: 1916336448\x0aSlot \x2312\x0aA: \x2d20024393\x2c B: \x2d987560266\x0aResult of A \x2b B: \x2d1007584627\x0aSlot \x2313\x0aA: 1013952374\x2c B: 419109570\x0aResult of A \x2a B: 1025962892\x0aSlot \x2314\x0aA: \x2d574518533\x2c B: \x2d1854776668\x0aResult of A \x2a B: 698304236\x0aSlot \x2315\x0aA: 228932995\x2c B: 1578211118\x0aResult of A \x2b B: 1807144145\x0aSlot \x2316\x0aA: \x2d188886834\x2c B: 1657010940\x0aResult of A \x2d B: \x2d1845897742\x0aSlot \x2317\x0aA: \x2d865311420\x2c B: 2082111347\x0aResult of A \x2b B: 1216799959\x0a</data></match></read>
    <write><data>\xe3\xba\xa7\x7d</data></write>
    <read><length>4</length><match><data>\x00\x00\x00\x00</data></match></read>
</replay>
</pov>