<?xml version="1.0" standalone="no" ?>
<!DOCTYPE pov SYSTEM "/usr/share/cgc-docs/replay.dtd">
<pov>
<cbid>service</cbid>
<seed>fcb4441fbcc637f24458fc99e15637e79cc84ea187ed2f6276df9b87cb1d326b5398b3b3f0f3753530216fff0c8632a0</seed>
<replay>
    <read><length>2</length><match><data>\xcf\xff</data></match></read>
    <write><data>\x08\x00\x00\x00</data></write>
    <write><data>\x00\x60\xd2?</data></write>
    <write><data>Y4\x27A\x18\xb8!\x5c</data></write>
    <write><data>\xb4\x3c\x5c\x28</data></write>
    <read><length>65</length><match><data>\x0aSlot \x2301\x0aA: 1093088345\x2c B: 1545713688\x0aResult of A \x2a B: 80076839\x0a</data></match></read>
    <write><data>\xb4\x3c\x5c\x28</data></write>
    <read><length>65</length><match><data>\x0aSlot \x2301\x0aA: 1093088345\x2c B: 1545713688\x0aResult of A \x2a B: 80076839\x0a</data></match></read>
    <write><data>\xb4\x3c\x5c\x28</data></write>
    <read><length>65</length><match><data>\x0aSlot \x2301\x0aA: 1093088345\x2c B: 1545713688\x0aResult of A \x2a B: 80076839\x0a</data></match></read>
    <write><data>\x7f\xc0j\xc6</data></write>
    <write><data>\x08I\x93ai\x28\x9f\xd3</data></write>
    <write><data>\xe4\x5c\x3c\x90</data></write>
    <write><data>VC\x7fM\x83m\xa3\x0e</data></write>
    <write><data>\x00\x60\xd2?</data></write>
    <write><data>\xf8r\x10\x28\x06CK\xc4</data></write>
    <write><data>\xe4\x5c\x3c\x90</data></write>
    <write><data>l\x3c\x07L\xafY:\xb6</data></write>
    <write><data>\x3d\x98\x22\xae</data></write>
    <read><length>20</length><match><data>\x27\xe0\xc5\x04n \xf4\x8d\xa8\xb0\x22\x5c\x9f\x99!\xcd\xea\x95A\x02</data></match></read>
    <write><data>\x00\x60\xd2?</data></write>
    <write><data>\xf4\x0f\xcaRf\xf5\xefE</data></write>
    <write><data>\x00\x60\xd2?</data></write>
    <write><data>\x85\x9a\x02\xeb\xa7UP\xbf</data></write>
    <write><data>\xe4\x5c\x3c\x90</data></write>
    <write><data>m\xdd\x88\xe9\xbd\x99\x80W</data></write>
    <write><data>\x3d\x98\x22\xae</data></write>
    <read><length>32</length><match><data>\x27\xe0\xc5\x04n \xf4\x8d\xa8\xb0\x22\x5c\x9f\x99!\xcd\xea\x95A\x02\x07\xdf\x92\x06\x92\xf5\x90\xb0\xf9v\x09A</data></match></read>
    <write><data>\xb4\x3c\x5c\x28</data></write>
    <read><length>527</length><match><data>\x0aSlot \x2301\x0aA: 1093088345\x2c B: 1545713688\x0aResult of A \x2a B: 80076839\x0aSlot \x2302\x0aA: 1637042440\x2c B: \x2d744544151\x0aResult of A \x2d B: \x2d1913380754\x0aSlot \x2303\x0aA: 1300185942\x2c B: 245591427\x0aResult of A \x2b B: 1545777320\x0aSlot \x2304\x0aA: 672166648\x2c B: \x2d1001700602\x0aResult of A \x2a B: \x2d853436001\x0aSlot \x2305\x0aA: 1275542636\x2c B: \x2d1237689937\x0aResult of A \x2b B: 37852650\x0aSlot \x2306\x0aA: 1388974068\x2c B: 1173353830\x0aResult of A \x2a B: 110288647\x0aSlot \x2307\x0aA: \x2d352150907\x2c B: \x2d1085254233\x0aResult of A \x2a B: \x2d1332677230\x0aSlot \x2308\x0aA: \x2d376906387\x2c B: 1468045757\x0aResult of A \x2b B: 1091139321\x0a</data></match></read>
    <write><data>\xe4\x5c\x3c\x90</data></write>
    <read><length>4</length><match><data>\xff\xff\xff\xab</data></match></read>
    <write><data>\xe4\x5c\x3c\x90</data></write>
    <read><length>4</length><match><data>\xff\xff\xff\xab</data></match></read>
    <write><data>\xb4\x3c\x5c\x28</data></write>
    <read><length>527</length><match><data>\x0aSlot \x2301\x0aA: 1093088345\x2c B: 1545713688\x0aResult of A \x2a B: 80076839\x0aSlot \x2302\x0aA: 1637042440\x2c B: \x2d744544151\x0aResult of A \x2d B: \x2d1913380754\x0aSlot \x2303\x0aA: 1300185942\x2c B: 245591427\x0aResult of A \x2b B: 1545777320\x0aSlot \x2304\x0aA: 672166648\x2c B: \x2d1001700602\x0aResult of A \x2a B: \x2d853436001\x0aSlot \x2305\x0aA: 1275542636\x2c B: \x2d1237689937\x0aResult of A \x2b B: 37852650\x0aSlot \x2306\x0aA: 1388974068\x2c B: 1173353830\x0aResult of A \x2a B: 110288647\x0aSlot \x2307\x0aA: \x2d352150907\x2c B: \x2d1085254233\x0aResult of A \x2a B: \x2d1332677230\x0aSlot \x2308\x0aA: \x2d376906387\x2c B: 1468045757\x0aResult of A \x2b B: 1091139321\x0a</data></match></read>
    <write><data>\x7f\xc0j\xc6</data></write>
    <read><length>4</length><match><data>\xff\xff\xff\xab</data></match></read>
    <write><data>\xad\xa85\xb6</data></write>
    <write><data>\x0e\x00\x00\x00</data></write>
    <write><data>\x95Dj\x9b\xe7\x3e\x98s8\x86H\xe5\x00\x00\x00\x00\x95Dj\x9b\x010B\x9bUG\xd1\xa7\x00\x00\x00\x00\x19\x1d\xfdEM5\x96\xb6Qq\x5d\x2c\x00\x00\x00\x00\x19\x1d\xfdE.I\x29.\xbd\x25\xa6\x80\x00\x00\x00\x00\x19\x1d\xfdE:Fd\x28\xc6H\xf8\x83\x00\x00\x00\x00\x95Dj\x9b\xa2I\xe4L\xe6\x24W\xca\x00\x00\x00\x00\x10\x8b\xf7\xa2\xcfk\x271\xf6\x87\x26\x98\x00\x00\x00\x00\x10\x8b\xf7\xa2V\xc5D\xa8y\x82\xbah\x00\x00\x00\x00\x19\x1d\xfdE\xdc\xbd\xb2\x7c\x82vP\x97\x00\x00\x00\x00\x10\x8b\xf7\xa2\xa3\x7eI\xc4\x94\x06\xd0\x92\x00\x00\x00\x00\x95Dj\x9b\xfe\xde\xfe\xe0\xc4V\x1a\x09\x00\x00\x00\x00\x10\x8b\xf7\xa2\xa7\xcc\x82\x03\x7f\xe5Z\xa9\x00\x00\x00\x00\x19\x1d\xfdE\x8a\xf4.\xfd\x93\x09\x8e\xd6\x00\x00\x00\x00\x10\x8b\xf7\xa2\xd0\x93\xc6\x12H\xa9\x10\x9c\x00\x00\x00\x00</data></write>
    <write><data>\x00\x60\xd2?</data></write>
    <read><length>4</length><match><data>\xff\xff\xff\xab</data></match></read>
    <write><data>\x00\x60\xd2?</data></write>
    <read><length>4</length><match><data>\xff\xff\xff\xab</data></match></read>
    <write><data>\x7f\xc0j\xc6</data></write>
    <read><length>4</length><match><data>\xff\xff\xff\xab</data></match></read>
    <write><data>\x7f\xc0j\xc6</data></write>
    <read><length>4</length><match><data>\xff\xff\xff\xab</data></match></read>
    <write><data>\xb4\x3c\x5c\x28</data></write>
    <read><length>930</length><match><data>\x0aSlot \x2301\x0aA: 1939357415\x2c B: \x2d448231880\x0aResult of A \x2d B: \x2d1907378050\x0aSlot \x2302\x0aA: \x2d1690161151\x2c B: \x2d1479456939\x0aResult of A \x2d B: \x2d210704261\x0aSlot \x2303\x0aA: \x2d1231669939\x2c B: 744321361\x0aResult of A \x2b B: \x2d487348627\x0aSlot \x2304\x0aA: 774457646\x2c B: \x2d2136595011\x0aResult of A \x2b B: \x2d1362137414\x0aSlot \x2305\x0aA: 677660218\x2c B: \x2d2080880442\x0aResult of A \x2b B: \x2d1403220273\x0aSlot \x2306\x0aA: 1290029474\x2c B: \x2d900258586\x0aResult of A \x2d B: \x2d2104679285\x0aSlot \x2307\x0aA: 824667087\x2c B: \x2d1742305290\x0aResult of A \x2a B: \x2d294272583\x0aSlot \x2308\x0aA: \x2d1471888042\x2c B: 1757053561\x0aResult of A \x2a B: \x2d986517131\x0aSlot \x2309\x0aA: 2092088796\x2c B: \x2d1756334462\x0aResult of A \x2b B: 335754285\x0aSlot \x2310\x0aA: \x2d1001816413\x2c B: \x2d1831860588\x0aResult of A \x2a B: 233113611\x0aSlot \x2311\x0aA: \x2d520167682\x2c B: 152721092\x0aResult of A \x2d B: \x2d672888823\x0aSlot \x2312\x0aA: 58903719\x2c B: \x2d1453660801\x0aResult of A \x2a B: \x2d257234520\x0aSlot \x2313\x0aA: \x2d47254390\x2c B: \x2d695334509\x0aResult of A \x2b B: \x2d742588948\x0aSlot \x2314\x0aA: 315003856\x2c B: \x2d1676629688\x0aResult of A \x2a B: 1550705231\x0a</data></match></read>
    <write><data>\x3d\x98\x22\xae</data></write>
    <read><length>56</length><match><data>\x7e\xb8O\x8e\x7b\xe8p\xf3m\xa6\xf3\xe2\xban\xcf\xae\xcf\x8e\x5c\xac\x8b\x24\x8d\x82\xb9\xc1u\xeeu\xf12\xc5\x2d4\x03\x14\x0b\x08\xe5\x0d\x09\x88\xe4\xd7\xa8\xe9\xaa\xf0\xec\xfd\xbc\xd3O\xe2m\x5c</data></match></read>
    <write><data>\xe4\x5c\x3c\x90</data></write>
    <read><length>4</length><match><data>\xff\xff\xff\xab</data></match></read>
    <write><data>\xb4\x3c\x5c\x28</data></write>
    <read><length>930</length><match><data>\x0aSlot \x2301\x0aA: 1939357415\x2c B: \x2d448231880\x0aResult of A \x2d B: \x2d1907378050\x0aSlot \x2302\x0aA: \x2d1690161151\x2c B: \x2d1479456939\x0aResult of A \x2d B: \x2d210704261\x0aSlot \x2303\x0aA: \x2d1231669939\x2c B: 744321361\x0aResult of A \x2b B: \x2d487348627\x0aSlot \x2304\x0aA: 774457646\x2c B: \x2d2136595011\x0aResult of A \x2b B: \x2d1362137414\x0aSlot \x2305\x0aA: 677660218\x2c B: \x2d2080880442\x0aResult of A \x2b B: \x2d1403220273\x0aSlot \x2306\x0aA: 1290029474\x2c B: \x2d900258586\x0aResult of A \x2d B: \x2d2104679285\x0aSlot \x2307\x0aA: 824667087\x2c B: \x2d1742305290\x0aResult of A \x2a B: \x2d294272583\x0aSlot \x2308\x0aA: \x2d1471888042\x2c B: 1757053561\x0aResult of A \x2a B: \x2d986517131\x0aSlot \x2309\x0aA: 2092088796\x2c B: \x2d1756334462\x0aResult of A \x2b B: 335754285\x0aSlot \x2310\x0aA: \x2d1001816413\x2c B: \x2d1831860588\x0aResult of A \x2a B: 233113611\x0aSlot \x2311\x0aA: \x2d520167682\x2c B: 152721092\x0aResult of A \x2d B: \x2d672888823\x0aSlot \x2312\x0aA: 58903719\x2c B: \x2d1453660801\x0aResult of A \x2a B: \x2d257234520\x0aSlot \x2313\x0aA: \x2d47254390\x2c B: \x2d695334509\x0aResult of A \x2b B: \x2d742588948\x0aSlot \x2314\x0aA: 315003856\x2c B: \x2d1676629688\x0aResult of A \x2a B: 1550705231\x0a</data></match></read>
    <write><data>\xe4\x5c\x3c\x90</data></write>
    <read><length>4</length><match><data>\xff\xff\xff\xab</data></match></read>
    <write><data>\xb4\x3c\x5c\x28</data></write>
    <read><length>930</length><match><data>\x0aSlot \x2301\x0aA: 1939357415\x2c B: \x2d448231880\x0aResult of A \x2d B: \x2d1907378050\x0aSlot \x2302\x0aA: \x2d1690161151\x2c B: \x2d1479456939\x0aResult of A \x2d B: \x2d210704261\x0aSlot \x2303\x0aA: \x2d1231669939\x2c B: 744321361\x0aResult of A \x2b B: \x2d487348627\x0aSlot \x2304\x0aA: 774457646\x2c B: \x2d2136595011\x0aResult of A \x2b B: \x2d1362137414\x0aSlot \x2305\x0aA: 677660218\x2c B: \x2d2080880442\x0aResult of A \x2b B: \x2d1403220273\x0aSlot \x2306\x0aA: 1290029474\x2c B: \x2d900258586\x0aResult of A \x2d B: \x2d2104679285\x0aSlot \x2307\x0aA: 824667087\x2c B: \x2d1742305290\x0aResult of A \x2a B: \x2d294272583\x0aSlot \x2308\x0aA: \x2d1471888042\x2c B: 1757053561\x0aResult of A \x2a B: \x2d986517131\x0aSlot \x2309\x0aA: 2092088796\x2c B: \x2d1756334462\x0aResult of A \x2b B: 335754285\x0aSlot \x2310\x0aA: \x2d1001816413\x2c B: \x2d1831860588\x0aResult of A \x2a B: 233113611\x0aSlot \x2311\x0aA: \x2d520167682\x2c B: 152721092\x0aResult of A \x2d B: \x2d672888823\x0aSlot \x2312\x0aA: 58903719\x2c B: \x2d1453660801\x0aResult of A \x2a B: \x2d257234520\x0aSlot \x2313\x0aA: \x2d47254390\x2c B: \x2d695334509\x0aResult of A \x2b B: \x2d742588948\x0aSlot \x2314\x0aA: 315003856\x2c B: \x2d1676629688\x0aResult of A \x2a B: 1550705231\x0a</data></match></read>
    <write><data>\xe4\x5c\x3c\x90</data></write>
    <read><length>4</length><match><data>\xff\xff\xff\xab</data></match></read>
    <write><data>\xe4\x5c\x3c\x90</data></write>
    <read><length>4</length><match><data>\xff\xff\xff\xab</data></match></read>
    <write><data>\x3d\x98\x22\xae</data></write>
    <read><length>56</length><match><data>\x7e\xb8O\x8e\x7b\xe8p\xf3m\xa6\xf3\xe2\xban\xcf\xae\xcf\x8e\x5c\xac\x8b\x24\x8d\x82\xb9\xc1u\xeeu\xf12\xc5\x2d4\x03\x14\x0b\x08\xe5\x0d\x09\x88\xe4\xd7\xa8\xe9\xaa\xf0\xec\xfd\xbc\xd3O\xe2m\x5c</data></match></read>
    <write><data>\xad\xa85\xb6</data></write>
    <write><data>\x13\x00\x00\x00</data></write>
    <write><data>\x19\x1d\xfdE\xa4\x29\x8f\xe6W\x05\xeb\x7e\x00\x00\x00\x00\x10\x8b\xf7\xa2\x9d\xa6q\xc2\x2a\xa1\x1b\x15\x00\x00\x00\x00\x19\x1d\xfdE\xdbG\x08\x7f\x8f\xec\x7b\xa0\x00\x00\x00\x00\x19\x1d\xfdE\xcb\xb4\x99\x2dZ\x92\xedC\x00\x00\x00\x00\x10\x8b\xf7\xa2\x5eu\x3d\xb2\x8a\xbd\x3ey\x00\x00\x00\x00\x19\x1d\xfdEn\x5e\x80\xea3\xa6\xb4\xbd\x00\x00\x00\x00\x95Dj\x9b\xed\x94\x5e\x85\xe5\x13j\x1e\x00\x00\x00\x00\x95Dj\x9b\x97\xf9N\xdf\xbb\x25\x9e\xcc\x00\x00\x00\x00\x10\x8b\xf7\xa2\xa3\xd3I\xcd\xda\xea\x5e\x03\x00\x00\x00\x00\x19\x1d\xfdE\x9d\xa3W\xcf\x88nLn\x00\x00\x00\x00\x95Dj\x9b?p\x7e\x98\xb7F\x9bj\x00\x00\x00\x00\x95Dj\x9b\x16\x7c\xa3n\x91\xdc\x11\xef\x00\x00\x00\x00\x10\x8b\xf7\xa2\x3b\x88\x88\xb9\x9a\xa1\x11\xd4\x00\x00\x00\x00\x19\x1d\xfdE\x9f\x8e\xe4lr\x1f0\xb7\x00\x00\x00\x00\x10\x8b\xf7\xa2\x7e\x7c\x0f\xb9\x29\xba\xf9M\x00\x00\x00\x00\x19\x1d\xfdE\xdeS\xc0W\x2b5\x96\xb1\x00\x00\x00\x00\x95Dj\x9b\x2b\xe3\x03\xdb\xc0\x14\xd8\xbf\x00\x00\x00\x00\x10\x8b\xf7\xa2\xca\xdb\xd4?\xa4\x12\xd4N\x00\x00\x00\x00\x10\x8b\xf7\xa2T\x8c\x8f\xa1q\xcd\x5c\xd2\x00\x00\x00\x00</data></write>
    <write><data>\xe3\xba\xa7\x7d</data></write>
    <read><length>4</length><match><data>\x00\x00\x00\x00</data></match></read>
</replay>
</pov>