<?xml version="1.0" standalone="no" ?>
<!DOCTYPE pov SYSTEM "/usr/share/cgc-docs/replay.dtd">
<pov>
<cbid>service</cbid>
<seed>8e8a4be9b1ed63fcf5ab669acae2775267e9a4b99ba6d266b9dfe37e50487f3b6330feb627735948c401ba1c85f6f4ef</seed>
<replay>
    <read><length>2</length><match><data>\xc8\xff</data></match></read>
    <write><data>\x17\x00\x00\x00</data></write>
    <write><data>\x00\x60\xd2?</data></write>
    <write><data>\xea\x07\xcf\x83\xe1\xed3\xd4</data></write>
    <write><data>\x7f\xc0j\xc6</data></write>
    <write><data>\xf3\x7bp\x2c\xb8\xcd\x1a\xe2</data></write>
    <write><data>\x00\x60\xd2?</data></write>
    <write><data>\x9c\xaanb\xf2\x1e\x3e\x5c</data></write>
    <write><data>\x3d\x98\x22\xae</data></write>
    <read><length>12</length><match><data>r\x96\xe7\xde\x03\xaeUJ\x40\x8fcf</data></match></read>
    <write><data>\x00\x60\xd2?</data></write>
    <write><data>\x952\x10\x3bX\xed\xb3\xcc</data></write>
    <write><data>\x00\x60\xd2?</data></write>
    <write><data>\xf7\x8b\xa0AN\x19Y\xd6</data></write>
    <write><data>\xb4\x3c\x5c\x28</data></write>
    <read><length>330</length><match><data>\x0aSlot \x2301\x0aA: \x2d2083584022\x2c B: \x2d734794271\x0aResult of A \x2a B: \x2d555248014\x0aSlot \x2302\x0aA: 745569267\x2c B: \x2d501559880\x0aResult of A \x2d B: 1247129091\x0aSlot \x2303\x0aA: 1651419804\x2c B: 1547575026\x0aResult of A \x2a B: 1717800768\x0aSlot \x2304\x0aA: 990917269\x2c B: \x2d860623528\x0aResult of A \x2a B: 1720996864\x0aSlot \x2305\x0aA: 1101040631\x2c B: \x2d698803890\x0aResult of A \x2a B: \x2d814431222\x0a</data></match></read>
    <write><data>\x3d\x98\x22\xae</data></write>
    <read><length>20</length><match><data>r\x96\xe7\xde\x03\xaeUJ\x40\x8fcf\x00T\x94f\x0a\xc4t\xcf</data></match></read>
    <write><data>\xad\xa85\xb6</data></write>
    <write><data>\x19\x00\x00\x00</data></write>
    <write><data>\x95Dj\x9bK\x7c\xb8\xb2\x167\xda7\x00\x00\x00\x00\x10\x8b\xf7\xa2\x98\x02\x17\x90\x2a\xe5I\x2d\x00\x00\x00\x00\x10\x8b\xf7\xa2UK0Vz\x8d\x95\x24\x00\x00\x00\x00\x95Dj\x9b\x3eM\x3b\xcf\xce?\xf7\xc3\x00\x00\x00\x00\x10\x8b\xf7\xa2\x0blS\x16\x09\xd6\x22\xbe\x00\x00\x00\x00\x19\x1d\xfdEb\x08!L6\x84\xcc\x22\x00\x00\x00\x00\x19\x1d\xfdE\x2b\x83\x1e\xa2\x5c\xf6\xae\x2c\x00\x00\x00\x00\x10\x8b\xf7\xa2\xf1\x8e9:c\xe9f\x14\x00\x00\x00\x00\x10\x8b\xf7\xa2t\xfdaw\x24\xc2LB\x00\x00\x00\x00\x19\x1d\xfdE:\x25\x3e\x84\xa6\xc4\x1e\x1c\x00\x00\x00\x00\x10\x8b\xf7\xa2GwB:\xd9\x99 \xca\x00\x00\x00\x00\x10\x8b\xf7\xa2Lfd\x0b7h\xbb\x7e\x00\x00\x00\x00\x10\x8b\xf7\xa2:\xbc\x2d\x11T\x16\x9f\x2d\x00\x00\x00\x00\x19\x1d\xfdEO\xec\xbd\xeeSG\xcf\xff\x00\x00\x00\x00\x95Dj\x9b\x16\xcf\xe1\xc0\xb5\x1e\xb1\xe7\x00\x00\x00\x00\x95Dj\x9b\x5f\x01\xee4\x90\xcb\xfcj\x00\x00\x00\x00\x10\x8b\xf7\xa2\xbcH\xf0\x9a5\x2d\xa5\x28\x00\x00\x00\x00\x19\x1d\xfdE\x03\xe8\x98\xbf\xeb\x10qo\x00\x00\x00\x00\x95Dj\x9b\x7bwq\x028j\xd1\x83\x00\x00\x00\x00\x10\x8b\xf7\xa2F\x0d\xdc\xac\x12n0\xb0\x00\x00\x00\x00\x10\x8b\xf7\xa2\x85\xc4\xd9\xbe\x12\x0b\xb5\x5c\x00\x00\x00\x00\x10\x8b\xf7\xa2\xab\xb04\xbb\x2f\x98\x9aY\x00\x00\x00\x00\x19\x1d\xfdE\xc7\x8b\xbd\xb1\x7f\x17R\xce\x00\x00\x00\x00\x95Dj\x9b\x92uP\x95B\x27\x99\xd3\x00\x00\x00\x00\x19\x1d\xfdE\x01\xebp\x2b\x99l\x94\xf6\x00\x00\x00\x00</data></write>
    <write><data>\x3d\x98\x22\xae</data></write>
    <read><length>100</length><match><data>\xfdD\xdez\xb8dp\xaeJ\xb7\xfax8\x0dD\x0b\x2b\xfe\xb5\x08\x60\x8c\xednOy\xcd\xce\xfb\x9fa\xaf\x18\x8cI2\xa8\xe9\x5c\xa0\xf7\x89\x80\x0a\x1c\xda\xa4\x5d\xd0\xbe4\xabj3\x8d\xee\x29\xb00\xd9\x975\xf1\xc9\xb4\x1a\xb4\x91\xb6\xf8\x09\x2f\x0b\x0d\xa0\x7e\xb4\x02MR\x22\x88\xca\x84\x2d\xf7oa\x0e\xa3\x0f\x80\x18N\xb7\xc1bW\x05\x22</data></match></read>
    <write><data>\xad\xa85\xb6</data></write>
    <write><data>\x0e\x00\x00\x00</data></write>
    <write><data>\x95Dj\x9b\x82m\xd5\xd2\x93\xa8p\xc2\x00\x00\x00\x00\x19\x1d\xfdE\x5b?k\x9an\x2d\xf6\x99\x00\x00\x00\x00\x95Dj\x9b\xcd\xbaR0\xb4\x8b\x9f\x8f\x00\x00\x00\x00\x19\x1d\xfdE\xa1\x10\xc6iL\x19\xa1\x9e\x00\x00\x00\x00\x95Dj\x9bG\x9a\xfa\x60\x2dG\xafV\x00\x00\x00\x00\x10\x8b\xf7\xa2\xe7\x25\x95\x0a3\xb2\xda\xb9\x00\x00\x00\x00\x19\x1d\xfdE\xeaiJ\xc14\xe0\xd2\x24\x00\x00\x00\x00\x19\x1d\xfdEL\xf4\x3e\xf8\xccu\xf2\xd8\x00\x00\x00\x00\x95Dj\x9b0\xa9\xfe\x1f\x91ve:\x00\x00\x00\x00\x19\x1d\xfdE\xc7\x07\x0a\xd9X\xeaA\x8c\x00\x00\x00\x00\x19\x1d\xfdEs\x7fp\x83\x1a\xc3\x25\xb0\x00\x00\x00\x00\x10\x8b\xf7\xa2\x8a\xdd\x2f\x7cg\x2b\x824\x00\x00\x00\x00\x95Dj\x9bK\x06x\x2c\xd5ej\xb6\x00\x00\x00\x00\x95Dj\x9b\x27\xb1z6\x25\xdc\xe2\x08\x00\x00\x00\x00</data></write>
    <write><data>\x00\x60\xd2?</data></write>
    <read><length>4</length><match><data>\xff\xff\xff\xab</data></match></read>
    <write><data>\xe4\x5c\x3c\x90</data></write>
    <read><length>4</length><match><data>\xff\xff\xff\xab</data></match></read>
    <write><data>\xe4\x5c\x3c\x90</data></write>
    <read><length>4</length><match><data>\xff\xff\xff\xab</data></match></read>
    <write><data>\xb4\x3c\x5c\x28</data></write>
    <read><length>921</length><match><data>\x0aSlot \x2301\x0aA: \x2d757764734\x2c B: \x2d1032804205\x0aResult of A \x2d B: 275039415\x0aSlot \x2302\x0aA: \x2d1704247461\x2c B: \x2d1711919762\x0aResult of A \x2b B: 878800017\x0aSlot \x2303\x0aA: 810728141\x2c B: \x2d1885369420\x0aResult of A \x2d B: \x2d1598869791\x0aSlot \x2304\x0aA: 1774588065\x2c B: \x2d1633609396\x0aResult of A \x2b B: 140978613\x0aSlot \x2305\x0aA: 1627036231\x2c B: 1454327597\x0aResult of A \x2d B: 172708578\x0aSlot \x2306\x0aA: 177546727\x2c B: \x2d1176849869\x0aResult of A \x2a B: 96938701\x0aSlot \x2307\x0aA: \x2d1052087830\x2c B: 617799732\x0aResult of A \x2b B: \x2d434288154\x0aSlot \x2308\x0aA: \x2d130091956\x2c B: \x2d655198772\x0aResult of A \x2b B: \x2d785290784\x0aSlot \x2309\x0aA: 536783152\x2c B: 979728017\x0aResult of A \x2d B: \x2d442944921\x0aSlot \x2310\x0aA: \x2d653654073\x2c B: \x2d1941837224\x0aResult of A \x2b B: 1699475943\x0aSlot \x2311\x0aA: \x2d2089779341\x2c B: \x2d1339702502\x0aResult of A \x2b B: 865485397\x0aSlot \x2312\x0aA: 2083511690\x2c B: 880946023\x0aResult of A \x2a B: \x2d1987293106\x0aSlot \x2313\x0aA: 746063435\x2c B: \x2d1234541099\x0aResult of A \x2d B: 1980604478\x0aSlot \x2314\x0aA: 914010407\x2c B: 149085221\x0aResult of A \x2d B: 764925130\x0a</data></match></read>
    <write><data>\xb4\x3c\x5c\x28</data></write>
    <read><length>921</length><match><data>\x0aSlot \x2301\x0aA: \x2d757764734\x2c B: \x2d1032804205\x0aResult of A \x2d B: 275039415\x0aSlot \x2302\x0aA: \x2d1704247461\x2c B: \x2d1711919762\x0aResult of A \x2b B: 878800017\x0aSlot \x2303\x0aA: 810728141\x2c B: \x2d1885369420\x0aResult of A \x2d B: \x2d1598869791\x0aSlot \x2304\x0aA: 1774588065\x2c B: \x2d1633609396\x0aResult of A \x2b B: 140978613\x0aSlot \x2305\x0aA: 1627036231\x2c B: 1454327597\x0aResult of A \x2d B: 172708578\x0aSlot \x2306\x0aA: 177546727\x2c B: \x2d1176849869\x0aResult of A \x2a B: 96938701\x0aSlot \x2307\x0aA: \x2d1052087830\x2c B: 617799732\x0aResult of A \x2b B: \x2d434288154\x0aSlot \x2308\x0aA: \x2d130091956\x2c B: \x2d655198772\x0aResult of A \x2b B: \x2d785290784\x0aSlot \x2309\x0aA: 536783152\x2c B: 979728017\x0aResult of A \x2d B: \x2d442944921\x0aSlot \x2310\x0aA: \x2d653654073\x2c B: \x2d1941837224\x0aResult of A \x2b B: 1699475943\x0aSlot \x2311\x0aA: \x2d2089779341\x2c B: \x2d1339702502\x0aResult of A \x2b B: 865485397\x0aSlot \x2312\x0aA: 2083511690\x2c B: 880946023\x0aResult of A \x2a B: \x2d1987293106\x0aSlot \x2313\x0aA: 746063435\x2c B: \x2d1234541099\x0aResult of A \x2d B: 1980604478\x0aSlot \x2314\x0aA: 914010407\x2c B: 149085221\x0aResult of A \x2d B: 764925130\x0a</data></match></read>
    <write><data>\x7f\xc0j\xc6</data></write>
    <read><length>4</length><match><data>\xff\xff\xff\xab</data></match></read>
    <write><data>\xb4\x3c\x5c\x28</data></write>
    <read><length>921</length><match><data>\x0aSlot \x2301\x0aA: \x2d757764734\x2c B: \x2d1032804205\x0aResult of A \x2d B: 275039415\x0aSlot \x2302\x0aA: \x2d1704247461\x2c B: \x2d1711919762\x0aResult of A \x2b B: 878800017\x0aSlot \x2303\x0aA: 810728141\x2c B: \x2d1885369420\x0aResult of A \x2d B: \x2d1598869791\x0aSlot \x2304\x0aA: 1774588065\x2c B: \x2d1633609396\x0aResult of A \x2b B: 140978613\x0aSlot \x2305\x0aA: 1627036231\x2c B: 1454327597\x0aResult of A \x2d B: 172708578\x0aSlot \x2306\x0aA: 177546727\x2c B: \x2d1176849869\x0aResult of A \x2a B: 96938701\x0aSlot \x2307\x0aA: \x2d1052087830\x2c B: 617799732\x0aResult of A \x2b B: \x2d434288154\x0aSlot \x2308\x0aA: \x2d130091956\x2c B: \x2d655198772\x0aResult of A \x2b B: \x2d785290784\x0aSlot \x2309\x0aA: 536783152\x2c B: 979728017\x0aResult of A \x2d B: \x2d442944921\x0aSlot \x2310\x0aA: \x2d653654073\x2c B: \x2d1941837224\x0aResult of A \x2b B: 1699475943\x0aSlot \x2311\x0aA: \x2d2089779341\x2c B: \x2d1339702502\x0aResult of A \x2b B: 865485397\x0aSlot \x2312\x0aA: 2083511690\x2c B: 880946023\x0aResult of A \x2a B: \x2d1987293106\x0aSlot \x2313\x0aA: 746063435\x2c B: \x2d1234541099\x0aResult of A \x2d B: 1980604478\x0aSlot \x2314\x0aA: 914010407\x2c B: 149085221\x0aResult of A \x2d B: 764925130\x0a</data></match></read>
    <write><data>\x00\x60\xd2?</data></write>
    <read><length>4</length><match><data>\xff\xff\xff\xab</data></match></read>
    <write><data>\x3d\x98\x22\xae</data></write>
    <read><length>56</length><match><data>\xb7\xc4d\x10\x91la4\xe1.\xb3\xa0\xb5\x29g\x08\xe2RK\x0a\xcd\x2a\xc7\x05\xe6I\x1d\xe6\xe0i1\xd1g2\x99\xe5\xe7\xf1KeUB\x963NP\x8c\x89\x3e\xa0\x0dv\xca\xd4\x97\x2d</data></match></read>
    <write><data>\x3d\x98\x22\xae</data></write>
    <read><length>56</length><match><data>\xb7\xc4d\x10\x91la4\xe1.\xb3\xa0\xb5\x29g\x08\xe2RK\x0a\xcd\x2a\xc7\x05\xe6I\x1d\xe6\xe0i1\xd1g2\x99\xe5\xe7\xf1KeUB\x963NP\x8c\x89\x3e\xa0\x0dv\xca\xd4\x97\x2d</data></match></read>
    <write><data>\xad\xa85\xb6</data></write>
    <write><data>\x1e\x00\x00\x00</data></write>
    <write><data>\x95Dj\x9bRS\x2d\xa3\xf8.q\xdf\x00\x00\x00\x00\x95Dj\x9b\xfb\xa9\xab\x26\x1aO\x12\xc1\x00\x00\x00\x00\x95Dj\x9bA\xdf\xc8\x7f\xef\xa0\xfe\x98\x00\x00\x00\x00\x10\x8b\xf7\xa2i\xe9p\xce\x03v\x8f\xc6\x00\x00\x00\x00\x95Dj\x9bo\x1d\xb1\x1d\xd5\x60\x01\x1d\x00\x00\x00\x00\x10\x8b\xf7\xa2\x8dJ\x40\xf9\x08p\x2a\xbd\x00\x00\x00\x00\x95Dj\x9bF\x06\x9e1\xbe\x99\x5e\xa8\x00\x00\x00\x00\x95Dj\x9b\xab\xc6N\xcb\x9d\xa8\x292\x00\x00\x00\x00\x10\x8b\xf7\xa2\x05\x1f.\xc8\xe0\x2a\x0e\x83\x00\x00\x00\x00\x95Dj\x9bC\xa6\xfe\xb8\xf5\xe2\x40\xaf\x00\x00\x00\x00\x95Dj\x9b\x86\x8cF\xfd\x5d\x03\x12\xc5\x00\x00\x00\x00\x95Dj\x9b\xf3\xb7\xb0\xf3K\xf8\x16\x29\x00\x00\x00\x00\x10\x8b\xf7\xa2\x3c\xca\xff\x94D\x29?m\x00\x00\x00\x00\x95Dj\x9b\xde\x7c\xa6\xed\xe1\x7d\x2f\x09\x00\x00\x00\x00\x19\x1d\xfdE\x04A6\x28\x03\xcc\x15\x5f\x00\x00\x00\x00\x19\x1d\xfdEXp\xa3\x9a\xf0\x9a\xee\x8d\x00\x00\x00\x00\x19\x1d\xfdE1\xbb\x7e\x85\xcaNGT\x00\x00\x00\x00\x19\x1d\xfdEO\x25\x90\xd0\xbf\xbc\xa75\x00\x00\x00\x00\x95Dj\x9b\xf9\x2a\x1fn\xd5\xcf\xaeh\x00\x00\x00\x00\x10\x8b\xf7\xa2\xbfx\x9b\x27qsoj\x00\x00\x00\x00\x95Dj\x9b\x27\x9d\xf3\x8aS\x0a\xcf\x16\x00\x00\x00\x00\x19\x1d\xfdE1a\xa6\xa1\x0b\xab\x27\x0f\x00\x00\x00\x00\x19\x1d\xfdE\x84\xdf\x00g\xa4\x9e\xb93\x00\x00\x00\x00\x95Dj\x9b\xa3\xdb\x07.\x92\x25\x97q\x00\x00\x00\x00\x95Dj\x9b\xc9\xaa\xd0H\x84p\x24\x8e\x00\x00\x00\x00\x10\x8b\xf7\xa2\xc32\xc2\x16\xa7\xa7\xa6\x2c\x00\x00\x00\x00\x19\x1d\xfdE\x22\x005\xfe\xa8\xc8N\xee\x00\x00\x00\x00\x10\x8b\xf7\xa2\xd8s\x0di\xb4\xdc\x5c\xde\x00\x00\x00\x00\x19\x1d\xfdE\xfe\x91\x8f\xed\x8daC\xaa\x00\x00\x00\x00\x19\x1d\xfdE\xfb\xf6\xa1\xe4!nC\xda\x00\x00\x00\x00</data></write>
    <write><data>\xe4\x5c\x3c\x90</data></write>
    <read><length>4</length><match><data>\xff\xff\xff\xab</data></match></read>
    <write><data>\xad\xa85\xb6</data></write>
    <write><data>\x06\x00\x00\x00</data></write>
    <write><data>\x19\x1d\xfdE\x5c\xb8\xdf\xd7\xa8!\xc4\xd6\x00\x00\x00\x00\x10\x8b\xf7\xa2\xf3\xf6\xf1aHy\x7c\x0e\x00\x00\x00\x00\x19\x1d\xfdE\x7b\x1b\xe3\x05\x80r\x9d\x06\x00\x00\x00\x00\x19\x1d\xfdE\xb6\x3b\xb2\xdb\xb03Z\x80\x00\x00\x00\x00\x19\x1d\xfdE\xb8\x80\x03\x86\xdb\xce\x22\xde\x00\x00\x00\x00\x19\x1d\xfdE\x28\xe6\xe6\xfe\xab\x9b7\xef\x00\x00\x00\x00</data></write>
    <write><data>\xad\xa85\xb6</data></write>
    <write><data>\x17\x00\x00\x00</data></write>
    <write><data>\x19\x1d\xfdEz\x87\xea\x8c\x60\xe6\xc6\xd6\x00\x00\x00\x00\x10\x8b\xf7\xa2\xe8h\xfe\xc7\xfdH\x98\xf2\x00\x00\x00\x00\x95Dj\x9b\xcd\x3e\x03\x88\x1b4\xefj\x00\x00\x00\x00\x19\x1d\xfdE\xa1\x91EA\x81\xcbN3\x00\x00\x00\x00\x19\x1d\xfdE\xe5\xd6\xe8\xcf\xfb\x85\xab\x97\x00\x00\x00\x00\x95Dj\x9bzEw\x7c\xbc\xa4u\x7d\x00\x00\x00\x00\x19\x1d\xfdE9\x92\xb7\x1a\xba\xeb\x8d\x88\x00\x00\x00\x00\x95Dj\x9b\x02\xcb\xfdx5t\xdeI\x00\x00\x00\x00\x19\x1d\xfdE\x9b\xc6\x3d\xach\xc9\xc3\xa3\x00\x00\x00\x00\x10\x8b\xf7\xa2q4\xb5t\x0b\xcd\xec\x12\x00\x00\x00\x00\x10\x8b\xf7\xa2\x29\xd5TZ\xe8\xb8\x82\x90\x00\x00\x00\x00\x10\x8b\xf7\xa2\x81\xad\xaaw\x0b\xbcAX\x00\x00\x00\x00\x95Dj\x9b\xea\x17Vf\x7dB\x3cC\x00\x00\x00\x00\x19\x1d\xfdE\x14\x23Zo\x91\x98\x83R\x00\x00\x00\x00\x10\x8b\xf7\xa2\xb6\xe0\xaa\xc5y\xbee\x08\x00\x00\x00\x00\x95Dj\x9b\x17\xd3\x2cHH\xb2\xbc\xaf\x00\x00\x00\x00\x19\x1d\xfdE\xeakP\x90\x9ek\x0b6\x00\x00\x00\x00\x95Dj\x9b\xca\x1d\xb8\xab\xd2\xc0\x2b\x3b\x00\x00\x00\x00\x95Dj\x9bP:f\xd3X\x06o\xd6\x00\x00\x00\x00\x19\x1d\xfdEf\x8c\xf0z\x2b\xa9\x0e\xa5\x00\x00\x00\x00\x19\x1d\xfdE\xdf\x91\x15u\xe8\x7d\x83\xd0\x00\x00\x00\x00\x95Dj\x9b\xa8t\xf6\x88\xb6\xa9\xacI\x00\x00\x00\x00\x95Dj\x9b\x8e\x8b\xb2\xa8\x29\xf9C\xb3\x00\x00\x00\x00</data></write>
    <write><data>\x3d\x98\x22\xae</data></write>
    <read><length>92</length><match><data>\xa2m\xb1c\x10\xed\xae\xcdz\x0a\x14\x1d\xea\x5c\x94t\xa8\x5c\x94g\x86\xa0\x01\xff\xbb\x7dE\xa3\x95V\x1f\x2f\xcb\x8f\x01P\xa3\xbd\xf3h\xf0\xa4\xe8\x24S0\x81\xe15\xd5\x19\x23m\xbb\xdd\xc1\xceIY\x98\x97 p\x98P\xd7\x5b\xc6\xc0\x5c\x8cp\xc03\xf7\xfcY5\xff\x1f\x8f\x0f\x99E\xba\xcaI?\x2d\x92n\xf5</data></match></read>
    <write><data>\x3d\x98\x22\xae</data></write>
    <read><length>92</length><match><data>\xa2m\xb1c\x10\xed\xae\xcdz\x0a\x14\x1d\xea\x5c\x94t\xa8\x5c\x94g\x86\xa0\x01\xff\xbb\x7dE\xa3\x95V\x1f\x2f\xcb\x8f\x01P\xa3\xbd\xf3h\xf0\xa4\xe8\x24S0\x81\xe15\xd5\x19\x23m\xbb\xdd\xc1\xceIY\x98\x97 p\x98P\xd7\x5b\xc6\xc0\x5c\x8cp\xc03\xf7\xfcY5\xff\x1f\x8f\x0f\x99E\xba\xcaI?\x2d\x92n\xf5</data></match></read>
    <write><data>\x00\x60\xd2?</data></write>
    <read><length>4</length><match><data>\xff\xff\xff\xab</data></match></read>
    <write><data>\x3d\x98\x22\xae</data></write>
    <read><length>92</length><match><data>\xa2m\xb1c\x10\xed\xae\xcdz\x0a\x14\x1d\xea\x5c\x94t\xa8\x5c\x94g\x86\xa0\x01\xff\xbb\x7dE\xa3\x95V\x1f\x2f\xcb\x8f\x01P\xa3\xbd\xf3h\xf0\xa4\xe8\x24S0\x81\xe15\xd5\x19\x23m\xbb\xdd\xc1\xceIY\x98\x97 p\x98P\xd7\x5b\xc6\xc0\x5c\x8cp\xc03\xf7\xfcY5\xff\x1f\x8f\x0f\x99E\xba\xcaI?\x2d\x92n\xf5</data></match></read>
    <write><data>\xe4\x5c\x3c\x90</data></write>
    <read><length>4</length><match><data>\xff\xff\xff\xab</data></match></read>
    <write><data>\x3d\x98\x22\xae</data></write>
    <read><length>92</length><match><data>\xa2m\xb1c\x10\xed\xae\xcdz\x0a\x14\x1d\xea\x5c\x94t\xa8\x5c\x94g\x86\xa0\x01\xff\xbb\x7dE\xa3\x95V\x1f\x2f\xcb\x8f\x01P\xa3\xbd\xf3h\xf0\xa4\xe8\x24S0\x81\xe15\xd5\x19\x23m\xbb\xdd\xc1\xceIY\x98\x97 p\x98P\xd7\x5b\xc6\xc0\x5c\x8cp\xc03\xf7\xfcY5\xff\x1f\x8f\x0f\x99E\xba\xcaI?\x2d\x92n\xf5</data></match></read>
    <write><data>\xe4\x5c\x3c\x90</data></write>
    <read><length>4</length><match><data>\xff\xff\xff\xab</data></match></read>
    <write><data>\xe4\x5c\x3c\x90</data></write>
    <read><length>4</length><match><data>\xff\xff\xff\xab</data></match></read>
    <write><data>\xb4\x3c\x5c\x28</data></write>
    <read><length>1524</length><match><data>\x0aSlot \x2301\x0aA: \x2d1930786950\x2c B: \x2d691607968\x0aResult of A \x2b B: 1672572322\x0aSlot \x2302\x0aA: \x2d939628312\x2c B: \x2d224900867\x0aResult of A \x2a B: \x2d844174064\x0aSlot \x2303\x0aA: \x2d2013053235\x2c B: 1794061339\x0aResult of A \x2d B: 487852666\x0aSlot \x2304\x0aA: 1095078305\x2c B: 860801921\x0aResult of A \x2b B: 1955880170\x0aSlot \x2305\x0aA: \x2d806824219\x2c B: \x2d1750366725\x0aResult of A \x2b B: 1737776296\x0aSlot \x2306\x0aA: 2088191354\x2c B: 2104861884\x0aResult of A \x2d B: \x2d16670586\x0aSlot \x2307\x0aA: 448238137\x2c B: \x2d2003964998\x0aResult of A \x2b B: \x2d1555726917\x0aSlot \x2308\x0aA: 2029898498\x2c B: 1239315509\x0aResult of A \x2d B: 790582933\x0aSlot \x2309\x0aA: \x2d1405237605\x2c B: \x2d1547450008\x0aResult of A \x2b B: 1342279627\x0aSlot \x2310\x0aA: 1958032497\x2c B: 317508875\x0aResult of A \x2a B: 1760804259\x0aSlot \x2311\x0aA: 1515509033\x2c B: \x2d1870481176\x0aResult of A \x2a B: 619226352\x0aSlot \x2312\x0aA: 2007674241\x2c B: 1480702987\x0aResult of A \x2a B: \x2d511627181\x0aSlot \x2313\x0aA: 1716918250\x2c B: 1128022653\x0aResult of A \x2d B: 588895541\x0aSlot \x2314\x0aA: 1868178196\x2c B: 1384355985\x0aResult of A \x2b B: \x2d1042433171\x0aSlot \x2315\x0aA: \x2d978657098\x2c B: 140885625\x0aResult of A \x2a B: \x2d1738978866\x0aSlot \x2316\x0aA: 1210897175\x2c B: \x2d1346588088\x0aResult of A \x2d B: \x2d1737482089\x0aSlot \x2317\x0aA: \x2d1873777686\x2c B: 906718110\x0aResult of A \x2b B: \x2d967059632\x0aSlot \x2318\x0aA: \x2d1413997110\x2c B: 992723154\x0aResult of A \x2d B: 1888246976\x0aSlot \x2319\x0aA: \x2d748275120\x2c B: \x2d697366952\x0aResult of A \x2d B: \x2d50908224\x0aSlot \x2320\x0aA: 2062584934\x2c B: \x2d1525765845\x0aResult of A \x2b B: 536819033\x0aSlot \x2321\x0aA: 1964347871\x2c B: \x2d796688920\x0aResult of A \x2b B: 1167658895\x0aSlot \x2322\x0aA: \x2d1997114200\x2c B: 1236052406\x0aResult of A \x2d B: 1061800634\x0aSlot \x2323\x0aA: \x2d1464693874\x2c B: \x2d1287390935\x0aResult of A \x2d B: \x2d177302995\x0a</data></match></read>
    <write><data>\xb4\x3c\x5c\x28</data></write>
    <read><length>1524</length><match><data>\x0aSlot \x2301\x0aA: \x2d1930786950\x2c B: \x2d691607968\x0aResult of A \x2b B: 1672572322\x0aSlot \x2302\x0aA: \x2d939628312\x2c B: \x2d224900867\x0aResult of A \x2a B: \x2d844174064\x0aSlot \x2303\x0aA: \x2d2013053235\x2c B: 1794061339\x0aResult of A \x2d B: 487852666\x0aSlot \x2304\x0aA: 1095078305\x2c B: 860801921\x0aResult of A \x2b B: 1955880170\x0aSlot \x2305\x0aA: \x2d806824219\x2c B: \x2d1750366725\x0aResult of A \x2b B: 1737776296\x0aSlot \x2306\x0aA: 2088191354\x2c B: 2104861884\x0aResult of A \x2d B: \x2d16670586\x0aSlot \x2307\x0aA: 448238137\x2c B: \x2d2003964998\x0aResult of A \x2b B: \x2d1555726917\x0aSlot \x2308\x0aA: 2029898498\x2c B: 1239315509\x0aResult of A \x2d B: 790582933\x0aSlot \x2309\x0aA: \x2d1405237605\x2c B: \x2d1547450008\x0aResult of A \x2b B: 1342279627\x0aSlot \x2310\x0aA: 1958032497\x2c B: 317508875\x0aResult of A \x2a B: 1760804259\x0aSlot \x2311\x0aA: 1515509033\x2c B: \x2d1870481176\x0aResult of A \x2a B: 619226352\x0aSlot \x2312\x0aA: 2007674241\x2c B: 1480702987\x0aResult of A \x2a B: \x2d511627181\x0aSlot \x2313\x0aA: 1716918250\x2c B: 1128022653\x0aResult of A \x2d B: 588895541\x0aSlot \x2314\x0aA: 1868178196\x2c B: 1384355985\x0aResult of A \x2b B: \x2d1042433171\x0aSlot \x2315\x0aA: \x2d978657098\x2c B: 140885625\x0aResult of A \x2a B: \x2d1738978866\x0aSlot \x2316\x0aA: 1210897175\x2c B: \x2d1346588088\x0aResult of A \x2d B: \x2d1737482089\x0aSlot \x2317\x0aA: \x2d1873777686\x2c B: 906718110\x0aResult of A \x2b B: \x2d967059632\x0aSlot \x2318\x0aA: \x2d1413997110\x2c B: 992723154\x0aResult of A \x2d B: 1888246976\x0aSlot \x2319\x0aA: \x2d748275120\x2c B: \x2d697366952\x0aResult of A \x2d B: \x2d50908224\x0aSlot \x2320\x0aA: 2062584934\x2c B: \x2d1525765845\x0aResult of A \x2b B: 536819033\x0aSlot \x2321\x0aA: 1964347871\x2c B: \x2d796688920\x0aResult of A \x2b B: 1167658895\x0aSlot \x2322\x0aA: \x2d1997114200\x2c B: 1236052406\x0aResult of A \x2d B: 1061800634\x0aSlot \x2323\x0aA: \x2d1464693874\x2c B: \x2d1287390935\x0aResult of A \x2d B: \x2d177302995\x0a</data></match></read>
    <write><data>\xe4\x5c\x3c\x90</data></write>
    <read><length>4</length><match><data>\xff\xff\xff\xab</data></match></read>
    <write><data>\x7f\xc0j\xc6</data></write>
    <read><length>4</length><match><data>\xff\xff\xff\xab</data></match></read>
    <write><data>\xe4\x5c\x3c\x90</data></write>
    <read><length>4</length><match><data>\xff\xff\xff\xab</data></match></read>
    <write><data>\x00\x60\xd2?</data></write>
    <read><length>4</length><match><data>\xff\xff\xff\xab</data></match></read>
    <write><data>\x3d\x98\x22\xae</data></write>
    <read><length>92</length><match><data>\xa2m\xb1c\x10\xed\xae\xcdz\x0a\x14\x1d\xea\x5c\x94t\xa8\x5c\x94g\x86\xa0\x01\xff\xbb\x7dE\xa3\x95V\x1f\x2f\xcb\x8f\x01P\xa3\xbd\xf3h\xf0\xa4\xe8\x24S0\x81\xe15\xd5\x19\x23m\xbb\xdd\xc1\xceIY\x98\x97 p\x98P\xd7\x5b\xc6\xc0\x5c\x8cp\xc03\xf7\xfcY5\xff\x1f\x8f\x0f\x99E\xba\xcaI?\x2d\x92n\xf5</data></match></read>
    <write><data>\xe3\xba\xa7\x7d</data></write>
    <read><length>4</length><match><data>\x00\x00\x00\x00</data></match></read>
</replay>
</pov>