<?xml version="1.0" standalone="no" ?>
<!DOCTYPE pov SYSTEM "/usr/share/cgc-docs/replay.dtd">
<pov>
<cbid>service</cbid>
<seed>e6c1d6a7dd114bd6e73c897e44b1bcdac7d4ad820d55db751a480bd0d99d20c20cd3448235f6d65e96b6efed15421e34</seed>
<replay>
    <read><length>2</length><match><data>\x93\xff</data></match></read>
    <write><data>\x19\x00\x00\x00</data></write>
    <write><data>\x7f\xc0j\xc6</data></write>
    <write><data>\xa4X\xbd\x9b\x00\x5c\xeel</data></write>
    <write><data>\xe4\x5c\x3c\x90</data></write>
    <write><data>3s\xd1\x5dS\xfd\x22\x8c</data></write>
    <write><data>\xad\xa85\xb6</data></write>
    <write><data>\x0c\x00\x00\x00</data></write>
    <write><data>\x95Dj\x9b\xbdHwx\x9b\xbf\x99.\x00\x00\x00\x00\x19\x1d\xfdE\xb9I\xc273\xab\xdb\x1d\x00\x00\x00\x00\x95Dj\x9b\xfc\xfcj\xd3o\xf6\xc5\xa9\x00\x00\x00\x00\x10\x8b\xf7\xa2\x80\x23\x8e\x17S\xe7\xa5\xe3\x00\x00\x00\x00\x95Dj\x9b\x08\x80\x91\xfb\x08W\xf2\x03\x00\x00\x00\x00\x95Dj\x9b\x0aB\x9d\xc0G\xde\xf5\xc5\x00\x00\x00\x00\x95Dj\x9bQ\x93\x06\xc7\x3c\xfd\xec\x7c\x00\x00\x00\x00\x10\x8b\xf7\xa22\x80\x60\x0f\xc3Og\xa7\x00\x00\x00\x00\x95Dj\x9b\xbb\xf5\x972\xec\xdd\xc3\xd4\x00\x00\x00\x00\x10\x8b\xf7\xa2\xb7\xecj\x1eV\xef\x10\x7f\x00\x00\x00\x00\x95Dj\x9b\xdd\x2cIB\x00\xeaQ\x88\x00\x00\x00\x00\x10\x8b\xf7\xa2\xe9\x8c\x80\x7b\xcb\x89K\xe4\x00\x00\x00\x00</data></write>
    <write><data>\x7f\xc0j\xc6</data></write>
    <read><length>4</length><match><data>\xff\xff\xff\xab</data></match></read>
    <write><data>\x7f\xc0j\xc6</data></write>
    <read><length>4</length><match><data>\xff\xff\xff\xab</data></match></read>
    <write><data>\xb4\x3c\x5c\x28</data></write>
    <read><length>789</length><match><data>\x0aSlot \x2301\x0aA: 2021083325\x2c B: 781827995\x0aResult of A \x2d B: 1239255221\x0aSlot \x2302\x0aA: 935479737\x2c B: 500935475\x0aResult of A \x2b B: 1436415103\x0aSlot \x2303\x0aA: \x2d747963140\x2c B: \x2d1446644113\x0aResult of A \x2d B: 698680864\x0aSlot \x2304\x0aA: 395191168\x2c B: \x2d475666605\x0aResult of A \x2a B: 1184760339\x0aSlot \x2305\x0aA: \x2d74350584\x2c B: 66213640\x0aResult of A \x2d B: \x2d140564333\x0aSlot \x2306\x0aA: \x2d1063435766\x2c B: \x2d973742521\x0aResult of A \x2d B: \x2d89693354\x0aSlot \x2307\x0aA: \x2d955870383\x2c B: 2095906108\x0aResult of A \x2d B: 1243190696\x0aSlot \x2308\x0aA: 257982514\x2c B: \x2d1486401597\x0aResult of A \x2a B: \x2d1339092055\x0aSlot \x2309\x0aA: 848819643\x2c B: \x2d725361172\x0aResult of A \x2d B: 1574180706\x0aSlot \x2310\x0aA: 510323895\x2c B: 2131816278\x0aResult of A \x2a B: \x2d1621467635\x0aSlot \x2311\x0aA: 1112091869\x2c B: \x2d2007897600\x0aResult of A \x2d B: \x2d1174977936\x0aSlot \x2312\x0aA: 2072022249\x2c B: \x2d464811573\x0aResult of A \x2a B: \x2d2036634282\x0a</data></match></read>
    <write><data>\xb4\x3c\x5c\x28</data></write>
    <read><length>789</length><match><data>\x0aSlot \x2301\x0aA: 2021083325\x2c B: 781827995\x0aResult of A \x2d B: 1239255221\x0aSlot \x2302\x0aA: 935479737\x2c B: 500935475\x0aResult of A \x2b B: 1436415103\x0aSlot \x2303\x0aA: \x2d747963140\x2c B: \x2d1446644113\x0aResult of A \x2d B: 698680864\x0aSlot \x2304\x0aA: 395191168\x2c B: \x2d475666605\x0aResult of A \x2a B: 1184760339\x0aSlot \x2305\x0aA: \x2d74350584\x2c B: 66213640\x0aResult of A \x2d B: \x2d140564333\x0aSlot \x2306\x0aA: \x2d1063435766\x2c B: \x2d973742521\x0aResult of A \x2d B: \x2d89693354\x0aSlot \x2307\x0aA: \x2d955870383\x2c B: 2095906108\x0aResult of A \x2d B: 1243190696\x0aSlot \x2308\x0aA: 257982514\x2c B: \x2d1486401597\x0aResult of A \x2a B: \x2d1339092055\x0aSlot \x2309\x0aA: 848819643\x2c B: \x2d725361172\x0aResult of A \x2d B: 1574180706\x0aSlot \x2310\x0aA: 510323895\x2c B: 2131816278\x0aResult of A \x2a B: \x2d1621467635\x0aSlot \x2311\x0aA: 1112091869\x2c B: \x2d2007897600\x0aResult of A \x2d B: \x2d1174977936\x0aSlot \x2312\x0aA: 2072022249\x2c B: \x2d464811573\x0aResult of A \x2a B: \x2d2036634282\x0a</data></match></read>
    <write><data>\xb4\x3c\x5c\x28</data></write>
    <read><length>789</length><match><data>\x0aSlot \x2301\x0aA: 2021083325\x2c B: 781827995\x0aResult of A \x2d B: 1239255221\x0aSlot \x2302\x0aA: 935479737\x2c B: 500935475\x0aResult of A \x2b B: 1436415103\x0aSlot \x2303\x0aA: \x2d747963140\x2c B: \x2d1446644113\x0aResult of A \x2d B: 698680864\x0aSlot \x2304\x0aA: 395191168\x2c B: \x2d475666605\x0aResult of A \x2a B: 1184760339\x0aSlot \x2305\x0aA: \x2d74350584\x2c B: 66213640\x0aResult of A \x2d B: \x2d140564333\x0aSlot \x2306\x0aA: \x2d1063435766\x2c B: \x2d973742521\x0aResult of A \x2d B: \x2d89693354\x0aSlot \x2307\x0aA: \x2d955870383\x2c B: 2095906108\x0aResult of A \x2d B: 1243190696\x0aSlot \x2308\x0aA: 257982514\x2c B: \x2d1486401597\x0aResult of A \x2a B: \x2d1339092055\x0aSlot \x2309\x0aA: 848819643\x2c B: \x2d725361172\x0aResult of A \x2d B: 1574180706\x0aSlot \x2310\x0aA: 510323895\x2c B: 2131816278\x0aResult of A \x2a B: \x2d1621467635\x0aSlot \x2311\x0aA: 1112091869\x2c B: \x2d2007897600\x0aResult of A \x2d B: \x2d1174977936\x0aSlot \x2312\x0aA: 2072022249\x2c B: \x2d464811573\x0aResult of A \x2a B: \x2d2036634282\x0a</data></match></read>
    <write><data>\xb4\x3c\x5c\x28</data></write>
    <read><length>789</length><match><data>\x0aSlot \x2301\x0aA: 2021083325\x2c B: 781827995\x0aResult of A \x2d B: 1239255221\x0aSlot \x2302\x0aA: 935479737\x2c B: 500935475\x0aResult of A \x2b B: 1436415103\x0aSlot \x2303\x0aA: \x2d747963140\x2c B: \x2d1446644113\x0aResult of A \x2d B: 698680864\x0aSlot \x2304\x0aA: 395191168\x2c B: \x2d475666605\x0aResult of A \x2a B: 1184760339\x0aSlot \x2305\x0aA: \x2d74350584\x2c B: 66213640\x0aResult of A \x2d B: \x2d140564333\x0aSlot \x2306\x0aA: \x2d1063435766\x2c B: \x2d973742521\x0aResult of A \x2d B: \x2d89693354\x0aSlot \x2307\x0aA: \x2d955870383\x2c B: 2095906108\x0aResult of A \x2d B: 1243190696\x0aSlot \x2308\x0aA: 257982514\x2c B: \x2d1486401597\x0aResult of A \x2a B: \x2d1339092055\x0aSlot \x2309\x0aA: 848819643\x2c B: \x2d725361172\x0aResult of A \x2d B: 1574180706\x0aSlot \x2310\x0aA: 510323895\x2c B: 2131816278\x0aResult of A \x2a B: \x2d1621467635\x0aSlot \x2311\x0aA: 1112091869\x2c B: \x2d2007897600\x0aResult of A \x2d B: \x2d1174977936\x0aSlot \x2312\x0aA: 2072022249\x2c B: \x2d464811573\x0aResult of A \x2a B: \x2d2036634282\x0a</data></match></read>
    <write><data>\xad\xa85\xb6</data></write>
    <write><data>\x19\x00\x00\x00</data></write>
    <write><data>\x95Dj\x9b\x60!\x27\xdc\x24\x27\xd1w\x00\x00\x00\x00\x95Dj\x9b2CG\x17\xc5\x0d\x8e\x0d\x00\x00\x00\x00\x10\x8b\xf7\xa2\x04\xc9\x13\xd9m\x98\xf5\xbb\x00\x00\x00\x00\x95Dj\x9b\xdc\xf4\x8f\xe1\x08i\xce\xb6\x00\x00\x00\x00\x10\x8b\xf7\xa20\xcf\xd3\xf5\x89\x19\x16\x9a\x00\x00\x00\x00\x95Dj\x9b\xa7WR\x99\x1a\xb3\xd2d\x00\x00\x00\x00\x19\x1d\xfdE\xd0\xa5?\x07\x83\x0c\x12!\x00\x00\x00\x00\x10\x8b\xf7\xa2\x01\xcd\xefx\x3cio\x26\x00\x00\x00\x00\x95Dj\x9b\xe4\x3d\x9e\xdajy\x28\x96\x00\x00\x00\x00\x95Dj\x9b\x18P\xaf\x8d\xa8\x10\xd6\xcd\x00\x00\x00\x00\x95Dj\x9b9k\x1fC\xa3\x93\x3c\x05\x00\x00\x00\x00\x19\x1d\xfdE\xec\x08k\x60\x16\xf4\xdf\xbf\x00\x00\x00\x00\x95Dj\x9b\xaa\x05\x1dA\xaf\x60k\xb6\x00\x00\x00\x00\x19\x1d\xfdE\x0c\xf7P\xb6\xa9eh\xe4\x00\x00\x00\x00\x10\x8b\xf7\xa2t\x1c\x1fh\xa5\x93\x8c\x93\x00\x00\x00\x00\x95Dj\x9b\x28\x0b\x19\x82\xec\x5c\x5e\xad\x00\x00\x00\x00\x10\x8b\xf7\xa2Y\xd7h\xe66\x5e\x8a\xa2\x00\x00\x00\x00\x10\x8b\xf7\xa2\xbdd\x5bz\xa5i\xc7a\x00\x00\x00\x00\x95Dj\x9b\x0dv\xce\xbe\x9b\xf3K\xa8\x00\x00\x00\x00\x10\x8b\xf7\xa2\xfa\xe4\xf4\x25RD\x3c\xbb\x00\x00\x00\x00\x10\x8b\xf7\xa2k9 \xa1\x0d\x90\xc6\xfb\x00\x00\x00\x00\x19\x1d\xfdEwn\x2a\xd26u\x7fS\x00\x00\x00\x00\x95Dj\x9b\x8f\xa1\x16QS\xba\xb9X\x00\x00\x00\x00\x19\x1d\xfdE\x11i\x87\x113\xfd\x94\x7b\x00\x00\x00\x00\x10\x8b\xf7\xa2\xc9\x2d\xa7\x0d\xe9\x23\xb1\x82\x00\x00\x00\x00</data></write>
    <write><data>\xb4\x3c\x5c\x28</data></write>
    <read><length>1655</length><match><data>\x0aSlot \x2301\x0aA: \x2d601415328\x2c B: 2010195748\x0aResult of A \x2d B: 1683356111\x0aSlot \x2302\x0aA: 390546226\x2c B: 227413445\x0aResult of A \x2d B: 163132672\x0aSlot \x2303\x0aA: \x2d653014780\x2c B: \x2d1141532563\x0aResult of A \x2a B: 2040198727\x0aSlot \x2304\x0aA: \x2d510659364\x2c B: \x2d1227986680\x0aResult of A \x2d B: 717327207\x0aSlot \x2305\x0aA: \x2d170668240\x2c B: \x2d1709827703\x0aResult of A \x2a B: \x2d340422589\x0aSlot \x2306\x0aA: \x2d1722656857\x2c B: 1691530010\x0aResult of A \x2d B: 880780320\x0aSlot \x2307\x0aA: 121611728\x2c B: 554830979\x0aResult of A \x2b B: 676442598\x0aSlot \x2308\x0aA: 2028981505\x2c B: 644835644\x0aResult of A \x2a B: \x2d1128762161\x0aSlot \x2309\x0aA: \x2d627163676\x2c B: \x2d1775732374\x0aResult of A \x2d B: 1148568589\x0aSlot \x2310\x0aA: \x2d1917890536\x2c B: \x2d841609048\x0aResult of A \x2d B: \x2d1076281597\x0aSlot \x2311\x0aA: 1126132537\x2c B: 87856035\x0aResult of A \x2d B: 1038276393\x0aSlot \x2312\x0aA: 1617627372\x2c B: \x2d1075842026\x0aResult of A \x2b B: 541785237\x0aSlot \x2313\x0aA: 1092421034\x2c B: \x2d1234476881\x0aResult of A \x2d B: \x2d1968069490\x0aSlot \x2314\x0aA: \x2d1236207860\x2c B: \x2d462920279\x0aResult of A \x2b B: \x2d1699128248\x0aSlot \x2315\x0aA: 1746869364\x2c B: \x2d1819503707\x0aResult of A \x2a B: 617869911\x0aSlot \x2316\x0aA: \x2d2112287960\x2c B: \x2d1386324756\x0aResult of A \x2d B: \x2d725963313\x0aSlot \x2317\x0aA: \x2d429336743\x2c B: \x2d1567990218\x0aResult of A \x2a B: \x2d2127947175\x0aSlot \x2318\x0aA: 2052809917\x2c B: 1640458661\x0aResult of A \x2a B: 1160016484\x0aSlot \x2319\x0aA: \x2d1093765619\x2c B: \x2d1471417445\x0aResult of A \x2d B: 377651717\x0aSlot \x2320\x0aA: 636806394\x2c B: \x2d1153678254\x0aResult of A \x2a B: 2111553447\x0aSlot \x2321\x0aA: \x2d1591723669\x2c B: \x2d70873075\x0aResult of A \x2a B: \x2d1599006206\x0aSlot \x2322\x0aA: \x2d768971145\x2c B: 1400862006\x0aResult of A \x2b B: 631890752\x0aSlot \x2323\x0aA: 1360437647\x2c B: 1488566867\x0aResult of A \x2d B: \x2d128129329\x0aSlot \x2324\x0aA: 294086929\x2c B: 2073361715\x0aResult of A \x2b B: \x2d1927518761\x0aSlot \x2325\x0aA: 229060041\x2c B: \x2d2102320151\x0aResult of A \x2a B: 40117892\x0a</data></match></read>
    <write><data>\xad\xa85\xb6</data></write>
    <write><data>\x06\x00\x00\x00</data></write>
    <write><data>\x10\x8b\xf7\xa2p\xcdc\xc8\xbb\x1c\xdc5\x00\x00\x00\x00\x95Dj\x9b\x8f\x2d\xebN\x09\xfa\xb3\xb0\x00\x00\x00\x00\x10\x8b\xf7\xa2\x26\x3dj\x24O\xfeE\x82\x00\x00\x00\x00\x95Dj\x9b\x09\x29\x27b\xc8GL2\x00\x00\x00\x00\x19\x1d\xfdE\xee\x3e\x19\x22\x09\xe6\x7d\xd0\x00\x00\x00\x00\x95Dj\x9b\xbe\x12\xf3\xcb\xc6\xb5\x2cj\x00\x00\x00\x00</data></write>
    <write><data>\xad\xa85\xb6</data></write>
    <write><data>\x0f\x00\x00\x00</data></write>
    <write><data>\x95Dj\x9bh\xa0?D\xf62\x8fA\x00\x00\x00\x00\x95Dj\x9b\x07\xf6\x2c9\xdc7\x0f\xa1\x00\x00\x00\x00\x19\x1d\xfdE\x98\x00AV\x0dp\xe9\x3b\x00\x00\x00\x00\x19\x1d\xfdE\xb3\x18\xba\x60\xc6vp\x8a\x00\x00\x00\x00\x95Dj\x9b\xf7\x8c\xdf\xf9?\xech\xf0\x00\x00\x00\x00\x19\x1d\xfdENP\x08\xa0\x03\xc3\xa3\x29\x00\x00\x00\x00\x95Dj\x9b\xf4\x10\x93F\x0a\xba\xc0S\x00\x00\x00\x00\x95Dj\x9b\x9e\x28\x92\xcc\xe4\xf3\xfa\x9f\x00\x00\x00\x00\x19\x1d\xfdE\x8e\xec\xfd\x8c\xac\x84\x9fN\x00\x00\x00\x00\x10\x8b\xf7\xa2C\xa3z\xd4\x2b6\xe82\x00\x00\x00\x00\x19\x1d\xfdEv\xa7\xad\x2aH\x98\xb4\x07\x00\x00\x00\x00\x95Dj\x9b\xfc\x7b\xb7\xb9b\xaa\xe9h\x00\x00\x00\x00\x95Dj\x9b\xefI\xeb?\x5d\xb7\x95\x1a\x00\x00\x00\x00\x10\x8b\xf7\xa2B\xa3BF\x8b\xa1\x06\x7e\x00\x00\x00\x00\x19\x1d\xfdE\xfdI3\x13\xdb\xc6\xd5\xef\x00\x00\x00\x00</data></write>
    <write><data>\xb4\x3c\x5c\x28</data></write>
    <read><length>985</length><match><data>\x0aSlot \x2301\x0aA: 1145020520\x2c B: 1099903734\x0aResult of A \x2d B: 45116677\x0aSlot \x2302\x0aA: 959247879\x2c B: \x2d1592838180\x0aResult of A \x2d B: \x2d1742881346\x0aSlot \x2303\x0aA: 1447100568\x2c B: 1005154317\x0aResult of A \x2b B: \x2d1842712520\x0aSlot \x2304\x0aA: 1622808755\x2c B: \x2d1972341050\x0aResult of A \x2b B: \x2d349532404\x0aSlot \x2305\x0aA: \x2d102789897\x2c B: \x2d261559233\x0aResult of A \x2d B: 158769227\x0aSlot \x2306\x0aA: \x2d1610067890\x2c B: 698598147\x0aResult of A \x2b B: \x2d911469852\x0aSlot \x2307\x0aA: 1184043252\x2c B: 1405139466\x0aResult of A \x2d B: \x2d221096323\x0aSlot \x2308\x0aA: \x2d862836578\x2c B: \x2d1610943516\x0aResult of A \x2d B: 748106829\x0aSlot \x2309\x0aA: \x2d1929515890\x2c B: 1319077036\x0aResult of A \x2b B: \x2d610438963\x0aSlot \x2310\x0aA: \x2d730160317\x2c B: 854079019\x0aResult of A \x2a B: \x2d1715368492\x0aSlot \x2311\x0aA: 716023670\x2c B: 129275976\x0aResult of A \x2b B: 845299537\x0aSlot \x2312\x0aA: \x2d1179157508\x2c B: 1760143970\x0aResult of A \x2d B: 1355665709\x0aSlot \x2313\x0aA: 1072384495\x2c B: 446019421\x0aResult of A \x2d B: 626364965\x0aSlot \x2314\x0aA: 1178772290\x2c B: 2114363787\x0aResult of A \x2a B: 1583818345\x0aSlot \x2315\x0aA: 322128381\x2c B: \x2d271202597\x0aResult of A \x2b B: 50925675\x0a</data></match></read>
    <write><data>\xad\xa85\xb6</data></write>
    <write><data>\x0f\x00\x00\x00</data></write>
    <write><data>\x10\x8b\xf7\xa2\x12\xbf\xe9\x16\xb2V\xda\x7e\x00\x00\x00\x00\x19\x1d\xfdEIi\x22U\xe6\x93\x7f\x0d\x00\x00\x00\x00\x19\x1d\xfdEJ\x2b\xefSy\x8e\xa0\x02\x00\x00\x00\x00\x19\x1d\xfdE\xfc\x06\x969\xe0\x29\xae\x93\x00\x00\x00\x00\x10\x8b\xf7\xa2\x40\xfe\xa2\x2a\x18\xf3E\xc8\x00\x00\x00\x00\x19\x1d\xfdE\x60\x91\xe5\x3e5\x0bE\x8a\x00\x00\x00\x00\x95Dj\x9b\xbe\xd4\xd2\xc0\xd2\xf9\xcbQ\x00\x00\x00\x00\x95Dj\x9bW\xea\xdb\x8e\x88\x0d\xa8\xf2\x00\x00\x00\x00\x19\x1d\xfdE\x8d\x00\x5f\xf3i\xb8\xe1Y\x00\x00\x00\x00\x95Dj\x9b\xab\x07\x02\x22\x22\x1b\x18\x00\x00\x00\x00\x00\x10\x8b\xf7\xa2\x07\xc4\x90\x5b\xd3\xe2\x1d\xe4\x00\x00\x00\x00\x95Dj\x9b\xf2\x10s5X\x1a\xd9\xc2\x00\x00\x00\x00\x95Dj\x9bY\x2c\x11\x2b\x3e\xd0\x2bY\x00\x00\x00\x00\x19\x1d\xfdE\xb2!\xb5\xd4\x24x\x1f0\x00\x00\x00\x00\x95Dj\x9b\xc3\xd4\x0c\xdcH\x1f\x1a\x83\x00\x00\x00\x00</data></write>
    <write><data>\x3d\x98\x22\xae</data></write>
    <read><length>60</length><match><data>\x17\xe6\x0a\x06\xc2\xfc\xa1bV\xb9\x8fVo0D\xcd\x93\x95\xde\x3d\x28\x9c\x2a\xc9\x7f\xda\x06ob\xdc3\x9c\x89\xb8\x40M\x1c\xec\xe9!X\xbf\x2a\xb6\x2d\xf6\x99r\xae\x5b\xe5\xd1i\x99\xd4\x04\x0e\xb5\xf2X</data></match></read>
    <write><data>\x3d\x98\x22\xae</data></write>
    <read><length>60</length><match><data>\x17\xe6\x0a\x06\xc2\xfc\xa1bV\xb9\x8fVo0D\xcd\x93\x95\xde\x3d\x28\x9c\x2a\xc9\x7f\xda\x06ob\xdc3\x9c\x89\xb8\x40M\x1c\xec\xe9!X\xbf\x2a\xb6\x2d\xf6\x99r\xae\x5b\xe5\xd1i\x99\xd4\x04\x0e\xb5\xf2X</data></match></read>
    <write><data>\xe4\x5c\x3c\x90</data></write>
    <read><length>4</length><match><data>\xff\xff\xff\xab</data></match></read>
    <write><data>\x00\x60\xd2?</data></write>
    <read><length>4</length><match><data>\xff\xff\xff\xab</data></match></read>
    <write><data>\x3d\x98\x22\xae</data></write>
    <read><length>60</length><match><data>\x17\xe6\x0a\x06\xc2\xfc\xa1bV\xb9\x8fVo0D\xcd\x93\x95\xde\x3d\x28\x9c\x2a\xc9\x7f\xda\x06ob\xdc3\x9c\x89\xb8\x40M\x1c\xec\xe9!X\xbf\x2a\xb6\x2d\xf6\x99r\xae\x5b\xe5\xd1i\x99\xd4\x04\x0e\xb5\xf2X</data></match></read>
    <write><data>\xad\xa85\xb6</data></write>
    <write><data>\x13\x00\x00\x00</data></write>
    <write><data>\x19\x1d\xfdE\xe2\xbbe\xe9xg\xe7\xf6\x00\x00\x00\x00\x19\x1d\xfdE\xfd\x8f\xb0\x15\xb1\xdf\xc8\x96\x00\x00\x00\x00\x95Dj\x9bxaOl\xee\x1f\xce\x89\x00\x00\x00\x00\x10\x8b\xf7\xa2\x0f\x40aU\x7bs\x15\xf3\x00\x00\x00\x00\x19\x1d\xfdE\xf3\xeaH\x9b\xe5\xc2\x87\xc5\x00\x00\x00\x00\x10\x8b\xf7\xa2v\x09n\x09\xce\x5f\x28\xc2\x00\x00\x00\x00\x19\x1d\xfdE:U\xd2\xa6\x9a\x7d\xd0\x97\x00\x00\x00\x00\x19\x1d\xfdE\xa7\xd9mb\x93\x5bt\x10\x00\x00\x00\x00\x10\x8b\xf7\xa2\x8dW\x7f\xf5\xb32\x83\x94\x00\x00\x00\x00\x19\x1d\xfdE\xc0t\xf3t\x99\xff\x3c\x82\x00\x00\x00\x00\x10\x8b\xf7\xa2\xb1\xa0\xec\x8a\x98\xae6Q\x00\x00\x00\x00\x10\x8b\xf7\xa2\xd7\xb9\xc9\x0b\xf4\x98\xee\x2d\x00\x00\x00\x00\x19\x1d\xfdE\xda\x26\x15I\x03L\x29\x0b\x00\x00\x00\x00\x95Dj\x9b\x9f\x8d\xede\xbf0\xad \x00\x00\x00\x00\x95Dj\x9b\x85\x7d\x2aD\xdf\xec\x12\xf4\x00\x00\x00\x00\x10\x8b\xf7\xa2o\x9d\xdatQbS.\x00\x00\x00\x00\x10\x8b\xf7\xa2\x94\x5b\x8a\xc7\xcc\xde\xb4\x2b\x00\x00\x00\x00\x95Dj\x9b\xf0\xa2.\xba\xb6t\xdb\x83\x00\x00\x00\x00\x95Dj\x9b\xd0\x1aW\x0d\x93\x9fT\x9b\x00\x00\x00\x00</data></write>
    <write><data>\x7f\xc0j\xc6</data></write>
    <read><length>4</length><match><data>\xff\xff\xff\xab</data></match></read>
    <write><data>\x00\x60\xd2?</data></write>
    <read><length>4</length><match><data>\xff\xff\xff\xab</data></match></read>
    <write><data>\xe3\xba\xa7\x7d</data></write>
    <read><length>4</length><match><data>\x00\x00\x00\x00</data></match></read>
</replay>
</pov>