<?xml version="1.0" standalone="no" ?>
<!DOCTYPE pov SYSTEM "/usr/share/cgc-docs/replay.dtd">
<pov>
<cbid>service</cbid>
<seed>b239bd610c0aec88fe762c1b95fcc21dfdc35b0fe8c38878bc89b009caf793d1e083a16a56bf894c5df54f340143a9dc</seed>
<replay>
    <read><delim>\x0a</delim><match><data>Menu\x0a</data></match></read>
    <read><delim>\x0a</delim><match><data>\x2d\x2d\x2d\x2d\x2d\x0a</data></match></read>
    <read><length>13</length><assign> <var>play</var> <pcre group="1">Play game: (.*)
</pcre> </assign></read>
    <read><length>20</length><assign> <var>instructions</var> <pcre group="1">Get instructions: (.*)
</pcre> </assign></read>
    <read><length>15</length><assign> <var>highScore</var> <pcre group="1">High Scores: (.*)
</pcre> </assign></read>
    <read><length>13</length><assign> <var>quit</var> <pcre group="1">Quit game: (.*)
</pcre> </assign></read>
    <write><var>highScore</var></write>
    <write><data>\x0a</data></write>
    <read><delim>\x0a</delim><match><data>Dungeon conquered in 600 moves GGMCUbUUzp\x0a</data></match></read>
    <read><delim>\x0a</delim><match><data>\x2d\x2d\x2d\x2d\x2d\x2d\x2d\x2d\x2d\x2d\x2d\x2d\x2d\x2d\x2d\x2d\x2d\x2d\x2d\x0a</data></match></read>
    <read><delim>\x0a</delim><match><data> moves   \x7c   name  \x0a</data></match></read>
    <read><delim>\x0a</delim><match><data>\x2d\x2d\x2d\x2d\x2d\x2d\x2d\x2d\x2d\x2d\x2d\x2d\x2d\x2d\x2d\x2d\x2d\x2d\x2d\x0a</data></match></read>
    <read><delim>\x0a</delim><match><data>2. 601  xpEGAMltvA\x0a</data></match></read>
    <read><delim>\x0a</delim><match><data>3. 999999  xYffUfUIbx\x0a</data></match></read>
    <read><delim>\x0a</delim><match><data>Menu\x0a</data></match></read>
    <read><delim>\x0a</delim><match><data>\x2d\x2d\x2d\x2d\x2d\x0a</data></match></read>
    <read><length>13</length><assign> <var>play</var> <pcre group="1">Play game: (.*)
</pcre> </assign></read>
    <read><length>20</length><assign> <var>instructions</var> <pcre group="1">Get instructions: (.*)
</pcre> </assign></read>
    <read><length>15</length><assign> <var>highScore</var> <pcre group="1">High Scores: (.*)
</pcre> </assign></read>
    <read><length>13</length><assign> <var>quit</var> <pcre group="1">Quit game: (.*)
</pcre> </assign></read>
    <write><var>instructions</var></write>
    <write><data>\x0a</data></write>
    <read><delim>\x0a</delim><match><data>Game moves\x0a</data></match></read>
    <read><delim>\x0a</delim><match><data>\x2d\x2d\x2d\x2d\x2d\x2d\x2d\x2d\x2d\x2d\x0a</data></match></read>
    <read><length>8</length><assign> <var>left</var> <pcre group="1">Left: (.*)
</pcre> </assign></read>
    <read><length>9</length><assign> <var>right</var> <pcre group="1">Right: (.*)
</pcre> </assign></read>
    <read><length>8</length><assign> <var>jump</var> <pcre group="1">Jump: (.*)
</pcre> </assign></read>
    <read><length>13</length><assign> <var>jumpleft</var> <pcre group="1">Jump Left: (.*)
</pcre> </assign></read>
    <read><length>14</length><assign> <var>jumpright</var> <pcre group="1">Jump Right: (.*)
</pcre> </assign></read>
    <read><length>8</length><assign> <var>wait</var> <pcre group="1">Wait: (.*)
</pcre> </assign></read>
    <read><length>13</length><assign> <var>quit</var> <pcre group="1">Quit game: (.*)
</pcre> </assign></read>
    <read><delim>\x0a</delim><match><data>Menu\x0a</data></match></read>
    <read><delim>\x0a</delim><match><data>\x2d\x2d\x2d\x2d\x2d\x0a</data></match></read>
    <read><length>13</length><assign> <var>play</var> <pcre group="1">Play game: (.*)
</pcre> </assign></read>
    <read><length>20</length><assign> <var>instructions</var> <pcre group="1">Get instructions: (.*)
</pcre> </assign></read>
    <read><length>15</length><assign> <var>highScore</var> <pcre group="1">High Scores: (.*)
</pcre> </assign></read>
    <read><length>13</length><assign> <var>quit</var> <pcre group="1">Quit game: (.*)
</pcre> </assign></read>
    <write><var>play</var></write>
    <write><data>\x0a</data></write>
    <write><var>right</var></write>
    <write><data>\x0a</data></write>
    <write><var>right</var></write>
    <write><data>\x0a</data></write>
    <write><var>right</var></write>
    <write><data>\x0a</data></write>
    <write><var>right</var></write>
    <write><data>\x0a</data></write>
    <write><var>right</var></write>
    <write><data>\x0a</data></write>
    <write><var>jumpright</var></write>
    <write><data>\x0a</data></write>
    <write><var>jumpright</var></write>
    <write><data>\x0a</data></write>
    <write><var>jumpright</var></write>
    <write><data>\x0a</data></write>
    <write><var>jumpright</var></write>
    <write><data>\x0a</data></write>
    <write><var>wait</var></write>
    <write><data>\x0a</data></write>
    <write><var>wait</var></write>
    <write><data>\x0a</data></write>
    <write><var>wait</var></write>
    <write><data>\x0a</data></write>
    <write><var>wait</var></write>
    <write><data>\x0a</data></write>
    <write><var>wait</var></write>
    <write><data>\x0a</data></write>
    <write><var>wait</var></write>
    <write><data>\x0a</data></write>
    <write><var>wait</var></write>
    <write><data>\x0a</data></write>
    <write><var>wait</var></write>
    <write><data>\x0a</data></write>
    <write><var>wait</var></write>
    <write><data>\x0a</data></write>
    <write><var>wait</var></write>
    <write><data>\x0a</data></write>
    <write><var>wait</var></write>
    <write><data>\x0a</data></write>
    <write><var>wait</var></write>
    <write><data>\x0a</data></write>
    <write><var>wait</var></write>
    <write><data>\x0a</data></write>
    <write><var>wait</var></write>
    <write><data>\x0a</data></write>
    <write><var>wait</var></write>
    <write><data>\x0a</data></write>
    <write><var>wait</var></write>
    <write><data>\x0a</data></write>
    <write><var>wait</var></write>
    <write><data>\x0a</data></write>
    <write><var>wait</var></write>
    <write><data>\x0a</data></write>
    <write><var>wait</var></write>
    <write><data>\x0a</data></write>
    <write><var>wait</var></write>
    <write><data>\x0a</data></write>
    <write><var>wait</var></write>
    <write><data>\x0a</data></write>
    <write><var>wait</var></write>
    <write><data>\x0a</data></write>
    <write><var>wait</var></write>
    <write><data>\x0a</data></write>
    <write><var>wait</var></write>
    <write><data>\x0a</data></write>
    <write><var>wait</var></write>
    <write><data>\x0a</data></write>
    <write><var>wait</var></write>
    <write><data>\x0a</data></write>
    <write><var>wait</var></write>
    <write><data>\x0a</data></write>
    <write><var>wait</var></write>
    <write><data>\x0a</data></write>
    <write><var>wait</var></write>
    <write><data>\x0a</data></write>
    <write><var>wait</var></write>
    <write><data>\x0a</data></write>
    <write><var>wait</var></write>
    <write><data>\x0a</data></write>
    <write><var>wait</var></write>
    <write><data>\x0a</data></write>
    <write><var>wait</var></write>
    <write><data>\x0a</data></write>
    <write><var>wait</var></write>
    <write><data>\x0a</data></write>
    <write><var>wait</var></write>
    <write><data>\x0a</data></write>
    <write><var>wait</var></write>
    <write><data>\x0a</data></write>
    <write><var>wait</var></write>
    <write><data>\x0a</data></write>
    <write><var>right</var></write>
    <write><data>\x0a</data></write>
    <write><var>right</var></write>
    <write><data>\x0a</data></write>
    <write><var>right</var></write>
    <write><data>\x0a</data></write>
    <write><var>right</var></write>
    <write><data>\x0a</data></write>
    <write><var>right</var></write>
    <write><data>\x0a</data></write>
    <write><var>right</var></write>
    <write><data>\x0a</data></write>
    <write><var>right</var></write>
    <write><data>\x0a</data></write>
    <write><var>right</var></write>
    <write><data>\x0a</data></write>
    <write><var>right</var></write>
    <write><data>\x0a</data></write>
    <write><var>right</var></write>
    <write><data>\x0a</data></write>
    <write><var>right</var></write>
    <write><data>\x0a</data></write>
    <write><var>right</var></write>
    <write><data>\x0a</data></write>
    <write><var>right</var></write>
    <write><data>\x0a</data></write>
    <write><var>jumpleft</var></write>
    <write><data>\x0a</data></write>
    <write><var>left</var></write>
    <write><data>\x0a</data></write>
    <write><var>jumpleft</var></write>
    <write><data>\x0a</data></write>
    <write><var>left</var></write>
    <write><data>\x0a</data></write>
    <write><var>jumpleft</var></write>
    <write><data>\x0a</data></write>
    <write><var>wait</var></write>
    <write><data>\x0a</data></write>
    <write><var>wait</var></write>
    <write><data>\x0a</data></write>
    <write><var>wait</var></write>
    <write><data>\x0a</data></write>
    <write><var>wait</var></write>
    <write><data>\x0a</data></write>
    <write><var>wait</var></write>
    <write><data>\x0a</data></write>
    <write><var>wait</var></write>
    <write><data>\x0a</data></write>
    <write><var>wait</var></write>
    <write><data>\x0a</data></write>
    <write><var>wait</var></write>
    <write><data>\x0a</data></write>
    <write><var>wait</var></write>
    <write><data>\x0a</data></write>
    <write><var>wait</var></write>
    <write><data>\x0a</data></write>
    <write><var>wait</var></write>
    <write><data>\x0a</data></write>
    <write><var>jumpright</var></write>
    <write><data>\x0a</data></write>
    <write><var>jumpright</var></write>
    <write><data>\x0a</data></write>
    <write><var>right</var></write>
    <write><data>\x0a</data></write>
    <write><var>wait</var></write>
    <write><data>\x0a</data></write>
    <write><var>wait</var></write>
    <write><data>\x0a</data></write>
    <write><var>wait</var></write>
    <write><data>\x0a</data></write>
    <write><var>wait</var></write>
    <write><data>\x0a</data></write>
    <write><var>wait</var></write>
    <write><data>\x0a</data></write>
    <write><var>wait</var></write>
    <write><data>\x0a</data></write>
    <write><var>wait</var></write>
    <write><data>\x0a</data></write>
    <write><var>wait</var></write>
    <write><data>\x0a</data></write>
    <write><var>wait</var></write>
    <write><data>\x0a</data></write>
    <write><var>wait</var></write>
    <write><data>\x0a</data></write>
    <write><var>wait</var></write>
    <write><data>\x0a</data></write>
    <write><var>wait</var></write>
    <write><data>\x0a</data></write>
    <write><var>wait</var></write>
    <write><data>\x0a</data></write>
    <write><var>wait</var></write>
    <write><data>\x0a</data></write>
    <write><var>wait</var></write>
    <write><data>\x0a</data></write>
    <write><var>wait</var></write>
    <write><data>\x0a</data></write>
    <write><var>wait</var></write>
    <write><data>\x0a</data></write>
    <write><var>wait</var></write>
    <write><data>\x0a</data></write>
    <write><var>wait</var></write>
    <write><data>\x0a</data></write>
    <write><var>wait</var></write>
    <write><data>\x0a</data></write>
    <write><var>wait</var></write>
    <write><data>\x0a</data></write>
    <write><var>wait</var></write>
    <write><data>\x0a</data></write>
    <write><var>wait</var></write>
    <write><data>\x0a</data></write>
    <write><var>wait</var></write>
    <write><data>\x0a</data></write>
    <write><var>wait</var></write>
    <write><data>\x0a</data></write>
    <write><var>left</var></write>
    <write><data>\x0a</data></write>
    <write><var>right</var></write>
    <write><data>\x0a</data></write>
    <write><var>right</var></write>
    <write><data>\x0a</data></write>
    <write><var>right</var></write>
    <write><data>\x0a</data></write>
    <write><var>right</var></write>
    <write><data>\x0a</data></write>
    <write><var>right</var></write>
    <write><data>\x0a</data></write>
    <write><var>right</var></write>
    <write><data>\x0a</data></write>
    <write><var>right</var></write>
    <write><data>\x0a</data></write>
    <write><var>jumpright</var></write>
    <write><data>\x0a</data></write>
    <write><var>wait</var></write>
    <write><data>\x0a</data></write>
    <write><var>wait</var></write>
    <write><data>\x0a</data></write>
    <write><var>wait</var></write>
    <write><data>\x0a</data></write>
    <write><var>jumpright</var></write>
    <write><data>\x0a</data></write>
    <write><var>right</var></write>
    <write><data>\x0a</data></write>
    <write><var>right</var></write>
    <write><data>\x0a</data></write>
    <write><var>right</var></write>
    <write><data>\x0a</data></write>
    <write><var>jumpright</var></write>
    <write><data>\x0a</data></write>
    <write><var>jumpright</var></write>
    <write><data>\x0a</data></write>
    <write><var>jumpright</var></write>
    <write><data>\x0a</data></write>
    <write><var>right</var></write>
    <write><data>\x0a</data></write>
    <write><var>jumpright</var></write>
    <write><data>\x0a</data></write>
    <write><var>right</var></write>
    <write><data>\x0a</data></write>
    <write><var>right</var></write>
    <write><data>\x0a</data></write>
    <write><var>wait</var></write>
    <write><data>\x0a</data></write>
    <write><var>wait</var></write>
    <write><data>\x0a</data></write>
    <write><var>wait</var></write>
    <write><data>\x0a</data></write>
    <write><var>wait</var></write>
    <write><data>\x0a</data></write>
    <write><var>wait</var></write>
    <write><data>\x0a</data></write>
    <write><var>wait</var></write>
    <write><data>\x0a</data></write>
    <write><var>wait</var></write>
    <write><data>\x0a</data></write>
    <write><var>wait</var></write>
    <write><data>\x0a</data></write>
    <write><var>wait</var></write>
    <write><data>\x0a</data></write>
    <write><var>wait</var></write>
    <write><data>\x0a</data></write>
    <write><var>wait</var></write>
    <write><data>\x0a</data></write>
    <write><var>wait</var></write>
    <write><data>\x0a</data></write>
    <write><var>wait</var></write>
    <write><data>\x0a</data></write>
    <write><var>wait</var></write>
    <write><data>\x0a</data></write>
    <write><var>wait</var></write>
    <write><data>\x0a</data></write>
    <write><var>wait</var></write>
    <write><data>\x0a</data></write>
    <write><var>wait</var></write>
    <write><data>\x0a</data></write>
    <write><var>wait</var></write>
    <write><data>\x0a</data></write>
    <write><var>wait</var></write>
    <write><data>\x0a</data></write>
    <write><var>wait</var></write>
    <write><data>\x0a</data></write>
    <write><var>wait</var></write>
    <write><data>\x0a</data></write>
    <write><var>wait</var></write>
    <write><data>\x0a</data></write>
    <write><var>wait</var></write>
    <write><data>\x0a</data></write>
    <write><var>wait</var></write>
    <write><data>\x0a</data></write>
    <write><var>wait</var></write>
    <write><data>\x0a</data></write>
    <write><var>left</var></write>
    <write><data>\x0a</data></write>
    <write><var>jumpright</var></write>
    <write><data>\x0a</data></write>
    <write><var>wait</var></write>
    <write><data>\x0a</data></write>
    <write><var>jumpright</var></write>
    <write><data>\x0a</data></write>
    <write><var>right</var></write>
    <write><data>\x0a</data></write>
    <write><var>right</var></write>
    <write><data>\x0a</data></write>
    <write><var>right</var></write>
    <write><data>\x0a</data></write>
    <write><var>right</var></write>
    <write><data>\x0a</data></write>
    <write><var>right</var></write>
    <write><data>\x0a</data></write>
    <write><var>jumpright</var></write>
    <write><data>\x0a</data></write>
    <write><var>jumpright</var></write>
    <write><data>\x0a</data></write>
    <write><var>jumpright</var></write>
    <write><data>\x0a</data></write>
    <write><var>right</var></write>
    <write><data>\x0a</data></write>
    <write><var>jumpright</var></write>
    <write><data>\x0a</data></write>
    <write><var>right</var></write>
    <write><data>\x0a</data></write>
    <write><var>right</var></write>
    <write><data>\x0a</data></write>
    <write><var>wait</var></write>
    <write><data>\x0a</data></write>
    <write><var>wait</var></write>
    <write><data>\x0a</data></write>
    <write><var>wait</var></write>
    <write><data>\x0a</data></write>
    <write><var>wait</var></write>
    <write><data>\x0a</data></write>
    <write><var>wait</var></write>
    <write><data>\x0a</data></write>
    <write><var>wait</var></write>
    <write><data>\x0a</data></write>
    <write><var>wait</var></write>
    <write><data>\x0a</data></write>
    <write><var>wait</var></write>
    <write><data>\x0a</data></write>
    <write><var>wait</var></write>
    <write><data>\x0a</data></write>
    <write><var>wait</var></write>
    <write><data>\x0a</data></write>
    <write><var>wait</var></write>
    <write><data>\x0a</data></write>
    <write><var>wait</var></write>
    <write><data>\x0a</data></write>
    <write><var>wait</var></write>
    <write><data>\x0a</data></write>
    <write><var>wait</var></write>
    <write><data>\x0a</data></write>
    <write><var>wait</var></write>
    <write><data>\x0a</data></write>
    <write><var>wait</var></write>
    <write><data>\x0a</data></write>
    <write><var>wait</var></write>
    <write><data>\x0a</data></write>
    <write><var>wait</var></write>
    <write><data>\x0a</data></write>
    <write><var>wait</var></write>
    <write><data>\x0a</data></write>
    <write><var>wait</var></write>
    <write><data>\x0a</data></write>
    <write><var>wait</var></write>
    <write><data>\x0a</data></write>
    <write><var>wait</var></write>
    <write><data>\x0a</data></write>
    <write><var>wait</var></write>
    <write><data>\x0a</data></write>
    <write><var>wait</var></write>
    <write><data>\x0a</data></write>
    <write><var>wait</var></write>
    <write><data>\x0a</data></write>
    <write><var>wait</var></write>
    <write><data>\x0a</data></write>
    <write><var>wait</var></write>
    <write><data>\x0a</data></write>
    <write><var>wait</var></write>
    <write><data>\x0a</data></write>
    <write><var>wait</var></write>
    <write><data>\x0a</data></write>
    <write><var>wait</var></write>
    <write><data>\x0a</data></write>
    <write><var>wait</var></write>
    <write><data>\x0a</data></write>
    <write><var>wait</var></write>
    <write><data>\x0a</data></write>
    <write><var>wait</var></write>
    <write><data>\x0a</data></write>
    <write><var>left</var></write>
    <write><data>\x0a</data></write>
    <write><var>jumpright</var></write>
    <write><data>\x0a</data></write>
    <write><var>wait</var></write>
    <write><data>\x0a</data></write>
    <write><var>jumpright</var></write>
    <write><data>\x0a</data></write>
    <write><var>right</var></write>
    <write><data>\x0a</data></write>
    <write><var>right</var></write>
    <write><data>\x0a</data></write>
    <write><var>right</var></write>
    <write><data>\x0a</data></write>
    <write><var>right</var></write>
    <write><data>\x0a</data></write>
    <write><var>right</var></write>
    <write><data>\x0a</data></write>
    <write><var>jumpright</var></write>
    <write><data>\x0a</data></write>
    <write><var>jumpright</var></write>
    <write><data>\x0a</data></write>
    <write><var>jumpright</var></write>
    <write><data>\x0a</data></write>
    <write><var>right</var></write>
    <write><data>\x0a</data></write>
    <write><var>jumpright</var></write>
    <write><data>\x0a</data></write>
    <write><var>right</var></write>
    <write><data>\x0a</data></write>
    <write><var>right</var></write>
    <write><data>\x0a</data></write>
    <write><var>wait</var></write>
    <write><data>\x0a</data></write>
    <write><var>wait</var></write>
    <write><data>\x0a</data></write>
    <write><var>wait</var></write>
    <write><data>\x0a</data></write>
    <write><var>wait</var></write>
    <write><data>\x0a</data></write>
    <write><var>wait</var></write>
    <write><data>\x0a</data></write>
    <write><var>wait</var></write>
    <write><data>\x0a</data></write>
    <write><var>wait</var></write>
    <write><data>\x0a</data></write>
    <write><var>wait</var></write>
    <write><data>\x0a</data></write>
    <write><var>wait</var></write>
    <write><data>\x0a</data></write>
    <write><var>wait</var></write>
    <write><data>\x0a</data></write>
    <write><var>wait</var></write>
    <write><data>\x0a</data></write>
    <write><var>wait</var></write>
    <write><data>\x0a</data></write>
    <write><var>wait</var></write>
    <write><data>\x0a</data></write>
    <write><var>wait</var></write>
    <write><data>\x0a</data></write>
    <write><var>wait</var></write>
    <write><data>\x0a</data></write>
    <write><var>wait</var></write>
    <write><data>\x0a</data></write>
    <write><var>wait</var></write>
    <write><data>\x0a</data></write>
    <write><var>wait</var></write>
    <write><data>\x0a</data></write>
    <write><var>wait</var></write>
    <write><data>\x0a</data></write>
    <write><var>wait</var></write>
    <write><data>\x0a</data></write>
    <write><var>wait</var></write>
    <write><data>\x0a</data></write>
    <write><var>wait</var></write>
    <write><data>\x0a</data></write>
    <write><var>wait</var></write>
    <write><data>\x0a</data></write>
    <write><var>wait</var></write>
    <write><data>\x0a</data></write>
    <write><var>wait</var></write>
    <write><data>\x0a</data></write>
    <write><var>wait</var></write>
    <write><data>\x0a</data></write>
    <write><var>wait</var></write>
    <write><data>\x0a</data></write>
    <write><var>wait</var></write>
    <write><data>\x0a</data></write>
    <write><var>wait</var></write>
    <write><data>\x0a</data></write>
    <write><var>wait</var></write>
    <write><data>\x0a</data></write>
    <write><var>wait</var></write>
    <write><data>\x0a</data></write>
    <write><var>wait</var></write>
    <write><data>\x0a</data></write>
    <write><var>wait</var></write>
    <write><data>\x0a</data></write>
    <write><var>left</var></write>
    <write><data>\x0a</data></write>
    <write><var>jumpright</var></write>
    <write><data>\x0a</data></write>
    <write><var>wait</var></write>
    <write><data>\x0a</data></write>
    <write><var>jumpright</var></write>
    <write><data>\x0a</data></write>
    <write><var>right</var></write>
    <write><data>\x0a</data></write>
    <write><var>right</var></write>
    <write><data>\x0a</data></write>
    <write><var>right</var></write>
    <write><data>\x0a</data></write>
    <write><var>right</var></write>
    <write><data>\x0a</data></write>
    <write><var>right</var></write>
    <write><data>\x0a</data></write>
    <write><var>jumpright</var></write>
    <write><data>\x0a</data></write>
    <write><var>jumpright</var></write>
    <write><data>\x0a</data></write>
    <write><var>jumpright</var></write>
    <write><data>\x0a</data></write>
    <write><var>right</var></write>
    <write><data>\x0a</data></write>
    <write><var>jumpright</var></write>
    <write><data>\x0a</data></write>
    <write><var>right</var></write>
    <write><data>\x0a</data></write>
    <write><var>right</var></write>
    <write><data>\x0a</data></write>
    <write><var>wait</var></write>
    <write><data>\x0a</data></write>
    <write><var>wait</var></write>
    <write><data>\x0a</data></write>
    <write><var>wait</var></write>
    <write><data>\x0a</data></write>
    <write><var>wait</var></write>
    <write><data>\x0a</data></write>
    <write><var>wait</var></write>
    <write><data>\x0a</data></write>
    <write><var>wait</var></write>
    <write><data>\x0a</data></write>
    <write><var>wait</var></write>
    <write><data>\x0a</data></write>
    <write><var>wait</var></write>
    <write><data>\x0a</data></write>
    <write><var>wait</var></write>
    <write><data>\x0a</data></write>
    <write><var>wait</var></write>
    <write><data>\x0a</data></write>
    <write><var>wait</var></write>
    <write><data>\x0a</data></write>
    <write><var>wait</var></write>
    <write><data>\x0a</data></write>
    <write><var>wait</var></write>
    <write><data>\x0a</data></write>
    <write><var>wait</var></write>
    <write><data>\x0a</data></write>
    <write><var>wait</var></write>
    <write><data>\x0a</data></write>
    <write><var>wait</var></write>
    <write><data>\x0a</data></write>
    <write><var>wait</var></write>
    <write><data>\x0a</data></write>
    <write><var>wait</var></write>
    <write><data>\x0a</data></write>
    <write><var>wait</var></write>
    <write><data>\x0a</data></write>
    <write><var>wait</var></write>
    <write><data>\x0a</data></write>
    <write><var>wait</var></write>
    <write><data>\x0a</data></write>
    <write><var>wait</var></write>
    <write><data>\x0a</data></write>
    <write><var>wait</var></write>
    <write><data>\x0a</data></write>
    <write><var>wait</var></write>
    <write><data>\x0a</data></write>
    <write><var>wait</var></write>
    <write><data>\x0a</data></write>
    <write><var>wait</var></write>
    <write><data>\x0a</data></write>
    <write><var>wait</var></write>
    <write><data>\x0a</data></write>
    <write><var>wait</var></write>
    <write><data>\x0a</data></write>
    <write><var>wait</var></write>
    <write><data>\x0a</data></write>
    <write><var>wait</var></write>
    <write><data>\x0a</data></write>
    <write><var>wait</var></write>
    <write><data>\x0a</data></write>
    <write><var>wait</var></write>
    <write><data>\x0a</data></write>
    <write><var>wait</var></write>
    <write><data>\x0a</data></write>
    <write><var>left</var></write>
    <write><data>\x0a</data></write>
    <write><var>jumpright</var></write>
    <write><data>\x0a</data></write>
    <write><var>wait</var></write>
    <write><data>\x0a</data></write>
    <write><var>jumpright</var></write>
    <write><data>\x0a</data></write>
    <write><var>right</var></write>
    <write><data>\x0a</data></write>
    <write><var>right</var></write>
    <write><data>\x0a</data></write>
    <write><var>right</var></write>
    <write><data>\x0a</data></write>
    <write><var>right</var></write>
    <write><data>\x0a</data></write>
    <write><var>right</var></write>
    <write><data>\x0a</data></write>
    <write><var>jumpright</var></write>
    <write><data>\x0a</data></write>
    <write><var>jumpright</var></write>
    <write><data>\x0a</data></write>
    <write><var>jumpright</var></write>
    <write><data>\x0a</data></write>
    <write><var>right</var></write>
    <write><data>\x0a</data></write>
    <write><var>jumpright</var></write>
    <write><data>\x0a</data></write>
    <write><var>right</var></write>
    <write><data>\x0a</data></write>
    <write><var>right</var></write>
    <write><data>\x0a</data></write>
    <write><var>wait</var></write>
    <write><data>\x0a</data></write>
    <write><var>wait</var></write>
    <write><data>\x0a</data></write>
    <write><var>wait</var></write>
    <write><data>\x0a</data></write>
    <write><var>wait</var></write>
    <write><data>\x0a</data></write>
    <write><var>wait</var></write>
    <write><data>\x0a</data></write>
    <write><var>wait</var></write>
    <write><data>\x0a</data></write>
    <write><var>wait</var></write>
    <write><data>\x0a</data></write>
    <write><var>wait</var></write>
    <write><data>\x0a</data></write>
    <write><var>wait</var></write>
    <write><data>\x0a</data></write>
    <write><var>wait</var></write>
    <write><data>\x0a</data></write>
    <write><var>wait</var></write>
    <write><data>\x0a</data></write>
    <write><var>wait</var></write>
    <write><data>\x0a</data></write>
    <write><var>wait</var></write>
    <write><data>\x0a</data></write>
    <write><var>wait</var></write>
    <write><data>\x0a</data></write>
    <write><var>wait</var></write>
    <write><data>\x0a</data></write>
    <write><var>wait</var></write>
    <write><data>\x0a</data></write>
    <write><var>wait</var></write>
    <write><data>\x0a</data></write>
    <write><var>wait</var></write>
    <write><data>\x0a</data></write>
    <write><var>wait</var></write>
    <write><data>\x0a</data></write>
    <write><var>wait</var></write>
    <write><data>\x0a</data></write>
    <write><var>wait</var></write>
    <write><data>\x0a</data></write>
    <write><var>wait</var></write>
    <write><data>\x0a</data></write>
    <write><var>wait</var></write>
    <write><data>\x0a</data></write>
    <write><var>wait</var></write>
    <write><data>\x0a</data></write>
    <write><var>wait</var></write>
    <write><data>\x0a</data></write>
    <write><var>wait</var></write>
    <write><data>\x0a</data></write>
    <write><var>wait</var></write>
    <write><data>\x0a</data></write>
    <write><var>wait</var></write>
    <write><data>\x0a</data></write>
    <write><var>wait</var></write>
    <write><data>\x0a</data></write>
    <write><var>wait</var></write>
    <write><data>\x0a</data></write>
    <write><var>wait</var></write>
    <write><data>\x0a</data></write>
    <write><var>wait</var></write>
    <write><data>\x0a</data></write>
    <write><var>wait</var></write>
    <write><data>\x0a</data></write>
    <write><var>left</var></write>
    <write><data>\x0a</data></write>
    <write><var>jumpright</var></write>
    <write><data>\x0a</data></write>
    <write><var>wait</var></write>
    <write><data>\x0a</data></write>
    <write><var>jumpright</var></write>
    <write><data>\x0a</data></write>
    <write><var>right</var></write>
    <write><data>\x0a</data></write>
    <write><var>right</var></write>
    <write><data>\x0a</data></write>
    <write><var>right</var></write>
    <write><data>\x0a</data></write>
    <write><var>right</var></write>
    <write><data>\x0a</data></write>
    <write><var>right</var></write>
    <write><data>\x0a</data></write>
    <write><var>jumpright</var></write>
    <write><data>\x0a</data></write>
    <write><var>jumpright</var></write>
    <write><data>\x0a</data></write>
    <write><var>jumpright</var></write>
    <write><data>\x0a</data></write>
    <write><var>right</var></write>
    <write><data>\x0a</data></write>
    <write><var>jumpright</var></write>
    <write><data>\x0a</data></write>
    <write><var>right</var></write>
    <write><data>\x0a</data></write>
    <write><var>right</var></write>
    <write><data>\x0a</data></write>
    <write><var>wait</var></write>
    <write><data>\x0a</data></write>
    <write><var>wait</var></write>
    <write><data>\x0a</data></write>
    <write><var>wait</var></write>
    <write><data>\x0a</data></write>
    <write><var>wait</var></write>
    <write><data>\x0a</data></write>
    <write><var>wait</var></write>
    <write><data>\x0a</data></write>
    <write><var>wait</var></write>
    <write><data>\x0a</data></write>
    <write><var>wait</var></write>
    <write><data>\x0a</data></write>
    <write><var>wait</var></write>
    <write><data>\x0a</data></write>
    <write><var>wait</var></write>
    <write><data>\x0a</data></write>
    <write><var>wait</var></write>
    <write><data>\x0a</data></write>
    <write><var>wait</var></write>
    <write><data>\x0a</data></write>
    <write><var>wait</var></write>
    <write><data>\x0a</data></write>
    <write><var>wait</var></write>
    <write><data>\x0a</data></write>
    <write><var>wait</var></write>
    <write><data>\x0a</data></write>
    <write><var>wait</var></write>
    <write><data>\x0a</data></write>
    <write><var>wait</var></write>
    <write><data>\x0a</data></write>
    <write><var>wait</var></write>
    <write><data>\x0a</data></write>
    <write><var>wait</var></write>
    <write><data>\x0a</data></write>
    <write><var>wait</var></write>
    <write><data>\x0a</data></write>
    <write><var>wait</var></write>
    <write><data>\x0a</data></write>
    <write><var>wait</var></write>
    <write><data>\x0a</data></write>
    <write><var>wait</var></write>
    <write><data>\x0a</data></write>
    <write><var>wait</var></write>
    <write><data>\x0a</data></write>
    <write><var>wait</var></write>
    <write><data>\x0a</data></write>
    <write><var>wait</var></write>
    <write><data>\x0a</data></write>
    <write><var>wait</var></write>
    <write><data>\x0a</data></write>
    <write><var>wait</var></write>
    <write><data>\x0a</data></write>
    <write><var>wait</var></write>
    <write><data>\x0a</data></write>
    <write><var>wait</var></write>
    <write><data>\x0a</data></write>
    <write><var>wait</var></write>
    <write><data>\x0a</data></write>
    <write><var>wait</var></write>
    <write><data>\x0a</data></write>
    <write><var>wait</var></write>
    <write><data>\x0a</data></write>
    <write><var>wait</var></write>
    <write><data>\x0a</data></write>
    <write><var>left</var></write>
    <write><data>\x0a</data></write>
    <write><var>jumpright</var></write>
    <write><data>\x0a</data></write>
    <write><var>wait</var></write>
    <write><data>\x0a</data></write>
    <write><var>jumpright</var></write>
    <write><data>\x0a</data></write>
    <write><var>right</var></write>
    <write><data>\x0a</data></write>
    <write><var>right</var></write>
    <write><data>\x0a</data></write>
    <write><var>right</var></write>
    <write><data>\x0a</data></write>
    <write><var>right</var></write>
    <write><data>\x0a</data></write>
    <write><var>right</var></write>
    <write><data>\x0a</data></write>
    <write><var>jumpright</var></write>
    <write><data>\x0a</data></write>
    <write><var>jumpright</var></write>
    <write><data>\x0a</data></write>
    <write><var>jumpright</var></write>
    <write><data>\x0a</data></write>
    <write><var>right</var></write>
    <write><data>\x0a</data></write>
    <write><var>jumpright</var></write>
    <write><data>\x0a</data></write>
    <write><var>right</var></write>
    <write><data>\x0a</data></write>
    <write><var>right</var></write>
    <write><data>\x0a</data></write>
    <write><var>wait</var></write>
    <write><data>\x0a</data></write>
    <write><var>wait</var></write>
    <write><data>\x0a</data></write>
    <write><var>wait</var></write>
    <write><data>\x0a</data></write>
    <write><var>wait</var></write>
    <write><data>\x0a</data></write>
    <write><var>wait</var></write>
    <write><data>\x0a</data></write>
    <write><var>wait</var></write>
    <write><data>\x0a</data></write>
    <write><var>wait</var></write>
    <write><data>\x0a</data></write>
    <write><var>wait</var></write>
    <write><data>\x0a</data></write>
    <write><var>wait</var></write>
    <write><data>\x0a</data></write>
    <write><var>wait</var></write>
    <write><data>\x0a</data></write>
    <write><var>wait</var></write>
    <write><data>\x0a</data></write>
    <write><var>wait</var></write>
    <write><data>\x0a</data></write>
    <write><var>wait</var></write>
    <write><data>\x0a</data></write>
    <write><var>wait</var></write>
    <write><data>\x0a</data></write>
    <write><var>wait</var></write>
    <write><data>\x0a</data></write>
    <write><var>wait</var></write>
    <write><data>\x0a</data></write>
    <write><var>wait</var></write>
    <write><data>\x0a</data></write>
    <write><var>wait</var></write>
    <write><data>\x0a</data></write>
    <write><var>wait</var></write>
    <write><data>\x0a</data></write>
    <write><var>wait</var></write>
    <write><data>\x0a</data></write>
    <write><var>wait</var></write>
    <write><data>\x0a</data></write>
    <write><var>wait</var></write>
    <write><data>\x0a</data></write>
    <write><var>wait</var></write>
    <write><data>\x0a</data></write>
    <write><var>wait</var></write>
    <write><data>\x0a</data></write>
    <write><var>wait</var></write>
    <write><data>\x0a</data></write>
    <write><var>wait</var></write>
    <write><data>\x0a</data></write>
    <write><var>wait</var></write>
    <write><data>\x0a</data></write>
    <write><var>wait</var></write>
    <write><data>\x0a</data></write>
    <write><var>wait</var></write>
    <write><data>\x0a</data></write>
    <write><var>wait</var></write>
    <write><data>\x0a</data></write>
    <write><var>wait</var></write>
    <write><data>\x0a</data></write>
    <write><var>wait</var></write>
    <write><data>\x0a</data></write>
    <write><var>wait</var></write>
    <write><data>\x0a</data></write>
    <write><var>left</var></write>
    <write><data>\x0a</data></write>
    <write><var>jumpright</var></write>
    <write><data>\x0a</data></write>
    <write><var>wait</var></write>
    <write><data>\x0a</data></write>
    <write><var>jumpright</var></write>
    <write><data>\x0a</data></write>
    <write><var>right</var></write>
    <write><data>\x0a</data></write>
    <write><var>right</var></write>
    <write><data>\x0a</data></write>
    <write><var>right</var></write>
    <write><data>\x0a</data></write>
    <write><var>right</var></write>
    <write><data>\x0a</data></write>
    <write><var>right</var></write>
    <write><data>\x0a</data></write>
    <write><var>jumpright</var></write>
    <write><data>\x0a</data></write>
    <write><var>jumpright</var></write>
    <write><data>\x0a</data></write>
    <write><var>jumpright</var></write>
    <write><data>\x0a</data></write>
    <write><var>right</var></write>
    <write><data>\x0a</data></write>
    <write><var>jumpright</var></write>
    <write><data>\x0a</data></write>
    <write><var>right</var></write>
    <write><data>\x0a</data></write>
    <write><var>right</var></write>
    <write><data>\x0a</data></write>
    <write><var>wait</var></write>
    <write><data>\x0a</data></write>
    <write><var>wait</var></write>
    <write><data>\x0a</data></write>
    <write><var>wait</var></write>
    <write><data>\x0a</data></write>
    <write><var>wait</var></write>
    <write><data>\x0a</data></write>
    <write><var>wait</var></write>
    <write><data>\x0a</data></write>
    <write><var>wait</var></write>
    <write><data>\x0a</data></write>
    <write><var>wait</var></write>
    <write><data>\x0a</data></write>
    <write><var>wait</var></write>
    <write><data>\x0a</data></write>
    <write><var>wait</var></write>
    <write><data>\x0a</data></write>
    <write><var>wait</var></write>
    <write><data>\x0a</data></write>
    <write><var>wait</var></write>
    <write><data>\x0a</data></write>
    <write><var>wait</var></write>
    <write><data>\x0a</data></write>
    <write><var>wait</var></write>
    <write><data>\x0a</data></write>
    <write><var>wait</var></write>
    <write><data>\x0a</data></write>
    <write><var>wait</var></write>
    <write><data>\x0a</data></write>
    <write><var>wait</var></write>
    <write><data>\x0a</data></write>
    <write><var>wait</var></write>
    <write><data>\x0a</data></write>
    <write><var>wait</var></write>
    <write><data>\x0a</data></write>
    <write><var>wait</var></write>
    <write><data>\x0a</data></write>
    <write><var>wait</var></write>
    <write><data>\x0a</data></write>
    <write><var>wait</var></write>
    <write><data>\x0a</data></write>
    <write><var>wait</var></write>
    <write><data>\x0a</data></write>
    <write><var>wait</var></write>
    <write><data>\x0a</data></write>
    <write><var>wait</var></write>
    <write><data>\x0a</data></write>
    <write><var>wait</var></write>
    <write><data>\x0a</data></write>
    <write><var>wait</var></write>
    <write><data>\x0a</data></write>
    <write><var>wait</var></write>
    <write><data>\x0a</data></write>
    <write><var>wait</var></write>
    <write><data>\x0a</data></write>
    <write><var>wait</var></write>
    <write><data>\x0a</data></write>
    <write><var>wait</var></write>
    <write><data>\x0a</data></write>
    <write><var>wait</var></write>
    <write><data>\x0a</data></write>
    <write><var>wait</var></write>
    <write><data>\x0a</data></write>
    <write><var>wait</var></write>
    <write><data>\x0a</data></write>
    <write><var>left</var></write>
    <write><data>\x0a</data></write>
    <write><var>jumpright</var></write>
    <write><data>\x0a</data></write>
    <write><var>wait</var></write>
    <write><data>\x0a</data></write>
    <write><var>jumpright</var></write>
    <write><data>\x0a</data></write>
    <write><var>right</var></write>
    <write><data>\x0a</data></write>
    <write><var>right</var></write>
    <write><data>\x0a</data></write>
    <write><var>right</var></write>
    <write><data>\x0a</data></write>
    <write><var>right</var></write>
    <write><data>\x0a</data></write>
    <write><var>right</var></write>
    <write><data>\x0a</data></write>
    <write><var>jumpright</var></write>
    <write><data>\x0a</data></write>
    <write><var>jumpright</var></write>
    <write><data>\x0a</data></write>
    <write><var>jumpright</var></write>
    <write><data>\x0a</data></write>
    <write><var>right</var></write>
    <write><data>\x0a</data></write>
    <write><var>jumpright</var></write>
    <write><data>\x0a</data></write>
    <write><var>right</var></write>
    <write><data>\x0a</data></write>
    <write><var>right</var></write>
    <write><data>\x0a</data></write>
    <write><var>wait</var></write>
    <write><data>\x0a</data></write>
    <write><var>wait</var></write>
    <write><data>\x0a</data></write>
    <write><var>wait</var></write>
    <write><data>\x0a</data></write>
    <write><var>wait</var></write>
    <write><data>\x0a</data></write>
    <write><var>wait</var></write>
    <write><data>\x0a</data></write>
    <write><var>wait</var></write>
    <write><data>\x0a</data></write>
    <write><var>wait</var></write>
    <write><data>\x0a</data></write>
    <write><var>wait</var></write>
    <write><data>\x0a</data></write>
    <write><var>wait</var></write>
    <write><data>\x0a</data></write>
    <write><var>wait</var></write>
    <write><data>\x0a</data></write>
    <write><var>wait</var></write>
    <write><data>\x0a</data></write>
    <write><var>wait</var></write>
    <write><data>\x0a</data></write>
    <write><var>wait</var></write>
    <write><data>\x0a</data></write>
    <write><var>wait</var></write>
    <write><data>\x0a</data></write>
    <write><var>wait</var></write>
    <write><data>\x0a</data></write>
    <write><var>wait</var></write>
    <write><data>\x0a</data></write>
    <write><var>wait</var></write>
    <write><data>\x0a</data></write>
    <write><var>wait</var></write>
    <write><data>\x0a</data></write>
    <write><var>wait</var></write>
    <write><data>\x0a</data></write>
    <write><var>wait</var></write>
    <write><data>\x0a</data></write>
    <write><var>wait</var></write>
    <write><data>\x0a</data></write>
    <write><var>wait</var></write>
    <write><data>\x0a</data></write>
    <write><var>wait</var></write>
    <write><data>\x0a</data></write>
    <write><var>wait</var></write>
    <write><data>\x0a</data></write>
    <write><var>wait</var></write>
    <write><data>\x0a</data></write>
    <write><var>wait</var></write>
    <write><data>\x0a</data></write>
    <write><var>wait</var></write>
    <write><data>\x0a</data></write>
    <write><var>wait</var></write>
    <write><data>\x0a</data></write>
    <write><var>wait</var></write>
    <write><data>\x0a</data></write>
    <write><var>wait</var></write>
    <write><data>\x0a</data></write>
    <write><var>wait</var></write>
    <write><data>\x0a</data></write>
    <write><var>wait</var></write>
    <write><data>\x0a</data></write>
    <write><var>wait</var></write>
    <write><data>\x0a</data></write>
    <write><var>left</var></write>
    <write><data>\x0a</data></write>
    <write><var>jumpright</var></write>
    <write><data>\x0a</data></write>
    <write><var>wait</var></write>
    <write><data>\x0a</data></write>
    <write><var>jumpright</var></write>
    <write><data>\x0a</data></write>
    <write><var>right</var></write>
    <write><data>\x0a</data></write>
    <write><var>right</var></write>
    <write><data>\x0a</data></write>
    <write><var>right</var></write>
    <write><data>\x0a</data></write>
    <write><var>right</var></write>
    <write><data>\x0a</data></write>
    <write><var>right</var></write>
    <write><data>\x0a</data></write>
    <write><var>jumpright</var></write>
    <write><data>\x0a</data></write>
    <write><var>jumpright</var></write>
    <write><data>\x0a</data></write>
    <write><var>jumpright</var></write>
    <write><data>\x0a</data></write>
    <write><var>right</var></write>
    <write><data>\x0a</data></write>
    <write><var>jumpright</var></write>
    <write><data>\x0a</data></write>
    <write><var>right</var></write>
    <write><data>\x0a</data></write>
    <write><var>right</var></write>
    <write><data>\x0a</data></write>
    <write><var>wait</var></write>
    <write><data>\x0a</data></write>
    <write><var>wait</var></write>
    <write><data>\x0a</data></write>
    <write><var>wait</var></write>
    <write><data>\x0a</data></write>
    <write><var>wait</var></write>
    <write><data>\x0a</data></write>
    <write><var>wait</var></write>
    <write><data>\x0a</data></write>
    <write><var>wait</var></write>
    <write><data>\x0a</data></write>
    <write><var>wait</var></write>
    <write><data>\x0a</data></write>
    <write><var>wait</var></write>
    <write><data>\x0a</data></write>
    <write><var>wait</var></write>
    <write><data>\x0a</data></write>
    <write><var>wait</var></write>
    <write><data>\x0a</data></write>
    <write><var>wait</var></write>
    <write><data>\x0a</data></write>
    <write><var>wait</var></write>
    <write><data>\x0a</data></write>
    <write><var>wait</var></write>
    <write><data>\x0a</data></write>
    <write><var>wait</var></write>
    <write><data>\x0a</data></write>
    <write><var>wait</var></write>
    <write><data>\x0a</data></write>
    <write><var>wait</var></write>
    <write><data>\x0a</data></write>
    <write><var>wait</var></write>
    <write><data>\x0a</data></write>
    <write><var>wait</var></write>
    <write><data>\x0a</data></write>
    <write><var>wait</var></write>
    <write><data>\x0a</data></write>
    <write><var>wait</var></write>
    <write><data>\x0a</data></write>
    <write><var>wait</var></write>
    <write><data>\x0a</data></write>
    <write><var>wait</var></write>
    <write><data>\x0a</data></write>
    <write><var>wait</var></write>
    <write><data>\x0a</data></write>
    <write><var>wait</var></write>
    <write><data>\x0a</data></write>
    <write><var>wait</var></write>
    <write><data>\x0a</data></write>
    <write><var>wait</var></write>
    <write><data>\x0a</data></write>
    <write><var>wait</var></write>
    <write><data>\x0a</data></write>
    <write><var>wait</var></write>
    <write><data>\x0a</data></write>
    <write><var>wait</var></write>
    <write><data>\x0a</data></write>
    <write><var>wait</var></write>
    <write><data>\x0a</data></write>
    <write><var>wait</var></write>
    <write><data>\x0a</data></write>
    <write><var>wait</var></write>
    <write><data>\x0a</data></write>
    <write><var>wait</var></write>
    <write><data>\x0a</data></write>
    <write><var>left</var></write>
    <write><data>\x0a</data></write>
    <write><var>jumpright</var></write>
    <write><data>\x0a</data></write>
    <write><var>wait</var></write>
    <write><data>\x0a</data></write>
    <write><var>jumpright</var></write>
    <write><data>\x0a</data></write>
    <write><var>right</var></write>
    <write><data>\x0a</data></write>
    <write><var>right</var></write>
    <write><data>\x0a</data></write>
    <write><var>right</var></write>
    <write><data>\x0a</data></write>
    <write><var>right</var></write>
    <write><data>\x0a</data></write>
    <write><var>right</var></write>
    <write><data>\x0a</data></write>
    <write><var>jumpright</var></write>
    <write><data>\x0a</data></write>
    <write><var>jumpright</var></write>
    <write><data>\x0a</data></write>
    <write><var>jumpright</var></write>
    <write><data>\x0a</data></write>
    <write><var>right</var></write>
    <write><data>\x0a</data></write>
    <write><var>jumpright</var></write>
    <write><data>\x0a</data></write>
    <write><var>right</var></write>
    <write><data>\x0a</data></write>
    <write><var>right</var></write>
    <write><data>\x0a</data></write>
    <write><var>wait</var></write>
    <write><data>\x0a</data></write>
    <write><var>wait</var></write>
    <write><data>\x0a</data></write>
    <write><var>wait</var></write>
    <write><data>\x0a</data></write>
    <write><var>wait</var></write>
    <write><data>\x0a</data></write>
    <write><var>wait</var></write>
    <write><data>\x0a</data></write>
    <write><var>wait</var></write>
    <write><data>\x0a</data></write>
    <write><var>wait</var></write>
    <write><data>\x0a</data></write>
    <write><var>wait</var></write>
    <write><data>\x0a</data></write>
    <write><var>wait</var></write>
    <write><data>\x0a</data></write>
    <write><var>wait</var></write>
    <write><data>\x0a</data></write>
    <write><var>wait</var></write>
    <write><data>\x0a</data></write>
    <write><var>wait</var></write>
    <write><data>\x0a</data></write>
    <write><var>wait</var></write>
    <write><data>\x0a</data></write>
    <write><var>wait</var></write>
    <write><data>\x0a</data></write>
    <write><var>wait</var></write>
    <write><data>\x0a</data></write>
    <write><var>wait</var></write>
    <write><data>\x0a</data></write>
    <write><var>wait</var></write>
    <write><data>\x0a</data></write>
    <write><var>wait</var></write>
    <write><data>\x0a</data></write>
    <write><var>wait</var></write>
    <write><data>\x0a</data></write>
    <write><var>wait</var></write>
    <write><data>\x0a</data></write>
    <write><var>wait</var></write>
    <write><data>\x0a</data></write>
    <write><var>wait</var></write>
    <write><data>\x0a</data></write>
    <write><var>wait</var></write>
    <write><data>\x0a</data></write>
    <write><var>wait</var></write>
    <write><data>\x0a</data></write>
    <write><var>wait</var></write>
    <write><data>\x0a</data></write>
    <write><var>wait</var></write>
    <write><data>\x0a</data></write>
    <write><var>wait</var></write>
    <write><data>\x0a</data></write>
    <write><var>wait</var></write>
    <write><data>\x0a</data></write>
    <write><var>wait</var></write>
    <write><data>\x0a</data></write>
    <write><var>wait</var></write>
    <write><data>\x0a</data></write>
    <write><var>wait</var></write>
    <write><data>\x0a</data></write>
    <write><var>wait</var></write>
    <write><data>\x0a</data></write>
    <write><var>wait</var></write>
    <write><data>\x0a</data></write>
    <write><var>wait</var></write>
    <write><data>\x0a</data></write>
    <write><var>jumpright</var></write>
    <write><data>\x0a</data></write>
    <write><var>wait</var></write>
    <write><data>\x0a</data></write>
    <write><var>jumpright</var></write>
    <write><data>\x0a</data></write>
    <write><var>right</var></write>
    <write><data>\x0a</data></write>
    <write><var>right</var></write>
    <write><data>\x0a</data></write>
    <write><var>jumpright</var></write>
    <write><data>\x0a</data></write>
    <write><var>jumpright</var></write>
    <write><data>\x0a</data></write>
    <write><var>jumpright</var></write>
    <write><data>\x0a</data></write>
    <write><var>jumpright</var></write>
    <write><data>\x0a</data></write>
    <write><var>wait</var></write>
    <write><data>\x0a</data></write>
    <write><var>wait</var></write>
    <write><data>\x0a</data></write>
    <write><var>wait</var></write>
    <write><data>\x0a</data></write>
    <write><var>wait</var></write>
    <write><data>\x0a</data></write>
    <write><var>wait</var></write>
    <write><data>\x0a</data></write>
    <write><var>wait</var></write>
    <write><data>\x0a</data></write>
    <write><var>wait</var></write>
    <write><data>\x0a</data></write>
    <write><var>jumpright</var></write>
    <write><data>\x0a</data></write>
    <write><var>jumpright</var></write>
    <write><data>\x0a</data></write>
    <write><var>jumpright</var></write>
    <write><data>\x0a</data></write>
    <write><var>wait</var></write>
    <write><data>\x0a</data></write>
    <write><var>wait</var></write>
    <write><data>\x0a</data></write>
    <write><var>jumpright</var></write>
    <write><data>\x0a</data></write>
    <write><var>right</var></write>
    <write><data>\x0a</data></write>
    <write><var>right</var></write>
    <write><data>\x0a</data></write>
    <read><delim>\x0a</delim><assign> <var>user1</var> <pcre group="3">You found the treasure at position x:([0-9]*) y:([0-9]*) after ([0-9]*) moves\n</pcre> </assign></read>
    <read><delim>\x0a</delim><match><pcre>Move list: (.*)\n</pcre></match></read>
    <read><length>24</length><match><data>Please enter your name: </data></match></read>
    <write><data>ZZxEYU\x0a</data></write>
    <read><delim>\x0a</delim><match><data>Menu\x0a</data></match></read>
    <read><delim>\x0a</delim><match><data>\x2d\x2d\x2d\x2d\x2d\x0a</data></match></read>
    <read><length>13</length><assign> <var>play</var> <pcre group="1">Play game: (.*)
</pcre> </assign></read>
    <read><length>20</length><assign> <var>instructions</var> <pcre group="1">Get instructions: (.*)
</pcre> </assign></read>
    <read><length>15</length><assign> <var>highScore</var> <pcre group="1">High Scores: (.*)
</pcre> </assign></read>
    <read><length>13</length><assign> <var>quit</var> <pcre group="1">Quit game: (.*)
</pcre> </assign></read>
    <write><var>quit</var></write>
    <write><data>\x0a</data></write>
</replay>
</pov>