<?xml version="1.0" standalone="no" ?>
<!DOCTYPE pov SYSTEM "/usr/share/cgc-docs/replay.dtd">
<pov>
<cbid>service</cbid>
<seed>b4c206a47dc0116fa212d3079e620ea542725b42323a7c1a2fd52c6796ea91dfcdf8ff98d9524de54d60a8ddc2e0d2cb</seed>
<replay>
    <!-- ResolveL2Adjacency Test -->
    <write><data>\xff\xff\xcd\xab\x0c\x02\x00\x01\x01\x01\x0a\x00\x00\x00\x00\x91\x03\x00\x00</data></write>
    <read><length>19</length><match><data>\xcd\xab\x01\x00\x0c\x03\x00\x01\x01\x01\x0a\x01\x00\x00\x00\x96\x01\x00\x00</data></match></read>
    <!-- Pwdgen Request Test -->
    <write><data>\x01\x00\xcd\xab\x11\x01\x00\x02\x02\x01\x0a\x02\x01\x01\x0a\x03\x01\x81\x5c\x00\x89\x02\x00\x00</data></write>
    <read><length>19</length><match><data>\xff\xff\x01\x00\x0c\x02\x00\x02\x01\x01\x0a\x00\x00\x00\x00\x1b\x02\x00\x00</data></match></read>
    <write><data>\x01\x00\xcd\xab\x0c\x03\x00\x02\x01\x01\x0a\xcd\xab\x00\x00\x0e\x03\x00\x00</data></write>
    <read><length>150</length><match><data>\xcd\xab\x01\x00\x8f\x01\x00\x02\x01\x01\x0a\x02\x02\x01\x0a\x81\x01\x5c\x81\x7ehtathrakbkdsjraafbfr\x0aizbphodjjjfxfpcndngp\x0acgdtcfajftavamdufxaw\x0agkakapicdsawidbeevdw\x0aeqhiekijjoexgbekagim\x0ajghodfjtcwfbgcjcgjcn\x0a\xae5\x00\x00</data></match></read>
    <!-- Chargen Request Test -->
    <write><data>\x01\x00\xcd\xab\x11\x01\x00\x02\x02\x01\x0a\x02\x01\x01\x0a\x03\x01\x13\x19\x00\xd8\x01\x00\x00</data></write>
    <read><length>117</length><match><data>\xcd\xab\x01\x00n\x01\x00\x02\x01\x01\x0a\x02\x02\x01\x0a\x60\x01\x19\x13\x5d\xdb\xcc2\xe1\x8f\xe0\xf6\x95n\xe5H\xd4\x06\xf1\xf2\xbb \x27i\xe7\x5e\xc43\xd576\xb9h\x05l\x25\xcaN\xb6\x26\xd7\x95Y\x7b:\xb5\x3cwX\x9f\xbar\xb8\x402\x9dE\x1b\x14\x01\x5c\x2d\xc5\x29\xdb\x00\x86\xf8\x2d\xd4B\xf1\xcb\x8b\x7d\x5e\xf0\x81\xf3\xb6u\xf5y\x81\x60\xb3\xa7\x7b\x28r\xce\xfe\xb9\x3c\x2fRn\x8c\x8e2\x00\x00</data></match></read>
    <!-- Unknown Unicast Test -->
    <write><data>\x00\xb0\xcd\xab\x11\x01\x00\x02\x02\x01\x0a\x02\x03\x01\x0a\x03\x01\x13\x01\x00q\x02\x00\x00</data></write>
    <!-- Echo Request Test -->
    <write><data>\x01\x00\xcd\xab\xee\x01\x00\x02\x02\x01\x0a\x02\x01\x01\x0a\xe0\x01\x07f\xdd\x2a\xb4\xb0\x2b\x96J\xdb\xb0\xc2\xe0HP\x22h\x19\x04\xa1\xd3\x95\x2d\x0e\xff\x9e\xbf\xa56\xf3q\x0f\xde\xc5\xd9\x5c\xb5H\xfc\x93\x805\xa7\xa3\xdf\xad\x89H\xac\x1e\x26J\xcaT\xf63\xe8\x7e\xf2\xa7e\x05r\xf4\xf7maz\x3e\x8d\x2d\x2c\xd5\xee\x3dP\xf6zc\x96c\xa8\xae\xa9\xe2\xb9\x7de\x1d4\xc2\x9b\x0d\xf1e\x03\xa7\x08\xbcV\xea\xb2\xf0g\x60\xd1\x15i\x03\xc5\xa3\xe0st\xbb\x7d\xdd\xf6nVkw\x5cek\xbb\xef\x9f\x29s\xb2\xf5\xee:\x01\x5b\xb8W\xaf\xbeN\xef\x95?\x81\x29\xfe\x05y\x0e7F\xbe\x0cn\xe3q\x05I\xc4\xabL\x1d\x8d\xbd\x2b\xc7v\xe2\x93\xb0:\xf0\xd8\x92\x60\xd6\xd4\xd8\x1c\xcc\xa3\xb5\xcd\xe0\x8e\x26\x16\xe8\xfa\xa3\xc1\xd5\xd6\x1aP\xc5\xa7a\xdan0n\xcbN\xb7v\x969\x2a\x26WT\xa9\xb3\x5b\xd8\x8e\x0f\xfb\x0b\xe0\xb2\xcf\xe9x\x00\x00</data></write>
    <read><length>245</length><match><data>\xcd\xab\x01\x00\xee\x01\x00\x02\x01\x01\x0a\x02\x02\x01\x0a\xe0\x01f\x07\xdd\x2a\xb4\xb0\x2b\x96J\xdb\xb0\xc2\xe0HP\x22h\x19\x04\xa1\xd3\x95\x2d\x0e\xff\x9e\xbf\xa56\xf3q\x0f\xde\xc5\xd9\x5c\xb5H\xfc\x93\x805\xa7\xa3\xdf\xad\x89H\xac\x1e\x26J\xcaT\xf63\xe8\x7e\xf2\xa7e\x05r\xf4\xf7maz\x3e\x8d\x2d\x2c\xd5\xee\x3dP\xf6zc\x96c\xa8\xae\xa9\xe2\xb9\x7de\x1d4\xc2\x9b\x0d\xf1e\x03\xa7\x08\xbcV\xea\xb2\xf0g\x60\xd1\x15i\x03\xc5\xa3\xe0st\xbb\x7d\xdd\xf6nVkw\x5cek\xbb\xef\x9f\x29s\xb2\xf5\xee:\x01\x5b\xb8W\xaf\xbeN\xef\x95?\x81\x29\xfe\x05y\x0e7F\xbe\x0cn\xe3q\x05I\xc4\xabL\x1d\x8d\xbd\x2b\xc7v\xe2\x93\xb0:\xf0\xd8\x92\x60\xd6\xd4\xd8\x1c\xcc\xa3\xb5\xcd\xe0\x8e\x26\x16\xe8\xfa\xa3\xc1\xd5\xd6\x1aP\xc5\xa7a\xdan0n\xcbN\xb7v\x969\x2a\x26WT\xa9\xb3\x5b\xd8\x8e\x0f\xfb\x0b\xe0\xb2\xcf\xe9x\x00\x00</data></match></read>
    <!-- Echo Request Test -->
    <write><data>\x01\x00\xcd\xabV\x01\x00\x02\x02\x01\x0a\x02\x01\x01\x0aH\x01\x07\x2cE\x2a:\x0d\xa3\xbdw\xa1F\x26\x0d\x3b\xa94\xb6\x06\xc5\x86\x93\xf3N\x80mQ\xe0A\xe4\x2bX\xb7\xa6\xaf\x07\x24\x16\xcc\x23\x989\xe0\xac\x91\xa5\xaf\x60\x07\x90X\xd4\xaa\x15\xd3\xd3C\x29\xe2j\x8fYam8\xbdb\xde\x91\xb1\xbd\x22\x97\x2a\x23\x00\x00</data></write>
    <read><length>93</length><match><data>\xcd\xab\x01\x00V\x01\x00\x02\x01\x01\x0a\x02\x02\x01\x0aH\x01\x2c\x07E\x2a:\x0d\xa3\xbdw\xa1F\x26\x0d\x3b\xa94\xb6\x06\xc5\x86\x93\xf3N\x80mQ\xe0A\xe4\x2bX\xb7\xa6\xaf\x07\x24\x16\xcc\x23\x989\xe0\xac\x91\xa5\xaf\x60\x07\x90X\xd4\xaa\x15\xd3\xd3C\x29\xe2j\x8fYam8\xbdb\xde\x91\xb1\xbd\x22\x97\x2a\x23\x00\x00</data></match></read>
    <!-- Invalid Packet\x2fSegment Length Test -->
    <write><data>\x01\x00\xcd\xab\x11\x01\x00\x02\x02\x01\x0a\x02\x03\x01\x0a\x03\x01\x13\xf0\x01\xb1\x02\x00\x00</data></write>
    <!-- Echo Request Test -->
    <write><data>\x01\x00\xcd\xabC\x01\x00\x02\x02\x01\x0a\x02\x01\x01\x0a5\x01\x07\x282v\x28\x2fM\x0dg\x8a\x0d\x1fR\x9f\x26\xce\xf5\x3d\x24\x23\xdc\xf47\x8e\x11\x8a\x0d\x80\x5c\xcc\x7b\xb1\x7dB\xab\xaa\xf1\x8e\xd4\xef\xf5\xf7\xcf\x04\xda2\xaf\xbd\xb4v\x85l\xdc\xa8\x1b\x00\x00</data></write>
    <read><length>74</length><match><data>\xcd\xab\x01\x00C\x01\x00\x02\x01\x01\x0a\x02\x02\x01\x0a5\x01\x28\x072v\x28\x2fM\x0dg\x8a\x0d\x1fR\x9f\x26\xce\xf5\x3d\x24\x23\xdc\xf47\x8e\x11\x8a\x0d\x80\x5c\xcc\x7b\xb1\x7dB\xab\xaa\xf1\x8e\xd4\xef\xf5\xf7\xcf\x04\xda2\xaf\xbd\xb4v\x85l\xdc\xa8\x1b\x00\x00</data></match></read>
    <!-- ResolveL2Adjacency Test -->
    <write><data>\xff\xff\xcd\xab\x0c\x02\x00\x01\x01\x01\x0a\x00\x00\x00\x00\x91\x03\x00\x00</data></write>
    <read><length>19</length><match><data>\xcd\xab\x01\x00\x0c\x03\x00\x01\x01\x01\x0a\x01\x00\x00\x00\x96\x01\x00\x00</data></match></read>
    <!-- Invalid Packet\x2fSegment Length Test -->
    <write><data>\x01\x00\xcd\xab\x11\x01\x00\x02\x02\x01\x0a\x02\x03\x01\x0a\x01\x01\x13\x02\x00\xc3\x01\x00\x00</data></write>
    <!-- Echo Request Test -->
    <write><data>\x01\x00\xcd\xab\xcd\x01\x00\x02\x02\x01\x0a\x02\x01\x01\x0a\xbf\x01\x07\x11\xbclW W\x0b8\xe3k\xcf\xae\x5c:\xf9a\x18\x03\xfe\x18\xca\x96Z\x26x\x2d\x06\xde\xaa\x91\xb64a\xb64RK\x0c\x2dBh\xba\x1f\x99\x91\x9e\xdbx9\x1e\xad\xb2\xc6\x2bS\x1c\xa6\x96\xcb\xab\x9dT\xdb\x23\xe6T\x5c\xa0\x1a\x94\xf1\xe8\xac\x285\x9c2\x9f\x3e\x3c\x9e\xd0\x93t5\xe51\xde\x87\xb13\xe8\x25Ok7\x94\xe9\x1eY\xecW\x18\xd1VRV\xb9\xf9\xc2\x29\xc8J\x90\x87T\xb2\x190\xf5\xde\x60\x95\x984\x8f\x9cNI\xd2\xde\xf3\x02?\xb8\x1f\x8e\xdaQ9\xafq\x05\x28\xb8\xc3\x1f\x24\xfe\x1e6G\x0b9Z\x25\xe8\x06\xb9P\x87\x8a\xa2\x9d\x1b\x91\xed\xf4\xdb\x88\xb9\xd2\x7b\x85\x83\xb6b\x7b\xa5\xb9\xaf\xd9\x87\x8d\x26\x1a \x14h\xb8\x1c\x5d\x00\x00</data></write>
    <read><length>212</length><match><data>\xcd\xab\x01\x00\xcd\x01\x00\x02\x01\x01\x0a\x02\x02\x01\x0a\xbf\x01\x11\x07\xbclW W\x0b8\xe3k\xcf\xae\x5c:\xf9a\x18\x03\xfe\x18\xca\x96Z\x26x\x2d\x06\xde\xaa\x91\xb64a\xb64RK\x0c\x2dBh\xba\x1f\x99\x91\x9e\xdbx9\x1e\xad\xb2\xc6\x2bS\x1c\xa6\x96\xcb\xab\x9dT\xdb\x23\xe6T\x5c\xa0\x1a\x94\xf1\xe8\xac\x285\x9c2\x9f\x3e\x3c\x9e\xd0\x93t5\xe51\xde\x87\xb13\xe8\x25Ok7\x94\xe9\x1eY\xecW\x18\xd1VRV\xb9\xf9\xc2\x29\xc8J\x90\x87T\xb2\x190\xf5\xde\x60\x95\x984\x8f\x9cNI\xd2\xde\xf3\x02?\xb8\x1f\x8e\xdaQ9\xafq\x05\x28\xb8\xc3\x1f\x24\xfe\x1e6G\x0b9Z\x25\xe8\x06\xb9P\x87\x8a\xa2\x9d\x1b\x91\xed\xf4\xdb\x88\xb9\xd2\x7b\x85\x83\xb6b\x7b\xa5\xb9\xaf\xd9\x87\x8d\x26\x1a \x14h\xb8\x1c\x5d\x00\x00</data></match></read>
    <!-- Echo Request Test -->
    <write><data>\x01\x00\xcd\xabK\x01\x00\x02\x02\x01\x0a\x02\x01\x01\x0a\x3d\x01\x07\x05:\xe8\x23\xf3\x80\xe8\xd6\xbd.A\xd3\x95\xcd\xcb\xff\xa0\xbf\xac\xf9 Q\x17f\x83\x22q\xa2H\x0dbA1\x7f\xda\x85\x84o\xe2u\x83w\xc4e\x96\x19\xa4L\x28\x87\x5c\x9f\xcaM\xfbB\x1dS\x14\xcb\xd7\x1f\x00\x00</data></write>
    <read><length>82</length><match><data>\xcd\xab\x01\x00K\x01\x00\x02\x01\x01\x0a\x02\x02\x01\x0a\x3d\x01\x05\x07:\xe8\x23\xf3\x80\xe8\xd6\xbd.A\xd3\x95\xcd\xcb\xff\xa0\xbf\xac\xf9 Q\x17f\x83\x22q\xa2H\x0dbA1\x7f\xda\x85\x84o\xe2u\x83w\xc4e\x96\x19\xa4L\x28\x87\x5c\x9f\xcaM\xfbB\x1dS\x14\xcb\xd7\x1f\x00\x00</data></match></read>
    <!-- Unknown Unicast Test -->
    <write><data>\x01\xb0\xcd\xab\x11\x01\x00\x02\x02\x01\x0a\x02\x03\x01\x0a\x03\x01\x13\x80\x00\xf1\x02\x00\x00</data></write>
    <!-- Echo Request Test -->
    <write><data>\x01\x00\xcd\xab\x83\x01\x00\x02\x02\x01\x0a\x02\x01\x01\x0au\x01\x07Qr\xc7\xc4\xf5G\x8a\xc7\x12\xd7\xff\x14\x2b\x23\xee\x83\xdbK\x5e\x8c\xeb\x09\x8a\x86\x0a\x17\xca\xa8\xd7\xf7\xaa\x2b\x9ap\x12\x3b\xb6\x3d\xf4\x06\x17\xbek\x1a\x7f\x5f\xa5\xdbD\xa9t\xba\x15\x18o\xd7\xf4\x96\x10\x0e\xc0E3\xfb\x15\x87\x2d\x3d\x87\xc7\xf6\x7f2\x1c\xaf\x98\x60\x27\x1e\xee\x8ae\x3c\x1d\xd7Ha\xd7\xbe\x0e\xf5\xe7 \xfc\x8e\x12\xaf\x9er7\x91\xc9.\xf90\x7e:\x8c\xa1\xf1\x0e\x3b\x2c\xc4\x29\x2d\xdc9\x00\x00</data></write>
    <read><length>19</length><match><data>\xff\xff\x01\x00\x0c\x02\x00\x02\x01\x01\x0a\x00\x00\x00\x00\x1b\x02\x00\x00</data></match></read>
    <write><data>\x01\x00\xcd\xab\x0c\x03\x00\x02\x01\x01\x0a\xcd\xab\x00\x00\x0e\x03\x00\x00</data></write>
    <read><length>138</length><match><data>\xcd\xab\x01\x00\x83\x01\x00\x02\x01\x01\x0a\x02\x02\x01\x0au\x01Q\x07r\xc7\xc4\xf5G\x8a\xc7\x12\xd7\xff\x14\x2b\x23\xee\x83\xdbK\x5e\x8c\xeb\x09\x8a\x86\x0a\x17\xca\xa8\xd7\xf7\xaa\x2b\x9ap\x12\x3b\xb6\x3d\xf4\x06\x17\xbek\x1a\x7f\x5f\xa5\xdbD\xa9t\xba\x15\x18o\xd7\xf4\x96\x10\x0e\xc0E3\xfb\x15\x87\x2d\x3d\x87\xc7\xf6\x7f2\x1c\xaf\x98\x60\x27\x1e\xee\x8ae\x3c\x1d\xd7Ha\xd7\xbe\x0e\xf5\xe7 \xfc\x8e\x12\xaf\x9er7\x91\xc9.\xf90\x7e:\x8c\xa1\xf1\x0e\x3b\x2c\xc4\x29\x2d\xdc9\x00\x00</data></match></read>
    <!-- Chargen Request Test -->
    <write><data>\x01\x00\xcd\xab\x11\x01\x00\x02\x02\x01\x0a\x02\x01\x01\x0a\x03\x01\x13\xc7\x00\x86\x02\x00\x00</data></write>
    <read><length>37</length><match><data>\xcd\xab\x01\x00\x1e\x01\x00\x02\x01\x01\x0a\x02\x02\x01\x0a\x10\x01\xc7\x13\x0d\x99\x83\xf0\x10\xf3O\xc1\xce1O\x8c\x7b\xb3\xd4\x09\x00\x00</data></match></read>
</replay>
</pov>