<?xml version="1.0" standalone="no" ?>
<!DOCTYPE pov SYSTEM "/usr/share/cgc-docs/replay.dtd">
<pov>
<cbid>service</cbid>
<seed>96d83c5d6d4302208a6d3950c9981f38d825709963a49225b9ee6af456affd24199144d1abccd8459d19a4ca64b0f136</seed>
<replay>
    <!-- ResolveL2Adjacency Test -->
    <write><data>\xff\xff\xcd\xab\x0c\x02\x00\x01\x01\x01\x0a\x00\x00\x00\x00\x91\x03\x00\x00</data></write>
    <read><length>19</length><match><data>\xcd\xab\x01\x00\x0c\x03\x00\x01\x01\x01\x0a\x01\x00\x00\x00\x96\x01\x00\x00</data></match></read>
    <!-- Wrong NxtHdr Test -->
    <write><data>\x01\x00\xcd\xab\x11\x09\x00\x02\x02\x01\x0a\x02\x01\x01\x0a\x03\x01\x07\x84\x007\x02\x00\x00</data></write>
    <!-- Echo Request Test -->
    <write><data>\x01\x00\xcd\xabA\x01\x00\x02\x02\x01\x0a\x02\x01\x01\x0a3\x01\x07\xaf0\xc4\x97\xfd\x23\xa5\xead\xf81D\x96\xe9\x90\xc9\x9e\x7e\xf5\xb8\xf1\xe8\xbf3\x24?\x9d\x1a\x89\xe5\xa5\xcf\x5c\x29\xc6I\xc1\xf0\xc5F\x8c\x87\x5f\xcc\x06\xe4\xd5\xa8\x85\xe4\x93\x1f\x00\x00</data></write>
    <read><length>19</length><match><data>\xff\xff\x01\x00\x0c\x02\x00\x02\x01\x01\x0a\x00\x00\x00\x00\x1b\x02\x00\x00</data></match></read>
    <write><data>\x01\x00\xcd\xab\x0c\x03\x00\x02\x01\x01\x0a\xcd\xab\x00\x00\x0e\x03\x00\x00</data></write>
    <read><length>72</length><match><data>\xcd\xab\x01\x00A\x01\x00\x02\x01\x01\x0a\x02\x02\x01\x0a3\x01\xaf\x070\xc4\x97\xfd\x23\xa5\xead\xf81D\x96\xe9\x90\xc9\x9e\x7e\xf5\xb8\xf1\xe8\xbf3\x24?\x9d\x1a\x89\xe5\xa5\xcf\x5c\x29\xc6I\xc1\xf0\xc5F\x8c\x87\x5f\xcc\x06\xe4\xd5\xa8\x85\xe4\x93\x1f\x00\x00</data></match></read>
    <!-- ResolveL2Adjacency Test -->
    <write><data>\xff\xff\xcd\xab\x0c\x02\x00\x01\x01\x01\x0a\x00\x00\x00\x00\x91\x03\x00\x00</data></write>
    <read><length>19</length><match><data>\xcd\xab\x01\x00\x0c\x03\x00\x01\x01\x01\x0a\x01\x00\x00\x00\x96\x01\x00\x00</data></match></read>
    <!-- Spoof Test -->
    <write><data>\x01\x00\xcd\xab\x11\x01\x00\x02\x02\x01\x0a\x02\x03\x01\x0a\x03\x01\x13J\x00\x0b\x02\x00\x00</data></write>
    <!-- Echo Request Test -->
    <write><data>\x01\x00\xcd\xab\xe3\x01\x00\x02\x02\x01\x0a\x02\x01\x01\x0a\xd5\x01\x07\x2b\xd2\xe5\x12\xd7\xf0f\xc0n\x04\xe2\x0dD\xe3\x82\xb7\xbd\x7eW\x11\xfb\xf7\xfd\x87\x3c\x2f\xdb\xce\x95\xb7\x8eU\xfcb\x9fR\x0a\xc3v\xdaz\x05\xe0\x1cs\xc0\x7c\x13\xaeY\xfaJr\xaf\xbaN4\xc6\x04\x3e\xa6\x8a\xeb\xfd\x1d2q\xcd\x23\xe9\xd2\x05\xf0\xd0\xacK\xfa\xd4\x19q\x7e\x8b\x1e\x7f\xef\x81\xf9\x5f\x04?\xe6\xab\xf6\x1f\xbd\x7e \x0bf\x07\xc5\x8a\x17\x10\x10\x164\xb3\xdd\x5f\x9cU\x8d\xb8\xb3\xba\xcb\x1e\xe5\x12\xe0B\xad\x5b\xf1\xe3\xf2\xfav:\x8d\x03s\xfd\xcf\xff\xd8\x5b8\x15\xc7\xc8\x3d\xab\xe0f\x7d\x99\x2f\x2a\x09\xccXS\xc4y\xea\xdd\x7e\xbb\x1b\xce\x7b\x16\x2a\xef\x88\x29\x23\xbf\x80\xdb\x60\x95\xa2\x8f\x7dy\xa7\x3d\x8e\xf7\xc8\xfa\x98\xb4\x27\xe6s\xd8x49\x90\xe9s\x5bz\x94\x5d\xf6B\xd3\xf2\x81M\xa9G\xd2WXT\x15s\x00\x00</data></write>
    <read><length>234</length><match><data>\xcd\xab\x01\x00\xe3\x01\x00\x02\x01\x01\x0a\x02\x02\x01\x0a\xd5\x01\x2b\x07\xd2\xe5\x12\xd7\xf0f\xc0n\x04\xe2\x0dD\xe3\x82\xb7\xbd\x7eW\x11\xfb\xf7\xfd\x87\x3c\x2f\xdb\xce\x95\xb7\x8eU\xfcb\x9fR\x0a\xc3v\xdaz\x05\xe0\x1cs\xc0\x7c\x13\xaeY\xfaJr\xaf\xbaN4\xc6\x04\x3e\xa6\x8a\xeb\xfd\x1d2q\xcd\x23\xe9\xd2\x05\xf0\xd0\xacK\xfa\xd4\x19q\x7e\x8b\x1e\x7f\xef\x81\xf9\x5f\x04?\xe6\xab\xf6\x1f\xbd\x7e \x0bf\x07\xc5\x8a\x17\x10\x10\x164\xb3\xdd\x5f\x9cU\x8d\xb8\xb3\xba\xcb\x1e\xe5\x12\xe0B\xad\x5b\xf1\xe3\xf2\xfav:\x8d\x03s\xfd\xcf\xff\xd8\x5b8\x15\xc7\xc8\x3d\xab\xe0f\x7d\x99\x2f\x2a\x09\xccXS\xc4y\xea\xdd\x7e\xbb\x1b\xce\x7b\x16\x2a\xef\x88\x29\x23\xbf\x80\xdb\x60\x95\xa2\x8f\x7dy\xa7\x3d\x8e\xf7\xc8\xfa\x98\xb4\x27\xe6s\xd8x49\x90\xe9s\x5bz\x94\x5d\xf6B\xd3\xf2\x81M\xa9G\xd2WXT\x15s\x00\x00</data></match></read>
    <!-- Unknown Unicast Test -->
    <write><data>\x00\xb0\xcd\xab\x11\x01\x00\x02\x02\x01\x0a\x02\x03\x01\x0a\x03\x01\x13\xfa\x00j\x03\x00\x00</data></write>
    <!-- Echo Request Test -->
    <write><data>\x01\x00\xcd\xab\xea\x01\x00\x02\x02\x01\x0a\x02\x01\x01\x0a\xdc\x01\x07\x1e\xd9\x8a\xc6\xac\x96\x9a\xb1\xd5q\x1c\x07h\x88\x06\x88\xe3\x24\xda\x9e\xe1xg\xc7\x3b\xa6f\xcbb??N\xf8\xe8\x10\xc3\xfd\xb1\x86I\xc1\xab\x5d9\xac\xbc\x9a\xe0\xa4\x87\xcctI\xd2\xc82\xaf\xbd\xa2W54\xa2\xce\xe6:\x06\xd6\x13T\x87\xa2\x93\x90\x3b\x94jR\xb0\x8fq\xc9\xe1\xb4\x05\x40\xf9\xdf\xa2\xb21\xb6\xc8\xa0?\x97\xd9\xc1\x2c\x80\xd7Fm\x1c\xc9\x88\xb1\x9cSd\xa3\xff\x5d\x88\x10\x9b\x85R\xf9\x29\x7eD\x84\xeb\xf4\xca\x89\x95\xfbx\x1f\xa5\xef\x29\x23SM\x5f\x8f\x25\xc5\x86\xa5R\xa4\x92\xf5\x01\xabV\x19\xe8\xf7\xc0\x9d\xeb\xacW\x8e\xff\x2d\xd9\x08\x14\x85\xb8\x0fy\xcbuq\x18\xc3\xea\xea\xcb\xd2\x3e\x0bz\x7bR\x2a\xbc\x26\xed\x86:\x1b\xe6\x3b9pja\xbc\xd8\xe5\x02\xbb\x8e\x2b\x8d\xd2\x27\xe8\x954\x25\xae\x26\x8fP \x25v\x9f!\xc3\x0cu\x00\x00</data></write>
    <read><length>241</length><match><data>\xcd\xab\x01\x00\xea\x01\x00\x02\x01\x01\x0a\x02\x02\x01\x0a\xdc\x01\x1e\x07\xd9\x8a\xc6\xac\x96\x9a\xb1\xd5q\x1c\x07h\x88\x06\x88\xe3\x24\xda\x9e\xe1xg\xc7\x3b\xa6f\xcbb??N\xf8\xe8\x10\xc3\xfd\xb1\x86I\xc1\xab\x5d9\xac\xbc\x9a\xe0\xa4\x87\xcctI\xd2\xc82\xaf\xbd\xa2W54\xa2\xce\xe6:\x06\xd6\x13T\x87\xa2\x93\x90\x3b\x94jR\xb0\x8fq\xc9\xe1\xb4\x05\x40\xf9\xdf\xa2\xb21\xb6\xc8\xa0?\x97\xd9\xc1\x2c\x80\xd7Fm\x1c\xc9\x88\xb1\x9cSd\xa3\xff\x5d\x88\x10\x9b\x85R\xf9\x29\x7eD\x84\xeb\xf4\xca\x89\x95\xfbx\x1f\xa5\xef\x29\x23SM\x5f\x8f\x25\xc5\x86\xa5R\xa4\x92\xf5\x01\xabV\x19\xe8\xf7\xc0\x9d\xeb\xacW\x8e\xff\x2d\xd9\x08\x14\x85\xb8\x0fy\xcbuq\x18\xc3\xea\xea\xcb\xd2\x3e\x0bz\x7bR\x2a\xbc\x26\xed\x86:\x1b\xe6\x3b9pja\xbc\xd8\xe5\x02\xbb\x8e\x2b\x8d\xd2\x27\xe8\x954\x25\xae\x26\x8fP \x25v\x9f!\xc3\x0cu\x00\x00</data></match></read>
    <!-- Spoof Test -->
    <write><data>\x01\x00\xcd\xab\x11\x01\x00\x02\x02\x01\x0a\x02\x03\x01\x0a\x03\x01\x13\xf8\x00\xb9\x02\x00\x00</data></write>
    <!-- Echo Request Test -->
    <write><data>\x01\x00\xcd\xab\xeb\x01\x00\x02\x02\x01\x0a\x02\x01\x01\x0a\xdd\x01\x07\x04\xda\xbd\xf6\x8a\x25\xbaK\x18\xfe\xce\xca\xfaP\xd1d\xd3\xe8\xa0\xa9 \xca\xdc\x18\x5f\xea\xe7\xa6\xeaDe\xcd\xe1\xd5\xf4v\xc0\x3bXo\x0a\xbc\x9e\x7c\x22\xd7D\x09j\x82\x0e\x8b\xea\xb6\x8a\x942\xb6\x23\xb3\x12\x97\x1cQ\x7c\xdd\x3d\xb6o\x16G\x0b\xa5g\xc9\x19\xf6\xf0r\xe1\xa4P\xa06\x7fRK\x2b4\x28\x1bW\x7fD\xb4\x97\xc16K\xc4\x98\xfa0\x8aE\xf0\x16\x0e\xd5\xad\xbc\xb0\x15\xc5\xc6\x9b4\xc1\x24\x16\x95\xb8\x60\x18\x2bU\x0b\x8e\x040\xcb\x9d\xe7\x96\xaeB\x7b\xf5\x5b\x25\x24\xe4\xda\xc5\xb9\xea\x9c\x7d\x9bM\xd0\x07\x17\xf7\xb7\xcfh\x3b\x1aG\x12\x19\xd8\xd0\xff\x89\xcf\xe0\x9eo\x88\x87D\xf0\x90\xe8\xcb\x60\xe4y\x01.Qt\x2d2\x95\xb1i\xd7J\xaa\xca\x8dJ\x5c\x8c\x9fAWP\x94a\x2fw6 g\xc3\xaeI\x1aI\xb0\xef\x90\x0c\x83N\x1a\xadp\x00\x00</data></write>
    <read><length>242</length><match><data>\xcd\xab\x01\x00\xeb\x01\x00\x02\x01\x01\x0a\x02\x02\x01\x0a\xdd\x01\x04\x07\xda\xbd\xf6\x8a\x25\xbaK\x18\xfe\xce\xca\xfaP\xd1d\xd3\xe8\xa0\xa9 \xca\xdc\x18\x5f\xea\xe7\xa6\xeaDe\xcd\xe1\xd5\xf4v\xc0\x3bXo\x0a\xbc\x9e\x7c\x22\xd7D\x09j\x82\x0e\x8b\xea\xb6\x8a\x942\xb6\x23\xb3\x12\x97\x1cQ\x7c\xdd\x3d\xb6o\x16G\x0b\xa5g\xc9\x19\xf6\xf0r\xe1\xa4P\xa06\x7fRK\x2b4\x28\x1bW\x7fD\xb4\x97\xc16K\xc4\x98\xfa0\x8aE\xf0\x16\x0e\xd5\xad\xbc\xb0\x15\xc5\xc6\x9b4\xc1\x24\x16\x95\xb8\x60\x18\x2bU\x0b\x8e\x040\xcb\x9d\xe7\x96\xaeB\x7b\xf5\x5b\x25\x24\xe4\xda\xc5\xb9\xea\x9c\x7d\x9bM\xd0\x07\x17\xf7\xb7\xcfh\x3b\x1aG\x12\x19\xd8\xd0\xff\x89\xcf\xe0\x9eo\x88\x87D\xf0\x90\xe8\xcb\x60\xe4y\x01.Qt\x2d2\x95\xb1i\xd7J\xaa\xca\x8dJ\x5c\x8c\x9fAWP\x94a\x2fw6 g\xc3\xaeI\x1aI\xb0\xef\x90\x0c\x83N\x1a\xadp\x00\x00</data></match></read>
    <!-- Pwdgen Request Test -->
    <write><data>\x01\x00\xcd\xab\x11\x01\x00\x02\x02\x01\x0a\x02\x01\x01\x0a\x03\x01\x81\x1d\x00J\x02\x00\x00</data></write>
    <read><length>150</length><match><data>\xcd\xab\x01\x00\x8f\x01\x00\x02\x01\x01\x0a\x02\x02\x01\x0a\x81\x01\x1d\x81\x7eawdbckggjuichwfwfeiv\x0ajhcydfedjahsaldnbmio\x0acgfvghdecnfsilcaagdh\x0aeeaofybrdtglfwjjhgbl\x0acuaqizetcuemdrgtghcd\x0acoafbdfvggeabphqffcs\x0aF5\x00\x00</data></match></read>
    <!-- Invalid Packet\x2fSegment Length Test -->
    <write><data>\x01\x00\xcd\xab\x11\x01\x00\x02\x02\x01\x0a\x02\x03\x01\x0a\x01\x01\x13i\x00\x2a\x02\x00\x00</data></write>
    <!-- Echo Request Test -->
    <write><data>\x01\x00\xcd\xabr\x01\x00\x02\x02\x01\x0a\x02\x01\x01\x0ad\x01\x07\x14a\x09e\x7e\x84\x89\x26\xb3\x0c\x95\xcc\x92\xe2\xeb\x9d\x60\x2c\xf9\x01R\xdd\xd2\xa5rI\x15\x3c\xc8\x5e\xb2\x16\xc5b\x8d\x5d\xc4\xa1\x2a\xa5INS\xf6\xa2\x5f\xbf?F\xce\xcb\xa3\xe3X\xb2\x03\xd8\x06l\x5e\x05\xe4\xe6r0\x9f\x7b\xb9\xe1m\xf2\xd5\xbf\x9b\x01\x82\xc2L\x8e\xf6\xcf\x27I\xbf4Z\xe2\xa4\xf0\xc8i\xa1\x82\xce\xd4\xcf\xe1\x17\x2d\x3d6\x00\x00</data></write>
    <read><length>121</length><match><data>\xcd\xab\x01\x00r\x01\x00\x02\x01\x01\x0a\x02\x02\x01\x0ad\x01\x14\x07a\x09e\x7e\x84\x89\x26\xb3\x0c\x95\xcc\x92\xe2\xeb\x9d\x60\x2c\xf9\x01R\xdd\xd2\xa5rI\x15\x3c\xc8\x5e\xb2\x16\xc5b\x8d\x5d\xc4\xa1\x2a\xa5INS\xf6\xa2\x5f\xbf?F\xce\xcb\xa3\xe3X\xb2\x03\xd8\x06l\x5e\x05\xe4\xe6r0\x9f\x7b\xb9\xe1m\xf2\xd5\xbf\x9b\x01\x82\xc2L\x8e\xf6\xcf\x27I\xbf4Z\xe2\xa4\xf0\xc8i\xa1\x82\xce\xd4\xcf\xe1\x17\x2d\x3d6\x00\x00</data></match></read>
    <!-- Unknown Unicast Test -->
    <write><data>\x01\xb0\xcd\xab\x11\x01\x00\x02\x02\x01\x0a\x02\x03\x01\x0a\x03\x01\x13\x14\x00\x85\x02\x00\x00</data></write>
    <!-- Echo Request Test -->
    <write><data>\x01\x00\xcd\xab\x5d\x01\x00\x02\x02\x01\x0a\x02\x01\x01\x0aO\x01\x07\xedL\x12\x15wK\xae\x7cOD\x0e\x2d\x95o\xc1\xd6cF\xba\xaf\x07\x09J\x5f\x89\x23\xce.\x82\xfd\x9dM\x0a\xdb\x60d\xadl\x88\xc3\x2f\x23r5Q\x25.\xd6\xb2\xc1H\xe5\xc8\x96\x5do\x2bR\x1d\x5c\xee\x7f\x14\xac\x85\x2dr\x85\x28\xac\x28\xee8\x84\x60cqM\x19\x24\x00\x00</data></write>
    <read><length>100</length><match><data>\xcd\xab\x01\x00\x5d\x01\x00\x02\x01\x01\x0a\x02\x02\x01\x0aO\x01\xed\x07L\x12\x15wK\xae\x7cOD\x0e\x2d\x95o\xc1\xd6cF\xba\xaf\x07\x09J\x5f\x89\x23\xce.\x82\xfd\x9dM\x0a\xdb\x60d\xadl\x88\xc3\x2f\x23r5Q\x25.\xd6\xb2\xc1H\xe5\xc8\x96\x5do\x2bR\x1d\x5c\xee\x7f\x14\xac\x85\x2dr\x85\x28\xac\x28\xee8\x84\x60cqM\x19\x24\x00\x00</data></match></read>
    <!-- Pwdgen Request Test -->
    <write><data>\x01\x00\xcd\xab\x11\x01\x00\x02\x02\x01\x0a\x02\x01\x01\x0a\x03\x01\x81\x86\x00\xb3\x02\x00\x00</data></write>
    <read><length>19</length><match><data>\xff\xff\x01\x00\x0c\x02\x00\x02\x01\x01\x0a\x00\x00\x00\x00\x1b\x02\x00\x00</data></match></read>
    <write><data>\x01\x00\xcd\xab\x0c\x03\x00\x02\x01\x01\x0a\xcd\xab\x00\x00\x0e\x03\x00\x00</data></write>
    <read><length>150</length><match><data>\xcd\xab\x01\x00\x8f\x01\x00\x02\x01\x01\x0a\x02\x02\x01\x0a\x81\x01\x86\x81\x7eawdbckggjuichwfwfeiv\x0ajhcydfedjahsaldnbmio\x0acgfvghdecnfsilcaagdh\x0aeeaofybrdtglfwjjhgbl\x0acuaqizetcuemdrgtghcd\x0acoafbdfvggeabphqffcs\x0a\xaf5\x00\x00</data></match></read>
    <!-- Spoof Test -->
    <write><data>\x01\x00\xcd\xab\x11\x01\x00\x02\x02\x01\x0a\x02\x03\x01\x0a\x03\x01\x13\xb1\x00r\x02\x00\x00</data></write>
    <!-- Echo Request Test -->
    <write><data>\x01\x00\xcd\xab\x97\x01\x00\x02\x02\x01\x0a\x02\x01\x01\x0a\x89\x01\x07\x87\x86\xa8\xe6\x97\x1e\xb6\xa6\xd8\xcf\x16\x1f\xd2\xc6\x5dU\xbf\x7b\x7bT\x7f\xbb\x25\x8f\x0b\x9fa\xd7\xa7\x93\xea\xf7\xb4\xef\xa4\xb3\x1d\x10:\xce\x03\x0b\x07\xab\xd3o\xbd8i1\xf6\x8b\x93\x9a\x07E\xb5X\x98\x9aX\xaf\x5bR\xc2\x0b\xc4\x13P\x1d\x82u\xae\xdc\xbb\xb74\xda\xbd\x5cr\x0a\x9e\xda\xeb\xe7\xcf\x11\xa1b\x2a\xde\xf6\xd3C\x25\x15\xf4\xa3K\xfer\xc8d\x28\xe9\xe8\xc1rvQm.\xb2\x1e\x8f\xfe\xbf\x23 \x7d\x15\x12\x10\xe8T8\xf7z4\xb9\xd5\x99\xbb3\xbd\x5eH\x00\x00</data></write>
    <read><length>158</length><match><data>\xcd\xab\x01\x00\x97\x01\x00\x02\x01\x01\x0a\x02\x02\x01\x0a\x89\x01\x87\x07\x86\xa8\xe6\x97\x1e\xb6\xa6\xd8\xcf\x16\x1f\xd2\xc6\x5dU\xbf\x7b\x7bT\x7f\xbb\x25\x8f\x0b\x9fa\xd7\xa7\x93\xea\xf7\xb4\xef\xa4\xb3\x1d\x10:\xce\x03\x0b\x07\xab\xd3o\xbd8i1\xf6\x8b\x93\x9a\x07E\xb5X\x98\x9aX\xaf\x5bR\xc2\x0b\xc4\x13P\x1d\x82u\xae\xdc\xbb\xb74\xda\xbd\x5cr\x0a\x9e\xda\xeb\xe7\xcf\x11\xa1b\x2a\xde\xf6\xd3C\x25\x15\xf4\xa3K\xfer\xc8d\x28\xe9\xe8\xc1rvQm.\xb2\x1e\x8f\xfe\xbf\x23 \x7d\x15\x12\x10\xe8T8\xf7z4\xb9\xd5\x99\xbb3\xbd\x5eH\x00\x00</data></match></read>
    <!-- Chargen Request Test -->
    <write><data>\x01\x00\xcd\xab\x11\x01\x00\x02\x02\x01\x0a\x02\x01\x01\x0a\x03\x01\x13\xf5\x00\xb4\x02\x00\x00</data></write>
    <read><length>131</length><match><data>\xcd\xab\x01\x00\x7c\x01\x00\x02\x01\x01\x0a\x02\x02\x01\x0an\x01\xf5\x13k\xa1\x1e\x15p\x07\xbbL\x7e\x60\x1f\x88\x5c\x04P\xcf\xa6\xb4\x87\x89g\xf7\x29R\xcfW\x60\x3d\x8fc\x9e\x96\xaaa\xc1\x13\xb3.q\x2f\xde\x5b\x7c32R\x03\xe1\xa6\xe2O\xb2\xcd\x00\xdb\xa1\x12\x04v\x13\xefn\x03z05\xdco\xcan\xe1\xd8\x5c\x24\x1a\xc7\xfb\x5es8\xc2\xfb\xc6i\xc4Lz6\x2d\xd5\x3b\xa7Y\x0dx\xab\x13\xb5d\x9bpv\xda\x23cg\xf7\xc0\xbc5\x00\x00</data></match></read>
    <!-- Echo Request Test -->
    <write><data>\x01\x00\xcd\xab\x19\x01\x00\x02\x02\x01\x0a\x02\x01\x01\x0a\x0b\x01\x07\x9b\x08\x8c\x05\x5f\xbc\xa2Jak\xca\x05\x00\x00</data></write>
    <read><length>32</length><match><data>\xcd\xab\x01\x00\x19\x01\x00\x02\x01\x01\x0a\x02\x02\x01\x0a\x0b\x01\x9b\x07\x08\x8c\x05\x5f\xbc\xa2Jak\xca\x05\x00\x00</data></match></read>
    <!-- Pwdgen Request Test -->
    <write><data>\x01\x00\xcd\xab\x11\x01\x00\x02\x02\x01\x0a\x02\x01\x01\x0a\x03\x01\x81\x96\x00\xc3\x02\x00\x00</data></write>
    <read><length>150</length><match><data>\xcd\xab\x01\x00\x8f\x01\x00\x02\x01\x01\x0a\x02\x02\x01\x0a\x81\x01\x96\x81\x7eawdbckggjuichwfwfeiv\x0ajhcydfedjahsaldnbmio\x0acgfvghdecnfsilcaagdh\x0aeeaofybrdtglfwjjhgbl\x0acuaqizetcuemdrgtghcd\x0acoafbdfvggeabphqffcs\x0a\xbf5\x00\x00</data></match></read>
    <!-- Echo Request Test -->
    <write><data>\x01\x00\xcd\xabp\x01\x00\x02\x02\x01\x0a\x02\x01\x01\x0ab\x01\x07\x81\x5f\xda0\x82z0\xc1\xf3\x08\x25\xe2\xd2y\x5b\x60\xef\x97\x85\x8a\xa1\xa2\x16\xf5\x28\xae\x87\xfeP\xefYg\x99\xe0\x0eb\x8d\xb3\xba\x89\xfaA\xc32\x9c\x01\xbb\xd1\x85\x1d\x7c\xd0?\xfa\x2c\x02x7\x240\xd4\x22\x24\x3c\x8a?Q\xf1\xb8\xa8W\x91Ky\x03\x0di!t\xb3\x3d\x22\x09\x99\xe5\xb6\x236\xd7\xd5\xb3\x5d\xffHr\x82\x98\x5c1\x00\x00</data></write>
    <read><length>119</length><match><data>\xcd\xab\x01\x00p\x01\x00\x02\x01\x01\x0a\x02\x02\x01\x0ab\x01\x81\x07\x5f\xda0\x82z0\xc1\xf3\x08\x25\xe2\xd2y\x5b\x60\xef\x97\x85\x8a\xa1\xa2\x16\xf5\x28\xae\x87\xfeP\xefYg\x99\xe0\x0eb\x8d\xb3\xba\x89\xfaA\xc32\x9c\x01\xbb\xd1\x85\x1d\x7c\xd0?\xfa\x2c\x02x7\x240\xd4\x22\x24\x3c\x8a?Q\xf1\xb8\xa8W\x91Ky\x03\x0di!t\xb3\x3d\x22\x09\x99\xe5\xb6\x236\xd7\xd5\xb3\x5d\xffHr\x82\x98\x5c1\x00\x00</data></match></read>
    <!-- Pwdgen Request Test -->
    <write><data>\x01\x00\xcd\xab\x11\x01\x00\x02\x02\x01\x0a\x02\x01\x01\x0a\x03\x01\x81\xa7\x00\xd4\x02\x00\x00</data></write>
    <read><length>150</length><match><data>\xcd\xab\x01\x00\x8f\x01\x00\x02\x01\x01\x0a\x02\x02\x01\x0a\x81\x01\xa7\x81\x7eawdbckggjuichwfwfeiv\x0ajhcydfedjahsaldnbmio\x0acgfvghdecnfsilcaagdh\x0aeeaofybrdtglfwjjhgbl\x0acuaqizetcuemdrgtghcd\x0acoafbdfvggeabphqffcs\x0a\xd05\x00\x00</data></match></read>
    <!-- Pwdgen Request Test -->
    <write><data>\x01\x00\xcd\xab\x11\x01\x00\x02\x02\x01\x0a\x02\x01\x01\x0a\x03\x01\x81\x2d\x00Z\x02\x00\x00</data></write>
    <read><length>19</length><match><data>\xff\xff\x01\x00\x0c\x02\x00\x02\x01\x01\x0a\x00\x00\x00\x00\x1b\x02\x00\x00</data></match></read>
    <write><data>\x01\x00\xcd\xab\x0c\x03\x00\x02\x01\x01\x0a\xcd\xab\x00\x00\x0e\x03\x00\x00</data></write>
    <read><length>150</length><match><data>\xcd\xab\x01\x00\x8f\x01\x00\x02\x01\x01\x0a\x02\x02\x01\x0a\x81\x01\x2d\x81\x7eawdbckggjuichwfwfeiv\x0ajhcydfedjahsaldnbmio\x0acgfvghdecnfsilcaagdh\x0aeeaofybrdtglfwjjhgbl\x0acuaqizetcuemdrgtghcd\x0acoafbdfvggeabphqffcs\x0aV5\x00\x00</data></match></read>
    <!-- Invalid Packet\x2fSegment Length Test -->
    <write><data>\x01\x00\xcd\xab\x11\x01\x00\x02\x02\x01\x0a\x02\x03\x01\x0a\x01\x01\x13\xe5\x00\xa6\x02\x00\x00</data></write>
    <!-- Echo Request Test -->
    <write><data>\x01\x00\xcd\xab\xc7\x01\x00\x02\x02\x01\x0a\x02\x01\x01\x0a\xb9\x01\x07\x0a\xb6\xca\x2b\xaf\xbf\xa7k\xd4\xb6S\xc57SL\xd6s\xe0\xf3\xb8Z\x80:\xdcmc\xe8\xd5\xd1\xbb\xda\xd4\xa5\x28e\xbffRS\xdd\x0fp\x0c\x2aW\xaa\x04.i\xef\x92\xdf\xc2\x3b\x2a\xf7\xd6\xb6\x87\x14\xbd0\x1a\x11\xcd\xbc\xdc\xc7\xe3\x06\x96\xaco\xd0T\x0e\xe1\x83\x99\xabQ\x7c\xc0\x8a\x15\x2d4\xcd\x15\xf9\x92\xd4\xa7CZ\x9f\xa1\x11\x1e\x9a\xb6\x16\xe6\x2d\x18\xd9E\xf6\xf8\x3dW\x1aZ\xf4\x18V\xc8\x7f\xc7\xc4a\xa8\x14R\x92\x5e\x9f\xd0\xb9\xd5R\xa0\xdd\xffi\xf3\xf9\x40\x7f\x3d\xb8:\xca\x84\x7eMQ\x8b\x25\x3d\xbf\x83\x84 \xfa\x9asp\xf3 \x3d\x14M\x9f\xbc\x0c\x06\x9c\x2cm\xbe\xcc\x85\xc1\xee\xb3\xb9\x2d\x3d:f\xb5\x7b\xe7\xf7a\x00\x00</data></write>
    <read><length>206</length><match><data>\xcd\xab\x01\x00\xc7\x01\x00\x02\x01\x01\x0a\x02\x02\x01\x0a\xb9\x01\x0a\x07\xb6\xca\x2b\xaf\xbf\xa7k\xd4\xb6S\xc57SL\xd6s\xe0\xf3\xb8Z\x80:\xdcmc\xe8\xd5\xd1\xbb\xda\xd4\xa5\x28e\xbffRS\xdd\x0fp\x0c\x2aW\xaa\x04.i\xef\x92\xdf\xc2\x3b\x2a\xf7\xd6\xb6\x87\x14\xbd0\x1a\x11\xcd\xbc\xdc\xc7\xe3\x06\x96\xaco\xd0T\x0e\xe1\x83\x99\xabQ\x7c\xc0\x8a\x15\x2d4\xcd\x15\xf9\x92\xd4\xa7CZ\x9f\xa1\x11\x1e\x9a\xb6\x16\xe6\x2d\x18\xd9E\xf6\xf8\x3dW\x1aZ\xf4\x18V\xc8\x7f\xc7\xc4a\xa8\x14R\x92\x5e\x9f\xd0\xb9\xd5R\xa0\xdd\xffi\xf3\xf9\x40\x7f\x3d\xb8:\xca\x84\x7eMQ\x8b\x25\x3d\xbf\x83\x84 \xfa\x9asp\xf3 \x3d\x14M\x9f\xbc\x0c\x06\x9c\x2cm\xbe\xcc\x85\xc1\xee\xb3\xb9\x2d\x3d:f\xb5\x7b\xe7\xf7a\x00\x00</data></match></read>
    <!-- Invalid Packet\x2fSegment Length Test -->
    <write><data>\x01\x00\xcd\xab\x11\x01\x00\x02\x02\x01\x0a\x02\x03\x01\x0a\x03\x01\x13\xfa\x01\xbb\x02\x00\x00</data></write>
    <!-- Echo Request Test -->
    <write><data>\x01\x00\xcd\xab\x2a\x01\x00\x02\x02\x01\x0a\x02\x01\x01\x0a\x1c\x01\x07\x85\x19\xb4\xa5\xfa\x87J\xfe\xb0\x26\xae\xc0\xe0\xbf\x0aD\xafH\xba\xa7g\xf2\xa7\xbc\x9c\xe1\x5f\xc6\x11\x00\x00</data></write>
    <read><length>49</length><match><data>\xcd\xab\x01\x00\x2a\x01\x00\x02\x01\x01\x0a\x02\x02\x01\x0a\x1c\x01\x85\x07\x19\xb4\xa5\xfa\x87J\xfe\xb0\x26\xae\xc0\xe0\xbf\x0aD\xafH\xba\xa7g\xf2\xa7\xbc\x9c\xe1\x5f\xc6\x11\x00\x00</data></match></read>
    <!-- Spoof Test -->
    <write><data>\x01\x00\xcd\xab\x11\x01\x00\x02\x02\x01\x0a\x02\x03\x01\x0a\x03\x01\x13\x8d\x00N\x02\x00\x00</data></write>
    <!-- Echo Request Test -->
    <write><data>\x01\x00\xcd\xab\xb4\x01\x00\x02\x02\x01\x0a\x02\x01\x01\x0a\xa6\x01\x07\x3e\xa3E\xa6\xa5\xa5\xbez\x90\xafT\xce\x0d\x82\x9db\xf9\xcegw\x8b\x13\x93\xa1\x8c\x86g\xd6\x0d\x3bL\xaa4\xbf\x9f\xf9\xb1\xf0\x7f\xaaD\x90\x81\xb3\xea\x28\x82\xd9\x07X\x2c\x17\x99\x01\x1d38\x8fq\xaf\x9d\xdcT\xcf\xfe\xa4\x15\xc5\xf702\x90\xfcK\xfc\xe6\xa2y\x8a\x3dl\xd4\xda0M\x91\xe2\xfeQ\x1b\xaa\x1a\x1a\xbe\xd0\x296.bS\xed\xc5K\x26\xc3\xac\xef\x9a\xc8Ezw\x7d\x17\x8e\xef\x98\xe0d \xd9\x85\xb6\xf7\xae\xff\xbc\x16\xf4M\xf3o\xbc!\x8c\xfce\x8b\x19\xb0\xf8\x8c\x2a\x5d\xfc\xbf\x9flF\xd0\x09\xfc\xc0\xff\x25\xecy \xbb\xd6\x8e\x0cGC\xb2\xd2Z\x00\x00</data></write>
    <read><length>187</length><match><data>\xcd\xab\x01\x00\xb4\x01\x00\x02\x01\x01\x0a\x02\x02\x01\x0a\xa6\x01\x3e\x07\xa3E\xa6\xa5\xa5\xbez\x90\xafT\xce\x0d\x82\x9db\xf9\xcegw\x8b\x13\x93\xa1\x8c\x86g\xd6\x0d\x3bL\xaa4\xbf\x9f\xf9\xb1\xf0\x7f\xaaD\x90\x81\xb3\xea\x28\x82\xd9\x07X\x2c\x17\x99\x01\x1d38\x8fq\xaf\x9d\xdcT\xcf\xfe\xa4\x15\xc5\xf702\x90\xfcK\xfc\xe6\xa2y\x8a\x3dl\xd4\xda0M\x91\xe2\xfeQ\x1b\xaa\x1a\x1a\xbe\xd0\x296.bS\xed\xc5K\x26\xc3\xac\xef\x9a\xc8Ezw\x7d\x17\x8e\xef\x98\xe0d \xd9\x85\xb6\xf7\xae\xff\xbc\x16\xf4M\xf3o\xbc!\x8c\xfce\x8b\x19\xb0\xf8\x8c\x2a\x5d\xfc\xbf\x9flF\xd0\x09\xfc\xc0\xff\x25\xecy \xbb\xd6\x8e\x0cGC\xb2\xd2Z\x00\x00</data></match></read>
    <!-- ResolveL2Adjacency Test -->
    <write><data>\xff\xff\xcd\xab\x0c\x02\x00\x01\x01\x01\x0a\x00\x00\x00\x00\x91\x03\x00\x00</data></write>
    <read><length>19</length><match><data>\xcd\xab\x01\x00\x0c\x03\x00\x01\x01\x01\x0a\x01\x00\x00\x00\x96\x01\x00\x00</data></match></read>
    <!-- ResolveL2Adjacency Test -->
    <write><data>\xff\xff\xcd\xab\x0c\x02\x00\x01\x01\x01\x0a\x00\x00\x00\x00\x91\x03\x00\x00</data></write>
    <read><length>19</length><match><data>\xcd\xab\x01\x00\x0c\x03\x00\x01\x01\x01\x0a\x01\x00\x00\x00\x96\x01\x00\x00</data></match></read>
    <!-- Invalid Packet\x2fSegment Length Test -->
    <write><data>\x01\x00\xcd\xab\x11\x01\x00\x02\x02\x01\x0a\x02\x03\x01\x0a\x03\x01\x13\xe6\x01\xa7\x02\x00\x00</data></write>
    <!-- Echo Request Test -->
    <write><data>\x01\x00\xcd\xab\xdc\x01\x00\x02\x02\x01\x0a\x02\x01\x01\x0a\xce\x01\x07\x93\xcbA\xdb\xcfd\xe7\x8e\xfcFeQ\x0dwR\x87y\x98\xb4\x16\xf8ip\xf8r\xb7\xd4\xc2X\x04\x88\xe7\x01\xe8\x90\xa4\x7d\xd9\xccP\x0a\xd5\x0d4C\x95\xe5\x0c\x27\xab\xb8\x1a\xe9\xbc\x86\x40\xdc\x60\xb4\x7bd\xbf\x1d\xc8\xd9\x9fj\x01\x1e\xc2\xbbY6b\x07Lw\x09p\x27\x7c\x03\xf0y\xdd\x7e\x2c\x8cT\xf3\xc5h\x8d\xb2G\xf0\xd1\x8eof\x19z\x93\x5e\x60\x8aIm\x80\xa4\x94\xd5\xd6\xfd\x85\xfa\x8c\x04\x0dR\x3e3N\x96\xcd\x18\x1d\xf0i\x1cO\xee\x94\xecOIb\xc8\x7d\x17\x1c\x8e\x5e\xfe\x15\x0f\xe8\xe2\x08\x8c\xeb\x0a\xf9\x24\xf0\xd5:\x92A\xbe\xa6\xd82\x89?!\x0a \xe8\x13\xe8\xf7\xc9\x07\xa8\x1f\x2bp\xe2o\x07s\xf5\xb3\xab\x0a\xf0\x9e\x7f\x9f\x99\xdeS\xcat\x1f\x3c\xeeI\xf2\x165\xda\xd1\xd5\xcfi\x00\x00</data></write>
    <read><length>227</length><match><data>\xcd\xab\x01\x00\xdc\x01\x00\x02\x01\x01\x0a\x02\x02\x01\x0a\xce\x01\x93\x07\xcbA\xdb\xcfd\xe7\x8e\xfcFeQ\x0dwR\x87y\x98\xb4\x16\xf8ip\xf8r\xb7\xd4\xc2X\x04\x88\xe7\x01\xe8\x90\xa4\x7d\xd9\xccP\x0a\xd5\x0d4C\x95\xe5\x0c\x27\xab\xb8\x1a\xe9\xbc\x86\x40\xdc\x60\xb4\x7bd\xbf\x1d\xc8\xd9\x9fj\x01\x1e\xc2\xbbY6b\x07Lw\x09p\x27\x7c\x03\xf0y\xdd\x7e\x2c\x8cT\xf3\xc5h\x8d\xb2G\xf0\xd1\x8eof\x19z\x93\x5e\x60\x8aIm\x80\xa4\x94\xd5\xd6\xfd\x85\xfa\x8c\x04\x0dR\x3e3N\x96\xcd\x18\x1d\xf0i\x1cO\xee\x94\xecOIb\xc8\x7d\x17\x1c\x8e\x5e\xfe\x15\x0f\xe8\xe2\x08\x8c\xeb\x0a\xf9\x24\xf0\xd5:\x92A\xbe\xa6\xd82\x89?!\x0a \xe8\x13\xe8\xf7\xc9\x07\xa8\x1f\x2bp\xe2o\x07s\xf5\xb3\xab\x0a\xf0\x9e\x7f\x9f\x99\xdeS\xcat\x1f\x3c\xeeI\xf2\x165\xda\xd1\xd5\xcfi\x00\x00</data></match></read>
    <!-- Spoof Test -->
    <write><data>\x01\x00\xcd\xab\x11\x01\x00\x02\x02\x01\x0a\x02\x03\x01\x0a\x03\x01\x13\x27\x00\xe8\x01\x00\x00</data></write>
    <!-- Echo Request Test -->
    <write><data>\x01\x00\xcd\xab\x2c\x01\x00\x02\x02\x01\x0a\x02\x01\x01\x0a\x1e\x01\x07\xa7\x1bi1E\xd9\x2cd\x8f\xb5J\xa5\xb0\x8d\xdd\xa7\x17W\x01\xcb\xe3\xf9\x1a\x7d\x091\x848\x9c\x26\x0f\x00\x00</data></write>
    <read><length>51</length><match><data>\xcd\xab\x01\x00\x2c\x01\x00\x02\x01\x01\x0a\x02\x02\x01\x0a\x1e\x01\xa7\x07\x1bi1E\xd9\x2cd\x8f\xb5J\xa5\xb0\x8d\xdd\xa7\x17W\x01\xcb\xe3\xf9\x1a\x7d\x091\x848\x9c\x26\x0f\x00\x00</data></match></read>
    <!-- Echo Request Test -->
    <write><data>\x01\x00\xcd\xab\xde\x01\x00\x02\x02\x01\x0a\x02\x01\x01\x0a\xd0\x01\x07\x40\xcd\x28A\xcaGk\xe8\x3dJFb \x16\xaf\x0d\x15\xdd\x983\x18f\xd7\x10\xban\x8bao\x0b\x7d\xcb\x3b\xb0W\x12\x3b\xabcm\xe8\xc3\xe7\x05f\x96\xac\xddh\x84L\xb2B\xe8\xd5\xe7\x0fW3\x9a\xd7r\x03\xa6\x99!\xff\x85\x96\x25\xdd\x17\x8e.\x84\xca\xbfx\x9e\x141\x257\x11d8\x93n\x1c\x22zB\xe1\xff\x86\xe7B\xcd\xdcu\xad\x8c\xf1\x94\xd7\x2cI\xc2\x1b\xfbMyMc\x1dMuO\x9c\xcd\x12\x7e\x84\xfd\xdd\xfa\xe8\xe2\xfe\xde\xd7f\x9fy\x8d\x8c\xcaQ\xd6\x1b\xb5\xa20\x8bB\x10\x2c\x1d\x92\xeb\xb3\x1f\x1f\xf75\x2a\xf3\xb3\x1e2\x14\x24\x3c\xcc\xad\xe2\x29\xe6r\x3dy\x92\xa2\x05\x23\xbc\x82\xf8W\x95\x9bA\x2b\x19\xc4l\xd8\xbe\xac\xf5\x8f\xdb\xf2q\xab\x9bl\xba\xe8\xa1N8\x7d\xa0\x11\x913\xc0h\x00\x00</data></write>
    <read><length>229</length><match><data>\xcd\xab\x01\x00\xde\x01\x00\x02\x01\x01\x0a\x02\x02\x01\x0a\xd0\x01\x40\x07\xcd\x28A\xcaGk\xe8\x3dJFb \x16\xaf\x0d\x15\xdd\x983\x18f\xd7\x10\xban\x8bao\x0b\x7d\xcb\x3b\xb0W\x12\x3b\xabcm\xe8\xc3\xe7\x05f\x96\xac\xddh\x84L\xb2B\xe8\xd5\xe7\x0fW3\x9a\xd7r\x03\xa6\x99!\xff\x85\x96\x25\xdd\x17\x8e.\x84\xca\xbfx\x9e\x141\x257\x11d8\x93n\x1c\x22zB\xe1\xff\x86\xe7B\xcd\xdcu\xad\x8c\xf1\x94\xd7\x2cI\xc2\x1b\xfbMyMc\x1dMuO\x9c\xcd\x12\x7e\x84\xfd\xdd\xfa\xe8\xe2\xfe\xde\xd7f\x9fy\x8d\x8c\xcaQ\xd6\x1b\xb5\xa20\x8bB\x10\x2c\x1d\x92\xeb\xb3\x1f\x1f\xf75\x2a\xf3\xb3\x1e2\x14\x24\x3c\xcc\xad\xe2\x29\xe6r\x3dy\x92\xa2\x05\x23\xbc\x82\xf8W\x95\x9bA\x2b\x19\xc4l\xd8\xbe\xac\xf5\x8f\xdb\xf2q\xab\x9bl\xba\xe8\xa1N8\x7d\xa0\x11\x913\xc0h\x00\x00</data></match></read>
    <!-- ResolveL2Adjacency Test -->
    <write><data>\xff\xff\xcd\xab\x0c\x02\x00\x01\x01\x01\x0a\x00\x00\x00\x00\x91\x03\x00\x00</data></write>
    <read><length>19</length><match><data>\xcd\xab\x01\x00\x0c\x03\x00\x01\x01\x01\x0a\x01\x00\x00\x00\x96\x01\x00\x00</data></match></read>
    <!-- Pwdgen Request Test -->
    <write><data>\x01\x00\xcd\xab\x11\x01\x00\x02\x02\x01\x0a\x02\x01\x01\x0a\x03\x01\x81\xe4\x00\x11\x03\x00\x00</data></write>
    <read><length>19</length><match><data>\xff\xff\x01\x00\x0c\x02\x00\x02\x01\x01\x0a\x00\x00\x00\x00\x1b\x02\x00\x00</data></match></read>
    <write><data>\x01\x00\xcd\xab\x0c\x03\x00\x02\x01\x01\x0a\xcd\xab\x00\x00\x0e\x03\x00\x00</data></write>
    <read><length>150</length><match><data>\xcd\xab\x01\x00\x8f\x01\x00\x02\x01\x01\x0a\x02\x02\x01\x0a\x81\x01\xe4\x81\x7eawdbckggjuichwfwfeiv\x0ajhcydfedjahsaldnbmio\x0acgfvghdecnfsilcaagdh\x0aeeaofybrdtglfwjjhgbl\x0acuaqizetcuemdrgtghcd\x0acoafbdfvggeabphqffcs\x0a\x0d6\x00\x00</data></match></read>
    <!-- Spoof Test -->
    <write><data>\x01\x00\xcd\xab\x11\x01\x00\x02\x02\x01\x0a\x02\x03\x01\x0a\x03\x01\x13x\x009\x02\x00\x00</data></write>
    <!-- Echo Request Test -->
    <write><data>\x01\x00\xcd\xaby\x01\x00\x02\x02\x01\x0a\x02\x01\x01\x0ak\x01\x07lh\x40g\xd8\xdb\x01\xcf\xee\x0a\xd9\x40\x5f\xf8\xf9\x5c\x03u\x9c?\x5dF\x80\xbb\xfb\x05\xfe\xbc\x03Q\xb2\xbc\x90\xa4\xb2G\xfb\xa6\xd6\xfd\xcc\x8c\x1a\xf1E\x91\x23\xca9\xbel\xddX\x88\x05\xc6\xec\xabM\x5bx\xe8G\xdd\xb3\xb8\x07\x2c\x7c\x05Y\x22\x88O\x5d3\xfaG1w?\xdfi\x10\xc8\x80i\x17\xab\xb9\xa4\xfc\xb1\x5e\x1eQ\xf8\xa3v\xbf\xa6j\xa1\xab\xec0s9\x00\x00</data></write>
    <read><length>128</length><match><data>\xcd\xab\x01\x00y\x01\x00\x02\x01\x01\x0a\x02\x02\x01\x0ak\x01l\x07h\x40g\xd8\xdb\x01\xcf\xee\x0a\xd9\x40\x5f\xf8\xf9\x5c\x03u\x9c?\x5dF\x80\xbb\xfb\x05\xfe\xbc\x03Q\xb2\xbc\x90\xa4\xb2G\xfb\xa6\xd6\xfd\xcc\x8c\x1a\xf1E\x91\x23\xca9\xbel\xddX\x88\x05\xc6\xec\xabM\x5bx\xe8G\xdd\xb3\xb8\x07\x2c\x7c\x05Y\x22\x88O\x5d3\xfaG1w?\xdfi\x10\xc8\x80i\x17\xab\xb9\xa4\xfc\xb1\x5e\x1eQ\xf8\xa3v\xbf\xa6j\xa1\xab\xec0s9\x00\x00</data></match></read>
    <!-- Echo Request Test -->
    <write><data>\x01\x00\xcd\xab\x24\x01\x00\x02\x02\x01\x0a\x02\x01\x01\x0a\x16\x01\x07v\x13\x2b\xd1\x0bW\x9d7n\x5b\x84\xa41F\x8f\x93\x0c\x195\xba\x0fA\x09\x00\x00</data></write>
    <read><length>43</length><match><data>\xcd\xab\x01\x00\x24\x01\x00\x02\x01\x01\x0a\x02\x02\x01\x0a\x16\x01v\x07\x13\x2b\xd1\x0bW\x9d7n\x5b\x84\xa41F\x8f\x93\x0c\x195\xba\x0fA\x09\x00\x00</data></match></read>
    <!-- Spoof Test -->
    <write><data>\x01\x00\xcd\xab\x11\x01\x00\x02\x02\x01\x0a\x02\x03\x01\x0a\x03\x01\x13\xad\x00n\x02\x00\x00</data></write>
    <!-- Echo Request Test -->
    <write><data>\x01\x00\xcd\xab\xc0\x01\x00\x02\x02\x01\x0a\x02\x01\x01\x0a\xb2\x01\x07\xf4\xaf\xb32\x9f7\x97\x13\x9d\xca\xaf\x83\x08L\xf0R\x9a\xf1J\xccf\x17\xad1\x60\xfe\xa1\x23A\xb3\x81\x2c\xbf\x91u\x2a\x7fA\xee\x16\x60\x25\xbc\xc7\x9d\x29T\xdd\x89\xaa\xe5OO\xb4\xde\x99\x5dKe\xa8Y\x8e\x24\xddqE\xfe\xf1\x7c\x89T\x96\xc6\xa0\x0c\x27y\xc9\x2c\x07\x88V\xbd\xd4\xff\x02\x3c3\x5c\xec\xb6\xd2\xe2 \xbc7\x063\x95\xf6\xe6PJX\x98\x92\x3dn\xbf\x08\xe5\xf6\x0af7\x5d\x86\x9e\xf4\xf9\x3b\x26\x11\xdb\xcd\xa6\xb1\xdd\x88\x8bm\x07\xa4\xe9\xfe\x89G y\xcd\xd5\xc7\x18\x1a\xacZ\xe5v\xb2\x9fV\xf86L\xf7G\xc4\x28Qi\xfdV\xfc\x81\x0c\x12C\x24\xe7\xf1\xf5\x7fB\x84\xab\x7e\xc9\xc8\x5d\x00\x00</data></write>
    <read><length>199</length><match><data>\xcd\xab\x01\x00\xc0\x01\x00\x02\x01\x01\x0a\x02\x02\x01\x0a\xb2\x01\xf4\x07\xaf\xb32\x9f7\x97\x13\x9d\xca\xaf\x83\x08L\xf0R\x9a\xf1J\xccf\x17\xad1\x60\xfe\xa1\x23A\xb3\x81\x2c\xbf\x91u\x2a\x7fA\xee\x16\x60\x25\xbc\xc7\x9d\x29T\xdd\x89\xaa\xe5OO\xb4\xde\x99\x5dKe\xa8Y\x8e\x24\xddqE\xfe\xf1\x7c\x89T\x96\xc6\xa0\x0c\x27y\xc9\x2c\x07\x88V\xbd\xd4\xff\x02\x3c3\x5c\xec\xb6\xd2\xe2 \xbc7\x063\x95\xf6\xe6PJX\x98\x92\x3dn\xbf\x08\xe5\xf6\x0af7\x5d\x86\x9e\xf4\xf9\x3b\x26\x11\xdb\xcd\xa6\xb1\xdd\x88\x8bm\x07\xa4\xe9\xfe\x89G y\xcd\xd5\xc7\x18\x1a\xacZ\xe5v\xb2\x9fV\xf86L\xf7G\xc4\x28Qi\xfdV\xfc\x81\x0c\x12C\x24\xe7\xf1\xf5\x7fB\x84\xab\x7e\xc9\xc8\x5d\x00\x00</data></match></read>
    <!-- Chargen Request Test -->
    <write><data>\x01\x00\xcd\xab\x11\x01\x00\x02\x02\x01\x0a\x02\x01\x01\x0a\x03\x01\x131\x00\xf0\x01\x00\x00</data></write>
    <read><length>41</length><match><data>\xcd\xab\x01\x00\x22\x01\x00\x02\x01\x01\x0a\x02\x02\x01\x0a\x14\x011\x13\x11\x0c\xd7\xaa\xc3\xa1B\xe1\x8b\xa8c\xff5I\xe8\xc4\x3cQ\x83\x0b\x00\x00</data></match></read>
    <!-- ResolveL2Adjacency Test -->
    <write><data>\xff\xff\xcd\xab\x0c\x02\x00\x01\x01\x01\x0a\x00\x00\x00\x00\x91\x03\x00\x00</data></write>
    <read><length>19</length><match><data>\xcd\xab\x01\x00\x0c\x03\x00\x01\x01\x01\x0a\x01\x00\x00\x00\x96\x01\x00\x00</data></match></read>
    <!-- Spoof Test -->
    <write><data>\x01\x00\xcd\xab\x11\x01\x00\x02\x02\x01\x0a\x02\x03\x01\x0a\x03\x01\x13V\x00\x17\x02\x00\x00</data></write>
    <!-- Echo Request Test -->
    <write><data>\x01\x00\xcd\xabt\x01\x00\x02\x02\x01\x0a\x02\x01\x01\x0af\x01\x07\xa9c\xd6l\x7c\x82\xafB\xba\xb8te\x29\x88\xd1\x06\x93\x17\xdb\xe8\x1fy\x11\x84\xc06g\x24\xc2\xb6s\xe4h\xf9\x60\x9c\x1e\x25F\xfe\x16\x13\x89t\x95l\xeb\xa0v\xfft.\xa9\x84\x19\xcc \xb5\xe1\xaf\xf08\x0d\xe3A\x9b\x83I\x84\x5c\x0f\xbc\xf8n\x11\xa7\x0c\x0b\x5d\xc2k\x2bH\x8b\xac\x1fC\xa5\xb6\x28\x22\x5d\x7f\x5d\x12\xb5\x88\x1b8Ww\x1b1\x00\x00</data></write>
    <read><length>123</length><match><data>\xcd\xab\x01\x00t\x01\x00\x02\x01\x01\x0a\x02\x02\x01\x0af\x01\xa9\x07c\xd6l\x7c\x82\xafB\xba\xb8te\x29\x88\xd1\x06\x93\x17\xdb\xe8\x1fy\x11\x84\xc06g\x24\xc2\xb6s\xe4h\xf9\x60\x9c\x1e\x25F\xfe\x16\x13\x89t\x95l\xeb\xa0v\xfft.\xa9\x84\x19\xcc \xb5\xe1\xaf\xf08\x0d\xe3A\x9b\x83I\x84\x5c\x0f\xbc\xf8n\x11\xa7\x0c\x0b\x5d\xc2k\x2bH\x8b\xac\x1fC\xa5\xb6\x28\x22\x5d\x7f\x5d\x12\xb5\x88\x1b8Ww\x1b1\x00\x00</data></match></read>
    <!-- Invalid Packet\x2fSegment Length Test -->
    <write><data>\x01\x00\xcd\xab\x11\x01\x00\x02\x02\x01\x0a\x02\x03\x01\x0a\x03\x01\x13b\x01\x23\x02\x00\x00</data></write>
    <!-- Echo Request Test -->
    <write><data>\x01\x00\xcd\xab.\x01\x00\x02\x02\x01\x0a\x02\x01\x01\x0a \x01\x07\x07\x1d\x2c\x2c\x069\xb8\x17\x27\xed\x08\x90J\xc3\xec\x5f\x8e\xbeoF\xe1\xbdj\xe6\x90\xaf\xd3\xd1\x11\x82\xd3\xb3\x10\x00\x00</data></write>
    <read><length>53</length><match><data>\xcd\xab\x01\x00.\x01\x00\x02\x01\x01\x0a\x02\x02\x01\x0a \x01\x07\x07\x1d\x2c\x2c\x069\xb8\x17\x27\xed\x08\x90J\xc3\xec\x5f\x8e\xbeoF\xe1\xbdj\xe6\x90\xaf\xd3\xd1\x11\x82\xd3\xb3\x10\x00\x00</data></match></read>
    <!-- Spoof Test -->
    <write><data>\x01\x00\xcd\xab\x11\x01\x00\x02\x02\x01\x0a\x02\x03\x01\x0a\x03\x01\x13\x8b\x00L\x02\x00\x00</data></write>
    <!-- Echo Request Test -->
    <write><data>\x01\x00\xcd\xab\x29\x01\x00\x02\x02\x01\x0a\x02\x01\x01\x0a\x1b\x01\x07\xdc\x18\x2f\x15\xcb\x06\xb2\x9e\x8a\xf9\xb4Qw5u\xb5\xf0I\x90\xf7\x94!\xades\xafC\x0f\x00\x00</data></write>
    <read><length>19</length><match><data>\xff\xff\x01\x00\x0c\x02\x00\x02\x01\x01\x0a\x00\x00\x00\x00\x1b\x02\x00\x00</data></match></read>
    <write><data>\x01\x00\xcd\xab\x0c\x03\x00\x02\x01\x01\x0a\xcd\xab\x00\x00\x0e\x03\x00\x00</data></write>
    <read><length>48</length><match><data>\xcd\xab\x01\x00\x29\x01\x00\x02\x01\x01\x0a\x02\x02\x01\x0a\x1b\x01\xdc\x07\x18\x2f\x15\xcb\x06\xb2\x9e\x8a\xf9\xb4Qw5u\xb5\xf0I\x90\xf7\x94!\xades\xafC\x0f\x00\x00</data></match></read>
    <!-- Unknown Unicast Test -->
    <write><data>\x02\xb0\xcd\xab\x11\x01\x00\x02\x02\x01\x0a\x02\x03\x01\x0a\x03\x01\x13\xc2\x004\x03\x00\x00</data></write>
    <!-- Echo Request Test -->
    <write><data>\x01\x00\xcd\xab\xd6\x01\x00\x02\x02\x01\x0a\x02\x01\x01\x0a\xc8\x01\x07\x7e\xc5\x8b\xc0\xfd\x8da\x96\x0f5\xf5:\x04UC\x13\xb9:8\x0c\xcc\x0fR\xa4\xb3\x3e\x2d\xbcx\x85\x1d\x8e\x90\xc3\xa9\x9c\x0a\xc7\xd9\x1d0\xf7\xe8\x0b\x2c\xdc\xae\x9b\xba\xcf\x2a\xd7lN\xf4\x2a\xe5\xa1\xfb\xce\xabyI\xc2\x60\xbe\x84\xf3?\xe7\xce\xa4\xdd\x29\xfa\x7d\xfa\xe5\x92uq\xe9TM\xa1\xc1\xba\xecWF\xa9\xbeb\xbf9\x26\x7d\x7e\x1b\xf2q\xaf\xdd\xc6\xdb\xa2e\x96\xe6\xad\xf6\xa3X\x7e\x24K\xf4\x2d\x03!\xaf\x06\x86?Z\xa7ZER\x12\x13\xc9f\xa88\x3d\xe7\x08\xb1r\x88\x90\xbb\xc4\x2a\xe6\x08e\xe6\x1c\xcb\xbb\xc0\xc1\x2cu\xc5\xcc\x8a\xa3yi\xea\x27\x10w\x1c\x90M\xbe\xe1\xef\x9c\x9e\x60\x1f\x9e\xcf\xde\xd2\xa4\xe6P\xc8\xb0\xc5\xa9\x89\xe6F\x12\x13\xd3jO\x40\xfc\xd5\xa7\xd2l\x00\x00</data></write>
    <read><length>221</length><match><data>\xcd\xab\x01\x00\xd6\x01\x00\x02\x01\x01\x0a\x02\x02\x01\x0a\xc8\x01\x7e\x07\xc5\x8b\xc0\xfd\x8da\x96\x0f5\xf5:\x04UC\x13\xb9:8\x0c\xcc\x0fR\xa4\xb3\x3e\x2d\xbcx\x85\x1d\x8e\x90\xc3\xa9\x9c\x0a\xc7\xd9\x1d0\xf7\xe8\x0b\x2c\xdc\xae\x9b\xba\xcf\x2a\xd7lN\xf4\x2a\xe5\xa1\xfb\xce\xabyI\xc2\x60\xbe\x84\xf3?\xe7\xce\xa4\xdd\x29\xfa\x7d\xfa\xe5\x92uq\xe9TM\xa1\xc1\xba\xecWF\xa9\xbeb\xbf9\x26\x7d\x7e\x1b\xf2q\xaf\xdd\xc6\xdb\xa2e\x96\xe6\xad\xf6\xa3X\x7e\x24K\xf4\x2d\x03!\xaf\x06\x86?Z\xa7ZER\x12\x13\xc9f\xa88\x3d\xe7\x08\xb1r\x88\x90\xbb\xc4\x2a\xe6\x08e\xe6\x1c\xcb\xbb\xc0\xc1\x2cu\xc5\xcc\x8a\xa3yi\xea\x27\x10w\x1c\x90M\xbe\xe1\xef\x9c\x9e\x60\x1f\x9e\xcf\xde\xd2\xa4\xe6P\xc8\xb0\xc5\xa9\x89\xe6F\x12\x13\xd3jO\x40\xfc\xd5\xa7\xd2l\x00\x00</data></match></read>
    <!-- Wrong NxtHdr Test -->
    <write><data>\x01\x00\xcd\xab\x11I\x00\x02\x02\x01\x0a\x02\x01\x01\x0a\x03\x01\x07\x8b\x00\x3e\x02\x00\x00</data></write>
    <!-- Echo Request Test -->
    <write><data>\x01\x00\xcd\xab\xa4\x01\x00\x02\x02\x01\x0a\x02\x01\x01\x0a\x96\x01\x07Y\x93\x1b\x87\x86F\xbbpJG\xffX\x07\x28\x26\xf7\x0d\xf9\xe7Q\x3c\x8c\xaf\xfc\xd7\xeb\xdeF\x8e\x0f\xa3\xa9\x9a\xfb\x3e\xcd\xa5\x2c\x08\x2b\x89at\x13\x80\xf6\x2b\xc7P\x16\x99\xa8\x29\x06\xf5\xa7\xda\xf8\x2d\xe9\x0f\x14U\x29BoZuI\x3d\x9fSA\x87T\x9b\xeb\xe4\x85\xfe\xd7\x01q\xcc\x89\xfd\x82s\x14\x3b\xfc\xee\xa0\x1e\xc4f\xf7\x97c\x95\xfe\xd3\x5dB\x5b\xef\x91\x909z\xf5\xbf\x01\x3d\x94\x96a1o\x84\xddN\xff\x80\xe7\xa9Aw\x29\xc3\x28\x02\x89\x60\x3b\xd5\x0d\xb6\x86\xc9\xd0J\xb2yof\x8b\xc2\xc94N\x00\x00</data></write>
    <read><length>171</length><match><data>\xcd\xab\x01\x00\xa4\x01\x00\x02\x01\x01\x0a\x02\x02\x01\x0a\x96\x01Y\x07\x93\x1b\x87\x86F\xbbpJG\xffX\x07\x28\x26\xf7\x0d\xf9\xe7Q\x3c\x8c\xaf\xfc\xd7\xeb\xdeF\x8e\x0f\xa3\xa9\x9a\xfb\x3e\xcd\xa5\x2c\x08\x2b\x89at\x13\x80\xf6\x2b\xc7P\x16\x99\xa8\x29\x06\xf5\xa7\xda\xf8\x2d\xe9\x0f\x14U\x29BoZuI\x3d\x9fSA\x87T\x9b\xeb\xe4\x85\xfe\xd7\x01q\xcc\x89\xfd\x82s\x14\x3b\xfc\xee\xa0\x1e\xc4f\xf7\x97c\x95\xfe\xd3\x5dB\x5b\xef\x91\x909z\xf5\xbf\x01\x3d\x94\x96a1o\x84\xddN\xff\x80\xe7\xa9Aw\x29\xc3\x28\x02\x89\x60\x3b\xd5\x0d\xb6\x86\xc9\xd0J\xb2yof\x8b\xc2\xc94N\x00\x00</data></match></read>
    <!-- Invalid Packet\x2fSegment Length Test -->
    <write><data>\x01\x00\xcd\xab\x11\x01\x00\x02\x02\x01\x0a\x02\x03\x01\x0a\x03\x01\x13V\x01\x17\x02\x00\x00</data></write>
    <!-- Echo Request Test -->
    <write><data>\x01\x00\xcd\xab\xa2\x01\x00\x02\x02\x01\x0a\x02\x01\x01\x0a\x94\x01\x07S\x91\x2c\x8c0\xba\xdc\xbd8\x2d\xf3\xf3\x86\x8e\x02\xa3\x8e\xb7\xfb\x12!\xa7\x26\x23\xa8\x2f\x7cmz\xdc\x85\x05\xe1\xd9\x89m\xec\xaf\xd0\xee\xb1c\x84\xcb\x84\x60\xe2\xf4C\x98\x163\xfa\x12\xc9\xb4\x05\xbf?\xb4Y\x9f\x84\x91\x0f\x81\xc7\x92\x80\xee\xbd\xce\x5c\xd1s\xf8\x3b\xb1\x91\x0cfD\x80\x40\x02?\x2d\xe9\x2f\x1b\x0b\xe5xHj\xfa\xfc H\x96\xec6o\x18\xd7\x1c\x1d\x7e\x01f9\xdb\xe3.\x09\xef\xb9\xb7\xd0i\x12t\xf7?\xff\xfe\x82\xfd\x5f\x12\xc0\xccl\xd4\x81\xd9\xe9\xba\x9a\xab\xf2\xd8\xfc\xba\x04\x5e\xb9dP\x00\x00</data></write>
    <read><length>169</length><match><data>\xcd\xab\x01\x00\xa2\x01\x00\x02\x01\x01\x0a\x02\x02\x01\x0a\x94\x01S\x07\x91\x2c\x8c0\xba\xdc\xbd8\x2d\xf3\xf3\x86\x8e\x02\xa3\x8e\xb7\xfb\x12!\xa7\x26\x23\xa8\x2f\x7cmz\xdc\x85\x05\xe1\xd9\x89m\xec\xaf\xd0\xee\xb1c\x84\xcb\x84\x60\xe2\xf4C\x98\x163\xfa\x12\xc9\xb4\x05\xbf?\xb4Y\x9f\x84\x91\x0f\x81\xc7\x92\x80\xee\xbd\xce\x5c\xd1s\xf8\x3b\xb1\x91\x0cfD\x80\x40\x02?\x2d\xe9\x2f\x1b\x0b\xe5xHj\xfa\xfc H\x96\xec6o\x18\xd7\x1c\x1d\x7e\x01f9\xdb\xe3.\x09\xef\xb9\xb7\xd0i\x12t\xf7?\xff\xfe\x82\xfd\x5f\x12\xc0\xccl\xd4\x81\xd9\xe9\xba\x9a\xab\xf2\xd8\xfc\xba\x04\x5e\xb9dP\x00\x00</data></match></read>
    <!-- Spoof Test -->
    <write><data>\x01\x00\xcd\xab\x11\x01\x00\x02\x02\x01\x0a\x02\x03\x01\x0a\x03\x01\x13\x96\x00W\x02\x00\x00</data></write>
    <!-- Echo Request Test -->
    <write><data>\x01\x00\xcd\xabv\x01\x00\x02\x02\x01\x0a\x02\x01\x01\x0ah\x01\x07key\xa8\x2c\xcb\xe9\xd1\xcf\xbf7\x04\xb8\xd7\xc1\xdf\x1ct\x0cQ.9\x93\xea\xc1\xa8E\x0b\xd7\x07\xbah\x0f\xa5\x02\xe43\xb9\xb2\x11u\x17\xbekW\x8b\xd1\xd9\x9dz\xa0\x8b\xec\x27\xc4\x8e\xfc\xa4\xde\xb4\x06N\x047\xcb\x9b\xd9\x22\xf3Q\xd0wE\x2c\xb4\x22x0\xbfJ\xa2\xca\x08ij\xa2\xd0\x18\xa6o\xac\xef\xee\xa5Zk\xceC\x91\xc6\xc2\x0c\x0f\x956\x00\x00</data></write>
    <read><length>125</length><match><data>\xcd\xab\x01\x00v\x01\x00\x02\x01\x01\x0a\x02\x02\x01\x0ah\x01k\x07ey\xa8\x2c\xcb\xe9\xd1\xcf\xbf7\x04\xb8\xd7\xc1\xdf\x1ct\x0cQ.9\x93\xea\xc1\xa8E\x0b\xd7\x07\xbah\x0f\xa5\x02\xe43\xb9\xb2\x11u\x17\xbekW\x8b\xd1\xd9\x9dz\xa0\x8b\xec\x27\xc4\x8e\xfc\xa4\xde\xb4\x06N\x047\xcb\x9b\xd9\x22\xf3Q\xd0wE\x2c\xb4\x22x0\xbfJ\xa2\xca\x08ij\xa2\xd0\x18\xa6o\xac\xef\xee\xa5Zk\xceC\x91\xc6\xc2\x0c\x0f\x956\x00\x00</data></match></read>
    <!-- Pwdgen Request Test -->
    <write><data>\x01\x00\xcd\xab\x11\x01\x00\x02\x02\x01\x0a\x02\x01\x01\x0a\x03\x01\x81\x2d\x00Z\x02\x00\x00</data></write>
    <read><length>150</length><match><data>\xcd\xab\x01\x00\x8f\x01\x00\x02\x01\x01\x0a\x02\x02\x01\x0a\x81\x01\x2d\x81\x7eawdbckggjuichwfwfeiv\x0ajhcydfedjahsaldnbmio\x0acgfvghdecnfsilcaagdh\x0aeeaofybrdtglfwjjhgbl\x0acuaqizetcuemdrgtghcd\x0acoafbdfvggeabphqffcs\x0aV5\x00\x00</data></match></read>
    <!-- Unknown Unicast Test -->
    <write><data>\x03\xb0\xcd\xab\x11\x01\x00\x02\x02\x01\x0a\x02\x03\x01\x0a\x03\x01\x13\xc7\x00:\x03\x00\x00</data></write>
    <!-- Echo Request Test -->
    <write><data>\x01\x00\xcd\xabA\x01\x00\x02\x02\x01\x0a\x02\x01\x01\x0a3\x01\x07\x150\xdd\x09l\x7dPn\xbeZ\xbd\x24\x97\xc8\x5c\x05u\x29\xae\x07\xbb\x940\xac\x86\x91\x91\x95\x14\x23\x98\xc1\x1c\xbf\xf7\xb3\x08\x9d.\x2c:\x5c\xf0\xab\x98\x9f\x8f1\xae\x27j\x18\x00\x00</data></write>
    <read><length>72</length><match><data>\xcd\xab\x01\x00A\x01\x00\x02\x01\x01\x0a\x02\x02\x01\x0a3\x01\x15\x070\xdd\x09l\x7dPn\xbeZ\xbd\x24\x97\xc8\x5c\x05u\x29\xae\x07\xbb\x940\xac\x86\x91\x91\x95\x14\x23\x98\xc1\x1c\xbf\xf7\xb3\x08\x9d.\x2c:\x5c\xf0\xab\x98\x9f\x8f1\xae\x27j\x18\x00\x00</data></match></read>
    <!-- Wrong NxtHdr Test -->
    <write><data>\x01\x00\xcd\xab\x11\x01\x00\x02\x02\x01\x0a\x02\x01\x01\x0a\x03\x14\x07\x14\x00\xc7\x01\x00\x00</data></write>
    <!-- Echo Request Test -->
    <write><data>\x01\x00\xcd\xab \x01\x00\x02\x02\x01\x0a\x02\x01\x01\x0a\x12\x01\x07\x87\x0f\x94\x02\x5f\xf8\xb3\xf8\x2b\x89\x09\x5e\xdc\xd7\x1c\x11!\x1b\x09\x00\x00</data></write>
    <read><length>19</length><match><data>\xff\xff\x01\x00\x0c\x02\x00\x02\x01\x01\x0a\x00\x00\x00\x00\x1b\x02\x00\x00</data></match></read>
    <write><data>\x01\x00\xcd\xab\x0c\x03\x00\x02\x01\x01\x0a\xcd\xab\x00\x00\x0e\x03\x00\x00</data></write>
    <read><length>39</length><match><data>\xcd\xab\x01\x00 \x01\x00\x02\x01\x01\x0a\x02\x02\x01\x0a\x12\x01\x87\x07\x0f\x94\x02\x5f\xf8\xb3\xf8\x2b\x89\x09\x5e\xdc\xd7\x1c\x11!\x1b\x09\x00\x00</data></match></read>
    <!-- Wrong NxtHdr Test -->
    <write><data>\x01\x00\xcd\xab\x11\xb6\x00\x02\x02\x01\x0a\x02\x01\x01\x0a\x03\x01\x07\x7b\x00.\x02\x00\x00</data></write>
    <!-- Echo Request Test -->
    <write><data>\x01\x00\xcd\xab\xa7\x01\x00\x02\x02\x01\x0a\x02\x01\x01\x0a\x99\x01\x07\xe1\x96\xd9b\xfc\xb4\xe6\x05W\xc1\x27F\xe0\xd4\xa0\x40\xc4V\x40\x10\x05\x18\x18\xed\x2f\xe4\xfa\x1bg\xe6\x22\xbb\xc6\x03\x2c\xe5\x23\xe5\x09\x23\xab4H\x25rZ\x86\x3e\x8e\x1bo\xe0\xd2\x2ab\xb3\x02:L\x89\x26\x9a\xb2\xa6h\xdf\x2c\x02\x2a\xdd\xbd\x29\x87\x90a\xa2\xdb\x09\x28O\x17\xe7rD\xf8f\x1c\x8d\x5c\xad\xc83l\x11hw\xb0:\x3e\x85\xff\xe4\xd7\x28\x284y\xbf0\x05g\xb2r\x2fa\x26\x3c:\xd3\xe02\xf6M\xa3nf\xdc\xe3\xe2\xa4\x22\xf6\xe0\xacw\x2d\x87\x0b\xc4\x18\xcd\x91\xe9\x29\xa3\xc9\x99\x0b\xc9\xff\x27\x81\xcaJ\x00\x00</data></write>
    <read><length>174</length><match><data>\xcd\xab\x01\x00\xa7\x01\x00\x02\x01\x01\x0a\x02\x02\x01\x0a\x99\x01\xe1\x07\x96\xd9b\xfc\xb4\xe6\x05W\xc1\x27F\xe0\xd4\xa0\x40\xc4V\x40\x10\x05\x18\x18\xed\x2f\xe4\xfa\x1bg\xe6\x22\xbb\xc6\x03\x2c\xe5\x23\xe5\x09\x23\xab4H\x25rZ\x86\x3e\x8e\x1bo\xe0\xd2\x2ab\xb3\x02:L\x89\x26\x9a\xb2\xa6h\xdf\x2c\x02\x2a\xdd\xbd\x29\x87\x90a\xa2\xdb\x09\x28O\x17\xe7rD\xf8f\x1c\x8d\x5c\xad\xc83l\x11hw\xb0:\x3e\x85\xff\xe4\xd7\x28\x284y\xbf0\x05g\xb2r\x2fa\x26\x3c:\xd3\xe02\xf6M\xa3nf\xdc\xe3\xe2\xa4\x22\xf6\xe0\xacw\x2d\x87\x0b\xc4\x18\xcd\x91\xe9\x29\xa3\xc9\x99\x0b\xc9\xff\x27\x81\xcaJ\x00\x00</data></match></read>
    <!-- Invalid Packet\x2fSegment Length Test -->
    <write><data>\x01\x00\xcd\xab\x11\x01\x00\x02\x02\x01\x0a\x02\x03\x01\x0a\x01\x01\x13\x12\x00\xd3\x01\x00\x00</data></write>
    <!-- Echo Request Test -->
    <write><data>\x01\x00\xcd\xab\xc1\x01\x00\x02\x02\x01\x0a\x02\x01\x01\x0a\xb3\x01\x07\x8a\xb0a\x10\xce\x9bV\xf7\x29\x0c\xc4yE\x0b\x98\x0c\xae\xc5\xcdB\x80\x7c\xab\xf0e\x9ed\x96f\x7cV\xe5n\xc5\xbdq\x3e\x8d3\x04\x0bN5\xf5\x228\xbd\x14\x81\x8fA\x60\x85M\xe7\xf51\x92\x07\xdd\xe2\x90\x19\x3e\xbc\x2d5\x9f\x2aN\xeer\xde\x07\xb5\x8d\x8ez\xfd\x1fmp\x03\x27\xe3\x97\xa8\xbeW\x5b\x3cD\xcey\x91\xf4\x02\x1f\xd0\x95\xb5\x0fV\xda\xe3\x5e\x1f\xc6\xf3\xa4\x02\xa0\xec\x27\x89\x40f6\xc1\x7bI\x9c\xa9\xb6\xf0\x87\xc9\x99\xa7J\x8a\x3b\xbb\xba8\x9b \x22r \x84\xa7\x0d\xdc\x0dg\x10v\x3c\x84pCJ\xd2\x2d\xc8\xc0\xd16\xbdq\xf6V\xcd\xefN\x1f\xb1\x9c8\x5ck?4P\xd0\x60\xf7\x60X\x00\x00</data></write>
    <read><length>200</length><match><data>\xcd\xab\x01\x00\xc1\x01\x00\x02\x01\x01\x0a\x02\x02\x01\x0a\xb3\x01\x8a\x07\xb0a\x10\xce\x9bV\xf7\x29\x0c\xc4yE\x0b\x98\x0c\xae\xc5\xcdB\x80\x7c\xab\xf0e\x9ed\x96f\x7cV\xe5n\xc5\xbdq\x3e\x8d3\x04\x0bN5\xf5\x228\xbd\x14\x81\x8fA\x60\x85M\xe7\xf51\x92\x07\xdd\xe2\x90\x19\x3e\xbc\x2d5\x9f\x2aN\xeer\xde\x07\xb5\x8d\x8ez\xfd\x1fmp\x03\x27\xe3\x97\xa8\xbeW\x5b\x3cD\xcey\x91\xf4\x02\x1f\xd0\x95\xb5\x0fV\xda\xe3\x5e\x1f\xc6\xf3\xa4\x02\xa0\xec\x27\x89\x40f6\xc1\x7bI\x9c\xa9\xb6\xf0\x87\xc9\x99\xa7J\x8a\x3b\xbb\xba8\x9b \x22r \x84\xa7\x0d\xdc\x0dg\x10v\x3c\x84pCJ\xd2\x2d\xc8\xc0\xd16\xbdq\xf6V\xcd\xefN\x1f\xb1\x9c8\x5ck?4P\xd0\x60\xf7\x60X\x00\x00</data></match></read>
    <!-- Chargen Request Test -->
    <write><data>\x01\x00\xcd\xab\x11\x01\x00\x02\x02\x01\x0a\x02\x01\x01\x0a\x03\x01\x13.\x00\xed\x01\x00\x00</data></write>
    <read><length>63</length><match><data>\xcd\xab\x01\x008\x01\x00\x02\x01\x01\x0a\x02\x02\x01\x0a\x2a\x01.\x13\x27\xf3\xd5\xf1\xd6\xa0\x3c\x93\x81\xb5\xc6\x04sRdtOK\xc1\xbeK\xaa\x88\xc3\x8d\x02\xa2\x2f\xaf\xae\xa6\xa7o\x9b\xb6\xb5\x1e\x60\xd0\xa3\xc6\x17\x00\x00</data></match></read>
    <!-- Echo Request Test -->
    <write><data>\x01\x00\xcd\xab\xcf\x01\x00\x02\x02\x01\x0a\x02\x01\x01\x0a\xc1\x01\x07\x18\xbe\x97\x07\xb0\x27\xd6\xeb\x0fb\x09\xb9\xfe\xfc\x04\x7b\xee\xa1\xe7Y\x5d3\x22jp\x90\x9e\x14\x8fc\xd8\xf3Vz\x07\xae\xa5\xc97\x5c\x26\x8c\x0f\xd7\x052\x40\x85\xae\x16\xda\x96\xfb\x82\x91\xe6\x3e\x88\xe9\xe0im\x9f\x08\xdd\xd6\x0a\xf7\x26\x7e\xe5\x1a\xd1\x96\xf8\x5f9\x5c\x16\x7f\x5eQ\xc4\xf0\x3e\xb9\x9c\xe5\x19\x80\x9at\xed\xd9\xacs\xa7\x2b\xfaR\x14i\x29\x22\x60G\x16\xbdf8\x95\x23\xf9s\xc6\x90\xfb\xbd\x25\xa3E\x7b\x8ae\xf75\x8b\x94\xc1\x2f\xa4\xb3P\x7dl\xa2\xf2\x04\x8czU\xf2K\xaa\x60\x09\xe2\xd9\x8c\x0a\xba\xa1\xb0n\x89\xb7Zz\x25\xd7\xee\x8bT\xf5\xc5\xf7\x9a\xe8\x60\x1f\xfe\xaa\x7d\x8f\xb0\xcf\x06\xf8\xa3\xbf6\x98i\x1b\x80d\xd6N\xd5E\x60\x9bEf\x00\x00</data></write>
    <read><length>214</length><match><data>\xcd\xab\x01\x00\xcf\x01\x00\x02\x01\x01\x0a\x02\x02\x01\x0a\xc1\x01\x18\x07\xbe\x97\x07\xb0\x27\xd6\xeb\x0fb\x09\xb9\xfe\xfc\x04\x7b\xee\xa1\xe7Y\x5d3\x22jp\x90\x9e\x14\x8fc\xd8\xf3Vz\x07\xae\xa5\xc97\x5c\x26\x8c\x0f\xd7\x052\x40\x85\xae\x16\xda\x96\xfb\x82\x91\xe6\x3e\x88\xe9\xe0im\x9f\x08\xdd\xd6\x0a\xf7\x26\x7e\xe5\x1a\xd1\x96\xf8\x5f9\x5c\x16\x7f\x5eQ\xc4\xf0\x3e\xb9\x9c\xe5\x19\x80\x9at\xed\xd9\xacs\xa7\x2b\xfaR\x14i\x29\x22\x60G\x16\xbdf8\x95\x23\xf9s\xc6\x90\xfb\xbd\x25\xa3E\x7b\x8ae\xf75\x8b\x94\xc1\x2f\xa4\xb3P\x7dl\xa2\xf2\x04\x8czU\xf2K\xaa\x60\x09\xe2\xd9\x8c\x0a\xba\xa1\xb0n\x89\xb7Zz\x25\xd7\xee\x8bT\xf5\xc5\xf7\x9a\xe8\x60\x1f\xfe\xaa\x7d\x8f\xb0\xcf\x06\xf8\xa3\xbf6\x98i\x1b\x80d\xd6N\xd5E\x60\x9bEf\x00\x00</data></match></read>
    <!-- Echo Request Test -->
    <write><data>\x01\x00\xcd\xab\xef\x01\x00\x02\x02\x01\x0a\x02\x01\x01\x0a\xe1\x01\x07\xfc\xde\xcc.\xd8\xf7\x8bib\xdd\xa0\xba\xf8\xa4\xa5\x90\xf0\xbd:\xc3\xe3p\x0e\xad\xcb\xdf\xf4\x86U\xf3\xa7\xce\xef\x5b\xa3\x0ec\xba\xf2M\x80\xf0\xa1\x28\xed\x25\xe3\x92dW\x23zCd\x82\x99\x98g\xf7\x2b\x80v\xff\xda\x88\xbf\x29\xb1\xa4\x2c\x13\xb8\x8e\xd4\xe7p\xe5\x14o\xfa\xfdG\x18z\x14\x983c\xde\xca\xcbm\xe4\x94\x5e8q\xfeV\x1f\x8fs\xeb\x23\x97M\x3b\xa1\xbc\xb5\x5f.\x0e\x28\x95\x96\xfcRpgk\xd8\x3e\xbd\xf0\xd7\x3d\x18N\x12\x13\x04\xb4\xe3V\x9d\xb1\xd1\x96\xc6\xf5\x8fc\xf1\x9d\x97c9:\xdb\xb1y\xc8P\xb2\xa1\x3b\xea\x5fq\x5e\x27\x04\x7f\xb4\x1d\x40 \x86\x2c\x9b\x11\xab!\x1b\xc3\x08\x97\xaf\x02\x13\x0af\x2f\x7b\xc9\x04\xd2\x02\xb6\x98\x28\x7c\x92\x04\x86\xbc\xba\x5cY\xb8!ft\x9b\x1f\x8bPy\xe9!\xf4Ae\xeb\xc3\xd3k\x9dzYi\x88\xee\xf7v\x00\x00</data></write>
    <read><length>246</length><match><data>\xcd\xab\x01\x00\xef\x01\x00\x02\x01\x01\x0a\x02\x02\x01\x0a\xe1\x01\xfc\x07\xde\xcc.\xd8\xf7\x8bib\xdd\xa0\xba\xf8\xa4\xa5\x90\xf0\xbd:\xc3\xe3p\x0e\xad\xcb\xdf\xf4\x86U\xf3\xa7\xce\xef\x5b\xa3\x0ec\xba\xf2M\x80\xf0\xa1\x28\xed\x25\xe3\x92dW\x23zCd\x82\x99\x98g\xf7\x2b\x80v\xff\xda\x88\xbf\x29\xb1\xa4\x2c\x13\xb8\x8e\xd4\xe7p\xe5\x14o\xfa\xfdG\x18z\x14\x983c\xde\xca\xcbm\xe4\x94\x5e8q\xfeV\x1f\x8fs\xeb\x23\x97M\x3b\xa1\xbc\xb5\x5f.\x0e\x28\x95\x96\xfcRpgk\xd8\x3e\xbd\xf0\xd7\x3d\x18N\x12\x13\x04\xb4\xe3V\x9d\xb1\xd1\x96\xc6\xf5\x8fc\xf1\x9d\x97c9:\xdb\xb1y\xc8P\xb2\xa1\x3b\xea\x5fq\x5e\x27\x04\x7f\xb4\x1d\x40 \x86\x2c\x9b\x11\xab!\x1b\xc3\x08\x97\xaf\x02\x13\x0af\x2f\x7b\xc9\x04\xd2\x02\xb6\x98\x28\x7c\x92\x04\x86\xbc\xba\x5cY\xb8!ft\x9b\x1f\x8bPy\xe9!\xf4Ae\xeb\xc3\xd3k\x9dzYi\x88\xee\xf7v\x00\x00</data></match></read>
    <!-- Unknown Unicast Test -->
    <write><data>\x04\xb0\xcd\xab\x11\x01\x00\x02\x02\x01\x0a\x02\x03\x01\x0a\x03\x01\x13\xb8\x00\x2c\x03\x00\x00</data></write>
    <!-- Echo Request Test -->
    <write><data>\x01\x00\xcd\xab\x8e\x01\x00\x02\x02\x01\x0a\x02\x01\x01\x0a\x80\x01\x07\x0a\x7d\xb9\x9a\xefq\xf0\x85\xc6d\x95R\xca\xb4\x2ch\x96\xea\x83n\x98Bq\xcc\x9b\x8f\x2b\xc8\x05\xe5\x29\x1e\x96\x07\x93\x92\xd1\x9e\x91\xad\xab\xa9\x92\xa2w\xa7\xef\x08\x27e\xb4\xfe\x0b5M\xb7\x14\xbf\xa1uI\xbdO\x89\xed\xc5\xd4s\x7e6\x07\xc8\x0d\x2bv\xf32\xbbpW\x8a\x85I\x7c\x82\xd0\xdc\x94\xcc\x84\xbc\xf25\x26\x60\xd4\x0a\x1fu\xd1\x81\x14\x7b\x06F\x5c\x1d\x14\x1f\xed\x2f\xfeG3\xd4\xe9\xe7\xb5\x9f1lpMi\xfa\xea\x99\xe1B\x00\x00</data></write>
    <read><length>149</length><match><data>\xcd\xab\x01\x00\x8e\x01\x00\x02\x01\x01\x0a\x02\x02\x01\x0a\x80\x01\x0a\x07\x7d\xb9\x9a\xefq\xf0\x85\xc6d\x95R\xca\xb4\x2ch\x96\xea\x83n\x98Bq\xcc\x9b\x8f\x2b\xc8\x05\xe5\x29\x1e\x96\x07\x93\x92\xd1\x9e\x91\xad\xab\xa9\x92\xa2w\xa7\xef\x08\x27e\xb4\xfe\x0b5M\xb7\x14\xbf\xa1uI\xbdO\x89\xed\xc5\xd4s\x7e6\x07\xc8\x0d\x2bv\xf32\xbbpW\x8a\x85I\x7c\x82\xd0\xdc\x94\xcc\x84\xbc\xf25\x26\x60\xd4\x0a\x1fu\xd1\x81\x14\x7b\x06F\x5c\x1d\x14\x1f\xed\x2f\xfeG3\xd4\xe9\xe7\xb5\x9f1lpMi\xfa\xea\x99\xe1B\x00\x00</data></match></read>
    <!-- Invalid Checksum Test -->
    <write><data>\x01\x00\xcd\xab\x11\x01\x00\x02\x02\x01\x0a\x02\x01\x01\x0a\x03\x01\x07\xc3\x00v\x02\x00\x01</data></write>
    <!-- Echo Request Test -->
    <write><data>\x01\x00\xcd\xab\xd8\x01\x00\x02\x02\x01\x0a\x02\x01\x01\x0a\xca\x01\x07\x98\xc7\xfa\xf6R\xe0\x18\xc26t\xf7\x08q\x5c\x02RQ\xd7h\xac\x7c\x08\xe0\xb8\x23J\x7d\xb1\xbb\xac\x0c\xa2\x1ba\xba\xe5\xe5\x96\x17\x3cT\x27\xa3\x1e\x5d\xb1\x9c\x01i\x7f\x1bb\xb0DW7\xa9\xccwV\x9e\x3b3\x94\x97\x7d\xe6Q\xf3\x90\x86m\x2f\x8ai\x14\xee\xb7\x5d\xcfh\x1b\x7c\x24\x2bs\x1f\xd0\xde\xbe\x07L1\x1b\x02\xc4v\xda\xe7\xb5O\x89\x85\xca\xea\xe2\x93F\xf57\x99\x99\x3dl\x24ov\x9c\xee\x60\x8e\xa0\xbb0\xe0h\x15i\x88\xafj\x97\x15\xca\x2f\x7dxi\xcb\xd6\xf3\x94\xda\xdf\xce\xbcz\x8b\xc4\xe9\xc0\x04\xddn\x0a\xb2\x8et\x2c\x08\x25\x5c\xb7\xbed\x83\xa2\x9c\x3cD\x5b\x91\x7c\x85\xf5\x85\xe0J\xa9?\xd2x\xe0\xc5\xe3\x7d\x89Yj\x94\x18\xa5\xac\x14\x5c\x19!\xdb1\x90\xabpg\x00\x00</data></write>
    <read><length>19</length><match><data>\xff\xff\x01\x00\x0c\x02\x00\x02\x01\x01\x0a\x00\x00\x00\x00\x1b\x02\x00\x00</data></match></read>
    <write><data>\x01\x00\xcd\xab\x0c\x03\x00\x02\x01\x01\x0a\xcd\xab\x00\x00\x0e\x03\x00\x00</data></write>
    <read><length>223</length><match><data>\xcd\xab\x01\x00\xd8\x01\x00\x02\x01\x01\x0a\x02\x02\x01\x0a\xca\x01\x98\x07\xc7\xfa\xf6R\xe0\x18\xc26t\xf7\x08q\x5c\x02RQ\xd7h\xac\x7c\x08\xe0\xb8\x23J\x7d\xb1\xbb\xac\x0c\xa2\x1ba\xba\xe5\xe5\x96\x17\x3cT\x27\xa3\x1e\x5d\xb1\x9c\x01i\x7f\x1bb\xb0DW7\xa9\xccwV\x9e\x3b3\x94\x97\x7d\xe6Q\xf3\x90\x86m\x2f\x8ai\x14\xee\xb7\x5d\xcfh\x1b\x7c\x24\x2bs\x1f\xd0\xde\xbe\x07L1\x1b\x02\xc4v\xda\xe7\xb5O\x89\x85\xca\xea\xe2\x93F\xf57\x99\x99\x3dl\x24ov\x9c\xee\x60\x8e\xa0\xbb0\xe0h\x15i\x88\xafj\x97\x15\xca\x2f\x7dxi\xcb\xd6\xf3\x94\xda\xdf\xce\xbcz\x8b\xc4\xe9\xc0\x04\xddn\x0a\xb2\x8et\x2c\x08\x25\x5c\xb7\xbed\x83\xa2\x9c\x3cD\x5b\x91\x7c\x85\xf5\x85\xe0J\xa9?\xd2x\xe0\xc5\xe3\x7d\x89Yj\x94\x18\xa5\xac\x14\x5c\x19!\xdb1\x90\xabpg\x00\x00</data></match></read>
</replay>
</pov>