<?xml version="1.0" standalone="no" ?>
<!DOCTYPE pov SYSTEM "/usr/share/cgc-docs/replay.dtd">
<pov>
<cbid>service</cbid>
<seed>e435bd8ca5fb39a834c70fdd23bf577be57d667ef4207e0cae397240eabf159ff8b5fcc9c06150ba2c1418ad61e81130</seed>
<replay>
    <!-- ResolveL2Adjacency Test -->
    <write><data>\xff\xff\xcd\xab\x0c\x02\x00\x01\x01\x01\x0a\x00\x00\x00\x00\x91\x03\x00\x00</data></write>
    <read><length>19</length><match><data>\xcd\xab\x01\x00\x0c\x03\x00\x01\x01\x01\x0a\x01\x00\x00\x00\x96\x01\x00\x00</data></match></read>
    <!-- Invalid Packet\x2fSegment Length Test -->
    <write><data>\x01\x00\xcd\xab\x11\x01\x00\x02\x02\x01\x0a\x02\x03\x01\x0a\x03\x01\x13\xc2\x01\x83\x02\x00\x00</data></write>
    <!-- Echo Request Test -->
    <write><data>\x01\x00\xcd\xab\x2d\x01\x00\x02\x02\x01\x0a\x02\x01\x01\x0a\x1f\x01\x07\xa1\x1cmF\x03\x86\xf2R\xb7\x13\x92O.\xca\x81\x9c\x0d\x83\xe7\xf9x\xd1\xb5\xb8\xeboH\x9b\x2aE\xba\x10\x00\x00</data></write>
    <read><length>19</length><match><data>\xff\xff\x01\x00\x0c\x02\x00\x02\x01\x01\x0a\x00\x00\x00\x00\x1b\x02\x00\x00</data></match></read>
    <write><data>\x01\x00\xcd\xab\x0c\x03\x00\x02\x01\x01\x0a\xcd\xab\x00\x00\x0e\x03\x00\x00</data></write>
    <read><length>52</length><match><data>\xcd\xab\x01\x00\x2d\x01\x00\x02\x01\x01\x0a\x02\x02\x01\x0a\x1f\x01\xa1\x07\x1cmF\x03\x86\xf2R\xb7\x13\x92O.\xca\x81\x9c\x0d\x83\xe7\xf9x\xd1\xb5\xb8\xeboH\x9b\x2aE\xba\x10\x00\x00</data></match></read>
    <!-- Unknown Unicast Test -->
    <write><data>\x00\xb0\xcd\xab\x11\x01\x00\x02\x02\x01\x0a\x02\x03\x01\x0a\x03\x01\x13\xd5\x00E\x03\x00\x00</data></write>
    <!-- Echo Request Test -->
    <write><data>\x01\x00\xcd\xab\x7c\x01\x00\x02\x02\x01\x0a\x02\x01\x01\x0an\x01\x07Kk\xd0\xeb\xec\xf9Q\xcc\xa1\xd2\x10\x9e\x9d\xdbk\xb8\xe1\x26GH\xd4\x0a\xc6\x02\xa0\x1f \x40\xf6\xb3c\x3b\x8c\x23\xbb\xf2\x1aM\xf0\x11\xcbSy\x1f\x8e\x91\x08\x13\x1c\x5b\x1f\x87\x1d0\xbdg\xe4\xbb\xe1\xcex\x8c\x81\x7d\x87xR\xabp\xb4m\x9f\x91\x9b\xc7\xa9\xc3N\x2f\xdd\xc4\x607\x07\x2fYh\x0e\x99\x7fY\x89t\x052\x85\x28\x86\x91\xa8\x8f\xbfs\x0b\xcf\xc2\xa9\x11\xda37\x00\x00</data></write>
    <read><length>131</length><match><data>\xcd\xab\x01\x00\x7c\x01\x00\x02\x01\x01\x0a\x02\x02\x01\x0an\x01K\x07k\xd0\xeb\xec\xf9Q\xcc\xa1\xd2\x10\x9e\x9d\xdbk\xb8\xe1\x26GH\xd4\x0a\xc6\x02\xa0\x1f \x40\xf6\xb3c\x3b\x8c\x23\xbb\xf2\x1aM\xf0\x11\xcbSy\x1f\x8e\x91\x08\x13\x1c\x5b\x1f\x87\x1d0\xbdg\xe4\xbb\xe1\xcex\x8c\x81\x7d\x87xR\xabp\xb4m\x9f\x91\x9b\xc7\xa9\xc3N\x2f\xdd\xc4\x607\x07\x2fYh\x0e\x99\x7fY\x89t\x052\x85\x28\x86\x91\xa8\x8f\xbfs\x0b\xcf\xc2\xa9\x11\xda37\x00\x00</data></match></read>
    <!-- Spoof Test -->
    <write><data>\x01\x00\xcd\xab\x11\x01\x00\x02\x02\x01\x0a\x02\x03\x01\x0a\x03\x01\x13Z\x00\x1b\x02\x00\x00</data></write>
    <!-- Echo Request Test -->
    <write><data>\x01\x00\xcd\xab\xcf\x01\x00\x02\x02\x01\x0a\x02\x01\x01\x0a\xc1\x01\x07Q\xbe\xc4u\x03\x0b\x28k\x0bt\x99\xb6\x2c\x18\xf8\x5c\xa0\x943\x2c\xc0\x27\xd8?\xda\x24\xe4\x5e\x18\xab\x97\x28\x7d\xdex\x91Q\xab\xdd\xcf\xaf\x1a\x11\xfa\xff\x5dn1\xc7\x286\xd3\xc1\x9e\x22\xbd\x28F\x16\x98W\xda7\x27\x91A\xe7\x2f\xc9\x96\x2bk\x91\xc5\x19a\x83\x60\xfb\xd6\xd7\xa9\xce\x1a\xca\xc5I\xde\xe5\xb9\x96G\xb2qz\xd9t!\xb4\x60\xd9\xe3\x24\xe6\xb0\x9c\x92\x97\xd2\xba\xe0\x0d\x89.G\x8d\xb8\x2aDp\xaf\x8b\x1e\xc6\xc4\x9e\xf0p\xdd\xf1\x86\xb1\x9faq\x3c\x9d\x17O\x7e\xd8\x880\xdb\x99\xca\xf6S\xe1Y\x3b\x91\xdb\x97\x1f\xe6\xae\xed\xb4\xf4O\x89sZ\x87 K\xc0\x13\x60\x17\x7bG\x81\x86\x10\x3d\xb7b\xae\xae\xbb\x18\xf9\xce\xee\x82\xdbA\x2dAz\xdfe\x00\x00</data></write>
    <read><length>214</length><match><data>\xcd\xab\x01\x00\xcf\x01\x00\x02\x01\x01\x0a\x02\x02\x01\x0a\xc1\x01Q\x07\xbe\xc4u\x03\x0b\x28k\x0bt\x99\xb6\x2c\x18\xf8\x5c\xa0\x943\x2c\xc0\x27\xd8?\xda\x24\xe4\x5e\x18\xab\x97\x28\x7d\xdex\x91Q\xab\xdd\xcf\xaf\x1a\x11\xfa\xff\x5dn1\xc7\x286\xd3\xc1\x9e\x22\xbd\x28F\x16\x98W\xda7\x27\x91A\xe7\x2f\xc9\x96\x2bk\x91\xc5\x19a\x83\x60\xfb\xd6\xd7\xa9\xce\x1a\xca\xc5I\xde\xe5\xb9\x96G\xb2qz\xd9t!\xb4\x60\xd9\xe3\x24\xe6\xb0\x9c\x92\x97\xd2\xba\xe0\x0d\x89.G\x8d\xb8\x2aDp\xaf\x8b\x1e\xc6\xc4\x9e\xf0p\xdd\xf1\x86\xb1\x9faq\x3c\x9d\x17O\x7e\xd8\x880\xdb\x99\xca\xf6S\xe1Y\x3b\x91\xdb\x97\x1f\xe6\xae\xed\xb4\xf4O\x89sZ\x87 K\xc0\x13\x60\x17\x7bG\x81\x86\x10\x3d\xb7b\xae\xae\xbb\x18\xf9\xce\xee\x82\xdbA\x2dAz\xdfe\x00\x00</data></match></read>
    <!-- Invalid Packet\x2fSegment Length Test -->
    <write><data>\x01\x00\xcd\xab\x11\x01\x00\x02\x02\x01\x0a\x02\x03\x01\x0a\x03\x01\x13\x7c\x01\x3d\x02\x00\x00</data></write>
    <!-- Echo Request Test -->
    <write><data>\x01\x00\xcd\xabT\x01\x00\x02\x02\x01\x0a\x02\x01\x01\x0aF\x01\x07\xd2C\x95q\xbc\xd3 \x90\xf7:R\xe4\xc5l\xb6\xaf\x01\xcc\xd3\x8e\xae\xab\x89\x7b\xc2\x01\x01\xe4\x1et\xadUg\x92\xa7\x7f\xd6\xfa\x2b\x12xuZc6\xebu\x3b5\xc8\x19Oi\x7c\x80\xbf\x5f\xf2\xf1\x80\x26Kq\x9a\x02\xe9J2\xb2\xde\x24\x00\x00</data></write>
    <read><length>91</length><match><data>\xcd\xab\x01\x00T\x01\x00\x02\x01\x01\x0a\x02\x02\x01\x0aF\x01\xd2\x07C\x95q\xbc\xd3 \x90\xf7:R\xe4\xc5l\xb6\xaf\x01\xcc\xd3\x8e\xae\xab\x89\x7b\xc2\x01\x01\xe4\x1et\xadUg\x92\xa7\x7f\xd6\xfa\x2b\x12xuZc6\xebu\x3b5\xc8\x19Oi\x7c\x80\xbf\x5f\xf2\xf1\x80\x26Kq\x9a\x02\xe9J2\xb2\xde\x24\x00\x00</data></match></read>
    <!-- Wrong NxtHdr Test -->
    <write><data>\x01\x00\xcd\xab\x11k\x00\x02\x02\x01\x0a\x02\x01\x01\x0a\x03\x01\x07\x07\x00\xba\x01\x00\x00</data></write>
    <!-- Echo Request Test -->
    <write><data>\x01\x00\xcd\xabW\x01\x00\x02\x02\x01\x0a\x02\x01\x01\x0aI\x01\x07\x2fF\xdd\x97\xc9\x8c\x07?\x97\xda\xca\x28\x95\x85A\x13\x9e\xf0\xdb\x5f\x1fv\xf4B\x5fu\x94\xcaa\xeb\xba\xf7\xdd\x0f\xfc\x88\x17\xb26\xb6\x87\xc4i 1\xfe7\x807H1\xe3\xf5\xba\x9b.\xb6\x89\x10\xee\x11\xbd\x8d\xe83\x5e\x0d\x14\x23\xe8\xe8M\xb2\x26\x00\x00</data></write>
    <read><length>94</length><match><data>\xcd\xab\x01\x00W\x01\x00\x02\x01\x01\x0a\x02\x02\x01\x0aI\x01\x2f\x07F\xdd\x97\xc9\x8c\x07?\x97\xda\xca\x28\x95\x85A\x13\x9e\xf0\xdb\x5f\x1fv\xf4B\x5fu\x94\xcaa\xeb\xba\xf7\xdd\x0f\xfc\x88\x17\xb26\xb6\x87\xc4i 1\xfe7\x807H1\xe3\xf5\xba\x9b.\xb6\x89\x10\xee\x11\xbd\x8d\xe83\x5e\x0d\x14\x23\xe8\xe8M\xb2\x26\x00\x00</data></match></read>
    <!-- Invalid Checksum Test -->
    <write><data>\x01\x00\xcd\xab\x11\x01\x00\x02\x02\x01\x0a\x02\x01\x01\x0a\x03\x01\x07\xd0\x00\x83\x02\x00\x01</data></write>
    <!-- Echo Request Test -->
    <write><data>\x01\x00\xcd\xabH\x01\x00\x02\x02\x01\x0a\x02\x01\x01\x0a:\x01\x07\x2b77\x07n\xe3\x87\x0bh\x99\x24\x3c\xc8e\xd7\xf7\xe4\xfaz\x1e\x04\xdf\x9e\xb4\x8e\x29\x8f\xeb\x1f\xae\x17\xe1\xd6\x83\xb6\xc6\x1fY6\x9f\x92\x3c\x7c\xaa Wd\x91\xff3\xf6\x17\xc0v\x2b\x8a\xd9\x26\x1e\x00\x00</data></write>
    <read><length>79</length><match><data>\xcd\xab\x01\x00H\x01\x00\x02\x01\x01\x0a\x02\x02\x01\x0a:\x01\x2b\x0777\x07n\xe3\x87\x0bh\x99\x24\x3c\xc8e\xd7\xf7\xe4\xfaz\x1e\x04\xdf\x9e\xb4\x8e\x29\x8f\xeb\x1f\xae\x17\xe1\xd6\x83\xb6\xc6\x1fY6\x9f\x92\x3c\x7c\xaa Wd\x91\xff3\xf6\x17\xc0v\x2b\x8a\xd9\x26\x1e\x00\x00</data></match></read>
    <!-- Unknown Unicast Test -->
    <write><data>\x01\xb0\xcd\xab\x11\x01\x00\x02\x02\x01\x0a\x02\x03\x01\x0a\x03\x01\x13\x96\x00\x07\x03\x00\x00</data></write>
    <!-- Echo Request Test -->
    <write><data>\x01\x00\xcd\xab\xbf\x01\x00\x02\x02\x01\x0a\x02\x01\x01\x0a\xb1\x01\x07\xb3\xaeh\xa0\x97\x1e\xd9\x9f\xc5\x3b\xc0l\x5b\x24JO\xd2uZb7\xba\xdcv\x98y\x12B\xd0\x9d\xfez\xd0k\x82u\xda\xce\xac\xf3g6\xa4\x24\x0fy\x83\x0c\xce\x18\xbe\x1c\xc4\x7e\x24\xff\xe1Q\x0a\xe8\xc9\xbb\xdc\xde\xce\x5e\xf5\x1e\xd6\xd4\x7e\x5b\xa6\x25\xdcp\x2b\x0e8\xcb\x8a\x3b\x09\xd5\xa9\xbe\x85H9\xfeW\x84\xf1L \xe3\x5bIU\xdd\xcd\xb4eC\x7c\xb0\x11b\xcbUJ\x26\x8dOM\xefO\x1c\x97\x09\x15w\x2c\xdf\x0b\xa6\xc8:\xc1h\xa5\x9fnN3\xd3\xa3zcP.9\x9b\xc1g\x5f\xac\x3eI\x8a\xe1Q\x5e\x1e\x92t\x29\xaf\xbbH\x09\xbf\xfd\x9bH\xf3\xd5V\xcfd\x86Q\xe5E\xeb6\xbdZ\x00\x00</data></write>
    <read><length>198</length><match><data>\xcd\xab\x01\x00\xbf\x01\x00\x02\x01\x01\x0a\x02\x02\x01\x0a\xb1\x01\xb3\x07\xaeh\xa0\x97\x1e\xd9\x9f\xc5\x3b\xc0l\x5b\x24JO\xd2uZb7\xba\xdcv\x98y\x12B\xd0\x9d\xfez\xd0k\x82u\xda\xce\xac\xf3g6\xa4\x24\x0fy\x83\x0c\xce\x18\xbe\x1c\xc4\x7e\x24\xff\xe1Q\x0a\xe8\xc9\xbb\xdc\xde\xce\x5e\xf5\x1e\xd6\xd4\x7e\x5b\xa6\x25\xdcp\x2b\x0e8\xcb\x8a\x3b\x09\xd5\xa9\xbe\x85H9\xfeW\x84\xf1L \xe3\x5bIU\xdd\xcd\xb4eC\x7c\xb0\x11b\xcbUJ\x26\x8dOM\xefO\x1c\x97\x09\x15w\x2c\xdf\x0b\xa6\xc8:\xc1h\xa5\x9fnN3\xd3\xa3zcP.9\x9b\xc1g\x5f\xac\x3eI\x8a\xe1Q\x5e\x1e\x92t\x29\xaf\xbbH\x09\xbf\xfd\x9bH\xf3\xd5V\xcfd\x86Q\xe5E\xeb6\xbdZ\x00\x00</data></match></read>
    <!-- Pwdgen Request Test -->
    <write><data>\x01\x00\xcd\xab\x11\x01\x00\x02\x02\x01\x0a\x02\x01\x01\x0a\x03\x01\x81\xf7\x00\x24\x03\x00\x00</data></write>
    <read><length>19</length><match><data>\xff\xff\x01\x00\x0c\x02\x00\x02\x01\x01\x0a\x00\x00\x00\x00\x1b\x02\x00\x00</data></match></read>
    <write><data>\x01\x00\xcd\xab\x0c\x03\x00\x02\x01\x01\x0a\xcd\xab\x00\x00\x0e\x03\x00\x00</data></write>
    <read><length>150</length><match><data>\xcd\xab\x01\x00\x8f\x01\x00\x02\x01\x01\x0a\x02\x02\x01\x0a\x81\x01\xf7\x81\x7eijeuchejafhkbcbnjofh\x0ablcwhbfdhghvbycoheaz\x0afggvfmesbrbsgtceapdg\x0ahiixanjpgufhfohkgacd\x0ahwflfxfbdkcgjqdlcsdm\x0ajqifivajaahacoewgnjs\x0a\x2f6\x00\x00</data></match></read>
    <!-- Chargen Request Test -->
    <write><data>\x01\x00\xcd\xab\x11\x01\x00\x02\x02\x01\x0a\x02\x01\x01\x0a\x03\x01\x13\xf2\x00\xb1\x02\x00\x00</data></write>
    <read><length>112</length><match><data>\xcd\xab\x01\x00i\x01\x00\x02\x01\x01\x0a\x02\x02\x01\x0a\x5b\x01\xf2\x13XU\x8f\x5c0\xdcki?Mlx\xcb\x0d\xd4\xe1\x11\xa0\x17\x2d\x03\x11dz\xe8\xf3\xa8\xbe\x1by\x8cJ\xfc\xf4A\xbbr\x03\xe2\x93x\x01\xb3\x23\x94\xb6\xc8pd\xd0\x9e\x22\xff\xaa.\x8d\xc9\x0dz\x05\xa5\x3eo\x9fq\x5eU\xbf\xa7\xb3L\xfd4\xf0\xf7\x05\xae\x1d\x88\xaf\xbf\x22\x5e\xdc\xa6\xcd\xb20\xb8\x7d\x2f\x00\x00</data></match></read>
    <!-- Invalid Packet\x2fSegment Length Test -->
    <write><data>\x01\x00\xcd\xab\x11\x01\x00\x02\x02\x01\x0a\x02\x03\x01\x0a\x01\x01\x13U\x00\x16\x02\x00\x00</data></write>
    <!-- Echo Request Test -->
    <write><data>\x01\x00\xcd\xab\xb6\x01\x00\x02\x02\x01\x0a\x02\x01\x01\x0a\xa8\x01\x07\xe8\xa5\xfc\x19e\xaaFXw\xc2.3\xdf\xd5\x93d\xae\xfc\x28\xaa\xe0k\xcf\x1d\xe6\x5b\x0c\x8d\xbb\xe3bB\xbb\xeb\x7b\xa8u2\x23y\xff\x0b\x29fC\xbeA\x2c\xbb\xfc\x92\xe96\xca\xaf\x3c\xfas\xbf\xb5\xa1\x2a\xbc\xb6\xc7\x5d\xad\x97\x9c\x07\x40\xd4k\x5b\xc4\x0d\xaa\xa9\xcdZ\xfd\xb9\xab\xfc\x907\x28\x0c\x1c\x89\x5d\x05\xfa\xfe\x92\xf3\x7b0 o\x7c\xea\x8b\x2f\xd60\xb4Q\x9aM\xd0\xc4\x8aD\xe4\xc4\x0a7\x11L\xea\xa2KO\xd6ne0p\x97\xcc\x1eVrHi5\xc8\x5e\xd5\x0dR\x8e\x0bX6\x3c\x0f\xfc\xb7\xdb6\xb1\xf5\x3c\x3d\xb1\xc1Rp!x\x97\xd2\x1en\xf3\xb0W\x00\x00</data></write>
    <read><length>189</length><match><data>\xcd\xab\x01\x00\xb6\x01\x00\x02\x01\x01\x0a\x02\x02\x01\x0a\xa8\x01\xe8\x07\xa5\xfc\x19e\xaaFXw\xc2.3\xdf\xd5\x93d\xae\xfc\x28\xaa\xe0k\xcf\x1d\xe6\x5b\x0c\x8d\xbb\xe3bB\xbb\xeb\x7b\xa8u2\x23y\xff\x0b\x29fC\xbeA\x2c\xbb\xfc\x92\xe96\xca\xaf\x3c\xfas\xbf\xb5\xa1\x2a\xbc\xb6\xc7\x5d\xad\x97\x9c\x07\x40\xd4k\x5b\xc4\x0d\xaa\xa9\xcdZ\xfd\xb9\xab\xfc\x907\x28\x0c\x1c\x89\x5d\x05\xfa\xfe\x92\xf3\x7b0 o\x7c\xea\x8b\x2f\xd60\xb4Q\x9aM\xd0\xc4\x8aD\xe4\xc4\x0a7\x11L\xea\xa2KO\xd6ne0p\x97\xcc\x1eVrHi5\xc8\x5e\xd5\x0dR\x8e\x0bX6\x3c\x0f\xfc\xb7\xdb6\xb1\xf5\x3c\x3d\xb1\xc1Rp!x\x97\xd2\x1en\xf3\xb0W\x00\x00</data></match></read>
    <!-- Pwdgen Request Test -->
    <write><data>\x01\x00\xcd\xab\x11\x01\x00\x02\x02\x01\x0a\x02\x01\x01\x0a\x03\x01\x81e\x00\x92\x02\x00\x00</data></write>
    <read><length>150</length><match><data>\xcd\xab\x01\x00\x8f\x01\x00\x02\x01\x01\x0a\x02\x02\x01\x0a\x81\x01e\x81\x7eijeuchejafhkbcbnjofh\x0ablcwhbfdhghvbycoheaz\x0afggvfmesbrbsgtceapdg\x0ahiixanjpgufhfohkgacd\x0ahwflfxfbdkcgjqdlcsdm\x0ajqifivajaahacoewgnjs\x0a\x9d5\x00\x00</data></match></read>
    <!-- Chargen Request Test -->
    <write><data>\x01\x00\xcd\xab\x11\x01\x00\x02\x02\x01\x0a\x02\x01\x01\x0a\x03\x01\x13\xe8\x00\xa7\x02\x00\x00</data></write>
    <read><length>48</length><match><data>\xcd\xab\x01\x00\x29\x01\x00\x02\x01\x01\x0a\x02\x02\x01\x0a\x1b\x01\xe8\x13\x18\x83\x2a\x95\xe6\xdb\x0c\xb4\xe6Qg\xe0\x16\x07\x12\xfeLu\xed9\xa3\xd3\xa1\xc6\x00!\x0f\x00\x00</data></match></read>
    <!-- Spoof Test -->
    <write><data>\x01\x00\xcd\xab\x11\x01\x00\x02\x02\x01\x0a\x02\x03\x01\x0a\x03\x01\x13\x83\x00D\x02\x00\x00</data></write>
    <!-- Echo Request Test -->
    <write><data>\x01\x00\xcd\xab\x2b\x01\x00\x02\x02\x01\x0a\x02\x01\x01\x0a\x1d\x01\x07\x5e\x1a\xa2\xa4\xfdx\xe6\xc4o\x93\x07\x99\x95s\x7c\x110\x7e\x0f\xa7\x1b\x5cVML\xe1\x19\xafn\x0e\x00\x00</data></write>
    <read><length>50</length><match><data>\xcd\xab\x01\x00\x2b\x01\x00\x02\x01\x01\x0a\x02\x02\x01\x0a\x1d\x01\x5e\x07\x1a\xa2\xa4\xfdx\xe6\xc4o\x93\x07\x99\x95s\x7c\x110\x7e\x0f\xa7\x1b\x5cVML\xe1\x19\xafn\x0e\x00\x00</data></match></read>
    <!-- Chargen Request Test -->
    <write><data>\x01\x00\xcd\xab\x11\x01\x00\x02\x02\x01\x0a\x02\x01\x01\x0a\x03\x01\x13\x08\x00\xc7\x01\x00\x00</data></write>
    <read><length>136</length><match><data>\xcd\xab\x01\x00\x81\x01\x00\x02\x01\x01\x0a\x02\x02\x01\x0as\x01\x08\x13p\xd1\x97\x96\xa7\xcbb\x01\xbe\x86x\x1f\xc1\xc85\x86\x0ce\x0e\xd8\x29\x5e\x08\x7c\xc9S\xa9\x03r\x07N\xf0\x23\xd3\xd9\x1cy\x7f\x8df\x09R\xae\xadUIn\x93\x7c\x9a\xef\xa3h\xa0\xe3\xb0Kg\xa2\xa8\xbf\xac\x1c\xb3\x8a\x3b\x11\xa3\xb2\x8c\xdd\xe6\xa6P \x22J\xa4\xba\x2c\xc8\xb5\xf7\xdc\xa3M.\xc0\xd2\xb7\xe5\xad\x80\x93\xba\x85\x0a\x2an\xda\xfcP\xd9\x5d\x2f\x04\xef\x93\xe8\x9a\x03\xf8zY\x3c\x00\x00</data></match></read>
    <!-- Invalid Checksum Test -->
    <write><data>\x01\x00\xcd\xab\x11\x01\x00\x02\x02\x01\x0a\x02\x01\x01\x0a\x03\x01\x07\xcb\x00\x7e\x02\x00\x01</data></write>
    <!-- Echo Request Test -->
    <write><data>\x01\x00\xcd\xab\xc2\x01\x00\x02\x02\x01\x0a\x02\x01\x01\x0a\xb4\x01\x07\xb2\xb1\xa4\xf3!\xaa\xe5\x1bG.\xe3\x3cc5\x5b\x0fk\x5c\x5c0p\xc0\x08\xf7\x60\x9b\x2b\xbb\x7d\xde\x18\xcf\xe0\xe2\xeb\x2b\xfe\x8f\xdf\xa7\xaf\x941W\x7b\xd2\x2a\x17\xa8qL\x0e\x0e?\xbc\xfd\x60\xb7\xd8\x9d\x91\xa7\x60\x8aXO\x13\xa9\xc2Y\x0e\xb0\x84\x06f\x9f\xa0\xa1\x0b\xa5kzHiZdB\xa3\x9an\xe04\xa2\x17\xae\xd6\x3dG\xec\x1a\x93\x83\xbeieh\xda\xabd\x5f\xfe\xef\xb3\xbd\x97\x131:\xc1\x1ai\x16\x14\xd1\x9eP?y\xc2?\x84\xda\x40 6\xd9\x80\xab\xd2\x1a\x8b\x93\xa8\xb5ykH\xe4\xb0\xec\x2b\x22\xb2t\x8b\xfda\x5e\xb1J\xbe\xc8\x5csT\x07\xdd\xd3\xd7\x0c\x0f8\xa3\x2ff\xf1\xef\xb3\xd8\xef\x5b\x00\x00</data></write>
    <read><length>19</length><match><data>\xff\xff\x01\x00\x0c\x02\x00\x02\x01\x01\x0a\x00\x00\x00\x00\x1b\x02\x00\x00</data></match></read>
    <write><data>\x01\x00\xcd\xab\x0c\x03\x00\x02\x01\x01\x0a\xcd\xab\x00\x00\x0e\x03\x00\x00</data></write>
    <read><length>201</length><match><data>\xcd\xab\x01\x00\xc2\x01\x00\x02\x01\x01\x0a\x02\x02\x01\x0a\xb4\x01\xb2\x07\xb1\xa4\xf3!\xaa\xe5\x1bG.\xe3\x3cc5\x5b\x0fk\x5c\x5c0p\xc0\x08\xf7\x60\x9b\x2b\xbb\x7d\xde\x18\xcf\xe0\xe2\xeb\x2b\xfe\x8f\xdf\xa7\xaf\x941W\x7b\xd2\x2a\x17\xa8qL\x0e\x0e?\xbc\xfd\x60\xb7\xd8\x9d\x91\xa7\x60\x8aXO\x13\xa9\xc2Y\x0e\xb0\x84\x06f\x9f\xa0\xa1\x0b\xa5kzHiZdB\xa3\x9an\xe04\xa2\x17\xae\xd6\x3dG\xec\x1a\x93\x83\xbeieh\xda\xabd\x5f\xfe\xef\xb3\xbd\x97\x131:\xc1\x1ai\x16\x14\xd1\x9eP?y\xc2?\x84\xda\x40 6\xd9\x80\xab\xd2\x1a\x8b\x93\xa8\xb5ykH\xe4\xb0\xec\x2b\x22\xb2t\x8b\xfda\x5e\xb1J\xbe\xc8\x5csT\x07\xdd\xd3\xd7\x0c\x0f8\xa3\x2ff\xf1\xef\xb3\xd8\xef\x5b\x00\x00</data></match></read>
    <!-- Wrong NxtHdr Test -->
    <write><data>\x01\x00\xcd\xab\x11\x16\x00\x02\x02\x01\x0a\x02\x01\x01\x0a\x03\x01\x07\x1d\x00\xd0\x01\x00\x00</data></write>
    <!-- Echo Request Test -->
    <write><data>\x01\x00\xcd\xab\x18\x01\x00\x02\x02\x01\x0a\x02\x01\x01\x0a\x0a\x01\x07\x82\x07\x60\x5d\x8b\xc6\x0e\xb5\xb3\xce\x05\x00\x00</data></write>
    <read><length>31</length><match><data>\xcd\xab\x01\x00\x18\x01\x00\x02\x01\x01\x0a\x02\x02\x01\x0a\x0a\x01\x82\x07\x07\x60\x5d\x8b\xc6\x0e\xb5\xb3\xce\x05\x00\x00</data></match></read>
    <!-- Echo Request Test -->
    <write><data>\x01\x00\xcd\xab\xd2\x01\x00\x02\x02\x01\x0a\x02\x01\x01\x0a\xc4\x01\x073\xc1\xa1\xe6\x8d\x9ax\x5f\xe8\xb5\xa3\x15\xe7\xb3:\x85d\xa1B\x2f\xbf\x2a Z\x9e\x0fE\x26\x14pM\x40\x3b\xea\x27\xa95\x96\x1b\xb6\x02t\x92hm\x294\x9f\xd0\xcc\xac\x3c.\x14\x14\xd0\xd4\xd5\x80e\x86\xb5\xf0\xff\xf4\xa0 \x80\x98d\x08\xc1q\x9b\xde\x40 \xd4\xc5\x1aG\x5em3\xb0\xf5\xc1\xbb\xbd\x09\x3b\xe3\xd5\xe2!C\x8d\x5csM\xb7\x08\x29\xd6\xf1\xd3du\x97\xca\xad\xf1\xbb\xa0\xcd\xf3\x91\xa6\xf1\xebVy5\x99\x96f\xe2\x18Aq\xcc\xa6\x90\x16\x3e\xf7d\x1c\xf75\xda\xf8\xee\x86\x8a\xd6\x1c\x9a\x03\x2d\x3e\x9b\x24\xd4c\x19\xdeW\xe0\xe6\xa1\x2cA4\xb2\xca\x061\xdb\x40\xce\xb30\x15Sv\x85aP\x2f\xf3x\x22\xede\x0c\xe5\x1cOi\xf0h\xd0o\x1e\x25d\x00\x00</data></write>
    <read><length>217</length><match><data>\xcd\xab\x01\x00\xd2\x01\x00\x02\x01\x01\x0a\x02\x02\x01\x0a\xc4\x013\x07\xc1\xa1\xe6\x8d\x9ax\x5f\xe8\xb5\xa3\x15\xe7\xb3:\x85d\xa1B\x2f\xbf\x2a Z\x9e\x0fE\x26\x14pM\x40\x3b\xea\x27\xa95\x96\x1b\xb6\x02t\x92hm\x294\x9f\xd0\xcc\xac\x3c.\x14\x14\xd0\xd4\xd5\x80e\x86\xb5\xf0\xff\xf4\xa0 \x80\x98d\x08\xc1q\x9b\xde\x40 \xd4\xc5\x1aG\x5em3\xb0\xf5\xc1\xbb\xbd\x09\x3b\xe3\xd5\xe2!C\x8d\x5csM\xb7\x08\x29\xd6\xf1\xd3du\x97\xca\xad\xf1\xbb\xa0\xcd\xf3\x91\xa6\xf1\xebVy5\x99\x96f\xe2\x18Aq\xcc\xa6\x90\x16\x3e\xf7d\x1c\xf75\xda\xf8\xee\x86\x8a\xd6\x1c\x9a\x03\x2d\x3e\x9b\x24\xd4c\x19\xdeW\xe0\xe6\xa1\x2cA4\xb2\xca\x061\xdb\x40\xce\xb30\x15Sv\x85aP\x2f\xf3x\x22\xede\x0c\xe5\x1cOi\xf0h\xd0o\x1e\x25d\x00\x00</data></match></read>
    <!-- Invalid Packet\x2fSegment Length Test -->
    <write><data>\x01\x00\xcd\xab\x11\x01\x00\x02\x02\x01\x0a\x02\x03\x01\x0a\x01\x01\x13 \x00\xe1\x01\x00\x00</data></write>
    <!-- Echo Request Test -->
    <write><data>\x01\x00\xcd\xab\xa9\x01\x00\x02\x02\x01\x0a\x02\x01\x01\x0a\x9b\x01\x07\xf8\x98Kd\xd3rU\x92\xe4\x7f\x92\x8flt\xcb\x01\xddx\x16.\xb5\x84\xfb\xac\x1fsk\x7b\x0e\xa4\x5f\x18j\xeba\x96\xe3\xd8\x40b\x24Xh\xfd\xa5\xb5\xb4?\x5c\x0d?X\xbb\x9a\xde!\xf2\x60\x05\x834F\xa5N\xf9He\xe0v\x0bb\x0b\xbd\xa2\x28\xc9\xfe\x2d\xc0\xca\x0c\x8d\xbf\xacJ\xd4\xba8\x01\x9f\x83q\x9a\xc7\x8e\x97I\xd5\xfbA\x95\xddt\x89F\xcb\xc1T\xb5\x19\xa8\x93\x84\x99\xc2\x9c\xa3\xa2\x98j\x04\xc8\xfd\x28k\x0d \x11D\xcas\x92J\x88k\x13\xfc\xdf\xad\xfal\xf4\x83\x3c\x0a\xb7w\xbc\xd7f\x14\x9b\x25\x60nP\x00\x00</data></write>
    <read><length>176</length><match><data>\xcd\xab\x01\x00\xa9\x01\x00\x02\x01\x01\x0a\x02\x02\x01\x0a\x9b\x01\xf8\x07\x98Kd\xd3rU\x92\xe4\x7f\x92\x8flt\xcb\x01\xddx\x16.\xb5\x84\xfb\xac\x1fsk\x7b\x0e\xa4\x5f\x18j\xeba\x96\xe3\xd8\x40b\x24Xh\xfd\xa5\xb5\xb4?\x5c\x0d?X\xbb\x9a\xde!\xf2\x60\x05\x834F\xa5N\xf9He\xe0v\x0bb\x0b\xbd\xa2\x28\xc9\xfe\x2d\xc0\xca\x0c\x8d\xbf\xacJ\xd4\xba8\x01\x9f\x83q\x9a\xc7\x8e\x97I\xd5\xfbA\x95\xddt\x89F\xcb\xc1T\xb5\x19\xa8\x93\x84\x99\xc2\x9c\xa3\xa2\x98j\x04\xc8\xfd\x28k\x0d \x11D\xcas\x92J\x88k\x13\xfc\xdf\xad\xfal\xf4\x83\x3c\x0a\xb7w\xbc\xd7f\x14\x9b\x25\x60nP\x00\x00</data></match></read>
    <!-- Pwdgen Request Test -->
    <write><data>\x01\x00\xcd\xab\x11\x01\x00\x02\x02\x01\x0a\x02\x01\x01\x0a\x03\x01\x81\xfc\x00\x29\x03\x00\x00</data></write>
    <read><length>150</length><match><data>\xcd\xab\x01\x00\x8f\x01\x00\x02\x01\x01\x0a\x02\x02\x01\x0a\x81\x01\xfc\x81\x7eijeuchejafhkbcbnjofh\x0ablcwhbfdhghvbycoheaz\x0afggvfmesbrbsgtceapdg\x0ahiixanjpgufhfohkgacd\x0ahwflfxfbdkcgjqdlcsdm\x0ajqifivajaahacoewgnjs\x0a46\x00\x00</data></match></read>
    <!-- Echo Request Test -->
    <write><data>\x01\x00\xcd\xab\x3b\x01\x00\x02\x02\x01\x0a\x02\x01\x01\x0a\x2d\x01\x07\xf3\x2a\x97\x283\xcfP\x5c\xa7\x93\xac\xf1\xc2\xcaa\xb9\x928\xb1Jc\x80\x19\xd4\xbe\x807\xfa\x090QH\xca\xa7B\x84\xde0\xc21\xde\xa5\xb5\xca\x1e\x19\x00\x00</data></write>
    <read><length>66</length><match><data>\xcd\xab\x01\x00\x3b\x01\x00\x02\x01\x01\x0a\x02\x02\x01\x0a\x2d\x01\xf3\x07\x2a\x97\x283\xcfP\x5c\xa7\x93\xac\xf1\xc2\xcaa\xb9\x928\xb1Jc\x80\x19\xd4\xbe\x807\xfa\x090QH\xca\xa7B\x84\xde0\xc21\xde\xa5\xb5\xca\x1e\x19\x00\x00</data></match></read>
    <!-- Pwdgen Request Test -->
    <write><data>\x01\x00\xcd\xab\x11\x01\x00\x02\x02\x01\x0a\x02\x01\x01\x0a\x03\x01\x81\x99\x00\xc6\x02\x00\x00</data></write>
    <read><length>150</length><match><data>\xcd\xab\x01\x00\x8f\x01\x00\x02\x01\x01\x0a\x02\x02\x01\x0a\x81\x01\x99\x81\x7eijeuchejafhkbcbnjofh\x0ablcwhbfdhghvbycoheaz\x0afggvfmesbrbsgtceapdg\x0ahiixanjpgufhfohkgacd\x0ahwflfxfbdkcgjqdlcsdm\x0ajqifivajaahacoewgnjs\x0a\xd15\x00\x00</data></match></read>
    <!-- Spoof Test -->
    <write><data>\x01\x00\xcd\xab\x11\x01\x00\x02\x02\x01\x0a\x02\x03\x01\x0a\x03\x01\x13\x9a\x00\x5b\x02\x00\x00</data></write>
    <!-- Echo Request Test -->
    <write><data>\x01\x00\xcd\xabk\x01\x00\x02\x02\x01\x0a\x02\x01\x01\x0a\x5d\x01\x073Z\xe6\x40\x0f\x2c\xa3\x26\x937\xdf7\xf9B\x92\x03:\x40\x0a\xe3\x83\x02\xb2\xd1\xfc\x7f\x14\xf5\xf9\x5e\x5b\x8dh\x08\x0bd\xd7\x40\x9e\x12\x17\xa5\x8d\xd7\xa1\xf6x\xb6\x1c\xa1\x3dNB\xed\xb0\x1d\x2f\xcao\x40\xf8\xfb\x60\xd6\xca\xf0\x19\xa9t\x80T\x83\x91\x8b\xcc\x3d\x3d\xe0\x2a\xfd\xdc\x1a\xdc\xb7\xbb\x7d\x16\x87\x12\xcb\x28\x8a\x3d\x2f\x00\x00</data></write>
    <read><length>19</length><match><data>\xff\xff\x01\x00\x0c\x02\x00\x02\x01\x01\x0a\x00\x00\x00\x00\x1b\x02\x00\x00</data></match></read>
    <write><data>\x01\x00\xcd\xab\x0c\x03\x00\x02\x01\x01\x0a\xcd\xab\x00\x00\x0e\x03\x00\x00</data></write>
    <read><length>114</length><match><data>\xcd\xab\x01\x00k\x01\x00\x02\x01\x01\x0a\x02\x02\x01\x0a\x5d\x013\x07Z\xe6\x40\x0f\x2c\xa3\x26\x937\xdf7\xf9B\x92\x03:\x40\x0a\xe3\x83\x02\xb2\xd1\xfc\x7f\x14\xf5\xf9\x5e\x5b\x8dh\x08\x0bd\xd7\x40\x9e\x12\x17\xa5\x8d\xd7\xa1\xf6x\xb6\x1c\xa1\x3dNB\xed\xb0\x1d\x2f\xcao\x40\xf8\xfb\x60\xd6\xca\xf0\x19\xa9t\x80T\x83\x91\x8b\xcc\x3d\x3d\xe0\x2a\xfd\xdc\x1a\xdc\xb7\xbb\x7d\x16\x87\x12\xcb\x28\x8a\x3d\x2f\x00\x00</data></match></read>
    <!-- Chargen Request Test -->
    <write><data>\x01\x00\xcd\xab\x11\x01\x00\x02\x02\x01\x0a\x02\x01\x01\x0a\x03\x01\x13T\x00\x13\x02\x00\x00</data></write>
    <read><length>66</length><match><data>\xcd\xab\x01\x00\x3b\x01\x00\x02\x01\x01\x0a\x02\x02\x01\x0a\x2d\x01T\x13\x2a\x93\x1b\xb4\x9fp\x12\xa9J\xbc\x1b\xba\xd4\x1d\xb1 \xd2\xb4\x23\x03\x0e \x9eR\xb5q\xe9!\x16\xba\x82\x3e\x87\x2f\xb4Q\x10\x17\x04r\xc0\x13\xce\xdd\x13\x00\x00</data></match></read>
    <!-- Chargen Request Test -->
    <write><data>\x01\x00\xcd\xab\x11\x01\x00\x02\x02\x01\x0a\x02\x01\x01\x0a\x03\x01\x13\xca\x00\x89\x02\x00\x00</data></write>
    <read><length>87</length><match><data>\xcd\xab\x01\x00P\x01\x00\x02\x01\x01\x0a\x02\x02\x01\x0aB\x01\xca\x13?9\x0e\xa9\x13GI\xa1\xb3X\xaf\x5c\x80\xfe\x8524\xc0\xda\xce\xd4\xaf\xdf\x26\xb0.\x23\x27\x0c\xdfe\x2b\x1eJ\x5f\x0a\xff\xc0\xc4\xed\xdc\x5f\x8d\x10\x8f\xe4\xf0\x0c7\x03\xa8\x83\xe2Ua\x077BL\x2f\x27\xaf\xd6\x84\x3c \x00\x00</data></match></read>
    <!-- Wrong NxtHdr Test -->
    <write><data>\x01\x00\xcd\xab\x11\xb8\x00\x02\x02\x01\x0a\x02\x01\x01\x0a\x03\x01\x07\xee\x00\xa1\x02\x00\x00</data></write>
    <!-- Echo Request Test -->
    <write><data>\x01\x00\xcd\xab\x8e\x01\x00\x02\x02\x01\x0a\x02\x01\x01\x0a\x80\x01\x072\x7d\x1b\x01\x3cd\x8516A\x3d\xc8\xbe\xe9\xe4\x93\xee\x056\x08\xcd\x5cf\x06\x8f\xd6\x26\x1fDh\xfdK\x3e0\x7f\xc1\xb2\xef\x1f\xecT\xe9\xdf\x3c\xcbUzb\xda\x9a\xf3\xef\xf1\x04\xcb4\x26\xbdr\x7e\x98\x886\xc3v\x8afZ\x90\x97\x3d\xba\x8c\xc0\x10qg\xc80\xe0\x5fu\x96\x88QrE\xf8P\xc0\xb1.\xc5g\x29\xac\x81d\x24\x94\xa1\xcf\xbc\x9f\x91\xe7\xde\x2a\x01\xaf\x8c\x7e\x9cTx\x8b\xa6\x28\x27\xd5\xf5\xae\x81\xd4\x08\x2f \x2aA\x00\x00</data></write>
    <read><length>149</length><match><data>\xcd\xab\x01\x00\x8e\x01\x00\x02\x01\x01\x0a\x02\x02\x01\x0a\x80\x012\x07\x7d\x1b\x01\x3cd\x8516A\x3d\xc8\xbe\xe9\xe4\x93\xee\x056\x08\xcd\x5cf\x06\x8f\xd6\x26\x1fDh\xfdK\x3e0\x7f\xc1\xb2\xef\x1f\xecT\xe9\xdf\x3c\xcbUzb\xda\x9a\xf3\xef\xf1\x04\xcb4\x26\xbdr\x7e\x98\x886\xc3v\x8afZ\x90\x97\x3d\xba\x8c\xc0\x10qg\xc80\xe0\x5fu\x96\x88QrE\xf8P\xc0\xb1.\xc5g\x29\xac\x81d\x24\x94\xa1\xcf\xbc\x9f\x91\xe7\xde\x2a\x01\xaf\x8c\x7e\x9cTx\x8b\xa6\x28\x27\xd5\xf5\xae\x81\xd4\x08\x2f \x2aA\x00\x00</data></match></read>
    <!-- Echo Request Test -->
    <write><data>\x01\x00\xcd\xabI\x01\x00\x02\x02\x01\x0a\x02\x01\x01\x0a\x3b\x01\x07\x8b8\x40n\xe3\x90\xa0\xca\x19\x24\x2b\xf2z5:\xb8\xc8s\x96\xdd\xbeo\x96\xcd\x2f\x987\xad\xed\x06\x0a\x0dh7\xeb\xf0\xaf\xa0\xa0\xba\x86\x98N\xe1F\x86\xb3\xbf\x1b\x8b\x25\x8f\xd6\x1b\xcc\x60\x88\x83\x8f\x1f\x00\x00</data></write>
    <read><length>80</length><match><data>\xcd\xab\x01\x00I\x01\x00\x02\x01\x01\x0a\x02\x02\x01\x0a\x3b\x01\x8b\x078\x40n\xe3\x90\xa0\xca\x19\x24\x2b\xf2z5:\xb8\xc8s\x96\xdd\xbeo\x96\xcd\x2f\x987\xad\xed\x06\x0a\x0dh7\xeb\xf0\xaf\xa0\xa0\xba\x86\x98N\xe1F\x86\xb3\xbf\x1b\x8b\x25\x8f\xd6\x1b\xcc\x60\x88\x83\x8f\x1f\x00\x00</data></match></read>
    <!-- Spoof Test -->
    <write><data>\x01\x00\xcd\xab\x11\x01\x00\x02\x02\x01\x0a\x02\x03\x01\x0a\x03\x01\x13s\x004\x02\x00\x00</data></write>
    <!-- Echo Request Test -->
    <write><data>\x01\x00\xcd\xab\x8d\x01\x00\x02\x02\x01\x0a\x02\x01\x01\x0a\x7f\x01\x07\x03\x7c6\xea\xa5\x0e8\xc4\x28\x11z\xb9\xdboQ7\xb9\x85\xa9\x9b\xcd\xd9\x92\x7d\x11i\x14b\xe4j\xa7LB\xf4\x02\x1d\xdb\xe9k\x5e\xa8\xc6\xb9\x11\xb8\x23\x93\x83\x27\x88\x13\x82\x1bX\xe6N6\xf7\x0e\x9a\x85fw\x90f\x7bq\x05\xcd\x3d\xbd\xce\x25\x83\x8a\x98\x98W\x28\xe0\xc3\xa4pQpn\x83Id\xac\xbd\xb4\x08Y\x5eTG\x04P\xad\xf0\xa7?\xdb\x0dh\x1cj\xde\x2b\xddAs\x08\x16\xffwL\x03\x0dZ\x18\xf5\xd0\xe7\xe2\xed\x3c\x00\x00</data></write>
    <read><length>148</length><match><data>\xcd\xab\x01\x00\x8d\x01\x00\x02\x01\x01\x0a\x02\x02\x01\x0a\x7f\x01\x03\x07\x7c6\xea\xa5\x0e8\xc4\x28\x11z\xb9\xdboQ7\xb9\x85\xa9\x9b\xcd\xd9\x92\x7d\x11i\x14b\xe4j\xa7LB\xf4\x02\x1d\xdb\xe9k\x5e\xa8\xc6\xb9\x11\xb8\x23\x93\x83\x27\x88\x13\x82\x1bX\xe6N6\xf7\x0e\x9a\x85fw\x90f\x7bq\x05\xcd\x3d\xbd\xce\x25\x83\x8a\x98\x98W\x28\xe0\xc3\xa4pQpn\x83Id\xac\xbd\xb4\x08Y\x5eTG\x04P\xad\xf0\xa7?\xdb\x0dh\x1cj\xde\x2b\xddAs\x08\x16\xffwL\x03\x0dZ\x18\xf5\xd0\xe7\xe2\xed\x3c\x00\x00</data></match></read>
    <!-- Invalid Checksum Test -->
    <write><data>\x01\x00\xcd\xab\x11\x01\x00\x02\x02\x01\x0a\x02\x01\x01\x0a\x03\x01\x07\xd4\x00\x87\x02\x00\x01</data></write>
    <!-- Echo Request Test -->
    <write><data>\x01\x00\xcd\xab\x25\x01\x00\x02\x02\x01\x0a\x02\x01\x01\x0a\x17\x01\x07\xbd\x14\xcaw\xf0\x0e\x0f\xf4\x2b\xe9\x84G\xb3\x5f\xa6z8\xe7GIfk\x7f\x0c\x00\x00</data></write>
    <read><length>44</length><match><data>\xcd\xab\x01\x00\x25\x01\x00\x02\x01\x01\x0a\x02\x02\x01\x0a\x17\x01\xbd\x07\x14\xcaw\xf0\x0e\x0f\xf4\x2b\xe9\x84G\xb3\x5f\xa6z8\xe7GIfk\x7f\x0c\x00\x00</data></match></read>
    <!-- Echo Request Test -->
    <write><data>\x01\x00\xcd\xab\x1d\x01\x00\x02\x02\x01\x0a\x02\x01\x01\x0a\x0f\x01\x07\x06\x0c\x88\x0do\xac\x2b\x01P\xa1\x98\x8eg\xd2\x09\x07\x00\x00</data></write>
    <read><length>19</length><match><data>\xff\xff\x01\x00\x0c\x02\x00\x02\x01\x01\x0a\x00\x00\x00\x00\x1b\x02\x00\x00</data></match></read>
    <write><data>\x01\x00\xcd\xab\x0c\x03\x00\x02\x01\x01\x0a\xcd\xab\x00\x00\x0e\x03\x00\x00</data></write>
    <read><length>36</length><match><data>\xcd\xab\x01\x00\x1d\x01\x00\x02\x01\x01\x0a\x02\x02\x01\x0a\x0f\x01\x06\x07\x0c\x88\x0do\xac\x2b\x01P\xa1\x98\x8eg\xd2\x09\x07\x00\x00</data></match></read>
    <!-- Wrong NxtHdr Test -->
    <write><data>\x01\x00\xcd\xab\x11\x01\x00\x02\x02\x01\x0a\x02\x01\x01\x0a\x03\xc7\x07.\x00\xe1\x01\x00\x00</data></write>
    <!-- Echo Request Test -->
    <write><data>\x01\x00\xcd\xab\xd1\x01\x00\x02\x02\x01\x0a\x02\x01\x01\x0a\xc3\x01\x07\x0a\xc0\xac\xdb\x27\xd5\xdf\xdd\x09m\x7c\xe6\xbe\x28\xd2\xa1\xc2\xe7\xcdm\xa4\xc0\x1c\xd8\xab\xc2\x92\xcd\xf4\xdb\x14\x03\xd3y\x96v\x1f\xd1\x16\xfe\x82\x7bqyIe\x2b\xe7\xfa\xa1\x91vI\xdc\xbf\xd9\x15Q\x7e\x84e\x1f\xc5B\xc6\xe7\x07\x5c\x2aq\xece\x13\xcf\xd0\x852\x19\xa8\x94J\xef\xa7\x93\x3d\x5dH\xc8\x84\x1b\x8d0\xf1\x99\x8f\x0a\xe8 \xe15\x8c\x7cp\xe7\x94T\x90\x11\x97\x8c\xac\xd0\x86\xeb\x8c\xea\x60\xaf4\x8b.\x3b\x03\xc2\x7cm\x15\xcd\x08j\x9bw\xab\xe6\x9a\x2b\x84\xd6M\x93\xe1\x9e\xe5\xb9\x84\x40?\xabR\x08\xa2?\x28\xa8\xcc\xa7\x97\x3d\x9az\xfc\x7e\x8ft\x93\x17\xf1\x29z\x04\xdeZkpb\xffqV\xaf\x10\x8e\xdd\xb0b\xed\x28v\x07\x7e\xdb\xa8\xc2\xff\x2fVh\x00\x00</data></write>
    <read><length>216</length><match><data>\xcd\xab\x01\x00\xd1\x01\x00\x02\x01\x01\x0a\x02\x02\x01\x0a\xc3\x01\x0a\x07\xc0\xac\xdb\x27\xd5\xdf\xdd\x09m\x7c\xe6\xbe\x28\xd2\xa1\xc2\xe7\xcdm\xa4\xc0\x1c\xd8\xab\xc2\x92\xcd\xf4\xdb\x14\x03\xd3y\x96v\x1f\xd1\x16\xfe\x82\x7bqyIe\x2b\xe7\xfa\xa1\x91vI\xdc\xbf\xd9\x15Q\x7e\x84e\x1f\xc5B\xc6\xe7\x07\x5c\x2aq\xece\x13\xcf\xd0\x852\x19\xa8\x94J\xef\xa7\x93\x3d\x5dH\xc8\x84\x1b\x8d0\xf1\x99\x8f\x0a\xe8 \xe15\x8c\x7cp\xe7\x94T\x90\x11\x97\x8c\xac\xd0\x86\xeb\x8c\xea\x60\xaf4\x8b.\x3b\x03\xc2\x7cm\x15\xcd\x08j\x9bw\xab\xe6\x9a\x2b\x84\xd6M\x93\xe1\x9e\xe5\xb9\x84\x40?\xabR\x08\xa2?\x28\xa8\xcc\xa7\x97\x3d\x9az\xfc\x7e\x8ft\x93\x17\xf1\x29z\x04\xdeZkpb\xffqV\xaf\x10\x8e\xdd\xb0b\xed\x28v\x07\x7e\xdb\xa8\xc2\xff\x2fVh\x00\x00</data></match></read>
    <!-- Spoof Test -->
    <write><data>\x01\x00\xcd\xab\x11\x01\x00\x02\x02\x01\x0a\x02\x03\x01\x0a\x03\x01\x13\xd2\x00\x93\x02\x00\x00</data></write>
    <!-- Echo Request Test -->
    <write><data>\x01\x00\xcd\xab\xc2\x01\x00\x02\x02\x01\x0a\x02\x01\x01\x0a\xb4\x01\x07t\xb1\xc2\x13O\xca\xc2\xc0\xf0\x1cf\xb8\xc0\x2c\x22\x990\xe7\xc2z\xb6\x08Q\x83\x9a\xd3T\x0a\x2f\x98\xb1\x28\x0d\x0f\xe9D\xab\x5d\xcb\xf1\xd6?n\x93\xdeL\xd7q7\xfa\xd81\xe1\xc13LT\xc4z\x09Va\x8d\x3e\xf1\x3cp\xf5\x2f\x0b\x2b\x16\xb9m\xcf\xa2\x14\xb0\xcd:L\x8d\xd93\xb3\x90\x88\x3b\x16E\xd6\xe7\x90\x1bnDHj\xe6\x05\xb2.\xc3\x98\xd6\x22\x3bk\xdc\xd3\x98\x85\x8dS\x09\xde\x93\xe2\x7ePza\xa8l\x9f\x28\xe0\xf0\xb4\xcb\x07\x04r\x02\x1c\x9a\x8b\xfcx\x22\x25\xf6H\xe4\xdbW\xa0Q\xa52\xf0\x5e\xd8\xcd\xa3\xba\x98\xffk\xc4h\x11C\xde\x0d\xa5\x604\xf0\x1a\xc5\xc4\xf4\x09\xc2\xaf\x9d\x2a\xed:\x5d\x00\x00</data></write>
    <read><length>201</length><match><data>\xcd\xab\x01\x00\xc2\x01\x00\x02\x01\x01\x0a\x02\x02\x01\x0a\xb4\x01t\x07\xb1\xc2\x13O\xca\xc2\xc0\xf0\x1cf\xb8\xc0\x2c\x22\x990\xe7\xc2z\xb6\x08Q\x83\x9a\xd3T\x0a\x2f\x98\xb1\x28\x0d\x0f\xe9D\xab\x5d\xcb\xf1\xd6?n\x93\xdeL\xd7q7\xfa\xd81\xe1\xc13LT\xc4z\x09Va\x8d\x3e\xf1\x3cp\xf5\x2f\x0b\x2b\x16\xb9m\xcf\xa2\x14\xb0\xcd:L\x8d\xd93\xb3\x90\x88\x3b\x16E\xd6\xe7\x90\x1bnDHj\xe6\x05\xb2.\xc3\x98\xd6\x22\x3bk\xdc\xd3\x98\x85\x8dS\x09\xde\x93\xe2\x7ePza\xa8l\x9f\x28\xe0\xf0\xb4\xcb\x07\x04r\x02\x1c\x9a\x8b\xfcx\x22\x25\xf6H\xe4\xdbW\xa0Q\xa52\xf0\x5e\xd8\xcd\xa3\xba\x98\xffk\xc4h\x11C\xde\x0d\xa5\x604\xf0\x1a\xc5\xc4\xf4\x09\xc2\xaf\x9d\x2a\xed:\x5d\x00\x00</data></match></read>
    <!-- Invalid Checksum Test -->
    <write><data>\x01\x00\xcd\xab\x11\x01\x00\x02\x02\x01\x0a\x02\x01\x01\x0a\x03\x01\x07\xed\x00\xa0\x02\x00\x01</data></write>
    <!-- Echo Request Test -->
    <write><data>\x01\x00\xcd\xab4\x01\x00\x02\x02\x01\x0a\x02\x01\x01\x0a\x26\x01\x07\xa8\x23\xf3EQ\x8bI0\xb6\x84\xa8\x29\xfc\xe4:\xfb\x60TBX\xa0\xe4B\xc8\xa7\x26\xe1\xa0\xa1J\x12\x0dH\xf6\x2f\x94\xec\x92\x14\x00\x00</data></write>
    <read><length>59</length><match><data>\xcd\xab\x01\x004\x01\x00\x02\x01\x01\x0a\x02\x02\x01\x0a\x26\x01\xa8\x07\x23\xf3EQ\x8bI0\xb6\x84\xa8\x29\xfc\xe4:\xfb\x60TBX\xa0\xe4B\xc8\xa7\x26\xe1\xa0\xa1J\x12\x0dH\xf6\x2f\x94\xec\x92\x14\x00\x00</data></match></read>
    <!-- Spoof Test -->
    <write><data>\x01\x00\xcd\xab\x11\x01\x00\x02\x02\x01\x0a\x02\x03\x01\x0a\x03\x01\x13\xb3\x00t\x02\x00\x00</data></write>
    <!-- Echo Request Test -->
    <write><data>\x01\x00\xcd\xabv\x01\x00\x02\x02\x01\x0a\x02\x01\x01\x0ah\x01\x07\x7de\x85S\x0b\x98\x11\x29\x1b\x7c\xfc\x1f\xab\xe1\x07\xa3\xdfE\x1a\x91\x28\x7b1\x2b\xc4R\x15\x05\x03\xf7\xd1\xf87\xcae\x8c\x89\xa7\x1cW\x82\x2f\x95\xa6\x5cP\xcc\x28\xa0\x7f\xc7w\x2a\x3b\x1e\x26j\x86\xaeu\xa6\xbf\x7c\x1e\x9b\x09\xab\x0c\x5f\xc7C\xf0\xaa\x0d\x11Z\x98O\xaa\x13\x7b\xa1\x94\x3c\x22T\xa6\x5d\x23\x3eVH\xec\xdb\xea\x8a\x8d\xc0\x7d9\x16\xd6qo\x2f\x00\x00</data></write>
    <read><length>125</length><match><data>\xcd\xab\x01\x00v\x01\x00\x02\x01\x01\x0a\x02\x02\x01\x0ah\x01\x7d\x07e\x85S\x0b\x98\x11\x29\x1b\x7c\xfc\x1f\xab\xe1\x07\xa3\xdfE\x1a\x91\x28\x7b1\x2b\xc4R\x15\x05\x03\xf7\xd1\xf87\xcae\x8c\x89\xa7\x1cW\x82\x2f\x95\xa6\x5cP\xcc\x28\xa0\x7f\xc7w\x2a\x3b\x1e\x26j\x86\xaeu\xa6\xbf\x7c\x1e\x9b\x09\xab\x0c\x5f\xc7C\xf0\xaa\x0d\x11Z\x98O\xaa\x13\x7b\xa1\x94\x3c\x22T\xa6\x5d\x23\x3eVH\xec\xdb\xea\x8a\x8d\xc0\x7d9\x16\xd6qo\x2f\x00\x00</data></match></read>
    <!-- Chargen Request Test -->
    <write><data>\x01\x00\xcd\xab\x11\x01\x00\x02\x02\x01\x0a\x02\x01\x01\x0a\x03\x01\x13\x0c\x00\xcb\x01\x00\x00</data></write>
    <read><length>72</length><match><data>\xcd\xab\x01\x00A\x01\x00\x02\x01\x01\x0a\x02\x02\x01\x0a3\x01\x0c\x1306\x12\xa1\xe7x\xf34\x2c\x8b\x99zn\xfe\xa9\x0e\xb8\x0d\xba\x91\x945\x8c\xc4\x23ck\xf8\xa0\xf0\xf9\xddU\x8d\x83\xafz\x2b\xe7\xc1\xef\xa7\xce\xc1\xf3U\xb7\xfb\xa5T\x1e\x00\x00</data></match></read>
    <!-- Wrong NxtHdr Test -->
    <write><data>\x01\x00\xcd\xab\x11\x01\x00\x02\x02\x01\x0a\x02\x01\x01\x0a\x03\x16\x07k\x00\x1e\x02\x00\x00</data></write>
    <!-- Echo Request Test -->
    <write><data>\x01\x00\xcd\xabM\x01\x00\x02\x02\x01\x0a\x02\x01\x01\x0a?\x01\x07\xe0\x3c\xad\xe8\xabe\xdcI\xae\x7b\x0a\x22\x5e\x84\x06\x96\x3c\xcb\xfe\x26\xa3\xfa\xebNW\xffV\xce\xb3P\xado\x06\xd2\x0a\xd8!\x5bD\xad\xbe\xff6L\xcd\x0c\xa1\x8f\xd2\xf6\xb7\x8dG\x092\x0f\x9f\xd3\xea\x05\xad\xe2z\x22\x00\x00</data></write>
    <read><length>84</length><match><data>\xcd\xab\x01\x00M\x01\x00\x02\x01\x01\x0a\x02\x02\x01\x0a?\x01\xe0\x07\x3c\xad\xe8\xabe\xdcI\xae\x7b\x0a\x22\x5e\x84\x06\x96\x3c\xcb\xfe\x26\xa3\xfa\xebNW\xffV\xce\xb3P\xado\x06\xd2\x0a\xd8!\x5bD\xad\xbe\xff6L\xcd\x0c\xa1\x8f\xd2\xf6\xb7\x8dG\x092\x0f\x9f\xd3\xea\x05\xad\xe2z\x22\x00\x00</data></match></read>
    <!-- Wrong NxtHdr Test -->
    <write><data>\x01\x00\xcd\xab\x11\x94\x00\x02\x02\x01\x0a\x02\x01\x01\x0a\x03\x01\x07\xc9\x00\x7c\x02\x00\x00</data></write>
    <!-- Echo Request Test -->
    <write><data>\x01\x00\xcd\xab\x1f\x01\x00\x02\x02\x01\x0a\x02\x01\x01\x0a\x11\x01\x07\xd7\x0e\x0bC\xcf\x94\x2fL:\x16\x89\x1d\xea\xa16\xa9\x40\x08\x00\x00</data></write>
    <read><length>19</length><match><data>\xff\xff\x01\x00\x0c\x02\x00\x02\x01\x01\x0a\x00\x00\x00\x00\x1b\x02\x00\x00</data></match></read>
    <write><data>\x01\x00\xcd\xab\x0c\x03\x00\x02\x01\x01\x0a\xcd\xab\x00\x00\x0e\x03\x00\x00</data></write>
    <read><length>38</length><match><data>\xcd\xab\x01\x00\x1f\x01\x00\x02\x01\x01\x0a\x02\x02\x01\x0a\x11\x01\xd7\x07\x0e\x0bC\xcf\x94\x2fL:\x16\x89\x1d\xea\xa16\xa9\x40\x08\x00\x00</data></match></read>
    <!-- Chargen Request Test -->
    <write><data>\x01\x00\xcd\xab\x11\x01\x00\x02\x02\x01\x0a\x02\x01\x01\x0a\x03\x01\x13\xba\x00y\x02\x00\x00</data></write>
    <read><length>113</length><match><data>\xcd\xab\x01\x00j\x01\x00\x02\x01\x01\x0a\x02\x02\x01\x0a\x5c\x01\xba\x13Y\x60\x7b\xb8q\x08L\xee\xa3\xc9\xa4\x01\xa4\x18\x10\x9cX\x16\xfbHc\x5f\x0f\xe1\xe1f\xd5\xf0\x25\x96\x9d\xf0\xf0\xf9\x2a\x84G\x1b\x2ciP\x0e\xa9\x18n\x3b\xaf\x3e\xfa\xc4\x7b\x9a\xe2\x89\x27\x1f\x17\xc1\x9c\x2fr\x94\xf5\xc4a\x11\xcb\xfcv\x91\xf6\x85\xb8\xb5\x40\x81\x917\x60\xa7\x1c\x0e\xdd\xae\xaat\x92\xb6\xd1\x99\x600\x00\x00</data></match></read>
    <!-- Spoof Test -->
    <write><data>\x01\x00\xcd\xab\x11\x01\x00\x02\x02\x01\x0a\x02\x03\x01\x0a\x03\x01\x13a\x00\x22\x02\x00\x00</data></write>
    <!-- Echo Request Test -->
    <write><data>\x01\x00\xcd\xab\x86\x01\x00\x02\x02\x01\x0a\x02\x01\x01\x0ax\x01\x07\xbdu\x60\xdd\x0aCY\xb3\xa6\xc4C\x941\x14\xb8\xd5M\xa2q\x1c\x5f\x91\xfc\xca\xfeA\xb6\x0ap\x9f3\xda\xb2\xdfP\xa3\x25g\xc8O\x8f\x89\x0d\xb5\x95\x3cO\x93\x3c\xfb\x9f\xecl\xacZ\x05\x9c\x28A\x1c\x3e\xe6\x91\x8b8\xea\x06\x7c\x16\xae9\x7f\xe6\xeb\xa3\x92\x93\x92\x8c\x40D\xa1\xf1\x90h\xd8R\xf1\x9fh\x5b9\xf1\x90\x3e\xb5\xd7\x17hV\x28S\x88\x19D\x40\xa7\x10\xd4B\x22\xc21\xf8\x19\x03\x8d\x06ZQ\x3b\x00\x00</data></write>
    <read><length>141</length><match><data>\xcd\xab\x01\x00\x86\x01\x00\x02\x01\x01\x0a\x02\x02\x01\x0ax\x01\xbd\x07u\x60\xdd\x0aCY\xb3\xa6\xc4C\x941\x14\xb8\xd5M\xa2q\x1c\x5f\x91\xfc\xca\xfeA\xb6\x0ap\x9f3\xda\xb2\xdfP\xa3\x25g\xc8O\x8f\x89\x0d\xb5\x95\x3cO\x93\x3c\xfb\x9f\xecl\xacZ\x05\x9c\x28A\x1c\x3e\xe6\x91\x8b8\xea\x06\x7c\x16\xae9\x7f\xe6\xeb\xa3\x92\x93\x92\x8c\x40D\xa1\xf1\x90h\xd8R\xf1\x9fh\x5b9\xf1\x90\x3e\xb5\xd7\x17hV\x28S\x88\x19D\x40\xa7\x10\xd4B\x22\xc21\xf8\x19\x03\x8d\x06ZQ\x3b\x00\x00</data></match></read>
    <!-- Invalid Checksum Test -->
    <write><data>\x01\x00\xcd\xab\x11\x01\x00\x02\x02\x01\x0a\x02\x01\x01\x0a\x03\x01\x07\x80\x003\x02\x00\x01</data></write>
    <!-- Echo Request Test -->
    <write><data>\x01\x00\xcd\xab8\x01\x00\x02\x02\x01\x0a\x02\x01\x01\x0a\x2a\x01\x07R\x27\xffS\x94\xedx\xe1\xd1ZQL\xa4\x5c\xf6\xa3\xba\x9e\xb3\xcb\xb4\x23b\xcf\xa3\xa8\xf4 \x9ej\xc280\xe8\xb2\x28\x83\x1b7\xf3hh\x18\x00\x00</data></write>
    <read><length>63</length><match><data>\xcd\xab\x01\x008\x01\x00\x02\x01\x01\x0a\x02\x02\x01\x0a\x2a\x01R\x07\x27\xffS\x94\xedx\xe1\xd1ZQL\xa4\x5c\xf6\xa3\xba\x9e\xb3\xcb\xb4\x23b\xcf\xa3\xa8\xf4 \x9ej\xc280\xe8\xb2\x28\x83\x1b7\xf3hh\x18\x00\x00</data></match></read>
    <!-- Invalid Packet\x2fSegment Length Test -->
    <write><data>\x01\x00\xcd\xab\x11\x01\x00\x02\x02\x01\x0a\x02\x03\x01\x0a\x01\x01\x13\x06\x00\xc7\x01\x00\x00</data></write>
    <!-- Echo Request Test -->
    <write><data>\x01\x00\xcd\xab\x19\x01\x00\x02\x02\x01\x0a\x02\x01\x01\x0a\x0b\x01\x07\xb0\x08Q\xcc\xc3\x14\x0a\xd5\x2dv\xf1\x05\x00\x00</data></write>
    <read><length>32</length><match><data>\xcd\xab\x01\x00\x19\x01\x00\x02\x01\x01\x0a\x02\x02\x01\x0a\x0b\x01\xb0\x07\x08Q\xcc\xc3\x14\x0a\xd5\x2dv\xf1\x05\x00\x00</data></match></read>
    <!-- Echo Request Test -->
    <write><data>\x01\x00\xcd\xabe\x01\x00\x02\x02\x01\x0a\x02\x01\x01\x0aW\x01\x07AT\x12\x1b\xe7\x7e\xb7\x1f\x09\x5b8\xa6K\x1f\xc4 !\x9e\x9b\x23\x60\x24\xcab\x2a\x28\xa3\x7f\x5e\x99\xf8\xaf\x99E\xe5\x26e\x5d\x3cUJ\x1a\xed\x91\x3b8K\x06\xf3g:?\x5b\xb8\xf0\xf0Q\x60\x3e\xdbM\xfb\xdf\xa6h\x60\xd98\xc7\x062z\xe6\xdf\xa7\x9f\xab\x3e\xcd\xcfl\x3b\xb0\xb9\x29\xc5F\x2a\x00\x00</data></write>
    <read><length>108</length><match><data>\xcd\xab\x01\x00e\x01\x00\x02\x01\x01\x0a\x02\x02\x01\x0aW\x01A\x07T\x12\x1b\xe7\x7e\xb7\x1f\x09\x5b8\xa6K\x1f\xc4 !\x9e\x9b\x23\x60\x24\xcab\x2a\x28\xa3\x7f\x5e\x99\xf8\xaf\x99E\xe5\x26e\x5d\x3cUJ\x1a\xed\x91\x3b8K\x06\xf3g:?\x5b\xb8\xf0\xf0Q\x60\x3e\xdbM\xfb\xdf\xa6h\x60\xd98\xc7\x062z\xe6\xdf\xa7\x9f\xab\x3e\xcd\xcfl\x3b\xb0\xb9\x29\xc5F\x2a\x00\x00</data></match></read>
    <!-- Echo Request Test -->
    <write><data>\x01\x00\xcd\xab\xe2\x01\x00\x02\x02\x01\x0a\x02\x01\x01\x0a\xd4\x01\x07\xf4\xd1\x18\x2f\x07\xdc\xa8\xc7\xe4\xa1jn\x29\x25\xfes\x05\xd4\xfc:\xc7\x09\xfeW\xc2\x85P\xf0\xda\xdb\x7e\x18\x8b\xa3r\x0a\x24\xcd\x0c\xa6\x0d\xdc\x161\xc1\xee\xdb6\x07y\x9f8\x171k\x1a\xcf\xca\x16\xd9a\x23\xa7J\xf0I\x25\xfb\xd3\xeazc\x0b\x96\xca\x12\x88\xb0\xac\x8f\x2c\x09\x1d\xc1\x82\x9d\xde\xe8\xa5\x18\x25Z\xae\xacP\x5c\x1c\xeb\xc8\x85\xb5\xbb?\xd0\xd8\xf0\xee\x7bT8\xba\x3c\xcf\xbdr\xf4\x3c\xf8\xb4\x7c\x17\xff\xa9\xb3\x02\xc2\x96T\x18\x9f\x01\xd8\xeapT\xcf\x27\x3b\x1a\x07\x10\x2c\xf0\xb8\x83\x229F\xad\x07\x7fA\xceN\x2a\x98\x18\x22\xd9\xf3GYB\x0a\x11\x18N7\x40OR\xe5Z\xf9t\xb1\x23\x1d\xfe\x963J\x12\xffzx\x29\xa4\xc1E\x0al\x2a\xb5k6\xe9\x8c\x84\xc9\xd0H\xe8\x0d\xb0\xd3\x8a\xea\x25Ck\xcah\x00\x00</data></write>
    <read><length>233</length><match><data>\xcd\xab\x01\x00\xe2\x01\x00\x02\x01\x01\x0a\x02\x02\x01\x0a\xd4\x01\xf4\x07\xd1\x18\x2f\x07\xdc\xa8\xc7\xe4\xa1jn\x29\x25\xfes\x05\xd4\xfc:\xc7\x09\xfeW\xc2\x85P\xf0\xda\xdb\x7e\x18\x8b\xa3r\x0a\x24\xcd\x0c\xa6\x0d\xdc\x161\xc1\xee\xdb6\x07y\x9f8\x171k\x1a\xcf\xca\x16\xd9a\x23\xa7J\xf0I\x25\xfb\xd3\xeazc\x0b\x96\xca\x12\x88\xb0\xac\x8f\x2c\x09\x1d\xc1\x82\x9d\xde\xe8\xa5\x18\x25Z\xae\xacP\x5c\x1c\xeb\xc8\x85\xb5\xbb?\xd0\xd8\xf0\xee\x7bT8\xba\x3c\xcf\xbdr\xf4\x3c\xf8\xb4\x7c\x17\xff\xa9\xb3\x02\xc2\x96T\x18\x9f\x01\xd8\xeapT\xcf\x27\x3b\x1a\x07\x10\x2c\xf0\xb8\x83\x229F\xad\x07\x7fA\xceN\x2a\x98\x18\x22\xd9\xf3GYB\x0a\x11\x18N7\x40OR\xe5Z\xf9t\xb1\x23\x1d\xfe\x963J\x12\xffzx\x29\xa4\xc1E\x0al\x2a\xb5k6\xe9\x8c\x84\xc9\xd0H\xe8\x0d\xb0\xd3\x8a\xea\x25Ck\xcah\x00\x00</data></match></read>
    <!-- Chargen Request Test -->
    <write><data>\x01\x00\xcd\xab\x11\x01\x00\x02\x02\x01\x0a\x02\x01\x01\x0a\x03\x01\x13\xc5\x00\x84\x02\x00\x00</data></write>
    <read><length>19</length><match><data>\xff\xff\x01\x00\x0c\x02\x00\x02\x01\x01\x0a\x00\x00\x00\x00\x1b\x02\x00\x00</data></match></read>
    <write><data>\x01\x00\xcd\xab\x0c\x03\x00\x02\x01\x01\x0a\xcd\xab\x00\x00\x0e\x03\x00\x00</data></write>
    <read><length>53</length><match><data>\xcd\xab\x01\x00.\x01\x00\x02\x01\x01\x0a\x02\x02\x01\x0a \x01\xc5\x13\x1d\x2b\x06\x9a\xd5\xe3\xc9\x90\xbc\xe6\xb3r\x84B\xda\x2a\x19\xb6\xf8\x8c\xe7\xef\xc6\xbb\xc2j\x91W\xb7\xaek\x14\x00\x00</data></match></read>
    <!-- Echo Request Test -->
    <write><data>\x01\x00\xcd\xab\x7b\x01\x00\x02\x02\x01\x0a\x02\x01\x01\x0am\x01\x07\x19j!\xeej\x05\x8d\xa8h\xca\x1e6\x2b\xc2\xec7\x5bt\xdcT\xa3\xacpf\xe67\x0e\xc8\x99A\x5b\xe5l\xcfZ\xa9w?\x195M6\x1di\x25c\x24AH\xbb\x5f\x96\x82j\x0d\x1d\x10A\x27\x5ff\xb00N\x603q\xc1\xd3gP\xf5\x1c\xea\xa1\x26\xb1\x167\x02A\x5e\x9dDj\x5e\x18\x8bS\xd3Z\x8b\x1d\xa5\x86\xcf\xb1Y\xdc\xe2\x9a\x1c\x24\x92\x08\x5d\xf1\xee\xcb0\x00\x00</data></write>
    <read><length>130</length><match><data>\xcd\xab\x01\x00\x7b\x01\x00\x02\x01\x01\x0a\x02\x02\x01\x0am\x01\x19\x07j!\xeej\x05\x8d\xa8h\xca\x1e6\x2b\xc2\xec7\x5bt\xdcT\xa3\xacpf\xe67\x0e\xc8\x99A\x5b\xe5l\xcfZ\xa9w?\x195M6\x1di\x25c\x24AH\xbb\x5f\x96\x82j\x0d\x1d\x10A\x27\x5ff\xb00N\x603q\xc1\xd3gP\xf5\x1c\xea\xa1\x26\xb1\x167\x02A\x5e\x9dDj\x5e\x18\x8bS\xd3Z\x8b\x1d\xa5\x86\xcf\xb1Y\xdc\xe2\x9a\x1c\x24\x92\x08\x5d\xf1\xee\xcb0\x00\x00</data></match></read>
    <!-- ResolveL2Adjacency Test -->
    <write><data>\xff\xff\xcd\xab\x0c\x02\x00\x01\x01\x01\x0a\x00\x00\x00\x00\x91\x03\x00\x00</data></write>
    <read><length>19</length><match><data>\xcd\xab\x01\x00\x0c\x03\x00\x01\x01\x01\x0a\x01\x00\x00\x00\x96\x01\x00\x00</data></match></read>
</replay>
</pov>