<?xml version="1.0" standalone="no" ?>
<!DOCTYPE pov SYSTEM "/usr/share/cgc-docs/replay.dtd">
<pov>
<cbid>service</cbid>
<seed>133d04ceb48e5d284caffbb7668f7b1314e00b7bbbee18eec3ab9d091a8217a42c72e4dbd115bc4761895b701f25b856</seed>
<replay>
    <!-- ResolveL2Adjacency Test -->
    <write><data>\xff\xff\xcd\xab\x0c\x02\x00\x01\x01\x01\x0a\x00\x00\x00\x00\x91\x03\x00\x00</data></write>
    <read><length>19</length><match><data>\xcd\xab\x01\x00\x0c\x03\x00\x01\x01\x01\x0a\x01\x00\x00\x00\x96\x01\x00\x00</data></match></read>
    <!-- Spoof Test -->
    <write><data>\x01\x00\xcd\xab\x11\x01\x00\x02\x02\x01\x0a\x02\x03\x01\x0a\x03\x01\x13\xbe\x00\x7f\x02\x00\x00</data></write>
    <!-- Echo Request Test -->
    <write><data>\x01\x00\xcd\xab\xc4\x01\x00\x02\x02\x01\x0a\x02\x01\x01\x0a\xb6\x01\x07N\xb3V\xd1\x925\x0b\xea\xe4\xb1\xbdi\xd6\x0eJ\xfa\xbata\xa6J9yg\xd3\xaa\x04\xd6dU8\xe2\x2ca\xae\xec\x60o\xa6L\xbf\xf6\xbd\xa7\x93J\xafv\x97\xfd\xc1\x02\x1c\x03\x9c\xf8\xa7\x19\xfch\x7b\x8a\x2d\x15B\xa5\xa1\xef\xea\x9em\x17\x9e\x24\xd4\xe6\x0c\xb3\x5c\x0d\xbd\x1d\xda\x1d\xd5\x5d\xd4\xd3\xa7\xdf4\x8f?DA\xe99\xd28\x0b\x16y\xc6\xb8\xa6\xeeM\xdf\xcb\xea\xcd6\xbe\xf2\xcbRzx\xf4\x60N\x8a\x11\xcf\x01\x83\xd6\xd1.\xaf\xecb\x86\xe9\x13Q\x7e\xe5\x8dt\xc3\xe9\xfc\xd3\xd4\x12\xfd\xa4\xf0\x7e\x60\xb4\x0f\xa9\xad\x25\x0eJ\x07f\xde\xd1p\xa0\xa7\x97\xa8\x92\xc1\xb76\xe0\xdd\x0d\xce\xa1x\xecR\xea\x0e\xabd\x00\x00</data></write>
    <read><length>19</length><match><data>\xff\xff\x01\x00\x0c\x02\x00\x02\x01\x01\x0a\x00\x00\x00\x00\x1b\x02\x00\x00</data></match></read>
    <write><data>\x01\x00\xcd\xab\x0c\x03\x00\x02\x01\x01\x0a\xcd\xab\x00\x00\x0e\x03\x00\x00</data></write>
    <read><length>203</length><match><data>\xcd\xab\x01\x00\xc4\x01\x00\x02\x01\x01\x0a\x02\x02\x01\x0a\xb6\x01N\x07\xb3V\xd1\x925\x0b\xea\xe4\xb1\xbdi\xd6\x0eJ\xfa\xbata\xa6J9yg\xd3\xaa\x04\xd6dU8\xe2\x2ca\xae\xec\x60o\xa6L\xbf\xf6\xbd\xa7\x93J\xafv\x97\xfd\xc1\x02\x1c\x03\x9c\xf8\xa7\x19\xfch\x7b\x8a\x2d\x15B\xa5\xa1\xef\xea\x9em\x17\x9e\x24\xd4\xe6\x0c\xb3\x5c\x0d\xbd\x1d\xda\x1d\xd5\x5d\xd4\xd3\xa7\xdf4\x8f?DA\xe99\xd28\x0b\x16y\xc6\xb8\xa6\xeeM\xdf\xcb\xea\xcd6\xbe\xf2\xcbRzx\xf4\x60N\x8a\x11\xcf\x01\x83\xd6\xd1.\xaf\xecb\x86\xe9\x13Q\x7e\xe5\x8dt\xc3\xe9\xfc\xd3\xd4\x12\xfd\xa4\xf0\x7e\x60\xb4\x0f\xa9\xad\x25\x0eJ\x07f\xde\xd1p\xa0\xa7\x97\xa8\x92\xc1\xb76\xe0\xdd\x0d\xce\xa1x\xecR\xea\x0e\xabd\x00\x00</data></match></read>
    <!-- ResolveL2Adjacency Test -->
    <write><data>\xff\xff\xcd\xab\x0c\x02\x00\x01\x01\x01\x0a\x00\x00\x00\x00\x91\x03\x00\x00</data></write>
    <read><length>19</length><match><data>\xcd\xab\x01\x00\x0c\x03\x00\x01\x01\x01\x0a\x01\x00\x00\x00\x96\x01\x00\x00</data></match></read>
    <!-- Chargen Request Test -->
    <write><data>\x01\x00\xcd\xab\x11\x01\x00\x02\x02\x01\x0a\x02\x01\x01\x0a\x03\x01\x13\x01\x00\xc0\x01\x00\x00</data></write>
    <read><length>28</length><match><data>\xcd\xab\x01\x00\x15\x01\x00\x02\x01\x01\x0a\x02\x02\x01\x0a\x07\x01\x01\x13\x04\xe7\x1fX\x5b\x85\x03\x00\x00</data></match></read>
    <!-- Invalid Checksum Test -->
    <write><data>\x01\x00\xcd\xab\x11\x01\x00\x02\x02\x01\x0a\x02\x01\x01\x0a\x03\x01\x07\x1e\x00\xd1\x01\x00\x01</data></write>
    <!-- Echo Request Test -->
    <write><data>\x01\x00\xcd\xabX\x01\x00\x02\x02\x01\x0a\x02\x01\x01\x0aJ\x01\x07CG\x1dY\x1e\xfc\xe5\xab\xfb\xf5\xcc\x88\xad\xb7N\xd0\xbb\x3d9\x15\x1c\x851\x7cu\xb5\x7e\x8a\xd5s\xf5B\x1a\x7e\xfe\xd7\x28\x07f\x26\x8fvoT\x91\xd5m\x5b\x0fR\x40\xb7\xc5\xbb\xf2\xa6\xab\xc3\xc9\xc2\x97\xb7G\xce\xc73o\xce\xa8da\xa3\xa7\xce\x28\x00\x00</data></write>
    <read><length>95</length><match><data>\xcd\xab\x01\x00X\x01\x00\x02\x01\x01\x0a\x02\x02\x01\x0aJ\x01C\x07G\x1dY\x1e\xfc\xe5\xab\xfb\xf5\xcc\x88\xad\xb7N\xd0\xbb\x3d9\x15\x1c\x851\x7cu\xb5\x7e\x8a\xd5s\xf5B\x1a\x7e\xfe\xd7\x28\x07f\x26\x8fvoT\x91\xd5m\x5b\x0fR\x40\xb7\xc5\xbb\xf2\xa6\xab\xc3\xc9\xc2\x97\xb7G\xce\xc73o\xce\xa8da\xa3\xa7\xce\x28\x00\x00</data></match></read>
    <!-- Invalid Packet\x2fSegment Length Test -->
    <write><data>\x01\x00\xcd\xab\x11\x01\x00\x02\x02\x01\x0a\x02\x03\x01\x0a\x01\x01\x13R\x00\x13\x02\x00\x00</data></write>
    <!-- Echo Request Test -->
    <write><data>\x01\x00\xcd\xab\x86\x01\x00\x02\x02\x01\x0a\x02\x01\x01\x0ax\x01\x075u\x9b\xd5\x08sN2d\xc69\x9f\xd8\xc4h\xfe\xbf\xda\xd3\xd8\xa1Og\x2c\xb5\xcf\x87\x2d\x11\x1c\x11\x95\xb6\x12\x08\x26\x7c\x28\x5f\x5fD\xe7\xbb\xb0a\x1dVL\xfc\xe6\x8dt\x1a\x13\xce\x29\x5d\xa8.\xc0\x0at\xe4Q\xf7Q\xde\xb1cE\x92\xd2\xd05\xb7S\x7d\x24\xa4\x80v\x2b\x87\xd9\x5e\x8d\xb7L\x09\xb7\x89\x5ei\x94\xd4\x1d\xf21\x9f\x3d\x8dq\xde\x28Y\x87\xa4\x1bB\xcb\xb3\x04\x9b\xb5\xf9\xdc\xdeZ\xe6\x27\x3d\x00\x00</data></write>
    <read><length>141</length><match><data>\xcd\xab\x01\x00\x86\x01\x00\x02\x01\x01\x0a\x02\x02\x01\x0ax\x015\x07u\x9b\xd5\x08sN2d\xc69\x9f\xd8\xc4h\xfe\xbf\xda\xd3\xd8\xa1Og\x2c\xb5\xcf\x87\x2d\x11\x1c\x11\x95\xb6\x12\x08\x26\x7c\x28\x5f\x5fD\xe7\xbb\xb0a\x1dVL\xfc\xe6\x8dt\x1a\x13\xce\x29\x5d\xa8.\xc0\x0at\xe4Q\xf7Q\xde\xb1cE\x92\xd2\xd05\xb7S\x7d\x24\xa4\x80v\x2b\x87\xd9\x5e\x8d\xb7L\x09\xb7\x89\x5ei\x94\xd4\x1d\xf21\x9f\x3d\x8dq\xde\x28Y\x87\xa4\x1bB\xcb\xb3\x04\x9b\xb5\xf9\xdc\xdeZ\xe6\x27\x3d\x00\x00</data></match></read>
    <!-- Chargen Request Test -->
    <write><data>\x01\x00\xcd\xab\x11\x01\x00\x02\x02\x01\x0a\x02\x01\x01\x0a\x03\x01\x138\x00\xf7\x01\x00\x00</data></write>
    <read><length>116</length><match><data>\xcd\xab\x01\x00m\x01\x00\x02\x01\x01\x0a\x02\x02\x01\x0a\x5f\x018\x13\x5cJ\x2ay\x2fq\x09U\x5bG\x99\x00\x00\x96\x7by\xb5\x8a\x0d\xb3\xaf?\x14\x80:\x08\xe2R\xef\xe5\xbai\x8e\xb0G\x0f\xf7\x98N\xf1\xe6F\x07\xaaG\x24\x91\xc1s8\xc3\xfb\x04\x60\x25\xa5\xd9Z\x00\xe6\x18\x82\x19\x25\xef\x8f\xca\xf9\xd0\xad\xeaN\xfc\xd8\xd4\x0f\x24\x7c\x5d\x5d\x9f\xcb\xbe\xeb\xf0\xe8M\x28\xa8\xb3\x04C5k\x2f\x00\x00</data></match></read>
    <!-- Pwdgen Request Test -->
    <write><data>\x01\x00\xcd\xab\x11\x01\x00\x02\x02\x01\x0a\x02\x01\x01\x0a\x03\x01\x81\xab\x00\xd8\x02\x00\x00</data></write>
    <read><length>150</length><match><data>\xcd\xab\x01\x00\x8f\x01\x00\x02\x01\x01\x0a\x02\x02\x01\x0a\x81\x01\xab\x81\x7ecgawhigtgeabarapinbf\x0afohdaefyiyikbeilejjv\x0aashugcfigrcvcsjqihbm\x0ahejhfhamaiicazamhbbs\x0aeydsaddqbqcgfcjfjbhs\x0agsciewaydydeepeufwdr\x0a\xeb5\x00\x00</data></match></read>
    <!-- ResolveL2Adjacency Test -->
    <write><data>\xff\xff\xcd\xab\x0c\x02\x00\x01\x01\x01\x0a\x00\x00\x00\x00\x91\x03\x00\x00</data></write>
    <read><length>19</length><match><data>\xcd\xab\x01\x00\x0c\x03\x00\x01\x01\x01\x0a\x01\x00\x00\x00\x96\x01\x00\x00</data></match></read>
    <!-- ResolveL2Adjacency Test -->
    <write><data>\xff\xff\xcd\xab\x0c\x02\x00\x01\x01\x01\x0a\x00\x00\x00\x00\x91\x03\x00\x00</data></write>
    <read><length>19</length><match><data>\xcd\xab\x01\x00\x0c\x03\x00\x01\x01\x01\x0a\x01\x00\x00\x00\x96\x01\x00\x00</data></match></read>
    <!-- Unknown Unicast Test -->
    <write><data>\x00\xb0\xcd\xab\x11\x01\x00\x02\x02\x01\x0a\x02\x03\x01\x0a\x03\x01\x13\x03\x00s\x02\x00\x00</data></write>
    <!-- Echo Request Test -->
    <write><data>\x01\x00\xcd\xab\xcc\x01\x00\x02\x02\x01\x0a\x02\x01\x01\x0a\xbe\x01\x07\xcf\xbb\xacy\x03\xf4\x97\xc4\x3c\x2b\x8f\xcb\x26u\xe6\xbb\xfdv\x86\xe8t\xe4\x8fz\x86\x229!\x81\xb0\x7d\x22\x91t\x94\xd7A\x8f\x9c\xbc\xaf6G\xd1e\xc6:\xa9R.\x06\x27\xe0\xe9eGc\xf4\x1d\x04m\xe8\xf5wU\xbbK\x86\x88\x83QV\xc3\xb4\xf0\x2b\xae\x03\x12\xe0\xdb\xf4\x01\x16\xa6\x2b\x98\x0c\x5eG\xef\x9a\x7e\x5e\x2d\xfa\xaa\xa7i\x12\x18\xa1\xe9\x1c\x17\xfd\xbb\xed\x8f\xbb\x9d\x86\x85\xc3y\xce\x85\xdd\x01h\x8fu\x1b9\x01\xfc\xcd\xe7\x2cD:\xff\xa7Abt\x7b\xd8r\x92z\x3e\xd2\x97\x13\xbc\xd0\x23g\x264\x14\xa9\xb7\xbb\x0fca\xe1\x28\xc7\xe3\x99\x1e\xa94\xa8Gk\x5b\x3e\xfeG\x15\x96vD\xef\x806C4\x9bA\xfa\xf3\x0f\x9b\x0d\x87\x60\x00\x00</data></write>
    <read><length>211</length><match><data>\xcd\xab\x01\x00\xcc\x01\x00\x02\x01\x01\x0a\x02\x02\x01\x0a\xbe\x01\xcf\x07\xbb\xacy\x03\xf4\x97\xc4\x3c\x2b\x8f\xcb\x26u\xe6\xbb\xfdv\x86\xe8t\xe4\x8fz\x86\x229!\x81\xb0\x7d\x22\x91t\x94\xd7A\x8f\x9c\xbc\xaf6G\xd1e\xc6:\xa9R.\x06\x27\xe0\xe9eGc\xf4\x1d\x04m\xe8\xf5wU\xbbK\x86\x88\x83QV\xc3\xb4\xf0\x2b\xae\x03\x12\xe0\xdb\xf4\x01\x16\xa6\x2b\x98\x0c\x5eG\xef\x9a\x7e\x5e\x2d\xfa\xaa\xa7i\x12\x18\xa1\xe9\x1c\x17\xfd\xbb\xed\x8f\xbb\x9d\x86\x85\xc3y\xce\x85\xdd\x01h\x8fu\x1b9\x01\xfc\xcd\xe7\x2cD:\xff\xa7Abt\x7b\xd8r\x92z\x3e\xd2\x97\x13\xbc\xd0\x23g\x264\x14\xa9\xb7\xbb\x0fca\xe1\x28\xc7\xe3\x99\x1e\xa94\xa8Gk\x5b\x3e\xfeG\x15\x96vD\xef\x806C4\x9bA\xfa\xf3\x0f\x9b\x0d\x87\x60\x00\x00</data></match></read>
    <!-- Pwdgen Request Test -->
    <write><data>\x01\x00\xcd\xab\x11\x01\x00\x02\x02\x01\x0a\x02\x01\x01\x0a\x03\x01\x81\xd7\x00\x04\x03\x00\x00</data></write>
    <read><length>19</length><match><data>\xff\xff\x01\x00\x0c\x02\x00\x02\x01\x01\x0a\x00\x00\x00\x00\x1b\x02\x00\x00</data></match></read>
    <write><data>\x01\x00\xcd\xab\x0c\x03\x00\x02\x01\x01\x0a\xcd\xab\x00\x00\x0e\x03\x00\x00</data></write>
    <read><length>150</length><match><data>\xcd\xab\x01\x00\x8f\x01\x00\x02\x01\x01\x0a\x02\x02\x01\x0a\x81\x01\xd7\x81\x7ecgawhigtgeabarapinbf\x0afohdaefyiyikbeilejjv\x0aashugcfigrcvcsjqihbm\x0ahejhfhamaiicazamhbbs\x0aeydsaddqbqcgfcjfjbhs\x0agsciewaydydeepeufwdr\x0a\x176\x00\x00</data></match></read>
    <!-- Invalid Checksum Test -->
    <write><data>\x01\x00\xcd\xab\x11\x01\x00\x02\x02\x01\x0a\x02\x01\x01\x0a\x03\x01\x075\x00\xe8\x01\x00\x01</data></write>
    <!-- Echo Request Test -->
    <write><data>\x01\x00\xcd\xab\xa9\x01\x00\x02\x02\x01\x0a\x02\x01\x01\x0a\x9b\x01\x07\xf9\x98\xe3\x28\xaf8\xe18jH\xc5\xac\xde\xa00\xe1\x16\x91\x12h\x1d\x06\x60\x8c\xcd\xe4X\xcc\x94\x09\x86\x0f\xber\x7dJ\x60T\xc0\xd3\xbf\x1c\x04\x2a4\x2a\xd8a\x3c\x1a?\x0d\xb2\xa9\xa5\xf8\x1eZ\x88\x2aK\xc0\xce\xc7\x0d\x03\x8b\x1fjH\xda\xa7d\x8cK\x12\xa9P\xad\x12\x0b\x0a\x5d\xc8k\xfa:V\x81\xaa\xa8\xc7VL\xfc\xc1\x84\xb8\x05H\xc4\x5b\x19\x08\xa0\xe3\x92IB\x1e\xf6\xba3\x02\xf3\xb3\x95y\x5e\xd1\x5e\x2d\xb5\x81\xfd0\xbb\x97\xea\xc69\xdc\xb4h\x03\x84\x87\xf3\x14G\xe9\x86qf\x05\xc3!\xfd\xa6\xe7\xf9\xb1\x26p\x89L\x00\x00</data></write>
    <read><length>176</length><match><data>\xcd\xab\x01\x00\xa9\x01\x00\x02\x01\x01\x0a\x02\x02\x01\x0a\x9b\x01\xf9\x07\x98\xe3\x28\xaf8\xe18jH\xc5\xac\xde\xa00\xe1\x16\x91\x12h\x1d\x06\x60\x8c\xcd\xe4X\xcc\x94\x09\x86\x0f\xber\x7dJ\x60T\xc0\xd3\xbf\x1c\x04\x2a4\x2a\xd8a\x3c\x1a?\x0d\xb2\xa9\xa5\xf8\x1eZ\x88\x2aK\xc0\xce\xc7\x0d\x03\x8b\x1fjH\xda\xa7d\x8cK\x12\xa9P\xad\x12\x0b\x0a\x5d\xc8k\xfa:V\x81\xaa\xa8\xc7VL\xfc\xc1\x84\xb8\x05H\xc4\x5b\x19\x08\xa0\xe3\x92IB\x1e\xf6\xba3\x02\xf3\xb3\x95y\x5e\xd1\x5e\x2d\xb5\x81\xfd0\xbb\x97\xea\xc69\xdc\xb4h\x03\x84\x87\xf3\x14G\xe9\x86qf\x05\xc3!\xfd\xa6\xe7\xf9\xb1\x26p\x89L\x00\x00</data></match></read>
    <!-- Wrong NxtHdr Test -->
    <write><data>\x01\x00\xcd\xab\x11\x01\x00\x02\x02\x01\x0a\x02\x01\x01\x0a\x03H\x07\xde\x00\x91\x02\x00\x00</data></write>
    <!-- Echo Request Test -->
    <write><data>\x01\x00\xcd\xab\xf1\x01\x00\x02\x02\x01\x0a\x02\x01\x01\x0a\xe3\x01\x07\x0d\xe0\xde\xc5\x89\x29\xcc\xa0\xa1\xdc\x7b\xa2\x99k\xb1\x11\x04\x91\xa73\x3d\xb9\xc7K\x82\x14\x40\xcc\x08\x158\xc5\xc2\xbau5x\xd3\xa3\xed\x5e\xbaY\x3e\xab\x8c\xe7\xd5\x93\xb3N\x03\xd7\xf9\xf2Uo\xc3u\x99q\xd8\xcf\x80\x5c\x9bE\xc2\xc6\x8c\x91\x7e76\xfdJ\x0d\x28q\x0eN\xed\x83\x8bW\xf55F\xed\xe0\x82\xd3\x92\x93J\xed\xc4\x8d\xc8MHMa\x13B\x1c\x0d\x9f?g\xbe\xe5g\x85\x1c\xe1f\x88\xa9\xcd\x5d\xae\x83.\xd6\xee\x07\x5bH\x8f\xc1\xfd\x8c\x08\xcd\xb9\x8a\x22\xeb\x9en\x3b\x60\x05H7\xddgm:2\x1f\x3d\x1c.m\x2b\x8ez\x5dv\xf5OW\xfb\x28\xdf\xb5\xbauC\xc3\xcd\x89\x99\xcb\xc8\xb4\x27\xe0\x91S\xd9?\xed\xa1\xea\x3d\xf93\x1f\x88\x05\x89jf\xc7\xc3\xd1\x9d\x82\xdc\xe6\xb2\xfe\xe0\xcdv\xa3\xdb!2\xba\xe7\xafT\xce\x2c\x29\x9d\x8d\x5d\xfa\xd6\x03\x13\x84x\x00\x00</data></write>
    <read><length>248</length><match><data>\xcd\xab\x01\x00\xf1\x01\x00\x02\x01\x01\x0a\x02\x02\x01\x0a\xe3\x01\x0d\x07\xe0\xde\xc5\x89\x29\xcc\xa0\xa1\xdc\x7b\xa2\x99k\xb1\x11\x04\x91\xa73\x3d\xb9\xc7K\x82\x14\x40\xcc\x08\x158\xc5\xc2\xbau5x\xd3\xa3\xed\x5e\xbaY\x3e\xab\x8c\xe7\xd5\x93\xb3N\x03\xd7\xf9\xf2Uo\xc3u\x99q\xd8\xcf\x80\x5c\x9bE\xc2\xc6\x8c\x91\x7e76\xfdJ\x0d\x28q\x0eN\xed\x83\x8bW\xf55F\xed\xe0\x82\xd3\x92\x93J\xed\xc4\x8d\xc8MHMa\x13B\x1c\x0d\x9f?g\xbe\xe5g\x85\x1c\xe1f\x88\xa9\xcd\x5d\xae\x83.\xd6\xee\x07\x5bH\x8f\xc1\xfd\x8c\x08\xcd\xb9\x8a\x22\xeb\x9en\x3b\x60\x05H7\xddgm:2\x1f\x3d\x1c.m\x2b\x8ez\x5dv\xf5OW\xfb\x28\xdf\xb5\xbauC\xc3\xcd\x89\x99\xcb\xc8\xb4\x27\xe0\x91S\xd9?\xed\xa1\xea\x3d\xf93\x1f\x88\x05\x89jf\xc7\xc3\xd1\x9d\x82\xdc\xe6\xb2\xfe\xe0\xcdv\xa3\xdb!2\xba\xe7\xafT\xce\x2c\x29\x9d\x8d\x5d\xfa\xd6\x03\x13\x84x\x00\x00</data></match></read>
    <!-- Spoof Test -->
    <write><data>\x01\x00\xcd\xab\x11\x01\x00\x02\x02\x01\x0a\x02\x03\x01\x0a\x03\x01\x13R\x00\x13\x02\x00\x00</data></write>
    <!-- Echo Request Test -->
    <write><data>\x01\x00\xcd\xab\xaa\x01\x00\x02\x02\x01\x0a\x02\x01\x01\x0a\x9c\x01\x07\x5b\x99Y\x08\xa3q\x8d\xbc\x7dg6\xac\x22\x0dY\x29\xfb\xa7\x5cI\x14\x96\xe8LU\x8c\x8e\xfa6F\x7b\x5c\x13\xdd9\xb9\xa8\xa7B\x9c\x0e\x2fZ\xafL\xdbb\xc8\xa3\xce\xc9\xa2\xda\xaf\x8e\x949\xdf\xc6\xb0r\x05\x9a?\xe0\xad\x2d\x02\xaf \xa6\x28\x93Xj\xc4A\xd0\xdf\x25c\x9a\xd9\xa5\x22\x1ajk\x9a\x1c\x16\xe5j\xbcL\xaaK\xb69\xbcb\x9a\xc3\xc0\x11\x2c\xc3\x080\x91\xb8\xbf\xc7y\x80d\x2cU\xff\xfad\x0aJ\x92\x14f\xba\x11\xac\xd9\x9b\xbb\x2d\x7e\x3e\xd0\xd17\x8a\xfaNo2\x08\x11\xf7Ea\x5c\xd7J6\x91\xb5q\xebL\x00\x00</data></write>
    <read><length>177</length><match><data>\xcd\xab\x01\x00\xaa\x01\x00\x02\x01\x01\x0a\x02\x02\x01\x0a\x9c\x01\x5b\x07\x99Y\x08\xa3q\x8d\xbc\x7dg6\xac\x22\x0dY\x29\xfb\xa7\x5cI\x14\x96\xe8LU\x8c\x8e\xfa6F\x7b\x5c\x13\xdd9\xb9\xa8\xa7B\x9c\x0e\x2fZ\xafL\xdbb\xc8\xa3\xce\xc9\xa2\xda\xaf\x8e\x949\xdf\xc6\xb0r\x05\x9a?\xe0\xad\x2d\x02\xaf \xa6\x28\x93Xj\xc4A\xd0\xdf\x25c\x9a\xd9\xa5\x22\x1ajk\x9a\x1c\x16\xe5j\xbcL\xaaK\xb69\xbcb\x9a\xc3\xc0\x11\x2c\xc3\x080\x91\xb8\xbf\xc7y\x80d\x2cU\xff\xfad\x0aJ\x92\x14f\xba\x11\xac\xd9\x9b\xbb\x2d\x7e\x3e\xd0\xd17\x8a\xfaNo2\x08\x11\xf7Ea\x5c\xd7J6\x91\xb5q\xebL\x00\x00</data></match></read>
    <!-- Invalid Packet\x2fSegment Length Test -->
    <write><data>\x01\x00\xcd\xab\x11\x01\x00\x02\x02\x01\x0a\x02\x03\x01\x0a\x01\x01\x13O\x00\x10\x02\x00\x00</data></write>
    <!-- Echo Request Test -->
    <write><data>\x01\x00\xcd\xab\xf3\x01\x00\x02\x02\x01\x0a\x02\x01\x01\x0a\xe5\x01\x07\x15\xe2fIh\xe4\x9e\x7e\xad\x2a\x997\xb6v\xb1\xb0\xde\x9c\x1da\xbe\x1f\x05\x12\xa3\x11\x84\xaeD\x84\xfbv\x9440\xa6\x92\x99\x5e\xa2\x9f\x40T\x28\x7dTm\x3e\xa5:\x86\xab\xea\xc7\x5bd\xb6\xdd\xc6\x97h\x1exd\xc4?\x3b\x5bB\xcd\x5d\x16\x19\x22\xd6m3LU\xf2\xb2\x8a\x7c\xa9\x3cQF\xcf\xa9\xdbb\x23s \x10\xd4\xd9\x9bx\x25\x25\x7f\xb7\x40u6\x29\x2c\xe0\xd3\xfe\x5b\x8c\xa0\xa3\x1a\x0e\xd1\x9d\xab\xaei\xbdX\xc7\xcc5nx\x13\x3d\x8dm\xfb\x1f\xe4\x14\xe5L\x2a\xde\x91\xba\x27\xc1\x04\xfa H\xdd\xb3\x1c\xe0\x7d\xae\xe3\xa0\x13r\xe7Ru\x3c\xce\xeb\x3b\xad\x25.\x150\xf7W\x60\x11\x86yt\xbf\x03\xc5e\xbe5\xd0\xa6\xca\xbe\x27\xb0\xe7:\x0a\x7f\xafF\xd4\x2cB\x11\x05\x5e\x03X\xad\x06\x7d\x7fc\xdf\xee\x99K?\x7fG\xf4\x0fU\xf1\xfe\xd9\x17S\x89\x03\xee\xb9\xe5o\x00\x00</data></write>
    <read><length>250</length><match><data>\xcd\xab\x01\x00\xf3\x01\x00\x02\x01\x01\x0a\x02\x02\x01\x0a\xe5\x01\x15\x07\xe2fIh\xe4\x9e\x7e\xad\x2a\x997\xb6v\xb1\xb0\xde\x9c\x1da\xbe\x1f\x05\x12\xa3\x11\x84\xaeD\x84\xfbv\x9440\xa6\x92\x99\x5e\xa2\x9f\x40T\x28\x7dTm\x3e\xa5:\x86\xab\xea\xc7\x5bd\xb6\xdd\xc6\x97h\x1exd\xc4?\x3b\x5bB\xcd\x5d\x16\x19\x22\xd6m3LU\xf2\xb2\x8a\x7c\xa9\x3cQF\xcf\xa9\xdbb\x23s \x10\xd4\xd9\x9bx\x25\x25\x7f\xb7\x40u6\x29\x2c\xe0\xd3\xfe\x5b\x8c\xa0\xa3\x1a\x0e\xd1\x9d\xab\xaei\xbdX\xc7\xcc5nx\x13\x3d\x8dm\xfb\x1f\xe4\x14\xe5L\x2a\xde\x91\xba\x27\xc1\x04\xfa H\xdd\xb3\x1c\xe0\x7d\xae\xe3\xa0\x13r\xe7Ru\x3c\xce\xeb\x3b\xad\x25.\x150\xf7W\x60\x11\x86yt\xbf\x03\xc5e\xbe5\xd0\xa6\xca\xbe\x27\xb0\xe7:\x0a\x7f\xafF\xd4\x2cB\x11\x05\x5e\x03X\xad\x06\x7d\x7fc\xdf\xee\x99K?\x7fG\xf4\x0fU\xf1\xfe\xd9\x17S\x89\x03\xee\xb9\xe5o\x00\x00</data></match></read>
    <!-- Wrong NxtHdr Test -->
    <write><data>\x01\x00\xcd\xab\x11\x01\x00\x02\x02\x01\x0a\x02\x01\x01\x0a\x03\x12\x07\x89\x00\x3c\x02\x00\x00</data></write>
    <!-- Echo Request Test -->
    <write><data>\x01\x00\xcd\xab\xa2\x01\x00\x02\x02\x01\x0a\x02\x01\x01\x0a\x94\x01\x07O\x91A\xfaB\xda\x04L\xce\x83W\x3e\xff\x9b\xc6LP\x7b\x87\x5cY\x29Z\x99WR\x11d\xa9!\xd9\xff\x7e\xb5\xa2\xc0\xfe8\xee\xe6\x25c\x03\x02\xf9\x40o\xbd4\x5b\xb1A\x96\xe6g\x0e\xf1\x12\xee\x5d\xd8Ze9\xb5\x2de\x9b\xdb\x9a\x7e\xd5\x92t0b\x22\xf2\x60v\xda4\x5f\xe5\x9f\xc4\xc1\xe0\xf4\xc3Vv\x5d\xaa\x2aeQK\x96!.\xeb\xf2\xfai\x05z\xb2\x1e\x0b\x40\x7c\x7d\xe6A\x60u\x1a\xa6\x3b\xac\x3d\x3d\xc3\x7e\x02\x5e\x5c\xc4\xed\x03\xb3\xbc\x29\xbd\xed\x2a\x3c\xfa\x5d\xc8\xedo\xd2kIl\xc4K\x00\x00</data></write>
    <read><length>169</length><match><data>\xcd\xab\x01\x00\xa2\x01\x00\x02\x01\x01\x0a\x02\x02\x01\x0a\x94\x01O\x07\x91A\xfaB\xda\x04L\xce\x83W\x3e\xff\x9b\xc6LP\x7b\x87\x5cY\x29Z\x99WR\x11d\xa9!\xd9\xff\x7e\xb5\xa2\xc0\xfe8\xee\xe6\x25c\x03\x02\xf9\x40o\xbd4\x5b\xb1A\x96\xe6g\x0e\xf1\x12\xee\x5d\xd8Ze9\xb5\x2de\x9b\xdb\x9a\x7e\xd5\x92t0b\x22\xf2\x60v\xda4\x5f\xe5\x9f\xc4\xc1\xe0\xf4\xc3Vv\x5d\xaa\x2aeQK\x96!.\xeb\xf2\xfai\x05z\xb2\x1e\x0b\x40\x7c\x7d\xe6A\x60u\x1a\xa6\x3b\xac\x3d\x3d\xc3\x7e\x02\x5e\x5c\xc4\xed\x03\xb3\xbc\x29\xbd\xed\x2a\x3c\xfa\x5d\xc8\xedo\xd2kIl\xc4K\x00\x00</data></match></read>
    <!-- Unknown Unicast Test -->
    <write><data>\x01\xb0\xcd\xab\x11\x01\x00\x02\x02\x01\x0a\x02\x03\x01\x0a\x03\x01\x13\xe0\x00Q\x03\x00\x00</data></write>
    <!-- Echo Request Test -->
    <write><data>\x01\x00\xcd\xab\xe8\x01\x00\x02\x02\x01\x0a\x02\x01\x01\x0a\xda\x01\x07\x7c\xd71Mk\x3c\xfa\x7c\x13\x8e\x2a\xd5u\x2a\x0b\x3c\x28L\xb2\x1a\xdc\x98\xa2?\xb0e\xcaS\xde\xf2\x98\x9b\x02\x86\x14f\x7e\xf3l\xa3Q\x02\x8a\x2b\x3bu\xf4\x0f\xe5k!\xd8\x10\xaaDr\x18\xe4\xefS\xc6\xad\xe3\xec\xb9\x7d\xfbU\xdf\xa3xH\x8c\x9fc\x90\x9f\x9f\xf3\x0b\xcd\x06O\x04BQ\xa7\x9c\xf1\xad\xe0\xe9\xab F\xb5\xff\xa8\x9c\xb0\xb3\x7b\x5f5r\x87D6\x7f\xbf\xfe\x7e\x12\xa2\x40d\xf3\x94\x10\x98\x23\xe0t\x26\x8c\xe3\x12\xd9\x81\x60\xb3\xfe\xeaL\xdc\xea\x1dk\x8d\xa4\xb7\xe1\x40c\xb4W\x1f\x9asCMPJ\xbc\xa0\xecr\x8b\x28\xc9\xc8\xe2\xdcA\xc6\x7eK\xc62\xf0\x92\x9cu\xa9\xfb\xf2U\xd4\x8dRu\x06?\x1e\x86\x7b\xd1\xcc\x1f\x1c\x1e\xdb\x16\xbd\x93\x9b\xba\x89\xa2\x99\xdd\x60g\xb6\x27?\x16\xa4\x14\x16\xb9\xfd\x1bt\xe7\x95gMr\x00\x00</data></write>
    <read><length>239</length><match><data>\xcd\xab\x01\x00\xe8\x01\x00\x02\x01\x01\x0a\x02\x02\x01\x0a\xda\x01\x7c\x07\xd71Mk\x3c\xfa\x7c\x13\x8e\x2a\xd5u\x2a\x0b\x3c\x28L\xb2\x1a\xdc\x98\xa2?\xb0e\xcaS\xde\xf2\x98\x9b\x02\x86\x14f\x7e\xf3l\xa3Q\x02\x8a\x2b\x3bu\xf4\x0f\xe5k!\xd8\x10\xaaDr\x18\xe4\xefS\xc6\xad\xe3\xec\xb9\x7d\xfbU\xdf\xa3xH\x8c\x9fc\x90\x9f\x9f\xf3\x0b\xcd\x06O\x04BQ\xa7\x9c\xf1\xad\xe0\xe9\xab F\xb5\xff\xa8\x9c\xb0\xb3\x7b\x5f5r\x87D6\x7f\xbf\xfe\x7e\x12\xa2\x40d\xf3\x94\x10\x98\x23\xe0t\x26\x8c\xe3\x12\xd9\x81\x60\xb3\xfe\xeaL\xdc\xea\x1dk\x8d\xa4\xb7\xe1\x40c\xb4W\x1f\x9asCMPJ\xbc\xa0\xecr\x8b\x28\xc9\xc8\xe2\xdcA\xc6\x7eK\xc62\xf0\x92\x9cu\xa9\xfb\xf2U\xd4\x8dRu\x06?\x1e\x86\x7b\xd1\xcc\x1f\x1c\x1e\xdb\x16\xbd\x93\x9b\xba\x89\xa2\x99\xdd\x60g\xb6\x27?\x16\xa4\x14\x16\xb9\xfd\x1bt\xe7\x95gMr\x00\x00</data></match></read>
    <!-- Chargen Request Test -->
    <write><data>\x01\x00\xcd\xab\x11\x01\x00\x02\x02\x01\x0a\x02\x01\x01\x0a\x03\x01\x13\x93\x00R\x02\x00\x00</data></write>
    <read><length>19</length><match><data>\xff\xff\x01\x00\x0c\x02\x00\x02\x01\x01\x0a\x00\x00\x00\x00\x1b\x02\x00\x00</data></match></read>
    <write><data>\x01\x00\xcd\xab\x0c\x03\x00\x02\x01\x01\x0a\xcd\xab\x00\x00\x0e\x03\x00\x00</data></write>
    <read><length>89</length><match><data>\xcd\xab\x01\x00R\x01\x00\x02\x01\x01\x0a\x02\x02\x01\x0aD\x01\x93\x13A\x9d\xac\x09\xf1\x8e\x13\xc2\xf4\xb0q\xd5\xfd\xf1R\xdb\x8bu\xc3p\x28H\x26\xb9\xa3\xc7d\xbc\xa1\x86J\xb1tT\xf4\x14\xf9\xd2\x3d\x10r5\x19\xef\x5f\x84\xa2\x9dp\x0bO\xd2\xe0\x944\xff\xf3\x0d\xf2\xdfzM\x1d2\xdeU\x04\x26\x00\x00</data></match></read>
    <!-- Unknown Unicast Test -->
    <write><data>\x02\xb0\xcd\xab\x11\x01\x00\x02\x02\x01\x0a\x02\x03\x01\x0a\x03\x01\x13\xda\x00L\x03\x00\x00</data></write>
    <!-- Echo Request Test -->
    <write><data>\x01\x00\xcd\xabK\x01\x00\x02\x02\x01\x0a\x02\x01\x01\x0a\x3d\x01\x07\x04:\xed\xd3\x7c\x97K\x11\x9e\xbc\x22\x8f\xc2\x1c\x2b\xec\xaa\xd4\xdb5\x8f\x85\x0f\xa3\x26\x9ciT\x5f\xa1R\x85\xeb\x0b\x09a\x92\x91\x09\xafVA\xb0\x40\xba\x07y\x91\x95\x9c\xd1\xc62\xd44\x7e\x99\x13\x24\x172\x1d\x00\x00</data></write>
    <read><length>82</length><match><data>\xcd\xab\x01\x00K\x01\x00\x02\x01\x01\x0a\x02\x02\x01\x0a\x3d\x01\x04\x07:\xed\xd3\x7c\x97K\x11\x9e\xbc\x22\x8f\xc2\x1c\x2b\xec\xaa\xd4\xdb5\x8f\x85\x0f\xa3\x26\x9ciT\x5f\xa1R\x85\xeb\x0b\x09a\x92\x91\x09\xafVA\xb0\x40\xba\x07y\x91\x95\x9c\xd1\xc62\xd44\x7e\x99\x13\x24\x172\x1d\x00\x00</data></match></read>
    <!-- Echo Request Test -->
    <write><data>\x01\x00\xcd\xab\xb8\x01\x00\x02\x02\x01\x0a\x02\x01\x01\x0a\xaa\x01\x07i\xa7y\x85\xf3\xa0d\xe7\xdfiE\xd5H\x26\xc8\xc0\xca\xf9\x14Z\x85lB\xcf\x3bW\x14p\xaa\x94jN\xe0\x0a\x17\x5cn\xcd\x8e\xc9\xf0\x1e\x8f\xdd\x3c\xf3\xfd\xf6\xbfFT\xd0RFi\x3b\xae\x3e\x09\xef3\x24\x05\xb7 \xa8 \xd7\x1a\xd7\x2d\x0bC\x09e\x80\x2f\xe7Y\xca\x1dO\xa0\x12\x1e\x8c\xe7\x07\x3eF\x19\x9d\x23\xbes\x3bI\xd8\xe4\x95\x7b8\xef\xe3\xce\xcc\xc5\xe9\xf1\x89\x22\x1d\xd9\x9f\x0e\xad\x2f\xa0w1\x1f\xb5\x9a\x83\x8e\x9dg\x9e\xa9jL\xd2\xc5\xa1\xdfo\xb2\xa4\xfe\xf9\x3b\x2b\x27\x1b\xc3\xcbs\xe4J\x17\xbb\xb5\xc8\xd4r\x97v\xf0\xbb\x8b\xb5\xb7\x09.\x2dHV\x9d\xaa\xbdW\x00\x00</data></write>
    <read><length>191</length><match><data>\xcd\xab\x01\x00\xb8\x01\x00\x02\x01\x01\x0a\x02\x02\x01\x0a\xaa\x01i\x07\xa7y\x85\xf3\xa0d\xe7\xdfiE\xd5H\x26\xc8\xc0\xca\xf9\x14Z\x85lB\xcf\x3bW\x14p\xaa\x94jN\xe0\x0a\x17\x5cn\xcd\x8e\xc9\xf0\x1e\x8f\xdd\x3c\xf3\xfd\xf6\xbfFT\xd0RFi\x3b\xae\x3e\x09\xef3\x24\x05\xb7 \xa8 \xd7\x1a\xd7\x2d\x0bC\x09e\x80\x2f\xe7Y\xca\x1dO\xa0\x12\x1e\x8c\xe7\x07\x3eF\x19\x9d\x23\xbes\x3bI\xd8\xe4\x95\x7b8\xef\xe3\xce\xcc\xc5\xe9\xf1\x89\x22\x1d\xd9\x9f\x0e\xad\x2f\xa0w1\x1f\xb5\x9a\x83\x8e\x9dg\x9e\xa9jL\xd2\xc5\xa1\xdfo\xb2\xa4\xfe\xf9\x3b\x2b\x27\x1b\xc3\xcbs\xe4J\x17\xbb\xb5\xc8\xd4r\x97v\xf0\xbb\x8b\xb5\xb7\x09.\x2dHV\x9d\xaa\xbdW\x00\x00</data></match></read>
    <!-- Chargen Request Test -->
    <write><data>\x01\x00\xcd\xab\x11\x01\x00\x02\x02\x01\x0a\x02\x01\x01\x0a\x03\x01\x13\xb4\x00s\x02\x00\x00</data></write>
    <read><length>66</length><match><data>\xcd\xab\x01\x00\x3b\x01\x00\x02\x01\x01\x0a\x02\x02\x01\x0a\x2d\x01\xb4\x13\x2a\xf7\x8c!wl\x8d\x9b\xb9?\x95\x03\xd1\x2a\x7b\xb8\xa4\x2a\xd0\xa2\xcbU\x07P\xff\xcd\x8f\x8a\xc4g\xaf\xd4\xc0\xf0Z\x5f\x01\xb4\xc8\x0b\x16\x5bV\x60\x18\x00\x00</data></match></read>
    <!-- Invalid Checksum Test -->
    <write><data>\x01\x00\xcd\xab\x11\x01\x00\x02\x02\x01\x0a\x02\x01\x01\x0a\x03\x01\x07z\x00\x2d\x02\x00\x01</data></write>
    <!-- Echo Request Test -->
    <write><data>\x01\x00\xcd\xab\x60\x01\x00\x02\x02\x01\x0a\x02\x01\x01\x0aR\x01\x07:O\x04\xd4\xf2\x28\x12\x2a\xb1\x03\xb1k\x13\x5d\xd1\x40\x27\x92s\x82\xc2\x12\xcb\xa9K\x0bz8\xb2\xaaa\xde\xe2\x07\x93\x7b\x12\xf9zM\xf8\xd7j\xf5g\x14\xf0\x84iO\x0e\x2d\x0d\xfb0z2\x24T\x14\xaf\x9eZ\x7b\x2c\x9b\x86\xb6g\x5e\x94\x24Z\x94\x919\xd4\x86\xd7\x91\x2b\x82\x26\x00\x00</data></write>
    <read><length>103</length><match><data>\xcd\xab\x01\x00\x60\x01\x00\x02\x01\x01\x0a\x02\x02\x01\x0aR\x01:\x07O\x04\xd4\xf2\x28\x12\x2a\xb1\x03\xb1k\x13\x5d\xd1\x40\x27\x92s\x82\xc2\x12\xcb\xa9K\x0bz8\xb2\xaaa\xde\xe2\x07\x93\x7b\x12\xf9zM\xf8\xd7j\xf5g\x14\xf0\x84iO\x0e\x2d\x0d\xfb0z2\x24T\x14\xaf\x9eZ\x7b\x2c\x9b\x86\xb6g\x5e\x94\x24Z\x94\x919\xd4\x86\xd7\x91\x2b\x82\x26\x00\x00</data></match></read>
    <!-- Echo Request Test -->
    <write><data>\x01\x00\xcd\xabF\x01\x00\x02\x02\x01\x0a\x02\x01\x01\x0a8\x01\x07o5x9D\x23\x0bq\x9d\xa3\x8a\x02\xdcYE\x24tO\x97\xcf\x99\xd4\x92k\xd8\x12\x3c\xd6\xbfW\x92w\x14\xfe\xb0yp\x60TP\xdc\xd2\xcbY\x89\x2cG\x99\x3e\xdd\xfa\x9e\x23W\xcaz\x1c\x00\x00</data></write>
    <read><length>77</length><match><data>\xcd\xab\x01\x00F\x01\x00\x02\x01\x01\x0a\x02\x02\x01\x0a8\x01o\x075x9D\x23\x0bq\x9d\xa3\x8a\x02\xdcYE\x24tO\x97\xcf\x99\xd4\x92k\xd8\x12\x3c\xd6\xbfW\x92w\x14\xfe\xb0yp\x60TP\xdc\xd2\xcbY\x89\x2cG\x99\x3e\xdd\xfa\x9e\x23W\xcaz\x1c\x00\x00</data></match></read>
    <!-- Echo Request Test -->
    <write><data>\x01\x00\xcd\xab\xde\x01\x00\x02\x02\x01\x0a\x02\x01\x01\x0a\xd0\x01\x07\x82\xcd\xd7w\x25\xa1\xd0\xa2L\xae?U!\xefj9\x26KO\xec\x1d\xd1T\xd5\x9df\x03\xf4x\x7d\x81M\xbeRz\x9b\xda\xe1 \x0a\xc8\xea\xd2\xcf\x17\xeb\xf8\xd6\xbex\xa1\xd3\xb2\x2aX\xf1\xfa\xd7\xf9\x22\xfd\xf2HX\xff\xf7\xb4\xfe\xe8\x0f\x13\x9b5\xf4\x0e\xab\xaa\xcf\x0e\x7b\x2a\x5f\xa6\x2d\xb6\xda\x85\x88\x13\xbf\x0f\x94\x28\xec\x8e\x87\xf6c\xb7\x1a\xcc\xa1\x15\xe0\xc2\xc2\x04h\x3d\x7b\xd1\x92\x2b\xa1EF\xd8\x88\xe1e\x0f\x84\xf5\x8b\x12nJQ\x12\x0e\x9dV\xe7B\xda\xce\xa5\x0dw\x9d\x8e\x96\x1c\xb5\x0fm\xdd\xd3\x11\x11\x2c\x13\xf2\xe6C\xa2e\x95\xaaE7\x2c\x01l\x27\x3e\x82K\x7f\x0a\x8cc\x1e\xfd27\xfa0\xb3\xca\xb5\x98\x9f\xed\x24F\x95J\xf3\x86\xff\x89\x1e5\xb4\xfc\xbd?\xbb\xef\x5f\xf3\x86Dp\x85T\x8cm\x00\x00</data></write>
    <read><length>229</length><match><data>\xcd\xab\x01\x00\xde\x01\x00\x02\x01\x01\x0a\x02\x02\x01\x0a\xd0\x01\x82\x07\xcd\xd7w\x25\xa1\xd0\xa2L\xae?U!\xefj9\x26KO\xec\x1d\xd1T\xd5\x9df\x03\xf4x\x7d\x81M\xbeRz\x9b\xda\xe1 \x0a\xc8\xea\xd2\xcf\x17\xeb\xf8\xd6\xbex\xa1\xd3\xb2\x2aX\xf1\xfa\xd7\xf9\x22\xfd\xf2HX\xff\xf7\xb4\xfe\xe8\x0f\x13\x9b5\xf4\x0e\xab\xaa\xcf\x0e\x7b\x2a\x5f\xa6\x2d\xb6\xda\x85\x88\x13\xbf\x0f\x94\x28\xec\x8e\x87\xf6c\xb7\x1a\xcc\xa1\x15\xe0\xc2\xc2\x04h\x3d\x7b\xd1\x92\x2b\xa1EF\xd8\x88\xe1e\x0f\x84\xf5\x8b\x12nJQ\x12\x0e\x9dV\xe7B\xda\xce\xa5\x0dw\x9d\x8e\x96\x1c\xb5\x0fm\xdd\xd3\x11\x11\x2c\x13\xf2\xe6C\xa2e\x95\xaaE7\x2c\x01l\x27\x3e\x82K\x7f\x0a\x8cc\x1e\xfd27\xfa0\xb3\xca\xb5\x98\x9f\xed\x24F\x95J\xf3\x86\xff\x89\x1e5\xb4\xfc\xbd?\xbb\xef\x5f\xf3\x86Dp\x85T\x8cm\x00\x00</data></match></read>
    <!-- Invalid Packet\x2fSegment Length Test -->
    <write><data>\x01\x00\xcd\xab\x11\x01\x00\x02\x02\x01\x0a\x02\x03\x01\x0a\x01\x01\x13c\x00\x24\x02\x00\x00</data></write>
    <!-- Echo Request Test -->
    <write><data>\x01\x00\xcd\xab\xd6\x01\x00\x02\x02\x01\x0a\x02\x01\x01\x0a\xc8\x01\x07.\xc5R\x163\xd0B\xc7\xe9\xc1\xc6m\x7e\xc7\x946\xaeU\x94k\x9b\xf27\xd4\x3dV\x92\x2c\x8aG\xb3a\x24\x90\x82\xe10\xd5\x26\x09\xb7M\x2d\xadf\x0dhY\x96X\x98q\x15\xab\xbdv\x19\xfd\xd7KD\x84o\x0b\x8e\x23\x92D\xce\x02\x5f\xac\x1c\x3e\x09k\x18\x97\xf1\xc9s\xec\x8e\x8d\x29\xa93\x93\x7c\xbb\xf5\xe9P\xed\x84\x0d.\xd4\x82\xc4\xba\x9a\x8aC\x22l\x92\x86\x29\xf9\x9a\x23D!\x5d\xad\x8cJ\xb2\xd4?\xfa\x9d\xea\xe0\xeaO\x8bS\x97\xb3q\xde\xfb\xff\x0cAP\xca\xe7\xf3\xd8\x40\x17g\xa6\x1cb\xa4\x8e\xe2\xf8\x91\xc9\x95\x7e\x99\xa2\xc8\x9c5\xb3\xb2\xf5\x0e\x04\x23\xe8\x85\xe0L\x16\x2d\x8c\x1d\x12\x26\xe4\xba G\x82\x87\xf6\xd3\x5d\x1a\x81\xc8\x065\x81\x3e\xa7W\xdeKC\xdd\x1ef\x00\x00</data></write>
    <read><length>19</length><match><data>\xff\xff\x01\x00\x0c\x02\x00\x02\x01\x01\x0a\x00\x00\x00\x00\x1b\x02\x00\x00</data></match></read>
    <write><data>\x01\x00\xcd\xab\x0c\x03\x00\x02\x01\x01\x0a\xcd\xab\x00\x00\x0e\x03\x00\x00</data></write>
    <read><length>221</length><match><data>\xcd\xab\x01\x00\xd6\x01\x00\x02\x01\x01\x0a\x02\x02\x01\x0a\xc8\x01.\x07\xc5R\x163\xd0B\xc7\xe9\xc1\xc6m\x7e\xc7\x946\xaeU\x94k\x9b\xf27\xd4\x3dV\x92\x2c\x8aG\xb3a\x24\x90\x82\xe10\xd5\x26\x09\xb7M\x2d\xadf\x0dhY\x96X\x98q\x15\xab\xbdv\x19\xfd\xd7KD\x84o\x0b\x8e\x23\x92D\xce\x02\x5f\xac\x1c\x3e\x09k\x18\x97\xf1\xc9s\xec\x8e\x8d\x29\xa93\x93\x7c\xbb\xf5\xe9P\xed\x84\x0d.\xd4\x82\xc4\xba\x9a\x8aC\x22l\x92\x86\x29\xf9\x9a\x23D!\x5d\xad\x8cJ\xb2\xd4?\xfa\x9d\xea\xe0\xeaO\x8bS\x97\xb3q\xde\xfb\xff\x0cAP\xca\xe7\xf3\xd8\x40\x17g\xa6\x1cb\xa4\x8e\xe2\xf8\x91\xc9\x95\x7e\x99\xa2\xc8\x9c5\xb3\xb2\xf5\x0e\x04\x23\xe8\x85\xe0L\x16\x2d\x8c\x1d\x12\x26\xe4\xba G\x82\x87\xf6\xd3\x5d\x1a\x81\xc8\x065\x81\x3e\xa7W\xdeKC\xdd\x1ef\x00\x00</data></match></read>
    <!-- Invalid Checksum Test -->
    <write><data>\x01\x00\xcd\xab\x11\x01\x00\x02\x02\x01\x0a\x02\x01\x01\x0a\x03\x01\x07\xb2\x00e\x02\x00\x01</data></write>
    <!-- Echo Request Test -->
    <write><data>\x01\x00\xcd\xabR\x01\x00\x02\x02\x01\x0a\x02\x01\x01\x0aD\x01\x07\x87AynsMX\xff\x0f\x25T\xc6\xfe\x9e\xdal\xe3\x18\x24\xccn\x1b\xf8\x9d\xf4\x17V6\x82\xc4\x5b\x09\x9b\x27\xc2\xaf\x14\x8c!\xdb\x2a\x29T\x9e\xbb\x1d\xc0\xe9\xb0\xe3\x60\xa2\xcd\x91i3\xda8\x1a\x89\xeb\x99\x10\xfd4\x0f\x7e\xa0\x22\x00\x00</data></write>
    <read><length>89</length><match><data>\xcd\xab\x01\x00R\x01\x00\x02\x01\x01\x0a\x02\x02\x01\x0aD\x01\x87\x07AynsMX\xff\x0f\x25T\xc6\xfe\x9e\xdal\xe3\x18\x24\xccn\x1b\xf8\x9d\xf4\x17V6\x82\xc4\x5b\x09\x9b\x27\xc2\xaf\x14\x8c!\xdb\x2a\x29T\x9e\xbb\x1d\xc0\xe9\xb0\xe3\x60\xa2\xcd\x91i3\xda8\x1a\x89\xeb\x99\x10\xfd4\x0f\x7e\xa0\x22\x00\x00</data></match></read>
    <!-- Invalid Packet\x2fSegment Length Test -->
    <write><data>\x01\x00\xcd\xab\x11\x01\x00\x02\x02\x01\x0a\x02\x03\x01\x0a\x03\x01\x13\x9b\x01\x5c\x02\x00\x00</data></write>
    <!-- Echo Request Test -->
    <write><data>\x01\x00\xcd\xab\xe4\x01\x00\x02\x02\x01\x0a\x02\x01\x01\x0a\xd6\x01\x07\x95\xd3pa\x97\x1a\x29\xd9\xc1\xa6\xc2\xb9dtG\x91l\xf7\x93\x88\xd4\x07\x23\x8f\x0d\xd48\x29\x28\x01\xfc\xec\xf0\x82j\x93\xcbAj\xd33\x23\xea\xac\x01\x9bo\x9f\x27\x9f\x90\x06\xe0L\x85\x2f\x0f8\xe5F8T\xe6\x90x63\xa8i\x1a\xcd\xbew\xb2L\xa1\xba\xc5\xf9\xd8?\x60\xaa\xf4\xd1\xc9\xf2\x07\xef\x29\x2cS:\x2aK\x17\xea\xe0\x16\xb0\xe1\x5b\xeac\x9e\x980\x09j\xe0\x95\xcf\x1d\xaf\xfc\x11BNm\x83\xd0\xd1\xa8\x22OO\x01\x7b\xb4\xf7y\x92\x14\xf5\x17\xf5\xc6\x8e\x7c\xc9 u\xf4\x1c\xd4\x5e\x9a2\xa0\x9c\x8f\x81\x5fT\xdd\xbb\xcef\x8f\x02\xd6\xf2\xe5\xe9\x89\x98\xbe\x81\x22Cr\x07\xe0\x96\xabmF\x1f\xc2\x17?m\xa6\xc6f\xf2K\xdc\x23\xa9p\xd3\x8bn\x9f\x09dT\x2f\xe4\xf9\xe6\xe7\x60\xdd\x9f\x04\xd7Z\xfb\xdb\x2f\xc8\x2aq\x00\x00</data></write>
    <read><length>235</length><match><data>\xcd\xab\x01\x00\xe4\x01\x00\x02\x01\x01\x0a\x02\x02\x01\x0a\xd6\x01\x95\x07\xd3pa\x97\x1a\x29\xd9\xc1\xa6\xc2\xb9dtG\x91l\xf7\x93\x88\xd4\x07\x23\x8f\x0d\xd48\x29\x28\x01\xfc\xec\xf0\x82j\x93\xcbAj\xd33\x23\xea\xac\x01\x9bo\x9f\x27\x9f\x90\x06\xe0L\x85\x2f\x0f8\xe5F8T\xe6\x90x63\xa8i\x1a\xcd\xbew\xb2L\xa1\xba\xc5\xf9\xd8?\x60\xaa\xf4\xd1\xc9\xf2\x07\xef\x29\x2cS:\x2aK\x17\xea\xe0\x16\xb0\xe1\x5b\xeac\x9e\x980\x09j\xe0\x95\xcf\x1d\xaf\xfc\x11BNm\x83\xd0\xd1\xa8\x22OO\x01\x7b\xb4\xf7y\x92\x14\xf5\x17\xf5\xc6\x8e\x7c\xc9 u\xf4\x1c\xd4\x5e\x9a2\xa0\x9c\x8f\x81\x5fT\xdd\xbb\xcef\x8f\x02\xd6\xf2\xe5\xe9\x89\x98\xbe\x81\x22Cr\x07\xe0\x96\xabmF\x1f\xc2\x17?m\xa6\xc6f\xf2K\xdc\x23\xa9p\xd3\x8bn\x9f\x09dT\x2f\xe4\xf9\xe6\xe7\x60\xdd\x9f\x04\xd7Z\xfb\xdb\x2f\xc8\x2aq\x00\x00</data></match></read>
    <!-- Spoof Test -->
    <write><data>\x01\x00\xcd\xab\x11\x01\x00\x02\x02\x01\x0a\x02\x03\x01\x0a\x03\x01\x13\xc5\x00\x86\x02\x00\x00</data></write>
    <!-- Echo Request Test -->
    <write><data>\x01\x00\xcd\xab\x86\x01\x00\x02\x02\x01\x0a\x02\x01\x01\x0ax\x01\x07.u\x8a\xab:\xed\x0f\xa4\xcc\x5cu\x1e\xf4\x9f!\x04\xd8\xd4\xb5\xa0\x978\xe4\x17H\xdb\x1b\xdc\xb3\x28\xbd\xc8\xd9\x96 \xba\x3b\x2c\x19\x01.\x9cww\xe1\x92\xb3\xc5\xa1\xd5\x2fP\xc6\xf2\xe2L\xcb\x0f\x5b\xf5\x93\x85\xadge\xd2\x3e\xdf\x7c\xc4a\x5e\xe5\xda\xf0\xcb\xf0\xcaC\xb1\x8a\x40\xc7sq\xf3\x13S\xc6\x5e\xd5\xe8\x7e\xff\xd3T\x9a\xbf\x5eI\xafY\xfb\x985\xe4\xbf\xd9\xda\xd3\xe6uH\xc7\x3b\xec\xb8\xc5\xab\x25F\x00\x00</data></write>
    <read><length>141</length><match><data>\xcd\xab\x01\x00\x86\x01\x00\x02\x01\x01\x0a\x02\x02\x01\x0ax\x01.\x07u\x8a\xab:\xed\x0f\xa4\xcc\x5cu\x1e\xf4\x9f!\x04\xd8\xd4\xb5\xa0\x978\xe4\x17H\xdb\x1b\xdc\xb3\x28\xbd\xc8\xd9\x96 \xba\x3b\x2c\x19\x01.\x9cww\xe1\x92\xb3\xc5\xa1\xd5\x2fP\xc6\xf2\xe2L\xcb\x0f\x5b\xf5\x93\x85\xadge\xd2\x3e\xdf\x7c\xc4a\x5e\xe5\xda\xf0\xcb\xf0\xcaC\xb1\x8a\x40\xc7sq\xf3\x13S\xc6\x5e\xd5\xe8\x7e\xff\xd3T\x9a\xbf\x5eI\xafY\xfb\x985\xe4\xbf\xd9\xda\xd3\xe6uH\xc7\x3b\xec\xb8\xc5\xab\x25F\x00\x00</data></match></read>
    <!-- Pwdgen Request Test -->
    <write><data>\x01\x00\xcd\xab\x11\x01\x00\x02\x02\x01\x0a\x02\x01\x01\x0a\x03\x01\x81\xe6\x00\x13\x03\x00\x00</data></write>
    <read><length>150</length><match><data>\xcd\xab\x01\x00\x8f\x01\x00\x02\x01\x01\x0a\x02\x02\x01\x0a\x81\x01\xe6\x81\x7ecgawhigtgeabarapinbf\x0afohdaefyiyikbeilejjv\x0aashugcfigrcvcsjqihbm\x0ahejhfhamaiicazamhbbs\x0aeydsaddqbqcgfcjfjbhs\x0agsciewaydydeepeufwdr\x0a\x266\x00\x00</data></match></read>
    <!-- Wrong NxtHdr Test -->
    <write><data>\x01\x00\xcd\xab\x11\x01\x00\x02\x02\x01\x0a\x02\x01\x01\x0a\x03\x13\x07M\x00\x00\x02\x00\x00</data></write>
    <!-- Echo Request Test -->
    <write><data>\x01\x00\xcd\xab\x95\x01\x00\x02\x02\x01\x0a\x02\x01\x01\x0a\x87\x01\x07\xa2\x84\x08\xc5\x28\x01\x1e\x0d\xfeF\xecc\x29\x1a\xe8\x5b\x2b\x17\xc1\x93\x08\xb1K\xd3\x91\xc44\x02\x93t\x92\xb0I\x10.\xfd\xdbA\x2d\x89\x1aB\x8c\xc22P\x9b\xa6\xf1i\x03\x2d\x95\xb0\x7fW\x13\xa0\x02\xde\xd0\xcc\x12\x95\xeaR0\xa7\xf08h\xb9\xc1\xfe\x60eX\xe4\x0dGiK\x81\x19M\x7bP\x2b\x1f\xe6k\xc4\xe24\xf2\xc5\xfa\xe8\x1fO\x3b3:\x82\xceV\xc2\x1b\xf6\x9c\xbbV\x9am7\x5c\xc1\x1ae\x88B\xa8\x8a\x9b9k\x7c\xb4\xfc\x1e\x96\xbc\xa2\x8b\x98A\x00\x00</data></write>
    <read><length>156</length><match><data>\xcd\xab\x01\x00\x95\x01\x00\x02\x01\x01\x0a\x02\x02\x01\x0a\x87\x01\xa2\x07\x84\x08\xc5\x28\x01\x1e\x0d\xfeF\xecc\x29\x1a\xe8\x5b\x2b\x17\xc1\x93\x08\xb1K\xd3\x91\xc44\x02\x93t\x92\xb0I\x10.\xfd\xdbA\x2d\x89\x1aB\x8c\xc22P\x9b\xa6\xf1i\x03\x2d\x95\xb0\x7fW\x13\xa0\x02\xde\xd0\xcc\x12\x95\xeaR0\xa7\xf08h\xb9\xc1\xfe\x60eX\xe4\x0dGiK\x81\x19M\x7bP\x2b\x1f\xe6k\xc4\xe24\xf2\xc5\xfa\xe8\x1fO\x3b3:\x82\xceV\xc2\x1b\xf6\x9c\xbbV\x9am7\x5c\xc1\x1ae\x88B\xa8\x8a\x9b9k\x7c\xb4\xfc\x1e\x96\xbc\xa2\x8b\x98A\x00\x00</data></match></read>
    <!-- Echo Request Test -->
    <write><data>\x01\x00\xcd\xabw\x01\x00\x02\x02\x01\x0a\x02\x01\x01\x0ai\x01\x07\x28f\xd9\xd8\xb1\x0a\xf1F\x84\x98\x82B\xa3J\x1f\xc3\xb3\xb3\xec\x04\x95\xd5\x1cT\x2cD\x9c\x83\xb2\x05\x3b\x3d\xf3b\x8e\xc4\x5c\x28d\x2a\xac\xc0\xe5c\xe2\xe1f\x9f\xce\xaf\xee\xef\x9f\xebV\xcf\xa2M\x3dqC\xe3\xac\x97A\xd4\xb1\xae\xd9\x1e\xdf\xad\xe3\x1c\xdfJ\x25\xca\x251\x18\x80\x03h\x97\xd8\x01x\x07\xae\xb7\xb2V\x94\x5d\x1f\xf5\xd4\xb3.\xfaM\x25\xe6\x608\x00\x00</data></write>
    <read><length>126</length><match><data>\xcd\xab\x01\x00w\x01\x00\x02\x01\x01\x0a\x02\x02\x01\x0ai\x01\x28\x07f\xd9\xd8\xb1\x0a\xf1F\x84\x98\x82B\xa3J\x1f\xc3\xb3\xb3\xec\x04\x95\xd5\x1cT\x2cD\x9c\x83\xb2\x05\x3b\x3d\xf3b\x8e\xc4\x5c\x28d\x2a\xac\xc0\xe5c\xe2\xe1f\x9f\xce\xaf\xee\xef\x9f\xebV\xcf\xa2M\x3dqC\xe3\xac\x97A\xd4\xb1\xae\xd9\x1e\xdf\xad\xe3\x1c\xdfJ\x25\xca\x251\x18\x80\x03h\x97\xd8\x01x\x07\xae\xb7\xb2V\x94\x5d\x1f\xf5\xd4\xb3.\xfaM\x25\xe6\x608\x00\x00</data></match></read>
    <!-- Pwdgen Request Test -->
    <write><data>\x01\x00\xcd\xab\x11\x01\x00\x02\x02\x01\x0a\x02\x01\x01\x0a\x03\x01\x81\x08\x005\x02\x00\x00</data></write>
    <read><length>19</length><match><data>\xff\xff\x01\x00\x0c\x02\x00\x02\x01\x01\x0a\x00\x00\x00\x00\x1b\x02\x00\x00</data></match></read>
    <write><data>\x01\x00\xcd\xab\x0c\x03\x00\x02\x01\x01\x0a\xcd\xab\x00\x00\x0e\x03\x00\x00</data></write>
    <read><length>150</length><match><data>\xcd\xab\x01\x00\x8f\x01\x00\x02\x01\x01\x0a\x02\x02\x01\x0a\x81\x01\x08\x81\x7ecgawhigtgeabarapinbf\x0afohdaefyiyikbeilejjv\x0aashugcfigrcvcsjqihbm\x0ahejhfhamaiicazamhbbs\x0aeydsaddqbqcgfcjfjbhs\x0agsciewaydydeepeufwdr\x0aH5\x00\x00</data></match></read>
    <!-- Pwdgen Request Test -->
    <write><data>\x01\x00\xcd\xab\x11\x01\x00\x02\x02\x01\x0a\x02\x01\x01\x0a\x03\x01\x81\xc0\x00\xed\x02\x00\x00</data></write>
    <read><length>150</length><match><data>\xcd\xab\x01\x00\x8f\x01\x00\x02\x01\x01\x0a\x02\x02\x01\x0a\x81\x01\xc0\x81\x7ecgawhigtgeabarapinbf\x0afohdaefyiyikbeilejjv\x0aashugcfigrcvcsjqihbm\x0ahejhfhamaiicazamhbbs\x0aeydsaddqbqcgfcjfjbhs\x0agsciewaydydeepeufwdr\x0a\x006\x00\x00</data></match></read>
    <!-- Spoof Test -->
    <write><data>\x01\x00\xcd\xab\x11\x01\x00\x02\x02\x01\x0a\x02\x03\x01\x0a\x03\x01\x13\x04\x00\xc5\x01\x00\x00</data></write>
    <!-- Echo Request Test -->
    <write><data>\x01\x00\xcd\xabE\x01\x00\x02\x02\x01\x0a\x02\x01\x01\x0a7\x01\x07\x8c4\x22\x82\x07q\x3d\xb5mp\xd5\x40\xc83\x7f\xea\xe5h\x96\xa7\x2fx\xba\x03\x26\xa2\xf1\x3b\xa13y\xdd\xeb\x1c\xe9b\xc7\xd4\xc2\x93\x01\xa0\xefV?\xf3\xbe\xbat\xb6s\xbe\xbf\x1dT\x1e\x00\x00</data></write>
    <read><length>76</length><match><data>\xcd\xab\x01\x00E\x01\x00\x02\x01\x01\x0a\x02\x02\x01\x0a7\x01\x8c\x074\x22\x82\x07q\x3d\xb5mp\xd5\x40\xc83\x7f\xea\xe5h\x96\xa7\x2fx\xba\x03\x26\xa2\xf1\x3b\xa13y\xdd\xeb\x1c\xe9b\xc7\xd4\xc2\x93\x01\xa0\xefV?\xf3\xbe\xbat\xb6s\xbe\xbf\x1dT\x1e\x00\x00</data></match></read>
    <!-- Spoof Test -->
    <write><data>\x01\x00\xcd\xab\x11\x01\x00\x02\x02\x01\x0a\x02\x03\x01\x0a\x03\x01\x13\x97\x00X\x02\x00\x00</data></write>
    <!-- Echo Request Test -->
    <write><data>\x01\x00\xcd\xab2\x01\x00\x02\x02\x01\x0a\x02\x01\x01\x0a\x24\x01\x07\x1e!\x24\xa5\x5fR9\xbeOp\xb9\xf0\xd3\x9e\x9a\xff\x3dM\x8eL\x8c\x7d\x2dxr\xcc\xb8\x1a\xccn\xb0\x5fB\x235\x1c\x12\x00\x00</data></write>
    <read><length>57</length><match><data>\xcd\xab\x01\x002\x01\x00\x02\x01\x01\x0a\x02\x02\x01\x0a\x24\x01\x1e\x07!\x24\xa5\x5fR9\xbeOp\xb9\xf0\xd3\x9e\x9a\xff\x3dM\x8eL\x8c\x7d\x2dxr\xcc\xb8\x1a\xccn\xb0\x5fB\x235\x1c\x12\x00\x00</data></match></read>
    <!-- Wrong NxtHdr Test -->
    <write><data>\x01\x00\xcd\xab\x11\x2c\x00\x02\x02\x01\x0a\x02\x01\x01\x0a\x03\x01\x07C\x00\xf6\x01\x00\x00</data></write>
    <!-- Echo Request Test -->
    <write><data>\x01\x00\xcd\xabt\x01\x00\x02\x02\x01\x0a\x02\x01\x01\x0af\x01\x07Jc\xe2QT\xec\xf1\x9fm\x5c\x2ff\xd3wxlX\x24kNDW\xb0R\x87\xc9\x2c:\xc8\xd2\x02\xe5\xdf\x15\xcb\xe4\xaa\xa2\x24\x2cej\x90\xab\x9e\x97\xfdp\xee\xeb\x7b\x25D9.\xe3\xbd\xb1\x9c\xb9\x98\x1c\xc9\xe1f\xd5\xb2\x08K\xfb\xba\xe3\xce\xef\xecc\xfa\xe39\xc9\xaa9\xee\xc5\x0dZ\xa1\x1a\x99V\x09.\x82\xdb\x983\xa9\x131\x1f\x5e\x047\x00\x00</data></write>
    <read><length>123</length><match><data>\xcd\xab\x01\x00t\x01\x00\x02\x01\x01\x0a\x02\x02\x01\x0af\x01J\x07c\xe2QT\xec\xf1\x9fm\x5c\x2ff\xd3wxlX\x24kNDW\xb0R\x87\xc9\x2c:\xc8\xd2\x02\xe5\xdf\x15\xcb\xe4\xaa\xa2\x24\x2cej\x90\xab\x9e\x97\xfdp\xee\xeb\x7b\x25D9.\xe3\xbd\xb1\x9c\xb9\x98\x1c\xc9\xe1f\xd5\xb2\x08K\xfb\xba\xe3\xce\xef\xecc\xfa\xe39\xc9\xaa9\xee\xc5\x0dZ\xa1\x1a\x99V\x09.\x82\xdb\x983\xa9\x131\x1f\x5e\x047\x00\x00</data></match></read>
    <!-- Pwdgen Request Test -->
    <write><data>\x01\x00\xcd\xab\x11\x01\x00\x02\x02\x01\x0a\x02\x01\x01\x0a\x03\x01\x81\xed\x00\x1a\x03\x00\x00</data></write>
    <read><length>150</length><match><data>\xcd\xab\x01\x00\x8f\x01\x00\x02\x01\x01\x0a\x02\x02\x01\x0a\x81\x01\xed\x81\x7ecgawhigtgeabarapinbf\x0afohdaefyiyikbeilejjv\x0aashugcfigrcvcsjqihbm\x0ahejhfhamaiicazamhbbs\x0aeydsaddqbqcgfcjfjbhs\x0agsciewaydydeepeufwdr\x0a\x2d6\x00\x00</data></match></read>
    <!-- Pwdgen Request Test -->
    <write><data>\x01\x00\xcd\xab\x11\x01\x00\x02\x02\x01\x0a\x02\x01\x01\x0a\x03\x01\x81\xa1\x00\xce\x02\x00\x00</data></write>
    <read><length>150</length><match><data>\xcd\xab\x01\x00\x8f\x01\x00\x02\x01\x01\x0a\x02\x02\x01\x0a\x81\x01\xa1\x81\x7ecgawhigtgeabarapinbf\x0afohdaefyiyikbeilejjv\x0aashugcfigrcvcsjqihbm\x0ahejhfhamaiicazamhbbs\x0aeydsaddqbqcgfcjfjbhs\x0agsciewaydydeepeufwdr\x0a\xe15\x00\x00</data></match></read>
    <!-- Spoof Test -->
    <write><data>\x01\x00\xcd\xab\x11\x01\x00\x02\x02\x01\x0a\x02\x03\x01\x0a\x03\x01\x13\xbc\x00\x7d\x02\x00\x00</data></write>
    <!-- Echo Request Test -->
    <write><data>\x01\x00\xcd\xab\xbf\x01\x00\x02\x02\x01\x0a\x02\x01\x01\x0a\xb1\x01\x07\xba\xae\xb3\x0b\xb5\xe8\xba\xfd\x271\x22R\x19t\xf8\xe2\x2f\xfd\x40\x1d\x7c\xf5\x2a\x02\x26\xfb\xe4\x87\xafU\xad\x82h\x2a\x8f\xd6?\xb5\x03G\x86fZ\xc3\xef\x0fP\x1b\xc1\xfb\xc9\x02\xde\xff\x22\xfb\xdaL\x87\x0e\xe0\xab\x23\x7c\xf7\x7fewkj\x24\xe1\xbd\x5b\x0c\xe8\xe9\xde\x99\xf4\x09\xc9\x2cjt\xd5\x1f\x9d\x066\xe7C\x1b\x09N\x8cq\xc2\xfai\x2a\xd9\x86\x3c\x81\x8fl\xfe\x2c\xc0\x0b8\x98\xb3\xda\xff\xf4\x96\xef\xc1\x9e\xf4\xe8cR:kT\xd9C\xb9\x17J\xb7\x3dL\xbf\xd0\x84\x98Li\xe7\xbb\x8e\xa68\x87\xb9\x01M\x14\x2a\xd71\xbe\xc4P\x95\xcdaKO\x8b\xdb\xbe\xfbj\x7e2S\x80\x83C6\x3d\xc1\x5c\x00\x00</data></write>
    <read><length>19</length><match><data>\xff\xff\x01\x00\x0c\x02\x00\x02\x01\x01\x0a\x00\x00\x00\x00\x1b\x02\x00\x00</data></match></read>
    <write><data>\x01\x00\xcd\xab\x0c\x03\x00\x02\x01\x01\x0a\xcd\xab\x00\x00\x0e\x03\x00\x00</data></write>
    <read><length>198</length><match><data>\xcd\xab\x01\x00\xbf\x01\x00\x02\x01\x01\x0a\x02\x02\x01\x0a\xb1\x01\xba\x07\xae\xb3\x0b\xb5\xe8\xba\xfd\x271\x22R\x19t\xf8\xe2\x2f\xfd\x40\x1d\x7c\xf5\x2a\x02\x26\xfb\xe4\x87\xafU\xad\x82h\x2a\x8f\xd6?\xb5\x03G\x86fZ\xc3\xef\x0fP\x1b\xc1\xfb\xc9\x02\xde\xff\x22\xfb\xdaL\x87\x0e\xe0\xab\x23\x7c\xf7\x7fewkj\x24\xe1\xbd\x5b\x0c\xe8\xe9\xde\x99\xf4\x09\xc9\x2cjt\xd5\x1f\x9d\x066\xe7C\x1b\x09N\x8cq\xc2\xfai\x2a\xd9\x86\x3c\x81\x8fl\xfe\x2c\xc0\x0b8\x98\xb3\xda\xff\xf4\x96\xef\xc1\x9e\xf4\xe8cR:kT\xd9C\xb9\x17J\xb7\x3dL\xbf\xd0\x84\x98Li\xe7\xbb\x8e\xa68\x87\xb9\x01M\x14\x2a\xd71\xbe\xc4P\x95\xcdaKO\x8b\xdb\xbe\xfbj\x7e2S\x80\x83C6\x3d\xc1\x5c\x00\x00</data></match></read>
    <!-- Pwdgen Request Test -->
    <write><data>\x01\x00\xcd\xab\x11\x01\x00\x02\x02\x01\x0a\x02\x01\x01\x0a\x03\x01\x81\x7c\x00\xa9\x02\x00\x00</data></write>
    <read><length>150</length><match><data>\xcd\xab\x01\x00\x8f\x01\x00\x02\x01\x01\x0a\x02\x02\x01\x0a\x81\x01\x7c\x81\x7ecgawhigtgeabarapinbf\x0afohdaefyiyikbeilejjv\x0aashugcfigrcvcsjqihbm\x0ahejhfhamaiicazamhbbs\x0aeydsaddqbqcgfcjfjbhs\x0agsciewaydydeepeufwdr\x0a\xbc5\x00\x00</data></match></read>
    <!-- Spoof Test -->
    <write><data>\x01\x00\xcd\xab\x11\x01\x00\x02\x02\x01\x0a\x02\x03\x01\x0a\x03\x01\x13L\x00\x0d\x02\x00\x00</data></write>
    <!-- Echo Request Test -->
    <write><data>\x01\x00\xcd\xab\xe7\x01\x00\x02\x02\x01\x0a\x02\x01\x01\x0a\xd9\x01\x078\xd6a\xa7\xfaq\xfa\xd4\x05\x5d\xa3\x90\x03\x07\xd6\x5bS\x10\xc7\xc1\xe8\x2b\x87\xa1\x84\xe8\xd5\x80\x94\x06\x2a\xd9\xdbU\x2c\xc79\x03EKR\x1b\x91\x01\x81Z\x1fB\xfd\x1a\xaa\xcb\x2f\x1es\x7bw\xdc\xc0:X\x8d\x3cj\x83\x96L\x22\xae\xef\xad\x3ey\xe4\xda\x88\xb9mS\xe7\xfe\xf7\x83Ly51\x98\xb4\xec\xcb\x06r!\xafs\x1b\xea\xdf0QL\xb5q\xf2\xef4\xf1\x87\x91\x7d\xbd3\xc2\xc3\xd8\xd1\xa0\x05w\xae\xac\x5d\xdd\xa2Q\xb9\x3eJ\x9b\xc6\xb5P\x07\x1c\xa6\xcfa\x8e\xbb\x84oY\xbb3\x22\xe1\xd7\xe9\xbeO\x082\x94\x86f\xae\x16\x9ae O\xffZ\x0b\x14\xeb\x8c\x5b:pwF\x40\xdcy \x07\x2f\xa9jX\xc3\xd0\x0d6f\xceMdn\x88\xf7\x99\xd3\x0a1\x7em\x8b\x14\x2f6\xc5y\x86\xd2B\xa2\xf1\x11\xc0\x01R\x8d\x1c\xe9k\x00\x00</data></write>
    <read><length>238</length><match><data>\xcd\xab\x01\x00\xe7\x01\x00\x02\x01\x01\x0a\x02\x02\x01\x0a\xd9\x018\x07\xd6a\xa7\xfaq\xfa\xd4\x05\x5d\xa3\x90\x03\x07\xd6\x5bS\x10\xc7\xc1\xe8\x2b\x87\xa1\x84\xe8\xd5\x80\x94\x06\x2a\xd9\xdbU\x2c\xc79\x03EKR\x1b\x91\x01\x81Z\x1fB\xfd\x1a\xaa\xcb\x2f\x1es\x7bw\xdc\xc0:X\x8d\x3cj\x83\x96L\x22\xae\xef\xad\x3ey\xe4\xda\x88\xb9mS\xe7\xfe\xf7\x83Ly51\x98\xb4\xec\xcb\x06r!\xafs\x1b\xea\xdf0QL\xb5q\xf2\xef4\xf1\x87\x91\x7d\xbd3\xc2\xc3\xd8\xd1\xa0\x05w\xae\xac\x5d\xdd\xa2Q\xb9\x3eJ\x9b\xc6\xb5P\x07\x1c\xa6\xcfa\x8e\xbb\x84oY\xbb3\x22\xe1\xd7\xe9\xbeO\x082\x94\x86f\xae\x16\x9ae O\xffZ\x0b\x14\xeb\x8c\x5b:pwF\x40\xdcy \x07\x2f\xa9jX\xc3\xd0\x0d6f\xceMdn\x88\xf7\x99\xd3\x0a1\x7em\x8b\x14\x2f6\xc5y\x86\xd2B\xa2\xf1\x11\xc0\x01R\x8d\x1c\xe9k\x00\x00</data></match></read>
</replay>
</pov>