<?xml version="1.0" standalone="no" ?>
<!DOCTYPE pov SYSTEM "/usr/share/cgc-docs/replay.dtd">
<pov>
<cbid>service</cbid>
<seed>c010da1c81f4f720100d7a34608af30052ee409655bbbdcc3e9bf97fdda72a2b34fc6aacae35a02997718a29300781bd</seed>
<replay>
    <!-- ResolveL2Adjacency Test -->
    <write><data>\xff\xff\xcd\xab\x0c\x02\x00\x01\x01\x01\x0a\x00\x00\x00\x00\x91\x03\x00\x00</data></write>
    <read><length>19</length><match><data>\xcd\xab\x01\x00\x0c\x03\x00\x01\x01\x01\x0a\x01\x00\x00\x00\x96\x01\x00\x00</data></match></read>
    <!-- Spoof Test -->
    <write><data>\x01\x00\xcd\xab\x11\x01\x00\x02\x02\x01\x0a\x02\x03\x01\x0a\x03\x01\x13\x98\x00Y\x02\x00\x00</data></write>
    <!-- Echo Request Test -->
    <write><data>\x01\x00\xcd\xab\xf2\x01\x00\x02\x02\x01\x0a\x02\x01\x01\x0a\xe4\x01\x07\x5c\xe1\x07\xaf\x9d\x1e\x22\xees\x92\xc1c\xa9o\x18\xa8t\xe9\xac\xb8\x265\x96\x1a\xb9\xeeM\xfe\xda\xaa\x1fm\x0c\x9c\xe1i\xfb\x1f\xe0\x5e\x02\xac\x82W\x7f\x83\xba\x09\x0e\xb5?\xbe\x04\x137\x22\xcb\xb9\xe5\x86\xe1H2\x8b\xda\x5c\xb9\xd3\xfc.X\xbbQ\xce\x9d\xe6Pj\x0d\xb7\x8f9\x0a\x2b\x1b2\x1f\xea\xb3G\xa2\xf2\x28Lh\xc2\x1a\xacL\x19X\x8e\xd0W\x7fLn\x98\xcd\x2c\x8a\xca\x81\xc6\xb7Z\x17z\x3c\xa1\xa7\x18\xde\xd3\x2cP\x8d\xaauOH\x8b\xbcRN\xb2B\x2c\xa4cd\xa2\xf7\x82\x5e\xa5v\x05\x40\xc6\xd5\x81\xdaC\xcf\xfax\x1d\x83\x14\x9b\xe8B\x5c\x02 t\x9f\xc2\x98\xf7\xd8\xcb\x8dk\x08\x13\x7c\x60EM\x5ex\xcc\xe5\xac\xdbG\xf77\xf4\xef\x11d8\xact\xa9\x5c\xacnu\xef\x0f\xd1\x2dG\x89N8\x25\xa7N\xeacu\xc4\xaeVv\xf8\xbeh\x97\x28\x96\x1f\x8fr\x00\x00</data></write>
    <read><length>19</length><match><data>\xff\xff\x01\x00\x0c\x02\x00\x02\x01\x01\x0a\x00\x00\x00\x00\x1b\x02\x00\x00</data></match></read>
    <write><data>\x01\x00\xcd\xab\x0c\x03\x00\x02\x01\x01\x0a\xcd\xab\x00\x00\x0e\x03\x00\x00</data></write>
    <read><length>249</length><match><data>\xcd\xab\x01\x00\xf2\x01\x00\x02\x01\x01\x0a\x02\x02\x01\x0a\xe4\x01\x5c\x07\xe1\x07\xaf\x9d\x1e\x22\xees\x92\xc1c\xa9o\x18\xa8t\xe9\xac\xb8\x265\x96\x1a\xb9\xeeM\xfe\xda\xaa\x1fm\x0c\x9c\xe1i\xfb\x1f\xe0\x5e\x02\xac\x82W\x7f\x83\xba\x09\x0e\xb5?\xbe\x04\x137\x22\xcb\xb9\xe5\x86\xe1H2\x8b\xda\x5c\xb9\xd3\xfc.X\xbbQ\xce\x9d\xe6Pj\x0d\xb7\x8f9\x0a\x2b\x1b2\x1f\xea\xb3G\xa2\xf2\x28Lh\xc2\x1a\xacL\x19X\x8e\xd0W\x7fLn\x98\xcd\x2c\x8a\xca\x81\xc6\xb7Z\x17z\x3c\xa1\xa7\x18\xde\xd3\x2cP\x8d\xaauOH\x8b\xbcRN\xb2B\x2c\xa4cd\xa2\xf7\x82\x5e\xa5v\x05\x40\xc6\xd5\x81\xdaC\xcf\xfax\x1d\x83\x14\x9b\xe8B\x5c\x02 t\x9f\xc2\x98\xf7\xd8\xcb\x8dk\x08\x13\x7c\x60EM\x5ex\xcc\xe5\xac\xdbG\xf77\xf4\xef\x11d8\xact\xa9\x5c\xacnu\xef\x0f\xd1\x2dG\x89N8\x25\xa7N\xeacu\xc4\xaeVv\xf8\xbeh\x97\x28\x96\x1f\x8fr\x00\x00</data></match></read>
    <!-- Invalid Checksum Test -->
    <write><data>\x01\x00\xcd\xab\x11\x01\x00\x02\x02\x01\x0a\x02\x01\x01\x0a\x03\x01\x07i\x00\x1c\x02\x00\x01</data></write>
    <!-- Echo Request Test -->
    <write><data>\x01\x00\xcd\xab\xb4\x01\x00\x02\x02\x01\x0a\x02\x01\x01\x0a\xa6\x01\x07g\xa3v\xca\x3c\xaf\x9a3\x17\x286\x14\x1ey\xa8\x96\x26\x3c\xe0\xec\xcd1\x7b\xc1.\xde\x19\xde\x9e\xe3\x2f\x5e\xb2\xe6\x9c\x26\x7dEBG.\x0a\xd1i\x88\xaez\xc4\xd9\xc4\x12\xbe\x23\x8a\x18\x13\x0dc\x14\x19\x28X?\x7fW\x97\x28\xcd:0\x93\xeb\xc6\xc3\x9dy\x5d\x1e\xffY\x96\xa4A\x82n\xd4b0\xc2\xcf\x5d\x8dme\x85\xfc\x94\xe7\x16w\xf6\x5dXR\x1a\xf9L\xc4\xdbw\xa5\xf4\xf9O\x2f\xb7\x8e\x91\x7e\xf6\x06\x86T5\x09\xb7\xd2\x3d\xf1\x60\xa3Y\x10\xa1\xd6V\xeb\xadH\xf7V\x9e\x80\x94\x949\x5b\xd4\x13\x9a\x12Lu\x25\xfa\xb7\x0b4\xfa\x1e\x2d\xe3\xb3\xe4\x7b\xe5R\x00\x00</data></write>
    <read><length>187</length><match><data>\xcd\xab\x01\x00\xb4\x01\x00\x02\x01\x01\x0a\x02\x02\x01\x0a\xa6\x01g\x07\xa3v\xca\x3c\xaf\x9a3\x17\x286\x14\x1ey\xa8\x96\x26\x3c\xe0\xec\xcd1\x7b\xc1.\xde\x19\xde\x9e\xe3\x2f\x5e\xb2\xe6\x9c\x26\x7dEBG.\x0a\xd1i\x88\xaez\xc4\xd9\xc4\x12\xbe\x23\x8a\x18\x13\x0dc\x14\x19\x28X?\x7fW\x97\x28\xcd:0\x93\xeb\xc6\xc3\x9dy\x5d\x1e\xffY\x96\xa4A\x82n\xd4b0\xc2\xcf\x5d\x8dme\x85\xfc\x94\xe7\x16w\xf6\x5dXR\x1a\xf9L\xc4\xdbw\xa5\xf4\xf9O\x2f\xb7\x8e\x91\x7e\xf6\x06\x86T5\x09\xb7\xd2\x3d\xf1\x60\xa3Y\x10\xa1\xd6V\xeb\xadH\xf7V\x9e\x80\x94\x949\x5b\xd4\x13\x9a\x12Lu\x25\xfa\xb7\x0b4\xfa\x1e\x2d\xe3\xb3\xe4\x7b\xe5R\x00\x00</data></match></read>
    <!-- Invalid Packet\x2fSegment Length Test -->
    <write><data>\x01\x00\xcd\xab\x11\x01\x00\x02\x02\x01\x0a\x02\x03\x01\x0a\x03\x01\x13\xf3\x01\xb4\x02\x00\x00</data></write>
    <!-- Echo Request Test -->
    <write><data>\x01\x00\xcd\xab\x5e\x01\x00\x02\x02\x01\x0a\x02\x01\x01\x0aP\x01\x07\x1fMI\xd0\x5fJ\xd4\xb9\x9f\x9f\xeau\xe0\x2c\x13\xe7\xd0\xe2H\xbe\xa9\x40C\xe1a\x9dh\x7b\x2d\x0c\x8d\xeesf3\x94l\x3eB\xa9\xb4\xb1\xae\xda\x83R\xbe\x1f\xdaw\xef\xb9\x18\xfd\xd9\xb5\x87\xe0\x80Y\xa7\xcbK!R\x93hfg\x870\x7b\x818\xbb\x890\xa5\x2a\xdb\x2a\x00\x00</data></write>
    <read><length>101</length><match><data>\xcd\xab\x01\x00\x5e\x01\x00\x02\x01\x01\x0a\x02\x02\x01\x0aP\x01\x1f\x07MI\xd0\x5fJ\xd4\xb9\x9f\x9f\xeau\xe0\x2c\x13\xe7\xd0\xe2H\xbe\xa9\x40C\xe1a\x9dh\x7b\x2d\x0c\x8d\xeesf3\x94l\x3eB\xa9\xb4\xb1\xae\xda\x83R\xbe\x1f\xdaw\xef\xb9\x18\xfd\xd9\xb5\x87\xe0\x80Y\xa7\xcbK!R\x93hfg\x870\x7b\x818\xbb\x890\xa5\x2a\xdb\x2a\x00\x00</data></match></read>
    <!-- Invalid Packet\x2fSegment Length Test -->
    <write><data>\x01\x00\xcd\xab\x11\x01\x00\x02\x02\x01\x0a\x02\x03\x01\x0a\x03\x01\x13\x9a\x01\x5b\x02\x00\x00</data></write>
    <!-- Echo Request Test -->
    <write><data>\x01\x00\xcd\xab5\x01\x00\x02\x02\x01\x0a\x02\x01\x01\x0a\x27\x01\x07f\x24:P\x1d88\x83t\xe4\x2d\x81\xae\x2cUn\x8e\x0d\x97\xe5\x28\x99\xae\x977\xc3c8\xd4\xad\xbc\x0c\x10\xef\x230B0\x81\x11\x00\x00</data></write>
    <read><length>60</length><match><data>\xcd\xab\x01\x005\x01\x00\x02\x01\x01\x0a\x02\x02\x01\x0a\x27\x01f\x07\x24:P\x1d88\x83t\xe4\x2d\x81\xae\x2cUn\x8e\x0d\x97\xe5\x28\x99\xae\x977\xc3c8\xd4\xad\xbc\x0c\x10\xef\x230B0\x81\x11\x00\x00</data></match></read>
    <!-- Spoof Test -->
    <write><data>\x01\x00\xcd\xab\x11\x01\x00\x02\x02\x01\x0a\x02\x03\x01\x0a\x03\x01\x13\xb0\x00q\x02\x00\x00</data></write>
    <!-- Echo Request Test -->
    <write><data>\x01\x00\xcd\xab\xa9\x01\x00\x02\x02\x01\x0a\x02\x01\x01\x0a\x9b\x01\x074\x98\xfdp\xc7\xe5\xe3t\x94\xe7\xc3\x12\xc6\x1a\x10\xdd\x19\x8f\x04V\x02\x98\xca\x9c\x03\x10\xff\x7f\xf5\xd5p\xc4\xbd\x9e\x9a\x8c\xacP\x84\x9c\x8a\xd1\xef\xa4lf\x0f\x9b\xc7\xef\xe5y\xc8\xc2m\xdc\x04\x1c\xe6\xbe\xfd\xb8\xdckk\xe8\xb6\x11\x0dZ\xde\xed\xb8\xfa9G\x3c\xe1\x0cL\xd9\x10\x19\x03\x05\x254\x1d9\x04\x3eF\xfdS\x19\xa0\xeb\x13\x2a\x7f\x1b\x5d\x27\xd1\xa44\x7b\xa8\xe6N\x3d!\xed\xbb\x15\x7b\x13\xf6\xee\xff\xae\x8c\xc0K\xf0e\xa0g\xdeiw\xe7\x17\x2b\x0aW\x17\x3b\x9a\x13\x89\x85\x29R\x3e\x0f\x0dT\xca\xa9\x828\xa3o\xe8M\x00\x00</data></write>
    <read><length>176</length><match><data>\xcd\xab\x01\x00\xa9\x01\x00\x02\x01\x01\x0a\x02\x02\x01\x0a\x9b\x014\x07\x98\xfdp\xc7\xe5\xe3t\x94\xe7\xc3\x12\xc6\x1a\x10\xdd\x19\x8f\x04V\x02\x98\xca\x9c\x03\x10\xff\x7f\xf5\xd5p\xc4\xbd\x9e\x9a\x8c\xacP\x84\x9c\x8a\xd1\xef\xa4lf\x0f\x9b\xc7\xef\xe5y\xc8\xc2m\xdc\x04\x1c\xe6\xbe\xfd\xb8\xdckk\xe8\xb6\x11\x0dZ\xde\xed\xb8\xfa9G\x3c\xe1\x0cL\xd9\x10\x19\x03\x05\x254\x1d9\x04\x3eF\xfdS\x19\xa0\xeb\x13\x2a\x7f\x1b\x5d\x27\xd1\xa44\x7b\xa8\xe6N\x3d!\xed\xbb\x15\x7b\x13\xf6\xee\xff\xae\x8c\xc0K\xf0e\xa0g\xdeiw\xe7\x17\x2b\x0aW\x17\x3b\x9a\x13\x89\x85\x29R\x3e\x0f\x0dT\xca\xa9\x828\xa3o\xe8M\x00\x00</data></match></read>
    <!-- ResolveL2Adjacency Test -->
    <write><data>\xff\xff\xcd\xab\x0c\x02\x00\x01\x01\x01\x0a\x00\x00\x00\x00\x91\x03\x00\x00</data></write>
    <read><length>19</length><match><data>\xcd\xab\x01\x00\x0c\x03\x00\x01\x01\x01\x0a\x01\x00\x00\x00\x96\x01\x00\x00</data></match></read>
    <!-- Unknown Unicast Test -->
    <write><data>\x00\xb0\xcd\xab\x11\x01\x00\x02\x02\x01\x0a\x02\x03\x01\x0a\x03\x01\x13\x27\x00\x97\x02\x00\x00</data></write>
    <!-- Echo Request Test -->
    <write><data>\x01\x00\xcd\xab\x9c\x01\x00\x02\x02\x01\x0a\x02\x01\x01\x0a\x8e\x01\x07r\x8b\xe1\x80\xb2l\xfd\xa1T\xa2\x16I\x14\x8e\x96\xc1\x0diQ\x16\x89o\x09\x23yp\xdc\xaa\x035\xe01\x88\xdf\xc90\x7f\x17A\x7e\xdf\xe6\x24\xbcE\xaai\x0f\xe2\xf4\x08\x17\x19g\x8d\x9f\xafoP\xd5\x5e\x28Fk\xb2\x9cv\xa3\xc3d\x25\x8d6\x7d\x06\x29\x18H\x01\xacoc\xb2\xa2a\xd8\x0f\xd9\xaf2Q3\xcb\xc6\xf0\xc6\x8f\x225\x28\xa0\x86\xf0\xaelP\x1c\x7c\xe79\xe9\x9b\xbb\xea\x5eB\xd6\xa5\x11\xfe\xe3\x5d\xb9\x9f\x18\xc2G\xba\x7c\x2f\xa0\xb4l\xb8\xfc\x25f\xde\x5b\xde\xe7\x9cG\x00\x00</data></write>
    <read><length>163</length><match><data>\xcd\xab\x01\x00\x9c\x01\x00\x02\x01\x01\x0a\x02\x02\x01\x0a\x8e\x01r\x07\x8b\xe1\x80\xb2l\xfd\xa1T\xa2\x16I\x14\x8e\x96\xc1\x0diQ\x16\x89o\x09\x23yp\xdc\xaa\x035\xe01\x88\xdf\xc90\x7f\x17A\x7e\xdf\xe6\x24\xbcE\xaai\x0f\xe2\xf4\x08\x17\x19g\x8d\x9f\xafoP\xd5\x5e\x28Fk\xb2\x9cv\xa3\xc3d\x25\x8d6\x7d\x06\x29\x18H\x01\xacoc\xb2\xa2a\xd8\x0f\xd9\xaf2Q3\xcb\xc6\xf0\xc6\x8f\x225\x28\xa0\x86\xf0\xaelP\x1c\x7c\xe79\xe9\x9b\xbb\xea\x5eB\xd6\xa5\x11\xfe\xe3\x5d\xb9\x9f\x18\xc2G\xba\x7c\x2f\xa0\xb4l\xb8\xfc\x25f\xde\x5b\xde\xe7\x9cG\x00\x00</data></match></read>
    <!-- Echo Request Test -->
    <write><data>\x01\x00\xcd\xabm\x01\x00\x02\x02\x01\x0a\x02\x01\x01\x0a\x5f\x01\x07\xb9\x5c\x9d\xed\xd0\xa1\xf9\x25\xf6R\x88\x5c\xf8\xe4\x86\xb03\x17bd\x99\xea\x86\xc4u\xba\x92\x19\xff\xa1\x17d\xe1\x15A\xf8\x98g\x05\x3e\x80T\xf0\xf5\x13\xe6\xe1p\x03zW\xc8\xe2x\x0c\x7f\xc8\x8e\x221\x06F\x2b2\x8e\xa0\xcd\x5cA\x8d\x7e\xec5\x14\xc5\xf97\xde\xb2\xf3l\xa6F\x83\x14\xa3a\x1a2\xf5\xa0TiQ\x222\x00\x00</data></write>
    <read><length>116</length><match><data>\xcd\xab\x01\x00m\x01\x00\x02\x01\x01\x0a\x02\x02\x01\x0a\x5f\x01\xb9\x07\x5c\x9d\xed\xd0\xa1\xf9\x25\xf6R\x88\x5c\xf8\xe4\x86\xb03\x17bd\x99\xea\x86\xc4u\xba\x92\x19\xff\xa1\x17d\xe1\x15A\xf8\x98g\x05\x3e\x80T\xf0\xf5\x13\xe6\xe1p\x03zW\xc8\xe2x\x0c\x7f\xc8\x8e\x221\x06F\x2b2\x8e\xa0\xcd\x5cA\x8d\x7e\xec5\x14\xc5\xf97\xde\xb2\xf3l\xa6F\x83\x14\xa3a\x1a2\xf5\xa0TiQ\x222\x00\x00</data></match></read>
    <!-- Echo Request Test -->
    <write><data>\x01\x00\xcd\xab\x5c\x01\x00\x02\x02\x01\x0a\x02\x01\x01\x0aN\x01\x07\xd8K\xb3\xed\xac\xbb\x8dL\x0b\xbbM\xd0\xa7\x0d\xd9\x2a\xba0\xe9\xc3\xa9\xb9\x2az\x14\xf2\x0a\x0eb\x5c\x23x\xf9\x84\xe6z\x40\x1a\xeb\x8fY\x3d\xfe\xdcw9\xcbH\xf8\x0a\xb52T\xe7\xf1\xa1\x83\x25\xc7\x8e\x98\x97\xe3\x7c\x11!\x2b\xc3\x87\x3b\x5c5g\xe4\x86\x94\x04\xfa\x28\x00\x00</data></write>
    <read><length>19</length><match><data>\xff\xff\x01\x00\x0c\x02\x00\x02\x01\x01\x0a\x00\x00\x00\x00\x1b\x02\x00\x00</data></match></read>
    <write><data>\x01\x00\xcd\xab\x0c\x03\x00\x02\x01\x01\x0a\xcd\xab\x00\x00\x0e\x03\x00\x00</data></write>
    <read><length>99</length><match><data>\xcd\xab\x01\x00\x5c\x01\x00\x02\x01\x01\x0a\x02\x02\x01\x0aN\x01\xd8\x07K\xb3\xed\xac\xbb\x8dL\x0b\xbbM\xd0\xa7\x0d\xd9\x2a\xba0\xe9\xc3\xa9\xb9\x2az\x14\xf2\x0a\x0eb\x5c\x23x\xf9\x84\xe6z\x40\x1a\xeb\x8fY\x3d\xfe\xdcw9\xcbH\xf8\x0a\xb52T\xe7\xf1\xa1\x83\x25\xc7\x8e\x98\x97\xe3\x7c\x11!\x2b\xc3\x87\x3b\x5c5g\xe4\x86\x94\x04\xfa\x28\x00\x00</data></match></read>
    <!-- Spoof Test -->
    <write><data>\x01\x00\xcd\xab\x11\x01\x00\x02\x02\x01\x0a\x02\x03\x01\x0a\x03\x01\x13\x96\x00W\x02\x00\x00</data></write>
    <!-- Echo Request Test -->
    <write><data>\x01\x00\xcd\xabf\x01\x00\x02\x02\x01\x0a\x02\x01\x01\x0aX\x01\x07\xf3UfYK\x7c\xa0\xc1\xc1\x91\xd48\xf2\xa7\xaa\xb6\xedDX\x9d\xac\xc8AK\xaf\x8a\x83\xcc\x16\xaakC\xfd\x60\xd9v\x92\xee\x0f\xfb\x1f\x12\xfcx\xb1\x24\xda\x8d\x96\xf4\x83\x87\xf8\x1d\xca\xb3\xac\x22\xc6\x15\xed\x27\x98\x06\x7f\x5e\xb3\xfe\xc3G\xeb\x2fG\xda\x13\xbd\x2cr\x22\x81\xfa\x09\xbf\x29\x85H\xa4\xd70\x00\x00</data></write>
    <read><length>109</length><match><data>\xcd\xab\x01\x00f\x01\x00\x02\x01\x01\x0a\x02\x02\x01\x0aX\x01\xf3\x07UfYK\x7c\xa0\xc1\xc1\x91\xd48\xf2\xa7\xaa\xb6\xedDX\x9d\xac\xc8AK\xaf\x8a\x83\xcc\x16\xaakC\xfd\x60\xd9v\x92\xee\x0f\xfb\x1f\x12\xfcx\xb1\x24\xda\x8d\x96\xf4\x83\x87\xf8\x1d\xca\xb3\xac\x22\xc6\x15\xed\x27\x98\x06\x7f\x5e\xb3\xfe\xc3G\xeb\x2fG\xda\x13\xbd\x2cr\x22\x81\xfa\x09\xbf\x29\x85H\xa4\xd70\x00\x00</data></match></read>
    <!-- Echo Request Test -->
    <write><data>\x01\x00\xcd\xab\xe7\x01\x00\x02\x02\x01\x0a\x02\x01\x01\x0a\xd9\x01\x07D\xd6\xe8\x88\xcfC\x87!x\xe2\x26\xbem:\xb8gN\xc9\xb2\xe2\x81\x60\xee7\x2bX\xda4\x8a\x60\x109\xa2\xad\x5e\xe6\xbf\x9e\x9b\xb8G\x8c\xedR\xd7\xc2\x80\xb4\x8dM\x7fX\xbc\x86\x0dmW\x2aX\xd6\xe2\xe6\x0b\x0d\x82\xe3j\xd8\xbeY\xa6\xf7\x0c\x87\xcf\xc6\xc5\x01\x5e\xba\x1b9pQ\x97\xb0\xado\xd8\xca\xf7\x01\xb8PH13\x10\xd8\xcd\xab\xfd\x01\xdf\x03\x17\xbc\xac\xfb\x03\xc0\xaf\xe8\x60f\x10w\xce\x87\xad?h\xee\x12\xc48\xfe\x5f\x09\xecL\xbamf\x058\x01xi\x87\xc0\xa1v\xd0O\x14\x1e0\x25Ga\xb8P\x22\x9bw\x3c\xa5\xd8\x901U\x88\xca\xfc\xb4\x22\x0d3tpw6\x26\x81\x2b\x9b\xf0\xc7\x1f\x94\x1e\x5cNw\x40\x199\x26\x1a\x1d\x23QR\x5c\x92\x0b3\xe6h\x96\xc4\x1a\xd4\xea\x94f\xd0\xb5jM\x9d\xd5\x87e\x29\x91j\x00\x00</data></write>
    <read><length>238</length><match><data>\xcd\xab\x01\x00\xe7\x01\x00\x02\x01\x01\x0a\x02\x02\x01\x0a\xd9\x01D\x07\xd6\xe8\x88\xcfC\x87!x\xe2\x26\xbem:\xb8gN\xc9\xb2\xe2\x81\x60\xee7\x2bX\xda4\x8a\x60\x109\xa2\xad\x5e\xe6\xbf\x9e\x9b\xb8G\x8c\xedR\xd7\xc2\x80\xb4\x8dM\x7fX\xbc\x86\x0dmW\x2aX\xd6\xe2\xe6\x0b\x0d\x82\xe3j\xd8\xbeY\xa6\xf7\x0c\x87\xcf\xc6\xc5\x01\x5e\xba\x1b9pQ\x97\xb0\xado\xd8\xca\xf7\x01\xb8PH13\x10\xd8\xcd\xab\xfd\x01\xdf\x03\x17\xbc\xac\xfb\x03\xc0\xaf\xe8\x60f\x10w\xce\x87\xad?h\xee\x12\xc48\xfe\x5f\x09\xecL\xbamf\x058\x01xi\x87\xc0\xa1v\xd0O\x14\x1e0\x25Ga\xb8P\x22\x9bw\x3c\xa5\xd8\x901U\x88\xca\xfc\xb4\x22\x0d3tpw6\x26\x81\x2b\x9b\xf0\xc7\x1f\x94\x1e\x5cNw\x40\x199\x26\x1a\x1d\x23QR\x5c\x92\x0b3\xe6h\x96\xc4\x1a\xd4\xea\x94f\xd0\xb5jM\x9d\xd5\x87e\x29\x91j\x00\x00</data></match></read>
    <!-- ResolveL2Adjacency Test -->
    <write><data>\xff\xff\xcd\xab\x0c\x02\x00\x01\x01\x01\x0a\x00\x00\x00\x00\x91\x03\x00\x00</data></write>
    <read><length>19</length><match><data>\xcd\xab\x01\x00\x0c\x03\x00\x01\x01\x01\x0a\x01\x00\x00\x00\x96\x01\x00\x00</data></match></read>
    <!-- Echo Request Test -->
    <write><data>\x01\x00\xcd\xab\x17\x01\x00\x02\x02\x01\x0a\x02\x01\x01\x0a\x09\x01\x07\xe6\x06\xa2\xa7\x84\xf0\xea\x90\xe2\x06\x00\x00</data></write>
    <read><length>30</length><match><data>\xcd\xab\x01\x00\x17\x01\x00\x02\x01\x01\x0a\x02\x02\x01\x0a\x09\x01\xe6\x07\x06\xa2\xa7\x84\xf0\xea\x90\xe2\x06\x00\x00</data></match></read>
    <!-- Pwdgen Request Test -->
    <write><data>\x01\x00\xcd\xab\x11\x01\x00\x02\x02\x01\x0a\x02\x01\x01\x0a\x03\x01\x81\xa3\x00\xd0\x02\x00\x00</data></write>
    <read><length>150</length><match><data>\xcd\xab\x01\x00\x8f\x01\x00\x02\x01\x01\x0a\x02\x02\x01\x0a\x81\x01\xa3\x81\x7ebwcceigejiaqivgbcxfy\x0agwizfyfcanieerhsefgo\x0aakahfqcbgwekdbcdareq\x0abhdxjsbbgdhbjvfyayel\x0ablhghrisbxduefardsfq\x0acpdlfjaibxebgtcijfib\x0a\xec5\x00\x00</data></match></read>
    <!-- Spoof Test -->
    <write><data>\x01\x00\xcd\xab\x11\x01\x00\x02\x02\x01\x0a\x02\x03\x01\x0a\x03\x01\x13\x26\x00\xe7\x01\x00\x00</data></write>
    <!-- Echo Request Test -->
    <write><data>\x01\x00\xcd\xab\x23\x01\x00\x02\x02\x01\x0a\x02\x01\x01\x0a\x15\x01\x07y\x12 l8\xa6\xbf:Y\x83g\xa12\xbe\x25\xa6h\xbe\xf8\x7e\x00\x0b\x00\x00</data></write>
    <read><length>42</length><match><data>\xcd\xab\x01\x00\x23\x01\x00\x02\x01\x01\x0a\x02\x02\x01\x0a\x15\x01y\x07\x12 l8\xa6\xbf:Y\x83g\xa12\xbe\x25\xa6h\xbe\xf8\x7e\x00\x0b\x00\x00</data></match></read>
    <!-- Echo Request Test -->
    <write><data>\x01\x00\xcd\xab\xe2\x01\x00\x02\x02\x01\x0a\x02\x01\x01\x0a\xd4\x01\x07\x08\xd13EX!\xc2S\xa8\x9e\xa3\xf8\x3d\x85\x1d\xee\xfaPJn\xe7\xdd8:\xebvS\xae \xccD\x2c\xfd\xc9\x11\xb0\x98I\x7c\x3c\x05\x85\xe7\xf6\x09\x85\xec\x11\x96e\x02\x2c\x0a\x80o\xdc\xcb.\xd7\x85\x88\xb6S\xb5h\xe2\x97\x5f\x8dA\xe0\xcb\xa1\x94\xf1i\xfa\xdb\xeb\x2c\xa7\xed\x88\xa5\xfe\xc0\xf6\xc7B\xf7l\xa3\x14\xe9\x5dat\xa146f\x1b\xa1\x0d\xeed\xaex\xfb\x12\x09\x8cz\x25R\x0d\xae\xc9\xdf\x5c\x9f\xc8\xad\x8c!\x2b\xbdB\x07\x5e\xab\x3e\x27w\x90\xd8\xc1\xd3C\xf1\xd5\xdf\xb0\xb1\xa0\x16h\x88J\x92h\xba\xb2M\x07.JHd7V\x24\x94\x89\xb5\xf9\xcf1\x81\xf9\x02\x2dQ\x0bR\x0f\xea\xf6\x9e1\xa6\xfd\x17\x7c\xd9\x01\x83\x9f\xa5\x7d\xd8o.\x14\xf8\x7d \xbaY\x99\xb2\xf4Y\xcf\xb9K\xb6\x3bV\x8e\x96Dn\x00\x00</data></write>
    <read><length>233</length><match><data>\xcd\xab\x01\x00\xe2\x01\x00\x02\x01\x01\x0a\x02\x02\x01\x0a\xd4\x01\x08\x07\xd13EX!\xc2S\xa8\x9e\xa3\xf8\x3d\x85\x1d\xee\xfaPJn\xe7\xdd8:\xebvS\xae \xccD\x2c\xfd\xc9\x11\xb0\x98I\x7c\x3c\x05\x85\xe7\xf6\x09\x85\xec\x11\x96e\x02\x2c\x0a\x80o\xdc\xcb.\xd7\x85\x88\xb6S\xb5h\xe2\x97\x5f\x8dA\xe0\xcb\xa1\x94\xf1i\xfa\xdb\xeb\x2c\xa7\xed\x88\xa5\xfe\xc0\xf6\xc7B\xf7l\xa3\x14\xe9\x5dat\xa146f\x1b\xa1\x0d\xeed\xaex\xfb\x12\x09\x8cz\x25R\x0d\xae\xc9\xdf\x5c\x9f\xc8\xad\x8c!\x2b\xbdB\x07\x5e\xab\x3e\x27w\x90\xd8\xc1\xd3C\xf1\xd5\xdf\xb0\xb1\xa0\x16h\x88J\x92h\xba\xb2M\x07.JHd7V\x24\x94\x89\xb5\xf9\xcf1\x81\xf9\x02\x2dQ\x0bR\x0f\xea\xf6\x9e1\xa6\xfd\x17\x7c\xd9\x01\x83\x9f\xa5\x7d\xd8o.\x14\xf8\x7d \xbaY\x99\xb2\xf4Y\xcf\xb9K\xb6\x3bV\x8e\x96Dn\x00\x00</data></match></read>
    <!-- Wrong NxtHdr Test -->
    <write><data>\x01\x00\xcd\xab\x11\x1d\x00\x02\x02\x01\x0a\x02\x01\x01\x0a\x03\x01\x07\xb1\x00d\x02\x00\x00</data></write>
    <!-- Echo Request Test -->
    <write><data>\x01\x00\xcd\xab\xec\x01\x00\x02\x02\x01\x0a\x02\x01\x01\x0a\xde\x01\x07\xd4\xdb\x06PE \xceC\x93\xccS\x09s\xf1\x26\xec\x88\x9eu2\x40\x22\xd6\x5e\x28\xe4\x06\x1f\xffh\xc9\x86\x93\x95\x3c\xb1\xb3\xf1\x14\x0c\x02\x92\xca\xa0\x11\x2aL\x2a\xa9\x16\x5er\xb1g\xb6\x18\xd2L\x17\x0b\xcb\x8eYY\x24\xe0\xe5\xe5\xa8ZI\x7eF\x0b\x12\xd0\x89\xfc\xd7\xf9\x9a\x07R\xec\x80\xd0\xb9\x23Y\x82\xc5\x02\xf0\xbe\xf4\x27o\x2b\x3e\x95J.K\xb4\xe4\x81\xe3\x99\xfaK3\xd2OU\xdfi\xc7\xef\xe4\x80C\x7c\x916\x95\x89\x95\xad\x9e\x3c\xd7\x8d\xb3\x90\xe8\x0d\x93\x5b\x40L\x22\x0c\x13\x7f\xfd\x89C\xfd\xf6I\x8aT\xc2q\xcb\xdb\xc4\x9c\xc9N\x3c\x25\xa2\xdd\xc0\xe7U\xd0\xbe\xda\x96\xf2\xbcb\x83\xbb\x8cP\x06\xda\xde\x9b\xaf\xa9\xcbw\x12o\xad\x07\x02\x02\x87\x11p\x07\x01D\x11\xd6\x08\x9d\x1b\x97\x3eH\xcf\x93\xd8\x047s\x3e\x06\xb5\xbbg\xcc\x15\x0aX\xa8n\x00\x00</data></write>
    <read><length>19</length><match><data>\xff\xff\x01\x00\x0c\x02\x00\x02\x01\x01\x0a\x00\x00\x00\x00\x1b\x02\x00\x00</data></match></read>
    <write><data>\x01\x00\xcd\xab\x0c\x03\x00\x02\x01\x01\x0a\xcd\xab\x00\x00\x0e\x03\x00\x00</data></write>
    <read><length>243</length><match><data>\xcd\xab\x01\x00\xec\x01\x00\x02\x01\x01\x0a\x02\x02\x01\x0a\xde\x01\xd4\x07\xdb\x06PE \xceC\x93\xccS\x09s\xf1\x26\xec\x88\x9eu2\x40\x22\xd6\x5e\x28\xe4\x06\x1f\xffh\xc9\x86\x93\x95\x3c\xb1\xb3\xf1\x14\x0c\x02\x92\xca\xa0\x11\x2aL\x2a\xa9\x16\x5er\xb1g\xb6\x18\xd2L\x17\x0b\xcb\x8eYY\x24\xe0\xe5\xe5\xa8ZI\x7eF\x0b\x12\xd0\x89\xfc\xd7\xf9\x9a\x07R\xec\x80\xd0\xb9\x23Y\x82\xc5\x02\xf0\xbe\xf4\x27o\x2b\x3e\x95J.K\xb4\xe4\x81\xe3\x99\xfaK3\xd2OU\xdfi\xc7\xef\xe4\x80C\x7c\x916\x95\x89\x95\xad\x9e\x3c\xd7\x8d\xb3\x90\xe8\x0d\x93\x5b\x40L\x22\x0c\x13\x7f\xfd\x89C\xfd\xf6I\x8aT\xc2q\xcb\xdb\xc4\x9c\xc9N\x3c\x25\xa2\xdd\xc0\xe7U\xd0\xbe\xda\x96\xf2\xbcb\x83\xbb\x8cP\x06\xda\xde\x9b\xaf\xa9\xcbw\x12o\xad\x07\x02\x02\x87\x11p\x07\x01D\x11\xd6\x08\x9d\x1b\x97\x3eH\xcf\x93\xd8\x047s\x3e\x06\xb5\xbbg\xcc\x15\x0aX\xa8n\x00\x00</data></match></read>
    <!-- Pwdgen Request Test -->
    <write><data>\x01\x00\xcd\xab\x11\x01\x00\x02\x02\x01\x0a\x02\x01\x01\x0a\x03\x01\x81\xc7\x00\xf4\x02\x00\x00</data></write>
    <read><length>150</length><match><data>\xcd\xab\x01\x00\x8f\x01\x00\x02\x01\x01\x0a\x02\x02\x01\x0a\x81\x01\xc7\x81\x7ebwcceigejiaqivgbcxfy\x0agwizfyfcanieerhsefgo\x0aakahfqcbgwekdbcdareq\x0abhdxjsbbgdhbjvfyayel\x0ablhghrisbxduefardsfq\x0acpdlfjaibxebgtcijfib\x0a\x106\x00\x00</data></match></read>
    <!-- Invalid Checksum Test -->
    <write><data>\x01\x00\xcd\xab\x11\x01\x00\x02\x02\x01\x0a\x02\x01\x01\x0a\x03\x01\x07\x8b\x00\x3e\x02\x00\x01</data></write>
    <!-- Echo Request Test -->
    <write><data>\x01\x00\xcd\xab\xc5\x01\x00\x02\x02\x01\x0a\x02\x01\x01\x0a\xb7\x01\x07\x11\xb4G6\xc2X\xfflq\xddl\x0f\xc9\xee\x1a\xf5\x98I\xd6\xa1\x87\xac\x11\x92G\x3c\xa3\xc5\x2f\xb32U0dz\x8c\xe5\x9c\xda\xf9Y\x11GO\xc3\x5d\xee\x0e\xd9\x2f\x7e\xa0\x97\x81\x88\xb5\x7e\xc0\x14\xd4\x11\x98O!\xc7G\xbd\xc9\xb8\xac1\xf1CY\x08u\xb4\x16O\xda\x92\x8f5\x95\x7c\xea\x0b\x1c\x01\xe7\x1d\xd05\xcd\x1er\xd1g\xca\x06\xe7\xa7p\xb0\xea\x04\x7eLm\x5eP\xbe\xde\x2bYPY\x10\xaf\x80\xc7\xfc\xc7\xfe\x5d\x266\x8e\x5cPw\x1f\x04a:\xe1E\xfa\xa2\x17\xd0\xef\xee\xe8Ms\xaa\xf1\xca\x09\x81s\xa1\xfc\x9d\x40\x0c\xfd\x2b\x8ft\xa9\x9b\xd3\xf3\x82\xe7\x3b\xbd\xf9\x98\xfd\xd7?\x98\xbcW\x0e\x98\xcb\xe2K\x96\x60\x00\x00</data></write>
    <read><length>204</length><match><data>\xcd\xab\x01\x00\xc5\x01\x00\x02\x01\x01\x0a\x02\x02\x01\x0a\xb7\x01\x11\x07\xb4G6\xc2X\xfflq\xddl\x0f\xc9\xee\x1a\xf5\x98I\xd6\xa1\x87\xac\x11\x92G\x3c\xa3\xc5\x2f\xb32U0dz\x8c\xe5\x9c\xda\xf9Y\x11GO\xc3\x5d\xee\x0e\xd9\x2f\x7e\xa0\x97\x81\x88\xb5\x7e\xc0\x14\xd4\x11\x98O!\xc7G\xbd\xc9\xb8\xac1\xf1CY\x08u\xb4\x16O\xda\x92\x8f5\x95\x7c\xea\x0b\x1c\x01\xe7\x1d\xd05\xcd\x1er\xd1g\xca\x06\xe7\xa7p\xb0\xea\x04\x7eLm\x5eP\xbe\xde\x2bYPY\x10\xaf\x80\xc7\xfc\xc7\xfe\x5d\x266\x8e\x5cPw\x1f\x04a:\xe1E\xfa\xa2\x17\xd0\xef\xee\xe8Ms\xaa\xf1\xca\x09\x81s\xa1\xfc\x9d\x40\x0c\xfd\x2b\x8ft\xa9\x9b\xd3\xf3\x82\xe7\x3b\xbd\xf9\x98\xfd\xd7?\x98\xbcW\x0e\x98\xcb\xe2K\x96\x60\x00\x00</data></match></read>
    <!-- ResolveL2Adjacency Test -->
    <write><data>\xff\xff\xcd\xab\x0c\x02\x00\x01\x01\x01\x0a\x00\x00\x00\x00\x91\x03\x00\x00</data></write>
    <read><length>19</length><match><data>\xcd\xab\x01\x00\x0c\x03\x00\x01\x01\x01\x0a\x01\x00\x00\x00\x96\x01\x00\x00</data></match></read>
</replay>
</pov>