<?xml version="1.0" standalone="no" ?>
<!DOCTYPE pov SYSTEM "/usr/share/cgc-docs/replay.dtd">
<pov>
<cbid>service</cbid>
<seed>d10f71924d66bee91d16b53a9e1136dcfa77691d845021fd0fb1801849d026c8fb33696f3407ed0d1910477f7f992cd6</seed>
<replay>
    <!-- ResolveL2Adjacency Test -->
    <write><data>\xff\xff\xcd\xab\x0c\x02\x00\x01\x01\x01\x0a\x00\x00\x00\x00\x91\x03\x00\x00</data></write>
    <read><length>19</length><match><data>\xcd\xab\x01\x00\x0c\x03\x00\x01\x01\x01\x0a\x01\x00\x00\x00\x96\x01\x00\x00</data></match></read>
    <!-- Chargen Request Test -->
    <write><data>\x01\x00\xcd\xab\x11\x01\x00\x02\x02\x01\x0a\x02\x01\x01\x0a\x03\x01\x13\xce\x00\x8d\x02\x00\x00</data></write>
    <read><length>19</length><match><data>\xff\xff\x01\x00\x0c\x02\x00\x02\x01\x01\x0a\x00\x00\x00\x00\x1b\x02\x00\x00</data></match></read>
    <write><data>\x01\x00\xcd\xab\x0c\x03\x00\x02\x01\x01\x0a\xcd\xab\x00\x00\x0e\x03\x00\x00</data></write>
    <read><length>41</length><match><data>\xcd\xab\x01\x00\x22\x01\x00\x02\x01\x01\x0a\x02\x02\x01\x0a\x14\x01\xce\x13\x11\x3dB\xcd\xbfO\xb2\xbe\xd5\x15\x09RL\x97\x9e\x80\x5f\x076\x0a\x00\x00</data></match></read>
</replay>
</pov>