<?xml version="1.0" standalone="no" ?>
<!DOCTYPE pov SYSTEM "/usr/share/cgc-docs/replay.dtd">
<pov>
<cbid>service</cbid>
<seed>742895397defdffb62c29390c0602c1dedb91e9928b946afb112756d39c34aa82e25d3bba835750ae1bfde5b22915ee9</seed>
<replay>
    <!-- ResolveL2Adjacency Test -->
    <write><data>\xff\xff\xcd\xab\x0c\x02\x00\x01\x01\x01\x0a\x00\x00\x00\x00\x91\x03\x00\x00</data></write>
    <read><length>19</length><match><data>\xcd\xab\x01\x00\x0c\x03\x00\x01\x01\x01\x0a\x01\x00\x00\x00\x96\x01\x00\x00</data></match></read>
    <!-- Spoof Test -->
    <write><data>\x01\x00\xcd\xab\x11\x01\x00\x02\x02\x01\x0a\x02\x03\x01\x0a\x03\x01\x13\xc5\x00\x86\x02\x00\x00</data></write>
    <!-- Echo Request Test -->
    <write><data>\x01\x00\xcd\xabb\x01\x00\x02\x02\x01\x0a\x02\x01\x01\x0aT\x01\x07\x0cQ\x96\xf4i\x035\xb9E\x8f\x2f\x86D\xc4\x10\xf83\xaaN\x1b\x8d\xec\x89z\xc1\x94\xdf\xf5\xbcp\x9fB\x18\x09\xc5\xc9\x5d\xf9\xb5\xb4f\xcbFV\xc5x\xfe\xa4JJ\xbf\xcd\x9f\xedc\x87\x7f\x2dr\xd7A \x1c\x27\x15\xc6P\x22\x0c6\xd2\xf2\xbd\x8b\xa3\xb0S:\xf9\x0ai\xa1kc\x2b\x00\x00</data></write>
    <read><length>19</length><match><data>\xff\xff\x01\x00\x0c\x02\x00\x02\x01\x01\x0a\x00\x00\x00\x00\x1b\x02\x00\x00</data></match></read>
    <write><data>\x01\x00\xcd\xab\x0c\x03\x00\x02\x01\x01\x0a\xcd\xab\x00\x00\x0e\x03\x00\x00</data></write>
    <read><length>105</length><match><data>\xcd\xab\x01\x00b\x01\x00\x02\x01\x01\x0a\x02\x02\x01\x0aT\x01\x0c\x07Q\x96\xf4i\x035\xb9E\x8f\x2f\x86D\xc4\x10\xf83\xaaN\x1b\x8d\xec\x89z\xc1\x94\xdf\xf5\xbcp\x9fB\x18\x09\xc5\xc9\x5d\xf9\xb5\xb4f\xcbFV\xc5x\xfe\xa4JJ\xbf\xcd\x9f\xedc\x87\x7f\x2dr\xd7A \x1c\x27\x15\xc6P\x22\x0c6\xd2\xf2\xbd\x8b\xa3\xb0S:\xf9\x0ai\xa1kc\x2b\x00\x00</data></match></read>
    <!-- Invalid Checksum Test -->
    <write><data>\x01\x00\xcd\xab\x11\x01\x00\x02\x02\x01\x0a\x02\x01\x01\x0a\x03\x01\x07\xd7\x00\x8a\x02\x00\x01</data></write>
    <!-- Echo Request Test -->
    <write><data>\x01\x00\xcd\xab6\x01\x00\x02\x02\x01\x0a\x02\x01\x01\x0a\x28\x01\x07\x3e\x25\x9e\xd1\x87Q\xe2\xc8\x08U\x05\x85g\xd0\xc4:\x8b\x0dwJ\xd5\xce\xfe\xb8\xc1\x9f\x87\x1dI\xe7r\x24u\xf5\xe8F\xbc\xff\x27c\x16\x00\x00</data></write>
    <read><length>61</length><match><data>\xcd\xab\x01\x006\x01\x00\x02\x01\x01\x0a\x02\x02\x01\x0a\x28\x01\x3e\x07\x25\x9e\xd1\x87Q\xe2\xc8\x08U\x05\x85g\xd0\xc4:\x8b\x0dwJ\xd5\xce\xfe\xb8\xc1\x9f\x87\x1dI\xe7r\x24u\xf5\xe8F\xbc\xff\x27c\x16\x00\x00</data></match></read>
    <!-- Echo Request Test -->
    <write><data>\x01\x00\xcd\xabz\x01\x00\x02\x02\x01\x0a\x02\x01\x01\x0al\x01\x07\xbei\xcf\xe16\x2fC8\x0cU \x97S\xde\xd3\x2f\xaey8\x92\x91\x8f\xdd\xafR7\x94\x09!F\x7b\xb2\xc65\x9b?\x83\x1f\x5c\xd4\x05f\x24u\x7c\x95\xa3\x7e\x92\xaad\xc5\x17\xcd\x9c\x87\x29\xa4 \xfc\x26\x23\xc8\x7c.\xe7\xc2\x03\xc1\x2a\x8cD\x04O.\x86\xe2\xe3\x8e?\x91\x2cUuvXL\xafuf\xf8\xa0\x1a\xf6\xa6\x06\xb6\xab\x2c\xf0\x0a\xc3\x7b\x81\x05\xdf1\xa53\x00\x00</data></write>
    <read><length>129</length><match><data>\xcd\xab\x01\x00z\x01\x00\x02\x01\x01\x0a\x02\x02\x01\x0al\x01\xbe\x07i\xcf\xe16\x2fC8\x0cU \x97S\xde\xd3\x2f\xaey8\x92\x91\x8f\xdd\xafR7\x94\x09!F\x7b\xb2\xc65\x9b?\x83\x1f\x5c\xd4\x05f\x24u\x7c\x95\xa3\x7e\x92\xaad\xc5\x17\xcd\x9c\x87\x29\xa4 \xfc\x26\x23\xc8\x7c.\xe7\xc2\x03\xc1\x2a\x8cD\x04O.\x86\xe2\xe3\x8e?\x91\x2cUuvXL\xafuf\xf8\xa0\x1a\xf6\xa6\x06\xb6\xab\x2c\xf0\x0a\xc3\x7b\x81\x05\xdf1\xa53\x00\x00</data></match></read>
    <!-- Echo Request Test -->
    <write><data>\x01\x00\xcd\xab\x86\x01\x00\x02\x02\x01\x0a\x02\x01\x01\x0ax\x01\x07\xb6u\xb8\xa1\xb8\xcb\x8d\x8b3T\xca\xb7\xb5\x8a\x01I9a\x10G\x87\xdc\x9c\x2d\xb0\x97\xaaTb\xedB\x3b\x99C\xd6\xb6\x96\x2b\x8e\xa7\x12\xfa\xde\xb3\x11\x93\xba 7\x7cc4\x08\xb7VxE3\xc4\x18\xa3n\x89\xd2\xacE\x8b\xc8\x5e\xe7\xedsm\x9fB\x28\x8c\x0aQ\x8955 \x80\xcd\xb6\xff\xac\x83v\xfdO\xfd\x28g\xb3k\xb2\xfb0\xa8\x7d\x9a\xa9\xc1\x89\xc2\xafF\x2b1\xe7a\x60\x87\xae\xb9\xa0o\xc8\x3e\x00\x00</data></write>
    <read><length>141</length><match><data>\xcd\xab\x01\x00\x86\x01\x00\x02\x01\x01\x0a\x02\x02\x01\x0ax\x01\xb6\x07u\xb8\xa1\xb8\xcb\x8d\x8b3T\xca\xb7\xb5\x8a\x01I9a\x10G\x87\xdc\x9c\x2d\xb0\x97\xaaTb\xedB\x3b\x99C\xd6\xb6\x96\x2b\x8e\xa7\x12\xfa\xde\xb3\x11\x93\xba 7\x7cc4\x08\xb7VxE3\xc4\x18\xa3n\x89\xd2\xacE\x8b\xc8\x5e\xe7\xedsm\x9fB\x28\x8c\x0aQ\x8955 \x80\xcd\xb6\xff\xac\x83v\xfdO\xfd\x28g\xb3k\xb2\xfb0\xa8\x7d\x9a\xa9\xc1\x89\xc2\xafF\x2b1\xe7a\x60\x87\xae\xb9\xa0o\xc8\x3e\x00\x00</data></match></read>
    <!-- Invalid Checksum Test -->
    <write><data>\x01\x00\xcd\xab\x11\x01\x00\x02\x02\x01\x0a\x02\x01\x01\x0a\x03\x01\x075\x00\xe8\x01\x00\x01</data></write>
    <!-- Echo Request Test -->
    <write><data>\x01\x00\xcd\xab1\x01\x00\x02\x02\x01\x0a\x02\x01\x01\x0a\x23\x01\x07\xc4 \x97\xbd\x2c\xcf\xba\xb3\xc9\x91U\xb6\xb5\x1e\xd3N\x5c\x2c\xf4\x9c\x0b\xdd\xd2\xb2\x8a\x3d\xdbJ\x1ep7\xdb\x16\xc1\xd3\x13\x00\x00</data></write>
    <read><length>56</length><match><data>\xcd\xab\x01\x001\x01\x00\x02\x01\x01\x0a\x02\x02\x01\x0a\x23\x01\xc4\x07 \x97\xbd\x2c\xcf\xba\xb3\xc9\x91U\xb6\xb5\x1e\xd3N\x5c\x2c\xf4\x9c\x0b\xdd\xd2\xb2\x8a\x3d\xdbJ\x1ep7\xdb\x16\xc1\xd3\x13\x00\x00</data></match></read>
    <!-- Echo Request Test -->
    <write><data>\x01\x00\xcd\xab\x15\x01\x00\x02\x02\x01\x0a\x02\x01\x01\x0a\x07\x01\x07v\x04\xe4\xb7WEl\x04\x00\x00</data></write>
    <read><length>28</length><match><data>\xcd\xab\x01\x00\x15\x01\x00\x02\x01\x01\x0a\x02\x02\x01\x0a\x07\x01v\x07\x04\xe4\xb7WEl\x04\x00\x00</data></match></read>
</replay>
</pov>