<?xml version="1.0" standalone="no" ?>
<!DOCTYPE pov SYSTEM "/usr/share/cgc-docs/replay.dtd">
<pov>
<cbid>service</cbid>
<seed>fc47458ec65d0d72334daa02de6b907d6de6ad77ea5ea29356955cf3856de6e933366e9dd6e25f9ec128be8533c89ca6</seed>
<replay>
    <!-- ResolveL2Adjacency Test -->
    <write><data>\xff\xff\xcd\xab\x0c\x02\x00\x01\x01\x01\x0a\x00\x00\x00\x00\x91\x03\x00\x00</data></write>
    <read><length>19</length><match><data>\xcd\xab\x01\x00\x0c\x03\x00\x01\x01\x01\x0a\x01\x00\x00\x00\x96\x01\x00\x00</data></match></read>
    <!-- Invalid Checksum Test -->
    <write><data>\x01\x00\xcd\xab\x11\x01\x00\x02\x02\x01\x0a\x02\x01\x01\x0a\x03\x01\x072\x00\xe5\x01\x00\x01</data></write>
    <!-- Echo Request Test -->
    <write><data>\x01\x00\xcd\xab\x83\x01\x00\x02\x02\x01\x0a\x02\x01\x01\x0au\x01\x07fr\x93\x92\xab\x0a\x0e\xd7\x98\xa9\x1equ\x27\xbe\xean\xe6\xbb\xcfH\x13\x90\xdd\x2b\xac\x1d\x8b\xec\xfb\x0f0\x5cG\x02 \x04\x94\x0e\x9b\xa70\xfe0\xe6\x9e\xe3\x95bO\xd0\x60\xa9\x86\x60\x3bpyJYyZ\x2a\xf8\x05L\x82P\xae\xfe\xd0\xb1\xbe\xdf\xd2x\xd0\x18\xb1\x60y\xa0bs2\x0b5\x84G\x8as\x9b\xc6\xdb\xa1\xb9\x84\x7e\x3e\xa3\xbej\xdf\x2f\x5e\x250\x86\xf8\x29\x8c\x1b\x5c\x8f\x02\x03\xb89\x00\x00</data></write>
    <read><length>19</length><match><data>\xff\xff\x01\x00\x0c\x02\x00\x02\x01\x01\x0a\x00\x00\x00\x00\x1b\x02\x00\x00</data></match></read>
    <write><data>\x01\x00\xcd\xab\x0c\x03\x00\x02\x01\x01\x0a\xcd\xab\x00\x00\x0e\x03\x00\x00</data></write>
    <read><length>138</length><match><data>\xcd\xab\x01\x00\x83\x01\x00\x02\x01\x01\x0a\x02\x02\x01\x0au\x01f\x07r\x93\x92\xab\x0a\x0e\xd7\x98\xa9\x1equ\x27\xbe\xean\xe6\xbb\xcfH\x13\x90\xdd\x2b\xac\x1d\x8b\xec\xfb\x0f0\x5cG\x02 \x04\x94\x0e\x9b\xa70\xfe0\xe6\x9e\xe3\x95bO\xd0\x60\xa9\x86\x60\x3bpyJYyZ\x2a\xf8\x05L\x82P\xae\xfe\xd0\xb1\xbe\xdf\xd2x\xd0\x18\xb1\x60y\xa0bs2\x0b5\x84G\x8as\x9b\xc6\xdb\xa1\xb9\x84\x7e\x3e\xa3\xbej\xdf\x2f\x5e\x250\x86\xf8\x29\x8c\x1b\x5c\x8f\x02\x03\xb89\x00\x00</data></match></read>
    <!-- Echo Request Test -->
    <write><data>\x01\x00\xcd\xabr\x01\x00\x02\x02\x01\x0a\x02\x01\x01\x0ad\x01\x07\x2ba\xad\x85:\xcd\x80\x95\xaa\xaf7\x5f\x99aNV J\x15\xe4\xe0\x89\xb1\xb9\x13\xc3\x0f\xff\xc4M\xd9h\xeeL\x22\x1d0\xb9k\xf8XO\xa8\x99\xea\x5f\xeeuf\x02\x8a6K\xb6\xca\xb4cys\x17\x9b\x1a\xeb\xe0O\xa6\xd0o\xb3\xf4\xbc\xc1\xfa\xe0\xa3\x8a\xb1\x97\xfd\xf2x\xe5\xf7\xf7F\xfd\x92\x15\x3dU\xb8sb\x81\xb8m\x3c\x8cT\xda7\x00\x00</data></write>
    <read><length>121</length><match><data>\xcd\xab\x01\x00r\x01\x00\x02\x01\x01\x0a\x02\x02\x01\x0ad\x01\x2b\x07a\xad\x85:\xcd\x80\x95\xaa\xaf7\x5f\x99aNV J\x15\xe4\xe0\x89\xb1\xb9\x13\xc3\x0f\xff\xc4M\xd9h\xeeL\x22\x1d0\xb9k\xf8XO\xa8\x99\xea\x5f\xeeuf\x02\x8a6K\xb6\xca\xb4cys\x17\x9b\x1a\xeb\xe0O\xa6\xd0o\xb3\xf4\xbc\xc1\xfa\xe0\xa3\x8a\xb1\x97\xfd\xf2x\xe5\xf7\xf7F\xfd\x92\x15\x3dU\xb8sb\x81\xb8m\x3c\x8cT\xda7\x00\x00</data></match></read>
    <!-- Wrong NxtHdr Test -->
    <write><data>\x01\x00\xcd\xab\x11\x01\x00\x02\x02\x01\x0a\x02\x01\x01\x0a\x03\x08\x07\x40\x00\xf3\x01\x00\x00</data></write>
    <!-- Echo Request Test -->
    <write><data>\x01\x00\xcd\xab\x2f\x01\x00\x02\x02\x01\x0a\x02\x01\x01\x0a!\x01\x07m\x1e\x09\x1c\xec\x97\xad\xe4\xb6?\x07\xd9\xac\x9e\x18f\x06\x28\xa9\xdd\xaf\xa4\x18\xc8\xf6\xbd\x95B\xef\x03Wq\x7b\x11\x00\x00</data></write>
    <read><length>54</length><match><data>\xcd\xab\x01\x00\x2f\x01\x00\x02\x01\x01\x0a\x02\x02\x01\x0a!\x01m\x07\x1e\x09\x1c\xec\x97\xad\xe4\xb6?\x07\xd9\xac\x9e\x18f\x06\x28\xa9\xdd\xaf\xa4\x18\xc8\xf6\xbd\x95B\xef\x03Wq\x7b\x11\x00\x00</data></match></read>
    <!-- Invalid Checksum Test -->
    <write><data>\x01\x00\xcd\xab\x11\x01\x00\x02\x02\x01\x0a\x02\x01\x01\x0a\x03\x01\x07\x1c\x00\xcf\x01\x00\x01</data></write>
    <!-- Echo Request Test -->
    <write><data>\x01\x00\xcd\xab\xde\x01\x00\x02\x02\x01\x0a\x02\x01\x01\x0a\xd0\x01\x07\x9a\xcd\x9f\x96\xf1\x26\x0as\xaaU\x3e:\x2a\xa0\x0f\xd8\x12\x18\x15\x25\xc4\x23\x9e\x9bT\xe9\x8e\xfb\xeb\xa3\x14\x14\x3c\x10i\x22\x23\xbb\x3d\xca\xde6\x1b\xef\x95\xec\xf5\xb8\x839\x18K\xe5\xca\xafP\xe8\x0c\x29\x5d\xe3jb\x11N\x18\xa2\xc2\xb3\xc6\xd6\x80\x1c\xfa\xb6\xcf\x7c\xb6\xb4i\xe3wuP\xe8Y\xab\xe3\xce\xa6\xe6\x9d\x25\xba\xde\xe5\x0f\xdbo\xfb\x165sD\xa8k\x1b8\x25a\x82\x9c\x3c\x09\x0f0\xfb\xedN\x7b\xa6\x3dV?\x19r\xcec\xb1\x84A\x99\x1b\xe4\xc5isJ\xde\x7e\x04\xd1\xff\xedT\x5b\xf2\x7dU0d\xbc\xaa\x8dK\x1f\x19\xa8\xca\xf5\x5c\xc1\x02\xf6\xb4\x12\xf1\xe7\xa4U\xfb\xb7.\x0d\xa4\x991\x3e\xda\xe2\xa9\x22\x8b\x9aaO\x5c\x99\x9a.C\x0dPJ\xd4\xec\x14\x96\x8c\xea\xb0\xe6\x3b\x1a\x8a\xbfyVj\x00\x00</data></write>
    <read><length>229</length><match><data>\xcd\xab\x01\x00\xde\x01\x00\x02\x01\x01\x0a\x02\x02\x01\x0a\xd0\x01\x9a\x07\xcd\x9f\x96\xf1\x26\x0as\xaaU\x3e:\x2a\xa0\x0f\xd8\x12\x18\x15\x25\xc4\x23\x9e\x9bT\xe9\x8e\xfb\xeb\xa3\x14\x14\x3c\x10i\x22\x23\xbb\x3d\xca\xde6\x1b\xef\x95\xec\xf5\xb8\x839\x18K\xe5\xca\xafP\xe8\x0c\x29\x5d\xe3jb\x11N\x18\xa2\xc2\xb3\xc6\xd6\x80\x1c\xfa\xb6\xcf\x7c\xb6\xb4i\xe3wuP\xe8Y\xab\xe3\xce\xa6\xe6\x9d\x25\xba\xde\xe5\x0f\xdbo\xfb\x165sD\xa8k\x1b8\x25a\x82\x9c\x3c\x09\x0f0\xfb\xedN\x7b\xa6\x3dV?\x19r\xcec\xb1\x84A\x99\x1b\xe4\xc5isJ\xde\x7e\x04\xd1\xff\xedT\x5b\xf2\x7dU0d\xbc\xaa\x8dK\x1f\x19\xa8\xca\xf5\x5c\xc1\x02\xf6\xb4\x12\xf1\xe7\xa4U\xfb\xb7.\x0d\xa4\x991\x3e\xda\xe2\xa9\x22\x8b\x9aaO\x5c\x99\x9a.C\x0dPJ\xd4\xec\x14\x96\x8c\xea\xb0\xe6\x3b\x1a\x8a\xbfyVj\x00\x00</data></match></read>
    <!-- Wrong NxtHdr Test -->
    <write><data>\x01\x00\xcd\xab\x11C\x00\x02\x02\x01\x0a\x02\x01\x01\x0a\x03\x01\x071\x00\xe4\x01\x00\x00</data></write>
    <!-- Echo Request Test -->
    <write><data>\x01\x00\xcd\xab\xcc\x01\x00\x02\x02\x01\x0a\x02\x01\x01\x0a\xbe\x01\x07\x25\xbb\xb0\xd2\x8e\xe8\x18\xd4R\xab\xdf\x1ag\x2c\xa4Wn9\xc7\xde\xdb\x84\x29\x19p\xc4\xe1\x5f\xbfG\x28N\x19\xbf\xedf\xc2\x1a\xfc\x0a\x11\xdeN\xbf\xa1P\xdf\xebBZ\x2b\x94r\xae\xe2\xb6\xf8\xa05\x90\xe4ly\xf7\xb5\x8b\xac\x3e\xcbYD\x05\xe3\xccQ\xe3\xd4\x05\xea\xc7\xaa\xda\x07\xba\xc8\xd3\x5b\x1b\xe5\xf6\xc0\xcb\x40\x09\x14\xff\xc6\x7d\x7d?\x91PM \x3c\xb2\xbf\x03\x3b\xc3!T\x065\xcc\xa6\xcf\x5d\x8cR\x91\x15T:x\x81\xe4\xba8\x95\xc3\xf9\xce\x14\xe9\x9d\x03\x92e\x5dg\x90\x10\xb4\xe1\x9c\xc6l\x8a\x27\x22\xb1b\x1fu\xcb\xcf \xab9\xb2\xc0\xd7\x96P\xcc\x27\xdd\xf2\xdb\x27\xa7\xd0ks\xaa\x93\xdc\x1b\xe2\xe4\x24b\xc9S6\x80\xba\x96\x04f\x00\x00</data></write>
    <read><length>211</length><match><data>\xcd\xab\x01\x00\xcc\x01\x00\x02\x01\x01\x0a\x02\x02\x01\x0a\xbe\x01\x25\x07\xbb\xb0\xd2\x8e\xe8\x18\xd4R\xab\xdf\x1ag\x2c\xa4Wn9\xc7\xde\xdb\x84\x29\x19p\xc4\xe1\x5f\xbfG\x28N\x19\xbf\xedf\xc2\x1a\xfc\x0a\x11\xdeN\xbf\xa1P\xdf\xebBZ\x2b\x94r\xae\xe2\xb6\xf8\xa05\x90\xe4ly\xf7\xb5\x8b\xac\x3e\xcbYD\x05\xe3\xccQ\xe3\xd4\x05\xea\xc7\xaa\xda\x07\xba\xc8\xd3\x5b\x1b\xe5\xf6\xc0\xcb\x40\x09\x14\xff\xc6\x7d\x7d?\x91PM \x3c\xb2\xbf\x03\x3b\xc3!T\x065\xcc\xa6\xcf\x5d\x8cR\x91\x15T:x\x81\xe4\xba8\x95\xc3\xf9\xce\x14\xe9\x9d\x03\x92e\x5dg\x90\x10\xb4\xe1\x9c\xc6l\x8a\x27\x22\xb1b\x1fu\xcb\xcf \xab9\xb2\xc0\xd7\x96P\xcc\x27\xdd\xf2\xdb\x27\xa7\xd0ks\xaa\x93\xdc\x1b\xe2\xe4\x24b\xc9S6\x80\xba\x96\x04f\x00\x00</data></match></read>
    <!-- ResolveL2Adjacency Test -->
    <write><data>\xff\xff\xcd\xab\x0c\x02\x00\x01\x01\x01\x0a\x00\x00\x00\x00\x91\x03\x00\x00</data></write>
    <read><length>19</length><match><data>\xcd\xab\x01\x00\x0c\x03\x00\x01\x01\x01\x0a\x01\x00\x00\x00\x96\x01\x00\x00</data></match></read>
    <!-- Invalid Checksum Test -->
    <write><data>\x01\x00\xcd\xab\x11\x01\x00\x02\x02\x01\x0a\x02\x01\x01\x0a\x03\x01\x07D\x00\xf7\x01\x00\x01</data></write>
    <!-- Echo Request Test -->
    <write><data>\x01\x00\xcd\xab\x2a\x01\x00\x02\x02\x01\x0a\x02\x01\x01\x0a\x1c\x01\x07\x23\x19:J\xdc\x80\xd7m\x05\x7e\xc4\xa8\xbaQ\xa3\xd9\xa5\x28\x12\x7f\xde\x07\x18zR\x1e\xc2\xc2\x0d\x00\x00</data></write>
    <read><length>49</length><match><data>\xcd\xab\x01\x00\x2a\x01\x00\x02\x01\x01\x0a\x02\x02\x01\x0a\x1c\x01\x23\x07\x19:J\xdc\x80\xd7m\x05\x7e\xc4\xa8\xbaQ\xa3\xd9\xa5\x28\x12\x7f\xde\x07\x18zR\x1e\xc2\xc2\x0d\x00\x00</data></match></read>
    <!-- ResolveL2Adjacency Test -->
    <write><data>\xff\xff\xcd\xab\x0c\x02\x00\x01\x01\x01\x0a\x00\x00\x00\x00\x91\x03\x00\x00</data></write>
    <read><length>19</length><match><data>\xcd\xab\x01\x00\x0c\x03\x00\x01\x01\x01\x0a\x01\x00\x00\x00\x96\x01\x00\x00</data></match></read>
    <!-- Wrong NxtHdr Test -->
    <write><data>\x01\x00\xcd\xab\x11\xb2\x00\x02\x02\x01\x0a\x02\x01\x01\x0a\x03\x01\x07\xc8\x00\x7b\x02\x00\x00</data></write>
    <!-- Echo Request Test -->
    <write><data>\x01\x00\xcd\xab\xf3\x01\x00\x02\x02\x01\x0a\x02\x01\x01\x0a\xe5\x01\x07\x8a\xe2i\xb6T\xecM\x1d\x28\xbf\xe0\xa3\x2a0\x99\x0b\x3b\xd4\xc4\x7e:\x9a\x24\x3b\x8d6\xef\x085\xc8\x5c\x90\xefB\x89\xdd\x83\xc6\xb1\x60\x0c\xdfo\x26p\x5bv\xd3\x18m\xc0\x11\x93\xad\x11\x82\x10\xee\x23\xe9H7i\xdb7\x1e\xd5y\xfd\x8a\x27\xfe\x84\xdc\xc0\xd59\xf6\xa3w\xd1\x5e\x7fOha\xdb\x1a\xd6\x87\xd6\xbf\xf3\x5e\xce\x0f\x05\x11\x9c\x01\x87\x25\x04Q\x9f?\x91\x15\xd5\xa3\xba\x85\x0eB\x8d\xea\xc4\x9a\x89B\xde\xe8z\x5eZ\xa1\xb7\xfa\xe5\x23p\xddJ\x0fZ\x29\xf1\x89\x84n\xd28\x13IU\xfeZ\x9b\xe9\x28\xb8\xd7\x2b\xb7\xdbC\xfd\x1e4.F\xe5\x28sw\x8e\xf6\xe8\x29\x1d\xd1\xdf\xbd\x0b\x8e\xbe\x9a\x0b\xa0\xc2\xe4a\xe36\xe2\x9d\xd9\xdf\xc8s\x26!\x89\x06\x5e\x1d\xd2d\xad\x19\xb8\x25\x83\x9fH\xa7\xa3\xf2K\xe9\xa5XQ\x80\x8e\xde\xfc\x8aZ\x83\xf4c\xc8n\x12\x7b\x83c\xdav\x00\x00</data></write>
    <read><length>250</length><match><data>\xcd\xab\x01\x00\xf3\x01\x00\x02\x01\x01\x0a\x02\x02\x01\x0a\xe5\x01\x8a\x07\xe2i\xb6T\xecM\x1d\x28\xbf\xe0\xa3\x2a0\x99\x0b\x3b\xd4\xc4\x7e:\x9a\x24\x3b\x8d6\xef\x085\xc8\x5c\x90\xefB\x89\xdd\x83\xc6\xb1\x60\x0c\xdfo\x26p\x5bv\xd3\x18m\xc0\x11\x93\xad\x11\x82\x10\xee\x23\xe9H7i\xdb7\x1e\xd5y\xfd\x8a\x27\xfe\x84\xdc\xc0\xd59\xf6\xa3w\xd1\x5e\x7fOha\xdb\x1a\xd6\x87\xd6\xbf\xf3\x5e\xce\x0f\x05\x11\x9c\x01\x87\x25\x04Q\x9f?\x91\x15\xd5\xa3\xba\x85\x0eB\x8d\xea\xc4\x9a\x89B\xde\xe8z\x5eZ\xa1\xb7\xfa\xe5\x23p\xddJ\x0fZ\x29\xf1\x89\x84n\xd28\x13IU\xfeZ\x9b\xe9\x28\xb8\xd7\x2b\xb7\xdbC\xfd\x1e4.F\xe5\x28sw\x8e\xf6\xe8\x29\x1d\xd1\xdf\xbd\x0b\x8e\xbe\x9a\x0b\xa0\xc2\xe4a\xe36\xe2\x9d\xd9\xdf\xc8s\x26!\x89\x06\x5e\x1d\xd2d\xad\x19\xb8\x25\x83\x9fH\xa7\xa3\xf2K\xe9\xa5XQ\x80\x8e\xde\xfc\x8aZ\x83\xf4c\xc8n\x12\x7b\x83c\xdav\x00\x00</data></match></read>
    <!-- Invalid Packet\x2fSegment Length Test -->
    <write><data>\x01\x00\xcd\xab\x11\x01\x00\x02\x02\x01\x0a\x02\x03\x01\x0a\x03\x01\x13\x80\x01A\x02\x00\x00</data></write>
    <!-- Echo Request Test -->
    <write><data>\x01\x00\xcd\xab\xa0\x01\x00\x02\x02\x01\x0a\x02\x01\x01\x0a\x92\x01\x07\x22\x8f\x11\xbd\x10tl\xca8\x0dH\xd7\x1f\x83\x3db1\x28\xcaL\xa0\x9c\x1e\x29Z\x2b\xb5A\x8f\xa7\x9d\x0a\xf6\xfc\xe0\x8a\xed\xdcn\xb0\x84z\xf5\xa4 \x84\xd68\xb0\xa7\xa7\x7c\x0b\xc7\xdfM\xba\x1a\xbb\xfa\x0d\xd3\x9dn\x9c\x3b\xb6\xd9\x8f\x9e\xba\x88\x09\xf1\xd5N\x18\xb1\xd2\x10\xe5\x07\x82K\x2a\x7e\xa2\xda\xd9uy\xcf\x9e\x95\x3b\x99r\xbe\x1a\xad\xb5\x7e\xed\xb9a\x97\x10\xc3b\x29\xf5\x15G\x07m\x9d\xc2\x19\x1f\xc2a\xb6L\xef\x26\x0e\x5fnK\xd1q\xa6\xdb\x1a\x09\xc7\x9c\xce\x7f\xab\xc8\x1bo:\xaa\xe1J\x00\x00</data></write>
    <read><length>19</length><match><data>\xff\xff\x01\x00\x0c\x02\x00\x02\x01\x01\x0a\x00\x00\x00\x00\x1b\x02\x00\x00</data></match></read>
    <write><data>\x01\x00\xcd\xab\x0c\x03\x00\x02\x01\x01\x0a\xcd\xab\x00\x00\x0e\x03\x00\x00</data></write>
    <read><length>167</length><match><data>\xcd\xab\x01\x00\xa0\x01\x00\x02\x01\x01\x0a\x02\x02\x01\x0a\x92\x01\x22\x07\x8f\x11\xbd\x10tl\xca8\x0dH\xd7\x1f\x83\x3db1\x28\xcaL\xa0\x9c\x1e\x29Z\x2b\xb5A\x8f\xa7\x9d\x0a\xf6\xfc\xe0\x8a\xed\xdcn\xb0\x84z\xf5\xa4 \x84\xd68\xb0\xa7\xa7\x7c\x0b\xc7\xdfM\xba\x1a\xbb\xfa\x0d\xd3\x9dn\x9c\x3b\xb6\xd9\x8f\x9e\xba\x88\x09\xf1\xd5N\x18\xb1\xd2\x10\xe5\x07\x82K\x2a\x7e\xa2\xda\xd9uy\xcf\x9e\x95\x3b\x99r\xbe\x1a\xad\xb5\x7e\xed\xb9a\x97\x10\xc3b\x29\xf5\x15G\x07m\x9d\xc2\x19\x1f\xc2a\xb6L\xef\x26\x0e\x5fnK\xd1q\xa6\xdb\x1a\x09\xc7\x9c\xce\x7f\xab\xc8\x1bo:\xaa\xe1J\x00\x00</data></match></read>
    <!-- Invalid Checksum Test -->
    <write><data>\x01\x00\xcd\xab\x11\x01\x00\x02\x02\x01\x0a\x02\x01\x01\x0a\x03\x01\x07\xe5\x00\x98\x02\x00\x01</data></write>
    <!-- Echo Request Test -->
    <write><data>\x01\x00\xcd\xab\xb9\x01\x00\x02\x02\x01\x0a\x02\x01\x01\x0a\xab\x01\x07\x26\xa8\xb3\xf7\x23z\xb7\x26 \xe2\x07F\xf0\xde:\x26\x06\x1c\x97\xce\xc3\x3c3\xdb?\xb6\xce\x5bq\xadX\xdf\xfd\xb7bP\xebc6\xa9A\xd6ms\xd6\xb7\x96k\x0b\xe0\xda\x5d\xa9\x07i\xd3\xa1\xf3\x81\x82\x18\xa3\xd3\xcd\x88\x1b\x25Rn\x9c\x0dA\xf2\xf9\xb6\x97\xd4\x5c\xfd\x93\x8d\xe5\xc0I\x25\x0f\xec\x5b\x10\xb5\x26:\x7f\xd7Z\xf7\xb0\xc9 \xcc\x24\xf9\x27w\x94U\x3cy\x98\xd5\x16\x14\x9c\xf3\x2a\xce\x8e\xe8V\x5b\xe2\x8a\x14I\xbe\x98uYet\xd1\x3ca\xe0\xde\x60\x82\x60\x27\x1dpfE\x95\x9c0\xf6aD:\x5d\x07\x8f\xaaS\x8e\x23\x40\xd2\xa8\x2f\x0dh\x95\xb6K\xc8\x2c\xe2\x9f\x93W\x00\x00</data></write>
    <read><length>192</length><match><data>\xcd\xab\x01\x00\xb9\x01\x00\x02\x01\x01\x0a\x02\x02\x01\x0a\xab\x01\x26\x07\xa8\xb3\xf7\x23z\xb7\x26 \xe2\x07F\xf0\xde:\x26\x06\x1c\x97\xce\xc3\x3c3\xdb?\xb6\xce\x5bq\xadX\xdf\xfd\xb7bP\xebc6\xa9A\xd6ms\xd6\xb7\x96k\x0b\xe0\xda\x5d\xa9\x07i\xd3\xa1\xf3\x81\x82\x18\xa3\xd3\xcd\x88\x1b\x25Rn\x9c\x0dA\xf2\xf9\xb6\x97\xd4\x5c\xfd\x93\x8d\xe5\xc0I\x25\x0f\xec\x5b\x10\xb5\x26:\x7f\xd7Z\xf7\xb0\xc9 \xcc\x24\xf9\x27w\x94U\x3cy\x98\xd5\x16\x14\x9c\xf3\x2a\xce\x8e\xe8V\x5b\xe2\x8a\x14I\xbe\x98uYet\xd1\x3ca\xe0\xde\x60\x82\x60\x27\x1dpfE\x95\x9c0\xf6aD:\x5d\x07\x8f\xaaS\x8e\x23\x40\xd2\xa8\x2f\x0dh\x95\xb6K\xc8\x2c\xe2\x9f\x93W\x00\x00</data></match></read>
    <!-- Chargen Request Test -->
    <write><data>\x01\x00\xcd\xab\x11\x01\x00\x02\x02\x01\x0a\x02\x01\x01\x0a\x03\x01\x13Z\x00\x19\x02\x00\x00</data></write>
    <read><length>86</length><match><data>\xcd\xab\x01\x00O\x01\x00\x02\x01\x01\x0a\x02\x02\x01\x0aA\x01Z\x13\x3e\x9c\xe3\x8bQ\x3c\xf68A\x0b\xa8\x92\x29E\xd1\xcfD\x2a\xbc\xc1\xbd\xfa\xfc\xa8a\xdfY\xee\xc7\x98\xb1\x9f eP\x1f\xb0\xaa\xacJ\x05\xf4G\xd7\x25\xaf \x86\xd0\xc9\x8fM\xdc\x7e\x92\x0b!\x12\x1f\x5cJj\xb1\xfc!\x00\x00</data></match></read>
    <!-- Pwdgen Request Test -->
    <write><data>\x01\x00\xcd\xab\x11\x01\x00\x02\x02\x01\x0a\x02\x01\x01\x0a\x03\x01\x81\x80\x00\xad\x02\x00\x00</data></write>
    <read><length>150</length><match><data>\xcd\xab\x01\x00\x8f\x01\x00\x02\x01\x01\x0a\x02\x02\x01\x0a\x81\x01\x80\x81\x7eicbgcufifeawepegdvgh\x0abagtelieboanaejienev\x0adjjhifephyfcdbeugcdo\x0ahyhdilhpjdjahibwcjdp\x0adegjgcjbalegafczeybs\x0afxgjighngpbzawcbhnhi\x0a\x855\x00\x00</data></match></read>
    <!-- Invalid Checksum Test -->
    <write><data>\x01\x00\xcd\xab\x11\x01\x00\x02\x02\x01\x0a\x02\x01\x01\x0a\x03\x01\x07\x9d\x00P\x02\x00\x01</data></write>
    <!-- Echo Request Test -->
    <write><data>\x01\x00\xcd\xab\xd9\x01\x00\x02\x02\x01\x0a\x02\x01\x01\x0a\xcb\x01\x07\xf3\xc8\xef\x9f\x95pr\x1b?\xc0\x08A\x28\x9e\xd1\xa6\x17\xe0\xd4\x3c\x40\x5b\xf0\xc7\xe2\x09\x04I\x9e\x0f\x1c\xb2\xb1\xbe0z\x0d\xda\x8b\xb8\x8d\x15\x9a\x92\xba\xd1\xb1\x9d\xfa2\x1f\x8ey\x9d\x047\x858\xd6\xe3\x02\xf7\xb0\xfb\xe8\xc8\xb4D\xf71M:\xd1\x85\xa2\xd6:\x1em\x0esxL\xd4\xe6K6\xf0\x13\x81V\xc8\xdc\xb3\xaf\x08\xc9\xd5\xc6O\x93\xbd\xb3\x85\xedP\xf4\xb1\xa9HZ7\x84\xa7\xe7\x3c\xad\x81\x5c\x9e\xca\x29\xc8\x7b\xc2C\xa8\x0b\x88\xbd\x7e\xb3\xc3\xf1NmIn\xc9\x12\xf2\xa2\xbcB\x8bW\xf5\xcb\x11\xd1g\x9c\x40W\x5e\x24N\x03L\xc9\x29\xcas\xf3\xd2\xa9\xaer\xaap\x81\xf9\x8by\x7c\x07\xa4cj\xc7\x28\xc9Sa\xde\x84y\xba\x1b\xac\x26\x2d\x90\x88\xcb\xb5\xe8\x22\xec\x40\xe7\x03\x94l\x00\x00</data></write>
    <read><length>224</length><match><data>\xcd\xab\x01\x00\xd9\x01\x00\x02\x01\x01\x0a\x02\x02\x01\x0a\xcb\x01\xf3\x07\xc8\xef\x9f\x95pr\x1b?\xc0\x08A\x28\x9e\xd1\xa6\x17\xe0\xd4\x3c\x40\x5b\xf0\xc7\xe2\x09\x04I\x9e\x0f\x1c\xb2\xb1\xbe0z\x0d\xda\x8b\xb8\x8d\x15\x9a\x92\xba\xd1\xb1\x9d\xfa2\x1f\x8ey\x9d\x047\x858\xd6\xe3\x02\xf7\xb0\xfb\xe8\xc8\xb4D\xf71M:\xd1\x85\xa2\xd6:\x1em\x0esxL\xd4\xe6K6\xf0\x13\x81V\xc8\xdc\xb3\xaf\x08\xc9\xd5\xc6O\x93\xbd\xb3\x85\xedP\xf4\xb1\xa9HZ7\x84\xa7\xe7\x3c\xad\x81\x5c\x9e\xca\x29\xc8\x7b\xc2C\xa8\x0b\x88\xbd\x7e\xb3\xc3\xf1NmIn\xc9\x12\xf2\xa2\xbcB\x8bW\xf5\xcb\x11\xd1g\x9c\x40W\x5e\x24N\x03L\xc9\x29\xcas\xf3\xd2\xa9\xaer\xaap\x81\xf9\x8by\x7c\x07\xa4cj\xc7\x28\xc9Sa\xde\x84y\xba\x1b\xac\x26\x2d\x90\x88\xcb\xb5\xe8\x22\xec\x40\xe7\x03\x94l\x00\x00</data></match></read>
    <!-- Echo Request Test -->
    <write><data>\x01\x00\xcd\xabx\x01\x00\x02\x02\x01\x0a\x02\x01\x01\x0aj\x01\x07\xe4g \x26J\xb8\xb3\xf3\xac\xc7\xe3\x2a\xe0\x83\x9c\xcdZe\xb5.\xf4Lt\xef\xab\xd3\xe2\xdaOcY\xa9\xe9\xf0\x40\xaf\xd7\xb6\xd9i\x7c\x16\xb9\xce\xe2t\xfb0\xc1\xc7x.\xd4\x5e!4\x2f\xea\x87\x06\xe8\x26\x17\xf6\x14\x97\x26\x17\x7ct\xcf\x2bPM\x0d\x7f\xdcP\xd51\xb3\xd1\xe8jB\xc3\xda\xba\x12C\x9a\x17o\xcc\x93\x8f\x22\x29\xc2\x1f\x88\xae\xd2\xed\x13\x13:\x00\x00</data></write>
    <read><length>127</length><match><data>\xcd\xab\x01\x00x\x01\x00\x02\x01\x01\x0a\x02\x02\x01\x0aj\x01\xe4\x07g \x26J\xb8\xb3\xf3\xac\xc7\xe3\x2a\xe0\x83\x9c\xcdZe\xb5.\xf4Lt\xef\xab\xd3\xe2\xdaOcY\xa9\xe9\xf0\x40\xaf\xd7\xb6\xd9i\x7c\x16\xb9\xce\xe2t\xfb0\xc1\xc7x.\xd4\x5e!4\x2f\xea\x87\x06\xe8\x26\x17\xf6\x14\x97\x26\x17\x7ct\xcf\x2bPM\x0d\x7f\xdcP\xd51\xb3\xd1\xe8jB\xc3\xda\xba\x12C\x9a\x17o\xcc\x93\x8f\x22\x29\xc2\x1f\x88\xae\xd2\xed\x13\x13:\x00\x00</data></match></read>
    <!-- ResolveL2Adjacency Test -->
    <write><data>\xff\xff\xcd\xab\x0c\x02\x00\x01\x01\x01\x0a\x00\x00\x00\x00\x91\x03\x00\x00</data></write>
    <read><length>19</length><match><data>\xcd\xab\x01\x00\x0c\x03\x00\x01\x01\x01\x0a\x01\x00\x00\x00\x96\x01\x00\x00</data></match></read>
    <!-- Chargen Request Test -->
    <write><data>\x01\x00\xcd\xab\x11\x01\x00\x02\x02\x01\x0a\x02\x01\x01\x0a\x03\x01\x13\xa0\x00\x5f\x02\x00\x00</data></write>
    <read><length>24</length><match><data>\xcd\xab\x01\x00\x11\x01\x00\x02\x01\x01\x0a\x02\x02\x01\x0a\x03\x01\xa0\x13\x00\x5f\x02\x00\x00</data></match></read>
    <!-- ResolveL2Adjacency Test -->
    <write><data>\xff\xff\xcd\xab\x0c\x02\x00\x01\x01\x01\x0a\x00\x00\x00\x00\x91\x03\x00\x00</data></write>
    <read><length>19</length><match><data>\xcd\xab\x01\x00\x0c\x03\x00\x01\x01\x01\x0a\x01\x00\x00\x00\x96\x01\x00\x00</data></match></read>
    <!-- Invalid Packet\x2fSegment Length Test -->
    <write><data>\x01\x00\xcd\xab\x11\x01\x00\x02\x02\x01\x0a\x02\x03\x01\x0a\x03\x01\x13\x09\x01\xca\x01\x00\x00</data></write>
    <!-- Echo Request Test -->
    <write><data>\x01\x00\xcd\xab\x60\x01\x00\x02\x02\x01\x0a\x02\x01\x01\x0aR\x01\x07\x22O1\xed\x24U\xb0t\x17p\xd3\x18\x25\xa0\x2fe\x27\xe3\xfdX\x5c\x05\xff\x05\xd4\x0f\x1e\xa0b\xbflf\xfa\x9b\xae\x83\x88No\xd4\x40\xa1\x06\x1d\xed\x14\xcf\x83\x05\x92\x27\xfd\xec\xa6\xf8j\xaa\xe7\xa1:\xdf\xccv\x9c\xda\x1e\xaa\x27\x2d\x8dt\xbb\x2b\xf9\xfb\x08\xf7f\xb7\x5fYS\x2a\x00\x00</data></write>
    <read><length>19</length><match><data>\xff\xff\x01\x00\x0c\x02\x00\x02\x01\x01\x0a\x00\x00\x00\x00\x1b\x02\x00\x00</data></match></read>
    <write><data>\x01\x00\xcd\xab\x0c\x03\x00\x02\x01\x01\x0a\xcd\xab\x00\x00\x0e\x03\x00\x00</data></write>
    <read><length>103</length><match><data>\xcd\xab\x01\x00\x60\x01\x00\x02\x01\x01\x0a\x02\x02\x01\x0aR\x01\x22\x07O1\xed\x24U\xb0t\x17p\xd3\x18\x25\xa0\x2fe\x27\xe3\xfdX\x5c\x05\xff\x05\xd4\x0f\x1e\xa0b\xbflf\xfa\x9b\xae\x83\x88No\xd4\x40\xa1\x06\x1d\xed\x14\xcf\x83\x05\x92\x27\xfd\xec\xa6\xf8j\xaa\xe7\xa1:\xdf\xccv\x9c\xda\x1e\xaa\x27\x2d\x8dt\xbb\x2b\xf9\xfb\x08\xf7f\xb7\x5fYS\x2a\x00\x00</data></match></read>
    <!-- Pwdgen Request Test -->
    <write><data>\x01\x00\xcd\xab\x11\x01\x00\x02\x02\x01\x0a\x02\x01\x01\x0a\x03\x01\x81\x5e\x00\x8b\x02\x00\x00</data></write>
    <read><length>150</length><match><data>\xcd\xab\x01\x00\x8f\x01\x00\x02\x01\x01\x0a\x02\x02\x01\x0a\x81\x01\x5e\x81\x7eicbgcufifeawepegdvgh\x0abagtelieboanaejienev\x0adjjhifephyfcdbeugcdo\x0ahyhdilhpjdjahibwcjdp\x0adegjgcjbalegafczeybs\x0afxgjighngpbzawcbhnhi\x0ac5\x00\x00</data></match></read>
    <!-- Chargen Request Test -->
    <write><data>\x01\x00\xcd\xab\x11\x01\x00\x02\x02\x01\x0a\x02\x01\x01\x0a\x03\x01\x13n\x00\x2d\x02\x00\x00</data></write>
    <read><length>81</length><match><data>\xcd\xab\x01\x00J\x01\x00\x02\x01\x01\x0a\x02\x02\x01\x0a\x3c\x01n\x139s\xa0\xcdq\x17P\xd90\xcf\xce\x84\x5bq\x2f\xc1\x0aZ\xacK\xbf\x89Go\xa1S\xa6\xe1\xed\xbc\x9d\x5ci6\xc2Z\x3c\xa4\xa9\xd7\x28\xff\xba\xea\xea\xa7\xdeJ\xban\x24\xbf\xcf\x5c\x40\x198\x7d\xcf \x00\x00</data></match></read>
    <!-- Unknown Unicast Test -->
    <write><data>\x00\xb0\xcd\xab\x11\x01\x00\x02\x02\x01\x0a\x02\x03\x01\x0a\x03\x01\x13p\x00\xe0\x02\x00\x00</data></write>
    <!-- Echo Request Test -->
    <write><data>\x01\x00\xcd\xabA\x01\x00\x02\x02\x01\x0a\x02\x01\x01\x0a3\x01\x07\xbc0\x22\xc1\xdb6\x05q\xd8\xd2V\x60\x97\x8c\x3d\x7d\xea\x26\x11\x23\x9av\xfdV\x9e\x83\x9f\xf6\xde\x9f\xbd\xfc\xfd\xc92\xb2?\x8c\x14\xe5\x3b\xc5\xaf\xc9\x98:\xcd1o\x16t\x1c\x00\x00</data></write>
    <read><length>72</length><match><data>\xcd\xab\x01\x00A\x01\x00\x02\x01\x01\x0a\x02\x02\x01\x0a3\x01\xbc\x070\x22\xc1\xdb6\x05q\xd8\xd2V\x60\x97\x8c\x3d\x7d\xea\x26\x11\x23\x9av\xfdV\x9e\x83\x9f\xf6\xde\x9f\xbd\xfc\xfd\xc92\xb2?\x8c\x14\xe5\x3b\xc5\xaf\xc9\x98:\xcd1o\x16t\x1c\x00\x00</data></match></read>
    <!-- Pwdgen Request Test -->
    <write><data>\x01\x00\xcd\xab\x11\x01\x00\x02\x02\x01\x0a\x02\x01\x01\x0a\x03\x01\x81w\x00\xa4\x02\x00\x00</data></write>
    <read><length>150</length><match><data>\xcd\xab\x01\x00\x8f\x01\x00\x02\x01\x01\x0a\x02\x02\x01\x0a\x81\x01w\x81\x7eicbgcufifeawepegdvgh\x0abagtelieboanaejienev\x0adjjhifephyfcdbeugcdo\x0ahyhdilhpjdjahibwcjdp\x0adegjgcjbalegafczeybs\x0afxgjighngpbzawcbhnhi\x0a\x7c5\x00\x00</data></match></read>
    <!-- Spoof Test -->
    <write><data>\x01\x00\xcd\xab\x11\x01\x00\x02\x02\x01\x0a\x02\x03\x01\x0a\x03\x01\x13\xa1\x00b\x02\x00\x00</data></write>
    <!-- Echo Request Test -->
    <write><data>\x01\x00\xcd\xab\xc4\x01\x00\x02\x02\x01\x0a\x02\x01\x01\x0a\xb6\x01\x07\xcb\xb37\xe4\x18\xab\x3b\x23s\x9fa\xba\xa0\xba\xa4\xa7\x7f\xc6\x8cF\xa0\xe1Fj\xf7l\x890\x7cG\xb6oK\xd9\xa2\x7f\xb3\xd3g\xed\x0d\x88\x9c\xa2\x8e\x13\xd0\x8fu\x40\xbc\x0dP\x28\xd9\xac\xd0\x14\xda\x7c\x8ab\x28f\x0d\x1a\x26\x9dR\xb3\xae\x9a\xc9\x96\xa9\x05\x8c\xb6h\xa4\xa3\x2b\xf7z\xa8\xb9c\x29\xd2b\x2d\x04\xc9R\x3b\x1fB:\xdd\x8d\x2b\xae\xaf\xad\x04\xb1W\xb1\xddp\xc5\x92\xd3qo\xc1\x80t\x2dL\xb0\xdal\x06\xcc\x90G\xf6\x06\xe2\x1e\xe2\x236z\xd7\x26zWw\xce\x25\xb6\x2dP\xc9\x9f!\x23\x14\x85F\xf9\x2c\x88\xe9\x1eE\x16\xad\x0b\x84\xa4b\x0fk\xf3\xbf\x8c:\xbb\xe3\xb3\x0d\xcdB\x24p \xea\xfe\x99\x5b\x00\x00</data></write>
    <read><length>203</length><match><data>\xcd\xab\x01\x00\xc4\x01\x00\x02\x01\x01\x0a\x02\x02\x01\x0a\xb6\x01\xcb\x07\xb37\xe4\x18\xab\x3b\x23s\x9fa\xba\xa0\xba\xa4\xa7\x7f\xc6\x8cF\xa0\xe1Fj\xf7l\x890\x7cG\xb6oK\xd9\xa2\x7f\xb3\xd3g\xed\x0d\x88\x9c\xa2\x8e\x13\xd0\x8fu\x40\xbc\x0dP\x28\xd9\xac\xd0\x14\xda\x7c\x8ab\x28f\x0d\x1a\x26\x9dR\xb3\xae\x9a\xc9\x96\xa9\x05\x8c\xb6h\xa4\xa3\x2b\xf7z\xa8\xb9c\x29\xd2b\x2d\x04\xc9R\x3b\x1fB:\xdd\x8d\x2b\xae\xaf\xad\x04\xb1W\xb1\xddp\xc5\x92\xd3qo\xc1\x80t\x2dL\xb0\xdal\x06\xcc\x90G\xf6\x06\xe2\x1e\xe2\x236z\xd7\x26zWw\xce\x25\xb6\x2dP\xc9\x9f!\x23\x14\x85F\xf9\x2c\x88\xe9\x1eE\x16\xad\x0b\x84\xa4b\x0fk\xf3\xbf\x8c:\xbb\xe3\xb3\x0d\xcdB\x24p \xea\xfe\x99\x5b\x00\x00</data></match></read>
</replay>
</pov>