<?xml version="1.0" standalone="no" ?>
<!DOCTYPE pov SYSTEM "/usr/share/cgc-docs/replay.dtd">
<pov>
<cbid>service</cbid>
<seed>b8de542c2f49fd8499cf209875a610ae304a27b7ed146391293ce110fb3b5f916e8f19650ad819cb6a478013b8c00396</seed>
<replay>
    <!-- ResolveL2Adjacency Test -->
    <write><data>\xff\xff\xcd\xab\x0c\x02\x00\x01\x01\x01\x0a\x00\x00\x00\x00\x91\x03\x00\x00</data></write>
    <read><length>19</length><match><data>\xcd\xab\x01\x00\x0c\x03\x00\x01\x01\x01\x0a\x01\x00\x00\x00\x96\x01\x00\x00</data></match></read>
    <!-- Pwdgen Request Test -->
    <write><data>\x01\x00\xcd\xab\x11\x01\x00\x02\x02\x01\x0a\x02\x01\x01\x0a\x03\x01\x81\xba\x00\xe7\x02\x00\x00</data></write>
    <read><length>19</length><match><data>\xff\xff\x01\x00\x0c\x02\x00\x02\x01\x01\x0a\x00\x00\x00\x00\x1b\x02\x00\x00</data></match></read>
    <write><data>\x01\x00\xcd\xab\x0c\x03\x00\x02\x01\x01\x0a\xcd\xab\x00\x00\x0e\x03\x00\x00</data></write>
    <read><length>150</length><match><data>\xcd\xab\x01\x00\x8f\x01\x00\x02\x01\x01\x0a\x02\x02\x01\x0a\x81\x01\xba\x81\x7ehcfwgoicavjlgohzfyat\x0ablhwjcfmiwdbehalgcbr\x0aczhljajibdaoaueocjac\x0aeqencnazhmbigthcgifr\x0agddcglgbimifcdjsabcw\x0adseucecghejkigaydeit\x0a\xd75\x00\x00</data></match></read>
    <!-- Invalid Packet\x2fSegment Length Test -->
    <write><data>\x01\x00\xcd\xab\x11\x01\x00\x02\x02\x01\x0a\x02\x03\x01\x0a\x03\x01\x13\x25\x01\xe6\x01\x00\x00</data></write>
    <!-- Echo Request Test -->
    <write><data>\x01\x00\xcd\xabI\x01\x00\x02\x02\x01\x0a\x02\x01\x01\x0a\x3b\x01\x07\xbc8IK\x27\xeb\x1d\x0f\xd2O\x19\xca1\xdb?\xc1\xe0\xed\x12T\xf1\x8dc\x95\xd7\x8fYcx\xf5x\x09A\x99\xdc\x25\xa3\xd4z\xd5\x9e\xe2\x8e6T\xad\xb1\xbcB\x7b\xf5Y\x2c\xe8\x84\xd9F\x9ff \x00\x00</data></write>
    <read><length>80</length><match><data>\xcd\xab\x01\x00I\x01\x00\x02\x01\x01\x0a\x02\x02\x01\x0a\x3b\x01\xbc\x078IK\x27\xeb\x1d\x0f\xd2O\x19\xca1\xdb?\xc1\xe0\xed\x12T\xf1\x8dc\x95\xd7\x8fYcx\xf5x\x09A\x99\xdc\x25\xa3\xd4z\xd5\x9e\xe2\x8e6T\xad\xb1\xbcB\x7b\xf5Y\x2c\xe8\x84\xd9F\x9ff \x00\x00</data></match></read>
    <!-- Echo Request Test -->
    <write><data>\x01\x00\xcd\xab\x2c\x01\x00\x02\x02\x01\x0a\x02\x01\x01\x0a\x1e\x01\x07w\x1b\xbd\x19\xdc\xf0m\xde\x60O\xf5\xfa\xd9\xc6\x1d\x9a\xc0\xcd\xe4\x8e\xf0\xadW\x0f\xf3\xabc\xa5ko\x13\x00\x00</data></write>
    <read><length>51</length><match><data>\xcd\xab\x01\x00\x2c\x01\x00\x02\x01\x01\x0a\x02\x02\x01\x0a\x1e\x01w\x07\x1b\xbd\x19\xdc\xf0m\xde\x60O\xf5\xfa\xd9\xc6\x1d\x9a\xc0\xcd\xe4\x8e\xf0\xadW\x0f\xf3\xabc\xa5ko\x13\x00\x00</data></match></read>
    <!-- Unknown Unicast Test -->
    <write><data>\x00\xb0\xcd\xab\x11\x01\x00\x02\x02\x01\x0a\x02\x03\x01\x0a\x03\x01\x13\x5f\x00\xcf\x02\x00\x00</data></write>
    <!-- Echo Request Test -->
    <write><data>\x01\x00\xcd\xab\x81\x01\x00\x02\x02\x01\x0a\x02\x01\x01\x0as\x01\x07\xbap\x8f\x1f:\xa6\xaen\x8cMO\xf0\xe5\xad\x01\x82\xa9\x8c93?\x26\x23S\x83\x83\xb8\xcb\xa0\xc2\x18\x87\x5d\x89\x10\xe4\x86\x40\xc6\x29\xfbh9\x1b\x01\x26\x26\xfb\xf1\xfa\xfbp\xa4\x01\xc4Ms\xa3\x0dL\xbc6\x82\x85\x28!\xf1\x14rP\x0a\x95u\xcb\xe3l\xe2SKN\xb1\xf1\x91k\x9floi\x10\x8aa\x7b\x9fM\xecL\xbd\x0a\x40\xca\xfd\x96m\x8d\x7e\xc2\xf2c\xda\x3bH\x87\xab\x16\x5b9\x00\x00</data></write>
    <read><length>136</length><match><data>\xcd\xab\x01\x00\x81\x01\x00\x02\x01\x01\x0a\x02\x02\x01\x0as\x01\xba\x07p\x8f\x1f:\xa6\xaen\x8cMO\xf0\xe5\xad\x01\x82\xa9\x8c93?\x26\x23S\x83\x83\xb8\xcb\xa0\xc2\x18\x87\x5d\x89\x10\xe4\x86\x40\xc6\x29\xfbh9\x1b\x01\x26\x26\xfb\xf1\xfa\xfbp\xa4\x01\xc4Ms\xa3\x0dL\xbc6\x82\x85\x28!\xf1\x14rP\x0a\x95u\xcb\xe3l\xe2SKN\xb1\xf1\x91k\x9floi\x10\x8aa\x7b\x9fM\xecL\xbd\x0a\x40\xca\xfd\x96m\x8d\x7e\xc2\xf2c\xda\x3bH\x87\xab\x16\x5b9\x00\x00</data></match></read>
    <!-- ResolveL2Adjacency Test -->
    <write><data>\xff\xff\xcd\xab\x0c\x02\x00\x01\x01\x01\x0a\x00\x00\x00\x00\x91\x03\x00\x00</data></write>
    <read><length>19</length><match><data>\xcd\xab\x01\x00\x0c\x03\x00\x01\x01\x01\x0a\x01\x00\x00\x00\x96\x01\x00\x00</data></match></read>
    <!-- Wrong NxtHdr Test -->
    <write><data>\x01\x00\xcd\xab\x11\x01\x00\x02\x02\x01\x0a\x02\x01\x01\x0a\x03\x9b\x07\x5e\x00\x11\x02\x00\x00</data></write>
    <!-- Echo Request Test -->
    <write><data>\x01\x00\xcd\xabn\x01\x00\x02\x02\x01\x0a\x02\x01\x01\x0a\x60\x01\x07\xc9\x5d\xf0W\x5d\x7f\x2f\xa75R2\x25K2\x0a!Jn\xfe\x26\x90A\x94\xf6M\xa50\x8c\xdc\x0b\x95\x8f\x90\x9d\x23\xe48\x9f\x98\xdf\xfa\xbdT\x8cT\x86Y\xe7\x88\xa3\x26v\xb6H\x02\xaa\xcchN\x12\xdf\x28\xc8\xa2\x0be:\x8cz\x5b\x5e\xc1\x03\xe5\x9b\x2d\x25\xf1l\x0c\xa8\xae\xf2\xbf\xa7m\x7b\xc4\xff\xf1\x8d\xe4R\x98\x3e\xf60\x00\x00</data></write>
    <read><length>117</length><match><data>\xcd\xab\x01\x00n\x01\x00\x02\x01\x01\x0a\x02\x02\x01\x0a\x60\x01\xc9\x07\x5d\xf0W\x5d\x7f\x2f\xa75R2\x25K2\x0a!Jn\xfe\x26\x90A\x94\xf6M\xa50\x8c\xdc\x0b\x95\x8f\x90\x9d\x23\xe48\x9f\x98\xdf\xfa\xbdT\x8cT\x86Y\xe7\x88\xa3\x26v\xb6H\x02\xaa\xcchN\x12\xdf\x28\xc8\xa2\x0be:\x8cz\x5b\x5e\xc1\x03\xe5\x9b\x2d\x25\xf1l\x0c\xa8\xae\xf2\xbf\xa7m\x7b\xc4\xff\xf1\x8d\xe4R\x98\x3e\xf60\x00\x00</data></match></read>
    <!-- Invalid Checksum Test -->
    <write><data>\x01\x00\xcd\xab\x11\x01\x00\x02\x02\x01\x0a\x02\x01\x01\x0a\x03\x01\x07\xd4\x00\x87\x02\x00\x01</data></write>
    <!-- Echo Request Test -->
    <write><data>\x01\x00\xcd\xab\xf0\x01\x00\x02\x02\x01\x0a\x02\x01\x01\x0a\xe2\x01\x07\xca\xdf\x80\x3b\xbe\xa5g\x92\xa2\xb8\x9e\x05\x3d\x5b\xd7\xc8\x16C\x07\xb0\xcd\x8cS.\xc4.\xc0\xb7\x90\xbd\xf4sM\x98\x8e\x7bfvg\xa2\xf0mr1\xfc\xa3G.\xf7P\xaa\xa4\xddz\xca\xc8\x8a\xc2\x1b\xb38\x9c\xb2\x01\xc6n\xc8\xec\xf9\xe4\x3d\xec\xf3\x982\xd2a\xd9\xf3\x10\x8bf\xdbr\xba\xa6T\xae\x7d\x2a\x1c\xd8\xfd\x10\xcd\x8b.\xcdB\x07\xc8\xe2u\x8e\xd9\xedp\xed\xbd\xf7\x82\xf0\xb7\xffX\x904\xb6\xadf\xc8o\x7e\x96\x88E!\x60\x5f\x9f\x88N\x8bV\xa7\x09S\xaf\xf8\x8f\xb6\xe8\x60\xb7\x92\x7f\x5dn\x13\x93\x07\x04\xa3!\x0fH\x7c\x5f\xf3a\xdb.rHtb\xabY\xb2\x84\xe7\xd4x\x3c\xf6\xb2\xbcjG\x8dX\xb9\x07\x7e\xd1\x297G\xce\x7b\xbc\xa1r\xd1\x40\xb7\x98R\xb9\xd1\xd0\x1d\xf4\xa1\xb7k\x0e\x15\x15tj\x8c\x7c\xb32\xcf2\xd1\xd9\xa2vkt6\x13\x8cz\x00\x00</data></write>
    <read><length>247</length><match><data>\xcd\xab\x01\x00\xf0\x01\x00\x02\x01\x01\x0a\x02\x02\x01\x0a\xe2\x01\xca\x07\xdf\x80\x3b\xbe\xa5g\x92\xa2\xb8\x9e\x05\x3d\x5b\xd7\xc8\x16C\x07\xb0\xcd\x8cS.\xc4.\xc0\xb7\x90\xbd\xf4sM\x98\x8e\x7bfvg\xa2\xf0mr1\xfc\xa3G.\xf7P\xaa\xa4\xddz\xca\xc8\x8a\xc2\x1b\xb38\x9c\xb2\x01\xc6n\xc8\xec\xf9\xe4\x3d\xec\xf3\x982\xd2a\xd9\xf3\x10\x8bf\xdbr\xba\xa6T\xae\x7d\x2a\x1c\xd8\xfd\x10\xcd\x8b.\xcdB\x07\xc8\xe2u\x8e\xd9\xedp\xed\xbd\xf7\x82\xf0\xb7\xffX\x904\xb6\xadf\xc8o\x7e\x96\x88E!\x60\x5f\x9f\x88N\x8bV\xa7\x09S\xaf\xf8\x8f\xb6\xe8\x60\xb7\x92\x7f\x5dn\x13\x93\x07\x04\xa3!\x0fH\x7c\x5f\xf3a\xdb.rHtb\xabY\xb2\x84\xe7\xd4x\x3c\xf6\xb2\xbcjG\x8dX\xb9\x07\x7e\xd1\x297G\xce\x7b\xbc\xa1r\xd1\x40\xb7\x98R\xb9\xd1\xd0\x1d\xf4\xa1\xb7k\x0e\x15\x15tj\x8c\x7c\xb32\xcf2\xd1\xd9\xa2vkt6\x13\x8cz\x00\x00</data></match></read>
    <!-- Wrong NxtHdr Test -->
    <write><data>\x01\x00\xcd\xab\x110\x00\x02\x02\x01\x0a\x02\x01\x01\x0a\x03\x01\x07\xa9\x00\x5c\x02\x00\x00</data></write>
    <!-- Echo Request Test -->
    <write><data>\x01\x00\xcd\xab\xa2\x01\x00\x02\x02\x01\x0a\x02\x01\x01\x0a\x94\x01\x07\x0c\x91\xffD\xd3\xc42\xea\xb2.\xaa\x96c\x7b\x3ez\xbb\xdd\x05\xa9\x9aM\x7b\xf2Ce\xd1\x92\xc0sO \xd5\x14\xd7\xb2\xa9\x7d\x99Q\x9d\x8d\x25.\xf8\x8e\xd6\x11\x8fO\xc0\xcb\x1e\xe0\x24\xd9\x13\x13\xc9\x8a\x83\xc3\xe8\xd8\x04\xc4f\x24\xfd\xcd\xfc\xa3\x16\xf5\x8a\xd7\xba\x24\x60\xf7\xa9\x905\xf9\xa8\x88\xbe9\xc8\x8a\xcb\x13.\x06\xd1\xb8\xab\xe0P\x3b\x83\x16\xd1\xa9r\x02J\xb1\xe1\x7e3\x1d\xe5\x80P\x7d\xf7\x9b\xc0\x0c\x8d\xfaoR\xf7w\xf6\xf1vp\xf6\x7d\x60\xcb\x03\x9a!0l\x190\xae5\x5b\x99H\xd3\x18P\x00\x00</data></write>
    <read><length>169</length><match><data>\xcd\xab\x01\x00\xa2\x01\x00\x02\x01\x01\x0a\x02\x02\x01\x0a\x94\x01\x0c\x07\x91\xffD\xd3\xc42\xea\xb2.\xaa\x96c\x7b\x3ez\xbb\xdd\x05\xa9\x9aM\x7b\xf2Ce\xd1\x92\xc0sO \xd5\x14\xd7\xb2\xa9\x7d\x99Q\x9d\x8d\x25.\xf8\x8e\xd6\x11\x8fO\xc0\xcb\x1e\xe0\x24\xd9\x13\x13\xc9\x8a\x83\xc3\xe8\xd8\x04\xc4f\x24\xfd\xcd\xfc\xa3\x16\xf5\x8a\xd7\xba\x24\x60\xf7\xa9\x905\xf9\xa8\x88\xbe9\xc8\x8a\xcb\x13.\x06\xd1\xb8\xab\xe0P\x3b\x83\x16\xd1\xa9r\x02J\xb1\xe1\x7e3\x1d\xe5\x80P\x7d\xf7\x9b\xc0\x0c\x8d\xfaoR\xf7w\xf6\xf1vp\xf6\x7d\x60\xcb\x03\x9a!0l\x190\xae5\x5b\x99H\xd3\x18P\x00\x00</data></match></read>
    <!-- Invalid Packet\x2fSegment Length Test -->
    <write><data>\x01\x00\xcd\xab\x11\x01\x00\x02\x02\x01\x0a\x02\x03\x01\x0a\x01\x01\x13\x1b\x00\xdc\x01\x00\x00</data></write>
    <!-- Echo Request Test -->
    <write><data>\x01\x00\xcd\xabn\x01\x00\x02\x02\x01\x0a\x02\x01\x01\x0a\x60\x01\x07\x15\x5dhR\xbc\xcejrE\xe4\xd8\xde\xca\xda\xb7NMg\xb3oHq\xc1\xf2\xe2\xe2r\xd6\x18g\xc1c\x05\xf7\xe8Nx7\x83\xf9\xc4\xa4\xe7\x9d\xdd5\x25\xe2\xbaa\x83\x92\xc7c\xb4\x7c\xb1\xc3iD\xea\x0e\x5d\x2a\xc4\xb7\xd5\xf7\xd9\x3d\xb4\xe5G\x2d\x0f\x8d\xf1\xe8\x92\xd1\xfe\xa59\xeck\x07\xf1\x9e \x0d\x7c\x91S\x7f\xb2\xcd7\x00\x00</data></write>
    <read><length>19</length><match><data>\xff\xff\x01\x00\x0c\x02\x00\x02\x01\x01\x0a\x00\x00\x00\x00\x1b\x02\x00\x00</data></match></read>
    <write><data>\x01\x00\xcd\xab\x0c\x03\x00\x02\x01\x01\x0a\xcd\xab\x00\x00\x0e\x03\x00\x00</data></write>
    <read><length>117</length><match><data>\xcd\xab\x01\x00n\x01\x00\x02\x01\x01\x0a\x02\x02\x01\x0a\x60\x01\x15\x07\x5dhR\xbc\xcejrE\xe4\xd8\xde\xca\xda\xb7NMg\xb3oHq\xc1\xf2\xe2\xe2r\xd6\x18g\xc1c\x05\xf7\xe8Nx7\x83\xf9\xc4\xa4\xe7\x9d\xdd5\x25\xe2\xbaa\x83\x92\xc7c\xb4\x7c\xb1\xc3iD\xea\x0e\x5d\x2a\xc4\xb7\xd5\xf7\xd9\x3d\xb4\xe5G\x2d\x0f\x8d\xf1\xe8\x92\xd1\xfe\xa59\xeck\x07\xf1\x9e \x0d\x7c\x91S\x7f\xb2\xcd7\x00\x00</data></match></read>
    <!-- ResolveL2Adjacency Test -->
    <write><data>\xff\xff\xcd\xab\x0c\x02\x00\x01\x01\x01\x0a\x00\x00\x00\x00\x91\x03\x00\x00</data></write>
    <read><length>19</length><match><data>\xcd\xab\x01\x00\x0c\x03\x00\x01\x01\x01\x0a\x01\x00\x00\x00\x96\x01\x00\x00</data></match></read>
    <!-- Wrong NxtHdr Test -->
    <write><data>\x01\x00\xcd\xab\x11\x5f\x00\x02\x02\x01\x0a\x02\x01\x01\x0a\x03\x01\x07\xfa\x00\xad\x02\x00\x00</data></write>
    <!-- Echo Request Test -->
    <write><data>\x01\x00\xcd\xab\xc3\x01\x00\x02\x02\x01\x0a\x02\x01\x01\x0a\xb5\x01\x07\xce\xb2\xfdI\xa8\x5e1\xfc\xc1K\x11\xbd\xd4S\x28\xa2M\xd7V\xd7\x94\x81\x0d\x0b\xf5\x2f\xedrX\x1f\x8bH\xd91U\xa0\xb9\xd1\xe3\xa2\xf7e\x8b\x1eQ\x7eS\xf2\x0b\x02\x95q\x28BLX\xf58J\x01\xa5\xb8\x8bB7\xdb\x92\xfa\xf5\x9a\xe6\x0fV\x95U\x0b\xaeb\xb0\x02\xbb\x2c\x9aZ6\xe2\xa66Ls\x2c\x03\xc6\x2a\x3b8\x997\xd1\xf0uf\x93\xd5\xb0\x84F\x3c\xb3\x9cp\xdcFOI\x91y\xc9\xdb\xa9\x08u\xfd8\xe3\xb9Z\xbd\x06\x7b\x83\xeee\x882\xf90\x05\x10\xdb\xea\xc7D\x7d\xe3\x28\xb4\xab\xf2E\xc4\xa7\x40\x5d\xcb\xea\xe8A\xfb\x18\xf2?\x89\x82\xd3\xdd\x93\x03\x27\x01\xaeL\xf81\x3c\x1d\xe5\xad\xbb6\xfd\x5c\x00\x00</data></write>
    <read><length>202</length><match><data>\xcd\xab\x01\x00\xc3\x01\x00\x02\x01\x01\x0a\x02\x02\x01\x0a\xb5\x01\xce\x07\xb2\xfdI\xa8\x5e1\xfc\xc1K\x11\xbd\xd4S\x28\xa2M\xd7V\xd7\x94\x81\x0d\x0b\xf5\x2f\xedrX\x1f\x8bH\xd91U\xa0\xb9\xd1\xe3\xa2\xf7e\x8b\x1eQ\x7eS\xf2\x0b\x02\x95q\x28BLX\xf58J\x01\xa5\xb8\x8bB7\xdb\x92\xfa\xf5\x9a\xe6\x0fV\x95U\x0b\xaeb\xb0\x02\xbb\x2c\x9aZ6\xe2\xa66Ls\x2c\x03\xc6\x2a\x3b8\x997\xd1\xf0uf\x93\xd5\xb0\x84F\x3c\xb3\x9cp\xdcFOI\x91y\xc9\xdb\xa9\x08u\xfd8\xe3\xb9Z\xbd\x06\x7b\x83\xeee\x882\xf90\x05\x10\xdb\xea\xc7D\x7d\xe3\x28\xb4\xab\xf2E\xc4\xa7\x40\x5d\xcb\xea\xe8A\xfb\x18\xf2?\x89\x82\xd3\xdd\x93\x03\x27\x01\xaeL\xf81\x3c\x1d\xe5\xad\xbb6\xfd\x5c\x00\x00</data></match></read>
    <!-- Echo Request Test -->
    <write><data>\x01\x00\xcd\xab\xcc\x01\x00\x02\x02\x01\x0a\x02\x01\x01\x0a\xbe\x01\x07\xbc\xbb\x93\xe9\x08\xb3R \xbc0\x7b\x12\x28\xdb\x96\x16Q6\x8bA\xb0OXw\x7f?\xd7\xca\x2b\xa0b\xdb\xfe\xaf\xfeVY\x99\xc5\x60gi\x5e\xbe\xfe\xd8\x9f\xf9Rz\x0f\xc7\xe55\xdcO\xf5\xdc\x9b\x15\xc0\x7b\xe5X\x13:\xdc:JE\x29\x27\x92\xd5\xb6\xf1\xac\xbc\xcf\xe0d\x3d\xfcH\xcfSO\xeez\xad\x40\x1f\xbeDH\x9dpQ\xce\xdf\x9eO\xc7\xaf\xb3\x5fn\xb7\x18\x19b\xca\x28\x23nP\x5b\x81\x1d\x90b\xae\x0fV\x19\x81u:\xcd\x83\xe1\x23\x25\xc5\xb2\xff\x23\xe4\x80\x07\x98Qd\x3b?\xd1\xf9.f\xcbR\xef\x7c\x09\x16\x82\x29\x3b\x17\xd2\x98\xc9\x5f:HP\xc2\x24\xe3a7\xad\x95\xa5C\xdd\x87c\xd7\xa5\xdb\xfe\xc8\xae\x1d\x3c8\x99NWa\x00\x00</data></write>
    <read><length>211</length><match><data>\xcd\xab\x01\x00\xcc\x01\x00\x02\x01\x01\x0a\x02\x02\x01\x0a\xbe\x01\xbc\x07\xbb\x93\xe9\x08\xb3R \xbc0\x7b\x12\x28\xdb\x96\x16Q6\x8bA\xb0OXw\x7f?\xd7\xca\x2b\xa0b\xdb\xfe\xaf\xfeVY\x99\xc5\x60gi\x5e\xbe\xfe\xd8\x9f\xf9Rz\x0f\xc7\xe55\xdcO\xf5\xdc\x9b\x15\xc0\x7b\xe5X\x13:\xdc:JE\x29\x27\x92\xd5\xb6\xf1\xac\xbc\xcf\xe0d\x3d\xfcH\xcfSO\xeez\xad\x40\x1f\xbeDH\x9dpQ\xce\xdf\x9eO\xc7\xaf\xb3\x5fn\xb7\x18\x19b\xca\x28\x23nP\x5b\x81\x1d\x90b\xae\x0fV\x19\x81u:\xcd\x83\xe1\x23\x25\xc5\xb2\xff\x23\xe4\x80\x07\x98Qd\x3b?\xd1\xf9.f\xcbR\xef\x7c\x09\x16\x82\x29\x3b\x17\xd2\x98\xc9\x5f:HP\xc2\x24\xe3a7\xad\x95\xa5C\xdd\x87c\xd7\xa5\xdb\xfe\xc8\xae\x1d\x3c8\x99NWa\x00\x00</data></match></read>
    <!-- Spoof Test -->
    <write><data>\x01\x00\xcd\xab\x11\x01\x00\x02\x02\x01\x0a\x02\x03\x01\x0a\x03\x01\x13\x93\x00T\x02\x00\x00</data></write>
    <!-- Echo Request Test -->
    <write><data>\x01\x00\xcd\xab\x7d\x01\x00\x02\x02\x01\x0a\x02\x01\x01\x0ao\x01\x07\xafl\xd7M\xcd\x06Qm\x83\xb5\x99\x89\xd2M\x12\xbdy\xfd8\xfa\x91\xe2\x7d\x07\x10Y\x09\x08\x05G\xac\xf0\xc0\xd3\xf3\xbe\x09y\x99\x86L\x1c0Z\xb5R\xef\xdbO3\x80URQ\xe7\x92\x87\xdb\xd2w\xae\x05\x22G\x40\xcd\xb3\xa4\xd7\xb1\x5b\x81\xb2\xae\x8a\x0c\x2cC\xb8\x29\xe8\xa0\x5fiBUc\xfdC\x9b\xef\xd9\xf0t\x9b\xd4\x3e\xf7H\x92\xf8e\xc6\x82\xc2\x91\x1e6\x26H\x1d:\x00\x00</data></write>
    <read><length>132</length><match><data>\xcd\xab\x01\x00\x7d\x01\x00\x02\x01\x01\x0a\x02\x02\x01\x0ao\x01\xaf\x07l\xd7M\xcd\x06Qm\x83\xb5\x99\x89\xd2M\x12\xbdy\xfd8\xfa\x91\xe2\x7d\x07\x10Y\x09\x08\x05G\xac\xf0\xc0\xd3\xf3\xbe\x09y\x99\x86L\x1c0Z\xb5R\xef\xdbO3\x80URQ\xe7\x92\x87\xdb\xd2w\xae\x05\x22G\x40\xcd\xb3\xa4\xd7\xb1\x5b\x81\xb2\xae\x8a\x0c\x2cC\xb8\x29\xe8\xa0\x5fiBUc\xfdC\x9b\xef\xd9\xf0t\x9b\xd4\x3e\xf7H\x92\xf8e\xc6\x82\xc2\x91\x1e6\x26H\x1d:\x00\x00</data></match></read>
    <!-- Unknown Unicast Test -->
    <write><data>\x01\xb0\xcd\xab\x11\x01\x00\x02\x02\x01\x0a\x02\x03\x01\x0a\x03\x01\x13\xc2\x003\x03\x00\x00</data></write>
    <!-- Echo Request Test -->
    <write><data>\x01\x00\xcd\xab\xe9\x01\x00\x02\x02\x01\x0a\x02\x01\x01\x0a\xdb\x01\x07\x1d\xd8\xc1\x92\xeeV\xea\x7d\x2c\xac\xae\xfb?S\xf2:\xeb\xbd\x5d\x1e\xe7\x0b\xe4\xe6\xea\x0d\x9c\x9b\xbd\xaeC\xab\xa2\xca\x8e\x92\x22\x7bo\xca\xde8\x833Brt\xc2\xf2fX\xa7\xd1n\x8c\xcb\xb2\xb7\x8aQ4\x18\x90\xa6\x11\xa3\xdb\xdf\x3e\x8e\xbem\xc9\x29CU\xe3mm\xafj\x7d\x06\x2bZ\xd4i\x86\x8b\x15j\x8f\x9f\xcc\xec\xf2Ob\x7c\x15W\x28! \xa2\xe87\x94V\xaa\xceZ\xf2\x82\x5f\xee\x3d\x5eyX\xe9U\x40\x7fY\x24\x95\xdd9\x97\x17h\x81\x22\xd7\x1f\xfa?\x02\x06\x5e\x5dHI\x09\x14\xac\x01\xdf\xbf\x5d\xdal\x8d\x1fN\x06q\xcfO1\xd2\x9f\x1c\x8e\xb4q\xac\x88\x1b\xbfq\x18\x18\xdc\x3e\x22\x89M\x14\x5cy\xde\xf0x\xc2\xf6ZNN\xdb\xcb\xd9\xb7\x15\x7c\x01K\x16\xb5x\x2b\x8a7\x95\x23\x9f\x9f\x16I\x06\x8e\xe7u\xeez\x3cq\x8al\x00\x00</data></write>
    <read><length>240</length><match><data>\xcd\xab\x01\x00\xe9\x01\x00\x02\x01\x01\x0a\x02\x02\x01\x0a\xdb\x01\x1d\x07\xd8\xc1\x92\xeeV\xea\x7d\x2c\xac\xae\xfb?S\xf2:\xeb\xbd\x5d\x1e\xe7\x0b\xe4\xe6\xea\x0d\x9c\x9b\xbd\xaeC\xab\xa2\xca\x8e\x92\x22\x7bo\xca\xde8\x833Brt\xc2\xf2fX\xa7\xd1n\x8c\xcb\xb2\xb7\x8aQ4\x18\x90\xa6\x11\xa3\xdb\xdf\x3e\x8e\xbem\xc9\x29CU\xe3mm\xafj\x7d\x06\x2bZ\xd4i\x86\x8b\x15j\x8f\x9f\xcc\xec\xf2Ob\x7c\x15W\x28! \xa2\xe87\x94V\xaa\xceZ\xf2\x82\x5f\xee\x3d\x5eyX\xe9U\x40\x7fY\x24\x95\xdd9\x97\x17h\x81\x22\xd7\x1f\xfa?\x02\x06\x5e\x5dHI\x09\x14\xac\x01\xdf\xbf\x5d\xdal\x8d\x1fN\x06q\xcfO1\xd2\x9f\x1c\x8e\xb4q\xac\x88\x1b\xbfq\x18\x18\xdc\x3e\x22\x89M\x14\x5cy\xde\xf0x\xc2\xf6ZNN\xdb\xcb\xd9\xb7\x15\x7c\x01K\x16\xb5x\x2b\x8a7\x95\x23\x9f\x9f\x16I\x06\x8e\xe7u\xeez\x3cq\x8al\x00\x00</data></match></read>
    <!-- Invalid Checksum Test -->
    <write><data>\x01\x00\xcd\xab\x11\x01\x00\x02\x02\x01\x0a\x02\x01\x01\x0a\x03\x01\x070\x00\xe3\x01\x00\x01</data></write>
    <!-- Echo Request Test -->
    <write><data>\x01\x00\xcd\xab\x7c\x01\x00\x02\x02\x01\x0a\x02\x01\x01\x0an\x01\x07\x1dkvf\xa6e\xab\xeb\xe9r\x2d\xc2\x5d\x80V\xcb\xd9\xd3\xb9\xef.\xdf\xc0\x8b\x9b\xaaE\x17\x05L\x3e\xe3\x2b:\x94\xa5\xd2A\xb6\xe1\xe4\xffc\x0b\xfd\x09\x5bX\xaaCS\x99\xba\x5c\xe9\x2b\xbf\xca\x87\x07SyQ\x5d\xe3\x9c\xef3\xf8\xf3f\xc9\xef\x2c\x7d\xe5\x23\xd8\xeb\x86\xbf\x93\x895\x05\xbf\x16l\xb5\xf8\x5eY\xd8\xee\xdeX\x98 \x26\x10\x3dA\x87\xbdh\x2b\x1e\x9a\x16\xe6:\x00\x00</data></write>
    <read><length>131</length><match><data>\xcd\xab\x01\x00\x7c\x01\x00\x02\x01\x01\x0a\x02\x02\x01\x0an\x01\x1d\x07kvf\xa6e\xab\xeb\xe9r\x2d\xc2\x5d\x80V\xcb\xd9\xd3\xb9\xef.\xdf\xc0\x8b\x9b\xaaE\x17\x05L\x3e\xe3\x2b:\x94\xa5\xd2A\xb6\xe1\xe4\xffc\x0b\xfd\x09\x5bX\xaaCS\x99\xba\x5c\xe9\x2b\xbf\xca\x87\x07SyQ\x5d\xe3\x9c\xef3\xf8\xf3f\xc9\xef\x2c\x7d\xe5\x23\xd8\xeb\x86\xbf\x93\x895\x05\xbf\x16l\xb5\xf8\x5eY\xd8\xee\xdeX\x98 \x26\x10\x3dA\x87\xbdh\x2b\x1e\x9a\x16\xe6:\x00\x00</data></match></read>
    <!-- Invalid Checksum Test -->
    <write><data>\x01\x00\xcd\xab\x11\x01\x00\x02\x02\x01\x0a\x02\x01\x01\x0a\x03\x01\x07A\x00\xf4\x01\x00\x01</data></write>
    <!-- Echo Request Test -->
    <write><data>\x01\x00\xcd\xabZ\x01\x00\x02\x02\x01\x0a\x02\x01\x01\x0aL\x01\x07\x98I\xa6\xc4Y\xf2\x187\x60\xb6L\xb4w\x10H\xc5t\x60\x7dZ\xb9\xf5\x95u\x12\x90\x89\x19w\x8c\x5f\x7f\xe3bN\x94\xbe\x06\x1f\xc2\xfc\xb9\xdf\x5c\x40\xb8\xd4\xbci!\x5c\x87\x9df\xce\xd08x\x1fP\x01e6\x2d\x82\xe6\xaa\xe2\xc9nF7\xfcO\x5f\xe8\x26\x00\x00</data></write>
    <read><length>97</length><match><data>\xcd\xab\x01\x00Z\x01\x00\x02\x01\x01\x0a\x02\x02\x01\x0aL\x01\x98\x07I\xa6\xc4Y\xf2\x187\x60\xb6L\xb4w\x10H\xc5t\x60\x7dZ\xb9\xf5\x95u\x12\x90\x89\x19w\x8c\x5f\x7f\xe3bN\x94\xbe\x06\x1f\xc2\xfc\xb9\xdf\x5c\x40\xb8\xd4\xbci!\x5c\x87\x9df\xce\xd08x\x1fP\x01e6\x2d\x82\xe6\xaa\xe2\xc9nF7\xfcO\x5f\xe8\x26\x00\x00</data></match></read>
    <!-- Invalid Checksum Test -->
    <write><data>\x01\x00\xcd\xab\x11\x01\x00\x02\x02\x01\x0a\x02\x01\x01\x0a\x03\x01\x07\xb5\x00h\x02\x00\x01</data></write>
    <!-- Echo Request Test -->
    <write><data>\x01\x00\xcd\xabh\x01\x00\x02\x02\x01\x0a\x02\x01\x01\x0aZ\x01\x072WU\xc7\x2f\xf2\xef\x26\x1cDhN\x08S\x8f\xf8\x3d\x99\xf0\x8bX\xc4Z\x96\x06\xac\xd0\xc1C\x7bb\xb2\x09\xd5\xf3\xdb\x0cZA\xa3\xd9\xe5S\xac\xc1\xb6.\xc9\x9e\x60\xdf?z\x1a\xfc\x2b\x0d\x8d\x16\x95\x7d\x1a\xaa\xce\xcc\x8c\xa5\xf7\xc8\xc5\xf2\x99\x2f\xa6\xa7\x3d\x2chtE\xfc\xae\xd5\xe1A\xb2Ad\x2b\x270\x00\x00</data></write>
    <read><length>19</length><match><data>\xff\xff\x01\x00\x0c\x02\x00\x02\x01\x01\x0a\x00\x00\x00\x00\x1b\x02\x00\x00</data></match></read>
    <write><data>\x01\x00\xcd\xab\x0c\x03\x00\x02\x01\x01\x0a\xcd\xab\x00\x00\x0e\x03\x00\x00</data></write>
    <read><length>111</length><match><data>\xcd\xab\x01\x00h\x01\x00\x02\x01\x01\x0a\x02\x02\x01\x0aZ\x012\x07WU\xc7\x2f\xf2\xef\x26\x1cDhN\x08S\x8f\xf8\x3d\x99\xf0\x8bX\xc4Z\x96\x06\xac\xd0\xc1C\x7bb\xb2\x09\xd5\xf3\xdb\x0cZA\xa3\xd9\xe5S\xac\xc1\xb6.\xc9\x9e\x60\xdf?z\x1a\xfc\x2b\x0d\x8d\x16\x95\x7d\x1a\xaa\xce\xcc\x8c\xa5\xf7\xc8\xc5\xf2\x99\x2f\xa6\xa7\x3d\x2chtE\xfc\xae\xd5\xe1A\xb2Ad\x2b\x270\x00\x00</data></match></read>
    <!-- Wrong NxtHdr Test -->
    <write><data>\x01\x00\xcd\xab\x11\x01\x00\x02\x02\x01\x0a\x02\x01\x01\x0a\x03\x97\x07J\x00\xfd\x01\x00\x00</data></write>
    <!-- Echo Request Test -->
    <write><data>\x01\x00\xcd\xab\x17\x01\x00\x02\x02\x01\x0a\x02\x01\x01\x0a\x09\x01\x07\x05\x06\xff\xc9\x7e\x24\xbc\x95\x85\x05\x00\x00</data></write>
    <read><length>30</length><match><data>\xcd\xab\x01\x00\x17\x01\x00\x02\x01\x01\x0a\x02\x02\x01\x0a\x09\x01\x05\x07\x06\xff\xc9\x7e\x24\xbc\x95\x85\x05\x00\x00</data></match></read>
    <!-- Pwdgen Request Test -->
    <write><data>\x01\x00\xcd\xab\x11\x01\x00\x02\x02\x01\x0a\x02\x01\x01\x0a\x03\x01\x81\x2f\x00\x5c\x02\x00\x00</data></write>
    <read><length>150</length><match><data>\xcd\xab\x01\x00\x8f\x01\x00\x02\x01\x01\x0a\x02\x02\x01\x0a\x81\x01\x2f\x81\x7ehcfwgoicavjlgohzfyat\x0ablhwjcfmiwdbehalgcbr\x0aczhljajibdaoaueocjac\x0aeqencnazhmbigthcgifr\x0agddcglgbimifcdjsabcw\x0adseucecghejkigaydeit\x0aL5\x00\x00</data></match></read>
    <!-- Pwdgen Request Test -->
    <write><data>\x01\x00\xcd\xab\x11\x01\x00\x02\x02\x01\x0a\x02\x01\x01\x0a\x03\x01\x81\xf4\x00!\x03\x00\x00</data></write>
    <read><length>150</length><match><data>\xcd\xab\x01\x00\x8f\x01\x00\x02\x01\x01\x0a\x02\x02\x01\x0a\x81\x01\xf4\x81\x7ehcfwgoicavjlgohzfyat\x0ablhwjcfmiwdbehalgcbr\x0aczhljajibdaoaueocjac\x0aeqencnazhmbigthcgifr\x0agddcglgbimifcdjsabcw\x0adseucecghejkigaydeit\x0a\x116\x00\x00</data></match></read>
    <!-- Invalid Checksum Test -->
    <write><data>\x01\x00\xcd\xab\x11\x01\x00\x02\x02\x01\x0a\x02\x01\x01\x0a\x03\x01\x07X\x00\x0b\x02\x00\x01</data></write>
    <!-- Echo Request Test -->
    <write><data>\x01\x00\xcd\xab\xec\x01\x00\x02\x02\x01\x0a\x02\x01\x01\x0a\xde\x01\x075\xdbr\x5c\x84\x22q\xc4\xe1\x2fI\xe0t\x9f\x0b\xc2\xa6\x16\x15\xc4\x90.\x60\x8a\xe5\xb4\x84r\xfd\xa9ba\xa8\x29\xab\xcb\x04\x5d\xf7\x92\xd1EtgEV\x12t\x08\x8fw\xffzX\xc5C.M\x0c\xc3\x1a\xbf\xa8\xfaI\xac6\xe7\x9fMs\xc1\xac\xe6x\xd7t\x01\xc9\x80\x80\xd3\xe5\xd3z\x5crD\xdb\x3eJ\xa1\xa9\xc0\xe6\x84f\x7b\xb4\x86\xc7\x3b\xe1\x8e1\x11\xf5\x06N\xd4Ppnz\xea\x08\x90\x28\x84\xa4\xd1\x85\xa8\x22\xb5\x7b\x2b\xc1s\xd8\xe1N\x0a\x28b\x28\xc9\xe7:\x1f\xdbTg\x12\x8dA\x246\x7c\x04\xd2\x14\xb4\xd6\xedc\x84\x29\xe6\xaf\x19!\xcb\x7f .P\xdc\xb4\x27\x14X3\xeb\xbe\xb7\xbf\x11ze\xe7\xbco\xb5\xab\x08\xc7\x24D\xf5\xb6\xe63\x04\x03\x9dS\x06\xcdS\x86\x9d\x98:\xa1\xe5\x28\xe3\xc0\x8f\x3d\x15\xfa\xee\xda\x27\xdb\x07\x0c\xdb2\xeco\x00\x00</data></write>
    <read><length>243</length><match><data>\xcd\xab\x01\x00\xec\x01\x00\x02\x01\x01\x0a\x02\x02\x01\x0a\xde\x015\x07\xdbr\x5c\x84\x22q\xc4\xe1\x2fI\xe0t\x9f\x0b\xc2\xa6\x16\x15\xc4\x90.\x60\x8a\xe5\xb4\x84r\xfd\xa9ba\xa8\x29\xab\xcb\x04\x5d\xf7\x92\xd1EtgEV\x12t\x08\x8fw\xffzX\xc5C.M\x0c\xc3\x1a\xbf\xa8\xfaI\xac6\xe7\x9fMs\xc1\xac\xe6x\xd7t\x01\xc9\x80\x80\xd3\xe5\xd3z\x5crD\xdb\x3eJ\xa1\xa9\xc0\xe6\x84f\x7b\xb4\x86\xc7\x3b\xe1\x8e1\x11\xf5\x06N\xd4Ppnz\xea\x08\x90\x28\x84\xa4\xd1\x85\xa8\x22\xb5\x7b\x2b\xc1s\xd8\xe1N\x0a\x28b\x28\xc9\xe7:\x1f\xdbTg\x12\x8dA\x246\x7c\x04\xd2\x14\xb4\xd6\xedc\x84\x29\xe6\xaf\x19!\xcb\x7f .P\xdc\xb4\x27\x14X3\xeb\xbe\xb7\xbf\x11ze\xe7\xbco\xb5\xab\x08\xc7\x24D\xf5\xb6\xe63\x04\x03\x9dS\x06\xcdS\x86\x9d\x98:\xa1\xe5\x28\xe3\xc0\x8f\x3d\x15\xfa\xee\xda\x27\xdb\x07\x0c\xdb2\xeco\x00\x00</data></match></read>
    <!-- Spoof Test -->
    <write><data>\x01\x00\xcd\xab\x11\x01\x00\x02\x02\x01\x0a\x02\x03\x01\x0a\x03\x01\x13\xe1\x00\xa2\x02\x00\x00</data></write>
    <!-- Echo Request Test -->
    <write><data>\x01\x00\xcd\xab\xbc\x01\x00\x02\x02\x01\x0a\x02\x01\x01\x0a\xae\x01\x07\xb0\xab\x5c\x15\x1f5\x2f\xb2\x97\xa0\x40\xbc\x40\xcb\x1c\x2f\xa1\x0f\xb1:\xfbx\xbbq\x1c\xea\xc9l\xd7f\x23 q\x8a\x05\x7c?\x608\x8f\x11\xf4\x29D5\xb0\x85Ja\x9e\xe2\x0a\x10\xea\xf0\xd5\x9c\x60\x23\x27\xf7\xb8\xaa\x96d\xb1\x3b\x8f\xef\xb7d\x7cY\x1a\x04\x08\xed\xfa\x13\x2b \xde\xa8\x28\xcea\x06o\x9b\x60\x1c\x2c\x94m\xfe\x0e\xd1\xc2\x2f\xf1\xbe\xfcX\xe5\xfbja\xd1\xf3\x10r\xde\x8eX5\x9f \x9d\xf1\xd0\x3c\x1cc\xed3\x1d\x22\x8a\xbe\x87\xf5\x0f\xb5\x0a\x97\x25\xab\xec\xea\x06\xdf\xc4\x26\x7f\xda\xc5J\xf1\x1f\xd7\x05\x2b\x27\xc2I\xa0\xb6\x1e\x1c\xc7\xfc\x93\x91\x1e\xea\xd9\x7c\xdc\x8cK\xa1\xb0R\x99W\x00\x00</data></write>
    <read><length>195</length><match><data>\xcd\xab\x01\x00\xbc\x01\x00\x02\x01\x01\x0a\x02\x02\x01\x0a\xae\x01\xb0\x07\xab\x5c\x15\x1f5\x2f\xb2\x97\xa0\x40\xbc\x40\xcb\x1c\x2f\xa1\x0f\xb1:\xfbx\xbbq\x1c\xea\xc9l\xd7f\x23 q\x8a\x05\x7c?\x608\x8f\x11\xf4\x29D5\xb0\x85Ja\x9e\xe2\x0a\x10\xea\xf0\xd5\x9c\x60\x23\x27\xf7\xb8\xaa\x96d\xb1\x3b\x8f\xef\xb7d\x7cY\x1a\x04\x08\xed\xfa\x13\x2b \xde\xa8\x28\xcea\x06o\x9b\x60\x1c\x2c\x94m\xfe\x0e\xd1\xc2\x2f\xf1\xbe\xfcX\xe5\xfbja\xd1\xf3\x10r\xde\x8eX5\x9f \x9d\xf1\xd0\x3c\x1cc\xed3\x1d\x22\x8a\xbe\x87\xf5\x0f\xb5\x0a\x97\x25\xab\xec\xea\x06\xdf\xc4\x26\x7f\xda\xc5J\xf1\x1f\xd7\x05\x2b\x27\xc2I\xa0\xb6\x1e\x1c\xc7\xfc\x93\x91\x1e\xea\xd9\x7c\xdc\x8cK\xa1\xb0R\x99W\x00\x00</data></match></read>
    <!-- Pwdgen Request Test -->
    <write><data>\x01\x00\xcd\xab\x11\x01\x00\x02\x02\x01\x0a\x02\x01\x01\x0a\x03\x01\x81\x25\x00R\x02\x00\x00</data></write>
    <read><length>150</length><match><data>\xcd\xab\x01\x00\x8f\x01\x00\x02\x01\x01\x0a\x02\x02\x01\x0a\x81\x01\x25\x81\x7ehcfwgoicavjlgohzfyat\x0ablhwjcfmiwdbehalgcbr\x0aczhljajibdaoaueocjac\x0aeqencnazhmbigthcgifr\x0agddcglgbimifcdjsabcw\x0adseucecghejkigaydeit\x0aB5\x00\x00</data></match></read>
    <!-- ResolveL2Adjacency Test -->
    <write><data>\xff\xff\xcd\xab\x0c\x02\x00\x01\x01\x01\x0a\x00\x00\x00\x00\x91\x03\x00\x00</data></write>
    <read><length>19</length><match><data>\xcd\xab\x01\x00\x0c\x03\x00\x01\x01\x01\x0a\x01\x00\x00\x00\x96\x01\x00\x00</data></match></read>
    <!-- Invalid Checksum Test -->
    <write><data>\x01\x00\xcd\xab\x11\x01\x00\x02\x02\x01\x0a\x02\x01\x01\x0a\x03\x01\x07\x88\x00\x3b\x02\x00\x01</data></write>
    <!-- Echo Request Test -->
    <write><data>\x01\x00\xcd\xab\x7f\x01\x00\x02\x02\x01\x0a\x02\x01\x01\x0aq\x01\x07\x3cnD4Y.R\x90\x8e\xe4\x5c\x10\xfb\x99f\xef\xe1\x97\x27\xad\x28\x0e\x1f\x1d\xd5\xa5\xcf\x0a\xebV3Dx\xb7\x04\x02\x5f\x5cU\x25\x28.\xc9W\xe4\x93\xe7\x93\xa9\xe0\xc7\x9c\x9b\x82\x60\x2cf7\xf9\x24\xe3\x94\xb0\xe8\xa3\x25\xdf\xc3\x96\x29\xd3\x8c\x5e\xe6\x7c9\x2b\x7e\x1fyx0w\x84\xb2\x3dt\xc0\xc3D1\x81P\xad\xb8\xeb\xf7\x2c\x82R\x18\xf4\xcfb\x9c\xd5\x24\xc4?J\x7cM\x998\x00\x00</data></write>
    <read><length>19</length><match><data>\xff\xff\x01\x00\x0c\x02\x00\x02\x01\x01\x0a\x00\x00\x00\x00\x1b\x02\x00\x00</data></match></read>
    <write><data>\x01\x00\xcd\xab\x0c\x03\x00\x02\x01\x01\x0a\xcd\xab\x00\x00\x0e\x03\x00\x00</data></write>
    <read><length>134</length><match><data>\xcd\xab\x01\x00\x7f\x01\x00\x02\x01\x01\x0a\x02\x02\x01\x0aq\x01\x3c\x07nD4Y.R\x90\x8e\xe4\x5c\x10\xfb\x99f\xef\xe1\x97\x27\xad\x28\x0e\x1f\x1d\xd5\xa5\xcf\x0a\xebV3Dx\xb7\x04\x02\x5f\x5cU\x25\x28.\xc9W\xe4\x93\xe7\x93\xa9\xe0\xc7\x9c\x9b\x82\x60\x2cf7\xf9\x24\xe3\x94\xb0\xe8\xa3\x25\xdf\xc3\x96\x29\xd3\x8c\x5e\xe6\x7c9\x2b\x7e\x1fyx0w\x84\xb2\x3dt\xc0\xc3D1\x81P\xad\xb8\xeb\xf7\x2c\x82R\x18\xf4\xcfb\x9c\xd5\x24\xc4?J\x7cM\x998\x00\x00</data></match></read>
    <!-- Pwdgen Request Test -->
    <write><data>\x01\x00\xcd\xab\x11\x01\x00\x02\x02\x01\x0a\x02\x01\x01\x0a\x03\x01\x81\xee\x00\x1b\x03\x00\x00</data></write>
    <read><length>150</length><match><data>\xcd\xab\x01\x00\x8f\x01\x00\x02\x01\x01\x0a\x02\x02\x01\x0a\x81\x01\xee\x81\x7ehcfwgoicavjlgohzfyat\x0ablhwjcfmiwdbehalgcbr\x0aczhljajibdaoaueocjac\x0aeqencnazhmbigthcgifr\x0agddcglgbimifcdjsabcw\x0adseucecghejkigaydeit\x0a\x0b6\x00\x00</data></match></read>
    <!-- Unknown Unicast Test -->
    <write><data>\x02\xb0\xcd\xab\x11\x01\x00\x02\x02\x01\x0a\x02\x03\x01\x0a\x03\x01\x13\x29\x00\x9b\x02\x00\x00</data></write>
    <!-- Echo Request Test -->
    <write><data>\x01\x00\xcd\xab\x27\x01\x00\x02\x02\x01\x0a\x02\x01\x01\x0a\x19\x01\x07P\x16\xe6f\x25\x875\x5e\x18\x1c\x90\xc9R\xc3\xe9\xec\xf4\xcb\xe5\xdb\xa7\xe1\x7fh5\x0f\x00\x00</data></write>
    <read><length>46</length><match><data>\xcd\xab\x01\x00\x27\x01\x00\x02\x01\x01\x0a\x02\x02\x01\x0a\x19\x01P\x07\x16\xe6f\x25\x875\x5e\x18\x1c\x90\xc9R\xc3\xe9\xec\xf4\xcb\xe5\xdb\xa7\xe1\x7fh5\x0f\x00\x00</data></match></read>
    <!-- Spoof Test -->
    <write><data>\x01\x00\xcd\xab\x11\x01\x00\x02\x02\x01\x0a\x02\x03\x01\x0a\x03\x01\x13\x7f\x00\x40\x02\x00\x00</data></write>
    <!-- Echo Request Test -->
    <write><data>\x01\x00\xcd\xabN\x01\x00\x02\x02\x01\x0a\x02\x01\x01\x0a\x40\x01\x07\x2c\x3dl\x81\x13\x1c\xa6\xa1\xbfQ\xf1R\x2f\xc7\xaax\x85\xee\xc6\x8e\xcc\xe6\xb4\xb1\xee\x9bC\xf3\x3c\xc9\x9d\xb02\x18\xdf\xf3\xce\x08q\x167\xe2\xdfD\xdb\xf7\xe6\x18\x90l\xe1\xf5Z\x08\xcc\x25\xa3\xd5\x2fo\xe7\x15p\x7f\x24\x00\x00</data></write>
    <read><length>85</length><match><data>\xcd\xab\x01\x00N\x01\x00\x02\x01\x01\x0a\x02\x02\x01\x0a\x40\x01\x2c\x07\x3dl\x81\x13\x1c\xa6\xa1\xbfQ\xf1R\x2f\xc7\xaax\x85\xee\xc6\x8e\xcc\xe6\xb4\xb1\xee\x9bC\xf3\x3c\xc9\x9d\xb02\x18\xdf\xf3\xce\x08q\x167\xe2\xdfD\xdb\xf7\xe6\x18\x90l\xe1\xf5Z\x08\xcc\x25\xa3\xd5\x2fo\xe7\x15p\x7f\x24\x00\x00</data></match></read>
    <!-- Invalid Packet\x2fSegment Length Test -->
    <write><data>\x01\x00\xcd\xab\x11\x01\x00\x02\x02\x01\x0a\x02\x03\x01\x0a\x03\x01\x13v\x017\x02\x00\x00</data></write>
    <!-- Echo Request Test -->
    <write><data>\x01\x00\xcd\xab\xde\x01\x00\x02\x02\x01\x0a\x02\x01\x01\x0a\xd0\x01\x07\xd7\xcdC\x06\xa3J\xc9\xd5j\x8c\x1e\xde\x2d\x08YG\xcf\xf50\xab\x7eX\xb0\xab\x8a\xc9\xc3\xdf\xf6\x3d\x28\x96\xc7\x89\x7e\x09\xa3o\x12v\x8d\xc4\xc6\xdc\x9b\xcdll\xf0\xd3\xec\xf4b\xa6H\x5b\x0dT\xe8\xb2m\xc1\x2a\x2f\xaa\x02\xed\xb7\x13\x5c\x9fH\xeeK\x7e\x8f\x87\xb4\x0a\x1e\x0c\x9e8\xce\x08\x5fT?\x09\xcb\xaab\x25\xce\x1c\x8cw\x9b\x7eZ\xf4C\xe0Gp\x29gi\xc7LW\xb47\xdfp\xd5A\xf6\xbeWtRN3xw\x02cX\xd8c\xc0\xe8\xc27\x5e\x9c\xbc\x12\x03!z\xab\xb4\x13C\xbe\x971SDN\xcf\x95\xdcld\xe9w\xdf\xc9Un\xbe\x14\xc4\xf9:or\x85\x1d\x2c\x8e\xfd\xc2\x2aXG\xf3\xa6\x2cF\xd7\x18K\xefS\xd9\x91\x96\xa5\x99J\x60\x3d\x1a\xdec\x15l\x01\x3b\x7f\x8d\x08\xd9\x0fh\x00\x00</data></write>
    <read><length>229</length><match><data>\xcd\xab\x01\x00\xde\x01\x00\x02\x01\x01\x0a\x02\x02\x01\x0a\xd0\x01\xd7\x07\xcdC\x06\xa3J\xc9\xd5j\x8c\x1e\xde\x2d\x08YG\xcf\xf50\xab\x7eX\xb0\xab\x8a\xc9\xc3\xdf\xf6\x3d\x28\x96\xc7\x89\x7e\x09\xa3o\x12v\x8d\xc4\xc6\xdc\x9b\xcdll\xf0\xd3\xec\xf4b\xa6H\x5b\x0dT\xe8\xb2m\xc1\x2a\x2f\xaa\x02\xed\xb7\x13\x5c\x9fH\xeeK\x7e\x8f\x87\xb4\x0a\x1e\x0c\x9e8\xce\x08\x5fT?\x09\xcb\xaab\x25\xce\x1c\x8cw\x9b\x7eZ\xf4C\xe0Gp\x29gi\xc7LW\xb47\xdfp\xd5A\xf6\xbeWtRN3xw\x02cX\xd8c\xc0\xe8\xc27\x5e\x9c\xbc\x12\x03!z\xab\xb4\x13C\xbe\x971SDN\xcf\x95\xdcld\xe9w\xdf\xc9Un\xbe\x14\xc4\xf9:or\x85\x1d\x2c\x8e\xfd\xc2\x2aXG\xf3\xa6\x2cF\xd7\x18K\xefS\xd9\x91\x96\xa5\x99J\x60\x3d\x1a\xdec\x15l\x01\x3b\x7f\x8d\x08\xd9\x0fh\x00\x00</data></match></read>
    <!-- ResolveL2Adjacency Test -->
    <write><data>\xff\xff\xcd\xab\x0c\x02\x00\x01\x01\x01\x0a\x00\x00\x00\x00\x91\x03\x00\x00</data></write>
    <read><length>19</length><match><data>\xcd\xab\x01\x00\x0c\x03\x00\x01\x01\x01\x0a\x01\x00\x00\x00\x96\x01\x00\x00</data></match></read>
    <!-- Unknown Unicast Test -->
    <write><data>\x03\xb0\xcd\xab\x11\x01\x00\x02\x02\x01\x0a\x02\x03\x01\x0a\x03\x01\x13\xc6\x009\x03\x00\x00</data></write>
    <!-- Echo Request Test -->
    <write><data>\x01\x00\xcd\xab\xbf\x01\x00\x02\x02\x01\x0a\x02\x01\x01\x0a\xb1\x01\x07\x0f\xae\xe2\xfb\x2d\x1e\xcf\xbf\xa0\xd5\x29\xb6EJe\xd0\x97\xc2z0\xc8\x7c\xa4\x16\x23\x0e\x9e\x02\xb8\x85\xba\x84\x91\xecx\xecN\xee\xd5\xb4\xe2\xda\xf9D\x1c\xdb\x09\xcc\x90\xed\x8f\x02\x24f\x7b\xcd\x7b\x24\x0fA\xf3\x5f\xb1\x9e\x86n\xb2\xb4\xa35\x1e\xe3\x40\x60\xd2\xe5!\x3b\xa5\x7e\xe6\x0a\xcd\x08\x11K\x2a\xbb\xc2\xb7K?\xb6\x8ey\xe7\xa31\xaa\xc1\xd2\x17\x5bk\xa3\xde\xae\x29\xcdie\xfb\x03\x15\x19\x86\x0c\xcd\x8e\xd6H.\xdb\xff\x2b\xa3!G0\xe7\x83\x18\x16\x8a\xd2\x2aI\x3b\xcc\x11\x2f\xe8\xed\x0c\xbb\xdbRT\xfb\x3bd\xa5\x5c\xc1\xd1\xd6Z\x16Hv\xfbG\x01\x0d\xbf\xbcb\x01\xee\x0eT\xe5\xb0H4b\xebY\x00\x00</data></write>
    <read><length>198</length><match><data>\xcd\xab\x01\x00\xbf\x01\x00\x02\x01\x01\x0a\x02\x02\x01\x0a\xb1\x01\x0f\x07\xae\xe2\xfb\x2d\x1e\xcf\xbf\xa0\xd5\x29\xb6EJe\xd0\x97\xc2z0\xc8\x7c\xa4\x16\x23\x0e\x9e\x02\xb8\x85\xba\x84\x91\xecx\xecN\xee\xd5\xb4\xe2\xda\xf9D\x1c\xdb\x09\xcc\x90\xed\x8f\x02\x24f\x7b\xcd\x7b\x24\x0fA\xf3\x5f\xb1\x9e\x86n\xb2\xb4\xa35\x1e\xe3\x40\x60\xd2\xe5!\x3b\xa5\x7e\xe6\x0a\xcd\x08\x11K\x2a\xbb\xc2\xb7K?\xb6\x8ey\xe7\xa31\xaa\xc1\xd2\x17\x5bk\xa3\xde\xae\x29\xcdie\xfb\x03\x15\x19\x86\x0c\xcd\x8e\xd6H.\xdb\xff\x2b\xa3!G0\xe7\x83\x18\x16\x8a\xd2\x2aI\x3b\xcc\x11\x2f\xe8\xed\x0c\xbb\xdbRT\xfb\x3bd\xa5\x5c\xc1\xd1\xd6Z\x16Hv\xfbG\x01\x0d\xbf\xbcb\x01\xee\x0eT\xe5\xb0H4b\xebY\x00\x00</data></match></read>
    <!-- Unknown Unicast Test -->
    <write><data>\x04\xb0\xcd\xab\x11\x01\x00\x02\x02\x01\x0a\x02\x03\x01\x0a\x03\x01\x13\xf8\x00l\x03\x00\x00</data></write>
    <!-- Echo Request Test -->
    <write><data>\x01\x00\xcd\xabu\x01\x00\x02\x02\x01\x0a\x02\x01\x01\x0ag\x01\x079du\x14\x85M\x7bRW\x0e\x2b\x1a\x0bRcc\xef\xf6J3J\xef\x17.a\x1d\x29b\x60K2l\xce\x05tZ\x23\x0f5\xadB\x7c\x5c\xe2\x1d\xaeNE\x8b\xfcu0Wv\xe70\xbf\xa1P\xc6\xd1\xbfC\xd2\x1f\xcat\x27Xl\x0a3K\x9a\xd5\xf5\x06kSA\xe5.o\xbf!\xbc\x9dT\x16\xee\xbe1\xea\x5e\xce\x0dV\x90\x8c\x1d\x8bL\x3d\x2d\x00\x00</data></write>
    <read><length>124</length><match><data>\xcd\xab\x01\x00u\x01\x00\x02\x01\x01\x0a\x02\x02\x01\x0ag\x019\x07du\x14\x85M\x7bRW\x0e\x2b\x1a\x0bRcc\xef\xf6J3J\xef\x17.a\x1d\x29b\x60K2l\xce\x05tZ\x23\x0f5\xadB\x7c\x5c\xe2\x1d\xaeNE\x8b\xfcu0Wv\xe70\xbf\xa1P\xc6\xd1\xbfC\xd2\x1f\xcat\x27Xl\x0a3K\x9a\xd5\xf5\x06kSA\xe5.o\xbf!\xbc\x9dT\x16\xee\xbe1\xea\x5e\xce\x0dV\x90\x8c\x1d\x8bL\x3d\x2d\x00\x00</data></match></read>
    <!-- Invalid Packet\x2fSegment Length Test -->
    <write><data>\x01\x00\xcd\xab\x11\x01\x00\x02\x02\x01\x0a\x02\x03\x01\x0a\x01\x01\x13\xe6\x00\xa7\x02\x00\x00</data></write>
    <!-- Echo Request Test -->
    <write><data>\x01\x00\xcd\xabq\x01\x00\x02\x02\x01\x0a\x02\x01\x01\x0ac\x01\x07v\x60\xf5\x1e\x93\xbd\xf6\xbc\x04G\xbb\xcc\xb0\xab\x7c\xeb\x8e\xba\xbc\xcf\xcfd\xc9\x1aG\x92\x9e\xe1\x3cl\x8e\x8a\xee8\x2c\xf2k\x3c\x9c\x17\x2b\xe7\xa2\x1f\x97\xf1uPG\xe0\x5b\xf4S\x80\xd0\xa3Y:\xac\x18\xbd\xe9.\x24D\x1d\x82\xda\x23Z\x5d9\xae\x7dwv\x2c\xaa\xfe\xa8\xa3\x10\xcc\xd2\x12\x9d\xe9 \x97\x27\xa1\xc2\x18\x1cr\x89\xe8Y\xba4\x00\x00</data></write>
    <read><length>19</length><match><data>\xff\xff\x01\x00\x0c\x02\x00\x02\x01\x01\x0a\x00\x00\x00\x00\x1b\x02\x00\x00</data></match></read>
    <write><data>\x01\x00\xcd\xab\x0c\x03\x00\x02\x01\x01\x0a\xcd\xab\x00\x00\x0e\x03\x00\x00</data></write>
    <read><length>120</length><match><data>\xcd\xab\x01\x00q\x01\x00\x02\x01\x01\x0a\x02\x02\x01\x0ac\x01v\x07\x60\xf5\x1e\x93\xbd\xf6\xbc\x04G\xbb\xcc\xb0\xab\x7c\xeb\x8e\xba\xbc\xcf\xcfd\xc9\x1aG\x92\x9e\xe1\x3cl\x8e\x8a\xee8\x2c\xf2k\x3c\x9c\x17\x2b\xe7\xa2\x1f\x97\xf1uPG\xe0\x5b\xf4S\x80\xd0\xa3Y:\xac\x18\xbd\xe9.\x24D\x1d\x82\xda\x23Z\x5d9\xae\x7dwv\x2c\xaa\xfe\xa8\xa3\x10\xcc\xd2\x12\x9d\xe9 \x97\x27\xa1\xc2\x18\x1cr\x89\xe8Y\xba4\x00\x00</data></match></read>
    <!-- Spoof Test -->
    <write><data>\x01\x00\xcd\xab\x11\x01\x00\x02\x02\x01\x0a\x02\x03\x01\x0a\x03\x01\x13\x07\x00\xc8\x01\x00\x00</data></write>
    <!-- Echo Request Test -->
    <write><data>\x01\x00\xcd\xab\x9a\x01\x00\x02\x02\x01\x0a\x02\x01\x01\x0a\x8c\x01\x07\x23\x89\x91\xe2\xc2\xad\x07b\xb8\x0dH\x1b\x08\x12\x04\xd2\x07j\xbe\xc5\x9c1\x02!\xb1\x17\xd5\x9fqb\xd9g\x1366\xd7\x5f\xa2K\xa45\x27\x99\xae\x22\xf3\xb8\xd9\x8aG\x1bfg\xa7\xf8\xbb\x27\x2a\x5f\x5e\xba\x2f\x7f\xd3\xbe\x7eiV\x7d\xc8\xf23\x0b\x92c\x96\x26\xee\xaaZ\x25!\xe9\xd5BE\xae\x9e\xb8Qi\xa3N\xb2\xb5\xa4\xc5\x95\x5e\x1aH\xed\x22\x2f\x99\x0ac\x5ff\xbbs\xee\xa5\x89\xc9\x9bh\x869\x3e\x91\xfa\x27D\x7f\x84\xe8\x26\x95t\xa0\xc4D\x14t\x2d\x01\xa6\xd5iC\x00\x00</data></write>
    <read><length>161</length><match><data>\xcd\xab\x01\x00\x9a\x01\x00\x02\x01\x01\x0a\x02\x02\x01\x0a\x8c\x01\x23\x07\x89\x91\xe2\xc2\xad\x07b\xb8\x0dH\x1b\x08\x12\x04\xd2\x07j\xbe\xc5\x9c1\x02!\xb1\x17\xd5\x9fqb\xd9g\x1366\xd7\x5f\xa2K\xa45\x27\x99\xae\x22\xf3\xb8\xd9\x8aG\x1bfg\xa7\xf8\xbb\x27\x2a\x5f\x5e\xba\x2f\x7f\xd3\xbe\x7eiV\x7d\xc8\xf23\x0b\x92c\x96\x26\xee\xaaZ\x25!\xe9\xd5BE\xae\x9e\xb8Qi\xa3N\xb2\xb5\xa4\xc5\x95\x5e\x1aH\xed\x22\x2f\x99\x0ac\x5ff\xbbs\xee\xa5\x89\xc9\x9bh\x869\x3e\x91\xfa\x27D\x7f\x84\xe8\x26\x95t\xa0\xc4D\x14t\x2d\x01\xa6\xd5iC\x00\x00</data></match></read>
    <!-- Echo Request Test -->
    <write><data>\x01\x00\xcd\xab\xb0\x01\x00\x02\x02\x01\x0a\x02\x01\x01\x0a\xa2\x01\x07\xb3\x9f\xbe\x95\x95\x90\xafY\xe41\xc3\x8d\xd4\x0f\xb6\xc5\xd2P\x84\x60\xd8\x24\x09\x0c6j\x13\x11.\x05\xd2\xb0\x40\x81\x02O\xbathr\x8d\xa5\x23\x83\xb5\x40\xff\xc7\x1e\x86\x010\xf3\xbc\x8e\xc4\xc9\x0b\xf4y\xb4\x60\x95KmU\xadv\xa7\xc1C\xcf\xf3\xd5\xaa\xa2\x84\xac\xd7\x83\x1al\x3dc\xb8\xb1n\x9a\xc5\xab\xe0\x10\xbd\x93\xe5s\x02\x14\x9b\x01\x2dr\xda\xa6\x03o\xbdn\xd1\x91\x05\xe1\x3eq\x2d\xf7k\x08\x7d\x2b\xe5\xac\xc4\x291\x7e\x60\xbe\xe0\x5d\xd2\x8a\xf9\x2b\xbe3\x28\xe2O\x1c\xf1\xc0\xcb\x1c\x92\xfb\x17g3\xfb0\xd8\xc2L\x82\xda\x22o\xefd\xcdpT\x00\x00</data></write>
    <read><length>183</length><match><data>\xcd\xab\x01\x00\xb0\x01\x00\x02\x01\x01\x0a\x02\x02\x01\x0a\xa2\x01\xb3\x07\x9f\xbe\x95\x95\x90\xafY\xe41\xc3\x8d\xd4\x0f\xb6\xc5\xd2P\x84\x60\xd8\x24\x09\x0c6j\x13\x11.\x05\xd2\xb0\x40\x81\x02O\xbathr\x8d\xa5\x23\x83\xb5\x40\xff\xc7\x1e\x86\x010\xf3\xbc\x8e\xc4\xc9\x0b\xf4y\xb4\x60\x95KmU\xadv\xa7\xc1C\xcf\xf3\xd5\xaa\xa2\x84\xac\xd7\x83\x1al\x3dc\xb8\xb1n\x9a\xc5\xab\xe0\x10\xbd\x93\xe5s\x02\x14\x9b\x01\x2dr\xda\xa6\x03o\xbdn\xd1\x91\x05\xe1\x3eq\x2d\xf7k\x08\x7d\x2b\xe5\xac\xc4\x291\x7e\x60\xbe\xe0\x5d\xd2\x8a\xf9\x2b\xbe3\x28\xe2O\x1c\xf1\xc0\xcb\x1c\x92\xfb\x17g3\xfb0\xd8\xc2L\x82\xda\x22o\xefd\xcdpT\x00\x00</data></match></read>
    <!-- Unknown Unicast Test -->
    <write><data>\x05\xb0\xcd\xab\x11\x01\x00\x02\x02\x01\x0a\x02\x03\x01\x0a\x03\x01\x13\x80\x00\xf5\x02\x00\x00</data></write>
    <!-- Echo Request Test -->
    <write><data>\x01\x00\xcd\xab\xe9\x01\x00\x02\x02\x01\x0a\x02\x01\x01\x0a\xdb\x01\x076\xd8\xa9\x15\xcb\xfc\x7e\xb7\x87\xbd\xd3\x90P\x12\x15?\xa8\xd8\x87\x29\x83\xa0\xcd\xfbGy\x805hI\x26\xad\x1b\x15G\x0f\x2al\x89\xe5\xe2\x9fGR7o\x0a\xdd\x1e\x2c\xe5\x29\xa34\x9f\x29\xf8P\x40\x8fH\xd7\x06\xfc\xbe\xbb\x26\xdc\xbeg\x1a\x0f\x9c\x83\xf4\xff\x17j\x7c\x8e\x03\xe1\xa0T0\x9d\xa2h7\x9e\x179\xf1\x9cle\x9f\x19\x82\xe6\x81\x40\x9a\x8c\x15\x3c\x02\xd3\xad\x0f\xf6A\x7d\x1a\x93\x3b\x3b\x7eJ\xa11\xa7c\x19\x2d\xe4\xe5J\xc3\xe8\xf3I\xf9O\xa7\x99O\x3bf\xad?\xab\xfd\x0a\xda\xb1\xb7\x3c\xb7\xac\xf0\x9f\xad\xc8\xb7\x02\x94\x0ag\xfd\xe2:\x0c\xd9\x85\x5d\x02C\xddf\x19\x1aV\xb9\x1e\x848\xe5\x23\x1eo\xd3\x25\xe3\xca\xec\xce\xb17\x3c\xa9\xb3\x7e\x5b\xfeg\x9c\x19\xef\x2c\x1d\xbe\x96\xceA\x1d\xd1\x25\xc5K\xd9\xd6Qc\xf0\x9b\x16\xa1?m\x00\x00</data></write>
    <read><length>240</length><match><data>\xcd\xab\x01\x00\xe9\x01\x00\x02\x01\x01\x0a\x02\x02\x01\x0a\xdb\x016\x07\xd8\xa9\x15\xcb\xfc\x7e\xb7\x87\xbd\xd3\x90P\x12\x15?\xa8\xd8\x87\x29\x83\xa0\xcd\xfbGy\x805hI\x26\xad\x1b\x15G\x0f\x2al\x89\xe5\xe2\x9fGR7o\x0a\xdd\x1e\x2c\xe5\x29\xa34\x9f\x29\xf8P\x40\x8fH\xd7\x06\xfc\xbe\xbb\x26\xdc\xbeg\x1a\x0f\x9c\x83\xf4\xff\x17j\x7c\x8e\x03\xe1\xa0T0\x9d\xa2h7\x9e\x179\xf1\x9cle\x9f\x19\x82\xe6\x81\x40\x9a\x8c\x15\x3c\x02\xd3\xad\x0f\xf6A\x7d\x1a\x93\x3b\x3b\x7eJ\xa11\xa7c\x19\x2d\xe4\xe5J\xc3\xe8\xf3I\xf9O\xa7\x99O\x3bf\xad?\xab\xfd\x0a\xda\xb1\xb7\x3c\xb7\xac\xf0\x9f\xad\xc8\xb7\x02\x94\x0ag\xfd\xe2:\x0c\xd9\x85\x5d\x02C\xddf\x19\x1aV\xb9\x1e\x848\xe5\x23\x1eo\xd3\x25\xe3\xca\xec\xce\xb17\x3c\xa9\xb3\x7e\x5b\xfeg\x9c\x19\xef\x2c\x1d\xbe\x96\xceA\x1d\xd1\x25\xc5K\xd9\xd6Qc\xf0\x9b\x16\xa1?m\x00\x00</data></match></read>
    <!-- Invalid Checksum Test -->
    <write><data>\x01\x00\xcd\xab\x11\x01\x00\x02\x02\x01\x0a\x02\x01\x01\x0a\x03\x01\x07\x9b\x00N\x02\x00\x01</data></write>
    <!-- Echo Request Test -->
    <write><data>\x01\x00\xcd\xab\xd0\x01\x00\x02\x02\x01\x0a\x02\x01\x01\x0a\xc2\x01\x077\xbf\x27d\xd03\xcc\xa0\x2c\x263\xe1\x0a\x89\x91\xbbZY\xdc\xf8\x5bd \xfa\x3b\x05\x1d\xaa\xd0\x29Rn\xea\xb63\x5f\xb5\xe4\xeeGy\xaf\xef\x94\xf0\x1e\x2c\x27\xd88q1\x1ci\xa5\xc2\x85\x15\x5c\x23\xd1\xdbQ\xfd\x88\xd1Lc\xd1\x07\xad\xbd\xed\xc2\xcbc\xa3\x01\x01k\xc9\x1a\xdag\x9c\x92\xde\xbc\x0bC\x8bd\xb9\xd7\x01\xa9y\x106\xc36t\x9b\xad\xa6\xf1\x85\x1e\xa5\x2b\x2a\xc7\xa8\x1a\xa6\xc0\xe2\xeaS\xa5\x88\xc3qI\xa9\xaf\x83\x03\xa5E\x0b9\xdfn\x2b\xb8\xf8\xf2\x95\xef\x876\x10m\xe0\x24\xc3d\xf6\x5e\x0bEG\x8fw\x12\x91\xe8Am\xe0Tw\xc9\x22Z\xebz\x8d\x2d\xec\xb5G\x01\x24a\x0c\xfd\xa1\xeb\xd0\xfe\x25\xb2ESW\xdew\x03\xbb\xfb\x04.c\x00\x00</data></write>
    <read><length>215</length><match><data>\xcd\xab\x01\x00\xd0\x01\x00\x02\x01\x01\x0a\x02\x02\x01\x0a\xc2\x017\x07\xbf\x27d\xd03\xcc\xa0\x2c\x263\xe1\x0a\x89\x91\xbbZY\xdc\xf8\x5bd \xfa\x3b\x05\x1d\xaa\xd0\x29Rn\xea\xb63\x5f\xb5\xe4\xeeGy\xaf\xef\x94\xf0\x1e\x2c\x27\xd88q1\x1ci\xa5\xc2\x85\x15\x5c\x23\xd1\xdbQ\xfd\x88\xd1Lc\xd1\x07\xad\xbd\xed\xc2\xcbc\xa3\x01\x01k\xc9\x1a\xdag\x9c\x92\xde\xbc\x0bC\x8bd\xb9\xd7\x01\xa9y\x106\xc36t\x9b\xad\xa6\xf1\x85\x1e\xa5\x2b\x2a\xc7\xa8\x1a\xa6\xc0\xe2\xeaS\xa5\x88\xc3qI\xa9\xaf\x83\x03\xa5E\x0b9\xdfn\x2b\xb8\xf8\xf2\x95\xef\x876\x10m\xe0\x24\xc3d\xf6\x5e\x0bEG\x8fw\x12\x91\xe8Am\xe0Tw\xc9\x22Z\xebz\x8d\x2d\xec\xb5G\x01\x24a\x0c\xfd\xa1\xeb\xd0\xfe\x25\xb2ESW\xdew\x03\xbb\xfb\x04.c\x00\x00</data></match></read>
    <!-- Invalid Packet\x2fSegment Length Test -->
    <write><data>\x01\x00\xcd\xab\x11\x01\x00\x02\x02\x01\x0a\x02\x03\x01\x0a\x01\x01\x13L\x00\x0d\x02\x00\x00</data></write>
    <!-- Echo Request Test -->
    <write><data>\x01\x00\xcd\xab\x5f\x01\x00\x02\x02\x01\x0a\x02\x01\x01\x0aQ\x01\x07\xb8N\xe8\xbb\xc6\x93\x1b\x04\xcf\x8b\x29\xb1\x03\x07\xd4\xbc\x0a\xd9!\xbe\xa1\xa9\x29\xd9\xe6\xeb\xb0\xd7\x25\x92Z\x9d.5\x80\xdaJY\xfeh\x09\xf7\x60\x2f\x05r\xc2\xbd\x2c\xea\x11\xd0\x92y\x08\xc7\x7fC\x80q\xbf\x1c\x7f\x2a\x1a\xdb\xa0\xb1\xc8\x03S\xe7\x5fV\x0c\xbb\xf8\xc8\x0f\x93\xce\x29\x00\x00</data></write>
    <read><length>102</length><match><data>\xcd\xab\x01\x00\x5f\x01\x00\x02\x01\x01\x0a\x02\x02\x01\x0aQ\x01\xb8\x07N\xe8\xbb\xc6\x93\x1b\x04\xcf\x8b\x29\xb1\x03\x07\xd4\xbc\x0a\xd9!\xbe\xa1\xa9\x29\xd9\xe6\xeb\xb0\xd7\x25\x92Z\x9d.5\x80\xdaJY\xfeh\x09\xf7\x60\x2f\x05r\xc2\xbd\x2c\xea\x11\xd0\x92y\x08\xc7\x7fC\x80q\xbf\x1c\x7f\x2a\x1a\xdb\xa0\xb1\xc8\x03S\xe7\x5fV\x0c\xbb\xf8\xc8\x0f\x93\xce\x29\x00\x00</data></match></read>
    <!-- ResolveL2Adjacency Test -->
    <write><data>\xff\xff\xcd\xab\x0c\x02\x00\x01\x01\x01\x0a\x00\x00\x00\x00\x91\x03\x00\x00</data></write>
    <read><length>19</length><match><data>\xcd\xab\x01\x00\x0c\x03\x00\x01\x01\x01\x0a\x01\x00\x00\x00\x96\x01\x00\x00</data></match></read>
    <!-- Unknown Unicast Test -->
    <write><data>\x06\xb0\xcd\xab\x11\x01\x00\x02\x02\x01\x0a\x02\x03\x01\x0a\x03\x01\x13\x8b\x00\x01\x03\x00\x00</data></write>
    <!-- Echo Request Test -->
    <write><data>\x01\x00\xcd\xab\x9d\x01\x00\x02\x02\x01\x0a\x02\x01\x01\x0a\x8f\x01\x07\xf2\x8c\x2c\xea\x23\xca\x94\x16v\xb4v9\x7c\xf2\xd0\xeb\x9b\xe7\x85y\x90\x3e\x17\x04\xc1\x0d8B\x06\xd6\x9a\xb0\xfb\x9eL\x92\xfe\xce\xec\x0c\xb2\xba\x40er\xaf\xc6\x3e\xd9\x5b\xe12\xc4\x8257q\x97n\xa6\x1c\xb8\xb8\xb5\xa8\xafG\x92Q:\x014P\x23\xe3T\xdd\xa9\xb9\x5e!d\x7d\x18\x3c\xd8z\x2a\xc8\xe0Xf\xdf\xcc\xfe\x5d\xbb\xb5\x847\xf6X\xf9\xcd\x18lB\x1e\x60\x82\x9e\xf9\x7c\xc9\x87:\x82\xd5\x81\x15\x7b\x88G\xbfs\xa7ks\x95\x2d\x15\xd0\x95\xa1\x12\x85\xa52x\xae\x81v\x03K\x00\x00</data></write>
    <read><length>164</length><match><data>\xcd\xab\x01\x00\x9d\x01\x00\x02\x01\x01\x0a\x02\x02\x01\x0a\x8f\x01\xf2\x07\x8c\x2c\xea\x23\xca\x94\x16v\xb4v9\x7c\xf2\xd0\xeb\x9b\xe7\x85y\x90\x3e\x17\x04\xc1\x0d8B\x06\xd6\x9a\xb0\xfb\x9eL\x92\xfe\xce\xec\x0c\xb2\xba\x40er\xaf\xc6\x3e\xd9\x5b\xe12\xc4\x8257q\x97n\xa6\x1c\xb8\xb8\xb5\xa8\xafG\x92Q:\x014P\x23\xe3T\xdd\xa9\xb9\x5e!d\x7d\x18\x3c\xd8z\x2a\xc8\xe0Xf\xdf\xcc\xfe\x5d\xbb\xb5\x847\xf6X\xf9\xcd\x18lB\x1e\x60\x82\x9e\xf9\x7c\xc9\x87:\x82\xd5\x81\x15\x7b\x88G\xbfs\xa7ks\x95\x2d\x15\xd0\x95\xa1\x12\x85\xa52x\xae\x81v\x03K\x00\x00</data></match></read>
    <!-- Pwdgen Request Test -->
    <write><data>\x01\x00\xcd\xab\x11\x01\x00\x02\x02\x01\x0a\x02\x01\x01\x0a\x03\x01\x81\xf7\x00\x24\x03\x00\x00</data></write>
    <read><length>19</length><match><data>\xff\xff\x01\x00\x0c\x02\x00\x02\x01\x01\x0a\x00\x00\x00\x00\x1b\x02\x00\x00</data></match></read>
    <write><data>\x01\x00\xcd\xab\x0c\x03\x00\x02\x01\x01\x0a\xcd\xab\x00\x00\x0e\x03\x00\x00</data></write>
    <read><length>150</length><match><data>\xcd\xab\x01\x00\x8f\x01\x00\x02\x01\x01\x0a\x02\x02\x01\x0a\x81\x01\xf7\x81\x7ehcfwgoicavjlgohzfyat\x0ablhwjcfmiwdbehalgcbr\x0aczhljajibdaoaueocjac\x0aeqencnazhmbigthcgifr\x0agddcglgbimifcdjsabcw\x0adseucecghejkigaydeit\x0a\x146\x00\x00</data></match></read>
    <!-- Chargen Request Test -->
    <write><data>\x01\x00\xcd\xab\x11\x01\x00\x02\x02\x01\x0a\x02\x01\x01\x0a\x03\x01\x13A\x00\x00\x02\x00\x00</data></write>
    <read><length>117</length><match><data>\xcd\xab\x01\x00n\x01\x00\x02\x01\x01\x0a\x02\x02\x01\x0a\x60\x01A\x13\x5d\x84\x83\xa9\xa6\xb3M\xcb\xae\xa0\xcc\x86\xb7\xe1\x18\x1b\xa9\xc4\xa2\x18\x98Jt\x80 \x7d\xe0\xd5\x29\x96p5\x2d\xee\x29\x0d\xaf\x17\xecCwF\x19\x3e\xea\x9f\xba\x1b\xd2cCJ\xaf\x95T\x0e\xcc\xf5\x154\xd1\xaa\x28Q\x9a\xbc\x80H\xf02\x9fQ\xcc5\xf9\x9d\xe3\x07\xc1\x9e\x14FZ!\x5d\xe7\x25\x8c\xa4P\x2cC\x19F\x10\x2f\x00\x00</data></match></read>
    <!-- Spoof Test -->
    <write><data>\x01\x00\xcd\xab\x11\x01\x00\x02\x02\x01\x0a\x02\x03\x01\x0a\x03\x01\x13\xd6\x00\x97\x02\x00\x00</data></write>
    <!-- Echo Request Test -->
    <write><data>\x01\x00\xcd\xab\x1d\x01\x00\x02\x02\x01\x0a\x02\x01\x01\x0a\x0f\x01\x07\xc1\x0cl\xaee\x01\x11\x40.\xdd\xae0\xd3\xdb\x00\x08\x00\x00</data></write>
    <read><length>36</length><match><data>\xcd\xab\x01\x00\x1d\x01\x00\x02\x01\x01\x0a\x02\x02\x01\x0a\x0f\x01\xc1\x07\x0cl\xaee\x01\x11\x40.\xdd\xae0\xd3\xdb\x00\x08\x00\x00</data></match></read>
    <!-- Spoof Test -->
    <write><data>\x01\x00\xcd\xab\x11\x01\x00\x02\x02\x01\x0a\x02\x03\x01\x0a\x03\x01\x13\xa0\x00a\x02\x00\x00</data></write>
    <!-- Echo Request Test -->
    <write><data>\x01\x00\xcd\xab\x27\x01\x00\x02\x02\x01\x0a\x02\x01\x01\x0a\x19\x01\x07\x91\x16\x5cSMgLT\xfc\xab\xa4\x85\xb3\xc7r\x1fA\xb7\xe3b\xa1Q\x0d\xdf\x7f\x0d\x00\x00</data></write>
    <read><length>46</length><match><data>\xcd\xab\x01\x00\x27\x01\x00\x02\x01\x01\x0a\x02\x02\x01\x0a\x19\x01\x91\x07\x16\x5cSMgLT\xfc\xab\xa4\x85\xb3\xc7r\x1fA\xb7\xe3b\xa1Q\x0d\xdf\x7f\x0d\x00\x00</data></match></read>
    <!-- Invalid Packet\x2fSegment Length Test -->
    <write><data>\x01\x00\xcd\xab\x11\x01\x00\x02\x02\x01\x0a\x02\x03\x01\x0a\x01\x01\x13U\x00\x16\x02\x00\x00</data></write>
    <!-- Echo Request Test -->
    <write><data>\x01\x00\xcd\xab\xe2\x01\x00\x02\x02\x01\x0a\x02\x01\x01\x0a\xd4\x01\x07\x9d\xd1\x9bUcc\xe93\xcb\x03d\x852\x9d\x1cf\x84\xae:\xb0\x14\xc5m\x98V\x90\xe9\xb2\x3b\x3eTR\x3da\xf8\xd0\x08\xf5\xd5\x29\x82t\x3b\xb1\x0c\x80\x95\xaf\xb1\xc1\xdf\xb3pg\x89Z\x9e\xb4ql\x8c4\xfeY\xe0\xe1\xa2\xaa\xac\xd1\x9c\x06e\xf0\xe0\xf0\x3e\x2f\x40\xd6\x18\xdf\x85\xb8c\x0b\xd2\x7b\xbc\x9bwTv\xfd\xb8\xed\x7f\xff\xddJ\xcb\x04\x13\xf6\x29\xe1v\x1fD\x13\x17\x9a\x22l\x1e\x5f\x5c\xccz\xd91B\xd7\xde\x9fiwA\x0a\xb8\xfe\x89 \x98T\xd1f\xfbe\x7f\xf37\x8d \x9d\x0dfn\xd9L\xb7\xad\xab\xa2?\x5b\x03xO\x98\x95\xe0\x0e\xe3\xe81oP\xfe\x90\xadK\x1b\xad\xc9\xa8sg\xdc\x90\x8b\x03\xf5\x85\xa5\x28\x7d\x17n\xa71\xb5\xb8\xbf\xcd\x93TQ\x0b\xca?\xbd\x05\xcc\x91a\x15\xf0\xa9\xee\xbf\x81o\x00\x00</data></write>
    <read><length>233</length><match><data>\xcd\xab\x01\x00\xe2\x01\x00\x02\x01\x01\x0a\x02\x02\x01\x0a\xd4\x01\x9d\x07\xd1\x9bUcc\xe93\xcb\x03d\x852\x9d\x1cf\x84\xae:\xb0\x14\xc5m\x98V\x90\xe9\xb2\x3b\x3eTR\x3da\xf8\xd0\x08\xf5\xd5\x29\x82t\x3b\xb1\x0c\x80\x95\xaf\xb1\xc1\xdf\xb3pg\x89Z\x9e\xb4ql\x8c4\xfeY\xe0\xe1\xa2\xaa\xac\xd1\x9c\x06e\xf0\xe0\xf0\x3e\x2f\x40\xd6\x18\xdf\x85\xb8c\x0b\xd2\x7b\xbc\x9bwTv\xfd\xb8\xed\x7f\xff\xddJ\xcb\x04\x13\xf6\x29\xe1v\x1fD\x13\x17\x9a\x22l\x1e\x5f\x5c\xccz\xd91B\xd7\xde\x9fiwA\x0a\xb8\xfe\x89 \x98T\xd1f\xfbe\x7f\xf37\x8d \x9d\x0dfn\xd9L\xb7\xad\xab\xa2?\x5b\x03xO\x98\x95\xe0\x0e\xe3\xe81oP\xfe\x90\xadK\x1b\xad\xc9\xa8sg\xdc\x90\x8b\x03\xf5\x85\xa5\x28\x7d\x17n\xa71\xb5\xb8\xbf\xcd\x93TQ\x0b\xca?\xbd\x05\xcc\x91a\x15\xf0\xa9\xee\xbf\x81o\x00\x00</data></match></read>
    <!-- Invalid Packet\x2fSegment Length Test -->
    <write><data>\x01\x00\xcd\xab\x11\x01\x00\x02\x02\x01\x0a\x02\x03\x01\x0a\x03\x01\x13\x23\x01\xe4\x01\x00\x00</data></write>
    <!-- Echo Request Test -->
    <write><data>\x01\x00\xcd\xab\xc9\x01\x00\x02\x02\x01\x0a\x02\x01\x01\x0a\xbb\x01\x07\x99\xb8\x3d\xdcw\x09x\xef\x16\xb6.\xa3\xb9\xed\x80\x7d\xdap\xc7\xbc\xdb\xda\x116\xfa\x2d\x5e\xc6\xd6\x2f\x22\x8b\x0a\x2d\x1a\xe6\x8a\x81\xf1k\xf03\xc7\x14\xf5\xfe\x80\x06\x8ae\x2c\xa1\x93\x83\xc5\x12\x0e\x18\x24\xaa\x10\xcfw\xcf\x40\xa8\x02\xa0\xbc\x92 \x80w\xc6\xb5IH\xcc\x8f\x8b\xf2ut\xa6\xe9\xf9\xac\xf7\x5f\x9d\x5d\xb5t\xf8w\x88\xe0\xa9\xa4M\x2f\xf0\x86\x89\x88\x8e\x9e\xde\xb3\x9eC\xac\xa8KJ\x7f\x7f\xa3\x08\xcd\xf3\x8bH\x2a\xfdec\xd6z\x2a\x5f\x1e\x93u\x22\xffF\xae\xf2\x9bf\x95\x0b\xe6\xc9\xecy\xd7\xebC\xe42xc\xd1t\xc3\xe5\xbd\xbfQ\xa4\x2a\x8e\xf8\x95\x06\xdd\xb9\x9eO\xcd\x2d\x609\xb8\xb2\x27\xa9\xd6Y\xccl5FXwf\x00\x00</data></write>
    <read><length>208</length><match><data>\xcd\xab\x01\x00\xc9\x01\x00\x02\x01\x01\x0a\x02\x02\x01\x0a\xbb\x01\x99\x07\xb8\x3d\xdcw\x09x\xef\x16\xb6.\xa3\xb9\xed\x80\x7d\xdap\xc7\xbc\xdb\xda\x116\xfa\x2d\x5e\xc6\xd6\x2f\x22\x8b\x0a\x2d\x1a\xe6\x8a\x81\xf1k\xf03\xc7\x14\xf5\xfe\x80\x06\x8ae\x2c\xa1\x93\x83\xc5\x12\x0e\x18\x24\xaa\x10\xcfw\xcf\x40\xa8\x02\xa0\xbc\x92 \x80w\xc6\xb5IH\xcc\x8f\x8b\xf2ut\xa6\xe9\xf9\xac\xf7\x5f\x9d\x5d\xb5t\xf8w\x88\xe0\xa9\xa4M\x2f\xf0\x86\x89\x88\x8e\x9e\xde\xb3\x9eC\xac\xa8KJ\x7f\x7f\xa3\x08\xcd\xf3\x8bH\x2a\xfdec\xd6z\x2a\x5f\x1e\x93u\x22\xffF\xae\xf2\x9bf\x95\x0b\xe6\xc9\xecy\xd7\xebC\xe42xc\xd1t\xc3\xe5\xbd\xbfQ\xa4\x2a\x8e\xf8\x95\x06\xdd\xb9\x9eO\xcd\x2d\x609\xb8\xb2\x27\xa9\xd6Y\xccl5FXwf\x00\x00</data></match></read>
</replay>
</pov>