<?xml version="1.0" standalone="no" ?>
<!DOCTYPE pov SYSTEM "/usr/share/cgc-docs/replay.dtd">
<pov>
<cbid>service</cbid>
<seed>4f4c99a7d60537a74c32472b35442b3732d06b90b197f73aa4ea5a642f4a36e358bda7526e0a8b1ebe87313e5ce4aa75</seed>
<replay>
    <read><delim>Quit\x0a</delim><match><data>1\x29 New track...\x0a2\x29 Import track\x0a3\x29 Export...\x0a4\x29 List tracks\x0a5\x29 Change gain \x5btrack\x5d \x5bhundredths\x5d\x0a6\x29 Change pan \x5btrack\x5d \x5bhundredths\x5d\x0a7\x29 Combine\x2fsplit \x5btrack\x5d \x5b?track\x5d\x0a8\x29 Effects...\x0a9\x29 Quit\x0a</data></match></read>
    <write><data>0\x0a</data></write>
    <read><delim>\x0a</delim><match><data>Invalid choice\x0a</data></match></read>
    <read><delim>Quit\x0a</delim><match><data>1\x29 New track...\x0a2\x29 Import track\x0a3\x29 Export...\x0a4\x29 List tracks\x0a5\x29 Change gain \x5btrack\x5d \x5bhundredths\x5d\x0a6\x29 Change pan \x5btrack\x5d \x5bhundredths\x5d\x0a7\x29 Combine\x2fsplit \x5btrack\x5d \x5b?track\x5d\x0a8\x29 Effects...\x0a9\x29 Quit\x0a</data></match></read>
    <write><data>0\x0a</data></write>
    <read><delim>\x0a</delim><match><data>Invalid choice\x0a</data></match></read>
    <read><delim>Quit\x0a</delim><match><data>1\x29 New track...\x0a2\x29 Import track\x0a3\x29 Export...\x0a4\x29 List tracks\x0a5\x29 Change gain \x5btrack\x5d \x5bhundredths\x5d\x0a6\x29 Change pan \x5btrack\x5d \x5bhundredths\x5d\x0a7\x29 Combine\x2fsplit \x5btrack\x5d \x5b?track\x5d\x0a8\x29 Effects...\x0a9\x29 Quit\x0a</data></match></read>
    <write><data>8\x0a</data></write>
    <read><delim>Cancel\x0a</delim><match><data>1\x29 Apply gain \x5btrack\x5d \x5bhundredths\x5d\x0a2\x29 Apply pan \x5btrack\x5d \x5bhundredths\x5d\x0a3\x29 Echo \x5btrack\x5d \x5bdelay in samples\x5d\x0a4\x29 Add silence \x5btrack\x5d \x5bnumber of samples\x5d\x0a5\x29 Cancel\x0a</data></match></read>
    <write><data>5\x0a</data></write>
    <read><delim>Quit\x0a</delim><match><data>1\x29 New track...\x0a2\x29 Import track\x0a3\x29 Export...\x0a4\x29 List tracks\x0a5\x29 Change gain \x5btrack\x5d \x5bhundredths\x5d\x0a6\x29 Change pan \x5btrack\x5d \x5bhundredths\x5d\x0a7\x29 Combine\x2fsplit \x5btrack\x5d \x5b?track\x5d\x0a8\x29 Effects...\x0a9\x29 Quit\x0a</data></match></read>
    <write><data>1\x0a</data></write>
    <read><delim>Cancel\x0a</delim><match><data>1\x29 Silence \x5bnumber of samples\x5d\x0a2\x29 Sine Wave \x5bnumber of samples\x5d \x5bHZ\x5d\x0a3\x29 Square Wave \x5bnumber of samples\x5d \x5bHZ\x5d\x0a4\x29 White Noise \x5bnumber of samples\x5d\x0a5\x29 Cancel\x0a</data></match></read>
    <!-- New noise -->
    <write><data>4 2749\x0a</data></write>
    <read><delim>Quit\x0a</delim><match><data>1\x29 New track...\x0a2\x29 Import track\x0a3\x29 Export...\x0a4\x29 List tracks\x0a5\x29 Change gain \x5btrack\x5d \x5bhundredths\x5d\x0a6\x29 Change pan \x5btrack\x5d \x5bhundredths\x5d\x0a7\x29 Combine\x2fsplit \x5btrack\x5d \x5b?track\x5d\x0a8\x29 Effects...\x0a9\x29 Quit\x0a</data></match></read>
    <!-- List tracks -->
    <write><data>4\x0a</data></write>
    <read><delim>\x0a</delim><match><data>0\x29 mono samples\x3d2749\x0a</data></match></read>
    <read><delim>Quit\x0a</delim><match><data>1\x29 New track...\x0a2\x29 Import track\x0a3\x29 Export...\x0a4\x29 List tracks\x0a5\x29 Change gain \x5btrack\x5d \x5bhundredths\x5d\x0a6\x29 Change pan \x5btrack\x5d \x5bhundredths\x5d\x0a7\x29 Combine\x2fsplit \x5btrack\x5d \x5b?track\x5d\x0a8\x29 Effects...\x0a9\x29 Quit\x0a</data></match></read>
    <write><data>0\x0a</data></write>
    <read><delim>\x0a</delim><match><data>Invalid choice\x0a</data></match></read>
    <read><delim>Quit\x0a</delim><match><data>1\x29 New track...\x0a2\x29 Import track\x0a3\x29 Export...\x0a4\x29 List tracks\x0a5\x29 Change gain \x5btrack\x5d \x5bhundredths\x5d\x0a6\x29 Change pan \x5btrack\x5d \x5bhundredths\x5d\x0a7\x29 Combine\x2fsplit \x5btrack\x5d \x5b?track\x5d\x0a8\x29 Effects...\x0a9\x29 Quit\x0a</data></match></read>
    <write><data>5 0 \x2d14\x0a</data></write>
    <read><delim>Quit\x0a</delim><match><data>1\x29 New track...\x0a2\x29 Import track\x0a3\x29 Export...\x0a4\x29 List tracks\x0a5\x29 Change gain \x5btrack\x5d \x5bhundredths\x5d\x0a6\x29 Change pan \x5btrack\x5d \x5bhundredths\x5d\x0a7\x29 Combine\x2fsplit \x5btrack\x5d \x5b?track\x5d\x0a8\x29 Effects...\x0a9\x29 Quit\x0a</data></match></read>
    <write><data>5 0 6\x0a</data></write>
    <read><delim>Quit\x0a</delim><match><data>1\x29 New track...\x0a2\x29 Import track\x0a3\x29 Export...\x0a4\x29 List tracks\x0a5\x29 Change gain \x5btrack\x5d \x5bhundredths\x5d\x0a6\x29 Change pan \x5btrack\x5d \x5bhundredths\x5d\x0a7\x29 Combine\x2fsplit \x5btrack\x5d \x5b?track\x5d\x0a8\x29 Effects...\x0a9\x29 Quit\x0a</data></match></read>
    <!-- List tracks -->
    <write><data>4\x0a</data></write>
    <read><delim>\x0a</delim><match><data>0\x29 mono samples\x3d2749\x0a</data></match></read>
    <read><delim>Quit\x0a</delim><match><data>1\x29 New track...\x0a2\x29 Import track\x0a3\x29 Export...\x0a4\x29 List tracks\x0a5\x29 Change gain \x5btrack\x5d \x5bhundredths\x5d\x0a6\x29 Change pan \x5btrack\x5d \x5bhundredths\x5d\x0a7\x29 Combine\x2fsplit \x5btrack\x5d \x5b?track\x5d\x0a8\x29 Effects...\x0a9\x29 Quit\x0a</data></match></read>
    <!-- List tracks -->
    <write><data>4\x0a</data></write>
    <read><delim>\x0a</delim><match><data>0\x29 mono samples\x3d2749\x0a</data></match></read>
    <read><delim>Quit\x0a</delim><match><data>1\x29 New track...\x0a2\x29 Import track\x0a3\x29 Export...\x0a4\x29 List tracks\x0a5\x29 Change gain \x5btrack\x5d \x5bhundredths\x5d\x0a6\x29 Change pan \x5btrack\x5d \x5bhundredths\x5d\x0a7\x29 Combine\x2fsplit \x5btrack\x5d \x5b?track\x5d\x0a8\x29 Effects...\x0a9\x29 Quit\x0a</data></match></read>
    <!-- List tracks -->
    <write><data>4\x0a</data></write>
    <read><delim>\x0a</delim><match><data>0\x29 mono samples\x3d2749\x0a</data></match></read>
    <read><delim>Quit\x0a</delim><match><data>1\x29 New track...\x0a2\x29 Import track\x0a3\x29 Export...\x0a4\x29 List tracks\x0a5\x29 Change gain \x5btrack\x5d \x5bhundredths\x5d\x0a6\x29 Change pan \x5btrack\x5d \x5bhundredths\x5d\x0a7\x29 Combine\x2fsplit \x5btrack\x5d \x5b?track\x5d\x0a8\x29 Effects...\x0a9\x29 Quit\x0a</data></match></read>
    <write><data>6 0 81\x0a</data></write>
    <read><delim>Quit\x0a</delim><match><data>1\x29 New track...\x0a2\x29 Import track\x0a3\x29 Export...\x0a4\x29 List tracks\x0a5\x29 Change gain \x5btrack\x5d \x5bhundredths\x5d\x0a6\x29 Change pan \x5btrack\x5d \x5bhundredths\x5d\x0a7\x29 Combine\x2fsplit \x5btrack\x5d \x5b?track\x5d\x0a8\x29 Effects...\x0a9\x29 Quit\x0a</data></match></read>
    <write><data>5 0 \x2d85\x0a</data></write>
    <read><delim>Quit\x0a</delim><match><data>1\x29 New track...\x0a2\x29 Import track\x0a3\x29 Export...\x0a4\x29 List tracks\x0a5\x29 Change gain \x5btrack\x5d \x5bhundredths\x5d\x0a6\x29 Change pan \x5btrack\x5d \x5bhundredths\x5d\x0a7\x29 Combine\x2fsplit \x5btrack\x5d \x5b?track\x5d\x0a8\x29 Effects...\x0a9\x29 Quit\x0a</data></match></read>
    <!-- List tracks -->
    <write><data>4\x0a</data></write>
    <read><delim>\x0a</delim><match><data>0\x29 mono samples\x3d2749\x0a</data></match></read>
    <read><delim>Quit\x0a</delim><match><data>1\x29 New track...\x0a2\x29 Import track\x0a3\x29 Export...\x0a4\x29 List tracks\x0a5\x29 Change gain \x5btrack\x5d \x5bhundredths\x5d\x0a6\x29 Change pan \x5btrack\x5d \x5bhundredths\x5d\x0a7\x29 Combine\x2fsplit \x5btrack\x5d \x5b?track\x5d\x0a8\x29 Effects...\x0a9\x29 Quit\x0a</data></match></read>
    <write><data>1\x0a</data></write>
    <read><delim>Cancel\x0a</delim><match><data>1\x29 Silence \x5bnumber of samples\x5d\x0a2\x29 Sine Wave \x5bnumber of samples\x5d \x5bHZ\x5d\x0a3\x29 Square Wave \x5bnumber of samples\x5d \x5bHZ\x5d\x0a4\x29 White Noise \x5bnumber of samples\x5d\x0a5\x29 Cancel\x0a</data></match></read>
    <!-- New square wave -->
    <write><data>3 2763 2175\x0a</data></write>
    <read><delim>Quit\x0a</delim><match><data>1\x29 New track...\x0a2\x29 Import track\x0a3\x29 Export...\x0a4\x29 List tracks\x0a5\x29 Change gain \x5btrack\x5d \x5bhundredths\x5d\x0a6\x29 Change pan \x5btrack\x5d \x5bhundredths\x5d\x0a7\x29 Combine\x2fsplit \x5btrack\x5d \x5b?track\x5d\x0a8\x29 Effects...\x0a9\x29 Quit\x0a</data></match></read>
    <write><data>6 1 1\x0a</data></write>
    <read><delim>Quit\x0a</delim><match><data>1\x29 New track...\x0a2\x29 Import track\x0a3\x29 Export...\x0a4\x29 List tracks\x0a5\x29 Change gain \x5btrack\x5d \x5bhundredths\x5d\x0a6\x29 Change pan \x5btrack\x5d \x5bhundredths\x5d\x0a7\x29 Combine\x2fsplit \x5btrack\x5d \x5b?track\x5d\x0a8\x29 Effects...\x0a9\x29 Quit\x0a</data></match></read>
    <!-- Combine -->
    <write><data>7 0 1\x0a</data></write>
    <read><delim>Quit\x0a</delim><match><data>1\x29 New track...\x0a2\x29 Import track\x0a3\x29 Export...\x0a4\x29 List tracks\x0a5\x29 Change gain \x5btrack\x5d \x5bhundredths\x5d\x0a6\x29 Change pan \x5btrack\x5d \x5bhundredths\x5d\x0a7\x29 Combine\x2fsplit \x5btrack\x5d \x5b?track\x5d\x0a8\x29 Effects...\x0a9\x29 Quit\x0a</data></match></read>
    <write><data>6 0 \x2d89\x0a</data></write>
    <read><delim>Quit\x0a</delim><match><data>1\x29 New track...\x0a2\x29 Import track\x0a3\x29 Export...\x0a4\x29 List tracks\x0a5\x29 Change gain \x5btrack\x5d \x5bhundredths\x5d\x0a6\x29 Change pan \x5btrack\x5d \x5bhundredths\x5d\x0a7\x29 Combine\x2fsplit \x5btrack\x5d \x5b?track\x5d\x0a8\x29 Effects...\x0a9\x29 Quit\x0a</data></match></read>
    <write><data>5 0 64\x0a</data></write>
    <read><delim>Quit\x0a</delim><match><data>1\x29 New track...\x0a2\x29 Import track\x0a3\x29 Export...\x0a4\x29 List tracks\x0a5\x29 Change gain \x5btrack\x5d \x5bhundredths\x5d\x0a6\x29 Change pan \x5btrack\x5d \x5bhundredths\x5d\x0a7\x29 Combine\x2fsplit \x5btrack\x5d \x5b?track\x5d\x0a8\x29 Effects...\x0a9\x29 Quit\x0a</data></match></read>
    <write><data>8\x0a</data></write>
    <read><delim>Cancel\x0a</delim><match><data>1\x29 Apply gain \x5btrack\x5d \x5bhundredths\x5d\x0a2\x29 Apply pan \x5btrack\x5d \x5bhundredths\x5d\x0a3\x29 Echo \x5btrack\x5d \x5bdelay in samples\x5d\x0a4\x29 Add silence \x5btrack\x5d \x5bnumber of samples\x5d\x0a5\x29 Cancel\x0a</data></match></read>
    <!-- Gain FX -->
    <write><data>1 0 28\x0a</data></write>
    <read><delim>Quit\x0a</delim><match><data>1\x29 New track...\x0a2\x29 Import track\x0a3\x29 Export...\x0a4\x29 List tracks\x0a5\x29 Change gain \x5btrack\x5d \x5bhundredths\x5d\x0a6\x29 Change pan \x5btrack\x5d \x5bhundredths\x5d\x0a7\x29 Combine\x2fsplit \x5btrack\x5d \x5b?track\x5d\x0a8\x29 Effects...\x0a9\x29 Quit\x0a</data></match></read>
    <!-- List tracks -->
    <write><data>4\x0a</data></write>
    <read><delim>\x0a</delim><match><data>0\x29 stereo samples\x3d2763\x0a</data></match></read>
    <read><delim>Quit\x0a</delim><match><data>1\x29 New track...\x0a2\x29 Import track\x0a3\x29 Export...\x0a4\x29 List tracks\x0a5\x29 Change gain \x5btrack\x5d \x5bhundredths\x5d\x0a6\x29 Change pan \x5btrack\x5d \x5bhundredths\x5d\x0a7\x29 Combine\x2fsplit \x5btrack\x5d \x5b?track\x5d\x0a8\x29 Effects...\x0a9\x29 Quit\x0a</data></match></read>
    <!-- List tracks -->
    <write><data>4\x0a</data></write>
    <read><delim>\x0a</delim><match><data>0\x29 stereo samples\x3d2763\x0a</data></match></read>
    <read><delim>Quit\x0a</delim><match><data>1\x29 New track...\x0a2\x29 Import track\x0a3\x29 Export...\x0a4\x29 List tracks\x0a5\x29 Change gain \x5btrack\x5d \x5bhundredths\x5d\x0a6\x29 Change pan \x5btrack\x5d \x5bhundredths\x5d\x0a7\x29 Combine\x2fsplit \x5btrack\x5d \x5b?track\x5d\x0a8\x29 Effects...\x0a9\x29 Quit\x0a</data></match></read>
    <!-- List tracks -->
    <write><data>4\x0a</data></write>
    <read><delim>\x0a</delim><match><data>0\x29 stereo samples\x3d2763\x0a</data></match></read>
    <read><delim>Quit\x0a</delim><match><data>1\x29 New track...\x0a2\x29 Import track\x0a3\x29 Export...\x0a4\x29 List tracks\x0a5\x29 Change gain \x5btrack\x5d \x5bhundredths\x5d\x0a6\x29 Change pan \x5btrack\x5d \x5bhundredths\x5d\x0a7\x29 Combine\x2fsplit \x5btrack\x5d \x5b?track\x5d\x0a8\x29 Effects...\x0a9\x29 Quit\x0a</data></match></read>
    <write><data>8\x0a</data></write>
    <read><delim>Cancel\x0a</delim><match><data>1\x29 Apply gain \x5btrack\x5d \x5bhundredths\x5d\x0a2\x29 Apply pan \x5btrack\x5d \x5bhundredths\x5d\x0a3\x29 Echo \x5btrack\x5d \x5bdelay in samples\x5d\x0a4\x29 Add silence \x5btrack\x5d \x5bnumber of samples\x5d\x0a5\x29 Cancel\x0a</data></match></read>
    <!-- Gain FX -->
    <write><data>1 0 \x2d80\x0a</data></write>
    <read><delim>Quit\x0a</delim><match><data>1\x29 New track...\x0a2\x29 Import track\x0a3\x29 Export...\x0a4\x29 List tracks\x0a5\x29 Change gain \x5btrack\x5d \x5bhundredths\x5d\x0a6\x29 Change pan \x5btrack\x5d \x5bhundredths\x5d\x0a7\x29 Combine\x2fsplit \x5btrack\x5d \x5b?track\x5d\x0a8\x29 Effects...\x0a9\x29 Quit\x0a</data></match></read>
    <!-- Split -->
    <write><data>7 0\x0a</data></write>
    <read><delim>Quit\x0a</delim><match><data>1\x29 New track...\x0a2\x29 Import track\x0a3\x29 Export...\x0a4\x29 List tracks\x0a5\x29 Change gain \x5btrack\x5d \x5bhundredths\x5d\x0a6\x29 Change pan \x5btrack\x5d \x5bhundredths\x5d\x0a7\x29 Combine\x2fsplit \x5btrack\x5d \x5b?track\x5d\x0a8\x29 Effects...\x0a9\x29 Quit\x0a</data></match></read>
    <write><data>8\x0a</data></write>
    <read><delim>Cancel\x0a</delim><match><data>1\x29 Apply gain \x5btrack\x5d \x5bhundredths\x5d\x0a2\x29 Apply pan \x5btrack\x5d \x5bhundredths\x5d\x0a3\x29 Echo \x5btrack\x5d \x5bdelay in samples\x5d\x0a4\x29 Add silence \x5btrack\x5d \x5bnumber of samples\x5d\x0a5\x29 Cancel\x0a</data></match></read>
    <!-- Echo FX -->
    <write><data>3 0 1916\x0a</data></write>
    <read><delim>Quit\x0a</delim><match><data>1\x29 New track...\x0a2\x29 Import track\x0a3\x29 Export...\x0a4\x29 List tracks\x0a5\x29 Change gain \x5btrack\x5d \x5bhundredths\x5d\x0a6\x29 Change pan \x5btrack\x5d \x5bhundredths\x5d\x0a7\x29 Combine\x2fsplit \x5btrack\x5d \x5b?track\x5d\x0a8\x29 Effects...\x0a9\x29 Quit\x0a</data></match></read>
    <!-- Combine -->
    <write><data>7 0 2\x0a</data></write>
    <read><delim>Quit\x0a</delim><match><data>1\x29 New track...\x0a2\x29 Import track\x0a3\x29 Export...\x0a4\x29 List tracks\x0a5\x29 Change gain \x5btrack\x5d \x5bhundredths\x5d\x0a6\x29 Change pan \x5btrack\x5d \x5bhundredths\x5d\x0a7\x29 Combine\x2fsplit \x5btrack\x5d \x5b?track\x5d\x0a8\x29 Effects...\x0a9\x29 Quit\x0a</data></match></read>
    <!-- List tracks -->
    <write><data>4\x0a</data></write>
    <read><delim>\x0a</delim><match><data>0\x29 stereo samples\x3d2763\x0a</data></match></read>
    <read><delim>Quit\x0a</delim><match><data>1\x29 New track...\x0a2\x29 Import track\x0a3\x29 Export...\x0a4\x29 List tracks\x0a5\x29 Change gain \x5btrack\x5d \x5bhundredths\x5d\x0a6\x29 Change pan \x5btrack\x5d \x5bhundredths\x5d\x0a7\x29 Combine\x2fsplit \x5btrack\x5d \x5b?track\x5d\x0a8\x29 Effects...\x0a9\x29 Quit\x0a</data></match></read>
    <!-- List tracks -->
    <write><data>4\x0a</data></write>
    <read><delim>\x0a</delim><match><data>0\x29 stereo samples\x3d2763\x0a</data></match></read>
    <read><delim>Quit\x0a</delim><match><data>1\x29 New track...\x0a2\x29 Import track\x0a3\x29 Export...\x0a4\x29 List tracks\x0a5\x29 Change gain \x5btrack\x5d \x5bhundredths\x5d\x0a6\x29 Change pan \x5btrack\x5d \x5bhundredths\x5d\x0a7\x29 Combine\x2fsplit \x5btrack\x5d \x5b?track\x5d\x0a8\x29 Effects...\x0a9\x29 Quit\x0a</data></match></read>
    <write><data>1\x0a</data></write>
    <read><delim>Cancel\x0a</delim><match><data>1\x29 Silence \x5bnumber of samples\x5d\x0a2\x29 Sine Wave \x5bnumber of samples\x5d \x5bHZ\x5d\x0a3\x29 Square Wave \x5bnumber of samples\x5d \x5bHZ\x5d\x0a4\x29 White Noise \x5bnumber of samples\x5d\x0a5\x29 Cancel\x0a</data></match></read>
    <!-- New square wave -->
    <write><data>3 1722 2062\x0a</data></write>
    <read><delim>Quit\x0a</delim><match><data>1\x29 New track...\x0a2\x29 Import track\x0a3\x29 Export...\x0a4\x29 List tracks\x0a5\x29 Change gain \x5btrack\x5d \x5bhundredths\x5d\x0a6\x29 Change pan \x5btrack\x5d \x5bhundredths\x5d\x0a7\x29 Combine\x2fsplit \x5btrack\x5d \x5b?track\x5d\x0a8\x29 Effects...\x0a9\x29 Quit\x0a</data></match></read>
    <write><data>8\x0a</data></write>
    <read><delim>Cancel\x0a</delim><match><data>1\x29 Apply gain \x5btrack\x5d \x5bhundredths\x5d\x0a2\x29 Apply pan \x5btrack\x5d \x5bhundredths\x5d\x0a3\x29 Echo \x5btrack\x5d \x5bdelay in samples\x5d\x0a4\x29 Add silence \x5btrack\x5d \x5bnumber of samples\x5d\x0a5\x29 Cancel\x0a</data></match></read>
    <!-- Gain FX -->
    <write><data>1 3 \x2d98\x0a</data></write>
    <read><delim>Quit\x0a</delim><match><data>1\x29 New track...\x0a2\x29 Import track\x0a3\x29 Export...\x0a4\x29 List tracks\x0a5\x29 Change gain \x5btrack\x5d \x5bhundredths\x5d\x0a6\x29 Change pan \x5btrack\x5d \x5bhundredths\x5d\x0a7\x29 Combine\x2fsplit \x5btrack\x5d \x5b?track\x5d\x0a8\x29 Effects...\x0a9\x29 Quit\x0a</data></match></read>
    <!-- Split -->
    <write><data>7 0\x0a</data></write>
    <read><delim>Quit\x0a</delim><match><data>1\x29 New track...\x0a2\x29 Import track\x0a3\x29 Export...\x0a4\x29 List tracks\x0a5\x29 Change gain \x5btrack\x5d \x5bhundredths\x5d\x0a6\x29 Change pan \x5btrack\x5d \x5bhundredths\x5d\x0a7\x29 Combine\x2fsplit \x5btrack\x5d \x5b?track\x5d\x0a8\x29 Effects...\x0a9\x29 Quit\x0a</data></match></read>
    <write><data>6 4 66\x0a</data></write>
    <read><delim>Quit\x0a</delim><match><data>1\x29 New track...\x0a2\x29 Import track\x0a3\x29 Export...\x0a4\x29 List tracks\x0a5\x29 Change gain \x5btrack\x5d \x5bhundredths\x5d\x0a6\x29 Change pan \x5btrack\x5d \x5bhundredths\x5d\x0a7\x29 Combine\x2fsplit \x5btrack\x5d \x5b?track\x5d\x0a8\x29 Effects...\x0a9\x29 Quit\x0a</data></match></read>
    <write><data>6 4 0\x0a</data></write>
    <read><delim>Quit\x0a</delim><match><data>1\x29 New track...\x0a2\x29 Import track\x0a3\x29 Export...\x0a4\x29 List tracks\x0a5\x29 Change gain \x5btrack\x5d \x5bhundredths\x5d\x0a6\x29 Change pan \x5btrack\x5d \x5bhundredths\x5d\x0a7\x29 Combine\x2fsplit \x5btrack\x5d \x5b?track\x5d\x0a8\x29 Effects...\x0a9\x29 Quit\x0a</data></match></read>
    <!-- Combine -->
    <write><data>7 4 0\x0a</data></write>
    <read><delim>Quit\x0a</delim><match><data>1\x29 New track...\x0a2\x29 Import track\x0a3\x29 Export...\x0a4\x29 List tracks\x0a5\x29 Change gain \x5btrack\x5d \x5bhundredths\x5d\x0a6\x29 Change pan \x5btrack\x5d \x5bhundredths\x5d\x0a7\x29 Combine\x2fsplit \x5btrack\x5d \x5b?track\x5d\x0a8\x29 Effects...\x0a9\x29 Quit\x0a</data></match></read>
    <!-- Split -->
    <write><data>7 4\x0a</data></write>
    <read><delim>Quit\x0a</delim><match><data>1\x29 New track...\x0a2\x29 Import track\x0a3\x29 Export...\x0a4\x29 List tracks\x0a5\x29 Change gain \x5btrack\x5d \x5bhundredths\x5d\x0a6\x29 Change pan \x5btrack\x5d \x5bhundredths\x5d\x0a7\x29 Combine\x2fsplit \x5btrack\x5d \x5b?track\x5d\x0a8\x29 Effects...\x0a9\x29 Quit\x0a</data></match></read>
    <!-- Combine -->
    <write><data>7 5 4\x0a</data></write>
    <read><delim>Quit\x0a</delim><match><data>1\x29 New track...\x0a2\x29 Import track\x0a3\x29 Export...\x0a4\x29 List tracks\x0a5\x29 Change gain \x5btrack\x5d \x5bhundredths\x5d\x0a6\x29 Change pan \x5btrack\x5d \x5bhundredths\x5d\x0a7\x29 Combine\x2fsplit \x5btrack\x5d \x5b?track\x5d\x0a8\x29 Effects...\x0a9\x29 Quit\x0a</data></match></read>
    <write><data>1\x0a</data></write>
    <read><delim>Cancel\x0a</delim><match><data>1\x29 Silence \x5bnumber of samples\x5d\x0a2\x29 Sine Wave \x5bnumber of samples\x5d \x5bHZ\x5d\x0a3\x29 Square Wave \x5bnumber of samples\x5d \x5bHZ\x5d\x0a4\x29 White Noise \x5bnumber of samples\x5d\x0a5\x29 Cancel\x0a</data></match></read>
    <!-- New noise -->
    <write><data>4 1290\x0a</data></write>
    <read><delim>Quit\x0a</delim><match><data>1\x29 New track...\x0a2\x29 Import track\x0a3\x29 Export...\x0a4\x29 List tracks\x0a5\x29 Change gain \x5btrack\x5d \x5bhundredths\x5d\x0a6\x29 Change pan \x5btrack\x5d \x5bhundredths\x5d\x0a7\x29 Combine\x2fsplit \x5btrack\x5d \x5b?track\x5d\x0a8\x29 Effects...\x0a9\x29 Quit\x0a</data></match></read>
    <write><data>6 6 6\x0a</data></write>
    <read><delim>Quit\x0a</delim><match><data>1\x29 New track...\x0a2\x29 Import track\x0a3\x29 Export...\x0a4\x29 List tracks\x0a5\x29 Change gain \x5btrack\x5d \x5bhundredths\x5d\x0a6\x29 Change pan \x5btrack\x5d \x5bhundredths\x5d\x0a7\x29 Combine\x2fsplit \x5btrack\x5d \x5b?track\x5d\x0a8\x29 Effects...\x0a9\x29 Quit\x0a</data></match></read>
    <write><data>8\x0a</data></write>
    <read><delim>Cancel\x0a</delim><match><data>1\x29 Apply gain \x5btrack\x5d \x5bhundredths\x5d\x0a2\x29 Apply pan \x5btrack\x5d \x5bhundredths\x5d\x0a3\x29 Echo \x5btrack\x5d \x5bdelay in samples\x5d\x0a4\x29 Add silence \x5btrack\x5d \x5bnumber of samples\x5d\x0a5\x29 Cancel\x0a</data></match></read>
    <!-- Gain FX -->
    <write><data>1 6 \x2d74\x0a</data></write>
    <read><delim>Quit\x0a</delim><match><data>1\x29 New track...\x0a2\x29 Import track\x0a3\x29 Export...\x0a4\x29 List tracks\x0a5\x29 Change gain \x5btrack\x5d \x5bhundredths\x5d\x0a6\x29 Change pan \x5btrack\x5d \x5bhundredths\x5d\x0a7\x29 Combine\x2fsplit \x5btrack\x5d \x5b?track\x5d\x0a8\x29 Effects...\x0a9\x29 Quit\x0a</data></match></read>
    <write><data>1\x0a</data></write>
    <read><delim>Cancel\x0a</delim><match><data>1\x29 Silence \x5bnumber of samples\x5d\x0a2\x29 Sine Wave \x5bnumber of samples\x5d \x5bHZ\x5d\x0a3\x29 Square Wave \x5bnumber of samples\x5d \x5bHZ\x5d\x0a4\x29 White Noise \x5bnumber of samples\x5d\x0a5\x29 Cancel\x0a</data></match></read>
    <!-- New noise -->
    <write><data>4 2528\x0a</data></write>
    <read><delim>Quit\x0a</delim><match><data>1\x29 New track...\x0a2\x29 Import track\x0a3\x29 Export...\x0a4\x29 List tracks\x0a5\x29 Change gain \x5btrack\x5d \x5bhundredths\x5d\x0a6\x29 Change pan \x5btrack\x5d \x5bhundredths\x5d\x0a7\x29 Combine\x2fsplit \x5btrack\x5d \x5b?track\x5d\x0a8\x29 Effects...\x0a9\x29 Quit\x0a</data></match></read>
    <write><data>6 6 29\x0a</data></write>
    <read><delim>Quit\x0a</delim><match><data>1\x29 New track...\x0a2\x29 Import track\x0a3\x29 Export...\x0a4\x29 List tracks\x0a5\x29 Change gain \x5btrack\x5d \x5bhundredths\x5d\x0a6\x29 Change pan \x5btrack\x5d \x5bhundredths\x5d\x0a7\x29 Combine\x2fsplit \x5btrack\x5d \x5b?track\x5d\x0a8\x29 Effects...\x0a9\x29 Quit\x0a</data></match></read>
    <write><data>5 5 \x2d61\x0a</data></write>
    <read><delim>Quit\x0a</delim><match><data>1\x29 New track...\x0a2\x29 Import track\x0a3\x29 Export...\x0a4\x29 List tracks\x0a5\x29 Change gain \x5btrack\x5d \x5bhundredths\x5d\x0a6\x29 Change pan \x5btrack\x5d \x5bhundredths\x5d\x0a7\x29 Combine\x2fsplit \x5btrack\x5d \x5b?track\x5d\x0a8\x29 Effects...\x0a9\x29 Quit\x0a</data></match></read>
    <write><data>6 5 \x2d71\x0a</data></write>
    <read><delim>Quit\x0a</delim><match><data>1\x29 New track...\x0a2\x29 Import track\x0a3\x29 Export...\x0a4\x29 List tracks\x0a5\x29 Change gain \x5btrack\x5d \x5bhundredths\x5d\x0a6\x29 Change pan \x5btrack\x5d \x5bhundredths\x5d\x0a7\x29 Combine\x2fsplit \x5btrack\x5d \x5b?track\x5d\x0a8\x29 Effects...\x0a9\x29 Quit\x0a</data></match></read>
    <!-- List tracks -->
    <write><data>4\x0a</data></write>
    <read><delim>\x0a</delim><match><data>3\x29 mono samples\x3d1722\x0a</data></match></read>
    <read><delim>\x0a</delim><match><data>5\x29 stereo samples\x3d2763\x0a</data></match></read>
    <read><delim>\x0a</delim><match><data>6\x29 mono samples\x3d1290\x0a</data></match></read>
    <read><delim>\x0a</delim><match><data>7\x29 mono samples\x3d2528\x0a</data></match></read>
    <read><delim>Quit\x0a</delim><match><data>1\x29 New track...\x0a2\x29 Import track\x0a3\x29 Export...\x0a4\x29 List tracks\x0a5\x29 Change gain \x5btrack\x5d \x5bhundredths\x5d\x0a6\x29 Change pan \x5btrack\x5d \x5bhundredths\x5d\x0a7\x29 Combine\x2fsplit \x5btrack\x5d \x5b?track\x5d\x0a8\x29 Effects...\x0a9\x29 Quit\x0a</data></match></read>
    <write><data>8\x0a</data></write>
    <read><delim>Cancel\x0a</delim><match><data>1\x29 Apply gain \x5btrack\x5d \x5bhundredths\x5d\x0a2\x29 Apply pan \x5btrack\x5d \x5bhundredths\x5d\x0a3\x29 Echo \x5btrack\x5d \x5bdelay in samples\x5d\x0a4\x29 Add silence \x5btrack\x5d \x5bnumber of samples\x5d\x0a5\x29 Cancel\x0a</data></match></read>
    <!-- Gain FX -->
    <write><data>1 3 46\x0a</data></write>
    <read><delim>Quit\x0a</delim><match><data>1\x29 New track...\x0a2\x29 Import track\x0a3\x29 Export...\x0a4\x29 List tracks\x0a5\x29 Change gain \x5btrack\x5d \x5bhundredths\x5d\x0a6\x29 Change pan \x5btrack\x5d \x5bhundredths\x5d\x0a7\x29 Combine\x2fsplit \x5btrack\x5d \x5b?track\x5d\x0a8\x29 Effects...\x0a9\x29 Quit\x0a</data></match></read>
    <!-- Split -->
    <write><data>7 5\x0a</data></write>
    <read><delim>Quit\x0a</delim><match><data>1\x29 New track...\x0a2\x29 Import track\x0a3\x29 Export...\x0a4\x29 List tracks\x0a5\x29 Change gain \x5btrack\x5d \x5bhundredths\x5d\x0a6\x29 Change pan \x5btrack\x5d \x5bhundredths\x5d\x0a7\x29 Combine\x2fsplit \x5btrack\x5d \x5b?track\x5d\x0a8\x29 Effects...\x0a9\x29 Quit\x0a</data></match></read>
    <write><data>8\x0a</data></write>
    <read><delim>Cancel\x0a</delim><match><data>1\x29 Apply gain \x5btrack\x5d \x5bhundredths\x5d\x0a2\x29 Apply pan \x5btrack\x5d \x5bhundredths\x5d\x0a3\x29 Echo \x5btrack\x5d \x5bdelay in samples\x5d\x0a4\x29 Add silence \x5btrack\x5d \x5bnumber of samples\x5d\x0a5\x29 Cancel\x0a</data></match></read>
    <!-- Pan FX -->
    <write><data>2 7 \x2d77\x0a</data></write>
    <read><delim>Quit\x0a</delim><match><data>1\x29 New track...\x0a2\x29 Import track\x0a3\x29 Export...\x0a4\x29 List tracks\x0a5\x29 Change gain \x5btrack\x5d \x5bhundredths\x5d\x0a6\x29 Change pan \x5btrack\x5d \x5bhundredths\x5d\x0a7\x29 Combine\x2fsplit \x5btrack\x5d \x5b?track\x5d\x0a8\x29 Effects...\x0a9\x29 Quit\x0a</data></match></read>
    <write><data>5 3 76\x0a</data></write>
    <read><delim>Quit\x0a</delim><match><data>1\x29 New track...\x0a2\x29 Import track\x0a3\x29 Export...\x0a4\x29 List tracks\x0a5\x29 Change gain \x5btrack\x5d \x5bhundredths\x5d\x0a6\x29 Change pan \x5btrack\x5d \x5bhundredths\x5d\x0a7\x29 Combine\x2fsplit \x5btrack\x5d \x5b?track\x5d\x0a8\x29 Effects...\x0a9\x29 Quit\x0a</data></match></read>
    <write><data>1\x0a</data></write>
    <read><delim>Cancel\x0a</delim><match><data>1\x29 Silence \x5bnumber of samples\x5d\x0a2\x29 Sine Wave \x5bnumber of samples\x5d \x5bHZ\x5d\x0a3\x29 Square Wave \x5bnumber of samples\x5d \x5bHZ\x5d\x0a4\x29 White Noise \x5bnumber of samples\x5d\x0a5\x29 Cancel\x0a</data></match></read>
    <!-- New noise -->
    <write><data>4 3875\x0a</data></write>
    <read><delim>Quit\x0a</delim><match><data>1\x29 New track...\x0a2\x29 Import track\x0a3\x29 Export...\x0a4\x29 List tracks\x0a5\x29 Change gain \x5btrack\x5d \x5bhundredths\x5d\x0a6\x29 Change pan \x5btrack\x5d \x5bhundredths\x5d\x0a7\x29 Combine\x2fsplit \x5btrack\x5d \x5b?track\x5d\x0a8\x29 Effects...\x0a9\x29 Quit\x0a</data></match></read>
    <write><data>8\x0a</data></write>
    <read><delim>Cancel\x0a</delim><match><data>1\x29 Apply gain \x5btrack\x5d \x5bhundredths\x5d\x0a2\x29 Apply pan \x5btrack\x5d \x5bhundredths\x5d\x0a3\x29 Echo \x5btrack\x5d \x5bdelay in samples\x5d\x0a4\x29 Add silence \x5btrack\x5d \x5bnumber of samples\x5d\x0a5\x29 Cancel\x0a</data></match></read>
    <!-- Gain FX -->
    <write><data>1 3 \x2d51\x0a</data></write>
    <read><delim>Quit\x0a</delim><match><data>1\x29 New track...\x0a2\x29 Import track\x0a3\x29 Export...\x0a4\x29 List tracks\x0a5\x29 Change gain \x5btrack\x5d \x5bhundredths\x5d\x0a6\x29 Change pan \x5btrack\x5d \x5bhundredths\x5d\x0a7\x29 Combine\x2fsplit \x5btrack\x5d \x5b?track\x5d\x0a8\x29 Effects...\x0a9\x29 Quit\x0a</data></match></read>
    <write><data>3\x0a</data></write>
    <read><delim>Cancel\x0a</delim><match><data>1\x29 Uncompressed 32\x2dbit signed\x0a2\x29 Compressed 4\x2dbit\x0a3\x29 Compressed 8\x2dbit\x0a4\x29 Cancel\x0a</data></match></read>
    <!-- Export 8 -->
    <write><data>3\x0a</data></write>
    <read><length>4</length><match><data>\x5e\x1e\x00\x00</data></match></read>
    <read><length>7774</length><match><data>dua.\x18\x00\x00\x00\x23\x0f\x00\x00\x02\x00\x00\x00\x40\x1f\x00\x00\x02\x00\x00\x00\x00\x03!.\x0e\x18\x274\x00\x06\x0a\x0d\x13\x16\x29\x2d\x26\xaa\x8c\x8c\x82\x80\x80\x80\xba\x96\x86\x86\x80\x80\x85\x81\x00\x00\x10\x1c\x08\x08\x0d\x0c\x00\x00\x18\x12\x16\x10\x95\x95\x8b\x87\x80\x80\x80\x80\x87\x87.\xac\x8e\x8f\x94\x90\x8c\x8c\x00\x00\x09\x09\x0f\x12\x0a\x0d\x00\x00\x9f\xab\xa8\xa5\x80\x80\xa4\x9d\x84\x84\x80\x80\x80\x80\x98\x90\x97\x9d\x8a\x87\x04\x05\x00\x00\x1f\x1c\x29\x27\x1e\x1c\x02\x06\xce\xb9\x8c\x8b\x85\x87\x99\x8b\x80\x80\x80\x80\x8e\x90\x1c\x29\x8e\x8d\x82\x83\x13\x0d\x00\x00\x16\x1a \x1e\xbb\xbe\x2cB.8\x80\x80\x80\x80\xe5\xaf\x88\x88\x95\x98\x88\x8b\x17\x2a\xd9\xc2\x0f\x14\x1e\x28\x00\x00\xa4\xa3\x91\x8f\x97\x8f\x0f \x95\x92\x80\x80\x80\x80\x9d\x8f\x8f\x8f\x96\x99\x85\x88\x18\x27\x8d\x8b\x03\x01\x0b\x0a\x18\x29\xcf\xd9\xc7\xd1\x95\x9a\x0d\x14\x84\x84\x80\x80\xa3\xb5\x257\xac\xb6\x9b\xa6\xa3\xad\x2di\x08\x0a\x13\x12\x9a\xa5\x06\x12\xa1\xaa\xc9\xc3\x93\x96\x0b\x18\x8f\x92\xb4\xd2\x8f\x92\x0f\x1a\xab\xaf\x91\x95\x94\x8e\x2a\xaf\x09\x06\x91\x8c\x93\x90\x05\x0c\x95\x8e\x96\xa0\x97\x97\x9d\x90\x9a\x9d\x97\x9e\x87\x86\x1d\x25\xe50\x90\x8f\xae\x9e\x00\x09\x9c\x9b\x8c\x88\xad\xa1\x1aC\x8f\x8d\xfd\x2aK\xcd\x10\x17\xce\xac\xa5\xb0\x86\x87\x06\x0f\x8b\x8b\xaa\xa5\x86\x84\x00\x08\x29\x23\xad\xae\xa0\x9a\x10 \x96\x9b\x1a\x17\xec\xc2\x16\x1d\xcbZ\x95\x96\x9d\xa4\x08\x12\xa0\xa0\x80\x80\xab\x7e\x1e\x5f\x9b\xa2\x97\x91\x93\x94\x0f\x1c\x02\x02\x14\x1c\x8e\x8a\x08\x0d\x97\x97W\xb7\x93\x9cu\xa7\x84\x84\x8b\x8a\x8e\x8f\x1e.\xc5\xb3\x8f\x93\xa6\x9f\x00\x00\x1c.\xa1\x9b\x9b\xa2L\x9e\xb8G\x8d\x97\x8a\x8a\x9f\x8e\x8a\x8a\x99\x99\xad\x9e\x0b\x18.3\x0d\x0e\x1b\x29\x00\x00\x06\x03\x8b\x92\x8a\x8a\x07\x10\x9f\x9f\x80\x80\x80\x80\x8f\x89\x86\x86\x9c\xa7\x99\x96\x00\x03\x0e\x0f\x10\x13 \x22\x00\x03\x09\x08\x8a\x8e\x91\x91\x09\x0b\x8c\x8c\x80\x80\x80\x80\x94\x88\x40\x5f\x8b\x8e\xe9i\x00\x00\x10\x1a\x1c\x26\x10\x11\x00\x02\x92\x8e\x99\x9c\x86\x88\x99\x8e\x8e\x8e\x80\x80\x80\x80\x9b\x8e\x9a\x9d\x8a\x8a\x0c\x0b\x00\x00\x12\x18\x0f\x14\x1b\x1d\x00\x00\xaa\xab\x80\x80\x80\x80\xbf\xa6\x82\x82\x80\x80\x80\x80\x0a\x19\x03\x00!7\x1b\x26\x00\x00\x07\x08\x0b\x07\x0f\x10\x0d\x10\x85\x85\x80\x80\x80\x80\xb5\x95\x88\x8a\x80\x80\x80\x80\x00\x06\x0c\x0d\x1c\x1a\x19\x1a\x00\x06\x02\x00\x5b\x3c\xa8\xaf\xa8\x9a\x8e\x8e\x80\x80\x84\x83\x90\x88\x88\x88\x83\x87\x09\x06\x00\x00\x0c\x0f\x23\x1al5\x00\x00\x19\x1f\xa7\xb0\x85\x87\x9a\x94\x86\x86\x80\x80\x80\x80\xe3\xaf\x8b\x8b\x89\x8b\x0e\x0d\x00\x00\x0a\x09\x0e\x0e4\x2c\x00\x05\x9d\x9e\xbbJ\x80\x80\x9a\x8b\x83\x86\x80\x80\x80\x80\x09\x0a\x9c\x96\x24\x2b\x2b!\x04\x0a\x08\x08\x13\x10\x0f\x14\x0b\x14\x1a\x15\x80\x80\x80\x84\x9a\x8c\x83\x80\x80\x80\x9f\xab\x15\x22\x9a\xa6\x1d\x1b\x13\x16\x00\x00\x0e\x0f\x8c\x8a\xcb\xcd\x00\x01\x9d\x9b\x83\x83\x80\x80\xa7\x9c\x8a\x8a\x8f\x8e\xa9\xb1\xe1\xa2\x04\x08!\x18\x15\x0d\x00\x00\x8f\x8e\xc6\xb1\x8c\x8b\x0f\x22\x82\x82\x80\x80\x80\x80\x0c\x11\x93\x93\x9b\x9e\x88\x8c\x2d\xa3\x08\x0d\x11\x11\x29\x27\x0d\x15\x27\x29\x95\x95\xac\xa5\x02\x06\x86\x86\x80\x80\x8c\x8b\x0c\x1a\x9f\x93\x98\x99\x8f\x91\x00\x00\x01\x00\xaa\xa3\x91\x8e\x10\x156\x2c\x8e\x97\x8f\x8d5\xce\x82\x82\x8f\x92\x95\x8e\x0a\x12\x93\x8d\x92\x98\x8f\x89\x00\x005\xcd\x93\x96\xb7\xbc\x0d\x1d\x9a\x9f\xa1\x9c\xa1\x99\x1c\x3c\x8c\x8c\x8b\x8c\x94\x9b\x12\x16\x8d\x8d\x9e\x9c\x93\x8f\x08\x12\xab\xbc\x92\x97n\x29\x0f! \x1f\xdc\x3e\x88\x8c\x03\x097.\x8d\x8d\x8c\x93\x19\x1c\xaa\xa8\x9f\xaf\xa2\xa8\x02\x06X\xaf\x86\x86\x8f\x98\x0c\x10\x9b\x98\x17\x0e\x97\x99\x07\x15\x90\x90\x96\x90\x94\x9d\x1b\x28\x82\x82\x80\x80\x8e\x8a\x1b2\x98\x94\x9f\xa7\xae\xa6\x0e\x17\x1e \xac\xb5\xa1\xbe\x0e\x16\xa0\xb5\x91\x8f\x81\x83\xcd\xa9\x82\x82\xac\xa1\x95\x91\x0a\x15\xaa\xbc\xac\xa7\x0b\x0f\x00\x00\x07\x06\x8c\x8f\x90\x92\x02\x08\xdd:\xbd\xae\x82\x80c\xa4\x8a\x8a\xac\xac\xc5\xbb\x00\x04\xb9\xb0\x1a\x1b\x05\x08\x00\x00U\x5b\x97\x91\x9a\x93\x0f\x2a\x8d\x8d\x80\x80\x80\x80\xd6\xa1\xbe\xba\xa0\x99\x8f\x92\x0b\x1c\x0b\x07\x04\x03\x10\x0c\x00\x00\x8e\x90\x88\x86\x93\x94\xa1\x8e\x8c\x8c\x87\x8b\x80\x80\x2c9\xa3\x96\xd1\x3d\x04\x07\x00\x00\x09\x0b\x14\x14\x27.\x10\x29\x9b\x9b\xa8\xab\x80\x80\xad\x98\x8d\x8c\x80\x80\x80\x80\x02\x09Y\xbd\x1b\x16\x1b\x1a\x00\x00\x11\x0d\x0f\x0fo2\x0f\x29\x8c\x8b\x82\x80\x80\x80\xae\x96\x8c\x8c\x80\x80\x80\x80\x04\x0c\x08\x07\x1c\x1f\x10\x14\x00\x00\x0e\x15\x08\x02\x83\x85\xbc\x95\x8c\x8c\x80\x80\x88\x89\x9b\x99\x80\x80\x80\x80\x8d\x92\x00\x00\x14\x0f\x1b\x15\x07\x07\x00\x01\x12\x0f\x13\x1e\x80\x80\x8d\x87\x86\x86\x80\x80\x85\x85\xa6\x8e\x88\x88\xaa\xa2\xb8\x40\x00\x00\x14\x1c\x1a\x1d\xbf\xbb\x00\x00\x0f\x12\x80\x80\x80\x80\xae\x97\x83\x83\x80\x80\x80\x80\x8e\x89\xa8\xa2\x17\x11\x0b\x09\x00\x00\x04\x02.\x28\x13\x1e\x04\x0d\x2d3\x85\x86\x80\x80\xa5\x8f\x86\x86\x83\x82\x80\x80\x0b\x0f\x24F\x19\x0e\x1d\x1b\x00\x00\x17\x12\x12\x18\xbb\xbb\x0a\x0d\x88\x88\x80\x80\x80\x80\x8f\x85\x84\x84\x99\x9b\x8e\x8d\x04\x0a\x0c\x0f\x1e\x2b\x15\x13\x00\x00\x0d\x09D\xc3\xaa\xa7\x06\x08\x86\x86\x82\x84\x84\x80\x26W\x94\x94\x95\x99\xc9\xa3\x10\x16\x0f\x154\xbd\x14\x1a\x08\x0b\x8a\x8b\x91\x8c\x93\x96\x0d\x1a\x83\x83\x82\x87\x8b\x8a\x07\x11\x96\x96\x9f\x9a\x9b\x98\x00\x00\x01\x04\x0c\x0e\xa5\xb7\x0e\x2b\x8c\x8a\xb7\xbf\x98\x92\x99\x95\x84\x84\x80\x80\x85\x87\x10\x15\x8e\x8e\x9f\x9f\xed\xb7\x00\x00\x00\x00:\xbf\x9a\x9c\x1c.\xa4\xa9N5z\x3c\x3d\xa7\xd2\xbe\x8c\x8c\x98\x9b\x05\x0f\xdc\xb9\x91\x95\x0b\x0c\x01\x05\x2d\x40\x8e\x89\xa0\xa1\x0e\x13\x98\x8f\x88\x88\x80\x80\x1e?\xa6\x9c\x8d\x93\x97\x98\x14\x1f\xac\xa4\x8e\x8dLc\x0d\x19\xa3\x9d\x8e\x8b\xa2\xa8\x00\x04\xa3\xb4\x9b\x91\xa1\xab\x06\x0d\xb6\xac\x8a\x8d\x95\x98\x00\x0a\x92\x90\x9c\x9f\x95\x9a\x0b\x18\x9f\xa1\x2f\x3d\xc3\x5e\x12\x29\x04\x08\x90\x8d\xa3\x9d\x25\xf8\x98\x98\x87\x87\x9c\xad\x15\x3c\x80\x80\xb0\xaa\xb0\xcc\x05\x07\xf8\xe0i\xf6\x99\x95\x00\x00\x19\x1c\x9b\x9a\x8d\x8f\x0c\x12\x8d\x92\x8b\x8b\x80\x80\xa7\x95\xaa\x9f\x97\x96\x9d\x99\x03\x08\xbb\xc3\x95\x99\x0f\x0e\x00\x00\x3e?\xf7H\xac\xcf\x10\x15\xa7\xa7\x80\x80\x80\x80\xa9\x99\xac\xa4\x99\x95\x8d\x8d\x0f\x26\x95\x9c\x0e\x12\x05\x01\x00\x00\x93\x95\x9c\xa4\x88\x8b\x0f\x1e\x8a\x8a\x80\x80\x80\x80\x08\x0fW\xaf\x8c\x8e\x9a\x99\x00\x02\x0d\x11\x0d\x0a\x0d\x0a\x1bG\xb9\xae\x9d\x9a\xa1\x95\x98\x8d\x80\x80\x80\x80\x80\x80\x17\xdc.A\x8d\x8d\x11\x14\x00\x05\x01\x00\x0d\x0f\x08\x09\x2a2\xaa\xc3\x80\x80\x80\x80\xab\x92\x8d\x8f\x80\x80\xa4\xbc\x09\x0f\x90\x94\x25\x17\x18\x1e\x00\x04\x15\x17\x0c\x0d\x97\x96\x228\x88\x88\x80\x80\x80\x80\x96\x8b\x8a\x8a\x80\x80\xbaT\x00\x00\x0a\x07\x0b\x0f\x06\x07\x00\x08\x0d\x0f\x12\x16\x89\x89\xa7\x91\x8e\x8e\x80\x80\x80\x80\xbf\x9d\x86\x86\x82\x80\x0a\x09\x00\x00\x17\x1f\x09\x08\x0b\x0a\x00\x06\x0f\x0f\x80\x80\x80\x80\x8f\x88\x8e\x8e\x80\x84\x80\x80\xb3\x9b\x8e\x8e\x11\x12\x0e\x0c\x00\x00\x05\x08\x13\x17\x12\x1a\x00\x00\x93\x91\x80\x80\x80\x80\x96\x8c\x8c\x8c\x82\x82\x80\x80\x99\x95:\x7d\x1f\x1e\x24\x2f\x00\x00\x07\x08\x0e\x11\x15\x16\x13\x2c\x86\x86\x80\x80\x80\x80\xba\xa2\x80\x80\x83\x82\x9c\xa90A\x09\x08\x08\x078G\x00\x00\x0e\x09\x0e\x16\x8d\x95\x16\x1a\x86\x86\x80\x80\x85\x86\xb5\x9b\x84\x84\xab\xa6\x99\x9d\x06\x16\x13\x18\x08\x041.\x00\x00\x1e\x18\x94\x9c\x9b\x9c\x9e\x94\x90\x8c\x80\x80\x80\x80\x8d\x8b\x9f\x9c\x96\x94\x89\x87\x00\x00\x0b\x0d\x15\x146\x1d\x14\x27\x9f\xa7\x8d\x8d\x8e\x93\xa7\x9f\x83\x83\x80\x80?6\x06\x0c\x8f\x8e\x91\x92\x99\x97\x00\x00\x0d\x10VO\x88\x88\x0d\x16\x9c\xab\xab\xa7\x80\x80\x8e\x84\x84\x84\x94\x96\x90\x8e\x07\x0f\x8d\x8e\x90\x96\x12\x11\x00\x003\xbf\x99\x9b\x95\x97\x09\x12\x9d\x9f\x8a\x8b\x80\x81\xa1\x95\xa7\x9f\x92\x8e\x8d\x8c\x0d\x18\xdf\xac\x89\x8a\x29V\x00\x04\x95\x95\xa9\xb0\xae\xbb\x0b\x0e?.\x80\x80\x80\x80\x09\x10\xa1\xa2\x8b\x8b\x94\x8e\x02\x08\x9e\xa4\x0f\x0f\x9c\xa8\x07\x16\x96\x90U\x3b\x8f\x8f\x00\x01\x17\x1e\x89\x8d\x90\x96\x1a\x28\x8f\x96\x93\x9d\x8a\x8c\x0b\x15\x96\x9c\x8d\x96\xb0\xc0\x11\x1a\x97\x90c\xc4\xa6\xa8\x08\x0f\xa7\xa7\x89\x8c\x8d\x90\x1a\x2b\x9a\x9b\x82\x88\x9f\x98\x92\x8c\xafI\x98\x99\xa6\x9a\x233\xb5\xc3\x8b\x8b\x9a\x9c\x00\x00\x94\x94\x8d\x91\x91\x97\x14\x1d\x9f\x97\x9f\xbd\x80\x80\xef\xa3\x23\x3b\xaa\xba51\x0d\x17\x98\x96\x0b\x0c\x1c\x1d\x00\x00\x94\x96\x97\x9e\x8c\x8a\x0f.\xa5\xa3\x80\x80\x80\x80\x0d\x18\xa9\xa4\xa3\xa1\xa1\x96\x0f\x24\x09\x0c\x1e\x17\x0d\x13\x1c\xbbf5\x88\x88\xcc\xaa\x9e\x95\x8a\x8a\x80\x80\x83\x88\x06\x11\x9c\x98\x9e\xbcu\xcd\x00\x00\x0d\x0b\x19\x1a\x06\x01\x12.\x8b\x8b\x86\x87\x86\x86Y\x9b\x80\x80\x80\x80V\x2f\x00\x04\x25\x1c\x90\x92\x09\x0c\x00\x00\x0f\x0e\x1d\x1f\x93\x96\x2b\xbb\x9c\x9b\x80\x80\x80\x81\x93\x8d\x83\x80\x80\x80\x9c\x9a\x0d\x1d\x14\x18\x0e\x0f\x40\xbd\x00\x00\x09\x0d\x27\x27\x94\x8d\x09\x0e\x86\x86\x80\x83\x80\x80\x94\x8e\x8a\x8a\x96\x94\x8e\x89\x00\x00\x07\x08.Y\x14\x10\x03\x0a\x11\x0e\x8c\x92\x80\x82\x3d\x9f\x8a\x8a\x84\x86\x80\x80\x94\x90\x84\x84\x8a\x87\x13\x10\x00\x00\x12\x0f \x1f\x1f \x00\x00\x08\x09\x80\x80\x80\x80\xbd\x99\x8e\x8e\x81\x81\x81\x80\xb1\xa1\x04\x05\x2f4\x09\x0c\x00\x00\x13\x15\x0d\x0d\x06\x02\x00\x00\x8a\x8a\x80\x80\x83\x80\xa1\x99\x82\x82\x87\x87\x80\x80\x04\x0d\x19\x1e\x2f.\x1c\x15\x00\x04\x05\x08\xc46\x92\x95\x00\x03\x8f\x8f\x81\x80\x80\x80\xae\x9a\x80\x80\x80\x83\x8b\x8c\x00\x00\x00\x00\x1d \x19\x17\x00\x00\x10\x10\x98\x96\x9f\x9b\x8c\x88\x86\x86\x80\x80\x80\x80\x8c\x85\x8a\x8a\x8b\x89\x9a\x90\x02\x08\x03\x04\x06\x02\x14\x0f\x00\x00\x93\x8f\x9a\x9b\x8e\x90\x7b\xa7\x93\x91\x80\x80\x80\x80\x09\x0f\xb5\xa6\xb8\xbeA\x22\x00\x00\x16\x10\x0b\x0a\x12\x0e\x11\x29\xcd\xad\x9b\xa9\x80\x80\x94\x86\x84\x84\x80\x80\x85\x87\x0f\x25\x9a\x9a\x92\x95\x09\x05\x00\x00\x1b\x18\x99\x99\x89\x89\x02\x09\x16\x22\x92\x91\x85\x87\x8d\x85\x86\x86\x8b\x8e\x8f\x93\x09\x14\x97\x99\x05\x03\x0b\x0c\x00\x00\x11\x11\x9f\x99\xb8\xcc\x0b\x13\xa6\x9f\x80\x80\x80\x80\x0d\x1d\x8d\x8e\x8c\x89\xa1\xaf\x01\x08\x94\x93\x12\x0f\x18\x19\x02\x06\xdf\xca\xa0\x9e\xca?\x0f\x1e\x2d4\x80\x80\x8b\x8e\x13\x1e\xb7\xc4\x90\x98\x8d\x8e\x0f\x14\xb4\xb0\x8c\x8f\xb5\xdc\x1dG\xc8\xbe\xa3\x9e\xa4\x99\x0b\x12\x8a\x8a\x96\x97\x8e\x8b\x0e\x18\xc1\xbf\x98\x9c\xa0\xa3\x28\xb5\x5e\xb5\x95\x91\x92\x8c\x08\x0c\xa8\x9e\x8f\x97\xaa\xa7\x00\x00\xad\xab\xa2\x9b\x87\x88\x19\xc7\xa3\xb6\xab\xa3\x95\x8e\x5b\xaaD\xce\xb3\x9e\xad\xa2\x0d\x0eW\x2d\x9a\x8f\x0c\x0e\x06\x0b\x95\x9f\x99\x8e\x90\x8e\x01\x07\xadN\x8f\x8b\x86\x82\x11\x19\xa3\xb2:J\xaf\xa9\x03\x04\x96\xa1:F\x0d\x16\x09\x0c\x9d\xa9\x92\x8f\x9f\x9d\x0f\x17\x8e\x8e\x80\x80\x80\x80\x04\x08\xbbN\x8b\x88\x8a\x88\x1d\x27\x03\x03\x0c\x12\x90\x8d\x05\x0a\xa0\xae\xa4\x9b\xa9\x99\xa5\x9b\x82\x82\x80\x80\x8f\x8f\x03\x08\x94\x96B\xb9\x0a\x0c\x00\x00\x07\x04\xe3\xbe\x94\x8e\x12\x18\x8b\x8d\x9d\x93\x80\x80.\xce\x86\x86\x80\x80\x98\x8e\x02\x06\xa9i\x09\x0e\x3e\xea\x00\x00\x00\x00\x8f\x8b\x8b\x8b\x1c\x1f\x80\x80\x80\x80\x83\x80\x2d\x3b\x90\x90\x8a\x89\x8f\x8c\x04\x0a\x1a\x11\x19\x1c\x16\x1c\x04\x05\x08\x07\xa6\x9e\x8b\x8b\x1e:\x84\x85\x80\x80\x80\x80\xbf\xa0\x81\x81\x95\x8f\x1e\x26\x00\x00\x0e\x0b\x03\x09\x14\x15\x00\x00\x93\x96\x8b\x88\x85\x85\xa2\x97\x82\x82\x80\x80\x80\x80\x9e\x9c\x17\x15\x13\x18\x0e\x14\x00\x00\x11\x0a\x1a!BN\x00\x02\x8e\x90\x80\x80\x80\x80\x9d\x9c\x80\x80\x80\x80\x80\x80\xa6\x97\x0d\x0c\x19\x19\x0e\x11\x00\x00\x04\x02\x16\x1f\x0a\x0e\xb7\xa2\x84\x86\x80\x80\x80\x80\xae\xa6\x80\x80\x80\x80\x80\x80\x01\x03\x05\x02\x2a\xef\x0e\x10\x00\x00\x0d\x0b\x0f\x1a\x9e\x95\x9b\x91\x84\x85\x80\x80\x87\x83\x99\x92\x86\x86\x9f\x95\x96\x93\x00\x00\x15\x0e\x1c\x1f\x0c\x0c\x00\x00\x0e\x08\x98\x8f\xa4\x99\xa5\xa0\x8e\x92\x80\x80\x80\x80\x3c\xd8\x91\x95\x9b\x94\x17\x26\x00\x00\x0d\x08\x16\x1a!0\x0b\x0e\xb4:\x8f\x8b\x80\x80\xc6\xab\x8a\x8a\x80\x80\x80\x80\x1d\x2c\x9e\xb7\xaf\x9f\x0e\x0e\x00\x00\x0b\x08\x1f.\x9c\x93\x02\x047\x23\x95\x94\x80\x80\xac\x9a\x80\x80\x9c\x97\xad\x9c\x06\x0b\xf8\x5b\x13\x17\x11\x15\x00\x00\x09\x09\xa5\x98\xee\xbe\x05\x086\x24\x85\x81\x8a\x84\x97\x90\x94\x97\x82\x82\x9d\x95\x09\x0f\xac\xe2\x245\x297\x00\x00D\x2b\x92\x90\xaa\x9a\x06\x07\xb3\xca\x80\x80\x80\x80\x08\x0e\xa8\xe0\x8f\x8d\x91\x8f\x23\x29\x19\x0e\x0b\x13\x3e\xb7\x13\x17\xab\xb5\x92\x8f\x8d\x8c\x1b\x2b\x86\x8a\x80\x80\x89\x88\x10\x12\x97\xa5\x8d\x8c\xb7\xa0\x26.\x23\x15\x94\x91\x85\x84\x09\x0e\xad\xcb\xa8\x99Q\xc5\x02\x07\xa5\xd5\x98\x93\x8c\x89\x0b\x13\xa4\xbe\x8e\x8a\x8b\x88\x00\x00\x9a\xad\xb8\xa2o\xcd\x07\x0b\x27\x1a\xb3\xaa\x92\x8d\x17\x1f\x96\x9e\x9e\x92\x86\x83\x0c\x10\xad\xb5\x89\x88\x80\x80\x09\x0c\xa9\x60\xad\x9fh\xab\x02\x04\xabe\x98\x92\x10\x1b\x07\x0c\x8f\x93\xae\xa5\xb2\xa6\x0f\x15\xb9\xd0\x84\x80\x9c\x91\x00\x02\xa6\xca\x92\x90\xb9\x9e\x05\x09\x0c\x0a\x19\x23\x94\x93\x04\x09\x95\x9e\x83\x83\x8b\x89\x15\x16\x8e\x8e\x80\x80\x8c\x88\x03\x06\xcc\xdb\x8f\x8e\xa6\x9c\x00\x00\x04\x00!\x2f\x8a\x87\x18\x19\xb1\xc2\xe6\xb1\x86\x83\xa9\xa6\x80\x80\x99\x96\x8b\x89\x14\x15\x1d\x14\x8f\x8b\x0e\x15\x00\x00\x07\x02\x9f\x94\xa7\x98\x00\x05\x9a\xa6\x80\x80\x82\x80\xc5\xbf\x86\x86\xaa\x9a\xab\x9d\x1e\x1f\x2d\x2a\x0d\x10\x13\x17\x00\x00\x05\x00\x8b\x88\x8f\x8d\x09\x0b\x8b\x8c\x80\x80\x80\x80\x1d\x2c\x8e\x92\x96\x94\x9b\x95\x00\x00\x0f\x0d\x1f\x3e \x29\x00\x00\x9a\x9f\x8d\x88\x9f\x94\x9a\x95\x8a\x8a\x80\x80\x80\x807\xb8M1\x98\x92\xe6\xcb\x02\x02\x0c\x07\x0e\x17 ?\x00\x00\x96\x9e\x80\x80\x80\x80U\xbc\x88\x88\x83\x80\x89\x84\xbc\xa8.\x2a\x0c\x14\x0d\x13\x00\x00\x1c\x10\x1b\x27\x1f\x27\x06\x06\x91\x93\x80\x80\x81\x80\xa0\x97\x8c\x8c\x80\x80\x80\x80\x00\x00\x10\x0e\x1a\x1a\x05\x08\x00\x00\x04\x02\x12\x14\x1f\x2d\xa3\x99\x86\x86\x80\x80\x80\x80\x19\x26\x8e\x8e\x80\x80\xa0\x94\x00\x02\x03\x01 \x29\x19\x1f\x00\x00\x16\x14\x25?\x80\x80\x9d\x94\x8a\x8a\x80\x80\x86\x83\x99\x95\x8e\x8e\xf5\xbf\x9d\x97\x04\x05\x11\x0d\x95\x93\xa9\x9f\x06\x08\x8d\x95\x93\x8e\x8b\x89\x17\x18\x8c\x90\x82\x82\x8d\x8b\x15\x16\xc9\x2f\x2c\xe2\x1f\x3e\x00\x02\x0d\x0d\xb1\xac\x3e\xb4\xf7\xb8\xae\xbc\x8e\x89\x80\x80\x1f6\x8f\x95\x8b\x88\x9e\x97\x0b\x0d\x1b\x17\xa2\x9b5b\x08\x09\x0f\x0f\xbc\xa9\x80\x80\x14\x16\x8c\x8e\x84\x82\x86\x86\x12\x14\x9d\xb0\xad\x9f\xc7\xbb\x00\x01\x28\x18\xb6\x9f\x2fk\x05\x0a\x8e\x95\x80\x80\x87\x84\x1f\x2f\xe4?\x81\x80\x86\x84Q\xdb\x0c\x0b\x9e\x9e\xa1\x99\x00\x03\x0d\x0bG\xb1\x8f\x8e\x1c\x2d\x8f\x99\x8b\x87\x80\x80\x11\x1c\x8a\x8f\x97\x8f 8\x05\x05\x25\x1bJ\xb3X\xc1\x0c\x0c\x28\x1c\x1d!\x80\x80\x0e\x16\x88\x8a\x86\x80\x8b\x866\x3c\xac\xad\x93\x92\x22\x3e\x00\x03\x1a\x15\xae\xad.5\x00\x00!\x15\x80\x80\x8f\x8b\x0b\x0f\x86\x8a\x91\x8f\x83\x83\x2cJ\x0f\x0d\xaa\x9a\x9d\x91\x07\x08\x9f\xb9C\xb1\x1c\x26\x27B\x96\xa1\x88\x84\x8b\x85\x12\x1c\x8c\x91\x88\x85\x85\x80\x00\x00\x17\x0e\x9e\x95\xa0\x9f\x09\x0e\xcd\x3d\x10\x1b\x86\x824\x3e\x8c\x91\x82\x80\x84\x81\x1e\x2d\x8b\x8f2\xe0\xb1\xa3\x02\x06\x12\x0f\xd9\xab\x9c\x99\x00\x00\x1e\x17\x83\x82\x8a\x86\x1f\x22\x99\x9e\x80\x80\x84\x80\xbd\x9fk\x28.D\xca\xb2\x0e\x13\xacJ\x1e. \x3bD\xde\x8e\x97\x80\x80\x87\x83\x15\x19\x8d\x95\x81\x80\x89\x86\x01\x06\xd2\x7d\x2c\x3c\xac\xac\x08\x0b\xcd\x2f\x9e\x9c\x8c\x86\x23\x25\xa7\xa7\x88\x84\x80\x80\x18\x1d\x8c\x91\x1c \xaf\xad\x07\x07\x1c\x111\xc2\xb4\xae\x04\x0a\x28\x27\x8c\x87\x8f\x8c\x1a\x2d\x87\x8a\x82\x80\x87\x86\x0e\x19\x1d\x15\xab\xa0\x19\x28\x05\x0c9\x25\xbe\x98\xab\x9c\x24W\x8c\x97\x91\x8a\x88\x84\x198\x8d\x91\x8e\x88\x89\x86\x05\x0b\x0f\x0d\xb0\x9f\x3d\xb2\x00\x00.\x26\x3c\x3e\x85\x80\x223\x8d\x90\x89\x86\x82\x80\x0b\x13\x91\x9d\x8b\x87\x1d\x2d\x00\x01.\x1c\x29?\xab\xa3\x06\x0a\x1d\x17\x86\x83\x96\x8d:L\x8f\x94\x90\x8b\x8a\x876\x5c2\x1a\xac\x97\x23\x3d\x00\x04 \x17\x96\x8d\x23\x5d\x00\x04\xac\xcd\x86\x80\x8e\x8b\x14\x22\x8d\x99\x86\x81\x8c\x8a\x00\x00\x22\x18\x96\x8e\xa2\x95\x00\x00D\x3c\xa8\x9f\x91\x8c\x2f\xcf\x80\x84\x80\x80\x84\x80\x0c\x14\x88\x8c\x9d\x92\x11\x22\x00\x00\x9c\xac\xba\xa9\xa2\x9b\x00\x06\x1c\x14\x9e\x93\x89\x859\xc3\xa6\xd8\x89\x83\xa5\x97\x10\x1b\x2c\x18\xa8\xa6E\xb1\x00\x03\x13\x0eE\xbd5m\x00\x00\x91\x98\x9d\x90\x94\x89\x07\x0c\x91\xa0\x85\x80\x91\x8b\x00\x04\x1e\x138O\x1d6\x10\x16\x13\x0e\x94\x8f\x8b\x89\x0d\x14\x92\x9d\x86\x82\x84\x80\x0f\x1e\x93\x9d\x8d\x87\x1f7\x00\x055 \x26\x29\x2at\x00\x00\x28\x1b\x87\x82\x81\x80\x1fF\x8b\x8f\x8b\x83\x98\x8f\x26V\x96\x9f\x1f.\xb8\xae\x0f\x14\x5b\x1d\x1dKK\xaa\x00\x06\x96\xa2\x8d\x8b\x85\x80\x0c\x19\x92\xa1\x89\x81\x87\x80\x00\x00\x12\x0c\xac\x9c\x15.\x04\x053 \x25X\x1d\x2d\x1a3\x89\x8e\x88\x80\x81\x80\x13\x27\x82\x85\x85\x80\xa9\x9c\x00\x00D\x28\xaf\x9d\x7e\xa9\x00\x00. \x94\x8f\x85\x81\x2f\x5b\x8e\x9b\x8a\x85\x8b\x86\x13\x1d\x8a\x94\x40\xc6\x1f0\x00\x00\x18\x12\x9e\x8e\x27\x3c\x06\x07\x8a\x8e\x93\x8c\x9e\x97\x1f\x25\x8a\x8e\x85\x80\x8a\x84\x00\x00\xff0\x3b\xbf\xaf\x9c\x00\x00\x1d\x16\xa4\x90\x2d\xba\x19.\x8e\x9f\x80\x80\x8b\x87\x0f\x19\x94\x9e\x86\x82\xab\x9e\x03\x09\x13\x0e\xae\x9a\x26\xca\x00\x04\x3e\x22\x80\x80\x93\x8a\x160\x9a\xbd\x80\x80\x80\x80\x2a3\x8d\x91\xab\x9b\x24\xcd\x00\x00F!\xaf\x9f\x2c\x5d\x00\x02\x8d\x95\x8e\x87\x88\x80\x16\x1d\x8f\x99\x9a\x8f\x87\x81\x0c\x19D\x2b\x1b\x2c\x1dJ\x03\x0b\x1f\x176\xb7\xc4\xa7\x13\x1f\x8a\x8d\x91\x8b\x84\x80\x23\xc8\x84\x88\x8c\x83\xb8\x9e\x00\x01M\x29P\xab\x2d\xbb\x00\x00 \x16\x16\x1f\x80\x80\x09\x12\x89\x8c\x8d\x85\x85\x80\x0d\x1b\x8c\x98\x99\x91\xa3\x93\x00\x02\xb56\x0d\x1a5\xb3\x01\x04\x8b\x8e\x95\x8e\x8d\x87\x27\xca\x93\x96\x86\x80\x8e\x8b\x2b\xbe\x11\x0a\x95\x8f\x14\x25\x00\x04\xb9\x294\xfcI\xe0\x1b\x2b\x87\x8c\x83\x80\x88\x85Y\xb3\x80\x85\x80\x80M\xa7\x01\x05\x1a\x11\xde\xa2\xa8\x9b\x00\x04\x1c\x14\xa7\x9c\x81\x80\x13\x27\x93\x9c\x87\x84\x83\x81\xc1\xa8\x91\x9b\xb6\x9cC\xaa\x00\x00\xe1 \x96\x8e\xc9\xb5\x00\x03\x84\x88\x86\x82\x8a\x85\x0d\x18\x93\xa1\x8b\x86\x8e\x87\x18\x2b\x10\x09\x1d\x3b7\xb1\x0c\x0cE\x28\x0e\x1b7l\x22.\x97\xa6\x8b\x84\x98\x8f\x18\x25\x8b\x8f\x8a\x85\x8a\x85\x00\x00\xbc\xc0\x9f\x9a\x3e\xdb\x00\x00\x1d\x13\xb7\xa7\x9c\x8e\x19\x2d\x9e\xc0\x80\x80\x88\x84\x297\x8d\x8e\xcb\xab \xc7\x04\x0a\xb3B\x2a\xbf\xc8\xa7\x00\x04\x1d\x16\x83\x80\x8f\x8b1B\x88\x8b\x8b\x84\x86\x80.\xbb\x0c\x09\xbd\x9f\x2d\xb2\x07\x0a\x0e\x0a\x1f\x29\x2c\xc8!H\x9a\xa2\x83\x80\x8b\x87\x15\x2a\x99\xac\x91\x8d\x92\x8b\x00\x01\x12\x0c\xbb\x99\x1e\x28\x00\x00\x1f\x1dU\xa2\x96\x8b\x1f2\x8a\x94\x96\x8f\x8d\x87\x1c\x26\x9e\xad\x9c\x9b\x98\x8d\x03\x08\xe1\x29\x17\x2d\xb0\x9f\x09\x13\x14\x0d\x8f\x8a\x9d\x8f\x16\x29\x84\x88\x84\x81\x8c\x86\xc8\x9c\xa96\x17\x23E\xa9\x00\x060\x1a\x2c\xb3I\xd6\x2ak\x90\x9a\x9a\x8f\x94\x8a\x0f\x17\x95\xa9\x88\x81\x89\x88\x00\x00\x9e\xc8?\xbf\xaf\xa6\x07\x0f\x3e\x1b2\xf6\x8d\x88\x2c\xc1\x9a\xab\x8d\x86\x84\x817\xd4\x88\x8b\x87\x82\xb2\x9c\x00\x00\xc5\x25\x9b\x8f!?\x05\x0d\x17\x0f\x8d\x87\x88\x83\x1f\x28\x88\x8e\x9d\x92\x85\x80\x12\x1f\x18\x0e\x2b\xb8K\xb1\x03\x0a\x3c\x1f\x2b\xcc\x2d7\x00\x00\x8a\x94\xa2\x93\x84\x82\x249\x8c\x8f\x8e\x87\x9c\x8d\x00\x00\x17\x0b\x13\x28\x3c\xab\x04\x08\x3e\x1d\xab\x99\x8d\x86\x0f\x1f\x8e\x95\x80\x80\x97\x8d\x7d\xb2\x82\x86\x91\x87\xc5\xbb\x00\x09\x27\x1c\xcd\xa7\x3c\xa7\x00\x00\x9d\xb8\x89\x86\x95\x8b\x16\x2f\x8e\x95\x88\x85\x87\x83C\xa7\x1b\x14\xcb\xa2\x23\x3b\x0a\x0d\x9f\xce\xaf\xa6\x2b\xe6\x05\x0a\x8d\x9b\x8b\x84\x8c\x87\x06\x0d\x86\x8c\x80\x80\x8e\x89\x00\x00\x1c\x11\xa2\x9b\xa3\x90\x00\x00\x15\x0d\xae\xa4\x9d\x8e\x14\x1d\x93\x9a\x8c\x83\x92\x89G\xbb\x89\x8c\x80\x80\xb2\xa7\x00\x00\x2c\x1f\xab\x9e\xa5\x9f\x01\x0a\x2a\x14\x85\x83\x8b\x877\xb4\x95\xa2\x89\x80\x83\x80\x0f\x1d\x91\x9a\x9e\x94\xa0\x94\x00\x00\x13\x0c\xb5\x9f\xc7\xaf\x00\x03\x92\x99\x9a\x90\x86\x82\x10\x1a\x8a\x8e\x85\x81\x80\x80\x00\x00\xae4C\xa9\x3ds\x00\x06\xca0\x16\x25\x2a\xb9\x1b\x28\x86\x8f\x8e\x89\x87\x84\x18\x27\x82\x88\x8e\x87\x1a.\x00\x01\x1b\x0e\x98\x8f1\xbd\x02\x07\xb9l\x94\x8c\x9e\x91\x0d\x15\x8f\x9c\x9c\x92\x81\x80\x0e\x1a\x85\x8d\xb1\x9f6\xaa\x03\x07\xa4\xe2\xc8\xbd\xa5\x94\x03\x05\x8b\x93\x87\x83\x9a\x8f\x14!\x86\x8b\x96\x89\x89\x86\x00\x00\xbb\x2d\x2c\xba7Q\x00\x00\x1e\x1c\x2f\xc8\x28\xb6 0\x82\x89\x8f\x88\x85\x81\xb8\xaa\x8d\x9b\x90\x8e\x17\x26\x01\x07\x25\x18\x0f\x1d\x1b\x23\x08\x12\x15\x13\x8c\x85\x96\x8c\xab\x9e\xa7\xbf\x9a\x8e\x8c\x88\xae\x9c\xa3\xb2A\xc4\x23\xe8\x0f\x13\x1e\x0f\x16\x29\x10\x19\x00\x05\x9f\xb4\x92\x88\x8a\x87\xba\xa6\xab\xfd\x9a\x8e\x8f\x89\x0b\x13\x12\x0c \x2c\x12\x1c\x00\x04\x1b\x15!\xde\x1f\x2dC\xc2\x93\x9d\x8c\x86\xa5\x93\x12\x2b\x96\xa6\xa5\x91\x22G\x04\x0a\x0a\x06\x26\xcc\x0f\x18\x05\x0b\x1f\x19\x27Y\xa3\x98\x15\x29\x9f\xb0\x8d\x86\x8d\x89\xb3\xa0\xbcO8\x5f\x18\x1f\x06\x0f!\x19Z\xb5\x1c\x3b\x02\x05\x8d\x97\x9a\x8f\x9c\x94\x23E\xac\xca\xa7\x94\x8d\x89\xad\x9f\x1b\x142\xb9\x14\x1e\x03\x0a \x13\x1c\x1e\x28\xdd\xa4\x9f\xa3\xe0\x97\x8f\x8f\x88J\xad\xa1\xc0\xa9\x955L\x08\x0b\x18\x0d\x1a\x2c\x1a\x1f\x08\x0c\x19\x0f8\xc4\xb3\x97\xa8\x9b\x97\x9d\x8d\x89\xa1\x94\x5e\xac\x92\x98\x16\x1e.C\x09\x11\x0e\x07\x1e\x2b\x1b9\x04\x08\xa4\xdf\x97\x8c\x8e\x88\xa9\x9b\x90\x98\x9d\x97\x8a\x89\x5d\xb6\x0c\x06\x1d:\x1c\x23\x00\x04\x1c\x12\x165A\xb2\xa9\x9f\x95\xae\x93\x8a\xbe\x9b\x3c\xb0\x98\xa6\x9a\x96\x25S\x01\x05\x1e\x12\x3e\xb2\x13\x19\x0c\x12!\x15\x25\xca\x8f\x8dZ\xb5\x9e\xbb\x94\x8b\xa3\x98\xb9\xa0\xa4\xab\x0d\x1d\x17\x1a\x0a\x13\x0a\x069\xb5\x14\x1d\x08\x0d\x0a\x06\x94\x8f\x8a\x85?\xb5\x8f\x97\x9a\x93\x95\x8e\xc4\xa7\x0b\x0a\xdf\xb4\x2a\xcd\x03\x09\x0a\x09\x2c\xc6\x1b.\xc1\x9c\x98\x9c\x8f\x8a\x9c\x8f\x1a4\x9e\xb2\x87\x85\xb8\x9a\x08\x12\x10\x09\x172?\xb8\x11\x15\x18\x0e\x1b8\x9a\x8e\x230\xa4E\xa9\x97\x9d\x8f\xa5\x9d\x8c\x97\x14\x1f\x1b\x27\x00\x04\x12\x09\x25\x27\x2d\xd3\x00\x04\x0d\x0a\x90\x8b\x98\x8f\xbd\xa5\xaf\xb7\x94\x92\x87\x85\x25\xd2\x0c\x08\x14\x2b39\x01\x05\x1b\x0e\x2a\xba\x16\x25\xcb\xa5\x9b\x9c\x9c\x94\x8e\x89\x2aG\xa8\xc0\x8b\x89\x95\x8f\x0b\x0e\x08\x08\x1b\x25\x24\x2b\x06\x09\x14\x10a\xbe\x8d\x8b\x1f\x2b\xd8\x5b\x89\x87\xd1\xd1QQ\x24\x24\x9c\x9c\x9d\x9dHH\x1b\x1b\x97\x97\x9a\x9aoo\x23\x23\x99\x99\xaa\xaa!!\x3c\x3c\xcd\xcd\xd5\xd5cc\x1f\x1f\x95\x95\xa2\xa2JJ::\xa1\xa1\x96\x96\x15\x15\x15\x15\xc2\xc2\x90\x90\x28\x28\x11\x11\xc8\xc8\xae\xae\x2c\x2c\x19\x19\x99\x99\xb2\xb2\x29\x29\x17\x17\xa2\xa2\x9b\x9b99\x26\x26\xa1\xa1\x8f\x8f\x11\x11\x3c\x3c\x94\x94\x9d\x9d\x2b\x2b\x1a\x1a\x9b\x9b\x9d\x9d\x10\x10xx\x94\x94\xa6\xa6\x3c\x3c\x1a\x1a\x95\x95\x90\x90\x23\x23\x2f\x2f\xbf\xbf\xbe\xbe\x24\x24\x1b\x1b\xa0\xa0\x90\x90\x17\x17\x2d\x2d\x95\x95\xac\xac\x26\x26\x24\x24\x98\x98\x9d\x9dAAxx\x97\x97\xac\xac\x26\x26\x12\x12\x9c\x9c\xca\xca\x19\x19\x13\x13\x94\x94\xdd\xdd\x3d\x3d\x19\x19\x98\x98\xb1\xb1\x14\x14\x1f\x1f\x98\x98\xad\xad\x2f\x2f\x23\x23\xb0\xb0\x9d\x9d22\x24\x24\x95\x95\x95\x95oo\x1b\x1b\xc3\xc3\x99\x99II\x27\x27\x95\x95\xce\xce88\x12\x12\x99\x99\xca\xca00\x5c\x5c\x99\x99\xa3\xa3\x26\x2688\x95\x95\xc7\xc7\x1b\x1b\x13\x13\xaa\xaa\xaf\xaf\x23\x23..\x91\x91\x98\x98\x19\x19\x12\x12\xb1\xb1\xac\xac\x17\x17\x12\x12\xbe\xbe\x9b\x9b\x19\x19\x2d\x2d\xc7\xc7\x96\x96\x15\x15\x1a\x1a\xa0\xa0\x90\x90  77\xa2\xa2\xa7\xa7\x16\x16\x25\x25\x95\x95\x95\x95\x2f\x2f\x1b\x1b\x93\x93\x99\x99\x12\x12\x25\x25\x95\x95\x9b\x9b\x22\x22\x1f\x1f\xc0\xc0\x92\x92\x17\x17..\x95\x95\x91\x91\x13\x13\x12\x12\x90\x90\xbb\xbb\x23\x23\x2d\x2d\xaf\xaf\x9f\x9f\x19\x19\x60\x60\xb2\xb2\xb9\xb9\x1a\x1a\x12\x12\x98\x98\xaf\xaf\x28\x28\x1e\x1e\x9c\x9c\xdf\xdf\x12\x12\x3c\x3c\xa1\xa1\x95\x95\x19\x19\x17\x17\x9d\x9d\xa7\xa7\x1b\x1b\x12\x12\xb5\xb5\x91\x91\x22\x22\x1a\x1a\xc1\xc1\xac\xac\x1a\x1aXX\x9c\x9c\x9c\x9c\x29\x29\x1f\x1f\xcc\xcc\xe7\xe7NNyy\x9d\x9d\xa0\xa0\x11\x11\x1e\x1e\xa1\xa1\x9d\x9d\x1a\x1a\x23\x23\xaf\xaf\xa9\xa9\x1f\x1f\x24\x24\xc3\xc3\x93\x93\x12\x12\x16\x16\xaa\xaa\xab\xab44XX\x91\x91\x92\x92\x2c\x2c\x16\x16\xbe\xbe\xa9\xa9\x18\x18\x1e\x1e\xa8\xa8\xbd\xbd\x15\x15\x13\x13\xc4\xc4\xab\xab\x2f\x2f\x1b\x1b\x94\x94\x9a\x9a\x16\x16\x15\x15\xa9\xa9\xbf\xbf!!\x1e\x1e\xc7\xc7\xbb\xbb\x23\x23\x12\x12\xc7\xc7\x9f\x9f\x13\x13\x1e\x1e\x95\x95\xa4\xa4\x25\x25\x16\x16\x99\x99\x95\x95BB\x16\x16\xb2\xb2\xb9\xb9\x1a\x1a\x23\x23\x98\x98\xaf\xaf\x1d\x1d..\x9c\x9c\xad\xad\x1a\x1a\x1a\x1a\xbf\xbf\x94\x94??88\x9d\x9d\xae\xae\x1f\x1f\x17\x17\xc8\xc8\xaa\xaa66..\x9d\x9d\x92\x92SS\x12\x12\xa7\xa7\xa1\xa1\x18\x18\x25\x25\xc5\xc5\xeb\xeb\x3d\x3d\x12\x12\x94\x94\xbf\xbf\x11\x11\x26\x26\xa1\xa1\xa3\xa3\x2c\x2c\x1f\x1f\x93\x93\xaa\xaa\x1c\x1c\x11\x11\x9c\x9c\x9f\x9f\x1e\x1e\x16\x16\x95\x95\x91\x91\x13\x13\x12\x12\x90\x90\xbb\xbb\x23\x23\x17\x17\xaf\xaf\x9f\x9f\x18\x18\x5e\x5e\xb2\xb2\xa4\xa4\x13\x13\x26\x26\x97\x97\xb1\xb1\x28\x28\x19\x19\x9c\x9c\xbe\xbe\x11\x11\x1a\x1a\x9f\x9f\x95\x9511\x13\x13\xcb\xcb\xd1\xd1\x12\x12\x27\x27\xa2\xa2\x98\x9855\x12\x12\xc5\xc5\xaf\xaf\x1f\x1f\x1e\x1e\x94\x94\x94\x9444\x16\x16\xcd\xcd\x96\x96\x2d\x2d\x1e\x1e\x94\x94\x99\x99\x19\x19\x1a\x1a\xb3\xb3\xbc\xbc\x1e\x1e\x1b\x1b\xb4\xb4\x99\x99\x1d\x1d\x3b\x3b\x9b\x9b\x9b\x9b\x1a\x1a\x23\x23\x95\x95\xa3\xa3\x19\x19\x3d\x3d\xa2\xa2\x97\x97\x1e\x1e\x3c\x3c\xa7\xa7\xb5\xb5\x11\x11\x13\x13\xb0\xb0\xe7\xe7\x17\x17hh\x94\x94\xb6\xb6\x10\x10\x23\x23\xaf\xaf\x93\x93..\x24\x24\xab\xab\xa0\xa0\x18\x18\x1e\x1e\x9c\x9c\xa3\xa388\x27\x27\x95\x95\xa2\xa2\x2a\x2a\x12\x12\xa9\xa9\xad\xad\x5f\x5f::\xb5\xb5\x98\x98!!\x12\x12\xc5\xc5\x95\x95\x25\x25\x12\x12\x99\x99\x90\x90!!\x1f\x1f\xb1\xb1\x9d\x9d77..\xc9\xc9\x9d\x9d\x15\x15..\xc3\xc3\x9b\x9b\x11\x11hh\xab\xab\xab\xabMM\x5e\x5e\x95\x95\x95\x9577TT\xc3\xc3\x95\x95\x1d\x1dVV\x95\x95\x97\x97\x15\x15\x25\x25\xa9\xa9\xc7\xc7FFhh\x98\x98\xd7\xd7\x1a\x1a\x2d\x2d\xb2\xb2\x9c\x9c\x19\x19\x16\x16\x9d\x9d\xa5\xa5\x27\x27\x1f\x1f\xa9\xa9\x99\x99!!\x1a\x1a\xa0\xa0\xd7\xd7\x13\x13\x13\x13\x94\x94\x94\x94\x22\x22RR\xa3\xa3\xf7\xf7\x1d\x1d\x12\x12\x91\x91\x90\x90\x18\x18\x1b\x1b\xa7\xa7\x9b\x9b\x12\x12\x27\x27\xb4\xb4\x91\x91\x19\x19\x17\x17\x9c\x9c\x92\x92\x1b\x1b\x1e\x1e\x91\x91\x95\x95\x22\x22\x13\x13\xa9\xa9\x92\x92\x26\x26yy\x94\x94\x9d\x9d\x28\x28\x1a\x1a\x8f\x8f\x96\x96\x11\x11\x3d\x3d\x95\x95\xa1\xa1KK77\x9d\x9d\x9a\x9a\x11\x11\x25\x25\xbf\xbf\x90\x9033\x3b\x3b\xab\xab\x92\x92\x1a\x1ahh\x9b\x9b\x8f\x8f\x22\x22\x24\x24\x9d\x9d\x9a\x9aOO\x3d\x3d\xb1\xb1\x90\x90\x23\x23\x27\x27\xb4\xb4\xbe\xbe\x25\x25\x17\x17\x9c\x9c\x90\x9011\x12\x12\x90\x90\xa6\xa6\x1a\x1a\x13\x13\xbe\xbe\x9d\x9d\x28\x28\x3c\x3c\xa1\xa1\xac\xac\x1a\x1a\x1b\x1b\xc9\xc9\xaf\xafJJ\x1b\x1b\xa3\xa3\xaf\xaf\x1e\x1e\x1b\x1b\x91\x91\x90\x90KK99\xa0\xa0\x96\x96\x15\x1588\xa1\xa1\xa0\xa0\x2a\x2a\x12\x12\xcd\xcd\xbe\xbe\x1f\x1f\x1a\x1a\x9d\x9d\x98\x98\x29\x29\x13\x13\x98\x98\x9a\x9a\x12\x12\x1a\x1a\xca\xca\xa0\xa0KK\x25\x25\xa2\xa2\x9f\x9f\x16\x16\x1d\x1d\x94\x94\x95\x95  \x1f\x1f\xb6\xb6\xba\xbaSS\x1f\x1f\x91\x91\x98\x98\x14\x14OO\x94\x94\x93\x93\x17\x17\x3d\x3d\xb3\xb3\xa9\xa9\x27\x27pp\xb5\xb5\xcf\xcf\x1b\x1b\x1f\x1f\xaa\xaa\x90\x90\x18\x18\x1e\x1e\xc0\xc0\xcf\xcf\x3e\x3e\x16\x16\x9c\x9c\x91\x91JJ\x1d\x1d\xa2\xa2\xa3\xa3\x13\x13\x12\x12\xc8\xc8\xaf\xaf\x1d\x1dXX\x94\x94\xa5\xa5\x12\x12\x13\x13\x99\x99\x90\x90CC\x2b\x2b\x9f\x9f\xa5\xa5\x1b\x1b\x2d\x2d\xb2\xb2\xaa\xaa\x10\x10\x16\x16\x90\x90\xe7\xe7\x25\x25\x13\x13\xc0\xc0\xa8\xa8DD\x3c\x3c\x98\x98\xae\xae\x26\x26\x15\x15\xa8\xa8\x94\x9433\x16\x16\x95\x95\xef\xef\x17\x17\x1e\x1e\xab\xab\x99\x99\x15\x15\x1b\x1b\x94\x94\x9b\x9b\x2d\x2d\x11\x11\x9d\x9d\xc3\xc3\x1c\x1c\x1e\x1e\xab\xab\xa4\xa4ww\x1b\x1b\x98\x98\x9d\x9dII\x1e\x1e\x9b\x9b\x9a\x9a\x26\x26\x3e\x3e\x9c\x9c\xaa\xaa\x0f\x0f\x1e\x1e\xcc\xcc\x9e\x9e\x2d\x2d\x2d\x2d\x98\x98\x9f\x9f\x2a\x2a\x17\x17\xbf\xbf\xdf\xdf\x17\x17\x1b\x1b\xa7\xa7\x98\x98\x15\x15\x16\x16\xc8\xc8\x9b\x9b\x16\x16\x16\x16\x9b\x9b\xb3\xb3\x2a\x2a\x1d\x1d\x94\x94\xb8\xb8gg\x1f\x1f\xa7\xa7\x95\x95\x1d\x1d\x12\x12\xb5\xb5\x93\x93\x1f\x1f\x17\x17\xc0\xc0\xa2\xa2\x1c\x1cdd\x90\x90\xae\xaeYY\x12\x12\x9b\x9b\x98\x98EE\x17\x17\x99\x99\x9b\x9b\x2c\x2c\x12\x12\xaf\xaf\xa7\xa7\x14\x14\x2c\x2c\xb1\xb1\xa4\xa4\x2f\x2f\x2d\x2d\xbf\xbf\x9c\x9cCC\x12\x12\x95\x95\x92\x92\x1e\x1e\x60\x60\xb1\xb1\x9f\x9f\x22\x22\x12\x12\xc0\xc0\xbb\xbb\x26\x26\x1a\x1a\x93\x93\xaf\xaf\x23\x23\x12\x12\x94\x94\xad\xad\x3e\x3e\x16\x16\xc3\xc3\xa0\xa0KK\x1a\x1a\x9b\x9b\xbc\xbc\x1a\x1a\x11\x11\x94\x94\x99\x99!!\x13\x13\xb3\xb3\xd9\xd9\x16\x16\x17\x17\xa9\xa9\x90\x90\x22\x22\x26\x26\xb2\xb2\x9f\x9f\x24\x24\x1e\x1e\x91\x91\x90\x9011\x1a\x1a\xaf\xaf\x92\x92\x19\x19VV\xa3\xa3\x99\x99MM\x2c\x2c\x90\x90\x9a\x9a\x24\x24\x13\x13\x95\x95\xc8\xc8\x18\x18\x11\x11\xa3\xa3\x93\x93UU\x1e\x1e\x8f\x8f\xaf\xaf\x1c\x1c\x3b\x3b\x90\x90\xba\xba\x17\x17\x25\x25\xa7\xa7\x90\x90\x1c\x1c\x16\x16\xa3\xa3\x92\x92\x1a\x1a99\x9b\x9b\xa9\xa933ll\x98\x98\x9b\x9b\x1e\x1e\x2d\x2d\x95\x95\xaa\xaa\x1d\x1d\x1f\x1f\xaa\xaa\xae\xae\x3c\x3cqq\x95\x95\x94\x94CC\x1e\x1e\xc0\xc0\xad\xad\x1a\x1aPP\x94\x94\xcb\xcb\x19\x19\x1b\x1b\xc5\xc5\xdd\xdd\x3b\x3b\x27\x27\x90\x90\xc3\xc3\x1b\x1b\x19\x19\xa1\xa1\xb8\xb8SS\x1e\x1e\x94\x94\x9d\x9d\x1c\x1cdd\x9d\x9d\x93\x93\x17\x17\x1a\x1a\x98\x98\xa9\xa933\x3b\x3b\xa1\xa1\xac\xac\x1a\x1a\x2f\x2f\x90\x90\xa7\xa7\x23\x23\x19\x19\xa1\xa1\xbb\xbb\x5f\x5f\x1e\x1e\x9c\x9c\xb2\xb2\x22\x22xx\x9c\x9c\x93\x93\x12\x12\x16\x16\xa9\xa9\xcc\xcc\x13\x1388\xa1\xa1\x93\x93..\x12\x12\xa9\xa9\x90\x90\x1d\x1d\x11\x11\x94\x94\xb7\xb7\x26\x26\x1b\x1b\x9d\x9d\xa9\xa9\x10\x10\x1e\x1e\xcd\xcd\xad\xadww\x16\x16\x99\x99\xa1\xa1\x2a\x2a\x1b\x1b\xaa\xaa\x9b\x9b\x16\x16\x3c\x3c\xa9\xa9\x9d\x9d\x28\x28\x17\x17\x9d\x9d\xac\xac\x1e\x1e\x2d\x2d\xaa\xaa\xa8\xa8\x1d\x1d\x1a\x1a\x9d\x9d\x9a\x9a\x25\x25..\xa8\xa8\x95\x95\x10\x10\x1b\x1b\xc7\xc7\x9b\x9b\x1e\x1eyy\xb0\xb0\x91\x91\x14\x14\x13\x13\x91\x91\xa5\xa5\x25\x25\x12\x12\x95\x95\x9f\x9f\x18\x18\x3e\x3e\xca\xca\xb9\xb9SS\x1b\x1b\xab\xab\xb4\xb4\x13\x13\x3c\x3c\x91\x91\x92\x92gg\x1e\x1e\x94\x94\x94\x94\x15\x15\x1a\x1a\xa3\xa3\xb9\xb9\x17\x17\x1f\x1f\x99\x99\xa1\xa1\x14\x14TT\x91\x91\x9e\x9e::\x26\x26\xbf\xbf\x9c\x9c\x2b\x2b\x1b\x1b\x95\x95\x9a\x9a\x26\x26::\xbf\xbf\xa2\xa2DD\x1e\x1e\xa9\xa9\x9e\x9eNNRR\x95\x95\x99\x99\x1d\x1d\x13\x13\xa0\xa0\xeb\xeb\x1f\x1f\x3b\x3b\xb1\xb1\xc9\xc9\x18\x18..\xa8\xa8\x97\x97\x12\x12\x1b\x1b\xc6\xc6\xa3\xa3\x2a\x2axx\xb6\xb6\x92\x92\x16\x16\x1f\x1f\x8f\x8f\x94\x94\x18\x18\x12\x12\x95\x95\xac\xacSSqq\x98\x98\x91\x91\x15\x15\x1a\x1a\x9c\x9c\x97\x97\x1b\x1b\x1b\x1b\xaa\xaa\xaa\xaa\x19\x19\x1e\x1e\x95\x95</data></match></read>
    <read><delim>Quit\x0a</delim><match><data>1\x29 New track...\x0a2\x29 Import track\x0a3\x29 Export...\x0a4\x29 List tracks\x0a5\x29 Change gain \x5btrack\x5d \x5bhundredths\x5d\x0a6\x29 Change pan \x5btrack\x5d \x5bhundredths\x5d\x0a7\x29 Combine\x2fsplit \x5btrack\x5d \x5b?track\x5d\x0a8\x29 Effects...\x0a9\x29 Quit\x0a</data></match></read>
    <write><data>9\x0a</data></write>
    <read><delim>\x0a</delim><match><data>Thank you for trying out Grit! Please leave us a nice review on the app store.\x0a</data></match></read>
</replay>
</pov>