<?xml version="1.0" standalone="no" ?>
<!DOCTYPE pov SYSTEM "/usr/share/cgc-docs/replay.dtd">
<pov>
<cbid>service</cbid>
<seed>74043262970f028051b9918e0d835a8583f5bbc14cb8bb6cce68d6f0da3d286662e74d3c08a2bbbd2d2930643f5c6c6e</seed>
<replay>
    <delay>50</delay>
    <write><data>\x00\x15\x00\x00\x00BM\x7c\xc4\x01\x00\x00\x00\x00\x00\x00\x00\x00\x00\x00\x00\x00\x02\x00\x15\xa9</data></write>
    <read><length>24</length><match><data>\x00\x13\x00\x00\x00BM\x7c\xc4\xf1\x00\x00\x00\x00\x00\x00\x00\x00\x00\x00\x00\x00\x00\x00</data></match></read>
    <write><data>\x00G\x00\x00\x00BM\x7c\xc4\x02\x00\x00\x00\x00\x00\x00\x00\x00\x00\x00\x0a\x00\x00\x00\x00\x00\x11\x00\x00\x00\x00\x00\x2a\x00HMYggQDmUNjnLYZoX\x17\x00UCSilFyhvuPiewmpqkCihDV</data></write>
    <read><length>28</length><match><data>\x00\x17\x00\x00\x00BM\x7c\xc4\xff\x00\x00\x00\x00\x00\x00\x00\x00\x00\x00\x00\x00\x04\x00\xe3\x00\x00\x00</data></match></read>
</replay>
</pov>