<?xml version="1.0" standalone="no" ?>
<!DOCTYPE pov SYSTEM "/usr/share/cgc-docs/replay.dtd">
<pov>
<cbid>service</cbid>
<seed>360ee13b5f9cd9d051822a579b05143374928f1383c7ecd0e7b354a148776b89d28c5b58536e4de3418361ba55ae94c1</seed>
<replay>
    <delay>50</delay>
    <write><data>\x00\x15\x00\x00\x00BM\x7c\xc4\x01\x00\x00\x00\x00\x00\x00\x00\x00\x00\x00\x00\x00\x02\x00q\x26</data></write>
    <read><length>30</length><match><data>\x00\x19\x00\x00\x00BM\x7c\xc4\xf1\x00\x00\x00\x00\x00\x00\x00\x00\x00\x00\x00\x00\x06\x00q\x9bQ\xaeq\x26</data></match></read>
    <write><data>\x00\x3d\x00\x00\x00BM\x7c\xc4\x02\x00\x00\x00\x00\x00\x00\x00\x00\x00\x00\x0a\x00q\x9bQ\xae\x09\x00\x00\x00\x00\x00 \x00MxsXeilMr\x15\x00rRmLKLrzbKPNHeCBIZYTo</data></write>
    <read><length>27</length><match><data>\x00\x16\x00\x00\x00BM\x7c\xc4\xf2\x00\x00\x00\x00\x00\x00\x00\x00\x00\x00\x00\x00\x03\x00\xff\xff\x01</data></match></read>
    <write><data>\x00\x3b\x00\x00\x00BM\x7c\xc4\x03\x00\x00\x00\x00\x00\x00\x00\x00\x00\x00\x06\x00q\x9bQ\xae\xff\xff\x22\x00\x0d\x00GopBrjMQuJRnB\x08\x00SOMETREE\x07\x00EYEPSEE</data></write>
    <read><length>34</length><match><data>\x00\x1d\x00\x00\x00BM\x7c\xc4\xf3\x00\x00\x00\x00\x00\x00\x00\x00\x00\x00\x06\x00q\x9bQ\xae\xff\xff\x04\x00\x92\xe3\x2a\xe7</data></match></read>
    <write><data>\x00\x2b\x00\x00\x00BM\x7c\xc4\x05\x00\x00\x00\x00\x00\x00\x00\x00\x00\x00\x0e\x00q\x9bQ\xae\xff\xff\x92\xe3\x2a\xe72\x00\x00\x00\x0a\x00\x08\x00NETSTUFF</data></write>
    <read><length>36</length><match><data>\x00\x1f\x00\x00\x00BM\x7c\xc4\xf5\x00\x00\x00\x00\x00\x00\x00\x00\x00\x00\x0c\x00q\x9bQ\xae\xff\xff\x92\xe3\x2a\xe7I\xd5\x00\x00</data></match></read>
    <write><data>\x00\x2d\x00\x00\x00BM\x7c\xc4\x0a\x00\x00\x00\x00\x00\x00\x00\x00\x00\x00\x0c\x00q\x9bQ\xae\xff\xff\x92\xe3\x2a\xe7I\xd5\x0e\x00\xa0\x00\x08\x00NETSTUFF\xdc\x00</data></write>
    <read><length>42</length><match><data>\x00\x25\x00\x00\x00BM\x7c\xc4\xfa\x00\x00\x00\x00\x00\x00\x00\x00\x00\x00\x0b\x00q\x9bQ\xae\xff\xff\x92\xe3\x2a\xe7\x00\x07\x00\x0a\x00\x00\xf4Z\xcf6</data></match></read>
    <write><data>\x00\x0d\x01\x00\x00BM\x7c\xc4\x0a\x00\x00\x00\x00\x00\x00\x00\x00\x00\x00\x0c\x00q\x9bQ\xae\xff\xff\x92\xe3\x2a\xe7I\xd5\xee\x00\xa1\x00\xf4Z\xcf6\xb5\x00\xe4\x00aCkQngfUABcGCJYm\x5cNKmhmblL\x5bFMF\x5cf\x5bip\xd2fim\x60MdOYefUKj\x60\x5caEdhQlhcpUGKXCSDEpR\x5dTlQgCgLUknjbpDceEbAlIcU\x5eOnZEiHA\x5bTSan\x5eXmJTlaW\x5bHijgRTUTKMHC\x5bcMlKcQZl\xd0\x5dTN\x5c\x60PXbHUaagH\x5fIRM\x5ebbBAFI\x5fF\x5fBK\x5ckWAN\x5ffZZWi\x5cmhFQWVJ\x5fSSlf\x60XJOlmYPIIUUlo\x5eiID\x5eSBXej\x5bgnhiMoMomMX\x00</data></write>
    <read><length>50</length><match><data>\x00\x2d\x00\x00\x00BM\x7c\xc4\xfa\x00\x00\x00\x00\x00\x00\x00\x00\x00\x00\x0b\x00q\x9bQ\xae\xff\xff\x92\xe3\x2a\xe7\x00\x0f\x00\x1a\x00\xf4Z\xcf6\x07\x00\xec\x60\x18\x02\x00\xe0\x00</data></match></read>
    <write><data>\x00\x13\x00\x00\x00BM\x7c\xc4\x0c\x00\x00\x00\x00\x00\x00\x00\x00\x00\x00\x00\x00\x00\x00</data></write>
    <read><length>24</length><match><data>\x00\x13\x00\x00\x00BM\x7c\xc4\xfc\x00\x00\x00\x00\x00\x00\x00\x00\x00\x00\x00\x00\x00\x00</data></match></read>
</replay>
</pov>