<?xml version="1.0" standalone="no" ?>
<!DOCTYPE pov SYSTEM "/usr/share/cgc-docs/replay.dtd">
<pov>
<cbid>service</cbid>
<seed>d6f2afff820c6220975828f4925345dd1f1a5f27fdf3a6de5fe230276feadcf3ac9ac15f86f819597d1526dc0e9dda7d</seed>
<replay>
    <delay>50</delay>
    <write><data>\x00\x15\x00\x00\x00BM\x7c\xc4\x01\x00\x00\x00\x00\x00\x00\x00\x00\x00\x00\x00\x00\x02\x00\xbds</data></write>
    <read><length>24</length><match><data>\x00\x13\x00\x00\x00BM\x7c\xc4\xf1\x00\x00\x00\x00\x00\x00\x00\x00\x00\x00\x00\x00\x00\x00</data></match></read>
    <write><data>\x00\x2c\x00\x00\x00BM\x7c\xc4\x02\x00\x00\x00\x00\x00\x00\x00\x00\x00\x00\x0a\x00\x00\x00\x00\x00\x09\x00\x00\x00\x00\x00\x0f\x00RllsBkiBz\x04\x00aRJd</data></write>
    <read><length>28</length><match><data>\x00\x17\x00\x00\x00BM\x7c\xc4\xff\x00\x00\x00\x00\x00\x00\x00\x00\x00\x00\x00\x00\x04\x00\xe3\x00\x00\x00</data></match></read>
</replay>
</pov>