<?xml version="1.0" standalone="no" ?>
<!DOCTYPE pov SYSTEM "/usr/share/cgc-docs/replay.dtd">
<pov>
<cbid>service</cbid>
<seed>19e3b447ccc59e9d45400464131067e2059f0c0c2cb0ffdf5cb3c5bd27f7f862a08a96a5c4f4e02bf0ec68709b931b88</seed>
<replay>
    <delay>50</delay>
    <write><data>\x00\x15\x00\x00\x00BM\x7c\xc4\x01\x00\x00\x00\x00\x00\x00\x00\x00\x00\x00\x00\x00\x02\x00\xfe\x08</data></write>
    <read><length>24</length><match><data>\x00\x13\x00\x00\x00BM\x7c\xc4\xf1\x00\x00\x00\x00\x00\x00\x00\x00\x00\x00\x00\x00\x00\x00</data></match></read>
    <write><data>\x00\x2f\x00\x00\x00BM\x7c\xc4\x02\x00\x00\x00\x00\x00\x00\x00\x00\x00\x00\x0a\x00\x00\x00\x00\x00\x0b\x00\x00\x00\x00\x00\x12\x00LIioNcnpuNm\x05\x00JyWDH</data></write>
    <read><length>28</length><match><data>\x00\x17\x00\x00\x00BM\x7c\xc4\xff\x00\x00\x00\x00\x00\x00\x00\x00\x00\x00\x00\x00\x04\x00\xe3\x00\x00\x00</data></match></read>
</replay>
</pov>