<?xml version="1.0" standalone="no" ?>
<!DOCTYPE pov SYSTEM "/usr/share/cgc-docs/replay.dtd">
<pov>
<cbid>service</cbid>
<seed>2a76a2dd9cfa66ca40dfb5fd6e38d7c805f64a2ebd74e73ee553af2db5129919b877be62c9b759c26c8c7f75ad757e01</seed>
<replay>
    <read><delim>\x0a</delim><match><data>START::TS\x3d1453367884\x0a</data></match></read>
    <read><delim>: </delim><match><data>Enter number of simulation commands: </data></match></read>
    <write><data>7\x0a</data></write>
    <read><delim>: </delim><match><data>Enter Source ID: </data></match></read>
    <write><data>229\x0a</data></write>
    <read><delim>: </delim><match><data>Enter Dest ID: </data></match></read>
    <write><data>19\x0a</data></write>
    <read><delim>\x0a</delim><match><data>Enter Command Type:\x0a</data></match></read>
    <read><delim>\x0a</delim><match><data>0 \x2d Read EGT\x0a</data></match></read>
    <read><delim>\x0a</delim><match><data>1 \x2d Read RPM\x0a</data></match></read>
    <read><delim>\x0a</delim><match><data>2 \x2d Read IAT\x0a</data></match></read>
    <read><delim>\x0a</delim><match><data>3 \x2d Read O2\x5f1\x0a</data></match></read>
    <read><delim>\x0a</delim><match><data>4 \x2d Read O2\x5f2\x0a</data></match></read>
    <read><delim>\x0a</delim><match><data>5 \x2d Read Engine Temp\x0a</data></match></read>
    <read><delim>\x0a</delim><match><data>6 \x2d Read Engine Torque\x0a</data></match></read>
    <read><delim>\x0a</delim><match><data>7 \x2d Start Engine\x0a</data></match></read>
    <read><delim>\x0a</delim><match><data>8 \x2d Stop Engine\x0a</data></match></read>
    <read><delim>\x0a</delim><match><data>9 \x2d Set Throttle Position\x0a</data></match></read>
    <read><delim>\x0a</delim><match><data>10 \x2d Set Engine Load\x0a</data></match></read>
    <read><delim>\x0a</delim><match><data>11 \x2d Send Binary Message\x0a</data></match></read>
    <write><data>0\x0a</data></write>
    <read><delim>\x0a</delim><match><data>Enter command time \x28in ms\x29:\x0a</data></match></read>
    <read><delim>\x0a</delim><match><data>Simulation will send this command at the specified time in the simulation \x28max 2 minutes of simulation time\x29:\x0a</data></match></read>
    <write><data>13113\x0a</data></write>
    <read><delim>: </delim><match><data>Enter Source ID: </data></match></read>
    <write><data>0\x0a</data></write>
    <read><delim>: </delim><match><data>Enter Dest ID: </data></match></read>
    <write><data>31\x0a</data></write>
    <read><delim>\x0a</delim><match><data>Enter Command Type:\x0a</data></match></read>
    <read><delim>\x0a</delim><match><data>0 \x2d Read EGT\x0a</data></match></read>
    <read><delim>\x0a</delim><match><data>1 \x2d Read RPM\x0a</data></match></read>
    <read><delim>\x0a</delim><match><data>2 \x2d Read IAT\x0a</data></match></read>
    <read><delim>\x0a</delim><match><data>3 \x2d Read O2\x5f1\x0a</data></match></read>
    <read><delim>\x0a</delim><match><data>4 \x2d Read O2\x5f2\x0a</data></match></read>
    <read><delim>\x0a</delim><match><data>5 \x2d Read Engine Temp\x0a</data></match></read>
    <read><delim>\x0a</delim><match><data>6 \x2d Read Engine Torque\x0a</data></match></read>
    <read><delim>\x0a</delim><match><data>7 \x2d Start Engine\x0a</data></match></read>
    <read><delim>\x0a</delim><match><data>8 \x2d Stop Engine\x0a</data></match></read>
    <read><delim>\x0a</delim><match><data>9 \x2d Set Throttle Position\x0a</data></match></read>
    <read><delim>\x0a</delim><match><data>10 \x2d Set Engine Load\x0a</data></match></read>
    <read><delim>\x0a</delim><match><data>11 \x2d Send Binary Message\x0a</data></match></read>
    <write><data>4\x0a</data></write>
    <read><delim>\x0a</delim><match><data>Enter command time \x28in ms\x29:\x0a</data></match></read>
    <read><delim>\x0a</delim><match><data>Simulation will send this command at the specified time in the simulation \x28max 2 minutes of simulation time\x29:\x0a</data></match></read>
    <write><data>334187\x0a</data></write>
    <read><delim>: </delim><match><data>Enter Source ID: </data></match></read>
    <write><data>255\x0a</data></write>
    <read><delim>: </delim><match><data>Enter Dest ID: </data></match></read>
    <write><data>19\x0a</data></write>
    <read><delim>\x0a</delim><match><data>Enter Command Type:\x0a</data></match></read>
    <read><delim>\x0a</delim><match><data>0 \x2d Read EGT\x0a</data></match></read>
    <read><delim>\x0a</delim><match><data>1 \x2d Read RPM\x0a</data></match></read>
    <read><delim>\x0a</delim><match><data>2 \x2d Read IAT\x0a</data></match></read>
    <read><delim>\x0a</delim><match><data>3 \x2d Read O2\x5f1\x0a</data></match></read>
    <read><delim>\x0a</delim><match><data>4 \x2d Read O2\x5f2\x0a</data></match></read>
    <read><delim>\x0a</delim><match><data>5 \x2d Read Engine Temp\x0a</data></match></read>
    <read><delim>\x0a</delim><match><data>6 \x2d Read Engine Torque\x0a</data></match></read>
    <read><delim>\x0a</delim><match><data>7 \x2d Start Engine\x0a</data></match></read>
    <read><delim>\x0a</delim><match><data>8 \x2d Stop Engine\x0a</data></match></read>
    <read><delim>\x0a</delim><match><data>9 \x2d Set Throttle Position\x0a</data></match></read>
    <read><delim>\x0a</delim><match><data>10 \x2d Set Engine Load\x0a</data></match></read>
    <read><delim>\x0a</delim><match><data>11 \x2d Send Binary Message\x0a</data></match></read>
    <write><data>2\x0a</data></write>
    <read><delim>\x0a</delim><match><data>Enter command time \x28in ms\x29:\x0a</data></match></read>
    <read><delim>\x0a</delim><match><data>Simulation will send this command at the specified time in the simulation \x28max 2 minutes of simulation time\x29:\x0a</data></match></read>
    <write><data>323507\x0a</data></write>
    <read><delim>: </delim><match><data>Enter Source ID: </data></match></read>
    <write><data>0\x0a</data></write>
    <read><delim>: </delim><match><data>Enter Dest ID: </data></match></read>
    <write><data>5\x0a</data></write>
    <read><delim>\x0a</delim><match><data>Enter Command Type:\x0a</data></match></read>
    <read><delim>\x0a</delim><match><data>0 \x2d Read EGT\x0a</data></match></read>
    <read><delim>\x0a</delim><match><data>1 \x2d Read RPM\x0a</data></match></read>
    <read><delim>\x0a</delim><match><data>2 \x2d Read IAT\x0a</data></match></read>
    <read><delim>\x0a</delim><match><data>3 \x2d Read O2\x5f1\x0a</data></match></read>
    <read><delim>\x0a</delim><match><data>4 \x2d Read O2\x5f2\x0a</data></match></read>
    <read><delim>\x0a</delim><match><data>5 \x2d Read Engine Temp\x0a</data></match></read>
    <read><delim>\x0a</delim><match><data>6 \x2d Read Engine Torque\x0a</data></match></read>
    <read><delim>\x0a</delim><match><data>7 \x2d Start Engine\x0a</data></match></read>
    <read><delim>\x0a</delim><match><data>8 \x2d Stop Engine\x0a</data></match></read>
    <read><delim>\x0a</delim><match><data>9 \x2d Set Throttle Position\x0a</data></match></read>
    <read><delim>\x0a</delim><match><data>10 \x2d Set Engine Load\x0a</data></match></read>
    <read><delim>\x0a</delim><match><data>11 \x2d Send Binary Message\x0a</data></match></read>
    <write><data>10\x0a</data></write>
    <read><delim>\x0a</delim><match><data>Enter command time \x28in ms\x29:\x0a</data></match></read>
    <read><delim>\x0a</delim><match><data>Simulation will send this command at the specified time in the simulation \x28max 2 minutes of simulation time\x29:\x0a</data></match></read>
    <write><data>167393\x0a</data></write>
    <read><delim>: </delim><match><data>Set Engine Load: </data></match></read>
    <write><data>932\x0a</data></write>
    <read><delim>: </delim><match><data>Enter Source ID: </data></match></read>
    <write><data>193\x0a</data></write>
    <read><delim>: </delim><match><data>Enter Dest ID: </data></match></read>
    <write><data>19\x0a</data></write>
    <read><delim>\x0a</delim><match><data>Enter Command Type:\x0a</data></match></read>
    <read><delim>\x0a</delim><match><data>0 \x2d Read EGT\x0a</data></match></read>
    <read><delim>\x0a</delim><match><data>1 \x2d Read RPM\x0a</data></match></read>
    <read><delim>\x0a</delim><match><data>2 \x2d Read IAT\x0a</data></match></read>
    <read><delim>\x0a</delim><match><data>3 \x2d Read O2\x5f1\x0a</data></match></read>
    <read><delim>\x0a</delim><match><data>4 \x2d Read O2\x5f2\x0a</data></match></read>
    <read><delim>\x0a</delim><match><data>5 \x2d Read Engine Temp\x0a</data></match></read>
    <read><delim>\x0a</delim><match><data>6 \x2d Read Engine Torque\x0a</data></match></read>
    <read><delim>\x0a</delim><match><data>7 \x2d Start Engine\x0a</data></match></read>
    <read><delim>\x0a</delim><match><data>8 \x2d Stop Engine\x0a</data></match></read>
    <read><delim>\x0a</delim><match><data>9 \x2d Set Throttle Position\x0a</data></match></read>
    <read><delim>\x0a</delim><match><data>10 \x2d Set Engine Load\x0a</data></match></read>
    <read><delim>\x0a</delim><match><data>11 \x2d Send Binary Message\x0a</data></match></read>
    <write><data>1\x0a</data></write>
    <read><delim>\x0a</delim><match><data>Enter command time \x28in ms\x29:\x0a</data></match></read>
    <read><delim>\x0a</delim><match><data>Simulation will send this command at the specified time in the simulation \x28max 2 minutes of simulation time\x29:\x0a</data></match></read>
    <write><data>145100\x0a</data></write>
    <read><delim>: </delim><match><data>Enter Source ID: </data></match></read>
    <write><data>0\x0a</data></write>
    <read><delim>: </delim><match><data>Enter Dest ID: </data></match></read>
    <write><data>54\x0a</data></write>
    <read><delim>\x0a</delim><match><data>Enter Command Type:\x0a</data></match></read>
    <read><delim>\x0a</delim><match><data>0 \x2d Read EGT\x0a</data></match></read>
    <read><delim>\x0a</delim><match><data>1 \x2d Read RPM\x0a</data></match></read>
    <read><delim>\x0a</delim><match><data>2 \x2d Read IAT\x0a</data></match></read>
    <read><delim>\x0a</delim><match><data>3 \x2d Read O2\x5f1\x0a</data></match></read>
    <read><delim>\x0a</delim><match><data>4 \x2d Read O2\x5f2\x0a</data></match></read>
    <read><delim>\x0a</delim><match><data>5 \x2d Read Engine Temp\x0a</data></match></read>
    <read><delim>\x0a</delim><match><data>6 \x2d Read Engine Torque\x0a</data></match></read>
    <read><delim>\x0a</delim><match><data>7 \x2d Start Engine\x0a</data></match></read>
    <read><delim>\x0a</delim><match><data>8 \x2d Stop Engine\x0a</data></match></read>
    <read><delim>\x0a</delim><match><data>9 \x2d Set Throttle Position\x0a</data></match></read>
    <read><delim>\x0a</delim><match><data>10 \x2d Set Engine Load\x0a</data></match></read>
    <read><delim>\x0a</delim><match><data>11 \x2d Send Binary Message\x0a</data></match></read>
    <write><data>4\x0a</data></write>
    <read><delim>\x0a</delim><match><data>Enter command time \x28in ms\x29:\x0a</data></match></read>
    <read><delim>\x0a</delim><match><data>Simulation will send this command at the specified time in the simulation \x28max 2 minutes of simulation time\x29:\x0a</data></match></read>
    <write><data>338228\x0a</data></write>
    <read><delim>: </delim><match><data>Enter Source ID: </data></match></read>
    <write><data>255\x0a</data></write>
    <read><delim>: </delim><match><data>Enter Dest ID: </data></match></read>
    <write><data>20\x0a</data></write>
    <read><delim>\x0a</delim><match><data>Enter Command Type:\x0a</data></match></read>
    <read><delim>\x0a</delim><match><data>0 \x2d Read EGT\x0a</data></match></read>
    <read><delim>\x0a</delim><match><data>1 \x2d Read RPM\x0a</data></match></read>
    <read><delim>\x0a</delim><match><data>2 \x2d Read IAT\x0a</data></match></read>
    <read><delim>\x0a</delim><match><data>3 \x2d Read O2\x5f1\x0a</data></match></read>
    <read><delim>\x0a</delim><match><data>4 \x2d Read O2\x5f2\x0a</data></match></read>
    <read><delim>\x0a</delim><match><data>5 \x2d Read Engine Temp\x0a</data></match></read>
    <read><delim>\x0a</delim><match><data>6 \x2d Read Engine Torque\x0a</data></match></read>
    <read><delim>\x0a</delim><match><data>7 \x2d Start Engine\x0a</data></match></read>
    <read><delim>\x0a</delim><match><data>8 \x2d Stop Engine\x0a</data></match></read>
    <read><delim>\x0a</delim><match><data>9 \x2d Set Throttle Position\x0a</data></match></read>
    <read><delim>\x0a</delim><match><data>10 \x2d Set Engine Load\x0a</data></match></read>
    <read><delim>\x0a</delim><match><data>11 \x2d Send Binary Message\x0a</data></match></read>
    <write><data>2\x0a</data></write>
    <read><delim>\x0a</delim><match><data>Enter command time \x28in ms\x29:\x0a</data></match></read>
    <read><delim>\x0a</delim><match><data>Simulation will send this command at the specified time in the simulation \x28max 2 minutes of simulation time\x29:\x0a</data></match></read>
    <write><data>281722\x0a</data></write>
    <read><delim>\x0a</delim><match><data>Running simulation:\x0a</data></match></read>
    <read><delim>\x0a</delim><match><data>\x5bTICK\x5d\x5b262\x5d:\x0a</data></match></read>
    <read><delim>\x0a</delim><match><data>\x5bSENDCMD\x5d\x5bTIME\x3d13113\x5d\x5bLENGTH\x3d4\x5d\x5bSRC\x3d229\x5d\x5bDEST\x3d19\x5d\x0a</data></match></read>
    <read><delim>\x0a</delim><match><data>Simulation complete.\x0a</data></match></read>
    <read><delim>? </delim><match><data>Run another simulation \x28TS\x3d1453482220\x29 \x28y\x2fn\x29? </data></match></read>
    <write><data>y\x0a</data></write>
    <read><delim>: </delim><match><data>Enter number of simulation commands: </data></match></read>
    <write><data>6\x0a</data></write>
    <read><delim>: </delim><match><data>Enter Source ID: </data></match></read>
    <write><data>255\x0a</data></write>
    <read><delim>: </delim><match><data>Enter Dest ID: </data></match></read>
    <write><data>19\x0a</data></write>
    <read><delim>\x0a</delim><match><data>Enter Command Type:\x0a</data></match></read>
    <read><delim>\x0a</delim><match><data>0 \x2d Read EGT\x0a</data></match></read>
    <read><delim>\x0a</delim><match><data>1 \x2d Read RPM\x0a</data></match></read>
    <read><delim>\x0a</delim><match><data>2 \x2d Read IAT\x0a</data></match></read>
    <read><delim>\x0a</delim><match><data>3 \x2d Read O2\x5f1\x0a</data></match></read>
    <read><delim>\x0a</delim><match><data>4 \x2d Read O2\x5f2\x0a</data></match></read>
    <read><delim>\x0a</delim><match><data>5 \x2d Read Engine Temp\x0a</data></match></read>
    <read><delim>\x0a</delim><match><data>6 \x2d Read Engine Torque\x0a</data></match></read>
    <read><delim>\x0a</delim><match><data>7 \x2d Start Engine\x0a</data></match></read>
    <read><delim>\x0a</delim><match><data>8 \x2d Stop Engine\x0a</data></match></read>
    <read><delim>\x0a</delim><match><data>9 \x2d Set Throttle Position\x0a</data></match></read>
    <read><delim>\x0a</delim><match><data>10 \x2d Set Engine Load\x0a</data></match></read>
    <read><delim>\x0a</delim><match><data>11 \x2d Send Binary Message\x0a</data></match></read>
    <write><data>6\x0a</data></write>
    <read><delim>\x0a</delim><match><data>Enter command time \x28in ms\x29:\x0a</data></match></read>
    <read><delim>\x0a</delim><match><data>Simulation will send this command at the specified time in the simulation \x28max 2 minutes of simulation time\x29:\x0a</data></match></read>
    <write><data>176105\x0a</data></write>
    <read><delim>: </delim><match><data>Enter Source ID: </data></match></read>
    <write><data>255\x0a</data></write>
    <read><delim>: </delim><match><data>Enter Dest ID: </data></match></read>
    <write><data>19\x0a</data></write>
    <read><delim>\x0a</delim><match><data>Enter Command Type:\x0a</data></match></read>
    <read><delim>\x0a</delim><match><data>0 \x2d Read EGT\x0a</data></match></read>
    <read><delim>\x0a</delim><match><data>1 \x2d Read RPM\x0a</data></match></read>
    <read><delim>\x0a</delim><match><data>2 \x2d Read IAT\x0a</data></match></read>
    <read><delim>\x0a</delim><match><data>3 \x2d Read O2\x5f1\x0a</data></match></read>
    <read><delim>\x0a</delim><match><data>4 \x2d Read O2\x5f2\x0a</data></match></read>
    <read><delim>\x0a</delim><match><data>5 \x2d Read Engine Temp\x0a</data></match></read>
    <read><delim>\x0a</delim><match><data>6 \x2d Read Engine Torque\x0a</data></match></read>
    <read><delim>\x0a</delim><match><data>7 \x2d Start Engine\x0a</data></match></read>
    <read><delim>\x0a</delim><match><data>8 \x2d Stop Engine\x0a</data></match></read>
    <read><delim>\x0a</delim><match><data>9 \x2d Set Throttle Position\x0a</data></match></read>
    <read><delim>\x0a</delim><match><data>10 \x2d Set Engine Load\x0a</data></match></read>
    <read><delim>\x0a</delim><match><data>11 \x2d Send Binary Message\x0a</data></match></read>
    <write><data>8\x0a</data></write>
    <read><delim>\x0a</delim><match><data>Enter command time \x28in ms\x29:\x0a</data></match></read>
    <read><delim>\x0a</delim><match><data>Simulation will send this command at the specified time in the simulation \x28max 2 minutes of simulation time\x29:\x0a</data></match></read>
    <write><data>142284\x0a</data></write>
    <read><delim>: </delim><match><data>Enter Source ID: </data></match></read>
    <write><data>255\x0a</data></write>
    <read><delim>: </delim><match><data>Enter Dest ID: </data></match></read>
    <write><data>134\x0a</data></write>
    <read><delim>\x0a</delim><match><data>Enter Command Type:\x0a</data></match></read>
    <read><delim>\x0a</delim><match><data>0 \x2d Read EGT\x0a</data></match></read>
    <read><delim>\x0a</delim><match><data>1 \x2d Read RPM\x0a</data></match></read>
    <read><delim>\x0a</delim><match><data>2 \x2d Read IAT\x0a</data></match></read>
    <read><delim>\x0a</delim><match><data>3 \x2d Read O2\x5f1\x0a</data></match></read>
    <read><delim>\x0a</delim><match><data>4 \x2d Read O2\x5f2\x0a</data></match></read>
    <read><delim>\x0a</delim><match><data>5 \x2d Read Engine Temp\x0a</data></match></read>
    <read><delim>\x0a</delim><match><data>6 \x2d Read Engine Torque\x0a</data></match></read>
    <read><delim>\x0a</delim><match><data>7 \x2d Start Engine\x0a</data></match></read>
    <read><delim>\x0a</delim><match><data>8 \x2d Stop Engine\x0a</data></match></read>
    <read><delim>\x0a</delim><match><data>9 \x2d Set Throttle Position\x0a</data></match></read>
    <read><delim>\x0a</delim><match><data>10 \x2d Set Engine Load\x0a</data></match></read>
    <read><delim>\x0a</delim><match><data>11 \x2d Send Binary Message\x0a</data></match></read>
    <write><data>2\x0a</data></write>
    <read><delim>\x0a</delim><match><data>Enter command time \x28in ms\x29:\x0a</data></match></read>
    <read><delim>\x0a</delim><match><data>Simulation will send this command at the specified time in the simulation \x28max 2 minutes of simulation time\x29:\x0a</data></match></read>
    <write><data>291074\x0a</data></write>
    <read><delim>: </delim><match><data>Enter Source ID: </data></match></read>
    <write><data>91\x0a</data></write>
    <read><delim>: </delim><match><data>Enter Dest ID: </data></match></read>
    <write><data>151\x0a</data></write>
    <read><delim>\x0a</delim><match><data>Enter Command Type:\x0a</data></match></read>
    <read><delim>\x0a</delim><match><data>0 \x2d Read EGT\x0a</data></match></read>
    <read><delim>\x0a</delim><match><data>1 \x2d Read RPM\x0a</data></match></read>
    <read><delim>\x0a</delim><match><data>2 \x2d Read IAT\x0a</data></match></read>
    <read><delim>\x0a</delim><match><data>3 \x2d Read O2\x5f1\x0a</data></match></read>
    <read><delim>\x0a</delim><match><data>4 \x2d Read O2\x5f2\x0a</data></match></read>
    <read><delim>\x0a</delim><match><data>5 \x2d Read Engine Temp\x0a</data></match></read>
    <read><delim>\x0a</delim><match><data>6 \x2d Read Engine Torque\x0a</data></match></read>
    <read><delim>\x0a</delim><match><data>7 \x2d Start Engine\x0a</data></match></read>
    <read><delim>\x0a</delim><match><data>8 \x2d Stop Engine\x0a</data></match></read>
    <read><delim>\x0a</delim><match><data>9 \x2d Set Throttle Position\x0a</data></match></read>
    <read><delim>\x0a</delim><match><data>10 \x2d Set Engine Load\x0a</data></match></read>
    <read><delim>\x0a</delim><match><data>11 \x2d Send Binary Message\x0a</data></match></read>
    <write><data>10\x0a</data></write>
    <read><delim>\x0a</delim><match><data>Enter command time \x28in ms\x29:\x0a</data></match></read>
    <read><delim>\x0a</delim><match><data>Simulation will send this command at the specified time in the simulation \x28max 2 minutes of simulation time\x29:\x0a</data></match></read>
    <write><data>107865\x0a</data></write>
    <read><delim>: </delim><match><data>Set Engine Load: </data></match></read>
    <write><data>525\x0a</data></write>
    <read><delim>: </delim><match><data>Enter Source ID: </data></match></read>
    <write><data>0\x0a</data></write>
    <read><delim>: </delim><match><data>Enter Dest ID: </data></match></read>
    <write><data>20\x0a</data></write>
    <read><delim>\x0a</delim><match><data>Enter Command Type:\x0a</data></match></read>
    <read><delim>\x0a</delim><match><data>0 \x2d Read EGT\x0a</data></match></read>
    <read><delim>\x0a</delim><match><data>1 \x2d Read RPM\x0a</data></match></read>
    <read><delim>\x0a</delim><match><data>2 \x2d Read IAT\x0a</data></match></read>
    <read><delim>\x0a</delim><match><data>3 \x2d Read O2\x5f1\x0a</data></match></read>
    <read><delim>\x0a</delim><match><data>4 \x2d Read O2\x5f2\x0a</data></match></read>
    <read><delim>\x0a</delim><match><data>5 \x2d Read Engine Temp\x0a</data></match></read>
    <read><delim>\x0a</delim><match><data>6 \x2d Read Engine Torque\x0a</data></match></read>
    <read><delim>\x0a</delim><match><data>7 \x2d Start Engine\x0a</data></match></read>
    <read><delim>\x0a</delim><match><data>8 \x2d Stop Engine\x0a</data></match></read>
    <read><delim>\x0a</delim><match><data>9 \x2d Set Throttle Position\x0a</data></match></read>
    <read><delim>\x0a</delim><match><data>10 \x2d Set Engine Load\x0a</data></match></read>
    <read><delim>\x0a</delim><match><data>11 \x2d Send Binary Message\x0a</data></match></read>
    <write><data>7\x0a</data></write>
    <read><delim>\x0a</delim><match><data>Enter command time \x28in ms\x29:\x0a</data></match></read>
    <read><delim>\x0a</delim><match><data>Simulation will send this command at the specified time in the simulation \x28max 2 minutes of simulation time\x29:\x0a</data></match></read>
    <write><data>142232\x0a</data></write>
    <read><delim>: </delim><match><data>Enter Source ID: </data></match></read>
    <write><data>111\x0a</data></write>
    <read><delim>: </delim><match><data>Enter Dest ID: </data></match></read>
    <write><data>131\x0a</data></write>
    <read><delim>\x0a</delim><match><data>Enter Command Type:\x0a</data></match></read>
    <read><delim>\x0a</delim><match><data>0 \x2d Read EGT\x0a</data></match></read>
    <read><delim>\x0a</delim><match><data>1 \x2d Read RPM\x0a</data></match></read>
    <read><delim>\x0a</delim><match><data>2 \x2d Read IAT\x0a</data></match></read>
    <read><delim>\x0a</delim><match><data>3 \x2d Read O2\x5f1\x0a</data></match></read>
    <read><delim>\x0a</delim><match><data>4 \x2d Read O2\x5f2\x0a</data></match></read>
    <read><delim>\x0a</delim><match><data>5 \x2d Read Engine Temp\x0a</data></match></read>
    <read><delim>\x0a</delim><match><data>6 \x2d Read Engine Torque\x0a</data></match></read>
    <read><delim>\x0a</delim><match><data>7 \x2d Start Engine\x0a</data></match></read>
    <read><delim>\x0a</delim><match><data>8 \x2d Stop Engine\x0a</data></match></read>
    <read><delim>\x0a</delim><match><data>9 \x2d Set Throttle Position\x0a</data></match></read>
    <read><delim>\x0a</delim><match><data>10 \x2d Set Engine Load\x0a</data></match></read>
    <read><delim>\x0a</delim><match><data>11 \x2d Send Binary Message\x0a</data></match></read>
    <write><data>9\x0a</data></write>
    <read><delim>\x0a</delim><match><data>Enter command time \x28in ms\x29:\x0a</data></match></read>
    <read><delim>\x0a</delim><match><data>Simulation will send this command at the specified time in the simulation \x28max 2 minutes of simulation time\x29:\x0a</data></match></read>
    <write><data>315311\x0a</data></write>
    <read><delim>: </delim><match><data>Enter throttle position: </data></match></read>
    <write><data>1806\x0a</data></write>
    <read><delim>\x0a</delim><match><data>Running simulation:\x0a</data></match></read>
    <read><delim>\x0a</delim><match><data>\x5bTICK\x5d\x5b2157\x5d:\x0a</data></match></read>
    <read><delim>\x0a</delim><match><data>\x5bSENDCMD\x5d\x5bTIME\x3d107865\x5d\x5bLENGTH\x3d6\x5d\x5bSRC\x3d91\x5d\x5bDEST\x3d19\x5d\x0a</data></match></read>
    <read><delim>\x0a</delim><match><data>Simulation complete.\x0a</data></match></read>
    <read><delim>? </delim><match><data>Run another simulation \x28TS\x3d1453160581\x29 \x28y\x2fn\x29? </data></match></read>
    <write><data>y\x0a</data></write>
    <read><delim>: </delim><match><data>Enter number of simulation commands: </data></match></read>
    <write><data>3\x0a</data></write>
    <read><delim>: </delim><match><data>Enter Source ID: </data></match></read>
    <write><data>0\x0a</data></write>
    <read><delim>: </delim><match><data>Enter Dest ID: </data></match></read>
    <write><data>81\x0a</data></write>
    <read><delim>\x0a</delim><match><data>Enter Command Type:\x0a</data></match></read>
    <read><delim>\x0a</delim><match><data>0 \x2d Read EGT\x0a</data></match></read>
    <read><delim>\x0a</delim><match><data>1 \x2d Read RPM\x0a</data></match></read>
    <read><delim>\x0a</delim><match><data>2 \x2d Read IAT\x0a</data></match></read>
    <read><delim>\x0a</delim><match><data>3 \x2d Read O2\x5f1\x0a</data></match></read>
    <read><delim>\x0a</delim><match><data>4 \x2d Read O2\x5f2\x0a</data></match></read>
    <read><delim>\x0a</delim><match><data>5 \x2d Read Engine Temp\x0a</data></match></read>
    <read><delim>\x0a</delim><match><data>6 \x2d Read Engine Torque\x0a</data></match></read>
    <read><delim>\x0a</delim><match><data>7 \x2d Start Engine\x0a</data></match></read>
    <read><delim>\x0a</delim><match><data>8 \x2d Stop Engine\x0a</data></match></read>
    <read><delim>\x0a</delim><match><data>9 \x2d Set Throttle Position\x0a</data></match></read>
    <read><delim>\x0a</delim><match><data>10 \x2d Set Engine Load\x0a</data></match></read>
    <read><delim>\x0a</delim><match><data>11 \x2d Send Binary Message\x0a</data></match></read>
    <write><data>10\x0a</data></write>
    <read><delim>\x0a</delim><match><data>Enter command time \x28in ms\x29:\x0a</data></match></read>
    <read><delim>\x0a</delim><match><data>Simulation will send this command at the specified time in the simulation \x28max 2 minutes of simulation time\x29:\x0a</data></match></read>
    <write><data>268470\x0a</data></write>
    <read><delim>: </delim><match><data>Set Engine Load: </data></match></read>
    <write><data>978\x0a</data></write>
    <read><delim>: </delim><match><data>Enter Source ID: </data></match></read>
    <write><data>80\x0a</data></write>
    <read><delim>: </delim><match><data>Enter Dest ID: </data></match></read>
    <write><data>51\x0a</data></write>
    <read><delim>\x0a</delim><match><data>Enter Command Type:\x0a</data></match></read>
    <read><delim>\x0a</delim><match><data>0 \x2d Read EGT\x0a</data></match></read>
    <read><delim>\x0a</delim><match><data>1 \x2d Read RPM\x0a</data></match></read>
    <read><delim>\x0a</delim><match><data>2 \x2d Read IAT\x0a</data></match></read>
    <read><delim>\x0a</delim><match><data>3 \x2d Read O2\x5f1\x0a</data></match></read>
    <read><delim>\x0a</delim><match><data>4 \x2d Read O2\x5f2\x0a</data></match></read>
    <read><delim>\x0a</delim><match><data>5 \x2d Read Engine Temp\x0a</data></match></read>
    <read><delim>\x0a</delim><match><data>6 \x2d Read Engine Torque\x0a</data></match></read>
    <read><delim>\x0a</delim><match><data>7 \x2d Start Engine\x0a</data></match></read>
    <read><delim>\x0a</delim><match><data>8 \x2d Stop Engine\x0a</data></match></read>
    <read><delim>\x0a</delim><match><data>9 \x2d Set Throttle Position\x0a</data></match></read>
    <read><delim>\x0a</delim><match><data>10 \x2d Set Engine Load\x0a</data></match></read>
    <read><delim>\x0a</delim><match><data>11 \x2d Send Binary Message\x0a</data></match></read>
    <write><data>9\x0a</data></write>
    <read><delim>\x0a</delim><match><data>Enter command time \x28in ms\x29:\x0a</data></match></read>
    <read><delim>\x0a</delim><match><data>Simulation will send this command at the specified time in the simulation \x28max 2 minutes of simulation time\x29:\x0a</data></match></read>
    <write><data>330144\x0a</data></write>
    <read><delim>: </delim><match><data>Enter throttle position: </data></match></read>
    <write><data>1110\x0a</data></write>
    <read><delim>: </delim><match><data>Enter Source ID: </data></match></read>
    <write><data>0\x0a</data></write>
    <read><delim>: </delim><match><data>Enter Dest ID: </data></match></read>
    <write><data>20\x0a</data></write>
    <read><delim>\x0a</delim><match><data>Enter Command Type:\x0a</data></match></read>
    <read><delim>\x0a</delim><match><data>0 \x2d Read EGT\x0a</data></match></read>
    <read><delim>\x0a</delim><match><data>1 \x2d Read RPM\x0a</data></match></read>
    <read><delim>\x0a</delim><match><data>2 \x2d Read IAT\x0a</data></match></read>
    <read><delim>\x0a</delim><match><data>3 \x2d Read O2\x5f1\x0a</data></match></read>
    <read><delim>\x0a</delim><match><data>4 \x2d Read O2\x5f2\x0a</data></match></read>
    <read><delim>\x0a</delim><match><data>5 \x2d Read Engine Temp\x0a</data></match></read>
    <read><delim>\x0a</delim><match><data>6 \x2d Read Engine Torque\x0a</data></match></read>
    <read><delim>\x0a</delim><match><data>7 \x2d Start Engine\x0a</data></match></read>
    <read><delim>\x0a</delim><match><data>8 \x2d Stop Engine\x0a</data></match></read>
    <read><delim>\x0a</delim><match><data>9 \x2d Set Throttle Position\x0a</data></match></read>
    <read><delim>\x0a</delim><match><data>10 \x2d Set Engine Load\x0a</data></match></read>
    <read><delim>\x0a</delim><match><data>11 \x2d Send Binary Message\x0a</data></match></read>
    <write><data>7\x0a</data></write>
    <read><delim>\x0a</delim><match><data>Enter command time \x28in ms\x29:\x0a</data></match></read>
    <read><delim>\x0a</delim><match><data>Simulation will send this command at the specified time in the simulation \x28max 2 minutes of simulation time\x29:\x0a</data></match></read>
    <write><data>212799\x0a</data></write>
    <read><delim>\x0a</delim><match><data>Running simulation:\x0a</data></match></read>
    <read><delim>\x0a</delim><match><data>0 commands for simulation.\x0a</data></match></read>
    <read><delim>? </delim><match><data>Run another simulation \x28TS\x3d1453423162\x29 \x28y\x2fn\x29? </data></match></read>
    <write><data>n\x0a</data></write>
</replay>
</pov>