<?xml version="1.0" standalone="no" ?>
<!DOCTYPE pov SYSTEM "/usr/share/cgc-docs/replay.dtd">
<pov>
<cbid>service</cbid>
<seed>de5a83ba55219e5a6432cd7a42eb11ad5325b8ba9766b2b843ebb093162172b85a85126f079b99acef00472e1535793b</seed>
<replay>
    <read><delim>\x0a</delim><match><data>START::TS\x3d1453483139\x0a</data></match></read>
    <read><delim>: </delim><match><data>Enter number of simulation commands: </data></match></read>
    <write><data>3\x0a</data></write>
    <read><delim>: </delim><match><data>Enter Source ID: </data></match></read>
    <write><data>72\x0a</data></write>
    <read><delim>: </delim><match><data>Enter Dest ID: </data></match></read>
    <write><data>19\x0a</data></write>
    <read><delim>\x0a</delim><match><data>Enter Command Type:\x0a</data></match></read>
    <read><delim>\x0a</delim><match><data>0 \x2d Read EGT\x0a</data></match></read>
    <read><delim>\x0a</delim><match><data>1 \x2d Read RPM\x0a</data></match></read>
    <read><delim>\x0a</delim><match><data>2 \x2d Read IAT\x0a</data></match></read>
    <read><delim>\x0a</delim><match><data>3 \x2d Read O2\x5f1\x0a</data></match></read>
    <read><delim>\x0a</delim><match><data>4 \x2d Read O2\x5f2\x0a</data></match></read>
    <read><delim>\x0a</delim><match><data>5 \x2d Read Engine Temp\x0a</data></match></read>
    <read><delim>\x0a</delim><match><data>6 \x2d Read Engine Torque\x0a</data></match></read>
    <read><delim>\x0a</delim><match><data>7 \x2d Start Engine\x0a</data></match></read>
    <read><delim>\x0a</delim><match><data>8 \x2d Stop Engine\x0a</data></match></read>
    <read><delim>\x0a</delim><match><data>9 \x2d Set Throttle Position\x0a</data></match></read>
    <read><delim>\x0a</delim><match><data>10 \x2d Set Engine Load\x0a</data></match></read>
    <read><delim>\x0a</delim><match><data>11 \x2d Send Binary Message\x0a</data></match></read>
    <write><data>7\x0a</data></write>
    <read><delim>\x0a</delim><match><data>Enter command time \x28in ms\x29:\x0a</data></match></read>
    <read><delim>\x0a</delim><match><data>Simulation will send this command at the specified time in the simulation \x28max 2 minutes of simulation time\x29:\x0a</data></match></read>
    <write><data>110051\x0a</data></write>
    <read><delim>: </delim><match><data>Enter Source ID: </data></match></read>
    <write><data>0\x0a</data></write>
    <read><delim>: </delim><match><data>Enter Dest ID: </data></match></read>
    <write><data>216\x0a</data></write>
    <read><delim>\x0a</delim><match><data>Enter Command Type:\x0a</data></match></read>
    <read><delim>\x0a</delim><match><data>0 \x2d Read EGT\x0a</data></match></read>
    <read><delim>\x0a</delim><match><data>1 \x2d Read RPM\x0a</data></match></read>
    <read><delim>\x0a</delim><match><data>2 \x2d Read IAT\x0a</data></match></read>
    <read><delim>\x0a</delim><match><data>3 \x2d Read O2\x5f1\x0a</data></match></read>
    <read><delim>\x0a</delim><match><data>4 \x2d Read O2\x5f2\x0a</data></match></read>
    <read><delim>\x0a</delim><match><data>5 \x2d Read Engine Temp\x0a</data></match></read>
    <read><delim>\x0a</delim><match><data>6 \x2d Read Engine Torque\x0a</data></match></read>
    <read><delim>\x0a</delim><match><data>7 \x2d Start Engine\x0a</data></match></read>
    <read><delim>\x0a</delim><match><data>8 \x2d Stop Engine\x0a</data></match></read>
    <read><delim>\x0a</delim><match><data>9 \x2d Set Throttle Position\x0a</data></match></read>
    <read><delim>\x0a</delim><match><data>10 \x2d Set Engine Load\x0a</data></match></read>
    <read><delim>\x0a</delim><match><data>11 \x2d Send Binary Message\x0a</data></match></read>
    <write><data>5\x0a</data></write>
    <read><delim>\x0a</delim><match><data>Enter command time \x28in ms\x29:\x0a</data></match></read>
    <read><delim>\x0a</delim><match><data>Simulation will send this command at the specified time in the simulation \x28max 2 minutes of simulation time\x29:\x0a</data></match></read>
    <write><data>280110\x0a</data></write>
    <read><delim>: </delim><match><data>Enter Source ID: </data></match></read>
    <write><data>0\x0a</data></write>
    <read><delim>: </delim><match><data>Enter Dest ID: </data></match></read>
    <write><data>20\x0a</data></write>
    <read><delim>\x0a</delim><match><data>Enter Command Type:\x0a</data></match></read>
    <read><delim>\x0a</delim><match><data>0 \x2d Read EGT\x0a</data></match></read>
    <read><delim>\x0a</delim><match><data>1 \x2d Read RPM\x0a</data></match></read>
    <read><delim>\x0a</delim><match><data>2 \x2d Read IAT\x0a</data></match></read>
    <read><delim>\x0a</delim><match><data>3 \x2d Read O2\x5f1\x0a</data></match></read>
    <read><delim>\x0a</delim><match><data>4 \x2d Read O2\x5f2\x0a</data></match></read>
    <read><delim>\x0a</delim><match><data>5 \x2d Read Engine Temp\x0a</data></match></read>
    <read><delim>\x0a</delim><match><data>6 \x2d Read Engine Torque\x0a</data></match></read>
    <read><delim>\x0a</delim><match><data>7 \x2d Start Engine\x0a</data></match></read>
    <read><delim>\x0a</delim><match><data>8 \x2d Stop Engine\x0a</data></match></read>
    <read><delim>\x0a</delim><match><data>9 \x2d Set Throttle Position\x0a</data></match></read>
    <read><delim>\x0a</delim><match><data>10 \x2d Set Engine Load\x0a</data></match></read>
    <read><delim>\x0a</delim><match><data>11 \x2d Send Binary Message\x0a</data></match></read>
    <write><data>0\x0a</data></write>
    <read><delim>\x0a</delim><match><data>Enter command time \x28in ms\x29:\x0a</data></match></read>
    <read><delim>\x0a</delim><match><data>Simulation will send this command at the specified time in the simulation \x28max 2 minutes of simulation time\x29:\x0a</data></match></read>
    <write><data>200098\x0a</data></write>
    <read><delim>\x0a</delim><match><data>Running simulation:\x0a</data></match></read>
    <read><delim>\x0a</delim><match><data>\x5bTICK\x5d\x5b2201\x5d:\x0a</data></match></read>
    <read><delim>\x0a</delim><match><data>\x5bSENDCMD\x5d\x5bTIME\x3d110051\x5d\x5bLENGTH\x3d4\x5d\x5bSRC\x3d72\x5d\x5bDEST\x3d19\x5d\x0a</data></match></read>
    <read><delim>\x0a</delim><match><data>\x5bMESSAGE\x5d\x5bSRC\x3d19\x5d\x5bDEST\x3d255\x5d\x5bLENGTH\x3d4\x5d\x0a</data></match></read>
    <read><delim>\x0a</delim><match><data>01010001\x0a</data></match></read>
    <read><delim>\x0a</delim><match><data>Simulation complete.\x0a</data></match></read>
    <read><delim>? </delim><match><data>Run another simulation \x28TS\x3d1453343617\x29 \x28y\x2fn\x29? </data></match></read>
    <write><data>y\x0a</data></write>
    <read><delim>: </delim><match><data>Enter number of simulation commands: </data></match></read>
    <write><data>0\x0a</data></write>
    <read><delim>\x0a</delim><match><data>Running simulation:\x0a</data></match></read>
    <read><delim>\x0a</delim><match><data>0 commands for simulation.\x0a</data></match></read>
    <read><delim>? </delim><match><data>Run another simulation \x28TS\x3d1453205226\x29 \x28y\x2fn\x29? </data></match></read>
    <write><data>y\x0a</data></write>
    <read><delim>: </delim><match><data>Enter number of simulation commands: </data></match></read>
    <write><data>7\x0a</data></write>
    <read><delim>: </delim><match><data>Enter Source ID: </data></match></read>
    <write><data>0\x0a</data></write>
    <read><delim>: </delim><match><data>Enter Dest ID: </data></match></read>
    <write><data>19\x0a</data></write>
    <read><delim>\x0a</delim><match><data>Enter Command Type:\x0a</data></match></read>
    <read><delim>\x0a</delim><match><data>0 \x2d Read EGT\x0a</data></match></read>
    <read><delim>\x0a</delim><match><data>1 \x2d Read RPM\x0a</data></match></read>
    <read><delim>\x0a</delim><match><data>2 \x2d Read IAT\x0a</data></match></read>
    <read><delim>\x0a</delim><match><data>3 \x2d Read O2\x5f1\x0a</data></match></read>
    <read><delim>\x0a</delim><match><data>4 \x2d Read O2\x5f2\x0a</data></match></read>
    <read><delim>\x0a</delim><match><data>5 \x2d Read Engine Temp\x0a</data></match></read>
    <read><delim>\x0a</delim><match><data>6 \x2d Read Engine Torque\x0a</data></match></read>
    <read><delim>\x0a</delim><match><data>7 \x2d Start Engine\x0a</data></match></read>
    <read><delim>\x0a</delim><match><data>8 \x2d Stop Engine\x0a</data></match></read>
    <read><delim>\x0a</delim><match><data>9 \x2d Set Throttle Position\x0a</data></match></read>
    <read><delim>\x0a</delim><match><data>10 \x2d Set Engine Load\x0a</data></match></read>
    <read><delim>\x0a</delim><match><data>11 \x2d Send Binary Message\x0a</data></match></read>
    <write><data>1\x0a</data></write>
    <read><delim>\x0a</delim><match><data>Enter command time \x28in ms\x29:\x0a</data></match></read>
    <read><delim>\x0a</delim><match><data>Simulation will send this command at the specified time in the simulation \x28max 2 minutes of simulation time\x29:\x0a</data></match></read>
    <write><data>1317\x0a</data></write>
    <read><delim>: </delim><match><data>Enter Source ID: </data></match></read>
    <write><data>255\x0a</data></write>
    <read><delim>: </delim><match><data>Enter Dest ID: </data></match></read>
    <write><data>20\x0a</data></write>
    <read><delim>\x0a</delim><match><data>Enter Command Type:\x0a</data></match></read>
    <read><delim>\x0a</delim><match><data>0 \x2d Read EGT\x0a</data></match></read>
    <read><delim>\x0a</delim><match><data>1 \x2d Read RPM\x0a</data></match></read>
    <read><delim>\x0a</delim><match><data>2 \x2d Read IAT\x0a</data></match></read>
    <read><delim>\x0a</delim><match><data>3 \x2d Read O2\x5f1\x0a</data></match></read>
    <read><delim>\x0a</delim><match><data>4 \x2d Read O2\x5f2\x0a</data></match></read>
    <read><delim>\x0a</delim><match><data>5 \x2d Read Engine Temp\x0a</data></match></read>
    <read><delim>\x0a</delim><match><data>6 \x2d Read Engine Torque\x0a</data></match></read>
    <read><delim>\x0a</delim><match><data>7 \x2d Start Engine\x0a</data></match></read>
    <read><delim>\x0a</delim><match><data>8 \x2d Stop Engine\x0a</data></match></read>
    <read><delim>\x0a</delim><match><data>9 \x2d Set Throttle Position\x0a</data></match></read>
    <read><delim>\x0a</delim><match><data>10 \x2d Set Engine Load\x0a</data></match></read>
    <read><delim>\x0a</delim><match><data>11 \x2d Send Binary Message\x0a</data></match></read>
    <write><data>9\x0a</data></write>
    <read><delim>\x0a</delim><match><data>Enter command time \x28in ms\x29:\x0a</data></match></read>
    <read><delim>\x0a</delim><match><data>Simulation will send this command at the specified time in the simulation \x28max 2 minutes of simulation time\x29:\x0a</data></match></read>
    <write><data>86159\x0a</data></write>
    <read><delim>: </delim><match><data>Enter throttle position: </data></match></read>
    <write><data>1046\x0a</data></write>
    <read><delim>: </delim><match><data>Enter Source ID: </data></match></read>
    <write><data>0\x0a</data></write>
    <read><delim>: </delim><match><data>Enter Dest ID: </data></match></read>
    <write><data>180\x0a</data></write>
    <read><delim>\x0a</delim><match><data>Enter Command Type:\x0a</data></match></read>
    <read><delim>\x0a</delim><match><data>0 \x2d Read EGT\x0a</data></match></read>
    <read><delim>\x0a</delim><match><data>1 \x2d Read RPM\x0a</data></match></read>
    <read><delim>\x0a</delim><match><data>2 \x2d Read IAT\x0a</data></match></read>
    <read><delim>\x0a</delim><match><data>3 \x2d Read O2\x5f1\x0a</data></match></read>
    <read><delim>\x0a</delim><match><data>4 \x2d Read O2\x5f2\x0a</data></match></read>
    <read><delim>\x0a</delim><match><data>5 \x2d Read Engine Temp\x0a</data></match></read>
    <read><delim>\x0a</delim><match><data>6 \x2d Read Engine Torque\x0a</data></match></read>
    <read><delim>\x0a</delim><match><data>7 \x2d Start Engine\x0a</data></match></read>
    <read><delim>\x0a</delim><match><data>8 \x2d Stop Engine\x0a</data></match></read>
    <read><delim>\x0a</delim><match><data>9 \x2d Set Throttle Position\x0a</data></match></read>
    <read><delim>\x0a</delim><match><data>10 \x2d Set Engine Load\x0a</data></match></read>
    <read><delim>\x0a</delim><match><data>11 \x2d Send Binary Message\x0a</data></match></read>
    <write><data>8\x0a</data></write>
    <read><delim>\x0a</delim><match><data>Enter command time \x28in ms\x29:\x0a</data></match></read>
    <read><delim>\x0a</delim><match><data>Simulation will send this command at the specified time in the simulation \x28max 2 minutes of simulation time\x29:\x0a</data></match></read>
    <write><data>182783\x0a</data></write>
    <read><delim>: </delim><match><data>Enter Source ID: </data></match></read>
    <write><data>0\x0a</data></write>
    <read><delim>: </delim><match><data>Enter Dest ID: </data></match></read>
    <write><data>156\x0a</data></write>
    <read><delim>\x0a</delim><match><data>Enter Command Type:\x0a</data></match></read>
    <read><delim>\x0a</delim><match><data>0 \x2d Read EGT\x0a</data></match></read>
    <read><delim>\x0a</delim><match><data>1 \x2d Read RPM\x0a</data></match></read>
    <read><delim>\x0a</delim><match><data>2 \x2d Read IAT\x0a</data></match></read>
    <read><delim>\x0a</delim><match><data>3 \x2d Read O2\x5f1\x0a</data></match></read>
    <read><delim>\x0a</delim><match><data>4 \x2d Read O2\x5f2\x0a</data></match></read>
    <read><delim>\x0a</delim><match><data>5 \x2d Read Engine Temp\x0a</data></match></read>
    <read><delim>\x0a</delim><match><data>6 \x2d Read Engine Torque\x0a</data></match></read>
    <read><delim>\x0a</delim><match><data>7 \x2d Start Engine\x0a</data></match></read>
    <read><delim>\x0a</delim><match><data>8 \x2d Stop Engine\x0a</data></match></read>
    <read><delim>\x0a</delim><match><data>9 \x2d Set Throttle Position\x0a</data></match></read>
    <read><delim>\x0a</delim><match><data>10 \x2d Set Engine Load\x0a</data></match></read>
    <read><delim>\x0a</delim><match><data>11 \x2d Send Binary Message\x0a</data></match></read>
    <write><data>8\x0a</data></write>
    <read><delim>\x0a</delim><match><data>Enter command time \x28in ms\x29:\x0a</data></match></read>
    <read><delim>\x0a</delim><match><data>Simulation will send this command at the specified time in the simulation \x28max 2 minutes of simulation time\x29:\x0a</data></match></read>
    <write><data>146641\x0a</data></write>
    <read><delim>: </delim><match><data>Enter Source ID: </data></match></read>
    <write><data>255\x0a</data></write>
    <read><delim>: </delim><match><data>Enter Dest ID: </data></match></read>
    <write><data>19\x0a</data></write>
    <read><delim>\x0a</delim><match><data>Enter Command Type:\x0a</data></match></read>
    <read><delim>\x0a</delim><match><data>0 \x2d Read EGT\x0a</data></match></read>
    <read><delim>\x0a</delim><match><data>1 \x2d Read RPM\x0a</data></match></read>
    <read><delim>\x0a</delim><match><data>2 \x2d Read IAT\x0a</data></match></read>
    <read><delim>\x0a</delim><match><data>3 \x2d Read O2\x5f1\x0a</data></match></read>
    <read><delim>\x0a</delim><match><data>4 \x2d Read O2\x5f2\x0a</data></match></read>
    <read><delim>\x0a</delim><match><data>5 \x2d Read Engine Temp\x0a</data></match></read>
    <read><delim>\x0a</delim><match><data>6 \x2d Read Engine Torque\x0a</data></match></read>
    <read><delim>\x0a</delim><match><data>7 \x2d Start Engine\x0a</data></match></read>
    <read><delim>\x0a</delim><match><data>8 \x2d Stop Engine\x0a</data></match></read>
    <read><delim>\x0a</delim><match><data>9 \x2d Set Throttle Position\x0a</data></match></read>
    <read><delim>\x0a</delim><match><data>10 \x2d Set Engine Load\x0a</data></match></read>
    <read><delim>\x0a</delim><match><data>11 \x2d Send Binary Message\x0a</data></match></read>
    <write><data>10\x0a</data></write>
    <read><delim>\x0a</delim><match><data>Enter command time \x28in ms\x29:\x0a</data></match></read>
    <read><delim>\x0a</delim><match><data>Simulation will send this command at the specified time in the simulation \x28max 2 minutes of simulation time\x29:\x0a</data></match></read>
    <write><data>196205\x0a</data></write>
    <read><delim>: </delim><match><data>Set Engine Load: </data></match></read>
    <write><data>542\x0a</data></write>
    <read><delim>: </delim><match><data>Enter Source ID: </data></match></read>
    <write><data>0\x0a</data></write>
    <read><delim>: </delim><match><data>Enter Dest ID: </data></match></read>
    <write><data>20\x0a</data></write>
    <read><delim>\x0a</delim><match><data>Enter Command Type:\x0a</data></match></read>
    <read><delim>\x0a</delim><match><data>0 \x2d Read EGT\x0a</data></match></read>
    <read><delim>\x0a</delim><match><data>1 \x2d Read RPM\x0a</data></match></read>
    <read><delim>\x0a</delim><match><data>2 \x2d Read IAT\x0a</data></match></read>
    <read><delim>\x0a</delim><match><data>3 \x2d Read O2\x5f1\x0a</data></match></read>
    <read><delim>\x0a</delim><match><data>4 \x2d Read O2\x5f2\x0a</data></match></read>
    <read><delim>\x0a</delim><match><data>5 \x2d Read Engine Temp\x0a</data></match></read>
    <read><delim>\x0a</delim><match><data>6 \x2d Read Engine Torque\x0a</data></match></read>
    <read><delim>\x0a</delim><match><data>7 \x2d Start Engine\x0a</data></match></read>
    <read><delim>\x0a</delim><match><data>8 \x2d Stop Engine\x0a</data></match></read>
    <read><delim>\x0a</delim><match><data>9 \x2d Set Throttle Position\x0a</data></match></read>
    <read><delim>\x0a</delim><match><data>10 \x2d Set Engine Load\x0a</data></match></read>
    <read><delim>\x0a</delim><match><data>11 \x2d Send Binary Message\x0a</data></match></read>
    <write><data>7\x0a</data></write>
    <read><delim>\x0a</delim><match><data>Enter command time \x28in ms\x29:\x0a</data></match></read>
    <read><delim>\x0a</delim><match><data>Simulation will send this command at the specified time in the simulation \x28max 2 minutes of simulation time\x29:\x0a</data></match></read>
    <write><data>163777\x0a</data></write>
    <read><delim>: </delim><match><data>Enter Source ID: </data></match></read>
    <write><data>255\x0a</data></write>
    <read><delim>: </delim><match><data>Enter Dest ID: </data></match></read>
    <write><data>85\x0a</data></write>
    <read><delim>\x0a</delim><match><data>Enter Command Type:\x0a</data></match></read>
    <read><delim>\x0a</delim><match><data>0 \x2d Read EGT\x0a</data></match></read>
    <read><delim>\x0a</delim><match><data>1 \x2d Read RPM\x0a</data></match></read>
    <read><delim>\x0a</delim><match><data>2 \x2d Read IAT\x0a</data></match></read>
    <read><delim>\x0a</delim><match><data>3 \x2d Read O2\x5f1\x0a</data></match></read>
    <read><delim>\x0a</delim><match><data>4 \x2d Read O2\x5f2\x0a</data></match></read>
    <read><delim>\x0a</delim><match><data>5 \x2d Read Engine Temp\x0a</data></match></read>
    <read><delim>\x0a</delim><match><data>6 \x2d Read Engine Torque\x0a</data></match></read>
    <read><delim>\x0a</delim><match><data>7 \x2d Start Engine\x0a</data></match></read>
    <read><delim>\x0a</delim><match><data>8 \x2d Stop Engine\x0a</data></match></read>
    <read><delim>\x0a</delim><match><data>9 \x2d Set Throttle Position\x0a</data></match></read>
    <read><delim>\x0a</delim><match><data>10 \x2d Set Engine Load\x0a</data></match></read>
    <read><delim>\x0a</delim><match><data>11 \x2d Send Binary Message\x0a</data></match></read>
    <write><data>0\x0a</data></write>
    <read><delim>\x0a</delim><match><data>Enter command time \x28in ms\x29:\x0a</data></match></read>
    <read><delim>\x0a</delim><match><data>Simulation will send this command at the specified time in the simulation \x28max 2 minutes of simulation time\x29:\x0a</data></match></read>
    <write><data>156163\x0a</data></write>
    <read><delim>\x0a</delim><match><data>Running simulation:\x0a</data></match></read>
    <read><delim>\x0a</delim><match><data>\x5bTICK\x5d\x5b26\x5d:\x0a</data></match></read>
    <read><delim>\x0a</delim><match><data>\x5bSENDCMD\x5d\x5bTIME\x3d1317\x5d\x5bLENGTH\x3d4\x5d\x5bSRC\x3d0\x5d\x5bDEST\x3d19\x5d\x0a</data></match></read>
    <read><delim>\x0a</delim><match><data>\x5bMESSAGE\x5d\x5bSRC\x3d19\x5d\x5bDEST\x3d0\x5d\x5bLENGTH\x3d6\x5d\x0a</data></match></read>
    <read><delim>\x0a</delim><match><data>010300020000\x0a</data></match></read>
    <read><delim>\x0a</delim><match><data>\x5bTICK\x5d\x5b1723\x5d:\x0a</data></match></read>
    <read><delim>\x0a</delim><match><data>\x5bSENDCMD\x5d\x5bTIME\x3d86159\x5d\x5bLENGTH\x3d6\x5d\x5bSRC\x3d255\x5d\x5bDEST\x3d19\x5d\x0a</data></match></read>
    <read><delim>\x0a</delim><match><data>\x5bMESSAGE\x5d\x5bSRC\x3d19\x5d\x5bDEST\x3d255\x5d\x5bLENGTH\x3d4\x5d\x0a</data></match></read>
    <read><delim>\x0a</delim><match><data>020100fe\x0a</data></match></read>
    <read><delim>\x0a</delim><match><data>Simulation complete.\x0a</data></match></read>
    <read><delim>? </delim><match><data>Run another simulation \x28TS\x3d1453454660\x29 \x28y\x2fn\x29? </data></match></read>
    <write><data>y\x0a</data></write>
    <read><delim>: </delim><match><data>Enter number of simulation commands: </data></match></read>
    <write><data>1\x0a</data></write>
    <read><delim>: </delim><match><data>Enter Source ID: </data></match></read>
    <write><data>255\x0a</data></write>
    <read><delim>: </delim><match><data>Enter Dest ID: </data></match></read>
    <write><data>19\x0a</data></write>
    <read><delim>\x0a</delim><match><data>Enter Command Type:\x0a</data></match></read>
    <read><delim>\x0a</delim><match><data>0 \x2d Read EGT\x0a</data></match></read>
    <read><delim>\x0a</delim><match><data>1 \x2d Read RPM\x0a</data></match></read>
    <read><delim>\x0a</delim><match><data>2 \x2d Read IAT\x0a</data></match></read>
    <read><delim>\x0a</delim><match><data>3 \x2d Read O2\x5f1\x0a</data></match></read>
    <read><delim>\x0a</delim><match><data>4 \x2d Read O2\x5f2\x0a</data></match></read>
    <read><delim>\x0a</delim><match><data>5 \x2d Read Engine Temp\x0a</data></match></read>
    <read><delim>\x0a</delim><match><data>6 \x2d Read Engine Torque\x0a</data></match></read>
    <read><delim>\x0a</delim><match><data>7 \x2d Start Engine\x0a</data></match></read>
    <read><delim>\x0a</delim><match><data>8 \x2d Stop Engine\x0a</data></match></read>
    <read><delim>\x0a</delim><match><data>9 \x2d Set Throttle Position\x0a</data></match></read>
    <read><delim>\x0a</delim><match><data>10 \x2d Set Engine Load\x0a</data></match></read>
    <read><delim>\x0a</delim><match><data>11 \x2d Send Binary Message\x0a</data></match></read>
    <write><data>5\x0a</data></write>
    <read><delim>\x0a</delim><match><data>Enter command time \x28in ms\x29:\x0a</data></match></read>
    <read><delim>\x0a</delim><match><data>Simulation will send this command at the specified time in the simulation \x28max 2 minutes of simulation time\x29:\x0a</data></match></read>
    <write><data>256536\x0a</data></write>
    <read><delim>\x0a</delim><match><data>Running simulation:\x0a</data></match></read>
    <read><delim>\x0a</delim><match><data>0 commands for simulation.\x0a</data></match></read>
    <read><delim>? </delim><match><data>Run another simulation \x28TS\x3d1453466390\x29 \x28y\x2fn\x29? </data></match></read>
    <write><data>n\x0a</data></write>
</replay>
</pov>