<?xml version="1.0" standalone="no" ?>
<!DOCTYPE pov SYSTEM "/usr/share/cgc-docs/replay.dtd">
<pov>
<cbid>service</cbid>
<seed>d568feebbcec0bb7f3a4ac28fe8da79b2d67412468238c1e2c05a95ffe9cf93eb1a5c6bc1508b3cb7770618021734001</seed>
<replay>
    <read><delim>\x0a</delim><match><data>START::TS\x3d1453022900\x0a</data></match></read>
    <read><delim>: </delim><match><data>Enter number of simulation commands: </data></match></read>
    <write><data>2\x0a</data></write>
    <read><delim>: </delim><match><data>Enter Source ID: </data></match></read>
    <write><data>0\x0a</data></write>
    <read><delim>: </delim><match><data>Enter Dest ID: </data></match></read>
    <write><data>20\x0a</data></write>
    <read><delim>\x0a</delim><match><data>Enter Command Type:\x0a</data></match></read>
    <read><delim>\x0a</delim><match><data>0 \x2d Read EGT\x0a</data></match></read>
    <read><delim>\x0a</delim><match><data>1 \x2d Read RPM\x0a</data></match></read>
    <read><delim>\x0a</delim><match><data>2 \x2d Read IAT\x0a</data></match></read>
    <read><delim>\x0a</delim><match><data>3 \x2d Read O2\x5f1\x0a</data></match></read>
    <read><delim>\x0a</delim><match><data>4 \x2d Read O2\x5f2\x0a</data></match></read>
    <read><delim>\x0a</delim><match><data>5 \x2d Read Engine Temp\x0a</data></match></read>
    <read><delim>\x0a</delim><match><data>6 \x2d Read Engine Torque\x0a</data></match></read>
    <read><delim>\x0a</delim><match><data>7 \x2d Start Engine\x0a</data></match></read>
    <read><delim>\x0a</delim><match><data>8 \x2d Stop Engine\x0a</data></match></read>
    <read><delim>\x0a</delim><match><data>9 \x2d Set Throttle Position\x0a</data></match></read>
    <read><delim>\x0a</delim><match><data>10 \x2d Set Engine Load\x0a</data></match></read>
    <read><delim>\x0a</delim><match><data>11 \x2d Send Binary Message\x0a</data></match></read>
    <write><data>7\x0a</data></write>
    <read><delim>\x0a</delim><match><data>Enter command time \x28in ms\x29:\x0a</data></match></read>
    <read><delim>\x0a</delim><match><data>Simulation will send this command at the specified time in the simulation \x28max 2 minutes of simulation time\x29:\x0a</data></match></read>
    <write><data>328904\x0a</data></write>
    <read><delim>: </delim><match><data>Enter Source ID: </data></match></read>
    <write><data>0\x0a</data></write>
    <read><delim>: </delim><match><data>Enter Dest ID: </data></match></read>
    <write><data>230\x0a</data></write>
    <read><delim>\x0a</delim><match><data>Enter Command Type:\x0a</data></match></read>
    <read><delim>\x0a</delim><match><data>0 \x2d Read EGT\x0a</data></match></read>
    <read><delim>\x0a</delim><match><data>1 \x2d Read RPM\x0a</data></match></read>
    <read><delim>\x0a</delim><match><data>2 \x2d Read IAT\x0a</data></match></read>
    <read><delim>\x0a</delim><match><data>3 \x2d Read O2\x5f1\x0a</data></match></read>
    <read><delim>\x0a</delim><match><data>4 \x2d Read O2\x5f2\x0a</data></match></read>
    <read><delim>\x0a</delim><match><data>5 \x2d Read Engine Temp\x0a</data></match></read>
    <read><delim>\x0a</delim><match><data>6 \x2d Read Engine Torque\x0a</data></match></read>
    <read><delim>\x0a</delim><match><data>7 \x2d Start Engine\x0a</data></match></read>
    <read><delim>\x0a</delim><match><data>8 \x2d Stop Engine\x0a</data></match></read>
    <read><delim>\x0a</delim><match><data>9 \x2d Set Throttle Position\x0a</data></match></read>
    <read><delim>\x0a</delim><match><data>10 \x2d Set Engine Load\x0a</data></match></read>
    <read><delim>\x0a</delim><match><data>11 \x2d Send Binary Message\x0a</data></match></read>
    <write><data>0\x0a</data></write>
    <read><delim>\x0a</delim><match><data>Enter command time \x28in ms\x29:\x0a</data></match></read>
    <read><delim>\x0a</delim><match><data>Simulation will send this command at the specified time in the simulation \x28max 2 minutes of simulation time\x29:\x0a</data></match></read>
    <write><data>285128\x0a</data></write>
    <read><delim>\x0a</delim><match><data>Running simulation:\x0a</data></match></read>
    <read><delim>\x0a</delim><match><data>0 commands for simulation.\x0a</data></match></read>
    <read><delim>? </delim><match><data>Run another simulation \x28TS\x3d1453114498\x29 \x28y\x2fn\x29? </data></match></read>
    <write><data>n\x0a</data></write>
</replay>
</pov>