<?xml version="1.0" standalone="no" ?>
<!DOCTYPE pov SYSTEM "/usr/share/cgc-docs/replay.dtd">
<pov>
<cbid>service</cbid>
<seed>b7e88acb6bc1fb0d92a0a86e25efc5059db8bcb7a1a49fc229295308ea7752f487df5cd96943fb3ff235fff7d5ec1365</seed>
<replay>
    <read><length>9</length><match><data>A64F165F\x0a</data></match></read>
    <read><length>34</length><match><data>1. Compress\x0a2. Decompress\x0a3. Quit\x0a</data></match></read>
    <write><data>ILyFhI\x0a</data></write>
    <read><length>14</length><match><data>Invalid menu.\x0a</data></match></read>
    <read><length>34</length><match><data>1. Compress\x0a2. Decompress\x0a3. Quit\x0a</data></match></read>
    <write><data>1\x0a</data></write>
    <read><length>5</length><match><data>Key?\x0a</data></match></read>
    <write><data>\x27P\x23\x5b\x26ihZ9W0CF.Re5Q\x28I\x5d\x3b\x2a2\x5e6HE\x3cMN?8\x29lKk\x40\x22B\x3dwa\x60gt\x2c1yzL:VTx4\x7cpcO\x2f\x7euUrj\x24\x25obX\x5f7GdJA\x7bm\x3e3nsf vY\x2dS\x2bqD!\x5c\x7d</data></write>
    <read><length>6</length><match><data>Data?\x0a</data></match></read>
    <write><data>nnnIIIggggggtttMMMgggooo\x23\x23\x23TTT\x28\x28\x28\x00</data></write>
    <read><length>124</length><match><data>Original Size: 33\x0aCompressed Size: 31 \x2893\x25\x29\x0aCompressed Data: 230000003A44CA24815C6B0390DE05121424518425184213846D0BE213BC30\x0a</data></match></read>
    <read><length>34</length><match><data>1. Compress\x0a2. Decompress\x0a3. Quit\x0a</data></match></read>
    <write><data>2\x0a</data></write>
    <read><length>5</length><match><data>Key?\x0a</data></match></read>
    <write><data>\x27P\x23\x5b\x26ihZ9W0CF.Re5Q\x28I\x5d\x3b\x2a2\x5e6HE\x3cMN?8\x29lKk\x40\x22B\x3dwa\x60gt\x2c1yzL:VTx4\x7cpcO\x2f\x7euUrj\x24\x25obX\x5f7GdJA\x7bm\x3e3nsf vY\x2dS\x2bqD!\x5c\x7d</data></write>
    <read><length>8</length><match><data>Length?\x0a</data></match></read>
    <write><data>31\x0a</data></write>
    <read><length>6</length><match><data>Data?\x0a</data></match></read>
    <write><data>\x23\x00\x00\x00:D\xca\x24\x81\x5ck\x03\x90\xde\x05\x12\x14\x24Q\x84\x25\x18B\x13\x84m\x0b\xe2\x13\xbc0</data></write>
    <read><length>87</length><match><data>Compressed Size: 31\x0aOriginal Size: 33\x0aOriginal Data: nnnIIIggggggtttMMMgggooo\x23\x23\x23TTT\x28\x28\x28\x0a</data></match></read>
    <read><length>34</length><match><data>1. Compress\x0a2. Decompress\x0a3. Quit\x0a</data></match></read>
    <write><data>1\x0a</data></write>
    <read><length>5</length><match><data>Key?\x0a</data></match></read>
    <write><data>\x22\x25\x2aELOY9B!5K\x26xvi?WydsnICqwM :\x294hac\x277X\x3eV\x3d\x5bbfJ\x7eDZ\x3bH.TNPr1\x2b\x60gpUt\x5e\x2f3\x2d\x3cFoSm\x5clz\x5f\x5dj\x7d\x2c6Q8\x23kA\x40eu\x7c\x2402R\x7bG\x28</data></write>
    <read><length>6</length><match><data>Data?\x0a</data></match></read>
    <write><data>\x2c\x2c\x2c\x5b\x5b\x5b\x2c\x2c\x2c\x26\x26\x26\x24\x24\x24\x3e\x3e\x3eLLLBBBrrrTTTbbbgggooommm   BBB\x2f\x2f\x2fDDDaaaqqqxxxoooZZZiii\x00</data></write>
    <read><length>126</length><match><data>Original Size: 72\x0aCompressed Size: 63 \x2887\x25\x29\x0aCompressed Data: 4A00000026C48C268407A2B84206D18407832813C6B09C0898819A50EF2078D9\x0a</data></match></read>
    <read><length>34</length><match><data>1. Compress\x0a2. Decompress\x0a3. Quit\x0a</data></match></read>
    <write><data>2\x0a</data></write>
    <read><length>5</length><match><data>Key?\x0a</data></match></read>
    <write><data>\x22\x25\x2aELOY9B!5K\x26xvi?WydsnICqwM :\x294hac\x277X\x3eV\x3d\x5bbfJ\x7eDZ\x3bH.TNPr1\x2b\x60gpUt\x5e\x2f3\x2d\x3cFoSm\x5clz\x5f\x5dj\x7d\x2c6Q8\x23kA\x40eu\x7c\x2402R\x7bG\x28</data></write>
    <read><length>8</length><match><data>Length?\x0a</data></match></read>
    <write><data>63\x0a</data></write>
    <read><length>6</length><match><data>Data?\x0a</data></match></read>
    <write><data>J\x00\x00\x00\x26\xc4\x8c\x26\x84\x07\xa2\xb8B\x06\xd1\x84\x07\x83\x28\x13\xc6\xb0\x9c\x08\x98\x81\x9aP\xef x\xd96\x05R\x7c\x2d\x03\x0f\x60f\xac\x0bP\x80J\xe5\xe8\x5e\x13\xb4\x02T\x94?\x08\xf2\x10\x87\x02\x5e\x80L</data></write>
    <read><length>126</length><match><data>Compressed Size: 63\x0aOriginal Size: 72\x0aOriginal Data: \x2c\x2c\x2c\x5b\x5b\x5b\x2c\x2c\x2c\x26\x26\x26\x24\x24\x24\x3e\x3e\x3eLLLBBBrrrTTTbbbgggooommm   BBB\x2f\x2f\x2fDDDaaaqqqxxxoooZZZiii\x0a</data></match></read>
    <read><length>34</length><match><data>1. Compress\x0a2. Decompress\x0a3. Quit\x0a</data></match></read>
    <write><data>1\x0a</data></write>
    <read><length>5</length><match><data>Key?\x0a</data></match></read>
    <write><data>9\x7emt\x5bZisPSh\x5f8x\x40Y\x607DTwW\x3dXoJ\x25H\x2fOg\x2a1E\x5d6b\x3e\x2br:\x22\x7dUefcG3\x5c\x24C\x2dlB2qnM!K.A\x7caNy?pFu4\x5eL50\x3cR\x7b\x26d \x28I\x2ckzQv\x23\x3b\x27j\x29V</data></write>
    <read><length>6</length><match><data>Data?\x0a</data></match></read>
    <write><data>\x23\x23\x23\x3d\x3d\x3d!!!mmm\x3e\x3e\x3ejjj666VVVVVV\x5f\x5f\x5f\x00</data></write>
    <read><length>120</length><match><data>Original Size: 30\x0aCompressed Size: 29 \x2896\x25\x29\x0aCompressed Data: 200000000A44B62381F85B03D0E607D23C2C4986215B42F78571084218\x0a</data></match></read>
    <read><length>34</length><match><data>1. Compress\x0a2. Decompress\x0a3. Quit\x0a</data></match></read>
    <write><data>QNOtbJ\x0a</data></write>
    <read><length>14</length><match><data>Invalid menu.\x0a</data></match></read>
    <read><length>34</length><match><data>1. Compress\x0a2. Decompress\x0a3. Quit\x0a</data></match></read>
    <write><data>uAZPmd\x0a</data></write>
    <read><length>14</length><match><data>Invalid menu.\x0a</data></match></read>
    <read><length>34</length><match><data>1. Compress\x0a2. Decompress\x0a3. Quit\x0a</data></match></read>
    <write><data>lZPYHC\x0a</data></write>
    <read><length>14</length><match><data>Invalid menu.\x0a</data></match></read>
    <read><length>34</length><match><data>1. Compress\x0a2. Decompress\x0a3. Quit\x0a</data></match></read>
    <write><data>LcUB\x0a</data></write>
    <read><length>14</length><match><data>Invalid menu.\x0a</data></match></read>
    <read><length>34</length><match><data>1. Compress\x0a2. Decompress\x0a3. Quit\x0a</data></match></read>
    <write><data>1\x0a</data></write>
    <read><length>5</length><match><data>Key?\x0a</data></match></read>
    <write><data>L\x7b8y\x25\x29mdnO6T k\x7cavj!\x3bh\x3c\x23\x2a\x2fiRc?C\x5cHfgu\x405sw\x2cAUtoGV2\x60\x2bS7I\x3ezF\x5f\x24p4\x2dEDKrNM9WqPY0\x22\x7eQ\x27B\x5d1ex:blXJ\x28\x3d\x7d3\x5b\x26\x5e.Z</data></write>
    <read><length>6</length><match><data>Data?\x0a</data></match></read>
    <write><data>WWWmmm\x7e\x7e\x7e\x5f\x5f\x5fmmm\x28\x28\x28kkk\x3d\x3d\x3dEEEttt!!!???\x2d\x2d\x2dmmmZZZ\x3e\x3e\x3eEEEeeePPPiiieee\x5b\x5b\x5b\x5c\x5c\x5c:::KKK!!!666333???aaaUUU\x00</data></write>
    <read><length>126</length><match><data>Original Size: 93\x0aCompressed Size: 84 \x2890\x25\x29\x0aCompressed Data: 5F0000002A44C6582E0AA1084203617C0EC3381046D0AC0C050940CC4285A079\x0a</data></match></read>
    <read><length>34</length><match><data>1. Compress\x0a2. Decompress\x0a3. Quit\x0a</data></match></read>
    <write><data>1\x0a</data></write>
    <read><length>5</length><match><data>Key?\x0a</data></match></read>
    <write><data>\x5fl\x2f\x7c:\x2bXgjLo\x5d\x3bib\x5cS6T\x2aZv\x7bB1H9!G3Y8K\x25OEQwuI\x3ckN\x28\x3e\x2dJDP0aeycA\x40\x22r?MW\x7d\x23p\x5e2xz\x3d\x27FCs5\x26 \x5b7Rqm\x60.Un\x2c\x7eVht\x294\x24fd</data></write>
    <read><length>6</length><match><data>Data?\x0a</data></match></read>
    <write><data>hhhyyy444qqqccc555\x2a\x2a\x2a\x40\x40\x40ttt\x26\x26\x26DDD\x5f\x5f\x5fhhh444ooohhh777pppvvvwwwsssgggWWWppp\x22\x22\x22nnn\x7b\x7b\x7b777\x7d\x7d\x7dSSSEEE\x00</data></write>
    <read><length>126</length><match><data>Original Size: 93\x0aCompressed Size: 85 \x2891\x25\x29\x0aCompressed Data: 5F00000021449E2281A05503D8BA05F1AC0D43981887903A8FA16254284C87E0\x0a</data></match></read>
    <read><length>34</length><match><data>1. Compress\x0a2. Decompress\x0a3. Quit\x0a</data></match></read>
    <write><data>aaHrNx\x0a</data></write>
    <read><length>14</length><match><data>Invalid menu.\x0a</data></match></read>
    <read><length>34</length><match><data>1. Compress\x0a2. Decompress\x0a3. Quit\x0a</data></match></read>
    <write><data>1\x0a</data></write>
    <read><length>5</length><match><data>Key?\x0a</data></match></read>
    <write><data>V3YOQ\x5f7HEBTj\x3dmCSp\x28\x5dz4P\x25\x26\x40\x3b9uZ\x5e\x60reMvn\x7d\x3e\x2csN5xAicI\x5b\x2b\x7bG\x23\x2fk82\x7eLq1\x5cX J\x2aRw\x2dgUb?\x3cal\x29:yDth!\x24.0o6\x27fd\x7cF\x22KW</data></write>
    <read><length>6</length><match><data>Data?\x0a</data></match></read>
    <write><data>\x5b\x5b\x5b\x00</data></write>
    <read><length>77</length><match><data>Original Size: 3\x0aCompressed Size: 8 \x28266\x25\x29\x0aCompressed Data: 050000008409F080\x0a</data></match></read>
    <read><length>34</length><match><data>1. Compress\x0a2. Decompress\x0a3. Quit\x0a</data></match></read>
    <write><data>1\x0a</data></write>
    <read><length>5</length><match><data>Key?\x0a</data></match></read>
    <write><data>\x26P\x3d\x60f\x29UgvIodO\x2f!8Ki:\x24ZX\x2bMj\x7cpTFx5\x27h0R\x7dQ\x5b\x23Y\x2dAVBq\x5c9n \x5f1EN\x2aum\x5ecDsSl76J4\x3c.tW3e\x22\x3bH\x5dL\x28\x40wrkb\x7e\x7baG?zC\x2c2\x25\x3ey</data></write>
    <read><length>6</length><match><data>Data?\x0a</data></match></read>
    <write><data>OOO\x3c\x3c\x3c222444ssszzzGGG\x00</data></write>
    <read><length>107</length><match><data>Original Size: 21\x0aCompressed Size: 22 \x28104\x25\x29\x0aCompressed Data: 17000000840EC2D8188BB08C0F733242B03CC216AC28\x0a</data></match></read>
    <read><length>34</length><match><data>1. Compress\x0a2. Decompress\x0a3. Quit\x0a</data></match></read>
    <write><data>1\x0a</data></write>
    <read><length>5</length><match><data>Key?\x0a</data></match></read>
    <write><data>E2z\x25Qu\x3dr6o\x22csL\x29x\x5fpmZ:C\x23\x3e.KBk\x241\x3b\x2d5q\x2c eGO\x7eaX\x278\x28\x5d\x2bv\x7d\x2a\x5e\x40?\x7bDSTF\x60PYbJNw!Atn4i3\x5ch7I\x2f\x26Hglyd9MV\x7cjWUf\x3c\x5bR0</data></write>
    <read><length>6</length><match><data>Data?\x0a</data></match></read>
    <write><data>\x60\x60\x60\x28\x28\x28lllCCC???\x2d\x2d\x2dqqq\x7e\x7e\x7efff444eee???oooSSS\x26\x26\x26yyyvvvgggDDD\x00</data></write>
    <read><length>126</length><match><data>Original Size: 57\x0aCompressed Size: 51 \x2889\x25\x29\x0aCompressed Data: 3B00000036C4AA2B81C0710990A102240CE488489702E9460712AC330842FA38\x0a</data></match></read>
    <read><length>34</length><match><data>1. Compress\x0a2. Decompress\x0a3. Quit\x0a</data></match></read>
    <write><data>1\x0a</data></write>
    <read><length>5</length><match><data>Key?\x0a</data></match></read>
    <write><data>Nf\x7d\x2bOM\x60Ll\x40\x2f\x25uEnBz86Zd9\x23\x3c\x5c\x5d\x5eT.\x28r\x245gKHA1\x5f\x3eajQt\x29J\x2dD\x2ae\x3bU2smb\x7boY4\x5bXkP\x3dW\x7cyG vIx:VF\x27q30pS\x7eiC?\x2c!7\x22\x26wRhc</data></write>
    <read><length>6</length><match><data>Data?\x0a</data></match></read>
    <write><data>\x5d\x5d\x5drrrYYY\x27\x27\x27\x26\x26\x26fffXXXMMMIII\x2f\x2f\x2fMMMWWWUUU555UUU111RRR\x2f\x2f\x2fnnn555KKKnnn\x5e\x5e\x5e\x40\x40\x40aaawww\x2d\x2d\x2d\x28\x28\x28jjjRRRhhh\x00</data></write>
    <read><length>126</length><match><data>Original Size: 93\x0aCompressed Size: 81 \x2887\x25\x29\x0aCompressed Data: 5F0000000C44F42280ACBC2884203C16C290341F2502344690840FA408621329\x0a</data></match></read>
    <read><length>34</length><match><data>1. Compress\x0a2. Decompress\x0a3. Quit\x0a</data></match></read>
    <write><data>1\x0a</data></write>
    <read><length>5</length><match><data>Key?\x0a</data></match></read>
    <write><data>j\x60J\x26\x7cZ4\x3edAMN3\x5eqt0e\x2bFygD\x40V\x7b\x25vPhp\x3d89\x2ciB\x5br\x2d\x28Cx\x5cnsa\x29\x5fl\x27kc\x2amzwL5Qo:G\x5db \x22uKU\x2316YR\x2fITE\x7d!SWO?\x3bf72\x24\x7e\x3cH.X</data></write>
    <read><length>6</length><match><data>Data?\x0a</data></match></read>
    <write><data>jjjFFF\x2a\x2a\x2aSSScccWWWXXX\x5f\x5f\x5f\x2b\x2b\x2bUUU\x60\x60\x60\x40\x40\x40\x5c\x5c\x5c\x40\x40\x40qqqbbbIIIZZZ\x00</data></write>
    <read><length>126</length><match><data>Original Size: 54\x0aCompressed Size: 48 \x2888\x25\x29\x0aCompressed Data: 380000008404A2181944709C0D83918C0A4368606F0AC09D9942508DA07E3916\x0a</data></match></read>
    <read><length>34</length><match><data>1. Compress\x0a2. Decompress\x0a3. Quit\x0a</data></match></read>
    <write><data>2\x0a</data></write>
    <read><length>5</length><match><data>Key?\x0a</data></match></read>
    <write><data>j\x60J\x26\x7cZ4\x3edAMN3\x5eqt0e\x2bFygD\x40V\x7b\x25vPhp\x3d89\x2ciB\x5br\x2d\x28Cx\x5cnsa\x29\x5fl\x27kc\x2amzwL5Qo:G\x5db \x22uKU\x2316YR\x2fITE\x7d!SWO?\x3bf72\x24\x7e\x3cH.X</data></write>
    <read><length>8</length><match><data>Length?\x0a</data></match></read>
    <write><data>48\x0a</data></write>
    <read><length>6</length><match><data>Data?\x0a</data></match></read>
    <write><data>8\x00\x00\x00\x84\x04\xa2\x18\x19Dp\x9c\x0d\x83\x91\x8c\x0aCh\x60o\x0a\xc0\x9d\x99BP\x8d\xa0\x7e9\x16!r\xcc6d\x87\xe1\xdfBx\x85\xb0s\x86\xa1\x10</data></write>
    <read><length>108</length><match><data>Compressed Size: 48\x0aOriginal Size: 54\x0aOriginal Data: jjjFFF\x2a\x2a\x2aSSScccWWWXXX\x5f\x5f\x5f\x2b\x2b\x2bUUU\x60\x60\x60\x40\x40\x40\x5c\x5c\x5c\x40\x40\x40qqqbbbIIIZZZ\x0a</data></match></read>
    <read><length>34</length><match><data>1. Compress\x0a2. Decompress\x0a3. Quit\x0a</data></match></read>
    <write><data>2\x0a</data></write>
    <read><length>5</length><match><data>Key?\x0a</data></match></read>
    <write><data>j\x60J\x26\x7cZ4\x3edAMN3\x5eqt0e\x2bFygD\x40V\x7b\x25vPhp\x3d89\x2ciB\x5br\x2d\x28Cx\x5cnsa\x29\x5fl\x27kc\x2amzwL5Qo:G\x5db \x22uKU\x2316YR\x2fITE\x7d!SWO?\x3bf72\x24\x7e\x3cH.X</data></write>
    <read><length>8</length><match><data>Length?\x0a</data></match></read>
    <write><data>48\x0a</data></write>
    <read><length>6</length><match><data>Data?\x0a</data></match></read>
    <write><data>8\x00\x00\x00\x84\x04\xa2\x18\x19Dp\x9c\x0d\x83\x91\x8c\x0aCh\x60o\x0a\xc0\x9d\x99BP\x8d\xa0\x7e9\x16!r\xcc6d\x87\xe1\xdfBx\x85\xb0s\x86\xa1\x10</data></write>
    <read><length>108</length><match><data>Compressed Size: 48\x0aOriginal Size: 54\x0aOriginal Data: jjjFFF\x2a\x2a\x2aSSScccWWWXXX\x5f\x5f\x5f\x2b\x2b\x2bUUU\x60\x60\x60\x40\x40\x40\x5c\x5c\x5c\x40\x40\x40qqqbbbIIIZZZ\x0a</data></match></read>
    <read><length>34</length><match><data>1. Compress\x0a2. Decompress\x0a3. Quit\x0a</data></match></read>
    <write><data>3\x0a</data></write>
    <read><length>5</length><match><data>Bye.\x0a</data></match></read>
</replay>
</pov>