<?xml version="1.0" standalone="no" ?>
<!DOCTYPE pov SYSTEM "/usr/share/cgc-docs/replay.dtd">
<pov>
<cbid>service</cbid>
<seed>f791350d01b97ffc626d6dbf6b0b27052f7fc072a11d140f74ef8f2176f47e9f7ff8f2caf0906984db9e8101c01e7758</seed>
<replay>
    <read><length>9</length><match><data>32B4DCA1\x0a</data></match></read>
    <read><length>34</length><match><data>1. Compress\x0a2. Decompress\x0a3. Quit\x0a</data></match></read>
    <write><data>1\x0a</data></write>
    <read><length>5</length><match><data>Key?\x0a</data></match></read>
    <write><data>mBe\x3c\x28SJd\x3bG5\x2btl6P1Qs4TKU\x2c\x7cH\x5c.8!\x5fg\x2ff\x7eMn2\x7dFc\x5dV0O\x22\x243X:\x3dLuzD\x7bEywj\x2d\x5ebRv\x27\x5b rCihxaIpYo\x269?kA\x60Z\x2a7\x40\x29N\x23q\x25W\x3e</data></write>
    <read><length>6</length><match><data>Data?\x0a</data></match></read>
    <write><data>\x23\x23\x23NNNOOO\x00</data></write>
    <read><length>88</length><match><data>Original Size: 9\x0aCompressed Size: 13 \x28144\x25\x29\x0aCompressed Data: 0B000000C44F24D84607A84240\x0a</data></match></read>
    <read><length>34</length><match><data>1. Compress\x0a2. Decompress\x0a3. Quit\x0a</data></match></read>
    <write><data>2\x0a</data></write>
    <read><length>5</length><match><data>Key?\x0a</data></match></read>
    <write><data>mBe\x3c\x28SJd\x3bG5\x2btl6P1Qs4TKU\x2c\x7cH\x5c.8!\x5fg\x2ff\x7eMn2\x7dFc\x5dV0O\x22\x243X:\x3dLuzD\x7bEywj\x2d\x5ebRv\x27\x5b rCihxaIpYo\x269?kA\x60Z\x2a7\x40\x29N\x23q\x25W\x3e</data></write>
    <read><length>8</length><match><data>Length?\x0a</data></match></read>
    <write><data>13\x0a</data></write>
    <read><length>6</length><match><data>Data?\x0a</data></match></read>
    <write><data>\x0b\x00\x00\x00\xc4O\x24\xd8F\x07\xa8B\x40</data></write>
    <read><length>62</length><match><data>Compressed Size: 13\x0aOriginal Size: 9\x0aOriginal Data: \x23\x23\x23NNNOOO\x0a</data></match></read>
    <read><length>34</length><match><data>1. Compress\x0a2. Decompress\x0a3. Quit\x0a</data></match></read>
    <write><data>1\x0a</data></write>
    <read><length>5</length><match><data>Key?\x0a</data></match></read>
    <write><data>vEJ\x2aLrUZz\x40KBT\x3eRAFl?p3:7\x7bH\x7e1Dc\x2d\x29X!Q\x5fG\x5d5W9jhaN\x60SV\x3b\x26qPw\x22\x2fktI\x27mg\x5biO6\x24\x23\x25 ef.sYd\x2b\x7d\x3c\x28\x2c\x5eb8y0M4Cx\x7c2nu\x3do\x5c</data></write>
    <read><length>6</length><match><data>Data?\x0a</data></match></read>
    <write><data>ddd\x7d\x7d\x7dCCC\x5c\x5c\x5cSSSmmmnnn!!!\x2c\x2c\x2c666kkk\x24\x24\x24222BBB222VVVOOOyyy\x00</data></write>
    <read><length>126</length><match><data>Original Size: 54\x0aCompressed Size: 50 \x2892\x25\x29\x0aCompressed Data: 380000000DC4F22C81E88503F1421528C0C45A850BD0A18A1581C6C6481D4DD0\x0a</data></match></read>
    <read><length>34</length><match><data>1. Compress\x0a2. Decompress\x0a3. Quit\x0a</data></match></read>
    <write><data>2\x0a</data></write>
    <read><length>5</length><match><data>Key?\x0a</data></match></read>
    <write><data>vEJ\x2aLrUZz\x40KBT\x3eRAFl?p3:7\x7bH\x7e1Dc\x2d\x29X!Q\x5fG\x5d5W9jhaN\x60SV\x3b\x26qPw\x22\x2fktI\x27mg\x5biO6\x24\x23\x25 ef.sYd\x2b\x7d\x3c\x28\x2c\x5eb8y0M4Cx\x7c2nu\x3do\x5c</data></write>
    <read><length>8</length><match><data>Length?\x0a</data></match></read>
    <write><data>50\x0a</data></write>
    <read><length>6</length><match><data>Data?\x0a</data></match></read>
    <write><data>8\x00\x00\x00\x0d\xc4\xf2\x2c\x81\xe8\x85\x03\xf1B\x15\x28\xc0\xc4Z\x85\x0b\xd0\xa1\x8a\x15\x81\xc6\xc6H\x1dM\xd0\x81\xc2\x15\x87i\x0cP\xf3\x0e\xc2\x10\xc0\x40!\x0f\x04!\x60</data></write>
    <read><length>108</length><match><data>Compressed Size: 50\x0aOriginal Size: 54\x0aOriginal Data: ddd\x7d\x7d\x7dCCC\x5c\x5c\x5cSSSmmmnnn!!!\x2c\x2c\x2c666kkk\x24\x24\x24222BBB222VVVOOOyyy\x0a</data></match></read>
    <read><length>34</length><match><data>1. Compress\x0a2. Decompress\x0a3. Quit\x0a</data></match></read>
    <write><data>1\x0a</data></write>
    <read><length>5</length><match><data>Key?\x0a</data></match></read>
    <write><data>e\x5cYFhj5\x5bHqmU.W\x27\x7e\x28ZX3dMbTy\x2fuA\x29rs\x3co fI\x238OV4v\x24gnPkJ\x7bB\x25E7\x2bx!\x2aw\x2c\x5daCK\x5fzSc\x3dDt\x26\x3bL?2\x3e\x2d9:N6ip0\x22l\x7d\x60G\x40R\x7c1Q\x5e</data></write>
    <read><length>6</length><match><data>Data?\x0a</data></match></read>
    <write><data>\x29\x29\x29QQQ:::666OOOAAAOOOrrr\x5f\x5f\x5fnnn\x25\x25\x25\x29\x29\x29ZZZ\x2b\x2b\x2b555cccsss\x00</data></write>
    <read><length>126</length><match><data>Original Size: 51\x0aCompressed Size: 45 \x2888\x25\x29\x0aCompressed Data: 35000000E44AA2780F4670238FA13814C8328508309C0C53842070B984A30CC2\x0a</data></match></read>
    <read><length>34</length><match><data>1. Compress\x0a2. Decompress\x0a3. Quit\x0a</data></match></read>
    <write><data>1\x0a</data></write>
    <read><length>5</length><match><data>Key?\x0a</data></match></read>
    <write><data>\x2dETHmg6\x60\x5b2Warv\x7bGIL\x29\x3c\x3dOi\x3eXVMfF? \x28he\x7dn\x24oP7y!\x5fQ9BU\x27\x5e\x5d\x26qA.s\x2f\x22kYd8DpS3\x7eN:\x7cjwz\x2bt0\x2cbZl4c\x23\x255\x2aJ\x5c\x3buCRK1x\x40</data></write>
    <read><length>6</length><match><data>Data?\x0a</data></match></read>
    <write><data>sss\x22\x22\x22eeeGGGXXX444\x29\x29\x29777\x22\x22\x22\x5d\x5d\x5dTTT\x5f\x5f\x5fssshhhHHHSSS000SSSsss\x22\x22\x22???888\x00</data></write>
    <read><length>126</length><match><data>Original Size: 66\x0aCompressed Size: 57 \x2886\x25\x29\x0aCompressed Data: 440000003944A42481084D0218CE0701BC243D8168870C40B38852E4C86C9F0E\x0a</data></match></read>
    <read><length>34</length><match><data>1. Compress\x0a2. Decompress\x0a3. Quit\x0a</data></match></read>
    <write><data>iPWLFj\x0a</data></write>
    <read><length>14</length><match><data>Invalid menu.\x0a</data></match></read>
    <read><length>34</length><match><data>1. Compress\x0a2. Decompress\x0a3. Quit\x0a</data></match></read>
    <write><data>2\x0a</data></write>
    <read><length>5</length><match><data>Key?\x0a</data></match></read>
    <write><data>\x2dETHmg6\x60\x5b2Warv\x7bGIL\x29\x3c\x3dOi\x3eXVMfF? \x28he\x7dn\x24oP7y!\x5fQ9BU\x27\x5e\x5d\x26qA.s\x2f\x22kYd8DpS3\x7eN:\x7cjwz\x2bt0\x2cbZl4c\x23\x255\x2aJ\x5c\x3buCRK1x\x40</data></write>
    <read><length>8</length><match><data>Length?\x0a</data></match></read>
    <write><data>57\x0a</data></write>
    <read><length>6</length><match><data>Data?\x0a</data></match></read>
    <write><data>D\x00\x00\x009D\xa4\x24\x81\x08M\x02\x18\xce\x07\x01\xbc\x24\x3d\x81h\x87\x0c\x40\xb3\x88R\xe4\xc8l\x9f\x0e\xc2\xb7\x84\xcc\x25\xf9\xc2\x10\xa4!\x08B0\xbc\xe1\xba\xc0\xd8\x10\x94\x25\x08\x84!\xf0</data></write>
    <read><length>120</length><match><data>Compressed Size: 57\x0aOriginal Size: 66\x0aOriginal Data: sss\x22\x22\x22eeeGGGXXX444\x29\x29\x29777\x22\x22\x22\x5d\x5d\x5dTTT\x5f\x5f\x5fssshhhHHHSSS000SSSsss\x22\x22\x22???888\x0a</data></match></read>
    <read><length>34</length><match><data>1. Compress\x0a2. Decompress\x0a3. Quit\x0a</data></match></read>
    <write><data>yNsEyI\x0a</data></write>
    <read><length>14</length><match><data>Invalid menu.\x0a</data></match></read>
    <read><length>34</length><match><data>1. Compress\x0a2. Decompress\x0a3. Quit\x0a</data></match></read>
    <write><data>2\x0a</data></write>
    <read><length>5</length><match><data>Key?\x0a</data></match></read>
    <write><data>\x2dETHmg6\x60\x5b2Warv\x7bGIL\x29\x3c\x3dOi\x3eXVMfF? \x28he\x7dn\x24oP7y!\x5fQ9BU\x27\x5e\x5d\x26qA.s\x2f\x22kYd8DpS3\x7eN:\x7cjwz\x2bt0\x2cbZl4c\x23\x255\x2aJ\x5c\x3buCRK1x\x40</data></write>
    <read><length>8</length><match><data>Length?\x0a</data></match></read>
    <write><data>57\x0a</data></write>
    <read><length>6</length><match><data>Data?\x0a</data></match></read>
    <write><data>D\x00\x00\x009D\xa4\x24\x81\x08M\x02\x18\xce\x07\x01\xbc\x24\x3d\x81h\x87\x0c\x40\xb3\x88R\xe4\xc8l\x9f\x0e\xc2\xb7\x84\xcc\x25\xf9\xc2\x10\xa4!\x08B0\xbc\xe1\xba\xc0\xd8\x10\x94\x25\x08\x84!\xf0</data></write>
    <read><length>120</length><match><data>Compressed Size: 57\x0aOriginal Size: 66\x0aOriginal Data: sss\x22\x22\x22eeeGGGXXX444\x29\x29\x29777\x22\x22\x22\x5d\x5d\x5dTTT\x5f\x5f\x5fssshhhHHHSSS000SSSsss\x22\x22\x22???888\x0a</data></match></read>
    <read><length>34</length><match><data>1. Compress\x0a2. Decompress\x0a3. Quit\x0a</data></match></read>
    <write><data>UTkLSG\x0a</data></write>
    <read><length>14</length><match><data>Invalid menu.\x0a</data></match></read>
    <read><length>34</length><match><data>1. Compress\x0a2. Decompress\x0a3. Quit\x0a</data></match></read>
    <write><data>2\x0a</data></write>
    <read><length>5</length><match><data>Key?\x0a</data></match></read>
    <write><data>\x2dETHmg6\x60\x5b2Warv\x7bGIL\x29\x3c\x3dOi\x3eXVMfF? \x28he\x7dn\x24oP7y!\x5fQ9BU\x27\x5e\x5d\x26qA.s\x2f\x22kYd8DpS3\x7eN:\x7cjwz\x2bt0\x2cbZl4c\x23\x255\x2aJ\x5c\x3buCRK1x\x40</data></write>
    <read><length>8</length><match><data>Length?\x0a</data></match></read>
    <write><data>57\x0a</data></write>
    <read><length>6</length><match><data>Data?\x0a</data></match></read>
    <write><data>D\x00\x00\x009D\xa4\x24\x81\x08M\x02\x18\xce\x07\x01\xbc\x24\x3d\x81h\x87\x0c\x40\xb3\x88R\xe4\xc8l\x9f\x0e\xc2\xb7\x84\xcc\x25\xf9\xc2\x10\xa4!\x08B0\xbc\xe1\xba\xc0\xd8\x10\x94\x25\x08\x84!\xf0</data></write>
    <read><length>120</length><match><data>Compressed Size: 57\x0aOriginal Size: 66\x0aOriginal Data: sss\x22\x22\x22eeeGGGXXX444\x29\x29\x29777\x22\x22\x22\x5d\x5d\x5dTTT\x5f\x5f\x5fssshhhHHHSSS000SSSsss\x22\x22\x22???888\x0a</data></match></read>
    <read><length>34</length><match><data>1. Compress\x0a2. Decompress\x0a3. Quit\x0a</data></match></read>
    <write><data>1\x0a</data></write>
    <read><length>5</length><match><data>Key?\x0a</data></match></read>
    <write><data>z3\x22R\x5cb\x7bZInt\x24Eo0c\x3cMrF8H\x7dBGAi\x7c\x25\x28\x5d\x2c9d\x40O\x5bWDglk?mQ\x2dxh\x2f\x3d\x607\x7eaSqC1Kpy\x3eXPjwe\x26!\x27.\x5e\x5f\x23LuT\x29\x2a5N6YJs\x3bUfv:42V \x2b</data></write>
    <read><length>6</length><match><data>Data?\x0a</data></match></read>
    <write><data>VVVaaaVVVbbb\x5b\x5b\x5b???zzzYYY\x22\x22\x22777DDDPPPXXX???NNNbbbiii444XXXHHHnnnYYYWWW\x3c\x3c\x3cmmm\x00</data></write>
    <read><length>126</length><match><data>Original Size: 75\x0aCompressed Size: 65 \x2886\x25\x29\x0aCompressed Data: 4D00000039C4962281CC4B0391F0550840742F81286F09C0C5520C224B85A1B2\x0a</data></match></read>
    <read><length>34</length><match><data>1. Compress\x0a2. Decompress\x0a3. Quit\x0a</data></match></read>
    <write><data>1\x0a</data></write>
    <read><length>5</length><match><data>Key?\x0a</data></match></read>
    <write><data>\x3b\x28pURD52H8fvXrk6in\x60Y7!t \x5e\x26S\x7eQaKCM\x3eseWG.\x3d\x3cyu:\x23\x2a\x294?mxz\x2cTwLF\x22\x5b\x2fjob\x2b\x40cE9h\x27Bl\x24I0N\x5fZ\x2d\x5c\x5dVOPqJ\x7d\x7cA\x7b1dg3\x25</data></write>
    <read><length>6</length><match><data>Data?\x0a</data></match></read>
    <write><data>BBB\x3d\x3d\x3d666UUUWWW555bbb\x3d\x3d\x3d\x7c\x7c\x7c\x2d\x2d\x2d\x2c\x2c\x2cZZZ   000\x00</data></write>
    <read><length>126</length><match><data>Original Size: 42\x0aCompressed Size: 39 \x2892\x25\x29\x0aCompressed Data: 2C0000000EC45E2481105109C08E6D1D42B0B52067304A06E2C4270D5606C843\x0a</data></match></read>
    <read><length>34</length><match><data>1. Compress\x0a2. Decompress\x0a3. Quit\x0a</data></match></read>
    <write><data>2\x0a</data></write>
    <read><length>5</length><match><data>Key?\x0a</data></match></read>
    <write><data>\x3b\x28pURD52H8fvXrk6in\x60Y7!t \x5e\x26S\x7eQaKCM\x3eseWG.\x3d\x3cyu:\x23\x2a\x294?mxz\x2cTwLF\x22\x5b\x2fjob\x2b\x40cE9h\x27Bl\x24I0N\x5fZ\x2d\x5c\x5dVOPqJ\x7d\x7cA\x7b1dg3\x25</data></write>
    <read><length>8</length><match><data>Length?\x0a</data></match></read>
    <write><data>39\x0a</data></write>
    <read><length>6</length><match><data>Data?\x0a</data></match></read>
    <write><data>\x2c\x00\x00\x00\x0e\xc4\x5e\x24\x81\x10Q\x09\xc0\x8em\x1dB\xb0\xb5 g0J\x06\xe2\xc4\x27\x0dV\x06\xc8C:\x85\xaf\x03\xbc!\x90</data></write>
    <read><length>96</length><match><data>Compressed Size: 39\x0aOriginal Size: 42\x0aOriginal Data: BBB\x3d\x3d\x3d666UUUWWW555bbb\x3d\x3d\x3d\x7c\x7c\x7c\x2d\x2d\x2d\x2c\x2c\x2cZZZ   000\x0a</data></match></read>
    <read><length>34</length><match><data>1. Compress\x0a2. Decompress\x0a3. Quit\x0a</data></match></read>
    <write><data>1\x0a</data></write>
    <read><length>5</length><match><data>Key?\x0a</data></match></read>
    <write><data>u?8\x2dY\x24\x2biNj\x293K\x3dw \x5b\x7cRrc7d\x5dehQb\x3e\x60\x2f\x40ZM5\x23vEkS.LTmqgDzAtIB6H1:\x2aGUf\x22xX0\x2cCl9\x7d\x5f\x3cFW\x28s\x5e2\x5cOPn\x3bya!\x27V\x26\x7eJp4\x7bo\x25</data></write>
    <read><length>6</length><match><data>Data?\x0a</data></match></read>
    <write><data>VVVUUU\x25\x25\x25999\x00</data></write>
    <read><length>93</length><match><data>Original Size: 12\x0aCompressed Size: 15 \x28125\x25\x29\x0aCompressed Data: 0E000000C44EC5B81F8CB09C23284C\x0a</data></match></read>
    <read><length>34</length><match><data>1. Compress\x0a2. Decompress\x0a3. Quit\x0a</data></match></read>
    <write><data>1\x0a</data></write>
    <read><length>5</length><match><data>Key?\x0a</data></match></read>
    <write><data>vT\x7d\x5e\x3d\x7b7 \x28Z\x2fUk\x5fQ?tiyRc4aE\x7cz\x29F\x5b2NM\x3e\x5c6qHPBfAWS\x3cw\x5dsYG0Kjn\x25\x2a\x27\x2c\x2dOX.m\x40o!C\x23Jxbpg\x2b5Dle\x22\x60u\x3b91dh3r\x26\x24V:8L\x7eI</data></write>
    <read><length>6</length><match><data>Data?\x0a</data></match></read>
    <write><data>\x2c\x2c\x2cVVVXXX\x2a\x2a\x2aCCCTTTbbbMMM555xxxAAA\x28\x28\x28\x3d\x3d\x3dnnn\x2d\x2d\x2d\x3d\x3d\x3d\x00</data></write>
    <read><length>126</length><match><data>Original Size: 48\x0aCompressed Size: 44 \x2891\x25\x29\x0aCompressed Data: 320000000C44C22280A4B427842128128CA4384A065A96205E2DC265D86A15AC\x0a</data></match></read>
    <read><length>34</length><match><data>1. Compress\x0a2. Decompress\x0a3. Quit\x0a</data></match></read>
    <write><data>2\x0a</data></write>
    <read><length>5</length><match><data>Key?\x0a</data></match></read>
    <write><data>vT\x7d\x5e\x3d\x7b7 \x28Z\x2fUk\x5fQ?tiyRc4aE\x7cz\x29F\x5b2NM\x3e\x5c6qHPBfAWS\x3cw\x5dsYG0Kjn\x25\x2a\x27\x2c\x2dOX.m\x40o!C\x23Jxbpg\x2b5Dle\x22\x60u\x3b91dh3r\x26\x24V:8L\x7eI</data></write>
    <read><length>8</length><match><data>Length?\x0a</data></match></read>
    <write><data>44\x0a</data></write>
    <read><length>6</length><match><data>Data?\x0a</data></match></read>
    <write><data>2\x00\x00\x00\x0cD\xc2\x22\x80\xa4\xb4\x27\x84!\x28\x12\x8c\xa48J\x06Z\x96 \x5e\x2d\xc2e\xd8j\x15\xac\x0f\x3d\x85\xf1\x03W!\xe9C\xb7\x86\xc0</data></write>
    <read><length>102</length><match><data>Compressed Size: 44\x0aOriginal Size: 48\x0aOriginal Data: \x2c\x2c\x2cVVVXXX\x2a\x2a\x2aCCCTTTbbbMMM555xxxAAA\x28\x28\x28\x3d\x3d\x3dnnn\x2d\x2d\x2d\x3d\x3d\x3d\x0a</data></match></read>
    <read><length>34</length><match><data>1. Compress\x0a2. Decompress\x0a3. Quit\x0a</data></match></read>
    <write><data>1\x0a</data></write>
    <read><length>5</length><match><data>Key?\x0a</data></match></read>
    <write><data>\x5eQ9xl:\x25\x29m1\x26sdPzvT\x7d\x3cJ\x7bDH\x7cA?\x40qprg\x28\x2dNC\x2cRM!c\x228\x230youe\x60ji3f5\x2aUSOF\x5fb\x3e\x3d\x2b\x24an6\x5ctIGYLV\x27K2\x2fkBZ\x3bWw4hE\x5dX7\x5b. \x7e</data></write>
    <read><length>6</length><match><data>Data?\x0a</data></match></read>
    <write><data>vvvJJJvvvRRR!!!\x60\x60\x60aaaIIIuuu\x7e\x7e\x7e\x22\x22\x22hhh\x7c\x7c\x7cFFFvvv\x2d\x2d\x2d333sss111:::\x00</data></write>
    <read><length>126</length><match><data>Original Size: 60\x0aCompressed Size: 52 \x2886\x25\x29\x0aCompressed Data: 3E000000CC4522684602B840A732D0D4650842108C22761D424438448F081260\x0a</data></match></read>
    <read><length>34</length><match><data>1. Compress\x0a2. Decompress\x0a3. Quit\x0a</data></match></read>
    <write><data>dLdehN\x0a</data></write>
    <read><length>14</length><match><data>Invalid menu.\x0a</data></match></read>
    <read><length>34</length><match><data>1. Compress\x0a2. Decompress\x0a3. Quit\x0a</data></match></read>
    <write><data>1\x0a</data></write>
    <read><length>5</length><match><data>Key?\x0a</data></match></read>
    <write><data>5?LmE91i\x7cd\x26u\x28SzyVNg:K\x5e6ZafbU\x5d\x5c\x7d0\x3bh\x24\x5foknsr\x2a4 \x29\x27qtX\x2c.\x7ej\x2b\x7bYFI\x40MRJQ\x3eWA\x2deB3O\x2fGTcP!pw\x25\x23\x60CD8\x5blvH72x\x3c\x3d\x22</data></write>
    <read><length>6</length><match><data>Data?\x0a</data></match></read>
    <write><data>:::NNNttt\x3d\x3d\x3dPPPkkk\x2a\x2a\x2a\x2f\x2f\x2fKKKCCC\x2b\x2b\x2bTTTeee\x3b\x3b\x3bAAAiiivvvbbbYYY\x23\x23\x23222jjj\x00</data></write>
    <read><length>126</length><match><data>Original Size: 66\x0aCompressed Size: 61 \x2892\x25\x29\x0aCompressed Data: 44000000C44C22880D06708C0AA671BC0EE3E81948B03612E1027C365586E07A\x0a</data></match></read>
    <read><length>34</length><match><data>1. Compress\x0a2. Decompress\x0a3. Quit\x0a</data></match></read>
    <write><data>DDKehi\x0a</data></write>
    <read><length>14</length><match><data>Invalid menu.\x0a</data></match></read>
    <read><length>34</length><match><data>1. Compress\x0a2. Decompress\x0a3. Quit\x0a</data></match></read>
    <write><data>1\x0a</data></write>
    <read><length>5</length><match><data>Key?\x0a</data></match></read>
    <write><data>CH9\x7b\x5d:\x28QZ\x7e\x24\x27\x29u\x60.\x26jm\x2arfPkU\x3e\x2d \x25Xdi\x2b5Bq7\x5eTYE\x2cg6o?\x22F\x3bD\x7dlnx\x3dK\x5c4\x5fI3\x3c8yJv\x40zRb\x23MwLca0NSAesh2WG!Ot\x5bp\x2f1\x7cV</data></write>
    <read><length>6</length><match><data>Data?\x0a</data></match></read>
    <write><data>\x5d\x5d\x5d\x22\x22\x22LLLjjjXXX\x00</data></write>
    <read><length>99</length><match><data>Original Size: 15\x0aCompressed Size: 18 \x28120\x25\x29\x0aCompressed Data: 110000008407A2581A46709C23327C290880\x0a</data></match></read>
    <read><length>34</length><match><data>1. Compress\x0a2. Decompress\x0a3. Quit\x0a</data></match></read>
    <write><data>2\x0a</data></write>
    <read><length>5</length><match><data>Key?\x0a</data></match></read>
    <write><data>CH9\x7b\x5d:\x28QZ\x7e\x24\x27\x29u\x60.\x26jm\x2arfPkU\x3e\x2d \x25Xdi\x2b5Bq7\x5eTYE\x2cg6o?\x22F\x3bD\x7dlnx\x3dK\x5c4\x5fI3\x3c8yJv\x40zRb\x23MwLca0NSAesh2WG!Ot\x5bp\x2f1\x7cV</data></write>
    <read><length>8</length><match><data>Length?\x0a</data></match></read>
    <write><data>18\x0a</data></write>
    <read><length>6</length><match><data>Data?\x0a</data></match></read>
    <write><data>\x11\x00\x00\x00\x84\x07\xa2X\x1aFp\x9c\x232\x7c\x29\x08\x80</data></write>
    <read><length>69</length><match><data>Compressed Size: 18\x0aOriginal Size: 15\x0aOriginal Data: \x5d\x5d\x5d\x22\x22\x22LLLjjjXXX\x0a</data></match></read>
    <read><length>34</length><match><data>1. Compress\x0a2. Decompress\x0a3. Quit\x0a</data></match></read>
    <write><data>2\x0a</data></write>
    <read><length>5</length><match><data>Key?\x0a</data></match></read>
    <write><data>CH9\x7b\x5d:\x28QZ\x7e\x24\x27\x29u\x60.\x26jm\x2arfPkU\x3e\x2d \x25Xdi\x2b5Bq7\x5eTYE\x2cg6o?\x22F\x3bD\x7dlnx\x3dK\x5c4\x5fI3\x3c8yJv\x40zRb\x23MwLca0NSAesh2WG!Ot\x5bp\x2f1\x7cV</data></write>
    <read><length>8</length><match><data>Length?\x0a</data></match></read>
    <write><data>18\x0a</data></write>
    <read><length>6</length><match><data>Data?\x0a</data></match></read>
    <write><data>\x11\x00\x00\x00\x84\x07\xa2X\x1aFp\x9c\x232\x7c\x29\x08\x80</data></write>
    <read><length>69</length><match><data>Compressed Size: 18\x0aOriginal Size: 15\x0aOriginal Data: \x5d\x5d\x5d\x22\x22\x22LLLjjjXXX\x0a</data></match></read>
    <read><length>34</length><match><data>1. Compress\x0a2. Decompress\x0a3. Quit\x0a</data></match></read>
    <write><data>1\x0a</data></write>
    <read><length>5</length><match><data>Key?\x0a</data></match></read>
    <write><data>9\x23\x2bj\x3egl6qKF\x2681\x255T\x2fu\x24Z7!\x5d\x28wAP4SfMa\x7db\x3boRLy\x5bv\x40\x29OGzDte :\x2am3ickC\x3c\x5eNI0YU\x27dE\x60H\x3dnWB\x2d\x2c\x7cX\x5c\x22p?J\x7bh\x7e2s.\x5fxrVQ</data></write>
    <read><length>6</length><match><data>Data?\x0a</data></match></read>
    <write><data>AAAYYYlllQQQFFFooo   \x2d\x2d\x2dnnnDDD\x27\x27\x27FFFOOOuuu\x29\x29\x29\x5f\x5f\x5f\x25\x25\x25MMMqqq\x2d\x2d\x2dDDD\x26\x26\x26vvvGGGdddFFFpppIII   EEE111\x2b\x2b\x2bzzz\x00</data></write>
    <read><length>126</length><match><data>Original Size: 99\x0aCompressed Size: 89 \x2889\x25\x29\x0aCompressed Data: 650000000F445A238180510200AE07E3199061084210298CA1B8194F636814C7\x0a</data></match></read>
    <read><length>34</length><match><data>1. Compress\x0a2. Decompress\x0a3. Quit\x0a</data></match></read>
    <write><data>2\x0a</data></write>
    <read><length>5</length><match><data>Key?\x0a</data></match></read>
    <write><data>9\x23\x2bj\x3egl6qKF\x2681\x255T\x2fu\x24Z7!\x5d\x28wAP4SfMa\x7db\x3boRLy\x5bv\x40\x29OGzDte :\x2am3ickC\x3c\x5eNI0YU\x27dE\x60H\x3dnWB\x2d\x2c\x7cX\x5c\x22p?J\x7bh\x7e2s.\x5fxrVQ</data></write>
    <read><length>8</length><match><data>Length?\x0a</data></match></read>
    <write><data>89\x0a</data></write>
    <read><length>6</length><match><data>Data?\x0a</data></match></read>
    <write><data>e\x00\x00\x00\x0fDZ\x23\x81\x80Q\x02\x00\xae\x07\xe3\x19\x90a\x08B\x10\x29\x8c\xa1\xb8\x19Och\x14\xc7p\x2a\x91!\xf8Wd\xd8l\xa5\x0c\x15!\xa8Z\x85Xn\x01\x60\x84\x0d\xa6\xb9\x40\xcd\xd2\xdc!\x09\x40\xe6\x1b\x80L1\x0b\x86!\xd0\xbc3\xb8r\x10\x84\x03S\xdc\x02!\x88\x05\x03P\x0d\x80</data></write>
    <read><length>153</length><match><data>Compressed Size: 89\x0aOriginal Size: 99\x0aOriginal Data: AAAYYYlllQQQFFFooo   \x2d\x2d\x2dnnnDDD\x27\x27\x27FFFOOOuuu\x29\x29\x29\x5f\x5f\x5f\x25\x25\x25MMMqqq\x2d\x2d\x2dDDD\x26\x26\x26vvvGGGdddFFFpppIII   EEE111\x2b\x2b\x2bzzz\x0a</data></match></read>
    <read><length>34</length><match><data>1. Compress\x0a2. Decompress\x0a3. Quit\x0a</data></match></read>
    <write><data>1\x0a</data></write>
    <read><length>5</length><match><data>Key?\x0a</data></match></read>
    <write><data>Ej3G\x5eTIY!Z\x3czlOMmpu\x60\x7cWL\x26Bo\x25e\x5d:\x23\x3e5\x404\x7d2AJN\x2frD6Vfb.\x5f9\x24Sg?a\x28qXxs\x29\x2717d\x2ck8\x7e\x3d H0c\x2dKnthRU\x2a\x22Qi\x5cC\x5b\x3bFvyPw\x7b\x2b</data></write>
    <read><length>6</length><match><data>Data?\x0a</data></match></read>
    <write><data>NNNIIIkkkmmmrrr\x29\x29\x29ZZZ\x7b\x7b\x7b\x2d\x2d\x2djjjsss\x7e\x7e\x7e111\x3b\x3b\x3bMMMqqq\x5e\x5e\x5elll\x3d\x3d\x3d\x24\x24\x24\x2f\x2f\x2fLLL\x5b\x5b\x5bHHH\x3c\x3c\x3c\x28\x28\x28ZZZcccQQQUUU\x00</data></write>
    <read><length>126</length><match><data>Original Size: 90\x0aCompressed Size: 84 \x2893\x25\x29\x0aCompressed Data: 5C00000032C4D22381644F0248AA0592E8BE10819C630B8CE0771B40CA38813C\x0a</data></match></read>
    <read><length>34</length><match><data>1. Compress\x0a2. Decompress\x0a3. Quit\x0a</data></match></read>
    <write><data>haolAh\x0a</data></write>
    <read><length>14</length><match><data>Invalid menu.\x0a</data></match></read>
    <read><length>34</length><match><data>1. Compress\x0a2. Decompress\x0a3. Quit\x0a</data></match></read>
    <write><data>2\x0a</data></write>
    <read><length>5</length><match><data>Key?\x0a</data></match></read>
    <write><data>Ej3G\x5eTIY!Z\x3czlOMmpu\x60\x7cWL\x26Bo\x25e\x5d:\x23\x3e5\x404\x7d2AJN\x2frD6Vfb.\x5f9\x24Sg?a\x28qXxs\x29\x2717d\x2ck8\x7e\x3d H0c\x2dKnthRU\x2a\x22Qi\x5cC\x5b\x3bFvyPw\x7b\x2b</data></write>
    <read><length>8</length><match><data>Length?\x0a</data></match></read>
    <write><data>84\x0a</data></write>
    <read><length>6</length><match><data>Data?\x0a</data></match></read>
    <write><data>\x5c\x00\x00\x002\xc4\xd2\x23\x81dO\x02H\xaa\x05\x92\xe8\xbe\x10\x81\x9cc\x0b\x8c\xe0w\x1b\x40\xca8\x81\x3c\x7f\x0f\x40\xe18\x16\xaaR\x84\xa0i\x08\xc3\xc18p\x28b\x80R\x194\x99\x60\x11\x80\x5ep\xb7 \x14\x0b\x40\xee\x186\x405\x03\xe8\x5e\x07XB\x96\x80h7\x00\x85\xe1\x90</data></write>
    <read><length>144</length><match><data>Compressed Size: 84\x0aOriginal Size: 90\x0aOriginal Data: NNNIIIkkkmmmrrr\x29\x29\x29ZZZ\x7b\x7b\x7b\x2d\x2d\x2djjjsss\x7e\x7e\x7e111\x3b\x3b\x3bMMMqqq\x5e\x5e\x5elll\x3d\x3d\x3d\x24\x24\x24\x2f\x2f\x2fLLL\x5b\x5b\x5bHHH\x3c\x3c\x3c\x28\x28\x28ZZZcccQQQUUU\x0a</data></match></read>
    <read><length>34</length><match><data>1. Compress\x0a2. Decompress\x0a3. Quit\x0a</data></match></read>
    <write><data>2\x0a</data></write>
    <read><length>5</length><match><data>Key?\x0a</data></match></read>
    <write><data>Ej3G\x5eTIY!Z\x3czlOMmpu\x60\x7cWL\x26Bo\x25e\x5d:\x23\x3e5\x404\x7d2AJN\x2frD6Vfb.\x5f9\x24Sg?a\x28qXxs\x29\x2717d\x2ck8\x7e\x3d H0c\x2dKnthRU\x2a\x22Qi\x5cC\x5b\x3bFvyPw\x7b\x2b</data></write>
    <read><length>8</length><match><data>Length?\x0a</data></match></read>
    <write><data>84\x0a</data></write>
    <read><length>6</length><match><data>Data?\x0a</data></match></read>
    <write><data>\x5c\x00\x00\x002\xc4\xd2\x23\x81dO\x02H\xaa\x05\x92\xe8\xbe\x10\x81\x9cc\x0b\x8c\xe0w\x1b\x40\xca8\x81\x3c\x7f\x0f\x40\xe18\x16\xaaR\x84\xa0i\x08\xc3\xc18p\x28b\x80R\x194\x99\x60\x11\x80\x5ep\xb7 \x14\x0b\x40\xee\x186\x405\x03\xe8\x5e\x07XB\x96\x80h7\x00\x85\xe1\x90</data></write>
    <read><length>144</length><match><data>Compressed Size: 84\x0aOriginal Size: 90\x0aOriginal Data: NNNIIIkkkmmmrrr\x29\x29\x29ZZZ\x7b\x7b\x7b\x2d\x2d\x2djjjsss\x7e\x7e\x7e111\x3b\x3b\x3bMMMqqq\x5e\x5e\x5elll\x3d\x3d\x3d\x24\x24\x24\x2f\x2f\x2fLLL\x5b\x5b\x5bHHH\x3c\x3c\x3c\x28\x28\x28ZZZcccQQQUUU\x0a</data></match></read>
    <read><length>34</length><match><data>1. Compress\x0a2. Decompress\x0a3. Quit\x0a</data></match></read>
    <write><data>1\x0a</data></write>
    <read><length>5</length><match><data>Key?\x0a</data></match></read>
    <write><data>Sh\x5c\x27oudAVk\x5bbRI\x26CPzcw3j\x3dys\x7d\x3e\x2dN.ixUvg2\x2fX\x40\x2crnq8EZ\x2bOB\x7e\x3b\x60\x2a\x290Wm\x287\x5dQt\x22T\x7c:5J!4K\x23619\x25LDYfaeMp\x3c\x5f\x7b?\x5e\x24 GlHF</data></write>
    <read><length>6</length><match><data>Data?\x0a</data></match></read>
    <write><data>\x60\x60\x60fff\x25\x25\x25888DDDkkk777WWWKKK\x24\x24\x24iiiuuuNNN\x5d\x5d\x5dXXXBBBLLL\x7e\x7e\x7e111zzzWWWtttmmm111:::OOOfff\x00</data></write>
    <read><length>126</length><match><data>Original Size: 81\x0aCompressed Size: 74 \x2891\x25\x29\x0aCompressed Data: 530000000F447C2681B4570350D2141FC2D03C978930369420652AC285681B8B\x0a</data></match></read>
    <read><length>34</length><match><data>1. Compress\x0a2. Decompress\x0a3. Quit\x0a</data></match></read>
    <write><data>2\x0a</data></write>
    <read><length>5</length><match><data>Key?\x0a</data></match></read>
    <write><data>Sh\x5c\x27oudAVk\x5bbRI\x26CPzcw3j\x3dys\x7d\x3e\x2dN.ixUvg2\x2fX\x40\x2crnq8EZ\x2bOB\x7e\x3b\x60\x2a\x290Wm\x287\x5dQt\x22T\x7c:5J!4K\x23619\x25LDYfaeMp\x3c\x5f\x7b?\x5e\x24 GlHF</data></write>
    <read><length>8</length><match><data>Length?\x0a</data></match></read>
    <write><data>74\x0a</data></write>
    <read><length>6</length><match><data>Data?\x0a</data></match></read>
    <write><data>S\x00\x00\x00\x0fD\x7c\x26\x81\xb4W\x03P\xd2\x14\x1f\xc2\xd0\x3c\x97\x8906\x94 e\x2a\xc2\x85h\x1b\x8b\x108\x16\xe1\xf3\x11\x82\x10\x81\x90\xc5\x09\xc0\x2a\x10\x80N\xb0\xb7\xe0\x15\x91\xb2\x12\x84!\xdd\x04\xe1\xef\xc0 \x17\x80R\x90\x84\x02\x810\xac8</data></write>
    <read><length>135</length><match><data>Compressed Size: 74\x0aOriginal Size: 81\x0aOriginal Data: \x60\x60\x60fff\x25\x25\x25888DDDkkk777WWWKKK\x24\x24\x24iiiuuuNNN\x5d\x5d\x5dXXXBBBLLL\x7e\x7e\x7e111zzzWWWtttmmm111:::OOOfff\x0a</data></match></read>
    <read><length>34</length><match><data>1. Compress\x0a2. Decompress\x0a3. Quit\x0a</data></match></read>
    <write><data>IhXxcX\x0a</data></write>
    <read><length>14</length><match><data>Invalid menu.\x0a</data></match></read>
    <read><length>34</length><match><data>1. Compress\x0a2. Decompress\x0a3. Quit\x0a</data></match></read>
    <write><data>2\x0a</data></write>
    <read><length>5</length><match><data>Key?\x0a</data></match></read>
    <write><data>Sh\x5c\x27oudAVk\x5bbRI\x26CPzcw3j\x3dys\x7d\x3e\x2dN.ixUvg2\x2fX\x40\x2crnq8EZ\x2bOB\x7e\x3b\x60\x2a\x290Wm\x287\x5dQt\x22T\x7c:5J!4K\x23619\x25LDYfaeMp\x3c\x5f\x7b?\x5e\x24 GlHF</data></write>
    <read><length>8</length><match><data>Length?\x0a</data></match></read>
    <write><data>74\x0a</data></write>
    <read><length>6</length><match><data>Data?\x0a</data></match></read>
    <write><data>S\x00\x00\x00\x0fD\x7c\x26\x81\xb4W\x03P\xd2\x14\x1f\xc2\xd0\x3c\x97\x8906\x94 e\x2a\xc2\x85h\x1b\x8b\x108\x16\xe1\xf3\x11\x82\x10\x81\x90\xc5\x09\xc0\x2a\x10\x80N\xb0\xb7\xe0\x15\x91\xb2\x12\x84!\xdd\x04\xe1\xef\xc0 \x17\x80R\x90\x84\x02\x810\xac8</data></write>
    <read><length>135</length><match><data>Compressed Size: 74\x0aOriginal Size: 81\x0aOriginal Data: \x60\x60\x60fff\x25\x25\x25888DDDkkk777WWWKKK\x24\x24\x24iiiuuuNNN\x5d\x5d\x5dXXXBBBLLL\x7e\x7e\x7e111zzzWWWtttmmm111:::OOOfff\x0a</data></match></read>
    <read><length>34</length><match><data>1. Compress\x0a2. Decompress\x0a3. Quit\x0a</data></match></read>
    <write><data>1\x0a</data></write>
    <read><length>5</length><match><data>Key?\x0a</data></match></read>
    <write><data>dg\x60v\x25\x40\x2d!O\x24D?o0\x28\x2fjmuSN\x5d\x26fX8x\x3d\x3b1L4K\x5b\x23\x2a\x29ilJ\x3crRkB\x2bPF.9nZ\x3e\x2c:QUbWA Gsctz3w\x5eHyTp\x7da2IV\x226C\x7be\x5f\x5chM\x7e\x7c7\x27q5EY</data></write>
    <read><length>6</length><match><data>Data?\x0a</data></match></read>
    <write><data>\x24\x24\x24666iii\x7b\x7b\x7bHHHyyy333kkk222wwwOOO\x2a\x2a\x2aMMM\x29\x29\x29NNNAAA\x3b\x3b\x3b\x5d\x5d\x5d666\x29\x29\x29\x2f\x2f\x2fjjjggg\x00</data></write>
    <read><length>126</length><match><data>Original Size: 69\x0aCompressed Size: 61 \x2888\x25\x29\x0aCompressed Data: 47000000B446022818C55090AE0451942D08C86D01F0E211817324685A1081BC\x0a</data></match></read>
    <read><length>34</length><match><data>1. Compress\x0a2. Decompress\x0a3. Quit\x0a</data></match></read>
    <write><data>1\x0a</data></write>
    <read><length>5</length><match><data>Key?\x0a</data></match></read>
    <write><data>Uv6P\x7cd\x7dz\x28G\x5cSaKpe4j\x2aWkEM\x26\x5fNQhwRu\x5d1\x7exgJOB\x7bLlyI\x3d\x3b\x29F\x40r\x5b98\x22omDT cn3\x5etHAf.C\x2dVq5\x3e2?\x2c\x60\x247\x2b:!XZ\x23\x25b\x3c\x270sYi\x2f</data></write>
    <read><length>6</length><match><data>Data?\x0a</data></match></read>
    <write><data>OOO\x2f\x2f\x2f\x7c\x7c\x7c555GGG444SSSOOOOOOLLLfff777\x7d\x7d\x7d\x5e\x5e\x5e\x00</data></write>
    <read><length>126</length><match><data>Original Size: 42\x0aCompressed Size: 38 \x2890\x25\x29\x0aCompressed Data: 2C00000009C4FC2581C0510350B203317C23094891081863084204C84A179196\x0a</data></match></read>
    <read><length>34</length><match><data>1. Compress\x0a2. Decompress\x0a3. Quit\x0a</data></match></read>
    <write><data>1\x0a</data></write>
    <read><length>5</length><match><data>Key?\x0a</data></match></read>
    <write><data>X\x23\x5ezLTZAJN816RF7m\x5c\x2b\x7crUlK\x22Yq\x25\x24e\x3cE\x2f\x3d\x5b4C\x7by\x29iw2DM\x5d\x27\x3ej\x26I\x3bbv\x5f\x2c3Wgkc\x28QpS!faHhVt\x60 .P9O?\x2dBu\x405\x7dn:G0o\x7e\x2asxd</data></write>
    <read><length>6</length><match><data>Data?\x0a</data></match></read>
    <write><data>FFF:::111\x3d\x3d\x3drrrKKKkkkyyyBBBjjjmmm222\x2c\x2c\x2c\x3b\x3b\x3bxxx\x3d\x3d\x3dfff\x2f\x2f\x2fAAAGGGvvv!!!\x5c\x5c\x5ctttBBBZZZ\x00</data></write>
    <read><length>126</length><match><data>Original Size: 78\x0aCompressed Size: 70 \x2889\x25\x29\x0aCompressed Data: 50000000CC4E02781045303B0BA1418C0A434818C6D0228EA101EC39032521B3\x0a</data></match></read>
    <read><length>34</length><match><data>1. Compress\x0a2. Decompress\x0a3. Quit\x0a</data></match></read>
    <write><data>1\x0a</data></write>
    <read><length>5</length><match><data>Key?\x0a</data></match></read>
    <write><data>\x28WoY\x7dTXEA\x26Uh9.O\x7eyfb\x5fcr!\x2bDw\x5b4gQmI8N\x3c\x5d\x23\x22p\x24n\x2c\x27H\x5eZ\x7caC37\x3e6dkBS\x29Kvs2F\x2die\x3b:tV1LMRx \x3d\x2aG\x5cJ5?u\x2f\x7bz\x250l\x40q\x60Pj</data></write>
    <read><length>6</length><match><data>Data?\x0a</data></match></read>
    <write><data>AAA\x2c\x2c\x2c\x7c\x7c\x7cXXXXXX888tttEEE\x2d\x2d\x2d\x29\x29\x29\x2a\x2a\x2a   \x5c\x5c\x5c\x5c\x5c\x5c\x3e\x3e\x3e\x2d\x2d\x2dhhhVVVfffcccfff\x25\x25\x25\x5b\x5b\x5b333\x2b\x2b\x2b777\x00</data></write>
    <read><length>126</length><match><data>Original Size: 78\x0aCompressed Size: 69 \x2888\x25\x29\x0aCompressed Data: 50000000CC49C2784210320A605315C0C02F8194723784211844AA3D81DC830E\x0a</data></match></read>
    <read><length>34</length><match><data>1. Compress\x0a2. Decompress\x0a3. Quit\x0a</data></match></read>
    <write><data>2\x0a</data></write>
    <read><length>5</length><match><data>Key?\x0a</data></match></read>
    <write><data>\x28WoY\x7dTXEA\x26Uh9.O\x7eyfb\x5fcr!\x2bDw\x5b4gQmI8N\x3c\x5d\x23\x22p\x24n\x2c\x27H\x5eZ\x7caC37\x3e6dkBS\x29Kvs2F\x2die\x3b:tV1LMRx \x3d\x2aG\x5cJ5?u\x2f\x7bz\x250l\x40q\x60Pj</data></write>
    <read><length>8</length><match><data>Length?\x0a</data></match></read>
    <write><data>69\x0a</data></write>
    <read><length>6</length><match><data>Data?\x0a</data></match></read>
    <write><data>P\x00\x00\x00\xccI\xc2xB\x102\x0a\x60S\x15\xc0\xc0\x2f\x81\x94r7\x84!\x18D\xaa\x3d\x81\xdc\x83\x0e\x91\xe1\xb2\x84\x02\x10\x8e!oC\x27\x02\xc4\x02\x05\xe8F\x10\x84\x82A8t\x25\x00\x99\xbc\xdd\x08\xc3:\x84!\x09\x84\xe0\x14</data></write>
    <read><length>132</length><match><data>Compressed Size: 69\x0aOriginal Size: 78\x0aOriginal Data: AAA\x2c\x2c\x2c\x7c\x7c\x7cXXXXXX888tttEEE\x2d\x2d\x2d\x29\x29\x29\x2a\x2a\x2a   \x5c\x5c\x5c\x5c\x5c\x5c\x3e\x3e\x3e\x2d\x2d\x2dhhhVVVfffcccfff\x25\x25\x25\x5b\x5b\x5b333\x2b\x2b\x2b777\x0a</data></match></read>
    <read><length>34</length><match><data>1. Compress\x0a2. Decompress\x0a3. Quit\x0a</data></match></read>
    <write><data>2\x0a</data></write>
    <read><length>5</length><match><data>Key?\x0a</data></match></read>
    <write><data>\x28WoY\x7dTXEA\x26Uh9.O\x7eyfb\x5fcr!\x2bDw\x5b4gQmI8N\x3c\x5d\x23\x22p\x24n\x2c\x27H\x5eZ\x7caC37\x3e6dkBS\x29Kvs2F\x2die\x3b:tV1LMRx \x3d\x2aG\x5cJ5?u\x2f\x7bz\x250l\x40q\x60Pj</data></write>
    <read><length>8</length><match><data>Length?\x0a</data></match></read>
    <write><data>69\x0a</data></write>
    <read><length>6</length><match><data>Data?\x0a</data></match></read>
    <write><data>P\x00\x00\x00\xccI\xc2xB\x102\x0a\x60S\x15\xc0\xc0\x2f\x81\x94r7\x84!\x18D\xaa\x3d\x81\xdc\x83\x0e\x91\xe1\xb2\x84\x02\x10\x8e!oC\x27\x02\xc4\x02\x05\xe8F\x10\x84\x82A8t\x25\x00\x99\xbc\xdd\x08\xc3:\x84!\x09\x84\xe0\x14</data></write>
    <read><length>132</length><match><data>Compressed Size: 69\x0aOriginal Size: 78\x0aOriginal Data: AAA\x2c\x2c\x2c\x7c\x7c\x7cXXXXXX888tttEEE\x2d\x2d\x2d\x29\x29\x29\x2a\x2a\x2a   \x5c\x5c\x5c\x5c\x5c\x5c\x3e\x3e\x3e\x2d\x2d\x2dhhhVVVfffcccfff\x25\x25\x25\x5b\x5b\x5b333\x2b\x2b\x2b777\x0a</data></match></read>
    <read><length>34</length><match><data>1. Compress\x0a2. Decompress\x0a3. Quit\x0a</data></match></read>
    <write><data>2\x0a</data></write>
    <read><length>5</length><match><data>Key?\x0a</data></match></read>
    <write><data>\x28WoY\x7dTXEA\x26Uh9.O\x7eyfb\x5fcr!\x2bDw\x5b4gQmI8N\x3c\x5d\x23\x22p\x24n\x2c\x27H\x5eZ\x7caC37\x3e6dkBS\x29Kvs2F\x2die\x3b:tV1LMRx \x3d\x2aG\x5cJ5?u\x2f\x7bz\x250l\x40q\x60Pj</data></write>
    <read><length>8</length><match><data>Length?\x0a</data></match></read>
    <write><data>69\x0a</data></write>
    <read><length>6</length><match><data>Data?\x0a</data></match></read>
    <write><data>P\x00\x00\x00\xccI\xc2xB\x102\x0a\x60S\x15\xc0\xc0\x2f\x81\x94r7\x84!\x18D\xaa\x3d\x81\xdc\x83\x0e\x91\xe1\xb2\x84\x02\x10\x8e!oC\x27\x02\xc4\x02\x05\xe8F\x10\x84\x82A8t\x25\x00\x99\xbc\xdd\x08\xc3:\x84!\x09\x84\xe0\x14</data></write>
    <read><length>132</length><match><data>Compressed Size: 69\x0aOriginal Size: 78\x0aOriginal Data: AAA\x2c\x2c\x2c\x7c\x7c\x7cXXXXXX888tttEEE\x2d\x2d\x2d\x29\x29\x29\x2a\x2a\x2a   \x5c\x5c\x5c\x5c\x5c\x5c\x3e\x3e\x3e\x2d\x2d\x2dhhhVVVfffcccfff\x25\x25\x25\x5b\x5b\x5b333\x2b\x2b\x2b777\x0a</data></match></read>
    <read><length>34</length><match><data>1. Compress\x0a2. Decompress\x0a3. Quit\x0a</data></match></read>
    <write><data>1\x0a</data></write>
    <read><length>5</length><match><data>Key?\x0a</data></match></read>
    <write><data>l32F\x2fDBy.4\x22Z\x5da\x2b9\x28q!\x7cO\x60p\x25z\x5fNvHVmxSc\x3bt\x7dW\x23Ggs\x3d7U\x29e\x5e6\x40d8\x7e01PK\x5bko\x3cQ\x24jA\x26J\x2d?5TYR \x7b\x2cw\x2aub\x27CX\x3efEi:InMhrL\x5c</data></write>
    <read><length>6</length><match><data>Data?\x0a</data></match></read>
    <write><data>yyyTTTOOODDD\x7e\x7e\x7eYYYxxxSSS888000\x7c\x7c\x7c888UUUCCCEEEBBB\x2a\x2a\x2aaaa000cccKKK\x7e\x7e\x7e\x00</data></write>
    <read><length>126</length><match><data>Original Size: 66\x0aCompressed Size: 58 \x2887\x25\x29\x0aCompressed Data: 44000000B44682681D45102A8AA06E18C0AE3886606834916102342C478164A7\x0a</data></match></read>
    <read><length>34</length><match><data>1. Compress\x0a2. Decompress\x0a3. Quit\x0a</data></match></read>
    <write><data>prAWVR\x0a</data></write>
    <read><length>14</length><match><data>Invalid menu.\x0a</data></match></read>
    <read><length>34</length><match><data>1. Compress\x0a2. Decompress\x0a3. Quit\x0a</data></match></read>
    <write><data>SeRJip\x0a</data></write>
    <read><length>14</length><match><data>Invalid menu.\x0a</data></match></read>
    <read><length>34</length><match><data>1. Compress\x0a2. Decompress\x0a3. Quit\x0a</data></match></read>
    <write><data>qStLvU\x0a</data></write>
    <read><length>14</length><match><data>Invalid menu.\x0a</data></match></read>
    <read><length>34</length><match><data>1. Compress\x0a2. Decompress\x0a3. Quit\x0a</data></match></read>
    <write><data>1\x0a</data></write>
    <read><length>5</length><match><data>Key?\x0a</data></match></read>
    <write><data>Z\x5dK9G\x22c\x260\x7d3:\x3c\x24nw\x28yiL1Rf78\x40\x3e\x3dkJ.PAutd5\x25\x5f\x27I?DbW\x5cSOl\x23\x2bFeg \x7cVCv4!6hY\x5bX\x2f2E\x5eoQ\x7bx\x7eH\x2a\x29aT\x2dm\x3bzrsUq\x60pjBMN\x2c</data></write>
    <read><length>6</length><match><data>Data?\x0a</data></match></read>
    <write><data>WWWOOO\x5c\x5c\x5c\x2d\x2d\x2dmmm\x7c\x7c\x7c888555\x5b\x5b\x5bxxx\x29\x29\x29sss\x40\x40\x40qqqLLLlll\x40\x40\x40\x3c\x3c\x3c???IIIpppTTTHHH\x60\x60\x60CCCggg\x25\x25\x25RRRqqq\x00</data></write>
    <read><length>126</length><match><data>Original Size: 87\x0aCompressed Size: 78 \x2889\x25\x29\x0aCompressed Data: 590000000F44722D81DC6B0230E20581E42F0291DA5099261781609C4E8461DE\x0a</data></match></read>
    <read><length>34</length><match><data>1. Compress\x0a2. Decompress\x0a3. Quit\x0a</data></match></read>
    <write><data>2\x0a</data></write>
    <read><length>5</length><match><data>Key?\x0a</data></match></read>
    <write><data>Z\x5dK9G\x22c\x260\x7d3:\x3c\x24nw\x28yiL1Rf78\x40\x3e\x3dkJ.PAutd5\x25\x5f\x27I?DbW\x5cSOl\x23\x2bFeg \x7cVCv4!6hY\x5bX\x2f2E\x5eoQ\x7bx\x7eH\x2a\x29aT\x2dm\x3bzrsUq\x60pjBMN\x2c</data></write>
    <read><length>8</length><match><data>Length?\x0a</data></match></read>
    <write><data>78\x0a</data></write>
    <read><length>6</length><match><data>Data?\x0a</data></match></read>
    <write><data>Y\x00\x00\x00\x0fDr\x2d\x81\xdck\x020\xe2\x05\x81\xe4\x2f\x02\x91\xdaP\x99\x26\x17\x81\x60\x9cN\x84a\xde\x94\x60T\x29\xc20\x97\x60\x10\xcc\x0ba\x08\x1c\xe5\x03\xc7\xcc\x90\x81\xb6\x073\x84\x24r\x84\xe0y\x08\x1da\xb8D3\x0b\x04\xe1\x08\x06C\x5e\x875\x00\xc0</data></write>
    <read><length>141</length><match><data>Compressed Size: 78\x0aOriginal Size: 87\x0aOriginal Data: WWWOOO\x5c\x5c\x5c\x2d\x2d\x2dmmm\x7c\x7c\x7c888555\x5b\x5b\x5bxxx\x29\x29\x29sss\x40\x40\x40qqqLLLlll\x40\x40\x40\x3c\x3c\x3c???IIIpppTTTHHH\x60\x60\x60CCCggg\x25\x25\x25RRRqqq\x0a</data></match></read>
    <read><length>34</length><match><data>1. Compress\x0a2. Decompress\x0a3. Quit\x0a</data></match></read>
    <write><data>dbpCBz\x0a</data></write>
    <read><length>14</length><match><data>Invalid menu.\x0a</data></match></read>
    <read><length>34</length><match><data>1. Compress\x0a2. Decompress\x0a3. Quit\x0a</data></match></read>
    <write><data>AEIkof\x0a</data></write>
    <read><length>14</length><match><data>Invalid menu.\x0a</data></match></read>
    <read><length>34</length><match><data>1. Compress\x0a2. Decompress\x0a3. Quit\x0a</data></match></read>
    <write><data>2\x0a</data></write>
    <read><length>5</length><match><data>Key?\x0a</data></match></read>
    <write><data>Z\x5dK9G\x22c\x260\x7d3:\x3c\x24nw\x28yiL1Rf78\x40\x3e\x3dkJ.PAutd5\x25\x5f\x27I?DbW\x5cSOl\x23\x2bFeg \x7cVCv4!6hY\x5bX\x2f2E\x5eoQ\x7bx\x7eH\x2a\x29aT\x2dm\x3bzrsUq\x60pjBMN\x2c</data></write>
    <read><length>8</length><match><data>Length?\x0a</data></match></read>
    <write><data>78\x0a</data></write>
    <read><length>6</length><match><data>Data?\x0a</data></match></read>
    <write><data>Y\x00\x00\x00\x0fDr\x2d\x81\xdck\x020\xe2\x05\x81\xe4\x2f\x02\x91\xdaP\x99\x26\x17\x81\x60\x9cN\x84a\xde\x94\x60T\x29\xc20\x97\x60\x10\xcc\x0ba\x08\x1c\xe5\x03\xc7\xcc\x90\x81\xb6\x073\x84\x24r\x84\xe0y\x08\x1da\xb8D3\x0b\x04\xe1\x08\x06C\x5e\x875\x00\xc0</data></write>
    <read><length>141</length><match><data>Compressed Size: 78\x0aOriginal Size: 87\x0aOriginal Data: WWWOOO\x5c\x5c\x5c\x2d\x2d\x2dmmm\x7c\x7c\x7c888555\x5b\x5b\x5bxxx\x29\x29\x29sss\x40\x40\x40qqqLLLlll\x40\x40\x40\x3c\x3c\x3c???IIIpppTTTHHH\x60\x60\x60CCCggg\x25\x25\x25RRRqqq\x0a</data></match></read>
    <read><length>34</length><match><data>1. Compress\x0a2. Decompress\x0a3. Quit\x0a</data></match></read>
    <write><data>2\x0a</data></write>
    <read><length>5</length><match><data>Key?\x0a</data></match></read>
    <write><data>Z\x5dK9G\x22c\x260\x7d3:\x3c\x24nw\x28yiL1Rf78\x40\x3e\x3dkJ.PAutd5\x25\x5f\x27I?DbW\x5cSOl\x23\x2bFeg \x7cVCv4!6hY\x5bX\x2f2E\x5eoQ\x7bx\x7eH\x2a\x29aT\x2dm\x3bzrsUq\x60pjBMN\x2c</data></write>
    <read><length>8</length><match><data>Length?\x0a</data></match></read>
    <write><data>78\x0a</data></write>
    <read><length>6</length><match><data>Data?\x0a</data></match></read>
    <write><data>Y\x00\x00\x00\x0fDr\x2d\x81\xdck\x020\xe2\x05\x81\xe4\x2f\x02\x91\xdaP\x99\x26\x17\x81\x60\x9cN\x84a\xde\x94\x60T\x29\xc20\x97\x60\x10\xcc\x0ba\x08\x1c\xe5\x03\xc7\xcc\x90\x81\xb6\x073\x84\x24r\x84\xe0y\x08\x1da\xb8D3\x0b\x04\xe1\x08\x06C\x5e\x875\x00\xc0</data></write>
    <read><length>141</length><match><data>Compressed Size: 78\x0aOriginal Size: 87\x0aOriginal Data: WWWOOO\x5c\x5c\x5c\x2d\x2d\x2dmmm\x7c\x7c\x7c888555\x5b\x5b\x5bxxx\x29\x29\x29sss\x40\x40\x40qqqLLLlll\x40\x40\x40\x3c\x3c\x3c???IIIpppTTTHHH\x60\x60\x60CCCggg\x25\x25\x25RRRqqq\x0a</data></match></read>
    <read><length>34</length><match><data>1. Compress\x0a2. Decompress\x0a3. Quit\x0a</data></match></read>
    <write><data>2\x0a</data></write>
    <read><length>5</length><match><data>Key?\x0a</data></match></read>
    <write><data>Z\x5dK9G\x22c\x260\x7d3:\x3c\x24nw\x28yiL1Rf78\x40\x3e\x3dkJ.PAutd5\x25\x5f\x27I?DbW\x5cSOl\x23\x2bFeg \x7cVCv4!6hY\x5bX\x2f2E\x5eoQ\x7bx\x7eH\x2a\x29aT\x2dm\x3bzrsUq\x60pjBMN\x2c</data></write>
    <read><length>8</length><match><data>Length?\x0a</data></match></read>
    <write><data>78\x0a</data></write>
    <read><length>6</length><match><data>Data?\x0a</data></match></read>
    <write><data>Y\x00\x00\x00\x0fDr\x2d\x81\xdck\x020\xe2\x05\x81\xe4\x2f\x02\x91\xdaP\x99\x26\x17\x81\x60\x9cN\x84a\xde\x94\x60T\x29\xc20\x97\x60\x10\xcc\x0ba\x08\x1c\xe5\x03\xc7\xcc\x90\x81\xb6\x073\x84\x24r\x84\xe0y\x08\x1da\xb8D3\x0b\x04\xe1\x08\x06C\x5e\x875\x00\xc0</data></write>
    <read><length>141</length><match><data>Compressed Size: 78\x0aOriginal Size: 87\x0aOriginal Data: WWWOOO\x5c\x5c\x5c\x2d\x2d\x2dmmm\x7c\x7c\x7c888555\x5b\x5b\x5bxxx\x29\x29\x29sss\x40\x40\x40qqqLLLlll\x40\x40\x40\x3c\x3c\x3c???IIIpppTTTHHH\x60\x60\x60CCCggg\x25\x25\x25RRRqqq\x0a</data></match></read>
    <read><length>34</length><match><data>1. Compress\x0a2. Decompress\x0a3. Quit\x0a</data></match></read>
    <write><data>1\x0a</data></write>
    <read><length>5</length><match><data>Key?\x0a</data></match></read>
    <write><data>\x29X\x5fS2\x5deQ\x60\x3bc GTt4Cm\x3e\x26\x2cMzL\x24\x2f7\x5c\x7c9FP\x23iW\x28wh6kK\x7dYfD\x3cUu\x2bVR3\x3d!AdE.HlBb\x27O?\x2d1ro8snJ:\x5egZj\x7ev\x22N\x2a\x40y\x25a05px\x7bI\x5bq</data></write>
    <read><length>6</length><match><data>Data?\x0a</data></match></read>
    <write><data>SSS333!!!\x5d\x5d\x5d\x5e\x5e\x5elll\x29\x29\x29\x23\x23\x23UUU\x60\x60\x60bbb\x3e\x3e\x3e\x60\x60\x60\x22\x22\x22\x3b\x3b\x3b\x25\x25\x25\x7e\x7e\x7eUUUDDDnnn   222:::\x27\x27\x27SSSttt\x00</data></write>
    <read><length>126</length><match><data>Original Size: 78\x0aCompressed Size: 70 \x2889\x25\x29\x0aCompressed Data: 50000000A44B6218178602684202E1440AE2A81446C2F84207018C310346E1BB\x0a</data></match></read>
    <read><length>34</length><match><data>1. Compress\x0a2. Decompress\x0a3. Quit\x0a</data></match></read>
    <write><data>2\x0a</data></write>
    <read><length>5</length><match><data>Key?\x0a</data></match></read>
    <write><data>\x29X\x5fS2\x5deQ\x60\x3bc GTt4Cm\x3e\x26\x2cMzL\x24\x2f7\x5c\x7c9FP\x23iW\x28wh6kK\x7dYfD\x3cUu\x2bVR3\x3d!AdE.HlBb\x27O?\x2d1ro8snJ:\x5egZj\x7ev\x22N\x2a\x40y\x25a05px\x7bI\x5bq</data></write>
    <read><length>8</length><match><data>Length?\x0a</data></match></read>
    <write><data>70\x0a</data></write>
    <read><length>6</length><match><data>Data?\x0a</data></match></read>
    <write><data>P\x00\x00\x00\xa4Kb\x18\x17\x86\x02hB\x02\xe1D\x0a\xe2\xa8\x14F\xc2\xf8B\x07\x01\x8c1\x03F\xe1\xbb\xc0\xc1\xe2\x3c6S\x84a\x08H\xdfr\xd4\x02\x10\x88N\x06\xcd\x40\x22\x14\x81\xb0!\x0e\xca\x01\x5b\xc0\x2b\xd8\x1dB\xd0\xd4\xa0\x16</data></write>
    <read><length>132</length><match><data>Compressed Size: 70\x0aOriginal Size: 78\x0aOriginal Data: SSS333!!!\x5d\x5d\x5d\x5e\x5e\x5elll\x29\x29\x29\x23\x23\x23UUU\x60\x60\x60bbb\x3e\x3e\x3e\x60\x60\x60\x22\x22\x22\x3b\x3b\x3b\x25\x25\x25\x7e\x7e\x7eUUUDDDnnn   222:::\x27\x27\x27SSSttt\x0a</data></match></read>
    <read><length>34</length><match><data>1. Compress\x0a2. Decompress\x0a3. Quit\x0a</data></match></read>
    <write><data>1\x0a</data></write>
    <read><length>5</length><match><data>Key?\x0a</data></match></read>
    <write><data>XGMoiWm\x27\x28\x7cr6bAk70KOY?\x3e\x3baL:d\x7be\x29BVExpz\x7d9q5!g\x5fsNcRD\x3c\x2a\x7e\x40\x2f\x5bt\x26\x60lw\x25\x2bJyZ.\x23QS\x5e\x5cF\x2c2n3I\x24 fUuCh1\x22j\x2dT48\x5dP\x3dHv</data></write>
    <read><length>6</length><match><data>Data?\x0a</data></match></read>
    <write><data>SSSBBBEEE\x00</data></write>
    <read><length>88</length><match><data>Original Size: 9\x0aCompressed Size: 13 \x28144\x25\x29\x0aCompressed Data: 0B000000C44C63F84083094220\x0a</data></match></read>
    <read><length>34</length><match><data>1. Compress\x0a2. Decompress\x0a3. Quit\x0a</data></match></read>
    <write><data>WUDark\x0a</data></write>
    <read><length>14</length><match><data>Invalid menu.\x0a</data></match></read>
    <read><length>34</length><match><data>1. Compress\x0a2. Decompress\x0a3. Quit\x0a</data></match></read>
    <write><data>2\x0a</data></write>
    <read><length>5</length><match><data>Key?\x0a</data></match></read>
    <write><data>XGMoiWm\x27\x28\x7cr6bAk70KOY?\x3e\x3baL:d\x7be\x29BVExpz\x7d9q5!g\x5fsNcRD\x3c\x2a\x7e\x40\x2f\x5bt\x26\x60lw\x25\x2bJyZ.\x23QS\x5e\x5cF\x2c2n3I\x24 fUuCh1\x22j\x2dT48\x5dP\x3dHv</data></write>
    <read><length>8</length><match><data>Length?\x0a</data></match></read>
    <write><data>13\x0a</data></write>
    <read><length>6</length><match><data>Data?\x0a</data></match></read>
    <write><data>\x0b\x00\x00\x00\xc4Lc\xf8\x40\x83\x09B </data></write>
    <read><length>62</length><match><data>Compressed Size: 13\x0aOriginal Size: 9\x0aOriginal Data: SSSBBBEEE\x0a</data></match></read>
    <read><length>34</length><match><data>1. Compress\x0a2. Decompress\x0a3. Quit\x0a</data></match></read>
    <write><data>qyVWkR\x0a</data></write>
    <read><length>14</length><match><data>Invalid menu.\x0a</data></match></read>
    <read><length>34</length><match><data>1. Compress\x0a2. Decompress\x0a3. Quit\x0a</data></match></read>
    <write><data>1\x0a</data></write>
    <read><length>5</length><match><data>Key?\x0a</data></match></read>
    <write><data>ap8\x295\x3b2\x3dy\x5ck\x7ei\x276v\x60\x28\x26\x2aIB\x5d\x22rsqhwK\x5eM\x25PnDZ1FH\x23E\x2b\x40u:oT49V\x5bgelS\x5f3\x24xQ\x2dRWCY !zfc\x7djJ\x2fU\x3c0\x2cA\x7btXGmb.7NdOL\x7c\x3e?</data></write>
    <read><length>6</length><match><data>Data?\x0a</data></match></read>
    <write><data>111...\x27\x27\x27MMMzzzrrr\x3c\x3c\x3c...iiiyyyeeeYYYlllaaa!!!rrrxxx\x2b\x2b\x2bmmm\x2b\x2b\x2bppprrrLLL:::sss\x3d\x3d\x3dNNNYYYNNN888\x5c\x5c\x5c\x5c\x5c\x5c\x00</data></write>
    <read><length>126</length><match><data>Original Size: 96\x0aCompressed Size: 85 \x2888\x25\x29\x0aCompressed Data: 6200000019C4AC22812C4903C09A03C1640622E8505F08421381DE0338194CDB\x0a</data></match></read>
    <read><length>34</length><match><data>1. Compress\x0a2. Decompress\x0a3. Quit\x0a</data></match></read>
    <write><data>1\x0a</data></write>
    <read><length>5</length><match><data>Key?\x0a</data></match></read>
    <write><data>T6OD\x2ce0\x22K2wJX\x5ea\x3c\x29\x5f\x2bHEdm1tjc\x3dAS5kYh?\x7dlU\x3b!\x26sZGI\x24\x7eC\x27ziq\x7cvW\x25Qu\x5dLbrM \x23\x7b7:R8V\x3eg3\x2fy\x2dn9x\x2a\x5b\x60Fof\x28P4\x5c.B\x40pN</data></write>
    <read><length>6</length><match><data>Data?\x0a</data></match></read>
    <write><data>NNN\x5d\x5d\x5dLLLJJJHHHEEESSS???\x7e\x7e\x7e333uuu\x5b\x5b\x5b\x26\x26\x26tttkkkllleeeqqq\x3e\x3e\x3eMMM\x2d\x2d\x2d\x2a\x2a\x2afffiii000\x2c\x2c\x2cBBBPPPDDD777\x27\x27\x27\x00</data></write>
    <read><length>126</length><match><data>Original Size: 93\x0aCompressed Size: 84 \x2890\x25\x29\x0aCompressed Data: 5F0000003CC4F02580A04F0230A6138150BA3084071080E604C1F424438488B0\x0a</data></match></read>
    <read><length>34</length><match><data>1. Compress\x0a2. Decompress\x0a3. Quit\x0a</data></match></read>
    <write><data>2\x0a</data></write>
    <read><length>5</length><match><data>Key?\x0a</data></match></read>
    <write><data>T6OD\x2ce0\x22K2wJX\x5ea\x3c\x29\x5f\x2bHEdm1tjc\x3dAS5kYh?\x7dlU\x3b!\x26sZGI\x24\x7eC\x27ziq\x7cvW\x25Qu\x5dLbrM \x23\x7b7:R8V\x3eg3\x2fy\x2dn9x\x2a\x5b\x60Fof\x28P4\x5c.B\x40pN</data></write>
    <read><length>8</length><match><data>Length?\x0a</data></match></read>
    <write><data>84\x0a</data></write>
    <read><length>6</length><match><data>Data?\x0a</data></match></read>
    <write><data>\x5f\x00\x00\x00\x3c\xc4\xf0\x25\x80\xa0O\x020\xa6\x13\x81P\xba0\x84\x07\x10\x80\xe6\x04\xc1\xf4\x24C\x84\x88\xb0\x91\x22\x1c\x84\xed\x03\x9d\x0ap2\x95\xa1\xe8\x1d\xc2\x25\x98\x1bL\x10?\x18\xa0\x15\x84M\xa6hr\x01\xa9\xc39\x87\xacq\x84\x0e\xb0\x09C\xbf\x84\xc3\xb0\x3eB\x01\xe0\x8c\x02\x80</data></write>
    <read><length>147</length><match><data>Compressed Size: 84\x0aOriginal Size: 93\x0aOriginal Data: NNN\x5d\x5d\x5dLLLJJJHHHEEESSS???\x7e\x7e\x7e333uuu\x5b\x5b\x5b\x26\x26\x26tttkkkllleeeqqq\x3e\x3e\x3eMMM\x2d\x2d\x2d\x2a\x2a\x2afffiii000\x2c\x2c\x2cBBBPPPDDD777\x27\x27\x27\x0a</data></match></read>
    <read><length>34</length><match><data>1. Compress\x0a2. Decompress\x0a3. Quit\x0a</data></match></read>
    <write><data>pQBVKe\x0a</data></write>
    <read><length>14</length><match><data>Invalid menu.\x0a</data></match></read>
    <read><length>34</length><match><data>1. Compress\x0a2. Decompress\x0a3. Quit\x0a</data></match></read>
    <write><data>2\x0a</data></write>
    <read><length>5</length><match><data>Key?\x0a</data></match></read>
    <write><data>T6OD\x2ce0\x22K2wJX\x5ea\x3c\x29\x5f\x2bHEdm1tjc\x3dAS5kYh?\x7dlU\x3b!\x26sZGI\x24\x7eC\x27ziq\x7cvW\x25Qu\x5dLbrM \x23\x7b7:R8V\x3eg3\x2fy\x2dn9x\x2a\x5b\x60Fof\x28P4\x5c.B\x40pN</data></write>
    <read><length>8</length><match><data>Length?\x0a</data></match></read>
    <write><data>84\x0a</data></write>
    <read><length>6</length><match><data>Data?\x0a</data></match></read>
    <write><data>\x5f\x00\x00\x00\x3c\xc4\xf0\x25\x80\xa0O\x020\xa6\x13\x81P\xba0\x84\x07\x10\x80\xe6\x04\xc1\xf4\x24C\x84\x88\xb0\x91\x22\x1c\x84\xed\x03\x9d\x0ap2\x95\xa1\xe8\x1d\xc2\x25\x98\x1bL\x10?\x18\xa0\x15\x84M\xa6hr\x01\xa9\xc39\x87\xacq\x84\x0e\xb0\x09C\xbf\x84\xc3\xb0\x3eB\x01\xe0\x8c\x02\x80</data></write>
    <read><length>147</length><match><data>Compressed Size: 84\x0aOriginal Size: 93\x0aOriginal Data: NNN\x5d\x5d\x5dLLLJJJHHHEEESSS???\x7e\x7e\x7e333uuu\x5b\x5b\x5b\x26\x26\x26tttkkkllleeeqqq\x3e\x3e\x3eMMM\x2d\x2d\x2d\x2a\x2a\x2afffiii000\x2c\x2c\x2cBBBPPPDDD777\x27\x27\x27\x0a</data></match></read>
    <read><length>34</length><match><data>1. Compress\x0a2. Decompress\x0a3. Quit\x0a</data></match></read>
    <write><data>1\x0a</data></write>
    <read><length>5</length><match><data>Key?\x0a</data></match></read>
    <write><data>\x5en\x60\x2fQX\x2d.\x7di:pUr\x26\x3cT\x25\x5cK 70\x5bfz\x28F\x27Z\x24Nh8s\x3b\x22E\x234q!\x5fmLk\x2a\x29H\x7buMOB6\x3eIG\x7ccwg\x3dt\x40abyl9?\x5d1\x2cRP3Cdx2v5\x2b\x7eSYoDJAeWVj</data></write>
    <read><length>6</length><match><data>Data?\x0a</data></match></read>
    <write><data>JJJ\x5b\x5b\x5b\x2a\x2a\x2a\x40\x40\x40bbb\x00</data></write>
    <read><length>99</length><match><data>Original Size: 15\x0aCompressed Size: 18 \x28120\x25\x29\x0aCompressed Data: 11000000F44F2388409F081861031C290880\x0a</data></match></read>
    <read><length>34</length><match><data>1. Compress\x0a2. Decompress\x0a3. Quit\x0a</data></match></read>
    <write><data>3\x0a</data></write>
    <read><length>5</length><match><data>Bye.\x0a</data></match></read>
</replay>
</pov>