<?xml version="1.0" standalone="no" ?>
<!DOCTYPE pov SYSTEM "/usr/share/cgc-docs/replay.dtd">
<pov>
<cbid>service</cbid>
<seed>5ff32d32c6a338481140a1ce9a17a3eea2c7c0e37f8a690fd9b8a4c9159d0c8478a2a7fb757ae748c8557915c5474d6f</seed>
<replay>
    <read><length>9</length><match><data>65FE1EBA\x0a</data></match></read>
    <read><length>34</length><match><data>1. Compress\x0a2. Decompress\x0a3. Quit\x0a</data></match></read>
    <write><data>1\x0a</data></write>
    <read><length>5</length><match><data>Key?\x0a</data></match></read>
    <write><data>j\x28FuWg\x60CoR\x5d\x5c \x24Tc5fBXt7\x2fdw\x5fMJ\x298\x25s\x5b3\x2d\x26\x3d:a6\x3ePnD9.yYqerQA4\x23\x7e1xb\x7bmN\x7d\x27OEVK\x2aIzh\x3c\x7c!vi2G\x40\x3b\x5e0Z\x2c\x22LpHS?lU\x2bk</data></write>
    <read><length>6</length><match><data>Data?\x0a</data></match></read>
    <write><data>\x40\x40\x40222BBBIII\x60\x60\x60\x5b\x5b\x5b\x26\x26\x26\x00</data></write>
    <read><length>109</length><match><data>Original Size: 21\x0aCompressed Size: 23 \x28109\x25\x29\x0aCompressed Data: 170000000A44CA2781B4690910A1022C2B0A5606F84280\x0a</data></match></read>
    <read><length>34</length><match><data>1. Compress\x0a2. Decompress\x0a3. Quit\x0a</data></match></read>
    <write><data>2\x0a</data></write>
    <read><length>5</length><match><data>Key?\x0a</data></match></read>
    <write><data>j\x28FuWg\x60CoR\x5d\x5c \x24Tc5fBXt7\x2fdw\x5fMJ\x298\x25s\x5b3\x2d\x26\x3d:a6\x3ePnD9.yYqerQA4\x23\x7e1xb\x7bmN\x7d\x27OEVK\x2aIzh\x3c\x7c!vi2G\x40\x3b\x5e0Z\x2c\x22LpHS?lU\x2bk</data></write>
    <read><length>8</length><match><data>Length?\x0a</data></match></read>
    <write><data>23\x0a</data></write>
    <read><length>6</length><match><data>Data?\x0a</data></match></read>
    <write><data>\x17\x00\x00\x00\x0aD\xca\x27\x81\xb4i\x09\x10\xa1\x02\x2c\x2b\x0aV\x06\xf8B\x80</data></write>
    <read><length>75</length><match><data>Compressed Size: 23\x0aOriginal Size: 21\x0aOriginal Data: \x40\x40\x40222BBBIII\x60\x60\x60\x5b\x5b\x5b\x26\x26\x26\x0a</data></match></read>
    <read><length>34</length><match><data>1. Compress\x0a2. Decompress\x0a3. Quit\x0a</data></match></read>
    <write><data>1\x0a</data></write>
    <read><length>5</length><match><data>Key?\x0a</data></match></read>
    <write><data>W\x2aB!l\x2f\x2c \x3ewXY\x60e\x268t\x5byTFGxC\x27E\x5dfvI\x7cJ6Q3rKV2\x7b47Nba\x3cpo\x3b\x7esjD\x28SZ\x5cHn\x25zPgL\x5f\x2bU\x40\x5em\x3d9h\x22:iu01\x23ck\x29?\x24\x7d.A5OM\x2ddRq</data></write>
    <read><length>6</length><match><data>Data?\x0a</data></match></read>
    <write><data>\x7b\x7b\x7bGGGDDD\x25\x25\x25\x60\x60\x60NNNVVVFFFWWWFFF\x7d\x7d\x7dhhh\x24\x24\x24jjjWWWxxxGGG\x23\x23\x23rrrKKKzzzhhh\x3e\x3e\x3eVVVoooHHHKKKtttZZZ\x28\x28\x28\x00</data></write>
    <read><length>126</length><match><data>Original Size: 90\x0aCompressed Size: 77 \x2885\x25\x29\x0aCompressed Data: 5C00000012C4685311C210340AE05C18408E35862048C4A04A1E0F2108461437\x0a</data></match></read>
    <read><length>34</length><match><data>1. Compress\x0a2. Decompress\x0a3. Quit\x0a</data></match></read>
    <write><data>1\x0a</data></write>
    <read><length>5</length><match><data>Key?\x0a</data></match></read>
    <write><data>05gxsopevt:\x25iQcHC\x5ckW\x3e\x2a7\x5fd9!\x24r\x29\x26f\x3d\x28\x22m\x3bX\x601IADh8n\x7b\x5bT6\x7e\x7d\x404zj\x5dwO\x2dLR.Vul\x273UEb2aG\x5e\x2cJ\x2f\x3c\x7cyYKB\x23FZqP S?M\x2bN</data></write>
    <read><length>6</length><match><data>Data?\x0a</data></match></read>
    <write><data>TTT\x2d\x2d\x2dOOO666111uuu\x7e\x7e\x7e111...WWW...OOO444\x3b\x3b\x3b\x7d\x7d\x7dGGGvvvzzz\x3e\x3e\x3e\x40\x40\x40\x00</data></write>
    <read><length>126</length><match><data>Original Size: 60\x0aCompressed Size: 53 \x2888\x25\x29\x0aCompressed Data: 3E0000000944D229817C6B02C0DE0582440AC5626C2102C15E138172B030DCB5\x0a</data></match></read>
    <read><length>34</length><match><data>1. Compress\x0a2. Decompress\x0a3. Quit\x0a</data></match></read>
    <write><data>MdCakS\x0a</data></write>
    <read><length>14</length><match><data>Invalid menu.\x0a</data></match></read>
    <read><length>34</length><match><data>1. Compress\x0a2. Decompress\x0a3. Quit\x0a</data></match></read>
    <write><data>2\x0a</data></write>
    <read><length>5</length><match><data>Key?\x0a</data></match></read>
    <write><data>05gxsopevt:\x25iQcHC\x5ckW\x3e\x2a7\x5fd9!\x24r\x29\x26f\x3d\x28\x22m\x3bX\x601IADh8n\x7b\x5bT6\x7e\x7d\x404zj\x5dwO\x2dLR.Vul\x273UEb2aG\x5e\x2cJ\x2f\x3c\x7cyYKB\x23FZqP S?M\x2bN</data></write>
    <read><length>8</length><match><data>Length?\x0a</data></match></read>
    <write><data>53\x0a</data></write>
    <read><length>6</length><match><data>Data?\x0a</data></match></read>
    <write><data>\x3e\x00\x00\x00\x09D\xd2\x29\x81\x7ck\x02\xc0\xde\x05\x82D\x0a\xc5bl!\x02\xc1\x5e\x13\x81r\xb00\xdc\xb5\x0b\xc3Z\x85\xf7\x0fJ\x10\x81\x7b\xf1\x87e\x08C\xdf\xec\x24\x10\x87\x40</data></write>
    <read><length>114</length><match><data>Compressed Size: 53\x0aOriginal Size: 60\x0aOriginal Data: TTT\x2d\x2d\x2dOOO666111uuu\x7e\x7e\x7e111...WWW...OOO444\x3b\x3b\x3b\x7d\x7d\x7dGGGvvvzzz\x3e\x3e\x3e\x40\x40\x40\x0a</data></match></read>
    <read><length>34</length><match><data>1. Compress\x0a2. Decompress\x0a3. Quit\x0a</data></match></read>
    <write><data>2\x0a</data></write>
    <read><length>5</length><match><data>Key?\x0a</data></match></read>
    <write><data>05gxsopevt:\x25iQcHC\x5ckW\x3e\x2a7\x5fd9!\x24r\x29\x26f\x3d\x28\x22m\x3bX\x601IADh8n\x7b\x5bT6\x7e\x7d\x404zj\x5dwO\x2dLR.Vul\x273UEb2aG\x5e\x2cJ\x2f\x3c\x7cyYKB\x23FZqP S?M\x2bN</data></write>
    <read><length>8</length><match><data>Length?\x0a</data></match></read>
    <write><data>53\x0a</data></write>
    <read><length>6</length><match><data>Data?\x0a</data></match></read>
    <write><data>\x3e\x00\x00\x00\x09D\xd2\x29\x81\x7ck\x02\xc0\xde\x05\x82D\x0a\xc5bl!\x02\xc1\x5e\x13\x81r\xb00\xdc\xb5\x0b\xc3Z\x85\xf7\x0fJ\x10\x81\x7b\xf1\x87e\x08C\xdf\xec\x24\x10\x87\x40</data></write>
    <read><length>114</length><match><data>Compressed Size: 53\x0aOriginal Size: 60\x0aOriginal Data: TTT\x2d\x2d\x2dOOO666111uuu\x7e\x7e\x7e111...WWW...OOO444\x3b\x3b\x3b\x7d\x7d\x7dGGGvvvzzz\x3e\x3e\x3e\x40\x40\x40\x0a</data></match></read>
    <read><length>34</length><match><data>1. Compress\x0a2. Decompress\x0a3. Quit\x0a</data></match></read>
    <write><data>BqbXDY\x0a</data></write>
    <read><length>14</length><match><data>Invalid menu.\x0a</data></match></read>
    <read><length>34</length><match><data>1. Compress\x0a2. Decompress\x0a3. Quit\x0a</data></match></read>
    <write><data>zKJfDv\x0a</data></write>
    <read><length>14</length><match><data>Invalid menu.\x0a</data></match></read>
    <read><length>34</length><match><data>1. Compress\x0a2. Decompress\x0a3. Quit\x0a</data></match></read>
    <write><data>2\x0a</data></write>
    <read><length>5</length><match><data>Key?\x0a</data></match></read>
    <write><data>05gxsopevt:\x25iQcHC\x5ckW\x3e\x2a7\x5fd9!\x24r\x29\x26f\x3d\x28\x22m\x3bX\x601IADh8n\x7b\x5bT6\x7e\x7d\x404zj\x5dwO\x2dLR.Vul\x273UEb2aG\x5e\x2cJ\x2f\x3c\x7cyYKB\x23FZqP S?M\x2bN</data></write>
    <read><length>8</length><match><data>Length?\x0a</data></match></read>
    <write><data>53\x0a</data></write>
    <read><length>6</length><match><data>Data?\x0a</data></match></read>
    <write><data>\x3e\x00\x00\x00\x09D\xd2\x29\x81\x7ck\x02\xc0\xde\x05\x82D\x0a\xc5bl!\x02\xc1\x5e\x13\x81r\xb00\xdc\xb5\x0b\xc3Z\x85\xf7\x0fJ\x10\x81\x7b\xf1\x87e\x08C\xdf\xec\x24\x10\x87\x40</data></write>
    <read><length>114</length><match><data>Compressed Size: 53\x0aOriginal Size: 60\x0aOriginal Data: TTT\x2d\x2d\x2dOOO666111uuu\x7e\x7e\x7e111...WWW...OOO444\x3b\x3b\x3b\x7d\x7d\x7dGGGvvvzzz\x3e\x3e\x3e\x40\x40\x40\x0a</data></match></read>
    <read><length>34</length><match><data>1. Compress\x0a2. Decompress\x0a3. Quit\x0a</data></match></read>
    <write><data>1\x0a</data></write>
    <read><length>5</length><match><data>Key?\x0a</data></match></read>
    <write><data>c\x2d6k\x2f\x2byM\x3e\x233W\x22Pw\x3b\x40Dqr\x7bU7K\x28\x3cvj \x29o:JtNS\x5cCn.2\x5fQYbFH8\x26\x24f9!X\x2apdi\x7dI\x5eBlE?\x60geGZmzsR\x7c\x25a5\x5dTAL0xVu\x2c1\x5b\x3dh4\x7e\x27O</data></write>
    <read><length>6</length><match><data>Data?\x0a</data></match></read>
    <write><data>\x7e\x7e\x7e:::\x7d\x7d\x7d\x26\x26\x26CCCGGG\x23\x23\x23555\x28\x28\x28BBB\x3b\x3b\x3b\x00</data></write>
    <read><length>126</length><match><data>Original Size: 33\x0aCompressed Size: 32 \x2896\x25\x29\x0aCompressed Data: 230000001E44C82B8178650368F207C21C0A84A84605E8427885B50B621ACC34\x0a</data></match></read>
    <read><length>34</length><match><data>1. Compress\x0a2. Decompress\x0a3. Quit\x0a</data></match></read>
    <write><data>1\x0a</data></write>
    <read><length>5</length><match><data>Key?\x0a</data></match></read>
    <write><data>4SX\x3dHf\x60Y\x7bQbVTg:A?cNh\x22Wni\x24jU m\x3c\x28sJ\x7ee5pK\x26L\x27E\x25\x23D\x5eRMFPz\x7d8w\x5dIZO\x5f7x\x2913y\x7c6t9l\x40\x3bk!GC0\x2f\x2b2rvq\x2d\x5c.\x2a\x2ca\x3eBod\x5bu</data></write>
    <read><length>6</length><match><data>Data?\x0a</data></match></read>
    <write><data>\x3d\x3d\x3d\x5d\x5d\x5dLLLuuu\x28\x28\x28666???...CCCSSSddd\x5d\x5d\x5d333:::\x3e\x3e\x3e\x5b\x5b\x5bmmmnnn888666\x3c\x3c\x3caaa\x5f\x5f\x5fzzzaaaCCC\x00</data></write>
    <read><length>126</length><match><data>Original Size: 78\x0aCompressed Size: 70 \x2889\x25\x29\x0aCompressed Data: 500000009C4D622844490300C206319C07E3A84607DA10607E21C0B64D817CB3\x0a</data></match></read>
    <read><length>34</length><match><data>1. Compress\x0a2. Decompress\x0a3. Quit\x0a</data></match></read>
    <write><data>1\x0a</data></write>
    <read><length>5</length><match><data>Key?\x0a</data></match></read>
    <write><data>u\x60Ze\x2d\x7dh\x28Qz1U\x22\x40M8D3\x5fC\x3dE!:HOGs\x25R\x7bAm\x5c5\x24\x7e\x2c\x5bNcxkqT\x5e\x2f7\x27pwP 9Bfnl\x23WLiKJ\x2bX\x2a2\x3b4.\x3e\x5drd?0at\x29YIob\x3cFV\x7cvjgS6\x26y</data></write>
    <read><length>6</length><match><data>Data?\x0a</data></match></read>
    <write><data>...gggnnn\x29\x29\x29VVV\x3e\x3e\x3e\x2a\x2a\x2aSSS444UUUqqq888\x2a\x2a\x2aYYY999\x2b\x2b\x2bWWWgggwwwyyyMMM\x22\x22\x22yyyXXX...\x2d\x2d\x2d\x00</data></write>
    <read><length>126</length><match><data>Original Size: 78\x0aCompressed Size: 70 \x2889\x25\x29\x0aCompressed Data: 500000003644CE26819C5D0188C21181F89E34846153D95E0722DC265E8198C5\x0a</data></match></read>
    <read><length>34</length><match><data>1. Compress\x0a2. Decompress\x0a3. Quit\x0a</data></match></read>
    <write><data>tqa\x0a</data></write>
    <read><length>14</length><match><data>Invalid menu.\x0a</data></match></read>
    <read><length>34</length><match><data>1. Compress\x0a2. Decompress\x0a3. Quit\x0a</data></match></read>
    <write><data>2\x0a</data></write>
    <read><length>5</length><match><data>Key?\x0a</data></match></read>
    <write><data>u\x60Ze\x2d\x7dh\x28Qz1U\x22\x40M8D3\x5fC\x3dE!:HOGs\x25R\x7bAm\x5c5\x24\x7e\x2c\x5bNcxkqT\x5e\x2f7\x27pwP 9Bfnl\x23WLiKJ\x2bX\x2a2\x3b4.\x3e\x5drd?0at\x29YIob\x3cFV\x7cvjgS6\x26y</data></write>
    <read><length>8</length><match><data>Length?\x0a</data></match></read>
    <write><data>70\x0a</data></write>
    <read><length>6</length><match><data>Data?\x0a</data></match></read>
    <write><data>P\x00\x00\x006D\xce\x26\x81\x9c\x5d\x01\x88\xc2\x11\x81\xf8\x9e4\x84aS\xd9\x5e\x07\x22\xdc\x26\x5e\x81\x98\xc5\x08\xc2\x9a3\xc3f\xb3L!\x00\x84\x0f\x818X\x27\x28Z\x07\x9e\x9d \x10\x86\xa9\x09\x84!\x08\x041\xb8\x5b\xd0\x84\x02!P</data></write>
    <read><length>132</length><match><data>Compressed Size: 70\x0aOriginal Size: 78\x0aOriginal Data: ...gggnnn\x29\x29\x29VVV\x3e\x3e\x3e\x2a\x2a\x2aSSS444UUUqqq888\x2a\x2a\x2aYYY999\x2b\x2b\x2bWWWgggwwwyyyMMM\x22\x22\x22yyyXXX...\x2d\x2d\x2d\x0a</data></match></read>
    <read><length>34</length><match><data>1. Compress\x0a2. Decompress\x0a3. Quit\x0a</data></match></read>
    <write><data>2\x0a</data></write>
    <read><length>5</length><match><data>Key?\x0a</data></match></read>
    <write><data>u\x60Ze\x2d\x7dh\x28Qz1U\x22\x40M8D3\x5fC\x3dE!:HOGs\x25R\x7bAm\x5c5\x24\x7e\x2c\x5bNcxkqT\x5e\x2f7\x27pwP 9Bfnl\x23WLiKJ\x2bX\x2a2\x3b4.\x3e\x5drd?0at\x29YIob\x3cFV\x7cvjgS6\x26y</data></write>
    <read><length>8</length><match><data>Length?\x0a</data></match></read>
    <write><data>70\x0a</data></write>
    <read><length>6</length><match><data>Data?\x0a</data></match></read>
    <write><data>P\x00\x00\x006D\xce\x26\x81\x9c\x5d\x01\x88\xc2\x11\x81\xf8\x9e4\x84aS\xd9\x5e\x07\x22\xdc\x26\x5e\x81\x98\xc5\x08\xc2\x9a3\xc3f\xb3L!\x00\x84\x0f\x818X\x27\x28Z\x07\x9e\x9d \x10\x86\xa9\x09\x84!\x08\x041\xb8\x5b\xd0\x84\x02!P</data></write>
    <read><length>132</length><match><data>Compressed Size: 70\x0aOriginal Size: 78\x0aOriginal Data: ...gggnnn\x29\x29\x29VVV\x3e\x3e\x3e\x2a\x2a\x2aSSS444UUUqqq888\x2a\x2a\x2aYYY999\x2b\x2b\x2bWWWgggwwwyyyMMM\x22\x22\x22yyyXXX...\x2d\x2d\x2d\x0a</data></match></read>
    <read><length>34</length><match><data>1. Compress\x0a2. Decompress\x0a3. Quit\x0a</data></match></read>
    <write><data>2\x0a</data></write>
    <read><length>5</length><match><data>Key?\x0a</data></match></read>
    <write><data>u\x60Ze\x2d\x7dh\x28Qz1U\x22\x40M8D3\x5fC\x3dE!:HOGs\x25R\x7bAm\x5c5\x24\x7e\x2c\x5bNcxkqT\x5e\x2f7\x27pwP 9Bfnl\x23WLiKJ\x2bX\x2a2\x3b4.\x3e\x5drd?0at\x29YIob\x3cFV\x7cvjgS6\x26y</data></write>
    <read><length>8</length><match><data>Length?\x0a</data></match></read>
    <write><data>70\x0a</data></write>
    <read><length>6</length><match><data>Data?\x0a</data></match></read>
    <write><data>P\x00\x00\x006D\xce\x26\x81\x9c\x5d\x01\x88\xc2\x11\x81\xf8\x9e4\x84aS\xd9\x5e\x07\x22\xdc\x26\x5e\x81\x98\xc5\x08\xc2\x9a3\xc3f\xb3L!\x00\x84\x0f\x818X\x27\x28Z\x07\x9e\x9d \x10\x86\xa9\x09\x84!\x08\x041\xb8\x5b\xd0\x84\x02!P</data></write>
    <read><length>132</length><match><data>Compressed Size: 70\x0aOriginal Size: 78\x0aOriginal Data: ...gggnnn\x29\x29\x29VVV\x3e\x3e\x3e\x2a\x2a\x2aSSS444UUUqqq888\x2a\x2a\x2aYYY999\x2b\x2b\x2bWWWgggwwwyyyMMM\x22\x22\x22yyyXXX...\x2d\x2d\x2d\x0a</data></match></read>
    <read><length>34</length><match><data>1. Compress\x0a2. Decompress\x0a3. Quit\x0a</data></match></read>
    <write><data>2\x0a</data></write>
    <read><length>5</length><match><data>Key?\x0a</data></match></read>
    <write><data>u\x60Ze\x2d\x7dh\x28Qz1U\x22\x40M8D3\x5fC\x3dE!:HOGs\x25R\x7bAm\x5c5\x24\x7e\x2c\x5bNcxkqT\x5e\x2f7\x27pwP 9Bfnl\x23WLiKJ\x2bX\x2a2\x3b4.\x3e\x5drd?0at\x29YIob\x3cFV\x7cvjgS6\x26y</data></write>
    <read><length>8</length><match><data>Length?\x0a</data></match></read>
    <write><data>70\x0a</data></write>
    <read><length>6</length><match><data>Data?\x0a</data></match></read>
    <write><data>P\x00\x00\x006D\xce\x26\x81\x9c\x5d\x01\x88\xc2\x11\x81\xf8\x9e4\x84aS\xd9\x5e\x07\x22\xdc\x26\x5e\x81\x98\xc5\x08\xc2\x9a3\xc3f\xb3L!\x00\x84\x0f\x818X\x27\x28Z\x07\x9e\x9d \x10\x86\xa9\x09\x84!\x08\x041\xb8\x5b\xd0\x84\x02!P</data></write>
    <read><length>132</length><match><data>Compressed Size: 70\x0aOriginal Size: 78\x0aOriginal Data: ...gggnnn\x29\x29\x29VVV\x3e\x3e\x3e\x2a\x2a\x2aSSS444UUUqqq888\x2a\x2a\x2aYYY999\x2b\x2b\x2bWWWgggwwwyyyMMM\x22\x22\x22yyyXXX...\x2d\x2d\x2d\x0a</data></match></read>
    <read><length>34</length><match><data>1. Compress\x0a2. Decompress\x0a3. Quit\x0a</data></match></read>
    <write><data>1\x0a</data></write>
    <read><length>5</length><match><data>Key?\x0a</data></match></read>
    <write><data>Q\x7bOXno5p3\x40IG!\x2aAN\x27kY\x25.w\x7diERtZ\x29g7\x7c\x2bLF\x3b6\x7eVM\x22cB08\x23j\x28blu1fPCeTa\x2c\x3d\x5fH?y \x26hm:\x244d\x3cs\x3erJ\x5d9SK\x5bDxUv\x2d\x5ez\x5c\x2fW2q\x60</data></write>
    <read><length>6</length><match><data>Data?\x0a</data></match></read>
    <write><data>OOO\x5b\x5b\x5bHHHnnnvvvJJJTTTttt\x3d\x3d\x3dttt\x7b\x7b\x7bCCC\x26\x26\x26???gggvvvkkkXXX\x00</data></write>
    <read><length>126</length><match><data>Original Size: 54\x0aCompressed Size: 47 \x2887\x25\x29\x0aCompressed Data: 380000009C4742280904908C0645D13C2503ADE05D2DCA05F214365B85606DBC\x0a</data></match></read>
    <read><length>34</length><match><data>1. Compress\x0a2. Decompress\x0a3. Quit\x0a</data></match></read>
    <write><data>1\x0a</data></write>
    <read><length>5</length><match><data>Key?\x0a</data></match></read>
    <write><data>!\x7dshc1TH\x5eRB\x5b?\x7c\x3c9Z:ErkutK\x254\x285veFOC \x7eWzQn\x27\x2c\x26.\x3d\x2diXU\x5dA8\x23\x5fG\x2ag6oy2\x3bJaqf\x29\x5cPdjIxm\x7b0L\x3eSw\x2fY\x223VlMDb7\x40\x24\x60Np\x2b</data></write>
    <read><length>6</length><match><data>Data?\x0a</data></match></read>
    <write><data>999111\x7e\x7e\x7e\x5b\x5b\x5bvvv444777xxx???eee\x2f\x2f\x2f!!!777RRRJJJ\x5b\x5b\x5b\x5c\x5c\x5c\x2c\x2c\x2cXXX\x2c\x2c\x2c\x2f\x2f\x2fcccrrr\x00</data></write>
    <read><length>126</length><match><data>Original Size: 69\x0aCompressed Size: 60 \x2886\x25\x29\x0aCompressed Data: 470000000BC4DE218444B01809E0781640885F184210348CA1880E210D1047F0\x0a</data></match></read>
    <read><length>34</length><match><data>1. Compress\x0a2. Decompress\x0a3. Quit\x0a</data></match></read>
    <write><data>2\x0a</data></write>
    <read><length>5</length><match><data>Key?\x0a</data></match></read>
    <write><data>!\x7dshc1TH\x5eRB\x5b?\x7c\x3c9Z:ErkutK\x254\x285veFOC \x7eWzQn\x27\x2c\x26.\x3d\x2diXU\x5dA8\x23\x5fG\x2ag6oy2\x3bJaqf\x29\x5cPdjIxm\x7b0L\x3eSw\x2fY\x223VlMDb7\x40\x24\x60Np\x2b</data></write>
    <read><length>8</length><match><data>Length?\x0a</data></match></read>
    <write><data>60\x0a</data></write>
    <read><length>6</length><match><data>Data?\x0a</data></match></read>
    <write><data>G\x00\x00\x00\x0b\xc4\xde!\x84D\xb0\x18\x09\xe0x\x16\x40\x88\x5f\x18B\x104\x8c\xa1\x88\x0e!\x0d\x10G\xf0\x8c\x2fb\x145\x0e\x99Jd\xe8B\x11\x84\x7d\x0f\xd2\x19\xfc\x02\x01\x18B\x1b\xc4\xe1\x08\x04\xbe</data></write>
    <read><length>123</length><match><data>Compressed Size: 60\x0aOriginal Size: 69\x0aOriginal Data: 999111\x7e\x7e\x7e\x5b\x5b\x5bvvv444777xxx???eee\x2f\x2f\x2f!!!777RRRJJJ\x5b\x5b\x5b\x5c\x5c\x5c\x2c\x2c\x2cXXX\x2c\x2c\x2c\x2f\x2f\x2fcccrrr\x0a</data></match></read>
    <read><length>34</length><match><data>1. Compress\x0a2. Decompress\x0a3. Quit\x0a</data></match></read>
    <write><data>2\x0a</data></write>
    <read><length>5</length><match><data>Key?\x0a</data></match></read>
    <write><data>!\x7dshc1TH\x5eRB\x5b?\x7c\x3c9Z:ErkutK\x254\x285veFOC \x7eWzQn\x27\x2c\x26.\x3d\x2diXU\x5dA8\x23\x5fG\x2ag6oy2\x3bJaqf\x29\x5cPdjIxm\x7b0L\x3eSw\x2fY\x223VlMDb7\x40\x24\x60Np\x2b</data></write>
    <read><length>8</length><match><data>Length?\x0a</data></match></read>
    <write><data>60\x0a</data></write>
    <read><length>6</length><match><data>Data?\x0a</data></match></read>
    <write><data>G\x00\x00\x00\x0b\xc4\xde!\x84D\xb0\x18\x09\xe0x\x16\x40\x88\x5f\x18B\x104\x8c\xa1\x88\x0e!\x0d\x10G\xf0\x8c\x2fb\x145\x0e\x99Jd\xe8B\x11\x84\x7d\x0f\xd2\x19\xfc\x02\x01\x18B\x1b\xc4\xe1\x08\x04\xbe</data></write>
    <read><length>123</length><match><data>Compressed Size: 60\x0aOriginal Size: 69\x0aOriginal Data: 999111\x7e\x7e\x7e\x5b\x5b\x5bvvv444777xxx???eee\x2f\x2f\x2f!!!777RRRJJJ\x5b\x5b\x5b\x5c\x5c\x5c\x2c\x2c\x2cXXX\x2c\x2c\x2c\x2f\x2f\x2fcccrrr\x0a</data></match></read>
    <read><length>34</length><match><data>1. Compress\x0a2. Decompress\x0a3. Quit\x0a</data></match></read>
    <write><data>s\x0a</data></write>
    <read><length>14</length><match><data>Invalid menu.\x0a</data></match></read>
    <read><length>34</length><match><data>1. Compress\x0a2. Decompress\x0a3. Quit\x0a</data></match></read>
    <write><data>Fkiqgi\x0a</data></write>
    <read><length>14</length><match><data>Invalid menu.\x0a</data></match></read>
    <read><length>34</length><match><data>1. Compress\x0a2. Decompress\x0a3. Quit\x0a</data></match></read>
    <write><data>tAZCjM\x0a</data></write>
    <read><length>14</length><match><data>Invalid menu.\x0a</data></match></read>
    <read><length>34</length><match><data>1. Compress\x0a2. Decompress\x0a3. Quit\x0a</data></match></read>
    <write><data>1\x0a</data></write>
    <read><length>5</length><match><data>Key?\x0a</data></match></read>
    <write><data>1VGAI\x3bg\x27\x5d\x234ls z\x3eUj:\x2cY\x60\x5bCk\x22J9a\x5fD\x26RP5L\x5erB?\x7d8MnxZpd.q\x3d6WFvhwbcQ3\x5ce\x2f\x25i\x40fHuT\x7c\x2a\x2bEOm\x3cS\x7bX7Kt!\x28No\x7e2y0\x2d\x29\x24</data></write>
    <read><length>6</length><match><data>Data?\x0a</data></match></read>
    <write><data>DDDBBBFFF...PPPgggMMM\x2a\x2a\x2a\x3c\x3c\x3cRRRFFFnnnCCC\x3b\x3b\x3bVVVUUU\x3e\x3e\x3ezzzGGGOOOfff\x00</data></write>
    <read><length>126</length><match><data>Original Size: 63\x0aCompressed Size: 56 \x2888\x25\x29\x0aCompressed Data: 410000000C444A2280B84909C06E4114C2B018C203284316812CC64181B4890D\x0a</data></match></read>
    <read><length>34</length><match><data>1. Compress\x0a2. Decompress\x0a3. Quit\x0a</data></match></read>
    <write><data>eIBDGk\x0a</data></write>
    <read><length>14</length><match><data>Invalid menu.\x0a</data></match></read>
    <read><length>34</length><match><data>1. Compress\x0a2. Decompress\x0a3. Quit\x0a</data></match></read>
    <write><data>1\x0a</data></write>
    <read><length>5</length><match><data>Key?\x0a</data></match></read>
    <write><data>c\x7d\x23A\x5ctCWb.E\x5b\x3e\x3b\x3d\x3cxqzs\x2c\x2fmaXP1\x7e\x2ag:\x2bZKM\x7blf\x2d\x26FwSnd5oe \x28yDI!9R\x27\x294r\x22\x25\x7cH\x24J\x5fYTkjv?U0\x5dB7OQ2Lp\x606N3\x5ei8h\x40VuG</data></write>
    <read><length>6</length><match><data>Data?\x0a</data></match></read>
    <write><data>\x5b\x5b\x5bbbb333\x22\x22\x22\x2a\x2a\x2aZZZcccwwwiiikkkmmm\x00</data></write>
    <read><length>126</length><match><data>Original Size: 33\x0aCompressed Size: 32 \x2896\x25\x29\x0aCompressed Data: 23000000C44802180B05508C06F08194BA3F85E11B92E1481DAD03C4A1A942A0\x0a</data></match></read>
    <read><length>34</length><match><data>1. Compress\x0a2. Decompress\x0a3. Quit\x0a</data></match></read>
    <write><data>1\x0a</data></write>
    <read><length>5</length><match><data>Key?\x0a</data></match></read>
    <write><data>U\x7dMv3lT\x2cEIp\x2amyZ7\x29aNJ\x222 .BQqk?b\x3doK\x24w\x279\x60S\x40sPVH0!x\x26\x3cdX\x3eLi\x5f\x23\x2bn4c\x5eOhW\x7e\x2dzCF\x3bRtu\x5d\x7cAGYr\x25D\x288e5g\x5b:\x5c\x7bj1f\x2f6</data></write>
    <read><length>6</length><match><data>Data?\x0a</data></match></read>
    <write><data>\x7b\x7b\x7b:::\x3d\x3d\x3d333bbbEEE\x7e\x7e\x7e\x2b\x2b\x2brrrsss\x26\x26\x26\x27\x27\x27888666\x00</data></write>
    <read><length>126</length><match><data>Original Size: 42\x0aCompressed Size: 39 \x2892\x25\x29\x0aCompressed Data: 2C00000027C47E2680FC5708C25381DEC4581BC9709C22622DC230D5613B1CE1\x0a</data></match></read>
    <read><length>34</length><match><data>1. Compress\x0a2. Decompress\x0a3. Quit\x0a</data></match></read>
    <write><data>2\x0a</data></write>
    <read><length>5</length><match><data>Key?\x0a</data></match></read>
    <write><data>U\x7dMv3lT\x2cEIp\x2amyZ7\x29aNJ\x222 .BQqk?b\x3doK\x24w\x279\x60S\x40sPVH0!x\x26\x3cdX\x3eLi\x5f\x23\x2bn4c\x5eOhW\x7e\x2dzCF\x3bRtu\x5d\x7cAGYr\x25D\x288e5g\x5b:\x5c\x7bj1f\x2f6</data></write>
    <read><length>8</length><match><data>Length?\x0a</data></match></read>
    <write><data>39\x0a</data></write>
    <read><length>6</length><match><data>Data?\x0a</data></match></read>
    <write><data>\x2c\x00\x00\x00\x27\xc4\x7e\x26\x80\xfcW\x08\xc2S\x81\xde\xc4X\x1b\xc9p\x9c\x22b\x2d\xc20\xd5a\x3b\x1c\xe1\x88\x1ea\x03\xf4!0</data></write>
    <read><length>96</length><match><data>Compressed Size: 39\x0aOriginal Size: 42\x0aOriginal Data: \x7b\x7b\x7b:::\x3d\x3d\x3d333bbbEEE\x7e\x7e\x7e\x2b\x2b\x2brrrsss\x26\x26\x26\x27\x27\x27888666\x0a</data></match></read>
    <read><length>34</length><match><data>1. Compress\x0a2. Decompress\x0a3. Quit\x0a</data></match></read>
    <write><data>2\x0a</data></write>
    <read><length>5</length><match><data>Key?\x0a</data></match></read>
    <write><data>U\x7dMv3lT\x2cEIp\x2amyZ7\x29aNJ\x222 .BQqk?b\x3doK\x24w\x279\x60S\x40sPVH0!x\x26\x3cdX\x3eLi\x5f\x23\x2bn4c\x5eOhW\x7e\x2dzCF\x3bRtu\x5d\x7cAGYr\x25D\x288e5g\x5b:\x5c\x7bj1f\x2f6</data></write>
    <read><length>8</length><match><data>Length?\x0a</data></match></read>
    <write><data>39\x0a</data></write>
    <read><length>6</length><match><data>Data?\x0a</data></match></read>
    <write><data>\x2c\x00\x00\x00\x27\xc4\x7e\x26\x80\xfcW\x08\xc2S\x81\xde\xc4X\x1b\xc9p\x9c\x22b\x2d\xc20\xd5a\x3b\x1c\xe1\x88\x1ea\x03\xf4!0</data></write>
    <read><length>96</length><match><data>Compressed Size: 39\x0aOriginal Size: 42\x0aOriginal Data: \x7b\x7b\x7b:::\x3d\x3d\x3d333bbbEEE\x7e\x7e\x7e\x2b\x2b\x2brrrsss\x26\x26\x26\x27\x27\x27888666\x0a</data></match></read>
    <read><length>34</length><match><data>1. Compress\x0a2. Decompress\x0a3. Quit\x0a</data></match></read>
    <write><data>2\x0a</data></write>
    <read><length>5</length><match><data>Key?\x0a</data></match></read>
    <write><data>U\x7dMv3lT\x2cEIp\x2amyZ7\x29aNJ\x222 .BQqk?b\x3doK\x24w\x279\x60S\x40sPVH0!x\x26\x3cdX\x3eLi\x5f\x23\x2bn4c\x5eOhW\x7e\x2dzCF\x3bRtu\x5d\x7cAGYr\x25D\x288e5g\x5b:\x5c\x7bj1f\x2f6</data></write>
    <read><length>8</length><match><data>Length?\x0a</data></match></read>
    <write><data>39\x0a</data></write>
    <read><length>6</length><match><data>Data?\x0a</data></match></read>
    <write><data>\x2c\x00\x00\x00\x27\xc4\x7e\x26\x80\xfcW\x08\xc2S\x81\xde\xc4X\x1b\xc9p\x9c\x22b\x2d\xc20\xd5a\x3b\x1c\xe1\x88\x1ea\x03\xf4!0</data></write>
    <read><length>96</length><match><data>Compressed Size: 39\x0aOriginal Size: 42\x0aOriginal Data: \x7b\x7b\x7b:::\x3d\x3d\x3d333bbbEEE\x7e\x7e\x7e\x2b\x2b\x2brrrsss\x26\x26\x26\x27\x27\x27888666\x0a</data></match></read>
    <read><length>34</length><match><data>1. Compress\x0a2. Decompress\x0a3. Quit\x0a</data></match></read>
    <write><data>uRgCwp\x0a</data></write>
    <read><length>14</length><match><data>Invalid menu.\x0a</data></match></read>
    <read><length>34</length><match><data>1. Compress\x0a2. Decompress\x0a3. Quit\x0a</data></match></read>
    <write><data>2\x0a</data></write>
    <read><length>5</length><match><data>Key?\x0a</data></match></read>
    <write><data>U\x7dMv3lT\x2cEIp\x2amyZ7\x29aNJ\x222 .BQqk?b\x3doK\x24w\x279\x60S\x40sPVH0!x\x26\x3cdX\x3eLi\x5f\x23\x2bn4c\x5eOhW\x7e\x2dzCF\x3bRtu\x5d\x7cAGYr\x25D\x288e5g\x5b:\x5c\x7bj1f\x2f6</data></write>
    <read><length>8</length><match><data>Length?\x0a</data></match></read>
    <write><data>39\x0a</data></write>
    <read><length>6</length><match><data>Data?\x0a</data></match></read>
    <write><data>\x2c\x00\x00\x00\x27\xc4\x7e\x26\x80\xfcW\x08\xc2S\x81\xde\xc4X\x1b\xc9p\x9c\x22b\x2d\xc20\xd5a\x3b\x1c\xe1\x88\x1ea\x03\xf4!0</data></write>
    <read><length>96</length><match><data>Compressed Size: 39\x0aOriginal Size: 42\x0aOriginal Data: \x7b\x7b\x7b:::\x3d\x3d\x3d333bbbEEE\x7e\x7e\x7e\x2b\x2b\x2brrrsss\x26\x26\x26\x27\x27\x27888666\x0a</data></match></read>
    <read><length>34</length><match><data>1. Compress\x0a2. Decompress\x0a3. Quit\x0a</data></match></read>
    <write><data>eYiPxf\x0a</data></write>
    <read><length>14</length><match><data>Invalid menu.\x0a</data></match></read>
    <read><length>34</length><match><data>1. Compress\x0a2. Decompress\x0a3. Quit\x0a</data></match></read>
    <write><data>2\x0a</data></write>
    <read><length>5</length><match><data>Key?\x0a</data></match></read>
    <write><data>U\x7dMv3lT\x2cEIp\x2amyZ7\x29aNJ\x222 .BQqk?b\x3doK\x24w\x279\x60S\x40sPVH0!x\x26\x3cdX\x3eLi\x5f\x23\x2bn4c\x5eOhW\x7e\x2dzCF\x3bRtu\x5d\x7cAGYr\x25D\x288e5g\x5b:\x5c\x7bj1f\x2f6</data></write>
    <read><length>8</length><match><data>Length?\x0a</data></match></read>
    <write><data>39\x0a</data></write>
    <read><length>6</length><match><data>Data?\x0a</data></match></read>
    <write><data>\x2c\x00\x00\x00\x27\xc4\x7e\x26\x80\xfcW\x08\xc2S\x81\xde\xc4X\x1b\xc9p\x9c\x22b\x2d\xc20\xd5a\x3b\x1c\xe1\x88\x1ea\x03\xf4!0</data></write>
    <read><length>96</length><match><data>Compressed Size: 39\x0aOriginal Size: 42\x0aOriginal Data: \x7b\x7b\x7b:::\x3d\x3d\x3d333bbbEEE\x7e\x7e\x7e\x2b\x2b\x2brrrsss\x26\x26\x26\x27\x27\x27888666\x0a</data></match></read>
    <read><length>34</length><match><data>1. Compress\x0a2. Decompress\x0a3. Quit\x0a</data></match></read>
    <write><data>2\x0a</data></write>
    <read><length>5</length><match><data>Key?\x0a</data></match></read>
    <write><data>U\x7dMv3lT\x2cEIp\x2amyZ7\x29aNJ\x222 .BQqk?b\x3doK\x24w\x279\x60S\x40sPVH0!x\x26\x3cdX\x3eLi\x5f\x23\x2bn4c\x5eOhW\x7e\x2dzCF\x3bRtu\x5d\x7cAGYr\x25D\x288e5g\x5b:\x5c\x7bj1f\x2f6</data></write>
    <read><length>8</length><match><data>Length?\x0a</data></match></read>
    <write><data>39\x0a</data></write>
    <read><length>6</length><match><data>Data?\x0a</data></match></read>
    <write><data>\x2c\x00\x00\x00\x27\xc4\x7e\x26\x80\xfcW\x08\xc2S\x81\xde\xc4X\x1b\xc9p\x9c\x22b\x2d\xc20\xd5a\x3b\x1c\xe1\x88\x1ea\x03\xf4!0</data></write>
    <read><length>96</length><match><data>Compressed Size: 39\x0aOriginal Size: 42\x0aOriginal Data: \x7b\x7b\x7b:::\x3d\x3d\x3d333bbbEEE\x7e\x7e\x7e\x2b\x2b\x2brrrsss\x26\x26\x26\x27\x27\x27888666\x0a</data></match></read>
    <read><length>34</length><match><data>1. Compress\x0a2. Decompress\x0a3. Quit\x0a</data></match></read>
    <write><data>yjbNPD\x0a</data></write>
    <read><length>14</length><match><data>Invalid menu.\x0a</data></match></read>
    <read><length>34</length><match><data>1. Compress\x0a2. Decompress\x0a3. Quit\x0a</data></match></read>
    <write><data>1\x0a</data></write>
    <read><length>5</length><match><data>Key?\x0a</data></match></read>
    <write><data>f!L1P\x2d\x3bS\x27Ur?2.\x3c\x29g\x5fo\x23Kq\x28DOms\x40\x7d\x26Vp\x240\x2fG\x5eQ\x7b\x2cdT\x7eW\x5di3N\x22b7M\x2a\x2bv\x5cAF9ea6HI\x5bj\x3e\x25YX knuZ\x3dh\x7ctREw8x4cC:lB\x60yzJ5</data></write>
    <read><length>6</length><match><data>Data?\x0a</data></match></read>
    <write><data>\x2c\x2c\x2c\x2b\x2b\x2bLLLSSSccc\x40\x40\x40UUUmmmWWW555\x00</data></write>
    <read><length>120</length><match><data>Original Size: 30\x0aCompressed Size: 29 \x2896\x25\x29\x0aCompressed Data: 20000000FC4AA238405101E0AE101DC2503A9F8950A13A1984EB0C5A15\x0a</data></match></read>
    <read><length>34</length><match><data>1. Compress\x0a2. Decompress\x0a3. Quit\x0a</data></match></read>
    <write><data>2\x0a</data></write>
    <read><length>5</length><match><data>Key?\x0a</data></match></read>
    <write><data>f!L1P\x2d\x3bS\x27Ur?2.\x3c\x29g\x5fo\x23Kq\x28DOms\x40\x7d\x26Vp\x240\x2fG\x5eQ\x7b\x2cdT\x7eW\x5di3N\x22b7M\x2a\x2bv\x5cAF9ea6HI\x5bj\x3e\x25YX knuZ\x3dh\x7ctREw8x4cC:lB\x60yzJ5</data></write>
    <read><length>8</length><match><data>Length?\x0a</data></match></read>
    <write><data>29\x0a</data></write>
    <read><length>6</length><match><data>Data?\x0a</data></match></read>
    <write><data> \x00\x00\x00\xfcJ\xa28\x40Q\x01\xe0\xae\x10\x1d\xc2P:\x9f\x89P\xa1:\x19\x84\xeb\x0cZ\x15</data></write>
    <read><length>84</length><match><data>Compressed Size: 29\x0aOriginal Size: 30\x0aOriginal Data: \x2c\x2c\x2c\x2b\x2b\x2bLLLSSSccc\x40\x40\x40UUUmmmWWW555\x0a</data></match></read>
    <read><length>34</length><match><data>1. Compress\x0a2. Decompress\x0a3. Quit\x0a</data></match></read>
    <write><data>2\x0a</data></write>
    <read><length>5</length><match><data>Key?\x0a</data></match></read>
    <write><data>f!L1P\x2d\x3bS\x27Ur?2.\x3c\x29g\x5fo\x23Kq\x28DOms\x40\x7d\x26Vp\x240\x2fG\x5eQ\x7b\x2cdT\x7eW\x5di3N\x22b7M\x2a\x2bv\x5cAF9ea6HI\x5bj\x3e\x25YX knuZ\x3dh\x7ctREw8x4cC:lB\x60yzJ5</data></write>
    <read><length>8</length><match><data>Length?\x0a</data></match></read>
    <write><data>29\x0a</data></write>
    <read><length>6</length><match><data>Data?\x0a</data></match></read>
    <write><data> \x00\x00\x00\xfcJ\xa28\x40Q\x01\xe0\xae\x10\x1d\xc2P:\x9f\x89P\xa1:\x19\x84\xeb\x0cZ\x15</data></write>
    <read><length>84</length><match><data>Compressed Size: 29\x0aOriginal Size: 30\x0aOriginal Data: \x2c\x2c\x2c\x2b\x2b\x2bLLLSSSccc\x40\x40\x40UUUmmmWWW555\x0a</data></match></read>
    <read><length>34</length><match><data>1. Compress\x0a2. Decompress\x0a3. Quit\x0a</data></match></read>
    <write><data>rWz\x0a</data></write>
    <read><length>14</length><match><data>Invalid menu.\x0a</data></match></read>
    <read><length>34</length><match><data>1. Compress\x0a2. Decompress\x0a3. Quit\x0a</data></match></read>
    <write><data>3\x0a</data></write>
    <read><length>5</length><match><data>Bye.\x0a</data></match></read>
</replay>
</pov>