<?xml version="1.0" standalone="no" ?>
<!DOCTYPE pov SYSTEM "/usr/share/cgc-docs/replay.dtd">
<pov>
<cbid>service</cbid>
<seed>d26aacbde4a79a01fe56bbb3742e7b394876728a424f009dde598bd560a584365ae01e5968b54e383af0d2b8498744c4</seed>
<replay>
    <read><length>9</length><match><data>E3E0615C\x0a</data></match></read>
    <read><length>34</length><match><data>1. Compress\x0a2. Decompress\x0a3. Quit\x0a</data></match></read>
    <write><data>1\x0a</data></write>
    <read><length>5</length><match><data>Key?\x0a</data></match></read>
    <write><data>fAw3 \x23R4\x5fQVb\x7d\x5duNKS?\x2dy\x240Y\x2b\x2c\x7bvzD8qdGX91l7M\x3dUc.\x60eLmHrt5a\x2fC\x3eg\x3b\x286I\x27\x5cW\x2a\x3cBohk\x5eO\x7e\x40i\x29!x\x25J\x7cTj2PFsp\x5b\x22n\x26:ZE</data></write>
    <read><length>6</length><match><data>Data?\x0a</data></match></read>
    <write><data>\x5c\x5c\x5cggg444vvv\x2c\x2c\x2chhh\x7d\x7d\x7d777GGGMMMfffRRRCCCDDD\x5b\x5b\x5b888TTT\x7c\x7c\x7c\x00</data></write>
    <read><length>126</length><match><data>Original Size: 54\x0aCompressed Size: 49 \x2890\x25\x29\x0aCompressed Data: 3800000035C490228405102C8AA06518407E3E846142C90A0782240984884619\x0a</data></match></read>
    <read><length>34</length><match><data>1. Compress\x0a2. Decompress\x0a3. Quit\x0a</data></match></read>
    <write><data>2\x0a</data></write>
    <read><length>5</length><match><data>Key?\x0a</data></match></read>
    <write><data>fAw3 \x23R4\x5fQVb\x7d\x5duNKS?\x2dy\x240Y\x2b\x2c\x7bvzD8qdGX91l7M\x3dUc.\x60eLmHrt5a\x2fC\x3eg\x3b\x286I\x27\x5cW\x2a\x3cBohk\x5eO\x7e\x40i\x29!x\x25J\x7cTj2PFsp\x5b\x22n\x26:ZE</data></write>
    <read><length>8</length><match><data>Length?\x0a</data></match></read>
    <write><data>49\x0a</data></write>
    <read><length>6</length><match><data>Data?\x0a</data></match></read>
    <write><data>8\x00\x00\x005\xc4\x90\x22\x84\x05\x10\x2c\x8a\xa0e\x18\x40\x7e\x3e\x84aB\xc9\x0a\x07\x82\x24\x09\x84\x88F\x19\xf4\x27xw\xb00\xc2\x07\x1f\xc3\xf2\x81\xca\x10\xe7a\xe0</data></write>
    <read><length>108</length><match><data>Compressed Size: 49\x0aOriginal Size: 54\x0aOriginal Data: \x5c\x5c\x5cggg444vvv\x2c\x2c\x2chhh\x7d\x7d\x7d777GGGMMMfffRRRCCCDDD\x5b\x5b\x5b888TTT\x7c\x7c\x7c\x0a</data></match></read>
    <read><length>34</length><match><data>1. Compress\x0a2. Decompress\x0a3. Quit\x0a</data></match></read>
    <write><data>3\x0a</data></write>
    <read><length>5</length><match><data>Bye.\x0a</data></match></read>
</replay>
</pov>