<?xml version="1.0" standalone="no" ?>
<!DOCTYPE pov SYSTEM "/usr/share/cgc-docs/replay.dtd">
<pov>
<cbid>service</cbid>
<seed>15b378e2fc96c7561f412051a70f557d066d1b2ecaec588dd15c40fc5b8fff549645697b46229b996e068897ccdc142c</seed>
<replay>
    <read><length>9</length><match><data>BE5C1F7D\x0a</data></match></read>
    <read><length>34</length><match><data>1. Compress\x0a2. Decompress\x0a3. Quit\x0a</data></match></read>
    <write><data>1\x0a</data></write>
    <read><length>5</length><match><data>Key?\x0a</data></match></read>
    <write><data>JW\x3e8\x7bNCKxqD\x27 !\x29kf.HT?r\x5eBey6I9a\x3b3\x3d7nEb\x7ejc:FX\x25\x5f\x28\x23sh\x5b1\x26\x22u\x24\x2c\x7c\x5dVAG4tl\x2a\x2dMp\x2bOoYU\x2fSizm\x3cPR\x7d5\x60Q\x40vLgZ2\x5c0wd</data></write>
    <read><length>6</length><match><data>Data?\x0a</data></match></read>
    <write><data>TTT\x2c\x2c\x2cWWW...!!!ppp777xxxLLL777OOOfff\x7d\x7d\x7d111\x3c\x3c\x3c\x22\x22\x22...SSSvvvCCChhhqqqvvv333KKKEEE:::\x00</data></write>
    <read><length>126</length><match><data>Original Size: 81\x0aCompressed Size: 75 \x2892\x25\x29\x0aCompressed Data: 530000000DC4AE2281D8510208AA0431640A42E80D8670330DE13870AF281347\x0a</data></match></read>
    <read><length>34</length><match><data>1. Compress\x0a2. Decompress\x0a3. Quit\x0a</data></match></read>
    <write><data>2\x0a</data></write>
    <read><length>5</length><match><data>Key?\x0a</data></match></read>
    <write><data>JW\x3e8\x7bNCKxqD\x27 !\x29kf.HT?r\x5eBey6I9a\x3b3\x3d7nEb\x7ejc:FX\x25\x5f\x28\x23sh\x5b1\x26\x22u\x24\x2c\x7c\x5dVAG4tl\x2a\x2dMp\x2bOoYU\x2fSizm\x3cPR\x7d5\x60Q\x40vLgZ2\x5c0wd</data></write>
    <read><length>8</length><match><data>Length?\x0a</data></match></read>
    <write><data>75\x0a</data></write>
    <read><length>6</length><match><data>Data?\x0a</data></match></read>
    <write><data>S\x00\x00\x00\x0d\xc4\xae\x22\x81\xd8Q\x02\x08\xaa\x041d\x0aB\xe8\x0d\x86p3\x0d\xe18p\xaf\x28\x13Gp\xec?\xd8\x19N\xf2\x80\x40\x97\x0cB!\x08\x04\x8ee\x98z\x07\x10\xb4?\xd8\x05\x02\x90\xf0H\xdd\x0cC\x5b\x80T\x27\x08B\xa1\x60\xa4\x02\xe0</data></write>
    <read><length>135</length><match><data>Compressed Size: 75\x0aOriginal Size: 81\x0aOriginal Data: TTT\x2c\x2c\x2cWWW...!!!ppp777xxxLLL777OOOfff\x7d\x7d\x7d111\x3c\x3c\x3c\x22\x22\x22...SSSvvvCCChhhqqqvvv333KKKEEE:::\x0a</data></match></read>
    <read><length>34</length><match><data>1. Compress\x0a2. Decompress\x0a3. Quit\x0a</data></match></read>
    <write><data>qeyyEa\x0a</data></write>
    <read><length>14</length><match><data>Invalid menu.\x0a</data></match></read>
    <read><length>34</length><match><data>1. Compress\x0a2. Decompress\x0a3. Quit\x0a</data></match></read>
    <write><data>2\x0a</data></write>
    <read><length>5</length><match><data>Key?\x0a</data></match></read>
    <write><data>JW\x3e8\x7bNCKxqD\x27 !\x29kf.HT?r\x5eBey6I9a\x3b3\x3d7nEb\x7ejc:FX\x25\x5f\x28\x23sh\x5b1\x26\x22u\x24\x2c\x7c\x5dVAG4tl\x2a\x2dMp\x2bOoYU\x2fSizm\x3cPR\x7d5\x60Q\x40vLgZ2\x5c0wd</data></write>
    <read><length>8</length><match><data>Length?\x0a</data></match></read>
    <write><data>75\x0a</data></write>
    <read><length>6</length><match><data>Data?\x0a</data></match></read>
    <write><data>S\x00\x00\x00\x0d\xc4\xae\x22\x81\xd8Q\x02\x08\xaa\x041d\x0aB\xe8\x0d\x86p3\x0d\xe18p\xaf\x28\x13Gp\xec?\xd8\x19N\xf2\x80\x40\x97\x0cB!\x08\x04\x8ee\x98z\x07\x10\xb4?\xd8\x05\x02\x90\xf0H\xdd\x0cC\x5b\x80T\x27\x08B\xa1\x60\xa4\x02\xe0</data></write>
    <read><length>135</length><match><data>Compressed Size: 75\x0aOriginal Size: 81\x0aOriginal Data: TTT\x2c\x2c\x2cWWW...!!!ppp777xxxLLL777OOOfff\x7d\x7d\x7d111\x3c\x3c\x3c\x22\x22\x22...SSSvvvCCChhhqqqvvv333KKKEEE:::\x0a</data></match></read>
    <read><length>34</length><match><data>1. Compress\x0a2. Decompress\x0a3. Quit\x0a</data></match></read>
    <write><data>2\x0a</data></write>
    <read><length>5</length><match><data>Key?\x0a</data></match></read>
    <write><data>JW\x3e8\x7bNCKxqD\x27 !\x29kf.HT?r\x5eBey6I9a\x3b3\x3d7nEb\x7ejc:FX\x25\x5f\x28\x23sh\x5b1\x26\x22u\x24\x2c\x7c\x5dVAG4tl\x2a\x2dMp\x2bOoYU\x2fSizm\x3cPR\x7d5\x60Q\x40vLgZ2\x5c0wd</data></write>
    <read><length>8</length><match><data>Length?\x0a</data></match></read>
    <write><data>75\x0a</data></write>
    <read><length>6</length><match><data>Data?\x0a</data></match></read>
    <write><data>S\x00\x00\x00\x0d\xc4\xae\x22\x81\xd8Q\x02\x08\xaa\x041d\x0aB\xe8\x0d\x86p3\x0d\xe18p\xaf\x28\x13Gp\xec?\xd8\x19N\xf2\x80\x40\x97\x0cB!\x08\x04\x8ee\x98z\x07\x10\xb4?\xd8\x05\x02\x90\xf0H\xdd\x0cC\x5b\x80T\x27\x08B\xa1\x60\xa4\x02\xe0</data></write>
    <read><length>135</length><match><data>Compressed Size: 75\x0aOriginal Size: 81\x0aOriginal Data: TTT\x2c\x2c\x2cWWW...!!!ppp777xxxLLL777OOOfff\x7d\x7d\x7d111\x3c\x3c\x3c\x22\x22\x22...SSSvvvCCChhhqqqvvv333KKKEEE:::\x0a</data></match></read>
    <read><length>34</length><match><data>1. Compress\x0a2. Decompress\x0a3. Quit\x0a</data></match></read>
    <write><data>Vaqee\x0a</data></write>
    <read><length>14</length><match><data>Invalid menu.\x0a</data></match></read>
    <read><length>34</length><match><data>1. Compress\x0a2. Decompress\x0a3. Quit\x0a</data></match></read>
    <write><data>1\x0a</data></write>
    <read><length>5</length><match><data>Key?\x0a</data></match></read>
    <write><data>gbSG:\x2c\x5cUEMoe\x40\x299\x5b1x\x26h3\x7bDIud\x2d\x3bX\x5fkqca \x2f!f\x23\x2aVWN\x60\x256wH?\x5djT\x22\x28A\x7c\x3e\x3dZnQ2t\x7e\x5e\x24.zy\x2b547ORKl8JiCvY\x27FB0rL\x3cmsp\x7dP</data></write>
    <read><length>6</length><match><data>Data?\x0a</data></match></read>
    <write><data>999qqqTTTuuuKKKrrrpppXXXppp\x60\x60\x60EEEDDDzzzMMM\x2c\x2c\x2c555\x60\x60\x60GGGjjjvvvwwwGGG\x3c\x3c\x3cyyybbb\x7b\x7b\x7b???000NNN666\x7d\x7d\x7d\x00</data></write>
    <read><length>126</length><match><data>Original Size: 93\x0aCompressed Size: 85 \x2891\x25\x29\x0aCompressed Data: 5F0000000944C82281309E2684202C14C282C84E0643E8CE191D42C3B81587D0\x0a</data></match></read>
    <read><length>34</length><match><data>1. Compress\x0a2. Decompress\x0a3. Quit\x0a</data></match></read>
    <write><data>1\x0a</data></write>
    <read><length>5</length><match><data>Key?\x0a</data></match></read>
    <write><data>!UJ\x3e\x2d\x25\x3d8YglBX\x2chDz\x2bAyfp7L9SqC\x3b:awP\x5cTs\x27u\x22\x7c5\x7ebVr\x3cFt\x40o?mix\x26 H\x7bGdR\x60vQ\x2a\x7d\x5e31nMI\x28eW.\x5f\x2f\x23Z\x24kjcNK\x29E2O64\x5b\x5d0</data></write>
    <read><length>6</length><match><data>Data?\x0a</data></match></read>
    <write><data>bbbCCC\x3d\x3d\x3dooo\x27\x27\x27   BBBOOOrrr\x2c\x2c\x2c888\x7b\x7b\x7bNNN\x5d\x5d\x5d\x5b\x5b\x5b\x00</data></write>
    <read><length>126</length><match><data>Original Size: 45\x0aCompressed Size: 42 \x2893\x25\x29\x0aCompressed Data: 2F0000000A44762780B85302B8BA138136D026148910940F9581EAB0DEA17D96\x0a</data></match></read>
    <read><length>34</length><match><data>1. Compress\x0a2. Decompress\x0a3. Quit\x0a</data></match></read>
    <write><data>2\x0a</data></write>
    <read><length>5</length><match><data>Key?\x0a</data></match></read>
    <write><data>!UJ\x3e\x2d\x25\x3d8YglBX\x2chDz\x2bAyfp7L9SqC\x3b:awP\x5cTs\x27u\x22\x7c5\x7ebVr\x3cFt\x40o?mix\x26 H\x7bGdR\x60vQ\x2a\x7d\x5e31nMI\x28eW.\x5f\x2f\x23Z\x24kjcNK\x29E2O64\x5b\x5d0</data></write>
    <read><length>8</length><match><data>Length?\x0a</data></match></read>
    <write><data>42\x0a</data></write>
    <read><length>6</length><match><data>Data?\x0a</data></match></read>
    <write><data>\x2f\x00\x00\x00\x0aDv\x27\x80\xb8S\x02\xb8\xba\x13\x816\xd0\x26\x14\x89\x10\x94\x0f\x95\x81\xea\xb0\xde\xa1\x7d\x96\xe1\x03\xb4\x2f\x0e\xea\x07\xd8B\x80</data></write>
    <read><length>99</length><match><data>Compressed Size: 42\x0aOriginal Size: 45\x0aOriginal Data: bbbCCC\x3d\x3d\x3dooo\x27\x27\x27   BBBOOOrrr\x2c\x2c\x2c888\x7b\x7b\x7bNNN\x5d\x5d\x5d\x5b\x5b\x5b\x0a</data></match></read>
    <read><length>34</length><match><data>1. Compress\x0a2. Decompress\x0a3. Quit\x0a</data></match></read>
    <write><data>fdPvIw\x0a</data></write>
    <read><length>14</length><match><data>Invalid menu.\x0a</data></match></read>
    <read><length>34</length><match><data>1. Compress\x0a2. Decompress\x0a3. Quit\x0a</data></match></read>
    <write><data>CtuLqC\x0a</data></write>
    <read><length>14</length><match><data>Invalid menu.\x0a</data></match></read>
    <read><length>34</length><match><data>1. Compress\x0a2. Decompress\x0a3. Quit\x0a</data></match></read>
    <write><data>1\x0a</data></write>
    <read><length>5</length><match><data>Key?\x0a</data></match></read>
    <write><data>t\x2coymPXbWkl\x3d2G\x26I0:\x5ff\x2aQ\x5dc\x60UuBZ\x5e\x25\x27LeY\x2bjw\x3b8\x7b?xN1si\x3eH7a\x7cdT4r!\x2d\x23\x7e\x2f\x24RV69qM 3DznKg\x40hSp\x3c\x5cF\x28A\x22EJCO\x7d\x295v\x5b.</data></write>
    <read><length>6</length><match><data>Data?\x0a</data></match></read>
    <write><data>HHH888\x2f\x2f\x2f\x2b\x2b\x2biiiQQQ\x5b\x5b\x5b!!!\x5f\x5f\x5fJJJ333mmmnnn444hhhJJJ\x3b\x3b\x3b222\x3c\x3c\x3cYYY999\x00</data></write>
    <read><length>126</length><match><data>Original Size: 63\x0aCompressed Size: 59 \x2893\x25\x29\x0aCompressed Data: 410000000EC4CA25811C5D02C8D60501CC0DE478178930CC0EC55274330ACE06\x0a</data></match></read>
    <read><length>34</length><match><data>1. Compress\x0a2. Decompress\x0a3. Quit\x0a</data></match></read>
    <write><data>2\x0a</data></write>
    <read><length>5</length><match><data>Key?\x0a</data></match></read>
    <write><data>t\x2coymPXbWkl\x3d2G\x26I0:\x5ff\x2aQ\x5dc\x60UuBZ\x5e\x25\x27LeY\x2bjw\x3b8\x7b?xN1si\x3eH7a\x7cdT4r!\x2d\x23\x7e\x2f\x24RV69qM 3DznKg\x40hSp\x3c\x5cF\x28A\x22EJCO\x7d\x295v\x5b.</data></write>
    <read><length>8</length><match><data>Length?\x0a</data></match></read>
    <write><data>59\x0a</data></write>
    <read><length>6</length><match><data>Data?\x0a</data></match></read>
    <write><data>A\x00\x00\x00\x0e\xc4\xca\x25\x81\x1c\x5d\x02\xc8\xd6\x05\x01\xcc\x0d\xe4x\x17\x890\xcc\x0e\xc5Rt3\x0a\xce\x06CQv\x1e\x81\xf7p\xcd\xa1\xc0\x949\x98\x04\xb4o\x80B\x01\x3bB\x10\x98O\xb0\x09\x80</data></write>
    <read><length>117</length><match><data>Compressed Size: 59\x0aOriginal Size: 63\x0aOriginal Data: HHH888\x2f\x2f\x2f\x2b\x2b\x2biiiQQQ\x5b\x5b\x5b!!!\x5f\x5f\x5fJJJ333mmmnnn444hhhJJJ\x3b\x3b\x3b222\x3c\x3c\x3cYYY999\x0a</data></match></read>
    <read><length>34</length><match><data>1. Compress\x0a2. Decompress\x0a3. Quit\x0a</data></match></read>
    <write><data>1\x0a</data></write>
    <read><length>5</length><match><data>Key?\x0a</data></match></read>
    <write><data>\x3eigO16JAM\x7bnFbPkd0w\x7c\x2cH\x5cLhrx\x2f7c\x26GV\x5eN\x5bvq\x25\x2b\x7do\x29s\x28m\x27aQj\x2d359BI4\x5fRE\x2aXpz\x5d\x3b!\x24eK\x3c:tY\x40D C.\x60Tu\x7eZy2\x23\x3dfl\x22SUW?8</data></write>
    <read><length>6</length><match><data>Data?\x0a</data></match></read>
    <write><data>ppp\x5c\x5c\x5cGGG\x5c\x5c\x5cNNN111\x5b\x5b\x5bsssCCC\x7e\x7e\x7eEEEyyyqqqnnnjjjHHHcccFFF:::www\x00</data></write>
    <read><length>126</length><match><data>Original Size: 60\x0aCompressed Size: 54 \x2890\x25\x29\x0aCompressed Data: 3E0000001D44822681105B01F0BE0661B40A23A8178863D84218852709F211E1\x0a</data></match></read>
    <read><length>34</length><match><data>1. Compress\x0a2. Decompress\x0a3. Quit\x0a</data></match></read>
    <write><data>HcjLts\x0a</data></write>
    <read><length>14</length><match><data>Invalid menu.\x0a</data></match></read>
    <read><length>34</length><match><data>1. Compress\x0a2. Decompress\x0a3. Quit\x0a</data></match></read>
    <write><data>1\x0a</data></write>
    <read><length>5</length><match><data>Key?\x0a</data></match></read>
    <write><data>m\x2dW3i9HdQ6\x29\x607EcC\x5dT1\x265p\x25If?\x23rwt:2Rlu\x22\x3e\x2f\x7e\x24\x2bba Fv\x5f\x7dGn0Zxj\x2cyNSUYD\x3do!LeKg\x5bz\x27\x7b\x7cqVP4.OA\x40\x2aB8k\x5eM\x3bshJX\x5c\x3c\x28</data></write>
    <read><length>6</length><match><data>Data?\x0a</data></match></read>
    <write><data>\x7b\x7b\x7booo\x5c\x5c\x5cEEE\x3e\x3e\x3e\x5c\x5c\x5ceeerrr\x7e\x7e\x7e\x5e\x5e\x5eXXX\x00</data></write>
    <read><length>126</length><match><data>Original Size: 33\x0aCompressed Size: 32 \x2896\x25\x29\x0aCompressed Data: 230000000A44F82E81887B0911A122440D06185A179C0F953BC2508D21085B00\x0a</data></match></read>
    <read><length>34</length><match><data>1. Compress\x0a2. Decompress\x0a3. Quit\x0a</data></match></read>
    <write><data>sxi\x0a</data></write>
    <read><length>14</length><match><data>Invalid menu.\x0a</data></match></read>
    <read><length>34</length><match><data>1. Compress\x0a2. Decompress\x0a3. Quit\x0a</data></match></read>
    <write><data>RYViNV\x0a</data></write>
    <read><length>14</length><match><data>Invalid menu.\x0a</data></match></read>
    <read><length>34</length><match><data>1. Compress\x0a2. Decompress\x0a3. Quit\x0a</data></match></read>
    <write><data>1\x0a</data></write>
    <read><length>5</length><match><data>Key?\x0a</data></match></read>
    <write><data>!0\x2648Ld6GW\x3d27zqiNhfBS:KJnOxue\x5fZ\x7d\x23wC\x3bD\x5b\x3e\x2bRI\x28E\x5ey5\x22\x2aFc\x60\x5copUr.Ps\x2f9X\x7c\x7bjtA1\x5dTYl\x27v\x25H?\x40\x3cgm M\x24\x29Qk3V\x7eb\x2da\x2c</data></write>
    <read><length>6</length><match><data>Data?\x0a</data></match></read>
    <write><data>III\x3d\x3d\x3dCCCJJJPPPWWW\x23\x23\x23\x28\x28\x28oooHHHkkk\x5d\x5d\x5dsss\x00</data></write>
    <read><length>126</length><match><data>Original Size: 39\x0aCompressed Size: 37 \x2894\x25\x29\x0aCompressed Data: 2900000008C4B42A8128590220EA1421C270A5605BA132102BC330CD6065840E\x0a</data></match></read>
    <read><length>34</length><match><data>1. Compress\x0a2. Decompress\x0a3. Quit\x0a</data></match></read>
    <write><data>2\x0a</data></write>
    <read><length>5</length><match><data>Key?\x0a</data></match></read>
    <write><data>!0\x2648Ld6GW\x3d27zqiNhfBS:KJnOxue\x5fZ\x7d\x23wC\x3bD\x5b\x3e\x2bRI\x28E\x5ey5\x22\x2aFc\x60\x5copUr.Ps\x2f9X\x7c\x7bjtA1\x5dTYl\x27v\x25H?\x40\x3cgm M\x24\x29Qk3V\x7eb\x2da\x2c</data></write>
    <read><length>8</length><match><data>Length?\x0a</data></match></read>
    <write><data>37\x0a</data></write>
    <read><length>6</length><match><data>Data?\x0a</data></match></read>
    <write><data>\x29\x00\x00\x00\x08\xc4\xb4\x2a\x81\x28Y\x02 \xea\x14!\xc2p\xa5\x60\x5b\xa12\x10\x2b\xc30\xcd\x60e\x84\x0e\xf56\xc2P\x88</data></write>
    <read><length>93</length><match><data>Compressed Size: 37\x0aOriginal Size: 39\x0aOriginal Data: III\x3d\x3d\x3dCCCJJJPPPWWW\x23\x23\x23\x28\x28\x28oooHHHkkk\x5d\x5d\x5dsss\x0a</data></match></read>
    <read><length>34</length><match><data>1. Compress\x0a2. Decompress\x0a3. Quit\x0a</data></match></read>
    <write><data>1\x0a</data></write>
    <read><length>5</length><match><data>Key?\x0a</data></match></read>
    <write><data>6\x27M\x22tsjgn\x5cd!T\x7efNK\x2f\x5bR9c\x3bUE\x28\x230ZGq\x2cm\x2bp4\x2aio25l\x60vHeS\x3e\x5euBYD\x2d\x29PQ\x7d3\x3c\x5f1I\x7b\x24J\x5dyahkwXO8:\x26zW\x7cLVF.7\x40rCA?\x3dx b\x25</data></write>
    <read><length>6</length><match><data>Data?\x0a</data></match></read>
    <write><data>\x5c\x5c\x5c\x29\x29\x29\x40\x40\x40???\x3e\x3e\x3exxxYYYKKKWWWlllZZZ:::\x3c\x3c\x3cEEEdddeee\x00</data></write>
    <read><length>126</length><match><data>Original Size: 48\x0aCompressed Size: 44 \x2891\x25\x29\x0aCompressed Data: 320000008409A2A80E4590298CE13816C984084606ECC307929C3503DF0B50DC\x0a</data></match></read>
    <read><length>34</length><match><data>1. Compress\x0a2. Decompress\x0a3. Quit\x0a</data></match></read>
    <write><data>2\x0a</data></write>
    <read><length>5</length><match><data>Key?\x0a</data></match></read>
    <write><data>6\x27M\x22tsjgn\x5cd!T\x7efNK\x2f\x5bR9c\x3bUE\x28\x230ZGq\x2cm\x2bp4\x2aio25l\x60vHeS\x3e\x5euBYD\x2d\x29PQ\x7d3\x3c\x5f1I\x7b\x24J\x5dyahkwXO8:\x26zW\x7cLVF.7\x40rCA?\x3dx b\x25</data></write>
    <read><length>8</length><match><data>Length?\x0a</data></match></read>
    <write><data>44\x0a</data></write>
    <read><length>6</length><match><data>Data?\x0a</data></match></read>
    <write><data>2\x00\x00\x00\x84\x09\xa2\xa8\x0eE\x90\x29\x8c\xe18\x16\xc9\x84\x08F\x06\xec\xc3\x07\x92\x9c5\x03\xdf\x0bP\xdc\x0d\xd0\x877\x0fT\xef\x0d\xc29\x86\xc0</data></write>
    <read><length>102</length><match><data>Compressed Size: 44\x0aOriginal Size: 48\x0aOriginal Data: \x5c\x5c\x5c\x29\x29\x29\x40\x40\x40???\x3e\x3e\x3exxxYYYKKKWWWlllZZZ:::\x3c\x3c\x3cEEEdddeee\x0a</data></match></read>
    <read><length>34</length><match><data>1. Compress\x0a2. Decompress\x0a3. Quit\x0a</data></match></read>
    <write><data>2\x0a</data></write>
    <read><length>5</length><match><data>Key?\x0a</data></match></read>
    <write><data>6\x27M\x22tsjgn\x5cd!T\x7efNK\x2f\x5bR9c\x3bUE\x28\x230ZGq\x2cm\x2bp4\x2aio25l\x60vHeS\x3e\x5euBYD\x2d\x29PQ\x7d3\x3c\x5f1I\x7b\x24J\x5dyahkwXO8:\x26zW\x7cLVF.7\x40rCA?\x3dx b\x25</data></write>
    <read><length>8</length><match><data>Length?\x0a</data></match></read>
    <write><data>44\x0a</data></write>
    <read><length>6</length><match><data>Data?\x0a</data></match></read>
    <write><data>2\x00\x00\x00\x84\x09\xa2\xa8\x0eE\x90\x29\x8c\xe18\x16\xc9\x84\x08F\x06\xec\xc3\x07\x92\x9c5\x03\xdf\x0bP\xdc\x0d\xd0\x877\x0fT\xef\x0d\xc29\x86\xc0</data></write>
    <read><length>102</length><match><data>Compressed Size: 44\x0aOriginal Size: 48\x0aOriginal Data: \x5c\x5c\x5c\x29\x29\x29\x40\x40\x40???\x3e\x3e\x3exxxYYYKKKWWWlllZZZ:::\x3c\x3c\x3cEEEdddeee\x0a</data></match></read>
    <read><length>34</length><match><data>1. Compress\x0a2. Decompress\x0a3. Quit\x0a</data></match></read>
    <write><data>2\x0a</data></write>
    <read><length>5</length><match><data>Key?\x0a</data></match></read>
    <write><data>6\x27M\x22tsjgn\x5cd!T\x7efNK\x2f\x5bR9c\x3bUE\x28\x230ZGq\x2cm\x2bp4\x2aio25l\x60vHeS\x3e\x5euBYD\x2d\x29PQ\x7d3\x3c\x5f1I\x7b\x24J\x5dyahkwXO8:\x26zW\x7cLVF.7\x40rCA?\x3dx b\x25</data></write>
    <read><length>8</length><match><data>Length?\x0a</data></match></read>
    <write><data>44\x0a</data></write>
    <read><length>6</length><match><data>Data?\x0a</data></match></read>
    <write><data>2\x00\x00\x00\x84\x09\xa2\xa8\x0eE\x90\x29\x8c\xe18\x16\xc9\x84\x08F\x06\xec\xc3\x07\x92\x9c5\x03\xdf\x0bP\xdc\x0d\xd0\x877\x0fT\xef\x0d\xc29\x86\xc0</data></write>
    <read><length>102</length><match><data>Compressed Size: 44\x0aOriginal Size: 48\x0aOriginal Data: \x5c\x5c\x5c\x29\x29\x29\x40\x40\x40???\x3e\x3e\x3exxxYYYKKKWWWlllZZZ:::\x3c\x3c\x3cEEEdddeee\x0a</data></match></read>
    <read><length>34</length><match><data>1. Compress\x0a2. Decompress\x0a3. Quit\x0a</data></match></read>
    <write><data>2\x0a</data></write>
    <read><length>5</length><match><data>Key?\x0a</data></match></read>
    <write><data>6\x27M\x22tsjgn\x5cd!T\x7efNK\x2f\x5bR9c\x3bUE\x28\x230ZGq\x2cm\x2bp4\x2aio25l\x60vHeS\x3e\x5euBYD\x2d\x29PQ\x7d3\x3c\x5f1I\x7b\x24J\x5dyahkwXO8:\x26zW\x7cLVF.7\x40rCA?\x3dx b\x25</data></write>
    <read><length>8</length><match><data>Length?\x0a</data></match></read>
    <write><data>44\x0a</data></write>
    <read><length>6</length><match><data>Data?\x0a</data></match></read>
    <write><data>2\x00\x00\x00\x84\x09\xa2\xa8\x0eE\x90\x29\x8c\xe18\x16\xc9\x84\x08F\x06\xec\xc3\x07\x92\x9c5\x03\xdf\x0bP\xdc\x0d\xd0\x877\x0fT\xef\x0d\xc29\x86\xc0</data></write>
    <read><length>102</length><match><data>Compressed Size: 44\x0aOriginal Size: 48\x0aOriginal Data: \x5c\x5c\x5c\x29\x29\x29\x40\x40\x40???\x3e\x3e\x3exxxYYYKKKWWWlllZZZ:::\x3c\x3c\x3cEEEdddeee\x0a</data></match></read>
    <read><length>34</length><match><data>1. Compress\x0a2. Decompress\x0a3. Quit\x0a</data></match></read>
    <write><data>2\x0a</data></write>
    <read><length>5</length><match><data>Key?\x0a</data></match></read>
    <write><data>6\x27M\x22tsjgn\x5cd!T\x7efNK\x2f\x5bR9c\x3bUE\x28\x230ZGq\x2cm\x2bp4\x2aio25l\x60vHeS\x3e\x5euBYD\x2d\x29PQ\x7d3\x3c\x5f1I\x7b\x24J\x5dyahkwXO8:\x26zW\x7cLVF.7\x40rCA?\x3dx b\x25</data></write>
    <read><length>8</length><match><data>Length?\x0a</data></match></read>
    <write><data>44\x0a</data></write>
    <read><length>6</length><match><data>Data?\x0a</data></match></read>
    <write><data>2\x00\x00\x00\x84\x09\xa2\xa8\x0eE\x90\x29\x8c\xe18\x16\xc9\x84\x08F\x06\xec\xc3\x07\x92\x9c5\x03\xdf\x0bP\xdc\x0d\xd0\x877\x0fT\xef\x0d\xc29\x86\xc0</data></write>
    <read><length>102</length><match><data>Compressed Size: 44\x0aOriginal Size: 48\x0aOriginal Data: \x5c\x5c\x5c\x29\x29\x29\x40\x40\x40???\x3e\x3e\x3exxxYYYKKKWWWlllZZZ:::\x3c\x3c\x3cEEEdddeee\x0a</data></match></read>
    <read><length>34</length><match><data>1. Compress\x0a2. Decompress\x0a3. Quit\x0a</data></match></read>
    <write><data>1\x0a</data></write>
    <read><length>5</length><match><data>Key?\x0a</data></match></read>
    <write><data>p0NUw\x3e\x7e.\x25uiJ\x7bzh\x2btrYMCL:4\x2f\x5eIq3\x406W\x23\x28\x7dHAZ\x29VOFe\x5fa\x27X2D\x2c\x26B51\x60\x3c?lQK cfvR\x2dSky7x\x24m\x2a\x5bo\x22bs8G\x3bPTjdE\x7c\x5d\x3d\x5cn!g9</data></write>
    <read><length>6</length><match><data>Data?\x0a</data></match></read>
    <write><data>eeePPP   222xxx\x29\x29\x29111aaaOOO\x23\x23\x23\x00</data></write>
    <read><length>120</length><match><data>Original Size: 30\x0aCompressed Size: 29 \x2896\x25\x29\x0aCompressed Data: 20000000CC4904181989109C09B42642502B174A50942F381CB30ACA17\x0a</data></match></read>
    <read><length>34</length><match><data>1. Compress\x0a2. Decompress\x0a3. Quit\x0a</data></match></read>
    <write><data>1\x0a</data></write>
    <read><length>5</length><match><data>Key?\x0a</data></match></read>
    <write><data>eMbhxtIK\x2f\x40N\x5eT\x7bS\x26\x5bag\x3b\x2bkX\x23C6RHE\x5cQOpGu9cmUBY1\x3dJ\x24wjA\x7cv.q2?fZzV\x5ds:\x225\x3cy3\x28WFn4L\x607\x7e\x5f0\x29 8\x3e\x2d\x2a!\x25d\x27\x7drDP\x2cloi</data></write>
    <read><length>6</length><match><data>Data?\x0a</data></match></read>
    <write><data>999ooo\x2c\x2c\x2c777WWW\x3b\x3b\x3b666aaaKKKWWW\x40\x40\x40777III\x22\x22\x22ZZZ\x7b\x7b\x7b\x5f\x5f\x5fsssSSS\x7e\x7e\x7eTTT\x22\x22\x22TTT333\x00</data></write>
    <read><length>126</length><match><data>Original Size: 72\x0aCompressed Size: 65 \x2890\x25\x29\x0aCompressed Data: 4A0000000F44D22780C8530320B206A300C610816C6702F8D61A80FF43A84A11\x0a</data></match></read>
    <read><length>34</length><match><data>1. Compress\x0a2. Decompress\x0a3. Quit\x0a</data></match></read>
    <write><data>fnsxXT\x0a</data></write>
    <read><length>14</length><match><data>Invalid menu.\x0a</data></match></read>
    <read><length>34</length><match><data>1. Compress\x0a2. Decompress\x0a3. Quit\x0a</data></match></read>
    <write><data>IsPEN\x0a</data></write>
    <read><length>14</length><match><data>Invalid menu.\x0a</data></match></read>
    <read><length>34</length><match><data>1. Compress\x0a2. Decompress\x0a3. Quit\x0a</data></match></read>
    <write><data>vwGppr\x0a</data></write>
    <read><length>14</length><match><data>Invalid menu.\x0a</data></match></read>
    <read><length>34</length><match><data>1. Compress\x0a2. Decompress\x0a3. Quit\x0a</data></match></read>
    <write><data>zYFdKs\x0a</data></write>
    <read><length>14</length><match><data>Invalid menu.\x0a</data></match></read>
    <read><length>34</length><match><data>1. Compress\x0a2. Decompress\x0a3. Quit\x0a</data></match></read>
    <write><data>3\x0a</data></write>
    <read><length>5</length><match><data>Bye.\x0a</data></match></read>
</replay>
</pov>