<?xml version="1.0" standalone="no" ?>
<!DOCTYPE pov SYSTEM "/usr/share/cgc-docs/replay.dtd">
<pov>
<cbid>service</cbid>
<seed>1abc4d9d3817c37b64f7ab7460172b626d1eab661492e104e86b894d8bd2ffceac5758642d5a2e0350551398721db1ec</seed>
<replay>
    <read><length>9</length><match><data>328FD67D\x0a</data></match></read>
    <read><length>34</length><match><data>1. Compress\x0a2. Decompress\x0a3. Quit\x0a</data></match></read>
    <write><data>1\x0a</data></write>
    <read><length>5</length><match><data>Key?\x0a</data></match></read>
    <write><data>B38o9a.\x5b\x25\x22\x5fHA\x27RQwrsyW\x3cMq1LX\x24N5m\x294\x2b\x2cpVf\x7eOenSc\x5ddU7u0g2\x2d\x2aF\x60\x2f\x5cv\x7d\x23\x7c\x28l!\x5ez\x3bCjhkGK\x26TY\x3dtIJ\x7bZDx:ib ?P6E\x3e\x40</data></write>
    <read><length>6</length><match><data>Data?\x0a</data></match></read>
    <write><data>LLL\x28\x28\x28LLLOOO\x7b\x7b\x7bDDD!!!WWWfff\x29\x29\x29hhh...\x3e\x3e\x3eDDD\x26\x26\x26LLLLLLMMM888XXX\x2b\x2b\x2b\x5c\x5c\x5c\x00</data></write>
    <read><length>126</length><match><data>Original Size: 66\x0aCompressed Size: 57 \x2886\x25\x29\x0aCompressed Data: 4400000009C46C238198510308DE1580EE1084206A309767084323F81288B091\x0a</data></match></read>
    <read><length>34</length><match><data>1. Compress\x0a2. Decompress\x0a3. Quit\x0a</data></match></read>
    <write><data>2\x0a</data></write>
    <read><length>5</length><match><data>Key?\x0a</data></match></read>
    <write><data>B38o9a.\x5b\x25\x22\x5fHA\x27RQwrsyW\x3cMq1LX\x24N5m\x294\x2b\x2cpVf\x7eOenSc\x5ddU7u0g2\x2d\x2aF\x60\x2f\x5cv\x7d\x23\x7c\x28l!\x5ez\x3bCjhkGK\x26TY\x3dtIJ\x7bZDx:ib ?P6E\x3e\x40</data></write>
    <read><length>8</length><match><data>Length?\x0a</data></match></read>
    <write><data>57\x0a</data></write>
    <read><length>6</length><match><data>Data?\x0a</data></match></read>
    <write><data>D\x00\x00\x00\x09\xc4l\x23\x81\x98Q\x03\x08\xde\x15\x80\xee\x10\x84 j0\x97g\x08C\x23\xf8\x12\x88\xb0\x91\x1e\x13\x86\xacL\x86!\x5c\xc2\x9c\x81\xcf\xf0\xdfa\x3c\x9c\xa1\x28B\x11\x3e\xc2\x01\x10</data></write>
    <read><length>120</length><match><data>Compressed Size: 57\x0aOriginal Size: 66\x0aOriginal Data: LLL\x28\x28\x28LLLOOO\x7b\x7b\x7bDDD!!!WWWfff\x29\x29\x29hhh...\x3e\x3e\x3eDDD\x26\x26\x26LLLLLLMMM888XXX\x2b\x2b\x2b\x5c\x5c\x5c\x0a</data></match></read>
    <read><length>34</length><match><data>1. Compress\x0a2. Decompress\x0a3. Quit\x0a</data></match></read>
    <write><data>2\x0a</data></write>
    <read><length>5</length><match><data>Key?\x0a</data></match></read>
    <write><data>B38o9a.\x5b\x25\x22\x5fHA\x27RQwrsyW\x3cMq1LX\x24N5m\x294\x2b\x2cpVf\x7eOenSc\x5ddU7u0g2\x2d\x2aF\x60\x2f\x5cv\x7d\x23\x7c\x28l!\x5ez\x3bCjhkGK\x26TY\x3dtIJ\x7bZDx:ib ?P6E\x3e\x40</data></write>
    <read><length>8</length><match><data>Length?\x0a</data></match></read>
    <write><data>57\x0a</data></write>
    <read><length>6</length><match><data>Data?\x0a</data></match></read>
    <write><data>D\x00\x00\x00\x09\xc4l\x23\x81\x98Q\x03\x08\xde\x15\x80\xee\x10\x84 j0\x97g\x08C\x23\xf8\x12\x88\xb0\x91\x1e\x13\x86\xacL\x86!\x5c\xc2\x9c\x81\xcf\xf0\xdfa\x3c\x9c\xa1\x28B\x11\x3e\xc2\x01\x10</data></write>
    <read><length>120</length><match><data>Compressed Size: 57\x0aOriginal Size: 66\x0aOriginal Data: LLL\x28\x28\x28LLLOOO\x7b\x7b\x7bDDD!!!WWWfff\x29\x29\x29hhh...\x3e\x3e\x3eDDD\x26\x26\x26LLLLLLMMM888XXX\x2b\x2b\x2b\x5c\x5c\x5c\x0a</data></match></read>
    <read><length>34</length><match><data>1. Compress\x0a2. Decompress\x0a3. Quit\x0a</data></match></read>
    <write><data>2\x0a</data></write>
    <read><length>5</length><match><data>Key?\x0a</data></match></read>
    <write><data>B38o9a.\x5b\x25\x22\x5fHA\x27RQwrsyW\x3cMq1LX\x24N5m\x294\x2b\x2cpVf\x7eOenSc\x5ddU7u0g2\x2d\x2aF\x60\x2f\x5cv\x7d\x23\x7c\x28l!\x5ez\x3bCjhkGK\x26TY\x3dtIJ\x7bZDx:ib ?P6E\x3e\x40</data></write>
    <read><length>8</length><match><data>Length?\x0a</data></match></read>
    <write><data>57\x0a</data></write>
    <read><length>6</length><match><data>Data?\x0a</data></match></read>
    <write><data>D\x00\x00\x00\x09\xc4l\x23\x81\x98Q\x03\x08\xde\x15\x80\xee\x10\x84 j0\x97g\x08C\x23\xf8\x12\x88\xb0\x91\x1e\x13\x86\xacL\x86!\x5c\xc2\x9c\x81\xcf\xf0\xdfa\x3c\x9c\xa1\x28B\x11\x3e\xc2\x01\x10</data></write>
    <read><length>120</length><match><data>Compressed Size: 57\x0aOriginal Size: 66\x0aOriginal Data: LLL\x28\x28\x28LLLOOO\x7b\x7b\x7bDDD!!!WWWfff\x29\x29\x29hhh...\x3e\x3e\x3eDDD\x26\x26\x26LLLLLLMMM888XXX\x2b\x2b\x2b\x5c\x5c\x5c\x0a</data></match></read>
    <read><length>34</length><match><data>1. Compress\x0a2. Decompress\x0a3. Quit\x0a</data></match></read>
    <write><data>NEjteX\x0a</data></write>
    <read><length>14</length><match><data>Invalid menu.\x0a</data></match></read>
    <read><length>34</length><match><data>1. Compress\x0a2. Decompress\x0a3. Quit\x0a</data></match></read>
    <write><data>DKEwvR\x0a</data></write>
    <read><length>14</length><match><data>Invalid menu.\x0a</data></match></read>
    <read><length>34</length><match><data>1. Compress\x0a2. Decompress\x0a3. Quit\x0a</data></match></read>
    <write><data>2\x0a</data></write>
    <read><length>5</length><match><data>Key?\x0a</data></match></read>
    <write><data>B38o9a.\x5b\x25\x22\x5fHA\x27RQwrsyW\x3cMq1LX\x24N5m\x294\x2b\x2cpVf\x7eOenSc\x5ddU7u0g2\x2d\x2aF\x60\x2f\x5cv\x7d\x23\x7c\x28l!\x5ez\x3bCjhkGK\x26TY\x3dtIJ\x7bZDx:ib ?P6E\x3e\x40</data></write>
    <read><length>8</length><match><data>Length?\x0a</data></match></read>
    <write><data>57\x0a</data></write>
    <read><length>6</length><match><data>Data?\x0a</data></match></read>
    <write><data>D\x00\x00\x00\x09\xc4l\x23\x81\x98Q\x03\x08\xde\x15\x80\xee\x10\x84 j0\x97g\x08C\x23\xf8\x12\x88\xb0\x91\x1e\x13\x86\xacL\x86!\x5c\xc2\x9c\x81\xcf\xf0\xdfa\x3c\x9c\xa1\x28B\x11\x3e\xc2\x01\x10</data></write>
    <read><length>120</length><match><data>Compressed Size: 57\x0aOriginal Size: 66\x0aOriginal Data: LLL\x28\x28\x28LLLOOO\x7b\x7b\x7bDDD!!!WWWfff\x29\x29\x29hhh...\x3e\x3e\x3eDDD\x26\x26\x26LLLLLLMMM888XXX\x2b\x2b\x2b\x5c\x5c\x5c\x0a</data></match></read>
    <read><length>34</length><match><data>1. Compress\x0a2. Decompress\x0a3. Quit\x0a</data></match></read>
    <write><data>1\x0a</data></write>
    <read><length>5</length><match><data>Key?\x0a</data></match></read>
    <write><data>\x7d\x28T\x2dDv\x22\x3eryZ5!mi?\x3b \x27XQSaoGwh\x5f\x5c7\x3c\x606pVdqxIFB\x24\x5dl:Mg\x40\x2ckOU\x3d\x7b0.\x5be\x2f8\x2aJ1\x5eL\x7c3P\x25\x23Wfzc\x2b\x26N\x7ejYbHKC4E9Ru2ns\x29tA</data></write>
    <read><length>6</length><match><data>Data?\x0a</data></match></read>
    <write><data>zzzyyy\x2c\x2c\x2cpppKKKsssrrrHHH\x29\x29\x29hhhUUUWWWHHHUUU444jjjYYYmmm\x26\x26\x26\x7d\x7d\x7d\x25\x25\x25\x25\x25\x25DDD\x5b\x5b\x5bvvv444\x40\x40\x40BBBnnnsss222\x00</data></write>
    <read><length>126</length><match><data>Original Size: 93\x0aCompressed Size: 84 \x2890\x25\x29\x0aCompressed Data: 5F00000015C4D62281944F02D0A607B16C0D42F81C06703E10605724C0AE5184\x0a</data></match></read>
    <read><length>34</length><match><data>1. Compress\x0a2. Decompress\x0a3. Quit\x0a</data></match></read>
    <write><data>1\x0a</data></write>
    <read><length>5</length><match><data>Key?\x0a</data></match></read>
    <write><data>TV\x5feaM9X\x29hrW\x5b7BUKOmj\x7dN?zt6gCdFo\x60w10H\x7cv i4\x7b\x24\x3eDuEx3PYQAp\x2d\x5ck\x27cl\x7eqn5\x25\x22\x3d\x2aZbf2J:s\x2c\x2b8\x2fRL!I\x3c\x40\x28\x3b\x5e\x23\x26SyG.\x5d</data></write>
    <read><length>6</length><match><data>Data?\x0a</data></match></read>
    <write><data>\x3d\x3d\x3d...\x25\x25\x25XXX???444111NNNdddyyyGGG999\x3c\x3c\x3c444uuusss555000lllSSSfffnnnUUUkkk\x2c\x2c\x2c\x5e\x5e\x5e\x7d\x7d\x7d\x3c\x3c\x3c\x00</data></write>
    <read><length>126</length><match><data>Original Size: 84\x0aCompressed Size: 75 \x2889\x25\x29\x0aCompressed Data: 560000002844F8288184550300CE0781CC08C3B858790910A148134C44984A16\x0a</data></match></read>
    <read><length>34</length><match><data>1. Compress\x0a2. Decompress\x0a3. Quit\x0a</data></match></read>
    <write><data>2\x0a</data></write>
    <read><length>5</length><match><data>Key?\x0a</data></match></read>
    <write><data>TV\x5feaM9X\x29hrW\x5b7BUKOmj\x7dN?zt6gCdFo\x60w10H\x7cv i4\x7b\x24\x3eDuEx3PYQAp\x2d\x5ck\x27cl\x7eqn5\x25\x22\x3d\x2aZbf2J:s\x2c\x2b8\x2fRL!I\x3c\x40\x28\x3b\x5e\x23\x26SyG.\x5d</data></write>
    <read><length>8</length><match><data>Length?\x0a</data></match></read>
    <write><data>75\x0a</data></write>
    <read><length>6</length><match><data>Data?\x0a</data></match></read>
    <write><data>V\x00\x00\x00\x28D\xf8\x28\x81\x84U\x03\x00\xce\x07\x81\xcc\x08\xc3\xb8Xy\x09\x10\xa1H\x13LD\x98J\x16:\xca\x10\x2aC\x85\xe8X\xc3\x0f\xc0\xd3\xa8\x1bBP\x3e\xf0\xd1\x0b\x40\xf9hw\x87\x08\x5e\x10\x80\x5c\x2c\x17\x851\x0f\x85O\xb0\x0c\xc2?\x87\xc0</data></write>
    <read><length>138</length><match><data>Compressed Size: 75\x0aOriginal Size: 84\x0aOriginal Data: \x3d\x3d\x3d...\x25\x25\x25XXX???444111NNNdddyyyGGG999\x3c\x3c\x3c444uuusss555000lllSSSfffnnnUUUkkk\x2c\x2c\x2c\x5e\x5e\x5e\x7d\x7d\x7d\x3c\x3c\x3c\x0a</data></match></read>
    <read><length>34</length><match><data>1. Compress\x0a2. Decompress\x0a3. Quit\x0a</data></match></read>
    <write><data>2\x0a</data></write>
    <read><length>5</length><match><data>Key?\x0a</data></match></read>
    <write><data>TV\x5feaM9X\x29hrW\x5b7BUKOmj\x7dN?zt6gCdFo\x60w10H\x7cv i4\x7b\x24\x3eDuEx3PYQAp\x2d\x5ck\x27cl\x7eqn5\x25\x22\x3d\x2aZbf2J:s\x2c\x2b8\x2fRL!I\x3c\x40\x28\x3b\x5e\x23\x26SyG.\x5d</data></write>
    <read><length>8</length><match><data>Length?\x0a</data></match></read>
    <write><data>75\x0a</data></write>
    <read><length>6</length><match><data>Data?\x0a</data></match></read>
    <write><data>V\x00\x00\x00\x28D\xf8\x28\x81\x84U\x03\x00\xce\x07\x81\xcc\x08\xc3\xb8Xy\x09\x10\xa1H\x13LD\x98J\x16:\xca\x10\x2aC\x85\xe8X\xc3\x0f\xc0\xd3\xa8\x1bBP\x3e\xf0\xd1\x0b\x40\xf9hw\x87\x08\x5e\x10\x80\x5c\x2c\x17\x851\x0f\x85O\xb0\x0c\xc2?\x87\xc0</data></write>
    <read><length>138</length><match><data>Compressed Size: 75\x0aOriginal Size: 84\x0aOriginal Data: \x3d\x3d\x3d...\x25\x25\x25XXX???444111NNNdddyyyGGG999\x3c\x3c\x3c444uuusss555000lllSSSfffnnnUUUkkk\x2c\x2c\x2c\x5e\x5e\x5e\x7d\x7d\x7d\x3c\x3c\x3c\x0a</data></match></read>
    <read><length>34</length><match><data>1. Compress\x0a2. Decompress\x0a3. Quit\x0a</data></match></read>
    <write><data>1\x0a</data></write>
    <read><length>5</length><match><data>Key?\x0a</data></match></read>
    <write><data>TVi2.t6hr\x29ulC\x3djPp\x24A\x2bNO\x2dzs\x2fK\x60c97go\x7bE\x2aa! GQfHU\x238b\x7dn\x5b?\x3c\x40k3\x5d\x7c:ZL0e\x261w\x5e\x7e\x27\x5cDFx\x25v\x3bqIMYW\x2cJm\x22RdB4S\x28\x3eXy5\x5f</data></write>
    <read><length>6</length><match><data>Data?\x0a</data></match></read>
    <write><data>666TTTsssSSSFFF\x2a\x2a\x2asss\x3c\x3c\x3cPPP\x00</data></write>
    <read><length>117</length><match><data>Original Size: 27\x0aCompressed Size: 27 \x28100\x25\x29\x0aCompressed Data: 1D000000AC44C2184602F840A644A0EA1084A066A427281E210900\x0a</data></match></read>
    <read><length>34</length><match><data>1. Compress\x0a2. Decompress\x0a3. Quit\x0a</data></match></read>
    <write><data>WPJ\x0a</data></write>
    <read><length>14</length><match><data>Invalid menu.\x0a</data></match></read>
    <read><length>34</length><match><data>1. Compress\x0a2. Decompress\x0a3. Quit\x0a</data></match></read>
    <write><data>gXTfQL\x0a</data></write>
    <read><length>14</length><match><data>Invalid menu.\x0a</data></match></read>
    <read><length>34</length><match><data>1. Compress\x0a2. Decompress\x0a3. Quit\x0a</data></match></read>
    <write><data>2\x0a</data></write>
    <read><length>5</length><match><data>Key?\x0a</data></match></read>
    <write><data>TVi2.t6hr\x29ulC\x3djPp\x24A\x2bNO\x2dzs\x2fK\x60c97go\x7bE\x2aa! GQfHU\x238b\x7dn\x5b?\x3c\x40k3\x5d\x7c:ZL0e\x261w\x5e\x7e\x27\x5cDFx\x25v\x3bqIMYW\x2cJm\x22RdB4S\x28\x3eXy5\x5f</data></write>
    <read><length>8</length><match><data>Length?\x0a</data></match></read>
    <write><data>27\x0a</data></write>
    <read><length>6</length><match><data>Data?\x0a</data></match></read>
    <write><data>\x1d\x00\x00\x00\xacD\xc2\x18F\x02\xf8\x40\xa6D\xa0\xea\x10\x84\xa0f\xa4\x27\x28\x1e!\x09\x00</data></write>
    <read><length>81</length><match><data>Compressed Size: 27\x0aOriginal Size: 27\x0aOriginal Data: 666TTTsssSSSFFF\x2a\x2a\x2asss\x3c\x3c\x3cPPP\x0a</data></match></read>
    <read><length>34</length><match><data>1. Compress\x0a2. Decompress\x0a3. Quit\x0a</data></match></read>
    <write><data>1\x0a</data></write>
    <read><length>5</length><match><data>Key?\x0a</data></match></read>
    <write><data>\x40\x2a\x25?e!U8h9\x5d\x7bKsnOavuY\x27iHV2\x3b\x7cMyRxq0p\x2bEX\x2dF74GL\x23\x5b6BDr IA\x5e\x29z\x26\x28c\x3cwtk\x5c\x3dbJo\x3e\x24\x7dQ3jWZ\x5f:\x605dlNP\x2f1gCT\x7e\x22mfS.\x2c</data></write>
    <read><length>6</length><match><data>Data?\x0a</data></match></read>
    <write><data>zzzuuuqqqvvv777\x3e\x3e\x3eQQQ777JJJ\x00</data></write>
    <read><length>117</length><match><data>Original Size: 27\x0aCompressed Size: 27 \x28100\x25\x29\x0aCompressed Data: 1D00000008C47E3281586909C2266A12610856062842503242B088\x0a</data></match></read>
    <read><length>34</length><match><data>1. Compress\x0a2. Decompress\x0a3. Quit\x0a</data></match></read>
    <write><data>2\x0a</data></write>
    <read><length>5</length><match><data>Key?\x0a</data></match></read>
    <write><data>\x40\x2a\x25?e!U8h9\x5d\x7bKsnOavuY\x27iHV2\x3b\x7cMyRxq0p\x2bEX\x2dF74GL\x23\x5b6BDr IA\x5e\x29z\x26\x28c\x3cwtk\x5c\x3dbJo\x3e\x24\x7dQ3jWZ\x5f:\x605dlNP\x2f1gCT\x7e\x22mfS.\x2c</data></write>
    <read><length>8</length><match><data>Length?\x0a</data></match></read>
    <write><data>27\x0a</data></write>
    <read><length>6</length><match><data>Data?\x0a</data></match></read>
    <write><data>\x1d\x00\x00\x00\x08\xc4\x7e2\x81Xi\x09\xc2\x26j\x12a\x08V\x06\x28BP2B\xb0\x88</data></write>
    <read><length>81</length><match><data>Compressed Size: 27\x0aOriginal Size: 27\x0aOriginal Data: zzzuuuqqqvvv777\x3e\x3e\x3eQQQ777JJJ\x0a</data></match></read>
    <read><length>34</length><match><data>1. Compress\x0a2. Decompress\x0a3. Quit\x0a</data></match></read>
    <write><data>1\x0a</data></write>
    <read><length>5</length><match><data>Key?\x0a</data></match></read>
    <write><data>uwyO2P!ah\x5fL\x257 \x7cX16\x2c\x23D\x22pedtN8\x294\x7evQkF.\x2f\x3czYS\x5bJ\x60\x40T\x5dbAcm\x26l?Z\x3b\x5e\x270\x2b9Wi\x7bM\x28Vns5G\x24fK:UjH\x3dqoBC\x2a\x5cr\x3eR3g\x7d\x2dxEI</data></write>
    <read><length>6</length><match><data>Data?\x0a</data></match></read>
    <write><data>MMM\x60\x60\x60lllUUU\x29\x29\x29yyyMMMGGG\x2d\x2d\x2dXXXzzzNNN\x60\x60\x60iiiaaaSSSccc\x3b\x3b\x3bfffQQQ\x00</data></write>
    <read><length>126</length><match><data>Original Size: 60\x0aCompressed Size: 54 \x2890\x25\x29\x0aCompressed Data: 3E0000001944782481785503D8CE0481F42F0361A88B0AC2D82640C792842109\x0a</data></match></read>
    <read><length>34</length><match><data>1. Compress\x0a2. Decompress\x0a3. Quit\x0a</data></match></read>
    <write><data>nqI\x0a</data></write>
    <read><length>14</length><match><data>Invalid menu.\x0a</data></match></read>
    <read><length>34</length><match><data>1. Compress\x0a2. Decompress\x0a3. Quit\x0a</data></match></read>
    <write><data>1\x0a</data></write>
    <read><length>5</length><match><data>Key?\x0a</data></match></read>
    <write><data>: 8d\x40Ze\x22UDt1\x7bKiJ\x5cEp\x60?72\x7cQ\x27Y\x24M\x5dWV\x3c\x7e\x2f\x2dF!\x25k\x28hvLf9\x236\x2agP\x26lw\x5f\x5bqz5\x7dB\x3e\x3bAaO\x3dRnyx\x2b4usXCS.T\x5eNImcoGbH0j\x2c\x293r</data></write>
    <read><length>6</length><match><data>Data?\x0a</data></match></read>
    <write><data>\x5d\x5d\x5d\x2d\x2d\x2ddddLLL222EEEpppkkksss\x27\x27\x27xxx111999vvv333eeeccc\x3c\x3c\x3cnnn\x00</data></write>
    <read><length>126</length><match><data>Original Size: 57\x0aCompressed Size: 53 \x2892\x25\x29\x0aCompressed Data: 3B0000000AC4862481F4510338BA0391AC203684A04D358FA06721C0EA4787E1\x0a</data></match></read>
    <read><length>34</length><match><data>1. Compress\x0a2. Decompress\x0a3. Quit\x0a</data></match></read>
    <write><data>2\x0a</data></write>
    <read><length>5</length><match><data>Key?\x0a</data></match></read>
    <write><data>: 8d\x40Ze\x22UDt1\x7bKiJ\x5cEp\x60?72\x7cQ\x27Y\x24M\x5dWV\x3c\x7e\x2f\x2dF!\x25k\x28hvLf9\x236\x2agP\x26lw\x5f\x5bqz5\x7dB\x3e\x3bAaO\x3dRnyx\x2b4usXCS.T\x5eNImcoGbH0j\x2c\x293r</data></write>
    <read><length>8</length><match><data>Length?\x0a</data></match></read>
    <write><data>53\x0a</data></write>
    <read><length>6</length><match><data>Data?\x0a</data></match></read>
    <write><data>\x3b\x00\x00\x00\x0a\xc4\x86\x24\x81\xf4Q\x038\xba\x03\x91\xac 6\x84\xa0M5\x8f\xa0g!\xc0\xeaG\x87\xe1\x3c\x93\x60R\x28\xc3p\x09N\x1f\xdc4\x10\x87\x7d\x0dz\x01\x10\x94:</data></write>
    <read><length>111</length><match><data>Compressed Size: 53\x0aOriginal Size: 57\x0aOriginal Data: \x5d\x5d\x5d\x2d\x2d\x2ddddLLL222EEEpppkkksss\x27\x27\x27xxx111999vvv333eeeccc\x3c\x3c\x3cnnn\x0a</data></match></read>
    <read><length>34</length><match><data>1. Compress\x0a2. Decompress\x0a3. Quit\x0a</data></match></read>
    <write><data>1\x0a</data></write>
    <read><length>5</length><match><data>Key?\x0a</data></match></read>
    <write><data>\x3dr\x7eNcEMo:\x2cF6b\x29TuVAh\x26 \x2dd9i\x2fXwUZfl\x3bmt\x22\x2aLx\x5eyIP\x23v7a\x28sp2!z\x3eeK\x5b?G\x27\x60\x40H85BJ.QYj\x7bq1\x7dnW\x5c3g\x3c\x5f\x2b4\x7cC\x24Rk\x5d0OSD\x25</data></write>
    <read><length>6</length><match><data>Data?\x0a</data></match></read>
    <write><data>111XXXTTTjjj\x27\x27\x27yyy\x7c\x7c\x7c\x28\x28\x28fffnnnOOODDD\x27\x27\x27\x5c\x5c\x5clllVVVSSS\x5c\x5c\x5c111rrr\x3c\x3c\x3cdddTTTvvv\x23\x23\x23SSS333\x40\x40\x40VVV111\x00</data></write>
    <read><length>126</length><match><data>Original Size: 90\x0aCompressed Size: 77 \x2885\x25\x29\x0aCompressed Data: 5C0000002FC4D22380E0783284205F210DA10856070B430532242F0371809F02\x0a</data></match></read>
    <read><length>34</length><match><data>1. Compress\x0a2. Decompress\x0a3. Quit\x0a</data></match></read>
    <write><data>kwssFi\x0a</data></write>
    <read><length>14</length><match><data>Invalid menu.\x0a</data></match></read>
    <read><length>34</length><match><data>1. Compress\x0a2. Decompress\x0a3. Quit\x0a</data></match></read>
    <write><data>1\x0a</data></write>
    <read><length>5</length><match><data>Key?\x0a</data></match></read>
    <write><data>\x40V\x28FKiu\x23\x24\x3dwnPcq\x27\x5b\x29Ubp\x2bR5Q\x2d\x2cLe\x5c\x25t\x7eIyY:3m\x5d\x3e.\x7d\x5fE?T4W\x2a\x60xB\x7c\x7b2g!ZfCG\x3b8Mod\x2fh6JzDH9Xk1lsvS7ONAj0 \x26\x5er\x22\x3ca</data></write>
    <read><length>6</length><match><data>Data?\x0a</data></match></read>
    <write><data>WWWlllhhh\x00</data></write>
    <read><length>88</length><match><data>Original Size: 9\x0aCompressed Size: 13 \x28144\x25\x29\x0aCompressed Data: 0B000000840C85184606E84240\x0a</data></match></read>
    <read><length>34</length><match><data>1. Compress\x0a2. Decompress\x0a3. Quit\x0a</data></match></read>
    <write><data>2\x0a</data></write>
    <read><length>5</length><match><data>Key?\x0a</data></match></read>
    <write><data>\x40V\x28FKiu\x23\x24\x3dwnPcq\x27\x5b\x29Ubp\x2bR5Q\x2d\x2cLe\x5c\x25t\x7eIyY:3m\x5d\x3e.\x7d\x5fE?T4W\x2a\x60xB\x7c\x7b2g!ZfCG\x3b8Mod\x2fh6JzDH9Xk1lsvS7ONAj0 \x26\x5er\x22\x3ca</data></write>
    <read><length>8</length><match><data>Length?\x0a</data></match></read>
    <write><data>13\x0a</data></write>
    <read><length>6</length><match><data>Data?\x0a</data></match></read>
    <write><data>\x0b\x00\x00\x00\x84\x0c\x85\x18F\x06\xe8B\x40</data></write>
    <read><length>62</length><match><data>Compressed Size: 13\x0aOriginal Size: 9\x0aOriginal Data: WWWlllhhh\x0a</data></match></read>
    <read><length>34</length><match><data>1. Compress\x0a2. Decompress\x0a3. Quit\x0a</data></match></read>
    <write><data>O\x0a</data></write>
    <read><length>14</length><match><data>Invalid menu.\x0a</data></match></read>
    <read><length>34</length><match><data>1. Compress\x0a2. Decompress\x0a3. Quit\x0a</data></match></read>
    <write><data>2\x0a</data></write>
    <read><length>5</length><match><data>Key?\x0a</data></match></read>
    <write><data>\x40V\x28FKiu\x23\x24\x3dwnPcq\x27\x5b\x29Ubp\x2bR5Q\x2d\x2cLe\x5c\x25t\x7eIyY:3m\x5d\x3e.\x7d\x5fE?T4W\x2a\x60xB\x7c\x7b2g!ZfCG\x3b8Mod\x2fh6JzDH9Xk1lsvS7ONAj0 \x26\x5er\x22\x3ca</data></write>
    <read><length>8</length><match><data>Length?\x0a</data></match></read>
    <write><data>13\x0a</data></write>
    <read><length>6</length><match><data>Data?\x0a</data></match></read>
    <write><data>\x0b\x00\x00\x00\x84\x0c\x85\x18F\x06\xe8B\x40</data></write>
    <read><length>62</length><match><data>Compressed Size: 13\x0aOriginal Size: 9\x0aOriginal Data: WWWlllhhh\x0a</data></match></read>
    <read><length>34</length><match><data>1. Compress\x0a2. Decompress\x0a3. Quit\x0a</data></match></read>
    <write><data>FLYxfN\x0a</data></write>
    <read><length>14</length><match><data>Invalid menu.\x0a</data></match></read>
    <read><length>34</length><match><data>1. Compress\x0a2. Decompress\x0a3. Quit\x0a</data></match></read>
    <write><data>1\x0a</data></write>
    <read><length>5</length><match><data>Key?\x0a</data></match></read>
    <write><data>lJ\x7esTS\x22\x5f\x7cb\x5cDqQye\x3b\x2fj.R\x25\x263\x60x:K\x235\x2c\x3d7c V\x27Zpo0dGP\x3c6F\x244EOH\x7dz\x28r1u!XI\x2aLM8\x5efmW\x40\x5ba\x5dvUCB\x2b\x7bgN\x2d?k\x3e9\x29i2wYntAh</data></write>
    <read><length>6</length><match><data>Data?\x0a</data></match></read>
    <write><data>\x24\x24\x24sss\x2c\x2c\x2cSSS\x27\x27\x27\x40\x40\x40vvveee\x5f\x5f\x5fttt\x26\x26\x26\x3b\x3b\x3bHHHfff\x5d\x5d\x5d\x25\x25\x25JJJ\x2b\x2b\x2b\x40\x40\x40\x2c\x2c\x2c\x2b\x2b\x2b\x2a\x2a\x2a\x5d\x5d\x5d555\x22\x22\x22\x24\x24\x24NNN\x3d\x3d\x3dtttHHHeeeUUU\x3d\x3d\x3d\x00</data></write>
    <read><length>126</length><match><data>Original Size: 99\x0aCompressed Size: 87 \x2887\x25\x29\x0aCompressed Data: 650000003C446C2381404D0200A604015C0682D84606A2ACA03C1C43B0354E07\x0a</data></match></read>
    <read><length>34</length><match><data>1. Compress\x0a2. Decompress\x0a3. Quit\x0a</data></match></read>
    <write><data>2\x0a</data></write>
    <read><length>5</length><match><data>Key?\x0a</data></match></read>
    <write><data>lJ\x7esTS\x22\x5f\x7cb\x5cDqQye\x3b\x2fj.R\x25\x263\x60x:K\x235\x2c\x3d7c V\x27Zpo0dGP\x3c6F\x244EOH\x7dz\x28r1u!XI\x2aLM8\x5efmW\x40\x5ba\x5dvUCB\x2b\x7bgN\x2d?k\x3e9\x29i2wYntAh</data></write>
    <read><length>8</length><match><data>Length?\x0a</data></match></read>
    <write><data>87\x0a</data></write>
    <read><length>6</length><match><data>Data?\x0a</data></match></read>
    <write><data>e\x00\x00\x00\x3cDl\x23\x81\x40M\x02\x00\xa6\x04\x01\x5c\x06\x82\xd8F\x06\xa2\xac\xa0\x3c\x1cC\xb05N\x07\xcdB\x7c\x87M2\x81\xb0\xe4H\x84 \x11\x26\xc0\x27\x09\x84\xe5\x00\x8c:\x10\x94\x0e\x06XH\xd5\x0fB\x9a\x94\x02\x10\x84\x29\x60\xac\x29\xf8\x05q\x08\x40\x22\x17\x09C\xff\x84 \x17\x09\x00</data></write>
    <read><length>153</length><match><data>Compressed Size: 87\x0aOriginal Size: 99\x0aOriginal Data: \x24\x24\x24sss\x2c\x2c\x2cSSS\x27\x27\x27\x40\x40\x40vvveee\x5f\x5f\x5fttt\x26\x26\x26\x3b\x3b\x3bHHHfff\x5d\x5d\x5d\x25\x25\x25JJJ\x2b\x2b\x2b\x40\x40\x40\x2c\x2c\x2c\x2b\x2b\x2b\x2a\x2a\x2a\x5d\x5d\x5d555\x22\x22\x22\x24\x24\x24NNN\x3d\x3d\x3dtttHHHeeeUUU\x3d\x3d\x3d\x0a</data></match></read>
    <read><length>34</length><match><data>1. Compress\x0a2. Decompress\x0a3. Quit\x0a</data></match></read>
    <write><data>2\x0a</data></write>
    <read><length>5</length><match><data>Key?\x0a</data></match></read>
    <write><data>lJ\x7esTS\x22\x5f\x7cb\x5cDqQye\x3b\x2fj.R\x25\x263\x60x:K\x235\x2c\x3d7c V\x27Zpo0dGP\x3c6F\x244EOH\x7dz\x28r1u!XI\x2aLM8\x5efmW\x40\x5ba\x5dvUCB\x2b\x7bgN\x2d?k\x3e9\x29i2wYntAh</data></write>
    <read><length>8</length><match><data>Length?\x0a</data></match></read>
    <write><data>87\x0a</data></write>
    <read><length>6</length><match><data>Data?\x0a</data></match></read>
    <write><data>e\x00\x00\x00\x3cDl\x23\x81\x40M\x02\x00\xa6\x04\x01\x5c\x06\x82\xd8F\x06\xa2\xac\xa0\x3c\x1cC\xb05N\x07\xcdB\x7c\x87M2\x81\xb0\xe4H\x84 \x11\x26\xc0\x27\x09\x84\xe5\x00\x8c:\x10\x94\x0e\x06XH\xd5\x0fB\x9a\x94\x02\x10\x84\x29\x60\xac\x29\xf8\x05q\x08\x40\x22\x17\x09C\xff\x84 \x17\x09\x00</data></write>
    <read><length>153</length><match><data>Compressed Size: 87\x0aOriginal Size: 99\x0aOriginal Data: \x24\x24\x24sss\x2c\x2c\x2cSSS\x27\x27\x27\x40\x40\x40vvveee\x5f\x5f\x5fttt\x26\x26\x26\x3b\x3b\x3bHHHfff\x5d\x5d\x5d\x25\x25\x25JJJ\x2b\x2b\x2b\x40\x40\x40\x2c\x2c\x2c\x2b\x2b\x2b\x2a\x2a\x2a\x5d\x5d\x5d555\x22\x22\x22\x24\x24\x24NNN\x3d\x3d\x3dtttHHHeeeUUU\x3d\x3d\x3d\x0a</data></match></read>
    <read><length>34</length><match><data>1. Compress\x0a2. Decompress\x0a3. Quit\x0a</data></match></read>
    <write><data>1\x0a</data></write>
    <read><length>5</length><match><data>Key?\x0a</data></match></read>
    <write><data>1c5\x7b7h\x7erDw\x5fV4A\x2c\x60YC0k9fHx\x2f\x3beE\x7c!?oQ\x2av\x29\x28:j\x27\x23y\x26J2\x7dl8Ka\x24MLRZ6d\x2b\x5b\x3dIPn\x3cGzS\x22\x3e\x5dtmu\x253UqB pO\x40WNsTXg.\x2db\x5cFi\x5e</data></write>
    <read><length>6</length><match><data>Data?\x0a</data></match></read>
    <write><data>kkkGGGWWWeee\x60\x60\x60\x28\x28\x28tttTTTxxx999WWW\x24\x24\x24\x7b\x7b\x7bfff\x2c\x2c\x2c\x25\x25\x25sssGGGFFF...\x2d\x2d\x2d222bbbbbbiiiooohhh\x00</data></write>
    <read><length>126</length><match><data>Original Size: 81\x0aCompressed Size: 71 \x2887\x25\x29\x0aCompressed Data: 53000000E44A42481004F01B8C603C19C283780E8730BC33381D71039EE07DD9\x0a</data></match></read>
    <read><length>34</length><match><data>1. Compress\x0a2. Decompress\x0a3. Quit\x0a</data></match></read>
    <write><data>xgfIWI\x0a</data></write>
    <read><length>14</length><match><data>Invalid menu.\x0a</data></match></read>
    <read><length>34</length><match><data>1. Compress\x0a2. Decompress\x0a3. Quit\x0a</data></match></read>
    <write><data>1\x0a</data></write>
    <read><length>5</length><match><data>Key?\x0a</data></match></read>
    <write><data>t\x5f5E4A\x5bB\x27X\x26g.c\x23I\x25Ud\x7c\x2fZm\x5d\x24\x3dR\x2aQjz8?SnF!i1NlbV\x7da\x3b07H\x7eY\x29\x60\x3c\x7b\x22G23\x2bCqTw\x2dJsrouP\x2cyWK\x5cf\x5e9eMO\x28\x3e\x40hxD:v k6pL</data></write>
    <read><length>6</length><match><data>Data?\x0a</data></match></read>
    <write><data>OOOFFF:::kkk\x00</data></write>
    <read><length>93</length><match><data>Original Size: 12\x0aCompressed Size: 15 \x28125\x25\x29\x0aCompressed Data: 0E000000AC4E24484607B91E612844\x0a</data></match></read>
    <read><length>34</length><match><data>1. Compress\x0a2. Decompress\x0a3. Quit\x0a</data></match></read>
    <write><data>1\x0a</data></write>
    <read><length>5</length><match><data>Key?\x0a</data></match></read>
    <write><data>.26\x2a\x5bpxQ3e\x40\x23m\x5c\x26CS7Az\x7b\x7cn\x5edk\x27D\x22\x244caX\x2df\x28IrVbg B\x3dLl\x25Wo\x7dRMy8\x3b\x299Gsh!1\x2c\x2f?t\x2b\x7eOj\x60H:Z\x5fFYEK\x3c\x3ev0Tw5quJU\x5dNPi</data></write>
    <read><length>6</length><match><data>Data?\x0a</data></match></read>
    <write><data>\x3c\x3c\x3c\x3b\x3b\x3bJJJ\x26\x26\x26???   XXXUUU\x00</data></write>
    <read><length>113</length><match><data>Original Size: 24\x0aCompressed Size: 25 \x28104\x25\x29\x0aCompressed Data: 1A00000008C4F22F812C8708C0C4712D4250ACE07ABC2B285C\x0a</data></match></read>
    <read><length>34</length><match><data>1. Compress\x0a2. Decompress\x0a3. Quit\x0a</data></match></read>
    <write><data>1\x0a</data></write>
    <read><length>5</length><match><data>Key?\x0a</data></match></read>
    <write><data>S\x3ey\x7dX\x2f3R\x5b\x3d\x23v\x26Bj\x2bPNz7O\x29bkCda\x2a6\x40c2E\x2dnx:Z\x5e8i\x22 e\x60DhqI\x28F\x25Um\x3b\x5fgwp\x7b0rf5t\x7c\x24YT94\x2c\x7e?QAGs\x5d\x5cMl!LV\x3c1\x27.HJKuoW</data></write>
    <read><length>6</length><match><data>Data?\x0a</data></match></read>
    <write><data>\x27\x27\x27666TTT777\x2a\x2a\x2ajjj444DDDiiiZZZOOOttteeerrrfffVVV\x27\x27\x27\x5e\x5e\x5e\x24\x24\x24AAA\x2f\x2f\x2fWWWuuuKKKfffEEE\x28\x28\x28\x00</data></write>
    <read><length>126</length><match><data>Original Size: 81\x0aCompressed Size: 73 \x2890\x25\x29\x0aCompressed Data: 530000002944D62780F4630328DE0481CC2B099DC8303091A178136A4C84A052\x0a</data></match></read>
    <read><length>34</length><match><data>1. Compress\x0a2. Decompress\x0a3. Quit\x0a</data></match></read>
    <write><data>2\x0a</data></write>
    <read><length>5</length><match><data>Key?\x0a</data></match></read>
    <write><data>S\x3ey\x7dX\x2f3R\x5b\x3d\x23v\x26Bj\x2bPNz7O\x29bkCda\x2a6\x40c2E\x2dnx:Z\x5e8i\x22 e\x60DhqI\x28F\x25Um\x3b\x5fgwp\x7b0rf5t\x7c\x24YT94\x2c\x7e?QAGs\x5d\x5cMl!LV\x3c1\x27.HJKuoW</data></write>
    <read><length>8</length><match><data>Length?\x0a</data></match></read>
    <write><data>73\x0a</data></write>
    <read><length>6</length><match><data>Data?\x0a</data></match></read>
    <write><data>S\x00\x00\x00\x29D\xd6\x27\x80\xf4c\x03\x28\xde\x04\x81\xcc\x2b\x09\x9d\xc800\x91\xa1x\x13jL\x84\xa0R1\x94\xa1\x28\x1a0X\x85\x0cp\xdc\x0fr\x941\x00\x86\xcc\xf0\x09\x40!\xc8\x04\xc2\xb0\xaeN\xd0\x09B\x10\xfc\xbd\x03\xe4 \x7e\x84\x03\x00</data></write>
    <read><length>135</length><match><data>Compressed Size: 73\x0aOriginal Size: 81\x0aOriginal Data: \x27\x27\x27666TTT777\x2a\x2a\x2ajjj444DDDiiiZZZOOOttteeerrrfffVVV\x27\x27\x27\x5e\x5e\x5e\x24\x24\x24AAA\x2f\x2f\x2fWWWuuuKKKfffEEE\x28\x28\x28\x0a</data></match></read>
    <read><length>34</length><match><data>1. Compress\x0a2. Decompress\x0a3. Quit\x0a</data></match></read>
    <write><data>VwXqLm\x0a</data></write>
    <read><length>14</length><match><data>Invalid menu.\x0a</data></match></read>
    <read><length>34</length><match><data>1. Compress\x0a2. Decompress\x0a3. Quit\x0a</data></match></read>
    <write><data>aMDihR\x0a</data></write>
    <read><length>14</length><match><data>Invalid menu.\x0a</data></match></read>
    <read><length>34</length><match><data>1. Compress\x0a2. Decompress\x0a3. Quit\x0a</data></match></read>
    <write><data>1\x0a</data></write>
    <read><length>5</length><match><data>Key?\x0a</data></match></read>
    <write><data>H\x5e2Gx\x5cC\x2cs\x23\x7cN\x28!bw\x24 vq5JyhB.Q\x27ZW9cVa\x7bt\x5dFz\x2b0pOA\x5bug\x3d\x2f?SeM\x2d\x60IE4\x40XjT\x5fm6\x2aDR\x29\x223P8U\x7dk\x26r\x3c\x3b7Ln\x3e\x25KloYid1:f\x7e</data></write>
    <read><length>6</length><match><data>Data?\x0a</data></match></read>
    <write><data>333\x3e\x3e\x3e???RRRkkkRRR\x29\x29\x29\x5b\x5b\x5bfffjjj\x60\x60\x60111HHHQQQppp...!!!www\x00</data></write>
    <read><length>126</length><match><data>Original Size: 54\x0aCompressed Size: 49 \x2890\x25\x29\x0aCompressed Data: 380000001DC4F62280EC61080CA12812A83D84A113293A0742A40BE5A84607D3\x0a</data></match></read>
    <read><length>34</length><match><data>1. Compress\x0a2. Decompress\x0a3. Quit\x0a</data></match></read>
    <write><data>2\x0a</data></write>
    <read><length>5</length><match><data>Key?\x0a</data></match></read>
    <write><data>H\x5e2Gx\x5cC\x2cs\x23\x7cN\x28!bw\x24 vq5JyhB.Q\x27ZW9cVa\x7bt\x5dFz\x2b0pOA\x5bug\x3d\x2f?SeM\x2d\x60IE4\x40XjT\x5fm6\x2aDR\x29\x223P8U\x7dk\x26r\x3c\x3b7Ln\x3e\x25KloYid1:f\x7e</data></write>
    <read><length>8</length><match><data>Length?\x0a</data></match></read>
    <write><data>49\x0a</data></write>
    <read><length>6</length><match><data>Data?\x0a</data></match></read>
    <write><data>8\x00\x00\x00\x1d\xc4\xf6\x22\x80\xeca\x08\x0c\xa1\x28\x12\xa8\x3d\x84\xa1\x13\x29:\x07B\xa4\x0b\xe5\xa8F\x07\xd3u\x0d\x10\x841\x08\xf4\xd5\x0a\xc2y\x84\xc2\x10\xd6a\xb0</data></write>
    <read><length>108</length><match><data>Compressed Size: 49\x0aOriginal Size: 54\x0aOriginal Data: 333\x3e\x3e\x3e???RRRkkkRRR\x29\x29\x29\x5b\x5b\x5bfffjjj\x60\x60\x60111HHHQQQppp...!!!www\x0a</data></match></read>
    <read><length>34</length><match><data>1. Compress\x0a2. Decompress\x0a3. Quit\x0a</data></match></read>
    <write><data>FOYOgr\x0a</data></write>
    <read><length>14</length><match><data>Invalid menu.\x0a</data></match></read>
    <read><length>34</length><match><data>1. Compress\x0a2. Decompress\x0a3. Quit\x0a</data></match></read>
    <write><data>1\x0a</data></write>
    <read><length>5</length><match><data>Key?\x0a</data></match></read>
    <write><data>FWf\x3cQ!HjmK\x7cL\x2f Z\x5b\x7bGoT\x7e\x5dg\x3d\x285dRi\x25l9epY\x2b\x7d?yUE\x5fVDABI6\x3b1\x23\x60\x240P\x22\x2dJr3\x29b\x3euq:aOkX\x278hC\x2aNw.t2\x2cxSsc\x26vzn4\x40\x5eM7\x5c</data></write>
    <read><length>6</length><match><data>Data?\x0a</data></match></read>
    <write><data>\x27\x27\x27\x3c\x3c\x3cmmmqqq\x5b\x5b\x5bsssuuu\x29\x29\x29???xxxPPP\x00</data></write>
    <read><length>126</length><match><data>Original Size: 33\x0aCompressed Size: 32 \x2896\x25\x29\x0aCompressed Data: 230000000D44CC24840530308C605E2440E25A84E062840E7786350B5E18B432\x0a</data></match></read>
    <read><length>34</length><match><data>1. Compress\x0a2. Decompress\x0a3. Quit\x0a</data></match></read>
    <write><data>mznsBv\x0a</data></write>
    <read><length>14</length><match><data>Invalid menu.\x0a</data></match></read>
    <read><length>34</length><match><data>1. Compress\x0a2. Decompress\x0a3. Quit\x0a</data></match></read>
    <write><data>1\x0a</data></write>
    <read><length>5</length><match><data>Key?\x0a</data></match></read>
    <write><data>V\x7di\x3cg0B9u\x5eWPY\x5b\x22\x40N\x25IU\x27HeqM\x7ebKOs6E\x60\x29nxr\x2c\x2fJZX\x7c!\x5cQL1\x3bf\x3eD\x26mjG7\x5d:52\x2a\x3d?c\x24lR.\x2b\x7bp3C8ykdFw\x5fozS avAT\x2d\x23h\x284t</data></write>
    <read><length>6</length><match><data>Data?\x0a</data></match></read>
    <write><data>EEEttt\x5e\x5e\x5eKKK\x29\x29\x29222888\x28\x28\x28\x2c\x2c\x2cLLLtttkkk000111\x25\x25\x25\x2c\x2c\x2c\x25\x25\x25LLL\x22\x22\x22\x00</data></write>
    <read><length>126</length><match><data>Original Size: 57\x0aCompressed Size: 49 \x2885\x25\x29\x0aCompressed Data: 3B0000000944D82681F8570280C6051248DA10854810A912122342D0B1F650CC\x0a</data></match></read>
    <read><length>34</length><match><data>1. Compress\x0a2. Decompress\x0a3. Quit\x0a</data></match></read>
    <write><data>sZXenj\x0a</data></write>
    <read><length>14</length><match><data>Invalid menu.\x0a</data></match></read>
    <read><length>34</length><match><data>1. Compress\x0a2. Decompress\x0a3. Quit\x0a</data></match></read>
    <write><data>1\x0a</data></write>
    <read><length>5</length><match><data>Key?\x0a</data></match></read>
    <write><data>\x7eGTZmwj0V4Y2E\x3cML\x29\x27cz!\x3bQ:g\x7bFBH\x5fdW7o\x25Si\x40qn\x26p\x28\x5bIRfeC15uAb\x2bD\x24\x7dOk6a\x23XN8ty\x5e\x2c?K\x5c\x2f\x229\x2ds\x3d\x2al\x3eP.xUhv \x60J3\x7cr\x5d</data></write>
    <read><length>6</length><match><data>Data?\x0a</data></match></read>
    <write><data>WWWhhh\x7c\x7c\x7c\x2d\x2d\x2d\x29\x29\x29   \x40\x40\x40wwwooo\x7b\x7b\x7bJJJMMMaaalllttthhhUUU\x5b\x5b\x5buuu666\x25\x25\x25MMM\x00</data></write>
    <read><length>126</length><match><data>Original Size: 66\x0aCompressed Size: 59 \x2889\x25\x29\x0aCompressed Data: 44000000FC48A26810CF43184206D1A408A3E8508909C318817B503C9DCA1081\x0a</data></match></read>
    <read><length>34</length><match><data>1. Compress\x0a2. Decompress\x0a3. Quit\x0a</data></match></read>
    <write><data>1\x0a</data></write>
    <read><length>5</length><match><data>Key?\x0a</data></match></read>
    <write><data>T\x60eHok6t4qEQry\x5e\x22\x2d8p\x5d?\x26.Lh\x2cY\x2b\x3b2d\x23!1:f\x295Paw\x2f \x24\x3c\x27\x28Jg\x3e3KuvcXiZsC\x3dF\x25\x5c7\x5bR\x7bV0\x7dNn\x40l\x5f\x7e9W\x2aUbIABx\x7cOGmSzMjD</data></write>
    <read><length>6</length><match><data>Data?\x0a</data></match></read>
    <write><data>MMM555IIIWWWwww\x7c\x7c\x7cZZZ\x2d\x2d\x2d\x7b\x7b\x7b\x00</data></write>
    <read><length>119</length><match><data>Original Size: 27\x0aCompressed Size: 28 \x28103\x25\x29\x0aCompressed Data: 1D0000000D44B23181F08F03792E1581DEC66856074842F585F10B00\x0a</data></match></read>
    <read><length>34</length><match><data>1. Compress\x0a2. Decompress\x0a3. Quit\x0a</data></match></read>
    <write><data>1\x0a</data></write>
    <read><length>5</length><match><data>Key?\x0a</data></match></read>
    <write><data>\x5d\x225u \x27VBX\x28M9Um\x290:YQA7!lFTw\x2c\x602IH1\x23\x7dzcPbO\x2bS8?\x5bELq\x2dgvC\x7bR.J\x5ffojk\x3eW\x3dse\x2f3NG\x24a\x254K\x7c\x5c\x7ey\x5eDdirt\x3c\x26n\x2ah6\x3b\x40pZx</data></write>
    <read><length>6</length><match><data>Data?\x0a</data></match></read>
    <write><data>\x40\x40\x40444fff   BBBdddWWWGGGggg222eeePPPHHHXXX\x40\x40\x40wwwPPPWWWaaa\x40\x40\x40\x28\x28\x28:::uuu...111\x00</data></write>
    <read><length>126</length><match><data>Original Size: 75\x0aCompressed Size: 66 \x2888\x25\x29\x0aCompressed Data: 4D0000002B44622581604F080AA0401640F62E8621190F605320C2F0241608B0\x0a</data></match></read>
    <read><length>34</length><match><data>1. Compress\x0a2. Decompress\x0a3. Quit\x0a</data></match></read>
    <write><data>2\x0a</data></write>
    <read><length>5</length><match><data>Key?\x0a</data></match></read>
    <write><data>\x5d\x225u \x27VBX\x28M9Um\x290:YQA7!lFTw\x2c\x602IH1\x23\x7dzcPbO\x2bS8?\x5bELq\x2dgvC\x7bR.J\x5ffojk\x3eW\x3dse\x2f3NG\x24a\x254K\x7c\x5c\x7ey\x5eDdirt\x3c\x26n\x2ah6\x3b\x40pZx</data></write>
    <read><length>8</length><match><data>Length?\x0a</data></match></read>
    <write><data>66\x0a</data></write>
    <read><length>6</length><match><data>Data?\x0a</data></match></read>
    <write><data>M\x00\x00\x00\x2bDb\x25\x81\x60O\x08\x0a\xa0\x40\x16\x40\xf6.\x86!\x19\x0f\x60S \xc2\xf0\x24\x16\x08\xb0\x94\x0c7\x94\x2f\x03\x2d\xa0\x10\x08\x40\xd2q\xb9\x8a\x10\x86\xa1\xdc\xc2p4\xc2\xf0\xfe \x13\x94!\x08B\x810\x80</data></write>
    <read><length>129</length><match><data>Compressed Size: 66\x0aOriginal Size: 75\x0aOriginal Data: \x40\x40\x40444fff   BBBdddWWWGGGggg222eeePPPHHHXXX\x40\x40\x40wwwPPPWWWaaa\x40\x40\x40\x28\x28\x28:::uuu...111\x0a</data></match></read>
    <read><length>34</length><match><data>1. Compress\x0a2. Decompress\x0a3. Quit\x0a</data></match></read>
    <write><data>1\x0a</data></write>
    <read><length>5</length><match><data>Key?\x0a</data></match></read>
    <write><data>\x26nhk\x7dC\x29Ec\x3bd45F\x3ef2g\x25ol\x7e\x22R8IVyT3w. Yz\x2fOqS\x5d\x2a\x5e?\x23!0s\x3c\x40\x5f\x3djU:Ha\x286X1\x7b\x2c\x27\x2b\x60pM7tGQxAeJmb\x5cWiuD\x2d9rN\x24BZ\x5bPv\x7cKL</data></write>
    <read><length>6</length><match><data>Data?\x0a</data></match></read>
    <write><data>JJJ\x2b\x2b\x2b111\x27\x27\x27\x5e\x5e\x5efff444000aaa\x60\x60\x60\x2f\x2f\x2fGGG888ooozzz111\x28\x28\x28666!!!DDD\x00</data></write>
    <read><length>126</length><match><data>Original Size: 60\x0aCompressed Size: 53 \x2888\x25\x29\x0aCompressed Data: 3E0000001C44602D846049A0D611819644481848D0B40C05C2843651840B702F\x0a</data></match></read>
    <read><length>34</length><match><data>1. Compress\x0a2. Decompress\x0a3. Quit\x0a</data></match></read>
    <write><data>2\x0a</data></write>
    <read><length>5</length><match><data>Key?\x0a</data></match></read>
    <write><data>\x26nhk\x7dC\x29Ec\x3bd45F\x3ef2g\x25ol\x7e\x22R8IVyT3w. Yz\x2fOqS\x5d\x2a\x5e?\x23!0s\x3c\x40\x5f\x3djU:Ha\x286X1\x7b\x2c\x27\x2b\x60pM7tGQxAeJmb\x5cWiuD\x2d9rN\x24BZ\x5bPv\x7cKL</data></write>
    <read><length>8</length><match><data>Length?\x0a</data></match></read>
    <write><data>53\x0a</data></write>
    <read><length>6</length><match><data>Data?\x0a</data></match></read>
    <write><data>\x3e\x00\x00\x00\x1cD\x60\x2d\x84\x60I\xa0\xd6\x11\x81\x96DH\x18H\xd0\xb4\x0c\x05\xc2\x846Q\x84\x0bp\x2f\x17ahFP\xd9\x86P\xcc\x23\x28\x1a\xbb\x0c\x7e\x1e\xa4\x0e0\x87\x80</data></write>
    <read><length>114</length><match><data>Compressed Size: 53\x0aOriginal Size: 60\x0aOriginal Data: JJJ\x2b\x2b\x2b111\x27\x27\x27\x5e\x5e\x5efff444000aaa\x60\x60\x60\x2f\x2f\x2fGGG888ooozzz111\x28\x28\x28666!!!DDD\x0a</data></match></read>
    <read><length>34</length><match><data>1. Compress\x0a2. Decompress\x0a3. Quit\x0a</data></match></read>
    <write><data>2\x0a</data></write>
    <read><length>5</length><match><data>Key?\x0a</data></match></read>
    <write><data>\x26nhk\x7dC\x29Ec\x3bd45F\x3ef2g\x25ol\x7e\x22R8IVyT3w. Yz\x2fOqS\x5d\x2a\x5e?\x23!0s\x3c\x40\x5f\x3djU:Ha\x286X1\x7b\x2c\x27\x2b\x60pM7tGQxAeJmb\x5cWiuD\x2d9rN\x24BZ\x5bPv\x7cKL</data></write>
    <read><length>8</length><match><data>Length?\x0a</data></match></read>
    <write><data>53\x0a</data></write>
    <read><length>6</length><match><data>Data?\x0a</data></match></read>
    <write><data>\x3e\x00\x00\x00\x1cD\x60\x2d\x84\x60I\xa0\xd6\x11\x81\x96DH\x18H\xd0\xb4\x0c\x05\xc2\x846Q\x84\x0bp\x2f\x17ahFP\xd9\x86P\xcc\x23\x28\x1a\xbb\x0c\x7e\x1e\xa4\x0e0\x87\x80</data></write>
    <read><length>114</length><match><data>Compressed Size: 53\x0aOriginal Size: 60\x0aOriginal Data: JJJ\x2b\x2b\x2b111\x27\x27\x27\x5e\x5e\x5efff444000aaa\x60\x60\x60\x2f\x2f\x2fGGG888ooozzz111\x28\x28\x28666!!!DDD\x0a</data></match></read>
    <read><length>34</length><match><data>1. Compress\x0a2. Decompress\x0a3. Quit\x0a</data></match></read>
    <write><data>2\x0a</data></write>
    <read><length>5</length><match><data>Key?\x0a</data></match></read>
    <write><data>\x26nhk\x7dC\x29Ec\x3bd45F\x3ef2g\x25ol\x7e\x22R8IVyT3w. Yz\x2fOqS\x5d\x2a\x5e?\x23!0s\x3c\x40\x5f\x3djU:Ha\x286X1\x7b\x2c\x27\x2b\x60pM7tGQxAeJmb\x5cWiuD\x2d9rN\x24BZ\x5bPv\x7cKL</data></write>
    <read><length>8</length><match><data>Length?\x0a</data></match></read>
    <write><data>53\x0a</data></write>
    <read><length>6</length><match><data>Data?\x0a</data></match></read>
    <write><data>\x3e\x00\x00\x00\x1cD\x60\x2d\x84\x60I\xa0\xd6\x11\x81\x96DH\x18H\xd0\xb4\x0c\x05\xc2\x846Q\x84\x0bp\x2f\x17ahFP\xd9\x86P\xcc\x23\x28\x1a\xbb\x0c\x7e\x1e\xa4\x0e0\x87\x80</data></write>
    <read><length>114</length><match><data>Compressed Size: 53\x0aOriginal Size: 60\x0aOriginal Data: JJJ\x2b\x2b\x2b111\x27\x27\x27\x5e\x5e\x5efff444000aaa\x60\x60\x60\x2f\x2f\x2fGGG888ooozzz111\x28\x28\x28666!!!DDD\x0a</data></match></read>
    <read><length>34</length><match><data>1. Compress\x0a2. Decompress\x0a3. Quit\x0a</data></match></read>
    <write><data>2\x0a</data></write>
    <read><length>5</length><match><data>Key?\x0a</data></match></read>
    <write><data>\x26nhk\x7dC\x29Ec\x3bd45F\x3ef2g\x25ol\x7e\x22R8IVyT3w. Yz\x2fOqS\x5d\x2a\x5e?\x23!0s\x3c\x40\x5f\x3djU:Ha\x286X1\x7b\x2c\x27\x2b\x60pM7tGQxAeJmb\x5cWiuD\x2d9rN\x24BZ\x5bPv\x7cKL</data></write>
    <read><length>8</length><match><data>Length?\x0a</data></match></read>
    <write><data>53\x0a</data></write>
    <read><length>6</length><match><data>Data?\x0a</data></match></read>
    <write><data>\x3e\x00\x00\x00\x1cD\x60\x2d\x84\x60I\xa0\xd6\x11\x81\x96DH\x18H\xd0\xb4\x0c\x05\xc2\x846Q\x84\x0bp\x2f\x17ahFP\xd9\x86P\xcc\x23\x28\x1a\xbb\x0c\x7e\x1e\xa4\x0e0\x87\x80</data></write>
    <read><length>114</length><match><data>Compressed Size: 53\x0aOriginal Size: 60\x0aOriginal Data: JJJ\x2b\x2b\x2b111\x27\x27\x27\x5e\x5e\x5efff444000aaa\x60\x60\x60\x2f\x2f\x2fGGG888ooozzz111\x28\x28\x28666!!!DDD\x0a</data></match></read>
    <read><length>34</length><match><data>1. Compress\x0a2. Decompress\x0a3. Quit\x0a</data></match></read>
    <write><data>3\x0a</data></write>
    <read><length>5</length><match><data>Bye.\x0a</data></match></read>
</replay>
</pov>