<?xml version="1.0" standalone="no" ?>
<!DOCTYPE pov SYSTEM "/usr/share/cgc-docs/replay.dtd">
<pov>
<cbid>service</cbid>
<seed>f5eba256e569fc61e760dd01fc3d9f1383d0e5e4a2761e75556fe6db66690cf256a741f948b8f9156c2b8d29c815e1d8</seed>
<replay>
    <read><length>9</length><match><data>FDC64F41\x0a</data></match></read>
    <read><length>34</length><match><data>1. Compress\x0a2. Decompress\x0a3. Quit\x0a</data></match></read>
    <write><data>AQYLoB\x0a</data></write>
    <read><length>14</length><match><data>Invalid menu.\x0a</data></match></read>
    <read><length>34</length><match><data>1. Compress\x0a2. Decompress\x0a3. Quit\x0a</data></match></read>
    <write><data>1\x0a</data></write>
    <read><length>5</length><match><data>Key?\x0a</data></match></read>
    <write><data>mv\x222\x23e1M:UVg\x5bN0hwcik\x3b\x2dA7\x2fE\x5dp\x7d\x29\x24f4O8Gu\x40\x2ctW\x2b\x3eo?n\x2alyb\x28J\x5e\x25 6RXZ!Dr5T\x5cs\x27d\x7cSqa\x5f.\x3dI3P9B\x26Q\x3cLz\x7bCxjFHK\x7eY\x60</data></write>
    <read><length>6</length><match><data>Data?\x0a</data></match></read>
    <write><data>!!!JJJjjjlllYYYuuu\x3c\x3c\x3c\x3c\x3c\x3c\x7e\x7e\x7eEEE...HHH\x3c\x3c\x3cvvv444WWWPPPPPP888fff\x3c\x3c\x3cFFFMMM\x00</data></write>
    <read><length>126</length><match><data>Original Size: 69\x0aCompressed Size: 61 \x2888\x25\x29\x0aCompressed Data: 470000002B44E42381E45503E0F60462242C4584E0703E92A142740F6568184B\x0a</data></match></read>
    <read><length>34</length><match><data>1. Compress\x0a2. Decompress\x0a3. Quit\x0a</data></match></read>
    <write><data>2\x0a</data></write>
    <read><length>5</length><match><data>Key?\x0a</data></match></read>
    <write><data>mv\x222\x23e1M:UVg\x5bN0hwcik\x3b\x2dA7\x2fE\x5dp\x7d\x29\x24f4O8Gu\x40\x2ctW\x2b\x3eo?n\x2alyb\x28J\x5e\x25 6RXZ!Dr5T\x5cs\x27d\x7cSqa\x5f.\x3dI3P9B\x26Q\x3cLz\x7bCxjFHK\x7eY\x60</data></write>
    <read><length>8</length><match><data>Length?\x0a</data></match></read>
    <write><data>61\x0a</data></write>
    <read><length>6</length><match><data>Data?\x0a</data></match></read>
    <write><data>G\x00\x00\x00\x2bD\xe4\x23\x81\xe4U\x03\xe0\xf6\x04b\x24\x2cE\x84\xe0p\x3e\x92\xa1Bt\x0feh\x18Kp\x8c\x3d\xd3\x7c7\x08B\x18\x08\xc0\xf9\xc9\x40!\x18B\x10\xe46\x12\x84\xed\x0c\x84\xa10\x84\x3e</data></write>
    <read><length>123</length><match><data>Compressed Size: 61\x0aOriginal Size: 69\x0aOriginal Data: !!!JJJjjjlllYYYuuu\x3c\x3c\x3c\x3c\x3c\x3c\x7e\x7e\x7eEEE...HHH\x3c\x3c\x3cvvv444WWWPPPPPP888fff\x3c\x3c\x3cFFFMMM\x0a</data></match></read>
    <read><length>34</length><match><data>1. Compress\x0a2. Decompress\x0a3. Quit\x0a</data></match></read>
    <write><data>1\x0a</data></write>
    <read><length>5</length><match><data>Key?\x0a</data></match></read>
    <write><data>e4O\x27\x3e?orIx Nu\x262\x5b\x5fYd\x60TE\x7c0P\x3b3il9!\x2dQs\x5cMW\x23hmSD.1\x28a\x2b\x247U8\x22\x3cZFBtJ\x2aCnHb\x3d\x7evGfL\x2fR\x5e\x7dq\x5d\x2c:5c\x7bzX\x25g6VjK\x40kywAp\x29</data></write>
    <read><length>6</length><match><data>Data?\x0a</data></match></read>
    <write><data>\x40\x40\x40\x3d\x3d\x3dddd\x25\x25\x25ooo\x2f\x2f\x2fiiiHHHOOOfffYYYSSS\x28\x28\x28\x2d\x2d\x2d\x3d\x3d\x3dCCC!!!iiiUUU\x2a\x2a\x2aOOO\x7b\x7b\x7b\x7c\x7c\x7c\x00</data></write>
    <read><length>126</length><match><data>Original Size: 69\x0aCompressed Size: 64 \x2892\x25\x29\x0aCompressed Data: 4700000024C4BA5B12C210390AA0641B40C23881C07B02299C89084250309509\x0a</data></match></read>
    <read><length>34</length><match><data>1. Compress\x0a2. Decompress\x0a3. Quit\x0a</data></match></read>
    <write><data>1\x0a</data></write>
    <read><length>5</length><match><data>Key?\x0a</data></match></read>
    <write><data>0\x2b\x3bAhEGM\x7b\x22Pote\x2cdsl\x2d?X:.F!16Oic\x5f7g8\x7d\x26\x28C\x2fRk\x2af\x5b\x5e\x605\x3cxJ\x27\x40\x24uZHT3Vm vrj\x7cnaw\x23\x5cqD9pQy\x7e\x29YSKB\x25N2zW\x3e4\x5dUIbL\x3d</data></write>
    <read><length>6</length><match><data>Data?\x0a</data></match></read>
    <write><data>:::444fffKKKrrr\x00</data></write>
    <read><length>99</length><match><data>Original Size: 15\x0aCompressed Size: 18 \x28120\x25\x29\x0aCompressed Data: 11000000840BC3681E09909C0E3084A70A00\x0a</data></match></read>
    <read><length>34</length><match><data>1. Compress\x0a2. Decompress\x0a3. Quit\x0a</data></match></read>
    <write><data>Lpf\x0a</data></write>
    <read><length>14</length><match><data>Invalid menu.\x0a</data></match></read>
    <read><length>34</length><match><data>1. Compress\x0a2. Decompress\x0a3. Quit\x0a</data></match></read>
    <write><data>1\x0a</data></write>
    <read><length>5</length><match><data>Key?\x0a</data></match></read>
    <write><data>TQ03u7P5:bm pz2\x2cZYxL\x24\x27\x7eJnIe\x5ckiK\x2aG?\x7d\x7b!\x5ewN\x2fCFy4\x60r\x28DESgf.O1H\x26\x40\x5f\x5b\x23\x3b6\x2d9\x25stqM8Ua\x7cl\x5dvAod\x22RB\x3djh\x3ecWVX\x2b\x3c\x29</data></write>
    <read><length>6</length><match><data>Data?\x0a</data></match></read>
    <write><data>BBBvvvsss\x2b\x2b\x2b\x24\x24\x24\x40\x40\x40uuu\x60\x60\x60yyyttteee666\x28\x28\x28\x00</data></write>
    <read><length>126</length><match><data>Original Size: 39\x0aCompressed Size: 37 \x2894\x25\x29\x0aCompressed Data: 290000002EC4B62681F06F0328FA051284230B184A90CC31385CDC6686A1A9C0\x0a</data></match></read>
    <read><length>34</length><match><data>1. Compress\x0a2. Decompress\x0a3. Quit\x0a</data></match></read>
    <write><data>1\x0a</data></write>
    <read><length>5</length><match><data>Key?\x0a</data></match></read>
    <write><data>RH\x3er1\x2dN\x7evM\x3cSoa69\x3bzyV\x7dB\x3d?s\x5eQL\x7bFl85D\x5f\x2aWEGc2i\x2c\x24\x5bT\x400jfp\x29\x22\x5cC:h\x5dtYO\x28\x234gqnIJuebKwZ\x60X3U\x7c\x26\x2bmd7x.\x25A\x27P \x2fk!</data></write>
    <read><length>6</length><match><data>Data?\x0a</data></match></read>
    <write><data>xxx\x25\x25\x25!!!444:::hhh\x00</data></write>
    <read><length>103</length><match><data>Original Size: 18\x0aCompressed Size: 20 \x28111\x25\x29\x0aCompressed Data: 14000000CC4BE58840B30940FD23B4207884E110\x0a</data></match></read>
    <read><length>34</length><match><data>1. Compress\x0a2. Decompress\x0a3. Quit\x0a</data></match></read>
    <write><data>1\x0a</data></write>
    <read><length>5</length><match><data>Key?\x0a</data></match></read>
    <write><data>\x7dm7\x5e M1gClhIKteUESGp\x2a\x60:R!\x3c3\x5fwv\x3efLQq\x240\x7bzHA\x2f\x22\x2coj\x29N\x3bBJa\x26W\x7cibT5sn42u\x25\x2byr\x23Z?F.c6O9\x2dP\x5cX\x7eD\x28\x40\x5d\x27kY\x3dxVd8\x5b</data></write>
    <read><length>6</length><match><data>Data?\x0a</data></match></read>
    <write><data>BBB777YYY888\x40\x40\x40\x5d\x5d\x5d:::PPP333WWWBBB000\x2b\x2b\x2bFFF\x2a\x2a\x2aSSSLLL\x2d\x2d\x2dddd\x00</data></write>
    <read><length>126</length><match><data>Original Size: 57\x0aCompressed Size: 51 \x2889\x25\x29\x0aCompressed Data: 3B0000000CC4A22380D46708C0CE751CC0DE3E858890C9221184207C2CC216A1\x0a</data></match></read>
    <read><length>34</length><match><data>1. Compress\x0a2. Decompress\x0a3. Quit\x0a</data></match></read>
    <write><data>2\x0a</data></write>
    <read><length>5</length><match><data>Key?\x0a</data></match></read>
    <write><data>\x7dm7\x5e M1gClhIKteUESGp\x2a\x60:R!\x3c3\x5fwv\x3efLQq\x240\x7bzHA\x2f\x22\x2coj\x29N\x3bBJa\x26W\x7cibT5sn42u\x25\x2byr\x23Z?F.c6O9\x2dP\x5cX\x7eD\x28\x40\x5d\x27kY\x3dxVd8\x5b</data></write>
    <read><length>8</length><match><data>Length?\x0a</data></match></read>
    <write><data>51\x0a</data></write>
    <read><length>6</length><match><data>Data?\x0a</data></match></read>
    <write><data>\x3b\x00\x00\x00\x0c\xc4\xa2\x23\x80\xd4g\x08\xc0\xceu\x1c\xc0\xde\x3e\x85\x88\x90\xc9\x22\x11\x84 \x7c\x2c\xc2\x16\xa1\x96\x1b\x84np\x86\xa1\xb3\xe9\xde\x1e\x84B\x07\xa8z\x18\xb4\x26</data></write>
    <read><length>111</length><match><data>Compressed Size: 51\x0aOriginal Size: 57\x0aOriginal Data: BBB777YYY888\x40\x40\x40\x5d\x5d\x5d:::PPP333WWWBBB000\x2b\x2b\x2bFFF\x2a\x2a\x2aSSSLLL\x2d\x2d\x2dddd\x0a</data></match></read>
    <read><length>34</length><match><data>1. Compress\x0a2. Decompress\x0a3. Quit\x0a</data></match></read>
    <write><data>3\x0a</data></write>
    <read><length>5</length><match><data>Bye.\x0a</data></match></read>
</replay>
</pov>