<?xml version="1.0" standalone="no" ?>
<!DOCTYPE pov SYSTEM "/usr/share/cgc-docs/replay.dtd">
<pov>
<cbid>service</cbid>
<seed>24f03d572ed8f4cfc237c34291a38fe0def4c38359ae52297e9ef6c5bc4f99882c919e9ef9ca2a4f1c47a329365cbef6</seed>
<replay>
    <read><length>9</length><match><data>A46A659C\x0a</data></match></read>
    <read><length>34</length><match><data>1. Compress\x0a2. Decompress\x0a3. Quit\x0a</data></match></read>
    <write><data>OtC\x0a</data></write>
    <read><length>14</length><match><data>Invalid menu.\x0a</data></match></read>
    <read><length>34</length><match><data>1. Compress\x0a2. Decompress\x0a3. Quit\x0a</data></match></read>
    <write><data>aLseQA\x0a</data></write>
    <read><length>14</length><match><data>Invalid menu.\x0a</data></match></read>
    <read><length>34</length><match><data>1. Compress\x0a2. Decompress\x0a3. Quit\x0a</data></match></read>
    <write><data>qNLCSK\x0a</data></write>
    <read><length>14</length><match><data>Invalid menu.\x0a</data></match></read>
    <read><length>34</length><match><data>1. Compress\x0a2. Decompress\x0a3. Quit\x0a</data></match></read>
    <write><data>1\x0a</data></write>
    <read><length>5</length><match><data>Key?\x0a</data></match></read>
    <write><data>BF\x3e:9Xc\x2db\x3di\x29\x22\x3b 5\x60z\x2c80s\x2bTNvg6qnjk\x3c3uS\x287YCrUdWo!1\x2f\x5fhE.\x7byIMK\x27PAf\x7eH2lR\x26\x2aDa\x40O?\x25JZ\x5b4xtL\x5eQe\x24\x5c\x5d\x7dwVp\x23\x7cmG</data></write>
    <read><length>6</length><match><data>Data?\x0a</data></match></read>
    <write><data>BBB\x5b\x5b\x5bJJJ\x5c\x5c\x5csss000\x3e\x3e\x3eVVVaaaUUURRRNNNPPPffftttrrr\x28\x28\x28\x25\x25\x25JJJ:::CCCLLL\x5c\x5c\x5c\x2b\x2b\x2bvvvCCCjjj\x3c\x3c\x3cjjj\x00</data></write>
    <read><length>126</length><match><data>Original Size: 87\x0aCompressed Size: 75 \x2886\x25\x29\x0aCompressed Data: 590000008407C2180D44903509A1380DE103AC0730318F2121EC3702192A5094\x0a</data></match></read>
    <read><length>34</length><match><data>1. Compress\x0a2. Decompress\x0a3. Quit\x0a</data></match></read>
    <write><data>AVIJqg\x0a</data></write>
    <read><length>14</length><match><data>Invalid menu.\x0a</data></match></read>
    <read><length>34</length><match><data>1. Compress\x0a2. Decompress\x0a3. Quit\x0a</data></match></read>
    <write><data>2\x0a</data></write>
    <read><length>5</length><match><data>Key?\x0a</data></match></read>
    <write><data>BF\x3e:9Xc\x2db\x3di\x29\x22\x3b 5\x60z\x2c80s\x2bTNvg6qnjk\x3c3uS\x287YCrUdWo!1\x2f\x5fhE.\x7byIMK\x27PAf\x7eH2lR\x26\x2aDa\x40O?\x25JZ\x5b4xtL\x5eQe\x24\x5c\x5d\x7dwVp\x23\x7cmG</data></write>
    <read><length>8</length><match><data>Length?\x0a</data></match></read>
    <write><data>75\x0a</data></write>
    <read><length>6</length><match><data>Data?\x0a</data></match></read>
    <write><data>Y\x00\x00\x00\x84\x07\xc2\x18\x0dD\x905\x09\xa18\x0d\xe1\x03\xac\x0701\x8f!!\xec7\x02\x19\x2aP\x94\x22K\x24\xc2\x90\xaf\x25\x0a\x40\xe0h\x27Ce\xf8\x40\xc3\x0fB\x95\x81\xe7\x86\xd8\x05!\x13\x7c\xa1\x18\x05\xf9\x0dx\xe5\x00\xac!\x0b\xcbP\x0c\x00</data></write>
    <read><length>141</length><match><data>Compressed Size: 75\x0aOriginal Size: 87\x0aOriginal Data: BBB\x5b\x5b\x5bJJJ\x5c\x5c\x5csss000\x3e\x3e\x3eVVVaaaUUURRRNNNPPPffftttrrr\x28\x28\x28\x25\x25\x25JJJ:::CCCLLL\x5c\x5c\x5c\x2b\x2b\x2bvvvCCCjjj\x3c\x3c\x3cjjj\x0a</data></match></read>
    <read><length>34</length><match><data>1. Compress\x0a2. Decompress\x0a3. Quit\x0a</data></match></read>
    <write><data>JZv\x0a</data></write>
    <read><length>14</length><match><data>Invalid menu.\x0a</data></match></read>
    <read><length>34</length><match><data>1. Compress\x0a2. Decompress\x0a3. Quit\x0a</data></match></read>
    <write><data>2\x0a</data></write>
    <read><length>5</length><match><data>Key?\x0a</data></match></read>
    <write><data>BF\x3e:9Xc\x2db\x3di\x29\x22\x3b 5\x60z\x2c80s\x2bTNvg6qnjk\x3c3uS\x287YCrUdWo!1\x2f\x5fhE.\x7byIMK\x27PAf\x7eH2lR\x26\x2aDa\x40O?\x25JZ\x5b4xtL\x5eQe\x24\x5c\x5d\x7dwVp\x23\x7cmG</data></write>
    <read><length>8</length><match><data>Length?\x0a</data></match></read>
    <write><data>75\x0a</data></write>
    <read><length>6</length><match><data>Data?\x0a</data></match></read>
    <write><data>Y\x00\x00\x00\x84\x07\xc2\x18\x0dD\x905\x09\xa18\x0d\xe1\x03\xac\x0701\x8f!!\xec7\x02\x19\x2aP\x94\x22K\x24\xc2\x90\xaf\x25\x0a\x40\xe0h\x27Ce\xf8\x40\xc3\x0fB\x95\x81\xe7\x86\xd8\x05!\x13\x7c\xa1\x18\x05\xf9\x0dx\xe5\x00\xac!\x0b\xcbP\x0c\x00</data></write>
    <read><length>141</length><match><data>Compressed Size: 75\x0aOriginal Size: 87\x0aOriginal Data: BBB\x5b\x5b\x5bJJJ\x5c\x5c\x5csss000\x3e\x3e\x3eVVVaaaUUURRRNNNPPPffftttrrr\x28\x28\x28\x25\x25\x25JJJ:::CCCLLL\x5c\x5c\x5c\x2b\x2b\x2bvvvCCCjjj\x3c\x3c\x3cjjj\x0a</data></match></read>
    <read><length>34</length><match><data>1. Compress\x0a2. Decompress\x0a3. Quit\x0a</data></match></read>
    <write><data>1\x0a</data></write>
    <read><length>5</length><match><data>Key?\x0a</data></match></read>
    <write><data>\x3c\x29NU2Ku\x5dp9.5\x3eq\x2f\x25Y\x60v?WoR!cS\x5f0m\x2a\x3bsFO\x2cbLMd VGhfQ\x23xzlayi3ACtB4\x5e1J\x5c\x2de\x40g\x28\x2b8I\x27\x7c:H\x26k\x7d\x24nEr\x7bj\x3dD\x226TXZ\x7ewP\x5b7</data></write>
    <read><length>6</length><match><data>Data?\x0a</data></match></read>
    <write><data>\x7d\x7d\x7dVVVOOO999...\x5e\x5e\x5e   \x00</data></write>
    <read><length>109</length><match><data>Original Size: 21\x0aCompressed Size: 23 \x28109\x25\x29\x0aCompressed Data: 170000000A44822A840570940905A24C250364E1594280\x0a</data></match></read>
    <read><length>34</length><match><data>1. Compress\x0a2. Decompress\x0a3. Quit\x0a</data></match></read>
    <write><data>fNMuMb\x0a</data></write>
    <read><length>14</length><match><data>Invalid menu.\x0a</data></match></read>
    <read><length>34</length><match><data>1. Compress\x0a2. Decompress\x0a3. Quit\x0a</data></match></read>
    <write><data>2\x0a</data></write>
    <read><length>5</length><match><data>Key?\x0a</data></match></read>
    <write><data>\x3c\x29NU2Ku\x5dp9.5\x3eq\x2f\x25Y\x60v?WoR!cS\x5f0m\x2a\x3bsFO\x2cbLMd VGhfQ\x23xzlayi3ACtB4\x5e1J\x5c\x2de\x40g\x28\x2b8I\x27\x7c:H\x26k\x7d\x24nEr\x7bj\x3dD\x226TXZ\x7ewP\x5b7</data></write>
    <read><length>8</length><match><data>Length?\x0a</data></match></read>
    <write><data>23\x0a</data></write>
    <read><length>6</length><match><data>Data?\x0a</data></match></read>
    <write><data>\x17\x00\x00\x00\x0aD\x82\x2a\x84\x05p\x94\x09\x05\xa2L\x25\x03d\xe1YB\x80</data></write>
    <read><length>75</length><match><data>Compressed Size: 23\x0aOriginal Size: 21\x0aOriginal Data: \x7d\x7d\x7dVVVOOO999...\x5e\x5e\x5e   \x0a</data></match></read>
    <read><length>34</length><match><data>1. Compress\x0a2. Decompress\x0a3. Quit\x0a</data></match></read>
    <write><data>1\x0a</data></write>
    <read><length>5</length><match><data>Key?\x0a</data></match></read>
    <write><data>\x2cAq\x5da2GnWglpX4y\x5eDw\x27fT!7\x2bu\x5csd\x28\x7dei\x298jU0:\x3c\x7bI6\x24C\x7e\x23HJmM\x40\x25LE\x5fhcP\x3e?SrORK\x26\x3dQZ \x2dV.vzYx\x7ck\x2ao\x3b\x5bN5\x223bBt9\x60\x2fF1</data></write>
    <read><length>6</length><match><data>Data?\x0a</data></match></read>
    <write><data>hhh\x26\x26\x26kkklllppp\x40\x40\x40jjj444nnnUUUYYY111\x40\x40\x40bbb\x40\x40\x40ZZZ\x5b\x5b\x5b\x25\x25\x25rrrppp444uuuMMMOOOccc\x23\x23\x23lllCCC777LLLAAA\x25\x25\x25\x25\x25\x25\x7e\x7e\x7e\x00</data></write>
    <read><length>127</length><match><data>Original Size: 102\x0aCompressed Size: 87 \x2885\x25\x29\x0aCompressed Data: 680000002AC4AA2380BC550371405F0840BD118C210B408F2940A03D8487F0AC\x0a</data></match></read>
    <read><length>34</length><match><data>1. Compress\x0a2. Decompress\x0a3. Quit\x0a</data></match></read>
    <write><data>1\x0a</data></write>
    <read><length>5</length><match><data>Key?\x0a</data></match></read>
    <write><data>\x2a\x3cQ\x29\x2c0v\x5bx\x40etV\x5e5Skwb\x2f\x7cr\x26oB\x28:az\x22\x2dMu\x27\x5c7DlCT\x3emf\x3d1nUYG\x7eP8 XEL\x7dgFi9y\x25.\x23WJ\x7b\x5dH4jp?c\x2bI\x3bd2ZR\x24A3!\x60ONK\x5fqsh6</data></write>
    <read><length>6</length><match><data>Data?\x0a</data></match></read>
    <write><data>\x27\x27\x27RRR\x5b\x5b\x5bKKK\x2d\x2d\x2d444aaaddd\x5d\x5d\x5dMMMLLLaaaEEE!!!\x5e\x5e\x5epppOOOIIIBBBgggRRR\x40\x40\x40uuuUUU\x2a\x2a\x2a\x29\x29\x29666\x00</data></write>
    <read><length>126</length><match><data>Original Size: 81\x0aCompressed Size: 74 \x2891\x25\x29\x0aCompressed Data: 530000003AC49E228404B0390AA111642E3081B87902D1A4830840F24581A48F\x0a</data></match></read>
    <read><length>34</length><match><data>1. Compress\x0a2. Decompress\x0a3. Quit\x0a</data></match></read>
    <write><data>2\x0a</data></write>
    <read><length>5</length><match><data>Key?\x0a</data></match></read>
    <write><data>\x2a\x3cQ\x29\x2c0v\x5bx\x40etV\x5e5Skwb\x2f\x7cr\x26oB\x28:az\x22\x2dMu\x27\x5c7DlCT\x3emf\x3d1nUYG\x7eP8 XEL\x7dgFi9y\x25.\x23WJ\x7b\x5dH4jp?c\x2bI\x3bd2ZR\x24A3!\x60ONK\x5fqsh6</data></write>
    <read><length>8</length><match><data>Length?\x0a</data></match></read>
    <write><data>74\x0a</data></write>
    <read><length>6</length><match><data>Data?\x0a</data></match></read>
    <write><data>S\x00\x00\x00:\xc4\x9e\x22\x84\x04\xb09\x0a\xa1\x11d.0\x81\xb8y\x02\xd1\xa4\x83\x08\x40\xf2E\x81\xa4\x8f\x0d\x92 \x7e\x25\x40\x27\x09\xe4\xbd\x0eC\x1d0Cp9\x7e\x1e\x08\x9b\xa0\x12\x81\xe6\xd0\xe8V\x10\x80GaX\x04\x2f\x0c\x85\x60\x16\x0a\xc0.</data></write>
    <read><length>135</length><match><data>Compressed Size: 74\x0aOriginal Size: 81\x0aOriginal Data: \x27\x27\x27RRR\x5b\x5b\x5bKKK\x2d\x2d\x2d444aaaddd\x5d\x5d\x5dMMMLLLaaaEEE!!!\x5e\x5e\x5epppOOOIIIBBBgggRRR\x40\x40\x40uuuUUU\x2a\x2a\x2a\x29\x29\x29666\x0a</data></match></read>
    <read><length>34</length><match><data>1. Compress\x0a2. Decompress\x0a3. Quit\x0a</data></match></read>
    <write><data>2\x0a</data></write>
    <read><length>5</length><match><data>Key?\x0a</data></match></read>
    <write><data>\x2a\x3cQ\x29\x2c0v\x5bx\x40etV\x5e5Skwb\x2f\x7cr\x26oB\x28:az\x22\x2dMu\x27\x5c7DlCT\x3emf\x3d1nUYG\x7eP8 XEL\x7dgFi9y\x25.\x23WJ\x7b\x5dH4jp?c\x2bI\x3bd2ZR\x24A3!\x60ONK\x5fqsh6</data></write>
    <read><length>8</length><match><data>Length?\x0a</data></match></read>
    <write><data>74\x0a</data></write>
    <read><length>6</length><match><data>Data?\x0a</data></match></read>
    <write><data>S\x00\x00\x00:\xc4\x9e\x22\x84\x04\xb09\x0a\xa1\x11d.0\x81\xb8y\x02\xd1\xa4\x83\x08\x40\xf2E\x81\xa4\x8f\x0d\x92 \x7e\x25\x40\x27\x09\xe4\xbd\x0eC\x1d0Cp9\x7e\x1e\x08\x9b\xa0\x12\x81\xe6\xd0\xe8V\x10\x80GaX\x04\x2f\x0c\x85\x60\x16\x0a\xc0.</data></write>
    <read><length>135</length><match><data>Compressed Size: 74\x0aOriginal Size: 81\x0aOriginal Data: \x27\x27\x27RRR\x5b\x5b\x5bKKK\x2d\x2d\x2d444aaaddd\x5d\x5d\x5dMMMLLLaaaEEE!!!\x5e\x5e\x5epppOOOIIIBBBgggRRR\x40\x40\x40uuuUUU\x2a\x2a\x2a\x29\x29\x29666\x0a</data></match></read>
    <read><length>34</length><match><data>1. Compress\x0a2. Decompress\x0a3. Quit\x0a</data></match></read>
    <write><data>2\x0a</data></write>
    <read><length>5</length><match><data>Key?\x0a</data></match></read>
    <write><data>\x2a\x3cQ\x29\x2c0v\x5bx\x40etV\x5e5Skwb\x2f\x7cr\x26oB\x28:az\x22\x2dMu\x27\x5c7DlCT\x3emf\x3d1nUYG\x7eP8 XEL\x7dgFi9y\x25.\x23WJ\x7b\x5dH4jp?c\x2bI\x3bd2ZR\x24A3!\x60ONK\x5fqsh6</data></write>
    <read><length>8</length><match><data>Length?\x0a</data></match></read>
    <write><data>74\x0a</data></write>
    <read><length>6</length><match><data>Data?\x0a</data></match></read>
    <write><data>S\x00\x00\x00:\xc4\x9e\x22\x84\x04\xb09\x0a\xa1\x11d.0\x81\xb8y\x02\xd1\xa4\x83\x08\x40\xf2E\x81\xa4\x8f\x0d\x92 \x7e\x25\x40\x27\x09\xe4\xbd\x0eC\x1d0Cp9\x7e\x1e\x08\x9b\xa0\x12\x81\xe6\xd0\xe8V\x10\x80GaX\x04\x2f\x0c\x85\x60\x16\x0a\xc0.</data></write>
    <read><length>135</length><match><data>Compressed Size: 74\x0aOriginal Size: 81\x0aOriginal Data: \x27\x27\x27RRR\x5b\x5b\x5bKKK\x2d\x2d\x2d444aaaddd\x5d\x5d\x5dMMMLLLaaaEEE!!!\x5e\x5e\x5epppOOOIIIBBBgggRRR\x40\x40\x40uuuUUU\x2a\x2a\x2a\x29\x29\x29666\x0a</data></match></read>
    <read><length>34</length><match><data>1. Compress\x0a2. Decompress\x0a3. Quit\x0a</data></match></read>
    <write><data>1\x0a</data></write>
    <read><length>5</length><match><data>Key?\x0a</data></match></read>
    <write><data>5NBawjS\x7c\x40\x2bX2iO\x3e03lnRcb\x5dF9D!Ar\x24Q L\x26Y?ZPWC:Gg\x29\x2d\x5e.\x7d\x25\x5b\x23\x3cz\x5cM\x7e6ho84y\x22E\x5f\x28\x3d\x27\x7bkvJ\x2fU1Kfu\x3bT7s\x2cqHImd\x60Vxtp\x2ae</data></write>
    <read><length>6</length><match><data>Data?\x0a</data></match></read>
    <write><data>iiivvv\x3c\x3c\x3cWWW000\x7e\x7e\x7e\x40\x40\x40III\x23\x23\x23\x7c\x7c\x7clll\x2f\x2f\x2fgggggg\x5f\x5f\x5fQQQ???777\x2f\x2f\x2f\x3d\x3d\x3d\x00</data></write>
    <read><length>126</length><match><data>Original Size: 60\x0aCompressed Size: 53 \x2888\x25\x29\x0aCompressed Data: 3E000000B44A428815C550310BE04919C2C3581848708122168158D05084210F\x0a</data></match></read>
    <read><length>34</length><match><data>1. Compress\x0a2. Decompress\x0a3. Quit\x0a</data></match></read>
    <write><data>3\x0a</data></write>
    <read><length>5</length><match><data>Bye.\x0a</data></match></read>
</replay>
</pov>