<?xml version="1.0" standalone="no" ?>
<!DOCTYPE pov SYSTEM "/usr/share/cgc-docs/replay.dtd">
<pov>
<cbid>service</cbid>
<seed>b12282787af8c1f7f70bb7a8feb516042cf814c28defe9f5b67ace8fba7adf5a7bca86c1ff573703ada21b7ff14748bc</seed>
<replay>
    <write><data>\xa5Z\x0c\x00\x0a\x00\x00\x00\x00\x00\x00\x00\xaf\x01\x00\x00</data></write>
    <read><length>16</length><match><data>\xa5Z\x0a\x01\x01\x00\x0a\x00\x04\x00\x00\x00\x95\x2a\x1f\x40</data></match></read>
    <write><data>\xa5Z\x0c\x00\xff\x00\x00\x00\x00\x00\x00\x00x\x06\x00\x00</data></write>
</replay>
</pov>