<?xml version="1.0" standalone="no" ?>
<!DOCTYPE pov SYSTEM "/usr/share/cgc-docs/replay.dtd">
<pov>
<cbid>service</cbid>
<seed>453683aa137b7fe5f900ae3efd61279f740eb80517b43bf771a2ed1809e640e781bb53f6b86a3bdce28e3e06cd872a33</seed>
<replay>
    <write><data>\xa5Z\x0c\x00\x0a\x00\x00\x00\x00\x00\x00\x00\xaf\x01\x00\x00</data></write>
    <read><length>16</length><match><data>\xa5Z\x0a\x01\x01\x00\x0a\x00\x04\x00\x00\x007H\xe0?</data></match></read>
    <write><data>\xa5Z\x08\x00\x01\x00\x01\x00\x7d\x01\x00\x00</data></write>
    <read><length>12</length><match><data>\xa5Z\x0a\x01\x00\x00\x00\x00\x00\x00\x00\x00</data></match></read>
    <write><data>\xa5Z\x08\x00\x09\x00S\x06\x13\x04\x00\x00</data></write>
    <write><data>\xa5Z\x08\x00\x04\x00\x0a\x00\xcb\x01\x00\x00</data></write>
    <read><length>12</length><match><data>\xa5Z\x0a\x01\x00\x00\x06\x00\x00\x00\x00\x00</data></match></read>
    <write><data>\xa5Z\x0c\x00\x08\x00\x00\x00\x00\x00\x00\x00\xa5\x01\x00\x00</data></write>
    <read><length>36</length><match><data>\xa5Z\x0a\x01\x01\x00\x08\x00\x18\x00\x00\x00\x0a\x01\x00\x00\x00\x00\x00\x00K\x00\x00\x00\x01\x00\x00\x00\x00\x00\x00\x00\x00\x00\x00\x00</data></match></read>
    <write><data>\xa5Z\x08\x00\x05\x00\x01\x00\x91\x01\x00\x00</data></write>
    <read><length>12</length><match><data>\xa5Z\x0a\x01\x00\x00\x00\x00\x00\x00\x00\x00</data></match></read>
    <write><data>\xa5ZD\x00\x06\x00\x05\x00\x01\x00\x00\x00\x9e\x0a\x00\x005\x01\x00\x00\x01\x00\x00\x00\x40\x17\x00\x00\x0c\x01\x00\x00\x01\x00\x00\x00\xa4\x19\x00\x00\xf4\x00\x00\x00\x01\x00\x00\x00\x81\x09\x00\x00\xe5\x00\x00\x00\x01\x00\x00\x00\xe0\x22\x00\x00\xec\x00\x00\x00\x26\x1f\x01\x00</data></write>
    <read><length>12</length><match><data>\xa5Z\x0a\x01\x00\x00\x00\x00\x00\x00\x00\x00</data></match></read>
    <write><data>\xa5Z\x08\x00\x02\x00o\x01\x8c\x04\x00\x00</data></write>
    <read><length>12</length><match><data>\xa5Z\x0a\x01\x00\x00\x01\x00\x00\x00\x00\x00</data></match></read>
    <write><data>\xa5Z\x10\x00\x03\x00\x03\x00\xb8\x0b\x00\x00L\x04\x00\x00\xa7\x0c\x00\x00</data></write>
    <read><length>12</length><match><data>\xa5Z\x0a\x01\x00\x00\x00\x00\x00\x00\x00\x00</data></match></read>
    <write><data>\xa5Z\x08\x00\x01\x00\x00\x00v\x01\x00\x00</data></write>
    <read><length>12</length><match><data>\xa5Z\x0a\x01\x00\x00\x00\x00\x00\x00\x00\x00</data></match></read>
    <write><data>\xa5Z\x10\x00\x03\x00\x01\x00\xe8\x03\x00\x00l\x07\x00\x00\xc3\x0f\x00\x00</data></write>
    <read><length>12</length><match><data>\xa5Z\x0a\x01\x00\x00\x00\x00\x00\x00\x00\x00</data></match></read>
    <write><data>\xa5Z\x08\x00\x01\x00\x00\x00v\x01\x00\x00</data></write>
    <read><length>12</length><match><data>\xa5Z\x0a\x01\x00\x00\x00\x00\x00\x00\x00\x00</data></match></read>
    <write><data>\xa5Z\x08\x00\x09\x00\x88\x07\x8e\x05\x00\x00</data></write>
    <write><data>\xa5Z\x08\x00\x01\x00\x01\x00\x7d\x01\x00\x00</data></write>
    <read><length>12</length><match><data>\xa5Z\x0a\x01\x00\x00\x00\x00\x00\x00\x00\x00</data></match></read>
    <write><data>\xa5Z\x08\x00\x05\x00\x01\x00\x91\x01\x00\x00</data></write>
    <read><length>12</length><match><data>\xa5Z\x0a\x01\x00\x00\x00\x00\x00\x00\x00\x00</data></match></read>
    <write><data>\xa5Z \x00\x06\x00\x02\x00\x00\x00\x00\x00\x03\x00\x00\x00\xec\x00\x00\x00\x00\x00\x00\x00\x01\x00\x00\x00S\x01\x00\x00V\x1b\x00\x00</data></write>
    <read><length>12</length><match><data>\xa5Z\x0a\x01\x00\x00\x00\x00\x00\x00\x00\x00</data></match></read>
    <write><data>\xa5Z\x08\x00\x07\x00\x00\x00\x94\x01\x00\x00</data></write>
    <read><length>132</length><match><data>\xa5Z\x0a\x01\x01\x00\x07\x00x\x00\x00\x00\x00\x00\x00\x00\x03\x00\x00\x00\xec\x00\x00\x00\x00\x00\x00\x00\x01\x00\x00\x00S\x01\x00\x00\x00\x00\x00\x00\x00\x00\x00\x00\x00\x00\x00\x00\x00\x00\x00\x00\x00\x00\x00\x00\x00\x00\x00\x00\x00\x00\x00\x00\x00\x00\x00\x00\x00\x00\x00\x00\x00\x00\x00\x00\x00\x00\x00\x00\x00\x00\x00\x00\x00\x00\x00\x00\x00\x00\x00\x00\x00\x00\x00\x00\x00\x00\x00\x00\x00\x00\x00\x00\x00\x00\x00\x00\x00\x00\x00\x00\x00\x00\x00\x00\x00\x00\x00\x00\x00\x00\x00\x00\x00\x00\x00\x00\x00\x00\x00\x00</data></match></read>
    <write><data>\xa5Z\x0c\x00\x0a\x00\x00\x00\x00\x00\x00\x00\xaf\x01\x00\x00</data></write>
    <read><length>16</length><match><data>\xa5Z\x0a\x01\x01\x00\x0a\x00\x04\x00\x00\x007H\xe0?</data></match></read>
    <write><data>\xa5Z\x0c\x00\x0a\x00\x00\x00\x00\x00\x00\x00\xaf\x01\x00\x00</data></write>
    <read><length>16</length><match><data>\xa5Z\x0a\x01\x01\x00\x0a\x00\x04\x00\x00\x007H\xe0?</data></match></read>
    <write><data>\xa5Z\x08\x00\x05\x00\x01\x00\x91\x01\x00\x00</data></write>
    <read><length>12</length><match><data>\xa5Z\x0a\x01\x00\x00\x00\x00\x00\x00\x00\x00</data></match></read>
    <write><data>\xa5Z8\x00\x06\x00\x04\x00\x00\x00\x00\x00\x03\x00\x00\x00\x1b\x01\x00\x00\x01\x00\x00\x00\x9d\x16\x00\x00\xc4\x00\x00\x00\x00\x00\x00\x00\x01\x00\x00\x00\xc3\x00\x00\x00\x01\x00\x00\x00\xd92\x00\x00\xde\x00\x00\x00\xe9\xac\x00\x00</data></write>
    <read><length>12</length><match><data>\xa5Z\x0a\x01\x00\x00\x00\x00\x00\x00\x00\x00</data></match></read>
    <write><data>\xa5Z\x08\x00\x01\x00\x00\x00v\x01\x00\x00</data></write>
    <read><length>12</length><match><data>\xa5Z\x0a\x01\x00\x00\x00\x00\x00\x00\x00\x00</data></match></read>
    <write><data>\xa5Z\x10\x00\x03\x00\x08\x00\x40\x1f\x00\x00\xbc\x02\x00\x00\xee\x0e\x00\x00</data></write>
    <read><length>12</length><match><data>\xa5Z\x0a\x01\x00\x00\x00\x00\x00\x00\x00\x00</data></match></read>
    <write><data>\xa5Z\x08\x00\x01\x00\x00\x00v\x01\x00\x00</data></write>
    <read><length>12</length><match><data>\xa5Z\x0a\x01\x00\x00\x00\x00\x00\x00\x00\x00</data></match></read>
    <write><data>\xa5Z\x08\x00\x05\x00\x00\x00\x8a\x01\x00\x00</data></write>
    <read><length>12</length><match><data>\xa5Z\x0a\x01\x00\x00\x00\x00\x00\x00\x00\x00</data></match></read>
    <write><data>\xa5Z\x10\x00\x98M\x00\x00\x00\x00\x00\x00\x00\x00\x00\x00O\x06\x00\x00</data></write>
    <read><length>12</length><match><data>\xa5Z\x0a\x01\x00\x00\x05\x00\x00\x00\x00\x00</data></match></read>
    <write><data>\xa5Z\x10\x00\xfa\xfa\x00\x00\x00\x00\x00\x00\x00\x00\x00\x00G\x0c\x00\x00</data></write>
    <read><length>12</length><match><data>\xa5Z\x0a\x01\x00\x00\x05\x00\x00\x00\x00\x00</data></match></read>
    <write><data>\xa5Z\x08\x00\x01\x00\x00\x00v\x01\x00\x00</data></write>
    <read><length>12</length><match><data>\xa5Z\x0a\x01\x00\x00\x00\x00\x00\x00\x00\x00</data></match></read>
    <write><data>\xa5Z\x08\x00\x07\x00\x00\x00\x94\x01\x00\x00</data></write>
    <read><length>132</length><match><data>\xa5Z\x0a\x01\x01\x00\x07\x00x\x00\x00\x00\x00\x00\x00\x00\x03\x00\x00\x00\x1b\x01\x00\x00\x01\x00\x00\x00\x9d\x16\x00\x00\xc4\x00\x00\x00\x00\x00\x00\x00\x01\x00\x00\x00\xc3\x00\x00\x00\x01\x00\x00\x00\xd92\x00\x00\xde\x00\x00\x00\x00\x00\x00\x00\x00\x00\x00\x00\x00\x00\x00\x00\x00\x00\x00\x00\x00\x00\x00\x00\x00\x00\x00\x00\x00\x00\x00\x00\x00\x00\x00\x00\x00\x00\x00\x00\x00\x00\x00\x00\x00\x00\x00\x00\x00\x00\x00\x00\x00\x00\x00\x00\x00\x00\x00\x00\x00\x00\x00\x00\x00\x00\x00\x00\x00\x00\x00\x00\x00\x00\x00\x00</data></match></read>
    <write><data>\xa5Z\x08\x00\x07\x00\x00\x00\x94\x01\x00\x00</data></write>
    <read><length>132</length><match><data>\xa5Z\x0a\x01\x01\x00\x07\x00x\x00\x00\x00\x00\x00\x00\x00\x03\x00\x00\x00\x1b\x01\x00\x00\x01\x00\x00\x00\x9d\x16\x00\x00\xc4\x00\x00\x00\x00\x00\x00\x00\x01\x00\x00\x00\xc3\x00\x00\x00\x01\x00\x00\x00\xd92\x00\x00\xde\x00\x00\x00\x00\x00\x00\x00\x00\x00\x00\x00\x00\x00\x00\x00\x00\x00\x00\x00\x00\x00\x00\x00\x00\x00\x00\x00\x00\x00\x00\x00\x00\x00\x00\x00\x00\x00\x00\x00\x00\x00\x00\x00\x00\x00\x00\x00\x00\x00\x00\x00\x00\x00\x00\x00\x00\x00\x00\x00\x00\x00\x00\x00\x00\x00\x00\x00\x00\x00\x00\x00\x00\x00\x00\x00</data></match></read>
    <write><data>\xa5Z\x10\x00\xa1\xe7\x00\x00\x00\x00\x00\x00\x00\x00\x00\x00\x18\x0a\x00\x00</data></write>
    <read><length>12</length><match><data>\xa5Z\x0a\x01\x00\x00\x05\x00\x00\x00\x00\x00</data></match></read>
    <write><data>\xa5Z\x10\x00\x03\x00\x03\x00\xb8\x0b\x00\x00 \x03\x00\x00\x5d\x0a\x00\x00</data></write>
    <read><length>12</length><match><data>\xa5Z\x0a\x01\x00\x00\x07\x00\x00\x00\x00\x00</data></match></read>
    <write><data>\xa5Z\x08\x00\x07\x00\x00\x00\x94\x01\x00\x00</data></write>
    <read><length>132</length><match><data>\xa5Z\x0a\x01\x01\x00\x07\x00x\x00\x00\x00\x00\x00\x00\x00\x03\x00\x00\x00\x1b\x01\x00\x00\x01\x00\x00\x00\x9d\x16\x00\x00\xc4\x00\x00\x00\x00\x00\x00\x00\x01\x00\x00\x00\xc3\x00\x00\x00\x01\x00\x00\x00\xd92\x00\x00\xde\x00\x00\x00\x00\x00\x00\x00\x00\x00\x00\x00\x00\x00\x00\x00\x00\x00\x00\x00\x00\x00\x00\x00\x00\x00\x00\x00\x00\x00\x00\x00\x00\x00\x00\x00\x00\x00\x00\x00\x00\x00\x00\x00\x00\x00\x00\x00\x00\x00\x00\x00\x00\x00\x00\x00\x00\x00\x00\x00\x00\x00\x00\x00\x00\x00\x00\x00\x00\x00\x00\x00\x00\x00\x00\x00</data></match></read>
    <write><data>\xa5Z\x08\x00\x02\x00\x04\x01\x9f\x01\x00\x00</data></write>
    <read><length>12</length><match><data>\xa5Z\x0a\x01\x00\x00\x00\x00\x00\x00\x00\x00</data></match></read>
    <write><data>\xa5Z\x08\x00\x01\x00\x01\x00\x7d\x01\x00\x00</data></write>
    <read><length>12</length><match><data>\xa5Z\x0a\x01\x00\x00\x00\x00\x00\x00\x00\x00</data></match></read>
    <write><data>\xa5Z\x0c\x00\x08\x00\x00\x00\x00\x00\x00\x00\xa5\x01\x00\x00</data></write>
    <read><length>36</length><match><data>\xa5Z\x0a\x01\x01\x00\x08\x00\x18\x00\x00\x00\x0a\x01\x00\x00\x04\x01\x00\x00K\x00\x00\x00\x01\x00\x00\x00\x00\x00\x00\x00\x00\x00\x00\x00</data></match></read>
    <write><data>\xa5Z\x08\x00\x02\x00\x3b\x01 \x03\x00\x00</data></write>
    <read><length>12</length><match><data>\xa5Z\x0a\x01\x00\x00\x00\x00\x00\x00\x00\x00</data></match></read>
    <write><data>\xa5Z\x10\x00\x03\x00\x0a\x00\x10\x27\x00\x00p\x17\x00\x00\xe6\x0a\x00\x00</data></write>
    <read><length>12</length><match><data>\xa5Z\x0a\x01\x00\x00\x00\x00\x00\x00\x00\x00</data></match></read>
    <write><data>\xa5Z\x08\x00\x07\x00\x00\x00\x94\x01\x00\x00</data></write>
    <read><length>132</length><match><data>\xa5Z\x0a\x01\x01\x00\x07\x00x\x00\x00\x00\x00\x00\x00\x00\x03\x00\x00\x00\x1b\x01\x00\x00\x01\x00\x00\x00\x9d\x16\x00\x00\xc4\x00\x00\x00\x00\x00\x00\x00\x01\x00\x00\x00\xc3\x00\x00\x00\x01\x00\x00\x00\xd92\x00\x00\xde\x00\x00\x00\x00\x00\x00\x00\x00\x00\x00\x00\x00\x00\x00\x00\x00\x00\x00\x00\x00\x00\x00\x00\x00\x00\x00\x00\x00\x00\x00\x00\x00\x00\x00\x00\x00\x00\x00\x00\x00\x00\x00\x00\x00\x00\x00\x00\x00\x00\x00\x00\x00\x00\x00\x00\x00\x00\x00\x00\x00\x00\x00\x00\x00\x00\x00\x00\x00\x00\x00\x00\x00\x00\x00\x00</data></match></read>
    <write><data>\xa5Z\x10\x00\x03\x00\x04\x00\xa0\x0f\x00\x00\x0c\x17\x00\x00\xc8\x09\x00\x00</data></write>
    <read><length>12</length><match><data>\xa5Z\x0a\x01\x00\x00\x00\x00\x00\x00\x00\x00</data></match></read>
    <write><data>\xa5Z\x08\x00\x09\x00\xc4\x05\x22\x07\x00\x00</data></write>
    <write><data>\xa5Z\x08\x00\x04\x00\x05\x00\xa8\x01\x00\x00</data></write>
    <read><length>12</length><match><data>\xa5Z\x0a\x01\x00\x00\x06\x00\x00\x00\x00\x00</data></match></read>
    <write><data>\xa5Z\x0c\x00\x0a\x00\x00\x00\x00\x00\x00\x00\xaf\x01\x00\x00</data></write>
    <read><length>16</length><match><data>\xa5Z\x0a\x01\x01\x00\x0a\x00\x04\x00\x00\x007H\xe0?</data></match></read>
    <write><data>\xa5Z\x10\x00C\x23\x00\x00\x00\x00\x00\x00\x00\x00\x00\x00\xaa\x03\x00\x00</data></write>
    <read><length>12</length><match><data>\xa5Z\x0a\x01\x00\x00\x05\x00\x00\x00\x00\x00</data></match></read>
    <write><data>\xa5Z\x10\x00\x03\x00\x06\x00p\x17\x00\x00\x1c\x0c\x00\x00\xac\x08\x00\x00</data></write>
    <read><length>12</length><match><data>\xa5Z\x0a\x01\x00\x00\x00\x00\x00\x00\x00\x00</data></match></read>
    <write><data>\xa5Z\x08\x00\x02\x00U\x01\xd6\x03\x00\x00</data></write>
    <read><length>12</length><match><data>\xa5Z\x0a\x01\x00\x00\x00\x00\x00\x00\x00\x00</data></match></read>
    <write><data>\xa5Z\x10\x003\x1f\x00\x00\x00\x00\x00\x00\x00\x00\x00\x00B\x03\x00\x00</data></write>
    <read><length>12</length><match><data>\xa5Z\x0a\x01\x00\x00\x05\x00\x00\x00\x00\x00</data></match></read>
    <write><data>\xa5Z\x08\x00\x04\x00\x03\x00\x9a\x01\x00\x00</data></write>
    <read><length>12</length><match><data>\xa5Z\x0a\x01\x00\x00\x00\x00\x00\x00\x00\x00</data></match></read>
    <write><data>\xa5Z\x08\x00\x05\x00\x01\x00\x91\x01\x00\x00</data></write>
    <read><length>12</length><match><data>\xa5Z\x0a\x01\x00\x00\x00\x00\x00\x00\x00\x00</data></match></read>
    <write><data>\xa5Z\x10\x00\x03\x00\x02\x00\xd0\x07\x00\x00\x98!\x00\x00\xc2\x12\x00\x00</data></write>
    <read><length>12</length><match><data>\xa5Z\x0a\x01\x00\x00\x00\x00\x00\x00\x00\x00</data></match></read>
    <write><data>\xa5Z\x08\x00\x04\x00\x08\x00\xbd\x01\x00\x00</data></write>
    <read><length>12</length><match><data>\xa5Z\x0a\x01\x00\x00\x00\x00\x00\x00\x00\x00</data></match></read>
    <write><data>\xa5Zh\x00\x06\x00\x08\x00\x01\x00\x00\x00\x9d\x09\x00\x00\x5d\x01\x00\x00\x01\x00\x00\x00\x5f5\x00\x00\xe0\x00\x00\x00\x01\x00\x00\x00b\x2b\x00\x00X\x01\x00\x00\x01\x00\x00\x00\x407\x00\x00\x15\x01\x00\x00\x01\x00\x00\x007\x1f\x00\x00\x28\x01\x00\x00\x00\x00\x00\x00\x04\x00\x00\x00\x1b\x01\x00\x00\x00\x00\x00\x00\x04\x00\x00\x00\xbd\x00\x00\x00\x01\x00\x00\x00\x3e\x2c\x00\x00\xdc\x00\x00\x00\xc6c\x01\x00</data></write>
    <read><length>12</length><match><data>\xa5Z\x0a\x01\x00\x00\x00\x00\x00\x00\x00\x00</data></match></read>
    <write><data>\xa5Z\x0c\x00\x08\x00\x00\x00\x00\x00\x00\x00\xa5\x01\x00\x00</data></write>
    <read><length>36</length><match><data>\xa5Z\x0a\x01\x01\x00\x08\x00\x18\x00\x00\x00\x0a\x01\x00\x00U\x01\x00\x00\x3c\x01\x00\x00\x01\x00\x00\x00\x00\x00\x00\x00\x01\x00\x00\x00</data></match></read>
    <write><data>\xa5Z\x0c\x00\x08\x00\x00\x00\x00\x00\x00\x00\xa5\x01\x00\x00</data></write>
    <read><length>36</length><match><data>\xa5Z\x0a\x01\x01\x00\x08\x00\x18\x00\x00\x00\x0a\x01\x00\x00U\x01\x00\x00\x3c\x01\x00\x00\x01\x00\x00\x00\x00\x00\x00\x00\x01\x00\x00\x00</data></match></read>
    <write><data>\xa5Z\x0c\x00\x0a\x00\x00\x00\x00\x00\x00\x00\xaf\x01\x00\x00</data></write>
    <read><length>16</length><match><data>\xa5Z\x0a\x01\x01\x00\x0a\x00\x04\x00\x00\x007H\xe0?</data></match></read>
    <write><data>\xa5Z\x0c\x00\x08\x00\x00\x00\x00\x00\x00\x00\xa5\x01\x00\x00</data></write>
    <read><length>36</length><match><data>\xa5Z\x0a\x01\x01\x00\x08\x00\x18\x00\x00\x00\x0a\x01\x00\x00U\x01\x00\x00\x3c\x01\x00\x00\x01\x00\x00\x00\x00\x00\x00\x00\x01\x00\x00\x00</data></match></read>
    <write><data>\xa5Z\x08\x00\x04\x00\x02\x00\x93\x01\x00\x00</data></write>
    <read><length>12</length><match><data>\xa5Z\x0a\x01\x00\x00\x00\x00\x00\x00\x00\x00</data></match></read>
    <write><data>\xa5Z\x0c\x00\x0a\x00\x00\x00\x00\x00\x00\x00\xaf\x01\x00\x00</data></write>
    <read><length>16</length><match><data>\xa5Z\x0a\x01\x01\x00\x0a\x00\x04\x00\x00\x007H\xe0?</data></match></read>
    <write><data>\xa5Z\x08\x00\x05\x00\x00\x00\x8a\x01\x00\x00</data></write>
    <read><length>12</length><match><data>\xa5Z\x0a\x01\x00\x00\x00\x00\x00\x00\x00\x00</data></match></read>
    <write><data>\xa5Z\x08\x00\x09\x00m\x07\xd1\x04\x00\x00</data></write>
    <write><data>\xa5Z\x10\x00\x03\x00\x05\x00\x88\x13\x00\x00\xd0\x07\x00\x003\x12\x00\x00</data></write>
    <read><length>12</length><match><data>\xa5Z\x0a\x01\x00\x00\x00\x00\x00\x00\x00\x00</data></match></read>
    <write><data>\xa5Z\x2c\x00\x06\x00\x03\x00\x00\x00\x00\x00\x01\x00\x00\x00\x11\x01\x00\x00\x00\x00\x00\x00\x04\x00\x00\x00\xc5\x00\x00\x00\x01\x00\x00\x00y\x09\x00\x00F\x01\x00\x00Y8\x00\x00</data></write>
    <read><length>12</length><match><data>\xa5Z\x0a\x01\x00\x00\x00\x00\x00\x00\x00\x00</data></match></read>
    <write><data>\xa5Z\x0c\x00\x0a\x00\x00\x00\x00\x00\x00\x00\xaf\x01\x00\x00</data></write>
    <read><length>16</length><match><data>\xa5Z\x0a\x01\x01\x00\x0a\x00\x04\x00\x00\x007H\xe0?</data></match></read>
    <write><data>\xa5Z\x0c\x00\x0a\x00\x00\x00\x00\x00\x00\x00\xaf\x01\x00\x00</data></write>
    <read><length>16</length><match><data>\xa5Z\x0a\x01\x01\x00\x0a\x00\x04\x00\x00\x007H\xe0?</data></match></read>
    <write><data>\xa5Z\x08\x00\x02\x00\xe2\x00\xa9\x07\x00\x00</data></write>
    <read><length>12</length><match><data>\xa5Z\x0a\x01\x00\x00\x00\x00\x00\x00\x00\x00</data></match></read>
    <write><data>\xa5Z\x10\x00\x03\x00\x0b\x00\xf8\x2a\x00\x00\x14\x05\x00\x00\x8b\x0d\x00\x00</data></write>
    <read><length>12</length><match><data>\xa5Z\x0a\x01\x00\x00\x00\x00\x00\x00\x00\x00</data></match></read>
    <write><data>\xa5Z\x0c\x00\x0a\x00\x00\x00\x00\x00\x00\x00\xaf\x01\x00\x00</data></write>
    <read><length>16</length><match><data>\xa5Z\x0a\x01\x01\x00\x0a\x00\x04\x00\x00\x007H\xe0?</data></match></read>
    <write><data>\xa5Z\x08\x00\x05\x00\x00\x00\x8a\x01\x00\x00</data></write>
    <read><length>12</length><match><data>\xa5Z\x0a\x01\x00\x00\x00\x00\x00\x00\x00\x00</data></match></read>
    <write><data>\xa5Z\x08\x00\x04\x00\x05\x00\xa8\x01\x00\x00</data></write>
    <read><length>12</length><match><data>\xa5Z\x0a\x01\x00\x00\x00\x00\x00\x00\x00\x00</data></match></read>
    <write><data>\xa5ZD\x00\x06\x00\x05\x00\x00\x00\x00\x00\x0b\x00\x00\x00\xc1\x00\x00\x00\x00\x00\x00\x00\x04\x00\x00\x00\x40\x01\x00\x00\x00\x00\x00\x00\x01\x00\x00\x00B\x01\x00\x00\x00\x00\x00\x00\x0a\x00\x00\x00\xca\x00\x00\x00\x01\x00\x00\x00\x7f\x26\x00\x006\x01\x00\x00\xcd\x83\x00\x00</data></write>
    <read><length>12</length><match><data>\xa5Z\x0a\x01\x00\x00\x00\x00\x00\x00\x00\x00</data></match></read>
    <write><data>\xa5Z\x08\x00\x05\x00\x01\x00\x91\x01\x00\x00</data></write>
    <read><length>12</length><match><data>\xa5Z\x0a\x01\x00\x00\x00\x00\x00\x00\x00\x00</data></match></read>
    <write><data>\xa5Z\x08\x00\x05\x00\x01\x00\x91\x01\x00\x00</data></write>
    <read><length>12</length><match><data>\xa5Z\x0a\x01\x00\x00\x00\x00\x00\x00\x00\x00</data></match></read>
    <write><data>\xa5Z\x08\x00\x05\x00\x01\x00\x91\x01\x00\x00</data></write>
    <read><length>12</length><match><data>\xa5Z\x0a\x01\x00\x00\x00\x00\x00\x00\x00\x00</data></match></read>
    <write><data>\xa5Z\x08\x00\x05\x00\x00\x00\x8a\x01\x00\x00</data></write>
    <read><length>12</length><match><data>\xa5Z\x0a\x01\x00\x00\x00\x00\x00\x00\x00\x00</data></match></read>
    <write><data>\xa5Z\x10\x00\x03\x00\x05\x00\x88\x13\x00\x00\xfc\x08\x00\x00\x7d\x14\x00\x00</data></write>
    <read><length>12</length><match><data>\xa5Z\x0a\x01\x00\x00\x00\x00\x00\x00\x00\x00</data></match></read>
    <write><data>\xa5Z\x08\x00\x05\x00\x01\x00\x91\x01\x00\x00</data></write>
    <read><length>12</length><match><data>\xa5Z\x0a\x01\x00\x00\x00\x00\x00\x00\x00\x00</data></match></read>
    <write><data>\xa5Z\x08\x00\x01\x00\x00\x00v\x01\x00\x00</data></write>
    <read><length>12</length><match><data>\xa5Z\x0a\x01\x00\x00\x00\x00\x00\x00\x00\x00</data></match></read>
    <write><data>\xa5Z\x08\x00\x01\x00\x00\x00v\x01\x00\x00</data></write>
    <read><length>12</length><match><data>\xa5Z\x0a\x01\x00\x00\x00\x00\x00\x00\x00\x00</data></match></read>
    <write><data>\xa5Z\x08\x00\x09\x00\xfc\x01\x8a\x08\x00\x00</data></write>
    <write><data>\xa5Z\x08\x00\x01\x00\x00\x00v\x01\x00\x00</data></write>
    <read><length>12</length><match><data>\xa5Z\x0a\x01\x00\x00\x00\x00\x00\x00\x00\x00</data></match></read>
    <write><data>\xa5Z\x08\x00\x04\x00\x02\x00\x93\x01\x00\x00</data></write>
    <read><length>12</length><match><data>\xa5Z\x0a\x01\x00\x00\x06\x00\x00\x00\x00\x00</data></match></read>
    <write><data>\xa5Z\x0c\x00\x0a\x00\x00\x00\x00\x00\x00\x00\xaf\x01\x00\x00</data></write>
    <read><length>16</length><match><data>\xa5Z\x0a\x01\x01\x00\x0a\x00\x04\x00\x00\x007H\xe0?</data></match></read>
    <write><data>\xa5Z8\x00\x06\x00\x04\x00\x00\x00\x00\x00\x0b\x00\x00\x00\xf3\x00\x00\x00\x01\x00\x00\x00\xc0\x25\x00\x00\xd3\x00\x00\x00\x00\x00\x00\x00\x04\x00\x00\x00\x1b\x01\x00\x00\x01\x00\x00\x00O\x0a\x00\x00\xb6\x00\x00\x00j\x7d\x00\x00</data></write>
    <read><length>12</length><match><data>\xa5Z\x0a\x01\x00\x00\x00\x00\x00\x00\x00\x00</data></match></read>
    <write><data>\xa5Z\x10\x00\x03\x00\x0c\x00\xe0.\x00\x00\x88\x13\x00\x00\x8a\x13\x00\x00</data></write>
    <read><length>12</length><match><data>\xa5Z\x0a\x01\x00\x00\x00\x00\x00\x00\x00\x00</data></match></read>
    <write><data>\xa5Z\x08\x00\x02\x00\xe6\x00\xc5\x07\x00\x00</data></write>
    <read><length>12</length><match><data>\xa5Z\x0a\x01\x00\x00\x00\x00\x00\x00\x00\x00</data></match></read>
    <write><data>\xa5Z\x10\x00\xaa\xa4\x00\x00\x00\x00\x00\x00\x00\x00\x00\x00\xb3\x08\x00\x00</data></write>
    <read><length>12</length><match><data>\xa5Z\x0a\x01\x00\x00\x05\x00\x00\x00\x00\x00</data></match></read>
    <write><data>\xa5Z\x08\x00\x09\x00G\x04\xaf\x03\x00\x00</data></write>
    <write><data>\xa5Z\x08\x00\x04\x00\x07\x00\xb6\x01\x00\x00</data></write>
    <read><length>12</length><match><data>\xa5Z\x0a\x01\x00\x00\x06\x00\x00\x00\x00\x00</data></match></read>
    <write><data>\xa5Z\x10\x00\x03\x00\x04\x00\xa0\x0f\x00\x00l \x00\x00\x26\x0f\x00\x00</data></write>
    <read><length>12</length><match><data>\xa5Z\x0a\x01\x00\x00\x07\x00\x00\x00\x00\x00</data></match></read>
    <write><data>\xa5Z\x08\x00\x04\x00\x07\x00\xb6\x01\x00\x00</data></write>
    <read><length>12</length><match><data>\xa5Z\x0a\x01\x00\x00\x06\x00\x00\x00\x00\x00</data></match></read>
    <write><data>\xa5Z\x08\x00\x05\x00\x00\x00\x8a\x01\x00\x00</data></write>
    <read><length>12</length><match><data>\xa5Z\x0a\x01\x00\x00\x00\x00\x00\x00\x00\x00</data></match></read>
    <write><data>\xa5Z\x08\x00\x01\x00\x00\x00v\x01\x00\x00</data></write>
    <read><length>12</length><match><data>\xa5Z\x0a\x01\x00\x00\x00\x00\x00\x00\x00\x00</data></match></read>
    <write><data>\xa5Z\x10\x00\x03\x00\x0a\x00\x10\x27\x00\x00L\x1d\x00\x00f\x09\x00\x00</data></write>
    <read><length>12</length><match><data>\xa5Z\x0a\x01\x00\x00\x07\x00\x00\x00\x00\x00</data></match></read>
    <write><data>\xa5Z\x10\x00\x03\x00\x09\x00\x28\x23\x00\x00\xac\x26\x00\x00m\x0f\x00\x00</data></write>
    <read><length>12</length><match><data>\xa5Z\x0a\x01\x00\x00\x00\x00\x00\x00\x00\x00</data></match></read>
    <write><data>\xa5Z\x08\x00\x02\x000\x01\xd3\x02\x00\x00</data></write>
    <read><length>12</length><match><data>\xa5Z\x0a\x01\x00\x00\x00\x00\x00\x00\x00\x00</data></match></read>
    <write><data>\xa5Z\x10\x00\xb8\xf1\x00\x00\x00\x00\x00\x00\x00\x00\x00\x00\xc7\x0a\x00\x00</data></write>
    <read><length>12</length><match><data>\xa5Z\x0a\x01\x00\x00\x05\x00\x00\x00\x00\x00</data></match></read>
    <write><data>\xa5Z\x10\x00\x03\x00\x0c\x00\xe0.\x00\x00\x98\x08\x00\x00\xc0\x13\x00\x00</data></write>
    <read><length>12</length><match><data>\xa5Z\x0a\x01\x00\x00\x07\x00\x00\x00\x00\x00</data></match></read>
    <write><data>\xa5ZD\x00\x06\x00\x05\x00\x01\x00\x00\x00\x9f\x0b\x00\x00W\x01\x00\x00\x00\x00\x00\x00\x0b\x00\x00\x00\x0e\x01\x00\x00\x01\x00\x00\x00\x5e\x2c\x00\x00\xe9\x00\x00\x00\x01\x00\x00\x00?\x26\x00\x00\x2d\x01\x00\x00\x01\x00\x00\x00\xd4\x28\x00\x00\xcf\x00\x00\x00w\xdb\x00\x00</data></write>
    <read><length>12</length><match><data>\xa5Z\x0a\x01\x00\x00\x00\x00\x00\x00\x00\x00</data></match></read>
    <write><data>\xa5Z\x0c\x00\x0a\x00\x00\x00\x00\x00\x00\x00\xaf\x01\x00\x00</data></write>
    <read><length>16</length><match><data>\xa5Z\x0a\x01\x01\x00\x0a\x00\x04\x00\x00\x007H\xe0?</data></match></read>
    <write><data>\xa5Z\x08\x00\x09\x00\x23\x01\x9b\x02\x00\x00</data></write>
    <write><data>\xa5Z\x0c\x00\x0a\x00\x00\x00\x00\x00\x00\x00\xaf\x01\x00\x00</data></write>
    <read><length>16</length><match><data>\xa5Z\x0a\x01\x01\x00\x0a\x00\x04\x00\x00\x007H\xe0?</data></match></read>
    <write><data>\xa5Z\x08\x00\x04\x00\x02\x00\x93\x01\x00\x00</data></write>
    <read><length>12</length><match><data>\xa5Z\x0a\x01\x00\x00\x06\x00\x00\x00\x00\x00</data></match></read>
    <write><data>\xa5Z\x08\x00\x04\x00\x05\x00\xa8\x01\x00\x00</data></write>
    <read><length>12</length><match><data>\xa5Z\x0a\x01\x00\x00\x00\x00\x00\x00\x00\x00</data></match></read>
    <write><data>\xa5Z\x08\x00\x05\x00\x01\x00\x91\x01\x00\x00</data></write>
    <read><length>12</length><match><data>\xa5Z\x0a\x01\x00\x00\x00\x00\x00\x00\x00\x00</data></match></read>
    <write><data>\xa5Z\x08\x00\x05\x00\x01\x00\x91\x01\x00\x00</data></write>
    <read><length>12</length><match><data>\xa5Z\x0a\x01\x00\x00\x00\x00\x00\x00\x00\x00</data></match></read>
    <write><data>\xa5Z\x08\x00\x01\x00\x00\x00v\x01\x00\x00</data></write>
    <read><length>12</length><match><data>\xa5Z\x0a\x01\x00\x00\x00\x00\x00\x00\x00\x00</data></match></read>
    <write><data>\xa5Z \x00\x06\x00\x02\x00\x01\x00\x00\x00\x1c\x1c\x00\x00\xed\x00\x00\x00\x00\x00\x00\x00\x0c\x00\x00\x00\x29\x01\x00\x00\x8e\x1a\x00\x00</data></write>
    <read><length>12</length><match><data>\xa5Z\x0a\x01\x00\x00\x00\x00\x00\x00\x00\x00</data></match></read>
    <write><data>\xa5Z\x0c\x00\x08\x00\x00\x00\x00\x00\x00\x00\xa5\x01\x00\x00</data></write>
    <read><length>36</length><match><data>\xa5Z\x0a\x01\x01\x00\x08\x00\x18\x00\x00\x00\x0a\x01\x00\x000\x01\x00\x00K\x00\x00\x00\x00\x00\x00\x00\x00\x00\x00\x00\x01\x00\x00\x00</data></match></read>
    <write><data>\xa5Z\x08\x00\x04\x00\x03\x00\x9a\x01\x00\x00</data></write>
    <read><length>12</length><match><data>\xa5Z\x0a\x01\x00\x00\x06\x00\x00\x00\x00\x00</data></match></read>
    <write><data>\xa5Z\x10\x00i\xcc\x00\x00\x00\x00\x00\x00\x00\x00\x00\x00\x5e\x08\x00\x00</data></write>
    <read><length>12</length><match><data>\xa5Z\x0a\x01\x00\x00\x05\x00\x00\x00\x00\x00</data></match></read>
    <write><data>\xa5Z\x08\x00\x04\x00\x06\x00\xaf\x01\x00\x00</data></write>
    <read><length>12</length><match><data>\xa5Z\x0a\x01\x00\x00\x00\x00\x00\x00\x00\x00</data></match></read>
    <write><data>\xa5Z\x0c\x00\x08\x00\x00\x00\x00\x00\x00\x00\xa5\x01\x00\x00</data></write>
    <read><length>36</length><match><data>\xa5Z\x0a\x01\x01\x00\x08\x00\x18\x00\x00\x00\x0a\x01\x00\x000\x01\x00\x00K\x00\x00\x00\x00\x00\x00\x00\x00\x00\x00\x00\x01\x00\x00\x00</data></match></read>
    <write><data>\xa5Z\x0c\x00\x0a\x00\x00\x00\x00\x00\x00\x00\xaf\x01\x00\x00</data></write>
    <read><length>16</length><match><data>\xa5Z\x0a\x01\x01\x00\x0a\x00\x04\x00\x00\x007H\xe0?</data></match></read>
    <write><data>\xa5Z\x08\x00\x01\x00\x00\x00v\x01\x00\x00</data></write>
    <read><length>12</length><match><data>\xa5Z\x0a\x01\x00\x00\x00\x00\x00\x00\x00\x00</data></match></read>
    <write><data>\xa5Z\x2c\x00\x06\x00\x03\x00\x01\x00\x00\x0001\x00\x00\xb3\x00\x00\x00\x01\x00\x00\x00\x012\x00\x005\x01\x00\x00\x01\x00\x00\x00\xde\x15\x00\x00\xf1\x00\x00\x00ih\x00\x00</data></write>
    <read><length>12</length><match><data>\xa5Z\x0a\x01\x00\x00\x00\x00\x00\x00\x00\x00</data></match></read>
    <write><data>\xa5Z\x0c\x00\x0a\x00\x00\x00\x00\x00\x00\x00\xaf\x01\x00\x00</data></write>
    <read><length>16</length><match><data>\xa5Z\x0a\x01\x01\x00\x0a\x00\x04\x00\x00\x007H\xe0?</data></match></read>
    <write><data>\xa5Z\x0c\x00\x0a\x00\x00\x00\x00\x00\x00\x00\xaf\x01\x00\x00</data></write>
    <read><length>16</length><match><data>\xa5Z\x0a\x01\x01\x00\x0a\x00\x04\x00\x00\x007H\xe0?</data></match></read>
    <write><data>\xa5Z\x08\x00\x09\x00n\x03\xb8\x04\x00\x00</data></write>
    <write><data>\xa5Z\x08\x00\x09\x002\x06\x2c\x03\x00\x00</data></write>
    <write><data>\xa5Z\x0c\x00\x08\x00\x00\x00\x00\x00\x00\x00\xa5\x01\x00\x00</data></write>
    <read><length>36</length><match><data>\xa5Z\x0a\x01\x01\x00\x08\x00\x18\x00\x00\x00\x0a\x01\x00\x000\x01\x00\x00K\x00\x00\x00\x00\x00\x00\x00\x00\x00\x00\x00\x01\x00\x00\x00</data></match></read>
    <write><data>\xa5Z\x08\x00\x07\x00\x00\x00\x94\x01\x00\x00</data></write>
    <read><length>132</length><match><data>\xa5Z\x0a\x01\x01\x00\x07\x00x\x00\x00\x00\x01\x00\x00\x0001\x00\x00\xb3\x00\x00\x00\x01\x00\x00\x00\x012\x00\x005\x01\x00\x00\x01\x00\x00\x00\xde\x15\x00\x00\xf1\x00\x00\x00\x00\x00\x00\x00\x00\x00\x00\x00\x00\x00\x00\x00\x00\x00\x00\x00\x00\x00\x00\x00\x00\x00\x00\x00\x00\x00\x00\x00\x00\x00\x00\x00\x00\x00\x00\x00\x00\x00\x00\x00\x00\x00\x00\x00\x00\x00\x00\x00\x00\x00\x00\x00\x00\x00\x00\x00\x00\x00\x00\x00\x00\x00\x00\x00\x00\x00\x00\x00\x00\x00\x00\x00\x00\x00\x00\x00\x00\x00\x00\x00\x00\x00\x00\x00</data></match></read>
    <write><data>\xa5Z\x08\x00\x04\x00\x07\x00\xb6\x01\x00\x00</data></write>
    <read><length>12</length><match><data>\xa5Z\x0a\x01\x00\x00\x06\x00\x00\x00\x00\x00</data></match></read>
    <write><data>\xa5Z\x0c\x00\x08\x00\x00\x00\x00\x00\x00\x00\xa5\x01\x00\x00</data></write>
    <read><length>36</length><match><data>\xa5Z\x0a\x01\x01\x00\x08\x00\x18\x00\x00\x00\x0a\x01\x00\x000\x01\x00\x00K\x00\x00\x00\x00\x00\x00\x00\x00\x00\x00\x00\x01\x00\x00\x00</data></match></read>
    <write><data>\xa5Z\x08\x00\x07\x00\x00\x00\x94\x01\x00\x00</data></write>
    <read><length>132</length><match><data>\xa5Z\x0a\x01\x01\x00\x07\x00x\x00\x00\x00\x01\x00\x00\x0001\x00\x00\xb3\x00\x00\x00\x01\x00\x00\x00\x012\x00\x005\x01\x00\x00\x01\x00\x00\x00\xde\x15\x00\x00\xf1\x00\x00\x00\x00\x00\x00\x00\x00\x00\x00\x00\x00\x00\x00\x00\x00\x00\x00\x00\x00\x00\x00\x00\x00\x00\x00\x00\x00\x00\x00\x00\x00\x00\x00\x00\x00\x00\x00\x00\x00\x00\x00\x00\x00\x00\x00\x00\x00\x00\x00\x00\x00\x00\x00\x00\x00\x00\x00\x00\x00\x00\x00\x00\x00\x00\x00\x00\x00\x00\x00\x00\x00\x00\x00\x00\x00\x00\x00\x00\x00\x00\x00\x00\x00\x00\x00\x00</data></match></read>
    <write><data>\xa5Z\x08\x00\x07\x00\x00\x00\x94\x01\x00\x00</data></write>
    <read><length>132</length><match><data>\xa5Z\x0a\x01\x01\x00\x07\x00x\x00\x00\x00\x01\x00\x00\x0001\x00\x00\xb3\x00\x00\x00\x01\x00\x00\x00\x012\x00\x005\x01\x00\x00\x01\x00\x00\x00\xde\x15\x00\x00\xf1\x00\x00\x00\x00\x00\x00\x00\x00\x00\x00\x00\x00\x00\x00\x00\x00\x00\x00\x00\x00\x00\x00\x00\x00\x00\x00\x00\x00\x00\x00\x00\x00\x00\x00\x00\x00\x00\x00\x00\x00\x00\x00\x00\x00\x00\x00\x00\x00\x00\x00\x00\x00\x00\x00\x00\x00\x00\x00\x00\x00\x00\x00\x00\x00\x00\x00\x00\x00\x00\x00\x00\x00\x00\x00\x00\x00\x00\x00\x00\x00\x00\x00\x00\x00\x00\x00\x00</data></match></read>
    <write><data>\xa5Z\x0c\x00\x0a\x00\x00\x00\x00\x00\x00\x00\xaf\x01\x00\x00</data></write>
    <read><length>16</length><match><data>\xa5Z\x0a\x01\x01\x00\x0a\x00\x04\x00\x00\x007H\xe0?</data></match></read>
    <write><data>\xa5Z\x08\x00\x09\x00\xc5\x061\x07\x00\x00</data></write>
    <write><data>\xa5Z\x0c\x00\x0a\x00\x00\x00\x00\x00\x00\x00\xaf\x01\x00\x00</data></write>
    <read><length>16</length><match><data>\xa5Z\x0a\x01\x01\x00\x0a\x00\x04\x00\x00\x007H\xe0?</data></match></read>
    <write><data>\xa5Zh\x00\x06\x00\x08\x00\x01\x00\x00\x00\xe85\x00\x00\xc7\x00\x00\x00\x00\x00\x00\x00\x09\x00\x00\x001\x01\x00\x00\x00\x00\x00\x00\x04\x00\x00\x00\xf4\x00\x00\x00\x00\x00\x00\x00\x0a\x00\x00\x00\x3d\x01\x00\x00\x00\x00\x00\x00\x01\x00\x00\x00\xcf\x00\x00\x00\x00\x00\x00\x00\x01\x00\x00\x00\x02\x01\x00\x00\x01\x00\x00\x00\xd4\x0c\x00\x008\x01\x00\x00\x00\x00\x00\x00\x09\x00\x00\x00\x40\x01\x00\x00e\x0d\x01\x00</data></write>
    <read><length>12</length><match><data>\xa5Z\x0a\x01\x00\x00\x00\x00\x00\x00\x00\x00</data></match></read>
    <write><data>\xa5Z\x0c\x00\x0a\x00\x00\x00\x00\x00\x00\x00\xaf\x01\x00\x00</data></write>
    <read><length>16</length><match><data>\xa5Z\x0a\x01\x01\x00\x0a\x00\x04\x00\x00\x007H\xe0?</data></match></read>
    <write><data>\xa5Z\x08\x00\x04\x00\x01\x00\x8c\x01\x00\x00</data></write>
    <read><length>12</length><match><data>\xa5Z\x0a\x01\x00\x00\x00\x00\x00\x00\x00\x00</data></match></read>
    <write><data>\xa5Z\x0c\x00\x08\x00\x00\x00\x00\x00\x00\x00\xa5\x01\x00\x00</data></write>
    <read><length>36</length><match><data>\xa5Z\x0a\x01\x01\x00\x08\x00\x18\x00\x00\x00\x0a\x01\x00\x000\x01\x00\x00K\x00\x00\x00\x00\x00\x00\x00\x00\x00\x00\x00\x01\x00\x00\x00</data></match></read>
    <write><data>\xa5Z\x08\x00\x07\x00\x00\x00\x94\x01\x00\x00</data></write>
    <read><length>132</length><match><data>\xa5Z\x0a\x01\x01\x00\x07\x00x\x00\x00\x00\x01\x00\x00\x00\xe85\x00\x00\xc7\x00\x00\x00\x00\x00\x00\x00\x09\x00\x00\x001\x01\x00\x00\x00\x00\x00\x00\x04\x00\x00\x00\xf4\x00\x00\x00\x00\x00\x00\x00\x0a\x00\x00\x00\x3d\x01\x00\x00\x00\x00\x00\x00\x01\x00\x00\x00\xcf\x00\x00\x00\x00\x00\x00\x00\x01\x00\x00\x00\x02\x01\x00\x00\x01\x00\x00\x00\xd4\x0c\x00\x008\x01\x00\x00\x00\x00\x00\x00\x09\x00\x00\x00\x40\x01\x00\x00\x00\x00\x00\x00\x00\x00\x00\x00\x00\x00\x00\x00\x00\x00\x00\x00\x00\x00\x00\x00\x00\x00\x00\x00</data></match></read>
    <write><data>\xa5Z\x08\x00\x01\x00\x01\x00\x7d\x01\x00\x00</data></write>
    <read><length>12</length><match><data>\xa5Z\x0a\x01\x00\x00\x00\x00\x00\x00\x00\x00</data></match></read>
    <write><data>\xa5ZD\x00\x06\x00\x05\x00\x01\x00\x00\x00I\x08\x00\x00W\x01\x00\x00\x01\x00\x00\x00\x0f\x14\x00\x00:\x01\x00\x00\x00\x00\x00\x00\x09\x00\x00\x00J\x01\x00\x00\x00\x00\x00\x00\x0b\x00\x00\x00\x5c\x01\x00\x00\x01\x00\x00\x00\x2c6\x00\x00\xb5\x00\x00\x00\x1d\x7f\x00\x00</data></write>
    <read><length>12</length><match><data>\xa5Z\x0a\x01\x00\x00\x00\x00\x00\x00\x00\x00</data></match></read>
    <write><data>\xa5Z\x08\x00\x05\x00\x00\x00\x8a\x01\x00\x00</data></write>
    <read><length>12</length><match><data>\xa5Z\x0a\x01\x00\x00\x00\x00\x00\x00\x00\x00</data></match></read>
    <write><data>\xa5Z\x0c\x00\x08\x00\x00\x00\x00\x00\x00\x00\xa5\x01\x00\x00</data></write>
    <read><length>36</length><match><data>\xa5Z\x0a\x01\x01\x00\x08\x00\x18\x00\x00\x00\x0a\x01\x00\x000\x01\x00\x00K\x00\x00\x00\x01\x00\x00\x00\x00\x00\x00\x00\x00\x00\x00\x00</data></match></read>
    <write><data>\xa5Z\x08\x00\x04\x00\x0a\x00\xcb\x01\x00\x00</data></write>
    <read><length>12</length><match><data>\xa5Z\x0a\x01\x00\x00\x00\x00\x00\x00\x00\x00</data></match></read>
    <write><data>\xa5Z\x0c\x00\x0a\x00\x00\x00\x00\x00\x00\x00\xaf\x01\x00\x00</data></write>
    <read><length>16</length><match><data>\xa5Z\x0a\x01\x01\x00\x0a\x00\x04\x00\x00\x007H\xe0?</data></match></read>
    <write><data>\xa5Z\x08\x00\x04\x00\x09\x00\xc4\x01\x00\x00</data></write>
    <read><length>12</length><match><data>\xa5Z\x0a\x01\x00\x00\x00\x00\x00\x00\x00\x00</data></match></read>
    <write><data>\xa5Z\x08\x00\x01\x00\x00\x00v\x01\x00\x00</data></write>
    <read><length>12</length><match><data>\xa5Z\x0a\x01\x00\x00\x00\x00\x00\x00\x00\x00</data></match></read>
    <write><data>\xa5Z\x08\x00\x05\x00\x01\x00\x91\x01\x00\x00</data></write>
    <read><length>12</length><match><data>\xa5Z\x0a\x01\x00\x00\x00\x00\x00\x00\x00\x00</data></match></read>
    <write><data>\xa5Z\x08\x00\x09\x00\x23\x02\xa3\x02\x00\x00</data></write>
    <write><data>\xa5Z\x10\x00\x03\x00\x08\x00\x40\x1f\x00\x00\xbc\x02\x00\x00\xee\x0e\x00\x00</data></write>
    <read><length>12</length><match><data>\xa5Z\x0a\x01\x00\x00\x00\x00\x00\x00\x00\x00</data></match></read>
    <write><data>\xa5Z\x08\x00\x01\x00\x00\x00v\x01\x00\x00</data></write>
    <read><length>12</length><match><data>\xa5Z\x0a\x01\x00\x00\x00\x00\x00\x00\x00\x00</data></match></read>
    <write><data>\xa5Z\x08\x00\x07\x00\x00\x00\x94\x01\x00\x00</data></write>
    <read><length>132</length><match><data>\xa5Z\x0a\x01\x01\x00\x07\x00x\x00\x00\x00\x01\x00\x00\x00I\x08\x00\x00W\x01\x00\x00\x01\x00\x00\x00\x0f\x14\x00\x00:\x01\x00\x00\x00\x00\x00\x00\x09\x00\x00\x00J\x01\x00\x00\x00\x00\x00\x00\x0b\x00\x00\x00\x5c\x01\x00\x00\x01\x00\x00\x00\x2c6\x00\x00\xb5\x00\x00\x00\x00\x00\x00\x00\x00\x00\x00\x00\x00\x00\x00\x00\x00\x00\x00\x00\x00\x00\x00\x00\x00\x00\x00\x00\x00\x00\x00\x00\x00\x00\x00\x00\x00\x00\x00\x00\x00\x00\x00\x00\x00\x00\x00\x00\x00\x00\x00\x00\x00\x00\x00\x00\x00\x00\x00\x00\x00\x00\x00\x00</data></match></read>
    <write><data>\xa5Z\x08\x00\x04\x00\x08\x00\xbd\x01\x00\x00</data></write>
    <read><length>12</length><match><data>\xa5Z\x0a\x01\x00\x00\x00\x00\x00\x00\x00\x00</data></match></read>
    <write><data>\xa5Z \x00\x06\x00\x02\x00\x00\x00\x00\x00\x0b\x00\x00\x00\xc8\x00\x00\x00\x00\x00\x00\x00\x04\x00\x00\x00\xcb\x00\x00\x00\x1f\x27\x00\x00</data></write>
    <read><length>12</length><match><data>\xa5Z\x0a\x01\x00\x00\x00\x00\x00\x00\x00\x00</data></match></read>
    <write><data>\xa5Z\x08\x00\x05\x00\x00\x00\x8a\x01\x00\x00</data></write>
    <read><length>12</length><match><data>\xa5Z\x0a\x01\x00\x00\x00\x00\x00\x00\x00\x00</data></match></read>
    <write><data>\xa5Z\x08\x00\x02\x00\xea\x00\xe1\x07\x00\x00</data></write>
    <read><length>12</length><match><data>\xa5Z\x0a\x01\x00\x00\x00\x00\x00\x00\x00\x00</data></match></read>
    <write><data>\xa5Z\x10\x00\x7e\xb8\x00\x00\x00\x00\x00\x00\x00\x00\x00\x00O\x08\x00\x00</data></write>
    <read><length>12</length><match><data>\xa5Z\x0a\x01\x00\x00\x05\x00\x00\x00\x00\x00</data></match></read>
    <write><data>\xa5Z\x08\x00\x01\x00\x01\x00\x7d\x01\x00\x00</data></write>
    <read><length>12</length><match><data>\xa5Z\x0a\x01\x00\x00\x00\x00\x00\x00\x00\x00</data></match></read>
    <write><data>\xa5Z\x08\x00\x01\x00\x00\x00v\x01\x00\x00</data></write>
    <read><length>12</length><match><data>\xa5Z\x0a\x01\x00\x00\x00\x00\x00\x00\x00\x00</data></match></read>
    <write><data>\xa5Z\x08\x00\x02\x00\x15\x01\x16\x02\x00\x00</data></write>
    <read><length>12</length><match><data>\xa5Z\x0a\x01\x00\x00\x00\x00\x00\x00\x00\x00</data></match></read>
    <write><data>\xa5Z\x08\x00\x05\x00\x00\x00\x8a\x01\x00\x00</data></write>
    <read><length>12</length><match><data>\xa5Z\x0a\x01\x00\x00\x00\x00\x00\x00\x00\x00</data></match></read>
    <write><data>\xa5Zt\x00\x06\x00\x09\x00\x01\x00\x00\x00k\x24\x00\x00\x18\x01\x00\x00\x00\x00\x00\x00\x04\x00\x00\x00\xc4\x00\x00\x00\x01\x00\x00\x00h\x19\x00\x00\xb1\x00\x00\x00\x00\x00\x00\x00\x04\x00\x00\x00\xbe\x00\x00\x00\x01\x00\x00\x00\xb70\x00\x00\xb4\x00\x00\x00\x01\x00\x00\x00\xcc\x2f\x00\x00\xe7\x00\x00\x00\x00\x00\x00\x00\x04\x00\x00\x00\xb7\x00\x00\x00\x01\x00\x00\x00\xb1\x27\x00\x00\xbd\x00\x00\x00\x01\x00\x00\x00\x07\x15\x00\x00W\x01\x00\x00\xe3\x7d\x02\x00</data></write>
    <read><length>12</length><match><data>\xa5Z\x0a\x01\x00\x00\x00\x00\x00\x00\x00\x00</data></match></read>
    <write><data>\xa5Z\x08\x00\x01\x00\x01\x00\x7d\x01\x00\x00</data></write>
    <read><length>12</length><match><data>\xa5Z\x0a\x01\x00\x00\x00\x00\x00\x00\x00\x00</data></match></read>
    <write><data>\xa5Z\x10\x00\x03\x00\x03\x00\xb8\x0b\x00\x00\x3c\x0f\x00\x00q\x0c\x00\x00</data></write>
    <read><length>12</length><match><data>\xa5Z\x0a\x01\x00\x00\x00\x00\x00\x00\x00\x00</data></match></read>
    <write><data>\xa5Z\x08\x00\x04\x00\x01\x00\x8c\x01\x00\x00</data></write>
    <read><length>12</length><match><data>\xa5Z\x0a\x01\x00\x00\x06\x00\x00\x00\x00\x00</data></match></read>
    <write><data>\xa5Z\x80\x00\x06\x00\x0a\x00\x01\x00\x00\x00\xb6\x29\x00\x00\xc1\x00\x00\x00\x00\x00\x00\x00\x04\x00\x00\x000\x01\x00\x00\x01\x00\x00\x00\xf3\x1e\x00\x00C\x01\x00\x00\x01\x00\x00\x00U\x09\x00\x00\xc8\x00\x00\x00\x01\x00\x00\x00X7\x00\x00\xce\x00\x00\x00\x01\x00\x00\x00\x02\x1f\x00\x00\xb6\x00\x00\x00\x01\x00\x00\x00\x5f!\x00\x00\xc4\x00\x00\x00\x01\x00\x00\x00C\x11\x00\x00R\x01\x00\x00\x01\x00\x00\x00Q\x12\x00\x00\xd4\x00\x00\x00\x00\x00\x00\x00\x03\x00\x00\x00P\x01\x00\x00\x5d\x88\x02\x00</data></write>
    <read><length>12</length><match><data>\xa5Z\x0a\x01\x00\x00\x00\x00\x00\x00\x00\x00</data></match></read>
    <write><data>\xa5Z\x0c\x00\x08\x00\x00\x00\x00\x00\x00\x00\xa5\x01\x00\x00</data></write>
    <read><length>36</length><match><data>\xa5Z\x0a\x01\x01\x00\x08\x00\x18\x00\x00\x00\x0a\x01\x00\x00\x15\x01\x00\x00K\x00\x00\x00\x01\x00\x00\x00\x00\x00\x00\x00\x00\x00\x00\x00</data></match></read>
    <write><data>\xa5Z\x08\x00\x05\x00\x00\x00\x8a\x01\x00\x00</data></write>
    <read><length>12</length><match><data>\xa5Z\x0a\x01\x00\x00\x00\x00\x00\x00\x00\x00</data></match></read>
    <write><data>\xa5Z\x08\x00\x05\x00\x00\x00\x8a\x01\x00\x00</data></write>
    <read><length>12</length><match><data>\xa5Z\x0a\x01\x00\x00\x00\x00\x00\x00\x00\x00</data></match></read>
    <write><data>\xa5Z\x08\x00\x01\x00\x01\x00\x7d\x01\x00\x00</data></write>
    <read><length>12</length><match><data>\xa5Z\x0a\x01\x00\x00\x00\x00\x00\x00\x00\x00</data></match></read>
    <write><data>\xa5Z\x0c\x00\x08\x00\x00\x00\x00\x00\x00\x00\xa5\x01\x00\x00</data></write>
    <read><length>36</length><match><data>\xa5Z\x0a\x01\x01\x00\x08\x00\x18\x00\x00\x00\x0a\x01\x00\x00\x15\x01\x00\x00K\x00\x00\x00\x01\x00\x00\x00\x00\x00\x00\x00\x00\x00\x00\x00</data></match></read>
    <write><data>\xa5Z\x08\x00\x04\x00\x0c\x00\xd9\x01\x00\x00</data></write>
    <read><length>12</length><match><data>\xa5Z\x0a\x01\x00\x00\x00\x00\x00\x00\x00\x00</data></match></read>
    <write><data>\xa5Z\x0c\x00\x0a\x00\x00\x00\x00\x00\x00\x00\xaf\x01\x00\x00</data></write>
    <read><length>16</length><match><data>\xa5Z\x0a\x01\x01\x00\x0a\x00\x04\x00\x00\x007H\xe0?</data></match></read>
    <write><data>\xa5Z\x08\x00\x02\x00\xab\x00\x28\x06\x00\x00</data></write>
    <read><length>12</length><match><data>\xa5Z\x0a\x01\x00\x00\x01\x00\x00\x00\x00\x00</data></match></read>
    <write><data>\xa5Z\x08\x00\x05\x00\x01\x00\x91\x01\x00\x00</data></write>
    <read><length>12</length><match><data>\xa5Z\x0a\x01\x00\x00\x00\x00\x00\x00\x00\x00</data></match></read>
    <write><data>\xa5Z\x08\x00\x04\x00\x05\x00\xa8\x01\x00\x00</data></write>
    <read><length>12</length><match><data>\xa5Z\x0a\x01\x00\x00\x06\x00\x00\x00\x00\x00</data></match></read>
    <write><data>\xa5Z\x08\x00\x01\x00\x00\x00v\x01\x00\x00</data></write>
    <read><length>12</length><match><data>\xa5Z\x0a\x01\x00\x00\x00\x00\x00\x00\x00\x00</data></match></read>
    <write><data>\xa5Z\x08\x00\x01\x00\x01\x00\x7d\x01\x00\x00</data></write>
    <read><length>12</length><match><data>\xa5Z\x0a\x01\x00\x00\x00\x00\x00\x00\x00\x00</data></match></read>
    <write><data>\xa5Z\x2c\x00\x06\x00\x03\x00\x01\x00\x00\x00\x27\x29\x00\x00D\x01\x00\x00\x00\x00\x00\x00\x04\x00\x00\x00\xcd\x00\x00\x00\x01\x00\x00\x00\x24\x1e\x00\x00\xf4\x00\x00\x00bS\x00\x00</data></write>
    <read><length>12</length><match><data>\xa5Z\x0a\x01\x00\x00\x00\x00\x00\x00\x00\x00</data></match></read>
    <write><data>\xa5Z\x0c\x00\x0a\x00\x00\x00\x00\x00\x00\x00\xaf\x01\x00\x00</data></write>
    <read><length>16</length><match><data>\xa5Z\x0a\x01\x01\x00\x0a\x00\x04\x00\x00\x007H\xe0?</data></match></read>
    <write><data>\xa5Z\x08\x00\x01\x00\x00\x00v\x01\x00\x00</data></write>
    <read><length>12</length><match><data>\xa5Z\x0a\x01\x00\x00\x00\x00\x00\x00\x00\x00</data></match></read>
    <write><data>\xa5Z\x08\x00\x05\x00\x00\x00\x8a\x01\x00\x00</data></write>
    <read><length>12</length><match><data>\xa5Z\x0a\x01\x00\x00\x00\x00\x00\x00\x00\x00</data></match></read>
    <write><data>\xa5Z\x08\x00\x04\x00\x09\x00\xc4\x01\x00\x00</data></write>
    <read><length>12</length><match><data>\xa5Z\x0a\x01\x00\x00\x06\x00\x00\x00\x00\x00</data></match></read>
    <write><data>\xa5Z\x10\x00\x03\x00\x0b\x00\xf8\x2a\x00\x00\xcc\x10\x00\x00\x7d\x17\x00\x00</data></write>
    <read><length>12</length><match><data>\xa5Z\x0a\x01\x00\x00\x07\x00\x00\x00\x00\x00</data></match></read>
    <write><data>\xa5Z\x08\x00\x07\x00\x00\x00\x94\x01\x00\x00</data></write>
    <read><length>132</length><match><data>\xa5Z\x0a\x01\x01\x00\x07\x00x\x00\x00\x00\x01\x00\x00\x00\x27\x29\x00\x00D\x01\x00\x00\x00\x00\x00\x00\x04\x00\x00\x00\xcd\x00\x00\x00\x01\x00\x00\x00\x24\x1e\x00\x00\xf4\x00\x00\x00\x00\x00\x00\x00\x00\x00\x00\x00\x00\x00\x00\x00\x00\x00\x00\x00\x00\x00\x00\x00\x00\x00\x00\x00\x00\x00\x00\x00\x00\x00\x00\x00\x00\x00\x00\x00\x00\x00\x00\x00\x00\x00\x00\x00\x00\x00\x00\x00\x00\x00\x00\x00\x00\x00\x00\x00\x00\x00\x00\x00\x00\x00\x00\x00\x00\x00\x00\x00\x00\x00\x00\x00\x00\x00\x00\x00\x00\x00\x00\x00\x00\x00\x00\x00</data></match></read>
    <write><data>\xa5Z\x08\x00\x05\x00\x00\x00\x8a\x01\x00\x00</data></write>
    <read><length>12</length><match><data>\xa5Z\x0a\x01\x00\x00\x00\x00\x00\x00\x00\x00</data></match></read>
    <write><data>\xa5Z\x08\x00\x04\x00\x04\x00\xa1\x01\x00\x00</data></write>
    <read><length>12</length><match><data>\xa5Z\x0a\x01\x00\x00\x00\x00\x00\x00\x00\x00</data></match></read>
    <write><data>\xa5Z\x08\x00\x05\x00\x01\x00\x91\x01\x00\x00</data></write>
    <read><length>12</length><match><data>\xa5Z\x0a\x01\x00\x00\x00\x00\x00\x00\x00\x00</data></match></read>
    <write><data>\xa5Z\x08\x00\x01\x00\x01\x00\x7d\x01\x00\x00</data></write>
    <read><length>12</length><match><data>\xa5Z\x0a\x01\x00\x00\x00\x00\x00\x00\x00\x00</data></match></read>
    <write><data>\xa5Z\x08\x00\x09\x00R\x03\xf4\x03\x00\x00</data></write>
    <write><data>\xa5Z\x0c\x00\x08\x00\x00\x00\x00\x00\x00\x00\xa5\x01\x00\x00</data></write>
    <read><length>36</length><match><data>\xa5Z\x0a\x01\x01\x00\x08\x00\x18\x00\x00\x00\x0a\x01\x00\x00\x15\x01\x00\x00\x12\x01\x00\x00\x01\x00\x00\x00\x00\x00\x00\x00\x01\x00\x00\x00</data></match></read>
    <write><data>\xa5Z\x08\x00\x05\x00\x01\x00\x91\x01\x00\x00</data></write>
    <read><length>12</length><match><data>\xa5Z\x0a\x01\x00\x00\x00\x00\x00\x00\x00\x00</data></match></read>
    <write><data>\xa5Z\x0c\x00\x0a\x00\x00\x00\x00\x00\x00\x00\xaf\x01\x00\x00</data></write>
    <read><length>16</length><match><data>\xa5Z\x0a\x01\x01\x00\x0a\x00\x04\x00\x00\x007H\xe0?</data></match></read>
    <write><data>\xa5Z\x0c\x00\x08\x00\x00\x00\x00\x00\x00\x00\xa5\x01\x00\x00</data></write>
    <read><length>36</length><match><data>\xa5Z\x0a\x01\x01\x00\x08\x00\x18\x00\x00\x00\x0a\x01\x00\x00\x15\x01\x00\x00\x12\x01\x00\x00\x01\x00\x00\x00\x00\x00\x00\x00\x01\x00\x00\x00</data></match></read>
    <write><data>\xa5Z8\x00\x06\x00\x04\x00\x01\x00\x00\x00\xac\x25\x00\x00\xc5\x00\x00\x00\x00\x00\x00\x00\x03\x00\x00\x00\x08\x01\x00\x00\x01\x00\x00\x00\xe24\x00\x00J\x01\x00\x00\x01\x00\x00\x00r\x1a\x00\x00\x3e\x01\x00\x00\x12x\x00\x00</data></write>
    <read><length>12</length><match><data>\xa5Z\x0a\x01\x00\x00\x00\x00\x00\x00\x00\x00</data></match></read>
    <write><data>\xa5Z\x08\x00\x09\x00\xa6\x04H\x06\x00\x00</data></write>
    <write><data>\xa5Z\x08\x00\x05\x00\x01\x00\x91\x01\x00\x00</data></write>
    <read><length>12</length><match><data>\xa5Z\x0a\x01\x00\x00\x00\x00\x00\x00\x00\x00</data></match></read>
    <write><data>\xa5Z\x0c\x00\x08\x00\x00\x00\x00\x00\x00\x00\xa5\x01\x00\x00</data></write>
    <read><length>36</length><match><data>\xa5Z\x0a\x01\x01\x00\x08\x00\x18\x00\x00\x00\x0a\x01\x00\x00\x15\x01\x00\x00\x17\x01\x00\x00\x01\x00\x00\x00\x00\x00\x00\x00\x01\x00\x00\x00</data></match></read>
    <write><data>\xa5Z\x08\x00\x07\x00\x00\x00\x94\x01\x00\x00</data></write>
    <read><length>132</length><match><data>\xa5Z\x0a\x01\x01\x00\x07\x00x\x00\x00\x00\x01\x00\x00\x00\xac\x25\x00\x00\xc5\x00\x00\x00\x00\x00\x00\x00\x03\x00\x00\x00\x08\x01\x00\x00\x01\x00\x00\x00\xe24\x00\x00J\x01\x00\x00\x01\x00\x00\x00r\x1a\x00\x00\x3e\x01\x00\x00\x00\x00\x00\x00\x00\x00\x00\x00\x00\x00\x00\x00\x00\x00\x00\x00\x00\x00\x00\x00\x00\x00\x00\x00\x00\x00\x00\x00\x00\x00\x00\x00\x00\x00\x00\x00\x00\x00\x00\x00\x00\x00\x00\x00\x00\x00\x00\x00\x00\x00\x00\x00\x00\x00\x00\x00\x00\x00\x00\x00\x00\x00\x00\x00\x00\x00\x00\x00\x00\x00\x00\x00</data></match></read>
    <write><data>\xa5Z\x10\x00b\x7f\x00\x00\x00\x00\x00\x00\x00\x00\x00\x00m\x06\x00\x00</data></write>
    <read><length>12</length><match><data>\xa5Z\x0a\x01\x00\x00\x05\x00\x00\x00\x00\x00</data></match></read>
    <write><data>\xa5Z8\x00\x06\x00\x04\x00\x01\x00\x00\x00\x81\x16\x00\x00\x3c\x01\x00\x00\x00\x00\x00\x00\x03\x00\x00\x00N\x01\x00\x00\x01\x00\x00\x00\xd3\x0b\x00\x00\x0f\x01\x00\x00\x01\x00\x00\x00\xa15\x00\x00\x5e\x01\x00\x00\x29w\x00\x00</data></write>
    <read><length>12</length><match><data>\xa5Z\x0a\x01\x00\x00\x00\x00\x00\x00\x00\x00</data></match></read>
    <write><data>\xa5Z\x08\x00\x07\x00\x00\x00\x94\x01\x00\x00</data></write>
    <read><length>132</length><match><data>\xa5Z\x0a\x01\x01\x00\x07\x00x\x00\x00\x00\x01\x00\x00\x00\x81\x16\x00\x00\x3c\x01\x00\x00\x00\x00\x00\x00\x03\x00\x00\x00N\x01\x00\x00\x01\x00\x00\x00\xd3\x0b\x00\x00\x0f\x01\x00\x00\x01\x00\x00\x00\xa15\x00\x00\x5e\x01\x00\x00\x00\x00\x00\x00\x00\x00\x00\x00\x00\x00\x00\x00\x00\x00\x00\x00\x00\x00\x00\x00\x00\x00\x00\x00\x00\x00\x00\x00\x00\x00\x00\x00\x00\x00\x00\x00\x00\x00\x00\x00\x00\x00\x00\x00\x00\x00\x00\x00\x00\x00\x00\x00\x00\x00\x00\x00\x00\x00\x00\x00\x00\x00\x00\x00\x00\x00\x00\x00\x00\x00\x00\x00</data></match></read>
    <write><data>\xa5Z\x08\x00\x01\x00\x01\x00\x7d\x01\x00\x00</data></write>
    <read><length>12</length><match><data>\xa5Z\x0a\x01\x00\x00\x00\x00\x00\x00\x00\x00</data></match></read>
    <write><data>\xa5Z\x08\x00\x01\x00\x00\x00v\x01\x00\x00</data></write>
    <read><length>12</length><match><data>\xa5Z\x0a\x01\x00\x00\x00\x00\x00\x00\x00\x00</data></match></read>
    <write><data>\xa5Z \x00\x06\x00\x02\x00\x00\x00\x00\x00\x03\x00\x00\x00B\x01\x00\x00\x01\x00\x00\x00\xab2\x00\x00\x3d\x01\x00\x00c\x23\x00\x00</data></write>
    <read><length>12</length><match><data>\xa5Z\x0a\x01\x00\x00\x00\x00\x00\x00\x00\x00</data></match></read>
    <write><data>\xa5Z\x08\x00\x05\x00\x00\x00\x8a\x01\x00\x00</data></write>
    <read><length>12</length><match><data>\xa5Z\x0a\x01\x00\x00\x00\x00\x00\x00\x00\x00</data></match></read>
    <write><data>\xa5Z\x10\x00WI\x00\x00\x00\x00\x00\x00\x00\x00\x00\x00\xf2\x04\x00\x00</data></write>
    <read><length>12</length><match><data>\xa5Z\x0a\x01\x00\x00\x05\x00\x00\x00\x00\x00</data></match></read>
    <write><data>\xa5Z\x08\x00\x01\x00\x00\x00v\x01\x00\x00</data></write>
    <read><length>12</length><match><data>\xa5Z\x0a\x01\x00\x00\x00\x00\x00\x00\x00\x00</data></match></read>
    <write><data>\xa5Z\x0c\x00\x0a\x00\x00\x00\x00\x00\x00\x00\xaf\x01\x00\x00</data></write>
    <read><length>16</length><match><data>\xa5Z\x0a\x01\x01\x00\x0a\x00\x04\x00\x00\x007H\xe0?</data></match></read>
    <write><data>\xa5Z \x00\x06\x00\x02\x00\x00\x00\x00\x00\x0b\x00\x00\x00\xd5\x00\x00\x00\x01\x00\x00\x00\xfa5\x00\x00\x12\x01\x00\x00\xa20\x00\x00</data></write>
    <read><length>12</length><match><data>\xa5Z\x0a\x01\x00\x00\x00\x00\x00\x00\x00\x00</data></match></read>
    <write><data>\xa5Z\x0c\x00\x0a\x00\x00\x00\x00\x00\x00\x00\xaf\x01\x00\x00</data></write>
    <read><length>16</length><match><data>\xa5Z\x0a\x01\x01\x00\x0a\x00\x04\x00\x00\x007H\xe0?</data></match></read>
    <write><data>\xa5Z\x08\x00\x02\x00\x9a\x00\xb1\x05\x00\x00</data></write>
    <read><length>12</length><match><data>\xa5Z\x0a\x01\x00\x00\x01\x00\x00\x00\x00\x00</data></match></read>
    <write><data>\xa5Z\x08\x00\x05\x00\x01\x00\x91\x01\x00\x00</data></write>
    <read><length>12</length><match><data>\xa5Z\x0a\x01\x00\x00\x00\x00\x00\x00\x00\x00</data></match></read>
    <write><data>\xa5Z\x0c\x00\x08\x00\x00\x00\x00\x00\x00\x00\xa5\x01\x00\x00</data></write>
    <read><length>36</length><match><data>\xa5Z\x0a\x01\x01\x00\x08\x00\x18\x00\x00\x00\x0a\x01\x00\x00\x15\x01\x00\x00\x17\x01\x00\x00\x00\x00\x00\x00\x00\x00\x00\x00\x01\x00\x00\x00</data></match></read>
    <write><data>\xa5Z\x10\x00\x03\x00\x08\x00\x40\x1f\x00\x00P\x14\x00\x00n\x0a\x00\x00</data></write>
    <read><length>12</length><match><data>\xa5Z\x0a\x01\x00\x00\x00\x00\x00\x00\x00\x00</data></match></read>
    <write><data>\xa5Z\x08\x00\x04\x00\x04\x00\xa1\x01\x00\x00</data></write>
    <read><length>12</length><match><data>\xa5Z\x0a\x01\x00\x00\x06\x00\x00\x00\x00\x00</data></match></read>
    <write><data>\xa5Z\x08\x00\x09\x00\x5d\x07a\x04\x00\x00</data></write>
    <write><data>\xa5Z\x08\x00\x02\x00\x0f\x01\xec\x01\x00\x00</data></write>
    <read><length>12</length><match><data>\xa5Z\x0a\x01\x00\x00\x00\x00\x00\x00\x00\x00</data></match></read>
    <write><data>\xa5Z\x0c\x00\x08\x00\x00\x00\x00\x00\x00\x00\xa5\x01\x00\x00</data></write>
    <read><length>36</length><match><data>\xa5Z\x0a\x01\x01\x00\x08\x00\x18\x00\x00\x00\x0a\x01\x00\x00\x0f\x01\x00\x00K\x00\x00\x00\x00\x00\x00\x00\x00\x00\x00\x00\x01\x00\x00\x00</data></match></read>
    <write><data>\xa5Z\x0c\x00\x08\x00\x00\x00\x00\x00\x00\x00\xa5\x01\x00\x00</data></write>
    <read><length>36</length><match><data>\xa5Z\x0a\x01\x01\x00\x08\x00\x18\x00\x00\x00\x0a\x01\x00\x00\x0f\x01\x00\x00K\x00\x00\x00\x00\x00\x00\x00\x00\x00\x00\x00\x01\x00\x00\x00</data></match></read>
    <write><data>\xa5Z\x0c\x00\x0a\x00\x00\x00\x00\x00\x00\x00\xaf\x01\x00\x00</data></write>
    <read><length>16</length><match><data>\xa5Z\x0a\x01\x01\x00\x0a\x00\x04\x00\x00\x007H\xe0?</data></match></read>
    <write><data>\xa5ZD\x00\x06\x00\x05\x00\x00\x00\x00\x00\x08\x00\x00\x00\x09\x01\x00\x00\x01\x00\x00\x00\x25\x14\x00\x00\x28\x01\x00\x00\x00\x00\x00\x00\x0b\x00\x00\x00\xd4\x00\x00\x00\x00\x00\x00\x00\x08\x00\x00\x00\xff\x00\x00\x00\x00\x00\x00\x00\x08\x00\x00\x00\xb8\x00\x00\x00W\x98\x00\x00</data></write>
    <read><length>12</length><match><data>\xa5Z\x0a\x01\x00\x00\x00\x00\x00\x00\x00\x00</data></match></read>
    <write><data>\xa5Z\x10\x00\x03\x00\x0b\x00\xf8\x2a\x00\x00\x3c\x0f\x00\x00\x1f\x10\x00\x00</data></write>
    <read><length>12</length><match><data>\xa5Z\x0a\x01\x00\x00\x07\x00\x00\x00\x00\x00</data></match></read>
    <write><data>\xa5Z\x5c\x00\x06\x00\x07\x00\x01\x00\x00\x00\x01\x22\x00\x00\x26\x01\x00\x00\x01\x00\x00\x00\xad\x08\x00\x00\xd7\x00\x00\x00\x01\x00\x00\x00\xe7\x12\x00\x00\x03\x01\x00\x00\x01\x00\x00\x001\x29\x00\x00T\x01\x00\x00\x01\x00\x00\x00\xfd!\x00\x00 \x01\x00\x00\x00\x00\x00\x00\x0b\x00\x00\x00\x5b\x01\x00\x00\x01\x00\x00\x00\x81\x14\x00\x00\xca\x00\x00\x004\x5d\x01\x00</data></write>
    <read><length>12</length><match><data>\xa5Z\x0a\x01\x00\x00\x00\x00\x00\x00\x00\x00</data></match></read>
    <write><data>\xa5Z\x08\x00\x04\x00\x09\x00\xc4\x01\x00\x00</data></write>
    <read><length>12</length><match><data>\xa5Z\x0a\x01\x00\x00\x06\x00\x00\x00\x00\x00</data></match></read>
    <write><data>\xa5Zh\x00\x06\x00\x08\x00\x01\x00\x00\x00\xee\x19\x00\x00\xc3\x00\x00\x00\x00\x00\x00\x00\x0b\x00\x00\x00\xba\x00\x00\x00\x01\x00\x00\x00\xd7\x2d\x00\x00\x01\x01\x00\x00\x00\x00\x00\x00\x03\x00\x00\x007\x01\x00\x00\x01\x00\x00\x00\x80\x1f\x00\x00\x24\x01\x00\x00\x00\x00\x00\x00\x0b\x00\x00\x00\xda\x00\x00\x00\x01\x00\x00\x00\xa64\x00\x00S\x01\x00\x00\x01\x00\x00\x00\x0e!\x00\x00\xd2\x00\x00\x00v\xa5\x01\x00</data></write>
    <read><length>12</length><match><data>\xa5Z\x0a\x01\x00\x00\x00\x00\x00\x00\x00\x00</data></match></read>
    <write><data>\xa5Z\x08\x00\x09\x00U\x02\x01\x04\x00\x00</data></write>
    <write><data>\xa5Z\x0c\x00\x0a\x00\x00\x00\x00\x00\x00\x00\xaf\x01\x00\x00</data></write>
    <read><length>16</length><match><data>\xa5Z\x0a\x01\x01\x00\x0a\x00\x04\x00\x00\x007H\xe0?</data></match></read>
    <write><data>\xa5Z\x0c\x00\x0a\x00\x00\x00\x00\x00\x00\x00\xaf\x01\x00\x00</data></write>
    <read><length>16</length><match><data>\xa5Z\x0a\x01\x01\x00\x0a\x00\x04\x00\x00\x007H\xe0?</data></match></read>
    <write><data>\xa5Z\x08\x00\x04\x00\x0c\x00\xd9\x01\x00\x00</data></write>
    <read><length>12</length><match><data>\xa5Z\x0a\x01\x00\x00\x06\x00\x00\x00\x00\x00</data></match></read>
    <write><data>\xa5Z\x08\x00\x09\x00\xf5\x03i\x08\x00\x00</data></write>
    <write><data>\xa5Z\x10\x00\xc9\xeb\x00\x00\x00\x00\x00\x00\x00\x00\x00\x00\xf8\x0a\x00\x00</data></write>
    <read><length>12</length><match><data>\xa5Z\x0a\x01\x00\x00\x05\x00\x00\x00\x00\x00</data></match></read>
    <write><data>\xa5Z\x10\x00\x9e\xe3\x00\x00\x00\x00\x00\x00\x00\x00\x00\x00\xf1\x09\x00\x00</data></write>
    <read><length>12</length><match><data>\xa5Z\x0a\x01\x00\x00\x05\x00\x00\x00\x00\x00</data></match></read>
    <write><data>\xa5Z\x08\x00\x01\x00\x00\x00v\x01\x00\x00</data></write>
    <read><length>12</length><match><data>\xa5Z\x0a\x01\x00\x00\x00\x00\x00\x00\x00\x00</data></match></read>
    <write><data>\xa5Z\x08\x00\x07\x00\x00\x00\x94\x01\x00\x00</data></write>
    <read><length>132</length><match><data>\xa5Z\x0a\x01\x01\x00\x07\x00x\x00\x00\x00\x01\x00\x00\x00\xee\x19\x00\x00\xc3\x00\x00\x00\x00\x00\x00\x00\x0b\x00\x00\x00\xba\x00\x00\x00\x01\x00\x00\x00\xd7\x2d\x00\x00\x01\x01\x00\x00\x00\x00\x00\x00\x03\x00\x00\x007\x01\x00\x00\x01\x00\x00\x00\x80\x1f\x00\x00\x24\x01\x00\x00\x00\x00\x00\x00\x0b\x00\x00\x00\xda\x00\x00\x00\x01\x00\x00\x00\xa64\x00\x00S\x01\x00\x00\x01\x00\x00\x00\x0e!\x00\x00\xd2\x00\x00\x00\x00\x00\x00\x00\x00\x00\x00\x00\x00\x00\x00\x00\x00\x00\x00\x00\x00\x00\x00\x00\x00\x00\x00\x00</data></match></read>
    <write><data>\xa5Zt\x00\x06\x00\x09\x00\x01\x00\x00\x00\xb9\x07\x00\x00\xe2\x00\x00\x00\x00\x00\x00\x00\x0b\x00\x00\x00\xc5\x00\x00\x00\x01\x00\x00\x00\xb9\x16\x00\x00\xef\x00\x00\x00\x01\x00\x00\x00\x046\x00\x00\xe5\x00\x00\x00\x01\x00\x00\x00\x90\x2f\x00\x005\x01\x00\x00\x01\x00\x00\x00\xda.\x00\x00\xc5\x00\x00\x00\x01\x00\x00\x00\xf4\x22\x00\x008\x01\x00\x00\x00\x00\x00\x00\x0b\x00\x00\x00\xcd\x00\x00\x00\x00\x00\x00\x00\x0b\x00\x00\x00H\x01\x00\x00\xbd\x5f\x02\x00</data></write>
    <read><length>12</length><match><data>\xa5Z\x0a\x01\x00\x00\x00\x00\x00\x00\x00\x00</data></match></read>
    <write><data>\xa5Z\x08\x00\x05\x00\x00\x00\x8a\x01\x00\x00</data></write>
    <read><length>12</length><match><data>\xa5Z\x0a\x01\x00\x00\x00\x00\x00\x00\x00\x00</data></match></read>
    <write><data>\xa5Z\x0c\x00\xff\x00\x00\x00\x00\x00\x00\x00x\x06\x00\x00</data></write>
</replay>
</pov>