<?xml version="1.0" standalone="no" ?>
<!DOCTYPE pov SYSTEM "/usr/share/cgc-docs/replay.dtd">
<pov>
<cbid>service</cbid>
<seed>d556d6da36907f630b5ba026db287905a9d0c809f8de15f10b35ffb1c892ac031fb503449b77cb065f9d58f47471974b</seed>
<replay>
    <write><data>\xa5Z\x0c\x00\x0a\x00\x00\x00\x00\x00\x00\x00\xaf\x01\x00\x00</data></write>
    <read><length>16</length><match><data>\xa5Z\x0a\x01\x01\x00\x0a\x00\x04\x00\x00\x00\xa5\x3d\xdc?</data></match></read>
    <write><data>\xa5Z\x08\x00\x04\x00\x08\x00\xbd\x01\x00\x00</data></write>
    <read><length>12</length><match><data>\xa5Z\x0a\x01\x00\x00\x06\x00\x00\x00\x00\x00</data></match></read>
    <write><data>\xa5Z\x0c\x00\xff\x00\x00\x00\x00\x00\x00\x00x\x06\x00\x00</data></write>
</replay>
</pov>