<?xml version="1.0" standalone="no" ?>
<!DOCTYPE pov SYSTEM "/usr/share/cgc-docs/replay.dtd">
<pov>
<cbid>service</cbid>
<seed>d10afb76f718e196315594c54fafd3443dd7ef07c07ba0069c617fd687ec5d95c92adf78394dab5f9859b1ccfd254616</seed>
<replay>
    <write><data>\xa5Z\x0c\x00\x0a\x00\x00\x00\x00\x00\x00\x00\xaf\x01\x00\x00</data></write>
    <read><length>16</length><match><data>\xa5Z\x0a\x01\x01\x00\x0a\x00\x04\x00\x00\x00\x8f\xa0\x2f\x40</data></match></read>
    <write><data>\xa5Z\x2c\x00\x06\x00\x03\x00\x00\x00\x00\x00\x00\x00\x00\x00F\x01\x00\x00\x01\x00\x00\x00\x8f\x0a\x00\x00\xcb\x00\x00\x00\x01\x00\x00\x00\x24\x12\x00\x006\x01\x00\x00\xa8\x3d\x00\x00</data></write>
    <read><length>12</length><match><data>\xa5Z\x0a\x01\x00\x00\x00\x00\x00\x00\x00\x00</data></match></read>
    <write><data>\xa5Z\x08\x00\x04\x00\x04\x00\xa1\x01\x00\x00</data></write>
    <read><length>12</length><match><data>\xa5Z\x0a\x01\x00\x00\x06\x00\x00\x00\x00\x00</data></match></read>
    <write><data>\xa5Z\x5c\x00\x06\x00\x07\x00\x01\x00\x00\x00\x3b.\x00\x00\xec\x00\x00\x00\x00\x00\x00\x00\x00\x00\x00\x00\xcd\x00\x00\x00\x00\x00\x00\x00\x00\x00\x00\x00\xe1\x00\x00\x00\x01\x00\x00\x00\xd81\x00\x00\xfd\x00\x00\x00\x01\x00\x00\x00\xf6\x08\x00\x00\xe5\x00\x00\x00\x01\x00\x00\x00\x80\x09\x00\x00\xf6\x00\x00\x00\x00\x00\x00\x00\x00\x00\x00\x00\xf6\x00\x00\x00\x7d\xf8\x01\x00</data></write>
    <read><length>12</length><match><data>\xa5Z\x0a\x01\x00\x00\x00\x00\x00\x00\x00\x00</data></match></read>
    <write><data>\xa5Z\x08\x00\x04\x00\x03\x00\x9a\x01\x00\x00</data></write>
    <read><length>12</length><match><data>\xa5Z\x0a\x01\x00\x00\x06\x00\x00\x00\x00\x00</data></match></read>
    <write><data>\xa5Z\x0c\x00\x0a\x00\x00\x00\x00\x00\x00\x00\xaf\x01\x00\x00</data></write>
    <read><length>16</length><match><data>\xa5Z\x0a\x01\x01\x00\x0a\x00\x04\x00\x00\x00\x8f\xa0\x2f\x40</data></match></read>
    <write><data>\xa5Z\x0c\x00\x08\x00\x00\x00\x00\x00\x00\x00\xa5\x01\x00\x00</data></write>
    <read><length>36</length><match><data>\xa5Z\x0a\x01\x01\x00\x08\x00\x18\x00\x00\x00\x0a\x01\x00\x00\x00\x00\x00\x00K\x00\x00\x00\x00\x00\x00\x00\x00\x00\x00\x00\x00\x00\x00\x00</data></match></read>
    <write><data>\xa5Z\x08\x00\x09\x00j\x03\x9c\x04\x00\x00</data></write>
    <write><data>\xa5Z\x10\x00\xfei\x00\x00\x00\x00\x00\x00\x00\x00\x00\x00\xf5\x08\x00\x00</data></write>
    <read><length>12</length><match><data>\xa5Z\x0a\x01\x00\x00\x05\x00\x00\x00\x00\x00</data></match></read>
    <write><data>\xa5Z\x08\x00\x07\x00\x00\x00\x94\x01\x00\x00</data></write>
    <read><length>132</length><match><data>\xa5Z\x0a\x01\x01\x00\x07\x00x\x00\x00\x00\x01\x00\x00\x00\x3b.\x00\x00\xec\x00\x00\x00\x00\x00\x00\x00\x00\x00\x00\x00\xcd\x00\x00\x00\x00\x00\x00\x00\x00\x00\x00\x00\xe1\x00\x00\x00\x01\x00\x00\x00\xd81\x00\x00\xfd\x00\x00\x00\x01\x00\x00\x00\xf6\x08\x00\x00\xe5\x00\x00\x00\x01\x00\x00\x00\x80\x09\x00\x00\xf6\x00\x00\x00\x00\x00\x00\x00\x00\x00\x00\x00\xf6\x00\x00\x00\x00\x00\x00\x00\x00\x00\x00\x00\x00\x00\x00\x00\x00\x00\x00\x00\x00\x00\x00\x00\x00\x00\x00\x00\x00\x00\x00\x00\x00\x00\x00\x00\x00\x00\x00\x00</data></match></read>
    <write><data>\xa5Z\x0c\x00\x0a\x00\x00\x00\x00\x00\x00\x00\xaf\x01\x00\x00</data></write>
    <read><length>16</length><match><data>\xa5Z\x0a\x01\x01\x00\x0a\x00\x04\x00\x00\x00\x8f\xa0\x2f\x40</data></match></read>
    <write><data>\xa5Z\x08\x00\x05\x00\x01\x00\x91\x01\x00\x00</data></write>
    <read><length>12</length><match><data>\xa5Z\x0a\x01\x00\x00\x00\x00\x00\x00\x00\x00</data></match></read>
    <write><data>\xa5Z\x08\x00\x05\x00\x01\x00\x91\x01\x00\x00</data></write>
    <read><length>12</length><match><data>\xa5Z\x0a\x01\x00\x00\x00\x00\x00\x00\x00\x00</data></match></read>
    <write><data>\xa5Z\x08\x00\x04\x00\x04\x00\xa1\x01\x00\x00</data></write>
    <read><length>12</length><match><data>\xa5Z\x0a\x01\x00\x00\x06\x00\x00\x00\x00\x00</data></match></read>
    <write><data>\xa5Z\x08\x00\x07\x00\x00\x00\x94\x01\x00\x00</data></write>
    <read><length>132</length><match><data>\xa5Z\x0a\x01\x01\x00\x07\x00x\x00\x00\x00\x01\x00\x00\x00\x3b.\x00\x00\xec\x00\x00\x00\x00\x00\x00\x00\x00\x00\x00\x00\xcd\x00\x00\x00\x00\x00\x00\x00\x00\x00\x00\x00\xe1\x00\x00\x00\x01\x00\x00\x00\xd81\x00\x00\xfd\x00\x00\x00\x01\x00\x00\x00\xf6\x08\x00\x00\xe5\x00\x00\x00\x01\x00\x00\x00\x80\x09\x00\x00\xf6\x00\x00\x00\x00\x00\x00\x00\x00\x00\x00\x00\xf6\x00\x00\x00\x00\x00\x00\x00\x00\x00\x00\x00\x00\x00\x00\x00\x00\x00\x00\x00\x00\x00\x00\x00\x00\x00\x00\x00\x00\x00\x00\x00\x00\x00\x00\x00\x00\x00\x00\x00</data></match></read>
    <write><data>\xa5Z\x0c\x00\x08\x00\x00\x00\x00\x00\x00\x00\xa5\x01\x00\x00</data></write>
    <read><length>36</length><match><data>\xa5Z\x0a\x01\x01\x00\x08\x00\x18\x00\x00\x00\x0a\x01\x00\x00\x00\x00\x00\x00K\x00\x00\x00\x00\x00\x00\x00\x00\x00\x00\x00\x01\x00\x00\x00</data></match></read>
    <write><data>\xa5Z\x08\x00\x01\x00\x00\x00v\x01\x00\x00</data></write>
    <read><length>12</length><match><data>\xa5Z\x0a\x01\x00\x00\x00\x00\x00\x00\x00\x00</data></match></read>
    <write><data>\xa5Z\x08\x00\x05\x00\x01\x00\x91\x01\x00\x00</data></write>
    <read><length>12</length><match><data>\xa5Z\x0a\x01\x00\x00\x00\x00\x00\x00\x00\x00</data></match></read>
    <write><data>\xa5Z\x08\x00\x02\x00\xcb\x00\x08\x07\x00\x00</data></write>
    <read><length>12</length><match><data>\xa5Z\x0a\x01\x00\x00\x00\x00\x00\x00\x00\x00</data></match></read>
    <write><data>\xa5Z\x08\x00\x02\x00\xd6\x00U\x07\x00\x00</data></write>
    <read><length>12</length><match><data>\xa5Z\x0a\x01\x00\x00\x00\x00\x00\x00\x00\x00</data></match></read>
    <write><data>\xa5Z\x0c\x00\x0a\x00\x00\x00\x00\x00\x00\x00\xaf\x01\x00\x00</data></write>
    <read><length>16</length><match><data>\xa5Z\x0a\x01\x01\x00\x0a\x00\x04\x00\x00\x00\x8f\xa0\x2f\x40</data></match></read>
    <write><data>\xa5Z\x0c\x00\x08\x00\x00\x00\x00\x00\x00\x00\xa5\x01\x00\x00</data></write>
    <read><length>36</length><match><data>\xa5Z\x0a\x01\x01\x00\x08\x00\x18\x00\x00\x00\x0a\x01\x00\x00\xd6\x00\x00\x00K\x00\x00\x00\x00\x00\x00\x00\x00\x00\x00\x00\x01\x00\x00\x00</data></match></read>
    <write><data>\xa5Z\x08\x00\x05\x00\x00\x00\x8a\x01\x00\x00</data></write>
    <read><length>12</length><match><data>\xa5Z\x0a\x01\x00\x00\x00\x00\x00\x00\x00\x00</data></match></read>
    <write><data>\xa5Z\x08\x00\x07\x00\x00\x00\x94\x01\x00\x00</data></write>
    <read><length>132</length><match><data>\xa5Z\x0a\x01\x01\x00\x07\x00x\x00\x00\x00\x01\x00\x00\x00\x3b.\x00\x00\xec\x00\x00\x00\x00\x00\x00\x00\x00\x00\x00\x00\xcd\x00\x00\x00\x00\x00\x00\x00\x00\x00\x00\x00\xe1\x00\x00\x00\x01\x00\x00\x00\xd81\x00\x00\xfd\x00\x00\x00\x01\x00\x00\x00\xf6\x08\x00\x00\xe5\x00\x00\x00\x01\x00\x00\x00\x80\x09\x00\x00\xf6\x00\x00\x00\x00\x00\x00\x00\x00\x00\x00\x00\xf6\x00\x00\x00\x00\x00\x00\x00\x00\x00\x00\x00\x00\x00\x00\x00\x00\x00\x00\x00\x00\x00\x00\x00\x00\x00\x00\x00\x00\x00\x00\x00\x00\x00\x00\x00\x00\x00\x00\x00</data></match></read>
    <write><data>\xa5Z\x08\x00\x05\x00\x00\x00\x8a\x01\x00\x00</data></write>
    <read><length>12</length><match><data>\xa5Z\x0a\x01\x00\x00\x00\x00\x00\x00\x00\x00</data></match></read>
    <write><data>\xa5Z\x08\x00\x05\x00\x01\x00\x91\x01\x00\x00</data></write>
    <read><length>12</length><match><data>\xa5Z\x0a\x01\x00\x00\x00\x00\x00\x00\x00\x00</data></match></read>
    <write><data>\xa5Z\x08\x00\x05\x00\x01\x00\x91\x01\x00\x00</data></write>
    <read><length>12</length><match><data>\xa5Z\x0a\x01\x00\x00\x00\x00\x00\x00\x00\x00</data></match></read>
    <write><data>\xa5Z\x10\x00\x03\x00\x01\x00\xe8\x03\x00\x00\x84\x03\x00\x00\xc3\x10\x00\x00</data></write>
    <read><length>12</length><match><data>\xa5Z\x0a\x01\x00\x00\x00\x00\x00\x00\x00\x00</data></match></read>
    <write><data>\xa5Z\x10\x00M\x12\x00\x00\x00\x00\x00\x00\x00\x00\x00\x00v\x03\x00\x00</data></write>
    <read><length>12</length><match><data>\xa5Z\x0a\x01\x00\x00\x05\x00\x00\x00\x00\x00</data></match></read>
    <write><data>\xa5Z\x08\x00\x05\x00\x01\x00\x91\x01\x00\x00</data></write>
    <read><length>12</length><match><data>\xa5Z\x0a\x01\x00\x00\x00\x00\x00\x00\x00\x00</data></match></read>
    <write><data>\xa5Z\x08\x00\x01\x00\x00\x00v\x01\x00\x00</data></write>
    <read><length>12</length><match><data>\xa5Z\x0a\x01\x00\x00\x00\x00\x00\x00\x00\x00</data></match></read>
    <write><data>\xa5Z\x08\x00\x09\x00\xa8\x03N\x06\x00\x00</data></write>
    <write><data>\xa5Z\x0c\x00\x08\x00\x00\x00\x00\x00\x00\x00\xa5\x01\x00\x00</data></write>
    <read><length>36</length><match><data>\xa5Z\x0a\x01\x01\x00\x08\x00\x18\x00\x00\x00\x0a\x01\x00\x00\xd6\x00\x00\x00K\x00\x00\x00\x00\x00\x00\x00\x00\x00\x00\x00\x01\x00\x00\x00</data></match></read>
    <write><data>\xa5Z\x10\x00\xc6X\x00\x00\x00\x00\x00\x00\x00\x00\x00\x00w\x07\x00\x00</data></write>
    <read><length>12</length><match><data>\xa5Z\x0a\x01\x00\x00\x05\x00\x00\x00\x00\x00</data></match></read>
    <write><data>\xa5Z\x08\x00\x09\x00\x5f\x03O\x04\x00\x00</data></write>
    <write><data>\xa5Z\x08\x00\x05\x00\x01\x00\x91\x01\x00\x00</data></write>
    <read><length>12</length><match><data>\xa5Z\x0a\x01\x00\x00\x00\x00\x00\x00\x00\x00</data></match></read>
    <write><data>\xa5Z\x08\x00\x05\x00\x01\x00\x91\x01\x00\x00</data></write>
    <read><length>12</length><match><data>\xa5Z\x0a\x01\x00\x00\x00\x00\x00\x00\x00\x00</data></match></read>
    <write><data>\xa5Z\x08\x00\x05\x00\x01\x00\x91\x01\x00\x00</data></write>
    <read><length>12</length><match><data>\xa5Z\x0a\x01\x00\x00\x00\x00\x00\x00\x00\x00</data></match></read>
    <write><data>\xa5Z\x10\x00\x03\x00\x0b\x00\xf8\x2a\x00\x00\xc4\x22\x00\x00\x11\x18\x00\x00</data></write>
    <read><length>12</length><match><data>\xa5Z\x0a\x01\x00\x00\x00\x00\x00\x00\x00\x00</data></match></read>
    <write><data>\xa5Z\x0c\x00\x08\x00\x00\x00\x00\x00\x00\x00\xa5\x01\x00\x00</data></write>
    <read><length>36</length><match><data>\xa5Z\x0a\x01\x01\x00\x08\x00\x18\x00\x00\x00\x0a\x01\x00\x00\xd6\x00\x00\x00K\x00\x00\x00\x00\x00\x00\x00\x00\x00\x00\x00\x01\x00\x00\x00</data></match></read>
    <write><data>\xa5Z\x08\x00\x07\x00\x00\x00\x94\x01\x00\x00</data></write>
    <read><length>132</length><match><data>\xa5Z\x0a\x01\x01\x00\x07\x00x\x00\x00\x00\x01\x00\x00\x00\x3b.\x00\x00\xec\x00\x00\x00\x00\x00\x00\x00\x00\x00\x00\x00\xcd\x00\x00\x00\x00\x00\x00\x00\x00\x00\x00\x00\xe1\x00\x00\x00\x01\x00\x00\x00\xd81\x00\x00\xfd\x00\x00\x00\x01\x00\x00\x00\xf6\x08\x00\x00\xe5\x00\x00\x00\x01\x00\x00\x00\x80\x09\x00\x00\xf6\x00\x00\x00\x00\x00\x00\x00\x00\x00\x00\x00\xf6\x00\x00\x00\x00\x00\x00\x00\x00\x00\x00\x00\x00\x00\x00\x00\x00\x00\x00\x00\x00\x00\x00\x00\x00\x00\x00\x00\x00\x00\x00\x00\x00\x00\x00\x00\x00\x00\x00\x00</data></match></read>
    <write><data>\xa5Z\x10\x00\x03\x00\x06\x00p\x17\x00\x00\x28\x0a\x00\x00\x2c\x09\x00\x00</data></write>
    <read><length>12</length><match><data>\xa5Z\x0a\x01\x00\x00\x00\x00\x00\x00\x00\x00</data></match></read>
    <write><data>\xa5Z\x08\x00\x01\x00\x00\x00v\x01\x00\x00</data></write>
    <read><length>12</length><match><data>\xa5Z\x0a\x01\x00\x00\x00\x00\x00\x00\x00\x00</data></match></read>
    <write><data>\xa5Z\x08\x00\x09\x00\xd6\x02\x88\x07\x00\x00</data></write>
    <write><data>\xa5Z\x0c\x00\x0a\x00\x00\x00\x00\x00\x00\x00\xaf\x01\x00\x00</data></write>
    <read><length>16</length><match><data>\xa5Z\x0a\x01\x01\x00\x0a\x00\x04\x00\x00\x00\x8f\xa0\x2f\x40</data></match></read>
    <write><data>\xa5Z\x0c\x00\x08\x00\x00\x00\x00\x00\x00\x00\xa5\x01\x00\x00</data></write>
    <read><length>36</length><match><data>\xa5Z\x0a\x01\x01\x00\x08\x00\x18\x00\x00\x00\x0a\x01\x00\x00\xd6\x00\x00\x00K\x00\x00\x00\x00\x00\x00\x00\x00\x00\x00\x00\x01\x00\x00\x00</data></match></read>
    <write><data>\xa5Z\x10\x00\xb8L\x00\x00\x00\x00\x00\x00\x00\x00\x00\x00\xe9\x06\x00\x00</data></write>
    <read><length>12</length><match><data>\xa5Z\x0a\x01\x00\x00\x05\x00\x00\x00\x00\x00</data></match></read>
    <write><data>\xa5Z\x08\x00\x02\x00\xdd\x00\x86\x07\x00\x00</data></write>
    <read><length>12</length><match><data>\xa5Z\x0a\x01\x00\x00\x00\x00\x00\x00\x00\x00</data></match></read>
    <write><data>\xa5Z\x0c\x00\x08\x00\x00\x00\x00\x00\x00\x00\xa5\x01\x00\x00</data></write>
    <read><length>36</length><match><data>\xa5Z\x0a\x01\x01\x00\x08\x00\x18\x00\x00\x00\x0a\x01\x00\x00\xdd\x00\x00\x00K\x00\x00\x00\x00\x00\x00\x00\x00\x00\x00\x00\x01\x00\x00\x00</data></match></read>
    <write><data>\xa5Z\x08\x00\x07\x00\x00\x00\x94\x01\x00\x00</data></write>
    <read><length>132</length><match><data>\xa5Z\x0a\x01\x01\x00\x07\x00x\x00\x00\x00\x01\x00\x00\x00\x3b.\x00\x00\xec\x00\x00\x00\x00\x00\x00\x00\x00\x00\x00\x00\xcd\x00\x00\x00\x00\x00\x00\x00\x00\x00\x00\x00\xe1\x00\x00\x00\x01\x00\x00\x00\xd81\x00\x00\xfd\x00\x00\x00\x01\x00\x00\x00\xf6\x08\x00\x00\xe5\x00\x00\x00\x01\x00\x00\x00\x80\x09\x00\x00\xf6\x00\x00\x00\x00\x00\x00\x00\x00\x00\x00\x00\xf6\x00\x00\x00\x00\x00\x00\x00\x00\x00\x00\x00\x00\x00\x00\x00\x00\x00\x00\x00\x00\x00\x00\x00\x00\x00\x00\x00\x00\x00\x00\x00\x00\x00\x00\x00\x00\x00\x00\x00</data></match></read>
    <write><data>\xa5Z\x10\x00\x03\x00\x01\x00\xe8\x03\x00\x00T\x24\x00\x00!\x10\x00\x00</data></write>
    <read><length>12</length><match><data>\xa5Z\x0a\x01\x00\x00\x07\x00\x00\x00\x00\x00</data></match></read>
    <write><data>\xa5Z\x10\x00\x03\x00\x05\x00\x88\x13\x00\x00\x10\x27\x00\x003\x0a\x00\x00</data></write>
    <read><length>12</length><match><data>\xa5Z\x0a\x01\x00\x00\x00\x00\x00\x00\x00\x00</data></match></read>
    <write><data>\xa5Z\x08\x00\x04\x00\x09\x00\xc4\x01\x00\x00</data></write>
    <read><length>12</length><match><data>\xa5Z\x0a\x01\x00\x00\x06\x00\x00\x00\x00\x00</data></match></read>
    <write><data>\xa5Z\x08\x00\x09\x00\x60\x06n\x04\x00\x00</data></write>
    <write><data>\xa5Z\x0c\x00\x0a\x00\x00\x00\x00\x00\x00\x00\xaf\x01\x00\x00</data></write>
    <read><length>16</length><match><data>\xa5Z\x0a\x01\x01\x00\x0a\x00\x04\x00\x00\x00\x8f\xa0\x2f\x40</data></match></read>
    <write><data>\xa5Z\x10\x00\x9e\xad\x00\x00\x00\x00\x00\x00\x00\x00\x00\x00\xad\x08\x00\x00</data></write>
    <read><length>12</length><match><data>\xa5Z\x0a\x01\x00\x00\x05\x00\x00\x00\x00\x00</data></match></read>
    <write><data>\xa5Z\x08\x00\x01\x00\x01\x00\x7d\x01\x00\x00</data></write>
    <read><length>12</length><match><data>\xa5Z\x0a\x01\x00\x00\x00\x00\x00\x00\x00\x00</data></match></read>
    <write><data>\xa5Z\x10\x00\xa9\x2d\x00\x00\x00\x00\x00\x00\x00\x00\x00\x00\xe4\x05\x00\x00</data></write>
    <read><length>12</length><match><data>\xa5Z\x0a\x01\x00\x00\x05\x00\x00\x00\x00\x00</data></match></read>
    <write><data>\xa5Z\x08\x00\x01\x00\x00\x00v\x01\x00\x00</data></write>
    <read><length>12</length><match><data>\xa5Z\x0a\x01\x00\x00\x00\x00\x00\x00\x00\x00</data></match></read>
    <write><data>\xa5Z\x08\x00\x09\x00L\x02\xc2\x03\x00\x00</data></write>
    <write><data>\xa5Z\x08\x00\x07\x00\x00\x00\x94\x01\x00\x00</data></write>
    <read><length>132</length><match><data>\xa5Z\x0a\x01\x01\x00\x07\x00x\x00\x00\x00\x01\x00\x00\x00\x3b.\x00\x00\xec\x00\x00\x00\x00\x00\x00\x00\x00\x00\x00\x00\xcd\x00\x00\x00\x00\x00\x00\x00\x00\x00\x00\x00\xe1\x00\x00\x00\x01\x00\x00\x00\xd81\x00\x00\xfd\x00\x00\x00\x01\x00\x00\x00\xf6\x08\x00\x00\xe5\x00\x00\x00\x01\x00\x00\x00\x80\x09\x00\x00\xf6\x00\x00\x00\x00\x00\x00\x00\x00\x00\x00\x00\xf6\x00\x00\x00\x00\x00\x00\x00\x00\x00\x00\x00\x00\x00\x00\x00\x00\x00\x00\x00\x00\x00\x00\x00\x00\x00\x00\x00\x00\x00\x00\x00\x00\x00\x00\x00\x00\x00\x00\x00</data></match></read>
    <write><data>\xa5Z\x08\x00\x07\x00\x00\x00\x94\x01\x00\x00</data></write>
    <read><length>132</length><match><data>\xa5Z\x0a\x01\x01\x00\x07\x00x\x00\x00\x00\x01\x00\x00\x00\x3b.\x00\x00\xec\x00\x00\x00\x00\x00\x00\x00\x00\x00\x00\x00\xcd\x00\x00\x00\x00\x00\x00\x00\x00\x00\x00\x00\xe1\x00\x00\x00\x01\x00\x00\x00\xd81\x00\x00\xfd\x00\x00\x00\x01\x00\x00\x00\xf6\x08\x00\x00\xe5\x00\x00\x00\x01\x00\x00\x00\x80\x09\x00\x00\xf6\x00\x00\x00\x00\x00\x00\x00\x00\x00\x00\x00\xf6\x00\x00\x00\x00\x00\x00\x00\x00\x00\x00\x00\x00\x00\x00\x00\x00\x00\x00\x00\x00\x00\x00\x00\x00\x00\x00\x00\x00\x00\x00\x00\x00\x00\x00\x00\x00\x00\x00\x00</data></match></read>
    <write><data>\xa5Z\x10\x00\x03\x00\x01\x00\xe8\x03\x00\x00\xec\x13\x00\x00\xeb\x16\x00\x00</data></write>
    <read><length>12</length><match><data>\xa5Z\x0a\x01\x00\x00\x07\x00\x00\x00\x00\x00</data></match></read>
    <write><data>\xa5Z\x10\x00\x11T\x00\x00\x00\x00\x00\x00\x00\x00\x00\x00\xd6\x03\x00\x00</data></write>
    <read><length>12</length><match><data>\xa5Z\x0a\x01\x00\x00\x05\x00\x00\x00\x00\x00</data></match></read>
    <write><data>\xa5Z\x08\x00\x05\x00\x01\x00\x91\x01\x00\x00</data></write>
    <read><length>12</length><match><data>\xa5Z\x0a\x01\x00\x00\x00\x00\x00\x00\x00\x00</data></match></read>
    <write><data>\xa5Z\x0c\x00\x08\x00\x00\x00\x00\x00\x00\x00\xa5\x01\x00\x00</data></write>
    <read><length>36</length><match><data>\xa5Z\x0a\x01\x01\x00\x08\x00\x18\x00\x00\x00\x0a\x01\x00\x00\xdd\x00\x00\x00K\x00\x00\x00\x00\x00\x00\x00\x00\x00\x00\x00\x01\x00\x00\x00</data></match></read>
    <write><data>\xa5Z\x08\x00\x05\x00\x00\x00\x8a\x01\x00\x00</data></write>
    <read><length>12</length><match><data>\xa5Z\x0a\x01\x00\x00\x00\x00\x00\x00\x00\x00</data></match></read>
    <write><data>\xa5Z\x08\x00\x04\x00\x0c\x00\xd9\x01\x00\x00</data></write>
    <read><length>12</length><match><data>\xa5Z\x0a\x01\x00\x00\x06\x00\x00\x00\x00\x00</data></match></read>
    <write><data>\xa5Z\x10\x00\x06q\x00\x00\x00\x00\x00\x00\x00\x00\x00\x00M\x04\x00\x00</data></write>
    <read><length>12</length><match><data>\xa5Z\x0a\x01\x00\x00\x05\x00\x00\x00\x00\x00</data></match></read>
    <write><data>\xa5Z\x08\x00\x05\x00\x01\x00\x91\x01\x00\x00</data></write>
    <read><length>12</length><match><data>\xa5Z\x0a\x01\x00\x00\x00\x00\x00\x00\x00\x00</data></match></read>
    <write><data>\xa5Z\x08\x00\x05\x00\x00\x00\x8a\x01\x00\x00</data></write>
    <read><length>12</length><match><data>\xa5Z\x0a\x01\x00\x00\x00\x00\x00\x00\x00\x00</data></match></read>
    <write><data>\xa5Z\x0c\x00\x08\x00\x00\x00\x00\x00\x00\x00\xa5\x01\x00\x00</data></write>
    <read><length>36</length><match><data>\xa5Z\x0a\x01\x01\x00\x08\x00\x18\x00\x00\x00\x0a\x01\x00\x00\xdd\x00\x00\x00K\x00\x00\x00\x00\x00\x00\x00\x00\x00\x00\x00\x00\x00\x00\x00</data></match></read>
    <write><data>\xa5Z\x10\x00I\x2c\x00\x00\x00\x00\x00\x00\x00\x00\x00\x00\xfe\x03\x00\x00</data></write>
    <read><length>12</length><match><data>\xa5Z\x0a\x01\x00\x00\x05\x00\x00\x00\x00\x00</data></match></read>
    <write><data>\xa5Z\x0c\x00\x08\x00\x00\x00\x00\x00\x00\x00\xa5\x01\x00\x00</data></write>
    <read><length>36</length><match><data>\xa5Z\x0a\x01\x01\x00\x08\x00\x18\x00\x00\x00\x0a\x01\x00\x00\xdd\x00\x00\x00K\x00\x00\x00\x00\x00\x00\x00\x00\x00\x00\x00\x00\x00\x00\x00</data></match></read>
    <write><data>\xa5Z\x08\x00\x05\x00\x01\x00\x91\x01\x00\x00</data></write>
    <read><length>12</length><match><data>\xa5Z\x0a\x01\x00\x00\x00\x00\x00\x00\x00\x00</data></match></read>
    <write><data>\xa5Z\x08\x00\x01\x00\x01\x00\x7d\x01\x00\x00</data></write>
    <read><length>12</length><match><data>\xa5Z\x0a\x01\x00\x00\x00\x00\x00\x00\x00\x00</data></match></read>
    <write><data>\xa5Z\x08\x00\x07\x00\x00\x00\x94\x01\x00\x00</data></write>
    <read><length>132</length><match><data>\xa5Z\x0a\x01\x01\x00\x07\x00x\x00\x00\x00\x01\x00\x00\x00\x3b.\x00\x00\xec\x00\x00\x00\x00\x00\x00\x00\x00\x00\x00\x00\xcd\x00\x00\x00\x00\x00\x00\x00\x00\x00\x00\x00\xe1\x00\x00\x00\x01\x00\x00\x00\xd81\x00\x00\xfd\x00\x00\x00\x01\x00\x00\x00\xf6\x08\x00\x00\xe5\x00\x00\x00\x01\x00\x00\x00\x80\x09\x00\x00\xf6\x00\x00\x00\x00\x00\x00\x00\x00\x00\x00\x00\xf6\x00\x00\x00\x00\x00\x00\x00\x00\x00\x00\x00\x00\x00\x00\x00\x00\x00\x00\x00\x00\x00\x00\x00\x00\x00\x00\x00\x00\x00\x00\x00\x00\x00\x00\x00\x00\x00\x00\x00</data></match></read>
    <write><data>\xa5Z\x0c\x00\x0a\x00\x00\x00\x00\x00\x00\x00\xaf\x01\x00\x00</data></write>
    <read><length>16</length><match><data>\xa5Z\x0a\x01\x01\x00\x0a\x00\x04\x00\x00\x00\x8f\xa0\x2f\x40</data></match></read>
    <write><data>\xa5Z\x08\x00\x01\x00\x00\x00v\x01\x00\x00</data></write>
    <read><length>12</length><match><data>\xa5Z\x0a\x01\x00\x00\x00\x00\x00\x00\x00\x00</data></match></read>
    <write><data>\xa5Z\x10\x00\x7b:\x00\x00\x00\x00\x00\x00\x00\x00\x00\x00L\x05\x00\x00</data></write>
    <read><length>12</length><match><data>\xa5Z\x0a\x01\x00\x00\x05\x00\x00\x00\x00\x00</data></match></read>
    <write><data>\xa5Z\x08\x00\x07\x00\x00\x00\x94\x01\x00\x00</data></write>
    <read><length>132</length><match><data>\xa5Z\x0a\x01\x01\x00\x07\x00x\x00\x00\x00\x01\x00\x00\x00\x3b.\x00\x00\xec\x00\x00\x00\x00\x00\x00\x00\x00\x00\x00\x00\xcd\x00\x00\x00\x00\x00\x00\x00\x00\x00\x00\x00\xe1\x00\x00\x00\x01\x00\x00\x00\xd81\x00\x00\xfd\x00\x00\x00\x01\x00\x00\x00\xf6\x08\x00\x00\xe5\x00\x00\x00\x01\x00\x00\x00\x80\x09\x00\x00\xf6\x00\x00\x00\x00\x00\x00\x00\x00\x00\x00\x00\xf6\x00\x00\x00\x00\x00\x00\x00\x00\x00\x00\x00\x00\x00\x00\x00\x00\x00\x00\x00\x00\x00\x00\x00\x00\x00\x00\x00\x00\x00\x00\x00\x00\x00\x00\x00\x00\x00\x00\x00</data></match></read>
    <write><data>\xa5Z\x08\x00\x02\x002\x01\xe1\x02\x00\x00</data></write>
    <read><length>12</length><match><data>\xa5Z\x0a\x01\x00\x00\x00\x00\x00\x00\x00\x00</data></match></read>
    <write><data>\xa5Z\x08\x00\x05\x00\x01\x00\x91\x01\x00\x00</data></write>
    <read><length>12</length><match><data>\xa5Z\x0a\x01\x00\x00\x00\x00\x00\x00\x00\x00</data></match></read>
    <write><data>\xa5Z\x08\x00\x04\x00\x05\x00\xa8\x01\x00\x00</data></write>
    <read><length>12</length><match><data>\xa5Z\x0a\x01\x00\x00\x00\x00\x00\x00\x00\x00</data></match></read>
    <write><data>\xa5Z\x08\x00\x01\x00\x00\x00v\x01\x00\x00</data></write>
    <read><length>12</length><match><data>\xa5Z\x0a\x01\x00\x00\x00\x00\x00\x00\x00\x00</data></match></read>
    <write><data>\xa5Z\x08\x00\x05\x00\x00\x00\x8a\x01\x00\x00</data></write>
    <read><length>12</length><match><data>\xa5Z\x0a\x01\x00\x00\x00\x00\x00\x00\x00\x00</data></match></read>
    <write><data>\xa5Z\x0c\x00\x08\x00\x00\x00\x00\x00\x00\x00\xa5\x01\x00\x00</data></write>
    <read><length>36</length><match><data>\xa5Z\x0a\x01\x01\x00\x08\x00\x18\x00\x00\x00\x0a\x01\x00\x002\x01\x00\x00K\x00\x00\x00\x00\x00\x00\x00\x00\x00\x00\x00\x00\x00\x00\x00</data></match></read>
    <write><data>\xa5Z\x08\x00\x07\x00\x00\x00\x94\x01\x00\x00</data></write>
    <read><length>132</length><match><data>\xa5Z\x0a\x01\x01\x00\x07\x00x\x00\x00\x00\x01\x00\x00\x00\x3b.\x00\x00\xec\x00\x00\x00\x00\x00\x00\x00\x00\x00\x00\x00\xcd\x00\x00\x00\x00\x00\x00\x00\x00\x00\x00\x00\xe1\x00\x00\x00\x01\x00\x00\x00\xd81\x00\x00\xfd\x00\x00\x00\x01\x00\x00\x00\xf6\x08\x00\x00\xe5\x00\x00\x00\x01\x00\x00\x00\x80\x09\x00\x00\xf6\x00\x00\x00\x00\x00\x00\x00\x00\x00\x00\x00\xf6\x00\x00\x00\x00\x00\x00\x00\x00\x00\x00\x00\x00\x00\x00\x00\x00\x00\x00\x00\x00\x00\x00\x00\x00\x00\x00\x00\x00\x00\x00\x00\x00\x00\x00\x00\x00\x00\x00\x00</data></match></read>
    <write><data>\xa5Z\x08\x00\x07\x00\x00\x00\x94\x01\x00\x00</data></write>
    <read><length>132</length><match><data>\xa5Z\x0a\x01\x01\x00\x07\x00x\x00\x00\x00\x01\x00\x00\x00\x3b.\x00\x00\xec\x00\x00\x00\x00\x00\x00\x00\x00\x00\x00\x00\xcd\x00\x00\x00\x00\x00\x00\x00\x00\x00\x00\x00\xe1\x00\x00\x00\x01\x00\x00\x00\xd81\x00\x00\xfd\x00\x00\x00\x01\x00\x00\x00\xf6\x08\x00\x00\xe5\x00\x00\x00\x01\x00\x00\x00\x80\x09\x00\x00\xf6\x00\x00\x00\x00\x00\x00\x00\x00\x00\x00\x00\xf6\x00\x00\x00\x00\x00\x00\x00\x00\x00\x00\x00\x00\x00\x00\x00\x00\x00\x00\x00\x00\x00\x00\x00\x00\x00\x00\x00\x00\x00\x00\x00\x00\x00\x00\x00\x00\x00\x00\x00</data></match></read>
    <write><data>\xa5Z\x0c\x00\x0a\x00\x00\x00\x00\x00\x00\x00\xaf\x01\x00\x00</data></write>
    <read><length>16</length><match><data>\xa5Z\x0a\x01\x01\x00\x0a\x00\x04\x00\x00\x00\x8f\xa0\x2f\x40</data></match></read>
    <write><data>\xa5Z\x08\x00\x05\x00\x01\x00\x91\x01\x00\x00</data></write>
    <read><length>12</length><match><data>\xa5Z\x0a\x01\x00\x00\x00\x00\x00\x00\x00\x00</data></match></read>
    <write><data>\xa5Z\x08\x00\x01\x00\x00\x00v\x01\x00\x00</data></write>
    <read><length>12</length><match><data>\xa5Z\x0a\x01\x00\x00\x00\x00\x00\x00\x00\x00</data></match></read>
    <write><data>\xa5Z\x08\x00\x01\x00\x00\x00v\x01\x00\x00</data></write>
    <read><length>12</length><match><data>\xa5Z\x0a\x01\x00\x00\x00\x00\x00\x00\x00\x00</data></match></read>
    <write><data>\xa5Z\x5c\x00\x06\x00\x07\x00\x00\x00\x00\x00\x0b\x00\x00\x00\x0f\x01\x00\x00\x01\x00\x00\x00\x13\x10\x00\x00\x24\x01\x00\x00\x00\x00\x00\x00\x01\x00\x00\x00\xb3\x00\x00\x00\x00\x00\x00\x00\x01\x00\x00\x00\xf8\x00\x00\x00\x00\x00\x00\x00\x06\x00\x00\x00\xb0\x00\x00\x00\x00\x00\x00\x00\x06\x00\x00\x00\x06\x01\x00\x00\x01\x00\x00\x00\x2c\x1a\x00\x00T\x01\x00\x00\x9e\xc3\x00\x00</data></write>
    <read><length>12</length><match><data>\xa5Z\x0a\x01\x00\x00\x00\x00\x00\x00\x00\x00</data></match></read>
    <write><data>\xa5Z\x08\x00\x07\x00\x00\x00\x94\x01\x00\x00</data></write>
    <read><length>132</length><match><data>\xa5Z\x0a\x01\x01\x00\x07\x00x\x00\x00\x00\x00\x00\x00\x00\x0b\x00\x00\x00\x0f\x01\x00\x00\x01\x00\x00\x00\x13\x10\x00\x00\x24\x01\x00\x00\x00\x00\x00\x00\x01\x00\x00\x00\xb3\x00\x00\x00\x00\x00\x00\x00\x01\x00\x00\x00\xf8\x00\x00\x00\x00\x00\x00\x00\x06\x00\x00\x00\xb0\x00\x00\x00\x00\x00\x00\x00\x06\x00\x00\x00\x06\x01\x00\x00\x01\x00\x00\x00\x2c\x1a\x00\x00T\x01\x00\x00\x00\x00\x00\x00\x00\x00\x00\x00\x00\x00\x00\x00\x00\x00\x00\x00\x00\x00\x00\x00\x00\x00\x00\x00\x00\x00\x00\x00\x00\x00\x00\x00\x00\x00\x00\x00</data></match></read>
    <write><data>\xa5Z\x10\x00\x03\x00\x07\x00X\x1b\x00\x00\xa8\x16\x00\x00\xab\x0f\x00\x00</data></write>
    <read><length>12</length><match><data>\xa5Z\x0a\x01\x00\x00\x00\x00\x00\x00\x00\x00</data></match></read>
    <write><data>\xa5Z\x08\x00\x02\x00h\x01\x5b\x04\x00\x00</data></write>
    <read><length>12</length><match><data>\xa5Z\x0a\x01\x00\x00\x01\x00\x00\x00\x00\x00</data></match></read>
    <write><data>\xa5Z\x10\x00\x03\x00\x07\x00X\x1b\x00\x00\xd0 \x00\x00?\x12\x00\x00</data></write>
    <read><length>12</length><match><data>\xa5Z\x0a\x01\x00\x00\x07\x00\x00\x00\x00\x00</data></match></read>
    <write><data>\xa5Z\x0c\x00\x08\x00\x00\x00\x00\x00\x00\x00\xa5\x01\x00\x00</data></write>
    <read><length>36</length><match><data>\xa5Z\x0a\x01\x01\x00\x08\x00\x18\x00\x00\x00\x0a\x01\x00\x002\x01\x00\x00K\x00\x00\x00\x00\x00\x00\x00\x00\x00\x00\x00\x01\x00\x00\x00</data></match></read>
    <write><data>\xa5Z\x08\x00\x05\x00\x01\x00\x91\x01\x00\x00</data></write>
    <read><length>12</length><match><data>\xa5Z\x0a\x01\x00\x00\x00\x00\x00\x00\x00\x00</data></match></read>
    <write><data>\xa5Z\x08\x00\x02\x00h\x01\x5b\x04\x00\x00</data></write>
    <read><length>12</length><match><data>\xa5Z\x0a\x01\x00\x00\x01\x00\x00\x00\x00\x00</data></match></read>
    <write><data>\xa5Z\x0c\x00\x0a\x00\x00\x00\x00\x00\x00\x00\xaf\x01\x00\x00</data></write>
    <read><length>16</length><match><data>\xa5Z\x0a\x01\x01\x00\x0a\x00\x04\x00\x00\x00\x8f\xa0\x2f\x40</data></match></read>
    <write><data>\xa5Z\x0c\x00\x08\x00\x00\x00\x00\x00\x00\x00\xa5\x01\x00\x00</data></write>
    <read><length>36</length><match><data>\xa5Z\x0a\x01\x01\x00\x08\x00\x18\x00\x00\x00\x0a\x01\x00\x002\x01\x00\x00K\x00\x00\x00\x00\x00\x00\x00\x00\x00\x00\x00\x01\x00\x00\x00</data></match></read>
    <write><data>\xa5Z\x08\x00\x09\x002\x01\x04\x03\x00\x00</data></write>
    <write><data>\xa5Z\x08\x00\x05\x00\x01\x00\x91\x01\x00\x00</data></write>
    <read><length>12</length><match><data>\xa5Z\x0a\x01\x00\x00\x00\x00\x00\x00\x00\x00</data></match></read>
    <write><data>\xa5Z\x08\x00\x04\x00\x08\x00\xbd\x01\x00\x00</data></write>
    <read><length>12</length><match><data>\xa5Z\x0a\x01\x00\x00\x06\x00\x00\x00\x00\x00</data></match></read>
    <write><data>\xa5Z\x08\x00\x01\x00\x01\x00\x7d\x01\x00\x00</data></write>
    <read><length>12</length><match><data>\xa5Z\x0a\x01\x00\x00\x00\x00\x00\x00\x00\x00</data></match></read>
    <write><data>\xa5Z\x08\x00\x01\x00\x00\x00v\x01\x00\x00</data></write>
    <read><length>12</length><match><data>\xa5Z\x0a\x01\x00\x00\x00\x00\x00\x00\x00\x00</data></match></read>
    <write><data>\xa5Z\x0c\x00\x0a\x00\x00\x00\x00\x00\x00\x00\xaf\x01\x00\x00</data></write>
    <read><length>16</length><match><data>\xa5Z\x0a\x01\x01\x00\x0a\x00\x04\x00\x00\x00\x8f\xa0\x2f\x40</data></match></read>
    <write><data>\xa5Z\x08\x00\x05\x00\x01\x00\x91\x01\x00\x00</data></write>
    <read><length>12</length><match><data>\xa5Z\x0a\x01\x00\x00\x00\x00\x00\x00\x00\x00</data></match></read>
    <write><data>\xa5Z\x08\x00\x05\x00\x00\x00\x8a\x01\x00\x00</data></write>
    <read><length>12</length><match><data>\xa5Z\x0a\x01\x00\x00\x00\x00\x00\x00\x00\x00</data></match></read>
    <write><data>\xa5Z\x08\x00\x07\x00\x00\x00\x94\x01\x00\x00</data></write>
    <read><length>132</length><match><data>\xa5Z\x0a\x01\x01\x00\x07\x00x\x00\x00\x00\x00\x00\x00\x00\x0b\x00\x00\x00\x0f\x01\x00\x00\x01\x00\x00\x00\x13\x10\x00\x00\x24\x01\x00\x00\x00\x00\x00\x00\x01\x00\x00\x00\xb3\x00\x00\x00\x00\x00\x00\x00\x01\x00\x00\x00\xf8\x00\x00\x00\x00\x00\x00\x00\x06\x00\x00\x00\xb0\x00\x00\x00\x00\x00\x00\x00\x06\x00\x00\x00\x06\x01\x00\x00\x01\x00\x00\x00\x2c\x1a\x00\x00T\x01\x00\x00\x00\x00\x00\x00\x00\x00\x00\x00\x00\x00\x00\x00\x00\x00\x00\x00\x00\x00\x00\x00\x00\x00\x00\x00\x00\x00\x00\x00\x00\x00\x00\x00\x00\x00\x00\x00</data></match></read>
    <write><data>\xa5Z\x08\x00\x02\x00\xc8\x00\xf3\x06\x00\x00</data></write>
    <read><length>12</length><match><data>\xa5Z\x0a\x01\x00\x00\x00\x00\x00\x00\x00\x00</data></match></read>
    <write><data>\xa5Z\x08\x00\x07\x00\x00\x00\x94\x01\x00\x00</data></write>
    <read><length>132</length><match><data>\xa5Z\x0a\x01\x01\x00\x07\x00x\x00\x00\x00\x00\x00\x00\x00\x0b\x00\x00\x00\x0f\x01\x00\x00\x01\x00\x00\x00\x13\x10\x00\x00\x24\x01\x00\x00\x00\x00\x00\x00\x01\x00\x00\x00\xb3\x00\x00\x00\x00\x00\x00\x00\x01\x00\x00\x00\xf8\x00\x00\x00\x00\x00\x00\x00\x06\x00\x00\x00\xb0\x00\x00\x00\x00\x00\x00\x00\x06\x00\x00\x00\x06\x01\x00\x00\x01\x00\x00\x00\x2c\x1a\x00\x00T\x01\x00\x00\x00\x00\x00\x00\x00\x00\x00\x00\x00\x00\x00\x00\x00\x00\x00\x00\x00\x00\x00\x00\x00\x00\x00\x00\x00\x00\x00\x00\x00\x00\x00\x00\x00\x00\x00\x00</data></match></read>
    <write><data>\xa5Z\x10\x00\xac\xcd\x00\x00\x00\x00\x00\x00\x00\x00\x00\x00\xb3\x09\x00\x00</data></write>
    <read><length>12</length><match><data>\xa5Z\x0a\x01\x00\x00\x05\x00\x00\x00\x00\x00</data></match></read>
    <write><data>\xa5Z\x10\x00\x87\x80\x00\x00\x00\x00\x00\x00\x00\x00\x00\x00\x2c\x07\x00\x00</data></write>
    <read><length>12</length><match><data>\xa5Z\x0a\x01\x00\x00\x05\x00\x00\x00\x00\x00</data></match></read>
    <write><data>\xa5Z\x08\x00\x09\x00r\x03\xd4\x04\x00\x00</data></write>
    <write><data>\xa5Z\x08\x00\x01\x00\x01\x00\x7d\x01\x00\x00</data></write>
    <read><length>12</length><match><data>\xa5Z\x0a\x01\x00\x00\x00\x00\x00\x00\x00\x00</data></match></read>
    <write><data>\xa5Z\x10\x00\xee\xbc\x00\x00\x00\x00\x00\x00\x00\x00\x00\x00\x97\x0a\x00\x00</data></write>
    <read><length>12</length><match><data>\xa5Z\x0a\x01\x00\x00\x05\x00\x00\x00\x00\x00</data></match></read>
    <write><data>\xa5Z\x08\x00\x07\x00\x00\x00\x94\x01\x00\x00</data></write>
    <read><length>132</length><match><data>\xa5Z\x0a\x01\x01\x00\x07\x00x\x00\x00\x00\x00\x00\x00\x00\x0b\x00\x00\x00\x0f\x01\x00\x00\x01\x00\x00\x00\x13\x10\x00\x00\x24\x01\x00\x00\x00\x00\x00\x00\x01\x00\x00\x00\xb3\x00\x00\x00\x00\x00\x00\x00\x01\x00\x00\x00\xf8\x00\x00\x00\x00\x00\x00\x00\x06\x00\x00\x00\xb0\x00\x00\x00\x00\x00\x00\x00\x06\x00\x00\x00\x06\x01\x00\x00\x01\x00\x00\x00\x2c\x1a\x00\x00T\x01\x00\x00\x00\x00\x00\x00\x00\x00\x00\x00\x00\x00\x00\x00\x00\x00\x00\x00\x00\x00\x00\x00\x00\x00\x00\x00\x00\x00\x00\x00\x00\x00\x00\x00\x00\x00\x00\x00</data></match></read>
    <write><data>\xa5Z\x0c\x00\x08\x00\x00\x00\x00\x00\x00\x00\xa5\x01\x00\x00</data></write>
    <read><length>36</length><match><data>\xa5Z\x0a\x01\x01\x00\x08\x00\x18\x00\x00\x00\x0a\x01\x00\x00\xc8\x00\x00\x00K\x00\x00\x00\x01\x00\x00\x00\x00\x00\x00\x00\x00\x00\x00\x00</data></match></read>
    <write><data>\xa5Z\x10\x006\x3b\x00\x00\x00\x00\x00\x00\x00\x00\x00\x00\xf9\x03\x00\x00</data></write>
    <read><length>12</length><match><data>\xa5Z\x0a\x01\x00\x00\x05\x00\x00\x00\x00\x00</data></match></read>
    <write><data>\xa5Z\x08\x00\x09\x00\xe9\x00\xfd\x07\x00\x00</data></write>
    <write><data>\xa5Z\x10\x00\x03\x00\x07\x00X\x1b\x00\x00D\x16\x00\x00\x97\x0a\x00\x00</data></write>
    <read><length>12</length><match><data>\xa5Z\x0a\x01\x00\x00\x07\x00\x00\x00\x00\x00</data></match></read>
    <write><data>\xa5Z\x08\x00\x07\x00\x00\x00\x94\x01\x00\x00</data></write>
    <read><length>132</length><match><data>\xa5Z\x0a\x01\x01\x00\x07\x00x\x00\x00\x00\x00\x00\x00\x00\x0b\x00\x00\x00\x0f\x01\x00\x00\x01\x00\x00\x00\x13\x10\x00\x00\x24\x01\x00\x00\x00\x00\x00\x00\x01\x00\x00\x00\xb3\x00\x00\x00\x00\x00\x00\x00\x01\x00\x00\x00\xf8\x00\x00\x00\x00\x00\x00\x00\x06\x00\x00\x00\xb0\x00\x00\x00\x00\x00\x00\x00\x06\x00\x00\x00\x06\x01\x00\x00\x01\x00\x00\x00\x2c\x1a\x00\x00T\x01\x00\x00\x00\x00\x00\x00\x00\x00\x00\x00\x00\x00\x00\x00\x00\x00\x00\x00\x00\x00\x00\x00\x00\x00\x00\x00\x00\x00\x00\x00\x00\x00\x00\x00\x00\x00\x00\x00</data></match></read>
    <write><data>\xa5Z\x08\x00\x05\x00\x01\x00\x91\x01\x00\x00</data></write>
    <read><length>12</length><match><data>\xa5Z\x0a\x01\x00\x00\x00\x00\x00\x00\x00\x00</data></match></read>
    <write><data>\xa5Z\x08\x00\x04\x00\x0c\x00\xd9\x01\x00\x00</data></write>
    <read><length>12</length><match><data>\xa5Z\x0a\x01\x00\x00\x06\x00\x00\x00\x00\x00</data></match></read>
    <write><data>\xa5Z\x08\x00\x09\x00\xda\x00\x94\x07\x00\x00</data></write>
    <write><data>\xa5Z\x08\x00\x07\x00\x00\x00\x94\x01\x00\x00</data></write>
    <read><length>132</length><match><data>\xa5Z\x0a\x01\x01\x00\x07\x00x\x00\x00\x00\x00\x00\x00\x00\x0b\x00\x00\x00\x0f\x01\x00\x00\x01\x00\x00\x00\x13\x10\x00\x00\x24\x01\x00\x00\x00\x00\x00\x00\x01\x00\x00\x00\xb3\x00\x00\x00\x00\x00\x00\x00\x01\x00\x00\x00\xf8\x00\x00\x00\x00\x00\x00\x00\x06\x00\x00\x00\xb0\x00\x00\x00\x00\x00\x00\x00\x06\x00\x00\x00\x06\x01\x00\x00\x01\x00\x00\x00\x2c\x1a\x00\x00T\x01\x00\x00\x00\x00\x00\x00\x00\x00\x00\x00\x00\x00\x00\x00\x00\x00\x00\x00\x00\x00\x00\x00\x00\x00\x00\x00\x00\x00\x00\x00\x00\x00\x00\x00\x00\x00\x00\x00</data></match></read>
    <write><data>\xa5Z\x08\x00\x09\x00\x7d\x051\x05\x00\x00</data></write>
    <write><data>\xa5Z\x08\x00\x01\x00\x00\x00v\x01\x00\x00</data></write>
    <read><length>12</length><match><data>\xa5Z\x0a\x01\x00\x00\x00\x00\x00\x00\x00\x00</data></match></read>
    <write><data>\xa5Z\x08\x00\x05\x00\x01\x00\x91\x01\x00\x00</data></write>
    <read><length>12</length><match><data>\xa5Z\x0a\x01\x00\x00\x00\x00\x00\x00\x00\x00</data></match></read>
    <write><data>\xa5Zt\x00\x06\x00\x09\x00\x00\x00\x00\x00\x0b\x00\x00\x00\xe0\x00\x00\x00\x01\x00\x00\x00\x3e\x0b\x00\x00\x11\x01\x00\x00\x01\x00\x00\x00\x86\x14\x00\x00\x12\x01\x00\x00\x01\x00\x00\x00\xad\x1c\x00\x00\xdd\x00\x00\x00\x00\x00\x00\x00\x07\x00\x00\x00\x0d\x01\x00\x00\x01\x00\x00\x00\xf7\x24\x00\x00\x1f\x01\x00\x00\x00\x00\x00\x00\x0b\x00\x00\x00Q\x01\x00\x00\x01\x00\x00\x00\xa2\x07\x00\x00\x28\x01\x00\x00\x00\x00\x00\x00\x0b\x00\x00\x00\xeb\x00\x00\x00\xf9\xc6\x01\x00</data></write>
    <read><length>12</length><match><data>\xa5Z\x0a\x01\x00\x00\x00\x00\x00\x00\x00\x00</data></match></read>
    <write><data>\xa5Z\x08\x00\x01\x00\x00\x00v\x01\x00\x00</data></write>
    <read><length>12</length><match><data>\xa5Z\x0a\x01\x00\x00\x00\x00\x00\x00\x00\x00</data></match></read>
    <write><data>\xa5Z\x08\x00\x09\x00T\x05\x12\x04\x00\x00</data></write>
    <write><data>\xa5Z\x2c\x00\x06\x00\x03\x00\x01\x00\x00\x00\x1d \x00\x00\xec\x00\x00\x00\x00\x00\x00\x00\x07\x00\x00\x00\x13\x01\x00\x00\x00\x00\x00\x00\x06\x00\x00\x00\xdd\x00\x00\x005\x3c\x00\x00</data></write>
    <read><length>12</length><match><data>\xa5Z\x0a\x01\x00\x00\x00\x00\x00\x00\x00\x00</data></match></read>
    <write><data>\xa5Z\x10\x00\x03\x00\x05\x00\x88\x13\x00\x00\x24\x13\x00\x00\x1f\x0a\x00\x00</data></write>
    <read><length>12</length><match><data>\xa5Z\x0a\x01\x00\x00\x00\x00\x00\x00\x00\x00</data></match></read>
    <write><data>\xa5Zh\x00\x06\x00\x08\x00\x01\x00\x00\x00\xa9\x0b\x00\x00\x04\x01\x00\x00\x01\x00\x00\x00\x04\x14\x00\x00\xe7\x00\x00\x00\x00\x00\x00\x00\x07\x00\x00\x00\x17\x01\x00\x00\x00\x00\x00\x00\x01\x00\x00\x00\xb2\x00\x00\x00\x01\x00\x00\x00:\x1e\x00\x00\xf6\x00\x00\x00\x00\x00\x00\x00\x07\x00\x00\x00\xbf\x00\x00\x00\x01\x00\x00\x00\xfa\x14\x00\x00M\x01\x00\x00\x01\x00\x00\x00\xc9\x10\x00\x00X\x01\x00\x00\x2d\xcd\x01\x00</data></write>
    <read><length>12</length><match><data>\xa5Z\x0a\x01\x00\x00\x00\x00\x00\x00\x00\x00</data></match></read>
    <write><data>\xa5Z\x08\x00\x02\x00\x03\x01\x98\x01\x00\x00</data></write>
    <read><length>12</length><match><data>\xa5Z\x0a\x01\x00\x00\x00\x00\x00\x00\x00\x00</data></match></read>
    <write><data>\xa5Z\x0c\x00\x0a\x00\x00\x00\x00\x00\x00\x00\xaf\x01\x00\x00</data></write>
    <read><length>16</length><match><data>\xa5Z\x0a\x01\x01\x00\x0a\x00\x04\x00\x00\x00\x8f\xa0\x2f\x40</data></match></read>
    <write><data>\xa5Z\x08\x00\x04\x00\x05\x00\xa8\x01\x00\x00</data></write>
    <read><length>12</length><match><data>\xa5Z\x0a\x01\x00\x00\x00\x00\x00\x00\x00\x00</data></match></read>
    <write><data>\xa5Z\x0c\x00\x08\x00\x00\x00\x00\x00\x00\x00\xa5\x01\x00\x00</data></write>
    <read><length>36</length><match><data>\xa5Z\x0a\x01\x01\x00\x08\x00\x18\x00\x00\x00\x0a\x01\x00\x00\x03\x01\x00\x00K\x00\x00\x00\x00\x00\x00\x00\x00\x00\x00\x00\x01\x00\x00\x00</data></match></read>
    <write><data>\xa5Z\x10\x00\x27r\x00\x00\x00\x00\x00\x00\x00\x00\x00\x00\xf8\x04\x00\x00</data></write>
    <read><length>12</length><match><data>\xa5Z\x0a\x01\x00\x00\x05\x00\x00\x00\x00\x00</data></match></read>
    <write><data>\xa5Z\x08\x00\x05\x00\x00\x00\x8a\x01\x00\x00</data></write>
    <read><length>12</length><match><data>\xa5Z\x0a\x01\x00\x00\x00\x00\x00\x00\x00\x00</data></match></read>
    <write><data>\xa5Z\x08\x00\x05\x00\x00\x00\x8a\x01\x00\x00</data></write>
    <read><length>12</length><match><data>\xa5Z\x0a\x01\x00\x00\x00\x00\x00\x00\x00\x00</data></match></read>
    <write><data>\xa5Z\x08\x00\x05\x00\x01\x00\x91\x01\x00\x00</data></write>
    <read><length>12</length><match><data>\xa5Z\x0a\x01\x00\x00\x00\x00\x00\x00\x00\x00</data></match></read>
    <write><data>\xa5Z\x0c\x00\x0a\x00\x00\x00\x00\x00\x00\x00\xaf\x01\x00\x00</data></write>
    <read><length>16</length><match><data>\xa5Z\x0a\x01\x01\x00\x0a\x00\x04\x00\x00\x00\x8f\xa0\x2f\x40</data></match></read>
    <write><data>\xa5Z\x0c\x00\x08\x00\x00\x00\x00\x00\x00\x00\xa5\x01\x00\x00</data></write>
    <read><length>36</length><match><data>\xa5Z\x0a\x01\x01\x00\x08\x00\x18\x00\x00\x00\x0a\x01\x00\x00\x03\x01\x00\x00K\x00\x00\x00\x00\x00\x00\x00\x00\x00\x00\x00\x01\x00\x00\x00</data></match></read>
    <write><data>\xa5Z\x08\x00\x02\x00\xe7\x00\xcc\x07\x00\x00</data></write>
    <read><length>12</length><match><data>\xa5Z\x0a\x01\x00\x00\x00\x00\x00\x00\x00\x00</data></match></read>
    <write><data>\xa5Z\x0c\x00\x08\x00\x00\x00\x00\x00\x00\x00\xa5\x01\x00\x00</data></write>
    <read><length>36</length><match><data>\xa5Z\x0a\x01\x01\x00\x08\x00\x18\x00\x00\x00\x0a\x01\x00\x00\xe7\x00\x00\x00K\x00\x00\x00\x00\x00\x00\x00\x00\x00\x00\x00\x01\x00\x00\x00</data></match></read>
    <write><data>\xa5Z\x0c\x00\xff\x00\x00\x00\x00\x00\x00\x00x\x06\x00\x00</data></write>
</replay>
</pov>