<?xml version="1.0" standalone="no" ?>
<!DOCTYPE pov SYSTEM "/usr/share/cgc-docs/replay.dtd">
<pov>
<cbid>service</cbid>
<seed>2b4ed61ef5155e4747dbb7f30b94533fb5cb37ae12ad4e13c9520b2c1b124d02c7b60ce681ff1c450faeb054ac274c38</seed>
<replay>
    <write><data>\xc3\x3c\x02\x00\x09\x00\x02\x1eh\x01Bx\x029\xbc</data></write>
    <read><length>9</length><match><data>\xc3\x3c3\x00\x03\x00\x02\x00\x00</data></match></read>
    <write><data>\xc3\x3c\x0c\x00\x02\x00\x7e </data></write>
    <read><length>9</length><match><data>\xc3\x3c3\x00\x03\x00\x0c\x00\x04</data></match></read>
    <write><data>\xc3\x3c\x03\x00\x02\x00\x1eh</data></write>
    <read><length>9</length><match><data>\xc3\x3c3\x00\x03\x00\x03\x00\x00</data></match></read>
    <write><data>\xc3\x3c\x03\x00\x02\x00\x1eh</data></write>
    <read><length>9</length><match><data>\xc3\x3c3\x00\x03\x00\x03\x00\x00</data></match></read>
    <write><data>\xc3\x3c\x02\x00\x09\x00\x02Mu\x01H\xbe\x02\x0e\x15</data></write>
    <read><length>9</length><match><data>\xc3\x3c3\x00\x03\x00\x02\x00\x00</data></match></read>
    <write><data>\xc3\x3c\x02\x00\x09\x00\x02\xd4\xfa\x01\x8c\xea\x02\x2a\x12</data></write>
    <read><length>9</length><match><data>\xc3\x3c3\x00\x03\x00\x02\x00\x00</data></match></read>
    <write><data>\xc3\x3c\x03\x00\x02\x00\x1eh</data></write>
    <read><length>9</length><match><data>\xc3\x3c3\x00\x03\x00\x03\x00\x00</data></match></read>
    <write><data>\xc3\x3c\x03\x00\x02\x00Mu</data></write>
    <read><length>9</length><match><data>\xc3\x3c3\x00\x03\x00\x03\x00\x00</data></match></read>
    <write><data>\xc3\x3c\x03\x00\x02\x00\xd4\xfa</data></write>
    <read><length>9</length><match><data>\xc3\x3c3\x00\x03\x00\x03\x00\x00</data></match></read>
    <write><data>\xc3\x3c3\x00\x01\x00\x00</data></write>
    <read><length>11</length><match><data>\xc3\x3cDw\x05\x00s\x2b\xb9\xcd\x95</data></match></read>
    <write><data>\xc3\x3c3\x00\x01\x00\x00</data></write>
    <read><length>11</length><match><data>\xc3\x3cDw\x05\x00s\x2b\xb9\xcd\x95</data></match></read>
    <write><data>\xc3\x3c\x01\x00\x06\x00\xf6\xe0\x9eT\xa3\xb9</data></write>
    <read><length>9</length><match><data>\xc3\x3c3\x00\x03\x00\x01\x00\x00</data></match></read>
    <write><data>\xc3\x3c\x0c\x00\x02\x00\xf6\xe0</data></write>
    <read><length>9</length><match><data>\xc3\x3c3\x00\x03\x00\x0c\x00\x00</data></match></read>
    <write><data>\xc3\x3c\x02\x00\x09\x00\x02\xb0D\x01\x8b\xb7\x02\x40\xbb</data></write>
    <read><length>9</length><match><data>\xc3\x3c3\x00\x03\x00\x02\x00\x00</data></match></read>
    <write><data>\xc3\x3c\x03\x00\x02\x00\xb0D</data></write>
    <read><length>9</length><match><data>\xc3\x3c3\x00\x03\x00\x03\x00\x00</data></match></read>
    <write><data>\xc3\x3c\x01\x00\x06\x00\xc1\xa5\x02i\xf3\xcd</data></write>
    <read><length>9</length><match><data>\xc3\x3c3\x00\x03\x00\x01\x00\x00</data></match></read>
    <write><data>\xc3\x3c\x0c\x00\x02\x00\xc1\xa5</data></write>
    <read><length>9</length><match><data>\xc3\x3c3\x00\x03\x00\x0c\x00\x00</data></match></read>
    <write><data>\xc3\x3c3\x00\x01\x00\x00</data></write>
    <read><length>11</length><match><data>\xc3\x3cDw\x05\x00s\x2b\xb9\xcd\x95</data></match></read>
    <write><data>\xc3\x3c\x01\x00\x06\x00\x7f\x8d\x10RF\x95</data></write>
    <read><length>9</length><match><data>\xc3\x3c3\x00\x03\x00\x01\x00\x00</data></match></read>
    <write><data>\xc3\x3c\x04\x00\x04\x00\x7f\x8d\x04N</data></write>
    <read><length>9</length><match><data>\xc3\x3c3\x00\x03\x00\x04\x00\x00</data></match></read>
    <write><data>\xc3\x3c\x02\x00\x09\x00\x02\x0a\xed\x01\xa8B\x02\x98K</data></write>
    <read><length>9</length><match><data>\xc3\x3c3\x00\x03\x00\x02\x00\x00</data></match></read>
    <write><data>\xc3\x3c\x01\x00\x06\x00\xa2\x8c\xc4xc\x2b</data></write>
    <read><length>9</length><match><data>\xc3\x3c3\x00\x03\x00\x01\x00\x00</data></match></read>
    <write><data>\xc3\x3c3\x00\x01\x00\x00</data></write>
    <read><length>11</length><match><data>\xc3\x3cDw\x05\x00s\x2b\xb9\xcd\x95</data></match></read>
    <write><data>\xc3\x3c\x04\x00\x04\x00\xa2\x8c\x5b\x0d</data></write>
    <read><length>9</length><match><data>\xc3\x3c3\x00\x03\x00\x04\x00\x00</data></match></read>
    <write><data>\xc3\x3c3\x00\x01\x00\x00</data></write>
    <read><length>11</length><match><data>\xc3\x3cDw\x05\x00s\x2b\xb9\xcd\x95</data></match></read>
    <write><data>\xc3\x3c\x0b\x00\x01\x00\x00</data></write>
    <read><length>18</length><match><data>\xc3\x3c3\x00\x0c\x00\x7f\x8d\x10RF\x95\xa2\x8c\xc4xc\x2b</data></match></read>
    <write><data>\xc3\x3c\x01\x00\x06\x00\xe2\xc4.\x87\xfe\x2b</data></write>
    <read><length>9</length><match><data>\xc3\x3c3\x00\x03\x00\x01\x00\x00</data></match></read>
    <write><data>\xc3\x3c\x04\x00\x04\x00\xe2\xc44\x9d</data></write>
    <read><length>9</length><match><data>\xc3\x3c3\x00\x03\x00\x04\x00\x00</data></match></read>
    <write><data>\xc3\x3c\x0b\x00\x01\x00\x00</data></write>
    <read><length>24</length><match><data>\xc3\x3c3\x00\x12\x00\x7f\x8d\x10RF\x95\xa2\x8c\xc4xc\x2b\xe2\xc4.\x87\xfe\x2b</data></match></read>
    <write><data>\xc3\x3c\x02\x00\x09\x00\x02\x8e\xe8\x01\xf0\xc9\x02\x95!</data></write>
    <read><length>9</length><match><data>\xc3\x3c3\x00\x03\x00\x02\x00\x00</data></match></read>
    <write><data>\xc3\x3c\x0b\x00\x01\x00\x00</data></write>
    <read><length>24</length><match><data>\xc3\x3c3\x00\x12\x00\x7f\x8d\x10RF\x95\xa2\x8c\xc4xc\x2b\xe2\xc4.\x87\xfe\x2b</data></match></read>
    <write><data>\xc3\x3c\x03\x00\x02\x00\xd4\xfa</data></write>
    <read><length>9</length><match><data>\xc3\x3c3\x00\x03\x00\x03\x00\x00</data></match></read>
    <write><data>\xc3\x3c3\x00\x01\x00\x00</data></write>
    <read><length>11</length><match><data>\xc3\x3cDw\x05\x00s\x2b\xb9\xcd\x95</data></match></read>
    <write><data>\xc3\x3c\x03\x00\x02\x00\x0a\xed</data></write>
    <read><length>9</length><match><data>\xc3\x3c3\x00\x03\x00\x03\x00\x00</data></match></read>
    <write><data>\xc3\x3c\x0b\x00\x01\x00\x00</data></write>
    <read><length>24</length><match><data>\xc3\x3c3\x00\x12\x00\x7f\x8d\x10RF\x95\xa2\x8c\xc4xc\x2b\xe2\xc4.\x87\xfe\x2b</data></match></read>
    <write><data>\xc3\x3c\x01\x00\x06\x00\x11\xbc\xf8\x23\x25\x2b</data></write>
    <read><length>9</length><match><data>\xc3\x3c3\x00\x03\x00\x01\x00\x00</data></match></read>
    <write><data>\xc3\x3c\x03\x00\x02\x00\x1eh</data></write>
    <read><length>9</length><match><data>\xc3\x3c3\x00\x03\x00\x03\x00\x00</data></match></read>
    <write><data>\xc3\x3c\x0b\x00\x01\x00\x00</data></write>
    <read><length>30</length><match><data>\xc3\x3c3\x00\x18\x00\x7f\x8d\x10RF\x95\xa2\x8c\xc4xc\x2b\xe2\xc4.\x87\xfe\x2b\x11\xbc\xf8\x23\x25\x2b</data></match></read>
    <write><data>\xc3\x3c3\x00\x01\x00\x00</data></write>
    <read><length>11</length><match><data>\xc3\x3cDw\x05\x00s\x2b\xb9\xcd\x95</data></match></read>
    <write><data>\xc3\x3c\x02\x00\x09\x00\x02E\x40\x01\xe4\x19\x02\x9c\xee</data></write>
    <read><length>9</length><match><data>\xc3\x3c3\x00\x03\x00\x02\x00\x00</data></match></read>
    <write><data>\xc3\x3c\x0b\x00\x01\x00\x00</data></write>
    <read><length>30</length><match><data>\xc3\x3c3\x00\x18\x00\x7f\x8d\x10RF\x95\xa2\x8c\xc4xc\x2b\xe2\xc4.\x87\xfe\x2b\x11\xbc\xf8\x23\x25\x2b</data></match></read>
    <write><data>\xc3\x3c\x03\x00\x02\x00\xb0D</data></write>
    <read><length>9</length><match><data>\xc3\x3c3\x00\x03\x00\x03\x00\x00</data></match></read>
    <write><data>\xc3\x3c\x0b\x00\x01\x00\x00</data></write>
    <read><length>30</length><match><data>\xc3\x3c3\x00\x18\x00\x7f\x8d\x10RF\x95\xa2\x8c\xc4xc\x2b\xe2\xc4.\x87\xfe\x2b\x11\xbc\xf8\x23\x25\x2b</data></match></read>
    <write><data>\xc3\x3c\x04\x00\x04\x00\xa2\x8c\xb0\x01</data></write>
    <read><length>9</length><match><data>\xc3\x3c3\x00\x03\x00\x04\x00\x00</data></match></read>
    <write><data>\xc3\x3c\x04\x00\x04\x00\xfa\xf2\xdd\x12</data></write>
    <read><length>9</length><match><data>\xc3\x3c3\x00\x03\x00\x04\x00\x04</data></match></read>
    <write><data>\xc3\x3c\x0b\x00\x01\x00\x00</data></write>
    <read><length>30</length><match><data>\xc3\x3c3\x00\x18\x00\x7f\x8d\x10RF\x95\xa2\x8c\xc4xc\x2b\xe2\xc4.\x87\xfe\x2b\x11\xbc\xf8\x23\x25\x2b</data></match></read>
    <write><data>\xc3\x3c\x03\x00\x02\x00\x1eh</data></write>
    <read><length>9</length><match><data>\xc3\x3c3\x00\x03\x00\x03\x00\x00</data></match></read>
    <write><data>\xc3\x3c3\x00\x01\x00\x00</data></write>
    <read><length>11</length><match><data>\xc3\x3cDw\x05\x00s\x2b\xb9\xcd\x95</data></match></read>
    <write><data>\xc3\x3c\xff\x00\x01\x00\x00</data></write>
</replay>
</pov>