<?xml version="1.0" standalone="no" ?>
<!DOCTYPE pov SYSTEM "/usr/share/cgc-docs/replay.dtd">
<pov>
<cbid>service</cbid>
<seed>1003c8f1a3c337efd15d3f490f6048b0c115261060771231304ab2f4a7609c61a8dfbf18b87ad4008ead356ba4c5f179</seed>
<replay>
    <write><data>\xc3\x3c\x02\x00\x09\x00\x02S\xb8\x01\xbd\xe3\x02\xd1k</data></write>
    <read><length>9</length><match><data>\xc3\x3c3\x00\x03\x00\x02\x00\x00</data></match></read>
    <write><data>\xc3\x3c3\x00\x01\x00\x00</data></write>
    <read><length>11</length><match><data>\xc3\x3cDw\x05\x00t\x0b\xe4Ip</data></match></read>
    <write><data>\xc3\x3c\x0c\x00\x02\x00\xd9\xf3</data></write>
    <read><length>9</length><match><data>\xc3\x3c3\x00\x03\x00\x0c\x00\x04</data></match></read>
    <write><data>\xc3\x3c\x03\x00\x02\x00S\xb8</data></write>
    <read><length>9</length><match><data>\xc3\x3c3\x00\x03\x00\x03\x00\x00</data></match></read>
    <write><data>\xc3\x3c3\x00\x01\x00\x00</data></write>
    <read><length>11</length><match><data>\xc3\x3cDw\x05\x00t\x0b\xe4Ip</data></match></read>
    <write><data>\xc3\x3c\x0b\x00\x01\x00\x00</data></write>
    <read><length>6</length><match><data>\xc3\x3c3\x00\x00\x00</data></match></read>
    <write><data>\xc3\x3c\x03\x00\x02\x00S\xb8</data></write>
    <read><length>9</length><match><data>\xc3\x3c3\x00\x03\x00\x03\x00\x00</data></match></read>
    <write><data>\xc3\x3c3\x00\x01\x00\x00</data></write>
    <read><length>11</length><match><data>\xc3\x3cDw\x05\x00t\x0b\xe4Ip</data></match></read>
    <write><data>\xc3\x3c\x03\x00\x02\x00S\xb8</data></write>
    <read><length>9</length><match><data>\xc3\x3c3\x00\x03\x00\x03\x00\x00</data></match></read>
    <write><data>\xc3\x3c3\x00\x01\x00\x00</data></write>
    <read><length>11</length><match><data>\xc3\x3cDw\x05\x00t\x0b\xe4Ip</data></match></read>
    <write><data>\xc3\x3c\x0b\x00\x01\x00\x00</data></write>
    <read><length>6</length><match><data>\xc3\x3c3\x00\x00\x00</data></match></read>
    <write><data>\xc3\x3c\x0b\x00\x01\x00\x00</data></write>
    <read><length>6</length><match><data>\xc3\x3c3\x00\x00\x00</data></match></read>
    <write><data>\xc3\x3c\x02\x00\x09\x00\x02\x3eE\x01\xf7\xab\x02\xa2\x7f</data></write>
    <read><length>9</length><match><data>\xc3\x3c3\x00\x03\x00\x02\x00\x00</data></match></read>
    <write><data>\xc3\x3c3\x00\x01\x00\x00</data></write>
    <read><length>11</length><match><data>\xc3\x3cDw\x05\x00t\x0b\xe4Ip</data></match></read>
    <write><data>\xc3\x3c\x01\x00\x06\x00\x3bO\x8e\x60\xa7t</data></write>
    <read><length>9</length><match><data>\xc3\x3c3\x00\x03\x00\x01\x00\x00</data></match></read>
    <write><data>\xc3\x3c\x0b\x00\x01\x00\x00</data></write>
    <read><length>12</length><match><data>\xc3\x3c3\x00\x06\x00\x3bO\x8e\x60\xa7t</data></match></read>
    <write><data>\xc3\x3c\x04\x00\x04\x00\x3bO\xf2\x07</data></write>
    <read><length>9</length><match><data>\xc3\x3c3\x00\x03\x00\x04\x00\x00</data></match></read>
    <write><data>\xc3\x3c\x0c\x00\x02\x00\x3bO</data></write>
    <read><length>9</length><match><data>\xc3\x3c3\x00\x03\x00\x0c\x00\x00</data></match></read>
    <write><data>\xc3\x3c\x01\x00\x06\x00\xe8\x92\x94\x00\xb0I</data></write>
    <read><length>9</length><match><data>\xc3\x3c3\x00\x03\x00\x01\x00\x00</data></match></read>
    <write><data>\xc3\x3c\x0b\x00\x01\x00\x00</data></write>
    <read><length>12</length><match><data>\xc3\x3c3\x00\x06\x00\xe8\x92\x94\x00\xb0I</data></match></read>
    <write><data>\xc3\x3c\x04\x00\x04\x00\xe8\x92\x3c\xde</data></write>
    <read><length>9</length><match><data>\xc3\x3c3\x00\x03\x00\x04\x00\x00</data></match></read>
    <write><data>\xc3\x3c\x0c\x00\x02\x00\xe8\x92</data></write>
    <read><length>9</length><match><data>\xc3\x3c3\x00\x03\x00\x0c\x00\x00</data></match></read>
    <write><data>\xc3\x3c3\x00\x01\x00\x00</data></write>
    <read><length>11</length><match><data>\xc3\x3cDw\x05\x00t\x0b\xe4Ip</data></match></read>
    <write><data>\xc3\x3c\x04\x00\x04\x00\x25b\x25\xd3</data></write>
    <read><length>9</length><match><data>\xc3\x3c3\x00\x03\x00\x04\x00\x04</data></match></read>
    <write><data>\xc3\x3c3\x00\x01\x00\x00</data></write>
    <read><length>11</length><match><data>\xc3\x3cDw\x05\x00t\x0b\xe4Ip</data></match></read>
    <write><data>\xc3\x3c3\x00\x01\x00\x00</data></write>
    <read><length>11</length><match><data>\xc3\x3cDw\x05\x00t\x0b\xe4Ip</data></match></read>
    <write><data>\xc3\x3c\x02\x00\x09\x00\x02\xe4\xd0\x01\x9fh\x028\x0f</data></write>
    <read><length>9</length><match><data>\xc3\x3c3\x00\x03\x00\x02\x00\x00</data></match></read>
    <write><data>\xc3\x3c\x02\x00\x09\x00\x02\xeaO\x01y\xd5\x02\x9dK</data></write>
    <read><length>9</length><match><data>\xc3\x3c3\x00\x03\x00\x02\x00\x00</data></match></read>
    <write><data>\xc3\x3c\xff\x00\x01\x00\x00</data></write>
</replay>
</pov>