<?xml version="1.0" standalone="no" ?>
<!DOCTYPE pov SYSTEM "/usr/share/cgc-docs/replay.dtd">
<pov>
<cbid>service</cbid>
<seed>05f38596cd43dc706696ad5c157fa295eaf446e52a0a5da8cd744297623af384faafab7be4ad58231ae91ce12dc331eb</seed>
<replay>
    <write><data>\xc3\x3c\x02\x00\x09\x00\x02\x99\x88\x01M\xf4\x02\x87\x16</data></write>
    <read><length>9</length><match><data>\xc3\x3c3\x00\x03\x00\x02\x00\x00</data></match></read>
    <write><data>\xc3\x3c\x03\x00\x02\x00\x99\x88</data></write>
    <read><length>9</length><match><data>\xc3\x3c3\x00\x03\x00\x03\x00\x00</data></match></read>
    <write><data>\xc3\x3c\x0b\x00\x01\x00\x00</data></write>
    <read><length>6</length><match><data>\xc3\x3c3\x00\x00\x00</data></match></read>
    <write><data>\xc3\x3c\x0b\x00\x01\x00\x00</data></write>
    <read><length>6</length><match><data>\xc3\x3c3\x00\x00\x00</data></match></read>
    <write><data>\xc3\x3c3\x00\x01\x00\x00</data></write>
    <read><length>11</length><match><data>\xc3\x3cDw\x05\x00\xf8u\x22\x03\xe4</data></match></read>
    <write><data>\xc3\x3c3\x00\x01\x00\x00</data></write>
    <read><length>11</length><match><data>\xc3\x3cDw\x05\x00\xf8u\x22\x03\xe4</data></match></read>
    <write><data>\xc3\x3c\x0b\x00\x01\x00\x00</data></write>
    <read><length>6</length><match><data>\xc3\x3c3\x00\x00\x00</data></match></read>
    <write><data>\xc3\x3c\x01\x00\x06\x00\xb9L\xfa\x01\xbb\xe4</data></write>
    <read><length>9</length><match><data>\xc3\x3c3\x00\x03\x00\x01\x00\x00</data></match></read>
    <write><data>\xc3\x3c\x01\x00\x06\x00\x28\x9aT\xc9\x94u</data></write>
    <read><length>9</length><match><data>\xc3\x3c3\x00\x03\x00\x01\x00\x00</data></match></read>
    <write><data>\xc3\x3c\x0b\x00\x01\x00\x00</data></write>
    <read><length>18</length><match><data>\xc3\x3c3\x00\x0c\x00\xb9L\xfa\x01\xbb\xe4\x28\x9aT\xc9\x94u</data></match></read>
    <write><data>\xc3\x3c\x0c\x00\x02\x00\xb9L</data></write>
    <read><length>9</length><match><data>\xc3\x3c3\x00\x03\x00\x0c\x00\x00</data></match></read>
    <write><data>\xc3\x3c\x04\x00\x04\x00\x28\x9a\xcc\xd1</data></write>
    <read><length>9</length><match><data>\xc3\x3c3\x00\x03\x00\x04\x00\x00</data></match></read>
    <write><data>\xc3\x3c\x01\x00\x06\x00!K\x86F\x29\xf8</data></write>
    <read><length>9</length><match><data>\xc3\x3c3\x00\x03\x00\x01\x00\x00</data></match></read>
    <write><data>\xc3\x3c\x04\x00\x04\x00!K\x00\x2c</data></write>
    <read><length>9</length><match><data>\xc3\x3c3\x00\x03\x00\x04\x00\x00</data></match></read>
    <write><data>\xc3\x3c\x01\x00\x06\x00:\xf4\xe5\x7eBu</data></write>
    <read><length>9</length><match><data>\xc3\x3c3\x00\x03\x00\x01\x00\x00</data></match></read>
    <write><data>\xc3\x3c3\x00\x01\x00\x00</data></write>
    <read><length>11</length><match><data>\xc3\x3cDw\x05\x00\xf8u\x22\x03\xe4</data></match></read>
    <write><data>\xc3\x3c\x01\x00\x06\x00\x88\xc4u\x9d\xd7\x03</data></write>
    <read><length>9</length><match><data>\xc3\x3c3\x00\x03\x00\x01\x00\x0c</data></match></read>
    <write><data>\xc3\x3c\x0c\x00\x02\x00:\xf4</data></write>
    <read><length>9</length><match><data>\xc3\x3c3\x00\x03\x00\x0c\x00\x00</data></match></read>
    <write><data>\xc3\x3c\x0c\x00\x02\x00\x28\x9a</data></write>
    <read><length>9</length><match><data>\xc3\x3c3\x00\x03\x00\x0c\x00\x00</data></match></read>
    <write><data>\xc3\x3c\x01\x00\x06\x00\xaeF\xfa5\xae\x22</data></write>
    <read><length>9</length><match><data>\xc3\x3c3\x00\x03\x00\x01\x00\x00</data></match></read>
    <write><data>\xc3\x3c\x01\x00\x06\x00\xb2X\xb1\xfc\x29\xf8</data></write>
    <read><length>9</length><match><data>\xc3\x3c3\x00\x03\x00\x01\x00\x00</data></match></read>
    <write><data>\xc3\x3c\x03\x00\x02\x00\x99\x88</data></write>
    <read><length>9</length><match><data>\xc3\x3c3\x00\x03\x00\x03\x00\x00</data></match></read>
    <write><data>\xc3\x3c\x0b\x00\x01\x00\x00</data></write>
    <read><length>24</length><match><data>\xc3\x3c3\x00\x12\x00!K\x86F\x29\xf8\xaeF\xfa5\xae\x22\xb2X\xb1\xfc\x29\xf8</data></match></read>
    <write><data>\xc3\x3c\x0b\x00\x01\x00\x00</data></write>
    <read><length>24</length><match><data>\xc3\x3c3\x00\x12\x00!K\x86F\x29\xf8\xaeF\xfa5\xae\x22\xb2X\xb1\xfc\x29\xf8</data></match></read>
    <write><data>\xc3\x3c\x0b\x00\x01\x00\x00</data></write>
    <read><length>24</length><match><data>\xc3\x3c3\x00\x12\x00!K\x86F\x29\xf8\xaeF\xfa5\xae\x22\xb2X\xb1\xfc\x29\xf8</data></match></read>
    <write><data>\xc3\x3c\x0c\x00\x02\x00\xb2X</data></write>
    <read><length>9</length><match><data>\xc3\x3c3\x00\x03\x00\x0c\x00\x00</data></match></read>
    <write><data>\xc3\x3c\x03\x00\x02\x00\x99\x88</data></write>
    <read><length>9</length><match><data>\xc3\x3c3\x00\x03\x00\x03\x00\x00</data></match></read>
    <write><data>\xc3\x3c3\x00\x01\x00\x00</data></write>
    <read><length>11</length><match><data>\xc3\x3cDw\x05\x00\xf8u\x22\x03\xe4</data></match></read>
    <write><data>\xc3\x3c\x0b\x00\x01\x00\x00</data></write>
    <read><length>18</length><match><data>\xc3\x3c3\x00\x0c\x00!K\x86F\x29\xf8\xaeF\xfa5\xae\x22</data></match></read>
    <write><data>\xc3\x3c\x04\x00\x04\x00!K\xe8\x29</data></write>
    <read><length>9</length><match><data>\xc3\x3c3\x00\x03\x00\x04\x00\x00</data></match></read>
    <write><data>\xc3\x3c\x03\x00\x02\x00\x99\x88</data></write>
    <read><length>9</length><match><data>\xc3\x3c3\x00\x03\x00\x03\x00\x00</data></match></read>
    <write><data>\xc3\x3c\x04\x00\x04\x00\xaeFS\x83</data></write>
    <read><length>9</length><match><data>\xc3\x3c3\x00\x03\x00\x04\x00\x00</data></match></read>
    <write><data>\xc3\x3c\x02\x00\x09\x00\x02\x5c\x0b\x01\xbd\x80\x02H\x0b</data></write>
    <read><length>9</length><match><data>\xc3\x3c3\x00\x03\x00\x02\x00\x00</data></match></read>
    <write><data>\xc3\x3c\x03\x00\x02\x00\x99\x88</data></write>
    <read><length>9</length><match><data>\xc3\x3c3\x00\x03\x00\x03\x00\x00</data></match></read>
    <write><data>\xc3\x3c\x04\x00\x04\x00!KZ\x82</data></write>
    <read><length>9</length><match><data>\xc3\x3c3\x00\x03\x00\x04\x00\x00</data></match></read>
    <write><data>\xc3\x3c\x0c\x00\x02\x00!K</data></write>
    <read><length>9</length><match><data>\xc3\x3c3\x00\x03\x00\x0c\x00\x00</data></match></read>
    <write><data>\xc3\x3c\x01\x00\x06\x00\xee\xd6\x24\xd5\xb4\x03</data></write>
    <read><length>9</length><match><data>\xc3\x3c3\x00\x03\x00\x01\x00\x00</data></match></read>
    <write><data>\xc3\x3c\x02\x00\x09\x00\x02\xae\xc4\x01A\x17\x02\x1a\xb5</data></write>
    <read><length>9</length><match><data>\xc3\x3c3\x00\x03\x00\x02\x00\x00</data></match></read>
    <write><data>\xc3\x3c\x03\x00\x02\x00\x5c\x0b</data></write>
    <read><length>9</length><match><data>\xc3\x3c3\x00\x03\x00\x03\x00\x00</data></match></read>
    <write><data>\xc3\x3c\x01\x00\x06\x00R\xcc\xa6\x25Uu</data></write>
    <read><length>9</length><match><data>\xc3\x3c3\x00\x03\x00\x01\x00\x00</data></match></read>
    <write><data>\xc3\x3c\x04\x00\x04\x00R\xccZ\xa4</data></write>
    <read><length>9</length><match><data>\xc3\x3c3\x00\x03\x00\x04\x00\x00</data></match></read>
    <write><data>\xc3\x3c\x0c\x00\x02\x00\xceA</data></write>
    <read><length>9</length><match><data>\xc3\x3c3\x00\x03\x00\x0c\x00\x04</data></match></read>
    <write><data>\xc3\x3c3\x00\x01\x00\x00</data></write>
    <read><length>11</length><match><data>\xc3\x3cDw\x05\x00\xf8u\x22\x03\xe4</data></match></read>
    <write><data>\xc3\x3c\xff\x00\x01\x00\x00</data></write>
</replay>
</pov>