<?xml version="1.0" standalone="no" ?>
<!DOCTYPE pov SYSTEM "/usr/share/cgc-docs/replay.dtd">
<pov>
<cbid>service</cbid>
<seed>39812f00005ef818f13364879ae115be0645b50c031fa3b300f2fdb29403a301576d13e0ee42ab7fab474a81c6d369be</seed>
<replay>
    <write><data>\xc3\x3c\x02\x00\x09\x00\x02a\xc2\x01\x0c\xd1\x024\x3b</data></write>
    <read><length>9</length><match><data>\xc3\x3c3\x00\x03\x00\x02\x00\x00</data></match></read>
    <write><data>\xc3\x3c\x02\x00\x09\x00\x02S\x2a\x01\xf3R\x02fB</data></write>
    <read><length>9</length><match><data>\xc3\x3c3\x00\x03\x00\x02\x00\x00</data></match></read>
    <write><data>\xc3\x3c3\x00\x01\x00\x00</data></write>
    <read><length>11</length><match><data>\xc3\x3cDw\x05\x00?\x2d\xe3\xd8\x9d</data></match></read>
    <write><data>\xc3\x3c\x01\x00\x06\x00\xd0\x08G\x9b\x1e\x2d</data></write>
    <read><length>9</length><match><data>\xc3\x3c3\x00\x03\x00\x01\x00\x03</data></match></read>
    <write><data>\xc3\x3c\x02\x00\x09\x00\x02d\xdb\x01\xae\x8b\x02\xa0\xe4</data></write>
    <read><length>9</length><match><data>\xc3\x3c3\x00\x03\x00\x02\x00\x00</data></match></read>
    <write><data>\xc3\x3c\x01\x00\x06\x00Y\xb7\xa72p?</data></write>
    <read><length>9</length><match><data>\xc3\x3c3\x00\x03\x00\x01\x00\x03</data></match></read>
    <write><data>\xc3\x3c\x0b\x00\x01\x00\x00</data></write>
    <read><length>6</length><match><data>\xc3\x3c3\x00\x00\x00</data></match></read>
    <write><data>\xc3\x3c\xff\x00\x01\x00\x00</data></write>
</replay>
</pov>