<?xml version="1.0" standalone="no" ?>
<!DOCTYPE pov SYSTEM "/usr/share/cgc-docs/replay.dtd">
<pov>
<cbid>service</cbid>
<seed>1b020f738732c22be8ca86f181fce0fe4c275867745d249979d3e2d4c24923cbb43192cb07a630cad9b68759db3cd678</seed>
<replay>
    <write><data>\xc3\x3c\x02\x00\x09\x00\x02Au\x01\xbb\x9e\x02\xc7\x22</data></write>
    <read><length>9</length><match><data>\xc3\x3c3\x00\x03\x00\x02\x00\x00</data></match></read>
    <write><data>\xc3\x3c\x0b\x00\x01\x00\x00</data></write>
    <read><length>6</length><match><data>\xc3\x3c3\x00\x00\x00</data></match></read>
    <write><data>\xc3\x3c\x0b\x00\x01\x00\x00</data></write>
    <read><length>6</length><match><data>\xc3\x3c3\x00\x00\x00</data></match></read>
    <write><data>\xc3\x3c\x03\x00\x02\x00Au</data></write>
    <read><length>9</length><match><data>\xc3\x3c3\x00\x03\x00\x03\x00\x00</data></match></read>
    <write><data>\xc3\x3c\x01\x00\x06\x00\x28Cg\x9dkh</data></write>
    <read><length>9</length><match><data>\xc3\x3c3\x00\x03\x00\x01\x00\x00</data></match></read>
    <write><data>\xc3\x3c\x0c\x00\x02\x00\x28C</data></write>
    <read><length>9</length><match><data>\xc3\x3c3\x00\x03\x00\x0c\x00\x00</data></match></read>
    <write><data>\xc3\x3c\x04\x00\x04\x00\xc6\x9d\xe4\x7d</data></write>
    <read><length>9</length><match><data>\xc3\x3c3\x00\x03\x00\x04\x00\x04</data></match></read>
    <write><data>\xc3\x3c\x01\x00\x06\x00\xf5\xf0\x96\x98Xd</data></write>
    <read><length>9</length><match><data>\xc3\x3c3\x00\x03\x00\x01\x00\x00</data></match></read>
    <write><data>\xc3\x3c3\x00\x01\x00\x00</data></write>
    <read><length>11</length><match><data>\xc3\x3cDw\x05\x00h\xc0dr\x0d</data></match></read>
    <write><data>\xc3\x3c\x01\x00\x06\x00\xe6\x14\x26\xbegr</data></write>
    <read><length>9</length><match><data>\xc3\x3c3\x00\x03\x00\x01\x00\x00</data></match></read>
    <write><data>\xc3\x3c3\x00\x01\x00\x00</data></write>
    <read><length>11</length><match><data>\xc3\x3cDw\x05\x00h\xc0dr\x0d</data></match></read>
    <write><data>\xc3\x3c3\x00\x01\x00\x00</data></write>
    <read><length>11</length><match><data>\xc3\x3cDw\x05\x00h\xc0dr\x0d</data></match></read>
    <write><data>\xc3\x3c\x0b\x00\x01\x00\x00</data></write>
    <read><length>18</length><match><data>\xc3\x3c3\x00\x0c\x00\xf5\xf0\x96\x98Xd\xe6\x14\x26\xbegr</data></match></read>
    <write><data>\xc3\x3c\x02\x00\x09\x00\x02\x23\x00\x01\x8fd\x02\xe9\x10</data></write>
    <read><length>9</length><match><data>\xc3\x3c3\x00\x03\x00\x02\x00\x00</data></match></read>
    <write><data>\xc3\x3c\x0b\x00\x01\x00\x00</data></write>
    <read><length>18</length><match><data>\xc3\x3c3\x00\x0c\x00\xf5\xf0\x96\x98Xd\xe6\x14\x26\xbegr</data></match></read>
    <write><data>\xc3\x3c\x0b\x00\x01\x00\x00</data></write>
    <read><length>18</length><match><data>\xc3\x3c3\x00\x0c\x00\xf5\xf0\x96\x98Xd\xe6\x14\x26\xbegr</data></match></read>
    <write><data>\xc3\x3c\x04\x00\x04\x00\xf5\xf0\x3c\xdf</data></write>
    <read><length>9</length><match><data>\xc3\x3c3\x00\x03\x00\x04\x00\x00</data></match></read>
    <write><data>\xc3\x3c3\x00\x01\x00\x00</data></write>
    <read><length>11</length><match><data>\xc3\x3cDw\x05\x00h\xc0dr\x0d</data></match></read>
    <write><data>\xc3\x3c\xff\x00\x01\x00\x00</data></write>
</replay>
</pov>