<?xml version="1.0" standalone="no" ?>
<!DOCTYPE pov SYSTEM "/usr/share/cgc-docs/replay.dtd">
<pov>
<cbid>service</cbid>
<seed>a4092b29a85dc270986a063f97e19244274774c67009e181fff3f2af0ac7e0612baf813b89e48511a7cf0b52fb3b76e7</seed>
<replay>
    <write><data>\xc3\x3c\x02\x00\x09\x00\x02\xff\x28\x01\x1b\x98\x02\x05\x2c</data></write>
    <read><length>9</length><match><data>\xc3\x3c3\x00\x03\x00\x02\x00\x00</data></match></read>
    <write><data>\xc3\x3c\x03\x00\x02\x00\xff\x28</data></write>
    <read><length>9</length><match><data>\xc3\x3c3\x00\x03\x00\x03\x00\x00</data></match></read>
    <write><data>\xc3\x3c\x01\x00\x06\x00m\x5d\x1f\x00\x19\x09</data></write>
    <read><length>9</length><match><data>\xc3\x3c3\x00\x03\x00\x01\x00\x00</data></match></read>
    <write><data>\xc3\x3c\x03\x00\x02\x00\xff\x28</data></write>
    <read><length>9</length><match><data>\xc3\x3c3\x00\x03\x00\x03\x00\x00</data></match></read>
    <write><data>\xc3\x3c3\x00\x01\x00\x00</data></write>
    <read><length>11</length><match><data>\xc3\x3cDw\x05\x00\x9d\xf9\xad\x09\x02</data></match></read>
    <write><data>\xc3\x3c\x01\x00\x06\x00\xa1\xa0\xe5\x22:\xf9</data></write>
    <read><length>9</length><match><data>\xc3\x3c3\x00\x03\x00\x01\x00\x00</data></match></read>
    <write><data>\xc3\x3c3\x00\x01\x00\x00</data></write>
    <read><length>11</length><match><data>\xc3\x3cDw\x05\x00\x9d\xf9\xad\x09\x02</data></match></read>
    <write><data>\xc3\x3c\x02\x00\x09\x00\x02\xdbH\x019q\x02\xe7\x80</data></write>
    <read><length>9</length><match><data>\xc3\x3c3\x00\x03\x00\x02\x00\x00</data></match></read>
    <write><data>\xc3\x3c\x03\x00\x02\x00\xff\x28</data></write>
    <read><length>9</length><match><data>\xc3\x3c3\x00\x03\x00\x03\x00\x00</data></match></read>
    <write><data>\xc3\x3c\x01\x00\x06\x00i\xf7\xad\xb7\xf1\x09</data></write>
    <read><length>9</length><match><data>\xc3\x3c3\x00\x03\x00\x01\x00\x00</data></match></read>
    <write><data>\xc3\x3c\x0c\x00\x02\x00i\xf7</data></write>
    <read><length>9</length><match><data>\xc3\x3c3\x00\x03\x00\x0c\x00\x00</data></match></read>
    <write><data>\xc3\x3c\x04\x00\x04\x00m\x5d\x83\x86</data></write>
    <read><length>9</length><match><data>\xc3\x3c3\x00\x03\x00\x04\x00\x00</data></match></read>
    <write><data>\xc3\x3c\x0b\x00\x01\x00\x00</data></write>
    <read><length>18</length><match><data>\xc3\x3c3\x00\x0c\x00m\x5d\x1f\x00\x19\x09\xa1\xa0\xe5\x22:\xf9</data></match></read>
    <write><data>\xc3\x3c3\x00\x01\x00\x00</data></write>
    <read><length>11</length><match><data>\xc3\x3cDw\x05\x00\x9d\xf9\xad\x09\x02</data></match></read>
    <write><data>\xc3\x3c3\x00\x01\x00\x00</data></write>
    <read><length>11</length><match><data>\xc3\x3cDw\x05\x00\x9d\xf9\xad\x09\x02</data></match></read>
    <write><data>\xc3\x3c\xff\x00\x01\x00\x00</data></write>
</replay>
</pov>