<?xml version="1.0" standalone="no" ?>
<!DOCTYPE pov SYSTEM "/usr/share/cgc-docs/replay.dtd">
<pov>
<cbid>service</cbid>
<seed>84d052da144af0b03eecc587050962b711f35028cd04bf65bb6e2372cddbde9ddea3fd43465883c4a3a58df7e938d8a5</seed>
<replay>
    <write><data>\xc3\x3c\x02\x00\x09\x00\x02\xae\xcd\x01\x8a\xf4\x02pP</data></write>
    <read><length>9</length><match><data>\xc3\x3c3\x00\x03\x00\x02\x00\x00</data></match></read>
    <write><data>\xc3\x3c\xff\x00\x01\x00\x00</data></write>
</replay>
</pov>