<?xml version="1.0" standalone="no" ?>
<!DOCTYPE pov SYSTEM "/usr/share/cgc-docs/replay.dtd">
<pov>
<cbid>service</cbid>
<seed>8230080ecc0dac79ba625e2a5e30684597564d659c7ff5a2a1d903ce1d124306137abd8f1ca6939e24a4953c3d55fa61</seed>
<replay>
    <write><data>\xc3\x3c\x02\x00\x09\x00\x02\xe4\xe4\x01\x18\x7c\x02f\x60</data></write>
    <read><length>9</length><match><data>\xc3\x3c3\x00\x03\x00\x02\x00\x00</data></match></read>
    <write><data>\xc3\x3c\x02\x00\x09\x00\x02\x90\xf5\x01aE\x02\x16\xdf</data></write>
    <read><length>9</length><match><data>\xc3\x3c3\x00\x03\x00\x02\x00\x00</data></match></read>
    <write><data>\xc3\x3c\x0c\x00\x02\x00v\x93</data></write>
    <read><length>9</length><match><data>\xc3\x3c3\x00\x03\x00\x0c\x00\x04</data></match></read>
    <write><data>\xc3\x3c\x02\x00\x09\x00\x022y\x01\x99\xed\x02\x9c\x87</data></write>
    <read><length>9</length><match><data>\xc3\x3c3\x00\x03\x00\x02\x00\x00</data></match></read>
    <write><data>\xc3\x3c\x01\x00\x06\x00m\xba\xd0\xee\xf4\x0a</data></write>
    <read><length>9</length><match><data>\xc3\x3c3\x00\x03\x00\x01\x00\x03</data></match></read>
    <write><data>\xc3\x3c\x01\x00\x06\x00\xd1\xf1\x80\xd0\xbck</data></write>
    <read><length>9</length><match><data>\xc3\x3c3\x00\x03\x00\x01\x00\x03</data></match></read>
    <write><data>\xc3\x3c\x0b\x00\x01\x00\x00</data></write>
    <read><length>6</length><match><data>\xc3\x3c3\x00\x00\x00</data></match></read>
    <write><data>\xc3\x3c\x02\x00\x09\x00\x02mn\x01?\xb4\x02\xf5k</data></write>
    <read><length>9</length><match><data>\xc3\x3c3\x00\x03\x00\x02\x00\x00</data></match></read>
    <write><data>\xc3\x3c\x0b\x00\x01\x00\x00</data></write>
    <read><length>6</length><match><data>\xc3\x3c3\x00\x00\x00</data></match></read>
    <write><data>\xc3\x3c3\x00\x01\x00\x00</data></write>
    <read><length>11</length><match><data>\xc3\x3cDw\x05\x00\x0ahm.k</data></match></read>
    <write><data>\xc3\x3c3\x00\x01\x00\x00</data></write>
    <read><length>11</length><match><data>\xc3\x3cDw\x05\x00\x0ahm.k</data></match></read>
    <write><data>\xc3\x3c\x01\x00\x06\x00\xbd\xd4j\x97kk</data></write>
    <read><length>9</length><match><data>\xc3\x3c3\x00\x03\x00\x01\x00\x03</data></match></read>
    <write><data>\xc3\x3c\x0b\x00\x01\x00\x00</data></write>
    <read><length>6</length><match><data>\xc3\x3c3\x00\x00\x00</data></match></read>
    <write><data>\xc3\x3c\x03\x00\x02\x00mn</data></write>
    <read><length>9</length><match><data>\xc3\x3c3\x00\x03\x00\x03\x00\x00</data></match></read>
    <write><data>\xc3\x3c\x01\x00\x06\x00g\xe2THm\x0a</data></write>
    <read><length>9</length><match><data>\xc3\x3c3\x00\x03\x00\x01\x00\x00</data></match></read>
    <write><data>\xc3\x3c\x01\x00\x06\x00\x88\xcb8\xb8\x92m</data></write>
    <read><length>9</length><match><data>\xc3\x3c3\x00\x03\x00\x01\x00\x00</data></match></read>
    <write><data>\xc3\x3c\x03\x00\x02\x00\x90\xf5</data></write>
    <read><length>9</length><match><data>\xc3\x3c3\x00\x03\x00\x03\x00\x00</data></match></read>
    <write><data>\xc3\x3c\x02\x00\x09\x00\x02\xb8Z\x01V\xd8\x02\xcaZ</data></write>
    <read><length>9</length><match><data>\xc3\x3c3\x00\x03\x00\x02\x00\x00</data></match></read>
    <write><data>\xc3\x3c\x0b\x00\x01\x00\x00</data></write>
    <read><length>18</length><match><data>\xc3\x3c3\x00\x0c\x00g\xe2THm\x0a\x88\xcb8\xb8\x92m</data></match></read>
    <write><data>\xc3\x3c\x01\x00\x06\x00\xb4\xf3\xa4r\x8c.</data></write>
    <read><length>9</length><match><data>\xc3\x3c3\x00\x03\x00\x01\x00\x00</data></match></read>
    <write><data>\xc3\x3c\x02\x00\x09\x00\x02\x9b\xcb\x01\xdd\x91\x02\xe2\x88</data></write>
    <read><length>9</length><match><data>\xc3\x3c3\x00\x03\x00\x02\x00\x00</data></match></read>
    <write><data>\xc3\x3c\x02\x00\x09\x00\x02\xc61\x01\xfe\x5f\x02\x5c\xb7</data></write>
    <read><length>9</length><match><data>\xc3\x3c3\x00\x03\x00\x02\x00\x00</data></match></read>
    <write><data>\xc3\x3c\x02\x00\x09\x00\x02qk\x01\xfbp\x02Qv</data></write>
    <read><length>9</length><match><data>\xc3\x3c3\x00\x03\x00\x02\x00\x08</data></match></read>
    <write><data>\xc3\x3c\x04\x00\x04\x00\xb4\xf3\x9a\xc0</data></write>
    <read><length>9</length><match><data>\xc3\x3c3\x00\x03\x00\x04\x00\x00</data></match></read>
    <write><data>\xc3\x3c\x0c\x00\x02\x00\xb4\xf3</data></write>
    <read><length>9</length><match><data>\xc3\x3c3\x00\x03\x00\x0c\x00\x00</data></match></read>
    <write><data>\xc3\x3c\x02\x00\x09\x00\x02Dy\x01\x25v\x02\xb2\x99</data></write>
    <read><length>9</length><match><data>\xc3\x3c3\x00\x03\x00\x02\x00\x08</data></match></read>
    <write><data>\xc3\x3c\x01\x00\x06\x00\xf9\x87\x7ca\xdfh</data></write>
    <read><length>9</length><match><data>\xc3\x3c3\x00\x03\x00\x01\x00\x00</data></match></read>
    <write><data>\xc3\x3c3\x00\x01\x00\x00</data></write>
    <read><length>11</length><match><data>\xc3\x3cDw\x05\x00\x0ahm.k</data></match></read>
    <write><data>\xc3\x3c\x02\x00\x09\x00\x02\xba\xe7\x01\xae\xe0\x02\xd2\xbb</data></write>
    <read><length>9</length><match><data>\xc3\x3c3\x00\x03\x00\x02\x00\x08</data></match></read>
    <write><data>\xc3\x3c\x0b\x00\x01\x00\x00</data></write>
    <read><length>24</length><match><data>\xc3\x3c3\x00\x12\x00\xf9\x87\x7ca\xdfhg\xe2THm\x0a\x88\xcb8\xb8\x92m</data></match></read>
    <write><data>\xc3\x3c3\x00\x01\x00\x00</data></write>
    <read><length>11</length><match><data>\xc3\x3cDw\x05\x00\x0ahm.k</data></match></read>
    <write><data>\xc3\x3c\x01\x00\x06\x00G.\x1a\xcd\x90m</data></write>
    <read><length>9</length><match><data>\xc3\x3c3\x00\x03\x00\x01\x00\x00</data></match></read>
    <write><data>\xc3\x3c\x03\x00\x02\x00\xb8Z</data></write>
    <read><length>9</length><match><data>\xc3\x3c3\x00\x03\x00\x03\x00\x00</data></match></read>
    <write><data>\xc3\x3c\x0b\x00\x01\x00\x00</data></write>
    <read><length>30</length><match><data>\xc3\x3c3\x00\x18\x00\xf9\x87\x7ca\xdfhG.\x1a\xcd\x90mg\xe2THm\x0a\x88\xcb8\xb8\x92m</data></match></read>
    <write><data>\xc3\x3c\x01\x00\x06\x00\x16\xb5F\x0b\xcb\x0a</data></write>
    <read><length>9</length><match><data>\xc3\x3c3\x00\x03\x00\x01\x00\x00</data></match></read>
    <write><data>\xc3\x3c\x0c\x00\x02\x00\x16\xb5</data></write>
    <read><length>9</length><match><data>\xc3\x3c3\x00\x03\x00\x0c\x00\x00</data></match></read>
    <write><data>\xc3\x3c\x0b\x00\x01\x00\x00</data></write>
    <read><length>30</length><match><data>\xc3\x3c3\x00\x18\x00\xf9\x87\x7ca\xdfhG.\x1a\xcd\x90mg\xe2THm\x0a\x88\xcb8\xb8\x92m</data></match></read>
    <write><data>\xc3\x3c\x03\x00\x02\x00\xb8Z</data></write>
    <read><length>9</length><match><data>\xc3\x3c3\x00\x03\x00\x03\x00\x00</data></match></read>
    <write><data>\xc3\x3c\x01\x00\x06\x00\xea\x0f\xe8\x148.</data></write>
    <read><length>9</length><match><data>\xc3\x3c3\x00\x03\x00\x01\x00\x00</data></match></read>
    <write><data>\xc3\x3c\x01\x00\x06\x00\x1b\x9e\xa0\x1a\x98\x0a</data></write>
    <read><length>9</length><match><data>\xc3\x3c3\x00\x03\x00\x01\x00\x00</data></match></read>
    <write><data>\xc3\x3c\x04\x00\x04\x00OG\xea\x8a</data></write>
    <read><length>9</length><match><data>\xc3\x3c3\x00\x03\x00\x04\x00\x04</data></match></read>
    <write><data>\xc3\x3c\x0b\x00\x01\x00\x00</data></write>
    <read><length>42</length><match><data>\xc3\x3c3\x00\x24\x00\xf9\x87\x7ca\xdfhG.\x1a\xcd\x90mg\xe2THm\x0a\x88\xcb8\xb8\x92m\xea\x0f\xe8\x148.\x1b\x9e\xa0\x1a\x98\x0a</data></match></read>
    <write><data>\xc3\x3c\x03\x00\x02\x00\xc61</data></write>
    <read><length>9</length><match><data>\xc3\x3c3\x00\x03\x00\x03\x00\x00</data></match></read>
    <write><data>\xc3\x3c\x01\x00\x06\x00a\xdc\xe2\x84\xd4k</data></write>
    <read><length>9</length><match><data>\xc3\x3c3\x00\x03\x00\x01\x00\x00</data></match></read>
    <write><data>\xc3\x3c\x0c\x00\x02\x00a\xdc</data></write>
    <read><length>9</length><match><data>\xc3\x3c3\x00\x03\x00\x0c\x00\x00</data></match></read>
    <write><data>\xc3\x3c\x03\x00\x02\x00mn</data></write>
    <read><length>9</length><match><data>\xc3\x3c3\x00\x03\x00\x03\x00\x00</data></match></read>
    <write><data>\xc3\x3c\x03\x00\x02\x00\x9b\xcb</data></write>
    <read><length>9</length><match><data>\xc3\x3c3\x00\x03\x00\x03\x00\x00</data></match></read>
    <write><data>\xc3\x3c\x02\x00\x09\x00\x02\xacj\x01\xd8\xda\x02\xbfl</data></write>
    <read><length>9</length><match><data>\xc3\x3c3\x00\x03\x00\x02\x00\x08</data></match></read>
    <write><data>\xc3\x3c\x0b\x00\x01\x00\x00</data></write>
    <read><length>42</length><match><data>\xc3\x3c3\x00\x24\x00\xf9\x87\x7ca\xdfhG.\x1a\xcd\x90mg\xe2THm\x0a\x88\xcb8\xb8\x92m\xea\x0f\xe8\x148.\x1b\x9e\xa0\x1a\x98\x0a</data></match></read>
    <write><data>\xc3\x3c\x01\x00\x06\x00\xde\x8eU\xddY.</data></write>
    <read><length>9</length><match><data>\xc3\x3c3\x00\x03\x00\x01\x00\x00</data></match></read>
    <write><data>\xc3\x3c\x0b\x00\x01\x00\x00</data></write>
    <read><length>48</length><match><data>\xc3\x3c3\x00\x2a\x00\xf9\x87\x7ca\xdfhG.\x1a\xcd\x90mg\xe2THm\x0a\x88\xcb8\xb8\x92m\xea\x0f\xe8\x148.\x1b\x9e\xa0\x1a\x98\x0a\xde\x8eU\xddY.</data></match></read>
    <write><data>\xc3\x3c\x01\x00\x06\x00m\xe8\x86\xef5h</data></write>
    <read><length>9</length><match><data>\xc3\x3c3\x00\x03\x00\x01\x00\x00</data></match></read>
    <write><data>\xc3\x3c\x04\x00\x04\x00\xde\x8e1\x7b</data></write>
    <read><length>9</length><match><data>\xc3\x3c3\x00\x03\x00\x04\x00\x00</data></match></read>
    <write><data>\xc3\x3c\x02\x00\x09\x00\x02\xb5\x29\x01\xd2\x7c\x02P\xc7</data></write>
    <read><length>9</length><match><data>\xc3\x3c3\x00\x03\x00\x02\x00\x08</data></match></read>
    <write><data>\xc3\x3c\x0b\x00\x01\x00\x00</data></write>
    <read><length>54</length><match><data>\xc3\x3c3\x000\x00\xf9\x87\x7ca\xdfhG.\x1a\xcd\x90mg\xe2THm\x0a\x88\xcb8\xb8\x92m\xea\x0f\xe8\x148.\x1b\x9e\xa0\x1a\x98\x0a\xde\x8eU\xddY.m\xe8\x86\xef5h</data></match></read>
    <write><data>\xc3\x3c3\x00\x01\x00\x00</data></write>
    <read><length>11</length><match><data>\xc3\x3cDw\x05\x00\x0ahm.k</data></match></read>
    <write><data>\xc3\x3c\x04\x00\x04\x00\xde\x8e\x05\x01</data></write>
    <read><length>9</length><match><data>\xc3\x3c3\x00\x03\x00\x04\x00\x00</data></match></read>
    <write><data>\xc3\x3c\x04\x00\x04\x00\xde\x8e\xf4p</data></write>
    <read><length>9</length><match><data>\xc3\x3c3\x00\x03\x00\x04\x00\x00</data></match></read>
    <write><data>\xc3\x3c\x03\x00\x02\x00\xb8Z</data></write>
    <read><length>9</length><match><data>\xc3\x3c3\x00\x03\x00\x03\x00\x00</data></match></read>
    <write><data>\xc3\x3c\x02\x00\x09\x00\x02J\xb0\x016W\x02\xba\xc5</data></write>
    <read><length>9</length><match><data>\xc3\x3c3\x00\x03\x00\x02\x00\x08</data></match></read>
    <write><data>\xc3\x3c\x01\x00\x06\x00\x7c\x17\x7b\x96\xd3.</data></write>
    <read><length>9</length><match><data>\xc3\x3c3\x00\x03\x00\x01\x00\x00</data></match></read>
    <write><data>\xc3\x3c\x01\x00\x06\x00\xc0n6\xd2\xcb.</data></write>
    <read><length>9</length><match><data>\xc3\x3c3\x00\x03\x00\x01\x00\x0c</data></match></read>
    <write><data>\xc3\x3c\x0c\x00\x02\x00\xea\x0f</data></write>
    <read><length>9</length><match><data>\xc3\x3c3\x00\x03\x00\x0c\x00\x00</data></match></read>
    <write><data>\xc3\x3c\x01\x00\x06\x00\xe7\xb9\x3e\xcfW\x0a</data></write>
    <read><length>9</length><match><data>\xc3\x3c3\x00\x03\x00\x01\x00\x00</data></match></read>
    <write><data>\xc3\x3c\x03\x00\x02\x00\xc61</data></write>
    <read><length>9</length><match><data>\xc3\x3c3\x00\x03\x00\x03\x00\x00</data></match></read>
    <write><data>\xc3\x3c\x01\x00\x06\x00\xaf\xac\xf9\x11\x29h</data></write>
    <read><length>9</length><match><data>\xc3\x3c3\x00\x03\x00\x01\x00\x00</data></match></read>
    <write><data>\xc3\x3c\x0b\x00\x01\x00\x00</data></write>
    <read><length>66</length><match><data>\xc3\x3c3\x00\x3c\x00\xf9\x87\x7ca\xdfhG.\x1a\xcd\x90mg\xe2THm\x0a\x88\xcb8\xb8\x92m\x1b\x9e\xa0\x1a\x98\x0a\x7c\x17\x7b\x96\xd3.\xe7\xb9\x3e\xcfW\x0a\xde\x8eU\xddY.m\xe8\x86\xef5h\xaf\xac\xf9\x11\x29h</data></match></read>
    <write><data>\xc3\x3c\x02\x00\x09\x00\x02\xc6\xa5\x010A\x02\x3c\xd5</data></write>
    <read><length>9</length><match><data>\xc3\x3c3\x00\x03\x00\x02\x00\x08</data></match></read>
    <write><data>\xc3\x3c\x0b\x00\x01\x00\x00</data></write>
    <read><length>66</length><match><data>\xc3\x3c3\x00\x3c\x00\xf9\x87\x7ca\xdfhG.\x1a\xcd\x90mg\xe2THm\x0a\x88\xcb8\xb8\x92m\x1b\x9e\xa0\x1a\x98\x0a\x7c\x17\x7b\x96\xd3.\xe7\xb9\x3e\xcfW\x0a\xde\x8eU\xddY.m\xe8\x86\xef5h\xaf\xac\xf9\x11\x29h</data></match></read>
    <write><data>\xc3\x3c3\x00\x01\x00\x00</data></write>
    <read><length>11</length><match><data>\xc3\x3cDw\x05\x00\x0ahm.k</data></match></read>
    <write><data>\xc3\x3c\x02\x00\x09\x00\x02\xa3\x80\x011\xb1\x02\xf8\x5f</data></write>
    <read><length>9</length><match><data>\xc3\x3c3\x00\x03\x00\x02\x00\x08</data></match></read>
    <write><data>\xc3\x3c\x02\x00\x09\x00\x02\xa4\xe3\x01\x92y\x02s\xb4</data></write>
    <read><length>9</length><match><data>\xc3\x3c3\x00\x03\x00\x02\x00\x08</data></match></read>
    <write><data>\xc3\x3c\x02\x00\x09\x00\x02\x09\xe0\x01\x27\x0a\x02\x05\x80</data></write>
    <read><length>9</length><match><data>\xc3\x3c3\x00\x03\x00\x02\x00\x08</data></match></read>
    <write><data>\xc3\x3c\x0c\x00\x02\x00\xaf\xac</data></write>
    <read><length>9</length><match><data>\xc3\x3c3\x00\x03\x00\x0c\x00\x00</data></match></read>
    <write><data>\xc3\x3c\x02\x00\x09\x00\x02\xb3\x96\x01\xf3\x22\x02\x2b\x5c</data></write>
    <read><length>9</length><match><data>\xc3\x3c3\x00\x03\x00\x02\x00\x08</data></match></read>
    <write><data>\xc3\x3c\x0b\x00\x01\x00\x00</data></write>
    <read><length>60</length><match><data>\xc3\x3c3\x006\x00\xf9\x87\x7ca\xdfhG.\x1a\xcd\x90mg\xe2THm\x0a\x88\xcb8\xb8\x92m\x1b\x9e\xa0\x1a\x98\x0a\x7c\x17\x7b\x96\xd3.\xe7\xb9\x3e\xcfW\x0a\xde\x8eU\xddY.m\xe8\x86\xef5h</data></match></read>
    <write><data>\xc3\x3c\x02\x00\x09\x00\x02! \x01\xf8T\x02\xbf\xc3</data></write>
    <read><length>9</length><match><data>\xc3\x3c3\x00\x03\x00\x02\x00\x08</data></match></read>
    <write><data>\xc3\x3c\x03\x00\x02\x002y</data></write>
    <read><length>9</length><match><data>\xc3\x3c3\x00\x03\x00\x03\x00\x00</data></match></read>
    <write><data>\xc3\x3c\x03\x00\x02\x00\xc61</data></write>
    <read><length>9</length><match><data>\xc3\x3c3\x00\x03\x00\x03\x00\x00</data></match></read>
    <write><data>\xc3\x3c\x04\x00\x04\x00\x17\xd7r\xdc</data></write>
    <read><length>9</length><match><data>\xc3\x3c3\x00\x03\x00\x04\x00\x04</data></match></read>
    <write><data>\xc3\x3c\x03\x00\x02\x00mn</data></write>
    <read><length>9</length><match><data>\xc3\x3c3\x00\x03\x00\x03\x00\x00</data></match></read>
    <write><data>\xc3\x3c\x0b\x00\x01\x00\x00</data></write>
    <read><length>60</length><match><data>\xc3\x3c3\x006\x00\xf9\x87\x7ca\xdfhG.\x1a\xcd\x90mg\xe2THm\x0a\x88\xcb8\xb8\x92m\x1b\x9e\xa0\x1a\x98\x0a\x7c\x17\x7b\x96\xd3.\xe7\xb9\x3e\xcfW\x0a\xde\x8eU\xddY.m\xe8\x86\xef5h</data></match></read>
    <write><data>\xc3\x3c\x04\x00\x04\x00\x88\xcb\xd5k</data></write>
    <read><length>9</length><match><data>\xc3\x3c3\x00\x03\x00\x04\x00\x00</data></match></read>
    <write><data>\xc3\x3c\x02\x00\x09\x00\x027\x86\x01B\x5d\x02y\xce</data></write>
    <read><length>9</length><match><data>\xc3\x3c3\x00\x03\x00\x02\x00\x08</data></match></read>
    <write><data>\xc3\x3c\x0b\x00\x01\x00\x00</data></write>
    <read><length>60</length><match><data>\xc3\x3c3\x006\x00\xf9\x87\x7ca\xdfhG.\x1a\xcd\x90mg\xe2THm\x0a\x88\xcb8\xb8\x92m\x1b\x9e\xa0\x1a\x98\x0a\x7c\x17\x7b\x96\xd3.\xe7\xb9\x3e\xcfW\x0a\xde\x8eU\xddY.m\xe8\x86\xef5h</data></match></read>
    <write><data>\xc3\x3c\x01\x00\x06\x00O\x82\xf4\xab\x5dk</data></write>
    <read><length>9</length><match><data>\xc3\x3c3\x00\x03\x00\x01\x00\x00</data></match></read>
    <write><data>\xc3\x3c\x01\x00\x06\x00\x7e\xe4V \x07k</data></write>
    <read><length>9</length><match><data>\xc3\x3c3\x00\x03\x00\x01\x00\x0c</data></match></read>
    <write><data>\xc3\x3c\x0b\x00\x01\x00\x00</data></write>
    <read><length>66</length><match><data>\xc3\x3c3\x00\x3c\x00\xf9\x87\x7ca\xdfhG.\x1a\xcd\x90mg\xe2THm\x0a\x88\xcb8\xb8\x92mO\x82\xf4\xab\x5dk\x1b\x9e\xa0\x1a\x98\x0a\x7c\x17\x7b\x96\xd3.\xe7\xb9\x3e\xcfW\x0a\xde\x8eU\xddY.m\xe8\x86\xef5h</data></match></read>
    <write><data>\xc3\x3c\x04\x00\x04\x00\xf1o\xe4\x07</data></write>
    <read><length>9</length><match><data>\xc3\x3c3\x00\x03\x00\x04\x00\x04</data></match></read>
    <write><data>\xc3\x3c\x04\x00\x04\x00\x88\xcb\xe7\x85</data></write>
    <read><length>9</length><match><data>\xc3\x3c3\x00\x03\x00\x04\x00\x00</data></match></read>
    <write><data>\xc3\x3c3\x00\x01\x00\x00</data></write>
    <read><length>11</length><match><data>\xc3\x3cDw\x05\x00\x0ahm.k</data></match></read>
    <write><data>\xc3\x3c3\x00\x01\x00\x00</data></write>
    <read><length>11</length><match><data>\xc3\x3cDw\x05\x00\x0ahm.k</data></match></read>
    <write><data>\xc3\x3c\x04\x00\x04\x00O\x82\x0a\x2d</data></write>
    <read><length>9</length><match><data>\xc3\x3c3\x00\x03\x00\x04\x00\x00</data></match></read>
    <write><data>\xc3\x3c\x0c\x00\x02\x00g\xe2</data></write>
    <read><length>9</length><match><data>\xc3\x3c3\x00\x03\x00\x0c\x00\x00</data></match></read>
    <write><data>\xc3\x3c\x0c\x00\x02\x00\x88\xcb</data></write>
    <read><length>9</length><match><data>\xc3\x3c3\x00\x03\x00\x0c\x00\x00</data></match></read>
    <write><data>\xc3\x3c\x03\x00\x02\x00mn</data></write>
    <read><length>9</length><match><data>\xc3\x3c3\x00\x03\x00\x03\x00\x00</data></match></read>
    <write><data>\xc3\x3c3\x00\x01\x00\x00</data></write>
    <read><length>11</length><match><data>\xc3\x3cDw\x05\x00\x0ahm.k</data></match></read>
    <write><data>\xc3\x3c\x0b\x00\x01\x00\x00</data></write>
    <read><length>54</length><match><data>\xc3\x3c3\x000\x00\xf9\x87\x7ca\xdfhG.\x1a\xcd\x90mO\x82\xf4\xab\x5dk\x1b\x9e\xa0\x1a\x98\x0a\x7c\x17\x7b\x96\xd3.\xe7\xb9\x3e\xcfW\x0a\xde\x8eU\xddY.m\xe8\x86\xef5h</data></match></read>
    <write><data>\xc3\x3c\x04\x00\x04\x00O\x82\xb8\x07</data></write>
    <read><length>9</length><match><data>\xc3\x3c3\x00\x03\x00\x04\x00\x00</data></match></read>
    <write><data>\xc3\x3c\x01\x00\x06\x00\xfeGeoq.</data></write>
    <read><length>9</length><match><data>\xc3\x3c3\x00\x03\x00\x01\x00\x00</data></match></read>
    <write><data>\xc3\x3c3\x00\x01\x00\x00</data></write>
    <read><length>11</length><match><data>\xc3\x3cDw\x05\x00\x0ahm.k</data></match></read>
    <write><data>\xc3\x3c\x04\x00\x04\x00O\x82\x9e\xa1</data></write>
    <read><length>9</length><match><data>\xc3\x3c3\x00\x03\x00\x04\x00\x00</data></match></read>
    <write><data>\xc3\x3c3\x00\x01\x00\x00</data></write>
    <read><length>11</length><match><data>\xc3\x3cDw\x05\x00\x0ahm.k</data></match></read>
    <write><data>\xc3\x3c\x02\x00\x09\x00\x02cr\x01\xbdN\x02a\x05</data></write>
    <read><length>9</length><match><data>\xc3\x3c3\x00\x03\x00\x02\x00\x08</data></match></read>
    <write><data>\xc3\x3c3\x00\x01\x00\x00</data></write>
    <read><length>11</length><match><data>\xc3\x3cDw\x05\x00\x0ahm.k</data></match></read>
    <write><data>\xc3\x3c\x03\x00\x02\x00\xc61</data></write>
    <read><length>9</length><match><data>\xc3\x3c3\x00\x03\x00\x03\x00\x00</data></match></read>
    <write><data>\xc3\x3c\x03\x00\x02\x00\x90\xf5</data></write>
    <read><length>9</length><match><data>\xc3\x3c3\x00\x03\x00\x03\x00\x00</data></match></read>
    <write><data>\xc3\x3c3\x00\x01\x00\x00</data></write>
    <read><length>11</length><match><data>\xc3\x3cDw\x05\x00\x0ahm.k</data></match></read>
    <write><data>\xc3\x3c3\x00\x01\x00\x00</data></write>
    <read><length>11</length><match><data>\xc3\x3cDw\x05\x00\x0ahm.k</data></match></read>
    <write><data>\xc3\x3c\x0b\x00\x01\x00\x00</data></write>
    <read><length>60</length><match><data>\xc3\x3c3\x006\x00\xf9\x87\x7ca\xdfhG.\x1a\xcd\x90mO\x82\xf4\xab\x5dk\xfeGeoq.\x1b\x9e\xa0\x1a\x98\x0a\x7c\x17\x7b\x96\xd3.\xe7\xb9\x3e\xcfW\x0a\xde\x8eU\xddY.m\xe8\x86\xef5h</data></match></read>
    <write><data>\xc3\x3c\x02\x00\x09\x00\x02x\x9f\x01a\xc8\x02GX</data></write>
    <read><length>9</length><match><data>\xc3\x3c3\x00\x03\x00\x02\x00\x08</data></match></read>
    <write><data>\xc3\x3c\x01\x00\x06\x00\xb4\xcb\xb0\x1a\x96\x0a</data></write>
    <read><length>9</length><match><data>\xc3\x3c3\x00\x03\x00\x01\x00\x00</data></match></read>
    <write><data>\xc3\x3c\x04\x00\x04\x00G.\xaeZ</data></write>
    <read><length>9</length><match><data>\xc3\x3c3\x00\x03\x00\x04\x00\x00</data></match></read>
    <write><data>\xc3\x3c\x02\x00\x09\x00\x02\xed\xc5\x01m\xf1\x02\xbf\x1d</data></write>
    <read><length>9</length><match><data>\xc3\x3c3\x00\x03\x00\x02\x00\x08</data></match></read>
    <write><data>\xc3\x3c\x0c\x00\x02\x00G.</data></write>
    <read><length>9</length><match><data>\xc3\x3c3\x00\x03\x00\x0c\x00\x00</data></match></read>
    <write><data>\xc3\x3c\x0b\x00\x01\x00\x00</data></write>
    <read><length>60</length><match><data>\xc3\x3c3\x006\x00\xf9\x87\x7ca\xdfh\xb4\xcb\xb0\x1a\x96\x0aO\x82\xf4\xab\x5dk\xfeGeoq.\x1b\x9e\xa0\x1a\x98\x0a\x7c\x17\x7b\x96\xd3.\xe7\xb9\x3e\xcfW\x0a\xde\x8eU\xddY.m\xe8\x86\xef5h</data></match></read>
    <write><data>\xc3\x3c\x04\x00\x04\x00\xf9\x87\x90k</data></write>
    <read><length>9</length><match><data>\xc3\x3c3\x00\x03\x00\x04\x00\x00</data></match></read>
    <write><data>\xc3\x3c\x0b\x00\x01\x00\x00</data></write>
    <read><length>60</length><match><data>\xc3\x3c3\x006\x00\xf9\x87\x7ca\xdfh\xb4\xcb\xb0\x1a\x96\x0aO\x82\xf4\xab\x5dk\xfeGeoq.\x1b\x9e\xa0\x1a\x98\x0a\x7c\x17\x7b\x96\xd3.\xe7\xb9\x3e\xcfW\x0a\xde\x8eU\xddY.m\xe8\x86\xef5h</data></match></read>
    <write><data>\xc3\x3c\x04\x00\x04\x00\xf9\x87\x2d\xda</data></write>
    <read><length>9</length><match><data>\xc3\x3c3\x00\x03\x00\x04\x00\x00</data></match></read>
    <write><data>\xc3\x3c\x0c\x00\x02\x00\xb4\xcb</data></write>
    <read><length>9</length><match><data>\xc3\x3c3\x00\x03\x00\x0c\x00\x00</data></match></read>
    <write><data>\xc3\x3c\x0b\x00\x01\x00\x00</data></write>
    <read><length>54</length><match><data>\xc3\x3c3\x000\x00\xf9\x87\x7ca\xdfhO\x82\xf4\xab\x5dk\xfeGeoq.\x1b\x9e\xa0\x1a\x98\x0a\x7c\x17\x7b\x96\xd3.\xe7\xb9\x3e\xcfW\x0a\xde\x8eU\xddY.m\xe8\x86\xef5h</data></match></read>
    <write><data>\xc3\x3c\x03\x00\x02\x00mn</data></write>
    <read><length>9</length><match><data>\xc3\x3c3\x00\x03\x00\x03\x00\x00</data></match></read>
    <write><data>\xc3\x3c\x0c\x00\x02\x00\xfeG</data></write>
    <read><length>9</length><match><data>\xc3\x3c3\x00\x03\x00\x0c\x00\x00</data></match></read>
    <write><data>\xc3\x3c\x03\x00\x02\x00\xb8Z</data></write>
    <read><length>9</length><match><data>\xc3\x3c3\x00\x03\x00\x03\x00\x00</data></match></read>
    <write><data>\xc3\x3c3\x00\x01\x00\x00</data></write>
    <read><length>11</length><match><data>\xc3\x3cDw\x05\x00\x0ahm.k</data></match></read>
    <write><data>\xc3\x3c\x03\x00\x02\x00\xb8Z</data></write>
    <read><length>9</length><match><data>\xc3\x3c3\x00\x03\x00\x03\x00\x00</data></match></read>
    <write><data>\xc3\x3c\x02\x00\x09\x00\x02\xa8\x9a\x01\xf7\x0a\x02\xf7Y</data></write>
    <read><length>9</length><match><data>\xc3\x3c3\x00\x03\x00\x02\x00\x08</data></match></read>
    <write><data>\xc3\x3c\x04\x00\x04\x00\x1b\x9e\xc7\x2f</data></write>
    <read><length>9</length><match><data>\xc3\x3c3\x00\x03\x00\x04\x00\x00</data></match></read>
    <write><data>\xc3\x3c\x0c\x00\x02\x00\x1b\x9e</data></write>
    <read><length>9</length><match><data>\xc3\x3c3\x00\x03\x00\x0c\x00\x00</data></match></read>
    <write><data>\xc3\x3c\x03\x00\x02\x00\x90\xf5</data></write>
    <read><length>9</length><match><data>\xc3\x3c3\x00\x03\x00\x03\x00\x00</data></match></read>
    <write><data>\xc3\x3c\x0c\x00\x02\x00\xf9\x87</data></write>
    <read><length>9</length><match><data>\xc3\x3c3\x00\x03\x00\x0c\x00\x00</data></match></read>
    <write><data>\xc3\x3c\x0b\x00\x01\x00\x00</data></write>
    <read><length>36</length><match><data>\xc3\x3c3\x00\x1e\x00O\x82\xf4\xab\x5dk\x7c\x17\x7b\x96\xd3.\xe7\xb9\x3e\xcfW\x0a\xde\x8eU\xddY.m\xe8\x86\xef5h</data></match></read>
    <write><data>\xc3\x3c\x0b\x00\x01\x00\x00</data></write>
    <read><length>36</length><match><data>\xc3\x3c3\x00\x1e\x00O\x82\xf4\xab\x5dk\x7c\x17\x7b\x96\xd3.\xe7\xb9\x3e\xcfW\x0a\xde\x8eU\xddY.m\xe8\x86\xef5h</data></match></read>
    <write><data>\xc3\x3c\x02\x00\x09\x00\x02\x1cm\x01a6\x02\x19\x91</data></write>
    <read><length>9</length><match><data>\xc3\x3c3\x00\x03\x00\x02\x00\x08</data></match></read>
    <write><data>\xc3\x3c\x03\x00\x02\x00\xc61</data></write>
    <read><length>9</length><match><data>\xc3\x3c3\x00\x03\x00\x03\x00\x00</data></match></read>
    <write><data>\xc3\x3c\x0b\x00\x01\x00\x00</data></write>
    <read><length>36</length><match><data>\xc3\x3c3\x00\x1e\x00O\x82\xf4\xab\x5dk\x7c\x17\x7b\x96\xd3.\xe7\xb9\x3e\xcfW\x0a\xde\x8eU\xddY.m\xe8\x86\xef5h</data></match></read>
    <write><data>\xc3\x3c3\x00\x01\x00\x00</data></write>
    <read><length>11</length><match><data>\xc3\x3cDw\x05\x00\x0ahm.k</data></match></read>
    <write><data>\xc3\x3c\x01\x00\x06\x00\xad\x03\xac\x1e\x5c.</data></write>
    <read><length>9</length><match><data>\xc3\x3c3\x00\x03\x00\x01\x00\x00</data></match></read>
    <write><data>\xc3\x3c\x01\x00\x06\x00\x8a\x8a\xae\x80\x8ck</data></write>
    <read><length>9</length><match><data>\xc3\x3c3\x00\x03\x00\x01\x00\x00</data></match></read>
    <write><data>\xc3\x3c\x01\x00\x06\x00\xd0\x19aW\xcch</data></write>
    <read><length>9</length><match><data>\xc3\x3c3\x00\x03\x00\x01\x00\x00</data></match></read>
    <write><data>\xc3\x3c3\x00\x01\x00\x00</data></write>
    <read><length>11</length><match><data>\xc3\x3cDw\x05\x00\x0ahm.k</data></match></read>
    <write><data>\xc3\x3c\x02\x00\x09\x00\x02\xb1\x07\x01\xae\xba\x02\xf6\x1c</data></write>
    <read><length>9</length><match><data>\xc3\x3c3\x00\x03\x00\x02\x00\x08</data></match></read>
    <write><data>\xc3\x3c\x0b\x00\x01\x00\x00</data></write>
    <read><length>54</length><match><data>\xc3\x3c3\x000\x00O\x82\xf4\xab\x5dk\x7c\x17\x7b\x96\xd3.\xe7\xb9\x3e\xcfW\x0a\xde\x8eU\xddY.m\xe8\x86\xef5h\xad\x03\xac\x1e\x5c.\x8a\x8a\xae\x80\x8ck\xd0\x19aW\xcch</data></match></read>
    <write><data>\xc3\x3c\x04\x00\x04\x00\x8a\x8awE</data></write>
    <read><length>9</length><match><data>\xc3\x3c3\x00\x03\x00\x04\x00\x00</data></match></read>
    <write><data>\xc3\x3c\x03\x00\x02\x00\x90\xf5</data></write>
    <read><length>9</length><match><data>\xc3\x3c3\x00\x03\x00\x03\x00\x00</data></match></read>
    <write><data>\xc3\x3c3\x00\x01\x00\x00</data></write>
    <read><length>11</length><match><data>\xc3\x3cDw\x05\x00\x0ahm.k</data></match></read>
    <write><data>\xc3\x3c\x02\x00\x09\x00\x02\xd6\x8c\x01\x08\x95\x02\x95\xe2</data></write>
    <read><length>9</length><match><data>\xc3\x3c3\x00\x03\x00\x02\x00\x08</data></match></read>
    <write><data>\xc3\x3c\x01\x00\x06\x00\x3d\xe05x .</data></write>
    <read><length>9</length><match><data>\xc3\x3c3\x00\x03\x00\x01\x00\x00</data></match></read>
    <write><data>\xc3\x3c\x0b\x00\x01\x00\x00</data></write>
    <read><length>60</length><match><data>\xc3\x3c3\x006\x00\x3d\xe05x .O\x82\xf4\xab\x5dk\x7c\x17\x7b\x96\xd3.\xe7\xb9\x3e\xcfW\x0a\xde\x8eU\xddY.m\xe8\x86\xef5h\xad\x03\xac\x1e\x5c.\x8a\x8a\xae\x80\x8ck\xd0\x19aW\xcch</data></match></read>
    <write><data>\xc3\x3c\x04\x00\x04\x00\x3d\xe0\xc5\x5f</data></write>
    <read><length>9</length><match><data>\xc3\x3c3\x00\x03\x00\x04\x00\x00</data></match></read>
    <write><data>\xc3\x3c\x03\x00\x02\x00mn</data></write>
    <read><length>9</length><match><data>\xc3\x3c3\x00\x03\x00\x03\x00\x00</data></match></read>
    <write><data>\xc3\x3c\x0b\x00\x01\x00\x00</data></write>
    <read><length>60</length><match><data>\xc3\x3c3\x006\x00\x3d\xe05x .O\x82\xf4\xab\x5dk\x7c\x17\x7b\x96\xd3.\xe7\xb9\x3e\xcfW\x0a\xde\x8eU\xddY.m\xe8\x86\xef5h\xad\x03\xac\x1e\x5c.\x8a\x8a\xae\x80\x8ck\xd0\x19aW\xcch</data></match></read>
    <write><data>\xc3\x3c\x01\x00\x06\x00\x17\xc1\xcaiI.</data></write>
    <read><length>9</length><match><data>\xc3\x3c3\x00\x03\x00\x01\x00\x00</data></match></read>
    <write><data>\xc3\x3c\x0b\x00\x01\x00\x00</data></write>
    <read><length>66</length><match><data>\xc3\x3c3\x00\x3c\x00\x3d\xe05x .O\x82\xf4\xab\x5dk\x17\xc1\xcaiI.\x7c\x17\x7b\x96\xd3.\xe7\xb9\x3e\xcfW\x0a\xde\x8eU\xddY.m\xe8\x86\xef5h\xad\x03\xac\x1e\x5c.\x8a\x8a\xae\x80\x8ck\xd0\x19aW\xcch</data></match></read>
    <write><data>\xc3\x3c\x0b\x00\x01\x00\x00</data></write>
    <read><length>66</length><match><data>\xc3\x3c3\x00\x3c\x00\x3d\xe05x .O\x82\xf4\xab\x5dk\x17\xc1\xcaiI.\x7c\x17\x7b\x96\xd3.\xe7\xb9\x3e\xcfW\x0a\xde\x8eU\xddY.m\xe8\x86\xef5h\xad\x03\xac\x1e\x5c.\x8a\x8a\xae\x80\x8ck\xd0\x19aW\xcch</data></match></read>
    <write><data>\xc3\x3c3\x00\x01\x00\x00</data></write>
    <read><length>11</length><match><data>\xc3\x3cDw\x05\x00\x0ahm.k</data></match></read>
    <write><data>\xc3\x3c3\x00\x01\x00\x00</data></write>
    <read><length>11</length><match><data>\xc3\x3cDw\x05\x00\x0ahm.k</data></match></read>
    <write><data>\xc3\x3c\x0c\x00\x02\x00\x17\xc1</data></write>
    <read><length>9</length><match><data>\xc3\x3c3\x00\x03\x00\x0c\x00\x00</data></match></read>
    <write><data>\xc3\x3c\x0c\x00\x02\x00O\x82</data></write>
    <read><length>9</length><match><data>\xc3\x3c3\x00\x03\x00\x0c\x00\x00</data></match></read>
    <write><data>\xc3\x3c\x0b\x00\x01\x00\x00</data></write>
    <read><length>54</length><match><data>\xc3\x3c3\x000\x00\x3d\xe05x .\x7c\x17\x7b\x96\xd3.\xe7\xb9\x3e\xcfW\x0a\xde\x8eU\xddY.m\xe8\x86\xef5h\xad\x03\xac\x1e\x5c.\x8a\x8a\xae\x80\x8ck\xd0\x19aW\xcch</data></match></read>
    <write><data>\xc3\x3c\x03\x00\x02\x00\x90\xf5</data></write>
    <read><length>9</length><match><data>\xc3\x3c3\x00\x03\x00\x03\x00\x00</data></match></read>
    <write><data>\xc3\x3c3\x00\x01\x00\x00</data></write>
    <read><length>11</length><match><data>\xc3\x3cDw\x05\x00\x0ahm.k</data></match></read>
    <write><data>\xc3\x3c\x0b\x00\x01\x00\x00</data></write>
    <read><length>54</length><match><data>\xc3\x3c3\x000\x00\x3d\xe05x .\x7c\x17\x7b\x96\xd3.\xe7\xb9\x3e\xcfW\x0a\xde\x8eU\xddY.m\xe8\x86\xef5h\xad\x03\xac\x1e\x5c.\x8a\x8a\xae\x80\x8ck\xd0\x19aW\xcch</data></match></read>
    <write><data>\xc3\x3c\x01\x00\x06\x00\x84L\x3d\xcf\x60m</data></write>
    <read><length>9</length><match><data>\xc3\x3c3\x00\x03\x00\x01\x00\x00</data></match></read>
    <write><data>\xc3\x3c\x02\x00\x09\x00\x02\xc5\x11\x01\xd0\x03\x02\xb0\xee</data></write>
    <read><length>9</length><match><data>\xc3\x3c3\x00\x03\x00\x02\x00\x08</data></match></read>
    <write><data>\xc3\x3c\x0b\x00\x01\x00\x00</data></write>
    <read><length>60</length><match><data>\xc3\x3c3\x006\x00\x3d\xe05x .\x84L\x3d\xcf\x60m\x7c\x17\x7b\x96\xd3.\xe7\xb9\x3e\xcfW\x0a\xde\x8eU\xddY.m\xe8\x86\xef5h\xad\x03\xac\x1e\x5c.\x8a\x8a\xae\x80\x8ck\xd0\x19aW\xcch</data></match></read>
    <write><data>\xc3\x3c\x02\x00\x09\x00\x02p\x2d\x01\xeb\x81\x024\x3b</data></write>
    <read><length>9</length><match><data>\xc3\x3c3\x00\x03\x00\x02\x00\x08</data></match></read>
    <write><data>\xc3\x3c\x03\x00\x02\x00\x90\xf5</data></write>
    <read><length>9</length><match><data>\xc3\x3c3\x00\x03\x00\x03\x00\x00</data></match></read>
    <write><data>\xc3\x3c\x0c\x00\x02\x00\x3d\xe0</data></write>
    <read><length>9</length><match><data>\xc3\x3c3\x00\x03\x00\x0c\x00\x00</data></match></read>
    <write><data>\xc3\x3c\x01\x00\x06\x00\xda\x06\xf9\xb2\x1eh</data></write>
    <read><length>9</length><match><data>\xc3\x3c3\x00\x03\x00\x01\x00\x00</data></match></read>
    <write><data>\xc3\x3c\x0b\x00\x01\x00\x00</data></write>
    <read><length>60</length><match><data>\xc3\x3c3\x006\x00\x84L\x3d\xcf\x60m\xda\x06\xf9\xb2\x1eh\x7c\x17\x7b\x96\xd3.\xe7\xb9\x3e\xcfW\x0a\xde\x8eU\xddY.m\xe8\x86\xef5h\xad\x03\xac\x1e\x5c.\x8a\x8a\xae\x80\x8ck\xd0\x19aW\xcch</data></match></read>
    <write><data>\xc3\x3c\x04\x00\x04\x00\x84L\x15\x5c</data></write>
    <read><length>9</length><match><data>\xc3\x3c3\x00\x03\x00\x04\x00\x00</data></match></read>
    <write><data>\xc3\x3c3\x00\x01\x00\x00</data></write>
    <read><length>11</length><match><data>\xc3\x3cDw\x05\x00\x0ahm.k</data></match></read>
    <write><data>\xc3\x3c\x0c\x00\x02\x00\xda\x06</data></write>
    <read><length>9</length><match><data>\xc3\x3c3\x00\x03\x00\x0c\x00\x00</data></match></read>
    <write><data>\xc3\x3c\x02\x00\x09\x00\x02\xc1A\x01\x93\x08\x02\xbb\xcd</data></write>
    <read><length>9</length><match><data>\xc3\x3c3\x00\x03\x00\x02\x00\x08</data></match></read>
    <write><data>\xc3\x3c\x03\x00\x02\x00\xb8Z</data></write>
    <read><length>9</length><match><data>\xc3\x3c3\x00\x03\x00\x03\x00\x00</data></match></read>
    <write><data>\xc3\x3c\x04\x00\x04\x00\xe7\xb9\xf5\xb1</data></write>
    <read><length>9</length><match><data>\xc3\x3c3\x00\x03\x00\x04\x00\x00</data></match></read>
    <write><data>\xc3\x3c\x04\x00\x04\x00\xe7\xb9P\x8f</data></write>
    <read><length>9</length><match><data>\xc3\x3c3\x00\x03\x00\x04\x00\x00</data></match></read>
    <write><data>\xc3\x3c\x01\x00\x06\x00\xc5\xcd\x7c\x60bm</data></write>
    <read><length>9</length><match><data>\xc3\x3c3\x00\x03\x00\x01\x00\x00</data></match></read>
    <write><data>\xc3\x3c\x03\x00\x02\x00mn</data></write>
    <read><length>9</length><match><data>\xc3\x3c3\x00\x03\x00\x03\x00\x00</data></match></read>
    <write><data>\xc3\x3c3\x00\x01\x00\x00</data></write>
    <read><length>11</length><match><data>\xc3\x3cDw\x05\x00\x0ahm.k</data></match></read>
    <write><data>\xc3\x3c3\x00\x01\x00\x00</data></write>
    <read><length>11</length><match><data>\xc3\x3cDw\x05\x00\x0ahm.k</data></match></read>
    <write><data>\xc3\x3c\xff\x00\x01\x00\x00</data></write>
</replay>
</pov>