<?xml version="1.0" standalone="no" ?>
<!DOCTYPE pov SYSTEM "/usr/share/cgc-docs/replay.dtd">
<pov>
<cbid>service</cbid>
<seed>527aac33d7ae2967d49a422d5f9c277beceed6420410613d6c736c29bbe7353b2a8758ac56b9c230de251e74eebfe835</seed>
<replay>
    <write><data>\xc3\x3c\x02\x00\x09\x00\x02\xc9\x8a\x01\x26\xdf\x02\x7b\xa4</data></write>
    <read><length>9</length><match><data>\xc3\x3c3\x00\x03\x00\x02\x00\x00</data></match></read>
    <write><data>\xc3\x3c\x0b\x00\x01\x00\x00</data></write>
    <read><length>6</length><match><data>\xc3\x3c3\x00\x00\x00</data></match></read>
    <write><data>\xc3\x3c\x01\x00\x06\x00l\x3c\xcc\x15E\xa4</data></write>
    <read><length>9</length><match><data>\xc3\x3c3\x00\x03\x00\x01\x00\x03</data></match></read>
    <write><data>\xc3\x3c\x0b\x00\x01\x00\x00</data></write>
    <read><length>6</length><match><data>\xc3\x3c3\x00\x00\x00</data></match></read>
    <write><data>\xc3\x3c\x0b\x00\x01\x00\x00</data></write>
    <read><length>6</length><match><data>\xc3\x3c3\x00\x00\x00</data></match></read>
    <write><data>\xc3\x3c\x0b\x00\x01\x00\x00</data></write>
    <read><length>6</length><match><data>\xc3\x3c3\x00\x00\x00</data></match></read>
    <write><data>\xc3\x3c\x01\x00\x06\x000\x07\x15\x97\xcc\x8d</data></write>
    <read><length>9</length><match><data>\xc3\x3c3\x00\x03\x00\x01\x00\x03</data></match></read>
    <write><data>\xc3\x3c\x03\x00\x02\x00\xc9\x8a</data></write>
    <read><length>9</length><match><data>\xc3\x3c3\x00\x03\x00\x03\x00\x00</data></match></read>
    <write><data>\xc3\x3c3\x00\x01\x00\x00</data></write>
    <read><length>11</length><match><data>\xc3\x3cDw\x05\x00\xa49\x90\x8dK</data></match></read>
    <write><data>\xc3\x3c\x01\x00\x06\x00\xe4uj\x11\x9e\x8d</data></write>
    <read><length>9</length><match><data>\xc3\x3c3\x00\x03\x00\x01\x00\x00</data></match></read>
    <write><data>\xc3\x3c\x03\x00\x02\x00\xc9\x8a</data></write>
    <read><length>9</length><match><data>\xc3\x3c3\x00\x03\x00\x03\x00\x00</data></match></read>
    <write><data>\xc3\x3c\x04\x00\x04\x00\xe4u\xf2u</data></write>
    <read><length>9</length><match><data>\xc3\x3c3\x00\x03\x00\x04\x00\x00</data></match></read>
    <write><data>\xc3\x3c\x0b\x00\x01\x00\x00</data></write>
    <read><length>12</length><match><data>\xc3\x3c3\x00\x06\x00\xe4uj\x11\x9e\x8d</data></match></read>
    <write><data>\xc3\x3c\x0c\x00\x02\x00\xe4u</data></write>
    <read><length>9</length><match><data>\xc3\x3c3\x00\x03\x00\x0c\x00\x00</data></match></read>
    <write><data>\xc3\x3c3\x00\x01\x00\x00</data></write>
    <read><length>11</length><match><data>\xc3\x3cDw\x05\x00\xa49\x90\x8dK</data></match></read>
    <write><data>\xc3\x3c\x02\x00\x09\x00\x02\x82\x89\x01\xcb\xdd\x02\xa6\x02</data></write>
    <read><length>9</length><match><data>\xc3\x3c3\x00\x03\x00\x02\x00\x00</data></match></read>
    <write><data>\xc3\x3c3\x00\x01\x00\x00</data></write>
    <read><length>11</length><match><data>\xc3\x3cDw\x05\x00\xa49\x90\x8dK</data></match></read>
    <write><data>\xc3\x3c\x02\x00\x09\x00\x02\x04m\x01\x90\xa8\x02\x3b\x04</data></write>
    <read><length>9</length><match><data>\xc3\x3c3\x00\x03\x00\x02\x00\x00</data></match></read>
    <write><data>\xc3\x3c\x03\x00\x02\x00\x82\x89</data></write>
    <read><length>9</length><match><data>\xc3\x3c3\x00\x03\x00\x03\x00\x00</data></match></read>
    <write><data>\xc3\x3c\x02\x00\x09\x00\x02\xce\x2f\x01M\xa3\x02\x02\xbb</data></write>
    <read><length>9</length><match><data>\xc3\x3c3\x00\x03\x00\x02\x00\x00</data></match></read>
    <write><data>\xc3\x3c\x0b\x00\x01\x00\x00</data></write>
    <read><length>6</length><match><data>\xc3\x3c3\x00\x00\x00</data></match></read>
    <write><data>\xc3\x3c\x01\x00\x06\x00\xfaXc\x82\xd2\x8d</data></write>
    <read><length>9</length><match><data>\xc3\x3c3\x00\x03\x00\x01\x00\x00</data></match></read>
    <write><data>\xc3\x3c\x0b\x00\x01\x00\x00</data></write>
    <read><length>12</length><match><data>\xc3\x3c3\x00\x06\x00\xfaXc\x82\xd2\x8d</data></match></read>
    <write><data>\xc3\x3c\x03\x00\x02\x00\xce\x2f</data></write>
    <read><length>9</length><match><data>\xc3\x3c3\x00\x03\x00\x03\x00\x00</data></match></read>
    <write><data>\xc3\x3c\x02\x00\x09\x00\x02fh\x01\x89:\x02zA</data></write>
    <read><length>9</length><match><data>\xc3\x3c3\x00\x03\x00\x02\x00\x00</data></match></read>
    <write><data>\xc3\x3c3\x00\x01\x00\x00</data></write>
    <read><length>11</length><match><data>\xc3\x3cDw\x05\x00\xa49\x90\x8dK</data></match></read>
    <write><data>\xc3\x3c\x0b\x00\x01\x00\x00</data></write>
    <read><length>12</length><match><data>\xc3\x3c3\x00\x06\x00\xfaXc\x82\xd2\x8d</data></match></read>
    <write><data>\xc3\x3c\x0b\x00\x01\x00\x00</data></write>
    <read><length>12</length><match><data>\xc3\x3c3\x00\x06\x00\xfaXc\x82\xd2\x8d</data></match></read>
    <write><data>\xc3\x3c\x03\x00\x02\x00\xce\x2f</data></write>
    <read><length>9</length><match><data>\xc3\x3c3\x00\x03\x00\x03\x00\x00</data></match></read>
    <write><data>\xc3\x3c\x03\x00\x02\x00\xce\x2f</data></write>
    <read><length>9</length><match><data>\xc3\x3c3\x00\x03\x00\x03\x00\x00</data></match></read>
    <write><data>\xc3\x3c\x03\x00\x02\x00\xce\x2f</data></write>
    <read><length>9</length><match><data>\xc3\x3c3\x00\x03\x00\x03\x00\x00</data></match></read>
    <write><data>\xc3\x3c\x01\x00\x06\x00\xceO\x98R \x90</data></write>
    <read><length>9</length><match><data>\xc3\x3c3\x00\x03\x00\x01\x00\x00</data></match></read>
    <write><data>\xc3\x3c\x01\x00\x06\x00i\xa4\xc7\x86oK</data></write>
    <read><length>9</length><match><data>\xc3\x3c3\x00\x03\x00\x01\x00\x00</data></match></read>
    <write><data>\xc3\x3c\x0b\x00\x01\x00\x00</data></write>
    <read><length>24</length><match><data>\xc3\x3c3\x00\x12\x00\xfaXc\x82\xd2\x8d\xceO\x98R \x90i\xa4\xc7\x86oK</data></match></read>
    <write><data>\xc3\x3c\x0c\x00\x02\x00i\xa4</data></write>
    <read><length>9</length><match><data>\xc3\x3c3\x00\x03\x00\x0c\x00\x00</data></match></read>
    <write><data>\xc3\x3c\x01\x00\x06\x00\xfc\xf1\x8d\x92\xd6\x90</data></write>
    <read><length>9</length><match><data>\xc3\x3c3\x00\x03\x00\x01\x00\x00</data></match></read>
    <write><data>\xc3\x3c\x01\x00\x06\x00\xfam\x92\x9d\x0b\x90</data></write>
    <read><length>9</length><match><data>\xc3\x3c3\x00\x03\x00\x01\x00\x00</data></match></read>
    <write><data>\xc3\x3c\x02\x00\x09\x00\x02\x10\xbe\x01a\xae\x02H\xc8</data></write>
    <read><length>9</length><match><data>\xc3\x3c3\x00\x03\x00\x02\x00\x00</data></match></read>
    <write><data>\xc3\x3c\x03\x00\x02\x00\x10\xbe</data></write>
    <read><length>9</length><match><data>\xc3\x3c3\x00\x03\x00\x03\x00\x00</data></match></read>
    <write><data>\xc3\x3c\x02\x00\x09\x00\x02\xac\xe3\x01\xe3C\x02\x16z</data></write>
    <read><length>9</length><match><data>\xc3\x3c3\x00\x03\x00\x02\x00\x00</data></match></read>
    <write><data>\xc3\x3c\x03\x00\x02\x00\xce\x2f</data></write>
    <read><length>9</length><match><data>\xc3\x3c3\x00\x03\x00\x03\x00\x00</data></match></read>
    <write><data>\xc3\x3c3\x00\x01\x00\x00</data></write>
    <read><length>11</length><match><data>\xc3\x3cDw\x05\x00\xa49\x90\x8dK</data></match></read>
    <write><data>\xc3\x3c3\x00\x01\x00\x00</data></write>
    <read><length>11</length><match><data>\xc3\x3cDw\x05\x00\xa49\x90\x8dK</data></match></read>
    <write><data>\xc3\x3c3\x00\x01\x00\x00</data></write>
    <read><length>11</length><match><data>\xc3\x3cDw\x05\x00\xa49\x90\x8dK</data></match></read>
    <write><data>\xc3\x3c\x0c\x00\x02\x00\xceO</data></write>
    <read><length>9</length><match><data>\xc3\x3c3\x00\x03\x00\x0c\x00\x00</data></match></read>
    <write><data>\xc3\x3c\x04\x00\x04\x00\xfc\xf1f\xff</data></write>
    <read><length>9</length><match><data>\xc3\x3c3\x00\x03\x00\x04\x00\x00</data></match></read>
    <write><data>\xc3\x3c\x02\x00\x09\x00\x02yy\x01\xf0\x1d\x02\xec\xe7</data></write>
    <read><length>9</length><match><data>\xc3\x3c3\x00\x03\x00\x02\x00\x08</data></match></read>
    <write><data>\xc3\x3c\x03\x00\x02\x00\xac\xe3</data></write>
    <read><length>9</length><match><data>\xc3\x3c3\x00\x03\x00\x03\x00\x00</data></match></read>
    <write><data>\xc3\x3c\x02\x00\x09\x00\x02\xa7\xbb\x01O\xe3\x02\x8d\xcb</data></write>
    <read><length>9</length><match><data>\xc3\x3c3\x00\x03\x00\x02\x00\x08</data></match></read>
    <write><data>\xc3\x3c3\x00\x01\x00\x00</data></write>
    <read><length>11</length><match><data>\xc3\x3cDw\x05\x00\xa49\x90\x8dK</data></match></read>
    <write><data>\xc3\x3c\x03\x00\x02\x00\x82\x89</data></write>
    <read><length>9</length><match><data>\xc3\x3c3\x00\x03\x00\x03\x00\x00</data></match></read>
    <write><data>\xc3\x3c\x04\x00\x04\x00\xfaX\x29\xa5</data></write>
    <read><length>9</length><match><data>\xc3\x3c3\x00\x03\x00\x04\x00\x00</data></match></read>
    <write><data>\xc3\x3c\x03\x00\x02\x00\xce\x2f</data></write>
    <read><length>9</length><match><data>\xc3\x3c3\x00\x03\x00\x03\x00\x00</data></match></read>
    <write><data>\xc3\x3c\x03\x00\x02\x00fh</data></write>
    <read><length>9</length><match><data>\xc3\x3c3\x00\x03\x00\x03\x00\x00</data></match></read>
    <write><data>\xc3\x3c\x02\x00\x09\x00\x02\xcal\x01\xfd\x7d\x02Fd</data></write>
    <read><length>9</length><match><data>\xc3\x3c3\x00\x03\x00\x02\x00\x08</data></match></read>
    <write><data>\xc3\x3c\x0b\x00\x01\x00\x00</data></write>
    <read><length>24</length><match><data>\xc3\x3c3\x00\x12\x00\xfaXc\x82\xd2\x8d\xfc\xf1\x8d\x92\xd6\x90\xfam\x92\x9d\x0b\x90</data></match></read>
    <write><data>\xc3\x3c\x04\x00\x04\x00\x12\xae\x7d\xf7</data></write>
    <read><length>9</length><match><data>\xc3\x3c3\x00\x03\x00\x04\x00\x04</data></match></read>
    <write><data>\xc3\x3c\x03\x00\x02\x00\xce\x2f</data></write>
    <read><length>9</length><match><data>\xc3\x3c3\x00\x03\x00\x03\x00\x00</data></match></read>
    <write><data>\xc3\x3c\x04\x00\x04\x00\xfam:\xac</data></write>
    <read><length>9</length><match><data>\xc3\x3c3\x00\x03\x00\x04\x00\x00</data></match></read>
    <write><data>\xc3\x3c\x03\x00\x02\x00\x10\xbe</data></write>
    <read><length>9</length><match><data>\xc3\x3c3\x00\x03\x00\x03\x00\x00</data></match></read>
    <write><data>\xc3\x3c\x01\x00\x06\x00\x04\x90\x06\x1f\x2bK</data></write>
    <read><length>9</length><match><data>\xc3\x3c3\x00\x03\x00\x01\x00\x00</data></match></read>
    <write><data>\xc3\x3c\x0c\x00\x02\x00\x04\x90</data></write>
    <read><length>9</length><match><data>\xc3\x3c3\x00\x03\x00\x0c\x00\x00</data></match></read>
    <write><data>\xc3\x3c3\x00\x01\x00\x00</data></write>
    <read><length>11</length><match><data>\xc3\x3cDw\x05\x00\xa49\x90\x8dK</data></match></read>
    <write><data>\xc3\x3c\x02\x00\x09\x00\x02\x2d\xef\x01\xc2\x9f\x02\x17\x23</data></write>
    <read><length>9</length><match><data>\xc3\x3c3\x00\x03\x00\x02\x00\x08</data></match></read>
    <write><data>\xc3\x3c\x01\x00\x06\x00f\x5c\x85A\xde\x8d</data></write>
    <read><length>9</length><match><data>\xc3\x3c3\x00\x03\x00\x01\x00\x00</data></match></read>
    <write><data>\xc3\x3c\x02\x00\x09\x00\x02\xf1\xd0\x01\x18\xc0\x02\xb2c</data></write>
    <read><length>9</length><match><data>\xc3\x3c3\x00\x03\x00\x02\x00\x08</data></match></read>
    <write><data>\xc3\x3c\x02\x00\x09\x00\x02b\x7d\x01\xd6\xb6\x02\xdd\x83</data></write>
    <read><length>9</length><match><data>\xc3\x3c3\x00\x03\x00\x02\x00\x08</data></match></read>
    <write><data>\xc3\x3c\x01\x00\x06\x00tM\xe00\x29\x90</data></write>
    <read><length>9</length><match><data>\xc3\x3c3\x00\x03\x00\x01\x00\x00</data></match></read>
    <write><data>\xc3\x3c\x0b\x00\x01\x00\x00</data></write>
    <read><length>36</length><match><data>\xc3\x3c3\x00\x1e\x00\xfaXc\x82\xd2\x8d\xfc\xf1\x8d\x92\xd6\x90\xfam\x92\x9d\x0b\x90f\x5c\x85A\xde\x8dtM\xe00\x29\x90</data></match></read>
    <write><data>\xc3\x3c3\x00\x01\x00\x00</data></write>
    <read><length>11</length><match><data>\xc3\x3cDw\x05\x00\xa49\x90\x8dK</data></match></read>
    <write><data>\xc3\x3c\x02\x00\x09\x00\x02\x91\x2b\x01T2\x02\x5ev</data></write>
    <read><length>9</length><match><data>\xc3\x3c3\x00\x03\x00\x02\x00\x08</data></match></read>
    <write><data>\xc3\x3c\x0b\x00\x01\x00\x00</data></write>
    <read><length>36</length><match><data>\xc3\x3c3\x00\x1e\x00\xfaXc\x82\xd2\x8d\xfc\xf1\x8d\x92\xd6\x90\xfam\x92\x9d\x0b\x90f\x5c\x85A\xde\x8dtM\xe00\x29\x90</data></match></read>
    <write><data>\xc3\x3c\x02\x00\x09\x00\x02\x87\xd2\x01\xf3\x3b\x02\xf1V</data></write>
    <read><length>9</length><match><data>\xc3\x3c3\x00\x03\x00\x02\x00\x08</data></match></read>
    <write><data>\xc3\x3c\x0c\x00\x02\x00f\x5c</data></write>
    <read><length>9</length><match><data>\xc3\x3c3\x00\x03\x00\x0c\x00\x00</data></match></read>
    <write><data>\xc3\x3c3\x00\x01\x00\x00</data></write>
    <read><length>11</length><match><data>\xc3\x3cDw\x05\x00\xa49\x90\x8dK</data></match></read>
    <write><data>\xc3\x3c\x03\x00\x02\x00\x82\x89</data></write>
    <read><length>9</length><match><data>\xc3\x3c3\x00\x03\x00\x03\x00\x00</data></match></read>
    <write><data>\xc3\x3c\x0b\x00\x01\x00\x00</data></write>
    <read><length>30</length><match><data>\xc3\x3c3\x00\x18\x00\xfaXc\x82\xd2\x8d\xfc\xf1\x8d\x92\xd6\x90\xfam\x92\x9d\x0b\x90tM\xe00\x29\x90</data></match></read>
    <write><data>\xc3\x3c\x0b\x00\x01\x00\x00</data></write>
    <read><length>30</length><match><data>\xc3\x3c3\x00\x18\x00\xfaXc\x82\xd2\x8d\xfc\xf1\x8d\x92\xd6\x90\xfam\x92\x9d\x0b\x90tM\xe00\x29\x90</data></match></read>
    <write><data>\xc3\x3c\x04\x00\x04\x00\xfaX0\xcd</data></write>
    <read><length>9</length><match><data>\xc3\x3c3\x00\x03\x00\x04\x00\x00</data></match></read>
    <write><data>\xc3\x3c\x0b\x00\x01\x00\x00</data></write>
    <read><length>30</length><match><data>\xc3\x3c3\x00\x18\x00\xfaXc\x82\xd2\x8d\xfc\xf1\x8d\x92\xd6\x90\xfam\x92\x9d\x0b\x90tM\xe00\x29\x90</data></match></read>
    <write><data>\xc3\x3c\x02\x00\x09\x00\x02u\x3d\x01\x85\xbb\x02\x0bC</data></write>
    <read><length>9</length><match><data>\xc3\x3c3\x00\x03\x00\x02\x00\x08</data></match></read>
    <write><data>\xc3\x3c\x02\x00\x09\x00\x02\xa6\x98\x01S\x0e\x02\xd0o</data></write>
    <read><length>9</length><match><data>\xc3\x3c3\x00\x03\x00\x02\x00\x08</data></match></read>
    <write><data>\xc3\x3c\x0b\x00\x01\x00\x00</data></write>
    <read><length>30</length><match><data>\xc3\x3c3\x00\x18\x00\xfaXc\x82\xd2\x8d\xfc\xf1\x8d\x92\xd6\x90\xfam\x92\x9d\x0b\x90tM\xe00\x29\x90</data></match></read>
    <write><data>\xc3\x3c\x01\x00\x06\x00yM\x09\x0d\x9aK</data></write>
    <read><length>9</length><match><data>\xc3\x3c3\x00\x03\x00\x01\x00\x00</data></match></read>
    <write><data>\xc3\x3c\x0b\x00\x01\x00\x00</data></write>
    <read><length>36</length><match><data>\xc3\x3c3\x00\x1e\x00\xfaXc\x82\xd2\x8dyM\x09\x0d\x9aK\xfc\xf1\x8d\x92\xd6\x90\xfam\x92\x9d\x0b\x90tM\xe00\x29\x90</data></match></read>
    <write><data>\xc3\x3c\x0b\x00\x01\x00\x00</data></write>
    <read><length>36</length><match><data>\xc3\x3c3\x00\x1e\x00\xfaXc\x82\xd2\x8dyM\x09\x0d\x9aK\xfc\xf1\x8d\x92\xd6\x90\xfam\x92\x9d\x0b\x90tM\xe00\x29\x90</data></match></read>
    <write><data>\xc3\x3c\x01\x00\x06\x00\xc7\xb5\x0d!\x809</data></write>
    <read><length>9</length><match><data>\xc3\x3c3\x00\x03\x00\x01\x00\x00</data></match></read>
    <write><data>\xc3\x3c3\x00\x01\x00\x00</data></write>
    <read><length>11</length><match><data>\xc3\x3cDw\x05\x00\xa49\x90\x8dK</data></match></read>
    <write><data>\xc3\x3c3\x00\x01\x00\x00</data></write>
    <read><length>11</length><match><data>\xc3\x3cDw\x05\x00\xa49\x90\x8dK</data></match></read>
    <write><data>\xc3\x3c\x0b\x00\x01\x00\x00</data></write>
    <read><length>42</length><match><data>\xc3\x3c3\x00\x24\x00\xfaXc\x82\xd2\x8dyM\x09\x0d\x9aK\xc7\xb5\x0d!\x809\xfc\xf1\x8d\x92\xd6\x90\xfam\x92\x9d\x0b\x90tM\xe00\x29\x90</data></match></read>
    <write><data>\xc3\x3c\x03\x00\x02\x00\x82\x89</data></write>
    <read><length>9</length><match><data>\xc3\x3c3\x00\x03\x00\x03\x00\x00</data></match></read>
    <write><data>\xc3\x3c\x03\x00\x02\x00\x04m</data></write>
    <read><length>9</length><match><data>\xc3\x3c3\x00\x03\x00\x03\x00\x00</data></match></read>
    <write><data>\xc3\x3c\x03\x00\x02\x00\x10\xbe</data></write>
    <read><length>9</length><match><data>\xc3\x3c3\x00\x03\x00\x03\x00\x00</data></match></read>
    <write><data>\xc3\x3c\x04\x00\x04\x00tM\x0d\x0b</data></write>
    <read><length>9</length><match><data>\xc3\x3c3\x00\x03\x00\x04\x00\x00</data></match></read>
    <write><data>\xc3\x3c\x01\x00\x06\x00\x5bI\xfe\x12\x1dK</data></write>
    <read><length>9</length><match><data>\xc3\x3c3\x00\x03\x00\x01\x00\x00</data></match></read>
    <write><data>\xc3\x3c\x02\x00\x09\x00\x02\x2a\x9e\x01\xf9\x8a\x02\x0aO</data></write>
    <read><length>9</length><match><data>\xc3\x3c3\x00\x03\x00\x02\x00\x08</data></match></read>
    <write><data>\xc3\x3c\x03\x00\x02\x00\x04m</data></write>
    <read><length>9</length><match><data>\xc3\x3c3\x00\x03\x00\x03\x00\x00</data></match></read>
    <write><data>\xc3\x3c\x03\x00\x02\x00\x04m</data></write>
    <read><length>9</length><match><data>\xc3\x3c3\x00\x03\x00\x03\x00\x00</data></match></read>
    <write><data>\xc3\x3c\x03\x00\x02\x00\xac\xe3</data></write>
    <read><length>9</length><match><data>\xc3\x3c3\x00\x03\x00\x03\x00\x00</data></match></read>
    <write><data>\xc3\x3c\x01\x00\x06\x00\xa1\x8fK\xb7\x199</data></write>
    <read><length>9</length><match><data>\xc3\x3c3\x00\x03\x00\x01\x00\x00</data></match></read>
    <write><data>\xc3\x3c\x04\x00\x04\x00\xa1\x8fu2</data></write>
    <read><length>9</length><match><data>\xc3\x3c3\x00\x03\x00\x04\x00\x00</data></match></read>
    <write><data>\xc3\x3c\x04\x00\x04\x00\xa1\x8f\xf1\x60</data></write>
    <read><length>9</length><match><data>\xc3\x3c3\x00\x03\x00\x04\x00\x00</data></match></read>
    <write><data>\xc3\x3c\x0b\x00\x01\x00\x00</data></write>
    <read><length>54</length><match><data>\xc3\x3c3\x000\x00\xfaXc\x82\xd2\x8dyM\x09\x0d\x9aK\xc7\xb5\x0d!\x809\xfc\xf1\x8d\x92\xd6\x90\xfam\x92\x9d\x0b\x90tM\xe00\x29\x90\x5bI\xfe\x12\x1dK\xa1\x8fK\xb7\x199</data></match></read>
    <write><data>\xc3\x3c3\x00\x01\x00\x00</data></write>
    <read><length>11</length><match><data>\xc3\x3cDw\x05\x00\xa49\x90\x8dK</data></match></read>
    <write><data>\xc3\x3c\x0c\x00\x02\x00\xa1\x8f</data></write>
    <read><length>9</length><match><data>\xc3\x3c3\x00\x03\x00\x0c\x00\x00</data></match></read>
    <write><data>\xc3\x3c\x01\x00\x06\x00\x5bN\xec\xbf\xf3K</data></write>
    <read><length>9</length><match><data>\xc3\x3c3\x00\x03\x00\x01\x00\x00</data></match></read>
    <write><data>\xc3\x3c\x0c\x00\x02\x00\x5bN</data></write>
    <read><length>9</length><match><data>\xc3\x3c3\x00\x03\x00\x0c\x00\x00</data></match></read>
    <write><data>\xc3\x3c\x02\x00\x09\x00\x02\x16\xac\x01?\x14\x02f\x0c</data></write>
    <read><length>9</length><match><data>\xc3\x3c3\x00\x03\x00\x02\x00\x08</data></match></read>
    <write><data>\xc3\x3c\x02\x00\x09\x00\x02Ix\x01\xfa\x11\x02\x82\x5e</data></write>
    <read><length>9</length><match><data>\xc3\x3c3\x00\x03\x00\x02\x00\x08</data></match></read>
    <write><data>\xc3\x3c3\x00\x01\x00\x00</data></write>
    <read><length>11</length><match><data>\xc3\x3cDw\x05\x00\xa49\x90\x8dK</data></match></read>
    <write><data>\xc3\x3c\x01\x00\x06\x00G\xef9\x26\xba\x8d</data></write>
    <read><length>9</length><match><data>\xc3\x3c3\x00\x03\x00\x01\x00\x00</data></match></read>
    <write><data>\xc3\x3c\x0c\x00\x02\x00G\xef</data></write>
    <read><length>9</length><match><data>\xc3\x3c3\x00\x03\x00\x0c\x00\x00</data></match></read>
    <write><data>\xc3\x3c\x03\x00\x02\x00\x82\x89</data></write>
    <read><length>9</length><match><data>\xc3\x3c3\x00\x03\x00\x03\x00\x00</data></match></read>
    <write><data>\xc3\x3c\x0b\x00\x01\x00\x00</data></write>
    <read><length>48</length><match><data>\xc3\x3c3\x00\x2a\x00\xfaXc\x82\xd2\x8dyM\x09\x0d\x9aK\xc7\xb5\x0d!\x809\xfc\xf1\x8d\x92\xd6\x90\xfam\x92\x9d\x0b\x90tM\xe00\x29\x90\x5bI\xfe\x12\x1dK</data></match></read>
    <write><data>\xc3\x3c\x02\x00\x09\x00\x02\xaca\x01\xe1e\x02\xa7\xc5</data></write>
    <read><length>9</length><match><data>\xc3\x3c3\x00\x03\x00\x02\x00\x08</data></match></read>
    <write><data>\xc3\x3c\x0c\x00\x02\x00\x5e\xb3</data></write>
    <read><length>9</length><match><data>\xc3\x3c3\x00\x03\x00\x0c\x00\x04</data></match></read>
    <write><data>\xc3\x3c\x0b\x00\x01\x00\x00</data></write>
    <read><length>48</length><match><data>\xc3\x3c3\x00\x2a\x00\xfaXc\x82\xd2\x8dyM\x09\x0d\x9aK\xc7\xb5\x0d!\x809\xfc\xf1\x8d\x92\xd6\x90\xfam\x92\x9d\x0b\x90tM\xe00\x29\x90\x5bI\xfe\x12\x1dK</data></match></read>
    <write><data>\xc3\x3c\x01\x00\x06\x00T\xcb\xdd\xbe\xbeK</data></write>
    <read><length>9</length><match><data>\xc3\x3c3\x00\x03\x00\x01\x00\x0c</data></match></read>
    <write><data>\xc3\x3c\x04\x00\x04\x00\xfaXv\xc1</data></write>
    <read><length>9</length><match><data>\xc3\x3c3\x00\x03\x00\x04\x00\x00</data></match></read>
    <write><data>\xc3\x3c\x03\x00\x02\x00fh</data></write>
    <read><length>9</length><match><data>\xc3\x3c3\x00\x03\x00\x03\x00\x00</data></match></read>
    <write><data>\xc3\x3c\x04\x00\x04\x00\x93\x40J\xcf</data></write>
    <read><length>9</length><match><data>\xc3\x3c3\x00\x03\x00\x04\x00\x04</data></match></read>
    <write><data>\xc3\x3c\x03\x00\x02\x00fh</data></write>
    <read><length>9</length><match><data>\xc3\x3c3\x00\x03\x00\x03\x00\x00</data></match></read>
    <write><data>\xc3\x3c\x03\x00\x02\x00\x04m</data></write>
    <read><length>9</length><match><data>\xc3\x3c3\x00\x03\x00\x03\x00\x00</data></match></read>
    <write><data>\xc3\x3c\x01\x00\x06\x00S\x8f\xc9\xd1\xdb\x90</data></write>
    <read><length>9</length><match><data>\xc3\x3c3\x00\x03\x00\x01\x00\x00</data></match></read>
    <write><data>\xc3\x3c\x0c\x00\x02\x00S\x8f</data></write>
    <read><length>9</length><match><data>\xc3\x3c3\x00\x03\x00\x0c\x00\x00</data></match></read>
    <write><data>\xc3\x3c\x03\x00\x02\x00\xc9\x8a</data></write>
    <read><length>9</length><match><data>\xc3\x3c3\x00\x03\x00\x03\x00\x00</data></match></read>
    <write><data>\xc3\x3c\x03\x00\x02\x00fh</data></write>
    <read><length>9</length><match><data>\xc3\x3c3\x00\x03\x00\x03\x00\x00</data></match></read>
    <write><data>\xc3\x3c3\x00\x01\x00\x00</data></write>
    <read><length>11</length><match><data>\xc3\x3cDw\x05\x00\xa49\x90\x8dK</data></match></read>
    <write><data>\xc3\x3c\x02\x00\x09\x00\x026\x12\x01!\x84\x02\x0a\x97</data></write>
    <read><length>9</length><match><data>\xc3\x3c3\x00\x03\x00\x02\x00\x08</data></match></read>
    <write><data>\xc3\x3c\x0b\x00\x01\x00\x00</data></write>
    <read><length>48</length><match><data>\xc3\x3c3\x00\x2a\x00\xfaXc\x82\xd2\x8dyM\x09\x0d\x9aK\xc7\xb5\x0d!\x809\xfc\xf1\x8d\x92\xd6\x90\xfam\x92\x9d\x0b\x90tM\xe00\x29\x90\x5bI\xfe\x12\x1dK</data></match></read>
    <write><data>\xc3\x3c\x03\x00\x02\x00\x10\xbe</data></write>
    <read><length>9</length><match><data>\xc3\x3c3\x00\x03\x00\x03\x00\x00</data></match></read>
    <write><data>\xc3\x3c\x04\x00\x04\x00tM\xe2\xed</data></write>
    <read><length>9</length><match><data>\xc3\x3c3\x00\x03\x00\x04\x00\x00</data></match></read>
    <write><data>\xc3\x3c3\x00\x01\x00\x00</data></write>
    <read><length>11</length><match><data>\xc3\x3cDw\x05\x00\xa49\x90\x8dK</data></match></read>
    <write><data>\xc3\x3c\x03\x00\x02\x00\xc9\x8a</data></write>
    <read><length>9</length><match><data>\xc3\x3c3\x00\x03\x00\x03\x00\x00</data></match></read>
    <write><data>\xc3\x3c\x01\x00\x06\x00\x2c\x05\x8e\x96\xbe9</data></write>
    <read><length>9</length><match><data>\xc3\x3c3\x00\x03\x00\x01\x00\x00</data></match></read>
    <write><data>\xc3\x3c3\x00\x01\x00\x00</data></write>
    <read><length>11</length><match><data>\xc3\x3cDw\x05\x00\xa49\x90\x8dK</data></match></read>
    <write><data>\xc3\x3c\x0c\x00\x02\x00\x2c\x05</data></write>
    <read><length>9</length><match><data>\xc3\x3c3\x00\x03\x00\x0c\x00\x00</data></match></read>
    <write><data>\xc3\x3c3\x00\x01\x00\x00</data></write>
    <read><length>11</length><match><data>\xc3\x3cDw\x05\x00\xa49\x90\x8dK</data></match></read>
    <write><data>\xc3\x3c3\x00\x01\x00\x00</data></write>
    <read><length>11</length><match><data>\xc3\x3cDw\x05\x00\xa49\x90\x8dK</data></match></read>
    <write><data>\xc3\x3c\x03\x00\x02\x00\x10\xbe</data></write>
    <read><length>9</length><match><data>\xc3\x3c3\x00\x03\x00\x03\x00\x00</data></match></read>
    <write><data>\xc3\x3c\x02\x00\x09\x00\x02\xb4\x2f\x01\x7c\x7d\x02rM</data></write>
    <read><length>9</length><match><data>\xc3\x3c3\x00\x03\x00\x02\x00\x08</data></match></read>
    <write><data>\xc3\x3c\x04\x00\x04\x00\x5bI\xb2\x96</data></write>
    <read><length>9</length><match><data>\xc3\x3c3\x00\x03\x00\x04\x00\x00</data></match></read>
    <write><data>\xc3\x3c\x02\x00\x09\x00\x02\xec\x3e\x01\xdb\xb2\x02\x1e9</data></write>
    <read><length>9</length><match><data>\xc3\x3c3\x00\x03\x00\x02\x00\x08</data></match></read>
    <write><data>\xc3\x3c\x04\x00\x04\x00tM\x07.</data></write>
    <read><length>9</length><match><data>\xc3\x3c3\x00\x03\x00\x04\x00\x00</data></match></read>
    <write><data>\xc3\x3c\x04\x00\x04\x00tM\x15J</data></write>
    <read><length>9</length><match><data>\xc3\x3c3\x00\x03\x00\x04\x00\x00</data></match></read>
    <write><data>\xc3\x3c3\x00\x01\x00\x00</data></write>
    <read><length>11</length><match><data>\xc3\x3cDw\x05\x00\xa49\x90\x8dK</data></match></read>
    <write><data>\xc3\x3c\x01\x00\x06\x00\x0a\xd8\x17\x01\xd09</data></write>
    <read><length>9</length><match><data>\xc3\x3c3\x00\x03\x00\x01\x00\x00</data></match></read>
    <write><data>\xc3\x3c\x02\x00\x09\x00\x02\xa9\xf3\x01\xb5\x22\x02r\xab</data></write>
    <read><length>9</length><match><data>\xc3\x3c3\x00\x03\x00\x02\x00\x08</data></match></read>
    <write><data>\xc3\x3c\x0b\x00\x01\x00\x00</data></write>
    <read><length>54</length><match><data>\xc3\x3c3\x000\x00\xfaXc\x82\xd2\x8dyM\x09\x0d\x9aK\xc7\xb5\x0d!\x809\xfc\xf1\x8d\x92\xd6\x90\xfam\x92\x9d\x0b\x90tM\xe00\x29\x90\x5bI\xfe\x12\x1dK\x0a\xd8\x17\x01\xd09</data></match></read>
    <write><data>\xc3\x3c\x0b\x00\x01\x00\x00</data></write>
    <read><length>54</length><match><data>\xc3\x3c3\x000\x00\xfaXc\x82\xd2\x8dyM\x09\x0d\x9aK\xc7\xb5\x0d!\x809\xfc\xf1\x8d\x92\xd6\x90\xfam\x92\x9d\x0b\x90tM\xe00\x29\x90\x5bI\xfe\x12\x1dK\x0a\xd8\x17\x01\xd09</data></match></read>
    <write><data>\xc3\x3c\x0b\x00\x01\x00\x00</data></write>
    <read><length>54</length><match><data>\xc3\x3c3\x000\x00\xfaXc\x82\xd2\x8dyM\x09\x0d\x9aK\xc7\xb5\x0d!\x809\xfc\xf1\x8d\x92\xd6\x90\xfam\x92\x9d\x0b\x90tM\xe00\x29\x90\x5bI\xfe\x12\x1dK\x0a\xd8\x17\x01\xd09</data></match></read>
    <write><data>\xc3\x3c\x03\x00\x02\x00\x10\xbe</data></write>
    <read><length>9</length><match><data>\xc3\x3c3\x00\x03\x00\x03\x00\x00</data></match></read>
    <write><data>\xc3\x3c\x03\x00\x02\x00\x10\xbe</data></write>
    <read><length>9</length><match><data>\xc3\x3c3\x00\x03\x00\x03\x00\x00</data></match></read>
    <write><data>\xc3\x3c\x04\x00\x04\x00tM\xb3\x03</data></write>
    <read><length>9</length><match><data>\xc3\x3c3\x00\x03\x00\x04\x00\x00</data></match></read>
    <write><data>\xc3\x3c\x02\x00\x09\x00\x02Jr\x01s\xa7\x02z\xb6</data></write>
    <read><length>9</length><match><data>\xc3\x3c3\x00\x03\x00\x02\x00\x08</data></match></read>
    <write><data>\xc3\x3c\x03\x00\x02\x00\xac\xe3</data></write>
    <read><length>9</length><match><data>\xc3\x3c3\x00\x03\x00\x03\x00\x00</data></match></read>
    <write><data>\xc3\x3c\xff\x00\x01\x00\x00</data></write>
</replay>
</pov>