<?xml version="1.0" standalone="no" ?>
<!DOCTYPE pov SYSTEM "/usr/share/cgc-docs/replay.dtd">
<pov>
<cbid>service</cbid>
<seed>04e3445e93d912b08d62e62250cc52069389f1a63ae8819a3cfd576d59997a30eb2124bfd72a0097b434d1a7454da613</seed>
<replay>
    <read><length>18</length><match><data>\x10\x00cqltor ready 536</data></match></read>
    <!-- menu -->
    <!-- intmath -->
    <!-- sent 34 bytes -->
    <write><data> \x00FIND 62 \x2a 56 \x2f 38 \x2a 29 FROM dual</data></write>
    <read><length>6</length><match><data>\x04\x002639</data></match></read>
    <!-- menu -->
    <!-- intmath -->
    <!-- sent 33 bytes -->
    <write><data>\x1f\x00FIND 30 \x2f 5 \x2b 37 \x2b 25 FROM dual</data></write>
    <read><length>4</length><match><data>\x02\x0068</data></match></read>
    <!-- menu -->
    <!-- strfuns -->
    <!-- sent 75 bytes -->
    <write><data>I\x00FIND ord\x28chomp\x28upcase\x28\x27  WBIWXbUIGfAdmFgm\x60IzLaqKOIJZZ    \x27\x29\x29\x2c 3\x29FROM asdf</data></write>
    <read><length>4</length><match><data>\x02\x0073</data></match></read>
    <!-- menu -->
    <!-- intmath -->
    <!-- sent 34 bytes -->
    <write><data> \x00FIND 19 \x2a 13 \x2a 46 \x2a 31 FROM dual</data></write>
    <read><length>8</length><match><data>\x06\x00352222</data></match></read>
    <!-- menu -->
    <!-- intmath -->
    <!-- sent 34 bytes -->
    <write><data> \x00FIND 45 \x2d 59 \x2a 55 \x2b 28 FROM dual</data></write>
    <read><length>7</length><match><data>\x05\x00\x2d3172</data></match></read>
    <!-- menu -->
    <!-- intmath -->
    <!-- sent 28 bytes -->
    <write><data>\x1a\x00FIND 2 \x2d 16 \x2d 60 FROM dual</data></write>
    <read><length>5</length><match><data>\x03\x00\x2d74</data></match></read>
    <!-- menu -->
    <!-- intmath -->
    <!-- sent 34 bytes -->
    <write><data> \x00FIND 34 \x2d 48 \x2b 63 \x2b 27 FROM dual</data></write>
    <read><length>4</length><match><data>\x02\x0076</data></match></read>
    <!-- menu -->
    <!-- strfuns -->
    <!-- sent 55 bytes -->
    <write><data>5\x00FIND ord\x28chomp\x28upcase\x28\x27   nCyVmuVb   \x27\x29\x29\x2c 7\x29FROM asdf</data></write>
    <read><length>4</length><match><data>\x02\x0086</data></match></read>
    <!-- menu -->
    <!-- strfuns -->
    <!-- sent 73 bytes -->
    <write><data>G\x00FIND ridx\x28chomp\x28upcase\x28\x27 \x5dkmdV\x5csxXodeSmipXTryNcEij\x5e\x5bO\x27\x29\x29\x2c \x27X\x27\x29FROM asdf</data></write>
    <read><length>4</length><match><data>\x02\x0017</data></match></read>
    <!-- menu -->
    <!-- strfuns -->
    <!-- sent 77 bytes -->
    <write><data>K\x00FIND ord\x28chomp\x28upcase\x28\x27 jClllvJjYqrYQkaCtHdZDGlcYB\x5dRm\x60C   \x27\x29\x29\x2c 15\x29FROM asdf</data></write>
    <read><length>4</length><match><data>\x02\x0065</data></match></read>
    <!-- menu -->
    <!-- strfuns -->
    <!-- sent 60 bytes -->
    <write><data>:\x00FIND idx\x28chomp\x28upcase\x28\x27   LQi\x60g\x5fmrVl    \x27\x29\x29\x2c \x27\x5f\x27\x29FROM asdf</data></write>
    <read><length>3</length><match><data>\x01\x006</data></match></read>
    <!-- menu -->
    <!-- strfuns -->
    <!-- sent 59 bytes -->
    <write><data>9\x00FIND ord\x28chomp\x28upcase\x28\x27  KwprdiD\x5dhRUKSc  \x27\x29\x29\x2c 2\x29FROM asdf</data></write>
    <read><length>4</length><match><data>\x02\x0087</data></match></read>
    <!-- menu -->
    <!-- strfuns -->
    <!-- sent 75 bytes -->
    <write><data>I\x00FIND idx\x28chomp\x28downcase\x28\x27  HqAhyMrmLWUraPffKYZVjSnF    \x27\x29\x29\x2c \x27p\x27\x29FROM asdf</data></write>
    <read><length>4</length><match><data>\x02\x0014</data></match></read>
    <!-- menu -->
    <!-- strfuns -->
    <!-- sent 63 bytes -->
    <write><data>\x3d\x00FIND idx\x28chomp\x28upcase\x28\x27     qWxINrgBqkS    \x27\x29\x29\x2c \x27Q\x27\x29FROM asdf</data></write>
    <read><length>3</length><match><data>\x01\x001</data></match></read>
    <!-- menu -->
    <!-- intmath -->
    <!-- sent 29 bytes -->
    <write><data>\x1b\x00FIND 43 \x2b 61 \x2d 59 FROM dual</data></write>
    <read><length>4</length><match><data>\x02\x0045</data></match></read>
    <!-- menu -->
    <!-- strfuns -->
    <!-- sent 59 bytes -->
    <write><data>9\x00FIND ord\x28chomp\x28downcase\x28\x27   LceoDtBHqU   \x27\x29\x29\x2c 4\x29FROM asdf</data></write>
    <read><length>5</length><match><data>\x03\x00111</data></match></read>
    <!-- menu -->
    <!-- strfuns -->
    <!-- sent 82 bytes -->
    <write><data>P\x00FIND ord\x28chomp\x28upcase\x28\x27     aO\x5e\x5btFpD\x60caEcnkM\x5cLcAuXo\x60IUgjTnG    \x27\x29\x29\x2c 26\x29FROM asdf</data></write>
    <read><length>4</length><match><data>\x02\x0085</data></match></read>
    <!-- menu -->
    <!-- intmath -->
    <!-- sent 29 bytes -->
    <write><data>\x1b\x00FIND 48 \x2f 30 \x2f 25 FROM dual</data></write>
    <read><length>3</length><match><data>\x01\x000</data></match></read>
    <!-- menu -->
    <!-- strfuns -->
    <!-- sent 54 bytes -->
    <write><data>4\x00FIND ord\x28chomp\x28upcase\x28\x27 \x5dw\x5dEhiRX    \x27\x29\x29\x2c 5\x29FROM asdf</data></write>
    <read><length>4</length><match><data>\x02\x0072</data></match></read>
    <!-- menu -->
    <!-- intmath -->
    <!-- sent 29 bytes -->
    <write><data>\x1b\x00FIND 55 \x2a 22 \x2a 41 FROM dual</data></write>
    <read><length>7</length><match><data>\x05\x0049610</data></match></read>
    <!-- menu -->
    <!-- strfuns -->
    <!-- sent 54 bytes -->
    <write><data>4\x00FIND ridx\x28chomp\x28downcase\x28\x27   iNjd \x27\x29\x29\x2c \x27n\x27\x29FROM asdf</data></write>
    <read><length>3</length><match><data>\x01\x002</data></match></read>
    <!-- menu -->
    <!-- intmath -->
    <!-- sent 34 bytes -->
    <write><data> \x00FIND 37 \x2b 57 \x2d 55 \x2d 13 FROM dual</data></write>
    <read><length>4</length><match><data>\x02\x0026</data></match></read>
    <!-- menu -->
    <!-- strfuns -->
    <!-- sent 58 bytes -->
    <write><data>8\x00FIND idx\x28chomp\x28downcase\x28\x27  yazBLFpWdO \x27\x29\x29\x2c \x27a\x27\x29FROM asdf</data></write>
    <read><length>3</length><match><data>\x01\x002</data></match></read>
    <!-- menu -->
    <!-- intmath -->
    <!-- sent 29 bytes -->
    <write><data>\x1b\x00FIND 61 \x2b 33 \x2d 23 FROM dual</data></write>
    <read><length>4</length><match><data>\x02\x0071</data></match></read>
    <!-- menu -->
    <!-- strfuns -->
    <!-- sent 59 bytes -->
    <write><data>9\x00FIND idx\x28chomp\x28downcase\x28\x27    Ngcpc     \x27\x29\x29\x2c \x27c\x27\x29FROM asdf</data></write>
    <read><length>3</length><match><data>\x01\x003</data></match></read>
    <!-- menu -->
    <!-- intmath -->
    <!-- sent 29 bytes -->
    <write><data>\x1b\x00FIND 46 \x2f 43 \x2a 62 FROM dual</data></write>
    <read><length>4</length><match><data>\x02\x0062</data></match></read>
    <!-- menu -->
    <!-- intmath -->
    <!-- sent 29 bytes -->
    <write><data>\x1b\x00FIND 39 \x2a 57 \x2b 17 FROM dual</data></write>
    <read><length>6</length><match><data>\x04\x002240</data></match></read>
    <!-- menu -->
    <!-- intmath -->
    <!-- sent 29 bytes -->
    <write><data>\x1b\x00FIND 25 \x2d 15 \x2b 24 FROM dual</data></write>
    <read><length>4</length><match><data>\x02\x0034</data></match></read>
    <!-- menu -->
    <!-- disconnect -->
    <!-- sent 6 bytes -->
    <write><data>\x04\x00exit</data></write>
</replay>
</pov>