<?xml version="1.0" standalone="no" ?>
<!DOCTYPE pov SYSTEM "/usr/share/cgc-docs/replay.dtd">
<pov>
<cbid>service</cbid>
<seed>92d7f8bd16f9f122906f83a662c2e983d33cb4097baa135959929e1fdc0004b788e875416b3619a48496b04dad1d7d98</seed>
<replay>
    <read><length>18</length><match><data>\x10\x00cqltor ready 598</data></match></read>
    <!-- menu -->
    <!-- intmath -->
    <!-- sent 23 bytes -->
    <write><data>\x15\x00FIND 2 \x2a 23 FROM dual</data></write>
    <read><length>4</length><match><data>\x02\x0046</data></match></read>
    <!-- menu -->
    <!-- disconnect -->
    <!-- sent 6 bytes -->
    <write><data>\x04\x00exit</data></write>
</replay>
</pov>