<?xml version="1.0" standalone="no" ?>
<!DOCTYPE pov SYSTEM "/usr/share/cgc-docs/replay.dtd">
<pov>
<cbid>service</cbid>
<seed>f1f68505e7217a8201994c9469fbaa889e29a1f46192be592591e60c09f3dc63c40a801e05c49bde5c2940e6f3997d7f</seed>
<replay>
    <read><length>18</length><match><data>\x10\x00cqltor ready 359</data></match></read>
    <!-- menu -->
    <!-- strfuns -->
    <!-- sent 61 bytes -->
    <write><data>\x3b\x00FIND ord\x28chomp\x28upcase\x28\x27    A\x5ecidABA\x60cSEnFa \x27\x29\x29\x2c 9\x29FROM asdf</data></write>
    <read><length>4</length><match><data>\x02\x0096</data></match></read>
    <!-- menu -->
    <!-- strfuns -->
    <!-- sent 64 bytes -->
    <write><data>\x3e\x00FIND ridx\x28chomp\x28upcase\x28\x27     AA\x60LfCuIbkVv\x5c  \x27\x29\x29\x2c \x27V\x27\x29FROM asdf</data></write>
    <read><length>4</length><match><data>\x02\x0012</data></match></read>
    <!-- menu -->
    <!-- intmath -->
    <!-- sent 33 bytes -->
    <write><data>\x1f\x00FIND 8 \x2a 44 \x2b 60 \x2a 15 FROM dual</data></write>
    <read><length>6</length><match><data>\x04\x001252</data></match></read>
    <!-- menu -->
    <!-- intmath -->
    <!-- sent 24 bytes -->
    <write><data>\x16\x00FIND 42 \x2d 31 FROM dual</data></write>
    <read><length>4</length><match><data>\x02\x0011</data></match></read>
    <!-- menu -->
    <!-- disconnect -->
    <!-- sent 6 bytes -->
    <write><data>\x04\x00exit</data></write>
</replay>
</pov>