<?xml version="1.0" standalone="no" ?>
<!DOCTYPE pov SYSTEM "/usr/share/cgc-docs/replay.dtd">
<pov>
<cbid>service</cbid>
<seed>821b0b0e30affb649671004c0ab429404d09fb5a5ab55bea592e1f8229383e54cb9d33eae83609109617d31b134a4c29</seed>
<replay>
    <read><length>18</length><match><data>\x10\x00cqltor ready 614</data></match></read>
    <!-- menu -->
    <!-- intmath -->
    <!-- sent 24 bytes -->
    <write><data>\x16\x00FIND 43 \x2d 31 FROM dual</data></write>
    <read><length>4</length><match><data>\x02\x0012</data></match></read>
    <!-- menu -->
    <!-- intmath -->
    <!-- sent 24 bytes -->
    <write><data>\x16\x00FIND 54 \x2b 45 FROM dual</data></write>
    <read><length>4</length><match><data>\x02\x0099</data></match></read>
    <!-- menu -->
    <!-- intmath -->
    <!-- sent 28 bytes -->
    <write><data>\x1a\x00FIND 48 \x2d 7 \x2a 23 FROM dual</data></write>
    <read><length>6</length><match><data>\x04\x00\x2d113</data></match></read>
    <!-- menu -->
    <!-- strfuns -->
    <!-- sent 55 bytes -->
    <write><data>5\x00FIND idx\x28chomp\x28downcase\x28\x27 IRvfU    \x27\x29\x29\x2c \x27i\x27\x29FROM asdf</data></write>
    <read><length>3</length><match><data>\x01\x001</data></match></read>
    <!-- menu -->
    <!-- disconnect -->
    <!-- sent 6 bytes -->
    <write><data>\x04\x00exit</data></write>
</replay>
</pov>