<?xml version="1.0" standalone="no" ?>
<!DOCTYPE pov SYSTEM "/usr/share/cgc-docs/replay.dtd">
<pov>
<cbid>service</cbid>
<seed>7a19e083982bcb2cee22e31ac85dc36e1b968f9e1c2dac041273d8bfe8958c03dc231068dda4aa506f241693d55dcf13</seed>
<replay>
    <read><length>18</length><match><data>\x10\x00cqltor ready 560</data></match></read>
    <!-- menu -->
    <!-- intmath -->
    <!-- sent 33 bytes -->
    <write><data>\x1f\x00FIND 6 \x2b 48 \x2a 14 \x2d 35 FROM dual</data></write>
    <read><length>5</length><match><data>\x03\x00643</data></match></read>
    <!-- menu -->
    <!-- intmath -->
    <!-- sent 29 bytes -->
    <write><data>\x1b\x00FIND 24 \x2d 56 \x2b 47 FROM dual</data></write>
    <read><length>4</length><match><data>\x02\x0015</data></match></read>
    <!-- menu -->
    <!-- intmath -->
    <!-- sent 29 bytes -->
    <write><data>\x1b\x00FIND 56 \x2a 15 \x2f 50 FROM dual</data></write>
    <read><length>4</length><match><data>\x02\x0016</data></match></read>
    <!-- menu -->
    <!-- strfuns -->
    <!-- sent 53 bytes -->
    <write><data>3\x00FIND ord\x28chomp\x28upcase\x28\x27   TfmtlQ\x5eCO\x27\x29\x29\x2c 7\x29FROM asdf</data></write>
    <read><length>4</length><match><data>\x02\x0094</data></match></read>
    <!-- menu -->
    <!-- intmath -->
    <!-- sent 34 bytes -->
    <write><data> \x00FIND 54 \x2f 13 \x2f 35 \x2b 32 FROM dual</data></write>
    <read><length>4</length><match><data>\x02\x0032</data></match></read>
    <!-- menu -->
    <!-- intmath -->
    <!-- sent 28 bytes -->
    <write><data>\x1a\x00FIND 53 \x2a 4 \x2f 42 FROM dual</data></write>
    <read><length>3</length><match><data>\x01\x005</data></match></read>
    <!-- menu -->
    <!-- intmath -->
    <!-- sent 34 bytes -->
    <write><data> \x00FIND 32 \x2b 22 \x2f 13 \x2f 22 FROM dual</data></write>
    <read><length>4</length><match><data>\x02\x0032</data></match></read>
    <!-- menu -->
    <!-- intmath -->
    <!-- sent 34 bytes -->
    <write><data> \x00FIND 42 \x2b 53 \x2b 38 \x2f 14 FROM dual</data></write>
    <read><length>4</length><match><data>\x02\x0097</data></match></read>
    <!-- menu -->
    <!-- intmath -->
    <!-- sent 24 bytes -->
    <write><data>\x16\x00FIND 30 \x2b 14 FROM dual</data></write>
    <read><length>4</length><match><data>\x02\x0044</data></match></read>
    <!-- menu -->
    <!-- strfuns -->
    <!-- sent 82 bytes -->
    <write><data>P\x00FIND ridx\x28chomp\x28downcase\x28\x27     gVGQJP\x5bNHuIZ\x5egpGLOBbRoQFBqukNfn\x27\x29\x29\x2c \x27b\x27\x29FROM asdf</data></write>
    <read><length>4</length><match><data>\x02\x0025</data></match></read>
    <!-- menu -->
    <!-- strfuns -->
    <!-- sent 49 bytes -->
    <write><data>\x2f\x00FIND ord\x28chomp\x28downcase\x28\x27 MJSQP\x27\x29\x29\x2c 1\x29FROM asdf</data></write>
    <read><length>5</length><match><data>\x03\x00109</data></match></read>
    <!-- menu -->
    <!-- strfuns -->
    <!-- sent 76 bytes -->
    <write><data>J\x00FIND ord\x28chomp\x28upcase\x28\x27    pxhsYHAKJxYbncZzRi\x5fqRjqJsNa   \x27\x29\x29\x2c 19\x29FROM asdf</data></write>
    <read><length>4</length><match><data>\x02\x0095</data></match></read>
    <!-- menu -->
    <!-- strfuns -->
    <!-- sent 60 bytes -->
    <write><data>:\x00FIND idx\x28chomp\x28downcase\x28\x27IROjArxleVm\x5fk  \x27\x29\x29\x2c \x27a\x27\x29FROM asdf</data></write>
    <read><length>3</length><match><data>\x01\x005</data></match></read>
    <!-- menu -->
    <!-- strfuns -->
    <!-- sent 65 bytes -->
    <write><data>?\x00FIND ridx\x28chomp\x28downcase\x28\x27R\x5dvJzRACysgemelhPth\x27\x29\x29\x2c \x27e\x27\x29FROM asdf</data></write>
    <read><length>4</length><match><data>\x02\x0014</data></match></read>
    <!-- menu -->
    <!-- intmath -->
    <!-- sent 34 bytes -->
    <write><data> \x00FIND 39 \x2a 46 \x2b 36 \x2b 14 FROM dual</data></write>
    <read><length>6</length><match><data>\x04\x001844</data></match></read>
    <!-- menu -->
    <!-- strfuns -->
    <!-- sent 53 bytes -->
    <write><data>3\x00FIND ridx\x28chomp\x28downcase\x28\x27 r\x5ds\x5d  \x27\x29\x29\x2c \x27s\x27\x29FROM asdf</data></write>
    <read><length>3</length><match><data>\x01\x003</data></match></read>
    <!-- menu -->
    <!-- disconnect -->
    <!-- sent 6 bytes -->
    <write><data>\x04\x00exit</data></write>
</replay>
</pov>