<?xml version="1.0" standalone="no" ?>
<!DOCTYPE pov SYSTEM "/usr/share/cgc-docs/replay.dtd">
<pov>
<cbid>service</cbid>
<seed>1b57988aef18b26bba8fa3e5ddceee57b4009bfdf68c0c9d98e63a09fed9e2272dfa2324cbbb3966e819108e1777460f</seed>
<replay>
    <read><length>18</length><match><data>\x10\x00cqltor ready 413</data></match></read>
    <!-- menu -->
    <!-- intmath -->
    <!-- sent 34 bytes -->
    <write><data> \x00FIND 22 \x2b 52 \x2d 60 \x2f 21 FROM dual</data></write>
    <read><length>4</length><match><data>\x02\x0072</data></match></read>
    <!-- menu -->
    <!-- strfuns -->
    <!-- sent 55 bytes -->
    <write><data>5\x00FIND ord\x28chomp\x28downcase\x28\x27    Vw\x5ccpbkT\x27\x29\x29\x2c 7\x29FROM asdf</data></write>
    <read><length>5</length><match><data>\x03\x00107</data></match></read>
    <!-- menu -->
    <!-- intmath -->
    <!-- sent 28 bytes -->
    <write><data>\x1a\x00FIND 12 \x2b 8 \x2a 29 FROM dual</data></write>
    <read><length>5</length><match><data>\x03\x00244</data></match></read>
    <!-- menu -->
    <!-- strfuns -->
    <!-- sent 75 bytes -->
    <write><data>I\x00FIND idx\x28chomp\x28downcase\x28\x27   ZO\x5bzXXhjXciWnxvOoQeYiLZrH  \x27\x29\x29\x2c \x27\x5b\x27\x29FROM asdf</data></write>
    <read><length>3</length><match><data>\x01\x003</data></match></read>
    <!-- menu -->
    <!-- intmath -->
    <!-- sent 27 bytes -->
    <write><data>\x19\x00FIND 22 \x2d 6 \x2b 1 FROM dual</data></write>
    <read><length>4</length><match><data>\x02\x0017</data></match></read>
    <!-- menu -->
    <!-- strfuns -->
    <!-- sent 65 bytes -->
    <write><data>?\x00FIND ridx\x28chomp\x28downcase\x28\x27    GkEtLXGg\x5cMKINe \x27\x29\x29\x2c \x27k\x27\x29FROM asdf</data></write>
    <read><length>4</length><match><data>\x02\x0011</data></match></read>
    <!-- menu -->
    <!-- intmath -->
    <!-- sent 29 bytes -->
    <write><data>\x1b\x00FIND 15 \x2b 52 \x2f 20 FROM dual</data></write>
    <read><length>4</length><match><data>\x02\x0017</data></match></read>
    <!-- menu -->
    <!-- intmath -->
    <!-- sent 34 bytes -->
    <write><data> \x00FIND 60 \x2f 55 \x2b 39 \x2d 18 FROM dual</data></write>
    <read><length>4</length><match><data>\x02\x0022</data></match></read>
    <!-- menu -->
    <!-- intmath -->
    <!-- sent 24 bytes -->
    <write><data>\x16\x00FIND 52 \x2a 63 FROM dual</data></write>
    <read><length>6</length><match><data>\x04\x003276</data></match></read>
    <!-- menu -->
    <!-- intmath -->
    <!-- sent 33 bytes -->
    <write><data>\x1f\x00FIND 28 \x2d 64 \x2f 47 \x2a 2 FROM dual</data></write>
    <read><length>4</length><match><data>\x02\x0026</data></match></read>
    <!-- menu -->
    <!-- intmath -->
    <!-- sent 24 bytes -->
    <write><data>\x16\x00FIND 62 \x2f 11 FROM dual</data></write>
    <read><length>3</length><match><data>\x01\x005</data></match></read>
    <!-- menu -->
    <!-- strfuns -->
    <!-- sent 61 bytes -->
    <write><data>\x3b\x00FIND idx\x28chomp\x28downcase\x28\x27\x5etSG\x5cCQYkLC     \x27\x29\x29\x2c \x27s\x27\x29FROM asdf</data></write>
    <read><length>3</length><match><data>\x01\x003</data></match></read>
    <!-- menu -->
    <!-- strfuns -->
    <!-- sent 78 bytes -->
    <write><data>L\x00FIND ord\x28chomp\x28upcase\x28\x27    PlnoUWbmamvuJTRGTCCTAQMoHcaF    \x27\x29\x29\x2c 24\x29FROM asdf</data></write>
    <read><length>4</length><match><data>\x02\x0079</data></match></read>
    <!-- menu -->
    <!-- intmath -->
    <!-- sent 29 bytes -->
    <write><data>\x1b\x00FIND 57 \x2b 19 \x2f 42 FROM dual</data></write>
    <read><length>4</length><match><data>\x02\x0057</data></match></read>
    <!-- menu -->
    <!-- strfuns -->
    <!-- sent 60 bytes -->
    <write><data>:\x00FIND idx\x28chomp\x28upcase\x28\x27    X\x5exlWyScSMZQp\x27\x29\x29\x2c \x27W\x27\x29FROM asdf</data></write>
    <read><length>3</length><match><data>\x01\x005</data></match></read>
    <!-- menu -->
    <!-- strfuns -->
    <!-- sent 75 bytes -->
    <write><data>I\x00FIND ridx\x28chomp\x28upcase\x28\x27    MtRfIaoNjX\x5cVSB\x5cZYVCLQZXnHA \x27\x29\x29\x2c \x27\x5c\x27\x29FROM asdf</data></write>
    <read><length>4</length><match><data>\x02\x0015</data></match></read>
    <!-- menu -->
    <!-- intmath -->
    <!-- sent 29 bytes -->
    <write><data>\x1b\x00FIND 32 \x2a 51 \x2d 15 FROM dual</data></write>
    <read><length>6</length><match><data>\x04\x001617</data></match></read>
    <!-- menu -->
    <!-- strfuns -->
    <!-- sent 57 bytes -->
    <write><data>7\x00FIND ord\x28chomp\x28downcase\x28\x27    yrt\x60\x5efGY  \x27\x29\x29\x2c 2\x29FROM asdf</data></write>
    <read><length>5</length><match><data>\x03\x00114</data></match></read>
    <!-- menu -->
    <!-- intmath -->
    <!-- sent 33 bytes -->
    <write><data>\x1f\x00FIND 9 \x2f 40 \x2d 28 \x2b 59 FROM dual</data></write>
    <read><length>4</length><match><data>\x02\x0031</data></match></read>
    <!-- menu -->
    <!-- intmath -->
    <!-- sent 29 bytes -->
    <write><data>\x1b\x00FIND 55 \x2d 19 \x2d 54 FROM dual</data></write>
    <read><length>5</length><match><data>\x03\x00\x2d18</data></match></read>
    <!-- menu -->
    <!-- strfuns -->
    <!-- sent 68 bytes -->
    <write><data>B\x00FIND idx\x28chomp\x28upcase\x28\x27  LgiJacxETEZtuYDoQQ     \x27\x29\x29\x2c \x27Y\x27\x29FROM asdf</data></write>
    <read><length>4</length><match><data>\x02\x0014</data></match></read>
    <!-- menu -->
    <!-- intmath -->
    <!-- sent 23 bytes -->
    <write><data>\x15\x00FIND 55 \x2a 1 FROM dual</data></write>
    <read><length>4</length><match><data>\x02\x0055</data></match></read>
    <!-- menu -->
    <!-- strfuns -->
    <!-- sent 53 bytes -->
    <write><data>3\x00FIND idx\x28chomp\x28upcase\x28\x27TwPx\x60GbS  \x27\x29\x29\x2c \x27W\x27\x29FROM asdf</data></write>
    <read><length>3</length><match><data>\x01\x002</data></match></read>
    <!-- menu -->
    <!-- strfuns -->
    <!-- sent 79 bytes -->
    <write><data>M\x00FIND ridx\x28chomp\x28upcase\x28\x27 kpEyZ\x5eV\x60g\x5fTqTqHSKKdwznq\x60DMsbqV\x5f   \x27\x29\x29\x2c \x27T\x27\x29FROM asdf</data></write>
    <read><length>4</length><match><data>\x02\x0013</data></match></read>
    <!-- menu -->
    <!-- strfuns -->
    <!-- sent 72 bytes -->
    <write><data>F\x00FIND ord\x28chomp\x28downcase\x28\x27    D\x5bmOXTAw\x5bbczBwFDbiUkuUXPE\x27\x29\x29\x2c 9\x29FROM asdf</data></write>
    <read><length>4</length><match><data>\x02\x0091</data></match></read>
    <!-- menu -->
    <!-- intmath -->
    <!-- sent 28 bytes -->
    <write><data>\x1a\x00FIND 32 \x2f 60 \x2b 8 FROM dual</data></write>
    <read><length>3</length><match><data>\x01\x008</data></match></read>
    <!-- menu -->
    <!-- strfuns -->
    <!-- sent 76 bytes -->
    <write><data>J\x00FIND ord\x28chomp\x28upcase\x28\x27    lmSNsaaT\x5fpFYFVWuAkRmDRWg\x5cnP\x5b\x5dF\x27\x29\x29\x2c 11\x29FROM asdf</data></write>
    <read><length>4</length><match><data>\x02\x0070</data></match></read>
    <!-- menu -->
    <!-- strfuns -->
    <!-- sent 72 bytes -->
    <write><data>F\x00FIND ridx\x28chomp\x28downcase\x28\x27 ynJViBZcGKNJrRPa\x5doVgl\x5esT \x27\x29\x29\x2c \x27r\x27\x29FROM asdf</data></write>
    <read><length>4</length><match><data>\x02\x0014</data></match></read>
    <!-- menu -->
    <!-- intmath -->
    <!-- sent 29 bytes -->
    <write><data>\x1b\x00FIND 55 \x2b 46 \x2d 28 FROM dual</data></write>
    <read><length>4</length><match><data>\x02\x0073</data></match></read>
    <!-- menu -->
    <!-- strfuns -->
    <!-- sent 74 bytes -->
    <write><data>H\x00FIND ridx\x28chomp\x28downcase\x28\x27  dZU\x60lCYsAQsggowFvyUerV    \x27\x29\x29\x2c \x27w\x27\x29FROM asdf</data></write>
    <read><length>4</length><match><data>\x02\x0015</data></match></read>
    <!-- menu -->
    <!-- strfuns -->
    <!-- sent 83 bytes -->
    <write><data>Q\x00FIND ridx\x28chomp\x28upcase\x28\x27    vRQFODiFHDaNvdwp\x5dONMTvUX\x5fz\x5eZPpkn   \x27\x29\x29\x2c \x27A\x27\x29FROM asdf</data></write>
    <read><length>4</length><match><data>\x02\x0011</data></match></read>
    <!-- menu -->
    <!-- strfuns -->
    <!-- sent 63 bytes -->
    <write><data>\x3d\x00FIND ridx\x28chomp\x28downcase\x28\x27  WovzfSCQRIGcCr \x27\x29\x29\x2c \x27w\x27\x29FROM asdf</data></write>
    <read><length>3</length><match><data>\x01\x001</data></match></read>
    <!-- menu -->
    <!-- intmath -->
    <!-- sent 24 bytes -->
    <write><data>\x16\x00FIND 24 \x2b 60 FROM dual</data></write>
    <read><length>4</length><match><data>\x02\x0084</data></match></read>
    <!-- menu -->
    <!-- intmath -->
    <!-- sent 29 bytes -->
    <write><data>\x1b\x00FIND 14 \x2b 17 \x2d 22 FROM dual</data></write>
    <read><length>3</length><match><data>\x01\x009</data></match></read>
    <!-- menu -->
    <!-- intmath -->
    <!-- sent 24 bytes -->
    <write><data>\x16\x00FIND 37 \x2b 40 FROM dual</data></write>
    <read><length>4</length><match><data>\x02\x0077</data></match></read>
    <!-- menu -->
    <!-- strfuns -->
    <!-- sent 75 bytes -->
    <write><data>I\x00FIND idx\x28chomp\x28downcase\x28\x27     i\x5bCkDNuUHwbRBsurAQgiIcm  \x27\x29\x29\x2c \x27u\x27\x29FROM asdf</data></write>
    <read><length>3</length><match><data>\x01\x007</data></match></read>
    <!-- menu -->
    <!-- intmath -->
    <!-- sent 28 bytes -->
    <write><data>\x1a\x00FIND 42 \x2a 9 \x2d 54 FROM dual</data></write>
    <read><length>5</length><match><data>\x03\x00324</data></match></read>
    <!-- menu -->
    <!-- intmath -->
    <!-- sent 29 bytes -->
    <write><data>\x1b\x00FIND 21 \x2a 38 \x2d 22 FROM dual</data></write>
    <read><length>5</length><match><data>\x03\x00776</data></match></read>
    <!-- menu -->
    <!-- disconnect -->
    <!-- sent 6 bytes -->
    <write><data>\x04\x00exit</data></write>
</replay>
</pov>