<?xml version="1.0" standalone="no" ?>
<!DOCTYPE pov SYSTEM "/usr/share/cgc-docs/replay.dtd">
<pov>
<cbid>service</cbid>
<seed>66f97d76f68238aac27bf1bbb61e0126185c3ba77842c165b3c0534768b5e353503ebfe6c7387ef1efff45fc911fedb7</seed>
<replay>
    <read><length>18</length><match><data>\x10\x00cqltor ready 531</data></match></read>
    <!-- menu -->
    <!-- intmath -->
    <!-- sent 29 bytes -->
    <write><data>\x1b\x00FIND 38 \x2a 45 \x2d 25 FROM dual</data></write>
    <read><length>6</length><match><data>\x04\x001685</data></match></read>
    <!-- menu -->
    <!-- intmath -->
    <!-- sent 29 bytes -->
    <write><data>\x1b\x00FIND 14 \x2b 23 \x2b 29 FROM dual</data></write>
    <read><length>4</length><match><data>\x02\x0066</data></match></read>
    <!-- menu -->
    <!-- strfuns -->
    <!-- sent 51 bytes -->
    <write><data>1\x00FIND ridx\x28chomp\x28downcase\x28\x27aXHpU\x27\x29\x29\x2c \x27h\x27\x29FROM asdf</data></write>
    <read><length>3</length><match><data>\x01\x003</data></match></read>
    <!-- menu -->
    <!-- intmath -->
    <!-- sent 29 bytes -->
    <write><data>\x1b\x00FIND 39 \x2f 21 \x2d 10 FROM dual</data></write>
    <read><length>4</length><match><data>\x02\x00\x2d9</data></match></read>
    <!-- menu -->
    <!-- intmath -->
    <!-- sent 24 bytes -->
    <write><data>\x16\x00FIND 49 \x2f 27 FROM dual</data></write>
    <read><length>3</length><match><data>\x01\x001</data></match></read>
    <!-- menu -->
    <!-- strfuns -->
    <!-- sent 78 bytes -->
    <write><data>L\x00FIND ridx\x28chomp\x28upcase\x28\x27    fASnxYuBjJGavj\x5cQobf\x5cQqearvK   \x27\x29\x29\x2c \x27F\x27\x29FROM asdf</data></write>
    <read><length>4</length><match><data>\x02\x0019</data></match></read>
    <!-- menu -->
    <!-- intmath -->
    <!-- sent 29 bytes -->
    <write><data>\x1b\x00FIND 20 \x2b 64 \x2f 48 FROM dual</data></write>
    <read><length>4</length><match><data>\x02\x0021</data></match></read>
    <!-- menu -->
    <!-- intmath -->
    <!-- sent 34 bytes -->
    <write><data> \x00FIND 49 \x2b 31 \x2b 45 \x2b 61 FROM dual</data></write>
    <read><length>5</length><match><data>\x03\x00186</data></match></read>
    <!-- menu -->
    <!-- intmath -->
    <!-- sent 24 bytes -->
    <write><data>\x16\x00FIND 41 \x2a 16 FROM dual</data></write>
    <read><length>5</length><match><data>\x03\x00656</data></match></read>
    <!-- menu -->
    <!-- intmath -->
    <!-- sent 24 bytes -->
    <write><data>\x16\x00FIND 38 \x2d 42 FROM dual</data></write>
    <read><length>4</length><match><data>\x02\x00\x2d4</data></match></read>
    <!-- menu -->
    <!-- strfuns -->
    <!-- sent 58 bytes -->
    <write><data>8\x00FIND idx\x28chomp\x28downcase\x28\x27    h\x5etHtpca \x27\x29\x29\x2c \x27t\x27\x29FROM asdf</data></write>
    <read><length>3</length><match><data>\x01\x003</data></match></read>
    <!-- menu -->
    <!-- disconnect -->
    <!-- sent 6 bytes -->
    <write><data>\x04\x00exit</data></write>
</replay>
</pov>