<?xml version="1.0" standalone="no" ?>
<!DOCTYPE pov SYSTEM "/usr/share/cgc-docs/replay.dtd">
<pov>
<cbid>service</cbid>
<seed>30b804df87307321d78a796eb5b687ea1f224260120074053ce0f963f66ab5dc83f584e0d7c6386e6a29ee66d3a80d15</seed>
<replay>
    <read><length>18</length><match><data>\x10\x00cqltor ready 405</data></match></read>
    <!-- menu -->
    <!-- strfuns -->
    <!-- sent 68 bytes -->
    <write><data>B\x00FIND idx\x28chomp\x28upcase\x28\x27 \x5ftRmBF\x5fEdo\x5eeYAEyu\x5eb     \x27\x29\x29\x2c \x27E\x27\x29FROM asdf</data></write>
    <read><length>3</length><match><data>\x01\x008</data></match></read>
    <!-- menu -->
    <!-- strfuns -->
    <!-- sent 74 bytes -->
    <write><data>H\x00FIND ridx\x28chomp\x28downcase\x28\x27     ExSvy\x5dBtkOvkfj\x5bGgC     \x27\x29\x29\x2c \x27y\x27\x29FROM asdf</data></write>
    <read><length>3</length><match><data>\x01\x005</data></match></read>
    <!-- menu -->
    <!-- strfuns -->
    <!-- sent 65 bytes -->
    <write><data>?\x00FIND ord\x28chomp\x28downcase\x28\x27   qaoAKbZB\x5bsJJtdNOQQ\x27\x29\x29\x2c 10\x29FROM asdf</data></write>
    <read><length>5</length><match><data>\x03\x00115</data></match></read>
    <!-- menu -->
    <!-- strfuns -->
    <!-- sent 77 bytes -->
    <write><data>K\x00FIND ord\x28chomp\x28upcase\x28\x27    sGQHRjqhAb\x60QxDUBIY\x5bOv\x5dFO\x5b\x60     \x27\x29\x29\x2c 17\x29FROM asdf</data></write>
    <read><length>4</length><match><data>\x02\x0073</data></match></read>
    <!-- menu -->
    <!-- strfuns -->
    <!-- sent 52 bytes -->
    <write><data>2\x00FIND ord\x28chomp\x28upcase\x28\x27  NXPCb    \x27\x29\x29\x2c 3\x29FROM asdf</data></write>
    <read><length>4</length><match><data>\x02\x0080</data></match></read>
    <!-- menu -->
    <!-- strfuns -->
    <!-- sent 75 bytes -->
    <write><data>I\x00FIND ord\x28chomp\x28downcase\x28\x27    I\x5dLfdaHdhLIJi\x5btpXGivH\x5fUYQHI\x27\x29\x29\x2c 26\x29FROM asdf</data></write>
    <read><length>5</length><match><data>\x03\x00104</data></match></read>
    <!-- menu -->
    <!-- intmath -->
    <!-- sent 29 bytes -->
    <write><data>\x1b\x00FIND 58 \x2b 36 \x2a 51 FROM dual</data></write>
    <read><length>6</length><match><data>\x04\x001894</data></match></read>
    <!-- menu -->
    <!-- strfuns -->
    <!-- sent 75 bytes -->
    <write><data>I\x00FIND ord\x28chomp\x28upcase\x28\x27    ys\x5fJKYsVPM\x60w\x5fzMwazHj\x60pINFrb  \x27\x29\x29\x2c 12\x29FROM asdf</data></write>
    <read><length>4</length><match><data>\x02\x0087</data></match></read>
    <!-- menu -->
    <!-- strfuns -->
    <!-- sent 71 bytes -->
    <write><data>E\x00FIND idx\x28chomp\x28downcase\x28\x27    pgmIHuht\x5dWi\x5eu\x5bbJeMY   \x27\x29\x29\x2c \x27j\x27\x29FROM asdf</data></write>
    <read><length>4</length><match><data>\x02\x0016</data></match></read>
    <!-- menu -->
    <!-- strfuns -->
    <!-- sent 61 bytes -->
    <write><data>\x3b\x00FIND ridx\x28chomp\x28upcase\x28\x27JUJEVSFhhRaEE    \x27\x29\x29\x2c \x27H\x27\x29FROM asdf</data></write>
    <read><length>3</length><match><data>\x01\x009</data></match></read>
    <!-- menu -->
    <!-- intmath -->
    <!-- sent 24 bytes -->
    <write><data>\x16\x00FIND 64 \x2b 53 FROM dual</data></write>
    <read><length>5</length><match><data>\x03\x00117</data></match></read>
    <!-- menu -->
    <!-- strfuns -->
    <!-- sent 57 bytes -->
    <write><data>7\x00FIND ord\x28chomp\x28upcase\x28\x27TRmDchhxbDo     \x27\x29\x29\x2c 2\x29FROM asdf</data></write>
    <read><length>4</length><match><data>\x02\x0082</data></match></read>
    <!-- menu -->
    <!-- intmath -->
    <!-- sent 33 bytes -->
    <write><data>\x1f\x00FIND 50 \x2d 54 \x2b 3 \x2a 22 FROM dual</data></write>
    <read><length>4</length><match><data>\x02\x0062</data></match></read>
    <!-- menu -->
    <!-- strfuns -->
    <!-- sent 58 bytes -->
    <write><data>8\x00FIND ridx\x28chomp\x28upcase\x28\x27  hSJ\x60EhAb\x5d   \x27\x29\x29\x2c \x27H\x27\x29FROM asdf</data></write>
    <read><length>3</length><match><data>\x01\x006</data></match></read>
    <!-- menu -->
    <!-- intmath -->
    <!-- sent 34 bytes -->
    <write><data> \x00FIND 28 \x2f 59 \x2b 62 \x2d 64 FROM dual</data></write>
    <read><length>4</length><match><data>\x02\x00\x2d2</data></match></read>
    <!-- menu -->
    <!-- strfuns -->
    <!-- sent 75 bytes -->
    <write><data>I\x00FIND idx\x28chomp\x28upcase\x28\x27   \x5dJPAJzarPj\x60xTBxlxiijPJWfnRpG \x27\x29\x29\x2c \x27I\x27\x29FROM asdf</data></write>
    <read><length>4</length><match><data>\x02\x0018</data></match></read>
    <!-- menu -->
    <!-- strfuns -->
    <!-- sent 75 bytes -->
    <write><data>I\x00FIND ridx\x28chomp\x28downcase\x28\x27  fFRJUhNNzbgllQhLBmgmeAEi\x5c  \x27\x29\x29\x2c \x27j\x27\x29FROM asdf</data></write>
    <read><length>3</length><match><data>\x01\x004</data></match></read>
    <!-- menu -->
    <!-- intmath -->
    <!-- sent 33 bytes -->
    <write><data>\x1f\x00FIND 51 \x2a 50 \x2f 19 \x2d 7 FROM dual</data></write>
    <read><length>5</length><match><data>\x03\x00127</data></match></read>
    <!-- menu -->
    <!-- intmath -->
    <!-- sent 33 bytes -->
    <write><data>\x1f\x00FIND 52 \x2a 2 \x2d 40 \x2a 15 FROM dual</data></write>
    <read><length>6</length><match><data>\x04\x00\x2d496</data></match></read>
    <!-- menu -->
    <!-- strfuns -->
    <!-- sent 75 bytes -->
    <write><data>I\x00FIND idx\x28chomp\x28upcase\x28\x27  FlV\x60FKr\x5dQoKg\x60QMgOR\x5fnNqE\x5ddCD   \x27\x29\x29\x2c \x27R\x27\x29FROM asdf</data></write>
    <read><length>3</length><match><data>\x01\x007</data></match></read>
    <!-- menu -->
    <!-- intmath -->
    <!-- sent 24 bytes -->
    <write><data>\x16\x00FIND 64 \x2d 61 FROM dual</data></write>
    <read><length>3</length><match><data>\x01\x003</data></match></read>
    <!-- menu -->
    <!-- intmath -->
    <!-- sent 29 bytes -->
    <write><data>\x1b\x00FIND 14 \x2f 61 \x2d 32 FROM dual</data></write>
    <read><length>5</length><match><data>\x03\x00\x2d32</data></match></read>
    <!-- menu -->
    <!-- strfuns -->
    <!-- sent 68 bytes -->
    <write><data>B\x00FIND idx\x28chomp\x28upcase\x28\x27   HLG\x5e\x5dDNwACzDLSXvyz\x5c   \x27\x29\x29\x2c \x27L\x27\x29FROM asdf</data></write>
    <read><length>3</length><match><data>\x01\x002</data></match></read>
    <!-- menu -->
    <!-- strfuns -->
    <!-- sent 86 bytes -->
    <write><data>T\x00FIND ridx\x28chomp\x28downcase\x28\x27     nMGaZ\x5fXlhxDo\x5d\x5eMPEtgFLafBNFMW\x5cifO   \x27\x29\x29\x2c \x27h\x27\x29FROM asdf</data></write>
    <read><length>3</length><match><data>\x01\x009</data></match></read>
    <!-- menu -->
    <!-- strfuns -->
    <!-- sent 80 bytes -->
    <write><data>N\x00FIND idx\x28chomp\x28downcase\x28\x27     gklQpZ\x5bmYLSabOYGhi\x5eprnAFBw    \x27\x29\x29\x2c \x27y\x27\x29FROM asdf</data></write>
    <read><length>3</length><match><data>\x01\x009</data></match></read>
    <!-- menu -->
    <!-- strfuns -->
    <!-- sent 55 bytes -->
    <write><data>5\x00FIND idx\x28chomp\x28upcase\x28\x27  foPQkYUX  \x27\x29\x29\x2c \x27O\x27\x29FROM asdf</data></write>
    <read><length>3</length><match><data>\x01\x002</data></match></read>
    <!-- menu -->
    <!-- intmath -->
    <!-- sent 34 bytes -->
    <write><data> \x00FIND 40 \x2f 46 \x2f 37 \x2a 30 FROM dual</data></write>
    <read><length>3</length><match><data>\x01\x000</data></match></read>
    <!-- menu -->
    <!-- strfuns -->
    <!-- sent 76 bytes -->
    <write><data>J\x00FIND idx\x28chomp\x28upcase\x28\x27  E\x5cmUhSl\x60YsuJ\x5f\x5fzRfm\x5dGI\x60pc\x5dlbu   \x27\x29\x29\x2c \x27\x5f\x27\x29FROM asdf</data></write>
    <read><length>4</length><match><data>\x02\x0013</data></match></read>
    <!-- menu -->
    <!-- strfuns -->
    <!-- sent 70 bytes -->
    <write><data>D\x00FIND idx\x28chomp\x28downcase\x28\x27  \x5cvtFge\x60\x5cNBk\x60xSFhB\x5e\x5fBrXm\x27\x29\x29\x2c \x27m\x27\x29FROM asdf</data></write>
    <read><length>4</length><match><data>\x02\x0023</data></match></read>
    <!-- menu -->
    <!-- intmath -->
    <!-- sent 28 bytes -->
    <write><data>\x1a\x00FIND 9 \x2a 49 \x2a 54 FROM dual</data></write>
    <read><length>7</length><match><data>\x05\x0023814</data></match></read>
    <!-- menu -->
    <!-- intmath -->
    <!-- sent 24 bytes -->
    <write><data>\x16\x00FIND 54 \x2f 59 FROM dual</data></write>
    <read><length>3</length><match><data>\x01\x000</data></match></read>
    <!-- menu -->
    <!-- intmath -->
    <!-- sent 34 bytes -->
    <write><data> \x00FIND 16 \x2d 53 \x2b 48 \x2d 48 FROM dual</data></write>
    <read><length>5</length><match><data>\x03\x00\x2d37</data></match></read>
    <!-- menu -->
    <!-- strfuns -->
    <!-- sent 73 bytes -->
    <write><data>G\x00FIND ord\x28chomp\x28downcase\x28\x27 exCdveVmGUJnFcUVS\x60aQzaNueBTN\x27\x29\x29\x2c 20\x29FROM asdf</data></write>
    <read><length>5</length><match><data>\x03\x00113</data></match></read>
    <!-- menu -->
    <!-- disconnect -->
    <!-- sent 6 bytes -->
    <write><data>\x04\x00exit</data></write>
</replay>
</pov>