<?xml version="1.0" standalone="no" ?>
<!DOCTYPE pov SYSTEM "/usr/share/cgc-docs/replay.dtd">
<pov>
<cbid>service</cbid>
<seed>ce8e875c5783717d5b553326f6ecd395ab572d3b1d0f551b8b80991a2e9015fa178cd20800ccfae6777fb0e2131e4c9b</seed>
<replay>
    <read><length>18</length><match><data>\x10\x00cqltor ready 649</data></match></read>
    <!-- menu -->
    <!-- strfuns -->
    <!-- sent 57 bytes -->
    <write><data>7\x00FIND idx\x28chomp\x28upcase\x28\x27    vQcyYqS   \x27\x29\x29\x2c \x27Q\x27\x29FROM asdf</data></write>
    <read><length>3</length><match><data>\x01\x002</data></match></read>
    <!-- menu -->
    <!-- intmath -->
    <!-- sent 24 bytes -->
    <write><data>\x16\x00FIND 30 \x2a 49 FROM dual</data></write>
    <read><length>6</length><match><data>\x04\x001470</data></match></read>
    <!-- menu -->
    <!-- intmath -->
    <!-- sent 24 bytes -->
    <write><data>\x16\x00FIND 53 \x2a 56 FROM dual</data></write>
    <read><length>6</length><match><data>\x04\x002968</data></match></read>
    <!-- menu -->
    <!-- intmath -->
    <!-- sent 33 bytes -->
    <write><data>\x1f\x00FIND 44 \x2a 50 \x2d 52 \x2b 6 FROM dual</data></write>
    <read><length>6</length><match><data>\x04\x002154</data></match></read>
    <!-- menu -->
    <!-- intmath -->
    <!-- sent 24 bytes -->
    <write><data>\x16\x00FIND 25 \x2f 43 FROM dual</data></write>
    <read><length>3</length><match><data>\x01\x000</data></match></read>
    <!-- menu -->
    <!-- intmath -->
    <!-- sent 34 bytes -->
    <write><data> \x00FIND 35 \x2b 63 \x2d 36 \x2b 53 FROM dual</data></write>
    <read><length>5</length><match><data>\x03\x00115</data></match></read>
    <!-- menu -->
    <!-- strfuns -->
    <!-- sent 71 bytes -->
    <write><data>E\x00FIND ridx\x28chomp\x28upcase\x28\x27   FZG\x5bJGtOH\x5eIjgeaFdt\x5cLEJID\x27\x29\x29\x2c \x27L\x27\x29FROM asdf</data></write>
    <read><length>4</length><match><data>\x02\x0020</data></match></read>
    <!-- menu -->
    <!-- strfuns -->
    <!-- sent 63 bytes -->
    <write><data>\x3d\x00FIND idx\x28chomp\x28downcase\x28\x27  LurwIwUcqg\x5fGB   \x27\x29\x29\x2c \x27g\x27\x29FROM asdf</data></write>
    <read><length>4</length><match><data>\x02\x0010</data></match></read>
    <!-- menu -->
    <!-- strfuns -->
    <!-- sent 73 bytes -->
    <write><data>G\x00FIND ord\x28chomp\x28upcase\x28\x27     SNEsUL\x5cPNv\x5fYdeBWJpyfO     \x27\x29\x29\x2c 12\x29FROM asdf</data></write>
    <read><length>4</length><match><data>\x02\x0089</data></match></read>
    <!-- menu -->
    <!-- strfuns -->
    <!-- sent 50 bytes -->
    <write><data>0\x00FIND ord\x28chomp\x28upcase\x28\x27    KnjoG\x27\x29\x29\x2c 4\x29FROM asdf</data></write>
    <read><length>4</length><match><data>\x02\x0079</data></match></read>
    <!-- menu -->
    <!-- intmath -->
    <!-- sent 33 bytes -->
    <write><data>\x1f\x00FIND 38 \x2d 6 \x2b 63 \x2d 16 FROM dual</data></write>
    <read><length>4</length><match><data>\x02\x0079</data></match></read>
    <!-- menu -->
    <!-- intmath -->
    <!-- sent 24 bytes -->
    <write><data>\x16\x00FIND 26 \x2f 28 FROM dual</data></write>
    <read><length>3</length><match><data>\x01\x000</data></match></read>
    <!-- menu -->
    <!-- intmath -->
    <!-- sent 31 bytes -->
    <write><data>\x1d\x00FIND 51 \x2d 8 \x2a 6 \x2b 6 FROM dual</data></write>
    <read><length>3</length><match><data>\x01\x009</data></match></read>
    <!-- menu -->
    <!-- strfuns -->
    <!-- sent 55 bytes -->
    <write><data>5\x00FIND idx\x28chomp\x28downcase\x28\x27  kowTQLEm\x27\x29\x29\x2c \x27t\x27\x29FROM asdf</data></write>
    <read><length>3</length><match><data>\x01\x004</data></match></read>
    <!-- menu -->
    <!-- intmath -->
    <!-- sent 34 bytes -->
    <write><data> \x00FIND 36 \x2a 37 \x2b 43 \x2d 41 FROM dual</data></write>
    <read><length>6</length><match><data>\x04\x001334</data></match></read>
    <!-- menu -->
    <!-- strfuns -->
    <!-- sent 56 bytes -->
    <write><data>6\x00FIND idx\x28chomp\x28upcase\x28\x27    q\x60D\x5cC    \x27\x29\x29\x2c \x27\x5c\x27\x29FROM asdf</data></write>
    <read><length>3</length><match><data>\x01\x004</data></match></read>
    <!-- menu -->
    <!-- intmath -->
    <!-- sent 24 bytes -->
    <write><data>\x16\x00FIND 52 \x2d 52 FROM dual</data></write>
    <read><length>3</length><match><data>\x01\x000</data></match></read>
    <!-- menu -->
    <!-- intmath -->
    <!-- sent 34 bytes -->
    <write><data> \x00FIND 64 \x2b 40 \x2f 50 \x2b 43 FROM dual</data></write>
    <read><length>5</length><match><data>\x03\x00107</data></match></read>
    <!-- menu -->
    <!-- strfuns -->
    <!-- sent 75 bytes -->
    <write><data>I\x00FIND idx\x28chomp\x28upcase\x28\x27 tBO\x60XKyUCY\x5dasHcRQoELV\x60aOTaDrQk \x27\x29\x29\x2c \x27Y\x27\x29FROM asdf</data></write>
    <read><length>3</length><match><data>\x01\x007</data></match></read>
    <!-- menu -->
    <!-- strfuns -->
    <!-- sent 64 bytes -->
    <write><data>\x3e\x00FIND idx\x28chomp\x28upcase\x28\x27 Y\x5dkXnZ\x60kVBanRsiWiN  \x27\x29\x29\x2c \x27B\x27\x29FROM asdf</data></write>
    <read><length>4</length><match><data>\x02\x0010</data></match></read>
    <!-- menu -->
    <!-- strfuns -->
    <!-- sent 77 bytes -->
    <write><data>K\x00FIND idx\x28chomp\x28downcase\x28\x27   dcItDUDVzoda\x5csAXrRCEbyFiXq   \x27\x29\x29\x2c \x27c\x27\x29FROM asdf</data></write>
    <read><length>3</length><match><data>\x01\x002</data></match></read>
    <!-- menu -->
    <!-- strfuns -->
    <!-- sent 72 bytes -->
    <write><data>F\x00FIND ord\x28chomp\x28downcase\x28\x27    MqPSAn\x60yi\x60HHQTdEmTexjUGmc\x27\x29\x29\x2c 8\x29FROM asdf</data></write>
    <read><length>5</length><match><data>\x03\x00121</data></match></read>
    <!-- menu -->
    <!-- strfuns -->
    <!-- sent 63 bytes -->
    <write><data>\x3d\x00FIND idx\x28chomp\x28downcase\x28\x27 qn\x5cCtUc\x5brNic     \x27\x29\x29\x2c \x27i\x27\x29FROM asdf</data></write>
    <read><length>4</length><match><data>\x02\x0011</data></match></read>
    <!-- menu -->
    <!-- intmath -->
    <!-- sent 34 bytes -->
    <write><data> \x00FIND 41 \x2d 61 \x2b 10 \x2f 46 FROM dual</data></write>
    <read><length>5</length><match><data>\x03\x00\x2d20</data></match></read>
    <!-- menu -->
    <!-- intmath -->
    <!-- sent 34 bytes -->
    <write><data> \x00FIND 44 \x2d 20 \x2b 38 \x2d 41 FROM dual</data></write>
    <read><length>4</length><match><data>\x02\x0021</data></match></read>
    <!-- menu -->
    <!-- strfuns -->
    <!-- sent 73 bytes -->
    <write><data>G\x00FIND ridx\x28chomp\x28downcase\x28\x27GhJl\x5dIGFwvQZEOzrdWH\x5bu\x5b     \x27\x29\x29\x2c \x27v\x27\x29FROM asdf</data></write>
    <read><length>4</length><match><data>\x02\x0010</data></match></read>
    <!-- menu -->
    <!-- strfuns -->
    <!-- sent 59 bytes -->
    <write><data>9\x00FIND idx\x28chomp\x28upcase\x28\x27     QsiBym     \x27\x29\x29\x2c \x27Q\x27\x29FROM asdf</data></write>
    <read><length>3</length><match><data>\x01\x001</data></match></read>
    <!-- menu -->
    <!-- intmath -->
    <!-- sent 34 bytes -->
    <write><data> \x00FIND 64 \x2d 63 \x2a 22 \x2f 40 FROM dual</data></write>
    <read><length>4</length><match><data>\x02\x0030</data></match></read>
    <!-- menu -->
    <!-- intmath -->
    <!-- sent 29 bytes -->
    <write><data>\x1b\x00FIND 31 \x2f 25 \x2a 24 FROM dual</data></write>
    <read><length>4</length><match><data>\x02\x0024</data></match></read>
    <!-- menu -->
    <!-- intmath -->
    <!-- sent 24 bytes -->
    <write><data>\x16\x00FIND 64 \x2b 62 FROM dual</data></write>
    <read><length>5</length><match><data>\x03\x00126</data></match></read>
    <!-- menu -->
    <!-- strfuns -->
    <!-- sent 55 bytes -->
    <write><data>5\x00FIND ord\x28chomp\x28downcase\x28\x27   idRXVuVNZ\x27\x29\x29\x2c 3\x29FROM asdf</data></write>
    <read><length>5</length><match><data>\x03\x00114</data></match></read>
    <!-- menu -->
    <!-- strfuns -->
    <!-- sent 74 bytes -->
    <write><data>H\x00FIND idx\x28chomp\x28downcase\x28\x27   rnm\x60mXHsnmJYmehZxPiHFvH\x5d  \x27\x29\x29\x2c \x27m\x27\x29FROM asdf</data></write>
    <read><length>3</length><match><data>\x01\x003</data></match></read>
    <!-- menu -->
    <!-- intmath -->
    <!-- sent 23 bytes -->
    <write><data>\x15\x00FIND 4 \x2a 60 FROM dual</data></write>
    <read><length>5</length><match><data>\x03\x00240</data></match></read>
    <!-- menu -->
    <!-- intmath -->
    <!-- sent 24 bytes -->
    <write><data>\x16\x00FIND 23 \x2f 19 FROM dual</data></write>
    <read><length>3</length><match><data>\x01\x001</data></match></read>
    <!-- menu -->
    <!-- strfuns -->
    <!-- sent 53 bytes -->
    <write><data>3\x00FIND idx\x28chomp\x28upcase\x28\x27   Oahm   \x27\x29\x29\x2c \x27O\x27\x29FROM asdf</data></write>
    <read><length>3</length><match><data>\x01\x001</data></match></read>
    <!-- menu -->
    <!-- intmath -->
    <!-- sent 24 bytes -->
    <write><data>\x16\x00FIND 26 \x2d 34 FROM dual</data></write>
    <read><length>4</length><match><data>\x02\x00\x2d8</data></match></read>
    <!-- menu -->
    <!-- intmath -->
    <!-- sent 28 bytes -->
    <write><data>\x1a\x00FIND 60 \x2d 20 \x2f 2 FROM dual</data></write>
    <read><length>4</length><match><data>\x02\x0050</data></match></read>
    <!-- menu -->
    <!-- intmath -->
    <!-- sent 32 bytes -->
    <write><data>\x1e\x00FIND 51 \x2d 4 \x2b 45 \x2b 1 FROM dual</data></write>
    <read><length>4</length><match><data>\x02\x0093</data></match></read>
    <!-- menu -->
    <!-- strfuns -->
    <!-- sent 75 bytes -->
    <write><data>I\x00FIND ord\x28chomp\x28downcase\x28\x27   c\x5fM\x5cKDdKMPcUMuqvgRIndva\x5cya  \x27\x29\x29\x2c 21\x29FROM asdf</data></write>
    <read><length>5</length><match><data>\x03\x00100</data></match></read>
    <!-- menu -->
    <!-- strfuns -->
    <!-- sent 67 bytes -->
    <write><data>A\x00FIND ridx\x28chomp\x28upcase\x28\x27sBaGBlHnoQxytmhmxvr\x5dt  \x27\x29\x29\x2c \x27T\x27\x29FROM asdf</data></write>
    <read><length>4</length><match><data>\x02\x0021</data></match></read>
    <!-- menu -->
    <!-- intmath -->
    <!-- sent 32 bytes -->
    <write><data>\x1e\x00FIND 10 \x2b 8 \x2a 37 \x2f 7 FROM dual</data></write>
    <read><length>4</length><match><data>\x02\x0052</data></match></read>
    <!-- menu -->
    <!-- strfuns -->
    <!-- sent 53 bytes -->
    <write><data>3\x00FIND ord\x28chomp\x28upcase\x28\x27qXV\x5d\x5ctO\x5cRm\x5dL\x27\x29\x29\x2c 7\x29FROM asdf</data></write>
    <read><length>4</length><match><data>\x02\x0079</data></match></read>
    <!-- menu -->
    <!-- intmath -->
    <!-- sent 29 bytes -->
    <write><data>\x1b\x00FIND 31 \x2f 27 \x2f 18 FROM dual</data></write>
    <read><length>3</length><match><data>\x01\x000</data></match></read>
    <!-- menu -->
    <!-- intmath -->
    <!-- sent 33 bytes -->
    <write><data>\x1f\x00FIND 58 \x2a 58 \x2a 2 \x2a 50 FROM dual</data></write>
    <read><length>8</length><match><data>\x06\x00336400</data></match></read>
    <!-- menu -->
    <!-- strfuns -->
    <!-- sent 73 bytes -->
    <write><data>G\x00FIND ord\x28chomp\x28downcase\x28\x27KT\x5cU\x5d\x5bRWZAiVZOCcvsMRV\x5eGGAUuLYS\x27\x29\x29\x2c 2\x29FROM asdf</data></write>
    <read><length>5</length><match><data>\x03\x00116</data></match></read>
    <!-- menu -->
    <!-- intmath -->
    <!-- sent 24 bytes -->
    <write><data>\x16\x00FIND 35 \x2d 48 FROM dual</data></write>
    <read><length>5</length><match><data>\x03\x00\x2d13</data></match></read>
    <!-- menu -->
    <!-- intmath -->
    <!-- sent 29 bytes -->
    <write><data>\x1b\x00FIND 31 \x2b 34 \x2d 36 FROM dual</data></write>
    <read><length>4</length><match><data>\x02\x0029</data></match></read>
    <!-- menu -->
    <!-- intmath -->
    <!-- sent 32 bytes -->
    <write><data>\x1e\x00FIND 27 \x2d 7 \x2a 7 \x2d 15 FROM dual</data></write>
    <read><length>5</length><match><data>\x03\x00\x2d37</data></match></read>
    <!-- menu -->
    <!-- intmath -->
    <!-- sent 27 bytes -->
    <write><data>\x19\x00FIND 2 \x2f 14 \x2f 2 FROM dual</data></write>
    <read><length>3</length><match><data>\x01\x000</data></match></read>
    <!-- menu -->
    <!-- strfuns -->
    <!-- sent 62 bytes -->
    <write><data>\x3c\x00FIND ridx\x28chomp\x28downcase\x28\x27    ao\x5eAw\x5fZaKD\x5e \x27\x29\x29\x2c \x27\x5e\x27\x29FROM asdf</data></write>
    <read><length>4</length><match><data>\x02\x0011</data></match></read>
    <!-- menu -->
    <!-- strfuns -->
    <!-- sent 71 bytes -->
    <write><data>E\x00FIND ord\x28chomp\x28upcase\x28\x27   wEVv\x5ewkrkgdyTfDx\x5daAtGFY\x60dG\x27\x29\x29\x2c 20\x29FROM asdf</data></write>
    <read><length>4</length><match><data>\x02\x0084</data></match></read>
    <!-- menu -->
    <!-- strfuns -->
    <!-- sent 51 bytes -->
    <write><data>1\x00FIND ridx\x28chomp\x28upcase\x28\x27iFTM   \x27\x29\x29\x2c \x27M\x27\x29FROM asdf</data></write>
    <read><length>3</length><match><data>\x01\x004</data></match></read>
    <!-- menu -->
    <!-- strfuns -->
    <!-- sent 64 bytes -->
    <write><data>\x3e\x00FIND ridx\x28chomp\x28upcase\x28\x27     \x5ereyJPwUIZIZTXE\x27\x29\x29\x2c \x27R\x27\x29FROM asdf</data></write>
    <read><length>3</length><match><data>\x01\x002</data></match></read>
    <!-- menu -->
    <!-- intmath -->
    <!-- sent 34 bytes -->
    <write><data> \x00FIND 62 \x2b 30 \x2f 46 \x2a 57 FROM dual</data></write>
    <read><length>4</length><match><data>\x02\x0062</data></match></read>
    <!-- menu -->
    <!-- intmath -->
    <!-- sent 29 bytes -->
    <write><data>\x1b\x00FIND 12 \x2a 47 \x2b 57 FROM dual</data></write>
    <read><length>5</length><match><data>\x03\x00621</data></match></read>
    <!-- menu -->
    <!-- intmath -->
    <!-- sent 29 bytes -->
    <write><data>\x1b\x00FIND 15 \x2a 23 \x2f 20 FROM dual</data></write>
    <read><length>4</length><match><data>\x02\x0017</data></match></read>
    <!-- menu -->
    <!-- strfuns -->
    <!-- sent 61 bytes -->
    <write><data>\x3b\x00FIND idx\x28chomp\x28downcase\x28\x27\x60Tf\x5eU\x5bGYmq\x60\x5fENbA\x27\x29\x29\x2c \x27\x5e\x27\x29FROM asdf</data></write>
    <read><length>3</length><match><data>\x01\x004</data></match></read>
    <!-- menu -->
    <!-- strfuns -->
    <!-- sent 60 bytes -->
    <write><data>:\x00FIND idx\x28chomp\x28upcase\x28\x27 LWtzsH\x5fVYHALFPwL\x27\x29\x29\x2c \x27A\x27\x29FROM asdf</data></write>
    <read><length>4</length><match><data>\x02\x0011</data></match></read>
    <!-- menu -->
    <!-- strfuns -->
    <!-- sent 83 bytes -->
    <write><data>Q\x00FIND ridx\x28chomp\x28downcase\x28\x27     v\x5b\x60oZWehk\x5eOmgKf\x5bu\x5eJqNqXGr\x5cFC    \x27\x29\x29\x2c \x27m\x27\x29FROM asdf</data></write>
    <read><length>4</length><match><data>\x02\x0012</data></match></read>
    <!-- menu -->
    <!-- intmath -->
    <!-- sent 29 bytes -->
    <write><data>\x1b\x00FIND 27 \x2d 44 \x2a 52 FROM dual</data></write>
    <read><length>7</length><match><data>\x05\x00\x2d2261</data></match></read>
    <!-- menu -->
    <!-- strfuns -->
    <!-- sent 55 bytes -->
    <write><data>5\x00FIND idx\x28chomp\x28upcase\x28\x27     ma\x60E   \x27\x29\x29\x2c \x27A\x27\x29FROM asdf</data></write>
    <read><length>3</length><match><data>\x01\x002</data></match></read>
    <!-- menu -->
    <!-- intmath -->
    <!-- sent 29 bytes -->
    <write><data>\x1b\x00FIND 37 \x2d 26 \x2b 42 FROM dual</data></write>
    <read><length>4</length><match><data>\x02\x0053</data></match></read>
    <!-- menu -->
    <!-- intmath -->
    <!-- sent 24 bytes -->
    <write><data>\x16\x00FIND 61 \x2a 44 FROM dual</data></write>
    <read><length>6</length><match><data>\x04\x002684</data></match></read>
    <!-- menu -->
    <!-- strfuns -->
    <!-- sent 65 bytes -->
    <write><data>?\x00FIND ridx\x28chomp\x28upcase\x28\x27  gIBZTQjebPZ\x5cKp     \x27\x29\x29\x2c \x27Q\x27\x29FROM asdf</data></write>
    <read><length>3</length><match><data>\x01\x006</data></match></read>
    <!-- menu -->
    <!-- intmath -->
    <!-- sent 32 bytes -->
    <write><data>\x1e\x00FIND 13 \x2f 32 \x2d 8 \x2b 1 FROM dual</data></write>
    <read><length>4</length><match><data>\x02\x00\x2d7</data></match></read>
    <!-- menu -->
    <!-- intmath -->
    <!-- sent 28 bytes -->
    <write><data>\x1a\x00FIND 23 \x2f 2 \x2d 40 FROM dual</data></write>
    <read><length>5</length><match><data>\x03\x00\x2d29</data></match></read>
    <!-- menu -->
    <!-- strfuns -->
    <!-- sent 61 bytes -->
    <write><data>\x3b\x00FIND ridx\x28chomp\x28downcase\x28\x27    twmmg\x5b\x5b\x5c   \x27\x29\x29\x2c \x27w\x27\x29FROM asdf</data></write>
    <read><length>3</length><match><data>\x01\x002</data></match></read>
    <!-- menu -->
    <!-- intmath -->
    <!-- sent 24 bytes -->
    <write><data>\x16\x00FIND 57 \x2f 12 FROM dual</data></write>
    <read><length>3</length><match><data>\x01\x004</data></match></read>
    <!-- menu -->
    <!-- intmath -->
    <!-- sent 24 bytes -->
    <write><data>\x16\x00FIND 42 \x2b 50 FROM dual</data></write>
    <read><length>4</length><match><data>\x02\x0092</data></match></read>
    <!-- menu -->
    <!-- intmath -->
    <!-- sent 28 bytes -->
    <write><data>\x1a\x00FIND 42 \x2b 1 \x2f 42 FROM dual</data></write>
    <read><length>4</length><match><data>\x02\x0042</data></match></read>
    <!-- menu -->
    <!-- strfuns -->
    <!-- sent 75 bytes -->
    <write><data>I\x00FIND ord\x28chomp\x28downcase\x28\x27cqxQmMn\x5bSQlJ\x5beW\x5eGIbrTDM\x5dFV     \x27\x29\x29\x2c 17\x29FROM asdf</data></write>
    <read><length>5</length><match><data>\x03\x00103</data></match></read>
    <!-- menu -->
    <!-- strfuns -->
    <!-- sent 68 bytes -->
    <write><data>B\x00FIND ord\x28chomp\x28upcase\x28\x27    JRofVa\x5cXZVHSVwOK\x5dKA   \x27\x29\x29\x2c 19\x29FROM asdf</data></write>
    <read><length>4</length><match><data>\x02\x0065</data></match></read>
    <!-- menu -->
    <!-- strfuns -->
    <!-- sent 50 bytes -->
    <write><data>0\x00FIND ord\x28chomp\x28upcase\x28\x27Na\x5ckgk\x5fvN\x27\x29\x29\x2c 1\x29FROM asdf</data></write>
    <read><length>4</length><match><data>\x02\x0078</data></match></read>
    <!-- menu -->
    <!-- intmath -->
    <!-- sent 24 bytes -->
    <write><data>\x16\x00FIND 17 \x2a 60 FROM dual</data></write>
    <read><length>6</length><match><data>\x04\x001020</data></match></read>
    <!-- menu -->
    <!-- strfuns -->
    <!-- sent 75 bytes -->
    <write><data>I\x00FIND ridx\x28chomp\x28upcase\x28\x27  lFTqGvHxTl\x5ecE\x5dzoazxnmAjUjFPts\x27\x29\x29\x2c \x27E\x27\x29FROM asdf</data></write>
    <read><length>4</length><match><data>\x02\x0013</data></match></read>
    <!-- menu -->
    <!-- intmath -->
    <!-- sent 24 bytes -->
    <write><data>\x16\x00FIND 56 \x2b 29 FROM dual</data></write>
    <read><length>4</length><match><data>\x02\x0085</data></match></read>
    <!-- menu -->
    <!-- intmath -->
    <!-- sent 32 bytes -->
    <write><data>\x1e\x00FIND 3 \x2a 23 \x2d 5 \x2a 18 FROM dual</data></write>
    <read><length>5</length><match><data>\x03\x00\x2d21</data></match></read>
    <!-- menu -->
    <!-- intmath -->
    <!-- sent 29 bytes -->
    <write><data>\x1b\x00FIND 32 \x2a 47 \x2a 20 FROM dual</data></write>
    <read><length>7</length><match><data>\x05\x0030080</data></match></read>
    <!-- menu -->
    <!-- strfuns -->
    <!-- sent 76 bytes -->
    <write><data>J\x00FIND idx\x28chomp\x28downcase\x28\x27     Cffad\x60\x5cpyfbaeNwvN\x5eWckRj   \x27\x29\x29\x2c \x27k\x27\x29FROM asdf</data></write>
    <read><length>4</length><match><data>\x02\x0021</data></match></read>
    <!-- menu -->
    <!-- strfuns -->
    <!-- sent 59 bytes -->
    <write><data>9\x00FIND ridx\x28chomp\x28upcase\x28\x27    eKLYEclZnz \x27\x29\x29\x2c \x27Z\x27\x29FROM asdf</data></write>
    <read><length>4</length><match><data>\x02\x0010</data></match></read>
    <!-- menu -->
    <!-- disconnect -->
    <!-- sent 6 bytes -->
    <write><data>\x04\x00exit</data></write>
</replay>
</pov>