<?xml version="1.0" standalone="no" ?>
<!DOCTYPE pov SYSTEM "/usr/share/cgc-docs/replay.dtd">
<pov>
<cbid>service</cbid>
<seed>3052351155fec7024afebbb66a2d192ccaf215a7e50c115c93181893b707b231497bd604e34c0a7cd0b1c0818294bf37</seed>
<replay>
    <read><length>18</length><match><data>\x10\x00cqltor ready 644</data></match></read>
    <!-- menu -->
    <!-- intmath -->
    <!-- sent 28 bytes -->
    <write><data>\x1a\x00FIND 6 \x2a 13 \x2a 11 FROM dual</data></write>
    <read><length>5</length><match><data>\x03\x00858</data></match></read>
    <!-- menu -->
    <!-- intmath -->
    <!-- sent 28 bytes -->
    <write><data>\x1a\x00FIND 4 \x2b 25 \x2b 17 FROM dual</data></write>
    <read><length>4</length><match><data>\x02\x0046</data></match></read>
    <!-- menu -->
    <!-- intmath -->
    <!-- sent 24 bytes -->
    <write><data>\x16\x00FIND 16 \x2d 60 FROM dual</data></write>
    <read><length>5</length><match><data>\x03\x00\x2d44</data></match></read>
    <!-- menu -->
    <!-- strfuns -->
    <!-- sent 55 bytes -->
    <write><data>5\x00FIND ridx\x28chomp\x28downcase\x28\x27    \x5fJDCY\x27\x29\x29\x2c \x27d\x27\x29FROM asdf</data></write>
    <read><length>3</length><match><data>\x01\x003</data></match></read>
    <!-- menu -->
    <!-- strfuns -->
    <!-- sent 83 bytes -->
    <write><data>Q\x00FIND ridx\x28chomp\x28downcase\x28\x27    ayjUQaYpNtVihvPcce\x5e\x5fwBtP\x60nV\x60x\x5fI  \x27\x29\x29\x2c \x27q\x27\x29FROM asdf</data></write>
    <read><length>3</length><match><data>\x01\x005</data></match></read>
    <!-- menu -->
    <!-- intmath -->
    <!-- sent 33 bytes -->
    <write><data>\x1f\x00FIND 26 \x2f 14 \x2f 51 \x2f 2 FROM dual</data></write>
    <read><length>3</length><match><data>\x01\x000</data></match></read>
    <!-- menu -->
    <!-- intmath -->
    <!-- sent 24 bytes -->
    <write><data>\x16\x00FIND 23 \x2a 40 FROM dual</data></write>
    <read><length>5</length><match><data>\x03\x00920</data></match></read>
    <!-- menu -->
    <!-- intmath -->
    <!-- sent 24 bytes -->
    <write><data>\x16\x00FIND 33 \x2b 26 FROM dual</data></write>
    <read><length>4</length><match><data>\x02\x0059</data></match></read>
    <!-- menu -->
    <!-- strfuns -->
    <!-- sent 71 bytes -->
    <write><data>E\x00FIND ridx\x28chomp\x28downcase\x28\x27  brFEQVW\x5cLHiqtGObig     \x27\x29\x29\x2c \x27i\x27\x29FROM asdf</data></write>
    <read><length>4</length><match><data>\x02\x0017</data></match></read>
    <!-- menu -->
    <!-- strfuns -->
    <!-- sent 63 bytes -->
    <write><data>\x3d\x00FIND ord\x28chomp\x28upcase\x28\x27yz\x60F\x5dE\x5e\x5eBCAXlaVDCQHT \x27\x29\x29\x2c 13\x29FROM asdf</data></write>
    <read><length>4</length><match><data>\x02\x0076</data></match></read>
    <!-- menu -->
    <!-- strfuns -->
    <!-- sent 64 bytes -->
    <write><data>\x3e\x00FIND ridx\x28chomp\x28upcase\x28\x27 VKdIrxHnfv\x5biW\x5cYE   \x27\x29\x29\x2c \x27K\x27\x29FROM asdf</data></write>
    <read><length>3</length><match><data>\x01\x002</data></match></read>
    <!-- menu -->
    <!-- strfuns -->
    <!-- sent 69 bytes -->
    <write><data>C\x00FIND ord\x28chomp\x28upcase\x28\x27CWoRqzMbWdbTIC\x5cwbtpZJEmfWKw\x27\x29\x29\x2c 11\x29FROM asdf</data></write>
    <read><length>4</length><match><data>\x02\x0066</data></match></read>
    <!-- menu -->
    <!-- strfuns -->
    <!-- sent 78 bytes -->
    <write><data>L\x00FIND idx\x28chomp\x28upcase\x28\x27    FKJmkjcVwmbQOqTg\x5dSJ\x60DQmhRrs\x5cnM \x27\x29\x29\x2c \x27M\x27\x29FROM asdf</data></write>
    <read><length>3</length><match><data>\x01\x004</data></match></read>
    <!-- menu -->
    <!-- intmath -->
    <!-- sent 24 bytes -->
    <write><data>\x16\x00FIND 61 \x2a 43 FROM dual</data></write>
    <read><length>6</length><match><data>\x04\x002623</data></match></read>
    <!-- menu -->
    <!-- intmath -->
    <!-- sent 29 bytes -->
    <write><data>\x1b\x00FIND 12 \x2f 44 \x2f 51 FROM dual</data></write>
    <read><length>3</length><match><data>\x01\x000</data></match></read>
    <!-- menu -->
    <!-- intmath -->
    <!-- sent 34 bytes -->
    <write><data> \x00FIND 31 \x2d 11 \x2b 19 \x2d 26 FROM dual</data></write>
    <read><length>4</length><match><data>\x02\x0013</data></match></read>
    <!-- menu -->
    <!-- intmath -->
    <!-- sent 29 bytes -->
    <write><data>\x1b\x00FIND 39 \x2b 18 \x2f 49 FROM dual</data></write>
    <read><length>4</length><match><data>\x02\x0039</data></match></read>
    <!-- menu -->
    <!-- strfuns -->
    <!-- sent 62 bytes -->
    <write><data>\x3c\x00FIND ridx\x28chomp\x28downcase\x28\x27\x5egzBlTHLmD\x5dzc\x5d\x5c \x27\x29\x29\x2c \x27z\x27\x29FROM asdf</data></write>
    <read><length>4</length><match><data>\x02\x0012</data></match></read>
    <!-- menu -->
    <!-- strfuns -->
    <!-- sent 52 bytes -->
    <write><data>2\x00FIND ridx\x28chomp\x28upcase\x28\x27   Umfwp\x27\x29\x29\x2c \x27U\x27\x29FROM asdf</data></write>
    <read><length>3</length><match><data>\x01\x001</data></match></read>
    <!-- menu -->
    <!-- strfuns -->
    <!-- sent 77 bytes -->
    <write><data>K\x00FIND idx\x28chomp\x28downcase\x28\x27DDAXTGpmyVyV\x5cVClTvpIEpGdvKO     \x27\x29\x29\x2c \x27v\x27\x29FROM asdf</data></write>
    <read><length>4</length><match><data>\x02\x0010</data></match></read>
    <!-- menu -->
    <!-- intmath -->
    <!-- sent 29 bytes -->
    <write><data>\x1b\x00FIND 42 \x2d 50 \x2a 41 FROM dual</data></write>
    <read><length>7</length><match><data>\x05\x00\x2d2008</data></match></read>
    <!-- menu -->
    <!-- intmath -->
    <!-- sent 34 bytes -->
    <write><data> \x00FIND 19 \x2b 40 \x2d 20 \x2a 52 FROM dual</data></write>
    <read><length>6</length><match><data>\x04\x00\x2d981</data></match></read>
    <!-- menu -->
    <!-- strfuns -->
    <!-- sent 83 bytes -->
    <write><data>Q\x00FIND ridx\x28chomp\x28downcase\x28\x27     LTGvsX\x5d\x5b\x5dk\x5dcbumD\x5bM\x5ephzLQydJ     \x27\x29\x29\x2c \x27d\x27\x29FROM asdf</data></write>
    <read><length>4</length><match><data>\x02\x0026</data></match></read>
    <!-- menu -->
    <!-- intmath -->
    <!-- sent 33 bytes -->
    <write><data>\x1f\x00FIND 7 \x2b 41 \x2d 17 \x2f 48 FROM dual</data></write>
    <read><length>4</length><match><data>\x02\x0048</data></match></read>
    <!-- menu -->
    <!-- intmath -->
    <!-- sent 28 bytes -->
    <write><data>\x1a\x00FIND 7 \x2f 38 \x2b 19 FROM dual</data></write>
    <read><length>4</length><match><data>\x02\x0019</data></match></read>
    <!-- menu -->
    <!-- strfuns -->
    <!-- sent 78 bytes -->
    <write><data>L\x00FIND idx\x28chomp\x28downcase\x28\x27     lhtNulEvOwDOKTY\x5cdnz\x5dNJdYkbGJ\x27\x29\x29\x2c \x27w\x27\x29FROM asdf</data></write>
    <read><length>4</length><match><data>\x02\x0010</data></match></read>
    <!-- menu -->
    <!-- strfuns -->
    <!-- sent 86 bytes -->
    <write><data>T\x00FIND ridx\x28chomp\x28downcase\x28\x27    OoXhtZPFqVXe\x60ojZqH\x5bZGASO\x60qdVIjF     \x27\x29\x29\x2c \x27t\x27\x29FROM asdf</data></write>
    <read><length>3</length><match><data>\x01\x005</data></match></read>
    <!-- menu -->
    <!-- intmath -->
    <!-- sent 29 bytes -->
    <write><data>\x1b\x00FIND 32 \x2f 23 \x2d 64 FROM dual</data></write>
    <read><length>5</length><match><data>\x03\x00\x2d63</data></match></read>
    <!-- menu -->
    <!-- intmath -->
    <!-- sent 24 bytes -->
    <write><data>\x16\x00FIND 59 \x2a 45 FROM dual</data></write>
    <read><length>6</length><match><data>\x04\x002655</data></match></read>
    <!-- menu -->
    <!-- strfuns -->
    <!-- sent 69 bytes -->
    <write><data>C\x00FIND idx\x28chomp\x28upcase\x28\x27kWkgxp\x5duZnqeyzqLdJGqnA\x5bnG\x60\x27\x29\x29\x2c \x27N\x27\x29FROM asdf</data></write>
    <read><length>4</length><match><data>\x02\x0010</data></match></read>
    <!-- menu -->
    <!-- strfuns -->
    <!-- sent 69 bytes -->
    <write><data>C\x00FIND idx\x28chomp\x28downcase\x28\x27   Cf\x5cIX\x5ezzDSUXqotrzG   \x27\x29\x29\x2c \x27d\x27\x29FROM asdf</data></write>
    <read><length>3</length><match><data>\x01\x009</data></match></read>
    <!-- menu -->
    <!-- intmath -->
    <!-- sent 33 bytes -->
    <write><data>\x1f\x00FIND 9 \x2f 47 \x2d 32 \x2a 23 FROM dual</data></write>
    <read><length>6</length><match><data>\x04\x00\x2d736</data></match></read>
    <!-- menu -->
    <!-- strfuns -->
    <!-- sent 79 bytes -->
    <write><data>M\x00FIND ridx\x28chomp\x28upcase\x28\x27    P\x5fnnsYlpMfoU\x5bpjsxZguSvMckvFRuUn\x27\x29\x29\x2c \x27G\x27\x29FROM asdf</data></write>
    <read><length>4</length><match><data>\x02\x0019</data></match></read>
    <!-- menu -->
    <!-- intmath -->
    <!-- sent 24 bytes -->
    <write><data>\x16\x00FIND 29 \x2d 23 FROM dual</data></write>
    <read><length>3</length><match><data>\x01\x006</data></match></read>
    <!-- menu -->
    <!-- strfuns -->
    <!-- sent 77 bytes -->
    <write><data>K\x00FIND ord\x28chomp\x28upcase\x28\x27    mta\x60R\x5bhZQwxIBlkqo\x60HOUvQIuR     \x27\x29\x29\x2c 24\x29FROM asdf</data></write>
    <read><length>4</length><match><data>\x02\x0073</data></match></read>
    <!-- menu -->
    <!-- strfuns -->
    <!-- sent 77 bytes -->
    <write><data>K\x00FIND idx\x28chomp\x28upcase\x28\x27   OAKZjIrFmvJnlDHGaiu\x5fCkiIClRkd  \x27\x29\x29\x2c \x27L\x27\x29FROM asdf</data></write>
    <read><length>4</length><match><data>\x02\x0013</data></match></read>
    <!-- menu -->
    <!-- intmath -->
    <!-- sent 34 bytes -->
    <write><data> \x00FIND 34 \x2f 31 \x2a 46 \x2f 48 FROM dual</data></write>
    <read><length>3</length><match><data>\x01\x000</data></match></read>
    <!-- menu -->
    <!-- strfuns -->
    <!-- sent 54 bytes -->
    <write><data>4\x00FIND idx\x28chomp\x28downcase\x28\x27hZ\x5dYUfI  \x27\x29\x29\x2c \x27u\x27\x29FROM asdf</data></write>
    <read><length>3</length><match><data>\x01\x005</data></match></read>
    <!-- menu -->
    <!-- strfuns -->
    <!-- sent 54 bytes -->
    <write><data>4\x00FIND ridx\x28chomp\x28upcase\x28\x27LKy\x5bm\x5bp\x60\x5b \x27\x29\x29\x2c \x27\x5b\x27\x29FROM asdf</data></write>
    <read><length>3</length><match><data>\x01\x009</data></match></read>
    <!-- menu -->
    <!-- intmath -->
    <!-- sent 29 bytes -->
    <write><data>\x1b\x00FIND 31 \x2b 29 \x2d 39 FROM dual</data></write>
    <read><length>4</length><match><data>\x02\x0021</data></match></read>
    <!-- menu -->
    <!-- intmath -->
    <!-- sent 24 bytes -->
    <write><data>\x16\x00FIND 34 \x2a 51 FROM dual</data></write>
    <read><length>6</length><match><data>\x04\x001734</data></match></read>
    <!-- menu -->
    <!-- disconnect -->
    <!-- sent 6 bytes -->
    <write><data>\x04\x00exit</data></write>
</replay>
</pov>