<?xml version="1.0" standalone="no" ?>
<!DOCTYPE pov SYSTEM "/usr/share/cgc-docs/replay.dtd">
<pov>
<cbid>service</cbid>
<seed>6a4aa69bb19c3e3ffbdd5c934c946da56757a19815a95cef7d324351b1ebfff5c09350007435198d56d77fdd8d4ffe7b</seed>
<replay>
    <read><length>18</length><match><data>\x10\x00cqltor ready 564</data></match></read>
    <!-- menu -->
    <!-- intmath -->
    <!-- sent 24 bytes -->
    <write><data>\x16\x00FIND 23 \x2a 11 FROM dual</data></write>
    <read><length>5</length><match><data>\x03\x00253</data></match></read>
    <!-- menu -->
    <!-- strfuns -->
    <!-- sent 74 bytes -->
    <write><data>H\x00FIND ridx\x28chomp\x28downcase\x28\x27   aAXesWfVYbFzCy\x60\x5cHNukTKlJy\x27\x29\x29\x2c \x27\x60\x27\x29FROM asdf</data></write>
    <read><length>4</length><match><data>\x02\x0015</data></match></read>
    <!-- menu -->
    <!-- intmath -->
    <!-- sent 28 bytes -->
    <write><data>\x1a\x00FIND 6 \x2d 54 \x2b 30 FROM dual</data></write>
    <read><length>5</length><match><data>\x03\x00\x2d18</data></match></read>
    <!-- menu -->
    <!-- intmath -->
    <!-- sent 28 bytes -->
    <write><data>\x1a\x00FIND 61 \x2f 3 \x2d 40 FROM dual</data></write>
    <read><length>5</length><match><data>\x03\x00\x2d20</data></match></read>
    <!-- menu -->
    <!-- strfuns -->
    <!-- sent 81 bytes -->
    <write><data>O\x00FIND ridx\x28chomp\x28downcase\x28\x27   pP\x5eAeDBiVjJQRwvCajrdZiSShtDHnJ  \x27\x29\x29\x2c \x27i\x27\x29FROM asdf</data></write>
    <read><length>4</length><match><data>\x02\x0022</data></match></read>
    <!-- menu -->
    <!-- strfuns -->
    <!-- sent 66 bytes -->
    <write><data>\x40\x00FIND ord\x28chomp\x28downcase\x28\x27     fpmoWvcWxzCmCGtj \x27\x29\x29\x2c 11\x29FROM asdf</data></write>
    <read><length>4</length><match><data>\x02\x0099</data></match></read>
    <!-- menu -->
    <!-- strfuns -->
    <!-- sent 75 bytes -->
    <write><data>I\x00FIND ridx\x28chomp\x28upcase\x28\x27   xIyYlnWpVu\x5eku\x5f\x5boIvZpLVcSLne \x27\x29\x29\x2c \x27V\x27\x29FROM asdf</data></write>
    <read><length>4</length><match><data>\x02\x0022</data></match></read>
    <!-- menu -->
    <!-- strfuns -->
    <!-- sent 75 bytes -->
    <write><data>I\x00FIND idx\x28chomp\x28downcase\x28\x27    uezemuseUclSWUHjC\x5dsv\x5fkj\x5b  \x27\x29\x29\x2c \x27c\x27\x29FROM asdf</data></write>
    <read><length>4</length><match><data>\x02\x0010</data></match></read>
    <!-- menu -->
    <!-- intmath -->
    <!-- sent 29 bytes -->
    <write><data>\x1b\x00FIND 22 \x2f 44 \x2a 39 FROM dual</data></write>
    <read><length>3</length><match><data>\x01\x000</data></match></read>
    <!-- menu -->
    <!-- intmath -->
    <!-- sent 33 bytes -->
    <write><data>\x1f\x00FIND 9 \x2a 43 \x2d 43 \x2d 50 FROM dual</data></write>
    <read><length>5</length><match><data>\x03\x00294</data></match></read>
    <!-- menu -->
    <!-- intmath -->
    <!-- sent 29 bytes -->
    <write><data>\x1b\x00FIND 47 \x2a 21 \x2b 27 FROM dual</data></write>
    <read><length>6</length><match><data>\x04\x001014</data></match></read>
    <!-- menu -->
    <!-- strfuns -->
    <!-- sent 64 bytes -->
    <write><data>\x3e\x00FIND ord\x28chomp\x28upcase\x28\x27     wYaKmSZozrVi     \x27\x29\x29\x2c 12\x29FROM asdf</data></write>
    <read><length>4</length><match><data>\x02\x0073</data></match></read>
    <!-- menu -->
    <!-- intmath -->
    <!-- sent 28 bytes -->
    <write><data>\x1a\x00FIND 4 \x2d 61 \x2d 60 FROM dual</data></write>
    <read><length>6</length><match><data>\x04\x00\x2d117</data></match></read>
    <!-- menu -->
    <!-- intmath -->
    <!-- sent 24 bytes -->
    <write><data>\x16\x00FIND 46 \x2f 56 FROM dual</data></write>
    <read><length>3</length><match><data>\x01\x000</data></match></read>
    <!-- menu -->
    <!-- intmath -->
    <!-- sent 33 bytes -->
    <write><data>\x1f\x00FIND 19 \x2d 49 \x2d 8 \x2b 63 FROM dual</data></write>
    <read><length>4</length><match><data>\x02\x0025</data></match></read>
    <!-- menu -->
    <!-- strfuns -->
    <!-- sent 57 bytes -->
    <write><data>7\x00FIND ord\x28chomp\x28downcase\x28\x27     RZWYpCTGy\x27\x29\x29\x2c 8\x29FROM asdf</data></write>
    <read><length>5</length><match><data>\x03\x00103</data></match></read>
    <!-- menu -->
    <!-- intmath -->
    <!-- sent 34 bytes -->
    <write><data> \x00FIND 25 \x2b 32 \x2a 64 \x2f 12 FROM dual</data></write>
    <read><length>5</length><match><data>\x03\x00195</data></match></read>
    <!-- menu -->
    <!-- strfuns -->
    <!-- sent 76 bytes -->
    <write><data>J\x00FIND ridx\x28chomp\x28downcase\x28\x27dwDAIBePlrTuOcr\x60rtBD\x5e\x5bmPBTv   \x27\x29\x29\x2c \x27b\x27\x29FROM asdf</data></write>
    <read><length>4</length><match><data>\x02\x0025</data></match></read>
    <!-- menu -->
    <!-- intmath -->
    <!-- sent 33 bytes -->
    <write><data>\x1f\x00FIND 46 \x2b 26 \x2b 7 \x2d 32 FROM dual</data></write>
    <read><length>4</length><match><data>\x02\x0047</data></match></read>
    <!-- menu -->
    <!-- intmath -->
    <!-- sent 34 bytes -->
    <write><data> \x00FIND 57 \x2b 53 \x2d 47 \x2a 63 FROM dual</data></write>
    <read><length>7</length><match><data>\x05\x00\x2d2851</data></match></read>
    <!-- menu -->
    <!-- intmath -->
    <!-- sent 24 bytes -->
    <write><data>\x16\x00FIND 13 \x2d 46 FROM dual</data></write>
    <read><length>5</length><match><data>\x03\x00\x2d33</data></match></read>
    <!-- menu -->
    <!-- strfuns -->
    <!-- sent 71 bytes -->
    <write><data>E\x00FIND ridx\x28chomp\x28downcase\x28\x27     PWv\x60qGrujnUrgunhPlf \x27\x29\x29\x2c \x27f\x27\x29FROM asdf</data></write>
    <read><length>4</length><match><data>\x02\x0019</data></match></read>
    <!-- menu -->
    <!-- disconnect -->
    <!-- sent 6 bytes -->
    <write><data>\x04\x00exit</data></write>
</replay>
</pov>