<?xml version="1.0" standalone="no" ?>
<!DOCTYPE pov SYSTEM "/usr/share/cgc-docs/replay.dtd">
<pov>
<cbid>service</cbid>
<seed>c8f584034ad8c811c999413bca78f933f57450956c40c0c943d4ae29e24ed4bc45206fc8093027432fafa411f4716976</seed>
<replay>
    <read><length>18</length><match><data>\x10\x00cqltor ready 559</data></match></read>
    <!-- menu -->
    <!-- intmath -->
    <!-- sent 28 bytes -->
    <write><data>\x1a\x00FIND 5 \x2f 54 \x2b 24 FROM dual</data></write>
    <read><length>4</length><match><data>\x02\x0024</data></match></read>
    <!-- menu -->
    <!-- strfuns -->
    <!-- sent 82 bytes -->
    <write><data>P\x00FIND ord\x28chomp\x28upcase\x28\x27    LyTefU\x5bWXPeagkNEHrQDJNQX\x5bV\x5c\x5bsa\x60H     \x27\x29\x29\x2c 5\x29FROM asdf</data></write>
    <read><length>4</length><match><data>\x02\x0070</data></match></read>
    <!-- menu -->
    <!-- intmath -->
    <!-- sent 29 bytes -->
    <write><data>\x1b\x00FIND 42 \x2b 48 \x2a 59 FROM dual</data></write>
    <read><length>6</length><match><data>\x04\x002874</data></match></read>
    <!-- menu -->
    <!-- intmath -->
    <!-- sent 33 bytes -->
    <write><data>\x1f\x00FIND 14 \x2a 5 \x2a 11 \x2d 15 FROM dual</data></write>
    <read><length>5</length><match><data>\x03\x00755</data></match></read>
    <!-- menu -->
    <!-- intmath -->
    <!-- sent 28 bytes -->
    <write><data>\x1a\x00FIND 60 \x2f 7 \x2a 44 FROM dual</data></write>
    <read><length>5</length><match><data>\x03\x00352</data></match></read>
    <!-- menu -->
    <!-- intmath -->
    <!-- sent 29 bytes -->
    <write><data>\x1b\x00FIND 10 \x2d 12 \x2a 11 FROM dual</data></write>
    <read><length>6</length><match><data>\x04\x00\x2d122</data></match></read>
    <!-- menu -->
    <!-- intmath -->
    <!-- sent 23 bytes -->
    <write><data>\x15\x00FIND 57 \x2f 2 FROM dual</data></write>
    <read><length>4</length><match><data>\x02\x0028</data></match></read>
    <!-- menu -->
    <!-- intmath -->
    <!-- sent 24 bytes -->
    <write><data>\x16\x00FIND 28 \x2a 26 FROM dual</data></write>
    <read><length>5</length><match><data>\x03\x00728</data></match></read>
    <!-- menu -->
    <!-- strfuns -->
    <!-- sent 71 bytes -->
    <write><data>E\x00FIND idx\x28chomp\x28downcase\x28\x27     nEIQsNRM\x5eHTHfVJH\x5fmD  \x27\x29\x29\x2c \x27m\x27\x29FROM asdf</data></write>
    <read><length>3</length><match><data>\x01\x008</data></match></read>
    <!-- menu -->
    <!-- strfuns -->
    <!-- sent 70 bytes -->
    <write><data>D\x00FIND ridx\x28chomp\x28downcase\x28\x27  VutEtd\x5dsozFKlqb\x5bzvVIaq\x27\x29\x29\x2c \x27z\x27\x29FROM asdf</data></write>
    <read><length>4</length><match><data>\x02\x0017</data></match></read>
    <!-- menu -->
    <!-- strfuns -->
    <!-- sent 64 bytes -->
    <write><data>\x3e\x00FIND ord\x28chomp\x28upcase\x28\x27PKmyahvyOyjBZvDXV     \x27\x29\x29\x2c 12\x29FROM asdf</data></write>
    <read><length>4</length><match><data>\x02\x0066</data></match></read>
    <!-- menu -->
    <!-- strfuns -->
    <!-- sent 69 bytes -->
    <write><data>C\x00FIND ord\x28chomp\x28upcase\x28\x27  sIeZhUUd\x5dXulktx\x5dTtEMcg    \x27\x29\x29\x2c 6\x29FROM asdf</data></write>
    <read><length>4</length><match><data>\x02\x0085</data></match></read>
    <!-- menu -->
    <!-- intmath -->
    <!-- sent 28 bytes -->
    <write><data>\x1a\x00FIND 12 \x2a 16 \x2f 9 FROM dual</data></write>
    <read><length>4</length><match><data>\x02\x0021</data></match></read>
    <!-- menu -->
    <!-- intmath -->
    <!-- sent 24 bytes -->
    <write><data>\x16\x00FIND 63 \x2a 44 FROM dual</data></write>
    <read><length>6</length><match><data>\x04\x002772</data></match></read>
    <!-- menu -->
    <!-- strfuns -->
    <!-- sent 78 bytes -->
    <write><data>L\x00FIND idx\x28chomp\x28upcase\x28\x27 S\x5fx\x5exRUnkOW\x5b\x5bZcPaGEWxODtsIQHLF    \x27\x29\x29\x2c \x27K\x27\x29FROM asdf</data></write>
    <read><length>3</length><match><data>\x01\x009</data></match></read>
    <!-- menu -->
    <!-- intmath -->
    <!-- sent 29 bytes -->
    <write><data>\x1b\x00FIND 19 \x2f 21 \x2f 12 FROM dual</data></write>
    <read><length>3</length><match><data>\x01\x000</data></match></read>
    <!-- menu -->
    <!-- strfuns -->
    <!-- sent 53 bytes -->
    <write><data>3\x00FIND ord\x28chomp\x28downcase\x28\x27SUirYt\x5c   \x27\x29\x29\x2c 6\x29FROM asdf</data></write>
    <read><length>5</length><match><data>\x03\x00116</data></match></read>
    <!-- menu -->
    <!-- strfuns -->
    <!-- sent 60 bytes -->
    <write><data>:\x00FIND ridx\x28chomp\x28downcase\x28\x27  KtYZhiJjtHOI\x27\x29\x29\x2c \x27j\x27\x29FROM asdf</data></write>
    <read><length>3</length><match><data>\x01\x008</data></match></read>
    <!-- menu -->
    <!-- intmath -->
    <!-- sent 23 bytes -->
    <write><data>\x15\x00FIND 51 \x2a 5 FROM dual</data></write>
    <read><length>5</length><match><data>\x03\x00255</data></match></read>
    <!-- menu -->
    <!-- intmath -->
    <!-- sent 32 bytes -->
    <write><data>\x1e\x00FIND 47 \x2f 5 \x2f 9 \x2f 36 FROM dual</data></write>
    <read><length>3</length><match><data>\x01\x000</data></match></read>
    <!-- menu -->
    <!-- strfuns -->
    <!-- sent 72 bytes -->
    <write><data>F\x00FIND ord\x28chomp\x28downcase\x28\x27    uaXNtzYG\x5dW\x5dJnZnyUH\x5bzjR  \x27\x29\x29\x2c 10\x29FROM asdf</data></write>
    <read><length>5</length><match><data>\x03\x00119</data></match></read>
    <!-- menu -->
    <!-- intmath -->
    <!-- sent 24 bytes -->
    <write><data>\x16\x00FIND 46 \x2d 42 FROM dual</data></write>
    <read><length>3</length><match><data>\x01\x004</data></match></read>
    <!-- menu -->
    <!-- strfuns -->
    <!-- sent 56 bytes -->
    <write><data>6\x00FIND ridx\x28chomp\x28upcase\x28\x27   \x5fdBy     \x27\x29\x29\x2c \x27D\x27\x29FROM asdf</data></write>
    <read><length>3</length><match><data>\x01\x002</data></match></read>
    <!-- menu -->
    <!-- intmath -->
    <!-- sent 34 bytes -->
    <write><data> \x00FIND 29 \x2b 51 \x2a 18 \x2d 63 FROM dual</data></write>
    <read><length>5</length><match><data>\x03\x00884</data></match></read>
    <!-- menu -->
    <!-- strfuns -->
    <!-- sent 73 bytes -->
    <write><data>G\x00FIND ridx\x28chomp\x28upcase\x28\x27  EZi\x5d\x60tWtxqwR\x5dUMApWRfSeL\x5bP  \x27\x29\x29\x2c \x27\x5d\x27\x29FROM asdf</data></write>
    <read><length>4</length><match><data>\x02\x0013</data></match></read>
    <!-- menu -->
    <!-- strfuns -->
    <!-- sent 62 bytes -->
    <write><data>\x3c\x00FIND idx\x28chomp\x28downcase\x28\x27bWJjnOX\x5bskgqDfHG \x27\x29\x29\x2c \x27f\x27\x29FROM asdf</data></write>
    <read><length>4</length><match><data>\x02\x0014</data></match></read>
    <!-- menu -->
    <!-- strfuns -->
    <!-- sent 60 bytes -->
    <write><data>:\x00FIND ridx\x28chomp\x28downcase\x28\x27 VaVnaz\x5bWqVq  \x27\x29\x29\x2c \x27q\x27\x29FROM asdf</data></write>
    <read><length>4</length><match><data>\x02\x0011</data></match></read>
    <!-- menu -->
    <!-- strfuns -->
    <!-- sent 63 bytes -->
    <write><data>\x3d\x00FIND ridx\x28chomp\x28upcase\x28\x27   g\x5cYSRaWeTbzany  \x27\x29\x29\x2c \x27E\x27\x29FROM asdf</data></write>
    <read><length>3</length><match><data>\x01\x008</data></match></read>
    <!-- menu -->
    <!-- strfuns -->
    <!-- sent 53 bytes -->
    <write><data>3\x00FIND ord\x28chomp\x28upcase\x28\x27kH\x5dHMPNEuBS \x27\x29\x29\x2c 4\x29FROM asdf</data></write>
    <read><length>4</length><match><data>\x02\x0072</data></match></read>
    <!-- menu -->
    <!-- intmath -->
    <!-- sent 28 bytes -->
    <write><data>\x1a\x00FIND 61 \x2d 44 \x2b 1 FROM dual</data></write>
    <read><length>4</length><match><data>\x02\x0018</data></match></read>
    <!-- menu -->
    <!-- strfuns -->
    <!-- sent 65 bytes -->
    <write><data>?\x00FIND idx\x28chomp\x28downcase\x28\x27cLpgFLp\x5bjiQaOgJezyAJ\x27\x29\x29\x2c \x27i\x27\x29FROM asdf</data></write>
    <read><length>4</length><match><data>\x02\x0010</data></match></read>
    <!-- menu -->
    <!-- intmath -->
    <!-- sent 24 bytes -->
    <write><data>\x16\x00FIND 22 \x2b 26 FROM dual</data></write>
    <read><length>4</length><match><data>\x02\x0048</data></match></read>
    <!-- menu -->
    <!-- strfuns -->
    <!-- sent 59 bytes -->
    <write><data>9\x00FIND ord\x28chomp\x28downcase\x28\x27TDmcpQmtXWIwvQt \x27\x29\x29\x2c 7\x29FROM asdf</data></write>
    <read><length>5</length><match><data>\x03\x00109</data></match></read>
    <!-- menu -->
    <!-- intmath -->
    <!-- sent 29 bytes -->
    <write><data>\x1b\x00FIND 59 \x2d 44 \x2a 44 FROM dual</data></write>
    <read><length>7</length><match><data>\x05\x00\x2d1877</data></match></read>
    <!-- menu -->
    <!-- strfuns -->
    <!-- sent 71 bytes -->
    <write><data>E\x00FIND ridx\x28chomp\x28upcase\x28\x27     \x5bIeJcvJxFqSRe\x5fRPJo    \x27\x29\x29\x2c \x27X\x27\x29FROM asdf</data></write>
    <read><length>3</length><match><data>\x01\x008</data></match></read>
    <!-- menu -->
    <!-- strfuns -->
    <!-- sent 71 bytes -->
    <write><data>E\x00FIND ridx\x28chomp\x28downcase\x28\x27o\x60K\x5baxSfGjMzQc\x5ehy\x60CHD    \x27\x29\x29\x2c \x27m\x27\x29FROM asdf</data></write>
    <read><length>4</length><match><data>\x02\x0011</data></match></read>
    <!-- menu -->
    <!-- strfuns -->
    <!-- sent 54 bytes -->
    <write><data>4\x00FIND ord\x28chomp\x28upcase\x28\x27 hIisxnuxNSK \x27\x29\x29\x2c 2\x29FROM asdf</data></write>
    <read><length>4</length><match><data>\x02\x0073</data></match></read>
    <!-- menu -->
    <!-- strfuns -->
    <!-- sent 77 bytes -->
    <write><data>K\x00FIND ord\x28chomp\x28upcase\x28\x27   WkStieFtXoEOTxKlsForcQUmHKAy    \x27\x29\x29\x2c 11\x29FROM asdf</data></write>
    <read><length>4</length><match><data>\x02\x0069</data></match></read>
    <!-- menu -->
    <!-- strfuns -->
    <!-- sent 50 bytes -->
    <write><data>0\x00FIND ord\x28chomp\x28downcase\x28\x27 EMKP  \x27\x29\x29\x2c 3\x29FROM asdf</data></write>
    <read><length>5</length><match><data>\x03\x00107</data></match></read>
    <!-- menu -->
    <!-- disconnect -->
    <!-- sent 6 bytes -->
    <write><data>\x04\x00exit</data></write>
</replay>
</pov>