<?xml version="1.0" standalone="no" ?>
<!DOCTYPE pov SYSTEM "/usr/share/cgc-docs/replay.dtd">
<pov>
<cbid>service</cbid>
<seed>d7fbeb4ddab613cb0d612e019dc35f0b28b95d72321f517104944baac9b381dd69475a479ca6c6e495ec13f98d1c1a21</seed>
<replay>
    <read><length>8</length><match><data>\xde\xad\xbe\xefCG\xc0\x00</data></match></read>
    <write><data> d\x00\x00\x00\x01Y\x12\x3b\xd9</data></write>
    <write><data>\xe9\x25\x00\x00\x00\x01\x00\x00\x00\x01\x00\x00\x00\x0f</data></write>
    <write><data>\xa0\x97\x00\x00\x00\x01</data></write>
    <read><length>4</length><match><data>Y\x12\x3b\xd9</data></match></read>
    <write><data>\x2cV\x00\x00\x00\x0f\x00\x00\x00\x01\x00\x00\x01P</data></write>
    <write><data>q\xb8\x00\x00\x00\x0f\x00\x00\x00\x10\x00\x00\x01\x12</data></write>
    <write><data>\xc4\xc5\x00\x00\x00\x06</data></write>
    <write><data>\xa0\x97\x00\x00\x01P</data></write>
    <read><length>4</length><match><data>\xb3\x93\xf9\xca</data></match></read>
    <write><data>\xe9\x25\x00\x00\x00\x01\x00\x00\x00\x06\x00\x00\x00\x0c</data></write>
    <write><data>AAI\x18\xa2\x94\x00\x00\x00\x0a\xbb\x95\xee\xa6</data></write>
    <write><data>\x2cV\x00\x00\x01\x12\x00\x00\x00\x06\x00\x00\x00\x0a</data></write>
    <write><data>\x2cV\x00\x00\x00\x0a\x00\x00\x00\x0c\x00\x00\x00\x04</data></write>
    <write><data>\xa0\x97\x00\x00\x00\x01</data></write>
    <read><length>4</length><match><data>Y\x12\x3b\xd9</data></match></read>
    <write><data>\xa0\x97\x00\x00\x00\x04</data></write>
    <read><length>4</length><match><data>U\x05:\x17</data></match></read>
    <write><data>\xa0\x97\x00\x00\x00\x06</data></write>
    <read><length>4</length><match><data>Oz\xcb\xff</data></match></read>
    <write><data>\xa0\x97\x00\x00\x00\x0a</data></write>
    <read><length>4</length><match><data>\xa9\xfc\x89\xf0</data></match></read>
    <write><data>\xa0\x97\x00\x00\x00\x0c</data></write>
    <read><length>4</length><match><data>\xab\x08\xb0\x27</data></match></read>
    <write><data>\xa0\x97\x00\x00\x00\x0f</data></write>
    <read><length>4</length><match><data>Z\x81\xbd\xf1</data></match></read>
    <write><data>\xa0\x97\x00\x00\x01P</data></write>
    <read><length>4</length><match><data>\xb3\x93\xf9\xca</data></match></read>
    <write><data>\xa0\x97\x00\x00\x01\x12</data></write>
    <read><length>4</length><match><data>Z\x81\xbd\xf1</data></match></read>
    <write><data>\xa8\x0b</data></write>
</replay>
</pov>