<?xml version="1.0" standalone="no" ?>
<!DOCTYPE pov SYSTEM "/usr/share/cgc-docs/replay.dtd">
<pov>
<cbid>service</cbid>
<seed>e65e5deffd528c9ed0991dcb13630401a2ef93993660a0075ed351859d0fe84f71135a01049205cdf68c5446823de5c3</seed>
<replay>
    <read><length>8</length><match><data>\xde\xad\xbe\xefCG\xc0\x00</data></match></read>
    <write><data> d\x00\x00\x00\x0c\xad\x8c\xb8.</data></write>
    <write><data>q\xb8\x00\x00\x00\x0c\x00\x00\x00\x0d\x00\x00\x00\x0f</data></write>
    <write><data> d\x00\x00\x00\x072\xaa\xf9\x96</data></write>
    <write><data>AA\xa7Wc\x28\x00\x00\x01\x10z\x0c\x18 </data></write>
    <write><data>\xc4\xc5\x00\x00\x00\x0e</data></write>
    <write><data>\x2cV\x00\x00\x01\x10\x00\x00\x00\x0c\x00\x00\x00\x0e</data></write>
    <write><data>\x97\x3d\x00\x00\x00\x0c\x00\x00\x00\x0c\x00\x00\x00\x0c</data></write>
    <write><data>\xa0\x97\x00\x00\x01\x10</data></write>
    <read><length>4</length><match><data>\xaa\xa2\xddk</data></match></read>
    <write><data>q\xb8\x00\x00\x00\x0e\x00\x00\x00\x10\x00\x00\x00\x02</data></write>
    <write><data>\xa0\x97\x00\x00\x01\x10</data></write>
    <read><length>4</length><match><data>\xaa\xa2\xddk</data></match></read>
    <write><data>\xa0\x97\x00\x00\x00\x0f</data></write>
    <read><length>4</length><match><data>\xad\x8c\xb8.</data></match></read>
    <write><data> d\x00\x00\x02h\x1c\x16!\xd3</data></write>
    <write><data>\xc4\xc5\x00\x00\x00\xc1</data></write>
    <write><data>\x97\x3d\x00\x00\x00\xc1\x00\x00\x02h\x00\x00\x00\x0b</data></write>
    <write><data>\xa0\x97\x00\x00\x00\x0f</data></write>
    <read><length>4</length><match><data>\xad\x8c\xb8.</data></match></read>
    <write><data>\x2cV\x00\x00\x00\x02\x00\x00\x00\x0e\x00\x00\x00\x0e</data></write>
    <write><data> d\x00\x00\x00\x0dw\xc6\xd4C</data></write>
    <write><data>\xe9\x25\x00\x00\x00\xc1\x00\x00\x02h\x00\x00\x00\x0b</data></write>
    <write><data>\xe9\x25\x00\x00\x00\x07\x00\x00\x00\x0e\x00\x00\x00\x08</data></write>
    <write><data>\xc4\xc5\x00\x00\x00\x01</data></write>
    <write><data>\xe9\x25\x00\x00\x00\x0f\x00\x00\x01\x10\x00\x00\x00\x12</data></write>
    <write><data>q\xb8\x00\x00\x00\x0e\x00\x00\x00\x10\x00\x00\x00\x13</data></write>
    <write><data>\x97\x3d\x00\x00\x00\x0f\x00\x00\x02h\x00\x00\x00\x0a</data></write>
    <write><data>\xa0\x97\x00\x00\x00\x0a</data></write>
    <read><length>4</length><match><data>\x91v\x96\x5b</data></match></read>
    <write><data> d\x00\x00\x00\x07\x5b\x86e\xfd</data></write>
    <write><data>\xa0\x97\x00\x00\x00\x13</data></write>
    <read><length>4</length><match><data>\x0bx\x9b\x8e</data></match></read>
    <write><data>\xc4\xc5\x00\x00\x00\x07</data></write>
    <write><data>\x2cV\x00\x00\x00\x13\x00\x00\x00\x0a\x00\x00\x00\x12</data></write>
    <write><data> d\x00\x00\x00\x04\xa6\x99N\x9d</data></write>
    <write><data>\xc4\xc5\x00\x00\x00\x06</data></write>
    <write><data>\xa0\x97\x00\x00\x00\x0d</data></write>
    <read><length>4</length><match><data>w\xc6\xd4C</data></match></read>
    <write><data>q\xb8\x00\x00\x00\x06\x00\x00\x00\x09\x00\x00\x00e</data></write>
    <write><data>\xc4\xc5\x00\x00\x00\x06</data></write>
    <write><data>\xe9\x25\x00\x00\x02h\x00\x00\x00\x08\x00\x00\x00\x14</data></write>
    <write><data>\xa0\x97\x00\x00\x00\x0b</data></write>
    <read><length>4</length><match><data>\xd6\xe0i:</data></match></read>
    <write><data>q\xb8\x00\x00\x00\x06\x00\x00\x00\x09\x00\x00\x00\x01</data></write>
    <write><data>\xc4\xc5\x00\x00\x00\x0a</data></write>
    <write><data>\x15\x10\x00\x00\x00\x0f\x00\x00\x00\x10\x00\x00\x00\x14</data></write>
    <write><data> d\x00\x00\x03G \xac5\xca</data></write>
    <write><data>\xa0\x97\x00\x00\x00\x08</data></write>
    <read><length>4</length><match><data>6\x1f\x9a\x40</data></match></read>
    <write><data> d\x00\x00\x00\x14p\xad\xda\x05</data></write>
    <write><data>\x2cV\x00\x00\x01\x10\x00\x00\x00\x04\x00\x00\x00\x01</data></write>
    <write><data>q\xb8\x00\x00\x00\x0b\x00\x00\x00\x10\x00\x00\x00\x10</data></write>
    <write><data>AA\xa7Wc\x28\x00\x00\x00\x11\xd9\xec\xb3f</data></write>
    <write><data>AA\xa7Wc\x28\x00\x00\x00\x01\x7b\xcf\xc2\x3d</data></write>
    <write><data>\xc4\xc5\x00\x00\x00\x07</data></write>
    <write><data>\x15\x10\x00\x00\x02h\x00\x00\x02i\x00\x00\x00\x01</data></write>
    <write><data> d\x00\x00\x00\x14Ci\xba\x14</data></write>
    <write><data>\x15\x10\x00\x00\x03G\x00\x00\x03H\x00\x00\x00\x0d</data></write>
    <write><data>\xa0\x97\x00\x00\x00\x14</data></write>
    <read><length>4</length><match><data>Ci\xba\x14</data></match></read>
    <write><data>\xc4\xc5\x00\x00\x00\x11</data></write>
    <write><data>\xe9\x25\x00\x00\x00e\x00\x00\x00\x0f\x00\x00\x00\x09</data></write>
    <write><data> d\x00\x00\x00\x03\x8b\xa6\x84\x7f</data></write>
    <write><data>\xe9\x25\x00\x00\x00e\x00\x00\x00\x0b\x00\x00\x00\x03</data></write>
    <write><data>\xc4\xc5\x00\x00\x00\x0f</data></write>
    <write><data>\xc4\xc5\x00\x00\x00\x0c</data></write>
    <write><data>q\xb8\x00\x00\x00\x10\x00\x00\x00\x15\x00\x00\x00\x0a</data></write>
    <write><data>\xe9\x25\x00\x00\x00\x0e\x00\x00\x00\x0f\x00\x00\x00\x10</data></write>
    <write><data>\x2cV\x00\x00\x00\x08\x00\x00\x00\x0d\x00\x00\x00\x14</data></write>
    <write><data>\x2cV\x00\x00\x00\x12\x00\x00\x00\x10\x00\x00\x00\x14</data></write>
    <write><data>\xc4\xc5\x00\x00\x00\x0b</data></write>
    <write><data>AA\xfc\x0b\xd2\xee</data></write>
    <write><data> d\x00\x00\x01\x01 \x94\xf3\x00</data></write>
    <write><data>\x15\x10\x00\x00\x00\x06\x00\x00\x00\x15\x00\x00\x02\xb6</data></write>
    <write><data>\xc4\xc5\x00\x00\x00\x04</data></write>
    <write><data>q\xb8\x00\x00\x01\x10\x00\x00\x01\x11\x00\x00\x00\x13</data></write>
    <write><data>\xa0\x97\x00\x00\x00\x09</data></write>
    <read><length>4</length><match><data>\x1dF\xe4\xea</data></match></read>
    <write><data>\xc4\xc5\x00\x00\x00\x03</data></write>
    <write><data> d\x00\x00\x00\x0dTM\x89\x9b</data></write>
    <write><data>\xe9\x25\x00\x00\x03G\x00\x00\x01\x01\x00\x00\x00\x0b</data></write>
    <write><data>\x2cV\x00\x00\x01\x10\x00\x00\x00\x02\x00\x00\x00\x12</data></write>
    <write><data> d\x00\x00\x00\x01\x86\x9b8\x06</data></write>
    <write><data>\xa0\x97\x00\x00\x00\x08</data></write>
    <read><length>4</length><match><data>6\x1f\x9a\x40</data></match></read>
    <write><data>\xa0\x97\x00\x00\x00\x09</data></write>
    <read><length>4</length><match><data>\x1dF\xe4\xea</data></match></read>
    <write><data>\x15\x10\x00\x00\x00\x13\x00\x00\x00\x15\x00\x00\x00\x08</data></write>
    <write><data>q\xb8\x00\x00\x01\x01\x00\x00\x01\x02\x00\x00\x00\x05</data></write>
    <write><data>\xc4\xc5\x00\x00\x00\x03</data></write>
    <write><data>\x97\x3d\x00\x00\x00\x0b\x00\x00\x00\x0d\x00\x00\x00\x02</data></write>
    <write><data>q\xb8\x00\x00\x00\x0b\x00\x00\x00\x15\x00\x00\x00\x14</data></write>
    <write><data>\x15\x10\x00\x00\x00\x0f\x00\x00\x00\x15\x00\x00\x00\x14</data></write>
    <write><data>\x2cV\x00\x00\x00\x0d\x00\x00\x00\x0f\x00\x00\x00\x11</data></write>
    <write><data>\x97\x3d\x00\x00\x00\x13\x00\x00\x00\x14\x00\x00\x00\x00</data></write>
    <write><data>\x97\x3d\x00\x00\x00\xc1\x00\x00\x00\x05\x00\x00\x00\x0a</data></write>
    <write><data>\x2cV\x00\x00\x00\x07\x00\x00\x00\x12\x00\x00\x00\x04</data></write>
    <write><data>\xe9\x25\x00\x00\x02h\x00\x00\x00\x11\x00\x00\x00\x0b</data></write>
    <write><data>\xe9\x25\x00\x00\x00\x11\x00\x00\x00\x14\x00\x00\x00\x0b</data></write>
    <write><data>\x2cV\x00\x00\x03G\x00\x00\x00e\x00\x00\x00\x04</data></write>
    <write><data>AA\xc8\x3bU\x11</data></write>
    <write><data>AA\xa7Wc\x28\x00\x00\x00\x0e\x29\x3d\xa4\x17</data></write>
    <write><data>AA\xa7Wc\x28\x00\x00\x00\x13\xa2\xdc\xd1\xea</data></write>
    <write><data> d\x00\x00\x00\x03\x7e\xad\x60\x98</data></write>
    <write><data>\xa0\x97\x00\x00\x00\x14</data></write>
    <read><length>4</length><match><data>\xe4\xde\xd4\x40</data></match></read>
    <write><data>\x97\x3d\x00\x00\x00\xc1\x00\x00\x03G\x00\x00\x00\x14</data></write>
    <write><data>\x15\x10\x00\x00\x01\x10\x00\x00\x01\x11\x00\x00\x00\x10</data></write>
    <write><data>\x15\x10\x00\x00\x00\x0b\x00\x00\x00\x15\x00\x00\x00\x08</data></write>
    <write><data>\x97\x3d\x00\x00\x00\x0a\x00\x00\x01\x01\x00\x00\x00\x10</data></write>
    <write><data>AA\xa7Wc\x28\x00\x00\x00\x01w\x8e\x01\x02</data></write>
    <write><data>\x97\x3d\x00\x00\x00e\x00\x00\x03G\x00\x00\x00\x04</data></write>
    <write><data>\xc4\xc5\x00\x00\x00\x0a</data></write>
    <write><data> d\x00\x00\x00\x0a\xfc\xf2\x91\x0e</data></write>
    <write><data>\x97\x3d\x00\x00\x00\x05\x00\x00\x00\x0d\x00\x00\x00\x03</data></write>
    <write><data>\xa0\x97\x00\x00\x00\x0b</data></write>
    <read><length>4</length><match><data>\xbc3\xb5\x00</data></match></read>
    <write><data>\x15\x10\x00\x00\x02h\x00\x00\x02i\x00\x00\x00\x04</data></write>
    <write><data>\xa0\x97\x00\x00\x02\xb6</data></write>
    <read><length>4</length><match><data>\xa0\x80\x00\x00</data></match></read>
    <write><data>\xe9\x25\x00\x00\x00\x14\x00\x00\x00\x06\x00\x00\x00\x04</data></write>
    <write><data>\xe9\x25\x00\x00\x00\x01\x00\x00\x00\x09\x00\x00\x00\x00</data></write>
    <write><data>q\xb8\x00\x00\x00\x13\x00\x00\x00\x15\x00\x00\x00\x07</data></write>
    <write><data> d\x00\x00\x00\x0bG\xfd\x9a\xe7</data></write>
    <write><data>\xa0\x97\x00\x00\x00\x10</data></write>
    <read><length>4</length><match><data>\x2da\xcd\x9e</data></match></read>
    <write><data> d\x00\x00\x00\x11\xc2\xb4\xad\x9a</data></write>
    <write><data>q\xb8\x00\x00\x00\x01\x00\x00\x00\x15\x00\x00\x01\xfd</data></write>
    <write><data>\xc4\xc5\x00\x00\x00\x05</data></write>
    <write><data>AA\xa7Wc\x28\x00\x00\x00\x0e\xd4\x84\xe6l</data></write>
    <write><data>\x97\x3d\x00\x00\x02h\x00\x00\x00\x11\x00\x00\x00\x11</data></write>
    <write><data>\x15\x10\x00\x00\x00\x09\x00\x00\x00\x15\x00\x00\x00\x02</data></write>
    <write><data>\xa0\x97\x00\x00\x01\x10</data></write>
    <read><length>4</length><match><data>\xaa\xa2\xddk</data></match></read>
    <write><data>AA\xa7Wc\x28\x00\x00\x00\x05\x0d\x2c\x86g</data></write>
    <write><data>\xc4\xc5\x00\x00\x00\x10</data></write>
    <write><data>\x2cV\x00\x00\x00\x09\x00\x00\x00\x00\x00\x00\x00\x0b</data></write>
    <write><data>\x97\x3d\x00\x00\x00\x00\x00\x00\x00\x0d\x00\x00\x00\xbd</data></write>
    <write><data>\xc4\xc5\x00\x00\x00\x02</data></write>
    <write><data>\x15\x10\x00\x00\x00\x00\x00\x00\x00\x15\x00\x00\x00\x03</data></write>
    <write><data>\xa0\x97\x00\x00\x03G</data></write>
    <read><length>4</length><match><data> \xac5\xca</data></match></read>
    <write><data>q\xb8\x00\x00\x00\x13\x00\x00\x00\x15\x00\x00\x00\x05</data></write>
    <write><data>\x2cV\x00\x00\x00\x08\x00\x00\x00\x10\x00\x00\x03\x3b</data></write>
    <write><data>\xe9\x25\x00\x00\x02\xb6\x00\x00\x00\x11\x00\x00\x00\x08</data></write>
    <write><data> d\x00\x00\x00\x02\xdfP\xbc\xe3</data></write>
    <write><data>\xe9\x25\x00\x00\x00\x09\x00\x00\x00\x05\x00\x00\x00\x05</data></write>
    <write><data>\xa0\x97\x00\x00\x00\xbd</data></write>
    <read><length>4</length><match><data>\xb4\x1a\x92\xcb</data></match></read>
    <write><data> d\x00\x00\x00\x10P\x3bJ\x29</data></write>
    <write><data>\x15\x10\x00\x00\x00\x14\x00\x00\x00\x15\x00\x00\x00\x0a</data></write>
    <write><data>\x97\x3d\x00\x00\x01\xfd\x00\x00\x00e\x00\x00\x00\x04</data></write>
    <write><data>\x15\x10\x00\x00\x00\x10\x00\x00\x00\x15\x00\x00\x00\x0d</data></write>
    <write><data>\x2cV\x00\x00\x00\x05\x00\x00\x00\x10\x00\x00\x00\x08</data></write>
    <write><data>\x2cV\x00\x00\x00\x0a\x00\x00\x00\x0c\x00\x00\x00\x05</data></write>
    <write><data>\x15\x10\x00\x00\x00\x11\x00\x00\x00\x15\x00\x00\x00\x04</data></write>
    <write><data>\x15\x10\x00\x00\x02\xb6\x00\x00\x02\xb7\x00\x00\x00\x14</data></write>
    <write><data>q\xb8\x00\x00\x00\x0b\x00\x00\x00\x15\x00\x00\x00\x08</data></write>
    <write><data> d\x00\x00\x00\x03\x17\xb5\x8a\x12</data></write>
    <write><data> d\x00\x00\x00\x06\x84\x14\x85\x1e</data></write>
    <write><data>\xe9\x25\x00\x00\x03\x3b\x00\x00\x00\x06\x00\x00\x00\x05</data></write>
    <write><data> d\x00\x00\x00\x0b\xa3\x08\xcb8</data></write>
    <write><data>\x15\x10\x00\x00\x00\x06\x00\x00\x00\x15\x00\x00\x00\x0e</data></write>
    <write><data>\x2cV\x00\x00\x00\x12\x00\x00\x00\x0e\x00\x00\x00\x0d</data></write>
    <write><data>AA\xa7Wc\x28\x00\x00\x00\x0d\xe2C\x010</data></write>
    <write><data>\x97\x3d\x00\x00\x02h\x00\x00\x00\x09\x00\x00\x00\x02</data></write>
    <write><data>\xc4\xc5\x00\x00\x00\x10</data></write>
    <write><data>\xa0\x97\x00\x00\x00\x04</data></write>
    <read><length>4</length><match><data>\xa0q\xcb\x98</data></match></read>
    <write><data>AAC\xc5\x1e\x97</data></write>
    <write><data>\x97\x3d\x00\x00\x00\x09\x00\x00\x00\x06\x00\x00\x00\x0d</data></write>
    <write><data>\x15\x10\x00\x00\x01\xfd\x00\x00\x01\xfe\x00\x00\x00q</data></write>
    <write><data>q\xb8\x00\x00\x00\x11\x00\x00\x00\x15\x00\x00\x00\x01</data></write>
    <write><data>\xe9\x25\x00\x00\x00\xbd\x00\x00\x00\x12\x00\x00\x00\x09</data></write>
    <write><data>AA\xa7Wc\x28\x00\x00\x00\x07\x1e\xe1\x98\x10</data></write>
    <write><data>\xc4\xc5\x00\x00\x00\x04</data></write>
    <write><data>AA\xbdf\xb8\x85</data></write>
    <write><data>\x2cV\x00\x00\x00\x03\x00\x00\x00\x0c\x00\x00\x00\x0c</data></write>
    <write><data>q\xb8\x00\x00\x00\x12\x00\x00\x00\x15\x00\x00\x00\x03</data></write>
    <write><data>\xe9\x25\x00\x00\x00\x05\x00\x00\x00\x0a\x00\x00\x00\x12</data></write>
    <write><data>q\xb8\x00\x00\x03\x3b\x00\x00\x03\x3c\x00\x00\x00\x0f</data></write>
    <write><data>\xa0\x97\x00\x00\x00\x07</data></write>
    <read><length>4</length><match><data>\x7b\x7b\x82\xc3</data></match></read>
    <write><data>\xe9\x25\x00\x00\x01\xfd\x00\x00\x03\x3b\x00\x00\x00\x02</data></write>
    <write><data>\x15\x10\x00\x00\x00\x04\x00\x00\x00\x15\x00\x00\x00\x0c</data></write>
    <write><data>\xe9\x25\x00\x00\x00\x11\x00\x00\x00\x02\x00\x00\x00\x03</data></write>
    <write><data>\xa0\x97\x00\x00\x03G</data></write>
    <read><length>4</length><match><data> \xac5\xca</data></match></read>
    <write><data>AA\xa7Wc\x28\x00\x00\x00\x0a\xb8\xe1\x16\xbf</data></write>
    <write><data>q\xb8\x00\x00\x00\x05\x00\x00\x00\x15\x00\x00\x00\x10</data></write>
    <write><data>AA4\xeb\x04a</data></write>
    <write><data>q\xb8\x00\x00\x01\xfd\x00\x00\x01\xfe\x00\x00\x00\x09</data></write>
    <write><data>q\xb8\x00\x00\x00\x14\x00\x00\x00\x15\x00\x00\x00\x01</data></write>
    <write><data>\x97\x3d\x00\x00\x00\x07\x00\x00\x00\x0f\x00\x00\x00\x03</data></write>
    <write><data> d\x00\x00\x00\x0b\x05\xe1d\xef</data></write>
    <write><data>q\xb8\x00\x00\x00\x0d\x00\x00\x00\x15\x00\x00\x00\x0d</data></write>
    <write><data>\x97\x3d\x00\x00\x00\x05\x00\x00\x00\x01\x00\x00\x00\x05</data></write>
    <write><data>\x15\x10\x00\x00\x00\xc1\x00\x00\x00\xc2\x00\x00\x00\x0d</data></write>
    <write><data>AA\xa7Wc\x28\x00\x00\x00\x13B\xb4\x1f!</data></write>
    <write><data>\xe9\x25\x00\x00\x00e\x00\x00\x00\x0e\x00\x00\x00\x07</data></write>
    <write><data>\x97\x3d\x00\x00\x00\x11\x00\x00\x00\x0a\x00\x00\x00\x05</data></write>
    <write><data>\xc4\xc5\x00\x00\x00\x0b</data></write>
    <write><data>\x2cV\x00\x00\x00e\x00\x00\x00\x12\x00\x00\x00\x04</data></write>
    <write><data>\xc4\xc5\x00\x00\x00\x00</data></write>
    <write><data>AA\xd5!\x86\xb9</data></write>
    <write><data>q\xb8\x00\x00\x02\xb6\x00\x00\x02\xb7\x00\x00\x00\x0e</data></write>
    <write><data> d\x00\x00\x00\x0c\x92\x60\x1c\xab</data></write>
    <write><data>q\xb8\x00\x00\x00\x09\x00\x00\x00\x15\x00\x00\x00\x0f</data></write>
    <write><data>\xc4\xc5\x00\x00\x00\x04</data></write>
    <write><data>\xc4\xc5\x00\x00\x00\xc2</data></write>
    <write><data>\xa0\x97\x00\x00\x00\x10</data></write>
    <read><length>4</length><match><data>\xa8\xc6\x92T</data></match></read>
    <write><data>\x15\x10\x00\x00\x00\xc1\x00\x00\x00\xc3\x00\x00\x00\x0f</data></write>
    <write><data>\xe9\x25\x00\x00\x00\x10\x00\x00\x00\xc2\x00\x00\x00\x03</data></write>
    <write><data>\x97\x3d\x00\x00\x00\x13\x00\x00\x00\x06\x00\x00\x00\x0a</data></write>
    <write><data>AAT\x12\xd85</data></write>
    <write><data>\xc4\xc5\x00\x00\x00\x03</data></write>
    <write><data>\xa0\x97\x00\x00\x00\x01</data></write>
    <read><length>4</length><match><data>\xa0\x80\x00\x00</data></match></read>
    <write><data> d\x00\x00\x01\xba\xae4\xc7f</data></write>
    <write><data>\x15\x10\x00\x00\x00\x08\x00\x00\x00\x15\x00\x00\x00\x02</data></write>
    <write><data>\xc4\xc5\x00\x00\x00\x0f</data></write>
    <write><data>AA\xa7Wc\x28\x00\x00\x01ry\xd0R\x08</data></write>
    <write><data>\xa0\x97\x00\x00\x00\x01</data></write>
    <read><length>4</length><match><data>\xa0\x80\x00\x00</data></match></read>
    <write><data>\x97\x3d\x00\x00\x00\x11\x00\x00\x00\x0c\x00\x00\x00\x0e</data></write>
    <write><data>\x97\x3d\x00\x00\x00\x0e\x00\x00\x00\x0d\x00\x00\x00\x0c</data></write>
    <write><data>AA\xa7Wc\x28\x00\x00\x03\x7e\x5e\x98\x93\xc2</data></write>
    <write><data>\x2cV\x00\x00\x00\x02\x00\x00\x00\xc1\x00\x00\x00\x0f</data></write>
    <write><data>q\xb8\x00\x00\x00\x14\x00\x00\x00\x15\x00\x00\x00\x13</data></write>
    <write><data>\x15\x10\x00\x00\x02\xb6\x00\x00\x02\xb7\x00\x00\x00\x0a</data></write>
    <write><data>\xe9\x25\x00\x00\x02h\x00\x00\x01\xfd\x00\x00\x00\x11</data></write>
    <write><data>\x15\x10\x00\x00\x03\x3b\x00\x00\x03\x3c\x00\x00\x00\x0e</data></write>
    <write><data>q\xb8\x00\x00\x00\x09\x00\x00\x00\x15\x00\x00\x00\x10</data></write>
    <write><data>\xa0\x97\x00\x00\x00\xc1</data></write>
    <read><length>4</length><match><data>n\x8b\xb3\x9e</data></match></read>
    <write><data>\x2cV\x00\x00\x01\xba\x00\x00\x00\x0c\x00\x00\x00\x01</data></write>
    <write><data>\xe9\x25\x00\x00\x00\x03\x00\x00\x00\x0e\x00\x00\x00\x0b</data></write>
    <write><data>\x15\x10\x00\x00\x00\x0a\x00\x00\x00\x15\x00\x00\x00\x0b</data></write>
    <write><data>\xe9\x25\x00\x00\x01\x01\x00\x00\x00\x08\x00\x00\x00\x1c</data></write>
    <write><data>\xa0\x97\x00\x00\x00\x0b</data></write>
    <read><length>4</length><match><data>\x00\x00\x00\x00</data></match></read>
    <write><data>\x2cV\x00\x00\x00\x0f\x00\x00\x00\x0e\x00\x00\x00\x10</data></write>
    <write><data>\x2cV\x00\x00\x00q\x00\x00\x00e\x00\x00\x00\x0b</data></write>
    <write><data>\x97\x3d\x00\x00\x03\x7e\x00\x00\x00\x02\x00\x00\x00\x08</data></write>
    <write><data>\xc4\xc5\x00\x00\x00f</data></write>
    <write><data>\x2cV\x00\x00\x00q\x00\x00\x02\xb6\x00\x00\x00\x11</data></write>
    <write><data>\xa0\x97\x00\x00\x00\x13</data></write>
    <read><length>4</length><match><data>\xa0\x80\x00\x00</data></match></read>
    <write><data>q\xb8\x00\x00\x00\x0f\x00\x00\x00\x15\x00\x00\x00\x0d</data></write>
    <write><data>\xa0\x97\x00\x00\x00\x11</data></write>
    <read><length>4</length><match><data>\xd9H\x90x</data></match></read>
    <write><data>\x2cV\x00\x00\x00\xbd\x00\x00\x00\x05\x00\x00\x00\x12</data></write>
    <write><data>\x2cV\x00\x00\x00\x06\x00\x00\x00\xc1\x00\x00\x00\x0b</data></write>
    <write><data>AA\xae!\xeb\x92</data></write>
    <write><data>AA\xb0\xaa\x8f\xa7</data></write>
    <write><data>AA\xa7Wc\x28\x00\x00\x00\x05\x7b\xb1d\x03</data></write>
    <write><data>AA\xb9\xf4\x8f\x0e</data></write>
    <write><data>\xa0\x97\x00\x00\x01\x01</data></write>
    <read><length>4</length><match><data> \x94\xf3\x00</data></match></read>
    <write><data>\xc4\xc5\x00\x00\x00\x13</data></write>
    <write><data>\x97\x3d\x00\x00\x00\x08\x00\x00\x00\x0c\x00\x00\x00\x04</data></write>
    <write><data>\x2cV\x00\x00\x00\x00\x00\x00\x00\x12\x00\x00\x00\x0a</data></write>
    <write><data>\xe9\x25\x00\x00\x03\x3b\x00\x00\x00\x10\x00\x00\x00\x03</data></write>
    <write><data>AA\x60\xdf!\x89</data></write>
    <write><data>AA\xa7Wc\x28\x00\x00\x00\x00\xde\x14\xf8\x08</data></write>
    <write><data> d\x00\x00\x00\x11rI\xb1\xe9</data></write>
    <write><data>\xa0\x97\x00\x00\x00\x0b</data></write>
    <read><length>4</length><match><data>\xf2\xa08\xbc</data></match></read>
    <write><data>AA\xa7Wc\x28\x00\x00\x00\x0f\xfc\xb41\xdd</data></write>
    <write><data>\xc4\xc5\x00\x00\x00\x00</data></write>
    <write><data>\x15\x10\x00\x00\x00\x0b\x00\x00\x00\x15\x00\x00\x00\x0f</data></write>
    <write><data>q\xb8\x00\x00\x00\x0d\x00\x00\x00\x15\x00\x00\x00\x0c</data></write>
    <write><data> d\x00\x00\x00\x07T\xbcAU</data></write>
    <write><data>AA\x96!\x00\xee</data></write>
    <write><data>\xa0\x97\x00\x00\x00\x08</data></write>
    <read><length>4</length><match><data>m\xe6\x04X</data></match></read>
    <write><data>\xc4\xc5\x00\x00\x00\x0d</data></write>
    <write><data>\xe9\x25\x00\x00\x00\x01\x00\x00\x00\x05\x00\x00\x00\x10</data></write>
    <write><data>\x2cV\x00\x00\x00\x03\x00\x00\x03\x7e\x00\x00\x00\x0a</data></write>
    <write><data>\x97\x3d\x00\x00\x01\x10\x00\x00\x00\x10\x00\x00\x00\x05</data></write>
    <write><data>\xc4\xc5\x00\x00\x00\x00</data></write>
    <write><data> d\x00\x00\x00\x0am\xaf\xab\x08</data></write>
    <write><data>AA\xa7Wc\x28\x00\x00\x00\x13\x28\xd5\x9a\x86</data></write>
    <write><data>\xc4\xc5\x00\x00\x00\x07</data></write>
    <write><data>\xa0\x97\x00\x00\x01\xba</data></write>
    <read><length>4</length><match><data>\xae4\xc7f</data></match></read>
    <write><data>\x2cV\x00\x00\x01\xfd\x00\x00\x00\x08\x00\x00\x01\x86</data></write>
    <write><data>\x97\x3d\x00\x00\x03G\x00\x00\x01r\x00\x00\x00\x0a</data></write>
    <write><data>\xc4\xc5\x00\x00\x01p</data></write>
    <write><data>\x2cV\x00\x00\x01p\x00\x00\x01\x86\x00\x00\x00\x01</data></write>
    <write><data>\x2cV\x00\x00\x00\x12\x00\x00\x01\x01\x00\x00\x00\x0e</data></write>
    <write><data>q\xb8\x00\x00\x00\x00\x00\x00\x00\x15\x00\x00\x00\x00</data></write>
    <write><data>\x97\x3d\x00\x00\x00\xbd\x00\x00\x00\x07\x00\x00\x00\x06</data></write>
    <write><data>\xa0\x97\x00\x00\x00q</data></write>
    <read><length>4</length><match><data>8\xc8\x90x</data></match></read>
    <write><data>\x97\x3d\x00\x00\x00\x06\x00\x00\x00\x0b\x00\x00\x00\x12</data></write>
    <write><data> d\x00\x00\x00\x10\xe4\x5d\x18\xad</data></write>
    <write><data>\xc4\xc5\x00\x00\x00\x00</data></write>
    <write><data> d\x00\x00\x00\x11\xc2\x87\x3do</data></write>
    <write><data>\xa0\x97\x00\x00\x00\x07</data></write>
    <read><length>4</length><match><data>\xfetw\x06</data></match></read>
    <write><data>AA\xa7Wc\x28\x00\x00\x00\x00\x2d\xfe\x2f\x9f</data></write>
    <write><data> d\x00\x00\x00\x08X\x16\xc7\xa7</data></write>
    <write><data>\xe9\x25\x00\x00\x00q\x00\x00\x01\xba\x00\x00\x00\x03</data></write>
    <write><data>\x97\x3d\x00\x00\x00\x0c\x00\x00\x00\x0e\x00\x00\x00\x12</data></write>
    <write><data>q\xb8\x00\x00\x03\x7e\x00\x00\x03\x7f\x00\x00\x00\x10</data></write>
    <write><data>\x15\x10\x00\x00\x02\xb6\x00\x00\x02\xb7\x00\x00\x00\x02</data></write>
    <write><data>\x97\x3d\x00\x00\x00\x0e\x00\x00\x00\xc1\x00\x00\x00\x01</data></write>
    <write><data>\x2cV\x00\x00\x00\x10\x00\x00\x00\x0c\x00\x00\x00\x03</data></write>
    <write><data>\xe9\x25\x00\x00\x01\x10\x00\x00\x00\x00\x00\x00\x00\x04</data></write>
    <write><data>q\xb8\x00\x00\x00\x02\x00\x00\x00\x15\x00\x00\x00\x05</data></write>
    <write><data>\x97\x3d\x00\x00\x00\x00\x00\x00\x00\x05\x00\x00\x00\x0b</data></write>
    <write><data>\x2cV\x00\x00\x00\x0a\x00\x00\x00\x04\x00\x00\x00\x03</data></write>
    <write><data>\x97\x3d\x00\x00\x02h\x00\x00\x00e\x00\x00\x00\x09</data></write>
    <write><data> d\x00\x00\x00\x01\xc5\x92\xfe\x04</data></write>
    <write><data>\xa0\x97\x00\x00\x00\x0d</data></write>
    <read><length>4</length><match><data>\xed\x11\xeac</data></match></read>
    <write><data>\xa0\x97\x00\x00\x02\xb6</data></write>
    <read><length>4</length><match><data>\xa0\x80\x00\x00</data></match></read>
    <write><data>\x15\x10\x00\x00\x00e\x00\x00\x00g\x00\x00\x00\x00</data></write>
    <write><data>\xa0\x97\x00\x00\x00\x02</data></write>
    <read><length>4</length><match><data>\xa0\x80\x00\x00</data></match></read>
    <write><data>AAF!\xd5\x85</data></write>
    <write><data>\xe9\x25\x00\x00\x00\x03\x00\x00\x00\x0b\x00\x00\x00\x13</data></write>
    <write><data>\xc4\xc5\x00\x00\x00\x0d</data></write>
    <write><data>q\xb8\x00\x00\x00\x07\x00\x00\x00\x15\x00\x00\x00\x0f</data></write>
    <write><data>\x2cV\x00\x00\x00\x03\x00\x00\x00\x00\x00\x00\x00\x11</data></write>
    <write><data>q\xb8\x00\x00\x01\xba\x00\x00\x01\xbb\x00\x00\x02.</data></write>
    <write><data> d\x00\x00\x00\x11\xd2\x14\xa5\x8d</data></write>
    <write><data> d\x00\x00\x00\x12\x89\xc2\xe2\x14</data></write>
    <write><data>\xc4\xc5\x00\x00\x00\x0f</data></write>
    <write><data>\xa0\x97\x00\x00\x01p</data></write>
    <read><length>4</length><match><data>\x18\x2b\x1bT</data></match></read>
    <write><data>AA\x14\x9c\x06\xc4</data></write>
    <write><data>q\xb8\x00\x00\x00\x01\x00\x00\x00\x15\x00\x00\x00\x0b</data></write>
    <write><data>\xc4\xc5\x00\x00\x00\x12</data></write>
    <write><data>q\xb8\x00\x00\x00\x0a\x00\x00\x00\x15\x00\x00\x00b</data></write>
    <write><data>\x15\x10\x00\x00\x00\x00\x00\x00\x00\x15\x00\x00\x00\x11</data></write>
    <write><data>\xa0\x97\x00\x00\x00f</data></write>
    <read><length>4</length><match><data>\x17\xca\xd1\x40</data></match></read>
    <write><data>AA\xa7Wc\x28\x00\x00\x00\x03\xcc\xd9\x8cl</data></write>
    <write><data>q\xb8\x00\x00\x01p\x00\x00\x01q\x00\x00\x00\x08</data></write>
    <write><data> d\x00\x00\x00\x0ad\x98f\xad</data></write>
    <write><data>\x15\x10\x00\x00\x01\x10\x00\x00\x01\x11\x00\x00\x00\x14</data></write>
    <write><data> d\x00\x00\x00\x0a\xc0Z\x05\xb0</data></write>
    <write><data>\xa0\x97\x00\x00\x00\x03</data></write>
    <read><length>4</length><match><data>P\xfb\xe70</data></match></read>
    <write><data>\xa0\x97\x00\x00\x00\x08</data></write>
    <read><length>4</length><match><data>\x18\x2b\x1bT</data></match></read>
    <write><data>\x2cV\x00\x00\x02h\x00\x00\x00\x0c\x00\x00\x00\x06</data></write>
    <write><data>\xc4\xc5\x00\x00\x00\x0c</data></write>
    <write><data> d\x00\x00\x00\x02\x3b\xaf\xf3\x1d</data></write>
    <write><data>\xc4\xc5\x00\x00\x00\x12</data></write>
    <write><data>\xa0\x97\x00\x00\x00f</data></write>
    <read><length>4</length><match><data>\x17\xca\xd1\x40</data></match></read>
    <write><data>\xa0\x97\x00\x00\x00q</data></write>
    <read><length>4</length><match><data>8\xc8\x90x</data></match></read>
    <write><data>\x2cV\x00\x00\x00\x00\x00\x00\x00\x0f\x00\x00\x00\x0f</data></write>
    <write><data>\x97\x3d\x00\x00\x02\xb6\x00\x00\x01\x86\x00\x00\x00\x0d</data></write>
    <write><data>AAvG\x1c\x81</data></write>
    <write><data>q\xb8\x00\x00\x00\x03\x00\x00\x00\x15\x00\x00\x00\x03</data></write>
    <write><data>\x97\x3d\x00\x00\x01\x01\x00\x00\x01\xfd\x00\x00\x00\x09</data></write>
    <write><data> d\x00\x00\x00\x03\xcf\x7ec\x13</data></write>
    <write><data>\xc4\xc5\x00\x00\x00\x12</data></write>
    <write><data>\x2cV\x00\x00\x00f\x00\x00\x00\x02\x00\x00\x00\x08</data></write>
    <write><data>\xc4\xc5\x00\x00\x00\x12</data></write>
    <write><data>AA\xa7Wc\x28\x00\x00\x00\x02U\x93B\xc6</data></write>
    <write><data>\xa0\x97\x00\x00\x00\x04</data></write>
    <read><length>4</length><match><data>\xd6\xe5\xed\x3c</data></match></read>
    <write><data>\x2cV\x00\x00\x00\x06\x00\x00\x00\x02\x00\x00\x00\x11</data></write>
    <write><data>q\xb8\x00\x00\x00\x11\x00\x00\x00\x15\x00\x00\x00\x02</data></write>
    <write><data> d\x00\x00\x00\x0bx\xc7\xab\xcc</data></write>
    <write><data>\xc4\xc5\x00\x00\x00\x09</data></write>
    <write><data>\x97\x3d\x00\x00\x00\x14\x00\x00\x00b\x00\x00\x00\x05</data></write>
    <write><data>AA\x90B\x5c\x29</data></write>
    <write><data>\x2cV\x00\x00\x00\x0f\x00\x00\x00\x11\x00\x00\x00\x02</data></write>
    <write><data>q\xb8\x00\x00\x01\xba\x00\x00\x01\xbb\x00\x00\x00\x12</data></write>
    <write><data>\x15\x10\x00\x00\x02.\x00\x00\x02\x2f\x00\x00\x00\x0d</data></write>
    <write><data>\x97\x3d\x00\x00\x03\x3b\x00\x00\x02.\x00\x00\x00\x07</data></write>
    <write><data>\xc4\xc5\x00\x00\x00\x0b</data></write>
    <write><data>\xa0\x97\x00\x00\x00\x14</data></write>
    <read><length>4</length><match><data>\xaa\xa2\xddk</data></match></read>
    <write><data>\x2cV\x00\x00\x01p\x00\x00\x00\x03\x00\x00\x00\x07</data></write>
    <write><data>\xc4\xc5\x00\x00\x00\x13</data></write>
    <write><data>\xa0\x97\x00\x00\x01\x10</data></write>
    <read><length>4</length><match><data>\xaa\xa2\xddk</data></match></read>
    <write><data>\xa0\x97\x00\x00\x01\xba</data></write>
    <read><length>4</length><match><data>\xae4\xc7f</data></match></read>
    <write><data>q\xb8\x00\x00\x00\x01\x00\x00\x00\x15\x00\x00\x00\x04</data></write>
    <write><data>\x97\x3d\x00\x00\x02.\x00\x00\x02.\x00\x00\x00\x00</data></write>
    <write><data>q\xb8\x00\x00\x00\x07\x00\x00\x00\x15\x00\x00\x00\x0f</data></write>
    <write><data>\xe9\x25\x00\x00\x00\x01\x00\x00\x01\xfd\x00\x00\x00\x0c</data></write>
    <write><data>AA\x8d\xebZ!</data></write>
    <write><data>\x97\x3d\x00\x00\x00\x00\x00\x00\x00\x04\x00\x00\x00\x02</data></write>
    <write><data>\xa0\x97\x00\x00\x00\x0e</data></write>
    <read><length>4</length><match><data>5FX\xfc</data></match></read>
    <write><data>\xe9\x25\x00\x00\x00\x13\x00\x00\x02.\x00\x00\x00\x13</data></write>
    <write><data>\x97\x3d\x00\x00\x01\xfd\x00\x00\x01\x86\x00\x00\x00\x0d</data></write>
    <write><data>\x15\x10\x00\x00\x02.\x00\x00\x02\x2f\x00\x00\x00\x12</data></write>
    <write><data>\x2cV\x00\x00\x03G\x00\x00\x00\x00\x00\x00\x00\x0b</data></write>
    <write><data>\xe9\x25\x00\x00\x00\x03\x00\x00\x02\xb6\x00\x00\x00\x0a</data></write>
    <write><data>\xe9\x25\x00\x00\x01\xfd\x00\x00\x00\x0d\x00\x00\x00\x06</data></write>
    <write><data>q\xb8\x00\x00\x00\x08\x00\x00\x00\x15\x00\x00\x00\x0b</data></write>
    <write><data> d\x00\x00\x00\x00W\xcf\x182</data></write>
    <write><data>\x15\x10\x00\x00\x00\x07\x00\x00\x00\x15\x00\x00\x00\x0c</data></write>
    <write><data>\xe9\x25\x00\x00\x01\x01\x00\x00\x00\x14\x00\x00\x00\x14</data></write>
    <write><data>\xa0\x97\x00\x00\x02.</data></write>
    <read><length>4</length><match><data>\xae4\xc7f</data></match></read>
    <write><data>\xc4\xc5\x00\x00\x00\x02</data></write>
    <write><data>\x2cV\x00\x00\x02.\x00\x00\x01r\x00\x00\x00\x13</data></write>
    <write><data>\x15\x10\x00\x00\x00e\x00\x00\x00g\x00\x00\x00\x11</data></write>
    <write><data> d\x00\x00\x00\x13\xe1\x1b9G</data></write>
    <write><data> d\x00\x00\x00\x0e\xe8B\xfb\x3e</data></write>
    <write><data>\xa0\x97\x00\x00\x01\xfd</data></write>
    <read><length>4</length><match><data>8\xc8\x90x</data></match></read>
    <write><data>\xa0\x97\x00\x00\x01p</data></write>
    <read><length>4</length><match><data>\x18\x2b\x1bT</data></match></read>
    <write><data>q\xb8\x00\x00\x02h\x00\x00\x02i\x00\x00\x00\x12</data></write>
    <write><data>q\xb8\x00\x00\x01\x01\x00\x00\x01\x02\x00\x00\x00\x08</data></write>
    <write><data>\xc4\xc5\x00\x00\x00\x13</data></write>
    <write><data>\xa0\x97\x00\x00\x01p</data></write>
    <read><length>4</length><match><data>\x18\x2b\x1bT</data></match></read>
    <write><data>\xc4\xc5\x00\x00\x00\x0b</data></write>
    <write><data>\xc4\xc5\x00\x00\x00\x14</data></write>
    <write><data>\x2cV\x00\x00\x01r\x00\x00\x00\x0a\x00\x00\x00\x04</data></write>
    <write><data>\xc4\xc5\x00\x00\x00\x10</data></write>
    <write><data> d\x00\x00\x02\x00\x28Sw\x03</data></write>
    <write><data>q\xb8\x00\x00\x00\x0a\x00\x00\x00\x15\x00\x00\x00\x07</data></write>
    <write><data> d\x00\x00\x00\x00\xa4\x2c\xe3\xb4</data></write>
    <write><data>\xe9\x25\x00\x00\x00e\x00\x00\x00f\x00\x00\x00\x06</data></write>
    <write><data>\xa0\x97\x00\x00\x00\x14</data></write>
    <read><length>4</length><match><data>\x7bX3\xdb</data></match></read>
    <write><data> d\x00\x00\x00\x07\x1b\xd0\x7eS</data></write>
    <write><data>\xc4\xc5\x00\x00\x00\x06</data></write>
    <write><data>\x15\x10\x00\x00\x00\x00\x00\x00\x00\x15\x00\x00\x00\x0e</data></write>
    <write><data>AA\xa7Wc\x28\x00\x00\x00\x0c\x93S\x14\x8d</data></write>
    <write><data>AA\x94\xf69u</data></write>
    <write><data>\x97\x3d\x00\x00\x00\xc1\x00\x00\x00\x02\x00\x00\x00\x0b</data></write>
    <write><data>\xa0\x97\x00\x00\x03\x7e</data></write>
    <read><length>4</length><match><data>m\xe6\x04X</data></match></read>
    <write><data>\x97\x3d\x00\x00\x00\x0c\x00\x00\x01\xfd\x00\x00\x00\x0e</data></write>
    <write><data>q\xb8\x00\x00\x00\x07\x00\x00\x00\x15\x00\x00\x00\x0b</data></write>
    <write><data>\xa0\x97\x00\x00\x01\x86</data></write>
    <read><length>4</length><match><data>\xa6\xae\x94\xd0</data></match></read>
    <write><data>\x15\x10\x00\x00\x03\x7e\x00\x00\x03\x7f\x00\x00\x00\x10</data></write>
    <write><data>\xc4\xc5\x00\x00\x00\x12</data></write>
    <write><data>\xc4\xc5\x00\x00\x00\x0c</data></write>
    <write><data>\x2cV\x00\x00\x00\x00\x00\x00\x00\x0b\x00\x00\x00\x5f</data></write>
    <write><data>\xe9\x25\x00\x00\x01r\x00\x00\x00f\x00\x00\x00\x08</data></write>
    <write><data>\x15\x10\x00\x00\x00e\x00\x00\x00g\x00\x00\x00\x02</data></write>
    <write><data>q\xb8\x00\x00\x02\xb6\x00\x00\x02\xb7\x00\x00\x00\x04</data></write>
    <write><data>\x97\x3d\x00\x00\x00b\x00\x00\x03G\x00\x00\x00\x08</data></write>
    <write><data>\xa0\x97\x00\x00\x00\x0d</data></write>
    <read><length>4</length><match><data>\x92\x19\xfb\xa8</data></match></read>
    <write><data>\x2cV\x00\x00\x01p\x00\x00\x00\x04\x00\x00\x00\x05</data></write>
    <write><data>\xe9\x25\x00\x00\x00\x04\x00\x00\x00\x0c\x00\x00\x00\x05</data></write>
    <write><data>\xa0\x97\x00\x00\x00q</data></write>
    <read><length>4</length><match><data>8\xc8\x90x</data></match></read>
    <write><data>\x2cV\x00\x00\x00\x06\x00\x00\x00\x12\x00\x00\x00\x0b</data></write>
    <write><data> d\x00\x00\x00\x14\x10\xf0X\xb9</data></write>
    <write><data>AA\xa7Wc\x28\x00\x00\x00\x083\xc9!\xf9</data></write>
    <write><data>\xc4\xc5\x00\x00\x00\x13</data></write>
    <write><data>\x15\x10\x00\x00\x00\x00\x00\x00\x00\x15\x00\x00\x00K</data></write>
    <write><data>\x15\x10\x00\x00\x02.\x00\x00\x02\x2f\x00\x00\x00\x01</data></write>
    <write><data>\x15\x10\x00\x00\x02\x00\x00\x00\x02\x01\x00\x00\x00\x04</data></write>
    <write><data>\xa0\x97\x00\x00\x01\xba</data></write>
    <read><length>4</length><match><data>\xae4\xc7f</data></match></read>
    <write><data>\xc4\xc5\x00\x00\x00\x04</data></write>
    <write><data>q\xb8\x00\x00\x00\x14\x00\x00\x00\x15\x00\x00\x00\x0a</data></write>
    <write><data>\xa0\x97\x00\x00\x00\x0e</data></write>
    <read><length>4</length><match><data>\x16D\x85\x5b</data></match></read>
    <write><data>\x97\x3d\x00\x00\x01\x86\x00\x00\x00\x0e\x00\x00\x00\x12</data></write>
    <write><data>\x2cV\x00\x00\x00\xc2\x00\x00\x02\xb6\x00\x00\x02\x7f</data></write>
    <write><data>q\xb8\x00\x00\x00\x0e\x00\x00\x00\x15\x00\x00\x00\x05</data></write>
    <write><data>\xe9\x25\x00\x00\x00\x14\x00\x00\x00\x07\x00\x00\x00\x08</data></write>
    <write><data>\x15\x10\x00\x00\x00\x1c\x00\x00\x00\x1d\x00\x00\x02\xfb</data></write>
    <write><data>\x15\x10\x00\x00\x00\x0d\x00\x00\x00\x15\x00\x00\x00\x08</data></write>
    <write><data>\x2cV\x00\x00\x00\x10\x00\x00\x00K\x00\x00\x00\x09</data></write>
    <write><data>\x97\x3d\x00\x00\x02\x7f\x00\x00\x02\xb6\x00\x00\x00\xec</data></write>
    <write><data>\xa0\x97\x00\x00\x00\x0e</data></write>
    <read><length>4</length><match><data>\x16D\x85\x5b</data></match></read>
    <write><data>\xa0\x97\x00\x00\x00\x11</data></write>
    <read><length>4</length><match><data>\xdb3\x17\xc0</data></match></read>
    <write><data>\x97\x3d\x00\x00\x00\x02\x00\x00\x00\x0f\x00\x00\x00\x0b</data></write>
    <write><data>\xa0\x97\x00\x00\x01\x01</data></write>
    <read><length>4</length><match><data> \x94\xf3\x00</data></match></read>
    <write><data> d\x00\x00\x00\x0e\xd8\xff\x9e\xe5</data></write>
    <write><data>\xc4\xc5\x00\x00\x00\xb4</data></write>
    <write><data>\xa0\x97\x00\x00\x00\x1c</data></write>
    <read><length>4</length><match><data> \x99\x99\x00</data></match></read>
    <write><data>\xe9\x25\x00\x00\x00\x10\x00\x00\x02\xb6\x00\x00\x00\x11</data></write>
    <write><data>\xa0\x97\x00\x00\x00\x11</data></write>
    <read><length>4</length><match><data>\x2c\x00\x00\x00</data></match></read>
    <write><data>AAr\x7f\x01\x16</data></write>
    <write><data>\x97\x3d\x00\x00\x00\xc1\x00\x00\x00\xec\x00\x00\x00\x08</data></write>
    <write><data>q\xb8\x00\x00\x03\x3b\x00\x00\x03\x3c\x00\x00\x00\x07</data></write>
    <write><data>\x2cV\x00\x00\x02.\x00\x00\x00\x07\x00\x00\x00\x0d</data></write>
    <write><data>\xc4\xc5\x00\x00\x00\x04</data></write>
    <write><data>\xa0\x97\x00\x00\x00\x09</data></write>
    <read><length>4</length><match><data>m\xe6\x04X</data></match></read>
    <write><data>AA\xac\xb6\x98z</data></write>
    <write><data>\xa0\x97\x00\x00\x01\x86</data></write>
    <read><length>4</length><match><data>\xa6\xae\x94\xd0</data></match></read>
    <write><data>\x2cV\x00\x00\x00f\x00\x00\x00q\x00\x00\x00\x10</data></write>
    <write><data>\xc4\xc5\x00\x00\x00\x01</data></write>
    <write><data>AAj\x8d\x22C</data></write>
    <write><data>\x2cV\x00\x00\x00\x07\x00\x00\x00\x0e\x00\x00\x00\x06</data></write>
    <write><data>\xc4\xc5\x00\x00\x00\x10</data></write>
    <write><data> d\x00\x00\x00\x02\xe2\xc2\xae\x16</data></write>
    <write><data>\xe9\x25\x00\x00\x00\x10\x00\x00\x00\xec\x00\x00\x00\x13</data></write>
    <write><data>\xa0\x97\x00\x00\x00f</data></write>
    <read><length>4</length><match><data>\x17\xca\xd1\x40</data></match></read>
    <write><data>\xc4\xc5\x00\x00\x00\x10</data></write>
    <write><data>AA\xa7Wc\x28\x00\x00\x00\x0e\x5d\x8a\xbdr</data></write>
    <write><data>q\xb8\x00\x00\x00\x0d\x00\x00\x00\x15\x00\x00\x00\x03</data></write>
    <write><data>\x97\x3d\x00\x00\x00\x0d\x00\x00\x00\x5f\x00\x00\x00\x06</data></write>
    <write><data>\xc4\xc5\x00\x00\x00\x07</data></write>
    <write><data> d\x00\x00\x00\x112\xa5\x5d\x11</data></write>
    <write><data>AA3\x09H\x25</data></write>
    <write><data>\xc4\xc5\x00\x00\x00\x01</data></write>
    <write><data>\xe9\x25\x00\x00\x00\xec\x00\x00\x00\x02\x00\x00\x00\x05</data></write>
    <write><data>\x97\x3d\x00\x00\x02\xfb\x00\x00\x00e\x00\x00\x01\x8f</data></write>
    <write><data>\x2cV\x00\x00\x00\x03\x00\x00\x01\x10\x00\x00\x00\x0b</data></write>
    <write><data>\x97\x3d\x00\x00\x00q\x00\x00\x00\x12\x00\x00\x00\x11</data></write>
    <write><data>AA dr\xaf</data></write>
    <write><data>\x15\x10\x00\x00\x01\x10\x00\x00\x01\x11\x00\x00\x01I</data></write>
    <write><data>q\xb8\x00\x00\x01I\x00\x00\x01J\x00\x00\x00\x11</data></write>
    <write><data>AA\xb1\xd7\xe6\x91</data></write>
    <write><data>AA\xa7Wc\x28\x00\x00\x00\x0e1\xd0\x0f!</data></write>
    <write><data>\xe9\x25\x00\x00\x00\x03\x00\x00\x00\x10\x00\x00\x00\xab</data></write>
    <write><data>\x97\x3d\x00\x00\x03G\x00\x00\x00\x0a\x00\x00\x00\x07</data></write>
    <write><data>\xca\x3d</data></write>
    <read><length>4</length><match><data>\x00\x00\xca\x3d</data></match></read>
    <write><data>AA\xa7Wc\x28\x00\x00\x00\x00\x7b\x1d7\x8a</data></write>
    <write><data>\xa0\x97\x00\x00\x00\x14</data></write>
    <read><length>4</length><match><data>\x10\xf0X\xb9</data></match></read>
    <write><data> d\x00\x00\x00\x04\xd2\xf6?n</data></write>
    <write><data>\x2cV\x00\x00\x00\x0a\x00\x00\x03\x7e\x00\x00\x00\x00</data></write>
    <write><data>\x97\x3d\x00\x00\x00\x05\x00\x00\x00\x00\x00\x00\x00\x10</data></write>
    <write><data>AA\xa7Wc\x28\x00\x00\x00\x0erP\xaf\x18</data></write>
    <write><data>q\xb8\x00\x00\x02.\x00\x00\x02\x2f\x00\x00\x00\x03</data></write>
    <write><data>\xe9\x25\x00\x00\x02\xfb\x00\x00\x00\xc2\x00\x00\x00\x0d</data></write>
    <write><data>\x15\x10\x00\x00\x00\x12\x00\x00\x00\x15\x00\x00\x00\x11</data></write>
    <write><data>AA\xdaX\x99\xa5</data></write>
    <write><data>\x15\x10\x00\x00\x01\x86\x00\x00\x01\x87\x00\x00\x00\x01</data></write>
    <write><data>\xc4\xc5\x00\x00\x00\x0e</data></write>
    <write><data> d\x00\x00\x00\x0aGt\x5dd</data></write>
    <write><data>q\xb8\x00\x00\x02\xfb\x00\x00\x02\xfc\x00\x00\x00\x01</data></write>
    <write><data>\x15\x10\x00\x00\x00\x10\x00\x00\x00\x15\x00\x00\x00\x01</data></write>
    <write><data>\xc4\xc5\x00\x00\x00\x0e</data></write>
    <write><data>\x97\x3d\x00\x00\x03\x7e\x00\x00\x00e\x00\x00\x00\x0f</data></write>
    <write><data>\xa0\x97\x00\x00\x00\x06</data></write>
    <read><length>4</length><match><data>\xf5\xa5.\xfb</data></match></read>
    <write><data>\xc4\xc5\x00\x00\x00\x0a</data></write>
    <write><data>\xe9\x25\x00\x00\x00\x02\x00\x00\x02\x00\x00\x00\x00\x13</data></write>
    <write><data>q\xb8\x00\x00\x01\x8f\x00\x00\x01\x90\x00\x00\x00\x12</data></write>
    <write><data>\x97\x3d\x00\x00\x00\x0a\x00\x00\x02.\x00\x00\x00\x0f</data></write>
    <write><data>q\xb8\x00\x00\x00\x0d\x00\x00\x00\x15\x00\x00\x03\xc2</data></write>
    <write><data>\xe9\x25\x00\x00\x00\x06\x00\x00\x00\x0c\x00\x00\x00\x07</data></write>
    <write><data>\x15\x10\x00\x00\x01\x8f\x00\x00\x01\x90\x00\x00\x00\x13</data></write>
    <write><data>\xa0\x97\x00\x00\x00f</data></write>
    <read><length>4</length><match><data>\x17\xca\xd1\x40</data></match></read>
    <write><data>\xc4\xc5\x00\x00\x00\x02</data></write>
    <write><data>AA\xa7Wc\x28\x00\x00\x00\x02\x83\xbc\x91u</data></write>
    <write><data>\x15\x10\x00\x00\x00\x0f\x00\x00\x00\x15\x00\x00\x00\x0a</data></write>
    <write><data>\x2cV\x00\x00\x02\xb6\x00\x00\x01I\x00\x00\x03\x10</data></write>
    <write><data>\x2cV\x00\x00\x00\xc2\x00\x00\x02\xb6\x00\x00\x00\x02</data></write>
    <write><data>\xa0\x97\x00\x00\x00\x5f</data></write>
    <read><length>4</length><match><data>\xb9c8\x29</data></match></read>
    <write><data>\xc4\xc5\x00\x00\x00\x01</data></write>
    <write><data>\x15\x10\x00\x00\x03G\x00\x00\x03H\x00\x00\x00\x0d</data></write>
    <write><data>\xc4\xc5\x00\x00\x00\x11</data></write>
    <write><data>\xe9\x25\x00\x00\x00\x05\x00\x00\x02\xb6\x00\x00\x00\x02</data></write>
    <write><data>\xa0\x97\x00\x00\x00\x01</data></write>
    <read><length>4</length><match><data>\xb0\x18\x1c\x27</data></match></read>
    <write><data>\x97\x3d\x00\x00\x00\xec\x00\x00\x00f\x00\x00\x00\x11</data></write>
    <write><data>\x2cV\x00\x00\x00\x0f\x00\x00\x00\x0d\x00\x00\x00\x14</data></write>
    <write><data>\xa0\x97\x00\x00\x00\x5f</data></write>
    <read><length>4</length><match><data>\xb9c8\x29</data></match></read>
    <write><data>\xe9\x25\x00\x00\x03\x7e\x00\x00\x00\x09\x00\x00\x00\x10</data></write>
    <write><data>\x2cV\x00\x00\x03G\x00\x00\x03\x10\x00\x00\x00\x12</data></write>
    <write><data>AA\xa7Wc\x28\x00\x00\x00\x06\xd7\x2b\x8e\x3d</data></write>
    <write><data>q\xb8\x00\x00\x03\x10\x00\x00\x03\x11\x00\x00\x00\x0a</data></write>
    <write><data>\x97\x3d\x00\x00\x02\xb6\x00\x00\x00\x14\x00\x00\x00\x09</data></write>
    <write><data>\xa0\x97\x00\x00\x00\xb4</data></write>
    <read><length>4</length><match><data>\x11\xf1\x7e\x95</data></match></read>
    <write><data>P\x5e</data></write>
    <read><length>4</length><match><data>\x00\x00P\x5e</data></match></read>
    <write><data>\x15\x10\x00\x00\x03\xc2\x00\x00\x03\xc3\x00\x00\x00\x0b</data></write>
    <write><data>\x97\x3d\x00\x00\x00\xc1\x00\x00\x00\x0d\x00\x00\x01\x9b</data></write>
    <write><data>\x2cV\x00\x00\x00\xab\x00\x00\x00q\x00\x00\x00\x02</data></write>
    <write><data>AA\xa7Wc\x28\x00\x00\x00\x10\x80!\x9fN</data></write>
    <write><data>\xa0\x97\x00\x00\x00\x0e</data></write>
    <read><length>4</length><match><data>\x13\x23\xcb\xf8</data></match></read>
    <write><data>AA\xa7Wc\x28\x00\x00\x00\x0bA\xae\xc9\xeb</data></write>
    <write><data>\x2cV\x00\x00\x01I\x00\x00\x00K\x00\x00\x00\x09</data></write>
    <write><data>q\xb8\x00\x00\x00\x0b\x00\x00\x00\x15\x00\x00\x00\x10</data></write>
    <write><data>AA\x84\xf3\x0d\xc7</data></write>
    <write><data>\x97\x3d\x00\x00\x03\x10\x00\x00\x00\xb4\x00\x00\x00\x05</data></write>
    <write><data>\xa0\x97\x00\x00\x01\x01</data></write>
    <read><length>4</length><match><data> \x94\xf3\x00</data></match></read>
    <write><data>\x2cV\x00\x00\x01\x10\x00\x00\x00\x02\x00\x00\x00\x07</data></write>
    <write><data>\xe9\x25\x00\x00\x00\x01\x00\x00\x00K\x00\x00\x00\x0d</data></write>
    <write><data>\x2cV\x00\x00\x01r\x00\x00\x00\xc1\x00\x00\x00\x00</data></write>
    <write><data>\xe9\x25\x00\x00\x00\xab\x00\x00\x02h\x00\x00\x00\x01</data></write>
    <write><data>\x15\x10\x00\x00\x00\x0b\x00\x00\x00\x15\x00\x00\x00\x12</data></write>
    <write><data>\x97\x3d\x00\x00\x00e\x00\x00\x00\xbd\x00\x00\x00\x08</data></write>
    <write><data>q\xb8\x00\x00\x00\xbd\x00\x00\x00\xbe\x00\x00\x00\x08</data></write>
    <write><data>q\xb8\x00\x00\x02.\x00\x00\x02\x2f\x00\x00\x00\x0c</data></write>
    <write><data>q\xb8\x00\x00\x00\x0a\x00\x00\x00\x15\x00\x00\x00\x11</data></write>
    <write><data>AA\x8c:\xec\xda</data></write>
    <write><data> d\x00\x00\x00\x13\xd5\x1d!V</data></write>
    <write><data>\x15\x10\x00\x00\x01\xba\x00\x00\x01\xbb\x00\x00\x00\x08</data></write>
    <write><data>AA\xa7Wc\x28\x00\x00\x00\x10\xf47\x40K</data></write>
    <write><data> d\x00\x00\x00\x13\x7f\xa9f\xfb</data></write>
    <write><data>AA\xa7Wc\x28\x00\x00\x00\x09\x8d\xde\x80j</data></write>
    <write><data>\x97\x3d\x00\x00\x00\xb4\x00\x00\x03\x10\x00\x00\x00\x12</data></write>
    <write><data>\xc4\xc5\x00\x00\x00\x12</data></write>
    <write><data>q\xb8\x00\x00\x03\x10\x00\x00\x03\x11\x00\x00\x01H</data></write>
    <write><data>AAR\xca\xe6M</data></write>
    <write><data>\xc4\xc5\x00\x00\x00\x0d</data></write>
    <write><data> d\x00\x00\x00\x12\x81\x23\xde9</data></write>
    <write><data>\xc4\xc5\x00\x00\x00\x0d</data></write>
    <write><data>\xe9\x25\x00\x00\x01\x10\x00\x00\x00\x07\x00\x00\x00\x03</data></write>
    <write><data>\xc4\xc5\x00\x00\x00\x11</data></write>
    <write><data>AA\x2c\x99p\xb7</data></write>
    <write><data>\x2cV\x00\x00\x00K\x00\x00\x00e\x00\x00\x00\x02</data></write>
    <write><data>\x2cV\x00\x00\x00\x00\x00\x00\x00\x09\x00\x00\x00\x0c</data></write>
    <write><data>\xc4\xc5\x00\x00\x00\x14</data></write>
    <write><data>q\xb8\x00\x00\x01\x8f\x00\x00\x01\x90\x00\x00\x00\x12</data></write>
    <write><data>\x97\x3d\x00\x00\x00\x08\x00\x00\x00\x0a\x00\x00\x00\x0a</data></write>
    <write><data>q\xb8\x00\x00\x01\x9b\x00\x00\x01\x9c\x00\x00\x00\x07</data></write>
    <write><data> d\x00\x00\x00\x0c\x40\xf1\xc4s</data></write>
    <write><data>r\xc5</data></write>
    <read><length>4</length><match><data>\x00\x00r\xc5</data></match></read>
    <write><data>\x2cV\x00\x00\x00\x06\x00\x00\x03\x3b\x00\x00\x00\x0f</data></write>
    <write><data>q\xb8\x00\x00\x00\x12\x00\x00\x00\x15\x00\x00\x00\x14</data></write>
    <write><data>\x97\x3d\x00\x00\x01\x01\x00\x00\x00\x05\x00\x00\x00\x0b</data></write>
    <write><data> d\x00\x00\x02\x25G.\xb4\xfe</data></write>
    <write><data>\xe9\x25\x00\x00\x02\x7f\x00\x00\x02\x25\x00\x00\x010</data></write>
    <write><data>\xc4\xc5\x00\x00\x00\x11</data></write>
    <write><data> d\x00\x00\x03\x25\x04\xbd\x07\x3e</data></write>
    <write><data>\x15\x10\x00\x00\x00\x0c\x00\x00\x00\x15\x00\x00\x00\x06</data></write>
    <write><data> d\x00\x00\x00\x14l\xc8\x7e\x28</data></write>
    <write><data>AA\xe5\x24\xd8\xd1</data></write>
    <write><data>\xe9\x25\x00\x00\x00\x02\x00\x00\x02.\x00\x00\x00\x0b</data></write>
    <write><data>\xe9\x25\x00\x00\x01I\x00\x00\x00f\x00\x00\x00\x00</data></write>
    <write><data>\x97\x3d\x00\x00\x02\x7f\x00\x00\x01\x86\x00\x00\x00\x14</data></write>
    <write><data>\xc4\xc5\x00\x00\x00\x04</data></write>
    <write><data>\x2cV\x00\x00\x01r\x00\x00\x00\x03\x00\x00\x00\x10</data></write>
    <write><data>\xe9\x25\x00\x00\x00\x1c\x00\x00\x00b\x00\x00\x00\x04</data></write>
    <write><data>\x15\x10\x00\x00\x03\x3b\x00\x00\x03\x3c\x00\x00\x00\x05</data></write>
    <write><data>\xe9\x25\x00\x00\x00\x0e\x00\x00\x00e\x00\x00\x00\x14</data></write>
    <write><data>AA\x3cz\xce!</data></write>
    <write><data>\xe9\x25\x00\x00\x00\xb4\x00\x00\x00\x09\x00\x00\x00\x04</data></write>
    <write><data>\xe9\x25\x00\x00\x010\x00\x00\x00\x01\x00\x00\x00\x02</data></write>
    <write><data>q\xb8\x00\x00\x00\x0c\x00\x00\x00\x15\x00\x00\x00\x7c</data></write>
    <write><data>\x15\x10\x00\x00\x01r\x00\x00\x01s\x00\x00\x00\x09</data></write>
    <write><data>\xc4\xc5\x00\x00\x00\x0e</data></write>
    <write><data>\x15\x10\x00\x00\x01p\x00\x00\x01q\x00\x00\x00\x02</data></write>
    <write><data>\x97\x3d\x00\x00\x01\x8f\x00\x00\x00\x09\x00\x00\x00\x13</data></write>
    <write><data> d\x00\x00\x00\x12\x15\xee\x3d\x9a</data></write>
    <write><data>\xa0\x97\x00\x00\x02\x25</data></write>
    <read><length>4</length><match><data>G.\xb4\xfe</data></match></read>
    <write><data>\xe9\x25\x00\x00\x00\x7c\x00\x00\x03\x10\x00\x00\x00\x01</data></write>
    <write><data>q\xb8\x00\x00\x00\x0c\x00\x00\x00\x15\x00\x00\x00\x0c</data></write>
    <write><data>\x27\xa0</data></write>
    <read><length>4</length><match><data>\x00\x00\x27\xa0</data></match></read>
    <write><data>\x97\x3d\x00\x00\x00\x00\x00\x00\x03\x25\x00\x00\x00\x10</data></write>
    <write><data>q\xb8\x00\x00\x00\x01\x00\x00\x00\x15\x00\x00\x00\x11</data></write>
    <write><data>\x2cV\x00\x00\x01\xba\x00\x00\x01r\x00\x00\x00\x02</data></write>
    <write><data>\x15\x10\x00\x00\x02\x25\x00\x00\x02\x26\x00\x00\x00\x05</data></write>
    <write><data>q\xb8\x00\x00\x00e\x00\x00\x00g\x00\x00\x00\x04</data></write>
    <write><data>\x2cV\x00\x00\x00\xec\x00\x00\x02.\x00\x00\x01q</data></write>
    <write><data>\x15\x10\x00\x00\x00\x09\x00\x00\x00\x15\x00\x00\x00\x0b</data></write>
    <write><data> d\x00\x00\x00\x05\xa9qy\x9d</data></write>
    <write><data>\xe9\x25\x00\x00\x00q\x00\x00\x00\x1c\x00\x00\x00\x0c</data></write>
    <write><data>\xc4\xc5\x00\x00\x00\x03</data></write>
    <write><data> d\x00\x00\x00\x13\x1e\x25\x8fm</data></write>
    <write><data>q\xb8\x00\x00\x00\x12\x00\x00\x00\x15\x00\x00\x00\x0c</data></write>
    <write><data>\xc4\xc5\x00\x00\x00\x11</data></write>
    <write><data>\xc4\xc5\x00\x00\x03\xaa</data></write>
    <write><data>\xc4\xc5\x00\x00\x00\x03</data></write>
    <write><data>\xc4\xc5\x00\x00\x00\x05</data></write>
    <write><data>\xc4\xc5\x00\x00\x00\x0b</data></write>
    <write><data>\x97\x3d\x00\x00\x00\x0a\x00\x00\x03G\x00\x00\x00\x05</data></write>
    <write><data>\xa0\x97\x00\x00\x02\xfb</data></write>
    <read><length>4</length><match><data> \x99\x99\x00</data></match></read>
    <write><data>\x15\x10\x00\x00\x03\x7e\x00\x00\x03\x7f\x00\x00\x00\x0f</data></write>
    <write><data>\x97\x3d\x00\x00\x02\x7f\x00\x00\x00\x0b\x00\x00\x00\x07</data></write>
    <write><data>AA\x16\xba\x95\xf9</data></write>
    <write><data>\xa0\x97\x00\x00\x00\x08</data></write>
    <read><length>4</length><match><data>\xae4\xc7f</data></match></read>
    <write><data>\x2cV\x00\x00\x03\xc2\x00\x00\x00\x02\x00\x00\x00\x00</data></write>
    <write><data>\x2cV\x00\x00\x00\x0b\x00\x00\x00\x01\x00\x00\x00\x0a</data></write>
    <write><data>\xc4\xc5\x00\x00\x00\x10</data></write>
    <write><data>\x2cV\x00\x00\x00\xec\x00\x00\x00\xec\x00\x00\x00\x0c</data></write>
    <write><data>\xc4\xc5\x00\x00\x00\x13</data></write>
    <write><data>\xc4\xc5\x00\x00\x00\x12</data></write>
    <write><data>\x15\x10\x00\x00\x03\xaa\x00\x00\x03\xab\x00\x00\x00\xa9</data></write>
    <write><data>q\xb8\x00\x00\x00\x1c\x00\x00\x00\x1d\x00\x00\x02\xa0</data></write>
    <write><data> d\x00\x00\x00\x0f\x94\x97\xb1p</data></write>
    <write><data>AA\xa7Wc\x28\x00\x00\x00\x03\xab\x0cK\x0a</data></write>
    <write><data>\x15\x10\x00\x00\x03\xaa\x00\x00\x03\xab\x00\x00\x00\x0f</data></write>
    <write><data>\x2cV\x00\x00\x00\x10\x00\x00\x01\x01\x00\x00\x00\x08</data></write>
    <write><data>\xe9\x25\x00\x00\x00\x05\x00\x00\x02\x00\x00\x00\x00\x01</data></write>
    <write><data>q\xb8\x00\x00\x00\xb4\x00\x00\x00\xb5\x00\x00\x00\x08</data></write>
    <write><data> d\x00\x00\x00\x03\xd1\x40\x92\x1f</data></write>
    <write><data>\x2cV\x00\x00\x00\x01\x00\x00\x00\x1c\x00\x00\x00\x07</data></write>
    <write><data>\xc4\xc5\x00\x00\x00\x01</data></write>
    <write><data>\x97\x3d\x00\x00\x00\x11\x00\x00\x00\x07\x00\x00\x00\x03</data></write>
    <write><data>\x97\x3d\x00\x00\x03\x3b\x00\x00\x02\x7f\x00\x00\x00\x13</data></write>
    <write><data>\xc4\xc5\x00\x00\x00\x04</data></write>
    <write><data>\x2cV\x00\x00\x00\x0b\x00\x00\x01\x10\x00\x00\x00\x0c</data></write>
    <write><data>\xc4\xc5\x00\x00\x00\x02</data></write>
    <write><data>AA\xa7Wc\x28\x00\x00\x00\x14\xce\x9d\x40\xc6</data></write>
    <write><data>\x97\x3d\x00\x00\x00\x07\x00\x00\x00\x03\x00\x00\x00\x00</data></write>
    <write><data>AA\xa7Wc\x28\x00\x00\x00\x05\x25\xf2\xb5\x2a</data></write>
    <write><data>\x2cV\x00\x00\x00\x0a\x00\x00\x00\x1c\x00\x00\x00\x13</data></write>
    <write><data>\x2cV\x00\x00\x00\x00\x00\x00\x00\x0c\x00\x00\x00\x05</data></write>
    <write><data>\xe9\x25\x00\x00\x00f\x00\x00\x01\x10\x00\x00\x00\x01</data></write>
    <write><data>\xe9\x25\x00\x00\x00\x03\x00\x00\x00q\x00\x00\x00\x0b</data></write>
    <write><data>\x97\x3d\x00\x00\x03\xaa\x00\x00\x00\x13\x00\x00\x00\x01</data></write>
    <write><data>\x2cV\x00\x00\x00\x01\x00\x00\x02\x25\x00\x00\x00\x0f</data></write>
    <write><data> d\x00\x00\x00\x12w\x5f\xf9\x5b</data></write>
    <write><data> d\x00\x00\x00\x03z\x40d\xbe</data></write>
    <write><data>\xc4\xc5\x00\x00\x00\x0d</data></write>
    <write><data>AA\xa7Wc\x28\x00\x00\x00\x11cO\x939</data></write>
    <write><data> d\x00\x00\x00\x13\xd9\xaf\xbeA</data></write>
    <write><data> d\x00\x00\x00\x04\x19y\x0c\x3c</data></write>
    <write><data>AAC\x0c\xef\x87</data></write>
    <write><data>\xc4\xc5\x00\x00\x00\x01</data></write>
    <write><data>\x97\x3d\x00\x00\x03\x10\x00\x00\x00b\x00\x00\x00\x14</data></write>
    <write><data>q\xb8\x00\x00\x00\x11\x00\x00\x00\x15\x00\x00\x00\x11</data></write>
    <write><data>\xc4\xc5\x00\x00\x00\x11</data></write>
    <write><data>\x2cV\x00\x00\x00q\x00\x00\x01\x8f\x00\x00\x00\x0a</data></write>
    <write><data>\x97\x3d\x00\x00\x00\x12\x00\x00\x01\x8f\x00\x00\x00\x14</data></write>
    <write><data>q\xb8\x00\x00\x00\x0f\x00\x00\x00\x15\x00\x00\x00\x0f</data></write>
    <write><data>\xe9\x25\x00\x00\x00\x12\x00\x00\x00\x0d\x00\x00\x00\x11</data></write>
    <write><data>q\xb8\x00\x00\x00\x7c\x00\x00\x00\x7d\x00\x00\x00\x03</data></write>
    <write><data>AA\xecJVL</data></write>
    <write><data>\x2cV\x00\x00\x01\x10\x00\x00\x00\x07\x00\x00\x00\x0b</data></write>
    <write><data>AA\xa7Wc\x28\x00\x00\x00\x11fe\x7c6</data></write>
    <write><data>\xc4\xc5\x00\x00\x00\x14</data></write>
    <write><data>\x2cV\x00\x00\x00\xc2\x00\x00\x00\x10\x00\x00\x00\x13</data></write>
    <write><data>\xe9\x25\x00\x00\x00\xec\x00\x00\x00\xbd\x00\x00\x00\x05</data></write>
    <write><data>\xc4\xc5\x00\x00\x00\x04</data></write>
    <write><data>\x15\x10\x00\x00\x00\x7c\x00\x00\x00\x7d\x00\x00\x00\x0a</data></write>
    <write><data>\x97\x3d\x00\x00\x01\x86\x00\x00\x00\x02\x00\x00\x00\x06</data></write>
    <write><data>\xa0\x97\x00\x00\x00b</data></write>
    <read><length>4</length><match><data>\x8fj9e</data></match></read>
    <write><data>\x2cV\x00\x00\x01q\x00\x00\x01r\x00\x00\x00\x01</data></write>
    <write><data> d\x00\x00\x00\x06\x0b\xc4\xa9\xa8</data></write>
    <write><data>q\xb8\x00\x00\x00\x03\x00\x00\x00\x15\x00\x00\x00\x14</data></write>
    <write><data>\xa0\x97\x00\x00\x00\xa9</data></write>
    <read><length>4</length><match><data>:7\xe4\xfc</data></match></read>
    <write><data> d\x00\x00\x00\x02\xa8\x5c\xce\xc8</data></write>
    <write><data>\x15\x10\x00\x00\x01\x86\x00\x00\x01\x87\x00\x00\x00\x13</data></write>
    <write><data>\xa0\x97\x00\x00\x00\x1c</data></write>
    <read><length>4</length><match><data> \x99\x99\x00</data></match></read>
    <write><data>\xa0\x97\x00\x00\x00\x02</data></write>
    <read><length>4</length><match><data>\xa8\x5c\xce\xc8</data></match></read>
    <write><data>\x2cV\x00\x00\x02\xa0\x00\x00\x00\x1c\x00\x00\x00\x11</data></write>
    <write><data>\x15\x10\x00\x00\x03\xaa\x00\x00\x03\xab\x00\x00\x00\x0f</data></write>
    <write><data>\xa0\x97\x00\x00\x03\x25</data></write>
    <read><length>4</length><match><data>\x04\xbd\x07\x3e</data></match></read>
    <write><data>\x97\x3d\x00\x00\x00\xec\x00\x00\x00\x5f\x00\x00\x00\x13</data></write>
    <write><data>\xa0\x97\x00\x00\x02\x00</data></write>
    <read><length>4</length><match><data>\x28Sw\x03</data></match></read>
    <write><data> d\x00\x00\x00\x09\xc0\xd1\xfa\xe6</data></write>
    <write><data>q\xb8\x00\x00\x01\x86\x00\x00\x01\x87\x00\x00\x00\x07</data></write>
    <write><data>\xe9\x25\x00\x00\x01p\x00\x00\x00e\x00\x00\x00\x12</data></write>
    <write><data>\x15\x10\x00\x00\x01\x10\x00\x00\x01\x11\x00\x00\x00G</data></write>
    <write><data>\x15\x10\x00\x00\x00\xc1\x00\x00\x00\xc3\x00\x00\x00\x05</data></write>
    <write><data>\xc4\xc5\x00\x00\x00\x0f</data></write>
    <write><data>\x15\x10\x00\x00\x00e\x00\x00\x00g\x00\x00\x00\x0d</data></write>
    <write><data>\x2cV\x00\x00\x01\x01\x00\x00\x00f\x00\x00\x00\x09</data></write>
    <write><data>\x97\x3d\x00\x00\x010\x00\x00\x00\x04\x00\x00\x00\x0c</data></write>
    <write><data>\xc4\xc5\x00\x00\x00\x10</data></write>
    <write><data>AA\xa7Wc\x28\x00\x00\x00\x05\xd3\x06\xc2\xc2</data></write>
    <write><data>\xc4\xc5\x00\x00\x00\x12</data></write>
    <write><data>\x97\x3d\x00\x00\x00\x0f\x00\x00\x00q\x00\x00\x02f</data></write>
    <write><data>\x97\x3d\x00\x00\x010\x00\x00\x010\x00\x00\x00\x11</data></write>
    <write><data>\x97\x3d\x00\x00\x00\x07\x00\x00\x02.\x00\x00\x00\x06</data></write>
    <write><data>\x15\x10\x00\x00\x00\x0c\x00\x00\x00\x15\x00\x00\x00\x04</data></write>
    <write><data>\xc4\xc5\x00\x00\x00\x0d</data></write>
    <write><data>\xe9\x25\x00\x00\x00\x02\x00\x00\x02\xb6\x00\x00\x02g</data></write>
    <write><data>\x97\x3d\x00\x00\x00\x0c\x00\x00\x01H\x00\x00\x00\x0b</data></write>
    <write><data>\x2cV\x00\x00\x02\xa0\x00\x00\x01\x86\x00\x00\x00\x0a</data></write>
    <write><data>\xa0\x97\x00\x00\x00\x08</data></write>
    <read><length>4</length><match><data>\x11\xf1\x7e\x95</data></match></read>
    <write><data>\x15\x10\x00\x00\x01\xba\x00\x00\x01\xbb\x00\x00\x00\x09</data></write>
    <write><data>\x2cV\x00\x00\x00\x0e\x00\x00\x00\xec\x00\x00\x00\x12</data></write>
    <write><data>\x2cV\x00\x00\x00\xb4\x00\x00\x02\xa0\x00\x00\x00\x0a</data></write>
    <write><data>\xa0\x97\x00\x00\x01\x8f</data></write>
    <read><length>4</length><match><data>\x81\xa5\x17\xad</data></match></read>
    <write><data>\xc4\xc5\x00\x00\x00\x06</data></write>
    <write><data>\x15\x10\x00\x00\x00\x7c\x00\x00\x00\x7d\x00\x00\x00\x11</data></write>
    <write><data>\xe9\x25\x00\x00\x02h\x00\x00\x02\x7f\x00\x00\x00\x08</data></write>
    <write><data>\xe9\x25\x00\x00\x01H\x00\x00\x00\x11\x00\x00\x00\x05</data></write>
    <write><data>\x2cV\x00\x00\x01\x8f\x00\x00\x01q\x00\x00\x00\x01</data></write>
    <write><data>AA\xa7Wc\x28\x00\x00\x00\x00\xb4\xfa\x0f\xa3</data></write>
    <write><data>\xe9\x25\x00\x00\x01q\x00\x00\x00K\x00\x00\x00\x14</data></write>
    <write><data>\x15\x10\x00\x00\x00e\x00\x00\x00g\x00\x00\x00\x07</data></write>
    <write><data>\x97\x3d\x00\x00\x03G\x00\x00\x00\x7c\x00\x00\x01\x96</data></write>
    <write><data>\xa0\x97\x00\x00\x00\x1c</data></write>
    <read><length>4</length><match><data> \x99\x99\x00</data></match></read>
    <write><data>I\xf4</data></write>
    <read><length>4</length><match><data>\x00\x00I\xf4</data></match></read>
    <write><data>q\xb8\x00\x00\x00\x0c\x00\x00\x00\x15\x00\x00\x00\x00</data></write>
    <write><data>q\xb8\x00\x00\x00\x7c\x00\x00\x00\x7d\x00\x00\x00\x05</data></write>
    <write><data>\xa0\x97\x00\x00\x02\x7f</data></write>
    <read><length>4</length><match><data>\xd9X:\xae</data></match></read>
    <write><data>\x97\x3d\x00\x00\x02\xfb\x00\x00\x00\x00\x00\x00\x00\x0a</data></write>
    <write><data>\xe9\x25\x00\x00\x03G\x00\x00\x00\x0e\x00\x00\x00\x0d</data></write>
    <write><data>AAZ\xb40\xb8</data></write>
    <write><data> d\x00\x00\x00\x07\x8a\x84n\x9b</data></write>
    <write><data>\xc4\xc5\x00\x00\x00\x00</data></write>
    <write><data>\xe9\x25\x00\x00\x01r\x00\x00\x03\x3b\x00\x00\x00\x11</data></write>
    <write><data>q\xb8\x00\x00\x00\x1c\x00\x00\x00\x1d\x00\x00\x00\x0d</data></write>
    <write><data> d\x00\x00\x00\x12E1\xc9\xf0</data></write>
    <write><data>q\xb8\x00\x00\x01p\x00\x00\x01s\x00\x00\x00\x0a</data></write>
    <write><data>\xc4\xc5\x00\x00\x00\x08</data></write>
    <write><data>\xc4\xc5\x00\x00\x00\x02</data></write>
    <write><data>\x97\x3d\x00\x00\x00\x5f\x00\x00\x00\x0a\x00\x00\x00\x06</data></write>
    <write><data> d\x00\x00\x00\x11\xa26\x5e\x29</data></write>
    <write><data>q\xb8\x00\x00\x00\x02\x00\x00\x00\x15\x00\x00\x00\x05</data></write>
    <write><data>AA\xa7Wc\x28\x00\x00\x00\x0bPx\xd8t</data></write>
    <write><data>\xe9\x25\x00\x00\x00e\x00\x00\x03G\x00\x00\x00\x02</data></write>
    <write><data>\xa0\x97\x00\x00\x00\x5f</data></write>
    <read><length>4</length><match><data>\xb9c8\x29</data></match></read>
    <write><data>\xc4\xc5\x00\x00\x03\x95</data></write>
    <write><data>\xc4\xc5\x00\x00\x00\x0b</data></write>
    <write><data>q\xb8\x00\x00\x03G\x00\x00\x03H\x00\x00\x00\x0e</data></write>
    <write><data>\x15\x10\x00\x00\x00\x01\x00\x00\x00\x15\x00\x00\x00\x07</data></write>
    <write><data>\x15\x10\x00\x00\x03\x7e\x00\x00\x03\x7f\x00\x00\x03\xa1</data></write>
    <write><data>AAQ\x18u\x8a</data></write>
    <write><data>\x15\x10\x00\x00\x00\x00\x00\x00\x00\x15\x00\x00\x00\x0e</data></write>
    <write><data>q\xb8\x00\x00\x00\x14\x00\x00\x00\x15\x00\x00\x00\x11</data></write>
    <write><data>\x97\x3d\x00\x00\x00\x02\x00\x00\x01\x86\x00\x00\x00\x04</data></write>
    <write><data>\x15\x10\x00\x00\x00\xec\x00\x00\x00\xed\x00\x00\x03\x26</data></write>
    <write><data>\xc4\xc5\x00\x00\x00\x09</data></write>
    <write><data>\xa0\x97\x00\x00\x00\x0f</data></write>
    <read><length>4</length><match><data>X\xdd\x14\x1a</data></match></read>
    <write><data>\x97\x3d\x00\x00\x00\x5f\x00\x00\x03\x3b\x00\x00\x00\x10</data></write>
    <write><data>\x2cV\x00\x00\x01\x96\x00\x00\x00\x0d\x00\x00\x00\x06</data></write>
    <write><data>\x97\x3d\x00\x00\x00\x0f\x00\x00\x00\xa9\x00\x00\x00\x07</data></write>
    <write><data>\xa0\x97\x00\x00\x00q</data></write>
    <read><length>4</length><match><data>8\xc8\x90x</data></match></read>
    <write><data>q\xb8\x00\x00\x01\xba\x00\x00\x01\xbb\x00\x00\x00\x02</data></write>
    <write><data>\x97\x3d\x00\x00\x01\x10\x00\x00\x00\x05\x00\x00\x00\x0b</data></write>
    <write><data>AA\xe1U0T</data></write>
    <write><data>AA\xa7Wc\x28\x00\x00\x00\x04y\xffG\x3d</data></write>
    <write><data>\x15\x10\x00\x00\x00\x04\x00\x00\x00\x15\x00\x00\x00\x0c</data></write>
    <write><data>q\xb8\x00\x00\x00\xab\x00\x00\x00\xac\x00\x00\x00\x01</data></write>
    <write><data>AA\xa7Wc\x28\x00\x00\x00\x0c\x94\x29\xf8\x82</data></write>
    <write><data>\xa0\x97\x00\x00\x00\x02</data></write>
    <read><length>4</length><match><data>\xae4\xc7f</data></match></read>
    <write><data>\x15\x10\x00\x00\x01r\x00\x00\x01s\x00\x00\x01\xea</data></write>
    <write><data>\xe9\x25\x00\x00\x01\x01\x00\x00\x03\xa1\x00\x00\x00\x0b</data></write>
    <write><data> d\x00\x00\x00\x12\x8fg\xd4\x84</data></write>
    <write><data>q\xb8\x00\x00\x00G\x00\x00\x00H\x00\x00\x00\x00</data></write>
    <write><data>\x97\x3d\x00\x00\x03\x95\x00\x00\x03\xaa\x00\x00\x00\x03</data></write>
    <write><data>\x2cV\x00\x00\x02\x7f\x00\x00\x01p\x00\x00\x00\x0a</data></write>
    <write><data>\x97\x3d\x00\x00\x00f\x00\x00\x00\x14\x00\x00\x00\x01</data></write>
    <write><data>AA\xa7Wc\x28\x00\x00\x00\x0c\xd3\x0e\x7d\xb9</data></write>
    <write><data>AA\xa7Wc\x28\x00\x00\x001\x2a5\xd0k</data></write>
    <write><data>\xa0\x97\x00\x00\x02\xb6</data></write>
    <read><length>4</length><match><data>\xa0\x80\x00\x00</data></match></read>
    <write><data> d\x00\x00\x00\x01\xff\x905\xbe</data></write>
    <write><data>\x15\x10\x00\x00\x00\x14\x00\x00\x00\x15\x00\x00\x00\x0d</data></write>
    <write><data>\xc4\xc5\x00\x00\x00\x11</data></write>
    <write><data>\xc4\xc5\x00\x00\x00\x10</data></write>
    <write><data>AA\xa7Wc\x28\x00\x00\x00\x0f\xa65\xd03</data></write>
    <write><data> d\x00\x00\x02\xc0\x5ex\xa7D</data></write>
    <write><data>\xc4\xc5\x00\x00\x00\x07</data></write>
    <write><data>\x15\x10\x00\x00\x00\x0d\x00\x00\x00\x15\x00\x00\x02\xc4</data></write>
    <write><data>AA\xa7Wc\x28\x00\x00\x00\x09\xd9\xc9k.</data></write>
    <write><data>\xe9\x25\x00\x00\x01p\x00\x00\x02\x00\x00\x00\x00\x03</data></write>
    <write><data>AA\xc7\xcc\xc9\x82</data></write>
    <write><data>q\xb8\x00\x00\x00\xa9\x00\x00\x00\xaa\x00\x00\x00\x07</data></write>
    <write><data>AA.N\xe8\xe1</data></write>
    <write><data>\x15\x10\x00\x00\x00b\x00\x00\x00c\x00\x00\x00\x06</data></write>
    <write><data>\xc4\xc5\x00\x00\x02\x0b</data></write>
    <write><data>AA\xa7Wc\x28\x00\x00\x00\x03\x26\xe3I\x27</data></write>
    <write><data>\x2cV\x00\x00\x01p\x00\x00\x00\xc1\x00\x00\x00\x10</data></write>
    <write><data>\x2cV\x00\x00\x01\x10\x00\x00\x02f\x00\x00\x00\x09</data></write>
    <write><data>\xa0\x97\x00\x00\x01\xea</data></write>
    <read><length>4</length><match><data>I\xf1O\xe2</data></match></read>
    <write><data>AA\x2f\xebpx</data></write>
    <write><data>\xe9\x25\x00\x00\x00\x00\x00\x00\x00\x10\x00\x00\x00\x10</data></write>
    <write><data>\x97\x3d\x00\x00\x02\xc0\x00\x00\x00\x06\x00\x00\x00\x09</data></write>
    <write><data>AA\xa7Wc\x28\x00\x00\x00\x09\xaf\xdb\x2aP</data></write>
    <write><data>q\xb8\x00\x00\x03\xa1\x00\x00\x03\xa2\x00\x00\x00\x06</data></write>
    <write><data>AA\xa7Wc\x28\x00\x00\x00\x09\xfc\xc4\x02\x0c</data></write>
    <write><data> d\x00\x00\x00\x0f3\xa9\x97\x27</data></write>
    <write><data> d\x00\x00\x00\x03\xff\x7e\xaa\x8c</data></write>
    <write><data>AA\xa7Wc\x28\x00\x00\x00\x043\x5f\xeb\xe3</data></write>
    <write><data>\x15\x10\x00\x00\x00G\x00\x00\x00H\x00\x00\x00\x0e</data></write>
    <write><data>\xa0\x97\x00\x00\x03\x95</data></write>
    <read><length>4</length><match><data>G\x0e\xfcC</data></match></read>
    <write><data>\x15\x10\x00\x00\x03\x26\x00\x00\x03\x27\x00\x00\x00\x07</data></write>
    <write><data>AA\xb0\xbd\xd6\x2f</data></write>
    <write><data>\xe9\x25\x00\x00\x00f\x00\x00\x00\x12\x00\x00\x00\x03</data></write>
    <write><data>\x2cV\x00\x00\x00\xab\x00\x00\x02\xfb\x00\x00\x00\x02</data></write>
    <write><data>\xa0\x97\x00\x00\x03\x95</data></write>
    <read><length>4</length><match><data>G\x0e\xfcC</data></match></read>
    <write><data>AA\xa7Wc\x28\x00\x00\x00\x0d\x0b\xa9\xfd\x9e</data></write>
    <write><data>\x15\x10\x00\x00\x02\x25\x00\x00\x02\x26\x00\x00\x00\x0e</data></write>
    <write><data>\xc4\xc5\x00\x00\x00\x0b</data></write>
    <write><data> d\x00\x00\x00\x0aLhu6</data></write>
    <write><data>\xa0\x97\x00\x00\x03\x3b</data></write>
    <read><length>4</length><match><data>\x00\xd3\x9f\xbe</data></match></read>
    <write><data>AA\xaa\x96\x9a\x80</data></write>
    <write><data>\xc4\xc5\x00\x00\x00\x11</data></write>
    <write><data>\x2cV\x00\x00\x00\xb4\x00\x00\x03\xc2\x00\x00\x00\x11</data></write>
    <write><data>\x2cV\x00\x00\x02h\x00\x00\x01\x9b\x00\x00\x00\x00</data></write>
    <write><data>\xe9\x25\x00\x00\x02\x7f\x00\x00\x00\xec\x00\x00\x00\x0f</data></write>
    <write><data>\xa0\x97\x00\x00\x02\xc4</data></write>
    <read><length>4</length><match><data>\x00\x00\x00\x00</data></match></read>
    <write><data>\xa0\x97\x00\x00\x02f</data></write>
    <read><length>4</length><match><data> \x14\x83\xa2</data></match></read>
    <write><data>AA\xa7Wc\x28\x00\x00\x00\x087\x8bh\x29</data></write>
    <write><data>AA\x84\x7d\x403</data></write>
    <write><data> d\x00\x00\x00\x04\xf4\xe1\xc9g</data></write>
    <write><data>\x15\x10\x00\x00\x01\x9b\x00\x00\x01\x9c\x00\x00\x00\x07</data></write>
    <write><data> d\x00\x00\x00\x03\x0fDN1</data></write>
    <write><data>AA\xa7Wc\x28\x00\x00\x00\x09R\xc8\x5d\x2c</data></write>
    <write><data>\xc4\xc5\x00\x00\x00\x03</data></write>
    <write><data>\x97\x3d\x00\x00\x01r\x00\x00\x00\xb4\x00\x00\x00\x0e</data></write>
    <write><data>\x97\x3d\x00\x00\x03\x3b\x00\x00\x00\x00\x00\x00\x00\x01</data></write>
    <write><data>q\xb8\x00\x00\x01\xfd\x00\x00\x01\xfe\x00\x00\x00\x12</data></write>
    <write><data>AAb\x98\x95\x90</data></write>
    <write><data>AA\xba\xbf\xb9\xc6</data></write>
    <write><data> d\x00\x00\x00\x13v\xea\x04\xc4</data></write>
    <write><data>\xc4\xc5\x00\x00\x00\x09</data></write>
    <write><data>AA\xa7Wc\x28\x00\x00\x00\x0a\xe0\xe4\xfc\x8a</data></write>
    <write><data>\x2cV\x00\x00\x00\x06\x00\x00\x00\x05\x00\x00\x00\x0e</data></write>
    <write><data>\x2cV\x00\x00\x00\x09\x00\x00\x00\xb4\x00\x00\x00\x0d</data></write>
    <write><data>\xc4\xc5\x00\x00\x00\x14</data></write>
    <write><data>\xa0\x97\x00\x00\x00\x11</data></write>
    <read><length>4</length><match><data>r.\x3dc</data></match></read>
    <write><data>\x97\x3d\x00\x00\x00b\x00\x00\x00\x00\x00\x00\x00\x00</data></write>
    <write><data>q\xb8\x00\x00\x00\x12\x00\x00\x00\x15\x00\x00\x00\x82</data></write>
    <write><data>\xc4\xc5\x00\x00\x00\x14</data></write>
    <write><data>q\xb8\x00\x00\x00\x10\x00\x00\x00\x15\x00\x00\x00\x04</data></write>
    <write><data>q\xb8\x00\x00\x00\x02\x00\x00\x00\x15\x00\x00\x00\x09</data></write>
    <write><data>\x15\x10\x00\x00\x00\x14\x00\x00\x00\x15\x00\x00\x00\x11</data></write>
    <write><data>\x97\x3d\x00\x00\x001\x00\x00\x01\x8f\x00\x00\x00\x10</data></write>
    <write><data>AA\xa7Wc\x28\x00\x00\x00\x0b\xd2\xd1\xd1\x97</data></write>
    <write><data>\x97\x3d\x00\x00\x00\x05\x00\x00\x00\x0f\x00\x00\x03\x7e</data></write>
    <write><data>\x97\x3d\x00\x00\x01q\x00\x00\x00\x0e\x00\x00\x00\x01</data></write>
    <write><data>\xa0\x97\x00\x00\x00\x02</data></write>
    <read><length>4</length><match><data>\x16bV\x90</data></match></read>
    <write><data>\x15\x10\x00\x00\x01\x96\x00\x00\x01\x97\x00\x00\x00\x13</data></write>
    <write><data> d\x00\x00\x00\x0f\x7e\xb5\xbd\xe8</data></write>
    <write><data>\xe9\x25\x00\x00\x02\xb6\x00\x00\x00\x10\x00\x00\x00\x04</data></write>
    <write><data>q\xb8\x00\x00\x00\x09\x00\x00\x00\x15\x00\x00\x00\x0d</data></write>
    <write><data> d\x00\x00\x00\x10\x5c\xd2\xd2\xf3</data></write>
    <write><data>q\xb8\x00\x00\x00\x08\x00\x00\x00\x15\x00\x00\x00\xef</data></write>
    <write><data>AA\x19\xf1\xd1m</data></write>
    <write><data>\xc4\xc5\x00\x00\x01Q</data></write>
    <write><data>\x15\x10\x00\x00\x00\xb4\x00\x00\x00\xb5\x00\x00\x00\x11</data></write>
    <write><data>\x2cV\x00\x00\x00\x07\x00\x00\x001\x00\x00\x00\x02</data></write>
    <write><data> d\x00\x00\x00\x08u\xbb\xb7\x10</data></write>
    <write><data> d\x00\x00\x00\x07\x9a\x154A</data></write>
    <write><data>\xa0\x97\x00\x00\x00\x07</data></write>
    <read><length>4</length><match><data>\x9a\x154A</data></match></read>
    <write><data>\x97\x3d\x00\x00\x00\x0b\x00\x00\x00\x07\x00\x00\x00\x04</data></write>
    <write><data>\xe9\x25\x00\x00\x01\x96\x00\x00\x00\x10\x00\x00\x00\x0f</data></write>
    <write><data>\xe9\x25\x00\x00\x00\x10\x00\x00\x00\xa9\x00\x00\x00\x10</data></write>
    <write><data>\x15\x10\x00\x00\x03\x95\x00\x00\x03\x96\x00\x00\x00\x0b</data></write>
    <write><data>q\xb8\x00\x00\x00\x0e\x00\x00\x00\x15\x00\x00\x00\x14</data></write>
    <write><data>\x2cV\x00\x00\x00\x12\x00\x00\x00b\x00\x00\x00\x0c</data></write>
    <write><data>\xe9\x25\x00\x00\x01p\x00\x00\x01\x01\x00\x00\x00\x0d</data></write>
    <write><data>\x2cV\x00\x00\x00\x05\x00\x00\x01\x01\x00\x00\x00\x0e</data></write>
    <write><data>\x97\x3d\x00\x00\x00\xef\x00\x00\x03\x25\x00\x00\x00\x08</data></write>
    <write><data>AA\xa7Wc\x28\x00\x00\x00\x0d\x24\x99\xa63</data></write>
    <write><data> d\x00\x00\x00\x0d\xa3v\xa5\xe2</data></write>
    <write><data>\xc4\xc5\x00\x00\x00\x12</data></write>
    <write><data>\x2cV\x00\x00\x00b\x00\x00\x01\x86\x00\x00\x00\x0b</data></write>
    <write><data>\x15\x10\x00\x00\x00\x02\x00\x00\x00\x15\x00\x00\x00\x0c</data></write>
    <write><data>\xa0\x97\x00\x00\x00f</data></write>
    <read><length>4</length><match><data>\x17\xca\xd1\x40</data></match></read>
    <write><data>q\xb8\x00\x00\x02.\x00\x00\x02\x2f\x00\x00\x00\x00</data></write>
    <write><data>\xa0\x97\x00\x00\x03\x10</data></write>
    <read><length>4</length><match><data>K\x22\xddk</data></match></read>
    <write><data>\xc4\xc5\x00\x00\x00\x11</data></write>
    <write><data>\xa0\x97\x00\x00\x00\xc2</data></write>
    <read><length>4</length><match><data>8\xd8:\xae</data></match></read>
    <write><data>\xa0\x97\x00\x00\x00\x09</data></write>
    <read><length>4</length><match><data>n\xd8YG</data></match></read>
    <write><data>\x15\x10\x00\x00\x01\xba\x00\x00\x01\xbb\x00\x00\x00\x0b</data></write>
    <write><data>\xc4\xc5\x00\x00\x00\x0e</data></write>
    <write><data>q\xb8\x00\x00\x00q\x00\x00\x00r\x00\x00\x00\x10</data></write>
    <write><data>q\xb8\x00\x00\x00\x0b\x00\x00\x00\x15\x00\x00\x00\x02</data></write>
    <write><data>\xe9\x25\x00\x00\x01p\x00\x00\x01\x8f\x00\x00\x00\x07</data></write>
    <write><data> d\x00\x00\x00\x02\xb8w\xeeF</data></write>
    <write><data>\xe9\x25\x00\x00\x02\x25\x00\x00\x01Q\x00\x00\x00\x10</data></write>
    <write><data>\x2cV\x00\x00\x00\x07\x00\x00\x00\x04\x00\x00\x00\x0e</data></write>
    <write><data> d\x00\x00\x00\x0a\x7fx\x99R</data></write>
    <write><data> d\x00\x00\x00\x12\x0c\x2f\x96\xae</data></write>
    <write><data>AAV\xef\x0f\x5c</data></write>
    <write><data> d\x00\x00\x00\x02w\xb6\xa3\x40</data></write>
    <write><data>\xe9\x25\x00\x00\x01r\x00\x00\x02h\x00\x00\x00\x01</data></write>
    <write><data>AA\xa7Wc\x28\x00\x00\x00\x02z\x22\x9a\xfb</data></write>
    <write><data> d\x00\x00\x00\x04E\xd2\x9cm</data></write>
    <write><data> d\x00\x00\x00\x0d\x8b\x8d\xfb\x5d</data></write>
    <write><data> d\x00\x00\x00\x0c\x9d\x5e\xc8a</data></write>
    <write><data>\xe9\x25\x00\x00\x00\x06\x00\x00\x01\x01\x00\x00\x00\x07</data></write>
    <write><data>\x2cV\x00\x00\x03\xc2\x00\x00\x00\x02\x00\x00\x00\x12</data></write>
    <write><data> d\x00\x00\x00\x02\xf9\xec\xe8\xd9</data></write>
    <write><data>\x15\x10\x00\x00\x00\xef\x00\x00\x00\xf0\x00\x00\x00\x11</data></write>
    <write><data>\x2cV\x00\x00\x02\x00\x00\x00\x00\x10\x00\x00\x00\x12</data></write>
    <write><data>q\xb8\x00\x00\x00\xef\x00\x00\x00\xf0\x00\x00\x00\x0d</data></write>
    <write><data>\x97\x3d\x00\x00\x00e\x00\x00\x03\x25\x00\x00\x00\x02</data></write>
    <write><data>\x15\x10\x00\x00\x02\xc4\x00\x00\x02\xc5\x00\x00\x00\x03</data></write>
    <write><data>\x97\x3d\x00\x00\x00\x00\x00\x00\x03\x3b\x00\x00\x03\x91</data></write>
    <write><data>\x15\x10\x00\x00\x03\x91\x00\x00\x03\x92\x00\x00\x00\x08</data></write>
    <write><data>q\xb8\x00\x00\x00\xef\x00\x00\x00\xf0\x00\x00\x00\x06</data></write>
    <write><data> d\x00\x00\x00\x0b0s\x83\xb9</data></write>
    <write><data>\x97\x3d\x00\x00\x00\xbd\x00\x00\x02\xb6\x00\x00\x00\x08</data></write>
    <write><data>\x2cV\x00\x00\x02\xc4\x00\x00\x00\x14\x00\x00\x00\x13</data></write>
    <write><data>\x2cV\x00\x00\x00f\x00\x00\x00\xef\x00\x00\x00\x00</data></write>
    <write><data>AA\x8dD\xaf\xd1</data></write>
    <write><data> d\x00\x00\x00\x01Z\xe8\xdc\x5d</data></write>
    <write><data>AA\xa8\xac\x17Y</data></write>
    <write><data>\x15\x10\x00\x00\x02\x7f\x00\x00\x02\x80\x00\x00\x00\x0b</data></write>
    <write><data>AA\xa7Wc\x28\x00\x00\x00\x07D.\x14\x24</data></write>
    <write><data>\x97\x3d\x00\x00\x03\x91\x00\x00\x00\xa9\x00\x00\x00\x09</data></write>
    <write><data>q\xb8\x00\x00\x00\x0a\x00\x00\x00\x15\x00\x00\x00\x07</data></write>
    <write><data>\x97\x3d\x00\x00\x00\x82\x00\x00\x01\xfd\x00\x00\x00\x05</data></write>
    <write><data>\x2cV\x00\x00\x02\xc0\x00\x00\x03\xaa\x00\x00\x00\x05</data></write>
    <write><data>\x15\x10\x00\x00\x03\x91\x00\x00\x03\x92\x00\x00\x00\x13</data></write>
    <write><data>\xa0\x97\x00\x00\x02.</data></write>
    <read><length>4</length><match><data>\xae4\xc7f</data></match></read>
    <write><data>\x15\x10\x00\x00\x03\xaa\x00\x00\x03\xab\x00\x00\x00\x0f</data></write>
    <write><data>\xa0\x97\x00\x00\x00\x14</data></write>
    <read><length>4</length><match><data>\x2d\xe8\x03x</data></match></read>
    <write><data>\x15\x10\x00\x00\x01r\x00\x00\x01s\x00\x00\x00\x01</data></write>
    <write><data>\xc4\xc5\x00\x00\x00\x02</data></write>
    <write><data>\x97\x3d\x00\x00\x00\x01\x00\x00\x01\xfd\x00\x00\x00\x13</data></write>
    <write><data>AA\xe2N\xcb\x3d</data></write>
    <write><data>AA\xa7Wc\x28\x00\x00\x00\x02\xcb7m\xcc</data></write>
    <write><data> d\x00\x00\x00\x0e\x0a\xd1q\xa8</data></write>
    <write><data> d\x00\x00\x00\x05Q\x2b\xe2P</data></write>
    <write><data> d\x00\x00\x00\x10 u\xe2\xe2</data></write>
    <write><data>\x97\x3d\x00\x00\x00\x01\x00\x00\x00\x08\x00\x00\x00\x03</data></write>
    <write><data>q\xb8\x00\x00\x03\x26\x00\x00\x03\x27\x00\x00\x00\x11</data></write>
    <write><data>\x15\x10\x00\x00\x02f\x00\x00\x02i\x00\x00\x00\x13</data></write>
    <write><data>q\xb8\x00\x00\x01Q\x00\x00\x01R\x00\x00\x00\x05</data></write>
    <write><data>\x2cV\x00\x00\x02f\x00\x00\x01\x9b\x00\x00\x00\x09</data></write>
    <write><data>\xe9\x25\x00\x00\x00G\x00\x00\x00\xc1\x00\x00\x00\x0f</data></write>
    <write><data>\xa0\x97\x00\x00\x00b</data></write>
    <read><length>4</length><match><data>\x8fj9e</data></match></read>
    <write><data>\x15\x10\x00\x00\x03\x95\x00\x00\x03\x96\x00\x00\x00\x10</data></write>
    <write><data>\x97\x3d\x00\x00\x02g\x00\x00\x00\x08\x00\x00\x00\x08</data></write>
    <write><data>\x97\x3d\x00\x00\x00\x0a\x00\x00\x01\xfd\x00\x00\x00\x08</data></write>
    <write><data>\xe9\x25\x00\x00\x00\x08\x00\x00\x01\x9b\x00\x00\x00\x07</data></write>
    <write><data>\xe9\x25\x00\x00\x00q\x00\x00\x00\x0c\x00\x00\x00\x07</data></write>
    <write><data>\x97\x3d\x00\x00\x00\x7c\x00\x00\x00\x0c\x00\x00\x00\x05</data></write>
    <write><data>\x15\x10\x00\x00\x02\x0b\x00\x00\x02\x0c\x00\x00\x00\x09</data></write>
    <write><data>\x97\x3d\x00\x00\x00f\x00\x00\x00\x0f\x00\x00\x00\x05</data></write>
    <write><data>\xa0\x97\x00\x00\x01\x86</data></write>
    <read><length>4</length><match><data>\xa6\xae\x94\xd0</data></match></read>
    <write><data>\x15\x10\x00\x00\x00\xbd\x00\x00\x00\xbe\x00\x00\x00\x10</data></write>
    <write><data>\xe9\x25\x00\x00\x00\x5f\x00\x00\x01p\x00\x00\x00\x04</data></write>
    <write><data>\x2cV\x00\x00\x01\xfd\x00\x00\x00\x08\x00\x00\x00\x12</data></write>
    <write><data>\x97\x3d\x00\x00\x00\x00\x00\x00\x02\xb6\x00\x00\x00\xbe</data></write>
    <write><data>\x15\x10\x00\x00\x01\xba\x00\x00\x01\xbb\x00\x00\x00\x0e</data></write>
    <write><data>AAq\xc1\x8aD</data></write>
    <write><data>AA\xa7Wc\x28\x00\x00\x00\x04\xddB\x3d\x60</data></write>
    <write><data>q\xb8\x00\x00\x00\xef\x00\x00\x00\xf0\x00\x00\x00\x07</data></write>
    <write><data>AA\xa7Wc\x28\x00\x00\x00\x06\xf7\x2c\xa3\xf7</data></write>
    <write><data>\x97\x3d\x00\x00\x00\x13\x00\x00\x02\x0b\x00\x00\x00\x12</data></write>
    <write><data>\x15\x10\x00\x00\x03\x10\x00\x00\x03\x11\x00\x00\x00\x11</data></write>
    <write><data>\x2cV\x00\x00\x02\xc0\x00\x00\x00\xec\x00\x00\x00\x05</data></write>
    <write><data> d\x00\x00\x00\x11\xb1\xf6\xb7\xc2</data></write>
    <write><data>\xe9\x25\x00\x00\x01\xfd\x00\x00\x001\x00\x00\x00\x08</data></write>
    <write><data>\xe9\x25\x00\x00\x00\x0b\x00\x00\x00\xc1\x00\x00\x00\x14</data></write>
    <write><data>\x97\x3d\x00\x00\x00\x14\x00\x00\x01Q\x00\x00\x00\x0a</data></write>
    <write><data>\x15\x10\x00\x00\x00q\x00\x00\x00r\x00\x00\x00\x12</data></write>
    <write><data>\xc4\xc5\x00\x00\x00\x02</data></write>
    <write><data>AA\xa7Wc\x28\x00\x00\x00\x13\x09\x82\xa8\x93</data></write>
    <write><data> d\x00\x00\x00\x07Y\x28:f</data></write>
    <write><data>q\xb8\x00\x00\x00K\x00\x00\x00L\x00\x00\x00\x12</data></write>
    <write><data>\x15\x10\x00\x00\x01p\x00\x00\x01s\x00\x00\x00\x12</data></write>
    <write><data>\xa0\x97\x00\x00\x00\xc1</data></write>
    <read><length>4</length><match><data>n\x8b\xb3\x9e</data></match></read>
    <write><data>\x2cV\x00\x00\x02.\x00\x00\x03\x95\x00\x00\x00\x09</data></write>
    <write><data>\xe9\x25\x00\x00\x00K\x00\x00\x03\x25\x00\x00\x00\x01</data></write>
    <write><data>\x15\x10\x00\x00\x00\xa9\x00\x00\x00\xaa\x00\x00\x00\x08</data></write>
    <write><data>\xe9\x25\x00\x00\x00\x02\x00\x00\x00\x07\x00\x00\x02\x82</data></write>
    <write><data>\x2cV\x00\x00\x03\x25\x00\x00\x00\x06\x00\x00\x00\x0a</data></write>
    <write><data>\xe9\x25\x00\x00\x00\x0a\x00\x00\x01q\x00\x00\x02\x10</data></write>
    <write><data>\x15\x10\x00\x00\x00\x05\x00\x00\x00\x15\x00\x00\x00\x0b</data></write>
    <write><data>\xa0\x97\x00\x00\x02\xc4</data></write>
    <read><length>4</length><match><data>\x00\x00\x00\x00</data></match></read>
    <write><data>\xa0\x97\x00\x00\x01\x8f</data></write>
    <read><length>4</length><match><data>\x81\xa5\x17\xad</data></match></read>
    <write><data>\x2cV\x00\x00\x00b\x00\x00\x03\x3b\x00\x00\x00\x0b</data></write>
    <write><data>\xa0\x97\x00\x00\x00\xbe</data></write>
    <read><length>4</length><match><data>\xf4\xcb\x01\x12</data></match></read>
    <write><data> d\x00\x00\x00\x096g\x0dG</data></write>
    <write><data>\xa0\x97\x00\x00\x02\xb6</data></write>
    <read><length>4</length><match><data>\xa0\x80\x00\x00</data></match></read>
    <write><data>\x2cV\x00\x00\x01r\x00\x00\x03\x25\x00\x00\x00\x08</data></write>
    <write><data>\xe9\x25\x00\x00\x00G\x00\x00\x00\xa9\x00\x00\x00\x02</data></write>
    <write><data>\x15\x10\x00\x00\x01H\x00\x00\x01J\x00\x00\x00\x02</data></write>
    <write><data> d\x00\x00\x00\x08\x09\xd5\x25f</data></write>
    <write><data>\x97\x3d\x00\x00\x00\x02\x00\x00\x00\x07\x00\x00\x00\x01</data></write>
    <write><data> d\x00\x00\x00\x06\xb1a\x07\xc8</data></write>
    <write><data>\x97\x3d\x00\x00\x00\xbd\x00\x00\x01\xea\x00\x00\x00\x0b</data></write>
    <write><data>\xc4\xc5\x00\x00\x00\x10</data></write>
    <write><data>\xc4\xc5\x00\x00\x00\x13</data></write>
    <write><data>\xc4\xc5\x00\x00\x00\x5c</data></write>
    <write><data>AA\xa7Wc\x28\x00\x00\x00\x14t\xd4\x90\x8d</data></write>
    <write><data> d\x00\x00\x00\x0f\xc1\xb7\x9b\x60</data></write>
    <write><data>AA\xa7Wc\x28\x00\x00\x00\x055yF\xea</data></write>
    <write><data>\xc4\xc5\x00\x00\x00\x13</data></write>
    <write><data>\x97\x3d\x00\x00\x00\xc2\x00\x00\x00\x0a\x00\x00\x02\x9c</data></write>
    <write><data>\xa0\x97\x00\x00\x00\x09</data></write>
    <read><length>4</length><match><data>6g\x0dG</data></match></read>
    <write><data>\x2cV\x00\x00\x00\xb4\x00\x00\x03\x91\x00\x00\x00\x0b</data></write>
    <write><data>\xc4\xc5\x00\x00\x00\x03</data></write>
    <write><data> d\x00\x00\x00\x07\xcb\xe1S2</data></write>
    <write><data>\x97\x3d\x00\x00\x01p\x00\x00\x02\x9c\x00\x00\x00\x08</data></write>
    <write><data> d\x00\x00\x00\x0emI\xe04</data></write>
    <write><data>\xa0\x97\x00\x00\x02\xa0</data></write>
    <read><length>4</length><match><data> \x99\x99\x00</data></match></read>
    <write><data>q\xb8\x00\x00\x01Q\x00\x00\x01R\x00\x00\x00\x05</data></write>
    <write><data>\xc4\xc5\x00\x00\x00\x06</data></write>
    <write><data>\x15\x10\x00\x00\x01\x86\x00\x00\x01\x87\x00\x00\x02:</data></write>
    <write><data>AA\xa7Wc\x28\x00\x00\x00\x0d\xe8\x29\x3b\x8c</data></write>
    <write><data>\x97\x3d\x00\x00\x02\x9c\x00\x00\x02\x7f\x00\x00\x00\x0a</data></write>
    <write><data>\xc4\xc5\x00\x00\x00\x03</data></write>
    <write><data>\x2cV\x00\x00\x03G\x00\x00\x03\xc2\x00\x00\x00\x0a</data></write>
    <write><data>\xe9\x25\x00\x00\x03\xa1\x00\x00\x00\x5f\x00\x00\x00\x14</data></write>
    <write><data>\xa0\x97\x00\x00\x00\xc2</data></write>
    <read><length>4</length><match><data>8\xd8:\xae</data></match></read>
    <write><data>\xc4\xc5\x00\x00\x00\x08</data></write>
    <write><data>\x97\x3d\x00\x00\x01\xea\x00\x00\x00\x0f\x00\x00\x00\x00</data></write>
    <write><data>\x15\x10\x00\x00\x00\x0c\x00\x00\x00\x15\x00\x00\x00\x0f</data></write>
    <write><data>q\xb8\x00\x00\x03\x26\x00\x00\x03\x27\x00\x00\x00\x12</data></write>
    <write><data>AA\xa7Wc\x28\x00\x00\x00\x0de\xf9J\xb9</data></write>
    <write><data>\x97\x3d\x00\x00\x00\xec\x00\x00\x02g\x00\x00\x00\x12</data></write>
    <write><data>q\xb8\x00\x00\x02g\x00\x00\x02i\x00\x00\x00\x06</data></write>
    <write><data>\x2cV\x00\x00\x02\x10\x00\x00\x02f\x00\x00\x00\x07</data></write>
    <write><data>\x2cV\x00\x00\x03\x25\x00\x00\x01\x01\x00\x00\x00\x14</data></write>
    <write><data>AA\xa7Wc\x28\x00\x00\x00\x08n\xfb\xa3\x7e</data></write>
    <write><data>\x2cV\x00\x00\x01\x9b\x00\x00\x01r\x00\x00\x00\x08</data></write>
    <write><data>\xc4\xc5\x00\x00\x00\x10</data></write>
    <write><data>AA\x87\x60\xc37</data></write>
    <write><data>AA\xce\xdf\xe7\x1c</data></write>
    <write><data>\xa0\x97\x00\x00\x02\x82</data></write>
    <read><length>4</length><match><data>\xf2\xc3\x1c\xf6</data></match></read>
    <write><data>\xa0\x97\x00\x00\x00\x00</data></write>
    <read><length>4</length><match><data>\x889\xb4\x82</data></match></read>
    <write><data>\xa0\x97\x00\x00\x00\x01</data></write>
    <read><length>4</length><match><data>SE\xb0S</data></match></read>
    <write><data>\xa0\x97\x00\x00\x00\x02</data></write>
    <read><length>4</length><match><data>\xacm\xea\xb9</data></match></read>
    <write><data>\xa0\x97\x00\x00\x00\x03</data></write>
    <read><length>4</length><match><data>P\xa7\x7d\x9f</data></match></read>
    <write><data>\xa0\x97\x00\x00\x00\x04</data></write>
    <read><length>4</length><match><data>\xd5\xb0P\xa7</data></match></read>
    <write><data>\xa0\x97\x00\x00\x00\x05</data></write>
    <read><length>4</length><match><data>\xed\x25\xa1\xf9</data></match></read>
    <write><data>\xa0\x97\x00\x00\x00\x06</data></write>
    <read><length>4</length><match><data>\x80\x16!\xd3</data></match></read>
    <write><data>\xa0\x97\x00\x00\x00\x07</data></write>
    <read><length>4</length><match><data>\xa6H\x89z</data></match></read>
    <write><data>\xa0\x97\x00\x00\x00\x08</data></write>
    <read><length>4</length><match><data>\x97\xd0\xcd\xb6</data></match></read>
    <write><data>\xa0\x97\x00\x00\x00\x09</data></write>
    <read><length>4</length><match><data>6g\x0dG</data></match></read>
    <write><data>\xa0\x97\x00\x00\x00\x0a</data></write>
    <read><length>4</length><match><data>\x80\xe8\xf4\x98</data></match></read>
    <write><data>\xa0\x97\x00\x00\x00\x0b</data></write>
    <read><length>4</length><match><data>\xbfR\xa6\x3d</data></match></read>
    <write><data>\xa0\x97\x00\x00\x00\x0c</data></write>
    <read><length>4</length><match><data>\x9d\x5e\xc8a</data></match></read>
    <write><data>\xa0\x97\x00\x00\x00\x0d</data></write>
    <read><length>4</length><match><data>g\xb3\x88E</data></match></read>
    <write><data>\xa0\x97\x00\x00\x00\x0e</data></write>
    <read><length>4</length><match><data>mI\xe04</data></match></read>
    <write><data>\xa0\x97\x00\x00\x00\x0f</data></write>
    <read><length>4</length><match><data>\xe60\x00\x00</data></match></read>
    <write><data>\xa0\x97\x00\x00\x00\x10</data></write>
    <read><length>4</length><match><data>\x02o\x9b\x8a</data></match></read>
    <write><data>\xa0\x97\x00\x00\x00\x11</data></write>
    <read><length>4</length><match><data>\xb1\xf6\xb7\xc2</data></match></read>
    <write><data>\xa0\x97\x00\x00\x00\x12</data></write>
    <read><length>4</length><match><data>\xd4\xd8:\xae</data></match></read>
    <write><data>\xa0\x97\x00\x00\x00\x13</data></write>
    <read><length>4</length><match><data>\x10\x7f\x9f\xf2</data></match></read>
    <write><data>\xa0\x97\x00\x00\x00\x14</data></write>
    <read><length>4</length><match><data>\x25Q\xfa\x3e</data></match></read>
    <write><data>\xa0\x97\x00\x00\x02\x00</data></write>
    <read><length>4</length><match><data>\x28Sw\x03</data></match></read>
    <write><data>\xa0\x97\x00\x00\x00\x1c</data></write>
    <read><length>4</length><match><data> \x99\x99\x00</data></match></read>
    <write><data>\xa0\x97\x00\x00\x02\x25</data></write>
    <read><length>4</length><match><data>G.\xb4\xfe</data></match></read>
    <write><data>\xa0\x97\x00\x00\x02.</data></write>
    <read><length>4</length><match><data>\xae4\xc7f</data></match></read>
    <write><data>\xa0\x97\x00\x00\x001</data></write>
    <read><length>4</length><match><data>j\xed8\x12</data></match></read>
    <write><data>\xa0\x97\x00\x00\x02:</data></write>
    <read><length>4</length><match><data>\xa6\xae\x94\xd0</data></match></read>
    <write><data>\xa0\x97\x00\x00\x02f</data></write>
    <read><length>4</length><match><data> \x14\x83\xa2</data></match></read>
    <write><data>\xa0\x97\x00\x00\x02\x0b</data></write>
    <read><length>4</length><match><data>\xa2\xd5s\xa1</data></match></read>
    <write><data>\xa0\x97\x00\x00\x00G</data></write>
    <read><length>4</length><match><data>\xaa\xa2\xddk</data></match></read>
    <write><data>\xa0\x97\x00\x00\x00K</data></write>
    <read><length>4</length><match><data>\x00\x00\x00\x00</data></match></read>
    <write><data>\xa0\x97\x00\x00\x00\x5c</data></write>
    <read><length>4</length><match><data>y\x06\xedp</data></match></read>
    <write><data>\xa0\x97\x00\x00\x00\x5f</data></write>
    <read><length>4</length><match><data>\xb9c8\x29</data></match></read>
    <write><data>\xa0\x97\x00\x00\x02\x10</data></write>
    <read><length>4</length><match><data>\x864\x05\xd8</data></match></read>
    <write><data>\xa0\x97\x00\x00\x00b</data></write>
    <read><length>4</length><match><data>\x8fj9e</data></match></read>
    <write><data>\xa0\x97\x00\x00\x00e</data></write>
    <read><length>4</length><match><data>\x9e\xf4\x81S</data></match></read>
    <write><data>\xa0\x97\x00\x00\x00f</data></write>
    <read><length>4</length><match><data>\x17\xca\xd1\x40</data></match></read>
    <write><data>\xa0\x97\x00\x00\x02g</data></write>
    <read><length>4</length><match><data>d\x00\x00\x00</data></match></read>
    <write><data>\xa0\x97\x00\x00\x02h</data></write>
    <read><length>4</length><match><data>\x1c\x16!\xd3</data></match></read>
    <write><data>\xa0\x97\x00\x00\x00q</data></write>
    <read><length>4</length><match><data>8\xc8\x90x</data></match></read>
    <write><data>\xa0\x97\x00\x00\x00\x7c</data></write>
    <read><length>4</length><match><data>\x5chZ\xe9</data></match></read>
    <write><data>\xa0\x97\x00\x00\x02\x7f</data></write>
    <read><length>4</length><match><data>\xd9X:\xae</data></match></read>
    <write><data>\xa0\x97\x00\x00\x00\x82</data></write>
    <read><length>4</length><match><data>V\x09\x19!</data></match></read>
    <write><data>\xa0\x97\x00\x00\x02\x9c</data></write>
    <read><length>4</length><match><data>\xa9\x2d\xfa0</data></match></read>
    <write><data>\xa0\x97\x00\x00\x02\xa0</data></write>
    <read><length>4</length><match><data> \x99\x99\x00</data></match></read>
    <write><data>\xa0\x97\x00\x00\x00\xa9</data></write>
    <read><length>4</length><match><data>:7\xe4\xfc</data></match></read>
    <write><data>\xa0\x97\x00\x00\x00\xab</data></write>
    <read><length>4</length><match><data>\xf5\xc8\xbd\x90</data></match></read>
    <write><data>\xa0\x97\x00\x00\x00\xb4</data></write>
    <read><length>4</length><match><data>\x11\xf1\x7e\x95</data></match></read>
    <write><data>\xa0\x97\x00\x00\x02\xb6</data></write>
    <read><length>4</length><match><data>\xa0\x80\x00\x00</data></match></read>
    <write><data>\xa0\x97\x00\x00\x00\xbd</data></write>
    <read><length>4</length><match><data>\xb4\x1a\x92\xcb</data></match></read>
    <write><data>\xa0\x97\x00\x00\x00\xbe</data></write>
    <read><length>4</length><match><data>\xf4\xcb\x01\x12</data></match></read>
    <write><data>\xa0\x97\x00\x00\x02\xc0</data></write>
    <read><length>4</length><match><data>\x5ex\xa7D</data></match></read>
    <write><data>\xa0\x97\x00\x00\x00\xc1</data></write>
    <read><length>4</length><match><data>n\x8b\xb3\x9e</data></match></read>
    <write><data>\xa0\x97\x00\x00\x00\xc2</data></write>
    <read><length>4</length><match><data>8\xd8:\xae</data></match></read>
    <write><data>\xa0\x97\x00\x00\x02\xc4</data></write>
    <read><length>4</length><match><data>\x00\x00\x00\x00</data></match></read>
    <write><data>\xa0\x97\x00\x00\x00\xec</data></write>
    <read><length>4</length><match><data>8\xd8:\xae</data></match></read>
    <write><data>\xa0\x97\x00\x00\x00\xef</data></write>
    <read><length>4</length><match><data>\x7d\x80\x2f\xd2</data></match></read>
    <write><data>\xa0\x97\x00\x00\x02\xfb</data></write>
    <read><length>4</length><match><data> \x99\x99\x00</data></match></read>
    <write><data>\xa0\x97\x00\x00\x01\x01</data></write>
    <read><length>4</length><match><data> \x94\xf3\x00</data></match></read>
    <write><data>\xa0\x97\x00\x00\x02\x82</data></write>
    <read><length>4</length><match><data>\xf2\xc3\x1c\xf6</data></match></read>
    <write><data>\xa0\x97\x00\x00\x01\x10</data></write>
    <read><length>4</length><match><data>\xaa\xa2\xddk</data></match></read>
    <write><data>\xa0\x97\x00\x00\x03\x25</data></write>
    <read><length>4</length><match><data>\x04\xbd\x07\x3e</data></match></read>
    <write><data>\xa0\x97\x00\x00\x03\x26</data></write>
    <read><length>4</length><match><data>8\xd8:\xae</data></match></read>
    <write><data>\xa0\x97\x00\x00\x010</data></write>
    <read><length>4</length><match><data>\x7c\x10\x90\xa4</data></match></read>
    <write><data>\xa0\x97\x00\x00\x03\x3b</data></write>
    <read><length>4</length><match><data>\x00\xd3\x9f\xbe</data></match></read>
    <write><data>\xa0\x97\x00\x00\x03G</data></write>
    <read><length>4</length><match><data> \xac5\xca</data></match></read>
    <write><data>\xa0\x97\x00\x00\x01H</data></write>
    <read><length>4</length><match><data>K\x22\xddk</data></match></read>
    <write><data>\xa0\x97\x00\x00\x01I</data></write>
    <read><length>4</length><match><data>\xaa\xa2\xddk</data></match></read>
    <write><data>\xa0\x97\x00\x00\x01Q</data></write>
    <read><length>4</length><match><data>\xed\x25\xa1\xf9</data></match></read>
    <write><data>\xa0\x97\x00\x00\x01p</data></write>
    <read><length>4</length><match><data>\x18\x2b\x1bT</data></match></read>
    <write><data>\xa0\x97\x00\x00\x01q</data></write>
    <read><length>4</length><match><data>\xe7\x0d\x02\x14</data></match></read>
    <write><data>\xa0\x97\x00\x00\x01r</data></write>
    <read><length>4</length><match><data>I\xf1O\xe2</data></match></read>
    <write><data>\xa0\x97\x00\x00\x03\x7e</data></write>
    <read><length>4</length><match><data>\xa7\x9bDk</data></match></read>
    <write><data>\xa0\x97\x00\x00\x01\x86</data></write>
    <read><length>4</length><match><data>\xa6\xae\x94\xd0</data></match></read>
    <write><data>\xa0\x97\x00\x00\x01\x8f</data></write>
    <read><length>4</length><match><data>\x81\xa5\x17\xad</data></match></read>
    <write><data>\xa0\x97\x00\x00\x03\x91</data></write>
    <read><length>4</length><match><data>\xada\x27\xa8</data></match></read>
    <write><data>\xa0\x97\x00\x00\x03\x95</data></write>
    <read><length>4</length><match><data>G\x0e\xfcC</data></match></read>
    <write><data>\xa0\x97\x00\x00\x01\x96</data></write>
    <read><length>4</length><match><data>\xc4C\xda\xe1</data></match></read>
    <write><data>\xa0\x97\x00\x00\x01\x9b</data></write>
    <read><length>4</length><match><data>M\xdf\x7d\xd4</data></match></read>
    <write><data>\xa0\x97\x00\x00\x03\xa1</data></write>
    <read><length>4</length><match><data>m\xe6\x04X</data></match></read>
    <write><data>\xa0\x97\x00\x00\x03\xaa</data></write>
    <read><length>4</length><match><data>:7\xe4\xfc</data></match></read>
    <write><data>\xa0\x97\x00\x00\x01\xba</data></write>
    <read><length>4</length><match><data>\xae4\xc7f</data></match></read>
    <write><data>\xa0\x97\x00\x00\x03\xc2</data></write>
    <read><length>4</length><match><data>\x60\x3c\xbe\xce</data></match></read>
    <write><data>\xa0\x97\x00\x00\x01\xea</data></write>
    <read><length>4</length><match><data>I\xf1O\xe2</data></match></read>
    <write><data>\xa0\x97\x00\x00\x01\xfd</data></write>
    <read><length>4</length><match><data>8\xc8\x90x</data></match></read>
    <write><data>\xa0\x97\x00\x00\x03\x10</data></write>
    <read><length>4</length><match><data>K\x22\xddk</data></match></read>
    <write><data>\xa8\x0b</data></write>
</replay>
</pov>