<?xml version="1.0" standalone="no" ?>
<!DOCTYPE pov SYSTEM "/usr/share/cgc-docs/replay.dtd">
<pov>
<cbid>service</cbid>
<seed>1d006b6ab27905900f95bda012894af13e579d4219ed2804d66cefdf7401427382dcea4e1bba891d294873bac8b5786c</seed>
<replay>
    <read><delim>\x0a</delim><match><data>Please input your name:\x0a</data></match></read>
    <write><data>kuzfdvwehzkffrlmieuvoqepiokgedsh\x0a</data></write>
    <write><data>q\x0a</data></write>
    <read><delim>\x0a</delim><match><data>\x09Welcome to Attackers General kuzfdvwehzkffrlmieuvoqepiokgedsh!\x0a</data></match></read>
    <read><delim>\x0a</delim><match><data>\x2d\x2d\x2d\x2d\x2d\x2d\x2d\x2d\x2d\x2d\x2d\x2d\x2d\x2d\x2d\x2d\x2d\x2d\x2d\x2d\x2d\x2d\x2d\x2d\x2d\x2d\x2d\x0a</data></match></read>
    <read><delim>\x0a</delim><match><data>\x7c\x23 \x23 \x23 \x23 \x23 \x23 \x23 \x23 \x23 \x23 \x23 \x23  \x7c\x0a</data></match></read>
    <read><delim>\x0a</delim><match><data>\x7c                         \x7c\x0a</data></match></read>
    <read><delim>\x0a</delim><match><data>\x7c\x23 \x23 \x23 \x23 \x23 \x23 \x23 \x23 \x23 \x23 \x23 \x23  \x7c\x0a</data></match></read>
    <read><delim>\x0a</delim><match><data>\x7c                         \x7c\x0a</data></match></read>
    <read><delim>\x0a</delim><match><data>\x7c                         \x7c\x0a</data></match></read>
    <read><delim>\x0a</delim><match><data>\x7c                         \x7c\x0a</data></match></read>
    <read><delim>\x0a</delim><match><data>\x7c                         \x7c\x0a</data></match></read>
    <read><delim>\x0a</delim><match><data>\x7c                         \x7c\x0a</data></match></read>
    <read><delim>\x0a</delim><match><data>\x7c                         \x7c\x0a</data></match></read>
    <read><delim>\x0a</delim><match><data>\x7c                         \x7c\x0a</data></match></read>
    <read><delim>\x0a</delim><match><data>\x7c                         \x7c\x0a</data></match></read>
    <read><delim>\x0a</delim><match><data>\x7c                         \x7c\x0a</data></match></read>
    <read><delim>\x0a</delim><match><data>\x7c                         \x7c\x0a</data></match></read>
    <read><delim>\x0a</delim><match><data>\x7c                         \x7c\x0a</data></match></read>
    <read><delim>\x0a</delim><match><data>\x7c                         \x7c\x0a</data></match></read>
    <read><delim>\x0a</delim><match><data>\x7c                         \x7c\x0a</data></match></read>
    <read><delim>\x0a</delim><match><data>\x7c                         \x7c\x0a</data></match></read>
    <read><delim>\x0a</delim><match><data>\x7c                         \x7c\x0a</data></match></read>
    <read><delim>\x0a</delim><match><data>\x7c                         \x7c\x0a</data></match></read>
    <read><delim>\x0a</delim><match><data>\x7c                         \x7c\x0a</data></match></read>
    <read><delim>\x0a</delim><match><data>\x7c                         \x7c\x0a</data></match></read>
    <read><delim>\x0a</delim><match><data>\x7c                         \x7c\x0a</data></match></read>
    <read><delim>\x0a</delim><match><data>\x7c                         \x7c\x0a</data></match></read>
    <read><delim>\x0a</delim><match><data>\x7c                         \x7c\x0a</data></match></read>
    <read><delim>\x0a</delim><match><data>\x7cW                        \x7c\x0a</data></match></read>
    <read><delim>\x0a</delim><match><data>\x2d\x2d\x2d\x2d\x2d\x2d\x2d\x2d\x2d\x2d\x2d\x2d\x2d\x2d\x2d\x2d\x2d\x2d\x2d\x2d\x2d\x2d\x2d\x2d\x2d\x2d\x2d\x0a</data></match></read>
    <read><delim>\x0a</delim><match><data>\x09\x09Level \x231\x0a</data></match></read>
    <write><data>h\x0a</data></write>
    <read><delim>\x0a</delim><match><data>\x09Welcome to Attackers General kuzfdvwehzkffrlmieuvoqepiokgedsh!\x0a</data></match></read>
    <read><delim>\x0a</delim><match><data>\x2d\x2d\x2d\x2d\x2d\x2d\x2d\x2d\x2d\x2d\x2d\x2d\x2d\x2d\x2d\x2d\x2d\x2d\x2d\x2d\x2d\x2d\x2d\x2d\x2d\x2d\x2d\x0a</data></match></read>
    <read><delim>\x0a</delim><match><data>\x7c \x23 \x23\x23 \x23     \x23  \x23  \x23  \x23   \x7c\x0a</data></match></read>
    <read><delim>\x0a</delim><match><data>\x7c        \x23 \x23     \x23     \x23  \x7c\x0a</data></match></read>
    <read><delim>\x0a</delim><match><data>\x7c    \x23  \x23\x23  \x23 \x23 \x23 \x23\x23  \x23   \x7c\x0a</data></match></read>
    <read><delim>\x0a</delim><match><data>\x7c\x23 \x23 \x2b   \x2b             \x23  \x7c\x0a</data></match></read>
    <read><delim>\x0a</delim><match><data>\x7c                         \x7c\x0a</data></match></read>
    <read><delim>\x0a</delim><match><data>\x7c                         \x7c\x0a</data></match></read>
    <read><delim>\x0a</delim><match><data>\x7c                         \x7c\x0a</data></match></read>
    <read><delim>\x0a</delim><match><data>\x7c                         \x7c\x0a</data></match></read>
    <read><delim>\x0a</delim><match><data>\x7c                         \x7c\x0a</data></match></read>
    <read><delim>\x0a</delim><match><data>\x7c                         \x7c\x0a</data></match></read>
    <read><delim>\x0a</delim><match><data>\x7c                         \x7c\x0a</data></match></read>
    <read><delim>\x0a</delim><match><data>\x7c                         \x7c\x0a</data></match></read>
    <read><delim>\x0a</delim><match><data>\x7c                         \x7c\x0a</data></match></read>
    <read><delim>\x0a</delim><match><data>\x7c                         \x7c\x0a</data></match></read>
    <read><delim>\x0a</delim><match><data>\x7c                         \x7c\x0a</data></match></read>
    <read><delim>\x0a</delim><match><data>\x7c                         \x7c\x0a</data></match></read>
    <read><delim>\x0a</delim><match><data>\x7c                         \x7c\x0a</data></match></read>
    <read><delim>\x0a</delim><match><data>\x7c                         \x7c\x0a</data></match></read>
    <read><delim>\x0a</delim><match><data>\x7c                         \x7c\x0a</data></match></read>
    <read><delim>\x0a</delim><match><data>\x7c                         \x7c\x0a</data></match></read>
    <read><delim>\x0a</delim><match><data>\x7c                         \x7c\x0a</data></match></read>
    <read><delim>\x0a</delim><match><data>\x7c                         \x7c\x0a</data></match></read>
    <read><delim>\x0a</delim><match><data>\x7c                         \x7c\x0a</data></match></read>
    <read><delim>\x0a</delim><match><data>\x7c!                        \x7c\x0a</data></match></read>
    <read><delim>\x0a</delim><match><data>\x7cW                        \x7c\x0a</data></match></read>
    <read><delim>\x0a</delim><match><data>\x2d\x2d\x2d\x2d\x2d\x2d\x2d\x2d\x2d\x2d\x2d\x2d\x2d\x2d\x2d\x2d\x2d\x2d\x2d\x2d\x2d\x2d\x2d\x2d\x2d\x2d\x2d\x0a</data></match></read>
    <read><delim>\x0a</delim><match><data>\x09\x09Level \x231\x0a</data></match></read>
    <write><data>u\x0a</data></write>
    <read><delim>\x0a</delim><match><data>\x09Welcome to Attackers General kuzfdvwehzkffrlmieuvoqepiokgedsh!\x0a</data></match></read>
    <read><delim>\x0a</delim><match><data>\x2d\x2d\x2d\x2d\x2d\x2d\x2d\x2d\x2d\x2d\x2d\x2d\x2d\x2d\x2d\x2d\x2d\x2d\x2d\x2d\x2d\x2d\x2d\x2d\x2d\x2d\x2d\x0a</data></match></read>
    <read><delim>\x0a</delim><match><data>\x7c \x23   \x23\x23     \x23     \x23      \x7c\x0a</data></match></read>
    <read><delim>\x0a</delim><match><data>\x7c   \x23    \x23 \x23    \x23\x23    \x23\x23  \x7c\x0a</data></match></read>
    <read><delim>\x0a</delim><match><data>\x7c\x23 \x23 \x23   \x23    \x23\x23  \x23 \x23     \x7c\x0a</data></match></read>
    <read><delim>\x0a</delim><match><data>\x7c    \x2b  \x23   \x23     \x2b   \x23 \x23 \x7c\x0a</data></match></read>
    <read><delim>\x0a</delim><match><data>\x7c    \x2b   \x2b                \x7c\x0a</data></match></read>
    <read><delim>\x0a</delim><match><data>\x7c                         \x7c\x0a</data></match></read>
    <read><delim>\x0a</delim><match><data>\x7c                         \x7c\x0a</data></match></read>
    <read><delim>\x0a</delim><match><data>\x7c                         \x7c\x0a</data></match></read>
    <read><delim>\x0a</delim><match><data>\x7c                         \x7c\x0a</data></match></read>
    <read><delim>\x0a</delim><match><data>\x7c                         \x7c\x0a</data></match></read>
    <read><delim>\x0a</delim><match><data>\x7c                         \x7c\x0a</data></match></read>
    <read><delim>\x0a</delim><match><data>\x7c                         \x7c\x0a</data></match></read>
    <read><delim>\x0a</delim><match><data>\x7c                         \x7c\x0a</data></match></read>
    <read><delim>\x0a</delim><match><data>\x7c                         \x7c\x0a</data></match></read>
    <read><delim>\x0a</delim><match><data>\x7c                         \x7c\x0a</data></match></read>
    <read><delim>\x0a</delim><match><data>\x7c                         \x7c\x0a</data></match></read>
    <read><delim>\x0a</delim><match><data>\x7c                         \x7c\x0a</data></match></read>
    <read><delim>\x0a</delim><match><data>\x7c                         \x7c\x0a</data></match></read>
    <read><delim>\x0a</delim><match><data>\x7c                         \x7c\x0a</data></match></read>
    <read><delim>\x0a</delim><match><data>\x7c                         \x7c\x0a</data></match></read>
    <read><delim>\x0a</delim><match><data>\x7c                         \x7c\x0a</data></match></read>
    <read><delim>\x0a</delim><match><data>\x7c                         \x7c\x0a</data></match></read>
    <read><delim>\x0a</delim><match><data>\x7c!                        \x7c\x0a</data></match></read>
    <read><delim>\x0a</delim><match><data>\x7c!                        \x7c\x0a</data></match></read>
    <read><delim>\x0a</delim><match><data>\x7cW                        \x7c\x0a</data></match></read>
    <read><delim>\x0a</delim><match><data>\x2d\x2d\x2d\x2d\x2d\x2d\x2d\x2d\x2d\x2d\x2d\x2d\x2d\x2d\x2d\x2d\x2d\x2d\x2d\x2d\x2d\x2d\x2d\x2d\x2d\x2d\x2d\x0a</data></match></read>
    <read><delim>\x0a</delim><match><data>\x09\x09Level \x231\x0a</data></match></read>
    <write><data>d\x0a</data></write>
    <read><delim>\x0a</delim><match><data>\x09Welcome to Attackers General kuzfdvwehzkffrlmieuvoqepiokgedsh!\x0a</data></match></read>
    <read><delim>\x0a</delim><match><data>\x2d\x2d\x2d\x2d\x2d\x2d\x2d\x2d\x2d\x2d\x2d\x2d\x2d\x2d\x2d\x2d\x2d\x2d\x2d\x2d\x2d\x2d\x2d\x2d\x2d\x2d\x2d\x0a</data></match></read>
    <read><delim>\x0a</delim><match><data>\x7c \x23 \x23  \x23        \x23\x23 \x23  \x23   \x7c\x0a</data></match></read>
    <read><delim>\x0a</delim><match><data>\x7c     \x23  \x23 \x23 \x23          \x23 \x7c\x0a</data></match></read>
    <read><delim>\x0a</delim><match><data>\x7c  \x23  \x23      \x23   \x23        \x7c\x0a</data></match></read>
    <read><delim>\x0a</delim><match><data>\x7c\x23      \x23\x23 \x23   \x23    \x23\x23  \x23 \x7c\x0a</data></match></read>
    <read><delim>\x0a</delim><match><data>\x7c    \x2b            \x2b       \x7c\x0a</data></match></read>
    <read><delim>\x0a</delim><match><data>\x7c    \x2b   \x2b                \x7c\x0a</data></match></read>
    <read><delim>\x0a</delim><match><data>\x7c                         \x7c\x0a</data></match></read>
    <read><delim>\x0a</delim><match><data>\x7c                         \x7c\x0a</data></match></read>
    <read><delim>\x0a</delim><match><data>\x7c                         \x7c\x0a</data></match></read>
    <read><delim>\x0a</delim><match><data>\x7c                         \x7c\x0a</data></match></read>
    <read><delim>\x0a</delim><match><data>\x7c                         \x7c\x0a</data></match></read>
    <read><delim>\x0a</delim><match><data>\x7c                         \x7c\x0a</data></match></read>
    <read><delim>\x0a</delim><match><data>\x7c                         \x7c\x0a</data></match></read>
    <read><delim>\x0a</delim><match><data>\x7c                         \x7c\x0a</data></match></read>
    <read><delim>\x0a</delim><match><data>\x7c                         \x7c\x0a</data></match></read>
    <read><delim>\x0a</delim><match><data>\x7c                         \x7c\x0a</data></match></read>
    <read><delim>\x0a</delim><match><data>\x7c                         \x7c\x0a</data></match></read>
    <read><delim>\x0a</delim><match><data>\x7c                         \x7c\x0a</data></match></read>
    <read><delim>\x0a</delim><match><data>\x7c                         \x7c\x0a</data></match></read>
    <read><delim>\x0a</delim><match><data>\x7c                         \x7c\x0a</data></match></read>
    <read><delim>\x0a</delim><match><data>\x7c                         \x7c\x0a</data></match></read>
    <read><delim>\x0a</delim><match><data>\x7c!                        \x7c\x0a</data></match></read>
    <read><delim>\x0a</delim><match><data>\x7c!                        \x7c\x0a</data></match></read>
    <read><delim>\x0a</delim><match><data>\x7c!                        \x7c\x0a</data></match></read>
    <read><delim>\x0a</delim><match><data>\x7cW                        \x7c\x0a</data></match></read>
    <read><delim>\x0a</delim><match><data>\x2d\x2d\x2d\x2d\x2d\x2d\x2d\x2d\x2d\x2d\x2d\x2d\x2d\x2d\x2d\x2d\x2d\x2d\x2d\x2d\x2d\x2d\x2d\x2d\x2d\x2d\x2d\x0a</data></match></read>
    <read><delim>\x0a</delim><match><data>\x09\x09Level \x231\x0a</data></match></read>
    <write><data>p\x0a</data></write>
    <read><delim>\x0a</delim><match><data>\x09Welcome to Attackers General kuzfdvwehzkffrlmieuvoqepiokgedsh!\x0a</data></match></read>
    <read><delim>\x0a</delim><match><data>\x2d\x2d\x2d\x2d\x2d\x2d\x2d\x2d\x2d\x2d\x2d\x2d\x2d\x2d\x2d\x2d\x2d\x2d\x2d\x2d\x2d\x2d\x2d\x2d\x2d\x2d\x2d\x0a</data></match></read>
    <read><delim>\x0a</delim><match><data>\x7c \x23 \x23   \x23\x23 \x23 \x23  \x23\x23 \x23      \x7c\x0a</data></match></read>
    <read><delim>\x0a</delim><match><data>\x7c     \x23               \x23 \x23 \x7c\x0a</data></match></read>
    <read><delim>\x0a</delim><match><data>\x7c\x23  \x23\x23     \x23  \x23\x23  \x23 \x23\x23    \x7c\x0a</data></match></read>
    <read><delim>\x0a</delim><match><data>\x7c      \x23 \x23             \x23  \x7c\x0a</data></match></read>
    <read><delim>\x0a</delim><match><data>\x7c        \x2b                \x7c\x0a</data></match></read>
    <read><delim>\x0a</delim><match><data>\x7c    \x2b            \x2b       \x7c\x0a</data></match></read>
    <read><delim>\x0a</delim><match><data>\x7c    \x2b   \x2b                \x7c\x0a</data></match></read>
    <read><delim>\x0a</delim><match><data>\x7c                         \x7c\x0a</data></match></read>
    <read><delim>\x0a</delim><match><data>\x7c                         \x7c\x0a</data></match></read>
    <read><delim>\x0a</delim><match><data>\x7c                         \x7c\x0a</data></match></read>
    <read><delim>\x0a</delim><match><data>\x7c                         \x7c\x0a</data></match></read>
    <read><delim>\x0a</delim><match><data>\x7c                         \x7c\x0a</data></match></read>
    <read><delim>\x0a</delim><match><data>\x7c                         \x7c\x0a</data></match></read>
    <read><delim>\x0a</delim><match><data>\x7c                         \x7c\x0a</data></match></read>
    <read><delim>\x0a</delim><match><data>\x7c                         \x7c\x0a</data></match></read>
    <read><delim>\x0a</delim><match><data>\x7c                         \x7c\x0a</data></match></read>
    <read><delim>\x0a</delim><match><data>\x7c                         \x7c\x0a</data></match></read>
    <read><delim>\x0a</delim><match><data>\x7c                         \x7c\x0a</data></match></read>
    <read><delim>\x0a</delim><match><data>\x7c                         \x7c\x0a</data></match></read>
    <read><delim>\x0a</delim><match><data>\x7c                         \x7c\x0a</data></match></read>
    <read><delim>\x0a</delim><match><data>\x7c!                        \x7c\x0a</data></match></read>
    <read><delim>\x0a</delim><match><data>\x7c!                        \x7c\x0a</data></match></read>
    <read><delim>\x0a</delim><match><data>\x7c!                        \x7c\x0a</data></match></read>
    <read><delim>\x0a</delim><match><data>\x7c                         \x7c\x0a</data></match></read>
    <read><delim>\x0a</delim><match><data>\x7c W                       \x7c\x0a</data></match></read>
    <read><delim>\x0a</delim><match><data>\x2d\x2d\x2d\x2d\x2d\x2d\x2d\x2d\x2d\x2d\x2d\x2d\x2d\x2d\x2d\x2d\x2d\x2d\x2d\x2d\x2d\x2d\x2d\x2d\x2d\x2d\x2d\x0a</data></match></read>
    <read><delim>\x0a</delim><match><data>\x09\x09Level \x231\x0a</data></match></read>
    <write><data>e\x0a</data></write>
    <read><delim>\x0a</delim><match><data>\x09Welcome to Attackers General kuzfdvwehzkffrlmieuvoqepiokgedsh!\x0a</data></match></read>
    <read><delim>\x0a</delim><match><data>\x2d\x2d\x2d\x2d\x2d\x2d\x2d\x2d\x2d\x2d\x2d\x2d\x2d\x2d\x2d\x2d\x2d\x2d\x2d\x2d\x2d\x2d\x2d\x2d\x2d\x2d\x2d\x0a</data></match></read>
    <read><delim>\x0a</delim><match><data>\x7c      \x23 \x23   \x23      \x23 \x23   \x7c\x0a</data></match></read>
    <read><delim>\x0a</delim><match><data>\x7c \x23 \x23 \x23    \x23    \x23\x23      \x23 \x7c\x0a</data></match></read>
    <read><delim>\x0a</delim><match><data>\x7c\x23 \x23 \x23 \x23    \x23 \x23   \x23 \x23 \x23\x23  \x7c\x0a</data></match></read>
    <read><delim>\x0a</delim><match><data>\x7c\x2b       \x23     \x23  \x2b       \x7c\x0a</data></match></read>
    <read><delim>\x0a</delim><match><data>\x7c                         \x7c\x0a</data></match></read>
    <read><delim>\x0a</delim><match><data>\x7c        \x2b                \x7c\x0a</data></match></read>
    <read><delim>\x0a</delim><match><data>\x7c    \x2b            \x2b       \x7c\x0a</data></match></read>
    <read><delim>\x0a</delim><match><data>\x7c    \x2b   \x2b                \x7c\x0a</data></match></read>
    <read><delim>\x0a</delim><match><data>\x7c                         \x7c\x0a</data></match></read>
    <read><delim>\x0a</delim><match><data>\x7c                         \x7c\x0a</data></match></read>
    <read><delim>\x0a</delim><match><data>\x7c                         \x7c\x0a</data></match></read>
    <read><delim>\x0a</delim><match><data>\x7c                         \x7c\x0a</data></match></read>
    <read><delim>\x0a</delim><match><data>\x7c                         \x7c\x0a</data></match></read>
    <read><delim>\x0a</delim><match><data>\x7c                         \x7c\x0a</data></match></read>
    <read><delim>\x0a</delim><match><data>\x7c                         \x7c\x0a</data></match></read>
    <read><delim>\x0a</delim><match><data>\x7c                         \x7c\x0a</data></match></read>
    <read><delim>\x0a</delim><match><data>\x7c                         \x7c\x0a</data></match></read>
    <read><delim>\x0a</delim><match><data>\x7c                         \x7c\x0a</data></match></read>
    <read><delim>\x0a</delim><match><data>\x7c                         \x7c\x0a</data></match></read>
    <read><delim>\x0a</delim><match><data>\x7c!                        \x7c\x0a</data></match></read>
    <read><delim>\x0a</delim><match><data>\x7c!                        \x7c\x0a</data></match></read>
    <read><delim>\x0a</delim><match><data>\x7c!                        \x7c\x0a</data></match></read>
    <read><delim>\x0a</delim><match><data>\x7c                         \x7c\x0a</data></match></read>
    <read><delim>\x0a</delim><match><data>\x7c !                       \x7c\x0a</data></match></read>
    <read><delim>\x0a</delim><match><data>\x7c W                       \x7c\x0a</data></match></read>
    <read><delim>\x0a</delim><match><data>\x2d\x2d\x2d\x2d\x2d\x2d\x2d\x2d\x2d\x2d\x2d\x2d\x2d\x2d\x2d\x2d\x2d\x2d\x2d\x2d\x2d\x2d\x2d\x2d\x2d\x2d\x2d\x0a</data></match></read>
    <read><delim>\x0a</delim><match><data>\x09\x09Level \x231\x0a</data></match></read>
    <write><data>r\x0a</data></write>
    <read><delim>\x0a</delim><match><data>\x09Welcome to Attackers General kuzfdvwehzkffrlmieuvoqepiokgedsh!\x0a</data></match></read>
    <read><delim>\x0a</delim><match><data>\x2d\x2d\x2d\x2d\x2d\x2d\x2d\x2d\x2d\x2d\x2d\x2d\x2d\x2d\x2d\x2d\x2d\x2d\x2d\x2d\x2d\x2d\x2d\x2d\x2d\x2d\x2d\x0a</data></match></read>
    <read><delim>\x0a</delim><match><data>\x7c             \x23  \x23  \x23 \x23   \x7c\x0a</data></match></read>
    <read><delim>\x0a</delim><match><data>\x7c\x23 \x23 \x23 \x23 \x23  \x23   \x23      \x23  \x7c\x0a</data></match></read>
    <read><delim>\x0a</delim><match><data>\x7c\x23 \x23 \x23      \x23       \x23\x23    \x7c\x0a</data></match></read>
    <read><delim>\x0a</delim><match><data>\x7c    \x2b \x23 \x23    \x23 \x23 \x23    \x23  \x7c\x0a</data></match></read>
    <read><delim>\x0a</delim><match><data>\x7c\x2b                \x2b       \x7c\x0a</data></match></read>
    <read><delim>\x0a</delim><match><data>\x7c                         \x7c\x0a</data></match></read>
    <read><delim>\x0a</delim><match><data>\x7c        \x2b                \x7c\x0a</data></match></read>
    <read><delim>\x0a</delim><match><data>\x7c    \x2b            \x2b       \x7c\x0a</data></match></read>
    <read><delim>\x0a</delim><match><data>\x7c    \x2b   \x2b                \x7c\x0a</data></match></read>
    <read><delim>\x0a</delim><match><data>\x7c                         \x7c\x0a</data></match></read>
    <read><delim>\x0a</delim><match><data>\x7c                         \x7c\x0a</data></match></read>
    <read><delim>\x0a</delim><match><data>\x7c                         \x7c\x0a</data></match></read>
    <read><delim>\x0a</delim><match><data>\x7c                         \x7c\x0a</data></match></read>
    <read><delim>\x0a</delim><match><data>\x7c                         \x7c\x0a</data></match></read>
    <read><delim>\x0a</delim><match><data>\x7c                         \x7c\x0a</data></match></read>
    <read><delim>\x0a</delim><match><data>\x7c                         \x7c\x0a</data></match></read>
    <read><delim>\x0a</delim><match><data>\x7c                         \x7c\x0a</data></match></read>
    <read><delim>\x0a</delim><match><data>\x7c                         \x7c\x0a</data></match></read>
    <read><delim>\x0a</delim><match><data>\x7c!                        \x7c\x0a</data></match></read>
    <read><delim>\x0a</delim><match><data>\x7c!                        \x7c\x0a</data></match></read>
    <read><delim>\x0a</delim><match><data>\x7c!                        \x7c\x0a</data></match></read>
    <read><delim>\x0a</delim><match><data>\x7c                         \x7c\x0a</data></match></read>
    <read><delim>\x0a</delim><match><data>\x7c !                       \x7c\x0a</data></match></read>
    <read><delim>\x0a</delim><match><data>\x7c !                       \x7c\x0a</data></match></read>
    <read><delim>\x0a</delim><match><data>\x7c W                       \x7c\x0a</data></match></read>
    <read><delim>\x0a</delim><match><data>\x2d\x2d\x2d\x2d\x2d\x2d\x2d\x2d\x2d\x2d\x2d\x2d\x2d\x2d\x2d\x2d\x2d\x2d\x2d\x2d\x2d\x2d\x2d\x2d\x2d\x2d\x2d\x0a</data></match></read>
    <read><delim>\x0a</delim><match><data>\x09\x09Level \x231\x0a</data></match></read>
    <write><data>b\x0a</data></write>
    <read><delim>\x0a</delim><match><data>\x09Welcome to Attackers General kuzfdvwehzkffrlmieuvoqepiokgedsh!\x0a</data></match></read>
    <read><delim>\x0a</delim><match><data>\x2d\x2d\x2d\x2d\x2d\x2d\x2d\x2d\x2d\x2d\x2d\x2d\x2d\x2d\x2d\x2d\x2d\x2d\x2d\x2d\x2d\x2d\x2d\x2d\x2d\x2d\x2d\x0a</data></match></read>
    <read><delim>\x0a</delim><match><data>\x7c\x23 \x23   \x23     \x23   \x23 \x23  \x23\x23  \x7c\x0a</data></match></read>
    <read><delim>\x0a</delim><match><data>\x7c     \x23  \x23  \x23  \x23          \x7c\x0a</data></match></read>
    <read><delim>\x0a</delim><match><data>\x7c   \x23\x23      \x23     \x23 \x23\x23    \x7c\x0a</data></match></read>
    <read><delim>\x0a</delim><match><data>\x7c\x23     \x23 \x23  \x2b \x23\x23    \x2b\x2b  \x23 \x7c\x0a</data></match></read>
    <read><delim>\x0a</delim><match><data>\x7c    \x2b                    \x7c\x0a</data></match></read>
    <read><delim>\x0a</delim><match><data>\x7c\x2b                \x2b       \x7c\x0a</data></match></read>
    <read><delim>\x0a</delim><match><data>\x7c                         \x7c\x0a</data></match></read>
    <read><delim>\x0a</delim><match><data>\x7c        \x2b                \x7c\x0a</data></match></read>
    <read><delim>\x0a</delim><match><data>\x7c    \x2b            \x2b       \x7c\x0a</data></match></read>
    <read><delim>\x0a</delim><match><data>\x7c    \x2b   \x2b                \x7c\x0a</data></match></read>
    <read><delim>\x0a</delim><match><data>\x7c                         \x7c\x0a</data></match></read>
    <read><delim>\x0a</delim><match><data>\x7c                         \x7c\x0a</data></match></read>
    <read><delim>\x0a</delim><match><data>\x7c                         \x7c\x0a</data></match></read>
    <read><delim>\x0a</delim><match><data>\x7c                         \x7c\x0a</data></match></read>
    <read><delim>\x0a</delim><match><data>\x7c                         \x7c\x0a</data></match></read>
    <read><delim>\x0a</delim><match><data>\x7c                         \x7c\x0a</data></match></read>
    <read><delim>\x0a</delim><match><data>\x7c                         \x7c\x0a</data></match></read>
    <read><delim>\x0a</delim><match><data>\x7c!                        \x7c\x0a</data></match></read>
    <read><delim>\x0a</delim><match><data>\x7c!                        \x7c\x0a</data></match></read>
    <read><delim>\x0a</delim><match><data>\x7c!                        \x7c\x0a</data></match></read>
    <read><delim>\x0a</delim><match><data>\x7c                         \x7c\x0a</data></match></read>
    <read><delim>\x0a</delim><match><data>\x7c !                       \x7c\x0a</data></match></read>
    <read><delim>\x0a</delim><match><data>\x7c !                       \x7c\x0a</data></match></read>
    <read><delim>\x0a</delim><match><data>\x7c !                       \x7c\x0a</data></match></read>
    <read><delim>\x0a</delim><match><data>\x7c W                       \x7c\x0a</data></match></read>
    <read><delim>\x0a</delim><match><data>\x2d\x2d\x2d\x2d\x2d\x2d\x2d\x2d\x2d\x2d\x2d\x2d\x2d\x2d\x2d\x2d\x2d\x2d\x2d\x2d\x2d\x2d\x2d\x2d\x2d\x2d\x2d\x0a</data></match></read>
    <read><delim>\x0a</delim><match><data>\x09\x09Level \x231\x0a</data></match></read>
    <write><data>k\x0a</data></write>
    <read><delim>\x0a</delim><match><data>\x09Welcome to Attackers General kuzfdvwehzkffrlmieuvoqepiokgedsh!\x0a</data></match></read>
    <read><delim>\x0a</delim><match><data>\x2d\x2d\x2d\x2d\x2d\x2d\x2d\x2d\x2d\x2d\x2d\x2d\x2d\x2d\x2d\x2d\x2d\x2d\x2d\x2d\x2d\x2d\x2d\x2d\x2d\x2d\x2d\x0a</data></match></read>
    <read><delim>\x0a</delim><match><data>\x7c\x23  \x23   \x23   \x23\x23 \x23  \x23 \x23   \x23 \x7c\x0a</data></match></read>
    <read><delim>\x0a</delim><match><data>\x7c    \x23    \x23           \x23   \x7c\x0a</data></match></read>
    <read><delim>\x0a</delim><match><data>\x7c   \x23\x23      \x23  \x23 \x23  \x23 \x23   \x7c\x0a</data></match></read>
    <read><delim>\x0a</delim><match><data>\x7c \x23    \x23 \x23    \x23         \x23 \x7c\x0a</data></match></read>
    <read><delim>\x0a</delim><match><data>\x7c        \x2b  \x2b \x2b     \x2b\x2b    \x7c\x0a</data></match></read>
    <read><delim>\x0a</delim><match><data>\x7c    \x2b                    \x7c\x0a</data></match></read>
    <read><delim>\x0a</delim><match><data>\x7c\x2b                \x2b       \x7c\x0a</data></match></read>
    <read><delim>\x0a</delim><match><data>\x7c                         \x7c\x0a</data></match></read>
    <read><delim>\x0a</delim><match><data>\x7c        \x2b                \x7c\x0a</data></match></read>
    <read><delim>\x0a</delim><match><data>\x7c    \x2b            \x2b       \x7c\x0a</data></match></read>
    <read><delim>\x0a</delim><match><data>\x7c    \x2b   \x2b                \x7c\x0a</data></match></read>
    <read><delim>\x0a</delim><match><data>\x7c                         \x7c\x0a</data></match></read>
    <read><delim>\x0a</delim><match><data>\x7c                         \x7c\x0a</data></match></read>
    <read><delim>\x0a</delim><match><data>\x7c                         \x7c\x0a</data></match></read>
    <read><delim>\x0a</delim><match><data>\x7c                         \x7c\x0a</data></match></read>
    <read><delim>\x0a</delim><match><data>\x7c                         \x7c\x0a</data></match></read>
    <read><delim>\x0a</delim><match><data>\x7c!                        \x7c\x0a</data></match></read>
    <read><delim>\x0a</delim><match><data>\x7c!                        \x7c\x0a</data></match></read>
    <read><delim>\x0a</delim><match><data>\x7c!                        \x7c\x0a</data></match></read>
    <read><delim>\x0a</delim><match><data>\x7c                         \x7c\x0a</data></match></read>
    <read><delim>\x0a</delim><match><data>\x7c !                       \x7c\x0a</data></match></read>
    <read><delim>\x0a</delim><match><data>\x7c !                       \x7c\x0a</data></match></read>
    <read><delim>\x0a</delim><match><data>\x7c !                       \x7c\x0a</data></match></read>
    <read><delim>\x0a</delim><match><data>\x7c !                       \x7c\x0a</data></match></read>
    <read><delim>\x0a</delim><match><data>\x7c W                       \x7c\x0a</data></match></read>
    <read><delim>\x0a</delim><match><data>\x2d\x2d\x2d\x2d\x2d\x2d\x2d\x2d\x2d\x2d\x2d\x2d\x2d\x2d\x2d\x2d\x2d\x2d\x2d\x2d\x2d\x2d\x2d\x2d\x2d\x2d\x2d\x0a</data></match></read>
    <read><delim>\x0a</delim><match><data>\x09\x09Level \x231\x0a</data></match></read>
    <write><data>m\x0a</data></write>
    <read><delim>\x0a</delim><match><data>\x09Welcome to Attackers General kuzfdvwehzkffrlmieuvoqepiokgedsh!\x0a</data></match></read>
    <read><delim>\x0a</delim><match><data>\x2d\x2d\x2d\x2d\x2d\x2d\x2d\x2d\x2d\x2d\x2d\x2d\x2d\x2d\x2d\x2d\x2d\x2d\x2d\x2d\x2d\x2d\x2d\x2d\x2d\x2d\x2d\x0a</data></match></read>
    <read><delim>\x0a</delim><match><data>\x7c \x23\x23    \x23 \x23 \x23  \x23    \x23   \x23 \x7c\x0a</data></match></read>
    <read><delim>\x0a</delim><match><data>\x7c    \x23       \x23    \x23  \x23    \x7c\x0a</data></match></read>
    <read><delim>\x0a</delim><match><data>\x7c   \x23       \x23  \x23  \x23 \x23 \x23 \x23 \x7c\x0a</data></match></read>
    <read><delim>\x0a</delim><match><data>\x7c \x23 \x2b\x23 \x23 \x23    \x23           \x7c\x0a</data></match></read>
    <read><delim>\x0a</delim><match><data>\x7c             \x2b           \x7c\x0a</data></match></read>
    <read><delim>\x0a</delim><match><data>\x7c        \x2b  \x2b \x2b     \x2b\x2b    \x7c\x0a</data></match></read>
    <read><delim>\x0a</delim><match><data>\x7c    \x2b                    \x7c\x0a</data></match></read>
    <read><delim>\x0a</delim><match><data>\x7c\x2b                \x2b       \x7c\x0a</data></match></read>
    <read><delim>\x0a</delim><match><data>\x7c                         \x7c\x0a</data></match></read>
    <read><delim>\x0a</delim><match><data>\x7c        \x2b                \x7c\x0a</data></match></read>
    <read><delim>\x0a</delim><match><data>\x7c    \x2b            \x2b       \x7c\x0a</data></match></read>
    <read><delim>\x0a</delim><match><data>\x7c    \x2b   \x2b                \x7c\x0a</data></match></read>
    <read><delim>\x0a</delim><match><data>\x7c                         \x7c\x0a</data></match></read>
    <read><delim>\x0a</delim><match><data>\x7c                         \x7c\x0a</data></match></read>
    <read><delim>\x0a</delim><match><data>\x7c                         \x7c\x0a</data></match></read>
    <read><delim>\x0a</delim><match><data>\x7c!                        \x7c\x0a</data></match></read>
    <read><delim>\x0a</delim><match><data>\x7c!                        \x7c\x0a</data></match></read>
    <read><delim>\x0a</delim><match><data>\x7c!                        \x7c\x0a</data></match></read>
    <read><delim>\x0a</delim><match><data>\x7c                         \x7c\x0a</data></match></read>
    <read><delim>\x0a</delim><match><data>\x7c !                       \x7c\x0a</data></match></read>
    <read><delim>\x0a</delim><match><data>\x7c !                       \x7c\x0a</data></match></read>
    <read><delim>\x0a</delim><match><data>\x7c !                       \x7c\x0a</data></match></read>
    <read><delim>\x0a</delim><match><data>\x7c !                       \x7c\x0a</data></match></read>
    <read><delim>\x0a</delim><match><data>\x7c !                       \x7c\x0a</data></match></read>
    <read><delim>\x0a</delim><match><data>\x7c W                       \x7c\x0a</data></match></read>
    <read><delim>\x0a</delim><match><data>\x2d\x2d\x2d\x2d\x2d\x2d\x2d\x2d\x2d\x2d\x2d\x2d\x2d\x2d\x2d\x2d\x2d\x2d\x2d\x2d\x2d\x2d\x2d\x2d\x2d\x2d\x2d\x0a</data></match></read>
    <read><delim>\x0a</delim><match><data>\x09\x09Level \x231\x0a</data></match></read>
    <write><data>g\x0a</data></write>
    <read><delim>\x0a</delim><match><data>\x09Welcome to Attackers General kuzfdvwehzkffrlmieuvoqepiokgedsh!\x0a</data></match></read>
    <read><delim>\x0a</delim><match><data>\x2d\x2d\x2d\x2d\x2d\x2d\x2d\x2d\x2d\x2d\x2d\x2d\x2d\x2d\x2d\x2d\x2d\x2d\x2d\x2d\x2d\x2d\x2d\x2d\x2d\x2d\x2d\x0a</data></match></read>
    <read><delim>\x0a</delim><match><data>\x7c \x23  \x23  \x23\x23 \x23    \x23 \x23       \x7c\x0a</data></match></read>
    <read><delim>\x0a</delim><match><data>\x7c  \x23         \x23      \x23\x23  \x23 \x7c\x0a</data></match></read>
    <read><delim>\x0a</delim><match><data>\x7c \x23  \x23     \x23    \x23  \x23    \x23 \x7c\x0a</data></match></read>
    <read><delim>\x0a</delim><match><data>\x7c   \x23  \x23  \x23  \x23    \x23   \x23 \x2b \x7c\x0a</data></match></read>
    <read><delim>\x0a</delim><match><data>\x7c   \x2b                     \x7c\x0a</data></match></read>
    <read><delim>\x0a</delim><match><data>\x7c             \x2b           \x7c\x0a</data></match></read>
    <read><delim>\x0a</delim><match><data>\x7c        \x2b  \x2b \x2b     \x2b\x2b    \x7c\x0a</data></match></read>
    <read><delim>\x0a</delim><match><data>\x7c    \x2b                    \x7c\x0a</data></match></read>
    <read><delim>\x0a</delim><match><data>\x7c\x2b                \x2b       \x7c\x0a</data></match></read>
    <read><delim>\x0a</delim><match><data>\x7c                         \x7c\x0a</data></match></read>
    <read><delim>\x0a</delim><match><data>\x7c        \x2b                \x7c\x0a</data></match></read>
    <read><delim>\x0a</delim><match><data>\x7c    \x2b            \x2b       \x7c\x0a</data></match></read>
    <read><delim>\x0a</delim><match><data>\x7c    \x2b   \x2b                \x7c\x0a</data></match></read>
    <read><delim>\x0a</delim><match><data>\x7c                         \x7c\x0a</data></match></read>
    <read><delim>\x0a</delim><match><data>\x7c!                        \x7c\x0a</data></match></read>
    <read><delim>\x0a</delim><match><data>\x7c!                        \x7c\x0a</data></match></read>
    <read><delim>\x0a</delim><match><data>\x7c!                        \x7c\x0a</data></match></read>
    <read><delim>\x0a</delim><match><data>\x7c                         \x7c\x0a</data></match></read>
    <read><delim>\x0a</delim><match><data>\x7c !                       \x7c\x0a</data></match></read>
    <read><delim>\x0a</delim><match><data>\x7c !                       \x7c\x0a</data></match></read>
    <read><delim>\x0a</delim><match><data>\x7c !                       \x7c\x0a</data></match></read>
    <read><delim>\x0a</delim><match><data>\x7c !                       \x7c\x0a</data></match></read>
    <read><delim>\x0a</delim><match><data>\x7c !                       \x7c\x0a</data></match></read>
    <read><delim>\x0a</delim><match><data>\x7c !                       \x7c\x0a</data></match></read>
    <read><delim>\x0a</delim><match><data>\x7c W                       \x7c\x0a</data></match></read>
    <read><delim>\x0a</delim><match><data>\x2d\x2d\x2d\x2d\x2d\x2d\x2d\x2d\x2d\x2d\x2d\x2d\x2d\x2d\x2d\x2d\x2d\x2d\x2d\x2d\x2d\x2d\x2d\x2d\x2d\x2d\x2d\x0a</data></match></read>
    <read><delim>\x0a</delim><match><data>\x09\x09Level \x231\x0a</data></match></read>
    <write><data>c\x0a</data></write>
    <read><delim>\x0a</delim><match><data>\x09Welcome to Attackers General kuzfdvwehzkffrlmieuvoqepiokgedsh!\x0a</data></match></read>
    <read><delim>\x0a</delim><match><data>\x2d\x2d\x2d\x2d\x2d\x2d\x2d\x2d\x2d\x2d\x2d\x2d\x2d\x2d\x2d\x2d\x2d\x2d\x2d\x2d\x2d\x2d\x2d\x2d\x2d\x2d\x2d\x0a</data></match></read>
    <read><delim>\x0a</delim><match><data>\x7c \x23  \x23  \x23  \x23   \x23          \x7c\x0a</data></match></read>
    <read><delim>\x0a</delim><match><data>\x7c   \x23    \x23   \x23    \x23 \x23\x23 \x23  \x7c\x0a</data></match></read>
    <read><delim>\x0a</delim><match><data>\x7c\x23  \x23 \x23\x23    \x23   \x23     \x23\x23  \x7c\x0a</data></match></read>
    <read><delim>\x0a</delim><match><data>\x7c         \x23   \x23  \x23 \x23      \x7c\x0a</data></match></read>
    <read><delim>\x0a</delim><match><data>\x7c         \x2b             \x2b \x7c\x0a</data></match></read>
    <read><delim>\x0a</delim><match><data>\x7c   \x2b                     \x7c\x0a</data></match></read>
    <read><delim>\x0a</delim><match><data>\x7c             \x2b           \x7c\x0a</data></match></read>
    <read><delim>\x0a</delim><match><data>\x7c        \x2b  \x2b \x2b     \x2b\x2b    \x7c\x0a</data></match></read>
    <read><delim>\x0a</delim><match><data>\x7c    \x2b                    \x7c\x0a</data></match></read>
    <read><delim>\x0a</delim><match><data>\x7c\x2b                \x2b       \x7c\x0a</data></match></read>
    <read><delim>\x0a</delim><match><data>\x7c                         \x7c\x0a</data></match></read>
    <read><delim>\x0a</delim><match><data>\x7c        \x2b                \x7c\x0a</data></match></read>
    <read><delim>\x0a</delim><match><data>\x7c    \x2b            \x2b       \x7c\x0a</data></match></read>
    <read><delim>\x0a</delim><match><data>\x7c!   \x2b   \x2b                \x7c\x0a</data></match></read>
    <read><delim>\x0a</delim><match><data>\x7c!                        \x7c\x0a</data></match></read>
    <read><delim>\x0a</delim><match><data>\x7c!                        \x7c\x0a</data></match></read>
    <read><delim>\x0a</delim><match><data>\x7c                         \x7c\x0a</data></match></read>
    <read><delim>\x0a</delim><match><data>\x7c !                       \x7c\x0a</data></match></read>
    <read><delim>\x0a</delim><match><data>\x7c !                       \x7c\x0a</data></match></read>
    <read><delim>\x0a</delim><match><data>\x7c !                       \x7c\x0a</data></match></read>
    <read><delim>\x0a</delim><match><data>\x7c !                       \x7c\x0a</data></match></read>
    <read><delim>\x0a</delim><match><data>\x7c !                       \x7c\x0a</data></match></read>
    <read><delim>\x0a</delim><match><data>\x7c !                       \x7c\x0a</data></match></read>
    <read><delim>\x0a</delim><match><data>\x7c !                       \x7c\x0a</data></match></read>
    <read><delim>\x0a</delim><match><data>\x7c W                       \x7c\x0a</data></match></read>
    <read><delim>\x0a</delim><match><data>\x2d\x2d\x2d\x2d\x2d\x2d\x2d\x2d\x2d\x2d\x2d\x2d\x2d\x2d\x2d\x2d\x2d\x2d\x2d\x2d\x2d\x2d\x2d\x2d\x2d\x2d\x2d\x0a</data></match></read>
    <read><delim>\x0a</delim><match><data>\x09\x09Level \x231\x0a</data></match></read>
    <write><data>x\x0a</data></write>
    <read><delim>\x0a</delim><match><data>\x09Welcome to Attackers General kuzfdvwehzkffrlmieuvoqepiokgedsh!\x0a</data></match></read>
    <read><delim>\x0a</delim><match><data>\x2d\x2d\x2d\x2d\x2d\x2d\x2d\x2d\x2d\x2d\x2d\x2d\x2d\x2d\x2d\x2d\x2d\x2d\x2d\x2d\x2d\x2d\x2d\x2d\x2d\x2d\x2d\x0a</data></match></read>
    <read><delim>\x0a</delim><match><data>\x7c     \x23    \x23        \x23  \x23  \x7c\x0a</data></match></read>
    <read><delim>\x0a</delim><match><data>\x7c \x23\x23    \x23\x23   \x23 \x23 \x23    \x23   \x7c\x0a</data></match></read>
    <read><delim>\x0a</delim><match><data>\x7c \x23\x23 \x23 \x23    \x23 \x23 \x23\x23 \x23   \x23  \x7c\x0a</data></match></read>
    <read><delim>\x0a</delim><match><data>\x7c      \x2b  \x23 \x2b   \x2b     \x23   \x7c\x0a</data></match></read>
    <read><delim>\x0a</delim><match><data>\x7c                         \x7c\x0a</data></match></read>
    <read><delim>\x0a</delim><match><data>\x7c         \x2b             \x2b \x7c\x0a</data></match></read>
    <read><delim>\x0a</delim><match><data>\x7c   \x2b                     \x7c\x0a</data></match></read>
    <read><delim>\x0a</delim><match><data>\x7c             \x2b           \x7c\x0a</data></match></read>
    <read><delim>\x0a</delim><match><data>\x7c        \x2b  \x2b \x2b     \x2b\x2b    \x7c\x0a</data></match></read>
    <read><delim>\x0a</delim><match><data>\x7c    \x2b                    \x7c\x0a</data></match></read>
    <read><delim>\x0a</delim><match><data>\x7c\x2b                \x2b       \x7c\x0a</data></match></read>
    <read><delim>\x0a</delim><match><data>\x7c                         \x7c\x0a</data></match></read>
    <read><delim>\x0a</delim><match><data>\x7c!       \x2b                \x7c\x0a</data></match></read>
    <read><delim>\x0a</delim><match><data>\x7c!   \x2b            \x2b       \x7c\x0a</data></match></read>
    <read><delim>\x0a</delim><match><data>\x7c!   \x2b   \x2b                \x7c\x0a</data></match></read>
    <read><delim>\x0a</delim><match><data>\x7c                         \x7c\x0a</data></match></read>
    <read><delim>\x0a</delim><match><data>\x7c !                       \x7c\x0a</data></match></read>
    <read><delim>\x0a</delim><match><data>\x7c !                       \x7c\x0a</data></match></read>
    <read><delim>\x0a</delim><match><data>\x7c !                       \x7c\x0a</data></match></read>
    <read><delim>\x0a</delim><match><data>\x7c !                       \x7c\x0a</data></match></read>
    <read><delim>\x0a</delim><match><data>\x7c !                       \x7c\x0a</data></match></read>
    <read><delim>\x0a</delim><match><data>\x7c !                       \x7c\x0a</data></match></read>
    <read><delim>\x0a</delim><match><data>\x7c !                       \x7c\x0a</data></match></read>
    <read><delim>\x0a</delim><match><data>\x7c !                       \x7c\x0a</data></match></read>
    <read><delim>\x0a</delim><match><data>\x7c W                       \x7c\x0a</data></match></read>
    <read><delim>\x0a</delim><match><data>\x2d\x2d\x2d\x2d\x2d\x2d\x2d\x2d\x2d\x2d\x2d\x2d\x2d\x2d\x2d\x2d\x2d\x2d\x2d\x2d\x2d\x2d\x2d\x2d\x2d\x2d\x2d\x0a</data></match></read>
    <read><delim>\x0a</delim><match><data>\x09\x09Level \x231\x0a</data></match></read>
    <write><data>k\x0a</data></write>
    <read><delim>\x0a</delim><match><data>\x09Welcome to Attackers General kuzfdvwehzkffrlmieuvoqepiokgedsh!\x0a</data></match></read>
    <read><delim>\x0a</delim><match><data>\x2d\x2d\x2d\x2d\x2d\x2d\x2d\x2d\x2d\x2d\x2d\x2d\x2d\x2d\x2d\x2d\x2d\x2d\x2d\x2d\x2d\x2d\x2d\x2d\x2d\x2d\x2d\x0a</data></match></read>
    <read><delim>\x0a</delim><match><data>\x7c    \x23     \x23        \x23 \x23   \x7c\x0a</data></match></read>
    <read><delim>\x0a</delim><match><data>\x7c \x23\x23   \x23 \x23    \x23\x23 \x23     \x23  \x7c\x0a</data></match></read>
    <read><delim>\x0a</delim><match><data>\x7c\x23 \x23   \x23   \x23  \x23 \x23 \x23\x23      \x7c\x0a</data></match></read>
    <read><delim>\x0a</delim><match><data>\x7c    \x23   \x23    \x2b \x2b  \x2b  \x23\x23  \x7c\x0a</data></match></read>
    <read><delim>\x0a</delim><match><data>\x7c      \x2b    \x2b   \x2b         \x7c\x0a</data></match></read>
    <read><delim>\x0a</delim><match><data>\x7c                         \x7c\x0a</data></match></read>
    <read><delim>\x0a</delim><match><data>\x7c         \x2b             \x2b \x7c\x0a</data></match></read>
    <read><delim>\x0a</delim><match><data>\x7c   \x2b                     \x7c\x0a</data></match></read>
    <read><delim>\x0a</delim><match><data>\x7c             \x2b           \x7c\x0a</data></match></read>
    <read><delim>\x0a</delim><match><data>\x7c        \x2b  \x2b \x2b     \x2b\x2b    \x7c\x0a</data></match></read>
    <read><delim>\x0a</delim><match><data>\x7c    \x2b                    \x7c\x0a</data></match></read>
    <read><delim>\x0a</delim><match><data>\x7c\x2b                \x2b       \x7c\x0a</data></match></read>
    <read><delim>\x0a</delim><match><data>\x7c!                        \x7c\x0a</data></match></read>
    <read><delim>\x0a</delim><match><data>\x7c!       \x2b                \x7c\x0a</data></match></read>
    <read><delim>\x0a</delim><match><data>\x7c    \x2b            \x2b       \x7c\x0a</data></match></read>
    <read><delim>\x0a</delim><match><data>\x7c !  \x2b   \x2b                \x7c\x0a</data></match></read>
    <read><delim>\x0a</delim><match><data>\x7c !                       \x7c\x0a</data></match></read>
    <read><delim>\x0a</delim><match><data>\x7c !                       \x7c\x0a</data></match></read>
    <read><delim>\x0a</delim><match><data>\x7c !                       \x7c\x0a</data></match></read>
    <read><delim>\x0a</delim><match><data>\x7c !                       \x7c\x0a</data></match></read>
    <read><delim>\x0a</delim><match><data>\x7c !                       \x7c\x0a</data></match></read>
    <read><delim>\x0a</delim><match><data>\x7c !                       \x7c\x0a</data></match></read>
    <read><delim>\x0a</delim><match><data>\x7c !                       \x7c\x0a</data></match></read>
    <read><delim>\x0a</delim><match><data>\x7c !                       \x7c\x0a</data></match></read>
    <read><delim>\x0a</delim><match><data>\x7c W                       \x7c\x0a</data></match></read>
    <read><delim>\x0a</delim><match><data>\x2d\x2d\x2d\x2d\x2d\x2d\x2d\x2d\x2d\x2d\x2d\x2d\x2d\x2d\x2d\x2d\x2d\x2d\x2d\x2d\x2d\x2d\x2d\x2d\x2d\x2d\x2d\x0a</data></match></read>
    <read><delim>\x0a</delim><match><data>\x09\x09Level \x231\x0a</data></match></read>
    <write><data>a\x0a</data></write>
    <read><delim>\x0a</delim><match><data>\x09Welcome to Attackers General kuzfdvwehzkffrlmieuvoqepiokgedsh!\x0a</data></match></read>
    <read><delim>\x0a</delim><match><data>\x2d\x2d\x2d\x2d\x2d\x2d\x2d\x2d\x2d\x2d\x2d\x2d\x2d\x2d\x2d\x2d\x2d\x2d\x2d\x2d\x2d\x2d\x2d\x2d\x2d\x2d\x2d\x0a</data></match></read>
    <read><delim>\x0a</delim><match><data>\x7c \x23      \x23 \x23         \x23 \x23  \x7c\x0a</data></match></read>
    <read><delim>\x0a</delim><match><data>\x7c   \x23\x23  \x23     \x23\x23 \x23  \x23     \x7c\x0a</data></match></read>
    <read><delim>\x0a</delim><match><data>\x7c \x23\x23   \x23      \x23\x23 \x23 \x23   \x23  \x7c\x0a</data></match></read>
    <read><delim>\x0a</delim><match><data>\x7c  \x2b \x23   \x23 \x23  \x2b    \x2b  \x23   \x7c\x0a</data></match></read>
    <read><delim>\x0a</delim><match><data>\x7c        \x2b    \x2b \x2b  \x2b      \x7c\x0a</data></match></read>
    <read><delim>\x0a</delim><match><data>\x7c      \x2b    \x2b   \x2b         \x7c\x0a</data></match></read>
    <read><delim>\x0a</delim><match><data>\x7c                         \x7c\x0a</data></match></read>
    <read><delim>\x0a</delim><match><data>\x7c         \x2b             \x2b \x7c\x0a</data></match></read>
    <read><delim>\x0a</delim><match><data>\x7c   \x2b                     \x7c\x0a</data></match></read>
    <read><delim>\x0a</delim><match><data>\x7c             \x2b           \x7c\x0a</data></match></read>
    <read><delim>\x0a</delim><match><data>\x7c!       \x2b  \x2b \x2b     \x2b\x2b    \x7c\x0a</data></match></read>
    <read><delim>\x0a</delim><match><data>\x7c!   \x2b                    \x7c\x0a</data></match></read>
    <read><delim>\x0a</delim><match><data>\x7c\x2b                \x2b       \x7c\x0a</data></match></read>
    <read><delim>\x0a</delim><match><data>\x7c                         \x7c\x0a</data></match></read>
    <read><delim>\x0a</delim><match><data>\x7c !      \x2b                \x7c\x0a</data></match></read>
    <read><delim>\x0a</delim><match><data>\x7c !  \x2b            \x2b       \x7c\x0a</data></match></read>
    <read><delim>\x0a</delim><match><data>\x7c !  \x2b   \x2b                \x7c\x0a</data></match></read>
    <read><delim>\x0a</delim><match><data>\x7c !                       \x7c\x0a</data></match></read>
    <read><delim>\x0a</delim><match><data>\x7c !                       \x7c\x0a</data></match></read>
    <read><delim>\x0a</delim><match><data>\x7c !                       \x7c\x0a</data></match></read>
    <read><delim>\x0a</delim><match><data>\x7c !                       \x7c\x0a</data></match></read>
    <read><delim>\x0a</delim><match><data>\x7c !                       \x7c\x0a</data></match></read>
    <read><delim>\x0a</delim><match><data>\x7c !                       \x7c\x0a</data></match></read>
    <read><delim>\x0a</delim><match><data>\x7c !                       \x7c\x0a</data></match></read>
    <read><delim>\x0a</delim><match><data>\x7c W                       \x7c\x0a</data></match></read>
    <read><delim>\x0a</delim><match><data>\x2d\x2d\x2d\x2d\x2d\x2d\x2d\x2d\x2d\x2d\x2d\x2d\x2d\x2d\x2d\x2d\x2d\x2d\x2d\x2d\x2d\x2d\x2d\x2d\x2d\x2d\x2d\x0a</data></match></read>
    <read><delim>\x0a</delim><match><data>\x09\x09Level \x231\x0a</data></match></read>
    <write><data>n\x0a</data></write>
    <read><delim>\x0a</delim><match><data>\x09Welcome to Attackers General kuzfdvwehzkffrlmieuvoqepiokgedsh!\x0a</data></match></read>
    <read><delim>\x0a</delim><match><data>\x2d\x2d\x2d\x2d\x2d\x2d\x2d\x2d\x2d\x2d\x2d\x2d\x2d\x2d\x2d\x2d\x2d\x2d\x2d\x2d\x2d\x2d\x2d\x2d\x2d\x2d\x2d\x0a</data></match></read>
    <read><delim>\x0a</delim><match><data>\x7c\x23  \x23     \x23    \x23    \x23\x23    \x7c\x0a</data></match></read>
    <read><delim>\x0a</delim><match><data>\x7c    \x23  \x23  \x23  \x23  \x23     \x23  \x7c\x0a</data></match></read>
    <read><delim>\x0a</delim><match><data>\x7c\x23 \x23 \x23  \x23        \x23    \x23   \x7c\x0a</data></match></read>
    <read><delim>\x0a</delim><match><data>\x7c         \x23\x23  \x23\x23   \x23   \x23  \x7c\x0a</data></match></read>
    <read><delim>\x0a</delim><match><data>\x7c  \x2b          \x2b    \x2b      \x7c\x0a</data></match></read>
    <read><delim>\x0a</delim><match><data>\x7c        \x2b    \x2b \x2b  \x2b      \x7c\x0a</data></match></read>
    <read><delim>\x0a</delim><match><data>\x7c      \x2b    \x2b   \x2b         \x7c\x0a</data></match></read>
    <read><delim>\x0a</delim><match><data>\x7c                         \x7c\x0a</data></match></read>
    <read><delim>\x0a</delim><match><data>\x7c         \x2b             \x2b \x7c\x0a</data></match></read>
    <read><delim>\x0a</delim><match><data>\x7c!  \x2b                     \x7c\x0a</data></match></read>
    <read><delim>\x0a</delim><match><data>\x7c!            \x2b           \x7c\x0a</data></match></read>
    <read><delim>\x0a</delim><match><data>\x7c!       \x2b  \x2b \x2b     \x2b\x2b    \x7c\x0a</data></match></read>
    <read><delim>\x0a</delim><match><data>\x7c    \x2b                    \x7c\x0a</data></match></read>
    <read><delim>\x0a</delim><match><data>\x7c\x2b!               \x2b       \x7c\x0a</data></match></read>
    <read><delim>\x0a</delim><match><data>\x7c !                       \x7c\x0a</data></match></read>
    <read><delim>\x0a</delim><match><data>\x7c !      \x2b                \x7c\x0a</data></match></read>
    <read><delim>\x0a</delim><match><data>\x7c !  \x2b            \x2b       \x7c\x0a</data></match></read>
    <read><delim>\x0a</delim><match><data>\x7c !  \x2b   \x2b                \x7c\x0a</data></match></read>
    <read><delim>\x0a</delim><match><data>\x7c !                       \x7c\x0a</data></match></read>
    <read><delim>\x0a</delim><match><data>\x7c !                       \x7c\x0a</data></match></read>
    <read><delim>\x0a</delim><match><data>\x7c !                       \x7c\x0a</data></match></read>
    <read><delim>\x0a</delim><match><data>\x7c !                       \x7c\x0a</data></match></read>
    <read><delim>\x0a</delim><match><data>\x7c !                       \x7c\x0a</data></match></read>
    <read><delim>\x0a</delim><match><data>\x7c                         \x7c\x0a</data></match></read>
    <read><delim>\x0a</delim><match><data>\x7cW                        \x7c\x0a</data></match></read>
    <read><delim>\x0a</delim><match><data>\x2d\x2d\x2d\x2d\x2d\x2d\x2d\x2d\x2d\x2d\x2d\x2d\x2d\x2d\x2d\x2d\x2d\x2d\x2d\x2d\x2d\x2d\x2d\x2d\x2d\x2d\x2d\x0a</data></match></read>
    <read><delim>\x0a</delim><match><data>\x09\x09Level \x231\x0a</data></match></read>
    <write><data>p\x0a</data></write>
    <read><delim>\x0a</delim><match><data>\x09Welcome to Attackers General kuzfdvwehzkffrlmieuvoqepiokgedsh!\x0a</data></match></read>
    <read><delim>\x0a</delim><match><data>\x2d\x2d\x2d\x2d\x2d\x2d\x2d\x2d\x2d\x2d\x2d\x2d\x2d\x2d\x2d\x2d\x2d\x2d\x2d\x2d\x2d\x2d\x2d\x2d\x2d\x2d\x2d\x0a</data></match></read>
    <read><delim>\x0a</delim><match><data>\x7c \x23\x23 \x23   \x23       \x23  \x23     \x7c\x0a</data></match></read>
    <read><delim>\x0a</delim><match><data>\x7c       \x23  \x23 \x23 \x23     \x23  \x23 \x7c\x0a</data></match></read>
    <read><delim>\x0a</delim><match><data>\x7c\x23  \x23 \x23        \x23     \x23 \x23  \x7c\x0a</data></match></read>
    <read><delim>\x0a</delim><match><data>\x7c       \x23 \x23\x23  \x23  \x23  \x23     \x7c\x0a</data></match></read>
    <read><delim>\x0a</delim><match><data>\x7c         \x2b\x2b              \x7c\x0a</data></match></read>
    <read><delim>\x0a</delim><match><data>\x7c  \x2b          \x2b    \x2b      \x7c\x0a</data></match></read>
    <read><delim>\x0a</delim><match><data>\x7c        \x2b    \x2b \x2b  \x2b      \x7c\x0a</data></match></read>
    <read><delim>\x0a</delim><match><data>\x7c      \x2b    \x2b   \x2b         \x7c\x0a</data></match></read>
    <read><delim>\x0a</delim><match><data>\x7c!                        \x7c\x0a</data></match></read>
    <read><delim>\x0a</delim><match><data>\x7c!        \x2b             \x2b \x7c\x0a</data></match></read>
    <read><delim>\x0a</delim><match><data>\x7c!  \x2b                     \x7c\x0a</data></match></read>
    <read><delim>\x0a</delim><match><data>\x7c             \x2b           \x7c\x0a</data></match></read>
    <read><delim>\x0a</delim><match><data>\x7c !      \x2b  \x2b \x2b     \x2b\x2b    \x7c\x0a</data></match></read>
    <read><delim>\x0a</delim><match><data>\x7c !  \x2b                    \x7c\x0a</data></match></read>
    <read><delim>\x0a</delim><match><data>\x7c\x2b!               \x2b       \x7c\x0a</data></match></read>
    <read><delim>\x0a</delim><match><data>\x7c !                       \x7c\x0a</data></match></read>
    <read><delim>\x0a</delim><match><data>\x7c !      \x2b                \x7c\x0a</data></match></read>
    <read><delim>\x0a</delim><match><data>\x7c !  \x2b            \x2b       \x7c\x0a</data></match></read>
    <read><delim>\x0a</delim><match><data>\x7c !  \x2b   \x2b                \x7c\x0a</data></match></read>
    <read><delim>\x0a</delim><match><data>\x7c !                       \x7c\x0a</data></match></read>
    <read><delim>\x0a</delim><match><data>\x7c !                       \x7c\x0a</data></match></read>
    <read><delim>\x0a</delim><match><data>\x7c !                       \x7c\x0a</data></match></read>
    <read><delim>\x0a</delim><match><data>\x7c                         \x7c\x0a</data></match></read>
    <read><delim>\x0a</delim><match><data>\x7c!                        \x7c\x0a</data></match></read>
    <read><delim>\x0a</delim><match><data>\x7cW                        \x7c\x0a</data></match></read>
    <read><delim>\x0a</delim><match><data>\x2d\x2d\x2d\x2d\x2d\x2d\x2d\x2d\x2d\x2d\x2d\x2d\x2d\x2d\x2d\x2d\x2d\x2d\x2d\x2d\x2d\x2d\x2d\x2d\x2d\x2d\x2d\x0a</data></match></read>
    <read><delim>\x0a</delim><match><data>\x09\x09Level \x231\x0a</data></match></read>
    <write><data>t\x0a</data></write>
    <read><delim>\x0a</delim><match><data>\x09Welcome to Attackers General kuzfdvwehzkffrlmieuvoqepiokgedsh!\x0a</data></match></read>
    <read><delim>\x0a</delim><match><data>\x2d\x2d\x2d\x2d\x2d\x2d\x2d\x2d\x2d\x2d\x2d\x2d\x2d\x2d\x2d\x2d\x2d\x2d\x2d\x2d\x2d\x2d\x2d\x2d\x2d\x2d\x2d\x0a</data></match></read>
    <read><delim>\x0a</delim><match><data>\x7c    \x23    \x23  \x23   \x23  \x23\x23    \x7c\x0a</data></match></read>
    <read><delim>\x0a</delim><match><data>\x7c \x23\x23    \x23   \x23  \x23       \x23  \x7c\x0a</data></match></read>
    <read><delim>\x0a</delim><match><data>\x7c\x23    \x23    \x23   \x23    \x23     \x7c\x0a</data></match></read>
    <read><delim>\x0a</delim><match><data>\x7c\x2b  \x23   \x23 \x23  \x23   \x23   \x23 \x23  \x7c\x0a</data></match></read>
    <read><delim>\x0a</delim><match><data>\x7c       \x2b        \x2b        \x7c\x0a</data></match></read>
    <read><delim>\x0a</delim><match><data>\x7c         \x2b\x2b              \x7c\x0a</data></match></read>
    <read><delim>\x0a</delim><match><data>\x7c  \x2b          \x2b    \x2b      \x7c\x0a</data></match></read>
    <read><delim>\x0a</delim><match><data>\x7c!       \x2b    \x2b \x2b  \x2b      \x7c\x0a</data></match></read>
    <read><delim>\x0a</delim><match><data>\x7c!     \x2b    \x2b   \x2b         \x7c\x0a</data></match></read>
    <read><delim>\x0a</delim><match><data>\x7c!                        \x7c\x0a</data></match></read>
    <read><delim>\x0a</delim><match><data>\x7c         \x2b             \x2b \x7c\x0a</data></match></read>
    <read><delim>\x0a</delim><match><data>\x7c ! \x2b                     \x7c\x0a</data></match></read>
    <read><delim>\x0a</delim><match><data>\x7c !           \x2b           \x7c\x0a</data></match></read>
    <read><delim>\x0a</delim><match><data>\x7c !      \x2b  \x2b \x2b     \x2b\x2b    \x7c\x0a</data></match></read>
    <read><delim>\x0a</delim><match><data>\x7c !  \x2b                    \x7c\x0a</data></match></read>
    <read><delim>\x0a</delim><match><data>\x7c\x2b!               \x2b       \x7c\x0a</data></match></read>
    <read><delim>\x0a</delim><match><data>\x7c !                       \x7c\x0a</data></match></read>
    <read><delim>\x0a</delim><match><data>\x7c !      \x2b                \x7c\x0a</data></match></read>
    <read><delim>\x0a</delim><match><data>\x7c !  \x2b            \x2b       \x7c\x0a</data></match></read>
    <read><delim>\x0a</delim><match><data>\x7c !  \x2b   \x2b                \x7c\x0a</data></match></read>
    <read><delim>\x0a</delim><match><data>\x7c !                       \x7c\x0a</data></match></read>
    <read><delim>\x0a</delim><match><data>\x7c                         \x7c\x0a</data></match></read>
    <read><delim>\x0a</delim><match><data>\x7c!                        \x7c\x0a</data></match></read>
    <read><delim>\x0a</delim><match><data>\x7c!                        \x7c\x0a</data></match></read>
    <read><delim>\x0a</delim><match><data>\x7cW                        \x7c\x0a</data></match></read>
    <read><delim>\x0a</delim><match><data>\x2d\x2d\x2d\x2d\x2d\x2d\x2d\x2d\x2d\x2d\x2d\x2d\x2d\x2d\x2d\x2d\x2d\x2d\x2d\x2d\x2d\x2d\x2d\x2d\x2d\x2d\x2d\x0a</data></match></read>
    <read><delim>\x0a</delim><match><data>\x09\x09Level \x231\x0a</data></match></read>
    <write><data>l\x0a</data></write>
    <read><delim>\x0a</delim><match><data>\x09Welcome to Attackers General kuzfdvwehzkffrlmieuvoqepiokgedsh!\x0a</data></match></read>
    <read><delim>\x0a</delim><match><data>\x2d\x2d\x2d\x2d\x2d\x2d\x2d\x2d\x2d\x2d\x2d\x2d\x2d\x2d\x2d\x2d\x2d\x2d\x2d\x2d\x2d\x2d\x2d\x2d\x2d\x2d\x2d\x0a</data></match></read>
    <read><delim>\x0a</delim><match><data>\x7c    \x23  \x23 \x23   \x23\x23 \x23  \x23\x23    \x7c\x0a</data></match></read>
    <read><delim>\x0a</delim><match><data>\x7c \x23\x23       \x23           \x23  \x7c\x0a</data></match></read>
    <read><delim>\x0a</delim><match><data>\x7c\x23   \x23         \x23    \x23     \x7c\x0a</data></match></read>
    <read><delim>\x0a</delim><match><data>\x7c   \x23  \x23  \x23\x23  \x23\x2b \x23  \x2b \x23 \x23 \x7c\x0a</data></match></read>
    <read><delim>\x0a</delim><match><data>\x7c\x2b  \x2b            \x2b        \x7c\x0a</data></match></read>
    <read><delim>\x0a</delim><match><data>\x7c       \x2b        \x2b        \x7c\x0a</data></match></read>
    <read><delim>\x0a</delim><match><data>\x7c!        \x2b\x2b              \x7c\x0a</data></match></read>
    <read><delim>\x0a</delim><match><data>\x7c! \x2b          \x2b    \x2b      \x7c\x0a</data></match></read>
    <read><delim>\x0a</delim><match><data>\x7c!       \x2b    \x2b \x2b  \x2b      \x7c\x0a</data></match></read>
    <read><delim>\x0a</delim><match><data>\x7c      \x2b    \x2b   \x2b         \x7c\x0a</data></match></read>
    <read><delim>\x0a</delim><match><data>\x7c !                       \x7c\x0a</data></match></read>
    <read><delim>\x0a</delim><match><data>\x7c !       \x2b             \x2b \x7c\x0a</data></match></read>
    <read><delim>\x0a</delim><match><data>\x7c ! \x2b                     \x7c\x0a</data></match></read>
    <read><delim>\x0a</delim><match><data>\x7c !           \x2b           \x7c\x0a</data></match></read>
    <read><delim>\x0a</delim><match><data>\x7c !      \x2b  \x2b \x2b     \x2b\x2b    \x7c\x0a</data></match></read>
    <read><delim>\x0a</delim><match><data>\x7c !  \x2b                    \x7c\x0a</data></match></read>
    <read><delim>\x0a</delim><match><data>\x7c\x2b!               \x2b       \x7c\x0a</data></match></read>
    <read><delim>\x0a</delim><match><data>\x7c !                       \x7c\x0a</data></match></read>
    <read><delim>\x0a</delim><match><data>\x7c !      \x2b                \x7c\x0a</data></match></read>
    <read><delim>\x0a</delim><match><data>\x7c !  \x2b            \x2b       \x7c\x0a</data></match></read>
    <read><delim>\x0a</delim><match><data>\x7c    \x2b   \x2b                \x7c\x0a</data></match></read>
    <read><delim>\x0a</delim><match><data>\x7c!                        \x7c\x0a</data></match></read>
    <read><delim>\x0a</delim><match><data>\x7c!                        \x7c\x0a</data></match></read>
    <read><delim>\x0a</delim><match><data>\x7c!                        \x7c\x0a</data></match></read>
    <read><delim>\x0a</delim><match><data>\x7cW                        \x7c\x0a</data></match></read>
    <read><delim>\x0a</delim><match><data>\x2d\x2d\x2d\x2d\x2d\x2d\x2d\x2d\x2d\x2d\x2d\x2d\x2d\x2d\x2d\x2d\x2d\x2d\x2d\x2d\x2d\x2d\x2d\x2d\x2d\x2d\x2d\x0a</data></match></read>
    <read><delim>\x0a</delim><match><data>\x09\x09Level \x231\x0a</data></match></read>
    <write><data>h\x0a</data></write>
    <read><delim>\x0a</delim><match><data>\x09Welcome to Attackers General kuzfdvwehzkffrlmieuvoqepiokgedsh!\x0a</data></match></read>
    <read><delim>\x0a</delim><match><data>\x2d\x2d\x2d\x2d\x2d\x2d\x2d\x2d\x2d\x2d\x2d\x2d\x2d\x2d\x2d\x2d\x2d\x2d\x2d\x2d\x2d\x2d\x2d\x2d\x2d\x2d\x2d\x0a</data></match></read>
    <read><delim>\x0a</delim><match><data>\x7c    \x23         \x23  \x23 \x23 \x23   \x7c\x0a</data></match></read>
    <read><delim>\x0a</delim><match><data>\x7c\x23 \x23    \x23 \x23 \x23 \x23        \x23  \x7c\x0a</data></match></read>
    <read><delim>\x0a</delim><match><data>\x7c\x23    \x23         \x23  \x23  \x23   \x7c\x0a</data></match></read>
    <read><delim>\x0a</delim><match><data>\x7c\x2b  \x23  \x23  \x23 \x23\x23    \x23     \x23 \x7c\x0a</data></match></read>
    <read><delim>\x0a</delim><match><data>\x7c   \x2b     \x2b    \x2b    \x2b   \x2b \x7c\x0a</data></match></read>
    <read><delim>\x0a</delim><match><data>\x7c\x2b  \x2b            \x2b        \x7c\x0a</data></match></read>
    <read><delim>\x0a</delim><match><data>\x7c!      \x2b        \x2b        \x7c\x0a</data></match></read>
    <read><delim>\x0a</delim><match><data>\x7c!        \x2b\x2b              \x7c\x0a</data></match></read>
    <read><delim>\x0a</delim><match><data>\x7c  \x2b          \x2b    \x2b      \x7c\x0a</data></match></read>
    <read><delim>\x0a</delim><match><data>\x7c !      \x2b    \x2b \x2b  \x2b      \x7c\x0a</data></match></read>
    <read><delim>\x0a</delim><match><data>\x7c !    \x2b    \x2b   \x2b         \x7c\x0a</data></match></read>
    <read><delim>\x0a</delim><match><data>\x7c !                       \x7c\x0a</data></match></read>
    <read><delim>\x0a</delim><match><data>\x7c !       \x2b             \x2b \x7c\x0a</data></match></read>
    <read><delim>\x0a</delim><match><data>\x7c ! \x2b                     \x7c\x0a</data></match></read>
    <read><delim>\x0a</delim><match><data>\x7c !           \x2b           \x7c\x0a</data></match></read>
    <read><delim>\x0a</delim><match><data>\x7c !      \x2b  \x2b \x2b     \x2b\x2b    \x7c\x0a</data></match></read>
    <read><delim>\x0a</delim><match><data>\x7c !  \x2b                    \x7c\x0a</data></match></read>
    <read><delim>\x0a</delim><match><data>\x7c\x2b!               \x2b       \x7c\x0a</data></match></read>
    <read><delim>\x0a</delim><match><data>\x7c !                       \x7c\x0a</data></match></read>
    <read><delim>\x0a</delim><match><data>\x7c        \x2b                \x7c\x0a</data></match></read>
    <read><delim>\x0a</delim><match><data>\x7c!   \x2b            \x2b       \x7c\x0a</data></match></read>
    <read><delim>\x0a</delim><match><data>\x7c!   \x2b   \x2b                \x7c\x0a</data></match></read>
    <read><delim>\x0a</delim><match><data>\x7c!                        \x7c\x0a</data></match></read>
    <read><delim>\x0a</delim><match><data>\x7c!                        \x7c\x0a</data></match></read>
    <read><delim>\x0a</delim><match><data>\x7cW                        \x7c\x0a</data></match></read>
    <read><delim>\x0a</delim><match><data>\x2d\x2d\x2d\x2d\x2d\x2d\x2d\x2d\x2d\x2d\x2d\x2d\x2d\x2d\x2d\x2d\x2d\x2d\x2d\x2d\x2d\x2d\x2d\x2d\x2d\x2d\x2d\x0a</data></match></read>
    <read><delim>\x0a</delim><match><data>\x09\x09Level \x231\x0a</data></match></read>
    <write><data>x\x0a</data></write>
    <read><delim>\x0a</delim><match><data>\x09Welcome to Attackers General kuzfdvwehzkffrlmieuvoqepiokgedsh!\x0a</data></match></read>
    <read><delim>\x0a</delim><match><data>\x2d\x2d\x2d\x2d\x2d\x2d\x2d\x2d\x2d\x2d\x2d\x2d\x2d\x2d\x2d\x2d\x2d\x2d\x2d\x2d\x2d\x2d\x2d\x2d\x2d\x2d\x2d\x0a</data></match></read>
    <read><delim>\x0a</delim><match><data>\x7c                         \x7c\x0a</data></match></read>
    <read><delim>\x0a</delim><match><data>\x7c             \x23\x23          \x7c\x0a</data></match></read>
    <read><delim>\x0a</delim><match><data>\x7c\x23 \x23 \x23 \x23 \x23  \x23     \x23 \x23 \x23 \x23 \x7c\x0a</data></match></read>
    <read><delim>\x0a</delim><match><data>\x7c\x23        \x23    \x23      \x23   \x7c\x0a</data></match></read>
    <read><delim>\x0a</delim><match><data>\x7c\x2b  \x23 \x23 \x23   \x23\x23   \x23 \x23  \x2b \x23 \x7c\x0a</data></match></read>
    <read><delim>\x0a</delim><match><data>\x7c!  \x2b     \x2b \x2b\x2b \x2b    \x2b   \x2b \x7c\x0a</data></match></read>
    <read><delim>\x0a</delim><match><data>\x7c\x2b  \x2b            \x2b        \x7c\x0a</data></match></read>
    <read><delim>\x0a</delim><match><data>\x7c       \x2b        \x2b        \x7c\x0a</data></match></read>
    <read><delim>\x0a</delim><match><data>\x7c !       \x2b\x2b              \x7c\x0a</data></match></read>
    <read><delim>\x0a</delim><match><data>\x7c !\x2b          \x2b    \x2b      \x7c\x0a</data></match></read>
    <read><delim>\x0a</delim><match><data>\x7c !      \x2b    \x2b \x2b  \x2b      \x7c\x0a</data></match></read>
    <read><delim>\x0a</delim><match><data>\x7c !    \x2b    \x2b   \x2b         \x7c\x0a</data></match></read>
    <read><delim>\x0a</delim><match><data>\x7c !                       \x7c\x0a</data></match></read>
    <read><delim>\x0a</delim><match><data>\x7c !       \x2b             \x2b \x7c\x0a</data></match></read>
    <read><delim>\x0a</delim><match><data>\x7c ! \x2b                     \x7c\x0a</data></match></read>
    <read><delim>\x0a</delim><match><data>\x7c !           \x2b           \x7c\x0a</data></match></read>
    <read><delim>\x0a</delim><match><data>\x7c !      \x2b  \x2b \x2b     \x2b\x2b    \x7c\x0a</data></match></read>
    <read><delim>\x0a</delim><match><data>\x7c !  \x2b                    \x7c\x0a</data></match></read>
    <read><delim>\x0a</delim><match><data>\x7c\x2b                \x2b       \x7c\x0a</data></match></read>
    <read><delim>\x0a</delim><match><data>\x7c!                        \x7c\x0a</data></match></read>
    <read><delim>\x0a</delim><match><data>\x7c!       \x2b                \x7c\x0a</data></match></read>
    <read><delim>\x0a</delim><match><data>\x7c!   \x2b            \x2b       \x7c\x0a</data></match></read>
    <read><delim>\x0a</delim><match><data>\x7c!   \x2b   \x2b                \x7c\x0a</data></match></read>
    <read><delim>\x0a</delim><match><data>\x7c!                        \x7c\x0a</data></match></read>
    <read><delim>\x0a</delim><match><data>\x7cW                        \x7c\x0a</data></match></read>
    <read><delim>\x0a</delim><match><data>\x2d\x2d\x2d\x2d\x2d\x2d\x2d\x2d\x2d\x2d\x2d\x2d\x2d\x2d\x2d\x2d\x2d\x2d\x2d\x2d\x2d\x2d\x2d\x2d\x2d\x2d\x2d\x0a</data></match></read>
    <read><delim>\x0a</delim><match><data>\x09\x09Level \x232\x0a</data></match></read>
    <write><data>p\x0a</data></write>
    <read><delim>\x0a</delim><match><data>\x09Welcome to Attackers General kuzfdvwehzkffrlmieuvoqepiokgedsh!\x0a</data></match></read>
    <read><delim>\x0a</delim><match><data>\x2d\x2d\x2d\x2d\x2d\x2d\x2d\x2d\x2d\x2d\x2d\x2d\x2d\x2d\x2d\x2d\x2d\x2d\x2d\x2d\x2d\x2d\x2d\x2d\x2d\x2d\x2d\x0a</data></match></read>
    <read><delim>\x0a</delim><match><data>\x7c                         \x7c\x0a</data></match></read>
    <read><delim>\x0a</delim><match><data>\x7c  \x23   \x23      \x23           \x7c\x0a</data></match></read>
    <read><delim>\x0a</delim><match><data>\x7c \x23   \x23  \x23  \x23  \x23  \x23 \x23 \x23\x23  \x7c\x0a</data></match></read>
    <read><delim>\x0a</delim><match><data>\x7c!\x23   \x23  \x23       \x23    \x23   \x7c\x0a</data></match></read>
    <read><delim>\x0a</delim><match><data>\x7c!  \x23   \x23   \x23\x23 \x23   \x23    \x23 \x7c\x0a</data></match></read>
    <read><delim>\x0a</delim><match><data>\x7c\x2b           \x2b        \x2b   \x7c\x0a</data></match></read>
    <read><delim>\x0a</delim><match><data>\x7c   \x2b     \x2b \x2b\x2b \x2b    \x2b   \x2b \x7c\x0a</data></match></read>
    <read><delim>\x0a</delim><match><data>\x7c\x2b! \x2b            \x2b        \x7c\x0a</data></match></read>
    <read><delim>\x0a</delim><match><data>\x7c !     \x2b        \x2b        \x7c\x0a</data></match></read>
    <read><delim>\x0a</delim><match><data>\x7c !       \x2b\x2b              \x7c\x0a</data></match></read>
    <read><delim>\x0a</delim><match><data>\x7c !\x2b          \x2b    \x2b      \x7c\x0a</data></match></read>
    <read><delim>\x0a</delim><match><data>\x7c !      \x2b    \x2b \x2b  \x2b      \x7c\x0a</data></match></read>
    <read><delim>\x0a</delim><match><data>\x7c !    \x2b    \x2b   \x2b         \x7c\x0a</data></match></read>
    <read><delim>\x0a</delim><match><data>\x7c !                       \x7c\x0a</data></match></read>
    <read><delim>\x0a</delim><match><data>\x7c !       \x2b             \x2b \x7c\x0a</data></match></read>
    <read><delim>\x0a</delim><match><data>\x7c ! \x2b                     \x7c\x0a</data></match></read>
    <read><delim>\x0a</delim><match><data>\x7c !           \x2b           \x7c\x0a</data></match></read>
    <read><delim>\x0a</delim><match><data>\x7c        \x2b  \x2b \x2b     \x2b\x2b    \x7c\x0a</data></match></read>
    <read><delim>\x0a</delim><match><data>\x7c!   \x2b                    \x7c\x0a</data></match></read>
    <read><delim>\x0a</delim><match><data>\x7c\x2b                \x2b       \x7c\x0a</data></match></read>
    <read><delim>\x0a</delim><match><data>\x7c!                        \x7c\x0a</data></match></read>
    <read><delim>\x0a</delim><match><data>\x7c!       \x2b                \x7c\x0a</data></match></read>
    <read><delim>\x0a</delim><match><data>\x7c!   \x2b            \x2b       \x7c\x0a</data></match></read>
    <read><delim>\x0a</delim><match><data>\x7c!   \x2b   \x2b                \x7c\x0a</data></match></read>
    <read><delim>\x0a</delim><match><data>\x7cW                        \x7c\x0a</data></match></read>
    <read><delim>\x0a</delim><match><data>\x2d\x2d\x2d\x2d\x2d\x2d\x2d\x2d\x2d\x2d\x2d\x2d\x2d\x2d\x2d\x2d\x2d\x2d\x2d\x2d\x2d\x2d\x2d\x2d\x2d\x2d\x2d\x0a</data></match></read>
    <read><delim>\x0a</delim><match><data>\x09\x09Level \x232\x0a</data></match></read>
    <write><data>v\x0a</data></write>
    <read><delim>\x0a</delim><match><data>\x09Welcome to Attackers General kuzfdvwehzkffrlmieuvoqepiokgedsh!\x0a</data></match></read>
    <read><delim>\x0a</delim><match><data>\x2d\x2d\x2d\x2d\x2d\x2d\x2d\x2d\x2d\x2d\x2d\x2d\x2d\x2d\x2d\x2d\x2d\x2d\x2d\x2d\x2d\x2d\x2d\x2d\x2d\x2d\x2d\x0a</data></match></read>
    <read><delim>\x0a</delim><match><data>\x7c                         \x7c\x0a</data></match></read>
    <read><delim>\x0a</delim><match><data>\x7c  \x23    \x23\x23   \x23 \x23  \x23   \x23   \x7c\x0a</data></match></read>
    <read><delim>\x0a</delim><match><data>\x7c!\x23   \x23    \x23        \x23  \x23  \x7c\x0a</data></match></read>
    <read><delim>\x0a</delim><match><data>\x7c    \x23  \x23\x23         \x23 \x23  \x23 \x7c\x0a</data></match></read>
    <read><delim>\x0a</delim><match><data>\x7c!  \x23       \x23 \x23 \x23\x23        \x7c\x0a</data></match></read>
    <read><delim>\x0a</delim><match><data>\x7c   \x2b       \x2b             \x7c\x0a</data></match></read>
    <read><delim>\x0a</delim><match><data>\x7c\x2b!          \x2b        \x2b   \x7c\x0a</data></match></read>
    <read><delim>\x0a</delim><match><data>\x7c ! \x2b     \x2b \x2b\x2b \x2b    \x2b   \x2b \x7c\x0a</data></match></read>
    <read><delim>\x0a</delim><match><data>\x7c\x2b! \x2b            \x2b        \x7c\x0a</data></match></read>
    <read><delim>\x0a</delim><match><data>\x7c !     \x2b        \x2b        \x7c\x0a</data></match></read>
    <read><delim>\x0a</delim><match><data>\x7c !       \x2b\x2b              \x7c\x0a</data></match></read>
    <read><delim>\x0a</delim><match><data>\x7c !\x2b          \x2b    \x2b      \x7c\x0a</data></match></read>
    <read><delim>\x0a</delim><match><data>\x7c !      \x2b    \x2b \x2b  \x2b      \x7c\x0a</data></match></read>
    <read><delim>\x0a</delim><match><data>\x7c !    \x2b    \x2b   \x2b         \x7c\x0a</data></match></read>
    <read><delim>\x0a</delim><match><data>\x7c !                       \x7c\x0a</data></match></read>
    <read><delim>\x0a</delim><match><data>\x7c !       \x2b             \x2b \x7c\x0a</data></match></read>
    <read><delim>\x0a</delim><match><data>\x7c   \x2b                     \x7c\x0a</data></match></read>
    <read><delim>\x0a</delim><match><data>\x7c!            \x2b           \x7c\x0a</data></match></read>
    <read><delim>\x0a</delim><match><data>\x7c!       \x2b  \x2b \x2b     \x2b\x2b    \x7c\x0a</data></match></read>
    <read><delim>\x0a</delim><match><data>\x7c!   \x2b                    \x7c\x0a</data></match></read>
    <read><delim>\x0a</delim><match><data>\x7c\x2b                \x2b       \x7c\x0a</data></match></read>
    <read><delim>\x0a</delim><match><data>\x7c!                        \x7c\x0a</data></match></read>
    <read><delim>\x0a</delim><match><data>\x7c!       \x2b                \x7c\x0a</data></match></read>
    <read><delim>\x0a</delim><match><data>\x7c!   \x2b            \x2b       \x7c\x0a</data></match></read>
    <read><delim>\x0a</delim><match><data>\x7cW   \x2b   \x2b                \x7c\x0a</data></match></read>
    <read><delim>\x0a</delim><match><data>\x2d\x2d\x2d\x2d\x2d\x2d\x2d\x2d\x2d\x2d\x2d\x2d\x2d\x2d\x2d\x2d\x2d\x2d\x2d\x2d\x2d\x2d\x2d\x2d\x2d\x2d\x2d\x0a</data></match></read>
    <read><delim>\x0a</delim><match><data>\x09\x09Level \x232\x0a</data></match></read>
    <write><data>w\x0a</data></write>
    <read><delim>\x0a</delim><match><data>\x09Welcome to Attackers General kuzfdvwehzkffrlmieuvoqepiokgedsh!\x0a</data></match></read>
    <read><delim>\x0a</delim><match><data>\x2d\x2d\x2d\x2d\x2d\x2d\x2d\x2d\x2d\x2d\x2d\x2d\x2d\x2d\x2d\x2d\x2d\x2d\x2d\x2d\x2d\x2d\x2d\x2d\x2d\x2d\x2d\x0a</data></match></read>
    <read><delim>\x0a</delim><match><data>\x7c                         \x7c\x0a</data></match></read>
    <read><delim>\x0a</delim><match><data>\x7c!\x23 \x23   \x23  \x23    \x23 \x23   \x23   \x7c\x0a</data></match></read>
    <read><delim>\x0a</delim><match><data>\x7c     \x23  \x23   \x23     \x23    \x23 \x7c\x0a</data></match></read>
    <read><delim>\x0a</delim><match><data>\x7c!  \x23 \x23   \x23      \x23 \x23 \x23 \x23  \x7c\x0a</data></match></read>
    <read><delim>\x0a</delim><match><data>\x7c       \x23  \x23 \x23 \x23          \x7c\x0a</data></match></read>
    <read><delim>\x0a</delim><match><data>\x7c !                       \x7c\x0a</data></match></read>
    <read><delim>\x0a</delim><match><data>\x7c ! \x2b       \x2b             \x7c\x0a</data></match></read>
    <read><delim>\x0a</delim><match><data>\x7c\x2b!          \x2b        \x2b   \x7c\x0a</data></match></read>
    <read><delim>\x0a</delim><match><data>\x7c ! \x2b     \x2b \x2b\x2b \x2b    \x2b   \x2b \x7c\x0a</data></match></read>
    <read><delim>\x0a</delim><match><data>\x7c\x2b! \x2b            \x2b        \x7c\x0a</data></match></read>
    <read><delim>\x0a</delim><match><data>\x7c !     \x2b        \x2b        \x7c\x0a</data></match></read>
    <read><delim>\x0a</delim><match><data>\x7c !       \x2b\x2b              \x7c\x0a</data></match></read>
    <read><delim>\x0a</delim><match><data>\x7c !\x2b          \x2b    \x2b      \x7c\x0a</data></match></read>
    <read><delim>\x0a</delim><match><data>\x7c !      \x2b    \x2b \x2b  \x2b      \x7c\x0a</data></match></read>
    <read><delim>\x0a</delim><match><data>\x7c !    \x2b    \x2b   \x2b         \x7c\x0a</data></match></read>
    <read><delim>\x0a</delim><match><data>\x7c                         \x7c\x0a</data></match></read>
    <read><delim>\x0a</delim><match><data>\x7c!        \x2b             \x2b \x7c\x0a</data></match></read>
    <read><delim>\x0a</delim><match><data>\x7c!  \x2b                     \x7c\x0a</data></match></read>
    <read><delim>\x0a</delim><match><data>\x7c!            \x2b           \x7c\x0a</data></match></read>
    <read><delim>\x0a</delim><match><data>\x7c!       \x2b  \x2b \x2b     \x2b\x2b    \x7c\x0a</data></match></read>
    <read><delim>\x0a</delim><match><data>\x7c!   \x2b                    \x7c\x0a</data></match></read>
    <read><delim>\x0a</delim><match><data>\x7c\x2b                \x2b       \x7c\x0a</data></match></read>
    <read><delim>\x0a</delim><match><data>\x7c!                        \x7c\x0a</data></match></read>
    <read><delim>\x0a</delim><match><data>\x7c!       \x2b                \x7c\x0a</data></match></read>
    <read><delim>\x0a</delim><match><data>\x7cW   \x2b            \x2b       \x7c\x0a</data></match></read>
    <read><delim>\x0a</delim><match><data>\x2d\x2d\x2d\x2d\x2d\x2d\x2d\x2d\x2d\x2d\x2d\x2d\x2d\x2d\x2d\x2d\x2d\x2d\x2d\x2d\x2d\x2d\x2d\x2d\x2d\x2d\x2d\x0a</data></match></read>
    <read><delim>\x0a</delim><match><data>\x09\x09Level \x232\x0a</data></match></read>
    <write><data>j\x0a</data></write>
    <read><delim>\x0a</delim><match><data>\x09Welcome to Attackers General kuzfdvwehzkffrlmieuvoqepiokgedsh!\x0a</data></match></read>
    <read><delim>\x0a</delim><match><data>\x2d\x2d\x2d\x2d\x2d\x2d\x2d\x2d\x2d\x2d\x2d\x2d\x2d\x2d\x2d\x2d\x2d\x2d\x2d\x2d\x2d\x2d\x2d\x2d\x2d\x2d\x2d\x0a</data></match></read>
    <read><delim>\x0a</delim><match><data>\x7c!                        \x7c\x0a</data></match></read>
    <read><delim>\x0a</delim><match><data>\x7c   \x23 \x23    \x23    \x23\x23      \x23 \x7c\x0a</data></match></read>
    <read><delim>\x0a</delim><match><data>\x7c!\x23     \x23\x23    \x23     \x23 \x23   \x7c\x0a</data></match></read>
    <read><delim>\x0a</delim><match><data>\x7c        \x23     \x23 \x23    \x23   \x7c\x0a</data></match></read>
    <read><delim>\x0a</delim><match><data>\x7c ! \x23 \x23 \x23   \x23\x23     \x23   \x23  \x7c\x0a</data></match></read>
    <read><delim>\x0a</delim><match><data>\x7c !          \x2b            \x7c\x0a</data></match></read>
    <read><delim>\x0a</delim><match><data>\x7c !                       \x7c\x0a</data></match></read>
    <read><delim>\x0a</delim><match><data>\x7c ! \x2b       \x2b             \x7c\x0a</data></match></read>
    <read><delim>\x0a</delim><match><data>\x7c\x2b!          \x2b        \x2b   \x7c\x0a</data></match></read>
    <read><delim>\x0a</delim><match><data>\x7c ! \x2b     \x2b \x2b\x2b \x2b    \x2b   \x2b \x7c\x0a</data></match></read>
    <read><delim>\x0a</delim><match><data>\x7c\x2b! \x2b            \x2b        \x7c\x0a</data></match></read>
    <read><delim>\x0a</delim><match><data>\x7c !     \x2b        \x2b        \x7c\x0a</data></match></read>
    <read><delim>\x0a</delim><match><data>\x7c !       \x2b\x2b              \x7c\x0a</data></match></read>
    <read><delim>\x0a</delim><match><data>\x7c !\x2b          \x2b    \x2b      \x7c\x0a</data></match></read>
    <read><delim>\x0a</delim><match><data>\x7c        \x2b    \x2b \x2b  \x2b      \x7c\x0a</data></match></read>
    <read><delim>\x0a</delim><match><data>\x7c!     \x2b    \x2b   \x2b         \x7c\x0a</data></match></read>
    <read><delim>\x0a</delim><match><data>\x7c!                        \x7c\x0a</data></match></read>
    <read><delim>\x0a</delim><match><data>\x7c!        \x2b             \x2b \x7c\x0a</data></match></read>
    <read><delim>\x0a</delim><match><data>\x7c!  \x2b                     \x7c\x0a</data></match></read>
    <read><delim>\x0a</delim><match><data>\x7c!            \x2b           \x7c\x0a</data></match></read>
    <read><delim>\x0a</delim><match><data>\x7c!       \x2b  \x2b \x2b     \x2b\x2b    \x7c\x0a</data></match></read>
    <read><delim>\x0a</delim><match><data>\x7c!   \x2b                    \x7c\x0a</data></match></read>
    <read><delim>\x0a</delim><match><data>\x7c\x2b                \x2b       \x7c\x0a</data></match></read>
    <read><delim>\x0a</delim><match><data>\x7cW                        \x7c\x0a</data></match></read>
    <read><delim>\x0a</delim><match><data>\x7c        \x2b                \x7c\x0a</data></match></read>
    <read><delim>\x0a</delim><match><data>\x2d\x2d\x2d\x2d\x2d\x2d\x2d\x2d\x2d\x2d\x2d\x2d\x2d\x2d\x2d\x2d\x2d\x2d\x2d\x2d\x2d\x2d\x2d\x2d\x2d\x2d\x2d\x0a</data></match></read>
    <read><delim>\x0a</delim><match><data>\x09\x09Level \x232\x0a</data></match></read>
    <write><data>y\x0a</data></write>
    <read><delim>\x0a</delim><match><data>\x09Welcome to Attackers General kuzfdvwehzkffrlmieuvoqepiokgedsh!\x0a</data></match></read>
    <read><delim>\x0a</delim><match><data>\x2d\x2d\x2d\x2d\x2d\x2d\x2d\x2d\x2d\x2d\x2d\x2d\x2d\x2d\x2d\x2d\x2d\x2d\x2d\x2d\x2d\x2d\x2d\x2d\x2d\x2d\x2d\x0a</data></match></read>
    <read><delim>\x0a</delim><match><data>\x7c                         \x7c\x0a</data></match></read>
    <read><delim>\x0a</delim><match><data>\x7c!    \x23    \x23    \x23\x23    \x23 \x23 \x7c\x0a</data></match></read>
    <read><delim>\x0a</delim><match><data>\x7c \x23 \x23  \x23  \x23   \x23    \x23      \x7c\x0a</data></match></read>
    <read><delim>\x0a</delim><match><data>\x7c \x2b \x23 \x23 \x23      \x23 \x23     \x23  \x7c\x0a</data></match></read>
    <read><delim>\x0a</delim><match><data>\x7c !      \x23  \x23 \x23\x2b \x2b  \x23 \x23   \x7c\x0a</data></match></read>
    <read><delim>\x0a</delim><match><data>\x7c !                       \x7c\x0a</data></match></read>
    <read><delim>\x0a</delim><match><data>\x7c !          \x2b            \x7c\x0a</data></match></read>
    <read><delim>\x0a</delim><match><data>\x7c !                       \x7c\x0a</data></match></read>
    <read><delim>\x0a</delim><match><data>\x7c ! \x2b       \x2b             \x7c\x0a</data></match></read>
    <read><delim>\x0a</delim><match><data>\x7c\x2b!          \x2b        \x2b   \x7c\x0a</data></match></read>
    <read><delim>\x0a</delim><match><data>\x7c ! \x2b     \x2b \x2b\x2b \x2b    \x2b   \x2b \x7c\x0a</data></match></read>
    <read><delim>\x0a</delim><match><data>\x7c\x2b! \x2b            \x2b        \x7c\x0a</data></match></read>
    <read><delim>\x0a</delim><match><data>\x7c !     \x2b        \x2b        \x7c\x0a</data></match></read>
    <read><delim>\x0a</delim><match><data>\x7c         \x2b\x2b              \x7c\x0a</data></match></read>
    <read><delim>\x0a</delim><match><data>\x7c! \x2b          \x2b    \x2b      \x7c\x0a</data></match></read>
    <read><delim>\x0a</delim><match><data>\x7c!       \x2b    \x2b \x2b  \x2b      \x7c\x0a</data></match></read>
    <read><delim>\x0a</delim><match><data>\x7c!     \x2b    \x2b   \x2b         \x7c\x0a</data></match></read>
    <read><delim>\x0a</delim><match><data>\x7c!                        \x7c\x0a</data></match></read>
    <read><delim>\x0a</delim><match><data>\x7c!        \x2b             \x2b \x7c\x0a</data></match></read>
    <read><delim>\x0a</delim><match><data>\x7c!  \x2b                     \x7c\x0a</data></match></read>
    <read><delim>\x0a</delim><match><data>\x7c!            \x2b           \x7c\x0a</data></match></read>
    <read><delim>\x0a</delim><match><data>\x7c!       \x2b  \x2b \x2b     \x2b\x2b    \x7c\x0a</data></match></read>
    <read><delim>\x0a</delim><match><data>\x7c!   \x2b                    \x7c\x0a</data></match></read>
    <read><delim>\x0a</delim><match><data>\x7cW                \x2b       \x7c\x0a</data></match></read>
    <read><delim>\x0a</delim><match><data>\x7c                         \x7c\x0a</data></match></read>
    <read><delim>\x0a</delim><match><data>\x2d\x2d\x2d\x2d\x2d\x2d\x2d\x2d\x2d\x2d\x2d\x2d\x2d\x2d\x2d\x2d\x2d\x2d\x2d\x2d\x2d\x2d\x2d\x2d\x2d\x2d\x2d\x0a</data></match></read>
    <read><delim>\x0a</delim><match><data>\x09\x09Level \x232\x0a</data></match></read>
    <read><delim>\x0a</delim><match><data>\x09\x09you lose\x0a</data></match></read>
    <read><delim>\x0a</delim><match><data>\x0a</data></match></read>
    <read><delim>\x0a</delim><match><data>\x0a</data></match></read>
    <read><delim>\x0a</delim><match><data>\x0a</data></match></read>
    <read><delim>\x0a</delim><match><data>\x0a</data></match></read>
</replay>
</pov>