<?xml version="1.0" standalone="no" ?>
<!DOCTYPE pov SYSTEM "/usr/share/cgc-docs/replay.dtd">
<pov>
<cbid>service</cbid>
<seed>1eaef1726bb09856d4050f8d093b1fd6caa6b697a3e2d900a7638dcb384e95698f6f6549472fd2a85d37bdf042af82d6</seed>
<replay>
    <read><delim>\x0a</delim><match><data>Please input your name:\x0a</data></match></read>
    <write><data>irmmpqolzngczqpeqqltvfsxixwvjiei\x0a</data></write>
    <write><data>k\x0a</data></write>
    <read><delim>\x0a</delim><match><data>\x09Welcome to Attackers General irmmpqolzngczqpeqqltvfsxixwvjiei!\x0a</data></match></read>
    <read><delim>\x0a</delim><match><data>\x2d\x2d\x2d\x2d\x2d\x2d\x2d\x2d\x2d\x2d\x2d\x2d\x2d\x2d\x2d\x2d\x2d\x2d\x2d\x2d\x2d\x2d\x2d\x2d\x2d\x2d\x2d\x0a</data></match></read>
    <read><delim>\x0a</delim><match><data>\x7c\x23 \x23 \x23 \x23 \x23 \x23 \x23 \x23 \x23 \x23 \x23 \x23  \x7c\x0a</data></match></read>
    <read><delim>\x0a</delim><match><data>\x7c                         \x7c\x0a</data></match></read>
    <read><delim>\x0a</delim><match><data>\x7c\x23 \x23 \x23 \x23 \x23 \x23 \x23 \x23 \x23 \x23 \x23 \x23  \x7c\x0a</data></match></read>
    <read><delim>\x0a</delim><match><data>\x7c                         \x7c\x0a</data></match></read>
    <read><delim>\x0a</delim><match><data>\x7c                         \x7c\x0a</data></match></read>
    <read><delim>\x0a</delim><match><data>\x7c                         \x7c\x0a</data></match></read>
    <read><delim>\x0a</delim><match><data>\x7c                         \x7c\x0a</data></match></read>
    <read><delim>\x0a</delim><match><data>\x7c                         \x7c\x0a</data></match></read>
    <read><delim>\x0a</delim><match><data>\x7c                         \x7c\x0a</data></match></read>
    <read><delim>\x0a</delim><match><data>\x7c                         \x7c\x0a</data></match></read>
    <read><delim>\x0a</delim><match><data>\x7c                         \x7c\x0a</data></match></read>
    <read><delim>\x0a</delim><match><data>\x7c                         \x7c\x0a</data></match></read>
    <read><delim>\x0a</delim><match><data>\x7c                         \x7c\x0a</data></match></read>
    <read><delim>\x0a</delim><match><data>\x7c                         \x7c\x0a</data></match></read>
    <read><delim>\x0a</delim><match><data>\x7c                         \x7c\x0a</data></match></read>
    <read><delim>\x0a</delim><match><data>\x7c                         \x7c\x0a</data></match></read>
    <read><delim>\x0a</delim><match><data>\x7c                         \x7c\x0a</data></match></read>
    <read><delim>\x0a</delim><match><data>\x7c                         \x7c\x0a</data></match></read>
    <read><delim>\x0a</delim><match><data>\x7c                         \x7c\x0a</data></match></read>
    <read><delim>\x0a</delim><match><data>\x7c                         \x7c\x0a</data></match></read>
    <read><delim>\x0a</delim><match><data>\x7c                         \x7c\x0a</data></match></read>
    <read><delim>\x0a</delim><match><data>\x7c                         \x7c\x0a</data></match></read>
    <read><delim>\x0a</delim><match><data>\x7c                         \x7c\x0a</data></match></read>
    <read><delim>\x0a</delim><match><data>\x7c                         \x7c\x0a</data></match></read>
    <read><delim>\x0a</delim><match><data>\x7cW                        \x7c\x0a</data></match></read>
    <read><delim>\x0a</delim><match><data>\x2d\x2d\x2d\x2d\x2d\x2d\x2d\x2d\x2d\x2d\x2d\x2d\x2d\x2d\x2d\x2d\x2d\x2d\x2d\x2d\x2d\x2d\x2d\x2d\x2d\x2d\x2d\x0a</data></match></read>
    <read><delim>\x0a</delim><match><data>\x09\x09Level \x231\x0a</data></match></read>
    <write><data>m\x0a</data></write>
    <read><delim>\x0a</delim><match><data>\x09Welcome to Attackers General irmmpqolzngczqpeqqltvfsxixwvjiei!\x0a</data></match></read>
    <read><delim>\x0a</delim><match><data>\x2d\x2d\x2d\x2d\x2d\x2d\x2d\x2d\x2d\x2d\x2d\x2d\x2d\x2d\x2d\x2d\x2d\x2d\x2d\x2d\x2d\x2d\x2d\x2d\x2d\x2d\x2d\x0a</data></match></read>
    <read><delim>\x0a</delim><match><data>\x7c\x23   \x23  \x23\x23  \x23 \x23      \x23    \x7c\x0a</data></match></read>
    <read><delim>\x0a</delim><match><data>\x7c  \x23           \x23 \x23 \x23   \x23  \x7c\x0a</data></match></read>
    <read><delim>\x0a</delim><match><data>\x7c\x23   \x23 \x23   \x23  \x23\x23 \x23  \x23\x23  \x23 \x7c\x0a</data></match></read>
    <read><delim>\x0a</delim><match><data>\x7c  \x23   \x2b \x23     \x2b          \x7c\x0a</data></match></read>
    <read><delim>\x0a</delim><match><data>\x7c                         \x7c\x0a</data></match></read>
    <read><delim>\x0a</delim><match><data>\x7c                         \x7c\x0a</data></match></read>
    <read><delim>\x0a</delim><match><data>\x7c                         \x7c\x0a</data></match></read>
    <read><delim>\x0a</delim><match><data>\x7c                         \x7c\x0a</data></match></read>
    <read><delim>\x0a</delim><match><data>\x7c                         \x7c\x0a</data></match></read>
    <read><delim>\x0a</delim><match><data>\x7c                         \x7c\x0a</data></match></read>
    <read><delim>\x0a</delim><match><data>\x7c                         \x7c\x0a</data></match></read>
    <read><delim>\x0a</delim><match><data>\x7c                         \x7c\x0a</data></match></read>
    <read><delim>\x0a</delim><match><data>\x7c                         \x7c\x0a</data></match></read>
    <read><delim>\x0a</delim><match><data>\x7c                         \x7c\x0a</data></match></read>
    <read><delim>\x0a</delim><match><data>\x7c                         \x7c\x0a</data></match></read>
    <read><delim>\x0a</delim><match><data>\x7c                         \x7c\x0a</data></match></read>
    <read><delim>\x0a</delim><match><data>\x7c                         \x7c\x0a</data></match></read>
    <read><delim>\x0a</delim><match><data>\x7c                         \x7c\x0a</data></match></read>
    <read><delim>\x0a</delim><match><data>\x7c                         \x7c\x0a</data></match></read>
    <read><delim>\x0a</delim><match><data>\x7c                         \x7c\x0a</data></match></read>
    <read><delim>\x0a</delim><match><data>\x7c                         \x7c\x0a</data></match></read>
    <read><delim>\x0a</delim><match><data>\x7c                         \x7c\x0a</data></match></read>
    <read><delim>\x0a</delim><match><data>\x7c                         \x7c\x0a</data></match></read>
    <read><delim>\x0a</delim><match><data>\x7c!                        \x7c\x0a</data></match></read>
    <read><delim>\x0a</delim><match><data>\x7cW                        \x7c\x0a</data></match></read>
    <read><delim>\x0a</delim><match><data>\x2d\x2d\x2d\x2d\x2d\x2d\x2d\x2d\x2d\x2d\x2d\x2d\x2d\x2d\x2d\x2d\x2d\x2d\x2d\x2d\x2d\x2d\x2d\x2d\x2d\x2d\x2d\x0a</data></match></read>
    <read><delim>\x0a</delim><match><data>\x09\x09Level \x231\x0a</data></match></read>
    <write><data>e\x0a</data></write>
    <read><delim>\x0a</delim><match><data>\x09Welcome to Attackers General irmmpqolzngczqpeqqltvfsxixwvjiei!\x0a</data></match></read>
    <read><delim>\x0a</delim><match><data>\x2d\x2d\x2d\x2d\x2d\x2d\x2d\x2d\x2d\x2d\x2d\x2d\x2d\x2d\x2d\x2d\x2d\x2d\x2d\x2d\x2d\x2d\x2d\x2d\x2d\x2d\x2d\x0a</data></match></read>
    <read><delim>\x0a</delim><match><data>\x7c\x23    \x23 \x23\x23  \x23 \x23\x23 \x23    \x23   \x7c\x0a</data></match></read>
    <read><delim>\x0a</delim><match><data>\x7c  \x23                \x23   \x23 \x7c\x0a</data></match></read>
    <read><delim>\x0a</delim><match><data>\x7c \x23\x23    \x23   \x23 \x23 \x23         \x7c\x0a</data></match></read>
    <read><delim>\x0a</delim><match><data>\x7c    \x23   \x23       \x23  \x23\x23  \x23 \x7c\x0a</data></match></read>
    <read><delim>\x0a</delim><match><data>\x7c      \x2b       \x2b          \x7c\x0a</data></match></read>
    <read><delim>\x0a</delim><match><data>\x7c                         \x7c\x0a</data></match></read>
    <read><delim>\x0a</delim><match><data>\x7c                         \x7c\x0a</data></match></read>
    <read><delim>\x0a</delim><match><data>\x7c                         \x7c\x0a</data></match></read>
    <read><delim>\x0a</delim><match><data>\x7c                         \x7c\x0a</data></match></read>
    <read><delim>\x0a</delim><match><data>\x7c                         \x7c\x0a</data></match></read>
    <read><delim>\x0a</delim><match><data>\x7c                         \x7c\x0a</data></match></read>
    <read><delim>\x0a</delim><match><data>\x7c                         \x7c\x0a</data></match></read>
    <read><delim>\x0a</delim><match><data>\x7c                         \x7c\x0a</data></match></read>
    <read><delim>\x0a</delim><match><data>\x7c                         \x7c\x0a</data></match></read>
    <read><delim>\x0a</delim><match><data>\x7c                         \x7c\x0a</data></match></read>
    <read><delim>\x0a</delim><match><data>\x7c                         \x7c\x0a</data></match></read>
    <read><delim>\x0a</delim><match><data>\x7c                         \x7c\x0a</data></match></read>
    <read><delim>\x0a</delim><match><data>\x7c                         \x7c\x0a</data></match></read>
    <read><delim>\x0a</delim><match><data>\x7c                         \x7c\x0a</data></match></read>
    <read><delim>\x0a</delim><match><data>\x7c                         \x7c\x0a</data></match></read>
    <read><delim>\x0a</delim><match><data>\x7c                         \x7c\x0a</data></match></read>
    <read><delim>\x0a</delim><match><data>\x7c                         \x7c\x0a</data></match></read>
    <read><delim>\x0a</delim><match><data>\x7c!                        \x7c\x0a</data></match></read>
    <read><delim>\x0a</delim><match><data>\x7c!                        \x7c\x0a</data></match></read>
    <read><delim>\x0a</delim><match><data>\x7cW                        \x7c\x0a</data></match></read>
    <read><delim>\x0a</delim><match><data>\x2d\x2d\x2d\x2d\x2d\x2d\x2d\x2d\x2d\x2d\x2d\x2d\x2d\x2d\x2d\x2d\x2d\x2d\x2d\x2d\x2d\x2d\x2d\x2d\x2d\x2d\x2d\x0a</data></match></read>
    <read><delim>\x0a</delim><match><data>\x09\x09Level \x231\x0a</data></match></read>
    <write><data>r\x0a</data></write>
    <read><delim>\x0a</delim><match><data>\x09Welcome to Attackers General irmmpqolzngczqpeqqltvfsxixwvjiei!\x0a</data></match></read>
    <read><delim>\x0a</delim><match><data>\x2d\x2d\x2d\x2d\x2d\x2d\x2d\x2d\x2d\x2d\x2d\x2d\x2d\x2d\x2d\x2d\x2d\x2d\x2d\x2d\x2d\x2d\x2d\x2d\x2d\x2d\x2d\x0a</data></match></read>
    <read><delim>\x0a</delim><match><data>\x7c    \x23  \x23 \x23 \x23  \x23 \x23  \x23     \x7c\x0a</data></match></read>
    <read><delim>\x0a</delim><match><data>\x7c\x23  \x23         \x23       \x23\x23  \x7c\x0a</data></match></read>
    <read><delim>\x0a</delim><match><data>\x7c   \x23       \x23 \x23\x23          \x7c\x0a</data></match></read>
    <read><delim>\x0a</delim><match><data>\x7c \x23  \x23  \x23 \x23      \x23  \x23\x23  \x23 \x7c\x0a</data></match></read>
    <read><delim>\x0a</delim><match><data>\x7c    \x2b           \x2b      \x2b \x7c\x0a</data></match></read>
    <read><delim>\x0a</delim><match><data>\x7c      \x2b       \x2b          \x7c\x0a</data></match></read>
    <read><delim>\x0a</delim><match><data>\x7c                         \x7c\x0a</data></match></read>
    <read><delim>\x0a</delim><match><data>\x7c                         \x7c\x0a</data></match></read>
    <read><delim>\x0a</delim><match><data>\x7c                         \x7c\x0a</data></match></read>
    <read><delim>\x0a</delim><match><data>\x7c                         \x7c\x0a</data></match></read>
    <read><delim>\x0a</delim><match><data>\x7c                         \x7c\x0a</data></match></read>
    <read><delim>\x0a</delim><match><data>\x7c                         \x7c\x0a</data></match></read>
    <read><delim>\x0a</delim><match><data>\x7c                         \x7c\x0a</data></match></read>
    <read><delim>\x0a</delim><match><data>\x7c                         \x7c\x0a</data></match></read>
    <read><delim>\x0a</delim><match><data>\x7c                         \x7c\x0a</data></match></read>
    <read><delim>\x0a</delim><match><data>\x7c                         \x7c\x0a</data></match></read>
    <read><delim>\x0a</delim><match><data>\x7c                         \x7c\x0a</data></match></read>
    <read><delim>\x0a</delim><match><data>\x7c                         \x7c\x0a</data></match></read>
    <read><delim>\x0a</delim><match><data>\x7c                         \x7c\x0a</data></match></read>
    <read><delim>\x0a</delim><match><data>\x7c                         \x7c\x0a</data></match></read>
    <read><delim>\x0a</delim><match><data>\x7c                         \x7c\x0a</data></match></read>
    <read><delim>\x0a</delim><match><data>\x7c!                        \x7c\x0a</data></match></read>
    <read><delim>\x0a</delim><match><data>\x7c!                        \x7c\x0a</data></match></read>
    <read><delim>\x0a</delim><match><data>\x7c!                        \x7c\x0a</data></match></read>
    <read><delim>\x0a</delim><match><data>\x7cW                        \x7c\x0a</data></match></read>
    <read><delim>\x0a</delim><match><data>\x2d\x2d\x2d\x2d\x2d\x2d\x2d\x2d\x2d\x2d\x2d\x2d\x2d\x2d\x2d\x2d\x2d\x2d\x2d\x2d\x2d\x2d\x2d\x2d\x2d\x2d\x2d\x0a</data></match></read>
    <read><delim>\x0a</delim><match><data>\x09\x09Level \x231\x0a</data></match></read>
    <write><data>g\x0a</data></write>
    <read><delim>\x0a</delim><match><data>\x09Welcome to Attackers General irmmpqolzngczqpeqqltvfsxixwvjiei!\x0a</data></match></read>
    <read><delim>\x0a</delim><match><data>\x2d\x2d\x2d\x2d\x2d\x2d\x2d\x2d\x2d\x2d\x2d\x2d\x2d\x2d\x2d\x2d\x2d\x2d\x2d\x2d\x2d\x2d\x2d\x2d\x2d\x2d\x2d\x0a</data></match></read>
    <read><delim>\x0a</delim><match><data>\x7c\x23    \x23 \x23 \x23    \x23  \x23 \x23     \x7c\x0a</data></match></read>
    <read><delim>\x0a</delim><match><data>\x7c   \x23       \x23\x23       \x23  \x23 \x7c\x0a</data></match></read>
    <read><delim>\x0a</delim><match><data>\x7c  \x23      \x23 \x23        \x23    \x7c\x0a</data></match></read>
    <read><delim>\x0a</delim><match><data>\x7c \x23   \x23\x23      \x23\x23  \x23\x23    \x23 \x7c\x0a</data></match></read>
    <read><delim>\x0a</delim><match><data>\x7c                       \x2b \x7c\x0a</data></match></read>
    <read><delim>\x0a</delim><match><data>\x7c    \x2b           \x2b      \x2b \x7c\x0a</data></match></read>
    <read><delim>\x0a</delim><match><data>\x7c      \x2b       \x2b          \x7c\x0a</data></match></read>
    <read><delim>\x0a</delim><match><data>\x7c                         \x7c\x0a</data></match></read>
    <read><delim>\x0a</delim><match><data>\x7c                         \x7c\x0a</data></match></read>
    <read><delim>\x0a</delim><match><data>\x7c                         \x7c\x0a</data></match></read>
    <read><delim>\x0a</delim><match><data>\x7c                         \x7c\x0a</data></match></read>
    <read><delim>\x0a</delim><match><data>\x7c                         \x7c\x0a</data></match></read>
    <read><delim>\x0a</delim><match><data>\x7c                         \x7c\x0a</data></match></read>
    <read><delim>\x0a</delim><match><data>\x7c                         \x7c\x0a</data></match></read>
    <read><delim>\x0a</delim><match><data>\x7c                         \x7c\x0a</data></match></read>
    <read><delim>\x0a</delim><match><data>\x7c                         \x7c\x0a</data></match></read>
    <read><delim>\x0a</delim><match><data>\x7c                         \x7c\x0a</data></match></read>
    <read><delim>\x0a</delim><match><data>\x7c                         \x7c\x0a</data></match></read>
    <read><delim>\x0a</delim><match><data>\x7c                         \x7c\x0a</data></match></read>
    <read><delim>\x0a</delim><match><data>\x7c                         \x7c\x0a</data></match></read>
    <read><delim>\x0a</delim><match><data>\x7c!                        \x7c\x0a</data></match></read>
    <read><delim>\x0a</delim><match><data>\x7c!                        \x7c\x0a</data></match></read>
    <read><delim>\x0a</delim><match><data>\x7c!                        \x7c\x0a</data></match></read>
    <read><delim>\x0a</delim><match><data>\x7c!                        \x7c\x0a</data></match></read>
    <read><delim>\x0a</delim><match><data>\x7cW                        \x7c\x0a</data></match></read>
    <read><delim>\x0a</delim><match><data>\x2d\x2d\x2d\x2d\x2d\x2d\x2d\x2d\x2d\x2d\x2d\x2d\x2d\x2d\x2d\x2d\x2d\x2d\x2d\x2d\x2d\x2d\x2d\x2d\x2d\x2d\x2d\x0a</data></match></read>
    <read><delim>\x0a</delim><match><data>\x09\x09Level \x231\x0a</data></match></read>
    <write><data>f\x0a</data></write>
    <read><delim>\x0a</delim><match><data>\x09Welcome to Attackers General irmmpqolzngczqpeqqltvfsxixwvjiei!\x0a</data></match></read>
    <read><delim>\x0a</delim><match><data>\x2d\x2d\x2d\x2d\x2d\x2d\x2d\x2d\x2d\x2d\x2d\x2d\x2d\x2d\x2d\x2d\x2d\x2d\x2d\x2d\x2d\x2d\x2d\x2d\x2d\x2d\x2d\x0a</data></match></read>
    <read><delim>\x0a</delim><match><data>\x7c\x23    \x23\x23  \x23     \x23 \x23 \x23     \x7c\x0a</data></match></read>
    <read><delim>\x0a</delim><match><data>\x7c   \x23      \x23  \x23      \x23  \x23 \x7c\x0a</data></match></read>
    <read><delim>\x0a</delim><match><data>\x7c  \x23      \x23 \x23     \x23\x23 \x23    \x7c\x0a</data></match></read>
    <read><delim>\x0a</delim><match><data>\x7c\x23 \x2b  \x23 \x23    \x23  \x23      \x23  \x7c\x0a</data></match></read>
    <read><delim>\x0a</delim><match><data>\x7c     \x2b                   \x7c\x0a</data></match></read>
    <read><delim>\x0a</delim><match><data>\x7c                       \x2b \x7c\x0a</data></match></read>
    <read><delim>\x0a</delim><match><data>\x7c    \x2b           \x2b      \x2b \x7c\x0a</data></match></read>
    <read><delim>\x0a</delim><match><data>\x7c      \x2b       \x2b          \x7c\x0a</data></match></read>
    <read><delim>\x0a</delim><match><data>\x7c                         \x7c\x0a</data></match></read>
    <read><delim>\x0a</delim><match><data>\x7c                         \x7c\x0a</data></match></read>
    <read><delim>\x0a</delim><match><data>\x7c                         \x7c\x0a</data></match></read>
    <read><delim>\x0a</delim><match><data>\x7c                         \x7c\x0a</data></match></read>
    <read><delim>\x0a</delim><match><data>\x7c                         \x7c\x0a</data></match></read>
    <read><delim>\x0a</delim><match><data>\x7c                         \x7c\x0a</data></match></read>
    <read><delim>\x0a</delim><match><data>\x7c                         \x7c\x0a</data></match></read>
    <read><delim>\x0a</delim><match><data>\x7c                         \x7c\x0a</data></match></read>
    <read><delim>\x0a</delim><match><data>\x7c                         \x7c\x0a</data></match></read>
    <read><delim>\x0a</delim><match><data>\x7c                         \x7c\x0a</data></match></read>
    <read><delim>\x0a</delim><match><data>\x7c                         \x7c\x0a</data></match></read>
    <read><delim>\x0a</delim><match><data>\x7c!                        \x7c\x0a</data></match></read>
    <read><delim>\x0a</delim><match><data>\x7c!                        \x7c\x0a</data></match></read>
    <read><delim>\x0a</delim><match><data>\x7c!                        \x7c\x0a</data></match></read>
    <read><delim>\x0a</delim><match><data>\x7c!                        \x7c\x0a</data></match></read>
    <read><delim>\x0a</delim><match><data>\x7c!                        \x7c\x0a</data></match></read>
    <read><delim>\x0a</delim><match><data>\x7cW                        \x7c\x0a</data></match></read>
    <read><delim>\x0a</delim><match><data>\x2d\x2d\x2d\x2d\x2d\x2d\x2d\x2d\x2d\x2d\x2d\x2d\x2d\x2d\x2d\x2d\x2d\x2d\x2d\x2d\x2d\x2d\x2d\x2d\x2d\x2d\x2d\x0a</data></match></read>
    <read><delim>\x0a</delim><match><data>\x09\x09Level \x231\x0a</data></match></read>
    <write><data>x\x0a</data></write>
    <read><delim>\x0a</delim><match><data>\x09Welcome to Attackers General irmmpqolzngczqpeqqltvfsxixwvjiei!\x0a</data></match></read>
    <read><delim>\x0a</delim><match><data>\x2d\x2d\x2d\x2d\x2d\x2d\x2d\x2d\x2d\x2d\x2d\x2d\x2d\x2d\x2d\x2d\x2d\x2d\x2d\x2d\x2d\x2d\x2d\x2d\x2d\x2d\x2d\x0a</data></match></read>
    <read><delim>\x0a</delim><match><data>\x7c\x23      \x23 \x23     \x23 \x23 \x23     \x7c\x0a</data></match></read>
    <read><delim>\x0a</delim><match><data>\x7c  \x23  \x23     \x23 \x23      \x23  \x23 \x7c\x0a</data></match></read>
    <read><delim>\x0a</delim><match><data>\x7c  \x23  \x23 \x23 \x23  \x23     \x23 \x23    \x7c\x0a</data></match></read>
    <read><delim>\x0a</delim><match><data>\x7c\x23          \x23   \x23 \x23     \x23 \x7c\x0a</data></match></read>
    <read><delim>\x0a</delim><match><data>\x7c  \x2b                      \x7c\x0a</data></match></read>
    <read><delim>\x0a</delim><match><data>\x7c     \x2b                   \x7c\x0a</data></match></read>
    <read><delim>\x0a</delim><match><data>\x7c                       \x2b \x7c\x0a</data></match></read>
    <read><delim>\x0a</delim><match><data>\x7c    \x2b           \x2b      \x2b \x7c\x0a</data></match></read>
    <read><delim>\x0a</delim><match><data>\x7c      \x2b       \x2b          \x7c\x0a</data></match></read>
    <read><delim>\x0a</delim><match><data>\x7c                         \x7c\x0a</data></match></read>
    <read><delim>\x0a</delim><match><data>\x7c                         \x7c\x0a</data></match></read>
    <read><delim>\x0a</delim><match><data>\x7c                         \x7c\x0a</data></match></read>
    <read><delim>\x0a</delim><match><data>\x7c                         \x7c\x0a</data></match></read>
    <read><delim>\x0a</delim><match><data>\x7c                         \x7c\x0a</data></match></read>
    <read><delim>\x0a</delim><match><data>\x7c                         \x7c\x0a</data></match></read>
    <read><delim>\x0a</delim><match><data>\x7c                         \x7c\x0a</data></match></read>
    <read><delim>\x0a</delim><match><data>\x7c                         \x7c\x0a</data></match></read>
    <read><delim>\x0a</delim><match><data>\x7c                         \x7c\x0a</data></match></read>
    <read><delim>\x0a</delim><match><data>\x7c!                        \x7c\x0a</data></match></read>
    <read><delim>\x0a</delim><match><data>\x7c!                        \x7c\x0a</data></match></read>
    <read><delim>\x0a</delim><match><data>\x7c!                        \x7c\x0a</data></match></read>
    <read><delim>\x0a</delim><match><data>\x7c!                        \x7c\x0a</data></match></read>
    <read><delim>\x0a</delim><match><data>\x7c!                        \x7c\x0a</data></match></read>
    <read><delim>\x0a</delim><match><data>\x7c!                        \x7c\x0a</data></match></read>
    <read><delim>\x0a</delim><match><data>\x7cW                        \x7c\x0a</data></match></read>
    <read><delim>\x0a</delim><match><data>\x2d\x2d\x2d\x2d\x2d\x2d\x2d\x2d\x2d\x2d\x2d\x2d\x2d\x2d\x2d\x2d\x2d\x2d\x2d\x2d\x2d\x2d\x2d\x2d\x2d\x2d\x2d\x0a</data></match></read>
    <read><delim>\x0a</delim><match><data>\x09\x09Level \x231\x0a</data></match></read>
    <write><data>e\x0a</data></write>
    <read><delim>\x0a</delim><match><data>\x09Welcome to Attackers General irmmpqolzngczqpeqqltvfsxixwvjiei!\x0a</data></match></read>
    <read><delim>\x0a</delim><match><data>\x2d\x2d\x2d\x2d\x2d\x2d\x2d\x2d\x2d\x2d\x2d\x2d\x2d\x2d\x2d\x2d\x2d\x2d\x2d\x2d\x2d\x2d\x2d\x2d\x2d\x2d\x2d\x0a</data></match></read>
    <read><delim>\x0a</delim><match><data>\x7c      \x23  \x23    \x23    \x23     \x7c\x0a</data></match></read>
    <read><delim>\x0a</delim><match><data>\x7c\x23 \x23 \x23     \x23 \x23    \x23  \x23  \x23 \x7c\x0a</data></match></read>
    <read><delim>\x0a</delim><match><data>\x7c      \x23 \x23   \x23    \x23 \x23\x23    \x7c\x0a</data></match></read>
    <read><delim>\x0a</delim><match><data>\x7c\x23 \x23  \x23    \x23   \x23     \x2b \x23  \x7c\x0a</data></match></read>
    <read><delim>\x0a</delim><match><data>\x7c\x2b                        \x7c\x0a</data></match></read>
    <read><delim>\x0a</delim><match><data>\x7c  \x2b                      \x7c\x0a</data></match></read>
    <read><delim>\x0a</delim><match><data>\x7c     \x2b                   \x7c\x0a</data></match></read>
    <read><delim>\x0a</delim><match><data>\x7c                       \x2b \x7c\x0a</data></match></read>
    <read><delim>\x0a</delim><match><data>\x7c    \x2b           \x2b      \x2b \x7c\x0a</data></match></read>
    <read><delim>\x0a</delim><match><data>\x7c      \x2b       \x2b          \x7c\x0a</data></match></read>
    <read><delim>\x0a</delim><match><data>\x7c                         \x7c\x0a</data></match></read>
    <read><delim>\x0a</delim><match><data>\x7c                         \x7c\x0a</data></match></read>
    <read><delim>\x0a</delim><match><data>\x7c                         \x7c\x0a</data></match></read>
    <read><delim>\x0a</delim><match><data>\x7c                         \x7c\x0a</data></match></read>
    <read><delim>\x0a</delim><match><data>\x7c                         \x7c\x0a</data></match></read>
    <read><delim>\x0a</delim><match><data>\x7c                         \x7c\x0a</data></match></read>
    <read><delim>\x0a</delim><match><data>\x7c                         \x7c\x0a</data></match></read>
    <read><delim>\x0a</delim><match><data>\x7c!                        \x7c\x0a</data></match></read>
    <read><delim>\x0a</delim><match><data>\x7c!                        \x7c\x0a</data></match></read>
    <read><delim>\x0a</delim><match><data>\x7c!                        \x7c\x0a</data></match></read>
    <read><delim>\x0a</delim><match><data>\x7c!                        \x7c\x0a</data></match></read>
    <read><delim>\x0a</delim><match><data>\x7c!                        \x7c\x0a</data></match></read>
    <read><delim>\x0a</delim><match><data>\x7c!                        \x7c\x0a</data></match></read>
    <read><delim>\x0a</delim><match><data>\x7c!                        \x7c\x0a</data></match></read>
    <read><delim>\x0a</delim><match><data>\x7cW                        \x7c\x0a</data></match></read>
    <read><delim>\x0a</delim><match><data>\x2d\x2d\x2d\x2d\x2d\x2d\x2d\x2d\x2d\x2d\x2d\x2d\x2d\x2d\x2d\x2d\x2d\x2d\x2d\x2d\x2d\x2d\x2d\x2d\x2d\x2d\x2d\x0a</data></match></read>
    <read><delim>\x0a</delim><match><data>\x09\x09Level \x231\x0a</data></match></read>
    <write><data>i\x0a</data></write>
    <read><delim>\x0a</delim><match><data>\x09Welcome to Attackers General irmmpqolzngczqpeqqltvfsxixwvjiei!\x0a</data></match></read>
    <read><delim>\x0a</delim><match><data>\x2d\x2d\x2d\x2d\x2d\x2d\x2d\x2d\x2d\x2d\x2d\x2d\x2d\x2d\x2d\x2d\x2d\x2d\x2d\x2d\x2d\x2d\x2d\x2d\x2d\x2d\x2d\x0a</data></match></read>
    <read><delim>\x0a</delim><match><data>\x7c  \x23   \x23  \x23     \x23 \x23  \x23    \x7c\x0a</data></match></read>
    <read><delim>\x0a</delim><match><data>\x7c\x23   \x23     \x23 \x23      \x23  \x23  \x7c\x0a</data></match></read>
    <read><delim>\x0a</delim><match><data>\x7c     \x23   \x23  \x23    \x23   \x23\x23  \x7c\x0a</data></match></read>
    <read><delim>\x0a</delim><match><data>\x7c\x23 \x23   \x23    \x23  \x23    \x23     \x7c\x0a</data></match></read>
    <read><delim>\x0a</delim><match><data>\x7c  \x2b           \x2b     \x2b    \x7c\x0a</data></match></read>
    <read><delim>\x0a</delim><match><data>\x7c\x2b                        \x7c\x0a</data></match></read>
    <read><delim>\x0a</delim><match><data>\x7c  \x2b                      \x7c\x0a</data></match></read>
    <read><delim>\x0a</delim><match><data>\x7c     \x2b                   \x7c\x0a</data></match></read>
    <read><delim>\x0a</delim><match><data>\x7c                       \x2b \x7c\x0a</data></match></read>
    <read><delim>\x0a</delim><match><data>\x7c    \x2b           \x2b      \x2b \x7c\x0a</data></match></read>
    <read><delim>\x0a</delim><match><data>\x7c      \x2b       \x2b          \x7c\x0a</data></match></read>
    <read><delim>\x0a</delim><match><data>\x7c                         \x7c\x0a</data></match></read>
    <read><delim>\x0a</delim><match><data>\x7c                         \x7c\x0a</data></match></read>
    <read><delim>\x0a</delim><match><data>\x7c                         \x7c\x0a</data></match></read>
    <read><delim>\x0a</delim><match><data>\x7c                         \x7c\x0a</data></match></read>
    <read><delim>\x0a</delim><match><data>\x7c                         \x7c\x0a</data></match></read>
    <read><delim>\x0a</delim><match><data>\x7c!                        \x7c\x0a</data></match></read>
    <read><delim>\x0a</delim><match><data>\x7c!                        \x7c\x0a</data></match></read>
    <read><delim>\x0a</delim><match><data>\x7c!                        \x7c\x0a</data></match></read>
    <read><delim>\x0a</delim><match><data>\x7c!                        \x7c\x0a</data></match></read>
    <read><delim>\x0a</delim><match><data>\x7c!                        \x7c\x0a</data></match></read>
    <read><delim>\x0a</delim><match><data>\x7c!                        \x7c\x0a</data></match></read>
    <read><delim>\x0a</delim><match><data>\x7c!                        \x7c\x0a</data></match></read>
    <read><delim>\x0a</delim><match><data>\x7c!                        \x7c\x0a</data></match></read>
    <read><delim>\x0a</delim><match><data>\x7cW                        \x7c\x0a</data></match></read>
    <read><delim>\x0a</delim><match><data>\x2d\x2d\x2d\x2d\x2d\x2d\x2d\x2d\x2d\x2d\x2d\x2d\x2d\x2d\x2d\x2d\x2d\x2d\x2d\x2d\x2d\x2d\x2d\x2d\x2d\x2d\x2d\x0a</data></match></read>
    <read><delim>\x0a</delim><match><data>\x09\x09Level \x231\x0a</data></match></read>
    <write><data>y\x0a</data></write>
    <read><delim>\x0a</delim><match><data>\x09Welcome to Attackers General irmmpqolzngczqpeqqltvfsxixwvjiei!\x0a</data></match></read>
    <read><delim>\x0a</delim><match><data>\x2d\x2d\x2d\x2d\x2d\x2d\x2d\x2d\x2d\x2d\x2d\x2d\x2d\x2d\x2d\x2d\x2d\x2d\x2d\x2d\x2d\x2d\x2d\x2d\x2d\x2d\x2d\x0a</data></match></read>
    <read><delim>\x0a</delim><match><data>\x7c   \x23\x23 \x23 \x23        \x23  \x23 \x23  \x7c\x0a</data></match></read>
    <read><delim>\x0a</delim><match><data>\x7c\x23          \x23 \x23 \x23   \x23     \x7c\x0a</data></match></read>
    <read><delim>\x0a</delim><match><data>\x7c\x23     \x23  \x23 \x23\x23    \x23     \x23 \x7c\x0a</data></match></read>
    <read><delim>\x0a</delim><match><data>\x7c   \x23 \x23      \x2b  \x23  \x23  \x23   \x7c\x0a</data></match></read>
    <read><delim>\x0a</delim><match><data>\x7c                         \x7c\x0a</data></match></read>
    <read><delim>\x0a</delim><match><data>\x7c  \x2b           \x2b     \x2b    \x7c\x0a</data></match></read>
    <read><delim>\x0a</delim><match><data>\x7c\x2b                        \x7c\x0a</data></match></read>
    <read><delim>\x0a</delim><match><data>\x7c  \x2b                      \x7c\x0a</data></match></read>
    <read><delim>\x0a</delim><match><data>\x7c     \x2b                   \x7c\x0a</data></match></read>
    <read><delim>\x0a</delim><match><data>\x7c                       \x2b \x7c\x0a</data></match></read>
    <read><delim>\x0a</delim><match><data>\x7c    \x2b           \x2b      \x2b \x7c\x0a</data></match></read>
    <read><delim>\x0a</delim><match><data>\x7c      \x2b       \x2b          \x7c\x0a</data></match></read>
    <read><delim>\x0a</delim><match><data>\x7c                         \x7c\x0a</data></match></read>
    <read><delim>\x0a</delim><match><data>\x7c                         \x7c\x0a</data></match></read>
    <read><delim>\x0a</delim><match><data>\x7c                         \x7c\x0a</data></match></read>
    <read><delim>\x0a</delim><match><data>\x7c!                        \x7c\x0a</data></match></read>
    <read><delim>\x0a</delim><match><data>\x7c!                        \x7c\x0a</data></match></read>
    <read><delim>\x0a</delim><match><data>\x7c!                        \x7c\x0a</data></match></read>
    <read><delim>\x0a</delim><match><data>\x7c!                        \x7c\x0a</data></match></read>
    <read><delim>\x0a</delim><match><data>\x7c!                        \x7c\x0a</data></match></read>
    <read><delim>\x0a</delim><match><data>\x7c!                        \x7c\x0a</data></match></read>
    <read><delim>\x0a</delim><match><data>\x7c!                        \x7c\x0a</data></match></read>
    <read><delim>\x0a</delim><match><data>\x7c!                        \x7c\x0a</data></match></read>
    <read><delim>\x0a</delim><match><data>\x7c!                        \x7c\x0a</data></match></read>
    <read><delim>\x0a</delim><match><data>\x7cW                        \x7c\x0a</data></match></read>
    <read><delim>\x0a</delim><match><data>\x2d\x2d\x2d\x2d\x2d\x2d\x2d\x2d\x2d\x2d\x2d\x2d\x2d\x2d\x2d\x2d\x2d\x2d\x2d\x2d\x2d\x2d\x2d\x2d\x2d\x2d\x2d\x0a</data></match></read>
    <read><delim>\x0a</delim><match><data>\x09\x09Level \x231\x0a</data></match></read>
    <write><data>h\x0a</data></write>
    <read><delim>\x0a</delim><match><data>\x09Welcome to Attackers General irmmpqolzngczqpeqqltvfsxixwvjiei!\x0a</data></match></read>
    <read><delim>\x0a</delim><match><data>\x2d\x2d\x2d\x2d\x2d\x2d\x2d\x2d\x2d\x2d\x2d\x2d\x2d\x2d\x2d\x2d\x2d\x2d\x2d\x2d\x2d\x2d\x2d\x2d\x2d\x2d\x2d\x0a</data></match></read>
    <read><delim>\x0a</delim><match><data>\x7c   \x23\x23 \x23  \x23      \x23   \x23    \x7c\x0a</data></match></read>
    <read><delim>\x0a</delim><match><data>\x7c\x23          \x23\x23  \x23  \x23   \x23  \x7c\x0a</data></match></read>
    <read><delim>\x0a</delim><match><data>\x7c \x23 \x23   \x23\x23  \x23\x23     \x23   \x23  \x7c\x0a</data></match></read>
    <read><delim>\x0a</delim><match><data>\x7c     \x23      \x2b  \x23 \x23   \x23   \x7c\x0a</data></match></read>
    <read><delim>\x0a</delim><match><data>\x7c            \x2b        \x2b   \x7c\x0a</data></match></read>
    <read><delim>\x0a</delim><match><data>\x7c                         \x7c\x0a</data></match></read>
    <read><delim>\x0a</delim><match><data>\x7c  \x2b           \x2b     \x2b    \x7c\x0a</data></match></read>
    <read><delim>\x0a</delim><match><data>\x7c\x2b                        \x7c\x0a</data></match></read>
    <read><delim>\x0a</delim><match><data>\x7c  \x2b                      \x7c\x0a</data></match></read>
    <read><delim>\x0a</delim><match><data>\x7c     \x2b                   \x7c\x0a</data></match></read>
    <read><delim>\x0a</delim><match><data>\x7c                       \x2b \x7c\x0a</data></match></read>
    <read><delim>\x0a</delim><match><data>\x7c    \x2b           \x2b      \x2b \x7c\x0a</data></match></read>
    <read><delim>\x0a</delim><match><data>\x7c      \x2b       \x2b          \x7c\x0a</data></match></read>
    <read><delim>\x0a</delim><match><data>\x7c                         \x7c\x0a</data></match></read>
    <read><delim>\x0a</delim><match><data>\x7c!                        \x7c\x0a</data></match></read>
    <read><delim>\x0a</delim><match><data>\x7c!                        \x7c\x0a</data></match></read>
    <read><delim>\x0a</delim><match><data>\x7c!                        \x7c\x0a</data></match></read>
    <read><delim>\x0a</delim><match><data>\x7c!                        \x7c\x0a</data></match></read>
    <read><delim>\x0a</delim><match><data>\x7c!                        \x7c\x0a</data></match></read>
    <read><delim>\x0a</delim><match><data>\x7c!                        \x7c\x0a</data></match></read>
    <read><delim>\x0a</delim><match><data>\x7c!                        \x7c\x0a</data></match></read>
    <read><delim>\x0a</delim><match><data>\x7c!                        \x7c\x0a</data></match></read>
    <read><delim>\x0a</delim><match><data>\x7c!                        \x7c\x0a</data></match></read>
    <read><delim>\x0a</delim><match><data>\x7c!                        \x7c\x0a</data></match></read>
    <read><delim>\x0a</delim><match><data>\x7cW                        \x7c\x0a</data></match></read>
    <read><delim>\x0a</delim><match><data>\x2d\x2d\x2d\x2d\x2d\x2d\x2d\x2d\x2d\x2d\x2d\x2d\x2d\x2d\x2d\x2d\x2d\x2d\x2d\x2d\x2d\x2d\x2d\x2d\x2d\x2d\x2d\x0a</data></match></read>
    <read><delim>\x0a</delim><match><data>\x09\x09Level \x231\x0a</data></match></read>
    <write><data>y\x0a</data></write>
    <read><delim>\x0a</delim><match><data>\x09Welcome to Attackers General irmmpqolzngczqpeqqltvfsxixwvjiei!\x0a</data></match></read>
    <read><delim>\x0a</delim><match><data>\x2d\x2d\x2d\x2d\x2d\x2d\x2d\x2d\x2d\x2d\x2d\x2d\x2d\x2d\x2d\x2d\x2d\x2d\x2d\x2d\x2d\x2d\x2d\x2d\x2d\x2d\x2d\x0a</data></match></read>
    <read><delim>\x0a</delim><match><data>\x7c  \x23  \x23  \x23   \x23   \x23   \x23    \x7c\x0a</data></match></read>
    <read><delim>\x0a</delim><match><data>\x7c \x23    \x23   \x23   \x23    \x23   \x23 \x7c\x0a</data></match></read>
    <read><delim>\x0a</delim><match><data>\x7c\x23 \x23    \x23 \x23  \x23            \x7c\x0a</data></match></read>
    <read><delim>\x0a</delim><match><data>\x7c     \x23 \x2b   \x23  \x23  \x23\x23 \x23 \x23  \x7c\x0a</data></match></read>
    <read><delim>\x0a</delim><match><data>\x7c            \x2b            \x7c\x0a</data></match></read>
    <read><delim>\x0a</delim><match><data>\x7c            \x2b        \x2b   \x7c\x0a</data></match></read>
    <read><delim>\x0a</delim><match><data>\x7c                         \x7c\x0a</data></match></read>
    <read><delim>\x0a</delim><match><data>\x7c  \x2b           \x2b     \x2b    \x7c\x0a</data></match></read>
    <read><delim>\x0a</delim><match><data>\x7c\x2b                        \x7c\x0a</data></match></read>
    <read><delim>\x0a</delim><match><data>\x7c  \x2b                      \x7c\x0a</data></match></read>
    <read><delim>\x0a</delim><match><data>\x7c     \x2b                   \x7c\x0a</data></match></read>
    <read><delim>\x0a</delim><match><data>\x7c                       \x2b \x7c\x0a</data></match></read>
    <read><delim>\x0a</delim><match><data>\x7c    \x2b           \x2b      \x2b \x7c\x0a</data></match></read>
    <read><delim>\x0a</delim><match><data>\x7c!     \x2b       \x2b          \x7c\x0a</data></match></read>
    <read><delim>\x0a</delim><match><data>\x7c!                        \x7c\x0a</data></match></read>
    <read><delim>\x0a</delim><match><data>\x7c!                        \x7c\x0a</data></match></read>
    <read><delim>\x0a</delim><match><data>\x7c!                        \x7c\x0a</data></match></read>
    <read><delim>\x0a</delim><match><data>\x7c!                        \x7c\x0a</data></match></read>
    <read><delim>\x0a</delim><match><data>\x7c!                        \x7c\x0a</data></match></read>
    <read><delim>\x0a</delim><match><data>\x7c!                        \x7c\x0a</data></match></read>
    <read><delim>\x0a</delim><match><data>\x7c!                        \x7c\x0a</data></match></read>
    <read><delim>\x0a</delim><match><data>\x7c!                        \x7c\x0a</data></match></read>
    <read><delim>\x0a</delim><match><data>\x7c!                        \x7c\x0a</data></match></read>
    <read><delim>\x0a</delim><match><data>\x7c!                        \x7c\x0a</data></match></read>
    <read><delim>\x0a</delim><match><data>\x7cW                        \x7c\x0a</data></match></read>
    <read><delim>\x0a</delim><match><data>\x2d\x2d\x2d\x2d\x2d\x2d\x2d\x2d\x2d\x2d\x2d\x2d\x2d\x2d\x2d\x2d\x2d\x2d\x2d\x2d\x2d\x2d\x2d\x2d\x2d\x2d\x2d\x0a</data></match></read>
    <read><delim>\x0a</delim><match><data>\x09\x09Level \x231\x0a</data></match></read>
    <write><data>i\x0a</data></write>
    <read><delim>\x0a</delim><match><data>\x09Welcome to Attackers General irmmpqolzngczqpeqqltvfsxixwvjiei!\x0a</data></match></read>
    <read><delim>\x0a</delim><match><data>\x2d\x2d\x2d\x2d\x2d\x2d\x2d\x2d\x2d\x2d\x2d\x2d\x2d\x2d\x2d\x2d\x2d\x2d\x2d\x2d\x2d\x2d\x2d\x2d\x2d\x2d\x2d\x0a</data></match></read>
    <read><delim>\x0a</delim><match><data>\x7c         \x23  \x23       \x23    \x7c\x0a</data></match></read>
    <read><delim>\x0a</delim><match><data>\x7c\x23 \x23  \x23\x23    \x23  \x23 \x23  \x23  \x23  \x7c\x0a</data></match></read>
    <read><delim>\x0a</delim><match><data>\x7c\x23 \x23   \x23  \x23               \x7c\x0a</data></match></read>
    <read><delim>\x0a</delim><match><data>\x7c  \x2b  \x23   \x2b\x23 \x23 \x23 \x23  \x23\x23 \x23  \x7c\x0a</data></match></read>
    <read><delim>\x0a</delim><match><data>\x7c       \x2b                 \x7c\x0a</data></match></read>
    <read><delim>\x0a</delim><match><data>\x7c            \x2b            \x7c\x0a</data></match></read>
    <read><delim>\x0a</delim><match><data>\x7c            \x2b        \x2b   \x7c\x0a</data></match></read>
    <read><delim>\x0a</delim><match><data>\x7c                         \x7c\x0a</data></match></read>
    <read><delim>\x0a</delim><match><data>\x7c  \x2b           \x2b     \x2b    \x7c\x0a</data></match></read>
    <read><delim>\x0a</delim><match><data>\x7c\x2b                        \x7c\x0a</data></match></read>
    <read><delim>\x0a</delim><match><data>\x7c  \x2b                      \x7c\x0a</data></match></read>
    <read><delim>\x0a</delim><match><data>\x7c     \x2b                   \x7c\x0a</data></match></read>
    <read><delim>\x0a</delim><match><data>\x7c!                      \x2b \x7c\x0a</data></match></read>
    <read><delim>\x0a</delim><match><data>\x7c!   \x2b           \x2b      \x2b \x7c\x0a</data></match></read>
    <read><delim>\x0a</delim><match><data>\x7c!     \x2b       \x2b          \x7c\x0a</data></match></read>
    <read><delim>\x0a</delim><match><data>\x7c!                        \x7c\x0a</data></match></read>
    <read><delim>\x0a</delim><match><data>\x7c!                        \x7c\x0a</data></match></read>
    <read><delim>\x0a</delim><match><data>\x7c!                        \x7c\x0a</data></match></read>
    <read><delim>\x0a</delim><match><data>\x7c!                        \x7c\x0a</data></match></read>
    <read><delim>\x0a</delim><match><data>\x7c!                        \x7c\x0a</data></match></read>
    <read><delim>\x0a</delim><match><data>\x7c!                        \x7c\x0a</data></match></read>
    <read><delim>\x0a</delim><match><data>\x7c!                        \x7c\x0a</data></match></read>
    <read><delim>\x0a</delim><match><data>\x7c!                        \x7c\x0a</data></match></read>
    <read><delim>\x0a</delim><match><data>\x7c!                        \x7c\x0a</data></match></read>
    <read><delim>\x0a</delim><match><data>\x7cW                        \x7c\x0a</data></match></read>
    <read><delim>\x0a</delim><match><data>\x2d\x2d\x2d\x2d\x2d\x2d\x2d\x2d\x2d\x2d\x2d\x2d\x2d\x2d\x2d\x2d\x2d\x2d\x2d\x2d\x2d\x2d\x2d\x2d\x2d\x2d\x2d\x0a</data></match></read>
    <read><delim>\x0a</delim><match><data>\x09\x09Level \x231\x0a</data></match></read>
    <write><data>r\x0a</data></write>
    <read><delim>\x0a</delim><match><data>\x09Welcome to Attackers General irmmpqolzngczqpeqqltvfsxixwvjiei!\x0a</data></match></read>
    <read><delim>\x0a</delim><match><data>\x2d\x2d\x2d\x2d\x2d\x2d\x2d\x2d\x2d\x2d\x2d\x2d\x2d\x2d\x2d\x2d\x2d\x2d\x2d\x2d\x2d\x2d\x2d\x2d\x2d\x2d\x2d\x0a</data></match></read>
    <read><delim>\x0a</delim><match><data>\x7c\x23        \x23   \x23      \x23    \x7c\x0a</data></match></read>
    <read><delim>\x0a</delim><match><data>\x7c  \x23  \x23 \x23  \x23   \x23 \x23  \x23   \x23 \x7c\x0a</data></match></read>
    <read><delim>\x0a</delim><match><data>\x7c\x23  \x23     \x23  \x23 \x23    \x23     \x7c\x0a</data></match></read>
    <read><delim>\x0a</delim><match><data>\x7c     \x23\x23   \x23      \x23   \x23 \x23 \x7c\x0a</data></match></read>
    <read><delim>\x0a</delim><match><data>\x7c  \x2b      \x2b               \x7c\x0a</data></match></read>
    <read><delim>\x0a</delim><match><data>\x7c       \x2b                 \x7c\x0a</data></match></read>
    <read><delim>\x0a</delim><match><data>\x7c            \x2b            \x7c\x0a</data></match></read>
    <read><delim>\x0a</delim><match><data>\x7c            \x2b        \x2b   \x7c\x0a</data></match></read>
    <read><delim>\x0a</delim><match><data>\x7c                         \x7c\x0a</data></match></read>
    <read><delim>\x0a</delim><match><data>\x7c  \x2b           \x2b     \x2b    \x7c\x0a</data></match></read>
    <read><delim>\x0a</delim><match><data>\x7c\x2b                        \x7c\x0a</data></match></read>
    <read><delim>\x0a</delim><match><data>\x7c! \x2b                      \x7c\x0a</data></match></read>
    <read><delim>\x0a</delim><match><data>\x7c!    \x2b                   \x7c\x0a</data></match></read>
    <read><delim>\x0a</delim><match><data>\x7c!                      \x2b \x7c\x0a</data></match></read>
    <read><delim>\x0a</delim><match><data>\x7c!   \x2b           \x2b      \x2b \x7c\x0a</data></match></read>
    <read><delim>\x0a</delim><match><data>\x7c!     \x2b       \x2b          \x7c\x0a</data></match></read>
    <read><delim>\x0a</delim><match><data>\x7c!                        \x7c\x0a</data></match></read>
    <read><delim>\x0a</delim><match><data>\x7c!                        \x7c\x0a</data></match></read>
    <read><delim>\x0a</delim><match><data>\x7c!                        \x7c\x0a</data></match></read>
    <read><delim>\x0a</delim><match><data>\x7c!                        \x7c\x0a</data></match></read>
    <read><delim>\x0a</delim><match><data>\x7c!                        \x7c\x0a</data></match></read>
    <read><delim>\x0a</delim><match><data>\x7c!                        \x7c\x0a</data></match></read>
    <read><delim>\x0a</delim><match><data>\x7c!                        \x7c\x0a</data></match></read>
    <read><delim>\x0a</delim><match><data>\x7c!                        \x7c\x0a</data></match></read>
    <read><delim>\x0a</delim><match><data>\x7cW                        \x7c\x0a</data></match></read>
    <read><delim>\x0a</delim><match><data>\x2d\x2d\x2d\x2d\x2d\x2d\x2d\x2d\x2d\x2d\x2d\x2d\x2d\x2d\x2d\x2d\x2d\x2d\x2d\x2d\x2d\x2d\x2d\x2d\x2d\x2d\x2d\x0a</data></match></read>
    <read><delim>\x0a</delim><match><data>\x09\x09Level \x231\x0a</data></match></read>
    <write><data>z\x0a</data></write>
    <read><delim>\x0a</delim><match><data>\x09Welcome to Attackers General irmmpqolzngczqpeqqltvfsxixwvjiei!\x0a</data></match></read>
    <read><delim>\x0a</delim><match><data>\x2d\x2d\x2d\x2d\x2d\x2d\x2d\x2d\x2d\x2d\x2d\x2d\x2d\x2d\x2d\x2d\x2d\x2d\x2d\x2d\x2d\x2d\x2d\x2d\x2d\x2d\x2d\x0a</data></match></read>
    <read><delim>\x0a</delim><match><data>\x7c  \x23    \x23 \x23  \x23   \x23  \x23   \x23 \x7c\x0a</data></match></read>
    <read><delim>\x0a</delim><match><data>\x7c\x23    \x23    \x23   \x23     \x23    \x7c\x0a</data></match></read>
    <read><delim>\x0a</delim><match><data>\x7c \x23\x23   \x23  \x23    \x23    \x23 \x23   \x7c\x0a</data></match></read>
    <read><delim>\x0a</delim><match><data>\x7c    \x23      \x23\x23 \x2b  \x23     \x23 \x7c\x0a</data></match></read>
    <read><delim>\x0a</delim><match><data>\x7c                         \x7c\x0a</data></match></read>
    <read><delim>\x0a</delim><match><data>\x7c  \x2b      \x2b               \x7c\x0a</data></match></read>
    <read><delim>\x0a</delim><match><data>\x7c       \x2b                 \x7c\x0a</data></match></read>
    <read><delim>\x0a</delim><match><data>\x7c            \x2b            \x7c\x0a</data></match></read>
    <read><delim>\x0a</delim><match><data>\x7c            \x2b        \x2b   \x7c\x0a</data></match></read>
    <read><delim>\x0a</delim><match><data>\x7c                         \x7c\x0a</data></match></read>
    <read><delim>\x0a</delim><match><data>\x7c! \x2b           \x2b     \x2b    \x7c\x0a</data></match></read>
    <read><delim>\x0a</delim><match><data>\x7c\x2b                        \x7c\x0a</data></match></read>
    <read><delim>\x0a</delim><match><data>\x7c! \x2b                      \x7c\x0a</data></match></read>
    <read><delim>\x0a</delim><match><data>\x7c!    \x2b                   \x7c\x0a</data></match></read>
    <read><delim>\x0a</delim><match><data>\x7c!                      \x2b \x7c\x0a</data></match></read>
    <read><delim>\x0a</delim><match><data>\x7c!   \x2b           \x2b      \x2b \x7c\x0a</data></match></read>
    <read><delim>\x0a</delim><match><data>\x7c!     \x2b       \x2b          \x7c\x0a</data></match></read>
    <read><delim>\x0a</delim><match><data>\x7c!                        \x7c\x0a</data></match></read>
    <read><delim>\x0a</delim><match><data>\x7c!                        \x7c\x0a</data></match></read>
    <read><delim>\x0a</delim><match><data>\x7c!                        \x7c\x0a</data></match></read>
    <read><delim>\x0a</delim><match><data>\x7c!                        \x7c\x0a</data></match></read>
    <read><delim>\x0a</delim><match><data>\x7c!                        \x7c\x0a</data></match></read>
    <read><delim>\x0a</delim><match><data>\x7c!                        \x7c\x0a</data></match></read>
    <read><delim>\x0a</delim><match><data>\x7c!                        \x7c\x0a</data></match></read>
    <read><delim>\x0a</delim><match><data>\x7cW                        \x7c\x0a</data></match></read>
    <read><delim>\x0a</delim><match><data>\x2d\x2d\x2d\x2d\x2d\x2d\x2d\x2d\x2d\x2d\x2d\x2d\x2d\x2d\x2d\x2d\x2d\x2d\x2d\x2d\x2d\x2d\x2d\x2d\x2d\x2d\x2d\x0a</data></match></read>
    <read><delim>\x0a</delim><match><data>\x09\x09Level \x231\x0a</data></match></read>
    <write><data>r\x0a</data></write>
    <read><delim>\x0a</delim><match><data>\x09Welcome to Attackers General irmmpqolzngczqpeqqltvfsxixwvjiei!\x0a</data></match></read>
    <read><delim>\x0a</delim><match><data>\x2d\x2d\x2d\x2d\x2d\x2d\x2d\x2d\x2d\x2d\x2d\x2d\x2d\x2d\x2d\x2d\x2d\x2d\x2d\x2d\x2d\x2d\x2d\x2d\x2d\x2d\x2d\x0a</data></match></read>
    <read><delim>\x0a</delim><match><data>\x7c     \x23\x23  \x23  \x23 \x23 \x23  \x23  \x23  \x7c\x0a</data></match></read>
    <read><delim>\x0a</delim><match><data>\x7c\x23 \x23       \x23          \x23   \x7c\x0a</data></match></read>
    <read><delim>\x0a</delim><match><data>\x7c \x23 \x23   \x23\x23     \x23  \x23       \x7c\x0a</data></match></read>
    <read><delim>\x0a</delim><match><data>\x7c    \x23      \x23\x23 \x2b    \x23 \x23 \x23 \x7c\x0a</data></match></read>
    <read><delim>\x0a</delim><match><data>\x7c            \x2b \x2b          \x7c\x0a</data></match></read>
    <read><delim>\x0a</delim><match><data>\x7c                         \x7c\x0a</data></match></read>
    <read><delim>\x0a</delim><match><data>\x7c  \x2b      \x2b               \x7c\x0a</data></match></read>
    <read><delim>\x0a</delim><match><data>\x7c       \x2b                 \x7c\x0a</data></match></read>
    <read><delim>\x0a</delim><match><data>\x7c            \x2b            \x7c\x0a</data></match></read>
    <read><delim>\x0a</delim><match><data>\x7c!           \x2b        \x2b   \x7c\x0a</data></match></read>
    <read><delim>\x0a</delim><match><data>\x7c!                        \x7c\x0a</data></match></read>
    <read><delim>\x0a</delim><match><data>\x7c! \x2b           \x2b     \x2b    \x7c\x0a</data></match></read>
    <read><delim>\x0a</delim><match><data>\x7c\x2b                        \x7c\x0a</data></match></read>
    <read><delim>\x0a</delim><match><data>\x7c! \x2b                      \x7c\x0a</data></match></read>
    <read><delim>\x0a</delim><match><data>\x7c!    \x2b                   \x7c\x0a</data></match></read>
    <read><delim>\x0a</delim><match><data>\x7c!                      \x2b \x7c\x0a</data></match></read>
    <read><delim>\x0a</delim><match><data>\x7c!   \x2b           \x2b      \x2b \x7c\x0a</data></match></read>
    <read><delim>\x0a</delim><match><data>\x7c!     \x2b       \x2b          \x7c\x0a</data></match></read>
    <read><delim>\x0a</delim><match><data>\x7c!                        \x7c\x0a</data></match></read>
    <read><delim>\x0a</delim><match><data>\x7c!                        \x7c\x0a</data></match></read>
    <read><delim>\x0a</delim><match><data>\x7c!                        \x7c\x0a</data></match></read>
    <read><delim>\x0a</delim><match><data>\x7c!                        \x7c\x0a</data></match></read>
    <read><delim>\x0a</delim><match><data>\x7c!                        \x7c\x0a</data></match></read>
    <read><delim>\x0a</delim><match><data>\x7c!                        \x7c\x0a</data></match></read>
    <read><delim>\x0a</delim><match><data>\x7cW                        \x7c\x0a</data></match></read>
    <read><delim>\x0a</delim><match><data>\x2d\x2d\x2d\x2d\x2d\x2d\x2d\x2d\x2d\x2d\x2d\x2d\x2d\x2d\x2d\x2d\x2d\x2d\x2d\x2d\x2d\x2d\x2d\x2d\x2d\x2d\x2d\x0a</data></match></read>
    <read><delim>\x0a</delim><match><data>\x09\x09Level \x231\x0a</data></match></read>
    <write><data>t\x0a</data></write>
    <read><delim>\x0a</delim><match><data>\x09Welcome to Attackers General irmmpqolzngczqpeqqltvfsxixwvjiei!\x0a</data></match></read>
    <read><delim>\x0a</delim><match><data>\x2d\x2d\x2d\x2d\x2d\x2d\x2d\x2d\x2d\x2d\x2d\x2d\x2d\x2d\x2d\x2d\x2d\x2d\x2d\x2d\x2d\x2d\x2d\x2d\x2d\x2d\x2d\x0a</data></match></read>
    <read><delim>\x0a</delim><match><data>\x7c  \x23     \x23   \x23        \x23\x23  \x7c\x0a</data></match></read>
    <read><delim>\x0a</delim><match><data>\x7c \x23   \x23\x23   \x23   \x23 \x23  \x23     \x7c\x0a</data></match></read>
    <read><delim>\x0a</delim><match><data>\x7c\x23 \x23 \x23   \x23     \x23    \x23     \x7c\x0a</data></match></read>
    <read><delim>\x0a</delim><match><data>\x7c       \x23   \x23 \x23\x2b  \x23   \x23 \x23 \x7c\x0a</data></match></read>
    <read><delim>\x0a</delim><match><data>\x7c              \x2b      \x2b \x2b \x7c\x0a</data></match></read>
    <read><delim>\x0a</delim><match><data>\x7c            \x2b \x2b          \x7c\x0a</data></match></read>
    <read><delim>\x0a</delim><match><data>\x7c                         \x7c\x0a</data></match></read>
    <read><delim>\x0a</delim><match><data>\x7c  \x2b      \x2b               \x7c\x0a</data></match></read>
    <read><delim>\x0a</delim><match><data>\x7c!      \x2b                 \x7c\x0a</data></match></read>
    <read><delim>\x0a</delim><match><data>\x7c!           \x2b            \x7c\x0a</data></match></read>
    <read><delim>\x0a</delim><match><data>\x7c!           \x2b        \x2b   \x7c\x0a</data></match></read>
    <read><delim>\x0a</delim><match><data>\x7c!                        \x7c\x0a</data></match></read>
    <read><delim>\x0a</delim><match><data>\x7c! \x2b           \x2b     \x2b    \x7c\x0a</data></match></read>
    <read><delim>\x0a</delim><match><data>\x7c\x2b                        \x7c\x0a</data></match></read>
    <read><delim>\x0a</delim><match><data>\x7c! \x2b                      \x7c\x0a</data></match></read>
    <read><delim>\x0a</delim><match><data>\x7c!    \x2b                   \x7c\x0a</data></match></read>
    <read><delim>\x0a</delim><match><data>\x7c!                      \x2b \x7c\x0a</data></match></read>
    <read><delim>\x0a</delim><match><data>\x7c!   \x2b           \x2b      \x2b \x7c\x0a</data></match></read>
    <read><delim>\x0a</delim><match><data>\x7c!     \x2b       \x2b          \x7c\x0a</data></match></read>
    <read><delim>\x0a</delim><match><data>\x7c!                        \x7c\x0a</data></match></read>
    <read><delim>\x0a</delim><match><data>\x7c!                        \x7c\x0a</data></match></read>
    <read><delim>\x0a</delim><match><data>\x7c!                        \x7c\x0a</data></match></read>
    <read><delim>\x0a</delim><match><data>\x7c!                        \x7c\x0a</data></match></read>
    <read><delim>\x0a</delim><match><data>\x7c!                        \x7c\x0a</data></match></read>
    <read><delim>\x0a</delim><match><data>\x7cW                        \x7c\x0a</data></match></read>
    <read><delim>\x0a</delim><match><data>\x2d\x2d\x2d\x2d\x2d\x2d\x2d\x2d\x2d\x2d\x2d\x2d\x2d\x2d\x2d\x2d\x2d\x2d\x2d\x2d\x2d\x2d\x2d\x2d\x2d\x2d\x2d\x0a</data></match></read>
    <read><delim>\x0a</delim><match><data>\x09\x09Level \x231\x0a</data></match></read>
    <write><data>d\x0a</data></write>
    <read><delim>\x0a</delim><match><data>\x09Welcome to Attackers General irmmpqolzngczqpeqqltvfsxixwvjiei!\x0a</data></match></read>
    <read><delim>\x0a</delim><match><data>\x2d\x2d\x2d\x2d\x2d\x2d\x2d\x2d\x2d\x2d\x2d\x2d\x2d\x2d\x2d\x2d\x2d\x2d\x2d\x2d\x2d\x2d\x2d\x2d\x2d\x2d\x2d\x0a</data></match></read>
    <read><delim>\x0a</delim><match><data>\x7c      \x23 \x23    \x23\x23        \x23 \x7c\x0a</data></match></read>
    <read><delim>\x0a</delim><match><data>\x7c\x23 \x23  \x23    \x23      \x23 \x23 \x23   \x7c\x0a</data></match></read>
    <read><delim>\x0a</delim><match><data>\x7c       \x23\x23      \x23 \x23   \x23   \x7c\x0a</data></match></read>
    <read><delim>\x0a</delim><match><data>\x7c\x23 \x23 \x23   \x2b \x23 \x23      \x23   \x23 \x7c\x0a</data></match></read>
    <read><delim>\x0a</delim><match><data>\x7c              \x2b        \x2b \x7c\x0a</data></match></read>
    <read><delim>\x0a</delim><match><data>\x7c              \x2b      \x2b \x2b \x7c\x0a</data></match></read>
    <read><delim>\x0a</delim><match><data>\x7c            \x2b \x2b          \x7c\x0a</data></match></read>
    <read><delim>\x0a</delim><match><data>\x7c!                        \x7c\x0a</data></match></read>
    <read><delim>\x0a</delim><match><data>\x7c! \x2b      \x2b               \x7c\x0a</data></match></read>
    <read><delim>\x0a</delim><match><data>\x7c!      \x2b                 \x7c\x0a</data></match></read>
    <read><delim>\x0a</delim><match><data>\x7c!           \x2b            \x7c\x0a</data></match></read>
    <read><delim>\x0a</delim><match><data>\x7c!           \x2b        \x2b   \x7c\x0a</data></match></read>
    <read><delim>\x0a</delim><match><data>\x7c!                        \x7c\x0a</data></match></read>
    <read><delim>\x0a</delim><match><data>\x7c! \x2b           \x2b     \x2b    \x7c\x0a</data></match></read>
    <read><delim>\x0a</delim><match><data>\x7c\x2b                        \x7c\x0a</data></match></read>
    <read><delim>\x0a</delim><match><data>\x7c! \x2b                      \x7c\x0a</data></match></read>
    <read><delim>\x0a</delim><match><data>\x7c!    \x2b                   \x7c\x0a</data></match></read>
    <read><delim>\x0a</delim><match><data>\x7c!                      \x2b \x7c\x0a</data></match></read>
    <read><delim>\x0a</delim><match><data>\x7c!   \x2b           \x2b      \x2b \x7c\x0a</data></match></read>
    <read><delim>\x0a</delim><match><data>\x7c!     \x2b       \x2b          \x7c\x0a</data></match></read>
    <read><delim>\x0a</delim><match><data>\x7c!                        \x7c\x0a</data></match></read>
    <read><delim>\x0a</delim><match><data>\x7c!                        \x7c\x0a</data></match></read>
    <read><delim>\x0a</delim><match><data>\x7c!                        \x7c\x0a</data></match></read>
    <read><delim>\x0a</delim><match><data>\x7c!                        \x7c\x0a</data></match></read>
    <read><delim>\x0a</delim><match><data>\x7cW                        \x7c\x0a</data></match></read>
    <read><delim>\x0a</delim><match><data>\x2d\x2d\x2d\x2d\x2d\x2d\x2d\x2d\x2d\x2d\x2d\x2d\x2d\x2d\x2d\x2d\x2d\x2d\x2d\x2d\x2d\x2d\x2d\x2d\x2d\x2d\x2d\x0a</data></match></read>
    <read><delim>\x0a</delim><match><data>\x09\x09Level \x231\x0a</data></match></read>
    <write><data>t\x0a</data></write>
    <read><delim>\x0a</delim><match><data>\x09Welcome to Attackers General irmmpqolzngczqpeqqltvfsxixwvjiei!\x0a</data></match></read>
    <read><delim>\x0a</delim><match><data>\x2d\x2d\x2d\x2d\x2d\x2d\x2d\x2d\x2d\x2d\x2d\x2d\x2d\x2d\x2d\x2d\x2d\x2d\x2d\x2d\x2d\x2d\x2d\x2d\x2d\x2d\x2d\x0a</data></match></read>
    <read><delim>\x0a</delim><match><data>\x7c\x23 \x23   \x23 \x23 \x23 \x23      \x23  \x23  \x7c\x0a</data></match></read>
    <read><delim>\x0a</delim><match><data>\x7c    \x23         \x23  \x23  \x23    \x7c\x0a</data></match></read>
    <read><delim>\x0a</delim><match><data>\x7c       \x23  \x23   \x23      \x23 \x23 \x7c\x0a</data></match></read>
    <read><delim>\x0a</delim><match><data>\x7c\x23 \x23 \x23  \x2b\x23    \x23   \x23 \x23     \x7c\x0a</data></match></read>
    <read><delim>\x0a</delim><match><data>\x7c\x2b       \x2b                \x7c\x0a</data></match></read>
    <read><delim>\x0a</delim><match><data>\x7c              \x2b        \x2b \x7c\x0a</data></match></read>
    <read><delim>\x0a</delim><match><data>\x7c!             \x2b      \x2b \x2b \x7c\x0a</data></match></read>
    <read><delim>\x0a</delim><match><data>\x7c!           \x2b \x2b          \x7c\x0a</data></match></read>
    <read><delim>\x0a</delim><match><data>\x7c!                        \x7c\x0a</data></match></read>
    <read><delim>\x0a</delim><match><data>\x7c! \x2b      \x2b               \x7c\x0a</data></match></read>
    <read><delim>\x0a</delim><match><data>\x7c!      \x2b                 \x7c\x0a</data></match></read>
    <read><delim>\x0a</delim><match><data>\x7c!           \x2b            \x7c\x0a</data></match></read>
    <read><delim>\x0a</delim><match><data>\x7c!           \x2b        \x2b   \x7c\x0a</data></match></read>
    <read><delim>\x0a</delim><match><data>\x7c!                        \x7c\x0a</data></match></read>
    <read><delim>\x0a</delim><match><data>\x7c! \x2b           \x2b     \x2b    \x7c\x0a</data></match></read>
    <read><delim>\x0a</delim><match><data>\x7c\x2b                        \x7c\x0a</data></match></read>
    <read><delim>\x0a</delim><match><data>\x7c! \x2b                      \x7c\x0a</data></match></read>
    <read><delim>\x0a</delim><match><data>\x7c!    \x2b                   \x7c\x0a</data></match></read>
    <read><delim>\x0a</delim><match><data>\x7c!                      \x2b \x7c\x0a</data></match></read>
    <read><delim>\x0a</delim><match><data>\x7c!   \x2b           \x2b      \x2b \x7c\x0a</data></match></read>
    <read><delim>\x0a</delim><match><data>\x7c!     \x2b       \x2b          \x7c\x0a</data></match></read>
    <read><delim>\x0a</delim><match><data>\x7c!                        \x7c\x0a</data></match></read>
    <read><delim>\x0a</delim><match><data>\x7c!                        \x7c\x0a</data></match></read>
    <read><delim>\x0a</delim><match><data>\x7c                         \x7c\x0a</data></match></read>
    <read><delim>\x0a</delim><match><data>\x7c W                       \x7c\x0a</data></match></read>
    <read><delim>\x0a</delim><match><data>\x2d\x2d\x2d\x2d\x2d\x2d\x2d\x2d\x2d\x2d\x2d\x2d\x2d\x2d\x2d\x2d\x2d\x2d\x2d\x2d\x2d\x2d\x2d\x2d\x2d\x2d\x2d\x0a</data></match></read>
    <read><delim>\x0a</delim><match><data>\x09\x09Level \x231\x0a</data></match></read>
    <write><data>y\x0a</data></write>
    <read><delim>\x0a</delim><match><data>\x09Welcome to Attackers General irmmpqolzngczqpeqqltvfsxixwvjiei!\x0a</data></match></read>
    <read><delim>\x0a</delim><match><data>\x2d\x2d\x2d\x2d\x2d\x2d\x2d\x2d\x2d\x2d\x2d\x2d\x2d\x2d\x2d\x2d\x2d\x2d\x2d\x2d\x2d\x2d\x2d\x2d\x2d\x2d\x2d\x0a</data></match></read>
    <read><delim>\x0a</delim><match><data>\x7c\x23  \x23\x23 \x23 \x23 \x23   \x23     \x23    \x7c\x0a</data></match></read>
    <read><delim>\x0a</delim><match><data>\x7c            \x23   \x23  \x23  \x23  \x7c\x0a</data></match></read>
    <read><delim>\x0a</delim><match><data>\x7c\x23 \x23 \x23  \x23  \x23  \x23     \x23\x23  \x23 \x7c\x0a</data></match></read>
    <read><delim>\x0a</delim><match><data>\x7c         \x23    \x23  \x23       \x7c\x0a</data></match></read>
    <read><delim>\x0a</delim><match><data>\x7c       \x2b                 \x7c\x0a</data></match></read>
    <read><delim>\x0a</delim><match><data>\x7c\x2b       \x2b                \x7c\x0a</data></match></read>
    <read><delim>\x0a</delim><match><data>\x7c!             \x2b        \x2b \x7c\x0a</data></match></read>
    <read><delim>\x0a</delim><match><data>\x7c!             \x2b      \x2b \x2b \x7c\x0a</data></match></read>
    <read><delim>\x0a</delim><match><data>\x7c!           \x2b \x2b          \x7c\x0a</data></match></read>
    <read><delim>\x0a</delim><match><data>\x7c!                        \x7c\x0a</data></match></read>
    <read><delim>\x0a</delim><match><data>\x7c! \x2b      \x2b               \x7c\x0a</data></match></read>
    <read><delim>\x0a</delim><match><data>\x7c!      \x2b                 \x7c\x0a</data></match></read>
    <read><delim>\x0a</delim><match><data>\x7c!           \x2b            \x7c\x0a</data></match></read>
    <read><delim>\x0a</delim><match><data>\x7c!           \x2b        \x2b   \x7c\x0a</data></match></read>
    <read><delim>\x0a</delim><match><data>\x7c!                        \x7c\x0a</data></match></read>
    <read><delim>\x0a</delim><match><data>\x7c! \x2b           \x2b     \x2b    \x7c\x0a</data></match></read>
    <read><delim>\x0a</delim><match><data>\x7c\x2b                        \x7c\x0a</data></match></read>
    <read><delim>\x0a</delim><match><data>\x7c! \x2b                      \x7c\x0a</data></match></read>
    <read><delim>\x0a</delim><match><data>\x7c!    \x2b                   \x7c\x0a</data></match></read>
    <read><delim>\x0a</delim><match><data>\x7c!                      \x2b \x7c\x0a</data></match></read>
    <read><delim>\x0a</delim><match><data>\x7c!   \x2b           \x2b      \x2b \x7c\x0a</data></match></read>
    <read><delim>\x0a</delim><match><data>\x7c!     \x2b       \x2b          \x7c\x0a</data></match></read>
    <read><delim>\x0a</delim><match><data>\x7c                         \x7c\x0a</data></match></read>
    <read><delim>\x0a</delim><match><data>\x7c !                       \x7c\x0a</data></match></read>
    <read><delim>\x0a</delim><match><data>\x7c W                       \x7c\x0a</data></match></read>
    <read><delim>\x0a</delim><match><data>\x2d\x2d\x2d\x2d\x2d\x2d\x2d\x2d\x2d\x2d\x2d\x2d\x2d\x2d\x2d\x2d\x2d\x2d\x2d\x2d\x2d\x2d\x2d\x2d\x2d\x2d\x2d\x0a</data></match></read>
    <read><delim>\x0a</delim><match><data>\x09\x09Level \x231\x0a</data></match></read>
    <write><data>z\x0a</data></write>
    <read><delim>\x0a</delim><match><data>\x09Welcome to Attackers General irmmpqolzngczqpeqqltvfsxixwvjiei!\x0a</data></match></read>
    <read><delim>\x0a</delim><match><data>\x2d\x2d\x2d\x2d\x2d\x2d\x2d\x2d\x2d\x2d\x2d\x2d\x2d\x2d\x2d\x2d\x2d\x2d\x2d\x2d\x2d\x2d\x2d\x2d\x2d\x2d\x2d\x0a</data></match></read>
    <read><delim>\x0a</delim><match><data>\x7c                         \x7c\x0a</data></match></read>
    <read><delim>\x0a</delim><match><data>\x7c \x23\x23     \x23  \x23       \x23\x23 \x23  \x7c\x0a</data></match></read>
    <read><delim>\x0a</delim><match><data>\x7c    \x23 \x23     \x23 \x23 \x23        \x7c\x0a</data></match></read>
    <read><delim>\x0a</delim><match><data>\x7c \x23 \x23\x23  \x23  \x23 \x23     \x23    \x23 \x7c\x0a</data></match></read>
    <read><delim>\x0a</delim><match><data>\x7c!       \x23     \x23  \x23  \x23    \x7c\x0a</data></match></read>
    <read><delim>\x0a</delim><match><data>\x7c!      \x2b         \x2b       \x7c\x0a</data></match></read>
    <read><delim>\x0a</delim><match><data>\x7c\x2b       \x2b                \x7c\x0a</data></match></read>
    <read><delim>\x0a</delim><match><data>\x7c!             \x2b        \x2b \x7c\x0a</data></match></read>
    <read><delim>\x0a</delim><match><data>\x7c!             \x2b      \x2b \x2b \x7c\x0a</data></match></read>
    <read><delim>\x0a</delim><match><data>\x7c!           \x2b \x2b          \x7c\x0a</data></match></read>
    <read><delim>\x0a</delim><match><data>\x7c!                        \x7c\x0a</data></match></read>
    <read><delim>\x0a</delim><match><data>\x7c! \x2b      \x2b               \x7c\x0a</data></match></read>
    <read><delim>\x0a</delim><match><data>\x7c!      \x2b                 \x7c\x0a</data></match></read>
    <read><delim>\x0a</delim><match><data>\x7c!           \x2b            \x7c\x0a</data></match></read>
    <read><delim>\x0a</delim><match><data>\x7c!           \x2b        \x2b   \x7c\x0a</data></match></read>
    <read><delim>\x0a</delim><match><data>\x7c!                        \x7c\x0a</data></match></read>
    <read><delim>\x0a</delim><match><data>\x7c! \x2b           \x2b     \x2b    \x7c\x0a</data></match></read>
    <read><delim>\x0a</delim><match><data>\x7c\x2b                        \x7c\x0a</data></match></read>
    <read><delim>\x0a</delim><match><data>\x7c! \x2b                      \x7c\x0a</data></match></read>
    <read><delim>\x0a</delim><match><data>\x7c!    \x2b                   \x7c\x0a</data></match></read>
    <read><delim>\x0a</delim><match><data>\x7c!                      \x2b \x7c\x0a</data></match></read>
    <read><delim>\x0a</delim><match><data>\x7c    \x2b           \x2b      \x2b \x7c\x0a</data></match></read>
    <read><delim>\x0a</delim><match><data>\x7c !    \x2b       \x2b          \x7c\x0a</data></match></read>
    <read><delim>\x0a</delim><match><data>\x7c !                       \x7c\x0a</data></match></read>
    <read><delim>\x0a</delim><match><data>\x7c W                       \x7c\x0a</data></match></read>
    <read><delim>\x0a</delim><match><data>\x2d\x2d\x2d\x2d\x2d\x2d\x2d\x2d\x2d\x2d\x2d\x2d\x2d\x2d\x2d\x2d\x2d\x2d\x2d\x2d\x2d\x2d\x2d\x2d\x2d\x2d\x2d\x0a</data></match></read>
    <read><delim>\x0a</delim><match><data>\x09\x09Level \x232\x0a</data></match></read>
    <write><data>r\x0a</data></write>
    <read><delim>\x0a</delim><match><data>\x09Welcome to Attackers General irmmpqolzngczqpeqqltvfsxixwvjiei!\x0a</data></match></read>
    <read><delim>\x0a</delim><match><data>\x2d\x2d\x2d\x2d\x2d\x2d\x2d\x2d\x2d\x2d\x2d\x2d\x2d\x2d\x2d\x2d\x2d\x2d\x2d\x2d\x2d\x2d\x2d\x2d\x2d\x2d\x2d\x0a</data></match></read>
    <read><delim>\x0a</delim><match><data>\x7c                         \x7c\x0a</data></match></read>
    <read><delim>\x0a</delim><match><data>\x7c\x23 \x23 \x23    \x23 \x23  \x23 \x23 \x23  \x23 \x23 \x7c\x0a</data></match></read>
    <read><delim>\x0a</delim><match><data>\x7c      \x23     \x23            \x7c\x0a</data></match></read>
    <read><delim>\x0a</delim><match><data>\x7c!\x23  \x23 \x23      \x23    \x23 \x23    \x7c\x0a</data></match></read>
    <read><delim>\x0a</delim><match><data>\x7c!\x2b \x23    \x23 \x23   \x23 \x23 \x2b    \x23 \x7c\x0a</data></match></read>
    <read><delim>\x0a</delim><match><data>\x7c!       \x2b                \x7c\x0a</data></match></read>
    <read><delim>\x0a</delim><match><data>\x7c!      \x2b         \x2b       \x7c\x0a</data></match></read>
    <read><delim>\x0a</delim><match><data>\x7c\x2b       \x2b                \x7c\x0a</data></match></read>
    <read><delim>\x0a</delim><match><data>\x7c!             \x2b        \x2b \x7c\x0a</data></match></read>
    <read><delim>\x0a</delim><match><data>\x7c!             \x2b      \x2b \x2b \x7c\x0a</data></match></read>
    <read><delim>\x0a</delim><match><data>\x7c!           \x2b \x2b          \x7c\x0a</data></match></read>
    <read><delim>\x0a</delim><match><data>\x7c!                        \x7c\x0a</data></match></read>
    <read><delim>\x0a</delim><match><data>\x7c! \x2b      \x2b               \x7c\x0a</data></match></read>
    <read><delim>\x0a</delim><match><data>\x7c!      \x2b                 \x7c\x0a</data></match></read>
    <read><delim>\x0a</delim><match><data>\x7c!           \x2b            \x7c\x0a</data></match></read>
    <read><delim>\x0a</delim><match><data>\x7c!           \x2b        \x2b   \x7c\x0a</data></match></read>
    <read><delim>\x0a</delim><match><data>\x7c!                        \x7c\x0a</data></match></read>
    <read><delim>\x0a</delim><match><data>\x7c! \x2b           \x2b     \x2b    \x7c\x0a</data></match></read>
    <read><delim>\x0a</delim><match><data>\x7c\x2b                        \x7c\x0a</data></match></read>
    <read><delim>\x0a</delim><match><data>\x7c! \x2b                      \x7c\x0a</data></match></read>
    <read><delim>\x0a</delim><match><data>\x7c     \x2b                   \x7c\x0a</data></match></read>
    <read><delim>\x0a</delim><match><data>\x7c !                     \x2b \x7c\x0a</data></match></read>
    <read><delim>\x0a</delim><match><data>\x7c !  \x2b           \x2b      \x2b \x7c\x0a</data></match></read>
    <read><delim>\x0a</delim><match><data>\x7c !    \x2b       \x2b          \x7c\x0a</data></match></read>
    <read><delim>\x0a</delim><match><data>\x7c W                       \x7c\x0a</data></match></read>
    <read><delim>\x0a</delim><match><data>\x2d\x2d\x2d\x2d\x2d\x2d\x2d\x2d\x2d\x2d\x2d\x2d\x2d\x2d\x2d\x2d\x2d\x2d\x2d\x2d\x2d\x2d\x2d\x2d\x2d\x2d\x2d\x0a</data></match></read>
    <read><delim>\x0a</delim><match><data>\x09\x09Level \x232\x0a</data></match></read>
    <write><data>d\x0a</data></write>
    <read><delim>\x0a</delim><match><data>\x09Welcome to Attackers General irmmpqolzngczqpeqqltvfsxixwvjiei!\x0a</data></match></read>
    <read><delim>\x0a</delim><match><data>\x2d\x2d\x2d\x2d\x2d\x2d\x2d\x2d\x2d\x2d\x2d\x2d\x2d\x2d\x2d\x2d\x2d\x2d\x2d\x2d\x2d\x2d\x2d\x2d\x2d\x2d\x2d\x0a</data></match></read>
    <read><delim>\x0a</delim><match><data>\x7c                         \x7c\x0a</data></match></read>
    <read><delim>\x0a</delim><match><data>\x7c  \x23 \x23 \x23   \x23   \x23    \x23\x23  \x23 \x7c\x0a</data></match></read>
    <read><delim>\x0a</delim><match><data>\x7c         \x23  \x23   \x23        \x7c\x0a</data></match></read>
    <read><delim>\x0a</delim><match><data>\x7c!    \x23      \x23      \x23 \x23   \x7c\x0a</data></match></read>
    <read><delim>\x0a</delim><match><data>\x7c!\x23\x23   \x23  \x23 \x23  \x23 \x23     \x23  \x7c\x0a</data></match></read>
    <read><delim>\x0a</delim><match><data>\x7c!\x2b              \x2b \x2b      \x7c\x0a</data></match></read>
    <read><delim>\x0a</delim><match><data>\x7c!       \x2b                \x7c\x0a</data></match></read>
    <read><delim>\x0a</delim><match><data>\x7c!      \x2b         \x2b       \x7c\x0a</data></match></read>
    <read><delim>\x0a</delim><match><data>\x7c\x2b       \x2b                \x7c\x0a</data></match></read>
    <read><delim>\x0a</delim><match><data>\x7c!             \x2b        \x2b \x7c\x0a</data></match></read>
    <read><delim>\x0a</delim><match><data>\x7c!             \x2b      \x2b \x2b \x7c\x0a</data></match></read>
    <read><delim>\x0a</delim><match><data>\x7c!           \x2b \x2b          \x7c\x0a</data></match></read>
    <read><delim>\x0a</delim><match><data>\x7c!                        \x7c\x0a</data></match></read>
    <read><delim>\x0a</delim><match><data>\x7c! \x2b      \x2b               \x7c\x0a</data></match></read>
    <read><delim>\x0a</delim><match><data>\x7c!      \x2b                 \x7c\x0a</data></match></read>
    <read><delim>\x0a</delim><match><data>\x7c!           \x2b            \x7c\x0a</data></match></read>
    <read><delim>\x0a</delim><match><data>\x7c!           \x2b        \x2b   \x7c\x0a</data></match></read>
    <read><delim>\x0a</delim><match><data>\x7c!                        \x7c\x0a</data></match></read>
    <read><delim>\x0a</delim><match><data>\x7c! \x2b           \x2b     \x2b    \x7c\x0a</data></match></read>
    <read><delim>\x0a</delim><match><data>\x7c\x2b                        \x7c\x0a</data></match></read>
    <read><delim>\x0a</delim><match><data>\x7c !\x2b                      \x7c\x0a</data></match></read>
    <read><delim>\x0a</delim><match><data>\x7c !   \x2b                   \x7c\x0a</data></match></read>
    <read><delim>\x0a</delim><match><data>\x7c !                     \x2b \x7c\x0a</data></match></read>
    <read><delim>\x0a</delim><match><data>\x7c !  \x2b           \x2b      \x2b \x7c\x0a</data></match></read>
    <read><delim>\x0a</delim><match><data>\x7c W    \x2b       \x2b          \x7c\x0a</data></match></read>
    <read><delim>\x0a</delim><match><data>\x2d\x2d\x2d\x2d\x2d\x2d\x2d\x2d\x2d\x2d\x2d\x2d\x2d\x2d\x2d\x2d\x2d\x2d\x2d\x2d\x2d\x2d\x2d\x2d\x2d\x2d\x2d\x0a</data></match></read>
    <read><delim>\x0a</delim><match><data>\x09\x09Level \x232\x0a</data></match></read>
    <write><data>e\x0a</data></write>
    <read><delim>\x0a</delim><match><data>\x09Welcome to Attackers General irmmpqolzngczqpeqqltvfsxixwvjiei!\x0a</data></match></read>
    <read><delim>\x0a</delim><match><data>\x2d\x2d\x2d\x2d\x2d\x2d\x2d\x2d\x2d\x2d\x2d\x2d\x2d\x2d\x2d\x2d\x2d\x2d\x2d\x2d\x2d\x2d\x2d\x2d\x2d\x2d\x2d\x0a</data></match></read>
    <read><delim>\x0a</delim><match><data>\x7c                         \x7c\x0a</data></match></read>
    <read><delim>\x0a</delim><match><data>\x7c   \x23\x23     \x23 \x23 \x23 \x23  \x23\x23 \x23  \x7c\x0a</data></match></read>
    <read><delim>\x0a</delim><match><data>\x7c!     \x23  \x23               \x7c\x0a</data></match></read>
    <read><delim>\x0a</delim><match><data>\x7c!   \x23           \x23   \x23    \x7c\x0a</data></match></read>
    <read><delim>\x0a</delim><match><data>\x7c!\x23\x23   \x23 \x23 \x23 \x23 \x23    \x23   \x23 \x7c\x0a</data></match></read>
    <read><delim>\x0a</delim><match><data>\x7c!     \x2b                  \x7c\x0a</data></match></read>
    <read><delim>\x0a</delim><match><data>\x7c!\x2b              \x2b \x2b      \x7c\x0a</data></match></read>
    <read><delim>\x0a</delim><match><data>\x7c!       \x2b                \x7c\x0a</data></match></read>
    <read><delim>\x0a</delim><match><data>\x7c!      \x2b         \x2b       \x7c\x0a</data></match></read>
    <read><delim>\x0a</delim><match><data>\x7c\x2b       \x2b                \x7c\x0a</data></match></read>
    <read><delim>\x0a</delim><match><data>\x7c!             \x2b        \x2b \x7c\x0a</data></match></read>
    <read><delim>\x0a</delim><match><data>\x7c!             \x2b      \x2b \x2b \x7c\x0a</data></match></read>
    <read><delim>\x0a</delim><match><data>\x7c!           \x2b \x2b          \x7c\x0a</data></match></read>
    <read><delim>\x0a</delim><match><data>\x7c!                        \x7c\x0a</data></match></read>
    <read><delim>\x0a</delim><match><data>\x7c! \x2b      \x2b               \x7c\x0a</data></match></read>
    <read><delim>\x0a</delim><match><data>\x7c!      \x2b                 \x7c\x0a</data></match></read>
    <read><delim>\x0a</delim><match><data>\x7c!           \x2b            \x7c\x0a</data></match></read>
    <read><delim>\x0a</delim><match><data>\x7c!           \x2b        \x2b   \x7c\x0a</data></match></read>
    <read><delim>\x0a</delim><match><data>\x7c                         \x7c\x0a</data></match></read>
    <read><delim>\x0a</delim><match><data>\x7c !\x2b           \x2b     \x2b    \x7c\x0a</data></match></read>
    <read><delim>\x0a</delim><match><data>\x7c\x2b!                       \x7c\x0a</data></match></read>
    <read><delim>\x0a</delim><match><data>\x7c !\x2b                      \x7c\x0a</data></match></read>
    <read><delim>\x0a</delim><match><data>\x7c !   \x2b                   \x7c\x0a</data></match></read>
    <read><delim>\x0a</delim><match><data>\x7c                       \x2b \x7c\x0a</data></match></read>
    <read><delim>\x0a</delim><match><data>\x7c  W \x2b           \x2b      \x2b \x7c\x0a</data></match></read>
    <read><delim>\x0a</delim><match><data>\x2d\x2d\x2d\x2d\x2d\x2d\x2d\x2d\x2d\x2d\x2d\x2d\x2d\x2d\x2d\x2d\x2d\x2d\x2d\x2d\x2d\x2d\x2d\x2d\x2d\x2d\x2d\x0a</data></match></read>
    <read><delim>\x0a</delim><match><data>\x09\x09Level \x232\x0a</data></match></read>
    <write><data>z\x0a</data></write>
    <read><delim>\x0a</delim><match><data>\x09Welcome to Attackers General irmmpqolzngczqpeqqltvfsxixwvjiei!\x0a</data></match></read>
    <read><delim>\x0a</delim><match><data>\x2d\x2d\x2d\x2d\x2d\x2d\x2d\x2d\x2d\x2d\x2d\x2d\x2d\x2d\x2d\x2d\x2d\x2d\x2d\x2d\x2d\x2d\x2d\x2d\x2d\x2d\x2d\x0a</data></match></read>
    <read><delim>\x0a</delim><match><data>\x7c                         \x7c\x0a</data></match></read>
    <read><delim>\x0a</delim><match><data>\x7c!         \x23 \x23   \x23 \x23 \x23 \x23  \x7c\x0a</data></match></read>
    <read><delim>\x0a</delim><match><data>\x7c!  \x23\x23  \x23\x23     \x23          \x7c\x0a</data></match></read>
    <read><delim>\x0a</delim><match><data>\x7c! \x23 \x23     \x23 \x23 \x23  \x23  \x23  \x23 \x7c\x0a</data></match></read>
    <read><delim>\x0a</delim><match><data>\x7c!\x23     \x23\x23         \x23      \x7c\x0a</data></match></read>
    <read><delim>\x0a</delim><match><data>\x7c!                        \x7c\x0a</data></match></read>
    <read><delim>\x0a</delim><match><data>\x7c!     \x2b                  \x7c\x0a</data></match></read>
    <read><delim>\x0a</delim><match><data>\x7c!\x2b              \x2b \x2b      \x7c\x0a</data></match></read>
    <read><delim>\x0a</delim><match><data>\x7c!       \x2b                \x7c\x0a</data></match></read>
    <read><delim>\x0a</delim><match><data>\x7c!      \x2b         \x2b       \x7c\x0a</data></match></read>
    <read><delim>\x0a</delim><match><data>\x7c\x2b       \x2b                \x7c\x0a</data></match></read>
    <read><delim>\x0a</delim><match><data>\x7c!             \x2b        \x2b \x7c\x0a</data></match></read>
    <read><delim>\x0a</delim><match><data>\x7c!             \x2b      \x2b \x2b \x7c\x0a</data></match></read>
    <read><delim>\x0a</delim><match><data>\x7c!           \x2b \x2b          \x7c\x0a</data></match></read>
    <read><delim>\x0a</delim><match><data>\x7c!                        \x7c\x0a</data></match></read>
    <read><delim>\x0a</delim><match><data>\x7c! \x2b      \x2b               \x7c\x0a</data></match></read>
    <read><delim>\x0a</delim><match><data>\x7c!      \x2b                 \x7c\x0a</data></match></read>
    <read><delim>\x0a</delim><match><data>\x7c            \x2b            \x7c\x0a</data></match></read>
    <read><delim>\x0a</delim><match><data>\x7c !          \x2b        \x2b   \x7c\x0a</data></match></read>
    <read><delim>\x0a</delim><match><data>\x7c !                       \x7c\x0a</data></match></read>
    <read><delim>\x0a</delim><match><data>\x7c !\x2b           \x2b     \x2b    \x7c\x0a</data></match></read>
    <read><delim>\x0a</delim><match><data>\x7c\x2b!                       \x7c\x0a</data></match></read>
    <read><delim>\x0a</delim><match><data>\x7c  \x2b                      \x7c\x0a</data></match></read>
    <read><delim>\x0a</delim><match><data>\x7c  !  \x2b                   \x7c\x0a</data></match></read>
    <read><delim>\x0a</delim><match><data>\x7c  W                    \x2b \x7c\x0a</data></match></read>
    <read><delim>\x0a</delim><match><data>\x2d\x2d\x2d\x2d\x2d\x2d\x2d\x2d\x2d\x2d\x2d\x2d\x2d\x2d\x2d\x2d\x2d\x2d\x2d\x2d\x2d\x2d\x2d\x2d\x2d\x2d\x2d\x0a</data></match></read>
    <read><delim>\x0a</delim><match><data>\x09\x09Level \x232\x0a</data></match></read>
    <write><data>t\x0a</data></write>
    <read><delim>\x0a</delim><match><data>\x09Welcome to Attackers General irmmpqolzngczqpeqqltvfsxixwvjiei!\x0a</data></match></read>
    <read><delim>\x0a</delim><match><data>\x2d\x2d\x2d\x2d\x2d\x2d\x2d\x2d\x2d\x2d\x2d\x2d\x2d\x2d\x2d\x2d\x2d\x2d\x2d\x2d\x2d\x2d\x2d\x2d\x2d\x2d\x2d\x0a</data></match></read>
    <read><delim>\x0a</delim><match><data>\x7c!                        \x7c\x0a</data></match></read>
    <read><delim>\x0a</delim><match><data>\x7c!      \x23  \x23  \x23  \x23 \x23  \x23\x23  \x7c\x0a</data></match></read>
    <read><delim>\x0a</delim><match><data>\x7c!  \x23 \x23   \x23    \x23          \x7c\x0a</data></match></read>
    <read><delim>\x0a</delim><match><data>\x7c!\x23\x23  \x23 \x23\x23 \x23 \x23  \x23\x23    \x23 \x23 \x7c\x0a</data></match></read>
    <read><delim>\x0a</delim><match><data>\x7c! \x2b               \x23    \x2b \x7c\x0a</data></match></read>
    <read><delim>\x0a</delim><match><data>\x7c!                 \x2b      \x7c\x0a</data></match></read>
    <read><delim>\x0a</delim><match><data>\x7c!                        \x7c\x0a</data></match></read>
    <read><delim>\x0a</delim><match><data>\x7c!     \x2b                  \x7c\x0a</data></match></read>
    <read><delim>\x0a</delim><match><data>\x7c!\x2b              \x2b \x2b      \x7c\x0a</data></match></read>
    <read><delim>\x0a</delim><match><data>\x7c!       \x2b                \x7c\x0a</data></match></read>
    <read><delim>\x0a</delim><match><data>\x7c!      \x2b         \x2b       \x7c\x0a</data></match></read>
    <read><delim>\x0a</delim><match><data>\x7c\x2b       \x2b                \x7c\x0a</data></match></read>
    <read><delim>\x0a</delim><match><data>\x7c!             \x2b        \x2b \x7c\x0a</data></match></read>
    <read><delim>\x0a</delim><match><data>\x7c!             \x2b      \x2b \x2b \x7c\x0a</data></match></read>
    <read><delim>\x0a</delim><match><data>\x7c!           \x2b \x2b          \x7c\x0a</data></match></read>
    <read><delim>\x0a</delim><match><data>\x7c!                        \x7c\x0a</data></match></read>
    <read><delim>\x0a</delim><match><data>\x7c  \x2b      \x2b               \x7c\x0a</data></match></read>
    <read><delim>\x0a</delim><match><data>\x7c !     \x2b                 \x7c\x0a</data></match></read>
    <read><delim>\x0a</delim><match><data>\x7c !          \x2b            \x7c\x0a</data></match></read>
    <read><delim>\x0a</delim><match><data>\x7c !          \x2b        \x2b   \x7c\x0a</data></match></read>
    <read><delim>\x0a</delim><match><data>\x7c !                       \x7c\x0a</data></match></read>
    <read><delim>\x0a</delim><match><data>\x7c  \x2b           \x2b     \x2b    \x7c\x0a</data></match></read>
    <read><delim>\x0a</delim><match><data>\x7c\x2b !                      \x7c\x0a</data></match></read>
    <read><delim>\x0a</delim><match><data>\x7c  \x2b                      \x7c\x0a</data></match></read>
    <read><delim>\x0a</delim><match><data>\x7c  W  \x2b                   \x7c\x0a</data></match></read>
    <read><delim>\x0a</delim><match><data>\x2d\x2d\x2d\x2d\x2d\x2d\x2d\x2d\x2d\x2d\x2d\x2d\x2d\x2d\x2d\x2d\x2d\x2d\x2d\x2d\x2d\x2d\x2d\x2d\x2d\x2d\x2d\x0a</data></match></read>
    <read><delim>\x0a</delim><match><data>\x09\x09Level \x232\x0a</data></match></read>
    <write><data>h\x0a</data></write>
    <read><delim>\x0a</delim><match><data>\x09Welcome to Attackers General irmmpqolzngczqpeqqltvfsxixwvjiei!\x0a</data></match></read>
    <read><delim>\x0a</delim><match><data>\x2d\x2d\x2d\x2d\x2d\x2d\x2d\x2d\x2d\x2d\x2d\x2d\x2d\x2d\x2d\x2d\x2d\x2d\x2d\x2d\x2d\x2d\x2d\x2d\x2d\x2d\x2d\x0a</data></match></read>
    <read><delim>\x0a</delim><match><data>\x7c!                        \x7c\x0a</data></match></read>
    <read><delim>\x0a</delim><match><data>\x7c!      \x23 \x23 \x23 \x23  \x23  \x23 \x23 \x23 \x7c\x0a</data></match></read>
    <read><delim>\x0a</delim><match><data>\x7c! \x23 \x23          \x23         \x7c\x0a</data></match></read>
    <read><delim>\x0a</delim><match><data>\x7c!\x23\x23  \x23\x23 \x23  \x23 \x23\x23  \x23     \x23 \x7c\x0a</data></match></read>
    <read><delim>\x0a</delim><match><data>\x7c!    \x2b  \x2b          \x23 \x23 \x2b \x7c\x0a</data></match></read>
    <read><delim>\x0a</delim><match><data>\x7c! \x2b                    \x2b \x7c\x0a</data></match></read>
    <read><delim>\x0a</delim><match><data>\x7c!                 \x2b      \x7c\x0a</data></match></read>
    <read><delim>\x0a</delim><match><data>\x7c!                        \x7c\x0a</data></match></read>
    <read><delim>\x0a</delim><match><data>\x7c!     \x2b                  \x7c\x0a</data></match></read>
    <read><delim>\x0a</delim><match><data>\x7c!\x2b              \x2b \x2b      \x7c\x0a</data></match></read>
    <read><delim>\x0a</delim><match><data>\x7c!       \x2b                \x7c\x0a</data></match></read>
    <read><delim>\x0a</delim><match><data>\x7c!      \x2b         \x2b       \x7c\x0a</data></match></read>
    <read><delim>\x0a</delim><match><data>\x7c\x2b       \x2b                \x7c\x0a</data></match></read>
    <read><delim>\x0a</delim><match><data>\x7c!             \x2b        \x2b \x7c\x0a</data></match></read>
    <read><delim>\x0a</delim><match><data>\x7c!             \x2b      \x2b \x2b \x7c\x0a</data></match></read>
    <read><delim>\x0a</delim><match><data>\x7c            \x2b \x2b          \x7c\x0a</data></match></read>
    <read><delim>\x0a</delim><match><data>\x7c !                       \x7c\x0a</data></match></read>
    <read><delim>\x0a</delim><match><data>\x7c !\x2b      \x2b               \x7c\x0a</data></match></read>
    <read><delim>\x0a</delim><match><data>\x7c !     \x2b                 \x7c\x0a</data></match></read>
    <read><delim>\x0a</delim><match><data>\x7c !          \x2b            \x7c\x0a</data></match></read>
    <read><delim>\x0a</delim><match><data>\x7c            \x2b        \x2b   \x7c\x0a</data></match></read>
    <read><delim>\x0a</delim><match><data>\x7c  !                      \x7c\x0a</data></match></read>
    <read><delim>\x0a</delim><match><data>\x7c  \x2b           \x2b     \x2b    \x7c\x0a</data></match></read>
    <read><delim>\x0a</delim><match><data>\x7c\x2b !                      \x7c\x0a</data></match></read>
    <read><delim>\x0a</delim><match><data>\x7c  W                      \x7c\x0a</data></match></read>
    <read><delim>\x0a</delim><match><data>\x2d\x2d\x2d\x2d\x2d\x2d\x2d\x2d\x2d\x2d\x2d\x2d\x2d\x2d\x2d\x2d\x2d\x2d\x2d\x2d\x2d\x2d\x2d\x2d\x2d\x2d\x2d\x0a</data></match></read>
    <read><delim>\x0a</delim><match><data>\x09\x09Level \x232\x0a</data></match></read>
    <read><delim>\x0a</delim><match><data>\x09\x09you lose\x0a</data></match></read>
    <read><delim>\x0a</delim><match><data>\x0a</data></match></read>
    <read><delim>\x0a</delim><match><data>\x0a</data></match></read>
    <read><delim>\x0a</delim><match><data>\x0a</data></match></read>
    <read><delim>\x0a</delim><match><data>\x0a</data></match></read>
</replay>
</pov>