<?xml version="1.0" standalone="no" ?>
<!DOCTYPE pov SYSTEM "/usr/share/cgc-docs/replay.dtd">
<pov>
<cbid>service</cbid>
<seed>7ab439f57523f18eb9303d2841218c1c150e7a33d57ff242b507470bc445f82fd5757e81b326a9adbedc1dd3835c3c39</seed>
<replay>
    <read><delim>\x0a</delim><match><data>Please input your name:\x0a</data></match></read>
    <write><data>upnmxbmsbijjhxfsuuzdqdxfftkwzfcx\x0a</data></write>
    <write><data>s\x0a</data></write>
    <read><delim>\x0a</delim><match><data>\x09Welcome to Attackers General upnmxbmsbijjhxfsuuzdqdxfftkwzfcx!\x0a</data></match></read>
    <read><delim>\x0a</delim><match><data>\x2d\x2d\x2d\x2d\x2d\x2d\x2d\x2d\x2d\x2d\x2d\x2d\x2d\x2d\x2d\x2d\x2d\x2d\x2d\x2d\x2d\x2d\x2d\x2d\x2d\x2d\x2d\x0a</data></match></read>
    <read><delim>\x0a</delim><match><data>\x7c\x23 \x23 \x23 \x23 \x23 \x23 \x23 \x23 \x23 \x23 \x23 \x23  \x7c\x0a</data></match></read>
    <read><delim>\x0a</delim><match><data>\x7c                         \x7c\x0a</data></match></read>
    <read><delim>\x0a</delim><match><data>\x7c\x23 \x23 \x23 \x23 \x23 \x23 \x23 \x23 \x23 \x23 \x23 \x23  \x7c\x0a</data></match></read>
    <read><delim>\x0a</delim><match><data>\x7c                         \x7c\x0a</data></match></read>
    <read><delim>\x0a</delim><match><data>\x7c                         \x7c\x0a</data></match></read>
    <read><delim>\x0a</delim><match><data>\x7c                         \x7c\x0a</data></match></read>
    <read><delim>\x0a</delim><match><data>\x7c                         \x7c\x0a</data></match></read>
    <read><delim>\x0a</delim><match><data>\x7c                         \x7c\x0a</data></match></read>
    <read><delim>\x0a</delim><match><data>\x7c                         \x7c\x0a</data></match></read>
    <read><delim>\x0a</delim><match><data>\x7c                         \x7c\x0a</data></match></read>
    <read><delim>\x0a</delim><match><data>\x7c                         \x7c\x0a</data></match></read>
    <read><delim>\x0a</delim><match><data>\x7c                         \x7c\x0a</data></match></read>
    <read><delim>\x0a</delim><match><data>\x7c                         \x7c\x0a</data></match></read>
    <read><delim>\x0a</delim><match><data>\x7c                         \x7c\x0a</data></match></read>
    <read><delim>\x0a</delim><match><data>\x7c                         \x7c\x0a</data></match></read>
    <read><delim>\x0a</delim><match><data>\x7c                         \x7c\x0a</data></match></read>
    <read><delim>\x0a</delim><match><data>\x7c                         \x7c\x0a</data></match></read>
    <read><delim>\x0a</delim><match><data>\x7c                         \x7c\x0a</data></match></read>
    <read><delim>\x0a</delim><match><data>\x7c                         \x7c\x0a</data></match></read>
    <read><delim>\x0a</delim><match><data>\x7c                         \x7c\x0a</data></match></read>
    <read><delim>\x0a</delim><match><data>\x7c                         \x7c\x0a</data></match></read>
    <read><delim>\x0a</delim><match><data>\x7c                         \x7c\x0a</data></match></read>
    <read><delim>\x0a</delim><match><data>\x7c                         \x7c\x0a</data></match></read>
    <read><delim>\x0a</delim><match><data>\x7c                         \x7c\x0a</data></match></read>
    <read><delim>\x0a</delim><match><data>\x7cW                        \x7c\x0a</data></match></read>
    <read><delim>\x0a</delim><match><data>\x2d\x2d\x2d\x2d\x2d\x2d\x2d\x2d\x2d\x2d\x2d\x2d\x2d\x2d\x2d\x2d\x2d\x2d\x2d\x2d\x2d\x2d\x2d\x2d\x2d\x2d\x2d\x0a</data></match></read>
    <read><delim>\x0a</delim><match><data>\x09\x09Level \x231\x0a</data></match></read>
    <write><data>z\x0a</data></write>
    <read><delim>\x0a</delim><match><data>\x09Welcome to Attackers General upnmxbmsbijjhxfsuuzdqdxfftkwzfcx!\x0a</data></match></read>
    <read><delim>\x0a</delim><match><data>\x2d\x2d\x2d\x2d\x2d\x2d\x2d\x2d\x2d\x2d\x2d\x2d\x2d\x2d\x2d\x2d\x2d\x2d\x2d\x2d\x2d\x2d\x2d\x2d\x2d\x2d\x2d\x0a</data></match></read>
    <read><delim>\x0a</delim><match><data>\x7c\x23  \x23\x23    \x23 \x23   \x23 \x23  \x23    \x7c\x0a</data></match></read>
    <read><delim>\x0a</delim><match><data>\x7c      \x23     \x23     \x23   \x23  \x7c\x0a</data></match></read>
    <read><delim>\x0a</delim><match><data>\x7c\x23 \x23 \x23  \x23\x23 \x23 \x23   \x23        \x7c\x0a</data></match></read>
    <read><delim>\x0a</delim><match><data>\x7c    \x2b     \x2b \x2b \x23   \x23 \x23 \x23  \x7c\x0a</data></match></read>
    <read><delim>\x0a</delim><match><data>\x7c                         \x7c\x0a</data></match></read>
    <read><delim>\x0a</delim><match><data>\x7c                         \x7c\x0a</data></match></read>
    <read><delim>\x0a</delim><match><data>\x7c                         \x7c\x0a</data></match></read>
    <read><delim>\x0a</delim><match><data>\x7c                         \x7c\x0a</data></match></read>
    <read><delim>\x0a</delim><match><data>\x7c                         \x7c\x0a</data></match></read>
    <read><delim>\x0a</delim><match><data>\x7c                         \x7c\x0a</data></match></read>
    <read><delim>\x0a</delim><match><data>\x7c                         \x7c\x0a</data></match></read>
    <read><delim>\x0a</delim><match><data>\x7c                         \x7c\x0a</data></match></read>
    <read><delim>\x0a</delim><match><data>\x7c                         \x7c\x0a</data></match></read>
    <read><delim>\x0a</delim><match><data>\x7c                         \x7c\x0a</data></match></read>
    <read><delim>\x0a</delim><match><data>\x7c                         \x7c\x0a</data></match></read>
    <read><delim>\x0a</delim><match><data>\x7c                         \x7c\x0a</data></match></read>
    <read><delim>\x0a</delim><match><data>\x7c                         \x7c\x0a</data></match></read>
    <read><delim>\x0a</delim><match><data>\x7c                         \x7c\x0a</data></match></read>
    <read><delim>\x0a</delim><match><data>\x7c                         \x7c\x0a</data></match></read>
    <read><delim>\x0a</delim><match><data>\x7c                         \x7c\x0a</data></match></read>
    <read><delim>\x0a</delim><match><data>\x7c                         \x7c\x0a</data></match></read>
    <read><delim>\x0a</delim><match><data>\x7c                         \x7c\x0a</data></match></read>
    <read><delim>\x0a</delim><match><data>\x7c                         \x7c\x0a</data></match></read>
    <read><delim>\x0a</delim><match><data>\x7c                         \x7c\x0a</data></match></read>
    <read><delim>\x0a</delim><match><data>\x7cW                        \x7c\x0a</data></match></read>
    <read><delim>\x0a</delim><match><data>\x2d\x2d\x2d\x2d\x2d\x2d\x2d\x2d\x2d\x2d\x2d\x2d\x2d\x2d\x2d\x2d\x2d\x2d\x2d\x2d\x2d\x2d\x2d\x2d\x2d\x2d\x2d\x0a</data></match></read>
    <read><delim>\x0a</delim><match><data>\x09\x09Level \x231\x0a</data></match></read>
    <write><data>c\x0a</data></write>
    <read><delim>\x0a</delim><match><data>\x09Welcome to Attackers General upnmxbmsbijjhxfsuuzdqdxfftkwzfcx!\x0a</data></match></read>
    <read><delim>\x0a</delim><match><data>\x2d\x2d\x2d\x2d\x2d\x2d\x2d\x2d\x2d\x2d\x2d\x2d\x2d\x2d\x2d\x2d\x2d\x2d\x2d\x2d\x2d\x2d\x2d\x2d\x2d\x2d\x2d\x0a</data></match></read>
    <read><delim>\x0a</delim><match><data>\x7c \x23 \x23\x23   \x23     \x23  \x23\x23 \x23    \x7c\x0a</data></match></read>
    <read><delim>\x0a</delim><match><data>\x7c       \x23   \x23 \x23        \x23  \x7c\x0a</data></match></read>
    <read><delim>\x0a</delim><match><data>\x7c \x23 \x23 \x23\x23     \x23    \x23\x23      \x7c\x0a</data></match></read>
    <read><delim>\x0a</delim><match><data>\x7c        \x23 \x23    \x23     \x23 \x23 \x7c\x0a</data></match></read>
    <read><delim>\x0a</delim><match><data>\x7c    \x2b     \x2b \x2b            \x7c\x0a</data></match></read>
    <read><delim>\x0a</delim><match><data>\x7c                         \x7c\x0a</data></match></read>
    <read><delim>\x0a</delim><match><data>\x7c                         \x7c\x0a</data></match></read>
    <read><delim>\x0a</delim><match><data>\x7c                         \x7c\x0a</data></match></read>
    <read><delim>\x0a</delim><match><data>\x7c                         \x7c\x0a</data></match></read>
    <read><delim>\x0a</delim><match><data>\x7c                         \x7c\x0a</data></match></read>
    <read><delim>\x0a</delim><match><data>\x7c                         \x7c\x0a</data></match></read>
    <read><delim>\x0a</delim><match><data>\x7c                         \x7c\x0a</data></match></read>
    <read><delim>\x0a</delim><match><data>\x7c                         \x7c\x0a</data></match></read>
    <read><delim>\x0a</delim><match><data>\x7c                         \x7c\x0a</data></match></read>
    <read><delim>\x0a</delim><match><data>\x7c                         \x7c\x0a</data></match></read>
    <read><delim>\x0a</delim><match><data>\x7c                         \x7c\x0a</data></match></read>
    <read><delim>\x0a</delim><match><data>\x7c                         \x7c\x0a</data></match></read>
    <read><delim>\x0a</delim><match><data>\x7c                         \x7c\x0a</data></match></read>
    <read><delim>\x0a</delim><match><data>\x7c                         \x7c\x0a</data></match></read>
    <read><delim>\x0a</delim><match><data>\x7c                         \x7c\x0a</data></match></read>
    <read><delim>\x0a</delim><match><data>\x7c                         \x7c\x0a</data></match></read>
    <read><delim>\x0a</delim><match><data>\x7c                         \x7c\x0a</data></match></read>
    <read><delim>\x0a</delim><match><data>\x7c                         \x7c\x0a</data></match></read>
    <read><delim>\x0a</delim><match><data>\x7c!                        \x7c\x0a</data></match></read>
    <read><delim>\x0a</delim><match><data>\x7cW                        \x7c\x0a</data></match></read>
    <read><delim>\x0a</delim><match><data>\x2d\x2d\x2d\x2d\x2d\x2d\x2d\x2d\x2d\x2d\x2d\x2d\x2d\x2d\x2d\x2d\x2d\x2d\x2d\x2d\x2d\x2d\x2d\x2d\x2d\x2d\x2d\x0a</data></match></read>
    <read><delim>\x0a</delim><match><data>\x09\x09Level \x231\x0a</data></match></read>
    <write><data>o\x0a</data></write>
    <read><delim>\x0a</delim><match><data>\x09Welcome to Attackers General upnmxbmsbijjhxfsuuzdqdxfftkwzfcx!\x0a</data></match></read>
    <read><delim>\x0a</delim><match><data>\x2d\x2d\x2d\x2d\x2d\x2d\x2d\x2d\x2d\x2d\x2d\x2d\x2d\x2d\x2d\x2d\x2d\x2d\x2d\x2d\x2d\x2d\x2d\x2d\x2d\x2d\x2d\x0a</data></match></read>
    <read><delim>\x0a</delim><match><data>\x7c \x23\x23     \x23     \x23  \x23 \x23\x23 \x23  \x7c\x0a</data></match></read>
    <read><delim>\x0a</delim><match><data>\x7c    \x23  \x23   \x23\x23            \x7c\x0a</data></match></read>
    <read><delim>\x0a</delim><match><data>\x7c \x23\x23 \x23            \x23 \x23 \x23   \x7c\x0a</data></match></read>
    <read><delim>\x0a</delim><match><data>\x7c      \x23  \x23\x23 \x23 \x23        \x23 \x7c\x0a</data></match></read>
    <read><delim>\x0a</delim><match><data>\x7c          \x2b              \x7c\x0a</data></match></read>
    <read><delim>\x0a</delim><match><data>\x7c    \x2b     \x2b \x2b            \x7c\x0a</data></match></read>
    <read><delim>\x0a</delim><match><data>\x7c                         \x7c\x0a</data></match></read>
    <read><delim>\x0a</delim><match><data>\x7c                         \x7c\x0a</data></match></read>
    <read><delim>\x0a</delim><match><data>\x7c                         \x7c\x0a</data></match></read>
    <read><delim>\x0a</delim><match><data>\x7c                         \x7c\x0a</data></match></read>
    <read><delim>\x0a</delim><match><data>\x7c                         \x7c\x0a</data></match></read>
    <read><delim>\x0a</delim><match><data>\x7c                         \x7c\x0a</data></match></read>
    <read><delim>\x0a</delim><match><data>\x7c                         \x7c\x0a</data></match></read>
    <read><delim>\x0a</delim><match><data>\x7c                         \x7c\x0a</data></match></read>
    <read><delim>\x0a</delim><match><data>\x7c                         \x7c\x0a</data></match></read>
    <read><delim>\x0a</delim><match><data>\x7c                         \x7c\x0a</data></match></read>
    <read><delim>\x0a</delim><match><data>\x7c                         \x7c\x0a</data></match></read>
    <read><delim>\x0a</delim><match><data>\x7c                         \x7c\x0a</data></match></read>
    <read><delim>\x0a</delim><match><data>\x7c                         \x7c\x0a</data></match></read>
    <read><delim>\x0a</delim><match><data>\x7c                         \x7c\x0a</data></match></read>
    <read><delim>\x0a</delim><match><data>\x7c                         \x7c\x0a</data></match></read>
    <read><delim>\x0a</delim><match><data>\x7c                         \x7c\x0a</data></match></read>
    <read><delim>\x0a</delim><match><data>\x7c!                        \x7c\x0a</data></match></read>
    <read><delim>\x0a</delim><match><data>\x7c!                        \x7c\x0a</data></match></read>
    <read><delim>\x0a</delim><match><data>\x7cW                        \x7c\x0a</data></match></read>
    <read><delim>\x0a</delim><match><data>\x2d\x2d\x2d\x2d\x2d\x2d\x2d\x2d\x2d\x2d\x2d\x2d\x2d\x2d\x2d\x2d\x2d\x2d\x2d\x2d\x2d\x2d\x2d\x2d\x2d\x2d\x2d\x0a</data></match></read>
    <read><delim>\x0a</delim><match><data>\x09\x09Level \x231\x0a</data></match></read>
    <write><data>z\x0a</data></write>
    <read><delim>\x0a</delim><match><data>\x09Welcome to Attackers General upnmxbmsbijjhxfsuuzdqdxfftkwzfcx!\x0a</data></match></read>
    <read><delim>\x0a</delim><match><data>\x2d\x2d\x2d\x2d\x2d\x2d\x2d\x2d\x2d\x2d\x2d\x2d\x2d\x2d\x2d\x2d\x2d\x2d\x2d\x2d\x2d\x2d\x2d\x2d\x2d\x2d\x2d\x0a</data></match></read>
    <read><delim>\x0a</delim><match><data>\x7c \x23\x23      \x23  \x23  \x23\x23  \x23     \x7c\x0a</data></match></read>
    <read><delim>\x0a</delim><match><data>\x7c     \x23 \x23   \x23        \x23 \x23  \x7c\x0a</data></match></read>
    <read><delim>\x0a</delim><match><data>\x7c \x23\x23 \x23       \x23     \x23  \x23   \x7c\x0a</data></match></read>
    <read><delim>\x0a</delim><match><data>\x7c    \x2b  \x23\x23  \x23  \x23  \x23     \x23 \x7c\x0a</data></match></read>
    <read><delim>\x0a</delim><match><data>\x7c                         \x7c\x0a</data></match></read>
    <read><delim>\x0a</delim><match><data>\x7c          \x2b              \x7c\x0a</data></match></read>
    <read><delim>\x0a</delim><match><data>\x7c    \x2b     \x2b \x2b            \x7c\x0a</data></match></read>
    <read><delim>\x0a</delim><match><data>\x7c                         \x7c\x0a</data></match></read>
    <read><delim>\x0a</delim><match><data>\x7c                         \x7c\x0a</data></match></read>
    <read><delim>\x0a</delim><match><data>\x7c                         \x7c\x0a</data></match></read>
    <read><delim>\x0a</delim><match><data>\x7c                         \x7c\x0a</data></match></read>
    <read><delim>\x0a</delim><match><data>\x7c                         \x7c\x0a</data></match></read>
    <read><delim>\x0a</delim><match><data>\x7c                         \x7c\x0a</data></match></read>
    <read><delim>\x0a</delim><match><data>\x7c                         \x7c\x0a</data></match></read>
    <read><delim>\x0a</delim><match><data>\x7c                         \x7c\x0a</data></match></read>
    <read><delim>\x0a</delim><match><data>\x7c                         \x7c\x0a</data></match></read>
    <read><delim>\x0a</delim><match><data>\x7c                         \x7c\x0a</data></match></read>
    <read><delim>\x0a</delim><match><data>\x7c                         \x7c\x0a</data></match></read>
    <read><delim>\x0a</delim><match><data>\x7c                         \x7c\x0a</data></match></read>
    <read><delim>\x0a</delim><match><data>\x7c                         \x7c\x0a</data></match></read>
    <read><delim>\x0a</delim><match><data>\x7c                         \x7c\x0a</data></match></read>
    <read><delim>\x0a</delim><match><data>\x7c!                        \x7c\x0a</data></match></read>
    <read><delim>\x0a</delim><match><data>\x7c!                        \x7c\x0a</data></match></read>
    <read><delim>\x0a</delim><match><data>\x7c!                        \x7c\x0a</data></match></read>
    <read><delim>\x0a</delim><match><data>\x7cW                        \x7c\x0a</data></match></read>
    <read><delim>\x0a</delim><match><data>\x2d\x2d\x2d\x2d\x2d\x2d\x2d\x2d\x2d\x2d\x2d\x2d\x2d\x2d\x2d\x2d\x2d\x2d\x2d\x2d\x2d\x2d\x2d\x2d\x2d\x2d\x2d\x0a</data></match></read>
    <read><delim>\x0a</delim><match><data>\x09\x09Level \x231\x0a</data></match></read>
    <write><data>l\x0a</data></write>
    <read><delim>\x0a</delim><match><data>\x09Welcome to Attackers General upnmxbmsbijjhxfsuuzdqdxfftkwzfcx!\x0a</data></match></read>
    <read><delim>\x0a</delim><match><data>\x2d\x2d\x2d\x2d\x2d\x2d\x2d\x2d\x2d\x2d\x2d\x2d\x2d\x2d\x2d\x2d\x2d\x2d\x2d\x2d\x2d\x2d\x2d\x2d\x2d\x2d\x2d\x0a</data></match></read>
    <read><delim>\x0a</delim><match><data>\x7c \x23   \x23 \x23 \x23     \x23 \x23  \x23    \x7c\x0a</data></match></read>
    <read><delim>\x0a</delim><match><data>\x7c  \x23        \x23\x23      \x23  \x23  \x7c\x0a</data></match></read>
    <read><delim>\x0a</delim><match><data>\x7c   \x23 \x23       \x23       \x23   \x7c\x0a</data></match></read>
    <read><delim>\x0a</delim><match><data>\x7c \x23     \x23\x23  \x23   \x23\x23 \x23  \x2b\x23  \x7c\x0a</data></match></read>
    <read><delim>\x0a</delim><match><data>\x7c    \x2b  \x2b   \x2b             \x7c\x0a</data></match></read>
    <read><delim>\x0a</delim><match><data>\x7c                         \x7c\x0a</data></match></read>
    <read><delim>\x0a</delim><match><data>\x7c          \x2b              \x7c\x0a</data></match></read>
    <read><delim>\x0a</delim><match><data>\x7c    \x2b     \x2b \x2b            \x7c\x0a</data></match></read>
    <read><delim>\x0a</delim><match><data>\x7c                         \x7c\x0a</data></match></read>
    <read><delim>\x0a</delim><match><data>\x7c                         \x7c\x0a</data></match></read>
    <read><delim>\x0a</delim><match><data>\x7c                         \x7c\x0a</data></match></read>
    <read><delim>\x0a</delim><match><data>\x7c                         \x7c\x0a</data></match></read>
    <read><delim>\x0a</delim><match><data>\x7c                         \x7c\x0a</data></match></read>
    <read><delim>\x0a</delim><match><data>\x7c                         \x7c\x0a</data></match></read>
    <read><delim>\x0a</delim><match><data>\x7c                         \x7c\x0a</data></match></read>
    <read><delim>\x0a</delim><match><data>\x7c                         \x7c\x0a</data></match></read>
    <read><delim>\x0a</delim><match><data>\x7c                         \x7c\x0a</data></match></read>
    <read><delim>\x0a</delim><match><data>\x7c                         \x7c\x0a</data></match></read>
    <read><delim>\x0a</delim><match><data>\x7c                         \x7c\x0a</data></match></read>
    <read><delim>\x0a</delim><match><data>\x7c                         \x7c\x0a</data></match></read>
    <read><delim>\x0a</delim><match><data>\x7c!                        \x7c\x0a</data></match></read>
    <read><delim>\x0a</delim><match><data>\x7c!                        \x7c\x0a</data></match></read>
    <read><delim>\x0a</delim><match><data>\x7c!                        \x7c\x0a</data></match></read>
    <read><delim>\x0a</delim><match><data>\x7c!                        \x7c\x0a</data></match></read>
    <read><delim>\x0a</delim><match><data>\x7cW                        \x7c\x0a</data></match></read>
    <read><delim>\x0a</delim><match><data>\x2d\x2d\x2d\x2d\x2d\x2d\x2d\x2d\x2d\x2d\x2d\x2d\x2d\x2d\x2d\x2d\x2d\x2d\x2d\x2d\x2d\x2d\x2d\x2d\x2d\x2d\x2d\x0a</data></match></read>
    <read><delim>\x0a</delim><match><data>\x09\x09Level \x231\x0a</data></match></read>
    <write><data>p\x0a</data></write>
    <read><delim>\x0a</delim><match><data>\x09Welcome to Attackers General upnmxbmsbijjhxfsuuzdqdxfftkwzfcx!\x0a</data></match></read>
    <read><delim>\x0a</delim><match><data>\x2d\x2d\x2d\x2d\x2d\x2d\x2d\x2d\x2d\x2d\x2d\x2d\x2d\x2d\x2d\x2d\x2d\x2d\x2d\x2d\x2d\x2d\x2d\x2d\x2d\x2d\x2d\x0a</data></match></read>
    <read><delim>\x0a</delim><match><data>\x7c \x23  \x23  \x23   \x23     \x23   \x23   \x7c\x0a</data></match></read>
    <read><delim>\x0a</delim><match><data>\x7c   \x23     \x23   \x23 \x23  \x23   \x23  \x7c\x0a</data></match></read>
    <read><delim>\x0a</delim><match><data>\x7c  \x23  \x23  \x23   \x23   \x23    \x23   \x7c\x0a</data></match></read>
    <read><delim>\x0a</delim><match><data>\x7c \x23   \x2b\x23    \x23  \x23    \x23 \x2b \x23 \x7c\x0a</data></match></read>
    <read><delim>\x0a</delim><match><data>\x7c           \x2b         \x2b   \x7c\x0a</data></match></read>
    <read><delim>\x0a</delim><match><data>\x7c    \x2b  \x2b   \x2b             \x7c\x0a</data></match></read>
    <read><delim>\x0a</delim><match><data>\x7c                         \x7c\x0a</data></match></read>
    <read><delim>\x0a</delim><match><data>\x7c          \x2b              \x7c\x0a</data></match></read>
    <read><delim>\x0a</delim><match><data>\x7c    \x2b     \x2b \x2b            \x7c\x0a</data></match></read>
    <read><delim>\x0a</delim><match><data>\x7c                         \x7c\x0a</data></match></read>
    <read><delim>\x0a</delim><match><data>\x7c                         \x7c\x0a</data></match></read>
    <read><delim>\x0a</delim><match><data>\x7c                         \x7c\x0a</data></match></read>
    <read><delim>\x0a</delim><match><data>\x7c                         \x7c\x0a</data></match></read>
    <read><delim>\x0a</delim><match><data>\x7c                         \x7c\x0a</data></match></read>
    <read><delim>\x0a</delim><match><data>\x7c                         \x7c\x0a</data></match></read>
    <read><delim>\x0a</delim><match><data>\x7c                         \x7c\x0a</data></match></read>
    <read><delim>\x0a</delim><match><data>\x7c                         \x7c\x0a</data></match></read>
    <read><delim>\x0a</delim><match><data>\x7c                         \x7c\x0a</data></match></read>
    <read><delim>\x0a</delim><match><data>\x7c                         \x7c\x0a</data></match></read>
    <read><delim>\x0a</delim><match><data>\x7c!                        \x7c\x0a</data></match></read>
    <read><delim>\x0a</delim><match><data>\x7c!                        \x7c\x0a</data></match></read>
    <read><delim>\x0a</delim><match><data>\x7c!                        \x7c\x0a</data></match></read>
    <read><delim>\x0a</delim><match><data>\x7c!                        \x7c\x0a</data></match></read>
    <read><delim>\x0a</delim><match><data>\x7c!                        \x7c\x0a</data></match></read>
    <read><delim>\x0a</delim><match><data>\x7cW                        \x7c\x0a</data></match></read>
    <read><delim>\x0a</delim><match><data>\x2d\x2d\x2d\x2d\x2d\x2d\x2d\x2d\x2d\x2d\x2d\x2d\x2d\x2d\x2d\x2d\x2d\x2d\x2d\x2d\x2d\x2d\x2d\x2d\x2d\x2d\x2d\x0a</data></match></read>
    <read><delim>\x0a</delim><match><data>\x09\x09Level \x231\x0a</data></match></read>
    <write><data>r\x0a</data></write>
    <read><delim>\x0a</delim><match><data>\x09Welcome to Attackers General upnmxbmsbijjhxfsuuzdqdxfftkwzfcx!\x0a</data></match></read>
    <read><delim>\x0a</delim><match><data>\x2d\x2d\x2d\x2d\x2d\x2d\x2d\x2d\x2d\x2d\x2d\x2d\x2d\x2d\x2d\x2d\x2d\x2d\x2d\x2d\x2d\x2d\x2d\x2d\x2d\x2d\x2d\x0a</data></match></read>
    <read><delim>\x0a</delim><match><data>\x7c     \x23 \x23   \x23 \x23  \x23    \x23\x23  \x7c\x0a</data></match></read>
    <read><delim>\x0a</delim><match><data>\x7c \x23\x23      \x23    \x23   \x23      \x7c\x0a</data></match></read>
    <read><delim>\x0a</delim><match><data>\x7c     \x23\x23 \x23    \x23  \x23    \x23   \x7c\x0a</data></match></read>
    <read><delim>\x0a</delim><match><data>\x7c \x23\x23       \x23   \x23    \x23   \x23 \x7c\x0a</data></match></read>
    <read><delim>\x0a</delim><match><data>\x7c     \x2b               \x2b   \x7c\x0a</data></match></read>
    <read><delim>\x0a</delim><match><data>\x7c           \x2b         \x2b   \x7c\x0a</data></match></read>
    <read><delim>\x0a</delim><match><data>\x7c    \x2b  \x2b   \x2b             \x7c\x0a</data></match></read>
    <read><delim>\x0a</delim><match><data>\x7c                         \x7c\x0a</data></match></read>
    <read><delim>\x0a</delim><match><data>\x7c          \x2b              \x7c\x0a</data></match></read>
    <read><delim>\x0a</delim><match><data>\x7c    \x2b     \x2b \x2b            \x7c\x0a</data></match></read>
    <read><delim>\x0a</delim><match><data>\x7c                         \x7c\x0a</data></match></read>
    <read><delim>\x0a</delim><match><data>\x7c                         \x7c\x0a</data></match></read>
    <read><delim>\x0a</delim><match><data>\x7c                         \x7c\x0a</data></match></read>
    <read><delim>\x0a</delim><match><data>\x7c                         \x7c\x0a</data></match></read>
    <read><delim>\x0a</delim><match><data>\x7c                         \x7c\x0a</data></match></read>
    <read><delim>\x0a</delim><match><data>\x7c                         \x7c\x0a</data></match></read>
    <read><delim>\x0a</delim><match><data>\x7c                         \x7c\x0a</data></match></read>
    <read><delim>\x0a</delim><match><data>\x7c                         \x7c\x0a</data></match></read>
    <read><delim>\x0a</delim><match><data>\x7c!                        \x7c\x0a</data></match></read>
    <read><delim>\x0a</delim><match><data>\x7c!                        \x7c\x0a</data></match></read>
    <read><delim>\x0a</delim><match><data>\x7c!                        \x7c\x0a</data></match></read>
    <read><delim>\x0a</delim><match><data>\x7c!                        \x7c\x0a</data></match></read>
    <read><delim>\x0a</delim><match><data>\x7c!                        \x7c\x0a</data></match></read>
    <read><delim>\x0a</delim><match><data>\x7c!                        \x7c\x0a</data></match></read>
    <read><delim>\x0a</delim><match><data>\x7cW                        \x7c\x0a</data></match></read>
    <read><delim>\x0a</delim><match><data>\x2d\x2d\x2d\x2d\x2d\x2d\x2d\x2d\x2d\x2d\x2d\x2d\x2d\x2d\x2d\x2d\x2d\x2d\x2d\x2d\x2d\x2d\x2d\x2d\x2d\x2d\x2d\x0a</data></match></read>
    <read><delim>\x0a</delim><match><data>\x09\x09Level \x231\x0a</data></match></read>
    <write><data>h\x0a</data></write>
    <read><delim>\x0a</delim><match><data>\x09Welcome to Attackers General upnmxbmsbijjhxfsuuzdqdxfftkwzfcx!\x0a</data></match></read>
    <read><delim>\x0a</delim><match><data>\x2d\x2d\x2d\x2d\x2d\x2d\x2d\x2d\x2d\x2d\x2d\x2d\x2d\x2d\x2d\x2d\x2d\x2d\x2d\x2d\x2d\x2d\x2d\x2d\x2d\x2d\x2d\x0a</data></match></read>
    <read><delim>\x0a</delim><match><data>\x7c \x23   \x23 \x23  \x23         \x23 \x23  \x7c\x0a</data></match></read>
    <read><delim>\x0a</delim><match><data>\x7c  \x23     \x23    \x23 \x23\x23 \x23      \x7c\x0a</data></match></read>
    <read><delim>\x0a</delim><match><data>\x7c  \x23 \x23 \x23 \x23       \x23    \x23 \x23 \x7c\x0a</data></match></read>
    <read><delim>\x0a</delim><match><data>\x7c \x23    \x2b   \x23  \x23\x23    \x23     \x7c\x0a</data></match></read>
    <read><delim>\x0a</delim><match><data>\x7c          \x2b   \x2b          \x7c\x0a</data></match></read>
    <read><delim>\x0a</delim><match><data>\x7c     \x2b               \x2b   \x7c\x0a</data></match></read>
    <read><delim>\x0a</delim><match><data>\x7c           \x2b         \x2b   \x7c\x0a</data></match></read>
    <read><delim>\x0a</delim><match><data>\x7c    \x2b  \x2b   \x2b             \x7c\x0a</data></match></read>
    <read><delim>\x0a</delim><match><data>\x7c                         \x7c\x0a</data></match></read>
    <read><delim>\x0a</delim><match><data>\x7c          \x2b              \x7c\x0a</data></match></read>
    <read><delim>\x0a</delim><match><data>\x7c    \x2b     \x2b \x2b            \x7c\x0a</data></match></read>
    <read><delim>\x0a</delim><match><data>\x7c                         \x7c\x0a</data></match></read>
    <read><delim>\x0a</delim><match><data>\x7c                         \x7c\x0a</data></match></read>
    <read><delim>\x0a</delim><match><data>\x7c                         \x7c\x0a</data></match></read>
    <read><delim>\x0a</delim><match><data>\x7c                         \x7c\x0a</data></match></read>
    <read><delim>\x0a</delim><match><data>\x7c                         \x7c\x0a</data></match></read>
    <read><delim>\x0a</delim><match><data>\x7c                         \x7c\x0a</data></match></read>
    <read><delim>\x0a</delim><match><data>\x7c!                        \x7c\x0a</data></match></read>
    <read><delim>\x0a</delim><match><data>\x7c!                        \x7c\x0a</data></match></read>
    <read><delim>\x0a</delim><match><data>\x7c!                        \x7c\x0a</data></match></read>
    <read><delim>\x0a</delim><match><data>\x7c!                        \x7c\x0a</data></match></read>
    <read><delim>\x0a</delim><match><data>\x7c!                        \x7c\x0a</data></match></read>
    <read><delim>\x0a</delim><match><data>\x7c!                        \x7c\x0a</data></match></read>
    <read><delim>\x0a</delim><match><data>\x7c!                        \x7c\x0a</data></match></read>
    <read><delim>\x0a</delim><match><data>\x7cW                        \x7c\x0a</data></match></read>
    <read><delim>\x0a</delim><match><data>\x2d\x2d\x2d\x2d\x2d\x2d\x2d\x2d\x2d\x2d\x2d\x2d\x2d\x2d\x2d\x2d\x2d\x2d\x2d\x2d\x2d\x2d\x2d\x2d\x2d\x2d\x2d\x0a</data></match></read>
    <read><delim>\x0a</delim><match><data>\x09\x09Level \x231\x0a</data></match></read>
    <write><data>f\x0a</data></write>
    <read><delim>\x0a</delim><match><data>\x09Welcome to Attackers General upnmxbmsbijjhxfsuuzdqdxfftkwzfcx!\x0a</data></match></read>
    <read><delim>\x0a</delim><match><data>\x2d\x2d\x2d\x2d\x2d\x2d\x2d\x2d\x2d\x2d\x2d\x2d\x2d\x2d\x2d\x2d\x2d\x2d\x2d\x2d\x2d\x2d\x2d\x2d\x2d\x2d\x2d\x0a</data></match></read>
    <read><delim>\x0a</delim><match><data>\x7c\x23   \x23  \x23  \x23     \x23    \x23   \x7c\x0a</data></match></read>
    <read><delim>\x0a</delim><match><data>\x7c  \x23      \x23  \x23 \x23    \x23  \x23  \x7c\x0a</data></match></read>
    <read><delim>\x0a</delim><match><data>\x7c   \x23 \x23\x23 \x23 \x23   \x23 \x23        \x7c\x0a</data></match></read>
    <read><delim>\x0a</delim><match><data>\x7c\x23            \x23     \x23 \x23 \x23 \x7c\x0a</data></match></read>
    <read><delim>\x0a</delim><match><data>\x7c      \x2b      \x2b           \x7c\x0a</data></match></read>
    <read><delim>\x0a</delim><match><data>\x7c          \x2b   \x2b          \x7c\x0a</data></match></read>
    <read><delim>\x0a</delim><match><data>\x7c     \x2b               \x2b   \x7c\x0a</data></match></read>
    <read><delim>\x0a</delim><match><data>\x7c           \x2b         \x2b   \x7c\x0a</data></match></read>
    <read><delim>\x0a</delim><match><data>\x7c    \x2b  \x2b   \x2b             \x7c\x0a</data></match></read>
    <read><delim>\x0a</delim><match><data>\x7c                         \x7c\x0a</data></match></read>
    <read><delim>\x0a</delim><match><data>\x7c          \x2b              \x7c\x0a</data></match></read>
    <read><delim>\x0a</delim><match><data>\x7c    \x2b     \x2b \x2b            \x7c\x0a</data></match></read>
    <read><delim>\x0a</delim><match><data>\x7c                         \x7c\x0a</data></match></read>
    <read><delim>\x0a</delim><match><data>\x7c                         \x7c\x0a</data></match></read>
    <read><delim>\x0a</delim><match><data>\x7c                         \x7c\x0a</data></match></read>
    <read><delim>\x0a</delim><match><data>\x7c                         \x7c\x0a</data></match></read>
    <read><delim>\x0a</delim><match><data>\x7c!                        \x7c\x0a</data></match></read>
    <read><delim>\x0a</delim><match><data>\x7c!                        \x7c\x0a</data></match></read>
    <read><delim>\x0a</delim><match><data>\x7c!                        \x7c\x0a</data></match></read>
    <read><delim>\x0a</delim><match><data>\x7c!                        \x7c\x0a</data></match></read>
    <read><delim>\x0a</delim><match><data>\x7c!                        \x7c\x0a</data></match></read>
    <read><delim>\x0a</delim><match><data>\x7c!                        \x7c\x0a</data></match></read>
    <read><delim>\x0a</delim><match><data>\x7c!                        \x7c\x0a</data></match></read>
    <read><delim>\x0a</delim><match><data>\x7c!                        \x7c\x0a</data></match></read>
    <read><delim>\x0a</delim><match><data>\x7cW                        \x7c\x0a</data></match></read>
    <read><delim>\x0a</delim><match><data>\x2d\x2d\x2d\x2d\x2d\x2d\x2d\x2d\x2d\x2d\x2d\x2d\x2d\x2d\x2d\x2d\x2d\x2d\x2d\x2d\x2d\x2d\x2d\x2d\x2d\x2d\x2d\x0a</data></match></read>
    <read><delim>\x0a</delim><match><data>\x09\x09Level \x231\x0a</data></match></read>
    <write><data>j\x0a</data></write>
    <read><delim>\x0a</delim><match><data>\x09Welcome to Attackers General upnmxbmsbijjhxfsuuzdqdxfftkwzfcx!\x0a</data></match></read>
    <read><delim>\x0a</delim><match><data>\x2d\x2d\x2d\x2d\x2d\x2d\x2d\x2d\x2d\x2d\x2d\x2d\x2d\x2d\x2d\x2d\x2d\x2d\x2d\x2d\x2d\x2d\x2d\x2d\x2d\x2d\x2d\x0a</data></match></read>
    <read><delim>\x0a</delim><match><data>\x7c    \x23     \x23     \x23    \x23   \x7c\x0a</data></match></read>
    <read><delim>\x0a</delim><match><data>\x7c\x23 \x23    \x23 \x23  \x23 \x23   \x23   \x23  \x7c\x0a</data></match></read>
    <read><delim>\x0a</delim><match><data>\x7c   \x23\x23 \x23  \x23 \x23    \x23    \x23   \x7c\x0a</data></match></read>
    <read><delim>\x0a</delim><match><data>\x7c\x23  \x2b  \x2b      \x23\x23   \x23   \x23  \x7c\x0a</data></match></read>
    <read><delim>\x0a</delim><match><data>\x7c\x2b                        \x7c\x0a</data></match></read>
    <read><delim>\x0a</delim><match><data>\x7c      \x2b      \x2b           \x7c\x0a</data></match></read>
    <read><delim>\x0a</delim><match><data>\x7c          \x2b   \x2b          \x7c\x0a</data></match></read>
    <read><delim>\x0a</delim><match><data>\x7c     \x2b               \x2b   \x7c\x0a</data></match></read>
    <read><delim>\x0a</delim><match><data>\x7c           \x2b         \x2b   \x7c\x0a</data></match></read>
    <read><delim>\x0a</delim><match><data>\x7c    \x2b  \x2b   \x2b             \x7c\x0a</data></match></read>
    <read><delim>\x0a</delim><match><data>\x7c                         \x7c\x0a</data></match></read>
    <read><delim>\x0a</delim><match><data>\x7c          \x2b              \x7c\x0a</data></match></read>
    <read><delim>\x0a</delim><match><data>\x7c    \x2b     \x2b \x2b            \x7c\x0a</data></match></read>
    <read><delim>\x0a</delim><match><data>\x7c                         \x7c\x0a</data></match></read>
    <read><delim>\x0a</delim><match><data>\x7c                         \x7c\x0a</data></match></read>
    <read><delim>\x0a</delim><match><data>\x7c!                        \x7c\x0a</data></match></read>
    <read><delim>\x0a</delim><match><data>\x7c!                        \x7c\x0a</data></match></read>
    <read><delim>\x0a</delim><match><data>\x7c!                        \x7c\x0a</data></match></read>
    <read><delim>\x0a</delim><match><data>\x7c!                        \x7c\x0a</data></match></read>
    <read><delim>\x0a</delim><match><data>\x7c!                        \x7c\x0a</data></match></read>
    <read><delim>\x0a</delim><match><data>\x7c!                        \x7c\x0a</data></match></read>
    <read><delim>\x0a</delim><match><data>\x7c!                        \x7c\x0a</data></match></read>
    <read><delim>\x0a</delim><match><data>\x7c!                        \x7c\x0a</data></match></read>
    <read><delim>\x0a</delim><match><data>\x7c!                        \x7c\x0a</data></match></read>
    <read><delim>\x0a</delim><match><data>\x7cW                        \x7c\x0a</data></match></read>
    <read><delim>\x0a</delim><match><data>\x2d\x2d\x2d\x2d\x2d\x2d\x2d\x2d\x2d\x2d\x2d\x2d\x2d\x2d\x2d\x2d\x2d\x2d\x2d\x2d\x2d\x2d\x2d\x2d\x2d\x2d\x2d\x0a</data></match></read>
    <read><delim>\x0a</delim><match><data>\x09\x09Level \x231\x0a</data></match></read>
    <write><data>s\x0a</data></write>
    <read><delim>\x0a</delim><match><data>\x09Welcome to Attackers General upnmxbmsbijjhxfsuuzdqdxfftkwzfcx!\x0a</data></match></read>
    <read><delim>\x0a</delim><match><data>\x2d\x2d\x2d\x2d\x2d\x2d\x2d\x2d\x2d\x2d\x2d\x2d\x2d\x2d\x2d\x2d\x2d\x2d\x2d\x2d\x2d\x2d\x2d\x2d\x2d\x2d\x2d\x0a</data></match></read>
    <read><delim>\x0a</delim><match><data>\x7c  \x23  \x23   \x23\x23 \x23 \x23 \x23   \x23 \x23  \x7c\x0a</data></match></read>
    <read><delim>\x0a</delim><match><data>\x7c \x23    \x23           \x23      \x7c\x0a</data></match></read>
    <read><delim>\x0a</delim><match><data>\x7c\x23   \x23 \x23 \x23 \x23           \x23  \x7c\x0a</data></match></read>
    <read><delim>\x0a</delim><match><data>\x7c   \x23         \x23\x23 \x23 \x23  \x23   \x7c\x0a</data></match></read>
    <read><delim>\x0a</delim><match><data>\x7c   \x2b  \x2b           \x2b      \x7c\x0a</data></match></read>
    <read><delim>\x0a</delim><match><data>\x7c\x2b                        \x7c\x0a</data></match></read>
    <read><delim>\x0a</delim><match><data>\x7c      \x2b      \x2b           \x7c\x0a</data></match></read>
    <read><delim>\x0a</delim><match><data>\x7c          \x2b   \x2b          \x7c\x0a</data></match></read>
    <read><delim>\x0a</delim><match><data>\x7c     \x2b               \x2b   \x7c\x0a</data></match></read>
    <read><delim>\x0a</delim><match><data>\x7c           \x2b         \x2b   \x7c\x0a</data></match></read>
    <read><delim>\x0a</delim><match><data>\x7c    \x2b  \x2b   \x2b             \x7c\x0a</data></match></read>
    <read><delim>\x0a</delim><match><data>\x7c                         \x7c\x0a</data></match></read>
    <read><delim>\x0a</delim><match><data>\x7c          \x2b              \x7c\x0a</data></match></read>
    <read><delim>\x0a</delim><match><data>\x7c    \x2b     \x2b \x2b            \x7c\x0a</data></match></read>
    <read><delim>\x0a</delim><match><data>\x7c!                        \x7c\x0a</data></match></read>
    <read><delim>\x0a</delim><match><data>\x7c!                        \x7c\x0a</data></match></read>
    <read><delim>\x0a</delim><match><data>\x7c!                        \x7c\x0a</data></match></read>
    <read><delim>\x0a</delim><match><data>\x7c!                        \x7c\x0a</data></match></read>
    <read><delim>\x0a</delim><match><data>\x7c!                        \x7c\x0a</data></match></read>
    <read><delim>\x0a</delim><match><data>\x7c!                        \x7c\x0a</data></match></read>
    <read><delim>\x0a</delim><match><data>\x7c!                        \x7c\x0a</data></match></read>
    <read><delim>\x0a</delim><match><data>\x7c!                        \x7c\x0a</data></match></read>
    <read><delim>\x0a</delim><match><data>\x7c!                        \x7c\x0a</data></match></read>
    <read><delim>\x0a</delim><match><data>\x7c!                        \x7c\x0a</data></match></read>
    <read><delim>\x0a</delim><match><data>\x7cW                        \x7c\x0a</data></match></read>
    <read><delim>\x0a</delim><match><data>\x2d\x2d\x2d\x2d\x2d\x2d\x2d\x2d\x2d\x2d\x2d\x2d\x2d\x2d\x2d\x2d\x2d\x2d\x2d\x2d\x2d\x2d\x2d\x2d\x2d\x2d\x2d\x0a</data></match></read>
    <read><delim>\x0a</delim><match><data>\x09\x09Level \x231\x0a</data></match></read>
    <write><data>h\x0a</data></write>
    <read><delim>\x0a</delim><match><data>\x09Welcome to Attackers General upnmxbmsbijjhxfsuuzdqdxfftkwzfcx!\x0a</data></match></read>
    <read><delim>\x0a</delim><match><data>\x2d\x2d\x2d\x2d\x2d\x2d\x2d\x2d\x2d\x2d\x2d\x2d\x2d\x2d\x2d\x2d\x2d\x2d\x2d\x2d\x2d\x2d\x2d\x2d\x2d\x2d\x2d\x0a</data></match></read>
    <read><delim>\x0a</delim><match><data>\x7c  \x23 \x23 \x23 \x23   \x23 \x23  \x23\x23 \x23    \x7c\x0a</data></match></read>
    <read><delim>\x0a</delim><match><data>\x7c \x23        \x23           \x23  \x7c\x0a</data></match></read>
    <read><delim>\x0a</delim><match><data>\x7c\x23      \x23     \x23         \x23 \x7c\x0a</data></match></read>
    <read><delim>\x0a</delim><match><data>\x7c   \x23\x23   \x23 \x23   \x23 \x23  \x23\x23    \x7c\x0a</data></match></read>
    <read><delim>\x0a</delim><match><data>\x7c   \x2b          \x2b \x2b        \x7c\x0a</data></match></read>
    <read><delim>\x0a</delim><match><data>\x7c   \x2b  \x2b           \x2b      \x7c\x0a</data></match></read>
    <read><delim>\x0a</delim><match><data>\x7c\x2b                        \x7c\x0a</data></match></read>
    <read><delim>\x0a</delim><match><data>\x7c      \x2b      \x2b           \x7c\x0a</data></match></read>
    <read><delim>\x0a</delim><match><data>\x7c          \x2b   \x2b          \x7c\x0a</data></match></read>
    <read><delim>\x0a</delim><match><data>\x7c     \x2b               \x2b   \x7c\x0a</data></match></read>
    <read><delim>\x0a</delim><match><data>\x7c           \x2b         \x2b   \x7c\x0a</data></match></read>
    <read><delim>\x0a</delim><match><data>\x7c    \x2b  \x2b   \x2b             \x7c\x0a</data></match></read>
    <read><delim>\x0a</delim><match><data>\x7c                         \x7c\x0a</data></match></read>
    <read><delim>\x0a</delim><match><data>\x7c!         \x2b              \x7c\x0a</data></match></read>
    <read><delim>\x0a</delim><match><data>\x7c!   \x2b     \x2b \x2b            \x7c\x0a</data></match></read>
    <read><delim>\x0a</delim><match><data>\x7c!                        \x7c\x0a</data></match></read>
    <read><delim>\x0a</delim><match><data>\x7c!                        \x7c\x0a</data></match></read>
    <read><delim>\x0a</delim><match><data>\x7c!                        \x7c\x0a</data></match></read>
    <read><delim>\x0a</delim><match><data>\x7c!                        \x7c\x0a</data></match></read>
    <read><delim>\x0a</delim><match><data>\x7c!                        \x7c\x0a</data></match></read>
    <read><delim>\x0a</delim><match><data>\x7c!                        \x7c\x0a</data></match></read>
    <read><delim>\x0a</delim><match><data>\x7c!                        \x7c\x0a</data></match></read>
    <read><delim>\x0a</delim><match><data>\x7c!                        \x7c\x0a</data></match></read>
    <read><delim>\x0a</delim><match><data>\x7c                         \x7c\x0a</data></match></read>
    <read><delim>\x0a</delim><match><data>\x7cW                        \x7c\x0a</data></match></read>
    <read><delim>\x0a</delim><match><data>\x2d\x2d\x2d\x2d\x2d\x2d\x2d\x2d\x2d\x2d\x2d\x2d\x2d\x2d\x2d\x2d\x2d\x2d\x2d\x2d\x2d\x2d\x2d\x2d\x2d\x2d\x2d\x0a</data></match></read>
    <read><delim>\x0a</delim><match><data>\x09\x09Level \x231\x0a</data></match></read>
    <write><data>a\x0a</data></write>
    <read><delim>\x0a</delim><match><data>\x09Welcome to Attackers General upnmxbmsbijjhxfsuuzdqdxfftkwzfcx!\x0a</data></match></read>
    <read><delim>\x0a</delim><match><data>\x2d\x2d\x2d\x2d\x2d\x2d\x2d\x2d\x2d\x2d\x2d\x2d\x2d\x2d\x2d\x2d\x2d\x2d\x2d\x2d\x2d\x2d\x2d\x2d\x2d\x2d\x2d\x0a</data></match></read>
    <read><delim>\x0a</delim><match><data>\x7c  \x23     \x23    \x23 \x23 \x23\x23      \x7c\x0a</data></match></read>
    <read><delim>\x0a</delim><match><data>\x7c\x23   \x23 \x23   \x23         \x23  \x23 \x7c\x0a</data></match></read>
    <read><delim>\x0a</delim><match><data>\x7c \x23          \x23      \x23   \x23 \x7c\x0a</data></match></read>
    <read><delim>\x0a</delim><match><data>\x7c   \x23 \x23 \x23\x23  \x23   \x23 \x23  \x23  \x2b \x7c\x0a</data></match></read>
    <read><delim>\x0a</delim><match><data>\x7c   \x2b    \x2b                \x7c\x0a</data></match></read>
    <read><delim>\x0a</delim><match><data>\x7c   \x2b          \x2b \x2b        \x7c\x0a</data></match></read>
    <read><delim>\x0a</delim><match><data>\x7c   \x2b  \x2b           \x2b      \x7c\x0a</data></match></read>
    <read><delim>\x0a</delim><match><data>\x7c\x2b                        \x7c\x0a</data></match></read>
    <read><delim>\x0a</delim><match><data>\x7c      \x2b      \x2b           \x7c\x0a</data></match></read>
    <read><delim>\x0a</delim><match><data>\x7c          \x2b   \x2b          \x7c\x0a</data></match></read>
    <read><delim>\x0a</delim><match><data>\x7c     \x2b               \x2b   \x7c\x0a</data></match></read>
    <read><delim>\x0a</delim><match><data>\x7c           \x2b         \x2b   \x7c\x0a</data></match></read>
    <read><delim>\x0a</delim><match><data>\x7c!   \x2b  \x2b   \x2b             \x7c\x0a</data></match></read>
    <read><delim>\x0a</delim><match><data>\x7c!                        \x7c\x0a</data></match></read>
    <read><delim>\x0a</delim><match><data>\x7c!         \x2b              \x7c\x0a</data></match></read>
    <read><delim>\x0a</delim><match><data>\x7c!   \x2b     \x2b \x2b            \x7c\x0a</data></match></read>
    <read><delim>\x0a</delim><match><data>\x7c!                        \x7c\x0a</data></match></read>
    <read><delim>\x0a</delim><match><data>\x7c!                        \x7c\x0a</data></match></read>
    <read><delim>\x0a</delim><match><data>\x7c!                        \x7c\x0a</data></match></read>
    <read><delim>\x0a</delim><match><data>\x7c!                        \x7c\x0a</data></match></read>
    <read><delim>\x0a</delim><match><data>\x7c!                        \x7c\x0a</data></match></read>
    <read><delim>\x0a</delim><match><data>\x7c!                        \x7c\x0a</data></match></read>
    <read><delim>\x0a</delim><match><data>\x7c                         \x7c\x0a</data></match></read>
    <read><delim>\x0a</delim><match><data>\x7c!                        \x7c\x0a</data></match></read>
    <read><delim>\x0a</delim><match><data>\x7cW                        \x7c\x0a</data></match></read>
    <read><delim>\x0a</delim><match><data>\x2d\x2d\x2d\x2d\x2d\x2d\x2d\x2d\x2d\x2d\x2d\x2d\x2d\x2d\x2d\x2d\x2d\x2d\x2d\x2d\x2d\x2d\x2d\x2d\x2d\x2d\x2d\x0a</data></match></read>
    <read><delim>\x0a</delim><match><data>\x09\x09Level \x231\x0a</data></match></read>
    <write><data>e\x0a</data></write>
    <read><delim>\x0a</delim><match><data>\x09Welcome to Attackers General upnmxbmsbijjhxfsuuzdqdxfftkwzfcx!\x0a</data></match></read>
    <read><delim>\x0a</delim><match><data>\x2d\x2d\x2d\x2d\x2d\x2d\x2d\x2d\x2d\x2d\x2d\x2d\x2d\x2d\x2d\x2d\x2d\x2d\x2d\x2d\x2d\x2d\x2d\x2d\x2d\x2d\x2d\x0a</data></match></read>
    <read><delim>\x0a</delim><match><data>\x7c\x23   \x23       \x23  \x23\x23   \x23    \x7c\x0a</data></match></read>
    <read><delim>\x0a</delim><match><data>\x7c  \x23    \x23\x23 \x23       \x23   \x23  \x7c\x0a</data></match></read>
    <read><delim>\x0a</delim><match><data>\x7c                    \x23 \x23  \x7c\x0a</data></match></read>
    <read><delim>\x0a</delim><match><data>\x7c \x23 \x23 \x23\x23 \x23  \x23\x23  \x23 \x23 \x23     \x7c\x0a</data></match></read>
    <read><delim>\x0a</delim><match><data>\x7c     \x2b           \x2b     \x2b \x7c\x0a</data></match></read>
    <read><delim>\x0a</delim><match><data>\x7c   \x2b    \x2b                \x7c\x0a</data></match></read>
    <read><delim>\x0a</delim><match><data>\x7c   \x2b          \x2b \x2b        \x7c\x0a</data></match></read>
    <read><delim>\x0a</delim><match><data>\x7c   \x2b  \x2b           \x2b      \x7c\x0a</data></match></read>
    <read><delim>\x0a</delim><match><data>\x7c\x2b                        \x7c\x0a</data></match></read>
    <read><delim>\x0a</delim><match><data>\x7c      \x2b      \x2b           \x7c\x0a</data></match></read>
    <read><delim>\x0a</delim><match><data>\x7c          \x2b   \x2b          \x7c\x0a</data></match></read>
    <read><delim>\x0a</delim><match><data>\x7c!    \x2b               \x2b   \x7c\x0a</data></match></read>
    <read><delim>\x0a</delim><match><data>\x7c!          \x2b         \x2b   \x7c\x0a</data></match></read>
    <read><delim>\x0a</delim><match><data>\x7c!   \x2b  \x2b   \x2b             \x7c\x0a</data></match></read>
    <read><delim>\x0a</delim><match><data>\x7c!                        \x7c\x0a</data></match></read>
    <read><delim>\x0a</delim><match><data>\x7c!         \x2b              \x7c\x0a</data></match></read>
    <read><delim>\x0a</delim><match><data>\x7c!   \x2b     \x2b \x2b            \x7c\x0a</data></match></read>
    <read><delim>\x0a</delim><match><data>\x7c!                        \x7c\x0a</data></match></read>
    <read><delim>\x0a</delim><match><data>\x7c!                        \x7c\x0a</data></match></read>
    <read><delim>\x0a</delim><match><data>\x7c!                        \x7c\x0a</data></match></read>
    <read><delim>\x0a</delim><match><data>\x7c!                        \x7c\x0a</data></match></read>
    <read><delim>\x0a</delim><match><data>\x7c                         \x7c\x0a</data></match></read>
    <read><delim>\x0a</delim><match><data>\x7c!                        \x7c\x0a</data></match></read>
    <read><delim>\x0a</delim><match><data>\x7c                         \x7c\x0a</data></match></read>
    <read><delim>\x0a</delim><match><data>\x7cW                        \x7c\x0a</data></match></read>
    <read><delim>\x0a</delim><match><data>\x2d\x2d\x2d\x2d\x2d\x2d\x2d\x2d\x2d\x2d\x2d\x2d\x2d\x2d\x2d\x2d\x2d\x2d\x2d\x2d\x2d\x2d\x2d\x2d\x2d\x2d\x2d\x0a</data></match></read>
    <read><delim>\x0a</delim><match><data>\x09\x09Level \x231\x0a</data></match></read>
    <write><data>h\x0a</data></write>
    <read><delim>\x0a</delim><match><data>\x09Welcome to Attackers General upnmxbmsbijjhxfsuuzdqdxfftkwzfcx!\x0a</data></match></read>
    <read><delim>\x0a</delim><match><data>\x2d\x2d\x2d\x2d\x2d\x2d\x2d\x2d\x2d\x2d\x2d\x2d\x2d\x2d\x2d\x2d\x2d\x2d\x2d\x2d\x2d\x2d\x2d\x2d\x2d\x2d\x2d\x0a</data></match></read>
    <read><delim>\x0a</delim><match><data>\x7c \x23        \x23   \x23  \x23\x23 \x23 \x23  \x7c\x0a</data></match></read>
    <read><delim>\x0a</delim><match><data>\x7c  \x23 \x23 \x23 \x23   \x23            \x7c\x0a</data></match></read>
    <read><delim>\x0a</delim><match><data>\x7c \x23 \x23             \x23 \x23 \x23 \x23 \x7c\x0a</data></match></read>
    <read><delim>\x0a</delim><match><data>\x7c    \x23 \x23  \x23 \x23 \x23 \x23         \x7c\x0a</data></match></read>
    <read><delim>\x0a</delim><match><data>\x7c                         \x7c\x0a</data></match></read>
    <read><delim>\x0a</delim><match><data>\x7c     \x2b           \x2b     \x2b \x7c\x0a</data></match></read>
    <read><delim>\x0a</delim><match><data>\x7c   \x2b    \x2b                \x7c\x0a</data></match></read>
    <read><delim>\x0a</delim><match><data>\x7c   \x2b          \x2b \x2b        \x7c\x0a</data></match></read>
    <read><delim>\x0a</delim><match><data>\x7c   \x2b  \x2b           \x2b      \x7c\x0a</data></match></read>
    <read><delim>\x0a</delim><match><data>\x7c\x2b                        \x7c\x0a</data></match></read>
    <read><delim>\x0a</delim><match><data>\x7c!     \x2b      \x2b           \x7c\x0a</data></match></read>
    <read><delim>\x0a</delim><match><data>\x7c!         \x2b   \x2b          \x7c\x0a</data></match></read>
    <read><delim>\x0a</delim><match><data>\x7c!    \x2b               \x2b   \x7c\x0a</data></match></read>
    <read><delim>\x0a</delim><match><data>\x7c!          \x2b         \x2b   \x7c\x0a</data></match></read>
    <read><delim>\x0a</delim><match><data>\x7c!   \x2b  \x2b   \x2b             \x7c\x0a</data></match></read>
    <read><delim>\x0a</delim><match><data>\x7c!                        \x7c\x0a</data></match></read>
    <read><delim>\x0a</delim><match><data>\x7c!         \x2b              \x7c\x0a</data></match></read>
    <read><delim>\x0a</delim><match><data>\x7c!   \x2b     \x2b \x2b            \x7c\x0a</data></match></read>
    <read><delim>\x0a</delim><match><data>\x7c!                        \x7c\x0a</data></match></read>
    <read><delim>\x0a</delim><match><data>\x7c!                        \x7c\x0a</data></match></read>
    <read><delim>\x0a</delim><match><data>\x7c                         \x7c\x0a</data></match></read>
    <read><delim>\x0a</delim><match><data>\x7c!                        \x7c\x0a</data></match></read>
    <read><delim>\x0a</delim><match><data>\x7c                         \x7c\x0a</data></match></read>
    <read><delim>\x0a</delim><match><data>\x7c!                        \x7c\x0a</data></match></read>
    <read><delim>\x0a</delim><match><data>\x7cW                        \x7c\x0a</data></match></read>
    <read><delim>\x0a</delim><match><data>\x2d\x2d\x2d\x2d\x2d\x2d\x2d\x2d\x2d\x2d\x2d\x2d\x2d\x2d\x2d\x2d\x2d\x2d\x2d\x2d\x2d\x2d\x2d\x2d\x2d\x2d\x2d\x0a</data></match></read>
    <read><delim>\x0a</delim><match><data>\x09\x09Level \x231\x0a</data></match></read>
    <write><data>l\x0a</data></write>
    <read><delim>\x0a</delim><match><data>\x09Welcome to Attackers General upnmxbmsbijjhxfsuuzdqdxfftkwzfcx!\x0a</data></match></read>
    <read><delim>\x0a</delim><match><data>\x2d\x2d\x2d\x2d\x2d\x2d\x2d\x2d\x2d\x2d\x2d\x2d\x2d\x2d\x2d\x2d\x2d\x2d\x2d\x2d\x2d\x2d\x2d\x2d\x2d\x2d\x2d\x0a</data></match></read>
    <read><delim>\x0a</delim><match><data>\x7c \x23         \x23  \x23  \x23 \x23 \x23\x23  \x7c\x0a</data></match></read>
    <read><delim>\x0a</delim><match><data>\x7c  \x23 \x23 \x23  \x23   \x23           \x7c\x0a</data></match></read>
    <read><delim>\x0a</delim><match><data>\x7c \x23\x23        \x23   \x23    \x23    \x7c\x0a</data></match></read>
    <read><delim>\x0a</delim><match><data>\x7c    \x23 \x23  \x23   \x23   \x23 \x23   \x23 \x7c\x0a</data></match></read>
    <read><delim>\x0a</delim><match><data>\x7c             \x2b           \x7c\x0a</data></match></read>
    <read><delim>\x0a</delim><match><data>\x7c                         \x7c\x0a</data></match></read>
    <read><delim>\x0a</delim><match><data>\x7c     \x2b           \x2b     \x2b \x7c\x0a</data></match></read>
    <read><delim>\x0a</delim><match><data>\x7c   \x2b    \x2b                \x7c\x0a</data></match></read>
    <read><delim>\x0a</delim><match><data>\x7c   \x2b          \x2b \x2b        \x7c\x0a</data></match></read>
    <read><delim>\x0a</delim><match><data>\x7c!  \x2b  \x2b           \x2b      \x7c\x0a</data></match></read>
    <read><delim>\x0a</delim><match><data>\x7c\x2b                        \x7c\x0a</data></match></read>
    <read><delim>\x0a</delim><match><data>\x7c!     \x2b      \x2b           \x7c\x0a</data></match></read>
    <read><delim>\x0a</delim><match><data>\x7c!         \x2b   \x2b          \x7c\x0a</data></match></read>
    <read><delim>\x0a</delim><match><data>\x7c!    \x2b               \x2b   \x7c\x0a</data></match></read>
    <read><delim>\x0a</delim><match><data>\x7c!          \x2b         \x2b   \x7c\x0a</data></match></read>
    <read><delim>\x0a</delim><match><data>\x7c!   \x2b  \x2b   \x2b             \x7c\x0a</data></match></read>
    <read><delim>\x0a</delim><match><data>\x7c!                        \x7c\x0a</data></match></read>
    <read><delim>\x0a</delim><match><data>\x7c!         \x2b              \x7c\x0a</data></match></read>
    <read><delim>\x0a</delim><match><data>\x7c!   \x2b     \x2b \x2b            \x7c\x0a</data></match></read>
    <read><delim>\x0a</delim><match><data>\x7c                         \x7c\x0a</data></match></read>
    <read><delim>\x0a</delim><match><data>\x7c!                        \x7c\x0a</data></match></read>
    <read><delim>\x0a</delim><match><data>\x7c                         \x7c\x0a</data></match></read>
    <read><delim>\x0a</delim><match><data>\x7c!                        \x7c\x0a</data></match></read>
    <read><delim>\x0a</delim><match><data>\x7c!                        \x7c\x0a</data></match></read>
    <read><delim>\x0a</delim><match><data>\x7cW                        \x7c\x0a</data></match></read>
    <read><delim>\x0a</delim><match><data>\x2d\x2d\x2d\x2d\x2d\x2d\x2d\x2d\x2d\x2d\x2d\x2d\x2d\x2d\x2d\x2d\x2d\x2d\x2d\x2d\x2d\x2d\x2d\x2d\x2d\x2d\x2d\x0a</data></match></read>
    <read><delim>\x0a</delim><match><data>\x09\x09Level \x231\x0a</data></match></read>
    <write><data>w\x0a</data></write>
    <read><delim>\x0a</delim><match><data>\x09Welcome to Attackers General upnmxbmsbijjhxfsuuzdqdxfftkwzfcx!\x0a</data></match></read>
    <read><delim>\x0a</delim><match><data>\x2d\x2d\x2d\x2d\x2d\x2d\x2d\x2d\x2d\x2d\x2d\x2d\x2d\x2d\x2d\x2d\x2d\x2d\x2d\x2d\x2d\x2d\x2d\x2d\x2d\x2d\x2d\x0a</data></match></read>
    <read><delim>\x0a</delim><match><data>\x7c  \x23        \x23  \x23 \x23    \x23   \x7c\x0a</data></match></read>
    <read><delim>\x0a</delim><match><data>\x7c \x23  \x23  \x23\x23    \x23     \x23  \x23  \x7c\x0a</data></match></read>
    <read><delim>\x0a</delim><match><data>\x7c\x23 \x23 \x23      \x23 \x23 \x23 \x23  \x23    \x7c\x0a</data></match></read>
    <read><delim>\x0a</delim><match><data>\x7c  \x2b    \x23 \x23 \x2b      \x23   \x23  \x7c\x0a</data></match></read>
    <read><delim>\x0a</delim><match><data>\x7c                         \x7c\x0a</data></match></read>
    <read><delim>\x0a</delim><match><data>\x7c             \x2b           \x7c\x0a</data></match></read>
    <read><delim>\x0a</delim><match><data>\x7c                         \x7c\x0a</data></match></read>
    <read><delim>\x0a</delim><match><data>\x7c     \x2b           \x2b     \x2b \x7c\x0a</data></match></read>
    <read><delim>\x0a</delim><match><data>\x7c!  \x2b    \x2b                \x7c\x0a</data></match></read>
    <read><delim>\x0a</delim><match><data>\x7c!  \x2b          \x2b \x2b        \x7c\x0a</data></match></read>
    <read><delim>\x0a</delim><match><data>\x7c!  \x2b  \x2b           \x2b      \x7c\x0a</data></match></read>
    <read><delim>\x0a</delim><match><data>\x7c\x2b                        \x7c\x0a</data></match></read>
    <read><delim>\x0a</delim><match><data>\x7c!     \x2b      \x2b           \x7c\x0a</data></match></read>
    <read><delim>\x0a</delim><match><data>\x7c!         \x2b   \x2b          \x7c\x0a</data></match></read>
    <read><delim>\x0a</delim><match><data>\x7c!    \x2b               \x2b   \x7c\x0a</data></match></read>
    <read><delim>\x0a</delim><match><data>\x7c!          \x2b         \x2b   \x7c\x0a</data></match></read>
    <read><delim>\x0a</delim><match><data>\x7c!   \x2b  \x2b   \x2b             \x7c\x0a</data></match></read>
    <read><delim>\x0a</delim><match><data>\x7c!                        \x7c\x0a</data></match></read>
    <read><delim>\x0a</delim><match><data>\x7c          \x2b              \x7c\x0a</data></match></read>
    <read><delim>\x0a</delim><match><data>\x7c!   \x2b     \x2b \x2b            \x7c\x0a</data></match></read>
    <read><delim>\x0a</delim><match><data>\x7c                         \x7c\x0a</data></match></read>
    <read><delim>\x0a</delim><match><data>\x7c!                        \x7c\x0a</data></match></read>
    <read><delim>\x0a</delim><match><data>\x7c!                        \x7c\x0a</data></match></read>
    <read><delim>\x0a</delim><match><data>\x7c!                        \x7c\x0a</data></match></read>
    <read><delim>\x0a</delim><match><data>\x7cW                        \x7c\x0a</data></match></read>
    <read><delim>\x0a</delim><match><data>\x2d\x2d\x2d\x2d\x2d\x2d\x2d\x2d\x2d\x2d\x2d\x2d\x2d\x2d\x2d\x2d\x2d\x2d\x2d\x2d\x2d\x2d\x2d\x2d\x2d\x2d\x2d\x0a</data></match></read>
    <read><delim>\x0a</delim><match><data>\x09\x09Level \x231\x0a</data></match></read>
    <write><data>f\x0a</data></write>
    <read><delim>\x0a</delim><match><data>\x09Welcome to Attackers General upnmxbmsbijjhxfsuuzdqdxfftkwzfcx!\x0a</data></match></read>
    <read><delim>\x0a</delim><match><data>\x2d\x2d\x2d\x2d\x2d\x2d\x2d\x2d\x2d\x2d\x2d\x2d\x2d\x2d\x2d\x2d\x2d\x2d\x2d\x2d\x2d\x2d\x2d\x2d\x2d\x2d\x2d\x0a</data></match></read>
    <read><delim>\x0a</delim><match><data>\x7c   \x23\x23  \x23   \x23  \x23 \x23    \x23   \x7c\x0a</data></match></read>
    <read><delim>\x0a</delim><match><data>\x7c \x23      \x23   \x23      \x23  \x23  \x7c\x0a</data></match></read>
    <read><delim>\x0a</delim><match><data>\x7c  \x23  \x23   \x23 \x23  \x23  \x23   \x23   \x7c\x0a</data></match></read>
    <read><delim>\x0a</delim><match><data>\x7c\x23     \x23      \x23   \x2b \x23   \x23 \x7c\x0a</data></match></read>
    <read><delim>\x0a</delim><match><data>\x7c  \x2b        \x2b             \x7c\x0a</data></match></read>
    <read><delim>\x0a</delim><match><data>\x7c                         \x7c\x0a</data></match></read>
    <read><delim>\x0a</delim><match><data>\x7c             \x2b           \x7c\x0a</data></match></read>
    <read><delim>\x0a</delim><match><data>\x7c!                        \x7c\x0a</data></match></read>
    <read><delim>\x0a</delim><match><data>\x7c!    \x2b           \x2b     \x2b \x7c\x0a</data></match></read>
    <read><delim>\x0a</delim><match><data>\x7c!  \x2b    \x2b                \x7c\x0a</data></match></read>
    <read><delim>\x0a</delim><match><data>\x7c!  \x2b          \x2b \x2b        \x7c\x0a</data></match></read>
    <read><delim>\x0a</delim><match><data>\x7c!  \x2b  \x2b           \x2b      \x7c\x0a</data></match></read>
    <read><delim>\x0a</delim><match><data>\x7c\x2b                        \x7c\x0a</data></match></read>
    <read><delim>\x0a</delim><match><data>\x7c!     \x2b      \x2b           \x7c\x0a</data></match></read>
    <read><delim>\x0a</delim><match><data>\x7c!         \x2b   \x2b          \x7c\x0a</data></match></read>
    <read><delim>\x0a</delim><match><data>\x7c!    \x2b               \x2b   \x7c\x0a</data></match></read>
    <read><delim>\x0a</delim><match><data>\x7c!          \x2b         \x2b   \x7c\x0a</data></match></read>
    <read><delim>\x0a</delim><match><data>\x7c    \x2b  \x2b   \x2b             \x7c\x0a</data></match></read>
    <read><delim>\x0a</delim><match><data>\x7c!                        \x7c\x0a</data></match></read>
    <read><delim>\x0a</delim><match><data>\x7c          \x2b              \x7c\x0a</data></match></read>
    <read><delim>\x0a</delim><match><data>\x7c!   \x2b     \x2b \x2b            \x7c\x0a</data></match></read>
    <read><delim>\x0a</delim><match><data>\x7c!                        \x7c\x0a</data></match></read>
    <read><delim>\x0a</delim><match><data>\x7c!                        \x7c\x0a</data></match></read>
    <read><delim>\x0a</delim><match><data>\x7cW                        \x7c\x0a</data></match></read>
    <read><delim>\x0a</delim><match><data>\x7c                         \x7c\x0a</data></match></read>
    <read><delim>\x0a</delim><match><data>\x2d\x2d\x2d\x2d\x2d\x2d\x2d\x2d\x2d\x2d\x2d\x2d\x2d\x2d\x2d\x2d\x2d\x2d\x2d\x2d\x2d\x2d\x2d\x2d\x2d\x2d\x2d\x0a</data></match></read>
    <read><delim>\x0a</delim><match><data>\x09\x09Level \x231\x0a</data></match></read>
    <write><data>p\x0a</data></write>
    <read><delim>\x0a</delim><match><data>\x09Welcome to Attackers General upnmxbmsbijjhxfsuuzdqdxfftkwzfcx!\x0a</data></match></read>
    <read><delim>\x0a</delim><match><data>\x2d\x2d\x2d\x2d\x2d\x2d\x2d\x2d\x2d\x2d\x2d\x2d\x2d\x2d\x2d\x2d\x2d\x2d\x2d\x2d\x2d\x2d\x2d\x2d\x2d\x2d\x2d\x0a</data></match></read>
    <read><delim>\x0a</delim><match><data>\x7c  \x23   \x23    \x23    \x23   \x23    \x7c\x0a</data></match></read>
    <read><delim>\x0a</delim><match><data>\x7c\x23   \x23   \x23   \x23 \x23   \x23   \x23  \x7c\x0a</data></match></read>
    <read><delim>\x0a</delim><match><data>\x7c   \x23     \x23    \x23        \x23 \x7c\x0a</data></match></read>
    <read><delim>\x0a</delim><match><data>\x7c\x23    \x23\x23  \x2b \x23\x23    \x23 \x23 \x23   \x7c\x0a</data></match></read>
    <read><delim>\x0a</delim><match><data>\x7c                 \x2b       \x7c\x0a</data></match></read>
    <read><delim>\x0a</delim><match><data>\x7c  \x2b        \x2b             \x7c\x0a</data></match></read>
    <read><delim>\x0a</delim><match><data>\x7c!                        \x7c\x0a</data></match></read>
    <read><delim>\x0a</delim><match><data>\x7c!            \x2b           \x7c\x0a</data></match></read>
    <read><delim>\x0a</delim><match><data>\x7c!                        \x7c\x0a</data></match></read>
    <read><delim>\x0a</delim><match><data>\x7c!    \x2b           \x2b     \x2b \x7c\x0a</data></match></read>
    <read><delim>\x0a</delim><match><data>\x7c!  \x2b    \x2b                \x7c\x0a</data></match></read>
    <read><delim>\x0a</delim><match><data>\x7c!  \x2b          \x2b \x2b        \x7c\x0a</data></match></read>
    <read><delim>\x0a</delim><match><data>\x7c!  \x2b  \x2b           \x2b      \x7c\x0a</data></match></read>
    <read><delim>\x0a</delim><match><data>\x7c\x2b                        \x7c\x0a</data></match></read>
    <read><delim>\x0a</delim><match><data>\x7c!     \x2b      \x2b           \x7c\x0a</data></match></read>
    <read><delim>\x0a</delim><match><data>\x7c!         \x2b   \x2b          \x7c\x0a</data></match></read>
    <read><delim>\x0a</delim><match><data>\x7c     \x2b               \x2b   \x7c\x0a</data></match></read>
    <read><delim>\x0a</delim><match><data>\x7c!          \x2b         \x2b   \x7c\x0a</data></match></read>
    <read><delim>\x0a</delim><match><data>\x7c    \x2b  \x2b   \x2b             \x7c\x0a</data></match></read>
    <read><delim>\x0a</delim><match><data>\x7c!                        \x7c\x0a</data></match></read>
    <read><delim>\x0a</delim><match><data>\x7c!         \x2b              \x7c\x0a</data></match></read>
    <read><delim>\x0a</delim><match><data>\x7c!   \x2b     \x2b \x2b            \x7c\x0a</data></match></read>
    <read><delim>\x0a</delim><match><data>\x7c!                        \x7c\x0a</data></match></read>
    <read><delim>\x0a</delim><match><data>\x7cW                        \x7c\x0a</data></match></read>
    <read><delim>\x0a</delim><match><data>\x7c                         \x7c\x0a</data></match></read>
    <read><delim>\x0a</delim><match><data>\x2d\x2d\x2d\x2d\x2d\x2d\x2d\x2d\x2d\x2d\x2d\x2d\x2d\x2d\x2d\x2d\x2d\x2d\x2d\x2d\x2d\x2d\x2d\x2d\x2d\x2d\x2d\x0a</data></match></read>
    <read><delim>\x0a</delim><match><data>\x09\x09Level \x231\x0a</data></match></read>
    <write><data>v\x0a</data></write>
    <read><delim>\x0a</delim><match><data>\x09Welcome to Attackers General upnmxbmsbijjhxfsuuzdqdxfftkwzfcx!\x0a</data></match></read>
    <read><delim>\x0a</delim><match><data>\x2d\x2d\x2d\x2d\x2d\x2d\x2d\x2d\x2d\x2d\x2d\x2d\x2d\x2d\x2d\x2d\x2d\x2d\x2d\x2d\x2d\x2d\x2d\x2d\x2d\x2d\x2d\x0a</data></match></read>
    <read><delim>\x0a</delim><match><data>\x7c                         \x7c\x0a</data></match></read>
    <read><delim>\x0a</delim><match><data>\x7c   \x23       \x23    \x23        \x7c\x0a</data></match></read>
    <read><delim>\x0a</delim><match><data>\x7c \x23  \x23 \x23  \x23  \x23  \x23   \x23\x23 \x23  \x7c\x0a</data></match></read>
    <read><delim>\x0a</delim><match><data>\x7c\x23  \x23  \x23          \x23 \x23     \x7c\x0a</data></match></read>
    <read><delim>\x0a</delim><match><data>\x7c   \x2b\x23    \x2b \x23 \x23\x23      \x23 \x23 \x7c\x0a</data></match></read>
    <read><delim>\x0a</delim><match><data>\x7c!                \x2b       \x7c\x0a</data></match></read>
    <read><delim>\x0a</delim><match><data>\x7c! \x2b        \x2b             \x7c\x0a</data></match></read>
    <read><delim>\x0a</delim><match><data>\x7c!                        \x7c\x0a</data></match></read>
    <read><delim>\x0a</delim><match><data>\x7c!            \x2b           \x7c\x0a</data></match></read>
    <read><delim>\x0a</delim><match><data>\x7c!                        \x7c\x0a</data></match></read>
    <read><delim>\x0a</delim><match><data>\x7c!    \x2b           \x2b     \x2b \x7c\x0a</data></match></read>
    <read><delim>\x0a</delim><match><data>\x7c!  \x2b    \x2b                \x7c\x0a</data></match></read>
    <read><delim>\x0a</delim><match><data>\x7c!  \x2b          \x2b \x2b        \x7c\x0a</data></match></read>
    <read><delim>\x0a</delim><match><data>\x7c!  \x2b  \x2b           \x2b      \x7c\x0a</data></match></read>
    <read><delim>\x0a</delim><match><data>\x7c\x2b                        \x7c\x0a</data></match></read>
    <read><delim>\x0a</delim><match><data>\x7c      \x2b      \x2b           \x7c\x0a</data></match></read>
    <read><delim>\x0a</delim><match><data>\x7c!         \x2b   \x2b          \x7c\x0a</data></match></read>
    <read><delim>\x0a</delim><match><data>\x7c     \x2b               \x2b   \x7c\x0a</data></match></read>
    <read><delim>\x0a</delim><match><data>\x7c!          \x2b         \x2b   \x7c\x0a</data></match></read>
    <read><delim>\x0a</delim><match><data>\x7c!   \x2b  \x2b   \x2b             \x7c\x0a</data></match></read>
    <read><delim>\x0a</delim><match><data>\x7c!                        \x7c\x0a</data></match></read>
    <read><delim>\x0a</delim><match><data>\x7c!         \x2b              \x7c\x0a</data></match></read>
    <read><delim>\x0a</delim><match><data>\x7c!   \x2b     \x2b \x2b            \x7c\x0a</data></match></read>
    <read><delim>\x0a</delim><match><data>\x7cW                        \x7c\x0a</data></match></read>
    <read><delim>\x0a</delim><match><data>\x7c                         \x7c\x0a</data></match></read>
    <read><delim>\x0a</delim><match><data>\x2d\x2d\x2d\x2d\x2d\x2d\x2d\x2d\x2d\x2d\x2d\x2d\x2d\x2d\x2d\x2d\x2d\x2d\x2d\x2d\x2d\x2d\x2d\x2d\x2d\x2d\x2d\x0a</data></match></read>
    <read><delim>\x0a</delim><match><data>\x09\x09Level \x232\x0a</data></match></read>
    <write><data>a\x0a</data></write>
    <read><delim>\x0a</delim><match><data>\x09Welcome to Attackers General upnmxbmsbijjhxfsuuzdqdxfftkwzfcx!\x0a</data></match></read>
    <read><delim>\x0a</delim><match><data>\x2d\x2d\x2d\x2d\x2d\x2d\x2d\x2d\x2d\x2d\x2d\x2d\x2d\x2d\x2d\x2d\x2d\x2d\x2d\x2d\x2d\x2d\x2d\x2d\x2d\x2d\x2d\x0a</data></match></read>
    <read><delim>\x0a</delim><match><data>\x7c                         \x7c\x0a</data></match></read>
    <read><delim>\x0a</delim><match><data>\x7c  \x23       \x23     \x23        \x7c\x0a</data></match></read>
    <read><delim>\x0a</delim><match><data>\x7c \x23  \x23 \x23  \x23  \x23  \x23   \x23 \x23 \x23 \x7c\x0a</data></match></read>
    <read><delim>\x0a</delim><match><data>\x7c\x23 \x23 \x23    \x23       \x23\x23  \x23   \x7c\x0a</data></match></read>
    <read><delim>\x0a</delim><match><data>\x7c!     \x23   \x23  \x23\x23  \x2b    \x23  \x7c\x0a</data></match></read>
    <read><delim>\x0a</delim><match><data>\x7c!  \x2b     \x2b   \x2b           \x7c\x0a</data></match></read>
    <read><delim>\x0a</delim><match><data>\x7c!                \x2b       \x7c\x0a</data></match></read>
    <read><delim>\x0a</delim><match><data>\x7c! \x2b        \x2b             \x7c\x0a</data></match></read>
    <read><delim>\x0a</delim><match><data>\x7c!                        \x7c\x0a</data></match></read>
    <read><delim>\x0a</delim><match><data>\x7c!            \x2b           \x7c\x0a</data></match></read>
    <read><delim>\x0a</delim><match><data>\x7c!                        \x7c\x0a</data></match></read>
    <read><delim>\x0a</delim><match><data>\x7c!    \x2b           \x2b     \x2b \x7c\x0a</data></match></read>
    <read><delim>\x0a</delim><match><data>\x7c!  \x2b    \x2b                \x7c\x0a</data></match></read>
    <read><delim>\x0a</delim><match><data>\x7c!  \x2b          \x2b \x2b        \x7c\x0a</data></match></read>
    <read><delim>\x0a</delim><match><data>\x7c   \x2b  \x2b           \x2b      \x7c\x0a</data></match></read>
    <read><delim>\x0a</delim><match><data>\x7c\x2b                        \x7c\x0a</data></match></read>
    <read><delim>\x0a</delim><match><data>\x7c      \x2b      \x2b           \x7c\x0a</data></match></read>
    <read><delim>\x0a</delim><match><data>\x7c!         \x2b   \x2b          \x7c\x0a</data></match></read>
    <read><delim>\x0a</delim><match><data>\x7c!    \x2b               \x2b   \x7c\x0a</data></match></read>
    <read><delim>\x0a</delim><match><data>\x7c!          \x2b         \x2b   \x7c\x0a</data></match></read>
    <read><delim>\x0a</delim><match><data>\x7c!   \x2b  \x2b   \x2b             \x7c\x0a</data></match></read>
    <read><delim>\x0a</delim><match><data>\x7c!                        \x7c\x0a</data></match></read>
    <read><delim>\x0a</delim><match><data>\x7c!         \x2b              \x7c\x0a</data></match></read>
    <read><delim>\x0a</delim><match><data>\x7cW   \x2b     \x2b \x2b            \x7c\x0a</data></match></read>
    <read><delim>\x0a</delim><match><data>\x7c                         \x7c\x0a</data></match></read>
    <read><delim>\x0a</delim><match><data>\x2d\x2d\x2d\x2d\x2d\x2d\x2d\x2d\x2d\x2d\x2d\x2d\x2d\x2d\x2d\x2d\x2d\x2d\x2d\x2d\x2d\x2d\x2d\x2d\x2d\x2d\x2d\x0a</data></match></read>
    <read><delim>\x0a</delim><match><data>\x09\x09Level \x232\x0a</data></match></read>
    <write><data>y\x0a</data></write>
    <read><delim>\x0a</delim><match><data>\x09Welcome to Attackers General upnmxbmsbijjhxfsuuzdqdxfftkwzfcx!\x0a</data></match></read>
    <read><delim>\x0a</delim><match><data>\x2d\x2d\x2d\x2d\x2d\x2d\x2d\x2d\x2d\x2d\x2d\x2d\x2d\x2d\x2d\x2d\x2d\x2d\x2d\x2d\x2d\x2d\x2d\x2d\x2d\x2d\x2d\x0a</data></match></read>
    <read><delim>\x0a</delim><match><data>\x7c                         \x7c\x0a</data></match></read>
    <read><delim>\x0a</delim><match><data>\x7c  \x23              \x23 \x23     \x7c\x0a</data></match></read>
    <read><delim>\x0a</delim><match><data>\x7c \x23   \x23 \x23 \x23\x23 \x23 \x23      \x23\x23  \x7c\x0a</data></match></read>
    <read><delim>\x0a</delim><match><data>\x7c   \x23 \x23    \x23  \x23\x23 \x23 \x23 \x23    \x7c\x0a</data></match></read>
    <read><delim>\x0a</delim><match><data>\x7c\x2b     \x23  \x23        \x2b   \x23  \x7c\x0a</data></match></read>
    <read><delim>\x0a</delim><match><data>\x7c!                \x2b       \x7c\x0a</data></match></read>
    <read><delim>\x0a</delim><match><data>\x7c!  \x2b     \x2b   \x2b           \x7c\x0a</data></match></read>
    <read><delim>\x0a</delim><match><data>\x7c!                \x2b       \x7c\x0a</data></match></read>
    <read><delim>\x0a</delim><match><data>\x7c! \x2b        \x2b             \x7c\x0a</data></match></read>
    <read><delim>\x0a</delim><match><data>\x7c!                        \x7c\x0a</data></match></read>
    <read><delim>\x0a</delim><match><data>\x7c!            \x2b           \x7c\x0a</data></match></read>
    <read><delim>\x0a</delim><match><data>\x7c!                        \x7c\x0a</data></match></read>
    <read><delim>\x0a</delim><match><data>\x7c!    \x2b           \x2b     \x2b \x7c\x0a</data></match></read>
    <read><delim>\x0a</delim><match><data>\x7c   \x2b    \x2b                \x7c\x0a</data></match></read>
    <read><delim>\x0a</delim><match><data>\x7c!  \x2b          \x2b \x2b        \x7c\x0a</data></match></read>
    <read><delim>\x0a</delim><match><data>\x7c   \x2b  \x2b           \x2b      \x7c\x0a</data></match></read>
    <read><delim>\x0a</delim><match><data>\x7c\x2b                        \x7c\x0a</data></match></read>
    <read><delim>\x0a</delim><match><data>\x7c!     \x2b      \x2b           \x7c\x0a</data></match></read>
    <read><delim>\x0a</delim><match><data>\x7c!         \x2b   \x2b          \x7c\x0a</data></match></read>
    <read><delim>\x0a</delim><match><data>\x7c!    \x2b               \x2b   \x7c\x0a</data></match></read>
    <read><delim>\x0a</delim><match><data>\x7c!          \x2b         \x2b   \x7c\x0a</data></match></read>
    <read><delim>\x0a</delim><match><data>\x7c!   \x2b  \x2b   \x2b             \x7c\x0a</data></match></read>
    <read><delim>\x0a</delim><match><data>\x7c                         \x7c\x0a</data></match></read>
    <read><delim>\x0a</delim><match><data>\x7cW         \x2b              \x7c\x0a</data></match></read>
    <read><delim>\x0a</delim><match><data>\x7c    \x2b     \x2b \x2b            \x7c\x0a</data></match></read>
    <read><delim>\x0a</delim><match><data>\x2d\x2d\x2d\x2d\x2d\x2d\x2d\x2d\x2d\x2d\x2d\x2d\x2d\x2d\x2d\x2d\x2d\x2d\x2d\x2d\x2d\x2d\x2d\x2d\x2d\x2d\x2d\x0a</data></match></read>
    <read><delim>\x0a</delim><match><data>\x09\x09Level \x232\x0a</data></match></read>
    <write><data>h\x0a</data></write>
    <read><delim>\x0a</delim><match><data>\x09Welcome to Attackers General upnmxbmsbijjhxfsuuzdqdxfftkwzfcx!\x0a</data></match></read>
    <read><delim>\x0a</delim><match><data>\x2d\x2d\x2d\x2d\x2d\x2d\x2d\x2d\x2d\x2d\x2d\x2d\x2d\x2d\x2d\x2d\x2d\x2d\x2d\x2d\x2d\x2d\x2d\x2d\x2d\x2d\x2d\x0a</data></match></read>
    <read><delim>\x0a</delim><match><data>\x7c                         \x7c\x0a</data></match></read>
    <read><delim>\x0a</delim><match><data>\x7c  \x23      \x23\x23      \x23 \x23  \x23  \x7c\x0a</data></match></read>
    <read><delim>\x0a</delim><match><data>\x7c\x23    \x23\x23      \x23\x23      \x23   \x7c\x0a</data></match></read>
    <read><delim>\x0a</delim><match><data>\x7c! \x23 \x23      \x23 \x23 \x23    \x23    \x7c\x0a</data></match></read>
    <read><delim>\x0a</delim><match><data>\x7c!      \x23\x23       \x23 \x23   \x23  \x7c\x0a</data></match></read>
    <read><delim>\x0a</delim><match><data>\x7c\x2b                 \x2b   \x2b  \x7c\x0a</data></match></read>
    <read><delim>\x0a</delim><match><data>\x7c!                \x2b       \x7c\x0a</data></match></read>
    <read><delim>\x0a</delim><match><data>\x7c!  \x2b     \x2b   \x2b           \x7c\x0a</data></match></read>
    <read><delim>\x0a</delim><match><data>\x7c!                \x2b       \x7c\x0a</data></match></read>
    <read><delim>\x0a</delim><match><data>\x7c! \x2b        \x2b             \x7c\x0a</data></match></read>
    <read><delim>\x0a</delim><match><data>\x7c!                        \x7c\x0a</data></match></read>
    <read><delim>\x0a</delim><match><data>\x7c!            \x2b           \x7c\x0a</data></match></read>
    <read><delim>\x0a</delim><match><data>\x7c                         \x7c\x0a</data></match></read>
    <read><delim>\x0a</delim><match><data>\x7c!    \x2b           \x2b     \x2b \x7c\x0a</data></match></read>
    <read><delim>\x0a</delim><match><data>\x7c   \x2b    \x2b                \x7c\x0a</data></match></read>
    <read><delim>\x0a</delim><match><data>\x7c!  \x2b          \x2b \x2b        \x7c\x0a</data></match></read>
    <read><delim>\x0a</delim><match><data>\x7c!  \x2b  \x2b           \x2b      \x7c\x0a</data></match></read>
    <read><delim>\x0a</delim><match><data>\x7c\x2b                        \x7c\x0a</data></match></read>
    <read><delim>\x0a</delim><match><data>\x7c!     \x2b      \x2b           \x7c\x0a</data></match></read>
    <read><delim>\x0a</delim><match><data>\x7c!         \x2b   \x2b          \x7c\x0a</data></match></read>
    <read><delim>\x0a</delim><match><data>\x7c!    \x2b               \x2b   \x7c\x0a</data></match></read>
    <read><delim>\x0a</delim><match><data>\x7c           \x2b         \x2b   \x7c\x0a</data></match></read>
    <read><delim>\x0a</delim><match><data>\x7c!   \x2b  \x2b   \x2b             \x7c\x0a</data></match></read>
    <read><delim>\x0a</delim><match><data>\x7cW                        \x7c\x0a</data></match></read>
    <read><delim>\x0a</delim><match><data>\x7c          \x2b              \x7c\x0a</data></match></read>
    <read><delim>\x0a</delim><match><data>\x2d\x2d\x2d\x2d\x2d\x2d\x2d\x2d\x2d\x2d\x2d\x2d\x2d\x2d\x2d\x2d\x2d\x2d\x2d\x2d\x2d\x2d\x2d\x2d\x2d\x2d\x2d\x0a</data></match></read>
    <read><delim>\x0a</delim><match><data>\x09\x09Level \x232\x0a</data></match></read>
    <write><data>t\x0a</data></write>
    <read><delim>\x0a</delim><match><data>\x09Welcome to Attackers General upnmxbmsbijjhxfsuuzdqdxfftkwzfcx!\x0a</data></match></read>
    <read><delim>\x0a</delim><match><data>\x2d\x2d\x2d\x2d\x2d\x2d\x2d\x2d\x2d\x2d\x2d\x2d\x2d\x2d\x2d\x2d\x2d\x2d\x2d\x2d\x2d\x2d\x2d\x2d\x2d\x2d\x2d\x0a</data></match></read>
    <read><delim>\x0a</delim><match><data>\x7c                         \x7c\x0a</data></match></read>
    <read><delim>\x0a</delim><match><data>\x7c      \x23  \x23\x23   \x23  \x23    \x23  \x7c\x0a</data></match></read>
    <read><delim>\x0a</delim><match><data>\x7c  \x23  \x23       \x23     \x23 \x23   \x7c\x0a</data></match></read>
    <read><delim>\x0a</delim><match><data>\x7c!  \x23\x23     \x23 \x23  \x23    \x23    \x7c\x0a</data></match></read>
    <read><delim>\x0a</delim><match><data>\x7c!   \x2b  \x23 \x23      \x23  \x23\x2b \x23  \x7c\x0a</data></match></read>
    <read><delim>\x0a</delim><match><data>\x7c!      \x2b        \x2b        \x7c\x0a</data></match></read>
    <read><delim>\x0a</delim><match><data>\x7c\x2b                 \x2b   \x2b  \x7c\x0a</data></match></read>
    <read><delim>\x0a</delim><match><data>\x7c!                \x2b       \x7c\x0a</data></match></read>
    <read><delim>\x0a</delim><match><data>\x7c!  \x2b     \x2b   \x2b           \x7c\x0a</data></match></read>
    <read><delim>\x0a</delim><match><data>\x7c!                \x2b       \x7c\x0a</data></match></read>
    <read><delim>\x0a</delim><match><data>\x7c! \x2b        \x2b             \x7c\x0a</data></match></read>
    <read><delim>\x0a</delim><match><data>\x7c                         \x7c\x0a</data></match></read>
    <read><delim>\x0a</delim><match><data>\x7c!            \x2b           \x7c\x0a</data></match></read>
    <read><delim>\x0a</delim><match><data>\x7c                         \x7c\x0a</data></match></read>
    <read><delim>\x0a</delim><match><data>\x7c!    \x2b           \x2b     \x2b \x7c\x0a</data></match></read>
    <read><delim>\x0a</delim><match><data>\x7c!  \x2b    \x2b                \x7c\x0a</data></match></read>
    <read><delim>\x0a</delim><match><data>\x7c!  \x2b          \x2b \x2b        \x7c\x0a</data></match></read>
    <read><delim>\x0a</delim><match><data>\x7c!  \x2b  \x2b           \x2b      \x7c\x0a</data></match></read>
    <read><delim>\x0a</delim><match><data>\x7c\x2b                        \x7c\x0a</data></match></read>
    <read><delim>\x0a</delim><match><data>\x7c!     \x2b      \x2b           \x7c\x0a</data></match></read>
    <read><delim>\x0a</delim><match><data>\x7c          \x2b   \x2b          \x7c\x0a</data></match></read>
    <read><delim>\x0a</delim><match><data>\x7c!    \x2b               \x2b   \x7c\x0a</data></match></read>
    <read><delim>\x0a</delim><match><data>\x7c!          \x2b         \x2b   \x7c\x0a</data></match></read>
    <read><delim>\x0a</delim><match><data>\x7cW   \x2b  \x2b   \x2b             \x7c\x0a</data></match></read>
    <read><delim>\x0a</delim><match><data>\x7c                         \x7c\x0a</data></match></read>
    <read><delim>\x0a</delim><match><data>\x2d\x2d\x2d\x2d\x2d\x2d\x2d\x2d\x2d\x2d\x2d\x2d\x2d\x2d\x2d\x2d\x2d\x2d\x2d\x2d\x2d\x2d\x2d\x2d\x2d\x2d\x2d\x0a</data></match></read>
    <read><delim>\x0a</delim><match><data>\x09\x09Level \x232\x0a</data></match></read>
    <write><data>z\x0a</data></write>
    <read><delim>\x0a</delim><match><data>\x09Welcome to Attackers General upnmxbmsbijjhxfsuuzdqdxfftkwzfcx!\x0a</data></match></read>
    <read><delim>\x0a</delim><match><data>\x2d\x2d\x2d\x2d\x2d\x2d\x2d\x2d\x2d\x2d\x2d\x2d\x2d\x2d\x2d\x2d\x2d\x2d\x2d\x2d\x2d\x2d\x2d\x2d\x2d\x2d\x2d\x0a</data></match></read>
    <read><delim>\x0a</delim><match><data>\x7c                         \x7c\x0a</data></match></read>
    <read><delim>\x0a</delim><match><data>\x7c  \x23   \x23   \x23     \x23        \x7c\x0a</data></match></read>
    <read><delim>\x0a</delim><match><data>\x7c!   \x23    \x23  \x23 \x23   \x23  \x23\x23  \x7c\x0a</data></match></read>
    <read><delim>\x0a</delim><match><data>\x7c!  \x23 \x23       \x23 \x23      \x23  \x7c\x0a</data></match></read>
    <read><delim>\x0a</delim><match><data>\x7c!      \x23 \x23\x23    \x2b \x23\x23 \x23    \x7c\x0a</data></match></read>
    <read><delim>\x0a</delim><match><data>\x7c!   \x2b               \x2b    \x7c\x0a</data></match></read>
    <read><delim>\x0a</delim><match><data>\x7c!      \x2b        \x2b        \x7c\x0a</data></match></read>
    <read><delim>\x0a</delim><match><data>\x7c\x2b                 \x2b   \x2b  \x7c\x0a</data></match></read>
    <read><delim>\x0a</delim><match><data>\x7c!                \x2b       \x7c\x0a</data></match></read>
    <read><delim>\x0a</delim><match><data>\x7c!  \x2b     \x2b   \x2b           \x7c\x0a</data></match></read>
    <read><delim>\x0a</delim><match><data>\x7c                 \x2b       \x7c\x0a</data></match></read>
    <read><delim>\x0a</delim><match><data>\x7c! \x2b        \x2b             \x7c\x0a</data></match></read>
    <read><delim>\x0a</delim><match><data>\x7c                         \x7c\x0a</data></match></read>
    <read><delim>\x0a</delim><match><data>\x7c!            \x2b           \x7c\x0a</data></match></read>
    <read><delim>\x0a</delim><match><data>\x7c!                        \x7c\x0a</data></match></read>
    <read><delim>\x0a</delim><match><data>\x7c!    \x2b           \x2b     \x2b \x7c\x0a</data></match></read>
    <read><delim>\x0a</delim><match><data>\x7c!  \x2b    \x2b                \x7c\x0a</data></match></read>
    <read><delim>\x0a</delim><match><data>\x7c!  \x2b          \x2b \x2b        \x7c\x0a</data></match></read>
    <read><delim>\x0a</delim><match><data>\x7c!  \x2b  \x2b           \x2b      \x7c\x0a</data></match></read>
    <read><delim>\x0a</delim><match><data>\x7c\x2b                        \x7c\x0a</data></match></read>
    <read><delim>\x0a</delim><match><data>\x7c!     \x2b      \x2b           \x7c\x0a</data></match></read>
    <read><delim>\x0a</delim><match><data>\x7c!         \x2b   \x2b          \x7c\x0a</data></match></read>
    <read><delim>\x0a</delim><match><data>\x7c!    \x2b               \x2b   \x7c\x0a</data></match></read>
    <read><delim>\x0a</delim><match><data>\x7cW          \x2b         \x2b   \x7c\x0a</data></match></read>
    <read><delim>\x0a</delim><match><data>\x7c    \x2b  \x2b   \x2b             \x7c\x0a</data></match></read>
    <read><delim>\x0a</delim><match><data>\x2d\x2d\x2d\x2d\x2d\x2d\x2d\x2d\x2d\x2d\x2d\x2d\x2d\x2d\x2d\x2d\x2d\x2d\x2d\x2d\x2d\x2d\x2d\x2d\x2d\x2d\x2d\x0a</data></match></read>
    <read><delim>\x0a</delim><match><data>\x09\x09Level \x232\x0a</data></match></read>
    <write><data>p\x0a</data></write>
    <read><delim>\x0a</delim><match><data>\x09Welcome to Attackers General upnmxbmsbijjhxfsuuzdqdxfftkwzfcx!\x0a</data></match></read>
    <read><delim>\x0a</delim><match><data>\x2d\x2d\x2d\x2d\x2d\x2d\x2d\x2d\x2d\x2d\x2d\x2d\x2d\x2d\x2d\x2d\x2d\x2d\x2d\x2d\x2d\x2d\x2d\x2d\x2d\x2d\x2d\x0a</data></match></read>
    <read><delim>\x0a</delim><match><data>\x7c                         \x7c\x0a</data></match></read>
    <read><delim>\x0a</delim><match><data>\x7c!  \x23\x23  \x23   \x23     \x23\x23  \x23   \x7c\x0a</data></match></read>
    <read><delim>\x0a</delim><match><data>\x7c!        \x23   \x23\x23       \x23  \x7c\x0a</data></match></read>
    <read><delim>\x0a</delim><match><data>\x7c!  \x23\x23  \x23      \x23          \x7c\x0a</data></match></read>
    <read><delim>\x0a</delim><match><data>\x7c!       \x23 \x23  \x23   \x23 \x23\x23 \x23  \x7c\x0a</data></match></read>
    <read><delim>\x0a</delim><match><data>\x7c!              \x2b         \x7c\x0a</data></match></read>
    <read><delim>\x0a</delim><match><data>\x7c!   \x2b               \x2b    \x7c\x0a</data></match></read>
    <read><delim>\x0a</delim><match><data>\x7c!      \x2b        \x2b        \x7c\x0a</data></match></read>
    <read><delim>\x0a</delim><match><data>\x7c\x2b                 \x2b   \x2b  \x7c\x0a</data></match></read>
    <read><delim>\x0a</delim><match><data>\x7c                 \x2b       \x7c\x0a</data></match></read>
    <read><delim>\x0a</delim><match><data>\x7c!  \x2b     \x2b   \x2b           \x7c\x0a</data></match></read>
    <read><delim>\x0a</delim><match><data>\x7c                 \x2b       \x7c\x0a</data></match></read>
    <read><delim>\x0a</delim><match><data>\x7c! \x2b        \x2b             \x7c\x0a</data></match></read>
    <read><delim>\x0a</delim><match><data>\x7c!                        \x7c\x0a</data></match></read>
    <read><delim>\x0a</delim><match><data>\x7c!            \x2b           \x7c\x0a</data></match></read>
    <read><delim>\x0a</delim><match><data>\x7c!                        \x7c\x0a</data></match></read>
    <read><delim>\x0a</delim><match><data>\x7c!    \x2b           \x2b     \x2b \x7c\x0a</data></match></read>
    <read><delim>\x0a</delim><match><data>\x7c!  \x2b    \x2b                \x7c\x0a</data></match></read>
    <read><delim>\x0a</delim><match><data>\x7c   \x2b          \x2b \x2b        \x7c\x0a</data></match></read>
    <read><delim>\x0a</delim><match><data>\x7c!  \x2b  \x2b           \x2b      \x7c\x0a</data></match></read>
    <read><delim>\x0a</delim><match><data>\x7c\x2b                        \x7c\x0a</data></match></read>
    <read><delim>\x0a</delim><match><data>\x7c!     \x2b      \x2b           \x7c\x0a</data></match></read>
    <read><delim>\x0a</delim><match><data>\x7c!         \x2b   \x2b          \x7c\x0a</data></match></read>
    <read><delim>\x0a</delim><match><data>\x7cW    \x2b               \x2b   \x7c\x0a</data></match></read>
    <read><delim>\x0a</delim><match><data>\x7c           \x2b         \x2b   \x7c\x0a</data></match></read>
    <read><delim>\x0a</delim><match><data>\x2d\x2d\x2d\x2d\x2d\x2d\x2d\x2d\x2d\x2d\x2d\x2d\x2d\x2d\x2d\x2d\x2d\x2d\x2d\x2d\x2d\x2d\x2d\x2d\x2d\x2d\x2d\x0a</data></match></read>
    <read><delim>\x0a</delim><match><data>\x09\x09Level \x232\x0a</data></match></read>
    <write><data>n\x0a</data></write>
    <read><delim>\x0a</delim><match><data>\x09Welcome to Attackers General upnmxbmsbijjhxfsuuzdqdxfftkwzfcx!\x0a</data></match></read>
    <read><delim>\x0a</delim><match><data>\x2d\x2d\x2d\x2d\x2d\x2d\x2d\x2d\x2d\x2d\x2d\x2d\x2d\x2d\x2d\x2d\x2d\x2d\x2d\x2d\x2d\x2d\x2d\x2d\x2d\x2d\x2d\x0a</data></match></read>
    <read><delim>\x0a</delim><match><data>\x7c!                        \x7c\x0a</data></match></read>
    <read><delim>\x0a</delim><match><data>\x7c! \x23 \x23  \x23 \x23       \x23  \x23    \x7c\x0a</data></match></read>
    <read><delim>\x0a</delim><match><data>\x7c!          \x23\x23  \x23  \x23   \x23  \x7c\x0a</data></match></read>
    <read><delim>\x0a</delim><match><data>\x7c!  \x23  \x23 \x23 \x23   \x23  \x23  \x23    \x7c\x0a</data></match></read>
    <read><delim>\x0a</delim><match><data>\x7c!   \x23        \x23     \x23  \x23  \x7c\x0a</data></match></read>
    <read><delim>\x0a</delim><match><data>\x7c!                  \x2b     \x7c\x0a</data></match></read>
    <read><delim>\x0a</delim><match><data>\x7c!              \x2b         \x7c\x0a</data></match></read>
    <read><delim>\x0a</delim><match><data>\x7c!   \x2b               \x2b    \x7c\x0a</data></match></read>
    <read><delim>\x0a</delim><match><data>\x7c       \x2b        \x2b        \x7c\x0a</data></match></read>
    <read><delim>\x0a</delim><match><data>\x7c\x2b                 \x2b   \x2b  \x7c\x0a</data></match></read>
    <read><delim>\x0a</delim><match><data>\x7c                 \x2b       \x7c\x0a</data></match></read>
    <read><delim>\x0a</delim><match><data>\x7c!  \x2b     \x2b   \x2b           \x7c\x0a</data></match></read>
    <read><delim>\x0a</delim><match><data>\x7c!                \x2b       \x7c\x0a</data></match></read>
    <read><delim>\x0a</delim><match><data>\x7c! \x2b        \x2b             \x7c\x0a</data></match></read>
    <read><delim>\x0a</delim><match><data>\x7c!                        \x7c\x0a</data></match></read>
    <read><delim>\x0a</delim><match><data>\x7c!            \x2b           \x7c\x0a</data></match></read>
    <read><delim>\x0a</delim><match><data>\x7c!                        \x7c\x0a</data></match></read>
    <read><delim>\x0a</delim><match><data>\x7c     \x2b           \x2b     \x2b \x7c\x0a</data></match></read>
    <read><delim>\x0a</delim><match><data>\x7c!  \x2b    \x2b                \x7c\x0a</data></match></read>
    <read><delim>\x0a</delim><match><data>\x7c!  \x2b          \x2b \x2b        \x7c\x0a</data></match></read>
    <read><delim>\x0a</delim><match><data>\x7c!  \x2b  \x2b           \x2b      \x7c\x0a</data></match></read>
    <read><delim>\x0a</delim><match><data>\x7c\x2b                        \x7c\x0a</data></match></read>
    <read><delim>\x0a</delim><match><data>\x7c!     \x2b      \x2b           \x7c\x0a</data></match></read>
    <read><delim>\x0a</delim><match><data>\x7cW         \x2b   \x2b          \x7c\x0a</data></match></read>
    <read><delim>\x0a</delim><match><data>\x7c     \x2b               \x2b   \x7c\x0a</data></match></read>
    <read><delim>\x0a</delim><match><data>\x2d\x2d\x2d\x2d\x2d\x2d\x2d\x2d\x2d\x2d\x2d\x2d\x2d\x2d\x2d\x2d\x2d\x2d\x2d\x2d\x2d\x2d\x2d\x2d\x2d\x2d\x2d\x0a</data></match></read>
    <read><delim>\x0a</delim><match><data>\x09\x09Level \x232\x0a</data></match></read>
    <write><data>y\x0a</data></write>
    <read><delim>\x0a</delim><match><data>\x09Welcome to Attackers General upnmxbmsbijjhxfsuuzdqdxfftkwzfcx!\x0a</data></match></read>
    <read><delim>\x0a</delim><match><data>\x2d\x2d\x2d\x2d\x2d\x2d\x2d\x2d\x2d\x2d\x2d\x2d\x2d\x2d\x2d\x2d\x2d\x2d\x2d\x2d\x2d\x2d\x2d\x2d\x2d\x2d\x2d\x0a</data></match></read>
    <read><delim>\x0a</delim><match><data>\x7c!                        \x7c\x0a</data></match></read>
    <read><delim>\x0a</delim><match><data>\x7c!  \x23  \x23 \x23  \x23\x23    \x23  \x23    \x7c\x0a</data></match></read>
    <read><delim>\x0a</delim><match><data>\x7c!   \x23          \x23  \x23   \x23  \x7c\x0a</data></match></read>
    <read><delim>\x0a</delim><match><data>\x7c! \x23   \x23 \x23 \x23   \x23  \x23  \x23 \x23  \x7c\x0a</data></match></read>
    <read><delim>\x0a</delim><match><data>\x7c!    \x23    \x2b  \x23    \x23      \x7c\x0a</data></match></read>
    <read><delim>\x0a</delim><match><data>\x7c!                        \x7c\x0a</data></match></read>
    <read><delim>\x0a</delim><match><data>\x7c!                  \x2b     \x7c\x0a</data></match></read>
    <read><delim>\x0a</delim><match><data>\x7c               \x2b         \x7c\x0a</data></match></read>
    <read><delim>\x0a</delim><match><data>\x7c!   \x2b               \x2b    \x7c\x0a</data></match></read>
    <read><delim>\x0a</delim><match><data>\x7c       \x2b        \x2b        \x7c\x0a</data></match></read>
    <read><delim>\x0a</delim><match><data>\x7c\x2b                 \x2b   \x2b  \x7c\x0a</data></match></read>
    <read><delim>\x0a</delim><match><data>\x7c!                \x2b       \x7c\x0a</data></match></read>
    <read><delim>\x0a</delim><match><data>\x7c!  \x2b     \x2b   \x2b           \x7c\x0a</data></match></read>
    <read><delim>\x0a</delim><match><data>\x7c!                \x2b       \x7c\x0a</data></match></read>
    <read><delim>\x0a</delim><match><data>\x7c! \x2b        \x2b             \x7c\x0a</data></match></read>
    <read><delim>\x0a</delim><match><data>\x7c!                        \x7c\x0a</data></match></read>
    <read><delim>\x0a</delim><match><data>\x7c             \x2b           \x7c\x0a</data></match></read>
    <read><delim>\x0a</delim><match><data>\x7c!                        \x7c\x0a</data></match></read>
    <read><delim>\x0a</delim><match><data>\x7c!    \x2b           \x2b     \x2b \x7c\x0a</data></match></read>
    <read><delim>\x0a</delim><match><data>\x7c!  \x2b    \x2b                \x7c\x0a</data></match></read>
    <read><delim>\x0a</delim><match><data>\x7c!  \x2b          \x2b \x2b        \x7c\x0a</data></match></read>
    <read><delim>\x0a</delim><match><data>\x7c!  \x2b  \x2b           \x2b      \x7c\x0a</data></match></read>
    <read><delim>\x0a</delim><match><data>\x7c\x2b                        \x7c\x0a</data></match></read>
    <read><delim>\x0a</delim><match><data>\x7cW     \x2b      \x2b           \x7c\x0a</data></match></read>
    <read><delim>\x0a</delim><match><data>\x7c          \x2b   \x2b          \x7c\x0a</data></match></read>
    <read><delim>\x0a</delim><match><data>\x2d\x2d\x2d\x2d\x2d\x2d\x2d\x2d\x2d\x2d\x2d\x2d\x2d\x2d\x2d\x2d\x2d\x2d\x2d\x2d\x2d\x2d\x2d\x2d\x2d\x2d\x2d\x0a</data></match></read>
    <read><delim>\x0a</delim><match><data>\x09\x09Level \x232\x0a</data></match></read>
    <write><data>p\x0a</data></write>
    <read><delim>\x0a</delim><match><data>\x09Welcome to Attackers General upnmxbmsbijjhxfsuuzdqdxfftkwzfcx!\x0a</data></match></read>
    <read><delim>\x0a</delim><match><data>\x2d\x2d\x2d\x2d\x2d\x2d\x2d\x2d\x2d\x2d\x2d\x2d\x2d\x2d\x2d\x2d\x2d\x2d\x2d\x2d\x2d\x2d\x2d\x2d\x2d\x2d\x2d\x0a</data></match></read>
    <read><delim>\x0a</delim><match><data>\x7c!                        \x7c\x0a</data></match></read>
    <read><delim>\x0a</delim><match><data>\x7c! \x23 \x23  \x23 \x23\x23  \x23  \x23   \x23    \x7c\x0a</data></match></read>
    <read><delim>\x0a</delim><match><data>\x7c!              \x23  \x23    \x23 \x7c\x0a</data></match></read>
    <read><delim>\x0a</delim><match><data>\x7c! \x23    \x23 \x23 \x23  \x23  \x23     \x23 \x7c\x0a</data></match></read>
    <read><delim>\x0a</delim><match><data>\x7c!    \x23      \x23    \x2b\x23 \x23    \x7c\x0a</data></match></read>
    <read><delim>\x0a</delim><match><data>\x7c!         \x2b              \x7c\x0a</data></match></read>
    <read><delim>\x0a</delim><match><data>\x7c                         \x7c\x0a</data></match></read>
    <read><delim>\x0a</delim><match><data>\x7c!                  \x2b     \x7c\x0a</data></match></read>
    <read><delim>\x0a</delim><match><data>\x7c               \x2b         \x7c\x0a</data></match></read>
    <read><delim>\x0a</delim><match><data>\x7c!   \x2b               \x2b    \x7c\x0a</data></match></read>
    <read><delim>\x0a</delim><match><data>\x7c!      \x2b        \x2b        \x7c\x0a</data></match></read>
    <read><delim>\x0a</delim><match><data>\x7c\x2b                 \x2b   \x2b  \x7c\x0a</data></match></read>
    <read><delim>\x0a</delim><match><data>\x7c!                \x2b       \x7c\x0a</data></match></read>
    <read><delim>\x0a</delim><match><data>\x7c!  \x2b     \x2b   \x2b           \x7c\x0a</data></match></read>
    <read><delim>\x0a</delim><match><data>\x7c!                \x2b       \x7c\x0a</data></match></read>
    <read><delim>\x0a</delim><match><data>\x7c  \x2b        \x2b             \x7c\x0a</data></match></read>
    <read><delim>\x0a</delim><match><data>\x7c!                        \x7c\x0a</data></match></read>
    <read><delim>\x0a</delim><match><data>\x7c!            \x2b           \x7c\x0a</data></match></read>
    <read><delim>\x0a</delim><match><data>\x7c!                        \x7c\x0a</data></match></read>
    <read><delim>\x0a</delim><match><data>\x7c!    \x2b           \x2b     \x2b \x7c\x0a</data></match></read>
    <read><delim>\x0a</delim><match><data>\x7c!  \x2b    \x2b                \x7c\x0a</data></match></read>
    <read><delim>\x0a</delim><match><data>\x7c!  \x2b          \x2b \x2b        \x7c\x0a</data></match></read>
    <read><delim>\x0a</delim><match><data>\x7c!  \x2b  \x2b           \x2b      \x7c\x0a</data></match></read>
    <read><delim>\x0a</delim><match><data>\x7cW                        \x7c\x0a</data></match></read>
    <read><delim>\x0a</delim><match><data>\x7c      \x2b      \x2b           \x7c\x0a</data></match></read>
    <read><delim>\x0a</delim><match><data>\x2d\x2d\x2d\x2d\x2d\x2d\x2d\x2d\x2d\x2d\x2d\x2d\x2d\x2d\x2d\x2d\x2d\x2d\x2d\x2d\x2d\x2d\x2d\x2d\x2d\x2d\x2d\x0a</data></match></read>
    <read><delim>\x0a</delim><match><data>\x09\x09Level \x232\x0a</data></match></read>
    <read><delim>\x0a</delim><match><data>\x09\x09you lose\x0a</data></match></read>
    <read><delim>\x0a</delim><match><data>\x0a</data></match></read>
    <read><delim>\x0a</delim><match><data>\x0a</data></match></read>
    <read><delim>\x0a</delim><match><data>\x0a</data></match></read>
    <read><delim>\x0a</delim><match><data>\x0a</data></match></read>
</replay>
</pov>