<?xml version="1.0" standalone="no" ?>
<!DOCTYPE pov SYSTEM "/usr/share/cgc-docs/replay.dtd">
<pov>
<cbid>service</cbid>
<seed>d76b1d8658a459b1cc79ee92d62767a0c4f8eb3a855060ecaf2084fd712d90c35eeb824b0d38d3d49bd6e17e42452bc7</seed>
<replay>
    <read><delim>\x0a</delim><match><data>Please input your name:\x0a</data></match></read>
    <write><data>fkbucrzkdpaafeqprfdvhsflyujgnert\x0a</data></write>
    <write><data>b\x0a</data></write>
    <read><delim>\x0a</delim><match><data>\x09Welcome to Attackers General fkbucrzkdpaafeqprfdvhsflyujgnert!\x0a</data></match></read>
    <read><delim>\x0a</delim><match><data>\x2d\x2d\x2d\x2d\x2d\x2d\x2d\x2d\x2d\x2d\x2d\x2d\x2d\x2d\x2d\x2d\x2d\x2d\x2d\x2d\x2d\x2d\x2d\x2d\x2d\x2d\x2d\x0a</data></match></read>
    <read><delim>\x0a</delim><match><data>\x7c\x23 \x23 \x23 \x23 \x23 \x23 \x23 \x23 \x23 \x23 \x23 \x23  \x7c\x0a</data></match></read>
    <read><delim>\x0a</delim><match><data>\x7c                         \x7c\x0a</data></match></read>
    <read><delim>\x0a</delim><match><data>\x7c\x23 \x23 \x23 \x23 \x23 \x23 \x23 \x23 \x23 \x23 \x23 \x23  \x7c\x0a</data></match></read>
    <read><delim>\x0a</delim><match><data>\x7c                         \x7c\x0a</data></match></read>
    <read><delim>\x0a</delim><match><data>\x7c                         \x7c\x0a</data></match></read>
    <read><delim>\x0a</delim><match><data>\x7c                         \x7c\x0a</data></match></read>
    <read><delim>\x0a</delim><match><data>\x7c                         \x7c\x0a</data></match></read>
    <read><delim>\x0a</delim><match><data>\x7c                         \x7c\x0a</data></match></read>
    <read><delim>\x0a</delim><match><data>\x7c                         \x7c\x0a</data></match></read>
    <read><delim>\x0a</delim><match><data>\x7c                         \x7c\x0a</data></match></read>
    <read><delim>\x0a</delim><match><data>\x7c                         \x7c\x0a</data></match></read>
    <read><delim>\x0a</delim><match><data>\x7c                         \x7c\x0a</data></match></read>
    <read><delim>\x0a</delim><match><data>\x7c                         \x7c\x0a</data></match></read>
    <read><delim>\x0a</delim><match><data>\x7c                         \x7c\x0a</data></match></read>
    <read><delim>\x0a</delim><match><data>\x7c                         \x7c\x0a</data></match></read>
    <read><delim>\x0a</delim><match><data>\x7c                         \x7c\x0a</data></match></read>
    <read><delim>\x0a</delim><match><data>\x7c                         \x7c\x0a</data></match></read>
    <read><delim>\x0a</delim><match><data>\x7c                         \x7c\x0a</data></match></read>
    <read><delim>\x0a</delim><match><data>\x7c                         \x7c\x0a</data></match></read>
    <read><delim>\x0a</delim><match><data>\x7c                         \x7c\x0a</data></match></read>
    <read><delim>\x0a</delim><match><data>\x7c                         \x7c\x0a</data></match></read>
    <read><delim>\x0a</delim><match><data>\x7c                         \x7c\x0a</data></match></read>
    <read><delim>\x0a</delim><match><data>\x7c                         \x7c\x0a</data></match></read>
    <read><delim>\x0a</delim><match><data>\x7c                         \x7c\x0a</data></match></read>
    <read><delim>\x0a</delim><match><data>\x7cW                        \x7c\x0a</data></match></read>
    <read><delim>\x0a</delim><match><data>\x2d\x2d\x2d\x2d\x2d\x2d\x2d\x2d\x2d\x2d\x2d\x2d\x2d\x2d\x2d\x2d\x2d\x2d\x2d\x2d\x2d\x2d\x2d\x2d\x2d\x2d\x2d\x0a</data></match></read>
    <read><delim>\x0a</delim><match><data>\x09\x09Level \x231\x0a</data></match></read>
    <write><data>a\x0a</data></write>
    <read><delim>\x0a</delim><match><data>\x09Welcome to Attackers General fkbucrzkdpaafeqprfdvhsflyujgnert!\x0a</data></match></read>
    <read><delim>\x0a</delim><match><data>\x2d\x2d\x2d\x2d\x2d\x2d\x2d\x2d\x2d\x2d\x2d\x2d\x2d\x2d\x2d\x2d\x2d\x2d\x2d\x2d\x2d\x2d\x2d\x2d\x2d\x2d\x2d\x0a</data></match></read>
    <read><delim>\x0a</delim><match><data>\x7c\x23  \x23 \x23\x23 \x23 \x23    \x23\x23        \x7c\x0a</data></match></read>
    <read><delim>\x0a</delim><match><data>\x7c            \x23     \x23 \x23 \x23  \x7c\x0a</data></match></read>
    <read><delim>\x0a</delim><match><data>\x7c\x23 \x23  \x23 \x23 \x23 \x23      \x23  \x23\x23  \x7c\x0a</data></match></read>
    <read><delim>\x0a</delim><match><data>\x7c            \x23 \x23 \x23 \x2b      \x7c\x0a</data></match></read>
    <read><delim>\x0a</delim><match><data>\x7c                         \x7c\x0a</data></match></read>
    <read><delim>\x0a</delim><match><data>\x7c                         \x7c\x0a</data></match></read>
    <read><delim>\x0a</delim><match><data>\x7c                         \x7c\x0a</data></match></read>
    <read><delim>\x0a</delim><match><data>\x7c                         \x7c\x0a</data></match></read>
    <read><delim>\x0a</delim><match><data>\x7c                         \x7c\x0a</data></match></read>
    <read><delim>\x0a</delim><match><data>\x7c                         \x7c\x0a</data></match></read>
    <read><delim>\x0a</delim><match><data>\x7c                         \x7c\x0a</data></match></read>
    <read><delim>\x0a</delim><match><data>\x7c                         \x7c\x0a</data></match></read>
    <read><delim>\x0a</delim><match><data>\x7c                         \x7c\x0a</data></match></read>
    <read><delim>\x0a</delim><match><data>\x7c                         \x7c\x0a</data></match></read>
    <read><delim>\x0a</delim><match><data>\x7c                         \x7c\x0a</data></match></read>
    <read><delim>\x0a</delim><match><data>\x7c                         \x7c\x0a</data></match></read>
    <read><delim>\x0a</delim><match><data>\x7c                         \x7c\x0a</data></match></read>
    <read><delim>\x0a</delim><match><data>\x7c                         \x7c\x0a</data></match></read>
    <read><delim>\x0a</delim><match><data>\x7c                         \x7c\x0a</data></match></read>
    <read><delim>\x0a</delim><match><data>\x7c                         \x7c\x0a</data></match></read>
    <read><delim>\x0a</delim><match><data>\x7c                         \x7c\x0a</data></match></read>
    <read><delim>\x0a</delim><match><data>\x7c                         \x7c\x0a</data></match></read>
    <read><delim>\x0a</delim><match><data>\x7c                         \x7c\x0a</data></match></read>
    <read><delim>\x0a</delim><match><data>\x7c!                        \x7c\x0a</data></match></read>
    <read><delim>\x0a</delim><match><data>\x7cW                        \x7c\x0a</data></match></read>
    <read><delim>\x0a</delim><match><data>\x2d\x2d\x2d\x2d\x2d\x2d\x2d\x2d\x2d\x2d\x2d\x2d\x2d\x2d\x2d\x2d\x2d\x2d\x2d\x2d\x2d\x2d\x2d\x2d\x2d\x2d\x2d\x0a</data></match></read>
    <read><delim>\x0a</delim><match><data>\x09\x09Level \x231\x0a</data></match></read>
    <write><data>m\x0a</data></write>
    <read><delim>\x0a</delim><match><data>\x09Welcome to Attackers General fkbucrzkdpaafeqprfdvhsflyujgnert!\x0a</data></match></read>
    <read><delim>\x0a</delim><match><data>\x2d\x2d\x2d\x2d\x2d\x2d\x2d\x2d\x2d\x2d\x2d\x2d\x2d\x2d\x2d\x2d\x2d\x2d\x2d\x2d\x2d\x2d\x2d\x2d\x2d\x2d\x2d\x0a</data></match></read>
    <read><delim>\x0a</delim><match><data>\x7c\x23  \x23 \x23 \x23 \x23 \x23\x23  \x23 \x23  \x23    \x7c\x0a</data></match></read>
    <read><delim>\x0a</delim><match><data>\x7c                   \x23  \x23  \x7c\x0a</data></match></read>
    <read><delim>\x0a</delim><match><data>\x7c\x23 \x23 \x23  \x23 \x23    \x23   \x23 \x23  \x23 \x7c\x0a</data></match></read>
    <read><delim>\x0a</delim><match><data>\x7c\x2b      \x2b   \x23\x23    \x23       \x7c\x0a</data></match></read>
    <read><delim>\x0a</delim><match><data>\x7c                  \x2b      \x7c\x0a</data></match></read>
    <read><delim>\x0a</delim><match><data>\x7c                         \x7c\x0a</data></match></read>
    <read><delim>\x0a</delim><match><data>\x7c                         \x7c\x0a</data></match></read>
    <read><delim>\x0a</delim><match><data>\x7c                         \x7c\x0a</data></match></read>
    <read><delim>\x0a</delim><match><data>\x7c                         \x7c\x0a</data></match></read>
    <read><delim>\x0a</delim><match><data>\x7c                         \x7c\x0a</data></match></read>
    <read><delim>\x0a</delim><match><data>\x7c                         \x7c\x0a</data></match></read>
    <read><delim>\x0a</delim><match><data>\x7c                         \x7c\x0a</data></match></read>
    <read><delim>\x0a</delim><match><data>\x7c                         \x7c\x0a</data></match></read>
    <read><delim>\x0a</delim><match><data>\x7c                         \x7c\x0a</data></match></read>
    <read><delim>\x0a</delim><match><data>\x7c                         \x7c\x0a</data></match></read>
    <read><delim>\x0a</delim><match><data>\x7c                         \x7c\x0a</data></match></read>
    <read><delim>\x0a</delim><match><data>\x7c                         \x7c\x0a</data></match></read>
    <read><delim>\x0a</delim><match><data>\x7c                         \x7c\x0a</data></match></read>
    <read><delim>\x0a</delim><match><data>\x7c                         \x7c\x0a</data></match></read>
    <read><delim>\x0a</delim><match><data>\x7c                         \x7c\x0a</data></match></read>
    <read><delim>\x0a</delim><match><data>\x7c                         \x7c\x0a</data></match></read>
    <read><delim>\x0a</delim><match><data>\x7c                         \x7c\x0a</data></match></read>
    <read><delim>\x0a</delim><match><data>\x7c!                        \x7c\x0a</data></match></read>
    <read><delim>\x0a</delim><match><data>\x7c                         \x7c\x0a</data></match></read>
    <read><delim>\x0a</delim><match><data>\x7cW                        \x7c\x0a</data></match></read>
    <read><delim>\x0a</delim><match><data>\x2d\x2d\x2d\x2d\x2d\x2d\x2d\x2d\x2d\x2d\x2d\x2d\x2d\x2d\x2d\x2d\x2d\x2d\x2d\x2d\x2d\x2d\x2d\x2d\x2d\x2d\x2d\x0a</data></match></read>
    <read><delim>\x0a</delim><match><data>\x09\x09Level \x231\x0a</data></match></read>
    <write><data>z\x0a</data></write>
    <read><delim>\x0a</delim><match><data>\x09Welcome to Attackers General fkbucrzkdpaafeqprfdvhsflyujgnert!\x0a</data></match></read>
    <read><delim>\x0a</delim><match><data>\x2d\x2d\x2d\x2d\x2d\x2d\x2d\x2d\x2d\x2d\x2d\x2d\x2d\x2d\x2d\x2d\x2d\x2d\x2d\x2d\x2d\x2d\x2d\x2d\x2d\x2d\x2d\x0a</data></match></read>
    <read><delim>\x0a</delim><match><data>\x7c \x23  \x23 \x23  \x23\x23  \x23   \x23  \x23 \x23  \x7c\x0a</data></match></read>
    <read><delim>\x0a</delim><match><data>\x7c   \x23           \x23   \x23     \x7c\x0a</data></match></read>
    <read><delim>\x0a</delim><match><data>\x7c\x23 \x23 \x23 \x23 \x23  \x23\x23     \x23    \x23 \x7c\x0a</data></match></read>
    <read><delim>\x0a</delim><match><data>\x7c    \x2b         \x23  \x23\x2b \x23    \x7c\x0a</data></match></read>
    <read><delim>\x0a</delim><match><data>\x7c\x2b      \x2b                 \x7c\x0a</data></match></read>
    <read><delim>\x0a</delim><match><data>\x7c                  \x2b      \x7c\x0a</data></match></read>
    <read><delim>\x0a</delim><match><data>\x7c                         \x7c\x0a</data></match></read>
    <read><delim>\x0a</delim><match><data>\x7c                         \x7c\x0a</data></match></read>
    <read><delim>\x0a</delim><match><data>\x7c                         \x7c\x0a</data></match></read>
    <read><delim>\x0a</delim><match><data>\x7c                         \x7c\x0a</data></match></read>
    <read><delim>\x0a</delim><match><data>\x7c                         \x7c\x0a</data></match></read>
    <read><delim>\x0a</delim><match><data>\x7c                         \x7c\x0a</data></match></read>
    <read><delim>\x0a</delim><match><data>\x7c                         \x7c\x0a</data></match></read>
    <read><delim>\x0a</delim><match><data>\x7c                         \x7c\x0a</data></match></read>
    <read><delim>\x0a</delim><match><data>\x7c                         \x7c\x0a</data></match></read>
    <read><delim>\x0a</delim><match><data>\x7c                         \x7c\x0a</data></match></read>
    <read><delim>\x0a</delim><match><data>\x7c                         \x7c\x0a</data></match></read>
    <read><delim>\x0a</delim><match><data>\x7c                         \x7c\x0a</data></match></read>
    <read><delim>\x0a</delim><match><data>\x7c                         \x7c\x0a</data></match></read>
    <read><delim>\x0a</delim><match><data>\x7c                         \x7c\x0a</data></match></read>
    <read><delim>\x0a</delim><match><data>\x7c                         \x7c\x0a</data></match></read>
    <read><delim>\x0a</delim><match><data>\x7c!                        \x7c\x0a</data></match></read>
    <read><delim>\x0a</delim><match><data>\x7c                         \x7c\x0a</data></match></read>
    <read><delim>\x0a</delim><match><data>\x7c!                        \x7c\x0a</data></match></read>
    <read><delim>\x0a</delim><match><data>\x7cW                        \x7c\x0a</data></match></read>
    <read><delim>\x0a</delim><match><data>\x2d\x2d\x2d\x2d\x2d\x2d\x2d\x2d\x2d\x2d\x2d\x2d\x2d\x2d\x2d\x2d\x2d\x2d\x2d\x2d\x2d\x2d\x2d\x2d\x2d\x2d\x2d\x0a</data></match></read>
    <read><delim>\x0a</delim><match><data>\x09\x09Level \x231\x0a</data></match></read>
    <write><data>h\x0a</data></write>
    <read><delim>\x0a</delim><match><data>\x09Welcome to Attackers General fkbucrzkdpaafeqprfdvhsflyujgnert!\x0a</data></match></read>
    <read><delim>\x0a</delim><match><data>\x2d\x2d\x2d\x2d\x2d\x2d\x2d\x2d\x2d\x2d\x2d\x2d\x2d\x2d\x2d\x2d\x2d\x2d\x2d\x2d\x2d\x2d\x2d\x2d\x2d\x2d\x2d\x0a</data></match></read>
    <read><delim>\x0a</delim><match><data>\x7c\x23   \x23  \x23 \x23 \x23\x23  \x23\x23   \x23  \x23 \x7c\x0a</data></match></read>
    <read><delim>\x0a</delim><match><data>\x7c   \x23              \x23      \x7c\x0a</data></match></read>
    <read><delim>\x0a</delim><match><data>\x7c\x23  \x23\x23   \x23        \x23\x23   \x23  \x7c\x0a</data></match></read>
    <read><delim>\x0a</delim><match><data>\x7c      \x23    \x23\x23 \x23     \x23    \x7c\x0a</data></match></read>
    <read><delim>\x0a</delim><match><data>\x7c    \x2b             \x2b \x2b    \x7c\x0a</data></match></read>
    <read><delim>\x0a</delim><match><data>\x7c\x2b      \x2b                 \x7c\x0a</data></match></read>
    <read><delim>\x0a</delim><match><data>\x7c                  \x2b      \x7c\x0a</data></match></read>
    <read><delim>\x0a</delim><match><data>\x7c                         \x7c\x0a</data></match></read>
    <read><delim>\x0a</delim><match><data>\x7c                         \x7c\x0a</data></match></read>
    <read><delim>\x0a</delim><match><data>\x7c                         \x7c\x0a</data></match></read>
    <read><delim>\x0a</delim><match><data>\x7c                         \x7c\x0a</data></match></read>
    <read><delim>\x0a</delim><match><data>\x7c                         \x7c\x0a</data></match></read>
    <read><delim>\x0a</delim><match><data>\x7c                         \x7c\x0a</data></match></read>
    <read><delim>\x0a</delim><match><data>\x7c                         \x7c\x0a</data></match></read>
    <read><delim>\x0a</delim><match><data>\x7c                         \x7c\x0a</data></match></read>
    <read><delim>\x0a</delim><match><data>\x7c                         \x7c\x0a</data></match></read>
    <read><delim>\x0a</delim><match><data>\x7c                         \x7c\x0a</data></match></read>
    <read><delim>\x0a</delim><match><data>\x7c                         \x7c\x0a</data></match></read>
    <read><delim>\x0a</delim><match><data>\x7c                         \x7c\x0a</data></match></read>
    <read><delim>\x0a</delim><match><data>\x7c                         \x7c\x0a</data></match></read>
    <read><delim>\x0a</delim><match><data>\x7c!                        \x7c\x0a</data></match></read>
    <read><delim>\x0a</delim><match><data>\x7c                         \x7c\x0a</data></match></read>
    <read><delim>\x0a</delim><match><data>\x7c!                        \x7c\x0a</data></match></read>
    <read><delim>\x0a</delim><match><data>\x7c!                        \x7c\x0a</data></match></read>
    <read><delim>\x0a</delim><match><data>\x7cW                        \x7c\x0a</data></match></read>
    <read><delim>\x0a</delim><match><data>\x2d\x2d\x2d\x2d\x2d\x2d\x2d\x2d\x2d\x2d\x2d\x2d\x2d\x2d\x2d\x2d\x2d\x2d\x2d\x2d\x2d\x2d\x2d\x2d\x2d\x2d\x2d\x0a</data></match></read>
    <read><delim>\x0a</delim><match><data>\x09\x09Level \x231\x0a</data></match></read>
    <write><data>w\x0a</data></write>
    <read><delim>\x0a</delim><match><data>\x09Welcome to Attackers General fkbucrzkdpaafeqprfdvhsflyujgnert!\x0a</data></match></read>
    <read><delim>\x0a</delim><match><data>\x2d\x2d\x2d\x2d\x2d\x2d\x2d\x2d\x2d\x2d\x2d\x2d\x2d\x2d\x2d\x2d\x2d\x2d\x2d\x2d\x2d\x2d\x2d\x2d\x2d\x2d\x2d\x0a</data></match></read>
    <read><delim>\x0a</delim><match><data>\x7c \x23   \x23 \x23    \x23  \x23\x23   \x23 \x23  \x7c\x0a</data></match></read>
    <read><delim>\x0a</delim><match><data>\x7c  \x23      \x23 \x23      \x23      \x7c\x0a</data></match></read>
    <read><delim>\x0a</delim><match><data>\x7c\x23  \x23 \x23   \x23 \x23  \x23  \x23  \x23 \x23  \x7c\x0a</data></match></read>
    <read><delim>\x0a</delim><match><data>\x7c      \x23      \x23   \x2b\x23      \x7c\x0a</data></match></read>
    <read><delim>\x0a</delim><match><data>\x7c                         \x7c\x0a</data></match></read>
    <read><delim>\x0a</delim><match><data>\x7c    \x2b             \x2b \x2b    \x7c\x0a</data></match></read>
    <read><delim>\x0a</delim><match><data>\x7c\x2b      \x2b                 \x7c\x0a</data></match></read>
    <read><delim>\x0a</delim><match><data>\x7c                  \x2b      \x7c\x0a</data></match></read>
    <read><delim>\x0a</delim><match><data>\x7c                         \x7c\x0a</data></match></read>
    <read><delim>\x0a</delim><match><data>\x7c                         \x7c\x0a</data></match></read>
    <read><delim>\x0a</delim><match><data>\x7c                         \x7c\x0a</data></match></read>
    <read><delim>\x0a</delim><match><data>\x7c                         \x7c\x0a</data></match></read>
    <read><delim>\x0a</delim><match><data>\x7c                         \x7c\x0a</data></match></read>
    <read><delim>\x0a</delim><match><data>\x7c                         \x7c\x0a</data></match></read>
    <read><delim>\x0a</delim><match><data>\x7c                         \x7c\x0a</data></match></read>
    <read><delim>\x0a</delim><match><data>\x7c                         \x7c\x0a</data></match></read>
    <read><delim>\x0a</delim><match><data>\x7c                         \x7c\x0a</data></match></read>
    <read><delim>\x0a</delim><match><data>\x7c                         \x7c\x0a</data></match></read>
    <read><delim>\x0a</delim><match><data>\x7c                         \x7c\x0a</data></match></read>
    <read><delim>\x0a</delim><match><data>\x7c!                        \x7c\x0a</data></match></read>
    <read><delim>\x0a</delim><match><data>\x7c                         \x7c\x0a</data></match></read>
    <read><delim>\x0a</delim><match><data>\x7c!                        \x7c\x0a</data></match></read>
    <read><delim>\x0a</delim><match><data>\x7c!                        \x7c\x0a</data></match></read>
    <read><delim>\x0a</delim><match><data>\x7c!                        \x7c\x0a</data></match></read>
    <read><delim>\x0a</delim><match><data>\x7cW                        \x7c\x0a</data></match></read>
    <read><delim>\x0a</delim><match><data>\x2d\x2d\x2d\x2d\x2d\x2d\x2d\x2d\x2d\x2d\x2d\x2d\x2d\x2d\x2d\x2d\x2d\x2d\x2d\x2d\x2d\x2d\x2d\x2d\x2d\x2d\x2d\x0a</data></match></read>
    <read><delim>\x0a</delim><match><data>\x09\x09Level \x231\x0a</data></match></read>
    <write><data>b\x0a</data></write>
    <read><delim>\x0a</delim><match><data>\x09Welcome to Attackers General fkbucrzkdpaafeqprfdvhsflyujgnert!\x0a</data></match></read>
    <read><delim>\x0a</delim><match><data>\x2d\x2d\x2d\x2d\x2d\x2d\x2d\x2d\x2d\x2d\x2d\x2d\x2d\x2d\x2d\x2d\x2d\x2d\x2d\x2d\x2d\x2d\x2d\x2d\x2d\x2d\x2d\x0a</data></match></read>
    <read><delim>\x0a</delim><match><data>\x7c \x23    \x23  \x23  \x23  \x23    \x23 \x23  \x7c\x0a</data></match></read>
    <read><delim>\x0a</delim><match><data>\x7c   \x23 \x23     \x23    \x23  \x23     \x7c\x0a</data></match></read>
    <read><delim>\x0a</delim><match><data>\x7c \x23 \x23 \x23     \x23 \x23\x23  \x23  \x23    \x7c\x0a</data></match></read>
    <read><delim>\x0a</delim><match><data>\x7c   \x2b  \x23  \x23 \x2b     \x2b\x23   \x23  \x7c\x0a</data></match></read>
    <read><delim>\x0a</delim><match><data>\x7c                 \x2b       \x7c\x0a</data></match></read>
    <read><delim>\x0a</delim><match><data>\x7c                         \x7c\x0a</data></match></read>
    <read><delim>\x0a</delim><match><data>\x7c    \x2b             \x2b \x2b    \x7c\x0a</data></match></read>
    <read><delim>\x0a</delim><match><data>\x7c\x2b      \x2b                 \x7c\x0a</data></match></read>
    <read><delim>\x0a</delim><match><data>\x7c                  \x2b      \x7c\x0a</data></match></read>
    <read><delim>\x0a</delim><match><data>\x7c                         \x7c\x0a</data></match></read>
    <read><delim>\x0a</delim><match><data>\x7c                         \x7c\x0a</data></match></read>
    <read><delim>\x0a</delim><match><data>\x7c                         \x7c\x0a</data></match></read>
    <read><delim>\x0a</delim><match><data>\x7c                         \x7c\x0a</data></match></read>
    <read><delim>\x0a</delim><match><data>\x7c                         \x7c\x0a</data></match></read>
    <read><delim>\x0a</delim><match><data>\x7c                         \x7c\x0a</data></match></read>
    <read><delim>\x0a</delim><match><data>\x7c                         \x7c\x0a</data></match></read>
    <read><delim>\x0a</delim><match><data>\x7c                         \x7c\x0a</data></match></read>
    <read><delim>\x0a</delim><match><data>\x7c                         \x7c\x0a</data></match></read>
    <read><delim>\x0a</delim><match><data>\x7c!                        \x7c\x0a</data></match></read>
    <read><delim>\x0a</delim><match><data>\x7c                         \x7c\x0a</data></match></read>
    <read><delim>\x0a</delim><match><data>\x7c!                        \x7c\x0a</data></match></read>
    <read><delim>\x0a</delim><match><data>\x7c!                        \x7c\x0a</data></match></read>
    <read><delim>\x0a</delim><match><data>\x7c!                        \x7c\x0a</data></match></read>
    <read><delim>\x0a</delim><match><data>\x7cW                        \x7c\x0a</data></match></read>
    <read><delim>\x0a</delim><match><data>\x7c                         \x7c\x0a</data></match></read>
    <read><delim>\x0a</delim><match><data>\x2d\x2d\x2d\x2d\x2d\x2d\x2d\x2d\x2d\x2d\x2d\x2d\x2d\x2d\x2d\x2d\x2d\x2d\x2d\x2d\x2d\x2d\x2d\x2d\x2d\x2d\x2d\x0a</data></match></read>
    <read><delim>\x0a</delim><match><data>\x09\x09Level \x231\x0a</data></match></read>
    <write><data>q\x0a</data></write>
    <read><delim>\x0a</delim><match><data>\x09Welcome to Attackers General fkbucrzkdpaafeqprfdvhsflyujgnert!\x0a</data></match></read>
    <read><delim>\x0a</delim><match><data>\x2d\x2d\x2d\x2d\x2d\x2d\x2d\x2d\x2d\x2d\x2d\x2d\x2d\x2d\x2d\x2d\x2d\x2d\x2d\x2d\x2d\x2d\x2d\x2d\x2d\x2d\x2d\x0a</data></match></read>
    <read><delim>\x0a</delim><match><data>\x7c     \x23   \x23         \x23 \x23   \x7c\x0a</data></match></read>
    <read><delim>\x0a</delim><match><data>\x7c \x23 \x23  \x23   \x23 \x23  \x23\x23     \x23  \x7c\x0a</data></match></read>
    <read><delim>\x0a</delim><match><data>\x7c \x23\x23      \x23    \x23  \x23  \x23    \x7c\x0a</data></match></read>
    <read><delim>\x0a</delim><match><data>\x7c     \x23 \x23   \x23 \x23   \x2b \x23  \x23  \x7c\x0a</data></match></read>
    <read><delim>\x0a</delim><match><data>\x7c   \x2b       \x2b     \x2b       \x7c\x0a</data></match></read>
    <read><delim>\x0a</delim><match><data>\x7c                 \x2b       \x7c\x0a</data></match></read>
    <read><delim>\x0a</delim><match><data>\x7c                         \x7c\x0a</data></match></read>
    <read><delim>\x0a</delim><match><data>\x7c    \x2b             \x2b \x2b    \x7c\x0a</data></match></read>
    <read><delim>\x0a</delim><match><data>\x7c\x2b      \x2b                 \x7c\x0a</data></match></read>
    <read><delim>\x0a</delim><match><data>\x7c                  \x2b      \x7c\x0a</data></match></read>
    <read><delim>\x0a</delim><match><data>\x7c                         \x7c\x0a</data></match></read>
    <read><delim>\x0a</delim><match><data>\x7c                         \x7c\x0a</data></match></read>
    <read><delim>\x0a</delim><match><data>\x7c                         \x7c\x0a</data></match></read>
    <read><delim>\x0a</delim><match><data>\x7c                         \x7c\x0a</data></match></read>
    <read><delim>\x0a</delim><match><data>\x7c                         \x7c\x0a</data></match></read>
    <read><delim>\x0a</delim><match><data>\x7c                         \x7c\x0a</data></match></read>
    <read><delim>\x0a</delim><match><data>\x7c                         \x7c\x0a</data></match></read>
    <read><delim>\x0a</delim><match><data>\x7c!                        \x7c\x0a</data></match></read>
    <read><delim>\x0a</delim><match><data>\x7c                         \x7c\x0a</data></match></read>
    <read><delim>\x0a</delim><match><data>\x7c!                        \x7c\x0a</data></match></read>
    <read><delim>\x0a</delim><match><data>\x7c!                        \x7c\x0a</data></match></read>
    <read><delim>\x0a</delim><match><data>\x7c!                        \x7c\x0a</data></match></read>
    <read><delim>\x0a</delim><match><data>\x7c!                        \x7c\x0a</data></match></read>
    <read><delim>\x0a</delim><match><data>\x7cW                        \x7c\x0a</data></match></read>
    <read><delim>\x0a</delim><match><data>\x7c                         \x7c\x0a</data></match></read>
    <read><delim>\x0a</delim><match><data>\x2d\x2d\x2d\x2d\x2d\x2d\x2d\x2d\x2d\x2d\x2d\x2d\x2d\x2d\x2d\x2d\x2d\x2d\x2d\x2d\x2d\x2d\x2d\x2d\x2d\x2d\x2d\x0a</data></match></read>
    <read><delim>\x0a</delim><match><data>\x09\x09Level \x231\x0a</data></match></read>
    <write><data>k\x0a</data></write>
    <read><delim>\x0a</delim><match><data>\x09Welcome to Attackers General fkbucrzkdpaafeqprfdvhsflyujgnert!\x0a</data></match></read>
    <read><delim>\x0a</delim><match><data>\x2d\x2d\x2d\x2d\x2d\x2d\x2d\x2d\x2d\x2d\x2d\x2d\x2d\x2d\x2d\x2d\x2d\x2d\x2d\x2d\x2d\x2d\x2d\x2d\x2d\x2d\x2d\x0a</data></match></read>
    <read><delim>\x0a</delim><match><data>\x7c \x23      \x23   \x23     \x23  \x23   \x7c\x0a</data></match></read>
    <read><delim>\x0a</delim><match><data>\x7c  \x23  \x23\x23    \x23  \x23 \x23      \x23 \x7c\x0a</data></match></read>
    <read><delim>\x0a</delim><match><data>\x7c\x23      \x23\x23    \x23  \x23  \x23     \x7c\x0a</data></match></read>
    <read><delim>\x0a</delim><match><data>\x7c  \x23  \x23     \x23  \x23     \x23  \x23 \x7c\x0a</data></match></read>
    <read><delim>\x0a</delim><match><data>\x7c     \x2b     \x2b     \x2b       \x7c\x0a</data></match></read>
    <read><delim>\x0a</delim><match><data>\x7c   \x2b       \x2b     \x2b       \x7c\x0a</data></match></read>
    <read><delim>\x0a</delim><match><data>\x7c                 \x2b       \x7c\x0a</data></match></read>
    <read><delim>\x0a</delim><match><data>\x7c                         \x7c\x0a</data></match></read>
    <read><delim>\x0a</delim><match><data>\x7c    \x2b             \x2b \x2b    \x7c\x0a</data></match></read>
    <read><delim>\x0a</delim><match><data>\x7c\x2b      \x2b                 \x7c\x0a</data></match></read>
    <read><delim>\x0a</delim><match><data>\x7c                  \x2b      \x7c\x0a</data></match></read>
    <read><delim>\x0a</delim><match><data>\x7c                         \x7c\x0a</data></match></read>
    <read><delim>\x0a</delim><match><data>\x7c                         \x7c\x0a</data></match></read>
    <read><delim>\x0a</delim><match><data>\x7c                         \x7c\x0a</data></match></read>
    <read><delim>\x0a</delim><match><data>\x7c                         \x7c\x0a</data></match></read>
    <read><delim>\x0a</delim><match><data>\x7c                         \x7c\x0a</data></match></read>
    <read><delim>\x0a</delim><match><data>\x7c!                        \x7c\x0a</data></match></read>
    <read><delim>\x0a</delim><match><data>\x7c                         \x7c\x0a</data></match></read>
    <read><delim>\x0a</delim><match><data>\x7c!                        \x7c\x0a</data></match></read>
    <read><delim>\x0a</delim><match><data>\x7c!                        \x7c\x0a</data></match></read>
    <read><delim>\x0a</delim><match><data>\x7c!                        \x7c\x0a</data></match></read>
    <read><delim>\x0a</delim><match><data>\x7c!                        \x7c\x0a</data></match></read>
    <read><delim>\x0a</delim><match><data>\x7c!                        \x7c\x0a</data></match></read>
    <read><delim>\x0a</delim><match><data>\x7cW                        \x7c\x0a</data></match></read>
    <read><delim>\x0a</delim><match><data>\x7c                         \x7c\x0a</data></match></read>
    <read><delim>\x0a</delim><match><data>\x2d\x2d\x2d\x2d\x2d\x2d\x2d\x2d\x2d\x2d\x2d\x2d\x2d\x2d\x2d\x2d\x2d\x2d\x2d\x2d\x2d\x2d\x2d\x2d\x2d\x2d\x2d\x0a</data></match></read>
    <read><delim>\x0a</delim><match><data>\x09\x09Level \x231\x0a</data></match></read>
    <write><data>b\x0a</data></write>
    <read><delim>\x0a</delim><match><data>\x09Welcome to Attackers General fkbucrzkdpaafeqprfdvhsflyujgnert!\x0a</data></match></read>
    <read><delim>\x0a</delim><match><data>\x2d\x2d\x2d\x2d\x2d\x2d\x2d\x2d\x2d\x2d\x2d\x2d\x2d\x2d\x2d\x2d\x2d\x2d\x2d\x2d\x2d\x2d\x2d\x2d\x2d\x2d\x2d\x0a</data></match></read>
    <read><delim>\x0a</delim><match><data>\x7c      \x23 \x23   \x23     \x23 \x23    \x7c\x0a</data></match></read>
    <read><delim>\x0a</delim><match><data>\x7c \x23 \x23 \x23    \x23   \x23 \x23      \x23 \x7c\x0a</data></match></read>
    <read><delim>\x0a</delim><match><data>\x7c \x23   \x23  \x23    \x23   \x23 \x23     \x7c\x0a</data></match></read>
    <read><delim>\x0a</delim><match><data>\x7c   \x23   \x23   \x23 \x2b \x23   \x2b \x23\x23  \x7c\x0a</data></match></read>
    <read><delim>\x0a</delim><match><data>\x7c           \x2b             \x7c\x0a</data></match></read>
    <read><delim>\x0a</delim><match><data>\x7c     \x2b     \x2b     \x2b       \x7c\x0a</data></match></read>
    <read><delim>\x0a</delim><match><data>\x7c   \x2b       \x2b     \x2b       \x7c\x0a</data></match></read>
    <read><delim>\x0a</delim><match><data>\x7c                 \x2b       \x7c\x0a</data></match></read>
    <read><delim>\x0a</delim><match><data>\x7c                         \x7c\x0a</data></match></read>
    <read><delim>\x0a</delim><match><data>\x7c    \x2b             \x2b \x2b    \x7c\x0a</data></match></read>
    <read><delim>\x0a</delim><match><data>\x7c\x2b      \x2b                 \x7c\x0a</data></match></read>
    <read><delim>\x0a</delim><match><data>\x7c                  \x2b      \x7c\x0a</data></match></read>
    <read><delim>\x0a</delim><match><data>\x7c                         \x7c\x0a</data></match></read>
    <read><delim>\x0a</delim><match><data>\x7c                         \x7c\x0a</data></match></read>
    <read><delim>\x0a</delim><match><data>\x7c                         \x7c\x0a</data></match></read>
    <read><delim>\x0a</delim><match><data>\x7c!                        \x7c\x0a</data></match></read>
    <read><delim>\x0a</delim><match><data>\x7c                         \x7c\x0a</data></match></read>
    <read><delim>\x0a</delim><match><data>\x7c!                        \x7c\x0a</data></match></read>
    <read><delim>\x0a</delim><match><data>\x7c!                        \x7c\x0a</data></match></read>
    <read><delim>\x0a</delim><match><data>\x7c!                        \x7c\x0a</data></match></read>
    <read><delim>\x0a</delim><match><data>\x7c!                        \x7c\x0a</data></match></read>
    <read><delim>\x0a</delim><match><data>\x7c!                        \x7c\x0a</data></match></read>
    <read><delim>\x0a</delim><match><data>\x7c!                        \x7c\x0a</data></match></read>
    <read><delim>\x0a</delim><match><data>\x7cW                        \x7c\x0a</data></match></read>
    <read><delim>\x0a</delim><match><data>\x7c                         \x7c\x0a</data></match></read>
    <read><delim>\x0a</delim><match><data>\x2d\x2d\x2d\x2d\x2d\x2d\x2d\x2d\x2d\x2d\x2d\x2d\x2d\x2d\x2d\x2d\x2d\x2d\x2d\x2d\x2d\x2d\x2d\x2d\x2d\x2d\x2d\x0a</data></match></read>
    <read><delim>\x0a</delim><match><data>\x09\x09Level \x231\x0a</data></match></read>
    <write><data>b\x0a</data></write>
    <read><delim>\x0a</delim><match><data>\x09Welcome to Attackers General fkbucrzkdpaafeqprfdvhsflyujgnert!\x0a</data></match></read>
    <read><delim>\x0a</delim><match><data>\x2d\x2d\x2d\x2d\x2d\x2d\x2d\x2d\x2d\x2d\x2d\x2d\x2d\x2d\x2d\x2d\x2d\x2d\x2d\x2d\x2d\x2d\x2d\x2d\x2d\x2d\x2d\x0a</data></match></read>
    <read><delim>\x0a</delim><match><data>\x7c      \x23      \x23     \x23   \x23 \x7c\x0a</data></match></read>
    <read><delim>\x0a</delim><match><data>\x7c\x23  \x23\x23   \x23 \x23    \x23 \x23  \x23    \x7c\x0a</data></match></read>
    <read><delim>\x0a</delim><match><data>\x7c\x23    \x23     \x23     \x23   \x23   \x7c\x0a</data></match></read>
    <read><delim>\x0a</delim><match><data>\x7c  \x23    \x23\x23    \x23 \x23   \x23  \x23  \x7c\x0a</data></match></read>
    <read><delim>\x0a</delim><match><data>\x7c             \x2b     \x2b     \x7c\x0a</data></match></read>
    <read><delim>\x0a</delim><match><data>\x7c           \x2b             \x7c\x0a</data></match></read>
    <read><delim>\x0a</delim><match><data>\x7c     \x2b     \x2b     \x2b       \x7c\x0a</data></match></read>
    <read><delim>\x0a</delim><match><data>\x7c   \x2b       \x2b     \x2b       \x7c\x0a</data></match></read>
    <read><delim>\x0a</delim><match><data>\x7c                 \x2b       \x7c\x0a</data></match></read>
    <read><delim>\x0a</delim><match><data>\x7c                         \x7c\x0a</data></match></read>
    <read><delim>\x0a</delim><match><data>\x7c    \x2b             \x2b \x2b    \x7c\x0a</data></match></read>
    <read><delim>\x0a</delim><match><data>\x7c\x2b      \x2b                 \x7c\x0a</data></match></read>
    <read><delim>\x0a</delim><match><data>\x7c                  \x2b      \x7c\x0a</data></match></read>
    <read><delim>\x0a</delim><match><data>\x7c                         \x7c\x0a</data></match></read>
    <read><delim>\x0a</delim><match><data>\x7c!                        \x7c\x0a</data></match></read>
    <read><delim>\x0a</delim><match><data>\x7c                         \x7c\x0a</data></match></read>
    <read><delim>\x0a</delim><match><data>\x7c!                        \x7c\x0a</data></match></read>
    <read><delim>\x0a</delim><match><data>\x7c!                        \x7c\x0a</data></match></read>
    <read><delim>\x0a</delim><match><data>\x7c!                        \x7c\x0a</data></match></read>
    <read><delim>\x0a</delim><match><data>\x7c!                        \x7c\x0a</data></match></read>
    <read><delim>\x0a</delim><match><data>\x7c!                        \x7c\x0a</data></match></read>
    <read><delim>\x0a</delim><match><data>\x7c!                        \x7c\x0a</data></match></read>
    <read><delim>\x0a</delim><match><data>\x7c!                        \x7c\x0a</data></match></read>
    <read><delim>\x0a</delim><match><data>\x7cW                        \x7c\x0a</data></match></read>
    <read><delim>\x0a</delim><match><data>\x7c                         \x7c\x0a</data></match></read>
    <read><delim>\x0a</delim><match><data>\x2d\x2d\x2d\x2d\x2d\x2d\x2d\x2d\x2d\x2d\x2d\x2d\x2d\x2d\x2d\x2d\x2d\x2d\x2d\x2d\x2d\x2d\x2d\x2d\x2d\x2d\x2d\x0a</data></match></read>
    <read><delim>\x0a</delim><match><data>\x09\x09Level \x231\x0a</data></match></read>
    <write><data>p\x0a</data></write>
    <read><delim>\x0a</delim><match><data>\x09Welcome to Attackers General fkbucrzkdpaafeqprfdvhsflyujgnert!\x0a</data></match></read>
    <read><delim>\x0a</delim><match><data>\x2d\x2d\x2d\x2d\x2d\x2d\x2d\x2d\x2d\x2d\x2d\x2d\x2d\x2d\x2d\x2d\x2d\x2d\x2d\x2d\x2d\x2d\x2d\x2d\x2d\x2d\x2d\x0a</data></match></read>
    <read><delim>\x0a</delim><match><data>\x7c   \x23   \x23            \x23    \x7c\x0a</data></match></read>
    <read><delim>\x0a</delim><match><data>\x7c\x23   \x23   \x23 \x23  \x23\x23  \x23 \x23   \x23 \x7c\x0a</data></match></read>
    <read><delim>\x0a</delim><match><data>\x7c\x23   \x23           \x23    \x23   \x7c\x0a</data></match></read>
    <read><delim>\x0a</delim><match><data>\x7c\x2b \x23    \x23\x23  \x23 \x23\x23   \x23   \x23  \x7c\x0a</data></match></read>
    <read><delim>\x0a</delim><match><data>\x7c             \x2b           \x7c\x0a</data></match></read>
    <read><delim>\x0a</delim><match><data>\x7c             \x2b     \x2b     \x7c\x0a</data></match></read>
    <read><delim>\x0a</delim><match><data>\x7c           \x2b             \x7c\x0a</data></match></read>
    <read><delim>\x0a</delim><match><data>\x7c     \x2b     \x2b     \x2b       \x7c\x0a</data></match></read>
    <read><delim>\x0a</delim><match><data>\x7c   \x2b       \x2b     \x2b       \x7c\x0a</data></match></read>
    <read><delim>\x0a</delim><match><data>\x7c                 \x2b       \x7c\x0a</data></match></read>
    <read><delim>\x0a</delim><match><data>\x7c                         \x7c\x0a</data></match></read>
    <read><delim>\x0a</delim><match><data>\x7c    \x2b             \x2b \x2b    \x7c\x0a</data></match></read>
    <read><delim>\x0a</delim><match><data>\x7c\x2b      \x2b                 \x7c\x0a</data></match></read>
    <read><delim>\x0a</delim><match><data>\x7c!                 \x2b      \x7c\x0a</data></match></read>
    <read><delim>\x0a</delim><match><data>\x7c                         \x7c\x0a</data></match></read>
    <read><delim>\x0a</delim><match><data>\x7c!                        \x7c\x0a</data></match></read>
    <read><delim>\x0a</delim><match><data>\x7c!                        \x7c\x0a</data></match></read>
    <read><delim>\x0a</delim><match><data>\x7c!                        \x7c\x0a</data></match></read>
    <read><delim>\x0a</delim><match><data>\x7c!                        \x7c\x0a</data></match></read>
    <read><delim>\x0a</delim><match><data>\x7c!                        \x7c\x0a</data></match></read>
    <read><delim>\x0a</delim><match><data>\x7c!                        \x7c\x0a</data></match></read>
    <read><delim>\x0a</delim><match><data>\x7c!                        \x7c\x0a</data></match></read>
    <read><delim>\x0a</delim><match><data>\x7c!                        \x7c\x0a</data></match></read>
    <read><delim>\x0a</delim><match><data>\x7cW                        \x7c\x0a</data></match></read>
    <read><delim>\x0a</delim><match><data>\x7c                         \x7c\x0a</data></match></read>
    <read><delim>\x0a</delim><match><data>\x2d\x2d\x2d\x2d\x2d\x2d\x2d\x2d\x2d\x2d\x2d\x2d\x2d\x2d\x2d\x2d\x2d\x2d\x2d\x2d\x2d\x2d\x2d\x2d\x2d\x2d\x2d\x0a</data></match></read>
    <read><delim>\x0a</delim><match><data>\x09\x09Level \x231\x0a</data></match></read>
    <write><data>e\x0a</data></write>
    <read><delim>\x0a</delim><match><data>\x09Welcome to Attackers General fkbucrzkdpaafeqprfdvhsflyujgnert!\x0a</data></match></read>
    <read><delim>\x0a</delim><match><data>\x2d\x2d\x2d\x2d\x2d\x2d\x2d\x2d\x2d\x2d\x2d\x2d\x2d\x2d\x2d\x2d\x2d\x2d\x2d\x2d\x2d\x2d\x2d\x2d\x2d\x2d\x2d\x0a</data></match></read>
    <read><delim>\x0a</delim><match><data>\x7c    \x23  \x23  \x23            \x23 \x7c\x0a</data></match></read>
    <read><delim>\x0a</delim><match><data>\x7c\x23  \x23    \x23   \x23 \x23  \x23 \x23\x23    \x7c\x0a</data></match></read>
    <read><delim>\x0a</delim><match><data>\x7c \x23   \x23 \x23   \x23 \x23  \x23    \x23\x23  \x7c\x0a</data></match></read>
    <read><delim>\x0a</delim><match><data>\x7c   \x23     \x23    \x23   \x23      \x7c\x0a</data></match></read>
    <read><delim>\x0a</delim><match><data>\x7c\x2b                        \x7c\x0a</data></match></read>
    <read><delim>\x0a</delim><match><data>\x7c             \x2b           \x7c\x0a</data></match></read>
    <read><delim>\x0a</delim><match><data>\x7c             \x2b     \x2b     \x7c\x0a</data></match></read>
    <read><delim>\x0a</delim><match><data>\x7c           \x2b             \x7c\x0a</data></match></read>
    <read><delim>\x0a</delim><match><data>\x7c     \x2b     \x2b     \x2b       \x7c\x0a</data></match></read>
    <read><delim>\x0a</delim><match><data>\x7c   \x2b       \x2b     \x2b       \x7c\x0a</data></match></read>
    <read><delim>\x0a</delim><match><data>\x7c                 \x2b       \x7c\x0a</data></match></read>
    <read><delim>\x0a</delim><match><data>\x7c                         \x7c\x0a</data></match></read>
    <read><delim>\x0a</delim><match><data>\x7c!   \x2b             \x2b \x2b    \x7c\x0a</data></match></read>
    <read><delim>\x0a</delim><match><data>\x7c\x2b      \x2b                 \x7c\x0a</data></match></read>
    <read><delim>\x0a</delim><match><data>\x7c!                 \x2b      \x7c\x0a</data></match></read>
    <read><delim>\x0a</delim><match><data>\x7c!                        \x7c\x0a</data></match></read>
    <read><delim>\x0a</delim><match><data>\x7c!                        \x7c\x0a</data></match></read>
    <read><delim>\x0a</delim><match><data>\x7c!                        \x7c\x0a</data></match></read>
    <read><delim>\x0a</delim><match><data>\x7c!                        \x7c\x0a</data></match></read>
    <read><delim>\x0a</delim><match><data>\x7c!                        \x7c\x0a</data></match></read>
    <read><delim>\x0a</delim><match><data>\x7c!                        \x7c\x0a</data></match></read>
    <read><delim>\x0a</delim><match><data>\x7c!                        \x7c\x0a</data></match></read>
    <read><delim>\x0a</delim><match><data>\x7c!                        \x7c\x0a</data></match></read>
    <read><delim>\x0a</delim><match><data>\x7cW                        \x7c\x0a</data></match></read>
    <read><delim>\x0a</delim><match><data>\x7c                         \x7c\x0a</data></match></read>
    <read><delim>\x0a</delim><match><data>\x2d\x2d\x2d\x2d\x2d\x2d\x2d\x2d\x2d\x2d\x2d\x2d\x2d\x2d\x2d\x2d\x2d\x2d\x2d\x2d\x2d\x2d\x2d\x2d\x2d\x2d\x2d\x0a</data></match></read>
    <read><delim>\x0a</delim><match><data>\x09\x09Level \x231\x0a</data></match></read>
    <write><data>p\x0a</data></write>
    <read><delim>\x0a</delim><match><data>\x09Welcome to Attackers General fkbucrzkdpaafeqprfdvhsflyujgnert!\x0a</data></match></read>
    <read><delim>\x0a</delim><match><data>\x2d\x2d\x2d\x2d\x2d\x2d\x2d\x2d\x2d\x2d\x2d\x2d\x2d\x2d\x2d\x2d\x2d\x2d\x2d\x2d\x2d\x2d\x2d\x2d\x2d\x2d\x2d\x0a</data></match></read>
    <read><delim>\x0a</delim><match><data>\x7c     \x23\x23 \x23 \x23              \x7c\x0a</data></match></read>
    <read><delim>\x0a</delim><match><data>\x7c\x23 \x23          \x23\x23 \x23 \x23  \x23 \x23 \x7c\x0a</data></match></read>
    <read><delim>\x0a</delim><match><data>\x7c \x23     \x23     \x23  \x23   \x23  \x23 \x7c\x0a</data></match></read>
    <read><delim>\x0a</delim><match><data>\x7c   \x23 \x23  \x23  \x23  \x23    \x23     \x7c\x0a</data></match></read>
    <read><delim>\x0a</delim><match><data>\x7c              \x2b          \x7c\x0a</data></match></read>
    <read><delim>\x0a</delim><match><data>\x7c\x2b                        \x7c\x0a</data></match></read>
    <read><delim>\x0a</delim><match><data>\x7c             \x2b           \x7c\x0a</data></match></read>
    <read><delim>\x0a</delim><match><data>\x7c             \x2b     \x2b     \x7c\x0a</data></match></read>
    <read><delim>\x0a</delim><match><data>\x7c           \x2b             \x7c\x0a</data></match></read>
    <read><delim>\x0a</delim><match><data>\x7c     \x2b     \x2b     \x2b       \x7c\x0a</data></match></read>
    <read><delim>\x0a</delim><match><data>\x7c   \x2b       \x2b     \x2b       \x7c\x0a</data></match></read>
    <read><delim>\x0a</delim><match><data>\x7c!                \x2b       \x7c\x0a</data></match></read>
    <read><delim>\x0a</delim><match><data>\x7c                         \x7c\x0a</data></match></read>
    <read><delim>\x0a</delim><match><data>\x7c!   \x2b             \x2b \x2b    \x7c\x0a</data></match></read>
    <read><delim>\x0a</delim><match><data>\x7c\x2b      \x2b                 \x7c\x0a</data></match></read>
    <read><delim>\x0a</delim><match><data>\x7c!                 \x2b      \x7c\x0a</data></match></read>
    <read><delim>\x0a</delim><match><data>\x7c!                        \x7c\x0a</data></match></read>
    <read><delim>\x0a</delim><match><data>\x7c!                        \x7c\x0a</data></match></read>
    <read><delim>\x0a</delim><match><data>\x7c!                        \x7c\x0a</data></match></read>
    <read><delim>\x0a</delim><match><data>\x7c!                        \x7c\x0a</data></match></read>
    <read><delim>\x0a</delim><match><data>\x7c!                        \x7c\x0a</data></match></read>
    <read><delim>\x0a</delim><match><data>\x7c!                        \x7c\x0a</data></match></read>
    <read><delim>\x0a</delim><match><data>\x7c!                        \x7c\x0a</data></match></read>
    <read><delim>\x0a</delim><match><data>\x7cW                        \x7c\x0a</data></match></read>
    <read><delim>\x0a</delim><match><data>\x7c                         \x7c\x0a</data></match></read>
    <read><delim>\x0a</delim><match><data>\x2d\x2d\x2d\x2d\x2d\x2d\x2d\x2d\x2d\x2d\x2d\x2d\x2d\x2d\x2d\x2d\x2d\x2d\x2d\x2d\x2d\x2d\x2d\x2d\x2d\x2d\x2d\x0a</data></match></read>
    <read><delim>\x0a</delim><match><data>\x09\x09Level \x231\x0a</data></match></read>
    <write><data>g\x0a</data></write>
    <read><delim>\x0a</delim><match><data>\x09Welcome to Attackers General fkbucrzkdpaafeqprfdvhsflyujgnert!\x0a</data></match></read>
    <read><delim>\x0a</delim><match><data>\x2d\x2d\x2d\x2d\x2d\x2d\x2d\x2d\x2d\x2d\x2d\x2d\x2d\x2d\x2d\x2d\x2d\x2d\x2d\x2d\x2d\x2d\x2d\x2d\x2d\x2d\x2d\x0a</data></match></read>
    <read><delim>\x0a</delim><match><data>\x7c     \x23  \x23 \x23     \x23      \x23 \x7c\x0a</data></match></read>
    <read><delim>\x0a</delim><match><data>\x7c\x23 \x23   \x23      \x23 \x23  \x23 \x23    \x7c\x0a</data></match></read>
    <read><delim>\x0a</delim><match><data>\x7c \x23           \x23     \x23   \x23 \x7c\x0a</data></match></read>
    <read><delim>\x0a</delim><match><data>\x7c   \x23 \x23 \x23 \x23 \x23  \x23 \x23   \x23    \x7c\x0a</data></match></read>
    <read><delim>\x0a</delim><match><data>\x7c     \x2b        \x2b          \x7c\x0a</data></match></read>
    <read><delim>\x0a</delim><match><data>\x7c              \x2b          \x7c\x0a</data></match></read>
    <read><delim>\x0a</delim><match><data>\x7c\x2b                        \x7c\x0a</data></match></read>
    <read><delim>\x0a</delim><match><data>\x7c             \x2b           \x7c\x0a</data></match></read>
    <read><delim>\x0a</delim><match><data>\x7c             \x2b     \x2b     \x7c\x0a</data></match></read>
    <read><delim>\x0a</delim><match><data>\x7c           \x2b             \x7c\x0a</data></match></read>
    <read><delim>\x0a</delim><match><data>\x7c!    \x2b     \x2b     \x2b       \x7c\x0a</data></match></read>
    <read><delim>\x0a</delim><match><data>\x7c   \x2b       \x2b     \x2b       \x7c\x0a</data></match></read>
    <read><delim>\x0a</delim><match><data>\x7c!                \x2b       \x7c\x0a</data></match></read>
    <read><delim>\x0a</delim><match><data>\x7c!                        \x7c\x0a</data></match></read>
    <read><delim>\x0a</delim><match><data>\x7c!   \x2b             \x2b \x2b    \x7c\x0a</data></match></read>
    <read><delim>\x0a</delim><match><data>\x7c\x2b      \x2b                 \x7c\x0a</data></match></read>
    <read><delim>\x0a</delim><match><data>\x7c!                 \x2b      \x7c\x0a</data></match></read>
    <read><delim>\x0a</delim><match><data>\x7c!                        \x7c\x0a</data></match></read>
    <read><delim>\x0a</delim><match><data>\x7c!                        \x7c\x0a</data></match></read>
    <read><delim>\x0a</delim><match><data>\x7c!                        \x7c\x0a</data></match></read>
    <read><delim>\x0a</delim><match><data>\x7c!                        \x7c\x0a</data></match></read>
    <read><delim>\x0a</delim><match><data>\x7c!                        \x7c\x0a</data></match></read>
    <read><delim>\x0a</delim><match><data>\x7c!                        \x7c\x0a</data></match></read>
    <read><delim>\x0a</delim><match><data>\x7cW                        \x7c\x0a</data></match></read>
    <read><delim>\x0a</delim><match><data>\x7c                         \x7c\x0a</data></match></read>
    <read><delim>\x0a</delim><match><data>\x2d\x2d\x2d\x2d\x2d\x2d\x2d\x2d\x2d\x2d\x2d\x2d\x2d\x2d\x2d\x2d\x2d\x2d\x2d\x2d\x2d\x2d\x2d\x2d\x2d\x2d\x2d\x0a</data></match></read>
    <read><delim>\x0a</delim><match><data>\x09\x09Level \x231\x0a</data></match></read>
    <write><data>t\x0a</data></write>
    <read><delim>\x0a</delim><match><data>\x09Welcome to Attackers General fkbucrzkdpaafeqprfdvhsflyujgnert!\x0a</data></match></read>
    <read><delim>\x0a</delim><match><data>\x2d\x2d\x2d\x2d\x2d\x2d\x2d\x2d\x2d\x2d\x2d\x2d\x2d\x2d\x2d\x2d\x2d\x2d\x2d\x2d\x2d\x2d\x2d\x2d\x2d\x2d\x2d\x0a</data></match></read>
    <read><delim>\x0a</delim><match><data>\x7c     \x23  \x23       \x23 \x23   \x23  \x7c\x0a</data></match></read>
    <read><delim>\x0a</delim><match><data>\x7c\x23 \x23   \x23   \x23  \x23\x23     \x23    \x7c\x0a</data></match></read>
    <read><delim>\x0a</delim><match><data>\x7c\x23        \x23 \x23\x23 \x23   \x23 \x23 \x23  \x7c\x0a</data></match></read>
    <read><delim>\x0a</delim><match><data>\x7c   \x23 \x23 \x23        \x23        \x7c\x0a</data></match></read>
    <read><delim>\x0a</delim><match><data>\x7c   \x2b \x2b \x2b                 \x7c\x0a</data></match></read>
    <read><delim>\x0a</delim><match><data>\x7c     \x2b        \x2b          \x7c\x0a</data></match></read>
    <read><delim>\x0a</delim><match><data>\x7c              \x2b          \x7c\x0a</data></match></read>
    <read><delim>\x0a</delim><match><data>\x7c\x2b                        \x7c\x0a</data></match></read>
    <read><delim>\x0a</delim><match><data>\x7c             \x2b           \x7c\x0a</data></match></read>
    <read><delim>\x0a</delim><match><data>\x7c!            \x2b     \x2b     \x7c\x0a</data></match></read>
    <read><delim>\x0a</delim><match><data>\x7c           \x2b             \x7c\x0a</data></match></read>
    <read><delim>\x0a</delim><match><data>\x7c!    \x2b     \x2b     \x2b       \x7c\x0a</data></match></read>
    <read><delim>\x0a</delim><match><data>\x7c!  \x2b       \x2b     \x2b       \x7c\x0a</data></match></read>
    <read><delim>\x0a</delim><match><data>\x7c!                \x2b       \x7c\x0a</data></match></read>
    <read><delim>\x0a</delim><match><data>\x7c!                        \x7c\x0a</data></match></read>
    <read><delim>\x0a</delim><match><data>\x7c!   \x2b             \x2b \x2b    \x7c\x0a</data></match></read>
    <read><delim>\x0a</delim><match><data>\x7c\x2b      \x2b                 \x7c\x0a</data></match></read>
    <read><delim>\x0a</delim><match><data>\x7c!                 \x2b      \x7c\x0a</data></match></read>
    <read><delim>\x0a</delim><match><data>\x7c!                        \x7c\x0a</data></match></read>
    <read><delim>\x0a</delim><match><data>\x7c!                        \x7c\x0a</data></match></read>
    <read><delim>\x0a</delim><match><data>\x7c!                        \x7c\x0a</data></match></read>
    <read><delim>\x0a</delim><match><data>\x7c!                        \x7c\x0a</data></match></read>
    <read><delim>\x0a</delim><match><data>\x7c!                        \x7c\x0a</data></match></read>
    <read><delim>\x0a</delim><match><data>\x7cW                        \x7c\x0a</data></match></read>
    <read><delim>\x0a</delim><match><data>\x7c                         \x7c\x0a</data></match></read>
    <read><delim>\x0a</delim><match><data>\x2d\x2d\x2d\x2d\x2d\x2d\x2d\x2d\x2d\x2d\x2d\x2d\x2d\x2d\x2d\x2d\x2d\x2d\x2d\x2d\x2d\x2d\x2d\x2d\x2d\x2d\x2d\x0a</data></match></read>
    <read><delim>\x0a</delim><match><data>\x09\x09Level \x231\x0a</data></match></read>
    <write><data>n\x0a</data></write>
    <read><delim>\x0a</delim><match><data>\x09Welcome to Attackers General fkbucrzkdpaafeqprfdvhsflyujgnert!\x0a</data></match></read>
    <read><delim>\x0a</delim><match><data>\x2d\x2d\x2d\x2d\x2d\x2d\x2d\x2d\x2d\x2d\x2d\x2d\x2d\x2d\x2d\x2d\x2d\x2d\x2d\x2d\x2d\x2d\x2d\x2d\x2d\x2d\x2d\x0a</data></match></read>
    <read><delim>\x0a</delim><match><data>\x7c         \x23      \x23 \x23   \x23  \x7c\x0a</data></match></read>
    <read><delim>\x0a</delim><match><data>\x7c \x23\x23  \x23\x23    \x23\x23  \x23    \x23    \x7c\x0a</data></match></read>
    <read><delim>\x0a</delim><match><data>\x7c\x23       \x23   \x23     \x23  \x23\x23  \x7c\x0a</data></match></read>
    <read><delim>\x0a</delim><match><data>\x7c   \x23 \x23 \x23   \x23  \x23 \x23     \x2b  \x7c\x0a</data></match></read>
    <read><delim>\x0a</delim><match><data>\x7c   \x2b \x2b                   \x7c\x0a</data></match></read>
    <read><delim>\x0a</delim><match><data>\x7c   \x2b \x2b \x2b                 \x7c\x0a</data></match></read>
    <read><delim>\x0a</delim><match><data>\x7c     \x2b        \x2b          \x7c\x0a</data></match></read>
    <read><delim>\x0a</delim><match><data>\x7c              \x2b          \x7c\x0a</data></match></read>
    <read><delim>\x0a</delim><match><data>\x7c\x2b                        \x7c\x0a</data></match></read>
    <read><delim>\x0a</delim><match><data>\x7c             \x2b           \x7c\x0a</data></match></read>
    <read><delim>\x0a</delim><match><data>\x7c!            \x2b     \x2b     \x7c\x0a</data></match></read>
    <read><delim>\x0a</delim><match><data>\x7c!          \x2b             \x7c\x0a</data></match></read>
    <read><delim>\x0a</delim><match><data>\x7c!    \x2b     \x2b     \x2b       \x7c\x0a</data></match></read>
    <read><delim>\x0a</delim><match><data>\x7c!  \x2b       \x2b     \x2b       \x7c\x0a</data></match></read>
    <read><delim>\x0a</delim><match><data>\x7c!                \x2b       \x7c\x0a</data></match></read>
    <read><delim>\x0a</delim><match><data>\x7c!                        \x7c\x0a</data></match></read>
    <read><delim>\x0a</delim><match><data>\x7c!   \x2b             \x2b \x2b    \x7c\x0a</data></match></read>
    <read><delim>\x0a</delim><match><data>\x7c\x2b      \x2b                 \x7c\x0a</data></match></read>
    <read><delim>\x0a</delim><match><data>\x7c!                 \x2b      \x7c\x0a</data></match></read>
    <read><delim>\x0a</delim><match><data>\x7c!                        \x7c\x0a</data></match></read>
    <read><delim>\x0a</delim><match><data>\x7c!                        \x7c\x0a</data></match></read>
    <read><delim>\x0a</delim><match><data>\x7c!                        \x7c\x0a</data></match></read>
    <read><delim>\x0a</delim><match><data>\x7c!                        \x7c\x0a</data></match></read>
    <read><delim>\x0a</delim><match><data>\x7cW                        \x7c\x0a</data></match></read>
    <read><delim>\x0a</delim><match><data>\x7c                         \x7c\x0a</data></match></read>
    <read><delim>\x0a</delim><match><data>\x2d\x2d\x2d\x2d\x2d\x2d\x2d\x2d\x2d\x2d\x2d\x2d\x2d\x2d\x2d\x2d\x2d\x2d\x2d\x2d\x2d\x2d\x2d\x2d\x2d\x2d\x2d\x0a</data></match></read>
    <read><delim>\x0a</delim><match><data>\x09\x09Level \x231\x0a</data></match></read>
    <write><data>h\x0a</data></write>
    <read><delim>\x0a</delim><match><data>\x09Welcome to Attackers General fkbucrzkdpaafeqprfdvhsflyujgnert!\x0a</data></match></read>
    <read><delim>\x0a</delim><match><data>\x2d\x2d\x2d\x2d\x2d\x2d\x2d\x2d\x2d\x2d\x2d\x2d\x2d\x2d\x2d\x2d\x2d\x2d\x2d\x2d\x2d\x2d\x2d\x2d\x2d\x2d\x2d\x0a</data></match></read>
    <read><delim>\x0a</delim><match><data>\x7c         \x23  \x23     \x23    \x23 \x7c\x0a</data></match></read>
    <read><delim>\x0a</delim><match><data>\x7c \x23 \x23\x23  \x23  \x23    \x23\x23   \x23    \x7c\x0a</data></match></read>
    <read><delim>\x0a</delim><match><data>\x7c\x23    \x23   \x23  \x23 \x23   \x23   \x23  \x7c\x0a</data></match></read>
    <read><delim>\x0a</delim><match><data>\x7c\x2b \x23   \x23    \x23\x2b   \x23 \x2b  \x23\x2b  \x7c\x0a</data></match></read>
    <read><delim>\x0a</delim><match><data>\x7c                      \x2b  \x7c\x0a</data></match></read>
    <read><delim>\x0a</delim><match><data>\x7c   \x2b \x2b                   \x7c\x0a</data></match></read>
    <read><delim>\x0a</delim><match><data>\x7c   \x2b \x2b \x2b                 \x7c\x0a</data></match></read>
    <read><delim>\x0a</delim><match><data>\x7c!    \x2b        \x2b          \x7c\x0a</data></match></read>
    <read><delim>\x0a</delim><match><data>\x7c              \x2b          \x7c\x0a</data></match></read>
    <read><delim>\x0a</delim><match><data>\x7c\x2b                        \x7c\x0a</data></match></read>
    <read><delim>\x0a</delim><match><data>\x7c!            \x2b           \x7c\x0a</data></match></read>
    <read><delim>\x0a</delim><match><data>\x7c!            \x2b     \x2b     \x7c\x0a</data></match></read>
    <read><delim>\x0a</delim><match><data>\x7c!          \x2b             \x7c\x0a</data></match></read>
    <read><delim>\x0a</delim><match><data>\x7c!    \x2b     \x2b     \x2b       \x7c\x0a</data></match></read>
    <read><delim>\x0a</delim><match><data>\x7c!  \x2b       \x2b     \x2b       \x7c\x0a</data></match></read>
    <read><delim>\x0a</delim><match><data>\x7c!                \x2b       \x7c\x0a</data></match></read>
    <read><delim>\x0a</delim><match><data>\x7c!                        \x7c\x0a</data></match></read>
    <read><delim>\x0a</delim><match><data>\x7c!   \x2b             \x2b \x2b    \x7c\x0a</data></match></read>
    <read><delim>\x0a</delim><match><data>\x7c\x2b      \x2b                 \x7c\x0a</data></match></read>
    <read><delim>\x0a</delim><match><data>\x7c!                 \x2b      \x7c\x0a</data></match></read>
    <read><delim>\x0a</delim><match><data>\x7c!                        \x7c\x0a</data></match></read>
    <read><delim>\x0a</delim><match><data>\x7c!                        \x7c\x0a</data></match></read>
    <read><delim>\x0a</delim><match><data>\x7c!                        \x7c\x0a</data></match></read>
    <read><delim>\x0a</delim><match><data>\x7cW                        \x7c\x0a</data></match></read>
    <read><delim>\x0a</delim><match><data>\x7c                         \x7c\x0a</data></match></read>
    <read><delim>\x0a</delim><match><data>\x2d\x2d\x2d\x2d\x2d\x2d\x2d\x2d\x2d\x2d\x2d\x2d\x2d\x2d\x2d\x2d\x2d\x2d\x2d\x2d\x2d\x2d\x2d\x2d\x2d\x2d\x2d\x0a</data></match></read>
    <read><delim>\x0a</delim><match><data>\x09\x09Level \x231\x0a</data></match></read>
    <write><data>k\x0a</data></write>
    <read><delim>\x0a</delim><match><data>\x09Welcome to Attackers General fkbucrzkdpaafeqprfdvhsflyujgnert!\x0a</data></match></read>
    <read><delim>\x0a</delim><match><data>\x2d\x2d\x2d\x2d\x2d\x2d\x2d\x2d\x2d\x2d\x2d\x2d\x2d\x2d\x2d\x2d\x2d\x2d\x2d\x2d\x2d\x2d\x2d\x2d\x2d\x2d\x2d\x0a</data></match></read>
    <read><delim>\x0a</delim><match><data>\x7c       \x23 \x23\x23 \x23     \x23 \x23  \x23 \x7c\x0a</data></match></read>
    <read><delim>\x0a</delim><match><data>\x7c\x23 \x23 \x23          \x23\x23        \x7c\x0a</data></match></read>
    <read><delim>\x0a</delim><match><data>\x7c     \x23   \x23 \x23\x23            \x7c\x0a</data></match></read>
    <read><delim>\x0a</delim><match><data>\x7c\x23 \x23  \x2b\x23  \x2b    \x23  \x23\x23  \x23\x23  \x7c\x0a</data></match></read>
    <read><delim>\x0a</delim><match><data>\x7c\x2b     \x2b     \x2b     \x2b   \x2b  \x7c\x0a</data></match></read>
    <read><delim>\x0a</delim><match><data>\x7c                      \x2b  \x7c\x0a</data></match></read>
    <read><delim>\x0a</delim><match><data>\x7c!  \x2b \x2b                   \x7c\x0a</data></match></read>
    <read><delim>\x0a</delim><match><data>\x7c   \x2b \x2b \x2b                 \x7c\x0a</data></match></read>
    <read><delim>\x0a</delim><match><data>\x7c!    \x2b        \x2b          \x7c\x0a</data></match></read>
    <read><delim>\x0a</delim><match><data>\x7c!             \x2b          \x7c\x0a</data></match></read>
    <read><delim>\x0a</delim><match><data>\x7c\x2b                        \x7c\x0a</data></match></read>
    <read><delim>\x0a</delim><match><data>\x7c!            \x2b           \x7c\x0a</data></match></read>
    <read><delim>\x0a</delim><match><data>\x7c!            \x2b     \x2b     \x7c\x0a</data></match></read>
    <read><delim>\x0a</delim><match><data>\x7c!          \x2b             \x7c\x0a</data></match></read>
    <read><delim>\x0a</delim><match><data>\x7c!    \x2b     \x2b     \x2b       \x7c\x0a</data></match></read>
    <read><delim>\x0a</delim><match><data>\x7c!  \x2b       \x2b     \x2b       \x7c\x0a</data></match></read>
    <read><delim>\x0a</delim><match><data>\x7c!                \x2b       \x7c\x0a</data></match></read>
    <read><delim>\x0a</delim><match><data>\x7c!                        \x7c\x0a</data></match></read>
    <read><delim>\x0a</delim><match><data>\x7c!   \x2b             \x2b \x2b    \x7c\x0a</data></match></read>
    <read><delim>\x0a</delim><match><data>\x7c\x2b      \x2b                 \x7c\x0a</data></match></read>
    <read><delim>\x0a</delim><match><data>\x7c!                 \x2b      \x7c\x0a</data></match></read>
    <read><delim>\x0a</delim><match><data>\x7c!                        \x7c\x0a</data></match></read>
    <read><delim>\x0a</delim><match><data>\x7c!                        \x7c\x0a</data></match></read>
    <read><delim>\x0a</delim><match><data>\x7cW                        \x7c\x0a</data></match></read>
    <read><delim>\x0a</delim><match><data>\x7c                         \x7c\x0a</data></match></read>
    <read><delim>\x0a</delim><match><data>\x2d\x2d\x2d\x2d\x2d\x2d\x2d\x2d\x2d\x2d\x2d\x2d\x2d\x2d\x2d\x2d\x2d\x2d\x2d\x2d\x2d\x2d\x2d\x2d\x2d\x2d\x2d\x0a</data></match></read>
    <read><delim>\x0a</delim><match><data>\x09\x09Level \x231\x0a</data></match></read>
    <write><data>f\x0a</data></write>
    <read><delim>\x0a</delim><match><data>\x09Welcome to Attackers General fkbucrzkdpaafeqprfdvhsflyujgnert!\x0a</data></match></read>
    <read><delim>\x0a</delim><match><data>\x2d\x2d\x2d\x2d\x2d\x2d\x2d\x2d\x2d\x2d\x2d\x2d\x2d\x2d\x2d\x2d\x2d\x2d\x2d\x2d\x2d\x2d\x2d\x2d\x2d\x2d\x2d\x0a</data></match></read>
    <read><delim>\x0a</delim><match><data>\x7c  \x23    \x23 \x23\x23       \x23  \x23 \x23 \x7c\x0a</data></match></read>
    <read><delim>\x0a</delim><match><data>\x7c\x23    \x23      \x23 \x23  \x23       \x7c\x0a</data></match></read>
    <read><delim>\x0a</delim><match><data>\x7c  \x23  \x23\x23 \x23 \x23  \x23\x23          \x7c\x0a</data></match></read>
    <read><delim>\x0a</delim><match><data>\x7c \x23              \x23 \x23 \x23  \x23 \x7c\x0a</data></match></read>
    <read><delim>\x0a</delim><match><data>\x7c     \x2b   \x2b               \x7c\x0a</data></match></read>
    <read><delim>\x0a</delim><match><data>\x7c\x2b     \x2b     \x2b     \x2b   \x2b  \x7c\x0a</data></match></read>
    <read><delim>\x0a</delim><match><data>\x7c                      \x2b  \x7c\x0a</data></match></read>
    <read><delim>\x0a</delim><match><data>\x7c!  \x2b \x2b                   \x7c\x0a</data></match></read>
    <read><delim>\x0a</delim><match><data>\x7c!  \x2b \x2b \x2b                 \x7c\x0a</data></match></read>
    <read><delim>\x0a</delim><match><data>\x7c!    \x2b        \x2b          \x7c\x0a</data></match></read>
    <read><delim>\x0a</delim><match><data>\x7c!             \x2b          \x7c\x0a</data></match></read>
    <read><delim>\x0a</delim><match><data>\x7c\x2b                        \x7c\x0a</data></match></read>
    <read><delim>\x0a</delim><match><data>\x7c!            \x2b           \x7c\x0a</data></match></read>
    <read><delim>\x0a</delim><match><data>\x7c!            \x2b     \x2b     \x7c\x0a</data></match></read>
    <read><delim>\x0a</delim><match><data>\x7c!          \x2b             \x7c\x0a</data></match></read>
    <read><delim>\x0a</delim><match><data>\x7c!    \x2b     \x2b     \x2b       \x7c\x0a</data></match></read>
    <read><delim>\x0a</delim><match><data>\x7c!  \x2b       \x2b     \x2b       \x7c\x0a</data></match></read>
    <read><delim>\x0a</delim><match><data>\x7c!                \x2b       \x7c\x0a</data></match></read>
    <read><delim>\x0a</delim><match><data>\x7c!                        \x7c\x0a</data></match></read>
    <read><delim>\x0a</delim><match><data>\x7c!   \x2b             \x2b \x2b    \x7c\x0a</data></match></read>
    <read><delim>\x0a</delim><match><data>\x7c\x2b      \x2b                 \x7c\x0a</data></match></read>
    <read><delim>\x0a</delim><match><data>\x7c!                 \x2b      \x7c\x0a</data></match></read>
    <read><delim>\x0a</delim><match><data>\x7c!                        \x7c\x0a</data></match></read>
    <read><delim>\x0a</delim><match><data>\x7cW                        \x7c\x0a</data></match></read>
    <read><delim>\x0a</delim><match><data>\x7c                         \x7c\x0a</data></match></read>
    <read><delim>\x0a</delim><match><data>\x2d\x2d\x2d\x2d\x2d\x2d\x2d\x2d\x2d\x2d\x2d\x2d\x2d\x2d\x2d\x2d\x2d\x2d\x2d\x2d\x2d\x2d\x2d\x2d\x2d\x2d\x2d\x0a</data></match></read>
    <read><delim>\x0a</delim><match><data>\x09\x09Level \x231\x0a</data></match></read>
    <write><data>t\x0a</data></write>
    <read><delim>\x0a</delim><match><data>\x09Welcome to Attackers General fkbucrzkdpaafeqprfdvhsflyujgnert!\x0a</data></match></read>
    <read><delim>\x0a</delim><match><data>\x2d\x2d\x2d\x2d\x2d\x2d\x2d\x2d\x2d\x2d\x2d\x2d\x2d\x2d\x2d\x2d\x2d\x2d\x2d\x2d\x2d\x2d\x2d\x2d\x2d\x2d\x2d\x0a</data></match></read>
    <read><delim>\x0a</delim><match><data>\x7c                         \x7c\x0a</data></match></read>
    <read><delim>\x0a</delim><match><data>\x7c     \x23  \x23  \x23\x23    \x23       \x7c\x0a</data></match></read>
    <read><delim>\x0a</delim><match><data>\x7c\x23 \x23    \x23      \x23   \x23  \x23 \x23 \x7c\x0a</data></match></read>
    <read><delim>\x0a</delim><match><data>\x7c  \x23     \x23    \x23\x23     \x23  \x23 \x7c\x0a</data></match></read>
    <read><delim>\x0a</delim><match><data>\x7c!\x23\x2b  \x23\x23   \x23  \x2b\x2b  \x23\x23      \x7c\x0a</data></match></read>
    <read><delim>\x0a</delim><match><data>\x7c \x2b   \x2b   \x2b               \x7c\x0a</data></match></read>
    <read><delim>\x0a</delim><match><data>\x7c\x2b     \x2b     \x2b     \x2b   \x2b  \x7c\x0a</data></match></read>
    <read><delim>\x0a</delim><match><data>\x7c!                     \x2b  \x7c\x0a</data></match></read>
    <read><delim>\x0a</delim><match><data>\x7c!  \x2b \x2b                   \x7c\x0a</data></match></read>
    <read><delim>\x0a</delim><match><data>\x7c!  \x2b \x2b \x2b                 \x7c\x0a</data></match></read>
    <read><delim>\x0a</delim><match><data>\x7c!    \x2b        \x2b          \x7c\x0a</data></match></read>
    <read><delim>\x0a</delim><match><data>\x7c!             \x2b          \x7c\x0a</data></match></read>
    <read><delim>\x0a</delim><match><data>\x7c\x2b                        \x7c\x0a</data></match></read>
    <read><delim>\x0a</delim><match><data>\x7c!            \x2b           \x7c\x0a</data></match></read>
    <read><delim>\x0a</delim><match><data>\x7c!            \x2b     \x2b     \x7c\x0a</data></match></read>
    <read><delim>\x0a</delim><match><data>\x7c!          \x2b             \x7c\x0a</data></match></read>
    <read><delim>\x0a</delim><match><data>\x7c!    \x2b     \x2b     \x2b       \x7c\x0a</data></match></read>
    <read><delim>\x0a</delim><match><data>\x7c!  \x2b       \x2b     \x2b       \x7c\x0a</data></match></read>
    <read><delim>\x0a</delim><match><data>\x7c!                \x2b       \x7c\x0a</data></match></read>
    <read><delim>\x0a</delim><match><data>\x7c!                        \x7c\x0a</data></match></read>
    <read><delim>\x0a</delim><match><data>\x7c!   \x2b             \x2b \x2b    \x7c\x0a</data></match></read>
    <read><delim>\x0a</delim><match><data>\x7c\x2b      \x2b                 \x7c\x0a</data></match></read>
    <read><delim>\x0a</delim><match><data>\x7c!                 \x2b      \x7c\x0a</data></match></read>
    <read><delim>\x0a</delim><match><data>\x7cW                        \x7c\x0a</data></match></read>
    <read><delim>\x0a</delim><match><data>\x7c                         \x7c\x0a</data></match></read>
    <read><delim>\x0a</delim><match><data>\x2d\x2d\x2d\x2d\x2d\x2d\x2d\x2d\x2d\x2d\x2d\x2d\x2d\x2d\x2d\x2d\x2d\x2d\x2d\x2d\x2d\x2d\x2d\x2d\x2d\x2d\x2d\x0a</data></match></read>
    <read><delim>\x0a</delim><match><data>\x09\x09Level \x232\x0a</data></match></read>
    <write><data>m\x0a</data></write>
    <read><delim>\x0a</delim><match><data>\x09Welcome to Attackers General fkbucrzkdpaafeqprfdvhsflyujgnert!\x0a</data></match></read>
    <read><delim>\x0a</delim><match><data>\x2d\x2d\x2d\x2d\x2d\x2d\x2d\x2d\x2d\x2d\x2d\x2d\x2d\x2d\x2d\x2d\x2d\x2d\x2d\x2d\x2d\x2d\x2d\x2d\x2d\x2d\x2d\x0a</data></match></read>
    <read><delim>\x0a</delim><match><data>\x7c                         \x7c\x0a</data></match></read>
    <read><delim>\x0a</delim><match><data>\x7c         \x23 \x23 \x23\x23          \x7c\x0a</data></match></read>
    <read><delim>\x0a</delim><match><data>\x7c \x23 \x23 \x23\x23          \x23\x23  \x23\x23  \x7c\x0a</data></match></read>
    <read><delim>\x0a</delim><match><data>\x7c!  \x23 \x23      \x23 \x23     \x23 \x23  \x7c\x0a</data></match></read>
    <read><delim>\x0a</delim><match><data>\x7c\x23     \x23 \x23 \x23     \x23  \x23     \x7c\x0a</data></match></read>
    <read><delim>\x0a</delim><match><data>\x7c! \x2b   \x2b   \x2b  \x2b\x2b          \x7c\x0a</data></match></read>
    <read><delim>\x0a</delim><match><data>\x7c!\x2b   \x2b   \x2b               \x7c\x0a</data></match></read>
    <read><delim>\x0a</delim><match><data>\x7c\x2b     \x2b     \x2b     \x2b   \x2b  \x7c\x0a</data></match></read>
    <read><delim>\x0a</delim><match><data>\x7c!                     \x2b  \x7c\x0a</data></match></read>
    <read><delim>\x0a</delim><match><data>\x7c!  \x2b \x2b                   \x7c\x0a</data></match></read>
    <read><delim>\x0a</delim><match><data>\x7c!  \x2b \x2b \x2b                 \x7c\x0a</data></match></read>
    <read><delim>\x0a</delim><match><data>\x7c!    \x2b        \x2b          \x7c\x0a</data></match></read>
    <read><delim>\x0a</delim><match><data>\x7c!             \x2b          \x7c\x0a</data></match></read>
    <read><delim>\x0a</delim><match><data>\x7c\x2b                        \x7c\x0a</data></match></read>
    <read><delim>\x0a</delim><match><data>\x7c!            \x2b           \x7c\x0a</data></match></read>
    <read><delim>\x0a</delim><match><data>\x7c!            \x2b     \x2b     \x7c\x0a</data></match></read>
    <read><delim>\x0a</delim><match><data>\x7c!          \x2b             \x7c\x0a</data></match></read>
    <read><delim>\x0a</delim><match><data>\x7c!    \x2b     \x2b     \x2b       \x7c\x0a</data></match></read>
    <read><delim>\x0a</delim><match><data>\x7c!  \x2b       \x2b     \x2b       \x7c\x0a</data></match></read>
    <read><delim>\x0a</delim><match><data>\x7c!                \x2b       \x7c\x0a</data></match></read>
    <read><delim>\x0a</delim><match><data>\x7c!                        \x7c\x0a</data></match></read>
    <read><delim>\x0a</delim><match><data>\x7c!   \x2b             \x2b \x2b    \x7c\x0a</data></match></read>
    <read><delim>\x0a</delim><match><data>\x7c\x2b      \x2b                 \x7c\x0a</data></match></read>
    <read><delim>\x0a</delim><match><data>\x7cW                 \x2b      \x7c\x0a</data></match></read>
    <read><delim>\x0a</delim><match><data>\x7c                         \x7c\x0a</data></match></read>
    <read><delim>\x0a</delim><match><data>\x2d\x2d\x2d\x2d\x2d\x2d\x2d\x2d\x2d\x2d\x2d\x2d\x2d\x2d\x2d\x2d\x2d\x2d\x2d\x2d\x2d\x2d\x2d\x2d\x2d\x2d\x2d\x0a</data></match></read>
    <read><delim>\x0a</delim><match><data>\x09\x09Level \x232\x0a</data></match></read>
    <write><data>w\x0a</data></write>
    <read><delim>\x0a</delim><match><data>\x09Welcome to Attackers General fkbucrzkdpaafeqprfdvhsflyujgnert!\x0a</data></match></read>
    <read><delim>\x0a</delim><match><data>\x2d\x2d\x2d\x2d\x2d\x2d\x2d\x2d\x2d\x2d\x2d\x2d\x2d\x2d\x2d\x2d\x2d\x2d\x2d\x2d\x2d\x2d\x2d\x2d\x2d\x2d\x2d\x0a</data></match></read>
    <read><delim>\x0a</delim><match><data>\x7c                         \x7c\x0a</data></match></read>
    <read><delim>\x0a</delim><match><data>\x7c      \x23   \x23 \x23 \x23          \x7c\x0a</data></match></read>
    <read><delim>\x0a</delim><match><data>\x7c!\x23 \x23 \x23   \x23       \x23 \x23\x23 \x23  \x7c\x0a</data></match></read>
    <read><delim>\x0a</delim><match><data>\x7c\x23 \x23  \x23        \x23      \x23 \x23 \x7c\x0a</data></match></read>
    <read><delim>\x0a</delim><match><data>\x7c!    \x2b\x23 \x23  \x23\x23    \x23\x23      \x7c\x0a</data></match></read>
    <read><delim>\x0a</delim><match><data>\x7c!     \x2b                  \x7c\x0a</data></match></read>
    <read><delim>\x0a</delim><match><data>\x7c! \x2b   \x2b   \x2b  \x2b\x2b          \x7c\x0a</data></match></read>
    <read><delim>\x0a</delim><match><data>\x7c!\x2b   \x2b   \x2b               \x7c\x0a</data></match></read>
    <read><delim>\x0a</delim><match><data>\x7c\x2b     \x2b     \x2b     \x2b   \x2b  \x7c\x0a</data></match></read>
    <read><delim>\x0a</delim><match><data>\x7c!                     \x2b  \x7c\x0a</data></match></read>
    <read><delim>\x0a</delim><match><data>\x7c!  \x2b \x2b                   \x7c\x0a</data></match></read>
    <read><delim>\x0a</delim><match><data>\x7c!  \x2b \x2b \x2b                 \x7c\x0a</data></match></read>
    <read><delim>\x0a</delim><match><data>\x7c!    \x2b        \x2b          \x7c\x0a</data></match></read>
    <read><delim>\x0a</delim><match><data>\x7c!             \x2b          \x7c\x0a</data></match></read>
    <read><delim>\x0a</delim><match><data>\x7c\x2b                        \x7c\x0a</data></match></read>
    <read><delim>\x0a</delim><match><data>\x7c!            \x2b           \x7c\x0a</data></match></read>
    <read><delim>\x0a</delim><match><data>\x7c!            \x2b     \x2b     \x7c\x0a</data></match></read>
    <read><delim>\x0a</delim><match><data>\x7c!          \x2b             \x7c\x0a</data></match></read>
    <read><delim>\x0a</delim><match><data>\x7c!    \x2b     \x2b     \x2b       \x7c\x0a</data></match></read>
    <read><delim>\x0a</delim><match><data>\x7c!  \x2b       \x2b     \x2b       \x7c\x0a</data></match></read>
    <read><delim>\x0a</delim><match><data>\x7c!                \x2b       \x7c\x0a</data></match></read>
    <read><delim>\x0a</delim><match><data>\x7c!                        \x7c\x0a</data></match></read>
    <read><delim>\x0a</delim><match><data>\x7c!   \x2b             \x2b \x2b    \x7c\x0a</data></match></read>
    <read><delim>\x0a</delim><match><data>\x7cW      \x2b                 \x7c\x0a</data></match></read>
    <read><delim>\x0a</delim><match><data>\x7c                  \x2b      \x7c\x0a</data></match></read>
    <read><delim>\x0a</delim><match><data>\x2d\x2d\x2d\x2d\x2d\x2d\x2d\x2d\x2d\x2d\x2d\x2d\x2d\x2d\x2d\x2d\x2d\x2d\x2d\x2d\x2d\x2d\x2d\x2d\x2d\x2d\x2d\x0a</data></match></read>
    <read><delim>\x0a</delim><match><data>\x09\x09Level \x232\x0a</data></match></read>
    <read><delim>\x0a</delim><match><data>\x09\x09you lose\x0a</data></match></read>
    <read><delim>\x0a</delim><match><data>\x0a</data></match></read>
    <read><delim>\x0a</delim><match><data>\x0a</data></match></read>
    <read><delim>\x0a</delim><match><data>\x0a</data></match></read>
    <read><delim>\x0a</delim><match><data>\x0a</data></match></read>
</replay>
</pov>