<?xml version="1.0" standalone="no" ?>
<!DOCTYPE pov SYSTEM "/usr/share/cgc-docs/replay.dtd">
<pov>
<cbid>service</cbid>
<seed>6fcf4073fa0b57d36c3873633b84ea19c609f6d23c92a26a1416bb3cd029bce7e4235c24ab90c1004e8efa366c5c66bd</seed>
<replay>
    <read><delim>\x0a</delim><match><data>Please input your name:\x0a</data></match></read>
    <write><data>ngpfsnvfhahmknlcvkzpxpmnrxiajygx\x0a</data></write>
    <write><data>b\x0a</data></write>
    <read><delim>\x0a</delim><match><data>\x09Welcome to Attackers General ngpfsnvfhahmknlcvkzpxpmnrxiajygx!\x0a</data></match></read>
    <read><delim>\x0a</delim><match><data>\x2d\x2d\x2d\x2d\x2d\x2d\x2d\x2d\x2d\x2d\x2d\x2d\x2d\x2d\x2d\x2d\x2d\x2d\x2d\x2d\x2d\x2d\x2d\x2d\x2d\x2d\x2d\x0a</data></match></read>
    <read><delim>\x0a</delim><match><data>\x7c\x23 \x23 \x23 \x23 \x23 \x23 \x23 \x23 \x23 \x23 \x23 \x23  \x7c\x0a</data></match></read>
    <read><delim>\x0a</delim><match><data>\x7c                         \x7c\x0a</data></match></read>
    <read><delim>\x0a</delim><match><data>\x7c\x23 \x23 \x23 \x23 \x23 \x23 \x23 \x23 \x23 \x23 \x23 \x23  \x7c\x0a</data></match></read>
    <read><delim>\x0a</delim><match><data>\x7c                         \x7c\x0a</data></match></read>
    <read><delim>\x0a</delim><match><data>\x7c                         \x7c\x0a</data></match></read>
    <read><delim>\x0a</delim><match><data>\x7c                         \x7c\x0a</data></match></read>
    <read><delim>\x0a</delim><match><data>\x7c                         \x7c\x0a</data></match></read>
    <read><delim>\x0a</delim><match><data>\x7c                         \x7c\x0a</data></match></read>
    <read><delim>\x0a</delim><match><data>\x7c                         \x7c\x0a</data></match></read>
    <read><delim>\x0a</delim><match><data>\x7c                         \x7c\x0a</data></match></read>
    <read><delim>\x0a</delim><match><data>\x7c                         \x7c\x0a</data></match></read>
    <read><delim>\x0a</delim><match><data>\x7c                         \x7c\x0a</data></match></read>
    <read><delim>\x0a</delim><match><data>\x7c                         \x7c\x0a</data></match></read>
    <read><delim>\x0a</delim><match><data>\x7c                         \x7c\x0a</data></match></read>
    <read><delim>\x0a</delim><match><data>\x7c                         \x7c\x0a</data></match></read>
    <read><delim>\x0a</delim><match><data>\x7c                         \x7c\x0a</data></match></read>
    <read><delim>\x0a</delim><match><data>\x7c                         \x7c\x0a</data></match></read>
    <read><delim>\x0a</delim><match><data>\x7c                         \x7c\x0a</data></match></read>
    <read><delim>\x0a</delim><match><data>\x7c                         \x7c\x0a</data></match></read>
    <read><delim>\x0a</delim><match><data>\x7c                         \x7c\x0a</data></match></read>
    <read><delim>\x0a</delim><match><data>\x7c                         \x7c\x0a</data></match></read>
    <read><delim>\x0a</delim><match><data>\x7c                         \x7c\x0a</data></match></read>
    <read><delim>\x0a</delim><match><data>\x7c                         \x7c\x0a</data></match></read>
    <read><delim>\x0a</delim><match><data>\x7c                         \x7c\x0a</data></match></read>
    <read><delim>\x0a</delim><match><data>\x7cW                        \x7c\x0a</data></match></read>
    <read><delim>\x0a</delim><match><data>\x2d\x2d\x2d\x2d\x2d\x2d\x2d\x2d\x2d\x2d\x2d\x2d\x2d\x2d\x2d\x2d\x2d\x2d\x2d\x2d\x2d\x2d\x2d\x2d\x2d\x2d\x2d\x0a</data></match></read>
    <read><delim>\x0a</delim><match><data>\x09\x09Level \x231\x0a</data></match></read>
    <write><data>k\x0a</data></write>
    <read><delim>\x0a</delim><match><data>\x09Welcome to Attackers General ngpfsnvfhahmknlcvkzpxpmnrxiajygx!\x0a</data></match></read>
    <read><delim>\x0a</delim><match><data>\x2d\x2d\x2d\x2d\x2d\x2d\x2d\x2d\x2d\x2d\x2d\x2d\x2d\x2d\x2d\x2d\x2d\x2d\x2d\x2d\x2d\x2d\x2d\x2d\x2d\x2d\x2d\x0a</data></match></read>
    <read><delim>\x0a</delim><match><data>\x7c\x23 \x23   \x23  \x23\x23 \x23 \x23   \x23 \x23 \x23  \x7c\x0a</data></match></read>
    <read><delim>\x0a</delim><match><data>\x7c    \x23           \x23        \x7c\x0a</data></match></read>
    <read><delim>\x0a</delim><match><data>\x7c \x23  \x23  \x23\x23 \x23  \x23 \x23\x23   \x23  \x23 \x7c\x0a</data></match></read>
    <read><delim>\x0a</delim><match><data>\x7c  \x23       \x2b     \x2b \x23      \x7c\x0a</data></match></read>
    <read><delim>\x0a</delim><match><data>\x7c                         \x7c\x0a</data></match></read>
    <read><delim>\x0a</delim><match><data>\x7c                         \x7c\x0a</data></match></read>
    <read><delim>\x0a</delim><match><data>\x7c                         \x7c\x0a</data></match></read>
    <read><delim>\x0a</delim><match><data>\x7c                         \x7c\x0a</data></match></read>
    <read><delim>\x0a</delim><match><data>\x7c                         \x7c\x0a</data></match></read>
    <read><delim>\x0a</delim><match><data>\x7c                         \x7c\x0a</data></match></read>
    <read><delim>\x0a</delim><match><data>\x7c                         \x7c\x0a</data></match></read>
    <read><delim>\x0a</delim><match><data>\x7c                         \x7c\x0a</data></match></read>
    <read><delim>\x0a</delim><match><data>\x7c                         \x7c\x0a</data></match></read>
    <read><delim>\x0a</delim><match><data>\x7c                         \x7c\x0a</data></match></read>
    <read><delim>\x0a</delim><match><data>\x7c                         \x7c\x0a</data></match></read>
    <read><delim>\x0a</delim><match><data>\x7c                         \x7c\x0a</data></match></read>
    <read><delim>\x0a</delim><match><data>\x7c                         \x7c\x0a</data></match></read>
    <read><delim>\x0a</delim><match><data>\x7c                         \x7c\x0a</data></match></read>
    <read><delim>\x0a</delim><match><data>\x7c                         \x7c\x0a</data></match></read>
    <read><delim>\x0a</delim><match><data>\x7c                         \x7c\x0a</data></match></read>
    <read><delim>\x0a</delim><match><data>\x7c                         \x7c\x0a</data></match></read>
    <read><delim>\x0a</delim><match><data>\x7c                         \x7c\x0a</data></match></read>
    <read><delim>\x0a</delim><match><data>\x7c                         \x7c\x0a</data></match></read>
    <read><delim>\x0a</delim><match><data>\x7c!                        \x7c\x0a</data></match></read>
    <read><delim>\x0a</delim><match><data>\x7cW                        \x7c\x0a</data></match></read>
    <read><delim>\x0a</delim><match><data>\x2d\x2d\x2d\x2d\x2d\x2d\x2d\x2d\x2d\x2d\x2d\x2d\x2d\x2d\x2d\x2d\x2d\x2d\x2d\x2d\x2d\x2d\x2d\x2d\x2d\x2d\x2d\x0a</data></match></read>
    <read><delim>\x0a</delim><match><data>\x09\x09Level \x231\x0a</data></match></read>
    <write><data>j\x0a</data></write>
    <read><delim>\x0a</delim><match><data>\x09Welcome to Attackers General ngpfsnvfhahmknlcvkzpxpmnrxiajygx!\x0a</data></match></read>
    <read><delim>\x0a</delim><match><data>\x2d\x2d\x2d\x2d\x2d\x2d\x2d\x2d\x2d\x2d\x2d\x2d\x2d\x2d\x2d\x2d\x2d\x2d\x2d\x2d\x2d\x2d\x2d\x2d\x2d\x2d\x2d\x0a</data></match></read>
    <read><delim>\x0a</delim><match><data>\x7c\x23 \x23     \x23 \x23     \x23        \x7c\x0a</data></match></read>
    <read><delim>\x0a</delim><match><data>\x7c    \x23 \x23     \x23 \x23   \x23 \x23 \x23  \x7c\x0a</data></match></read>
    <read><delim>\x0a</delim><match><data>\x7c \x23\x23  \x23    \x23  \x23\x23   \x23  \x23   \x7c\x0a</data></match></read>
    <read><delim>\x0a</delim><match><data>\x7c \x2b     \x23\x23       \x23      \x23 \x7c\x0a</data></match></read>
    <read><delim>\x0a</delim><match><data>\x7c          \x2b     \x2b        \x7c\x0a</data></match></read>
    <read><delim>\x0a</delim><match><data>\x7c                         \x7c\x0a</data></match></read>
    <read><delim>\x0a</delim><match><data>\x7c                         \x7c\x0a</data></match></read>
    <read><delim>\x0a</delim><match><data>\x7c                         \x7c\x0a</data></match></read>
    <read><delim>\x0a</delim><match><data>\x7c                         \x7c\x0a</data></match></read>
    <read><delim>\x0a</delim><match><data>\x7c                         \x7c\x0a</data></match></read>
    <read><delim>\x0a</delim><match><data>\x7c                         \x7c\x0a</data></match></read>
    <read><delim>\x0a</delim><match><data>\x7c                         \x7c\x0a</data></match></read>
    <read><delim>\x0a</delim><match><data>\x7c                         \x7c\x0a</data></match></read>
    <read><delim>\x0a</delim><match><data>\x7c                         \x7c\x0a</data></match></read>
    <read><delim>\x0a</delim><match><data>\x7c                         \x7c\x0a</data></match></read>
    <read><delim>\x0a</delim><match><data>\x7c                         \x7c\x0a</data></match></read>
    <read><delim>\x0a</delim><match><data>\x7c                         \x7c\x0a</data></match></read>
    <read><delim>\x0a</delim><match><data>\x7c                         \x7c\x0a</data></match></read>
    <read><delim>\x0a</delim><match><data>\x7c                         \x7c\x0a</data></match></read>
    <read><delim>\x0a</delim><match><data>\x7c                         \x7c\x0a</data></match></read>
    <read><delim>\x0a</delim><match><data>\x7c                         \x7c\x0a</data></match></read>
    <read><delim>\x0a</delim><match><data>\x7c                         \x7c\x0a</data></match></read>
    <read><delim>\x0a</delim><match><data>\x7c!                        \x7c\x0a</data></match></read>
    <read><delim>\x0a</delim><match><data>\x7c!                        \x7c\x0a</data></match></read>
    <read><delim>\x0a</delim><match><data>\x7cW                        \x7c\x0a</data></match></read>
    <read><delim>\x0a</delim><match><data>\x2d\x2d\x2d\x2d\x2d\x2d\x2d\x2d\x2d\x2d\x2d\x2d\x2d\x2d\x2d\x2d\x2d\x2d\x2d\x2d\x2d\x2d\x2d\x2d\x2d\x2d\x2d\x0a</data></match></read>
    <read><delim>\x0a</delim><match><data>\x09\x09Level \x231\x0a</data></match></read>
    <write><data>b\x0a</data></write>
    <read><delim>\x0a</delim><match><data>\x09Welcome to Attackers General ngpfsnvfhahmknlcvkzpxpmnrxiajygx!\x0a</data></match></read>
    <read><delim>\x0a</delim><match><data>\x2d\x2d\x2d\x2d\x2d\x2d\x2d\x2d\x2d\x2d\x2d\x2d\x2d\x2d\x2d\x2d\x2d\x2d\x2d\x2d\x2d\x2d\x2d\x2d\x2d\x2d\x2d\x0a</data></match></read>
    <read><delim>\x0a</delim><match><data>\x7c\x23     \x23 \x23  \x23    \x23 \x23      \x7c\x0a</data></match></read>
    <read><delim>\x0a</delim><match><data>\x7c  \x23  \x23      \x23 \x23      \x23 \x23 \x7c\x0a</data></match></read>
    <read><delim>\x0a</delim><match><data>\x7c \x23 \x23 \x23       \x23           \x7c\x0a</data></match></read>
    <read><delim>\x0a</delim><match><data>\x7c \x2b    \x23  \x23\x23   \x23  \x23\x23  \x23 \x23 \x7c\x0a</data></match></read>
    <read><delim>\x0a</delim><match><data>\x7c \x2b                     \x2b \x7c\x0a</data></match></read>
    <read><delim>\x0a</delim><match><data>\x7c          \x2b     \x2b        \x7c\x0a</data></match></read>
    <read><delim>\x0a</delim><match><data>\x7c                         \x7c\x0a</data></match></read>
    <read><delim>\x0a</delim><match><data>\x7c                         \x7c\x0a</data></match></read>
    <read><delim>\x0a</delim><match><data>\x7c                         \x7c\x0a</data></match></read>
    <read><delim>\x0a</delim><match><data>\x7c                         \x7c\x0a</data></match></read>
    <read><delim>\x0a</delim><match><data>\x7c                         \x7c\x0a</data></match></read>
    <read><delim>\x0a</delim><match><data>\x7c                         \x7c\x0a</data></match></read>
    <read><delim>\x0a</delim><match><data>\x7c                         \x7c\x0a</data></match></read>
    <read><delim>\x0a</delim><match><data>\x7c                         \x7c\x0a</data></match></read>
    <read><delim>\x0a</delim><match><data>\x7c                         \x7c\x0a</data></match></read>
    <read><delim>\x0a</delim><match><data>\x7c                         \x7c\x0a</data></match></read>
    <read><delim>\x0a</delim><match><data>\x7c                         \x7c\x0a</data></match></read>
    <read><delim>\x0a</delim><match><data>\x7c                         \x7c\x0a</data></match></read>
    <read><delim>\x0a</delim><match><data>\x7c                         \x7c\x0a</data></match></read>
    <read><delim>\x0a</delim><match><data>\x7c                         \x7c\x0a</data></match></read>
    <read><delim>\x0a</delim><match><data>\x7c                         \x7c\x0a</data></match></read>
    <read><delim>\x0a</delim><match><data>\x7c!                        \x7c\x0a</data></match></read>
    <read><delim>\x0a</delim><match><data>\x7c!                        \x7c\x0a</data></match></read>
    <read><delim>\x0a</delim><match><data>\x7c!                        \x7c\x0a</data></match></read>
    <read><delim>\x0a</delim><match><data>\x7cW                        \x7c\x0a</data></match></read>
    <read><delim>\x0a</delim><match><data>\x2d\x2d\x2d\x2d\x2d\x2d\x2d\x2d\x2d\x2d\x2d\x2d\x2d\x2d\x2d\x2d\x2d\x2d\x2d\x2d\x2d\x2d\x2d\x2d\x2d\x2d\x2d\x0a</data></match></read>
    <read><delim>\x0a</delim><match><data>\x09\x09Level \x231\x0a</data></match></read>
    <write><data>e\x0a</data></write>
    <read><delim>\x0a</delim><match><data>\x09Welcome to Attackers General ngpfsnvfhahmknlcvkzpxpmnrxiajygx!\x0a</data></match></read>
    <read><delim>\x0a</delim><match><data>\x2d\x2d\x2d\x2d\x2d\x2d\x2d\x2d\x2d\x2d\x2d\x2d\x2d\x2d\x2d\x2d\x2d\x2d\x2d\x2d\x2d\x2d\x2d\x2d\x2d\x2d\x2d\x0a</data></match></read>
    <read><delim>\x0a</delim><match><data>\x7c \x23\x23       \x23              \x7c\x0a</data></match></read>
    <read><delim>\x0a</delim><match><data>\x7c     \x23\x23 \x23    \x23\x23 \x23 \x23 \x23 \x23  \x7c\x0a</data></match></read>
    <read><delim>\x0a</delim><match><data>\x7c \x23   \x23\x23  \x23   \x23       \x23 \x23 \x7c\x0a</data></match></read>
    <read><delim>\x0a</delim><match><data>\x7c   \x23       \x23  \x23  \x23\x23      \x7c\x0a</data></match></read>
    <read><delim>\x0a</delim><match><data>\x7c \x2b            \x2b  \x2b       \x7c\x0a</data></match></read>
    <read><delim>\x0a</delim><match><data>\x7c \x2b                     \x2b \x7c\x0a</data></match></read>
    <read><delim>\x0a</delim><match><data>\x7c          \x2b     \x2b        \x7c\x0a</data></match></read>
    <read><delim>\x0a</delim><match><data>\x7c                         \x7c\x0a</data></match></read>
    <read><delim>\x0a</delim><match><data>\x7c                         \x7c\x0a</data></match></read>
    <read><delim>\x0a</delim><match><data>\x7c                         \x7c\x0a</data></match></read>
    <read><delim>\x0a</delim><match><data>\x7c                         \x7c\x0a</data></match></read>
    <read><delim>\x0a</delim><match><data>\x7c                         \x7c\x0a</data></match></read>
    <read><delim>\x0a</delim><match><data>\x7c                         \x7c\x0a</data></match></read>
    <read><delim>\x0a</delim><match><data>\x7c                         \x7c\x0a</data></match></read>
    <read><delim>\x0a</delim><match><data>\x7c                         \x7c\x0a</data></match></read>
    <read><delim>\x0a</delim><match><data>\x7c                         \x7c\x0a</data></match></read>
    <read><delim>\x0a</delim><match><data>\x7c                         \x7c\x0a</data></match></read>
    <read><delim>\x0a</delim><match><data>\x7c                         \x7c\x0a</data></match></read>
    <read><delim>\x0a</delim><match><data>\x7c                         \x7c\x0a</data></match></read>
    <read><delim>\x0a</delim><match><data>\x7c                         \x7c\x0a</data></match></read>
    <read><delim>\x0a</delim><match><data>\x7c!                        \x7c\x0a</data></match></read>
    <read><delim>\x0a</delim><match><data>\x7c!                        \x7c\x0a</data></match></read>
    <read><delim>\x0a</delim><match><data>\x7c!                        \x7c\x0a</data></match></read>
    <read><delim>\x0a</delim><match><data>\x7c!                        \x7c\x0a</data></match></read>
    <read><delim>\x0a</delim><match><data>\x7cW                        \x7c\x0a</data></match></read>
    <read><delim>\x0a</delim><match><data>\x2d\x2d\x2d\x2d\x2d\x2d\x2d\x2d\x2d\x2d\x2d\x2d\x2d\x2d\x2d\x2d\x2d\x2d\x2d\x2d\x2d\x2d\x2d\x2d\x2d\x2d\x2d\x0a</data></match></read>
    <read><delim>\x0a</delim><match><data>\x09\x09Level \x231\x0a</data></match></read>
    <write><data>v\x0a</data></write>
    <read><delim>\x0a</delim><match><data>\x09Welcome to Attackers General ngpfsnvfhahmknlcvkzpxpmnrxiajygx!\x0a</data></match></read>
    <read><delim>\x0a</delim><match><data>\x2d\x2d\x2d\x2d\x2d\x2d\x2d\x2d\x2d\x2d\x2d\x2d\x2d\x2d\x2d\x2d\x2d\x2d\x2d\x2d\x2d\x2d\x2d\x2d\x2d\x2d\x2d\x0a</data></match></read>
    <read><delim>\x0a</delim><match><data>\x7c   \x23  \x23 \x23 \x23   \x23     \x23    \x7c\x0a</data></match></read>
    <read><delim>\x0a</delim><match><data>\x7c \x23  \x23       \x23   \x23  \x23  \x23  \x7c\x0a</data></match></read>
    <read><delim>\x0a</delim><match><data>\x7c     \x23\x23 \x23    \x23\x23       \x23  \x7c\x0a</data></match></read>
    <read><delim>\x0a</delim><match><data>\x7c \x23 \x23 \x2b\x2b   \x23     \x23  \x23 \x23   \x7c\x0a</data></match></read>
    <read><delim>\x0a</delim><match><data>\x7c                         \x7c\x0a</data></match></read>
    <read><delim>\x0a</delim><match><data>\x7c \x2b            \x2b  \x2b       \x7c\x0a</data></match></read>
    <read><delim>\x0a</delim><match><data>\x7c \x2b                     \x2b \x7c\x0a</data></match></read>
    <read><delim>\x0a</delim><match><data>\x7c          \x2b     \x2b        \x7c\x0a</data></match></read>
    <read><delim>\x0a</delim><match><data>\x7c                         \x7c\x0a</data></match></read>
    <read><delim>\x0a</delim><match><data>\x7c                         \x7c\x0a</data></match></read>
    <read><delim>\x0a</delim><match><data>\x7c                         \x7c\x0a</data></match></read>
    <read><delim>\x0a</delim><match><data>\x7c                         \x7c\x0a</data></match></read>
    <read><delim>\x0a</delim><match><data>\x7c                         \x7c\x0a</data></match></read>
    <read><delim>\x0a</delim><match><data>\x7c                         \x7c\x0a</data></match></read>
    <read><delim>\x0a</delim><match><data>\x7c                         \x7c\x0a</data></match></read>
    <read><delim>\x0a</delim><match><data>\x7c                         \x7c\x0a</data></match></read>
    <read><delim>\x0a</delim><match><data>\x7c                         \x7c\x0a</data></match></read>
    <read><delim>\x0a</delim><match><data>\x7c                         \x7c\x0a</data></match></read>
    <read><delim>\x0a</delim><match><data>\x7c                         \x7c\x0a</data></match></read>
    <read><delim>\x0a</delim><match><data>\x7c!                        \x7c\x0a</data></match></read>
    <read><delim>\x0a</delim><match><data>\x7c!                        \x7c\x0a</data></match></read>
    <read><delim>\x0a</delim><match><data>\x7c!                        \x7c\x0a</data></match></read>
    <read><delim>\x0a</delim><match><data>\x7c!                        \x7c\x0a</data></match></read>
    <read><delim>\x0a</delim><match><data>\x7c!                        \x7c\x0a</data></match></read>
    <read><delim>\x0a</delim><match><data>\x7cW                        \x7c\x0a</data></match></read>
    <read><delim>\x0a</delim><match><data>\x2d\x2d\x2d\x2d\x2d\x2d\x2d\x2d\x2d\x2d\x2d\x2d\x2d\x2d\x2d\x2d\x2d\x2d\x2d\x2d\x2d\x2d\x2d\x2d\x2d\x2d\x2d\x0a</data></match></read>
    <read><delim>\x0a</delim><match><data>\x09\x09Level \x231\x0a</data></match></read>
    <write><data>n\x0a</data></write>
    <read><delim>\x0a</delim><match><data>\x09Welcome to Attackers General ngpfsnvfhahmknlcvkzpxpmnrxiajygx!\x0a</data></match></read>
    <read><delim>\x0a</delim><match><data>\x2d\x2d\x2d\x2d\x2d\x2d\x2d\x2d\x2d\x2d\x2d\x2d\x2d\x2d\x2d\x2d\x2d\x2d\x2d\x2d\x2d\x2d\x2d\x2d\x2d\x2d\x2d\x0a</data></match></read>
    <read><delim>\x0a</delim><match><data>\x7c  \x23     \x23     \x23    \x23\x23    \x7c\x0a</data></match></read>
    <read><delim>\x0a</delim><match><data>\x7c \x23   \x23\x23   \x23  \x23  \x23      \x23 \x7c\x0a</data></match></read>
    <read><delim>\x0a</delim><match><data>\x7c \x23  \x23  \x23 \x23\x23        \x23 \x23\x23  \x7c\x0a</data></match></read>
    <read><delim>\x0a</delim><match><data>\x7c  \x23          \x23\x23 \x23        \x7c\x0a</data></match></read>
    <read><delim>\x0a</delim><match><data>\x7c     \x2b\x2b                  \x7c\x0a</data></match></read>
    <read><delim>\x0a</delim><match><data>\x7c                         \x7c\x0a</data></match></read>
    <read><delim>\x0a</delim><match><data>\x7c \x2b            \x2b  \x2b       \x7c\x0a</data></match></read>
    <read><delim>\x0a</delim><match><data>\x7c \x2b                     \x2b \x7c\x0a</data></match></read>
    <read><delim>\x0a</delim><match><data>\x7c          \x2b     \x2b        \x7c\x0a</data></match></read>
    <read><delim>\x0a</delim><match><data>\x7c                         \x7c\x0a</data></match></read>
    <read><delim>\x0a</delim><match><data>\x7c                         \x7c\x0a</data></match></read>
    <read><delim>\x0a</delim><match><data>\x7c                         \x7c\x0a</data></match></read>
    <read><delim>\x0a</delim><match><data>\x7c                         \x7c\x0a</data></match></read>
    <read><delim>\x0a</delim><match><data>\x7c                         \x7c\x0a</data></match></read>
    <read><delim>\x0a</delim><match><data>\x7c                         \x7c\x0a</data></match></read>
    <read><delim>\x0a</delim><match><data>\x7c                         \x7c\x0a</data></match></read>
    <read><delim>\x0a</delim><match><data>\x7c                         \x7c\x0a</data></match></read>
    <read><delim>\x0a</delim><match><data>\x7c                         \x7c\x0a</data></match></read>
    <read><delim>\x0a</delim><match><data>\x7c!                        \x7c\x0a</data></match></read>
    <read><delim>\x0a</delim><match><data>\x7c!                        \x7c\x0a</data></match></read>
    <read><delim>\x0a</delim><match><data>\x7c!                        \x7c\x0a</data></match></read>
    <read><delim>\x0a</delim><match><data>\x7c!                        \x7c\x0a</data></match></read>
    <read><delim>\x0a</delim><match><data>\x7c!                        \x7c\x0a</data></match></read>
    <read><delim>\x0a</delim><match><data>\x7c!                        \x7c\x0a</data></match></read>
    <read><delim>\x0a</delim><match><data>\x7cW                        \x7c\x0a</data></match></read>
    <read><delim>\x0a</delim><match><data>\x2d\x2d\x2d\x2d\x2d\x2d\x2d\x2d\x2d\x2d\x2d\x2d\x2d\x2d\x2d\x2d\x2d\x2d\x2d\x2d\x2d\x2d\x2d\x2d\x2d\x2d\x2d\x0a</data></match></read>
    <read><delim>\x0a</delim><match><data>\x09\x09Level \x231\x0a</data></match></read>
    <write><data>j\x0a</data></write>
    <read><delim>\x0a</delim><match><data>\x09Welcome to Attackers General ngpfsnvfhahmknlcvkzpxpmnrxiajygx!\x0a</data></match></read>
    <read><delim>\x0a</delim><match><data>\x2d\x2d\x2d\x2d\x2d\x2d\x2d\x2d\x2d\x2d\x2d\x2d\x2d\x2d\x2d\x2d\x2d\x2d\x2d\x2d\x2d\x2d\x2d\x2d\x2d\x2d\x2d\x0a</data></match></read>
    <read><delim>\x0a</delim><match><data>\x7c      \x23   \x23   \x23 \x23 \x23    \x23 \x7c\x0a</data></match></read>
    <read><delim>\x0a</delim><match><data>\x7c\x23 \x23  \x23  \x23    \x23      \x23    \x7c\x0a</data></match></read>
    <read><delim>\x0a</delim><match><data>\x7c \x23\x23     \x23 \x23  \x23\x23   \x23      \x7c\x0a</data></match></read>
    <read><delim>\x0a</delim><match><data>\x7c \x2b  \x23  \x23  \x2b     \x23    \x23\x23  \x7c\x0a</data></match></read>
    <read><delim>\x0a</delim><match><data>\x7c                         \x7c\x0a</data></match></read>
    <read><delim>\x0a</delim><match><data>\x7c     \x2b\x2b                  \x7c\x0a</data></match></read>
    <read><delim>\x0a</delim><match><data>\x7c                         \x7c\x0a</data></match></read>
    <read><delim>\x0a</delim><match><data>\x7c \x2b            \x2b  \x2b       \x7c\x0a</data></match></read>
    <read><delim>\x0a</delim><match><data>\x7c \x2b                     \x2b \x7c\x0a</data></match></read>
    <read><delim>\x0a</delim><match><data>\x7c          \x2b     \x2b        \x7c\x0a</data></match></read>
    <read><delim>\x0a</delim><match><data>\x7c                         \x7c\x0a</data></match></read>
    <read><delim>\x0a</delim><match><data>\x7c                         \x7c\x0a</data></match></read>
    <read><delim>\x0a</delim><match><data>\x7c                         \x7c\x0a</data></match></read>
    <read><delim>\x0a</delim><match><data>\x7c                         \x7c\x0a</data></match></read>
    <read><delim>\x0a</delim><match><data>\x7c                         \x7c\x0a</data></match></read>
    <read><delim>\x0a</delim><match><data>\x7c                         \x7c\x0a</data></match></read>
    <read><delim>\x0a</delim><match><data>\x7c                         \x7c\x0a</data></match></read>
    <read><delim>\x0a</delim><match><data>\x7c!                        \x7c\x0a</data></match></read>
    <read><delim>\x0a</delim><match><data>\x7c!                        \x7c\x0a</data></match></read>
    <read><delim>\x0a</delim><match><data>\x7c!                        \x7c\x0a</data></match></read>
    <read><delim>\x0a</delim><match><data>\x7c!                        \x7c\x0a</data></match></read>
    <read><delim>\x0a</delim><match><data>\x7c!                        \x7c\x0a</data></match></read>
    <read><delim>\x0a</delim><match><data>\x7c!                        \x7c\x0a</data></match></read>
    <read><delim>\x0a</delim><match><data>\x7c!                        \x7c\x0a</data></match></read>
    <read><delim>\x0a</delim><match><data>\x7cW                        \x7c\x0a</data></match></read>
    <read><delim>\x0a</delim><match><data>\x2d\x2d\x2d\x2d\x2d\x2d\x2d\x2d\x2d\x2d\x2d\x2d\x2d\x2d\x2d\x2d\x2d\x2d\x2d\x2d\x2d\x2d\x2d\x2d\x2d\x2d\x2d\x0a</data></match></read>
    <read><delim>\x0a</delim><match><data>\x09\x09Level \x231\x0a</data></match></read>
    <write><data>c\x0a</data></write>
    <read><delim>\x0a</delim><match><data>\x09Welcome to Attackers General ngpfsnvfhahmknlcvkzpxpmnrxiajygx!\x0a</data></match></read>
    <read><delim>\x0a</delim><match><data>\x2d\x2d\x2d\x2d\x2d\x2d\x2d\x2d\x2d\x2d\x2d\x2d\x2d\x2d\x2d\x2d\x2d\x2d\x2d\x2d\x2d\x2d\x2d\x2d\x2d\x2d\x2d\x0a</data></match></read>
    <read><delim>\x0a</delim><match><data>\x7c  \x23    \x23\x23 \x23            \x23 \x7c\x0a</data></match></read>
    <read><delim>\x0a</delim><match><data>\x7c \x23   \x23      \x23 \x23 \x23 \x23  \x23   \x7c\x0a</data></match></read>
    <read><delim>\x0a</delim><match><data>\x7c \x23\x23    \x23 \x23 \x23 \x23 \x23      \x23  \x7c\x0a</data></match></read>
    <read><delim>\x0a</delim><match><data>\x7c  \x2b  \x23          \x23 \x23  \x23   \x7c\x0a</data></match></read>
    <read><delim>\x0a</delim><match><data>\x7c \x2b        \x2b              \x7c\x0a</data></match></read>
    <read><delim>\x0a</delim><match><data>\x7c                         \x7c\x0a</data></match></read>
    <read><delim>\x0a</delim><match><data>\x7c     \x2b\x2b                  \x7c\x0a</data></match></read>
    <read><delim>\x0a</delim><match><data>\x7c                         \x7c\x0a</data></match></read>
    <read><delim>\x0a</delim><match><data>\x7c \x2b            \x2b  \x2b       \x7c\x0a</data></match></read>
    <read><delim>\x0a</delim><match><data>\x7c \x2b                     \x2b \x7c\x0a</data></match></read>
    <read><delim>\x0a</delim><match><data>\x7c          \x2b     \x2b        \x7c\x0a</data></match></read>
    <read><delim>\x0a</delim><match><data>\x7c                         \x7c\x0a</data></match></read>
    <read><delim>\x0a</delim><match><data>\x7c                         \x7c\x0a</data></match></read>
    <read><delim>\x0a</delim><match><data>\x7c                         \x7c\x0a</data></match></read>
    <read><delim>\x0a</delim><match><data>\x7c                         \x7c\x0a</data></match></read>
    <read><delim>\x0a</delim><match><data>\x7c                         \x7c\x0a</data></match></read>
    <read><delim>\x0a</delim><match><data>\x7c!                        \x7c\x0a</data></match></read>
    <read><delim>\x0a</delim><match><data>\x7c!                        \x7c\x0a</data></match></read>
    <read><delim>\x0a</delim><match><data>\x7c!                        \x7c\x0a</data></match></read>
    <read><delim>\x0a</delim><match><data>\x7c!                        \x7c\x0a</data></match></read>
    <read><delim>\x0a</delim><match><data>\x7c!                        \x7c\x0a</data></match></read>
    <read><delim>\x0a</delim><match><data>\x7c!                        \x7c\x0a</data></match></read>
    <read><delim>\x0a</delim><match><data>\x7c!                        \x7c\x0a</data></match></read>
    <read><delim>\x0a</delim><match><data>\x7c!                        \x7c\x0a</data></match></read>
    <read><delim>\x0a</delim><match><data>\x7cW                        \x7c\x0a</data></match></read>
    <read><delim>\x0a</delim><match><data>\x2d\x2d\x2d\x2d\x2d\x2d\x2d\x2d\x2d\x2d\x2d\x2d\x2d\x2d\x2d\x2d\x2d\x2d\x2d\x2d\x2d\x2d\x2d\x2d\x2d\x2d\x2d\x0a</data></match></read>
    <read><delim>\x0a</delim><match><data>\x09\x09Level \x231\x0a</data></match></read>
    <write><data>c\x0a</data></write>
    <read><delim>\x0a</delim><match><data>\x09Welcome to Attackers General ngpfsnvfhahmknlcvkzpxpmnrxiajygx!\x0a</data></match></read>
    <read><delim>\x0a</delim><match><data>\x2d\x2d\x2d\x2d\x2d\x2d\x2d\x2d\x2d\x2d\x2d\x2d\x2d\x2d\x2d\x2d\x2d\x2d\x2d\x2d\x2d\x2d\x2d\x2d\x2d\x2d\x2d\x0a</data></match></read>
    <read><delim>\x0a</delim><match><data>\x7c   \x23   \x23\x23 \x23   \x23 \x23 \x23    \x23 \x7c\x0a</data></match></read>
    <read><delim>\x0a</delim><match><data>\x7c \x23  \x23        \x23       \x23   \x7c\x0a</data></match></read>
    <read><delim>\x0a</delim><match><data>\x7c  \x23    \x23 \x23 \x23  \x23       \x23  \x7c\x0a</data></match></read>
    <read><delim>\x0a</delim><match><data>\x7c \x23   \x23     \x2b \x23  \x23 \x23 \x23 \x2b  \x7c\x0a</data></match></read>
    <read><delim>\x0a</delim><match><data>\x7c  \x2b             \x2b        \x7c\x0a</data></match></read>
    <read><delim>\x0a</delim><match><data>\x7c \x2b        \x2b              \x7c\x0a</data></match></read>
    <read><delim>\x0a</delim><match><data>\x7c                         \x7c\x0a</data></match></read>
    <read><delim>\x0a</delim><match><data>\x7c     \x2b\x2b                  \x7c\x0a</data></match></read>
    <read><delim>\x0a</delim><match><data>\x7c                         \x7c\x0a</data></match></read>
    <read><delim>\x0a</delim><match><data>\x7c \x2b            \x2b  \x2b       \x7c\x0a</data></match></read>
    <read><delim>\x0a</delim><match><data>\x7c \x2b                     \x2b \x7c\x0a</data></match></read>
    <read><delim>\x0a</delim><match><data>\x7c          \x2b     \x2b        \x7c\x0a</data></match></read>
    <read><delim>\x0a</delim><match><data>\x7c                         \x7c\x0a</data></match></read>
    <read><delim>\x0a</delim><match><data>\x7c                         \x7c\x0a</data></match></read>
    <read><delim>\x0a</delim><match><data>\x7c                         \x7c\x0a</data></match></read>
    <read><delim>\x0a</delim><match><data>\x7c!                        \x7c\x0a</data></match></read>
    <read><delim>\x0a</delim><match><data>\x7c!                        \x7c\x0a</data></match></read>
    <read><delim>\x0a</delim><match><data>\x7c!                        \x7c\x0a</data></match></read>
    <read><delim>\x0a</delim><match><data>\x7c!                        \x7c\x0a</data></match></read>
    <read><delim>\x0a</delim><match><data>\x7c!                        \x7c\x0a</data></match></read>
    <read><delim>\x0a</delim><match><data>\x7c!                        \x7c\x0a</data></match></read>
    <read><delim>\x0a</delim><match><data>\x7c!                        \x7c\x0a</data></match></read>
    <read><delim>\x0a</delim><match><data>\x7c!                        \x7c\x0a</data></match></read>
    <read><delim>\x0a</delim><match><data>\x7c!                        \x7c\x0a</data></match></read>
    <read><delim>\x0a</delim><match><data>\x7cW                        \x7c\x0a</data></match></read>
    <read><delim>\x0a</delim><match><data>\x2d\x2d\x2d\x2d\x2d\x2d\x2d\x2d\x2d\x2d\x2d\x2d\x2d\x2d\x2d\x2d\x2d\x2d\x2d\x2d\x2d\x2d\x2d\x2d\x2d\x2d\x2d\x0a</data></match></read>
    <read><delim>\x0a</delim><match><data>\x09\x09Level \x231\x0a</data></match></read>
    <write><data>z\x0a</data></write>
    <read><delim>\x0a</delim><match><data>\x09Welcome to Attackers General ngpfsnvfhahmknlcvkzpxpmnrxiajygx!\x0a</data></match></read>
    <read><delim>\x0a</delim><match><data>\x2d\x2d\x2d\x2d\x2d\x2d\x2d\x2d\x2d\x2d\x2d\x2d\x2d\x2d\x2d\x2d\x2d\x2d\x2d\x2d\x2d\x2d\x2d\x2d\x2d\x2d\x2d\x0a</data></match></read>
    <read><delim>\x0a</delim><match><data>\x7c    \x23   \x23 \x23  \x23\x23 \x23 \x23  \x23 \x23 \x7c\x0a</data></match></read>
    <read><delim>\x0a</delim><match><data>\x7c \x23 \x23   \x23                 \x7c\x0a</data></match></read>
    <read><delim>\x0a</delim><match><data>\x7c \x23\x23  \x23 \x23      \x23          \x7c\x0a</data></match></read>
    <read><delim>\x0a</delim><match><data>\x7c       \x2b \x23 \x23 \x23  \x23  \x23 \x23\x23  \x7c\x0a</data></match></read>
    <read><delim>\x0a</delim><match><data>\x7c           \x2b          \x2b  \x7c\x0a</data></match></read>
    <read><delim>\x0a</delim><match><data>\x7c  \x2b             \x2b        \x7c\x0a</data></match></read>
    <read><delim>\x0a</delim><match><data>\x7c \x2b        \x2b              \x7c\x0a</data></match></read>
    <read><delim>\x0a</delim><match><data>\x7c                         \x7c\x0a</data></match></read>
    <read><delim>\x0a</delim><match><data>\x7c     \x2b\x2b                  \x7c\x0a</data></match></read>
    <read><delim>\x0a</delim><match><data>\x7c                         \x7c\x0a</data></match></read>
    <read><delim>\x0a</delim><match><data>\x7c \x2b            \x2b  \x2b       \x7c\x0a</data></match></read>
    <read><delim>\x0a</delim><match><data>\x7c \x2b                     \x2b \x7c\x0a</data></match></read>
    <read><delim>\x0a</delim><match><data>\x7c          \x2b     \x2b        \x7c\x0a</data></match></read>
    <read><delim>\x0a</delim><match><data>\x7c                         \x7c\x0a</data></match></read>
    <read><delim>\x0a</delim><match><data>\x7c!                        \x7c\x0a</data></match></read>
    <read><delim>\x0a</delim><match><data>\x7c!                        \x7c\x0a</data></match></read>
    <read><delim>\x0a</delim><match><data>\x7c!                        \x7c\x0a</data></match></read>
    <read><delim>\x0a</delim><match><data>\x7c!                        \x7c\x0a</data></match></read>
    <read><delim>\x0a</delim><match><data>\x7c!                        \x7c\x0a</data></match></read>
    <read><delim>\x0a</delim><match><data>\x7c!                        \x7c\x0a</data></match></read>
    <read><delim>\x0a</delim><match><data>\x7c!                        \x7c\x0a</data></match></read>
    <read><delim>\x0a</delim><match><data>\x7c!                        \x7c\x0a</data></match></read>
    <read><delim>\x0a</delim><match><data>\x7c!                        \x7c\x0a</data></match></read>
    <read><delim>\x0a</delim><match><data>\x7c!                        \x7c\x0a</data></match></read>
    <read><delim>\x0a</delim><match><data>\x7cW                        \x7c\x0a</data></match></read>
    <read><delim>\x0a</delim><match><data>\x2d\x2d\x2d\x2d\x2d\x2d\x2d\x2d\x2d\x2d\x2d\x2d\x2d\x2d\x2d\x2d\x2d\x2d\x2d\x2d\x2d\x2d\x2d\x2d\x2d\x2d\x2d\x0a</data></match></read>
    <read><delim>\x0a</delim><match><data>\x09\x09Level \x231\x0a</data></match></read>
    <write><data>i\x0a</data></write>
    <read><delim>\x0a</delim><match><data>\x09Welcome to Attackers General ngpfsnvfhahmknlcvkzpxpmnrxiajygx!\x0a</data></match></read>
    <read><delim>\x0a</delim><match><data>\x2d\x2d\x2d\x2d\x2d\x2d\x2d\x2d\x2d\x2d\x2d\x2d\x2d\x2d\x2d\x2d\x2d\x2d\x2d\x2d\x2d\x2d\x2d\x2d\x2d\x2d\x2d\x0a</data></match></read>
    <read><delim>\x0a</delim><match><data>\x7c \x23 \x23 \x23  \x23 \x23           \x23  \x7c\x0a</data></match></read>
    <read><delim>\x0a</delim><match><data>\x7c       \x23     \x23\x23 \x23 \x23  \x23   \x7c\x0a</data></match></read>
    <read><delim>\x0a</delim><match><data>\x7c\x23  \x23 \x23 \x23 \x23      \x23     \x23  \x7c\x0a</data></match></read>
    <read><delim>\x0a</delim><match><data>\x7c          \x23 \x23 \x23   \x23  \x23   \x7c\x0a</data></match></read>
    <read><delim>\x0a</delim><match><data>\x7c       \x2b                 \x7c\x0a</data></match></read>
    <read><delim>\x0a</delim><match><data>\x7c           \x2b          \x2b  \x7c\x0a</data></match></read>
    <read><delim>\x0a</delim><match><data>\x7c  \x2b             \x2b        \x7c\x0a</data></match></read>
    <read><delim>\x0a</delim><match><data>\x7c \x2b        \x2b              \x7c\x0a</data></match></read>
    <read><delim>\x0a</delim><match><data>\x7c                         \x7c\x0a</data></match></read>
    <read><delim>\x0a</delim><match><data>\x7c     \x2b\x2b                  \x7c\x0a</data></match></read>
    <read><delim>\x0a</delim><match><data>\x7c                         \x7c\x0a</data></match></read>
    <read><delim>\x0a</delim><match><data>\x7c \x2b            \x2b  \x2b       \x7c\x0a</data></match></read>
    <read><delim>\x0a</delim><match><data>\x7c \x2b                     \x2b \x7c\x0a</data></match></read>
    <read><delim>\x0a</delim><match><data>\x7c!         \x2b     \x2b        \x7c\x0a</data></match></read>
    <read><delim>\x0a</delim><match><data>\x7c!                        \x7c\x0a</data></match></read>
    <read><delim>\x0a</delim><match><data>\x7c!                        \x7c\x0a</data></match></read>
    <read><delim>\x0a</delim><match><data>\x7c!                        \x7c\x0a</data></match></read>
    <read><delim>\x0a</delim><match><data>\x7c!                        \x7c\x0a</data></match></read>
    <read><delim>\x0a</delim><match><data>\x7c!                        \x7c\x0a</data></match></read>
    <read><delim>\x0a</delim><match><data>\x7c!                        \x7c\x0a</data></match></read>
    <read><delim>\x0a</delim><match><data>\x7c!                        \x7c\x0a</data></match></read>
    <read><delim>\x0a</delim><match><data>\x7c!                        \x7c\x0a</data></match></read>
    <read><delim>\x0a</delim><match><data>\x7c!                        \x7c\x0a</data></match></read>
    <read><delim>\x0a</delim><match><data>\x7c!                        \x7c\x0a</data></match></read>
    <read><delim>\x0a</delim><match><data>\x7cW                        \x7c\x0a</data></match></read>
    <read><delim>\x0a</delim><match><data>\x2d\x2d\x2d\x2d\x2d\x2d\x2d\x2d\x2d\x2d\x2d\x2d\x2d\x2d\x2d\x2d\x2d\x2d\x2d\x2d\x2d\x2d\x2d\x2d\x2d\x2d\x2d\x0a</data></match></read>
    <read><delim>\x0a</delim><match><data>\x09\x09Level \x231\x0a</data></match></read>
    <write><data>l\x0a</data></write>
    <read><delim>\x0a</delim><match><data>\x09Welcome to Attackers General ngpfsnvfhahmknlcvkzpxpmnrxiajygx!\x0a</data></match></read>
    <read><delim>\x0a</delim><match><data>\x2d\x2d\x2d\x2d\x2d\x2d\x2d\x2d\x2d\x2d\x2d\x2d\x2d\x2d\x2d\x2d\x2d\x2d\x2d\x2d\x2d\x2d\x2d\x2d\x2d\x2d\x2d\x0a</data></match></read>
    <read><delim>\x0a</delim><match><data>\x7c \x23 \x23 \x23 \x23\x23 \x23       \x23   \x23  \x7c\x0a</data></match></read>
    <read><delim>\x0a</delim><match><data>\x7c             \x23\x23  \x23  \x23    \x7c\x0a</data></match></read>
    <read><delim>\x0a</delim><match><data>\x7c\x23      \x23             \x23   \x7c\x0a</data></match></read>
    <read><delim>\x0a</delim><match><data>\x7c   \x23 \x23 \x2b \x23 \x23\x23 \x23 \x23 \x23   \x23  \x7c\x0a</data></match></read>
    <read><delim>\x0a</delim><match><data>\x7c            \x2b \x2b   \x2b      \x7c\x0a</data></match></read>
    <read><delim>\x0a</delim><match><data>\x7c       \x2b                 \x7c\x0a</data></match></read>
    <read><delim>\x0a</delim><match><data>\x7c           \x2b          \x2b  \x7c\x0a</data></match></read>
    <read><delim>\x0a</delim><match><data>\x7c  \x2b             \x2b        \x7c\x0a</data></match></read>
    <read><delim>\x0a</delim><match><data>\x7c \x2b        \x2b              \x7c\x0a</data></match></read>
    <read><delim>\x0a</delim><match><data>\x7c                         \x7c\x0a</data></match></read>
    <read><delim>\x0a</delim><match><data>\x7c     \x2b\x2b                  \x7c\x0a</data></match></read>
    <read><delim>\x0a</delim><match><data>\x7c                         \x7c\x0a</data></match></read>
    <read><delim>\x0a</delim><match><data>\x7c!\x2b            \x2b  \x2b       \x7c\x0a</data></match></read>
    <read><delim>\x0a</delim><match><data>\x7c!\x2b                     \x2b \x7c\x0a</data></match></read>
    <read><delim>\x0a</delim><match><data>\x7c!         \x2b     \x2b        \x7c\x0a</data></match></read>
    <read><delim>\x0a</delim><match><data>\x7c!                        \x7c\x0a</data></match></read>
    <read><delim>\x0a</delim><match><data>\x7c!                        \x7c\x0a</data></match></read>
    <read><delim>\x0a</delim><match><data>\x7c!                        \x7c\x0a</data></match></read>
    <read><delim>\x0a</delim><match><data>\x7c!                        \x7c\x0a</data></match></read>
    <read><delim>\x0a</delim><match><data>\x7c!                        \x7c\x0a</data></match></read>
    <read><delim>\x0a</delim><match><data>\x7c!                        \x7c\x0a</data></match></read>
    <read><delim>\x0a</delim><match><data>\x7c!                        \x7c\x0a</data></match></read>
    <read><delim>\x0a</delim><match><data>\x7c!                        \x7c\x0a</data></match></read>
    <read><delim>\x0a</delim><match><data>\x7c!                        \x7c\x0a</data></match></read>
    <read><delim>\x0a</delim><match><data>\x7cW                        \x7c\x0a</data></match></read>
    <read><delim>\x0a</delim><match><data>\x2d\x2d\x2d\x2d\x2d\x2d\x2d\x2d\x2d\x2d\x2d\x2d\x2d\x2d\x2d\x2d\x2d\x2d\x2d\x2d\x2d\x2d\x2d\x2d\x2d\x2d\x2d\x0a</data></match></read>
    <read><delim>\x0a</delim><match><data>\x09\x09Level \x231\x0a</data></match></read>
    <write><data>j\x0a</data></write>
    <read><delim>\x0a</delim><match><data>\x09Welcome to Attackers General ngpfsnvfhahmknlcvkzpxpmnrxiajygx!\x0a</data></match></read>
    <read><delim>\x0a</delim><match><data>\x2d\x2d\x2d\x2d\x2d\x2d\x2d\x2d\x2d\x2d\x2d\x2d\x2d\x2d\x2d\x2d\x2d\x2d\x2d\x2d\x2d\x2d\x2d\x2d\x2d\x2d\x2d\x0a</data></match></read>
    <read><delim>\x0a</delim><match><data>\x7c \x23\x23 \x23     \x23      \x23 \x23   \x23 \x7c\x0a</data></match></read>
    <read><delim>\x0a</delim><match><data>\x7c       \x23\x23    \x23\x23     \x23    \x7c\x0a</data></match></read>
    <read><delim>\x0a</delim><match><data>\x7c     \x23 \x23 \x23  \x23   \x23    \x23   \x7c\x0a</data></match></read>
    <read><delim>\x0a</delim><match><data>\x7c\x23  \x23       \x23   \x23  \x23  \x2b\x23  \x7c\x0a</data></match></read>
    <read><delim>\x0a</delim><match><data>\x7c       \x2b          \x2b   \x2b  \x7c\x0a</data></match></read>
    <read><delim>\x0a</delim><match><data>\x7c            \x2b \x2b   \x2b      \x7c\x0a</data></match></read>
    <read><delim>\x0a</delim><match><data>\x7c       \x2b                 \x7c\x0a</data></match></read>
    <read><delim>\x0a</delim><match><data>\x7c           \x2b          \x2b  \x7c\x0a</data></match></read>
    <read><delim>\x0a</delim><match><data>\x7c  \x2b             \x2b        \x7c\x0a</data></match></read>
    <read><delim>\x0a</delim><match><data>\x7c \x2b        \x2b              \x7c\x0a</data></match></read>
    <read><delim>\x0a</delim><match><data>\x7c                         \x7c\x0a</data></match></read>
    <read><delim>\x0a</delim><match><data>\x7c!    \x2b\x2b                  \x7c\x0a</data></match></read>
    <read><delim>\x0a</delim><match><data>\x7c!                        \x7c\x0a</data></match></read>
    <read><delim>\x0a</delim><match><data>\x7c!\x2b            \x2b  \x2b       \x7c\x0a</data></match></read>
    <read><delim>\x0a</delim><match><data>\x7c!\x2b                     \x2b \x7c\x0a</data></match></read>
    <read><delim>\x0a</delim><match><data>\x7c!         \x2b     \x2b        \x7c\x0a</data></match></read>
    <read><delim>\x0a</delim><match><data>\x7c!                        \x7c\x0a</data></match></read>
    <read><delim>\x0a</delim><match><data>\x7c!                        \x7c\x0a</data></match></read>
    <read><delim>\x0a</delim><match><data>\x7c!                        \x7c\x0a</data></match></read>
    <read><delim>\x0a</delim><match><data>\x7c!                        \x7c\x0a</data></match></read>
    <read><delim>\x0a</delim><match><data>\x7c!                        \x7c\x0a</data></match></read>
    <read><delim>\x0a</delim><match><data>\x7c!                        \x7c\x0a</data></match></read>
    <read><delim>\x0a</delim><match><data>\x7c!                        \x7c\x0a</data></match></read>
    <read><delim>\x0a</delim><match><data>\x7c!                        \x7c\x0a</data></match></read>
    <read><delim>\x0a</delim><match><data>\x7cW                        \x7c\x0a</data></match></read>
    <read><delim>\x0a</delim><match><data>\x2d\x2d\x2d\x2d\x2d\x2d\x2d\x2d\x2d\x2d\x2d\x2d\x2d\x2d\x2d\x2d\x2d\x2d\x2d\x2d\x2d\x2d\x2d\x2d\x2d\x2d\x2d\x0a</data></match></read>
    <read><delim>\x0a</delim><match><data>\x09\x09Level \x231\x0a</data></match></read>
    <write><data>p\x0a</data></write>
    <read><delim>\x0a</delim><match><data>\x09Welcome to Attackers General ngpfsnvfhahmknlcvkzpxpmnrxiajygx!\x0a</data></match></read>
    <read><delim>\x0a</delim><match><data>\x2d\x2d\x2d\x2d\x2d\x2d\x2d\x2d\x2d\x2d\x2d\x2d\x2d\x2d\x2d\x2d\x2d\x2d\x2d\x2d\x2d\x2d\x2d\x2d\x2d\x2d\x2d\x0a</data></match></read>
    <read><delim>\x0a</delim><match><data>\x7c\x23   \x23              \x23  \x23  \x7c\x0a</data></match></read>
    <read><delim>\x0a</delim><match><data>\x7c  \x23   \x23 \x23 \x23  \x23\x23  \x23   \x23   \x7c\x0a</data></match></read>
    <read><delim>\x0a</delim><match><data>\x7c\x23              \x23 \x23   \x23   \x7c\x0a</data></match></read>
    <read><delim>\x0a</delim><match><data>\x7c  \x23  \x23 \x23 \x23 \x23\x23     \x23   \x23  \x7c\x0a</data></match></read>
    <read><delim>\x0a</delim><match><data>\x7c           \x2b         \x2b\x2b  \x7c\x0a</data></match></read>
    <read><delim>\x0a</delim><match><data>\x7c       \x2b          \x2b   \x2b  \x7c\x0a</data></match></read>
    <read><delim>\x0a</delim><match><data>\x7c            \x2b \x2b   \x2b      \x7c\x0a</data></match></read>
    <read><delim>\x0a</delim><match><data>\x7c       \x2b                 \x7c\x0a</data></match></read>
    <read><delim>\x0a</delim><match><data>\x7c           \x2b          \x2b  \x7c\x0a</data></match></read>
    <read><delim>\x0a</delim><match><data>\x7c  \x2b             \x2b        \x7c\x0a</data></match></read>
    <read><delim>\x0a</delim><match><data>\x7c!\x2b        \x2b              \x7c\x0a</data></match></read>
    <read><delim>\x0a</delim><match><data>\x7c!                        \x7c\x0a</data></match></read>
    <read><delim>\x0a</delim><match><data>\x7c!    \x2b\x2b                  \x7c\x0a</data></match></read>
    <read><delim>\x0a</delim><match><data>\x7c!                        \x7c\x0a</data></match></read>
    <read><delim>\x0a</delim><match><data>\x7c!\x2b            \x2b  \x2b       \x7c\x0a</data></match></read>
    <read><delim>\x0a</delim><match><data>\x7c!\x2b                     \x2b \x7c\x0a</data></match></read>
    <read><delim>\x0a</delim><match><data>\x7c!         \x2b     \x2b        \x7c\x0a</data></match></read>
    <read><delim>\x0a</delim><match><data>\x7c!                        \x7c\x0a</data></match></read>
    <read><delim>\x0a</delim><match><data>\x7c!                        \x7c\x0a</data></match></read>
    <read><delim>\x0a</delim><match><data>\x7c!                        \x7c\x0a</data></match></read>
    <read><delim>\x0a</delim><match><data>\x7c!                        \x7c\x0a</data></match></read>
    <read><delim>\x0a</delim><match><data>\x7c!                        \x7c\x0a</data></match></read>
    <read><delim>\x0a</delim><match><data>\x7c!                        \x7c\x0a</data></match></read>
    <read><delim>\x0a</delim><match><data>\x7c!                        \x7c\x0a</data></match></read>
    <read><delim>\x0a</delim><match><data>\x7cW                        \x7c\x0a</data></match></read>
    <read><delim>\x0a</delim><match><data>\x2d\x2d\x2d\x2d\x2d\x2d\x2d\x2d\x2d\x2d\x2d\x2d\x2d\x2d\x2d\x2d\x2d\x2d\x2d\x2d\x2d\x2d\x2d\x2d\x2d\x2d\x2d\x0a</data></match></read>
    <read><delim>\x0a</delim><match><data>\x09\x09Level \x231\x0a</data></match></read>
    <write><data>z\x0a</data></write>
    <read><delim>\x0a</delim><match><data>\x09Welcome to Attackers General ngpfsnvfhahmknlcvkzpxpmnrxiajygx!\x0a</data></match></read>
    <read><delim>\x0a</delim><match><data>\x2d\x2d\x2d\x2d\x2d\x2d\x2d\x2d\x2d\x2d\x2d\x2d\x2d\x2d\x2d\x2d\x2d\x2d\x2d\x2d\x2d\x2d\x2d\x2d\x2d\x2d\x2d\x0a</data></match></read>
    <read><delim>\x0a</delim><match><data>\x7c\x23 \x23 \x23             \x23      \x7c\x0a</data></match></read>
    <read><delim>\x0a</delim><match><data>\x7c      \x23 \x23 \x23 \x23 \x23  \x23  \x23 \x23  \x7c\x0a</data></match></read>
    <read><delim>\x0a</delim><match><data>\x7c\x23 \x23  \x23     \x23\x23  \x23 \x23    \x23  \x7c\x0a</data></match></read>
    <read><delim>\x0a</delim><match><data>\x7c       \x23 \x23     \x2b \x2b\x23  \x23   \x7c\x0a</data></match></read>
    <read><delim>\x0a</delim><match><data>\x7c                         \x7c\x0a</data></match></read>
    <read><delim>\x0a</delim><match><data>\x7c           \x2b         \x2b\x2b  \x7c\x0a</data></match></read>
    <read><delim>\x0a</delim><match><data>\x7c       \x2b          \x2b   \x2b  \x7c\x0a</data></match></read>
    <read><delim>\x0a</delim><match><data>\x7c            \x2b \x2b   \x2b      \x7c\x0a</data></match></read>
    <read><delim>\x0a</delim><match><data>\x7c       \x2b                 \x7c\x0a</data></match></read>
    <read><delim>\x0a</delim><match><data>\x7c!          \x2b          \x2b  \x7c\x0a</data></match></read>
    <read><delim>\x0a</delim><match><data>\x7c! \x2b             \x2b        \x7c\x0a</data></match></read>
    <read><delim>\x0a</delim><match><data>\x7c!\x2b        \x2b              \x7c\x0a</data></match></read>
    <read><delim>\x0a</delim><match><data>\x7c!                        \x7c\x0a</data></match></read>
    <read><delim>\x0a</delim><match><data>\x7c!    \x2b\x2b                  \x7c\x0a</data></match></read>
    <read><delim>\x0a</delim><match><data>\x7c!                        \x7c\x0a</data></match></read>
    <read><delim>\x0a</delim><match><data>\x7c!\x2b            \x2b  \x2b       \x7c\x0a</data></match></read>
    <read><delim>\x0a</delim><match><data>\x7c!\x2b                     \x2b \x7c\x0a</data></match></read>
    <read><delim>\x0a</delim><match><data>\x7c!         \x2b     \x2b        \x7c\x0a</data></match></read>
    <read><delim>\x0a</delim><match><data>\x7c!                        \x7c\x0a</data></match></read>
    <read><delim>\x0a</delim><match><data>\x7c!                        \x7c\x0a</data></match></read>
    <read><delim>\x0a</delim><match><data>\x7c!                        \x7c\x0a</data></match></read>
    <read><delim>\x0a</delim><match><data>\x7c!                        \x7c\x0a</data></match></read>
    <read><delim>\x0a</delim><match><data>\x7c!                        \x7c\x0a</data></match></read>
    <read><delim>\x0a</delim><match><data>\x7c!                        \x7c\x0a</data></match></read>
    <read><delim>\x0a</delim><match><data>\x7cW                        \x7c\x0a</data></match></read>
    <read><delim>\x0a</delim><match><data>\x2d\x2d\x2d\x2d\x2d\x2d\x2d\x2d\x2d\x2d\x2d\x2d\x2d\x2d\x2d\x2d\x2d\x2d\x2d\x2d\x2d\x2d\x2d\x2d\x2d\x2d\x2d\x0a</data></match></read>
    <read><delim>\x0a</delim><match><data>\x09\x09Level \x231\x0a</data></match></read>
    <write><data>f\x0a</data></write>
    <read><delim>\x0a</delim><match><data>\x09Welcome to Attackers General ngpfsnvfhahmknlcvkzpxpmnrxiajygx!\x0a</data></match></read>
    <read><delim>\x0a</delim><match><data>\x2d\x2d\x2d\x2d\x2d\x2d\x2d\x2d\x2d\x2d\x2d\x2d\x2d\x2d\x2d\x2d\x2d\x2d\x2d\x2d\x2d\x2d\x2d\x2d\x2d\x2d\x2d\x0a</data></match></read>
    <read><delim>\x0a</delim><match><data>\x7c\x23 \x23  \x23    \x23   \x23  \x23\x23      \x7c\x0a</data></match></read>
    <read><delim>\x0a</delim><match><data>\x7c       \x23 \x23   \x23       \x23\x23  \x7c\x0a</data></match></read>
    <read><delim>\x0a</delim><match><data>\x7c\x23 \x23       \x23 \x23 \x23      \x23   \x7c\x0a</data></match></read>
    <read><delim>\x0a</delim><match><data>\x7c     \x23 \x23\x23        \x23\x23   \x23  \x7c\x0a</data></match></read>
    <read><delim>\x0a</delim><match><data>\x7c               \x2b \x2b       \x7c\x0a</data></match></read>
    <read><delim>\x0a</delim><match><data>\x7c                         \x7c\x0a</data></match></read>
    <read><delim>\x0a</delim><match><data>\x7c           \x2b         \x2b\x2b  \x7c\x0a</data></match></read>
    <read><delim>\x0a</delim><match><data>\x7c       \x2b          \x2b   \x2b  \x7c\x0a</data></match></read>
    <read><delim>\x0a</delim><match><data>\x7c!           \x2b \x2b   \x2b      \x7c\x0a</data></match></read>
    <read><delim>\x0a</delim><match><data>\x7c!      \x2b                 \x7c\x0a</data></match></read>
    <read><delim>\x0a</delim><match><data>\x7c!          \x2b          \x2b  \x7c\x0a</data></match></read>
    <read><delim>\x0a</delim><match><data>\x7c! \x2b             \x2b        \x7c\x0a</data></match></read>
    <read><delim>\x0a</delim><match><data>\x7c!\x2b        \x2b              \x7c\x0a</data></match></read>
    <read><delim>\x0a</delim><match><data>\x7c!                        \x7c\x0a</data></match></read>
    <read><delim>\x0a</delim><match><data>\x7c!    \x2b\x2b                  \x7c\x0a</data></match></read>
    <read><delim>\x0a</delim><match><data>\x7c!                        \x7c\x0a</data></match></read>
    <read><delim>\x0a</delim><match><data>\x7c!\x2b            \x2b  \x2b       \x7c\x0a</data></match></read>
    <read><delim>\x0a</delim><match><data>\x7c!\x2b                     \x2b \x7c\x0a</data></match></read>
    <read><delim>\x0a</delim><match><data>\x7c!         \x2b     \x2b        \x7c\x0a</data></match></read>
    <read><delim>\x0a</delim><match><data>\x7c!                        \x7c\x0a</data></match></read>
    <read><delim>\x0a</delim><match><data>\x7c!                        \x7c\x0a</data></match></read>
    <read><delim>\x0a</delim><match><data>\x7c!                        \x7c\x0a</data></match></read>
    <read><delim>\x0a</delim><match><data>\x7c!                        \x7c\x0a</data></match></read>
    <read><delim>\x0a</delim><match><data>\x7c!                        \x7c\x0a</data></match></read>
    <read><delim>\x0a</delim><match><data>\x7cW                        \x7c\x0a</data></match></read>
    <read><delim>\x0a</delim><match><data>\x2d\x2d\x2d\x2d\x2d\x2d\x2d\x2d\x2d\x2d\x2d\x2d\x2d\x2d\x2d\x2d\x2d\x2d\x2d\x2d\x2d\x2d\x2d\x2d\x2d\x2d\x2d\x0a</data></match></read>
    <read><delim>\x0a</delim><match><data>\x09\x09Level \x231\x0a</data></match></read>
    <write><data>v\x0a</data></write>
    <read><delim>\x0a</delim><match><data>\x09Welcome to Attackers General ngpfsnvfhahmknlcvkzpxpmnrxiajygx!\x0a</data></match></read>
    <read><delim>\x0a</delim><match><data>\x2d\x2d\x2d\x2d\x2d\x2d\x2d\x2d\x2d\x2d\x2d\x2d\x2d\x2d\x2d\x2d\x2d\x2d\x2d\x2d\x2d\x2d\x2d\x2d\x2d\x2d\x2d\x0a</data></match></read>
    <read><delim>\x0a</delim><match><data>\x7c \x23 \x23\x23     \x23   \x23  \x23 \x23     \x7c\x0a</data></match></read>
    <read><delim>\x0a</delim><match><data>\x7c       \x23 \x23   \x23       \x23\x23  \x7c\x0a</data></match></read>
    <read><delim>\x0a</delim><match><data>\x7c  \x23  \x23 \x23         \x23   \x23   \x7c\x0a</data></match></read>
    <read><delim>\x0a</delim><match><data>\x7c\x23 \x2b      \x23\x23 \x23 \x23   \x23    \x23 \x7c\x0a</data></match></read>
    <read><delim>\x0a</delim><match><data>\x7c                         \x7c\x0a</data></match></read>
    <read><delim>\x0a</delim><match><data>\x7c               \x2b \x2b       \x7c\x0a</data></match></read>
    <read><delim>\x0a</delim><match><data>\x7c                         \x7c\x0a</data></match></read>
    <read><delim>\x0a</delim><match><data>\x7c!          \x2b         \x2b\x2b  \x7c\x0a</data></match></read>
    <read><delim>\x0a</delim><match><data>\x7c!      \x2b          \x2b   \x2b  \x7c\x0a</data></match></read>
    <read><delim>\x0a</delim><match><data>\x7c!           \x2b \x2b   \x2b      \x7c\x0a</data></match></read>
    <read><delim>\x0a</delim><match><data>\x7c!      \x2b                 \x7c\x0a</data></match></read>
    <read><delim>\x0a</delim><match><data>\x7c!          \x2b          \x2b  \x7c\x0a</data></match></read>
    <read><delim>\x0a</delim><match><data>\x7c! \x2b             \x2b        \x7c\x0a</data></match></read>
    <read><delim>\x0a</delim><match><data>\x7c!\x2b        \x2b              \x7c\x0a</data></match></read>
    <read><delim>\x0a</delim><match><data>\x7c!                        \x7c\x0a</data></match></read>
    <read><delim>\x0a</delim><match><data>\x7c!    \x2b\x2b                  \x7c\x0a</data></match></read>
    <read><delim>\x0a</delim><match><data>\x7c!                        \x7c\x0a</data></match></read>
    <read><delim>\x0a</delim><match><data>\x7c!\x2b            \x2b  \x2b       \x7c\x0a</data></match></read>
    <read><delim>\x0a</delim><match><data>\x7c!\x2b                     \x2b \x7c\x0a</data></match></read>
    <read><delim>\x0a</delim><match><data>\x7c!         \x2b     \x2b        \x7c\x0a</data></match></read>
    <read><delim>\x0a</delim><match><data>\x7c!                        \x7c\x0a</data></match></read>
    <read><delim>\x0a</delim><match><data>\x7c!                        \x7c\x0a</data></match></read>
    <read><delim>\x0a</delim><match><data>\x7c!                        \x7c\x0a</data></match></read>
    <read><delim>\x0a</delim><match><data>\x7c!                        \x7c\x0a</data></match></read>
    <read><delim>\x0a</delim><match><data>\x7cW                        \x7c\x0a</data></match></read>
    <read><delim>\x0a</delim><match><data>\x2d\x2d\x2d\x2d\x2d\x2d\x2d\x2d\x2d\x2d\x2d\x2d\x2d\x2d\x2d\x2d\x2d\x2d\x2d\x2d\x2d\x2d\x2d\x2d\x2d\x2d\x2d\x0a</data></match></read>
    <read><delim>\x0a</delim><match><data>\x09\x09Level \x231\x0a</data></match></read>
    <write><data>f\x0a</data></write>
    <read><delim>\x0a</delim><match><data>\x09Welcome to Attackers General ngpfsnvfhahmknlcvkzpxpmnrxiajygx!\x0a</data></match></read>
    <read><delim>\x0a</delim><match><data>\x2d\x2d\x2d\x2d\x2d\x2d\x2d\x2d\x2d\x2d\x2d\x2d\x2d\x2d\x2d\x2d\x2d\x2d\x2d\x2d\x2d\x2d\x2d\x2d\x2d\x2d\x2d\x0a</data></match></read>
    <read><delim>\x0a</delim><match><data>\x7c \x23 \x23       \x23 \x23 \x23 \x23       \x7c\x0a</data></match></read>
    <read><delim>\x0a</delim><match><data>\x7c    \x23  \x23 \x23         \x23 \x23 \x23 \x7c\x0a</data></match></read>
    <read><delim>\x0a</delim><match><data>\x7c\x23    \x23 \x23  \x23 \x23 \x23      \x23   \x7c\x0a</data></match></read>
    <read><delim>\x0a</delim><match><data>\x7c  \x23    \x2b \x23       \x23\x23    \x23 \x7c\x0a</data></match></read>
    <read><delim>\x0a</delim><match><data>\x7c  \x2b               \x2b      \x7c\x0a</data></match></read>
    <read><delim>\x0a</delim><match><data>\x7c                         \x7c\x0a</data></match></read>
    <read><delim>\x0a</delim><match><data>\x7c!              \x2b \x2b       \x7c\x0a</data></match></read>
    <read><delim>\x0a</delim><match><data>\x7c!                        \x7c\x0a</data></match></read>
    <read><delim>\x0a</delim><match><data>\x7c!          \x2b         \x2b\x2b  \x7c\x0a</data></match></read>
    <read><delim>\x0a</delim><match><data>\x7c!      \x2b          \x2b   \x2b  \x7c\x0a</data></match></read>
    <read><delim>\x0a</delim><match><data>\x7c!           \x2b \x2b   \x2b      \x7c\x0a</data></match></read>
    <read><delim>\x0a</delim><match><data>\x7c!      \x2b                 \x7c\x0a</data></match></read>
    <read><delim>\x0a</delim><match><data>\x7c!          \x2b          \x2b  \x7c\x0a</data></match></read>
    <read><delim>\x0a</delim><match><data>\x7c! \x2b             \x2b        \x7c\x0a</data></match></read>
    <read><delim>\x0a</delim><match><data>\x7c!\x2b        \x2b              \x7c\x0a</data></match></read>
    <read><delim>\x0a</delim><match><data>\x7c!                        \x7c\x0a</data></match></read>
    <read><delim>\x0a</delim><match><data>\x7c!    \x2b\x2b                  \x7c\x0a</data></match></read>
    <read><delim>\x0a</delim><match><data>\x7c!                        \x7c\x0a</data></match></read>
    <read><delim>\x0a</delim><match><data>\x7c!\x2b            \x2b  \x2b       \x7c\x0a</data></match></read>
    <read><delim>\x0a</delim><match><data>\x7c!\x2b                     \x2b \x7c\x0a</data></match></read>
    <read><delim>\x0a</delim><match><data>\x7c!         \x2b     \x2b        \x7c\x0a</data></match></read>
    <read><delim>\x0a</delim><match><data>\x7c!                        \x7c\x0a</data></match></read>
    <read><delim>\x0a</delim><match><data>\x7c!                        \x7c\x0a</data></match></read>
    <read><delim>\x0a</delim><match><data>\x7c!                        \x7c\x0a</data></match></read>
    <read><delim>\x0a</delim><match><data>\x7cW                        \x7c\x0a</data></match></read>
    <read><delim>\x0a</delim><match><data>\x2d\x2d\x2d\x2d\x2d\x2d\x2d\x2d\x2d\x2d\x2d\x2d\x2d\x2d\x2d\x2d\x2d\x2d\x2d\x2d\x2d\x2d\x2d\x2d\x2d\x2d\x2d\x0a</data></match></read>
    <read><delim>\x0a</delim><match><data>\x09\x09Level \x231\x0a</data></match></read>
    <write><data>u\x0a</data></write>
    <read><delim>\x0a</delim><match><data>\x09Welcome to Attackers General ngpfsnvfhahmknlcvkzpxpmnrxiajygx!\x0a</data></match></read>
    <read><delim>\x0a</delim><match><data>\x2d\x2d\x2d\x2d\x2d\x2d\x2d\x2d\x2d\x2d\x2d\x2d\x2d\x2d\x2d\x2d\x2d\x2d\x2d\x2d\x2d\x2d\x2d\x2d\x2d\x2d\x2d\x0a</data></match></read>
    <read><delim>\x0a</delim><match><data>\x7c \x23 \x23         \x23   \x23       \x7c\x0a</data></match></read>
    <read><delim>\x0a</delim><match><data>\x7c     \x23 \x23\x23  \x23   \x23   \x23 \x23 \x23 \x7c\x0a</data></match></read>
    <read><delim>\x0a</delim><match><data>\x7c \x23   \x23 \x23   \x23 \x23    \x23  \x23 \x23 \x7c\x0a</data></match></read>
    <read><delim>\x0a</delim><match><data>\x7c  \x23  \x2b  \x23     \x23  \x23       \x7c\x0a</data></match></read>
    <read><delim>\x0a</delim><match><data>\x7c       \x2b         \x2b       \x7c\x0a</data></match></read>
    <read><delim>\x0a</delim><match><data>\x7c! \x2b               \x2b      \x7c\x0a</data></match></read>
    <read><delim>\x0a</delim><match><data>\x7c!                        \x7c\x0a</data></match></read>
    <read><delim>\x0a</delim><match><data>\x7c!              \x2b \x2b       \x7c\x0a</data></match></read>
    <read><delim>\x0a</delim><match><data>\x7c!                        \x7c\x0a</data></match></read>
    <read><delim>\x0a</delim><match><data>\x7c!          \x2b         \x2b\x2b  \x7c\x0a</data></match></read>
    <read><delim>\x0a</delim><match><data>\x7c!      \x2b          \x2b   \x2b  \x7c\x0a</data></match></read>
    <read><delim>\x0a</delim><match><data>\x7c!           \x2b \x2b   \x2b      \x7c\x0a</data></match></read>
    <read><delim>\x0a</delim><match><data>\x7c!      \x2b                 \x7c\x0a</data></match></read>
    <read><delim>\x0a</delim><match><data>\x7c!          \x2b          \x2b  \x7c\x0a</data></match></read>
    <read><delim>\x0a</delim><match><data>\x7c! \x2b             \x2b        \x7c\x0a</data></match></read>
    <read><delim>\x0a</delim><match><data>\x7c!\x2b        \x2b              \x7c\x0a</data></match></read>
    <read><delim>\x0a</delim><match><data>\x7c!                        \x7c\x0a</data></match></read>
    <read><delim>\x0a</delim><match><data>\x7c!    \x2b\x2b                  \x7c\x0a</data></match></read>
    <read><delim>\x0a</delim><match><data>\x7c!                        \x7c\x0a</data></match></read>
    <read><delim>\x0a</delim><match><data>\x7c!\x2b            \x2b  \x2b       \x7c\x0a</data></match></read>
    <read><delim>\x0a</delim><match><data>\x7c!\x2b                     \x2b \x7c\x0a</data></match></read>
    <read><delim>\x0a</delim><match><data>\x7c!         \x2b     \x2b        \x7c\x0a</data></match></read>
    <read><delim>\x0a</delim><match><data>\x7c!                        \x7c\x0a</data></match></read>
    <read><delim>\x0a</delim><match><data>\x7c!                        \x7c\x0a</data></match></read>
    <read><delim>\x0a</delim><match><data>\x7cW                        \x7c\x0a</data></match></read>
    <read><delim>\x0a</delim><match><data>\x2d\x2d\x2d\x2d\x2d\x2d\x2d\x2d\x2d\x2d\x2d\x2d\x2d\x2d\x2d\x2d\x2d\x2d\x2d\x2d\x2d\x2d\x2d\x2d\x2d\x2d\x2d\x0a</data></match></read>
    <read><delim>\x0a</delim><match><data>\x09\x09Level \x231\x0a</data></match></read>
    <write><data>g\x0a</data></write>
    <read><delim>\x0a</delim><match><data>\x09Welcome to Attackers General ngpfsnvfhahmknlcvkzpxpmnrxiajygx!\x0a</data></match></read>
    <read><delim>\x0a</delim><match><data>\x2d\x2d\x2d\x2d\x2d\x2d\x2d\x2d\x2d\x2d\x2d\x2d\x2d\x2d\x2d\x2d\x2d\x2d\x2d\x2d\x2d\x2d\x2d\x2d\x2d\x2d\x2d\x0a</data></match></read>
    <read><delim>\x0a</delim><match><data>\x7c                         \x7c\x0a</data></match></read>
    <read><delim>\x0a</delim><match><data>\x7c\x23 \x23     \x23    \x23     \x23 \x23   \x7c\x0a</data></match></read>
    <read><delim>\x0a</delim><match><data>\x7c     \x23\x23    \x23  \x23  \x23    \x23  \x7c\x0a</data></match></read>
    <read><delim>\x0a</delim><match><data>\x7c \x23\x23 \x23 \x23      \x23    \x23  \x23\x23  \x7c\x0a</data></match></read>
    <read><delim>\x0a</delim><match><data>\x7c!\x2b   \x2b  \x23  \x23 \x2b \x23\x23        \x7c\x0a</data></match></read>
    <read><delim>\x0a</delim><match><data>\x7c!      \x2b\x2b        \x2b       \x7c\x0a</data></match></read>
    <read><delim>\x0a</delim><match><data>\x7c! \x2b               \x2b      \x7c\x0a</data></match></read>
    <read><delim>\x0a</delim><match><data>\x7c!                        \x7c\x0a</data></match></read>
    <read><delim>\x0a</delim><match><data>\x7c!              \x2b \x2b       \x7c\x0a</data></match></read>
    <read><delim>\x0a</delim><match><data>\x7c!                        \x7c\x0a</data></match></read>
    <read><delim>\x0a</delim><match><data>\x7c!          \x2b         \x2b\x2b  \x7c\x0a</data></match></read>
    <read><delim>\x0a</delim><match><data>\x7c!      \x2b          \x2b   \x2b  \x7c\x0a</data></match></read>
    <read><delim>\x0a</delim><match><data>\x7c!           \x2b \x2b   \x2b      \x7c\x0a</data></match></read>
    <read><delim>\x0a</delim><match><data>\x7c!      \x2b                 \x7c\x0a</data></match></read>
    <read><delim>\x0a</delim><match><data>\x7c!          \x2b          \x2b  \x7c\x0a</data></match></read>
    <read><delim>\x0a</delim><match><data>\x7c! \x2b             \x2b        \x7c\x0a</data></match></read>
    <read><delim>\x0a</delim><match><data>\x7c!\x2b        \x2b              \x7c\x0a</data></match></read>
    <read><delim>\x0a</delim><match><data>\x7c!                        \x7c\x0a</data></match></read>
    <read><delim>\x0a</delim><match><data>\x7c!    \x2b\x2b                  \x7c\x0a</data></match></read>
    <read><delim>\x0a</delim><match><data>\x7c!                        \x7c\x0a</data></match></read>
    <read><delim>\x0a</delim><match><data>\x7c!\x2b            \x2b  \x2b       \x7c\x0a</data></match></read>
    <read><delim>\x0a</delim><match><data>\x7c!\x2b                     \x2b \x7c\x0a</data></match></read>
    <read><delim>\x0a</delim><match><data>\x7c!         \x2b     \x2b        \x7c\x0a</data></match></read>
    <read><delim>\x0a</delim><match><data>\x7c!                        \x7c\x0a</data></match></read>
    <read><delim>\x0a</delim><match><data>\x7cW                        \x7c\x0a</data></match></read>
    <read><delim>\x0a</delim><match><data>\x2d\x2d\x2d\x2d\x2d\x2d\x2d\x2d\x2d\x2d\x2d\x2d\x2d\x2d\x2d\x2d\x2d\x2d\x2d\x2d\x2d\x2d\x2d\x2d\x2d\x2d\x2d\x0a</data></match></read>
    <read><delim>\x0a</delim><match><data>\x09\x09Level \x232\x0a</data></match></read>
    <write><data>d\x0a</data></write>
    <read><delim>\x0a</delim><match><data>\x09Welcome to Attackers General ngpfsnvfhahmknlcvkzpxpmnrxiajygx!\x0a</data></match></read>
    <read><delim>\x0a</delim><match><data>\x2d\x2d\x2d\x2d\x2d\x2d\x2d\x2d\x2d\x2d\x2d\x2d\x2d\x2d\x2d\x2d\x2d\x2d\x2d\x2d\x2d\x2d\x2d\x2d\x2d\x2d\x2d\x0a</data></match></read>
    <read><delim>\x0a</delim><match><data>\x7c                         \x7c\x0a</data></match></read>
    <read><delim>\x0a</delim><match><data>\x7c\x23 \x23     \x23  \x23 \x23\x23  \x23  \x23    \x7c\x0a</data></match></read>
    <read><delim>\x0a</delim><match><data>\x7c    \x23 \x23            \x23  \x23  \x7c\x0a</data></match></read>
    <read><delim>\x0a</delim><match><data>\x7c!\x23\x23 \x23 \x23        \x23   \x23  \x23  \x7c\x0a</data></match></read>
    <read><delim>\x0a</delim><match><data>\x7c!\x2b  \x2b \x2b \x23 \x23  \x23   \x23   \x23   \x7c\x0a</data></match></read>
    <read><delim>\x0a</delim><match><data>\x7c!\x2b   \x2b  \x2b    \x2b           \x7c\x0a</data></match></read>
    <read><delim>\x0a</delim><match><data>\x7c!      \x2b\x2b        \x2b       \x7c\x0a</data></match></read>
    <read><delim>\x0a</delim><match><data>\x7c! \x2b               \x2b      \x7c\x0a</data></match></read>
    <read><delim>\x0a</delim><match><data>\x7c!                        \x7c\x0a</data></match></read>
    <read><delim>\x0a</delim><match><data>\x7c!              \x2b \x2b       \x7c\x0a</data></match></read>
    <read><delim>\x0a</delim><match><data>\x7c!                        \x7c\x0a</data></match></read>
    <read><delim>\x0a</delim><match><data>\x7c!          \x2b         \x2b\x2b  \x7c\x0a</data></match></read>
    <read><delim>\x0a</delim><match><data>\x7c!      \x2b          \x2b   \x2b  \x7c\x0a</data></match></read>
    <read><delim>\x0a</delim><match><data>\x7c!           \x2b \x2b   \x2b      \x7c\x0a</data></match></read>
    <read><delim>\x0a</delim><match><data>\x7c!      \x2b                 \x7c\x0a</data></match></read>
    <read><delim>\x0a</delim><match><data>\x7c!          \x2b          \x2b  \x7c\x0a</data></match></read>
    <read><delim>\x0a</delim><match><data>\x7c! \x2b             \x2b        \x7c\x0a</data></match></read>
    <read><delim>\x0a</delim><match><data>\x7c!\x2b        \x2b              \x7c\x0a</data></match></read>
    <read><delim>\x0a</delim><match><data>\x7c!                        \x7c\x0a</data></match></read>
    <read><delim>\x0a</delim><match><data>\x7c!    \x2b\x2b                  \x7c\x0a</data></match></read>
    <read><delim>\x0a</delim><match><data>\x7c!                        \x7c\x0a</data></match></read>
    <read><delim>\x0a</delim><match><data>\x7c!\x2b            \x2b  \x2b       \x7c\x0a</data></match></read>
    <read><delim>\x0a</delim><match><data>\x7c!\x2b                     \x2b \x7c\x0a</data></match></read>
    <read><delim>\x0a</delim><match><data>\x7c!         \x2b     \x2b        \x7c\x0a</data></match></read>
    <read><delim>\x0a</delim><match><data>\x7cW                        \x7c\x0a</data></match></read>
    <read><delim>\x0a</delim><match><data>\x2d\x2d\x2d\x2d\x2d\x2d\x2d\x2d\x2d\x2d\x2d\x2d\x2d\x2d\x2d\x2d\x2d\x2d\x2d\x2d\x2d\x2d\x2d\x2d\x2d\x2d\x2d\x0a</data></match></read>
    <read><delim>\x0a</delim><match><data>\x09\x09Level \x232\x0a</data></match></read>
    <write><data>p\x0a</data></write>
    <read><delim>\x0a</delim><match><data>\x09Welcome to Attackers General ngpfsnvfhahmknlcvkzpxpmnrxiajygx!\x0a</data></match></read>
    <read><delim>\x0a</delim><match><data>\x2d\x2d\x2d\x2d\x2d\x2d\x2d\x2d\x2d\x2d\x2d\x2d\x2d\x2d\x2d\x2d\x2d\x2d\x2d\x2d\x2d\x2d\x2d\x2d\x2d\x2d\x2d\x0a</data></match></read>
    <read><delim>\x0a</delim><match><data>\x7c                         \x7c\x0a</data></match></read>
    <read><delim>\x0a</delim><match><data>\x7c \x23\x23          \x23\x23     \x23    \x7c\x0a</data></match></read>
    <read><delim>\x0a</delim><match><data>\x7c!   \x23  \x23\x23  \x23     \x23\x23   \x23  \x7c\x0a</data></match></read>
    <read><delim>\x0a</delim><match><data>\x7c!\x23     \x23  \x23   \x23          \x7c\x0a</data></match></read>
    <read><delim>\x0a</delim><match><data>\x7c!\x2b\x23 \x23    \x23   \x23   \x23 \x23 \x23\x23  \x7c\x0a</data></match></read>
    <read><delim>\x0a</delim><match><data>\x7c!\x2b  \x2b \x2b      \x2b           \x7c\x0a</data></match></read>
    <read><delim>\x0a</delim><match><data>\x7c!\x2b   \x2b  \x2b    \x2b           \x7c\x0a</data></match></read>
    <read><delim>\x0a</delim><match><data>\x7c!      \x2b\x2b        \x2b       \x7c\x0a</data></match></read>
    <read><delim>\x0a</delim><match><data>\x7c! \x2b               \x2b      \x7c\x0a</data></match></read>
    <read><delim>\x0a</delim><match><data>\x7c!                        \x7c\x0a</data></match></read>
    <read><delim>\x0a</delim><match><data>\x7c!              \x2b \x2b       \x7c\x0a</data></match></read>
    <read><delim>\x0a</delim><match><data>\x7c!                        \x7c\x0a</data></match></read>
    <read><delim>\x0a</delim><match><data>\x7c!          \x2b         \x2b\x2b  \x7c\x0a</data></match></read>
    <read><delim>\x0a</delim><match><data>\x7c!      \x2b          \x2b   \x2b  \x7c\x0a</data></match></read>
    <read><delim>\x0a</delim><match><data>\x7c!           \x2b \x2b   \x2b      \x7c\x0a</data></match></read>
    <read><delim>\x0a</delim><match><data>\x7c!      \x2b                 \x7c\x0a</data></match></read>
    <read><delim>\x0a</delim><match><data>\x7c!          \x2b          \x2b  \x7c\x0a</data></match></read>
    <read><delim>\x0a</delim><match><data>\x7c! \x2b             \x2b        \x7c\x0a</data></match></read>
    <read><delim>\x0a</delim><match><data>\x7c!\x2b        \x2b              \x7c\x0a</data></match></read>
    <read><delim>\x0a</delim><match><data>\x7c!                        \x7c\x0a</data></match></read>
    <read><delim>\x0a</delim><match><data>\x7c!    \x2b\x2b                  \x7c\x0a</data></match></read>
    <read><delim>\x0a</delim><match><data>\x7c!                        \x7c\x0a</data></match></read>
    <read><delim>\x0a</delim><match><data>\x7c!\x2b            \x2b  \x2b       \x7c\x0a</data></match></read>
    <read><delim>\x0a</delim><match><data>\x7c \x2b                     \x2b \x7c\x0a</data></match></read>
    <read><delim>\x0a</delim><match><data>\x7c W        \x2b     \x2b        \x7c\x0a</data></match></read>
    <read><delim>\x0a</delim><match><data>\x2d\x2d\x2d\x2d\x2d\x2d\x2d\x2d\x2d\x2d\x2d\x2d\x2d\x2d\x2d\x2d\x2d\x2d\x2d\x2d\x2d\x2d\x2d\x2d\x2d\x2d\x2d\x0a</data></match></read>
    <read><delim>\x0a</delim><match><data>\x09\x09Level \x232\x0a</data></match></read>
    <write><data>p\x0a</data></write>
    <read><delim>\x0a</delim><match><data>\x09Welcome to Attackers General ngpfsnvfhahmknlcvkzpxpmnrxiajygx!\x0a</data></match></read>
    <read><delim>\x0a</delim><match><data>\x2d\x2d\x2d\x2d\x2d\x2d\x2d\x2d\x2d\x2d\x2d\x2d\x2d\x2d\x2d\x2d\x2d\x2d\x2d\x2d\x2d\x2d\x2d\x2d\x2d\x2d\x2d\x0a</data></match></read>
    <read><delim>\x0a</delim><match><data>\x7c                         \x7c\x0a</data></match></read>
    <read><delim>\x0a</delim><match><data>\x7c!  \x23        \x23 \x23     \x23    \x7c\x0a</data></match></read>
    <read><delim>\x0a</delim><match><data>\x7c!\x23   \x23\x23 \x23  \x23    \x23 \x23   \x23  \x7c\x0a</data></match></read>
    <read><delim>\x0a</delim><match><data>\x7c       \x23       \x23     \x23   \x7c\x0a</data></match></read>
    <read><delim>\x0a</delim><match><data>\x7c! \x23 \x23  \x2b \x23\x23  \x23  \x23  \x23  \x23  \x7c\x0a</data></match></read>
    <read><delim>\x0a</delim><match><data>\x7c!\x2b           \x2b     \x2b     \x7c\x0a</data></match></read>
    <read><delim>\x0a</delim><match><data>\x7c!\x2b  \x2b \x2b      \x2b           \x7c\x0a</data></match></read>
    <read><delim>\x0a</delim><match><data>\x7c!\x2b   \x2b  \x2b    \x2b           \x7c\x0a</data></match></read>
    <read><delim>\x0a</delim><match><data>\x7c!      \x2b\x2b        \x2b       \x7c\x0a</data></match></read>
    <read><delim>\x0a</delim><match><data>\x7c! \x2b               \x2b      \x7c\x0a</data></match></read>
    <read><delim>\x0a</delim><match><data>\x7c!                        \x7c\x0a</data></match></read>
    <read><delim>\x0a</delim><match><data>\x7c!              \x2b \x2b       \x7c\x0a</data></match></read>
    <read><delim>\x0a</delim><match><data>\x7c!                        \x7c\x0a</data></match></read>
    <read><delim>\x0a</delim><match><data>\x7c!          \x2b         \x2b\x2b  \x7c\x0a</data></match></read>
    <read><delim>\x0a</delim><match><data>\x7c!      \x2b          \x2b   \x2b  \x7c\x0a</data></match></read>
    <read><delim>\x0a</delim><match><data>\x7c!           \x2b \x2b   \x2b      \x7c\x0a</data></match></read>
    <read><delim>\x0a</delim><match><data>\x7c!      \x2b                 \x7c\x0a</data></match></read>
    <read><delim>\x0a</delim><match><data>\x7c!          \x2b          \x2b  \x7c\x0a</data></match></read>
    <read><delim>\x0a</delim><match><data>\x7c! \x2b             \x2b        \x7c\x0a</data></match></read>
    <read><delim>\x0a</delim><match><data>\x7c!\x2b        \x2b              \x7c\x0a</data></match></read>
    <read><delim>\x0a</delim><match><data>\x7c!                        \x7c\x0a</data></match></read>
    <read><delim>\x0a</delim><match><data>\x7c!    \x2b\x2b                  \x7c\x0a</data></match></read>
    <read><delim>\x0a</delim><match><data>\x7c                         \x7c\x0a</data></match></read>
    <read><delim>\x0a</delim><match><data>\x7c \x2b            \x2b  \x2b       \x7c\x0a</data></match></read>
    <read><delim>\x0a</delim><match><data>\x7c W                     \x2b \x7c\x0a</data></match></read>
    <read><delim>\x0a</delim><match><data>\x2d\x2d\x2d\x2d\x2d\x2d\x2d\x2d\x2d\x2d\x2d\x2d\x2d\x2d\x2d\x2d\x2d\x2d\x2d\x2d\x2d\x2d\x2d\x2d\x2d\x2d\x2d\x0a</data></match></read>
    <read><delim>\x0a</delim><match><data>\x09\x09Level \x232\x0a</data></match></read>
    <read><delim>\x0a</delim><match><data>\x09\x09you lose\x0a</data></match></read>
    <read><delim>\x0a</delim><match><data>\x0a</data></match></read>
    <read><delim>\x0a</delim><match><data>\x0a</data></match></read>
    <read><delim>\x0a</delim><match><data>\x0a</data></match></read>
    <read><delim>\x0a</delim><match><data>\x0a</data></match></read>
</replay>
</pov>