<?xml version="1.0" standalone="no" ?>
<!DOCTYPE pov SYSTEM "/usr/share/cgc-docs/replay.dtd">
<pov>
<cbid>service</cbid>
<seed>d885f8c26d53b9898bee023f3dd724abadd6bdebdf2987ba90dcb9905e2f2764c206b562934d82d9b9f6044cd33dd884</seed>
<replay>
    <delay>50</delay>
    <read><delim>:</delim><match><data>sendmail:</data></match></read>
    <write><data>LIST CsWv\x3d\x5f.LY7\x5ctq\x5e\x5f\x5d34nEq\x5f\x0a</data></write>
    <read><delim>\x0a</delim><match><data>0\x29 From:\x5e.\x7cxmVypY To: \x5c\x5bi\x3eK69\x2fSViLkaar\x3b\x5bJ\x5bA\x3dmF3 SUBJECT:aV9\x3bkMh\x7bM\x60sIbuJLUmxvg\x5e</data></match></read>
    <write><data>QUIT\x0a</data></write>
    <read><delim>\x0a</delim><match><data>Goodbye.</data></match></read>
</replay>
</pov>