<?xml version="1.0" standalone="no" ?>
<!DOCTYPE pov SYSTEM "/usr/share/cgc-docs/replay.dtd">
<pov>
<cbid>service</cbid>
<seed>cb4cebb4e87b9dfa92241741cd81c271bb4a7dc5893f0ab33aab4a5fe26924e877f8d73076f9b6242f0c5bd758f99f65</seed>
<replay>
    <delay>50</delay>
    <read><delim>:</delim><match><data>sendmail:</data></match></read>
    <write><data>ADDRESSBOOK\x0a</data></write>
    <read><delim>\x0a</delim><match><data>Address Book:</data></match></read>
    <read><delim>\x0a</delim><match><data>1\x29 JIv\x7cn7b\x3cF\x40hhZVA\x7c\x40b\x3e\x5d\x3b\x7ccv\x3ez\x60cco\x3e3\x3bkU \x5b1\x5d</data></match></read>
    <read><delim>\x0a</delim><match><data>2\x29 CVmr\x7e\x40f\x60cgS6c9Bja \x5b0\x5d</data></match></read>
    <read><delim>\x0a</delim><match><data>3\x29 h1\x5da\x60I\x3eDfGO1lFk5X1Z\x5d45jn\x40L\x7c2F\x3d\x3dgvU \x5b1\x5d</data></match></read>
    <read><delim>\x0a</delim><match><data>4\x29 o\x5faOc2M3\x7bzll\x7dAtWPi\x3b\x40\x3eUAz?hbiw\x5f\x7d\x7biG\x7c\x40h \x5b0\x5d</data></match></read>
    <read><delim>\x0a</delim><match><data>5\x29 \x7cg\x5fE\x5b59\x40TBuZ01tk\x5cjucLx\x40\x5e\x2fzyc\x5c6Rvk \x5b0\x5d</data></match></read>
    <read><delim>\x0a</delim><match><data>6\x29 \x5bSmjZ\x3d?dU\x7b\x3b\x7dC9\x5eB8jX\x40IGC\x3cY\x5c3aIse \x5b1\x5d</data></match></read>
    <read><delim>\x0a</delim><match><data>7\x29 Pw1DbQa65bx3oOt6\x5eO4X\x40FcHb\x5b3k8DR.2niqxS\x5dOjLfhuldO\x5f \x5b0\x5d</data></match></read>
    <read><delim>\x0a</delim><match><data>8\x29 Bgi1\x40RdHTy\x5e8bevn0ZHCvMm2CQs \x5b0\x5d</data></match></read>
    <read><delim>\x0a</delim><match><data>9\x29 Xu\x5f\x3c9\x40FC4vSu\x3dGNFjhh6ZuF\x7dk\x7eaI \x5b1\x5d</data></match></read>
    <read><delim>\x0a</delim><match><data>10\x29 vbr\x5dAhWp\x3dW\x2fKw\x60\x40lZoTr2lvijmEehM \x5b1\x5d</data></match></read>
    <read><delim>\x0a</delim><match><data>11\x29 rrcqV0NI3zR:43vD\x3ey\x3dE\x40v9kg\x5d7jPFRLsvJ1cK\x7bfGK\x5cbal \x5b1\x5d</data></match></read>
    <read><delim>\x0a</delim><match><data>12\x29 YB\x7dhv:E\x2f?\x7b\x7eMZnR?2IKs\x40K\x7cAwg \x5b0\x5d</data></match></read>
    <read><delim>\x0a</delim><match><data>13\x29 \x7d\x3ee\x5buQLLOvk68fl\x405oLuhVj\x7e9U\x2ft4z0g3GQG \x5b0\x5d</data></match></read>
    <read><delim>\x0a</delim><match><data>14\x29 ojTun.\x3csY3if\x3dw\x7d\x5ergUF0WT4\x60\x5dz\x40rFrs\x7c\x2fkDc\x2fyH\x3c\x7b\x5bu4LUZMN3E \x5b0\x5d</data></match></read>
    <read><delim>\x0a</delim><match><data>15\x29 \x2fPQK\x7e\x60pdogTzD\x3cUeQUPagYfmT?LMyz\x40\x5c.hLd\x5bpZhxWsfz\x5dBB\x40pi:dQey\x60rDC\x5c \x5b1\x5d</data></match></read>
    <read><delim>\x0a</delim><match><data>16\x29 zNU5g9DCN\x3b\x7ee053KL\x7c\x406T\x5fLf?uIwRo:\x3d\x3cF\x5b\x2f \x5b0\x5d</data></match></read>
    <read><delim>\x0a</delim><match><data>17\x29 mdoCei\x3bic\x5dm\x3dPLwyL\x5b5GJ\x60KS\x40yc5\x5f.\x7ddqW\x2fgid2CMGe\x7exmvzrZR \x5b1\x5d</data></match></read>
    <read><delim>\x0a</delim><match><data>18\x29 o\x7b\x3bCaDA\x3e\x2fAc\x5dpH\x5b\x7dBCK4\x3bUj\x7c\x7emc\x409TMsHnAz2yGJ\x5dki0\x3cehVIu \x5b1\x5d</data></match></read>
    <read><delim>\x0a</delim><match><data>19\x29 3F\x40\x3cB9L8evU\x40zr0 \x5b1\x5d</data></match></read>
    <read><delim>\x0a</delim><match><data>20\x29 3g\x3evk\x40zL\x2fKhmM:8f \x5b0\x5d</data></match></read>
    <write><data>READ zNU5g9DCN\x3b\x7ee053KL\x7c 0\x0a</data></write>
    <read><delim>\x0a</delim><match><data>0\x29 Subject:5xlOT\x7cRhv2odi\x5dR\x5fSEOymUs Body:e?T\x3d\x3cRkK2\x7dTEG7c997rSuo?El\x3cFqXgUKz074Zp\x3d4.\x5dCZX\x7brpT\x7cM\x5fX\x5f9ULSo5I5\x7btK3\x7dz\x7eT\x3dA1gy7D\x3cnGD9NJSuXz0LZU98z5p\x7b:\x7b\x3c\x5bCAf6yUnf\x3cq\x2f\x7dqGveNlAZCr\x5eD\x5eO7\x3d:F:d\x40lJp\x5ba9m4Zg60\x7d\x5db1Y:?aOaE\x3e4\x5b\x7ec\x60B\x7b\x5f8YOi5g\x5c\x7dL.\x3cwuS8WFJ\x5cJ\x0a</data></match></read>
    <write><data>POST sender:vbr\x5dAhWp\x3dW\x2fKw\x60!recipient:Pw1DbQa65bx3oOt6\x5eO4X!body:\x5bp\x7btd4Ai5ESfAi1Os2J4JS\x7eIzNfCldF\x5b8\x3d.\x5cG0ka?zFlfrfk\x7dELh.kf1qR\x7c\x40XRS.B1M\x3eRt:kn7\x7bbOA\x40ruszdMA7BxvYAZ\x3e\x40VchpJo\x7db\x5fHV\x2fPmGM\x7cxH\x60sg\x7e8kmC9o\x5eS1zM8jQ\x2fDI\x5f4FuVyzc9bh\x40Ve54uN6S\x60F\x2f5O\x5e\x3bC\x5fN\x3d.2TlYEvwxK8t!subject:\x7e6\x7dvAVB9RX!\x0a</data></write>
    <read><delim>\x0a</delim><match><data>Message Received</data></match></read>
    <write><data>ADDRESSBOOK\x0a</data></write>
    <read><delim>\x0a</delim><match><data>Address Book:</data></match></read>
    <read><delim>\x0a</delim><match><data>1\x29 JIv\x7cn7b\x3cF\x40hhZVA\x7c\x40b\x3e\x5d\x3b\x7ccv\x3ez\x60cco\x3e3\x3bkU \x5b1\x5d</data></match></read>
    <read><delim>\x0a</delim><match><data>2\x29 CVmr\x7e\x40f\x60cgS6c9Bja \x5b0\x5d</data></match></read>
    <read><delim>\x0a</delim><match><data>3\x29 h1\x5da\x60I\x3eDfGO1lFk5X1Z\x5d45jn\x40L\x7c2F\x3d\x3dgvU \x5b1\x5d</data></match></read>
    <read><delim>\x0a</delim><match><data>4\x29 o\x5faOc2M3\x7bzll\x7dAtWPi\x3b\x40\x3eUAz?hbiw\x5f\x7d\x7biG\x7c\x40h \x5b0\x5d</data></match></read>
    <read><delim>\x0a</delim><match><data>5\x29 \x7cg\x5fE\x5b59\x40TBuZ01tk\x5cjucLx\x40\x5e\x2fzyc\x5c6Rvk \x5b0\x5d</data></match></read>
    <read><delim>\x0a</delim><match><data>6\x29 \x5bSmjZ\x3d?dU\x7b\x3b\x7dC9\x5eB8jX\x40IGC\x3cY\x5c3aIse \x5b1\x5d</data></match></read>
    <read><delim>\x0a</delim><match><data>7\x29 Pw1DbQa65bx3oOt6\x5eO4X\x40FcHb\x5b3k8DR.2niqxS\x5dOjLfhuldO\x5f \x5b0\x5d</data></match></read>
    <read><delim>\x0a</delim><match><data>8\x29 Bgi1\x40RdHTy\x5e8bevn0ZHCvMm2CQs \x5b0\x5d</data></match></read>
    <read><delim>\x0a</delim><match><data>9\x29 Xu\x5f\x3c9\x40FC4vSu\x3dGNFjhh6ZuF\x7dk\x7eaI \x5b1\x5d</data></match></read>
    <read><delim>\x0a</delim><match><data>10\x29 vbr\x5dAhWp\x3dW\x2fKw\x60\x40lZoTr2lvijmEehM \x5b1\x5d</data></match></read>
    <read><delim>\x0a</delim><match><data>11\x29 rrcqV0NI3zR:43vD\x3ey\x3dE\x40v9kg\x5d7jPFRLsvJ1cK\x7bfGK\x5cbal \x5b1\x5d</data></match></read>
    <read><delim>\x0a</delim><match><data>12\x29 YB\x7dhv:E\x2f?\x7b\x7eMZnR?2IKs\x40K\x7cAwg \x5b0\x5d</data></match></read>
    <read><delim>\x0a</delim><match><data>13\x29 \x7d\x3ee\x5buQLLOvk68fl\x405oLuhVj\x7e9U\x2ft4z0g3GQG \x5b0\x5d</data></match></read>
    <read><delim>\x0a</delim><match><data>14\x29 ojTun.\x3csY3if\x3dw\x7d\x5ergUF0WT4\x60\x5dz\x40rFrs\x7c\x2fkDc\x2fyH\x3c\x7b\x5bu4LUZMN3E \x5b0\x5d</data></match></read>
    <read><delim>\x0a</delim><match><data>15\x29 \x2fPQK\x7e\x60pdogTzD\x3cUeQUPagYfmT?LMyz\x40\x5c.hLd\x5bpZhxWsfz\x5dBB\x40pi:dQey\x60rDC\x5c \x5b1\x5d</data></match></read>
    <read><delim>\x0a</delim><match><data>16\x29 zNU5g9DCN\x3b\x7ee053KL\x7c\x406T\x5fLf?uIwRo:\x3d\x3cF\x5b\x2f \x5b0\x5d</data></match></read>
    <read><delim>\x0a</delim><match><data>17\x29 mdoCei\x3bic\x5dm\x3dPLwyL\x5b5GJ\x60KS\x40yc5\x5f.\x7ddqW\x2fgid2CMGe\x7exmvzrZR \x5b1\x5d</data></match></read>
    <read><delim>\x0a</delim><match><data>18\x29 o\x7b\x3bCaDA\x3e\x2fAc\x5dpH\x5b\x7dBCK4\x3bUj\x7c\x7emc\x409TMsHnAz2yGJ\x5dki0\x3cehVIu \x5b1\x5d</data></match></read>
    <read><delim>\x0a</delim><match><data>19\x29 3F\x40\x3cB9L8evU\x40zr0 \x5b1\x5d</data></match></read>
    <read><delim>\x0a</delim><match><data>20\x29 3g\x3evk\x40zL\x2fKhmM:8f \x5b0\x5d</data></match></read>
    <write><data>LISTALL\x0a</data></write>
    <read><delim>\x0a</delim><match><data>QUEUE: \x2fPQK\x7e\x60pdogTzD\x3cUeQUPagYfmT?LMyz\x0a</data></match></read>
    <read><delim>\x0a</delim><match><data>0\x29 From:h1\x5da\x60I\x3eDfGO1lFk5X1Z\x5d45jn To: o\x7b\x3bCaDA\x3e\x2fAc\x5dpH\x5b\x7dBCK4\x3bUj\x7c\x7emc SUBJECT:\x7dwNIo7xh\x5elnWOuZ\x5bt2BERHE</data></match></read>
    <read><delim>\x0a</delim></read>
    <read><delim>\x0a</delim><match><data>QUEUE: mdoCei\x3bic\x5dm\x3dPLwyL\x5b5GJ\x60KS\x0a</data></match></read>
    <read><delim>\x0a</delim><match><data>0\x29 From:\x2fPQK\x7e\x60pdogTzD\x3cUeQUPagYfmT?LMyz To: JIv\x7cn7b\x3cF\x40hhZVA\x7c SUBJECT:tQP\x7e.Vv\x5fADT45\x2fPRuJIz7</data></match></read>
    <read><delim>\x0a</delim></read>
    <read><delim>\x0a</delim><match><data>QUEUE: o\x7b\x3bCaDA\x3e\x2fAc\x5dpH\x5b\x7dBCK4\x3bUj\x7c\x7emc\x0a</data></match></read>
    <read><delim>\x0a</delim><match><data>0\x29 From:3F\x40\x3cB9L8evU To: zNU5g9DCN\x3b\x7ee053KL\x7c SUBJECT:E\x5dZ\x7d\x7cX\x2f</data></match></read>
    <read><delim>\x0a</delim></read>
    <read><delim>\x0a</delim><match><data>QUEUE: Xu\x5f\x3c9\x0a</data></match></read>
    <read><delim>\x0a</delim><match><data>0\x29 From:CVmr\x7e To: Xu\x5f\x3c9 SUBJECT:86gtJi\x2fEAu\x5b\x3e\x5f1r83UxB</data></match></read>
    <read><delim>\x0a</delim></read>
    <read><delim>\x0a</delim><match><data>QUEUE: YB\x7dhv:E\x2f?\x7b\x7eMZnR?2IKs\x0a</data></match></read>
    <read><delim>\x0a</delim><match><data>0\x29 From:YB\x7dhv:E\x2f?\x7b\x7eMZnR?2IKs To: \x7d\x3ee\x5buQLLOvk68fl SUBJECT:aL\x2fCjGu\x3eLx\x7cAu\x3cXt\x7bW5y\x7c.Funac.\x5bU</data></match></read>
    <read><delim>\x0a</delim></read>
    <read><delim>\x0a</delim><match><data>QUEUE: ojTun.\x3csY3if\x3dw\x7d\x5ergUF0WT4\x60\x5dz\x0a</data></match></read>
    <read><delim>\x0a</delim><match><data>0\x29 From:3g\x3evk To: YB\x7dhv:E\x2f?\x7b\x7eMZnR?2IKs SUBJECT:aQprHk39O\x5d\x2fvl.Qo\x7d\x5f\x5chF2UlD</data></match></read>
    <read><delim>\x0a</delim></read>
    <read><delim>\x0a</delim><match><data>QUEUE: JIv\x7cn7b\x3cF\x40hhZVA\x7c\x0a</data></match></read>
    <read><delim>\x0a</delim><match><data>0\x29 From:3F\x40\x3cB9L8evU To: YB\x7dhv:E\x2f?\x7b\x7eMZnR?2IKs SUBJECT:dC:</data></match></read>
    <read><delim>\x0a</delim></read>
    <read><delim>\x0a</delim><match><data>QUEUE: rrcqV0NI3zR:43vD\x3ey\x3dE\x0a</data></match></read>
    <read><delim>\x0a</delim><match><data>0\x29 From:h1\x5da\x60I\x3eDfGO1lFk5X1Z\x5d45jn To: ojTun.\x3csY3if\x3dw\x7d\x5ergUF0WT4\x60\x5dz SUBJECT:\x3d\x5b1Q\x7c9f\x7d\x3c\x7bv</data></match></read>
    <read><delim>\x0a</delim></read>
    <read><delim>\x0a</delim><match><data>QUEUE: o\x7b\x3bCaDA\x3e\x2fAc\x5dpH\x5b\x7dBCK4\x3bUj\x7c\x7emc\x0a</data></match></read>
    <read><delim>\x0a</delim><match><data>0\x29 From:JIv\x7cn7b\x3cF\x40hhZVA\x7c To: 3g\x3evk SUBJECT:GboIVsOeWh?PtaB.8\x7dPr\x7cvAF\x3c\x5d</data></match></read>
    <read><delim>\x0a</delim></read>
    <read><delim>\x0a</delim><match><data>QUEUE: h1\x5da\x60I\x3eDfGO1lFk5X1Z\x5d45jn\x0a</data></match></read>
    <read><delim>\x0a</delim><match><data>0\x29 From:zNU5g9DCN\x3b\x7ee053KL\x7c To: 3g\x3evk SUBJECT:\x3bHUAo7EX\x3e8Bhf\x40\x3eg</data></match></read>
    <read><delim>\x0a</delim></read>
    <read><delim>\x0a</delim><match><data>QUEUE: CVmr\x7e\x0a</data></match></read>
    <read><delim>\x0a</delim><match><data>0\x29 From:rrcqV0NI3zR:43vD\x3ey\x3dE To: rrcqV0NI3zR:43vD\x3ey\x3dE SUBJECT:VaGN\x3d\x7dOLXUCwkeZVh8Qy\x5fJ\x40yF</data></match></read>
    <read><delim>\x0a</delim></read>
    <read><delim>\x0a</delim><match><data>QUEUE: YB\x7dhv:E\x2f?\x7b\x7eMZnR?2IKs\x0a</data></match></read>
    <read><delim>\x0a</delim><match><data>0\x29 From:Xu\x5f\x3c9 To: JIv\x7cn7b\x3cF\x40hhZVA\x7c SUBJECT:7e\x5e2zMhKi0xNXC9\x7e9</data></match></read>
    <read><delim>\x0a</delim></read>
    <read><delim>\x0a</delim><match><data>QUEUE: CVmr\x7e\x0a</data></match></read>
    <read><delim>\x0a</delim><match><data>0\x29 From:JIv\x7cn7b\x3cF\x40hhZVA\x7c To: \x7cg\x5fE\x5b59 SUBJECT:8\x7e\x5et\x2f</data></match></read>
    <read><delim>\x0a</delim></read>
    <read><delim>\x0a</delim><match><data>QUEUE: 3g\x3evk\x0a</data></match></read>
    <read><delim>\x0a</delim><match><data>0\x29 From:YB\x7dhv:E\x2f?\x7b\x7eMZnR?2IKs To: \x7cg\x5fE\x5b59 SUBJECT:eFfpNR\x3e7\x3b2\x7efF945\x3c\x5cJ\x3c\x5e\x3efPpIOv</data></match></read>
    <read><delim>\x0a</delim></read>
    <read><delim>\x0a</delim><match><data>QUEUE: 3g\x3evk\x0a</data></match></read>
    <read><delim>\x0a</delim><match><data>0\x29 From:JIv\x7cn7b\x3cF\x40hhZVA\x7c To: Xu\x5f\x3c9 SUBJECT:LSvmuvN\x3et\x7cq\x5fL5j</data></match></read>
    <read><delim>\x0a</delim></read>
    <read><delim>\x0a</delim><match><data>QUEUE: Xu\x5f\x3c9\x0a</data></match></read>
    <read><delim>\x0a</delim><match><data>0\x29 From:vbr\x5dAhWp\x3dW\x2fKw\x60 To: CVmr\x7e SUBJECT:cHs9Jy\x40RnEMcM\x40c</data></match></read>
    <read><delim>\x0a</delim></read>
    <read><delim>\x0a</delim><match><data>QUEUE: 3F\x40\x3cB9L8evU\x0a</data></match></read>
    <read><delim>\x0a</delim><match><data>0\x29 From:Bgi1 To: ojTun.\x3csY3if\x3dw\x7d\x5ergUF0WT4\x60\x5dz SUBJECT:tu584weZQurqk.\x3c\x60\x5eVIJwGK\x5e8L</data></match></read>
    <read><delim>\x0a</delim></read>
    <read><delim>\x0a</delim><match><data>QUEUE: 3g\x3evk\x0a</data></match></read>
    <read><delim>\x0a</delim><match><data>0\x29 From:o\x7b\x3bCaDA\x3e\x2fAc\x5dpH\x5b\x7dBCK4\x3bUj\x7c\x7emc To: JIv\x7cn7b\x3cF\x40hhZVA\x7c SUBJECT:n\x3bAH\x5cm</data></match></read>
    <read><delim>\x0a</delim></read>
    <read><delim>\x0a</delim><match><data>QUEUE: 3g\x3evk\x0a</data></match></read>
    <read><delim>\x0a</delim><match><data>0\x29 From:zNU5g9DCN\x3b\x7ee053KL\x7c To: ojTun.\x3csY3if\x3dw\x7d\x5ergUF0WT4\x60\x5dz SUBJECT:iqO5\x3c?\x3c?\x5eH\x5f</data></match></read>
    <read><delim>\x0a</delim></read>
    <read><delim>\x0a</delim><match><data>QUEUE: vbr\x5dAhWp\x3dW\x2fKw\x60\x0a</data></match></read>
    <read><delim>\x0a</delim><match><data>0\x29 From:o\x5faOc2M3\x7bzll\x7dAtWPi\x3b To: h1\x5da\x60I\x3eDfGO1lFk5X1Z\x5d45jn SUBJECT:\x7eQ\x7d\x3e6Y\x60VC4</data></match></read>
    <read><delim>\x0a</delim><match><data>1\x29 From:vbr\x5dAhWp\x3dW\x2fKw\x60 To: Pw1DbQa65bx3oOt6\x5eO4X SUBJECT:\x7e6\x7dvAVB9RX</data></match></read>
    <read><delim>\x0a</delim></read>
    <read><delim>\x0a</delim><match><data>QUEUE: h1\x5da\x60I\x3eDfGO1lFk5X1Z\x5d45jn\x0a</data></match></read>
    <read><delim>\x0a</delim><match><data>0\x29 From:vbr\x5dAhWp\x3dW\x2fKw\x60 To: 3F\x40\x3cB9L8evU SUBJECT:Hso5\x2f2J:CUOD\x60EGQo\x7c7p\x5fh\x5fI:y</data></match></read>
    <read><delim>\x0a</delim></read>
    <read><delim>\x0a</delim><match><data>QUEUE: zNU5g9DCN\x3b\x7ee053KL\x7c\x0a</data></match></read>
    <read><delim>\x0a</delim><match><data>0\x29 From:h1\x5da\x60I\x3eDfGO1lFk5X1Z\x5d45jn To: 3g\x3evk SUBJECT:5xlOT\x7cRhv2odi\x5dR\x5fSEOymUs</data></match></read>
    <read><delim>\x0a</delim></read>
    <read><delim>\x0a</delim><match><data>QUEUE: CVmr\x7e\x0a</data></match></read>
    <read><delim>\x0a</delim><match><data>0\x29 From:Bgi1 To: \x5bSmjZ\x3d?dU\x7b\x3b\x7dC9\x5eB8jX SUBJECT:\x3d\x7bPxrF?zX7G3GcBV\x5ef\x60\x2fAyg</data></match></read>
    <read><delim>\x0a</delim></read>
    <read><delim>\x0a</delim><match><data>QUEUE: zNU5g9DCN\x3b\x7ee053KL\x7c\x0a</data></match></read>
    <read><delim>\x0a</delim><match><data>0\x29 From:Pw1DbQa65bx3oOt6\x5eO4X To: CVmr\x7e SUBJECT:nZ\x5d?\x7byjK:\x3cR\x5dG</data></match></read>
    <read><delim>\x0a</delim></read>
    <read><delim>\x0a</delim><match><data>QUEUE: h1\x5da\x60I\x3eDfGO1lFk5X1Z\x5d45jn\x0a</data></match></read>
    <read><delim>\x0a</delim><match><data>0\x29 From:3g\x3evk To: CVmr\x7e SUBJECT:hD.cHv6II\x5fAf\x3bW62n7hw6\x7btN53iiCR</data></match></read>
    <read><delim>\x0a</delim></read>
    <read><delim>\x0a</delim><match><data>QUEUE: 3g\x3evk\x0a</data></match></read>
    <read><delim>\x0a</delim><match><data>0\x29 From:o\x5faOc2M3\x7bzll\x7dAtWPi\x3b To: h1\x5da\x60I\x3eDfGO1lFk5X1Z\x5d45jn SUBJECT:.sDbZ\x2fm7\x7d\x5fUL</data></match></read>
    <read><delim>\x0a</delim></read>
    <read><delim>\x0a</delim><match><data>QUEUE: \x7d\x3ee\x5buQLLOvk68fl\x0a</data></match></read>
    <read><delim>\x0a</delim><match><data>0\x29 From:YB\x7dhv:E\x2f?\x7b\x7eMZnR?2IKs To: \x5bSmjZ\x3d?dU\x7b\x3b\x7dC9\x5eB8jX SUBJECT:e\x3e25T\x607f\x40\x7b8ut\x7dRMZ2\x3d3h</data></match></read>
    <read><delim>\x0a</delim></read>
    <read><delim>\x0a</delim><match><data>QUEUE: JIv\x7cn7b\x3cF\x40hhZVA\x7c\x0a</data></match></read>
    <read><delim>\x0a</delim><match><data>0\x29 From:3g\x3evk To: Bgi1 SUBJECT:UhWyvKTsdPC</data></match></read>
    <read><delim>\x0a</delim></read>
    <read><delim>\x0a</delim><match><data>QUEUE: 3F\x40\x3cB9L8evU\x0a</data></match></read>
    <read><delim>\x0a</delim><match><data>0\x29 From:zNU5g9DCN\x3b\x7ee053KL\x7c To: rrcqV0NI3zR:43vD\x3ey\x3dE SUBJECT:YAa\x5cm\x5d.\x3ecY4a\x7d\x5c?il\x5bv\x7d:</data></match></read>
    <read><delim>\x0a</delim></read>
    <read><delim>\x0a</delim><match><data>QUEUE: YB\x7dhv:E\x2f?\x7b\x7eMZnR?2IKs\x0a</data></match></read>
    <read><delim>\x0a</delim><match><data>0\x29 From:h1\x5da\x60I\x3eDfGO1lFk5X1Z\x5d45jn To: CVmr\x7e SUBJECT:15\x7eLe5I1Q9q\x3e9Wbu</data></match></read>
    <read><delim>\x0a</delim></read>
    <read><delim>\x0a</delim><match><data>QUEUE: zNU5g9DCN\x3b\x7ee053KL\x7c\x0a</data></match></read>
    <read><delim>\x0a</delim><match><data>0\x29 From:JIv\x7cn7b\x3cF\x40hhZVA\x7c To: o\x7b\x3bCaDA\x3e\x2fAc\x5dpH\x5b\x7dBCK4\x3bUj\x7c\x7emc SUBJECT:1a0aqz:bmO3dyBV</data></match></read>
    <read><delim>\x0a</delim></read>
    <read><delim>\x0a</delim><match><data>QUEUE: vbr\x5dAhWp\x3dW\x2fKw\x60\x0a</data></match></read>
    <read><delim>\x0a</delim><match><data>0\x29 From:rrcqV0NI3zR:43vD\x3ey\x3dE To: \x7cg\x5fE\x5b59 SUBJECT:\x3dx\x7bbKYsb\x7bB6</data></match></read>
    <read><delim>\x0a</delim></read>
    <read><delim>\x0a</delim><match><data>QUEUE: \x7cg\x5fE\x5b59\x0a</data></match></read>
    <read><delim>\x0a</delim><match><data>0\x29 From:YB\x7dhv:E\x2f?\x7b\x7eMZnR?2IKs To: 3F\x40\x3cB9L8evU SUBJECT:1hN\x5cgc\x3bd:GiuD\x5eR2XhIhz\x3b</data></match></read>
    <read><delim>\x0a</delim></read>
    <write><data>QUIT\x0a</data></write>
    <read><delim>\x0a</delim><match><data>Goodbye.</data></match></read>
</replay>
</pov>