<?xml version="1.0" standalone="no" ?>
<!DOCTYPE pov SYSTEM "/usr/share/cgc-docs/replay.dtd">
<pov>
<cbid>service</cbid>
<seed>efc617a4b21d2e81562cb8e2204d7298d1b20e229a1a8f0c87abb4d1f93ed65aa542f92bffdb4fc714ff4a4a84a94927</seed>
<replay>
    <delay>50</delay>
    <read><delim>:</delim><match><data>sendmail:</data></match></read>
    <write><data>READ NwYX\x7cR\x3eRe6R\x7bIUUc\x5e\x2fBZ\x3bY\x3e\x5ft 0\x0a</data></write>
    <read><delim>\x0a</delim><match><data>0\x29 Subject:I\x7bvtorM\x5bY\x7cF\x3b\x5f\x3cLIk Body:\x5dd\x5b1\x60LSNKH\x5eKjB\x3ch\x2fVs5CP\x5dBXjN7nQ\x7d4ze\x3c\x5b93Vgo\x7dE\x5dj?0t\x60?\x5d\x7dWZpISd\x3cQ0x0B1564jQ3Y4\x5dcIh\x7dB5Tp\x7d\x3epgqmxF5\x7e\x5cnl\x5cNhl.Y\x5bqrUXhDbSgr7:C\x5b7AW.i\x5faEf\x5e\x5e6Fl1PLfDi?I?\x3dE8d\x7b0\x5dC:\x3e\x3bPx\x7eS2n\x5d\x60\x5e\x7efZ4\x3dg9\x7b\x5cq.\x60kh3f7\x3d\x2fp\x5eh9qKpNNvr\x7dge3\x7c\x0a</data></match></read>
    <write><data>READ yTRXu\x7eGYkviVI.dQ.\x402NG\x7ba 0\x0a</data></write>
    <read><delim>\x0a</delim><match><data>0\x29 Subject:0\x60oeXHlR\x3csW\x5eD6\x5cQ.\x5cCgeq6r\x7c.V\x3c Body:N\x7e1qxLr\x3bpl0\x5dR\x60M\x3bo\x0a</data></match></read>
    <write><data>ADDRESSBOOK\x0a</data></write>
    <read><delim>\x0a</delim><match><data>Address Book:</data></match></read>
    <read><delim>\x0a</delim><match><data>1\x29 NwYX\x7cR\x3eRe6R\x7bIUUc\x5e\x2fBZ\x3bY\x3e\x5ft\x40hEx3aja9U \x5b1\x5d</data></match></read>
    <read><delim>\x0a</delim><match><data>2\x29 yTRXu\x7eGYkviVI.dQ.\x402NG\x7ba\x40Ok\x7e\x2fGpnvc3\x7c\x3bEp:j\x5e\x7dqH\x607\x7cU \x5b0\x5d</data></match></read>
    <read><delim>\x0a</delim><match><data>3\x29 \x3d4\x60NEtuKgU7EZh\x3cusRDrz8ka\x7eS\x407eRdOcArU\x5blu \x5b1\x5d</data></match></read>
    <read><delim>\x0a</delim><match><data>4\x29 9CL\x7bE\x40nhEU\x3cy\x40\x3eOFTOFi\x5fNU \x5b1\x5d</data></match></read>
    <read><delim>\x0a</delim><match><data>5\x29 NG\x5d7D\x40qu2uLX6YIlu0so.?Yps \x5b0\x5d</data></match></read>
    <read><delim>\x0a</delim><match><data>6\x29 pryv4ZD\x5d\x5bt\x3e\x40U5\x7d8H?IwCXpAY\x3b2\x5b345XrWFI \x5b0\x5d</data></match></read>
    <read><delim>\x0a</delim><match><data>7\x29 \x7bSkJy\x405N0:r4TB4F \x5b1\x5d</data></match></read>
    <read><delim>\x0a</delim><match><data>8\x29 \x5bIAn1\x3ekzg\x3d7\x2fbU\x3b5g\x7cQs\x40\x5d5IB\x7bPfoet?mb.PI7\x3eKaJ?cB\x3e: \x5b1\x5d</data></match></read>
    <read><delim>\x0a</delim><match><data>9\x29 dcvNO:G\x7bg\x3ehJY1WYFn?hM\x406\x7dG?9c0qMF1s2\x5c9zdT \x5b1\x5d</data></match></read>
    <read><delim>\x0a</delim><match><data>10\x29 5\x7b\x5bCR\x2f\x5e\x40Q5u:b2e\x7bKu\x5d\x3eB\x5be\x2fSITHcZ \x5b1\x5d</data></match></read>
    <read><delim>\x0a</delim><match><data>11\x29 v51DL\x7e\x7eR\x7ef5\x40ib\x5fl\x40 \x5b0\x5d</data></match></read>
    <read><delim>\x0a</delim><match><data>12\x29 LQa\x40M\x7c\x3cXP\x7e?Q4kN5tqN\x3cHzU\x3b\x3el\x7dE4 \x5b1\x5d</data></match></read>
    <read><delim>\x0a</delim><match><data>13\x29 :q3X\x40\x7ee\x3bja68S\x40i4BFv?\x3by\x5b\x3dsu0:z \x5b0\x5d</data></match></read>
    <read><delim>\x0a</delim><match><data>14\x29 4LpXw\x7b.\x5fYd1QQQ\x7dC0oDaa4\x5bVB\x7dt\x40\x5bDRaD7 \x5b0\x5d</data></match></read>
    <read><delim>\x0a</delim><match><data>15\x29 tD70AByE6gwsb5S\x5cbGaSuGSUvPkN1O\x40I\x5bq\x7en9T?E.:Ubfh\x3b\x5dfqaNr\x3bDF \x5b0\x5d</data></match></read>
    <read><delim>\x0a</delim><match><data>16\x29 kseN3h6\x5f1\x3d\x5cLPQs6uzs\x5d\x5bhRs3g\x40\x5fe2q:wiHmk1b\x5b4E \x5b0\x5d</data></match></read>
    <read><delim>\x0a</delim><match><data>17\x29 z08A2D\x40UEmJUQW9\x40\x3dJUm?hXz9NTs \x5b1\x5d</data></match></read>
    <read><delim>\x0a</delim><match><data>18\x29 bRDP\x3eOl7\x40Wvtoy\x2fBtS\x40w\x5bwFUU\x7dGgCBy2f\x7eH\x3bK9Z4 \x5b1\x5d</data></match></read>
    <read><delim>\x0a</delim><match><data>19\x29 Z2?\x5dnFJct\x5e3x\x5dt4\x5eY6\x3clOsBTP\x402\x5cZ\x3dbnw\x3cW\x5dpG\x7e\x5ds5J\x40T0hVqX5A \x5b1\x5d</data></match></read>
    <read><delim>\x0a</delim><match><data>20\x29 \x7bsxpb\x7dL\x7ezNdu\x5cRGZi72\x5fPPt\x40LVeXqc\x7b\x7eG2 \x5b0\x5d</data></match></read>
    <write><data>LIST 9CL\x7bE\x0a</data></write>
    <read><delim>\x0a</delim><match><data>0\x29 From:kseN3h6\x5f1\x3d\x5cLPQs6uzs\x5d\x5bhRs3g To: \x7bSkJy SUBJECT:sp\x7bmEz\x3b\x5dF\x5efoFG</data></match></read>
    <write><data>LIST 9CL\x7bE\x0a</data></write>
    <read><delim>\x0a</delim><match><data>0\x29 From:kseN3h6\x5f1\x3d\x5cLPQs6uzs\x5d\x5bhRs3g To: \x7bSkJy SUBJECT:sp\x7bmEz\x3b\x5dF\x5efoFG</data></match></read>
    <write><data>QUIT\x0a</data></write>
    <read><delim>\x0a</delim><match><data>Goodbye.</data></match></read>
</replay>
</pov>