<?xml version="1.0" standalone="no" ?>
<!DOCTYPE pov SYSTEM "/usr/share/cgc-docs/replay.dtd">
<pov>
<cbid>service</cbid>
<seed>f9e52aa12225251857c4ac46ec4f05dd255df81409790670b812513a89d383cc128299f4849b28fae18ee9df57c3b07f</seed>
<replay>
    <delay>50</delay>
    <read><delim>:</delim><match><data>sendmail:</data></match></read>
    <write><data>LISTALL\x0a</data></write>
    <read><delim>\x0a</delim><match><data>QUEUE: GL\x3d\x3c2\x3c\x7cxp\x7dU\x5e\x7d\x0a</data></match></read>
    <read><delim>\x0a</delim><match><data>0\x29 From:HfQKXrzhT8UwNSg To: U\x5f7\x5ctGr1zSE\x2fz9Fp1. SUBJECT:\x2fIX:p\x2ft:3\x60i6u\x5cS6X\x40Hwn0g</data></match></read>
    <read><delim>\x0a</delim></read>
    <read><delim>\x0a</delim><match><data>QUEUE: FFWAL\x0a</data></match></read>
    <read><delim>\x0a</delim><match><data>0\x29 From:GL\x3d\x3c2\x3c\x7cxp\x7dU\x5e\x7d To: LAgntYInFMgs\x60\x5e\x7b SUBJECT:Ukf\x2frtj1fc\x7bTj</data></match></read>
    <read><delim>\x0a</delim></read>
    <read><delim>\x0a</delim><match><data>QUEUE: CEDpat1sLrgA4PViUz5UzLw\x0a</data></match></read>
    <read><delim>\x0a</delim><match><data>0\x29 From:CEDpat1sLrgA4PViUz5UzLw To: WDl\x5b:\x3by2KgkD SUBJECT:\x5dWQcIFL\x7eA</data></match></read>
    <read><delim>\x0a</delim></read>
    <read><delim>\x0a</delim><match><data>QUEUE: LAgntYInFMgs\x60\x5e\x7b\x0a</data></match></read>
    <read><delim>\x0a</delim><match><data>0\x29 From:6Si3G\x5e To: LAgntYInFMgs\x60\x5e\x7b SUBJECT:w5o\x3d6.D\x60\x5c</data></match></read>
    <read><delim>\x0a</delim></read>
    <read><delim>\x0a</delim><match><data>QUEUE: p\x3cE\x5dTl\x3c.B\x0a</data></match></read>
    <read><delim>\x0a</delim><match><data>0\x29 From:mqshP0\x5b\x5d\x5czSGX\x40q1\x2fj1CGA To: CEDpat1sLrgA4PViUz5UzLw SUBJECT:085s7o\x7eh\x5dqw</data></match></read>
    <read><delim>\x0a</delim></read>
    <read><delim>\x0a</delim><match><data>QUEUE: 9\x3exBb\x0a</data></match></read>
    <read><delim>\x0a</delim><match><data>0\x29 From:DXfdQQ.XH5:nn7\x5dGa\x3b\x5eIK\x7dN7zb\x3eb To: GL\x3d\x3c2\x3c\x7cxp\x7dU\x5e\x7d SUBJECT:qM\x4024lF\x3bME</data></match></read>
    <read><delim>\x0a</delim></read>
    <read><delim>\x0a</delim><match><data>QUEUE: 6Si3G\x5e\x0a</data></match></read>
    <read><delim>\x0a</delim><match><data>0\x29 From:HfQKXrzhT8UwNSg To: bqAHB3h0HIwpZd\x5bZP6\x5dm\x5e SUBJECT:JCC\x5fOp..7:YKlTLv\x5bs</data></match></read>
    <read><delim>\x0a</delim></read>
    <read><delim>\x0a</delim><match><data>QUEUE: FFWAL\x0a</data></match></read>
    <read><delim>\x0a</delim><match><data>0\x29 From:vkA To: CEDpat1sLrgA4PViUz5UzLw SUBJECT:wse\x5bRHJvF67mu?s</data></match></read>
    <read><delim>\x0a</delim></read>
    <read><delim>\x0a</delim><match><data>QUEUE: vkA\x0a</data></match></read>
    <read><delim>\x0a</delim><match><data>0\x29 From:H\x5b.P\x5eeqBz7\x3c\x2f\x5bU\x3c4\x7cO\x3btrj\x5d To: LAgntYInFMgs\x60\x5e\x7b SUBJECT:8eKt7m\x5eL1</data></match></read>
    <read><delim>\x0a</delim></read>
    <read><delim>\x0a</delim><match><data>QUEUE: 9B8CXF5O97NTm\x5fZO\x5bseN\x0a</data></match></read>
    <read><delim>\x0a</delim><match><data>0\x29 From:bqAHB3h0HIwpZd\x5bZP6\x5dm\x5e To: 9\x3exBb SUBJECT:W9E\x7bZ8YT3uX:c6RqhoJ</data></match></read>
    <read><delim>\x0a</delim></read>
    <read><delim>\x0a</delim><match><data>QUEUE: \x60?\x3eL18\x0a</data></match></read>
    <read><delim>\x0a</delim><match><data>0\x29 From:bqAHB3h0HIwpZd\x5bZP6\x5dm\x5e To: DXfdQQ.XH5:nn7\x5dGa\x3b\x5eIK\x7dN7zb\x3eb SUBJECT:?gC20</data></match></read>
    <read><delim>\x0a</delim></read>
    <read><delim>\x0a</delim><match><data>QUEUE: mqshP0\x5b\x5d\x5czSGX\x40q1\x2fj1CGA\x0a</data></match></read>
    <read><delim>\x0a</delim><match><data>0\x29 From:9B8CXF5O97NTm\x5fZO\x5bseN To: HfQKXrzhT8UwNSg SUBJECT:R\x7dU\x5bO</data></match></read>
    <read><delim>\x0a</delim></read>
    <read><delim>\x0a</delim><match><data>QUEUE: CEDpat1sLrgA4PViUz5UzLw\x0a</data></match></read>
    <read><delim>\x0a</delim><match><data>0\x29 From:H\x5b.P\x5eeqBz7\x3c\x2f\x5bU\x3c4\x7cO\x3btrj\x5d To: FFWAL SUBJECT:23jPA.</data></match></read>
    <read><delim>\x0a</delim></read>
    <read><delim>\x0a</delim><match><data>QUEUE: HfQKXrzhT8UwNSg\x0a</data></match></read>
    <read><delim>\x0a</delim><match><data>0\x29 From:9\x3exBb To: \x60?\x3eL18 SUBJECT:\x5cgJzUJSU2onuh\x5fM\x7dn7aW\x2f</data></match></read>
    <read><delim>\x0a</delim></read>
    <read><delim>\x0a</delim><match><data>QUEUE: 1y5A\x3d6\x40e?9Eb\x5eYau\x3e\x60Af\x3e:K\x3c\x0a</data></match></read>
    <read><delim>\x0a</delim><match><data>0\x29 From:1NTyl.\x5eU6sie To: mqshP0\x5b\x5d\x5czSGX\x40q1\x2fj1CGA SUBJECT:7wc\x3b3\x40\x7cE\x7beBW87\x40L</data></match></read>
    <read><delim>\x0a</delim></read>
    <read><delim>\x0a</delim><match><data>QUEUE: 0A\x7bCp3pn\x5b\x3c\x60mGCC9\x2f\x7e9\x0a</data></match></read>
    <read><delim>\x0a</delim><match><data>0\x29 From:mqshP0\x5b\x5d\x5czSGX\x40q1\x2fj1CGA To: \x60?\x3eL18 SUBJECT:?\x5bz.xu?tOJb\x3de\x2f\x5e\x7bK:0F</data></match></read>
    <read><delim>\x0a</delim></read>
    <read><delim>\x0a</delim><match><data>QUEUE: mqshP0\x5b\x5d\x5czSGX\x40q1\x2fj1CGA\x0a</data></match></read>
    <read><delim>\x0a</delim><match><data>0\x29 From:WDl\x5b:\x3by2KgkD To: H\x5b.P\x5eeqBz7\x3c\x2f\x5bU\x3c4\x7cO\x3btrj\x5d SUBJECT:f\x5eb2Erw03b63Dw\x7cde\x40.tqz</data></match></read>
    <read><delim>\x0a</delim></read>
    <read><delim>\x0a</delim><match><data>QUEUE: 1NTyl.\x5eU6sie\x0a</data></match></read>
    <read><delim>\x0a</delim><match><data>0\x29 From:DXfdQQ.XH5:nn7\x5dGa\x3b\x5eIK\x7dN7zb\x3eb To: mqshP0\x5b\x5d\x5czSGX\x40q1\x2fj1CGA SUBJECT:\x5fFgQl\x60ZXnqCBFmqDG2l\x5eUkrj:</data></match></read>
    <read><delim>\x0a</delim></read>
    <read><delim>\x0a</delim><match><data>QUEUE: H\x5b.P\x5eeqBz7\x3c\x2f\x5bU\x3c4\x7cO\x3btrj\x5d\x0a</data></match></read>
    <read><delim>\x0a</delim><match><data>0\x29 From:U\x5f7\x5ctGr1zSE\x2fz9Fp1. To: LAgntYInFMgs\x60\x5e\x7b SUBJECT:TSWx</data></match></read>
    <read><delim>\x0a</delim></read>
    <read><delim>\x0a</delim><match><data>QUEUE: WDl\x5b:\x3by2KgkD\x0a</data></match></read>
    <read><delim>\x0a</delim><match><data>0\x29 From:1NTyl.\x5eU6sie To: H\x5b.P\x5eeqBz7\x3c\x2f\x5bU\x3c4\x7cO\x3btrj\x5d SUBJECT:b7DLx\x5d\x40x\x5fGE</data></match></read>
    <read><delim>\x0a</delim></read>
    <read><delim>\x0a</delim><match><data>QUEUE: bqAHB3h0HIwpZd\x5bZP6\x5dm\x5e\x0a</data></match></read>
    <read><delim>\x0a</delim><match><data>0\x29 From:vkA To: 1NTyl.\x5eU6sie SUBJECT:9AGQWvJMYrFN7\x7e8\x5cZH\x5c</data></match></read>
    <read><delim>\x0a</delim></read>
    <read><delim>\x0a</delim><match><data>QUEUE: U\x5f7\x5ctGr1zSE\x2fz9Fp1.\x0a</data></match></read>
    <read><delim>\x0a</delim><match><data>0\x29 From:GL\x3d\x3c2\x3c\x7cxp\x7dU\x5e\x7d To: vkA SUBJECT:Q\x5eeFgpjf.\x3b\x5bk\x3dux.8I.4v\x40H9ae</data></match></read>
    <read><delim>\x0a</delim></read>
    <read><delim>\x0a</delim><match><data>QUEUE: 1y5A\x3d6\x40e?9Eb\x5eYau\x3e\x60Af\x3e:K\x3c\x0a</data></match></read>
    <read><delim>\x0a</delim><match><data>0\x29 From:1y5A\x3d6\x40e?9Eb\x5eYau\x3e\x60Af\x3e:K\x3c To: 9\x3exBb SUBJECT:\x40\x3c3MUR</data></match></read>
    <read><delim>\x0a</delim></read>
    <read><delim>\x0a</delim><match><data>QUEUE: 0A\x7bCp3pn\x5b\x3c\x60mGCC9\x2f\x7e9\x0a</data></match></read>
    <read><delim>\x0a</delim><match><data>0\x29 From:U\x5f7\x5ctGr1zSE\x2fz9Fp1. To: WDl\x5b:\x3by2KgkD SUBJECT:K\x5bzb\x7eK\x3b\x2f\x5cQLZ\x5diG</data></match></read>
    <read><delim>\x0a</delim></read>
    <read><delim>\x0a</delim><match><data>QUEUE: 1NTyl.\x5eU6sie\x0a</data></match></read>
    <read><delim>\x0a</delim><match><data>0\x29 From:9B8CXF5O97NTm\x5fZO\x5bseN To: 9\x3exBb SUBJECT:.?\x3dduB\x5bLiT9Gqm\x3cvo\x5f</data></match></read>
    <read><delim>\x0a</delim></read>
    <read><delim>\x0a</delim><match><data>QUEUE: CEDpat1sLrgA4PViUz5UzLw\x0a</data></match></read>
    <read><delim>\x0a</delim><match><data>0\x29 From:1NTyl.\x5eU6sie To: GL\x3d\x3c2\x3c\x7cxp\x7dU\x5e\x7d SUBJECT:cX1ipqkXc9x\x60n\x7cu2JN7x2\x3b?aHPoO</data></match></read>
    <read><delim>\x0a</delim></read>
    <read><delim>\x0a</delim><match><data>QUEUE: GL\x3d\x3c2\x3c\x7cxp\x7dU\x5e\x7d\x0a</data></match></read>
    <read><delim>\x0a</delim><match><data>0\x29 From:vkA To: LAgntYInFMgs\x60\x5e\x7b SUBJECT:\x5cOzsLp\x7bAorz.n\x3bkH</data></match></read>
    <read><delim>\x0a</delim></read>
    <read><delim>\x0a</delim><match><data>QUEUE: 1y5A\x3d6\x40e?9Eb\x5eYau\x3e\x60Af\x3e:K\x3c\x0a</data></match></read>
    <read><delim>\x0a</delim><match><data>0\x29 From:DXfdQQ.XH5:nn7\x5dGa\x3b\x5eIK\x7dN7zb\x3eb To: \x60?\x3eL18 SUBJECT:aAs3\x5e1GWykV\x60</data></match></read>
    <read><delim>\x0a</delim></read>
    <read><delim>\x0a</delim><match><data>QUEUE: 0A\x7bCp3pn\x5b\x3c\x60mGCC9\x2f\x7e9\x0a</data></match></read>
    <read><delim>\x0a</delim><match><data>0\x29 From:6Si3G\x5e To: 0A\x7bCp3pn\x5b\x3c\x60mGCC9\x2f\x7e9 SUBJECT:gyD</data></match></read>
    <read><delim>\x0a</delim></read>
    <read><delim>\x0a</delim><match><data>QUEUE: bqAHB3h0HIwpZd\x5bZP6\x5dm\x5e\x0a</data></match></read>
    <read><delim>\x0a</delim><match><data>0\x29 From:GL\x3d\x3c2\x3c\x7cxp\x7dU\x5e\x7d To: FFWAL SUBJECT:b\x3dJ.E\x7dzWkQ\x60ZzS\x5bzSok\x5biRj\x60o</data></match></read>
    <read><delim>\x0a</delim></read>
    <read><delim>\x0a</delim><match><data>QUEUE: vkA\x0a</data></match></read>
    <read><delim>\x0a</delim><match><data>0\x29 From:LAgntYInFMgs\x60\x5e\x7b To: 0A\x7bCp3pn\x5b\x3c\x60mGCC9\x2f\x7e9 SUBJECT:yKp\x7d9a\x3e\x5fPt0N</data></match></read>
    <read><delim>\x0a</delim></read>
    <read><delim>\x0a</delim><match><data>QUEUE: GL\x3d\x3c2\x3c\x7cxp\x7dU\x5e\x7d\x0a</data></match></read>
    <read><delim>\x0a</delim><match><data>0\x29 From:U\x5f7\x5ctGr1zSE\x2fz9Fp1. To: H\x5b.P\x5eeqBz7\x3c\x2f\x5bU\x3c4\x7cO\x3btrj\x5d SUBJECT:D\x5fS\x5ciV\x5czZiPo9</data></match></read>
    <read><delim>\x0a</delim></read>
    <read><delim>\x0a</delim><match><data>QUEUE: 0A\x7bCp3pn\x5b\x3c\x60mGCC9\x2f\x7e9\x0a</data></match></read>
    <read><delim>\x0a</delim><match><data>0\x29 From:U\x5f7\x5ctGr1zSE\x2fz9Fp1. To: FFWAL SUBJECT:wQkR\x3bj0x\x7d\x2f4\x3des73\x5e</data></match></read>
    <read><delim>\x0a</delim></read>
    <write><data>READ LAgntYInFMgs\x60\x5e\x7b 0\x0a</data></write>
    <read><delim>\x0a</delim><match><data>0\x29 Subject:w5o\x3d6.D\x60\x5c Body:\x5c\x7ez\x2fsn\x3b\x60kO\x5d\x40TP1o6mPF:lIKyLy\x5dik3\x3dTN\x5fm\x2ftA\x60BkO\x3eo6Ftm3Y2g\x60\x40\x3ej\x5d\x5drp\x5f\x5bc\x7ek9tR\x5bV\x5dUaqtBlb7cSQ3ra\x40cI0XI3e7sjKXdrRKt\x5d\x7e97I\x40\x3ekvF\x2fbv4m\x3bRIpzrRre\x7d8\x5bm\x5dD9\x3e\x7eGURxQ2\x5f\x5b\x3b\x3e9\x5b\x5dS\x5du\x3ch?ar2b1CvZ\x60w1N\x0a</data></match></read>
    <write><data>ADDRESSBOOK\x0a</data></write>
    <read><delim>\x0a</delim><match><data>Address Book:</data></match></read>
    <read><delim>\x0a</delim><match><data>1\x29 mqshP0\x5b\x5d\x5czSGX\x40q1\x2fj1CGA\x40sy5i\x5e\x5b\x7dH\x3dl \x5b0\x5d</data></match></read>
    <read><delim>\x0a</delim><match><data>2\x29 vkA\x40oPK1\x7cQf\x2fM\x3eoS:kCIn0 \x5b1\x5d</data></match></read>
    <read><delim>\x0a</delim><match><data>3\x29 WDl\x5b:\x3by2KgkD\x40o8\x3b\x7cztZVXzC\x7dNaNhPy.\x5dnElwCBT\x5e \x5b0\x5d</data></match></read>
    <read><delim>\x0a</delim><match><data>4\x29 9B8CXF5O97NTm\x5fZO\x5bseN\x40Ck\x3cQi6 \x5b0\x5d</data></match></read>
    <read><delim>\x0a</delim><match><data>5\x29 FFWAL\x40v\x5dVS\x5cs\x7cvl0U\x7c\x7bOEC\x7bGKJU \x5b0\x5d</data></match></read>
    <read><delim>\x0a</delim><match><data>6\x29 6Si3G\x5e\x40GTMPCtLpQv\x5e8BNb4y\x5e3GcIW \x5b0\x5d</data></match></read>
    <read><delim>\x0a</delim><match><data>7\x29 DXfdQQ.XH5:nn7\x5dGa\x3b\x5eIK\x7dN7zb\x3eb\x40\x3c0CCyB4y4B\x3e\x5fgR\x60P\x7bist \x5b1\x5d</data></match></read>
    <read><delim>\x0a</delim><match><data>8\x29 0A\x7bCp3pn\x5b\x3c\x60mGCC9\x2f\x7e9\x40hcFOvw \x5b0\x5d</data></match></read>
    <read><delim>\x0a</delim><match><data>9\x29 CEDpat1sLrgA4PViUz5UzLw\x40d9h\x7cY3\x5ds4RO \x5b0\x5d</data></match></read>
    <read><delim>\x0a</delim><match><data>10\x29 U\x5f7\x5ctGr1zSE\x2fz9Fp1.\x40\x3d.\x7b:pt\x5c\x2fXRafU \x5b0\x5d</data></match></read>
    <read><delim>\x0a</delim><match><data>11\x29 H\x5b.P\x5eeqBz7\x3c\x2f\x5bU\x3c4\x7cO\x3btrj\x5d\x40\x3di.\x3dS2:S\x5ft\x7eOIqu\x5bGvlV\x2fU.5\x5f7Q \x5b0\x5d</data></match></read>
    <read><delim>\x0a</delim><match><data>12\x29 LAgntYInFMgs\x60\x5e\x7b\x406Wpx\x3etTadJ\x3cM\x3d\x2f5QaSFl\x5fu7 \x5b1\x5d</data></match></read>
    <read><delim>\x0a</delim><match><data>13\x29 GL\x3d\x3c2\x3c\x7cxp\x7dU\x5e\x7d\x40DjtaAI?\x7efv\x3ea\x7b\x7bQ \x5b1\x5d</data></match></read>
    <read><delim>\x0a</delim><match><data>14\x29 bqAHB3h0HIwpZd\x5bZP6\x5dm\x5e\x40K8OKGK\x3bKbo2\x7b:NbL\x5dKCDm9DPW \x5b0\x5d</data></match></read>
    <read><delim>\x0a</delim><match><data>15\x29 1NTyl.\x5eU6sie\x409X\x5bfW \x5b0\x5d</data></match></read>
    <read><delim>\x0a</delim><match><data>16\x29 \x60?\x3eL18\x40W2P0Pc\x3eqLAe\x3cQKS.\x60S\x60rDycq\x7csI2\x5eW \x5b0\x5d</data></match></read>
    <read><delim>\x0a</delim><match><data>17\x29 HfQKXrzhT8UwNSg\x40\x40D9C\x60Ao\x3dTy\x3cojDq\x5d\x3e \x5b0\x5d</data></match></read>
    <read><delim>\x0a</delim><match><data>18\x29 p\x3cE\x5dTl\x3c.B\x40.pg\x3dUF7a\x7cO\x5b58\x7eqm0y45s9LDB \x5b1\x5d</data></match></read>
    <read><delim>\x0a</delim><match><data>19\x29 9\x3exBb\x40B?o\x5dOP7U\x3eWC \x5b0\x5d</data></match></read>
    <read><delim>\x0a</delim><match><data>20\x29 1y5A\x3d6\x40e?9Eb\x5eYau\x3e\x60Af\x3e:K\x3c\x40q0a \x5b1\x5d</data></match></read>
    <write><data>LISTALL\x0a</data></write>
    <read><delim>\x0a</delim><match><data>QUEUE: GL\x3d\x3c2\x3c\x7cxp\x7dU\x5e\x7d\x0a</data></match></read>
    <read><delim>\x0a</delim><match><data>0\x29 From:HfQKXrzhT8UwNSg To: U\x5f7\x5ctGr1zSE\x2fz9Fp1. SUBJECT:\x2fIX:p\x2ft:3\x60i6u\x5cS6X\x40Hwn0g</data></match></read>
    <read><delim>\x0a</delim></read>
    <read><delim>\x0a</delim><match><data>QUEUE: FFWAL\x0a</data></match></read>
    <read><delim>\x0a</delim><match><data>0\x29 From:GL\x3d\x3c2\x3c\x7cxp\x7dU\x5e\x7d To: LAgntYInFMgs\x60\x5e\x7b SUBJECT:Ukf\x2frtj1fc\x7bTj</data></match></read>
    <read><delim>\x0a</delim></read>
    <read><delim>\x0a</delim><match><data>QUEUE: CEDpat1sLrgA4PViUz5UzLw\x0a</data></match></read>
    <read><delim>\x0a</delim><match><data>0\x29 From:CEDpat1sLrgA4PViUz5UzLw To: WDl\x5b:\x3by2KgkD SUBJECT:\x5dWQcIFL\x7eA</data></match></read>
    <read><delim>\x0a</delim></read>
    <read><delim>\x0a</delim><match><data>QUEUE: LAgntYInFMgs\x60\x5e\x7b\x0a</data></match></read>
    <read><delim>\x0a</delim><match><data>0\x29 From:6Si3G\x5e To: LAgntYInFMgs\x60\x5e\x7b SUBJECT:w5o\x3d6.D\x60\x5c</data></match></read>
    <read><delim>\x0a</delim></read>
    <read><delim>\x0a</delim><match><data>QUEUE: p\x3cE\x5dTl\x3c.B\x0a</data></match></read>
    <read><delim>\x0a</delim><match><data>0\x29 From:mqshP0\x5b\x5d\x5czSGX\x40q1\x2fj1CGA To: CEDpat1sLrgA4PViUz5UzLw SUBJECT:085s7o\x7eh\x5dqw</data></match></read>
    <read><delim>\x0a</delim></read>
    <read><delim>\x0a</delim><match><data>QUEUE: 9\x3exBb\x0a</data></match></read>
    <read><delim>\x0a</delim><match><data>0\x29 From:DXfdQQ.XH5:nn7\x5dGa\x3b\x5eIK\x7dN7zb\x3eb To: GL\x3d\x3c2\x3c\x7cxp\x7dU\x5e\x7d SUBJECT:qM\x4024lF\x3bME</data></match></read>
    <read><delim>\x0a</delim></read>
    <read><delim>\x0a</delim><match><data>QUEUE: 6Si3G\x5e\x0a</data></match></read>
    <read><delim>\x0a</delim><match><data>0\x29 From:HfQKXrzhT8UwNSg To: bqAHB3h0HIwpZd\x5bZP6\x5dm\x5e SUBJECT:JCC\x5fOp..7:YKlTLv\x5bs</data></match></read>
    <read><delim>\x0a</delim></read>
    <read><delim>\x0a</delim><match><data>QUEUE: FFWAL\x0a</data></match></read>
    <read><delim>\x0a</delim><match><data>0\x29 From:vkA To: CEDpat1sLrgA4PViUz5UzLw SUBJECT:wse\x5bRHJvF67mu?s</data></match></read>
    <read><delim>\x0a</delim></read>
    <read><delim>\x0a</delim><match><data>QUEUE: vkA\x0a</data></match></read>
    <read><delim>\x0a</delim><match><data>0\x29 From:H\x5b.P\x5eeqBz7\x3c\x2f\x5bU\x3c4\x7cO\x3btrj\x5d To: LAgntYInFMgs\x60\x5e\x7b SUBJECT:8eKt7m\x5eL1</data></match></read>
    <read><delim>\x0a</delim></read>
    <read><delim>\x0a</delim><match><data>QUEUE: 9B8CXF5O97NTm\x5fZO\x5bseN\x0a</data></match></read>
    <read><delim>\x0a</delim><match><data>0\x29 From:bqAHB3h0HIwpZd\x5bZP6\x5dm\x5e To: 9\x3exBb SUBJECT:W9E\x7bZ8YT3uX:c6RqhoJ</data></match></read>
    <read><delim>\x0a</delim></read>
    <read><delim>\x0a</delim><match><data>QUEUE: \x60?\x3eL18\x0a</data></match></read>
    <read><delim>\x0a</delim><match><data>0\x29 From:bqAHB3h0HIwpZd\x5bZP6\x5dm\x5e To: DXfdQQ.XH5:nn7\x5dGa\x3b\x5eIK\x7dN7zb\x3eb SUBJECT:?gC20</data></match></read>
    <read><delim>\x0a</delim></read>
    <read><delim>\x0a</delim><match><data>QUEUE: mqshP0\x5b\x5d\x5czSGX\x40q1\x2fj1CGA\x0a</data></match></read>
    <read><delim>\x0a</delim><match><data>0\x29 From:9B8CXF5O97NTm\x5fZO\x5bseN To: HfQKXrzhT8UwNSg SUBJECT:R\x7dU\x5bO</data></match></read>
    <read><delim>\x0a</delim></read>
    <read><delim>\x0a</delim><match><data>QUEUE: CEDpat1sLrgA4PViUz5UzLw\x0a</data></match></read>
    <read><delim>\x0a</delim><match><data>0\x29 From:H\x5b.P\x5eeqBz7\x3c\x2f\x5bU\x3c4\x7cO\x3btrj\x5d To: FFWAL SUBJECT:23jPA.</data></match></read>
    <read><delim>\x0a</delim></read>
    <read><delim>\x0a</delim><match><data>QUEUE: HfQKXrzhT8UwNSg\x0a</data></match></read>
    <read><delim>\x0a</delim><match><data>0\x29 From:9\x3exBb To: \x60?\x3eL18 SUBJECT:\x5cgJzUJSU2onuh\x5fM\x7dn7aW\x2f</data></match></read>
    <read><delim>\x0a</delim></read>
    <read><delim>\x0a</delim><match><data>QUEUE: 1y5A\x3d6\x40e?9Eb\x5eYau\x3e\x60Af\x3e:K\x3c\x0a</data></match></read>
    <read><delim>\x0a</delim><match><data>0\x29 From:1NTyl.\x5eU6sie To: mqshP0\x5b\x5d\x5czSGX\x40q1\x2fj1CGA SUBJECT:7wc\x3b3\x40\x7cE\x7beBW87\x40L</data></match></read>
    <read><delim>\x0a</delim></read>
    <read><delim>\x0a</delim><match><data>QUEUE: 0A\x7bCp3pn\x5b\x3c\x60mGCC9\x2f\x7e9\x0a</data></match></read>
    <read><delim>\x0a</delim><match><data>0\x29 From:mqshP0\x5b\x5d\x5czSGX\x40q1\x2fj1CGA To: \x60?\x3eL18 SUBJECT:?\x5bz.xu?tOJb\x3de\x2f\x5e\x7bK:0F</data></match></read>
    <read><delim>\x0a</delim></read>
    <read><delim>\x0a</delim><match><data>QUEUE: mqshP0\x5b\x5d\x5czSGX\x40q1\x2fj1CGA\x0a</data></match></read>
    <read><delim>\x0a</delim><match><data>0\x29 From:WDl\x5b:\x3by2KgkD To: H\x5b.P\x5eeqBz7\x3c\x2f\x5bU\x3c4\x7cO\x3btrj\x5d SUBJECT:f\x5eb2Erw03b63Dw\x7cde\x40.tqz</data></match></read>
    <read><delim>\x0a</delim></read>
    <read><delim>\x0a</delim><match><data>QUEUE: 1NTyl.\x5eU6sie\x0a</data></match></read>
    <read><delim>\x0a</delim><match><data>0\x29 From:DXfdQQ.XH5:nn7\x5dGa\x3b\x5eIK\x7dN7zb\x3eb To: mqshP0\x5b\x5d\x5czSGX\x40q1\x2fj1CGA SUBJECT:\x5fFgQl\x60ZXnqCBFmqDG2l\x5eUkrj:</data></match></read>
    <read><delim>\x0a</delim></read>
    <read><delim>\x0a</delim><match><data>QUEUE: H\x5b.P\x5eeqBz7\x3c\x2f\x5bU\x3c4\x7cO\x3btrj\x5d\x0a</data></match></read>
    <read><delim>\x0a</delim><match><data>0\x29 From:U\x5f7\x5ctGr1zSE\x2fz9Fp1. To: LAgntYInFMgs\x60\x5e\x7b SUBJECT:TSWx</data></match></read>
    <read><delim>\x0a</delim></read>
    <read><delim>\x0a</delim><match><data>QUEUE: WDl\x5b:\x3by2KgkD\x0a</data></match></read>
    <read><delim>\x0a</delim><match><data>0\x29 From:1NTyl.\x5eU6sie To: H\x5b.P\x5eeqBz7\x3c\x2f\x5bU\x3c4\x7cO\x3btrj\x5d SUBJECT:b7DLx\x5d\x40x\x5fGE</data></match></read>
    <read><delim>\x0a</delim></read>
    <read><delim>\x0a</delim><match><data>QUEUE: bqAHB3h0HIwpZd\x5bZP6\x5dm\x5e\x0a</data></match></read>
    <read><delim>\x0a</delim><match><data>0\x29 From:vkA To: 1NTyl.\x5eU6sie SUBJECT:9AGQWvJMYrFN7\x7e8\x5cZH\x5c</data></match></read>
    <read><delim>\x0a</delim></read>
    <read><delim>\x0a</delim><match><data>QUEUE: U\x5f7\x5ctGr1zSE\x2fz9Fp1.\x0a</data></match></read>
    <read><delim>\x0a</delim><match><data>0\x29 From:GL\x3d\x3c2\x3c\x7cxp\x7dU\x5e\x7d To: vkA SUBJECT:Q\x5eeFgpjf.\x3b\x5bk\x3dux.8I.4v\x40H9ae</data></match></read>
    <read><delim>\x0a</delim></read>
    <read><delim>\x0a</delim><match><data>QUEUE: 1y5A\x3d6\x40e?9Eb\x5eYau\x3e\x60Af\x3e:K\x3c\x0a</data></match></read>
    <read><delim>\x0a</delim><match><data>0\x29 From:1y5A\x3d6\x40e?9Eb\x5eYau\x3e\x60Af\x3e:K\x3c To: 9\x3exBb SUBJECT:\x40\x3c3MUR</data></match></read>
    <read><delim>\x0a</delim></read>
    <read><delim>\x0a</delim><match><data>QUEUE: 0A\x7bCp3pn\x5b\x3c\x60mGCC9\x2f\x7e9\x0a</data></match></read>
    <read><delim>\x0a</delim><match><data>0\x29 From:U\x5f7\x5ctGr1zSE\x2fz9Fp1. To: WDl\x5b:\x3by2KgkD SUBJECT:K\x5bzb\x7eK\x3b\x2f\x5cQLZ\x5diG</data></match></read>
    <read><delim>\x0a</delim></read>
    <read><delim>\x0a</delim><match><data>QUEUE: 1NTyl.\x5eU6sie\x0a</data></match></read>
    <read><delim>\x0a</delim><match><data>0\x29 From:9B8CXF5O97NTm\x5fZO\x5bseN To: 9\x3exBb SUBJECT:.?\x3dduB\x5bLiT9Gqm\x3cvo\x5f</data></match></read>
    <read><delim>\x0a</delim></read>
    <read><delim>\x0a</delim><match><data>QUEUE: CEDpat1sLrgA4PViUz5UzLw\x0a</data></match></read>
    <read><delim>\x0a</delim><match><data>0\x29 From:1NTyl.\x5eU6sie To: GL\x3d\x3c2\x3c\x7cxp\x7dU\x5e\x7d SUBJECT:cX1ipqkXc9x\x60n\x7cu2JN7x2\x3b?aHPoO</data></match></read>
    <read><delim>\x0a</delim></read>
    <read><delim>\x0a</delim><match><data>QUEUE: GL\x3d\x3c2\x3c\x7cxp\x7dU\x5e\x7d\x0a</data></match></read>
    <read><delim>\x0a</delim><match><data>0\x29 From:vkA To: LAgntYInFMgs\x60\x5e\x7b SUBJECT:\x5cOzsLp\x7bAorz.n\x3bkH</data></match></read>
    <read><delim>\x0a</delim></read>
    <read><delim>\x0a</delim><match><data>QUEUE: 1y5A\x3d6\x40e?9Eb\x5eYau\x3e\x60Af\x3e:K\x3c\x0a</data></match></read>
    <read><delim>\x0a</delim><match><data>0\x29 From:DXfdQQ.XH5:nn7\x5dGa\x3b\x5eIK\x7dN7zb\x3eb To: \x60?\x3eL18 SUBJECT:aAs3\x5e1GWykV\x60</data></match></read>
    <read><delim>\x0a</delim></read>
    <read><delim>\x0a</delim><match><data>QUEUE: 0A\x7bCp3pn\x5b\x3c\x60mGCC9\x2f\x7e9\x0a</data></match></read>
    <read><delim>\x0a</delim><match><data>0\x29 From:6Si3G\x5e To: 0A\x7bCp3pn\x5b\x3c\x60mGCC9\x2f\x7e9 SUBJECT:gyD</data></match></read>
    <read><delim>\x0a</delim></read>
    <read><delim>\x0a</delim><match><data>QUEUE: bqAHB3h0HIwpZd\x5bZP6\x5dm\x5e\x0a</data></match></read>
    <read><delim>\x0a</delim><match><data>0\x29 From:GL\x3d\x3c2\x3c\x7cxp\x7dU\x5e\x7d To: FFWAL SUBJECT:b\x3dJ.E\x7dzWkQ\x60ZzS\x5bzSok\x5biRj\x60o</data></match></read>
    <read><delim>\x0a</delim></read>
    <read><delim>\x0a</delim><match><data>QUEUE: vkA\x0a</data></match></read>
    <read><delim>\x0a</delim><match><data>0\x29 From:LAgntYInFMgs\x60\x5e\x7b To: 0A\x7bCp3pn\x5b\x3c\x60mGCC9\x2f\x7e9 SUBJECT:yKp\x7d9a\x3e\x5fPt0N</data></match></read>
    <read><delim>\x0a</delim></read>
    <read><delim>\x0a</delim><match><data>QUEUE: GL\x3d\x3c2\x3c\x7cxp\x7dU\x5e\x7d\x0a</data></match></read>
    <read><delim>\x0a</delim><match><data>0\x29 From:U\x5f7\x5ctGr1zSE\x2fz9Fp1. To: H\x5b.P\x5eeqBz7\x3c\x2f\x5bU\x3c4\x7cO\x3btrj\x5d SUBJECT:D\x5fS\x5ciV\x5czZiPo9</data></match></read>
    <read><delim>\x0a</delim></read>
    <read><delim>\x0a</delim><match><data>QUEUE: 0A\x7bCp3pn\x5b\x3c\x60mGCC9\x2f\x7e9\x0a</data></match></read>
    <read><delim>\x0a</delim><match><data>0\x29 From:U\x5f7\x5ctGr1zSE\x2fz9Fp1. To: FFWAL SUBJECT:wQkR\x3bj0x\x7d\x2f4\x3des73\x5e</data></match></read>
    <read><delim>\x0a</delim></read>
    <write><data>ADDRESSBOOK\x0a</data></write>
    <read><delim>\x0a</delim><match><data>Address Book:</data></match></read>
    <read><delim>\x0a</delim><match><data>1\x29 mqshP0\x5b\x5d\x5czSGX\x40q1\x2fj1CGA\x40sy5i\x5e\x5b\x7dH\x3dl \x5b0\x5d</data></match></read>
    <read><delim>\x0a</delim><match><data>2\x29 vkA\x40oPK1\x7cQf\x2fM\x3eoS:kCIn0 \x5b1\x5d</data></match></read>
    <read><delim>\x0a</delim><match><data>3\x29 WDl\x5b:\x3by2KgkD\x40o8\x3b\x7cztZVXzC\x7dNaNhPy.\x5dnElwCBT\x5e \x5b0\x5d</data></match></read>
    <read><delim>\x0a</delim><match><data>4\x29 9B8CXF5O97NTm\x5fZO\x5bseN\x40Ck\x3cQi6 \x5b0\x5d</data></match></read>
    <read><delim>\x0a</delim><match><data>5\x29 FFWAL\x40v\x5dVS\x5cs\x7cvl0U\x7c\x7bOEC\x7bGKJU \x5b0\x5d</data></match></read>
    <read><delim>\x0a</delim><match><data>6\x29 6Si3G\x5e\x40GTMPCtLpQv\x5e8BNb4y\x5e3GcIW \x5b0\x5d</data></match></read>
    <read><delim>\x0a</delim><match><data>7\x29 DXfdQQ.XH5:nn7\x5dGa\x3b\x5eIK\x7dN7zb\x3eb\x40\x3c0CCyB4y4B\x3e\x5fgR\x60P\x7bist \x5b1\x5d</data></match></read>
    <read><delim>\x0a</delim><match><data>8\x29 0A\x7bCp3pn\x5b\x3c\x60mGCC9\x2f\x7e9\x40hcFOvw \x5b0\x5d</data></match></read>
    <read><delim>\x0a</delim><match><data>9\x29 CEDpat1sLrgA4PViUz5UzLw\x40d9h\x7cY3\x5ds4RO \x5b0\x5d</data></match></read>
    <read><delim>\x0a</delim><match><data>10\x29 U\x5f7\x5ctGr1zSE\x2fz9Fp1.\x40\x3d.\x7b:pt\x5c\x2fXRafU \x5b0\x5d</data></match></read>
    <read><delim>\x0a</delim><match><data>11\x29 H\x5b.P\x5eeqBz7\x3c\x2f\x5bU\x3c4\x7cO\x3btrj\x5d\x40\x3di.\x3dS2:S\x5ft\x7eOIqu\x5bGvlV\x2fU.5\x5f7Q \x5b0\x5d</data></match></read>
    <read><delim>\x0a</delim><match><data>12\x29 LAgntYInFMgs\x60\x5e\x7b\x406Wpx\x3etTadJ\x3cM\x3d\x2f5QaSFl\x5fu7 \x5b1\x5d</data></match></read>
    <read><delim>\x0a</delim><match><data>13\x29 GL\x3d\x3c2\x3c\x7cxp\x7dU\x5e\x7d\x40DjtaAI?\x7efv\x3ea\x7b\x7bQ \x5b1\x5d</data></match></read>
    <read><delim>\x0a</delim><match><data>14\x29 bqAHB3h0HIwpZd\x5bZP6\x5dm\x5e\x40K8OKGK\x3bKbo2\x7b:NbL\x5dKCDm9DPW \x5b0\x5d</data></match></read>
    <read><delim>\x0a</delim><match><data>15\x29 1NTyl.\x5eU6sie\x409X\x5bfW \x5b0\x5d</data></match></read>
    <read><delim>\x0a</delim><match><data>16\x29 \x60?\x3eL18\x40W2P0Pc\x3eqLAe\x3cQKS.\x60S\x60rDycq\x7csI2\x5eW \x5b0\x5d</data></match></read>
    <read><delim>\x0a</delim><match><data>17\x29 HfQKXrzhT8UwNSg\x40\x40D9C\x60Ao\x3dTy\x3cojDq\x5d\x3e \x5b0\x5d</data></match></read>
    <read><delim>\x0a</delim><match><data>18\x29 p\x3cE\x5dTl\x3c.B\x40.pg\x3dUF7a\x7cO\x5b58\x7eqm0y45s9LDB \x5b1\x5d</data></match></read>
    <read><delim>\x0a</delim><match><data>19\x29 9\x3exBb\x40B?o\x5dOP7U\x3eWC \x5b0\x5d</data></match></read>
    <read><delim>\x0a</delim><match><data>20\x29 1y5A\x3d6\x40e?9Eb\x5eYau\x3e\x60Af\x3e:K\x3c\x40q0a \x5b1\x5d</data></match></read>
    <write><data>QUIT\x0a</data></write>
    <read><delim>\x0a</delim><match><data>Goodbye.</data></match></read>
</replay>
</pov>