<?xml version="1.0" standalone="no" ?>
<!DOCTYPE pov SYSTEM "/usr/share/cgc-docs/replay.dtd">
<pov>
<cbid>service</cbid>
<seed>bb9ab8eb17ac71b5b6f0b49a8214eb2a3a44d4498b2c848285105e517e7c921b78243d2be9eab5d2d0c33c639690b04f</seed>
<replay>
    <delay>50</delay>
    <read><delim>:</delim><match><data>sendmail:</data></match></read>
    <write><data>READ oas\x40\x7d 0\x0a</data></write>
    <read><delim>\x0a</delim><match><data>0\x29 Subject:pLEZW9DB\x5dKMUn\x5cGj\x40o Body:iU3NYF77\x7e00\x5c8b\x5d\x7el\x3b4Yp\x7eQ\x5e:v8z?W\x3bpuz\x5cG2YctwNimF\x3b?0yBqb\x5dM0\x7eQE?zOR\x5e8\x3b8vi\x5c2Wb\x2f\x40NET\x5cMG\x3cCivT\x7c36wKjwi1ZUv\x5eON\x40tXV\x7c\x40Oasqw\x5f\x7bm6M\x2fj5\x5b\x5c3c\x3epz1\x0a</data></match></read>
    <write><data>LIST FFF\x5bZ\x7cF\x5b0\x0a</data></write>
    <read><delim>\x0a</delim><match><data>0\x29 From:\x5f\x7e\x5fKZGt\x5e7z\x5e\x5b\x2flT\x5dvNar To: N\x600d SUBJECT:zj3E3po\x5dS\x7dt\x7dF\x7bb\x7c4W9x3OF\x3c</data></match></read>
    <write><data>READ oas\x40\x7d 0\x0a</data></write>
    <read><delim>\x0a</delim><match><data>0\x29 Subject:pLEZW9DB\x5dKMUn\x5cGj\x40o Body:iU3NYF77\x7e00\x5c8b\x5d\x7el\x3b4Yp\x7eQ\x5e:v8z?W\x3bpuz\x5cG2YctwNimF\x3b?0yBqb\x5dM0\x7eQE?zOR\x5e8\x3b8vi\x5c2Wb\x2f\x40NET\x5cMG\x3cCivT\x7c36wKjwi1ZUv\x5eON\x40tXV\x7c\x40Oasqw\x5f\x7bm6M\x2fj5\x5b\x5c3c\x3epz1\x0a</data></match></read>
    <write><data>ADDRESSBOOK\x0a</data></write>
    <read><delim>\x0a</delim><match><data>Address Book:</data></match></read>
    <read><delim>\x0a</delim><match><data>1\x29 :\x5c?79\x40m\x3bsb\x3dc\x3eIvo1kx\x3b3JF \x5b0\x5d</data></match></read>
    <read><delim>\x0a</delim><match><data>2\x29 9bxWpUivN0ka629I\x40G\x40?N\x5b3wes\x5bWZISHJkA\x7be4\x7c\x3d\x5c\x5fCj \x5b1\x5d</data></match></read>
    <read><delim>\x0a</delim><match><data>3\x29 S\x2f\x5dpG\x5dSYe\x40z\x7cCyK \x5b0\x5d</data></match></read>
    <read><delim>\x0a</delim><match><data>4\x29 2f:\x3c\x40aY\x5e?UKKlM.wtrL \x5b1\x5d</data></match></read>
    <read><delim>\x0a</delim><match><data>5\x29 BsmoGm\x7d\x7cm06.0i\x5drPw\x7et\x406\x7cjb\x7e2Dxy \x5b0\x5d</data></match></read>
    <read><delim>\x0a</delim><match><data>6\x29 N\x600d\x40E96GhC2\x5fYXVtdkv\x5e8k\x3ekx\x40LzGXx \x5b1\x5d</data></match></read>
    <read><delim>\x0a</delim><match><data>7\x29 bTkk4EG\x408BS\x7cXwcA\x40Hn\x2fw1EriPfJvohRrbt7lH \x5b0\x5d</data></match></read>
    <read><delim>\x0a</delim><match><data>8\x29 \x5f\x7e\x5fKZGt\x5e7z\x5e\x5b\x2flT\x5dvNar\x4026KiTi:G\x2fqB1ec \x5b1\x5d</data></match></read>
    <read><delim>\x0a</delim><match><data>9\x29 ihkcjZ\x2f17vT\x7b\x5d\x5cdf:\x7ezv7w8gC\x40HUkUTfFDP \x5b0\x5d</data></match></read>
    <read><delim>\x0a</delim><match><data>10\x29 PMBaf\x3b\x7efN\x40OqJQvJ\x7e\x5ekkl\x5eo6DiYAU \x5b1\x5d</data></match></read>
    <read><delim>\x0a</delim><match><data>11\x29 FFF\x5bZ\x7cF\x5b0\x40WnF84\x7d\x3bG\x40fBiqI\x3e8 \x5b0\x5d</data></match></read>
    <read><delim>\x0a</delim><match><data>12\x29 \x3e5\x7cz3h\x5c\x3c\x40l4z \x5b1\x5d</data></match></read>
    <read><delim>\x0a</delim><match><data>13\x29 \x7c\x60KK4u\x3div7YMkA\x40w8?\x3dy\x5fvlOF4v1.\x40rhEQ\x5bi \x5b0\x5d</data></match></read>
    <read><delim>\x0a</delim><match><data>14\x29 3uJ9ndg0FX0MhtAu.xr\x7bAhkp\x40g8\x7dA\x3dnD\x40u2\x3e\x2ff\x60FO2\x5dai:g\x5e0\x5f8 \x5b0\x5d</data></match></read>
    <read><delim>\x0a</delim><match><data>15\x29 W\x40RanGVgtvDD\x3bmq2J\x40:5G\x3e\x7d\x3epLr.I\x7dF\x3dviV\x5es\x2f \x5b0\x5d</data></match></read>
    <read><delim>\x0a</delim><match><data>16\x29 y.R?\x7b\x40vvrjl2cQ\x3c8PTvr\x5fnU\x40\x3c\x5f9qBxzd\x7bOR\x7bh50\x40 \x5b1\x5d</data></match></read>
    <read><delim>\x0a</delim><match><data>17\x29 s0r1\x7eNCK68\x3eDoVS\x40\x5d65ugs\x3d:A18:acs1\x3c \x5b0\x5d</data></match></read>
    <read><delim>\x0a</delim><match><data>18\x29 1\x5dbZ1T\x40NzRu\x3e\x40.YJ.:\x3eja\x7d\x40eD \x5b0\x5d</data></match></read>
    <read><delim>\x0a</delim><match><data>19\x29 oas\x40\x7d\x40U\x2f\x7bA\x5daDyp0wve6uGm\x7di\x7bn?U \x5b0\x5d</data></match></read>
    <read><delim>\x0a</delim><match><data>20\x29 L?\x5fbw\x7c4j0Z7NB?m\x7ebd\x60\x2fCd\x40f?8\x7ebN\x5be\x7dBTncWvI0g2 \x5b1\x5d</data></match></read>
    <write><data>LIST PMBaf\x3b\x7efN\x0a</data></write>
    <read><delim>\x0a</delim><match><data>0\x29 From:\x5f\x7e\x5fKZGt\x5e7z\x5e\x5b\x2flT\x5dvNar To: y.R?\x7b\x40vvrjl2cQ\x3c8PTvr\x5fnU SUBJECT:\x7baj\x2fpD9BIrPft0\x5bM9aGv1\x40ykxk\x5c</data></match></read>
    <write><data>QUIT\x0a</data></write>
    <read><delim>\x0a</delim><match><data>Goodbye.</data></match></read>
</replay>
</pov>