<?xml version="1.0" standalone="no" ?>
<!DOCTYPE pov SYSTEM "/usr/share/cgc-docs/replay.dtd">
<pov>
<cbid>service</cbid>
<seed>f90b9fe55e20e9ae6751e643c14f1a1a381570065e3d74059d586c16564dabab4ed97fcf7e377760f472e9f96d10e42f</seed>
<replay>
    <delay>50</delay>
    <read><delim>:</delim><match><data>sendmail:</data></match></read>
    <write><data>LISTALL\x0a</data></write>
    <read><delim>\x0a</delim><match><data>QUEUE: F?\x5fSdU\x3e90Q\x5cSFEaHcdojO9\x3c.\x0a</data></match></read>
    <read><delim>\x0a</delim><match><data>0\x29 From:tx89i:\x40\x3d\x5dy\x7bFL\x7ba\x7bxFE To: pX6x1\x3eq8\x7cQkbOmfeHZXH SUBJECT::wZ0q\x5c\x2f\x3d\x3d\x40dp6U\x5dFpsJNgkF</data></match></read>
    <read><delim>\x0a</delim></read>
    <read><delim>\x0a</delim><match><data>QUEUE: oh?zW7\x3b\x7b\x5bf\x0a</data></match></read>
    <read><delim>\x0a</delim><match><data>0\x29 From:tx89i:\x40\x3d\x5dy\x7bFL\x7ba\x7bxFE To: Y\x40\x7d\x2fJnUt\x3cp1\x3c.XiSYSPpQuQiF\x5b8 SUBJECT:vk1aHtl\x5cb63</data></match></read>
    <read><delim>\x0a</delim></read>
    <read><delim>\x0a</delim><match><data>QUEUE: F:h\x3biu\x3c\x0a</data></match></read>
    <read><delim>\x0a</delim><match><data>0\x29 From:HgJx\x3b?JtFpBdcionL To: x2\x7dhv8DPWaW\x3eM5W\x5ft4\x60Zotj SUBJECT:q\x7e\x7c\x5d\x3eR6XAq\x5eBp\x5cB\x3dZ\x3c</data></match></read>
    <read><delim>\x0a</delim></read>
    <read><delim>\x0a</delim><match><data>QUEUE: Rsa\x40Vr\x7b9pTv\x0a</data></match></read>
    <read><delim>\x0a</delim><match><data>0\x29 From:\x3e:XR To: oh?zW7\x3b\x7b\x5bf SUBJECT:h\x3b45L9uxvAHWGhi6Z8cA\x3dsZo</data></match></read>
    <read><delim>\x0a</delim></read>
    <read><delim>\x0a</delim><match><data>QUEUE: oh?zW7\x3b\x7b\x5bf\x0a</data></match></read>
    <read><delim>\x0a</delim><match><data>0\x29 From:Rsa\x40Vr\x7b9pTv To: Y\x40\x7d\x2fJnUt\x3cp1\x3c.XiSYSPpQuQiF\x5b8 SUBJECT:VXmPTKDukeOso2\x3bgjvB\x7c</data></match></read>
    <read><delim>\x0a</delim></read>
    <read><delim>\x0a</delim><match><data>QUEUE: Y\x40\x7d\x2fJnUt\x3cp1\x3c.XiSYSPpQuQiF\x5b8\x0a</data></match></read>
    <read><delim>\x0a</delim><match><data>0\x29 From:F:h\x3biu\x3c To: \x3e:XR SUBJECT:zSsqY27sjB\x5bh.yqaz\x60by\x3eoFbpz\x7cGfT</data></match></read>
    <read><delim>\x0a</delim></read>
    <read><delim>\x0a</delim><match><data>QUEUE: Y\x40\x7d\x2fJnUt\x3cp1\x3c.XiSYSPpQuQiF\x5b8\x0a</data></match></read>
    <read><delim>\x0a</delim><match><data>0\x29 From:HgJx\x3b?JtFpBdcionL To: Y\x7c.pUj\x5b1KK\x60 SUBJECT:W\x5d2srorO?rb\x605Er\x7ct0\x3dV5cGR</data></match></read>
    <read><delim>\x0a</delim></read>
    <read><delim>\x0a</delim><match><data>QUEUE: pX6x1\x3eq8\x7cQkbOmfeHZXH\x0a</data></match></read>
    <read><delim>\x0a</delim><match><data>0\x29 From:pX6x1\x3eq8\x7cQkbOmfeHZXH To: F:h\x3biu\x3c SUBJECT:\x3dRZ8fU\x2fEtlou\x40pho</data></match></read>
    <read><delim>\x0a</delim></read>
    <read><delim>\x0a</delim><match><data>QUEUE: F?\x5fSdU\x3e90Q\x5cSFEaHcdojO9\x3c.\x0a</data></match></read>
    <read><delim>\x0a</delim><match><data>0\x29 From:z\x5b\x5fMR\x5e To: z\x5b\x5fMR\x5e SUBJECT:\x5eA?q8.0\x7b:8</data></match></read>
    <read><delim>\x0a</delim></read>
    <read><delim>\x0a</delim><match><data>QUEUE: oh?zW7\x3b\x7b\x5bf\x0a</data></match></read>
    <read><delim>\x0a</delim><match><data>0\x29 From:Y\x7c.pUj\x5b1KK\x60 To: N79OG\x60\x7c\x5cT\x3d4\x5f.:t\x7cZKF8Hju0VJp\x5bzY SUBJECT:\x3bv8Ix\x3cVK.O4bvC\x7ep\x7e</data></match></read>
    <read><delim>\x0a</delim></read>
    <read><delim>\x0a</delim><match><data>QUEUE: x2\x7dhv8DPWaW\x3eM5W\x5ft4\x60Zotj\x0a</data></match></read>
    <read><delim>\x0a</delim><match><data>0\x29 From:x2\x7dhv8DPWaW\x3eM5W\x5ft4\x60Zotj To: tpqyEsldN2JM6JUnfTG\x5c\x7dH\x5e1O\x7eh\x3b SUBJECT::\x5eJ754rbnaL\x5dj.</data></match></read>
    <read><delim>\x0a</delim></read>
    <read><delim>\x0a</delim><match><data>QUEUE: QHwIH\x0a</data></match></read>
    <read><delim>\x0a</delim><match><data>0\x29 From:F?\x5fSdU\x3e90Q\x5cSFEaHcdojO9\x3c. To: Rsa\x40Vr\x7b9pTv SUBJECT:g\x7b3mwVe\x3eo1\x5d\x5cIXlU67F\x5f\x40\x5deJ</data></match></read>
    <read><delim>\x0a</delim></read>
    <read><delim>\x0a</delim><match><data>QUEUE: \x3e:XR\x0a</data></match></read>
    <read><delim>\x0a</delim><match><data>0\x29 From:F:h\x3biu\x3c To: N79OG\x60\x7c\x5cT\x3d4\x5f.:t\x7cZKF8Hju0VJp\x5bzY SUBJECT:KhO</data></match></read>
    <read><delim>\x0a</delim></read>
    <read><delim>\x0a</delim><match><data>QUEUE: \x3e:XR\x0a</data></match></read>
    <read><delim>\x0a</delim><match><data>0\x29 From:F:h\x3biu\x3c To: QHwIH SUBJECT:\x3cXh</data></match></read>
    <read><delim>\x0a</delim></read>
    <read><delim>\x0a</delim><match><data>QUEUE: 2J?\x3eOMrX4r\x7ci6B29gNC\x5dmL2um\x0a</data></match></read>
    <read><delim>\x0a</delim><match><data>0\x29 From:Y\x7c.pUj\x5b1KK\x60 To: EuA\x5b\x3bb SUBJECT:J\x5erN\x2f\x2f\x5c?vxObT</data></match></read>
    <read><delim>\x0a</delim></read>
    <read><delim>\x0a</delim><match><data>QUEUE: pX6x1\x3eq8\x7cQkbOmfeHZXH\x0a</data></match></read>
    <read><delim>\x0a</delim><match><data>0\x29 From:HgJx\x3b?JtFpBdcionL To: yR\x5eH?C\x40 SUBJECT:2S??m\x5dtJY\x7bv780s8L\x5f\x3c\x7e1</data></match></read>
    <read><delim>\x0a</delim></read>
    <read><delim>\x0a</delim><match><data>QUEUE: F:h\x3biu\x3c\x0a</data></match></read>
    <read><delim>\x0a</delim><match><data>0\x29 From:Rsa\x40Vr\x7b9pTv To: EuA\x5b\x3bb SUBJECT:\x5bN\x5doI.CLMk\x7c2O\x5e\x3c</data></match></read>
    <read><delim>\x0a</delim></read>
    <read><delim>\x0a</delim><match><data>QUEUE: Y\x7c.pUj\x5b1KK\x60\x0a</data></match></read>
    <read><delim>\x0a</delim><match><data>0\x29 From:\x3e:XR To: 2J?\x3eOMrX4r\x7ci6B29gNC\x5dmL2um SUBJECT:\x7eCF</data></match></read>
    <read><delim>\x0a</delim></read>
    <read><delim>\x0a</delim><match><data>QUEUE: Y\x7c.pUj\x5b1KK\x60\x0a</data></match></read>
    <read><delim>\x0a</delim><match><data>0\x29 From:yb\x7eE\x404t To: z\x5b\x5fMR\x5e SUBJECT:C2Wfuihzb82\x40\x3eHBiK\x400\x5c\x3dDgPgVQKX8</data></match></read>
    <read><delim>\x0a</delim></read>
    <read><delim>\x0a</delim><match><data>QUEUE: baDY\x3eYL9l9\x3ek:\x7b?R8\x5f\x7cG\x2fp\x5ek89\x0a</data></match></read>
    <read><delim>\x0a</delim><match><data>0\x29 From:Rsa\x40Vr\x7b9pTv To: tpqyEsldN2JM6JUnfTG\x5c\x7dH\x5e1O\x7eh\x3b SUBJECT:R2IVo8XyUm</data></match></read>
    <read><delim>\x0a</delim></read>
    <read><delim>\x0a</delim><match><data>QUEUE: F?\x5fSdU\x3e90Q\x5cSFEaHcdojO9\x3c.\x0a</data></match></read>
    <read><delim>\x0a</delim><match><data>0\x29 From:Rsa\x40Vr\x7b9pTv To: F:h\x3biu\x3c SUBJECT:N7J9XWoQ\x7c\x5c\x3drx.YbZ\x40\x7bnVL</data></match></read>
    <read><delim>\x0a</delim></read>
    <read><delim>\x0a</delim><match><data>QUEUE: z\x5b\x5fMR\x5e\x0a</data></match></read>
    <read><delim>\x0a</delim><match><data>0\x29 From:QHwIH To: baDY\x3eYL9l9\x3ek:\x7b?R8\x5f\x7cG\x2fp\x5ek89 SUBJECT:l6Gnpa</data></match></read>
    <read><delim>\x0a</delim></read>
    <read><delim>\x0a</delim><match><data>QUEUE: oh?zW7\x3b\x7b\x5bf\x0a</data></match></read>
    <read><delim>\x0a</delim><match><data>0\x29 From:tpqyEsldN2JM6JUnfTG\x5c\x7dH\x5e1O\x7eh\x3b To: baDY\x3eYL9l9\x3ek:\x7b?R8\x5f\x7cG\x2fp\x5ek89 SUBJECT:\x3c\x60\x7e\x5cz2yUCXXV\x5ch\x7daW\x7ccv</data></match></read>
    <read><delim>\x0a</delim></read>
    <read><delim>\x0a</delim><match><data>QUEUE: 2J?\x3eOMrX4r\x7ci6B29gNC\x5dmL2um\x0a</data></match></read>
    <read><delim>\x0a</delim><match><data>0\x29 From:oh?zW7\x3b\x7b\x5bf To: F:h\x3biu\x3c SUBJECT:\x5bel?AU\x5cpNbTF\x7b</data></match></read>
    <read><delim>\x0a</delim></read>
    <read><delim>\x0a</delim><match><data>QUEUE: F?\x5fSdU\x3e90Q\x5cSFEaHcdojO9\x3c.\x0a</data></match></read>
    <read><delim>\x0a</delim><match><data>0\x29 From:x2\x7dhv8DPWaW\x3eM5W\x5ft4\x60Zotj To: HgJx\x3b?JtFpBdcionL SUBJECT:3\x60t3kvQ\x5bL\x2fZ\x7bmr</data></match></read>
    <read><delim>\x0a</delim></read>
    <read><delim>\x0a</delim><match><data>QUEUE: 2J?\x3eOMrX4r\x7ci6B29gNC\x5dmL2um\x0a</data></match></read>
    <read><delim>\x0a</delim><match><data>0\x29 From:F:h\x3biu\x3c To: F:h\x3biu\x3c SUBJECT:YMUV7\x40gq\x5dz7VI\x2fgl\x5cm\x5dj1r\x3cpJFBTKN</data></match></read>
    <read><delim>\x0a</delim></read>
    <read><delim>\x0a</delim><match><data>QUEUE: HgJx\x3b?JtFpBdcionL\x0a</data></match></read>
    <read><delim>\x0a</delim><match><data>0\x29 From:HgJx\x3b?JtFpBdcionL To: HgJx\x3b?JtFpBdcionL SUBJECT:\x5d\x3dVEbvMUH2fT7l\x5dzYd\x5f\x5d</data></match></read>
    <read><delim>\x0a</delim></read>
    <read><delim>\x0a</delim><match><data>QUEUE: oh?zW7\x3b\x7b\x5bf\x0a</data></match></read>
    <read><delim>\x0a</delim><match><data>0\x29 From:tpqyEsldN2JM6JUnfTG\x5c\x7dH\x5e1O\x7eh\x3b To: pX6x1\x3eq8\x7cQkbOmfeHZXH SUBJECT:\x60\x2f7\x5c\x5e\x5cPjT\x5bf\x3d\x2fF2q\x3bV77rz1\x7dyhYp\x607</data></match></read>
    <read><delim>\x0a</delim></read>
    <read><delim>\x0a</delim><match><data>QUEUE: Y\x40\x7d\x2fJnUt\x3cp1\x3c.XiSYSPpQuQiF\x5b8\x0a</data></match></read>
    <read><delim>\x0a</delim><match><data>0\x29 From:QHwIH To: EuA\x5b\x3bb SUBJECT:hWHhv\x7cmeAon\x5e\x5f</data></match></read>
    <read><delim>\x0a</delim></read>
    <read><delim>\x0a</delim><match><data>QUEUE: Y\x7c.pUj\x5b1KK\x60\x0a</data></match></read>
    <read><delim>\x0a</delim><match><data>0\x29 From:HgJx\x3b?JtFpBdcionL To: baDY\x3eYL9l9\x3ek:\x7b?R8\x5f\x7cG\x2fp\x5ek89 SUBJECT:NG3rDORDXk2\x60\x5dF</data></match></read>
    <read><delim>\x0a</delim></read>
    <read><delim>\x0a</delim><match><data>QUEUE: yb\x7eE\x404t\x0a</data></match></read>
    <read><delim>\x0a</delim><match><data>0\x29 From:Y\x40\x7d\x2fJnUt\x3cp1\x3c.XiSYSPpQuQiF\x5b8 To: Rsa\x40Vr\x7b9pTv SUBJECT:RRw7\x5eb\x7bWS</data></match></read>
    <read><delim>\x0a</delim></read>
    <read><delim>\x0a</delim><match><data>QUEUE: tpqyEsldN2JM6JUnfTG\x5c\x7dH\x5e1O\x7eh\x3b\x0a</data></match></read>
    <read><delim>\x0a</delim><match><data>0\x29 From:baDY\x3eYL9l9\x3ek:\x7b?R8\x5f\x7cG\x2fp\x5ek89 To: yR\x5eH?C\x40 SUBJECT:vKP\x40P1:sRaJoV\x3e\x7eK\x2fK\x7dliw\x60Qv6\x40</data></match></read>
    <read><delim>\x0a</delim></read>
    <read><delim>\x0a</delim><match><data>QUEUE: F?\x5fSdU\x3e90Q\x5cSFEaHcdojO9\x3c.\x0a</data></match></read>
    <read><delim>\x0a</delim><match><data>0\x29 From:pX6x1\x3eq8\x7cQkbOmfeHZXH To: tx89i:\x40\x3d\x5dy\x7bFL\x7ba\x7bxFE SUBJECT:K\x5d8\x5cr7?LPX\x2fDZc:\x2f.</data></match></read>
    <read><delim>\x0a</delim></read>
    <write><data>QUIT\x0a</data></write>
    <read><delim>\x0a</delim><match><data>Goodbye.</data></match></read>
</replay>
</pov>