<?xml version="1.0" standalone="no" ?>
<!DOCTYPE pov SYSTEM "/usr/share/cgc-docs/replay.dtd">
<pov>
<cbid>service</cbid>
<seed>9bccc05e3b7c8666378f48b0f1372c9010a11afa8c0a2aea416f867a8d0f1b9e551390b31eabd97bcbfb67326ce5f2c7</seed>
<replay>
    <delay>50</delay>
    <read><delim>:</delim><match><data>sendmail:</data></match></read>
    <write><data>ADDRESSBOOK\x0a</data></write>
    <read><delim>\x0a</delim><match><data>Address Book:</data></match></read>
    <read><delim>\x0a</delim><match><data>1\x29 mV\x7e?Gj?\x5blN5\x60\x40\x7d?tDDuK\x40hMh\x3cKKTE7Z\x3ef\x5bZ5DkFGUzsEQoo \x5b1\x5d</data></match></read>
    <read><delim>\x0a</delim><match><data>2\x29 JqC\x40ao??qvke\x40c6gpVTF\x6071\x7cY \x5b1\x5d</data></match></read>
    <read><delim>\x0a</delim><match><data>3\x29 \x5fWoOvzGz\x5b9\x7dz\x60\x7d?\x60S2x\x7e\x5c7DJi\x401\x60?D.\x7cN\x2fA7mqvEQ9\x5fjQzq\x7d \x5b1\x5d</data></match></read>
    <read><delim>\x0a</delim><match><data>4\x29 \x60u\x5cxx6\x403n4Cmj4PM\x7d \x5b1\x5d</data></match></read>
    <read><delim>\x0a</delim><match><data>5\x29 9lV\x40b3\x5eN4Z\x3drNKzVw\x5bNl\x40\x40Twd4\x5eVCXgb\x5boJZlW\x3c\x5dzmx70.Y \x5b0\x5d</data></match></read>
    <read><delim>\x0a</delim><match><data>6\x29 KYP\x7dn\x5dQZaQm1zP\x7biQQzA\x7bHe\x2f\x40f0XIbr6Uz?7gQ1xsYB\x40JtfTN\x5e.U \x5b0\x5d</data></match></read>
    <read><delim>\x0a</delim><match><data>7\x29 \x5bwOhXV\x3c\x7c\x7dZ\x7dyJ\x2fsQ\x7c\x40aWMzhHj\x3bnwIY0aAlsuf\x40J \x5b0\x5d</data></match></read>
    <read><delim>\x0a</delim><match><data>8\x29 R0md\x2fOcZ\x7d\x40\x7eR\x60dgv9\x5bSucbcucmF9RlA\x5di \x5b0\x5d</data></match></read>
    <read><delim>\x0a</delim><match><data>9\x29 9\x7c\x5fU6..3Pk7M\x2fCmppC\x40sk0\x5c\x5d\x40YhW0\x2fv\x3bOFt\x7dyy\x5e \x5b0\x5d</data></match></read>
    <read><delim>\x0a</delim><match><data>10\x29 rRNb8\x3bqmYq14\x3b2n\x603l\x7bFm\x40eCn \x5b1\x5d</data></match></read>
    <read><delim>\x0a</delim><match><data>11\x29 \x3dNJprH\x7c\x5f\x5cB0Cc\x3d\x60z\x3e\x40zjd\x7b\x3bgwe8Fc\x2fa\x3c\x5esjD\x7b1\x7b \x5b1\x5d</data></match></read>
    <read><delim>\x0a</delim><match><data>12\x29 y\x40zXl:P\x3cHM\x3c\x40TyW \x5b0\x5d</data></match></read>
    <read><delim>\x0a</delim><match><data>13\x29 b9ezY1\x40mzN2or\x5d\x7c\x7c\x7bdtf\x7d5q\x40k\x60 \x5b0\x5d</data></match></read>
    <read><delim>\x0a</delim><match><data>14\x29 iKsvNQx\x40T:n.e6BAUq:X\x5dMp?EKq6\x3c6lQ\x3d1\x7bD\x5c? \x5b0\x5d</data></match></read>
    <read><delim>\x0a</delim><match><data>15\x29 \x40\x5ehQ3\x3d5\x3cbz7c\x3d\x5f\x5ddw\x5eKS2SwE\x5c\x5c\x40.jXqj\x3ctONnllQ?8dxqdLXn8es \x5b1\x5d</data></match></read>
    <read><delim>\x0a</delim><match><data>16\x29 \x5fVRpR0K8v4fl\x2f8byz?hq\x5d\x40\x40ZHHf\x7ev\x40 \x5b0\x5d</data></match></read>
    <read><delim>\x0a</delim><match><data>17\x29 IZYahlPd.\x5bR\x409qJNl\x40yIvD \x5b0\x5d</data></match></read>
    <read><delim>\x0a</delim><match><data>18\x29 \x3d\x3dy\x40kzQ?N\x7dBTgaf8q\x3e\x5ekaG6\x60J:Ag3o.LB8 \x5b1\x5d</data></match></read>
    <read><delim>\x0a</delim><match><data>19\x29 y\x7dam2\x7b?6l\x2f2SFi\x2fyH9YHlx4jB\x40WUG4weYP\x7eW\x7e\x7bPUEamVzyiMo78l\x3bmR \x5b1\x5d</data></match></read>
    <read><delim>\x0a</delim><match><data>20\x29 i7\x603\x5e\x5bDv\x7bzDXFTWljn\x5d:DEp1FrxNA\x40.v\x5c \x5b1\x5d</data></match></read>
    <write><data>QUIT\x0a</data></write>
    <read><delim>\x0a</delim><match><data>Goodbye.</data></match></read>
</replay>
</pov>