<?xml version="1.0" standalone="no" ?>
<!DOCTYPE pov SYSTEM "/usr/share/cgc-docs/replay.dtd">
<pov>
<cbid>service</cbid>
<seed>605ba12c64b613713adda6e69aff45fd5dd6b8e82d883b4b7ef94336cd43567c20845333f625dcab1ef238e63f4d58ec</seed>
<replay>
    <delay>50</delay>
    <write><data>\xe2\x03\x00\x00</data></write>
    <write><data>\xc8\x94\xb8\x28</data></write>
    <write><data>\x11\x5d\x900</data></write>
    <write><data>\x11\xc6\xd2\x60</data></write>
    <write><data>\x11\x3d\xf58</data></write>
    <write><data>\xa8\x06\xf00</data></write>
    <write><data>\x11v\x40\x90</data></write>
    <write><data>\x11\x07\xf6H</data></write>
    <write><data>\x11\xcaZ\xa0</data></write>
    <write><data>\x11\x1a\x82\xa0</data></write>
    <write><data>\xa8\x1d\x28\xb0</data></write>
    <write><data> pX\x28</data></write>
    <write><data>\x11\xb6S\xa8</data></write>
    <write><data>\x11\xcc\x9f\xe8</data></write>
    <write><data>\xd8\xcc\xf8\xb0</data></write>
    <write><data>\x11\x8cx\xe8</data></write>
    <write><data>8\x28\x10\xc0</data></write>
    <write><data>\x90\xcb\x18\xd8</data></write>
    <write><data>\x28\x88\x28\x40</data></write>
    <write><data>\xc8\xeb\xc8\x18</data></write>
    <write><data>\x11\x04Hp</data></write>
    <write><data>\x11\xe048</data></write>
    <write><data>\xd0G\xf8h</data></write>
    <write><data>\x90\x89\xe8\x08</data></write>
    <write><data>\x11\xfa\x88\xf8</data></write>
    <write><data>\x28\xb8\xd0\xe8</data></write>
    <write><data>\x80w\x00\x08</data></write>
    <write><data>\x11C\x1c\x18</data></write>
    <write><data>\x88\x3c\xb8H</data></write>
    <write><data>\x11\xcf\xe80</data></write>
    <write><data>X\x60\x88X</data></write>
    <write><data>\x11\x24\xf7\xa0</data></write>
    <write><data>\x11\x92\xc5\x40</data></write>
    <write><data>8\xa8\xf0\xb0</data></write>
    <write><data>\x08P\xf0\xf8</data></write>
    <write><data>\x11\xb9\x19\xc8</data></write>
    <write><data>\x11\x12E\x10</data></write>
    <write><data>\x80\xad\x40P</data></write>
    <write><data>x\x28\x28\xd8</data></write>
    <write><data>0h\x88 </data></write>
    <write><data>\x89\x23\x00\x60</data></write>
    <write><data>\x11\xd7\xcf\xa8</data></write>
    <write><data>\x18\x28\xb0\x00</data></write>
    <write><data>\x89\x1c\x00\x40</data></write>
    <write><data>\xa0P\xf8\xd0</data></write>
    <write><data>\x11\xc6\x1c\xe8</data></write>
    <write><data>\xd86\xb0\x08</data></write>
    <write><data>\xf0\x2d\x60p</data></write>
    <write><data>\x11\xcd\xab\xf0</data></write>
    <write><data>\x11\xbd:\x18</data></write>
    <write><data>\x11\xd0\xe2\x80</data></write>
    <write><data>\x11\xd3\xc6\x88</data></write>
    <write><data>\x11\xd1o\x80</data></write>
    <write><data>\x81\x03\x00\x00</data></write>
    <write><data>X\xc00\xa8</data></write>
    <write><data>\x11\x8d\xebX</data></write>
    <write><data>\x11C\xa0\xb0</data></write>
    <write><data>\x11\xa1\x16\xe0</data></write>
    <write><data>\xd8\xca\xa8\x40</data></write>
    <write><data>\x11\x7eM\xe0</data></write>
    <write><data>\x11L\xa8\x18</data></write>
    <write><data>\xb8\xad\x18\xa0</data></write>
    <write><data>\x11\x28\x08\x00</data></write>
    <write><data>\x11\xe8\x0b\x00</data></write>
    <write><data>\xa0\xd7XH</data></write>
    <write><data>\x11\xa59\x40</data></write>
    <write><data>\x11\x23b\x60</data></write>
    <write><data>\x11Z\x84\xf8</data></write>
    <write><data>\x11\xf7\x97\x18</data></write>
    <write><data>\x11\x3c\x9c </data></write>
    <write><data>\xb0g\xa0\xe8</data></write>
    <write><data>\x10\xa8x8</data></write>
    <write><data>\x111\x5eP</data></write>
    <write><data>\x11\x05\xfd\xd0</data></write>
    <write><data>\xf0\xda\xa0\xd0</data></write>
    <write><data>\x18\xc8\xe00</data></write>
    <write><data>0\x60xX</data></write>
    <write><data>\x11K\xa5\xd0</data></write>
    <write><data>\xf0\xfd\xa0\xc8</data></write>
    <write><data>\x11\xf0\x86\xf8</data></write>
    <write><data>\x11um\x40</data></write>
    <write><data>\x11\x92\xaf\xe0</data></write>
    <write><data>\xc0\xb5\xe8\x08</data></write>
    <write><data>\x11\x26\x8a\x80</data></write>
    <write><data>\x11\xe9\x60\xd0</data></write>
    <write><data> 8\x600</data></write>
    <write><data>\x11\x09x\xd8</data></write>
    <write><data>\xb8\x10\xb00</data></write>
    <write><data>\xa8\xa3\x90\xf0</data></write>
    <write><data>\x11R\x1b\xb0</data></write>
    <write><data> \xc8\xb0\xb8</data></write>
    <write><data>\xf8\x06\x90\xc8</data></write>
    <write><data>\x11\xb8\x14X</data></write>
    <write><data>\x11\x1b\xc4\x40</data></write>
    <write><data>\x11\xbau\x60</data></write>
    <write><data>x\xf0H\x98</data></write>
    <write><data>\x11 Q\x10</data></write>
    <write><data>\xa0\x40\xc8\x90</data></write>
    <write><data>\x11\x9cj\xe0</data></write>
    <write><data>\x81\x1f\x00\x00</data></write>
    <write><data>\x11\x2a\x0a\x00</data></write>
    <write><data>\xa0Hh\x18</data></write>
    <write><data>\x11 \x85\x40</data></write>
    <write><data>x \x60 </data></write>
    <write><data>\xf82\xf0\x08</data></write>
    <write><data>\x11\x27\xd1\x90</data></write>
    <write><data>\xe0E\xe8\x40</data></write>
    <write><data>\x10P\x60\x00</data></write>
    <write><data>\x11\x7e\x22\xb0</data></write>
    <write><data>\x11\xf2\xfa\x08</data></write>
    <write><data>\x89\x04\x00\x88</data></write>
    <write><data>\x11\x0b\xde\xc8</data></write>
    <write><data>\x11\x98\xf9\xe0</data></write>
    <write><data>\xa0n \xe8</data></write>
    <write><data>\x11b\xa1\xb8</data></write>
    <write><data>\xd8A\xe08</data></write>
    <write><data>\x11\xc9\x80x</data></write>
    <write><data>\xc07\x88\x90</data></write>
    <write><data>\x11\x91GP</data></write>
    <write><data>\x11\x89\xe4p</data></write>
    <write><data>\xd0\xcc\x40\xe0</data></write>
    <write><data>\x11a\x16\xe8</data></write>
    <write><data>\x11\x98\x91P</data></write>
    <write><data>\x40\x00\x28\xc8</data></write>
    <write><data>\xc8h\xb0\x28</data></write>
    <write><data>\x116\x18\xb8</data></write>
    <write><data>\x11N\x08\x60</data></write>
    <write><data>\x11\x13E\xe8</data></write>
    <write><data>\x8878p</data></write>
    <write><data>\x11\x199\xc0</data></write>
    <write><data>\x11\x12\x9cp</data></write>
    <write><data>\x11\xc5\xc9P</data></write>
    <write><data>\xd8W\x40\xa8</data></write>
    <write><data>\x11\x5c\xbe\xe0</data></write>
    <write><data>0\x60\x40\xa0</data></write>
    <write><data>h\xf8\x90\xd0</data></write>
    <write><data> \xd0\xa8h</data></write>
    <write><data>\x11\x00F\xd0</data></write>
    <write><data>\x11T\x0eP</data></write>
    <write><data>\x89O\x00\x10</data></write>
    <write><data>h\xd8\xe88</data></write>
    <write><data>\x80\xde\xc8X</data></write>
    <write><data>\x408\xa88</data></write>
    <write><data>\x11\xb1\xdb\x88</data></write>
    <write><data>\x11\xea\x40 </data></write>
    <write><data>\xd8\xa1\xf8\x40</data></write>
    <write><data>\x11X!8</data></write>
    <write><data>\x08\xd8\xc8\x40</data></write>
    <write><data>\x11\x0ca\x00</data></write>
    <write><data>\x89\x1e\x00\xf8</data></write>
    <write><data>\x11\xff\x29\x28</data></write>
    <write><data>\x90\x85\x18\xa8</data></write>
    <write><data>\x89x\x00\xb0</data></write>
    <write><data>\xc0\x22\xd80</data></write>
    <write><data>\x008\x008</data></write>
    <write><data>\x11\xf4\xc6\xc0</data></write>
    <write><data>\x80\xdc\x08\x88</data></write>
    <write><data>\x11\x60\xcb\x08</data></write>
    <write><data>\x11\x7e\xc2\xd0</data></write>
    <write><data>\xe8\x2c\x98\xe0</data></write>
    <write><data>\xf8N\x900</data></write>
    <write><data>\x11M\x2c\xa0</data></write>
    <write><data>\x11\x235\xd0</data></write>
    <write><data>\x11\xd1\x3b\x40</data></write>
    <write><data>\x11G\x3d\xb0</data></write>
    <write><data>P\xc8\xb8\x98</data></write>
    <write><data>h\x98p\xc0</data></write>
    <write><data>\x11\xa5\x07\xd0</data></write>
    <write><data>\x11\xf9\x8dP</data></write>
    <write><data>\x11\x5cM\xb8</data></write>
    <write><data>\x11F\x00\xd8</data></write>
    <write><data>\x11\xecop</data></write>
    <write><data>\x60\x80\x60\x40</data></write>
    <write><data>P\xd0\xc8\x28</data></write>
    <write><data>\x11XwH</data></write>
    <write><data>\x11a\x9aP</data></write>
    <write><data>p\x28\x80\xc8</data></write>
    <write><data>pX\xf8\x10</data></write>
    <write><data>\x11\xdaB\x98</data></write>
    <write><data>\x11\x14\xb80</data></write>
    <write><data>\x08\x10\xe0x</data></write>
    <write><data>\x11\x81\xcb\x40</data></write>
    <write><data>\x11\x3e\xb7\xe8</data></write>
    <write><data>\x11\x9c\xd7X</data></write>
    <write><data>\x40\x08h\xa0</data></write>
    <write><data>\xd0c\x60\xb8</data></write>
    <write><data>\x11\xae\x82\x60</data></write>
    <write><data>\x008P\xf8</data></write>
    <write><data>\xe0\x3c\xe8\x18</data></write>
    <write><data>\x89g\x00\xb8</data></write>
    <write><data>\x11\xd3P\xf0</data></write>
    <write><data>H0\x28\xf8</data></write>
    <write><data>Xhh </data></write>
    <write><data>\x11\xee\x0e\xd0</data></write>
    <write><data>\x98\x00hH</data></write>
    <write><data>\x80N\x88\xf0</data></write>
    <write><data>\xe0\x8a\xc8\xe0</data></write>
    <write><data>\x11\x5f\x16X</data></write>
    <write><data>\x18\x28hp</data></write>
    <write><data>xH 8</data></write>
    <write><data>\x00X\xd8\x18</data></write>
    <write><data>\xa06\x18\xe8</data></write>
    <write><data>\x80\xb3\xf8\x40</data></write>
    <write><data>\x11\x82\xbb\x00</data></write>
    <write><data>\xd8\x5b\xc80</data></write>
    <write><data>\x11\x9aDP</data></write>
    <write><data>\x11\xec\x0f\x08</data></write>
    <write><data>H\x40\x08h</data></write>
    <write><data>\x11\xec\xe7\xe8</data></write>
    <write><data>h\x60\x18\xe0</data></write>
    <write><data>\x11\x5b\x08\x28</data></write>
    <write><data>0\xc8 \x98</data></write>
    <write><data>\x11\x2f5\xe0</data></write>
    <write><data>\x11\x95\xf2\x88</data></write>
    <write><data>\xf8\xbcH\xc0</data></write>
    <write><data>X\x18\xd0\xa0</data></write>
    <write><data>\x11\xdf\x9e\xf0</data></write>
    <write><data>\x11\xdf\x5e\x80</data></write>
    <write><data>\xe0J\x90\x80</data></write>
    <write><data>\x11ez\x98</data></write>
    <write><data>P\x40p\x90</data></write>
    <write><data>x\x280X</data></write>
    <write><data>\x11l\xe5\x08</data></write>
    <write><data>\x00p\x90h</data></write>
    <write><data>h\xd8x\x98</data></write>
    <write><data>\x11\xf2Dh</data></write>
    <write><data>\x11\xbf?\xe0</data></write>
    <write><data>\x98\x98\x18\x98</data></write>
    <write><data>8\x10\xe0H</data></write>
    <write><data>\x11\xfa\xa2\xe8</data></write>
    <write><data>\x11\x18\x07\xb8</data></write>
    <write><data>\x11\xce\x8b\x08</data></write>
    <write><data>\x60\xd0P\x10</data></write>
    <write><data>\x08\xf0\xa8\x18</data></write>
    <write><data>\x11B\x83\xd0</data></write>
    <write><data>\xd8\x8d\xd0\xa0</data></write>
    <write><data>\xe8\x01\xc8 </data></write>
    <write><data>\xe0\x0fp\x00</data></write>
    <write><data>\x11\x09\xc3P</data></write>
    <write><data> x\xd0\xc0</data></write>
    <write><data>P8\xf0\xa8</data></write>
    <write><data>\x11\xd5\x90X</data></write>
    <write><data>\xf0\xda\xc8x</data></write>
    <write><data>\x10x\xa8\x10</data></write>
    <write><data>\x11\xe0\x25\x00</data></write>
    <write><data>\xf8\xd6h\x88</data></write>
    <write><data>\x11\xc0\x9c\xa8</data></write>
    <write><data>\xf8\x2d\xc8\xb8</data></write>
    <write><data>P\xf0\xa8p</data></write>
    <write><data>\x28\xd00\x28</data></write>
    <write><data>\x88\xa1\xf8\x00</data></write>
    <write><data>\x11\x24\x1a\x28</data></write>
    <write><data>\x11I\xfax</data></write>
    <write><data>\x11\xd0\x93\xc8</data></write>
    <write><data>\x11q\xbe\xc0</data></write>
    <write><data>0\x08\x10\x28</data></write>
    <write><data>h\xc0\xa00</data></write>
    <write><data>\x10\xd8\xb8X</data></write>
    <write><data>\x11\xaa\xea\x40</data></write>
    <write><data>\xb0\x8e\xf8X</data></write>
    <write><data>\x08\x80\x80\xe8</data></write>
    <write><data>\x11m.\xc0</data></write>
    <write><data>\xc8\xd60\xb0</data></write>
    <write><data>\x11\xf2c\xd0</data></write>
    <write><data>\x89\x02\x01\x90</data></write>
    <write><data>\x11\x9ep\xb0</data></write>
    <write><data>\x11\xfb\x83\x10</data></write>
    <write><data>\x11\xc1\xfb\xd0</data></write>
    <write><data>\x11 U\x18</data></write>
    <write><data>\x11\xec70</data></write>
    <write><data>x8\x00\xb8</data></write>
    <write><data>\x11\xba\xc8\xf8</data></write>
    <write><data>\x100\xd8\xa0</data></write>
    <write><data>\x11\x0c\xd7\xc8</data></write>
    <write><data>\x116\xa60</data></write>
    <write><data>\xc8cP\xa8</data></write>
    <write><data>HX\xf8\x28</data></write>
    <write><data>\x11m\x28\xd0</data></write>
    <write><data>\xb0\xb9X\xa0</data></write>
    <write><data>\x98\xcd\x40\xe0</data></write>
    <write><data>\x08\x10H\xe0</data></write>
    <write><data>\x11E\xcd\x28</data></write>
    <write><data>\x11\x0e\x99\x98</data></write>
    <write><data>\x11\xd0\x7c\xf8</data></write>
    <write><data>XX\xf0\xe0</data></write>
    <write><data>\x11\xc3:\xe0</data></write>
    <write><data>\x11\xe8\xb9\xa0</data></write>
    <write><data>\x11aS\xd8</data></write>
    <write><data>\x08p\xf8\xc0</data></write>
    <write><data>\x11\xf1\x90\x80</data></write>
    <write><data>0\xa8\xc0\x98</data></write>
    <write><data>\x117\xad\xd8</data></write>
    <write><data>\x11\x0d\x8f\xd0</data></write>
    <write><data>\x11\x14\x86\xc0</data></write>
    <write><data>\x00HxH</data></write>
    <write><data>\x40\xb0h\x18</data></write>
    <write><data>\x90C 0</data></write>
    <write><data>\xb8\xd4\xb8p</data></write>
    <write><data>\x11\x98\xac0</data></write>
    <write><data>8\x60p\x80</data></write>
    <write><data>p\xe0\xd8\xc0</data></write>
    <write><data>\x11s\xba0</data></write>
    <write><data>X\xa8H\xb0</data></write>
    <write><data>\x88\x8b\xb0\xd0</data></write>
    <write><data>\x11\xb5\x01\xa0</data></write>
    <write><data>\x10XH\xd0</data></write>
    <write><data>\x08PH\xf8</data></write>
    <write><data>\xb0\xfc\x10\xc8</data></write>
    <write><data>88\x08\x08</data></write>
    <write><data>\x11\x09 x</data></write>
    <write><data>\x11\xfe\xc3\xe8</data></write>
    <write><data>\x10\x9808</data></write>
    <write><data>\x408\x90\xd8</data></write>
    <write><data>\x11\xb6H\xa0</data></write>
    <write><data>p\x28pP</data></write>
    <write><data>\x11\xf6yX</data></write>
    <write><data>\x11\xa7E\x60</data></write>
    <write><data>\x11Q\x7d\xf8</data></write>
    <write><data>\x11\xceW\xa0</data></write>
    <write><data>\xd8\xd7\xa8\xd0</data></write>
    <write><data>0\xc8X\xb8</data></write>
    <write><data>\x11\xe4\xdf </data></write>
    <write><data>\x11A\xc8\x08</data></write>
    <write><data>h\xb0\x10x</data></write>
    <write><data>\xd8\x17x\x10</data></write>
    <write><data>\x98\xc2\xe8\x90</data></write>
    <write><data>\x11\xf3\x29\x90</data></write>
    <write><data>\x11\xebL\x40</data></write>
    <write><data>\x11r\x14\xe8</data></write>
    <write><data>\xf0\xc6\x08\x80</data></write>
    <write><data>\x90\x5eH\xd0</data></write>
    <write><data>HP\xd8\xa0</data></write>
    <write><data>\xb0\x84H\xb0</data></write>
    <write><data>x\x28\x988</data></write>
    <write><data>\x08h\x18\x08</data></write>
    <write><data>\xd8\xf6\x008</data></write>
    <write><data>\x11\x0ct\x90</data></write>
    <write><data>P8\xa8\xe8</data></write>
    <write><data> 0\x90\x40</data></write>
    <write><data>\x11\x1e\xa7\x08</data></write>
    <write><data>\x89R\x00\x80</data></write>
    <write><data>\x90\x89H\x28</data></write>
    <write><data>h\xb8\xc8\xa8</data></write>
    <write><data>\x11\x8d\xb6\x80</data></write>
    <write><data>\x112\x23\xf0</data></write>
    <write><data>\x11\x0dB\xa8</data></write>
    <write><data>\x11\xadA\xe0</data></write>
    <write><data>\x11\xc4\x96\xb8</data></write>
    <write><data>\x11\xe3Fh</data></write>
    <write><data>\x88\x24\x28\x80</data></write>
    <write><data>\x40pxx</data></write>
    <write><data>\x11\xe3\x25\x80</data></write>
    <write><data>\x11\x261\xb8</data></write>
    <write><data>\x08\xb0\xd8H</data></write>
    <write><data>\xc8\xe7\x80\xd8</data></write>
    <write><data>\x114Qh</data></write>
    <write><data>\x28h\xf8\x40</data></write>
    <write><data>\x40\xc8\xf0\x40</data></write>
    <write><data>\x11L\xcap</data></write>
    <write><data>\xc8\xcb\xb8\x60</data></write>
    <write><data>\x112\xf8p</data></write>
    <write><data>\xb0P8\x98</data></write>
    <write><data>\x98\x5c\xe0\x28</data></write>
    <write><data>\x11\xeb\x3e\x88</data></write>
    <write><data>\x11D\x28\xd0</data></write>
    <write><data>\x00\x28\x40\xd8</data></write>
    <write><data>\x00\xc8p\x88</data></write>
    <write><data>\x11\xdfl\xc8</data></write>
    <write><data>\x11\x18\x91\xe0</data></write>
    <write><data>\x11M\xdc\xc8</data></write>
    <write><data>\x11\xbe\x02 </data></write>
    <write><data>\x28 \x90p</data></write>
    <write><data>\x11\xd4\xbc\x18</data></write>
    <write><data>\x11C\xe6\xe0</data></write>
    <write><data>\xf8\x25\x88 </data></write>
    <write><data>\x11\x9b\x0b\xe0</data></write>
    <write><data>\x28 \xd00</data></write>
    <write><data>\x11ZbX</data></write>
    <write><data>\x11\xfa\x26x</data></write>
    <write><data>\x11:\x18\xb0</data></write>
    <write><data>\x00\xa8\x08\xd0</data></write>
    <write><data>\x11\x90\xea\xc0</data></write>
    <write><data>\x11\x99\x16\xf0</data></write>
    <write><data>\x11\xe6\x8f8</data></write>
    <write><data>\xc0\xbd\x00\x10</data></write>
    <write><data>\x11L\xa7\x28</data></write>
    <write><data>\x11\xec\x7b\xb0</data></write>
    <write><data>\x11jO </data></write>
    <write><data>\x89J\x00\xa0</data></write>
    <write><data>\x11:\xcc\xd0</data></write>
    <write><data>\xe8\xb40 </data></write>
    <write><data>\x11\xc8\x9e\xb0</data></write>
    <write><data>\x11\xd3\x7d\x40</data></write>
    <write><data>\x11\x98\x87\xa8</data></write>
    <write><data>\x11\xbd\x18\x08</data></write>
    <write><data> \x60\xf88</data></write>
    <write><data>\x11\xbe\xd7\xe0</data></write>
    <write><data>\x11K\xd6\xc0</data></write>
    <write><data>\x116\xa8\xd8</data></write>
    <write><data>\x11z\x1dP</data></write>
    <write><data>\x11\x96F\x00</data></write>
    <write><data>\x112\x5e\xc8</data></write>
    <write><data>\x11\x9e08</data></write>
    <write><data>\x11J\xf3X</data></write>
    <write><data>\x11\xd29\xa8</data></write>
    <write><data>\x11\xde\xbd\x98</data></write>
    <write><data>\x117\xe1X</data></write>
    <write><data>\x89\x13\x018</data></write>
    <write><data>PP\xf0\xd0</data></write>
    <write><data>\x11z\x0c\xe8</data></write>
    <write><data>0X\xf8\xc8</data></write>
    <write><data>\x11\xde3X</data></write>
    <write><data>\x116\x86\x90</data></write>
    <write><data>\x11G\x40x</data></write>
    <write><data> h8\xd8</data></write>
    <write><data>\x11\x8b\x8f\xf8</data></write>
    <write><data>\x11\xaa\x3cx</data></write>
    <write><data>\x11\xdc\xd0h</data></write>
    <write><data>\x80\xd7 \xf0</data></write>
    <write><data>\x11U:P</data></write>
    <write><data>\x80\x5d\x90\x90</data></write>
    <write><data>\x11\x9c\x0d\x90</data></write>
    <write><data>\x11\xbc\x1b\xc0</data></write>
    <write><data>\xd8\xbf\x90x</data></write>
    <write><data>\x11A\x29\x40</data></write>
    <write><data>\x288\x18X</data></write>
    <write><data>\x11\xa1\xb0H</data></write>
    <write><data>\x98\x9d\x90H</data></write>
    <write><data>\xe0\xf38 </data></write>
    <write><data>\x11\xa0\x0e\x08</data></write>
    <write><data>\x11\x05\xa3\xd8</data></write>
    <write><data>\x28\x10\x00\xd0</data></write>
    <write><data>\x11\xfbb\xe0</data></write>
    <write><data>p\xd8\xb0H</data></write>
    <write><data>p \xa8\x00</data></write>
    <write><data>\x98d\xa0\xd0</data></write>
    <write><data>p\xe0p\xf0</data></write>
    <write><data>h\xd8\xf88</data></write>
    <write><data>\x11\x1a\xfc\xa8</data></write>
    <write><data>\x11\x1b\xbf\x98</data></write>
    <write><data>\x11\x83\x9d\xa8</data></write>
    <write><data>h\xe0\x08\xf0</data></write>
    <write><data>\x112Bh</data></write>
    <write><data>\x90\x7e\xa8\xa8</data></write>
    <write><data>\x00\x88\xa0\xa8</data></write>
    <write><data>\xf8\x23\x28\xb0</data></write>
    <write><data>X\x00\xc0x</data></write>
    <write><data>\xf8\xfc\x00\xa8</data></write>
    <write><data>\x11\x17k\xa0</data></write>
    <write><data>\x60Xh\xa8</data></write>
    <write><data>\x11\xa8W\x90</data></write>
    <write><data>\x80\x9c\x60\x28</data></write>
    <write><data>8\xe8\xa0\xa0</data></write>
    <write><data>\x98\xdb \xc8</data></write>
    <write><data>\x11\x83\x29\x80</data></write>
    <write><data>\x10\xa0\xa8p</data></write>
    <write><data>\x98\xd8\x10\xe0</data></write>
    <write><data>\xa0\x26\xa8\xf8</data></write>
    <write><data>\x11B\x1c\x88</data></write>
    <write><data>\xd8\x81\xa8x</data></write>
    <write><data>\xa8\x9a\x008</data></write>
    <write><data>X\xd0\xa8\x98</data></write>
    <write><data>X\x80\x60p</data></write>
    <write><data>\x11jF8</data></write>
    <write><data>\x11G\xe2\xf8</data></write>
    <write><data>\x11\xfc\xe2\xf8</data></write>
    <write><data>\x11\x7f\x40p</data></write>
    <write><data>\x11\x80\xaaP</data></write>
    <write><data>\x088\xe0\xf0</data></write>
    <write><data>\x11\x194\x08</data></write>
    <write><data>X\xa0\x90\x40</data></write>
    <write><data>h\x90\x10\x10</data></write>
    <write><data>\x11W\x1fx</data></write>
    <write><data>\x60\xb8H\x80</data></write>
    <write><data>\x11\xaf\xfe\x80</data></write>
    <write><data>\x11\x1cB\xa8</data></write>
    <write><data>\xd0\x23\xc0\xa0</data></write>
    <write><data>\xd0P\x60\xa8</data></write>
    <write><data>\x11\xd7\x9f\xd0</data></write>
    <write><data>\x28X\xe0\xe0</data></write>
    <write><data>\x11z\x9e\x90</data></write>
    <write><data>\x11\x99\x05\xa8</data></write>
    <write><data>8\x80\x08P</data></write>
    <write><data>\x600\xf8\xb8</data></write>
    <write><data>\x11\xff\xe3\x08</data></write>
    <write><data>P\x18\xf8\xf8</data></write>
    <write><data>\x11\x08\xe2\x18</data></write>
    <write><data>\x11\x40lh</data></write>
    <write><data>\x11\x9c\x28\x08</data></write>
    <write><data>\x08\xf8\x188</data></write>
    <write><data>\x118Th</data></write>
    <write><data>\xc0\xdf\x00 </data></write>
    <write><data>\x88a\x108</data></write>
    <write><data>\x11\x3cj\x98</data></write>
    <write><data>P\x98\xa8\x08</data></write>
    <write><data>\x11\xe2\x22\xb8</data></write>
    <write><data>0\x18\x10\xb0</data></write>
    <write><data>\x11y\x29\xd8</data></write>
    <write><data>8 \xc8\x60</data></write>
    <write><data>P8\x00\x80</data></write>
    <write><data>\x11\xf5l\x90</data></write>
    <write><data>\xd8\x90\xd8H</data></write>
    <write><data>\x11\xa8bP</data></write>
    <write><data>\xd8\x92 \x98</data></write>
    <write><data>\x88\x8a\xf8\xe0</data></write>
    <write><data>\xa8\x23\xa0\x10</data></write>
    <write><data>\xe8\x04\xb0\xd8</data></write>
    <write><data>\x11\xbf\x00\x88</data></write>
    <write><data>\x115\x9a\x10</data></write>
    <write><data>\x11\x903\x80</data></write>
    <write><data>\x10\xc8\xe8H</data></write>
    <write><data>x \x80P</data></write>
    <write><data>\x11\xff\xe2X</data></write>
    <write><data>\xb8\x01\xa8\x98</data></write>
    <write><data>\xf8\x93\xb0X</data></write>
    <write><data>\xc8\x01\xf8 </data></write>
    <write><data>\xe0\xb0\xe8 </data></write>
    <write><data>\x11\x29\x0a\x00</data></write>
    <write><data>\x11\xd3HX</data></write>
    <write><data>h\x10h\xa0</data></write>
    <write><data>\x11\x14\xa28</data></write>
    <write><data>\x11?\x8f </data></write>
    <write><data>\xf0\xc8\xd8P</data></write>
    <write><data>\x11pr\x90</data></write>
    <write><data>0p\xf0h</data></write>
    <write><data>\x11\xde90</data></write>
    <write><data>\x10\xd0\x10\xb0</data></write>
    <write><data>\xb0\x2d\x00\xc8</data></write>
    <write><data> \xc0\xc0\x40</data></write>
    <write><data>\xb8\xc6\xd8\x28</data></write>
    <write><data>X0\xb00</data></write>
    <write><data>\x98\xed0\xc0</data></write>
    <write><data>\xd0\x88\x18\xb0</data></write>
    <write><data>\x80\x5cXp</data></write>
    <write><data>\x11\x3cQ\x90</data></write>
    <write><data>h\xa8\x18\xe0</data></write>
    <write><data>\x89\xa0\x01\x90</data></write>
    <write><data>\x11\x06\x2f\x90</data></write>
    <write><data>\x81\x7d\x01\x00</data></write>
    <write><data>\x11K\xd2\x10</data></write>
    <write><data>HX\xf8\xe8</data></write>
    <write><data>x\xc8\xb0P</data></write>
    <write><data>\x81X\x00\x00</data></write>
    <write><data>\xd0\xbf\xa8\x18</data></write>
    <write><data>\xd0\xc3H\xb8</data></write>
    <write><data>\xe0X\xf8\xd0</data></write>
    <write><data>\xb8P\x00\x60</data></write>
    <write><data>X\x28\x08\x08</data></write>
    <write><data>\xf8!\x18\x28</data></write>
    <write><data>hH\xe8\xc0</data></write>
    <write><data>p\xa8\x28\xd0</data></write>
    <write><data>\x11\xc7\xa7\x88</data></write>
    <write><data>\x98\x17\xe8X</data></write>
    <write><data>\x11C\xfex</data></write>
    <write><data>P\x08x </data></write>
    <write><data>\x11\xd6\xad\xf8</data></write>
    <write><data>x\xe08x</data></write>
    <write><data>\x11\xc7\x88X</data></write>
    <write><data>\xd0\xbf\x28\xf0</data></write>
    <write><data>\x11\xc0\xf8\x80</data></write>
    <write><data>\x11\xaf\xa5X</data></write>
    <write><data>\x11\x89\x25\x98</data></write>
    <write><data>\x11\xc5XX</data></write>
    <write><data>\x11\x1e\x7d\x90</data></write>
    <write><data>\x80\x9f\x280</data></write>
    <write><data>\x88L\xb8\xd0</data></write>
    <write><data>\xd0fPX</data></write>
    <write><data>\x11\x1a\x81\xd8</data></write>
    <write><data>\xa8x\x188</data></write>
    <write><data>\x11\xd8\xeb\xb8</data></write>
    <write><data>\x00\x60X\x00</data></write>
    <write><data>8\xa8\xc8x</data></write>
    <write><data>\xa8\xf90\x88</data></write>
    <write><data>\xb0\xce\x18\xe8</data></write>
    <write><data>X\xc8\xf8\xe8</data></write>
    <write><data>\xc0\x94\x00X</data></write>
    <write><data>\x11\xb7\xb0x</data></write>
    <write><data>\x81\xb7\x00\x00</data></write>
    <write><data>h\xf8\x18x</data></write>
    <write><data>hXh\xa8</data></write>
    <write><data>\x11\xdf\x04\xa0</data></write>
    <write><data>\x11E\xfd\x60</data></write>
    <write><data>\x11\xde\x2d\xc8</data></write>
    <write><data>\x11\x93\x9a\xd8</data></write>
    <write><data>\xa0x\x90\x00</data></write>
    <write><data>\xe0\x08\x10\xa8</data></write>
    <write><data>\x08\xc0\x98\xf0</data></write>
    <write><data>\x11N\xe1\x60</data></write>
    <write><data>\xd0\xd2\xa8\x10</data></write>
    <write><data>\xe0\xb7\x60\xb8</data></write>
    <write><data>\xe0\x3b\xc0\x60</data></write>
    <write><data>HX\xf0\x40</data></write>
    <write><data>\x11\xd3\xc7\xa8</data></write>
    <write><data>\x11\x8a2h</data></write>
    <write><data>\x11a\x87\x40</data></write>
    <write><data>\x10\xd80\x80</data></write>
    <write><data>\x11d\xdc\x18</data></write>
    <write><data>\x08\xd8\xe0\x40</data></write>
    <write><data>\x11\x5c\xe5\xe0</data></write>
    <write><data>\x90\xc2\xf8\x10</data></write>
    <write><data> \xc0x\x60</data></write>
    <write><data>\x11\x23\x2f\xb0</data></write>
    <write><data>\x00\xb0\x98\xe8</data></write>
    <write><data>\x11p\x1f\xf0</data></write>
    <write><data>\x08P\xb8\x98</data></write>
    <write><data>\x11\xec\x2d\x90</data></write>
    <write><data>\x11\xdc\x1a8</data></write>
    <write><data>0\x60p\x98</data></write>
    <write><data>\x116\xb8\x08</data></write>
    <write><data>8\x10\x28\xb0</data></write>
    <write><data>\x40\xa0h\xa8</data></write>
    <write><data>\x80\x8d\xa8\xd0</data></write>
    <write><data>p\xb8\xd8\x00</data></write>
    <write><data>\x11\x91:\x98</data></write>
    <write><data>X\xb8\xc8h</data></write>
    <write><data>\xa09\xf8\xf0</data></write>
    <write><data>\x89\x01\x00P</data></write>
    <write><data>\x11\x10\xf0X</data></write>
    <write><data>\xc8\xcb\x80\xf0</data></write>
    <write><data>8\xe0\x98\xc8</data></write>
    <write><data>\x60X\x18\xd0</data></write>
    <write><data>\xe8B X</data></write>
    <write><data>\x11\x9a\xd3\x10</data></write>
    <write><data>\x11U88</data></write>
    <write><data>\x11WF\xf8</data></write>
    <write><data>\x11s\x5cp</data></write>
    <write><data>\x11\xd2\x8aX</data></write>
    <write><data>\x11\xe5\xcf\xb0</data></write>
    <write><data>\x11\x8aW\xf8</data></write>
    <write><data>\x81\xb3\x01\x00</data></write>
    <write><data>\x11U\xaa\xe8</data></write>
    <write><data>\x11Q\x95\x80</data></write>
    <write><data>\x88\x40H8</data></write>
    <write><data>\x81\x0f\x02\x00</data></write>
    <write><data>\xb0\xd8\xe0\x08</data></write>
    <write><data>\x11\xa8\x26 </data></write>
    <write><data>\x00X\xa0\xc8</data></write>
    <write><data>\x90Ap\x28</data></write>
    <write><data>\x11\x8c\x24\x88</data></write>
    <write><data>x\xe8\xe0 </data></write>
    <write><data>\x11\xcd\xb1\xb0</data></write>
    <write><data>\x11\x89\x26\xf8</data></write>
    <write><data>\x60x\xc0P</data></write>
    <write><data>\xe0\xa3\xe8\x00</data></write>
    <write><data>\x11\x03\xa6\xc0</data></write>
    <write><data>\xd0\x3d \x98</data></write>
    <write><data>\xb8U\xc8\x10</data></write>
    <write><data>\x11\x96\x9aX</data></write>
    <write><data>\x11l\x26\xe8</data></write>
    <write><data>\x11\xd3\x29P</data></write>
    <write><data> \xc8\xd8\xb0</data></write>
    <write><data>\x11\xb8\x8e0</data></write>
    <write><data>\xd8u\xb8\xd8</data></write>
    <write><data>\x113\x22\xd8</data></write>
    <write><data>\x11\xd3z\x08</data></write>
    <write><data>\x11\x83z\xe8</data></write>
    <write><data>\xd0\x158H</data></write>
    <write><data>\x11\x91\x1d\xd8</data></write>
    <write><data>\x40X\x08\xc8</data></write>
    <write><data>X\x4008</data></write>
    <write><data>\x81u\x02\x00</data></write>
    <write><data>\x98\xcdH\x28</data></write>
    <write><data>\x11\xe7\x7f\x40</data></write>
    <write><data>\x11\xe0\xd6\xa8</data></write>
    <write><data>\x11g\x81X</data></write>
    <write><data>\x11\x1b\x8d\x00</data></write>
    <write><data>\x11\xf0\xd3\xc8</data></write>
    <write><data>\x11\x86\xd4\x28</data></write>
    <write><data>\xb0\x7c\x40\xd0</data></write>
    <write><data>\xd0r\x60\xe0</data></write>
    <write><data>\x11\xef\xca\xd0</data></write>
    <write><data>\x11\x00\xfaH</data></write>
    <write><data>\x81I\x01\x00</data></write>
    <write><data>\xa0\x3e\xe0\x98</data></write>
    <write><data>\x11\xe3\xe1\x60</data></write>
    <write><data>\x11\x02a8</data></write>
    <write><data>\x11\xd2\xde\x90</data></write>
    <write><data>\x11M\x7d\x90</data></write>
    <write><data>\x11\xbe\x8d\xa0</data></write>
    <write><data>\x11\x2a5\xa0</data></write>
    <write><data>\x11v\x9b8</data></write>
    <write><data>\x18\x98\xf8\xf0</data></write>
    <write><data>\x11f\xee\xa8</data></write>
    <write><data>\x81\xa8\x02\x00</data></write>
    <write><data>\x11\xc8w\x98</data></write>
    <write><data>\x11\xd0\x96x</data></write>
    <write><data>X\x10\xb8\x98</data></write>
    <write><data>\x28\x28\x88\xd0</data></write>
    <write><data>\x11\x95\x7fx</data></write>
    <write><data>\x81\x8d\x01\x00</data></write>
    <write><data>\x11\xfe\xbe\x28</data></write>
    <write><data>\x60X\xa0P</data></write>
    <write><data>\xc8\xb7\xd8H</data></write>
    <write><data>\x11\xb0\x87\x90</data></write>
    <write><data>\x11\x8c\x05\xb0</data></write>
    <write><data>\x11\xbak\x10</data></write>
    <write><data>\xf0\xb0\xf0\x88</data></write>
    <write><data>\xb0\xc8\x00 </data></write>
    <write><data>\x11\xf3\xa4\xe0</data></write>
    <write><data>\xe8\xfd\xa8\xc0</data></write>
    <write><data>\x11\x27\xfc\x10</data></write>
    <write><data>\xb8\x9e\xb8\x28</data></write>
    <write><data>\x40\x98h\x60</data></write>
    <write><data>\x11\xb5\xca\x80</data></write>
    <write><data>\xc8\xfb\xc0\x98</data></write>
    <write><data>\x11\x97\xde\x90</data></write>
    <write><data>\x11\xf4\x94 </data></write>
    <write><data>\x11\xb7g\xe0</data></write>
    <write><data>\xf8z\xf0\xf8</data></write>
    <write><data>\x11\xb0q\xb8</data></write>
    <write><data>\x11\x97\x9fx</data></write>
    <write><data>H\xc0\x10\xd0</data></write>
    <write><data>\x117Px</data></write>
    <write><data>\x11\x0b\x40\x28</data></write>
    <write><data>\xc0c\xb0\x10</data></write>
    <write><data>\xe0\xde8x</data></write>
    <write><data>Hx\xb8\x80</data></write>
    <write><data>\xc8\x06\xb0\x00</data></write>
    <write><data>X\x10HH</data></write>
    <write><data>\x11\xc0\x14\x90</data></write>
    <write><data>xH\xa0\xc8</data></write>
    <write><data>p\xe0\x90\x18</data></write>
    <write><data>0\x80\xc0\xf8</data></write>
    <write><data>\x11\x09\xe0\xc8</data></write>
    <write><data>\x11\x90\xa5\x28</data></write>
    <write><data>\x98\xb0\xe0\x90</data></write>
    <write><data>p\x98\x98\x98</data></write>
    <write><data>\x11N2\x08</data></write>
    <write><data>8\xf8\xb8\x10</data></write>
    <write><data>\xc0\x3dH\xe0</data></write>
    <write><data>\xa0\xf7\x980</data></write>
    <write><data>\x11\xf9\xe0X</data></write>
    <write><data>\x11\xce\x5c\x00</data></write>
    <write><data>\xc8x \xf8</data></write>
    <write><data>\x11\x13\x24X</data></write>
    <write><data>\xe0\x1d\xb8\x60</data></write>
    <write><data>\x11iQ\xe8</data></write>
    <write><data>\x90j\x98\x08</data></write>
    <write><data>\x11\xa8\xca\x80</data></write>
    <write><data>pH8\x10</data></write>
    <write><data>\xb0r\xb0 </data></write>
    <write><data>\x11\x3bw\xc8</data></write>
    <write><data>\x40\xc8\xc8\xf8</data></write>
    <write><data>\x40\xa0\xa0\x98</data></write>
    <write><data>\x11m\xf6\x88</data></write>
    <write><data>\xe8F\x90X</data></write>
    <write><data>\x81\xd0\x01\x00</data></write>
    <write><data>\xc0\x8d\x90\x00</data></write>
    <write><data>\xc0\xbbx\xc0</data></write>
    <write><data>H\x80\x08p</data></write>
    <write><data>\x11\xf0\x5b\x40</data></write>
    <write><data>\x18\xe0\x10\xa8</data></write>
    <write><data>\xb0\x27\xc8\x10</data></write>
    <write><data>\x11\xe8z\xc8</data></write>
    <write><data>\x40 \x80\x10</data></write>
    <write><data>\x11\x0e\xc4H</data></write>
    <write><data>\x11\x0b\xd2X</data></write>
    <write><data>\x81C\x02\x00</data></write>
    <write><data>\x11\x23\x98h</data></write>
    <write><data>\x11I\xd9\x40</data></write>
    <write><data>\xa0\x8e\xf0\x60</data></write>
    <write><data>\x11\x5c\xe2\xa8</data></write>
    <write><data>8\x98\xa0p</data></write>
    <write><data>\x89\x2b\x008</data></write>
    <write><data>\xc0\x28\x40\xc8</data></write>
    <write><data>\x11\xc0\x9f\xd8</data></write>
    <write><data>\x11nj\xc0</data></write>
    <write><data>\x11\x7b\xbd\xe0</data></write>
    <write><data>\x11\xaaQ\xd8</data></write>
    <write><data>\x60 h\xa0</data></write>
    <write><data>\x088\xd0\xe0</data></write>
    <write><data>\x11\xf4\xb3\x28</data></write>
    <write><data>\x90\x2d\x18\xf8</data></write>
    <write><data>X\x28\x28\xe0</data></write>
    <write><data>\x11\x0b\x9f\x60</data></write>
    <write><data>\x11M\xc6H</data></write>
    <write><data>\x11Yo\x28</data></write>
    <write><data>\x81\x7d\x01\x00</data></write>
    <write><data>\x113\xc6\xe8</data></write>
    <write><data>\x11\x95\x9eh</data></write>
    <write><data>\x11\x10\x5b\x60</data></write>
    <write><data>\x90N8x</data></write>
    <write><data>\x11\x40\xb4H</data></write>
    <write><data>\x11\xe3q\xf8</data></write>
    <write><data>\xa8\xd6\x18x</data></write>
    <write><data>\x11\x92\xb7 </data></write>
    <write><data>\xf0\xfe\x40h</data></write>
    <write><data>\x11i\xaa\xe0</data></write>
    <write><data>\x11\xad\x90\x88</data></write>
    <write><data>\xb0\x178\x10</data></write>
    <write><data>X\x60\x18\x40</data></write>
    <write><data>\xa0\x97\xb8\x18</data></write>
    <write><data>\xe0\x5b \xe0</data></write>
    <write><data>\x11\xc3\xf4\xc0</data></write>
    <write><data>\x81\x8d\x00\x00</data></write>
    <write><data>\x11\xc6\x9b\xb0</data></write>
    <write><data>\x11\xea.\x60</data></write>
    <write><data>\x60\xd0\xa0\x00</data></write>
    <write><data>\xf8\xaa\xa0\x10</data></write>
    <write><data>\xb0\x84p\xb0</data></write>
    <write><data>P\xd8\x880</data></write>
    <write><data>\x11Y\x14\x10</data></write>
    <write><data>0\x98X0</data></write>
    <write><data>\x89!\x00\x28</data></write>
    <write><data>\xf8\x0a\xe08</data></write>
    <write><data>h\x88\xd0\xf0</data></write>
    <write><data>\x11\xa6\xf4 </data></write>
    <write><data>\x11z\xf2\xa8</data></write>
    <write><data>p\x80\xf8\xa0</data></write>
    <write><data>\x81\x0c\x02\x00</data></write>
    <write><data> 8H8</data></write>
    <write><data>\x98D\xd0\xc0</data></write>
    <write><data>\x112\x8a\x18</data></write>
    <write><data>\xc0\x3d\x10\x98</data></write>
    <write><data> P\x40\xb0</data></write>
    <write><data>\xf8U\xc0\xf8</data></write>
    <write><data>\x117\xda </data></write>
    <write><data>\x11\x935\xe0</data></write>
    <write><data>\x90\xf5X </data></write>
    <write><data>\x11E\xb3h</data></write>
    <write><data>\x11\xf0\xa9\xe8</data></write>
    <write><data>\x81\x09\x02\x00</data></write>
    <write><data>\x11\xed\x28\x00</data></write>
    <write><data>\x81E\x00\x00</data></write>
    <write><data>\x11\xc2K\x60</data></write>
    <write><data>\xb8\xc5\xe8\x08</data></write>
    <write><data>\x11\xcc\x9e\x90</data></write>
    <write><data>\x90?\x88P</data></write>
    <write><data>\x11\x94\x2b\x00</data></write>
    <write><data>\x89\xdc\x00\x90</data></write>
    <write><data>\xf8\x16\x60H</data></write>
    <write><data>p \x98\x60</data></write>
    <write><data>x\x60\x08p</data></write>
    <write><data>HPP0</data></write>
    <write><data>\xd8\x1a\xc8\x08</data></write>
    <write><data>\x11x\x25\xd0</data></write>
    <write><data>\x11N\xd0\x28</data></write>
    <write><data>\x11\xbdh\xe8</data></write>
    <write><data>\x11z\xd90</data></write>
    <write><data>\x11\x1b\xa6\x00</data></write>
    <write><data>\xe0X\xc0\x08</data></write>
    <write><data>\xa0mH\x10</data></write>
    <write><data>x\xa8\x10p</data></write>
    <write><data>\x10\xf0\xb0\xd8</data></write>
    <write><data>\xf0\x94X\x18</data></write>
    <write><data>\x11\xe3hX</data></write>
    <write><data>\x98\xb9\x88\x08</data></write>
    <write><data>08H\x60</data></write>
    <write><data>\x89M\x02x</data></write>
    <write><data>\xf8A\x90\x88</data></write>
    <write><data>hp8\xd0</data></write>
    <write><data>\xa0\x16pX</data></write>
    <write><data>\x11\x09\xd4\xa0</data></write>
    <write><data>\x11\xce\xf8\x10</data></write>
    <write><data>\xa8\xa50\x90</data></write>
    <write><data>\x11\x22\x22\xa8</data></write>
    <write><data>\x11\x15\x99\xb0</data></write>
    <write><data>\x11\x5e\xa3\x80</data></write>
    <write><data>\xc8\xc0\x10\xc0</data></write>
    <write><data>h\x98\xa8\xa8</data></write>
    <write><data> \xf0\x00\xb0</data></write>
    <write><data>\x11X\xc6\x08</data></write>
    <write><data>\x11\xce\x9b\x08</data></write>
    <write><data>\x11\x28\xa7\xc8</data></write>
    <write><data>\x11K\xc7\xc0</data></write>
    <write><data>X\xb0P\xa8</data></write>
    <write><data>\x11Ugp</data></write>
    <write><data>\x11 \x0a\xc8</data></write>
    <write><data>\x11L\xf0\xf0</data></write>
    <write><data>\x113q\xd0</data></write>
    <write><data>\x40\xd8\xa0\x08</data></write>
    <write><data>\x11j\x11\x98</data></write>
    <write><data>\x11\x84\x2a\xe8</data></write>
    <write><data>\xa8\x40\x90\x80</data></write>
    <write><data>H\x98\x00p</data></write>
    <write><data>\x11\x13\xdf\xa8</data></write>
    <write><data>\xc0\xd1\x88H</data></write>
    <write><data>\x11\x11\x02\xc8</data></write>
    <write><data>\x11\x08\x5b\xe8</data></write>
    <write><data>\x11\x95\xc4\xd0</data></write>
    <write><data>\x80n\xf8p</data></write>
    <write><data>\x11\x1e\xb1\xf0</data></write>
    <write><data>P\x18P </data></write>
    <write><data>\x11\x8f\x23 </data></write>
    <write><data>\x80\x28X\x98</data></write>
    <write><data>\x81\xb3\x01\x00</data></write>
    <write><data>\x11\xb5\xc8\xe8</data></write>
    <write><data>\x11\x7bB\xd8</data></write>
    <write><data>\xa8F\xe0\xd0</data></write>
    <write><data>\x11\xbe\xc78</data></write>
    <write><data>\x88\x1f\xb8\xd0</data></write>
    <write><data>\x11\x0d\x5dx</data></write>
    <write><data>\x11\xb3\x93\xb8</data></write>
    <write><data>\x11\x26\x3d\xf8</data></write>
    <write><data>\x11\x2f\x880</data></write>
    <write><data>\xb0\x7f\x98\xc8</data></write>
    <write><data>\x11c\xc8\xc0</data></write>
    <write><data>Hhx\xb8</data></write>
    <write><data>\x88cp\x10</data></write>
    <write><data>\x11\x3b\x810</data></write>
    <write><data>\x11\x3b\x96\xb0</data></write>
    <write><data>\x11\xf1\xe2 </data></write>
    <write><data>\x11r\xa7\xd8</data></write>
    <write><data>\x89\xfd\x00\xc8</data></write>
    <write><data>\x11g6\x10</data></write>
    <write><data>\x11\x80\x8e\x98</data></write>
    <write><data>\x11U\x18\xd0</data></write>
    <write><data>\x11\x5bL\x98</data></write>
    <write><data>h\x98\x90P</data></write>
    <write><data>\x88\xedh\x18</data></write>
    <write><data>\x11\xb5\x24p</data></write>
    <write><data>\x812\x02\x00</data></write>
    <write><data>\xf8\xd8\xe8\x98</data></write>
    <write><data>P\xe8\x18x</data></write>
    <write><data>\x11DQ\xc8</data></write>
    <write><data>\x89\xf0\x00\x88</data></write>
    <write><data>\x89\xfd\x02\xb8</data></write>
    <write><data>\xf8\xbe\xb0\xc8</data></write>
    <write><data>\x08pX\xe8</data></write>
    <write><data>\x11\x2du\x88</data></write>
    <write><data>\x11\xc8\x60\xe0</data></write>
    <write><data>\x11\xb3\xcb\x08</data></write>
    <write><data>\x90\x1f\xd0h</data></write>
    <write><data>\xb8\x7c\x60P</data></write>
    <write><data>\x11\xf71\x80</data></write>
    <write><data>\x11\xec\x5d\xa8</data></write>
    <write><data>\x11\x2f\x9bH</data></write>
    <write><data>\x80\xce\xa8H</data></write>
    <write><data>\x88\xc3\xd0\x60</data></write>
    <write><data>0\xb8\xe0\x88</data></write>
    <write><data>\xc8uhh</data></write>
    <write><data>0x0\xd0</data></write>
    <write><data>\x11g\xf0P</data></write>
    <write><data>\xb8\x9d\x28X</data></write>
    <write><data>8\xa0\xa0\x88</data></write>
    <write><data>\x11\x85\x9f\x18</data></write>
    <write><data>\xc0\xc7\xa0\xd0</data></write>
    <write><data>\x11\x1b\x40\xa0</data></write>
    <write><data>\x11\x2f\x7f\x40</data></write>
    <write><data>\xc8\x070\xb0</data></write>
    <write><data>\x980h\x00</data></write>
    <write><data>\xa0IX\xf0</data></write>
    <write><data>\x11\xfb\x95\xd0</data></write>
    <write><data>\x11Y\xf5p</data></write>
    <write><data>\x11\x23\x17\xc8</data></write>
    <write><data>\x11\x86\xb0H</data></write>
    <write><data>\x11X\x9e\xa0</data></write>
    <write><data>\x11\x97\xfc\xb8</data></write>
    <write><data>p\x600\xb0</data></write>
    <write><data>\x88q\xe8\xf8</data></write>
    <write><data>\x89\x99\x03\x88</data></write>
    <write><data>\xd0\xdb\xb0\xd0</data></write>
    <write><data>X\x60\xf0X</data></write>
    <write><data>\x89c\x01\x98</data></write>
    <write><data>\x11\xb6y\xc0</data></write>
    <write><data>\x11\xd0\x09\xf0</data></write>
    <write><data>\xb0\x07\xd8\xa8</data></write>
    <write><data>\xf0\x92\x40\x40</data></write>
    <write><data>\x11\x27\x00X</data></write>
    <write><data>\x11\x0d\xf6\x28</data></write>
    <write><data>\x11\x2f\x9f\x18</data></write>
    <write><data>\xd0ch\x00</data></write>
    <write><data> \x00\x28\x18</data></write>
    <write><data>\x11z\xaa\x08</data></write>
    <write><data>\x11\xb8\x5e\x00</data></write>
    <write><data>\xa0\xfe\xd8\xb8</data></write>
    <write><data>\x11s\x60\x88</data></write>
    <write><data>\x11\x0f\x088</data></write>
    <write><data>\x08x\x18\x60</data></write>
    <write><data>\x88r\x90\xe0</data></write>
    <write><data>\x11M\x87H</data></write>
    <write><data>\xe8\xd0\xe0\xe8</data></write>
    <write><data>\x11\x80\xe8\xf0</data></write>
    <write><data>x\xb08\xf0</data></write>
    <write><data>\xb0\x83\xf0\x88</data></write>
    <write><data>\x11\x99\x9d\xc0</data></write>
    <write><data>0\xe8\xc0\x60</data></write>
    <write><data>\x11K\xc7\x28</data></write>
    <write><data>\xb0\xf1X\xc8</data></write>
    <write><data>\x812\x02\x00</data></write>
    <write><data>\x11\xea\xee\xd0</data></write>
    <write><data>\x11\xf4\xa3\xe0</data></write>
    <write><data>\xe0\xc80\x28</data></write>
    <write><data>\x11\x15\xaf\xb8</data></write>
    <write><data>\x11\x0b\x17 </data></write>
    <write><data>\x11\xba\xbe\x88</data></write>
    <write><data>\x11\x1ae\x10</data></write>
    <write><data>ppHX</data></write>
    <write><data>\x11\x0b\x2c\xe8</data></write>
    <write><data>\xd0\x8e\xc8\x60</data></write>
    <write><data>\x400\x40\xb0</data></write>
    <write><data>\x11b\x28\x08</data></write>
    <write><data>\x81h\x01\x00</data></write>
    <write><data>\x60\xc0\xd8X</data></write>
    <write><data>\x11\x06\x80H</data></write>
    <read><delim>\x0a</delim><match><data>\x3d\x3d\x3d\x3d\x3d\x3d\x3d\x3d\x3d\x3d\x3d\x3d\x3d\x3d\x3d\x3d\x3d\x3d\x3d\x3d\x3d\x3d\x3d\x3d\x3d\x3d\x3d\x3d\x3d\x3d\x3d\x3d\x3d\x3d\x3d\x3d\x3d\x3d\x3d\x3d\x3d\x3d\x3d\x3d</data></match></read>
    <read><delim>\x0a</delim><match><data>R0:\x090x00000000\x09R1:\x090x00000077</data></match></read>
    <read><delim>\x0a</delim><match><data>R2:\x090x00004512\x09R3:\x090x00001c43</data></match></read>
    <read><delim>\x0a</delim><match><data>R4:\x090x00000047\x09R5:\x090x00000000</data></match></read>
    <read><delim>\x0a</delim><match><data>R6:\x090x0000e8cf\x09R7:\x090x000034e0</data></match></read>
    <read><delim>\x0a</delim><match><data>R8:\x090x0000c592\x09R9:\x090x0000003c</data></match></read>
    <read><delim>\x0a</delim><match><data>R10:\x090x0000c63f\x09R11:\x090xffffffff</data></match></read>
    <read><delim>\x0a</delim><match><data>R12:\x090x00000028\x09R13:\x090x00000047</data></match></read>
    <read><delim>\x0a</delim><match><data>R14:\x090x00004804\x09R15:\x090x00000000</data></match></read>
    <read><delim>\x0a</delim><match><data>R16:\x090x00000000\x09R17:\x090x00000000</data></match></read>
    <read><delim>\x0a</delim><match><data>R18:\x090x00004076\x09R19:\x090x00000000</data></match></read>
    <read><delim>\x0a</delim><match><data>R20:\x090x0000f724\x09R21:\x090x000053b6</data></match></read>
    <read><delim>\x0a</delim><match><data>R22:\x090x000053b6\x09R23:\x090x00000000</data></match></read>
    <read><delim>\x0a</delim><match><data>R24:\x090x00000000\x09R25:\x090x000019b9</data></match></read>
    <read><delim>\x0a</delim><match><data>R26:\x090x00000000\x09R27:\x090x00000001</data></match></read>
    <read><delim>\x0a</delim><match><data>R28:\x090x00000000\x09R29:\x090x00000000</data></match></read>
    <read><delim>\x0a</delim><match><data>R30:\x090x00000000\x09R31:\x090x00000000</data></match></read>
    <read><delim>\x0a</delim><match><data>PC:\x090x0000008c</data></match></read>
    <read><delim>\x0a</delim><match><data>\x3d\x3d\x3d\x3d\x3d\x3d\x3d\x3d\x3d\x3d\x3d\x3d\x3d\x3d\x3d\x3d\x3d\x3d\x3d\x3d\x3d\x3d\x3d\x3d\x3d\x3d\x3d\x3d\x3d\x3d\x3d\x3d\x3d\x3d\x3d\x3d\x3d\x3d\x3d\x3d\x3d\x3d\x3d\x3d</data></match></read>
</replay>
</pov>