<?xml version="1.0" standalone="no" ?>
<!DOCTYPE pov SYSTEM "/usr/share/cgc-docs/replay.dtd">
<pov>
<cbid>service</cbid>
<seed>187afcf7c99bcae7319429aeffd1ee5aaec26f9bfc81d87cbbcef54226d1581919cbc41cde5254d3f2cb417f46d95a18</seed>
<replay>
    <delay>50</delay>
    <write><data>\x9c\x00\x00\x00</data></write>
    <write><data>\x11\xc7\xbb\x08</data></write>
    <write><data>\x90\x1b\xa0H</data></write>
    <write><data>H\xd0\xd8\xc0</data></write>
    <write><data>\x11\x1b\x81p</data></write>
    <write><data>\xe0\xf3\xc8\x18</data></write>
    <write><data>\xf0T\x88x</data></write>
    <write><data>\x90\xe8\x60\xb8</data></write>
    <write><data>\xa010\x60</data></write>
    <write><data>\xa0\x1d\xd0\xa8</data></write>
    <write><data>\x11T\xc7X</data></write>
    <write><data>\x11\x2cv\x08</data></write>
    <write><data>h\xd0\xf0\xb8</data></write>
    <write><data>\x11\x04\x81\x80</data></write>
    <write><data>\x11\x14\x2fx</data></write>
    <write><data>\x11\xc6\x0a\xc8</data></write>
    <write><data>\xa8\xf1x\x40</data></write>
    <write><data>\x89\x04\x00\xc0</data></write>
    <write><data>0\xc8\x28\xf8</data></write>
    <write><data>\xd8\xb5\x10p</data></write>
    <write><data>\xa8o\x80\xe0</data></write>
    <write><data>\xa0\xc98\x40</data></write>
    <write><data>\x11YY0</data></write>
    <write><data>\xd8\xeb\x00\xe8</data></write>
    <write><data>\xc8a\xb0\x28</data></write>
    <write><data>\xb0\xf68\x08</data></write>
    <write><data>\x11\x16\x23X</data></write>
    <write><data>\x11\xb8\x7f\xa8</data></write>
    <write><data>\x11\xee\x08 </data></write>
    <write><data>\x28\xa0P\xb0</data></write>
    <write><data>\x11\xf2\xf7\x98</data></write>
    <write><data>\x11\xb5\x98\xb0</data></write>
    <write><data>\x89\x01\x00h</data></write>
    <write><data>p\x98\x90P</data></write>
    <write><data>\x11\x28\x0a\xd8</data></write>
    <write><data>\x11k\x80\x98</data></write>
    <write><data>\x11\x3dy\x00</data></write>
    <write><data>\xf0Z\xa0h</data></write>
    <write><data>\xa0\xc9\xe8\x88</data></write>
    <write><data>\x11\xc0\x8ah</data></write>
    <write><data>\xd0t\xa8\x80</data></write>
    <write><data>\x11\x00\x1d\x88</data></write>
    <write><data>\x11\x87U\x00</data></write>
    <write><data>\x11\x7e\xbe\x18</data></write>
    <write><data>\x11\xa9N\x28</data></write>
    <write><data>\x89\x0e\x00\x60</data></write>
    <write><data>\x11\x87\xb6\x88</data></write>
    <write><data>\x11\xe0\x89\x00</data></write>
    <write><data>\x98\xb1Hh</data></write>
    <write><data>\x11q9\xe8</data></write>
    <write><data>0\x60\x40\x28</data></write>
    <write><data>\x11\x9fp\x60</data></write>
    <write><data>\x11\x40\xff\x40</data></write>
    <write><data>\xa0\xe3\xa8\x60</data></write>
    <write><data>\x88I\x60\xd8</data></write>
    <write><data>\x11\x60A\xb0</data></write>
    <write><data>H\xb0p\x00</data></write>
    <write><data>\x11\xd1D\xa8</data></write>
    <write><data>\x11\xd4\x98\x10</data></write>
    <write><data>\x11\x2f\x93\x60</data></write>
    <write><data>\xa8q\xa0\xd0</data></write>
    <write><data>\x11\x15\x9c\xd8</data></write>
    <write><data>\x80E0\xa0</data></write>
    <write><data>\x81\x11\x00\x00</data></write>
    <write><data>\xa8\x0b\xc8\xd0</data></write>
    <write><data>\xb8\x89\x90H</data></write>
    <write><data>\xe0\xa7hX</data></write>
    <write><data>\xf0\xb1h\x00</data></write>
    <write><data>\x81\x22\x00\x00</data></write>
    <write><data>pP\xd0\xd0</data></write>
    <write><data>\x89\x19\x00\x88</data></write>
    <write><data>\x11\xcb\x9fX</data></write>
    <write><data>\x81\x19\x00\x00</data></write>
    <write><data>\x11\x12\x9fH</data></write>
    <write><data>\x11\x5c\x16\x18</data></write>
    <write><data>H\x88\xb8\x60</data></write>
    <write><data>\x11\x00\xd8\xa8</data></write>
    <write><data>\xc8\x80\xb0x</data></write>
    <write><data>\x11qy\xb8</data></write>
    <write><data>\x11\x14\xf5\xe8</data></write>
    <write><data>\x11\xa7\xe88</data></write>
    <write><data>\x28\x10H\xc0</data></write>
    <write><data>H\x10\x88\xc8</data></write>
    <write><data>\x11SL\xa8</data></write>
    <write><data>8\xa8\xd88</data></write>
    <write><data>\x11\xcc\x00x</data></write>
    <write><data>\xc0\x5e\xa8\x90</data></write>
    <write><data>\x11\xac\xba8</data></write>
    <write><data>\x11\xfc\xc2\x60</data></write>
    <write><data>\x88\x8d8\xc0</data></write>
    <write><data>\x00\xf8X\xf8</data></write>
    <write><data>\x11\x7d\x98\xe0</data></write>
    <write><data>\x11jph</data></write>
    <write><data>\x98\xe6x\x10</data></write>
    <write><data>H h\x40</data></write>
    <write><data>\x11\x89v\xc0</data></write>
    <write><data>\xd0\x09\xf8\x10</data></write>
    <write><data>\x81A\x00\x00</data></write>
    <write><data>\x11\xd7\xc7\xe0</data></write>
    <write><data>\xc8Qx\xd0</data></write>
    <write><data>\x11\xd0I0</data></write>
    <write><data>\x11\xa8\x9d\x10</data></write>
    <write><data>\x11\xc6\x5e\xd0</data></write>
    <write><data>\x11c\xc2\xf0</data></write>
    <write><data>\x11\x95F8</data></write>
    <write><data>\xc0\x2a\xf0\xa8</data></write>
    <write><data>\x112u\xb8</data></write>
    <write><data>\xa0\x8e\x80\xc8</data></write>
    <write><data>H\xa0\xa8h</data></write>
    <write><data>\x11\x1f\xf0\x98</data></write>
    <write><data>\x11\xc6\xee\xe0</data></write>
    <write><data>\x08\x908\x00</data></write>
    <write><data>\x11\xd1\xf1P</data></write>
    <write><data>\x11\xffEP</data></write>
    <write><data>\x11\x9cY\xb0</data></write>
    <write><data>\xc8\xed\x60p</data></write>
    <write><data>8\x08\x10\xb8</data></write>
    <write><data>\x11\xd1\xfc\x10</data></write>
    <write><data>\xa0\xae\xf8\xa8</data></write>
    <write><data>\x11U\x0f8</data></write>
    <write><data>\x89A\x00\xc8</data></write>
    <write><data>\x11tt\x40</data></write>
    <write><data>\x11\xa2\xe8\xc0</data></write>
    <write><data>\x11\x08j\x98</data></write>
    <write><data>\x40\xe0\xa8\xb8</data></write>
    <write><data>\x11a7\x28</data></write>
    <write><data>\x11\xca\xc58</data></write>
    <write><data>\x81a\x00\x00</data></write>
    <write><data>\x11\xc2\x3cP</data></write>
    <write><data>\x11\x22\x8c\xa8</data></write>
    <write><data>\x11d\xb2\x40</data></write>
    <write><data>\xe8h\xc0p</data></write>
    <write><data>X\xe8\x288</data></write>
    <write><data>\x10P0\x18</data></write>
    <write><data>\xc0\x60 \xc8</data></write>
    <write><data>\xa8\x40\xf8\x88</data></write>
    <write><data>\x11\x07\x18\xa0</data></write>
    <write><data>\x11:\x28\xf0</data></write>
    <write><data>\x11p\xbe\xd0</data></write>
    <write><data>\x11rl\x08</data></write>
    <write><data>\x11bDx</data></write>
    <write><data>p\x000\x90</data></write>
    <write><data>\x11\xe3oh</data></write>
    <write><data>\xf8.\x88p</data></write>
    <write><data>8\xe0h </data></write>
    <write><data>8\x08H\xb8</data></write>
    <write><data>\x11\x60yX</data></write>
    <write><data>\x11\x87\x92P</data></write>
    <write><data>\x89\x82\x00\xb8</data></write>
    <write><data>\x89x\x00\xc0</data></write>
    <write><data>\x81\x11\x00\x00</data></write>
    <write><data>\x89\x01\x00\x88</data></write>
    <write><data>\x11\x0b\xc2\xa8</data></write>
    <write><data>h\x18\xe8\xa8</data></write>
    <write><data>\x88ZhX</data></write>
    <write><data>\xe8\xae\xd0\xe8</data></write>
    <write><data>\x11CR\xe8</data></write>
    <read><delim>\x0a</delim><match><data>\x3d\x3d\x3d\x3d\x3d\x3d\x3d\x3d\x3d\x3d\x3d\x3d\x3d\x3d\x3d\x3d\x3d\x3d\x3d\x3d\x3d\x3d\x3d\x3d\x3d\x3d\x3d\x3d\x3d\x3d\x3d\x3d\x3d\x3d\x3d\x3d\x3d\x3d\x3d\x3d\x3d\x3d\x3d\x3d</data></match></read>
    <read><delim>\x0a</delim><match><data>R0:\x090x00000000\x09R1:\x090x0000762c</data></match></read>
    <read><delim>\x0a</delim><match><data>R2:\x090x00000000\x09R3:\x090x000000f3</data></match></read>
    <read><delim>\x0a</delim><match><data>R4:\x090x00000000\x09R5:\x090x00000000</data></match></read>
    <read><delim>\x0a</delim><match><data>R6:\x090x00000000\x09R7:\x090x00000000</data></match></read>
    <read><delim>\x0a</delim><match><data>R8:\x090x00000000\x09R9:\x090xffffffe5</data></match></read>
    <read><delim>\x0a</delim><match><data>R10:\x090x00000000\x09R11:\x090x0000c754</data></match></read>
    <read><delim>\x0a</delim><match><data>R12:\x090x00000000\x09R13:\x090x00000000</data></match></read>
    <read><delim>\x0a</delim><match><data>R14:\x090x0000811b\x09R15:\x090x00000000</data></match></read>
    <read><delim>\x0a</delim><match><data>R16:\x090x00008104\x09R17:\x090x00000000</data></match></read>
    <read><delim>\x0a</delim><match><data>R18:\x090x00000000\x09R19:\x090x00000000</data></match></read>
    <read><delim>\x0a</delim><match><data>R20:\x090x00000000\x09R21:\x090x00000000</data></match></read>
    <read><delim>\x0a</delim><match><data>R22:\x090x00000000\x09R23:\x090xffffff18</data></match></read>
    <read><delim>\x0a</delim><match><data>R24:\x090x00000011\x09R25:\x090x00000ac6</data></match></read>
    <read><delim>\x0a</delim><match><data>R26:\x090x00000000\x09R27:\x090x00000000</data></match></read>
    <read><delim>\x0a</delim><match><data>R28:\x090x00000000\x09R29:\x090x00000000</data></match></read>
    <read><delim>\x0a</delim><match><data>R30:\x090x00000000\x09R31:\x090x00000000</data></match></read>
    <read><delim>\x0a</delim><match><data>PC:\x090x0000002c</data></match></read>
    <read><delim>\x0a</delim><match><data>\x3d\x3d\x3d\x3d\x3d\x3d\x3d\x3d\x3d\x3d\x3d\x3d\x3d\x3d\x3d\x3d\x3d\x3d\x3d\x3d\x3d\x3d\x3d\x3d\x3d\x3d\x3d\x3d\x3d\x3d\x3d\x3d\x3d\x3d\x3d\x3d\x3d\x3d\x3d\x3d\x3d\x3d\x3d\x3d</data></match></read>
</replay>
</pov>