<?xml version="1.0" standalone="no" ?>
<!DOCTYPE pov SYSTEM "/usr/share/cgc-docs/replay.dtd">
<pov>
<cbid>service</cbid>
<seed>00751491851b6721e041335db2fcaa1536acfa416d3cb3acb11b683df1dd97de14d1dd3912c9e772120cff46962d27af</seed>
<replay>
    <delay>50</delay>
    <write><data>\x28\x01\x00\x00</data></write>
    <write><data>\x11\xc3\xa9\x10</data></write>
    <write><data>\x11\x89\xf9p</data></write>
    <write><data>\x11\xf9\xc4\x08</data></write>
    <write><data>\x11\x1f\x93p</data></write>
    <write><data>x\xb8\x60P</data></write>
    <write><data>0\xd0\x10\xf0</data></write>
    <write><data> \xd8x\x10</data></write>
    <write><data>\x112\xfd\xe8</data></write>
    <write><data>\xc0\x298\xf0</data></write>
    <write><data>\xf8\xa4\x10\xa8</data></write>
    <write><data>h\x80\xb8\x80</data></write>
    <write><data>\x11\x3d\x0a\x88</data></write>
    <write><data>\x10\xd8\x88\x10</data></write>
    <write><data>0\xa0\xc8\x00</data></write>
    <write><data>\x81\x0d\x00\x00</data></write>
    <write><data>\x11\xc0.\xe8</data></write>
    <write><data>\x11\x07N\x80</data></write>
    <write><data>\x11\xbb\xa7\xc8</data></write>
    <write><data>\x40p\x10\x90</data></write>
    <write><data>\x11\x17K\xc0</data></write>
    <write><data>\x11\x94\x15\xd8</data></write>
    <write><data>\x89\x03\x00\xb8</data></write>
    <write><data>\x11u\xf9\xf0</data></write>
    <write><data>\x00 \xc8\x80</data></write>
    <write><data>\x11\xb3\xa3p</data></write>
    <write><data>\x11\x0fx\x40</data></write>
    <write><data>\x11\xf8\xf8\xf0</data></write>
    <write><data>\x11\x04\x8b\x60</data></write>
    <write><data>\x11\xc5\x2d\x28</data></write>
    <write><data>\x89\x16\x00X</data></write>
    <write><data>8\x10\x10\xe8</data></write>
    <write><data>\x11n\x01\x98</data></write>
    <write><data>\x11\x9e\x26\x00</data></write>
    <write><data>\xb0\x81\x008</data></write>
    <write><data>\x11j7\xa8</data></write>
    <write><data>\xc8f\xd0h</data></write>
    <write><data>\x11b3P</data></write>
    <write><data>0p\x18\x90</data></write>
    <write><data>\xa0\xc0\xb8X</data></write>
    <write><data>\x11K\xb8\x08</data></write>
    <write><data>\x10\x60\x90\x80</data></write>
    <write><data>\x11\xb5V\x80</data></write>
    <write><data>\x11\x8e\x93P</data></write>
    <write><data>\x11K\x87\x40</data></write>
    <write><data>\xa8\x7b\x00p</data></write>
    <write><data>\x11\xd0\xd7\x98</data></write>
    <write><data>\x11\xf9\xe0\x08</data></write>
    <write><data>\x11\x03\xf98</data></write>
    <write><data>\x11\x13 P</data></write>
    <write><data>\x98\x5e\x80\x00</data></write>
    <write><data>\x11\x09\xc7\xf8</data></write>
    <write><data>x\xd8\xf8\x80</data></write>
    <write><data>\x11\xbb!\x60</data></write>
    <write><data>\x28\x10\xa8x</data></write>
    <write><data>\x98\xf0\xf8\xb0</data></write>
    <write><data>\x11\xc2\x8c\x88</data></write>
    <write><data>\x11\x28\x1d\xf0</data></write>
    <write><data>\x40\xa8H </data></write>
    <write><data>\x81\x0e\x00\x00</data></write>
    <write><data>\x11\x0c\xb9\x90</data></write>
    <write><data>\x11\x87\xe8\xf8</data></write>
    <write><data>\xf0\x15h\xa8</data></write>
    <write><data>\x98\x13\xc8\xe8</data></write>
    <write><data>\x60x\x28\xa8</data></write>
    <write><data>\x11\x5b\xa1\x08</data></write>
    <write><data>\x11\x25\x5f0</data></write>
    <write><data>\xe8\xa6\x28\x98</data></write>
    <write><data>\x11\x08J\xd0</data></write>
    <write><data>\xc0\x5dp\x98</data></write>
    <write><data>X\x10\x10\xc8</data></write>
    <write><data>\x11P\x9aX</data></write>
    <write><data>\x11\xf41\x28</data></write>
    <write><data>8\x90\x28\x40</data></write>
    <write><data>\x11\x0b\xaaP</data></write>
    <write><data>\x11\x0e\xf8\xc8</data></write>
    <write><data>\x11K? </data></write>
    <write><data>\x89?\x00\xe8</data></write>
    <write><data>\x81\x0d\x00\x00</data></write>
    <write><data>\x11\x86\x96\x90</data></write>
    <write><data>\x11\x29\x95\x28</data></write>
    <write><data>\x11\x1d\xc1x</data></write>
    <write><data>\x11\x01\xdc0</data></write>
    <write><data>\x11l\x04\x18</data></write>
    <write><data>h\x18\xe0\x60</data></write>
    <write><data>\x11\xb2\xb3X</data></write>
    <write><data>\x11\x28Q\x00</data></write>
    <write><data>\x11\xe4\xb9\x00</data></write>
    <write><data>\x11\x2b\x23\x88</data></write>
    <write><data>\x11!X\xa0</data></write>
    <write><data>\x11\x2fQ8</data></write>
    <write><data>P\x18p\x18</data></write>
    <write><data>\xf8c\xf8\xc0</data></write>
    <write><data>H\xe8\x98\x80</data></write>
    <write><data>\x11\xc7\x24\x08</data></write>
    <write><data>\x40\xe0 \x08</data></write>
    <write><data>\x11\xdc\x97P</data></write>
    <write><data>\x11\xc2\xf6\x90</data></write>
    <write><data> \xc8\x28P</data></write>
    <write><data>\x11\x8c\x8a\x40</data></write>
    <write><data>\x11\x2f\xb9\xe8</data></write>
    <write><data>\x11\xe9\x04\x40</data></write>
    <write><data>\x11\xce\x0b\xf8</data></write>
    <write><data>\x28\x98\xc8\xc0</data></write>
    <write><data>\xd8\xce\xe8\xd0</data></write>
    <write><data>0\xf0\x88p</data></write>
    <write><data>\x11\x28\x3e\x98</data></write>
    <write><data>\x11j\xca\x18</data></write>
    <write><data>\xd8\x15P\x28</data></write>
    <write><data>\x11L\xc6\xd8</data></write>
    <write><data>\xa0\x1f\xa0\x60</data></write>
    <write><data>\x98\xd4\x60\x88</data></write>
    <write><data>\x11ty\xd8</data></write>
    <write><data>\x11\x8dv\x28</data></write>
    <write><data>\x11U\xda\x40</data></write>
    <write><data>8\xa0\xa0\xa8</data></write>
    <write><data>\xe8\xdb\x10\x00</data></write>
    <write><data>\x11\xfb\x2c\x18</data></write>
    <write><data>\xd0\xdc\x608</data></write>
    <write><data>\x11\xf9\xac\x18</data></write>
    <write><data>\x11q0\x90</data></write>
    <write><data>\xd80P\xd8</data></write>
    <write><data>\xb8\xb6\xf8\xc8</data></write>
    <write><data>\x80\xf6\x18\x98</data></write>
    <write><data>\x11\xa2\xc5\x08</data></write>
    <write><data>h\xa0\xb8\x28</data></write>
    <write><data>\xb84\xb8\xb8</data></write>
    <write><data>\xa8\xd1\xf80</data></write>
    <write><data>\xc0.X\xb0</data></write>
    <write><data>\x11\x96\xb8\x98</data></write>
    <write><data>\x11\xe7\x8a\x98</data></write>
    <write><data>\x11\xae\x8b\xa8</data></write>
    <write><data>\xb8I\x60\xf0</data></write>
    <write><data>x\x180\x28</data></write>
    <write><data>P\xa8\x90\xe8</data></write>
    <write><data>\x88!hp</data></write>
    <write><data>\x11\xb4\x16 </data></write>
    <write><data>\xa8\x8e\xf8p</data></write>
    <write><data>\xc0\x7dX\x28</data></write>
    <write><data>\x60\x88P\xe8</data></write>
    <write><data>\x88\x8e0\x28</data></write>
    <write><data>p\x90\xf8x</data></write>
    <write><data>\xd0\x83\x98\xb8</data></write>
    <write><data>\x18\x88x\xb0</data></write>
    <write><data>\x11\x81\xc3H</data></write>
    <write><data>h0\xc8\xc8</data></write>
    <write><data>\x11\xae\x9f8</data></write>
    <write><data>\x11X\x26\xa8</data></write>
    <write><data>\x11TE\x10</data></write>
    <write><data>\x11\x0d\x1d0</data></write>
    <write><data>\x11Nx\xb8</data></write>
    <write><data>x\x18\x00\x08</data></write>
    <write><data>\xa8\x01\x18\x60</data></write>
    <write><data>8\xd8\x80x</data></write>
    <write><data>\x11\xb7Z\xa0</data></write>
    <write><data>\x11\xb0\x86\x90</data></write>
    <write><data>\x08\xe8\xb8\x60</data></write>
    <write><data>\x60\x808\x10</data></write>
    <write><data>\x10\xe0\xd8X</data></write>
    <write><data>\x11\xa6\xb20</data></write>
    <write><data>\xc0\xc5X\xd0</data></write>
    <write><data>\x11\x0f\xcd\x40</data></write>
    <write><data>\x08\x88X\xf0</data></write>
    <write><data>\x11\xd4\xe6\x10</data></write>
    <write><data>\x88\xaa8\xa0</data></write>
    <write><data>\x81\x2c\x00\x00</data></write>
    <write><data>\x90oH8</data></write>
    <write><data>\x11\xa0\xa8\xc8</data></write>
    <write><data>\x11\x8ef\x08</data></write>
    <write><data>\x90\x94X\xa0</data></write>
    <write><data>\x11\x81\x17p</data></write>
    <write><data>\x11\xf1\x0c\xc8</data></write>
    <write><data>\x11\x5b\xd60</data></write>
    <write><data>\x11\x0f\xccx</data></write>
    <write><data>\x89\x9b\x00\x80</data></write>
    <write><data>\x11\xd2\x0f\xa0</data></write>
    <write><data>\x60\x18pp</data></write>
    <write><data>H\xd0P\xf0</data></write>
    <write><data>\x11\xa8\x7c\xb0</data></write>
    <write><data>\x89K\x00\xa0</data></write>
    <write><data>\xb8\xc6\xf8P</data></write>
    <write><data>\x11\xfa\xa5H</data></write>
    <write><data>\x11\x89\x5d\xb0</data></write>
    <write><data>H\x88\x10\xe8</data></write>
    <write><data>\x11\x10\xdc\xf8</data></write>
    <write><data>\x18\x98\x90\x80</data></write>
    <write><data>\x11\xa1\xa0X</data></write>
    <write><data>\x28\x88\xe8\xe8</data></write>
    <write><data>\x11B\xaa\xd0</data></write>
    <write><data>\x00\x88p\xe8</data></write>
    <write><data>0\xe0\xf8\x88</data></write>
    <write><data>\x11\xbf\x26\x40</data></write>
    <write><data>\x98g\xe8h</data></write>
    <write><data>\x08\x88\x10\xd8</data></write>
    <write><data>\x88.\xd0h</data></write>
    <write><data>\x115\x0d0</data></write>
    <write><data> \x60\xf8p</data></write>
    <write><data>x\x28p\x60</data></write>
    <write><data>\x80\x1cP\x60</data></write>
    <write><data>\xe0\xdb\x28X</data></write>
    <write><data>\xe8\xf9p\x80</data></write>
    <write><data>P\xf8H\x98</data></write>
    <write><data>\x88Z\xa8p</data></write>
    <write><data>8\xb8\xb0\x08</data></write>
    <write><data>\x80\x08\x10x</data></write>
    <write><data>\x08\xd8\xe08</data></write>
    <write><data>\x11\xf7\xff\x60</data></write>
    <write><data>\x11\x0d\xb0\x98</data></write>
    <write><data>\x11J\x3b\xb0</data></write>
    <write><data>\x11\x8c\x27\x98</data></write>
    <write><data>\x11A\x88\x60</data></write>
    <write><data>\x11\xd6\xcb\x88</data></write>
    <write><data>\xd0Ax\x08</data></write>
    <write><data>\x11\xed\xddp</data></write>
    <write><data>\x11\xaf\x03\x88</data></write>
    <write><data>\x11\x29\x86\xc0</data></write>
    <write><data>\xb0x\x18\xb0</data></write>
    <write><data>\xe8\xa2\x10\xd0</data></write>
    <write><data>\x11\x3bF\x08</data></write>
    <write><data>\x11\xbf\x5b8</data></write>
    <write><data>\x11\x08\xd2X</data></write>
    <write><data>8\x80\x40\x88</data></write>
    <write><data>\x81\x8e\x00\x00</data></write>
    <write><data>\x60P\xe0\xc0</data></write>
    <write><data>\x11HB\xd8</data></write>
    <write><data>\x88\x0d\xe8\x00</data></write>
    <write><data>\x11\x13\x99\xb0</data></write>
    <write><data>\xa8s\xb8x</data></write>
    <write><data>\x11U\xcd\x98</data></write>
    <write><data>\x11\x04\x8b\x10</data></write>
    <write><data>\x11\xd0\x04\x80</data></write>
    <write><data>\x28\xa0\x00h</data></write>
    <write><data>\xc8\xae\x10\xb8</data></write>
    <write><data>\xf0\xdb\x90\x80</data></write>
    <write><data>\xd0\xd3\x888</data></write>
    <write><data>\x11P\x1c\x60</data></write>
    <write><data> \xc0H\xf8</data></write>
    <write><data>\x18\x908\x90</data></write>
    <write><data>ph\xd0X</data></write>
    <write><data>\x11\x10\xeb\x00</data></write>
    <write><data>\x11l\x82\x00</data></write>
    <write><data>\x80\xbcp\x40</data></write>
    <write><data>\x11\x2c\x3bX</data></write>
    <write><data>\x11\x8f\x17H</data></write>
    <write><data>\x00\xc0\xa8\x10</data></write>
    <write><data>\x11\x99\x98\xe0</data></write>
    <write><data>\x00\xb0P\x60</data></write>
    <write><data>\xc8\x9d\x88\x88</data></write>
    <write><data>\x11\x0c\x7e\xa8</data></write>
    <write><data>\xe8\x29\x28x</data></write>
    <write><data>\x81k\x00\x00</data></write>
    <write><data>\x11\x3eD\xc8</data></write>
    <write><data>\x08\x00p\x90</data></write>
    <write><data>\x11X\x84\xc8</data></write>
    <write><data>\x111\x84P</data></write>
    <write><data>\xe0\xd7\xc00</data></write>
    <write><data>\x11\x85\x7d\xb0</data></write>
    <write><data>\xa0\xceH\x28</data></write>
    <write><data>\xb8Z\x18h</data></write>
    <write><data>\x60hPH</data></write>
    <write><data>\xf0\xb8h\x98</data></write>
    <write><data>\x11\xe4\x18\x00</data></write>
    <write><data>\x98S\xf8P</data></write>
    <write><data>x8\xf0\xb8</data></write>
    <write><data>\x11\xcd\xe7\xe0</data></write>
    <write><data>\x11K\x99\x90</data></write>
    <write><data>\x11g\xef\x40</data></write>
    <write><data>\x00\x18P\x88</data></write>
    <write><data>x\xc8\xb8x</data></write>
    <write><data>\x11E\xcd\xe0</data></write>
    <write><data>\x98\xc3\xa8\xd0</data></write>
    <write><data>H\xe0\xa0X</data></write>
    <write><data>\x11:\xb4X</data></write>
    <write><data>\x18\xc8\xc8\x60</data></write>
    <write><data>8\xe0 P</data></write>
    <write><data>\x10\xd0\x80\x40</data></write>
    <write><data>\x11Qh\x98</data></write>
    <write><data>\x11\x95\xa6\xe0</data></write>
    <write><data>\x11\x94\xd9\xb0</data></write>
    <write><data>\x88K\xa8\xe0</data></write>
    <write><data>\x11M\x9c\x90</data></write>
    <write><data>\x11\xae\x91\x90</data></write>
    <write><data>\xf8\x97\x18\x00</data></write>
    <write><data>\x11\x1f\x23h</data></write>
    <write><data>p\xc0\xb0\x00</data></write>
    <write><data>\xf8\xecH\xd0</data></write>
    <write><data>H\xf0\xf8\x28</data></write>
    <write><data>\x40\xd0\xe8X</data></write>
    <write><data>\x11\x7c\xe1X</data></write>
    <write><data>\x11\x85 \xc8</data></write>
    <write><data>\x11\xb1\xca\xf0</data></write>
    <write><data>\x11\xf9N8</data></write>
    <write><data>\x40P8 </data></write>
    <write><data>\x10\xb8\xd8\xf0</data></write>
    <write><data>\xd0B\x28\xd0</data></write>
    <write><data>\x11\x98\xf48</data></write>
    <write><data>\xd8j\x80\xc8</data></write>
    <read><delim>\x0a</delim><match><data>\x3d\x3d\x3d\x3d\x3d\x3d\x3d\x3d\x3d\x3d\x3d\x3d\x3d\x3d\x3d\x3d\x3d\x3d\x3d\x3d\x3d\x3d\x3d\x3d\x3d\x3d\x3d\x3d\x3d\x3d\x3d\x3d\x3d\x3d\x3d\x3d\x3d\x3d\x3d\x3d\x3d\x3d\x3d\x3d</data></match></read>
    <read><delim>\x0a</delim><match><data>R0:\x090x00000000\x09R1:\x090x0000c4f9</data></match></read>
    <read><delim>\x0a</delim><match><data>R2:\x090x00000a3d\x09R3:\x090x00000000</data></match></read>
    <read><delim>\x0a</delim><match><data>R4:\x090x00000000\x09R5:\x090x00000000</data></match></read>
    <read><delim>\x0a</delim><match><data>R6:\x090x00000000\x09R7:\x090x00000000</data></match></read>
    <read><delim>\x0a</delim><match><data>R8:\x090x00000000\x09R9:\x090x00000000</data></match></read>
    <read><delim>\x0a</delim><match><data>R10:\x090x00000001\x09R11:\x090x00000000</data></match></read>
    <read><delim>\x0a</delim><match><data>R12:\x090x00000000\x09R13:\x090x00000000</data></match></read>
    <read><delim>\x0a</delim><match><data>R14:\x090x0000931f\x09R15:\x090x00000000</data></match></read>
    <read><delim>\x0a</delim><match><data>R16:\x090x00000000\x09R17:\x090x00000a3d</data></match></read>
    <read><delim>\x0a</delim><match><data>R18:\x090x00000000\x09R19:\x090x00000000</data></match></read>
    <read><delim>\x0a</delim><match><data>R20:\x090x00000000\x09R21:\x090x00000010</data></match></read>
    <read><delim>\x0a</delim><match><data>R22:\x090x00000000\x09R23:\x090x00000000</data></match></read>
    <read><delim>\x0a</delim><match><data>R24:\x090x00000000\x09R25:\x090x00000000</data></match></read>
    <read><delim>\x0a</delim><match><data>R26:\x090x00000000\x09R27:\x090x00000000</data></match></read>
    <read><delim>\x0a</delim><match><data>R28:\x090x00000000\x09R29:\x090x0000fd32</data></match></read>
    <read><delim>\x0a</delim><match><data>R30:\x090x00000000\x09R31:\x090x00000000</data></match></read>
    <read><delim>\x0a</delim><match><data>PC:\x090x00000038</data></match></read>
    <read><delim>\x0a</delim><match><data>\x3d\x3d\x3d\x3d\x3d\x3d\x3d\x3d\x3d\x3d\x3d\x3d\x3d\x3d\x3d\x3d\x3d\x3d\x3d\x3d\x3d\x3d\x3d\x3d\x3d\x3d\x3d\x3d\x3d\x3d\x3d\x3d\x3d\x3d\x3d\x3d\x3d\x3d\x3d\x3d\x3d\x3d\x3d\x3d</data></match></read>
</replay>
</pov>