<?xml version="1.0" standalone="no" ?>
<!DOCTYPE pov SYSTEM "/usr/share/cgc-docs/replay.dtd">
<pov>
<cbid>service</cbid>
<seed>e683bbb867d8f954ba232e1c3d4bfb454a57cc7755d49d6baa61e95bf77415ccc8ab7f4dba100ef889b7aa50c03d42b1</seed>
<replay>
    <delay>50</delay>
    <write><data>\xca\x03\x00\x00</data></write>
    <write><data>8\x98P\x80</data></write>
    <write><data>\x11\xec\x27\xd8</data></write>
    <write><data>\x11F\x07\xf0</data></write>
    <write><data>\x11 \xa5\xf8</data></write>
    <write><data>0p\x60 </data></write>
    <write><data>\x11Z\xacH</data></write>
    <write><data>\x18\xc0\x88\xb0</data></write>
    <write><data>\x11\xf4\xbd\xf0</data></write>
    <write><data>\xd0k\x08\xc0</data></write>
    <write><data>\x11\xc6\x05\xc8</data></write>
    <write><data>\x11\xfa\x22\xa8</data></write>
    <write><data>\x11ga\x28</data></write>
    <write><data>x\xb0\x98\x28</data></write>
    <write><data>\xb8\xa2\xd8\xf8</data></write>
    <write><data>\x80Q\x80\xa0</data></write>
    <write><data>\xe0\x960\xc0</data></write>
    <write><data>\x11\xbbcP</data></write>
    <write><data>\xd0\xf4\xc0\x10</data></write>
    <write><data>\x11\x06\x11\x60</data></write>
    <write><data>\x114\xb6H</data></write>
    <write><data>\x80\x7c\x10H</data></write>
    <write><data>h \xe0\xf8</data></write>
    <write><data>\x11e\x5d0</data></write>
    <write><data>\x11\x98\xb5H</data></write>
    <write><data>\x11\xb5\x0a\x18</data></write>
    <write><data>\x11\xc5\xed\xc8</data></write>
    <write><data>\x11\x3d\x99X</data></write>
    <write><data>\xa0\xc78 </data></write>
    <write><data>\x119 \x28</data></write>
    <write><data>\xb0\xa6\x08H</data></write>
    <write><data>\x11\x96\x95\x98</data></write>
    <write><data>\x11\x84\xaf\x08</data></write>
    <write><data>\xb0A\x00\x10</data></write>
    <write><data>\x11\x3e\x85\x18</data></write>
    <write><data>\xd8\x01\x80\x90</data></write>
    <write><data>\xc0\xe6\x18\xc8</data></write>
    <write><data>\x11H\xd0\xc8</data></write>
    <write><data>\x11\x223\x98</data></write>
    <write><data>\xa0\xd2\x80\xb0</data></write>
    <write><data>\x11\x8c\xd0X</data></write>
    <write><data>\x11\x05M\xc0</data></write>
    <write><data>0\xd0\xf8\xc8</data></write>
    <write><data>\x98\x83\x08\xd0</data></write>
    <write><data>0\xb8\x60\xc8</data></write>
    <write><data>x\xa8\xa8\xf8</data></write>
    <write><data>\x11\x00\x24\x40</data></write>
    <write><data>\x00\x98hp</data></write>
    <write><data>\x11Qt\x80</data></write>
    <write><data>\x11\x5f\xc1\xd8</data></write>
    <write><data>\x60X\xe0\xe8</data></write>
    <write><data>\xa0\x83\x00\x60</data></write>
    <write><data>\x11\x04\xc8\x18</data></write>
    <write><data>\x11B\xa0\xd0</data></write>
    <write><data>\xb0\xc9\xe8\xf8</data></write>
    <write><data>\x90R\xe0\xe0</data></write>
    <write><data>\x00x\xf0\xb8</data></write>
    <write><data>\x11\xad\xdb\x98</data></write>
    <write><data>P\xc8\x08h</data></write>
    <write><data>\x11\xae\xc0h</data></write>
    <write><data>\xc8\xfd\x60\xd8</data></write>
    <write><data>\x11\xe1\x5c\x90</data></write>
    <write><data>\x89\x10\x00\x10</data></write>
    <write><data>\xd0\x2d\x90\xe0</data></write>
    <write><data>P\xe8X\xa8</data></write>
    <write><data>\x11\x17h\xc8</data></write>
    <write><data>0h\xb8\xb0</data></write>
    <write><data>8\xa0\xd8\xd0</data></write>
    <write><data>\x11\xedB\x28</data></write>
    <write><data>\xf0\xb9\x18H</data></write>
    <write><data>H\x98\xb0x</data></write>
    <write><data>x 8\x40</data></write>
    <write><data>\x11\x1f\xde\xe0</data></write>
    <write><data>\x11l8\xa0</data></write>
    <write><data>\x11\xach\x18</data></write>
    <write><data>\x11\xb6:\xc0</data></write>
    <write><data>\x11\x5b\x8d\xe0</data></write>
    <write><data>\xf0\xb6\xe8\x90</data></write>
    <write><data>h\x08\xe8X</data></write>
    <write><data>\x11\x01\x82\xd8</data></write>
    <write><data>\xe8\x2b\xc0x</data></write>
    <write><data>\x11\x04\x89\x18</data></write>
    <write><data>\x11O\xe40</data></write>
    <write><data>  \xb0\xf8</data></write>
    <write><data>\x11t\xf0\x90</data></write>
    <write><data>H\xe0h8</data></write>
    <write><data>\xd88Hx</data></write>
    <write><data>\x98\xcf\x08\xb0</data></write>
    <write><data>\x11T\xf1\xc0</data></write>
    <write><data>\x11\x9d\x0d\xe8</data></write>
    <write><data>\xb0\x82\x40p</data></write>
    <write><data>\xe0\x1e\x08\x90</data></write>
    <write><data>\x11\xc7\xb8\xf0</data></write>
    <write><data>\x816\x00\x00</data></write>
    <write><data>X\x408H</data></write>
    <write><data>\x11\x91q\x10</data></write>
    <write><data>\x11\xf3\x03\xc8</data></write>
    <write><data>\x89F\x00p</data></write>
    <write><data>\x89!\x00\x98</data></write>
    <write><data>\x40x\xe80</data></write>
    <write><data>8\xc0H\xf8</data></write>
    <write><data>\xc8\xfb\xe80</data></write>
    <write><data>P\x28\xe0\x60</data></write>
    <write><data>\x11\xa3\xa5\xb0</data></write>
    <write><data>\x11\xff\xddx</data></write>
    <write><data>\x90\xae\x60\xa0</data></write>
    <write><data>\x60\x80X\xf0</data></write>
    <write><data>\x28\x98\x40\xa0</data></write>
    <write><data>Hx\xd0\xc8</data></write>
    <write><data>8\xe8\xe0\x18</data></write>
    <write><data>\x11\x27\xe5x</data></write>
    <write><data>\x11:\xe8\xd0</data></write>
    <write><data>\x11H\x8c8</data></write>
    <write><data>\xa8\xf4xh</data></write>
    <write><data>\xf0\xfa \x08</data></write>
    <write><data> \x60\x00h</data></write>
    <write><data>\x11?\x06H</data></write>
    <write><data>\x00\x98\xa8\xc8</data></write>
    <write><data>\xe8\x7d\x88X</data></write>
    <write><data>\x11\x82\x9f\x08</data></write>
    <write><data>hxp\x90</data></write>
    <write><data>\x11\x1a\xe0\xa8</data></write>
    <write><data>\x11\x19t\x00</data></write>
    <write><data>\x11\x8aL\xe8</data></write>
    <write><data>hx\xc0\xd0</data></write>
    <write><data>\xe8\x86p\xe8</data></write>
    <write><data>\x11\xb3\x87x</data></write>
    <write><data>Xhx\xc8</data></write>
    <write><data>\x11\xbb\xaf\x28</data></write>
    <write><data>\x98\x13\xf0x</data></write>
    <write><data>\x18H\xe0X</data></write>
    <write><data>\x11\x11zx</data></write>
    <write><data>\x11\x3dW8</data></write>
    <write><data>\xc0\xe2\xc0h</data></write>
    <write><data>\x11\xd3\xe9\xf0</data></write>
    <write><data>H\x10\xa0\x18</data></write>
    <write><data>\x11\xe7\x92\xd8</data></write>
    <write><data>\x11F\x1c\xf8</data></write>
    <write><data>\xa0\x27\xc0\xa8</data></write>
    <write><data>xp\x08\xa0</data></write>
    <write><data>\xb0\x130x</data></write>
    <write><data>\x11\xabHp</data></write>
    <write><data>\x88\x2a\x90\xc8</data></write>
    <write><data>\xc0c\x10\xd0</data></write>
    <write><data>8\x80 \x88</data></write>
    <write><data>\x98\x84\xa0\x40</data></write>
    <write><data>\x11U\x9e\x90</data></write>
    <write><data>\x11I\x95\x18</data></write>
    <write><data>\x11x\xceX</data></write>
    <write><data>\x11l\xfa\x28</data></write>
    <write><data>\xf8m\xc0\xc8</data></write>
    <write><data>\xb0\xd7P\xb8</data></write>
    <write><data>\x11\x17\x06\xc0</data></write>
    <write><data>\x11WY\x90</data></write>
    <write><data>\xc8\x8bPh</data></write>
    <write><data>\x89\x7c\x00\x40</data></write>
    <write><data>\x11\x28\x5f\xc8</data></write>
    <write><data>\xf0\xc4\xc8\x98</data></write>
    <write><data>\x08\x00\x90\x28</data></write>
    <write><data>0\x90\x08\x80</data></write>
    <write><data>\xf8\xb8\xf0\xf8</data></write>
    <write><data>\xc8\xaa\xa0\xe0</data></write>
    <write><data>\xd0  8</data></write>
    <write><data>\x11\xf5\x95\x08</data></write>
    <write><data>\x81\x01\x00\x00</data></write>
    <write><data>\x11\xd2\x28X</data></write>
    <write><data>\x11\x2d\x22\x60</data></write>
    <write><data>\x11W\x94\xf0</data></write>
    <write><data>\x11\xb9\x60\x18</data></write>
    <write><data>\x88\x3b\xd0\xf8</data></write>
    <write><data>\xa83\x900</data></write>
    <write><data>\xd84\x08\x28</data></write>
    <write><data>\x88\xf6\x10\x08</data></write>
    <write><data>\x11\x87\x3e\xe8</data></write>
    <write><data>Xx\x10\xb8</data></write>
    <write><data>\x89\x7e\x00\x88</data></write>
    <write><data>\x60\x10\x108</data></write>
    <write><data>\xf8\x2dP\x60</data></write>
    <write><data>\x10\x608h</data></write>
    <write><data>\x080\xd8\x00</data></write>
    <write><data>\x11\xb5q\xa0</data></write>
    <write><data>\x11!\x7f\x00</data></write>
    <write><data>H\xe8\xb0\x60</data></write>
    <write><data>\x11\x14\xe9\x90</data></write>
    <write><data>\x11\xc8\x96\x18</data></write>
    <write><data>\xf8\x9ap\xf0</data></write>
    <write><data>\x89\x5d\x00 </data></write>
    <write><data>0\x88\xc8\x98</data></write>
    <write><data>\x11\xfe\x26\x98</data></write>
    <write><data>\xd0\xdf\x90\x08</data></write>
    <write><data>P8\xd0\x18</data></write>
    <write><data>\x11:\xa7\xe0</data></write>
    <write><data> \xe0p\x10</data></write>
    <write><data>\x80\x7eh\x60</data></write>
    <write><data>\x08\xc0X\x90</data></write>
    <write><data>\x11y\xde\x90</data></write>
    <write><data>\xc8\xf8\x90\xe8</data></write>
    <write><data>\x11\x3c2\x28</data></write>
    <write><data>\x114M\xa0</data></write>
    <write><data>\x10 8\x40</data></write>
    <write><data>\xc8\xab\xe0\xe0</data></write>
    <write><data>\x11\xf8Y\xb0</data></write>
    <write><data>\x11\xbeu\x90</data></write>
    <write><data>\x11\x89W\x28</data></write>
    <write><data>\x11\xaf\x40\xa8</data></write>
    <write><data>\x11\xd8s\xd0</data></write>
    <write><data>p\x80\x18\x08</data></write>
    <write><data>h\x80\x40\x90</data></write>
    <write><data>\xf8\xc9\xa8\x08</data></write>
    <write><data>\x00\xc0\x000</data></write>
    <write><data>\x11x\xdf\x00</data></write>
    <write><data>Ph\x60 </data></write>
    <write><data>\xd8\xecP\xa0</data></write>
    <write><data>\x11n\x8f\x18</data></write>
    <write><data>\x11Z\x02\xe8</data></write>
    <write><data>P\x18\xb0\xd8</data></write>
    <write><data>\x11\x0b\xc4\x40</data></write>
    <write><data>\x80\xbc\xd8\xd8</data></write>
    <write><data>\xe0Wp\x00</data></write>
    <write><data>\x11\x1a\xc8\xf8</data></write>
    <write><data>\x11\x83\x7f\xd0</data></write>
    <write><data>\x11\xe5\xfd\x08</data></write>
    <write><data>\x10\x080x</data></write>
    <write><data>\xe0\x23\xa0\xb8</data></write>
    <write><data>\x11\x7b\xd6\xf8</data></write>
    <write><data>\x10\x18h\x00</data></write>
    <write><data>\x11\xeeHX</data></write>
    <write><data>\x11\xda\x0a\x60</data></write>
    <write><data>\x11\xfa\xc4\xc8</data></write>
    <write><data>\xd8P\x40 </data></write>
    <write><data>\x11\x2c\xc3\xd8</data></write>
    <write><data>\x11\xf1\xfa\x00</data></write>
    <write><data>\x11\xd6\xfb\x10</data></write>
    <write><data>\x11\x1f\xa2h</data></write>
    <write><data>\x11\x83\xf2\x00</data></write>
    <write><data>\x60\x80\x60x</data></write>
    <write><data>\x11W\xd8\x98</data></write>
    <write><data>\x11 UP</data></write>
    <write><data>\x11\x23s\xd0</data></write>
    <write><data>\x118\x92\x10</data></write>
    <write><data>\x11:\xaa\xa8</data></write>
    <write><data>\x111\xa4\xb8</data></write>
    <write><data>P0xP</data></write>
    <write><data>\xd0\xc5\x10\x08</data></write>
    <write><data>\xd0\x99\xa08</data></write>
    <write><data>\x11\xec\x29x</data></write>
    <write><data>\x40h\xc8h</data></write>
    <write><data>\x88\xae0\x60</data></write>
    <write><data>\x11\xbb\xfe\xf8</data></write>
    <write><data>\x11\xe7\x0e\xb8</data></write>
    <write><data>\x80\x3c\x18\x90</data></write>
    <write><data>\x11\x3d\xae\xe0</data></write>
    <write><data>H\xf0\x18\x90</data></write>
    <write><data>\xd0\xc3\xa8\xa8</data></write>
    <write><data>\x89\x14\x00P</data></write>
    <write><data>\x11Xmp</data></write>
    <write><data>\x11y\x90\x80</data></write>
    <write><data>\xf8\xd9\xc0\xb0</data></write>
    <write><data>88\x60x</data></write>
    <write><data>\x11\xcc\xd2X</data></write>
    <write><data>\x11\x87\x16X</data></write>
    <write><data>\x11p\x29\x18</data></write>
    <write><data>\x11\xe3\x14H</data></write>
    <write><data>\xc8\x9c\x88\x00</data></write>
    <write><data>\xa8\x82\xa8\xb0</data></write>
    <write><data>\x11\xce\xbf\xd8</data></write>
    <write><data>\x81\x7f\x00\x00</data></write>
    <write><data>\x11\x29\x9dH</data></write>
    <write><data>\x11\x14\xcc\xc8</data></write>
    <write><data> \x80\xf0\x08</data></write>
    <write><data>\xe0\x29\xe0\x80</data></write>
    <write><data>\xd8\xa5\xe8x</data></write>
    <write><data>H\x90 \x88</data></write>
    <write><data>\x11\xa3\x04\x60</data></write>
    <write><data>\x40\xe0\x80 </data></write>
    <write><data>\x11V\xae\xb0</data></write>
    <write><data>\xe8\x9d\x28\x40</data></write>
    <write><data>\x11\x2b\x06p</data></write>
    <write><data>\x81\xbf\x00\x00</data></write>
    <write><data>\x11\xfb\x8e8</data></write>
    <write><data>\x11\xf3m\xa8</data></write>
    <write><data>\x11\xfe\xe5H</data></write>
    <write><data>\x11\xdb\xf9\xc8</data></write>
    <write><data>\x11\x3e\x858</data></write>
    <write><data>\x11\x3b\x22\x10</data></write>
    <write><data>\x11\x9fJ\xf8</data></write>
    <write><data>\x11\xac\x26\x80</data></write>
    <write><data>\x11\x8f\xe7P</data></write>
    <write><data>\x90l\xf8\xc0</data></write>
    <write><data>\x11\x28\xc5\x90</data></write>
    <write><data>\x11\xa2r </data></write>
    <write><data>\x90\xc3\xc0h</data></write>
    <write><data> 8\x10\x98</data></write>
    <write><data>Pp\x988</data></write>
    <write><data>\x11\x11\x90p</data></write>
    <write><data>\xa0\x270H</data></write>
    <write><data>\x11G\xd6\x80</data></write>
    <write><data>\x11\x3e\x608</data></write>
    <write><data>0\xb0h\xd8</data></write>
    <write><data>\x11\x0a\x19\xb8</data></write>
    <write><data>\x11\x90\xbf\xc8</data></write>
    <write><data>\x11s\x5d\xd8</data></write>
    <write><data>\xd8\x08\xc8\xf0</data></write>
    <write><data>H\xe8\xd8\x28</data></write>
    <write><data>\x11\xbaQ </data></write>
    <write><data>\x11.\xd2P</data></write>
    <write><data>p\xc8\x10P</data></write>
    <write><data>\x11\xc2\xc0\xb8</data></write>
    <write><data>\x80\x03\x98\x28</data></write>
    <write><data>\xc0\xc3\x98\xd8</data></write>
    <write><data>\x89\xeb\x00h</data></write>
    <write><data>\x81\xb3\x00\x00</data></write>
    <write><data>\xa8\x5e\xd8h</data></write>
    <write><data>\x11\x24\x2c\x18</data></write>
    <write><data> x\x90\xc0</data></write>
    <write><data>\xa0\x60\xf0\x28</data></write>
    <write><data>\x11\x2c\xcdH</data></write>
    <write><data>\x11Ke\x18</data></write>
    <write><data>\x11\x0e\x090</data></write>
    <write><data>\x28\xe0X\xc0</data></write>
    <write><data> 8\x80\x40</data></write>
    <write><data>\x11\x8b\xd6\x40</data></write>
    <write><data>\x10\xb8h\xb0</data></write>
    <write><data>\xf0\xd3\xb0\xc8</data></write>
    <write><data>\x11\xbb\x5ep</data></write>
    <write><data>\x11\xbd9p</data></write>
    <write><data>\x11\x06\xeb\x00</data></write>
    <write><data>\xd0F\x90\x28</data></write>
    <write><data>\x60\x40\xe8\xb0</data></write>
    <write><data>\x90\x5d\xf8\xd8</data></write>
    <write><data>\xb0eh\x08</data></write>
    <write><data>\x00\xc8\x08\xc0</data></write>
    <write><data>\x11\x86\x85\x60</data></write>
    <write><data>x \xb0h</data></write>
    <write><data>\xc0\xf1\x40\xa8</data></write>
    <write><data>\x11\xd0N\x10</data></write>
    <write><data>\x11\x1a\x9d\xf0</data></write>
    <write><data>\xa0\x99PP</data></write>
    <write><data>0\x08\xc0\x88</data></write>
    <write><data>\xd8\xe4\x18\xf0</data></write>
    <write><data>\x11u\xfd\x90</data></write>
    <write><data>\x11\xf7\x7f8</data></write>
    <write><data>\xd8\x9d\xf0\xe0</data></write>
    <write><data>\x40\xb8\x80\xc8</data></write>
    <write><data>\xe0\x23\x40\x10</data></write>
    <write><data>\xa0f\xb0\x10</data></write>
    <write><data>\x18\x08\xa8\x28</data></write>
    <write><data>\xc8\x90\x400</data></write>
    <write><data>\x11DW\xb8</data></write>
    <write><data>h\x98\xe8\xd8</data></write>
    <write><data>\x81\x26\x00\x00</data></write>
    <write><data>\x11\xba\xdd\xf0</data></write>
    <write><data>h\xd8\xe0\xa0</data></write>
    <write><data>\x11r\x01\xa8</data></write>
    <write><data>\xa8\xd7\xc0\xd8</data></write>
    <write><data>\x11\x7enH</data></write>
    <write><data> \x80\x100</data></write>
    <write><data>\x11O\x97\x88</data></write>
    <write><data>\x40P \x28</data></write>
    <write><data>H\xf0\x08\xd8</data></write>
    <write><data>\x11\xd2\xe4\xb8</data></write>
    <write><data>\xb8\xab\xc0\xc0</data></write>
    <write><data>\x11\x8bhh</data></write>
    <write><data>\x11j\x86\xe0</data></write>
    <write><data>\x11\xf0\x24\xa0</data></write>
    <write><data>\x60\xc8\xa0\xf8</data></write>
    <write><data>\x11b\x0ah</data></write>
    <write><data>\x11\xb7\x080</data></write>
    <write><data>\x11\xaa\xa0\x18</data></write>
    <write><data>\x81:\x00\x00</data></write>
    <write><data>\x98a\xe00</data></write>
    <write><data>\x11cA\xe8</data></write>
    <write><data>\x11\xe4k\xc0</data></write>
    <write><data>\x11\xed\x868</data></write>
    <write><data>\xf8\x158\xe8</data></write>
    <write><data>\x11u\x89\xe8</data></write>
    <write><data>\x80\x2cp\x28</data></write>
    <write><data>\x11\xd0\xf6p</data></write>
    <write><data>  P\x40</data></write>
    <write><data>\x11\x22\xccp</data></write>
    <write><data>\x81\xe1\x00\x00</data></write>
    <write><data>\x89K\x00\x88</data></write>
    <write><data>\x08\xb8\xa0X</data></write>
    <write><data>\x11\x9d\xfa\xf8</data></write>
    <write><data>\x11\x96\xce\xc8</data></write>
    <write><data>\x11d\xd0\xb8</data></write>
    <write><data>\x11\x19\xc4\x28</data></write>
    <write><data>\xb0\x1ep\xa8</data></write>
    <write><data>\x11V\xa6x</data></write>
    <write><data>\x88\x1a\x98\x18</data></write>
    <write><data>\x11\xe8g\xb8</data></write>
    <write><data>\x10X\xa0\x90</data></write>
    <write><data>\xc0F\xe8\x18</data></write>
    <write><data>\xe8ih\xa0</data></write>
    <write><data> \xf8\xe0\xd0</data></write>
    <write><data>\x11\xe8\xd1\xc0</data></write>
    <write><data>\x11\xd9\xf7x</data></write>
    <write><data>\x11\x2b\x2a\xd8</data></write>
    <write><data>\xd0\xfc\xa0\xf8</data></write>
    <write><data>p\x08p0</data></write>
    <write><data>\x11\xf9L\x88</data></write>
    <write><data>\x11\x3e\x01\xd0</data></write>
    <write><data>\xc0\xbaX\x80</data></write>
    <write><data>\xf0\x96\xd0\x40</data></write>
    <write><data>\x11\x9b\xa4\xc0</data></write>
    <write><data>\x90?x\x80</data></write>
    <write><data>\x11\x1c\x05\x80</data></write>
    <write><data>\x11\x1c\xa98</data></write>
    <write><data>\x11\xd5\x85\xc8</data></write>
    <write><data>\x00\x40\x28\x00</data></write>
    <write><data> \xb0\xc8\xf8</data></write>
    <write><data>\x11\x22\xdf\x10</data></write>
    <write><data>\x11X\xe4\x88</data></write>
    <write><data>\x11\x2c\xf6h</data></write>
    <write><data>\xf8d\x28\x10</data></write>
    <write><data>\x803h\x98</data></write>
    <write><data>\x11\x12a\x60</data></write>
    <write><data>\x11\x2c\xe4\x00</data></write>
    <write><data>\x88\xd7H\xb8</data></write>
    <write><data>\xd8\xfcH </data></write>
    <write><data>08p\xa0</data></write>
    <write><data>\x11\xb9\xf9\x90</data></write>
    <write><data>\xb0\xf8\xb8P</data></write>
    <write><data>\x81\x0f\x01\x00</data></write>
    <write><data>0\x28\x98\xc8</data></write>
    <write><data> \x90\xd88</data></write>
    <write><data>\x80\xfb\xe8\xa8</data></write>
    <write><data>\xf8.\xe8\x28</data></write>
    <write><data>\x81x\x00\x00</data></write>
    <write><data>\x11Vy0</data></write>
    <write><data>\x81\x7e\x01\x00</data></write>
    <write><data>\x88P\xd0\x28</data></write>
    <write><data>\xc8 \x10\x08</data></write>
    <write><data>\x11\x16\xa9\x10</data></write>
    <write><data>\xd8f\x40P</data></write>
    <write><data>\x11P\xf9\x60</data></write>
    <write><data>\x11\xa6\xe9\xe8</data></write>
    <write><data> \x90h\xf0</data></write>
    <write><data>\x88v0\xc8</data></write>
    <write><data>\x28\xf08\xf8</data></write>
    <write><data>\x11\x90\xfc0</data></write>
    <write><data> \xa8\xb8\xd8</data></write>
    <write><data>\x11D\xda\x80</data></write>
    <write><data>\xf8\xb8\xa8\xd0</data></write>
    <write><data>\xb8\xd6\x188</data></write>
    <write><data>H\x18\xd0\xc0</data></write>
    <write><data> \x40\x808</data></write>
    <write><data>\x28\xe0\x980</data></write>
    <write><data>\x11\xe2\xf1\x00</data></write>
    <write><data>\xd0K\xf8\x10</data></write>
    <write><data>\x88\x86hH</data></write>
    <write><data>\x11\x3c\x7d\x90</data></write>
    <write><data>\x98\x9fxp</data></write>
    <write><data>\xa0\xe6pP</data></write>
    <write><data>p\x10\x40p</data></write>
    <write><data>\xf8\x2d\xb8\xf0</data></write>
    <write><data>\x11\x0d\x25\xf8</data></write>
    <write><data>P\x40\xc0\xe0</data></write>
    <write><data>p\xf0\x10\x88</data></write>
    <write><data>\xd84\xf8H</data></write>
    <write><data>\x90\xdf P</data></write>
    <write><data>\x11\xb6\x04\xc8</data></write>
    <write><data>\x11\x9bK\xe8</data></write>
    <write><data>\x11mH\x08</data></write>
    <write><data>\x11r\x19\x90</data></write>
    <write><data>\x11\xda0\x80</data></write>
    <write><data>\x11\x80A\xf8</data></write>
    <write><data>\xb0\x2f\xf0\xe8</data></write>
    <write><data>\x11\xecy0</data></write>
    <write><data>\xb0\xa8\x10\xe0</data></write>
    <write><data>\xf0N\x40\x00</data></write>
    <write><data>\x60\x00\xf0\x00</data></write>
    <write><data>\x11tr\x60</data></write>
    <write><data>\xf8\x80H\xb0</data></write>
    <write><data>\x11\xe7\x01p</data></write>
    <write><data>\x98 \xb0\xe0</data></write>
    <write><data>\x11\xafn\x08</data></write>
    <write><data>\x11R\xa5h</data></write>
    <write><data>\x11\xbd\xf1\x90</data></write>
    <write><data>\x11\x1c\xd2\x88</data></write>
    <write><data>\x11\x0c\x7bX</data></write>
    <write><data>\xf0\x8b\x80P</data></write>
    <write><data>H\xc8\x40\x40</data></write>
    <write><data>\x11\xeb\x85\x18</data></write>
    <write><data>\x08P\x888</data></write>
    <write><data>\x11\x84I0</data></write>
    <write><data>\x88\x96h\xb8</data></write>
    <write><data> \x00\xe8\xa8</data></write>
    <write><data>\xa8\xba\xb0\xa8</data></write>
    <write><data>\xb8uH\xd0</data></write>
    <write><data>\x90z\xe00</data></write>
    <write><data>\x88\xe6\xd0\xc8</data></write>
    <write><data>\x88y\xf0\x88</data></write>
    <write><data>H\x00Ph</data></write>
    <write><data>\x11\x9b\x3d\x90</data></write>
    <write><data>\x11\xc3a\x98</data></write>
    <write><data>\x11\x97g\xb0</data></write>
    <write><data>\x111\x18\xd8</data></write>
    <write><data>\x11To\x60</data></write>
    <write><data>\xf0\x1a\x10p</data></write>
    <write><data>\xc8\x03\xb8X</data></write>
    <write><data>\xf0\x2b\xe0\xb8</data></write>
    <write><data> \xe8pP</data></write>
    <write><data>\x11\x2ba\xf0</data></write>
    <write><data>\x11\x90\x3b\xa0</data></write>
    <write><data>\x000\xc0x</data></write>
    <write><data>\x00hP\xc0</data></write>
    <write><data>\x80y\x10p</data></write>
    <write><data>\x88M\xa8\x18</data></write>
    <write><data>\x11\xed\xce\x40</data></write>
    <write><data>\x89\xf7\x00\x08</data></write>
    <write><data>\x11\xc3\x1c\x90</data></write>
    <write><data>\x11co\x00</data></write>
    <write><data>\xa8t\xa0\x28</data></write>
    <write><data>\x11\xafd\x90</data></write>
    <write><data>\x11r\x9e8</data></write>
    <write><data>\x11\x2aw\x18</data></write>
    <write><data>\x11oe </data></write>
    <write><data>\xd0\xfa\xe00</data></write>
    <write><data>\x11E\x90\xf0</data></write>
    <write><data>\x60\x900\xb8</data></write>
    <write><data>\x11\x9aX\xa8</data></write>
    <write><data>\x11\xa7\x27h</data></write>
    <write><data>\x08\xe0\xd0\x60</data></write>
    <write><data>\xe8\x9a \x18</data></write>
    <write><data>\xe0\xfb\xa0\x28</data></write>
    <write><data>\x60\x88\x18\xe8</data></write>
    <write><data>\x11Z\x5d\xa0</data></write>
    <write><data>\xe0\x1d\xb8\xe8</data></write>
    <write><data>\x11\xba\xb0\x88</data></write>
    <write><data>\x11\x3b\xe0\xa8</data></write>
    <write><data>\xf8\x07\xe8\x08</data></write>
    <write><data>\x11\xb3\x27\xf8</data></write>
    <write><data>\x112J\xb0</data></write>
    <write><data>\x11\xca\x8e\xa8</data></write>
    <write><data>\x11\x10wh</data></write>
    <write><data>\x400xh</data></write>
    <write><data>\x88r8h</data></write>
    <write><data>\x11Osx</data></write>
    <write><data>x\x88\xe0\xc8</data></write>
    <write><data>\x28\x60\x10\xc0</data></write>
    <write><data>\x11\xb9Gx</data></write>
    <write><data>\x28\xb0\xa8\x90</data></write>
    <write><data>\x10\x88pX</data></write>
    <write><data>\x11\x27y\xb0</data></write>
    <write><data>\x11\xbf\x9d\xd0</data></write>
    <write><data>\x11M\xcf\xa0</data></write>
    <write><data>\x60\xc8\xe8\x00</data></write>
    <write><data>\x11\xa0\x19\xe0</data></write>
    <write><data>\x11\x82\xd1\xe8</data></write>
    <write><data>\x00\x60\xd88</data></write>
    <write><data>\x11\xbc\x27\x08</data></write>
    <write><data>\x11\xa1\x1e\xd0</data></write>
    <write><data>\x11k\x7dh</data></write>
    <write><data>\x11\x07h\x80</data></write>
    <write><data>\x81\xa8\x00\x00</data></write>
    <write><data>\x111\x7ch</data></write>
    <write><data>\xc0x8x</data></write>
    <write><data>\xf0S\x10\xf8</data></write>
    <write><data>\x11\x10\x90p</data></write>
    <write><data>\x11C\x0a\xb0</data></write>
    <write><data>\x11\x05\xfcH</data></write>
    <write><data>\x11c?\xd0</data></write>
    <write><data>\x11\x5b\x14x</data></write>
    <write><data>P\x88\xa0\x98</data></write>
    <write><data>\xf8B\x00\x08</data></write>
    <write><data>\x11\xf2a\xf0</data></write>
    <write><data>x\x98\xa8\x10</data></write>
    <write><data>\x81\x95\x01\x00</data></write>
    <write><data>\x18H\x00\x28</data></write>
    <write><data>\x11\x13\x7d\x40</data></write>
    <write><data>\x11Jz\xe8</data></write>
    <write><data>\x11ub\x28</data></write>
    <write><data>\x11\xd0\x82\x98</data></write>
    <write><data>\x11\x0d\x0c\x40</data></write>
    <write><data>\x11ek\xc8</data></write>
    <write><data>\x11W\x1a\x60</data></write>
    <write><data>\x11\x5e\xfcH</data></write>
    <write><data>\x11Y\xf2\x80</data></write>
    <write><data>\x11\x23\xe2\x98</data></write>
    <write><data>\x11\x5e\x1c\x98</data></write>
    <write><data>\x11\x7b\xf0\xc0</data></write>
    <write><data>\x11\xd5\x12\xb0</data></write>
    <write><data>\x88\xa7\xf88</data></write>
    <write><data>\xa8\xe70\xd0</data></write>
    <write><data> \xb0\xd8\xd8</data></write>
    <write><data>\xd0U\xc0\xd8</data></write>
    <write><data>\x08\xc0\x18p</data></write>
    <write><data>\x98\xa5\xd0\x08</data></write>
    <write><data>\x11\x12\xd0\x00</data></write>
    <write><data>\x11\xed\xb0\xb8</data></write>
    <write><data>\x11A\xf7\x98</data></write>
    <write><data>\x11\x89\x10P</data></write>
    <write><data>\x11S\x2d\x18</data></write>
    <write><data>\x11\x89e\xe8</data></write>
    <write><data>P8p\x40</data></write>
    <write><data>h\x108\xb0</data></write>
    <write><data>\x10\x90\xc0h</data></write>
    <write><data>\xb8\x9e\xc0X</data></write>
    <write><data>\x08\x18\xb8\x08</data></write>
    <write><data>\x1189\xc8</data></write>
    <write><data>\x11AMH</data></write>
    <write><data>\x11\x8ea\x90</data></write>
    <write><data>\x89\xd9\x00\x98</data></write>
    <write><data>\x11\x1bcX</data></write>
    <write><data>\x11.\xd1\x60</data></write>
    <write><data>\xb0h H</data></write>
    <write><data>\x11\x8en\xe0</data></write>
    <write><data>\x11\xa4\xf5\xf8</data></write>
    <write><data>p\x88\x28\xe8</data></write>
    <write><data>\xd0\x1c\xd0\xc8</data></write>
    <write><data>\x11\x15\x1e\x10</data></write>
    <write><data>\xa8\xbf \x40</data></write>
    <write><data>\x11\xac\x91\x00</data></write>
    <write><data>\x81u\x00\x00</data></write>
    <write><data>\x18\x88\x00X</data></write>
    <write><data>0\xc8\x80\xd8</data></write>
    <write><data>\x81\x2f\x01\x00</data></write>
    <write><data>8\xf0\xf0\xf8</data></write>
    <write><data>\x11m \x00</data></write>
    <write><data>\x60\x98xx</data></write>
    <write><data>\x11\xf6\x3d\x90</data></write>
    <write><data>\x11xfH</data></write>
    <write><data>p\x88\x80\x28</data></write>
    <write><data>\x11V\xdeP</data></write>
    <write><data>\x81\x02\x02\x00</data></write>
    <write><data>\x98\xeb\x18P</data></write>
    <write><data>\x11\x03F\xb0</data></write>
    <write><data>x\xf8\xa8\xc0</data></write>
    <write><data>\x11\xa1\xc5\xf8</data></write>
    <write><data>\xa8\x8d\x40\xc0</data></write>
    <write><data>Hh\xa08</data></write>
    <write><data>p \xe0\x88</data></write>
    <write><data>\x11\xf6\x06\x60</data></write>
    <write><data>\x00p\x90p</data></write>
    <write><data>x\xc8\xd80</data></write>
    <write><data>\xa0\x038\x18</data></write>
    <write><data>\x11\xbf\x7f\xf0</data></write>
    <write><data>\xd0\xd5\xa8x</data></write>
    <write><data>\x11\xcc\x87H</data></write>
    <write><data>\x11t\x18\xe0</data></write>
    <write><data>\xd0\xe7\xa0\xb8</data></write>
    <write><data>\xe0\xf2\xe8\xf8</data></write>
    <write><data>\xe0Ep\xe8</data></write>
    <write><data>\xf8\x9e\xf8\xa8</data></write>
    <write><data>\x11\x2d\xd30</data></write>
    <write><data>\x11Y\x3b\xe8</data></write>
    <write><data>\xe8\x0c\xe0\x60</data></write>
    <write><data>\x112eh</data></write>
    <write><data>\x11p\x17\xb8</data></write>
    <write><data>\x11Gn\xf8</data></write>
    <write><data>\x11\xd3\x10H</data></write>
    <write><data>\xd8\xf9\xf0\xc0</data></write>
    <write><data>\x11g\x99\xf8</data></write>
    <write><data>\xe84\x28\x90</data></write>
    <write><data>\x11\xa8\xed\xb0</data></write>
    <write><data>\xe0\xb0p\xc0</data></write>
    <write><data>\x88I\xa8\x28</data></write>
    <write><data>\x11\x97L\x98</data></write>
    <write><data>phH\xf8</data></write>
    <write><data>\x40\xd000</data></write>
    <write><data>\x110L\xa8</data></write>
    <write><data>\x1147H</data></write>
    <write><data>\xe8H0\xf8</data></write>
    <write><data>\x11\x91\xb4\xc0</data></write>
    <write><data>\x08x0\xe8</data></write>
    <write><data>\x11\x9d\xff\xe0</data></write>
    <write><data>\xc0\xe1\xb8P</data></write>
    <write><data>\x11\x3c\x0e\x88</data></write>
    <write><data>\x11\x81G\xe8</data></write>
    <write><data>\x11\x0f\xa7\xa8</data></write>
    <write><data>\x89\x40\x02\x18</data></write>
    <write><data>\x11\xd1\xdf\x80</data></write>
    <write><data>x\x08\xc0\x18</data></write>
    <write><data>\x11\x1d\x16\x90</data></write>
    <write><data>\x11\x26\xef\x80</data></write>
    <write><data>\x11\x0dF </data></write>
    <write><data>\x10p\x408</data></write>
    <write><data>\x11\x05\xae </data></write>
    <write><data>\x08\x10P\xd8</data></write>
    <write><data>\x88\x7dP\xf8</data></write>
    <write><data>\x11\xb5\x8a0</data></write>
    <write><data>\xd0X\x18\xe0</data></write>
    <write><data>\x11\x5e\xda\xe8</data></write>
    <write><data>\x11\xa9H\x90</data></write>
    <write><data>\x11\xea\xc5\x28</data></write>
    <write><data>H\xa0\x18\x18</data></write>
    <write><data>\x11\x3dC\xd8</data></write>
    <write><data>\x98\x7b\x288</data></write>
    <write><data>\x000\xd8\x10</data></write>
    <write><data>\x11\xe2\xcb\xa0</data></write>
    <write><data>\x11\xb2\xff\xb8</data></write>
    <write><data>h\x98\xb8\xf0</data></write>
    <write><data>\x11\xd6\xd4\x40</data></write>
    <write><data>\xc0N\x10\xb8</data></write>
    <write><data>\x11\xfdR\xd8</data></write>
    <write><data>\x11\xf3R\x80</data></write>
    <write><data>\xf86\x90\xe8</data></write>
    <write><data>\x28\x18H\x90</data></write>
    <write><data>\x11\x7cq\xc8</data></write>
    <write><data>\xd0\xd9\x80p</data></write>
    <write><data>\xe8\x16pp</data></write>
    <write><data>\x11C\xd3\x60</data></write>
    <write><data>\x11z\x9e\xb0</data></write>
    <write><data>\xb0\xcb\xb0\xc0</data></write>
    <write><data>\x98\xfe\x40x</data></write>
    <write><data>\xb8\x2d\x80\xe0</data></write>
    <write><data>\xb8\xa1xx</data></write>
    <write><data>XP\x88\xd8</data></write>
    <write><data>\x60\xd8\x18\xc0</data></write>
    <write><data>\xe8\x92\xb8x</data></write>
    <write><data>\x11x\x97\xe0</data></write>
    <write><data>P\x98\x98h</data></write>
    <write><data>\x11s\x07\x18</data></write>
    <write><data>\x11\xcep\x08</data></write>
    <write><data>\x89\x27\x01\x10</data></write>
    <write><data>\x11a\xb4\x80</data></write>
    <write><data>H\x08\x28\x88</data></write>
    <write><data> \xf0\x400</data></write>
    <write><data>\x11\xb5\x40\xe0</data></write>
    <write><data>\xc8\x80\x18\x90</data></write>
    <write><data>\x11p\xeb\x18</data></write>
    <write><data>\x08\x98\xc08</data></write>
    <write><data>\x11\xa4\xfe\x00</data></write>
    <write><data>\x80\xfe\xd0P</data></write>
    <write><data>\x11\xaf\xfc\xe0</data></write>
    <write><data>\x11\xc9L\x60</data></write>
    <write><data>\x40\xa00 </data></write>
    <write><data>\x11\x1a\xc0\x00</data></write>
    <write><data> \xd0\xc8\xf8</data></write>
    <write><data>0\xe8\x90\xa8</data></write>
    <write><data>\x81S\x01\x00</data></write>
    <write><data>\x11\x94\xee\xb0</data></write>
    <write><data>\x11\x11\x0c8</data></write>
    <write><data>\x89\x01\x02\xc0</data></write>
    <write><data>\x11\x2f\x1d\xa8</data></write>
    <write><data>H\xc8\x98\xd0</data></write>
    <write><data>\x11\xc0Gp</data></write>
    <write><data>X\x40\x88H</data></write>
    <write><data>\x11c\x2b\x08</data></write>
    <write><data>\x11\x5f\xab\xa0</data></write>
    <write><data>\x80\x15\xb0\x80</data></write>
    <write><data>\x28\xa0\xd8\x90</data></write>
    <write><data>\xf0\xfe\x18\xa8</data></write>
    <write><data>\xd0xXh</data></write>
    <write><data>\x11t\x09\xf0</data></write>
    <write><data>\x11\x2fjp</data></write>
    <write><data>\x11\xb0\xc8\x08</data></write>
    <write><data> \x00\xe8 </data></write>
    <write><data>\xe8\x910\xb0</data></write>
    <write><data>\x98\x3eH\xd8</data></write>
    <write><data>\x11Q\x8ch</data></write>
    <write><data>\xc8\x0b\x10x</data></write>
    <write><data>\x11\xb2hP</data></write>
    <write><data>\x11\xc5\x14x</data></write>
    <write><data>\xc8\x98\x280</data></write>
    <write><data>00p\x98</data></write>
    <write><data>\x11\xea\xb2\x18</data></write>
    <write><data>\xe8\x13 \x98</data></write>
    <write><data>\x1182 </data></write>
    <write><data>\xc8\xbf\xa8\xf8</data></write>
    <write><data>\x11a\x5ex</data></write>
    <write><data>\xe8\xd6\xf08</data></write>
    <write><data>\x11\xdf\xd3h</data></write>
    <write><data>\xa8\x85\x40\xc8</data></write>
    <write><data>\x11q88</data></write>
    <write><data>0\x90\xf0\xe8</data></write>
    <write><data>\xa0\xd0XH</data></write>
    <write><data>\xa8\x7f\x88\xe0</data></write>
    <write><data>\x11Z\x2a\xb8</data></write>
    <write><data>\xd0\x07\xe0H</data></write>
    <write><data>\x98P\x98p</data></write>
    <write><data>\xb84\xd8\xf0</data></write>
    <write><data>\x18\x10H\xc8</data></write>
    <write><data>\x11\x11\xb6\x00</data></write>
    <write><data>\x00\xe0\xa8\xc0</data></write>
    <write><data>\x11\x05\xc1\xc0</data></write>
    <write><data>\x11\xab\xc0H</data></write>
    <write><data>\x11\x1a\x26P</data></write>
    <write><data>\x81\xf0\x00\x00</data></write>
    <write><data>\x11\xce\xa9\x80</data></write>
    <write><data>\x10\xe0x\x80</data></write>
    <write><data>\x10\xd0\xe0\xc0</data></write>
    <write><data>\x11\x11u\x18</data></write>
    <write><data>\x11v\xea\x40</data></write>
    <write><data>\x11\xe5X\xb0</data></write>
    <write><data>\x11\xbc\x5e\xc8</data></write>
    <write><data>\x11V\x00\x60</data></write>
    <write><data>\x11O\x22\x98</data></write>
    <write><data>\xc0H \x98</data></write>
    <write><data>\x40\xa8\x00p</data></write>
    <write><data>\x00\xf0\x80X</data></write>
    <write><data>\x11\x5f\xdfx</data></write>
    <write><data>\x11\xac\x19\xf0</data></write>
    <write><data>0\xd8\xd8\x90</data></write>
    <write><data>\x11\xff9\x28</data></write>
    <write><data>\x11\xcd7\xe8</data></write>
    <write><data>\xc8Fx\xb8</data></write>
    <write><data>H\xf8H\xa8</data></write>
    <write><data>\x00\x40\xc8\xe0</data></write>
    <write><data>\xd8\x3b\x90\x40</data></write>
    <write><data>\x118\x85\xf8</data></write>
    <write><data>\x11\x40Q </data></write>
    <write><data>\x11\x0e\x06P</data></write>
    <write><data>PHHh</data></write>
    <write><data>\x28x\xb08</data></write>
    <write><data>\x11\x81\xea\x08</data></write>
    <write><data>\xe8\x14x\xe8</data></write>
    <write><data>\x11\x1fs\xb0</data></write>
    <write><data>\x11\xaa\x3b0</data></write>
    <write><data>\x81\x1c\x00\x00</data></write>
    <write><data>\x11\x5d\xba\x10</data></write>
    <write><data>\x11\x7d9\xb0</data></write>
    <write><data>\x60\xb8\x600</data></write>
    <write><data>\xf8\xaaP\xf0</data></write>
    <write><data>\x28\x28\x10\xe0</data></write>
    <write><data>\x11\xd0\xb4p</data></write>
    <write><data>\xf0\x5c\xf0\x98</data></write>
    <write><data>h\xf0\xb8x</data></write>
    <write><data>\xb8\x40\xc8\xe0</data></write>
    <write><data>\x18H\x88\x40</data></write>
    <write><data>X\x88\xd0\xb8</data></write>
    <write><data>\x11\xddE\xa8</data></write>
    <write><data>\x81\xa8\x01\x00</data></write>
    <write><data>PP\xb08</data></write>
    <write><data>\x81\xb2\x01\x00</data></write>
    <write><data>\x11\x7f\xb0\xb0</data></write>
    <write><data>\x11qV\xe0</data></write>
    <write><data>p\x98\xf8\x90</data></write>
    <write><data>\xc0\x96p\xe0</data></write>
    <write><data>H\x90\x80X</data></write>
    <write><data>\x11\xb3\xe2h</data></write>
    <write><data>\x11\xc9\xe2\x18</data></write>
    <write><data>x\x10\xa8\x00</data></write>
    <write><data>\x98\x07\xb8\xc0</data></write>
    <write><data>\x113\x2bp</data></write>
    <write><data>\x11d\xdb\xc0</data></write>
    <write><data> \x18\xd0\xe8</data></write>
    <write><data>\x11\xa6yx</data></write>
    <write><data>\x11\x0e\x99\xb8</data></write>
    <write><data>\x60\x88\x60\xf8</data></write>
    <write><data>p8\x88\x80</data></write>
    <write><data>\x28X\x980</data></write>
    <write><data>\x11\x40\xd4H</data></write>
    <write><data>\x40\xe0\xe08</data></write>
    <write><data>\xf0O8\xc8</data></write>
    <write><data>\x11PGX</data></write>
    <write><data>\x11\xfcg0</data></write>
    <write><data>\x90\xcc \x28</data></write>
    <write><data>\x11vm\x98</data></write>
    <write><data>\x11\xb6zP</data></write>
    <write><data>\x81G\x03\x00</data></write>
    <write><data>\x11z\x7f\x08</data></write>
    <write><data>\x18\xc0\xc0\xc0</data></write>
    <write><data>\x11\x2f\x8a </data></write>
    <write><data>p\x88p\x88</data></write>
    <write><data>\x11y\xf5\x00</data></write>
    <write><data>\xf8\xe1\xc8\xb0</data></write>
    <write><data>\x11\x06q\xf0</data></write>
    <write><data>\x90\xc7\xc8\x98</data></write>
    <write><data>\xa8V\x00\xc8</data></write>
    <write><data>\x11\x130\x08</data></write>
    <write><data>\x81v\x02\x00</data></write>
    <write><data>\x11I\x2a\xc0</data></write>
    <write><data>\x89\xbd\x02\xe0</data></write>
    <write><data>\x11\xd6\xcd\xa8</data></write>
    <write><data>\xd0\xa8p8</data></write>
    <write><data>0\x88\xf0\xd8</data></write>
    <write><data>\x10\x40\xe8p</data></write>
    <write><data>hP\x08\xe0</data></write>
    <write><data>\x11\x7d\xc5\xb8</data></write>
    <write><data>\xa0\x9c\x00\x00</data></write>
    <write><data>\x11\x8f\x85\x60</data></write>
    <write><data>\x11\x01\x9bP</data></write>
    <write><data>\x08\x90\xa0x</data></write>
    <write><data>\x10pP\x88</data></write>
    <write><data>\x11z\x1c\xb8</data></write>
    <write><data>\xd8\xdb\xc0\xf8</data></write>
    <write><data>\x11\x2dY\x00</data></write>
    <write><data> \x80\x10\x28</data></write>
    <write><data>\xb8S\xb0\xe0</data></write>
    <write><data>\x60\xf0H8</data></write>
    <write><data>\xd0\xf78\xe0</data></write>
    <write><data>\x11\xff\x88x</data></write>
    <write><data>\xb0\x09\xa8\xf0</data></write>
    <write><data>\x11\x8a\xba\xe0</data></write>
    <write><data>\x11\xa8\xbd0</data></write>
    <write><data>\x11r\xe7X</data></write>
    <write><data>\xf0op\x88</data></write>
    <write><data>\x11\xcb\x2c\xe8</data></write>
    <write><data>\x11\x2a\xeb\x80</data></write>
    <write><data>8\xe8\xc0H</data></write>
    <write><data>\xc8\x89\x10 </data></write>
    <write><data>\x08p\xc0\x00</data></write>
    <write><data>\x08\xc0\xc8\x98</data></write>
    <write><data>\x00\xd8\x80h</data></write>
    <write><data>\xd0d\xc0\x10</data></write>
    <write><data>\x11C\x28\x10</data></write>
    <write><data> \xb8X0</data></write>
    <write><data>\x08\xe8\x98p</data></write>
    <write><data>\x10\xd0P\x08</data></write>
    <write><data>\x11\xbd\xb6\xd0</data></write>
    <write><data>\x11\xd4\xbf\x90</data></write>
    <write><data>\xe0c8\xe8</data></write>
    <write><data>\x11I\x05\x08</data></write>
    <write><data>\x89\x7e\x03H</data></write>
    <write><data>x\xd0\xa0\x98</data></write>
    <write><data>\x11\x0f\x3dX</data></write>
    <write><data>\x11\xe1\xa4x</data></write>
    <write><data>x\xd0\xe00</data></write>
    <write><data>\x11\x26\xc2\x18</data></write>
    <write><data>\x11d\xb4\xc0</data></write>
    <write><data>\x00\x980\xc8</data></write>
    <write><data>\x11\x8e\xe4\x40</data></write>
    <write><data>\x11y\xfa\x90</data></write>
    <write><data>\xd0\xe5\xd8p</data></write>
    <write><data>0\xa088</data></write>
    <write><data> \xd8\x00\xd8</data></write>
    <write><data>\x00\xa0xp</data></write>
    <write><data>\x11\xd1\x2f\x10</data></write>
    <write><data>\x81\xd3\x01\x00</data></write>
    <write><data>\xc0I \x90</data></write>
    <write><data>\xd8\xc1\x88\xf0</data></write>
    <write><data>\x11e\xbd\xe0</data></write>
    <write><data>\x11\xba\xc2\x08</data></write>
    <write><data>\x11\xbbs\x80</data></write>
    <write><data>\xf8\x8d\x28\xf8</data></write>
    <write><data>\x11\xdb\x93\xc0</data></write>
    <write><data>\x11\xf7\xdb\xb8</data></write>
    <write><data>\x11\x7c\xdbh</data></write>
    <write><data>\x10ph\x98</data></write>
    <write><data>p\xb8p\x08</data></write>
    <write><data>\x11\x92\x2c\x08</data></write>
    <write><data>\xc8\xd8\xd8p</data></write>
    <write><data>\x11\x0a\x8f\x90</data></write>
    <write><data>\xa0!X\xa8</data></write>
    <write><data>\x11\x1b\xb2\xd8</data></write>
    <write><data>\x11\xce\xffx</data></write>
    <write><data>\x28\x88xh</data></write>
    <write><data>\xc0\x23\x90\x40</data></write>
    <write><data>pX0\x88</data></write>
    <write><data>\x11\xa7\x15\x98</data></write>
    <write><data>\x11B\x858</data></write>
    <write><data>\x11P\xc8\x10</data></write>
    <write><data>\xd0\x88\xd8\xe8</data></write>
    <write><data>\xb0\x14\xa0\xa0</data></write>
    <write><data>\x11\x5eA\xc0</data></write>
    <write><data>\x11\xb1x\x40</data></write>
    <write><data>\x11\xdc x</data></write>
    <write><data>\xb8E\xc0P</data></write>
    <write><data>\x89O\x01\x90</data></write>
    <write><data>\x11\xfb\x9d\x80</data></write>
    <write><data>\x11\xa4:p</data></write>
    <write><data>\x117c\x98</data></write>
    <write><data>\x81\x88\x01\x00</data></write>
    <write><data>h\x40\xf0 </data></write>
    <write><data>\x11\xfen\xf8</data></write>
    <write><data>\xa0\xb2\xb8\x18</data></write>
    <write><data>\x98\x87\xb8h</data></write>
    <write><data>\x11\xfb\x26\x88</data></write>
    <write><data>\x11F\x89p</data></write>
    <write><data>\xb0\x09\xd0H</data></write>
    <write><data>\x11\xfd\x9a\xe8</data></write>
    <write><data>\x11\x89 \x90</data></write>
    <write><data>\x11RHX</data></write>
    <write><data>\x11YnX</data></write>
    <write><data>\x11\xbcvX</data></write>
    <write><data>\x11\x29\x9a\xa8</data></write>
    <write><data>\x11\x23j8</data></write>
    <write><data>\x60\xd8\xe0\xb8</data></write>
    <write><data>\xc8\x28\x28X</data></write>
    <read><delim>\x0a</delim><match><data>\x3d\x3d\x3d\x3d\x3d\x3d\x3d\x3d\x3d\x3d\x3d\x3d\x3d\x3d\x3d\x3d\x3d\x3d\x3d\x3d\x3d\x3d\x3d\x3d\x3d\x3d\x3d\x3d\x3d\x3d\x3d\x3d\x3d\x3d\x3d\x3d\x3d\x3d\x3d\x3d\x3d\x3d\x3d\x3d</data></match></read>
    <read><delim>\x0a</delim><match><data>R0:\x090x00000000\x09R1:\x090x0000af84</data></match></read>
    <read><delim>\x0a</delim><match><data>R2:\x090x00004df1\x09R3:\x090x0000c804</data></match></read>
    <read><delim>\x0a</delim><match><data>R4:\x090x00000000\x09R5:\x090x00002039</data></match></read>
    <read><delim>\x0a</delim><match><data>R6:\x090x00005d65\x09R7:\x090x00000000</data></match></read>
    <read><delim>\x0a</delim><match><data>R8:\x090x00002400\x09R9:\x090x00004e6d</data></match></read>
    <read><delim>\x0a</delim><match><data>R10:\x090x000063bb\x09R11:\x090x0000d08c</data></match></read>
    <read><delim>\x0a</delim><match><data>R12:\x090x00001106\x09R13:\x090x0000c0ae</data></match></read>
    <read><delim>\x0a</delim><match><data>R14:\x090x0000f3d0\x09R15:\x090x00000000</data></match></read>
    <read><delim>\x0a</delim><match><data>R16:\x090x00007451\x09R17:\x090x00000000</data></match></read>
    <read><delim>\x0a</delim><match><data>R18:\x090x00005ce1\x09R19:\x090x0000dbad</data></match></read>
    <read><delim>\x0a</delim><match><data>R20:\x090x00000051\x09R21:\x090x000022fa</data></match></read>
    <read><delim>\x0a</delim><match><data>R22:\x090xd1440000\x09R23:\x090x0000bdf4</data></match></read>
    <read><delim>\x0a</delim><match><data>R24:\x090x00004d05\x09R25:\x090x0000acee</data></match></read>
    <read><delim>\x0a</delim><match><data>R26:\x090x0000a042\x09R27:\x090x000000fd</data></match></read>
    <read><delim>\x0a</delim><match><data>R28:\x090xfffff23a\x09R29:\x090x0000d08c</data></match></read>
    <read><delim>\x0a</delim><match><data>R30:\x090x0000bdf4\x09R31:\x090xfffff23a</data></match></read>
    <read><delim>\x0a</delim><match><data>PC:\x090x00000058</data></match></read>
    <read><delim>\x0a</delim><match><data>\x3d\x3d\x3d\x3d\x3d\x3d\x3d\x3d\x3d\x3d\x3d\x3d\x3d\x3d\x3d\x3d\x3d\x3d\x3d\x3d\x3d\x3d\x3d\x3d\x3d\x3d\x3d\x3d\x3d\x3d\x3d\x3d\x3d\x3d\x3d\x3d\x3d\x3d\x3d\x3d\x3d\x3d\x3d\x3d</data></match></read>
</replay>
</pov>