<?xml version="1.0" standalone="no" ?>
<!DOCTYPE pov SYSTEM "/usr/share/cgc-docs/replay.dtd">
<pov>
<cbid>service</cbid>
<seed>29ac2ee3c3660a1bcf0ed0c1c59243c0de8b09bdbc05ce1db7f2f2b7753ec1f8faf871ad708d68abf4df33d0fc58a569</seed>
<replay>
    <delay>50</delay>
    <write><data>\xc1\x02\x00\x00</data></write>
    <write><data>\x11\x06\xca\x10</data></write>
    <write><data>\x11\xb8lh</data></write>
    <write><data>\x11\xa3\xce\xb0</data></write>
    <write><data>\x98\xdc \x88</data></write>
    <write><data>\x11\xe4\x9b\x00</data></write>
    <write><data>\x11\xfd\x13\x10</data></write>
    <write><data>\x11uD\xc8</data></write>
    <write><data>\x112\x11\xb0</data></write>
    <write><data>\x11\x3d\xfa </data></write>
    <write><data>H\x60p\x40</data></write>
    <write><data>\x11\x8c\x03x</data></write>
    <write><data>\x180hH</data></write>
    <write><data>\xf8\x7f\xc8\xf0</data></write>
    <write><data>\xc8\xb0\x08X</data></write>
    <write><data>\x11M\xd3\xa0</data></write>
    <write><data>H\xe8\xe0\xa8</data></write>
    <write><data>\x11\x2a\xb2\x28</data></write>
    <write><data>\xe0G\xf8\xc8</data></write>
    <write><data>\x18P\xe8\x80</data></write>
    <write><data>\xc8\xce\x98x</data></write>
    <write><data>\x11\x96?P</data></write>
    <write><data>\x11\xcf\x8a\x00</data></write>
    <write><data>\xd0\xf7P\xf0</data></write>
    <write><data>\xa8\x00\xc8\xd0</data></write>
    <write><data>\xd0\xe9hH</data></write>
    <write><data>\xa8t\xc88</data></write>
    <write><data>\x11\x03\xf7X</data></write>
    <write><data>\x80U0\x90</data></write>
    <write><data>\xf0b\xb8\x18</data></write>
    <write><data>x\xf8\xb0\xa0</data></write>
    <write><data>P\xe8\x40\x98</data></write>
    <write><data>\xe0\xf5\xd8\xa0</data></write>
    <write><data>Hxh\xa8</data></write>
    <write><data>8x\xb8\x98</data></write>
    <write><data>\x11\x97\x19\x80</data></write>
    <write><data>\xd82\xf0\xd8</data></write>
    <write><data>\x11\x7c\xd1\x90</data></write>
    <write><data>8\x90H\x28</data></write>
    <write><data>\x89\x02\x00\x88</data></write>
    <write><data>\x11\xa76\x00</data></write>
    <write><data>\x28 X\x80</data></write>
    <write><data>\x11\x8eR\x40</data></write>
    <write><data>\x11\x17  </data></write>
    <write><data>\xa8\xfc X</data></write>
    <write><data>h\xc8P\x28</data></write>
    <write><data>\xc83\xc8 </data></write>
    <write><data>\x11\x1f\xea\xf0</data></write>
    <write><data>\x00\xf8\x80\xe0</data></write>
    <write><data>\x11l\xd80</data></write>
    <write><data>\x11\x04\x9aX</data></write>
    <write><data>\x11a\xd4\xa0</data></write>
    <write><data>\x11\xdc\xd2\xf0</data></write>
    <write><data>\x11\xe2\xefH</data></write>
    <write><data>\x11\xb4v\xa0</data></write>
    <write><data>\x00\xf8\xe0\xb8</data></write>
    <write><data>\x11c\x1d\xb8</data></write>
    <write><data>\xc0\x3d\xe88</data></write>
    <write><data>\x11\xe72\x10</data></write>
    <write><data>\x11\x60\x1cP</data></write>
    <write><data>\x11l\xd10</data></write>
    <write><data>p\xf0\x18\xf0</data></write>
    <write><data>\x896\x00p</data></write>
    <write><data>\x11r\xf1\xa0</data></write>
    <write><data>\xa0\xf6\xa0\xd8</data></write>
    <write><data>\xf0\x15\xb0\x90</data></write>
    <write><data>\x11\x14\xdd\x98</data></write>
    <write><data>\x11\x3b\x2a\x28</data></write>
    <write><data>\x11pZ\xb0</data></write>
    <write><data>\x11\x99\x5b\x00</data></write>
    <write><data>\x11\xd5\x25\x40</data></write>
    <write><data>\x98\x7f\x28\x80</data></write>
    <write><data>pP\xe0\xa8</data></write>
    <write><data>\x11\xec\x2f\xf0</data></write>
    <write><data>\x899\x00\x60</data></write>
    <write><data>8 \xa8\xd0</data></write>
    <write><data>\x60\xd0\x88\x40</data></write>
    <write><data>\x11\x27\xc5\xa8</data></write>
    <write><data>\xb0\x86\xc0H</data></write>
    <write><data>\x11\x23\x7b\xb8</data></write>
    <write><data>\x11\x06 0</data></write>
    <write><data>\xd87\xe80</data></write>
    <write><data>hp h</data></write>
    <write><data>\x11\x0a\xfd\x18</data></write>
    <write><data>\x11\xca\x85\xa8</data></write>
    <write><data>\x11\xbc\x0e\xe8</data></write>
    <write><data>\x11\xc7\xda\xe8</data></write>
    <write><data>\x11\x18\x29\x10</data></write>
    <write><data>\x11\xf6\x0cX</data></write>
    <write><data>\x11\x7bT\xd8</data></write>
    <write><data>8\xb8\xd8\x60</data></write>
    <write><data>\x11\x87\x1f\xd0</data></write>
    <write><data>\x11\xf9i0</data></write>
    <write><data>P\x08\xd0\xa8</data></write>
    <write><data>\x11\xc9\x5d\x10</data></write>
    <write><data>\xd8\xec\x00H</data></write>
    <write><data>\x112\x18\xf0</data></write>
    <write><data>\x11\x17\x8dH</data></write>
    <write><data>\xf0\xcd\xb0\x40</data></write>
    <write><data>\xc8\x29\xa0\xd8</data></write>
    <write><data>\x81\x3c\x00\x00</data></write>
    <write><data>8\xa88\xd0</data></write>
    <write><data>\xa0\x13\x10\x98</data></write>
    <write><data>\x11\x10\x8d\xd0</data></write>
    <write><data>\x11\x60\xd3\x18</data></write>
    <write><data>\xe8\xbcx\x90</data></write>
    <write><data>\x11\x40\x0b </data></write>
    <write><data>\x88\xa2\x80\x98</data></write>
    <write><data>\x11?\x81\xc8</data></write>
    <write><data>\x11\xb9\x09\xe8</data></write>
    <write><data>\x11\x40\xef\xe8</data></write>
    <write><data>xX\x90\xc8</data></write>
    <write><data>\x10\xa0\x40\xe0</data></write>
    <write><data>\x08\x18h\x60</data></write>
    <write><data>\x11\x96\xf1\x80</data></write>
    <write><data>P0\xc8X</data></write>
    <write><data>\x11\xe7VP</data></write>
    <write><data>\x11\xdb\x3b\xd8</data></write>
    <write><data>\xb8\xb4\x10\xe0</data></write>
    <write><data>\xb8\xe1\xb0 </data></write>
    <write><data>\xe8S0P</data></write>
    <write><data>\x11\x8d\x95 </data></write>
    <write><data>8X\xf0\xd0</data></write>
    <write><data>\x11jc\x40</data></write>
    <write><data> \xc0\x80\xd0</data></write>
    <write><data>\x11\xed?\xd0</data></write>
    <write><data>x\xb0\x98\x00</data></write>
    <write><data>\x60\x10P\xe0</data></write>
    <write><data>\x89\x1d\x00\x90</data></write>
    <write><data>\x11\xce\x80p</data></write>
    <write><data>\x11\x7cE\x98</data></write>
    <write><data>\x11\xbc\x26\xc0</data></write>
    <write><data>x\xd8\xd0\x88</data></write>
    <write><data>\xa8\xcb\xf8\xa0</data></write>
    <write><data>\x11\x0d\xb2\xd8</data></write>
    <write><data>\x11rC\xe0</data></write>
    <write><data>\x11\x86\xfb\x98</data></write>
    <write><data>\x98l\xd0\x60</data></write>
    <write><data>\x11\xda\x0a\x90</data></write>
    <write><data>\x11\xbc\xf3\xd8</data></write>
    <write><data>\x81m\x00\x00</data></write>
    <write><data> \xf8p\xd8</data></write>
    <write><data>xX\xa0\x88</data></write>
    <write><data>\xd8\x7c\x888</data></write>
    <write><data>\x18\xf0\x98\x40</data></write>
    <write><data>\x81\x2d\x00\x00</data></write>
    <write><data>\x11\xfe\x7b\x08</data></write>
    <write><data>0\x28\x18\xd8</data></write>
    <write><data>P\xc0H\x00</data></write>
    <write><data>\x11\x5f\x85\x88</data></write>
    <write><data>\x11\xa9k\xe0</data></write>
    <write><data>\xf8\xf80\xd0</data></write>
    <write><data>\x11\xe2\x5e\x40</data></write>
    <write><data> \xf8\x28\x98</data></write>
    <write><data>\x11y\xdax</data></write>
    <write><data>\xa8\x86\x90p</data></write>
    <write><data>\xb8A\xf8\x18</data></write>
    <write><data>\x40\x98p\x90</data></write>
    <write><data>\xa8\x2d\xf00</data></write>
    <write><data>\x10\x08X\xa0</data></write>
    <write><data>hH8\xf0</data></write>
    <write><data>\x11\xa4\xc0\x00</data></write>
    <write><data>\x11\x17\x83\x40</data></write>
    <write><data>\x10\xa0\xf8\x18</data></write>
    <write><data>\xc0\xd5\xc8X</data></write>
    <write><data>\x98\xf4h\xf8</data></write>
    <write><data>\x80\xcc\x10x</data></write>
    <write><data>x\xe0\xd8\xd8</data></write>
    <write><data>\xc8\x18\xc0\x00</data></write>
    <write><data>\x11\x07P\xd8</data></write>
    <write><data>\x11\x03\x98h</data></write>
    <write><data>\xe0\x86 \x88</data></write>
    <write><data>\x11\x22\xe8H</data></write>
    <write><data>\x11\x27\x9eX</data></write>
    <write><data>\x11\x244\xb0</data></write>
    <write><data>\x11P\xd2\x90</data></write>
    <write><data>\x40x8\xa0</data></write>
    <write><data>\xf0\x23\x008</data></write>
    <write><data>\x11\x81gp</data></write>
    <write><data>X\xd0\x80\xc0</data></write>
    <write><data>X\x18\x80\x28</data></write>
    <write><data>\x11uJ\xe8</data></write>
    <write><data>\x11\x5e\x17H</data></write>
    <write><data>p\x88\x08x</data></write>
    <write><data>0x\xb80</data></write>
    <write><data>\x11\x2a\xbf\x08</data></write>
    <write><data>\x11\x09\x86\xf8</data></write>
    <write><data>\x11\xaeMX</data></write>
    <write><data>\x98\xab\xb0\x10</data></write>
    <write><data>P\xd8h\xb0</data></write>
    <write><data>\x11Q\xe4\x60</data></write>
    <write><data>\xd8\xe4\xb8\x98</data></write>
    <write><data>\x11\x8a\x0a\x08</data></write>
    <write><data>\x10x\x28\xc0</data></write>
    <write><data>88\x88X</data></write>
    <write><data>\x08\x18 \x18</data></write>
    <write><data>\x90D\x90\x90</data></write>
    <write><data>\xb0\xf9\xe8\xa8</data></write>
    <write><data>\x11\x1a\x85\xe0</data></write>
    <write><data>\x11\xcdp\xc0</data></write>
    <write><data>h\xa0\x00\x80</data></write>
    <write><data>\x11\x8a\x15\x60</data></write>
    <write><data>\x11\xe3\x2dP</data></write>
    <write><data>\x11\x96dx</data></write>
    <write><data>\x885\xa0\xc0</data></write>
    <write><data>\x11:\x86\x08</data></write>
    <write><data>\x11\x23\xeb0</data></write>
    <write><data>\x11\xfb\xcd\xa8</data></write>
    <write><data>\x11\xd9\xff\x98</data></write>
    <write><data>\xf0\xd9\xf0\xf0</data></write>
    <write><data>\xe8\x27\xd8X</data></write>
    <write><data>\x11\xff\x2a\x88</data></write>
    <write><data>\x90\x01\xc8\xd0</data></write>
    <write><data>p\xc8\xf88</data></write>
    <write><data>08H\x08</data></write>
    <write><data>p\xe0\x10\xf0</data></write>
    <write><data>\x89\xbf\x00\x00</data></write>
    <write><data>\x11\x23\xf3h</data></write>
    <write><data>\xf0\xe6\x90H</data></write>
    <write><data>\xc8\xf5\x00\x88</data></write>
    <write><data>\x11\xe5\x9c\x80</data></write>
    <write><data>\x11\x8d\x3d\x88</data></write>
    <write><data>\x89\x92\x00H</data></write>
    <write><data>\x608p\xb0</data></write>
    <write><data>\x112\x82\xd0</data></write>
    <write><data>\x11\xf7H\x80</data></write>
    <write><data>\x98\xf7\xd0\x28</data></write>
    <write><data>\x11N\xda\x40</data></write>
    <write><data>\x11\x18\x1b\x80</data></write>
    <write><data>\x11jyP</data></write>
    <write><data>\xf0\xea\x60\xe0</data></write>
    <write><data>\x80xHH</data></write>
    <write><data>00\x90\xa8</data></write>
    <write><data>\x11\xeb3\xe8</data></write>
    <write><data>\x11\x7d\x8b\xd8</data></write>
    <write><data>\x89\xa1\x00H</data></write>
    <write><data>\x60\x60\x18\x00</data></write>
    <write><data>X8\xc8\x90</data></write>
    <write><data>\x11\x91\xa0\x60</data></write>
    <write><data>\xa0\x0f\x90\xe8</data></write>
    <write><data>\x11\x86\xfb </data></write>
    <write><data>\x11\x8b\x2b\xa8</data></write>
    <write><data>\x11Oi\xd0</data></write>
    <write><data>\x18X\x60\x60</data></write>
    <write><data>\x11\xb8q\xf8</data></write>
    <write><data>hP\x10\x10</data></write>
    <write><data>\xb8\xf5xH</data></write>
    <write><data>0\xe8\xe0P</data></write>
    <write><data>\x11X\x12\xb0</data></write>
    <write><data>\x11\xe4\xc2\x00</data></write>
    <write><data>\x11\x9e\x1b\x98</data></write>
    <write><data>\x11x\xf0H</data></write>
    <write><data>\x40\xa8\x88h</data></write>
    <write><data>\xf0\x3d\xd0\x40</data></write>
    <write><data>\x11\x3d\x8dH</data></write>
    <write><data>\x60\x40\xa0X</data></write>
    <write><data>8\x60\x28\x80</data></write>
    <write><data>\x11\xf2\x07X</data></write>
    <write><data>\x89\xc3\x00\xa0</data></write>
    <write><data>\x11\xf8Z\xd8</data></write>
    <write><data>\x11\x0d\xda\x98</data></write>
    <write><data>\x11\x06nX</data></write>
    <write><data>\x88\x9d8\xd0</data></write>
    <write><data>\x11\xce\xf68</data></write>
    <write><data>\x11\xbfr\x10</data></write>
    <write><data>\xb0\xc9\xb8\x28</data></write>
    <write><data>\xb0\xd3\x28\xf8</data></write>
    <write><data>\x11k\x9d\x00</data></write>
    <write><data>x\x00\x60\xb8</data></write>
    <write><data>\x80\x2cPP</data></write>
    <write><data>\x11\xe4\x27\x60</data></write>
    <write><data>\x11:\x99\x88</data></write>
    <write><data>\x11\xb4\x0f\x40</data></write>
    <write><data>\x11a\xc0\xd0</data></write>
    <write><data>\x40\xd8\xd0\x28</data></write>
    <write><data>\x11\xceg\xe0</data></write>
    <write><data>\x11\xdcS\xe8</data></write>
    <write><data>\xa0yp\xa0</data></write>
    <write><data>\x60\x90\xa0\x80</data></write>
    <write><data>\x11\x12\xe1\xb0</data></write>
    <write><data>\x11\xff\x5bX</data></write>
    <write><data>\x60\xd0\xc88</data></write>
    <write><data>\x11\x9c\xd9x</data></write>
    <write><data>HH\xd0\x98</data></write>
    <write><data>\x11\xe4\xf6\xb0</data></write>
    <write><data>\x00\x40\x08\xf0</data></write>
    <write><data>\x11c\xf3\xc8</data></write>
    <write><data>x8\xb8\xe0</data></write>
    <write><data>\x11\xa7\x0f\xb8</data></write>
    <write><data>\x11\x07\xe1\xc0</data></write>
    <write><data>hh8\x60</data></write>
    <write><data>\xe0\xc0\x90\x00</data></write>
    <write><data>\x11i\xeap</data></write>
    <write><data>\x11\xd0\xcdp</data></write>
    <write><data>\x28\xe8X\x18</data></write>
    <write><data>\x11\xb8\xdb\xd8</data></write>
    <write><data>\x80\xe8\x28X</data></write>
    <write><data>\xf8Vx\x18</data></write>
    <write><data>X\x08\xc8\xd8</data></write>
    <write><data>\x11\x22V\x28</data></write>
    <write><data>\x00\x40\x98\x80</data></write>
    <write><data>\xc8\xa9pH</data></write>
    <write><data>\x11\x92\xb5\x60</data></write>
    <write><data>\x11\xeb\x9e\x80</data></write>
    <write><data>\x11\x5b\x5e\xa8</data></write>
    <write><data>0\x00h0</data></write>
    <write><data>\x89\xb5\x00h</data></write>
    <write><data>\x11\xf3\x84\xd0</data></write>
    <write><data>\x11\x22\x8f\x18</data></write>
    <write><data>\x89\xb2\x00X</data></write>
    <write><data>\x11\x3b\x8b\xc8</data></write>
    <write><data>\x11\x1b\x80\x80</data></write>
    <write><data>X\xf0P\xa8</data></write>
    <write><data>\x11\xc0\xd9X</data></write>
    <write><data>\x11\xf6\xfa\xf0</data></write>
    <write><data>\x11a\x8d\xd8</data></write>
    <write><data>\x11?\x83\x88</data></write>
    <write><data>\x11\x8dT\xa8</data></write>
    <write><data>\x90\x9b\x60\x60</data></write>
    <write><data>\x11\x09\xfd </data></write>
    <write><data>\x90\xf0 \x40</data></write>
    <write><data>\xa0\xc4X\xf0</data></write>
    <write><data>\x11\x16\x15x</data></write>
    <write><data>\xa0\x08\x08\xb0</data></write>
    <write><data>\xe0\x7bX\x00</data></write>
    <write><data>\x81\x18\x00\x00</data></write>
    <write><data>\x81\x12\x01\x00</data></write>
    <write><data>\x80\x95\xd0p</data></write>
    <write><data>\xa0Q\xa0\xc0</data></write>
    <write><data>\x11\xddW\xe8</data></write>
    <write><data>\x11\x90K </data></write>
    <write><data>\x11\xbe\x08\xd0</data></write>
    <write><data>\x80vHp</data></write>
    <write><data>\x11\xa1\x27\x60</data></write>
    <write><data>\xb8\x5f\xe0\xd8</data></write>
    <write><data>\x11\x3b:\x40</data></write>
    <write><data>\x11M\xfb8</data></write>
    <write><data>\x11\x9e\xcd\xf0</data></write>
    <write><data>\x90p\xa8\xa8</data></write>
    <write><data>0h\xd8\x90</data></write>
    <write><data>H\x10\xe0\x90</data></write>
    <write><data>\x08X\xb0h</data></write>
    <write><data>\x11\xe7 \x90</data></write>
    <write><data>\x11\xdd\x948</data></write>
    <write><data>X\xe0 \xf0</data></write>
    <write><data>\x11vK0</data></write>
    <write><data>\x11F\xe98</data></write>
    <write><data>00\xf0h</data></write>
    <write><data>\x11V\x91\x18</data></write>
    <write><data>\x11n\x0dP</data></write>
    <write><data>\x11T\x0b\x40</data></write>
    <write><data> \xe8\x80p</data></write>
    <write><data>\x00\xd0\x18x</data></write>
    <write><data>\x11\xcf\xc1\x18</data></write>
    <write><data>\x11\xa8\xed\xe0</data></write>
    <write><data>\x11\x1a\xef\x28</data></write>
    <write><data>P\x18X\x28</data></write>
    <write><data>\x116\xb98</data></write>
    <write><data>\xb0r\x40\xc8</data></write>
    <write><data>\x90\x2a\x90\xf0</data></write>
    <write><data>p\xa8x\x10</data></write>
    <write><data>\x889\xa0\xc0</data></write>
    <write><data>\x11\xee\xb7P</data></write>
    <write><data>\x88I\xf8\x90</data></write>
    <write><data> \x408\xa8</data></write>
    <write><data>\x00\x60\x40\x90</data></write>
    <write><data>\x11\x5dh\x98</data></write>
    <write><data>\x11F\xdd\xa0</data></write>
    <write><data>\x81\xe2\x00\x00</data></write>
    <write><data>\x11k\xb5\xa8</data></write>
    <write><data>\xf8\xd8\xc0\x90</data></write>
    <write><data>\x11X\x82p</data></write>
    <write><data>\x11\xecK\x90</data></write>
    <write><data>\xf8\x8a\x40h</data></write>
    <write><data>\x11\x00\x9a\x98</data></write>
    <write><data>\xf8\x9d8\x00</data></write>
    <write><data>x\xb0\xa8\xc0</data></write>
    <write><data>P\xb8\xa0x</data></write>
    <write><data>\xe8\x3d\xb8\xb0</data></write>
    <write><data>\xb0\xa9\xd0\xf0</data></write>
    <write><data>  8\xc0</data></write>
    <write><data>\xd0\x2f\xe0x</data></write>
    <write><data>\x11\x95p\xc0</data></write>
    <write><data>\x89Y\x01\x88</data></write>
    <write><data>\x11\x26\x3e\xc8</data></write>
    <write><data>\x40 \x080</data></write>
    <write><data>\x11\xee\xc1\xd8</data></write>
    <write><data>\x18\xf0\xc8p</data></write>
    <write><data>X\x40px</data></write>
    <write><data>\x11\x04\xc7\x08</data></write>
    <write><data>X\xd8\x28\x90</data></write>
    <write><data> \xc0X\x10</data></write>
    <write><data>\xc09\x80\x10</data></write>
    <write><data>\x11i7\xf8</data></write>
    <write><data>\x11\xde\xd6x</data></write>
    <write><data>\xc0:\x80\xc8</data></write>
    <write><data>\xd0\xc2\xa8\xf0</data></write>
    <write><data>\x11T\x11\xa0</data></write>
    <write><data>H\xa00\xd0</data></write>
    <write><data>\xa8\xb1\xe8\x08</data></write>
    <write><data>\x08P\xd8H</data></write>
    <write><data>\x11\x85\xabX</data></write>
    <write><data>\xa8\xe1H\xf0</data></write>
    <write><data>\xe0\xd9p\x90</data></write>
    <write><data>\x11\xa4\x8c\xc8</data></write>
    <write><data>\x1101h</data></write>
    <write><data>\x80\xe5\xa0\xe8</data></write>
    <write><data>\x11j\xd2\x28</data></write>
    <write><data>\x11\xee\x88\x18</data></write>
    <write><data>p\xf8\xb0\x00</data></write>
    <write><data>\x11X\xf1\x10</data></write>
    <write><data>X \x98P</data></write>
    <write><data>80\xd0\x00</data></write>
    <write><data>\xa0\xe9P\xf0</data></write>
    <write><data>\x11!\x890</data></write>
    <write><data>\xd8\xc5\xd0\xc0</data></write>
    <write><data>P\x18P\x88</data></write>
    <write><data>\xb0\xbd\xb0x</data></write>
    <write><data>\x90\xa2h\xf8</data></write>
    <write><data>\x11\x7d\xac\xe8</data></write>
    <write><data>x\x80\x988</data></write>
    <write><data>P\xd0\xb8X</data></write>
    <write><data>\x11\xaf\x3d\xd8</data></write>
    <write><data>\x11\x22\xda\x90</data></write>
    <write><data>\x111\x90\x28</data></write>
    <write><data>\x90\x1e8p</data></write>
    <write><data>\x11e\x85\xc8</data></write>
    <write><data> \xb0\x00\x98</data></write>
    <write><data>\xc8\x06\x88\xa8</data></write>
    <write><data>\x11\xee\xee\xf0</data></write>
    <write><data>\x11\x5c\xe0\xc0</data></write>
    <write><data>\x11\xbbm\x28</data></write>
    <write><data>x\x98H\xf0</data></write>
    <write><data>\x11\x95\x86\xd0</data></write>
    <write><data>\x28\x008\xe8</data></write>
    <write><data>\x11\x5b\x96\xa0</data></write>
    <write><data>\x89\xd9\x00\x98</data></write>
    <write><data>P8 h</data></write>
    <write><data>\xf0\x3e\xa0\xe0</data></write>
    <write><data>\x11\xb4\xed\x28</data></write>
    <write><data>\x11\x9dH\x28</data></write>
    <write><data>X\xe8\x98\xa0</data></write>
    <write><data>\x88\xdf8\xa8</data></write>
    <write><data>\x40\x40\xe0\xc0</data></write>
    <write><data>\x110\x1e8</data></write>
    <write><data>\x40hp\x00</data></write>
    <write><data>\x11\x2c\xa1\xf8</data></write>
    <write><data>\x11k\xd5\xd8</data></write>
    <write><data>\x11S\xb6\xe8</data></write>
    <write><data>\x11qn\x40</data></write>
    <write><data>\xf01\x10\xc8</data></write>
    <write><data>\x11\xe5\x0b\x98</data></write>
    <write><data>\xf0p\xb0\x18</data></write>
    <write><data>8\xd8\x08\xb0</data></write>
    <write><data>\x11\x7cE\xb0</data></write>
    <write><data>\x11\x9a\xd3\xf0</data></write>
    <write><data>\x11\xe7G\xe8</data></write>
    <write><data>\x11\x7cR\xc0</data></write>
    <write><data>\x81\x2c\x00\x00</data></write>
    <write><data>h0\x10\x80</data></write>
    <write><data>\x11sPH</data></write>
    <write><data>\x11\x06o\xc0</data></write>
    <write><data>P x\x80</data></write>
    <write><data>\x11\xf2\x89\xf0</data></write>
    <write><data>\x11\xcf:\x88</data></write>
    <write><data>\x11S\xf7 </data></write>
    <write><data>xX\xb8\xb8</data></write>
    <write><data>0P\x98x</data></write>
    <write><data>\x400\x00x</data></write>
    <write><data>\x11\xd1zH</data></write>
    <write><data>\x11\x1fF\x00</data></write>
    <write><data>\xb0\x0b\x80\x28</data></write>
    <write><data>\x08\x40\x600</data></write>
    <write><data>\xd0\xd4h\xd8</data></write>
    <write><data>\x11\xc1\x19\xe0</data></write>
    <write><data>\xe0t\x28\x00</data></write>
    <write><data>\x80u\xe0H</data></write>
    <write><data>\x119nh</data></write>
    <write><data>\x28\x08X\xd0</data></write>
    <write><data>\x11\x15p\x80</data></write>
    <write><data>\x11\x1e\x82\x60</data></write>
    <write><data>\xe8H X</data></write>
    <write><data>\x11\xda\xb9P</data></write>
    <write><data>\x11\xdcFX</data></write>
    <write><data>\x11\xdf\x18h</data></write>
    <write><data>\x11.bP</data></write>
    <write><data>\x11\xe2\x86 </data></write>
    <write><data>\x11\xafF\x28</data></write>
    <write><data>\x11\x28n\xe8</data></write>
    <write><data>\xa0\xcd\x10\x08</data></write>
    <write><data>\x11k?\xb8</data></write>
    <write><data>\x11y\x02\xc0</data></write>
    <write><data>\xc8C0\xe8</data></write>
    <write><data>\x11\xfd\xb10</data></write>
    <write><data>\xf0\xf6\x18\x00</data></write>
    <write><data>\x11\x1f\x0b\x90</data></write>
    <write><data>\x11\xb3\xd7\xb0</data></write>
    <write><data>\x11\xab\xc6x</data></write>
    <write><data>\x11\xb3\xff\x40</data></write>
    <write><data>\x11\xef\xde\xb0</data></write>
    <write><data>\x11V\xda\x98</data></write>
    <write><data>\xd0o\x00\x40</data></write>
    <write><data>\x60\xf808</data></write>
    <write><data>\x11G\x81\xb8</data></write>
    <write><data>\xe0\xbf\x28\x90</data></write>
    <write><data>\x88\xf1\x80\x98</data></write>
    <write><data>\x11\x22f\xd8</data></write>
    <write><data>\xf8\x96\x98\x98</data></write>
    <write><data>\x11\x95\x19\xa0</data></write>
    <write><data>\x80\xdfH\x08</data></write>
    <write><data>X\x60\xb0X</data></write>
    <write><data>\x11\x22\xd6\xf8</data></write>
    <write><data>\x40\xf0\xc08</data></write>
    <write><data>\x11\xb9k\xa8</data></write>
    <write><data>\x11\x86\x2d\xa0</data></write>
    <write><data>\x11C\x99P</data></write>
    <write><data>\xa0B\xa8\xe8</data></write>
    <write><data>\x11\xb0fh</data></write>
    <write><data>\xc8\x90\xe8H</data></write>
    <write><data>\x11\x7b\x9c\x60</data></write>
    <write><data>xPp </data></write>
    <write><data>\x28\xe88P</data></write>
    <write><data>\x88D\xb8\x00</data></write>
    <write><data>\x11\x0418</data></write>
    <write><data>\x11\x91\xf2H</data></write>
    <write><data>\x11\xc0\x0b\x80</data></write>
    <write><data>xX\x28h</data></write>
    <write><data>\x11\xfa\xf2\xb8</data></write>
    <write><data>\x11V\x0e\x80</data></write>
    <write><data>\x60\x40\xc8H</data></write>
    <write><data>\x11\x86sX</data></write>
    <write><data>\x11\xb3\xa8\xf8</data></write>
    <write><data>0\x00\xa8\x90</data></write>
    <write><data>\x10\x00\xf80</data></write>
    <write><data>\x11\xfa\x02\x60</data></write>
    <write><data>\xd8\xe0\xa0\xb8</data></write>
    <write><data>\x11\xea\x2d0</data></write>
    <write><data>\x11\x13\xab\xf8</data></write>
    <write><data>\xe06p\xd0</data></write>
    <write><data>\x00\xd8\xa0H</data></write>
    <write><data>\x11\x13\x98P</data></write>
    <write><data>\x11\x90\x3d\x60</data></write>
    <write><data>\x60\xf0\x18\xe8</data></write>
    <write><data>\x11yj\x00</data></write>
    <write><data>\x98\x83\xb0\xb8</data></write>
    <write><data>\x11I\xeb\xd8</data></write>
    <write><data>\x11\x02\x9f\xc8</data></write>
    <write><data>\x11n\x98P</data></write>
    <write><data>\xe8\xeb0\xd8</data></write>
    <write><data>\x11\x02\x5cP</data></write>
    <write><data>\x90B\xe8\xd0</data></write>
    <write><data>\x00\x10\x80\x80</data></write>
    <write><data>\x11\xe9y </data></write>
    <write><data>\x89\x86\x00\xb0</data></write>
    <write><data>\x81\xa7\x01\x00</data></write>
    <write><data>\x88FH\xa8</data></write>
    <write><data>P\x880\xa8</data></write>
    <write><data>\x18\xd0\xa0\x18</data></write>
    <write><data>\x81\x0b\x01\x00</data></write>
    <write><data>\xa0P\x80\xc8</data></write>
    <write><data>\x18\xb8\x80\xc8</data></write>
    <write><data>\x11Q2\xd0</data></write>
    <write><data>\x98\x0dxx</data></write>
    <write><data>\x11\x5b\xc98</data></write>
    <write><data>\x11\x15\x60\xd8</data></write>
    <write><data>\x113\xa9\xe8</data></write>
    <write><data>P\xe8\xc8\xe8</data></write>
    <write><data>\x11\xd3C\xe0</data></write>
    <write><data>8\xe0\x18\x80</data></write>
    <write><data>\x11\x1cP\x18</data></write>
    <write><data>\x60x\x08\x60</data></write>
    <write><data>\xd0\x8e0\xc0</data></write>
    <write><data>\x98\x5d\xe8\x40</data></write>
    <write><data>\x11\x9b\x7fh</data></write>
    <write><data>\x88f\x10\x00</data></write>
    <write><data>\x11T\x0e\xc8</data></write>
    <write><data>\x89c\x01P</data></write>
    <write><data>\x116\x5f\x18</data></write>
    <write><data>P8\x90 </data></write>
    <write><data>\x11\x93\xe1\xc0</data></write>
    <write><data>\x11\xb0\xa38</data></write>
    <write><data>X\x60\xf0\xc0</data></write>
    <write><data>\x11N\xcb\x98</data></write>
    <write><data>\xa8\xe2\xa0\xb0</data></write>
    <write><data>\xc8\xec\xd0 </data></write>
    <write><data>P 0\xd8</data></write>
    <write><data>\x11\x86\x18\xe8</data></write>
    <write><data>h\xb0p\x18</data></write>
    <write><data>\xb8N\x98\x98</data></write>
    <write><data>\x11\x12\x2d\xf8</data></write>
    <write><data>\x11l\xf8\x10</data></write>
    <write><data>\x11E4\x00</data></write>
    <write><data>\x11\x40\x09\xe8</data></write>
    <write><data>\x11\x00\x26h</data></write>
    <write><data>\xd0\x3c\x80\xb0</data></write>
    <write><data>\x08\xc8\x90\x90</data></write>
    <write><data>\xb8\xc4\x08\x00</data></write>
    <write><data>\x11c\xe2\xe8</data></write>
    <write><data>\x18\xc88\xd0</data></write>
    <write><data>\xc0P\xf8\x00</data></write>
    <write><data>\xb8\x16\xa0\xd8</data></write>
    <write><data>\x11Ll\xd0</data></write>
    <write><data>\x11\xf3i\xc8</data></write>
    <write><data>\x11.Z\x40</data></write>
    <write><data>x\x18\xc8\x00</data></write>
    <write><data>\x11l\x2fH</data></write>
    <write><data>\x11\xeb\x86\x18</data></write>
    <write><data>\x11\xc5xH</data></write>
    <write><data>\xd0\x9c\xd0\x90</data></write>
    <write><data>\x0080p</data></write>
    <write><data>\x11\xf9\xa5x</data></write>
    <write><data>\x11\x24\xc2\x60</data></write>
    <write><data>\x11\xf5\x7e\xe8</data></write>
    <write><data>\xc0\x5f\x98\x80</data></write>
    <write><data>\x11m\xc2\xb0</data></write>
    <write><data>\x90\x8e\x08\x98</data></write>
    <write><data>  P\x10</data></write>
    <write><data>\x98\xe4\x18\xc8</data></write>
    <write><data>\x11\xaa\x8a\xa8</data></write>
    <write><data>pP\x88\xb0</data></write>
    <write><data>\x60\x28\x18\xf0</data></write>
    <write><data>08h\xc8</data></write>
    <write><data>\x81\xb4\x00\x00</data></write>
    <write><data>\xa0k\x10\x98</data></write>
    <write><data>\x18\x40 \xf8</data></write>
    <write><data>\x11\xa9:H</data></write>
    <write><data>\x11\x10\x99\xf8</data></write>
    <write><data>\x11\x5c\xc7\x18</data></write>
    <write><data>\x11M6\x80</data></write>
    <write><data>\x11\x3b\x18\x80</data></write>
    <write><data>\x11\xf6\x17\xc0</data></write>
    <write><data>\x81P\x01\x00</data></write>
    <write><data>8p\x18\xd0</data></write>
    <write><data>x\xf8\xe8\xe0</data></write>
    <write><data>\xf8\x1eX\xb0</data></write>
    <write><data>\x28\x88\x98\x40</data></write>
    <write><data>\x89\xbc\x01\x18</data></write>
    <write><data>\x10Xp\xf0</data></write>
    <write><data>\xc0\xb8\xa8\x88</data></write>
    <write><data>p\x90\xa0 </data></write>
    <write><data>\x11\x99\xc0\x40</data></write>
    <write><data>\x11\x60QH</data></write>
    <write><data>\x11V\x10\x40</data></write>
    <write><data>\xa0p\xe8\xa0</data></write>
    <write><data>\x11\xa8\xd6\x10</data></write>
    <write><data>\x28\x00\xa8\xb0</data></write>
    <write><data>\x11\xec\x27\xf0</data></write>
    <write><data>\xe8\x60\xc8X</data></write>
    <write><data>\x11\x11\xee\x10</data></write>
    <write><data>\x18\x10\x98\xe8</data></write>
    <write><data>\x11\xd2\xcdh</data></write>
    <write><data>H\xe0\x98\xe8</data></write>
    <write><data>\x11\xb4w\xc0</data></write>
    <write><data>\x11Uc\x08</data></write>
    <write><data>\x90IX\xa8</data></write>
    <write><data>\x11X\x9e\xf8</data></write>
    <write><data>\x88\x97\xd8\x90</data></write>
    <write><data>\x11\xd0\x0c\x28</data></write>
    <write><data>0\xa0XP</data></write>
    <write><data>\xe8\xd2Px</data></write>
    <write><data>\x98\x0b\xb0\x80</data></write>
    <write><data>\x11\xec\x0e\x08</data></write>
    <write><data>\x11\x05\xe0\xc8</data></write>
    <write><data>\x11\xb7\xfa\xd0</data></write>
    <write><data>\x18\xb08\x80</data></write>
    <write><data>H\xb0\xf8\xb0</data></write>
    <write><data>\x11\xd0\xdaX</data></write>
    <write><data>\x11W\xa7\xe8</data></write>
    <write><data>\x89\xbe\x00p</data></write>
    <write><data>8\xf8\x90P</data></write>
    <write><data>\x11\x0b\x3e\x90</data></write>
    <write><data>\xa8\xb4\x98\x40</data></write>
    <write><data>\x90\x0d\x60\xc8</data></write>
    <write><data>P\x40p\x08</data></write>
    <write><data>\xd0c\x18\xb8</data></write>
    <write><data>0\x28\xb8\x98</data></write>
    <write><data>\x11\x29l\x00</data></write>
    <write><data>\x11\x26l\x88</data></write>
    <write><data>\x11\x1fh\xd0</data></write>
    <write><data>\x11dl\xe0</data></write>
    <write><data>\x11D\xb0\xf8</data></write>
    <write><data> \x60\xd0\x88</data></write>
    <write><data>\x11\x23h0</data></write>
    <write><data>\x11\x19\x83\x18</data></write>
    <write><data>\x11\x2dP\x90</data></write>
    <write><data>\x11\x1a\xe6\x90</data></write>
    <write><data>\xc0 \xb0\xf0</data></write>
    <write><data>\x11\x97\x5c\x18</data></write>
    <write><data>\x11 \xac\x90</data></write>
    <write><data>\x11\x40\x2d </data></write>
    <write><data>\x116\xf7\xa8</data></write>
    <write><data>\xe0\x27\x18\xe0</data></write>
    <write><data>\xd8\x13\xb08</data></write>
    <write><data>\xd8\xcf\xd8\x00</data></write>
    <write><data>\xd0\x02x\xd8</data></write>
    <write><data>\x11\x9c\xa9P</data></write>
    <write><data>\xd8Z\x10\xb0</data></write>
    <write><data>\x11!\xef\x40</data></write>
    <write><data>0H\xd08</data></write>
    <write><data>\x11\x14\xc9\xc8</data></write>
    <write><data>\x11R\xc60</data></write>
    <write><data>\x11\xdd\x1d\x28</data></write>
    <write><data>\x89\xbd\x00H</data></write>
    <write><data>pP\xb0\x00</data></write>
    <write><data>\x11\x11\x0d\x00</data></write>
    <write><data>\xb0\xc4\x60\xc0</data></write>
    <read><delim>\x0a</delim><match><data>\x3d\x3d\x3d\x3d\x3d\x3d\x3d\x3d\x3d\x3d\x3d\x3d\x3d\x3d\x3d\x3d\x3d\x3d\x3d\x3d\x3d\x3d\x3d\x3d\x3d\x3d\x3d\x3d\x3d\x3d\x3d\x3d\x3d\x3d\x3d\x3d\x3d\x3d\x3d\x3d\x3d\x3d\x3d\x3d</data></match></read>
    <read><delim>\x0a</delim><match><data>R0:\x090x00008acf\x09R1:\x090x00000000</data></match></read>
    <read><delim>\x0a</delim><match><data>R2:\x090x000013fd\x09R3:\x090x00000000</data></match></read>
    <read><delim>\x0a</delim><match><data>R4:\x090x0000fa3d\x09R5:\x090x0000652b</data></match></read>
    <read><delim>\x0a</delim><match><data>R6:\x090x00000000\x09R7:\x090x00000000</data></match></read>
    <read><delim>\x0a</delim><match><data>R8:\x090x00000000\x09R9:\x090x00006c51</data></match></read>
    <read><delim>\x0a</delim><match><data>R10:\x090x00003f96\x09R11:\x090x0000f703</data></match></read>
    <read><delim>\x0a</delim><match><data>R12:\x090x00000000\x09R13:\x090x00006cb8</data></match></read>
    <read><delim>\x0a</delim><match><data>R14:\x090x00000000\x09R15:\x090x000000ce</data></match></read>
    <read><delim>\x0a</delim><match><data>R16:\x090x00001997\x09R17:\x090x00000027</data></match></read>
    <read><delim>\x0a</delim><match><data>R18:\x090x0000d17c\x09R19:\x090x000000ce</data></match></read>
    <read><delim>\x0a</delim><match><data>R20:\x090x000000f5\x09R21:\x090x00006cfe</data></match></read>
    <read><delim>\x0a</delim><match><data>R22:\x090x00001132\x09R23:\x090x00000000</data></match></read>
    <read><delim>\x0a</delim><match><data>R24:\x090x00000000\x09R25:\x090x00000000</data></match></read>
    <read><delim>\x0a</delim><match><data>R26:\x090x00000000\x09R27:\x090xffffc09e</data></match></read>
    <read><delim>\x0a</delim><match><data>R28:\x090x00000000\x09R29:\x090x00000000</data></match></read>
    <read><delim>\x0a</delim><match><data>R30:\x090x00003f61\x09R31:\x090x00000000</data></match></read>
    <read><delim>\x0a</delim><match><data>PC:\x090x00000008</data></match></read>
    <read><delim>\x0a</delim><match><data>\x3d\x3d\x3d\x3d\x3d\x3d\x3d\x3d\x3d\x3d\x3d\x3d\x3d\x3d\x3d\x3d\x3d\x3d\x3d\x3d\x3d\x3d\x3d\x3d\x3d\x3d\x3d\x3d\x3d\x3d\x3d\x3d\x3d\x3d\x3d\x3d\x3d\x3d\x3d\x3d\x3d\x3d\x3d\x3d</data></match></read>
</replay>
</pov>