<?xml version="1.0" standalone="no" ?>
<!DOCTYPE pov SYSTEM "/usr/share/cgc-docs/replay.dtd">
<pov>
<cbid>service</cbid>
<seed>ad44e23a9bac72a2c3826293967b12a585ced369f9dec2f2e6f30bf5ac0f284a3895147dba8eb3e6972204627c3ab407</seed>
<replay>
    <write><data>\xaf\x3e\xad\x28c\x1b</data></write>
    <read><length>4</length><match><data>\x05\x00\x00\x00</data></match></read>
    <read><length>8</length><match><data>\x16Q\xa8\xf5\x89\x99\x84J</data></match></read>
    <write><data>\x8e\x91\xd1Kc3</data></write>
    <read><length>4</length><match><data>\x05\x00\x00\x00</data></match></read>
    <read><length>8</length><match><data>\x16Q\xa8\xf5\x89\x99\x84J</data></match></read>
    <write><data>\xd1\x88\x3c\xb9d\x81</data></write>
    <read><length>48</length></read>
    <read><length>8</length><match><data>\x16Q\xa8\xf5\x89\x99\x84J</data></match></read>
    <write><data>\x88\x5f\xfd\x15l\x1d</data></write>
    <read><length>8</length><match><data>\x16Q\xa8\xf5\x89\x99\x84J</data></match></read>
</replay>
</pov>