<?xml version="1.0" standalone="no" ?>
<!DOCTYPE pov SYSTEM "/usr/share/cgc-docs/replay.dtd">
<pov>
<cbid>service</cbid>
<seed>7e76955e4304f6d8c1a56d57f467864b116242d40158f717511955f963cfed3210b64b94e3dee3bb721681aa633c6d3f</seed>
<replay>
    <write><data>\xa4\xab\x3cKb\xcd</data></write>
    <read><length>48</length></read>
    <read><length>8</length><match><data>oO\x00m\xb0\x0c\xee\x03</data></match></read>
    <write><data>\x5c\xc0\x3c\x02\x83\xeb</data></write>
    <read><length>48</length></read>
    <read><length>8</length><match><data>oO\x00m\xb0\x0c\xee\x03</data></match></read>
    <write><data>\x27\x5f\xee\xed\x01\xb7</data></write>
    <read><length>8</length><match><data>oO\x00m\xb0\x0c\xee\x03</data></match></read>
</replay>
</pov>