<?xml version="1.0" standalone="no" ?>
<!DOCTYPE pov SYSTEM "/usr/share/cgc-docs/replay.dtd">
<pov>
<cbid>service</cbid>
<seed>1b5e50b364da620d1bb0a647b8dbc40cc147c8184800e1d49edc299a91675b7de3b52d9e2038feefc62f1977f4270bc0</seed>
<replay>
    <write><data>p\x23\xcdB\xc4\xc6</data></write>
    <read><length>24</length></read>
    <read><length>8</length><match><data>?\x84\x08\xc7\xa6\x7d\x03\xf5</data></match></read>
    <write><data>\xf2\x5f:\x11\xbeI</data></write>
    <read><length>8</length><match><data>?\x84\x08\xc7\xa6\x7d\x03\xf5</data></match></read>
</replay>
</pov>