<?xml version="1.0" standalone="no" ?>
<!DOCTYPE pov SYSTEM "/usr/share/cgc-docs/replay.dtd">
<pov>
<cbid>service</cbid>
<seed>23ca0c8f505eecd06e71e5600791b8fe99bce33529d25262ba947362b97961f7601034aadc7140d7cc87ec1ee610f670</seed>
<replay>
    <write><data>\xd8\x9c\x3c\xb6\x2a\x88</data></write>
    <read><length>48</length></read>
    <read><length>8</length><match><data>\x1d\x03\xcb\x82\x28\xe0\xb6\x1a</data></match></read>
    <write><data>M\x5f\xf6\xef\xbep</data></write>
    <read><length>8</length><match><data>\x1d\x03\xcb\x82\x28\xe0\xb6\x1a</data></match></read>
</replay>
</pov>