<?xml version="1.0" standalone="no" ?>
<!DOCTYPE pov SYSTEM "/usr/share/cgc-docs/replay.dtd">
<pov>
<cbid>service</cbid>
<seed>4a3b27e5843e78150c4761265d77d8f1f2437b9d0d4e6c6f08650b74a455e47d42edc547dd028283685e254341a0ff95</seed>
<replay>
    <delay>50</delay>
    <write><data>\x00\x00\x00\x00</data></write>
    <read><length>4</length><assign> <var>session00</var> <slice begin="0" /> </assign></read>
    <write><var>session00</var></write>
    <write><data>\x10\x00</data></write>
    <write><var>session00</var></write>
    <write><data>SHL\x00 \x2f \x16DIV\x00 \xc5 \xb3</data></write>
    <read><length>4</length></read>
    <read><length>256</length><match><data>\x00\x00\x00\x00\x00\x00\x00\x00\x00\x00\x00\x00\x00\x00\x00\x00\x00\x00\x00\x00\x00\x00\x00\x00\x00\x00\x00\x00\x00\x00\x00\x00\x00\x00\x00\x00\x00\x00\x00\x00\x00\x00\x00\x00\x00\x00\x00\x00\x00\x00\x00\x00\x00\x00\x00\x00\x00\x00\x00\x00\x00\x00\x00\x00\x00\x00\x00\x00\x00\x00\x00\x00\x00\x00\x00\x00\x00\x00\x00\x00\x00\x00\x00\x00\x00\x00\x00\x00\x00\x00\x00\x00\x00\x00\x00\x00\x00\x00\x00\x00\x00\x00\x00\x00\x00\x00\x00\x00\x00\x00\x00\x00\x00\x00\x00\x00\x00\x00\x00\x00\x00\x00\x00\x00\x00\x00\x00\x00\x00\x00\x00\x00\x00\x00\x00\x00\x00\x00\x00\x00\x00\x00\x00\x00\x00\x00\x00\x00\x00\x00\x00\x00\x00\x00\x00\x00\x00\x00\x00\x00\x00\x00\x00\x00\x00\x00\x00\x00\x00\x00\x00\x00\x00\x00\x00\x00\x00\x00\x00\x00\x00\x00\x00\x00\x00\x00\x00\x00\x00\x00\x00\x00\x00\x00\x00\x00\x00\x00\x00\x00\x00\x00\x00\x00\x00\x00\x00\x00\x00\x00\x00\x00\x00\x00\x00\x00\x00\x00\x00\x00\x00\x00\x00\x00\x00\x00\x00\x00\x00\x00\x00\x00\x00\x00\x00\x00\x00\x00\x00\x00\x00\x00\x00\x00\x00\x00\x00\x00\x00\x00\x00\x00\x00\x00\x00\x00</data></match></read>
    <write><data>\x00\x00\x00\x00</data></write>
    <read><length>4</length><assign> <var>session01</var> <slice begin="0" /> </assign></read>
    <write><var>session01</var></write>
    <write><data>\xb8\x00</data></write>
    <write><var>session01</var></write>
    <write><data>\x91\xca\x0f\xaa w \xecSHL\x00 \x8d :SHR\x00 Z \xc5SHL\x00 6 8SHR\x00 \x7e \x0fDIV\x00 \x89 \x7fADD\x00 9 \xb5SET\x00 \xf5 \xc3DIV\x00 r PSET\x00 \x5e \xf0MUL\x00 \xff \xa0SHR\x00 \xc9 \x13MUL\x00 k XSET\x00 \xfb \x94NUL\x00 M \xd2SHL\x00 e \x17SUB\x00 a A\x5b\xfd\xed5 \xd0 \xa8DIV\x00 \x8b \x00ADD\x00 \x18 \x06SUB\x00 \xb3 iADD\x00 \xe7 \x9eSHR\x00 \xdb \xc9</data></write>
    <read><length>4</length></read>
    <read><length>256</length><match><data>\x00\x00\x00\x00\x00\x00\x18\x00\x00\x00\x00\x00\x00\x00\x00\x00\x00\x00\x00\x00\x00\x00\x00\x00\x00\x00\x00\x00\x00\x00\x00\x00\x00\x00\x00\x00\x00\x00\x00\x00\x00\x00\x00\x00\x00\x00\x00\x00\x00\x00\x00\x00\x00\x00\x00\x00\x00\x00\x00\x00\x00\x00\x00\x00\x00\x9f\x00\x00\x00\x00\x00\x00\x00\x00\x00\x00\x00\x00\x00\x00\x00\x00\x00\x00\x00\x00\x00\x00\x00\x00\x00\x00\x00\x00\x00\x00\x00\x00\x00\x00\x00\x00\x00\x00\x00M\x00\x00\x00\x00\x00\x00\x00\x00\x00\x00\x00\x00\x00\x00\x00\x00\x00\x00\x00\x00\x00\x00\x00\x00\x00\x00\x00\x00\x00\x00\x00\x00\x00\x00\x00\x00\x00\x00\x00\x00\x00\x00\xfb\x00\x00\x00\x00\x00\x00\x00\x00\x00\xe7\x00\x00\x00\x00\x00\x00\x00\x00\x00\x00\x00\x00\x00\x00\x00\x00\x00\x00\x00\x00\x00\x009\x00\x00\x00\x00\x00\x00\x00\x00\x00\x00\x00\x00\x00\xf5\x00\x00\x00\x00\x00\x00\x00\x00\x00\x00\x00\x00\x00\x00\x00\x00\x00\x00\x00\x00\x00\x00\x00\x00\x00\x00\x00\x00\x00\x00\x00\x00\x00\x00\x00\x00\x00\x00\x00\x00\x00\x00\x00\x00\x5e\x00\x00\x00\x00\x00\x00\x00\x00\x00\x00\x00\x00\x00\x00\x00</data></match></read>
    <write><data>\x00\x00\x00\x00</data></write>
    <read><length>4</length><assign> <var>session02</var> <slice begin="0" /> </assign></read>
    <write><var>session02</var></write>
    <write><data>\xb8\x00</data></write>
    <write><var>session02</var></write>
    <write><data>ADD\x00 j lSUB\x00 \xc6 \x98ADD\x00 \xc8 \xa9ADD\x00 \xb7 \x7eSUB\x00 \xb2 3ADD\x00 \x2b \xa3A\xe0:\x0e \x3b \xc5SUB\x00 \x01 vMUL\x00 \xff \x25SHR\x00 \xbf \xb7ADD\x00 \x02 FSUB\x00 \xde \x02DIV\x00 \x9f NSHR\x00 \xaa \x29SHL\x00 \xb6 \x87ADD\x00 \x05 \x8cADD\x00 \xd7 \x16ADD\x00 \xe7 \xe7SET\x00 \x82 \xffNUL\x00 \xb2 \x9fSET\x00 \x90 wSUB\x00 \x5f \xe1ADD\x00 \x95 5</data></write>
    <read><length>4</length></read>
    <read><length>256</length><match><data>\x00\x00\x22\x00\x00\x00\x00\x00\x00\x00\x00\x00\x00\x00\x00\x00\x00\x00\x00\x00\x00\x00\xd7\x00\x00\x00\x00\x00\x00\x00\x00\x00\x00\x00\x00\x00\x00\x00\x00\x00\x00\x00\x00\x00\x00\x00\x00\x00\x00\x00\x00N\x00\x95\x00\x00\x00\x00\x00\x00\x00\x00\x00\x00\x00\x00\x00\x00\x00\x00\x02\x00\x00\x00\x00\x00\x00\x00\x00\x00\x00\x00\x00\x00\x00\x00\x00\x00\x00\x00\x00\x00\x00\x00\x00\x00\x00\x00\x00\x00\x00\x00\x00\x00\x00\x00\x00\x00j\x00\x00\x00\x00\x00\x00\x00\x00\x00\xff\x90\x00\x00\x00\x00\x00\x00\xb7\x00\x00\x00\x00\x00\x00\x00\x00\x00\x00\x00\x00\x00\x05\x00\x00\x00\x00\x00\x00\x00\x00\x00\x00\x00:\x00\x00\x00\x00\x00\x00\x00\x00\x00\x00\x2b\x00\x00\x00\x00\x00\xc8\x00\x00\x00\x00\x00\x00\x00\x00\x00\x00\x00\x00\x00\x00\x00\x00\x00\x00\x00\x00\x00\x00\x00\x00\x00\x00\x00\x00\x00\x00\x00\x00\x00\x00\x00\x00\x00\x00\x00\x00\x00\x00\x00\x00\x00\x00\x00\x00\x00\x00\x00\x00\x00\x00\x00\xa1\x00\x00\x00\x00\x00\xe7\x00\x00\x00\x00\x00\x00\x00\x00\x00\x00\x00\x00\x00\x00\x00\x00\x00\x00\x00\x00\x00\x00\x00\x82</data></match></read>
    <write><data>\x00\x00\x00\x00</data></write>
    <read><length>4</length><assign> <var>session03</var> <slice begin="0" /> </assign></read>
    <write><var>session03</var></write>
    <write><data>\xa0\x00</data></write>
    <write><var>session03</var></write>
    <write><data>NUL\x00 \xb3 \xb7SUB\x00 a \xdfDIV\x00 \x06 fADD\x00 c \xa9SET\x00 \x60 \xb1SET\x00 \xcc \xddDIV\x00 \xfb \xdeSUB\x00 T \x2fSUB\x00 : \xcb\x16R\x91\x95 \x12 rSHR\x00 n \x80MUL\x00 4 \x29MUL\x00 \x00 \x0cP\xf3\xfe\xce \x11 \xe9NUL\x00 \x1b hSHR\x00 \xac \x07NUL\x00 \xef \x9dSET\x00 \xd1 \xa7SHR\x00 \x17 \xb6MUL\x00 \x80 \x8f</data></write>
    <read><length>4</length></read>
    <read><length>256</length><match><data>\x00\x00\x00\x00\x00\x00\x00\x00\x00\x00\x00\x00\x00\x00\x00\x00\x00\x00\x00\x00\x00\x00\x00\x00\x00\x00\x00\x00\x00\x00\x00\x00\x00\x00\x00\x00\x00\x00\x00\x00\x00\x00\x00\x00\x00\x00\x00\xac\x00\x00\x00\x00\x00\x00\x00\x00\x00\x00\x00\x00\x00\x00\x00\x00\x00\x00\x00\x00\x00\x00\x00\x00\x00\x00\x00\x00\x00\x00\x00\x00\x00\x00\x00\x00\x00\x00\x00\x00\x00\x00\x00\x00\x00\x00\x00\x00\x00\x00\x00\x00\x00\x00\x00\x00\x00\x00\x00\x00\x00\x00\x00\x00\x00\x00\x00\x00\x00\x00\x00\x00\x00\x00\x00\x00\x00\x00\x00\x00\x00\x00\x00\x00\x00\x00\x00\x00\x00\x00\x00\x00\x00\x00\x00\x00\x00\x00\x00\x00\x00\x00\x00\x00\x00\x00\x00\x00\x00\x00\x00\x00\x00\x00\x00\x00\x00\x00\x00\xd1\x00c\x00\x00\x00\x00\x00\x00\x00\x60\x00\x00\x00\x00\x00\x00\x00\x00\x00\x00\x00\x00\x00\x00\x00\x00\x00\x00\x00\x00\x00\x00\x00\x00\x00\xc6\x00\x00\x00\x00\x00\x00\x00\x00\x00\x00\x00\x00\x00\x00\x00\x00\x00\xcc\x00\x9f\x00\x00\x00\x00\x00\x00\x00\x00\x00\x00\x00\x00\x00\x00\x00\x00\x00\x00\x00\x00\x00\x00\x00\x00\x00\x00\x00\x00\x00\x00\x00\x00</data></match></read>
    <write><var>session01</var></write>
    <read><length>4</length></read>
    <write><var>session01</var></write>
    <write><data>SHR\x00 \x13 \xd1SUB\x00 V vMUL\x00 \x8d yDIV\x00 \xcb 0ADD\x00 \x91 \x3bSHR\x00 \xd3 \xa8MUL\x00 \xb6 \xae\xf7\x0a\x1d\xfd \xf5 \x1al\x120\x17 \x98 \xb9ADD\x00 \x8b \xf1MUL\x00 \x12 XDIV\x00 O \x13SET\x00 \x92 \xa2SHR\x00 W \x96SUB\x00 \xc0 MSET\x00 \xd4 9ADD\x00 \x89 :NUL\x00 \x05 \xf5SUB\x00 \x1f rNUL\x00 \xb5 2SHL\x00 \xa5 \xc3SHL\x00 \xad \xdcMUL\x00 \x97 N</data></write>
    <read><length>4</length></read>
    <read><length>256</length><match><data>\x00\x00\x00\x00\x00\x00\x18\x00\x00\x00\x00\x00\x00\x00\x00\x00\x00\x00\x00\x00\x00\x00\x00\x00\x00\x00\x00\x00\x00\x00\x00\x00\x00\x00\x00\x00\x00\x00\x00\x00\x00\x00\x00\x00\x00\x00\x00\x00\x00\x00\x00\x00\x00\x00\x00\x00\x00\xd4\x89\x91\x00\x00\x00\x00\x00\x9f\x00\x00\x00\x00\x00\x00\x00\x00\x00\x00\x00\x40\x00\x00\x00\x00\x00\x00\x00\x00\x00\x00\x00\x00\x00\x00\x00\x00\x00\x00\x00\x00\x00\x00\x00\x00\x00\x00\x00M\x00\x00\x00\x00\x00\x00\x00\x00\xe1\x00\x00\x00\xaa\x00\x00\x00\x00\x00\x00\x00\x00\x00\x00\x00\x00\x00\x00\x00\x00\x00\x00\x00\x00\x00\x00\x00\x00\x00\x00\x00\x00\x00\xfb\x00\x00\x00\x00\x00\x00\x00\x00\x00\xe7\x00\x00\x00\x92\x00\x00\x00\x00\x00\x00\x00\x00\x00\x00\x00\x00\x00\x00\x00\x00\x00\x009\x00\x00\x00\x00\x00\x00\x00\x00\x00\x00\x00\x00\x00\x00\x00\x00\x00\x00\x00\x00\x00\x00\x00\x00\x00\x00\x00\x00\x00\x00\x00\x00\x00\x00\x00\x00\x00\x00\x00\x00\x00\x00\x00\x00\x00\x00\x00\x00\x00\x00\x00\x00\x00\x00\x00\x00\x00\x00\x5e\x8b\x00\x00\x00\x00\x00\x00\x00\x00\x00\x00\x00\x00\x00\x00</data></match></read>
    <write><data>\x00\x00\x00\x00</data></write>
    <read><length>4</length><assign> <var>session04</var> <slice begin="0" /> </assign></read>
    <write><var>session04</var></write>
    <write><data>\x60\x00</data></write>
    <write><var>session04</var></write>
    <write><data>\x40\xe8\xa2\x07 k \xb0MUL\x00 \xe9 \xc5SET\x00 \xd0 zSHL\x00 \x13 NSUB\x00 5 \xf3MUL\x00 \x3e \x17SUB\x00 \x3d \xd8SHL\x00 \xeb jSHR\x00 \x84 \x84Y\x26\x28\x18 G hADD\x00 \xa9 iSHR\x00 \xee x</data></write>
    <read><length>4</length></read>
    <read><length>256</length><match><data>\x00\x00\x00\x00\x00\x00\x00\x00\x00\x00\x00\x00\x00\x00\x00\x00\x00\x00\x00\x00\x00\x00\x00\x00\x00\x00\x00\x00\x00\x00\x00\x00\x00\x00\x00\x00\x00\x00\x00\x00\x00\x00\x00\x00\x00\x00\x00\x00\x00\x00\x00\x00\x00\x00\x00\x00\x00\x00\x00\x00\x00\x00\x00\x00\x00\x00\x00\x00\x00\x00\x00\x00\x00\x00\x00\x00\x00\x00\x00\x00\x00\x00\x00\x00\x00\x00\x00\x00\x00\x00\x00\x00\x00\x00\x00\x00\x00\x00\x00\x00\x00\x00\x00\x00\x00\xa9\x00\x00\x00\x00\x00\x00\x00\x00\x00\x00\x00\x00\x00\x00\x00\x00\xd0\x00\x00\x00\x00\x00\x00\x00\x00\x00\x00\x00\x00\x00\x00\x00\x00\x00\x00\x00\x00\x00\x00\x00\x00\x00\x00\x00\x00\x00\x00\x00\x00\x00\x00\x00\x00\x00\x00\x00\x00\x00\x00\x00\x00\x00\x00\x00\x00\x00\x00\x00\x00\x00\x00\x00\x00\x00\x00\x00\x00\x00\x00\x00\x00\x00\x00\x00\x00\x00\x00\x00\x00\x00\x00\x00\x00\x00\x00\x00\x00\x00\x00\x00\x00\x00\x00\x00\x00\x00\x00\x00\x00\x00\xc3\x00\x00\x00\x00\x00\x00\x00\x00\x00\x00\x00\x00\x00\x00\x00\x00\x00\x00\x00\x00\x00\x00\x00\x00\x00\x00\xcb\x00\x00\x00\x00\x00\x00\x00\x00\x00\x00\x00\x00</data></match></read>
    <write><data>\x00\x00\x00\x00</data></write>
    <read><length>4</length><assign> <var>session05</var> <slice begin="0" /> </assign></read>
    <write><var>session05</var></write>
    <write><data>\xb0\x00</data></write>
    <write><var>session05</var></write>
    <write><data>SUB\x00 \xcd qMUL\x00 \x18 \xc6MUL\x00 \xc1 \x03MUL\x00 \xc4 ISUB\x00 \xfd ?SHL\x00 \xd6 \xcdSET\x00 \x88 \xdcDIV\x00 \xd2 \xc2ADD\x00 \x8b \x05SHR\x00 \x28 \xb4DIV\x00 \x3b \xc82\x84\x22\xf7 \x08 jNUL\x00 \x7d bADD\x00 \xc7 0\x0bC\x02\xf6 \x92 \xc3SUB\x00 \xcc XMUL\x00 \x01 \xf4SUB\x00 f \x95\x19\x03\x23! \x18 \x0dADD\x00 \x3c \xafDIV\x00 \x93 \x01\x26\xa4\xad\xa0 \x18 K</data></write>
    <read><length>4</length></read>
    <read><length>256</length><match><data>\x00\x00\x00\x00\x00\x8b\x00\x00\x00\x00\x00\x00\x00\x00\x00\x00\x00\x00\x00\x00\x00\x00\x00\x00\x00\x00\x00\x00\x00\x00\x00\x00\x00\x00\x00\x00\x00\x00\x00\x00\x00\x00\x00\x00\x00\x00\x00\x00\xc7\x00\x00\x00\x00\x00\x00\x00\x00\x00\x00\x00\x00\x00\x00\x03\x00\x00\x00\x00\x00\x00\x00\x00\x00\x00\x00\x00\x00\x00\x00\x00\x00\x00\x00\x00\x00\x00\x00\x004\x00\x00\x00\x00\x00\x00\x00\x00\x00\x00\x00\x00\x00\x00\x00\x00\x00\x00\x00\x00\x00\x00\x00\x003\x00\x00\x00\x00\x00\x00\x00\x00\x00\x00\x00\x00\x00\x00\x00\x00\x00\x00\x00\x00\x00\x00\x00\x00\x00\x00\x00\x00\x00\x00\x00\x00\x00\x00\x00\x9a\x00\x00\x00\x00\x00\x00\x00\x00\x00\x00\x00\x00\x00\x00\x00\x00\x00\x00\x00\x00\x00\x00\x00\x00\x00\x3c\x00\x00\x00\x00\x00\x00\x00\x00\x00\x00\x00\x00\x00\x00\x00\x00\x00\x00\x00\x00\x00\x00\x00\x00\x00\x00\x00\x00\x00\x00\x00\x00\x00\x00\x00\x00\x00\x00\x00\x00\x00\x00\x00\x00\x88\x00\x00\x00\x00\x00\x00\x00\x00\x00\x00\x00\x00\x00\x00\x00\x00\x00\x00\x00\x00\x00\x00\x00\x00\x00\x00\x00\x00\x00\x00\x00\x00\x00\x00\x00</data></match></read>
    <write><var>session02</var></write>
    <read><length>4</length></read>
    <write><var>session02</var></write>
    <write><data>MUL\x00 \xb5 \xd9DIV\x00 \x86 \xe9\x7f\x2fG\xe1 \x81 \xd5SET\x00 \xd7 \x5bMUL\x00 \xcc \xa6SET\x00 z \xe2DIV\x00 \xef VSHR\x00 9 \x05MUL\x00 \x87 \x92ADD\x00 S hSHR\x00 \xf6 \x8dSUB\x00 \xc8 \x18SET\x00 \x84 \xeeNUL\x00 \x91 \xe0SET\x00 \x7f \xadNUL\x00 0 \x09SET\x00 \x17 7DIV\x00 \x09 TADD\x00 \x82 6NUL\x00 \x8a \xdcADD\x00 \xf8 \xf0NUL\x00 i \x7dDIV\x00 \x7e \xae</data></write>
    <read><length>4</length></read>
    <read><length>256</length><match><data>\x00\x00\x22\x00\x00\x00\x00\x00\x00\x00\x00\x00\x00\x00\x00\x00\x00\x00\x00\x00\x00\x00\xd7\x008\x00\x00\x00\x00\x00\x00\x00\x00\x00\x00\x00\x00\x00\x00\x00\x00\x00\x00\x00\x00\x00\x00\x00\x00\x00\x00N\x00\x95\x82\x17\x00\x00\x00\x00\x00\x00\x00\x00\x00\x00\x00\x00\x00\x00\x02\x00\x00\x00\x00\x00\x00\x00\x00\x00\x00\x00\x00\x00\x00\x00\x00\x00\x00\x00\x00\xd7\x00\x00\x00\x00\x00\x00\x00\x00\x00\x00\x00\x00S\x00\x00\x00j\x00\x00\x00\x00\x00\x00\x00\x00\x00\xff\x90\x00\x00\x00\x00\x00\x00\xb7\x00\x00\x00\x00\x00\x00\x00\x00\x00\x00\x00\x00\x00\x05\x00\x00\x00\x00\x00\x00\x00\x00\x00\x00\x00:\x00\x00\x00\x00\x00\x00\x00\x00\x00\x00\x2b\x00\x00\x00\x00\x00\xc8\x00\x00\x00\x7f\x00\x00\x00\x00\x00\x00\x00\x00\x00\x00\x00\x00\x00\x00\x00\x00\x00\x00\x00\x00\x00\x00\x00\x00\x00\x00\x00\x00\x00\x00\x00\x00\x00\x00\x00\x00\x00\x00\x00\x00\x00\x00\x00\x00\x00\x00\x00\x00\x00\x00\x00\xa1z\x00\x00\x00\x00\xe7\x00\x00\x00\x00\x00\x00\x84\x00\xf8\x00\x00\x00\x00\x00\x00\x00\x00\x00\x00\x00\x00\x00\x00\x82</data></match></read>
    <write><var>session03</var></write>
    <read><length>4</length></read>
    <write><var>session03</var></write>
    <write><data>SUB\x00 \x0c vSET\x00 R \xa8SHR\x00 \xa4 \x23SHL\x00 \x86 \xa6ADD\x00 \xe2 \xd7SET\x00 P cSHL\x00 7 :\x06\x7c\x91\xcb \x7c XMUL\x00 e YDIV\x00 \xf2 \x88DIV\x00 \x5c \xb8ADD\x00 \x16 \x92SUB\x00 \x12 \x27SET\x00 \xa5 \xa8SET\x00 \xe7 \x95SET\x00 \xe3 \x8dNUL\x00 E \xa2ADD\x00 \x3d \xa95\xd2l\xd8 \xd3 hDIV\x00 \x9a \xbe</data></write>
    <read><length>4</length></read>
    <read><length>256</length><match><data>\x00\x00\x00\x00\x00\x00\x00\x00\x00\x00\x00\x00\x00\x00\x00\x00\x00\x00\x00\x00\x00\x00\x00\x00\x00\x00\x00\x00\x00\x00\x00\x00\x00\x00\x00\x00\x00\x00\x00\xee\x00\x00\x00\x00\x00\x00\x00\xac\x00\x00\x00\x00\x00\x00\x00\x00\x00\x00\x00\x00\x00\x00\x00\x00\x00\x00\x00\x00\x00\x00\x00\x00\x00\x00\x00\x00\x00\x00\x00\x00\x00\x00\x00\x00\x00\x00\x00\x00\x00\x00\x00\x00\x00\x00\x00\x00\x00\x00\x00P\x00\x00\x00\x00\x00\x00\x00\x00\x00\x00\x00\x00\x00\x00\x00\x00\x00\x00\xf4\x00\x00\x00\x00\x00\x00\x00\x00\x00\x00\x00\x00\x00\x00\x00\x00\x00\x00\x00\x00\x00\x00\xe3\x00\x00\x00\x00\x16\x00\x00\xe7\x00\x00\x00\x00\x00\x00\x00\x00\x00\x00\x00\x00\x00\x00\x00\x00\x00\xd1\xa5\xa0\x00\x00\x00\x00\x00\x00\x00\x60\x00\x00\x00\x00\x00\x00\x00\x00\x00\x00\x00\x00\x00\x00\x00\x00\x00\x00\x00\x00\x00\x00\x00\x00\x00\xc6\x00\x00\x00\x00\x00\x00\x00\x00\x00\x00\x00\xe2\x00\x00\x00\x00\x00\xcc\x00\x9f\x00\x00\x00\x00\x00\x00\x00\x00\x00\x00\x00\x00\x00\x00\x00\x00\x00\x00\x00\x00\x00\x00\x00\x00\x00\x00\x00\x00\x00\x00\x00\x00</data></match></read>
    <write><var>session05</var></write>
    <read><length>4</length></read>
    <write><var>session05</var></write>
    <write><data>T\x5f\xf6\x0f \x25 \x7cSET\x00 \x7b \xa8SHL\x00 x \xaaSHL\x00 \xe4 zADD\x00 K \xa2ADD\x00 \xb3 \x5fDIV\x00 \x2b \xb7SHR\x00 k \x86x\xcf\x08M \xd7 \xd0MUL\x00 \x0c \xf6NUL\x00 \xfd \x1eSUB\x00 l \x0dSHR\x00 \xf9 \xebSHL\x00 \xc4 NNUL\x00 \x9c kNUL\x00 d \xf7NUL\x00 \xea \x1cNUL\x00 \xc5 \xe3SUB\x00 \xaf \x10SUB\x00 a \xc1\xe4\x26\xa4q \x2d 7DIV\x00 \x2b \xa7</data></write>
    <read><length>4</length></read>
    <read><length>256</length><match><data>\x00\x00\x00\x00\x00\x8b\x00\x00\x00\x00\x00\x00\x00\x94\x00\x00Q\x00\x00\x00\x00\x00\x00\x00\x00\x00\x00\x00\x00\x00\x00\x00\x00\x00\x00\x00\x00\x00\x00\x00\x00\x00\x00\x00\x00\x00\x00\x00\xc7\x00\x00\x00\x00\x00\x00\x00\x00\x00\x00\x00\x00\x00\x00\x03\x00\x00\x00\x00\x00\x00\x00\x00\x00\x00\x00\x00\x00\x00\x00\x00\x00\x00\x00\x00\x00\x00\x00\x004\x00\x00\x00\x00\x00\x00\xb3\x00\x00\x00\x00\x00\x00\x00\x00\x00\x00\x00\x00\x00\x00\x00\x00\x003\x00\x00\x00\x00\x00\x00\x00\x00\x00\x00\x00\x00\x00\x00\x00\x00\x00\x00\x00\x00\x00\x00\x00\x00\x00\x00\x00\x00\x00\x00\x00\x00\x00\x00\x00\x9a\x00\x00\x00\x00\x00\x00\x00\x00\x00\x00\x00\x00K\x00\x00\x00\x00\x00\x7b\x00\x00\x00\x00\x00\x00\x3c\x00\x00\x00\x00\x00\x00\x00\x00\x00\x00\x00\x00\x00\x00\x00\x00\x00\x9f\x00\x00\x00\x00\x00\x00\x00\x00\x00\x00\x00\x00\x00\x00\x00\x00\x00\x00\x00\x00\x00\x00\x00\x00\x00\x00\x88\x00\x00\x00\x00\x00\x00\x00\x00\x00\x00\x00\x00\x00\x00\x00\x00\x00\x00\x00\x00\x00\x00\x00\x00\x00\x00\x00\x00\x00\x00\x00\x00\x00\x00\x00</data></match></read>
    <write><data>F\xf0\xe3\xe3</data></write>
</replay>
</pov>