<?xml version="1.0" standalone="no" ?>
<!DOCTYPE pov SYSTEM "/usr/share/cgc-docs/replay.dtd">
<pov>
<cbid>service</cbid>
<seed>c2147d343af4e72483e22382e53eb3301e703e9be17f1ca3d3bfafb9bf53333558aeaf73ab5c3879b9440a0c98608c81</seed>
<replay>
    <delay>50</delay>
    <write><data>\x00\x00\x00\x00</data></write>
    <read><length>4</length><assign> <var>session00</var> <slice begin="0" /> </assign></read>
    <write><var>session00</var></write>
    <write><data>\x90\x00</data></write>
    <write><var>session00</var></write>
    <write><data>NUL\x00 \xed \x8fSHR\x00 \x40 oSHL\x00 J ZMUL\x00 \x1c Vt\xcaHv \xdc dADD\x00 \x10 \x04\xcb\x11\x01\x0d \x94 \x05SHL\x00 \x0e vSUB\x00 v \xc0SUB\x00 \xc3 \xccMUL\x00 U \x40MUL\x00 \x8c \x1eDIV\x00 \xbe \x29SUB\x00 \xc4 \x00NUL\x00 \x7c \xf7So\x14\xd8 \xa6 \xa26\xd7\x95\xf5 \x1d \xaa\x01\x94d\xc9 \xc5 \x7c</data></write>
    <read><length>4</length></read>
    <read><length>256</length><match><data>\x3c\x00\x00\x00\x10\x00\x00\x00\x00\x00\x00\x00\x00\x00\x00\x00\x00\x00\x00\x00\x00\x00\x00\x00\x00\x00\x00\x00\x00\x00\x00\x00\x00\x00\x00\x00\x00\x00\x00\x00\x00\x00\x00\x00\x00\x00\x00\x00\x00\x00\x00\x00\x00\x00\x00\x00\x00\x00\x00\x00\x00\x00\x00\x00\x00\x00\x00\x00\x00\x00\x00\x00\x00\x00\x00\x00\x00\x00\x00\x00\x00\x00\x00\x00\x00\x00\x00\x00\x00\x00\x00\x00\x00\x00\x00\x00\x00\x00\x00\x00\x00\x00\x00\x00\x00\x00\x00\x00\x00\x00\x00\x00\x00\x00\x00\x00\x00\x00\x00\x00\x00\x00\x00\x00\x00\x00\x00\x00\x00\x00\x00\x00\x00\x00\x00\x00\x00\x00\x00\x00\x00\x00\x00\x00\x00\x00\x00\x00\x00\x00\x00\x00\x00\x00\x00\x00\x00\x00\x00\x00\x00\x00\x00\x00\x00\x00\x00\x00\x00\x00\x00\x00\x00\x00\x00\x00\x00\x00\x00\x00\x00\x00\x00\x00\x00\x00\x00\x00\x00\x00\x00\x00\x8a\x00\x00\x00\x00\x00\x00\x00\x00\x00\x00\x00\x3d\x00\x00\x00\x00\x00\x00\x00\x00\x00\x00\x00\x00\x00\x00\x00\x00\x00\x00\x00\x00\x00\x00\x00\x00\x00\x00\x00\x00\x00\x00\x00\x00\x00\x00\x00\x00\x00\x00\x00\x00\x00\x00\x00\x00\x00\x00\x00\x00\x00\x00\x00</data></match></read>
    <write><var>session00</var></write>
    <read><length>4</length></read>
    <write><var>session00</var></write>
    <write><data>MUL\x00 c \xe7NUL\x00 \x8f \x8aNUL\x00 \x25 \x3bSET\x00 \xa5 \x5bSUB\x00 4 eDIV\x00 \xd3 \xcbSHR\x00 o \x5eSHR\x00 \xed \x01SUB\x00 X \xd6SHR\x00 \xa1 \x16SUB\x00 \xb2 \xfaSHL\x00 \xf7 \x80SET\x00 \xdf \x92DIV\x00 P \xddMUL\x00 \xd8 \x96SET\x00 \xc6 \xa5SUB\x00 \xe8 \x5dDIV\x00 g i</data></write>
    <read><length>4</length></read>
    <read><length>256</length><match><data>\x3c\x00\x00\x00\x10\x00\x00\x00\x00\x00\x00\x00\x00\x00\x00\x00\x00\x00\x00\x00\x00\x00\x00\x00\x00\x00\x00\x00\x00\x00\x00\x00\x00\x00\x00\x00\x00\x00\x00\x00\x00\x00\x00\x00\x00\x00\x00\x00\x00\x00\x00\x00\x00\x00\x00\x00\x00\x00\x00\x00\x00\x00\x00\x00\x00\x00\x00\x00\x00\x00\x00\x00\x00\x00\x00\x00\x00\x00\x00\x00\x00\x00\x00\x00\x00\x00\x00\x00\x00\x00\x00\xa5\x00\x18\x00\x00\x00\x00\x00\x00\x00\xcc\x00\x00\x00\x00\x00\x00\x00\x00\x00\x00\x00\x00\x00\x00\x00\x00\x00\x00\x00\x00\x00\x00\x00\x00\x00\x00\x00\x00\x00\x00\x00\x00\x00\x00\x00\x00\x00\x00\x00\x00\x00\x00\x00\x00\xdf\x00\x00\x00\x00\x00\x00\x00\x00\x00\x00\x00\x00\x00\x00\x00\x00\x00\x00\xc6\x00\x00\x00\x00\x00\x00\x00\x00\x00\x00\x00\x00\x00\x00\x00\x00\x00\x00\x00\x00\x00\x00\x00\x00\x00\x00\x8a\x00\x00\x00\x00\x00\x00\x00\x00\x00\x00\x00\x3d\x00\x00\x00\x00\x00\x00\x00\x00\x00\xa8\x00\x00\x00\x00\x00\x00\x00\x00\x00\x00\x00\x00\x00\x00\x00\x00\x00\x00\x00\x00\x00\x00\x00\x00\x00\x00\x00\x00\x00\x00\x00\x00\x00\x00\x00N\x00\x00\x00\x00\x00</data></match></read>
    <write><var>session00</var></write>
    <read><length>4</length></read>
    <write><var>session00</var></write>
    <write><data>SUB\x00 M \xf1ADD\x00 \xd5 \x10ADD\x00 \xbb \x60ADD\x00 M sSHR\x00 d \xddSUB\x00 \x3b 0ADD\x00 \x9f \x26NUL\x00 : uADD\x00 \xbc \x9eSET\x00 0 \xf9NUL\x00 \xdb \xbfSHL\x00 \xcc \xc3MUL\x00 \xd2 \x7eSHL\x00 S \xa2NUL\x00 \xed \xcaSHR\x00 9 \x01DIV\x00 \x26 \xf3DIV\x00 N \x2d</data></write>
    <read><length>4</length></read>
    <read><length>256</length><match><data>\x3c\x00\x00\x00\x10\x00\x00\x00\x00\x00\x00\x00\x00\x00\x00\x00\xd5\x00\x00\x00\x00\x00\x00\x00\x00\x00\x00\x00\x00\x00\x00\x00\x00\x00\x00\x00\x00\x00\x9f\x00\x00\x00\x00\x00\x00\x00\x00\x00\xc5\x00\x00\x00\x00\x00\x00\x00\x00\x00\x00\x00\x00\x00\x00\x00\x00\x00\x00\x00\x00\x00\x00\x00\x00\x00\x00\x00\x00\x00\x00\x00\x00\x00\x00\x00\x00\x00\x00\x00\x00\x00\x00\xa5\x00\x18\x00\x00\xbb\x00\x00\x00\x00\xcc\x00\x00\x00\x00\x00\x00\x00\x00\x00\x00\x00\x00\x00M\x00\x00\x00\x00\x00\x00\x00\x00\x00\x00\x00\x00\x00\x00\x00\x00\x00\x00\x00\x00\x00\x00\x00\x00\x00\x00\x00\x00\x00\x00\xdf\x00\x00\x00\x00\x00\x00\x00\x00\x00\x00\x00\xbc\x00\x00\x00\x00\x00\x00\xc6\x00\x00\x00\x00\x00\x00\x00\x00\x00\x00\x00\x00\x00\x00\x00\x00\x00\x00\x00\x00\x00\x00\x00\x00\x00\x00\x8a\x00\x00\x00\x00\x00\x00\x00\x00\x00\x00\x00\x3d\x00\x00\x00\x00\x00\x00\x00\x00\x00\xa8\x00\x00\x00\x00\x00\x00\x00\x00\x00\x00\x00\x00\x00\x00\x00\x00\x00\x00\x00\x00\x00\x00\x00\x00\x00\x00\xb3\x00\x00\x00\x00\x00\x00\x000N\x00\x00\x00\x00\x00</data></match></read>
    <write><data>\x00\x00\x00\x00</data></write>
    <read><length>4</length><assign> <var>session01</var> <slice begin="0" /> </assign></read>
    <write><var>session01</var></write>
    <write><data>\xb0\x00</data></write>
    <write><var>session01</var></write>
    <write><data>ADD\x00 \x9a 9ADD\x00 A \x7eADD\x00 \xaa \x04SUB\x00 \x17 \x06\x9a\x07FW \xb8 \xddSHR\x00 \x92 jSUB\x00 \xd2 \xe6ADD\x00 \xe6 \x8eSHR\x00 \xaa MSUB\x00 \x3c \xbeSHR\x00 \x3c \xeaDIV\x00 i \xc0SUB\x00 o \x40SHR\x00 I 3SHR\x00 b \x81MUL\x00 O \xb2ADD\x00 \xc7 \x16SUB\x00 \xdd \x7fADD\x00 U \x0cSHL\x00 \xae JADD\x00 U \xc2SHL\x00 \xc8 M</data></write>
    <read><length>4</length></read>
    <read><length>256</length><match><data>\x00\x00\x00\x00\xaa\x00\xe9\x00\x00\x00\x00\x00U\x00\x00\x00\x00\x00\x00\x00\x00\x00\xc7\x00\x00\x00\x00\x00\x00\x00\x00\x00\x00\x00\x00\x00\x00\x00\x00\x00\x00\x00\x00\x00\x00\x00\x00\x00\x00\x00\x00\x00\x00\x00\x00\x00\x00\x9a\x00\x00\x00\x00\x00\x00\x91\x00\x00\x00\x00\x00\x00\x00\x00\x00\x00\x00\x00\x00\x00\x00\x00\x00\x00\x00\x00\x00\x00\x00\x00\x00\x00\x00\x00\x00\x00\x00\x00\x00\x00\x00\x00\x00\x00\x00\x00\x00\x00\x00\x00\x00\x00\x00\x00\x00\x00\x00\x00\x00\x00\x00\x00\x00\x00\x00\x00\x00A\x23\x00\x00\x00\x00\x00\x00\x00\x00\x00\x00\x00\x00\x00\x00\xe6\x00\x00\x00\x00\x00\x00\x00\x00\x00\x00\x00\x00\x00\x00\x00\x00\x00\x00\x00\x00\x00\x00\x00\x00\x00\x00\x00\x00\x00\x00\x00\x00\x00\x00\x00\x00\x00\x00\x00\x00\x00\x00\x00\x00\x00\x00\x00\xc4\x00\x00\x00U\x00\x00\x00\x00\x00\x00\x00\x00\x00\x00\x00\x00\x00\x00\x00\x00\x00\x00\x00\x00\x00\x00\x00\x00\x00\x00\x00\x00\x00\x00\x00\x00\x00\x00\x00.\x00\x00\x00\x00\x00\x00\x00\x00\x00\x00\x00\x00\x00\x00\x00\x00\x00\x00\x00\x00\x00\x00\x00\x00\x00</data></match></read>
    <write><var>session00</var></write>
    <read><length>4</length></read>
    <write><var>session00</var></write>
    <write><data>SHR\x00 \xfa gSUB\x00 \x0d dSHL\x00 \x99 \xdfSHR\x00 K \xa7NUL\x00 \xd5 \x17SHL\x00 h \xf6SET\x00 8 qDIV\x00 n \xf3NUL\x00 \x5b \xe2SET\x00 \xc3 lADD\x00 \x3c \xf6SHR\x00 \xa3 \x89\xd9\x91\xc7\x24 \xd2 \x8fMUL\x00 \x87 7NUL\x00 \xe5 hDIV\x00 \x9c NNUL\x00 \x29 \x1bSET\x00 \xbb N</data></write>
    <read><length>4</length></read>
    <read><length>256</length><match><data>\x3c\x00\x00\x00\x10\x00\x00\x00\x00\x00\x00\x00\x00\x00\x00\x00\xd5\x00\x00\x00\x00\x00\x00\x00\x00\x00\x00\x00\x00\x00\x00\x00\x00\x00\x00\x00\x00\x00\x9f\x00\x00\x00\x00\x00\x00\x00\x00\x00\xc5\x00\x00\x00\x00\x00\x00\x00\x00\x00\x00\x00\x00\x00\x00\x00\x00\x00\x00\x00\x00\x00\x00\x00\x00\x00\x00\x00\x00\x00\xbb\x00\x00\x00\x00\x00\x00\x00\x00\x00\x00\x00\x00\xa5\x00\x18\x00\x00\xbb\x00\x00\x00\xf3\xcc\x00\x00\x00\x00\x00\x00\xc3\x00\x00\x00\x008\x00M\x00\x00\x00\x00\x00\x00\x00\x00\x00\x00\x00\x00\x00\x00\x00\x00\x00\x00\x00\x00\x00\x00\x00\x00\x00\x00\x00\x00\x00\x00\xdf\x00\x00\x00\x00\x00\x00\x00\x00\x00\x00\x00\xbc\x00\x00\x00\x00\x00\x00\xc6\x00\x00\x00\x00\x00\x00\x00\x00\x00\x00\x00\x00\x00\x00\x00\x00\x00\x00\x00\x00\x00\x00\x00\x00\x00\x00\x8a\x00\x00\x00\x00\x00\x00\x00\x00\x00\x00\x00\x3d\x00\x00\x00\x00\x00\x00\x00\x00\x00\xa8\x00\x00\x00\x00\x00\x00\x00\x00\x00\x00\x00\x00\x00\x00\x00\x00\x00\x00\x00\x00\x00\x00\x00\x00\x00\x00\xb3\x00\x00\x00\x00\x3c\x00\x000N\x00\x00\x00\x00\x00</data></match></read>
    <write><data>F\xf0\xe3\xe3</data></write>
</replay>
</pov>