<?xml version="1.0" standalone="no" ?>
<!DOCTYPE pov SYSTEM "/usr/share/cgc-docs/replay.dtd">
<pov>
<cbid>service</cbid>
<seed>d0da2b765d25f69c2b47c335b6e48f752705821ac3882b31b351968091441737169b093ce61bf0d46706e2d9ec58849f</seed>
<replay>
    <delay>50</delay>
    <write><data>\x00\x00\x00\x00</data></write>
    <read><length>4</length><assign> <var>session00</var> <slice begin="0" /> </assign></read>
    <write><var>session00</var></write>
    <write><data>\xa8\x00</data></write>
    <write><var>session00</var></write>
    <write><data>SHL\x00 \xad \xef\xbc\xdd\xd7d g \x90SET\x00 ! iSET\x00 \x9f \xeeSHR\x00 \x82 \xc6SHL\x00 \x0a \xdaNUL\x00 \x13 pDIV\x00 \x19 cADD\x00 \xfd pSHR\x00 \x8e \xf6SUB\x00 \xc8 \xb1ADD\x00 \xd9 \x1dNUL\x00 B \x0ef5\x89\xce \xa2 \x9dSHL\x00 ? aDIV\x00 E \x87y\x0b\xf9\x83 \xe1 \x07\x07.g\xc5 \xa6 5SET\x00 \x87 \x81ADD\x00 y \xf8SHR\x00 \x82 \x2c</data></write>
    <read><length>4</length></read>
    <read><length>256</length><match><data>\x00\x00\x00\x00\x00\x00\x00\x00\x00\x00\x00\x00\x00\x00\x00\x00\x00\x00\x00\x00\x00\x00\x00\x00\x00\x00\x00\x00\x00\xd9\x00\x00\x00\x00\x00\x00\x00\x00\x00\x00\x00\x00\x00\x00\x00\x00\x00\x00\x00\x00\x00\x00\x00\x00\x00\x00\x00\x00\x00\x00\x00\x00\x00\x00\x00\x00\x00\x00\x00\x00\x00\x00\x00\x00\x00\x00\x00\x00\x00\x00\x00\x00\x00\x00\x00\x00\x00\x00\x00\x00\x00\x00\x00\x00\x00\x00\x00\x00\x00\x00\x00\x00\x00\x00\x00!\x00\x00\x00\x00\x00\x00\xfd\x00\x00\x00\x00\x00\x00\x00\x00\x00\x00\x00\x00\x00\x00\x00\x00\x87\x00\x00\x00\x00\x00\x00\x00\x00\x00\x00\x00\x00\x00\x00\x00\x00\x00\x00\x00\x00\x00\x00\x00\x00\x00\x00\x00\x00\x00\x00\x00\x00\x00\x00\x00\x00\x00\x00\x00\x00\x00\x00\x00\x00\x00\x00\x008\x00\x00\x00\x00\x00\x00\x00\x00\x00\x00\x00\x00\x00\x00\x00\x00\x00\x00\x00\x00\x00\x00\x00\x00\x00\x00\x00\x00\x00\x00\x00\x00\x00\x00\x00\x00\x00\x00\x00\x00\x00\x00\x00\x00\x00\x00\x00\x00\x00\x00\x00\x00\x00\x00\x00\x00\x00\x00\x00\x00\x9f\x00\x00\x00\x00\x00\x00\x00\x00\x00y\x00\x00\x00\x00\x00\x00\x00</data></match></read>
    <write><data>\x00\x00\x00\x00</data></write>
    <read><length>4</length><assign> <var>session01</var> <slice begin="0" /> </assign></read>
    <write><var>session01</var></write>
    <write><data>\xe8\x00</data></write>
    <write><var>session01</var></write>
    <write><data>DIV\x00 \x0a nSUB\x00 s \xe8ADD\x00 \xd1 \x99SUB\x00 \xa4 pNUL\x00 \x1a \x3dSHL\x00 \xdb \xe5ADD\x00 I \xc8NUL\x00 \x3d \x81SHR\x00 U \xaaSUB\x00 \x9e ?\xd8\xf0G\xe7 \x9c 0DIV\x00 \x1b \x1aNUL\x00 M \xadMUL\x00 \x2a \xb0SUB\x00 \x03 \x23SUB\x00 \x5c \xdcSHR\x00 \xcb f\x16W\xd6f \xe5 QSHR\x00 K \x95SHL\x00 \x2b \xfdSUB\x00 i XMUL\x00 \xfd \x90ADD\x00 b \x9a\xd7\x83\x02f \xe8 sNUL\x00 \xba kDIV\x00 \x8d \x13DIV\x00 \x2c \xebDIV\x00 \xf0 \x09ADD\x00 \x0d \xb6</data></write>
    <read><length>4</length></read>
    <read><length>256</length><match><data>\x00\x00\x00\x00\x00\x00\x00\x00\x00\x00\x00\x00\x00\x00\x00\x00\x00\x00\x00\x00\x00\x00\x00\x00\x00\x00\x00\x00\x00\x00\x00\x00\x00\x00\x00\xfd\x00\x00\x00\x00\x00\x00\x00\x00\x00\x00\x00\x00\x00\x00\x00\x00\x00\x00\x00\x00\x00\x00\x00\x00\x00\x00\x00b\x00\x00\x00\x00\x00\x00\x00\x00\x00\x00\x00\x00\x00\x00\x00\x00\x00\x00\x00\x00\x00\x00\x00\x00\x97\x00\x00\x00\x00\x00\x00\x00\x00\x00\x00\x00\x00\x00\x00\x00\x00\x00\x00\x00\x00\x00\x00\x00\x5c\x00\x00\x00\x00\x00\x00\x00\x00\x00\x00\x00\x00\x00\x00\x00\x00\x00\x00\x00\x00\x00\x00\x00\x00\x00\x00\x00\x00\x00\x00\x00\x00\x00\x00\x00\x00\x00\x00\x00\x00\xd1b\x00\x00\x00\x00\x00\x00\x00\x00\x00\x00\x00\x00\x00\x00\x00\x00\x00\x00\x00\x00\x00\x00\x00\x00\x00\x00\x00\x0d\x00\x00\x00\x00\x00\x00\x00\x00\x00\x00\x00\x00\x00\x00\x00\x00\x00I\x00\x00\x00\x00\x00\x00\x00\x00\x00\x00\x00\x00\x00\x00\x00\x00\x00\x00\x00\xa4\x00\x00\x00\x00\x00\x00\x00\x00\x00\x00\x00\x8d\x00\x00\x00\x00\x00\x00\x00\x00\x00\x00\x00\x00\x00\x00\x00\x00\x00\x00\x00\x00\x00\x00\x00</data></match></read>
    <write><var>session00</var></write>
    <read><length>4</length></read>
    <write><var>session00</var></write>
    <write><data>o.\xff\xbf \x2f \x9fDIV\x00 \x0c \xbf7F\x0d\x28 \xc3 \xc1SUB\x00 \x2b \xa1ADD\x00 \x2d \xf7SHL\x00 \x01 \x2aSET\x00 i \x07SHR\x00 \xee WSHL\x00 \xc3 \xeaSUB\x00 h \x27MUL\x00 \x3d \xb2SHR\x00 \x8f \xb0SET\x00 \x7f \x8cSHR\x00 ? \xe8SET\x00 u sSHR\x00 \xea \x82SET\x00 \x8d \x22MUL\x00 \x12 \xd5DIV\x00 \xf5 \x7eSHR\x00 \x25 \xcdSET\x00 \xec \x2f</data></write>
    <read><length>4</length></read>
    <read><length>256</length><match><data>\x00\x00\x00\x00\x00\x00\x00i\x00\x00\x00\x00\x00\x00\x00\x00\x00\x00\x00\x00\x00\x00\x00\x00\x00\x00\x00\x00\x00\xd9\x00\x00\x00\x00\x8d\x00\x00\x00\x00\x98\x00\x00\x00\x00\x00\x00\x00\xec\x00\x00\x00\x00\x00\x00\x00\x00\x00\x00\x00\x00\x00\x00\x00\x00\x00\x00\x00\x00\x00\x00\x00\x00\x00\x00\x00\x00\x00\x00\x00\x00\x00\x00\x00\x00\x00\x00\x00\x00\x00\x00\x00\x00\x00\x00\x00\x00\x00\x00\x00\x00\x00\x00\x00\x00\x00!\x00\x00\x00\x00\x00\x00\xfd\x00\x00u\x00\x00\x00\x00\x00\x00\x00\x00\x00\x00\x00\x00\x00\x87\x00\x00\x00\x00\x00\x00\x00\x00\x00\x00\x7f\x00\x00\x00\x00\x00\x00\x00\x00\x00\x00\x00\x00\x00\x00\x00\x00\x00\x00\x00\x00\xd5\x00\x00\x00\x00\x00\x00\x00\x00\x00\x00\x00\x00\x00\x00\x008\x00\x00\x00\x00\x00\x00\x00\x00\x00\x00\x00\x00\x00\x00\x00\x00\x00\x00\x00\x00\x00\x00\x00\x00\x00\x00\x00\x00\x00\x00\x00\x00\x00\x00\x00\x00\x00\x00\x00\x00\x00\x00\x00\x00\x00\x00\x00\x00\x00\x00\x00\x00\x00\x00\x00\x00\x00\x00\x00\x00\x9f\x00\x00\x00\x00\x00\x00\x00\x00\x2dy\x00\x00\x00\x00\x00\x00\x00</data></match></read>
    <write><var>session00</var></write>
    <read><length>4</length></read>
    <write><var>session00</var></write>
    <write><data>DIV\x00 \xbc UADD\x00 \x84 \x14SHL\x00 \x1b HSHL\x00 \xfd \x3c\x14\x1f\xa6\x2f \xa0 \x06DIV\x00 \x91 \xacSET\x00 \x03 SMUL\x00 \x1e T\x60\xd4\xdb\xf4 \x3e \x23SUB\x00 V \x7eDIV\x00 \xf2 \x14DIV\x00 \x3e \xd4MUL\x00 U \x5bDIV\x00 \x0a XSHL\x00 D \x40MUL\x00 7 s9H\xd3\xbd \xb7 \x7eADD\x00 \xd1 \xe8SUB\x00 \xd2 \xe8SUB\x00 p \x1fMUL\x00 c \x17</data></write>
    <read><length>4</length></read>
    <read><length>256</length><match><data>\x00\x00\x00\x00\x00\x00\x00i\x00\x00\x00\x00\x00\x00\x00\x00\x00\x00\x00\x00\x00\x00\x00\x00\x00\x00\x00\x00\x00\xd9\x00\x90\x00\x00\x8d\x00\x00\x00\x00\x98\x00\x00\x00\x00\x00\x00\x00\xec\x00\x00\x00\x00\x00\x00\x00\x00\x00\x00\x00\x00\x00\x00\x00\x00\x00\x00\x00\x00\x00\x00\x00\x00\x00\x00\x00\x00\x00\x00\x00\x00\x00\x00\x00\x03\x00\x00\x00\x00\x00\x00\x00\x00\x00\x00\x00\x00\x00\x00\x00\x00\x00\x00\x00\x00\x00!\x00\x00\x00\x00\x00\x00\xfd\x00\x00\x23\x00\x00\x00\x00\x00\x00\x00\x00\x00\x00\xaa\x00\x00\x87\x00\x00\x00\x00\x00\x00\x00\x00\x00\x00\x7f\x00\x00\x00\x00\x00\x00\x00\x00\x00\x00\x00\x00\x00\x00\x00\x00\x00\x00\x00\x00\xd5\x00\x00\x00\x00\x00\x00\x00\x00\x00\x00\x00\x00\x00\x00\x008\x00\x00\x00\x00\x00\x00\x00\x00\x00\x00\x00\x00\x00\x00\x00\x00\x00\x00\x00\x00\x00\x00\x00\x00\x00\x00\x00\x00\x00\x00\x00\x00\x00\x00\x00\x00\x00\x00\x00\x00\x00\x00\x00\x00\x00\x00\x00\x00\x00\x00\x00\x00\x00\x00\xff\x00\x00\x00\x00\x00\x9f\x00\x00\x00\x00\x00\x00\x00\x00\x2dy\x00\x00\x00\x00\x00\x00\x00</data></match></read>
    <write><data>F\xf0\xe3\xe3</data></write>
</replay>
</pov>