<?xml version="1.0" standalone="no" ?>
<!DOCTYPE pov SYSTEM "/usr/share/cgc-docs/replay.dtd">
<pov>
<cbid>service</cbid>
<seed>4140e5d9cd8cbf39dfb7fc4198567b6ca18e9a702d75235dfc88a1aa14c6db44a2cc32bed9128bb2ff93de2cbaf8e307</seed>
<replay>
    <delay>50</delay>
    <write><data>\x00\x00\x00\x00</data></write>
    <read><length>4</length><assign> <var>session00</var> <slice begin="0" /> </assign></read>
    <write><var>session00</var></write>
    <write><data>0\x00</data></write>
    <write><var>session00</var></write>
    <write><data>SET\x00 J QSUB\x00 \xa6 KDIV\x00 7 \xbcMUL\x00 n \x90MUL\x00 \x80 \xd5SHR\x00 \x1f \x3d</data></write>
    <read><length>4</length></read>
    <read><length>256</length><match><data>\x00\x00\x00\x00\x00\x00\x00\x00\x00\x00\x00\x00\x00\x00\x00\x00\x00\x00\x00\x00\x00\x00\x00\x00\x00\x00\x00\x00\x00\x00\x00\x00\x00\x00\x00\x00\x00\x00\x00\x00\x00\x00\x00\x00\x00\x00\x00\x00\x00\x00\x00\x00\x00\x00\x00\x00\x00\x00\x00\x00\x00\x00\x00\x00\x00\x00\x00\x00\x00\x00\x00\x00\x00\x00\x00Z\x00\x00\x00\x00\x00J\x00\x00\x00\x00\x00\x00\x00\x00\x00\x00\x00\x00\x00\x00\x00\x00\x00\x00\x00\x00\x00\x00\x00\x00\x00\x00\x00\x00\x00\x00\x00\x00\x00\x00\x00\x00\x00\x00\x00\x00\x00\x00\x00\x00\x00\x00\x00\x00\x00\x00\x00\x00\x00\x00\x00\x00\x00\x00\x00\x00\x00\x00\x00\x00\x00\x00\x00\x00\x00\x00\x00\x00\x00\x00\x00\x00\x00\x00\x00\x00\x00\x00\x00\x00\x00\x00\x00\x00\x00\x00\x00\x00\x00\x00\x00\x00\x00\x00\x00\x00\x00\x00\x00\x00\x00\x00\x00\x00\x00\x00\x00\x00\x00\x00\x00\x00\x00\x00\x00\x00\x00\x00\x00\x00\x00\x00\x00\x00\x00\x00\x00\x00\x00\x00\x00\x00\x00\x00\x00\x00\x00\x00\x00\x00\x00\x00\x00\x00\x00\x00\x00\x00\x00\x00\x00\x00\x00\x00\x00\x00\x00\x00\x00\x00\x00\x00\x00\x00\x00\x00\x00\x00\x00\x00</data></match></read>
    <write><data>\x00\x00\x00\x00</data></write>
    <read><length>4</length><assign> <var>session01</var> <slice begin="0" /> </assign></read>
    <write><var>session01</var></write>
    <write><data>H\x00</data></write>
    <write><var>session01</var></write>
    <write><data>\xdd\xde\xd5\x8e \x89 \x5cSUB\x00 o \x3dDIV\x00 \x13 OSHR\x00 s \x23SUB\x00 \xb3 RSET\x00 \xef \x15SHR\x00 \xd3 \xb4SET\x00 \x11 GSHL\x00 \xa0 \xee</data></write>
    <read><length>4</length></read>
    <read><length>256</length><match><data>\x00\x00\x00\x00\x00\x00\x00\x00\x00\x00\x00\x00\x00\x00\x00\x00\x00\x00\x00\x00\x00\xef\x00\x00\x00\x00\x00\x00\x00\x00\x00\x00\x00\x00\x00\x00\x00\x00\x00\x00\x00\x00\x00\x00\x00\x00\x00\x00\x00\x00\x00\x00\x00\x00\x00\x00\x00\x00\x00\x00\x00\x91\x00\x00\x00\x00\x00\x00\x00\x00\x00\x11\x00\x00\x00\x00\x00\x00\x00\x00\x00\x00M\x00\x00\x00\x00\x00\x00\x00\x00\x00\x00\x00\x00\x00\x00\x00\x00\x00\x00\x00\x00\x00\x00\x00\x00\x00\x00\x00\x00\x00\x00\x00\x00\x00\x00\x00\x00\x00\x00\x00\x00\x00\x00\x00\x00\x00\x00\x00\x00\x00\x00\x00\x00\x00\x00\x00\x00\x00\x00\x00\x00\x00\x00\x00\x00\x00\x00\x00\x00\x00\x00\x00\x00\x00\x00\x00\x00\x00\x00\x00\x00\x00\x00\x00\x00\x00\x00\x00\x00\x00\x00\x00\x00\x00\x00\x00\x00\x00\x00\x00\x00\x00\x00\x00\x00\x00\x00\x00\x00\x00\x00\x00\x00\x00\x00\x00\x00\x00\x00\x00\x00\x00\x00\x00\x00\x00\x00\x00\x00\x00\x00\x00\x00\x00\x00\x00\x00\x00\x00\x00\x00\x00\x00\x00\x00\x00\x00\x00\x00\x00\x00\x00\x00\x00\x00\x00\x00\x00\x00\x00\x00\x00\x00\x00\x00\x00\x00\x00\x00\x00\x00\x00\x00\x00</data></match></read>
    <write><data>F\xf0\xe3\xe3</data></write>
</replay>
</pov>