<?xml version="1.0" standalone="no" ?>
<!DOCTYPE pov SYSTEM "/usr/share/cgc-docs/replay.dtd">
<pov>
<cbid>service</cbid>
<seed>ff0e146fbf3f627b574ea5a26d44dded9aec278fd1bb0f2ad5c49c29cdfc4113d27b2006d832066acb14f47d552352b1</seed>
<replay>
    <delay>50</delay>
    <write><data>\x00\x00\x00\x00</data></write>
    <read><length>4</length><assign> <var>session00</var> <slice begin="0" /> </assign></read>
    <write><var>session00</var></write>
    <write><data>\xb0\x00</data></write>
    <write><var>session00</var></write>
    <write><data>MUL\x00 \x94 \x12NUL\x00 y \xb4\x19y\x82W 1 \xd7\xa80A9 U \xe4SHR\x00 \xe5 \x8aNUL\x00 \x10 \x1dNUL\x00 j ?\xab\x2d\x1d\xe1 \xfd \x25SHR\x00 N \xc5SET\x00 \x81 \xc8SUB\x00 Q \x83SET\x00 \x2f 9DIV\x00 w qSET\x00 \xf7 \xe3SHL\x00 \x19 \xf1SET\x00 \x99 \xceMUL\x00 w \xd1NUL\x00 \x0a \x09SHR\x00 \xde \x7dNUL\x00 \x5b \xa3SUB\x00 \x1e \xd4SET\x00 \xc5 \x90</data></write>
    <read><length>4</length></read>
    <read><length>256</length><match><data>\x00\x00\x00\x00\x00\x00\x00\x00\x00\x00\x00\x00\x00\x00\x00\x00\x00\x00\x00\x00\x00\x00\x00\x00\x00\x00\x00\x00\x00\x00\x00\x00\x00\x00\x00\x00\x00\x00\x00\x00\x00\x00\x00\x00\x00\x00\x00\x00\x00\x00\x00\x00\x00\x00\x00\x00\x00\x2f\x00\x00\x00\x00\x00\x00\x00\x00\x00\x00\x00\x00\x00\x00\x00\x00\x00\x00\x00\x00\x00\x00\x00\x00\x00\x00\x00\x00\x00\x00\x00\x00\x00\x00\x00\x00\x00\x00\x00\x00\x00\x00\x00\x00\x00\x00\x00\x00\x00\x00\x00\x00\x00\x00\x00\x00\x00\x00\x00\x00\x00\x00\x00\x00\x00\x00\x00\x00\x00\x00\x00\x00\x00\xaf\x00\x00\x00\x00\x00\x00\x00\x00\x00\x00\x00\x00\xc5\x00\x00\x00\x00\x00\x00\x00\x00\x00\x00\x00\x00\x00\x00\x00\x00\x00\x00\x00\x00\x00\x00\x00\x00\x00\x00\x00\x00\x00\x00\x00\x00\x00\x00\x00\x00\x00\x00\x00\x00\x00\x00\x00\x00\x00\x00\x00\x00\x00\x00\x00\x00\x00\x00\x00\x81\x00\x00\x00\x00\x00\x99\x00\x00\x00\x00\x00\xe2\x00\x00\x00\x00\x00\x00\x00\x00\x00\x00\x00\x00\x00\x00\xf7\x00\x00\x00\x00\x00\x00\x00\x00\x00\x00\x00\x00\x00\x00\x00\x00\x00\x00\x00\x00\x00\x00\x00\x00\x00\x00\x00\x00</data></match></read>
    <write><data>F\xf0\xe3\xe3</data></write>
</replay>
</pov>