<?xml version="1.0" standalone="no" ?>
<!DOCTYPE pov SYSTEM "/usr/share/cgc-docs/replay.dtd">
<pov>
<cbid>service</cbid>
<seed>afa784ac3a722f532e7f9f5bf01854241bec7869343f92b33f25f3a504eb28f209f95fd91f9986747163ec7a1adbdc73</seed>
<replay>
    <delay>50</delay>
    <write><data>\x00\x00\x00\x00</data></write>
    <read><length>4</length><assign> <var>session00</var> <slice begin="0" /> </assign></read>
    <write><var>session00</var></write>
    <write><data>\xf8\x00</data></write>
    <write><var>session00</var></write>
    <write><data>SET\x00 \x60 \x05SET\x00 \x19 \xf8SET\x00 \x28 \xa9I\xc9\x80  \xe6 \x5dADD\x00 \xd5 \x9eSHL\x00 D \xf1SUB\x00 \x8d \x81\xa8\x23\x5d\x5d \xf4 \xf4SHL\x00 \x92 \xd3ADD\x00 \xe6 \x10DIV\x00 \x01 PDIV\x00 \x87 \x00SET\x00 \x93 \x7dSHL\x00 \xff \x90SET\x00 \x5d \x01DIV\x00 \x15 \x1bDIV\x00 Z \x29MUL\x00 \x5b \xfcD\xfeyn \xff \x87NUL\x00 \x0f \xb6SET\x00 \xa8 5SET\x00 \x40 WU\xb1\xa5\x18 \xba \xb8SET\x00 \xaf \x00\x1b.r\x60 \x99 \x7eNUL\x00 \x3e \x13SUB\x00 \xee 9NUL\x00 \xbc TSHL\x00 \xb3 \xd5NUL\x00 \xfd \x3dDIV\x00 \xb9 \xd8</data></write>
    <read><length>4</length></read>
    <read><length>256</length><match><data>\xaf\x5d\x00\x00\x00\x60\x00\x00\x00\x00\x00\x00\x00\x00\x00\x00\xe6\x00\x00\x00\x00\x00\x00\x00\x00\x00\x00\x00\x00\x00\x00\x00\x00\x00\x00\x00\x00\x00\x00\x00\x00\x00\x00\x00\x00\x00\x00\x00\x00\x00\x00\x00\x00\xa8\x00\x00\x00\x12\x00\x00\x00\x00\x00\x00\x00\x00\x00\x00\x00\x00\x00\x00\x00\x00\x00\x00\x00\x00\x00\x00\x00\x00\x00\x00\x00\x00\x00\x40\x00\x00\x00\x00\x00\x00\x00\x00\x00\x00\x00\x00\x00\x00\x00\x00\x00\x00\x00\x00\x00\x00\x00\x00\x00\x00\x00\x00\x00\x00\x00\x00\x00\x00\x00\x00\x00\x93\x00\x00\x00s\x00\x00\x00\x00\x00\x00\x00\x00\x00\x00\x00\x00\x00\x00\x00\x00\x00\x00\x00\x00\x00\x00\x00\x00\x00\x00\x00\x00\xd5\x00\x00\x00\x00\x00\x00\x00\x00\x00\x00\x28\x00\x00\x00\x00\x00\x00\x00\x00\x00\x00\x00\x00\x00\x00\x00\x00\x00\x00\x00\x00\x00\x00\x00\x00\x00\x00\x00\x00\x00\x00\x00\x00\x00\x00\x00\x00\x00\x00\x00\x00\x00\x00\x00\x00\x00\x00\x00\x00\x00\x00\x00\x00\x00\x00\x00\x00\x00\x00\x00\x00\x00\x00\x00\x00\x00\x00\x00\x00\x00\x00\x00\x00\x00\x00\x00\x00\x00\x00\x19\x00\x00\x00\x00\x00\x00\x00</data></match></read>
    <write><var>session00</var></write>
    <read><length>4</length></read>
    <write><var>session00</var></write>
    <write><data>SHL\x00 \xda \x9eMUL\x00 \x5c \xb0ADD\x00 \xbf \xb6SET\x00 \x09 K\x8et\xdc\x5c y \xc0NUL\x00 h nNUL\x00 \xdf \xbaDIV\x00 \x1f \x0cSHR\x00 \xb4 ZSUB\x00 \xce NADD\x00 V iSHR\x00 \xce qNUL\x00 \xb0 rNUL\x00 \xf5 \xc2\xf7b\xb3\xd5 M \xd6SUB\x00 i \x9cADD\x00 ! \xdbSHL\x00 \x5e NDIV\x00 \x5f \x10MUL\x00 \x60 \xc1DIV\x00 w \x28\xd2\xe9\xb1D \x1d \xe5SUB\x00 \x0a oSUB\x00 \x40 \xe8ADD\x00 T \x05L\x7f\xb6\xe0 Y \x14D\x8a\x8b\xad P \xeeNUL\x00 \x2d hSHR\x00 \x87 \xa9SET\x00 \xe4 \x10NUL\x00 \xac \xb9</data></write>
    <read><length>4</length></read>
    <read><length>256</length><match><data>\xaf\x5d\x00\x00\x00\xb4\x00\x00\x00\x00\x00\x00\x00\x00\x00\x00\xe4\x00\x00\x00\x00\x00\x00\x00\x00\x00\x00\x00\x00\x00\x00\x00\x00\x00\x00\x00\x00\x00\x00\x00\x00\x00\x00\x00\x00\x00\x00\x00\x00\x00\x00\x00\x00\xa8\x00\x00\x00\x12\x00\x00\x00\x00\x00\x00\x00\x00\x00\x00\x00\x00\x00\x00\x00\x00\x00\x09\x00\x00\x00\x00\x00\x00\x00\x00\x00\x00\x00\x40\x00\x00\x00\x00\x00\x00\x00\x00\x00\x00\x00\x00\x00\x00\x00\x00\x00V\x00\x00\x00\x00\x00\xf6\x00\x00\x00\x00\x00\x00\x00\x00\x00\x00\x00\x00\x00\x93\x00\x00\x00s\x00\x00\x00\x00\x00\x00\x00\x00\x00\x00\x00\x00\x00\x00\x00\x00\x00\x00\x00\x00\x00\x00\x00\x00\x00\x00\x97\x00\x00\x00\x00\x00\x00\x00\x00\x00\x00\x00\x00\x00\x00\x00\x00\x00\x00\x00\x00\x00\x00\x00\x00\x00\xbf\x00\x00\x00\x00\x00\x00\x00\x00\x00\x00\x00\x00\x00\x00\x00\x00\x00\x00\x00\x00\x00\x00\x00\x00\x00\x00\x00\x00\x00\x00\x00\x00\x00\x00\x00\x00!\x00\x00\x00\x00\x00\x00\x00\x00\x00\x00\x00\x00\xc0\x00\x00\x00\x00\x00\x00\x00\x00\x00\x00\x00\x00\x00\x00\x00\x19\x00\x00\x00\x00\x00\x00\x00</data></match></read>
    <write><data>\x00\x00\x00\x00</data></write>
    <read><length>4</length><assign> <var>session01</var> <slice begin="0" /> </assign></read>
    <write><var>session01</var></write>
    <write><data>h\x00</data></write>
    <write><var>session01</var></write>
    <write><data>SET\x00 \x1b 6NUL\x00 \xc1 \x8bMUL\x00 \xf2 7DIV\x00 M \xdcSHL\x00 \x81 IADD\x00 y \xe0SUB\x00 \xbb \x1dADD\x00 y 9DIV\x00 x \xc8ADD\x00 \xaf \x19ADD\x00 v uSUB\x00 X \x8fSET\x00 \xe5 \xab</data></write>
    <read><length>4</length></read>
    <read><length>256</length><match><data>\x00\x00\x00\x00\x00\x00\x00\x00\x00\x00\x00\x00\x00\x00\x00\x00\x00\x00\x00\x00\x00\x00\x00\x00\x00\xaf\x00\x00\x00E\x00\x00\x00\x00\x00\x00\x00\x00\x00\x00\x00\x00\x00\x00\x00\x00\x00\x00\x00\x00\x00\x00\x00\x00\x1b\x00\x00y\x00\x00\x00\x00\x00\x00\x00\x00\x00\x00\x00\x00\x00\x00\x00\x00\x00\x00\x00\x00\x00\x00\x00\x00\x00\x00\x00\x00\x00\x00\x00\x00\x00\x00\x00\x00\x00\x00\x00\x00\x00\x00\x00\x00\x00\x00\x00\x00\x00\x00\x00\x00\x00\x00\x00\x00\x00\x00\x00v\x00\x00\x00\x00\x00\x00\x00\x00\x00\x00\x00\x00\x00\x00\x00\x00\x00\x00\x00\x00\x00\x00\x00\x00\x00\xa8\x00\x00\x00\x00\x00\x00\x00\x00\x00\x00\x00\x00\x00\x00\x00\x00\x00\x00\x00\x00\x00\x00\x00\x00\x00\x00\x00\xe5\x00\x00\x00\x00\x00\x00\x00\x00\x00\x00\x00\x00\x00\x00\x00\x00\x00\x00\x00\x00\x00\x00\x00\x00\x00\x00\x00\x00\x00\x00\x00\x00\x00\x00\x00\x00\x00\x00\x00\x00\x00\x00\x00\x00\x00\x00\x00\x00\x00\x00\x00\x00y\x00\x00\x00\x00\x00\x00\x00\x00\x00\x00\x00\x00\x00\x00\x00\x00\x00\x00\x00\x00\x00\x00\x00\x00\x00\x00\x00\x00\x00\x00\x00</data></match></read>
    <write><data>\x00\x00\x00\x00</data></write>
    <read><length>4</length><assign> <var>session02</var> <slice begin="0" /> </assign></read>
    <write><var>session02</var></write>
    <write><data>\xe8\x00</data></write>
    <write><var>session02</var></write>
    <write><data>SHR\x00 \x19 wSHL\x00 \x19 \xa7SUB\x00 \xb0 \xe1SHL\x00 \x8d \xaaADD\x00 \x8b .MUL\x00 C \x13NUL\x00 \x7e a\x25\x91T\xf7 \x26 4\xb5\xfc\x0c\x10 i \x24SUB\x00 \xea \x96SHR\x00 \xbb wADD\x00 \xe3 \xb2\x2c\x7bR\x9a \x09 \xd5SHR\x00 V \xc2DIV\x00 \xe0 \x5cSHL\x00 \x24 \x93\xe3\xde\x9d\x89 \x04 \x0aDIV\x00 \x89 \x2dSHL\x00 \xbc \xfa\xa8kR4 \x26 eSET\x00 \x9a \xd5NUL\x00 \xc2 \xadMUL\x00 \xb9 \x94SHR\x00 \x60 \x11SET\x00 \x87 \x2cSHR\x00 \x89 \x5fSHR\x00 Y \x7cSHR\x00 w \xb4\xb4\xa0\xb8\x8d \x2c \x07</data></write>
    <read><length>4</length></read>
    <read><length>256</length><match><data>\x00\x00\x00\x00\x00\x00\x00\x00\x00\x00\x00\x00\x00\x00\x00\x00\x00\x00\x00\x00\x00\x00\x00\x00\x00\x00\x00\x00\x00\x00\x00\x00\x00\x00\x00\x00\x00\x00\x00\x00\x00\x00\x00\x00\x87\x00\x8b\x00\x00\x00\x00\x00\x00\x00\x00\x00\x00\x00\x00\x00\x00\x00\x00\x00\x00\x00\x00\x00\x00\x00\x00\x00\x00\x00\x00\x00\x00\x00\x00\x00\x00\x00\x00\x00\x00\x00\x00\x00\x00\x00\x00\x00\x00\x00\x00\x00\x00\x00\x00\x00\x00\x00\x00\x00\x00\x00\x00\x00\x00\x00\x00\x00\x00\x00\x00\x00\x00\x00\x00\x00\x00\x00\x00\x00\x00\x00\x00\x00\x00\x00\x00\x00\x00\x00\x00\x00\x00\x00\x00\x00\x00\x00\x00\x00\x00\x00\x00\x00\x00\x00\x16\x00\x00\x00\x00\x00\x00\x00\x00\x00\x00\x00\x00\x00\x00\x00\x00\x00\x00\x00\x00\x00\x00\x00\x00\x00\x00\x00\xe3\x00\x00\x00\x00\x00\x00\x00\x00\x00\x00\x00\x00\x00\x00\x00\x00\x00\x00\x00\x00\x00\x00\x00\x00\x00\x00\x00\x00\x00\x00\x00\x00\x00\x00\x9a\x00\x00\x00\x00\x00\x00\x00\x00\x00\x00\x00P\x00\x00\x00\x00\x00\x00\x00\x00\x00\x00\x00\x00\x00\x00\x00\x00\x00\x00\x00\x00\x00\x00\x00\x00\x00\x00\x00\x00\x00\x00</data></match></read>
    <write><data>\x00\x00\x00\x00</data></write>
    <read><length>4</length><assign> <var>session03</var> <slice begin="0" /> </assign></read>
    <write><var>session03</var></write>
    <write><data>\xc0\x00</data></write>
    <write><var>session03</var></write>
    <write><data>DIV\x00 \x05 \x93ADD\x00 \xef \xf4ADD\x00 \x7b \xe1NUL\x00 \xe5 \xe5SHR\x00 \xad \xedADD\x00 5 \x84ADD\x00 \xb3 \xc5\x1c\xe6\xf8\xbf \x1f \xabSUB\x00 h \xdeADD\x00 D \x01SET\x00 6 \xffSUB\x00 \xf5 \xfa\x0e?\x5b\xff \x0e \xbaNUL\x00 3 \xd6SET\x00 0 \x08ADD\x00 \xa5 fNUL\x00 \x2f \x8aNUL\x00 \xc7 \x80SET\x00 \x0d \x05ADD\x00 \x0d \xce\xf9T\x85\xb8 \xd8 sF\xdc\x0b\x9c \xe0 \x40SHL\x00 X bMUL\x00 \x84 \x12</data></write>
    <read><length>4</length></read>
    <read><length>256</length><match><data>\x00D\x00\x00\x00\x0d\x00\x000\x00\x00\x00\x00\x00\x00\x00\x00\x00\x00\x00\x00\x00\x00\x00\x00\x00\x00\x00\x00\x00\x00\x00\x00\x00\x00\x00\x00\x00\x00\x00\x00\x00\x00\x00\x00\x00\x00\x00\x00\x00\x00\x00\x00\x00\x00\x00\x00\x00\x00\x00\x00\x00\x00\x00\x00\x00\x00\x00\x00\x00\x00\x00\x00\x00\x00\x00\x00\x00\x00\x00\x00\x00\x00\x00\x00\x00\x00\x00\x00\x00\x00\x00\x00\x00\x00\x00\x00\x00\x00\x00\x00\x00\xa5\x00\x00\x00\x00\x00\x00\x00\x00\x00\x00\x00\x00\x00\x00\x00\x00\x00\x00\x00\x00\x00\x00\x00\x00\x00\x00\x00\x00\x005\x00\x00\x00\x00\x00\x00\x00\x00\x00\x00\x00\x00\x00\x00\x00\x00\x00\x00\x00\x00\x00\x00\x00\x00\x00\x00\x00\x00\x00\x00\x00\x00\x00\x00\x00\x00\x00\x00\x00\x00\x00\x00\x00\x00\x00\x00\x00\x00\x00\x00\x00\x00\x00\x00\x00\x00\x00\x00\x00\x00\x00\x00\x00\x00\xb3\x00\x00\x00\x00\x00\x00\x00\x00\x0d\x00\x00\x00\x00\x00\x00\x00\x00\x00\x00\x00\x00\x00\x00\x00\x98\x00\x00\x7b\x00\x00\x00\x00\x00\x00\x00\x00\x00\x00\x00\x00\x00\x00\x00\x00\x00\x00\xef\x00\x00\x00\x00\x00\x0b\x00\x00\x00\x006</data></match></read>
    <write><data>F\xf0\xe3\xe3</data></write>
</replay>
</pov>