<?xml version="1.0" standalone="no" ?>
<!DOCTYPE pov SYSTEM "/usr/share/cgc-docs/replay.dtd">
<pov>
<cbid>service</cbid>
<seed>31206b7cf202106dc76d3b3da7258751276e8c2bb248bf3134d11c18b400e4bd0971b1a9c1cbf94fd9d26f8bfd38f2a3</seed>
<replay>
    <delay>50</delay>
    <write><data>\x00\x00\x00\x00</data></write>
    <read><length>4</length><assign> <var>session00</var> <slice begin="0" /> </assign></read>
    <write><var>session00</var></write>
    <write><data>\xf0\x00</data></write>
    <write><var>session00</var></write>
    <write><data>SHR\x00 \xe5 \xb4MUL\x00 \x13 \x1fDIV\x00 \xc7 8SET\x00 t \xc1DIV\x00 \x7f \xcaADD\x00 6 \x8bMUL\x00 \x0b \x2bSET\x00 \x82 \xc6SET\x00 \xf9 \xf6ADD\x00 1 s\x96\xa9\xb6\x94 Z lSHL\x00 \x07 lNUL\x00 \xf9 \x95SUB\x00 \x98 \xaeADD\x00 \x06 \xb4SUB\x00 \xff \xc0NUL\x00 \xb4 RSET\x00 w UADD\x00 \xb8 \x09SHL\x00 \xa3 \xb5SHL\x00 \xd8 \x7cSHR\x00 4 \x23SHR\x00 \x24 \xa3ADD\x00 \x04 5SUB\x00 \x82 \x84SET\x00 z \xbfSHL\x00 w ZMUL\x00 \xe0 \xa6DIV\x00 \x2a \x90DIV\x00 \x01 \xb5</data></write>
    <read><length>4</length></read>
    <read><length>256</length><match><data>\x00\x00\x00\x00\x00\x00\x00\x00\x00\xb8\x00\x00\x00\x00\x00\x00\x00\x00\x00\x00\x00\x00\x00\x00\x00\x00\x00\x00\x00\x00\x00\x00\x00\x00\x00\x00\x00\x00\x00\x00\x00\x00\x00\x00\x00\x00\x00\x00\x00\x00\x00\x00\x00\x04\x00\x00\x00\x00\x00\x00\x00\x00\x00\x00\x00\x00\x00\x00\x00\x00\x00\x00\x00\x00\x00\x00\x00\x00\x00\x00\x00\x00\x00\x00\x00w\x00\x00\x00\x00\x00\x00\x00\x00\x00\x00\x00\x00\x00\x00\x00\x00\x00\x00\x00\x00\x00\x00\x00\x00\x00\x00\x00\x00\x001\x00\x00\x00\x00\x00\x00\x00\x00\x00\x00\x00\x00\x00\x00\x00\x00\x7e\x00\x00\x00\x00\x00\x006\x00\x00\x00\x00\x00\x00\x00\x00\x00\x00\x00\x00\x00\x00\x00\x00\x00\x00\x00\x00\x00\x00\x00\x00\x00\x00\x00\x00\x00\x00\x00\x00\x00\x00h\x00\x00\x00\x00\x00\x06\x00\x00\x00\x00\x00\x00\x00\x00\x00\x00z\x01t\x00\x00\x00\x00\x82\x00\x00\x00\x00\x00\x00\x00\x00\x00\x00\x00\x00\x00\x00\x00\x00\x00\x00\x00\x00\x00\x00\x00\x00\x00\x00\x00\x00\x00\x00\x00\x00\x00\x00\x00\x00\x00\x00\x00\x00\x00\x00\x00\x00\x00\x00\x00\xf9\x00\x00\x00\x00\x00\x00\x00\x00\x00</data></match></read>
    <write><data>\x00\x00\x00\x00</data></write>
    <read><length>4</length><assign> <var>session01</var> <slice begin="0" /> </assign></read>
    <write><var>session01</var></write>
    <write><data>x\x00</data></write>
    <write><var>session01</var></write>
    <write><data>MUL\x00 \xc1 \x9bNUL\x00 \x2c hSET\x00 \x1c \xdbNUL\x00 \xe5 \xd8NUL\x00 \xdb XNUL\x00 \xba \x83NUL\x00 l \x11MUL\x00 \xe3 \x16DIV\x00 \xfa \x2fSHR\x00 5 \xb7SUB\x00 z fADD\x00 v \xfeNUL\x00 \xed \xc3DIV\x00 Q \xd4SHL\x00 N \xb7</data></write>
    <read><length>4</length></read>
    <read><length>256</length><match><data>\x00\x00\x00\x00\x00\x00\x00\x00\x00\x00\x00\x00\x00\x00\x00\x00\x00\x00\x00\x00\x00\x00\x00\x00\x00\x00\x00\x00\x00\x00\x00\x00\x00\x00\x00\x00\x00\x00\x00\x00\x00\x00\x00\x00\x00\x00\x00\x00\x00\x00\x00\x00\x00\x00\x00\x00\x00\x00\x00\x00\x00\x00\x00\x00\x00\x00\x00\x00\x00\x00\x00\x00\x00\x00\x00\x00\x00\x00\x00\x00\x00\x00\x00\x00\x00\x00\x00\x00\x00\x00\x00\x00\x00\x00\x00\x00\x00\x00\x00\x00\x00\x00\x86\x00\x00\x00\x00\x00\x00\x00\x00\x00\x00\x00\x00\x00\x00\x00\x00\x00\x00\x00\x00\x00\x00\x00\x00\x00\x00\x00\x00\x00\x00\x00\x00\x00\x00\x00\x00\x00\x00\x00\x00\x00\x00\x00\x00\x00\x00\x00\x00\x00\x00\x00\x00\x00\x00\x00\x00\x00\x00\x00\x00\x00\x00\x00\x00\x00\x00\x00\x00\x00\x00\x00\x00\x00\x00\x00\x00\x00\x00\x00\x00\x00\x00\x00\x00\x00\x00\x00\x00\x00\x00\x00\x00\x00\x00\x00\x00\x00\x00\x00\x00\x00\x00\x00\x00\x00\x00\x00\x00\x00\x00\x00\x00\x00\x00\x00\x00\x1c\x00\x00\x00\x00\x00\x00\x00\x00\x00\x00\x00\x00\x00\x00\x00\x00\x00\x00\x00\x00\x00\x00\x00\x00\x00\x00\x00\x00\x00\x00\x00\x00\x00\x00v\x00</data></match></read>
    <write><var>session00</var></write>
    <read><length>4</length></read>
    <write><var>session00</var></write>
    <write><data>SUB\x00 \x1e \x8aMUL\x00 \xa8 \xccDIV\x00 . \x7fSHR\x00 \x99 \x5fSHL\x00 4 \x7bDIV\x00 \xfc NSHL\x00 \xc1 AADD\x00 \x1e \xdeSHR\x00 B \xecSUB\x00 \x90 \xe2SET\x00 \xb0 ySUB\x00 \xb3 \x18MUL\x00 c \xdbMUL\x00 \xb1 \x1aADD\x00 c DNUL\x00 \xc3 5ADD\x00 P \xe4MUL\x00 \xa1 \xa3SHR\x00 \x1c TDIV\x00 \x0f cSHR\x00 e \xb7NUL\x00 \x88 SSHL\x00 \xd5 USHL\x00 \x40 \x40SET\x00 \x7c XSHR\x00 \x16 \x17NUL\x00 \xb6 \x15MUL\x00 \xc0 \xdaDIV\x00 \xed \xcdSHR\x00 \x1c \x17</data></write>
    <read><length>4</length></read>
    <read><length>256</length><match><data>\x00\x00\x00\x00\x00\x00\x00\x00\x00\xb8\x00\x00\x00\x00\x00\x00\x00\x00\x00\x00\x00\x00\x00\x00M\x00\x00\x00\x00\x00\x00\x00\x00\x00\x00\x00\x00\x00\x00\x00\x00\x00\x00\x00\x00\x00\x00\x00\x00\x00\x00\x00\x00\x00\x00\x00\x00\x00\x00\x00\x00\x00\x00\x00\x00\x00\x00\x00c\x00\x00\x00\x00\x00\x00\x00\x00\x00\x00\x00\x00\x00\x00\x00\x00\x00\x00\x00\x7c\x00\x00\x00\x00\x00\x00\x00\x00\x00\x00\x00\x00\x00\x00\x00\x00\x00\x00\x00\x00\x00\x00\x00\x00\x00\x001\x00\x00\x00\x00\x00\xb0\x00\x00\x00\x00\x00\x00\x00\x00\x00\x00\x7e\x00\x00\x00\x00\x00\xe26\x00\x00\x00\x00\x00\x00\x00\x00\x00\x00\x00\x00\x00\x00\x00\x00\x00\x00\x00\x00\x00\x00\x00\x00\x00\x00\x00\x00\x00\x00\x00\x00\x00\x00h\x00\x00\x00\x00\x00\x06\x00\x00\x00\x00\x00\x00\x00\x00\x00\x00z\x01t\x00\x00\x00\x00\x82\x00\x00\x00\x00\x00\x00\x00\x00\x00\x00\x00\x00\x00\x00\x00\x00\x00\x00\x00\x00\x00\x00\x00\x1e\x00\x00\x00p\x00P\x00\x00\x00\x00\x00\x00\x00\x00\x00\x00\x00\x00\x00\x00\x00\x00\x00\xf9\x00\x00\x00\x00\x00\x00\x00\x00\x00</data></match></read>
    <write><data>F\xf0\xe3\xe3</data></write>
</replay>
</pov>