<?xml version="1.0" standalone="no" ?>
<!DOCTYPE pov SYSTEM "/usr/share/cgc-docs/replay.dtd">
<pov>
<cbid>service</cbid>
<seed>b69d26cc140eb17b0c5a372acb252d469571b35ffd4c4e853d15bd392150ea58a99677703ab1eabb3be207219df0a5aa</seed>
<replay>
    <delay>50</delay>
    <write><data>\x00\x00\x00\x00</data></write>
    <read><length>4</length><assign> <var>session00</var> <slice begin="0" /> </assign></read>
    <write><var>session00</var></write>
    <write><data>\xb0\x00</data></write>
    <write><var>session00</var></write>
    <write><data>SHR\x00 \x11 pDIV\x00 \x05 \x7cADD\x00 \xcf \xe7SHR\x00 \xc6 \x03SHL\x00 \xce \x0fSHL\x00 8 NSHL\x00 I \xc2DIV\x00 \x0d \x1bSUB\x00 8 \xc3ADD\x00 Z \x15NUL\x00 \xc9 \xcdSET\x00 \xd9 \x2c\xd3\x2c\x7d\xf4 y \x3eSHL\x00 P \x5eSHL\x00 \xa5 3DIV\x00 \x1d \xa4SET\x00 \xd3 fDIV\x00 \xd4 pSHR\x00 \x94 \xe6NUL\x00 \x0d \xf0SHL\x00 u FSET\x00 \xcc \xd6</data></write>
    <read><length>4</length></read>
    <read><length>256</length><match><data>\x00\x00\x00\x00\x00\x00\x00\x00\x00\x00\x00\x00\x00\x00\x00\x00\x00\x00\x00\x00\x00Z\x00\x00\x00\x00\x00\x00\x00\x00\x00\x00\x00\x00\x00\x00\x00\x00\x00\x00\x00\x00\x00\x00\xd9\x00\x00\x00\x00\x00\x00\x00\x00\x00\x00\x00\x00\x00\x00\x00\x00\x00\x00\x00\x00\x00\x00\x00\x00\x00\x00\x00\x00\x00\x00\x00\x00\x00\x00\x00\x00\x00\x00\x00\x00\x00\x00\x00\x00\x00\x00\x00\x00\x00\x00\x00\x00\x00\x00\x00\x00\x00\xd3\x00\x00\x00\x00\x00\x00\x00\x00\x00\x00\x00\x00\x00\x00\x00\x00\x00\x00\x00\x00\x00\x00\x00\x00\x00\x00\x00\x00\x00\x00\x00\x00\x00\x00\x00\x00\x00\x00\x00\x00\x00\x00\x00\x00\x00\x00\x00\x00\x00\x00\x00\x00\x00\x00\x00\x00\x00\x00\x00\x00\x00\x00\x00\x00\x00\x00\x00\x00\x00\x00\x00\x00\x00\x00\x00\x00\x00\x00\x00\x00\x00\x00\x00\x00\x00\x00\x00\x00\x00\x00\x00\x00\xc8\x00\x00\x00\x00\x00\x00\x00\x00\x00\x00\x00\x00\x00\x00\x00\x00\x00\x00\xcc\x00\x00\x00\x00\x00\x00\x00\x00\x00\x00\x00\x00\x00\x00\x00\x00\xcf\x00\x00\x00\x00\x00\x00\x00\x00\x00\x00\x00\x00\x00\x00\x00\x00\x00\x00\x00\x00\x00\x00\x00\x00</data></match></read>
    <write><var>session00</var></write>
    <read><length>4</length></read>
    <write><var>session00</var></write>
    <write><data>NUL\x00 H \x0eADD\x00 f \x22\x9eE\x8ad \x14 \xe6SUB\x00 \xdf \x96DIV\x00 \xae \x2fNUL\x00   sADD\x00 \xa5 \x92NUL\x00 \xeb nNUL\x00 \x04 \xdbADD\x00 \xee \x25SET\x00 \xc7 cNUL\x00 x 1DIV\x00 \x94 \x289\xd6\x16\xfd \x1b \xefSET\x00 \xea \xfdADD\x00 \x60 \x10ADD\x00 x \x1dADD\x00 \xd4 \x0fNUL\x00 \xc9 \x9cMUL\x00 \xa9 .SHR\x00 W gSHR\x00 \xdd \xda</data></write>
    <read><length>4</length></read>
    <read><length>256</length><match><data>\x00\x00\x00\x00\x00\x00\x00\x00\x00\x00\x00\x00\x00\x00\x00\xd4\x60\x00\x00\x00\x00Z\x00\x00\x00\x00\x00\x00\x00x\x00\x00\x00\x00f\x00\x00\xee\x00\x00\x00\x00\x00\x00\xd9\x00\x00\x00\x00\x00\x00\x00\x00\x00\x00\x00\x00\x00\x00\x00\x00\x00\x00\x00\x00\x00\x00\x00\x00\x00\x00\x00\x00\x00\x00\x00\x00\x00\x00\x00\x00\x00\x00\x00\x00\x00\x00\x00\x00\x00\x00\x00\x00\x00\x00\x00\x00\x00\x00\xc7\x00\x00\xd3\x00\x00\x00\x00\x00\x00\x00\x00\x00\x00\x00\x00\x00\x00\x00\x00\x00\x00\x00\x00\x00\x00\x00\x00\x00\x00\x00\x00\x00\x00\x00\x00\x00\x00\x00\x00\x00\x00\x00\x00\x00\x00\x00\xa5\x00\x00\x00!\x00\x00\x00\x00\x00\x00\x00\x00\x00\x00\x00\x00\x00\x00\x00\x00\x00\x00\x00\x00\x00\x00\x00\x00\x00\x00\x00\x00\x00\x00\x00\x00\x00\x00\x00\x00\x00\x00\x00\x00\x00\x00\x00\x00\xc8\x00\x00\x00\x00\x00\x00\x00\x00\x00\x00\x00\x00\x00\x00\x00\x00\x00\x00\xcc\x00\x00\x00\x00\x00\x00\x00\x00\x00\x00\x00\x00\x00\x00\x00\x00\xcf\x00\x00\x00\x00\x00\x00\x00\x00\x00\x00\x00\x00\x00\x00\x00\x00\x00\x00\x00\x00\x00\xea\x00\x00</data></match></read>
    <write><var>session00</var></write>
    <read><length>4</length></read>
    <write><var>session00</var></write>
    <write><data>ADD\x00 \xea LSHL\x00 E \x3bSUB\x00 . \xae\xae\xeax\xdd \x2c dSHR\x00 k \xd0SHL\x00 \x17 KSHR\x00 \x16 UADD\x00 \x8d \xb3NUL\x00 i .SET\x00 \x88 6DIV\x00 \xd9 \xddSUB\x00 \x0c \x94SET\x00 k A\x8b\x19\xf0c \x07 GSHL\x00 \x84 \xfcMUL\x00 u  \xf7\xfb\x25g \xa0 \xbdMUL\x00 \x07 hDIV\x00 \x11 LDIV\x00 \x09 \xfcADD\x00 \x60 \x84SUB\x00 \xd7 \x11</data></write>
    <read><length>4</length></read>
    <read><length>256</length><match><data>\x00\x00\x00\x00\x00\x00\x00\x00\x00\x00\x00\x00\x00\x00\x00\xd4\x60\x29\x00\x00\x00Z\x00\x00\x00\x00\x00\x00\x00x\x00\x00\x00\x00f\x00\x00\xee\x00\x00\x00\x00\x00\x00\xd9\x00\x00\x00\x00\x00\x00\x00\x00\x00\x88\x00\x00\x00\x00\x00\x00\x00\x00\x00\x00k\x00\x00\x00\x00\x00\x00\x00\x00\x00\x00\x0d\x00\x00\x00\x00\x00\x00\x00\x00\x00\x00\x00\x00\x00\x00\x00\x00\x00\x00\x00\x00\x00\x00\xc7\x00\x00\xd3\x00\x00\x00\x00\x00\x00\x00\x00\x00\x00\x00\x00\x00\x00\x00\x00\x00\x00\x00\x00\x00\x00\x00\x00\x00\x00\x00\x00\x00\x60\x00\x00\x00\x00\x00\x00\x00\x00\x00\x00\x00\x00\x00\xa5\x00\xf4\x00!\x00\x00\x00\x00\x00\x00\x00\x00\x00\x00\x00\x00\x00\x00\x00\x00\x00\x00\x00\x00\x00\x00\x00\xd2\x00\x00\x00\x00\x8d\x00\x00\x00\x00\x00\x00\x00\x00\x00\x00\x00\x00\x00\x00\x00\xc8\x00\x00\x00\x00\x00\x00\x00\x00\x00\x00\x00\x00\x00\x00\x00\x00\x00\x00\xcc\x00\x00\x00\x00\x00\x00\x00\x00\x00\x00\x00\x00\x00\x00\x00\x00\xcf\x00\x00\x00\x00\x00\x00\x00\x00\x00\x00\x00\x00\x00\x00\x00\x00\x00\x00\x00\x00\x00\xea\x00\x00</data></match></read>
    <write><data>F\xf0\xe3\xe3</data></write>
</replay>
</pov>