<?xml version="1.0" standalone="no" ?>
<!DOCTYPE pov SYSTEM "/usr/share/cgc-docs/replay.dtd">
<pov>
<cbid>service</cbid>
<seed>8bdd20ecb866623d2bb26d9f1074993a9cc7c8ed2eec07acc127ee8e187e3eb081a68024662c98fd54754a1a96c5de31</seed>
<replay>
    <delay>50</delay>
    <read><delim>\x0a</delim><match><data>3D Coordinates \x283DC\x29 Image File Format Tools\x0a</data></match></read>
    <write><data>\x04</data></write>
    <read><delim>\x0a</delim><match><data>ROTATE\x5fIMAGE selected\x0a</data></match></read>
    <write><data>\x00</data></write>
    <write><data>\xb2\xc5</data></write>
    <write><data>\x05</data></write>
    <read><delim>\x0a</delim><match><data>BRIGHTNESS selected\x0a</data></match></read>
    <write><data>\xfd\x00</data></write>
    <write><data>\x06</data></write>
    <read><delim>\x0a</delim><match><data>OPACITY selected\x0a</data></match></read>
    <write><data>B</data></write>
    <write><data>\x08</data></write>
    <read><delim>\x0a</delim><match><data>DECOMPRESS selected\x0a</data></match></read>
    <read><delim>\x0a</delim><match><data>No compressed data.\x0a</data></match></read>
    <write><data>\x06</data></write>
    <read><delim>\x0a</delim><match><data>OPACITY selected\x0a</data></match></read>
    <write><data>e</data></write>
    <write><data>\x0b</data></write>
</replay>
</pov>