<?xml version="1.0" standalone="no" ?>
<!DOCTYPE pov SYSTEM "/usr/share/cgc-docs/replay.dtd">
<pov>
<cbid>service</cbid>
<seed>a1635dbc355e0071d9a47335d6e299aea8858ddde2d8d89825e143b44741cf6071aa95a2c8c76c44e2e1d8d4444daa75</seed>
<replay>
    <delay>50</delay>
    <read><delim>\x0a</delim><match><data>3D Coordinates \x283DC\x29 Image File Format Tools\x0a</data></match></read>
    <write><data>\x04</data></write>
    <read><delim>\x0a</delim><match><data>ROTATE\x5fIMAGE selected\x0a</data></match></read>
    <write><data>\x01</data></write>
    <write><data>J\xda</data></write>
    <write><data>\x05</data></write>
    <read><delim>\x0a</delim><match><data>BRIGHTNESS selected\x0a</data></match></read>
    <write><data>:\xff</data></write>
    <write><data>\x04</data></write>
    <read><delim>\x0a</delim><match><data>ROTATE\x5fIMAGE selected\x0a</data></match></read>
    <write><data>\x01</data></write>
    <write><data>O\x7c</data></write>
    <write><data>\x03</data></write>
    <read><delim>\x0a</delim><match><data>SKEW\x5fIMAGE selected\x0a</data></match></read>
    <write><data>\x00</data></write>
    <write><data>.\xed</data></write>
    <write><data>\x06</data></write>
    <read><delim>\x0a</delim><match><data>OPACITY selected\x0a</data></match></read>
    <write><data>\x2a</data></write>
    <write><data>\x0b</data></write>
</replay>
</pov>