<?xml version="1.0" standalone="no" ?>
<!DOCTYPE pov SYSTEM "/usr/share/cgc-docs/replay.dtd">
<pov>
<cbid>service</cbid>
<seed>f7cf8cfd62a2e9e0bf55634b94dfbc8f44bbae68c4fcb0e14813ede902c95cfb0dec592440f7ba83443eeffe691c8482</seed>
<replay>
    <delay>50</delay>
    <read><delim>\x0a</delim><match><data>3D Coordinates \x283DC\x29 Image File Format Tools\x0a</data></match></read>
    <write><data>\x05</data></write>
    <read><delim>\x0a</delim><match><data>BRIGHTNESS selected\x0a</data></match></read>
    <write><data>\x0a\x00</data></write>
    <write><data>\x03</data></write>
    <read><delim>\x0a</delim><match><data>SKEW\x5fIMAGE selected\x0a</data></match></read>
    <write><data>\x01</data></write>
    <write><data>\x03\xc2</data></write>
    <write><data>\x07</data></write>
    <read><delim>\x0a</delim><match><data>COMPRESS selected\x0a</data></match></read>
    <write><data>\x05</data></write>
    <read><delim>\x0a</delim><match><data>BRIGHTNESS selected\x0a</data></match></read>
    <write><data>\xf7\x00</data></write>
    <write><data>\x0a</data></write>
    <read><delim>\x0a</delim><match><data>SCALE\x5fIMAGE selected\x0a</data></match></read>
    <write><data>\xa4\x00</data></write>
    <write><data>\x0b</data></write>
</replay>
</pov>