<?xml version="1.0" standalone="no" ?>
<!DOCTYPE pov SYSTEM "/usr/share/cgc-docs/replay.dtd">
<pov>
<cbid>service</cbid>
<seed>2a26dc610393d87982a44bc30d097c7b50703262bbf1de54a0a7133618b9404dafbc0cf11e1faefb6b561a2afea64e91</seed>
<replay>
    <delay>50</delay>
    <read><delim>\x0a</delim><match><data>3D Coordinates \x283DC\x29 Image File Format Tools\x0a</data></match></read>
    <write><data>\x0a</data></write>
    <read><delim>\x0a</delim><match><data>SCALE\x5fIMAGE selected\x0a</data></match></read>
    <write><data>8\x00</data></write>
    <write><data>\x09</data></write>
    <read><delim>\x0a</delim><match><data>SHOW\x5fPIXEL selected\x0a</data></match></read>
    <read><delim>\x0a</delim><match><data>Select the pixel to view:\x0a</data></match></read>
    <write><data>\x00\x00</data></write>
    <read><delim>\x0a</delim><match><data>XYZ:  \x280\x2c 0\x2c 0\x29\x0a</data></match></read>
    <read><delim>\x0a</delim><match><data>RGBA: \x28\x23c4306b39\x29\x0a</data></match></read>
    <read><delim>\x0a</delim><match><data>\x0a</data></match></read>
    <write><data>\x04</data></write>
    <read><delim>\x0a</delim><match><data>ROTATE\x5fIMAGE selected\x0a</data></match></read>
    <write><data>\x01</data></write>
    <write><data>L\xd0</data></write>
    <write><data>\x03</data></write>
    <read><delim>\x0a</delim><match><data>SKEW\x5fIMAGE selected\x0a</data></match></read>
    <write><data>\x01</data></write>
    <write><data>\xceY</data></write>
    <write><data>\x04</data></write>
    <read><delim>\x0a</delim><match><data>ROTATE\x5fIMAGE selected\x0a</data></match></read>
    <write><data>\x02</data></write>
    <write><data>T\x1a</data></write>
    <write><data>\x0b</data></write>
</replay>
</pov>