<?xml version="1.0" standalone="no" ?>
<!DOCTYPE pov SYSTEM "/usr/share/cgc-docs/replay.dtd">
<pov>
<cbid>service</cbid>
<seed>9b199c1f7dafdd8475fb320400985758c8b01d0a3dac702b67147faa5399089fcbcababcec3ec20eed5465940bca7204</seed>
<replay>
    <delay>50</delay>
    <read><delim>\x0a</delim><match><data>3D Coordinates \x283DC\x29 Image File Format Tools\x0a</data></match></read>
    <write><data>\x07</data></write>
    <read><delim>\x0a</delim><match><data>COMPRESS selected\x0a</data></match></read>
    <write><data>\x07</data></write>
    <read><delim>\x0a</delim><match><data>COMPRESS selected\x0a</data></match></read>
    <write><data>\x03</data></write>
    <read><delim>\x0a</delim><match><data>SKEW\x5fIMAGE selected\x0a</data></match></read>
    <write><data>\x01</data></write>
    <write><data>\xe1\xbd</data></write>
    <write><data>\x0a</data></write>
    <read><delim>\x0a</delim><match><data>SCALE\x5fIMAGE selected\x0a</data></match></read>
    <write><data>\x93\x00</data></write>
    <write><data>\x04</data></write>
    <read><delim>\x0a</delim><match><data>ROTATE\x5fIMAGE selected\x0a</data></match></read>
    <write><data>\x01</data></write>
    <write><data>\x2a\xb1</data></write>
    <write><data>\x0b</data></write>
</replay>
</pov>