<?xml version="1.0" standalone="no" ?>
<!DOCTYPE pov SYSTEM "/usr/share/cgc-docs/replay.dtd">
<pov>
<cbid>service</cbid>
<seed>c9fa0c0a6c3c71618718dab442fc643937ab6f4ea7477d1f8398ffb716b3670af3ce1694b88c3024d39a07228c4e7049</seed>
<replay>
    <delay>50</delay>
    <read><delim>\x0a</delim><match><data>3D Coordinates \x283DC\x29 Image File Format Tools\x0a</data></match></read>
    <write><data>\x03</data></write>
    <read><delim>\x0a</delim><match><data>SKEW\x5fIMAGE selected\x0a</data></match></read>
    <write><data>\x00</data></write>
    <write><data>\xf3F</data></write>
    <write><data>\x09</data></write>
    <read><delim>\x0a</delim><match><data>SHOW\x5fPIXEL selected\x0a</data></match></read>
    <read><delim>\x0a</delim><match><data>Select the pixel to view:\x0a</data></match></read>
    <write><data>\x00\x00</data></write>
    <read><delim>\x0a</delim><match><data>XYZ:  \x2819974\x2c 8490\x2c \x2d6559\x29\x0a</data></match></read>
    <read><delim>\x0a</delim><match><data>RGBA: \x28\x237abde0cf\x29\x0a</data></match></read>
    <read><delim>\x0a</delim><match><data>\x0a</data></match></read>
    <write><data>\x06</data></write>
    <read><delim>\x0a</delim><match><data>OPACITY selected\x0a</data></match></read>
    <write><data>\x25</data></write>
    <write><data>\x08</data></write>
    <read><delim>\x0a</delim><match><data>DECOMPRESS selected\x0a</data></match></read>
    <read><delim>\x0a</delim><match><data>No compressed data.\x0a</data></match></read>
    <write><data>\x05</data></write>
    <read><delim>\x0a</delim><match><data>BRIGHTNESS selected\x0a</data></match></read>
    <write><data>\xeb\xff</data></write>
    <write><data>\x0b</data></write>
</replay>
</pov>