<?xml version="1.0" standalone="no" ?>
<!DOCTYPE pov SYSTEM "/usr/share/cgc-docs/replay.dtd">
<pov>
<cbid>service</cbid>
<seed>66181b4f980a8e966c0bc5191ab953ed73b641991fad8333c5aa435844a389f72894ef2c8bd995b2375b56d8ce711168</seed>
<replay>
    <delay>50</delay>
    <read><delim>\x0a</delim><match><data>3D Coordinates \x283DC\x29 Image File Format Tools\x0a</data></match></read>
    <write><data>\x0a</data></write>
    <read><delim>\x0a</delim><match><data>SCALE\x5fIMAGE selected\x0a</data></match></read>
    <write><data>\x03\x00</data></write>
    <write><data>\x06</data></write>
    <read><delim>\x0a</delim><match><data>OPACITY selected\x0a</data></match></read>
    <write><data>v</data></write>
    <write><data>\x09</data></write>
    <read><delim>\x0a</delim><match><data>SHOW\x5fPIXEL selected\x0a</data></match></read>
    <read><delim>\x0a</delim><match><data>Select the pixel to view:\x0a</data></match></read>
    <write><data>\x00\x00</data></write>
    <read><delim>\x0a</delim><match><data>XYZ:  \x280\x2c 0\x2c 0\x29\x0a</data></match></read>
    <read><delim>\x0a</delim><match><data>RGBA: \x28\x2327cb6e76\x29\x0a</data></match></read>
    <read><delim>\x0a</delim><match><data>\x0a</data></match></read>
    <write><data>\x01</data></write>
    <read><delim>\x0a</delim><match><data>NEW\x5fFILE selected\x0a</data></match></read>
    <read><delim>\x0a</delim><match><data>Please submit your new file data \x284090 bytes\x29:\x0a</data></match></read>
    <write><data>m\xbb\xa1\x15S\xd0\xd5\xe5\x2f\x9eu\x98\xd4\x04\x27\xa6\xa2\x1b\xdb\x9a\xb8\xfe\xc5\x06\x93L \xfb\x99\x19\xd9\x9f\x01\xb3I\x2c\xcd\xb2\x9e\xda\x5f\x93Q\xf6\x26\xa5\xd2\xb2\x5c\x97P\xc3cP\xc4\x3c\x29\x1d\xcd\xe1\x609\xb1\xcbJ\x056\xcf\x2c\x89g\xe5\x272\x0d\x83\xb5\x26\xf8\x1f\x00\xfa\xf5J\xfb\xb0\xfcI\xa0\xe8\x97\xb1c\x9b\x9d\x9c\xe0U\x0a\xbf\xcf\xd2r\xd3\x19\x8c\x01\x29D\x08\xcd\x04\xe4\xd6u\xeb\xb4\xd4\x0c\x01\xe7H\x3e\xd3\xa1\x1b0c\xd0\x5b\x9e\x8f\xbe\xbd\xaa?\xa9XnM0\xba\xaaeE\x01\x26rqy4\x9c\xdb\x2a\xc2\xe5\x12\x3cBI\xc5!\x892\x01\xdb2\xa1\xf1V\x17\x14\x0f\xde\x7fD\x5b\x9eB\xef\xc3\xb7\xcdAX\xdfQvl\x9a\x5d\x22\xa8U\xb6\x86\x92\x1c\x09\xbb\x85l\xd6\xd0n\xf1\x8fb\xb1\x12\xbbr\xab:\x9c\x5f\x22\x0b\x2b\xb6Z\x5b\xe7\x17\x1b\xa5\xacf\x8b\x22\x3b\x89u\xc1\xe4\x84\xd6\x88\xd6\x1b\xbb\xb0\xb1\x81\xb8\xafA\xcc\x94w\x11\x2a\xec\xbe\x0dt\xd9\x1b\xbb\x81\xc5\x7e\xb4t\xaf\xfd\x5e\x7f\xa6\xae\xbd\xa9\x3bE\xdbF\xe6\xbf\xb1\xe59\xc2vF\x86\x1e\xab\xa3\xdb\x99F\xef\x1a\x07\x5f7\x1c\x80H\xcaD\xd1\xf6\xf7\x0eWj\x93\x91\xfa\xb8\x04\xd1\x8f\x80\xac\x95\xe8z\x7f\x29\x5bS\x8a\xd29\x98\x97\xb1\xa5\xbf9R\xed\xc2\xc3\x0a\x91\x13 \x18\xc3\x0da\xb8\xfc\xdaT3\xfb\xe3\xd5\x03\xd7P\xc6\xe2Y\xbf\xaadl5i\x8c\xc7r\xa64\x02\x9890\xe9\x96\xd5\xbbj\xe2\x5d\xaf\xa8D\x9c\x83\x5d\xf5K\x87\xe6\x405\xbf\xb0\x01R\x19\x13\xf7\x3e \xee\x1b\xf3 \xa0aY\xf7\x8d\x7b\xd5\xda\xf6\x7dn\xe4\x82\x28\x99K\xa2\x97\x1e\xb0\xbe\xb9\xab\x22\xd6\xcau\x2dZ\xaf\x81!\x22\xed\x84\xb1\xba\xa5\xd3\x06\x06\xd1\x8a\xb9Ir:\x2a\x1egV\xb4\xcd\xd2\x02!j\xe0\xb3\x07\x88\xaa\xdf\xf6\x94\x9fS\xed\xe9\xe2:T\xfd\xdf\xeb\x3c\xdd\xd2\xf9\x889\xe5\xd1\x13\xdd\xfa\xf4\xa3\x15S\x1c\x126\xdc\xc6\x0d\x89\xba\xaep\x04\xb38\x1an\x11e\x94\x1d\x7d\xda\x97\xa8\xdcr\x60\x87\x5d\x3e\xa6\x7chJn\x0f\x2c\x5b\xd9\xb4\xe7E\x9bh\x60\xec\xca\xbe\x857\x86\x2f\xce\x0b\xa1\xdb\xe9\xfb\xdcr\x1d\xf5\x99\x95\x3c\xc8\x17\xafVW\x17\xe4\xeb\x8e\x40\x7e\xa9\xdcOu\xefV\x25x\xf3\x2d\x5dw\x9fup\x0a\xd2\xfb:\x0f3\x7c\x5f\xc25\x00X\x06U\xd2AH\xe0\x7f\xcaGT\x81\x5d\x16\x0b6\x2ax\x8a\x1bf\x27\x2fM8\x10U\x02\xcb\xdc\x2f\x09\x7f\x05\xd5W\xf1N\x89vp1\x8c \x2a\x99\xaf\xe1\x99w\x90h\xd3\xd3\x11U\x81V\xa1q\xf0\xb1fzM\xce\x86A\x17\xb5\xe6\x96\x0e\xae\xbb\xb1\xe3\x99\xc3\xadO\x1e\xd9B\xcf\xcf\xbc\xbf7\x26D\xa3\x23\xce\xae\x7d\x2a\x84\xbc\xbd\x7d\xb4\x08\x5d\x83\xe1\xda\x99\x40\xda\xbb.\xa6\xc5\xb7\xcd\x231Hl\x0e\xe8!J\x89\xb3tP\x87\x1f0vi\x0d\x11\x86g\xe2!\x8eV\x40\x94K\xdeg\x05\xaf\xba\xa5\x7f\xae\xe5\x26\xd5\xdd5\xce\xb5\xe5O\xce\xb6\xe5\x8c\xc6Y\xc9\x8c\xc5\xd4\xb0UN\x179\xae\xb5\x89vEq\xa1\x83A\xc2\xec\x87\x12\x3dC\x92\x40\x5f\xa4\x7dt\xd1\x85\xec\x1b\xf3!\xe2\x7bf\x90\x16\xf9\x7d\x9c\x86\x5bu\xcec9\x5byF\xa4K\x04\x06\xf1\xdbK\x88\x7b\x1f\x83\xb1\xc9\x29R5a\xc60\xe3\x08\xd3\xd9\x8bvG\x13sa\x5d\xbc\x0a\xd8V\xa3x6\xf2\x7eT \x83\xa8\xe9\xa8\x5d\x16\xc8\x08!\xfb8\x5e\x09\x15\x84\xf9T\xe1\xf2\x85\x81\xbe\xb9\xbe\x1a\xcc\xda\xc5\xcb\x01\xbb\xf9\x9b\xddF\xc9\x94ae\x1d\x0cI\xc8\x918\xafl\xdf\xabh\xbc\xd8l\xe0\xba\x86\xden\xb3\x95\xd1\x7b6\x04\x81p\xbb\x88\x9d\x02\xaf\xc1\xb5\xd2\x88\x96\x5f\x09g\xe7\x5dL\x07\xfe\x91kF\xb1\x83\xb0M\x1a\x824\xe8\x7d\x3d\x3c\xc1\xa5\x28\xbe\x9e\x97\x88\xf2b\xc1\xfd\xfa\xd7\xf1\xe4\x9e\xad\x08\xa0t\xd9\x3eT\xbea\xb3\x19\x8f\xf0\x29\xf6\x02\xaf:\xd25\xad\xf3\x84\xbc\xc1\x24\xe8\x06\xb7\xc7\xc8\x17\xd5kf\x09\x14N\xc7\xa1hY\xa9\xd5V\x1f\x9a\x92\x084I \x03X\x9a\xa5\xf3\x40aP\x81\xcd\x5c\xf2\xbe8\xa7Q\x3e\xa8\xe57A\xab\xd1\xbaUc\xe9\xbf\x03\x22c\x8b\xf1\x24F\x03\x15\x01\xdc\xa1Nq\xdd\x96\x94W\x8f\xa8\xf6\x82\x86\x5c\x0ev\x3d\xb6\x10\x9e\xc6\xb3\xc7QjJ\xbb\xe5\x1c\xec\x88N\x99\x00\x05L:\x10\x2b4\xdd\x8d\xcb\x8b\x99\x8e\xcff\x83\x22\x7c\xed\xac9\xb1\x0f\xccF\x23Y\xb5\xc5xV\xf9E\x60\x96\x86\x09\x84\x14\x2c\x5fio\xb8\xe1J\xeb\xd0\xd3\xa4?!eS0\x3b\xa5\x9dU\xd71\x1f\xd0zz\x1c\xf5\x94\x26t\x18\x8dfx\x0d\x5eQ\x8bz\xdbV\xc3\xfb\xc4\xa0\xabu\x0a\xf2\xda\x7e\xe8uhd\x8d\xe9\x03\xd1\x5e\xf2nq\x1b\x98\xf2\xaei\x94\xfbz\xf4\xdf\xd1\x91Dz\x8d\x2b\x2b\x80\x9c\x114\x8eJV\xba\x0f\xb7\xe9\x5e\x5bP\x9e\x9c5\xa5\x1an\x9d\xa51\x24\xb6\xd3\xb7\xad\x08\xbd \x1a\x11C8\x1f\x10S\x9fp\x25\xd9\x24g\x9c\xb2\xe6X5m\xe0\xf7V\x1c\x9b\xe5\x03\x94\xad\x88\xd0\xec\x22\xa9\x22\xee\x87\xfd\xdf\xacw\x3d\x12\xeb\xdb\x19\x2dB1\x849\xde\xb0\xe3\xb9\xabAa\x7f\x89\xf8R\xbe\x14o\x8fRP\x81\x8b\x01DLc\xdcD\x18\x94\x02\x3b\x92\x8e:\x3d\x05G\x29Y\xa6j\xb8Z\xca\x99\xe7\xc7\xb7\xbe\x98\x1c\xf8\x3b\x8d\x81O1\x12\xf4s\x12\x1d\xf2\xde\xb7\x86\xc8k\xd9\x93\xd2SCS\xee\x81\x5e\x29Q\x87Bn\x1dr\xe8\xb5\x17\xdb\xec\xb6x\xfa\x1a\xfd\x1e\x7en\xf2W\xb6\x3c\xc7\xb9y\xa8y\xe8\x2fu\xd3\xfa\xcb\xbe\x04v\xcd\x98C\x03M\x08\xa8Y.\xa2\x80\x12\xa3IJ\xb3\x96\x2b\x5b\x7b\x99\x23m\x1f\xdd\xdc\xcf\x29\x8b\x3cM\x88\xd9\xb4\x1c\xbf\xffxY\x19Wz\x3e\xf6\x91\x8b\xd5\x3ds\x09\xde\xfa\x82\x10\x1a.b\x84\xd2\xa0\xf9X1\xfe\xfa\xde\x89\xd0\x8d\xa4zL\x95\xcd\x96\x85\x8f\x01\x7f\xc7O\xa7\xff\xde\x8bz\xb1:\x1d\xb5\x5eD\x1f\x07\xbd\x0c\xb7\x10\x3bM\xde1\xa7\xc1\xf1\xeaH\x5e\xfd\xb6\xba\x8a\x3c\xc3\x5b\x89\x5ey\xff\x9c\x3dK\xde\xea\xf8\xc1\xa8C\x3d\x23\x91\xf8\xe4\xa7\xf6\x05\xd5\x126\xb5\x3b\xfd\x2b\xda\x11z2\x88\xa8\xf8\xb4\xdd\xb9\xef9\xd6\xbarQ\xc7\xb9\x5b\xe9\xbd\xb2\x1550\xb6\xc2\x99\xe3H\x10\xc5\x19\x8f\xbb5\xc4\xa6\x96Y\xdb\xc3\xe6n\xc2\xebf\x97\x06\xcaQ\xd0\xcb\xc6\xc4\x8e\xde\xc0\xac\x8b\x07\x99\xacR\x02\x18n\xf7\x29e4NvBfAU\x11?\x81\xfb\xdb\xca\xd4\xc1K\x04\xa8\x9a1k\xcc\x02\xa4\x12\x7dv\x06\xd70\x065\xc0\xa6v\x84\x16\x0e\xd3\xb54\x9dW\xa7\xc9\xac\xfc\xdbqn\x04Z\x9a0\xf0\x1e\x7c\xbd\xa2\xc1\xe3MJ\xfd\x8b\x9d\xbe\xb7\xf2\xb85\x15\x3e\xae\x86g\xad\xdds\x7c\x10k\xf2\x40\xd4\xf5a\x8e\x9cAS\x80\x1b\x83\xaf\xc8\xbc\xd7\xf7\xdf\xcb\xce\x16\xde\x0c\xf8\x1b4\x27Eg\xf2!\xb75\x04.\xb40\xban\xf0\xfd\x242\x0eC\x17\x13\xcd\xc7\xa1\xb3\x7c\x15\x96\x7c\x26\xd7W\xf0\x0b f\x3d\xab\xa1\xbd\xd2\x24N\xcc\x89P\x9d\xa2\xf4\xac\x99\x2b\x22\x5b\xff\xc0\xe95\x87\xa7\x0bo\x98\xfe\x90\xb8\x8bf\x80S\x40\x24\xcbt\x24\x82E\xd05\xa8\xa5\xaf\xb0\x09\xaa\x2fg\x8e\x0d\x26\xa2\xb4\x3c\x02\xbbJ\xaf\xa7\xd3\xd3\x807\xb16\x15Dn4\x14\xb3X\xc6\xfe\xb3\xcd\x0bBZ\xfa\xed\xbc\xfer\xa3a\xf2\x3b\x07\x9b3\xad\x90!\xa5\xc5\x1b\xb4A\xdb\x16\xe7\xeb\xbc\xcbzy\xc9r\x40\xd7\xac\x86.\xaf\xf8r\xc7\x85a\x3d\x0c\xcb\x9e\xaa!Lg\x7ey\x60\xfe\xd1\xb0\xce\x3b4u\xe3gK\x1d\xf8\xe6\xc0\x0b\xd9OB\x17\xeb\x0dNr\xd6j\x93\xebQW\xca\x08p\xb0\x3eUG\xe2\x8a\xb3\xdfh1\x1b\xd6\xbf\xe666\xeb\xf3M\xa0\xd9C\x7bvw\xc6\x9e\x8f\xd7\x12\xb6\x3dG\x8b6\xc0W \x5c\x7e\xb2\xe9\xbb\xf2\x1c\x2d\xf6\x29\x5c\x26\x14\xbf\x2b\x9b\x10\x5b\x1c\x3e\xe5\x0b\xbep\x8d \xef\xcc\x16w\x8f\x29\xd6\xce \xe3\x81\x15\x93Sl\xb7\xf7\xb1F\x23\xb1\xda\x92\xd5\xc6\xba\xef\xf7\x3c\xbej\x2c\xef\x00\xa6\xcdf\x3b\x00\x87D\xe5Up\x0c\xe0\x126\x12\xfb\x7d\xd1kE\xe0\x15\xbee\xb5\xab?\xbcOOK\x12\x03F\x9cH5\xa0Tc\x98\xe4\x01\xcd\xbbE\xf2F\x04LaD\x2du\xf1\xa7e\xef\x00xW\xf7\xc6.\x07\xa5\x09\xb6\x07q\x22\xe68\x84\xc5\xae\x7bq\x2f\xaf\x98?\x00.\xea\x7b\xc6\xd6\x0a\x0f\x87\x80\x8c\xe38\xeelU\xda\xabI\xb8\x09\x01f\xa1\xd2\x04 \x17\x06\x11\xbf\x2f\x1e\x9ec\x25\x93\x98\x88\xddi\xa6\x26P\x04\xc5\xde\xe3\x7f\xb7\x9e\xe6\x98\x40\x89\xc7\xe7\x7b\x2b\x7c\x9b\x22\xb6\xd2\x80\xf9\xba\xb7\xf8\x2f\x0bZ\x90\x90\x3d\x80E\xd0S\x8b\xe2\x91\xfc7\x5e\x5b\xdf\xfe\x97\xd2\x86\xad\x8d\x02\x06\x9b\xf7i\xc7OB\x0e\xf1L\x7f\xb9\xd4\x0eY\xff\xc7\xab\xa3\xa0\xc0\x85z\x1a\x7c\xf4\xdc\xf0\xa9\x2dY\x1d \xc8h\x00\x9c\xcd\x06OOt.\xfa\x98\x97e\xe7\x82x\x1a\xae\x3c\xef\xeb\x13\x0e\x2a\xc7C\xc3\x8fB\x7d\x9f\x0d\x19\xae\x9c\x83\x86\xf5\x1f\x5f\x068\x2f\xa0\xa8\x7b\xe6\x06\xa0\x27\x8c\xecC\xf2\xfd\x29Bw\xe13Onw\xb7\xa4\x19\xd5\x02C\xb4\xe6\x11\x3d\x9e\xfe\x22\xe6\xcb\x3d0\xdf:\x0d77\x14\x9b\xbd\x04\x5b\x81Sl\xa5\x9a\x87\xd9\xa4V\xb8\xc6\xf8\x7by\x29\xea\x1dx\xc1\xad\x80\xe0\x0bf\xb1\x2b\xd80\xa3\x09\x02\xfa\xe1\xe7\x00\x7ei\x28\xa6C\xd1l\x89\xb7\xf2\xca\xf7\x3e!\x91\x8f\xcd\xe2\xc7\x27\xc3\xb0\x19\x84RB\x10\xf1\x3dfM\x9bi\xfd\xe3\xd0\x2a\x0a\xee\xd8\x18\x88\xd1\x10\xe5\xca\xa9\x40\xe3\xcb\x94q\xe6\x86\x86\x3b\x17I\xa1\x7e\x3c\xd4G\x9c4\x02\x02\xe0\xcb5X\xfa\x90f\x3e\xdc\xa3\x8d\xd9\x91\x9e\x06\xfd\x06\xfc\x9b\xe5\x0e\xb1r\x9f\xe7\x9f\x409\xa7\x17\xdc\xc3\x88\x913\x5c0Z\x02\xfc\xdc\x8b\xd9\x5e\xaf\x7f\x0bQ\x98\xa1\x1a\xcfc\x14h\xbf\xf1\xa6\x5c\xf9\xd2\x13g\x12\xe6\x9c\x28k\x8f\x828A\xba\x05I\x1c\x86Q\x9b\x60\xbb\x88\xbb\xf2\xf7\x9d:\x0f\xef\x25\xa0\xf4T\xd9D\x87\x1c\xd2\xf9\xa0\x05\x2d\xfb\xf6\xf5\x90\xf0\x05\xe30\x0c\x40\xcf\xb7\xc8\xb5G\xf0\x22\xa9\xb3V\x29\xaa\xe7\xe9h\xbf\x98\xe6\x60\x1e\xdd\xe3\x2d4N\x93\xca\xf9zfD4u\xf9\xae\xd4\x2cz\xb1o\x0b\xb7\xe3 \xe9b\x0d\x15\xe6\x8f\xa5\x7d\xc2g\xe9\x24\xe5\x40\x40\x25\x12\x0c\xea\xd4XX\x00F\x84\xb7\x12.W\x1b\x9el\x8e\xf1\x02\x9b\xa2\xaf\xdd\xab\xa4\x81\x95\x03\x23C\xa7\x97\xdc\x96\xcc\x802\xdb\xebu\xfe\xa8\x3bO\xb6QFo\xd4\xc8\x1b\xd9\xb6\xda\xf2T\xa9\xd3\x91\x0f\xc2\x03b\xbf?:\x1d\x1d\xb7b\x7d0\x3d\x82\x96\x87\xf5\xe96d\x0c\x27Y\x99\x24\xd3\xa2\x7e\xdb\x5e\x08\xfb\xe8\xcf\x5c.\xfdI\xae\xd2O\xb2\x17\x0c\xfd\xdf\xcd\x0e\xc8\x06\xa9\xd2hW\x1b\xd3\x7d\x99\x5e\xac2\x24\xa9\x94\x99B\x3b\x29\xbb\x2f\xad\x11J\x06d\x0fn\x10\x29D\x2b\xd6\xdf\xe0\xf5\x40\xc1\xf8m\xaa\xae\x9cMNY\x5b\x87\xd1\xa2\x90\xf5\x88\xc7\xda\xc4V\x7c\x3d\xa3\xf6\xb1 \xd9\x05T\xa5\xcd\x7d\xc90\x9f\x06\xa9\x85\xf9\x5c\x40\x06\x22\x3c\x09\xc9\x2f\x91j\xb9\x11\xf6d\xb2\x04\xafzr9\xf0f\x2bO\xffPB\xc8\x1d\x19\xa5\x1b.\x885\xd7\x1eU\xc4\xc7\x7d\xd4lC\xe2\xcbH\xc6\xfff\xc2\x92\x5f\xdfghmA\xffy\x12a\xdb\x7cH\x9b\xb3\xca\xa6\x81\x98\x22\xd8\xed\x2a\xe6\x7f\x5c\xccl\x06\xff\xe7\x27\x05\xd4a\x2fV\x1b\x17\x5e\x8d\xe9o\x19W\x87 \x7fqP\x1a\xf2\x80H\x7e\xd79\x5c\xcf\x22\xb0\x2f\x8d\xaef\xe1\xf9\x81\xad\xea\xd0\x1ae\x18\x93\x83D\x93J\x234\xd3\x81\x85\x92\x84\x1f\xfa\x87\xc1\x5d\x86j\xdf\x3c\xaa\xe7\x1c\xcf\xe0d\x8e\xa5\xb6\xbd\x84\xe8\x7f\xbe\xbb\x16\xceK\x15ck:\xaez\xd2\x3d\x7d\xf4\xf6Zm\xec\x9dr\x15\x88Z\xb8\x8a\xf4s7\x60\x0bM\x0aU \x5b\xe1\xfe\xe5kH\xe4\xa0P\xa2\xd3\xc3E.\x94 \xb9\xa5D\xb0\xe4\xa3\x15\xe0\xa3\x0f\x06Hq\x2fNC\xa6\xfa\xed\x8ck\x9eL\xc7\xc4\xdc\xf8\xc6d\xb6LmLT \x8e\xd8D\xd2E\x90\xde\xeeec\xaa.\xb3\x26H\x2aI\x7c\x3cS\xfd?Xc\xac\x18\xa6cn\xeb\xa6\xdcX\x2dMQ\x9379\xef\x7e\x7f\x19Pa8\x2c\x2b\xc1\x2c\x9d\xe0\x03\xd3\x5e\xf4\x8a\x29\xe6o2jgp\xbebD\xa0\x8b?\xb2\xb02\xac\xa8\x29\xa9u\x1c\xc0\xe6\xf6\x23\x5e\x23\x9ei\xf2\xf4a\x60\xb3\xa1x\xbd\x1d\xfb\x5c\xaf\x08eI\xe5\xc7\xc1\x3e\x3d\x982\xe1\xfc\x2bK\xb7uh\xea\x17\x7drx\xbdnvR\x87\x88\xe0\xe0\xe8.\x27\x1b\x8a\xa3\xf8Ov\xd9\xd9pl\x08nl\x99\x2byIz\xaa\x3e\x00g\x7c\xe7\xd6\x7c\x0b\xc3\x8b\xb8\x8aa\xf6\x1bd8\xb8:\x5d\xa614\xe24\x94\xed\x1e\xf1\xca\x10\xfb\x24\x93Mg\xad\x8fJ\x22\x90\x7e\xe13q\x03\xf1\x0c\x40!\xc8\x1cO\xc9fc\xec\x27u\x24\x9e\x2b\x0d\xee\x8ch?H\xb0\x13E\x5c\xda\x85\x2dHc\x85\x1b\x85\xbd\x14\xafR\xd5\x7e\x7f\xcf\xf4\x1eG\x2bmH\xda\x84\x7f\x3c\xdf\x90i\xbdL\xdf\x27\xa9a\x9c3\x19w\xeb8\x2f\x8b\x7c\x85\xd6\x7ed1z\xdd\x0d\xd3!\xf4\xf1\xb8\x97\x2b\xe4\x2fw\xd2\x1f\x10\x1e\xad\xb3\xd3\xbf\xb3\x7d0\xf8\x116\x26\xbbl\xfc\xbf\xac\x25\xa9\xf4d\xf1w\xf8\xd5\xa9\xa6R\xe6\x8cN\x3d\xda\x96\x95On\x8e\x8dy\x11\xbf\xc9.K\x5e\xcc\x9e\x25\x22I\x9dw\xb8\x5f\xae\x9a\x2c\x60\xd8\x86\xc5\x89\x90\x11O\xccG\xc4\x0a\xbf\xbf\x8d\x29\x1d2\xda\xa5?\x7cp\xc5\x8ci\x22\x29\x8f\xb7\xec\xa6\x0b\x9b\x5e\xbf\x83\x8e\xbe\xe2\x00\xbf\xdd\x9eX\xeeS\x9f9\xbf\xcd\xa3\xc8\x0b\x10M\xbe\xb9\x12\xa6\xb9\xf8\xa9\xa1\x05\xfe\x7b \xb4j\x13\xf3\x14w\x18\xe0\xff\x1dve\xbfu\x8a\x16\xfb\x1d\xe0\x85\xc5\x23\x27\x0c\x9e\xb9\x9c\x93V\x06\x93\x3b\x8fai\xf32\x07\x82\xfb\xecE\x82\x99\x08\x11\x23\x2bQ\x17\xfc\xfb1\x2a\xc8\x0d\x8ez\xd3\xdaM\xacp\xbb\xc3\x24\x8e\xb2\x5e\xbch\x14U\x23\xbaq\x15s\xda\xce\x92\xb3\xb6\x17\x2f\x2b\xab\x1a\x5f\x8d\x06\x17D\xac\xa3\xca\xb3w\x81\x96\xfb\xa5\x99\xe1\xab\xed\x11\x99u\xd0:\xd0\xe0\x14\xb74\xbf\x06X\x3e\xc2\x3dS\xbaK\xbac\x17c\x11\x90\xe4\xf7\xfde\x25\x0e\x08\x5e0\x94\x1ags\xdcW\xc9S\x19\xbf \x0c\xef3\xf3\x1a\xad3\x1e\xfeU\x2a\xc6UI\xc7\x02\x9c\x1etzQ\x81\xac\x13\x16\x04\x18B\xb7\x7dS\x97\xf4\xac\xc4\xe8\xbb\x2b\xf2\x24\x17\x8a\x5e\x09\x85\x2d\x10\x60\xe8d\x8dSD9\xadN\xf4\xd2\x0e\x9b\x82O\xe6\xf1\x0e\x00\x159ef\xfd\xf1\x3d\x9dv2\x84\x7b\x19\x24\x1cv38\xa58\x23\xac\xb9\x16hW\x11m\xc9\x0c\x7c\xe9\xe5CI\x7e\x8cG\xd8Q\xf1\xdd\x94\xe0tO\xd0\xe5u4\xbb\x93\xfeW\x2d\x02B\x14m\x5b\xe8\x3dP\x97\x8b\x8d\xb3\xbc\x9b\x90\xf3B\xaf\x8b\x3e\x24\x97\x199\x9b\xec\xb8\x96\x23\xee\xfc\xf2:\x8b\xf8\xafe\x09I\x3c\x602\x0d\x28\x17\x19\x9b\xe0c9\x14\x046\x28\xf0\xcf\xbf\x24\xc9\x0e\x2d\xa3\xd8\xf2\x0f\xd6\xf2\xbf\x95\x17:\x14\x15\xf5\x1f\xea\x8a\x2a\x0d\xcf\x14\x9d\xac\x3d\xcfr\x81\x9cf9i\xab.\x0e\xaa\x90Q\x13\xb2\x8aHr\x94\x2a\x9e\x01\xb6\xa1E4\x02\xad\x5eW\xf9\xd7\xb1\xd7\xc4CDl\xfd\xa5\x2c\x99\x7dZ\x3e\xabe\x08\xb9\xbe\xb3\xd5\xfe\x7d\x9cA\x1e\x8e9\xf8k\x9dJv\xba\x2fz\x2b\x17\x3d\x81\x7f\xeb\xaf\x9fx\x07\x3c\xe7V\xac\xb8\xacfh\xba\x1c\x0f\x97\xa9\x93\x90\x10\x7b?Ijp\xf021\x3e\x12\xff\x22\x2d\xb45?\xdeo\x01\xde\x07\xa1\xe4 \xe8\xf0\xe1.d\xcaF\x2dS\x93W\x3eV\xa4\xb8\xce\x28\x13LEv\xbd\xd0\xdc\x93\x40\x90\x12\xed\x23\x121\x86\x10\xc3vE\x95\xc9\xfai\xef\x8a\x2d\x0ef\xa1\xfa\x24\xac\x1bA\x91\xbd6\xa2\xdc\xa2\xf5\xd1\xbd\x8d\xa8\x86\x7bY\xdc\x23\x89\xf0\xc5\x091\xe1\xbc\xad\x1d\x82\x95\xc4\xfd.\x89P\x87J\xdd\x28\xf7aG NS\x3ec\xf8v\xb1\x5f\xfeS\xf5\xef\xbc\x0b\x29\x8d5\x86qO\xe4\x3eF\x02\xce\xf2\xdax.\xab\x3b\x0d\xe5\xa1\x22\x09\x82\xa2\xcc\x9f\xff\xe57\x5cCh\xe5\x06X\xde\xd9\xb9P\x7f\xc6\x03e\xa2\xcc\xbb\xe3\xcf\x94F\x8c\xde\xd4\xc9\x0d\xe4x\x5c\xd0\x13\xd2\x9d\xc4</data></write>
    <read><delim>\x0a</delim><match><data>New file loaded\x0a</data></match></read>
    <write><data>\x05</data></write>
    <read><delim>\x0a</delim><match><data>BRIGHTNESS selected\x0a</data></match></read>
    <write><data>\x84\xff</data></write>
    <write><data>\x0b</data></write>
</replay>
</pov>