<?xml version="1.0" standalone="no" ?>
<!DOCTYPE pov SYSTEM "/usr/share/cgc-docs/replay.dtd">
<pov>
<cbid>service</cbid>
<seed>f3adb9bc7ff8ad8ddcac35c5a9c55c92af51e09ffa93022a45aa1700c5d1950b07d30e8c9ae89c1ed6f5ce7a0ffcceaa</seed>
<replay>
    <delay>50</delay>
    <read><delim>\x0a</delim><match><data>3D Coordinates \x283DC\x29 Image File Format Tools\x0a</data></match></read>
    <write><data>\x09</data></write>
    <read><delim>\x0a</delim><match><data>SHOW\x5fPIXEL selected\x0a</data></match></read>
    <read><delim>\x0a</delim><match><data>Select the pixel to view:\x0a</data></match></read>
    <write><data>\x00\x00</data></write>
    <read><delim>\x0a</delim><match><data>XYZ:  \x2821808\x2c 31869\x2c 13772\x29\x0a</data></match></read>
    <read><delim>\x0a</delim><match><data>RGBA: \x28\x23389290c6\x29\x0a</data></match></read>
    <read><delim>\x0a</delim><match><data>\x0a</data></match></read>
    <write><data>\x09</data></write>
    <read><delim>\x0a</delim><match><data>SHOW\x5fPIXEL selected\x0a</data></match></read>
    <read><delim>\x0a</delim><match><data>Select the pixel to view:\x0a</data></match></read>
    <write><data>\x00\x00</data></write>
    <read><delim>\x0a</delim><match><data>XYZ:  \x2821808\x2c 31869\x2c 13772\x29\x0a</data></match></read>
    <read><delim>\x0a</delim><match><data>RGBA: \x28\x23389290c6\x29\x0a</data></match></read>
    <read><delim>\x0a</delim><match><data>\x0a</data></match></read>
    <write><data>\x04</data></write>
    <read><delim>\x0a</delim><match><data>ROTATE\x5fIMAGE selected\x0a</data></match></read>
    <write><data>\x01</data></write>
    <write><data>\xc9\x0c</data></write>
    <write><data>\x09</data></write>
    <read><delim>\x0a</delim><match><data>SHOW\x5fPIXEL selected\x0a</data></match></read>
    <read><delim>\x0a</delim><match><data>Select the pixel to view:\x0a</data></match></read>
    <write><data>\x00\x00</data></write>
    <read><delim>\x0a</delim><match><data>XYZ:  \x2821808\x2c 31869\x2c 13772\x29\x0a</data></match></read>
    <read><delim>\x0a</delim><match><data>RGBA: \x28\x23389290c6\x29\x0a</data></match></read>
    <read><delim>\x0a</delim><match><data>\x0a</data></match></read>
    <write><data>\x05</data></write>
    <read><delim>\x0a</delim><match><data>BRIGHTNESS selected\x0a</data></match></read>
    <write><data>S\xff</data></write>
    <write><data>\x0b</data></write>
</replay>
</pov>