<?xml version="1.0" standalone="no" ?>
<!DOCTYPE pov SYSTEM "/usr/share/cgc-docs/replay.dtd">
<pov>
<cbid>service</cbid>
<seed>a6664c09fad03fd4887bf173983bf6ebc10c3cb349f78a02bc393e131073f800de403f3e9e0cd394702e824bfc70acb9</seed>
<replay>
    <delay>50</delay>
    <read><delim>\x0a</delim><match><data>3D Coordinates \x283DC\x29 Image File Format Tools\x0a</data></match></read>
    <write><data>\x06</data></write>
    <read><delim>\x0a</delim><match><data>OPACITY selected\x0a</data></match></read>
    <write><data>0</data></write>
    <write><data>\x09</data></write>
    <read><delim>\x0a</delim><match><data>SHOW\x5fPIXEL selected\x0a</data></match></read>
    <read><delim>\x0a</delim><match><data>Select the pixel to view:\x0a</data></match></read>
    <write><data>\x00\x00</data></write>
    <read><delim>\x0a</delim><match><data>XYZ:  \x28\x2d30806\x2c \x2d29119\x2c 27691\x29\x0a</data></match></read>
    <read><delim>\x0a</delim><match><data>RGBA: \x28\x237bb12830\x29\x0a</data></match></read>
    <read><delim>\x0a</delim><match><data>\x0a</data></match></read>
    <write><data>\x06</data></write>
    <read><delim>\x0a</delim><match><data>OPACITY selected\x0a</data></match></read>
    <write><data>\x9f</data></write>
    <write><data>\x06</data></write>
    <read><delim>\x0a</delim><match><data>OPACITY selected\x0a</data></match></read>
    <write><data>6</data></write>
    <write><data>\x09</data></write>
    <read><delim>\x0a</delim><match><data>SHOW\x5fPIXEL selected\x0a</data></match></read>
    <read><delim>\x0a</delim><match><data>Select the pixel to view:\x0a</data></match></read>
    <write><data>\x00\x00</data></write>
    <read><delim>\x0a</delim><match><data>XYZ:  \x28\x2d30806\x2c \x2d29119\x2c 27691\x29\x0a</data></match></read>
    <read><delim>\x0a</delim><match><data>RGBA: \x28\x237bb12836\x29\x0a</data></match></read>
    <read><delim>\x0a</delim><match><data>\x0a</data></match></read>
    <write><data>\x0b</data></write>
</replay>
</pov>