<?xml version="1.0" standalone="no" ?>
<!DOCTYPE pov SYSTEM "/usr/share/cgc-docs/replay.dtd">
<pov>
<cbid>service</cbid>
<seed>ffbfec239b3edf953d06d371a3b4696b38450362d6e6d94d8b567bf9ef30a9e958a8014cab3cbf02e3cde236939bfcb6</seed>
<replay>
    <delay>50</delay>
    <read><delim>\x0a</delim><match><data>3D Coordinates \x283DC\x29 Image File Format Tools\x0a</data></match></read>
    <write><data>\x09</data></write>
    <read><delim>\x0a</delim><match><data>SHOW\x5fPIXEL selected\x0a</data></match></read>
    <read><delim>\x0a</delim><match><data>Select the pixel to view:\x0a</data></match></read>
    <write><data>\x00\x00</data></write>
    <read><delim>\x0a</delim><match><data>XYZ:  \x2828790\x2c 27954\x2c 25987\x29\x0a</data></match></read>
    <read><delim>\x0a</delim><match><data>RGBA: \x28\x2391ef3c8d\x29\x0a</data></match></read>
    <read><delim>\x0a</delim><match><data>\x0a</data></match></read>
    <write><data>\x0a</data></write>
    <read><delim>\x0a</delim><match><data>SCALE\x5fIMAGE selected\x0a</data></match></read>
    <write><data>\x16\x00</data></write>
    <write><data>\x04</data></write>
    <read><delim>\x0a</delim><match><data>ROTATE\x5fIMAGE selected\x0a</data></match></read>
    <write><data>\x00</data></write>
    <write><data>\x24\xbf</data></write>
    <write><data>\x04</data></write>
    <read><delim>\x0a</delim><match><data>ROTATE\x5fIMAGE selected\x0a</data></match></read>
    <write><data>\x00</data></write>
    <write><data>A\xcc</data></write>
    <write><data>\x09</data></write>
    <read><delim>\x0a</delim><match><data>SHOW\x5fPIXEL selected\x0a</data></match></read>
    <read><delim>\x0a</delim><match><data>Select the pixel to view:\x0a</data></match></read>
    <write><data>\x00\x00</data></write>
    <read><delim>\x0a</delim><match><data>XYZ:  \x280\x2c 0\x2c 0\x29\x0a</data></match></read>
    <read><delim>\x0a</delim><match><data>RGBA: \x28\x2391ef3c8d\x29\x0a</data></match></read>
    <read><delim>\x0a</delim><match><data>\x0a</data></match></read>
    <write><data>\x0b</data></write>
</replay>
</pov>