<?xml version="1.0" standalone="no" ?>
<!DOCTYPE pov SYSTEM "/usr/share/cgc-docs/replay.dtd">
<pov>
<cbid>service</cbid>
<seed>cd044ab19054483151b679d713b359cf12b38e5857911f1e98c83e159757a947048da0da9b738718a3f6f8fbd11e0ee1</seed>
<replay>
    <delay>50</delay>
    <read><delim>\x0a</delim><match><data>3D Coordinates \x283DC\x29 Image File Format Tools\x0a</data></match></read>
    <write><data>\x03</data></write>
    <read><delim>\x0a</delim><match><data>SKEW\x5fIMAGE selected\x0a</data></match></read>
    <write><data>\x00</data></write>
    <write><data>\xe9z</data></write>
    <write><data>\x09</data></write>
    <read><delim>\x0a</delim><match><data>SHOW\x5fPIXEL selected\x0a</data></match></read>
    <read><delim>\x0a</delim><match><data>Select the pixel to view:\x0a</data></match></read>
    <write><data>\x00\x00</data></write>
    <read><delim>\x0a</delim><match><data>XYZ:  \x28438\x2c 6596\x2c \x2d4200\x29\x0a</data></match></read>
    <read><delim>\x0a</delim><match><data>RGBA: \x28\x23f54831dc\x29\x0a</data></match></read>
    <read><delim>\x0a</delim><match><data>\x0a</data></match></read>
    <write><data>\x05</data></write>
    <read><delim>\x0a</delim><match><data>BRIGHTNESS selected\x0a</data></match></read>
    <write><data>\xc2\xff</data></write>
    <write><data>\x08</data></write>
    <read><delim>\x0a</delim><match><data>DECOMPRESS selected\x0a</data></match></read>
    <read><delim>\x0a</delim><match><data>No compressed data.\x0a</data></match></read>
    <write><data>\x09</data></write>
    <read><delim>\x0a</delim><match><data>SHOW\x5fPIXEL selected\x0a</data></match></read>
    <read><delim>\x0a</delim><match><data>Select the pixel to view:\x0a</data></match></read>
    <write><data>\x00\x00</data></write>
    <read><delim>\x0a</delim><match><data>XYZ:  \x28438\x2c 6596\x2c \x2d4200\x29\x0a</data></match></read>
    <read><delim>\x0a</delim><match><data>RGBA: \x28\x23b70a00dc\x29\x0a</data></match></read>
    <read><delim>\x0a</delim><match><data>\x0a</data></match></read>
    <write><data>\x0b</data></write>
</replay>
</pov>