<?xml version="1.0" standalone="no" ?>
<!DOCTYPE pov SYSTEM "/usr/share/cgc-docs/replay.dtd">
<pov>
<cbid>service</cbid>
<seed>e0193c57dbc16dc12215ae8dcd7ed96fa441b6bf7e7bf183be6574208be99a9789e0668089d59143cb5f14fc39eb65d9</seed>
<replay>
    <delay>50</delay>
    <read><delim>\x0a</delim><match><data>3D Coordinates \x283DC\x29 Image File Format Tools\x0a</data></match></read>
    <write><data>\x04</data></write>
    <read><delim>\x0a</delim><match><data>ROTATE\x5fIMAGE selected\x0a</data></match></read>
    <write><data>\x00</data></write>
    <write><data>\x0a\xa0</data></write>
    <write><data>\x04</data></write>
    <read><delim>\x0a</delim><match><data>ROTATE\x5fIMAGE selected\x0a</data></match></read>
    <write><data>\x00</data></write>
    <write><data>\x23\x25</data></write>
    <write><data>\x08</data></write>
    <read><delim>\x0a</delim><match><data>DECOMPRESS selected\x0a</data></match></read>
    <read><delim>\x0a</delim><match><data>No compressed data.\x0a</data></match></read>
    <write><data>\x09</data></write>
    <read><delim>\x0a</delim><match><data>SHOW\x5fPIXEL selected\x0a</data></match></read>
    <read><delim>\x0a</delim><match><data>Select the pixel to view:\x0a</data></match></read>
    <write><data>\x00\x00</data></write>
    <read><delim>\x0a</delim><match><data>XYZ:  \x28\x2d7801\x2c \x2d26823\x2c \x2d7553\x29\x0a</data></match></read>
    <read><delim>\x0a</delim><match><data>RGBA: \x28\x2308e41bfd\x29\x0a</data></match></read>
    <read><delim>\x0a</delim><match><data>\x0a</data></match></read>
    <write><data>\x0a</data></write>
    <read><delim>\x0a</delim><match><data>SCALE\x5fIMAGE selected\x0a</data></match></read>
    <write><data>\x24\x00</data></write>
    <write><data>\x0b</data></write>
</replay>
</pov>