<?xml version="1.0" standalone="no" ?>
<!DOCTYPE pov SYSTEM "/usr/share/cgc-docs/replay.dtd">
<pov>
<cbid>service</cbid>
<seed>27d15df54d037071dc74ac842624c0e498cbc6422afe590de219fc103cff47d7e49700e84bec305f4213a3e9709aba75</seed>
<replay>
    <delay>50</delay>
    <read><delim>\x0a</delim><match><data>3D Coordinates \x283DC\x29 Image File Format Tools\x0a</data></match></read>
    <write><data>\x0a</data></write>
    <read><delim>\x0a</delim><match><data>SCALE\x5fIMAGE selected\x0a</data></match></read>
    <write><data>\x84\x00</data></write>
    <write><data>\x0b</data></write>
</replay>
</pov>