<?xml version="1.0" standalone="no" ?>
<!DOCTYPE pov SYSTEM "/usr/share/cgc-docs/replay.dtd">
<pov>
<cbid>service</cbid>
<seed>9e0dfbc508c16ee3dc3e3eea52d055b97684e02144ec19b1036e74d85cfa998586e401f6b5139e8a86b19c794d06d787</seed>
<replay>
    <delay>50</delay>
    <write><data>7\x00\x01\xff\x05\x05\x5cw\x09\x91\xcbj\x9b\x28\x00A\x25\x00UBtWtJnjQaBMXaqLYHoQgjGGGBgGvPyVZpMgx</data></write>
    <read><length>55</length><match><data>7\x00\x01\xff\x05\x05\x5cw\x0a\x91\xcbj\x9b\x28\x00B\x25\x00UBtWtJnjQaBMXaqLYHoQgjGGGBgGvPyVZpMgx</data></match></read>
    <write><data>\x0f\x00\x01\xff\x06\x00\x00\x00\x00\x00\x00\x00\x00\x00\x00</data></write>
    <read><length>15</length><match><data>\x0f\x00\x01\xff\x06\x00\x00\x00\x00\x00\x00\x00\x00\x00\x00</data></match></read>
</replay>
</pov>