<?xml version="1.0" standalone="no" ?>
<!DOCTYPE pov SYSTEM "/usr/share/cgc-docs/replay.dtd">
<pov>
<cbid>service</cbid>
<seed>ec29542e3c8dd9dffb7b61ef492c45d43cf9d3f89e9f9dbc088b07894492e0cff4996cf102969de9e80b2685fcd82870</seed>
<replay>
    <delay>50</delay>
    <write><data>\x2f\x00\x01\xff\x05 kx\x18\x18s\xc8\x8d \x00A\x1d\x00KSszPMBIwoJCOviDIjcMQfzhBRnzY</data></write>
    <read><length>47</length><match><data>\x2f\x00\x01\xff\x05 kx\x1b\x18s\xc8\x8d \x00B\x1d\x00KSszPMBIwoJCOviDIjcMQfzhBRnzY</data></match></read>
    <write><data>\x0f\x00\x01\xff\x06\x00\x00\x00\x00\x00\x00\x00\x00\x00\x00</data></write>
    <read><length>15</length><match><data>\x0f\x00\x01\xff\x06\x00\x00\x00\x00\x00\x00\x00\x00\x00\x00</data></match></read>
</replay>
</pov>