<?xml version="1.0" standalone="no" ?>
<!DOCTYPE pov SYSTEM "/usr/share/cgc-docs/replay.dtd">
<pov>
<cbid>service</cbid>
<seed>76e7c05349257241a728c05c97914512e05fc831e9e19754cc26ca7c86fce05ea9dce4cb9ecb48c833aaf67419c9dcdb</seed>
<replay>
    <delay>50</delay>
    <!-- Bad login attempt -->
    <write><data>\x00</data></write>
    <write><data>\x06</data></write>
    <write><data>\x08</data></write>
    <write><data>3\x5d\xce\xaaM\x7b\x8b6\xcc\xb8\x92\xc7\xae\x17</data></write>
    <read><length>1</length><match><data>\x00</data></match></read>
    <read><length>1</length><match><data>\x01</data></match></read>
    <read><length>2</length><match><data>\x00\x00</data></match></read>
    <!-- Bad login attempt -->
    <write><data>\x00</data></write>
    <write><data>\x0a</data></write>
    <write><data>\x04</data></write>
    <write><data>\xa4\x23z\xbb\xd6\x23\xef\x7d\x3b \xb0\x92\x94\xb3</data></write>
    <read><length>1</length><match><data>\x00</data></match></read>
    <read><length>1</length><match><data>\x01</data></match></read>
    <read><length>2</length><match><data>\x00\x00</data></match></read>
    <!-- Bad login attempt -->
    <write><data>\x00</data></write>
    <write><data>\x03</data></write>
    <write><data>\x09</data></write>
    <write><data>\xd7\x83\xccz0\x13\x1f\x26\x84\xd7\xb0\xa2</data></write>
    <read><length>1</length><match><data>\x00</data></match></read>
    <read><length>1</length><match><data>\x01</data></match></read>
    <read><length>2</length><match><data>\x00\x00</data></match></read>
    <!-- Successful login attempt -->
    <write><data>\x00</data></write>
    <write><data>\x04</data></write>
    <write><data>\x0a</data></write>
    <write><data>rootrootpasswd</data></write>
    <read><length>1</length><match><data>\x00</data></match></read>
    <read><length>1</length><match><data>\x00</data></match></read>
    <read><length>2</length><match><data>\x00\x00</data></match></read>
    <write><data>\x03</data></write>
    <write><data>\x17\x00</data></write>
    <write><data>\x05</data></write>
    <write><data>\xf1\xdf\x22A\x0a</data></write>
    <write><data>m\x91\xec\xee\xcb\xe5\xbc:3\x14\x99t\xa7pg\xf9\x7d\x08SF\x29S\xa9</data></write>
    <read><length>1</length><match><data>\x03</data></match></read>
    <read><length>1</length><match><data>\x00</data></match></read>
    <read><length>2</length><match><data>\x00\x00</data></match></read>
    <!-- Bad delete attempt: invalid file -->
    <write><data>\x05</data></write>
    <write><data>\x02</data></write>
    <write><data>j\x18</data></write>
    <read><length>1</length><match><data>\x05</data></match></read>
    <read><length>1</length><match><data>\x04</data></match></read>
    <read><length>2</length><match><data>\x00\x00</data></match></read>
</replay>
</pov>