<?xml version="1.0" standalone="no" ?>
<!DOCTYPE pov SYSTEM "/usr/share/cgc-docs/replay.dtd">
<pov>
<cbid>service</cbid>
<seed>9b8b76392f4f0b23286fd569905017397b3512201f4a65f7d4040a860c6808b162ab636aaf6dc1ae0ca8b8184994d1a9</seed>
<replay>
    <delay>50</delay>
    <!-- Successful login attempt -->
    <write><data>\x00</data></write>
    <write><data>\x04</data></write>
    <write><data>\x0a</data></write>
    <write><data>rootrootpasswd</data></write>
    <read><length>1</length><match><data>\x00</data></match></read>
    <read><length>1</length><match><data>\x00</data></match></read>
    <read><length>2</length><match><data>\x00\x00</data></match></read>
</replay>
</pov>