<?xml version="1.0" standalone="no" ?>
<!DOCTYPE pov SYSTEM "/usr/share/cgc-docs/replay.dtd">
<pov>
<cbid>service</cbid>
<seed>607a867edcaf41706aba95ffa7403bd19fb21e28835491b29daf51aa235a7b95886448bed11f966cf56c672dd56072a4</seed>
<replay>
    <delay>50</delay>
    <!-- Bad login attempt -->
    <write><data>\x00</data></write>
    <write><data>\x02</data></write>
    <write><data>\x02</data></write>
    <write><data>\x9d\x5d\x85\xbc</data></write>
    <read><length>1</length><match><data>\x00</data></match></read>
    <read><length>1</length><match><data>\x01</data></match></read>
    <read><length>2</length><match><data>\x00\x00</data></match></read>
    <!-- Bad login attempt -->
    <write><data>\x00</data></write>
    <write><data>\x09</data></write>
    <write><data>\x08</data></write>
    <write><data>\xbc\xea\x9b\x5c\x3d\x94\x5e\x0b\xf0G\x16\x2b\x3b\x84O\xa0\xc3</data></write>
    <read><length>1</length><match><data>\x00</data></match></read>
    <read><length>1</length><match><data>\x01</data></match></read>
    <read><length>2</length><match><data>\x00\x00</data></match></read>
    <!-- Bad login attempt -->
    <write><data>\x00</data></write>
    <write><data>\x0a</data></write>
    <write><data>\x01</data></write>
    <write><data>\x2a\xad\x95A\x1dq\x01\xef0\x983</data></write>
    <read><length>1</length><match><data>\x00</data></match></read>
    <read><length>1</length><match><data>\x01</data></match></read>
    <read><length>2</length><match><data>\x00\x00</data></match></read>
    <!-- Bad login attempt -->
    <write><data>\x00</data></write>
    <write><data>\x08</data></write>
    <write><data>\x04</data></write>
    <write><data>\x8d\x29\xdd\x60Z\xdc\x1b\x5b\x3b\x7d\xa8r</data></write>
    <read><length>1</length><match><data>\x00</data></match></read>
    <read><length>1</length><match><data>\x01</data></match></read>
    <read><length>2</length><match><data>\x00\x00</data></match></read>
    <!-- Bad login attempt -->
    <write><data>\x00</data></write>
    <write><data>\x02</data></write>
    <write><data>\x06</data></write>
    <write><data>\xcf\x9d3\x2f\xa8\xa5p0</data></write>
    <read><length>1</length><match><data>\x00</data></match></read>
    <read><length>1</length><match><data>\x01</data></match></read>
    <read><length>2</length><match><data>\x00\x00</data></match></read>
    <!-- Successful login attempt -->
    <write><data>\x00</data></write>
    <write><data>\x04</data></write>
    <write><data>\x0a</data></write>
    <write><data>rootrootpasswd</data></write>
    <read><length>1</length><match><data>\x00</data></match></read>
    <read><length>1</length><match><data>\x00</data></match></read>
    <read><length>2</length><match><data>\x00\x00</data></match></read>
    <write><data>\x03</data></write>
    <write><data>\x2a\x00</data></write>
    <write><data>\x01</data></write>
    <write><data>\xbb</data></write>
    <write><data>Z\x5c\x9a\x84\x24s\x2f\xa7\x13\xd6\x06u\x23\x16k\xb2\x5et\xf4\xcf\x28\x85\xb1\xdd\xdd\xc9\x18\xfe\x5c\xd2\xdfx\x5f\xb36\xcc0gRM\x3c\xff</data></write>
    <read><length>1</length><match><data>\x03</data></match></read>
    <read><length>1</length><match><data>\x00</data></match></read>
    <read><length>2</length><match><data>\x00\x00</data></match></read>
    <write><data>\x03</data></write>
    <write><data>U\x00</data></write>
    <write><data>\x08</data></write>
    <write><data>\xd2\xf1\xb6\xa9f\x0dL\xb7</data></write>
    <write><data>\x8f\xdf?\xfc0\xe6\xe5\xb6\xc6\xb2\x04H\x1e\xe0S\xc7\x2azv\xe1\xfc\x11wd 4\x9f\x0f\x98\xa7\x7dm\x5e\xa4\xac\xe7\xaeP\xa0\x9cHQ\x05T\x22h\xa3\x9a\x8a\x10\x99\xc5\xff\xcb\xb9O\x99\x89Nd\xa8\x9b\x0a\xc51\xdd\x0d\xd8\xa3\x02\x1a\xe3\xb8\xb5Q\x8b\x60\x1a\xe9eU\xf4\xa4\x91k</data></write>
    <read><length>1</length><match><data>\x03</data></match></read>
    <read><length>1</length><match><data>\x00</data></match></read>
    <read><length>2</length><match><data>\x00\x00</data></match></read>
    <write><data>\x06</data></write>
    <write><data>\x02</data></write>
    <write><data>\x06</data></write>
    <write><data>j\x96</data></write>
    <write><data>\x1f\x19\x09\xcd\x90\x84</data></write>
    <read><length>1</length><match><data>\x06</data></match></read>
    <read><length>1</length><match><data>\x05</data></match></read>
    <read><length>2</length><match><data>\x00\x00</data></match></read>
    <!-- Bad delete attempt: invalid file -->
    <write><data>\x05</data></write>
    <write><data>\x08</data></write>
    <write><data>\xe4\x04\x87\x5b\xe8\x87O\x1d</data></write>
    <read><length>1</length><match><data>\x05</data></match></read>
    <read><length>1</length><match><data>\x04</data></match></read>
    <read><length>2</length><match><data>\x00\x00</data></match></read>
    <!-- Successful rename attempt -->
    <write><data>\x06</data></write>
    <write><data>\x01</data></write>
    <write><data>\x08</data></write>
    <write><data>\xbb</data></write>
    <write><data>\xf2\x92\xd1 \xfd\x8b\x9c\x0e</data></write>
    <read><length>1</length><match><data>\x06</data></match></read>
    <read><length>1</length><match><data>\x00</data></match></read>
    <read><length>2</length><match><data>\x00\x00</data></match></read>
    <!-- Bad delete attempt: invalid file -->
    <write><data>\x05</data></write>
    <write><data>\x02</data></write>
    <write><data>H\xa5</data></write>
    <read><length>1</length><match><data>\x05</data></match></read>
    <read><length>1</length><match><data>\x04</data></match></read>
    <read><length>2</length><match><data>\x00\x00</data></match></read>
</replay>
</pov>