<?xml version="1.0" standalone="no" ?>
<!DOCTYPE pov SYSTEM "/usr/share/cgc-docs/replay.dtd">
<pov>
<cbid>service</cbid>
<seed>24a0626b25844edc324062f8b72a4230b6f8820f34317c0dbc8faa163748bcb1e92ce76d4275ae605e7bd655ea2f011a</seed>
<replay>
    <delay>50</delay>
    <!-- Bad login attempt -->
    <write><data>\x00</data></write>
    <write><data>\x04</data></write>
    <write><data>\x08</data></write>
    <write><data>\x2a5\xf3\x2d!\xb3\xc1\xfbF\xe1\xe5\x2a</data></write>
    <read><length>1</length><match><data>\x00</data></match></read>
    <read><length>1</length><match><data>\x01</data></match></read>
    <read><length>2</length><match><data>\x00\x00</data></match></read>
    <!-- Successful login attempt -->
    <write><data>\x00</data></write>
    <write><data>\x04</data></write>
    <write><data>\x0a</data></write>
    <write><data>rootrootpasswd</data></write>
    <read><length>1</length><match><data>\x00</data></match></read>
    <read><length>1</length><match><data>\x00</data></match></read>
    <read><length>2</length><match><data>\x00\x00</data></match></read>
    <write><data>\x03</data></write>
    <write><data>\x1a\x00</data></write>
    <write><data>\x09</data></write>
    <write><data>\xf5\xb5j\x40\xe6\xae\x91\x7b\x2d</data></write>
    <write><data>\xdf\x27U\xf49!\xechM3\xca\xe4\x11\xb8\xafs9ZL\xadiYb\xa4\xadk</data></write>
    <read><length>1</length><match><data>\x03</data></match></read>
    <read><length>1</length><match><data>\x00</data></match></read>
    <read><length>2</length><match><data>\x00\x00</data></match></read>
    <!-- Bad delete attempt: invalid file -->
    <write><data>\x05</data></write>
    <write><data>\x02</data></write>
    <write><data>\xae\x0c</data></write>
    <read><length>1</length><match><data>\x05</data></match></read>
    <read><length>1</length><match><data>\x04</data></match></read>
    <read><length>2</length><match><data>\x00\x00</data></match></read>
</replay>
</pov>