<?xml version="1.0" standalone="no" ?>
<!DOCTYPE pov SYSTEM "/usr/share/cgc-docs/replay.dtd">
<pov>
<cbid>service</cbid>
<seed>aee608d9a303cbbda659218b3e21b0d5e0dc128837d58db674ad3f201ac78e5983532532abff779111d92ccb343d964a</seed>
<replay>
    <delay>50</delay>
    <!-- Successful login attempt -->
    <write><data>\x00</data></write>
    <write><data>\x04</data></write>
    <write><data>\x0a</data></write>
    <write><data>rootrootpasswd</data></write>
    <read><length>1</length><match><data>\x00</data></match></read>
    <read><length>1</length><match><data>\x00</data></match></read>
    <read><length>2</length><match><data>\x00\x00</data></match></read>
    <write><data>\x03</data></write>
    <write><data>\x2a\x00</data></write>
    <write><data>\x06</data></write>
    <write><data>\x12\x1c\xc7w\x29\xcb</data></write>
    <write><data>:m\xa4y\xf3\xbc\xd9\x8cV\x06tG\x05\x7dt\x1fd\x0e\xc1\xca\xcdl\xfc\x0c\xc9Q\x80\xe6\xff\xeanC:4\xc4\xa1\xbc\xad\x3c\x18\xf8\x2d</data></write>
    <read><length>1</length><match><data>\x03</data></match></read>
    <read><length>1</length><match><data>\x00</data></match></read>
    <read><length>2</length><match><data>\x00\x00</data></match></read>
    <!-- Successful write append attempt -->
    <write><data>\x04</data></write>
    <write><data>\x05\x00</data></write>
    <write><data>\x06</data></write>
    <write><data>\x12\x1c\xc7w\x29\xcb</data></write>
    <write><data>\xc2Nb2\x15</data></write>
    <read><length>1</length><match><data>\x04</data></match></read>
    <read><length>1</length><match><data>\x00</data></match></read>
    <read><length>2</length><match><data>\x00\x00</data></match></read>
    <!-- Successful dir attempt -->
    <write><data>\x01</data></write>
    <read><length>1</length><match><data>\x01</data></match></read>
    <read><length>1</length><match><data>\x00</data></match></read>
    <read><length>2</length><match><data>\x11\x01</data></match></read>
    <read><length>91</length><match><data>Filename                         Owner                            Size     Mode Timestamp \x0a</data></match></read>
    <read><length>91</length><match><data>\x12\x1c\xc7w\x29\xcb                           root                             47       rw\x2d\x2d 1452975773\x0a</data></match></read>
    <read><length>91</length><match><data>passwd                           root                             15       rw\x2d\x2d 1452975749\x0a</data></match></read>
    <!-- Successful dir attempt -->
    <write><data>\x01</data></write>
    <read><length>1</length><match><data>\x01</data></match></read>
    <read><length>1</length><match><data>\x00</data></match></read>
    <read><length>2</length><match><data>\x11\x01</data></match></read>
    <read><length>91</length><match><data>Filename                         Owner                            Size     Mode Timestamp \x0a</data></match></read>
    <read><length>91</length><match><data>\x12\x1c\xc7w\x29\xcb                           root                             47       rw\x2d\x2d 1452975773\x0a</data></match></read>
    <read><length>91</length><match><data>passwd                           root                             15       rw\x2d\x2d 1452975749\x0a</data></match></read>
    <!-- Successful dir attempt -->
    <write><data>\x01</data></write>
    <read><length>1</length><match><data>\x01</data></match></read>
    <read><length>1</length><match><data>\x00</data></match></read>
    <read><length>2</length><match><data>\x11\x01</data></match></read>
    <read><length>91</length><match><data>Filename                         Owner                            Size     Mode Timestamp \x0a</data></match></read>
    <read><length>91</length><match><data>\x12\x1c\xc7w\x29\xcb                           root                             47       rw\x2d\x2d 1452975773\x0a</data></match></read>
    <read><length>91</length><match><data>passwd                           root                             15       rw\x2d\x2d 1452975749\x0a</data></match></read>
    <write><data>\x03</data></write>
    <write><data>\x9b\x00</data></write>
    <write><data>\x02</data></write>
    <write><data>d\xea</data></write>
    <write><data>\xe7H\xe7\xc7\x09\xe2\x82\xf1\x24\xa6\x2b\x9c\x02\x2d\xda\xee\xbf\x02\xe3bU\xe0B\xb2\xbc\xa7\xb7\x23\x2b!\x8f\xa8K\x1f\x13\x3da\x27\xbaK\x13\xa1Um6\xf9v\x0c\x0e\xb1\xfdw\xdc\x86n5\xc1\xdd\xb0\xf5PI\xad\x07k\xd94\x0dp\xfc\x86\x93\xceH\xa3\x5d\x0d\xdc\x60\xbf\x2f\xce\xa8\xd2\x8e\x3e\x0f\xf7\xd5\x1et\xe8\xa1\x1a\xed\xfd\x17\xccB\xa3\x5f\xe2\x9f\xbe\xa8\xde\xba\xae\x1e\xfcv\x87\xbb\xb2\x8b\xb8\x60\x09\xccX\xd1u\x24\xf1\xd6\x7b\xfaah\xa8I\xfeJv\x1cb\xb1\x28\xd7\x90\x92\x5c\x2b\xe4\x2f\x99\x2d\x053\x88.\x8c\xef\xe3\xcc</data></write>
    <read><length>1</length><match><data>\x03</data></match></read>
    <read><length>1</length><match><data>\x00</data></match></read>
    <read><length>2</length><match><data>\x00\x00</data></match></read>
    <write><data>\x06</data></write>
    <write><data>\x02</data></write>
    <write><data>\x06</data></write>
    <write><data>d\xea</data></write>
    <write><data>\x12\x1c\xc7w\x29\xcb</data></write>
    <read><length>1</length><match><data>\x06</data></match></read>
    <read><length>1</length><match><data>\x05</data></match></read>
    <read><length>2</length><match><data>\x00\x00</data></match></read>
    <!-- Successful write attempt -->
    <write><data>\x03</data></write>
    <write><data>\xa5\x00</data></write>
    <write><data>\x08</data></write>
    <write><data>\x84\x18\xfbkR\x01\xedi</data></write>
    <write><data>k\xe5AK\x97\xd1\xccp\x25\xf0\x22\xfb\x85\x5e\x8b\xeb\xd3\xbf\x15\x8d\x40\xf2Y\x83\xfb\x97\xc5H\x8dF\xb6\x9d\x5d3\x5b\xeaC\x2b\xf8RO\x91\xe6E9\xd1e\xb5\xf7\x13\xad\xe1\x26\xa43\x1d\xd6\xc0\x08\x1b\x83\x13\x826\xb91\xf3\x7f\x7d\xc9\xd98\x9f\xea\x5fM\xb5s\xe6\x1es\x9b\xaeK\xc6\x9f\xf5\x0a\xa3\x88\x0fM\x60\x1a\xafN\x14N\xc7\x8c\x95\xc6\xa5\x97\x3b\xe7\x94\x1a\x5c\x8fl\xba\xbe\xa4\xb7q\xa6\xd2\xb7\xdf\x5c\xa8\x81\xe6\xf2\xe7\xc9e\xcdI7k\x22\xa88\x1a\x94\xb9I\x22\x89\xed\x02\x3b\xce3\xdd\x86\xaf\xea\xdf\xad\x0c\x8d\x26\x90e\x94\x9d\x9a\xc4\x02E\x7d\x88</data></write>
    <read><length>1</length><match><data>\x03</data></match></read>
    <read><length>1</length><match><data>\x00</data></match></read>
    <read><length>2</length><match><data>\x00\x00</data></match></read>
    <!-- Bad write append attempt: invalid file -->
    <write><data>\x04</data></write>
    <write><data>\x02\x00</data></write>
    <write><data>\x06</data></write>
    <write><data>D\x86\x120\xa0\xa8</data></write>
    <write><data>\xdf\x0c</data></write>
    <read><length>1</length><match><data>\x04</data></match></read>
    <read><length>1</length><match><data>\x03</data></match></read>
    <read><length>2</length><match><data>\x00\x00</data></match></read>
    <!-- Bad delete attempt: invalid file -->
    <write><data>\x05</data></write>
    <write><data>\x08</data></write>
    <write><data>Rk 0\xe5\xcf\xae\x2a</data></write>
    <read><length>1</length><match><data>\x05</data></match></read>
    <read><length>1</length><match><data>\x04</data></match></read>
    <read><length>2</length><match><data>\x00\x00</data></match></read>
    <!-- Successful read attempt -->
    <write><data>\x02</data></write>
    <write><data>\x08\x00\x00\x00</data></write>
    <write><data>\x1c\x00</data></write>
    <write><data>\x06</data></write>
    <write><data>\x12\x1c\xc7w\x29\xcb</data></write>
    <read><length>1</length><match><data>\x02</data></match></read>
    <read><length>1</length><match><data>\x00</data></match></read>
    <read><length>2</length><match><data>\x1c\x00</data></match></read>
    <read><length>28</length><match><data>V\x06tG\x05\x7dt\x1fd\x0e\xc1\xca\xcdl\xfc\x0c\xc9Q\x80\xe6\xff\xeanC:4\xc4\xa1</data></match></read>
    <!-- Successful write attempt -->
    <write><data>\x03</data></write>
    <write><data>\xd5\x00</data></write>
    <write><data>\x05</data></write>
    <write><data>\x86p\x3e\xec\xe1</data></write>
    <write><data>\xaa\xb0\xce\x3el\x92\xea\x0b\x5e\xc05S\xe9\xc2\x3c\xc9\x8b\x7d\x09\xb0\x7d\x3b\xc7sF\x27\x24\x94\x22X\x892\xe2\x95\xce\xa2\x82\x99\x08\x07\xc0Awi\x9f\x08\x9b\x83\xb6\xa0\x9f6\x5f\xdb\x08\xfb\x1f\xacGdTV\x3eN\xca\xfd\xbb\x14\x0a\x8fC\xd8\x11\xbf\x14\x3c\xb9\x5d\xd0\xdf\x8e\xfe\xef\xdd\xd6\xf3\xfc\xc2\x2c\xe1\xe2\x1b\xa7\x27MP\xde\x89M\x9c\xd4\x8b\xef\x5e\xb9\xfbW\xb5\x8c\xe7\xc7\xf7\xc1\x9d\xf5\xe0\xc2\xd6\xb1\x0al\xf1\x98\x3e\x0b\xaaR9\x1c.!\xda\xb5\x85\xd2F\xf3S\x0d\xcf\xd0\x05\x27\x8a\xeex\xd7\xf1\x92\xdf\xfa8\xd1x\x24\xf7\x03\xdb\xe3\xb6\x88\x8e\x60\xbb\xea\xd8\xa2\x86m9b\x85\x8eR\xd9\xc4\x07\xbc\x0cB9L\x2d?\x9c\xb0\x8c\xc9\x7c\xb2m\x91Hf6\xab\x1d\xdc\xde\xd6.\x89\xab\xf7\x96\xca\xbaX\xe8\x83\x0f\x852</data></write>
    <read><length>1</length><match><data>\x03</data></match></read>
    <read><length>1</length><match><data>\x00</data></match></read>
    <read><length>2</length><match><data>\x00\x00</data></match></read>
    <!-- Successful write attempt -->
    <write><data>\x03</data></write>
    <write><data>z\x00</data></write>
    <write><data>\x06</data></write>
    <write><data>x\x1490X9</data></write>
    <write><data>\x9b\xeb6\xc5\x2f5\x06\x7f\x04\x8b?R\x2f\x1c\xf0\xfd\xcc\x02z\x8a\x0eh\x2d\x86\xe3\xd1\xa6\xb4\xab\xc6aQ\xf5\x5d\x11 \xe8\x12q\x26\xcd\xb1\x7f\xe6\xffL\xa0\x03\xa5\xd1\xd3\x06\xa5\xc0\xcb\xbf\x22\xb9\xc3\x7cN\x9dt\x89\xa3\xcd\x7d4L\x5e\xdf\x5b\x5f\xd2\xb78\x8b\xda\xe9\xc4C\x25\xb7\x96\xe7:\xfb\x95\x19\xf8\xad\x3d\x95\x0f\xbe\xe6\x88\x8d\xed\x05w\x95\x8d\xdaN\xdfS\x3e\x7e\x9a\x2f\x95\xaf\x023\xa1G\xf0P\xa4\x90q</data></write>
    <read><length>1</length><match><data>\x03</data></match></read>
    <read><length>1</length><match><data>\x00</data></match></read>
    <read><length>2</length><match><data>\x00\x00</data></match></read>
    <!-- Successful write attempt -->
    <write><data>\x03</data></write>
    <write><data>\x2c\x00</data></write>
    <write><data>\x08</data></write>
    <write><data>\x0d\x8f\xaa\x034\xc0ZX</data></write>
    <write><data>\xd2\xd3lT0\x28\xd2A\x2cS\xa2\xd0\x03\xb8H\x0e\x13\xdd\x8b\x3b\xce\x10e:tk\xd5\x7dxD\x9210\xaf\x8e\x27W\x95Uz\x07g.\x0a</data></write>
    <read><length>1</length><match><data>\x03</data></match></read>
    <read><length>1</length><match><data>\x00</data></match></read>
    <read><length>2</length><match><data>\x00\x00</data></match></read>
</replay>
</pov>