<?xml version="1.0" standalone="no" ?>
<!DOCTYPE pov SYSTEM "/usr/share/cgc-docs/replay.dtd">
<pov>
<cbid>service</cbid>
<seed>be98f43d47db7c245ece5309544c0d649a67b5b46c046941b142a0f550194cd7491a42740ade2df75249001db2617de9</seed>
<replay>
    <delay>50</delay>
    <!-- Bad login attempt -->
    <write><data>\x00</data></write>
    <write><data>\x0a</data></write>
    <write><data>\x0a</data></write>
    <write><data>\xa8\x9c\xd7\x85\x7f\x91\xe3\xac\x0c\x97\x91\x28\xf41\xc7\xb5\x0f\xd1\xcc\x87</data></write>
    <read><length>1</length><match><data>\x00</data></match></read>
    <read><length>1</length><match><data>\x01</data></match></read>
    <read><length>2</length><match><data>\x00\x00</data></match></read>
    <!-- Successful login attempt -->
    <write><data>\x00</data></write>
    <write><data>\x04</data></write>
    <write><data>\x0a</data></write>
    <write><data>rootrootpasswd</data></write>
    <read><length>1</length><match><data>\x00</data></match></read>
    <read><length>1</length><match><data>\x00</data></match></read>
    <read><length>2</length><match><data>\x00\x00</data></match></read>
    <write><data>\x03</data></write>
    <write><data>I\x00</data></write>
    <write><data>\x01</data></write>
    <write><data>\xaf</data></write>
    <write><data>R\xcf\xb7\xecR\x04Y\xfd\xa1\xbb\xde\x7e\xcaH5HF\x29\x85\xd5\x87\x06\xea\xe1\xfe\x02\xa6\xf8\x8e\x90\x1b\xb2\x14\xf2\xbd\x29\x95\xb64\xa7W\x92\xac\xbf\x0dr\xf3\xe7VrP\xba\x2c\x0e\x9c\xbe4S\xd4r\x5b\xfc\xc6P\xa9\xc5\xaa\xbcd\x01\x9a\x165</data></write>
    <read><length>1</length><match><data>\x03</data></match></read>
    <read><length>1</length><match><data>\x00</data></match></read>
    <read><length>2</length><match><data>\x00\x00</data></match></read>
    <!-- Bad delete attempt: invalid file -->
    <write><data>\x05</data></write>
    <write><data>\x08</data></write>
    <write><data>qu\x5f\x5d\xf1\x40\xdd\xb8</data></write>
    <read><length>1</length><match><data>\x05</data></match></read>
    <read><length>1</length><match><data>\x04</data></match></read>
    <read><length>2</length><match><data>\x00\x00</data></match></read>
    <!-- Successful write attempt -->
    <write><data>\x03</data></write>
    <write><data>\x90\x00</data></write>
    <write><data>\x04</data></write>
    <write><data>\x84\x9d\x92\x87</data></write>
    <write><data>\x8d\xb1\xcdnR7\x2d\x2cfm\x81\xd2\xbfX\xb0\x99\x80\xee\xe7PW\x02W\x82\x0f\xe2 \xba\x86m\x86W\x29\xa6\xdcF\x7d\x93\xb1\x8c\x9c\x7f.S\x97\x06\x1a\x8cs\x83\x2b\xfc\x89ZJ\x12\xba2g\xc9a\xcb\x98\xac\xc3K\xc5\x89\xa2Y\x96\xe8\x8f\xa8e\xf5\x1a\x5d\xc0\xc2b\xe7\x11:C.a\xc8\xe7\x7dUzy\xb5\x80PT\x02\x9c\x3e\xd1Hsa\x13I\xeb\x1a\x0e5u\x16\x01\x3c\x86p\x83j\xd30M\xa6\xda9\xb8\xba\xe4v\xbain\xf6W\x7f\xfb\xfd\xcbc\xc3\x3c\x29\xe2\x85\x96</data></write>
    <read><length>1</length><match><data>\x03</data></match></read>
    <read><length>1</length><match><data>\x00</data></match></read>
    <read><length>2</length><match><data>\x00\x00</data></match></read>
    <!-- Successful dir attempt -->
    <write><data>\x01</data></write>
    <read><length>1</length><match><data>\x01</data></match></read>
    <read><length>1</length><match><data>\x00</data></match></read>
    <read><length>2</length><match><data>l\x01</data></match></read>
    <read><length>91</length><match><data>Filename                         Owner                            Size     Mode Timestamp \x0a</data></match></read>
    <read><length>91</length><match><data>passwd                           root                             15       rw\x2d\x2d 1452975678\x0a</data></match></read>
    <read><length>91</length><match><data>\x84\x9d\x92\x87                             root                             144      rw\x2d\x2d 1452975689\x0a</data></match></read>
    <read><length>91</length><match><data>\xaf                                root                             73       rw\x2d\x2d 1452975680\x0a</data></match></read>
    <!-- Successful write append attempt -->
    <write><data>\x04</data></write>
    <write><data>\x07\x00</data></write>
    <write><data>\x04</data></write>
    <write><data>\x84\x9d\x92\x87</data></write>
    <write><data>\xe5\x82Rmu\x1f\x23</data></write>
    <read><length>1</length><match><data>\x04</data></match></read>
    <read><length>1</length><match><data>\x00</data></match></read>
    <read><length>2</length><match><data>\x00\x00</data></match></read>
    <!-- Successful read attempt -->
    <write><data>\x02</data></write>
    <write><data>\x3e\x00\x00\x00</data></write>
    <write><data>?\x00</data></write>
    <write><data>\x04</data></write>
    <write><data>\x84\x9d\x92\x87</data></write>
    <read><length>1</length><match><data>\x02</data></match></read>
    <read><length>1</length><match><data>\x00</data></match></read>
    <read><length>2</length><match><data>?\x00</data></match></read>
    <read><length>63</length><match><data>\x98\xac\xc3K\xc5\x89\xa2Y\x96\xe8\x8f\xa8e\xf5\x1a\x5d\xc0\xc2b\xe7\x11:C.a\xc8\xe7\x7dUzy\xb5\x80PT\x02\x9c\x3e\xd1Hsa\x13I\xeb\x1a\x0e5u\x16\x01\x3c\x86p\x83j\xd30M\xa6\xda9\xb8</data></match></read>
    <!-- Bad delete attempt: invalid file -->
    <write><data>\x05</data></write>
    <write><data>\x04</data></write>
    <write><data>DI\xc3\xc3</data></write>
    <read><length>1</length><match><data>\x05</data></match></read>
    <read><length>1</length><match><data>\x04</data></match></read>
    <read><length>2</length><match><data>\x00\x00</data></match></read>
    <!-- Successful delete attempt -->
    <write><data>\x05</data></write>
    <write><data>\x01</data></write>
    <write><data>\xaf</data></write>
    <read><length>1</length><match><data>\x05</data></match></read>
    <read><length>1</length><match><data>\x00</data></match></read>
    <read><length>2</length><match><data>\x00\x00</data></match></read>
    <!-- Successful read attempt -->
    <write><data>\x02</data></write>
    <write><data>!\x00\x00\x00</data></write>
    <write><data>\x03\x00</data></write>
    <write><data>\x04</data></write>
    <write><data>\x84\x9d\x92\x87</data></write>
    <read><length>1</length><match><data>\x02</data></match></read>
    <read><length>1</length><match><data>\x00</data></match></read>
    <read><length>2</length><match><data>\x03\x00</data></match></read>
    <read><length>3</length><match><data>\xa6\xdcF</data></match></read>
    <!-- Successful write attempt -->
    <write><data>\x03</data></write>
    <write><data>\x02\x00</data></write>
    <write><data>\x0a</data></write>
    <write><data>\x0f!r\xb2\xcel\xaa\x82\x81\x14</data></write>
    <write><data>\x27r</data></write>
    <read><length>1</length><match><data>\x03</data></match></read>
    <read><length>1</length><match><data>\x00</data></match></read>
    <read><length>2</length><match><data>\x00\x00</data></match></read>
    <!-- Successful dir attempt -->
    <write><data>\x01</data></write>
    <read><length>1</length><match><data>\x01</data></match></read>
    <read><length>1</length><match><data>\x00</data></match></read>
    <read><length>2</length><match><data>l\x01</data></match></read>
    <read><length>91</length><match><data>Filename                         Owner                            Size     Mode Timestamp \x0a</data></match></read>
    <read><length>91</length><match><data>\x0f!r\xb2\xcel\xaa\x82\x81\x14                       root                             2        rw\x2d\x2d 1452975703\x0a</data></match></read>
    <read><length>91</length><match><data>passwd                           root                             15       rw\x2d\x2d 1452975678\x0a</data></match></read>
    <read><length>91</length><match><data>\x84\x9d\x92\x87                             root                             151      rw\x2d\x2d 1452975689\x0a</data></match></read>
    <!-- Bad read attempt: invalid offset -->
    <write><data>\x02</data></write>
    <write><data>\x03\x00\x00\x00</data></write>
    <write><data>\x04\x00</data></write>
    <write><data>\x0a</data></write>
    <write><data>\x0f!r\xb2\xcel\xaa\x82\x81\x14</data></write>
    <read><length>1</length><match><data>\x02</data></match></read>
    <read><length>1</length><match><data>\x02</data></match></read>
    <read><length>2</length><match><data>\x00\x00</data></match></read>
    <!-- Successful rename attempt -->
    <write><data>\x06</data></write>
    <write><data>\x0a</data></write>
    <write><data>\x02</data></write>
    <write><data>\x0f!r\xb2\xcel\xaa\x82\x81\x14</data></write>
    <write><data>\x5d\xf2</data></write>
    <read><length>1</length><match><data>\x06</data></match></read>
    <read><length>1</length><match><data>\x00</data></match></read>
    <read><length>2</length><match><data>\x00\x00</data></match></read>
    <write><data>\x06</data></write>
    <write><data>\x08</data></write>
    <write><data>\x04</data></write>
    <write><data>:\x8f\x7b\x83\x2b\x8c\xd4\x17</data></write>
    <write><data>B\xbdVb</data></write>
    <read><length>1</length><match><data>\x06</data></match></read>
    <read><length>1</length><match><data>\x05</data></match></read>
    <read><length>2</length><match><data>\x00\x00</data></match></read>
    <!-- Successful write attempt -->
    <write><data>\x03</data></write>
    <write><data>\xd0\x00</data></write>
    <write><data>\x04</data></write>
    <write><data>\xf8\xaf.A</data></write>
    <write><data>\xb4\x8e\x18\xee\x3d\x2b3\xdc\x7bf\x24\xaf\x1b\x1f7\xe0k\x06\x2f\xb5\xd3\x3e\x10S\x92\x25e\x05\xc8\x03\x2b\x98\x12\x3d\xf9C\xc1i\x07u\x83\x0eF\x86\xed\xbf\x2d\xe9\xf1o\x3e\x16\xd3V\xbb\xcfsb\x92\x0e\x0a\xb0\x0e\x89Y\x88\x1b\xc4\xf5F\xc3\xbc\xc9\xd6R\x9d\xf3\xad\xab\x8ftb3d\xfcX\x2b\xccL\xc6KKai\x9b\x10:\xd3\xb9K\xabX\xe6\x98e\x9eF\xf3\xfe\xf7\x26\x8b\xed\xb3\x9a\xe9\x08\x1d\xa0\xcf\x04k\xaf\xa0\x9d\xd6\xd0\x3c\x7d\xcb:\xe5\xc3N\xf5\xe1\xb5\xc2\x02I\x8f\xb2\xb5\x26\x01\xcf\xb0X\xb4\xb5e\x7d\x2f\xcd!\xfa\xc2g\x24\xa4BS\x0d4\x8d\xc1\xab\xa0\xe4\xb3\xf7\xd0\xceT\x28J\xe7\x2aM:\xdf\xed\x2b\xa9\xff\x92\x8e\x29\xf1\xc4\xc4\x09\xe2\x7fI\xbc\x29lI\xa0\xc4\xcaK\x95\xe5\x82\xa1T</data></write>
    <read><length>1</length><match><data>\x03</data></match></read>
    <read><length>1</length><match><data>\x00</data></match></read>
    <read><length>2</length><match><data>\x00\x00</data></match></read>
    <!-- Successful write attempt -->
    <write><data>\x03</data></write>
    <write><data>\x85\x00</data></write>
    <write><data>\x06</data></write>
    <write><data>\x9a\x19\x01\x92\xf2\xf1</data></write>
    <write><data>\x2c\xa2\xad\xe4Q\x27\x08\xfe\xad\x05wF\xa5\x5fu\x7d\xe1\x7e\x2dp\x1d\x96\x9f\x0eE\xa3\xc7X\x94\xff\xc5\x5e\xce\x92\x80\x96\x98\x8a\x9c\x12\xc3\xa1\xa2\xd4\x2b\x23\xf1cM\x80\x9d\xba\xa9\x94\xde\x8d\xdf\x8d\xc0\xcf\x09\xee\x3b\x8c\xa8\x3c\xe0\xa9s\xa6\xceMa\xe7\x1b\xbev\x13\x60\x2f\x2al\x96\x27\xb9\xb0\xa8\xf61\xfd\xd0\x25z\x0b\xe8h\x5cF\x9d\x0a\x2f\x02\xa3y\x2f6\xe1\x87\xb3?\x9cN\x5dO\xd2\xf7\x9b\xd3\x04\x60\x26Q\x81\xa5K\x2f\xf5X\xd4\x8d\xc4\x29\x3c</data></write>
    <read><length>1</length><match><data>\x03</data></match></read>
    <read><length>1</length><match><data>\x00</data></match></read>
    <read><length>2</length><match><data>\x00\x00</data></match></read>
</replay>
</pov>