<?xml version="1.0" standalone="no" ?>
<!DOCTYPE pov SYSTEM "/usr/share/cgc-docs/replay.dtd">
<pov>
<cbid>service</cbid>
<seed>7cd6e381253e5f66135490e716002fb1401a4381797dfcfeb68037fb3af99272f2fd2841afbfe81e94a7c4f2589f0a7c</seed>
<replay>
    <delay>50</delay>
    <!-- Successful login attempt -->
    <write><data>\x00</data></write>
    <write><data>\x04</data></write>
    <write><data>\x0a</data></write>
    <write><data>rootrootpasswd</data></write>
    <read><length>1</length><match><data>\x00</data></match></read>
    <read><length>1</length><match><data>\x00</data></match></read>
    <read><length>2</length><match><data>\x00\x00</data></match></read>
    <!-- Bad read attempt: invalid offset -->
    <write><data>\x02</data></write>
    <write><data>\x10\x00\x00\x00</data></write>
    <write><data>\x03\x00</data></write>
    <write><data>\x06</data></write>
    <write><data>passwd</data></write>
    <read><length>1</length><match><data>\x02</data></match></read>
    <read><length>1</length><match><data>\x02</data></match></read>
    <read><length>2</length><match><data>\x00\x00</data></match></read>
    <write><data>\x03</data></write>
    <write><data>\xbd\x00</data></write>
    <write><data>\x02</data></write>
    <write><data>\x95\xe3</data></write>
    <write><data>c\xeb\xfc\x2b\xb3l\x82\x8b\xad\xb1\x7ek\xfd\xa0\x81\xb3\x22\xa9\xe4M\x1a\xf3\xb5\x89J2\xf0\xcb\x5f\x9a.\xdf\x89\x28\x13\x5b\x1e\xd2F\x2d\xeb\x28\x7e\xed\x06\x02\xa9Q\xaf\xf7\x3e\xb1fn\xecr\xca\xeb\x0fC\x9f\x86\x89\xdd!\xba\x5e\xae\x13\x1a?g58\xc16\xb6\x2d\xd0\x1c\x92M\x02\xba\x29H\x5c\x10\x1c\xfahtu\xb8I.\x3d\xe8\x5c\xbbS\xb7\x02\xc7\x0aw\x5f\x9da\xf2J:\x27 \x8aYR\xb0\x9f\xbe\xe4\xd6\xe6\x3b\x25\xb3\x0f\xd7\x2f\x85\xf2\xff\x29\x0ex\x27\xb3\xda\xf8\xa55\xd6\xb9\x0a\x24\xc7\xec\xfb\xf4M\x7e\xa4XP\x253\x96\xae\xa8I\xfc\x02\xafq\x1f\x26\xc5y\xdb\xd5\xdc\x22\xafP\xb0\x0d\x0a\x28\xe2s\xe8\x95\xcd\x883\xda\xa1\x94:</data></write>
    <read><length>1</length><match><data>\x03</data></match></read>
    <read><length>1</length><match><data>\x00</data></match></read>
    <read><length>2</length><match><data>\x00\x00</data></match></read>
    <!-- Successful delete attempt -->
    <write><data>\x05</data></write>
    <write><data>\x02</data></write>
    <write><data>\x95\xe3</data></write>
    <read><length>1</length><match><data>\x05</data></match></read>
    <read><length>1</length><match><data>\x00</data></match></read>
    <read><length>2</length><match><data>\x00\x00</data></match></read>
    <!-- Successful read attempt -->
    <write><data>\x02</data></write>
    <write><data>\x09\x00\x00\x00</data></write>
    <write><data>\x04\x00</data></write>
    <write><data>\x06</data></write>
    <write><data>passwd</data></write>
    <read><length>1</length><match><data>\x02</data></match></read>
    <read><length>1</length><match><data>\x00</data></match></read>
    <read><length>2</length><match><data>\x04\x00</data></match></read>
    <read><length>4</length><match><data>pass</data></match></read>
    <write><data>\x03</data></write>
    <write><data>L\x00</data></write>
    <write><data>\x07</data></write>
    <write><data>\xa5\x1do\xfbh\xeb\xc0</data></write>
    <write><data>\x0c\xc7\xa7\x08\xb8\xb8\x22\xc7\xceQ\xe9\xfe\x91\x03\xcf\x8e\x80\x60 Y\xc9\xb1\x07\xc2\xd6\x93\x7c\xdf\x01\x10\x12\x16\xae\x01\xb0\xdb\x97b0\x5dz\xd6\xab1E\x0c\x1c\x10ru\x9fEX\xca\xb4\xda\x87\x24\x2f!\x8e\xfb\xb3g\xd4\x0a\xa6\x02\x2fS\xb7\x7fV\x8b\x26u</data></write>
    <read><length>1</length><match><data>\x03</data></match></read>
    <read><length>1</length><match><data>\x00</data></match></read>
    <read><length>2</length><match><data>\x00\x00</data></match></read>
    <!-- Bad delete attempt: invalid file -->
    <write><data>\x05</data></write>
    <write><data>\x02</data></write>
    <write><data>\x11\xa1</data></write>
    <read><length>1</length><match><data>\x05</data></match></read>
    <read><length>1</length><match><data>\x04</data></match></read>
    <read><length>2</length><match><data>\x00\x00</data></match></read>
    <write><data>\x03</data></write>
    <write><data>T\x00</data></write>
    <write><data>\x0a</data></write>
    <write><data>\xf6A\x1bCI\x8a\x09\xa8\x1d\x03</data></write>
    <write><data>\x90\x06\x5fm\xb3\xcb\xd4\x60\xe1\xaf\xda\xe9UgQ77\xf5\xd9\x23\xfd\xdaO?\xa7\x11\xf3qD\x1a\x27\x09\xbdi\x0d\x1cP\x95\x95hNP\xd1\x2d\xfag\x0f\x9e\x23\x12\xf3t\x8a\x18\xde3u\xe4\xb6W\xb1\x09\x082X\xcf\xae\xe85P\x9d\x04\x03\x86\xf3A\x0ep\xdb\xf1\xe6\xfdA\x2f</data></write>
    <read><length>1</length><match><data>\x03</data></match></read>
    <read><length>1</length><match><data>\x00</data></match></read>
    <read><length>2</length><match><data>\x00\x00</data></match></read>
    <write><data>\x06</data></write>
    <write><data>\x08</data></write>
    <write><data>\x0a</data></write>
    <write><data>\x8c\x18sE\x5e\xb4Y\xcd</data></write>
    <write><data>\x17\xefP\xbak\xb7\x60D\xad4</data></write>
    <read><length>1</length><match><data>\x06</data></match></read>
    <read><length>1</length><match><data>\x05</data></match></read>
    <read><length>2</length><match><data>\x00\x00</data></match></read>
    <!-- Successful write append attempt -->
    <write><data>\x04</data></write>
    <write><data>\x09\x00</data></write>
    <write><data>\x0a</data></write>
    <write><data>\xf6A\x1bCI\x8a\x09\xa8\x1d\x03</data></write>
    <write><data>6\xf1\x09c\x29\x0b\xaf\x07j</data></write>
    <read><length>1</length><match><data>\x04</data></match></read>
    <read><length>1</length><match><data>\x00</data></match></read>
    <read><length>2</length><match><data>\x00\x00</data></match></read>
</replay>
</pov>