<?xml version="1.0" standalone="no" ?>
<!DOCTYPE pov SYSTEM "/usr/share/cgc-docs/replay.dtd">
<pov>
<cbid>service</cbid>
<seed>b4b26b3957c7c9a070d2930693bc775e96a653db338905af545f0c97667564b99002c146f3f57f142fe831b5d8247153</seed>
<replay>
    <delay>50</delay>
    <!-- Successful login attempt -->
    <write><data>\x00</data></write>
    <write><data>\x04</data></write>
    <write><data>\x0a</data></write>
    <write><data>rootrootpasswd</data></write>
    <read><length>1</length><match><data>\x00</data></match></read>
    <read><length>1</length><match><data>\x00</data></match></read>
    <read><length>2</length><match><data>\x00\x00</data></match></read>
    <write><data>\x03</data></write>
    <write><data>\x02\x00</data></write>
    <write><data>\x07</data></write>
    <write><data>0K\x14TDR\x9a</data></write>
    <write><data>\xf0\x1e</data></write>
    <read><length>1</length><match><data>\x03</data></match></read>
    <read><length>1</length><match><data>\x00</data></match></read>
    <read><length>2</length><match><data>\x00\x00</data></match></read>
    <write><data>\x03</data></write>
    <write><data>n\x00</data></write>
    <write><data>\x06</data></write>
    <write><data>\x28\x0d\xe3\x8d\x7bM</data></write>
    <write><data>\xf5A\xedy\xaa\xc6\x7btH\x29\xd1U\x0a\x9eI\xc6\xac\x99NW\x97\xe2\xb4\x0b\xc1V\x1d\x9fJ:\x3c4\x99\xac\xaf\xf9\xfd\xc3V\xbd\xef\x92h\x02\xc9\x18\xe8\x87\x08\x1d8\xac\xd3\x28STh\xe5\x19\xe9\x01\xddg\xe4:\xfe\x0e\xe6\xb1T6q\xc4k8\x3b\x5f\xab\x16\x7e\xbe\xeb\x90\x1d\x8b\xd6\x1d9\x5d\x25\xecl\xe2\x0fR\x92\xb83\xbf\x0f\xb1\xed\x85H\xf0\xc6\xd7\xe8q3</data></write>
    <read><length>1</length><match><data>\x03</data></match></read>
    <read><length>1</length><match><data>\x00</data></match></read>
    <read><length>2</length><match><data>\x00\x00</data></match></read>
    <!-- Successful rename attempt -->
    <write><data>\x06</data></write>
    <write><data>\x07</data></write>
    <write><data>\x0a</data></write>
    <write><data>0K\x14TDR\x9a</data></write>
    <write><data>\xbe\xce\x03\xbb\xda\x82 \xcbc\x11</data></write>
    <read><length>1</length><match><data>\x06</data></match></read>
    <read><length>1</length><match><data>\x00</data></match></read>
    <read><length>2</length><match><data>\x00\x00</data></match></read>
    <!-- Successful delete attempt -->
    <write><data>\x05</data></write>
    <write><data>\x06</data></write>
    <write><data>\x28\x0d\xe3\x8d\x7bM</data></write>
    <read><length>1</length><match><data>\x05</data></match></read>
    <read><length>1</length><match><data>\x00</data></match></read>
    <read><length>2</length><match><data>\x00\x00</data></match></read>
    <!-- Bad write append attempt: invalid file -->
    <write><data>\x04</data></write>
    <write><data>\x01\x00</data></write>
    <write><data>\x03</data></write>
    <write><data>\x0d\xa8\x96</data></write>
    <write><data>\x88</data></write>
    <read><length>1</length><match><data>\x04</data></match></read>
    <read><length>1</length><match><data>\x03</data></match></read>
    <read><length>2</length><match><data>\x00\x00</data></match></read>
    <write><data>\x03</data></write>
    <write><data>\xa0\x00</data></write>
    <write><data>\x05</data></write>
    <write><data>\xfc\x7ch\xf6\x96</data></write>
    <write><data>\xe7\x06\xcb\xc5\x3d\xb6\x8b\xe2\x04\x3c\xdf\x8b\xc9m\x03\x95\x09\xf9\x1fQ\x16\xaf\xd5\xb7\x7d\x1b\x94\xba\x7fP\xb9\xee\x9a\xd0\xf0\xfe\x09\x0bM\x04\x930\x26\x5b\xe4\x05\x60\xd0\xf0\xa2\xa2\xaa\x0e\xc5\xaa\xd9\xd7V\xb63P\xc5\x12\x92K\x0d\xdd\xce\xeb\xf15\x99\xa0\x1e\x16\x0d\x2fw\x5d\xee\xd4p\xec\xe7\x7b\xddt\xb6\x8b\x92\x05\xfcH\x7c\x5f\x90\x96H\xec\x16\xf2\x9e\x5f\x85W\xb7\x1esm\xf1\x13\xe7\xb1q\xc7r\xeeOj\xfe\x7f:\xa4\xa0kB\x12\xb4\xa3\xa1\x82y\x8e5.\xed\x06\xc5\x16\xb4\x16vP8\x18\xfd\x2b\x3e\xa3\xcd\xd9\xc3\x92R\xb6\x3ct\x079\xdf</data></write>
    <read><length>1</length><match><data>\x03</data></match></read>
    <read><length>1</length><match><data>\x00</data></match></read>
    <read><length>2</length><match><data>\x00\x00</data></match></read>
    <write><data>\x06</data></write>
    <write><data>\x04</data></write>
    <write><data>\x04</data></write>
    <write><data>\xbar\xec2</data></write>
    <write><data>\x9e\xf8I\x25</data></write>
    <read><length>1</length><match><data>\x06</data></match></read>
    <read><length>1</length><match><data>\x05</data></match></read>
    <read><length>2</length><match><data>\x00\x00</data></match></read>
</replay>
</pov>