<?xml version="1.0" standalone="no" ?>
<!DOCTYPE pov SYSTEM "/usr/share/cgc-docs/replay.dtd">
<pov>
<cbid>service</cbid>
<seed>e6101ef1f3e145a869e7ece8c261989d1bec10672c2649bdf05ac0e582e2ef111203b89bce6110fb061da2e865170538</seed>
<replay>
    <delay>50</delay>
    <!-- Bad login attempt -->
    <write><data>\x00</data></write>
    <write><data>\x08</data></write>
    <write><data>\x08</data></write>
    <write><data>?c\xb7\xfe\xc6j\xba\x86\xa3\x29\x96b\xe4\x5b\xda\x16</data></write>
    <read><length>1</length><match><data>\x00</data></match></read>
    <read><length>1</length><match><data>\x01</data></match></read>
    <read><length>2</length><match><data>\x00\x00</data></match></read>
    <!-- Bad login attempt -->
    <write><data>\x00</data></write>
    <write><data>\x02</data></write>
    <write><data>\x04</data></write>
    <write><data>\xd2\xa1\xc6AVp</data></write>
    <read><length>1</length><match><data>\x00</data></match></read>
    <read><length>1</length><match><data>\x01</data></match></read>
    <read><length>2</length><match><data>\x00\x00</data></match></read>
    <!-- Bad login attempt -->
    <write><data>\x00</data></write>
    <write><data>\x04</data></write>
    <write><data>\x09</data></write>
    <write><data>\x25\x7ff\xaae\xbf\xcd\xa1a\xfae0\x1f</data></write>
    <read><length>1</length><match><data>\x00</data></match></read>
    <read><length>1</length><match><data>\x01</data></match></read>
    <read><length>2</length><match><data>\x00\x00</data></match></read>
    <!-- Successful login attempt -->
    <write><data>\x00</data></write>
    <write><data>\x04</data></write>
    <write><data>\x0a</data></write>
    <write><data>rootrootpasswd</data></write>
    <read><length>1</length><match><data>\x00</data></match></read>
    <read><length>1</length><match><data>\x00</data></match></read>
    <read><length>2</length><match><data>\x00\x00</data></match></read>
    <!-- Bad read attempt: invalid offset -->
    <write><data>\x02</data></write>
    <write><data>\x10\x00\x00\x00</data></write>
    <write><data>\x03\x00</data></write>
    <write><data>\x06</data></write>
    <write><data>passwd</data></write>
    <read><length>1</length><match><data>\x02</data></match></read>
    <read><length>1</length><match><data>\x02</data></match></read>
    <read><length>2</length><match><data>\x00\x00</data></match></read>
    <!-- Successful dir attempt -->
    <write><data>\x01</data></write>
    <read><length>1</length><match><data>\x01</data></match></read>
    <read><length>1</length><match><data>\x00</data></match></read>
    <read><length>2</length><match><data>\xb6\x00</data></match></read>
    <read><length>91</length><match><data>Filename                         Owner                            Size     Mode Timestamp \x0a</data></match></read>
    <read><length>91</length><match><data>passwd                           root                             15       rw\x2d\x2d 1452975673\x0a</data></match></read>
    <!-- Successful dir attempt -->
    <write><data>\x01</data></write>
    <read><length>1</length><match><data>\x01</data></match></read>
    <read><length>1</length><match><data>\x00</data></match></read>
    <read><length>2</length><match><data>\xb6\x00</data></match></read>
    <read><length>91</length><match><data>Filename                         Owner                            Size     Mode Timestamp \x0a</data></match></read>
    <read><length>91</length><match><data>passwd                           root                             15       rw\x2d\x2d 1452975673\x0a</data></match></read>
    <write><data>\x03</data></write>
    <write><data>\xdc\x00</data></write>
    <write><data>\x09</data></write>
    <write><data>\xb6\x97\xd5\xad\xc5\xb3\xb5\xa3\x06</data></write>
    <write><data>\xdal\x3e\xc2\xcc\x86\x05\x7f\xa6\xabu3Sl\xd6\x40\xfe!\x98\xd3\x01:F\xe7\x8dVz\xa2\x0d\x8e\x1d\xba\xa2H\x8dr\xa2GQ\xb2\x186\x9bX\x29\xed\xbd\x05\xb1\xbd\xe4Pi\x23\xf5\xf6\x93\xa6\x8b\x9a\x2c\x90\xdc\xc0\xcf\xa7\xa4\x3c\xbdMA\x26\xe1\xb6\xf8\xd0S\xc4X\x89w\xbe9\x9d\xd3\x8c\xfe\x5f\x91\xabM\xae\x102\x1e\x7c\xe8\xfc\xc3c\xbf\xb0\x40fg\xd9\x81\xe9\xdd\x0di\xf4\xdfc\xfe\xd1oc\x5d\x9dcu\x0a\x2f\xd6O\xbd\x3c\xb3\xe4\xd9\xad\x95\x15\x84\xc0\xbe\xa5\x8c\xe9s8\xfd\xe6!\xaa\xe4\x0f\x26\xff\xee\x0b\x5d1\xb9\xb8\xad\x24\x23\x9d3\xb9 \x17\xdfJ\x98Q\x5b\xfa\xb1\x15\xdc\x10\xb6\x14\xdd\xfd24\xb3\x1a\x06\xfa3?A\xa7\xc6\xcd\x5f\x3c\xe2CgL\x09\x3c\x25p\x14\x2f\xe0\xd8Y\x98\xdc\xf9\x27QR\xf8\x7fQ\x82\xac\x2f\xea\x19\x93</data></write>
    <read><length>1</length><match><data>\x03</data></match></read>
    <read><length>1</length><match><data>\x00</data></match></read>
    <read><length>2</length><match><data>\x00\x00</data></match></read>
    <!-- Bad delete attempt: invalid file -->
    <write><data>\x05</data></write>
    <write><data>\x02</data></write>
    <write><data>\xa8\x7e</data></write>
    <read><length>1</length><match><data>\x05</data></match></read>
    <read><length>1</length><match><data>\x04</data></match></read>
    <read><length>2</length><match><data>\x00\x00</data></match></read>
    <!-- Bad delete attempt: invalid file -->
    <write><data>\x05</data></write>
    <write><data>\x04</data></write>
    <write><data>\xd4\x9f\x276</data></write>
    <read><length>1</length><match><data>\x05</data></match></read>
    <read><length>1</length><match><data>\x04</data></match></read>
    <read><length>2</length><match><data>\x00\x00</data></match></read>
    <write><data>\x03</data></write>
    <write><data>\x05\x00</data></write>
    <write><data>\x04</data></write>
    <write><data>\xc1f\xb3\x08</data></write>
    <write><data>\x7e\xfd\x8d\xde\xf7</data></write>
    <read><length>1</length><match><data>\x03</data></match></read>
    <read><length>1</length><match><data>\x00</data></match></read>
    <read><length>2</length><match><data>\x00\x00</data></match></read>
    <!-- Successful rename attempt -->
    <write><data>\x06</data></write>
    <write><data>\x09</data></write>
    <write><data>\x06</data></write>
    <write><data>\xb6\x97\xd5\xad\xc5\xb3\xb5\xa3\x06</data></write>
    <write><data>\x8f\xceN\xf20\x05</data></write>
    <read><length>1</length><match><data>\x06</data></match></read>
    <read><length>1</length><match><data>\x00</data></match></read>
    <read><length>2</length><match><data>\x00\x00</data></match></read>
    <!-- Successful write attempt -->
    <write><data>\x03</data></write>
    <write><data>\xd4\x00</data></write>
    <write><data>\x05</data></write>
    <write><data>\xfd\xd1\xf0\x03\xf9</data></write>
    <write><data>y\xe3\xc4\xa5\x7d\xae\x05\x3d\xb4\x12\xf3 \xfe\xb5b\xa1\xb3\x94H\xd7\x22m\xb5\xef\xc6\x10\x0bs\xc6\xe1f\xf6n\xdf\xce\x95\xf7\xe5\x8e\x19K.\xa3\x81\x3e\xabg2\xce\xa0\xfc\x2c\xd9\xe9\x88lF\x7d\xdf\xa4\xea\xbf\x5b\x03k\x04\x81\xcb\xe3\xa1\x8f\xc9\x12\x04\x7f\x9bXf\xa7\x8c\xd2\xd6\xef\x96Q\xc4e\x93\xd4\x2bP\xc2\x152\xbdb\xc5\x13\xb1\xb9k\x25\xcd\x83pH\x1b\x9c\xa9\x89\x93\x88\xf3\xdaH\x1d\x9cD\x1bQ\x08.H\xa2\xdeD3PD\x14\x98:\xe7\xbe\x90\x96\x0d\x2d\x1c\x9d\xa2\x85\x0b\xe8\x24\x26\x83\x24\x8b\x05\xa5\x10\x7d\x11N\x19\x28\x2f\xd4\x9b\x176\xcc\xfe8\xbc\x28W\xd1K\xab02\x90\xdb2\xfa\xa0\xd8\x9cj\x1cW\x8d\xf0T4\x7dB\x0b\x9e\xbb\x7bV\xbe\x1a\xb6\xc0guP\x3c\xf2\x08\x60\x7fX\xe1D\x0d\x24\xe6</data></write>
    <read><length>1</length><match><data>\x03</data></match></read>
    <read><length>1</length><match><data>\x00</data></match></read>
    <read><length>2</length><match><data>\x00\x00</data></match></read>
    <!-- Successful dir attempt -->
    <write><data>\x01</data></write>
    <read><length>1</length><match><data>\x01</data></match></read>
    <read><length>1</length><match><data>\x00</data></match></read>
    <read><length>2</length><match><data>\xc7\x01</data></match></read>
    <read><length>91</length><match><data>Filename                         Owner                            Size     Mode Timestamp \x0a</data></match></read>
    <read><length>91</length><match><data>passwd                           root                             15       rw\x2d\x2d 1452975673\x0a</data></match></read>
    <read><length>91</length><match><data>\x8f\xceN\xf20\x05                           root                             220      rw\x2d\x2d 1452975789\x0a</data></match></read>
    <read><length>91</length><match><data>\xc1f\xb3\x08                             root                             5        rw\x2d\x2d 1452975827\x0a</data></match></read>
    <read><length>91</length><match><data>\xfd\xd1\xf0\x03\xf9                            root                             212      rw\x2d\x2d 1452975919\x0a</data></match></read>
    <!-- Successful delete attempt -->
    <write><data>\x05</data></write>
    <write><data>\x05</data></write>
    <write><data>\xfd\xd1\xf0\x03\xf9</data></write>
    <read><length>1</length><match><data>\x05</data></match></read>
    <read><length>1</length><match><data>\x00</data></match></read>
    <read><length>2</length><match><data>\x00\x00</data></match></read>
    <!-- Successful rename attempt -->
    <write><data>\x06</data></write>
    <write><data>\x06</data></write>
    <write><data>\x03</data></write>
    <write><data>\x8f\xceN\xf20\x05</data></write>
    <write><data>\x29\xbef</data></write>
    <read><length>1</length><match><data>\x06</data></match></read>
    <read><length>1</length><match><data>\x00</data></match></read>
    <read><length>2</length><match><data>\x00\x00</data></match></read>
    <!-- Successful rename attempt -->
    <write><data>\x06</data></write>
    <write><data>\x04</data></write>
    <write><data>\x07</data></write>
    <write><data>\xc1f\xb3\x08</data></write>
    <write><data>\x7d\xa3C\x2d\xfb\xb3\x3d</data></write>
    <read><length>1</length><match><data>\x06</data></match></read>
    <read><length>1</length><match><data>\x00</data></match></read>
    <read><length>2</length><match><data>\x00\x00</data></match></read>
    <!-- Successful read attempt -->
    <write><data>\x02</data></write>
    <write><data>\xb9\x00\x00\x00</data></write>
    <write><data>!\x00</data></write>
    <write><data>\x03</data></write>
    <write><data>\x29\xbef</data></write>
    <read><length>1</length><match><data>\x02</data></match></read>
    <read><length>1</length><match><data>\x00</data></match></read>
    <read><length>2</length><match><data>!\x00</data></match></read>
    <read><length>33</length><match><data>?A\xa7\xc6\xcd\x5f\x3c\xe2CgL\x09\x3c\x25p\x14\x2f\xe0\xd8Y\x98\xdc\xf9\x27QR\xf8\x7fQ\x82\xac\x2f\xea</data></match></read>
    <!-- Successful write attempt -->
    <write><data>\x03</data></write>
    <write><data>\xc2\x00</data></write>
    <write><data>\x04</data></write>
    <write><data>\xbb\xbd\xa8\xea</data></write>
    <write><data>Q\xfag\x9bV\x01\xcfX\xa6\xfbW\xb5\xd9\xb7\x23c\xc9\x06A\xbaUv\x28\xeae\x10\x3c\xb6\xc2\x86a\xe2\xafq\x18\xfb\x14\x03\xa5\xf2a\xb1M\xbe\xf7\x0a\x8c\xc8\x29\x9b\xca\xa6\x14\xde\xec\xc8\x3c\xb5\x89yJ\x84\x5b!\xcf\x8a\x880\x0a\x83us\xce\x9cRp\xbf\x95\xf8\x22\x28\xff\x3bs\x05\x08\x8d:\x9e\x91\xd6\x96B\x2bl\xb7\x91\xf4\x9d\xc3\x9dh\x0bi\x8d\xd7\x7d\xc6\x1ao\x82\x9e\x28f\xd8\x8fI\xdf\xd5\xf6\xdb\xffj\xbd\xc1\xe6\xc6E\x1d\xc1t\x5d\x9f\xb2\xa8\xe3F\xd3\xc45\xe9D\xc7\x8c\x40\xa0\xa3\x0bs\xe1X\x0cp\x06\xdc\x7fX\xbe\xa9\x03W7\x3eB\xd1\xea\x3c\x8d3\xb8\x23\xbc.\x2cJ\x8a\x05\x26\x28\x9fjv\xb6\xbc\xce\xd8\xef\xc7\x2a\x22\x82\xb2\x23\xe1</data></write>
    <read><length>1</length><match><data>\x03</data></match></read>
    <read><length>1</length><match><data>\x00</data></match></read>
    <read><length>2</length><match><data>\x00\x00</data></match></read>
    <!-- Bad delete attempt: invalid file -->
    <write><data>\x05</data></write>
    <write><data>\x09</data></write>
    <write><data>\xe3\xb2\x1f\xa5\x2b\xcb\x3c\xb5\x9e</data></write>
    <read><length>1</length><match><data>\x05</data></match></read>
    <read><length>1</length><match><data>\x04</data></match></read>
    <read><length>2</length><match><data>\x00\x00</data></match></read>
    <!-- Successful write attempt -->
    <write><data>\x03</data></write>
    <write><data>\xc9\x00</data></write>
    <write><data>\x07</data></write>
    <write><data>\xd1\x23L\x7c\xa4\xb5\x16</data></write>
    <write><data>n\xf2\xe6\x0fg\xd9\xcd\x07Z\xa6\xd7\x90\x27\x8f\x1fYE\xe9Av\xa10\xdb\xb4\x27\xa2\xf5\xe1\x25Sk\xc3qRW\xda\x812\xdd\x40\x8e\x97\xeez\xb9\xdbK\x85u\xe8s\x08a0\x29\xf0\xbe\x88\x24\xf9\x29uQ\x87C\xe8\x85\x8d\xfa\x01\x28\x3c\x0eR\xa7\xa1\xd0\x8ca\xae\x91\x03\xa5\xb8\x9e\xd9\x9d\x8a\x03\xbd\x3c\xf7\xa9\xf1t\xb4\xbbZA\x26\x3b\xe8\xbf0\xfb\xdd\x8b\x96\xd9\x97S\xb1\xef\x2f\x8c\xd2jA\x8fX\x84\xecG\x13\x9e\xf19\x5b\xf71\xbam\x26\xcd\x16\x18\x25\xdc\x8ar\xd5Y\x8e\xfb\xe1\xb4V\x8c\xdbx\x2c\xe4.mT\x2c8\xeb\xdf\xac\xbe\x40\x86M\x9a\xbd\x95\xdaj\xa6H\xf1\xce\xb0\xe8BS\x91\x1eTV0\xf4\x896K6\xa6\x02\x99\x5bv\xe5\xc9\x0e\x1d\x1b\x8a\x8eA\x7e</data></write>
    <read><length>1</length><match><data>\x03</data></match></read>
    <read><length>1</length><match><data>\x00</data></match></read>
    <read><length>2</length><match><data>\x00\x00</data></match></read>
    <!-- Successful dir attempt -->
    <write><data>\x01</data></write>
    <read><length>1</length><match><data>\x01</data></match></read>
    <read><length>1</length><match><data>\x00</data></match></read>
    <read><length>2</length><match><data>\x22\x02</data></match></read>
    <read><length>91</length><match><data>Filename                         Owner                            Size     Mode Timestamp \x0a</data></match></read>
    <read><length>91</length><match><data>\x29\xbef                              root                             220      rw\x2d\x2d 1452975789\x0a</data></match></read>
    <read><length>91</length><match><data>passwd                           root                             15       rw\x2d\x2d 1452975673\x0a</data></match></read>
    <read><length>91</length><match><data>\x7d\xa3C\x2d\xfb\xb3\x3d                          root                             5        rw\x2d\x2d 1452975827\x0a</data></match></read>
    <read><length>91</length><match><data>\xbb\xbd\xa8\xea                             root                             194      rw\x2d\x2d 1452976019\x0a</data></match></read>
    <read><length>91</length><match><data>\xd1\x23L\x7c\xa4\xb5\x16                          root                             201      rw\x2d\x2d 1452976127\x0a</data></match></read>
    <!-- Successful read attempt -->
    <write><data>\x02</data></write>
    <write><data>\x0c\x00\x00\x00</data></write>
    <write><data>\x03\x00</data></write>
    <write><data>\x06</data></write>
    <write><data>passwd</data></write>
    <read><length>1</length><match><data>\x02</data></match></read>
    <read><length>1</length><match><data>\x00</data></match></read>
    <read><length>2</length><match><data>\x03\x00</data></match></read>
    <read><length>3</length><match><data>swd</data></match></read>
    <!-- Successful delete attempt -->
    <write><data>\x05</data></write>
    <write><data>\x03</data></write>
    <write><data>\x29\xbef</data></write>
    <read><length>1</length><match><data>\x05</data></match></read>
    <read><length>1</length><match><data>\x00</data></match></read>
    <read><length>2</length><match><data>\x00\x00</data></match></read>
    <!-- Successful write attempt -->
    <write><data>\x03</data></write>
    <write><data>\xd0\x00</data></write>
    <write><data>\x01</data></write>
    <write><data>\xda</data></write>
    <write><data>\xaa\x08\x1e\xf3\xd2\xa4\xdb\xf5\xcc\x28\xad\x7f\xb4\x7fkf\xa4f\x92k\x01\xdd\x83\xbe\xddu\x1e\x85\xd6\xa2\xf8\x09U\xa9\x04b\xd8\x27\x94\xaa\xe7\x9e\x7b\x09\x9f\xc0\x87\xefH\x2aj\x84KKYe\x40\x16\x18\xb9\x0d\xadj\x87\xfalvbF\x0a\xb6\xbb\xee\xd9K\x07\xbe\x95\x88\xb6\xb6\xac7\xbb\x5c\xff\xed9\xceG\x3d\x120\xf4\xaa\x231\xfb\xc4\x9de\xa1\x89\xb2\x07\xa1CmOc\xca\x2a\xa7\xcd\x255\x3b\xb1\xe8M\xb8\x13R\xac\x5f\x14\x86Vr\x1dh\xcf1\x0b\x9b\xfaq\x99\x04\xd6\xea\xc6\x1a\xb9\xd0a\xbc\xd0\x8c\x1b\xe5\x19\x2f\xd4N\xf5V\x16\x83\xd7\xe7\xd0\xe8X:nTz\xcc\x9d? \xe1:\xf2\xe0\xc2\x29\x82\x25\x18\xd0\x5f\x40E\x16\xcf\x18i\xe6\xb2\x5d\xdf8\xdc\x2d\x2a\x1f\x85\xc6\x19\xac\xe2\x3eY\xd4\xa0\xd8</data></write>
    <read><length>1</length><match><data>\x03</data></match></read>
    <read><length>1</length><match><data>\x00</data></match></read>
    <read><length>2</length><match><data>\x00\x00</data></match></read>
    <!-- Successful write attempt -->
    <write><data>\x03</data></write>
    <write><data>\x82\x00</data></write>
    <write><data>\x03</data></write>
    <write><data>r\x11F</data></write>
    <write><data>\xcd\x9e\x8c\x91\xe4\xaf\x5d\x82.\x5c\xa4TA\x24\x81 \x09\x2b\x28\x13\xd9\xe9\x9f\x181\xf9O\x10\x85\x01TX\xdb\xe7\x26\x19\xfa\x12\xd1\xc4\x9e\xc1\x05\x8c\xcf0\x19\xa2\x84\xd2\xfb\xeefI\x40p\x1e\x93\x93\xb0\x93\xb8\x26\x070\xe3m8\x0c\x27\x12\xed\x0b\xb8\xf6\x15r\x2c\x1d9\x91\x7f\x14UB\xa5\x09S.\x11\xfc\x2f\x3d\xf1\x2c\x0e\xd1\x0fU\x96\x1e\x82Qd\xdb\xf5\xc54\x07A\xde\xaf\xc2\x80.\x9d\x15\xb1\xb3\xef\xcc6\x7e\xc4\x3b\x90\xf1\xb4\x15\xa6</data></write>
    <read><length>1</length><match><data>\x03</data></match></read>
    <read><length>1</length><match><data>\x00</data></match></read>
    <read><length>2</length><match><data>\x00\x00</data></match></read>
    <!-- Successful write attempt -->
    <write><data>\x03</data></write>
    <write><data>\xd6\x00</data></write>
    <write><data>\x0a</data></write>
    <write><data>\xe1\x5c2w\x9a\x7ee\xcaYd</data></write>
    <write><data>\xb2\x7f\x14\x0f\x0d\xcb\x13\xd3\x98tjW\xe1\xa8\xf1\x99\x11\xab\xc9\xc8\xd5\x82\x7e0\x27\xf5\x86\x3c\xe5\xfa\x81\x8d\x7c9\x8e\xb3\xb0\x0bo:\x95\x13\x0b\x1a\xdc\xc2\x07h\x99\x7e\x29\xa3\x7c\x85\xec\xa3\xce\x9cgW\x3c\x99\x81\xc4\xaa\x60\x84Q\xd8\x19\xc7\xd0\xb7\x90\xbc\xa3LE\xf9\x5d\x06\xea\x91\xab\x2f\x5c\xa8FmV\xaf\x5fI\xadO\xf1N\xfa\x7f\xdbc\xd6\x3c\x29\xf1u\x88\xa2?\x3c4\x5d\xed\xef\x10\xeaE4suhQ\xb0\x848L\xe0D\xefF\x1d\x80\x85p\x01k\xdeA\xf9d\x8f\x8dz\x8aV\xc1\xd0\xf2\xb1\x15O\x09\xfa\x7d\x27z\x089\xce\x1f\x97oS:\x2c\xabr\xef\x8fb\xa2Z\x25\x16i\xa9mF\xbfg\xd8q\x12\x12BA\xa1\x91\xab\xfa\x7d\xb1\xc2\xe1\x01\xc9\x13\x60\x1a\xb8\x7f\x93\xa6\xd1\xbfd\x97\xba\x3e\xad\x0f\xd2\xdd\xa9</data></write>
    <read><length>1</length><match><data>\x03</data></match></read>
    <read><length>1</length><match><data>\x00</data></match></read>
    <read><length>2</length><match><data>\x00\x00</data></match></read>
    <!-- Successful write append attempt -->
    <write><data>\x04</data></write>
    <write><data>\x02\x00</data></write>
    <write><data>\x04</data></write>
    <write><data>\xbb\xbd\xa8\xea</data></write>
    <write><data>\xbd\x7b</data></write>
    <read><length>1</length><match><data>\x04</data></match></read>
    <read><length>1</length><match><data>\x00</data></match></read>
    <read><length>2</length><match><data>\x00\x00</data></match></read>
    <!-- Successful dir attempt -->
    <write><data>\x01</data></write>
    <read><length>1</length><match><data>\x01</data></match></read>
    <read><length>1</length><match><data>\x00</data></match></read>
    <read><length>2</length><match><data>\xd8\x02</data></match></read>
    <read><length>91</length><match><data>Filename                         Owner                            Size     Mode Timestamp \x0a</data></match></read>
    <read><length>91</length><match><data>passwd                           root                             15       rw\x2d\x2d 1452975673\x0a</data></match></read>
    <read><length>91</length><match><data>r\x11F                              root                             130      rw\x2d\x2d 1452976304\x0a</data></match></read>
    <read><length>91</length><match><data>\x7d\xa3C\x2d\xfb\xb3\x3d                          root                             5        rw\x2d\x2d 1452975827\x0a</data></match></read>
    <read><length>91</length><match><data>\xbb\xbd\xa8\xea                             root                             196      rw\x2d\x2d 1452976019\x0a</data></match></read>
    <read><length>91</length><match><data>\xd1\x23L\x7c\xa4\xb5\x16                          root                             201      rw\x2d\x2d 1452976127\x0a</data></match></read>
    <read><length>91</length><match><data>\xda                                root                             208      rw\x2d\x2d 1452976234\x0a</data></match></read>
    <read><length>91</length><match><data>\xe1\x5c2w\x9a\x7ee\xcaYd                       root                             214      rw\x2d\x2d 1452976384\x0a</data></match></read>
    <!-- Successful write attempt -->
    <write><data>\x03</data></write>
    <write><data>A\x00</data></write>
    <write><data>\x06</data></write>
    <write><data>F\xd9KP\xf4\x5f</data></write>
    <write><data>\xc8\xcbc\xd9\x27\xeb\xa9\xd3\xe0w\x23\xdb\x94\xb5K\x01\x28\x8b\xd3\xe8\xf9D\xa1\xadT\x85\xee7\x82\x82l\x9d\xba\x02\x1c\xc4\x8f\x22\xa5\xbc\x075\x60\x87\xe2\xb4\x14\xd4\xf3iF\xb4\x9fW\xe0\x28x\xb7yq\xa2\xfdtb\xc6</data></write>
    <read><length>1</length><match><data>\x03</data></match></read>
    <read><length>1</length><match><data>\x00</data></match></read>
    <read><length>2</length><match><data>\x00\x00</data></match></read>
    <!-- Successful rename attempt -->
    <write><data>\x06</data></write>
    <write><data>\x03</data></write>
    <write><data>\x09</data></write>
    <write><data>r\x11F</data></write>
    <write><data>\x0eYa\xe9\xf2\xa6T\xdd\x7d</data></write>
    <read><length>1</length><match><data>\x06</data></match></read>
    <read><length>1</length><match><data>\x00</data></match></read>
    <read><length>2</length><match><data>\x00\x00</data></match></read>
    <!-- Successful dir attempt -->
    <write><data>\x01</data></write>
    <read><length>1</length><match><data>\x01</data></match></read>
    <read><length>1</length><match><data>\x00</data></match></read>
    <read><length>2</length><match><data>3\x03</data></match></read>
    <read><length>91</length><match><data>Filename                         Owner                            Size     Mode Timestamp \x0a</data></match></read>
    <read><length>91</length><match><data>\x0eYa\xe9\xf2\xa6T\xdd\x7d                        root                             130      rw\x2d\x2d 1452976304\x0a</data></match></read>
    <read><length>91</length><match><data>F\xd9KP\xf4\x5f                           root                             65       rw\x2d\x2d 1452976498\x0a</data></match></read>
    <read><length>91</length><match><data>passwd                           root                             15       rw\x2d\x2d 1452975673\x0a</data></match></read>
    <read><length>91</length><match><data>\x7d\xa3C\x2d\xfb\xb3\x3d                          root                             5        rw\x2d\x2d 1452975827\x0a</data></match></read>
    <read><length>91</length><match><data>\xbb\xbd\xa8\xea                             root                             196      rw\x2d\x2d 1452976019\x0a</data></match></read>
    <read><length>91</length><match><data>\xd1\x23L\x7c\xa4\xb5\x16                          root                             201      rw\x2d\x2d 1452976127\x0a</data></match></read>
    <read><length>91</length><match><data>\xda                                root                             208      rw\x2d\x2d 1452976234\x0a</data></match></read>
    <read><length>91</length><match><data>\xe1\x5c2w\x9a\x7ee\xcaYd                       root                             214      rw\x2d\x2d 1452976384\x0a</data></match></read>
    <!-- Successful rename attempt -->
    <write><data>\x06</data></write>
    <write><data>\x07</data></write>
    <write><data>\x05</data></write>
    <write><data>\xd1\x23L\x7c\xa4\xb5\x16</data></write>
    <write><data>\xea\x81\x25\x23J</data></write>
    <read><length>1</length><match><data>\x06</data></match></read>
    <read><length>1</length><match><data>\x00</data></match></read>
    <read><length>2</length><match><data>\x00\x00</data></match></read>
    <!-- Successful write attempt -->
    <write><data>\x03</data></write>
    <write><data>X\x00</data></write>
    <write><data>\x08</data></write>
    <write><data>\x2d\x97\x24T\x5d\x8f\x97e</data></write>
    <write><data>\x40\x281U\xb9\xff \xaf\x3c\x88yt\x15d\x9d\x28M\xe0\xbcN\xf1\xf4Qu\xae7\x1e\xc6\xfcv\x90\x24\x28\x1e\x8eRI\xaa\xd5l\x24\x2d\xa1\x15\x01\x260\x82X\x06e\x0b\xc6A\xd8\x8d\xe8\x0b\x98\x01X\x02c\xd8\x2c\x9c\x3e\xbe\x85\xf2\xdd\x8a\xac\xc81\xc8\xe1\xc1\x7b\xa0\x9bO\x1b\xda\xbc\x60\xc9\xff</data></write>
    <read><length>1</length><match><data>\x03</data></match></read>
    <read><length>1</length><match><data>\x00</data></match></read>
    <read><length>2</length><match><data>\x00\x00</data></match></read>
    <!-- Successful write attempt -->
    <write><data>\x03</data></write>
    <write><data>\x5c\x00</data></write>
    <write><data>\x02</data></write>
    <write><data>\x96\x80</data></write>
    <write><data>\xdeo\xf2\x0f\x2c\x0b\x96\x93\x81\x22S\x8d\x0aN\xbe\xc1?\x8f\x25\x8e\x13\xda\x92\x948H\x60\xb0\x01\xf1\x60m\x1c\x87\xff\xcejW\xe0\x16\x7c\xd3U\xc7\x223x\xcb\x11\x09\xcduPg\xb9\xd0xP\x1e\x9b\x5f\xc1\xab\xfa\xbbz\x1a\x1cF\x1dwf\x25\x88\x2ff\xce\xae\xeb\xf5\x01\xe5\xfaF\x9c\xee\x2c\xcb\xed\xde\x01P</data></write>
    <read><length>1</length><match><data>\x03</data></match></read>
    <read><length>1</length><match><data>\x00</data></match></read>
    <read><length>2</length><match><data>\x00\x00</data></match></read>
    <!-- Bad write attempt: too many files -->
    <write><data>\x03</data></write>
    <write><data>\xb9\x00</data></write>
    <write><data>\x03</data></write>
    <write><data>G\xe3\x7d</data></write>
    <write><data>\xaf\x14k:\xe3\xebky9Nki\x01\x19\xe7yXc\xa5\x94\x1d\x98M\xfe\x60M\x7c\x2d\x80\xf5\xf7\xc9\x10\x1d\xe4B\x069K\xa0i\xe4\x7b\x9d\x25\xa5\xb2\x01\x3bE\x7f\x94\x8c\xa4\x0eb\x0a\x89\xdc\xcd!\xa0\x80\x8a\x0c\xee\xbd\x13\xc0CI\xd0w\x99\xe6\xabcL4\x92\xa2\x87p\xc0\xd8\x8b\xcfhe\x0bK\xa5Z\xcdpKP\x09D\xde\xd1\x86J\xc2\x04\x23\xc4\x16\xc2\x9a\xb8\xb6t\x2f\xd1\xb2\x8c\xbd\xce\xa8\xd8\xffg\x19\xb6\x0c\xb6B?\xe2\xc6\x40\x7e0\xc9\x2d\xf5\xac\x29\xec\xbf\xc5l\x023\x2a9\xb4\xe9e\x07\x9a\x85vl!\x0d\xa0\xe3\x0ef\x10\x0c\x04b\xaa:\x01\xb6\x80\x9aT\x5f\x14\xa9b\xae\xe5G\x1d\xbd\xcc\xbaI\xab</data></write>
    <read><length>1</length><match><data>\x03</data></match></read>
    <read><length>1</length><match><data>\x03</data></match></read>
    <read><length>2</length><match><data>\x00\x00</data></match></read>
    <write><data>\x06</data></write>
    <write><data>\x08</data></write>
    <write><data>\x04</data></write>
    <write><data>\x18uvhH2\xfeP</data></write>
    <write><data>\x15!\xc9B</data></write>
    <read><length>1</length><match><data>\x06</data></match></read>
    <read><length>1</length><match><data>\x05</data></match></read>
    <read><length>2</length><match><data>\x00\x00</data></match></read>
</replay>
</pov>