<?xml version="1.0" standalone="no" ?>
<!DOCTYPE pov SYSTEM "/usr/share/cgc-docs/replay.dtd">
<pov>
<cbid>service</cbid>
<seed>e89f0bbefd04f73d6c0b3553b81f2a6bbd390ff3a336913cc4861c9ceb3c96313dd931e34a7512180377599e062fbb79</seed>
<replay>
    <delay>50</delay>
    <!-- Successful login attempt -->
    <write><data>\x00</data></write>
    <write><data>\x04</data></write>
    <write><data>\x0a</data></write>
    <write><data>rootrootpasswd</data></write>
    <read><length>1</length><match><data>\x00</data></match></read>
    <read><length>1</length><match><data>\x00</data></match></read>
    <read><length>2</length><match><data>\x00\x00</data></match></read>
    <!-- Successful write attempt -->
    <write><data>\x03</data></write>
    <write><data>2\x00</data></write>
    <write><data>\x02</data></write>
    <write><data>Ws</data></write>
    <write><data>O\x2c\xc6t\x91\xd9\xa5H\xaa\x06\x19\x2c\x2b\x7b\x82\x97y\xa8J\x27\x92\xc3u\xe4\x8c\xb9\x5ey\xa1I \x17Pt\x95\x04\xcc\xf4p\xdd:\xfb\x89\x26\xd6\xbd\xc1f\x88y</data></write>
    <read><length>1</length><match><data>\x03</data></match></read>
    <read><length>1</length><match><data>\x00</data></match></read>
    <read><length>2</length><match><data>\x00\x00</data></match></read>
    <!-- Successful write append attempt -->
    <write><data>\x04</data></write>
    <write><data>\x05\x00</data></write>
    <write><data>\x02</data></write>
    <write><data>Ws</data></write>
    <write><data>\x5b\xb1\x9a\x07\x11</data></write>
    <read><length>1</length><match><data>\x04</data></match></read>
    <read><length>1</length><match><data>\x00</data></match></read>
    <read><length>2</length><match><data>\x00\x00</data></match></read>
    <!-- Successful write attempt -->
    <write><data>\x03</data></write>
    <write><data>\x7c\x00</data></write>
    <write><data>\x03</data></write>
    <write><data>0\xa2T</data></write>
    <write><data>C\x3d\xe2P\x06\x40\x10\xd1\x22\xe6t\xa1\xd7\x7d9\xcd\x1dW\x94\x2f\x60\xd1m\xf4\x2c\xe5m\xde\xc4\x08\x1f\xb1\x9e\xdf\x1f\x95\x91\x0b\x87\x0aJW\xa4\xad\xf8\x26K\xa2 \xd1\xce\x03\xe9v\xd6\xce\xea\xc1g\xc2\x9f\x11\xe6\xa2E\x84\xd4\xdd\x0e\x7f\x82\xe0\x95\x2b\x8d\xfa\x87\x02\xcb\xf6\xb3K\x86\xcc\xcd\x16\x7d\x3d\x01N\xaa\x5e\x2b\x7fa\x167\xb4\xd4\x95v7\x40\x9a.\x7dh\xdc\x89\x0c\xe2\x27\x9f\x9e\xd12O\xbf\x9f\xf3\x40\xdc\x8b\xd5</data></write>
    <read><length>1</length><match><data>\x03</data></match></read>
    <read><length>1</length><match><data>\x00</data></match></read>
    <read><length>2</length><match><data>\x00\x00</data></match></read>
    <!-- Bad delete attempt: invalid file -->
    <write><data>\x05</data></write>
    <write><data>\x06</data></write>
    <write><data>\x97\xa4\xb9\x26\xa0\x7c</data></write>
    <read><length>1</length><match><data>\x05</data></match></read>
    <read><length>1</length><match><data>\x04</data></match></read>
    <read><length>2</length><match><data>\x00\x00</data></match></read>
    <!-- Bad write append attempt: invalid file -->
    <write><data>\x04</data></write>
    <write><data>\x02\x00</data></write>
    <write><data>\x09</data></write>
    <write><data>i\xa7\xc1E\xe5\xc1\xe7\xad\x3b</data></write>
    <write><data>M\xf9</data></write>
    <read><length>1</length><match><data>\x04</data></match></read>
    <read><length>1</length><match><data>\x03</data></match></read>
    <read><length>2</length><match><data>\x00\x00</data></match></read>
    <!-- Successful delete attempt -->
    <write><data>\x05</data></write>
    <write><data>\x02</data></write>
    <write><data>Ws</data></write>
    <read><length>1</length><match><data>\x05</data></match></read>
    <read><length>1</length><match><data>\x00</data></match></read>
    <read><length>2</length><match><data>\x00\x00</data></match></read>
</replay>
</pov>