<?xml version="1.0" standalone="no" ?>
<!DOCTYPE pov SYSTEM "/usr/share/cgc-docs/replay.dtd">
<pov>
<cbid>service</cbid>
<seed>bf89bd11477f8bfd1ab55a81427b7c36fe230bdc678d6e40130b0c44e6098491af398c9a2ab6078b53e10fce0bf32932</seed>
<replay>
    <delay>50</delay>
    <read><delim>\x0a</delim><match><data>ScrumMaster DB \x2d Database ID: c06c5e97\x0a</data></match></read>
    <write><data>xV4\x12\x0d\x00\x01\x01\x01\x00rgocntkrja\x00</data></write>
    <write><data>xV4\x12\x00\x00\xad\xde</data></write>
</replay>
</pov>