<?xml version="1.0" standalone="no" ?>
<!DOCTYPE pov SYSTEM "/usr/share/cgc-docs/replay.dtd">
<pov>
<cbid>service</cbid>
<seed>722fc144e4ff47341a2a9f3f70cb4c7e977b0b83b827de4b486a2b909b38c62f95be2fe59c3317640951f92c128c457f</seed>
<replay>
    <delay>50</delay>
    <read><delim>\x0a</delim><match><data>ScrumMaster DB \x2d Database ID: 2e01b8ce\x0a</data></match></read>
    <write><data>xV4\x12\x08\x00\x01\x01\x01\x00tsnzf\x00</data></write>
    <write><data>xV4\x12\x02\x00\x03\x04\x01\x00</data></write>
    <write><data>xV4\x12\x17\x00\x01\x01\x02\x00bpergtnfjhoonrvhoknu\x00</data></write>
    <write><data>xV4\x12\x02\x00\x01\x03\x02\x00</data></write>
    <read><delim>\x0a</delim><match><data>\x0a</data></match></read>
    <read><delim>\x0a</delim><match><data>Product Title: bpergtnfjhoonrvhoknu\x0a</data></match></read>
    <read><delim>\x0a</delim><match><data>   Product ID: 2\x0a</data></match></read>
    <read><delim>\x0a</delim><match><data>\x0a</data></match></read>
    <read><delim>\x0a</delim><match><data>Product Backlog:\x0a</data></match></read>
    <read><delim>\x0a</delim><match><data>\x09\x09ID\x09Points\x09User Story\x0a</data></match></read>
    <read><delim>\x0a</delim><match><data>\x0a</data></match></read>
    <read><delim>\x0a</delim><match><data>Sprints:\x0a</data></match></read>
    <read><delim>\x0a</delim><match><data>\x0a</data></match></read>
    <write><data>xV4\x12\x02\x00\x03\x04\x02\x00</data></write>
    <write><data>xV4\x12\x00\x00\xad\xde</data></write>
</replay>
</pov>