<?xml version="1.0" standalone="no" ?>
<!DOCTYPE pov SYSTEM "/usr/share/cgc-docs/replay.dtd">
<pov>
<cbid>service</cbid>
<seed>7b0e3f3591e8320fb3012d8acbe9e85cc65eeb3be4043d65c0c1cea7f8dc8cff7ffbb888e1277c13fb9f64fcf11b3d47</seed>
<replay>
    <delay>50</delay>
    <read><delim>\x0a</delim><match><data>ScrumMaster DB \x2d Database ID: 28bcb37f\x0a</data></match></read>
    <write><data>xV4\x12\x10\x00\x01\x01\x01\x00hyjrrbhrxvryx\x00</data></write>
    <write><data>xV4\x128\x00\x02\x01\x01\x00\xe9\x03\x05\x00ybfrybyeaviltfemipcbfomcrwozwpfaphjzfxzgmxjmtfkoi\x00</data></write>
    <write><data>xV4\x12\x18\x00\x01\x01\x02\x00jrkczbewxxzdpgvawceva\x00</data></write>
    <write><data>xV4\x12\x02\x00\x03\x04\x02\x00</data></write>
    <write><data>xV4\x126\x00\x02\x01\x01\x00\xea\x03\x05\x00pscwblpftzcxtruvxtxiotjsvyhzvhwmyopvzixvrhpyboh\x00</data></write>
    <write><data>xV4\x12\x00\x00\xad\xde</data></write>
</replay>
</pov>