<?xml version="1.0" standalone="no" ?>
<!DOCTYPE pov SYSTEM "/usr/share/cgc-docs/replay.dtd">
<pov>
<cbid>service</cbid>
<seed>c69523e0590c8f4b81366cdc0af8882102eac6cb5aec4f1f0f1b7542656f5fcad40247700660669da2419a6ea32c5f2a</seed>
<replay>
    <delay>50</delay>
    <read><delim>\x0a</delim><match><data>ScrumMaster DB \x2d Database ID: e7d00e53\x0a</data></match></read>
    <write><data>xV4\x12\x0e\x00\x01\x01\x01\x00axxgdduzjgc\x00</data></write>
    <write><data>xV4\x12\x14\x00\x03\x01\x01\x00e\x00loqxnloxkkhhhsq\x00</data></write>
    <write><data>xV4\x12\x04\x00\x02\x04\x01\x00e\x00</data></write>
    <write><data>xV4\x12\x00\x00\xad\xde</data></write>
</replay>
</pov>