<?xml version="1.0" standalone="no" ?>
<!DOCTYPE pov SYSTEM "/usr/share/cgc-docs/replay.dtd">
<pov>
<cbid>service</cbid>
<seed>9b29459a8450f19b2e386b7a30653a840ba503a90bccd3c4ecc4369459f5c2eebcb9c7e3fe3aea859326fb09fb2b7e87</seed>
<replay>
    <delay>50</delay>
    <read><delim>\x0a</delim><match><data>ScrumMaster DB \x2d Database ID: f577c052\x0a</data></match></read>
    <write><data>xV4\x12\x0e\x00\x01\x01\x01\x00qeqorqfgkqp\x00</data></write>
    <write><data>xV4\x12\x02\x00\x03\x04\x01\x00</data></write>
    <write><data>xV4\x12\x18\x00\x01\x01\x02\x00grtetfskterxneiavsigl\x00</data></write>
    <write><data>xV4\x12\x11\x00\x01\x01\x03\x00fwdqsywydcdbyk\x00</data></write>
    <write><data>xV4\x12\x02\x00\x03\x04\x03\x00</data></write>
    <write><data>xV4\x12\x02\x00\x03\x04\x02\x00</data></write>
    <write><data>xV4\x12\x00\x00\xad\xde</data></write>
</replay>
</pov>