<?xml version="1.0" standalone="no" ?>
<!DOCTYPE pov SYSTEM "/usr/share/cgc-docs/replay.dtd">
<pov>
<cbid>service</cbid>
<seed>5f21eb36f0e1964a567791a20ba11f2fff3112e7b8ec9b89e3131e6f49784113ce8ad11a123862dbcffda5a7d9442e5c</seed>
<replay>
    <delay>50</delay>
    <read><delim>\x0a</delim><match><data>ScrumMaster DB \x2d Database ID: 50b5c1fb\x0a</data></match></read>
    <write><data>xV4\x12\x1b\x00\x01\x01\x01\x00aorflzipsmvdadsjywpgordv\x00</data></write>
    <write><data>xV4\x12\x29\x00\x02\x01\x01\x00\xe9\x03\x05\x00noxwsrwrhdxjpmawzxysyxkeebcgyebluz\x00</data></write>
    <write><data>xV4\x12\x00\x00\xad\xde</data></write>
</replay>
</pov>