<?xml version="1.0" standalone="no" ?>
<!DOCTYPE pov SYSTEM "/usr/share/cgc-docs/replay.dtd">
<pov>
<cbid>service</cbid>
<seed>8c3e8ad908970ec17487c074d3877de2b7181635d94547283fd7f58f43d1417e593ca9d14aa01f1b45b7ca599043160e</seed>
<replay>
    <delay>50</delay>
    <read><delim>\x0a</delim><match><data>ScrumMaster DB \x2d Database ID: f762e8a2\x0a</data></match></read>
    <write><data>xV4\x12\x18\x00\x01\x01\x01\x00ccyndmolxsvsmrghnepqb\x00</data></write>
    <write><data>xV4\x129\x00\x02\x01\x01\x00\xe9\x03\x05\x00zixjgufaldudwkmahpmxoiskgjijxjhfnvbhtimkjjtqvlaqoc\x00</data></write>
    <write><data>xV4\x12\x25\x00\x03\x01\x01\x00e\x00nvbvwpkpzgrxpqownssyinjtfnxqwthv\x00</data></write>
    <write><data>xV4\x12\x02\x00\x01\x03\x01\x00</data></write>
    <read><delim>\x0a</delim><match><data>\x0a</data></match></read>
    <read><delim>\x0a</delim><match><data>Product Title: ccyndmolxsvsmrghnepqb\x0a</data></match></read>
    <read><delim>\x0a</delim><match><data>   Product ID: 1\x0a</data></match></read>
    <read><delim>\x0a</delim><match><data>\x0a</data></match></read>
    <read><delim>\x0a</delim><match><data>Product Backlog:\x0a</data></match></read>
    <read><delim>\x0a</delim><match><data>\x09\x09ID\x09Points\x09User Story\x0a</data></match></read>
    <read><delim>\x0a</delim><match><data>\x09Item\x091001:\x095\x0a</data></match></read>
    <read><delim>\x0a</delim><match><data>\x0a</data></match></read>
    <read><delim>\x0a</delim><match><data>Sprints:\x0a</data></match></read>
    <read><delim>\x0a</delim><match><data>\x09Sprint\x23 101: nvbvwpkpzgrxpqownssyinjtfnxqwthv\x0a</data></match></read>
    <read><delim>\x0a</delim><match><data>\x0a</data></match></read>
    <read><delim>\x0a</delim><match><data>\x0a</data></match></read>
    <write><data>xV4\x12\x06\x00\x01\x02\x01\x00\xe9\x03e\x00</data></write>
    <write><data>xV4\x12\x00\x00\x04\x03</data></write>
    <read><delim>\x0a</delim><match><data>Product: ccyndmolxsvsmrghnepqb\x0a</data></match></read>
    <read><delim>\x0a</delim><match><data>\x0a</data></match></read>
    <write><data>xV4\x122\x00\x02\x01\x01\x00\xea\x03\x05\x00fytjzsnqhwvxuwoqdlljdpllwpjlobknywpwgnafejr\x00</data></write>
    <write><data>xV4\x12\x04\x00\x02\x04\x01\x00e\x00</data></write>
    <write><data>xV4\x12\x1e\x00\x03\x01\x01\x00f\x00otqoevrvonmjtcbbubghhqbmw\x00</data></write>
    <write><data>xV4\x12\x2d\x00\x02\x01\x01\x00\xeb\x03\x05\x00ymcnxpzfoswfbeklscuhnprvkksegjlrmuzesx\x00</data></write>
    <write><data>xV4\x12\x02\x00\x03\x04\x01\x00</data></write>
    <write><data>xV4\x12\x14\x00\x01\x01\x02\x00fccnbepyjdyqcxooa\x00</data></write>
    <write><data>xV4\x12\x02\x00\x01\x03\x02\x00</data></write>
    <read><delim>\x0a</delim><match><data>\x0a</data></match></read>
    <read><delim>\x0a</delim><match><data>Product Title: fccnbepyjdyqcxooa\x0a</data></match></read>
    <read><delim>\x0a</delim><match><data>   Product ID: 2\x0a</data></match></read>
    <read><delim>\x0a</delim><match><data>\x0a</data></match></read>
    <read><delim>\x0a</delim><match><data>Product Backlog:\x0a</data></match></read>
    <read><delim>\x0a</delim><match><data>\x09\x09ID\x09Points\x09User Story\x0a</data></match></read>
    <read><delim>\x0a</delim><match><data>\x0a</data></match></read>
    <read><delim>\x0a</delim><match><data>Sprints:\x0a</data></match></read>
    <read><delim>\x0a</delim><match><data>\x0a</data></match></read>
    <write><data>xV4\x12\x00\x00\xad\xde</data></write>
</replay>
</pov>