<?xml version="1.0" standalone="no" ?>
<!DOCTYPE pov SYSTEM "/usr/share/cgc-docs/replay.dtd">
<pov>
<cbid>service</cbid>
<seed>16cdd6efecaade2d4ebd37a20a7335d6fe2c7e9587077ce0ba2523bada34242601a8800cac2be58b742675dadb2e50f0</seed>
<replay>
    <read><delim>\x0a</delim><match><data>\x0a</data></match></read>
    <read><delim>\x0a</delim><match><data>1\x29 Add Player\x0a</data></match></read>
    <read><delim>\x0a</delim><match><data>2\x29 Delete Player\x0a</data></match></read>
    <read><delim>\x0a</delim><match><data>3\x29 Play\x0a</data></match></read>
    <read><delim>\x0a</delim><match><data>4\x29 Statistics\x0a</data></match></read>
    <read><delim>\x0a</delim><match><data>0\x29 Exit\x0a</data></match></read>
    <write><data>2\x0a</data></write>
    <read><delim>\x0a</delim><match><data>No players\x0a</data></match></read>
    <read><delim>\x0a</delim><match><data>\x0a</data></match></read>
    <read><delim>\x0a</delim><match><data>1\x29 Add Player\x0a</data></match></read>
    <read><delim>\x0a</delim><match><data>2\x29 Delete Player\x0a</data></match></read>
    <read><delim>\x0a</delim><match><data>3\x29 Play\x0a</data></match></read>
    <read><delim>\x0a</delim><match><data>4\x29 Statistics\x0a</data></match></read>
    <read><delim>\x0a</delim><match><data>0\x29 Exit\x0a</data></match></read>
    <write><data>1\x0a</data></write>
    <read><delim>\x0a</delim><match><data>Enter player name\x0a</data></match></read>
    <write><data>evlmi\x0a</data></write>
    <read><delim>\x0a</delim><match><data>Computer player? \x28y\x2fn\x29\x0a</data></match></read>
    <write><data>y\x0a</data></write>
    <read><delim>\x0a</delim><match><data>Method 1\x2d4:\x0a</data></match></read>
    <write><data>3\x0a</data></write>
    <read><delim>\x0a</delim><match><data>\x0a</data></match></read>
    <read><delim>\x0a</delim><match><data>1\x29 Add Player\x0a</data></match></read>
    <read><delim>\x0a</delim><match><data>2\x29 Delete Player\x0a</data></match></read>
    <read><delim>\x0a</delim><match><data>3\x29 Play\x0a</data></match></read>
    <read><delim>\x0a</delim><match><data>4\x29 Statistics\x0a</data></match></read>
    <read><delim>\x0a</delim><match><data>0\x29 Exit\x0a</data></match></read>
    <write><data>2\x0a</data></write>
    <read><delim>\x0a</delim><match><data>1\x29 evlmi\x0a</data></match></read>
    <read><delim>\x0a</delim><match><data>Player to delete \x281\x2d1\x29:\x0a</data></match></read>
    <write><data>1\x0a</data></write>
    <read><delim>\x0a</delim><match><data>\x0a</data></match></read>
    <read><delim>\x0a</delim><match><data>1\x29 Add Player\x0a</data></match></read>
    <read><delim>\x0a</delim><match><data>2\x29 Delete Player\x0a</data></match></read>
    <read><delim>\x0a</delim><match><data>3\x29 Play\x0a</data></match></read>
    <read><delim>\x0a</delim><match><data>4\x29 Statistics\x0a</data></match></read>
    <read><delim>\x0a</delim><match><data>0\x29 Exit\x0a</data></match></read>
    <write><data>4\x0a</data></write>
    <read><delim>\x0a</delim><match><data>\x0a</data></match></read>
    <read><delim>\x0a</delim><match><data>1\x29 Add Player\x0a</data></match></read>
    <read><delim>\x0a</delim><match><data>2\x29 Delete Player\x0a</data></match></read>
    <read><delim>\x0a</delim><match><data>3\x29 Play\x0a</data></match></read>
    <read><delim>\x0a</delim><match><data>4\x29 Statistics\x0a</data></match></read>
    <read><delim>\x0a</delim><match><data>0\x29 Exit\x0a</data></match></read>
    <write><data>3\x0a</data></write>
    <read><delim>\x0a</delim><match><data>No players\x0a</data></match></read>
    <read><delim>\x0a</delim><match><data>\x0a</data></match></read>
    <read><delim>\x0a</delim><match><data>1\x29 Add Player\x0a</data></match></read>
    <read><delim>\x0a</delim><match><data>2\x29 Delete Player\x0a</data></match></read>
    <read><delim>\x0a</delim><match><data>3\x29 Play\x0a</data></match></read>
    <read><delim>\x0a</delim><match><data>4\x29 Statistics\x0a</data></match></read>
    <read><delim>\x0a</delim><match><data>0\x29 Exit\x0a</data></match></read>
    <write><data>4\x0a</data></write>
    <read><delim>\x0a</delim><match><data>\x0a</data></match></read>
    <read><delim>\x0a</delim><match><data>1\x29 Add Player\x0a</data></match></read>
    <read><delim>\x0a</delim><match><data>2\x29 Delete Player\x0a</data></match></read>
    <read><delim>\x0a</delim><match><data>3\x29 Play\x0a</data></match></read>
    <read><delim>\x0a</delim><match><data>4\x29 Statistics\x0a</data></match></read>
    <read><delim>\x0a</delim><match><data>0\x29 Exit\x0a</data></match></read>
    <write><data>0\x0a</data></write>
</replay>
</pov>