<?xml version="1.0" standalone="no" ?>
<!DOCTYPE pov SYSTEM "/usr/share/cgc-docs/replay.dtd">
<pov>
<cbid>service</cbid>
<seed>b61e8db9bda9a5336cfea06ae89e5f673e8dfa467cd3aae073a82d3c85d08391ff95b963f10da860ed609066a0480a8d</seed>
<replay>
    <read><delim>\x0a</delim><match><data>\x0a</data></match></read>
    <read><delim>\x0a</delim><match><data>1\x29 Add Player\x0a</data></match></read>
    <read><delim>\x0a</delim><match><data>2\x29 Delete Player\x0a</data></match></read>
    <read><delim>\x0a</delim><match><data>3\x29 Play\x0a</data></match></read>
    <read><delim>\x0a</delim><match><data>4\x29 Statistics\x0a</data></match></read>
    <read><delim>\x0a</delim><match><data>0\x29 Exit\x0a</data></match></read>
    <write><data>1\x0a</data></write>
    <read><delim>\x0a</delim><match><data>Enter player name\x0a</data></match></read>
    <write><data>csafublin\x0a</data></write>
    <read><delim>\x0a</delim><match><data>Computer player? \x28y\x2fn\x29\x0a</data></match></read>
    <write><data>y\x0a</data></write>
    <read><delim>\x0a</delim><match><data>Method 1\x2d4:\x0a</data></match></read>
    <write><data>4\x0a</data></write>
    <read><delim>\x0a</delim><match><data>\x0a</data></match></read>
    <read><delim>\x0a</delim><match><data>1\x29 Add Player\x0a</data></match></read>
    <read><delim>\x0a</delim><match><data>2\x29 Delete Player\x0a</data></match></read>
    <read><delim>\x0a</delim><match><data>3\x29 Play\x0a</data></match></read>
    <read><delim>\x0a</delim><match><data>4\x29 Statistics\x0a</data></match></read>
    <read><delim>\x0a</delim><match><data>0\x29 Exit\x0a</data></match></read>
    <write><data>1\x0a</data></write>
    <read><delim>\x0a</delim><match><data>Enter player name\x0a</data></match></read>
    <write><data>yzeyooiy\x0a</data></write>
    <read><delim>\x0a</delim><match><data>Computer player? \x28y\x2fn\x29\x0a</data></match></read>
    <write><data>n\x0a</data></write>
    <read><delim>\x0a</delim><match><data>Would you like to enable hints?\x0a</data></match></read>
    <write><data>y\x0a</data></write>
    <read><delim>\x0a</delim><match><data>Method 1\x2d4:\x0a</data></match></read>
    <write><data>1\x0a</data></write>
    <read><delim>\x0a</delim><match><data>\x0a</data></match></read>
    <read><delim>\x0a</delim><match><data>1\x29 Add Player\x0a</data></match></read>
    <read><delim>\x0a</delim><match><data>2\x29 Delete Player\x0a</data></match></read>
    <read><delim>\x0a</delim><match><data>3\x29 Play\x0a</data></match></read>
    <read><delim>\x0a</delim><match><data>4\x29 Statistics\x0a</data></match></read>
    <read><delim>\x0a</delim><match><data>0\x29 Exit\x0a</data></match></read>
    <write><data>1\x0a</data></write>
    <read><delim>\x0a</delim><match><data>Enter player name\x0a</data></match></read>
    <write><data>jwgdnlqaz\x0a</data></write>
    <read><delim>\x0a</delim><match><data>Computer player? \x28y\x2fn\x29\x0a</data></match></read>
    <write><data>y\x0a</data></write>
    <read><delim>\x0a</delim><match><data>Method 1\x2d4:\x0a</data></match></read>
    <write><data>4\x0a</data></write>
    <read><delim>\x0a</delim><match><data>\x0a</data></match></read>
    <read><delim>\x0a</delim><match><data>1\x29 Add Player\x0a</data></match></read>
    <read><delim>\x0a</delim><match><data>2\x29 Delete Player\x0a</data></match></read>
    <read><delim>\x0a</delim><match><data>3\x29 Play\x0a</data></match></read>
    <read><delim>\x0a</delim><match><data>4\x29 Statistics\x0a</data></match></read>
    <read><delim>\x0a</delim><match><data>0\x29 Exit\x0a</data></match></read>
    <write><data>2\x0a</data></write>
    <read><delim>\x0a</delim><match><data>1\x29 csafublin\x0a</data></match></read>
    <read><delim>\x0a</delim><match><data>2\x29 yzeyooiy\x0a</data></match></read>
    <read><delim>\x0a</delim><match><data>3\x29 jwgdnlqaz\x0a</data></match></read>
    <read><delim>\x0a</delim><match><data>Player to delete \x281\x2d3\x29:\x0a</data></match></read>
    <write><data>2\x0a</data></write>
    <read><delim>\x0a</delim><match><data>\x0a</data></match></read>
    <read><delim>\x0a</delim><match><data>1\x29 Add Player\x0a</data></match></read>
    <read><delim>\x0a</delim><match><data>2\x29 Delete Player\x0a</data></match></read>
    <read><delim>\x0a</delim><match><data>3\x29 Play\x0a</data></match></read>
    <read><delim>\x0a</delim><match><data>4\x29 Statistics\x0a</data></match></read>
    <read><delim>\x0a</delim><match><data>0\x29 Exit\x0a</data></match></read>
    <write><data>4\x0a</data></write>
    <read><delim>\x0a</delim><match><data>Player name: csafublin\x0a</data></match></read>
    <read><delim>\x0a</delim><match><data>       Wins: 0\x0a</data></match></read>
    <read><delim>\x0a</delim><match><data>     Losses: 0\x0a</data></match></read>
    <read><delim>\x0a</delim><match><data>      Funds: 500\x0a</data></match></read>
    <read><delim>\x0a</delim><match><data>Player name: jwgdnlqaz\x0a</data></match></read>
    <read><delim>\x0a</delim><match><data>       Wins: 0\x0a</data></match></read>
    <read><delim>\x0a</delim><match><data>     Losses: 0\x0a</data></match></read>
    <read><delim>\x0a</delim><match><data>      Funds: 500\x0a</data></match></read>
    <read><delim>\x0a</delim><match><data>\x0a</data></match></read>
    <read><delim>\x0a</delim><match><data>1\x29 Add Player\x0a</data></match></read>
    <read><delim>\x0a</delim><match><data>2\x29 Delete Player\x0a</data></match></read>
    <read><delim>\x0a</delim><match><data>3\x29 Play\x0a</data></match></read>
    <read><delim>\x0a</delim><match><data>4\x29 Statistics\x0a</data></match></read>
    <read><delim>\x0a</delim><match><data>0\x29 Exit\x0a</data></match></read>
    <write><data>2\x0a</data></write>
    <read><delim>\x0a</delim><match><data>1\x29 csafublin\x0a</data></match></read>
    <read><delim>\x0a</delim><match><data>2\x29 jwgdnlqaz\x0a</data></match></read>
    <read><delim>\x0a</delim><match><data>Player to delete \x281\x2d2\x29:\x0a</data></match></read>
    <write><data>3\x0a</data></write>
    <read><delim>\x0a</delim><match><data>\x0a</data></match></read>
    <read><delim>\x0a</delim><match><data>1\x29 Add Player\x0a</data></match></read>
    <read><delim>\x0a</delim><match><data>2\x29 Delete Player\x0a</data></match></read>
    <read><delim>\x0a</delim><match><data>3\x29 Play\x0a</data></match></read>
    <read><delim>\x0a</delim><match><data>4\x29 Statistics\x0a</data></match></read>
    <read><delim>\x0a</delim><match><data>0\x29 Exit\x0a</data></match></read>
    <write><data>4\x0a</data></write>
    <read><delim>\x0a</delim><match><data>Player name: csafublin\x0a</data></match></read>
    <read><delim>\x0a</delim><match><data>       Wins: 0\x0a</data></match></read>
    <read><delim>\x0a</delim><match><data>     Losses: 0\x0a</data></match></read>
    <read><delim>\x0a</delim><match><data>      Funds: 500\x0a</data></match></read>
    <read><delim>\x0a</delim><match><data>Player name: jwgdnlqaz\x0a</data></match></read>
    <read><delim>\x0a</delim><match><data>       Wins: 0\x0a</data></match></read>
    <read><delim>\x0a</delim><match><data>     Losses: 0\x0a</data></match></read>
    <read><delim>\x0a</delim><match><data>      Funds: 500\x0a</data></match></read>
    <read><delim>\x0a</delim><match><data>\x0a</data></match></read>
    <read><delim>\x0a</delim><match><data>1\x29 Add Player\x0a</data></match></read>
    <read><delim>\x0a</delim><match><data>2\x29 Delete Player\x0a</data></match></read>
    <read><delim>\x0a</delim><match><data>3\x29 Play\x0a</data></match></read>
    <read><delim>\x0a</delim><match><data>4\x29 Statistics\x0a</data></match></read>
    <read><delim>\x0a</delim><match><data>0\x29 Exit\x0a</data></match></read>
    <write><data>4\x0a</data></write>
    <read><delim>\x0a</delim><match><data>Player name: csafublin\x0a</data></match></read>
    <read><delim>\x0a</delim><match><data>       Wins: 0\x0a</data></match></read>
    <read><delim>\x0a</delim><match><data>     Losses: 0\x0a</data></match></read>
    <read><delim>\x0a</delim><match><data>      Funds: 500\x0a</data></match></read>
    <read><delim>\x0a</delim><match><data>Player name: jwgdnlqaz\x0a</data></match></read>
    <read><delim>\x0a</delim><match><data>       Wins: 0\x0a</data></match></read>
    <read><delim>\x0a</delim><match><data>     Losses: 0\x0a</data></match></read>
    <read><delim>\x0a</delim><match><data>      Funds: 500\x0a</data></match></read>
    <read><delim>\x0a</delim><match><data>\x0a</data></match></read>
    <read><delim>\x0a</delim><match><data>1\x29 Add Player\x0a</data></match></read>
    <read><delim>\x0a</delim><match><data>2\x29 Delete Player\x0a</data></match></read>
    <read><delim>\x0a</delim><match><data>3\x29 Play\x0a</data></match></read>
    <read><delim>\x0a</delim><match><data>4\x29 Statistics\x0a</data></match></read>
    <read><delim>\x0a</delim><match><data>0\x29 Exit\x0a</data></match></read>
    <write><data>1\x0a</data></write>
    <read><delim>\x0a</delim><match><data>Enter player name\x0a</data></match></read>
    <write><data>mjnfm\x0a</data></write>
    <read><delim>\x0a</delim><match><data>Computer player? \x28y\x2fn\x29\x0a</data></match></read>
    <write><data>y\x0a</data></write>
    <read><delim>\x0a</delim><match><data>Method 1\x2d4:\x0a</data></match></read>
    <write><data>1\x0a</data></write>
    <read><delim>\x0a</delim><match><data>\x0a</data></match></read>
    <read><delim>\x0a</delim><match><data>1\x29 Add Player\x0a</data></match></read>
    <read><delim>\x0a</delim><match><data>2\x29 Delete Player\x0a</data></match></read>
    <read><delim>\x0a</delim><match><data>3\x29 Play\x0a</data></match></read>
    <read><delim>\x0a</delim><match><data>4\x29 Statistics\x0a</data></match></read>
    <read><delim>\x0a</delim><match><data>0\x29 Exit\x0a</data></match></read>
    <write><data>3\x0a</data></write>
    <read><delim>\x0a</delim><match><data>Player: csafublin\x0a</data></match></read>
    <read><delim>\x0a</delim><match><data>Place your bet \x281\x2d500\x29\x0a</data></match></read>
    <read><delim>\x0a</delim><match><data>Player: mjnfm\x0a</data></match></read>
    <read><delim>\x0a</delim><match><data>Place your bet \x281\x2d500\x29\x0a</data></match></read>
    <read><delim>\x0a</delim><match><data>Player: jwgdnlqaz\x0a</data></match></read>
    <read><delim>\x0a</delim><match><data>Place your bet \x281\x2d500\x29\x0a</data></match></read>
    <read><delim>\x0a</delim><match><data>Dealer: 6 10 \x2816\x29\x0a</data></match></read>
    <read><delim>\x0a</delim><match><data>csafublin: Q 9 \x2819\x29\x0a</data></match></read>
    <read><delim>\x0a</delim><match><data>mjnfm: 8 9 \x2817\x29\x0a</data></match></read>
    <read><delim>\x0a</delim><match><data>jwgdnlqaz: 3 A \x2814\x29\x0a</data></match></read>
    <read><delim>\x0a</delim><match><data>Player: csafublin\x0a</data></match></read>
    <read><delim>\x0a</delim><match><data>Q 9 \x2819\x29\x0a</data></match></read>
    <read><delim>\x0a</delim><match><data>Do you wish to H\x29it or S\x29tand\x0a</data></match></read>
    <read><delim>\x0a</delim><match><data>Player: mjnfm\x0a</data></match></read>
    <read><delim>\x0a</delim><match><data>8 9 \x2817\x29\x0a</data></match></read>
    <read><delim>\x0a</delim><match><data>Do you wish to H\x29it or S\x29tand\x0a</data></match></read>
    <read><delim>\x0a</delim><match><data>Player: jwgdnlqaz\x0a</data></match></read>
    <read><delim>\x0a</delim><match><data>3 A \x2814\x29\x0a</data></match></read>
    <read><delim>\x0a</delim><match><data>Do you wish to H\x29it or S\x29tand\x0a</data></match></read>
    <read><delim>\x0a</delim><match><data>Dealer draws 2\x0a</data></match></read>
    <read><delim>\x0a</delim><match><data>csafublin: wins!\x0a</data></match></read>
    <read><delim>\x0a</delim><match><data>mjnfm: loses\x0a</data></match></read>
    <read><delim>\x0a</delim><match><data>jwgdnlqaz: loses\x0a</data></match></read>
    <read><delim>\x0a</delim><match><data>\x0a</data></match></read>
    <read><delim>\x0a</delim><match><data>1\x29 Add Player\x0a</data></match></read>
    <read><delim>\x0a</delim><match><data>2\x29 Delete Player\x0a</data></match></read>
    <read><delim>\x0a</delim><match><data>3\x29 Play\x0a</data></match></read>
    <read><delim>\x0a</delim><match><data>4\x29 Statistics\x0a</data></match></read>
    <read><delim>\x0a</delim><match><data>0\x29 Exit\x0a</data></match></read>
    <write><data>2\x0a</data></write>
    <read><delim>\x0a</delim><match><data>1\x29 csafublin\x0a</data></match></read>
    <read><delim>\x0a</delim><match><data>2\x29 mjnfm\x0a</data></match></read>
    <read><delim>\x0a</delim><match><data>3\x29 jwgdnlqaz\x0a</data></match></read>
    <read><delim>\x0a</delim><match><data>Player to delete \x281\x2d3\x29:\x0a</data></match></read>
    <write><data>3\x0a</data></write>
    <read><delim>\x0a</delim><match><data>\x0a</data></match></read>
    <read><delim>\x0a</delim><match><data>1\x29 Add Player\x0a</data></match></read>
    <read><delim>\x0a</delim><match><data>2\x29 Delete Player\x0a</data></match></read>
    <read><delim>\x0a</delim><match><data>3\x29 Play\x0a</data></match></read>
    <read><delim>\x0a</delim><match><data>4\x29 Statistics\x0a</data></match></read>
    <read><delim>\x0a</delim><match><data>0\x29 Exit\x0a</data></match></read>
    <write><data>2\x0a</data></write>
    <read><delim>\x0a</delim><match><data>1\x29 csafublin\x0a</data></match></read>
    <read><delim>\x0a</delim><match><data>2\x29 mjnfm\x0a</data></match></read>
    <read><delim>\x0a</delim><match><data>Player to delete \x281\x2d2\x29:\x0a</data></match></read>
    <write><data>1\x0a</data></write>
    <read><delim>\x0a</delim><match><data>\x0a</data></match></read>
    <read><delim>\x0a</delim><match><data>1\x29 Add Player\x0a</data></match></read>
    <read><delim>\x0a</delim><match><data>2\x29 Delete Player\x0a</data></match></read>
    <read><delim>\x0a</delim><match><data>3\x29 Play\x0a</data></match></read>
    <read><delim>\x0a</delim><match><data>4\x29 Statistics\x0a</data></match></read>
    <read><delim>\x0a</delim><match><data>0\x29 Exit\x0a</data></match></read>
    <write><data>1\x0a</data></write>
    <read><delim>\x0a</delim><match><data>Enter player name\x0a</data></match></read>
    <write><data>vezbqm\x0a</data></write>
    <read><delim>\x0a</delim><match><data>Computer player? \x28y\x2fn\x29\x0a</data></match></read>
    <write><data>n\x0a</data></write>
    <read><delim>\x0a</delim><match><data>Would you like to enable hints?\x0a</data></match></read>
    <write><data>n\x0a</data></write>
    <read><delim>\x0a</delim><match><data>\x0a</data></match></read>
    <read><delim>\x0a</delim><match><data>1\x29 Add Player\x0a</data></match></read>
    <read><delim>\x0a</delim><match><data>2\x29 Delete Player\x0a</data></match></read>
    <read><delim>\x0a</delim><match><data>3\x29 Play\x0a</data></match></read>
    <read><delim>\x0a</delim><match><data>4\x29 Statistics\x0a</data></match></read>
    <read><delim>\x0a</delim><match><data>0\x29 Exit\x0a</data></match></read>
    <write><data>3\x0a</data></write>
    <read><delim>\x0a</delim><match><data>Player: vezbqm\x0a</data></match></read>
    <read><delim>\x0a</delim><match><data>Place your bet \x281\x2d500\x29\x0a</data></match></read>
    <write><data>5\x0a</data></write>
    <read><delim>\x0a</delim><match><data>Player: mjnfm\x0a</data></match></read>
    <read><delim>\x0a</delim><match><data>Place your bet \x281\x2d495\x29\x0a</data></match></read>
    <read><delim>\x0a</delim><match><data>Dealer: 2 K \x2812\x29\x0a</data></match></read>
    <read><delim>\x0a</delim><match><data>vezbqm: J 2 \x2812\x29\x0a</data></match></read>
    <read><delim>\x0a</delim><match><data>mjnfm: 5 8 \x2813\x29\x0a</data></match></read>
    <read><delim>\x0a</delim><match><data>Player: vezbqm\x0a</data></match></read>
    <read><delim>\x0a</delim><match><data>J 2 \x2812\x29\x0a</data></match></read>
    <read><delim>\x0a</delim><match><data>Do you wish to H\x29it or S\x29tand\x0a</data></match></read>
    <write><data>H\x0a</data></write>
    <read><delim>\x0a</delim><match><data>vezbqm draws 4\x0a</data></match></read>
    <read><delim>\x0a</delim><match><data>J 2 4 \x2816\x29\x0a</data></match></read>
    <read><delim>\x0a</delim><match><data>Do you wish to H\x29it or S\x29tand\x0a</data></match></read>
    <write><data>S\x0a</data></write>
    <read><delim>\x0a</delim><match><data>Player: mjnfm\x0a</data></match></read>
    <read><delim>\x0a</delim><match><data>5 8 \x2813\x29\x0a</data></match></read>
    <read><delim>\x0a</delim><match><data>Do you wish to H\x29it or S\x29tand\x0a</data></match></read>
    <read><delim>\x0a</delim><match><data>mjnfm draws 7\x0a</data></match></read>
    <read><delim>\x0a</delim><match><data>5 8 7 \x2820\x29\x0a</data></match></read>
    <read><delim>\x0a</delim><match><data>Do you wish to H\x29it or S\x29tand\x0a</data></match></read>
    <read><delim>\x0a</delim><match><data>Dealer draws 2\x0a</data></match></read>
    <read><delim>\x0a</delim><match><data>Dealer draws A\x0a</data></match></read>
    <read><delim>\x0a</delim><match><data>Dealer draws 3\x0a</data></match></read>
    <read><delim>\x0a</delim><match><data>vezbqm: loses\x0a</data></match></read>
    <read><delim>\x0a</delim><match><data>mjnfm: wins!\x0a</data></match></read>
    <read><delim>\x0a</delim><match><data>\x0a</data></match></read>
    <read><delim>\x0a</delim><match><data>1\x29 Add Player\x0a</data></match></read>
    <read><delim>\x0a</delim><match><data>2\x29 Delete Player\x0a</data></match></read>
    <read><delim>\x0a</delim><match><data>3\x29 Play\x0a</data></match></read>
    <read><delim>\x0a</delim><match><data>4\x29 Statistics\x0a</data></match></read>
    <read><delim>\x0a</delim><match><data>0\x29 Exit\x0a</data></match></read>
    <write><data>2\x0a</data></write>
    <read><delim>\x0a</delim><match><data>1\x29 vezbqm\x0a</data></match></read>
    <read><delim>\x0a</delim><match><data>2\x29 mjnfm\x0a</data></match></read>
    <read><delim>\x0a</delim><match><data>Player to delete \x281\x2d2\x29:\x0a</data></match></read>
    <write><data>2\x0a</data></write>
    <read><delim>\x0a</delim><match><data>\x0a</data></match></read>
    <read><delim>\x0a</delim><match><data>1\x29 Add Player\x0a</data></match></read>
    <read><delim>\x0a</delim><match><data>2\x29 Delete Player\x0a</data></match></read>
    <read><delim>\x0a</delim><match><data>3\x29 Play\x0a</data></match></read>
    <read><delim>\x0a</delim><match><data>4\x29 Statistics\x0a</data></match></read>
    <read><delim>\x0a</delim><match><data>0\x29 Exit\x0a</data></match></read>
    <write><data>1\x0a</data></write>
    <read><delim>\x0a</delim><match><data>Enter player name\x0a</data></match></read>
    <write><data>pwjbuhfvx\x0a</data></write>
    <read><delim>\x0a</delim><match><data>Computer player? \x28y\x2fn\x29\x0a</data></match></read>
    <write><data>y\x0a</data></write>
    <read><delim>\x0a</delim><match><data>Method 1\x2d4:\x0a</data></match></read>
    <write><data>2\x0a</data></write>
    <read><delim>\x0a</delim><match><data>\x0a</data></match></read>
    <read><delim>\x0a</delim><match><data>1\x29 Add Player\x0a</data></match></read>
    <read><delim>\x0a</delim><match><data>2\x29 Delete Player\x0a</data></match></read>
    <read><delim>\x0a</delim><match><data>3\x29 Play\x0a</data></match></read>
    <read><delim>\x0a</delim><match><data>4\x29 Statistics\x0a</data></match></read>
    <read><delim>\x0a</delim><match><data>0\x29 Exit\x0a</data></match></read>
    <write><data>4\x0a</data></write>
    <read><delim>\x0a</delim><match><data>Player name: vezbqm\x0a</data></match></read>
    <read><delim>\x0a</delim><match><data>       Wins: 0\x0a</data></match></read>
    <read><delim>\x0a</delim><match><data>     Losses: 1\x0a</data></match></read>
    <read><delim>\x0a</delim><match><data>      Funds: 495\x0a</data></match></read>
    <read><delim>\x0a</delim><match><data>Player name: pwjbuhfvx\x0a</data></match></read>
    <read><delim>\x0a</delim><match><data>       Wins: 0\x0a</data></match></read>
    <read><delim>\x0a</delim><match><data>     Losses: 0\x0a</data></match></read>
    <read><delim>\x0a</delim><match><data>      Funds: 500\x0a</data></match></read>
    <read><delim>\x0a</delim><match><data>\x0a</data></match></read>
    <read><delim>\x0a</delim><match><data>1\x29 Add Player\x0a</data></match></read>
    <read><delim>\x0a</delim><match><data>2\x29 Delete Player\x0a</data></match></read>
    <read><delim>\x0a</delim><match><data>3\x29 Play\x0a</data></match></read>
    <read><delim>\x0a</delim><match><data>4\x29 Statistics\x0a</data></match></read>
    <read><delim>\x0a</delim><match><data>0\x29 Exit\x0a</data></match></read>
    <write><data>2\x0a</data></write>
    <read><delim>\x0a</delim><match><data>1\x29 vezbqm\x0a</data></match></read>
    <read><delim>\x0a</delim><match><data>2\x29 pwjbuhfvx\x0a</data></match></read>
    <read><delim>\x0a</delim><match><data>Player to delete \x281\x2d2\x29:\x0a</data></match></read>
    <write><data>3\x0a</data></write>
    <read><delim>\x0a</delim><match><data>\x0a</data></match></read>
    <read><delim>\x0a</delim><match><data>1\x29 Add Player\x0a</data></match></read>
    <read><delim>\x0a</delim><match><data>2\x29 Delete Player\x0a</data></match></read>
    <read><delim>\x0a</delim><match><data>3\x29 Play\x0a</data></match></read>
    <read><delim>\x0a</delim><match><data>4\x29 Statistics\x0a</data></match></read>
    <read><delim>\x0a</delim><match><data>0\x29 Exit\x0a</data></match></read>
    <write><data>2\x0a</data></write>
    <read><delim>\x0a</delim><match><data>1\x29 vezbqm\x0a</data></match></read>
    <read><delim>\x0a</delim><match><data>2\x29 pwjbuhfvx\x0a</data></match></read>
    <read><delim>\x0a</delim><match><data>Player to delete \x281\x2d2\x29:\x0a</data></match></read>
    <write><data>3\x0a</data></write>
    <read><delim>\x0a</delim><match><data>\x0a</data></match></read>
    <read><delim>\x0a</delim><match><data>1\x29 Add Player\x0a</data></match></read>
    <read><delim>\x0a</delim><match><data>2\x29 Delete Player\x0a</data></match></read>
    <read><delim>\x0a</delim><match><data>3\x29 Play\x0a</data></match></read>
    <read><delim>\x0a</delim><match><data>4\x29 Statistics\x0a</data></match></read>
    <read><delim>\x0a</delim><match><data>0\x29 Exit\x0a</data></match></read>
    <write><data>1\x0a</data></write>
    <read><delim>\x0a</delim><match><data>Enter player name\x0a</data></match></read>
    <write><data>dnbuppb\x0a</data></write>
    <read><delim>\x0a</delim><match><data>Computer player? \x28y\x2fn\x29\x0a</data></match></read>
    <write><data>n\x0a</data></write>
    <read><delim>\x0a</delim><match><data>Would you like to enable hints?\x0a</data></match></read>
    <write><data>y\x0a</data></write>
    <read><delim>\x0a</delim><match><data>Method 1\x2d4:\x0a</data></match></read>
    <write><data>1\x0a</data></write>
    <read><delim>\x0a</delim><match><data>\x0a</data></match></read>
    <read><delim>\x0a</delim><match><data>1\x29 Add Player\x0a</data></match></read>
    <read><delim>\x0a</delim><match><data>2\x29 Delete Player\x0a</data></match></read>
    <read><delim>\x0a</delim><match><data>3\x29 Play\x0a</data></match></read>
    <read><delim>\x0a</delim><match><data>4\x29 Statistics\x0a</data></match></read>
    <read><delim>\x0a</delim><match><data>0\x29 Exit\x0a</data></match></read>
    <write><data>4\x0a</data></write>
    <read><delim>\x0a</delim><match><data>Player name: vezbqm\x0a</data></match></read>
    <read><delim>\x0a</delim><match><data>       Wins: 0\x0a</data></match></read>
    <read><delim>\x0a</delim><match><data>     Losses: 1\x0a</data></match></read>
    <read><delim>\x0a</delim><match><data>      Funds: 495\x0a</data></match></read>
    <read><delim>\x0a</delim><match><data>Player name: pwjbuhfvx\x0a</data></match></read>
    <read><delim>\x0a</delim><match><data>       Wins: 0\x0a</data></match></read>
    <read><delim>\x0a</delim><match><data>     Losses: 0\x0a</data></match></read>
    <read><delim>\x0a</delim><match><data>      Funds: 500\x0a</data></match></read>
    <read><delim>\x0a</delim><match><data>Player name: dnbuppb\x0a</data></match></read>
    <read><delim>\x0a</delim><match><data>       Wins: 0\x0a</data></match></read>
    <read><delim>\x0a</delim><match><data>     Losses: 0\x0a</data></match></read>
    <read><delim>\x0a</delim><match><data>      Funds: 500\x0a</data></match></read>
    <read><delim>\x0a</delim><match><data>\x0a</data></match></read>
    <read><delim>\x0a</delim><match><data>1\x29 Add Player\x0a</data></match></read>
    <read><delim>\x0a</delim><match><data>2\x29 Delete Player\x0a</data></match></read>
    <read><delim>\x0a</delim><match><data>3\x29 Play\x0a</data></match></read>
    <read><delim>\x0a</delim><match><data>4\x29 Statistics\x0a</data></match></read>
    <read><delim>\x0a</delim><match><data>0\x29 Exit\x0a</data></match></read>
    <write><data>1\x0a</data></write>
    <read><delim>\x0a</delim><match><data>Enter player name\x0a</data></match></read>
    <write><data>hracuajwv\x0a</data></write>
    <read><delim>\x0a</delim><match><data>Computer player? \x28y\x2fn\x29\x0a</data></match></read>
    <write><data>n\x0a</data></write>
    <read><delim>\x0a</delim><match><data>Would you like to enable hints?\x0a</data></match></read>
    <write><data>n\x0a</data></write>
    <read><delim>\x0a</delim><match><data>\x0a</data></match></read>
    <read><delim>\x0a</delim><match><data>1\x29 Add Player\x0a</data></match></read>
    <read><delim>\x0a</delim><match><data>2\x29 Delete Player\x0a</data></match></read>
    <read><delim>\x0a</delim><match><data>3\x29 Play\x0a</data></match></read>
    <read><delim>\x0a</delim><match><data>4\x29 Statistics\x0a</data></match></read>
    <read><delim>\x0a</delim><match><data>0\x29 Exit\x0a</data></match></read>
    <write><data>4\x0a</data></write>
    <read><delim>\x0a</delim><match><data>Player name: vezbqm\x0a</data></match></read>
    <read><delim>\x0a</delim><match><data>       Wins: 0\x0a</data></match></read>
    <read><delim>\x0a</delim><match><data>     Losses: 1\x0a</data></match></read>
    <read><delim>\x0a</delim><match><data>      Funds: 495\x0a</data></match></read>
    <read><delim>\x0a</delim><match><data>Player name: pwjbuhfvx\x0a</data></match></read>
    <read><delim>\x0a</delim><match><data>       Wins: 0\x0a</data></match></read>
    <read><delim>\x0a</delim><match><data>     Losses: 0\x0a</data></match></read>
    <read><delim>\x0a</delim><match><data>      Funds: 500\x0a</data></match></read>
    <read><delim>\x0a</delim><match><data>Player name: dnbuppb\x0a</data></match></read>
    <read><delim>\x0a</delim><match><data>       Wins: 0\x0a</data></match></read>
    <read><delim>\x0a</delim><match><data>     Losses: 0\x0a</data></match></read>
    <read><delim>\x0a</delim><match><data>      Funds: 500\x0a</data></match></read>
    <read><delim>\x0a</delim><match><data>Player name: hracuajwv\x0a</data></match></read>
    <read><delim>\x0a</delim><match><data>       Wins: 0\x0a</data></match></read>
    <read><delim>\x0a</delim><match><data>     Losses: 0\x0a</data></match></read>
    <read><delim>\x0a</delim><match><data>      Funds: 500\x0a</data></match></read>
    <read><delim>\x0a</delim><match><data>\x0a</data></match></read>
    <read><delim>\x0a</delim><match><data>1\x29 Add Player\x0a</data></match></read>
    <read><delim>\x0a</delim><match><data>2\x29 Delete Player\x0a</data></match></read>
    <read><delim>\x0a</delim><match><data>3\x29 Play\x0a</data></match></read>
    <read><delim>\x0a</delim><match><data>4\x29 Statistics\x0a</data></match></read>
    <read><delim>\x0a</delim><match><data>0\x29 Exit\x0a</data></match></read>
    <write><data>1\x0a</data></write>
    <read><delim>\x0a</delim><match><data>Enter player name\x0a</data></match></read>
    <write><data>bhaqdhx\x0a</data></write>
    <read><delim>\x0a</delim><match><data>Computer player? \x28y\x2fn\x29\x0a</data></match></read>
    <write><data>y\x0a</data></write>
    <read><delim>\x0a</delim><match><data>Method 1\x2d4:\x0a</data></match></read>
    <write><data>4\x0a</data></write>
    <read><delim>\x0a</delim><match><data>\x0a</data></match></read>
    <read><delim>\x0a</delim><match><data>1\x29 Add Player\x0a</data></match></read>
    <read><delim>\x0a</delim><match><data>2\x29 Delete Player\x0a</data></match></read>
    <read><delim>\x0a</delim><match><data>3\x29 Play\x0a</data></match></read>
    <read><delim>\x0a</delim><match><data>4\x29 Statistics\x0a</data></match></read>
    <read><delim>\x0a</delim><match><data>0\x29 Exit\x0a</data></match></read>
    <write><data>3\x0a</data></write>
    <read><delim>\x0a</delim><match><data>Player: vezbqm\x0a</data></match></read>
    <read><delim>\x0a</delim><match><data>Place your bet \x281\x2d495\x29\x0a</data></match></read>
    <write><data>5\x0a</data></write>
    <read><delim>\x0a</delim><match><data>Player: pwjbuhfvx\x0a</data></match></read>
    <read><delim>\x0a</delim><match><data>Place your bet \x281\x2d500\x29\x0a</data></match></read>
    <read><delim>\x0a</delim><match><data>Player: dnbuppb\x0a</data></match></read>
    <read><delim>\x0a</delim><match><data>Place your bet \x281\x2d500\x29\x0a</data></match></read>
    <write><data>5\x0a</data></write>
    <read><delim>\x0a</delim><match><data>Player: hracuajwv\x0a</data></match></read>
    <read><delim>\x0a</delim><match><data>Place your bet \x281\x2d500\x29\x0a</data></match></read>
    <write><data>5\x0a</data></write>
    <read><delim>\x0a</delim><match><data>Player: bhaqdhx\x0a</data></match></read>
    <read><delim>\x0a</delim><match><data>Place your bet \x281\x2d500\x29\x0a</data></match></read>
    <read><delim>\x0a</delim><match><data>Dealer: 4 A \x2815\x29\x0a</data></match></read>
    <read><delim>\x0a</delim><match><data>vezbqm: 2 3 \x285\x29\x0a</data></match></read>
    <read><delim>\x0a</delim><match><data>pwjbuhfvx: 8 5 \x2813\x29\x0a</data></match></read>
    <read><delim>\x0a</delim><match><data>dnbuppb: 3 8 \x2811\x29\x0a</data></match></read>
    <read><delim>\x0a</delim><match><data>hracuajwv: 6 7 \x2813\x29\x0a</data></match></read>
    <read><delim>\x0a</delim><match><data>bhaqdhx: 6 Q \x2816\x29\x0a</data></match></read>
    <read><delim>\x0a</delim><match><data>Player: vezbqm\x0a</data></match></read>
    <read><delim>\x0a</delim><match><data>2 3 \x285\x29\x0a</data></match></read>
    <read><delim>\x0a</delim><match><data>Do you wish to H\x29it or S\x29tand\x0a</data></match></read>
    <write><data>H\x0a</data></write>
    <read><delim>\x0a</delim><match><data>vezbqm draws J\x0a</data></match></read>
    <read><delim>\x0a</delim><match><data>2 3 J \x2815\x29\x0a</data></match></read>
    <read><delim>\x0a</delim><match><data>Do you wish to H\x29it or S\x29tand\x0a</data></match></read>
    <write><data>S\x0a</data></write>
    <read><delim>\x0a</delim><match><data>Player: pwjbuhfvx\x0a</data></match></read>
    <read><delim>\x0a</delim><match><data>8 5 \x2813\x29\x0a</data></match></read>
    <read><delim>\x0a</delim><match><data>Do you wish to H\x29it or S\x29tand\x0a</data></match></read>
    <read><delim>\x0a</delim><match><data>Player: dnbuppb\x0a</data></match></read>
    <read><delim>\x0a</delim><match><data>3 8 \x2811\x29\x0a</data></match></read>
    <read><delim>\x0a</delim><match><data>Do you want a hint?</data></match></read>
    <write><data>y\x0a</data></write>
    <read><delim>\x0a</delim><match><data>You should Hit\x0a</data></match></read>
    <read><delim>\x0a</delim><match><data>Do you wish to H\x29it or S\x29tand\x0a</data></match></read>
    <write><data>H\x0a</data></write>
    <read><delim>\x0a</delim><match><data>dnbuppb draws 8\x0a</data></match></read>
    <read><delim>\x0a</delim><match><data>3 8 8 \x2819\x29\x0a</data></match></read>
    <read><delim>\x0a</delim><match><data>Do you want a hint?</data></match></read>
    <write><data>y\x0a</data></write>
    <read><delim>\x0a</delim><match><data>You should Stand\x0a</data></match></read>
    <read><delim>\x0a</delim><match><data>Do you wish to H\x29it or S\x29tand\x0a</data></match></read>
    <write><data>S\x0a</data></write>
    <read><delim>\x0a</delim><match><data>Player: hracuajwv\x0a</data></match></read>
    <read><delim>\x0a</delim><match><data>6 7 \x2813\x29\x0a</data></match></read>
    <read><delim>\x0a</delim><match><data>Do you wish to H\x29it or S\x29tand\x0a</data></match></read>
    <write><data>H\x0a</data></write>
    <read><delim>\x0a</delim><match><data>hracuajwv draws 9\x0a</data></match></read>
    <read><delim>\x0a</delim><match><data>Player: bhaqdhx\x0a</data></match></read>
    <read><delim>\x0a</delim><match><data>6 Q \x2816\x29\x0a</data></match></read>
    <read><delim>\x0a</delim><match><data>Do you wish to H\x29it or S\x29tand\x0a</data></match></read>
    <read><delim>\x0a</delim><match><data>Dealer draws J\x0a</data></match></read>
    <read><delim>\x0a</delim><match><data>Dealer draws 4\x0a</data></match></read>
    <read><delim>\x0a</delim><match><data>vezbqm: loses\x0a</data></match></read>
    <read><delim>\x0a</delim><match><data>pwjbuhfvx: loses\x0a</data></match></read>
    <read><delim>\x0a</delim><match><data>dnbuppb: pushes\x0a</data></match></read>
    <read><delim>\x0a</delim><match><data>hracuajwv: loses\x0a</data></match></read>
    <read><delim>\x0a</delim><match><data>bhaqdhx: loses\x0a</data></match></read>
    <read><delim>\x0a</delim><match><data>\x0a</data></match></read>
    <read><delim>\x0a</delim><match><data>1\x29 Add Player\x0a</data></match></read>
    <read><delim>\x0a</delim><match><data>2\x29 Delete Player\x0a</data></match></read>
    <read><delim>\x0a</delim><match><data>3\x29 Play\x0a</data></match></read>
    <read><delim>\x0a</delim><match><data>4\x29 Statistics\x0a</data></match></read>
    <read><delim>\x0a</delim><match><data>0\x29 Exit\x0a</data></match></read>
    <write><data>4\x0a</data></write>
    <read><delim>\x0a</delim><match><data>Player name: vezbqm\x0a</data></match></read>
    <read><delim>\x0a</delim><match><data>       Wins: 0\x0a</data></match></read>
    <read><delim>\x0a</delim><match><data>     Losses: 2\x0a</data></match></read>
    <read><delim>\x0a</delim><match><data>      Funds: 490\x0a</data></match></read>
    <read><delim>\x0a</delim><match><data>Player name: pwjbuhfvx\x0a</data></match></read>
    <read><delim>\x0a</delim><match><data>       Wins: 0\x0a</data></match></read>
    <read><delim>\x0a</delim><match><data>     Losses: 1\x0a</data></match></read>
    <read><delim>\x0a</delim><match><data>      Funds: 495\x0a</data></match></read>
    <read><delim>\x0a</delim><match><data>Player name: dnbuppb\x0a</data></match></read>
    <read><delim>\x0a</delim><match><data>       Wins: 0\x0a</data></match></read>
    <read><delim>\x0a</delim><match><data>     Losses: 0\x0a</data></match></read>
    <read><delim>\x0a</delim><match><data>      Funds: 500\x0a</data></match></read>
    <read><delim>\x0a</delim><match><data>Player name: hracuajwv\x0a</data></match></read>
    <read><delim>\x0a</delim><match><data>       Wins: 0\x0a</data></match></read>
    <read><delim>\x0a</delim><match><data>     Losses: 1\x0a</data></match></read>
    <read><delim>\x0a</delim><match><data>      Funds: 495\x0a</data></match></read>
    <read><delim>\x0a</delim><match><data>Player name: bhaqdhx\x0a</data></match></read>
    <read><delim>\x0a</delim><match><data>       Wins: 0\x0a</data></match></read>
    <read><delim>\x0a</delim><match><data>     Losses: 1\x0a</data></match></read>
    <read><delim>\x0a</delim><match><data>      Funds: 495\x0a</data></match></read>
    <read><delim>\x0a</delim><match><data>\x0a</data></match></read>
    <read><delim>\x0a</delim><match><data>1\x29 Add Player\x0a</data></match></read>
    <read><delim>\x0a</delim><match><data>2\x29 Delete Player\x0a</data></match></read>
    <read><delim>\x0a</delim><match><data>3\x29 Play\x0a</data></match></read>
    <read><delim>\x0a</delim><match><data>4\x29 Statistics\x0a</data></match></read>
    <read><delim>\x0a</delim><match><data>0\x29 Exit\x0a</data></match></read>
    <write><data>3\x0a</data></write>
    <read><delim>\x0a</delim><match><data>Player: vezbqm\x0a</data></match></read>
    <read><delim>\x0a</delim><match><data>Place your bet \x281\x2d490\x29\x0a</data></match></read>
    <write><data>5\x0a</data></write>
    <read><delim>\x0a</delim><match><data>Player: pwjbuhfvx\x0a</data></match></read>
    <read><delim>\x0a</delim><match><data>Place your bet \x281\x2d495\x29\x0a</data></match></read>
    <read><delim>\x0a</delim><match><data>Player: dnbuppb\x0a</data></match></read>
    <read><delim>\x0a</delim><match><data>Place your bet \x281\x2d500\x29\x0a</data></match></read>
    <write><data>5\x0a</data></write>
    <read><delim>\x0a</delim><match><data>Player: hracuajwv\x0a</data></match></read>
    <read><delim>\x0a</delim><match><data>Place your bet \x281\x2d495\x29\x0a</data></match></read>
    <write><data>5\x0a</data></write>
    <read><delim>\x0a</delim><match><data>Player: bhaqdhx\x0a</data></match></read>
    <read><delim>\x0a</delim><match><data>Place your bet \x281\x2d495\x29\x0a</data></match></read>
    <read><delim>\x0a</delim><match><data>Dealer: Q 9 \x2819\x29\x0a</data></match></read>
    <read><delim>\x0a</delim><match><data>vezbqm: 8 5 \x2813\x29\x0a</data></match></read>
    <read><delim>\x0a</delim><match><data>pwjbuhfvx: 9 3 \x2812\x29\x0a</data></match></read>
    <read><delim>\x0a</delim><match><data>dnbuppb: 6 10 \x2816\x29\x0a</data></match></read>
    <read><delim>\x0a</delim><match><data>hracuajwv: 6 8 \x2814\x29\x0a</data></match></read>
    <read><delim>\x0a</delim><match><data>bhaqdhx: 10 3 \x2813\x29\x0a</data></match></read>
    <read><delim>\x0a</delim><match><data>Player: vezbqm\x0a</data></match></read>
    <read><delim>\x0a</delim><match><data>8 5 \x2813\x29\x0a</data></match></read>
    <read><delim>\x0a</delim><match><data>Do you wish to H\x29it or S\x29tand\x0a</data></match></read>
    <write><data>H\x0a</data></write>
    <read><delim>\x0a</delim><match><data>vezbqm draws Q\x0a</data></match></read>
    <read><delim>\x0a</delim><match><data>Player: pwjbuhfvx\x0a</data></match></read>
    <read><delim>\x0a</delim><match><data>9 3 \x2812\x29\x0a</data></match></read>
    <read><delim>\x0a</delim><match><data>Do you wish to H\x29it or S\x29tand\x0a</data></match></read>
    <read><delim>\x0a</delim><match><data>pwjbuhfvx draws Q\x0a</data></match></read>
    <read><delim>\x0a</delim><match><data>Player: dnbuppb\x0a</data></match></read>
    <read><delim>\x0a</delim><match><data>6 10 \x2816\x29\x0a</data></match></read>
    <read><delim>\x0a</delim><match><data>Do you want a hint?</data></match></read>
    <write><data>y\x0a</data></write>
    <read><delim>\x0a</delim><match><data>You should Hit\x0a</data></match></read>
    <read><delim>\x0a</delim><match><data>Do you wish to H\x29it or S\x29tand\x0a</data></match></read>
    <write><data>S\x0a</data></write>
    <read><delim>\x0a</delim><match><data>Player: hracuajwv\x0a</data></match></read>
    <read><delim>\x0a</delim><match><data>6 8 \x2814\x29\x0a</data></match></read>
    <read><delim>\x0a</delim><match><data>Do you wish to H\x29it or S\x29tand\x0a</data></match></read>
    <write><data>H\x0a</data></write>
    <read><delim>\x0a</delim><match><data>hracuajwv draws K\x0a</data></match></read>
    <read><delim>\x0a</delim><match><data>Player: bhaqdhx\x0a</data></match></read>
    <read><delim>\x0a</delim><match><data>10 3 \x2813\x29\x0a</data></match></read>
    <read><delim>\x0a</delim><match><data>Do you wish to H\x29it or S\x29tand\x0a</data></match></read>
    <read><delim>\x0a</delim><match><data>vezbqm: loses\x0a</data></match></read>
    <read><delim>\x0a</delim><match><data>pwjbuhfvx: loses\x0a</data></match></read>
    <read><delim>\x0a</delim><match><data>dnbuppb: loses\x0a</data></match></read>
    <read><delim>\x0a</delim><match><data>hracuajwv: loses\x0a</data></match></read>
    <read><delim>\x0a</delim><match><data>bhaqdhx: loses\x0a</data></match></read>
    <read><delim>\x0a</delim><match><data>\x0a</data></match></read>
    <read><delim>\x0a</delim><match><data>1\x29 Add Player\x0a</data></match></read>
    <read><delim>\x0a</delim><match><data>2\x29 Delete Player\x0a</data></match></read>
    <read><delim>\x0a</delim><match><data>3\x29 Play\x0a</data></match></read>
    <read><delim>\x0a</delim><match><data>4\x29 Statistics\x0a</data></match></read>
    <read><delim>\x0a</delim><match><data>0\x29 Exit\x0a</data></match></read>
    <write><data>2\x0a</data></write>
    <read><delim>\x0a</delim><match><data>1\x29 vezbqm\x0a</data></match></read>
    <read><delim>\x0a</delim><match><data>2\x29 pwjbuhfvx\x0a</data></match></read>
    <read><delim>\x0a</delim><match><data>3\x29 dnbuppb\x0a</data></match></read>
    <read><delim>\x0a</delim><match><data>4\x29 hracuajwv\x0a</data></match></read>
    <read><delim>\x0a</delim><match><data>5\x29 bhaqdhx\x0a</data></match></read>
    <read><delim>\x0a</delim><match><data>Player to delete \x281\x2d5\x29:\x0a</data></match></read>
    <write><data>6\x0a</data></write>
    <read><delim>\x0a</delim><match><data>\x0a</data></match></read>
    <read><delim>\x0a</delim><match><data>1\x29 Add Player\x0a</data></match></read>
    <read><delim>\x0a</delim><match><data>2\x29 Delete Player\x0a</data></match></read>
    <read><delim>\x0a</delim><match><data>3\x29 Play\x0a</data></match></read>
    <read><delim>\x0a</delim><match><data>4\x29 Statistics\x0a</data></match></read>
    <read><delim>\x0a</delim><match><data>0\x29 Exit\x0a</data></match></read>
    <write><data>3\x0a</data></write>
    <read><delim>\x0a</delim><match><data>Player: vezbqm\x0a</data></match></read>
    <read><delim>\x0a</delim><match><data>Place your bet \x281\x2d485\x29\x0a</data></match></read>
    <write><data>5\x0a</data></write>
    <read><delim>\x0a</delim><match><data>Player: pwjbuhfvx\x0a</data></match></read>
    <read><delim>\x0a</delim><match><data>Place your bet \x281\x2d490\x29\x0a</data></match></read>
    <read><delim>\x0a</delim><match><data>Player: dnbuppb\x0a</data></match></read>
    <read><delim>\x0a</delim><match><data>Place your bet \x281\x2d495\x29\x0a</data></match></read>
    <write><data>5\x0a</data></write>
    <read><delim>\x0a</delim><match><data>Player: hracuajwv\x0a</data></match></read>
    <read><delim>\x0a</delim><match><data>Place your bet \x281\x2d490\x29\x0a</data></match></read>
    <write><data>5\x0a</data></write>
    <read><delim>\x0a</delim><match><data>Player: bhaqdhx\x0a</data></match></read>
    <read><delim>\x0a</delim><match><data>Place your bet \x281\x2d490\x29\x0a</data></match></read>
    <read><delim>\x0a</delim><match><data>Dealer: 10 6 \x2816\x29\x0a</data></match></read>
    <read><delim>\x0a</delim><match><data>vezbqm: 6 2 \x288\x29\x0a</data></match></read>
    <read><delim>\x0a</delim><match><data>pwjbuhfvx: 6 4 \x2810\x29\x0a</data></match></read>
    <read><delim>\x0a</delim><match><data>dnbuppb: 10 4 \x2814\x29\x0a</data></match></read>
    <read><delim>\x0a</delim><match><data>hracuajwv: A 2 \x2813\x29\x0a</data></match></read>
    <read><delim>\x0a</delim><match><data>bhaqdhx: Q 6 \x2816\x29\x0a</data></match></read>
    <read><delim>\x0a</delim><match><data>Player: vezbqm\x0a</data></match></read>
    <read><delim>\x0a</delim><match><data>6 2 \x288\x29\x0a</data></match></read>
    <read><delim>\x0a</delim><match><data>Do you wish to H\x29it or S\x29tand\x0a</data></match></read>
    <write><data>H\x0a</data></write>
    <read><delim>\x0a</delim><match><data>vezbqm draws 3\x0a</data></match></read>
    <read><delim>\x0a</delim><match><data>6 2 3 \x2811\x29\x0a</data></match></read>
    <read><delim>\x0a</delim><match><data>Do you wish to H\x29it or S\x29tand\x0a</data></match></read>
    <write><data>H\x0a</data></write>
    <read><delim>\x0a</delim><match><data>vezbqm draws 3\x0a</data></match></read>
    <read><delim>\x0a</delim><match><data>6 2 3 3 \x2814\x29\x0a</data></match></read>
    <read><delim>\x0a</delim><match><data>Do you wish to H\x29it or S\x29tand\x0a</data></match></read>
    <write><data>H\x0a</data></write>
    <read><delim>\x0a</delim><match><data>vezbqm draws Q\x0a</data></match></read>
    <read><delim>\x0a</delim><match><data>Player: pwjbuhfvx\x0a</data></match></read>
    <read><delim>\x0a</delim><match><data>6 4 \x2810\x29\x0a</data></match></read>
    <read><delim>\x0a</delim><match><data>Do you wish to H\x29it or S\x29tand\x0a</data></match></read>
    <read><delim>\x0a</delim><match><data>pwjbuhfvx draws 9\x0a</data></match></read>
    <read><delim>\x0a</delim><match><data>6 4 9 \x2819\x29\x0a</data></match></read>
    <read><delim>\x0a</delim><match><data>Do you wish to H\x29it or S\x29tand\x0a</data></match></read>
    <read><delim>\x0a</delim><match><data>Player: dnbuppb\x0a</data></match></read>
    <read><delim>\x0a</delim><match><data>10 4 \x2814\x29\x0a</data></match></read>
    <read><delim>\x0a</delim><match><data>Do you want a hint?</data></match></read>
    <write><data>y\x0a</data></write>
    <read><delim>\x0a</delim><match><data>You should Hit\x0a</data></match></read>
    <read><delim>\x0a</delim><match><data>Do you wish to H\x29it or S\x29tand\x0a</data></match></read>
    <write><data>H\x0a</data></write>
    <read><delim>\x0a</delim><match><data>dnbuppb draws 10\x0a</data></match></read>
    <read><delim>\x0a</delim><match><data>Player: hracuajwv\x0a</data></match></read>
    <read><delim>\x0a</delim><match><data>A 2 \x2813\x29\x0a</data></match></read>
    <read><delim>\x0a</delim><match><data>Do you wish to H\x29it or S\x29tand\x0a</data></match></read>
    <write><data>H\x0a</data></write>
    <read><delim>\x0a</delim><match><data>hracuajwv draws K\x0a</data></match></read>
    <read><delim>\x0a</delim><match><data>A 2 K \x2813\x29\x0a</data></match></read>
    <read><delim>\x0a</delim><match><data>Do you wish to H\x29it or S\x29tand\x0a</data></match></read>
    <write><data>H\x0a</data></write>
    <read><delim>\x0a</delim><match><data>hracuajwv draws 5\x0a</data></match></read>
    <read><delim>\x0a</delim><match><data>A 2 K 5 \x2818\x29\x0a</data></match></read>
    <read><delim>\x0a</delim><match><data>Do you wish to H\x29it or S\x29tand\x0a</data></match></read>
    <write><data>S\x0a</data></write>
    <read><delim>\x0a</delim><match><data>Player: bhaqdhx\x0a</data></match></read>
    <read><delim>\x0a</delim><match><data>Q 6 \x2816\x29\x0a</data></match></read>
    <read><delim>\x0a</delim><match><data>Do you wish to H\x29it or S\x29tand\x0a</data></match></read>
    <read><delim>\x0a</delim><match><data>Dealer draws J\x0a</data></match></read>
    <read><delim>\x0a</delim><match><data>vezbqm: loses\x0a</data></match></read>
    <read><delim>\x0a</delim><match><data>pwjbuhfvx: wins!\x0a</data></match></read>
    <read><delim>\x0a</delim><match><data>dnbuppb: loses\x0a</data></match></read>
    <read><delim>\x0a</delim><match><data>hracuajwv: wins!\x0a</data></match></read>
    <read><delim>\x0a</delim><match><data>bhaqdhx: wins!\x0a</data></match></read>
    <read><delim>\x0a</delim><match><data>\x0a</data></match></read>
    <read><delim>\x0a</delim><match><data>1\x29 Add Player\x0a</data></match></read>
    <read><delim>\x0a</delim><match><data>2\x29 Delete Player\x0a</data></match></read>
    <read><delim>\x0a</delim><match><data>3\x29 Play\x0a</data></match></read>
    <read><delim>\x0a</delim><match><data>4\x29 Statistics\x0a</data></match></read>
    <read><delim>\x0a</delim><match><data>0\x29 Exit\x0a</data></match></read>
    <write><data>4\x0a</data></write>
    <read><delim>\x0a</delim><match><data>Player name: vezbqm\x0a</data></match></read>
    <read><delim>\x0a</delim><match><data>       Wins: 0\x0a</data></match></read>
    <read><delim>\x0a</delim><match><data>     Losses: 4\x0a</data></match></read>
    <read><delim>\x0a</delim><match><data>      Funds: 480\x0a</data></match></read>
    <read><delim>\x0a</delim><match><data>Player name: pwjbuhfvx\x0a</data></match></read>
    <read><delim>\x0a</delim><match><data>       Wins: 1\x0a</data></match></read>
    <read><delim>\x0a</delim><match><data>     Losses: 2\x0a</data></match></read>
    <read><delim>\x0a</delim><match><data>      Funds: 495\x0a</data></match></read>
    <read><delim>\x0a</delim><match><data>Player name: dnbuppb\x0a</data></match></read>
    <read><delim>\x0a</delim><match><data>       Wins: 0\x0a</data></match></read>
    <read><delim>\x0a</delim><match><data>     Losses: 2\x0a</data></match></read>
    <read><delim>\x0a</delim><match><data>      Funds: 490\x0a</data></match></read>
    <read><delim>\x0a</delim><match><data>Player name: hracuajwv\x0a</data></match></read>
    <read><delim>\x0a</delim><match><data>       Wins: 1\x0a</data></match></read>
    <read><delim>\x0a</delim><match><data>     Losses: 2\x0a</data></match></read>
    <read><delim>\x0a</delim><match><data>      Funds: 495\x0a</data></match></read>
    <read><delim>\x0a</delim><match><data>Player name: bhaqdhx\x0a</data></match></read>
    <read><delim>\x0a</delim><match><data>       Wins: 1\x0a</data></match></read>
    <read><delim>\x0a</delim><match><data>     Losses: 2\x0a</data></match></read>
    <read><delim>\x0a</delim><match><data>      Funds: 495\x0a</data></match></read>
    <read><delim>\x0a</delim><match><data>\x0a</data></match></read>
    <read><delim>\x0a</delim><match><data>1\x29 Add Player\x0a</data></match></read>
    <read><delim>\x0a</delim><match><data>2\x29 Delete Player\x0a</data></match></read>
    <read><delim>\x0a</delim><match><data>3\x29 Play\x0a</data></match></read>
    <read><delim>\x0a</delim><match><data>4\x29 Statistics\x0a</data></match></read>
    <read><delim>\x0a</delim><match><data>0\x29 Exit\x0a</data></match></read>
    <write><data>4\x0a</data></write>
    <read><delim>\x0a</delim><match><data>Player name: vezbqm\x0a</data></match></read>
    <read><delim>\x0a</delim><match><data>       Wins: 0\x0a</data></match></read>
    <read><delim>\x0a</delim><match><data>     Losses: 4\x0a</data></match></read>
    <read><delim>\x0a</delim><match><data>      Funds: 480\x0a</data></match></read>
    <read><delim>\x0a</delim><match><data>Player name: pwjbuhfvx\x0a</data></match></read>
    <read><delim>\x0a</delim><match><data>       Wins: 1\x0a</data></match></read>
    <read><delim>\x0a</delim><match><data>     Losses: 2\x0a</data></match></read>
    <read><delim>\x0a</delim><match><data>      Funds: 495\x0a</data></match></read>
    <read><delim>\x0a</delim><match><data>Player name: dnbuppb\x0a</data></match></read>
    <read><delim>\x0a</delim><match><data>       Wins: 0\x0a</data></match></read>
    <read><delim>\x0a</delim><match><data>     Losses: 2\x0a</data></match></read>
    <read><delim>\x0a</delim><match><data>      Funds: 490\x0a</data></match></read>
    <read><delim>\x0a</delim><match><data>Player name: hracuajwv\x0a</data></match></read>
    <read><delim>\x0a</delim><match><data>       Wins: 1\x0a</data></match></read>
    <read><delim>\x0a</delim><match><data>     Losses: 2\x0a</data></match></read>
    <read><delim>\x0a</delim><match><data>      Funds: 495\x0a</data></match></read>
    <read><delim>\x0a</delim><match><data>Player name: bhaqdhx\x0a</data></match></read>
    <read><delim>\x0a</delim><match><data>       Wins: 1\x0a</data></match></read>
    <read><delim>\x0a</delim><match><data>     Losses: 2\x0a</data></match></read>
    <read><delim>\x0a</delim><match><data>      Funds: 495\x0a</data></match></read>
    <read><delim>\x0a</delim><match><data>\x0a</data></match></read>
    <read><delim>\x0a</delim><match><data>1\x29 Add Player\x0a</data></match></read>
    <read><delim>\x0a</delim><match><data>2\x29 Delete Player\x0a</data></match></read>
    <read><delim>\x0a</delim><match><data>3\x29 Play\x0a</data></match></read>
    <read><delim>\x0a</delim><match><data>4\x29 Statistics\x0a</data></match></read>
    <read><delim>\x0a</delim><match><data>0\x29 Exit\x0a</data></match></read>
    <write><data>2\x0a</data></write>
    <read><delim>\x0a</delim><match><data>1\x29 vezbqm\x0a</data></match></read>
    <read><delim>\x0a</delim><match><data>2\x29 pwjbuhfvx\x0a</data></match></read>
    <read><delim>\x0a</delim><match><data>3\x29 dnbuppb\x0a</data></match></read>
    <read><delim>\x0a</delim><match><data>4\x29 hracuajwv\x0a</data></match></read>
    <read><delim>\x0a</delim><match><data>5\x29 bhaqdhx\x0a</data></match></read>
    <read><delim>\x0a</delim><match><data>Player to delete \x281\x2d5\x29:\x0a</data></match></read>
    <write><data>6\x0a</data></write>
    <read><delim>\x0a</delim><match><data>\x0a</data></match></read>
    <read><delim>\x0a</delim><match><data>1\x29 Add Player\x0a</data></match></read>
    <read><delim>\x0a</delim><match><data>2\x29 Delete Player\x0a</data></match></read>
    <read><delim>\x0a</delim><match><data>3\x29 Play\x0a</data></match></read>
    <read><delim>\x0a</delim><match><data>4\x29 Statistics\x0a</data></match></read>
    <read><delim>\x0a</delim><match><data>0\x29 Exit\x0a</data></match></read>
    <write><data>4\x0a</data></write>
    <read><delim>\x0a</delim><match><data>Player name: vezbqm\x0a</data></match></read>
    <read><delim>\x0a</delim><match><data>       Wins: 0\x0a</data></match></read>
    <read><delim>\x0a</delim><match><data>     Losses: 4\x0a</data></match></read>
    <read><delim>\x0a</delim><match><data>      Funds: 480\x0a</data></match></read>
    <read><delim>\x0a</delim><match><data>Player name: pwjbuhfvx\x0a</data></match></read>
    <read><delim>\x0a</delim><match><data>       Wins: 1\x0a</data></match></read>
    <read><delim>\x0a</delim><match><data>     Losses: 2\x0a</data></match></read>
    <read><delim>\x0a</delim><match><data>      Funds: 495\x0a</data></match></read>
    <read><delim>\x0a</delim><match><data>Player name: dnbuppb\x0a</data></match></read>
    <read><delim>\x0a</delim><match><data>       Wins: 0\x0a</data></match></read>
    <read><delim>\x0a</delim><match><data>     Losses: 2\x0a</data></match></read>
    <read><delim>\x0a</delim><match><data>      Funds: 490\x0a</data></match></read>
    <read><delim>\x0a</delim><match><data>Player name: hracuajwv\x0a</data></match></read>
    <read><delim>\x0a</delim><match><data>       Wins: 1\x0a</data></match></read>
    <read><delim>\x0a</delim><match><data>     Losses: 2\x0a</data></match></read>
    <read><delim>\x0a</delim><match><data>      Funds: 495\x0a</data></match></read>
    <read><delim>\x0a</delim><match><data>Player name: bhaqdhx\x0a</data></match></read>
    <read><delim>\x0a</delim><match><data>       Wins: 1\x0a</data></match></read>
    <read><delim>\x0a</delim><match><data>     Losses: 2\x0a</data></match></read>
    <read><delim>\x0a</delim><match><data>      Funds: 495\x0a</data></match></read>
    <read><delim>\x0a</delim><match><data>\x0a</data></match></read>
    <read><delim>\x0a</delim><match><data>1\x29 Add Player\x0a</data></match></read>
    <read><delim>\x0a</delim><match><data>2\x29 Delete Player\x0a</data></match></read>
    <read><delim>\x0a</delim><match><data>3\x29 Play\x0a</data></match></read>
    <read><delim>\x0a</delim><match><data>4\x29 Statistics\x0a</data></match></read>
    <read><delim>\x0a</delim><match><data>0\x29 Exit\x0a</data></match></read>
    <write><data>3\x0a</data></write>
    <read><delim>\x0a</delim><match><data>Player: vezbqm\x0a</data></match></read>
    <read><delim>\x0a</delim><match><data>Place your bet \x281\x2d480\x29\x0a</data></match></read>
    <write><data>5\x0a</data></write>
    <read><delim>\x0a</delim><match><data>Player: pwjbuhfvx\x0a</data></match></read>
    <read><delim>\x0a</delim><match><data>Place your bet \x281\x2d495\x29\x0a</data></match></read>
    <read><delim>\x0a</delim><match><data>Player: dnbuppb\x0a</data></match></read>
    <read><delim>\x0a</delim><match><data>Place your bet \x281\x2d490\x29\x0a</data></match></read>
    <write><data>5\x0a</data></write>
    <read><delim>\x0a</delim><match><data>Player: hracuajwv\x0a</data></match></read>
    <read><delim>\x0a</delim><match><data>Place your bet \x281\x2d495\x29\x0a</data></match></read>
    <write><data>5\x0a</data></write>
    <read><delim>\x0a</delim><match><data>Player: bhaqdhx\x0a</data></match></read>
    <read><delim>\x0a</delim><match><data>Place your bet \x281\x2d495\x29\x0a</data></match></read>
    <read><delim>\x0a</delim><match><data>Dealer: 2 7 \x289\x29\x0a</data></match></read>
    <read><delim>\x0a</delim><match><data>vezbqm: 2 6 \x288\x29\x0a</data></match></read>
    <read><delim>\x0a</delim><match><data>pwjbuhfvx: 9 A \x2820\x29\x0a</data></match></read>
    <read><delim>\x0a</delim><match><data>dnbuppb: 9 8 \x2817\x29\x0a</data></match></read>
    <read><delim>\x0a</delim><match><data>hracuajwv: K 10 \x2820\x29\x0a</data></match></read>
    <read><delim>\x0a</delim><match><data>bhaqdhx: 2 K \x2812\x29\x0a</data></match></read>
    <read><delim>\x0a</delim><match><data>Player: vezbqm\x0a</data></match></read>
    <read><delim>\x0a</delim><match><data>2 6 \x288\x29\x0a</data></match></read>
    <read><delim>\x0a</delim><match><data>Do you wish to H\x29it or S\x29tand\x0a</data></match></read>
    <write><data>H\x0a</data></write>
    <read><delim>\x0a</delim><match><data>vezbqm draws 6\x0a</data></match></read>
    <read><delim>\x0a</delim><match><data>2 6 6 \x2814\x29\x0a</data></match></read>
    <read><delim>\x0a</delim><match><data>Do you wish to H\x29it or S\x29tand\x0a</data></match></read>
    <write><data>H\x0a</data></write>
    <read><delim>\x0a</delim><match><data>vezbqm draws 8\x0a</data></match></read>
    <read><delim>\x0a</delim><match><data>Player: pwjbuhfvx\x0a</data></match></read>
    <read><delim>\x0a</delim><match><data>9 A \x2820\x29\x0a</data></match></read>
    <read><delim>\x0a</delim><match><data>Do you wish to H\x29it or S\x29tand\x0a</data></match></read>
    <read><delim>\x0a</delim><match><data>Player: dnbuppb\x0a</data></match></read>
    <read><delim>\x0a</delim><match><data>9 8 \x2817\x29\x0a</data></match></read>
    <read><delim>\x0a</delim><match><data>Do you want a hint?</data></match></read>
    <write><data>y\x0a</data></write>
    <read><delim>\x0a</delim><match><data>You should Stand\x0a</data></match></read>
    <read><delim>\x0a</delim><match><data>Do you wish to H\x29it or S\x29tand\x0a</data></match></read>
    <write><data>S\x0a</data></write>
    <read><delim>\x0a</delim><match><data>Player: hracuajwv\x0a</data></match></read>
    <read><delim>\x0a</delim><match><data>K 10 \x2820\x29\x0a</data></match></read>
    <read><delim>\x0a</delim><match><data>Do you wish to H\x29it or S\x29tand\x0a</data></match></read>
    <write><data>S\x0a</data></write>
    <read><delim>\x0a</delim><match><data>Player: bhaqdhx\x0a</data></match></read>
    <read><delim>\x0a</delim><match><data>2 K \x2812\x29\x0a</data></match></read>
    <read><delim>\x0a</delim><match><data>Do you wish to H\x29it or S\x29tand\x0a</data></match></read>
    <read><delim>\x0a</delim><match><data>Dealer draws 9\x0a</data></match></read>
    <read><delim>\x0a</delim><match><data>vezbqm: loses\x0a</data></match></read>
    <read><delim>\x0a</delim><match><data>pwjbuhfvx: wins!\x0a</data></match></read>
    <read><delim>\x0a</delim><match><data>dnbuppb: loses\x0a</data></match></read>
    <read><delim>\x0a</delim><match><data>hracuajwv: wins!\x0a</data></match></read>
    <read><delim>\x0a</delim><match><data>bhaqdhx: loses\x0a</data></match></read>
    <read><delim>\x0a</delim><match><data>\x0a</data></match></read>
    <read><delim>\x0a</delim><match><data>1\x29 Add Player\x0a</data></match></read>
    <read><delim>\x0a</delim><match><data>2\x29 Delete Player\x0a</data></match></read>
    <read><delim>\x0a</delim><match><data>3\x29 Play\x0a</data></match></read>
    <read><delim>\x0a</delim><match><data>4\x29 Statistics\x0a</data></match></read>
    <read><delim>\x0a</delim><match><data>0\x29 Exit\x0a</data></match></read>
    <write><data>3\x0a</data></write>
    <read><delim>\x0a</delim><match><data>Player: vezbqm\x0a</data></match></read>
    <read><delim>\x0a</delim><match><data>Place your bet \x281\x2d475\x29\x0a</data></match></read>
    <write><data>5\x0a</data></write>
    <read><delim>\x0a</delim><match><data>Player: pwjbuhfvx\x0a</data></match></read>
    <read><delim>\x0a</delim><match><data>Place your bet \x281\x2d500\x29\x0a</data></match></read>
    <read><delim>\x0a</delim><match><data>Player: dnbuppb\x0a</data></match></read>
    <read><delim>\x0a</delim><match><data>Place your bet \x281\x2d485\x29\x0a</data></match></read>
    <write><data>5\x0a</data></write>
    <read><delim>\x0a</delim><match><data>Player: hracuajwv\x0a</data></match></read>
    <read><delim>\x0a</delim><match><data>Place your bet \x281\x2d500\x29\x0a</data></match></read>
    <write><data>5\x0a</data></write>
    <read><delim>\x0a</delim><match><data>Player: bhaqdhx\x0a</data></match></read>
    <read><delim>\x0a</delim><match><data>Place your bet \x281\x2d490\x29\x0a</data></match></read>
    <read><delim>\x0a</delim><match><data>Dealer: 6 5 \x2811\x29\x0a</data></match></read>
    <read><delim>\x0a</delim><match><data>vezbqm: 4 2 \x286\x29\x0a</data></match></read>
    <read><delim>\x0a</delim><match><data>pwjbuhfvx: A 10 \x2821\x29\x0a</data></match></read>
    <read><delim>\x0a</delim><match><data>dnbuppb: 9 A \x2820\x29\x0a</data></match></read>
    <read><delim>\x0a</delim><match><data>hracuajwv: 6 10 \x2816\x29\x0a</data></match></read>
    <read><delim>\x0a</delim><match><data>bhaqdhx: 3 3 \x286\x29\x0a</data></match></read>
    <read><delim>\x0a</delim><match><data>Player: vezbqm\x0a</data></match></read>
    <read><delim>\x0a</delim><match><data>4 2 \x286\x29\x0a</data></match></read>
    <read><delim>\x0a</delim><match><data>Do you wish to H\x29it or S\x29tand\x0a</data></match></read>
    <write><data>H\x0a</data></write>
    <read><delim>\x0a</delim><match><data>vezbqm draws 3\x0a</data></match></read>
    <read><delim>\x0a</delim><match><data>4 2 3 \x289\x29\x0a</data></match></read>
    <read><delim>\x0a</delim><match><data>Do you wish to H\x29it or S\x29tand\x0a</data></match></read>
    <write><data>H\x0a</data></write>
    <read><delim>\x0a</delim><match><data>vezbqm draws K\x0a</data></match></read>
    <read><delim>\x0a</delim><match><data>4 2 3 K \x2819\x29\x0a</data></match></read>
    <read><delim>\x0a</delim><match><data>Do you wish to H\x29it or S\x29tand\x0a</data></match></read>
    <write><data>S\x0a</data></write>
    <read><delim>\x0a</delim><match><data>Player: pwjbuhfvx\x0a</data></match></read>
    <read><delim>\x0a</delim><match><data>A 10 \x2821\x29\x0a</data></match></read>
    <read><delim>\x0a</delim><match><data>Do you wish to H\x29it or S\x29tand\x0a</data></match></read>
    <read><delim>\x0a</delim><match><data>Player: dnbuppb\x0a</data></match></read>
    <read><delim>\x0a</delim><match><data>9 A \x2820\x29\x0a</data></match></read>
    <read><delim>\x0a</delim><match><data>Do you want a hint?</data></match></read>
    <write><data>n\x0a</data></write>
    <read><delim>\x0a</delim><match><data>Do you wish to H\x29it or S\x29tand\x0a</data></match></read>
    <write><data>S\x0a</data></write>
    <read><delim>\x0a</delim><match><data>Player: hracuajwv\x0a</data></match></read>
    <read><delim>\x0a</delim><match><data>6 10 \x2816\x29\x0a</data></match></read>
    <read><delim>\x0a</delim><match><data>Do you wish to H\x29it or S\x29tand\x0a</data></match></read>
    <write><data>S\x0a</data></write>
    <read><delim>\x0a</delim><match><data>Player: bhaqdhx\x0a</data></match></read>
    <read><delim>\x0a</delim><match><data>3 3 \x286\x29\x0a</data></match></read>
    <read><delim>\x0a</delim><match><data>Do you wish to H\x29it or S\x29tand\x0a</data></match></read>
    <read><delim>\x0a</delim><match><data>bhaqdhx draws 6\x0a</data></match></read>
    <read><delim>\x0a</delim><match><data>3 3 6 \x2812\x29\x0a</data></match></read>
    <read><delim>\x0a</delim><match><data>Do you wish to H\x29it or S\x29tand\x0a</data></match></read>
    <read><delim>\x0a</delim><match><data>Dealer draws K\x0a</data></match></read>
    <read><delim>\x0a</delim><match><data>vezbqm: loses\x0a</data></match></read>
    <read><delim>\x0a</delim><match><data>pwjbuhfvx: pushes\x0a</data></match></read>
    <read><delim>\x0a</delim><match><data>dnbuppb: loses\x0a</data></match></read>
    <read><delim>\x0a</delim><match><data>hracuajwv: loses\x0a</data></match></read>
    <read><delim>\x0a</delim><match><data>bhaqdhx: loses\x0a</data></match></read>
    <read><delim>\x0a</delim><match><data>\x0a</data></match></read>
    <read><delim>\x0a</delim><match><data>1\x29 Add Player\x0a</data></match></read>
    <read><delim>\x0a</delim><match><data>2\x29 Delete Player\x0a</data></match></read>
    <read><delim>\x0a</delim><match><data>3\x29 Play\x0a</data></match></read>
    <read><delim>\x0a</delim><match><data>4\x29 Statistics\x0a</data></match></read>
    <read><delim>\x0a</delim><match><data>0\x29 Exit\x0a</data></match></read>
    <write><data>3\x0a</data></write>
    <read><delim>\x0a</delim><match><data>Player: vezbqm\x0a</data></match></read>
    <read><delim>\x0a</delim><match><data>Place your bet \x281\x2d470\x29\x0a</data></match></read>
    <write><data>5\x0a</data></write>
    <read><delim>\x0a</delim><match><data>Player: pwjbuhfvx\x0a</data></match></read>
    <read><delim>\x0a</delim><match><data>Place your bet \x281\x2d500\x29\x0a</data></match></read>
    <read><delim>\x0a</delim><match><data>Player: dnbuppb\x0a</data></match></read>
    <read><delim>\x0a</delim><match><data>Place your bet \x281\x2d480\x29\x0a</data></match></read>
    <write><data>5\x0a</data></write>
    <read><delim>\x0a</delim><match><data>Player: hracuajwv\x0a</data></match></read>
    <read><delim>\x0a</delim><match><data>Place your bet \x281\x2d495\x29\x0a</data></match></read>
    <write><data>5\x0a</data></write>
    <read><delim>\x0a</delim><match><data>Player: bhaqdhx\x0a</data></match></read>
    <read><delim>\x0a</delim><match><data>Place your bet \x281\x2d485\x29\x0a</data></match></read>
    <read><delim>\x0a</delim><match><data>Dealer: 5 10 \x2815\x29\x0a</data></match></read>
    <read><delim>\x0a</delim><match><data>vezbqm: 8 2 \x2810\x29\x0a</data></match></read>
    <read><delim>\x0a</delim><match><data>pwjbuhfvx: Q Q \x2820\x29\x0a</data></match></read>
    <read><delim>\x0a</delim><match><data>dnbuppb: 4 J \x2814\x29\x0a</data></match></read>
    <read><delim>\x0a</delim><match><data>hracuajwv: 7 10 \x2817\x29\x0a</data></match></read>
    <read><delim>\x0a</delim><match><data>bhaqdhx: 9 3 \x2812\x29\x0a</data></match></read>
    <read><delim>\x0a</delim><match><data>Player: vezbqm\x0a</data></match></read>
    <read><delim>\x0a</delim><match><data>8 2 \x2810\x29\x0a</data></match></read>
    <read><delim>\x0a</delim><match><data>Do you wish to H\x29it or S\x29tand\x0a</data></match></read>
    <write><data>H\x0a</data></write>
    <read><delim>\x0a</delim><match><data>vezbqm draws 10\x0a</data></match></read>
    <read><delim>\x0a</delim><match><data>8 2 10 \x2820\x29\x0a</data></match></read>
    <read><delim>\x0a</delim><match><data>Do you wish to H\x29it or S\x29tand\x0a</data></match></read>
    <write><data>S\x0a</data></write>
    <read><delim>\x0a</delim><match><data>Player: pwjbuhfvx\x0a</data></match></read>
    <read><delim>\x0a</delim><match><data>Q Q \x2820\x29\x0a</data></match></read>
    <read><delim>\x0a</delim><match><data>Do you wish to H\x29it or S\x29tand\x0a</data></match></read>
    <read><delim>\x0a</delim><match><data>Player: dnbuppb\x0a</data></match></read>
    <read><delim>\x0a</delim><match><data>4 J \x2814\x29\x0a</data></match></read>
    <read><delim>\x0a</delim><match><data>Do you want a hint?</data></match></read>
    <write><data>y\x0a</data></write>
    <read><delim>\x0a</delim><match><data>You should Hit\x0a</data></match></read>
    <read><delim>\x0a</delim><match><data>Do you wish to H\x29it or S\x29tand\x0a</data></match></read>
    <write><data>H\x0a</data></write>
    <read><delim>\x0a</delim><match><data>dnbuppb draws 6\x0a</data></match></read>
    <read><delim>\x0a</delim><match><data>4 J 6 \x2820\x29\x0a</data></match></read>
    <read><delim>\x0a</delim><match><data>Do you want a hint?</data></match></read>
    <write><data>n\x0a</data></write>
    <read><delim>\x0a</delim><match><data>Do you wish to H\x29it or S\x29tand\x0a</data></match></read>
    <write><data>S\x0a</data></write>
    <read><delim>\x0a</delim><match><data>Player: hracuajwv\x0a</data></match></read>
    <read><delim>\x0a</delim><match><data>7 10 \x2817\x29\x0a</data></match></read>
    <read><delim>\x0a</delim><match><data>Do you wish to H\x29it or S\x29tand\x0a</data></match></read>
    <write><data>S\x0a</data></write>
    <read><delim>\x0a</delim><match><data>Player: bhaqdhx\x0a</data></match></read>
    <read><delim>\x0a</delim><match><data>9 3 \x2812\x29\x0a</data></match></read>
    <read><delim>\x0a</delim><match><data>Do you wish to H\x29it or S\x29tand\x0a</data></match></read>
    <read><delim>\x0a</delim><match><data>Dealer draws 7\x0a</data></match></read>
    <read><delim>\x0a</delim><match><data>vezbqm: wins!\x0a</data></match></read>
    <read><delim>\x0a</delim><match><data>pwjbuhfvx: wins!\x0a</data></match></read>
    <read><delim>\x0a</delim><match><data>dnbuppb: wins!\x0a</data></match></read>
    <read><delim>\x0a</delim><match><data>hracuajwv: wins!\x0a</data></match></read>
    <read><delim>\x0a</delim><match><data>bhaqdhx: wins!\x0a</data></match></read>
    <read><delim>\x0a</delim><match><data>\x0a</data></match></read>
    <read><delim>\x0a</delim><match><data>1\x29 Add Player\x0a</data></match></read>
    <read><delim>\x0a</delim><match><data>2\x29 Delete Player\x0a</data></match></read>
    <read><delim>\x0a</delim><match><data>3\x29 Play\x0a</data></match></read>
    <read><delim>\x0a</delim><match><data>4\x29 Statistics\x0a</data></match></read>
    <read><delim>\x0a</delim><match><data>0\x29 Exit\x0a</data></match></read>
    <write><data>2\x0a</data></write>
    <read><delim>\x0a</delim><match><data>1\x29 vezbqm\x0a</data></match></read>
    <read><delim>\x0a</delim><match><data>2\x29 pwjbuhfvx\x0a</data></match></read>
    <read><delim>\x0a</delim><match><data>3\x29 dnbuppb\x0a</data></match></read>
    <read><delim>\x0a</delim><match><data>4\x29 hracuajwv\x0a</data></match></read>
    <read><delim>\x0a</delim><match><data>5\x29 bhaqdhx\x0a</data></match></read>
    <read><delim>\x0a</delim><match><data>Player to delete \x281\x2d5\x29:\x0a</data></match></read>
    <write><data>5\x0a</data></write>
    <read><delim>\x0a</delim><match><data>\x0a</data></match></read>
    <read><delim>\x0a</delim><match><data>1\x29 Add Player\x0a</data></match></read>
    <read><delim>\x0a</delim><match><data>2\x29 Delete Player\x0a</data></match></read>
    <read><delim>\x0a</delim><match><data>3\x29 Play\x0a</data></match></read>
    <read><delim>\x0a</delim><match><data>4\x29 Statistics\x0a</data></match></read>
    <read><delim>\x0a</delim><match><data>0\x29 Exit\x0a</data></match></read>
    <write><data>2\x0a</data></write>
    <read><delim>\x0a</delim><match><data>1\x29 vezbqm\x0a</data></match></read>
    <read><delim>\x0a</delim><match><data>2\x29 pwjbuhfvx\x0a</data></match></read>
    <read><delim>\x0a</delim><match><data>3\x29 dnbuppb\x0a</data></match></read>
    <read><delim>\x0a</delim><match><data>4\x29 hracuajwv\x0a</data></match></read>
    <read><delim>\x0a</delim><match><data>Player to delete \x281\x2d4\x29:\x0a</data></match></read>
    <write><data>3\x0a</data></write>
    <read><delim>\x0a</delim><match><data>\x0a</data></match></read>
    <read><delim>\x0a</delim><match><data>1\x29 Add Player\x0a</data></match></read>
    <read><delim>\x0a</delim><match><data>2\x29 Delete Player\x0a</data></match></read>
    <read><delim>\x0a</delim><match><data>3\x29 Play\x0a</data></match></read>
    <read><delim>\x0a</delim><match><data>4\x29 Statistics\x0a</data></match></read>
    <read><delim>\x0a</delim><match><data>0\x29 Exit\x0a</data></match></read>
    <write><data>1\x0a</data></write>
    <read><delim>\x0a</delim><match><data>Enter player name\x0a</data></match></read>
    <write><data>ifcizcgxia\x0a</data></write>
    <read><delim>\x0a</delim><match><data>Computer player? \x28y\x2fn\x29\x0a</data></match></read>
    <write><data>y\x0a</data></write>
    <read><delim>\x0a</delim><match><data>Method 1\x2d4:\x0a</data></match></read>
    <write><data>1\x0a</data></write>
    <read><delim>\x0a</delim><match><data>\x0a</data></match></read>
    <read><delim>\x0a</delim><match><data>1\x29 Add Player\x0a</data></match></read>
    <read><delim>\x0a</delim><match><data>2\x29 Delete Player\x0a</data></match></read>
    <read><delim>\x0a</delim><match><data>3\x29 Play\x0a</data></match></read>
    <read><delim>\x0a</delim><match><data>4\x29 Statistics\x0a</data></match></read>
    <read><delim>\x0a</delim><match><data>0\x29 Exit\x0a</data></match></read>
    <write><data>2\x0a</data></write>
    <read><delim>\x0a</delim><match><data>1\x29 vezbqm\x0a</data></match></read>
    <read><delim>\x0a</delim><match><data>2\x29 pwjbuhfvx\x0a</data></match></read>
    <read><delim>\x0a</delim><match><data>3\x29 ifcizcgxia\x0a</data></match></read>
    <read><delim>\x0a</delim><match><data>4\x29 hracuajwv\x0a</data></match></read>
    <read><delim>\x0a</delim><match><data>Player to delete \x281\x2d4\x29:\x0a</data></match></read>
    <write><data>3\x0a</data></write>
    <read><delim>\x0a</delim><match><data>\x0a</data></match></read>
    <read><delim>\x0a</delim><match><data>1\x29 Add Player\x0a</data></match></read>
    <read><delim>\x0a</delim><match><data>2\x29 Delete Player\x0a</data></match></read>
    <read><delim>\x0a</delim><match><data>3\x29 Play\x0a</data></match></read>
    <read><delim>\x0a</delim><match><data>4\x29 Statistics\x0a</data></match></read>
    <read><delim>\x0a</delim><match><data>0\x29 Exit\x0a</data></match></read>
    <write><data>2\x0a</data></write>
    <read><delim>\x0a</delim><match><data>1\x29 vezbqm\x0a</data></match></read>
    <read><delim>\x0a</delim><match><data>2\x29 pwjbuhfvx\x0a</data></match></read>
    <read><delim>\x0a</delim><match><data>3\x29 hracuajwv\x0a</data></match></read>
    <read><delim>\x0a</delim><match><data>Player to delete \x281\x2d3\x29:\x0a</data></match></read>
    <write><data>4\x0a</data></write>
    <read><delim>\x0a</delim><match><data>\x0a</data></match></read>
    <read><delim>\x0a</delim><match><data>1\x29 Add Player\x0a</data></match></read>
    <read><delim>\x0a</delim><match><data>2\x29 Delete Player\x0a</data></match></read>
    <read><delim>\x0a</delim><match><data>3\x29 Play\x0a</data></match></read>
    <read><delim>\x0a</delim><match><data>4\x29 Statistics\x0a</data></match></read>
    <read><delim>\x0a</delim><match><data>0\x29 Exit\x0a</data></match></read>
    <write><data>4\x0a</data></write>
    <read><delim>\x0a</delim><match><data>Player name: vezbqm\x0a</data></match></read>
    <read><delim>\x0a</delim><match><data>       Wins: 1\x0a</data></match></read>
    <read><delim>\x0a</delim><match><data>     Losses: 6\x0a</data></match></read>
    <read><delim>\x0a</delim><match><data>      Funds: 475\x0a</data></match></read>
    <read><delim>\x0a</delim><match><data>Player name: pwjbuhfvx\x0a</data></match></read>
    <read><delim>\x0a</delim><match><data>       Wins: 3\x0a</data></match></read>
    <read><delim>\x0a</delim><match><data>     Losses: 2\x0a</data></match></read>
    <read><delim>\x0a</delim><match><data>      Funds: 505\x0a</data></match></read>
    <read><delim>\x0a</delim><match><data>Player name: hracuajwv\x0a</data></match></read>
    <read><delim>\x0a</delim><match><data>       Wins: 3\x0a</data></match></read>
    <read><delim>\x0a</delim><match><data>     Losses: 3\x0a</data></match></read>
    <read><delim>\x0a</delim><match><data>      Funds: 500\x0a</data></match></read>
    <read><delim>\x0a</delim><match><data>\x0a</data></match></read>
    <read><delim>\x0a</delim><match><data>1\x29 Add Player\x0a</data></match></read>
    <read><delim>\x0a</delim><match><data>2\x29 Delete Player\x0a</data></match></read>
    <read><delim>\x0a</delim><match><data>3\x29 Play\x0a</data></match></read>
    <read><delim>\x0a</delim><match><data>4\x29 Statistics\x0a</data></match></read>
    <read><delim>\x0a</delim><match><data>0\x29 Exit\x0a</data></match></read>
    <write><data>3\x0a</data></write>
    <read><delim>\x0a</delim><match><data>Player: vezbqm\x0a</data></match></read>
    <read><delim>\x0a</delim><match><data>Place your bet \x281\x2d475\x29\x0a</data></match></read>
    <write><data>5\x0a</data></write>
    <read><delim>\x0a</delim><match><data>Player: pwjbuhfvx\x0a</data></match></read>
    <read><delim>\x0a</delim><match><data>Place your bet \x281\x2d505\x29\x0a</data></match></read>
    <read><delim>\x0a</delim><match><data>Player: hracuajwv\x0a</data></match></read>
    <read><delim>\x0a</delim><match><data>Place your bet \x281\x2d500\x29\x0a</data></match></read>
    <write><data>5\x0a</data></write>
    <read><delim>\x0a</delim><match><data>Dealer: A 4 \x2815\x29\x0a</data></match></read>
    <read><delim>\x0a</delim><match><data>vezbqm: 6 Q \x2816\x29\x0a</data></match></read>
    <read><delim>\x0a</delim><match><data>pwjbuhfvx: K A \x2821\x29\x0a</data></match></read>
    <read><delim>\x0a</delim><match><data>hracuajwv: 6 K \x2816\x29\x0a</data></match></read>
    <read><delim>\x0a</delim><match><data>Player: vezbqm\x0a</data></match></read>
    <read><delim>\x0a</delim><match><data>6 Q \x2816\x29\x0a</data></match></read>
    <read><delim>\x0a</delim><match><data>Do you wish to H\x29it or S\x29tand\x0a</data></match></read>
    <write><data>S\x0a</data></write>
    <read><delim>\x0a</delim><match><data>Player: pwjbuhfvx\x0a</data></match></read>
    <read><delim>\x0a</delim><match><data>K A \x2821\x29\x0a</data></match></read>
    <read><delim>\x0a</delim><match><data>Do you wish to H\x29it or S\x29tand\x0a</data></match></read>
    <read><delim>\x0a</delim><match><data>Player: hracuajwv\x0a</data></match></read>
    <read><delim>\x0a</delim><match><data>6 K \x2816\x29\x0a</data></match></read>
    <read><delim>\x0a</delim><match><data>Do you wish to H\x29it or S\x29tand\x0a</data></match></read>
    <write><data>S\x0a</data></write>
    <read><delim>\x0a</delim><match><data>Dealer draws 7\x0a</data></match></read>
    <read><delim>\x0a</delim><match><data>Dealer draws 7\x0a</data></match></read>
    <read><delim>\x0a</delim><match><data>vezbqm: loses\x0a</data></match></read>
    <read><delim>\x0a</delim><match><data>pwjbuhfvx: wins!\x0a</data></match></read>
    <read><delim>\x0a</delim><match><data>hracuajwv: loses\x0a</data></match></read>
    <read><delim>\x0a</delim><match><data>\x0a</data></match></read>
    <read><delim>\x0a</delim><match><data>1\x29 Add Player\x0a</data></match></read>
    <read><delim>\x0a</delim><match><data>2\x29 Delete Player\x0a</data></match></read>
    <read><delim>\x0a</delim><match><data>3\x29 Play\x0a</data></match></read>
    <read><delim>\x0a</delim><match><data>4\x29 Statistics\x0a</data></match></read>
    <read><delim>\x0a</delim><match><data>0\x29 Exit\x0a</data></match></read>
    <write><data>2\x0a</data></write>
    <read><delim>\x0a</delim><match><data>1\x29 vezbqm\x0a</data></match></read>
    <read><delim>\x0a</delim><match><data>2\x29 pwjbuhfvx\x0a</data></match></read>
    <read><delim>\x0a</delim><match><data>3\x29 hracuajwv\x0a</data></match></read>
    <read><delim>\x0a</delim><match><data>Player to delete \x281\x2d3\x29:\x0a</data></match></read>
    <write><data>4\x0a</data></write>
    <read><delim>\x0a</delim><match><data>\x0a</data></match></read>
    <read><delim>\x0a</delim><match><data>1\x29 Add Player\x0a</data></match></read>
    <read><delim>\x0a</delim><match><data>2\x29 Delete Player\x0a</data></match></read>
    <read><delim>\x0a</delim><match><data>3\x29 Play\x0a</data></match></read>
    <read><delim>\x0a</delim><match><data>4\x29 Statistics\x0a</data></match></read>
    <read><delim>\x0a</delim><match><data>0\x29 Exit\x0a</data></match></read>
    <write><data>4\x0a</data></write>
    <read><delim>\x0a</delim><match><data>Player name: vezbqm\x0a</data></match></read>
    <read><delim>\x0a</delim><match><data>       Wins: 1\x0a</data></match></read>
    <read><delim>\x0a</delim><match><data>     Losses: 7\x0a</data></match></read>
    <read><delim>\x0a</delim><match><data>      Funds: 470\x0a</data></match></read>
    <read><delim>\x0a</delim><match><data>Player name: pwjbuhfvx\x0a</data></match></read>
    <read><delim>\x0a</delim><match><data>       Wins: 4\x0a</data></match></read>
    <read><delim>\x0a</delim><match><data>     Losses: 2\x0a</data></match></read>
    <read><delim>\x0a</delim><match><data>      Funds: 510\x0a</data></match></read>
    <read><delim>\x0a</delim><match><data>Player name: hracuajwv\x0a</data></match></read>
    <read><delim>\x0a</delim><match><data>       Wins: 3\x0a</data></match></read>
    <read><delim>\x0a</delim><match><data>     Losses: 4\x0a</data></match></read>
    <read><delim>\x0a</delim><match><data>      Funds: 495\x0a</data></match></read>
    <read><delim>\x0a</delim><match><data>\x0a</data></match></read>
    <read><delim>\x0a</delim><match><data>1\x29 Add Player\x0a</data></match></read>
    <read><delim>\x0a</delim><match><data>2\x29 Delete Player\x0a</data></match></read>
    <read><delim>\x0a</delim><match><data>3\x29 Play\x0a</data></match></read>
    <read><delim>\x0a</delim><match><data>4\x29 Statistics\x0a</data></match></read>
    <read><delim>\x0a</delim><match><data>0\x29 Exit\x0a</data></match></read>
    <write><data>3\x0a</data></write>
    <read><delim>\x0a</delim><match><data>Player: vezbqm\x0a</data></match></read>
    <read><delim>\x0a</delim><match><data>Place your bet \x281\x2d470\x29\x0a</data></match></read>
    <write><data>5\x0a</data></write>
    <read><delim>\x0a</delim><match><data>Player: pwjbuhfvx\x0a</data></match></read>
    <read><delim>\x0a</delim><match><data>Place your bet \x281\x2d510\x29\x0a</data></match></read>
    <read><delim>\x0a</delim><match><data>Player: hracuajwv\x0a</data></match></read>
    <read><delim>\x0a</delim><match><data>Place your bet \x281\x2d495\x29\x0a</data></match></read>
    <write><data>5\x0a</data></write>
    <read><delim>\x0a</delim><match><data>Dealer: A 2 \x2813\x29\x0a</data></match></read>
    <read><delim>\x0a</delim><match><data>vezbqm: 7 5 \x2812\x29\x0a</data></match></read>
    <read><delim>\x0a</delim><match><data>pwjbuhfvx: 10 J \x2820\x29\x0a</data></match></read>
    <read><delim>\x0a</delim><match><data>hracuajwv: 6 Q \x2816\x29\x0a</data></match></read>
    <read><delim>\x0a</delim><match><data>Player: vezbqm\x0a</data></match></read>
    <read><delim>\x0a</delim><match><data>7 5 \x2812\x29\x0a</data></match></read>
    <read><delim>\x0a</delim><match><data>Do you wish to H\x29it or S\x29tand\x0a</data></match></read>
    <write><data>H\x0a</data></write>
    <read><delim>\x0a</delim><match><data>vezbqm draws 8\x0a</data></match></read>
    <read><delim>\x0a</delim><match><data>7 5 8 \x2820\x29\x0a</data></match></read>
    <read><delim>\x0a</delim><match><data>Do you wish to H\x29it or S\x29tand\x0a</data></match></read>
    <write><data>S\x0a</data></write>
    <read><delim>\x0a</delim><match><data>Player: pwjbuhfvx\x0a</data></match></read>
    <read><delim>\x0a</delim><match><data>10 J \x2820\x29\x0a</data></match></read>
    <read><delim>\x0a</delim><match><data>Do you wish to H\x29it or S\x29tand\x0a</data></match></read>
    <read><delim>\x0a</delim><match><data>Player: hracuajwv\x0a</data></match></read>
    <read><delim>\x0a</delim><match><data>6 Q \x2816\x29\x0a</data></match></read>
    <read><delim>\x0a</delim><match><data>Do you wish to H\x29it or S\x29tand\x0a</data></match></read>
    <write><data>S\x0a</data></write>
    <read><delim>\x0a</delim><match><data>Dealer draws 6\x0a</data></match></read>
    <read><delim>\x0a</delim><match><data>vezbqm: wins!\x0a</data></match></read>
    <read><delim>\x0a</delim><match><data>pwjbuhfvx: wins!\x0a</data></match></read>
    <read><delim>\x0a</delim><match><data>hracuajwv: loses\x0a</data></match></read>
    <read><delim>\x0a</delim><match><data>\x0a</data></match></read>
    <read><delim>\x0a</delim><match><data>1\x29 Add Player\x0a</data></match></read>
    <read><delim>\x0a</delim><match><data>2\x29 Delete Player\x0a</data></match></read>
    <read><delim>\x0a</delim><match><data>3\x29 Play\x0a</data></match></read>
    <read><delim>\x0a</delim><match><data>4\x29 Statistics\x0a</data></match></read>
    <read><delim>\x0a</delim><match><data>0\x29 Exit\x0a</data></match></read>
    <write><data>0\x0a</data></write>
</replay>
</pov>