<?xml version="1.0" standalone="no" ?>
<!DOCTYPE pov SYSTEM "/usr/share/cgc-docs/replay.dtd">
<pov>
<cbid>service</cbid>
<seed>c49ebdac002566e1dc900c86550a2e6de3b0dcc82db57c3493999d17dedc206b3a6323526a9e3ad6a64372214c34b170</seed>
<replay>
    <read><delim>\x0a</delim><match><data>\x0a</data></match></read>
    <read><delim>\x0a</delim><match><data>1\x29 Add Player\x0a</data></match></read>
    <read><delim>\x0a</delim><match><data>2\x29 Delete Player\x0a</data></match></read>
    <read><delim>\x0a</delim><match><data>3\x29 Play\x0a</data></match></read>
    <read><delim>\x0a</delim><match><data>4\x29 Statistics\x0a</data></match></read>
    <read><delim>\x0a</delim><match><data>0\x29 Exit\x0a</data></match></read>
    <write><data>2\x0a</data></write>
    <read><delim>\x0a</delim><match><data>No players\x0a</data></match></read>
    <read><delim>\x0a</delim><match><data>\x0a</data></match></read>
    <read><delim>\x0a</delim><match><data>1\x29 Add Player\x0a</data></match></read>
    <read><delim>\x0a</delim><match><data>2\x29 Delete Player\x0a</data></match></read>
    <read><delim>\x0a</delim><match><data>3\x29 Play\x0a</data></match></read>
    <read><delim>\x0a</delim><match><data>4\x29 Statistics\x0a</data></match></read>
    <read><delim>\x0a</delim><match><data>0\x29 Exit\x0a</data></match></read>
    <write><data>3\x0a</data></write>
    <read><delim>\x0a</delim><match><data>No players\x0a</data></match></read>
    <read><delim>\x0a</delim><match><data>\x0a</data></match></read>
    <read><delim>\x0a</delim><match><data>1\x29 Add Player\x0a</data></match></read>
    <read><delim>\x0a</delim><match><data>2\x29 Delete Player\x0a</data></match></read>
    <read><delim>\x0a</delim><match><data>3\x29 Play\x0a</data></match></read>
    <read><delim>\x0a</delim><match><data>4\x29 Statistics\x0a</data></match></read>
    <read><delim>\x0a</delim><match><data>0\x29 Exit\x0a</data></match></read>
    <write><data>2\x0a</data></write>
    <read><delim>\x0a</delim><match><data>No players\x0a</data></match></read>
    <read><delim>\x0a</delim><match><data>\x0a</data></match></read>
    <read><delim>\x0a</delim><match><data>1\x29 Add Player\x0a</data></match></read>
    <read><delim>\x0a</delim><match><data>2\x29 Delete Player\x0a</data></match></read>
    <read><delim>\x0a</delim><match><data>3\x29 Play\x0a</data></match></read>
    <read><delim>\x0a</delim><match><data>4\x29 Statistics\x0a</data></match></read>
    <read><delim>\x0a</delim><match><data>0\x29 Exit\x0a</data></match></read>
    <write><data>2\x0a</data></write>
    <read><delim>\x0a</delim><match><data>No players\x0a</data></match></read>
    <read><delim>\x0a</delim><match><data>\x0a</data></match></read>
    <read><delim>\x0a</delim><match><data>1\x29 Add Player\x0a</data></match></read>
    <read><delim>\x0a</delim><match><data>2\x29 Delete Player\x0a</data></match></read>
    <read><delim>\x0a</delim><match><data>3\x29 Play\x0a</data></match></read>
    <read><delim>\x0a</delim><match><data>4\x29 Statistics\x0a</data></match></read>
    <read><delim>\x0a</delim><match><data>0\x29 Exit\x0a</data></match></read>
    <write><data>4\x0a</data></write>
    <read><delim>\x0a</delim><match><data>\x0a</data></match></read>
    <read><delim>\x0a</delim><match><data>1\x29 Add Player\x0a</data></match></read>
    <read><delim>\x0a</delim><match><data>2\x29 Delete Player\x0a</data></match></read>
    <read><delim>\x0a</delim><match><data>3\x29 Play\x0a</data></match></read>
    <read><delim>\x0a</delim><match><data>4\x29 Statistics\x0a</data></match></read>
    <read><delim>\x0a</delim><match><data>0\x29 Exit\x0a</data></match></read>
    <write><data>3\x0a</data></write>
    <read><delim>\x0a</delim><match><data>No players\x0a</data></match></read>
    <read><delim>\x0a</delim><match><data>\x0a</data></match></read>
    <read><delim>\x0a</delim><match><data>1\x29 Add Player\x0a</data></match></read>
    <read><delim>\x0a</delim><match><data>2\x29 Delete Player\x0a</data></match></read>
    <read><delim>\x0a</delim><match><data>3\x29 Play\x0a</data></match></read>
    <read><delim>\x0a</delim><match><data>4\x29 Statistics\x0a</data></match></read>
    <read><delim>\x0a</delim><match><data>0\x29 Exit\x0a</data></match></read>
    <write><data>2\x0a</data></write>
    <read><delim>\x0a</delim><match><data>No players\x0a</data></match></read>
    <read><delim>\x0a</delim><match><data>\x0a</data></match></read>
    <read><delim>\x0a</delim><match><data>1\x29 Add Player\x0a</data></match></read>
    <read><delim>\x0a</delim><match><data>2\x29 Delete Player\x0a</data></match></read>
    <read><delim>\x0a</delim><match><data>3\x29 Play\x0a</data></match></read>
    <read><delim>\x0a</delim><match><data>4\x29 Statistics\x0a</data></match></read>
    <read><delim>\x0a</delim><match><data>0\x29 Exit\x0a</data></match></read>
    <write><data>4\x0a</data></write>
    <read><delim>\x0a</delim><match><data>\x0a</data></match></read>
    <read><delim>\x0a</delim><match><data>1\x29 Add Player\x0a</data></match></read>
    <read><delim>\x0a</delim><match><data>2\x29 Delete Player\x0a</data></match></read>
    <read><delim>\x0a</delim><match><data>3\x29 Play\x0a</data></match></read>
    <read><delim>\x0a</delim><match><data>4\x29 Statistics\x0a</data></match></read>
    <read><delim>\x0a</delim><match><data>0\x29 Exit\x0a</data></match></read>
    <write><data>1\x0a</data></write>
    <read><delim>\x0a</delim><match><data>Enter player name\x0a</data></match></read>
    <write><data>glmpbpj\x0a</data></write>
    <read><delim>\x0a</delim><match><data>Computer player? \x28y\x2fn\x29\x0a</data></match></read>
    <write><data>y\x0a</data></write>
    <read><delim>\x0a</delim><match><data>Method 1\x2d4:\x0a</data></match></read>
    <write><data>1\x0a</data></write>
    <read><delim>\x0a</delim><match><data>\x0a</data></match></read>
    <read><delim>\x0a</delim><match><data>1\x29 Add Player\x0a</data></match></read>
    <read><delim>\x0a</delim><match><data>2\x29 Delete Player\x0a</data></match></read>
    <read><delim>\x0a</delim><match><data>3\x29 Play\x0a</data></match></read>
    <read><delim>\x0a</delim><match><data>4\x29 Statistics\x0a</data></match></read>
    <read><delim>\x0a</delim><match><data>0\x29 Exit\x0a</data></match></read>
    <write><data>2\x0a</data></write>
    <read><delim>\x0a</delim><match><data>1\x29 glmpbpj\x0a</data></match></read>
    <read><delim>\x0a</delim><match><data>Player to delete \x281\x2d1\x29:\x0a</data></match></read>
    <write><data>1\x0a</data></write>
    <read><delim>\x0a</delim><match><data>\x0a</data></match></read>
    <read><delim>\x0a</delim><match><data>1\x29 Add Player\x0a</data></match></read>
    <read><delim>\x0a</delim><match><data>2\x29 Delete Player\x0a</data></match></read>
    <read><delim>\x0a</delim><match><data>3\x29 Play\x0a</data></match></read>
    <read><delim>\x0a</delim><match><data>4\x29 Statistics\x0a</data></match></read>
    <read><delim>\x0a</delim><match><data>0\x29 Exit\x0a</data></match></read>
    <write><data>2\x0a</data></write>
    <read><delim>\x0a</delim><match><data>No players\x0a</data></match></read>
    <read><delim>\x0a</delim><match><data>\x0a</data></match></read>
    <read><delim>\x0a</delim><match><data>1\x29 Add Player\x0a</data></match></read>
    <read><delim>\x0a</delim><match><data>2\x29 Delete Player\x0a</data></match></read>
    <read><delim>\x0a</delim><match><data>3\x29 Play\x0a</data></match></read>
    <read><delim>\x0a</delim><match><data>4\x29 Statistics\x0a</data></match></read>
    <read><delim>\x0a</delim><match><data>0\x29 Exit\x0a</data></match></read>
    <write><data>2\x0a</data></write>
    <read><delim>\x0a</delim><match><data>No players\x0a</data></match></read>
    <read><delim>\x0a</delim><match><data>\x0a</data></match></read>
    <read><delim>\x0a</delim><match><data>1\x29 Add Player\x0a</data></match></read>
    <read><delim>\x0a</delim><match><data>2\x29 Delete Player\x0a</data></match></read>
    <read><delim>\x0a</delim><match><data>3\x29 Play\x0a</data></match></read>
    <read><delim>\x0a</delim><match><data>4\x29 Statistics\x0a</data></match></read>
    <read><delim>\x0a</delim><match><data>0\x29 Exit\x0a</data></match></read>
    <write><data>1\x0a</data></write>
    <read><delim>\x0a</delim><match><data>Enter player name\x0a</data></match></read>
    <write><data>vczmmzk\x0a</data></write>
    <read><delim>\x0a</delim><match><data>Computer player? \x28y\x2fn\x29\x0a</data></match></read>
    <write><data>n\x0a</data></write>
    <read><delim>\x0a</delim><match><data>Would you like to enable hints?\x0a</data></match></read>
    <write><data>y\x0a</data></write>
    <read><delim>\x0a</delim><match><data>Method 1\x2d4:\x0a</data></match></read>
    <write><data>3\x0a</data></write>
    <read><delim>\x0a</delim><match><data>\x0a</data></match></read>
    <read><delim>\x0a</delim><match><data>1\x29 Add Player\x0a</data></match></read>
    <read><delim>\x0a</delim><match><data>2\x29 Delete Player\x0a</data></match></read>
    <read><delim>\x0a</delim><match><data>3\x29 Play\x0a</data></match></read>
    <read><delim>\x0a</delim><match><data>4\x29 Statistics\x0a</data></match></read>
    <read><delim>\x0a</delim><match><data>0\x29 Exit\x0a</data></match></read>
    <write><data>2\x0a</data></write>
    <read><delim>\x0a</delim><match><data>1\x29 vczmmzk\x0a</data></match></read>
    <read><delim>\x0a</delim><match><data>Player to delete \x281\x2d1\x29:\x0a</data></match></read>
    <write><data>1\x0a</data></write>
    <read><delim>\x0a</delim><match><data>\x0a</data></match></read>
    <read><delim>\x0a</delim><match><data>1\x29 Add Player\x0a</data></match></read>
    <read><delim>\x0a</delim><match><data>2\x29 Delete Player\x0a</data></match></read>
    <read><delim>\x0a</delim><match><data>3\x29 Play\x0a</data></match></read>
    <read><delim>\x0a</delim><match><data>4\x29 Statistics\x0a</data></match></read>
    <read><delim>\x0a</delim><match><data>0\x29 Exit\x0a</data></match></read>
    <write><data>2\x0a</data></write>
    <read><delim>\x0a</delim><match><data>No players\x0a</data></match></read>
    <read><delim>\x0a</delim><match><data>\x0a</data></match></read>
    <read><delim>\x0a</delim><match><data>1\x29 Add Player\x0a</data></match></read>
    <read><delim>\x0a</delim><match><data>2\x29 Delete Player\x0a</data></match></read>
    <read><delim>\x0a</delim><match><data>3\x29 Play\x0a</data></match></read>
    <read><delim>\x0a</delim><match><data>4\x29 Statistics\x0a</data></match></read>
    <read><delim>\x0a</delim><match><data>0\x29 Exit\x0a</data></match></read>
    <write><data>4\x0a</data></write>
    <read><delim>\x0a</delim><match><data>\x0a</data></match></read>
    <read><delim>\x0a</delim><match><data>1\x29 Add Player\x0a</data></match></read>
    <read><delim>\x0a</delim><match><data>2\x29 Delete Player\x0a</data></match></read>
    <read><delim>\x0a</delim><match><data>3\x29 Play\x0a</data></match></read>
    <read><delim>\x0a</delim><match><data>4\x29 Statistics\x0a</data></match></read>
    <read><delim>\x0a</delim><match><data>0\x29 Exit\x0a</data></match></read>
    <write><data>3\x0a</data></write>
    <read><delim>\x0a</delim><match><data>No players\x0a</data></match></read>
    <read><delim>\x0a</delim><match><data>\x0a</data></match></read>
    <read><delim>\x0a</delim><match><data>1\x29 Add Player\x0a</data></match></read>
    <read><delim>\x0a</delim><match><data>2\x29 Delete Player\x0a</data></match></read>
    <read><delim>\x0a</delim><match><data>3\x29 Play\x0a</data></match></read>
    <read><delim>\x0a</delim><match><data>4\x29 Statistics\x0a</data></match></read>
    <read><delim>\x0a</delim><match><data>0\x29 Exit\x0a</data></match></read>
    <write><data>3\x0a</data></write>
    <read><delim>\x0a</delim><match><data>No players\x0a</data></match></read>
    <read><delim>\x0a</delim><match><data>\x0a</data></match></read>
    <read><delim>\x0a</delim><match><data>1\x29 Add Player\x0a</data></match></read>
    <read><delim>\x0a</delim><match><data>2\x29 Delete Player\x0a</data></match></read>
    <read><delim>\x0a</delim><match><data>3\x29 Play\x0a</data></match></read>
    <read><delim>\x0a</delim><match><data>4\x29 Statistics\x0a</data></match></read>
    <read><delim>\x0a</delim><match><data>0\x29 Exit\x0a</data></match></read>
    <write><data>4\x0a</data></write>
    <read><delim>\x0a</delim><match><data>\x0a</data></match></read>
    <read><delim>\x0a</delim><match><data>1\x29 Add Player\x0a</data></match></read>
    <read><delim>\x0a</delim><match><data>2\x29 Delete Player\x0a</data></match></read>
    <read><delim>\x0a</delim><match><data>3\x29 Play\x0a</data></match></read>
    <read><delim>\x0a</delim><match><data>4\x29 Statistics\x0a</data></match></read>
    <read><delim>\x0a</delim><match><data>0\x29 Exit\x0a</data></match></read>
    <write><data>2\x0a</data></write>
    <read><delim>\x0a</delim><match><data>No players\x0a</data></match></read>
    <read><delim>\x0a</delim><match><data>\x0a</data></match></read>
    <read><delim>\x0a</delim><match><data>1\x29 Add Player\x0a</data></match></read>
    <read><delim>\x0a</delim><match><data>2\x29 Delete Player\x0a</data></match></read>
    <read><delim>\x0a</delim><match><data>3\x29 Play\x0a</data></match></read>
    <read><delim>\x0a</delim><match><data>4\x29 Statistics\x0a</data></match></read>
    <read><delim>\x0a</delim><match><data>0\x29 Exit\x0a</data></match></read>
    <write><data>1\x0a</data></write>
    <read><delim>\x0a</delim><match><data>Enter player name\x0a</data></match></read>
    <write><data>kojmtl\x0a</data></write>
    <read><delim>\x0a</delim><match><data>Computer player? \x28y\x2fn\x29\x0a</data></match></read>
    <write><data>y\x0a</data></write>
    <read><delim>\x0a</delim><match><data>Method 1\x2d4:\x0a</data></match></read>
    <write><data>2\x0a</data></write>
    <read><delim>\x0a</delim><match><data>\x0a</data></match></read>
    <read><delim>\x0a</delim><match><data>1\x29 Add Player\x0a</data></match></read>
    <read><delim>\x0a</delim><match><data>2\x29 Delete Player\x0a</data></match></read>
    <read><delim>\x0a</delim><match><data>3\x29 Play\x0a</data></match></read>
    <read><delim>\x0a</delim><match><data>4\x29 Statistics\x0a</data></match></read>
    <read><delim>\x0a</delim><match><data>0\x29 Exit\x0a</data></match></read>
    <write><data>2\x0a</data></write>
    <read><delim>\x0a</delim><match><data>1\x29 kojmtl\x0a</data></match></read>
    <read><delim>\x0a</delim><match><data>Player to delete \x281\x2d1\x29:\x0a</data></match></read>
    <write><data>1\x0a</data></write>
    <read><delim>\x0a</delim><match><data>\x0a</data></match></read>
    <read><delim>\x0a</delim><match><data>1\x29 Add Player\x0a</data></match></read>
    <read><delim>\x0a</delim><match><data>2\x29 Delete Player\x0a</data></match></read>
    <read><delim>\x0a</delim><match><data>3\x29 Play\x0a</data></match></read>
    <read><delim>\x0a</delim><match><data>4\x29 Statistics\x0a</data></match></read>
    <read><delim>\x0a</delim><match><data>0\x29 Exit\x0a</data></match></read>
    <write><data>3\x0a</data></write>
    <read><delim>\x0a</delim><match><data>No players\x0a</data></match></read>
    <read><delim>\x0a</delim><match><data>\x0a</data></match></read>
    <read><delim>\x0a</delim><match><data>1\x29 Add Player\x0a</data></match></read>
    <read><delim>\x0a</delim><match><data>2\x29 Delete Player\x0a</data></match></read>
    <read><delim>\x0a</delim><match><data>3\x29 Play\x0a</data></match></read>
    <read><delim>\x0a</delim><match><data>4\x29 Statistics\x0a</data></match></read>
    <read><delim>\x0a</delim><match><data>0\x29 Exit\x0a</data></match></read>
    <write><data>2\x0a</data></write>
    <read><delim>\x0a</delim><match><data>No players\x0a</data></match></read>
    <read><delim>\x0a</delim><match><data>\x0a</data></match></read>
    <read><delim>\x0a</delim><match><data>1\x29 Add Player\x0a</data></match></read>
    <read><delim>\x0a</delim><match><data>2\x29 Delete Player\x0a</data></match></read>
    <read><delim>\x0a</delim><match><data>3\x29 Play\x0a</data></match></read>
    <read><delim>\x0a</delim><match><data>4\x29 Statistics\x0a</data></match></read>
    <read><delim>\x0a</delim><match><data>0\x29 Exit\x0a</data></match></read>
    <write><data>2\x0a</data></write>
    <read><delim>\x0a</delim><match><data>No players\x0a</data></match></read>
    <read><delim>\x0a</delim><match><data>\x0a</data></match></read>
    <read><delim>\x0a</delim><match><data>1\x29 Add Player\x0a</data></match></read>
    <read><delim>\x0a</delim><match><data>2\x29 Delete Player\x0a</data></match></read>
    <read><delim>\x0a</delim><match><data>3\x29 Play\x0a</data></match></read>
    <read><delim>\x0a</delim><match><data>4\x29 Statistics\x0a</data></match></read>
    <read><delim>\x0a</delim><match><data>0\x29 Exit\x0a</data></match></read>
    <write><data>4\x0a</data></write>
    <read><delim>\x0a</delim><match><data>\x0a</data></match></read>
    <read><delim>\x0a</delim><match><data>1\x29 Add Player\x0a</data></match></read>
    <read><delim>\x0a</delim><match><data>2\x29 Delete Player\x0a</data></match></read>
    <read><delim>\x0a</delim><match><data>3\x29 Play\x0a</data></match></read>
    <read><delim>\x0a</delim><match><data>4\x29 Statistics\x0a</data></match></read>
    <read><delim>\x0a</delim><match><data>0\x29 Exit\x0a</data></match></read>
    <write><data>1\x0a</data></write>
    <read><delim>\x0a</delim><match><data>Enter player name\x0a</data></match></read>
    <write><data>urqfhbvvfa\x0a</data></write>
    <read><delim>\x0a</delim><match><data>Computer player? \x28y\x2fn\x29\x0a</data></match></read>
    <write><data>y\x0a</data></write>
    <read><delim>\x0a</delim><match><data>Method 1\x2d4:\x0a</data></match></read>
    <write><data>4\x0a</data></write>
    <read><delim>\x0a</delim><match><data>\x0a</data></match></read>
    <read><delim>\x0a</delim><match><data>1\x29 Add Player\x0a</data></match></read>
    <read><delim>\x0a</delim><match><data>2\x29 Delete Player\x0a</data></match></read>
    <read><delim>\x0a</delim><match><data>3\x29 Play\x0a</data></match></read>
    <read><delim>\x0a</delim><match><data>4\x29 Statistics\x0a</data></match></read>
    <read><delim>\x0a</delim><match><data>0\x29 Exit\x0a</data></match></read>
    <write><data>2\x0a</data></write>
    <read><delim>\x0a</delim><match><data>1\x29 urqfhbvvfa\x0a</data></match></read>
    <read><delim>\x0a</delim><match><data>Player to delete \x281\x2d1\x29:\x0a</data></match></read>
    <write><data>1\x0a</data></write>
    <read><delim>\x0a</delim><match><data>\x0a</data></match></read>
    <read><delim>\x0a</delim><match><data>1\x29 Add Player\x0a</data></match></read>
    <read><delim>\x0a</delim><match><data>2\x29 Delete Player\x0a</data></match></read>
    <read><delim>\x0a</delim><match><data>3\x29 Play\x0a</data></match></read>
    <read><delim>\x0a</delim><match><data>4\x29 Statistics\x0a</data></match></read>
    <read><delim>\x0a</delim><match><data>0\x29 Exit\x0a</data></match></read>
    <write><data>1\x0a</data></write>
    <read><delim>\x0a</delim><match><data>Enter player name\x0a</data></match></read>
    <write><data>nplrgy\x0a</data></write>
    <read><delim>\x0a</delim><match><data>Computer player? \x28y\x2fn\x29\x0a</data></match></read>
    <write><data>n\x0a</data></write>
    <read><delim>\x0a</delim><match><data>Would you like to enable hints?\x0a</data></match></read>
    <write><data>y\x0a</data></write>
    <read><delim>\x0a</delim><match><data>Method 1\x2d4:\x0a</data></match></read>
    <write><data>3\x0a</data></write>
    <read><delim>\x0a</delim><match><data>\x0a</data></match></read>
    <read><delim>\x0a</delim><match><data>1\x29 Add Player\x0a</data></match></read>
    <read><delim>\x0a</delim><match><data>2\x29 Delete Player\x0a</data></match></read>
    <read><delim>\x0a</delim><match><data>3\x29 Play\x0a</data></match></read>
    <read><delim>\x0a</delim><match><data>4\x29 Statistics\x0a</data></match></read>
    <read><delim>\x0a</delim><match><data>0\x29 Exit\x0a</data></match></read>
    <write><data>2\x0a</data></write>
    <read><delim>\x0a</delim><match><data>1\x29 nplrgy\x0a</data></match></read>
    <read><delim>\x0a</delim><match><data>Player to delete \x281\x2d1\x29:\x0a</data></match></read>
    <write><data>1\x0a</data></write>
    <read><delim>\x0a</delim><match><data>\x0a</data></match></read>
    <read><delim>\x0a</delim><match><data>1\x29 Add Player\x0a</data></match></read>
    <read><delim>\x0a</delim><match><data>2\x29 Delete Player\x0a</data></match></read>
    <read><delim>\x0a</delim><match><data>3\x29 Play\x0a</data></match></read>
    <read><delim>\x0a</delim><match><data>4\x29 Statistics\x0a</data></match></read>
    <read><delim>\x0a</delim><match><data>0\x29 Exit\x0a</data></match></read>
    <write><data>2\x0a</data></write>
    <read><delim>\x0a</delim><match><data>No players\x0a</data></match></read>
    <read><delim>\x0a</delim><match><data>\x0a</data></match></read>
    <read><delim>\x0a</delim><match><data>1\x29 Add Player\x0a</data></match></read>
    <read><delim>\x0a</delim><match><data>2\x29 Delete Player\x0a</data></match></read>
    <read><delim>\x0a</delim><match><data>3\x29 Play\x0a</data></match></read>
    <read><delim>\x0a</delim><match><data>4\x29 Statistics\x0a</data></match></read>
    <read><delim>\x0a</delim><match><data>0\x29 Exit\x0a</data></match></read>
    <write><data>4\x0a</data></write>
    <read><delim>\x0a</delim><match><data>\x0a</data></match></read>
    <read><delim>\x0a</delim><match><data>1\x29 Add Player\x0a</data></match></read>
    <read><delim>\x0a</delim><match><data>2\x29 Delete Player\x0a</data></match></read>
    <read><delim>\x0a</delim><match><data>3\x29 Play\x0a</data></match></read>
    <read><delim>\x0a</delim><match><data>4\x29 Statistics\x0a</data></match></read>
    <read><delim>\x0a</delim><match><data>0\x29 Exit\x0a</data></match></read>
    <write><data>4\x0a</data></write>
    <read><delim>\x0a</delim><match><data>\x0a</data></match></read>
    <read><delim>\x0a</delim><match><data>1\x29 Add Player\x0a</data></match></read>
    <read><delim>\x0a</delim><match><data>2\x29 Delete Player\x0a</data></match></read>
    <read><delim>\x0a</delim><match><data>3\x29 Play\x0a</data></match></read>
    <read><delim>\x0a</delim><match><data>4\x29 Statistics\x0a</data></match></read>
    <read><delim>\x0a</delim><match><data>0\x29 Exit\x0a</data></match></read>
    <write><data>4\x0a</data></write>
    <read><delim>\x0a</delim><match><data>\x0a</data></match></read>
    <read><delim>\x0a</delim><match><data>1\x29 Add Player\x0a</data></match></read>
    <read><delim>\x0a</delim><match><data>2\x29 Delete Player\x0a</data></match></read>
    <read><delim>\x0a</delim><match><data>3\x29 Play\x0a</data></match></read>
    <read><delim>\x0a</delim><match><data>4\x29 Statistics\x0a</data></match></read>
    <read><delim>\x0a</delim><match><data>0\x29 Exit\x0a</data></match></read>
    <write><data>2\x0a</data></write>
    <read><delim>\x0a</delim><match><data>No players\x0a</data></match></read>
    <read><delim>\x0a</delim><match><data>\x0a</data></match></read>
    <read><delim>\x0a</delim><match><data>1\x29 Add Player\x0a</data></match></read>
    <read><delim>\x0a</delim><match><data>2\x29 Delete Player\x0a</data></match></read>
    <read><delim>\x0a</delim><match><data>3\x29 Play\x0a</data></match></read>
    <read><delim>\x0a</delim><match><data>4\x29 Statistics\x0a</data></match></read>
    <read><delim>\x0a</delim><match><data>0\x29 Exit\x0a</data></match></read>
    <write><data>2\x0a</data></write>
    <read><delim>\x0a</delim><match><data>No players\x0a</data></match></read>
    <read><delim>\x0a</delim><match><data>\x0a</data></match></read>
    <read><delim>\x0a</delim><match><data>1\x29 Add Player\x0a</data></match></read>
    <read><delim>\x0a</delim><match><data>2\x29 Delete Player\x0a</data></match></read>
    <read><delim>\x0a</delim><match><data>3\x29 Play\x0a</data></match></read>
    <read><delim>\x0a</delim><match><data>4\x29 Statistics\x0a</data></match></read>
    <read><delim>\x0a</delim><match><data>0\x29 Exit\x0a</data></match></read>
    <write><data>1\x0a</data></write>
    <read><delim>\x0a</delim><match><data>Enter player name\x0a</data></match></read>
    <write><data>njwsujmeop\x0a</data></write>
    <read><delim>\x0a</delim><match><data>Computer player? \x28y\x2fn\x29\x0a</data></match></read>
    <write><data>y\x0a</data></write>
    <read><delim>\x0a</delim><match><data>Method 1\x2d4:\x0a</data></match></read>
    <write><data>3\x0a</data></write>
    <read><delim>\x0a</delim><match><data>\x0a</data></match></read>
    <read><delim>\x0a</delim><match><data>1\x29 Add Player\x0a</data></match></read>
    <read><delim>\x0a</delim><match><data>2\x29 Delete Player\x0a</data></match></read>
    <read><delim>\x0a</delim><match><data>3\x29 Play\x0a</data></match></read>
    <read><delim>\x0a</delim><match><data>4\x29 Statistics\x0a</data></match></read>
    <read><delim>\x0a</delim><match><data>0\x29 Exit\x0a</data></match></read>
    <write><data>2\x0a</data></write>
    <read><delim>\x0a</delim><match><data>1\x29 njwsujmeop\x0a</data></match></read>
    <read><delim>\x0a</delim><match><data>Player to delete \x281\x2d1\x29:\x0a</data></match></read>
    <write><data>1\x0a</data></write>
    <read><delim>\x0a</delim><match><data>\x0a</data></match></read>
    <read><delim>\x0a</delim><match><data>1\x29 Add Player\x0a</data></match></read>
    <read><delim>\x0a</delim><match><data>2\x29 Delete Player\x0a</data></match></read>
    <read><delim>\x0a</delim><match><data>3\x29 Play\x0a</data></match></read>
    <read><delim>\x0a</delim><match><data>4\x29 Statistics\x0a</data></match></read>
    <read><delim>\x0a</delim><match><data>0\x29 Exit\x0a</data></match></read>
    <write><data>3\x0a</data></write>
    <read><delim>\x0a</delim><match><data>No players\x0a</data></match></read>
    <read><delim>\x0a</delim><match><data>\x0a</data></match></read>
    <read><delim>\x0a</delim><match><data>1\x29 Add Player\x0a</data></match></read>
    <read><delim>\x0a</delim><match><data>2\x29 Delete Player\x0a</data></match></read>
    <read><delim>\x0a</delim><match><data>3\x29 Play\x0a</data></match></read>
    <read><delim>\x0a</delim><match><data>4\x29 Statistics\x0a</data></match></read>
    <read><delim>\x0a</delim><match><data>0\x29 Exit\x0a</data></match></read>
    <write><data>3\x0a</data></write>
    <read><delim>\x0a</delim><match><data>No players\x0a</data></match></read>
    <read><delim>\x0a</delim><match><data>\x0a</data></match></read>
    <read><delim>\x0a</delim><match><data>1\x29 Add Player\x0a</data></match></read>
    <read><delim>\x0a</delim><match><data>2\x29 Delete Player\x0a</data></match></read>
    <read><delim>\x0a</delim><match><data>3\x29 Play\x0a</data></match></read>
    <read><delim>\x0a</delim><match><data>4\x29 Statistics\x0a</data></match></read>
    <read><delim>\x0a</delim><match><data>0\x29 Exit\x0a</data></match></read>
    <write><data>1\x0a</data></write>
    <read><delim>\x0a</delim><match><data>Enter player name\x0a</data></match></read>
    <write><data>itttr\x0a</data></write>
    <read><delim>\x0a</delim><match><data>Computer player? \x28y\x2fn\x29\x0a</data></match></read>
    <write><data>y\x0a</data></write>
    <read><delim>\x0a</delim><match><data>Method 1\x2d4:\x0a</data></match></read>
    <write><data>1\x0a</data></write>
    <read><delim>\x0a</delim><match><data>\x0a</data></match></read>
    <read><delim>\x0a</delim><match><data>1\x29 Add Player\x0a</data></match></read>
    <read><delim>\x0a</delim><match><data>2\x29 Delete Player\x0a</data></match></read>
    <read><delim>\x0a</delim><match><data>3\x29 Play\x0a</data></match></read>
    <read><delim>\x0a</delim><match><data>4\x29 Statistics\x0a</data></match></read>
    <read><delim>\x0a</delim><match><data>0\x29 Exit\x0a</data></match></read>
    <write><data>2\x0a</data></write>
    <read><delim>\x0a</delim><match><data>1\x29 itttr\x0a</data></match></read>
    <read><delim>\x0a</delim><match><data>Player to delete \x281\x2d1\x29:\x0a</data></match></read>
    <write><data>2\x0a</data></write>
    <read><delim>\x0a</delim><match><data>\x0a</data></match></read>
    <read><delim>\x0a</delim><match><data>1\x29 Add Player\x0a</data></match></read>
    <read><delim>\x0a</delim><match><data>2\x29 Delete Player\x0a</data></match></read>
    <read><delim>\x0a</delim><match><data>3\x29 Play\x0a</data></match></read>
    <read><delim>\x0a</delim><match><data>4\x29 Statistics\x0a</data></match></read>
    <read><delim>\x0a</delim><match><data>0\x29 Exit\x0a</data></match></read>
    <write><data>2\x0a</data></write>
    <read><delim>\x0a</delim><match><data>1\x29 itttr\x0a</data></match></read>
    <read><delim>\x0a</delim><match><data>Player to delete \x281\x2d1\x29:\x0a</data></match></read>
    <write><data>2\x0a</data></write>
    <read><delim>\x0a</delim><match><data>\x0a</data></match></read>
    <read><delim>\x0a</delim><match><data>1\x29 Add Player\x0a</data></match></read>
    <read><delim>\x0a</delim><match><data>2\x29 Delete Player\x0a</data></match></read>
    <read><delim>\x0a</delim><match><data>3\x29 Play\x0a</data></match></read>
    <read><delim>\x0a</delim><match><data>4\x29 Statistics\x0a</data></match></read>
    <read><delim>\x0a</delim><match><data>0\x29 Exit\x0a</data></match></read>
    <write><data>3\x0a</data></write>
    <read><delim>\x0a</delim><match><data>Player: itttr\x0a</data></match></read>
    <read><delim>\x0a</delim><match><data>Place your bet \x281\x2d500\x29\x0a</data></match></read>
    <read><delim>\x0a</delim><match><data>Dealer: 3 6 \x289\x29\x0a</data></match></read>
    <read><delim>\x0a</delim><match><data>itttr: 10 Q \x2820\x29\x0a</data></match></read>
    <read><delim>\x0a</delim><match><data>Player: itttr\x0a</data></match></read>
    <read><delim>\x0a</delim><match><data>10 Q \x2820\x29\x0a</data></match></read>
    <read><delim>\x0a</delim><match><data>Do you wish to H\x29it or S\x29tand\x0a</data></match></read>
    <read><delim>\x0a</delim><match><data>Dealer draws 2\x0a</data></match></read>
    <read><delim>\x0a</delim><match><data>Dealer draws 9\x0a</data></match></read>
    <read><delim>\x0a</delim><match><data>itttr: pushes\x0a</data></match></read>
    <read><delim>\x0a</delim><match><data>\x0a</data></match></read>
    <read><delim>\x0a</delim><match><data>1\x29 Add Player\x0a</data></match></read>
    <read><delim>\x0a</delim><match><data>2\x29 Delete Player\x0a</data></match></read>
    <read><delim>\x0a</delim><match><data>3\x29 Play\x0a</data></match></read>
    <read><delim>\x0a</delim><match><data>4\x29 Statistics\x0a</data></match></read>
    <read><delim>\x0a</delim><match><data>0\x29 Exit\x0a</data></match></read>
    <write><data>2\x0a</data></write>
    <read><delim>\x0a</delim><match><data>1\x29 itttr\x0a</data></match></read>
    <read><delim>\x0a</delim><match><data>Player to delete \x281\x2d1\x29:\x0a</data></match></read>
    <write><data>2\x0a</data></write>
    <read><delim>\x0a</delim><match><data>\x0a</data></match></read>
    <read><delim>\x0a</delim><match><data>1\x29 Add Player\x0a</data></match></read>
    <read><delim>\x0a</delim><match><data>2\x29 Delete Player\x0a</data></match></read>
    <read><delim>\x0a</delim><match><data>3\x29 Play\x0a</data></match></read>
    <read><delim>\x0a</delim><match><data>4\x29 Statistics\x0a</data></match></read>
    <read><delim>\x0a</delim><match><data>0\x29 Exit\x0a</data></match></read>
    <write><data>3\x0a</data></write>
    <read><delim>\x0a</delim><match><data>Player: itttr\x0a</data></match></read>
    <read><delim>\x0a</delim><match><data>Place your bet \x281\x2d500\x29\x0a</data></match></read>
    <read><delim>\x0a</delim><match><data>Dealer: A J \x2821\x29\x0a</data></match></read>
    <read><delim>\x0a</delim><match><data>itttr: 10 3 \x2813\x29\x0a</data></match></read>
    <read><delim>\x0a</delim><match><data>Player: itttr\x0a</data></match></read>
    <read><delim>\x0a</delim><match><data>10 3 \x2813\x29\x0a</data></match></read>
    <read><delim>\x0a</delim><match><data>Do you wish to H\x29it or S\x29tand\x0a</data></match></read>
    <read><delim>\x0a</delim><match><data>itttr draws J\x0a</data></match></read>
    <read><delim>\x0a</delim><match><data>itttr: loses\x0a</data></match></read>
    <read><delim>\x0a</delim><match><data>\x0a</data></match></read>
    <read><delim>\x0a</delim><match><data>1\x29 Add Player\x0a</data></match></read>
    <read><delim>\x0a</delim><match><data>2\x29 Delete Player\x0a</data></match></read>
    <read><delim>\x0a</delim><match><data>3\x29 Play\x0a</data></match></read>
    <read><delim>\x0a</delim><match><data>4\x29 Statistics\x0a</data></match></read>
    <read><delim>\x0a</delim><match><data>0\x29 Exit\x0a</data></match></read>
    <write><data>2\x0a</data></write>
    <read><delim>\x0a</delim><match><data>1\x29 itttr\x0a</data></match></read>
    <read><delim>\x0a</delim><match><data>Player to delete \x281\x2d1\x29:\x0a</data></match></read>
    <write><data>1\x0a</data></write>
    <read><delim>\x0a</delim><match><data>\x0a</data></match></read>
    <read><delim>\x0a</delim><match><data>1\x29 Add Player\x0a</data></match></read>
    <read><delim>\x0a</delim><match><data>2\x29 Delete Player\x0a</data></match></read>
    <read><delim>\x0a</delim><match><data>3\x29 Play\x0a</data></match></read>
    <read><delim>\x0a</delim><match><data>4\x29 Statistics\x0a</data></match></read>
    <read><delim>\x0a</delim><match><data>0\x29 Exit\x0a</data></match></read>
    <write><data>0\x0a</data></write>
</replay>
</pov>