<?xml version="1.0" standalone="no" ?>
<!DOCTYPE pov SYSTEM "/usr/share/cgc-docs/replay.dtd">
<pov>
<cbid>service</cbid>
<seed>38c0a2d7e1a42bb5484c64b1ae1c69420f0c83abf511b3470a2e5c09bb13fb17e1ec251e88920aaa114a91a5c516d207</seed>
<replay>
    <write><data>\x7b\xde\xbb\xe5</data></write>
    <read><length>4096</length><match><data>\x7b\xde\xbb\xe5v\x959\xfac\x8dS!\xb8Yl\x94g\x98\xf1\x23\x11d\xc7\xac\xb7\xf2\xa8E\x86\xe0\x00\x85\x3e\x85f\xc4a\xc8\xcbF\x0f\x87\xd3K\x0cDn\x90\x02\xeb \xe9\xe7\x15\xed\x5b\xdf\x86\xbb\x8b\xac\xd3?\x9d\xb0R\x11I\xdc\xa8e\xd9i\xbf\xc9\x3cG\x84\x9fh\x0a\x10\xbb\x03\x9b\xf93\x7f\x80\xefh\x90\xf0!\xeeg\xee\xeb\xa8Q\x9b\xc0x\xa2L\xa3a \x2c\x93\x8fS\xff\x0a\x0c4\xea\xa4tCP\xdfj\xa1h\x06\x97K\xc1\x8b\xff\x3c\xe0\x98I\xd3\xd4\x29\x06sF\x9e\x83hp\xa1\xdc\xa1g\xa6\xe8\xaaC\x1c\x0c\x1b6\xe6\xa8\xba\xb7\x03\xa9G\x8b\xe3\xa0\x7b\x29\xca\x96\xf1L\xf4\x1f\xf7\xdfZ\xea\xa8gr\xc5z\xba\x7e\xb3\xde\xbapy\x2a\xcc\x9f\xbd\x2f\xb0I\xe0\x25\xa1\x90\xee\x28\x2a\xd0\xc2o\xeb\xe5\xc0\xf1fi\x0d\x0c\xd0\xe3\xc3\x9d\x170\xae\x8b\x15\xaa\xda\xae\x12\xc8\x26vz\xcf\xd2\x86F\xad\x8ck\x94\x8e\x84O\x0c\xc8t\x5e\x82\xae\x11\xde\xb7\xb1\xb0\xc7\x9e\x95\xe8\xfb\xb9Q\xb4\xc7Nhf\xc2\x2dN\x83\xba2\xcb\x10\x2a\x96\xd3d\x0a\x0c\x5bN\xebs\xb3W\x9a\xa4y\x92a\x29\x92\xa9T\x86\xa1\xfe\xb9b:\x1a\x02I\x22\xc6\xff\xc3\x60m\xa05\x18Er\xb3\x16d\xf4\x22g\xe4\xb2\xd4e\xe1\xff!\x3e\xa6g\x2d\xcak\xd8zS\x1f\xd0\x9e\xb7Z\xbfC\xe3\xe7\x9e\xd0\xa7\xa2\xfc\xe1\xb8:\xcb\xc4\x18\x5d\xf0\xd0\xedR\x3d\x9e\xcd\xf7\x93n3\xbb\xa7\xe6L\xc0\xd9?\xdf\x2a\x7dv\xcdQ\xd5\x86\xeaI\xf95\xac\xcd\xeaQ\xac\xe6\xaf\xd9\xb5\xa2\xfem\x01x\xf7\x83\xc8\xb7\x07\xe6\xf2\xee2\xe7\x1f\xebLf\xb7\xe7\xac\xce\x0dnc\xc2\x7e\xc6T\x95\x07\x89\x3d\xab5\xc7\x1c\xa8\xedU\xa3\x88\x1d:\x85K\x5bInA\x83\x5c\x05q\x24\xf1\x8c\xb9\xee\xea\xc4D\xe3\x8c\xc2\x1a\xadw\xb0\x05\xf7\x08\xdev\xe3\x1e\x7e\xb3\x1e\x40\x0a\xd0Q7\x17\x97t\x94C\x11t\xd7\x85iY\xe3e\xb7\xe36\x22\x8f\x92\x89\x1do\x82xd\xdb\xf0g\xf3h\xa6\x82\xd2C\x8b\x04\xd2\xcb\x9a\x2c\x7f\xb4\xa4i\x08a\x15\x05mB\xc8\xa6e\xf3t0\xeaj\x3b\x17\xeb\xaf\x40\x3dn\xdca\x0b\xd0\x90\xbc\xa7\x1d\xfb\xc9t\x08\x80\xf1\x01\xca\xd8\xa28\xd0\xe5\x08\x28\x0d\xa3\x19\xd6R\xc3a\x19.\xbb\x28\x26j\xf4\xc4DM\xc1\x7b\x03\xc3\xe4\x92\xfb\xff\x1d\xbb\xb6\x00\xf1\xaa\x1a\xe9\x17\x00\xd0\xe5\xdb\x08\x07\xdf\xec\x3c\x28\x7c\x1ci\xf3k\x09\xfd\x95\xfc\x8e\x00\xe4s\x2a\xf9lD\xd3\x5e\x9b\x99\x85?q\xcf\x9d\x058\x0c\x5f\x1d\x94\xe3\xaeC\x8cv\xc920\x0b\x18\x05s\xffs\xe2\x99\xfbcZ\x83\xee\xea\xf2\xe1\x0e\xea\x2bDX6D\xe9\xcb\x8b\x24\x3e\xc5\x24\xc4\xd0\x8b\x2f\xa1\xe4ui\x9dcmt\xd6\x1eP\x01\xb3\xe8N\x07\x16\xed\x5e?\x86m\x9a\x89b2m\xf0WD\xbc\xc0\x40\x92\x99\xd6\xd4\xeeL\xf9\xb9\xd3\x01E\xb3\xa3\xd7\x1a\x1c\x7bz\x92\xbd\xec\x9a\xb6\xb1q\xdfR\xfe\x89x\x1c9I\x2b\x99I\xe0\x13\xbdJ\xd2\x7c\xb9\x40\x89\xf5E\x0a\xf2\x16\x9d\x09\xa8\xf2\xbe\xa0\x23p\x1cDh\xd0\xc4\xfcu\x05\xb9z6\xa7\x8aO\xc5\x84WS\x1c\x86\xe7\x13\xe8\x8a\x5c\x16\xd6\x84\x18:\xd8\x3c\x8a\xa6pp\xf1\x98\x23\x81\xebw\xbb\xcf\xe9\xba\xd4j\x9e\x27\x5d\x04\xec\xb2.\xde?\x87\x28\x5bR\x88J\xee\x9c\xbc\x80\x8d\xd0\xbchC\x27p\xec\xb9\xe4\xe2?\xe9b\x1b\xf8\x18\xaeG\x1b\x28\xa4l2\x99\x80\xfa\xf9\x1f\x0dA8\xd5\x1b\x5fb\x1c\x0fI\xff\xbc\xbb\xa7n\xdfMa\xa1\x9a\xf4\x16\x40\x1a\x2b\x5e\x85\x05\x7bm\xe9\xc2\x19\x97dx\x0a\xa0\x00\xf0\xa7\xf7\x95F\x3cyN\x26\xdb\x02w\xefz\x87\x8e\xff\x1c\x9c\x1a\x5c\x07\xb2\x01\x9dm\x85\xe4\xd7\xeb\x9b\x0c\x94\x3c\x93\xbe\xee\x24\x270\x86\x7b\x7e\xbfK\x8fG\xbfm\x2f\xfcY\xa9\xc2\x2cue\xc9\xe7\xcb\xf4\x1d\xf9\xe9\xa9\xa4B\xaaQ\x1b\xb6!\x13G\x14\xd3\xe5\xd8\x26u\x0c\x01\xbc\xea\x2d\x04o\xbe\xf1g\xa1\x93\x1f\x7dB\x14\xbd\x7bp\xe8\x9b\x9a\x8b\xbc\xf6\xa1\xc7r\x2bO\x07jbC\x0e\xa1\x1f\x08II\x2a\xd6U6\x7d\xe73\x28\x05\xd8j\x407\x80T\x2b\x0f\xafQni\xf4s\x15:\xed\x91\x13c\x3e\xce\x40\x7f\xb1\x7d\xa3\xf9\xda\xbbLz\xd0\xdf\x1d\xeej\xe4\x15j\x12\x5bxK\xc1\xc1\xb0\xc5\x1dc\x87\xde6\x3cs\x9c\x27\xc1\x92U\x01D\x29P\x24\x7c\xeap\xcd\x09\x2c\x85b\xd5\xec\xe8\x8c\x8a\xb5\xcf\x1a\x12\x2a\x0a\xfd\x5c \xe1\xd3\x99\xc6\x80\x9f\xe0\xf2\xdb\x9780\xf7j\x1b\x97y\xb1\x91\xf1\xb2\xaf\xecz\x91\xd5\x40\xaf\x28\xc88\x94\xeb0\xd8\xb6\x2d\x24C\xdfT\xa66\xb0\x8f\x90\x84\x1eX\xda\xb5H\x3dY\xf4\x2b\x88Z\x09\x60\xbe\xe8\x0c\xce\x2f\xa3\x25mVI\xbc\x90f\xc6\xe10\xdd2\xbf\x13\x89\x98\x5c\x99\xf7\xa8\x8c\x00\xd5\xd7\x92\xa0\xa6\x09b\xac\x0b\x04i\x5b\xf65\xa6\xf0\xfc\x83\xce\xfc\x0d!\x3b\xf5\x98\x7c\x9ez\xc3\xbd\xe5Zv4j\xb9\xe3\xfa\x07\xc3\xfd\xe7\x0a3\x7c5m\x91\xb1\x03\xf3\x1a\x19\x91\x09\x2a\xae\xd2q\xd99QK\xe64\xa7\xaa\x40\x98\x9a\x5e!tRjo\xd3\xa9\xf8\xa8jL\x26\xab\xa7\x1a\x04\x1e\x40C\xd6B1S\xbd\x8d\xb2n\xfb\xe1\xdf\x88f\xb6\xc8\xaf\xbb\xf2\x3d\xd5\x5e\x00\xa3\xef\xc3\xf6\xa5\x2fK\xd5\xe5E\x08\xba\xfa\xb59\xe2\xd2\xb4\x0c\xf0\xe8\x9eC\x82\xc2D\xbb\x8d\x91\x07\xe7\x3d\x08?\x0b\x2cy\x0bpT\xcc\x8d\xa3\x98\xa1Q\xac\x1bW\xfb\xc0\x0b\x91?\xf6\x94\xfd\xa2\x93K\xb6B\xa8\x10o\xf9\x22\x1d\x8c\xbfZ\x7cZ\x08\xbb\xc3z\xf196?\xb2y\x9f\x01\xd1\x40\x5d\x9c\xe5W\xc8\x99s\x00\xaff\x85A\xfd\x8fJ\xcc!3\x91\x23\xd9\xba5\xc1\x8c\xde:\x0fF\xd6\x9c\xda\xb8\x14\x2bnz\xffj\x8c\x0b\x0bh\xc0\xafE\x17\x5c0 \x83\x94\x0a\x60\xb8\xc5\xfe\x09S\x84\xa7\x1b\x05\x0a\xc4\x87\xb5Byo\x2bN\x3d7\xd5\xf2\x14\x87\x80\x5c\x14g6\x8bT\x2b\xa6\x95\x7f\xa3\x0c\xb2\xa3O\xaa\x1ds\xf5as\x06k\xea\xdaS\x02\xc8\xbes\x2f\xfe\x9b\xb5\xd7\xe0\xdb\x15v\x8f\xe2\x5d\xe0\x9e\xf8\xa2\x0a\x3c\x1e\x2b\xae\x7f\x8b\xc9\xef\xa97\x11\x8e\xd0\xb2\xa6\xda \x1e\xb4C\x40N\xa2\x00\x5b\x5f.\xdb\xdcu?Y\x84\x19\xd6\x10\x243A\xd0\x827x\x28\xdd\x92Q\x3d5\x99\x25\xd8\x18\x3e\x98\x9e\xec\xfe1\x0b\x09!\xe8\x82\xe8sJ\x3d\xac\xcf\x8f\xf8\x14\xa3\xb5\x5ci\x1b\xea\x7c\x80\xcc\xab\xed7\xe6N\x0c\xe7\xb8N\xc7VUb\x3dG\x3d\xe4\x11\x16\xd8\xf9\x03\x0e\xd0\xbc\x27\xe4\xe9\x5d \x06\x29\x09\xd6\xc9\x03\x2f\xf3\x15\xefv\x2f\x26\xdbayA\x079S\xd5\xf2\xa7\x91\x7d8\xae\xb4\xc2\xd4\xf5f\xd9\x83\x5cW!\x1ct\x91\xd1\x07\xf6\xb9\xa4N.\xba\x7bv\x8f\x22\xe7\xf8\xa3\xd9C\xf0\x83J\xabN\xca\xf6\xee\x1a\x5d\x28Z\x19\xf0\x5eI9\xda\x82\x5b\xb3\x2d\x09\x8a\x95\x2c\xee\x01\x2aP\xa2\xd0Fz!\xe7F\x88\xb0\xba\xad\x24\x12\xf6\x13\xb5\xbf\xba\x5f\xe8\xed\x0b\xc8\xe9\xdf\xe7\x1a\xf2\x08\xb60\x1d\x28tSa\xa2\x22\x14\x9c\xb8\x0a\x9e\xc6\x89\x8dlb\xa2\x87\xda\x0c\xb0\x60\xed\x1f\x95V\xf6\xfe\x1fLI\xb0e\xb9\x8d\xc5\xfc\xdb\x7f\x07\x3e\x04\xd8\x99\xe8\x22\xbbk\xdbO\x8a\x7d\x0f\xe5B6\xf8X\x0a\xe3\x60Pg\xdca\xb5\x12\xacZ\xadb\x60\x22\xee\x11\x1f\xb1v\x2cDo\x99\x14\xe7\x84V\xaf z\x99\x97\xd8\xef7TE\x0bb\xb3\x81\x01\x7d\xaf\xfd\xdb\x29\xc7\x7fns7\xdb\x1f\xc5\x0f\x9b\xe4c\xcbT\xa3E\xf7\x81U:\x17\xc7\x8cI\x81h\xa8R\x97K4y\xa9\xa6\x1a\x22\x5c\x25\x9cQ\xd9\xfd\x9d\x18\x06\xf8\xb20:\xb3\xedK\xa4\x288\xa0\xa4K\x8d\xe3\x83q\x2aq\x40\xf2A\x18\x2a8y:\x01\xe9\xda\x05\x2d\x7fDJ\x85\x19\xb6\xdd\x01\xe9\x8d8\x3b\x03\xe8eO\x5c6\x9b\x0aFtoB\xbf\x9a\x23\xdc\x0d\xcc\xf3\x8dt\xd3\xf1\x13\x5b\x3eT\x3bL\xbc\x88u\x22l\xef\xfd\x886K0\xfd\x13\x92\x2a4h\xa1.\xe6W\x3d\xb2\xbd\xca\x86G\xfbv\xe2Q\xb4G\x13\xec\x0c\xaaO\x7d\x81\xea\x18p\xe3\x8f\xa6\xa8\x1c\x19\x14\x03\x9b\x92\x2c4\xc4\x08\x86\xc7\x9a\xa9\xcet\x7b\xe1\xff\xc0\xbb\xf4\xd2S\xd7p\x9b\xef\x04\x11\xf4\x06\x5d\x80\x95\x04I\xf0\x27\xb1\x14x\xd5x\xdc\xf7\xb5\x0b\xa4\x8f\x00Ma\x05\x7f\x8b \xa3\x06z\xb4\xe4\xd2m\x96p\x0b\x18\x18\xde!\xf8\xab\xdbMn\x01E\xbc\xf6Y\x83\x5e\x2f\x22\x2f\xb5D\xda\xe4\x95r\x0a\x1d\xcd\xd8A\xffM\xa4\x2f\xffUL\xb5\x1d\x94\xd7\xd1\x80h1\xca\x08\x93\xcfM\xe88\xaa\x10\xf2N\xe5\xf2\xe0\xec\x5bG\xe6\x8b\x1cDY\xff\xeb\xfa\x0d\xd7\xa5RTn\xf2\xc4\x7e\x1e\x8b\x5cP\xf5\xcbYi\x0c\x86\x3e\x7d\xea\xd1\x1a\x29\x01\xd7\x9c\x290\xef\x5e\x83\x8e0\x8b\xa2\xb6\x00\x7bM\x98\xa5\x05\xe3\xb8\x7f\xd9\x8fWn\x1d\x11\x80L:\x2c\x81bc\x08\x2a\x1a\xb2\xd2\xcfz\xbe\xb4n\xd6\xde\xb2\x5b\x17\x1bD\xd8\xadb\xdcm\xe85\xe0\x92\xd3 \x8fv\x9b\x1e\x9bk\x7b\x3d\xdaA\x97:ZxU\xbcJ\x93\x40\x960i\xecU.\x7e\x0cG\xd1\x89\x09s\x5d\xaa\xbd\x86RD\x26\xfeO\x23\xd5\xe6\xd4\xe8\x13\xfb\xa4\xbc\x8fw\x1c\x93\xd1\x7d\x81\x22K\x0aZd\xf3\x3d\x8c\x01\xf5\xa8HK\x3e\x5d\x06\xfb\x89\x2c\x1a\xf4\xe9B\x2f\x2c\xfd\x1aV\x19\x5d\xba\x7c\x26RLb\x98\xaaA\x7d\xcf\xf1L\xc1q\x84\x1d\xe1\x17\x9d\xbe\xce\xfe\x84\x19\xed\xb3\x87n\xce\xe5\xc3\x03H\xcb\xaac\xf9\xcd\x7b\x7cZ\x28\xa3i\xfd\x83\xdc\x02\x9dP\x0b\xec\xcf\x85\x40\x3e\xc8\x16\x5b\x0d\xb3\xed\x7eP\xc3\xe2A\x8bkp\x1a\x16z\x96\x9dJ\xe5i\x12\xc1\x9c\xb3G\xa8:\xdb\x1e\xcaOUt\xad\x24\xd7\x11n\xe2\xc2\x84\x06\x09M\xefSn\xe4\x87\xa2j4\x3d\x951\xd97\x98\x5etb\x9fM\x96\xfd\x14\xea\xd32\x07P\xf4\x94\xe9C\x3c\xc3\xc9\x80\x1e\x0c\xfc8\x98\xf8j\xb7\xab\xd4\x0d\xb0\xcc\x12\x2b\xe9m?F\x89\x99\xd4\xfd\x3b3\x83\x7e\x0b\x8b\x10\x5d\xd7\x19\x85\x9d\xcd\xa6\xb6qX\x7b\x24\xc8z\x87\x8ep\x95.\xf5\xf1h\xdb\x1a\xce\xe4\xb7\xb7\x08\xa8Q\xb8\xba\x0a\x08\xba\xe7\xcdt!9\xad\xf8u\x7bY\x3d\x2d\x06\x1b\xde\xb4\xb6v \x98\xab2\x0ai4\xce\x0a\x0a\x17k\xea?\xd0\x90\xde\x22\x0c\xe4\xde\x60S\xc1\x8c\xbc7\xa8\xab\x1d\xe1?\xfd\x17\xa1\xf9\xb1X\x8e\xa2q\x11\xbd\x1a\xf1\x8f\xec\x84w\xa4H\x13\xaa\xd2\x08L\x09X\x8ej\x1b\x2a\x2b\x3d\x40\x8f\x28qv\xd6m\x9d\x19\xd3\xaa\xb4\xf9\xa9\x19\x25\x02\x03\xca\xe4\xcc\xeb\xfa\x3e\xdc.\x3e\x83\xcdo\xbd\xf9\x3c\x60O\xdb\x9d\xfaV\xf4\xa5\xb2\xd8\xd2\x1br\xb7\x16\x7f\x16X\x19\xe9x\xd8\x16\xabw\xd2l\xfaZ\x16\x18\xbc\xa8\xbdQ\x82\x1f\x5e\x95\xa2\x7b\x04\x15\xe2\x5b\x1ft\xbe\x9aL\x9cLC\x01p\x0cg\xd8 W\xd6\x26\xac\xb2\xa1jN\x93J\x09\x17\x93\x8b.\x87Ali\x13\x0b\xa9\xdd\x25\xc3\xbb\x85Hu\xe3\xf6\xb6\x04\x11\xb8\x7b\xc0\x18\xd4\xa2\x80\x22\x9d\x9f\x3c\xc6a\x99\x9bz\x22mB\x22\xbcc\xbc\xa9\xff\x96\x94\xda\x276\xb1K\x25\x88\xc7\xa0\x2b\xd4\xee\x9c\xc5S\xa7\xd0\xea\xedI\xcah\xc9\xab\x89\x9f\xf3\x40\xd0\x1d6\xed\xa5U\x9b\xad\x1e\x94\x27\x87\x24\x8a\xa3\xda\xf2\xf7G\x97p\xc9\xcc\xe2\x0c\x8b\xb2\xabD\xba\x18\x2a\x9a\x1ee\xe8\xd4\x19\x23\x8c\x93\xbf\xea\x03\xa6\x5e\x07\x15\xdaT\xc0\xb7\x846\xf9\xd8\x2c\xa6C\x14\x04E\xdcw\xb7j:\xf7J6\xabh\x15\xa4I\xd8CP\xa4\x28x\xc5\xd3 \x17v\x5c\xd1f\x2b\xd6g\xf3\x0e0\x5d\x193\xcd\x5d\xa2\xeaJUE\xa9\x07\x25\xfeq\x5f\x7d\x89\xe1\x82\x3c\xfc\xb6 \xe0\x80D\x80L\xe0g\x86\xc5\x18L\x2aOj\xedu\x2b\x5f\xe5\xc5X\xef\xc9\x5bk\xb2\x80\xd9\xd0\xeb\xbc8\x8f\x04\xfb\x0c\x27\xf7\x8a\x8d\xf2g\xc1M\xd6\x1c\x80\xedc\x03\xbd\xc9\x95\xff\x7fRPk\x0b\x82\xc9\xc2\xac\xe9\xd2\xa0\x0c\x15\xf6?\x1f\x7e\xcf\x10\xed\x0c\xb0\x9dk\x1a\xe2\x9f\xdb\x05Z\xebv\x92\xb1\xc8\x97\xe9\x1d\xce\x1b\x14\xc7N\xd9\xa85\x0f\xf1\xf6\xbc\xaaV\xcc\xd8\xda\xed\x10\x09\x9d\xa3t\x3c\x3e\x2d\x2c\x11\xf4\x9cs\xbb\x0b\xfd\xd5V\xfa\xaf\xc0\x83\x09g\xad\xfbY\xcd?x\x14s\x22\x0f\x8e\x1e\x8eJ\x98\x8e\xb8\xceU\xef\x18\x122A\x40q0\x91\x5f\xce\x7f\x5f\xd7\xf1\x220ma\xec\x15\xd1\xff\x13\xfa\xf3\x9bC\x7f\xe7\xef\xd8\x83\x25\x7e\x15\x402\xe8\x1c1\x8a\xb5i\xfe\xe6\x04p\xbe\xd1!\x14\xaa\xc7\x7e\xa6\xfc\xd9\x9ekl\x1b?\x13\x81y\xc87a\x921\xe3\x2c\x95\xf8\x04\xa7\x88\xfb\x0e\xab\xda\x25\xa2\xbd\x129\x09\xb9\xe4\xa0\xc6WX\x8d\xdb!\x85\x12B\x96\xcc\xcf1\x92\x8cZ\xe6\xb5\x7f9j\x5b\x9av\x7c\x2d\x18\xaeAmw\xcd\x2f2\xe4\xd0n\xf4k\xfe\xf0\x23\x0b\x2a\x18\xc2\x92\xbb\xf8\x24\xe0\xaf\x24u\x2f\x8d\xc9\xd9\x7b\xe1U\x08k\xfb4\x02\x00QB\x2c\xa8\x7f\xb1\x96\x29\xa4Q\x2f\xab\x15SO\xf0\x19\x08H\x8f\xd6\x3d4\xcb\x1f\xfe\x5c\xe0\x86L\xa0\xa6\x1d\x17g\xf0p\xa1\xc9o\x60\x95\x07\xda\x7f\xfc\xfc\xc4\x1b\xfd\x82\xaa\xb4\x0f\xd7\x11\x22\x91\xbb\x8a\x97GP\x98\x1e\xc2\xd6\x8dz!YL.\x1eQ\xc8P\x7bZ9\xd9\x8fR\x9b\xbd\x15\xeen\xa2\xc6s\xf2q\x22\x0c\x86D\x81\x87\xda\xea\x96\x9equ\x3c\xf4\x1b\xfe\xa1\x5f\x0d\x9agU\x2c\xe6\x1c\xd2\x2c\x0d\x8f:\xa2\x5c\xbc\x1eP\xf3\xc1\x22\x92\x5c\x0av3\x3b\xe3G\x1bs \xee\x25\x7e\xdb\xb4n\xd7\xc3L\x5d\xaa\x9c\xf7\xa5\x02\xdc\xbf\xa7\xa4g\x06\x24u\x2a\xeb\x9a6\xd7\xa8\xff\xdf\x98g\x98\x10Z\xa7\xd4\xa5\xdd\x1f\xf8\xe8\xd5V\x8c\x7e\x9d\x3b\x93\xae\x14\x00\xb7\x81\xf4\xe8\x8c\xd1\xa1\xe0\xeb\x82\x96\x1b\xd4\xad\x05Vn\xf6\xb4\x25\xccD\x89\xe5\xfb\xa8\x86\xb2\xb4\xcb\x2f\x89c7Ug\xf7\xd7\x14\x01\xbe\xea.\x0ey\x91x\x81\x24\x00\xcc\xed\x97bN\x28\x1b\x1c\x0b\x3d\x83\x85\xc8\xbd\x08 7\xda\x24\xca\xe9\xf2\xd5\x2a\xe2\xb1j\x9fSccSNr8x\xac\x92m\x24\xf2\x0f\x90\xbf\x2b\xd5\xd4\x90\xfai\x8c\xb8\xe2\xd5\x82\x90\xde\xac\x8f\xa7\xe8\x92p\xb7\x2f\xcdX\xe4\xbd\xfe\xb1\xd6\x87\xd5\xdcM\x80M\xc3\xfc\x18\x09\xf0\x09\x9c.3\xb4y\xcc\x08\x5b\xeb1\x3bq\x16\x91\xfc\xfc\x83\x23\x83H\xfa\xd4\x82\x7c\xc4z\xc5\x9d\x86\xb5N\x85\xa2c\xec\x08\xa3dtG\xe8\xe3\x14\xfdQ\xd7X\x5b\x9a\x14\x9c\xf0\x09p\x7d\x1dZ\xbc\x23\x81\x1d\x7b\xb94\x5fFfQ\xe7oo\xe7\x97\xc0\x3dG\xb4\x10\xbc\xe7\x91\xf9\x1e\xb8\xd3\xf5\xbeO\xe7\x15\xa4\x5ft8wY\x28\x09\xb2I\xb4\xcf\xa5\x0f\xab\x03\x85\x9a\xf9\xd6\x7f\x0a\xc0\xc9\xe2:.\xe3q\xe1\xc3\x28\xb6\x8c\x5b!\x11na\xbe\x0f\xf9\x0b\xe2\xf3A1T\xe1p\xfc \x1a\xa3\x26\xad\x06\xa5\x7bp\x5c\x28\x04C\x23\xe3\xb2w\xea\x09\x25T\x2c\xdb\xe7\xff\x15\xbe\xcb\x94\x80\x2bd\xb6\xe9\x9f\xc4\x23\xfb\xe9\xbf\xd1\x3b\x11L\xd9\xd5\x8f\xdb\x1e\xd4\x7f\xadH\x83\x9dgi\x03\xf8nL\xfc10h\xc4\x92\xf0\xba\x98\xea\xf2\x08\x81\x03\x03 K\xa0\xbc.0Y\x07H\x83\xed\xf2\xdb\x8e\x93D\x00X\x1b\x05\xe4\xd5E\xd1\x8a\xef\x11Rk\x83\x24\xb9\x0enXu\x13\xdf\xc5:\xd0:\x8cT\xecmr\xc5\x2b\xd8\xabm\xb86\xce\x11\x06\x8c\x19\xf2\xefl?\x85\x25JHU\x10\xac 4\xb0\x9f\x06A\x19\xf5x\xac\x96\xcd\x85\xd5\x9b\x82\xab\x0b\x04N\x19\x0ci\x94\xfaT7w\x0d\xa1\xc0\x90\x2ag\x13F\x22\x3e\x1c\x9d\xfd\xa8\xd13\xf6\xd4\xc7\xda\x60\x0a\x9c\x22\x27Is\x8d\xc5\xbb\x3e \xadi\x03\xd9S\x1b\xbf\x0dU\xb2\xban\xa2\x11\xb1\x29.r\xf6\xc6\xc7\x12\x19Q4\x09p\x0a\x5e\x9atI\x5e\xc4\xf1n \x7e\xcf\xe4\x22!\xab\x87\x7d?\x01\x27\x9f\x99\xc4\x06\x890N\x0a\xcd\xaa\x92\x81\x0e\xa5\xe1\xbc?\xd8\x0b\xcb\x27\xadM\x7cS1U\xab\xed\x05S!\x3b\x84\x94\x18\xbb\x03\x5d\x8ejt\xce\xcd\x12J\xe2v\x88\xbet\x8b\x16Z\x27j1\xa0C\x07\xa900\x03l\xd5YL\x8e\x23\xca\x87P\xfbU\x82\xd7\x9b\xfe\xac\xb0u\xf1y!?\x17\xb6.\x89t\xdf\xb7\x06\x17\xe7\xc9\x93\x8e\xfd\xb7PM\xdd\x96\xf0s\x29\xcd\xa3\xea6MN\xc3 </data></match></read>
    <write><data>\x0d\xb5\x2c\xa5\x3b\x80\x14D\x8c\x01\x00\x00\xa5\x02\x8cSjriHibYmUYA\xa4\x05\xa5\x02\x86jpVxHm\x97RAzrEvFbAcUIiRuuTZbwFap\x86ychIlN\xa3\x00\x04\x11F\x80\xbf\xa3\x00\x19\x8a\x9fL\x40m\xaf\xf3\xbd\x08\xc7h\x05\xad4\x94w0\xa7\xc5\x5d\xb1Y\xef\x5f\xe3\xa6\x9bcEuHGhRfXLbsmfCWyultQcNXkhs\xc2\xf6\xbf\xaf\x5e\x8endoNCcjDvoTGXO\xa5\x05\x88FGiwLYwO\x8bquaxoulYway\x87LHXlqPb\xa5\x01\x85rHQNo\xa4\x05\x9drHqvIxhxqCqdEkieROZnhDrhwHquu\xa3\x00\x13L\x8d\x89FX\x22\xeb4\xe4\x97\x92\x82\x7b5t\x9c\xce\x2bI\xa3\x00\x1exYq\x7d\x7c\x2b\xe8\xcd9\xa0D\xc5\x2d\xa8Q\x3clM\x40\xac\xf9e\xa5xX\x8e\x90\x7d2\x1f\xa5\x03\x89YlKZVkdMf\xa4\x04\xc2\x11\x82\xaa\xed\xa2\x8cjNzWYSYAGvOx\x88lxHJiJta\x86wJzpFA\xc2o\xf6\xe7I\x87wPTtyRf\xa3\x00\x0e\xb1\xf3\xa8.\xf3\xe8\xd0\xecAZ3\x81\x3b\x3e\xa3\x00\x05zP\x12Yu\x89UeaAcmnNP\x89fjQfCykhe\x85WPQKF\xc2I\xfbw\xb9\x85obcEt\xc2\x9f\xc9b\x8b</data></write>
    <read><length>8</length><match><data>\x00\x00\x00\x00\x00\x00\x00\x00</data></match></read>
    <read><length>30</length><match><data>\xa4\x02\x8cSjriHibYmUYA\x8endoNCcjDvoTGXO</data></match></read>
    <write><data>\x8e\xd3\xa0\x98\xe0\xabB\x08\x11\x00\x00\x00\xa4\x01\x8endoNCcjDvoTGXO</data></write>
    <read><length>8</length><match><data>\x00\x00\x00\x00\x00\x00\x00\x00</data></match></read>
    <read><length>272</length><match><data>\xa5\x01\x8endoNCcjDvoTGXO\xa5\x05\x88FGiwLYwO\x8bquaxoulYway\x87LHXlqPb\xa5\x01\x85rHQNo\xa4\x05\x9drHqvIxhxqCqdEkieROZnhDrhwHquu\xa3\x00\x13L\x8d\x89FX\x22\xeb4\xe4\x97\x92\x82\x7b5t\x9c\xce\x2bI\xa3\x00\x1exYq\x7d\x7c\x2b\xe8\xcd9\xa0D\xc5\x2d\xa8Q\x3clM\x40\xac\xf9e\xa5xX\x8e\x90\x7d2\x1f\xa5\x03\x89YlKZVkdMf\xa4\x04\xc2\x11\x82\xaa\xed\xa2\x8cjNzWYSYAGvOx\x88lxHJiJta\x86wJzpFA\xc2o\xf6\xe7I\x87wPTtyRf\xa3\x00\x0e\xb1\xf3\xa8.\xf3\xe8\xd0\xecAZ3\x81\x3b\x3e\xa3\x00\x05zP\x12Yu\x89UeaAcmnNP\x89fjQfCykhe\x85WPQKF\xc2I\xfbw\xb9\x85obcEt\xc2\x9f\xc9b\x8b</data></match></read>
    <write><data>\x5d\xf8\x5d\x3e\xd0Gy\x7b\x07\x00\x00\x00\xa4\x02\xa1\xa3\x00\x01\xe7</data></write>
    <read><length>8</length><match><data>\xeaIY\x3e\x12\x0a\xf5\xdf</data></match></read>
    <write><data>\xf8\xcf\x2c\x60\xca\xc4\xce\xf0\x19\x00\x00\x00\xa4\x02\x8cSjriHibYmUYA\x89oCaGebeOK</data></write>
    <read><length>8</length><match><data>\x00\x00\x00\x00\x00\x00\x00\x00</data></match></read>
    <read><length>137</length><match><data>\xa5\x02\x8cSjriHibYmUYA\xa4\x05\xa5\x02\x86jpVxHm\x97RAzrEvFbAcUIiRuuTZbwFap\x86ychIlN\xa3\x00\x04\x11F\x80\xbf\xa3\x00\x19\x8a\x9fL\x40m\xaf\xf3\xbd\x08\xc7h\x05\xad4\x94w0\xa7\xc5\x5d\xb1Y\xef\x5f\xe3\xa6\x9bcEuHGhRfXLbsmfCWyultQcNXkhs\xc2\xf6\xbf\xaf\x5e\x89oCaGebeOK\xa0</data></match></read>
    <write><data>\x8e\xd3\xa0\x98\xe0\xabB\x08\x0f\x00\x00\x00\xa4\x01\x8cSjriHibYmUYA</data></write>
    <read><length>8</length><match><data>\x00\x00\x00\x00\x00\x00\x00\x00</data></match></read>
    <read><length>126</length><match><data>\xa5\x01\x8cSjriHibYmUYA\xa4\x05\xa5\x02\x86jpVxHm\x97RAzrEvFbAcUIiRuuTZbwFap\x86ychIlN\xa3\x00\x04\x11F\x80\xbf\xa3\x00\x19\x8a\x9fL\x40m\xaf\xf3\xbd\x08\xc7h\x05\xad4\x94w0\xa7\xc5\x5d\xb1Y\xef\x5f\xe3\xa6\x9bcEuHGhRfXLbsmfCWyultQcNXkhs\xc2\xf6\xbf\xaf\x5e</data></match></read>
    <write><data>\x5bP\xa3\xb2\x25\x03\xb2\xed\x09\x00\x00\x00\xc3\x00\x00\x00\x00\x00\x00\x00\x00</data></write>
    <read><length>8</length><match><data>p\x04Dg\xf9\xbe\x60\x5c</data></match></read>
    <write><data>0\x15\xea\x2f\x2a\xd8\x1c\xe5\x00\x00\x00\x00</data></write>
    <read><length>8</length><match><data>p\x04Dg\xf9\xbe\x60\x5c</data></match></read>
    <write><data>\xf8\xcf\x2c\x60\xca\xc4\xce\xf0\x02\x00\x00\x00\xa4\x00</data></write>
    <read><length>8</length><match><data>\x00\x00\x00\x00\x00\x00\x00\x00</data></match></read>
    <read><length>2</length><match><data>\xa5\x00</data></match></read>
    <write><data>\x5bP\xa3\xb2\x25\x03\xb2\xed\x09\x00\x00\x00\xc3\x00\x00\x00\x00\x00\x00\x00\x00</data></write>
    <read><length>8</length><match><data>p\x04Dg\xf9\xbe\x60\x5c</data></match></read>
    <write><data>j\x194\xe9\xf0\xcb\xf1q\x00\x00\x00\x00</data></write>
    <read><length>8</length><match><data>p\x04Dg\xf9\xbe\x60\x5c</data></match></read>
    <write><data>\x0d\xb5\x2c\xa5\x3b\x80\x14DC\x00\x00\x00\xa5\x03\x87pvqgacC\xa3\x00\x18\x82\x10\x5e7Z\xbb\xf8\xb8\x2cQ5\x18z\xd6Bv\xff\x89nt\xc7\x93\x3d\x03\x8esrUlNfnQVAvNVC\xc2\x1fC o\x88QMymkaeW\xa2</data></write>
    <read><length>8</length><match><data>\x00\x00\x00\x00\x00\x00\x00\x00</data></match></read>
    <read><length>34</length><match><data>\xa4\x03\x88QMymkaeW\x87pvqgacC\x8esrUlNfnQVAvNVC</data></match></read>
    <write><data>\x5d\xf8\x5d\x3e\xd0Gy\x7b\x17\x00\x00\x00\xa4\x02\xa1\xa3\x00\x11\x1aq\xa5\x25\x91e\x88\xf2\x94\x5c\xcc\x8a\xbc.\xd9\xc6\xdd</data></write>
    <read><length>8</length><match><data>\xeaIY\x3e\x12\x0a\xf5\xdf</data></match></read>
    <write><data>\x0d\xb5\x2c\xa5\x3b\x80\x14D\x12\x00\x00\x00\xa5\x01\x8euQGIpgjYYOGIYc\xa1</data></write>
    <read><length>8</length><match><data>\x00\x00\x00\x00\x00\x00\x00\x00</data></match></read>
    <read><length>17</length><match><data>\xa4\x01\x8euQGIpgjYYOGIYc</data></match></read>
    <write><data>\x5d\xf8\x5d\x3e\xd0Gy\x7b\x1a\x00\x00\x00\xa4\x02\xa1\xa3\x00\x14\x13\xbem\x9b\x83s\x9d\x07\xcak\xcc\xee\x40k\x7f\xe1\xec\x03\xa77</data></write>
    <read><length>8</length><match><data>\x00\x00\x00\x00\x00\x00\x00\x00</data></match></read>
    <read><length>1</length><match><data>\xa1</data></match></read>
    <write><data>\x5d\xf8\x5d\x3e\xd0Gy\x7b\x0c\x00\x00\x00\xa4\x02\xa1\xa3\x00\x06\xf79\xe2\x0a\xba\xf1</data></write>
    <read><length>8</length><match><data>\xeaIY\x3e\x12\x0a\xf5\xdf</data></match></read>
    <write><data>\x5bP\xa3\xb2\x25\x03\xb2\xed\x09\x00\x00\x00\xc3\x00\x00\x00\x00\x00\x00\x00\x02</data></write>
    <read><length>8</length><match><data>p\x04Dg\xf9\xbe\x60\x5c</data></match></read>
    <write><data>\xf8\xcf\x2c\x60\xca\xc4\xce\xf01\x00\x00\x00\xa4\x04\x8esrUlNfnQVAvNVC\x87pvqgacC\x8euQGIpgjYYOGIYc\x88QMymkaeW</data></write>
    <read><length>8</length><match><data>\x00\x00\x00\x00\x00\x00\x00\x00</data></match></read>
    <read><length>83</length><match><data>\xa5\x04\x88QMymkaeW\xa2\x87pvqgacC\xa3\x00\x18\x82\x10\x5e7Z\xbb\xf8\xb8\x2cQ5\x18z\xd6Bv\xff\x89nt\xc7\x93\x3d\x03\x8esrUlNfnQVAvNVC\xc2\x1fC o\x8euQGIpgjYYOGIYc\xa1</data></match></read>
    <write><data>\x8e\xd3\xa0\x98\xe0\xabB\x08\x0a\x00\x00\x00\xa4\x01\x87pvqgacC</data></write>
    <read><length>8</length><match><data>\x00\x00\x00\x00\x00\x00\x00\x00</data></match></read>
    <read><length>37</length><match><data>\xa5\x01\x87pvqgacC\xa3\x00\x18\x82\x10\x5e7Z\xbb\xf8\xb8\x2cQ5\x18z\xd6Bv\xff\x89nt\xc7\x93\x3d\x03</data></match></read>
    <write><data>\xf8\xcf\x2c\x60\xca\xc4\xce\xf0\x1a\x00\x00\x00\xa4\x02\x8euQGIpgjYYOGIYc\x88QMymkaeW</data></write>
    <read><length>8</length><match><data>\x00\x00\x00\x00\x00\x00\x00\x00</data></match></read>
    <read><length>28</length><match><data>\xa5\x02\x88QMymkaeW\xa2\x8euQGIpgjYYOGIYc\xa1</data></match></read>
    <write><data>\x60\x0fq\xb6\x95\xe5l\xaf\x00\x00\x00\x00</data></write>
    <read><length>8</length><match><data>p\x04Dg\xf9\xbe\x60\x5c</data></match></read>
    <write><data>\x0d\xb5\x2c\xa5\x3b\x80\x14D?\x00\x00\x00\xa5\x03\x8aNDrdJDLUMj\xc2Di\x87\xc9\x8bTULRWRfrpaG\xa6\x8cnWuiwCUBZXJv\xa3\x00\x10\xbbg\x90\xec\x7c\x29\x7f5\x02\x7f\xfd\xa9p\xcc\xb5S</data></write>
    <read><length>8</length><match><data>\x00\x00\x00\x00\x00\x00\x00\x00</data></match></read>
    <read><length>38</length><match><data>\xa4\x03\x8aNDrdJDLUMj\x8bTULRWRfrpaG\x8cnWuiwCUBZXJv</data></match></read>
    <write><data>\x5d\xf8\x5d\x3e\xd0Gy\x7b\x08\x00\x00\x00\xa4\x02\xa2\xa3\x00\x02d\xfa</data></write>
    <read><length>8</length><match><data>\xeaIY\x3e\x12\x0a\xf5\xdf</data></match></read>
    <write><data>\xf8\xcf\x2c\x60\xca\xc4\xce\xf0\x2a\x00\x00\x00\xa4\x03\x8bTULRWRfrpaG\x8cnWuiwCUBZXJv\x8euQGIpgjYYOGIYc</data></write>
    <read><length>8</length><match><data>\x00\x00\x00\x00\x00\x00\x00\x00</data></match></read>
    <read><length>63</length><match><data>\xa5\x03\x8bTULRWRfrpaG\xa6\x8cnWuiwCUBZXJv\xa3\x00\x10\xbbg\x90\xec\x7c\x29\x7f5\x02\x7f\xfd\xa9p\xcc\xb5S\x8euQGIpgjYYOGIYc\xa1</data></match></read>
    <write><data>\x8e\xd3\xa0\x98\xe0\xabB\x08\x0b\x00\x00\x00\xa4\x01\x88QMymkaeW</data></write>
    <read><length>8</length><match><data>\x00\x00\x00\x00\x00\x00\x00\x00</data></match></read>
    <read><length>12</length><match><data>\xa5\x01\x88QMymkaeW\xa2</data></match></read>
    <write><data>\x8e\xd3\xa0\x98\xe0\xabB\x08\x1e\x00\x00\x00\xa4\x02\x8cnWuiwCUBZXJv\x8euQGIpgjYYOGIYc</data></write>
    <read><length>8</length><match><data>\x00\x00\x00\x00\x00\x00\x00\x00</data></match></read>
    <read><length>50</length><match><data>\xa5\x02\x8cnWuiwCUBZXJv\xa3\x00\x10\xbbg\x90\xec\x7c\x29\x7f5\x02\x7f\xfd\xa9p\xcc\xb5S\x8euQGIpgjYYOGIYc\xa1</data></match></read>
    <write><data>\x5d\xf8\x5d\x3e\xd0Gy\x7b\x16\x00\x00\x00\xa4\x02\xa2\xa3\x00\x10\xa4\xf8\xcdj\x81z\xdb\xce\xb3o\x16\x2bMQ\xb24</data></write>
    <read><length>8</length><match><data>\xeaIY\x3e\x12\x0a\xf5\xdf</data></match></read>
    <write><data>\xf8\xcf\x2c\x60\xca\xc4\xce\xf0\x28\x00\x00\x00\xa4\x03\x8bTULRWRfrpaG\x8esrUlNfnQVAvNVC\x8aNDrdJDLUMj</data></write>
    <read><length>8</length><match><data>\x00\x00\x00\x00\x00\x00\x00\x00</data></match></read>
    <read><length>51</length><match><data>\xa5\x03\x8aNDrdJDLUMj\xc2Di\x87\xc9\x8bTULRWRfrpaG\xa6\x8esrUlNfnQVAvNVC\xc2\x1fC o</data></match></read>
    <write><data>\x5d\xf8\x5d\x3e\xd0Gy\x7b\x0d\x00\x00\x00\xa4\x02\xa1\xa3\x00\x07\xc0\xfbA\x8f\xe5\xf9\xa1</data></write>
    <read><length>8</length><match><data>\xeaIY\x3e\x12\x0a\xf5\xdf</data></match></read>
    <write><data>\x5d\xf8\x5d\x3e\xd0Gy\x7b\x1a\x00\x00\x00\xa4\x02\xa2\xa3\x00\x14\x13\xbem\x9b\x83s\x9d\x07\xcak\xcc\xee\x40k\x7f\xe1\xec\x03\xa77</data></write>
    <read><length>8</length><match><data>\x00\x00\x00\x00\x00\x00\x00\x00</data></match></read>
    <read><length>1</length><match><data>\xa2</data></match></read>
    <write><data>SRu\xd4J\x7ffA\x00\x00\x00\x00</data></write>
    <read><length>8</length><match><data>p\x04Dg\xf9\xbe\x60\x5c</data></match></read>
    <write><data>\x5bP\xa3\xb2\x25\x03\xb2\xed\x09\x00\x00\x00\xc3\x00\x00\x00\x00\x00\x00\x00\x03</data></write>
    <read><length>8</length><match><data>\x00\x00\x00\x00\x00\x00\x00\x00</data></match></read>
    <read><length>128</length><match><data>\x0b\x5bKEY\x5d: NDrdJDLUMj  \x3d\x3e  \x5bVALUE\x5d: 1147766729\x0b\x5bKEY\x5d: TULRWRfrpaG  \x3d\x3e  \x5bVALUE\x5d: NIL\x0b\x5bKEY\x5d: srUlNfnQVAvNVC  \x3d\x3e  \x5bVALUE\x5d: 524492911\x0b\x0b</data></match></read>
    <write><data>\x5bP\xa3\xb2\x25\x03\xb2\xed\x09\x00\x00\x00\xc3\x00\x00\x00\x00\x00\x00\x00\x03</data></write>
    <read><length>8</length><match><data>\x00\x00\x00\x00\x00\x00\x00\x00</data></match></read>
    <read><length>128</length><match><data>\x0b\x5bKEY\x5d: NDrdJDLUMj  \x3d\x3e  \x5bVALUE\x5d: 1147766729\x0b\x5bKEY\x5d: TULRWRfrpaG  \x3d\x3e  \x5bVALUE\x5d: NIL\x0b\x5bKEY\x5d: srUlNfnQVAvNVC  \x3d\x3e  \x5bVALUE\x5d: 524492911\x0b\x0b</data></match></read>
    <write><data>\x5bP\xa3\xb2\x25\x03\xb2\xed\x09\x00\x00\x00\xc3\x00\x00\x00\x00\x00\x00\x00\x03</data></write>
    <read><length>8</length><match><data>\x00\x00\x00\x00\x00\x00\x00\x00</data></match></read>
    <read><length>128</length><match><data>\x0b\x5bKEY\x5d: NDrdJDLUMj  \x3d\x3e  \x5bVALUE\x5d: 1147766729\x0b\x5bKEY\x5d: TULRWRfrpaG  \x3d\x3e  \x5bVALUE\x5d: NIL\x0b\x5bKEY\x5d: srUlNfnQVAvNVC  \x3d\x3e  \x5bVALUE\x5d: 524492911\x0b\x0b</data></match></read>
    <write><data>\x0d\xb5\x2c\xa5\x3b\x80\x14DN\x00\x00\x00\xa5\x04\x85aYXoc\xa4\x05\xa3\x00\x05\xb3\xc3\xe3u\x96\xc2\xad\xe3l\x2b\xc2\x7f\x13r\xde\xc2\xca\x047\xd2\xc2\x3e\xa8\xa1H\x85lCTIG\xc2JJ\x90\x16\x8ewrDegROFFuUZaP\xa6\x87RHIYcQj\xc2b1\x95\x8a</data></write>
    <read><length>8</length><match><data>\x00\x00\x00\x00\x00\x00\x00\x00</data></match></read>
    <read><length>37</length><match><data>\xa4\x04\x87RHIYcQj\x85aYXoc\x85lCTIG\x8ewrDegROFFuUZaP</data></match></read>
    <write><data>\x5d\xf8\x5d\x3e\xd0Gy\x7b\x11\x00\x00\x00\xa4\x02\xa2\xa3\x00\x0b\x0b5\x86\x27\xbe\x7cK\x12\xea\xfb\x0d</data></write>
    <read><length>8</length><match><data>\xeaIY\x3e\x12\x0a\xf5\xdf</data></match></read>
    <write><data>\x5d\xf8\x5d\x3e\xd0Gy\x7b\x19\x00\x00\x00\xa4\x02\xa1\xa3\x00\x13S\xc7\x3c.\xbb\x94gU\x26\xdc\xc8\xcd\xf2\x9e\xda\x3e\xd8\xe4\x24</data></write>
    <read><length>8</length><match><data>\xeaIY\x3e\x12\x0a\xf5\xdf</data></match></read>
    <write><data>\x5d\xf8\x5d\x3e\xd0Gy\x7b\x0c\x00\x00\x00\xa4\x02\xa2\xa3\x00\x06p\x2fg\x2f\xd2:</data></write>
    <read><length>8</length><match><data>\xeaIY\x3e\x12\x0a\xf5\xdf</data></match></read>
    <write><data>\x0d\xb5\x2c\xa5\x3b\x80\x14DV\x01\x00\x00\xa5\x05\x8elIHqvGXVerUePa\xb2\xf1\x92\x9e\x9e\x89UdfnoRMkn\xa1\x8aUFNuJVEZtQ\xb2\xc6\x99\x99\xe3\x8bduBbEjdXDFj\xa4\x05\xa3\x00\x06.\x9e\x86W\xc3l\xa5\x05\x85NWosW\xc2\xe6\xb6C\x9e\x88OGskWyTz\xb2\xd5\xb0\xe63\x87VRkFYoi\xa1\x88ojfgLZXb\xa4\x04\xa4\x04\xa5\x01\x86kpvBfF\xa5\x02\x88TNYKnvJf\xa3\x00\x1c\xf9\x2f\x22\xb5\x1fR\x04\x0f\xf4\xc6\xaf\xb6\xd7w\xc1\x8f\xb1\xbcZ\xd4I\x0a\xe3\x5c\xcf\xc4\xb3\xf4\x8atTjZNXLISa\x8excPMQcVvfpPJsC\xa6\x8dkXCLugETWpBpx\xa4\x03\x88BTUYSedG\xa3\x00\x17\x5f\x82\x04D\x2d\xa9\xf7I\x82 !E5\x07\x0b\xe4\x86\x95\xeb\xc47\xa9\xcb\xa2\xa1\xa3\x00\x18\x926\x87\x03\x29p\xba\xd7\xa3\x3d\xb6t\xd0\xce\xde\xc2\x2a\x2aK\xbd\x3cc\xad\xc3\xa6\x86xdNxus\x87TxhpQeG\xa2\xa2\x9dYlSNjEoASIdHyWimqYTTdkMzTklvx\x8dEMUczSAsJjfOX\xa6</data></write>
    <read><length>8</length><match><data>\x00\x00\x00\x00\x00\x00\x00\x00</data></match></read>
    <read><length>64</length><match><data>\xa4\x05\x8dEMUczSAsJjfOX\x8aUFNuJVEZtQ\x89UdfnoRMkn\x8bduBbEjdXDFj\x8elIHqvGXVerUePa</data></match></read>
    <write><data>\x5d\xf8\x5d\x3e\xd0Gy\x7b\x0d\x00\x00\x00\xa4\x02\xa1\xa3\x00\x07\xd4\xd1\x02\x5c\x86\xd8\x92</data></write>
    <read><length>8</length><match><data>\xeaIY\x3e\x12\x0a\xf5\xdf</data></match></read>
    <write><data>\x0d\xb5\x2c\xa5\x3b\x80\x14Df\x00\x00\x00\xa5\x05\x89tTASdVvaW\x86QzXVix\x8djrWGxFcuUGZIW\xa6\x85fjnvV\x87WtETYyl\x8ffSzTDqEsgcRGBbO\xa2\x8eauQEQRTUCamDMy\x95IwHpxTHSfLpJgqLdSAKZb</data></write>
    <read><length>8</length><match><data>\x00\x00\x00\x00\x00\x00\x00\x00</data></match></read>
    <read><length>63</length><match><data>\xa4\x05\x8eauQEQRTUCamDMy\x8ffSzTDqEsgcRGBbO\x85fjnvV\x8djrWGxFcuUGZIW\x89tTASdVvaW</data></match></read>
    <write><data>\xc9\x5b\xa8\x29\xe4\xeb?\xe5\x00\x00\x00\x00</data></write>
    <read><length>8</length><match><data>p\x04Dg\xf9\xbe\x60\x5c</data></match></read>
    <write><data>\x8e\xd3\xa0\x98\xe0\xabB\x08\x12\x00\x00\x00\xa4\x01\x8ffSzTDqEsgcRGBbO</data></write>
    <read><length>8</length><match><data>\x00\x00\x00\x00\x00\x00\x00\x00</data></match></read>
    <read><length>19</length><match><data>\xa5\x01\x8ffSzTDqEsgcRGBbO\xa2</data></match></read>
    <write><data>\x0d\xb5\x2c\xa5\x3b\x80\x14D\x16\x01\x00\x00\xa5\x04\x86qGmGTr\xa1\x89jMezSFLHi\xa6\x8cWfvUPtHptasX\xa5\x04\x87IsUgWRR\xc2\x3c\x86Q3\x89kZIvjeDDP\xa3\x00\x1e\xd8\xfa\xaf\x2f\xe9\xec\x19\xb6\xddB\x91\xbd\x22Mv\x2c\xf1\xb9\x29\xa1O0\xd79Zz\xd8k\x27\xf5\x85lYQxH\xa5\x02\x88LybkYhfM\xa5\x04\x88LHWYxwju\xc2\x1d\x08\xd0\xa1\x85MbyNq\xa5\x02\x89FnYRouhrw\x89SoLOQZjjk\x88aCPJzjam\xa2\x85cdkem\xa6\x88hSOnmZCE\xc2\xa8\x05L\xae\x87pBRTAzC\xc2F9r\x87\x89qPXiOvoqs\xb2\x93\x7b\x3dx\x88FxZxTfoQ\xa5\x03\x87BegPhSn\xa6\x89NwrSiMszq\xa3\x00\x02L\xbb\x89dpktiVCKf\xa4\x04\xc2\x27\xb1\x23Z\xa4\x02\xc2\x80Z\x09\xe0\xa6\xb2\xa1\xe6\x1c \xa6</data></write>
    <read><length>8</length><match><data>\x00\x00\x00\x00\x00\x00\x00\x00</data></match></read>
    <read><length>41</length><match><data>\xa4\x04\x88FxZxTfoQ\x8cWfvUPtHptasX\x89jMezSFLHi\x86qGmGTr</data></match></read>
    <write><data>\xc3\xa1\xfb\x14\x0c\xb4\x13\x2b\x00\x00\x00\x00</data></write>
    <read><length>8</length><match><data>p\x04Dg\xf9\xbe\x60\x5c</data></match></read>
    <write><data>\x0d\xb5\x2c\xa5\x3b\x80\x14D\x27\x00\x00\x00\xa5\x02\x8cRvctQtBDRDvb\xb2\x90Ap\x2b\x8dsHcqgRKEZVqHq\xc2L\xce\xf3\xb4</data></write>
    <read><length>8</length><match><data>\x00\x00\x00\x00\x00\x00\x00\x00</data></match></read>
    <read><length>29</length><match><data>\xa4\x02\x8cRvctQtBDRDvb\x8dsHcqgRKEZVqHq</data></match></read>
    <write><data>\x5d\xf8\x5d\x3e\xd0Gy\x7b\x0d\x00\x00\x00\xa4\x02\xa2\xa3\x00\x07\x2dA\xb3Ua\x1ae</data></write>
    <read><length>8</length><match><data>\xeaIY\x3e\x12\x0a\xf5\xdf</data></match></read>
    <write><data>\x5bP\xa3\xb2\x25\x03\xb2\xed\x09\x00\x00\x00\xc3\x00\x00\x00\x00\x00\x00\x00\x09</data></write>
    <read><length>8</length><match><data>\x00\x00\x00\x00\x00\x00\x00\x00</data></match></read>
    <read><length>339</length><match><data>\x0b\x5bKEY\x5d: EMUczSAsJjfOX  \x3d\x3e  \x5bVALUE\x5d: NIL\x0b\x5bKEY\x5d: FxZxTfoQ  \x3d\x3e  \x5bVALUE\x5d: \x7b\x0b\x09\x5bKEY\x5d: BegPhSn  \x3d\x3e  \x5bVALUE\x5d: NIL\x0b\x09\x5bKEY\x5d: NwrSiMszq  \x3d\x3e  \x5bVALUE\x5d: \x3cL\x5cBB\x3e\x0b\x09\x5bKEY\x5d: dpktiVCKf  \x3d\x3e  \x5bVALUE\x5d: \x5b\x0b\x09\x090  \x3d\x3e  \x5bVALUE\x5d: 665920346\x0b\x09\x091  \x3d\x3e  \x5bVALUE\x5d: \x5b\x0b\x09\x09\x090  \x3d\x3e  \x5bVALUE\x5d: 2153384416\x0b\x09\x09\x091  \x3d\x3e  \x5bVALUE\x5d: NIL\x0b\x5d\x0b\x09\x092  \x3d\x3e  \x5bVALUE\x5d: \x2d1578755040\x0b\x09\x093  \x3d\x3e  \x5bVALUE\x5d: NIL\x0b\x5d\x0b\x7d\x0b\x0b</data></match></read>
    <write><data>\x5bP\xa3\xb2\x25\x03\xb2\xed\x09\x00\x00\x00\xc3\x00\x00\x00\x00\x00\x00\x00\x11</data></write>
    <read><length>8</length><match><data>\x00\x00\x00\x00\x00\x00\x00\x00</data></match></read>
    <read><length>585</length><match><data>\x0b\x5bKEY\x5d: EMUczSAsJjfOX  \x3d\x3e  \x5bVALUE\x5d: NIL\x0b\x5bKEY\x5d: FxZxTfoQ  \x3d\x3e  \x5bVALUE\x5d: \x7b\x0b\x09\x5bKEY\x5d: BegPhSn  \x3d\x3e  \x5bVALUE\x5d: NIL\x0b\x09\x5bKEY\x5d: NwrSiMszq  \x3d\x3e  \x5bVALUE\x5d: \x3cL\x5cBB\x3e\x0b\x09\x5bKEY\x5d: dpktiVCKf  \x3d\x3e  \x5bVALUE\x5d: \x5b\x0b\x09\x090  \x3d\x3e  \x5bVALUE\x5d: 665920346\x0b\x09\x091  \x3d\x3e  \x5bVALUE\x5d: \x5b\x0b\x09\x09\x090  \x3d\x3e  \x5bVALUE\x5d: 2153384416\x0b\x09\x09\x091  \x3d\x3e  \x5bVALUE\x5d: NIL\x0b\x5d\x0b\x09\x092  \x3d\x3e  \x5bVALUE\x5d: \x2d1578755040\x0b\x09\x093  \x3d\x3e  \x5bVALUE\x5d: NIL\x0b\x5d\x0b\x7d\x0b\x5bKEY\x5d: NDrdJDLUMj  \x3d\x3e  \x5bVALUE\x5d: 1147766729\x0b\x5bKEY\x5d: RHIYcQj  \x3d\x3e  \x5bVALUE\x5d: 1647416714\x0b\x5bKEY\x5d: RvctQtBDRDvb  \x3d\x3e  \x5bVALUE\x5d: \x2d1874759637\x0b\x5bKEY\x5d: TULRWRfrpaG  \x3d\x3e  \x5bVALUE\x5d: NIL\x0b\x5bKEY\x5d: UFNuJVEZtQ  \x3d\x3e  \x5bVALUE\x5d: \x2d963012125\x0b\x5bKEY\x5d: UdfnoRMkn  \x3d\x3e  \x5bVALUE\x5d: false\x0b\x0b</data></match></read>
    <write><data>\x8e\xd3\xa0\x98\xe0\xabB\x08\x2c\x00\x00\x00\xa4\x03\x8cRvctQtBDRDvb\x8eauQEQRTUCamDMy\x8dsHcqgRKEZVqHq</data></write>
    <read><length>8</length><match><data>\x00\x00\x00\x00\x00\x00\x00\x00</data></match></read>
    <read><length>76</length><match><data>\xa5\x03\x8cRvctQtBDRDvb\xb2\x90Ap\x2b\x8eauQEQRTUCamDMy\x95IwHpxTHSfLpJgqLdSAKZb\x8dsHcqgRKEZVqHq\xc2L\xce\xf3\xb4</data></match></read>
    <write><data>\x8e\xd3\xa0\x98\xe0\xabB\x08\x15\x00\x00\x00\xa4\x02\x8aUFNuJVEZtQ\x87RHIYcQj</data></write>
    <read><length>8</length><match><data>\x00\x00\x00\x00\x00\x00\x00\x00</data></match></read>
    <read><length>31</length><match><data>\xa5\x02\x87RHIYcQj\xc2b1\x95\x8a\x8aUFNuJVEZtQ\xb2\xc6\x99\x99\xe3</data></match></read>
    <write><data>\x5bP\xa3\xb2\x25\x03\xb2\xed\x09\x00\x00\x00\xc3\x00\x00\x00\x00\x00\x00\x00\x06</data></write>
    <read><length>8</length><match><data>\x00\x00\x00\x00\x00\x00\x00\x00</data></match></read>
    <read><length>287</length><match><data>\x0b\x5bKEY\x5d: EMUczSAsJjfOX  \x3d\x3e  \x5bVALUE\x5d: NIL\x0b\x5bKEY\x5d: FxZxTfoQ  \x3d\x3e  \x5bVALUE\x5d: \x7b\x0b\x09\x5bKEY\x5d: BegPhSn  \x3d\x3e  \x5bVALUE\x5d: NIL\x0b\x09\x5bKEY\x5d: NwrSiMszq  \x3d\x3e  \x5bVALUE\x5d: \x3cL\x5cBB\x3e\x0b\x09\x5bKEY\x5d: dpktiVCKf  \x3d\x3e  \x5bVALUE\x5d: \x5b\x0b\x09\x090  \x3d\x3e  \x5bVALUE\x5d: 665920346\x0b\x09\x091  \x3d\x3e  \x5bVALUE\x5d: \x5b\x0b\x09\x09\x090  \x3d\x3e  \x5bVALUE\x5d: 2153384416\x0b\x09\x09\x091  \x3d\x3e  \x5bVALUE\x5d: NIL\x0b\x5d\x0b\x5d\x0b\x7d\x0b\x0b</data></match></read>
    <write><data>\x8e\xd3\xa0\x98\xe0\xabB\x08\x0f\x00\x00\x00\xa4\x02\x86qGmGTr\x85lCTIG</data></write>
    <read><length>8</length><match><data>\x00\x00\x00\x00\x00\x00\x00\x00</data></match></read>
    <read><length>21</length><match><data>\xa5\x02\x85lCTIG\xc2JJ\x90\x16\x86qGmGTr\xa1</data></match></read>
    <write><data>\x8e\xd3\xa0\x98\xe0\xabB\x08\x25\x00\x00\x00\xa4\x03\x8dEMUczSAsJjfOX\x88FxZxTfoQ\x8bduBbEjdXDFj</data></write>
    <read><length>8</length><match><data>\x00\x00\x00\x00\x00\x00\x00\x00</data></match></read>
    <read><length>361</length><match><data>\xa5\x03\x8dEMUczSAsJjfOX\xa6\x88FxZxTfoQ\xa5\x03\x87BegPhSn\xa6\x89NwrSiMszq\xa3\x00\x02L\xbb\x89dpktiVCKf\xa4\x04\xc2\x27\xb1\x23Z\xa4\x02\xc2\x80Z\x09\xe0\xa6\xb2\xa1\xe6\x1c \xa6\x8bduBbEjdXDFj\xa4\x05\xa3\x00\x06.\x9e\x86W\xc3l\xa5\x05\x85NWosW\xc2\xe6\xb6C\x9e\x88OGskWyTz\xb2\xd5\xb0\xe63\x87VRkFYoi\xa1\x88ojfgLZXb\xa4\x04\xa4\x04\xa5\x01\x86kpvBfF\xa5\x02\x88TNYKnvJf\xa3\x00\x1c\xf9\x2f\x22\xb5\x1fR\x04\x0f\xf4\xc6\xaf\xb6\xd7w\xc1\x8f\xb1\xbcZ\xd4I\x0a\xe3\x5c\xcf\xc4\xb3\xf4\x8atTjZNXLISa\x8excPMQcVvfpPJsC\xa6\x8dkXCLugETWpBpx\xa4\x03\x88BTUYSedG\xa3\x00\x17\x5f\x82\x04D\x2d\xa9\xf7I\x82 !E5\x07\x0b\xe4\x86\x95\xeb\xc47\xa9\xcb\xa2\xa1\xa3\x00\x18\x926\x87\x03\x29p\xba\xd7\xa3\x3d\xb6t\xd0\xce\xde\xc2\x2a\x2aK\xbd\x3cc\xad\xc3\xa6\x86xdNxus\x87TxhpQeG\xa2\xa2\x9dYlSNjEoASIdHyWimqYTTdkMzTklvx</data></match></read>
    <write><data>\xf8\xcf\x2c\x60\xca\xc4\xce\xf08\x00\x00\x00\xa4\x05\x8ewrDegROFFuUZaP\x89tTASdVvaW\x8bTULRWRfrpaG\x85aYXoc\x8aNDrdJDLUMj</data></write>
    <read><length>8</length><match><data>\x00\x00\x00\x00\x00\x00\x00\x00</data></match></read>
    <read><length>100</length><match><data>\xa5\x05\x8aNDrdJDLUMj\xc2Di\x87\xc9\x8bTULRWRfrpaG\xa6\x85aYXoc\xa4\x05\xa3\x00\x05\xb3\xc3\xe3u\x96\xc2\xad\xe3l\x2b\xc2\x7f\x13r\xde\xc2\xca\x047\xd2\xc2\x3e\xa8\xa1H\x89tTASdVvaW\x86QzXVix\x8ewrDegROFFuUZaP\xa6</data></match></read>
    <write><data>\x5bP\xa3\xb2\x25\x03\xb2\xed\x09\x00\x00\x00\xc3\x00\x00\x00\x00\x00\x00\x00\x07</data></write>
    <read><length>8</length><match><data>\x00\x00\x00\x00\x00\x00\x00\x00</data></match></read>
    <read><length>497</length><match><data>\x0b\x5bKEY\x5d: NDrdJDLUMj  \x3d\x3e  \x5bVALUE\x5d: 1147766729\x0b\x5bKEY\x5d: TULRWRfrpaG  \x3d\x3e  \x5bVALUE\x5d: NIL\x0b\x5bKEY\x5d: UdfnoRMkn  \x3d\x3e  \x5bVALUE\x5d: false\x0b\x5bKEY\x5d: WfvUPtHptasX  \x3d\x3e  \x5bVALUE\x5d: \x7b\x0b\x09\x5bKEY\x5d: IsUgWRR  \x3d\x3e  \x5bVALUE\x5d: 1015435571\x0b\x09\x5bKEY\x5d: kZIvjeDDP  \x3d\x3e  \x5bVALUE\x5d: \x3c\x5cD8\x5cFA\x5cAF\x5c2F\x5cE9\x5cEC\x5c19\x5cB6\x5cDDB\x5c91\x5cBD\x5c22Mv\x5c2C\x5cF1\x5cB9\x5c29\x5cA1O0\x5cD79Zz\x5cD8k\x5c27\x5cF5\x3e\x0b\x09\x5bKEY\x5d: lYQxH  \x3d\x3e  \x5bVALUE\x5d: \x7b\x0b\x09\x09\x5bKEY\x5d: LybkYhfM  \x3d\x3e  \x5bVALUE\x5d: \x7b\x0b\x09\x09\x09\x5bKEY\x5d: LHWYxwju  \x3d\x3e  \x5bVALUE\x5d: 487116961\x0b\x09\x09\x09\x5bKEY\x5d: MbyNq  \x3d\x3e  \x5bVALUE\x5d: \x7b\x0b\x09\x09\x09\x09\x5bKEY\x5d: FnYRouhrw  \x3d\x3e  \x5bVALUE\x5d: \x22SoLOQZjjk\x22\x0b\x7d\x0b\x7d\x0b\x7d\x0b\x7d\x0b\x0b</data></match></read>
    <write><data>\xf8\xcf\x2c\x60\xca\xc4\xce\xf0\x0f\x00\x00\x00\xa4\x01\x8cWfvUPtHptasX</data></write>
    <read><length>8</length><match><data>\x00\x00\x00\x00\x00\x00\x00\x00</data></match></read>
    <read><length>193</length><match><data>\xa5\x01\x8cWfvUPtHptasX\xa5\x04\x87IsUgWRR\xc2\x3c\x86Q3\x89kZIvjeDDP\xa3\x00\x1e\xd8\xfa\xaf\x2f\xe9\xec\x19\xb6\xddB\x91\xbd\x22Mv\x2c\xf1\xb9\x29\xa1O0\xd79Zz\xd8k\x27\xf5\x85lYQxH\xa5\x02\x88LybkYhfM\xa5\x04\x88LHWYxwju\xc2\x1d\x08\xd0\xa1\x85MbyNq\xa5\x02\x89FnYRouhrw\x89SoLOQZjjk\x88aCPJzjam\xa2\x85cdkem\xa6\x88hSOnmZCE\xc2\xa8\x05L\xae\x87pBRTAzC\xc2F9r\x87\x89qPXiOvoqs\xb2\x93\x7b\x3dx</data></match></read>
    <write><data>\x8e\xd3\xa0\x98\xe0\xabB\x08\x2c\x00\x00\x00\xa4\x03\x8ewrDegROFFuUZaP\x8elIHqvGXVerUePa\x8bTULRWRfrpaG</data></write>
    <read><length>8</length><match><data>\x00\x00\x00\x00\x00\x00\x00\x00</data></match></read>
    <read><length>51</length><match><data>\xa5\x03\x8bTULRWRfrpaG\xa6\x8elIHqvGXVerUePa\xb2\xf1\x92\x9e\x9e\x8ewrDegROFFuUZaP\xa6</data></match></read>
    <write><data>\x5bP\xa3\xb2\x25\x03\xb2\xed\x09\x00\x00\x00\xc3\x00\x00\x00\x00\x00\x00\x00\x05</data></write>
    <read><length>8</length><match><data>\x00\x00\x00\x00\x00\x00\x00\x00</data></match></read>
    <read><length>379</length><match><data>\x0b\x5bKEY\x5d: NDrdJDLUMj  \x3d\x3e  \x5bVALUE\x5d: 1147766729\x0b\x5bKEY\x5d: UdfnoRMkn  \x3d\x3e  \x5bVALUE\x5d: false\x0b\x5bKEY\x5d: WfvUPtHptasX  \x3d\x3e  \x5bVALUE\x5d: \x7b\x0b\x09\x5bKEY\x5d: IsUgWRR  \x3d\x3e  \x5bVALUE\x5d: 1015435571\x0b\x09\x5bKEY\x5d: kZIvjeDDP  \x3d\x3e  \x5bVALUE\x5d: \x3c\x5cD8\x5cFA\x5cAF\x5c2F\x5cE9\x5cEC\x5c19\x5cB6\x5cDDB\x5c91\x5cBD\x5c22Mv\x5c2C\x5cF1\x5cB9\x5c29\x5cA1O0\x5cD79Zz\x5cD8k\x5c27\x5cF5\x3e\x0b\x09\x5bKEY\x5d: lYQxH  \x3d\x3e  \x5bVALUE\x5d: \x7b\x0b\x09\x09\x5bKEY\x5d: LybkYhfM  \x3d\x3e  \x5bVALUE\x5d: \x7b\x0b\x09\x09\x09\x5bKEY\x5d: LHWYxwju  \x3d\x3e  \x5bVALUE\x5d: 487116961\x0b\x7d\x0b\x7d\x0b\x7d\x0b\x0b</data></match></read>
    <write><data>\x0d\xb5\x2c\xa5\x3b\x80\x14D9\x00\x00\x00\xa5\x02\x8cHINrZizLYwCa\x9ctowexVZlBQQBXWOJBLbeNmQFgzel\x87DqFEDpN\xc2\x86\x08\x29\xa8</data></write>
    <read><length>8</length><match><data>\x00\x00\x00\x00\x00\x00\x00\x00</data></match></read>
    <read><length>23</length><match><data>\xa4\x02\x87DqFEDpN\x8cHINrZizLYwCa</data></match></read>
    <write><data>\x5bP\xa3\xb2\x25\x03\xb2\xed\x09\x00\x00\x00\xc3\x00\x00\x00\x00\x00\x00\x00\x0b</data></write>
    <read><length>8</length><match><data>\x00\x00\x00\x00\x00\x00\x00\x00</data></match></read>
    <read><length>638</length><match><data>\x0b\x5bKEY\x5d: DqFEDpN  \x3d\x3e  \x5bVALUE\x5d: 2248681896\x0b\x5bKEY\x5d: HINrZizLYwCa  \x3d\x3e  \x5bVALUE\x5d: \x22towexVZlBQQBXWOJBLbeNmQFgzel\x22\x0b\x5bKEY\x5d: NDrdJDLUMj  \x3d\x3e  \x5bVALUE\x5d: 1147766729\x0b\x5bKEY\x5d: UdfnoRMkn  \x3d\x3e  \x5bVALUE\x5d: false\x0b\x5bKEY\x5d: WfvUPtHptasX  \x3d\x3e  \x5bVALUE\x5d: \x7b\x0b\x09\x5bKEY\x5d: IsUgWRR  \x3d\x3e  \x5bVALUE\x5d: 1015435571\x0b\x09\x5bKEY\x5d: kZIvjeDDP  \x3d\x3e  \x5bVALUE\x5d: \x3c\x5cD8\x5cFA\x5cAF\x5c2F\x5cE9\x5cEC\x5c19\x5cB6\x5cDDB\x5c91\x5cBD\x5c22Mv\x5c2C\x5cF1\x5cB9\x5c29\x5cA1O0\x5cD79Zz\x5cD8k\x5c27\x5cF5\x3e\x0b\x09\x5bKEY\x5d: lYQxH  \x3d\x3e  \x5bVALUE\x5d: \x7b\x0b\x09\x09\x5bKEY\x5d: LybkYhfM  \x3d\x3e  \x5bVALUE\x5d: \x7b\x0b\x09\x09\x09\x5bKEY\x5d: LHWYxwju  \x3d\x3e  \x5bVALUE\x5d: 487116961\x0b\x09\x09\x09\x5bKEY\x5d: MbyNq  \x3d\x3e  \x5bVALUE\x5d: \x7b\x0b\x09\x09\x09\x09\x5bKEY\x5d: FnYRouhrw  \x3d\x3e  \x5bVALUE\x5d: \x22SoLOQZjjk\x22\x0b\x09\x09\x09\x09\x5bKEY\x5d: aCPJzjam  \x3d\x3e  \x5bVALUE\x5d: true\x0b\x7d\x0b\x09\x09\x09\x5bKEY\x5d: cdkem  \x3d\x3e  \x5bVALUE\x5d: NIL\x0b\x7d\x0b\x7d\x0b\x7d\x0b\x0b</data></match></read>
    <write><data>\x5d\xf8\x5d\x3e\xd0Gy\x7b\x1a\x00\x00\x00\xa4\x02\xa2\xa3\x00\x14\x13\xbem\x9b\x83s\x9d\x07\xcak\xcc\xee\x40k\x7f\xe1\xec\x03\xa77</data></write>
    <read><length>8</length><match><data>\x00\x00\x00\x00\x00\x00\x00\x00</data></match></read>
    <read><length>1</length><match><data>\xa2</data></match></read>
    <write><data>\xf8\xcf\x2c\x60\xca\xc4\xce\xf0\x0f\x00\x00\x00\xa4\x01\x8cWfvUPtHptasX</data></write>
    <read><length>8</length><match><data>\x00\x00\x00\x00\x00\x00\x00\x00</data></match></read>
    <read><length>193</length><match><data>\xa5\x01\x8cWfvUPtHptasX\xa5\x04\x87IsUgWRR\xc2\x3c\x86Q3\x89kZIvjeDDP\xa3\x00\x1e\xd8\xfa\xaf\x2f\xe9\xec\x19\xb6\xddB\x91\xbd\x22Mv\x2c\xf1\xb9\x29\xa1O0\xd79Zz\xd8k\x27\xf5\x85lYQxH\xa5\x02\x88LybkYhfM\xa5\x04\x88LHWYxwju\xc2\x1d\x08\xd0\xa1\x85MbyNq\xa5\x02\x89FnYRouhrw\x89SoLOQZjjk\x88aCPJzjam\xa2\x85cdkem\xa6\x88hSOnmZCE\xc2\xa8\x05L\xae\x87pBRTAzC\xc2F9r\x87\x89qPXiOvoqs\xb2\x93\x7b\x3dx</data></match></read>
    <write><data>\x0d\xb5\x2c\xa5\x3b\x80\x14DI\x00\x00\x00\xa5\x05\x88gzPnybYg\x85DkcpZ\x8dVzTTnRTOagyzL\xc2\x13K\xdc\xcb\x89ndLpTvyvz\xa6\x85CMgff\xa4\x03\xc2\xfc\x1eV\x1c\xc2532\x5e\xa6\x85jRNvz\xa6</data></write>
    <read><length>8</length><match><data>\x00\x00\x00\x00\x00\x00\x00\x00</data></match></read>
    <read><length>47</length><match><data>\xa4\x05\x85CMgff\x8dVzTTnRTOagyzL\x88gzPnybYg\x85jRNvz\x89ndLpTvyvz</data></match></read>
    <write><data>\x5bP\xa3\xb2\x25\x03\xb2\xed\x09\x00\x00\x00\xc3\x00\x00\x00\x00\x00\x00\x00\x10</data></write>
    <read><length>8</length><match><data>\x00\x00\x00\x00\x00\x00\x00\x00</data></match></read>
    <read><length>790</length><match><data>\x0b\x5bKEY\x5d: CMgff  \x3d\x3e  \x5bVALUE\x5d: \x5b\x0b\x090  \x3d\x3e  \x5bVALUE\x5d: 4229846556\x0b\x091  \x3d\x3e  \x5bVALUE\x5d: 892547678\x0b\x092  \x3d\x3e  \x5bVALUE\x5d: NIL\x0b\x5d\x0b\x5bKEY\x5d: DqFEDpN  \x3d\x3e  \x5bVALUE\x5d: 2248681896\x0b\x5bKEY\x5d: HINrZizLYwCa  \x3d\x3e  \x5bVALUE\x5d: \x22towexVZlBQQBXWOJBLbeNmQFgzel\x22\x0b\x5bKEY\x5d: NDrdJDLUMj  \x3d\x3e  \x5bVALUE\x5d: 1147766729\x0b\x5bKEY\x5d: UdfnoRMkn  \x3d\x3e  \x5bVALUE\x5d: false\x0b\x5bKEY\x5d: VzTTnRTOagyzL  \x3d\x3e  \x5bVALUE\x5d: 323738827\x0b\x5bKEY\x5d: WfvUPtHptasX  \x3d\x3e  \x5bVALUE\x5d: \x7b\x0b\x09\x5bKEY\x5d: IsUgWRR  \x3d\x3e  \x5bVALUE\x5d: 1015435571\x0b\x09\x5bKEY\x5d: kZIvjeDDP  \x3d\x3e  \x5bVALUE\x5d: \x3c\x5cD8\x5cFA\x5cAF\x5c2F\x5cE9\x5cEC\x5c19\x5cB6\x5cDDB\x5c91\x5cBD\x5c22Mv\x5c2C\x5cF1\x5cB9\x5c29\x5cA1O0\x5cD79Zz\x5cD8k\x5c27\x5cF5\x3e\x0b\x09\x5bKEY\x5d: lYQxH  \x3d\x3e  \x5bVALUE\x5d: \x7b\x0b\x09\x09\x5bKEY\x5d: LybkYhfM  \x3d\x3e  \x5bVALUE\x5d: \x7b\x0b\x09\x09\x09\x5bKEY\x5d: LHWYxwju  \x3d\x3e  \x5bVALUE\x5d: 487116961\x0b\x09\x09\x09\x5bKEY\x5d: MbyNq  \x3d\x3e  \x5bVALUE\x5d: \x7b\x0b\x09\x09\x09\x09\x5bKEY\x5d: FnYRouhrw  \x3d\x3e  \x5bVALUE\x5d: \x22SoLOQZjjk\x22\x0b\x09\x09\x09\x09\x5bKEY\x5d: aCPJzjam  \x3d\x3e  \x5bVALUE\x5d: true\x0b\x7d\x0b\x09\x09\x09\x5bKEY\x5d: cdkem  \x3d\x3e  \x5bVALUE\x5d: NIL\x0b\x7d\x0b\x7d\x0b\x7d\x0b\x0b</data></match></read>
    <write><data>\x5bP\xa3\xb2\x25\x03\xb2\xed\x09\x00\x00\x00\xc3\x00\x00\x00\x00\x00\x00\x00\x08</data></write>
    <read><length>8</length><match><data>\x00\x00\x00\x00\x00\x00\x00\x00</data></match></read>
    <read><length>294</length><match><data>\x0b\x5bKEY\x5d: CMgff  \x3d\x3e  \x5bVALUE\x5d: \x5b\x0b\x090  \x3d\x3e  \x5bVALUE\x5d: 4229846556\x0b\x091  \x3d\x3e  \x5bVALUE\x5d: 892547678\x0b\x092  \x3d\x3e  \x5bVALUE\x5d: NIL\x0b\x5d\x0b\x5bKEY\x5d: DqFEDpN  \x3d\x3e  \x5bVALUE\x5d: 2248681896\x0b\x5bKEY\x5d: HINrZizLYwCa  \x3d\x3e  \x5bVALUE\x5d: \x22towexVZlBQQBXWOJBLbeNmQFgzel\x22\x0b\x5bKEY\x5d: NDrdJDLUMj  \x3d\x3e  \x5bVALUE\x5d: 1147766729\x0b\x5bKEY\x5d: UdfnoRMkn  \x3d\x3e  \x5bVALUE\x5d: false\x0b\x0b</data></match></read>
    <write><data>o0\xfalA\x1d\xd4\xfd\x00\x00\x00\x00</data></write>
    <read><length>8</length><match><data>p\x04Dg\xf9\xbe\x60\x5c</data></match></read>
    <write><data>\x5bP\xa3\xb2\x25\x03\xb2\xed\x09\x00\x00\x00\xc3\x00\x00\x00\x00\x00\x00\x00\x01</data></write>
    <read><length>8</length><match><data>\x00\x00\x00\x00\x00\x00\x00\x00</data></match></read>
    <read><length>61</length><match><data>\x0b\x5bKEY\x5d: CMgff  \x3d\x3e  \x5bVALUE\x5d: \x5b\x0b\x090  \x3d\x3e  \x5bVALUE\x5d: 4229846556\x0b\x5d\x0b\x0b</data></match></read>
    <write><data>\x5d\xf8\x5d\x3e\xd0Gy\x7b\x11\x00\x00\x00\xa4\x02\xa1\xa3\x00\x0bE\xf1\x0a\x88\x02\x06\xfd\xbf\x40uL</data></write>
    <read><length>8</length><match><data>\xeaIY\x3e\x12\x0a\xf5\xdf</data></match></read>
    <write><data>\xb1\xac\xaaen\x09\x40h\x00\x00\x00\x00</data></write>
    <read><length>8</length><match><data>p\x04Dg\xf9\xbe\x60\x5c</data></match></read>
    <write><data>\x0d\xb5\x2c\xa5\x3b\x80\x14DG\x00\x00\x00\xa5\x02\x8avzJMTLZBcP\xa4\x02\x95FhWtUMRJdtwdAjqtMMSVG\xa3\x00\x0c\x06!\xf0\x3e\x7b\xf4\x10\xf5\xf6\xd2\x06\x26\x8aAyLZnfAgbM\xa3\x00\x05\xa7\xdbi\x89\x84</data></write>
    <read><length>8</length><match><data>\x00\x00\x00\x00\x00\x00\x00\x00</data></match></read>
    <read><length>24</length><match><data>\xa4\x02\x8aAyLZnfAgbM\x8avzJMTLZBcP</data></match></read>
    <write><data>\x3b\xc8\x2ab\xa8\xfc\x1c\x2b\x00\x00\x00\x00</data></write>
    <read><length>8</length><match><data>p\x04Dg\xf9\xbe\x60\x5c</data></match></read>
    <write><data>\x5d\xf8\x5d\x3e\xd0Gy\x7b\x1a\x00\x00\x00\xa4\x02\xa2\xa3\x00\x14\x13\xbem\x9b\x83s\x9d\x07\xcak\xcc\xee\x40k\x7f\xe1\xec\x03\xa77</data></write>
    <read><length>8</length><match><data>\x00\x00\x00\x00\x00\x00\x00\x00</data></match></read>
    <read><length>1</length><match><data>\xa2</data></match></read>
    <write><data>C\xf5\x90\x7b\x2c\x7c\x0eL\x00\x00\x00\x00</data></write>
    <read><length>8</length><match><data>p\x04Dg\xf9\xbe\x60\x5c</data></match></read>
    <write><data>\xf8\xcf\x2c\x60\xca\xc4\xce\xf0\x0f\x00\x00\x00\xa4\x01\x8cHINrZizLYwCa</data></write>
    <read><length>8</length><match><data>\x00\x00\x00\x00\x00\x00\x00\x00</data></match></read>
    <read><length>44</length><match><data>\xa5\x01\x8cHINrZizLYwCa\x9ctowexVZlBQQBXWOJBLbeNmQFgzel</data></match></read>
    <write><data>\x99\xf1r\xd4\xea\xbe\x22\xdb\x00\x00\x00\x00</data></write>
    <read><length>8</length><match><data>p\x04Dg\xf9\xbe\x60\x5c</data></match></read>
    <write><data>\x0d\xb5\x2c\xa5\x3b\x80\x14Dr\x00\x00\x00\xa5\x03\x87gqoNXuj\xa4\x03\xa3\x00\x1aa\xd5\x87\xf3\x9a\xfb\xe7\x99\xb8\xc5\xdaPh\x14\x1a\xccpo\xf5\x2ba\xae\x93\x08\xb5\xbc\xb2\xa2\x9f\x14c\xa3\x00\x1b\xf3\x93?\xf0\xcaJ\xa29\xaf\xe9\xe15\x1c\xff\x22\x7c\xe5g\x94\x2b\x10\x8a2M\xa3\xf6\x9e\x8eBuYAqGxfMdzedI\xc2\x14\x89\xddG\x8cWmBkOvLVrmDB\xc27\xec\xc6A</data></write>
    <read><length>8</length><match><data>\x00\x00\x00\x00\x00\x00\x00\x00</data></match></read>
    <read><length>38</length><match><data>\xa4\x03\x8eBuYAqGxfMdzedI\x8cWmBkOvLVrmDB\x87gqoNXuj</data></match></read>
    <write><data>\x5d\xf8\x5d\x3e\xd0Gy\x7b\x12\x00\x00\x00\xa4\x02\xa2\xa3\x00\x0c\xbbM\x92:\xd6\xfdV\xa5A\xf7\xe3\x0a</data></write>
    <read><length>8</length><match><data>\xeaIY\x3e\x12\x0a\xf5\xdf</data></match></read>
    <write><data>\x5bP\xa3\xb2\x25\x03\xb2\xed\x09\x00\x00\x00\xc3\x00\x00\x00\x00\x00\x00\x00\x10</data></write>
    <read><length>8</length><match><data>\x00\x00\x00\x00\x00\x00\x00\x00</data></match></read>
    <read><length>850</length><match><data>\x0b\x5bKEY\x5d: AyLZnfAgbM  \x3d\x3e  \x5bVALUE\x5d: \x3c\x5cA7\x5cDBi\x5c89\x5c84\x3e\x0b\x5bKEY\x5d: BuYAqGxfMdzedI  \x3d\x3e  \x5bVALUE\x5d: 344579399\x0b\x5bKEY\x5d: CMgff  \x3d\x3e  \x5bVALUE\x5d: \x5b\x0b\x090  \x3d\x3e  \x5bVALUE\x5d: 4229846556\x0b\x091  \x3d\x3e  \x5bVALUE\x5d: 892547678\x0b\x092  \x3d\x3e  \x5bVALUE\x5d: NIL\x0b\x5d\x0b\x5bKEY\x5d: DqFEDpN  \x3d\x3e  \x5bVALUE\x5d: 2248681896\x0b\x5bKEY\x5d: HINrZizLYwCa  \x3d\x3e  \x5bVALUE\x5d: \x22towexVZlBQQBXWOJBLbeNmQFgzel\x22\x0b\x5bKEY\x5d: NDrdJDLUMj  \x3d\x3e  \x5bVALUE\x5d: 1147766729\x0b\x5bKEY\x5d: UdfnoRMkn  \x3d\x3e  \x5bVALUE\x5d: false\x0b\x5bKEY\x5d: VzTTnRTOagyzL  \x3d\x3e  \x5bVALUE\x5d: 323738827\x0b\x5bKEY\x5d: WfvUPtHptasX  \x3d\x3e  \x5bVALUE\x5d: \x7b\x0b\x09\x5bKEY\x5d: IsUgWRR  \x3d\x3e  \x5bVALUE\x5d: 1015435571\x0b\x09\x5bKEY\x5d: kZIvjeDDP  \x3d\x3e  \x5bVALUE\x5d: \x3c\x5cD8\x5cFA\x5cAF\x5c2F\x5cE9\x5cEC\x5c19\x5cB6\x5cDDB\x5c91\x5cBD\x5c22Mv\x5c2C\x5cF1\x5cB9\x5c29\x5cA1O0\x5cD79Zz\x5cD8k\x5c27\x5cF5\x3e\x0b\x09\x5bKEY\x5d: lYQxH  \x3d\x3e  \x5bVALUE\x5d: \x7b\x0b\x09\x09\x5bKEY\x5d: LybkYhfM  \x3d\x3e  \x5bVALUE\x5d: \x7b\x0b\x09\x09\x09\x5bKEY\x5d: LHWYxwju  \x3d\x3e  \x5bVALUE\x5d: 487116961\x0b\x09\x09\x09\x5bKEY\x5d: MbyNq  \x3d\x3e  \x5bVALUE\x5d: \x7b\x0b\x09\x09\x09\x09\x5bKEY\x5d: FnYRouhrw  \x3d\x3e  \x5bVALUE\x5d: \x22SoLOQZjjk\x22\x0b\x09\x09\x09\x09\x5bKEY\x5d: aCPJzjam  \x3d\x3e  \x5bVALUE\x5d: true\x0b\x7d\x0b\x7d\x0b\x7d\x0b\x7d\x0b\x0b</data></match></read>
    <write><data>\x0d\xb5\x2c\xa5\x3b\x80\x14DW\x00\x00\x00\xa5\x03\x85Ykliz\x97qkyKnJjncLQObifGDLDBVBQ\x8cDdkkqezZLlKq\x95fAVLreNfyArWlQpKvvIoi\x8eBbrlYDOdnSCmgx\xc2\x04\x40\xcct</data></write>
    <read><length>8</length><match><data>\x00\x00\x00\x00\x00\x00\x00\x00</data></match></read>
    <read><length>36</length><match><data>\xa4\x03\x8eBbrlYDOdnSCmgx\x8cDdkkqezZLlKq\x85Ykliz</data></match></read>
    <write><data>\x8e\xd3\xa0\x98\xe0\xabB\x08\x26\x00\x00\x00\xa4\x03\x8cWfvUPtHptasX\x8esrUlNfnQVAvNVC\x87DqFEDpN</data></write>
    <read><length>8</length><match><data>\x00\x00\x00\x00\x00\x00\x00\x00</data></match></read>
    <read><length>226</length><match><data>\xa5\x03\x87DqFEDpN\xc2\x86\x08\x29\xa8\x8cWfvUPtHptasX\xa5\x04\x87IsUgWRR\xc2\x3c\x86Q3\x89kZIvjeDDP\xa3\x00\x1e\xd8\xfa\xaf\x2f\xe9\xec\x19\xb6\xddB\x91\xbd\x22Mv\x2c\xf1\xb9\x29\xa1O0\xd79Zz\xd8k\x27\xf5\x85lYQxH\xa5\x02\x88LybkYhfM\xa5\x04\x88LHWYxwju\xc2\x1d\x08\xd0\xa1\x85MbyNq\xa5\x02\x89FnYRouhrw\x89SoLOQZjjk\x88aCPJzjam\xa2\x85cdkem\xa6\x88hSOnmZCE\xc2\xa8\x05L\xae\x87pBRTAzC\xc2F9r\x87\x89qPXiOvoqs\xb2\x93\x7b\x3dx\x8esrUlNfnQVAvNVC\xc2\x1fC o</data></match></read>
    <write><data>\x0d\xb5\x2c\xa5\x3b\x80\x14D\x19\x00\x00\x00\xa5\x02\x8bbuoNgjdIFQl\xa6\x88eACLaLQB\xa6</data></write>
    <read><length>8</length><match><data>\x00\x00\x00\x00\x00\x00\x00\x00</data></match></read>
    <read><length>23</length><match><data>\xa4\x02\x8bbuoNgjdIFQl\x88eACLaLQB</data></match></read>
    <write><data>l\xe4\xf5\xb5\xb5j\xc9\x7e\x00\x00\x00\x00</data></write>
    <read><length>8</length><match><data>p\x04Dg\xf9\xbe\x60\x5c</data></match></read>
    <write><data>\x5bP\xa3\xb2\x25\x03\xb2\xed\x09\x00\x00\x00\xc3\x00\x00\x00\x00\x00\x00\x00\x0e</data></write>
    <read><length>8</length><match><data>\x00\x00\x00\x00\x00\x00\x00\x00</data></match></read>
    <read><length>593</length><match><data>\x0b\x5bKEY\x5d: AyLZnfAgbM  \x3d\x3e  \x5bVALUE\x5d: \x3c\x5cA7\x5cDBi\x5c89\x5c84\x3e\x0b\x5bKEY\x5d: BbrlYDOdnSCmgx  \x3d\x3e  \x5bVALUE\x5d: 71355508\x0b\x5bKEY\x5d: BuYAqGxfMdzedI  \x3d\x3e  \x5bVALUE\x5d: 344579399\x0b\x5bKEY\x5d: CMgff  \x3d\x3e  \x5bVALUE\x5d: \x5b\x0b\x090  \x3d\x3e  \x5bVALUE\x5d: 4229846556\x0b\x091  \x3d\x3e  \x5bVALUE\x5d: 892547678\x0b\x092  \x3d\x3e  \x5bVALUE\x5d: NIL\x0b\x5d\x0b\x5bKEY\x5d: DdkkqezZLlKq  \x3d\x3e  \x5bVALUE\x5d: \x22fAVLreNfyArWlQpKvvIoi\x22\x0b\x5bKEY\x5d: HINrZizLYwCa  \x3d\x3e  \x5bVALUE\x5d: \x22towexVZlBQQBXWOJBLbeNmQFgzel\x22\x0b\x5bKEY\x5d: NDrdJDLUMj  \x3d\x3e  \x5bVALUE\x5d: 1147766729\x0b\x5bKEY\x5d: UdfnoRMkn  \x3d\x3e  \x5bVALUE\x5d: false\x0b\x5bKEY\x5d: VzTTnRTOagyzL  \x3d\x3e  \x5bVALUE\x5d: 323738827\x0b\x5bKEY\x5d: WmBkOvLVrmDB  \x3d\x3e  \x5bVALUE\x5d: 938264129\x0b\x5bKEY\x5d: Ykliz  \x3d\x3e  \x5bVALUE\x5d: \x22qkyKnJjncLQObifGDLDBVBQ\x22\x0b\x0b</data></match></read>
    <write><data>\x0d\xb5\x2c\xa5\x3b\x80\x14D\x16\x00\x00\x00\xa5\x01\x8eyyjRGjdUYtUTiU\xc2\x26\xe4\x8c\x95</data></write>
    <read><length>8</length><match><data>\x00\x00\x00\x00\x00\x00\x00\x00</data></match></read>
    <read><length>17</length><match><data>\xa4\x01\x8eyyjRGjdUYtUTiU</data></match></read>
    <write><data>\xf8\xcf\x2c\x60\xca\xc4\xce\xf0\x0d\x00\x00\x00\xa4\x01\x8avzJMTLZBcP</data></write>
    <read><length>8</length><match><data>\x00\x00\x00\x00\x00\x00\x00\x00</data></match></read>
    <read><length>52</length><match><data>\xa5\x01\x8avzJMTLZBcP\xa4\x02\x95FhWtUMRJdtwdAjqtMMSVG\xa3\x00\x0c\x06!\xf0\x3e\x7b\xf4\x10\xf5\xf6\xd2\x06\x26</data></match></read>
    <write><data>\x5bP\xa3\xb2\x25\x03\xb2\xed\x09\x00\x00\x00\xc3\x00\x00\x00\x00\x00\x00\x00\x02</data></write>
    <read><length>8</length><match><data>\x00\x00\x00\x00\x00\x00\x00\x00</data></match></read>
    <read><length>95</length><match><data>\x0b\x5bKEY\x5d: AyLZnfAgbM  \x3d\x3e  \x5bVALUE\x5d: \x3c\x5cA7\x5cDBi\x5c89\x5c84\x3e\x0b\x5bKEY\x5d: BbrlYDOdnSCmgx  \x3d\x3e  \x5bVALUE\x5d: 71355508\x0b\x0b</data></match></read>
    <write><data>\x8e\xd3\xa0\x98\xe0\xabB\x08\x08\x00\x00\x00\xa4\x01\x85CMgff</data></write>
    <read><length>8</length><match><data>\x00\x00\x00\x00\x00\x00\x00\x00</data></match></read>
    <read><length>21</length><match><data>\xa5\x01\x85CMgff\xa4\x03\xc2\xfc\x1eV\x1c\xc2532\x5e\xa6</data></match></read>
    <write><data>\x8e\xd3\xa0\x98\xe0\xabB\x08\x1e\x00\x00\x00\xa4\x03\x89jMezSFLHi\x85Ykliz\x8bbuoNgjdIFQl</data></write>
    <read><length>8</length><match><data>\x00\x00\x00\x00\x00\x00\x00\x00</data></match></read>
    <read><length>56</length><match><data>\xa5\x03\x85Ykliz\x97qkyKnJjncLQObifGDLDBVBQ\x8bbuoNgjdIFQl\xa6\x89jMezSFLHi\xa6</data></match></read>
    <write><data>\x8e\xd3\xa0\x98\xe0\xabB\x08\x0b\x00\x00\x00\xa4\x01\x88eACLaLQB</data></write>
    <read><length>8</length><match><data>\x00\x00\x00\x00\x00\x00\x00\x00</data></match></read>
    <read><length>12</length><match><data>\xa5\x01\x88eACLaLQB\xa6</data></match></read>
    <write><data>\xb1M\x7d\x7fl\x8f\x8c\xf9\x00\x00\x00\x00</data></write>
    <read><length>8</length><match><data>p\x04Dg\xf9\xbe\x60\x5c</data></match></read>
    <write><data>\x5bP\xa3\xb2\x25\x03\xb2\xed\x09\x00\x00\x00\xc3\x00\x00\x00\x00\x00\x00\x00\x0a</data></write>
    <read><length>8</length><match><data>\x00\x00\x00\x00\x00\x00\x00\x00</data></match></read>
    <read><length>497</length><match><data>\x0b\x5bKEY\x5d: AyLZnfAgbM  \x3d\x3e  \x5bVALUE\x5d: \x3c\x5cA7\x5cDBi\x5c89\x5c84\x3e\x0b\x5bKEY\x5d: BbrlYDOdnSCmgx  \x3d\x3e  \x5bVALUE\x5d: 71355508\x0b\x5bKEY\x5d: BuYAqGxfMdzedI  \x3d\x3e  \x5bVALUE\x5d: 344579399\x0b\x5bKEY\x5d: DdkkqezZLlKq  \x3d\x3e  \x5bVALUE\x5d: \x22fAVLreNfyArWlQpKvvIoi\x22\x0b\x5bKEY\x5d: HINrZizLYwCa  \x3d\x3e  \x5bVALUE\x5d: \x22towexVZlBQQBXWOJBLbeNmQFgzel\x22\x0b\x5bKEY\x5d: NDrdJDLUMj  \x3d\x3e  \x5bVALUE\x5d: 1147766729\x0b\x5bKEY\x5d: UdfnoRMkn  \x3d\x3e  \x5bVALUE\x5d: false\x0b\x5bKEY\x5d: VzTTnRTOagyzL  \x3d\x3e  \x5bVALUE\x5d: 323738827\x0b\x5bKEY\x5d: WmBkOvLVrmDB  \x3d\x3e  \x5bVALUE\x5d: 938264129\x0b\x5bKEY\x5d: aYXoc  \x3d\x3e  \x5bVALUE\x5d: \x5b\x0b\x090  \x3d\x3e  \x5bVALUE\x5d: \x3c\x5cB3\x5cC3\x5cE3u\x5c96\x3e\x0b\x5d\x0b\x0b</data></match></read>
    <write><data>\x5bP\xa3\xb2\x25\x03\xb2\xed\x09\x00\x00\x00\xc3\x00\x00\x00\x00\x00\x00\x00\x01</data></write>
    <read><length>8</length><match><data>\x00\x00\x00\x00\x00\x00\x00\x00</data></match></read>
    <read><length>50</length><match><data>\x0b\x5bKEY\x5d: AyLZnfAgbM  \x3d\x3e  \x5bVALUE\x5d: \x3c\x5cA7\x5cDBi\x5c89\x5c84\x3e\x0b\x0b</data></match></read>
    <write><data>\x8e\xd3\xa0\x98\xe0\xabB\x08\x26\x00\x00\x00\xa4\x03\x88gzPnybYg\x8cWmBkOvLVrmDB\x8djrWGxFcuUGZIW</data></write>
    <read><length>8</length><match><data>\x00\x00\x00\x00\x00\x00\x00\x00</data></match></read>
    <read><length>50</length><match><data>\xa5\x03\x8cWmBkOvLVrmDB\xc27\xec\xc6A\x88gzPnybYg\x85DkcpZ\x8djrWGxFcuUGZIW\xa6</data></match></read>
    <write><data>\xf8\xcf\x2c\x60\xca\xc4\xce\xf0.\x00\x00\x00\xa4\x05\x87gqoNXuj\x85jRNvz\x8aNDrdJDLUMj\x8aAyLZnfAgbM\x87YMudgBy</data></write>
    <read><length>8</length><match><data>\x00\x00\x00\x00\x00\x00\x00\x00</data></match></read>
    <read><length>127</length><match><data>\xa5\x05\x8aAyLZnfAgbM\xa3\x00\x05\xa7\xdbi\x89\x84\x8aNDrdJDLUMj\xc2Di\x87\xc9\x87YMudgBy\xa0\x87gqoNXuj\xa4\x03\xa3\x00\x1aa\xd5\x87\xf3\x9a\xfb\xe7\x99\xb8\xc5\xdaPh\x14\x1a\xccpo\xf5\x2ba\xae\x93\x08\xb5\xbc\xb2\xa2\x9f\x14c\xa3\x00\x1b\xf3\x93?\xf0\xcaJ\xa29\xaf\xe9\xe15\x1c\xff\x22\x7c\xe5g\x94\x2b\x10\x8a2M\xa3\xf6\x9e\x85jRNvz\xa6</data></match></read>
    <write><data>\x94\xf4\xea1\xd9\x3b\xea\xb7\x00\x00\x00\x00</data></write>
    <read><length>8</length><match><data>p\x04Dg\xf9\xbe\x60\x5c</data></match></read>
    <write><data>\xf8\xcf\x2c\x60\xca\xc4\xce\xf0\x0c\x00\x00\x00\xa4\x01\x89tTASdVvaW</data></write>
    <read><length>8</length><match><data>\x00\x00\x00\x00\x00\x00\x00\x00</data></match></read>
    <read><length>19</length><match><data>\xa5\x01\x89tTASdVvaW\x86QzXVix</data></match></read>
    <write><data>\x0d\xb5\x2c\xa5\x3b\x80\x14D\xe6\x00\x00\x00\xa5\x03\x8ckLVgfVMChBjP\xb2\xd5\x15\xdb\x8d\x86ouXyJa\xa6\x8edLHLOjwJGPcyeM\xa4\x03\xa4\x05\xc2u 0\xcd\xa6\xa6\xc2M\xad\x8b\x2b\xa5\x05\x88BQUzyczv\xa3\x00\x17\xa9Pw\x8f\xcc\xd0f\x8eN\x2a\xb7\x8eL\xd3\x87u\x97\x9a\xb6\xc8\xce0\xea\x89JrBoHwlBY\x95ukhkujBLwKXmrDWJkYStm\x8aaImtUtMOze\xa1\x85lsOTR\xa4\x03\xa5\x01\x86wWrMEQ\xa3\x00\x10g\x82\xb0\x06pB\x93\xd2?\xa7kkd\xafY\x0e\xc2\x05\xc1MG\xa3\x00\x02qC\x89ytVBYawDZ\xa4\x01\xc2\xf66\xdb\xd9\x95hePeDlOEYFPSogQjEggLT\xb2\x9c\xaf\x3e\x8a</data></write>
    <read><length>8</length><match><data>\x00\x00\x00\x00\x00\x00\x00\x00</data></match></read>
    <read><length>37</length><match><data>\xa4\x03\x8edLHLOjwJGPcyeM\x8ckLVgfVMChBjP\x86ouXyJa</data></match></read>
    <write><data>\x5d\xf8\x5d\x3e\xd0Gy\x7b\x1a\x00\x00\x00\xa4\x02\xa2\xa3\x00\x14\x13\xbem\x9b\x83s\x9d\x07\xcak\xcc\xee\x40k\x7f\xe1\xec\x03\xa77</data></write>
    <read><length>8</length><match><data>\x00\x00\x00\x00\x00\x00\x00\x00</data></match></read>
    <read><length>1</length><match><data>\xa2</data></match></read>
    <write><data>\x8e\xd3\xa0\x98\xe0\xabB\x08\x16\x00\x00\x00\xa4\x02\x8avzJMTLZBcP\x88IhIfjZmr</data></write>
    <read><length>8</length><match><data>\x00\x00\x00\x00\x00\x00\x00\x00</data></match></read>
    <read><length>62</length><match><data>\xa5\x02\x88IhIfjZmr\xa0\x8avzJMTLZBcP\xa4\x02\x95FhWtUMRJdtwdAjqtMMSVG\xa3\x00\x0c\x06!\xf0\x3e\x7b\xf4\x10\xf5\xf6\xd2\x06\x26</data></match></read>
    <write><data>\xf8\xcf\x2c\x60\xca\xc4\xce\xf0\x1c\x00\x00\x00\xa4\x02\x8eBuYAqGxfMdzedI\x8aNDrdJDLUMj</data></write>
    <read><length>8</length><match><data>\x00\x00\x00\x00\x00\x00\x00\x00</data></match></read>
    <read><length>38</length><match><data>\xa5\x02\x8eBuYAqGxfMdzedI\xc2\x14\x89\xddG\x8aNDrdJDLUMj\xc2Di\x87\xc9</data></match></read>
    <write><data>\x5d\xf8\x5d\x3e\xd0Gy\x7b\x1a\x00\x00\x00\xa4\x02\xa1\xa3\x00\x14\x13\xbem\x9b\x83s\x9d\x07\xcak\xcc\xee\x40k\x7f\xe1\xec\x03\xa77</data></write>
    <read><length>8</length><match><data>\x00\x00\x00\x00\x00\x00\x00\x00</data></match></read>
    <read><length>1</length><match><data>\xa1</data></match></read>
    <write><data>\x5d\xf8\x5d\x3e\xd0Gy\x7b\x1a\x00\x00\x00\xa4\x02\xa2\xa3\x00\x14\x13\xbem\x9b\x83s\x9d\x07\xcak\xcc\xee\x40k\x7f\xe1\xec\x03\xa77</data></write>
    <read><length>8</length><match><data>\x00\x00\x00\x00\x00\x00\x00\x00</data></match></read>
    <read><length>1</length><match><data>\xa2</data></match></read>
    <write><data>\x5bP\xa3\xb2\x25\x03\xb2\xed\x09\x00\x00\x00\xc3\x00\x00\x00\x00\x00\x00\x00\x08</data></write>
    <read><length>8</length><match><data>\x00\x00\x00\x00\x00\x00\x00\x00</data></match></read>
    <read><length>389</length><match><data>\x0b\x5bKEY\x5d: AyLZnfAgbM  \x3d\x3e  \x5bVALUE\x5d: \x3c\x5cA7\x5cDBi\x5c89\x5c84\x3e\x0b\x5bKEY\x5d: BbrlYDOdnSCmgx  \x3d\x3e  \x5bVALUE\x5d: 71355508\x0b\x5bKEY\x5d: BuYAqGxfMdzedI  \x3d\x3e  \x5bVALUE\x5d: 344579399\x0b\x5bKEY\x5d: DdkkqezZLlKq  \x3d\x3e  \x5bVALUE\x5d: \x22fAVLreNfyArWlQpKvvIoi\x22\x0b\x5bKEY\x5d: HINrZizLYwCa  \x3d\x3e  \x5bVALUE\x5d: \x22towexVZlBQQBXWOJBLbeNmQFgzel\x22\x0b\x5bKEY\x5d: NDrdJDLUMj  \x3d\x3e  \x5bVALUE\x5d: 1147766729\x0b\x5bKEY\x5d: UdfnoRMkn  \x3d\x3e  \x5bVALUE\x5d: false\x0b\x5bKEY\x5d: VzTTnRTOagyzL  \x3d\x3e  \x5bVALUE\x5d: 323738827\x0b\x0b</data></match></read>
    <write><data>\x8e\xd3\xa0\x98\xe0\xabB\x08\x23\x00\x00\x00\xa4\x03\x85aYXoc\x8dVzTTnRTOagyzL\x8cDdkkqezZLlKq</data></write>
    <read><length>8</length><match><data>\x00\x00\x00\x00\x00\x00\x00\x00</data></match></read>
    <read><length>92</length><match><data>\xa5\x03\x8cDdkkqezZLlKq\x95fAVLreNfyArWlQpKvvIoi\x8dVzTTnRTOagyzL\xc2\x13K\xdc\xcb\x85aYXoc\xa4\x05\xa3\x00\x05\xb3\xc3\xe3u\x96\xc2\xad\xe3l\x2b\xc2\x7f\x13r\xde\xc2\xca\x047\xd2\xc2\x3e\xa8\xa1H</data></match></read>
    <write><data>\xf8\xcf\x2c\x60\xca\xc4\xce\xf00\x00\x00\x00\xa4\x04\x8eyyjRGjdUYtUTiU\x8eBuYAqGxfMdzedI\x89ndLpTvyvz\x85jRNvz</data></write>
    <read><length>8</length><match><data>\x00\x00\x00\x00\x00\x00\x00\x00</data></match></read>
    <read><length>60</length><match><data>\xa5\x04\x8eBuYAqGxfMdzedI\xc2\x14\x89\xddG\x85jRNvz\xa6\x89ndLpTvyvz\xa6\x8eyyjRGjdUYtUTiU\xc2\x26\xe4\x8c\x95</data></match></read>
    <write><data>\x8e\xd3\xa0\x98\xe0\xabB\x08\x11\x00\x00\x00\xa4\x01\x8eyyjRGjdUYtUTiU</data></write>
    <read><length>8</length><match><data>\x00\x00\x00\x00\x00\x00\x00\x00</data></match></read>
    <read><length>22</length><match><data>\xa5\x01\x8eyyjRGjdUYtUTiU\xc2\x26\xe4\x8c\x95</data></match></read>
    <write><data>\x8e\xd3\xa0\x98\xe0\xabB\x08\x0a\x00\x00\x00\xa4\x01\x87gqoNXuj</data></write>
    <read><length>8</length><match><data>\x00\x00\x00\x00\x00\x00\x00\x00</data></match></read>
    <read><length>76</length><match><data>\xa5\x01\x87gqoNXuj\xa4\x03\xa3\x00\x1aa\xd5\x87\xf3\x9a\xfb\xe7\x99\xb8\xc5\xdaPh\x14\x1a\xccpo\xf5\x2ba\xae\x93\x08\xb5\xbc\xb2\xa2\x9f\x14c\xa3\x00\x1b\xf3\x93?\xf0\xcaJ\xa29\xaf\xe9\xe15\x1c\xff\x22\x7c\xe5g\x94\x2b\x10\x8a2M\xa3\xf6\x9e</data></match></read>
    <write><data>\x5d\xf8\x5d\x3e\xd0Gy\x7b!\x00\x00\x00\xa4\x02\xa1\xa3\x00\x1bqu\x29\x7eo\xf1?1\xf1\xfc\x0d\x0f\xcf\x9d\x1b\xf5\x04\xca\x90e\xf1\xdd\x1f\xe9y\xafC</data></write>
    <read><length>8</length><match><data>\xeaIY\x3e\x12\x0a\xf5\xdf</data></match></read>
    <write><data>\x5d\xf8\x5d\x3e\xd0Gy\x7b\x1b\x00\x00\x00\xa4\x02\xa1\xa3\x00\x15y\x88\x08\x8a\xd9\x7cxy\xd8\x9d\x15\x22F\x83P\xaaG\xebGA\x40</data></write>
    <read><length>8</length><match><data>\xeaIY\x3e\x12\x0a\xf5\xdf</data></match></read>
    <write><data>\xf8\xcf\x2c\x60\xca\xc4\xce\xf0\x25\x00\x00\x00\xa4\x03\x8ckLVgfVMChBjP\x8eBbrlYDOdnSCmgx\x86ouXyJa</data></write>
    <read><length>8</length><match><data>\x00\x00\x00\x00\x00\x00\x00\x00</data></match></read>
    <read><length>48</length><match><data>\xa5\x03\x8eBbrlYDOdnSCmgx\xc2\x04\x40\xcct\x8ckLVgfVMChBjP\xb2\xd5\x15\xdb\x8d\x86ouXyJa\xa6</data></match></read>
    <write><data>\x8e\xd3\xa0\x98\xe0\xabB\x08\x0f\x00\x00\x00\xa4\x01\x8ckLVgfVMChBjP</data></write>
    <read><length>8</length><match><data>\x00\x00\x00\x00\x00\x00\x00\x00</data></match></read>
    <read><length>20</length><match><data>\xa5\x01\x8ckLVgfVMChBjP\xb2\xd5\x15\xdb\x8d</data></match></read>
    <write><data>\x0d\xb5\x2c\xa5\x3b\x80\x14D5\x00\x00\x00\xa5\x03\x8aSNrxrhUyyU\xa3\x00\x0b\xf5C\xd6\x29\x17\xee2\xaa\xe7\xaaU\x89WYvtXlcDx\xa1\x8dQkSbKaIoCdVgM\xa6</data></write>
    <read><length>8</length><match><data>\x00\x00\x00\x00\x00\x00\x00\x00</data></match></read>
    <read><length>37</length><match><data>\xa4\x03\x8dQkSbKaIoCdVgM\x8aSNrxrhUyyU\x89WYvtXlcDx</data></match></read>
    <write><data>\x0d\xb5\x2c\xa5\x3b\x80\x14D\x91\x00\x00\x00\xa5\x05\x8aIAUjaDXDMy\xa3\x00\x1b\x052\x1f\x24\x8a\xc2\xdc\x7dB\xae\x7b\x91\x8c\x10\xdbu\x24\xcc\xdc\x85\x1a\x1a\xcb\x95\x5e\xd3\x3e\x8dCQHXIMjtXhYei\xa6\x8abkoolzvJJV\xa3\x00\x10\xcd\xc9\xa40\xd4I\x08:1\xbf\xa2\x19L\xd6\x9d\xde\x8frUqMilgEJYZilRK\xa3\x00\x17\x80\x1dS\xf3X\x18\xbet\xfe\x8f\xb0\x08\x99v\xb1\x90\xfc?\xda9Y\x07\x8b\x89sNOaWeCEY\xc2m\xd8ak</data></write>
    <read><length>8</length><match><data>\x00\x00\x00\x00\x00\x00\x00\x00</data></match></read>
    <read><length>64</length><match><data>\xa4\x05\x8dCQHXIMjtXhYei\x8aIAUjaDXDMy\x8abkoolzvJJV\x8frUqMilgEJYZilRK\x89sNOaWeCEY</data></match></read>
    <write><data>\xf8\xcf\x2c\x60\xca\xc4\xce\xf0\x28\x00\x00\x00\xa4\x04\x85jRNvz\x8aIAUjaDXDMy\x89sNOaWeCEY\x8aGRuaUpBtXi</data></write>
    <read><length>8</length><match><data>\x00\x00\x00\x00\x00\x00\x00\x00</data></match></read>
    <read><length>77</length><match><data>\xa5\x04\x8aGRuaUpBtXi\xa0\x8aIAUjaDXDMy\xa3\x00\x1b\x052\x1f\x24\x8a\xc2\xdc\x7dB\xae\x7b\x91\x8c\x10\xdbu\x24\xcc\xdc\x85\x1a\x1a\xcb\x95\x5e\xd3\x3e\x85jRNvz\xa6\x89sNOaWeCEY\xc2m\xd8ak</data></match></read>
    <write><data>\xf8\xcf\x2c\x60\xca\xc4\xce\xf0A\x00\x00\x00\xa4\x05\x89WYvtXlcDx\x8aAyLZnfAgbM\x8frUqMilgEJYZilRK\x8eBbrlYDOdnSCmgx\x8abkoolzvJJV</data></write>
    <read><length>8</length><match><data>\x00\x00\x00\x00\x00\x00\x00\x00</data></match></read>
    <read><length>124</length><match><data>\xa5\x05\x8aAyLZnfAgbM\xa3\x00\x05\xa7\xdbi\x89\x84\x8eBbrlYDOdnSCmgx\xc2\x04\x40\xcct\x89WYvtXlcDx\xa1\x8abkoolzvJJV\xa3\x00\x10\xcd\xc9\xa40\xd4I\x08:1\xbf\xa2\x19L\xd6\x9d\xde\x8frUqMilgEJYZilRK\xa3\x00\x17\x80\x1dS\xf3X\x18\xbet\xfe\x8f\xb0\x08\x99v\xb1\x90\xfc?\xda9Y\x07\x8b</data></match></read>
    <write><data>\x8e\xd3\xa0\x98\xe0\xabB\x08\x0c\x00\x00\x00\xa4\x01\x89ndLpTvyvz</data></write>
    <read><length>8</length><match><data>\x00\x00\x00\x00\x00\x00\x00\x00</data></match></read>
    <read><length>13</length><match><data>\xa5\x01\x89ndLpTvyvz\xa6</data></match></read>
    <write><data>\x5d\xf8\x5d\x3e\xd0Gy\x7b\x1a\x00\x00\x00\xa4\x02\xa1\xa3\x00\x14\x13\xbem\x9b\x83s\x9d\x07\xcak\xcc\xee\x40k\x7f\xe1\xec\x03\xa77</data></write>
    <read><length>8</length><match><data>\x00\x00\x00\x00\x00\x00\x00\x00</data></match></read>
    <read><length>1</length><match><data>\xa1</data></match></read>
    <write><data>\xf8\xcf\x2c\x60\xca\xc4\xce\xf0\x0f\x00\x00\x00\xa4\x01\x8cHINrZizLYwCa</data></write>
    <read><length>8</length><match><data>\x00\x00\x00\x00\x00\x00\x00\x00</data></match></read>
    <read><length>44</length><match><data>\xa5\x01\x8cHINrZizLYwCa\x9ctowexVZlBQQBXWOJBLbeNmQFgzel</data></match></read>
    <write><data>\x5bP\xa3\xb2\x25\x03\xb2\xed\x09\x00\x00\x00\xc3\x00\x00\x00\x00\x00\x00\x00\x12</data></write>
    <read><length>8</length><match><data>p\x04Dg\xf9\xbe\x60\x5c</data></match></read>
    <write><data>\x0d\xb5\x2c\xa5\x3b\x80\x14D!\x00\x00\x00\xa5\x02\x86wPMaRj\xa6\x8bLuHtFkmcoGS\xa5\x01\x87qJEvHcl\xa1</data></write>
    <read><length>8</length><match><data>\x00\x00\x00\x00\x00\x00\x00\x00</data></match></read>
    <read><length>21</length><match><data>\xa4\x02\x8bLuHtFkmcoGS\x86wPMaRj</data></match></read>
    <write><data>\x5d\xf8\x5d\x3e\xd0Gy\x7b\x1a\x00\x00\x00\xa4\x02\xa1\xa3\x00\x14\x13\xbem\x9b\x83s\x9d\x07\xcak\xcc\xee\x40k\x7f\xe1\xec\x03\xa77</data></write>
    <read><length>8</length><match><data>\x00\x00\x00\x00\x00\x00\x00\x00</data></match></read>
    <read><length>1</length><match><data>\xa1</data></match></read>
    <write><data>\x0d\xb5\x2c\xa5\x3b\x80\x14Dy\x00\x00\x00\xa5\x05\x8dAtIKNBdFUEKPJ\xc2ngu\xdb\x8ddmEHjgUfxkuWA\xa6\x87iJFHQzY\xc23\xa9\xac\x99\x87tdzwogX\xb2\xb2LJi\x86lgMcVf\xa4\x02\xa5\x04\x85Akuzb\xb2\x93Lm\x5b\x88XKjewOJA\xc21o\x5b\x04\x85kfLcw\xa6\x87xkDpxMP\x86HOehMK\xa2</data></write>
    <read><length>8</length><match><data>\x00\x00\x00\x00\x00\x00\x00\x00</data></match></read>
    <read><length>53</length><match><data>\xa4\x05\x8dAtIKNBdFUEKPJ\x8ddmEHjgUfxkuWA\x87iJFHQzY\x86lgMcVf\x87tdzwogX</data></match></read>
    <write><data>\x5f\xa5.\xec\x9f5Q?\x00\x00\x00\x00</data></write>
    <read><length>8</length><match><data>p\x04Dg\xf9\xbe\x60\x5c</data></match></read>
    <write><data>\x5d\xf8\x5d\x3e\xd0Gy\x7b\x1a\x00\x00\x00\xa4\x02\xa1\xa3\x00\x14\x13\xbem\x9b\x83s\x9d\x07\xcak\xcc\xee\x40k\x7f\xe1\xec\x03\xa77</data></write>
    <read><length>8</length><match><data>\x00\x00\x00\x00\x00\x00\x00\x00</data></match></read>
    <read><length>1</length><match><data>\xa1</data></match></read>
    <write><data>\x5bP\xa3\xb2\x25\x03\xb2\xed\x09\x00\x00\x00\xc3\x00\x00\x00\x00\x00\x00\x00\x06</data></write>
    <read><length>8</length><match><data>p\x04Dg\xf9\xbe\x60\x5c</data></match></read>
    <write><data>\xf8\xcf\x2c\x60\xca\xc4\xce\xf05\x00\x00\x00\xa4\x05\x8dQkSbKaIoCdVgM\x89UdfnoRMkn\x85jRNvz\x8dCQHXIMjtXhYei\x86lgMcVf</data></write>
    <read><length>8</length><match><data>\x00\x00\x00\x00\x00\x00\x00\x00</data></match></read>
    <read><length>109</length><match><data>\xa5\x05\x8dCQHXIMjtXhYei\xa6\x8dQkSbKaIoCdVgM\xa6\x89UdfnoRMkn\xa1\x85jRNvz\xa6\x86lgMcVf\xa4\x02\xa5\x04\x85Akuzb\xb2\x93Lm\x5b\x88XKjewOJA\xc21o\x5b\x04\x85kfLcw\xa6\x87xkDpxMP\x86HOehMK\xa2</data></match></read>
    <write><data>\x5d\xf8\x5d\x3e\xd0Gy\x7b\x1a\x00\x00\x00\xa4\x02\xa2\xa3\x00\x14\x13\xbem\x9b\x83s\x9d\x07\xcak\xcc\xee\x40k\x7f\xe1\xec\x03\xa77</data></write>
    <read><length>8</length><match><data>\x00\x00\x00\x00\x00\x00\x00\x00</data></match></read>
    <read><length>1</length><match><data>\xa2</data></match></read>
    <write><data>\xc3\x86\xd1\xdc\x10\xe8\xb2\xba\x00\x00\x00\x00</data></write>
    <read><length>8</length><match><data>p\x04Dg\xf9\xbe\x60\x5c</data></match></read>
    <write><data>\x5bP\xa3\xb2\x25\x03\xb2\xed\x09\x00\x00\x00\xc3\x00\x00\x00\x00\x00\x00\x00\x0f</data></write>
    <read><length>8</length><match><data>\x00\x00\x00\x00\x00\x00\x00\x00</data></match></read>
    <read><length>767</length><match><data>\x0b\x5bKEY\x5d: AtIKNBdFUEKPJ  \x3d\x3e  \x5bVALUE\x5d: 1852274139\x0b\x5bKEY\x5d: AyLZnfAgbM  \x3d\x3e  \x5bVALUE\x5d: \x3c\x5cA7\x5cDBi\x5c89\x5c84\x3e\x0b\x5bKEY\x5d: BbrlYDOdnSCmgx  \x3d\x3e  \x5bVALUE\x5d: 71355508\x0b\x5bKEY\x5d: BuYAqGxfMdzedI  \x3d\x3e  \x5bVALUE\x5d: 344579399\x0b\x5bKEY\x5d: CQHXIMjtXhYei  \x3d\x3e  \x5bVALUE\x5d: NIL\x0b\x5bKEY\x5d: HINrZizLYwCa  \x3d\x3e  \x5bVALUE\x5d: \x22towexVZlBQQBXWOJBLbeNmQFgzel\x22\x0b\x5bKEY\x5d: IAUjaDXDMy  \x3d\x3e  \x5bVALUE\x5d: \x3c\x5c052\x5c1F\x5c24\x5c8A\x5cC2\x5cDC\x5c7DB\x5cAE\x5c7B\x5c91\x5c8C\x5c10\x5cDBu\x5c24\x5cCC\x5cDC\x5c85\x5c1A\x5c1A\x5cCB\x5c95\x5c5E\x5cD3\x5c3E\x3e\x0b\x5bKEY\x5d: LuHtFkmcoGS  \x3d\x3e  \x5bVALUE\x5d: \x7b\x0b\x09\x5bKEY\x5d: qJEvHcl  \x3d\x3e  \x5bVALUE\x5d: false\x0b\x7d\x0b\x5bKEY\x5d: NDrdJDLUMj  \x3d\x3e  \x5bVALUE\x5d: 1147766729\x0b\x5bKEY\x5d: QkSbKaIoCdVgM  \x3d\x3e  \x5bVALUE\x5d: NIL\x0b\x5bKEY\x5d: SNrxrhUyyU  \x3d\x3e  \x5bVALUE\x5d: \x3c\x5cF5C\x5cD6\x5c29\x5c17\x5cEE2\x5cAA\x5cE7\x5cAAU\x3e\x0b\x5bKEY\x5d: UdfnoRMkn  \x3d\x3e  \x5bVALUE\x5d: false\x0b\x5bKEY\x5d: WYvtXlcDx  \x3d\x3e  \x5bVALUE\x5d: false\x0b\x5bKEY\x5d: bkoolzvJJV  \x3d\x3e  \x5bVALUE\x5d: \x3c\x5cCD\x5cC9\x5cA40\x5cD4I\x5c08\x5c3A1\x5cBF\x5cA2\x5c19L\x5cD6\x5c9D\x5cDE\x3e\x0b\x0b</data></match></read>
    <write><data>\x5d\xf8\x5d\x3e\xd0Gy\x7b\x1a\x00\x00\x00\xa4\x02\xa2\xa3\x00\x14\x13\xbem\x9b\x83s\x9d\x07\xcak\xcc\xee\x40k\x7f\xe1\xec\x03\xa77</data></write>
    <read><length>8</length><match><data>\x00\x00\x00\x00\x00\x00\x00\x00</data></match></read>
    <read><length>1</length><match><data>\xa2</data></match></read>
    <write><data>\xf8\xcf\x2c\x60\xca\xc4\xce\xf0\x17\x00\x00\x00\xa4\x02\x85fjnvV\x8eBuYAqGxfMdzedI</data></write>
    <read><length>8</length><match><data>\x00\x00\x00\x00\x00\x00\x00\x00</data></match></read>
    <read><length>36</length><match><data>\xa5\x02\x8eBuYAqGxfMdzedI\xc2\x14\x89\xddG\x85fjnvV\x87WtETYyl</data></match></read>
    <write><data>\x8f\x15\xe8\xa5\xb9\xdf\xa5\xfe\x00\x00\x00\x00</data></write>
    <read><length>8</length><match><data>p\x04Dg\xf9\xbe\x60\x5c</data></match></read>
    <write><data>\x5d\xf8\x5d\x3e\xd0Gy\x7b\x1a\x00\x00\x00\xa4\x02\xa1\xa3\x00\x14\x13\xbem\x9b\x83s\x9d\x07\xcak\xcc\xee\x40k\x7f\xe1\xec\x03\xa77</data></write>
    <read><length>8</length><match><data>\x00\x00\x00\x00\x00\x00\x00\x00</data></match></read>
    <read><length>1</length><match><data>\xa1</data></match></read>
    <write><data>\x5bP\xa3\xb2\x25\x03\xb2\xed\x09\x00\x00\x00\xc3\x00\x00\x00\x00\x00\x00\x00\x04</data></write>
    <read><length>8</length><match><data>p\x04Dg\xf9\xbe\x60\x5c</data></match></read>
    <write><data>\x5bP\xa3\xb2\x25\x03\xb2\xed\x09\x00\x00\x00\xc3\x00\x00\x00\x00\x00\x00\x00\x16</data></write>
    <read><length>8</length><match><data>p\x04Dg\xf9\xbe\x60\x5c</data></match></read>
    <write><data>\x5bP\xa3\xb2\x25\x03\xb2\xed\x09\x00\x00\x00\xc3\x00\x00\x00\x00\x00\x00\x00\x09</data></write>
    <read><length>8</length><match><data>p\x04Dg\xf9\xbe\x60\x5c</data></match></read>
    <write><data>y\x83\xfebIjK\xd3\x00\x00\x00\x00</data></write>
    <read><length>8</length><match><data>p\x04Dg\xf9\xbe\x60\x5c</data></match></read>
    <write><data>\x8e\xd3\xa0\x98\xe0\xabB\x08\x1c\x00\x00\x00\xa4\x02\x8aIAUjaDXDMy\x8eBbrlYDOdnSCmgx</data></write>
    <read><length>8</length><match><data>\x00\x00\x00\x00\x00\x00\x00\x00</data></match></read>
    <read><length>63</length><match><data>\xa5\x02\x8eBbrlYDOdnSCmgx\xc2\x04\x40\xcct\x8aIAUjaDXDMy\xa3\x00\x1b\x052\x1f\x24\x8a\xc2\xdc\x7dB\xae\x7b\x91\x8c\x10\xdbu\x24\xcc\xdc\x85\x1a\x1a\xcb\x95\x5e\xd3\x3e</data></match></read>
    <write><data>\x8e\xd3\xa0\x98\xe0\xabB\x08\x23\x00\x00\x00\xa4\x03\x8cHINrZizLYwCa\x87iJFHQzY\x8bLuHtFkmcoGS</data></write>
    <read><length>8</length><match><data>\x00\x00\x00\x00\x00\x00\x00\x00</data></match></read>
    <read><length>80</length><match><data>\xa5\x03\x8cHINrZizLYwCa\x9ctowexVZlBQQBXWOJBLbeNmQFgzel\x8bLuHtFkmcoGS\xa5\x01\x87qJEvHcl\xa1\x87iJFHQzY\xc23\xa9\xac\x99</data></match></read>
    <write><data>\xf8\xcf\x2c\x60\xca\xc4\xce\xf0?\x00\x00\x00\xa4\x05\x8abkoolzvJJV\x8dQkSbKaIoCdVgM\x8frUqMilgEJYZilRK\x8ddmEHjgUfxkuWA\x85jRNvz</data></write>
    <read><length>8</length><match><data>\x00\x00\x00\x00\x00\x00\x00\x00</data></match></read>
    <read><length>111</length><match><data>\xa5\x05\x8dQkSbKaIoCdVgM\xa6\x8abkoolzvJJV\xa3\x00\x10\xcd\xc9\xa40\xd4I\x08:1\xbf\xa2\x19L\xd6\x9d\xde\x8ddmEHjgUfxkuWA\xa6\x85jRNvz\xa6\x8frUqMilgEJYZilRK\xa3\x00\x17\x80\x1dS\xf3X\x18\xbet\xfe\x8f\xb0\x08\x99v\xb1\x90\xfc?\xda9Y\x07\x8b</data></match></read>
    <write><data>\x8e\xd3\xa0\x98\xe0\xabB\x08\x16\x00\x00\x00\xa4\x02\x85fjnvV\x8dCQHXIMjtXhYei</data></write>
    <read><length>8</length><match><data>\x00\x00\x00\x00\x00\x00\x00\x00</data></match></read>
    <read><length>31</length><match><data>\xa5\x02\x8dCQHXIMjtXhYei\xa6\x85fjnvV\x87WtETYyl</data></match></read>
    <write><data>\x5d\xf8\x5d\x3e\xd0Gy\x7b\x1a\x00\x00\x00\xa4\x02\xa2\xa3\x00\x14\x13\xbem\x9b\x83s\x9d\x07\xcak\xcc\xee\x40k\x7f\xe1\xec\x03\xa77</data></write>
    <read><length>8</length><match><data>\x00\x00\x00\x00\x00\x00\x00\x00</data></match></read>
    <read><length>1</length><match><data>\xa2</data></match></read>
    <write><data>\x5d\xf8\x5d\x3e\xd0Gy\x7b\x1a\x00\x00\x00\xa4\x02\xa1\xa3\x00\x14\x13\xbem\x9b\x83s\x9d\x07\xcak\xcc\xee\x40k\x7f\xe1\xec\x03\xa77</data></write>
    <read><length>8</length><match><data>\x00\x00\x00\x00\x00\x00\x00\x00</data></match></read>
    <read><length>1</length><match><data>\xa1</data></match></read>
    <write><data>\x0d\xb5\x2c\xa5\x3b\x80\x14D\x17\x02\x00\x00\xa5\x05\x8dicnPJFaAADyHu\xa3\x00\x1b\x29M\xe0\x3b\x07iT\xdf\x15TZ\x12i3\xf5M\x1c\xdb\xa6\x8a\x14G\xeaf\x01K\x8a\x87EknFdbl\xa5\x05\x88KBTyxzqk\xa1\x86QLvSev\xa2\x85gMKyu\xa4\x03\xa5\x02\x88ebLYqQxw\xa1\x89pvHfOJekG\x8cIBLNSdjOujZu\xc2\xcb\xbe\x14\x2c\xa6\x8amDWvEKrccI\xa5\x02\x8aLnWIEXTHCz\xc2\x0a\xfe.w\x86iqLidu\xc2.v\x1c\x97\x86tNWuRp\xa3\x00\x03\xcb\x5e\x26\x8aaaFYofIyNF\xa5\x03\x88CNjcLVhx\xa6\x88GJoYBXmd\x9bzRxPefbghEFKNhOKfHNNOzmdyrb\x87kzMOcpA\xa3\x00\x1a\x98\x85\xcc\x7f\x05\x90\x81\xed\x87V\xe8\x5ehu\x99\xba!n9\xdc\x04\x11\xc7\xb3b\xeb\x8eCySnXWXHlpdBNE\xa2\x8fMbRhuEkbNbCKVTK\xa5\x05\x86DMhtif\x87PBWBDqI\x89FVsxdwIJN\x94yTBfVJOCSdISbSwGoLvw\x8aHSxXnloKPp\xa1\x86ioAtGX\x9cOgPgSuiyrTmYJxIzvoooAePoRZoM\x87uFkyTRd\xa4\x03\xa3\x00\x03\x19\x5cK\xa5\x03\x85smtmr\xa2\x88vcSsxywo\xa3\x00\x1b\x1dZo\x93\x8ec\x7b\xbc\xf2\xf5g\xeb1\x27\xd7\x96\xa01\x1d\x97\x9c\xd6\x15\x9e\xf1M\xf5\x85zQYRq\xa2\xa4\x01\xa5\x03\x85KUYtg\xa4\x02\xa4\x02\x91FZExswcJlyMWRDQiH\xb2\xa0\xe3:\x2b\xc2\xce\x1bl\xb6\x8azeWXSZefpf\xa6\x86zkApSW\xa1</data></write>
    <read><length>8</length><match><data>\x00\x00\x00\x00\x00\x00\x00\x00</data></match></read>
    <read><length>66</length><match><data>\xa4\x05\x8eCySnXWXHlpdBNE\x87EknFdbl\x8fMbRhuEkbNbCKVTK\x8aaaFYofIyNF\x8dicnPJFaAADyHu</data></match></read>
    <write><data>\xf8\xcf\x2c\x60\xca\xc4\xce\xf0\x10\x00\x00\x00\xa4\x01\x8dAtIKNBdFUEKPJ</data></write>
    <read><length>8</length><match><data>\x00\x00\x00\x00\x00\x00\x00\x00</data></match></read>
    <read><length>21</length><match><data>\xa5\x01\x8dAtIKNBdFUEKPJ\xc2ngu\xdb</data></match></read>
    <write><data>\x0d\xb5\x2c\xa5\x3b\x80\x14Da\x00\x00\x00\xa5\x05\x8dkBzovCNfHkdZy\xc2\x7f\xdd\xb9\x10\x85MyoZY\xc2\x85P\xa0z\x8fOmndjHHhgztezwN\xa1\x8bGnpDHUxcKEB\xc2\x96\x2a2\x89\x8alajIHGiGCm\xa3\x00\x11\xa4\xa7\x0b\x23T\xf2Vx\xecS\xc6Rj\xfd\xed1\xb8</data></write>
    <read><length>8</length><match><data>\x00\x00\x00\x00\x00\x00\x00\x00</data></match></read>
    <read><length>61</length><match><data>\xa4\x05\x8bGnpDHUxcKEB\x85MyoZY\x8fOmndjHHhgztezwN\x8dkBzovCNfHkdZy\x8alajIHGiGCm</data></match></read>
    <write><data>\xf8\xcf\x2c\x60\xca\xc4\xce\xf0\x18\x00\x00\x00\xa4\x02\x85MyoZY\x8frUqMilgEJYZilRK</data></write>
    <read><length>8</length><match><data>\x00\x00\x00\x00\x00\x00\x00\x00</data></match></read>
    <read><length>55</length><match><data>\xa5\x02\x85MyoZY\xc2\x85P\xa0z\x8frUqMilgEJYZilRK\xa3\x00\x17\x80\x1dS\xf3X\x18\xbet\xfe\x8f\xb0\x08\x99v\xb1\x90\xfc?\xda9Y\x07\x8b</data></match></read>
    <write><data>\xf8\xcf\x2c\x60\xca\xc4\xce\xf0\x28\x00\x00\x00\xa4\x04\x87EknFdbl\x86lgMcVf\x89WYvtXlcDx\x8cJKsxcIjtEqJR</data></write>
    <read><length>8</length><match><data>\x00\x00\x00\x00\x00\x00\x00\x00</data></match></read>
    <read><length>217</length><match><data>\xa5\x04\x87EknFdbl\xa5\x05\x88KBTyxzqk\xa1\x86QLvSev\xa2\x85gMKyu\xa4\x03\xa5\x02\x88ebLYqQxw\xa1\x89pvHfOJekG\x8cIBLNSdjOujZu\xc2\xcb\xbe\x14\x2c\xa6\x8amDWvEKrccI\xa5\x02\x8aLnWIEXTHCz\xc2\x0a\xfe.w\x86iqLidu\xc2.v\x1c\x97\x86tNWuRp\xa3\x00\x03\xcb\x5e\x26\x8cJKsxcIjtEqJR\xa0\x89WYvtXlcDx\xa1\x86lgMcVf\xa4\x02\xa5\x04\x85Akuzb\xb2\x93Lm\x5b\x88XKjewOJA\xc21o\x5b\x04\x85kfLcw\xa6\x87xkDpxMP\x86HOehMK\xa2</data></match></read>
    <write><data>\x0d\xb5\x2c\xa5\x3b\x80\x14D \x00\x00\x00\xa5\x02\x8cDUPDnuxhYRFq\xa6\x8apwplWttglI\xc26\x2dC\xac</data></write>
    <read><length>8</length><match><data>\x00\x00\x00\x00\x00\x00\x00\x00</data></match></read>
    <read><length>26</length><match><data>\xa4\x02\x8cDUPDnuxhYRFq\x8apwplWttglI</data></match></read>
    <write><data>\x8e\xd3\xa0\x98\xe0\xabB\x08\x2b\x00\x00\x00\xa4\x03\x8abkoolzvJJV\x8frUqMilgEJYZilRK\x8ddmEHjgUfxkuWA</data></write>
    <read><length>8</length><match><data>\x00\x00\x00\x00\x00\x00\x00\x00</data></match></read>
    <read><length>89</length><match><data>\xa5\x03\x8abkoolzvJJV\xa3\x00\x10\xcd\xc9\xa40\xd4I\x08:1\xbf\xa2\x19L\xd6\x9d\xde\x8ddmEHjgUfxkuWA\xa6\x8frUqMilgEJYZilRK\xa3\x00\x17\x80\x1dS\xf3X\x18\xbet\xfe\x8f\xb0\x08\x99v\xb1\x90\xfc?\xda9Y\x07\x8b</data></match></read>
    <write><data>\x5d\xf8\x5d\x3e\xd0Gy\x7b\x07\x00\x00\x00\xa4\x02\xa1\xa3\x00\x01\x0b</data></write>
    <read><length>8</length><match><data>\xeaIY\x3e\x12\x0a\xf5\xdf</data></match></read>
    <write><data>\x1aZZ\xc9\xff\xbf\x5f\x3c\x00\x00\x00\x00</data></write>
    <read><length>8</length><match><data>p\x04Dg\xf9\xbe\x60\x5c</data></match></read>
    <write><data>\x8e\xd3\xa0\x98\xe0\xabB\x08\x1d\x00\x00\x00\xa4\x02\x8edLHLOjwJGPcyeM\x8bGnpDHUxcKEB</data></write>
    <read><length>8</length><match><data>\x00\x00\x00\x00\x00\x00\x00\x00</data></match></read>
    <read><length>221</length><match><data>\xa5\x02\x8bGnpDHUxcKEB\xc2\x96\x2a2\x89\x8edLHLOjwJGPcyeM\xa4\x03\xa4\x05\xc2u 0\xcd\xa6\xa6\xc2M\xad\x8b\x2b\xa5\x05\x88BQUzyczv\xa3\x00\x17\xa9Pw\x8f\xcc\xd0f\x8eN\x2a\xb7\x8eL\xd3\x87u\x97\x9a\xb6\xc8\xce0\xea\x89JrBoHwlBY\x95ukhkujBLwKXmrDWJkYStm\x8aaImtUtMOze\xa1\x85lsOTR\xa4\x03\xa5\x01\x86wWrMEQ\xa3\x00\x10g\x82\xb0\x06pB\x93\xd2?\xa7kkd\xafY\x0e\xc2\x05\xc1MG\xa3\x00\x02qC\x89ytVBYawDZ\xa4\x01\xc2\xf66\xdb\xd9\x95hePeDlOEYFPSogQjEggLT\xb2\x9c\xaf\x3e\x8a</data></match></read>
    <write><data>im\x24q\xd6\xa3\xbc\x27\x00\x00\x00\x00</data></write>
    <read><length>8</length><match><data>p\x04Dg\xf9\xbe\x60\x5c</data></match></read>
    <write><data>\xdbX\xeb\xee\x0eU\x40\xa5\x00\x00\x00\x00</data></write>
    <read><length>8</length><match><data>p\x04Dg\xf9\xbe\x60\x5c</data></match></read>
    <write><data>\x5d\xf8\x5d\x3e\xd0Gy\x7b\x1a\x00\x00\x00\xa4\x02\xa1\xa3\x00\x14\x13\xbem\x9b\x83s\x9d\x07\xcak\xcc\xee\x40k\x7f\xe1\xec\x03\xa77</data></write>
    <read><length>8</length><match><data>\x00\x00\x00\x00\x00\x00\x00\x00</data></match></read>
    <read><length>1</length><match><data>\xa1</data></match></read>
    <write><data>\x8e\xd3\xa0\x98\xe0\xabB\x08\x11\x00\x00\x00\xa4\x01\x8eBuYAqGxfMdzedI</data></write>
    <read><length>8</length><match><data>\x00\x00\x00\x00\x00\x00\x00\x00</data></match></read>
    <read><length>22</length><match><data>\xa5\x01\x8eBuYAqGxfMdzedI\xc2\x14\x89\xddG</data></match></read>
    <write><data>\x8e\xd3\xa0\x98\xe0\xabB\x08\x1f\x00\x00\x00\xa4\x03\x8apwplWttglI\x86wPMaRj\x8aSNrxrhUyyU</data></write>
    <read><length>8</length><match><data>\x00\x00\x00\x00\x00\x00\x00\x00</data></match></read>
    <read><length>51</length><match><data>\xa5\x03\x8aSNrxrhUyyU\xa3\x00\x0b\xf5C\xd6\x29\x17\xee2\xaa\xe7\xaaU\x8apwplWttglI\xc26\x2dC\xac\x86wPMaRj\xa6</data></match></read>
    <write><data>\x8e\xd3\xa0\x98\xe0\xabB\x08\x12\x00\x00\x00\xa4\x01\x8fMbRhuEkbNbCKVTK</data></write>
    <read><length>8</length><match><data>\x00\x00\x00\x00\x00\x00\x00\x00</data></match></read>
    <read><length>247</length><match><data>\xa5\x01\x8fMbRhuEkbNbCKVTK\xa5\x05\x86DMhtif\x87PBWBDqI\x89FVsxdwIJN\x94yTBfVJOCSdISbSwGoLvw\x8aHSxXnloKPp\xa1\x86ioAtGX\x9cOgPgSuiyrTmYJxIzvoooAePoRZoM\x87uFkyTRd\xa4\x03\xa3\x00\x03\x19\x5cK\xa5\x03\x85smtmr\xa2\x88vcSsxywo\xa3\x00\x1b\x1dZo\x93\x8ec\x7b\xbc\xf2\xf5g\xeb1\x27\xd7\x96\xa01\x1d\x97\x9c\xd6\x15\x9e\xf1M\xf5\x85zQYRq\xa2\xa4\x01\xa5\x03\x85KUYtg\xa4\x02\xa4\x02\x91FZExswcJlyMWRDQiH\xb2\xa0\xe3:\x2b\xc2\xce\x1bl\xb6\x8azeWXSZefpf\xa6\x86zkApSW\xa1</data></match></read>
    <write><data>\x0d\xb5\x2c\xa5\x3b\x80\x14D\x11\x00\x00\x00\xa5\x01\x8dplYWMqaOsNQaA\xa1</data></write>
    <read><length>8</length><match><data>\x00\x00\x00\x00\x00\x00\x00\x00</data></match></read>
    <read><length>16</length><match><data>\xa4\x01\x8dplYWMqaOsNQaA</data></match></read>
    <write><data>\x5bP\xa3\xb2\x25\x03\xb2\xed\x09\x00\x00\x00\xc3\x00\x00\x00\x00\x00\x00\x00\x01</data></write>
    <read><length>8</length><match><data>p\x04Dg\xf9\xbe\x60\x5c</data></match></read>
    <write><data>\x5bP\xa3\xb2\x25\x03\xb2\xed\x09\x00\x00\x00\xc3\x00\x00\x00\x00\x00\x00\x00\x13</data></write>
    <read><length>8</length><match><data>p\x04Dg\xf9\xbe\x60\x5c</data></match></read>
    <write><data>\x0d\xb5\x2c\xa5\x3b\x80\x14D\xf6\x00\x00\x00\xa5\x04\x8bEYmbWIMbSUe\xa3\x00\x0c\xfbX\x94\x18e\x17\xc24Kr\x0aR\x88rktSvPxl\xc2.\x16F\xa6\x89PLvFCtLfQ\xa3\x00\x12f\xd0\x91\xb5\x2f\x8d\xf0\x86\x2dv\xb1\xa5\xe0\xf5\x0f\xec\x1b\xcd\x89LzznBKKnT\xa5\x05\x85GuKCN\xa5\x02\x88MYdfciWg\xc2\x0d\xd20\xb8\x8aqoCgsYAFDG\xa4\x04\xa4\x01\xa4\x03\xa2\xc2b\xb5\xda\x9e\xa3\x00\x17\xed.\xe2\xfd\x25u\x17\xa4\xce\x5e\xb9j\x3e\x12\xce\xae\x28\x7b\xde\x04\x22\x5d\xc6\xa1\xc2\x5d\x5d\x0a\x1f\xa2\x89IBMTCFntD\xa3\x00\x1d\xef5l\x7b\x5b\xb3\x87.\xc8\x1a\xc7\xe0L\xd6\x9f\x5ce\xd9\xd2y\x904\x82\x12\xb9h\xb5\x27\xbb\x8aWpAckuvlbz\xa5\x01\x89ngYzqjCzr\xa6\x86YRKFMN\xa1\x86yZKCTB\xa6</data></write>
    <read><length>8</length><match><data>\x00\x00\x00\x00\x00\x00\x00\x00</data></match></read>
    <read><length>43</length><match><data>\xa4\x04\x8bEYmbWIMbSUe\x89LzznBKKnT\x89PLvFCtLfQ\x88rktSvPxl</data></match></read>
    <write><data>\x0d\xb5\x2c\xa5\x3b\x80\x14D\x28\x00\x00\x00\xa5\x03\x89foTGlpiPn\xa6\x89oneUPEqEn\xc2a\xfd\xb85\x86PQlLCm\xc2\x07bx\xcd</data></write>
    <read><length>8</length><match><data>\x00\x00\x00\x00\x00\x00\x00\x00</data></match></read>
    <read><length>29</length><match><data>\xa4\x03\x86PQlLCm\x89foTGlpiPn\x89oneUPEqEn</data></match></read>
    <write><data>\x8e\xd3\xa0\x98\xe0\xabB\x08\x18\x00\x00\x00\xa4\x02\x88rktSvPxl\x8cDUPDnuxhYRFq</data></write>
    <read><length>8</length><match><data>\x00\x00\x00\x00\x00\x00\x00\x00</data></match></read>
    <read><length>30</length><match><data>\xa5\x02\x8cDUPDnuxhYRFq\xa6\x88rktSvPxl\xc2.\x16F\xa6</data></match></read>
    <write><data>\x0d\xb5\x2c\xa5\x3b\x80\x14D4\x00\x00\x00\xa5\x03\x8cvnJPssbUxekj\xa6\x8fjOGLDsEXtjqpsZU\xc2y\x8e\xc1\xd2\x8dPduyZErqTiqGi\xa6</data></write>
    <read><length>8</length><match><data>\x00\x00\x00\x00\x00\x00\x00\x00</data></match></read>
    <read><length>45</length><match><data>\xa4\x03\x8dPduyZErqTiqGi\x8fjOGLDsEXtjqpsZU\x8cvnJPssbUxekj</data></match></read>
    <write><data>\x5d\xf8\x5d\x3e\xd0Gy\x7b\x0b\x00\x00\x00\xa4\x02\xa1\xa3\x00\x05\xc5k\xf7\xb5\xf0</data></write>
    <read><length>8</length><match><data>\xeaIY\x3e\x12\x0a\xf5\xdf</data></match></read>
    <write><data>\xa7\x83\xf8\xd4\x7d\x3d\x14\x17\x00\x00\x00\x00</data></write>
    <read><length>8</length><match><data>p\x04Dg\xf9\xbe\x60\x5c</data></match></read>
    <write><data>\x5d\xf8\x5d\x3e\xd0Gy\x7b\x1f\x00\x00\x00\xa4\x02\xa2\xa3\x00\x19U\x2d\xd0\x84\xac\xe2Xr\xde\xd2lQ\x29\xfa\xa6\xef\x95\xf6\x10p\xa9\xfe\xc4\xees</data></write>
    <read><length>8</length><match><data>\xeaIY\x3e\x12\x0a\xf5\xdf</data></match></read>
    <write><data>\x8e\xd3\xa0\x98\xe0\xabB\x08\x1a\x00\x00\x00\xa4\x02\x8dkBzovCNfHkdZy\x89sNOaWeCEY</data></write>
    <read><length>8</length><match><data>\x00\x00\x00\x00\x00\x00\x00\x00</data></match></read>
    <read><length>36</length><match><data>\xa5\x02\x8dkBzovCNfHkdZy\xc2\x7f\xdd\xb9\x10\x89sNOaWeCEY\xc2m\xd8ak</data></match></read>
    <write><data>\x5d\xf8\x5d\x3e\xd0Gy\x7b\x07\x00\x00\x00\xa4\x02\xa1\xa3\x00\x01p</data></write>
    <read><length>8</length><match><data>\xeaIY\x3e\x12\x0a\xf5\xdf</data></match></read>
    <write><data>\x0d\xb5\x2c\xa5\x3b\x80\x14D5\x00\x00\x00\xa5\x02\x86rySskv\x9cYPXNDNRSEuigMVfSZBhHAozbTEYc\x8dHWQWMvtfrEJsG\xa6</data></write>
    <read><length>8</length><match><data>\x00\x00\x00\x00\x00\x00\x00\x00</data></match></read>
    <read><length>23</length><match><data>\xa4\x02\x8dHWQWMvtfrEJsG\x86rySskv</data></match></read>
    <write><data>5\x01o\x7fqf:\x1f\x00\x00\x00\x00</data></write>
    <read><length>8</length><match><data>p\x04Dg\xf9\xbe\x60\x5c</data></match></read>
    <write><data>\xf8\xcf\x2c\x60\xca\xc4\xce\xf01\x00\x00\x00\xa4\x04\x8fjOGLDsEXtjqpsZU\x86lgMcVf\x8cvnJPssbUxekj\x8alajIHGiGCm</data></write>
    <read><length>8</length><match><data>\x00\x00\x00\x00\x00\x00\x00\x00</data></match></read>
    <read><length>127</length><match><data>\xa5\x04\x8fjOGLDsEXtjqpsZU\xc2y\x8e\xc1\xd2\x8alajIHGiGCm\xa3\x00\x11\xa4\xa7\x0b\x23T\xf2Vx\xecS\xc6Rj\xfd\xed1\xb8\x86lgMcVf\xa4\x02\xa5\x04\x85Akuzb\xb2\x93Lm\x5b\x88XKjewOJA\xc21o\x5b\x04\x85kfLcw\xa6\x87xkDpxMP\x86HOehMK\xa2\x8cvnJPssbUxekj\xa6</data></match></read>
    <write><data>\x15\x89\x9d\x60\xe59\xdbC\x00\x00\x00\x00</data></write>
    <read><length>8</length><match><data>p\x04Dg\xf9\xbe\x60\x5c</data></match></read>
    <write><data>\xf8\xcf\x2c\x60\xca\xc4\xce\xf0\x23\x00\x00\x00\xa4\x03\x8aaaFYofIyNF\x87tdzwogX\x8dicnPJFaAADyHu</data></write>
    <read><length>8</length><match><data>\x00\x00\x00\x00\x00\x00\x00\x00</data></match></read>
    <read><length>156</length><match><data>\xa5\x03\x8aaaFYofIyNF\xa5\x03\x88CNjcLVhx\xa6\x88GJoYBXmd\x9bzRxPefbghEFKNhOKfHNNOzmdyrb\x87kzMOcpA\xa3\x00\x1a\x98\x85\xcc\x7f\x05\x90\x81\xed\x87V\xe8\x5ehu\x99\xba!n9\xdc\x04\x11\xc7\xb3b\xeb\x8dicnPJFaAADyHu\xa3\x00\x1b\x29M\xe0\x3b\x07iT\xdf\x15TZ\x12i3\xf5M\x1c\xdb\xa6\x8a\x14G\xeaf\x01K\x8a\x87tdzwogX\xb2\xb2LJi</data></match></read>
    <write><data>\xb0\xcc\x2a\x29k\xad\xbd\x8c\x00\x00\x00\x00</data></write>
    <read><length>8</length><match><data>p\x04Dg\xf9\xbe\x60\x5c</data></match></read>
    <write><data>\x5d\xf8\x5d\x3e\xd0Gy\x7b\x0c\x00\x00\x00\xa4\x02\xa1\xa3\x00\x06W\xff\xa5\xda\x97\xfb</data></write>
    <read><length>8</length><match><data>\xeaIY\x3e\x12\x0a\xf5\xdf</data></match></read>
    <write><data>\x5d\xf8\x5d\x3e\xd0Gy\x7b\x0e\x00\x00\x00\xa4\x02\xa2\xa3\x00\x08\x07\x9f\x2c\x2b\x1e\xf8v\xe8</data></write>
    <read><length>8</length><match><data>\xeaIY\x3e\x12\x0a\xf5\xdf</data></match></read>
    <write><data>\x5d\xf8\x5d\x3e\xd0Gy\x7b!\x00\x00\x00\xa4\x02\xa2\xa3\x00\x1b\x93\x24\xfb\xde\x7f\xdc\xe5\x90\xfa\xc6\x11l\xd68\xb3\x9c\x01X\x1a\xed\xa1\xd8k6\x07\x3e!</data></write>
    <read><length>8</length><match><data>\xeaIY\x3e\x12\x0a\xf5\xdf</data></match></read>
    <write><data>\x5d\xf8\x5d\x3e\xd0Gy\x7b\x1a\x00\x00\x00\xa4\x02\xa2\xa3\x00\x14\x13\xbem\x9b\x83s\x9d\x07\xcak\xcc\xee\x40k\x7f\xe1\xec\x03\xa77</data></write>
    <read><length>8</length><match><data>\x00\x00\x00\x00\x00\x00\x00\x00</data></match></read>
    <read><length>1</length><match><data>\xa2</data></match></read>
    <write><data>\x8e\xd3\xa0\x98\xe0\xabB\x08\x1b\x00\x00\x00\xa4\x02\x8eCySnXWXHlpdBNE\x89UdfnoRMkn</data></write>
    <read><length>8</length><match><data>\x00\x00\x00\x00\x00\x00\x00\x00</data></match></read>
    <read><length>29</length><match><data>\xa5\x02\x8eCySnXWXHlpdBNE\xa2\x89UdfnoRMkn\xa1</data></match></read>
    <write><data>\x8e\xd3\xa0\x98\xe0\xabB\x08\x0e\x00\x00\x00\xa4\x01\x8bEYmbWIMbSUe</data></write>
    <read><length>8</length><match><data>\x00\x00\x00\x00\x00\x00\x00\x00</data></match></read>
    <read><length>29</length><match><data>\xa5\x01\x8bEYmbWIMbSUe\xa3\x00\x0c\xfbX\x94\x18e\x17\xc24Kr\x0aR</data></match></read>
    <write><data>\x5bP\xa3\xb2\x25\x03\xb2\xed\x09\x00\x00\x00\xc3\x00\x00\x00\x00\x00\x00\x00\x16</data></write>
    <read><length>8</length><match><data>\x00\x00\x00\x00\x00\x00\x00\x00</data></match></read>
    <read><length>935</length><match><data>\x0b\x5bKEY\x5d: AtIKNBdFUEKPJ  \x3d\x3e  \x5bVALUE\x5d: 1852274139\x0b\x5bKEY\x5d: AyLZnfAgbM  \x3d\x3e  \x5bVALUE\x5d: \x3c\x5cA7\x5cDBi\x5c89\x5c84\x3e\x0b\x5bKEY\x5d: EknFdbl  \x3d\x3e  \x5bVALUE\x5d: \x7b\x0b\x09\x5bKEY\x5d: KBTyxzqk  \x3d\x3e  \x5bVALUE\x5d: false\x0b\x09\x5bKEY\x5d: QLvSev  \x3d\x3e  \x5bVALUE\x5d: true\x0b\x09\x5bKEY\x5d: gMKyu  \x3d\x3e  \x5bVALUE\x5d: \x5b\x0b\x09\x090  \x3d\x3e  \x5bVALUE\x5d: \x7b\x0b\x09\x09\x09\x5bKEY\x5d: ebLYqQxw  \x3d\x3e  \x5bVALUE\x5d: false\x0b\x09\x09\x09\x5bKEY\x5d: pvHfOJekG  \x3d\x3e  \x5bVALUE\x5d: \x22IBLNSdjOujZu\x22\x0b\x7d\x0b\x09\x091  \x3d\x3e  \x5bVALUE\x5d: 3418231852\x0b\x09\x092  \x3d\x3e  \x5bVALUE\x5d: NIL\x0b\x5d\x0b\x09\x5bKEY\x5d: mDWvEKrccI  \x3d\x3e  \x5bVALUE\x5d: \x7b\x0b\x09\x09\x5bKEY\x5d: LnWIEXTHCz  \x3d\x3e  \x5bVALUE\x5d: 184430199\x0b\x09\x09\x5bKEY\x5d: iqLidu  \x3d\x3e  \x5bVALUE\x5d: 779492503\x0b\x7d\x0b\x09\x5bKEY\x5d: tNWuRp  \x3d\x3e  \x5bVALUE\x5d: \x3c\x5cCB\x5c5E\x5c26\x3e\x0b\x7d\x0b\x5bKEY\x5d: HWQWMvtfrEJsG  \x3d\x3e  \x5bVALUE\x5d: NIL\x0b\x5bKEY\x5d: LzznBKKnT  \x3d\x3e  \x5bVALUE\x5d: \x7b\x0b\x09\x5bKEY\x5d: GuKCN  \x3d\x3e  \x5bVALUE\x5d: \x7b\x0b\x09\x09\x5bKEY\x5d: MYdfciWg  \x3d\x3e  \x5bVALUE\x5d: 231878840\x0b\x09\x09\x5bKEY\x5d: qoCgsYAFDG  \x3d\x3e  \x5bVALUE\x5d: \x5b\x0b\x09\x09\x090  \x3d\x3e  \x5bVALUE\x5d: \x5b\x0b\x09\x09\x09\x090  \x3d\x3e  \x5bVALUE\x5d: \x5b\x0b\x09\x09\x09\x09\x090  \x3d\x3e  \x5bVALUE\x5d: true\x0b\x09\x09\x09\x09\x091  \x3d\x3e  \x5bVALUE\x5d: 1656085150\x0b\x09\x09\x09\x09\x092  \x3d\x3e  \x5bVALUE\x5d: \x3c\x5cED\x5c2E\x5cE2\x5cFD\x5c25u\x5c17\x5cA4\x5cCE\x5c5E\x5cB9j\x5c3E\x5c12\x5cCE\x5cAE\x5c28\x5c7B\x5cDE\x5c04\x5c22\x5c5D\x5cC6\x3e\x0b\x5d\x0b\x5d\x0b\x5d\x0b\x7d\x0b\x7d\x0b\x0b</data></match></read>
    <write><data>\x5bP\xa3\xb2\x25\x03\xb2\xed\x09\x00\x00\x00\xc3\x00\x00\x00\x00\x00\x00\x00\x10</data></write>
    <read><length>8</length><match><data>\x00\x00\x00\x00\x00\x00\x00\x00</data></match></read>
    <read><length>594</length><match><data>\x0b\x5bKEY\x5d: AtIKNBdFUEKPJ  \x3d\x3e  \x5bVALUE\x5d: 1852274139\x0b\x5bKEY\x5d: AyLZnfAgbM  \x3d\x3e  \x5bVALUE\x5d: \x3c\x5cA7\x5cDBi\x5c89\x5c84\x3e\x0b\x5bKEY\x5d: EknFdbl  \x3d\x3e  \x5bVALUE\x5d: \x7b\x0b\x09\x5bKEY\x5d: KBTyxzqk  \x3d\x3e  \x5bVALUE\x5d: false\x0b\x09\x5bKEY\x5d: QLvSev  \x3d\x3e  \x5bVALUE\x5d: true\x0b\x09\x5bKEY\x5d: gMKyu  \x3d\x3e  \x5bVALUE\x5d: \x5b\x0b\x09\x090  \x3d\x3e  \x5bVALUE\x5d: \x7b\x0b\x09\x09\x09\x5bKEY\x5d: ebLYqQxw  \x3d\x3e  \x5bVALUE\x5d: false\x0b\x09\x09\x09\x5bKEY\x5d: pvHfOJekG  \x3d\x3e  \x5bVALUE\x5d: \x22IBLNSdjOujZu\x22\x0b\x7d\x0b\x09\x091  \x3d\x3e  \x5bVALUE\x5d: 3418231852\x0b\x09\x092  \x3d\x3e  \x5bVALUE\x5d: NIL\x0b\x5d\x0b\x09\x5bKEY\x5d: mDWvEKrccI  \x3d\x3e  \x5bVALUE\x5d: \x7b\x0b\x09\x09\x5bKEY\x5d: LnWIEXTHCz  \x3d\x3e  \x5bVALUE\x5d: 184430199\x0b\x09\x09\x5bKEY\x5d: iqLidu  \x3d\x3e  \x5bVALUE\x5d: 779492503\x0b\x7d\x0b\x09\x5bKEY\x5d: tNWuRp  \x3d\x3e  \x5bVALUE\x5d: \x3c\x5cCB\x5c5E\x5c26\x3e\x0b\x7d\x0b\x5bKEY\x5d: HWQWMvtfrEJsG  \x3d\x3e  \x5bVALUE\x5d: NIL\x0b\x0b</data></match></read>
    <write><data>\x5d\xf8\x5d\x3e\xd0Gy\x7b\x1a\x00\x00\x00\xa4\x02\xa1\xa3\x00\x14\x13\xbem\x9b\x83s\x9d\x07\xcak\xcc\xee\x40k\x7f\xe1\xec\x03\xa77</data></write>
    <read><length>8</length><match><data>\x00\x00\x00\x00\x00\x00\x00\x00</data></match></read>
    <read><length>1</length><match><data>\xa1</data></match></read>
    <write><data>\x5bP\xa3\xb2\x25\x03\xb2\xed\x09\x00\x00\x00\xc3\x00\x00\x00\x00\x00\x00\x00\x00</data></write>
    <read><length>8</length><match><data>p\x04Dg\xf9\xbe\x60\x5c</data></match></read>
    <write><data>\x5d\xf8\x5d\x3e\xd0Gy\x7b\x1a\x00\x00\x00\xa4\x02\xa1\xa3\x00\x14\x13\xbem\x9b\x83s\x9d\x07\xcak\xcc\xee\x40k\x7f\xe1\xec\x03\xa77</data></write>
    <read><length>8</length><match><data>\x00\x00\x00\x00\x00\x00\x00\x00</data></match></read>
    <read><length>1</length><match><data>\xa1</data></match></read>
    <write><data>\x5bP\xa3\xb2\x25\x03\xb2\xed\x09\x00\x00\x00\xc3\x00\x00\x00\x00\x00\x00\x00\x1a</data></write>
    <read><length>8</length><match><data>p\x04Dg\xf9\xbe\x60\x5c</data></match></read>
    <write><data>\x96\x86\xa1\xbd\xf7\xdc0\xf5\x00\x00\x00\x00</data></write>
    <read><length>8</length><match><data>p\x04Dg\xf9\xbe\x60\x5c</data></match></read>
    <write><data>\x0d\xb5\x2c\xa5\x3b\x80\x14D\x2c\x00\x00\x00\xa5\x03\x8fWLxWTzFWFyJTGHJ\xa1\x86wMqaUS\xc2A\xb9\x8d\x83\x8bMVGTQoTVsIW\xa2</data></write>
    <read><length>8</length><match><data>\x00\x00\x00\x00\x00\x00\x00\x00</data></match></read>
    <read><length>37</length><match><data>\xa4\x03\x8bMVGTQoTVsIW\x8fWLxWTzFWFyJTGHJ\x86wMqaUS</data></match></read>
    <write><data>\xf8\xcf\x2c\x60\xca\xc4\xce\xf0\x0c\x00\x00\x00\xa4\x01\x89LzznBKKnT</data></write>
    <read><length>8</length><match><data>\x00\x00\x00\x00\x00\x00\x00\x00</data></match></read>
    <read><length>174</length><match><data>\xa5\x01\x89LzznBKKnT\xa5\x05\x85GuKCN\xa5\x02\x88MYdfciWg\xc2\x0d\xd20\xb8\x8aqoCgsYAFDG\xa4\x04\xa4\x01\xa4\x03\xa2\xc2b\xb5\xda\x9e\xa3\x00\x17\xed.\xe2\xfd\x25u\x17\xa4\xce\x5e\xb9j\x3e\x12\xce\xae\x28\x7b\xde\x04\x22\x5d\xc6\xa1\xc2\x5d\x5d\x0a\x1f\xa2\x89IBMTCFntD\xa3\x00\x1d\xef5l\x7b\x5b\xb3\x87.\xc8\x1a\xc7\xe0L\xd6\x9f\x5ce\xd9\xd2y\x904\x82\x12\xb9h\xb5\x27\xbb\x8aWpAckuvlbz\xa5\x01\x89ngYzqjCzr\xa6\x86YRKFMN\xa1\x86yZKCTB\xa6</data></match></read>
    <write><data>\xf8\xcf\x2c\x60\xca\xc4\xce\xf0\x2a\x00\x00\x00\xa4\x04\x86ouXyJa\x8dHWQWMvtfrEJsG\x85jRNvz\x8cvnJPssbUxekj</data></write>
    <read><length>8</length><match><data>\x00\x00\x00\x00\x00\x00\x00\x00</data></match></read>
    <read><length>46</length><match><data>\xa5\x04\x8dHWQWMvtfrEJsG\xa6\x85jRNvz\xa6\x86ouXyJa\xa6\x8cvnJPssbUxekj\xa6</data></match></read>
    <write><data>\x5d\xf8\x5d\x3e\xd0Gy\x7b\x1b\x00\x00\x00\xa4\x02\xa1\xa3\x00\x15\xddq\xffU\x81!\x08\x11\xf9J\x82\xbb\x98\x10\xb9\x89\xf9\x29K\xb7\xde</data></write>
    <read><length>8</length><match><data>\xeaIY\x3e\x12\x0a\xf5\xdf</data></match></read>
    <write><data>\xf8\xcf\x2c\x60\xca\xc4\xce\xf0\x16\x00\x00\x00\xa4\x02\x89tTASdVvaW\x89LzznBKKnT</data></write>
    <read><length>8</length><match><data>\x00\x00\x00\x00\x00\x00\x00\x00</data></match></read>
    <read><length>191</length><match><data>\xa5\x02\x89LzznBKKnT\xa5\x05\x85GuKCN\xa5\x02\x88MYdfciWg\xc2\x0d\xd20\xb8\x8aqoCgsYAFDG\xa4\x04\xa4\x01\xa4\x03\xa2\xc2b\xb5\xda\x9e\xa3\x00\x17\xed.\xe2\xfd\x25u\x17\xa4\xce\x5e\xb9j\x3e\x12\xce\xae\x28\x7b\xde\x04\x22\x5d\xc6\xa1\xc2\x5d\x5d\x0a\x1f\xa2\x89IBMTCFntD\xa3\x00\x1d\xef5l\x7b\x5b\xb3\x87.\xc8\x1a\xc7\xe0L\xd6\x9f\x5ce\xd9\xd2y\x904\x82\x12\xb9h\xb5\x27\xbb\x8aWpAckuvlbz\xa5\x01\x89ngYzqjCzr\xa6\x86YRKFMN\xa1\x86yZKCTB\xa6\x89tTASdVvaW\x86QzXVix</data></match></read>
    <write><data>\x0d\xb5\x2c\xa5\x3b\x80\x14D\x8a\x01\x00\x00\xa5\x05\x86fYxcpg\xa2\x8dYlyWTNpLDsQEt\xa3\x00\x1a\xda\x9c\xb4.\xbd\xb3\xd4M\x40E\xdaH\xefc\x0c\x8e\x97.\x7e\xd03\xb9\x1a\xc5\xf1\x7d\x8coraPUXABPagm\xa1\x8cjCyvmSlnMjEs\xa4\x05\xa4\x03\xa3\x00\x19 \x28\xa4\x114\xce\x9a\x8dS\x28D8\xfe\xdb\xaf8\x8dq\xbdf\x91\xa1t\xb6\x90\xa5\x03\x89QrbMfxNLh\xc2\xb9\x5d\x16\x2f\x85YeDgu\xa6\x8agKIzXfMBqO\xb2\xb65\x03o\xc2\x1d!\x19\xaf\xa4\x04\xa3\x00\x19\xa5Q\x5b5\x0c\x23\x94\x03\xf8\x0b\x7eC\x23\xb8\x9aS\xf7A\xb4\xb5\x08\x29\xaa\x9e\xb6\xa5\x04\x89EzQMMpwwA\xa4\x04\xb2\xc2C\xc8\x27\xa6\xa5\x01\x86CHKJaK\xa6\xa6\x86LqaHTx\xa3\x00\x19\xaeIC\x88\x5e\xed\x26\x3bU\xd2\xe5y\xde\xbe\xbcx\x9b\x8c\xfd\xc5\xbeu\x60A\x26\x85NDHMg\xa3\x00\x12\x9f\x08\xa2Q\x24\x28wT\xd8\x1c\x2c\xb1\xa08w\xd9\xba\x5b\x86vGsASe\xa6\xb2\xa0\xb07\xcb\x8fwtazorEgpQGjGWw\xa3\x00\x18\xcb\xfcR\x9e\x83\x99\xd0\x0a\x14xP\xa3MEn\xa3e\x95\x28\x86\x29\x16\xc9\x9c\xa3\x00\x1dU\x10AALw\x05\xb7\x9a\xf1\xcb\xf5\x05H\xc5m\x0f\x0d\xd4\x16Oo\x04\xeb\x3d.\x1b\xe2\x29\xc2G2\xbf\x2b\x8fhBOygrjPCCDjxmr\xc2Q\x08\xe7\x06</data></write>
    <read><length>8</length><match><data>\x00\x00\x00\x00\x00\x00\x00\x00</data></match></read>
    <read><length>65</length><match><data>\xa4\x05\x8dYlyWTNpLDsQEt\x86fYxcpg\x8fhBOygrjPCCDjxmr\x8cjCyvmSlnMjEs\x8coraPUXABPagm</data></match></read>
    <write><data>T\xca\xac\x7e\xf8Y\x88p\x00\x00\x00\x00</data></write>
    <read><length>8</length><match><data>p\x04Dg\xf9\xbe\x60\x5c</data></match></read>
    <write><data>\x5d\xf8\x5d\x3e\xd0Gy\x7b\x1a\x00\x00\x00\xa4\x02\xa1\xa3\x00\x14\x13\xbem\x9b\x83s\x9d\x07\xcak\xcc\xee\x40k\x7f\xe1\xec\x03\xa77</data></write>
    <read><length>8</length><match><data>\x00\x00\x00\x00\x00\x00\x00\x00</data></match></read>
    <read><length>1</length><match><data>\xa1</data></match></read>
    <write><data>\xccW\xfc bE\x83\xb4\x00\x00\x00\x00</data></write>
    <read><length>8</length><match><data>\x00\x00\x00\x00\x00\x00\x00\x00</data></match></read>
</replay>
</pov>