<?xml version="1.0" standalone="no" ?>
<!DOCTYPE pov SYSTEM "/usr/share/cgc-docs/replay.dtd">
<pov>
<cbid>service</cbid>
<seed>a91c4569d47a77a0bc148b7624bc7e2f36211cefbffb3dc2ae13c6cfd39aa5f0cf71bc2808848db3168befe756138e36</seed>
<replay>
    <write><data>\x02\x00\x00\x00</data></write>
    <read><length>4</length><match><data>f\x00\x00\x00</data></match></read>
    <read><length>4</length><match><data>\x28\x00\x00\x00</data></match></read>
    <read><length>4</length><match><data>2\x00\x00\x00</data></match></read>
    <write><data>\x04\x00\x00\x00</data></write>
    <read><length>4</length><match><data>\xc9\x00\x00\x00</data></match></read>
    <write><data>\x05\x00\x00\x00</data></write>
    <write><data>.\x00\x00\x00</data></write>
    <read><length>4</length><match><data>i\x00\x00\x00</data></match></read>
    <write><data>\x02\x00\x00\x00</data></write>
    <read><length>4</length><match><data>f\x00\x00\x00</data></match></read>
    <read><length>4</length><match><data>\x28\x00\x00\x00</data></match></read>
    <read><length>4</length><match><data>2\x00\x00\x00</data></match></read>
    <write><data>\x05\x00\x00\x00</data></write>
    <write><data>\x2f\x00\x00\x00</data></write>
    <read><length>4</length><match><data>i\x00\x00\x00</data></match></read>
    <write><data>\x03\x00\x00\x00</data></write>
    <read><length>4</length><match><data>\xc9\x00\x00\x00</data></match></read>
    <write><data>\x01\x00\x00\x00</data></write>
    <read><length>4</length><match><data>e\x00\x00\x00</data></match></read>
    <read><length>4</length><match><data>D\x01\x00\x00</data></match></read>
    <read><length>4</length><match><data>\x00\x00\x00\x00</data></match></read>
    <read><length>4</length><match><data>\x02\x00\x00\x00</data></match></read>
    <read><length>4</length><match><data>\x00\x00\x00\x00</data></match></read>
    <read><length>4</length><match><data>\x09\x00\x00\x00</data></match></read>
    <read><length>4</length><match><data>\x07\x00\x00\x00</data></match></read>
    <read><length>4</length><match><data>\x00\x00\x00\x00</data></match></read>
    <read><length>4</length><match><data>\x00\x00\x00\x00</data></match></read>
    <read><length>4</length><match><data>\x04\x00\x00\x00</data></match></read>
    <read><length>4</length><match><data>\x01\x00\x00\x00</data></match></read>
    <read><length>4</length><match><data>\x00\x00\x00\x00</data></match></read>
    <read><length>4</length><match><data>\x00\x00\x00\x00</data></match></read>
    <read><length>4</length><match><data>\x09\x00\x00\x00</data></match></read>
    <read><length>4</length><match><data>\x00\x00\x00\x00</data></match></read>
    <read><length>4</length><match><data>\x04\x00\x00\x00</data></match></read>
    <read><length>4</length><match><data>\x01\x00\x00\x00</data></match></read>
    <read><length>4</length><match><data>\x05\x00\x00\x00</data></match></read>
    <read><length>4</length><match><data>\x07\x00\x00\x00</data></match></read>
    <read><length>4</length><match><data>\x00\x00\x00\x00</data></match></read>
    <read><length>4</length><match><data>\x01\x00\x00\x00</data></match></read>
    <read><length>4</length><match><data>\x07\x00\x00\x00</data></match></read>
    <read><length>4</length><match><data>\x00\x00\x00\x00</data></match></read>
    <read><length>4</length><match><data>\x00\x00\x00\x00</data></match></read>
    <read><length>4</length><match><data>\x00\x00\x00\x00</data></match></read>
    <read><length>4</length><match><data>\x00\x00\x00\x00</data></match></read>
    <read><length>4</length><match><data>\x00\x00\x00\x00</data></match></read>
    <read><length>4</length><match><data>\x03\x00\x00\x00</data></match></read>
    <read><length>4</length><match><data>\x00\x00\x00\x00</data></match></read>
    <read><length>4</length><match><data>\x00\x00\x00\x00</data></match></read>
    <read><length>4</length><match><data>\x00\x00\x00\x00</data></match></read>
    <read><length>4</length><match><data>\x02\x00\x00\x00</data></match></read>
    <read><length>4</length><match><data>\x08\x00\x00\x00</data></match></read>
    <read><length>4</length><match><data>\x00\x00\x00\x00</data></match></read>
    <read><length>4</length><match><data>\x06\x00\x00\x00</data></match></read>
    <read><length>4</length><match><data>\x09\x00\x00\x00</data></match></read>
    <read><length>4</length><match><data>\x01\x00\x00\x00</data></match></read>
    <read><length>4</length><match><data>\x04\x00\x00\x00</data></match></read>
    <read><length>4</length><match><data>\x00\x00\x00\x00</data></match></read>
    <read><length>4</length><match><data>\x00\x00\x00\x00</data></match></read>
    <read><length>4</length><match><data>\x00\x00\x00\x00</data></match></read>
    <read><length>4</length><match><data>\x07\x00\x00\x00</data></match></read>
    <read><length>4</length><match><data>\x02\x00\x00\x00</data></match></read>
    <read><length>4</length><match><data>\x09\x00\x00\x00</data></match></read>
    <read><length>4</length><match><data>\x00\x00\x00\x00</data></match></read>
    <read><length>4</length><match><data>\x00\x00\x00\x00</data></match></read>
    <read><length>4</length><match><data>\x03\x00\x00\x00</data></match></read>
    <read><length>4</length><match><data>\x09\x00\x00\x00</data></match></read>
    <read><length>4</length><match><data>\x00\x00\x00\x00</data></match></read>
    <read><length>4</length><match><data>\x06\x00\x00\x00</data></match></read>
    <read><length>4</length><match><data>\x00\x00\x00\x00</data></match></read>
    <read><length>4</length><match><data>\x03\x00\x00\x00</data></match></read>
    <read><length>4</length><match><data>\x04\x00\x00\x00</data></match></read>
    <read><length>4</length><match><data>\x07\x00\x00\x00</data></match></read>
    <read><length>4</length><match><data>\x00\x00\x00\x00</data></match></read>
    <read><length>4</length><match><data>\x02\x00\x00\x00</data></match></read>
    <read><length>4</length><match><data>\x05\x00\x00\x00</data></match></read>
    <read><length>4</length><match><data>\x00\x00\x00\x00</data></match></read>
    <read><length>4</length><match><data>\x00\x00\x00\x00</data></match></read>
    <read><length>4</length><match><data>\x04\x00\x00\x00</data></match></read>
    <read><length>4</length><match><data>\x01\x00\x00\x00</data></match></read>
    <read><length>4</length><match><data>\x02\x00\x00\x00</data></match></read>
    <read><length>4</length><match><data>\x03\x00\x00\x00</data></match></read>
    <read><length>4</length><match><data>\x06\x00\x00\x00</data></match></read>
    <read><length>4</length><match><data>\x00\x00\x00\x00</data></match></read>
    <read><length>4</length><match><data>\x04\x00\x00\x00</data></match></read>
    <read><length>4</length><match><data>\x06\x00\x00\x00</data></match></read>
    <read><length>4</length><match><data>\x07\x00\x00\x00</data></match></read>
    <read><length>4</length><match><data>\x03\x00\x00\x00</data></match></read>
    <read><length>4</length><match><data>\x09\x00\x00\x00</data></match></read>
    <read><length>4</length><match><data>\x05\x00\x00\x00</data></match></read>
    <read><length>4</length><match><data>\x01\x00\x00\x00</data></match></read>
    <read><length>4</length><match><data>\x02\x00\x00\x00</data></match></read>
    <read><length>4</length><match><data>\x00\x00\x00\x00</data></match></read>
    <read><length>4</length><match><data>\x02\x00\x00\x00</data></match></read>
    <read><length>4</length><match><data>\x01\x00\x00\x00</data></match></read>
    <read><length>4</length><match><data>\x00\x00\x00\x00</data></match></read>
    <read><length>4</length><match><data>\x00\x00\x00\x00</data></match></read>
    <read><length>4</length><match><data>\x00\x00\x00\x00</data></match></read>
    <read><length>4</length><match><data>\x07\x00\x00\x00</data></match></read>
    <read><length>4</length><match><data>\x04\x00\x00\x00</data></match></read>
    <read><length>4</length><match><data>\x00\x00\x00\x00</data></match></read>
    <read><length>4</length><match><data>\x00\x00\x00\x00</data></match></read>
    <write><data>\x03\x00\x00\x00</data></write>
    <read><length>4</length><match><data>g\x00\x00\x00</data></match></read>
    <read><length>4</length><match><data>D\x01\x00\x00</data></match></read>
    <read><length>4</length><match><data>\x06\x00\x00\x00</data></match></read>
    <read><length>4</length><match><data>\x02\x00\x00\x00</data></match></read>
    <read><length>4</length><match><data>\x05\x00\x00\x00</data></match></read>
    <read><length>4</length><match><data>\x09\x00\x00\x00</data></match></read>
    <read><length>4</length><match><data>\x07\x00\x00\x00</data></match></read>
    <read><length>4</length><match><data>\x03\x00\x00\x00</data></match></read>
    <read><length>4</length><match><data>\x08\x00\x00\x00</data></match></read>
    <read><length>4</length><match><data>\x04\x00\x00\x00</data></match></read>
    <read><length>4</length><match><data>\x01\x00\x00\x00</data></match></read>
    <read><length>4</length><match><data>\x03\x00\x00\x00</data></match></read>
    <read><length>4</length><match><data>\x08\x00\x00\x00</data></match></read>
    <read><length>4</length><match><data>\x09\x00\x00\x00</data></match></read>
    <read><length>4</length><match><data>\x02\x00\x00\x00</data></match></read>
    <read><length>4</length><match><data>\x04\x00\x00\x00</data></match></read>
    <read><length>4</length><match><data>\x01\x00\x00\x00</data></match></read>
    <read><length>4</length><match><data>\x05\x00\x00\x00</data></match></read>
    <read><length>4</length><match><data>\x07\x00\x00\x00</data></match></read>
    <read><length>4</length><match><data>\x06\x00\x00\x00</data></match></read>
    <read><length>4</length><match><data>\x01\x00\x00\x00</data></match></read>
    <read><length>4</length><match><data>\x07\x00\x00\x00</data></match></read>
    <read><length>4</length><match><data>\x04\x00\x00\x00</data></match></read>
    <read><length>4</length><match><data>\x05\x00\x00\x00</data></match></read>
    <read><length>4</length><match><data>\x06\x00\x00\x00</data></match></read>
    <read><length>4</length><match><data>\x08\x00\x00\x00</data></match></read>
    <read><length>4</length><match><data>\x02\x00\x00\x00</data></match></read>
    <read><length>4</length><match><data>\x03\x00\x00\x00</data></match></read>
    <read><length>4</length><match><data>\x09\x00\x00\x00</data></match></read>
    <read><length>4</length><match><data>\x07\x00\x00\x00</data></match></read>
    <read><length>4</length><match><data>\x03\x00\x00\x00</data></match></read>
    <read><length>4</length><match><data>\x02\x00\x00\x00</data></match></read>
    <read><length>4</length><match><data>\x08\x00\x00\x00</data></match></read>
    <read><length>4</length><match><data>\x05\x00\x00\x00</data></match></read>
    <read><length>4</length><match><data>\x06\x00\x00\x00</data></match></read>
    <read><length>4</length><match><data>\x09\x00\x00\x00</data></match></read>
    <read><length>4</length><match><data>\x01\x00\x00\x00</data></match></read>
    <read><length>4</length><match><data>\x04\x00\x00\x00</data></match></read>
    <read><length>4</length><match><data>\x08\x00\x00\x00</data></match></read>
    <read><length>4</length><match><data>\x04\x00\x00\x00</data></match></read>
    <read><length>4</length><match><data>\x01\x00\x00\x00</data></match></read>
    <read><length>4</length><match><data>\x07\x00\x00\x00</data></match></read>
    <read><length>4</length><match><data>\x02\x00\x00\x00</data></match></read>
    <read><length>4</length><match><data>\x09\x00\x00\x00</data></match></read>
    <read><length>4</length><match><data>\x06\x00\x00\x00</data></match></read>
    <read><length>4</length><match><data>\x05\x00\x00\x00</data></match></read>
    <read><length>4</length><match><data>\x03\x00\x00\x00</data></match></read>
    <read><length>4</length><match><data>\x09\x00\x00\x00</data></match></read>
    <read><length>4</length><match><data>\x05\x00\x00\x00</data></match></read>
    <read><length>4</length><match><data>\x06\x00\x00\x00</data></match></read>
    <read><length>4</length><match><data>\x01\x00\x00\x00</data></match></read>
    <read><length>4</length><match><data>\x03\x00\x00\x00</data></match></read>
    <read><length>4</length><match><data>\x04\x00\x00\x00</data></match></read>
    <read><length>4</length><match><data>\x07\x00\x00\x00</data></match></read>
    <read><length>4</length><match><data>\x08\x00\x00\x00</data></match></read>
    <read><length>4</length><match><data>\x02\x00\x00\x00</data></match></read>
    <read><length>4</length><match><data>\x05\x00\x00\x00</data></match></read>
    <read><length>4</length><match><data>\x09\x00\x00\x00</data></match></read>
    <read><length>4</length><match><data>\x08\x00\x00\x00</data></match></read>
    <read><length>4</length><match><data>\x04\x00\x00\x00</data></match></read>
    <read><length>4</length><match><data>\x01\x00\x00\x00</data></match></read>
    <read><length>4</length><match><data>\x02\x00\x00\x00</data></match></read>
    <read><length>4</length><match><data>\x03\x00\x00\x00</data></match></read>
    <read><length>4</length><match><data>\x06\x00\x00\x00</data></match></read>
    <read><length>4</length><match><data>\x07\x00\x00\x00</data></match></read>
    <read><length>4</length><match><data>\x04\x00\x00\x00</data></match></read>
    <read><length>4</length><match><data>\x06\x00\x00\x00</data></match></read>
    <read><length>4</length><match><data>\x07\x00\x00\x00</data></match></read>
    <read><length>4</length><match><data>\x03\x00\x00\x00</data></match></read>
    <read><length>4</length><match><data>\x09\x00\x00\x00</data></match></read>
    <read><length>4</length><match><data>\x05\x00\x00\x00</data></match></read>
    <read><length>4</length><match><data>\x01\x00\x00\x00</data></match></read>
    <read><length>4</length><match><data>\x02\x00\x00\x00</data></match></read>
    <read><length>4</length><match><data>\x08\x00\x00\x00</data></match></read>
    <read><length>4</length><match><data>\x02\x00\x00\x00</data></match></read>
    <read><length>4</length><match><data>\x01\x00\x00\x00</data></match></read>
    <read><length>4</length><match><data>\x03\x00\x00\x00</data></match></read>
    <read><length>4</length><match><data>\x06\x00\x00\x00</data></match></read>
    <read><length>4</length><match><data>\x08\x00\x00\x00</data></match></read>
    <read><length>4</length><match><data>\x07\x00\x00\x00</data></match></read>
    <read><length>4</length><match><data>\x04\x00\x00\x00</data></match></read>
    <read><length>4</length><match><data>\x09\x00\x00\x00</data></match></read>
    <read><length>4</length><match><data>\x05\x00\x00\x00</data></match></read>
    <write><data>\x04\x00\x00\x00</data></write>
    <write><data>Q\x00\x00\x00</data></write>
    <write><data>\x00\x00\x00\x00</data></write>
    <write><data>\x00\x00\x00\x00</data></write>
    <write><data>\x00\x00\x00\x00</data></write>
    <write><data>\x00\x00\x00\x00</data></write>
    <write><data>\x00\x00\x00\x00</data></write>
    <write><data>\x00\x00\x00\x00</data></write>
    <write><data>\x00\x00\x00\x00</data></write>
    <write><data>\x00\x00\x00\x00</data></write>
    <write><data>\x00\x00\x00\x00</data></write>
    <write><data>\x00\x00\x00\x00</data></write>
    <write><data>\x00\x00\x00\x00</data></write>
    <write><data>\x00\x00\x00\x00</data></write>
    <write><data>\x00\x00\x00\x00</data></write>
    <write><data>\x00\x00\x00\x00</data></write>
    <write><data>\x00\x00\x00\x00</data></write>
    <write><data>\x00\x00\x00\x00</data></write>
    <write><data>\x00\x00\x00\x00</data></write>
    <write><data>\x00\x00\x00\x00</data></write>
    <write><data>\x00\x00\x00\x00</data></write>
    <write><data>\x00\x00\x00\x00</data></write>
    <write><data>\x00\x00\x00\x00</data></write>
    <write><data>\x00\x00\x00\x00</data></write>
    <write><data>\x00\x00\x00\x00</data></write>
    <write><data>\x00\x00\x00\x00</data></write>
    <write><data>\x00\x00\x00\x00</data></write>
    <write><data>\x00\x00\x00\x00</data></write>
    <write><data>\x00\x00\x00\x00</data></write>
    <write><data>\x00\x00\x00\x00</data></write>
    <write><data>\x00\x00\x00\x00</data></write>
    <write><data>\x00\x00\x00\x00</data></write>
    <write><data>\x00\x00\x00\x00</data></write>
    <write><data>\x00\x00\x00\x00</data></write>
    <write><data>\x00\x00\x00\x00</data></write>
    <write><data>\x00\x00\x00\x00</data></write>
    <write><data>\x00\x00\x00\x00</data></write>
    <write><data>\x00\x00\x00\x00</data></write>
    <write><data>\x00\x00\x00\x00</data></write>
    <write><data>\x00\x00\x00\x00</data></write>
    <write><data>\x00\x00\x00\x00</data></write>
    <write><data>\x00\x00\x00\x00</data></write>
    <write><data>\x00\x00\x00\x00</data></write>
    <write><data>\x00\x00\x00\x00</data></write>
    <write><data>\x00\x00\x00\x00</data></write>
    <write><data>\x00\x00\x00\x00</data></write>
    <write><data>\x00\x00\x00\x00</data></write>
    <write><data>\x00\x00\x00\x00</data></write>
    <write><data>\x00\x00\x00\x00</data></write>
    <write><data>\x00\x00\x00\x00</data></write>
    <write><data>\x00\x00\x00\x00</data></write>
    <write><data>\x00\x00\x00\x00</data></write>
    <write><data>\x00\x00\x00\x00</data></write>
    <write><data>\x00\x00\x00\x00</data></write>
    <write><data>\x00\x00\x00\x00</data></write>
    <write><data>\x00\x00\x00\x00</data></write>
    <write><data>\x00\x00\x00\x00</data></write>
    <write><data>\x00\x00\x00\x00</data></write>
    <write><data>\x00\x00\x00\x00</data></write>
    <write><data>\x00\x00\x00\x00</data></write>
    <write><data>\x00\x00\x00\x00</data></write>
    <write><data>\x00\x00\x00\x00</data></write>
    <write><data>\x00\x00\x00\x00</data></write>
    <write><data>\x00\x00\x00\x00</data></write>
    <write><data>\x00\x00\x00\x00</data></write>
    <write><data>\x00\x00\x00\x00</data></write>
    <write><data>\x00\x00\x00\x00</data></write>
    <write><data>\x00\x00\x00\x00</data></write>
    <write><data>\x00\x00\x00\x00</data></write>
    <write><data>\x00\x00\x00\x00</data></write>
    <write><data>\x00\x00\x00\x00</data></write>
    <write><data>\x00\x00\x00\x00</data></write>
    <write><data>\x00\x00\x00\x00</data></write>
    <write><data>\x00\x00\x00\x00</data></write>
    <write><data>\x00\x00\x00\x00</data></write>
    <write><data>\x00\x00\x00\x00</data></write>
    <write><data>\x00\x00\x00\x00</data></write>
    <write><data>\x00\x00\x00\x00</data></write>
    <write><data>\x00\x00\x00\x00</data></write>
    <write><data>\x00\x00\x00\x00</data></write>
    <write><data>\x00\x00\x00\x00</data></write>
    <write><data>\x00\x00\x00\x00</data></write>
    <write><data>\x00\x00\x00\x00</data></write>
    <read><length>4</length><match><data>\xcb\x00\x00\x00</data></match></read>
    <write><data>\x01\x00\x00\x00</data></write>
    <read><length>4</length><match><data>e\x00\x00\x00</data></match></read>
    <read><length>4</length><match><data>D\x01\x00\x00</data></match></read>
    <read><length>4</length><match><data>\x00\x00\x00\x00</data></match></read>
    <read><length>4</length><match><data>\x06\x00\x00\x00</data></match></read>
    <read><length>4</length><match><data>\x00\x00\x00\x00</data></match></read>
    <read><length>4</length><match><data>\x04\x00\x00\x00</data></match></read>
    <read><length>4</length><match><data>\x02\x00\x00\x00</data></match></read>
    <read><length>4</length><match><data>\x03\x00\x00\x00</data></match></read>
    <read><length>4</length><match><data>\x00\x00\x00\x00</data></match></read>
    <read><length>4</length><match><data>\x07\x00\x00\x00</data></match></read>
    <read><length>4</length><match><data>\x00\x00\x00\x00</data></match></read>
    <read><length>4</length><match><data>\x00\x00\x00\x00</data></match></read>
    <read><length>4</length><match><data>\x00\x00\x00\x00</data></match></read>
    <read><length>4</length><match><data>\x00\x00\x00\x00</data></match></read>
    <read><length>4</length><match><data>\x00\x00\x00\x00</data></match></read>
    <read><length>4</length><match><data>\x07\x00\x00\x00</data></match></read>
    <read><length>4</length><match><data>\x05\x00\x00\x00</data></match></read>
    <read><length>4</length><match><data>\x00\x00\x00\x00</data></match></read>
    <read><length>4</length><match><data>\x00\x00\x00\x00</data></match></read>
    <read><length>4</length><match><data>\x08\x00\x00\x00</data></match></read>
    <read><length>4</length><match><data>\x04\x00\x00\x00</data></match></read>
    <read><length>4</length><match><data>\x00\x00\x00\x00</data></match></read>
    <read><length>4</length><match><data>\x03\x00\x00\x00</data></match></read>
    <read><length>4</length><match><data>\x00\x00\x00\x00</data></match></read>
    <read><length>4</length><match><data>\x01\x00\x00\x00</data></match></read>
    <read><length>4</length><match><data>\x08\x00\x00\x00</data></match></read>
    <read><length>4</length><match><data>\x00\x00\x00\x00</data></match></read>
    <read><length>4</length><match><data>\x06\x00\x00\x00</data></match></read>
    <read><length>4</length><match><data>\x00\x00\x00\x00</data></match></read>
    <read><length>4</length><match><data>\x05\x00\x00\x00</data></match></read>
    <read><length>4</length><match><data>\x01\x00\x00\x00</data></match></read>
    <read><length>4</length><match><data>\x00\x00\x00\x00</data></match></read>
    <read><length>4</length><match><data>\x07\x00\x00\x00</data></match></read>
    <read><length>4</length><match><data>\x09\x00\x00\x00</data></match></read>
    <read><length>4</length><match><data>\x06\x00\x00\x00</data></match></read>
    <read><length>4</length><match><data>\x00\x00\x00\x00</data></match></read>
    <read><length>4</length><match><data>\x00\x00\x00\x00</data></match></read>
    <read><length>4</length><match><data>\x04\x00\x00\x00</data></match></read>
    <read><length>4</length><match><data>\x09\x00\x00\x00</data></match></read>
    <read><length>4</length><match><data>\x04\x00\x00\x00</data></match></read>
    <read><length>4</length><match><data>\x07\x00\x00\x00</data></match></read>
    <read><length>4</length><match><data>\x03\x00\x00\x00</data></match></read>
    <read><length>4</length><match><data>\x08\x00\x00\x00</data></match></read>
    <read><length>4</length><match><data>\x00\x00\x00\x00</data></match></read>
    <read><length>4</length><match><data>\x00\x00\x00\x00</data></match></read>
    <read><length>4</length><match><data>\x05\x00\x00\x00</data></match></read>
    <read><length>4</length><match><data>\x00\x00\x00\x00</data></match></read>
    <read><length>4</length><match><data>\x00\x00\x00\x00</data></match></read>
    <read><length>4</length><match><data>\x08\x00\x00\x00</data></match></read>
    <read><length>4</length><match><data>\x06\x00\x00\x00</data></match></read>
    <read><length>4</length><match><data>\x02\x00\x00\x00</data></match></read>
    <read><length>4</length><match><data>\x05\x00\x00\x00</data></match></read>
    <read><length>4</length><match><data>\x04\x00\x00\x00</data></match></read>
    <read><length>4</length><match><data>\x07\x00\x00\x00</data></match></read>
    <read><length>4</length><match><data>\x00\x00\x00\x00</data></match></read>
    <read><length>4</length><match><data>\x00\x00\x00\x00</data></match></read>
    <read><length>4</length><match><data>\x00\x00\x00\x00</data></match></read>
    <read><length>4</length><match><data>\x05\x00\x00\x00</data></match></read>
    <read><length>4</length><match><data>\x00\x00\x00\x00</data></match></read>
    <read><length>4</length><match><data>\x01\x00\x00\x00</data></match></read>
    <read><length>4</length><match><data>\x03\x00\x00\x00</data></match></read>
    <read><length>4</length><match><data>\x09\x00\x00\x00</data></match></read>
    <read><length>4</length><match><data>\x04\x00\x00\x00</data></match></read>
    <read><length>4</length><match><data>\x02\x00\x00\x00</data></match></read>
    <read><length>4</length><match><data>\x07\x00\x00\x00</data></match></read>
    <read><length>4</length><match><data>\x07\x00\x00\x00</data></match></read>
    <read><length>4</length><match><data>\x03\x00\x00\x00</data></match></read>
    <read><length>4</length><match><data>\x09\x00\x00\x00</data></match></read>
    <read><length>4</length><match><data>\x00\x00\x00\x00</data></match></read>
    <read><length>4</length><match><data>\x04\x00\x00\x00</data></match></read>
    <read><length>4</length><match><data>\x00\x00\x00\x00</data></match></read>
    <read><length>4</length><match><data>\x05\x00\x00\x00</data></match></read>
    <read><length>4</length><match><data>\x01\x00\x00\x00</data></match></read>
    <read><length>4</length><match><data>\x00\x00\x00\x00</data></match></read>
    <read><length>4</length><match><data>\x00\x00\x00\x00</data></match></read>
    <read><length>4</length><match><data>\x02\x00\x00\x00</data></match></read>
    <read><length>4</length><match><data>\x04\x00\x00\x00</data></match></read>
    <read><length>4</length><match><data>\x00\x00\x00\x00</data></match></read>
    <read><length>4</length><match><data>\x06\x00\x00\x00</data></match></read>
    <read><length>4</length><match><data>\x07\x00\x00\x00</data></match></read>
    <read><length>4</length><match><data>\x00\x00\x00\x00</data></match></read>
    <read><length>4</length><match><data>\x00\x00\x00\x00</data></match></read>
    <read><length>4</length><match><data>\x00\x00\x00\x00</data></match></read>
    <write><data>\x02\x00\x00\x00</data></write>
    <read><length>4</length><match><data>f\x00\x00\x00</data></match></read>
    <read><length>4</length><match><data>\x28\x00\x00\x00</data></match></read>
    <read><length>4</length><match><data>2\x00\x00\x00</data></match></read>
    <write><data>\x06\x00\x00\x00</data></write>
    <write><data>\x5b\x00\x00\x00</data></write>
    <read><length>4</length><match><data>j\x00\x00\x00</data></match></read>
    <write><data>\x03\x00\x00\x00</data></write>
    <read><length>4</length><match><data>g\x00\x00\x00</data></match></read>
    <read><length>4</length><match><data>D\x01\x00\x00</data></match></read>
    <read><length>4</length><match><data>\x08\x00\x00\x00</data></match></read>
    <read><length>4</length><match><data>\x06\x00\x00\x00</data></match></read>
    <read><length>4</length><match><data>\x05\x00\x00\x00</data></match></read>
    <read><length>4</length><match><data>\x04\x00\x00\x00</data></match></read>
    <read><length>4</length><match><data>\x02\x00\x00\x00</data></match></read>
    <read><length>4</length><match><data>\x03\x00\x00\x00</data></match></read>
    <read><length>4</length><match><data>\x01\x00\x00\x00</data></match></read>
    <read><length>4</length><match><data>\x07\x00\x00\x00</data></match></read>
    <read><length>4</length><match><data>\x09\x00\x00\x00</data></match></read>
    <read><length>4</length><match><data>\x02\x00\x00\x00</data></match></read>
    <read><length>4</length><match><data>\x09\x00\x00\x00</data></match></read>
    <read><length>4</length><match><data>\x01\x00\x00\x00</data></match></read>
    <read><length>4</length><match><data>\x06\x00\x00\x00</data></match></read>
    <read><length>4</length><match><data>\x07\x00\x00\x00</data></match></read>
    <read><length>4</length><match><data>\x05\x00\x00\x00</data></match></read>
    <read><length>4</length><match><data>\x03\x00\x00\x00</data></match></read>
    <read><length>4</length><match><data>\x04\x00\x00\x00</data></match></read>
    <read><length>4</length><match><data>\x08\x00\x00\x00</data></match></read>
    <read><length>4</length><match><data>\x04\x00\x00\x00</data></match></read>
    <read><length>4</length><match><data>\x07\x00\x00\x00</data></match></read>
    <read><length>4</length><match><data>\x03\x00\x00\x00</data></match></read>
    <read><length>4</length><match><data>\x09\x00\x00\x00</data></match></read>
    <read><length>4</length><match><data>\x01\x00\x00\x00</data></match></read>
    <read><length>4</length><match><data>\x08\x00\x00\x00</data></match></read>
    <read><length>4</length><match><data>\x02\x00\x00\x00</data></match></read>
    <read><length>4</length><match><data>\x06\x00\x00\x00</data></match></read>
    <read><length>4</length><match><data>\x05\x00\x00\x00</data></match></read>
    <read><length>4</length><match><data>\x05\x00\x00\x00</data></match></read>
    <read><length>4</length><match><data>\x01\x00\x00\x00</data></match></read>
    <read><length>4</length><match><data>\x02\x00\x00\x00</data></match></read>
    <read><length>4</length><match><data>\x07\x00\x00\x00</data></match></read>
    <read><length>4</length><match><data>\x09\x00\x00\x00</data></match></read>
    <read><length>4</length><match><data>\x06\x00\x00\x00</data></match></read>
    <read><length>4</length><match><data>\x08\x00\x00\x00</data></match></read>
    <read><length>4</length><match><data>\x03\x00\x00\x00</data></match></read>
    <read><length>4</length><match><data>\x04\x00\x00\x00</data></match></read>
    <read><length>4</length><match><data>\x09\x00\x00\x00</data></match></read>
    <read><length>4</length><match><data>\x04\x00\x00\x00</data></match></read>
    <read><length>4</length><match><data>\x07\x00\x00\x00</data></match></read>
    <read><length>4</length><match><data>\x03\x00\x00\x00</data></match></read>
    <read><length>4</length><match><data>\x08\x00\x00\x00</data></match></read>
    <read><length>4</length><match><data>\x01\x00\x00\x00</data></match></read>
    <read><length>4</length><match><data>\x06\x00\x00\x00</data></match></read>
    <read><length>4</length><match><data>\x05\x00\x00\x00</data></match></read>
    <read><length>4</length><match><data>\x02\x00\x00\x00</data></match></read>
    <read><length>4</length><match><data>\x03\x00\x00\x00</data></match></read>
    <read><length>4</length><match><data>\x08\x00\x00\x00</data></match></read>
    <read><length>4</length><match><data>\x06\x00\x00\x00</data></match></read>
    <read><length>4</length><match><data>\x02\x00\x00\x00</data></match></read>
    <read><length>4</length><match><data>\x05\x00\x00\x00</data></match></read>
    <read><length>4</length><match><data>\x04\x00\x00\x00</data></match></read>
    <read><length>4</length><match><data>\x07\x00\x00\x00</data></match></read>
    <read><length>4</length><match><data>\x09\x00\x00\x00</data></match></read>
    <read><length>4</length><match><data>\x01\x00\x00\x00</data></match></read>
    <read><length>4</length><match><data>\x06\x00\x00\x00</data></match></read>
    <read><length>4</length><match><data>\x05\x00\x00\x00</data></match></read>
    <read><length>4</length><match><data>\x08\x00\x00\x00</data></match></read>
    <read><length>4</length><match><data>\x01\x00\x00\x00</data></match></read>
    <read><length>4</length><match><data>\x03\x00\x00\x00</data></match></read>
    <read><length>4</length><match><data>\x09\x00\x00\x00</data></match></read>
    <read><length>4</length><match><data>\x04\x00\x00\x00</data></match></read>
    <read><length>4</length><match><data>\x02\x00\x00\x00</data></match></read>
    <read><length>4</length><match><data>\x07\x00\x00\x00</data></match></read>
    <read><length>4</length><match><data>\x07\x00\x00\x00</data></match></read>
    <read><length>4</length><match><data>\x03\x00\x00\x00</data></match></read>
    <read><length>4</length><match><data>\x09\x00\x00\x00</data></match></read>
    <read><length>4</length><match><data>\x08\x00\x00\x00</data></match></read>
    <read><length>4</length><match><data>\x04\x00\x00\x00</data></match></read>
    <read><length>4</length><match><data>\x02\x00\x00\x00</data></match></read>
    <read><length>4</length><match><data>\x05\x00\x00\x00</data></match></read>
    <read><length>4</length><match><data>\x01\x00\x00\x00</data></match></read>
    <read><length>4</length><match><data>\x06\x00\x00\x00</data></match></read>
    <read><length>4</length><match><data>\x01\x00\x00\x00</data></match></read>
    <read><length>4</length><match><data>\x02\x00\x00\x00</data></match></read>
    <read><length>4</length><match><data>\x04\x00\x00\x00</data></match></read>
    <read><length>4</length><match><data>\x05\x00\x00\x00</data></match></read>
    <read><length>4</length><match><data>\x06\x00\x00\x00</data></match></read>
    <read><length>4</length><match><data>\x07\x00\x00\x00</data></match></read>
    <read><length>4</length><match><data>\x09\x00\x00\x00</data></match></read>
    <read><length>4</length><match><data>\x08\x00\x00\x00</data></match></read>
    <read><length>4</length><match><data>\x03\x00\x00\x00</data></match></read>
    <write><data>\x06\x00\x00\x00</data></write>
    <write><data>\x87\x00\x00\x00</data></write>
    <read><length>4</length><match><data>j\x00\x00\x00</data></match></read>
    <write><data>\x02\x00\x00\x00</data></write>
    <read><length>4</length><match><data>f\x00\x00\x00</data></match></read>
    <read><length>4</length><match><data>\x28\x00\x00\x00</data></match></read>
    <read><length>4</length><match><data>2\x00\x00\x00</data></match></read>
    <write><data>\x04\x00\x00\x00</data></write>
    <write><data>Q\x00\x00\x00</data></write>
    <write><data>\x01\x00\x00\x00</data></write>
    <write><data>\x02\x00\x00\x00</data></write>
    <write><data>\x03\x00\x00\x00</data></write>
    <write><data>\x04\x00\x00\x00</data></write>
    <write><data>\x05\x00\x00\x00</data></write>
    <write><data>\x06\x00\x00\x00</data></write>
    <write><data>\x07\x00\x00\x00</data></write>
    <write><data>\x08\x00\x00\x00</data></write>
    <write><data>\x09\x00\x00\x00</data></write>
    <write><data>\x04\x00\x00\x00</data></write>
    <write><data>\x05\x00\x00\x00</data></write>
    <write><data>\x06\x00\x00\x00</data></write>
    <write><data>\x07\x00\x00\x00</data></write>
    <write><data>\x08\x00\x00\x00</data></write>
    <write><data>\x09\x00\x00\x00</data></write>
    <write><data>\x01\x00\x00\x00</data></write>
    <write><data>\x02\x00\x00\x00</data></write>
    <write><data>\x03\x00\x00\x00</data></write>
    <write><data>\x07\x00\x00\x00</data></write>
    <write><data>\x08\x00\x00\x00</data></write>
    <write><data>\x09\x00\x00\x00</data></write>
    <write><data>\x01\x00\x00\x00</data></write>
    <write><data>\x02\x00\x00\x00</data></write>
    <write><data>\x03\x00\x00\x00</data></write>
    <write><data>\x04\x00\x00\x00</data></write>
    <write><data>\x05\x00\x00\x00</data></write>
    <write><data>\x06\x00\x00\x00</data></write>
    <write><data>\x02\x00\x00\x00</data></write>
    <write><data>\x01\x00\x00\x00</data></write>
    <write><data>\x04\x00\x00\x00</data></write>
    <write><data>\x03\x00\x00\x00</data></write>
    <write><data>\x06\x00\x00\x00</data></write>
    <write><data>\x05\x00\x00\x00</data></write>
    <write><data>\x08\x00\x00\x00</data></write>
    <write><data>\x09\x00\x00\x00</data></write>
    <write><data>\x07\x00\x00\x00</data></write>
    <write><data>\x03\x00\x00\x00</data></write>
    <write><data>\x06\x00\x00\x00</data></write>
    <write><data>\x05\x00\x00\x00</data></write>
    <write><data>\x08\x00\x00\x00</data></write>
    <write><data>\x09\x00\x00\x00</data></write>
    <write><data>\x07\x00\x00\x00</data></write>
    <write><data>\x02\x00\x00\x00</data></write>
    <write><data>\x01\x00\x00\x00</data></write>
    <write><data>\x04\x00\x00\x00</data></write>
    <write><data>\x08\x00\x00\x00</data></write>
    <write><data>\x09\x00\x00\x00</data></write>
    <write><data>\x07\x00\x00\x00</data></write>
    <write><data>\x02\x00\x00\x00</data></write>
    <write><data>\x01\x00\x00\x00</data></write>
    <write><data>\x04\x00\x00\x00</data></write>
    <write><data>\x03\x00\x00\x00</data></write>
    <write><data>\x06\x00\x00\x00</data></write>
    <write><data>\x05\x00\x00\x00</data></write>
    <write><data>\x05\x00\x00\x00</data></write>
    <write><data>\x03\x00\x00\x00</data></write>
    <write><data>\x01\x00\x00\x00</data></write>
    <write><data>\x06\x00\x00\x00</data></write>
    <write><data>\x04\x00\x00\x00</data></write>
    <write><data>\x02\x00\x00\x00</data></write>
    <write><data>\x09\x00\x00\x00</data></write>
    <write><data>\x07\x00\x00\x00</data></write>
    <write><data>\x08\x00\x00\x00</data></write>
    <write><data>\x06\x00\x00\x00</data></write>
    <write><data>\x04\x00\x00\x00</data></write>
    <write><data>\x02\x00\x00\x00</data></write>
    <write><data>\x09\x00\x00\x00</data></write>
    <write><data>\x07\x00\x00\x00</data></write>
    <write><data>\x08\x00\x00\x00</data></write>
    <write><data>\x05\x00\x00\x00</data></write>
    <write><data>\x03\x00\x00\x00</data></write>
    <write><data>\x01\x00\x00\x00</data></write>
    <write><data>\x09\x00\x00\x00</data></write>
    <write><data>\x07\x00\x00\x00</data></write>
    <write><data>\x08\x00\x00\x00</data></write>
    <write><data>\x05\x00\x00\x00</data></write>
    <write><data>\x03\x00\x00\x00</data></write>
    <write><data>\x01\x00\x00\x00</data></write>
    <write><data>\x06\x00\x00\x00</data></write>
    <write><data>\x04\x00\x00\x00</data></write>
    <write><data>\x02\x00\x00\x00</data></write>
    <read><length>4</length><match><data>h\x00\x00\x00</data></match></read>
    <write><data>\x06\x00\x00\x00</data></write>
    <write><data>i\x00\x00\x00</data></write>
    <read><length>4</length><match><data>j\x00\x00\x00</data></match></read>
    <write><data>\x03\x00\x00\x00</data></write>
    <read><length>4</length><match><data>\xc9\x00\x00\x00</data></match></read>
    <write><data>\x02\x00\x00\x00</data></write>
    <read><length>4</length><match><data>f\x00\x00\x00</data></match></read>
    <read><length>4</length><match><data>\x28\x00\x00\x00</data></match></read>
    <read><length>4</length><match><data>2\x00\x00\x00</data></match></read>
    <write><data>\x02\x00\x00\x00</data></write>
    <read><length>4</length><match><data>f\x00\x00\x00</data></match></read>
    <read><length>4</length><match><data>\x28\x00\x00\x00</data></match></read>
    <read><length>4</length><match><data>2\x00\x00\x00</data></match></read>
    <write><data>\x01\x00\x00\x00</data></write>
    <read><length>4</length><match><data>e\x00\x00\x00</data></match></read>
    <read><length>4</length><match><data>D\x01\x00\x00</data></match></read>
    <read><length>4</length><match><data>\x08\x00\x00\x00</data></match></read>
    <read><length>4</length><match><data>\x09\x00\x00\x00</data></match></read>
    <read><length>4</length><match><data>\x06\x00\x00\x00</data></match></read>
    <read><length>4</length><match><data>\x05\x00\x00\x00</data></match></read>
    <read><length>4</length><match><data>\x00\x00\x00\x00</data></match></read>
    <read><length>4</length><match><data>\x00\x00\x00\x00</data></match></read>
    <read><length>4</length><match><data>\x03\x00\x00\x00</data></match></read>
    <read><length>4</length><match><data>\x02\x00\x00\x00</data></match></read>
    <read><length>4</length><match><data>\x07\x00\x00\x00</data></match></read>
    <read><length>4</length><match><data>\x00\x00\x00\x00</data></match></read>
    <read><length>4</length><match><data>\x00\x00\x00\x00</data></match></read>
    <read><length>4</length><match><data>\x03\x00\x00\x00</data></match></read>
    <read><length>4</length><match><data>\x00\x00\x00\x00</data></match></read>
    <read><length>4</length><match><data>\x08\x00\x00\x00</data></match></read>
    <read><length>4</length><match><data>\x00\x00\x00\x00</data></match></read>
    <read><length>4</length><match><data>\x00\x00\x00\x00</data></match></read>
    <read><length>4</length><match><data>\x09\x00\x00\x00</data></match></read>
    <read><length>4</length><match><data>\x00\x00\x00\x00</data></match></read>
    <read><length>4</length><match><data>\x04\x00\x00\x00</data></match></read>
    <read><length>4</length><match><data>\x05\x00\x00\x00</data></match></read>
    <read><length>4</length><match><data>\x07\x00\x00\x00</data></match></read>
    <read><length>4</length><match><data>\x09\x00\x00\x00</data></match></read>
    <read><length>4</length><match><data>\x02\x00\x00\x00</data></match></read>
    <read><length>4</length><match><data>\x03\x00\x00\x00</data></match></read>
    <read><length>4</length><match><data>\x08\x00\x00\x00</data></match></read>
    <read><length>4</length><match><data>\x00\x00\x00\x00</data></match></read>
    <read><length>4</length><match><data>\x00\x00\x00\x00</data></match></read>
    <read><length>4</length><match><data>\x00\x00\x00\x00</data></match></read>
    <read><length>4</length><match><data>\x00\x00\x00\x00</data></match></read>
    <read><length>4</length><match><data>\x00\x00\x00\x00</data></match></read>
    <read><length>4</length><match><data>\x00\x00\x00\x00</data></match></read>
    <read><length>4</length><match><data>\x03\x00\x00\x00</data></match></read>
    <read><length>4</length><match><data>\x09\x00\x00\x00</data></match></read>
    <read><length>4</length><match><data>\x06\x00\x00\x00</data></match></read>
    <read><length>4</length><match><data>\x08\x00\x00\x00</data></match></read>
    <read><length>4</length><match><data>\x05\x00\x00\x00</data></match></read>
    <read><length>4</length><match><data>\x09\x00\x00\x00</data></match></read>
    <read><length>4</length><match><data>\x02\x00\x00\x00</data></match></read>
    <read><length>4</length><match><data>\x08\x00\x00\x00</data></match></read>
    <read><length>4</length><match><data>\x00\x00\x00\x00</data></match></read>
    <read><length>4</length><match><data>\x00\x00\x00\x00</data></match></read>
    <read><length>4</length><match><data>\x06\x00\x00\x00</data></match></read>
    <read><length>4</length><match><data>\x00\x00\x00\x00</data></match></read>
    <read><length>4</length><match><data>\x04\x00\x00\x00</data></match></read>
    <read><length>4</length><match><data>\x03\x00\x00\x00</data></match></read>
    <read><length>4</length><match><data>\x03\x00\x00\x00</data></match></read>
    <read><length>4</length><match><data>\x00\x00\x00\x00</data></match></read>
    <read><length>4</length><match><data>\x00\x00\x00\x00</data></match></read>
    <read><length>4</length><match><data>\x00\x00\x00\x00</data></match></read>
    <read><length>4</length><match><data>\x00\x00\x00\x00</data></match></read>
    <read><length>4</length><match><data>\x00\x00\x00\x00</data></match></read>
    <read><length>4</length><match><data>\x00\x00\x00\x00</data></match></read>
    <read><length>4</length><match><data>\x00\x00\x00\x00</data></match></read>
    <read><length>4</length><match><data>\x00\x00\x00\x00</data></match></read>
    <read><length>4</length><match><data>\x00\x00\x00\x00</data></match></read>
    <read><length>4</length><match><data>\x08\x00\x00\x00</data></match></read>
    <read><length>4</length><match><data>\x01\x00\x00\x00</data></match></read>
    <read><length>4</length><match><data>\x03\x00\x00\x00</data></match></read>
    <read><length>4</length><match><data>\x09\x00\x00\x00</data></match></read>
    <read><length>4</length><match><data>\x02\x00\x00\x00</data></match></read>
    <read><length>4</length><match><data>\x00\x00\x00\x00</data></match></read>
    <read><length>4</length><match><data>\x05\x00\x00\x00</data></match></read>
    <read><length>4</length><match><data>\x00\x00\x00\x00</data></match></read>
    <read><length>4</length><match><data>\x05\x00\x00\x00</data></match></read>
    <read><length>4</length><match><data>\x03\x00\x00\x00</data></match></read>
    <read><length>4</length><match><data>\x02\x00\x00\x00</data></match></read>
    <read><length>4</length><match><data>\x04\x00\x00\x00</data></match></read>
    <read><length>4</length><match><data>\x06\x00\x00\x00</data></match></read>
    <read><length>4</length><match><data>\x01\x00\x00\x00</data></match></read>
    <read><length>4</length><match><data>\x00\x00\x00\x00</data></match></read>
    <read><length>4</length><match><data>\x07\x00\x00\x00</data></match></read>
    <read><length>4</length><match><data>\x00\x00\x00\x00</data></match></read>
    <read><length>4</length><match><data>\x06\x00\x00\x00</data></match></read>
    <read><length>4</length><match><data>\x00\x00\x00\x00</data></match></read>
    <read><length>4</length><match><data>\x00\x00\x00\x00</data></match></read>
    <read><length>4</length><match><data>\x00\x00\x00\x00</data></match></read>
    <read><length>4</length><match><data>\x00\x00\x00\x00</data></match></read>
    <read><length>4</length><match><data>\x05\x00\x00\x00</data></match></read>
    <read><length>4</length><match><data>\x01\x00\x00\x00</data></match></read>
    <read><length>4</length><match><data>\x03\x00\x00\x00</data></match></read>
    <read><length>4</length><match><data>\x02\x00\x00\x00</data></match></read>
    <write><data>\x02\x00\x00\x00</data></write>
    <read><length>4</length><match><data>f\x00\x00\x00</data></match></read>
    <read><length>4</length><match><data>\x28\x00\x00\x00</data></match></read>
    <read><length>4</length><match><data>2\x00\x00\x00</data></match></read>
    <write><data>\x05\x00\x00\x00</data></write>
    <write><data>\x2f\x00\x00\x00</data></write>
    <read><length>4</length><match><data>i\x00\x00\x00</data></match></read>
    <write><data>\x03\x00\x00\x00</data></write>
    <read><length>4</length><match><data>g\x00\x00\x00</data></match></read>
    <read><length>4</length><match><data>D\x01\x00\x00</data></match></read>
    <read><length>4</length><match><data>\x08\x00\x00\x00</data></match></read>
    <read><length>4</length><match><data>\x09\x00\x00\x00</data></match></read>
    <read><length>4</length><match><data>\x06\x00\x00\x00</data></match></read>
    <read><length>4</length><match><data>\x05\x00\x00\x00</data></match></read>
    <read><length>4</length><match><data>\x01\x00\x00\x00</data></match></read>
    <read><length>4</length><match><data>\x04\x00\x00\x00</data></match></read>
    <read><length>4</length><match><data>\x03\x00\x00\x00</data></match></read>
    <read><length>4</length><match><data>\x02\x00\x00\x00</data></match></read>
    <read><length>4</length><match><data>\x07\x00\x00\x00</data></match></read>
    <read><length>4</length><match><data>\x02\x00\x00\x00</data></match></read>
    <read><length>4</length><match><data>\x01\x00\x00\x00</data></match></read>
    <read><length>4</length><match><data>\x03\x00\x00\x00</data></match></read>
    <read><length>4</length><match><data>\x06\x00\x00\x00</data></match></read>
    <read><length>4</length><match><data>\x08\x00\x00\x00</data></match></read>
    <read><length>4</length><match><data>\x07\x00\x00\x00</data></match></read>
    <read><length>4</length><match><data>\x05\x00\x00\x00</data></match></read>
    <read><length>4</length><match><data>\x09\x00\x00\x00</data></match></read>
    <read><length>4</length><match><data>\x04\x00\x00\x00</data></match></read>
    <read><length>4</length><match><data>\x04\x00\x00\x00</data></match></read>
    <read><length>4</length><match><data>\x05\x00\x00\x00</data></match></read>
    <read><length>4</length><match><data>\x07\x00\x00\x00</data></match></read>
    <read><length>4</length><match><data>\x09\x00\x00\x00</data></match></read>
    <read><length>4</length><match><data>\x02\x00\x00\x00</data></match></read>
    <read><length>4</length><match><data>\x03\x00\x00\x00</data></match></read>
    <read><length>4</length><match><data>\x08\x00\x00\x00</data></match></read>
    <read><length>4</length><match><data>\x06\x00\x00\x00</data></match></read>
    <read><length>4</length><match><data>\x01\x00\x00\x00</data></match></read>
    <read><length>4</length><match><data>\x01\x00\x00\x00</data></match></read>
    <read><length>4</length><match><data>\x07\x00\x00\x00</data></match></read>
    <read><length>4</length><match><data>\x04\x00\x00\x00</data></match></read>
    <read><length>4</length><match><data>\x02\x00\x00\x00</data></match></read>
    <read><length>4</length><match><data>\x03\x00\x00\x00</data></match></read>
    <read><length>4</length><match><data>\x09\x00\x00\x00</data></match></read>
    <read><length>4</length><match><data>\x06\x00\x00\x00</data></match></read>
    <read><length>4</length><match><data>\x08\x00\x00\x00</data></match></read>
    <read><length>4</length><match><data>\x05\x00\x00\x00</data></match></read>
    <read><length>4</length><match><data>\x09\x00\x00\x00</data></match></read>
    <read><length>4</length><match><data>\x02\x00\x00\x00</data></match></read>
    <read><length>4</length><match><data>\x08\x00\x00\x00</data></match></read>
    <read><length>4</length><match><data>\x01\x00\x00\x00</data></match></read>
    <read><length>4</length><match><data>\x05\x00\x00\x00</data></match></read>
    <read><length>4</length><match><data>\x06\x00\x00\x00</data></match></read>
    <read><length>4</length><match><data>\x07\x00\x00\x00</data></match></read>
    <read><length>4</length><match><data>\x04\x00\x00\x00</data></match></read>
    <read><length>4</length><match><data>\x03\x00\x00\x00</data></match></read>
    <read><length>4</length><match><data>\x03\x00\x00\x00</data></match></read>
    <read><length>4</length><match><data>\x06\x00\x00\x00</data></match></read>
    <read><length>4</length><match><data>\x05\x00\x00\x00</data></match></read>
    <read><length>4</length><match><data>\x07\x00\x00\x00</data></match></read>
    <read><length>4</length><match><data>\x04\x00\x00\x00</data></match></read>
    <read><length>4</length><match><data>\x08\x00\x00\x00</data></match></read>
    <read><length>4</length><match><data>\x02\x00\x00\x00</data></match></read>
    <read><length>4</length><match><data>\x01\x00\x00\x00</data></match></read>
    <read><length>4</length><match><data>\x09\x00\x00\x00</data></match></read>
    <read><length>4</length><match><data>\x07\x00\x00\x00</data></match></read>
    <read><length>4</length><match><data>\x08\x00\x00\x00</data></match></read>
    <read><length>4</length><match><data>\x01\x00\x00\x00</data></match></read>
    <read><length>4</length><match><data>\x03\x00\x00\x00</data></match></read>
    <read><length>4</length><match><data>\x09\x00\x00\x00</data></match></read>
    <read><length>4</length><match><data>\x02\x00\x00\x00</data></match></read>
    <read><length>4</length><match><data>\x04\x00\x00\x00</data></match></read>
    <read><length>4</length><match><data>\x05\x00\x00\x00</data></match></read>
    <read><length>4</length><match><data>\x06\x00\x00\x00</data></match></read>
    <read><length>4</length><match><data>\x05\x00\x00\x00</data></match></read>
    <read><length>4</length><match><data>\x03\x00\x00\x00</data></match></read>
    <read><length>4</length><match><data>\x02\x00\x00\x00</data></match></read>
    <read><length>4</length><match><data>\x04\x00\x00\x00</data></match></read>
    <read><length>4</length><match><data>\x06\x00\x00\x00</data></match></read>
    <read><length>4</length><match><data>\x01\x00\x00\x00</data></match></read>
    <read><length>4</length><match><data>\x09\x00\x00\x00</data></match></read>
    <read><length>4</length><match><data>\x07\x00\x00\x00</data></match></read>
    <read><length>4</length><match><data>\x08\x00\x00\x00</data></match></read>
    <read><length>4</length><match><data>\x06\x00\x00\x00</data></match></read>
    <read><length>4</length><match><data>\x04\x00\x00\x00</data></match></read>
    <read><length>4</length><match><data>\x09\x00\x00\x00</data></match></read>
    <read><length>4</length><match><data>\x08\x00\x00\x00</data></match></read>
    <read><length>4</length><match><data>\x07\x00\x00\x00</data></match></read>
    <read><length>4</length><match><data>\x05\x00\x00\x00</data></match></read>
    <read><length>4</length><match><data>\x01\x00\x00\x00</data></match></read>
    <read><length>4</length><match><data>\x03\x00\x00\x00</data></match></read>
    <read><length>4</length><match><data>\x02\x00\x00\x00</data></match></read>
    <write><data>\x03\x00\x00\x00</data></write>
    <read><length>4</length><match><data>g\x00\x00\x00</data></match></read>
    <read><length>4</length><match><data>D\x01\x00\x00</data></match></read>
    <read><length>4</length><match><data>\x01\x00\x00\x00</data></match></read>
    <read><length>4</length><match><data>\x02\x00\x00\x00</data></match></read>
    <read><length>4</length><match><data>\x03\x00\x00\x00</data></match></read>
    <read><length>4</length><match><data>\x04\x00\x00\x00</data></match></read>
    <read><length>4</length><match><data>\x05\x00\x00\x00</data></match></read>
    <read><length>4</length><match><data>\x06\x00\x00\x00</data></match></read>
    <read><length>4</length><match><data>\x07\x00\x00\x00</data></match></read>
    <read><length>4</length><match><data>\x08\x00\x00\x00</data></match></read>
    <read><length>4</length><match><data>\x09\x00\x00\x00</data></match></read>
    <read><length>4</length><match><data>\x04\x00\x00\x00</data></match></read>
    <read><length>4</length><match><data>\x05\x00\x00\x00</data></match></read>
    <read><length>4</length><match><data>\x06\x00\x00\x00</data></match></read>
    <read><length>4</length><match><data>\x07\x00\x00\x00</data></match></read>
    <read><length>4</length><match><data>\x08\x00\x00\x00</data></match></read>
    <read><length>4</length><match><data>\x09\x00\x00\x00</data></match></read>
    <read><length>4</length><match><data>\x01\x00\x00\x00</data></match></read>
    <read><length>4</length><match><data>\x02\x00\x00\x00</data></match></read>
    <read><length>4</length><match><data>\x03\x00\x00\x00</data></match></read>
    <read><length>4</length><match><data>\x07\x00\x00\x00</data></match></read>
    <read><length>4</length><match><data>\x08\x00\x00\x00</data></match></read>
    <read><length>4</length><match><data>\x09\x00\x00\x00</data></match></read>
    <read><length>4</length><match><data>\x01\x00\x00\x00</data></match></read>
    <read><length>4</length><match><data>\x02\x00\x00\x00</data></match></read>
    <read><length>4</length><match><data>\x03\x00\x00\x00</data></match></read>
    <read><length>4</length><match><data>\x04\x00\x00\x00</data></match></read>
    <read><length>4</length><match><data>\x05\x00\x00\x00</data></match></read>
    <read><length>4</length><match><data>\x06\x00\x00\x00</data></match></read>
    <read><length>4</length><match><data>\x02\x00\x00\x00</data></match></read>
    <read><length>4</length><match><data>\x01\x00\x00\x00</data></match></read>
    <read><length>4</length><match><data>\x04\x00\x00\x00</data></match></read>
    <read><length>4</length><match><data>\x03\x00\x00\x00</data></match></read>
    <read><length>4</length><match><data>\x06\x00\x00\x00</data></match></read>
    <read><length>4</length><match><data>\x05\x00\x00\x00</data></match></read>
    <read><length>4</length><match><data>\x08\x00\x00\x00</data></match></read>
    <read><length>4</length><match><data>\x09\x00\x00\x00</data></match></read>
    <read><length>4</length><match><data>\x07\x00\x00\x00</data></match></read>
    <read><length>4</length><match><data>\x03\x00\x00\x00</data></match></read>
    <read><length>4</length><match><data>\x06\x00\x00\x00</data></match></read>
    <read><length>4</length><match><data>\x05\x00\x00\x00</data></match></read>
    <read><length>4</length><match><data>\x08\x00\x00\x00</data></match></read>
    <read><length>4</length><match><data>\x09\x00\x00\x00</data></match></read>
    <read><length>4</length><match><data>\x07\x00\x00\x00</data></match></read>
    <read><length>4</length><match><data>\x02\x00\x00\x00</data></match></read>
    <read><length>4</length><match><data>\x01\x00\x00\x00</data></match></read>
    <read><length>4</length><match><data>\x04\x00\x00\x00</data></match></read>
    <read><length>4</length><match><data>\x08\x00\x00\x00</data></match></read>
    <read><length>4</length><match><data>\x09\x00\x00\x00</data></match></read>
    <read><length>4</length><match><data>\x07\x00\x00\x00</data></match></read>
    <read><length>4</length><match><data>\x02\x00\x00\x00</data></match></read>
    <read><length>4</length><match><data>\x01\x00\x00\x00</data></match></read>
    <read><length>4</length><match><data>\x04\x00\x00\x00</data></match></read>
    <read><length>4</length><match><data>\x03\x00\x00\x00</data></match></read>
    <read><length>4</length><match><data>\x06\x00\x00\x00</data></match></read>
    <read><length>4</length><match><data>\x05\x00\x00\x00</data></match></read>
    <read><length>4</length><match><data>\x05\x00\x00\x00</data></match></read>
    <read><length>4</length><match><data>\x03\x00\x00\x00</data></match></read>
    <read><length>4</length><match><data>\x01\x00\x00\x00</data></match></read>
    <read><length>4</length><match><data>\x06\x00\x00\x00</data></match></read>
    <read><length>4</length><match><data>\x04\x00\x00\x00</data></match></read>
    <read><length>4</length><match><data>\x02\x00\x00\x00</data></match></read>
    <read><length>4</length><match><data>\x09\x00\x00\x00</data></match></read>
    <read><length>4</length><match><data>\x07\x00\x00\x00</data></match></read>
    <read><length>4</length><match><data>\x08\x00\x00\x00</data></match></read>
    <read><length>4</length><match><data>\x06\x00\x00\x00</data></match></read>
    <read><length>4</length><match><data>\x04\x00\x00\x00</data></match></read>
    <read><length>4</length><match><data>\x02\x00\x00\x00</data></match></read>
    <read><length>4</length><match><data>\x09\x00\x00\x00</data></match></read>
    <read><length>4</length><match><data>\x07\x00\x00\x00</data></match></read>
    <read><length>4</length><match><data>\x08\x00\x00\x00</data></match></read>
    <read><length>4</length><match><data>\x05\x00\x00\x00</data></match></read>
    <read><length>4</length><match><data>\x03\x00\x00\x00</data></match></read>
    <read><length>4</length><match><data>\x01\x00\x00\x00</data></match></read>
    <read><length>4</length><match><data>\x09\x00\x00\x00</data></match></read>
    <read><length>4</length><match><data>\x07\x00\x00\x00</data></match></read>
    <read><length>4</length><match><data>\x08\x00\x00\x00</data></match></read>
    <read><length>4</length><match><data>\x05\x00\x00\x00</data></match></read>
    <read><length>4</length><match><data>\x03\x00\x00\x00</data></match></read>
    <read><length>4</length><match><data>\x01\x00\x00\x00</data></match></read>
    <read><length>4</length><match><data>\x06\x00\x00\x00</data></match></read>
    <read><length>4</length><match><data>\x04\x00\x00\x00</data></match></read>
    <read><length>4</length><match><data>\x02\x00\x00\x00</data></match></read>
    <write><data>\x03\x00\x00\x00</data></write>
    <read><length>4</length><match><data>g\x00\x00\x00</data></match></read>
    <read><length>4</length><match><data>D\x01\x00\x00</data></match></read>
    <read><length>4</length><match><data>\x01\x00\x00\x00</data></match></read>
    <read><length>4</length><match><data>\x02\x00\x00\x00</data></match></read>
    <read><length>4</length><match><data>\x03\x00\x00\x00</data></match></read>
    <read><length>4</length><match><data>\x04\x00\x00\x00</data></match></read>
    <read><length>4</length><match><data>\x05\x00\x00\x00</data></match></read>
    <read><length>4</length><match><data>\x06\x00\x00\x00</data></match></read>
    <read><length>4</length><match><data>\x07\x00\x00\x00</data></match></read>
    <read><length>4</length><match><data>\x08\x00\x00\x00</data></match></read>
    <read><length>4</length><match><data>\x09\x00\x00\x00</data></match></read>
    <read><length>4</length><match><data>\x04\x00\x00\x00</data></match></read>
    <read><length>4</length><match><data>\x05\x00\x00\x00</data></match></read>
    <read><length>4</length><match><data>\x06\x00\x00\x00</data></match></read>
    <read><length>4</length><match><data>\x07\x00\x00\x00</data></match></read>
    <read><length>4</length><match><data>\x08\x00\x00\x00</data></match></read>
    <read><length>4</length><match><data>\x09\x00\x00\x00</data></match></read>
    <read><length>4</length><match><data>\x01\x00\x00\x00</data></match></read>
    <read><length>4</length><match><data>\x02\x00\x00\x00</data></match></read>
    <read><length>4</length><match><data>\x03\x00\x00\x00</data></match></read>
    <read><length>4</length><match><data>\x07\x00\x00\x00</data></match></read>
    <read><length>4</length><match><data>\x08\x00\x00\x00</data></match></read>
    <read><length>4</length><match><data>\x09\x00\x00\x00</data></match></read>
    <read><length>4</length><match><data>\x01\x00\x00\x00</data></match></read>
    <read><length>4</length><match><data>\x02\x00\x00\x00</data></match></read>
    <read><length>4</length><match><data>\x03\x00\x00\x00</data></match></read>
    <read><length>4</length><match><data>\x04\x00\x00\x00</data></match></read>
    <read><length>4</length><match><data>\x05\x00\x00\x00</data></match></read>
    <read><length>4</length><match><data>\x06\x00\x00\x00</data></match></read>
    <read><length>4</length><match><data>\x02\x00\x00\x00</data></match></read>
    <read><length>4</length><match><data>\x01\x00\x00\x00</data></match></read>
    <read><length>4</length><match><data>\x04\x00\x00\x00</data></match></read>
    <read><length>4</length><match><data>\x03\x00\x00\x00</data></match></read>
    <read><length>4</length><match><data>\x06\x00\x00\x00</data></match></read>
    <read><length>4</length><match><data>\x05\x00\x00\x00</data></match></read>
    <read><length>4</length><match><data>\x08\x00\x00\x00</data></match></read>
    <read><length>4</length><match><data>\x09\x00\x00\x00</data></match></read>
    <read><length>4</length><match><data>\x07\x00\x00\x00</data></match></read>
    <read><length>4</length><match><data>\x03\x00\x00\x00</data></match></read>
    <read><length>4</length><match><data>\x06\x00\x00\x00</data></match></read>
    <read><length>4</length><match><data>\x05\x00\x00\x00</data></match></read>
    <read><length>4</length><match><data>\x08\x00\x00\x00</data></match></read>
    <read><length>4</length><match><data>\x09\x00\x00\x00</data></match></read>
    <read><length>4</length><match><data>\x07\x00\x00\x00</data></match></read>
    <read><length>4</length><match><data>\x02\x00\x00\x00</data></match></read>
    <read><length>4</length><match><data>\x01\x00\x00\x00</data></match></read>
    <read><length>4</length><match><data>\x04\x00\x00\x00</data></match></read>
    <read><length>4</length><match><data>\x08\x00\x00\x00</data></match></read>
    <read><length>4</length><match><data>\x09\x00\x00\x00</data></match></read>
    <read><length>4</length><match><data>\x07\x00\x00\x00</data></match></read>
    <read><length>4</length><match><data>\x02\x00\x00\x00</data></match></read>
    <read><length>4</length><match><data>\x01\x00\x00\x00</data></match></read>
    <read><length>4</length><match><data>\x04\x00\x00\x00</data></match></read>
    <read><length>4</length><match><data>\x03\x00\x00\x00</data></match></read>
    <read><length>4</length><match><data>\x06\x00\x00\x00</data></match></read>
    <read><length>4</length><match><data>\x05\x00\x00\x00</data></match></read>
    <read><length>4</length><match><data>\x05\x00\x00\x00</data></match></read>
    <read><length>4</length><match><data>\x03\x00\x00\x00</data></match></read>
    <read><length>4</length><match><data>\x01\x00\x00\x00</data></match></read>
    <read><length>4</length><match><data>\x06\x00\x00\x00</data></match></read>
    <read><length>4</length><match><data>\x04\x00\x00\x00</data></match></read>
    <read><length>4</length><match><data>\x02\x00\x00\x00</data></match></read>
    <read><length>4</length><match><data>\x09\x00\x00\x00</data></match></read>
    <read><length>4</length><match><data>\x07\x00\x00\x00</data></match></read>
    <read><length>4</length><match><data>\x08\x00\x00\x00</data></match></read>
    <read><length>4</length><match><data>\x06\x00\x00\x00</data></match></read>
    <read><length>4</length><match><data>\x04\x00\x00\x00</data></match></read>
    <read><length>4</length><match><data>\x02\x00\x00\x00</data></match></read>
    <read><length>4</length><match><data>\x09\x00\x00\x00</data></match></read>
    <read><length>4</length><match><data>\x07\x00\x00\x00</data></match></read>
    <read><length>4</length><match><data>\x08\x00\x00\x00</data></match></read>
    <read><length>4</length><match><data>\x05\x00\x00\x00</data></match></read>
    <read><length>4</length><match><data>\x03\x00\x00\x00</data></match></read>
    <read><length>4</length><match><data>\x01\x00\x00\x00</data></match></read>
    <read><length>4</length><match><data>\x09\x00\x00\x00</data></match></read>
    <read><length>4</length><match><data>\x07\x00\x00\x00</data></match></read>
    <read><length>4</length><match><data>\x08\x00\x00\x00</data></match></read>
    <read><length>4</length><match><data>\x05\x00\x00\x00</data></match></read>
    <read><length>4</length><match><data>\x03\x00\x00\x00</data></match></read>
    <read><length>4</length><match><data>\x01\x00\x00\x00</data></match></read>
    <read><length>4</length><match><data>\x06\x00\x00\x00</data></match></read>
    <read><length>4</length><match><data>\x04\x00\x00\x00</data></match></read>
    <read><length>4</length><match><data>\x02\x00\x00\x00</data></match></read>
    <write><data>\x02\x00\x00\x00</data></write>
    <read><length>4</length><match><data>f\x00\x00\x00</data></match></read>
    <read><length>4</length><match><data>\x28\x00\x00\x00</data></match></read>
    <read><length>4</length><match><data>2\x00\x00\x00</data></match></read>
    <write><data>\x02\x00\x00\x00</data></write>
    <read><length>4</length><match><data>f\x00\x00\x00</data></match></read>
    <read><length>4</length><match><data>\x28\x00\x00\x00</data></match></read>
    <read><length>4</length><match><data>2\x00\x00\x00</data></match></read>
    <write><data>\x05\x00\x00\x00</data></write>
    <write><data>\x2d\x00\x00\x00</data></write>
    <read><length>4</length><match><data>i\x00\x00\x00</data></match></read>
    <write><data>\x00\x00\x00\x00</data></write>
    <read><length>4</length><match><data>d\x00\x00\x00</data></match></read>
</replay>
</pov>