<?xml version="1.0" standalone="no" ?>
<!DOCTYPE pov SYSTEM "/usr/share/cgc-docs/replay.dtd">
<pov>
<cbid>service</cbid>
<seed>10374cf26607b9c767d392fc24d8754f09987e8136f8d5f5a2f7a45ad350dbd9bfbd25bd56851edb678de71396f02b39</seed>
<replay>
    <write><data>\x04\x00\x00\x00</data></write>
    <read><length>4</length><match><data>\xc9\x00\x00\x00</data></match></read>
    <write><data>\x06\x00\x00\x00</data></write>
    <write><data>\x84\x00\x00\x00</data></write>
    <read><length>4</length><match><data>j\x00\x00\x00</data></match></read>
    <write><data>\x02\x00\x00\x00</data></write>
    <read><length>4</length><match><data>f\x00\x00\x00</data></match></read>
    <read><length>4</length><match><data>\x28\x00\x00\x00</data></match></read>
    <read><length>4</length><match><data>2\x00\x00\x00</data></match></read>
    <write><data>\x05\x00\x00\x00</data></write>
    <write><data>\x2a\x00\x00\x00</data></write>
    <read><length>4</length><match><data>i\x00\x00\x00</data></match></read>
    <write><data>\x06\x00\x00\x00</data></write>
    <write><data>\x9f\x00\x00\x00</data></write>
    <read><length>4</length><match><data>j\x00\x00\x00</data></match></read>
    <write><data>\x01\x00\x00\x00</data></write>
    <read><length>4</length><match><data>e\x00\x00\x00</data></match></read>
    <read><length>4</length><match><data>D\x01\x00\x00</data></match></read>
    <read><length>4</length><match><data>\x02\x00\x00\x00</data></match></read>
    <read><length>4</length><match><data>\x00\x00\x00\x00</data></match></read>
    <read><length>4</length><match><data>\x03\x00\x00\x00</data></match></read>
    <read><length>4</length><match><data>\x06\x00\x00\x00</data></match></read>
    <read><length>4</length><match><data>\x00\x00\x00\x00</data></match></read>
    <read><length>4</length><match><data>\x08\x00\x00\x00</data></match></read>
    <read><length>4</length><match><data>\x05\x00\x00\x00</data></match></read>
    <read><length>4</length><match><data>\x00\x00\x00\x00</data></match></read>
    <read><length>4</length><match><data>\x00\x00\x00\x00</data></match></read>
    <read><length>4</length><match><data>\x00\x00\x00\x00</data></match></read>
    <read><length>4</length><match><data>\x00\x00\x00\x00</data></match></read>
    <read><length>4</length><match><data>\x07\x00\x00\x00</data></match></read>
    <read><length>4</length><match><data>\x00\x00\x00\x00</data></match></read>
    <read><length>4</length><match><data>\x00\x00\x00\x00</data></match></read>
    <read><length>4</length><match><data>\x00\x00\x00\x00</data></match></read>
    <read><length>4</length><match><data>\x00\x00\x00\x00</data></match></read>
    <read><length>4</length><match><data>\x03\x00\x00\x00</data></match></read>
    <read><length>4</length><match><data>\x09\x00\x00\x00</data></match></read>
    <read><length>4</length><match><data>\x04\x00\x00\x00</data></match></read>
    <read><length>4</length><match><data>\x08\x00\x00\x00</data></match></read>
    <read><length>4</length><match><data>\x05\x00\x00\x00</data></match></read>
    <read><length>4</length><match><data>\x03\x00\x00\x00</data></match></read>
    <read><length>4</length><match><data>\x00\x00\x00\x00</data></match></read>
    <read><length>4</length><match><data>\x00\x00\x00\x00</data></match></read>
    <read><length>4</length><match><data>\x00\x00\x00\x00</data></match></read>
    <read><length>4</length><match><data>\x00\x00\x00\x00</data></match></read>
    <read><length>4</length><match><data>\x00\x00\x00\x00</data></match></read>
    <read><length>4</length><match><data>\x00\x00\x00\x00</data></match></read>
    <read><length>4</length><match><data>\x00\x00\x00\x00</data></match></read>
    <read><length>4</length><match><data>\x00\x00\x00\x00</data></match></read>
    <read><length>4</length><match><data>\x00\x00\x00\x00</data></match></read>
    <read><length>4</length><match><data>\x00\x00\x00\x00</data></match></read>
    <read><length>4</length><match><data>\x00\x00\x00\x00</data></match></read>
    <read><length>4</length><match><data>\x00\x00\x00\x00</data></match></read>
    <read><length>4</length><match><data>\x04\x00\x00\x00</data></match></read>
    <read><length>4</length><match><data>\x00\x00\x00\x00</data></match></read>
    <read><length>4</length><match><data>\x08\x00\x00\x00</data></match></read>
    <read><length>4</length><match><data>\x00\x00\x00\x00</data></match></read>
    <read><length>4</length><match><data>\x04\x00\x00\x00</data></match></read>
    <read><length>4</length><match><data>\x00\x00\x00\x00</data></match></read>
    <read><length>4</length><match><data>\x00\x00\x00\x00</data></match></read>
    <read><length>4</length><match><data>\x00\x00\x00\x00</data></match></read>
    <read><length>4</length><match><data>\x03\x00\x00\x00</data></match></read>
    <read><length>4</length><match><data>\x05\x00\x00\x00</data></match></read>
    <read><length>4</length><match><data>\x02\x00\x00\x00</data></match></read>
    <read><length>4</length><match><data>\x09\x00\x00\x00</data></match></read>
    <read><length>4</length><match><data>\x05\x00\x00\x00</data></match></read>
    <read><length>4</length><match><data>\x02\x00\x00\x00</data></match></read>
    <read><length>4</length><match><data>\x08\x00\x00\x00</data></match></read>
    <read><length>4</length><match><data>\x04\x00\x00\x00</data></match></read>
    <read><length>4</length><match><data>\x00\x00\x00\x00</data></match></read>
    <read><length>4</length><match><data>\x00\x00\x00\x00</data></match></read>
    <read><length>4</length><match><data>\x06\x00\x00\x00</data></match></read>
    <read><length>4</length><match><data>\x01\x00\x00\x00</data></match></read>
    <read><length>4</length><match><data>\x00\x00\x00\x00</data></match></read>
    <read><length>4</length><match><data>\x04\x00\x00\x00</data></match></read>
    <read><length>4</length><match><data>\x01\x00\x00\x00</data></match></read>
    <read><length>4</length><match><data>\x09\x00\x00\x00</data></match></read>
    <read><length>4</length><match><data>\x00\x00\x00\x00</data></match></read>
    <read><length>4</length><match><data>\x07\x00\x00\x00</data></match></read>
    <read><length>4</length><match><data>\x02\x00\x00\x00</data></match></read>
    <read><length>4</length><match><data>\x08\x00\x00\x00</data></match></read>
    <read><length>4</length><match><data>\x03\x00\x00\x00</data></match></read>
    <read><length>4</length><match><data>\x06\x00\x00\x00</data></match></read>
    <read><length>4</length><match><data>\x03\x00\x00\x00</data></match></read>
    <read><length>4</length><match><data>\x09\x00\x00\x00</data></match></read>
    <read><length>4</length><match><data>\x01\x00\x00\x00</data></match></read>
    <read><length>4</length><match><data>\x08\x00\x00\x00</data></match></read>
    <read><length>4</length><match><data>\x02\x00\x00\x00</data></match></read>
    <read><length>4</length><match><data>\x04\x00\x00\x00</data></match></read>
    <read><length>4</length><match><data>\x07\x00\x00\x00</data></match></read>
    <read><length>4</length><match><data>\x05\x00\x00\x00</data></match></read>
    <read><length>4</length><match><data>\x00\x00\x00\x00</data></match></read>
    <read><length>4</length><match><data>\x00\x00\x00\x00</data></match></read>
    <read><length>4</length><match><data>\x08\x00\x00\x00</data></match></read>
    <read><length>4</length><match><data>\x05\x00\x00\x00</data></match></read>
    <read><length>4</length><match><data>\x00\x00\x00\x00</data></match></read>
    <read><length>4</length><match><data>\x00\x00\x00\x00</data></match></read>
    <read><length>4</length><match><data>\x00\x00\x00\x00</data></match></read>
    <read><length>4</length><match><data>\x00\x00\x00\x00</data></match></read>
    <read><length>4</length><match><data>\x00\x00\x00\x00</data></match></read>
    <write><data>\x02\x00\x00\x00</data></write>
    <read><length>4</length><match><data>f\x00\x00\x00</data></match></read>
    <read><length>4</length><match><data>\x28\x00\x00\x00</data></match></read>
    <read><length>4</length><match><data>2\x00\x00\x00</data></match></read>
    <write><data>\x02\x00\x00\x00</data></write>
    <read><length>4</length><match><data>f\x00\x00\x00</data></match></read>
    <read><length>4</length><match><data>\x28\x00\x00\x00</data></match></read>
    <read><length>4</length><match><data>2\x00\x00\x00</data></match></read>
    <write><data>\x04\x00\x00\x00</data></write>
    <write><data>Q\x00\x00\x00</data></write>
    <write><data>\x02\x00\x00\x00</data></write>
    <write><data>\x09\x00\x00\x00</data></write>
    <write><data>\x03\x00\x00\x00</data></write>
    <write><data>\x06\x00\x00\x00</data></write>
    <write><data>\x07\x00\x00\x00</data></write>
    <write><data>\x08\x00\x00\x00</data></write>
    <write><data>\x05\x00\x00\x00</data></write>
    <write><data>\x01\x00\x00\x00</data></write>
    <write><data>\x04\x00\x00\x00</data></write>
    <write><data>\x01\x00\x00\x00</data></write>
    <write><data>\x06\x00\x00\x00</data></write>
    <write><data>\x07\x00\x00\x00</data></write>
    <write><data>\x04\x00\x00\x00</data></write>
    <write><data>\x02\x00\x00\x00</data></write>
    <write><data>\x05\x00\x00\x00</data></write>
    <write><data>\x08\x00\x00\x00</data></write>
    <write><data>\x03\x00\x00\x00</data></write>
    <write><data>\x09\x00\x00\x00</data></write>
    <write><data>\x04\x00\x00\x00</data></write>
    <write><data>\x08\x00\x00\x00</data></write>
    <write><data>\x05\x00\x00\x00</data></write>
    <write><data>\x03\x00\x00\x00</data></write>
    <write><data>\x01\x00\x00\x00</data></write>
    <write><data>\x09\x00\x00\x00</data></write>
    <write><data>\x06\x00\x00\x00</data></write>
    <write><data>\x02\x00\x00\x00</data></write>
    <write><data>\x07\x00\x00\x00</data></write>
    <write><data>\x03\x00\x00\x00</data></write>
    <write><data>\x07\x00\x00\x00</data></write>
    <write><data>\x06\x00\x00\x00</data></write>
    <write><data>\x02\x00\x00\x00</data></write>
    <write><data>\x05\x00\x00\x00</data></write>
    <write><data>\x01\x00\x00\x00</data></write>
    <write><data>\x09\x00\x00\x00</data></write>
    <write><data>\x04\x00\x00\x00</data></write>
    <write><data>\x08\x00\x00\x00</data></write>
    <write><data>\x08\x00\x00\x00</data></write>
    <write><data>\x01\x00\x00\x00</data></write>
    <write><data>\x04\x00\x00\x00</data></write>
    <write><data>\x07\x00\x00\x00</data></write>
    <write><data>\x09\x00\x00\x00</data></write>
    <write><data>\x06\x00\x00\x00</data></write>
    <write><data>\x03\x00\x00\x00</data></write>
    <write><data>\x05\x00\x00\x00</data></write>
    <write><data>\x02\x00\x00\x00</data></write>
    <write><data>\x09\x00\x00\x00</data></write>
    <write><data>\x05\x00\x00\x00</data></write>
    <write><data>\x02\x00\x00\x00</data></write>
    <write><data>\x08\x00\x00\x00</data></write>
    <write><data>\x04\x00\x00\x00</data></write>
    <write><data>\x03\x00\x00\x00</data></write>
    <write><data>\x07\x00\x00\x00</data></write>
    <write><data>\x06\x00\x00\x00</data></write>
    <write><data>\x01\x00\x00\x00</data></write>
    <write><data>\x05\x00\x00\x00</data></write>
    <write><data>\x04\x00\x00\x00</data></write>
    <write><data>\x01\x00\x00\x00</data></write>
    <write><data>\x09\x00\x00\x00</data></write>
    <write><data>\x06\x00\x00\x00</data></write>
    <write><data>\x07\x00\x00\x00</data></write>
    <write><data>\x02\x00\x00\x00</data></write>
    <write><data>\x08\x00\x00\x00</data></write>
    <write><data>\x03\x00\x00\x00</data></write>
    <write><data>\x06\x00\x00\x00</data></write>
    <write><data>\x03\x00\x00\x00</data></write>
    <write><data>\x09\x00\x00\x00</data></write>
    <write><data>\x01\x00\x00\x00</data></write>
    <write><data>\x08\x00\x00\x00</data></write>
    <write><data>\x02\x00\x00\x00</data></write>
    <write><data>\x04\x00\x00\x00</data></write>
    <write><data>\x07\x00\x00\x00</data></write>
    <write><data>\x05\x00\x00\x00</data></write>
    <write><data>\x07\x00\x00\x00</data></write>
    <write><data>\x02\x00\x00\x00</data></write>
    <write><data>\x08\x00\x00\x00</data></write>
    <write><data>\x05\x00\x00\x00</data></write>
    <write><data>\x03\x00\x00\x00</data></write>
    <write><data>\x04\x00\x00\x00</data></write>
    <write><data>\x01\x00\x00\x00</data></write>
    <write><data>\x09\x00\x00\x00</data></write>
    <write><data>\x06\x00\x00\x00</data></write>
    <read><length>4</length><match><data>h\x00\x00\x00</data></match></read>
    <write><data>\x04\x00\x00\x00</data></write>
    <read><length>4</length><match><data>\xc9\x00\x00\x00</data></match></read>
    <write><data>\x06\x00\x00\x00</data></write>
    <write><data>\x8f\x00\x00\x00</data></write>
    <read><length>4</length><match><data>j\x00\x00\x00</data></match></read>
    <write><data>\x06\x00\x00\x00</data></write>
    <write><data>\x80\x00\x00\x00</data></write>
    <read><length>4</length><match><data>j\x00\x00\x00</data></match></read>
    <write><data>\x01\x00\x00\x00</data></write>
    <read><length>4</length><match><data>e\x00\x00\x00</data></match></read>
    <read><length>4</length><match><data>D\x01\x00\x00</data></match></read>
    <read><length>4</length><match><data>\x03\x00\x00\x00</data></match></read>
    <read><length>4</length><match><data>\x00\x00\x00\x00</data></match></read>
    <read><length>4</length><match><data>\x07\x00\x00\x00</data></match></read>
    <read><length>4</length><match><data>\x00\x00\x00\x00</data></match></read>
    <read><length>4</length><match><data>\x05\x00\x00\x00</data></match></read>
    <read><length>4</length><match><data>\x00\x00\x00\x00</data></match></read>
    <read><length>4</length><match><data>\x00\x00\x00\x00</data></match></read>
    <read><length>4</length><match><data>\x00\x00\x00\x00</data></match></read>
    <read><length>4</length><match><data>\x00\x00\x00\x00</data></match></read>
    <read><length>4</length><match><data>\x00\x00\x00\x00</data></match></read>
    <read><length>4</length><match><data>\x02\x00\x00\x00</data></match></read>
    <read><length>4</length><match><data>\x00\x00\x00\x00</data></match></read>
    <read><length>4</length><match><data>\x04\x00\x00\x00</data></match></read>
    <read><length>4</length><match><data>\x08\x00\x00\x00</data></match></read>
    <read><length>4</length><match><data>\x07\x00\x00\x00</data></match></read>
    <read><length>4</length><match><data>\x00\x00\x00\x00</data></match></read>
    <read><length>4</length><match><data>\x09\x00\x00\x00</data></match></read>
    <read><length>4</length><match><data>\x00\x00\x00\x00</data></match></read>
    <read><length>4</length><match><data>\x00\x00\x00\x00</data></match></read>
    <read><length>4</length><match><data>\x00\x00\x00\x00</data></match></read>
    <read><length>4</length><match><data>\x00\x00\x00\x00</data></match></read>
    <read><length>4</length><match><data>\x01\x00\x00\x00</data></match></read>
    <read><length>4</length><match><data>\x00\x00\x00\x00</data></match></read>
    <read><length>4</length><match><data>\x03\x00\x00\x00</data></match></read>
    <read><length>4</length><match><data>\x00\x00\x00\x00</data></match></read>
    <read><length>4</length><match><data>\x07\x00\x00\x00</data></match></read>
    <read><length>4</length><match><data>\x00\x00\x00\x00</data></match></read>
    <read><length>4</length><match><data>\x02\x00\x00\x00</data></match></read>
    <read><length>4</length><match><data>\x01\x00\x00\x00</data></match></read>
    <read><length>4</length><match><data>\x00\x00\x00\x00</data></match></read>
    <read><length>4</length><match><data>\x00\x00\x00\x00</data></match></read>
    <read><length>4</length><match><data>\x03\x00\x00\x00</data></match></read>
    <read><length>4</length><match><data>\x06\x00\x00\x00</data></match></read>
    <read><length>4</length><match><data>\x09\x00\x00\x00</data></match></read>
    <read><length>4</length><match><data>\x05\x00\x00\x00</data></match></read>
    <read><length>4</length><match><data>\x07\x00\x00\x00</data></match></read>
    <read><length>4</length><match><data>\x00\x00\x00\x00</data></match></read>
    <read><length>4</length><match><data>\x03\x00\x00\x00</data></match></read>
    <read><length>4</length><match><data>\x00\x00\x00\x00</data></match></read>
    <read><length>4</length><match><data>\x00\x00\x00\x00</data></match></read>
    <read><length>4</length><match><data>\x00\x00\x00\x00</data></match></read>
    <read><length>4</length><match><data>\x01\x00\x00\x00</data></match></read>
    <read><length>4</length><match><data>\x06\x00\x00\x00</data></match></read>
    <read><length>4</length><match><data>\x08\x00\x00\x00</data></match></read>
    <read><length>4</length><match><data>\x00\x00\x00\x00</data></match></read>
    <read><length>4</length><match><data>\x00\x00\x00\x00</data></match></read>
    <read><length>4</length><match><data>\x08\x00\x00\x00</data></match></read>
    <read><length>4</length><match><data>\x06\x00\x00\x00</data></match></read>
    <read><length>4</length><match><data>\x00\x00\x00\x00</data></match></read>
    <read><length>4</length><match><data>\x09\x00\x00\x00</data></match></read>
    <read><length>4</length><match><data>\x05\x00\x00\x00</data></match></read>
    <read><length>4</length><match><data>\x01\x00\x00\x00</data></match></read>
    <read><length>4</length><match><data>\x03\x00\x00\x00</data></match></read>
    <read><length>4</length><match><data>\x04\x00\x00\x00</data></match></read>
    <read><length>4</length><match><data>\x06\x00\x00\x00</data></match></read>
    <read><length>4</length><match><data>\x00\x00\x00\x00</data></match></read>
    <read><length>4</length><match><data>\x03\x00\x00\x00</data></match></read>
    <read><length>4</length><match><data>\x00\x00\x00\x00</data></match></read>
    <read><length>4</length><match><data>\x00\x00\x00\x00</data></match></read>
    <read><length>4</length><match><data>\x00\x00\x00\x00</data></match></read>
    <read><length>4</length><match><data>\x07\x00\x00\x00</data></match></read>
    <read><length>4</length><match><data>\x04\x00\x00\x00</data></match></read>
    <read><length>4</length><match><data>\x01\x00\x00\x00</data></match></read>
    <read><length>4</length><match><data>\x08\x00\x00\x00</data></match></read>
    <read><length>4</length><match><data>\x00\x00\x00\x00</data></match></read>
    <read><length>4</length><match><data>\x00\x00\x00\x00</data></match></read>
    <read><length>4</length><match><data>\x00\x00\x00\x00</data></match></read>
    <read><length>4</length><match><data>\x00\x00\x00\x00</data></match></read>
    <read><length>4</length><match><data>\x04\x00\x00\x00</data></match></read>
    <read><length>4</length><match><data>\x00\x00\x00\x00</data></match></read>
    <read><length>4</length><match><data>\x06\x00\x00\x00</data></match></read>
    <read><length>4</length><match><data>\x00\x00\x00\x00</data></match></read>
    <read><length>4</length><match><data>\x00\x00\x00\x00</data></match></read>
    <read><length>4</length><match><data>\x00\x00\x00\x00</data></match></read>
    <read><length>4</length><match><data>\x00\x00\x00\x00</data></match></read>
    <read><length>4</length><match><data>\x06\x00\x00\x00</data></match></read>
    <read><length>4</length><match><data>\x07\x00\x00\x00</data></match></read>
    <read><length>4</length><match><data>\x09\x00\x00\x00</data></match></read>
    <read><length>4</length><match><data>\x00\x00\x00\x00</data></match></read>
    <read><length>4</length><match><data>\x02\x00\x00\x00</data></match></read>
    <read><length>4</length><match><data>\x03\x00\x00\x00</data></match></read>
    <write><data>\x01\x00\x00\x00</data></write>
    <read><length>4</length><match><data>e\x00\x00\x00</data></match></read>
    <read><length>4</length><match><data>D\x01\x00\x00</data></match></read>
    <read><length>4</length><match><data>\x00\x00\x00\x00</data></match></read>
    <read><length>4</length><match><data>\x03\x00\x00\x00</data></match></read>
    <read><length>4</length><match><data>\x09\x00\x00\x00</data></match></read>
    <read><length>4</length><match><data>\x04\x00\x00\x00</data></match></read>
    <read><length>4</length><match><data>\x00\x00\x00\x00</data></match></read>
    <read><length>4</length><match><data>\x00\x00\x00\x00</data></match></read>
    <read><length>4</length><match><data>\x07\x00\x00\x00</data></match></read>
    <read><length>4</length><match><data>\x00\x00\x00\x00</data></match></read>
    <read><length>4</length><match><data>\x00\x00\x00\x00</data></match></read>
    <read><length>4</length><match><data>\x07\x00\x00\x00</data></match></read>
    <read><length>4</length><match><data>\x00\x00\x00\x00</data></match></read>
    <read><length>4</length><match><data>\x06\x00\x00\x00</data></match></read>
    <read><length>4</length><match><data>\x00\x00\x00\x00</data></match></read>
    <read><length>4</length><match><data>\x05\x00\x00\x00</data></match></read>
    <read><length>4</length><match><data>\x03\x00\x00\x00</data></match></read>
    <read><length>4</length><match><data>\x00\x00\x00\x00</data></match></read>
    <read><length>4</length><match><data>\x09\x00\x00\x00</data></match></read>
    <read><length>4</length><match><data>\x04\x00\x00\x00</data></match></read>
    <read><length>4</length><match><data>\x00\x00\x00\x00</data></match></read>
    <read><length>4</length><match><data>\x00\x00\x00\x00</data></match></read>
    <read><length>4</length><match><data>\x00\x00\x00\x00</data></match></read>
    <read><length>4</length><match><data>\x00\x00\x00\x00</data></match></read>
    <read><length>4</length><match><data>\x02\x00\x00\x00</data></match></read>
    <read><length>4</length><match><data>\x00\x00\x00\x00</data></match></read>
    <read><length>4</length><match><data>\x06\x00\x00\x00</data></match></read>
    <read><length>4</length><match><data>\x03\x00\x00\x00</data></match></read>
    <read><length>4</length><match><data>\x05\x00\x00\x00</data></match></read>
    <read><length>4</length><match><data>\x01\x00\x00\x00</data></match></read>
    <read><length>4</length><match><data>\x00\x00\x00\x00</data></match></read>
    <read><length>4</length><match><data>\x02\x00\x00\x00</data></match></read>
    <read><length>4</length><match><data>\x03\x00\x00\x00</data></match></read>
    <read><length>4</length><match><data>\x06\x00\x00\x00</data></match></read>
    <read><length>4</length><match><data>\x00\x00\x00\x00</data></match></read>
    <read><length>4</length><match><data>\x00\x00\x00\x00</data></match></read>
    <read><length>4</length><match><data>\x00\x00\x00\x00</data></match></read>
    <read><length>4</length><match><data>\x00\x00\x00\x00</data></match></read>
    <read><length>4</length><match><data>\x00\x00\x00\x00</data></match></read>
    <read><length>4</length><match><data>\x00\x00\x00\x00</data></match></read>
    <read><length>4</length><match><data>\x00\x00\x00\x00</data></match></read>
    <read><length>4</length><match><data>\x01\x00\x00\x00</data></match></read>
    <read><length>4</length><match><data>\x00\x00\x00\x00</data></match></read>
    <read><length>4</length><match><data>\x02\x00\x00\x00</data></match></read>
    <read><length>4</length><match><data>\x00\x00\x00\x00</data></match></read>
    <read><length>4</length><match><data>\x06\x00\x00\x00</data></match></read>
    <read><length>4</length><match><data>\x03\x00\x00\x00</data></match></read>
    <read><length>4</length><match><data>\x06\x00\x00\x00</data></match></read>
    <read><length>4</length><match><data>\x00\x00\x00\x00</data></match></read>
    <read><length>4</length><match><data>\x03\x00\x00\x00</data></match></read>
    <read><length>4</length><match><data>\x09\x00\x00\x00</data></match></read>
    <read><length>4</length><match><data>\x08\x00\x00\x00</data></match></read>
    <read><length>4</length><match><data>\x07\x00\x00\x00</data></match></read>
    <read><length>4</length><match><data>\x00\x00\x00\x00</data></match></read>
    <read><length>4</length><match><data>\x00\x00\x00\x00</data></match></read>
    <read><length>4</length><match><data>\x02\x00\x00\x00</data></match></read>
    <read><length>4</length><match><data>\x02\x00\x00\x00</data></match></read>
    <read><length>4</length><match><data>\x00\x00\x00\x00</data></match></read>
    <read><length>4</length><match><data>\x01\x00\x00\x00</data></match></read>
    <read><length>4</length><match><data>\x06\x00\x00\x00</data></match></read>
    <read><length>4</length><match><data>\x03\x00\x00\x00</data></match></read>
    <read><length>4</length><match><data>\x04\x00\x00\x00</data></match></read>
    <read><length>4</length><match><data>\x09\x00\x00\x00</data></match></read>
    <read><length>4</length><match><data>\x05\x00\x00\x00</data></match></read>
    <read><length>4</length><match><data>\x07\x00\x00\x00</data></match></read>
    <read><length>4</length><match><data>\x03\x00\x00\x00</data></match></read>
    <read><length>4</length><match><data>\x06\x00\x00\x00</data></match></read>
    <read><length>4</length><match><data>\x07\x00\x00\x00</data></match></read>
    <read><length>4</length><match><data>\x05\x00\x00\x00</data></match></read>
    <read><length>4</length><match><data>\x00\x00\x00\x00</data></match></read>
    <read><length>4</length><match><data>\x00\x00\x00\x00</data></match></read>
    <read><length>4</length><match><data>\x00\x00\x00\x00</data></match></read>
    <read><length>4</length><match><data>\x04\x00\x00\x00</data></match></read>
    <read><length>4</length><match><data>\x00\x00\x00\x00</data></match></read>
    <read><length>4</length><match><data>\x00\x00\x00\x00</data></match></read>
    <read><length>4</length><match><data>\x00\x00\x00\x00</data></match></read>
    <read><length>4</length><match><data>\x00\x00\x00\x00</data></match></read>
    <read><length>4</length><match><data>\x00\x00\x00\x00</data></match></read>
    <read><length>4</length><match><data>\x00\x00\x00\x00</data></match></read>
    <read><length>4</length><match><data>\x01\x00\x00\x00</data></match></read>
    <read><length>4</length><match><data>\x00\x00\x00\x00</data></match></read>
    <read><length>4</length><match><data>\x08\x00\x00\x00</data></match></read>
    <read><length>4</length><match><data>\x00\x00\x00\x00</data></match></read>
    <write><data>\x03\x00\x00\x00</data></write>
    <read><length>4</length><match><data>g\x00\x00\x00</data></match></read>
    <read><length>4</length><match><data>D\x01\x00\x00</data></match></read>
    <read><length>4</length><match><data>\x05\x00\x00\x00</data></match></read>
    <read><length>4</length><match><data>\x03\x00\x00\x00</data></match></read>
    <read><length>4</length><match><data>\x09\x00\x00\x00</data></match></read>
    <read><length>4</length><match><data>\x04\x00\x00\x00</data></match></read>
    <read><length>4</length><match><data>\x01\x00\x00\x00</data></match></read>
    <read><length>4</length><match><data>\x06\x00\x00\x00</data></match></read>
    <read><length>4</length><match><data>\x07\x00\x00\x00</data></match></read>
    <read><length>4</length><match><data>\x02\x00\x00\x00</data></match></read>
    <read><length>4</length><match><data>\x08\x00\x00\x00</data></match></read>
    <read><length>4</length><match><data>\x07\x00\x00\x00</data></match></read>
    <read><length>4</length><match><data>\x02\x00\x00\x00</data></match></read>
    <read><length>4</length><match><data>\x06\x00\x00\x00</data></match></read>
    <read><length>4</length><match><data>\x08\x00\x00\x00</data></match></read>
    <read><length>4</length><match><data>\x05\x00\x00\x00</data></match></read>
    <read><length>4</length><match><data>\x03\x00\x00\x00</data></match></read>
    <read><length>4</length><match><data>\x01\x00\x00\x00</data></match></read>
    <read><length>4</length><match><data>\x09\x00\x00\x00</data></match></read>
    <read><length>4</length><match><data>\x04\x00\x00\x00</data></match></read>
    <read><length>4</length><match><data>\x08\x00\x00\x00</data></match></read>
    <read><length>4</length><match><data>\x01\x00\x00\x00</data></match></read>
    <read><length>4</length><match><data>\x04\x00\x00\x00</data></match></read>
    <read><length>4</length><match><data>\x07\x00\x00\x00</data></match></read>
    <read><length>4</length><match><data>\x02\x00\x00\x00</data></match></read>
    <read><length>4</length><match><data>\x09\x00\x00\x00</data></match></read>
    <read><length>4</length><match><data>\x06\x00\x00\x00</data></match></read>
    <read><length>4</length><match><data>\x03\x00\x00\x00</data></match></read>
    <read><length>4</length><match><data>\x05\x00\x00\x00</data></match></read>
    <read><length>4</length><match><data>\x01\x00\x00\x00</data></match></read>
    <read><length>4</length><match><data>\x04\x00\x00\x00</data></match></read>
    <read><length>4</length><match><data>\x02\x00\x00\x00</data></match></read>
    <read><length>4</length><match><data>\x03\x00\x00\x00</data></match></read>
    <read><length>4</length><match><data>\x06\x00\x00\x00</data></match></read>
    <read><length>4</length><match><data>\x05\x00\x00\x00</data></match></read>
    <read><length>4</length><match><data>\x08\x00\x00\x00</data></match></read>
    <read><length>4</length><match><data>\x07\x00\x00\x00</data></match></read>
    <read><length>4</length><match><data>\x09\x00\x00\x00</data></match></read>
    <read><length>4</length><match><data>\x09\x00\x00\x00</data></match></read>
    <read><length>4</length><match><data>\x07\x00\x00\x00</data></match></read>
    <read><length>4</length><match><data>\x08\x00\x00\x00</data></match></read>
    <read><length>4</length><match><data>\x01\x00\x00\x00</data></match></read>
    <read><length>4</length><match><data>\x04\x00\x00\x00</data></match></read>
    <read><length>4</length><match><data>\x02\x00\x00\x00</data></match></read>
    <read><length>4</length><match><data>\x05\x00\x00\x00</data></match></read>
    <read><length>4</length><match><data>\x06\x00\x00\x00</data></match></read>
    <read><length>4</length><match><data>\x03\x00\x00\x00</data></match></read>
    <read><length>4</length><match><data>\x06\x00\x00\x00</data></match></read>
    <read><length>4</length><match><data>\x05\x00\x00\x00</data></match></read>
    <read><length>4</length><match><data>\x03\x00\x00\x00</data></match></read>
    <read><length>4</length><match><data>\x09\x00\x00\x00</data></match></read>
    <read><length>4</length><match><data>\x08\x00\x00\x00</data></match></read>
    <read><length>4</length><match><data>\x07\x00\x00\x00</data></match></read>
    <read><length>4</length><match><data>\x04\x00\x00\x00</data></match></read>
    <read><length>4</length><match><data>\x01\x00\x00\x00</data></match></read>
    <read><length>4</length><match><data>\x02\x00\x00\x00</data></match></read>
    <read><length>4</length><match><data>\x02\x00\x00\x00</data></match></read>
    <read><length>4</length><match><data>\x08\x00\x00\x00</data></match></read>
    <read><length>4</length><match><data>\x01\x00\x00\x00</data></match></read>
    <read><length>4</length><match><data>\x06\x00\x00\x00</data></match></read>
    <read><length>4</length><match><data>\x03\x00\x00\x00</data></match></read>
    <read><length>4</length><match><data>\x04\x00\x00\x00</data></match></read>
    <read><length>4</length><match><data>\x09\x00\x00\x00</data></match></read>
    <read><length>4</length><match><data>\x05\x00\x00\x00</data></match></read>
    <read><length>4</length><match><data>\x07\x00\x00\x00</data></match></read>
    <read><length>4</length><match><data>\x03\x00\x00\x00</data></match></read>
    <read><length>4</length><match><data>\x06\x00\x00\x00</data></match></read>
    <read><length>4</length><match><data>\x07\x00\x00\x00</data></match></read>
    <read><length>4</length><match><data>\x05\x00\x00\x00</data></match></read>
    <read><length>4</length><match><data>\x09\x00\x00\x00</data></match></read>
    <read><length>4</length><match><data>\x08\x00\x00\x00</data></match></read>
    <read><length>4</length><match><data>\x02\x00\x00\x00</data></match></read>
    <read><length>4</length><match><data>\x04\x00\x00\x00</data></match></read>
    <read><length>4</length><match><data>\x01\x00\x00\x00</data></match></read>
    <read><length>4</length><match><data>\x04\x00\x00\x00</data></match></read>
    <read><length>4</length><match><data>\x09\x00\x00\x00</data></match></read>
    <read><length>4</length><match><data>\x05\x00\x00\x00</data></match></read>
    <read><length>4</length><match><data>\x02\x00\x00\x00</data></match></read>
    <read><length>4</length><match><data>\x07\x00\x00\x00</data></match></read>
    <read><length>4</length><match><data>\x01\x00\x00\x00</data></match></read>
    <read><length>4</length><match><data>\x03\x00\x00\x00</data></match></read>
    <read><length>4</length><match><data>\x08\x00\x00\x00</data></match></read>
    <read><length>4</length><match><data>\x06\x00\x00\x00</data></match></read>
    <write><data>\x01\x00\x00\x00</data></write>
    <read><length>4</length><match><data>e\x00\x00\x00</data></match></read>
    <read><length>4</length><match><data>D\x01\x00\x00</data></match></read>
    <read><length>4</length><match><data>\x08\x00\x00\x00</data></match></read>
    <read><length>4</length><match><data>\x09\x00\x00\x00</data></match></read>
    <read><length>4</length><match><data>\x04\x00\x00\x00</data></match></read>
    <read><length>4</length><match><data>\x03\x00\x00\x00</data></match></read>
    <read><length>4</length><match><data>\x07\x00\x00\x00</data></match></read>
    <read><length>4</length><match><data>\x00\x00\x00\x00</data></match></read>
    <read><length>4</length><match><data>\x00\x00\x00\x00</data></match></read>
    <read><length>4</length><match><data>\x00\x00\x00\x00</data></match></read>
    <read><length>4</length><match><data>\x00\x00\x00\x00</data></match></read>
    <read><length>4</length><match><data>\x00\x00\x00\x00</data></match></read>
    <read><length>4</length><match><data>\x00\x00\x00\x00</data></match></read>
    <read><length>4</length><match><data>\x01\x00\x00\x00</data></match></read>
    <read><length>4</length><match><data>\x04\x00\x00\x00</data></match></read>
    <read><length>4</length><match><data>\x00\x00\x00\x00</data></match></read>
    <read><length>4</length><match><data>\x02\x00\x00\x00</data></match></read>
    <read><length>4</length><match><data>\x09\x00\x00\x00</data></match></read>
    <read><length>4</length><match><data>\x00\x00\x00\x00</data></match></read>
    <read><length>4</length><match><data>\x00\x00\x00\x00</data></match></read>
    <read><length>4</length><match><data>\x05\x00\x00\x00</data></match></read>
    <read><length>4</length><match><data>\x00\x00\x00\x00</data></match></read>
    <read><length>4</length><match><data>\x06\x00\x00\x00</data></match></read>
    <read><length>4</length><match><data>\x09\x00\x00\x00</data></match></read>
    <read><length>4</length><match><data>\x00\x00\x00\x00</data></match></read>
    <read><length>4</length><match><data>\x08\x00\x00\x00</data></match></read>
    <read><length>4</length><match><data>\x00\x00\x00\x00</data></match></read>
    <read><length>4</length><match><data>\x07\x00\x00\x00</data></match></read>
    <read><length>4</length><match><data>\x00\x00\x00\x00</data></match></read>
    <read><length>4</length><match><data>\x00\x00\x00\x00</data></match></read>
    <read><length>4</length><match><data>\x00\x00\x00\x00</data></match></read>
    <read><length>4</length><match><data>\x00\x00\x00\x00</data></match></read>
    <read><length>4</length><match><data>\x07\x00\x00\x00</data></match></read>
    <read><length>4</length><match><data>\x00\x00\x00\x00</data></match></read>
    <read><length>4</length><match><data>\x04\x00\x00\x00</data></match></read>
    <read><length>4</length><match><data>\x01\x00\x00\x00</data></match></read>
    <read><length>4</length><match><data>\x03\x00\x00\x00</data></match></read>
    <read><length>4</length><match><data>\x08\x00\x00\x00</data></match></read>
    <read><length>4</length><match><data>\x00\x00\x00\x00</data></match></read>
    <read><length>4</length><match><data>\x00\x00\x00\x00</data></match></read>
    <read><length>4</length><match><data>\x00\x00\x00\x00</data></match></read>
    <read><length>4</length><match><data>\x00\x00\x00\x00</data></match></read>
    <read><length>4</length><match><data>\x03\x00\x00\x00</data></match></read>
    <read><length>4</length><match><data>\x01\x00\x00\x00</data></match></read>
    <read><length>4</length><match><data>\x00\x00\x00\x00</data></match></read>
    <read><length>4</length><match><data>\x04\x00\x00\x00</data></match></read>
    <read><length>4</length><match><data>\x06\x00\x00\x00</data></match></read>
    <read><length>4</length><match><data>\x00\x00\x00\x00</data></match></read>
    <read><length>4</length><match><data>\x01\x00\x00\x00</data></match></read>
    <read><length>4</length><match><data>\x03\x00\x00\x00</data></match></read>
    <read><length>4</length><match><data>\x00\x00\x00\x00</data></match></read>
    <read><length>4</length><match><data>\x00\x00\x00\x00</data></match></read>
    <read><length>4</length><match><data>\x06\x00\x00\x00</data></match></read>
    <read><length>4</length><match><data>\x02\x00\x00\x00</data></match></read>
    <read><length>4</length><match><data>\x00\x00\x00\x00</data></match></read>
    <read><length>4</length><match><data>\x00\x00\x00\x00</data></match></read>
    <read><length>4</length><match><data>\x00\x00\x00\x00</data></match></read>
    <read><length>4</length><match><data>\x00\x00\x00\x00</data></match></read>
    <read><length>4</length><match><data>\x00\x00\x00\x00</data></match></read>
    <read><length>4</length><match><data>\x08\x00\x00\x00</data></match></read>
    <read><length>4</length><match><data>\x00\x00\x00\x00</data></match></read>
    <read><length>4</length><match><data>\x03\x00\x00\x00</data></match></read>
    <read><length>4</length><match><data>\x07\x00\x00\x00</data></match></read>
    <read><length>4</length><match><data>\x00\x00\x00\x00</data></match></read>
    <read><length>4</length><match><data>\x09\x00\x00\x00</data></match></read>
    <read><length>4</length><match><data>\x09\x00\x00\x00</data></match></read>
    <read><length>4</length><match><data>\x05\x00\x00\x00</data></match></read>
    <read><length>4</length><match><data>\x08\x00\x00\x00</data></match></read>
    <read><length>4</length><match><data>\x01\x00\x00\x00</data></match></read>
    <read><length>4</length><match><data>\x00\x00\x00\x00</data></match></read>
    <read><length>4</length><match><data>\x07\x00\x00\x00</data></match></read>
    <read><length>4</length><match><data>\x04\x00\x00\x00</data></match></read>
    <read><length>4</length><match><data>\x00\x00\x00\x00</data></match></read>
    <read><length>4</length><match><data>\x00\x00\x00\x00</data></match></read>
    <read><length>4</length><match><data>\x01\x00\x00\x00</data></match></read>
    <read><length>4</length><match><data>\x03\x00\x00\x00</data></match></read>
    <read><length>4</length><match><data>\x00\x00\x00\x00</data></match></read>
    <read><length>4</length><match><data>\x06\x00\x00\x00</data></match></read>
    <read><length>4</length><match><data>\x04\x00\x00\x00</data></match></read>
    <read><length>4</length><match><data>\x09\x00\x00\x00</data></match></read>
    <read><length>4</length><match><data>\x08\x00\x00\x00</data></match></read>
    <read><length>4</length><match><data>\x00\x00\x00\x00</data></match></read>
    <read><length>4</length><match><data>\x02\x00\x00\x00</data></match></read>
    <write><data>\x06\x00\x00\x00</data></write>
    <write><data>\xc8\x00\x00\x00</data></write>
    <read><length>4</length><match><data>j\x00\x00\x00</data></match></read>
    <write><data>\x02\x00\x00\x00</data></write>
    <read><length>4</length><match><data>f\x00\x00\x00</data></match></read>
    <read><length>4</length><match><data>\x28\x00\x00\x00</data></match></read>
    <read><length>4</length><match><data>2\x00\x00\x00</data></match></read>
    <write><data>\x01\x00\x00\x00</data></write>
    <read><length>4</length><match><data>e\x00\x00\x00</data></match></read>
    <read><length>4</length><match><data>D\x01\x00\x00</data></match></read>
    <read><length>4</length><match><data>\x00\x00\x00\x00</data></match></read>
    <read><length>4</length><match><data>\x02\x00\x00\x00</data></match></read>
    <read><length>4</length><match><data>\x04\x00\x00\x00</data></match></read>
    <read><length>4</length><match><data>\x08\x00\x00\x00</data></match></read>
    <read><length>4</length><match><data>\x00\x00\x00\x00</data></match></read>
    <read><length>4</length><match><data>\x00\x00\x00\x00</data></match></read>
    <read><length>4</length><match><data>\x00\x00\x00\x00</data></match></read>
    <read><length>4</length><match><data>\x00\x00\x00\x00</data></match></read>
    <read><length>4</length><match><data>\x00\x00\x00\x00</data></match></read>
    <read><length>4</length><match><data>\x00\x00\x00\x00</data></match></read>
    <read><length>4</length><match><data>\x03\x00\x00\x00</data></match></read>
    <read><length>4</length><match><data>\x08\x00\x00\x00</data></match></read>
    <read><length>4</length><match><data>\x00\x00\x00\x00</data></match></read>
    <read><length>4</length><match><data>\x00\x00\x00\x00</data></match></read>
    <read><length>4</length><match><data>\x01\x00\x00\x00</data></match></read>
    <read><length>4</length><match><data>\x02\x00\x00\x00</data></match></read>
    <read><length>4</length><match><data>\x06\x00\x00\x00</data></match></read>
    <read><length>4</length><match><data>\x04\x00\x00\x00</data></match></read>
    <read><length>4</length><match><data>\x01\x00\x00\x00</data></match></read>
    <read><length>4</length><match><data>\x00\x00\x00\x00</data></match></read>
    <read><length>4</length><match><data>\x00\x00\x00\x00</data></match></read>
    <read><length>4</length><match><data>\x00\x00\x00\x00</data></match></read>
    <read><length>4</length><match><data>\x00\x00\x00\x00</data></match></read>
    <read><length>4</length><match><data>\x00\x00\x00\x00</data></match></read>
    <read><length>4</length><match><data>\x03\x00\x00\x00</data></match></read>
    <read><length>4</length><match><data>\x08\x00\x00\x00</data></match></read>
    <read><length>4</length><match><data>\x05\x00\x00\x00</data></match></read>
    <read><length>4</length><match><data>\x07\x00\x00\x00</data></match></read>
    <read><length>4</length><match><data>\x00\x00\x00\x00</data></match></read>
    <read><length>4</length><match><data>\x03\x00\x00\x00</data></match></read>
    <read><length>4</length><match><data>\x09\x00\x00\x00</data></match></read>
    <read><length>4</length><match><data>\x01\x00\x00\x00</data></match></read>
    <read><length>4</length><match><data>\x00\x00\x00\x00</data></match></read>
    <read><length>4</length><match><data>\x00\x00\x00\x00</data></match></read>
    <read><length>4</length><match><data>\x05\x00\x00\x00</data></match></read>
    <read><length>4</length><match><data>\x02\x00\x00\x00</data></match></read>
    <read><length>4</length><match><data>\x00\x00\x00\x00</data></match></read>
    <read><length>4</length><match><data>\x00\x00\x00\x00</data></match></read>
    <read><length>4</length><match><data>\x00\x00\x00\x00</data></match></read>
    <read><length>4</length><match><data>\x02\x00\x00\x00</data></match></read>
    <read><length>4</length><match><data>\x07\x00\x00\x00</data></match></read>
    <read><length>4</length><match><data>\x00\x00\x00\x00</data></match></read>
    <read><length>4</length><match><data>\x04\x00\x00\x00</data></match></read>
    <read><length>4</length><match><data>\x00\x00\x00\x00</data></match></read>
    <read><length>4</length><match><data>\x00\x00\x00\x00</data></match></read>
    <read><length>4</length><match><data>\x02\x00\x00\x00</data></match></read>
    <read><length>4</length><match><data>\x04\x00\x00\x00</data></match></read>
    <read><length>4</length><match><data>\x00\x00\x00\x00</data></match></read>
    <read><length>4</length><match><data>\x00\x00\x00\x00</data></match></read>
    <read><length>4</length><match><data>\x05\x00\x00\x00</data></match></read>
    <read><length>4</length><match><data>\x00\x00\x00\x00</data></match></read>
    <read><length>4</length><match><data>\x07\x00\x00\x00</data></match></read>
    <read><length>4</length><match><data>\x09\x00\x00\x00</data></match></read>
    <read><length>4</length><match><data>\x00\x00\x00\x00</data></match></read>
    <read><length>4</length><match><data>\x08\x00\x00\x00</data></match></read>
    <read><length>4</length><match><data>\x00\x00\x00\x00</data></match></read>
    <read><length>4</length><match><data>\x09\x00\x00\x00</data></match></read>
    <read><length>4</length><match><data>\x01\x00\x00\x00</data></match></read>
    <read><length>4</length><match><data>\x02\x00\x00\x00</data></match></read>
    <read><length>4</length><match><data>\x03\x00\x00\x00</data></match></read>
    <read><length>4</length><match><data>\x05\x00\x00\x00</data></match></read>
    <read><length>4</length><match><data>\x04\x00\x00\x00</data></match></read>
    <read><length>4</length><match><data>\x00\x00\x00\x00</data></match></read>
    <read><length>4</length><match><data>\x00\x00\x00\x00</data></match></read>
    <read><length>4</length><match><data>\x01\x00\x00\x00</data></match></read>
    <read><length>4</length><match><data>\x00\x00\x00\x00</data></match></read>
    <read><length>4</length><match><data>\x00\x00\x00\x00</data></match></read>
    <read><length>4</length><match><data>\x04\x00\x00\x00</data></match></read>
    <read><length>4</length><match><data>\x07\x00\x00\x00</data></match></read>
    <read><length>4</length><match><data>\x00\x00\x00\x00</data></match></read>
    <read><length>4</length><match><data>\x00\x00\x00\x00</data></match></read>
    <read><length>4</length><match><data>\x09\x00\x00\x00</data></match></read>
    <read><length>4</length><match><data>\x04\x00\x00\x00</data></match></read>
    <read><length>4</length><match><data>\x05\x00\x00\x00</data></match></read>
    <read><length>4</length><match><data>\x00\x00\x00\x00</data></match></read>
    <read><length>4</length><match><data>\x06\x00\x00\x00</data></match></read>
    <read><length>4</length><match><data>\x08\x00\x00\x00</data></match></read>
    <read><length>4</length><match><data>\x00\x00\x00\x00</data></match></read>
    <read><length>4</length><match><data>\x01\x00\x00\x00</data></match></read>
    <read><length>4</length><match><data>\x07\x00\x00\x00</data></match></read>
    <read><length>4</length><match><data>\x00\x00\x00\x00</data></match></read>
    <write><data>\x04\x00\x00\x00</data></write>
    <write><data>Q\x00\x00\x00</data></write>
    <write><data>\x06\x00\x00\x00</data></write>
    <write><data>\x02\x00\x00\x00</data></write>
    <write><data>\x04\x00\x00\x00</data></write>
    <write><data>\x08\x00\x00\x00</data></write>
    <write><data>\x03\x00\x00\x00</data></write>
    <write><data>\x05\x00\x00\x00</data></write>
    <write><data>\x09\x00\x00\x00</data></write>
    <write><data>\x01\x00\x00\x00</data></write>
    <write><data>\x07\x00\x00\x00</data></write>
    <write><data>\x05\x00\x00\x00</data></write>
    <write><data>\x03\x00\x00\x00</data></write>
    <write><data>\x08\x00\x00\x00</data></write>
    <write><data>\x07\x00\x00\x00</data></write>
    <write><data>\x09\x00\x00\x00</data></write>
    <write><data>\x01\x00\x00\x00</data></write>
    <write><data>\x02\x00\x00\x00</data></write>
    <write><data>\x06\x00\x00\x00</data></write>
    <write><data>\x04\x00\x00\x00</data></write>
    <write><data>\x01\x00\x00\x00</data></write>
    <write><data>\x09\x00\x00\x00</data></write>
    <write><data>\x07\x00\x00\x00</data></write>
    <write><data>\x04\x00\x00\x00</data></write>
    <write><data>\x06\x00\x00\x00</data></write>
    <write><data>\x02\x00\x00\x00</data></write>
    <write><data>\x03\x00\x00\x00</data></write>
    <write><data>\x08\x00\x00\x00</data></write>
    <write><data>\x05\x00\x00\x00</data></write>
    <write><data>\x07\x00\x00\x00</data></write>
    <write><data>\x08\x00\x00\x00</data></write>
    <write><data>\x03\x00\x00\x00</data></write>
    <write><data>\x09\x00\x00\x00</data></write>
    <write><data>\x01\x00\x00\x00</data></write>
    <write><data>\x04\x00\x00\x00</data></write>
    <write><data>\x06\x00\x00\x00</data></write>
    <write><data>\x05\x00\x00\x00</data></write>
    <write><data>\x02\x00\x00\x00</data></write>
    <write><data>\x09\x00\x00\x00</data></write>
    <write><data>\x06\x00\x00\x00</data></write>
    <write><data>\x05\x00\x00\x00</data></write>
    <write><data>\x02\x00\x00\x00</data></write>
    <write><data>\x07\x00\x00\x00</data></write>
    <write><data>\x08\x00\x00\x00</data></write>
    <write><data>\x04\x00\x00\x00</data></write>
    <write><data>\x03\x00\x00\x00</data></write>
    <write><data>\x01\x00\x00\x00</data></write>
    <write><data>\x02\x00\x00\x00</data></write>
    <write><data>\x04\x00\x00\x00</data></write>
    <write><data>\x01\x00\x00\x00</data></write>
    <write><data>\x03\x00\x00\x00</data></write>
    <write><data>\x05\x00\x00\x00</data></write>
    <write><data>\x06\x00\x00\x00</data></write>
    <write><data>\x07\x00\x00\x00</data></write>
    <write><data>\x09\x00\x00\x00</data></write>
    <write><data>\x08\x00\x00\x00</data></write>
    <write><data>\x08\x00\x00\x00</data></write>
    <write><data>\x07\x00\x00\x00</data></write>
    <write><data>\x09\x00\x00\x00</data></write>
    <write><data>\x01\x00\x00\x00</data></write>
    <write><data>\x02\x00\x00\x00</data></write>
    <write><data>\x03\x00\x00\x00</data></write>
    <write><data>\x05\x00\x00\x00</data></write>
    <write><data>\x04\x00\x00\x00</data></write>
    <write><data>\x06\x00\x00\x00</data></write>
    <write><data>\x03\x00\x00\x00</data></write>
    <write><data>\x01\x00\x00\x00</data></write>
    <write><data>\x06\x00\x00\x00</data></write>
    <write><data>\x05\x00\x00\x00</data></write>
    <write><data>\x04\x00\x00\x00</data></write>
    <write><data>\x07\x00\x00\x00</data></write>
    <write><data>\x08\x00\x00\x00</data></write>
    <write><data>\x02\x00\x00\x00</data></write>
    <write><data>\x09\x00\x00\x00</data></write>
    <write><data>\x04\x00\x00\x00</data></write>
    <write><data>\x05\x00\x00\x00</data></write>
    <write><data>\x02\x00\x00\x00</data></write>
    <write><data>\x06\x00\x00\x00</data></write>
    <write><data>\x08\x00\x00\x00</data></write>
    <write><data>\x09\x00\x00\x00</data></write>
    <write><data>\x01\x00\x00\x00</data></write>
    <write><data>\x07\x00\x00\x00</data></write>
    <write><data>\x03\x00\x00\x00</data></write>
    <read><length>4</length><match><data>h\x00\x00\x00</data></match></read>
    <write><data>\x06\x00\x00\x00</data></write>
    <write><data>Z\x00\x00\x00</data></write>
    <read><length>4</length><match><data>j\x00\x00\x00</data></match></read>
    <write><data>\x05\x00\x00\x00</data></write>
    <write><data>\x2c\x00\x00\x00</data></write>
    <read><length>4</length><match><data>i\x00\x00\x00</data></match></read>
    <write><data>\x06\x00\x00\x00</data></write>
    <write><data>\xc3\x00\x00\x00</data></write>
    <read><length>4</length><match><data>j\x00\x00\x00</data></match></read>
    <write><data>\x05\x00\x00\x00</data></write>
    <write><data>\x2c\x00\x00\x00</data></write>
    <read><length>4</length><match><data>i\x00\x00\x00</data></match></read>
    <write><data>\x02\x00\x00\x00</data></write>
    <read><length>4</length><match><data>f\x00\x00\x00</data></match></read>
    <read><length>4</length><match><data>\x28\x00\x00\x00</data></match></read>
    <read><length>4</length><match><data>2\x00\x00\x00</data></match></read>
    <write><data>\x06\x00\x00\x00</data></write>
    <write><data>\xe1\x00\x00\x00</data></write>
    <read><length>4</length><match><data>j\x00\x00\x00</data></match></read>
    <write><data>\x01\x00\x00\x00</data></write>
    <read><length>4</length><match><data>e\x00\x00\x00</data></match></read>
    <read><length>4</length><match><data>D\x01\x00\x00</data></match></read>
    <read><length>4</length><match><data>\x07\x00\x00\x00</data></match></read>
    <read><length>4</length><match><data>\x08\x00\x00\x00</data></match></read>
    <read><length>4</length><match><data>\x03\x00\x00\x00</data></match></read>
    <read><length>4</length><match><data>\x00\x00\x00\x00</data></match></read>
    <read><length>4</length><match><data>\x00\x00\x00\x00</data></match></read>
    <read><length>4</length><match><data>\x09\x00\x00\x00</data></match></read>
    <read><length>4</length><match><data>\x00\x00\x00\x00</data></match></read>
    <read><length>4</length><match><data>\x04\x00\x00\x00</data></match></read>
    <read><length>4</length><match><data>\x01\x00\x00\x00</data></match></read>
    <read><length>4</length><match><data>\x00\x00\x00\x00</data></match></read>
    <read><length>4</length><match><data>\x04\x00\x00\x00</data></match></read>
    <read><length>4</length><match><data>\x00\x00\x00\x00</data></match></read>
    <read><length>4</length><match><data>\x00\x00\x00\x00</data></match></read>
    <read><length>4</length><match><data>\x05\x00\x00\x00</data></match></read>
    <read><length>4</length><match><data>\x03\x00\x00\x00</data></match></read>
    <read><length>4</length><match><data>\x00\x00\x00\x00</data></match></read>
    <read><length>4</length><match><data>\x00\x00\x00\x00</data></match></read>
    <read><length>4</length><match><data>\x00\x00\x00\x00</data></match></read>
    <read><length>4</length><match><data>\x00\x00\x00\x00</data></match></read>
    <read><length>4</length><match><data>\x00\x00\x00\x00</data></match></read>
    <read><length>4</length><match><data>\x05\x00\x00\x00</data></match></read>
    <read><length>4</length><match><data>\x01\x00\x00\x00</data></match></read>
    <read><length>4</length><match><data>\x07\x00\x00\x00</data></match></read>
    <read><length>4</length><match><data>\x04\x00\x00\x00</data></match></read>
    <read><length>4</length><match><data>\x00\x00\x00\x00</data></match></read>
    <read><length>4</length><match><data>\x00\x00\x00\x00</data></match></read>
    <read><length>4</length><match><data>\x00\x00\x00\x00</data></match></read>
    <read><length>4</length><match><data>\x00\x00\x00\x00</data></match></read>
    <read><length>4</length><match><data>\x00\x00\x00\x00</data></match></read>
    <read><length>4</length><match><data>\x00\x00\x00\x00</data></match></read>
    <read><length>4</length><match><data>\x07\x00\x00\x00</data></match></read>
    <read><length>4</length><match><data>\x03\x00\x00\x00</data></match></read>
    <read><length>4</length><match><data>\x00\x00\x00\x00</data></match></read>
    <read><length>4</length><match><data>\x02\x00\x00\x00</data></match></read>
    <read><length>4</length><match><data>\x01\x00\x00\x00</data></match></read>
    <read><length>4</length><match><data>\x00\x00\x00\x00</data></match></read>
    <read><length>4</length><match><data>\x00\x00\x00\x00</data></match></read>
    <read><length>4</length><match><data>\x00\x00\x00\x00</data></match></read>
    <read><length>4</length><match><data>\x06\x00\x00\x00</data></match></read>
    <read><length>4</length><match><data>\x09\x00\x00\x00</data></match></read>
    <read><length>4</length><match><data>\x00\x00\x00\x00</data></match></read>
    <read><length>4</length><match><data>\x00\x00\x00\x00</data></match></read>
    <read><length>4</length><match><data>\x00\x00\x00\x00</data></match></read>
    <read><length>4</length><match><data>\x05\x00\x00\x00</data></match></read>
    <read><length>4</length><match><data>\x08\x00\x00\x00</data></match></read>
    <read><length>4</length><match><data>\x08\x00\x00\x00</data></match></read>
    <read><length>4</length><match><data>\x00\x00\x00\x00</data></match></read>
    <read><length>4</length><match><data>\x01\x00\x00\x00</data></match></read>
    <read><length>4</length><match><data>\x05\x00\x00\x00</data></match></read>
    <read><length>4</length><match><data>\x04\x00\x00\x00</data></match></read>
    <read><length>4</length><match><data>\x06\x00\x00\x00</data></match></read>
    <read><length>4</length><match><data>\x07\x00\x00\x00</data></match></read>
    <read><length>4</length><match><data>\x03\x00\x00\x00</data></match></read>
    <read><length>4</length><match><data>\x09\x00\x00\x00</data></match></read>
    <read><length>4</length><match><data>\x05\x00\x00\x00</data></match></read>
    <read><length>4</length><match><data>\x00\x00\x00\x00</data></match></read>
    <read><length>4</length><match><data>\x09\x00\x00\x00</data></match></read>
    <read><length>4</length><match><data>\x00\x00\x00\x00</data></match></read>
    <read><length>4</length><match><data>\x02\x00\x00\x00</data></match></read>
    <read><length>4</length><match><data>\x07\x00\x00\x00</data></match></read>
    <read><length>4</length><match><data>\x00\x00\x00\x00</data></match></read>
    <read><length>4</length><match><data>\x06\x00\x00\x00</data></match></read>
    <read><length>4</length><match><data>\x03\x00\x00\x00</data></match></read>
    <read><length>4</length><match><data>\x00\x00\x00\x00</data></match></read>
    <read><length>4</length><match><data>\x00\x00\x00\x00</data></match></read>
    <read><length>4</length><match><data>\x00\x00\x00\x00</data></match></read>
    <read><length>4</length><match><data>\x00\x00\x00\x00</data></match></read>
    <read><length>4</length><match><data>\x00\x00\x00\x00</data></match></read>
    <read><length>4</length><match><data>\x00\x00\x00\x00</data></match></read>
    <read><length>4</length><match><data>\x00\x00\x00\x00</data></match></read>
    <read><length>4</length><match><data>\x00\x00\x00\x00</data></match></read>
    <read><length>4</length><match><data>\x00\x00\x00\x00</data></match></read>
    <read><length>4</length><match><data>\x02\x00\x00\x00</data></match></read>
    <read><length>4</length><match><data>\x03\x00\x00\x00</data></match></read>
    <read><length>4</length><match><data>\x08\x00\x00\x00</data></match></read>
    <read><length>4</length><match><data>\x06\x00\x00\x00</data></match></read>
    <read><length>4</length><match><data>\x09\x00\x00\x00</data></match></read>
    <read><length>4</length><match><data>\x05\x00\x00\x00</data></match></read>
    <read><length>4</length><match><data>\x01\x00\x00\x00</data></match></read>
    <read><length>4</length><match><data>\x07\x00\x00\x00</data></match></read>
    <read><length>4</length><match><data>\x04\x00\x00\x00</data></match></read>
    <write><data>\x06\x00\x00\x00</data></write>
    <write><data>p\x00\x00\x00</data></write>
    <read><length>4</length><match><data>j\x00\x00\x00</data></match></read>
    <write><data>\x01\x00\x00\x00</data></write>
    <read><length>4</length><match><data>e\x00\x00\x00</data></match></read>
    <read><length>4</length><match><data>D\x01\x00\x00</data></match></read>
    <read><length>4</length><match><data>\x08\x00\x00\x00</data></match></read>
    <read><length>4</length><match><data>\x02\x00\x00\x00</data></match></read>
    <read><length>4</length><match><data>\x00\x00\x00\x00</data></match></read>
    <read><length>4</length><match><data>\x00\x00\x00\x00</data></match></read>
    <read><length>4</length><match><data>\x00\x00\x00\x00</data></match></read>
    <read><length>4</length><match><data>\x03\x00\x00\x00</data></match></read>
    <read><length>4</length><match><data>\x00\x00\x00\x00</data></match></read>
    <read><length>4</length><match><data>\x01\x00\x00\x00</data></match></read>
    <read><length>4</length><match><data>\x06\x00\x00\x00</data></match></read>
    <read><length>4</length><match><data>\x00\x00\x00\x00</data></match></read>
    <read><length>4</length><match><data>\x00\x00\x00\x00</data></match></read>
    <read><length>4</length><match><data>\x01\x00\x00\x00</data></match></read>
    <read><length>4</length><match><data>\x08\x00\x00\x00</data></match></read>
    <read><length>4</length><match><data>\x00\x00\x00\x00</data></match></read>
    <read><length>4</length><match><data>\x05\x00\x00\x00</data></match></read>
    <read><length>4</length><match><data>\x02\x00\x00\x00</data></match></read>
    <read><length>4</length><match><data>\x03\x00\x00\x00</data></match></read>
    <read><length>4</length><match><data>\x00\x00\x00\x00</data></match></read>
    <read><length>4</length><match><data>\x00\x00\x00\x00</data></match></read>
    <read><length>4</length><match><data>\x00\x00\x00\x00</data></match></read>
    <read><length>4</length><match><data>\x00\x00\x00\x00</data></match></read>
    <read><length>4</length><match><data>\x00\x00\x00\x00</data></match></read>
    <read><length>4</length><match><data>\x02\x00\x00\x00</data></match></read>
    <read><length>4</length><match><data>\x01\x00\x00\x00</data></match></read>
    <read><length>4</length><match><data>\x08\x00\x00\x00</data></match></read>
    <read><length>4</length><match><data>\x05\x00\x00\x00</data></match></read>
    <read><length>4</length><match><data>\x07\x00\x00\x00</data></match></read>
    <read><length>4</length><match><data>\x06\x00\x00\x00</data></match></read>
    <read><length>4</length><match><data>\x00\x00\x00\x00</data></match></read>
    <read><length>4</length><match><data>\x00\x00\x00\x00</data></match></read>
    <read><length>4</length><match><data>\x00\x00\x00\x00</data></match></read>
    <read><length>4</length><match><data>\x00\x00\x00\x00</data></match></read>
    <read><length>4</length><match><data>\x00\x00\x00\x00</data></match></read>
    <read><length>4</length><match><data>\x00\x00\x00\x00</data></match></read>
    <read><length>4</length><match><data>\x00\x00\x00\x00</data></match></read>
    <read><length>4</length><match><data>\x05\x00\x00\x00</data></match></read>
    <read><length>4</length><match><data>\x00\x00\x00\x00</data></match></read>
    <read><length>4</length><match><data>\x01\x00\x00\x00</data></match></read>
    <read><length>4</length><match><data>\x00\x00\x00\x00</data></match></read>
    <read><length>4</length><match><data>\x00\x00\x00\x00</data></match></read>
    <read><length>4</length><match><data>\x06\x00\x00\x00</data></match></read>
    <read><length>4</length><match><data>\x02\x00\x00\x00</data></match></read>
    <read><length>4</length><match><data>\x04\x00\x00\x00</data></match></read>
    <read><length>4</length><match><data>\x00\x00\x00\x00</data></match></read>
    <read><length>4</length><match><data>\x00\x00\x00\x00</data></match></read>
    <read><length>4</length><match><data>\x00\x00\x00\x00</data></match></read>
    <read><length>4</length><match><data>\x00\x00\x00\x00</data></match></read>
    <read><length>4</length><match><data>\x00\x00\x00\x00</data></match></read>
    <read><length>4</length><match><data>\x00\x00\x00\x00</data></match></read>
    <read><length>4</length><match><data>\x03\x00\x00\x00</data></match></read>
    <read><length>4</length><match><data>\x04\x00\x00\x00</data></match></read>
    <read><length>4</length><match><data>\x06\x00\x00\x00</data></match></read>
    <read><length>4</length><match><data>\x07\x00\x00\x00</data></match></read>
    <read><length>4</length><match><data>\x00\x00\x00\x00</data></match></read>
    <read><length>4</length><match><data>\x00\x00\x00\x00</data></match></read>
    <read><length>4</length><match><data>\x04\x00\x00\x00</data></match></read>
    <read><length>4</length><match><data>\x06\x00\x00\x00</data></match></read>
    <read><length>4</length><match><data>\x00\x00\x00\x00</data></match></read>
    <read><length>4</length><match><data>\x05\x00\x00\x00</data></match></read>
    <read><length>4</length><match><data>\x00\x00\x00\x00</data></match></read>
    <read><length>4</length><match><data>\x01\x00\x00\x00</data></match></read>
    <read><length>4</length><match><data>\x08\x00\x00\x00</data></match></read>
    <read><length>4</length><match><data>\x09\x00\x00\x00</data></match></read>
    <read><length>4</length><match><data>\x00\x00\x00\x00</data></match></read>
    <read><length>4</length><match><data>\x00\x00\x00\x00</data></match></read>
    <read><length>4</length><match><data>\x08\x00\x00\x00</data></match></read>
    <read><length>4</length><match><data>\x02\x00\x00\x00</data></match></read>
    <read><length>4</length><match><data>\x01\x00\x00\x00</data></match></read>
    <read><length>4</length><match><data>\x06\x00\x00\x00</data></match></read>
    <read><length>4</length><match><data>\x07\x00\x00\x00</data></match></read>
    <read><length>4</length><match><data>\x04\x00\x00\x00</data></match></read>
    <read><length>4</length><match><data>\x03\x00\x00\x00</data></match></read>
    <read><length>4</length><match><data>\x01\x00\x00\x00</data></match></read>
    <read><length>4</length><match><data>\x07\x00\x00\x00</data></match></read>
    <read><length>4</length><match><data>\x00\x00\x00\x00</data></match></read>
    <read><length>4</length><match><data>\x04\x00\x00\x00</data></match></read>
    <read><length>4</length><match><data>\x08\x00\x00\x00</data></match></read>
    <read><length>4</length><match><data>\x09\x00\x00\x00</data></match></read>
    <read><length>4</length><match><data>\x05\x00\x00\x00</data></match></read>
    <read><length>4</length><match><data>\x06\x00\x00\x00</data></match></read>
    <read><length>4</length><match><data>\x02\x00\x00\x00</data></match></read>
    <write><data>\x01\x00\x00\x00</data></write>
    <read><length>4</length><match><data>e\x00\x00\x00</data></match></read>
    <read><length>4</length><match><data>D\x01\x00\x00</data></match></read>
    <read><length>4</length><match><data>\x00\x00\x00\x00</data></match></read>
    <read><length>4</length><match><data>\x00\x00\x00\x00</data></match></read>
    <read><length>4</length><match><data>\x00\x00\x00\x00</data></match></read>
    <read><length>4</length><match><data>\x00\x00\x00\x00</data></match></read>
    <read><length>4</length><match><data>\x00\x00\x00\x00</data></match></read>
    <read><length>4</length><match><data>\x02\x00\x00\x00</data></match></read>
    <read><length>4</length><match><data>\x00\x00\x00\x00</data></match></read>
    <read><length>4</length><match><data>\x06\x00\x00\x00</data></match></read>
    <read><length>4</length><match><data>\x00\x00\x00\x00</data></match></read>
    <read><length>4</length><match><data>\x05\x00\x00\x00</data></match></read>
    <read><length>4</length><match><data>\x00\x00\x00\x00</data></match></read>
    <read><length>4</length><match><data>\x06\x00\x00\x00</data></match></read>
    <read><length>4</length><match><data>\x00\x00\x00\x00</data></match></read>
    <read><length>4</length><match><data>\x00\x00\x00\x00</data></match></read>
    <read><length>4</length><match><data>\x08\x00\x00\x00</data></match></read>
    <read><length>4</length><match><data>\x01\x00\x00\x00</data></match></read>
    <read><length>4</length><match><data>\x02\x00\x00\x00</data></match></read>
    <read><length>4</length><match><data>\x03\x00\x00\x00</data></match></read>
    <read><length>4</length><match><data>\x00\x00\x00\x00</data></match></read>
    <read><length>4</length><match><data>\x00\x00\x00\x00</data></match></read>
    <read><length>4</length><match><data>\x08\x00\x00\x00</data></match></read>
    <read><length>4</length><match><data>\x01\x00\x00\x00</data></match></read>
    <read><length>4</length><match><data>\x00\x00\x00\x00</data></match></read>
    <read><length>4</length><match><data>\x00\x00\x00\x00</data></match></read>
    <read><length>4</length><match><data>\x05\x00\x00\x00</data></match></read>
    <read><length>4</length><match><data>\x00\x00\x00\x00</data></match></read>
    <read><length>4</length><match><data>\x00\x00\x00\x00</data></match></read>
    <read><length>4</length><match><data>\x00\x00\x00\x00</data></match></read>
    <read><length>4</length><match><data>\x00\x00\x00\x00</data></match></read>
    <read><length>4</length><match><data>\x00\x00\x00\x00</data></match></read>
    <read><length>4</length><match><data>\x05\x00\x00\x00</data></match></read>
    <read><length>4</length><match><data>\x00\x00\x00\x00</data></match></read>
    <read><length>4</length><match><data>\x00\x00\x00\x00</data></match></read>
    <read><length>4</length><match><data>\x07\x00\x00\x00</data></match></read>
    <read><length>4</length><match><data>\x01\x00\x00\x00</data></match></read>
    <read><length>4</length><match><data>\x00\x00\x00\x00</data></match></read>
    <read><length>4</length><match><data>\x01\x00\x00\x00</data></match></read>
    <read><length>4</length><match><data>\x05\x00\x00\x00</data></match></read>
    <read><length>4</length><match><data>\x09\x00\x00\x00</data></match></read>
    <read><length>4</length><match><data>\x06\x00\x00\x00</data></match></read>
    <read><length>4</length><match><data>\x04\x00\x00\x00</data></match></read>
    <read><length>4</length><match><data>\x00\x00\x00\x00</data></match></read>
    <read><length>4</length><match><data>\x00\x00\x00\x00</data></match></read>
    <read><length>4</length><match><data>\x03\x00\x00\x00</data></match></read>
    <read><length>4</length><match><data>\x08\x00\x00\x00</data></match></read>
    <read><length>4</length><match><data>\x00\x00\x00\x00</data></match></read>
    <read><length>4</length><match><data>\x06\x00\x00\x00</data></match></read>
    <read><length>4</length><match><data>\x02\x00\x00\x00</data></match></read>
    <read><length>4</length><match><data>\x00\x00\x00\x00</data></match></read>
    <read><length>4</length><match><data>\x08\x00\x00\x00</data></match></read>
    <read><length>4</length><match><data>\x01\x00\x00\x00</data></match></read>
    <read><length>4</length><match><data>\x04\x00\x00\x00</data></match></read>
    <read><length>4</length><match><data>\x09\x00\x00\x00</data></match></read>
    <read><length>4</length><match><data>\x05\x00\x00\x00</data></match></read>
    <read><length>4</length><match><data>\x03\x00\x00\x00</data></match></read>
    <read><length>4</length><match><data>\x08\x00\x00\x00</data></match></read>
    <read><length>4</length><match><data>\x05\x00\x00\x00</data></match></read>
    <read><length>4</length><match><data>\x02\x00\x00\x00</data></match></read>
    <read><length>4</length><match><data>\x00\x00\x00\x00</data></match></read>
    <read><length>4</length><match><data>\x06\x00\x00\x00</data></match></read>
    <read><length>4</length><match><data>\x09\x00\x00\x00</data></match></read>
    <read><length>4</length><match><data>\x00\x00\x00\x00</data></match></read>
    <read><length>4</length><match><data>\x04\x00\x00\x00</data></match></read>
    <read><length>4</length><match><data>\x00\x00\x00\x00</data></match></read>
    <read><length>4</length><match><data>\x02\x00\x00\x00</data></match></read>
    <read><length>4</length><match><data>\x04\x00\x00\x00</data></match></read>
    <read><length>4</length><match><data>\x07\x00\x00\x00</data></match></read>
    <read><length>4</length><match><data>\x00\x00\x00\x00</data></match></read>
    <read><length>4</length><match><data>\x05\x00\x00\x00</data></match></read>
    <read><length>4</length><match><data>\x06\x00\x00\x00</data></match></read>
    <read><length>4</length><match><data>\x08\x00\x00\x00</data></match></read>
    <read><length>4</length><match><data>\x00\x00\x00\x00</data></match></read>
    <read><length>4</length><match><data>\x00\x00\x00\x00</data></match></read>
    <read><length>4</length><match><data>\x00\x00\x00\x00</data></match></read>
    <read><length>4</length><match><data>\x07\x00\x00\x00</data></match></read>
    <read><length>4</length><match><data>\x00\x00\x00\x00</data></match></read>
    <read><length>4</length><match><data>\x00\x00\x00\x00</data></match></read>
    <read><length>4</length><match><data>\x00\x00\x00\x00</data></match></read>
    <read><length>4</length><match><data>\x00\x00\x00\x00</data></match></read>
    <read><length>4</length><match><data>\x05\x00\x00\x00</data></match></read>
    <read><length>4</length><match><data>\x02\x00\x00\x00</data></match></read>
    <write><data>\x04\x00\x00\x00</data></write>
    <write><data>Q\x00\x00\x00</data></write>
    <write><data>\x04\x00\x00\x00</data></write>
    <write><data>\x03\x00\x00\x00</data></write>
    <write><data>\x01\x00\x00\x00</data></write>
    <write><data>\x09\x00\x00\x00</data></write>
    <write><data>\x05\x00\x00\x00</data></write>
    <write><data>\x02\x00\x00\x00</data></write>
    <write><data>\x08\x00\x00\x00</data></write>
    <write><data>\x06\x00\x00\x00</data></write>
    <write><data>\x07\x00\x00\x00</data></write>
    <write><data>\x05\x00\x00\x00</data></write>
    <write><data>\x09\x00\x00\x00</data></write>
    <write><data>\x06\x00\x00\x00</data></write>
    <write><data>\x04\x00\x00\x00</data></write>
    <write><data>\x07\x00\x00\x00</data></write>
    <write><data>\x08\x00\x00\x00</data></write>
    <write><data>\x01\x00\x00\x00</data></write>
    <write><data>\x02\x00\x00\x00</data></write>
    <write><data>\x03\x00\x00\x00</data></write>
    <write><data>\x02\x00\x00\x00</data></write>
    <write><data>\x07\x00\x00\x00</data></write>
    <write><data>\x08\x00\x00\x00</data></write>
    <write><data>\x01\x00\x00\x00</data></write>
    <write><data>\x06\x00\x00\x00</data></write>
    <write><data>\x03\x00\x00\x00</data></write>
    <write><data>\x05\x00\x00\x00</data></write>
    <write><data>\x04\x00\x00\x00</data></write>
    <write><data>\x09\x00\x00\x00</data></write>
    <write><data>\x08\x00\x00\x00</data></write>
    <write><data>\x04\x00\x00\x00</data></write>
    <write><data>\x03\x00\x00\x00</data></write>
    <write><data>\x05\x00\x00\x00</data></write>
    <write><data>\x02\x00\x00\x00</data></write>
    <write><data>\x09\x00\x00\x00</data></write>
    <write><data>\x07\x00\x00\x00</data></write>
    <write><data>\x01\x00\x00\x00</data></write>
    <write><data>\x06\x00\x00\x00</data></write>
    <write><data>\x01\x00\x00\x00</data></write>
    <write><data>\x05\x00\x00\x00</data></write>
    <write><data>\x09\x00\x00\x00</data></write>
    <write><data>\x06\x00\x00\x00</data></write>
    <write><data>\x04\x00\x00\x00</data></write>
    <write><data>\x07\x00\x00\x00</data></write>
    <write><data>\x02\x00\x00\x00</data></write>
    <write><data>\x03\x00\x00\x00</data></write>
    <write><data>\x08\x00\x00\x00</data></write>
    <write><data>\x07\x00\x00\x00</data></write>
    <write><data>\x06\x00\x00\x00</data></write>
    <write><data>\x02\x00\x00\x00</data></write>
    <write><data>\x03\x00\x00\x00</data></write>
    <write><data>\x08\x00\x00\x00</data></write>
    <write><data>\x01\x00\x00\x00</data></write>
    <write><data>\x04\x00\x00\x00</data></write>
    <write><data>\x09\x00\x00\x00</data></write>
    <write><data>\x05\x00\x00\x00</data></write>
    <write><data>\x03\x00\x00\x00</data></write>
    <write><data>\x08\x00\x00\x00</data></write>
    <write><data>\x05\x00\x00\x00</data></write>
    <write><data>\x02\x00\x00\x00</data></write>
    <write><data>\x01\x00\x00\x00</data></write>
    <write><data>\x06\x00\x00\x00</data></write>
    <write><data>\x09\x00\x00\x00</data></write>
    <write><data>\x07\x00\x00\x00</data></write>
    <write><data>\x04\x00\x00\x00</data></write>
    <write><data>\x09\x00\x00\x00</data></write>
    <write><data>\x02\x00\x00\x00</data></write>
    <write><data>\x04\x00\x00\x00</data></write>
    <write><data>\x07\x00\x00\x00</data></write>
    <write><data>\x03\x00\x00\x00</data></write>
    <write><data>\x05\x00\x00\x00</data></write>
    <write><data>\x06\x00\x00\x00</data></write>
    <write><data>\x08\x00\x00\x00</data></write>
    <write><data>\x01\x00\x00\x00</data></write>
    <write><data>\x06\x00\x00\x00</data></write>
    <write><data>\x01\x00\x00\x00</data></write>
    <write><data>\x07\x00\x00\x00</data></write>
    <write><data>\x08\x00\x00\x00</data></write>
    <write><data>\x09\x00\x00\x00</data></write>
    <write><data>\x04\x00\x00\x00</data></write>
    <write><data>\x03\x00\x00\x00</data></write>
    <write><data>\x05\x00\x00\x00</data></write>
    <write><data>\x02\x00\x00\x00</data></write>
    <read><length>4</length><match><data>h\x00\x00\x00</data></match></read>
    <write><data>\x05\x00\x00\x00</data></write>
    <write><data>\x2c\x00\x00\x00</data></write>
    <read><length>4</length><match><data>i\x00\x00\x00</data></match></read>
    <write><data>\x05\x00\x00\x00</data></write>
    <write><data>\x29\x00\x00\x00</data></write>
    <read><length>4</length><match><data>i\x00\x00\x00</data></match></read>
    <write><data>\x04\x00\x00\x00</data></write>
    <read><length>4</length><match><data>\xc9\x00\x00\x00</data></match></read>
    <write><data>\x03\x00\x00\x00</data></write>
    <read><length>4</length><match><data>\xc9\x00\x00\x00</data></match></read>
    <write><data>\x03\x00\x00\x00</data></write>
    <read><length>4</length><match><data>\xc9\x00\x00\x00</data></match></read>
    <write><data>\x04\x00\x00\x00</data></write>
    <read><length>4</length><match><data>\xc9\x00\x00\x00</data></match></read>
    <write><data>\x02\x00\x00\x00</data></write>
    <read><length>4</length><match><data>f\x00\x00\x00</data></match></read>
    <read><length>4</length><match><data>\x28\x00\x00\x00</data></match></read>
    <read><length>4</length><match><data>2\x00\x00\x00</data></match></read>
    <write><data>\x01\x00\x00\x00</data></write>
    <read><length>4</length><match><data>e\x00\x00\x00</data></match></read>
    <read><length>4</length><match><data>D\x01\x00\x00</data></match></read>
    <read><length>4</length><match><data>\x00\x00\x00\x00</data></match></read>
    <read><length>4</length><match><data>\x03\x00\x00\x00</data></match></read>
    <read><length>4</length><match><data>\x00\x00\x00\x00</data></match></read>
    <read><length>4</length><match><data>\x00\x00\x00\x00</data></match></read>
    <read><length>4</length><match><data>\x00\x00\x00\x00</data></match></read>
    <read><length>4</length><match><data>\x00\x00\x00\x00</data></match></read>
    <read><length>4</length><match><data>\x00\x00\x00\x00</data></match></read>
    <read><length>4</length><match><data>\x00\x00\x00\x00</data></match></read>
    <read><length>4</length><match><data>\x00\x00\x00\x00</data></match></read>
    <read><length>4</length><match><data>\x00\x00\x00\x00</data></match></read>
    <read><length>4</length><match><data>\x00\x00\x00\x00</data></match></read>
    <read><length>4</length><match><data>\x00\x00\x00\x00</data></match></read>
    <read><length>4</length><match><data>\x00\x00\x00\x00</data></match></read>
    <read><length>4</length><match><data>\x00\x00\x00\x00</data></match></read>
    <read><length>4</length><match><data>\x05\x00\x00\x00</data></match></read>
    <read><length>4</length><match><data>\x00\x00\x00\x00</data></match></read>
    <read><length>4</length><match><data>\x04\x00\x00\x00</data></match></read>
    <read><length>4</length><match><data>\x06\x00\x00\x00</data></match></read>
    <read><length>4</length><match><data>\x09\x00\x00\x00</data></match></read>
    <read><length>4</length><match><data>\x00\x00\x00\x00</data></match></read>
    <read><length>4</length><match><data>\x00\x00\x00\x00</data></match></read>
    <read><length>4</length><match><data>\x00\x00\x00\x00</data></match></read>
    <read><length>4</length><match><data>\x00\x00\x00\x00</data></match></read>
    <read><length>4</length><match><data>\x00\x00\x00\x00</data></match></read>
    <read><length>4</length><match><data>\x05\x00\x00\x00</data></match></read>
    <read><length>4</length><match><data>\x08\x00\x00\x00</data></match></read>
    <read><length>4</length><match><data>\x03\x00\x00\x00</data></match></read>
    <read><length>4</length><match><data>\x00\x00\x00\x00</data></match></read>
    <read><length>4</length><match><data>\x05\x00\x00\x00</data></match></read>
    <read><length>4</length><match><data>\x02\x00\x00\x00</data></match></read>
    <read><length>4</length><match><data>\x01\x00\x00\x00</data></match></read>
    <read><length>4</length><match><data>\x00\x00\x00\x00</data></match></read>
    <read><length>4</length><match><data>\x00\x00\x00\x00</data></match></read>
    <read><length>4</length><match><data>\x00\x00\x00\x00</data></match></read>
    <read><length>4</length><match><data>\x09\x00\x00\x00</data></match></read>
    <read><length>4</length><match><data>\x04\x00\x00\x00</data></match></read>
    <read><length>4</length><match><data>\x00\x00\x00\x00</data></match></read>
    <read><length>4</length><match><data>\x09\x00\x00\x00</data></match></read>
    <read><length>4</length><match><data>\x07\x00\x00\x00</data></match></read>
    <read><length>4</length><match><data>\x05\x00\x00\x00</data></match></read>
    <read><length>4</length><match><data>\x06\x00\x00\x00</data></match></read>
    <read><length>4</length><match><data>\x04\x00\x00\x00</data></match></read>
    <read><length>4</length><match><data>\x08\x00\x00\x00</data></match></read>
    <read><length>4</length><match><data>\x01\x00\x00\x00</data></match></read>
    <read><length>4</length><match><data>\x02\x00\x00\x00</data></match></read>
    <read><length>4</length><match><data>\x04\x00\x00\x00</data></match></read>
    <read><length>4</length><match><data>\x00\x00\x00\x00</data></match></read>
    <read><length>4</length><match><data>\x08\x00\x00\x00</data></match></read>
    <read><length>4</length><match><data>\x09\x00\x00\x00</data></match></read>
    <read><length>4</length><match><data>\x00\x00\x00\x00</data></match></read>
    <read><length>4</length><match><data>\x00\x00\x00\x00</data></match></read>
    <read><length>4</length><match><data>\x00\x00\x00\x00</data></match></read>
    <read><length>4</length><match><data>\x00\x00\x00\x00</data></match></read>
    <read><length>4</length><match><data>\x05\x00\x00\x00</data></match></read>
    <read><length>4</length><match><data>\x07\x00\x00\x00</data></match></read>
    <read><length>4</length><match><data>\x00\x00\x00\x00</data></match></read>
    <read><length>4</length><match><data>\x00\x00\x00\x00</data></match></read>
    <read><length>4</length><match><data>\x00\x00\x00\x00</data></match></read>
    <read><length>4</length><match><data>\x03\x00\x00\x00</data></match></read>
    <read><length>4</length><match><data>\x01\x00\x00\x00</data></match></read>
    <read><length>4</length><match><data>\x09\x00\x00\x00</data></match></read>
    <read><length>4</length><match><data>\x06\x00\x00\x00</data></match></read>
    <read><length>4</length><match><data>\x08\x00\x00\x00</data></match></read>
    <read><length>4</length><match><data>\x08\x00\x00\x00</data></match></read>
    <read><length>4</length><match><data>\x00\x00\x00\x00</data></match></read>
    <read><length>4</length><match><data>\x09\x00\x00\x00</data></match></read>
    <read><length>4</length><match><data>\x00\x00\x00\x00</data></match></read>
    <read><length>4</length><match><data>\x05\x00\x00\x00</data></match></read>
    <read><length>4</length><match><data>\x07\x00\x00\x00</data></match></read>
    <read><length>4</length><match><data>\x04\x00\x00\x00</data></match></read>
    <read><length>4</length><match><data>\x00\x00\x00\x00</data></match></read>
    <read><length>4</length><match><data>\x00\x00\x00\x00</data></match></read>
    <read><length>4</length><match><data>\x00\x00\x00\x00</data></match></read>
    <read><length>4</length><match><data>\x06\x00\x00\x00</data></match></read>
    <read><length>4</length><match><data>\x03\x00\x00\x00</data></match></read>
    <read><length>4</length><match><data>\x08\x00\x00\x00</data></match></read>
    <read><length>4</length><match><data>\x04\x00\x00\x00</data></match></read>
    <read><length>4</length><match><data>\x09\x00\x00\x00</data></match></read>
    <read><length>4</length><match><data>\x00\x00\x00\x00</data></match></read>
    <read><length>4</length><match><data>\x00\x00\x00\x00</data></match></read>
    <read><length>4</length><match><data>\x00\x00\x00\x00</data></match></read>
    <write><data>\x02\x00\x00\x00</data></write>
    <read><length>4</length><match><data>f\x00\x00\x00</data></match></read>
    <read><length>4</length><match><data>\x28\x00\x00\x00</data></match></read>
    <read><length>4</length><match><data>2\x00\x00\x00</data></match></read>
    <write><data>\x03\x00\x00\x00</data></write>
    <read><length>4</length><match><data>g\x00\x00\x00</data></match></read>
    <read><length>4</length><match><data>D\x01\x00\x00</data></match></read>
    <read><length>4</length><match><data>\x05\x00\x00\x00</data></match></read>
    <read><length>4</length><match><data>\x03\x00\x00\x00</data></match></read>
    <read><length>4</length><match><data>\x04\x00\x00\x00</data></match></read>
    <read><length>4</length><match><data>\x07\x00\x00\x00</data></match></read>
    <read><length>4</length><match><data>\x08\x00\x00\x00</data></match></read>
    <read><length>4</length><match><data>\x06\x00\x00\x00</data></match></read>
    <read><length>4</length><match><data>\x01\x00\x00\x00</data></match></read>
    <read><length>4</length><match><data>\x02\x00\x00\x00</data></match></read>
    <read><length>4</length><match><data>\x09\x00\x00\x00</data></match></read>
    <read><length>4</length><match><data>\x02\x00\x00\x00</data></match></read>
    <read><length>4</length><match><data>\x08\x00\x00\x00</data></match></read>
    <read><length>4</length><match><data>\x01\x00\x00\x00</data></match></read>
    <read><length>4</length><match><data>\x03\x00\x00\x00</data></match></read>
    <read><length>4</length><match><data>\x09\x00\x00\x00</data></match></read>
    <read><length>4</length><match><data>\x05\x00\x00\x00</data></match></read>
    <read><length>4</length><match><data>\x07\x00\x00\x00</data></match></read>
    <read><length>4</length><match><data>\x04\x00\x00\x00</data></match></read>
    <read><length>4</length><match><data>\x06\x00\x00\x00</data></match></read>
    <read><length>4</length><match><data>\x09\x00\x00\x00</data></match></read>
    <read><length>4</length><match><data>\x07\x00\x00\x00</data></match></read>
    <read><length>4</length><match><data>\x06\x00\x00\x00</data></match></read>
    <read><length>4</length><match><data>\x04\x00\x00\x00</data></match></read>
    <read><length>4</length><match><data>\x01\x00\x00\x00</data></match></read>
    <read><length>4</length><match><data>\x02\x00\x00\x00</data></match></read>
    <read><length>4</length><match><data>\x05\x00\x00\x00</data></match></read>
    <read><length>4</length><match><data>\x08\x00\x00\x00</data></match></read>
    <read><length>4</length><match><data>\x03\x00\x00\x00</data></match></read>
    <read><length>4</length><match><data>\x06\x00\x00\x00</data></match></read>
    <read><length>4</length><match><data>\x05\x00\x00\x00</data></match></read>
    <read><length>4</length><match><data>\x02\x00\x00\x00</data></match></read>
    <read><length>4</length><match><data>\x01\x00\x00\x00</data></match></read>
    <read><length>4</length><match><data>\x07\x00\x00\x00</data></match></read>
    <read><length>4</length><match><data>\x08\x00\x00\x00</data></match></read>
    <read><length>4</length><match><data>\x03\x00\x00\x00</data></match></read>
    <read><length>4</length><match><data>\x09\x00\x00\x00</data></match></read>
    <read><length>4</length><match><data>\x04\x00\x00\x00</data></match></read>
    <read><length>4</length><match><data>\x03\x00\x00\x00</data></match></read>
    <read><length>4</length><match><data>\x09\x00\x00\x00</data></match></read>
    <read><length>4</length><match><data>\x07\x00\x00\x00</data></match></read>
    <read><length>4</length><match><data>\x05\x00\x00\x00</data></match></read>
    <read><length>4</length><match><data>\x06\x00\x00\x00</data></match></read>
    <read><length>4</length><match><data>\x04\x00\x00\x00</data></match></read>
    <read><length>4</length><match><data>\x08\x00\x00\x00</data></match></read>
    <read><length>4</length><match><data>\x01\x00\x00\x00</data></match></read>
    <read><length>4</length><match><data>\x02\x00\x00\x00</data></match></read>
    <read><length>4</length><match><data>\x04\x00\x00\x00</data></match></read>
    <read><length>4</length><match><data>\x01\x00\x00\x00</data></match></read>
    <read><length>4</length><match><data>\x08\x00\x00\x00</data></match></read>
    <read><length>4</length><match><data>\x09\x00\x00\x00</data></match></read>
    <read><length>4</length><match><data>\x02\x00\x00\x00</data></match></read>
    <read><length>4</length><match><data>\x03\x00\x00\x00</data></match></read>
    <read><length>4</length><match><data>\x06\x00\x00\x00</data></match></read>
    <read><length>4</length><match><data>\x07\x00\x00\x00</data></match></read>
    <read><length>4</length><match><data>\x05\x00\x00\x00</data></match></read>
    <read><length>4</length><match><data>\x07\x00\x00\x00</data></match></read>
    <read><length>4</length><match><data>\x04\x00\x00\x00</data></match></read>
    <read><length>4</length><match><data>\x05\x00\x00\x00</data></match></read>
    <read><length>4</length><match><data>\x02\x00\x00\x00</data></match></read>
    <read><length>4</length><match><data>\x03\x00\x00\x00</data></match></read>
    <read><length>4</length><match><data>\x01\x00\x00\x00</data></match></read>
    <read><length>4</length><match><data>\x09\x00\x00\x00</data></match></read>
    <read><length>4</length><match><data>\x06\x00\x00\x00</data></match></read>
    <read><length>4</length><match><data>\x08\x00\x00\x00</data></match></read>
    <read><length>4</length><match><data>\x08\x00\x00\x00</data></match></read>
    <read><length>4</length><match><data>\x02\x00\x00\x00</data></match></read>
    <read><length>4</length><match><data>\x09\x00\x00\x00</data></match></read>
    <read><length>4</length><match><data>\x06\x00\x00\x00</data></match></read>
    <read><length>4</length><match><data>\x05\x00\x00\x00</data></match></read>
    <read><length>4</length><match><data>\x07\x00\x00\x00</data></match></read>
    <read><length>4</length><match><data>\x04\x00\x00\x00</data></match></read>
    <read><length>4</length><match><data>\x03\x00\x00\x00</data></match></read>
    <read><length>4</length><match><data>\x01\x00\x00\x00</data></match></read>
    <read><length>4</length><match><data>\x01\x00\x00\x00</data></match></read>
    <read><length>4</length><match><data>\x06\x00\x00\x00</data></match></read>
    <read><length>4</length><match><data>\x03\x00\x00\x00</data></match></read>
    <read><length>4</length><match><data>\x08\x00\x00\x00</data></match></read>
    <read><length>4</length><match><data>\x04\x00\x00\x00</data></match></read>
    <read><length>4</length><match><data>\x09\x00\x00\x00</data></match></read>
    <read><length>4</length><match><data>\x02\x00\x00\x00</data></match></read>
    <read><length>4</length><match><data>\x05\x00\x00\x00</data></match></read>
    <read><length>4</length><match><data>\x07\x00\x00\x00</data></match></read>
    <write><data>\x00\x00\x00\x00</data></write>
    <read><length>4</length><match><data>d\x00\x00\x00</data></match></read>
</replay>
</pov>