<?xml version="1.0" standalone="no" ?>
<!DOCTYPE pov SYSTEM "/usr/share/cgc-docs/replay.dtd">
<pov>
<cbid>service</cbid>
<seed>a0cb3079788f4b567428af352d9dc1a735e7b38c0840b385a8b6451a2826ac5da2f7c8d65b8300810e7237d2df958eeb</seed>
<replay>
    <read><delim>\x0a</delim><match><data>Welcome to the hug gambling server.</data></match></read>
    <read><delim>\x0a</delim><match><data>What is your name?</data></match></read>
    <write><data>qpZbmsAybX\x0a</data></write>
    <read><delim>. </delim><match><data>Hi qpZbmsAybX</data></match></read>
    <read><delim>\x0a</delim><match><data>You have 1000 hugs. Shall we play a game?</data></match></read>
    <read><delim>\x0a</delim><match><data>1. Coin Flip</data></match></read>
    <read><delim>\x0a</delim><match><data>2. Hangman</data></match></read>
    <read><delim>\x0a</delim><match><data>3. Dice game</data></match></read>
    <read><delim>\x0a</delim><match><data>4. War</data></match></read>
    <read><delim>\x0a</delim><match><data>q. Quit</data></match></read>
    <write><data>2\x0a</data></write>
    <read><delim>? </delim><match><data>How much would you like to wager</data></match></read>
    <write><data>750\x0a</data></write>
    <read><length>21</length><match><data>\x7c\x2d\x2d\x2d\x7c\x0a\x7c\x0a\x7c\x0a\x7c\x0a\x7c\x0a\x5f\x5f\x5f\x5f\x5f\x5f\x0a</data></match></read>
    <read><delim>\x0a</delim><match><data>\x5f\x5f\x5f\x5f\x5f\x5f\x5f\x5f\x5f\x5f</data></match></read>
    <read><delim>: </delim><match><data>Please enter a guess</data></match></read>
    <write><data>c\x0a</data></write>
    <read><length>21</length><match><data>\x7c\x2d\x2d\x2d\x7c\x0a\x7c\x0a\x7c\x0a\x7c\x0a\x7c\x0a\x5f\x5f\x5f\x5f\x5f\x5f\x0a</data></match></read>
    <read><delim>\x0a</delim><match><data>\x5f\x5f\x5f\x5f\x5f\x5fc\x5f\x5f\x5f</data></match></read>
    <read><delim>: </delim><match><data>Please enter a guess</data></match></read>
    <write><data>e\x0a</data></write>
    <read><length>21</length><match><data>\x7c\x2d\x2d\x2d\x7c\x0a\x7c\x0a\x7c\x0a\x7c\x0a\x7c\x0a\x5f\x5f\x5f\x5f\x5f\x5f\x0a</data></match></read>
    <read><delim>\x0a</delim><match><data>\x5f\x5fe\x5f\x5f\x5fce\x5f\x5f</data></match></read>
    <read><delim>: </delim><match><data>Please enter a guess</data></match></read>
    <write><data>f\x0a</data></write>
    <read><length>21</length><match><data>\x7c\x2d\x2d\x2d\x7c\x0a\x7c\x0a\x7c\x0a\x7c\x0a\x7c\x0a\x5f\x5f\x5f\x5f\x5f\x5f\x0a</data></match></read>
    <read><delim>\x0a</delim><match><data>\x5f\x5fef\x5f\x5fce\x5f\x5f</data></match></read>
    <read><delim>: </delim><match><data>Please enter a guess</data></match></read>
    <write><data>o\x0a</data></write>
    <read><length>21</length><match><data>\x7c\x2d\x2d\x2d\x7c\x0a\x7c\x0a\x7c\x0a\x7c\x0a\x7c\x0a\x5f\x5f\x5f\x5f\x5f\x5f\x0a</data></match></read>
    <read><delim>\x0a</delim><match><data>\x5f\x5fefo\x5fce\x5f\x5f</data></match></read>
    <read><delim>: </delim><match><data>Please enter a guess</data></match></read>
    <write><data>p\x0a</data></write>
    <read><length>21</length><match><data>\x7c\x2d\x2d\x2d\x7c\x0a\x7c\x0a\x7c\x0a\x7c\x0a\x7c\x0a\x5f\x5f\x5f\x5f\x5f\x5f\x0a</data></match></read>
    <read><delim>\x0a</delim><match><data>p\x5fefo\x5fcep\x5f</data></match></read>
    <read><delim>: </delim><match><data>Please enter a guess</data></match></read>
    <write><data>s\x0a</data></write>
    <read><length>21</length><match><data>\x7c\x2d\x2d\x2d\x7c\x0a\x7c\x0a\x7c\x0a\x7c\x0a\x7c\x0a\x5f\x5f\x5f\x5f\x5f\x5f\x0a</data></match></read>
    <read><delim>\x0a</delim><match><data>p\x5fefo\x5fceps</data></match></read>
    <read><delim>: </delim><match><data>Please enter a guess</data></match></read>
    <write><data>r\x0a</data></write>
    <read><delim>\x0a</delim><match><data>YOU WIN!</data></match></read>
    <read><delim>\x0a\x0a</delim><match><data>Adding 750 to your hug balance.</data></match></read>
    <read><delim>\x0a</delim><match><data>You have 1750 hugs. Shall we play a game?</data></match></read>
    <read><delim>\x0a</delim><match><data>1. Coin Flip</data></match></read>
    <read><delim>\x0a</delim><match><data>2. Hangman</data></match></read>
    <read><delim>\x0a</delim><match><data>3. Dice game</data></match></read>
    <read><delim>\x0a</delim><match><data>4. War</data></match></read>
    <read><delim>\x0a</delim><match><data>q. Quit</data></match></read>
    <write><data>q\x0a</data></write>
    <read><delim>\x0a</delim><match><data>Thanks for playing! Don\x27t spend all your hugs in one place.</data></match></read>
</replay>
</pov>