<?xml version="1.0" standalone="no" ?>
<!DOCTYPE pov SYSTEM "/usr/share/cgc-docs/replay.dtd">
<pov>
<cbid>service</cbid>
<seed>ac553cbddba277cffa5457759ccdd845621b793aabbb542368b887735076a2df0d46d923bdb9811793a1797232b90417</seed>
<replay>
    <read><delim>\x0a</delim><match><data>Welcome to the hug gambling server.</data></match></read>
    <read><delim>\x0a</delim><match><data>What is your name?</data></match></read>
    <write><data>wsCeBpnzyw\x0a</data></write>
    <read><delim>. </delim><match><data>Hi wsCeBpnzyw</data></match></read>
    <read><delim>\x0a</delim><match><data>You have 1000 hugs. Shall we play a game?</data></match></read>
    <read><delim>\x0a</delim><match><data>1. Coin Flip</data></match></read>
    <read><delim>\x0a</delim><match><data>2. Hangman</data></match></read>
    <read><delim>\x0a</delim><match><data>3. Dice game</data></match></read>
    <read><delim>\x0a</delim><match><data>4. War</data></match></read>
    <read><delim>\x0a</delim><match><data>q. Quit</data></match></read>
    <write><data>3\x0a</data></write>
    <read><delim>? </delim><match><data>How much would you like to wager</data></match></read>
    <write><data>346\x0a</data></write>
    <read><delim>? </delim><match><data>How many rolls do you want</data></match></read>
    <write><data>5\x0a</data></write>
    <read><delim>\x0a</delim><match><data>Rolling a 31337 sided dice. 31337 wins jackpot. If you guess within 100\x2c you win.</data></match></read>
    <read><delim>? </delim><match><data>What is your guess for the dice</data></match></read>
    <write><data>27675\x0a</data></write>
    <read><delim>\x0a</delim><match><data>Yes! 27675 is 0 away from 27675</data></match></read>
    <read><delim>\x0a</delim><match><data>YOU WIN!</data></match></read>
    <read><delim>\x0a\x0a</delim><match><data>Adding 346 to your hug balance.</data></match></read>
    <read><delim>\x0a</delim><match><data>Rolling a 31337 sided dice. 31337 wins jackpot. If you guess within 100\x2c you win.</data></match></read>
    <read><delim>? </delim><match><data>What is your guess for the dice</data></match></read>
    <write><data>29697\x0a</data></write>
    <read><delim>\x0a</delim><match><data>Yes! 29697 is 0 away from 29697</data></match></read>
    <read><delim>\x0a</delim><match><data>YOU WIN!</data></match></read>
    <read><delim>\x0a\x0a</delim><match><data>Adding 346 to your hug balance.</data></match></read>
    <read><delim>\x0a</delim><match><data>Rolling a 31337 sided dice. 31337 wins jackpot. If you guess within 100\x2c you win.</data></match></read>
    <read><delim>? </delim><match><data>What is your guess for the dice</data></match></read>
    <write><data>30708\x0a</data></write>
    <read><delim>\x0a</delim><match><data>Yes! 30708 is 0 away from 30708</data></match></read>
    <read><delim>\x0a</delim><match><data>YOU WIN!</data></match></read>
    <read><delim>\x0a\x0a</delim><match><data>Adding 346 to your hug balance.</data></match></read>
    <read><delim>\x0a</delim><match><data>Rolling a 31337 sided dice. 31337 wins jackpot. If you guess within 100\x2c you win.</data></match></read>
    <read><delim>? </delim><match><data>What is your guess for the dice</data></match></read>
    <write><data>15545\x0a</data></write>
    <read><delim>\x0a</delim><match><data>Yes! 15545 is 0 away from 15545</data></match></read>
    <read><delim>\x0a</delim><match><data>YOU WIN!</data></match></read>
    <read><delim>\x0a\x0a</delim><match><data>Adding 346 to your hug balance.</data></match></read>
    <read><delim>\x0a</delim><match><data>Rolling a 31337 sided dice. 31337 wins jackpot. If you guess within 100\x2c you win.</data></match></read>
    <read><delim>? </delim><match><data>What is your guess for the dice</data></match></read>
    <write><data>7963\x0a</data></write>
    <read><delim>\x0a</delim><match><data>Yes! 7963 is 0 away from 7963</data></match></read>
    <read><delim>\x0a</delim><match><data>YOU WIN!</data></match></read>
    <read><delim>\x0a\x0a</delim><match><data>Adding 346 to your hug balance.</data></match></read>
    <read><delim>\x0a</delim><match><data>You have 2730 hugs. Shall we play a game?</data></match></read>
    <read><delim>\x0a</delim><match><data>1. Coin Flip</data></match></read>
    <read><delim>\x0a</delim><match><data>2. Hangman</data></match></read>
    <read><delim>\x0a</delim><match><data>3. Dice game</data></match></read>
    <read><delim>\x0a</delim><match><data>4. War</data></match></read>
    <read><delim>\x0a</delim><match><data>q. Quit</data></match></read>
    <write><data>3\x0a</data></write>
    <read><delim>? </delim><match><data>How much would you like to wager</data></match></read>
    <write><data>1190\x0a</data></write>
    <read><delim>\x0a</delim><match><data>HIGH ROLLER COMING THROUGH!</data></match></read>
    <read><delim>? </delim><match><data>How many rolls do you want</data></match></read>
    <write><data>7\x0a</data></write>
    <read><delim>\x0a</delim><match><data>Rolling a 31337 sided dice. 31337 wins jackpot. If you guess within 100\x2c you win.</data></match></read>
    <read><delim>? </delim><match><data>What is your guess for the dice</data></match></read>
    <write><data>3981\x0a</data></write>
    <read><delim>\x0a</delim><match><data>Yes! 3981 is 0 away from 3981</data></match></read>
    <read><delim>\x0a</delim><match><data>YOU WIN!</data></match></read>
    <read><delim>\x0a\x0a</delim><match><data>Adding 1190 to your hug balance.</data></match></read>
    <read><delim>\x0a</delim><match><data>Rolling a 31337 sided dice. 31337 wins jackpot. If you guess within 100\x2c you win.</data></match></read>
    <read><delim>? </delim><match><data>What is your guess for the dice</data></match></read>
    <write><data>17850\x0a</data></write>
    <read><delim>\x0a</delim><match><data>Yes! 17850 is 0 away from 17850</data></match></read>
    <read><delim>\x0a</delim><match><data>YOU WIN!</data></match></read>
    <read><delim>\x0a\x0a</delim><match><data>Adding 1190 to your hug balance.</data></match></read>
    <read><delim>\x0a</delim><match><data>Rolling a 31337 sided dice. 31337 wins jackpot. If you guess within 100\x2c you win.</data></match></read>
    <read><delim>? </delim><match><data>What is your guess for the dice</data></match></read>
    <write><data>8925\x0a</data></write>
    <read><delim>\x0a</delim><match><data>Yes! 8925 is 0 away from 8925</data></match></read>
    <read><delim>\x0a</delim><match><data>YOU WIN!</data></match></read>
    <read><delim>\x0a\x0a</delim><match><data>Adding 1190 to your hug balance.</data></match></read>
    <read><delim>\x0a</delim><match><data>Rolling a 31337 sided dice. 31337 wins jackpot. If you guess within 100\x2c you win.</data></match></read>
    <read><delim>? </delim><match><data>What is your guess for the dice</data></match></read>
    <write><data>20131\x0a</data></write>
    <read><delim>\x0a</delim><match><data>Yes! 20131 is 0 away from 20131</data></match></read>
    <read><delim>\x0a</delim><match><data>YOU WIN!</data></match></read>
    <read><delim>\x0a\x0a</delim><match><data>Adding 1190 to your hug balance.</data></match></read>
    <read><delim>\x0a</delim><match><data>Rolling a 31337 sided dice. 31337 wins jackpot. If you guess within 100\x2c you win.</data></match></read>
    <read><delim>? </delim><match><data>What is your guess for the dice</data></match></read>
    <write><data>10256\x0a</data></write>
    <read><delim>\x0a</delim><match><data>Yes! 10256 is 0 away from 10256</data></match></read>
    <read><delim>\x0a</delim><match><data>YOU WIN!</data></match></read>
    <read><delim>\x0a\x0a</delim><match><data>Adding 1190 to your hug balance.</data></match></read>
    <read><delim>\x0a</delim><match><data>Rolling a 31337 sided dice. 31337 wins jackpot. If you guess within 100\x2c you win.</data></match></read>
    <read><delim>? </delim><match><data>What is your guess for the dice</data></match></read>
    <write><data>5128\x0a</data></write>
    <read><delim>\x0a</delim><match><data>Yes! 5128 is 0 away from 5128</data></match></read>
    <read><delim>\x0a</delim><match><data>YOU WIN!</data></match></read>
    <read><delim>\x0a\x0a</delim><match><data>Adding 1190 to your hug balance.</data></match></read>
    <read><delim>\x0a</delim><match><data>Rolling a 31337 sided dice. 31337 wins jackpot. If you guess within 100\x2c you win.</data></match></read>
    <read><delim>? </delim><match><data>What is your guess for the dice</data></match></read>
    <write><data>2755\x0a</data></write>
    <read><delim>\x0a</delim><match><data>Yes! 2755 is 0 away from 2755</data></match></read>
    <read><delim>\x0a</delim><match><data>YOU WIN!</data></match></read>
    <read><delim>\x0a\x0a</delim><match><data>Adding 1190 to your hug balance.</data></match></read>
    <read><delim>\x0a</delim><match><data>You have 11060 hugs. Shall we play a game?</data></match></read>
    <read><delim>\x0a</delim><match><data>1. Coin Flip</data></match></read>
    <read><delim>\x0a</delim><match><data>2. Hangman</data></match></read>
    <read><delim>\x0a</delim><match><data>3. Dice game</data></match></read>
    <read><delim>\x0a</delim><match><data>4. War</data></match></read>
    <read><delim>\x0a</delim><match><data>q. Quit</data></match></read>
    <write><data>3\x0a</data></write>
    <read><delim>? </delim><match><data>How much would you like to wager</data></match></read>
    <write><data>9217\x0a</data></write>
    <read><delim>\x0a</delim><match><data>HIGH ROLLER COMING THROUGH!</data></match></read>
    <read><delim>? </delim><match><data>How many rolls do you want</data></match></read>
    <write><data>15\x0a</data></write>
    <read><delim>\x0a</delim><match><data>Rolling a 31337 sided dice. 31337 wins jackpot. If you guess within 100\x2c you win.</data></match></read>
    <read><delim>? </delim><match><data>What is your guess for the dice</data></match></read>
    <write><data>17237\x0a</data></write>
    <read><delim>\x0a</delim><match><data>Yes! 17237 is 0 away from 17237</data></match></read>
    <read><delim>\x0a</delim><match><data>YOU WIN!</data></match></read>
    <read><delim>\x0a\x0a</delim><match><data>Adding 9217 to your hug balance.</data></match></read>
    <read><delim>\x0a</delim><match><data>Rolling a 31337 sided dice. 31337 wins jackpot. If you guess within 100\x2c you win.</data></match></read>
    <read><delim>? </delim><match><data>What is your guess for the dice</data></match></read>
    <write><data>24287\x0a</data></write>
    <read><delim>\x0a</delim><match><data>Yes! 24287 is 0 away from 24287</data></match></read>
    <read><delim>\x0a</delim><match><data>YOU WIN!</data></match></read>
    <read><delim>\x0a\x0a</delim><match><data>Adding 9217 to your hug balance.</data></match></read>
    <read><delim>\x0a</delim><match><data>Rolling a 31337 sided dice. 31337 wins jackpot. If you guess within 100\x2c you win.</data></match></read>
    <read><delim>? </delim><match><data>What is your guess for the dice</data></match></read>
    <write><data>12334\x0a</data></write>
    <read><delim>\x0a</delim><match><data>Yes! 12334 is 0 away from 12334</data></match></read>
    <read><delim>\x0a</delim><match><data>YOU WIN!</data></match></read>
    <read><delim>\x0a\x0a</delim><match><data>Adding 9217 to your hug balance.</data></match></read>
    <read><delim>\x0a</delim><match><data>Rolling a 31337 sided dice. 31337 wins jackpot. If you guess within 100\x2c you win.</data></match></read>
    <read><delim>? </delim><match><data>What is your guess for the dice</data></match></read>
    <write><data>22027\x0a</data></write>
    <read><delim>\x0a</delim><match><data>Yes! 22027 is 0 away from 22027</data></match></read>
    <read><delim>\x0a</delim><match><data>YOU WIN!</data></match></read>
    <read><delim>\x0a\x0a</delim><match><data>Adding 9217 to your hug balance.</data></match></read>
    <read><delim>\x0a</delim><match><data>Rolling a 31337 sided dice. 31337 wins jackpot. If you guess within 100\x2c you win.</data></match></read>
    <read><delim>? </delim><match><data>What is your guess for the dice</data></match></read>
    <write><data>26873\x0a</data></write>
    <read><delim>\x0a</delim><match><data>Yes! 26873 is 0 away from 26873</data></match></read>
    <read><delim>\x0a</delim><match><data>YOU WIN!</data></match></read>
    <read><delim>\x0a\x0a</delim><match><data>Adding 9217 to your hug balance.</data></match></read>
    <read><delim>\x0a</delim><match><data>Rolling a 31337 sided dice. 31337 wins jackpot. If you guess within 100\x2c you win.</data></match></read>
    <read><delim>? </delim><match><data>What is your guess for the dice</data></match></read>
    <write><data>13436\x0a</data></write>
    <read><delim>\x0a</delim><match><data>Yes! 13436 is 0 away from 13436</data></match></read>
    <read><delim>\x0a</delim><match><data>YOU WIN!</data></match></read>
    <read><delim>\x0a\x0a</delim><match><data>Adding 9217 to your hug balance.</data></match></read>
    <read><delim>\x0a</delim><match><data>Rolling a 31337 sided dice. 31337 wins jackpot. If you guess within 100\x2c you win.</data></match></read>
    <read><delim>? </delim><match><data>What is your guess for the dice</data></match></read>
    <write><data>6718\x0a</data></write>
    <read><delim>\x0a</delim><match><data>Yes! 6718 is 0 away from 6718</data></match></read>
    <read><delim>\x0a</delim><match><data>YOU WIN!</data></match></read>
    <read><delim>\x0a\x0a</delim><match><data>Adding 9217 to your hug balance.</data></match></read>
    <read><delim>\x0a</delim><match><data>Rolling a 31337 sided dice. 31337 wins jackpot. If you guess within 100\x2c you win.</data></match></read>
    <read><delim>? </delim><match><data>What is your guess for the dice</data></match></read>
    <write><data>19028\x0a</data></write>
    <read><delim>\x0a</delim><match><data>Yes! 19028 is 0 away from 19028</data></match></read>
    <read><delim>\x0a</delim><match><data>YOU WIN!</data></match></read>
    <read><delim>\x0a\x0a</delim><match><data>Adding 9217 to your hug balance.</data></match></read>
    <read><delim>\x0a</delim><match><data>Rolling a 31337 sided dice. 31337 wins jackpot. If you guess within 100\x2c you win.</data></match></read>
    <read><delim>? </delim><match><data>What is your guess for the dice</data></match></read>
    <write><data>25374\x0a</data></write>
    <read><delim>\x0a</delim><match><data>Yes! 25374 is 0 away from 25374</data></match></read>
    <read><delim>\x0a</delim><match><data>YOU WIN!</data></match></read>
    <read><delim>\x0a\x0a</delim><match><data>Adding 9217 to your hug balance.</data></match></read>
    <read><delim>\x0a</delim><match><data>Rolling a 31337 sided dice. 31337 wins jackpot. If you guess within 100\x2c you win.</data></match></read>
    <read><delim>? </delim><match><data>What is your guess for the dice</data></match></read>
    <write><data>12687\x0a</data></write>
    <read><delim>\x0a</delim><match><data>Yes! 12687 is 0 away from 12687</data></match></read>
    <read><delim>\x0a</delim><match><data>YOU WIN!</data></match></read>
    <read><delim>\x0a\x0a</delim><match><data>Adding 9217 to your hug balance.</data></match></read>
    <read><delim>\x0a</delim><match><data>Rolling a 31337 sided dice. 31337 wins jackpot. If you guess within 100\x2c you win.</data></match></read>
    <read><delim>? </delim><match><data>What is your guess for the dice</data></match></read>
    <write><data>22012\x0a</data></write>
    <read><delim>\x0a</delim><match><data>Yes! 22012 is 0 away from 22012</data></match></read>
    <read><delim>\x0a</delim><match><data>YOU WIN!</data></match></read>
    <read><delim>\x0a\x0a</delim><match><data>Adding 9217 to your hug balance.</data></match></read>
    <read><delim>\x0a</delim><match><data>Rolling a 31337 sided dice. 31337 wins jackpot. If you guess within 100\x2c you win.</data></match></read>
    <read><delim>? </delim><match><data>What is your guess for the dice</data></match></read>
    <write><data>11197\x0a</data></write>
    <read><delim>\x0a</delim><match><data>Yes! 11197 is 0 away from 11197</data></match></read>
    <read><delim>\x0a</delim><match><data>YOU WIN!</data></match></read>
    <read><delim>\x0a\x0a</delim><match><data>Adding 9217 to your hug balance.</data></match></read>
    <read><delim>\x0a</delim><match><data>Rolling a 31337 sided dice. 31337 wins jackpot. If you guess within 100\x2c you win.</data></match></read>
    <read><delim>? </delim><match><data>What is your guess for the dice</data></match></read>
    <write><data>21458\x0a</data></write>
    <read><delim>\x0a</delim><match><data>Yes! 21458 is 0 away from 21458</data></match></read>
    <read><delim>\x0a</delim><match><data>YOU WIN!</data></match></read>
    <read><delim>\x0a\x0a</delim><match><data>Adding 9217 to your hug balance.</data></match></read>
    <read><delim>\x0a</delim><match><data>Rolling a 31337 sided dice. 31337 wins jackpot. If you guess within 100\x2c you win.</data></match></read>
    <read><delim>? </delim><match><data>What is your guess for the dice</data></match></read>
    <write><data>26589\x0a</data></write>
    <read><delim>\x0a</delim><match><data>Yes! 26589 is 0 away from 26589</data></match></read>
    <read><delim>\x0a</delim><match><data>YOU WIN!</data></match></read>
    <read><delim>\x0a\x0a</delim><match><data>Adding 9217 to your hug balance.</data></match></read>
    <read><delim>\x0a</delim><match><data>Rolling a 31337 sided dice. 31337 wins jackpot. If you guess within 100\x2c you win.</data></match></read>
    <read><delim>? </delim><match><data>What is your guess for the dice</data></match></read>
    <write><data>13294\x0a</data></write>
    <read><delim>\x0a</delim><match><data>Yes! 13294 is 0 away from 13294</data></match></read>
    <read><delim>\x0a</delim><match><data>YOU WIN!</data></match></read>
    <read><delim>\x0a\x0a</delim><match><data>Adding 9217 to your hug balance.</data></match></read>
    <read><delim>\x0a</delim><match><data>You have 149315 hugs. Shall we play a game?</data></match></read>
    <read><delim>\x0a</delim><match><data>1. Coin Flip</data></match></read>
    <read><delim>\x0a</delim><match><data>2. Hangman</data></match></read>
    <read><delim>\x0a</delim><match><data>3. Dice game</data></match></read>
    <read><delim>\x0a</delim><match><data>4. War</data></match></read>
    <read><delim>\x0a</delim><match><data>q. Quit</data></match></read>
    <write><data>2\x0a</data></write>
    <read><delim>? </delim><match><data>How much would you like to wager</data></match></read>
    <write><data>119198\x0a</data></write>
    <read><delim>\x0a</delim><match><data>HIGH ROLLER COMING THROUGH!</data></match></read>
    <read><length>21</length><match><data>\x7c\x2d\x2d\x2d\x7c\x0a\x7c\x0a\x7c\x0a\x7c\x0a\x7c\x0a\x5f\x5f\x5f\x5f\x5f\x5f\x0a</data></match></read>
    <read><delim>\x0a</delim><match><data>\x5f\x5f\x5f\x5f\x5f\x5f\x5f\x5f\x5f\x5f\x5f\x5f\x5f</data></match></read>
    <read><delim>: </delim><match><data>Please enter a guess</data></match></read>
    <write><data>a\x0a</data></write>
    <read><length>21</length><match><data>\x7c\x2d\x2d\x2d\x7c\x0a\x7c\x0a\x7c\x0a\x7c\x0a\x7c\x0a\x5f\x5f\x5f\x5f\x5f\x5f\x0a</data></match></read>
    <read><delim>\x0a</delim><match><data>\x5f\x5fa\x5f\x5f\x5f\x5f\x5f\x5f\x5f\x5fa\x5f</data></match></read>
    <read><delim>: </delim><match><data>Please enter a guess</data></match></read>
    <write><data>c\x0a</data></write>
    <read><length>21</length><match><data>\x7c\x2d\x2d\x2d\x7c\x0a\x7c\x0a\x7c\x0a\x7c\x0a\x7c\x0a\x5f\x5f\x5f\x5f\x5f\x5f\x0a</data></match></read>
    <read><delim>\x0a</delim><match><data>\x5f\x5fa\x5f\x5f\x5f\x5f\x5f\x5f\x5fca\x5f</data></match></read>
    <read><delim>: </delim><match><data>Please enter a guess</data></match></read>
    <write><data>e\x0a</data></write>
    <read><length>21</length><match><data>\x7c\x2d\x2d\x2d\x7c\x0a\x7c\x0a\x7c\x0a\x7c\x0a\x7c\x0a\x5f\x5f\x5f\x5f\x5f\x5f\x0a</data></match></read>
    <read><delim>\x0a</delim><match><data>\x5f\x5fa\x5f\x5f\x5f\x5fe\x5f\x5fca\x5f</data></match></read>
    <read><delim>: </delim><match><data>Please enter a guess</data></match></read>
    <write><data>d\x0a</data></write>
    <read><length>21</length><match><data>\x7c\x2d\x2d\x2d\x7c\x0a\x7c\x0a\x7c\x0a\x7c\x0a\x7c\x0a\x5f\x5f\x5f\x5f\x5f\x5f\x0a</data></match></read>
    <read><delim>\x0a</delim><match><data>d\x5fa\x5f\x5f\x5f\x5fe\x5f\x5fca\x5f</data></match></read>
    <read><delim>: </delim><match><data>Please enter a guess</data></match></read>
    <write><data>i\x0a</data></write>
    <read><length>21</length><match><data>\x7c\x2d\x2d\x2d\x7c\x0a\x7c\x0a\x7c\x0a\x7c\x0a\x7c\x0a\x5f\x5f\x5f\x5f\x5f\x5f\x0a</data></match></read>
    <read><delim>\x0a</delim><match><data>dia\x5f\x5f\x5f\x5fe\x5fica\x5f</data></match></read>
    <read><delim>: </delim><match><data>Please enter a guess</data></match></read>
    <write><data>h\x0a</data></write>
    <read><length>21</length><match><data>\x7c\x2d\x2d\x2d\x7c\x0a\x7c\x0a\x7c\x0a\x7c\x0a\x7c\x0a\x5f\x5f\x5f\x5f\x5f\x5f\x0a</data></match></read>
    <read><delim>\x0a</delim><match><data>dia\x5fh\x5f\x5fe\x5fica\x5f</data></match></read>
    <read><delim>: </delim><match><data>Please enter a guess</data></match></read>
    <write><data>l\x0a</data></write>
    <read><length>21</length><match><data>\x7c\x2d\x2d\x2d\x7c\x0a\x7c\x0a\x7c\x0a\x7c\x0a\x7c\x0a\x5f\x5f\x5f\x5f\x5f\x5f\x0a</data></match></read>
    <read><delim>\x0a</delim><match><data>dia\x5fh\x5f\x5fe\x5fical</data></match></read>
    <read><delim>: </delim><match><data>Please enter a guess</data></match></read>
    <write><data>o\x0a</data></write>
    <read><length>21</length><match><data>\x7c\x2d\x2d\x2d\x7c\x0a\x7c\x0a\x7c\x0a\x7c\x0a\x7c\x0a\x5f\x5f\x5f\x5f\x5f\x5f\x0a</data></match></read>
    <read><delim>\x0a</delim><match><data>dia\x5fho\x5fe\x5fical</data></match></read>
    <read><delim>: </delim><match><data>Please enter a guess</data></match></read>
    <write><data>p\x0a</data></write>
    <read><length>21</length><match><data>\x7c\x2d\x2d\x2d\x7c\x0a\x7c\x0a\x7c\x0a\x7c\x0a\x7c\x0a\x5f\x5f\x5f\x5f\x5f\x5f\x0a</data></match></read>
    <read><delim>\x0a</delim><match><data>diapho\x5fe\x5fical</data></match></read>
    <read><delim>: </delim><match><data>Please enter a guess</data></match></read>
    <write><data>r\x0a</data></write>
    <read><length>21</length><match><data>\x7c\x2d\x2d\x2d\x7c\x0a\x7c\x0a\x7c\x0a\x7c\x0a\x7c\x0a\x5f\x5f\x5f\x5f\x5f\x5f\x0a</data></match></read>
    <read><delim>\x0a</delim><match><data>diaphore\x5fical</data></match></read>
    <read><delim>: </delim><match><data>Please enter a guess</data></match></read>
    <write><data>t\x0a</data></write>
    <read><delim>\x0a</delim><match><data>YOU WIN!</data></match></read>
    <read><delim>\x0a\x0a</delim><match><data>Adding 119198 to your hug balance.</data></match></read>
    <read><delim>\x0a</delim><match><data>You have 268513 hugs. Shall we play a game?</data></match></read>
    <read><delim>\x0a</delim><match><data>1. Coin Flip</data></match></read>
    <read><delim>\x0a</delim><match><data>2. Hangman</data></match></read>
    <read><delim>\x0a</delim><match><data>3. Dice game</data></match></read>
    <read><delim>\x0a</delim><match><data>4. War</data></match></read>
    <read><delim>\x0a</delim><match><data>q. Quit</data></match></read>
    <write><data>4\x0a</data></write>
    <read><delim>? </delim><match><data>How much would you like to wager</data></match></read>
    <write><data>144586\x0a</data></write>
    <read><delim>\x0a</delim><match><data>HIGH ROLLER COMING THROUGH!</data></match></read>
    <read><delim>\x0a</delim><match><data>Player\x27s nine of diamonds beats dealer\x27s three of hearts</data></match></read>
    <read><delim>\x0a</delim><match><data>YOU WIN!</data></match></read>
    <read><delim>\x0a\x0a</delim><match><data>Adding 144586 to your hug balance.</data></match></read>
    <read><delim>\x0a</delim><match><data>You have 413099 hugs. Shall we play a game?</data></match></read>
    <read><delim>\x0a</delim><match><data>1. Coin Flip</data></match></read>
    <read><delim>\x0a</delim><match><data>2. Hangman</data></match></read>
    <read><delim>\x0a</delim><match><data>3. Dice game</data></match></read>
    <read><delim>\x0a</delim><match><data>4. War</data></match></read>
    <read><delim>\x0a</delim><match><data>q. Quit</data></match></read>
    <write><data>1\x0a</data></write>
    <read><delim>? </delim><match><data>How much would you like to wager</data></match></read>
    <write><data>344692\x0a</data></write>
    <read><delim>\x0a</delim><match><data>HIGH ROLLER COMING THROUGH!</data></match></read>
    <read><delim>\x0a</delim><match><data>Flipping a coin. Do you think it\x27s going to be \x28h\x29eads or \x28t\x29ails?</data></match></read>
    <write><data>t\x0a</data></write>
    <read><delim>\x0a</delim><match><data>YOU WIN!</data></match></read>
    <read><delim>\x0a\x0a</delim><match><data>Adding 344692 to your hug balance.</data></match></read>
    <read><delim>\x0a</delim><match><data>You have 757791 hugs. Shall we play a game?</data></match></read>
    <read><delim>\x0a</delim><match><data>1. Coin Flip</data></match></read>
    <read><delim>\x0a</delim><match><data>2. Hangman</data></match></read>
    <read><delim>\x0a</delim><match><data>3. Dice game</data></match></read>
    <read><delim>\x0a</delim><match><data>4. War</data></match></read>
    <read><delim>\x0a</delim><match><data>q. Quit</data></match></read>
    <write><data>4\x0a</data></write>
    <read><delim>? </delim><match><data>How much would you like to wager</data></match></read>
    <write><data>461774\x0a</data></write>
    <read><delim>\x0a</delim><match><data>HIGH ROLLER COMING THROUGH!</data></match></read>
    <read><delim>\x0a</delim><match><data>Player\x27s king of diamonds beats dealer\x27s five of diamonds</data></match></read>
    <read><delim>\x0a</delim><match><data>YOU WIN!</data></match></read>
    <read><delim>\x0a\x0a</delim><match><data>Adding 461774 to your hug balance.</data></match></read>
    <read><delim>\x0a</delim><match><data>You have 1000000 hugs. Shall we play a game?</data></match></read>
    <read><delim>\x0a</delim><match><data>1. Coin Flip</data></match></read>
    <read><delim>\x0a</delim><match><data>2. Hangman</data></match></read>
    <read><delim>\x0a</delim><match><data>3. Dice game</data></match></read>
    <read><delim>\x0a</delim><match><data>4. War</data></match></read>
    <read><delim>\x0a</delim><match><data>q. Quit</data></match></read>
    <write><data>q\x0a</data></write>
    <read><delim>\x0a</delim><match><data>Thanks for playing! Don\x27t spend all your hugs in one place.</data></match></read>
</replay>
</pov>