<?xml version="1.0" standalone="no" ?>
<!DOCTYPE pov SYSTEM "/usr/share/cgc-docs/replay.dtd">
<pov>
<cbid>service</cbid>
<seed>d7a01172abb0304bf7415d5f434427db900fad095f0aa9230a84fb4a5505e8f2755197f6711597f9a17d2bc264d7bb2a</seed>
<replay>
    <read><delim>\x0a</delim><match><data>Welcome to the hug gambling server.</data></match></read>
    <read><delim>\x0a</delim><match><data>What is your name?</data></match></read>
    <write><data>OdhJgHWvAb\x0a</data></write>
    <read><delim>. </delim><match><data>Hi OdhJgHWvAb</data></match></read>
    <read><delim>\x0a</delim><match><data>You have 1000 hugs. Shall we play a game?</data></match></read>
    <read><delim>\x0a</delim><match><data>1. Coin Flip</data></match></read>
    <read><delim>\x0a</delim><match><data>2. Hangman</data></match></read>
    <read><delim>\x0a</delim><match><data>3. Dice game</data></match></read>
    <read><delim>\x0a</delim><match><data>4. War</data></match></read>
    <read><delim>\x0a</delim><match><data>q. Quit</data></match></read>
    <write><data>4\x0a</data></write>
    <read><delim>? </delim><match><data>How much would you like to wager</data></match></read>
    <write><data>732\x0a</data></write>
    <read><delim>\x0a</delim><match><data>Dealer\x27s eight of diamonds beats player\x27s six of diamonds</data></match></read>
    <read><delim>\x0a</delim><match><data>YOU LOSE!</data></match></read>
    <read><delim>\x0a\x0a</delim><match><data>Debiting 732 from your hug balance.</data></match></read>
    <read><delim>\x0a</delim><match><data>You have 268 hugs. Shall we play a game?</data></match></read>
    <read><delim>\x0a</delim><match><data>1. Coin Flip</data></match></read>
    <read><delim>\x0a</delim><match><data>2. Hangman</data></match></read>
    <read><delim>\x0a</delim><match><data>3. Dice game</data></match></read>
    <read><delim>\x0a</delim><match><data>4. War</data></match></read>
    <read><delim>\x0a</delim><match><data>q. Quit</data></match></read>
    <write><data>1\x0a</data></write>
    <read><delim>? </delim><match><data>How much would you like to wager</data></match></read>
    <write><data>225\x0a</data></write>
    <read><delim>\x0a</delim><match><data>Flipping a coin. Do you think it\x27s going to be \x28h\x29eads or \x28t\x29ails?</data></match></read>
    <write><data>h\x0a</data></write>
    <read><delim>\x0a</delim><match><data>YOU WIN!</data></match></read>
    <read><delim>\x0a\x0a</delim><match><data>Adding 225 to your hug balance.</data></match></read>
    <read><delim>\x0a</delim><match><data>You have 493 hugs. Shall we play a game?</data></match></read>
    <read><delim>\x0a</delim><match><data>1. Coin Flip</data></match></read>
    <read><delim>\x0a</delim><match><data>2. Hangman</data></match></read>
    <read><delim>\x0a</delim><match><data>3. Dice game</data></match></read>
    <read><delim>\x0a</delim><match><data>4. War</data></match></read>
    <read><delim>\x0a</delim><match><data>q. Quit</data></match></read>
    <write><data>3\x0a</data></write>
    <read><delim>? </delim><match><data>How much would you like to wager</data></match></read>
    <write><data>487\x0a</data></write>
    <read><delim>? </delim><match><data>How many rolls do you want</data></match></read>
    <write><data>10\x0a</data></write>
    <read><delim>\x0a</delim><match><data>Rolling a 31337 sided dice. 31337 wins jackpot. If you guess within 100\x2c you win.</data></match></read>
    <read><delim>? </delim><match><data>What is your guess for the dice</data></match></read>
    <write><data>12304\x0a</data></write>
    <read><delim>\x0a</delim><match><data>Yes! 12304 is 0 away from 12304</data></match></read>
    <read><delim>\x0a</delim><match><data>YOU WIN!</data></match></read>
    <read><delim>\x0a\x0a</delim><match><data>Adding 487 to your hug balance.</data></match></read>
    <read><delim>\x0a</delim><match><data>Rolling a 31337 sided dice. 31337 wins jackpot. If you guess within 100\x2c you win.</data></match></read>
    <read><delim>? </delim><match><data>What is your guess for the dice</data></match></read>
    <write><data>22012\x0a</data></write>
    <read><delim>\x0a</delim><match><data>Yes! 22012 is 0 away from 22012</data></match></read>
    <read><delim>\x0a</delim><match><data>YOU WIN!</data></match></read>
    <read><delim>\x0a\x0a</delim><match><data>Adding 487 to your hug balance.</data></match></read>
    <read><delim>\x0a</delim><match><data>Rolling a 31337 sided dice. 31337 wins jackpot. If you guess within 100\x2c you win.</data></match></read>
    <read><delim>? </delim><match><data>What is your guess for the dice</data></match></read>
    <write><data>11197\x0a</data></write>
    <read><delim>\x0a</delim><match><data>Yes! 11197 is 0 away from 11197</data></match></read>
    <read><delim>\x0a</delim><match><data>YOU WIN!</data></match></read>
    <read><delim>\x0a\x0a</delim><match><data>Adding 487 to your hug balance.</data></match></read>
    <read><delim>\x0a</delim><match><data>Rolling a 31337 sided dice. 31337 wins jackpot. If you guess within 100\x2c you win.</data></match></read>
    <read><delim>? </delim><match><data>What is your guess for the dice</data></match></read>
    <write><data>21458\x0a</data></write>
    <read><delim>\x0a</delim><match><data>Yes! 21458 is 0 away from 21458</data></match></read>
    <read><delim>\x0a</delim><match><data>YOU WIN!</data></match></read>
    <read><delim>\x0a\x0a</delim><match><data>Adding 487 to your hug balance.</data></match></read>
    <read><delim>\x0a</delim><match><data>Rolling a 31337 sided dice. 31337 wins jackpot. If you guess within 100\x2c you win.</data></match></read>
    <read><delim>? </delim><match><data>What is your guess for the dice</data></match></read>
    <write><data>10920\x0a</data></write>
    <read><delim>\x0a</delim><match><data>Yes! 10920 is 0 away from 10920</data></match></read>
    <read><delim>\x0a</delim><match><data>YOU WIN!</data></match></read>
    <read><delim>\x0a\x0a</delim><match><data>Adding 487 to your hug balance.</data></match></read>
    <read><delim>\x0a</delim><match><data>Rolling a 31337 sided dice. 31337 wins jackpot. If you guess within 100\x2c you win.</data></match></read>
    <read><delim>? </delim><match><data>What is your guess for the dice</data></match></read>
    <write><data>5460\x0a</data></write>
    <read><delim>\x0a</delim><match><data>Yes! 5460 is 0 away from 5460</data></match></read>
    <read><delim>\x0a</delim><match><data>YOU WIN!</data></match></read>
    <read><delim>\x0a\x0a</delim><match><data>Adding 487 to your hug balance.</data></match></read>
    <read><delim>\x0a</delim><match><data>Rolling a 31337 sided dice. 31337 wins jackpot. If you guess within 100\x2c you win.</data></match></read>
    <read><delim>? </delim><match><data>What is your guess for the dice</data></match></read>
    <write><data>2921\x0a</data></write>
    <read><delim>\x0a</delim><match><data>Yes! 2921 is 0 away from 2921</data></match></read>
    <read><delim>\x0a</delim><match><data>YOU WIN!</data></match></read>
    <read><delim>\x0a\x0a</delim><match><data>Adding 487 to your hug balance.</data></match></read>
    <read><delim>\x0a</delim><match><data>Rolling a 31337 sided dice. 31337 wins jackpot. If you guess within 100\x2c you win.</data></match></read>
    <read><delim>? </delim><match><data>What is your guess for the dice</data></match></read>
    <write><data>1460\x0a</data></write>
    <read><delim>\x0a</delim><match><data>Yes! 1460 is 0 away from 1460</data></match></read>
    <read><delim>\x0a</delim><match><data>YOU WIN!</data></match></read>
    <read><delim>\x0a\x0a</delim><match><data>Adding 487 to your hug balance.</data></match></read>
    <read><delim>\x0a</delim><match><data>Rolling a 31337 sided dice. 31337 wins jackpot. If you guess within 100\x2c you win.</data></match></read>
    <read><delim>? </delim><match><data>What is your guess for the dice</data></match></read>
    <write><data>730\x0a</data></write>
    <read><delim>\x0a</delim><match><data>Yes! 730 is 0 away from 730</data></match></read>
    <read><delim>\x0a</delim><match><data>YOU WIN!</data></match></read>
    <read><delim>\x0a\x0a</delim><match><data>Adding 487 to your hug balance.</data></match></read>
    <read><delim>\x0a</delim><match><data>Rolling a 31337 sided dice. 31337 wins jackpot. If you guess within 100\x2c you win.</data></match></read>
    <read><delim>? </delim><match><data>What is your guess for the dice</data></match></read>
    <write><data>16225\x0a</data></write>
    <read><delim>\x0a</delim><match><data>Yes! 16225 is 0 away from 16225</data></match></read>
    <read><delim>\x0a</delim><match><data>YOU WIN!</data></match></read>
    <read><delim>\x0a\x0a</delim><match><data>Adding 487 to your hug balance.</data></match></read>
    <read><delim>\x0a</delim><match><data>You have 5363 hugs. Shall we play a game?</data></match></read>
    <read><delim>\x0a</delim><match><data>1. Coin Flip</data></match></read>
    <read><delim>\x0a</delim><match><data>2. Hangman</data></match></read>
    <read><delim>\x0a</delim><match><data>3. Dice game</data></match></read>
    <read><delim>\x0a</delim><match><data>4. War</data></match></read>
    <read><delim>\x0a</delim><match><data>q. Quit</data></match></read>
    <write><data>2\x0a</data></write>
    <read><delim>? </delim><match><data>How much would you like to wager</data></match></read>
    <write><data>1533\x0a</data></write>
    <read><delim>\x0a</delim><match><data>HIGH ROLLER COMING THROUGH!</data></match></read>
    <read><length>21</length><match><data>\x7c\x2d\x2d\x2d\x7c\x0a\x7c\x0a\x7c\x0a\x7c\x0a\x7c\x0a\x5f\x5f\x5f\x5f\x5f\x5f\x0a</data></match></read>
    <read><delim>\x0a</delim><match><data>\x5f\x5f\x5f\x5f\x5f\x5f\x5f\x5f\x5f\x5f\x5f\x5f\x5f\x5f\x5f</data></match></read>
    <read><delim>: </delim><match><data>Please enter a guess</data></match></read>
    <write><data>a\x0a</data></write>
    <read><length>21</length><match><data>\x7c\x2d\x2d\x2d\x7c\x0a\x7c\x0a\x7c\x0a\x7c\x0a\x7c\x0a\x5f\x5f\x5f\x5f\x5f\x5f\x0a</data></match></read>
    <read><delim>\x0a</delim><match><data>\x5f\x5f\x5f\x5f\x5f\x5f\x5f\x5f\x5f\x5f\x5f\x5f\x5f\x5fa</data></match></read>
    <read><delim>: </delim><match><data>Please enter a guess</data></match></read>
    <write><data>c\x0a</data></write>
    <read><length>21</length><match><data>\x7c\x2d\x2d\x2d\x7c\x0a\x7c\x0a\x7c\x0a\x7c\x0a\x7c\x0a\x5f\x5f\x5f\x5f\x5f\x5f\x0a</data></match></read>
    <read><delim>\x0a</delim><match><data>\x5f\x5f\x5f\x5f\x5fc\x5f\x5f\x5f\x5f\x5f\x5f\x5f\x5fa</data></match></read>
    <read><delim>: </delim><match><data>Please enter a guess</data></match></read>
    <write><data>e\x0a</data></write>
    <read><length>21</length><match><data>\x7c\x2d\x2d\x2d\x7c\x0a\x7c\x0a\x7c\x0a\x7c\x0a\x7c\x0a\x5f\x5f\x5f\x5f\x5f\x5f\x0a</data></match></read>
    <read><delim>\x0a</delim><match><data>\x5f\x5f\x5f\x5f\x5fc\x5f\x5fe\x5f\x5f\x5fe\x5fa</data></match></read>
    <read><delim>: </delim><match><data>Please enter a guess</data></match></read>
    <write><data>p\x0a</data></write>
    <read><length>21</length><match><data>\x7c\x2d\x2d\x2d\x7c\x0a\x7c\x0a\x7c\x0a\x7c\x0a\x7c\x0a\x5f\x5f\x5f\x5f\x5f\x5f\x0a</data></match></read>
    <read><delim>\x0a</delim><match><data>\x5f\x5f\x5f\x5f\x5fc\x5f\x5fe\x5fp\x5fe\x5fa</data></match></read>
    <read><delim>: </delim><match><data>Please enter a guess</data></match></read>
    <write><data>l\x0a</data></write>
    <read><length>21</length><match><data>\x7c\x2d\x2d\x2d\x7c\x0a\x7c\x0a\x7c\x0a\x7c\x0a\x7c\x0a\x5f\x5f\x5f\x5f\x5f\x5f\x0a</data></match></read>
    <read><delim>\x0a</delim><match><data>\x5f\x5f\x5f\x5f\x5fc\x5fle\x5fp\x5fe\x5fa</data></match></read>
    <read><delim>: </delim><match><data>Please enter a guess</data></match></read>
    <write><data>o\x0a</data></write>
    <read><length>21</length><match><data>\x7c\x2d\x2d\x2d\x7c\x0a\x7c\x0a\x7c\x0a\x7c\x0a\x7c\x0a\x5f\x5f\x5f\x5f\x5f\x5f\x0a</data></match></read>
    <read><delim>\x0a</delim><match><data>\x5f\x5fo\x5focoleop\x5fe\x5fa</data></match></read>
    <read><delim>: </delim><match><data>Please enter a guess</data></match></read>
    <write><data>P\x0a</data></write>
    <read><length>21</length><match><data>\x7c\x2d\x2d\x2d\x7c\x0a\x7c\x0a\x7c\x0a\x7c\x0a\x7c\x0a\x5f\x5f\x5f\x5f\x5f\x5f\x0a</data></match></read>
    <read><delim>\x0a</delim><match><data>P\x5fo\x5focoleop\x5fe\x5fa</data></match></read>
    <read><delim>: </delim><match><data>Please enter a guess</data></match></read>
    <write><data>r\x0a</data></write>
    <read><length>21</length><match><data>\x7c\x2d\x2d\x2d\x7c\x0a\x7c\x0a\x7c\x0a\x7c\x0a\x7c\x0a\x5f\x5f\x5f\x5f\x5f\x5f\x0a</data></match></read>
    <read><delim>\x0a</delim><match><data>Pro\x5focoleop\x5fera</data></match></read>
    <read><delim>: </delim><match><data>Please enter a guess</data></match></read>
    <write><data>t\x0a</data></write>
    <read><delim>\x0a</delim><match><data>YOU WIN!</data></match></read>
    <read><delim>\x0a\x0a</delim><match><data>Adding 1533 to your hug balance.</data></match></read>
    <read><delim>\x0a</delim><match><data>You have 6896 hugs. Shall we play a game?</data></match></read>
    <read><delim>\x0a</delim><match><data>1. Coin Flip</data></match></read>
    <read><delim>\x0a</delim><match><data>2. Hangman</data></match></read>
    <read><delim>\x0a</delim><match><data>3. Dice game</data></match></read>
    <read><delim>\x0a</delim><match><data>4. War</data></match></read>
    <read><delim>\x0a</delim><match><data>q. Quit</data></match></read>
    <write><data>q\x0a</data></write>
    <read><delim>\x0a</delim><match><data>Thanks for playing! Don\x27t spend all your hugs in one place.</data></match></read>
</replay>
</pov>