<?xml version="1.0" standalone="no" ?>
<!DOCTYPE pov SYSTEM "/usr/share/cgc-docs/replay.dtd">
<pov>
<cbid>service</cbid>
<seed>3d9828449b99da937ef8f89b63258c55294e66943536cb5dcaaf175f71575ba653e9590202f6b7da7e402d303a535570</seed>
<replay>
    <read><delim>\x0a</delim><match><data>Welcome to the hug gambling server.</data></match></read>
    <read><delim>\x0a</delim><match><data>What is your name?</data></match></read>
    <write><data>JglYYHuLJz\x0a</data></write>
    <read><delim>. </delim><match><data>Hi JglYYHuLJz</data></match></read>
    <read><delim>\x0a</delim><match><data>You have 1000 hugs. Shall we play a game?</data></match></read>
    <read><delim>\x0a</delim><match><data>1. Coin Flip</data></match></read>
    <read><delim>\x0a</delim><match><data>2. Hangman</data></match></read>
    <read><delim>\x0a</delim><match><data>3. Dice game</data></match></read>
    <read><delim>\x0a</delim><match><data>4. War</data></match></read>
    <read><delim>\x0a</delim><match><data>q. Quit</data></match></read>
    <write><data>3\x0a</data></write>
    <read><delim>? </delim><match><data>How much would you like to wager</data></match></read>
    <write><data>6\x0a</data></write>
    <read><delim>? </delim><match><data>How many rolls do you want</data></match></read>
    <write><data>6\x0a</data></write>
    <read><delim>\x0a</delim><match><data>Rolling a 31337 sided dice. 31337 wins jackpot. If you guess within 100\x2c you win.</data></match></read>
    <read><delim>? </delim><match><data>What is your guess for the dice</data></match></read>
    <write><data>16431\x0a</data></write>
    <read><delim>\x0a</delim><match><data>Yes! 16431 is 0 away from 16431</data></match></read>
    <read><delim>\x0a</delim><match><data>YOU WIN!</data></match></read>
    <read><delim>\x0a\x0a</delim><match><data>Adding 6 to your hug balance.</data></match></read>
    <read><delim>\x0a</delim><match><data>Rolling a 31337 sided dice. 31337 wins jackpot. If you guess within 100\x2c you win.</data></match></read>
    <read><delim>? </delim><match><data>What is your guess for the dice</data></match></read>
    <write><data>8406\x0a</data></write>
    <read><delim>\x0a</delim><match><data>Yes! 8406 is 0 away from 8406</data></match></read>
    <read><delim>\x0a</delim><match><data>YOU WIN!</data></match></read>
    <read><delim>\x0a\x0a</delim><match><data>Adding 6 to your hug balance.</data></match></read>
    <read><delim>\x0a</delim><match><data>Rolling a 31337 sided dice. 31337 wins jackpot. If you guess within 100\x2c you win.</data></match></read>
    <read><delim>? </delim><match><data>What is your guess for the dice</data></match></read>
    <write><data>4203\x0a</data></write>
    <read><delim>\x0a</delim><match><data>Yes! 4203 is 0 away from 4203</data></match></read>
    <read><delim>\x0a</delim><match><data>YOU WIN!</data></match></read>
    <read><delim>\x0a\x0a</delim><match><data>Adding 6 to your hug balance.</data></match></read>
    <read><delim>\x0a</delim><match><data>Rolling a 31337 sided dice. 31337 wins jackpot. If you guess within 100\x2c you win.</data></match></read>
    <read><delim>? </delim><match><data>What is your guess for the dice</data></match></read>
    <write><data>2292\x0a</data></write>
    <read><delim>\x0a</delim><match><data>Yes! 2292 is 0 away from 2292</data></match></read>
    <read><delim>\x0a</delim><match><data>YOU WIN!</data></match></read>
    <read><delim>\x0a\x0a</delim><match><data>Adding 6 to your hug balance.</data></match></read>
    <read><delim>\x0a</delim><match><data>Rolling a 31337 sided dice. 31337 wins jackpot. If you guess within 100\x2c you win.</data></match></read>
    <read><delim>? </delim><match><data>What is your guess for the dice</data></match></read>
    <write><data>1146\x0a</data></write>
    <read><delim>\x0a</delim><match><data>Yes! 1146 is 0 away from 1146</data></match></read>
    <read><delim>\x0a</delim><match><data>YOU WIN!</data></match></read>
    <read><delim>\x0a\x0a</delim><match><data>Adding 6 to your hug balance.</data></match></read>
    <read><delim>\x0a</delim><match><data>Rolling a 31337 sided dice. 31337 wins jackpot. If you guess within 100\x2c you win.</data></match></read>
    <read><delim>? </delim><match><data>What is your guess for the dice</data></match></read>
    <write><data>573\x0a</data></write>
    <read><delim>\x0a</delim><match><data>Yes! 573 is 0 away from 573</data></match></read>
    <read><delim>\x0a</delim><match><data>YOU WIN!</data></match></read>
    <read><delim>\x0a\x0a</delim><match><data>Adding 6 to your hug balance.</data></match></read>
    <read><delim>\x0a</delim><match><data>You have 1036 hugs. Shall we play a game?</data></match></read>
    <read><delim>\x0a</delim><match><data>1. Coin Flip</data></match></read>
    <read><delim>\x0a</delim><match><data>2. Hangman</data></match></read>
    <read><delim>\x0a</delim><match><data>3. Dice game</data></match></read>
    <read><delim>\x0a</delim><match><data>4. War</data></match></read>
    <read><delim>\x0a</delim><match><data>q. Quit</data></match></read>
    <write><data>3\x0a</data></write>
    <read><delim>? </delim><match><data>How much would you like to wager</data></match></read>
    <write><data>466\x0a</data></write>
    <read><delim>? </delim><match><data>How many rolls do you want</data></match></read>
    <write><data>9\x0a</data></write>
    <read><delim>\x0a</delim><match><data>Rolling a 31337 sided dice. 31337 wins jackpot. If you guess within 100\x2c you win.</data></match></read>
    <read><delim>? </delim><match><data>What is your guess for the dice</data></match></read>
    <write><data>16146\x0a</data></write>
    <read><delim>\x0a</delim><match><data>Yes! 16146 is 0 away from 16146</data></match></read>
    <read><delim>\x0a</delim><match><data>YOU WIN!</data></match></read>
    <read><delim>\x0a\x0a</delim><match><data>Adding 466 to your hug balance.</data></match></read>
    <read><delim>\x0a</delim><match><data>Rolling a 31337 sided dice. 31337 wins jackpot. If you guess within 100\x2c you win.</data></match></read>
    <read><delim>? </delim><match><data>What is your guess for the dice</data></match></read>
    <write><data>8073\x0a</data></write>
    <read><delim>\x0a</delim><match><data>Yes! 8073 is 0 away from 8073</data></match></read>
    <read><delim>\x0a</delim><match><data>YOU WIN!</data></match></read>
    <read><delim>\x0a\x0a</delim><match><data>Adding 466 to your hug balance.</data></match></read>
    <read><delim>\x0a</delim><match><data>Rolling a 31337 sided dice. 31337 wins jackpot. If you guess within 100\x2c you win.</data></match></read>
    <read><delim>? </delim><match><data>What is your guess for the dice</data></match></read>
    <write><data>4227\x0a</data></write>
    <read><delim>\x0a</delim><match><data>Yes! 4227 is 0 away from 4227</data></match></read>
    <read><delim>\x0a</delim><match><data>YOU WIN!</data></match></read>
    <read><delim>\x0a\x0a</delim><match><data>Adding 466 to your hug balance.</data></match></read>
    <read><delim>\x0a</delim><match><data>Rolling a 31337 sided dice. 31337 wins jackpot. If you guess within 100\x2c you win.</data></match></read>
    <read><delim>? </delim><match><data>What is your guess for the dice</data></match></read>
    <write><data>2113\x0a</data></write>
    <read><delim>\x0a</delim><match><data>Yes! 2113 is 0 away from 2113</data></match></read>
    <read><delim>\x0a</delim><match><data>YOU WIN!</data></match></read>
    <read><delim>\x0a\x0a</delim><match><data>Adding 466 to your hug balance.</data></match></read>
    <read><delim>\x0a</delim><match><data>Rolling a 31337 sided dice. 31337 wins jackpot. If you guess within 100\x2c you win.</data></match></read>
    <read><delim>? </delim><match><data>What is your guess for the dice</data></match></read>
    <write><data>1056\x0a</data></write>
    <read><delim>\x0a</delim><match><data>Yes! 1056 is 0 away from 1056</data></match></read>
    <read><delim>\x0a</delim><match><data>YOU WIN!</data></match></read>
    <read><delim>\x0a\x0a</delim><match><data>Adding 466 to your hug balance.</data></match></read>
    <read><delim>\x0a</delim><match><data>Rolling a 31337 sided dice. 31337 wins jackpot. If you guess within 100\x2c you win.</data></match></read>
    <read><delim>? </delim><match><data>What is your guess for the dice</data></match></read>
    <write><data>528\x0a</data></write>
    <read><delim>\x0a</delim><match><data>Yes! 528 is 0 away from 528</data></match></read>
    <read><delim>\x0a</delim><match><data>YOU WIN!</data></match></read>
    <read><delim>\x0a\x0a</delim><match><data>Adding 466 to your hug balance.</data></match></read>
    <read><delim>\x0a</delim><match><data>Rolling a 31337 sided dice. 31337 wins jackpot. If you guess within 100\x2c you win.</data></match></read>
    <read><delim>? </delim><match><data>What is your guess for the dice</data></match></read>
    <write><data>455\x0a</data></write>
    <read><delim>\x0a</delim><match><data>Yes! 455 is 0 away from 455</data></match></read>
    <read><delim>\x0a</delim><match><data>YOU WIN!</data></match></read>
    <read><delim>\x0a\x0a</delim><match><data>Adding 466 to your hug balance.</data></match></read>
    <read><delim>\x0a</delim><match><data>Rolling a 31337 sided dice. 31337 wins jackpot. If you guess within 100\x2c you win.</data></match></read>
    <read><delim>? </delim><match><data>What is your guess for the dice</data></match></read>
    <write><data>227\x0a</data></write>
    <read><delim>\x0a</delim><match><data>Yes! 227 is 0 away from 227</data></match></read>
    <read><delim>\x0a</delim><match><data>YOU WIN!</data></match></read>
    <read><delim>\x0a\x0a</delim><match><data>Adding 466 to your hug balance.</data></match></read>
    <read><delim>\x0a</delim><match><data>Rolling a 31337 sided dice. 31337 wins jackpot. If you guess within 100\x2c you win.</data></match></read>
    <read><delim>? </delim><match><data>What is your guess for the dice</data></match></read>
    <write><data>15782\x0a</data></write>
    <read><delim>\x0a</delim><match><data>Yes! 15782 is 0 away from 15782</data></match></read>
    <read><delim>\x0a</delim><match><data>YOU WIN!</data></match></read>
    <read><delim>\x0a\x0a</delim><match><data>Adding 466 to your hug balance.</data></match></read>
    <read><delim>\x0a</delim><match><data>You have 5230 hugs. Shall we play a game?</data></match></read>
    <read><delim>\x0a</delim><match><data>1. Coin Flip</data></match></read>
    <read><delim>\x0a</delim><match><data>2. Hangman</data></match></read>
    <read><delim>\x0a</delim><match><data>3. Dice game</data></match></read>
    <read><delim>\x0a</delim><match><data>4. War</data></match></read>
    <read><delim>\x0a</delim><match><data>q. Quit</data></match></read>
    <write><data>2\x0a</data></write>
    <read><delim>? </delim><match><data>How much would you like to wager</data></match></read>
    <write><data>1401\x0a</data></write>
    <read><delim>\x0a</delim><match><data>HIGH ROLLER COMING THROUGH!</data></match></read>
    <read><length>21</length><match><data>\x7c\x2d\x2d\x2d\x7c\x0a\x7c\x0a\x7c\x0a\x7c\x0a\x7c\x0a\x5f\x5f\x5f\x5f\x5f\x5f\x0a</data></match></read>
    <read><delim>\x0a</delim><match><data>\x5f\x5f\x5f\x5f\x5f\x5f</data></match></read>
    <read><delim>: </delim><match><data>Please enter a guess</data></match></read>
    <write><data>i\x0a</data></write>
    <read><length>21</length><match><data>\x7c\x2d\x2d\x2d\x7c\x0a\x7c\x0a\x7c\x0a\x7c\x0a\x7c\x0a\x5f\x5f\x5f\x5f\x5f\x5f\x0a</data></match></read>
    <read><delim>\x0a</delim><match><data>\x5f\x5f\x5f\x5fi\x5f</data></match></read>
    <read><delim>: </delim><match><data>Please enter a guess</data></match></read>
    <write><data>m\x0a</data></write>
    <read><length>21</length><match><data>\x7c\x2d\x2d\x2d\x7c\x0a\x7c\x0a\x7c\x0a\x7c\x0a\x7c\x0a\x5f\x5f\x5f\x5f\x5f\x5f\x0a</data></match></read>
    <read><delim>\x0a</delim><match><data>\x5f\x5f\x5f\x5fim</data></match></read>
    <read><delim>: </delim><match><data>Please enter a guess</data></match></read>
    <write><data>n\x0a</data></write>
    <read><length>21</length><match><data>\x7c\x2d\x2d\x2d\x7c\x0a\x7c\x0a\x7c\x0a\x7c\x0a\x7c\x0a\x5f\x5f\x5f\x5f\x5f\x5f\x0a</data></match></read>
    <read><delim>\x0a</delim><match><data>\x5fn\x5f\x5fim</data></match></read>
    <read><delim>: </delim><match><data>Please enter a guess</data></match></read>
    <write><data>r\x0a</data></write>
    <read><length>21</length><match><data>\x7c\x2d\x2d\x2d\x7c\x0a\x7c\x0a\x7c\x0a\x7c\x0a\x7c\x0a\x5f\x5f\x5f\x5f\x5f\x5f\x0a</data></match></read>
    <read><delim>\x0a</delim><match><data>\x5fn\x5frim</data></match></read>
    <read><delim>: </delim><match><data>Please enter a guess</data></match></read>
    <write><data>u\x0a</data></write>
    <read><length>21</length><match><data>\x7c\x2d\x2d\x2d\x7c\x0a\x7c\x0a\x7c\x0a\x7c\x0a\x7c\x0a\x5f\x5f\x5f\x5f\x5f\x5f\x0a</data></match></read>
    <read><delim>\x0a</delim><match><data>un\x5frim</data></match></read>
    <read><delim>: </delim><match><data>Please enter a guess</data></match></read>
    <write><data>t\x0a</data></write>
    <read><delim>\x0a</delim><match><data>YOU WIN!</data></match></read>
    <read><delim>\x0a\x0a</delim><match><data>Adding 1401 to your hug balance.</data></match></read>
    <read><delim>\x0a</delim><match><data>You have 6631 hugs. Shall we play a game?</data></match></read>
    <read><delim>\x0a</delim><match><data>1. Coin Flip</data></match></read>
    <read><delim>\x0a</delim><match><data>2. Hangman</data></match></read>
    <read><delim>\x0a</delim><match><data>3. Dice game</data></match></read>
    <read><delim>\x0a</delim><match><data>4. War</data></match></read>
    <read><delim>\x0a</delim><match><data>q. Quit</data></match></read>
    <write><data>4\x0a</data></write>
    <read><delim>? </delim><match><data>How much would you like to wager</data></match></read>
    <write><data>3923\x0a</data></write>
    <read><delim>\x0a</delim><match><data>HIGH ROLLER COMING THROUGH!</data></match></read>
    <read><delim>\x0a</delim><match><data>Dealer\x27s queen of diamonds beats player\x27s nine of clubs</data></match></read>
    <read><delim>\x0a</delim><match><data>YOU LOSE!</data></match></read>
    <read><delim>\x0a\x0a</delim><match><data>Debiting 3923 from your hug balance.</data></match></read>
    <read><delim>\x0a</delim><match><data>You have 2708 hugs. Shall we play a game?</data></match></read>
    <read><delim>\x0a</delim><match><data>1. Coin Flip</data></match></read>
    <read><delim>\x0a</delim><match><data>2. Hangman</data></match></read>
    <read><delim>\x0a</delim><match><data>3. Dice game</data></match></read>
    <read><delim>\x0a</delim><match><data>4. War</data></match></read>
    <read><delim>\x0a</delim><match><data>q. Quit</data></match></read>
    <write><data>1\x0a</data></write>
    <read><delim>? </delim><match><data>How much would you like to wager</data></match></read>
    <write><data>2036\x0a</data></write>
    <read><delim>\x0a</delim><match><data>HIGH ROLLER COMING THROUGH!</data></match></read>
    <read><delim>\x0a</delim><match><data>Flipping a coin. Do you think it\x27s going to be \x28h\x29eads or \x28t\x29ails?</data></match></read>
    <write><data>t\x0a</data></write>
    <read><delim>\x0a</delim><match><data>YOU LOSE!</data></match></read>
    <read><delim>\x0a\x0a</delim><match><data>Debiting 2036 from your hug balance.</data></match></read>
    <read><delim>\x0a</delim><match><data>You have 672 hugs. Shall we play a game?</data></match></read>
    <read><delim>\x0a</delim><match><data>1. Coin Flip</data></match></read>
    <read><delim>\x0a</delim><match><data>2. Hangman</data></match></read>
    <read><delim>\x0a</delim><match><data>3. Dice game</data></match></read>
    <read><delim>\x0a</delim><match><data>4. War</data></match></read>
    <read><delim>\x0a</delim><match><data>q. Quit</data></match></read>
    <write><data>q\x0a</data></write>
    <read><delim>\x0a</delim><match><data>Thanks for playing! Don\x27t spend all your hugs in one place.</data></match></read>
</replay>
</pov>