<?xml version="1.0" standalone="no" ?>
<!DOCTYPE pov SYSTEM "/usr/share/cgc-docs/replay.dtd">
<pov>
<cbid>service</cbid>
<seed>14a729e1d2767c92a91ab7b1af15aa54a753388b040d0f2b5352473ef67fc577edd7580b2e22409d78bd9aa2a7a38c5f</seed>
<replay>
    <read><delim>\x0a</delim><match><data>Welcome to the hug gambling server.</data></match></read>
    <read><delim>\x0a</delim><match><data>What is your name?</data></match></read>
    <write><data>TvnMPcWlnZ\x0a</data></write>
    <read><delim>. </delim><match><data>Hi TvnMPcWlnZ</data></match></read>
    <read><delim>\x0a</delim><match><data>You have 1000 hugs. Shall we play a game?</data></match></read>
    <read><delim>\x0a</delim><match><data>1. Coin Flip</data></match></read>
    <read><delim>\x0a</delim><match><data>2. Hangman</data></match></read>
    <read><delim>\x0a</delim><match><data>3. Dice game</data></match></read>
    <read><delim>\x0a</delim><match><data>4. War</data></match></read>
    <read><delim>\x0a</delim><match><data>q. Quit</data></match></read>
    <write><data>3\x0a</data></write>
    <read><delim>? </delim><match><data>How much would you like to wager</data></match></read>
    <write><data>455\x0a</data></write>
    <read><delim>? </delim><match><data>How many rolls do you want</data></match></read>
    <write><data>7\x0a</data></write>
    <read><delim>\x0a</delim><match><data>Rolling a 31337 sided dice. 31337 wins jackpot. If you guess within 100\x2c you win.</data></match></read>
    <read><delim>? </delim><match><data>What is your guess for the dice</data></match></read>
    <write><data>15576\x0a</data></write>
    <read><delim>\x0a</delim><match><data>Yes! 15576 is 0 away from 15576</data></match></read>
    <read><delim>\x0a</delim><match><data>YOU WIN!</data></match></read>
    <read><delim>\x0a\x0a</delim><match><data>Adding 455 to your hug balance.</data></match></read>
    <read><delim>\x0a</delim><match><data>Rolling a 31337 sided dice. 31337 wins jackpot. If you guess within 100\x2c you win.</data></match></read>
    <read><delim>? </delim><match><data>What is your guess for the dice</data></match></read>
    <write><data>23457\x0a</data></write>
    <read><delim>\x0a</delim><match><data>Yes! 23457 is 0 away from 23457</data></match></read>
    <read><delim>\x0a</delim><match><data>YOU WIN!</data></match></read>
    <read><delim>\x0a\x0a</delim><match><data>Adding 455 to your hug balance.</data></match></read>
    <read><delim>\x0a</delim><match><data>Rolling a 31337 sided dice. 31337 wins jackpot. If you guess within 100\x2c you win.</data></match></read>
    <read><delim>? </delim><match><data>What is your guess for the dice</data></match></read>
    <write><data>11728\x0a</data></write>
    <read><delim>\x0a</delim><match><data>Yes! 11728 is 0 away from 11728</data></match></read>
    <read><delim>\x0a</delim><match><data>YOU WIN!</data></match></read>
    <read><delim>\x0a\x0a</delim><match><data>Adding 455 to your hug balance.</data></match></read>
    <read><delim>\x0a</delim><match><data>Rolling a 31337 sided dice. 31337 wins jackpot. If you guess within 100\x2c you win.</data></match></read>
    <read><delim>? </delim><match><data>What is your guess for the dice</data></match></read>
    <write><data>6055\x0a</data></write>
    <read><delim>\x0a</delim><match><data>Yes! 6055 is 0 away from 6055</data></match></read>
    <read><delim>\x0a</delim><match><data>YOU WIN!</data></match></read>
    <read><delim>\x0a\x0a</delim><match><data>Adding 455 to your hug balance.</data></match></read>
    <read><delim>\x0a</delim><match><data>Rolling a 31337 sided dice. 31337 wins jackpot. If you guess within 100\x2c you win.</data></match></read>
    <read><delim>? </delim><match><data>What is your guess for the dice</data></match></read>
    <write><data>3218\x0a</data></write>
    <read><delim>\x0a</delim><match><data>Yes! 3218 is 0 away from 3218</data></match></read>
    <read><delim>\x0a</delim><match><data>YOU WIN!</data></match></read>
    <read><delim>\x0a\x0a</delim><match><data>Adding 455 to your hug balance.</data></match></read>
    <read><delim>\x0a</delim><match><data>Rolling a 31337 sided dice. 31337 wins jackpot. If you guess within 100\x2c you win.</data></match></read>
    <read><delim>? </delim><match><data>What is your guess for the dice</data></match></read>
    <write><data>17469\x0a</data></write>
    <read><delim>\x0a</delim><match><data>Yes! 17469 is 0 away from 17469</data></match></read>
    <read><delim>\x0a</delim><match><data>YOU WIN!</data></match></read>
    <read><delim>\x0a\x0a</delim><match><data>Adding 455 to your hug balance.</data></match></read>
    <read><delim>\x0a</delim><match><data>Rolling a 31337 sided dice. 31337 wins jackpot. If you guess within 100\x2c you win.</data></match></read>
    <read><delim>? </delim><match><data>What is your guess for the dice</data></match></read>
    <write><data>8734\x0a</data></write>
    <read><delim>\x0a</delim><match><data>Yes! 8734 is 0 away from 8734</data></match></read>
    <read><delim>\x0a</delim><match><data>YOU WIN!</data></match></read>
    <read><delim>\x0a\x0a</delim><match><data>Adding 455 to your hug balance.</data></match></read>
    <read><delim>\x0a</delim><match><data>You have 4185 hugs. Shall we play a game?</data></match></read>
    <read><delim>\x0a</delim><match><data>1. Coin Flip</data></match></read>
    <read><delim>\x0a</delim><match><data>2. Hangman</data></match></read>
    <read><delim>\x0a</delim><match><data>3. Dice game</data></match></read>
    <read><delim>\x0a</delim><match><data>4. War</data></match></read>
    <read><delim>\x0a</delim><match><data>q. Quit</data></match></read>
    <write><data>1\x0a</data></write>
    <read><delim>? </delim><match><data>How much would you like to wager</data></match></read>
    <write><data>4117\x0a</data></write>
    <read><delim>\x0a</delim><match><data>HIGH ROLLER COMING THROUGH!</data></match></read>
    <read><delim>\x0a</delim><match><data>Flipping a coin. Do you think it\x27s going to be \x28h\x29eads or \x28t\x29ails?</data></match></read>
    <write><data>h\x0a</data></write>
    <read><delim>\x0a</delim><match><data>YOU LOSE!</data></match></read>
    <read><delim>\x0a\x0a</delim><match><data>Debiting 4117 from your hug balance.</data></match></read>
    <read><delim>\x0a</delim><match><data>You have 68 hugs. Shall we play a game?</data></match></read>
    <read><delim>\x0a</delim><match><data>1. Coin Flip</data></match></read>
    <read><delim>\x0a</delim><match><data>2. Hangman</data></match></read>
    <read><delim>\x0a</delim><match><data>3. Dice game</data></match></read>
    <read><delim>\x0a</delim><match><data>4. War</data></match></read>
    <read><delim>\x0a</delim><match><data>q. Quit</data></match></read>
    <write><data>2\x0a</data></write>
    <read><delim>? </delim><match><data>How much would you like to wager</data></match></read>
    <write><data>41\x0a</data></write>
    <read><length>21</length><match><data>\x7c\x2d\x2d\x2d\x7c\x0a\x7c\x0a\x7c\x0a\x7c\x0a\x7c\x0a\x5f\x5f\x5f\x5f\x5f\x5f\x0a</data></match></read>
    <read><delim>\x0a</delim><match><data>\x5f\x5f\x5f\x5f\x5f\x5f</data></match></read>
    <read><delim>: </delim><match><data>Please enter a guess</data></match></read>
    <write><data>i\x0a</data></write>
    <read><length>21</length><match><data>\x7c\x2d\x2d\x2d\x7c\x0a\x7c\x0a\x7c\x0a\x7c\x0a\x7c\x0a\x5f\x5f\x5f\x5f\x5f\x5f\x0a</data></match></read>
    <read><delim>\x0a</delim><match><data>\x5f\x5fi\x5f\x5f\x5f</data></match></read>
    <read><delim>: </delim><match><data>Please enter a guess</data></match></read>
    <write><data>S\x0a</data></write>
    <read><length>21</length><match><data>\x7c\x2d\x2d\x2d\x7c\x0a\x7c\x0a\x7c\x0a\x7c\x0a\x7c\x0a\x5f\x5f\x5f\x5f\x5f\x5f\x0a</data></match></read>
    <read><delim>\x0a</delim><match><data>S\x5fi\x5f\x5f\x5f</data></match></read>
    <read><delim>: </delim><match><data>Please enter a guess</data></match></read>
    <write><data>e\x0a</data></write>
    <read><length>21</length><match><data>\x7c\x2d\x2d\x2d\x7c\x0a\x7c\x0a\x7c\x0a\x7c\x0a\x7c\x0a\x5f\x5f\x5f\x5f\x5f\x5f\x0a</data></match></read>
    <read><delim>\x0a</delim><match><data>Sei\x5fe\x5f</data></match></read>
    <read><delim>: </delim><match><data>Please enter a guess</data></match></read>
    <write><data>d\x0a</data></write>
    <read><length>21</length><match><data>\x7c\x2d\x2d\x2d\x7c\x0a\x7c\x0a\x7c\x0a\x7c\x0a\x7c\x0a\x5f\x5f\x5f\x5f\x5f\x5f\x0a</data></match></read>
    <read><delim>\x0a</delim><match><data>Seide\x5f</data></match></read>
    <read><delim>: </delim><match><data>Please enter a guess</data></match></read>
    <write><data>l\x0a</data></write>
    <read><delim>\x0a</delim><match><data>YOU WIN!</data></match></read>
    <read><delim>\x0a\x0a</delim><match><data>Adding 41 to your hug balance.</data></match></read>
    <read><delim>\x0a</delim><match><data>You have 109 hugs. Shall we play a game?</data></match></read>
    <read><delim>\x0a</delim><match><data>1. Coin Flip</data></match></read>
    <read><delim>\x0a</delim><match><data>2. Hangman</data></match></read>
    <read><delim>\x0a</delim><match><data>3. Dice game</data></match></read>
    <read><delim>\x0a</delim><match><data>4. War</data></match></read>
    <read><delim>\x0a</delim><match><data>q. Quit</data></match></read>
    <write><data>2\x0a</data></write>
    <read><delim>? </delim><match><data>How much would you like to wager</data></match></read>
    <write><data>47\x0a</data></write>
    <read><length>21</length><match><data>\x7c\x2d\x2d\x2d\x7c\x0a\x7c\x0a\x7c\x0a\x7c\x0a\x7c\x0a\x5f\x5f\x5f\x5f\x5f\x5f\x0a</data></match></read>
    <read><delim>\x0a</delim><match><data>\x5f\x5f\x5f\x5f\x5f\x5f\x5f\x5f\x5f\x5f</data></match></read>
    <read><delim>: </delim><match><data>Please enter a guess</data></match></read>
    <write><data>s\x0a</data></write>
    <read><length>21</length><match><data>\x7c\x2d\x2d\x2d\x7c\x0a\x7c\x0a\x7c\x0a\x7c\x0a\x7c\x0a\x5f\x5f\x5f\x5f\x5f\x5f\x0a</data></match></read>
    <read><delim>\x0a</delim><match><data>s\x5f\x5f\x5f\x5f\x5f\x5f\x5fss</data></match></read>
    <read><delim>: </delim><match><data>Please enter a guess</data></match></read>
    <write><data>z\x0a</data></write>
    <read><length>21</length><match><data>\x7c\x2d\x2d\x2d\x7c\x0a\x7c\x0a\x7c\x0a\x7c\x0a\x7c\x0a\x5f\x5f\x5f\x5f\x5f\x5f\x0a</data></match></read>
    <read><delim>\x0a</delim><match><data>s\x5f\x5f\x5fz\x5f\x5f\x5fss</data></match></read>
    <read><delim>: </delim><match><data>Please enter a guess</data></match></read>
    <write><data>e\x0a</data></write>
    <read><length>21</length><match><data>\x7c\x2d\x2d\x2d\x7c\x0a\x7c\x0a\x7c\x0a\x7c\x0a\x7c\x0a\x5f\x5f\x5f\x5f\x5f\x5f\x0a</data></match></read>
    <read><delim>\x0a</delim><match><data>s\x5feeze\x5fess</data></match></read>
    <read><delim>: </delim><match><data>Please enter a guess</data></match></read>
    <write><data>l\x0a</data></write>
    <read><length>21</length><match><data>\x7c\x2d\x2d\x2d\x7c\x0a\x7c\x0a\x7c\x0a\x7c\x0a\x7c\x0a\x5f\x5f\x5f\x5f\x5f\x5f\x0a</data></match></read>
    <read><delim>\x0a</delim><match><data>s\x5feezeless</data></match></read>
    <read><delim>: </delim><match><data>Please enter a guess</data></match></read>
    <write><data>n\x0a</data></write>
    <read><delim>\x0a</delim><match><data>YOU WIN!</data></match></read>
    <read><delim>\x0a\x0a</delim><match><data>Adding 47 to your hug balance.</data></match></read>
    <read><delim>\x0a</delim><match><data>You have 156 hugs. Shall we play a game?</data></match></read>
    <read><delim>\x0a</delim><match><data>1. Coin Flip</data></match></read>
    <read><delim>\x0a</delim><match><data>2. Hangman</data></match></read>
    <read><delim>\x0a</delim><match><data>3. Dice game</data></match></read>
    <read><delim>\x0a</delim><match><data>4. War</data></match></read>
    <read><delim>\x0a</delim><match><data>q. Quit</data></match></read>
    <write><data>2\x0a</data></write>
    <read><delim>? </delim><match><data>How much would you like to wager</data></match></read>
    <write><data>101\x0a</data></write>
    <read><length>21</length><match><data>\x7c\x2d\x2d\x2d\x7c\x0a\x7c\x0a\x7c\x0a\x7c\x0a\x7c\x0a\x5f\x5f\x5f\x5f\x5f\x5f\x0a</data></match></read>
    <read><delim>\x0a</delim><match><data>\x5f\x5f\x5f\x5f\x5f</data></match></read>
    <read><delim>: </delim><match><data>Please enter a guess</data></match></read>
    <write><data>i\x0a</data></write>
    <read><length>21</length><match><data>\x7c\x2d\x2d\x2d\x7c\x0a\x7c\x0a\x7c\x0a\x7c\x0a\x7c\x0a\x5f\x5f\x5f\x5f\x5f\x5f\x0a</data></match></read>
    <read><delim>\x0a</delim><match><data>\x5fi\x5f\x5f\x5f</data></match></read>
    <read><delim>: </delim><match><data>Please enter a guess</data></match></read>
    <write><data>r\x0a</data></write>
    <read><length>21</length><match><data>\x7c\x2d\x2d\x2d\x7c\x0a\x7c\x0a\x7c\x0a\x7c\x0a\x7c\x0a\x5f\x5f\x5f\x5f\x5f\x5f\x0a</data></match></read>
    <read><delim>\x0a</delim><match><data>\x5fi\x5f\x5fr</data></match></read>
    <read><delim>: </delim><match><data>Please enter a guess</data></match></read>
    <write><data>b\x0a</data></write>
    <read><length>21</length><match><data>\x7c\x2d\x2d\x2d\x7c\x0a\x7c\x0a\x7c\x0a\x7c\x0a\x7c\x0a\x5f\x5f\x5f\x5f\x5f\x5f\x0a</data></match></read>
    <read><delim>\x0a</delim><match><data>\x5fib\x5fr</data></match></read>
    <read><delim>: </delim><match><data>Please enter a guess</data></match></read>
    <write><data>e\x0a</data></write>
    <read><length>21</length><match><data>\x7c\x2d\x2d\x2d\x7c\x0a\x7c\x0a\x7c\x0a\x7c\x0a\x7c\x0a\x5f\x5f\x5f\x5f\x5f\x5f\x0a</data></match></read>
    <read><delim>\x0a</delim><match><data>\x5fiber</data></match></read>
    <read><delim>: </delim><match><data>Please enter a guess</data></match></read>
    <write><data>F\x0a</data></write>
    <read><delim>\x0a</delim><match><data>YOU WIN!</data></match></read>
    <read><delim>\x0a\x0a</delim><match><data>Adding 101 to your hug balance.</data></match></read>
    <read><delim>\x0a</delim><match><data>You have 257 hugs. Shall we play a game?</data></match></read>
    <read><delim>\x0a</delim><match><data>1. Coin Flip</data></match></read>
    <read><delim>\x0a</delim><match><data>2. Hangman</data></match></read>
    <read><delim>\x0a</delim><match><data>3. Dice game</data></match></read>
    <read><delim>\x0a</delim><match><data>4. War</data></match></read>
    <read><delim>\x0a</delim><match><data>q. Quit</data></match></read>
    <write><data>4\x0a</data></write>
    <read><delim>? </delim><match><data>How much would you like to wager</data></match></read>
    <write><data>237\x0a</data></write>
    <read><delim>\x0a</delim><match><data>Dealer\x27s eight of diamonds beats player\x27s six of diamonds</data></match></read>
    <read><delim>\x0a</delim><match><data>YOU LOSE!</data></match></read>
    <read><delim>\x0a\x0a</delim><match><data>Debiting 237 from your hug balance.</data></match></read>
    <read><delim>\x0a</delim><match><data>You have 20 hugs. Shall we play a game?</data></match></read>
    <read><delim>\x0a</delim><match><data>1. Coin Flip</data></match></read>
    <read><delim>\x0a</delim><match><data>2. Hangman</data></match></read>
    <read><delim>\x0a</delim><match><data>3. Dice game</data></match></read>
    <read><delim>\x0a</delim><match><data>4. War</data></match></read>
    <read><delim>\x0a</delim><match><data>q. Quit</data></match></read>
    <write><data>2\x0a</data></write>
    <read><delim>? </delim><match><data>How much would you like to wager</data></match></read>
    <write><data>8\x0a</data></write>
    <read><length>21</length><match><data>\x7c\x2d\x2d\x2d\x7c\x0a\x7c\x0a\x7c\x0a\x7c\x0a\x7c\x0a\x5f\x5f\x5f\x5f\x5f\x5f\x0a</data></match></read>
    <read><delim>\x0a</delim><match><data>\x5f\x5f\x5f\x5f\x5f</data></match></read>
    <read><delim>: </delim><match><data>Please enter a guess</data></match></read>
    <write><data>i\x0a</data></write>
    <read><length>21</length><match><data>\x7c\x2d\x2d\x2d\x7c\x0a\x7c\x0a\x7c\x0a\x7c\x0a\x7c\x0a\x5f\x5f\x5f\x5f\x5f\x5f\x0a</data></match></read>
    <read><delim>\x0a</delim><match><data>\x5fi\x5f\x5f\x5f</data></match></read>
    <read><delim>: </delim><match><data>Please enter a guess</data></match></read>
    <write><data>a\x0a</data></write>
    <read><length>21</length><match><data>\x7c\x2d\x2d\x2d\x7c\x0a\x7c\x0a\x7c\x0a\x7c\x0a\x7c\x0a\x5f\x5f\x5f\x5f\x5f\x5f\x0a</data></match></read>
    <read><delim>\x0a</delim><match><data>\x5fi\x5fa\x5f</data></match></read>
    <read><delim>: </delim><match><data>Please enter a guess</data></match></read>
    <write><data>r\x0a</data></write>
    <read><length>21</length><match><data>\x7c\x2d\x2d\x2d\x7c\x0a\x7c\x0a\x7c\x0a\x7c\x0a\x7c\x0a\x5f\x5f\x5f\x5f\x5f\x5f\x0a</data></match></read>
    <read><delim>\x0a</delim><match><data>\x5fi\x5far</data></match></read>
    <read><delim>: </delim><match><data>Please enter a guess</data></match></read>
    <write><data>t\x0a</data></write>
    <read><delim>\x0a</delim><match><data>YOU WIN!</data></match></read>
    <read><delim>\x0a\x0a</delim><match><data>Adding 8 to your hug balance.</data></match></read>
    <read><delim>\x0a</delim><match><data>You have 28 hugs. Shall we play a game?</data></match></read>
    <read><delim>\x0a</delim><match><data>1. Coin Flip</data></match></read>
    <read><delim>\x0a</delim><match><data>2. Hangman</data></match></read>
    <read><delim>\x0a</delim><match><data>3. Dice game</data></match></read>
    <read><delim>\x0a</delim><match><data>4. War</data></match></read>
    <read><delim>\x0a</delim><match><data>q. Quit</data></match></read>
    <write><data>q\x0a</data></write>
    <read><delim>\x0a</delim><match><data>Thanks for playing! Don\x27t spend all your hugs in one place.</data></match></read>
</replay>
</pov>