<?xml version="1.0" standalone="no" ?>
<!DOCTYPE pov SYSTEM "/usr/share/cgc-docs/replay.dtd">
<pov>
<cbid>service</cbid>
<seed>7efbdd9baabfcf62eff1964beb823e26d0cf018cdf2ddd242ce6a79ef343000df952e9be3f5f7ca1782e063afa6d5270</seed>
<replay>
    <read><delim>\x0a</delim><match><data>Welcome to the hug gambling server.</data></match></read>
    <read><delim>\x0a</delim><match><data>What is your name?</data></match></read>
    <write><data>iUkmoDKqLH\x0a</data></write>
    <read><delim>. </delim><match><data>Hi iUkmoDKqLH</data></match></read>
    <read><delim>\x0a</delim><match><data>You have 1000 hugs. Shall we play a game?</data></match></read>
    <read><delim>\x0a</delim><match><data>1. Coin Flip</data></match></read>
    <read><delim>\x0a</delim><match><data>2. Hangman</data></match></read>
    <read><delim>\x0a</delim><match><data>3. Dice game</data></match></read>
    <read><delim>\x0a</delim><match><data>4. War</data></match></read>
    <read><delim>\x0a</delim><match><data>q. Quit</data></match></read>
    <write><data>1\x0a</data></write>
    <read><delim>? </delim><match><data>How much would you like to wager</data></match></read>
    <write><data>371\x0a</data></write>
    <read><delim>\x0a</delim><match><data>Flipping a coin. Do you think it\x27s going to be \x28h\x29eads or \x28t\x29ails?</data></match></read>
    <write><data>t\x0a</data></write>
    <read><delim>\x0a</delim><match><data>YOU WIN!</data></match></read>
    <read><delim>\x0a\x0a</delim><match><data>Adding 371 to your hug balance.</data></match></read>
    <read><delim>\x0a</delim><match><data>You have 1371 hugs. Shall we play a game?</data></match></read>
    <read><delim>\x0a</delim><match><data>1. Coin Flip</data></match></read>
    <read><delim>\x0a</delim><match><data>2. Hangman</data></match></read>
    <read><delim>\x0a</delim><match><data>3. Dice game</data></match></read>
    <read><delim>\x0a</delim><match><data>4. War</data></match></read>
    <read><delim>\x0a</delim><match><data>q. Quit</data></match></read>
    <write><data>3\x0a</data></write>
    <read><delim>? </delim><match><data>How much would you like to wager</data></match></read>
    <write><data>269\x0a</data></write>
    <read><delim>? </delim><match><data>How many rolls do you want</data></match></read>
    <write><data>14\x0a</data></write>
    <read><delim>\x0a</delim><match><data>Rolling a 31337 sided dice. 31337 wins jackpot. If you guess within 100\x2c you win.</data></match></read>
    <read><delim>? </delim><match><data>What is your guess for the dice</data></match></read>
    <write><data>610\x0a</data></write>
    <read><delim>\x0a</delim><match><data>Yes! 610 is 0 away from 610</data></match></read>
    <read><delim>\x0a</delim><match><data>YOU WIN!</data></match></read>
    <read><delim>\x0a\x0a</delim><match><data>Adding 269 to your hug balance.</data></match></read>
    <read><delim>\x0a</delim><match><data>Rolling a 31337 sided dice. 31337 wins jackpot. If you guess within 100\x2c you win.</data></match></read>
    <read><delim>? </delim><match><data>What is your guess for the dice</data></match></read>
    <write><data>16165\x0a</data></write>
    <read><delim>\x0a</delim><match><data>Yes! 16165 is 0 away from 16165</data></match></read>
    <read><delim>\x0a</delim><match><data>YOU WIN!</data></match></read>
    <read><delim>\x0a\x0a</delim><match><data>Adding 269 to your hug balance.</data></match></read>
    <read><delim>\x0a</delim><match><data>Rolling a 31337 sided dice. 31337 wins jackpot. If you guess within 100\x2c you win.</data></match></read>
    <read><delim>? </delim><match><data>What is your guess for the dice</data></match></read>
    <write><data>8082\x0a</data></write>
    <read><delim>\x0a</delim><match><data>Yes! 8082 is 0 away from 8082</data></match></read>
    <read><delim>\x0a</delim><match><data>YOU WIN!</data></match></read>
    <read><delim>\x0a\x0a</delim><match><data>Adding 269 to your hug balance.</data></match></read>
    <read><delim>\x0a</delim><match><data>Rolling a 31337 sided dice. 31337 wins jackpot. If you guess within 100\x2c you win.</data></match></read>
    <read><delim>? </delim><match><data>What is your guess for the dice</data></match></read>
    <write><data>19901\x0a</data></write>
    <read><delim>\x0a</delim><match><data>Yes! 19901 is 0 away from 19901</data></match></read>
    <read><delim>\x0a</delim><match><data>YOU WIN!</data></match></read>
    <read><delim>\x0a\x0a</delim><match><data>Adding 269 to your hug balance.</data></match></read>
    <read><delim>\x0a</delim><match><data>Rolling a 31337 sided dice. 31337 wins jackpot. If you guess within 100\x2c you win.</data></match></read>
    <read><delim>? </delim><match><data>What is your guess for the dice</data></match></read>
    <write><data>10141\x0a</data></write>
    <read><delim>\x0a</delim><match><data>Yes! 10141 is 0 away from 10141</data></match></read>
    <read><delim>\x0a</delim><match><data>YOU WIN!</data></match></read>
    <read><delim>\x0a\x0a</delim><match><data>Adding 269 to your hug balance.</data></match></read>
    <read><delim>\x0a</delim><match><data>Rolling a 31337 sided dice. 31337 wins jackpot. If you guess within 100\x2c you win.</data></match></read>
    <read><delim>? </delim><match><data>What is your guess for the dice</data></match></read>
    <write><data>5070\x0a</data></write>
    <read><delim>\x0a</delim><match><data>Yes! 5070 is 0 away from 5070</data></match></read>
    <read><delim>\x0a</delim><match><data>YOU WIN!</data></match></read>
    <read><delim>\x0a\x0a</delim><match><data>Adding 269 to your hug balance.</data></match></read>
    <read><delim>\x0a</delim><match><data>Rolling a 31337 sided dice. 31337 wins jackpot. If you guess within 100\x2c you win.</data></match></read>
    <read><delim>? </delim><match><data>What is your guess for the dice</data></match></read>
    <write><data>2535\x0a</data></write>
    <read><delim>\x0a</delim><match><data>Yes! 2535 is 0 away from 2535</data></match></read>
    <read><delim>\x0a</delim><match><data>YOU WIN!</data></match></read>
    <read><delim>\x0a\x0a</delim><match><data>Adding 269 to your hug balance.</data></match></read>
    <read><delim>\x0a</delim><match><data>Rolling a 31337 sided dice. 31337 wins jackpot. If you guess within 100\x2c you win.</data></match></read>
    <read><delim>? </delim><match><data>What is your guess for the dice</data></match></read>
    <write><data>16936\x0a</data></write>
    <read><delim>\x0a</delim><match><data>Yes! 16936 is 0 away from 16936</data></match></read>
    <read><delim>\x0a</delim><match><data>YOU WIN!</data></match></read>
    <read><delim>\x0a\x0a</delim><match><data>Adding 269 to your hug balance.</data></match></read>
    <read><delim>\x0a</delim><match><data>Rolling a 31337 sided dice. 31337 wins jackpot. If you guess within 100\x2c you win.</data></match></read>
    <read><delim>? </delim><match><data>What is your guess for the dice</data></match></read>
    <write><data>24137\x0a</data></write>
    <read><delim>\x0a</delim><match><data>Yes! 24137 is 0 away from 24137</data></match></read>
    <read><delim>\x0a</delim><match><data>YOU WIN!</data></match></read>
    <read><delim>\x0a\x0a</delim><match><data>Adding 269 to your hug balance.</data></match></read>
    <read><delim>\x0a</delim><match><data>Rolling a 31337 sided dice. 31337 wins jackpot. If you guess within 100\x2c you win.</data></match></read>
    <read><delim>? </delim><match><data>What is your guess for the dice</data></match></read>
    <write><data>12068\x0a</data></write>
    <read><delim>\x0a</delim><match><data>Yes! 12068 is 0 away from 12068</data></match></read>
    <read><delim>\x0a</delim><match><data>YOU WIN!</data></match></read>
    <read><delim>\x0a\x0a</delim><match><data>Adding 269 to your hug balance.</data></match></read>
    <read><delim>\x0a</delim><match><data>Rolling a 31337 sided dice. 31337 wins jackpot. If you guess within 100\x2c you win.</data></match></read>
    <read><delim>? </delim><match><data>What is your guess for the dice</data></match></read>
    <write><data>21703\x0a</data></write>
    <read><delim>\x0a</delim><match><data>Yes! 21703 is 0 away from 21703</data></match></read>
    <read><delim>\x0a</delim><match><data>YOU WIN!</data></match></read>
    <read><delim>\x0a\x0a</delim><match><data>Adding 269 to your hug balance.</data></match></read>
    <read><delim>\x0a</delim><match><data>Rolling a 31337 sided dice. 31337 wins jackpot. If you guess within 100\x2c you win.</data></match></read>
    <read><delim>? </delim><match><data>What is your guess for the dice</data></match></read>
    <write><data>11042\x0a</data></write>
    <read><delim>\x0a</delim><match><data>Yes! 11042 is 0 away from 11042</data></match></read>
    <read><delim>\x0a</delim><match><data>YOU WIN!</data></match></read>
    <read><delim>\x0a\x0a</delim><match><data>Adding 269 to your hug balance.</data></match></read>
    <read><delim>\x0a</delim><match><data>Rolling a 31337 sided dice. 31337 wins jackpot. If you guess within 100\x2c you win.</data></match></read>
    <read><delim>? </delim><match><data>What is your guess for the dice</data></match></read>
    <write><data>21381\x0a</data></write>
    <read><delim>\x0a</delim><match><data>Yes! 21381 is 0 away from 21381</data></match></read>
    <read><delim>\x0a</delim><match><data>YOU WIN!</data></match></read>
    <read><delim>\x0a\x0a</delim><match><data>Adding 269 to your hug balance.</data></match></read>
    <read><delim>\x0a</delim><match><data>Rolling a 31337 sided dice. 31337 wins jackpot. If you guess within 100\x2c you win.</data></match></read>
    <read><delim>? </delim><match><data>What is your guess for the dice</data></match></read>
    <write><data>10690\x0a</data></write>
    <read><delim>\x0a</delim><match><data>Yes! 10690 is 0 away from 10690</data></match></read>
    <read><delim>\x0a</delim><match><data>YOU WIN!</data></match></read>
    <read><delim>\x0a\x0a</delim><match><data>Adding 269 to your hug balance.</data></match></read>
    <read><delim>\x0a</delim><match><data>You have 5137 hugs. Shall we play a game?</data></match></read>
    <read><delim>\x0a</delim><match><data>1. Coin Flip</data></match></read>
    <read><delim>\x0a</delim><match><data>2. Hangman</data></match></read>
    <read><delim>\x0a</delim><match><data>3. Dice game</data></match></read>
    <read><delim>\x0a</delim><match><data>4. War</data></match></read>
    <read><delim>\x0a</delim><match><data>q. Quit</data></match></read>
    <write><data>3\x0a</data></write>
    <read><delim>? </delim><match><data>How much would you like to wager</data></match></read>
    <write><data>4362\x0a</data></write>
    <read><delim>\x0a</delim><match><data>HIGH ROLLER COMING THROUGH!</data></match></read>
    <read><delim>? </delim><match><data>How many rolls do you want</data></match></read>
    <write><data>8\x0a</data></write>
    <read><delim>\x0a</delim><match><data>Rolling a 31337 sided dice. 31337 wins jackpot. If you guess within 100\x2c you win.</data></match></read>
    <read><delim>? </delim><match><data>What is your guess for the dice</data></match></read>
    <write><data>21205\x0a</data></write>
    <read><delim>\x0a</delim><match><data>Yes! 21205 is 0 away from 21205</data></match></read>
    <read><delim>\x0a</delim><match><data>YOU WIN!</data></match></read>
    <read><delim>\x0a\x0a</delim><match><data>Adding 4362 to your hug balance.</data></match></read>
    <read><delim>\x0a</delim><match><data>Rolling a 31337 sided dice. 31337 wins jackpot. If you guess within 100\x2c you win.</data></match></read>
    <read><delim>? </delim><match><data>What is your guess for the dice</data></match></read>
    <write><data>10793\x0a</data></write>
    <read><delim>\x0a</delim><match><data>Yes! 10793 is 0 away from 10793</data></match></read>
    <read><delim>\x0a</delim><match><data>YOU WIN!</data></match></read>
    <read><delim>\x0a\x0a</delim><match><data>Adding 4362 to your hug balance.</data></match></read>
    <read><delim>\x0a</delim><match><data>Rolling a 31337 sided dice. 31337 wins jackpot. If you guess within 100\x2c you win.</data></match></read>
    <read><delim>? </delim><match><data>What is your guess for the dice</data></match></read>
    <write><data>21256\x0a</data></write>
    <read><delim>\x0a</delim><match><data>Yes! 21256 is 0 away from 21256</data></match></read>
    <read><delim>\x0a</delim><match><data>YOU WIN!</data></match></read>
    <read><delim>\x0a\x0a</delim><match><data>Adding 4362 to your hug balance.</data></match></read>
    <read><delim>\x0a</delim><match><data>Rolling a 31337 sided dice. 31337 wins jackpot. If you guess within 100\x2c you win.</data></match></read>
    <read><delim>? </delim><match><data>What is your guess for the dice</data></match></read>
    <write><data>10819\x0a</data></write>
    <read><delim>\x0a</delim><match><data>Yes! 10819 is 0 away from 10819</data></match></read>
    <read><delim>\x0a</delim><match><data>YOU WIN!</data></match></read>
    <read><delim>\x0a\x0a</delim><match><data>Adding 4362 to your hug balance.</data></match></read>
    <read><delim>\x0a</delim><match><data>Rolling a 31337 sided dice. 31337 wins jackpot. If you guess within 100\x2c you win.</data></match></read>
    <read><delim>? </delim><match><data>What is your guess for the dice</data></match></read>
    <write><data>21078\x0a</data></write>
    <read><delim>\x0a</delim><match><data>Yes! 21078 is 0 away from 21078</data></match></read>
    <read><delim>\x0a</delim><match><data>YOU WIN!</data></match></read>
    <read><delim>\x0a\x0a</delim><match><data>Adding 4362 to your hug balance.</data></match></read>
    <read><delim>\x0a</delim><match><data>Rolling a 31337 sided dice. 31337 wins jackpot. If you guess within 100\x2c you win.</data></match></read>
    <read><delim>? </delim><match><data>What is your guess for the dice</data></match></read>
    <write><data>26399\x0a</data></write>
    <read><delim>\x0a</delim><match><data>Yes! 26399 is 0 away from 26399</data></match></read>
    <read><delim>\x0a</delim><match><data>YOU WIN!</data></match></read>
    <read><delim>\x0a\x0a</delim><match><data>Adding 4362 to your hug balance.</data></match></read>
    <read><delim>\x0a</delim><match><data>Rolling a 31337 sided dice. 31337 wins jackpot. If you guess within 100\x2c you win.</data></match></read>
    <read><delim>? </delim><match><data>What is your guess for the dice</data></match></read>
    <write><data>29059\x0a</data></write>
    <read><delim>\x0a</delim><match><data>Yes! 29059 is 0 away from 29059</data></match></read>
    <read><delim>\x0a</delim><match><data>YOU WIN!</data></match></read>
    <read><delim>\x0a\x0a</delim><match><data>Adding 4362 to your hug balance.</data></match></read>
    <read><delim>\x0a</delim><match><data>Rolling a 31337 sided dice. 31337 wins jackpot. If you guess within 100\x2c you win.</data></match></read>
    <read><delim>? </delim><match><data>What is your guess for the dice</data></match></read>
    <write><data>14720\x0a</data></write>
    <read><delim>\x0a</delim><match><data>Yes! 14720 is 0 away from 14720</data></match></read>
    <read><delim>\x0a</delim><match><data>YOU WIN!</data></match></read>
    <read><delim>\x0a\x0a</delim><match><data>Adding 4362 to your hug balance.</data></match></read>
    <read><delim>\x0a</delim><match><data>You have 40033 hugs. Shall we play a game?</data></match></read>
    <read><delim>\x0a</delim><match><data>1. Coin Flip</data></match></read>
    <read><delim>\x0a</delim><match><data>2. Hangman</data></match></read>
    <read><delim>\x0a</delim><match><data>3. Dice game</data></match></read>
    <read><delim>\x0a</delim><match><data>4. War</data></match></read>
    <read><delim>\x0a</delim><match><data>q. Quit</data></match></read>
    <write><data>2\x0a</data></write>
    <read><delim>? </delim><match><data>How much would you like to wager</data></match></read>
    <write><data>2885\x0a</data></write>
    <read><delim>\x0a</delim><match><data>HIGH ROLLER COMING THROUGH!</data></match></read>
    <read><length>21</length><match><data>\x7c\x2d\x2d\x2d\x7c\x0a\x7c\x0a\x7c\x0a\x7c\x0a\x7c\x0a\x5f\x5f\x5f\x5f\x5f\x5f\x0a</data></match></read>
    <read><delim>\x0a</delim><match><data>\x5f\x5f\x5f\x5f\x5f\x5f\x5f\x5f\x5f\x5f\x5f\x5f\x5f</data></match></read>
    <read><delim>: </delim><match><data>Please enter a guess</data></match></read>
    <write><data>a\x0a</data></write>
    <read><length>21</length><match><data>\x7c\x2d\x2d\x2d\x7c\x0a\x7c\x0a\x7c\x0a\x7c\x0a\x7c\x0a\x5f\x5f\x5f\x5f\x5f\x5f\x0a</data></match></read>
    <read><delim>\x0a</delim><match><data>\x5f\x5f\x5fa\x5f\x5f\x5f\x5f\x5f\x5f\x5f\x5f\x5f</data></match></read>
    <read><delim>: </delim><match><data>Please enter a guess</data></match></read>
    <write><data>c\x0a</data></write>
    <read><length>21</length><match><data>\x7c\x2d\x2d\x2d\x7c\x0a\x7c\x0a\x7c\x0a\x7c\x0a\x7c\x0a\x5f\x5f\x5f\x5f\x5f\x5f\x0a</data></match></read>
    <read><delim>\x0a</delim><match><data>\x5f\x5f\x5fa\x5f\x5f\x5f\x5f\x5f\x5f\x5fc\x5f</data></match></read>
    <read><delim>: </delim><match><data>Please enter a guess</data></match></read>
    <write><data>e\x0a</data></write>
    <read><length>21</length><match><data>\x7c\x2d\x2d\x2d\x7c\x0a\x7c\x0a\x7c\x0a\x7c\x0a\x7c\x0a\x5f\x5f\x5f\x5f\x5f\x5f\x0a</data></match></read>
    <read><delim>\x0a</delim><match><data>\x5f\x5fea\x5f\x5fe\x5f\x5fe\x5fc\x5f</data></match></read>
    <read><delim>: </delim><match><data>Please enter a guess</data></match></read>
    <write><data>d\x0a</data></write>
    <read><length>21</length><match><data>\x7c\x2d\x2d\x2d\x7c\x0a\x7c\x0a\x7c\x0a\x7c\x0a\x7c\x0a\x5f\x5f\x5f\x5f\x5f\x5f\x0a</data></match></read>
    <read><delim>\x0a</delim><match><data>\x5f\x5fead\x5fe\x5f\x5fe\x5fc\x5f</data></match></read>
    <read><delim>: </delim><match><data>Please enter a guess</data></match></read>
    <write><data>n\x0a</data></write>
    <read><length>21</length><match><data>\x7c\x2d\x2d\x2d\x7c\x0a\x7c\x0a\x7c\x0a\x7c\x0a\x7c\x0a\x5f\x5f\x5f\x5f\x5f\x5f\x0a</data></match></read>
    <read><delim>\x0a</delim><match><data>\x5f\x5fead\x5fe\x5f\x5fenc\x5f</data></match></read>
    <read><delim>: </delim><match><data>Please enter a guess</data></match></read>
    <write><data>p\x0a</data></write>
    <read><length>21</length><match><data>\x7c\x2d\x2d\x2d\x7c\x0a\x7c\x0a\x7c\x0a\x7c\x0a\x7c\x0a\x5f\x5f\x5f\x5f\x5f\x5f\x0a</data></match></read>
    <read><delim>\x0a</delim><match><data>p\x5fead\x5fe\x5f\x5fenc\x5f</data></match></read>
    <read><delim>: </delim><match><data>Please enter a guess</data></match></read>
    <write><data>r\x0a</data></write>
    <read><length>21</length><match><data>\x7c\x2d\x2d\x2d\x7c\x0a\x7c\x0a\x7c\x0a\x7c\x0a\x7c\x0a\x5f\x5f\x5f\x5f\x5f\x5f\x0a</data></match></read>
    <read><delim>\x0a</delim><match><data>pread\x5fer\x5fenc\x5f</data></match></read>
    <read><delim>: </delim><match><data>Please enter a guess</data></match></read>
    <write><data>t\x0a</data></write>
    <read><length>21</length><match><data>\x7c\x2d\x2d\x2d\x7c\x0a\x7c\x0a\x7c\x0a\x7c\x0a\x7c\x0a\x5f\x5f\x5f\x5f\x5f\x5f\x0a</data></match></read>
    <read><delim>\x0a</delim><match><data>pread\x5fertenc\x5f</data></match></read>
    <read><delim>: </delim><match><data>Please enter a guess</data></match></read>
    <write><data>v\x0a</data></write>
    <read><length>21</length><match><data>\x7c\x2d\x2d\x2d\x7c\x0a\x7c\x0a\x7c\x0a\x7c\x0a\x7c\x0a\x5f\x5f\x5f\x5f\x5f\x5f\x0a</data></match></read>
    <read><delim>\x0a</delim><match><data>preadvertenc\x5f</data></match></read>
    <read><delim>: </delim><match><data>Please enter a guess</data></match></read>
    <write><data>y\x0a</data></write>
    <read><delim>\x0a</delim><match><data>YOU WIN!</data></match></read>
    <read><delim>\x0a\x0a</delim><match><data>Adding 2885 to your hug balance.</data></match></read>
    <read><delim>\x0a</delim><match><data>You have 42918 hugs. Shall we play a game?</data></match></read>
    <read><delim>\x0a</delim><match><data>1. Coin Flip</data></match></read>
    <read><delim>\x0a</delim><match><data>2. Hangman</data></match></read>
    <read><delim>\x0a</delim><match><data>3. Dice game</data></match></read>
    <read><delim>\x0a</delim><match><data>4. War</data></match></read>
    <read><delim>\x0a</delim><match><data>q. Quit</data></match></read>
    <write><data>q\x0a</data></write>
    <read><delim>\x0a</delim><match><data>Thanks for playing! Don\x27t spend all your hugs in one place.</data></match></read>
</replay>
</pov>