<?xml version="1.0" standalone="no" ?>
<!DOCTYPE pov SYSTEM "/usr/share/cgc-docs/replay.dtd">
<pov>
<cbid>service</cbid>
<seed>ced47471c5bbaa685b2e323697cf4a720ef7462aaefcbd1b8af1c277e10dadeea5fa46f8e4c71621cc0d734c9c87b977</seed>
<replay>
    <read><delim>\x0a</delim><match><data>Welcome to the hug gambling server.</data></match></read>
    <read><delim>\x0a</delim><match><data>What is your name?</data></match></read>
    <write><data>KFpYnGVIEM\x0a</data></write>
    <read><delim>. </delim><match><data>Hi KFpYnGVIEM</data></match></read>
    <read><delim>\x0a</delim><match><data>You have 1000 hugs. Shall we play a game?</data></match></read>
    <read><delim>\x0a</delim><match><data>1. Coin Flip</data></match></read>
    <read><delim>\x0a</delim><match><data>2. Hangman</data></match></read>
    <read><delim>\x0a</delim><match><data>3. Dice game</data></match></read>
    <read><delim>\x0a</delim><match><data>4. War</data></match></read>
    <read><delim>\x0a</delim><match><data>q. Quit</data></match></read>
    <write><data>4\x0a</data></write>
    <read><delim>? </delim><match><data>How much would you like to wager</data></match></read>
    <write><data>515\x0a</data></write>
    <read><delim>\x0a</delim><match><data>Player\x27s ace of hearts beats dealer\x27s queen of clubs</data></match></read>
    <read><delim>\x0a</delim><match><data>YOU WIN!</data></match></read>
    <read><delim>\x0a\x0a</delim><match><data>Adding 515 to your hug balance.</data></match></read>
    <read><delim>\x0a</delim><match><data>You have 1515 hugs. Shall we play a game?</data></match></read>
    <read><delim>\x0a</delim><match><data>1. Coin Flip</data></match></read>
    <read><delim>\x0a</delim><match><data>2. Hangman</data></match></read>
    <read><delim>\x0a</delim><match><data>3. Dice game</data></match></read>
    <read><delim>\x0a</delim><match><data>4. War</data></match></read>
    <read><delim>\x0a</delim><match><data>q. Quit</data></match></read>
    <write><data>q\x0a</data></write>
    <read><delim>\x0a</delim><match><data>Thanks for playing! Don\x27t spend all your hugs in one place.</data></match></read>
</replay>
</pov>