<?xml version="1.0" standalone="no" ?>
<!DOCTYPE pov SYSTEM "/usr/share/cgc-docs/replay.dtd">
<pov>
<cbid>service</cbid>
<seed>019ad0e28df36834fc3083ae572e86de421d4ef9b211865a7804a1ebf023725a63c9a32031dd3c9e007265d4bc22c2c6</seed>
<replay>
    <!-- Invalid Command -->
    <write><data>\x13</data></write>
    <read><length>1</length><match><data>\x00</data></match></read>
    <read><length>2</length><match><data>\x00\x00</data></match></read>
    <!-- Invalid Command -->
    <write><data>s</data></write>
    <read><length>1</length><match><data>\x00</data></match></read>
    <read><length>2</length><match><data>\x00\x00</data></match></read>
    <!-- Add Keypad -->
    <write><data>\x02</data></write>
    <write><data>\x01</data></write>
    <read><length>1</length><match><data>\x03</data></match></read>
    <read><length>2</length><match><data>fx</data></match></read>
    <!-- Del Device -->
    <write><data>\x03</data></write>
    <write><data>fx</data></write>
    <read><length>1</length><match><data>\x03</data></match></read>
    <read><length>2</length><match><data>\x00\x00</data></match></read>
    <!-- Add Motion -->
    <write><data>\x02</data></write>
    <write><data>\x04</data></write>
    <write><data>\x01</data></write>
    <read><length>1</length><match><data>\x03</data></match></read>
    <read><length>2</length><match><data>\xe1\x18</data></match></read>
    <!-- Grant Acesss with invalid DeviceId -->
    <!-- Add Random User -->
    <!-- Add User -->
    <write><data>\x00</data></write>
    <write><data>\x7b\xa1\x07\x01I\x87\x8c\x01\x03\x5dN\xb3\xe5f\xd3\xed\xffG\xd5\x00\x00\x00\x00\x00\x00\x00\x00\x00\x00\x00\x00\x00\xf9\xd3\x99\x27K\xa3\x08\x1d\xfa\xba\xda\x2b\xb4da\x2a\xe1\xbaU\x84\x9a\xaap\x9d\x00\x00\x00\x00\x00\x00\x00\x00d.\x8b\xbdp\xcd\x1eNp\xbd\x23\xf20\x9d4R\xc2d\x00\x00\x00\x00\x00\x00\x00\x00\x00\x00\x00\x00\x00\x0031752\x0035CDC78CD1719BFEB83A5A937E3DBB7\x00</data></write>
    <read><length>1</length><match><data>\x03</data></match></read>
    <read><length>2</length><match><data>\x00\x00</data></match></read>
    <write><data>\x05</data></write>
    <write><data>\x1c\x00\x00</data></write>
    <read><length>1</length><match><data>\x07</data></match></read>
    <read><length>2</length><match><data>\x00\x00</data></match></read>
    <!-- Power Off -->
    <write><data>\x04</data></write>
    <read><length>1</length><match><data>\x03</data></match></read>
    <read><length>2</length><match><data>\x00\x00</data></match></read>
</replay>
</pov>