<?xml version="1.0" standalone="no" ?>
<!DOCTYPE pov SYSTEM "/usr/share/cgc-docs/replay.dtd">
<pov>
<cbid>service</cbid>
<seed>326af924d59a4d69fcbe0c2b6a7d33c4936660b7a80207695b6be71a1585c2be5c12b2b63d99850d892db7ade3a40714</seed>
<replay>
    <!-- Grant Acesss with invalid DeviceId -->
    <!-- Add Random User -->
    <!-- Add User -->
    <write><data>\x00</data></write>
    <write><data>m\xece\x1e\x402\x1a\xac\x92YeY\x80\xf6\xccc\x7e\xc8\xbc\x13\x9dz\xb4Bs\xda\x3c5\x00\x00\x00\x00\x05\x00\x00\x00\x00\x00\x00\x00\x00\x00\x00\x00\x00\x00\x00\x00\x00\x00\x00\x00\x00\x00\x00\x00\x00\x00\x00\x00\x00\x00\x00\x00Z\x91\x00\x00\x00\x00\x00\x00\x00\x00\x00\x00\x00\x00\x00\x00\x00\x00\x00\x00\x00\x00\x00\x00\x00\x00\x00\x00\x00\x00\x00\x0001138\x00ADFDBF7EC3BDFCF3624E1F90B99F1DB\x00</data></write>
    <read><length>1</length><match><data>\x03</data></match></read>
    <read><length>2</length><match><data>\x00\x00</data></match></read>
    <write><data>\x05</data></write>
    <write><data>\x1f\x00\x00</data></write>
    <read><length>1</length><match><data>\x07</data></match></read>
    <read><length>2</length><match><data>\x00\x00</data></match></read>
    <!-- Del User -->
    <write><data>\x01</data></write>
    <write><data>m\xece\x1e\x402\x1a\xac\x92YeY\x80\xf6\xccc\x7e\xc8\xbc\x13\x9dz\xb4Bs\xda\x3c5\x00\x00\x00\x00</data></write>
    <read><length>1</length><match><data>\x03</data></match></read>
    <read><length>2</length><match><data>\x00\x00</data></match></read>
    <!-- Invalid Command -->
    <write><data>\x7c</data></write>
    <read><length>1</length><match><data>\x00</data></match></read>
    <read><length>2</length><match><data>\x00\x00</data></match></read>
    <!-- Add Random User -->
    <!-- Add User -->
    <write><data>\x00</data></write>
    <write><data>\xc1\x92\x02\x00\x00\x00\x00\x00\x00\x00\x00\x00\x00\x00\x00\x00\x00\x00\x00\x00\x00\x00\x00\x00\x00\x00\x00\x00\x00\x00\x00\x00\x5e\xbb\xaa?.H\x18\x1b\x8f\x00\x00\x00\x00\x00\x00\x00\x00\x00\x00\x00\x00\x00\x00\x00\x00\x00\x00\x00\x00\x00\x00\x00\xbc\xc9\xc59\xd4\xf9\x2fQ\x8c\xfbQ\x3e\xa5\xd8\xc3\x00\x00\x00\x00\x00\x00\x00\x00\x00\x00\x00\x00\x00\x00\x00\x00\x0088758\x0082C41B7137ADBEA39DD6FBE67E5E3D3\x00</data></write>
    <read><length>1</length><match><data>\x03</data></match></read>
    <read><length>2</length><match><data>\x00\x00</data></match></read>
    <!-- Add Random User -->
    <!-- Add User -->
    <write><data>\x00</data></write>
    <write><data>\xa4\xab\x5e\xe1\x1e\x8f\xef\xda\xf1\x00\x00\x00\x00\x00\x00\x00\x00\x00\x00\x00\x00\x00\x00\x00\x00\x00\x00\x00\x00\x00\x00\x00\x06\xb0\xfc\xaa\x24\xdd\xb3\x93j\xe7u\x00\x00\x00\x00\x00\x00\x00\x00\x00\x00\x00\x00\x00\x00\x00\x00\x00\x00\x00\x00\x00\xa6Y\xbf\x5f:\x03\xf0q\xc0\xd9\xces\xd6y\x91\x0a\x00\x00\x00\x00\x00\x00\x00\x00\x00\x00\x00\x00\x00\x00\x00\x0073142\x006AEC67F6F5EAB01F9D7F7BE520A14E3\x00</data></write>
    <read><length>1</length><match><data>\x03</data></match></read>
    <read><length>2</length><match><data>\x00\x00</data></match></read>
    <!-- Power Off -->
    <write><data>\x04</data></write>
    <read><length>1</length><match><data>\x03</data></match></read>
    <read><length>2</length><match><data>\x00\x00</data></match></read>
</replay>
</pov>