<?xml version="1.0" standalone="no" ?>
<!DOCTYPE pov SYSTEM "/usr/share/cgc-docs/replay.dtd">
<pov>
<cbid>service</cbid>
<seed>048e56307e0969d7348d3cd20b2d3d79a13aa5ce3d10abeb574014317039276792a63ff868946ec3363d7f38e68c0c1d</seed>
<replay>
    <!-- Add Random User -->
    <!-- Add User -->
    <write><data>\x00</data></write>
    <write><data>\x06\x25\x80\x92\xa6:\xc8TIL\x00\x00\x00\x00\x00\x00\x00\x00\x00\x00\x00\x00\x00\x00\x00\x00\x00\x00\x00\x00\x00\x00\x5f\xf5\xf6sW\xaf\xf0\x9b\x8fIc\xd3\x1f\x94Q\x00\x00\x00\x00\x00\x00\x00\x00\x00\x00\x00\x00\x00\x00\x00\x00\x00\xed\xac.z\xb0\x25I\x29\x03\xb3\x1a\x0f\x26\xe9\x7dJO\xfa\x5d\xce\x10\xc2\xde\x8eM?\xcdx\x01\x9b\x00\x0094510\x00353018AD7C01552BCEB2A9CA1F240D2\x00</data></write>
    <read><length>1</length><match><data>\x03</data></match></read>
    <read><length>2</length><match><data>\x00\x00</data></match></read>
    <!-- Invalid Command -->
    <write><data>\x16</data></write>
    <read><length>1</length><match><data>\x00</data></match></read>
    <read><length>2</length><match><data>\x00\x00</data></match></read>
    <!-- Add Random User -->
    <!-- Add User -->
    <write><data>\x00</data></write>
    <write><data>\xbf\x0e\x9e7t\xe8\x3d\xac\xe5?\xd73\x8c\x40B\xa4:\x0dW\xd9.\xab\xc0\xa4h\x00\x00\x00\x00\x00\x00\x00\xa4Y\x12\xa1z:\xc2\x3d\xe2Z\xbf\xaa\x40\xe3\xcb\x5e\x83\xafk\x5d\xd7\x7evk\xf4\xd9U\xb9\xc7\x8e\x5e\x00\x3b\xaf\x02\x87\x08\x85\xe6p\xd6\x048\x1c\x16\xe7\x0e\x94\x00\x00\x00\x00\x00\x00\x00\x00\x00\x00\x00\x00\x00\x00\x00\x0023663\x00BB4EDCFCE7A07A6FDC48599813CADDA\x00</data></write>
    <read><length>1</length><match><data>\x03</data></match></read>
    <read><length>2</length><match><data>\x00\x00</data></match></read>
    <!-- Add Smoke -->
    <write><data>\x02</data></write>
    <write><data>\x06</data></write>
    <write><data>\x00</data></write>
    <read><length>1</length><match><data>\x03</data></match></read>
    <read><length>2</length><match><data>\x03\x2d</data></match></read>
    <!-- Del Device -->
    <write><data>\x03</data></write>
    <write><data>\x03\x2d</data></write>
    <read><length>1</length><match><data>\x03</data></match></read>
    <read><length>2</length><match><data>\x00\x00</data></match></read>
    <!-- Invalid Command -->
    <write><data>u</data></write>
    <read><length>1</length><match><data>\x00</data></match></read>
    <read><length>2</length><match><data>\x00\x00</data></match></read>
    <!-- Add Smoke -->
    <write><data>\x02</data></write>
    <write><data>\x06</data></write>
    <write><data>\x00</data></write>
    <read><length>1</length><match><data>\x03</data></match></read>
    <read><length>2</length><match><data>\xd7\x01</data></match></read>
    <!-- Del Device -->
    <write><data>\x03</data></write>
    <write><data>\xd7\x01</data></write>
    <read><length>1</length><match><data>\x03</data></match></read>
    <read><length>2</length><match><data>\x00\x00</data></match></read>
    <!-- Add Motion -->
    <write><data>\x02</data></write>
    <write><data>\x04</data></write>
    <write><data>\x00</data></write>
    <read><length>1</length><match><data>\x03</data></match></read>
    <read><length>2</length><match><data>6\x85</data></match></read>
    <!-- Del Device -->
    <write><data>\x03</data></write>
    <write><data>6\x85</data></write>
    <read><length>1</length><match><data>\x03</data></match></read>
    <read><length>2</length><match><data>\x00\x00</data></match></read>
    <!-- Add Contact -->
    <write><data>\x02</data></write>
    <write><data>\x03</data></write>
    <write><data>\x01\x01</data></write>
    <read><length>1</length><match><data>\x03</data></match></read>
    <read><length>2</length><match><data>3u</data></match></read>
    <!-- Del Device -->
    <write><data>\x03</data></write>
    <write><data>3u</data></write>
    <read><length>1</length><match><data>\x03</data></match></read>
    <read><length>2</length><match><data>\x00\x00</data></match></read>
    <!-- Invalid Command -->
    <write><data>k</data></write>
    <read><length>1</length><match><data>\x00</data></match></read>
    <read><length>2</length><match><data>\x00\x00</data></match></read>
    <!-- Add Heat -->
    <write><data>\x02</data></write>
    <write><data>\x05</data></write>
    <write><data>O\x60</data></write>
    <read><length>1</length><match><data>\x03</data></match></read>
    <read><length>2</length><match><data>\xc3E</data></match></read>
    <!-- Del Device -->
    <write><data>\x03</data></write>
    <write><data>\xc3E</data></write>
    <read><length>1</length><match><data>\x03</data></match></read>
    <read><length>2</length><match><data>\x00\x00</data></match></read>
    <!-- Power Off -->
    <write><data>\x04</data></write>
    <read><length>1</length><match><data>\x03</data></match></read>
    <read><length>2</length><match><data>\x00\x00</data></match></read>
</replay>
</pov>