<?xml version="1.0" standalone="no" ?>
<!DOCTYPE pov SYSTEM "/usr/share/cgc-docs/replay.dtd">
<pov>
<cbid>service</cbid>
<seed>f52174528038cf55372ef4fa6ba741a4ef25e80d5536a62e8beaf4459355b926632d2f055a92f66a81e0f824755e3f01</seed>
<replay>
    <!-- Add Random User -->
    <!-- Add User -->
    <write><data>\x00</data></write>
    <write><data>\x85\x0a\xd2\xb1\xbb\xc5\x2f\xc2\xb2\xe0\xde\xf6\x86\x00\x00\x00\x00\x00\x00\x00\x00\x00\x00\x00\x00\x00\x00\x00\x00\x00\x00\x00\xc2\x82\xf3\x8e\x5f\x9e\x00\x00\x00\x00\x00\x00\x00\x00\x00\x00\x00\x00\x00\x00\x00\x00\x00\x00\x00\x00\x00\x00\x00\x00\x00\x00\x90\xe6\xeb\xa5\xe4\x1f\xd7\x05\x8b\x28V\x23\xd7m\x8caA\x00\x00\x00\x00\x00\x00\x00\x00\x00\x00\x00\x00\x00\x00\x0070569\x007FC84F74F0FC3FC5DD286AE1AFE7B9C\x00</data></write>
    <read><length>1</length><match><data>\x03</data></match></read>
    <read><length>2</length><match><data>\x00\x00</data></match></read>
    <!-- Test Full Alarm System -->
    <!-- Add Contact -->
    <write><data>\x02</data></write>
    <write><data>\x03</data></write>
    <write><data>\x00\x01</data></write>
    <read><length>1</length><match><data>\x03</data></match></read>
    <read><length>2</length><match><data>\x8f\xb3</data></match></read>
    <!-- Add Alarm -->
    <write><data>\x02</data></write>
    <write><data>\x07</data></write>
    <read><length>1</length><match><data>\x03</data></match></read>
    <read><length>2</length><match><data>\x90P</data></match></read>
    <!-- Add Device to Alarm -->
    <write><data>\x07</data></write>
    <write><data>\x8f\xb3\x90P</data></write>
    <!-- Found Alarm -->
    <read><length>1</length><match><data>\x03</data></match></read>
    <read><length>2</length><match><data>\x00\x00</data></match></read>
    <!-- Add Random User -->
    <!-- Add User -->
    <write><data>\x00</data></write>
    <write><data>\xb9\x96\xc4\x00\x00\x00\x00\x00\x00\x00\x00\x00\x00\x00\x00\x00\x00\x00\x00\x00\x00\x00\x00\x00\x00\x00\x00\x00\x00\x00\x00\x00\x02Kc\x04g\xee\xb9\xc3\xae\xed\x8c\x9d\x17\x89E\xfb\xa5\xb9\x27\xa0p\x00\x00\x00\x00\x00\x00\x00\x00\x00\x00\x00\xb6\x5c\xf2f\x98\xd5b\x050\xcf\xb5\x82i\x40\x00\x00\x00\x00\x00\x00\x00\x00\x00\x00\x00\x00\x00\x00\x00\x00\x00\x0039039\x00F111D3749CBED04B32394AB2ED0DCCD\x00</data></write>
    <read><length>1</length><match><data>\x03</data></match></read>
    <read><length>2</length><match><data>\x00\x00</data></match></read>
    <!-- Add Keypad -->
    <write><data>\x02</data></write>
    <write><data>\x01</data></write>
    <read><length>1</length><match><data>\x03</data></match></read>
    <read><length>2</length><match><data>\x7f </data></match></read>
    <!-- Add Device to Alarm -->
    <write><data>\x07</data></write>
    <write><data>\x7f \x90P</data></write>
    <!-- Found Alarm -->
    <read><length>1</length><match><data>\x03</data></match></read>
    <read><length>2</length><match><data>\x00\x00</data></match></read>
    <!-- Grant Access -->
    <write><data>\x05</data></write>
    <write><data>\x7f \x00</data></write>
    <read><length>1</length><match><data>\x03</data></match></read>
    <read><length>2</length><match><data>\x00\x00</data></match></read>
    <!-- Update Keypad -->
    <!-- Pins: \x5b\x2770569\x27\x5d -->
    <!-- Add Device to Alarm -->
    <write><data>\x07</data></write>
    <write><data>\x7f \x90P</data></write>
    <!-- Found Alarm -->
    <read><length>1</length><match><data>\x03</data></match></read>
    <read><length>2</length><match><data>\x00\x00</data></match></read>
    <!-- arming Device: 5090 -->
    <write><data>\x06</data></write>
    <write><data>\x7f </data></write>
    <write><data>70569</data></write>
    <!-- Found Alarm -->
    <!-- Found Armed Alarm -->
    <!-- Found device in alarm -->
    <!-- New alarm state -->
    <read><length>1</length><match><data>\x0a</data></match></read>
    <read><length>2</length><match><data>\x90P</data></match></read>
    <read><length>1</length><match><data>\x03</data></match></read>
    <read><length>2</length><match><data>\x00\x00</data></match></read>
    <!-- Update Contact -->
    <write><data>\x06</data></write>
    <write><data>\x8f\xb3</data></write>
    <write><data>\x00</data></write>
    <!-- Found Alarm -->
    <!-- Found Armed Alarm -->
    <read><length>1</length><match><data>\x03</data></match></read>
    <read><length>2</length><match><data>\x00\x00</data></match></read>
    <!-- Grant Access -->
    <write><data>\x05</data></write>
    <write><data>\x7f \x00</data></write>
    <read><length>1</length><match><data>\x03</data></match></read>
    <read><length>2</length><match><data>\x00\x00</data></match></read>
    <!-- Add Random User -->
    <!-- Add User -->
    <write><data>\x00</data></write>
    <write><data>\xde\xd2\x5c0\xaf\xef \x18\xf7\x5d\x80\x22\xbb\x8f\x1d \x00\x00\x00\x00\x00\x00\x00\x00\x00\x00\x00\x00\x00\x00\x00\x00\xcb\x26\x15\xf6\x2b\x92\x91\xb3\x0f\xd9\x80F\x00\x00\x00\x00\x00\x00\x00\x00\x00\x00\x00\x00\x00\x00\x00\x00\x00\x00\x00\x00\x16QMf\x00\x00\x00\x00\x00\x00\x00\x00\x00\x00\x00\x00\x00\x00\x00\x00\x00\x00\x00\x00\x00\x00\x00\x00\x00\x00\x00\x0097595\x0027A35FA91DD90D96DAFAE7ECD1FA46D\x00</data></write>
    <read><length>1</length><match><data>\x03</data></match></read>
    <read><length>2</length><match><data>\x00\x00</data></match></read>
    <!-- List Alarm Codes -->
    <write><data>\x08</data></write>
    <write><data>\x7f </data></write>
    <read><length>1</length><match><data>\x01</data></match></read>
    <read><length>32</length><match><data>70569\x00\x00\x00\x00\x00\x00\x00\x00\x00\x00\x00\x00\x00\x00\x00\x00\x00\x00\x00\x00\x00\x00\x00\x00\x00\x00\x00</data></match></read>
    <read><length>1</length><match><data>\x03</data></match></read>
    <read><length>2</length><match><data>\x00\x00</data></match></read>
    <!-- List Alarm Codes -->
    <write><data>\x08</data></write>
    <write><data>\x7f </data></write>
    <read><length>1</length><match><data>\x01</data></match></read>
    <read><length>32</length><match><data>70569\x00\x00\x00\x00\x00\x00\x00\x00\x00\x00\x00\x00\x00\x00\x00\x00\x00\x00\x00\x00\x00\x00\x00\x00\x00\x00\x00</data></match></read>
    <read><length>1</length><match><data>\x03</data></match></read>
    <read><length>2</length><match><data>\x00\x00</data></match></read>
    <!-- Del Device -->
    <write><data>\x03</data></write>
    <write><data>\x90P</data></write>
    <read><length>1</length><match><data>\x03</data></match></read>
    <read><length>2</length><match><data>\x00\x00</data></match></read>
    <!-- Grant Acesss with invalid device type -->
    <write><data>\x05</data></write>
    <write><data>\x8f\xb3\x02</data></write>
    <read><length>1</length><match><data>\x07</data></match></read>
    <read><length>2</length><match><data>\x00\x00</data></match></read>
    <!-- Del Invalid User -->
    <write><data>\x01</data></write>
    <write><data>\xbc\x82\xa5\x85\x88\x09\x91\x25\x5c\x5f\x97\x95W6u8p\xbd\xa6e\xe4\x87\x00\x00\x00\x00\x00\x00\x00\x00\x00\x00</data></write>
    <read><length>1</length><match><data>\x04</data></match></read>
    <read><length>2</length><match><data>\x00\x00</data></match></read>
    <!-- Del Device -->
    <write><data>\x03</data></write>
    <write><data>\x8f\xb3</data></write>
    <read><length>1</length><match><data>\x03</data></match></read>
    <read><length>2</length><match><data>\x00\x00</data></match></read>
    <!-- Test Full Alarm System -->
    <!-- Add Contact -->
    <write><data>\x02</data></write>
    <write><data>\x03</data></write>
    <write><data>\x01\x00</data></write>
    <read><length>1</length><match><data>\x03</data></match></read>
    <read><length>2</length><match><data>\x05\xe9</data></match></read>
    <!-- Add Alarm -->
    <write><data>\x02</data></write>
    <write><data>\x07</data></write>
    <read><length>1</length><match><data>\x03</data></match></read>
    <read><length>2</length><match><data>mZ</data></match></read>
    <!-- Add Device to Alarm -->
    <write><data>\x07</data></write>
    <write><data>\x05\xe9mZ</data></write>
    <!-- Found Alarm -->
    <read><length>1</length><match><data>\x03</data></match></read>
    <read><length>2</length><match><data>\x00\x00</data></match></read>
    <!-- Add Random User -->
    <!-- Add User -->
    <write><data>\x00</data></write>
    <write><data>\x84\x08\x00\x00\x00\x00\x00\x00\x00\x00\x00\x00\x00\x00\x00\x00\x00\x00\x00\x00\x00\x00\x00\x00\x00\x00\x00\x00\x00\x00\x00\x00\x10\xc4\x14\xcf\xa1\x27\x09\x19\x0eqtEE0\xf5R\x93\x1fO\xea\x10\xa8\x19\xdd\x84i\x23\x3b\x00\x00\x00\x00\xe2\x02\xf4!\xc3\xcdf\xc8\x5c\xad\x5b\x9axp\x9b\xde\xe8l\x80V\x27\x92\xea\xfc\xcb\x00\x00\x00\x00\x00\x00\x0002243\x00F1FC96E63CDF999EBB56BF599450A36\x00</data></write>
    <read><length>1</length><match><data>\x03</data></match></read>
    <read><length>2</length><match><data>\x00\x00</data></match></read>
    <!-- Add Keypad -->
    <write><data>\x02</data></write>
    <write><data>\x01</data></write>
    <read><length>1</length><match><data>\x03</data></match></read>
    <read><length>2</length><match><data>\xbaP</data></match></read>
    <!-- Add Device to Alarm -->
    <write><data>\x07</data></write>
    <write><data>\xbaPmZ</data></write>
    <!-- Found Alarm -->
    <read><length>1</length><match><data>\x03</data></match></read>
    <read><length>2</length><match><data>\x00\x00</data></match></read>
    <!-- Grant Access -->
    <write><data>\x05</data></write>
    <write><data>\x7f \x02</data></write>
    <read><length>1</length><match><data>\x03</data></match></read>
    <read><length>2</length><match><data>\x00\x00</data></match></read>
    <!-- Update Keypad -->
    <!-- Grant Access -->
    <write><data>\x05</data></write>
    <write><data>\xbaP\x02</data></write>
    <read><length>1</length><match><data>\x03</data></match></read>
    <read><length>2</length><match><data>\x00\x00</data></match></read>
    <!-- Pins: \x5b\x2797595\x27\x5d -->
    <!-- Add Device to Alarm -->
    <write><data>\x07</data></write>
    <write><data>\xbaPmZ</data></write>
    <!-- Found Alarm -->
    <read><length>1</length><match><data>\x03</data></match></read>
    <read><length>2</length><match><data>\x00\x00</data></match></read>
    <!-- arming Device: 5a6d -->
    <write><data>\x06</data></write>
    <write><data>\xbaP</data></write>
    <write><data>97595</data></write>
    <!-- Found Alarm -->
    <!-- Found Armed Alarm -->
    <!-- Found device in alarm -->
    <!-- New alarm state -->
    <read><length>1</length><match><data>\x0a</data></match></read>
    <read><length>2</length><match><data>mZ</data></match></read>
    <read><length>1</length><match><data>\x03</data></match></read>
    <read><length>2</length><match><data>\x00\x00</data></match></read>
    <!-- Update Contact -->
    <write><data>\x06</data></write>
    <write><data>\x05\xe9</data></write>
    <write><data>\x01</data></write>
    <!-- Found Alarm -->
    <!-- Found Armed Alarm -->
    <read><length>1</length><match><data>\x03</data></match></read>
    <read><length>2</length><match><data>\x00\x00</data></match></read>
    <!-- Invalid Command -->
    <write><data>\x11</data></write>
    <read><length>1</length><match><data>\x00</data></match></read>
    <read><length>2</length><match><data>\x00\x00</data></match></read>
    <!-- Add User with duplicate code -->
    <!-- Add User -->
    <write><data>\x00</data></write>
    <write><data>\x0e\xb8\xfd!\xa9\xbe\xee\x1c\x95\x2fb\x9b\xa9\x7c\x177\x1a\x19\x19\xc4\xa8\x03\x2dy\x0e\xc2\x00\x00\x00\x00\x00\x00ZYxR\xbe\x3c\x858\x8b\x14\x2dhi\x2a\x22\x00\x00\x00\x00\x00\x00\x00\x00\x00\x00\x00\x00\x00\x00\x00\x00\x00P\xac\x0eW\xdf\xfbS\xb5J\xedU\xdba1U\xa8\xe4\xc5\x00\x00\x00\x00\x00\x00\x00\x00\x00\x00\x00\x00\x00\x0068196\x00F111D3749CBED04B32394AB2ED0DCCD\x00</data></write>
    <read><length>1</length><match><data>\x02</data></match></read>
    <read><length>2</length><match><data>\x00\x00</data></match></read>
    <!-- Invalid Command -->
    <write><data>\x0d</data></write>
    <read><length>1</length><match><data>\x00</data></match></read>
    <read><length>2</length><match><data>\x00\x00</data></match></read>
    <!-- Invalid Command -->
    <write><data>\x2c</data></write>
    <read><length>1</length><match><data>\x00</data></match></read>
    <read><length>2</length><match><data>\x00\x00</data></match></read>
    <!-- Add Duplicate User -->
    <!-- Add User -->
    <write><data>\x00</data></write>
    <write><data>\x85\x0a\xd2\xb1\xbb\xc5\x2f\xc2\xb2\xe0\xde\xf6\x86\x00\x00\x00\x00\x00\x00\x00\x00\x00\x00\x00\x00\x00\x00\x00\x00\x00\x00\x00\xc2\x82\xf3\x8e\x5f\x9e\x00\x00\x00\x00\x00\x00\x00\x00\x00\x00\x00\x00\x00\x00\x00\x00\x00\x00\x00\x00\x00\x00\x00\x00\x00\x00\x90\xe6\xeb\xa5\xe4\x1f\xd7\x05\x8b\x28V\x23\xd7m\x8caA\x00\x00\x00\x00\x00\x00\x00\x00\x00\x00\x00\x00\x00\x00\x0070569\x007FC84F74F0FC3FC5DD286AE1AFE7B9C\x00</data></write>
    <read><length>1</length><match><data>\x02</data></match></read>
    <read><length>2</length><match><data>\x00\x00</data></match></read>
    <!-- Add User with incorrect code -->
    <!-- Add User -->
    <write><data>\x00</data></write>
    <write><data>\xf5\xb3i\x83\xca9\x1e\xbe\xd7C\x00\x00\x00\x00\x00\x00\x00\x00\x00\x00\x00\x00\x00\x00\x00\x00\x00\x00\x00\x00\x00\x00ra\xb8\xde\x98\xdcO\x0530\x9aA\x84\xc3\x00\x00\x00\x00\x00\x00\x00\x00\x00\x00\x00\x00\x00\x00\x00\x00\x00\x00\xc3\x9b\xd0\xd6\x1b\x0e\xabu3\x7e\xce\x5fr5\xea\x1a\xab7d\xc0\xff\x19\xe9cur31:\x00\x00\x0049520\x002\x00\x00\x00\x00\x00\x00\x00\x00\x00\x00\x00\x00\x00\x00\x00\x00\x00\x00\x00\x00\x00\x00\x00\x00\x00\x00\x00\x00\x00\x00\x00</data></write>
    <read><length>1</length><match><data>\x02</data></match></read>
    <read><length>2</length><match><data>\x00\x00</data></match></read>
    <!-- Add Heat -->
    <write><data>\x02</data></write>
    <write><data>\x05</data></write>
    <write><data>\x2d!</data></write>
    <read><length>1</length><match><data>\x03</data></match></read>
    <read><length>2</length><match><data>\xaeL</data></match></read>
    <!-- Invalid Command -->
    <write><data>g</data></write>
    <read><length>1</length><match><data>\x00</data></match></read>
    <read><length>2</length><match><data>\x00\x00</data></match></read>
    <!-- Add Random User -->
    <!-- Add User -->
    <write><data>\x00</data></write>
    <write><data>\xa1\xa63\xf75\xc1\x98\xf0Z\x5d\xf6\xf7\x5e\xf3.\x02\x1f\xf2\xb3\x00\x00\x00\x00\x00\x00\x00\x00\x00\x00\x00\x00\x00\xab\x9c\x12b\xb4N\x7b\xf3\x7f\xd7\xe8\xeflW\x3ei\xcb\xee\xd7m\x0a\x7e\x2f\xe6\x1c\x00\x00\x00\x00\x00\x00\x00\xda\x1bL\xc4\x9c\x9f\xbf\x7d\x22S\x80\x5d\x0e\x00\x00\x00\x00\x00\x00\x00\x00\x00\x00\x00\x00\x00\x00\x00\x00\x00\x00\x0091523\x00A102656BA4F4DEAC2D645B865195F0A\x00</data></write>
    <read><length>1</length><match><data>\x03</data></match></read>
    <read><length>2</length><match><data>\x00\x00</data></match></read>
    <!-- Invalid Command -->
    <write><data>k</data></write>
    <read><length>1</length><match><data>\x00</data></match></read>
    <read><length>2</length><match><data>\x00\x00</data></match></read>
    <!-- Grant Access -->
    <write><data>\x05</data></write>
    <write><data>\x7f \x01</data></write>
    <read><length>1</length><match><data>\x03</data></match></read>
    <read><length>2</length><match><data>\x00\x00</data></match></read>
    <!-- List Alarm Codes -->
    <write><data>\x08</data></write>
    <write><data>\xbaP</data></write>
    <read><length>1</length><match><data>\x01</data></match></read>
    <read><length>32</length><match><data>97595\x00\x00\x00\x00\x00\x00\x00\x00\x00\x00\x00\x00\x00\x00\x00\x00\x00\x00\x00\x00\x00\x00\x00\x00\x00\x00\x00</data></match></read>
    <read><length>1</length><match><data>\x03</data></match></read>
    <read><length>2</length><match><data>\x00\x00</data></match></read>
    <!-- Add User with incorrect pin -->
    <!-- Add User -->
    <write><data>\x00</data></write>
    <write><data>d\xac\x00\x00\x00\x00\x00\x00\x00\x00\x00\x00\x00\x00\x00\x00\x00\x00\x00\x00\x00\x00\x00\x00\x00\x00\x00\x00\x00\x00\x00\x00P\x1e\xbe\x0a\x92i\x5d\x99\xa9\xa3\xac\xc5\x29\xcaQd.\x10\xbc\x00\x00\x00\x00\x00\x00\x00\x00\x00\x00\x00\x00\x00\xee\x86\xbbR?uc\xf8\xb2H\x80\xe8\xd1\xe5Q\x10\x5e2\x00\x00\x00\x00\x00\x00\x00\x00\x00\x00\x00\x00\x00\x00459\x00\x00\x0010C8C0B8DB0441FCF8CCC15B8BFE11F\x00</data></write>
    <read><length>1</length><match><data>\x02</data></match></read>
    <read><length>2</length><match><data>\x00\x00</data></match></read>
    <!-- List Alarm Codes -->
    <write><data>\x08</data></write>
    <write><data>\xbaP</data></write>
    <read><length>1</length><match><data>\x01</data></match></read>
    <read><length>32</length><match><data>97595\x00\x00\x00\x00\x00\x00\x00\x00\x00\x00\x00\x00\x00\x00\x00\x00\x00\x00\x00\x00\x00\x00\x00\x00\x00\x00\x00</data></match></read>
    <read><length>1</length><match><data>\x03</data></match></read>
    <read><length>2</length><match><data>\x00\x00</data></match></read>
    <!-- Invalid Command -->
    <write><data>\x19</data></write>
    <read><length>1</length><match><data>\x00</data></match></read>
    <read><length>2</length><match><data>\x00\x00</data></match></read>
    <!-- Del User -->
    <write><data>\x01</data></write>
    <write><data>\xb9\x96\xc4\x00\x00\x00\x00\x00\x00\x00\x00\x00\x00\x00\x00\x00\x00\x00\x00\x00\x00\x00\x00\x00\x00\x00\x00\x00\x00\x00\x00\x00</data></write>
    <read><length>1</length><match><data>\x03</data></match></read>
    <read><length>2</length><match><data>\x00\x00</data></match></read>
    <!-- List Alarm Codes -->
    <write><data>\x08</data></write>
    <write><data>\xbaP</data></write>
    <read><length>1</length><match><data>\x01</data></match></read>
    <read><length>32</length><match><data>97595\x00\x00\x00\x00\x00\x00\x00\x00\x00\x00\x00\x00\x00\x00\x00\x00\x00\x00\x00\x00\x00\x00\x00\x00\x00\x00\x00</data></match></read>
    <read><length>1</length><match><data>\x03</data></match></read>
    <read><length>2</length><match><data>\x00\x00</data></match></read>
    <!-- Invalid Command -->
    <write><data>V</data></write>
    <read><length>1</length><match><data>\x00</data></match></read>
    <read><length>2</length><match><data>\x00\x00</data></match></read>
    <!-- Invalid Command -->
    <write><data>\x2d</data></write>
    <read><length>1</length><match><data>\x00</data></match></read>
    <read><length>2</length><match><data>\x00\x00</data></match></read>
    <!-- Test Full Alarm System -->
    <!-- Add Contact -->
    <write><data>\x02</data></write>
    <write><data>\x03</data></write>
    <write><data>\x00\x01</data></write>
    <read><length>1</length><match><data>\x03</data></match></read>
    <read><length>2</length><match><data>\x0a\x91</data></match></read>
    <!-- Add Alarm -->
    <write><data>\x02</data></write>
    <write><data>\x07</data></write>
    <read><length>1</length><match><data>\x03</data></match></read>
    <read><length>2</length><match><data>\x29\xe7</data></match></read>
    <!-- Add Device to Alarm -->
    <write><data>\x07</data></write>
    <write><data>\x0a\x91\x29\xe7</data></write>
    <!-- Found Alarm -->
    <!-- Found Armed Alarm -->
    <!-- Found Alarm -->
    <read><length>1</length><match><data>\x03</data></match></read>
    <read><length>2</length><match><data>\x00\x00</data></match></read>
    <!-- Add Random User -->
    <!-- Add User -->
    <write><data>\x00</data></write>
    <write><data>\xb4\x1d\x0cN \x2aqj\x99\x00\x00\x00\x00\x00\x00\x00\x00\x00\x00\x00\x00\x00\x00\x00\x00\x00\x00\x00\x00\x00\x00\x00o\xdev\x98\x10\xb4\x82\xfe74\x89\xae\xf9rd2W\xf0\x00\x00\x00\x00\x00\x00\x00\x00\x00\x00\x00\x00\x00\x00\x0a\x03V\x9b\xf8\xbd\xbe\xc3\x9cG\xb9\x04\xb1\x94\xf8k\xaf\xcc\x7e\x27\x7b\x9c\xd91\xe0\x23\x7f\x00\x00\x00\x00\x0097250\x00DDD4DAB8F4BFF8FFE489FB3AAA39ED0\x00</data></write>
    <read><length>1</length><match><data>\x03</data></match></read>
    <read><length>2</length><match><data>\x00\x00</data></match></read>
    <!-- Add Keypad -->
    <write><data>\x02</data></write>
    <write><data>\x01</data></write>
    <read><length>1</length><match><data>\x03</data></match></read>
    <read><length>2</length><match><data>\xe1\x2f</data></match></read>
    <!-- Add Device to Alarm -->
    <write><data>\x07</data></write>
    <write><data>\xe1\x2f\x29\xe7</data></write>
    <!-- Found Alarm -->
    <!-- Found Armed Alarm -->
    <!-- Found Alarm -->
    <read><length>1</length><match><data>\x03</data></match></read>
    <read><length>2</length><match><data>\x00\x00</data></match></read>
    <!-- Grant Access -->
    <write><data>\x05</data></write>
    <write><data>\x7f \x00</data></write>
    <read><length>1</length><match><data>\x03</data></match></read>
    <read><length>2</length><match><data>\x00\x00</data></match></read>
    <!-- Update Keypad -->
    <!-- Grant Access -->
    <write><data>\x05</data></write>
    <write><data>\xe1\x2f\x00</data></write>
    <read><length>1</length><match><data>\x03</data></match></read>
    <read><length>2</length><match><data>\x00\x00</data></match></read>
    <!-- Pins: \x5b\x2770569\x27\x5d -->
    <!-- Add Device to Alarm -->
    <write><data>\x07</data></write>
    <write><data>\xe1\x2fmZ</data></write>
    <!-- Found Alarm -->
    <!-- Found Armed Alarm -->
    <!-- Found Alarm -->
    <read><length>1</length><match><data>\x03</data></match></read>
    <read><length>2</length><match><data>\x00\x00</data></match></read>
    <!-- Disarming Device: 5a6d -->
    <!-- arming Device: e729 -->
    <write><data>\x06</data></write>
    <write><data>\xe1\x2f</data></write>
    <write><data>70569</data></write>
    <!-- Found Alarm -->
    <!-- New alarm state -->
    <read><length>1</length><match><data>\x0b</data></match></read>
    <read><length>2</length><match><data>mZ</data></match></read>
    <!-- Found Alarm -->
    <!-- Found Armed Alarm -->
    <!-- Found device in alarm -->
    <!-- New alarm state -->
    <read><length>1</length><match><data>\x0a</data></match></read>
    <read><length>2</length><match><data>\x29\xe7</data></match></read>
    <read><length>1</length><match><data>\x03</data></match></read>
    <read><length>2</length><match><data>\x00\x00</data></match></read>
    <!-- Update Contact -->
    <write><data>\x06</data></write>
    <write><data>\x0a\x91</data></write>
    <write><data>\x00</data></write>
    <!-- Found Alarm -->
    <!-- Found Alarm -->
    <!-- Found Armed Alarm -->
    <read><length>1</length><match><data>\x03</data></match></read>
    <read><length>2</length><match><data>\x00\x00</data></match></read>
    <!-- Invalid Command -->
    <write><data>\x1c</data></write>
    <read><length>1</length><match><data>\x00</data></match></read>
    <read><length>2</length><match><data>\x00\x00</data></match></read>
    <!-- Add Random User -->
    <!-- Add User -->
    <write><data>\x00</data></write>
    <write><data>I\x7f\xdbF\x7cU\xcfVU\x99\xfd\xe0\xc3\xb4w\xe6\x00\x00\x00\x00\x00\x00\x00\x00\x00\x00\x00\x00\x00\x00\x00\x00d\x984\x98 1\x10\x00\x00\x00\x00\x00\x00\x00\x00\x00\x00\x00\x00\x00\x00\x00\x00\x00\x00\x00\x00\x00\x00\x00\x00\x000\xdcX\xbd7yX\x85\x0a\xefCg\xcd\x92f\xd8\xe6U\x17\xf3\xe2\xa4\xd7E\xc4\xfe\x1c\xc7\x00\x00\x00\x0073473\x00C7E3B557BFBD8A6BEB3D302DCAD4ABE\x00</data></write>
    <read><length>1</length><match><data>\x03</data></match></read>
    <read><length>2</length><match><data>\x00\x00</data></match></read>
    <!-- Grant Access -->
    <write><data>\x05</data></write>
    <write><data>\xe1\x2f\x05</data></write>
    <read><length>1</length><match><data>\x03</data></match></read>
    <read><length>2</length><match><data>\x00\x00</data></match></read>
    <!-- Invalid Command -->
    <write><data>\x7e</data></write>
    <read><length>1</length><match><data>\x00</data></match></read>
    <read><length>2</length><match><data>\x00\x00</data></match></read>
    <!-- Add Device to Alarm -->
    <write><data>\x07</data></write>
    <write><data>\x05\xe9mZ</data></write>
    <!-- Found Alarm -->
    <!-- Found Alarm -->
    <!-- Found Armed Alarm -->
    <read><length>1</length><match><data>\x03</data></match></read>
    <read><length>2</length><match><data>\x00\x00</data></match></read>
    <!-- Grant Acesss with invalid device type -->
    <write><data>\x05</data></write>
    <write><data>\x0a\x91\x02</data></write>
    <read><length>1</length><match><data>\x07</data></match></read>
    <read><length>2</length><match><data>\x00\x00</data></match></read>
    <!-- Invalid Command -->
    <write><data>\x27</data></write>
    <read><length>1</length><match><data>\x00</data></match></read>
    <read><length>2</length><match><data>\x00\x00</data></match></read>
    <!-- Add Device to Alarm -->
    <write><data>\x07</data></write>
    <write><data>\x0a\x91\x29\xe7</data></write>
    <!-- Found Alarm -->
    <!-- Found Alarm -->
    <!-- Found Armed Alarm -->
    <read><length>1</length><match><data>\x03</data></match></read>
    <read><length>2</length><match><data>\x00\x00</data></match></read>
    <!-- Invalid Command -->
    <write><data>\x3c</data></write>
    <read><length>1</length><match><data>\x00</data></match></read>
    <read><length>2</length><match><data>\x00\x00</data></match></read>
    <!-- Grant Access -->
    <write><data>\x05</data></write>
    <write><data>\xbaP\x04</data></write>
    <read><length>1</length><match><data>\x03</data></match></read>
    <read><length>2</length><match><data>\x00\x00</data></match></read>
    <!-- Grant Acesss with invalid userid value -->
    <write><data>\x05</data></write>
    <write><data>\xbaP\x82</data></write>
    <read><length>1</length><match><data>\x07</data></match></read>
    <read><length>2</length><match><data>\x00\x00</data></match></read>
    <!-- Power Off -->
    <write><data>\x04</data></write>
    <read><length>1</length><match><data>\x03</data></match></read>
    <read><length>2</length><match><data>\x00\x00</data></match></read>
</replay>
</pov>