<?xml version="1.0" standalone="no" ?>
<!DOCTYPE pov SYSTEM "/usr/share/cgc-docs/replay.dtd">
<pov>
<cbid>service</cbid>
<seed>60b8c89725aaa20a78fcd37c06fed5b0eb594effbcd8c29a06b0c8ad67872a5d35cba2c8f76c8d3395fc372429cf7264</seed>
<replay>
    <!-- Add Smoke -->
    <write><data>\x02</data></write>
    <write><data>\x06</data></write>
    <write><data>\x00</data></write>
    <read><length>1</length><match><data>\x03</data></match></read>
    <read><length>2</length><match><data>\xac\x07</data></match></read>
    <!-- Add Alarm -->
    <write><data>\x02</data></write>
    <write><data>\x07</data></write>
    <read><length>1</length><match><data>\x03</data></match></read>
    <read><length>2</length><match><data>\xc9\x80</data></match></read>
    <!-- Add Device to Alarm -->
    <write><data>\x07</data></write>
    <write><data>\xac\x07\xc9\x80</data></write>
    <!-- Found Alarm -->
    <read><length>1</length><match><data>\x03</data></match></read>
    <read><length>2</length><match><data>\x00\x00</data></match></read>
    <!-- Add Duplicate User -->
    <!-- Add Random User -->
    <!-- Add User -->
    <write><data>\x00</data></write>
    <write><data>\x85\xeb\x90\x00\x00\x00\x00\x00\x00\x00\x00\x00\x00\x00\x00\x00\x00\x00\x00\x00\x00\x00\x00\x00\x00\x00\x00\x00\x00\x00\x00\x00\x02\xf0y\xed\xf2\x2c\xe2\xf7\xb3\xaf\x0b\x0bjU\x2f\xbcQj\xf8l\xde\x00\x00\x00\x00\x00\x00\x00\x00\x00\x00\x00d\x3e\xd3qE\x5bAc\xc5\xf7\xb4\x8a\x02\xef\x90\x2b\x1d\x09\x2f9\x81\x00\x00\x00\x00\x00\x00\x00\x00\x00\x00\x0092607\x00BECE9ABFBAA8105CDE22B1DB9CACC81\x00</data></write>
    <read><length>1</length><match><data>\x03</data></match></read>
    <read><length>2</length><match><data>\x00\x00</data></match></read>
    <!-- Add User -->
    <write><data>\x00</data></write>
    <write><data>\x85\xeb\x90\x00\x00\x00\x00\x00\x00\x00\x00\x00\x00\x00\x00\x00\x00\x00\x00\x00\x00\x00\x00\x00\x00\x00\x00\x00\x00\x00\x00\x00\x02\xf0y\xed\xf2\x2c\xe2\xf7\xb3\xaf\x0b\x0bjU\x2f\xbcQj\xf8l\xde\x00\x00\x00\x00\x00\x00\x00\x00\x00\x00\x00d\x3e\xd3qE\x5bAc\xc5\xf7\xb4\x8a\x02\xef\x90\x2b\x1d\x09\x2f9\x81\x00\x00\x00\x00\x00\x00\x00\x00\x00\x00\x0092607\x00BECE9ABFBAA8105CDE22B1DB9CACC81\x00</data></write>
    <read><length>1</length><match><data>\x02</data></match></read>
    <read><length>2</length><match><data>\x00\x00</data></match></read>
    <!-- Add User with incorrect code -->
    <!-- Add User -->
    <write><data>\x00</data></write>
    <write><data>\x2f\x14\x18\x16\x8byh\x02\x94\x08\xab\x9e\xcf\xd5B\x98\x02\xf1V\x8a\xc8\xf7\xd3\x1f\xc0\x06\x22\xaf\x0d\x00\x00\x00\x25T\x0a\xf1\x27\x00\x00\x00\x00\x00\x00\x00\x00\x00\x00\x00\x00\x00\x00\x00\x00\x00\x00\x00\x00\x00\x00\x00\x00\x00\x00\x00\xd7\xec\x1d\xde\x11\xed\x00\x00\x00\x00\x00\x00\x00\x00\x00\x00\x00\x00\x00\x00\x00\x00\x00\x00\x00\x00\x00\x00\x00\x00\x00\x0060233\x004ED99\x00\x00\x00\x00\x00\x00\x00\x00\x00\x00\x00\x00\x00\x00\x00\x00\x00\x00\x00\x00\x00\x00\x00\x00\x00\x00\x00</data></write>
    <read><length>1</length><match><data>\x02</data></match></read>
    <read><length>2</length><match><data>\x00\x00</data></match></read>
    <!-- Update Keypad -->
    <!-- Add Keypad -->
    <write><data>\x02</data></write>
    <write><data>\x01</data></write>
    <read><length>1</length><match><data>\x03</data></match></read>
    <read><length>2</length><match><data>\xbb\xe3</data></match></read>
    <!-- Grant Access -->
    <write><data>\x05</data></write>
    <write><data>\xbb\xe3\x00</data></write>
    <read><length>1</length><match><data>\x03</data></match></read>
    <read><length>2</length><match><data>\x00\x00</data></match></read>
    <!-- Pins: \x5b\x2792607\x27\x5d -->
    <!-- Add Device to Alarm -->
    <write><data>\x07</data></write>
    <write><data>\xbb\xe3\xc9\x80</data></write>
    <!-- Found Alarm -->
    <read><length>1</length><match><data>\x03</data></match></read>
    <read><length>2</length><match><data>\x00\x00</data></match></read>
    <!-- arming Device: 80c9 -->
    <write><data>\x06</data></write>
    <write><data>\xbb\xe3</data></write>
    <write><data>92607</data></write>
    <!-- Found Alarm -->
    <!-- Found Armed Alarm -->
    <read><length>1</length><match><data>\x03</data></match></read>
    <read><length>2</length><match><data>\x00\x00</data></match></read>
    <!-- Add Alarm -->
    <write><data>\x02</data></write>
    <write><data>\x07</data></write>
    <read><length>1</length><match><data>\x03</data></match></read>
    <read><length>2</length><match><data>\xc9\xc0</data></match></read>
    <!-- Add Duplicate User -->
    <!-- Add User -->
    <write><data>\x00</data></write>
    <write><data>\x85\xeb\x90\x00\x00\x00\x00\x00\x00\x00\x00\x00\x00\x00\x00\x00\x00\x00\x00\x00\x00\x00\x00\x00\x00\x00\x00\x00\x00\x00\x00\x00\x02\xf0y\xed\xf2\x2c\xe2\xf7\xb3\xaf\x0b\x0bjU\x2f\xbcQj\xf8l\xde\x00\x00\x00\x00\x00\x00\x00\x00\x00\x00\x00d\x3e\xd3qE\x5bAc\xc5\xf7\xb4\x8a\x02\xef\x90\x2b\x1d\x09\x2f9\x81\x00\x00\x00\x00\x00\x00\x00\x00\x00\x00\x0092607\x00BECE9ABFBAA8105CDE22B1DB9CACC81\x00</data></write>
    <read><length>1</length><match><data>\x02</data></match></read>
    <read><length>2</length><match><data>\x00\x00</data></match></read>
    <!-- Grant Acesss with invalid device type -->
    <write><data>\x05</data></write>
    <write><data>\xac\x07\x00</data></write>
    <read><length>1</length><match><data>\x07</data></match></read>
    <read><length>2</length><match><data>\x00\x00</data></match></read>
    <!-- Grant Acesss with invalid userid value -->
    <write><data>\x05</data></write>
    <write><data>\xbb\xe3\x84</data></write>
    <read><length>1</length><match><data>\x07</data></match></read>
    <read><length>2</length><match><data>\x00\x00</data></match></read>
    <!-- Invalid Command -->
    <write><data>\x5c</data></write>
    <read><length>1</length><match><data>\x00</data></match></read>
    <read><length>2</length><match><data>\x00\x00</data></match></read>
    <!-- Invalid Command -->
    <write><data>o</data></write>
    <read><length>1</length><match><data>\x00</data></match></read>
    <read><length>2</length><match><data>\x00\x00</data></match></read>
    <!-- Test Full Alarm System -->
    <!-- Add Contact -->
    <write><data>\x02</data></write>
    <write><data>\x03</data></write>
    <write><data>\x00\x01</data></write>
    <read><length>1</length><match><data>\x03</data></match></read>
    <read><length>2</length><match><data>!\x99</data></match></read>
    <!-- Add Alarm -->
    <write><data>\x02</data></write>
    <write><data>\x07</data></write>
    <read><length>1</length><match><data>\x03</data></match></read>
    <read><length>2</length><match><data>\x9f9</data></match></read>
    <!-- Add Device to Alarm -->
    <write><data>\x07</data></write>
    <write><data>!\x99\x9f9</data></write>
    <!-- Found Alarm -->
    <!-- Found Armed Alarm -->
    <!-- Found Alarm -->
    <!-- Found Alarm -->
    <read><length>1</length><match><data>\x03</data></match></read>
    <read><length>2</length><match><data>\x00\x00</data></match></read>
    <!-- Add Random User -->
    <!-- Add User -->
    <write><data>\x00</data></write>
    <write><data>\xa6\x7bezX\xfe8\xa5\x2a\x87\x9e\xf5\x15m\xf4\xfd\x40?\xd7\x00\x00\x00\x00\x00\x00\x00\x00\x00\x00\x00\x00\x00uS\xca\xcaj\xb0\x147\xb1\xdf!\xfd\x23\x1b\x17\xf2\xfcI\xe1\xa4\x85\xd7\x13\xf3\xb9\xef\x1f\x00\x00\x00\x00\x00\x92\x3b\x3d\x2c\x00\x00\x00\x00\x00\x00\x00\x00\x00\x00\x00\x00\x00\x00\x00\x00\x00\x00\x00\x00\x00\x00\x00\x00\x00\x00\x00\x0021220\x00AB91BEB0B11248A8D81CFC7DD86F5B0\x00</data></write>
    <read><length>1</length><match><data>\x03</data></match></read>
    <read><length>2</length><match><data>\x00\x00</data></match></read>
    <!-- Add Keypad -->
    <write><data>\x02</data></write>
    <write><data>\x01</data></write>
    <read><length>1</length><match><data>\x03</data></match></read>
    <read><length>2</length><match><data>8\x0e</data></match></read>
    <!-- Add Device to Alarm -->
    <write><data>\x07</data></write>
    <write><data>8\x0e\x9f9</data></write>
    <!-- Found Alarm -->
    <!-- Found Armed Alarm -->
    <!-- Found Alarm -->
    <!-- Found Alarm -->
    <read><length>1</length><match><data>\x03</data></match></read>
    <read><length>2</length><match><data>\x00\x00</data></match></read>
    <!-- Grant Access -->
    <write><data>\x05</data></write>
    <write><data>\xbb\xe3\x01</data></write>
    <read><length>1</length><match><data>\x03</data></match></read>
    <read><length>2</length><match><data>\x00\x00</data></match></read>
    <!-- Update Keypad -->
    <!-- Pins: \x5b\x2792607\x27\x2c \x2721220\x27\x5d -->
    <!-- Add Device to Alarm -->
    <write><data>\x07</data></write>
    <write><data>\xbb\xe3\xc9\x80</data></write>
    <!-- Found Alarm -->
    <!-- Found Armed Alarm -->
    <!-- Found Alarm -->
    <!-- Found Alarm -->
    <read><length>1</length><match><data>\x03</data></match></read>
    <read><length>2</length><match><data>\x00\x00</data></match></read>
    <!-- Disarming Device: 80c9 -->
    <write><data>\x06</data></write>
    <write><data>\xbb\xe3</data></write>
    <write><data>21220</data></write>
    <!-- Found Alarm -->
    <!-- Found Alarm -->
    <!-- Found Alarm -->
    <read><length>1</length><match><data>\x03</data></match></read>
    <read><length>2</length><match><data>\x00\x00</data></match></read>
    <!-- Update Contact -->
    <write><data>\x06</data></write>
    <write><data>!\x99</data></write>
    <write><data>\x00</data></write>
    <!-- Found Alarm -->
    <!-- Found Alarm -->
    <!-- Found Alarm -->
    <read><length>1</length><match><data>\x03</data></match></read>
    <read><length>2</length><match><data>\x00\x00</data></match></read>
    <!-- Add Random User -->
    <!-- Add User -->
    <write><data>\x00</data></write>
    <write><data>\xae\xbbU\xff\x2c\x86\x00\x00\x00\x00\x00\x00\x00\x00\x00\x00\x00\x00\x00\x00\x00\x00\x00\x00\x00\x00\x00\x00\x00\x00\x00\x00\xee\x00\x00\x00\x00\x00\x00\x00\x00\x00\x00\x00\x00\x00\x00\x00\x00\x00\x00\x00\x00\x00\x00\x00\x00\x00\x00\x00\x00\x00\x00\x00t\x92\x90\x00\x00\x00\x00\x00\x00\x00\x00\x00\x00\x00\x00\x00\x00\x00\x00\x00\x00\x00\x00\x00\x00\x00\x00\x00\x00\x00\x00\x0058689\x00F7BC90FDD4D9B7EBFC5E1CF530A8BEC\x00</data></write>
    <read><length>1</length><match><data>\x03</data></match></read>
    <read><length>2</length><match><data>\x00\x00</data></match></read>
    <!-- Grant Acesss with unused userid -->
    <write><data>\x05</data></write>
    <write><data>8\x0e\x03</data></write>
    <read><length>1</length><match><data>\x07</data></match></read>
    <read><length>2</length><match><data>\x00\x00</data></match></read>
    <!-- Grant Acesss with unused userid -->
    <write><data>\x05</data></write>
    <write><data>8\x0e\x03</data></write>
    <read><length>1</length><match><data>\x07</data></match></read>
    <read><length>2</length><match><data>\x00\x00</data></match></read>
    <!-- Test Full Alarm System -->
    <!-- Add Contact -->
    <write><data>\x02</data></write>
    <write><data>\x03</data></write>
    <write><data>\x00\x01</data></write>
    <read><length>1</length><match><data>\x03</data></match></read>
    <read><length>2</length><match><data>\xec\x83</data></match></read>
    <!-- Add Alarm -->
    <write><data>\x02</data></write>
    <write><data>\x07</data></write>
    <read><length>1</length><match><data>\x03</data></match></read>
    <read><length>2</length><match><data>\x1f\xe7</data></match></read>
    <!-- Add Device to Alarm -->
    <write><data>\x07</data></write>
    <write><data>\xec\x83\x1f\xe7</data></write>
    <!-- Found Alarm -->
    <!-- Found Alarm -->
    <!-- Found Alarm -->
    <!-- Found Alarm -->
    <read><length>1</length><match><data>\x03</data></match></read>
    <read><length>2</length><match><data>\x00\x00</data></match></read>
    <!-- Add Random User -->
    <!-- Add User -->
    <write><data>\x00</data></write>
    <write><data>y\x9e9\xc3\x0d\xaf\xa5\xdf\x22\x98O\xdd\x7b\x94\xca\xda\xfd\xce\xd8\x86\xea\x5b\x9c\xfb\x08\xf6\x14\xeb\x00\x00\x00\x00p\x09\x22K\x05\x04\xcf\x29\x1f\xc9\x8e\xe3\x8f\x06\xcd\x90\x064\xb0I\xfa\xd4\xf3\x00\x00\x00\x00\x00\x00\x00\x00\x00\x85\xc5\x3e\x9bV\xf9\x00\x00\x00\x00\x00\x00\x00\x00\x00\x00\x00\x00\x00\x00\x00\x00\x00\x00\x00\x00\x00\x00\x00\x00\x00\x0073977\x00CCBBCCAC6C97BFF4C35D4A9A9F0BED9\x00</data></write>
    <read><length>1</length><match><data>\x03</data></match></read>
    <read><length>2</length><match><data>\x00\x00</data></match></read>
    <!-- Add Keypad -->
    <write><data>\x02</data></write>
    <write><data>\x01</data></write>
    <read><length>1</length><match><data>\x03</data></match></read>
    <read><length>2</length><match><data>\xc5!</data></match></read>
    <!-- Add Device to Alarm -->
    <write><data>\x07</data></write>
    <write><data>\xc5!\x1f\xe7</data></write>
    <!-- Found Alarm -->
    <!-- Found Alarm -->
    <!-- Found Alarm -->
    <!-- Found Alarm -->
    <read><length>1</length><match><data>\x03</data></match></read>
    <read><length>2</length><match><data>\x00\x00</data></match></read>
    <!-- Grant Access -->
    <write><data>\x05</data></write>
    <write><data>\xbb\xe3\x00</data></write>
    <read><length>1</length><match><data>\x03</data></match></read>
    <read><length>2</length><match><data>\x00\x00</data></match></read>
    <!-- Update Keypad -->
    <!-- Grant Access -->
    <write><data>\x05</data></write>
    <write><data>8\x0e\x02</data></write>
    <read><length>1</length><match><data>\x03</data></match></read>
    <read><length>2</length><match><data>\x00\x00</data></match></read>
    <!-- Pins: \x5b\x2758689\x27\x5d -->
    <!-- Add Device to Alarm -->
    <write><data>\x07</data></write>
    <write><data>8\x0e\x1f\xe7</data></write>
    <!-- Found Alarm -->
    <!-- Found Alarm -->
    <!-- Found Alarm -->
    <!-- Found Alarm -->
    <read><length>1</length><match><data>\x03</data></match></read>
    <read><length>2</length><match><data>\x00\x00</data></match></read>
    <!-- arming Device: 399f -->
    <!-- arming Device: e71f -->
    <write><data>\x06</data></write>
    <write><data>8\x0e</data></write>
    <write><data>58689</data></write>
    <!-- Found Alarm -->
    <!-- Found Alarm -->
    <!-- Found Alarm -->
    <!-- Found Armed Alarm -->
    <!-- Found Alarm -->
    <!-- Found Armed Alarm -->
    <!-- Found device in alarm -->
    <!-- New alarm state -->
    <read><length>1</length><match><data>\x0a</data></match></read>
    <read><length>2</length><match><data>\x1f\xe7</data></match></read>
    <read><length>1</length><match><data>\x03</data></match></read>
    <read><length>2</length><match><data>\x00\x00</data></match></read>
    <!-- Update Contact -->
    <write><data>\x06</data></write>
    <write><data>!\x99</data></write>
    <write><data>\x01</data></write>
    <!-- Found Alarm -->
    <!-- Found Alarm -->
    <!-- Found Alarm -->
    <!-- Found Armed Alarm -->
    <!-- Found device in alarm -->
    <!-- New alarm state -->
    <read><length>1</length><match><data>\x0a</data></match></read>
    <read><length>2</length><match><data>\x9f9</data></match></read>
    <!-- Found Alarm -->
    <!-- Found Armed Alarm -->
    <!-- Found device in alarm -->
    <read><length>1</length><match><data>\x03</data></match></read>
    <read><length>2</length><match><data>\x00\x00</data></match></read>
    <!-- Grant Acesss with unused userid -->
    <write><data>\x05</data></write>
    <write><data>\xbb\xe3\x04</data></write>
    <read><length>1</length><match><data>\x07</data></match></read>
    <read><length>2</length><match><data>\x00\x00</data></match></read>
    <!-- Add Random User -->
    <!-- Add User -->
    <write><data>\x00</data></write>
    <write><data>R\xc1e\x28\xde\x14\x92\x97\xd3\x26\xc0\x00\x00\x00\x00\x00\x00\x00\x00\x00\x00\x00\x00\x00\x00\x00\x00\x00\x00\x00\x00\x00\xe2\x9e\x9ec\x91\x88O\x3e\x2b\xfc\xb0\xdd\xebD\xbbG\x00\x00\x00\x00\x00\x00\x00\x00\x00\x00\x00\x00\x00\x00\x00\x00\x5e\x0f\xec7\x00\x00\x00\x00\x00\x00\x00\x00\x00\x00\x00\x00\x00\x00\x00\x00\x00\x00\x00\x00\x00\x00\x00\x00\x00\x00\x00\x0070345\x00ECA8B6BED29A399BA5BE6541CEAB0B4\x00</data></write>
    <read><length>1</length><match><data>\x03</data></match></read>
    <read><length>2</length><match><data>\x00\x00</data></match></read>
    <!-- Grant Acesss with invalid userid value -->
    <write><data>\x05</data></write>
    <write><data>\xc5!\xda</data></write>
    <read><length>1</length><match><data>\x07</data></match></read>
    <read><length>2</length><match><data>\x00\x00</data></match></read>
    <!-- Grant Acesss with unused userid -->
    <write><data>\x05</data></write>
    <write><data>8\x0e\x05</data></write>
    <read><length>1</length><match><data>\x07</data></match></read>
    <read><length>2</length><match><data>\x00\x00</data></match></read>
    <!-- Test Full Alarm System -->
    <!-- Add Contact -->
    <write><data>\x02</data></write>
    <write><data>\x03</data></write>
    <write><data>\x00\x00</data></write>
    <read><length>1</length><match><data>\x03</data></match></read>
    <read><length>2</length><match><data>\x90\x2b</data></match></read>
    <!-- Add Alarm -->
    <write><data>\x02</data></write>
    <write><data>\x07</data></write>
    <read><length>1</length><match><data>\x03</data></match></read>
    <read><length>2</length><match><data>\x2f\xb7</data></match></read>
    <!-- Add Device to Alarm -->
    <write><data>\x07</data></write>
    <write><data>\x90\x2b\x2f\xb7</data></write>
    <!-- Found Alarm -->
    <!-- Found Alarm -->
    <!-- Found Alarm -->
    <!-- Found Armed Alarm -->
    <!-- Found device in alarm -->
    <!-- Found Alarm -->
    <!-- Found Armed Alarm -->
    <!-- Found device in alarm -->
    <!-- Found Alarm -->
    <read><length>1</length><match><data>\x03</data></match></read>
    <read><length>2</length><match><data>\x00\x00</data></match></read>
    <!-- Add Random User -->
    <!-- Add User -->
    <write><data>\x00</data></write>
    <write><data>\xba\x00\x00\x00\x00\x00\x00\x00\x00\x00\x00\x00\x00\x00\x00\x00\x00\x00\x00\x00\x00\x00\x00\x00\x00\x00\x00\x00\x00\x00\x00\x00\xe7y\x9d\xbd\xef\xab\x5f\xeb\xe8r\xf9\xd9\xed\x8d\xb7\xb5\xb3\xe4\x7c\xaf\xf0GW\x04\x2f3\x00\x00\x00\x00\x00\x00\x0ebm\x81q\x0btIJ\x84\x00\x00\x00\x00\x00\x00\x00\x00\x00\x00\x00\x00\x00\x00\x00\x00\x00\x00\x00\x00\x00\x0088029\x007F642FF6E5D19235A11B1AEDE35E7CC\x00</data></write>
    <read><length>1</length><match><data>\x03</data></match></read>
    <read><length>2</length><match><data>\x00\x00</data></match></read>
    <!-- Add Keypad -->
    <write><data>\x02</data></write>
    <write><data>\x01</data></write>
    <read><length>1</length><match><data>\x03</data></match></read>
    <read><length>2</length><match><data>\xea\x0a</data></match></read>
    <!-- Add Device to Alarm -->
    <write><data>\x07</data></write>
    <write><data>\xea\x0a\x2f\xb7</data></write>
    <!-- Found Alarm -->
    <!-- Found Alarm -->
    <!-- Found Alarm -->
    <!-- Found Armed Alarm -->
    <!-- Found device in alarm -->
    <!-- Found Alarm -->
    <!-- Found Armed Alarm -->
    <!-- Found device in alarm -->
    <!-- Found Alarm -->
    <read><length>1</length><match><data>\x03</data></match></read>
    <read><length>2</length><match><data>\x00\x00</data></match></read>
    <!-- Grant Access -->
    <write><data>\x05</data></write>
    <write><data>\xbb\xe3\x00</data></write>
    <read><length>1</length><match><data>\x03</data></match></read>
    <read><length>2</length><match><data>\x00\x00</data></match></read>
    <!-- Update Keypad -->
    <!-- Grant Access -->
    <write><data>\x05</data></write>
    <write><data>\xc5!\x05</data></write>
    <read><length>1</length><match><data>\x03</data></match></read>
    <read><length>2</length><match><data>\x00\x00</data></match></read>
    <!-- Pins: \x5b\x2788029\x27\x5d -->
    <!-- Add Device to Alarm -->
    <write><data>\x07</data></write>
    <write><data>\xc5!\x1f\xe7</data></write>
    <!-- Found Alarm -->
    <!-- Found Alarm -->
    <!-- Found Alarm -->
    <!-- Found Armed Alarm -->
    <!-- Found device in alarm -->
    <!-- Found Alarm -->
    <!-- Found Armed Alarm -->
    <!-- Found device in alarm -->
    <!-- Found Alarm -->
    <read><length>1</length><match><data>\x03</data></match></read>
    <read><length>2</length><match><data>\x00\x00</data></match></read>
    <!-- Disarming Device: e71f -->
    <write><data>\x06</data></write>
    <write><data>\xc5!</data></write>
    <write><data>88029</data></write>
    <!-- Found Alarm -->
    <!-- Found Alarm -->
    <!-- Found Alarm -->
    <!-- Found Armed Alarm -->
    <!-- Found device in alarm -->
    <!-- Found Alarm -->
    <!-- New alarm state -->
    <read><length>1</length><match><data>\x0b</data></match></read>
    <read><length>2</length><match><data>\x1f\xe7</data></match></read>
    <!-- Found Alarm -->
    <read><length>1</length><match><data>\x03</data></match></read>
    <read><length>2</length><match><data>\x00\x00</data></match></read>
    <!-- Update Contact -->
    <write><data>\x06</data></write>
    <write><data>\xec\x83</data></write>
    <write><data>\x00</data></write>
    <!-- Found Alarm -->
    <!-- Found Alarm -->
    <!-- Found Alarm -->
    <!-- Found Armed Alarm -->
    <!-- Found device in alarm -->
    <!-- Found Alarm -->
    <!-- Found Alarm -->
    <read><length>1</length><match><data>\x03</data></match></read>
    <read><length>2</length><match><data>\x00\x00</data></match></read>
    <!-- List Alarm Codes -->
    <write><data>\x08</data></write>
    <write><data>\xbb\xe3</data></write>
    <read><length>1</length><match><data>\x02</data></match></read>
    <read><length>32</length><match><data>21220\x00\x00\x00\x00\x00\x00\x00\x00\x00\x00\x00\x00\x00\x00\x00\x00\x00\x00\x00\x00\x00\x00\x00\x00\x00\x00\x00</data></match></read>
    <read><length>32</length><match><data>92607\x00\x00\x00\x00\x00\x00\x00\x00\x00\x00\x00\x00\x00\x00\x00\x00\x00\x00\x00\x00\x00\x00\x00\x00\x00\x00\x00</data></match></read>
    <read><length>1</length><match><data>\x03</data></match></read>
    <read><length>2</length><match><data>\x00\x00</data></match></read>
    <!-- Invalid Command -->
    <write><data>l</data></write>
    <read><length>1</length><match><data>\x00</data></match></read>
    <read><length>2</length><match><data>\x00\x00</data></match></read>
    <!-- Del User -->
    <write><data>\x01</data></write>
    <write><data>y\x9e9\xc3\x0d\xaf\xa5\xdf\x22\x98O\xdd\x7b\x94\xca\xda\xfd\xce\xd8\x86\xea\x5b\x9c\xfb\x08\xf6\x14\xeb\x00\x00\x00\x00</data></write>
    <read><length>1</length><match><data>\x03</data></match></read>
    <read><length>2</length><match><data>\x00\x00</data></match></read>
    <!-- Add Random User -->
    <!-- Add User -->
    <write><data>\x00</data></write>
    <write><data>\x89\xe9\xc5H\x86\xa6\x5c\xdeH\x1cJ\x0f\x01\x00\x00\x00\x00\x00\x00\x00\x00\x00\x00\x00\x00\x00\x00\x00\x00\x00\x00\x00\xad\xf7R\x7c\xd8G\xa8\x18\x5f\x00\x00\x00\x00\x00\x00\x00\x00\x00\x00\x00\x00\x00\x00\x00\x00\x00\x00\x00\x00\x00\x00\x00\xb1\xc5\xb0K\xf8\xb8\xed\xd5\x0d\xec\xe8\x00\x00\x00\x00\x00\x00\x00\x00\x00\x00\x00\x00\x00\x00\x00\x00\x00\x00\x00\x00\x0083905\x00ED52BFC0FEFEE932A045BBFFAA3C9D2\x00</data></write>
    <read><length>1</length><match><data>\x03</data></match></read>
    <read><length>2</length><match><data>\x00\x00</data></match></read>
    <!-- Add Random User -->
    <!-- Add User -->
    <write><data>\x00</data></write>
    <write><data>\x10\x3e\xd7\x97\x8b\x85\xfc\x80h\x1a\x00\x00\x00\x00\x00\x00\x00\x00\x00\x00\x00\x00\x00\x00\x00\x00\x00\x00\x00\x00\x00\x00\x1eJ\x91\xe6\x8a\x00\x00\x00\x00\x00\x00\x00\x00\x00\x00\x00\x00\x00\x00\x00\x00\x00\x00\x00\x00\x00\x00\x00\x00\x00\x00\x00\x5bz\x5f\x2c\x07AU\xf8\xc3p\xed\xbe\xa5\xcd\xd8\x3dy\xf2\xf5\x3c\xb8\x7d\x2aA\xf9L\x90\x00\x00\x00\x00\x0070420\x002E6E403EAF9E2A520C88DFABEA14951\x00</data></write>
    <read><length>1</length><match><data>\x03</data></match></read>
    <read><length>2</length><match><data>\x00\x00</data></match></read>
    <!-- Add User with duplicate code -->
    <!-- Add User -->
    <write><data>\x00</data></write>
    <write><data>8\x87y\xaa\xb9\xd0o\xdaN\xc0\x5e\xed\x8a\xbe\x82\xbd\x19s\x00\x00\x00\x00\x00\x00\x00\x00\x00\x00\x00\x00\x00\x00\x28Y\xcc\x82\xa3\x84p\xf7H\x09\xcb\x00\x00\x00\x00\x00\x00\x00\x00\x00\x00\x00\x00\x00\x00\x00\x00\x00\x00\x00\x00\x00rh5\xddUH\xc3\x00\x00\x00\x00\x00\x00\x00\x00\x00\x00\x00\x00\x00\x00\x00\x00\x00\x00\x00\x00\x00\x00\x00\x00\x0025330\x00ED52BFC0FEFEE932A045BBFFAA3C9D2\x00</data></write>
    <read><length>1</length><match><data>\x02</data></match></read>
    <read><length>2</length><match><data>\x00\x00</data></match></read>
    <!-- List Alarm Codes -->
    <write><data>\x08</data></write>
    <write><data>\xbb\xe3</data></write>
    <read><length>1</length><match><data>\x02</data></match></read>
    <read><length>32</length><match><data>21220\x00\x00\x00\x00\x00\x00\x00\x00\x00\x00\x00\x00\x00\x00\x00\x00\x00\x00\x00\x00\x00\x00\x00\x00\x00\x00\x00</data></match></read>
    <read><length>32</length><match><data>92607\x00\x00\x00\x00\x00\x00\x00\x00\x00\x00\x00\x00\x00\x00\x00\x00\x00\x00\x00\x00\x00\x00\x00\x00\x00\x00\x00</data></match></read>
    <read><length>1</length><match><data>\x03</data></match></read>
    <read><length>2</length><match><data>\x00\x00</data></match></read>
    <!-- Del Invalid User -->
    <write><data>\x01</data></write>
    <write><data>\x82\xbd\xa7!\xd3\xc5\x24\x60\x00\x00\x00\x00\x00\x00\x00\x00\x00\x00\x00\x00\x00\x00\x00\x00\x00\x00\x00\x00\x00\x00\x00\x00</data></write>
    <read><length>1</length><match><data>\x04</data></match></read>
    <read><length>2</length><match><data>\x00\x00</data></match></read>
    <!-- Add Heat -->
    <write><data>\x02</data></write>
    <write><data>\x05</data></write>
    <write><data>\x25\x1a</data></write>
    <read><length>1</length><match><data>\x03</data></match></read>
    <read><length>2</length><match><data>\x90\x14</data></match></read>
    <!-- Add Device to Alarm -->
    <write><data>\x07</data></write>
    <write><data>\xac\x07\x9f9</data></write>
    <!-- Found Alarm -->
    <!-- Found Alarm -->
    <!-- Found Alarm -->
    <!-- Found Armed Alarm -->
    <!-- Found device in alarm -->
    <!-- Found Alarm -->
    <!-- Found Alarm -->
    <read><length>1</length><match><data>\x03</data></match></read>
    <read><length>2</length><match><data>\x00\x00</data></match></read>
    <!-- Add Device to Alarm -->
    <write><data>\x07</data></write>
    <write><data>!\x99\x2f\xb7</data></write>
    <!-- Found Alarm -->
    <!-- Found Alarm -->
    <!-- Found Alarm -->
    <!-- Found Armed Alarm -->
    <!-- Found device in alarm -->
    <!-- Found Alarm -->
    <!-- Found Alarm -->
    <read><length>1</length><match><data>\x03</data></match></read>
    <read><length>2</length><match><data>\x00\x00</data></match></read>
    <!-- Test Full Alarm System -->
    <!-- Add Contact -->
    <write><data>\x02</data></write>
    <write><data>\x03</data></write>
    <write><data>\x01\x01</data></write>
    <read><length>1</length><match><data>\x03</data></match></read>
    <read><length>2</length><match><data>\xd0\xc3</data></match></read>
    <!-- Add Alarm -->
    <write><data>\x02</data></write>
    <write><data>\x07</data></write>
    <read><length>1</length><match><data>\x03</data></match></read>
    <read><length>2</length><match><data>\x852</data></match></read>
    <!-- Add Device to Alarm -->
    <write><data>\x07</data></write>
    <write><data>\xd0\xc3\x852</data></write>
    <!-- Found Alarm -->
    <!-- Found Alarm -->
    <!-- Found Alarm -->
    <!-- Found Armed Alarm -->
    <!-- Found device in alarm -->
    <!-- Found Alarm -->
    <!-- Found Alarm -->
    <!-- Found Alarm -->
    <read><length>1</length><match><data>\x03</data></match></read>
    <read><length>2</length><match><data>\x00\x00</data></match></read>
    <!-- Add Random User -->
    <!-- Add User -->
    <write><data>\x00</data></write>
    <write><data>\xe7\x25UQ\xe9W\xee\x97\xb2\xb9\xf7\xcfG\xc4\x29\xed\xd6\xdb\xadR\x064\x00\x00\x00\x00\x00\x00\x00\x00\x00\x00yXvN\xd2\xddN\xc0\x97\x03H\x7f\xfb\xddZ\x0a\x070\x7d\xa1\xfe.\x3e\x7d\xfa5\x00\x00\x00\x00\x00\x00\x96\x8b\x00\x00\x00\x00\x00\x00\x00\x00\x00\x00\x00\x00\x00\x00\x00\x00\x00\x00\x00\x00\x00\x00\x00\x00\x00\x00\x00\x00\x00\x0064176\x00312ABF7BA09D7A0FACD998AD8520A10\x00</data></write>
    <read><length>1</length><match><data>\x03</data></match></read>
    <read><length>2</length><match><data>\x00\x00</data></match></read>
    <!-- Add Keypad -->
    <write><data>\x02</data></write>
    <write><data>\x01</data></write>
    <read><length>1</length><match><data>\x03</data></match></read>
    <read><length>2</length><match><data>\xe8I</data></match></read>
    <!-- Add Device to Alarm -->
    <write><data>\x07</data></write>
    <write><data>\xe8I\x852</data></write>
    <!-- Found Alarm -->
    <!-- Found Alarm -->
    <!-- Found Alarm -->
    <!-- Found Armed Alarm -->
    <!-- Found device in alarm -->
    <!-- Found Alarm -->
    <!-- Found Alarm -->
    <!-- Found Alarm -->
    <read><length>1</length><match><data>\x03</data></match></read>
    <read><length>2</length><match><data>\x00\x00</data></match></read>
    <!-- Grant Access -->
    <write><data>\x05</data></write>
    <write><data>\xc5!\x05</data></write>
    <read><length>1</length><match><data>\x03</data></match></read>
    <read><length>2</length><match><data>\x00\x00</data></match></read>
    <!-- Update Keypad -->
    <!-- Pins: \x5b\x2758689\x27\x5d -->
    <!-- Add Device to Alarm -->
    <write><data>\x07</data></write>
    <write><data>8\x0e\x9f9</data></write>
    <!-- Found Alarm -->
    <!-- Found Alarm -->
    <!-- Found Alarm -->
    <!-- Found Armed Alarm -->
    <!-- Found device in alarm -->
    <!-- Found Alarm -->
    <!-- Found Alarm -->
    <!-- Found Alarm -->
    <read><length>1</length><match><data>\x03</data></match></read>
    <read><length>2</length><match><data>\x00\x00</data></match></read>
    <!-- Disarming Device: 399f -->
    <!-- arming Device: e71f -->
    <write><data>\x06</data></write>
    <write><data>8\x0e</data></write>
    <write><data>58689</data></write>
    <!-- Found Alarm -->
    <!-- Found Alarm -->
    <!-- Found Alarm -->
    <!-- New alarm state -->
    <read><length>1</length><match><data>\x0b</data></match></read>
    <read><length>2</length><match><data>\x9f9</data></match></read>
    <!-- Found Alarm -->
    <!-- Found Armed Alarm -->
    <!-- Found Alarm -->
    <!-- Found Alarm -->
    <read><length>1</length><match><data>\x03</data></match></read>
    <read><length>2</length><match><data>\x00\x00</data></match></read>
    <!-- Update Contact -->
    <write><data>\x06</data></write>
    <write><data>!\x99</data></write>
    <write><data>\x00</data></write>
    <!-- Found Alarm -->
    <!-- Found Alarm -->
    <!-- Found Alarm -->
    <!-- Found Alarm -->
    <!-- Found Armed Alarm -->
    <!-- Found Alarm -->
    <!-- Found Alarm -->
    <read><length>1</length><match><data>\x03</data></match></read>
    <read><length>2</length><match><data>\x00\x00</data></match></read>
    <!-- Grant Access -->
    <write><data>\x05</data></write>
    <write><data>\xbb\xe3\x01</data></write>
    <read><length>1</length><match><data>\x03</data></match></read>
    <read><length>2</length><match><data>\x00\x00</data></match></read>
    <!-- Add Motion -->
    <write><data>\x02</data></write>
    <write><data>\x04</data></write>
    <write><data>\x00</data></write>
    <read><length>1</length><match><data>\x03</data></match></read>
    <read><length>2</length><match><data>D\x3b</data></match></read>
    <!-- Add Random User -->
    <!-- Add User -->
    <write><data>\x00</data></write>
    <write><data>\xf0\xe3OuX\xb6K\x1a\x11\xd7\x99\xbb\x8a\x1c\xf8\x0f\x00\x00\x00\x00\x00\x00\x00\x00\x00\x00\x00\x00\x00\x00\x00\x00\x08\x93!\x89Ze\xeb\xf8a\xdd\xe7\x14\x06X6\x9b\x7f\xc3\x03Y\xcd\xd4\xa1A\xd7\xf1\xa6\x83\x15W\x07\x00\x88\x17\xae\x08\x3d\x09\x60A\xa4\xc1\x2c4\x25N\xe9\x94\xf9\x8da\x89\x0dCJ\xa6S\x92\xd7\x02\x93\x00\x00\x0052160\x000935DFB0C22F4393EFD89B0AC8612C8\x00</data></write>
    <read><length>1</length><match><data>\x03</data></match></read>
    <read><length>2</length><match><data>\x00\x00</data></match></read>
    <!-- List Alarm Codes -->
    <write><data>\x08</data></write>
    <write><data>\xc5!</data></write>
    <read><length>1</length><match><data>\x01</data></match></read>
    <read><length>32</length><match><data>88029\x00\x00\x00\x00\x00\x00\x00\x00\x00\x00\x00\x00\x00\x00\x00\x00\x00\x00\x00\x00\x00\x00\x00\x00\x00\x00\x00</data></match></read>
    <read><length>1</length><match><data>\x03</data></match></read>
    <read><length>2</length><match><data>\x00\x00</data></match></read>
    <!-- Add Device to Alarm -->
    <write><data>\x07</data></write>
    <write><data>!\x99\x9f9</data></write>
    <!-- Found Alarm -->
    <!-- Found Alarm -->
    <!-- Found Alarm -->
    <!-- Found Alarm -->
    <!-- Found Armed Alarm -->
    <!-- Found Alarm -->
    <!-- Found Alarm -->
    <read><length>1</length><match><data>\x03</data></match></read>
    <read><length>2</length><match><data>\x00\x00</data></match></read>
    <!-- Grant Acesss with invalid device type -->
    <write><data>\x05</data></write>
    <write><data>\xac\x07\x00</data></write>
    <read><length>1</length><match><data>\x07</data></match></read>
    <read><length>2</length><match><data>\x00\x00</data></match></read>
    <!-- Add Motion -->
    <write><data>\x02</data></write>
    <write><data>\x04</data></write>
    <write><data>\x00</data></write>
    <read><length>1</length><match><data>\x03</data></match></read>
    <read><length>2</length><match><data>\xff\xfe</data></match></read>
    <!-- Invalid Command -->
    <write><data>y</data></write>
    <read><length>1</length><match><data>\x00</data></match></read>
    <read><length>2</length><match><data>\x00\x00</data></match></read>
    <!-- Grant Acesss with unused userid -->
    <write><data>\x05</data></write>
    <write><data>\xe8I\x09</data></write>
    <read><length>1</length><match><data>\x07</data></match></read>
    <read><length>2</length><match><data>\x00\x00</data></match></read>
    <!-- Invalid Command -->
    <write><data>N</data></write>
    <read><length>1</length><match><data>\x00</data></match></read>
    <read><length>2</length><match><data>\x00\x00</data></match></read>
    <!-- Add Random User -->
    <!-- Add User -->
    <write><data>\x00</data></write>
    <write><data>\x17\x7f\x23Q\x22:d\x0b\xf2\xdd\xb6\xd4\xa5\xe0\x2a\xae\xc5\xd2\x5d\x26\x9a\xef\x87j\x22\x0f\x2d\xc6\x18\xc3\xc7\x00\x2a\x1d\x139W\x0f\xbf\xa7M\xd9E\xb4X\x251\x1d\xd9\xd4\xbd\x97\x00\x00\x00\x00\x00\x00\x00\x00\x00\x00\x00\x00\xf1\xdc\x0c\x22\x99\xd6\xf8\xae\x00\x00\x00\x00\x00\x00\x00\x00\x00\x00\x00\x00\x00\x00\x00\x00\x00\x00\x00\x00\x00\x00\x00\x0079742\x000DBD27F3D60A57AD9A4FACE5F8BED6E\x00</data></write>
    <read><length>1</length><match><data>\x03</data></match></read>
    <read><length>2</length><match><data>\x00\x00</data></match></read>
    <!-- Grant Acesss with unused userid -->
    <write><data>\x05</data></write>
    <write><data>\xea\x0a\x0a</data></write>
    <read><length>1</length><match><data>\x07</data></match></read>
    <read><length>2</length><match><data>\x00\x00</data></match></read>
    <!-- Invalid Command -->
    <write><data>a</data></write>
    <read><length>1</length><match><data>\x00</data></match></read>
    <read><length>2</length><match><data>\x00\x00</data></match></read>
    <!-- Add User with incorrect code -->
    <!-- Add User -->
    <write><data>\x00</data></write>
    <write><data>\x0f\x82\x971\x97\x1f\x9b\x8d\x81\x23\x00\x00\x00\x00\x00\x00\x00\x00\x00\x00\x00\x00\x00\x00\x00\x00\x00\x00\x00\x00\x00\x00\xe2\x8dm\xd8\xbb\xd7\xd45\x8a\xfa\x17\xf4\xe1\x0a\x03U\xb0\xd8\xdc\xb5H\x00\x00\x00\x00\x00\x00\x00\x00\x00\x00\x00\xfa\x05\xe4\x2f\x7e\xbc\xa1\x9b\x02\xb4\x9a\xb5\x2f\xe8\x0e\x00\x00\x00\x00\x00\x00\x00\x00\x00\x00\x00\x00\x00\x00\x00\x00\x0035734\x00BECFDA2C7\x00\x00\x00\x00\x00\x00\x00\x00\x00\x00\x00\x00\x00\x00\x00\x00\x00\x00\x00\x00\x00\x00\x00</data></write>
    <read><length>1</length><match><data>\x02</data></match></read>
    <read><length>2</length><match><data>\x00\x00</data></match></read>
    <!-- Add Smoke -->
    <write><data>\x02</data></write>
    <write><data>\x06</data></write>
    <write><data>\x00</data></write>
    <read><length>1</length><match><data>\x03</data></match></read>
    <read><length>2</length><match><data>\x07J</data></match></read>
    <!-- Grant Acesss with unused userid -->
    <write><data>\x05</data></write>
    <write><data>\xbb\xe3\x0a</data></write>
    <read><length>1</length><match><data>\x07</data></match></read>
    <read><length>2</length><match><data>\x00\x00</data></match></read>
    <!-- Grant Acesss with invalid device type -->
    <write><data>\x05</data></write>
    <write><data>D\x3b\x09</data></write>
    <read><length>1</length><match><data>\x07</data></match></read>
    <read><length>2</length><match><data>\x00\x00</data></match></read>
    <!-- Del Device -->
    <write><data>\x03</data></write>
    <write><data>\xc9\xc0</data></write>
    <!-- Found Alarm -->
    <!-- Found Alarm -->
    <!-- Found Alarm -->
    <!-- Found Armed Alarm -->
    <!-- Found Alarm -->
    <!-- Found Alarm -->
    <read><length>1</length><match><data>\x03</data></match></read>
    <read><length>2</length><match><data>\x00\x00</data></match></read>
    <!-- Grant Acesss with invalid DeviceId -->
    <write><data>\x05</data></write>
    <write><data>3\x00\x05</data></write>
    <read><length>1</length><match><data>\x07</data></match></read>
    <read><length>2</length><match><data>\x00\x00</data></match></read>
    <!-- Add Duplicate User -->
    <!-- Add User -->
    <write><data>\x00</data></write>
    <write><data>\xa6\x7bezX\xfe8\xa5\x2a\x87\x9e\xf5\x15m\xf4\xfd\x40?\xd7\x00\x00\x00\x00\x00\x00\x00\x00\x00\x00\x00\x00\x00uS\xca\xcaj\xb0\x147\xb1\xdf!\xfd\x23\x1b\x17\xf2\xfcI\xe1\xa4\x85\xd7\x13\xf3\xb9\xef\x1f\x00\x00\x00\x00\x00\x92\x3b\x3d\x2c\x00\x00\x00\x00\x00\x00\x00\x00\x00\x00\x00\x00\x00\x00\x00\x00\x00\x00\x00\x00\x00\x00\x00\x00\x00\x00\x00\x0021220\x00AB91BEB0B11248A8D81CFC7DD86F5B0\x00</data></write>
    <read><length>1</length><match><data>\x02</data></match></read>
    <read><length>2</length><match><data>\x00\x00</data></match></read>
    <!-- Del Invalid User -->
    <write><data>\x01</data></write>
    <write><data>\xb1\x1e\x3b\x7b\xc3\xd0\x2aA\xccv\x0fX\x9cJ\xdeRs\xeb\x84\x86\x00\x00\x00\x00\x00\x00\x00\x00\x00\x00\x00\x00</data></write>
    <read><length>1</length><match><data>\x04</data></match></read>
    <read><length>2</length><match><data>\x00\x00</data></match></read>
    <!-- Add User with incorrect pin -->
    <!-- Add User -->
    <write><data>\x00</data></write>
    <write><data>\xa9\xbcze\xf9\x09k\x1c\xaf7\xe8\x99\xa8\x7b\x1b\xdc\xe3S\xf3eU\x00\x00\x00\x00\x00\x00\x00\x00\x00\x00\x009m\x5ff\xf7 DP\x1c\x22j\x24\x00\x00\x00\x00\x00\x00\x00\x00\x00\x00\x00\x00\x00\x00\x00\x00\x00\x00\x00\x00\xbc\xddk\x00\x00\x00\x00\x00\x00\x00\x00\x00\x00\x00\x00\x00\x00\x00\x00\x00\x00\x00\x00\x00\x00\x00\x00\x00\x00\x00\x00\x0075\x00\x00\x00\x00E05DBEF59F83474865055FD64B3D8EF\x00</data></write>
    <read><length>1</length><match><data>\x02</data></match></read>
    <read><length>2</length><match><data>\x00\x00</data></match></read>
    <!-- Update Keypad -->
    <!-- Pins: \x5b\x2758689\x27\x5d -->
    <!-- Add Device to Alarm -->
    <write><data>\x07</data></write>
    <write><data>8\x0e\xc9\x80</data></write>
    <!-- Found Alarm -->
    <!-- Found Alarm -->
    <!-- Found Alarm -->
    <!-- Found Armed Alarm -->
    <!-- Found Alarm -->
    <!-- Found Alarm -->
    <read><length>1</length><match><data>\x03</data></match></read>
    <read><length>2</length><match><data>\x00\x00</data></match></read>
    <!-- arming Device: 80c9 -->
    <!-- arming Device: 399f -->
    <!-- Disarming Device: e71f -->
    <write><data>\x06</data></write>
    <write><data>8\x0e</data></write>
    <write><data>58689</data></write>
    <!-- Found Alarm -->
    <!-- Found Armed Alarm -->
    <!-- Found Alarm -->
    <!-- Found Armed Alarm -->
    <!-- Found Alarm -->
    <!-- Found Alarm -->
    <!-- Found Alarm -->
    <read><length>1</length><match><data>\x03</data></match></read>
    <read><length>2</length><match><data>\x00\x00</data></match></read>
    <!-- Invalid Command -->
    <write><data>0</data></write>
    <read><length>1</length><match><data>\x00</data></match></read>
    <read><length>2</length><match><data>\x00\x00</data></match></read>
    <!-- Add Device to Alarm -->
    <write><data>\x07</data></write>
    <write><data>\xd0\xc3\x9f9</data></write>
    <!-- Found Alarm -->
    <!-- Found Armed Alarm -->
    <!-- Found Alarm -->
    <!-- Found Armed Alarm -->
    <!-- Found Alarm -->
    <!-- Found Alarm -->
    <!-- Found Alarm -->
    <read><length>1</length><match><data>\x03</data></match></read>
    <read><length>2</length><match><data>\x00\x00</data></match></read>
    <!-- Del Device -->
    <write><data>\x03</data></write>
    <write><data>\x852</data></write>
    <!-- Found Alarm -->
    <!-- Found Armed Alarm -->
    <!-- Found Alarm -->
    <!-- Found Armed Alarm -->
    <!-- Found Alarm -->
    <!-- Found Alarm -->
    <read><length>1</length><match><data>\x03</data></match></read>
    <read><length>2</length><match><data>\x00\x00</data></match></read>
    <!-- Grant Access -->
    <write><data>\x05</data></write>
    <write><data>\xe8I\x07</data></write>
    <read><length>1</length><match><data>\x03</data></match></read>
    <read><length>2</length><match><data>\x00\x00</data></match></read>
    <!-- List Alarm Codes -->
    <write><data>\x08</data></write>
    <write><data>\xe8I</data></write>
    <read><length>1</length><match><data>\x01</data></match></read>
    <read><length>32</length><match><data>64176\x00\x00\x00\x00\x00\x00\x00\x00\x00\x00\x00\x00\x00\x00\x00\x00\x00\x00\x00\x00\x00\x00\x00\x00\x00\x00\x00</data></match></read>
    <read><length>1</length><match><data>\x03</data></match></read>
    <read><length>2</length><match><data>\x00\x00</data></match></read>
    <!-- Test Full Alarm System -->
    <!-- Add Contact -->
    <write><data>\x02</data></write>
    <write><data>\x03</data></write>
    <write><data>\x00\x00</data></write>
    <read><length>1</length><match><data>\x03</data></match></read>
    <read><length>2</length><match><data>7\x24</data></match></read>
    <!-- Add Alarm -->
    <write><data>\x02</data></write>
    <write><data>\x07</data></write>
    <read><length>1</length><match><data>\x03</data></match></read>
    <read><length>2</length><match><data>34</data></match></read>
    <!-- Add Device to Alarm -->
    <write><data>\x07</data></write>
    <write><data>7\x2434</data></write>
    <!-- Found Alarm -->
    <!-- Found Armed Alarm -->
    <!-- Found Alarm -->
    <!-- Found Armed Alarm -->
    <!-- Found Alarm -->
    <!-- Found Alarm -->
    <!-- Found Alarm -->
    <read><length>1</length><match><data>\x03</data></match></read>
    <read><length>2</length><match><data>\x00\x00</data></match></read>
    <!-- Add Random User -->
    <!-- Add User -->
    <write><data>\x00</data></write>
    <write><data>\x15\xc0\x16g\xbf:\xdf\xb4\x16\x3bW\xd9H0bW\xb6\xaf\xb5\xe4Is\x2fH\xf3\x0e\x17\x84.\x00\x00\x00\xf3Z\x93\xe8D\xe3\xfd\x3c\x15e\xab\xfb\x09\x7cR\xcc\xbb\x100\x92\x7d\x09\xc7\x3e\xad\x00\x00\x00\x00\x00\x00\x00\x2b\x60\x94?\xb6\xfa\x1dw\x09\x19\x97\xd8\xbe?\xeb\x910\x97\x00\x00\x00\x00\x00\x00\x00\x00\x00\x00\x00\x00\x00\x0098014\x00ADBFC2A19C8BE08DFDB3E1E6CADB293\x00</data></write>
    <read><length>1</length><match><data>\x03</data></match></read>
    <read><length>2</length><match><data>\x00\x00</data></match></read>
    <!-- Add Keypad -->
    <write><data>\x02</data></write>
    <write><data>\x01</data></write>
    <read><length>1</length><match><data>\x03</data></match></read>
    <read><length>2</length><match><data>\x2dS</data></match></read>
    <!-- Add Device to Alarm -->
    <write><data>\x07</data></write>
    <write><data>\x2dS34</data></write>
    <!-- Found Alarm -->
    <!-- Found Armed Alarm -->
    <!-- Found Alarm -->
    <!-- Found Armed Alarm -->
    <!-- Found Alarm -->
    <!-- Found Alarm -->
    <!-- Found Alarm -->
    <read><length>1</length><match><data>\x03</data></match></read>
    <read><length>2</length><match><data>\x00\x00</data></match></read>
    <!-- Grant Access -->
    <write><data>\x05</data></write>
    <write><data>\x2dS\x06</data></write>
    <read><length>1</length><match><data>\x03</data></match></read>
    <read><length>2</length><match><data>\x00\x00</data></match></read>
    <!-- Update Keypad -->
    <!-- Pins: \x5b\x2792607\x27\x2c \x2721220\x27\x5d -->
    <!-- Add Device to Alarm -->
    <write><data>\x07</data></write>
    <write><data>\xbb\xe334</data></write>
    <!-- Found Alarm -->
    <!-- Found Armed Alarm -->
    <!-- Found Alarm -->
    <!-- Found Armed Alarm -->
    <!-- Found Alarm -->
    <!-- Found Alarm -->
    <!-- Found Alarm -->
    <read><length>1</length><match><data>\x03</data></match></read>
    <read><length>2</length><match><data>\x00\x00</data></match></read>
    <!-- Disarming Device: 80c9 -->
    <!-- arming Device: 3433 -->
    <write><data>\x06</data></write>
    <write><data>\xbb\xe3</data></write>
    <write><data>92607</data></write>
    <!-- Found Alarm -->
    <!-- Found Alarm -->
    <!-- Found Armed Alarm -->
    <!-- Found Alarm -->
    <!-- Found Alarm -->
    <!-- Found Alarm -->
    <!-- Found Armed Alarm -->
    <read><length>1</length><match><data>\x03</data></match></read>
    <read><length>2</length><match><data>\x00\x00</data></match></read>
    <!-- Update Contact -->
    <write><data>\x06</data></write>
    <write><data>!\x99</data></write>
    <write><data>\x01</data></write>
    <!-- Found Alarm -->
    <!-- Found Alarm -->
    <!-- Found Armed Alarm -->
    <!-- Found device in alarm -->
    <!-- New alarm state -->
    <read><length>1</length><match><data>\x0a</data></match></read>
    <read><length>2</length><match><data>\x9f9</data></match></read>
    <!-- Found Alarm -->
    <!-- Found Alarm -->
    <!-- Found Alarm -->
    <!-- Found Armed Alarm -->
    <read><length>1</length><match><data>\x03</data></match></read>
    <read><length>2</length><match><data>\x00\x00</data></match></read>
    <!-- Add Device to Alarm -->
    <write><data>\x07</data></write>
    <write><data>\xff\xfe\xc9\x80</data></write>
    <!-- Found Alarm -->
    <!-- Found Alarm -->
    <!-- Found Armed Alarm -->
    <!-- Found device in alarm -->
    <!-- Found Alarm -->
    <!-- Found Alarm -->
    <!-- Found Alarm -->
    <!-- Found Armed Alarm -->
    <read><length>1</length><match><data>\x03</data></match></read>
    <read><length>2</length><match><data>\x00\x00</data></match></read>
    <!-- Add Random User -->
    <!-- Add User -->
    <write><data>\x00</data></write>
    <write><data>\x96MQ\xe7k\xea\xd3\x5e\xf4G\xed\xeb\xe5\xd0\xba\xda\xcc\x7c\xcc\xdd\xd8\x99jGe\x13\x06\xa0\xfb\x00\x00\x009\xd1\x17\xc2\x9d\x7b\xcc\xe9\x5c\x1bn\xdd\x0b\xaa\xad\xc9BABHV\x03\x00\x00\x00\x00\x00\x00\x00\x00\x00\x00\x82\xc4f\xcb\x2c\x27\x13\x7dI9\x00\x00\x00\x00\x00\x00\x00\x00\x00\x00\x00\x00\x00\x00\x00\x00\x00\x00\x00\x00\x00\x0039357\x007FEE3FFB59DFD5E115FED1AB415205A\x00</data></write>
    <read><length>1</length><match><data>\x03</data></match></read>
    <read><length>2</length><match><data>\x00\x00</data></match></read>
    <!-- Add Smoke -->
    <write><data>\x02</data></write>
    <write><data>\x06</data></write>
    <write><data>\x01</data></write>
    <read><length>1</length><match><data>\x03</data></match></read>
    <read><length>2</length><match><data>\xbb\xda</data></match></read>
    <!-- Add Random User -->
    <!-- Add User -->
    <write><data>\x00</data></write>
    <write><data>\xa3\xab\xf1\x25\x85\xb0\x26w\xf2h\x2d\xd9\x05\x2a\xc7c\xb2\x95\xcc\x7db\x00\x00\x00\x00\x00\x00\x00\x00\x00\x00\x00\xb5\x8d\xa3\x9fR\x60\xb3\x8b\xe3\x9d\xb1\x1b\x1c\xf2\xd6\xfas\x7f\x1b\xfb\x7bd\x1d\x00\x00\x00\x00\x00\x00\x00\x00\x00\xfe\xcf\xb71N\xa1\xe1\xbc\x88\x16KsU\x00\x00\x00\x00\x00\x00\x00\x00\x00\x00\x00\x00\x00\x00\x00\x00\x00\x00\x0047760\x00A6FFAABBCE6AACAE01BDE3518FB3ED8\x00</data></write>
    <read><length>1</length><match><data>\x03</data></match></read>
    <read><length>2</length><match><data>\x00\x00</data></match></read>
    <!-- Grant Acesss with invalid device type -->
    <write><data>\x05</data></write>
    <write><data>\x90\x2b\x07</data></write>
    <read><length>1</length><match><data>\x07</data></match></read>
    <read><length>2</length><match><data>\x00\x00</data></match></read>
    <!-- Add User with duplicate code -->
    <!-- Add User -->
    <write><data>\x00</data></write>
    <write><data>\xf81\xaaQ\xb1\xafG\x2a\xfa\xaf\x00\x00\x00\x00\x00\x00\x00\x00\x00\x00\x00\x00\x00\x00\x00\x00\x00\x00\x00\x00\x00\x00\x09mb\xed\xf2\x02\x00\x00\x00\x00\x00\x00\x00\x00\x00\x00\x00\x00\x00\x00\x00\x00\x00\x00\x00\x00\x00\x00\x00\x00\x00\x00O\x0b\x11V\x1f\xde\x5e\x09P\x29\x97\xff\x83\xbc\x3e\x17\xc84\x3b\xb1o\xe3\x00\x00\x00\x00\x00\x00\x00\x00\x00\x0066956\x000935DFB0C22F4393EFD89B0AC8612C8\x00</data></write>
    <read><length>1</length><match><data>\x02</data></match></read>
    <read><length>2</length><match><data>\x00\x00</data></match></read>
    <!-- Add Contact -->
    <write><data>\x02</data></write>
    <write><data>\x03</data></write>
    <write><data>\x00\x00</data></write>
    <read><length>1</length><match><data>\x03</data></match></read>
    <read><length>2</length><match><data>\x27\xd8</data></match></read>
    <!-- Add Duplicate User -->
    <!-- Add User -->
    <write><data>\x00</data></write>
    <write><data>\xf0\xe3OuX\xb6K\x1a\x11\xd7\x99\xbb\x8a\x1c\xf8\x0f\x00\x00\x00\x00\x00\x00\x00\x00\x00\x00\x00\x00\x00\x00\x00\x00\x08\x93!\x89Ze\xeb\xf8a\xdd\xe7\x14\x06X6\x9b\x7f\xc3\x03Y\xcd\xd4\xa1A\xd7\xf1\xa6\x83\x15W\x07\x00\x88\x17\xae\x08\x3d\x09\x60A\xa4\xc1\x2c4\x25N\xe9\x94\xf9\x8da\x89\x0dCJ\xa6S\x92\xd7\x02\x93\x00\x00\x0052160\x000935DFB0C22F4393EFD89B0AC8612C8\x00</data></write>
    <read><length>1</length><match><data>\x02</data></match></read>
    <read><length>2</length><match><data>\x00\x00</data></match></read>
    <!-- Del Invalid User -->
    <write><data>\x01</data></write>
    <write><data>\x91\x16Pq\x85\x18oz\x2c\xa8\xf9\xed2\x17\x8e\xef\xc4\x0e\xc5\xb4\xf5\xca\x17W\xb3\xac\x00\x00\x00\x00\x00\x00</data></write>
    <read><length>1</length><match><data>\x04</data></match></read>
    <read><length>2</length><match><data>\x00\x00</data></match></read>
    <!-- Invalid Command -->
    <write><data>P</data></write>
    <read><length>1</length><match><data>\x00</data></match></read>
    <read><length>2</length><match><data>\x00\x00</data></match></read>
    <!-- Power Off -->
    <write><data>\x04</data></write>
    <read><length>1</length><match><data>\x03</data></match></read>
    <read><length>2</length><match><data>\x00\x00</data></match></read>
</replay>
</pov>