<?xml version="1.0" standalone="no" ?>
<!DOCTYPE pov SYSTEM "/usr/share/cgc-docs/replay.dtd">
<pov>
<cbid>service</cbid>
<seed>efffb839ad741fe92a68e6158e303d2f9d676760c0fbc1e1cb9464ac6d156b10fb94e26c09c97db9f18f49616afb6018</seed>
<replay>
    <!-- Add Keypad -->
    <write><data>\x02</data></write>
    <write><data>\x01</data></write>
    <read><length>1</length><match><data>\x03</data></match></read>
    <read><length>2</length><match><data>\xac\xc7</data></match></read>
    <!-- Add Random User -->
    <!-- Add User -->
    <write><data>\x00</data></write>
    <write><data>2\xc7\xc2\xaf\x00\x00\x00\x00\x00\x00\x00\x00\x00\x00\x00\x00\x00\x00\x00\x00\x00\x00\x00\x00\x00\x00\x00\x00\x00\x00\x00\x00\xd9\x80\xd8\xfa\xc9\x0a\x00\x00\x00\x00\x00\x00\x00\x00\x00\x00\x00\x00\x00\x00\x00\x00\x00\x00\x00\x00\x00\x00\x00\x00\x00\x00\x88!\x09\x60\x18\x0cM\xd4\x92\x00\x00\x00\x00\x00\x00\x00\x00\x00\x00\x00\x00\x00\x00\x00\x00\x00\x00\x00\x00\x00\x00\x0003175\x00E19A94EE9E4694DDE57D0BB7B65BD40\x00</data></write>
    <read><length>1</length><match><data>\x03</data></match></read>
    <read><length>2</length><match><data>\x00\x00</data></match></read>
    <!-- Grant Access -->
    <write><data>\x05</data></write>
    <write><data>\xac\xc7\x00</data></write>
    <read><length>1</length><match><data>\x03</data></match></read>
    <read><length>2</length><match><data>\x00\x00</data></match></read>
    <!-- Add Random User -->
    <!-- Add User -->
    <write><data>\x00</data></write>
    <write><data>\xc25\x1e\xb9Z\x7e\xcb\xcfb\xd3\xa8\xcd\xce9\x18ms\xfe\x7d\x00\x00\x00\x00\x00\x00\x00\x00\x00\x00\x00\x00\x00x4\xd7\x7e\x5c\x92\x0c\x01\x0a\xb2k\xc6\xff\x84\xe51\x7c\xbf\x17\x14\xf0\x95\x3d\xfd9\xb4\x00\x00\x00\x00\x00\x00\xb6\x94\xa5\x17\x91\x88\xad\xcf\xae\xe5\xec7O\x00\x00\x00\x00\x00\x00\x00\x00\x00\x00\x00\x00\x00\x00\x00\x00\x00\x00\x0045437\x009E9AA3ABD46C9BFCB9CE3F009E49603\x00</data></write>
    <read><length>1</length><match><data>\x03</data></match></read>
    <read><length>2</length><match><data>\x00\x00</data></match></read>
    <!-- List Alarm Codes -->
    <write><data>\x08</data></write>
    <write><data>\xac\xc7</data></write>
    <read><length>1</length><match><data>\x01</data></match></read>
    <read><length>32</length><match><data>03175\x00\x00\x00\x00\x00\x00\x00\x00\x00\x00\x00\x00\x00\x00\x00\x00\x00\x00\x00\x00\x00\x00\x00\x00\x00\x00\x00</data></match></read>
    <read><length>1</length><match><data>\x03</data></match></read>
    <read><length>2</length><match><data>\x00\x00</data></match></read>
    <!-- Add Random User -->
    <!-- Add User -->
    <write><data>\x00</data></write>
    <write><data>\x1f\x97\x95\x12\x2dE\xfcB\x94\xf7\x22\xec\x06tz\x5c\x85\xc9a\x1a\xdc\xad\x13\x06\x00\x00\x00\x00\x00\x00\x00\x00\x94\x1d\x3ba\x5e\x16\x80\xcb\xee\xf6\x3bfZ\x7e0rVT\x08\xb42\x89\xa7\x93\x2a\x83N\x88\x19\x00\x00\x00e\xfdv\x14X\xd1\xe6\x93.\xa6\xa8\x83\x2dT\x17\xfa9\x24K\xc0\x25\x91\x00\x00\x00\x00\x00\x00\x00\x00\x00\x0081964\x00EF6AAA928FA73C21BBBDAE2FCF200B2\x00</data></write>
    <read><length>1</length><match><data>\x03</data></match></read>
    <read><length>2</length><match><data>\x00\x00</data></match></read>
    <!-- Add Random User -->
    <!-- Add User -->
    <write><data>\x00</data></write>
    <write><data>\x92\x26gaC\xe5E1I\xceIU\xf58\xba\x0c\x00\x00\x00\x00\x00\x00\x00\x00\x00\x00\x00\x00\x00\x00\x00\x00\x84\x9a\xb1\x23F\xc7\x3b\xaa\x00\x00\x00\x00\x00\x00\x00\x00\x00\x00\x00\x00\x00\x00\x00\x00\x00\x00\x00\x00\x00\x00\x00\x00\xb9\xcdu\x98:\xd3o?\xcd\xd9h\x8c\x90U\x29\x00\x00\x00\x00\x00\x00\x00\x00\x00\x00\x00\x00\x00\x00\x00\x00\x0066177\x00EB1FA6C794812BF8FCD67CFC62CC2FE\x00</data></write>
    <read><length>1</length><match><data>\x03</data></match></read>
    <read><length>2</length><match><data>\x00\x00</data></match></read>
    <!-- Test Full Alarm System -->
    <!-- Add Contact -->
    <write><data>\x02</data></write>
    <write><data>\x03</data></write>
    <write><data>\x00\x00</data></write>
    <read><length>1</length><match><data>\x03</data></match></read>
    <read><length>2</length><match><data>\xf3\xed</data></match></read>
    <!-- Add Alarm -->
    <write><data>\x02</data></write>
    <write><data>\x07</data></write>
    <read><length>1</length><match><data>\x03</data></match></read>
    <read><length>2</length><match><data>\x0a\x15</data></match></read>
    <!-- Add Device to Alarm -->
    <write><data>\x07</data></write>
    <write><data>\xf3\xed\x0a\x15</data></write>
    <!-- Found Alarm -->
    <read><length>1</length><match><data>\x03</data></match></read>
    <read><length>2</length><match><data>\x00\x00</data></match></read>
    <!-- Add Random User -->
    <!-- Add User -->
    <write><data>\x00</data></write>
    <write><data>\x9c\xd6\xc2\x5b\x3b\xce\x8e\xc63\xe4\xdb\xb4\x89\x8cTY\xdf\x98\xc8\xe6\xba6\x7d8x\x0a\x84\xd0\xc9\xde\x00\x00\x18\xda\xfdr\x82\x23\x95\xa5\x0c\x97\x28\x5c.\x96\x07\x7e\x93\xec\x00\x00\x00\x00\x00\x00\x00\x00\x00\x00\x00\x00\x00\x00\x94\xef\xcb\x5e\x17\xda\x17I\xb3\x89\xe1\x17\xb2C\xaf\xc6\x840v \x00\x00\x00\x00\x00\x00\x00\x00\x00\x00\x00\x0004103\x000E86B08C02D1E29AAE8941F7B1A90D9\x00</data></write>
    <read><length>1</length><match><data>\x03</data></match></read>
    <read><length>2</length><match><data>\x00\x00</data></match></read>
    <!-- Add Keypad -->
    <write><data>\x02</data></write>
    <write><data>\x01</data></write>
    <read><length>1</length><match><data>\x03</data></match></read>
    <read><length>2</length><match><data>\xadT</data></match></read>
    <!-- Add Device to Alarm -->
    <write><data>\x07</data></write>
    <write><data>\xadT\x0a\x15</data></write>
    <!-- Found Alarm -->
    <read><length>1</length><match><data>\x03</data></match></read>
    <read><length>2</length><match><data>\x00\x00</data></match></read>
    <!-- Grant Access -->
    <write><data>\x05</data></write>
    <write><data>\xac\xc7\x01</data></write>
    <read><length>1</length><match><data>\x03</data></match></read>
    <read><length>2</length><match><data>\x00\x00</data></match></read>
    <!-- Update Keypad -->
    <!-- Pins: \x5b\x2703175\x27\x2c \x2745437\x27\x5d -->
    <!-- Add Device to Alarm -->
    <write><data>\x07</data></write>
    <write><data>\xac\xc7\x0a\x15</data></write>
    <!-- Found Alarm -->
    <read><length>1</length><match><data>\x03</data></match></read>
    <read><length>2</length><match><data>\x00\x00</data></match></read>
    <!-- arming Device: 150a -->
    <write><data>\x06</data></write>
    <write><data>\xac\xc7</data></write>
    <write><data>45437</data></write>
    <!-- Found Alarm -->
    <!-- Found Armed Alarm -->
    <read><length>1</length><match><data>\x03</data></match></read>
    <read><length>2</length><match><data>\x00\x00</data></match></read>
    <!-- Update Contact -->
    <write><data>\x06</data></write>
    <write><data>\xf3\xed</data></write>
    <write><data>\x01</data></write>
    <!-- Found Alarm -->
    <!-- Found Armed Alarm -->
    <!-- Found device in alarm -->
    <!-- New alarm state -->
    <read><length>1</length><match><data>\x0a</data></match></read>
    <read><length>2</length><match><data>\x0a\x15</data></match></read>
    <read><length>1</length><match><data>\x03</data></match></read>
    <read><length>2</length><match><data>\x00\x00</data></match></read>
    <!-- Add Smoke -->
    <write><data>\x02</data></write>
    <write><data>\x06</data></write>
    <write><data>\x01</data></write>
    <read><length>1</length><match><data>\x03</data></match></read>
    <read><length>2</length><match><data>\xb5\x9c</data></match></read>
    <!-- Grant Acesss with invalid device type -->
    <write><data>\x05</data></write>
    <write><data>\xb5\x9c\x04</data></write>
    <read><length>1</length><match><data>\x07</data></match></read>
    <read><length>2</length><match><data>\x00\x00</data></match></read>
    <!-- Del Device -->
    <write><data>\x03</data></write>
    <write><data>\xac\xc7</data></write>
    <!-- Found Alarm -->
    <!-- Found Armed Alarm -->
    <!-- Found device in alarm -->
    <read><length>1</length><match><data>\x03</data></match></read>
    <read><length>2</length><match><data>\x00\x00</data></match></read>
    <!-- Del User -->
    <write><data>\x01</data></write>
    <write><data>\xc25\x1e\xb9Z\x7e\xcb\xcfb\xd3\xa8\xcd\xce9\x18ms\xfe\x7d\x00\x00\x00\x00\x00\x00\x00\x00\x00\x00\x00\x00\x00</data></write>
    <read><length>1</length><match><data>\x03</data></match></read>
    <read><length>2</length><match><data>\x00\x00</data></match></read>
    <!-- Invalid Command -->
    <write><data>\x22</data></write>
    <read><length>1</length><match><data>\x00</data></match></read>
    <read><length>2</length><match><data>\x00\x00</data></match></read>
    <!-- Del Device -->
    <write><data>\x03</data></write>
    <write><data>\x0a\x15</data></write>
    <read><length>1</length><match><data>\x03</data></match></read>
    <read><length>2</length><match><data>\x00\x00</data></match></read>
    <!-- Add Keypad -->
    <write><data>\x02</data></write>
    <write><data>\x01</data></write>
    <read><length>1</length><match><data>\x03</data></match></read>
    <read><length>2</length><match><data>\x11d</data></match></read>
    <!-- Del Device -->
    <write><data>\x03</data></write>
    <write><data>\xb5\x9c</data></write>
    <read><length>1</length><match><data>\x03</data></match></read>
    <read><length>2</length><match><data>\x00\x00</data></match></read>
    <!-- Add Alarm -->
    <write><data>\x02</data></write>
    <write><data>\x07</data></write>
    <read><length>1</length><match><data>\x03</data></match></read>
    <read><length>2</length><match><data>\xc1T</data></match></read>
    <!-- Add Device to Alarm -->
    <write><data>\x07</data></write>
    <write><data>\xf3\xed\xc1T</data></write>
    <!-- Found Alarm -->
    <read><length>1</length><match><data>\x03</data></match></read>
    <read><length>2</length><match><data>\x00\x00</data></match></read>
    <!-- Add Device to Alarm -->
    <write><data>\x07</data></write>
    <write><data>\xf3\xed\xc1T</data></write>
    <!-- Found Alarm -->
    <read><length>1</length><match><data>\x03</data></match></read>
    <read><length>2</length><match><data>\x00\x00</data></match></read>
    <!-- Power Off -->
    <write><data>\x04</data></write>
    <read><length>1</length><match><data>\x03</data></match></read>
    <read><length>2</length><match><data>\x00\x00</data></match></read>
</replay>
</pov>