<?xml version="1.0" standalone="no" ?>
<!DOCTYPE pov SYSTEM "/usr/share/cgc-docs/replay.dtd">
<pov>
<cbid>service</cbid>
<seed>20baa02a08f05082723a80eb55d55d570776aa763fab4561b4afe16e02648ac99b96791fce2332d0298f55d30b56b220</seed>
<replay>
    <!-- Add User with incorrect pin -->
    <!-- Add User -->
    <write><data>\x00</data></write>
    <write><data>\x05\xb03\x18\x7c\xb1\x25\x93z\x96r7\xe99\x02\x83\x3d\x7bA?\xe9\xc7\xffk\x84\xb3\x00\x00\x00\x00\x00\x00\xf8\x800s9z\x83\xf80U\xab\xc0\x00\x00\x00\x00\x00\x00\x00\x00\x00\x00\x00\x00\x00\x00\x00\x00\x00\x00\x00\x005\x26.\x5b\xda\x98\x81\x18\xa9\x1a\x9a\x84x\xee\x5c\x2fv\x1c7\xe5\x00\x00\x00\x00\x00\x00\x00\x00\x00\x00\x00\x003157\x00\x00876FC0D289D9A5AFD1D7D2AD1F07CC2\x00</data></write>
    <read><length>1</length><match><data>\x02</data></match></read>
    <read><length>2</length><match><data>\x00\x00</data></match></read>
    <!-- Grant Acesss with invalid DeviceId -->
    <!-- Add Random User -->
    <!-- Add User -->
    <write><data>\x00</data></write>
    <write><data>J3\xba\xb4\xfa\x5f\x8e\xda\x1e\x00\x00\x00\x00\x00\x00\x00\x00\x00\x00\x00\x00\x00\x00\x00\x00\x00\x00\x00\x00\x00\x00\x00v\x5d \x14M\x3d\x3c\x3br\xcfD\xfb\x9e\x7e\xa3\xa5\x80\x09\x84\xcbCQ\xd6\x00\x00\x00\x00\x00\x00\x00\x00\x00\xda\x3e.v\x80\xb7Z\x18K\xb2\x00\x00\x00\x00\x00\x00\x00\x00\x00\x00\x00\x00\x00\x00\x00\x00\x00\x00\x00\x00\x00\x0013616\x00C3C3BA9FBA18CCA3FCB53D7838CEA6E\x00</data></write>
    <read><length>1</length><match><data>\x03</data></match></read>
    <read><length>2</length><match><data>\x00\x00</data></match></read>
    <write><data>\x05</data></write>
    <write><data>\x2c\x00\x00</data></write>
    <read><length>1</length><match><data>\x07</data></match></read>
    <read><length>2</length><match><data>\x00\x00</data></match></read>
    <!-- Grant Acesss with invalid userid value -->
    <!-- Add Keypad -->
    <write><data>\x02</data></write>
    <write><data>\x01</data></write>
    <read><length>1</length><match><data>\x03</data></match></read>
    <read><length>2</length><match><data>\x7bQ</data></match></read>
    <write><data>\x05</data></write>
    <write><data>\x7bQ\x8b</data></write>
    <read><length>1</length><match><data>\x07</data></match></read>
    <read><length>2</length><match><data>\x00\x00</data></match></read>
    <!-- Invalid Command -->
    <write><data>f</data></write>
    <read><length>1</length><match><data>\x00</data></match></read>
    <read><length>2</length><match><data>\x00\x00</data></match></read>
    <!-- Del Device -->
    <write><data>\x03</data></write>
    <write><data>\x7bQ</data></write>
    <read><length>1</length><match><data>\x03</data></match></read>
    <read><length>2</length><match><data>\x00\x00</data></match></read>
    <!-- Add Contact -->
    <write><data>\x02</data></write>
    <write><data>\x03</data></write>
    <write><data>\x00\x01</data></write>
    <read><length>1</length><match><data>\x03</data></match></read>
    <read><length>2</length><match><data>S\xd1</data></match></read>
    <!-- Add Alarm -->
    <write><data>\x02</data></write>
    <write><data>\x07</data></write>
    <read><length>1</length><match><data>\x03</data></match></read>
    <read><length>2</length><match><data>i\xa7</data></match></read>
    <!-- Add Device to Alarm -->
    <write><data>\x07</data></write>
    <write><data>S\xd1i\xa7</data></write>
    <!-- Found Alarm -->
    <read><length>1</length><match><data>\x03</data></match></read>
    <read><length>2</length><match><data>\x00\x00</data></match></read>
    <!-- Add Keypad -->
    <write><data>\x02</data></write>
    <write><data>\x01</data></write>
    <read><length>1</length><match><data>\x03</data></match></read>
    <read><length>2</length><match><data>\xbbx</data></match></read>
    <!-- Grant Acesss with unused userid -->
    <write><data>\x05</data></write>
    <write><data>\xbbx\x01</data></write>
    <read><length>1</length><match><data>\x07</data></match></read>
    <read><length>2</length><match><data>\x00\x00</data></match></read>
    <!-- Invalid Command -->
    <write><data>U</data></write>
    <read><length>1</length><match><data>\x00</data></match></read>
    <read><length>2</length><match><data>\x00\x00</data></match></read>
    <!-- Add Motion -->
    <write><data>\x02</data></write>
    <write><data>\x04</data></write>
    <write><data>\x01</data></write>
    <read><length>1</length><match><data>\x03</data></match></read>
    <read><length>2</length><match><data>\xcf\x96</data></match></read>
    <!-- Grant Acesss with unused userid -->
    <write><data>\x05</data></write>
    <write><data>\xbbx\x01</data></write>
    <read><length>1</length><match><data>\x07</data></match></read>
    <read><length>2</length><match><data>\x00\x00</data></match></read>
    <!-- Del Invalid User -->
    <write><data>\x01</data></write>
    <write><data>\xaf\x16\xbf\xf2\xcb\x04\xc5\xd0K\xa0\xfa\x02\xd4\x8a4p\x86\x0cF\x15\x25\xc7\xf1\xef\x00\x00\x00\x00\x00\x00\x00\x00</data></write>
    <read><length>1</length><match><data>\x04</data></match></read>
    <read><length>2</length><match><data>\x00\x00</data></match></read>
    <!-- Del Invalid User -->
    <write><data>\x01</data></write>
    <write><data>\xaa\x02\xfd\xa0\xfe\x98\x86\xb4q2\xf9\x00\x00\x00\x00\x00\x00\x00\x00\x00\x00\x00\x00\x00\x00\x00\x00\x00\x00\x00\x00\x00</data></write>
    <read><length>1</length><match><data>\x04</data></match></read>
    <read><length>2</length><match><data>\x00\x00</data></match></read>
    <!-- Power Off -->
    <write><data>\x04</data></write>
    <read><length>1</length><match><data>\x03</data></match></read>
    <read><length>2</length><match><data>\x00\x00</data></match></read>
</replay>
</pov>