<?xml version="1.0" standalone="no" ?>
<!DOCTYPE pov SYSTEM "/usr/share/cgc-docs/replay.dtd">
<pov>
<cbid>service</cbid>
<seed>5d032164140b42d240809b50fe303c17735eb207dc16f26b703cc5aa56fb6b1ce0593ed641cd694ef1293fc4fe206cb1</seed>
<replay>
    <!-- Grant Acesss with invalid userid value -->
    <!-- Add Keypad -->
    <write><data>\x02</data></write>
    <write><data>\x01</data></write>
    <read><length>1</length><match><data>\x03</data></match></read>
    <read><length>2</length><match><data>\xaa\xa1</data></match></read>
    <write><data>\x05</data></write>
    <write><data>\xaa\xa1\xc7</data></write>
    <read><length>1</length><match><data>\x07</data></match></read>
    <read><length>2</length><match><data>\x00\x00</data></match></read>
    <!-- Add Motion -->
    <write><data>\x02</data></write>
    <write><data>\x04</data></write>
    <write><data>\x01</data></write>
    <read><length>1</length><match><data>\x03</data></match></read>
    <read><length>2</length><match><data>\xd8l</data></match></read>
    <!-- Power Off -->
    <write><data>\x04</data></write>
    <read><length>1</length><match><data>\x03</data></match></read>
    <read><length>2</length><match><data>\x00\x00</data></match></read>
</replay>
</pov>