<?xml version="1.0" standalone="no" ?>
<!DOCTYPE pov SYSTEM "/usr/share/cgc-docs/replay.dtd">
<pov>
<cbid>service</cbid>
<seed>488ec9978872fc9d4b7009e70f8e388eeea9f4e598f26ae0f3bd0eaee620a18ae9557bef945e79d758877c72b68d4bc8</seed>
<replay>
    <!-- Add User with incorrect pin -->
    <!-- Add User -->
    <write><data>\x00</data></write>
    <write><data>\xb5\x5c\xda\x1f\x0a\xa2\xf6\x2do\x28K\xc5\x81\x18\xb4\x12\xde9\x5b\x94\x97\x15\x00\x00\x00\x00\x00\x00\x00\x00\x00\x00H\x8a\xef\x5d\xc6\x25\xfc\xcbU\x829y\x80\xdeE\x03U\xa3\xd7\xee\xd7\x00\x00\x00\x00\x00\x00\x00\x00\x00\x00\x00\xcc\x15\xb1\xeb\xda\xfb\xc3\xd7\xd2\x15\x98\x23\x06\x1b\xb7\x1e\xb9\x97\x9fbx\xac\x88Y\x9e\x00\x00\x00\x00\x00\x00\x004\x00\x00\x00\x00\x00DBA0EBF2DE79F67CC3C331CE86DB92F\x00</data></write>
    <read><length>1</length><match><data>\x02</data></match></read>
    <read><length>2</length><match><data>\x00\x00</data></match></read>
    <!-- Power Off -->
    <write><data>\x04</data></write>
    <read><length>1</length><match><data>\x03</data></match></read>
    <read><length>2</length><match><data>\x00\x00</data></match></read>
</replay>
</pov>