<?xml version="1.0" standalone="no" ?>
<!DOCTYPE pov SYSTEM "/usr/share/cgc-docs/replay.dtd">
<pov>
<cbid>service</cbid>
<seed>9739151bc4c274a4ad411225b3ff8772d69c244a0c68b8f83a0ad1acd329b895b26ee6435d29aa6d2bc3301e4354636e</seed>
<replay>
    <!-- Invalid Command -->
    <write><data>X</data></write>
    <read><length>1</length><match><data>\x00</data></match></read>
    <read><length>2</length><match><data>\x00\x00</data></match></read>
    <!-- Invalid Command -->
    <write><data>2</data></write>
    <read><length>1</length><match><data>\x00</data></match></read>
    <read><length>2</length><match><data>\x00\x00</data></match></read>
    <!-- Add Motion -->
    <write><data>\x02</data></write>
    <write><data>\x04</data></write>
    <write><data>\x00</data></write>
    <read><length>1</length><match><data>\x03</data></match></read>
    <read><length>2</length><match><data>\xbc\x1d</data></match></read>
    <!-- Add Alarm -->
    <write><data>\x02</data></write>
    <write><data>\x07</data></write>
    <read><length>1</length><match><data>\x03</data></match></read>
    <read><length>2</length><match><data>\xc2\xfb</data></match></read>
    <!-- Add Device to Alarm -->
    <write><data>\x07</data></write>
    <write><data>\xbc\x1d\xc2\xfb</data></write>
    <!-- Found Alarm -->
    <read><length>1</length><match><data>\x03</data></match></read>
    <read><length>2</length><match><data>\x00\x00</data></match></read>
    <!-- Invalid Command -->
    <write><data>\x26</data></write>
    <read><length>1</length><match><data>\x00</data></match></read>
    <read><length>2</length><match><data>\x00\x00</data></match></read>
    <!-- Add Random User -->
    <!-- Add User -->
    <write><data>\x00</data></write>
    <write><data>N\x93\x8c\x01\xdbF\xe6\xbak\xe0\xd30\xc4\x15\x9e\xbe\x25\x80\x12\x2f7\x00\x00\x00\x00\x00\x00\x00\x00\x00\x00\x00.\x87\x60\x19\xb7\xd3\xbc\x2b\xe0\xd0\x3d\x7d\x2b\xdf\x280\x5b\xec\xf5\x0e\x96\x5dyg\x00\x00\x00\x00\x00\x00\x00\x00\xa5\x00\x00\x00\x00\x00\x00\x00\x00\x00\x00\x00\x00\x00\x00\x00\x00\x00\x00\x00\x00\x00\x00\x00\x00\x00\x00\x00\x00\x00\x00\x0051785\x00ABCCED1AE7CA9777BE6DBCC9D7ACBDE\x00</data></write>
    <read><length>1</length><match><data>\x03</data></match></read>
    <read><length>2</length><match><data>\x00\x00</data></match></read>
    <!-- Power Off -->
    <write><data>\x04</data></write>
    <read><length>1</length><match><data>\x03</data></match></read>
    <read><length>2</length><match><data>\x00\x00</data></match></read>
</replay>
</pov>