<?xml version="1.0" standalone="no" ?>
<!DOCTYPE pov SYSTEM "/usr/share/cgc-docs/replay.dtd">
<pov>
<cbid>service</cbid>
<seed>be93dcdc79a8f9076ac4dc3f6eef9dd73e95f4aaf8f0be95030acba2da17f6d97b784eed2ad25da6734480c08be976a0</seed>
<replay>
    <!-- Add Contact -->
    <write><data>\x02</data></write>
    <write><data>\x03</data></write>
    <write><data>\x01\x01</data></write>
    <read><length>1</length><match><data>\x03</data></match></read>
    <read><length>2</length><match><data>X\xac</data></match></read>
    <!-- Add Duplicate User -->
    <!-- Add Random User -->
    <!-- Add User -->
    <write><data>\x00</data></write>
    <write><data>\xb4\x3b\xef\xbbE\x88\xe5\x89\x9f\x08\x3c\xef\x89N\xef\x25\xd5\xb7\xb1\xd2\x00\x00\x00\x00\x00\x00\x00\x00\x00\x00\x00\x007\x02Y\xbf\x26\x1d\xcd\x00\x00\x00\x00\x00\x00\x00\x00\x00\x00\x00\x00\x00\x00\x00\x00\x00\x00\x00\x00\x00\x00\x00\x00\x00\xd1R\x15\xeb\x15\x15\xd3\x0e\xf6\xbb\x9aBf\xed\x26\x0b\x00\x00\x00\x00\x00\x00\x00\x00\x00\x00\x00\x00\x00\x00\x00\x0045074\x002BA30AB3AC6EB9C4AEAB9B37ECF30D8\x00</data></write>
    <read><length>1</length><match><data>\x03</data></match></read>
    <read><length>2</length><match><data>\x00\x00</data></match></read>
    <!-- Add User -->
    <write><data>\x00</data></write>
    <write><data>\xb4\x3b\xef\xbbE\x88\xe5\x89\x9f\x08\x3c\xef\x89N\xef\x25\xd5\xb7\xb1\xd2\x00\x00\x00\x00\x00\x00\x00\x00\x00\x00\x00\x007\x02Y\xbf\x26\x1d\xcd\x00\x00\x00\x00\x00\x00\x00\x00\x00\x00\x00\x00\x00\x00\x00\x00\x00\x00\x00\x00\x00\x00\x00\x00\x00\xd1R\x15\xeb\x15\x15\xd3\x0e\xf6\xbb\x9aBf\xed\x26\x0b\x00\x00\x00\x00\x00\x00\x00\x00\x00\x00\x00\x00\x00\x00\x00\x0045074\x002BA30AB3AC6EB9C4AEAB9B37ECF30D8\x00</data></write>
    <read><length>1</length><match><data>\x02</data></match></read>
    <read><length>2</length><match><data>\x00\x00</data></match></read>
    <!-- Add User with duplicate code -->
    <!-- Add User -->
    <write><data>\x00</data></write>
    <write><data>R\x85\x09\xf8v\xb5\xc5\x00\x00\x00\x00\x00\x00\x00\x00\x00\x00\x00\x00\x00\x00\x00\x00\x00\x00\x00\x00\x00\x00\x00\x00\x00\x99\x06\xae\xc5\x0a\xf3\xc1\x9c\x0a\xaf\xc7\xa2\xbb\xb9\xd0\x00\x00\x00\x00\x00\x00\x00\x00\x00\x00\x00\x00\x00\x00\x00\x00\x00\xa5\xde\xbf\xfb\xb6\xb6\xadj\x3b\x24\xd8\xe1\xa6\xd4\xbf\x00\x00\x00\x00\x00\x00\x00\x00\x00\x00\x00\x00\x00\x00\x00\x00\x0055598\x002BA30AB3AC6EB9C4AEAB9B37ECF30D8\x00</data></write>
    <read><length>1</length><match><data>\x02</data></match></read>
    <read><length>2</length><match><data>\x00\x00</data></match></read>
    <!-- Add Keypad -->
    <write><data>\x02</data></write>
    <write><data>\x01</data></write>
    <read><length>1</length><match><data>\x03</data></match></read>
    <read><length>2</length><match><data>\xc8\xd2</data></match></read>
    <!-- Grant Access -->
    <write><data>\x05</data></write>
    <write><data>\xc8\xd2\x00</data></write>
    <read><length>1</length><match><data>\x03</data></match></read>
    <read><length>2</length><match><data>\x00\x00</data></match></read>
    <!-- Del User -->
    <write><data>\x01</data></write>
    <write><data>\xb4\x3b\xef\xbbE\x88\xe5\x89\x9f\x08\x3c\xef\x89N\xef\x25\xd5\xb7\xb1\xd2\x00\x00\x00\x00\x00\x00\x00\x00\x00\x00\x00\x00</data></write>
    <read><length>1</length><match><data>\x03</data></match></read>
    <read><length>2</length><match><data>\x00\x00</data></match></read>
    <!-- Invalid Command -->
    <write><data>\x17</data></write>
    <read><length>1</length><match><data>\x00</data></match></read>
    <read><length>2</length><match><data>\x00\x00</data></match></read>
    <!-- Add Duplicate User -->
    <!-- Add Random User -->
    <!-- Add User -->
    <write><data>\x00</data></write>
    <write><data>\xbc0j\x26\x86\xce\x8aZ\x1f\xce\xf4\xf3\xe6a\x29\x90\xef1T\x8a\x15\x29u\x84\xd6\xc7\x00\x00\x00\x00\x00\x00k\x3c\xb7\xd2\x7b\x16\xb2\xa2z\xd9Lnj\xb42\xa1t\x80\x00\x00\x00\x00\x00\x00\x00\x00\x00\x00\x00\x00\x00\x00\x13\x8d\x17\x2f\xfd\x9e\xbc\xe6x\xe2\xb3\xb1\x5f\xda\xa0H\x5b\xd0\xca\x0eY\xebL\xbf5r\x00\x00\x00\x00\x00\x0010674\x00B2067740527FAF1967CA6E1C0FBEADB\x00</data></write>
    <read><length>1</length><match><data>\x03</data></match></read>
    <read><length>2</length><match><data>\x00\x00</data></match></read>
    <!-- Add User -->
    <write><data>\x00</data></write>
    <write><data>\xbc0j\x26\x86\xce\x8aZ\x1f\xce\xf4\xf3\xe6a\x29\x90\xef1T\x8a\x15\x29u\x84\xd6\xc7\x00\x00\x00\x00\x00\x00k\x3c\xb7\xd2\x7b\x16\xb2\xa2z\xd9Lnj\xb42\xa1t\x80\x00\x00\x00\x00\x00\x00\x00\x00\x00\x00\x00\x00\x00\x00\x13\x8d\x17\x2f\xfd\x9e\xbc\xe6x\xe2\xb3\xb1\x5f\xda\xa0H\x5b\xd0\xca\x0eY\xebL\xbf5r\x00\x00\x00\x00\x00\x0010674\x00B2067740527FAF1967CA6E1C0FBEADB\x00</data></write>
    <read><length>1</length><match><data>\x02</data></match></read>
    <read><length>2</length><match><data>\x00\x00</data></match></read>
    <!-- Add Duplicate User -->
    <!-- Add User -->
    <write><data>\x00</data></write>
    <write><data>\xbc0j\x26\x86\xce\x8aZ\x1f\xce\xf4\xf3\xe6a\x29\x90\xef1T\x8a\x15\x29u\x84\xd6\xc7\x00\x00\x00\x00\x00\x00k\x3c\xb7\xd2\x7b\x16\xb2\xa2z\xd9Lnj\xb42\xa1t\x80\x00\x00\x00\x00\x00\x00\x00\x00\x00\x00\x00\x00\x00\x00\x13\x8d\x17\x2f\xfd\x9e\xbc\xe6x\xe2\xb3\xb1\x5f\xda\xa0H\x5b\xd0\xca\x0eY\xebL\xbf5r\x00\x00\x00\x00\x00\x0010674\x00B2067740527FAF1967CA6E1C0FBEADB\x00</data></write>
    <read><length>1</length><match><data>\x02</data></match></read>
    <read><length>2</length><match><data>\x00\x00</data></match></read>
    <!-- Add Random User -->
    <!-- Add User -->
    <write><data>\x00</data></write>
    <write><data>\x16\xa8\x9f\xf7\x3c\xe3\xd0v\x95\xbe3\x0f\x405d\x09\xf9\x850\xabv\x00\x00\x00\x00\x00\x00\x00\x00\x00\x00\x00\xb9\x5ee\x5f\xf5\x7b\x95jw\xee\xff\xbfVT\x17\xec\xf8\xba\xa3\x87 \x9e\x83p\xdb\x13\x00\x00\x00\x00\x00\x00Vt\x07\x8bz\x2c\x5c\xfe\x7c\x245\xc6R\x06\xc3\xa9S\xbc\xfeE\x5d\x99\x06\x23\xceo3\xc7\x8c\xa4g\x0034099\x006AA2D4AD8987251985A0DF08CC8ADFE\x00</data></write>
    <read><length>1</length><match><data>\x03</data></match></read>
    <read><length>2</length><match><data>\x00\x00</data></match></read>
    <!-- Grant Acesss with invalid userid value -->
    <write><data>\x05</data></write>
    <write><data>\xc8\xd2\x92</data></write>
    <read><length>1</length><match><data>\x07</data></match></read>
    <read><length>2</length><match><data>\x00\x00</data></match></read>
    <!-- Add Contact -->
    <write><data>\x02</data></write>
    <write><data>\x03</data></write>
    <write><data>\x01\x00</data></write>
    <read><length>1</length><match><data>\x03</data></match></read>
    <read><length>2</length><match><data>\xa79</data></match></read>
    <!-- Add Random User -->
    <!-- Add User -->
    <write><data>\x00</data></write>
    <write><data>c\x5b\x24X\x60\x27\x0e\xd1N4w\x05\x3d\x1e\x5d\xfc\x250\x5b\xaf\xe7\x25\x00\x00\x00\x00\x00\x00\x00\x00\x00\x00\xd8\x00\x00\x00\x00\x00\x00\x00\x00\x00\x00\x00\x00\x00\x00\x00\x00\x00\x00\x00\x00\x00\x00\x00\x00\x00\x00\x00\x00\x00\x00\x00\xc5\xe1X\xe4\x2b\xe3\xf8\xe2\xb8\x19\xc0\xf9\x8b\x3c\x8e\xc2\x9e\xe8\x01\xfa\x92zM\x00\x00\x00\x00\x00\x00\x00\x00\x0062744\x00B99144FCCCF2CBAFD68D2FF0CE64CE9\x00</data></write>
    <read><length>1</length><match><data>\x03</data></match></read>
    <read><length>2</length><match><data>\x00\x00</data></match></read>
    <!-- Add User with duplicate code -->
    <!-- Add User -->
    <write><data>\x00</data></write>
    <write><data>\x40\x9b\xf6N6dH\x9c\x00\x00\x00\x00\x00\x00\x00\x00\x00\x00\x00\x00\x00\x00\x00\x00\x00\x00\x00\x00\x00\x00\x00\x00\x3b\x99\x87\xeca\xa5l\x1b\xaf\xebp\xed\x3c\xfa\x0c\xf0\x00\x00\x00\x00\x00\x00\x00\x00\x00\x00\x00\x00\x00\x00\x00\x00\xb9\x10\x9cua\x06\x60\xae\xe4\x8e\x9f\xb2\xa7\xce\x00\x00\x00\x00\x00\x00\x00\x00\x00\x00\x00\x00\x00\x00\x00\x00\x00\x0051310\x00B2067740527FAF1967CA6E1C0FBEADB\x00</data></write>
    <read><length>1</length><match><data>\x02</data></match></read>
    <read><length>2</length><match><data>\x00\x00</data></match></read>
    <!-- Add User with incorrect code -->
    <!-- Add User -->
    <write><data>\x00</data></write>
    <write><data>\x01\xd3\xc3\xdb\xb2\x80\xcc\xdak\x12c\x2a\x0f\x08\x5d\xbc\x03\x0e\x2d\xe7\x96\x5f\x00\x00\x00\x00\x00\x00\x00\x00\x00\x00\xaa\xaaS\x15?XtT\xad\xb0o\x00\x00\x00\x00\x00\x00\x00\x00\x00\x00\x00\x00\x00\x00\x00\x00\x00\x00\x00\x00\x00:\x2f\xfel\x8f\xb6\x03\x7e\xdf\xae\xf1Z7\x96\x96\x84\x7e1b\x00\x00\x00\x00\x00\x00\x00\x00\x00\x00\x00\x00\x0050715\x00ADF9AC285721EA690A6CBBAF5F3B\x00\x00\x00\x00</data></write>
    <read><length>1</length><match><data>\x02</data></match></read>
    <read><length>2</length><match><data>\x00\x00</data></match></read>
    <!-- Add Alarm -->
    <write><data>\x02</data></write>
    <write><data>\x07</data></write>
    <read><length>1</length><match><data>\x03</data></match></read>
    <read><length>2</length><match><data>K </data></match></read>
    <!-- Add Device to Alarm -->
    <write><data>\x07</data></write>
    <write><data>\xa79K </data></write>
    <!-- Found Alarm -->
    <read><length>1</length><match><data>\x03</data></match></read>
    <read><length>2</length><match><data>\x00\x00</data></match></read>
    <!-- Power Off -->
    <write><data>\x04</data></write>
    <read><length>1</length><match><data>\x03</data></match></read>
    <read><length>2</length><match><data>\x00\x00</data></match></read>
</replay>
</pov>