<?xml version="1.0" standalone="no" ?>
<!DOCTYPE pov SYSTEM "/usr/share/cgc-docs/replay.dtd">
<pov>
<cbid>service</cbid>
<seed>9238aabc1644e99c3926970c581e283a1c7549de9c7784d0722360d1b80bc4c74fb1794b14007c348be2197c1172141a</seed>
<replay>
    <write><data>G\x2d</data></write>
    <write><data>\x23\x00\x86b\xb7\x2b\x5f\x3c\x19\xf2\x3c78\x25\x7b\x18\xc3e\x1b\xf8 \xfa\xafG\x7f\xe6\xbc\x5f\x60\xaa\x8d\xe0\x09\xd6I\xfe\x7f</data></write>
    <read><length>2</length><match><data>\xe1\x10</data></match></read>
    <write><data>\x0f\x22</data></write>
    <read><length>2</length><match><data>\xe1\x10</data></match></read>
    <write><data>\xea\x2c</data></write>
    <read><length>2</length><match><data>\xe1\x10</data></match></read>
    <write><data>\xea\x2c</data></write>
    <read><length>2</length><match><data>\xe1\x10</data></match></read>
    <write><data>\x0f\x22</data></write>
    <read><length>2</length><match><data>\xe1\x10</data></match></read>
    <write><data>\xea\x2c</data></write>
    <read><length>2</length><match><data>\xe1\x10</data></match></read>
    <write><data>\xea\x2c</data></write>
    <read><length>2</length><match><data>\xe1\x10</data></match></read>
    <write><data>\x07\x22</data></write>
    <write><data>\x23\x00\x1d\x89Fh\x88\x89R\xf4\xb7\xb0\xdfE\xe8\xf7\xf0\x0c\xcb\xfe9\x29e\xcc\xfbjK\x1ar\x97 \xb7s\x98\x10\x8e\xbd</data></write>
    <write><data>!\x00\xf6\x0a\x07\x95Kkp\x9c\x87\xb2\x3b\xabq\xcej\xb9\x1e\xed\x1c\xd9Ej\x7f\xdf\x98\xfd\x60\x9b\x94\x17\xcb\x81\x7d</data></write>
    <read><length>2</length><match><data>\xe1\x10</data></match></read>
    <write><data>G\x2d</data></write>
    <write><data>\x28\x00z\xef\xb5\xfd\x9a\xe8\xae\xb8B\xe5o\xa9R\xf2iTi\x1a\xa7\xbb\x19\x0d\xa8O\xe9\x9bJ\xa3\xb2e\xa2\xe93\xf4\xc7\xfb\xfa\xb2\xfd\xed</data></write>
    <read><length>2</length><match><data>\xe1\x10</data></match></read>
    <write><data>\x07\x22</data></write>
    <write><data>\x28\x00\x12\x9e\x3d\xf5\xdf\xda\xa5\xc0\xe07\xb2\xfb\xec\x1d\xa9\xb5h\xf9\xf6y\x3dsK\xbf\x8f\x24\x7b\x82ir\x5cT\xcc\xd1P\x8f\xca\x96\x0d\x97</data></write>
    <write><data>\x26\x00\x5c\xe2\x09\x07\x83\x1c\x2f\xe6\xec\x85\xdaG\xf9X\xfc\xc0\x2c:9\xa7\xc6\xabM\x93\xe5\xd3Qx5\xb9\x3b\x9cjA\xe3\xeb\xf3o</data></write>
    <read><length>2</length><match><data>\xe1\x10</data></match></read>
    <write><data>\xb1V</data></write>
    <read><length>2</length><match><data>\xe1\x10</data></match></read>
    <write><data>\xb1V</data></write>
    <read><length>2</length><match><data>\xe1\x10</data></match></read>
    <write><data>v\x2c</data></write>
    <write><data>\x0f\x00\xa53\x60\x80\x8b\x93\x18\x5f\x84\xeb\x07\x3b\xb7c\xc5</data></write>
    <read><length>2</length><match><data>\xd2\x04</data></match></read>
    <read><length>12</length><match><data>\x0a\x00\x94\xf6\xcaou\x1b1O\x92V</data></match></read>
    <write><data>\x99\x08</data></write>
    <write><data>\x23\x00\xea\x06\x231\x96e\xdd\x12i\xb2\xb1Z\x25\x98\x2c\xd3\xcb\x11\x8e\x13\xf8\x12\x94\x9c\x18wE\x0d\xac\x0a\xf7\xcd\xfa\x88\x1e</data></write>
    <read><length>2</length><match><data>\xe1\x10</data></match></read>
    <write><data>G\x2d</data></write>
    <write><data>\x0f\x00\xa53\x60\x80\x8b\x93\x18\x5f\x84\xeb\x07\x3b\xb7c\xc5</data></write>
    <read><length>2</length><match><data>\xd2\x04</data></match></read>
    <write><data>\x99\x08</data></write>
    <write><data>\x24\x00\xe8f\xeb\xa8\xfb\xf5\xa9\xe35n\xe0\x82\xf2I\x223\x3d\xd59\x7e\x8f\xe6\xaa\x2d\x1a\x5b\xd1\x11\x5ep\x87\xa4\xed\x28\x1d\x82</data></write>
    <read><length>2</length><match><data>\xe1\x10</data></match></read>
    <write><data>\xb1V</data></write>
    <write><data>\x09\x00\x1dO\x14\x93\xcb\x28X\xdf\x16</data></write>
    <read><length>2</length><match><data>\xd2\x04</data></match></read>
    <write><data>\x0f\x22</data></write>
    <read><length>2</length><match><data>\xd2\x04</data></match></read>
    <read><length>2</length><match><data>W\x22</data></match></read>
    <write><data>\x99\x08</data></write>
    <write><data>\x09\x00\x1dO\x14\x93\xcb\x28X\xdf\x16</data></write>
    <read><length>2</length><match><data>\xd2\x04</data></match></read>
    <write><data>\x99\x08</data></write>
    <write><data>\x25\x00\x22\xb8\xf3\x2c\xb1\x93\xca\xbb\xeb\x0b\x04G\x8f\x04\xb8\xd7\xcc\x99\xa4\xe2M3\xd9\xf5\x9f\xc2\x17\xfd\xc9\x02\xeay\xdbm\x9b\x910</data></write>
    <read><length>2</length><match><data>\xe1\x10</data></match></read>
    <write><data>v\x2c</data></write>
    <write><data>\x05\x00\xf4\xc6M\xe5\xee</data></write>
    <read><length>2</length><match><data>\xd2\x04</data></match></read>
    <read><length>12</length><match><data>\x0a\x00\x10\x7b\x15\xe5\xed\x07\xe6rr\x7b</data></match></read>
    <write><data>v\x2c</data></write>
    <read><length>2</length><match><data>\xe1\x10</data></match></read>
    <write><data>G\x2d</data></write>
    <write><data>\x0f\x00\xa53\x60\x80\x8b\x93\x18\x5f\x84\xeb\x07\x3b\xb7c\xc5</data></write>
    <read><length>2</length><match><data>\xd2\x04</data></match></read>
    <write><data>\x0f\x22</data></write>
    <read><length>2</length><match><data>\xd2\x04</data></match></read>
    <read><length>2</length><match><data>W\x22</data></match></read>
    <write><data>\x0f\x22</data></write>
    <read><length>2</length><match><data>\xe1\x10</data></match></read>
    <write><data>G\x2d</data></write>
    <write><data>\x05\x00\xf4\xc6M\xe5\xee</data></write>
    <read><length>2</length><match><data>\xd2\x04</data></match></read>
    <write><data>\xb1V</data></write>
    <read><length>2</length><match><data>\xe1\x10</data></match></read>
    <write><data>\x99\x08</data></write>
    <write><data>\x26\x0076i\x3b\x7f\x0dh\x83\xa0\x7d\xd78\x1b\x1bczDL\xd0\xd9\xb5GA\xff\x2d\x7e\xc9!y\x9f\xb9\x0c\xf6m\xb2\xac\x91D</data></write>
    <read><length>2</length><match><data>\xe1\x10</data></match></read>
    <write><data>\x99\x08</data></write>
    <write><data>\x25\x00\x14\x1c\x0fP\x17\xc3\x0cT\xe6\x13\x12\xa4\x3e\xf7\xf4\x60\xf6MVv\x0bd\x8d\x0e\xc4\xac\xdc\x5d2\xc3\x12Z\x22\xaf3\xc2\xf2</data></write>
    <read><length>2</length><match><data>\xe1\x10</data></match></read>
    <write><data>\x99\x08</data></write>
    <write><data>\x26\x00\xc8\x12x\x28\xb3\x7b\x5c\x18\xff\xed\xf8\x98L\xfch\xb1\xc6\x22\xcfB\x9a\xf8\x29\x84\xa6\xd6\xd1\x2b\xb9\x12w\xefP\xbc\x18p\xf7\xc5</data></write>
    <read><length>2</length><match><data>\xe1\x10</data></match></read>
    <write><data>v\x2c</data></write>
    <write><data>\x08\x00\xbd\x81\x12\x03\xdd\xc6\x86\x2b</data></write>
    <read><length>2</length><match><data>\xd2\x04</data></match></read>
    <read><length>12</length><match><data>\x0a\x00\xe1E\x1d\xe9X\xdeE\x19oz</data></match></read>
    <write><data>v\x2c</data></write>
    <read><length>2</length><match><data>\xe1\x10</data></match></read>
    <write><data>\x0f\x22</data></write>
    <read><length>2</length><match><data>\xd2\x04</data></match></read>
    <read><length>2</length><match><data>W\x22</data></match></read>
    <write><data>\x99\x08</data></write>
    <write><data>\x23\x00\xa9FE\xae\xe38\x9e\xc9WV\x8f\xe1\x99\x90\xbf\x2b\x9f\xd0PW\xe8\xc7\x02\x99\xce\x22s\xc9\x5dv\x82\xb3\xc2\xdf\x16</data></write>
    <read><length>2</length><match><data>\xe1\x10</data></match></read>
    <write><data>\x99\x08</data></write>
    <write><data>\x23\x00.\xee\xc9\xee\xea\x94\x08\xff\x13\x7e\xdf\x40sw\xa4\xa9\x14\x3e\x09\xe16\xe2\x12HGH\xfb\x7b\x3d\x98du\x0f\xaf\xfe</data></write>
    <read><length>2</length><match><data>\xe1\x10</data></match></read>
    <write><data>\x0f\x22</data></write>
    <read><length>2</length><match><data>\xe1\x10</data></match></read>
    <write><data>\x99\x08</data></write>
    <write><data>\x09\x00\x1dO\x14\x93\xcb\x28X\xdf\x16</data></write>
    <read><length>2</length><match><data>\xd2\x04</data></match></read>
    <write><data>\xb1V</data></write>
    <read><length>2</length><match><data>\xe1\x10</data></match></read>
    <write><data>\xb1V</data></write>
    <read><length>2</length><match><data>\xe1\x10</data></match></read>
    <write><data>\x99\x08</data></write>
    <write><data>\x09\x00\x1dO\x14\x93\xcb\x28X\xdf\x16</data></write>
    <read><length>2</length><match><data>\xd2\x04</data></match></read>
    <write><data>\xea\x2c</data></write>
    <read><length>2</length><match><data>\xe1\x10</data></match></read>
    <write><data>G\x2d</data></write>
    <write><data>\x25\x00\xa3\x7f\xd6\xc1\xcd\x92\x87\xd8\xd7 \xbb\xa8\xaaF\x5df\x18\x16\x85P\xca\x95\x98\x3c\x11\x5c7U\x1b\x9e\xba\xdb\x99c\xebYd</data></write>
    <read><length>2</length><match><data>\xe1\x10</data></match></read>
    <write><data>\x07\x22</data></write>
    <write><data>\x05\x00\xf4\xc6M\xe5\xee</data></write>
    <write><data>\x0a\x00\x10\x7b\x15\xe5\xed\x07\xe6rr\x7b</data></write>
    <read><length>2</length><match><data>\xd2\x04</data></match></read>
    <write><data>\xb1V</data></write>
    <write><data>\x09\x00\x1dO\x14\x93\xcb\x28X\xdf\x16</data></write>
    <read><length>2</length><match><data>\xd2\x04</data></match></read>
    <write><data>\xea\x2c</data></write>
    <write><data>\x0a\x00\x10\x7b\x15\xe5\xed\x07\xe6rr\x7b</data></write>
    <read><length>2</length><match><data>\xd2\x04</data></match></read>
    <write><data>\x99\x08</data></write>
    <write><data>\x25\x00\xf8\xedqI.\x26\xd7z2\x18\x0cS\x06\xc4\xcd\x96\x7dz\x26\xe3\x8a\x05!1\xbc\xc4\xbcF\xe9\x88e\x90\x0e\x3c\x24\x9b\xd4</data></write>
    <read><length>2</length><match><data>\xe1\x10</data></match></read>
    <write><data>\xea\x2c</data></write>
    <read><length>2</length><match><data>\xe1\x10</data></match></read>
    <write><data>\xea\x2c</data></write>
    <read><length>2</length><match><data>\xe1\x10</data></match></read>
    <write><data>G\x2d</data></write>
    <write><data>\x28\x00\x99\x5e\xb5\xefa\x08\xc00\xe8\xd7H\x10\x01L\xf3\xeb\xb6\x7f\x5f\xa2E\x02\xd5\x7c\xbc\xa5\x28\x3c\x7f\x3cEgjF7l\x1d\xff\x5e\x12</data></write>
    <read><length>2</length><match><data>\xe1\x10</data></match></read>
    <write><data>\xb1V</data></write>
    <read><length>2</length><match><data>\xe1\x10</data></match></read>
    <write><data>v\x2c</data></write>
    <write><data>\x12\x00\x3c\x95\x5b\x60\x05\xc9\x9bD\xa1\xbeY\x2a\x11O\xc5V\x85\x3e</data></write>
    <read><length>2</length><match><data>\xd2\x04</data></match></read>
    <read><length>12</length><match><data>\x0a\x00\xad\xe6\xd2\x00\x0d\x05\xfc\xbf\xd5\xe2</data></match></read>
    <write><data>\x99\x08</data></write>
    <write><data>\x09\x00\x1dO\x14\x93\xcb\x28X\xdf\x16</data></write>
    <read><length>2</length><match><data>\xd2\x04</data></match></read>
    <write><data>G\x2d</data></write>
    <write><data>\x0f\x00\xa53\x60\x80\x8b\x93\x18\x5f\x84\xeb\x07\x3b\xb7c\xc5</data></write>
    <read><length>2</length><match><data>\xd2\x04</data></match></read>
    <write><data>\x0f\x22</data></write>
    <read><length>2</length><match><data>\xd2\x04</data></match></read>
    <read><length>2</length><match><data>W\x22</data></match></read>
    <write><data>\x99\x08</data></write>
    <write><data>\x09\x00\x1dO\x14\x93\xcb\x28X\xdf\x16</data></write>
    <read><length>2</length><match><data>\xd2\x04</data></match></read>
    <write><data>\x99\x08</data></write>
    <write><data>\x26\x00htS8Z\xc7\xbc1Br\x96\x2a\x92N\xeeZ\xf1\x05\xb4\x90D\x89\x0bV\xead\xae\x9e\x92\xff:\xc6\xd6zg\xd2\x29\xec</data></write>
    <read><length>2</length><match><data>\xe1\x10</data></match></read>
    <write><data>\xb1V</data></write>
    <read><length>2</length><match><data>\xe1\x10</data></match></read>
    <write><data>\x07\x22</data></write>
    <write><data>\x08\x00\xbd\x81\x12\x03\xdd\xc6\x86\x2b</data></write>
    <write><data>\x0a\x00\xe1E\x1d\xe9X\xdeE\x19oz</data></write>
    <read><length>2</length><match><data>\xd2\x04</data></match></read>
    <write><data>\x0f\x22</data></write>
    <read><length>2</length><match><data>\xd2\x04</data></match></read>
    <read><length>2</length><match><data>W\x22</data></match></read>
    <write><data>\xea\x2c</data></write>
    <read><length>2</length><match><data>\xe1\x10</data></match></read>
    <write><data>\x99\x08</data></write>
    <write><data>\x09\x00\x1dO\x14\x93\xcb\x28X\xdf\x16</data></write>
    <read><length>2</length><match><data>\xd2\x04</data></match></read>
    <write><data>\xb1V</data></write>
    <read><length>2</length><match><data>\xe1\x10</data></match></read>
    <write><data>\x99\x08</data></write>
    <write><data>\x24\x00\x07\xb3\x93\x2d\x80\xf2\x3d\x8d\xeb\xd3\xf5\xca\xb0\x8c\xac\x3d\x3c\xee\x0e\xb5\x93\xb8\x0b\x1f\x18\x9b\x19\xed\x9cS\xb9\x09Y\x04y\xae</data></write>
    <read><length>2</length><match><data>\xe1\x10</data></match></read>
    <write><data>\x99\x08</data></write>
    <write><data>\x27\x00\xb1\xe6\x98S\x10R\x96\xbb\xda\x93T\x91\x5b\xd8P\xde\xcf\xec\xaf\x8e\xe1y \xb6\xc866o\x3cV\x82\x09G\xcf\xd5.\x9b\x9eg</data></write>
    <read><length>2</length><match><data>\xe1\x10</data></match></read>
    <write><data>\x07\x22</data></write>
    <write><data>\x12\x00\x3c\x95\x5b\x60\x05\xc9\x9bD\xa1\xbeY\x2a\x11O\xc5V\x85\x3e</data></write>
    <write><data>\x0a\x00\xad\xe6\xd2\x00\x0d\x05\xfc\xbf\xd5\xe2</data></write>
    <read><length>2</length><match><data>\xd2\x04</data></match></read>
    <write><data>G\x2d</data></write>
    <write><data>\x24\x00v\x1a\xca\xa1\x28\xd5\xb0\x1b\x10U\x1aP\xa1s\xa4\xaf\xc1\xb5\x5f\x24\xa5\x2dF4\x82\x94\x27w\x2a\x5fk\x90\x1b\xffx\x03</data></write>
    <read><length>2</length><match><data>\xe1\x10</data></match></read>
    <write><data>v\x2c</data></write>
    <read><length>2</length><match><data>\xe1\x10</data></match></read>
    <write><data>G\x2d</data></write>
    <write><data>\x08\x00\xbd\x81\x12\x03\xdd\xc6\x86\x2b</data></write>
    <read><length>2</length><match><data>\xd2\x04</data></match></read>
    <write><data>\xb1V</data></write>
    <write><data>\x09\x00\x1dO\x14\x93\xcb\x28X\xdf\x16</data></write>
    <read><length>2</length><match><data>\xd2\x04</data></match></read>
    <write><data>\xea\x2c</data></write>
    <write><data>\x0a\x00\xad\xe6\xd2\x00\x0d\x05\xfc\xbf\xd5\xe2</data></write>
    <read><length>2</length><match><data>\xd2\x04</data></match></read>
    <write><data>v\x2c</data></write>
    <write><data>\x10\x00\xf9\xc3\x9c \x83c\xb0\xc6\x96\xd88\xf4\xf7\x8c\xdf\x07</data></write>
    <read><length>2</length><match><data>\xd2\x04</data></match></read>
    <read><length>12</length><match><data>\x0a\x00b\x96j\x85\x18If3\xe8q</data></match></read>
    <write><data>v\x2c</data></write>
    <read><length>2</length><match><data>\xe1\x10</data></match></read>
    <write><data>v\x2c</data></write>
    <read><length>2</length><match><data>\xe1\x10</data></match></read>
    <write><data>\xb1V</data></write>
    <write><data>\x09\x00\x1dO\x14\x93\xcb\x28X\xdf\x16</data></write>
    <read><length>2</length><match><data>\xd2\x04</data></match></read>
    <write><data>\x07\x22</data></write>
    <read><length>2</length><match><data>\xe1\x10</data></match></read>
    <write><data>v\x2c</data></write>
    <read><length>2</length><match><data>\xe1\x10</data></match></read>
    <write><data>\x07\x22</data></write>
    <read><length>2</length><match><data>\xe1\x10</data></match></read>
    <write><data>\xea\x2c</data></write>
    <write><data>\x26\x00\x9b\xf8\x8b\x1f\x9a\xad\xb7wz:p\x80\x1b\xcb\xdb\x16Ed\x5f\x8b\xc2\x5d\x0b\xa8\x9b\x83P\x09\xb4\xe5\x15e\xa2\x9aS\x840K</data></write>
    <read><length>2</length><match><data>\xe1\x10</data></match></read>
    <write><data>G\x2d</data></write>
    <write><data>\x22\x00\x8a\x81\xffe\x07\xef\xe7\xca\xc6\x81\xf8\xbf\x5c\x96\x9a\x80\x1d\x0e\xc5\xef\x16\x9e\x28\xda\x93\xc9\x2b\xda\x0e\xd5\x2cpHP</data></write>
    <read><length>2</length><match><data>\xe1\x10</data></match></read>
    <write><data>\xb1V</data></write>
    <write><data>\x05\x00\xfdW\xe4\xbd\x1a</data></write>
    <read><length>2</length><match><data>\xd2\x04</data></match></read>
    <write><data>v\x2c</data></write>
    <read><length>2</length><match><data>\xe1\x10</data></match></read>
    <write><data>\xea\x2c</data></write>
    <write><data>\x0a\x00b\x96j\x85\x18If3\xe8q</data></write>
    <read><length>2</length><match><data>\xd2\x04</data></match></read>
    <write><data>\x99\x08</data></write>
    <write><data>\x26\x00\x0d\xf5!\xfd\xc5\x1f\x94M\xd6\xc3\xa2\x98z\xd8!W\xb4\xc4\x82:\xf9Wp\xe6\x7c\xf0\xea\xf1\x1b\xb0o\xc1\xf2\x27\x24\xa1\xa3\x3d</data></write>
    <read><length>2</length><match><data>\xe1\x10</data></match></read>
    <write><data>\x07\x22</data></write>
    <write><data>\x0f\x00\xa53\x60\x80\x8b\x93\x18\x5f\x84\xeb\x07\x3b\xb7c\xc5</data></write>
    <write><data>\x0a\x00\x94\xf6\xcaou\x1b1O\x92V</data></write>
    <read><length>2</length><match><data>\xd2\x04</data></match></read>
    <write><data>G\x2d</data></write>
    <write><data>\x23\x00N\xa2\x84\xccEn\x1c\xcc\xb9\xf1tT\x19\x86U\x2d\x06\xe0\x0e\x91\x0b\xf6Wx\x13\x01\x9b.\xf0\x9d\xba6\x23\xc1\xc6</data></write>
    <read><length>2</length><match><data>\xe1\x10</data></match></read>
    <write><data>\x07\x22</data></write>
    <read><length>2</length><match><data>\xe1\x10</data></match></read>
    <write><data>\x07\x22</data></write>
    <read><length>2</length><match><data>\xe1\x10</data></match></read>
    <write><data>\xea\x2c</data></write>
    <write><data>\x0a\x00\x94\xf6\xcaou\x1b1O\x92V</data></write>
    <read><length>2</length><match><data>\xd2\x04</data></match></read>
    <write><data>v\x2c</data></write>
    <write><data>\x0e\x00\xe0\x22\xff\x90\xba \xb0L\xc6\xcd\x24\x87e\xad</data></write>
    <read><length>2</length><match><data>\xd2\x04</data></match></read>
    <read><length>12</length><match><data>\x0a\x00\x22\xb7\xf1n\xe5\x7e\x11\x82\x26\xee</data></match></read>
    <write><data>\x0f\x22</data></write>
    <read><length>2</length><match><data>\xd2\x04</data></match></read>
    <read><length>2</length><match><data>W\x22</data></match></read>
    <write><data>v\x2c</data></write>
    <write><data>\x05\x00\x9c\xdc\xab.\x27</data></write>
    <read><length>2</length><match><data>\xd2\x04</data></match></read>
    <read><length>12</length><match><data>\x0a\x00\xe2\x87\xfb\x8d\x29q\x0fs\x8e\x0d</data></match></read>
    <write><data>\xea\x2c</data></write>
    <write><data>\x28\x00\x7e\xf6\xb9\xf4\xef\xa2\x7f\xe74\x98\x80J\xbd\xbc?\xc5!N\xb0\xcf\x1a\xded7\x29v\xf59\xeb\xbf\xaai\xd3?\xa5\xeem\x13\xe8\x60</data></write>
    <read><length>2</length><match><data>\xe1\x10</data></match></read>
    <write><data>\xb1V</data></write>
    <write><data>\x0d\x00\x83\x3c\x08\xee\xd7\xbe\x8b\xd7\x1b\x7c\x5f\xa4\xae</data></write>
    <read><length>2</length><match><data>\xd2\x04</data></match></read>
    <write><data>\x99\x08</data></write>
    <write><data>!\x00\x9b93\x5eK20\xf3\x96\x1f\xa6N\x2d\x1e\xc0\x17\x2d\xc3\x95\xf1\xaf\xeb\xeb\x05S\x89\xac\xdbh\x00\xaf\xc2\x14</data></write>
    <read><length>2</length><match><data>\xe1\x10</data></match></read>
    <write><data>\x99\x08</data></write>
    <write><data>\x23\x00\x05\x5b\xbeh\xefE\xbd3\x95f\x01\xe2\x92\xe9M\xba\xa58Z \xd8s\xaf\xcc\x05\xc7\xfd\xdd\xcc7O\x01y\x90\x84</data></write>
    <read><length>2</length><match><data>\xe1\x10</data></match></read>
    <write><data>\x99\x08</data></write>
    <write><data>!\x00\xc94\xde\xd8V\x9a.\xa3\x15\x8b\xdc\x914\xb2\xdd\x2a\x9e\xe7\xdc\x84\xceO\xf87\x9bv\x25\x1f\xc1\xc3\xe7\x0a\x08</data></write>
    <read><length>2</length><match><data>\xe1\x10</data></match></read>
    <write><data>G\x2d</data></write>
    <write><data>\x08\x00\xbd\x81\x12\x03\xdd\xc6\x86\x2b</data></write>
    <read><length>2</length><match><data>\xd2\x04</data></match></read>
    <write><data>v\x2c</data></write>
    <read><length>2</length><match><data>\xe1\x10</data></match></read>
    <write><data>\xb1V</data></write>
    <write><data>\x0d\x00\x83\x3c\x08\xee\xd7\xbe\x8b\xd7\x1b\x7c\x5f\xa4\xae</data></write>
    <read><length>2</length><match><data>\xe1\x10</data></match></read>
    <write><data>\x99\x08</data></write>
    <write><data>\x0d\x00\x83\x3c\x08\xee\xd7\xbe\x8b\xd7\x1b\x7c\x5f\xa4\xae</data></write>
    <read><length>2</length><match><data>\xd2\x04</data></match></read>
    <write><data>\xb1V</data></write>
    <write><data>\x0d\x00\x83\x3c\x08\xee\xd7\xbe\x8b\xd7\x1b\x7c\x5f\xa4\xae</data></write>
    <read><length>2</length><match><data>\xe1\x10</data></match></read>
    <write><data>\xb1V</data></write>
    <write><data>\x0d\x00\x83\x3c\x08\xee\xd7\xbe\x8b\xd7\x1b\x7c\x5f\xa4\xae</data></write>
    <read><length>2</length><match><data>\xe1\x10</data></match></read>
    <write><data>G\x2d</data></write>
    <write><data>\x25\x00\x8e\xdb\x08\x92\x3c\x8b\x3c\xff\x9cR\xc5k\xda\xf2u\xc9jD\x12\x14PiYDlF\x87\x01\xda\xcd\xfa\xbd\x7f\xe4\xf1\x81\xe8</data></write>
    <read><length>2</length><match><data>\xe1\x10</data></match></read>
    <write><data>\x0f\x22</data></write>
    <read><length>2</length><match><data>\xd2\x04</data></match></read>
    <read><length>2</length><match><data>W\x22</data></match></read>
    <write><data>G\x2d</data></write>
    <write><data>\x05\x00\x9c\xdc\xab.\x27</data></write>
    <read><length>2</length><match><data>\xd2\x04</data></match></read>
    <write><data>\xb1V</data></write>
    <read><length>2</length><match><data>\xe1\x10</data></match></read>
    <write><data>G\x2d</data></write>
    <write><data>\x0e\x00\xe0\x22\xff\x90\xba \xb0L\xc6\xcd\x24\x87e\xad</data></write>
    <read><length>2</length><match><data>\xd2\x04</data></match></read>
    <write><data>\x99\x08</data></write>
    <write><data>\x25\x00\x00N\xc7E\x8c\x16\xebX\xa2\x0b\x03t\xfd\x9f\x13\x3c\xfa\x8b\x84o\xa1\xb2\x7e\x5b1\x0cr\xf4\xfdij\xedU\xd4\x1e\xa3\xc6</data></write>
    <read><length>2</length><match><data>\xe1\x10</data></match></read>
    <write><data>\xb1V</data></write>
    <read><length>2</length><match><data>\xe1\x10</data></match></read>
    <write><data>\xb1V</data></write>
    <read><length>2</length><match><data>\xe1\x10</data></match></read>
    <write><data>\x99\x08</data></write>
    <write><data>\x0d\x00\x83\x3c\x08\xee\xd7\xbe\x8b\xd7\x1b\x7c\x5f\xa4\xae</data></write>
    <read><length>2</length><match><data>\xd2\x04</data></match></read>
    <write><data>\xea\x2c</data></write>
    <read><length>2</length><match><data>\xe1\x10</data></match></read>
    <write><data>\xea\x2c</data></write>
    <read><length>2</length><match><data>\xe1\x10</data></match></read>
    <write><data>\xea\x2c</data></write>
    <read><length>2</length><match><data>\xe1\x10</data></match></read>
    <write><data>\x07\x22</data></write>
    <write><data>\x05\x00\x9c\xdc\xab.\x27</data></write>
    <write><data>\x0a\x00\xe2\x87\xfb\x8d\x29q\x0fs\x8e\x0d</data></write>
    <read><length>2</length><match><data>\xd2\x04</data></match></read>
    <write><data>\xea\x2c</data></write>
    <write><data>\x23\x00V\x0f\xbb\x1d\x1b\x8f\xdd\x833\xf7\xbda\x9f\x05x\x9f\xab\x16E\x80\x9c\xe5\x8a\x13:\xe78l?\xad\x8fYd\xda\x95</data></write>
    <read><length>2</length><match><data>\xe1\x10</data></match></read>
    <write><data>v\x2c</data></write>
    <read><length>2</length><match><data>\xe1\x10</data></match></read>
    <write><data>v\x2c</data></write>
    <read><length>2</length><match><data>\xe1\x10</data></match></read>
    <write><data>\xea\x2c</data></write>
    <write><data>\x0a\x00\xe2\x87\xfb\x8d\x29q\x0fs\x8e\x0d</data></write>
    <read><length>2</length><match><data>\xd2\x04</data></match></read>
    <write><data>v\x2c</data></write>
    <write><data>\x10\x00\xef\xb2\x3b\x10\xaf\x29hr\xceXL\xea\xbd\xe8\xc7\x2a</data></write>
    <read><length>2</length><match><data>\xd2\x04</data></match></read>
    <read><length>12</length><match><data>\x0a\x00\x9c\xbdnanQE\x2a\xcb\xb2</data></match></read>
    <write><data>G\x2d</data></write>
    <write><data>\x10\x00\xef\xb2\x3b\x10\xaf\x29hr\xceXL\xea\xbd\xe8\xc7\x2a</data></write>
    <read><length>2</length><match><data>\xd2\x04</data></match></read>
    <write><data>v\x2c</data></write>
    <read><length>2</length><match><data>\xe1\x10</data></match></read>
    <write><data>\xb1V</data></write>
    <write><data>\x08\x00\xf8\xbe\x0e\x8b\xf3\x14\xaa\xd5</data></write>
    <read><length>2</length><match><data>\xd2\x04</data></match></read>
    <write><data>\xb1V</data></write>
    <write><data>\x16\x00\xda\x8c\xdd\x8ca\x8e\x99\x94.:\x3c\x5d\xc8\xbe\x8d\xc5\x2a\xe7\xbe\xf0y\x1f</data></write>
    <read><length>2</length><match><data>\xd2\x04</data></match></read>
    <write><data>\x07\x22</data></write>
    <read><length>2</length><match><data>\xe1\x10</data></match></read>
    <write><data>\x0f\x22</data></write>
    <read><length>2</length><match><data>\xd2\x04</data></match></read>
    <read><length>2</length><match><data>W\x22</data></match></read>
    <write><data>\x99\x08</data></write>
    <write><data>\x16\x00\xda\x8c\xdd\x8ca\x8e\x99\x94.:\x3c\x5d\xc8\xbe\x8d\xc5\x2a\xe7\xbe\xf0y\x1f</data></write>
    <read><length>2</length><match><data>\xd2\x04</data></match></read>
    <write><data>\x07\x22</data></write>
    <write><data>\x08\x00\xbd\x81\x12\x03\xdd\xc6\x86\x2b</data></write>
    <write><data>\x0a\x00\xe1E\x1d\xe9X\xdeE\x19oz</data></write>
    <read><length>2</length><match><data>\xd2\x04</data></match></read>
    <write><data>\xb1V</data></write>
    <write><data>\x08\x00\xf8\xbe\x0e\x8b\xf3\x14\xaa\xd5</data></write>
    <read><length>2</length><match><data>\xd2\x04</data></match></read>
    <write><data>\xea\x2c</data></write>
    <write><data>\x0a\x00\xe1E\x1d\xe9X\xdeE\x19oz</data></write>
    <read><length>2</length><match><data>\xd2\x04</data></match></read>
    <write><data>\xb1V</data></write>
    <read><length>2</length><match><data>\xe1\x10</data></match></read>
    <write><data>\xb1V</data></write>
    <read><length>2</length><match><data>\xe1\x10</data></match></read>
    <write><data>\xea\x2c</data></write>
    <read><length>2</length><match><data>\xe1\x10</data></match></read>
    <write><data>\x07\x22</data></write>
    <write><data>\x0e\x00\xe0\x22\xff\x90\xba \xb0L\xc6\xcd\x24\x87e\xad</data></write>
    <write><data>\x0a\x00\x22\xb7\xf1n\xe5\x7e\x11\x82\x26\xee</data></write>
    <read><length>2</length><match><data>\xd2\x04</data></match></read>
    <write><data>\xea\x2c</data></write>
    <write><data>\x0a\x00\x22\xb7\xf1n\xe5\x7e\x11\x82\x26\xee</data></write>
    <read><length>2</length><match><data>\xd2\x04</data></match></read>
    <write><data>\xb1V</data></write>
    <read><length>2</length><match><data>\xe1\x10</data></match></read>
    <write><data>\x99\x08</data></write>
    <write><data>\x16\x00\xda\x8c\xdd\x8ca\x8e\x99\x94.:\x3c\x5d\xc8\xbe\x8d\xc5\x2a\xe7\xbe\xf0y\x1f</data></write>
    <read><length>2</length><match><data>\xd2\x04</data></match></read>
    <write><data>\x99\x08</data></write>
    <write><data>\x25\x00\xd6\x91\x5d\xdd\xc9\xd5\x90\x01:v\x96\x96s\x25\xbc\x10?\x29\x17\xb3\x2b\x25\x2d\xaf\xb7N\xbdJ?S\x0d\x9e\x26\x07a\x10\x1a</data></write>
    <read><length>2</length><match><data>\xe1\x10</data></match></read>
    <write><data>\x07\x22</data></write>
    <write><data>\x10\x00\xef\xb2\x3b\x10\xaf\x29hr\xceXL\xea\xbd\xe8\xc7\x2a</data></write>
    <write><data>\x0a\x00\x9c\xbdnanQE\x2a\xcb\xb2</data></write>
    <read><length>2</length><match><data>\xd2\x04</data></match></read>
    <write><data>v\x2c</data></write>
    <read><length>2</length><match><data>\xe1\x10</data></match></read>
    <write><data>\xb1V</data></write>
    <write><data>\x08\x00\xf8\xbe\x0e\x8b\xf3\x14\xaa\xd5</data></write>
    <read><length>2</length><match><data>\xe1\x10</data></match></read>
    <write><data>G\x2d</data></write>
    <write><data>\x10\x00\xef\xb2\x3b\x10\xaf\x29hr\xceXL\xea\xbd\xe8\xc7\x2a</data></write>
    <read><length>2</length><match><data>\xd2\x04</data></match></read>
    <write><data>\xea\x2c</data></write>
    <write><data>\x0a\x00\x9c\xbdnanQE\x2a\xcb\xb2</data></write>
    <read><length>2</length><match><data>\xd2\x04</data></match></read>
    <write><data>v\x2c</data></write>
    <write><data>\x1e\x005\xda\xea\xa0\x26\xe7\xb2g\xba\x98\x2fa\x40\x0b\x8df\x04D\x16\x95\x81\xfd\xda\x40T\xf9\x0cT\xc3\xde</data></write>
    <read><length>2</length><match><data>\xd2\x04</data></match></read>
    <read><length>12</length><match><data>\x0a\x00\xdd\xa5\x9f6\x24\xc7v\x22u </data></match></read>
    <write><data>\xb1V</data></write>
    <write><data>\x0e\x00k0Q\x95\x2b\x9f\xbf\x83\xcaf\x07\x8a\x2d\x19</data></write>
    <read><length>2</length><match><data>\xd2\x04</data></match></read>
    <write><data>\xb1V</data></write>
    <write><data>\x0e\x00k0Q\x95\x2b\x9f\xbf\x83\xcaf\x07\x8a\x2d\x19</data></write>
    <read><length>2</length><match><data>\xe1\x10</data></match></read>
    <write><data>\xb1V</data></write>
    <write><data>\x0b\x00\x2aFX\xed\x93mA\x82\x2bUQ</data></write>
    <read><length>2</length><match><data>\xd2\x04</data></match></read>
    <write><data>\x07\x22</data></write>
    <read><length>2</length><match><data>\xe1\x10</data></match></read>
    <write><data>\xb1V</data></write>
    <write><data>\x0e\x00k0Q\x95\x2b\x9f\xbf\x83\xcaf\x07\x8a\x2d\x19</data></write>
    <read><length>2</length><match><data>\xe1\x10</data></match></read>
    <write><data>\xea\x2c</data></write>
    <write><data>\x23\x00\x96\xeb\xebLQ\x23\x81\x60\xce\x26H\xd45\x07\x40\x94b\x1e\x5b\xe8\xfeD\x22O\x22\xf2E\xf8\xc6\x055\x92\x13D\x89</data></write>
    <read><length>2</length><match><data>\xe1\x10</data></match></read>
    <write><data>\x07\x22</data></write>
    <read><length>2</length><match><data>\xe1\x10</data></match></read>
    <write><data>\x07\x22</data></write>
    <read><length>2</length><match><data>\xe1\x10</data></match></read>
    <write><data>\x0f\x22</data></write>
    <read><length>2</length><match><data>\xd2\x04</data></match></read>
    <read><length>2</length><match><data>W\x22</data></match></read>
    <write><data>\x99\x08</data></write>
    <write><data>\x27\x00H\xe4\xe7JR\x8d\xe2\xa5\xec\x86\xcd\xf7\xf74W\x9b\x15Z\xc2m\x98\xea\x60\x1f\xa7l\x1d\xff\x00j\xf8\xb3\xe4\x8bN\x40M\x29M</data></write>
    <read><length>2</length><match><data>\xe1\x10</data></match></read>
    <write><data>G\x2d</data></write>
    <write><data>\x1e\x005\xda\xea\xa0\x26\xe7\xb2g\xba\x98\x2fa\x40\x0b\x8df\x04D\x16\x95\x81\xfd\xda\x40T\xf9\x0cT\xc3\xde</data></write>
    <read><length>2</length><match><data>\xd2\x04</data></match></read>
    <write><data>\xb1V</data></write>
    <read><length>2</length><match><data>\xe1\x10</data></match></read>
    <write><data>\x99\x08</data></write>
    <write><data>\x25\x00\x8cK\xffvH\x0b\x2d\xcf\xd06\xf1\xf0\xe3\x26c\xbfe\xde\xa2\xef\xa8\x03\x8aLik\x3e\x3e\x9e\x06\xfe5\xba\x01\xd2\x23z</data></write>
    <read><length>2</length><match><data>\xe1\x10</data></match></read>
    <write><data>\xb1V</data></write>
    <read><length>2</length><match><data>\xe1\x10</data></match></read>
    <write><data>v\x2c</data></write>
    <write><data>\x08\x00\xb0\x86\x96\xd0\xc9\x18\x943</data></write>
    <read><length>2</length><match><data>\xd2\x04</data></match></read>
    <read><length>12</length><match><data>\x0a\x00\x85\xfc\xea\x18\x7fP\xec\xd2\xff\x07</data></match></read>
    <write><data>G\x2d</data></write>
    <write><data>\x1e\x005\xda\xea\xa0\x26\xe7\xb2g\xba\x98\x2fa\x40\x0b\x8df\x04D\x16\x95\x81\xfd\xda\x40T\xf9\x0cT\xc3\xde</data></write>
    <read><length>2</length><match><data>\xd2\x04</data></match></read>
    <write><data>\xb1V</data></write>
    <write><data>\x0e\x00k0Q\x95\x2b\x9f\xbf\x83\xcaf\x07\x8a\x2d\x19</data></write>
    <read><length>2</length><match><data>\xd2\x04</data></match></read>
    <write><data>\x07\x22</data></write>
    <read><length>2</length><match><data>\xe1\x10</data></match></read>
    <write><data>\xea\x2c</data></write>
    <write><data>\x0a\x00\x85\xfc\xea\x18\x7fP\xec\xd2\xff\x07</data></write>
    <read><length>2</length><match><data>\xd2\x04</data></match></read>
    <write><data>\x99\x08</data></write>
    <write><data>\x23\x00Q\xcc4\x5b\xea\xb2\x1b\xd0\xb3\x90\xd9T\xe9GI\x0b\x90\x15\x04\x89o\x9a\x0d\xc8\xb8Y4\x99\xe1\xb4yN\x1d\xe9\x5c</data></write>
    <read><length>2</length><match><data>\xe1\x10</data></match></read>
    <write><data>\xea\x2c</data></write>
    <read><length>2</length><match><data>\xe1\x10</data></match></read>
    <write><data>\xb1V</data></write>
    <read><length>2</length><match><data>\xe1\x10</data></match></read>
    <write><data>\x07\x22</data></write>
    <write><data>\x1e\x005\xda\xea\xa0\x26\xe7\xb2g\xba\x98\x2fa\x40\x0b\x8df\x04D\x16\x95\x81\xfd\xda\x40T\xf9\x0cT\xc3\xde</data></write>
    <write><data>\x0a\x00\xdd\xa5\x9f6\x24\xc7v\x22u </data></write>
    <read><length>2</length><match><data>\xd2\x04</data></match></read>
    <write><data>\x07\x22</data></write>
    <read><length>2</length><match><data>\xe1\x10</data></match></read>
    <write><data>\xea\x2c</data></write>
    <write><data>\x0a\x00\xdd\xa5\x9f6\x24\xc7v\x22u </data></write>
    <read><length>2</length><match><data>\xd2\x04</data></match></read>
    <write><data>\x07\x22</data></write>
    <write><data>!\x00M\xcb\x80\x2b7\xa3\xf24\xe2\xbd\xfb\xf3\xebz\x3dw\xaf\xd9\x7b\xcbt9\xfd\x86R\xfe\x7cC\xea\xc4\x19\xe6\xc2</data></write>
    <write><data>\x25\x00\xbf\xb2?\xea\xdb\xe7\xe8\xa2N\xa7\x9e\xcc9\xe7\x0d\xfcI\xb7\xf5\x0e\x7dp\xd8\xd6\x17S\xbbbUu\x8b\x07\xd5\xfeI\x1e\xa1</data></write>
    <read><length>2</length><match><data>\xe1\x10</data></match></read>
    <write><data>\xea\x2c</data></write>
    <read><length>2</length><match><data>\xe1\x10</data></match></read>
    <write><data>\x07\x22</data></write>
    <write><data>!\x00m\xd6\x0c\x5cKS\xefs\x8e\x09\x87\x07\xc4\xcazf\x15\x29\xa5\x3b\xdc\x0d\x92\xe3\x93\xbe\xa9o\x15\xff\x93\x83\x9c</data></write>
    <write><data>!\x00o\x01\x5d\xaf\xaa\xd9\xba\xcd\x1e\x08q\x3c\xb59\x1e\xdc\xec\x93\x100\x8en\x87\xa9\xa48\x8f\x26\x82\xfbkB\xfa</data></write>
    <read><length>2</length><match><data>\xe1\x10</data></match></read>
    <write><data>\xb1V</data></write>
    <read><length>2</length><match><data>\xe1\x10</data></match></read>
    <write><data>\x07\x22</data></write>
    <write><data>!\x00\x05\x12\xe7\x27\x0cqA\xd2\x27\xf0\x09\xe5\x5c!\xa6\x2c\x1a\x99\xe9\x82O\xe0\xa3\x908\xe2C\xb68\x9b\x99\xce\xcf</data></write>
    <write><data>\x27\x006\xffMg\x7c\xcej\xd9\x8a\xe9\x5d\xac\xc0\x2d\xd5\xa6\xd9\x81\x1e9\xa5\xb0\xcdcq\xdf\x94\x14\xb78\x26\xddWn\xde\xd23\x9fo</data></write>
    <read><length>2</length><match><data>\xe1\x10</data></match></read>
    <write><data>\x07\x22</data></write>
    <write><data>\x25\x00\xad\xacc\x8aw\x3c\x94tHb\xf5S\x09\x3b\xdd?\x00W\x2b\x9d\xf7\xad\xd7u\xe0\xedN\x3dA\x18\xb5\xcb\xec\x89\xf4G\x25</data></write>
    <write><data>\x28\x00\x2c\xcb\xeb\xa0Td\x86i\xb8\xda\x0a\xac\xdd\x91?\x3cP\xaa\x7c\x05b\xa8V\x86\xa0a\xba\xc06\x3dl\x5eX\xd7\xba\x88p\x3d\xea\xe6</data></write>
    <read><length>2</length><match><data>\xe1\x10</data></match></read>
    <write><data>\xea\x2c</data></write>
    <read><length>2</length><match><data>\xe1\x10</data></match></read>
    <write><data>G\x2d</data></write>
    <write><data>\x23\x00\xad\x2d\x90\xf5\x0bB\xf5\xb9\xd4\x1c\x99D\x7c1\x60\x88S\xfc\xf7X0\x0a\x81s\xcc\x92\xb7\x98\x83\x29\x09\xfa\x19\xee\x11</data></write>
    <read><length>2</length><match><data>\xe1\x10</data></match></read>
    <write><data>G\x2d</data></write>
    <write><data>\x22\x00EX\xf4\x5d\xe0\x23c\xf6\xc9\x82\xb1\x0a??n\x8a\xf8\xdf\xe8\x03\x81\x3d\x02\x04\x0f\xa5\x0f\xf3u? R\x16\x11</data></write>
    <read><length>2</length><match><data>\xe1\x10</data></match></read>
    <write><data>\xea\x2c</data></write>
    <read><length>2</length><match><data>\xe1\x10</data></match></read>
    <write><data>\x99\x08</data></write>
    <write><data>\x24\x00hPy\x93w\x11\x05M\x5e\x93\xfbGi\xbbP\x95\xa0\xdcb!\x3c\xf9\x90sq\x0c\xf7\xc7\x24G\x8cU\x28\x90\x14\xa4</data></write>
    <read><length>2</length><match><data>\xe1\x10</data></match></read>
    <write><data>G\x2d</data></write>
    <write><data>\x26\x00\x1f!\x00\x26\xa8\xf6\xb4\x23\x11\x5cz\x60YJ\xf7Z\x88XMWbq\xe8\x8e\x92\x0b\xcd\x03\x86V\x9c\xd4\x90\xa2\xa4\x18?\xd3</data></write>
    <read><length>2</length><match><data>\xe1\x10</data></match></read>
    <write><data>G\x2d</data></write>
    <write><data>\x24\x00\x9e\x1a\x9eT\x8f\x0a\x07\x8f\x87\xac\xca\xcb\xad\x9a\x7f\x2bG\xa5\xc6\x96\xc5\x04I\xd7t\xbe\xbe\xb3\xbc\x05\x03P\xdaH\x8dq</data></write>
    <read><length>2</length><match><data>\xe1\x10</data></match></read>
    <write><data>G\x2d</data></write>
    <write><data>\x26\x00L\x0f\xb0\xe1\x0a\xba\x28\x86\x89\x5fh\xbb\xcd\x10\x86\x12J\x14c\x83\xe1\x97\xc1e\x23\x92\xf0\x8c\xd3\x8dx\x0f\x9b\xc8\x99\x19r\x9e</data></write>
    <read><length>2</length><match><data>\xe1\x10</data></match></read>
    <write><data>\x0f\x22</data></write>
    <read><length>2</length><match><data>\xe1\x10</data></match></read>
    <write><data>\x0f\x22</data></write>
    <read><length>2</length><match><data>\xe1\x10</data></match></read>
    <write><data>\xea\x2c</data></write>
    <read><length>2</length><match><data>\xe1\x10</data></match></read>
    <write><data>\x99\x08</data></write>
    <write><data>\x26\x00\x98\xf4\xa3V\xf01\xb2\x5f\x97r\xf0\x28k\xcc\x23O\x84\x0eMe\x0d\xc6\x17\xaf\x7f\xe4\x80\xc4\x9b\xd1\xd4\x9e\xbeb\xf6z\xd0\x25</data></write>
    <read><length>2</length><match><data>\xe1\x10</data></match></read>
    <write><data>\x99\x08</data></write>
    <write><data>\x25\x00\x1cO\x40f\xc6\xe7\xfa\xb8k\xe93\xd0\x01f\x09\x13a\x08\xab\x0e\xd6\xe4X\x2b\xdfY\xdc\xea\x00d\x9e\x1ep\xbb\x5ezv</data></write>
    <read><length>2</length><match><data>\xe1\x10</data></match></read>
    <write><data>G\x2d</data></write>
    <write><data>\x25\x00\x5b\xd9\xa1\x15\x06N\xb5\x80\x0c\x84\xa5eC\xc1\xb2\xa7V\xb5\xb6\xc9\xbd\x23\xb0!\xd1u\x8b\xedr\xdb\x95Y\x5f\xb8\x09\x0c\xc5</data></write>
    <read><length>2</length><match><data>\xe1\x10</data></match></read>
    <write><data>\x0f\x22</data></write>
    <read><length>2</length><match><data>\xe1\x10</data></match></read>
    <write><data>\xb1V</data></write>
    <read><length>2</length><match><data>\xe1\x10</data></match></read>
    <write><data>v\x2c</data></write>
    <write><data>\x16\x00\x2d\x3dMvH\x40\x94\x5dA\x22\xaf\x9a\xde\xa84d\x11\x1f\xc6\x86\xfd3</data></write>
    <read><length>2</length><match><data>\xd2\x04</data></match></read>
    <read><length>12</length><match><data>\x0a\x00an\x17\xb2\xafvIo\x2d\xc1</data></match></read>
    <write><data>\x99\x08</data></write>
    <write><data>\x25\x00\x14\x0f\xf8c\xd2r\xe1D\x95\x5e\xd0k\x94id\xf8\x5b\x11\x11z\xe7Bd\xde\xe9\x9e\x0e\x88\x8b\xa4\xd9\x15v\xec\xd8\x11\x8b</data></write>
    <read><length>2</length><match><data>\xe1\x10</data></match></read>
    <write><data>\x07\x22</data></write>
    <read><length>2</length><match><data>\xe1\x10</data></match></read>
    <write><data>G\x2d</data></write>
    <write><data>\x16\x00\x2d\x3dMvH\x40\x94\x5dA\x22\xaf\x9a\xde\xa84d\x11\x1f\xc6\x86\xfd3</data></write>
    <read><length>2</length><match><data>\xd2\x04</data></match></read>
    <write><data>\x99\x08</data></write>
    <write><data>\x22\x00\xd4\x86Ju\x7e\x02\x08\xbe\x15\xb4\xe6z\xad\xe1\xfc\x8e\x89\xcdJiC\xd0\x25\xd1\x91\x19\xddY\xab\x8d\x05\x0b\x3c\xf9</data></write>
    <read><length>2</length><match><data>\xe1\x10</data></match></read>
    <write><data>v\x2c</data></write>
    <read><length>2</length><match><data>\xe1\x10</data></match></read>
    <write><data>\xb1V</data></write>
    <write><data>\x12\x00E\xf9B\xc0\x1aJ\x2aW\xe2\xb8\xdc\x252\x8e\x03\xbb\x10g</data></write>
    <read><length>2</length><match><data>\xd2\x04</data></match></read>
    <write><data>v\x2c</data></write>
    <read><length>2</length><match><data>\xe1\x10</data></match></read>
    <write><data>\x0f\x22</data></write>
    <read><length>2</length><match><data>\xd2\x04</data></match></read>
    <read><length>2</length><match><data>W\x22</data></match></read>
    <write><data>\x99\x08</data></write>
    <write><data>\x22\x00\xd41\xe9\x24?o\xdd\x17\xa47\x1d\x81\x0f\xf7\xa1\xc7\xee\xa9\xf5\x3d\x8b\xed\x16\x2c\xc1\x89\xbc\xcb\x83R\x18\x7b\x1a\xb2</data></write>
    <read><length>2</length><match><data>\xe1\x10</data></match></read>
    <write><data>G\x2d</data></write>
    <write><data>\x24\x00\xc7\x10n\xf4\xeb\xbbm\x1dc\xa5\xca\x04\xddu\xea\xf8\xb2m\xf7\xbd\xc2\xedJ\xe3\x9c\x82\xaf\x8bm\xe6S\xf7W\xc30\xda</data></write>
    <read><length>2</length><match><data>\xe1\x10</data></match></read>
    <write><data>\xb1V</data></write>
    <read><length>2</length><match><data>\xe1\x10</data></match></read>
    <write><data>\x99\x08</data></write>
    <write><data>\x12\x00E\xf9B\xc0\x1aJ\x2aW\xe2\xb8\xdc\x252\x8e\x03\xbb\x10g</data></write>
    <read><length>2</length><match><data>\xd2\x04</data></match></read>
    <write><data>v\x2c</data></write>
    <write><data>\x04\x00\x85\x7e\xeb\x22</data></write>
    <read><length>2</length><match><data>\xd2\x04</data></match></read>
    <read><length>12</length><match><data>\x0a\x00\xc9\x1a\x9d\xd4\x5d\x10\x80i\x1dl</data></match></read>
    <write><data>\xea\x2c</data></write>
    <write><data>\x28\x00Y\xd0\xcfw\xd6U2s\xba\xf0UN\x2d\xe6\x8a\x7b3\xf8\xd8Q\xf2\xeb\x1b\x9c\x29.\x04!\x90\x7c\x05E\xbe\x26\xd02\x19\x02\xa2\xbd</data></write>
    <read><length>2</length><match><data>\xe1\x10</data></match></read>
    <write><data>\xb1V</data></write>
    <write><data>\x12\x00E\xf9B\xc0\x1aJ\x2aW\xe2\xb8\xdc\x252\x8e\x03\xbb\x10g</data></write>
    <read><length>2</length><match><data>\xd2\x04</data></match></read>
    <write><data>v\x2c</data></write>
    <read><length>2</length><match><data>\xe1\x10</data></match></read>
    <write><data>\x99\x08</data></write>
    <write><data>\x23\x00\x9c\xa3Pd\x00.\x9ck\x19\xbcWq\x04\x1b\x28\x1f\x0bJ\x7b\xf1m\xeb\x90\x25v\x96X\x7d\xf9x\xde\x89\x2a\x2bH</data></write>
    <read><length>2</length><match><data>\xe1\x10</data></match></read>
    <write><data>\xb1V</data></write>
    <write><data>\x0e\x00\x3c\x28\xf9\x9f5\xec\x92\x84\x7fI\x1b\x12\x9dk</data></write>
    <read><length>2</length><match><data>\xd2\x04</data></match></read>
    <write><data>G\x2d</data></write>
    <write><data>\x27\x00\xb0\xb5\x2bL5\xd3\xff\x7d\x28\x01\xad\xca\x5d\x95\x5b\xa6\x7fu\x85\xa6\x08\x15 \x18\xf0\xc6\x96\x1e\xf3\x922\xbf\x3c\xe7\x1f\x99\xc1\xf4\xb7</data></write>
    <read><length>2</length><match><data>\xe1\x10</data></match></read>
    <write><data>\x0f\x22</data></write>
    <read><length>2</length><match><data>\xd2\x04</data></match></read>
    <read><length>2</length><match><data>W\x22</data></match></read>
    <write><data>\xb1V</data></write>
    <read><length>2</length><match><data>\xe1\x10</data></match></read>
    <write><data>G\x2d</data></write>
    <write><data>\x16\x00\x2d\x3dMvH\x40\x94\x5dA\x22\xaf\x9a\xde\xa84d\x11\x1f\xc6\x86\xfd3</data></write>
    <read><length>2</length><match><data>\xd2\x04</data></match></read>
    <write><data>\xea\x2c</data></write>
    <read><length>2</length><match><data>\xe1\x10</data></match></read>
    <write><data>\x0f\x22</data></write>
    <read><length>2</length><match><data>\xe1\x10</data></match></read>
    <write><data>\xb1V</data></write>
    <read><length>2</length><match><data>\xe1\x10</data></match></read>
    <write><data>\xea\x2c</data></write>
    <read><length>2</length><match><data>\xe1\x10</data></match></read>
    <write><data>\xb1V</data></write>
    <read><length>2</length><match><data>\xe1\x10</data></match></read>
    <write><data>\x0f\x22</data></write>
    <read><length>2</length><match><data>\xe1\x10</data></match></read>
    <write><data>\x07\x22</data></write>
    <write><data>\x04\x00\x85\x7e\xeb\x22</data></write>
    <write><data>\x0a\x00\xc9\x1a\x9d\xd4\x5d\x10\x80i\x1dl</data></write>
    <read><length>2</length><match><data>\xd2\x04</data></match></read>
    <write><data>\x07\x22</data></write>
    <read><length>2</length><match><data>\xe1\x10</data></match></read>
    <write><data>\xea\x2c</data></write>
    <write><data>\x0a\x00\xc9\x1a\x9d\xd4\x5d\x10\x80i\x1dl</data></write>
    <read><length>2</length><match><data>\xd2\x04</data></match></read>
    <write><data>\x0f\x22</data></write>
    <read><length>2</length><match><data>\xe1\x10</data></match></read>
    <write><data>\x99\x08</data></write>
    <write><data>\x23\x00Z\xac11YS\xeflcy\xd1\xd1\x2c\xf8\xe7\x27\x7b\xdb\x7c\xa8\xb6\x3dC\xa4\xd4C\xf6s\xf2p\x06\xc6\xa2L\xa5</data></write>
    <read><length>2</length><match><data>\xe1\x10</data></match></read>
    <write><data>G\x2d</data></write>
    <write><data>\x16\x00\x2d\x3dMvH\x40\x94\x5dA\x22\xaf\x9a\xde\xa84d\x11\x1f\xc6\x86\xfd3</data></write>
    <read><length>2</length><match><data>\xd2\x04</data></match></read>
    <write><data>v\x2c</data></write>
    <write><data>\x0b\x00Q:\x95r\xc2\x9a\xadY\xdee\x12</data></write>
    <read><length>2</length><match><data>\xd2\x04</data></match></read>
    <read><length>12</length><match><data>\x0a\x00\x5e\x1ae\x5b\xe4\x7b\xb2\xd3\xd6\x8f</data></match></read>
    <write><data>v\x2c</data></write>
    <read><length>2</length><match><data>\xe1\x10</data></match></read>
    <write><data>G\x2d</data></write>
    <write><data>\x0b\x00Q:\x95r\xc2\x9a\xadY\xdee\x12</data></write>
    <read><length>2</length><match><data>\xd2\x04</data></match></read>
    <write><data>\x07\x22</data></write>
    <read><length>2</length><match><data>\xe1\x10</data></match></read>
    <write><data>v\x2c</data></write>
    <read><length>2</length><match><data>\xe1\x10</data></match></read>
    <write><data>v\x2c</data></write>
    <read><length>2</length><match><data>\xe1\x10</data></match></read>
    <write><data>\x07\x22</data></write>
    <read><length>2</length><match><data>\xe1\x10</data></match></read>
    <write><data>\x0f\x22</data></write>
    <read><length>2</length><match><data>\xd2\x04</data></match></read>
    <read><length>2</length><match><data>W\x22</data></match></read>
    <write><data>\xb1V</data></write>
    <read><length>2</length><match><data>\xe1\x10</data></match></read>
    <write><data>\x0f\x22</data></write>
    <read><length>2</length><match><data>\xe1\x10</data></match></read>
    <write><data>\x0f\x22</data></write>
    <read><length>2</length><match><data>\xe1\x10</data></match></read>
    <write><data>\x0f\x22</data></write>
    <read><length>2</length><match><data>\xe1\x10</data></match></read>
    <write><data>v\x2c</data></write>
    <write><data>\x0b\x00\xec\x0e\x06\x2b\x7b\xae\x164\xec\x9ca</data></write>
    <read><length>2</length><match><data>\xd2\x04</data></match></read>
    <read><length>12</length><match><data>\x0a\x00\x7c\x83\xe2\xb9\x81\xf4\xc9N\xaeK</data></match></read>
    <write><data>\xea\x2c</data></write>
    <write><data>\x0a\x00\x7c\x83\xe2\xb9\x81\xf4\xc9N\xaeK</data></write>
    <read><length>2</length><match><data>\xd2\x04</data></match></read>
    <write><data>v\x2c</data></write>
    <write><data>\x1d\x00\xdc\x2bYx\xc5\xbcq7\xb6\x90\x11w?\xe7\x83\x5ca\xcf\x02\xda\x96\xfa\x3b\x2c\xa1v\x19\xfcX</data></write>
    <read><length>2</length><match><data>\xd2\x04</data></match></read>
    <read><length>12</length><match><data>\x0a\x00\xcc0\xf9S\x14\x181\xcc\xd1\xa1</data></match></read>
    <write><data>G\x2d</data></write>
    <write><data>\x27\x00F\x12\x28\x2d\x90\xbfD\xb8\xdd\xc2\xc0G\x9d!\xb9\x8cF\x9d\xf4\xe6\xb79\xcd\xaa\xbf\xb6\xcf\x0e\x23yt\x00\x7f\xac\xb8R\xa8\x7cJ</data></write>
    <read><length>2</length><match><data>\xe1\x10</data></match></read>
    <write><data>\x07\x22</data></write>
    <read><length>2</length><match><data>\xe1\x10</data></match></read>
    <write><data>\x99\x08</data></write>
    <write><data>\x27\x00\x96u\xb84\x7b\x9e\xa4\xd9\xff\xe8\x81\xed\x40Q\x98\x91\xb0\x2fY\x06\xda\xe2\x83\x1f\x8a\x91\xab\xf1\x8a\x2f\x972iQ!a\xcd\xb6\xa7</data></write>
    <read><length>2</length><match><data>\xe1\x10</data></match></read>
    <write><data>\x99\x08</data></write>
    <write><data>\x28\x00\x5b\xf4Z\xaem\xf0f\xdd\x25\xf2\x82\xf7\x02\x12\xb4\x2f\x9b\x08\xd0\xabz2yzq\x40\xb6\x19\x2d\x9e\xc6\xa9U\x15apv\xf7iz</data></write>
    <read><length>2</length><match><data>\xe1\x10</data></match></read>
    <write><data>\x0f\x22</data></write>
    <read><length>2</length><match><data>\xd2\x04</data></match></read>
    <read><length>2</length><match><data>W\x22</data></match></read>
    <write><data>\x07\x22</data></write>
    <write><data>\x16\x00\x2d\x3dMvH\x40\x94\x5dA\x22\xaf\x9a\xde\xa84d\x11\x1f\xc6\x86\xfd3</data></write>
    <write><data>\x0a\x00an\x17\xb2\xafvIo\x2d\xc1</data></write>
    <read><length>2</length><match><data>\xd2\x04</data></match></read>
    <write><data>\x0f\x22</data></write>
    <read><length>2</length><match><data>\xd2\x04</data></match></read>
    <read><length>2</length><match><data>W\x22</data></match></read>
    <write><data>G\x2d</data></write>
    <write><data>\x23\x00\x5e\xeeO\x84w\x2f\xc3a\x11\xe0\xd7\x02\x1a\x27\x04Y\x7d\x09?\x99m\xbb\xd7\x00v\x7f\x2c\x08\xfc\x19\x3c\xdb\x40\x9a\x24</data></write>
    <read><length>2</length><match><data>\xe1\x10</data></match></read>
    <write><data>\x99\x08</data></write>
    <write><data>\x12\x00E\xf9B\xc0\x1aJ\x2aW\xe2\xb8\xdc\x252\x8e\x03\xbb\x10g</data></write>
    <read><length>2</length><match><data>\xd2\x04</data></match></read>
    <write><data>\x0f\x22</data></write>
    <read><length>2</length><match><data>\xe1\x10</data></match></read>
    <write><data>\xea\x2c</data></write>
    <read><length>2</length><match><data>\xe1\x10</data></match></read>
    <write><data>\xb1V</data></write>
    <read><length>2</length><match><data>\xe1\x10</data></match></read>
    <write><data>\x0f\x22</data></write>
    <read><length>2</length><match><data>\xe1\x10</data></match></read>
    <write><data>\x0f\x22</data></write>
    <read><length>2</length><match><data>\xe1\x10</data></match></read>
    <write><data>G\x2d</data></write>
    <write><data>\x25\x00v\x2b\xc8\xda\x29\xeb\x1b\xba\x7c\xa0z\xe9\xa5\x1ba\xac\xe2l\xc7\xc6y\x24\xd9\x5b\xaa\x95\xb8\xcd\xd1I\x2c\x99\xa0\xce\x60\x7e\x0d</data></write>
    <read><length>2</length><match><data>\xe1\x10</data></match></read>
    <write><data>\x99\x08</data></write>
    <write><data>\x26\x00\xc5\xd0d\xf6\xa1\xdev3\xa5\xfd\xfd\x5f\xdfo\x7bY\x9bB\x9f\xd2\xc6\xafZ\xd6t\x1d\x28\x2a\xd8\xbd\xd7X\x5cVo\x80\xa51</data></write>
    <read><length>2</length><match><data>\xe1\x10</data></match></read>
    <write><data>G\x2d</data></write>
    <write><data>\x26\x00\x9eA\x9e\xdb\x5b\x7c\xbdYp\xacW\xa4\x9fv\x9a\xf4\x04\xb8P\x0dIB\x83\x1a\x29\x17\x87\xea\xde\x83\xdd\xc1\xc7\x1e\xfb\x7da.</data></write>
    <read><length>2</length><match><data>\xe1\x10</data></match></read>
    <write><data>\x07\x22</data></write>
    <write><data>\x16\x00\x2d\x3dMvH\x40\x94\x5dA\x22\xaf\x9a\xde\xa84d\x11\x1f\xc6\x86\xfd3</data></write>
    <write><data>\x0a\x00an\x17\xb2\xafvIo\x2d\xc1</data></write>
    <read><length>2</length><match><data>\xd2\x04</data></match></read>
    <write><data>\x0f\x27</data></write>
</replay>
</pov>