<?xml version="1.0" standalone="no" ?>
<!DOCTYPE pov SYSTEM "/usr/share/cgc-docs/replay.dtd">
<pov>
<cbid>service</cbid>
<seed>fbbe6e76982f85a1526b8ac397fdb6a6c7d3251c0b12ce909b05989e09b802112d1e1a3316c45ff5670828a11abd206b</seed>
<replay>
    <write><data>G\x2d</data></write>
    <write><data>\x26\x00\x03\x15\x2a\xdf\x17\x7fX\xf0\xe92\xdaQ\x2d\x24\xb00\xed\x2dD\xbb\x8dAE\x90\x83\xf1\x99\xfb\x81\xeeJ\xedu\xd2\x0d\xabp\xbe</data></write>
    <read><length>2</length><match><data>\xe1\x10</data></match></read>
    <write><data>\xea\x2c</data></write>
    <read><length>2</length><match><data>\xe1\x10</data></match></read>
    <write><data>\xea\x2c</data></write>
    <read><length>2</length><match><data>\xe1\x10</data></match></read>
    <write><data>\x07\x22</data></write>
    <write><data>\x26\x00\x02\x88\x2c\x94\xda9cwVC\xcdUeU\x7fl\xf7\x9a\x5f\x87?\xf7\x9c\x0bZ\xa4\x7b\xf1\xc2\xb5\xf3\x3b\xb3I\x5f\xfa\x95\x80</data></write>
    <write><data>\x24\x00\xe6E\x13\xc6\xdb\x0e\x1b\x02\xae\x0d\xa5\xad\x88!S\xf2h\x9d\x7c\x99\xd4\xces\x1c\xd6\xc6\x05\xb3\x08\xa2\xf5\x07V\xe3\x83\x92</data></write>
    <read><length>2</length><match><data>\xe1\x10</data></match></read>
    <write><data>v\x2c</data></write>
    <write><data>\x03\x00\x7c\xfdh</data></write>
    <read><length>2</length><match><data>\xd2\x04</data></match></read>
    <read><length>12</length><match><data>\x0a\x00\x1b\xe7\xac\xf0\xc9\x8bF\x22\xe5\x96</data></match></read>
    <write><data>\x99\x08</data></write>
    <write><data>\x25\x00\x93AE\xb5\x5b0\xf7\xcf\x8b\xa6\xb4\x25LYH\xff\xfas\xf3\xc7\xad\x06\xe2\xae\xe0\xd7\x07\xa5!\xf3GD\x05B\x5d\x8a\x04</data></write>
    <read><length>2</length><match><data>\xe1\x10</data></match></read>
    <write><data>\x99\x08</data></write>
    <write><data>\x25\x00\xac\xb1\xf3\x96\xa0\x01\x0f\xea\x1d\x0b\xdfy\x40\xd2\xc5\xeeT\x7c\x97\x9aL\xdd\xad\x12\xe9\x5d\xae\xc8o\x5do\xb6\xadn\x5cj\x8e</data></write>
    <read><length>2</length><match><data>\xe1\x10</data></match></read>
    <write><data>\x0f\x22</data></write>
    <read><length>2</length><match><data>\xd2\x04</data></match></read>
    <read><length>2</length><match><data>W\x22</data></match></read>
    <write><data>\xb1V</data></write>
    <read><length>2</length><match><data>\xe1\x10</data></match></read>
    <write><data>\xb1V</data></write>
    <read><length>2</length><match><data>\xe1\x10</data></match></read>
    <write><data>v\x2c</data></write>
    <write><data>\x0c\x009\x60\xe1\x04\xf1\x5b\xb1rQ\xfa\xe1\xe4</data></write>
    <read><length>2</length><match><data>\xd2\x04</data></match></read>
    <read><length>12</length><match><data>\x0a\x00\x3e\xbf\x2aT\xba\x14\xc0?\x09\xce</data></match></read>
    <write><data>\x0f\x22</data></write>
    <read><length>2</length><match><data>\xd2\x04</data></match></read>
    <read><length>2</length><match><data>W\x22</data></match></read>
    <write><data>v\x2c</data></write>
    <write><data>\x15\x00EN\x7c\x26\x3c\x18\x93\xa4\xd0\x0d A\x91\xf14H\xf5v\x7e\xa0\x09</data></write>
    <read><length>2</length><match><data>\xd2\x04</data></match></read>
    <read><length>12</length><match><data>\x0a\x00\xfe\x92\x83t\x85k\xcf\xf9\x5e\x80</data></match></read>
    <write><data>\x99\x08</data></write>
    <write><data>\x28\x00\x0d\xfe\xcc\xa2\x0f \x83\xb6\xab\x9b\xe7S\xf0\x8b\xc4q\xb3\x1a\xb4\xb8h\xadiP\xca\xd8H\xc5\x97\xe7\x93\x83\x0f\xc8\x80\xc2nk\x0d\x24</data></write>
    <read><length>2</length><match><data>\xe1\x10</data></match></read>
    <write><data>\x0f\x22</data></write>
    <read><length>2</length><match><data>\xd2\x04</data></match></read>
    <read><length>2</length><match><data>W\x22</data></match></read>
    <write><data>v\x2c</data></write>
    <write><data>\x15\x00w\xe7\xe6\x5d\x9aG \xa6\xb9A\x08\x839\x12\x86H\x22\xe3\xeb\xed\x80</data></write>
    <read><length>2</length><match><data>\xd2\x04</data></match></read>
    <read><length>12</length><match><data>\x0a\x00\x81\xf3\x5fE\xecE\x98\x25\xbdb</data></match></read>
    <write><data>\x99\x08</data></write>
    <write><data>\x22\x00\xed\x01\xceh\x0d\x87\xd3e\x0c\xee\x98\x9c\xd7\x85i\xb1\xc3\xb0\xc7\xd6\x2bz\xd1\xe6K\xd0e\x83s\xd8rx\x17\x1c</data></write>
    <read><length>2</length><match><data>\xe1\x10</data></match></read>
    <write><data>\x99\x08</data></write>
    <write><data>!\x00R\x83\x60\xa5\xda\x10\x08\xb1T\xedkV\xa6\x7b\x87n\xab\x5bM3\x2a\x26t\x90\xa9\xae\x05\xb1\xa4\xb1\xab\xd7\x60</data></write>
    <read><length>2</length><match><data>\xe1\x10</data></match></read>
    <write><data>\xea\x2c</data></write>
    <write><data>\x22\x00m\x14\x3bz\x04\xfcq\xd0b\x9f\xc9\xd5G\xd0\x0e\x95e\x8dH\x15w\x1e\x27\xe2\x3c\xd31\xe8B\xa6\x29B\x16\x12</data></write>
    <read><length>2</length><match><data>\xe1\x10</data></match></read>
    <write><data>\xb1V</data></write>
    <write><data>\x1a\x00\x14\xab\x01\x27p\xd8!\xa8r\xb9\x09\xa5\xe4\x10\x5c\xc44\x13\x17V\xc5\xb6\xb5\xda8\x83</data></write>
    <read><length>2</length><match><data>\xd2\x04</data></match></read>
    <write><data>\x99\x08</data></write>
    <write><data>\x1a\x00\x14\xab\x01\x27p\xd8!\xa8r\xb9\x09\xa5\xe4\x10\x5c\xc44\x13\x17V\xc5\xb6\xb5\xda8\x83</data></write>
    <read><length>2</length><match><data>\xd2\x04</data></match></read>
    <write><data>G\x2d</data></write>
    <write><data>\x23\x00\x40\x8c\x3d\xe9\xcbO\x3eO\x8e\xe2\xb6\x8d\xdc\xa0\x3e\x60\xda\xb1\x1d\x2d8\xcaT\xb7\x40\x84\xd2!\xdf\x29\x11\x02\xf1\x0e\xb9</data></write>
    <read><length>2</length><match><data>\xe1\x10</data></match></read>
    <write><data>\x0f\x22</data></write>
    <read><length>2</length><match><data>\xd2\x04</data></match></read>
    <read><length>2</length><match><data>W\x22</data></match></read>
    <write><data>G\x2d</data></write>
    <write><data>\x03\x00\x7c\xfdh</data></write>
    <read><length>2</length><match><data>\xd2\x04</data></match></read>
    <write><data>\xb1V</data></write>
    <read><length>2</length><match><data>\xe1\x10</data></match></read>
    <write><data>\x0f\x22</data></write>
    <read><length>2</length><match><data>\xe1\x10</data></match></read>
    <write><data>\x99\x08</data></write>
    <write><data>\x28\x00\xbdR\xd1\xfe\xee\xb0\xcbL\x7d\xaf\xe0\xcc\xb0z\xba\xdcU\x88\xe6\x94\xed\xed\x16\x29\xdc\xd986\x2d\x8bh\xff\x40S\xccx\x94z\xd0\x83</data></write>
    <read><length>2</length><match><data>\xe1\x10</data></match></read>
    <write><data>\xea\x2c</data></write>
    <read><length>2</length><match><data>\xe1\x10</data></match></read>
    <write><data>\xea\x2c</data></write>
    <read><length>2</length><match><data>\xe1\x10</data></match></read>
    <write><data>\xb1V</data></write>
    <read><length>2</length><match><data>\xe1\x10</data></match></read>
    <write><data>\xea\x2c</data></write>
    <read><length>2</length><match><data>\xe1\x10</data></match></read>
    <write><data>\x99\x08</data></write>
    <write><data>\x1a\x00\x14\xab\x01\x27p\xd8!\xa8r\xb9\x09\xa5\xe4\x10\x5c\xc44\x13\x17V\xc5\xb6\xb5\xda8\x83</data></write>
    <read><length>2</length><match><data>\xd2\x04</data></match></read>
    <write><data>\x07\x22</data></write>
    <write><data>\x15\x00EN\x7c\x26\x3c\x18\x93\xa4\xd0\x0d A\x91\xf14H\xf5v\x7e\xa0\x09</data></write>
    <write><data>\x0a\x00\xfe\x92\x83t\x85k\xcf\xf9\x5e\x80</data></write>
    <read><length>2</length><match><data>\xd2\x04</data></match></read>
    <write><data>\xea\x2c</data></write>
    <write><data>\x0a\x00\xfe\x92\x83t\x85k\xcf\xf9\x5e\x80</data></write>
    <read><length>2</length><match><data>\xd2\x04</data></match></read>
    <write><data>\x0f\x22</data></write>
    <read><length>2</length><match><data>\xe1\x10</data></match></read>
    <write><data>v\x2c</data></write>
    <write><data>\x05\x00\xf0\xc9\x23\xee\xce</data></write>
    <read><length>2</length><match><data>\xd2\x04</data></match></read>
    <read><length>12</length><match><data>\x0a\x00\x1d\xe5\xf1\x88\x8df\x88\x15\xe8H</data></match></read>
    <write><data>v\x2c</data></write>
    <read><length>2</length><match><data>\xe1\x10</data></match></read>
    <write><data>\x99\x08</data></write>
    <write><data>\x1a\x00\x14\xab\x01\x27p\xd8!\xa8r\xb9\x09\xa5\xe4\x10\x5c\xc44\x13\x17V\xc5\xb6\xb5\xda8\x83</data></write>
    <read><length>2</length><match><data>\xd2\x04</data></match></read>
    <write><data>v\x2c</data></write>
    <read><length>2</length><match><data>\xe1\x10</data></match></read>
    <write><data>\x07\x22</data></write>
    <read><length>2</length><match><data>\xe1\x10</data></match></read>
    <write><data>\xb1V</data></write>
    <write><data>\x1a\x00\x14\xab\x01\x27p\xd8!\xa8r\xb9\x09\xa5\xe4\x10\x5c\xc44\x13\x17V\xc5\xb6\xb5\xda8\x83</data></write>
    <read><length>2</length><match><data>\xd2\x04</data></match></read>
    <write><data>\x07\x22</data></write>
    <read><length>2</length><match><data>\xe1\x10</data></match></read>
    <write><data>\xea\x2c</data></write>
    <write><data>\x0a\x00\x1d\xe5\xf1\x88\x8df\x88\x15\xe8H</data></write>
    <read><length>2</length><match><data>\xd2\x04</data></match></read>
    <write><data>G\x2d</data></write>
    <write><data>!\x00M\x10\xdc\x8b\x2f\xe8B\x2c\x81\x7d\xe7\x0e\xfe\x3bn\xf0?\xad\xa7S\xba\x10\x2d\xed\x06\xc83\xc5\x88vT\x8d\x01</data></write>
    <read><length>2</length><match><data>\xe1\x10</data></match></read>
    <write><data>\xea\x2c</data></write>
    <read><length>2</length><match><data>\xe1\x10</data></match></read>
    <write><data>\x0f\x22</data></write>
    <read><length>2</length><match><data>\xe1\x10</data></match></read>
    <write><data>\x0f\x22</data></write>
    <read><length>2</length><match><data>\xe1\x10</data></match></read>
    <write><data>G\x2d</data></write>
    <write><data>\x23\x00 c\xb0\xc5\x08E\xf7\x91\x7dd\x2c\xf7GXmn\xc4\x5f\x14\x8f\x2aF\x92\x1e\xcb\xb4 \xe8\x0c\xc1U\xc2\xc9b\xb2</data></write>
    <read><length>2</length><match><data>\xe1\x10</data></match></read>
    <write><data>G\x2d</data></write>
    <write><data>\x26\x00\x10k\x2dH\xdb\xece\xeaf\x04!\x98\x92\x2d\xde\x1ap\x5bQ\x1aS\x95\x19\x25A\xb0\x05\x98\xc5\x5emR\x13\x97S\x2f\x16\xe3</data></write>
    <read><length>2</length><match><data>\xe1\x10</data></match></read>
    <write><data>\xb1V</data></write>
    <read><length>2</length><match><data>\xe1\x10</data></match></read>
    <write><data>\xb1V</data></write>
    <read><length>2</length><match><data>\xe1\x10</data></match></read>
    <write><data>G\x2d</data></write>
    <write><data>\x23\x00\x5f\xf3\x91F\x10\x06\x16\x22s\xd3h\xddq\x13\x3b\xfe\xdd\xa8Z\x85\x2c\xe9\xbe\xce\xe64\xb7xU\xd34\xf22?\xeb</data></write>
    <read><length>2</length><match><data>\xe1\x10</data></match></read>
    <write><data>\x07\x22</data></write>
    <write><data>\x15\x00w\xe7\xe6\x5d\x9aG \xa6\xb9A\x08\x839\x12\x86H\x22\xe3\xeb\xed\x80</data></write>
    <write><data>\x0a\x00\x81\xf3\x5fE\xecE\x98\x25\xbdb</data></write>
    <read><length>2</length><match><data>\xd2\x04</data></match></read>
    <write><data>G\x2d</data></write>
    <write><data>\x25\x00\x14\x9f\xaa\x00\x8d\xfa\xa9\x11\x84X3\xdb\xb5\x920Mg\xbch\xf8\xb0P\xfa\x3d\xa3\x0a\x97Z\x99\x28\xa6\xb9\xd54s\xabd</data></write>
    <read><length>2</length><match><data>\xe1\x10</data></match></read>
    <write><data>\x07\x22</data></write>
    <read><length>2</length><match><data>\xe1\x10</data></match></read>
    <write><data>\xea\x2c</data></write>
    <write><data>\x0a\x00\x81\xf3\x5fE\xecE\x98\x25\xbdb</data></write>
    <read><length>2</length><match><data>\xd2\x04</data></match></read>
    <write><data>v\x2c</data></write>
    <write><data>\x09\x00e\x5dN\x80z\xd4\x83\x99\x85</data></write>
    <read><length>2</length><match><data>\xd2\x04</data></match></read>
    <read><length>12</length><match><data>\x0a\x00\x0f\xf6R\xf51\xad\x0d:L\xee</data></match></read>
    <write><data>\xb1V</data></write>
    <write><data>\x05\x00\x83kC\xbbs</data></write>
    <read><length>2</length><match><data>\xd2\x04</data></match></read>
    <write><data>\xea\x2c</data></write>
    <write><data>\x0a\x00\x0f\xf6R\xf51\xad\x0d:L\xee</data></write>
    <read><length>2</length><match><data>\xd2\x04</data></match></read>
    <write><data>G\x2d</data></write>
    <write><data>\x0c\x009\x60\xe1\x04\xf1\x5b\xb1rQ\xfa\xe1\xe4</data></write>
    <read><length>2</length><match><data>\xd2\x04</data></match></read>
    <write><data>\x07\x22</data></write>
    <write><data>\x03\x00\x7c\xfdh</data></write>
    <write><data>\x0a\x00\x1b\xe7\xac\xf0\xc9\x8bF\x22\xe5\x96</data></write>
    <read><length>2</length><match><data>\xd2\x04</data></match></read>
    <write><data>\xb1V</data></write>
    <write><data>\x0c\x00R\x06\xb4\x17\xcf\xdb\x15\x05\x3b.S\xb4</data></write>
    <read><length>2</length><match><data>\xd2\x04</data></match></read>
    <write><data>\xb1V</data></write>
    <write><data>\x14\x00I\xd9\x00\x1a3\x1b\xe0Q\xe5V\xc4 \x08\x5b\xfc\x89\x18\xe6\x9d\xf1</data></write>
    <read><length>2</length><match><data>\xd2\x04</data></match></read>
    <write><data>\x0f\x22</data></write>
    <read><length>2</length><match><data>\xd2\x04</data></match></read>
    <read><length>2</length><match><data>W\x22</data></match></read>
    <write><data>\x07\x22</data></write>
    <write><data>\x03\x00\x7c\xfdh</data></write>
    <write><data>\x0a\x00\x1b\xe7\xac\xf0\xc9\x8bF\x22\xe5\x96</data></write>
    <read><length>2</length><match><data>\xd2\x04</data></match></read>
    <write><data>\xea\x2c</data></write>
    <write><data>\x28\x00.\xc5\x00B\xbe\xd6\x98\xceL9\xb6\x85\x28\xb5\x1e\xc4.\xde\xce\xf4w\x7b\x10o\xc3\x11Ptd \x04\x9bH\xd4c\xcd\x26\x9f\xa3\xaf</data></write>
    <read><length>2</length><match><data>\xe1\x10</data></match></read>
    <write><data>\xb1V</data></write>
    <write><data>\x14\x00I\xd9\x00\x1a3\x1b\xe0Q\xe5V\xc4 \x08\x5b\xfc\x89\x18\xe6\x9d\xf1</data></write>
    <read><length>2</length><match><data>\xe1\x10</data></match></read>
    <write><data>\x0f\x22</data></write>
    <read><length>2</length><match><data>\xd2\x04</data></match></read>
    <read><length>2</length><match><data>W\x22</data></match></read>
    <write><data>v\x2c</data></write>
    <write><data>\x09\x00\xfe\xc1\xe2d\xef\x8d\xe2\xf5\x89</data></write>
    <read><length>2</length><match><data>\xd2\x04</data></match></read>
    <read><length>12</length><match><data>\x0a\x00\x0b\x25\x1fk\xdc\x60\x90\x2a\x07\xa4</data></match></read>
    <write><data>\x0f\x22</data></write>
    <read><length>2</length><match><data>\xd2\x04</data></match></read>
    <read><length>2</length><match><data>W\x22</data></match></read>
    <write><data>\xb1V</data></write>
    <read><length>2</length><match><data>\xe1\x10</data></match></read>
    <write><data>G\x2d</data></write>
    <write><data>\x09\x00\xfe\xc1\xe2d\xef\x8d\xe2\xf5\x89</data></write>
    <read><length>2</length><match><data>\xd2\x04</data></match></read>
    <write><data>\x0f\x22</data></write>
    <read><length>2</length><match><data>\xe1\x10</data></match></read>
    <write><data>\xb1V</data></write>
    <read><length>2</length><match><data>\xe1\x10</data></match></read>
    <write><data>\x0f\x22</data></write>
    <read><length>2</length><match><data>\xe1\x10</data></match></read>
    <write><data>\x0f\x22</data></write>
    <read><length>2</length><match><data>\xe1\x10</data></match></read>
    <write><data>\xea\x2c</data></write>
    <read><length>2</length><match><data>\xe1\x10</data></match></read>
    <write><data>\xb1V</data></write>
    <read><length>2</length><match><data>\xe1\x10</data></match></read>
    <write><data>\x07\x22</data></write>
    <write><data>\x0c\x009\x60\xe1\x04\xf1\x5b\xb1rQ\xfa\xe1\xe4</data></write>
    <write><data>\x0a\x00\x3e\xbf\x2aT\xba\x14\xc0?\x09\xce</data></write>
    <read><length>2</length><match><data>\xd2\x04</data></match></read>
    <write><data>\x07\x22</data></write>
    <read><length>2</length><match><data>\xe1\x10</data></match></read>
    <write><data>\xea\x2c</data></write>
    <write><data>\x0a\x00\x3e\xbf\x2aT\xba\x14\xc0?\x09\xce</data></write>
    <read><length>2</length><match><data>\xd2\x04</data></match></read>
    <write><data>\x99\x08</data></write>
    <write><data>\x26\x00\xfe\xdf\x87\xd4\x0d!\x8c\xd7\xd2\x03\xef\x1c\xa4W\xb5\xa1\xf5\xa2\x87\xec\xaf\x3e\xe0\x23\xfe\xf8\x98\xde\xaf\xc9\xcb\xb7\x0e \x5f\x26\xad\xa1</data></write>
    <read><length>2</length><match><data>\xe1\x10</data></match></read>
    <write><data>\x0f\x27</data></write>
</replay>
</pov>