<?xml version="1.0" standalone="no" ?>
<!DOCTYPE pov SYSTEM "/usr/share/cgc-docs/replay.dtd">
<pov>
<cbid>service</cbid>
<seed>f0a30d439867f060910c53dca3cec4724091be164c5f9878f98aef61187beee6a8a43f649392cf398365fe12526886f0</seed>
<replay>
    <write><data>G\x2d</data></write>
    <write><data>\x22\x00\xd2K\xa1\xf5\x0dcaK\x1b\x3c\xb6z\x3e\xb7\xf0\xfb\xe3\x1a8\x0d\xe0J\xe5\xa8\xd8WJVe\x88\xb5p\x82c</data></write>
    <read><length>2</length><match><data>\xe1\x10</data></match></read>
    <write><data>\x07\x22</data></write>
    <write><data>\x26\x00\x3b\xce\x04\x3c\xbf\xfc\x3bm\x1a\xe0\xeaY\xcfl\xc3\xb71.\xd0\xda\x2b\xd4\x8d\x3b0B\x880\xbc\x9c\xbaPH\xe7aY\x04\xb9</data></write>
    <write><data>\x22\x00\xce\x14O\x99\xb8\xc3P\x5f\x86\x15\xae\x5e\x08e\xa0\xc0\x99\x24\xb2\xaf\x9c\x01\xb3\x86\x82\xfe2\xafk\x8d\xb6\xc0YI</data></write>
    <read><length>2</length><match><data>\xe1\x10</data></match></read>
    <write><data>\x99\x08</data></write>
    <write><data>\x22\x00\xc6\x27 \xb8\x26\xc8\x60\xaf\x9ap\xb1\xeejp\x28i\xc3\x04\xf4\x04\xba\xdfg\xbbt\x25AX\x5eC\xf3\x81\x15M</data></write>
    <read><length>2</length><match><data>\xe1\x10</data></match></read>
    <write><data>\x07\x22</data></write>
    <write><data>\x24\x00\x04\xe3\xb7\x91\xb2StT\xd3\xa4B\x88\xbd\xcc7\xf8\x81TJ\xfe\x0b\xc5\x2c\xa3\xcao\x3cZ\xe5 \x09\x13\xe4\x89b\xf3</data></write>
    <write><data>\x24\x00\x0dnR\x0cB\x142E\xea\x1f\x17\x1e\xa7a\xc7\xefA\xea\xe71\x94\x96\xcda\x5cT\x7bO3 U\x07\x95\xa7r </data></write>
    <read><length>2</length><match><data>\xe1\x10</data></match></read>
    <write><data>\xb1V</data></write>
    <read><length>2</length><match><data>\xe1\x10</data></match></read>
    <write><data>\xb1V</data></write>
    <read><length>2</length><match><data>\xe1\x10</data></match></read>
    <write><data>v\x2c</data></write>
    <write><data>\x05\x00D\xd5\xfc\xd2d</data></write>
    <read><length>2</length><match><data>\xd2\x04</data></match></read>
    <read><length>12</length><match><data>\x0a\x00S\xa2\x1d\xa5:\xe7h\x85FQ</data></match></read>
    <write><data>\x0f\x22</data></write>
    <read><length>2</length><match><data>\xd2\x04</data></match></read>
    <read><length>2</length><match><data>W\x22</data></match></read>
    <write><data>\x07\x22</data></write>
    <write><data>\x05\x00D\xd5\xfc\xd2d</data></write>
    <write><data>\x0a\x00S\xa2\x1d\xa5:\xe7h\x85FQ</data></write>
    <read><length>2</length><match><data>\xd2\x04</data></match></read>
    <write><data>\xb1V</data></write>
    <write><data>\x1b\x00UA\xab\xebh\x86\xfda0\x1dI\x7b\xd6 \xf0y\x25\xbb\x84\xd3\x97\xa0\x1bv\xf6\x85\xaf</data></write>
    <read><length>2</length><match><data>\xd2\x04</data></match></read>
    <write><data>v\x2c</data></write>
    <read><length>2</length><match><data>\xe1\x10</data></match></read>
    <write><data>v\x2c</data></write>
    <read><length>2</length><match><data>\xe1\x10</data></match></read>
    <write><data>v\x2c</data></write>
    <read><length>2</length><match><data>\xe1\x10</data></match></read>
    <write><data>\x0f\x22</data></write>
    <read><length>2</length><match><data>\xd2\x04</data></match></read>
    <read><length>2</length><match><data>W\x22</data></match></read>
    <write><data>\xb1V</data></write>
    <read><length>2</length><match><data>\xe1\x10</data></match></read>
    <write><data>\x0f\x22</data></write>
    <read><length>2</length><match><data>\xe1\x10</data></match></read>
    <write><data>\x0f\x22</data></write>
    <read><length>2</length><match><data>\xe1\x10</data></match></read>
    <write><data>\x0f\x22</data></write>
    <read><length>2</length><match><data>\xe1\x10</data></match></read>
    <write><data>v\x2c</data></write>
    <write><data>\x1b\x00\x8c\x91?:F\xee\x8dp\xf9\x0a\x9b\x25\xbbl\xb8\xbc\x2d\x9aZ7\x60gN\xfb\xa3\xcc\xb3</data></write>
    <read><length>2</length><match><data>\xd2\x04</data></match></read>
    <read><length>12</length><match><data>\x0a\x00ud\x7b\xe5\x40\xa2\x25\xcf\x0c\x9b</data></match></read>
    <write><data>\xea\x2c</data></write>
    <write><data>\x0a\x00ud\x7b\xe5\x40\xa2\x25\xcf\x0c\x9b</data></write>
    <read><length>2</length><match><data>\xd2\x04</data></match></read>
    <write><data>\x99\x08</data></write>
    <write><data>\x24\x00\xe2tQ\xc5?\xabzScuSc\xeb\x86w\xb1\x7c\x1f\xd3\x27\xf3\xc6m\xac\xa0\xf0\x5b\x92G\xea6\x14K\x85\x0e\xe6</data></write>
    <read><length>2</length><match><data>\xe1\x10</data></match></read>
    <write><data>\x07\x22</data></write>
    <write><data>\x05\x00D\xd5\xfc\xd2d</data></write>
    <write><data>\x0a\x00S\xa2\x1d\xa5:\xe7h\x85FQ</data></write>
    <read><length>2</length><match><data>\xd2\x04</data></match></read>
    <write><data>\xea\x2c</data></write>
    <write><data>\x26\x005\x12\xd8\x08\xcc\x04\x04s\xad\x3b\x93T1\xb5U\xf0\xc10J\xecO\xc0\xa5\x0fZ\xd3\xe2\x17\x23\xa9y\xae\x97\x08\x9b\x06S\x06</data></write>
    <read><length>2</length><match><data>\xe1\x10</data></match></read>
    <write><data>G\x2d</data></write>
    <write><data>\x24\x00\xa8t\xfdls2\xc8\x0b\x96\xf6\xfe\x5f\x60\x00\xddpc\xba\xc4\xfdb\xe0\x5d\x3d\xa3\xdeq\x2b\xd1\x5b\xa0\x8b\x5d\x87\xe6\x2c</data></write>
    <read><length>2</length><match><data>\xe1\x10</data></match></read>
    <write><data>\x99\x08</data></write>
    <write><data>\x24\x00n\x95\x2a\xda\x3b\xb5Q\xed\xf6\x05\x8b\xe0\xbfN\xb4j\x3b\xca\xbf\xaa\x9d\x17\x80\x7c\x8e\x8f0xN\xb3\x9bg\xce\xbf.?</data></write>
    <read><length>2</length><match><data>\xe1\x10</data></match></read>
    <write><data>v\x2c</data></write>
    <read><length>2</length><match><data>\xe1\x10</data></match></read>
    <write><data>\xea\x2c</data></write>
    <write><data>\x0a\x00S\xa2\x1d\xa5:\xe7h\x85FQ</data></write>
    <read><length>2</length><match><data>\xd2\x04</data></match></read>
    <write><data>\xb1V</data></write>
    <read><length>2</length><match><data>\xe1\x10</data></match></read>
    <write><data>\xea\x2c</data></write>
    <read><length>2</length><match><data>\xe1\x10</data></match></read>
    <write><data>\xb1V</data></write>
    <read><length>2</length><match><data>\xe1\x10</data></match></read>
    <write><data>v\x2c</data></write>
    <write><data>\x0c\x00\xb8\x16\xc8\xd0\xc5k\xeb\xe6\xfe\x2drm</data></write>
    <read><length>2</length><match><data>\xd2\x04</data></match></read>
    <read><length>12</length><match><data>\x0a\x00\xe6:\x02\x3b\x3e\x1c\xcd\xa7\x96\xe2</data></match></read>
    <write><data>\xea\x2c</data></write>
    <write><data>\x0a\x00\xe6:\x02\x3b\x3e\x1c\xcd\xa7\x96\xe2</data></write>
    <read><length>2</length><match><data>\xd2\x04</data></match></read>
    <write><data>\x99\x08</data></write>
    <write><data>\x26\x00a\xe1Y\xc8v\xdc\x2c\xa2os\x8e\x09\xbc?\x153\x10\x1a\x15\x13\x5b\xe4\xd2\x10\xb5J28\x24\x1f\x92\x9c\x1e\xfd\x85\xc7\xbd\xe9</data></write>
    <read><length>2</length><match><data>\xe1\x10</data></match></read>
    <write><data>G\x2d</data></write>
    <write><data>\x23\x00\x92\xd1\xe7\xeee\x87H\xbe\xb4\xa3g\x8b\x3c\x1b\xd5\x24\xfa\xe7\xd7\x5b\xa2 \x5e\x09\x8f\x2a\x5b\x89\x07\x10\xfe\x03\xabp\x01</data></write>
    <read><length>2</length><match><data>\xe1\x10</data></match></read>
    <write><data>\xea\x2c</data></write>
    <read><length>2</length><match><data>\xe1\x10</data></match></read>
    <write><data>\xb1V</data></write>
    <read><length>2</length><match><data>\xe1\x10</data></match></read>
    <write><data>\x0f\x22</data></write>
    <read><length>2</length><match><data>\xe1\x10</data></match></read>
    <write><data>v\x2c</data></write>
    <write><data>\x19\x00I\xcc\x80\xa5\xd7\x8bG6\x22\x0f\x16f\xff\x88\x0f\x0e\xcb\x92\x86p\xaf\xcdk2\x1a</data></write>
    <read><length>2</length><match><data>\xd2\x04</data></match></read>
    <read><length>12</length><match><data>\x0a\x00\xbe\x16\x5b\xca\xd0j92\x3c\x80</data></match></read>
    <write><data>\xea\x2c</data></write>
    <write><data>\x0a\x00\xbe\x16\x5b\xca\xd0j92\x3c\x80</data></write>
    <read><length>2</length><match><data>\xd2\x04</data></match></read>
    <write><data>\x99\x08</data></write>
    <write><data>\x23\x004lUM\xbaXx\xac\xf9\xb1\x3cNa\xcej\xcaV\x9c\xb6\xfd5\xf8IC\xb4\x1a\x87L\x8b\xc1m\xbfd\xd3\xe7</data></write>
    <read><length>2</length><match><data>\xe1\x10</data></match></read>
    <write><data>\x99\x08</data></write>
    <write><data>\x28\x00\x06\xfa\x9c6\xd0\xd00\xd8\xb3\x0dN\xa3w\xb6\xba\xb7\x5b\x8b\x0c\xe8\x10\x07\xf3n\x9a\x09\xcd\x95\xe5\x9e\xa4\xd3am\x29D\x07\xc3!\xf1</data></write>
    <read><length>2</length><match><data>\xe1\x10</data></match></read>
    <write><data>G\x2d</data></write>
    <write><data>\x28\x00\x93E!\x1b \xdb?\xeb\xda0\xce\x8an\xb1\x3d\xdd\x26\x92\xf8\xc7O:\xe4\xc1gX\x08m\x8c\x60\xcb\xc3.\xf0\xe8O\x05\x97F\x88</data></write>
    <read><length>2</length><match><data>\xe1\x10</data></match></read>
    <write><data>v\x2c</data></write>
    <write><data>\x04\x00\xb3\xda\x95\x27</data></write>
    <read><length>2</length><match><data>\xd2\x04</data></match></read>
    <read><length>12</length><match><data>\x0a\x00\xe4p\xf8\x0f\xc4\x19i\xf0\x0ft</data></match></read>
    <write><data>G\x2d</data></write>
    <write><data>!\x00\x80?\xc5\x3e\xf2\xe6\xfb\xcc\xf6\x3dI\xc0\x88\xab\xd6j:\xf8\xeb\xe9\x27\xc5\x7b\xca2\x5e\x99\xee\xd5\xb3\x12\x1a\xed</data></write>
    <read><length>2</length><match><data>\xe1\x10</data></match></read>
    <write><data>\x0f\x22</data></write>
    <read><length>2</length><match><data>\xd2\x04</data></match></read>
    <read><length>2</length><match><data>W\x22</data></match></read>
    <write><data>\xb1V</data></write>
    <read><length>2</length><match><data>\xe1\x10</data></match></read>
    <write><data>\xb1V</data></write>
    <read><length>2</length><match><data>\xe1\x10</data></match></read>
    <write><data>\x0f\x22</data></write>
    <read><length>2</length><match><data>\xe1\x10</data></match></read>
    <write><data>\xb1V</data></write>
    <read><length>2</length><match><data>\xe1\x10</data></match></read>
    <write><data>\xb1V</data></write>
    <read><length>2</length><match><data>\xe1\x10</data></match></read>
    <write><data>\x0f\x22</data></write>
    <read><length>2</length><match><data>\xe1\x10</data></match></read>
    <write><data>\xb1V</data></write>
    <read><length>2</length><match><data>\xe1\x10</data></match></read>
    <write><data>\x07\x22</data></write>
    <write><data>\x04\x00\xb3\xda\x95\x27</data></write>
    <write><data>\x0a\x00\xe4p\xf8\x0f\xc4\x19i\xf0\x0ft</data></write>
    <read><length>2</length><match><data>\xd2\x04</data></match></read>
    <write><data>v\x2c</data></write>
    <read><length>2</length><match><data>\xe1\x10</data></match></read>
    <write><data>\x99\x08</data></write>
    <write><data>!\x00\xceC\xd7\xef\xaeg\xabfP\xa5\x5f\xcc\x1fi\x88\x5b\xe4K\x0d\xdd\x16iS\x83k\x8a\x5d\xf7\x9a\x0e\xf5c\x98</data></write>
    <read><length>2</length><match><data>\xe1\x10</data></match></read>
    <write><data>v\x2c</data></write>
    <read><length>2</length><match><data>\xe1\x10</data></match></read>
    <write><data>\xb1V</data></write>
    <write><data>\x09\x00\xb2w\xbe\xda4\xc6q\xa7\x02</data></write>
    <read><length>2</length><match><data>\xd2\x04</data></match></read>
    <write><data>\xea\x2c</data></write>
    <write><data>\x24\x00\x7b\xcd\x7c\x8f\x7cc\xd4M\x8e\x9c\xd4A\x9d\x3cM\xed\x3e\xacCu\x02g\xb4C3v\xe7 \xf2P\x23\x1c0\xac6O</data></write>
    <read><length>2</length><match><data>\xe1\x10</data></match></read>
    <write><data>\x07\x22</data></write>
    <read><length>2</length><match><data>\xe1\x10</data></match></read>
    <write><data>\x99\x08</data></write>
    <write><data>\x26\x00P\x83\xa6\x06\xbf\xc3\xa7\x05\x29\x7e\x00s\x2b\x05Ez\xb2\x88\xcb\xd5?\x0eF\xca\xfb\x18\x2aY5\xf9\x28\x40\xd8\x80\xe9\x81\xb2h</data></write>
    <read><length>2</length><match><data>\xe1\x10</data></match></read>
    <write><data>v\x2c</data></write>
    <read><length>2</length><match><data>\xe1\x10</data></match></read>
    <write><data>v\x2c</data></write>
    <read><length>2</length><match><data>\xe1\x10</data></match></read>
    <write><data>G\x2d</data></write>
    <write><data>\x04\x00\xb3\xda\x95\x27</data></write>
    <read><length>2</length><match><data>\xd2\x04</data></match></read>
    <write><data>\x0f\x22</data></write>
    <read><length>2</length><match><data>\xd2\x04</data></match></read>
    <read><length>2</length><match><data>W\x22</data></match></read>
    <write><data>\xea\x2c</data></write>
    <read><length>2</length><match><data>\xe1\x10</data></match></read>
    <write><data>\x99\x08</data></write>
    <write><data>\x09\x00\xb2w\xbe\xda4\xc6q\xa7\x02</data></write>
    <read><length>2</length><match><data>\xd2\x04</data></match></read>
    <write><data>\x99\x08</data></write>
    <write><data>\x25\x00\x00\xbdujv\xfbR\x60\x9a\x7d4\xdd\x87\xcf\x12\xe4\xaf\x5f\x7e\xa2\xb9h\xa2u\xd8\xcej!!\xb3\x2d1tf0\x00T</data></write>
    <read><length>2</length><match><data>\xe1\x10</data></match></read>
    <write><data>\xb1V</data></write>
    <read><length>2</length><match><data>\xe1\x10</data></match></read>
    <write><data>\x07\x22</data></write>
    <write><data>\x04\x00\xb3\xda\x95\x27</data></write>
    <write><data>\x0a\x00\xe4p\xf8\x0f\xc4\x19i\xf0\x0ft</data></write>
    <read><length>2</length><match><data>\xd2\x04</data></match></read>
    <write><data>v\x2c</data></write>
    <read><length>2</length><match><data>\xe1\x10</data></match></read>
    <write><data>\xb1V</data></write>
    <write><data>\x09\x00\xb2w\xbe\xda4\xc6q\xa7\x02</data></write>
    <read><length>2</length><match><data>\xe1\x10</data></match></read>
    <write><data>\x07\x22</data></write>
    <read><length>2</length><match><data>\xe1\x10</data></match></read>
    <write><data>\x99\x08</data></write>
    <write><data>\x25\x00\x0fm\xb6Xm\xc1\xd3y2\xef\x2d\x5c\x5e\xa0w\xd3\x9cr\xa5\xe27\x86\x01\xcc\x23\x5dw\xf0pA\x60D\xf3\xa6\xbb\x85\x7f</data></write>
    <read><length>2</length><match><data>\xe1\x10</data></match></read>
    <write><data>\x0f\x22</data></write>
    <read><length>2</length><match><data>\xd2\x04</data></match></read>
    <read><length>2</length><match><data>W\x22</data></match></read>
    <write><data>\x0f\x22</data></write>
    <read><length>2</length><match><data>\xe1\x10</data></match></read>
    <write><data>\x99\x08</data></write>
    <write><data>\x09\x00\xb2w\xbe\xda4\xc6q\xa7\x02</data></write>
    <read><length>2</length><match><data>\xd2\x04</data></match></read>
    <write><data>v\x2c</data></write>
    <write><data>\x10\x00\x92\xdc\xc5\xdc\xb7\x8e\x7d\x02\xc0\xeatud:\xad\x9b</data></write>
    <read><length>2</length><match><data>\xd2\x04</data></match></read>
    <read><length>12</length><match><data>\x0a\x00\x5c\xb6\x97\x8a\x96\x9c\x9f\xca\x86s</data></match></read>
    <write><data>v\x2c</data></write>
    <read><length>2</length><match><data>\xe1\x10</data></match></read>
    <write><data>\x99\x08</data></write>
    <write><data>\x25\x00z\x958\xbc\x2d\x83\xb0\xb0\x08\xb3t\xf8E\xf3\x27\xf2C\x3bL\xc9\xb7\x85.\x88c\x239\x8fJ\xa5\x0f\x1b\x1a\xa1Tg\xee</data></write>
    <read><length>2</length><match><data>\xe1\x10</data></match></read>
    <write><data>\xb1V</data></write>
    <write><data>\x03\x00:k\x2b</data></write>
    <read><length>2</length><match><data>\xd2\x04</data></match></read>
    <write><data>\x99\x08</data></write>
    <write><data>\x26\x00q3\x02 \xe5\xd6\xbe\x0a\x08\x03\x90\x5b\xab\xc6\x92\xf1\x1a\x01\x26\x16o\xf7\xda\xf6\xb6\x87Z\xd5\xecm\xe2\xe8kR\x9eX\x8c\xcf</data></write>
    <read><length>2</length><match><data>\xe1\x10</data></match></read>
    <write><data>\x0f\x22</data></write>
    <read><length>2</length><match><data>\xd2\x04</data></match></read>
    <read><length>2</length><match><data>W\x22</data></match></read>
    <write><data>\xea\x2c</data></write>
    <read><length>2</length><match><data>\xe1\x10</data></match></read>
    <write><data>\xb1V</data></write>
    <read><length>2</length><match><data>\xe1\x10</data></match></read>
    <write><data>\x0f\x22</data></write>
    <read><length>2</length><match><data>\xe1\x10</data></match></read>
    <write><data>\x99\x08</data></write>
    <write><data>\x26\x00\xaf\x1e\x9fF\x96T\x5d9L\xa0SW\x28P\x23\xea0\xd3\xfd\x81\xcc\x1c\xfc2\xa7\xd4L\x91\x00\x28\x3coO\xf3\xe0hp2</data></write>
    <read><length>2</length><match><data>\xe1\x10</data></match></read>
    <write><data>\x99\x08</data></write>
    <write><data>\x23\x00\xf2\x86\xdai\xd7\xb7\xdeegK q\xa0\xc4\xcaIhDC\xae\xf5\x7e\xb6\xf9\xfdkH6\xcc\x0fr\x7d\xf9!P</data></write>
    <read><length>2</length><match><data>\xe1\x10</data></match></read>
    <write><data>G\x2d</data></write>
    <write><data>\x04\x00\xb3\xda\x95\x27</data></write>
    <read><length>2</length><match><data>\xd2\x04</data></match></read>
    <write><data>v\x2c</data></write>
    <write><data>\x18\x00\x8c\xa4\x2c5!\x8f\x02tXG\x8a\x12\xb6\x40D\xabSJD\xae\xc9\x07\xd9\xff</data></write>
    <read><length>2</length><match><data>\xd2\x04</data></match></read>
    <read><length>12</length><match><data>\x0a\x00\xd5\x24\x8c\x1f\xac\xd7\x16F\xf4\xed</data></match></read>
    <write><data>\x0f\x22</data></write>
    <read><length>2</length><match><data>\xd2\x04</data></match></read>
    <read><length>2</length><match><data>W\x22</data></match></read>
    <write><data>G\x2d</data></write>
    <write><data>!\x00\xdb\x047\x82\x24S\xbf\xa9\xf1\xc3nk\x85KL\xfd\x7d\xf4\x15\xe1\xe3\xa6\x7d\x06l\xba\x13j\xc2\xa8\xe4\x5f\xda</data></write>
    <read><length>2</length><match><data>\xe1\x10</data></match></read>
    <write><data>\xb1V</data></write>
    <read><length>2</length><match><data>\xe1\x10</data></match></read>
    <write><data>v\x2c</data></write>
    <write><data>\x14\x00L\x28\xd0\xf7\xeb7\xdd\x13u\x13\xac\xcc\x98\xcc\xa0a\x5c\x7b\x27\x07</data></write>
    <read><length>2</length><match><data>\xd2\x04</data></match></read>
    <read><length>12</length><match><data>\x0a\x00\xef\xa3i\xb5\x5b\xb9\xae\xa2\xbfg</data></match></read>
    <write><data>v\x2c</data></write>
    <read><length>2</length><match><data>\xe1\x10</data></match></read>
    <write><data>\x07\x22</data></write>
    <read><length>2</length><match><data>\xe1\x10</data></match></read>
    <write><data>v\x2c</data></write>
    <read><length>2</length><match><data>\xe1\x10</data></match></read>
    <write><data>\xb1V</data></write>
    <write><data>\x04\x00\x3c\xe4\xb6\x81</data></write>
    <read><length>2</length><match><data>\xd2\x04</data></match></read>
    <write><data>\x0f\x22</data></write>
    <read><length>2</length><match><data>\xd2\x04</data></match></read>
    <read><length>2</length><match><data>W\x22</data></match></read>
    <write><data>\xb1V</data></write>
    <read><length>2</length><match><data>\xe1\x10</data></match></read>
    <write><data>v\x2c</data></write>
    <write><data>\x14\x00\xda\x2bl\x91\x2c\xf5D\x04\xbbud2I\x1e3\x8f\xf7:\x1e\xed</data></write>
    <read><length>2</length><match><data>\xd2\x04</data></match></read>
    <read><length>12</length><match><data>\x0a\x00\x8d\xb8O\xbc\x813\x27o1\x98</data></match></read>
    <write><data>\x07\x22</data></write>
    <read><length>2</length><match><data>\xe1\x10</data></match></read>
    <write><data>\x07\x22</data></write>
    <read><length>2</length><match><data>\xe1\x10</data></match></read>
    <write><data>G\x2d</data></write>
    <write><data>!\x00\x9ex\xdc\x7d\x8b\xa0\x82\x1bz\xc34\x0f\x7c\x07\x27\x05\x27\x2b\x3b2\xf1\x9c\xdd6\xc9\x12\xcf\xdb\x3e\xb7N\xcb\x8c</data></write>
    <read><length>2</length><match><data>\xe1\x10</data></match></read>
    <write><data>v\x2c</data></write>
    <read><length>2</length><match><data>\xe1\x10</data></match></read>
    <write><data>\xb1V</data></write>
    <write><data>\x1b\x00\xdc\xaf\x25\x8e\x22\xaeN\x93\xe2\x1d\xb9\x1b\x16\x23\x17\xb3\x40\x1e\xd4\x83\xc9\xe2\x60\xb9\xc7r\x8a</data></write>
    <read><length>2</length><match><data>\xd2\x04</data></match></read>
    <write><data>\xea\x2c</data></write>
    <write><data>\x22\x00\x01p\x85\x95BC\xdc\x9a\x5dz\xf5e\xbc\x10\xd4\xc1x\xc1\x17?\xd0\x0c\x8a\xe6\x40F\x1eC\xd3\x3b\xcc\xa1\x97h</data></write>
    <read><length>2</length><match><data>\xe1\x10</data></match></read>
    <write><data>\x07\x22</data></write>
    <read><length>2</length><match><data>\xe1\x10</data></match></read>
    <write><data>v\x2c</data></write>
    <read><length>2</length><match><data>\xe1\x10</data></match></read>
    <write><data>\xb1V</data></write>
    <write><data>\x0e\x00\x8f\x3d\x90\x8b\x8e\x8d\xb8\x97\xaa\x14\xde\xf4m4</data></write>
    <read><length>2</length><match><data>\xd2\x04</data></match></read>
    <write><data>G\x2d</data></write>
    <write><data>\x14\x00\xda\x2bl\x91\x2c\xf5D\x04\xbbud2I\x1e3\x8f\xf7:\x1e\xed</data></write>
    <read><length>2</length><match><data>\xd2\x04</data></match></read>
    <write><data>v\x2c</data></write>
    <read><length>2</length><match><data>\xe1\x10</data></match></read>
    <write><data>\x0f\x22</data></write>
    <read><length>2</length><match><data>\xd2\x04</data></match></read>
    <read><length>2</length><match><data>W\x22</data></match></read>
    <write><data>\x07\x22</data></write>
    <write><data>\x14\x00\xda\x2bl\x91\x2c\xf5D\x04\xbbud2I\x1e3\x8f\xf7:\x1e\xed</data></write>
    <write><data>\x0a\x00\x8d\xb8O\xbc\x813\x27o1\x98</data></write>
    <read><length>2</length><match><data>\xd2\x04</data></match></read>
    <write><data>\xea\x2c</data></write>
    <write><data>\x24\x00\x8e\xad\xfc0WU\xd5e2\xafc\xb4\xc0j\x2c\x2c\x8a\xee\x10\xec\x5c\xd7fGZJmY\x7b6\x00\xb6\x27\xbe\x16x</data></write>
    <read><length>2</length><match><data>\xe1\x10</data></match></read>
    <write><data>\xb1V</data></write>
    <write><data>\x09\x00\xb2w\xbe\xda4\xc6q\xa7\x02</data></write>
    <read><length>2</length><match><data>\xd2\x04</data></match></read>
    <write><data>G\x2d</data></write>
    <write><data>\x18\x00\x8c\xa4\x2c5!\x8f\x02tXG\x8a\x12\xb6\x40D\xabSJD\xae\xc9\x07\xd9\xff</data></write>
    <read><length>2</length><match><data>\xd2\x04</data></match></read>
    <write><data>\x99\x08</data></write>
    <write><data>\x23\x00\x16\x00\xd2\xd5G\x09\xbb\x0d\xd4\xad\xa6\xa3\xae\x3c\x5b\xc11\x23\x9b\x83\x92PT\xd7\xafJ\x8bM\xe1\x2b\xec\xd7\xb9\x15\x17</data></write>
    <read><length>2</length><match><data>\xe1\x10</data></match></read>
    <write><data>\x0f\x22</data></write>
    <read><length>2</length><match><data>\xd2\x04</data></match></read>
    <read><length>2</length><match><data>W\x22</data></match></read>
    <write><data>\xb1V</data></write>
    <read><length>2</length><match><data>\xe1\x10</data></match></read>
    <write><data>\xb1V</data></write>
    <read><length>2</length><match><data>\xe1\x10</data></match></read>
    <write><data>\x99\x08</data></write>
    <write><data>\x03\x00:k\x2b</data></write>
    <read><length>2</length><match><data>\xd2\x04</data></match></read>
    <write><data>v\x2c</data></write>
    <write><data>\x1d\x00\xbdX\x25\xbe\xae\xb17\xe2\xe6!w\xc3\xbf\xe8rL\x9d\x91\xfa22Z\x84\x8d\xc6\x05n.\x29</data></write>
    <read><length>2</length><match><data>\xd2\x04</data></match></read>
    <read><length>12</length><match><data>\x0a\x00\x7d\xdd\xea\xd96v\xaf\xdb\x8a\xa2</data></match></read>
    <write><data>\x99\x08</data></write>
    <write><data>\x04\x00\x3c\xe4\xb6\x81</data></write>
    <read><length>2</length><match><data>\xd2\x04</data></match></read>
    <write><data>\x07\x22</data></write>
    <read><length>2</length><match><data>\xe1\x10</data></match></read>
    <write><data>\xb1V</data></write>
    <write><data>\x09\x00\xb2w\xbe\xda4\xc6q\xa7\x02</data></write>
    <read><length>2</length><match><data>\xd2\x04</data></match></read>
    <write><data>\x0f\x22</data></write>
    <read><length>2</length><match><data>\xd2\x04</data></match></read>
    <read><length>2</length><match><data>W\x22</data></match></read>
    <write><data>\x07\x22</data></write>
    <write><data>\x14\x00L\x28\xd0\xf7\xeb7\xdd\x13u\x13\xac\xcc\x98\xcc\xa0a\x5c\x7b\x27\x07</data></write>
    <write><data>\x0a\x00\xef\xa3i\xb5\x5b\xb9\xae\xa2\xbfg</data></write>
    <read><length>2</length><match><data>\xd2\x04</data></match></read>
    <write><data>\x0f\x22</data></write>
    <read><length>2</length><match><data>\xd2\x04</data></match></read>
    <read><length>2</length><match><data>W\x22</data></match></read>
    <write><data>\x07\x22</data></write>
    <write><data>\x04\x00\xb3\xda\x95\x27</data></write>
    <write><data>\x0a\x00\xe4p\xf8\x0f\xc4\x19i\xf0\x0ft</data></write>
    <read><length>2</length><match><data>\xd2\x04</data></match></read>
    <write><data>\x99\x08</data></write>
    <write><data>\x24\x00\x98\xf8Y\xfb\x0b\x29\xce\x0d\xa0\x94\x9aQ\x85\xe6\x9cn\x60\xbaj3\xefY\xbddq\xb5\x7b\x19h\xaeq\xd3I\x2c\x15\x9c</data></write>
    <read><length>2</length><match><data>\xe1\x10</data></match></read>
    <write><data>\x99\x08</data></write>
    <write><data>\x0e\x00\x8f\x3d\x90\x8b\x8e\x8d\xb8\x97\xaa\x14\xde\xf4m4</data></write>
    <read><length>2</length><match><data>\xd2\x04</data></match></read>
    <write><data>G\x2d</data></write>
    <write><data>\x10\x00\x92\xdc\xc5\xdc\xb7\x8e\x7d\x02\xc0\xeatud:\xad\x9b</data></write>
    <read><length>2</length><match><data>\xd2\x04</data></match></read>
    <write><data>\x99\x08</data></write>
    <write><data>\x23\x00\x1e?\x1c\x11\x27\x1a\x0a\x27\xb9\x91\xcaG\xfa\x29\x2d\xdb\xcc\x7f\x83\x87\x08yT1\x90\x0d\xc2T\xfd\xefUB\xfb\xc3\xb5</data></write>
    <read><length>2</length><match><data>\xe1\x10</data></match></read>
    <write><data>v\x2c</data></write>
    <read><length>2</length><match><data>\xe1\x10</data></match></read>
    <write><data>\x07\x22</data></write>
    <read><length>2</length><match><data>\xe1\x10</data></match></read>
    <write><data>\x99\x08</data></write>
    <write><data>\x27\x00\xc2\x247\x26S\xc4\xab\xd8\x25\x2c\x2c\xf7T\x06\x9b\x1e\xb8\x9590\xb2\x1a\x26\x9d\xc8\x13\xf8\xa3\xc1\x5cv\x7c\x25K\x0c\xc2uR3</data></write>
    <read><length>2</length><match><data>\xe1\x10</data></match></read>
    <write><data>\x07\x22</data></write>
    <read><length>2</length><match><data>\xe1\x10</data></match></read>
    <write><data>\x0f\x22</data></write>
    <read><length>2</length><match><data>\xd2\x04</data></match></read>
    <read><length>2</length><match><data>W\x22</data></match></read>
    <write><data>\x07\x22</data></write>
    <write><data>\x10\x00\x92\xdc\xc5\xdc\xb7\x8e\x7d\x02\xc0\xeatud:\xad\x9b</data></write>
    <write><data>\x0a\x00\x5c\xb6\x97\x8a\x96\x9c\x9f\xca\x86s</data></write>
    <read><length>2</length><match><data>\xd2\x04</data></match></read>
    <write><data>G\x2d</data></write>
    <write><data>\x28\x00\x95\xc45uE\xe9\xce\xe5\xbe\xbeU\xa5\x01\x0c\x10E\x12\x7f\xe8\x81\x3c\x00\x81\xdf\x02\x90hA\xe9\x14\x8br\x27S\xa2\x9d\xf3\xf6\xf0\x98</data></write>
    <read><length>2</length><match><data>\xe1\x10</data></match></read>
    <write><data>G\x2d</data></write>
    <write><data>\x28\x00\xcf\x2d\x3e\xc1\xa0\xba\xf9\x9f\x93c\x0aH\x7b\x96023\xd3\x95\xc2\xa6:\x03\xb9\x8b\x2c\xe8CB\x9c\xf06\x03\xab\x0d\x14\x0cf\x8c\xb6</data></write>
    <read><length>2</length><match><data>\xe1\x10</data></match></read>
    <write><data>\x07\x22</data></write>
    <read><length>2</length><match><data>\xe1\x10</data></match></read>
    <write><data>\xea\x2c</data></write>
    <write><data>\x0a\x00\x5c\xb6\x97\x8a\x96\x9c\x9f\xca\x86s</data></write>
    <read><length>2</length><match><data>\xd2\x04</data></match></read>
    <write><data>G\x2d</data></write>
    <write><data>\x18\x00\x8c\xa4\x2c5!\x8f\x02tXG\x8a\x12\xb6\x40D\xabSJD\xae\xc9\x07\xd9\xff</data></write>
    <read><length>2</length><match><data>\xd2\x04</data></match></read>
    <write><data>\x0f\x22</data></write>
    <read><length>2</length><match><data>\xe1\x10</data></match></read>
    <write><data>v\x2c</data></write>
    <write><data>\x12\x00\xf3\xa1\xf0\x90\x0c\x18r\x00Q\xda\xe4\xbb\x1b\xd7\xa7\xc7\xb27</data></write>
    <read><length>2</length><match><data>\xd2\x04</data></match></read>
    <read><length>12</length><match><data>\x0a\x00BC\x7f.\xbc\x1a\x27\x24\x3b\xae</data></match></read>
    <write><data>\x07\x22</data></write>
    <read><length>2</length><match><data>\xe1\x10</data></match></read>
    <write><data>\x0f\x27</data></write>
</replay>
</pov>