<?xml version="1.0" standalone="no" ?>
<!DOCTYPE pov SYSTEM "/usr/share/cgc-docs/replay.dtd">
<pov>
<cbid>service</cbid>
<seed>1a158b7cd6aca195590a5e556d377284517d47c192db992c96af643b8f32e180f86a2a238916b4b1434f8b598f4dd8c3</seed>
<replay>
    <write><data>G\x2d</data></write>
    <write><data>\x24\x00\xea\xd4\xb9A\xf3l\x299\xe5\xbfJ\x40\xb6\xb6WG\xfb\xfb\xc3\x40\xb6X\xff\x60\xf25\xef\xf7!\x5c\x40\xe5\x93\xeb\x08\xc3</data></write>
    <read><length>2</length><match><data>\xe1\x10</data></match></read>
    <write><data>\x07\x22</data></write>
    <write><data>\x24\x00R\xc5Y\x1b\xf3\x3e\x3cfM\xb8\x99\xefe\x84\x81\x8a\x0a\xf2\xd4\xfa\xd5\x2b\xe0\xabET\xb33\xa4\x03\x88u:\xdeq\xcd</data></write>
    <write><data>\x23\x00R\xe4\x8eM1g\xdd\xb1r\x13j\x05C\xa6.\x04G\x89\xe2\x86\x9c\x1b\x05IscP.\x0c\x7fL9\x02\xa8\xe1</data></write>
    <read><length>2</length><match><data>\xe1\x10</data></match></read>
    <write><data>G\x2d</data></write>
    <write><data>\x27\x00\x7dZh\xeb\xc6\x27\xa3\x23\xfe\xe5\xad\x09\xea\xc2\xc1\xb0\x0a\x1b\xb6IP\x9e\x98.Z\x15\x1a\x2b\xa9\xd2\xf4\x0e\xdb\xe1\x82\x40\xb6\x3e\xf0</data></write>
    <read><length>2</length><match><data>\xe1\x10</data></match></read>
    <write><data>\xea\x2c</data></write>
    <read><length>2</length><match><data>\xe1\x10</data></match></read>
    <write><data>\x0f\x22</data></write>
    <read><length>2</length><match><data>\xe1\x10</data></match></read>
    <write><data>\x99\x08</data></write>
    <write><data>\x23\x00tM\xe6\xad\xf5\xbfj\xf0\x1a\xe6\xe5\x97\x14e\x01\x8a\x8f\xac\xdaoA\x40\xd9DL\xf5\xf7v\xda\xad\xac\xde\xaa\x24\x09</data></write>
    <read><length>2</length><match><data>\xe1\x10</data></match></read>
    <write><data>\xb1V</data></write>
    <read><length>2</length><match><data>\xe1\x10</data></match></read>
    <write><data>\x07\x22</data></write>
    <write><data>!\x00\xbd\xd6\x1d\x25\x2b\x8e\xfc\x07\xac\xad6\xb0\xbd\x27\xf0\xd1\xaej30\xd7\x9d\xd22\xe4\x01\x25\xdc\x06v\x11\x1a\xcd</data></write>
    <write><data>\x22\x00\x87Tl\xbc\x3cz\xe4A\xeb\x17?\xfb\xed\xc1\x98Dj\xf1\x5f\x1d\x83\xda\xff\x07\x88\xcb\xf2f\x8dC\x02\xe7\x01\x88</data></write>
    <read><length>2</length><match><data>\xe1\x10</data></match></read>
    <write><data>\xea\x2c</data></write>
    <read><length>2</length><match><data>\xe1\x10</data></match></read>
    <write><data>\x0f\x22</data></write>
    <read><length>2</length><match><data>\xe1\x10</data></match></read>
    <write><data>\xb1V</data></write>
    <read><length>2</length><match><data>\xe1\x10</data></match></read>
    <write><data>\x0f\x22</data></write>
    <read><length>2</length><match><data>\xe1\x10</data></match></read>
    <write><data>\x99\x08</data></write>
    <write><data>\x27\x00\x24\x14F\x04\x0c\xc7\xe5\xcb\xb4\xf4e\x5b\x0cKx!\x04\xae.\xdc\x05I\x3b\x96\xc6\x28\x1f\x9f\x5bP\xa1D\x3d\x23\x7c\xe6 \x9dY</data></write>
    <read><length>2</length><match><data>\xe1\x10</data></match></read>
    <write><data>\x07\x22</data></write>
    <write><data>\x24\x00\xe5\xc7\xc2\x83\x81U\xc9\x074\xb4\xcb\xaa\xa9\xcc\x10\x5b\xbb2\x3c\xcf\xee\xbe:\x16\xd4\xa1\x16\x2d\x25\xdbH\x26\xc1\xbb\xc1q</data></write>
    <write><data>\x28\x00\xa0A\x97\xeaQ\xabU\x87W\xf5\x0ay\xa8e\xf4\x02\x88\xb6S\xcc\xbe\xdf\xd2\x9f\x06\xe6\xd7\xbbq\xbc\x40a\xeeW\xbd\x27\x8d\x9c\x3eV</data></write>
    <read><length>2</length><match><data>\xe1\x10</data></match></read>
    <write><data>\xea\x2c</data></write>
    <read><length>2</length><match><data>\xe1\x10</data></match></read>
    <write><data>\x0f\x22</data></write>
    <read><length>2</length><match><data>\xe1\x10</data></match></read>
    <write><data>\xea\x2c</data></write>
    <read><length>2</length><match><data>\xe1\x10</data></match></read>
    <write><data>\x0f\x22</data></write>
    <read><length>2</length><match><data>\xe1\x10</data></match></read>
    <write><data>G\x2d</data></write>
    <write><data>\x25\x00l\xf8\x90\x2fX\xc2\x8a\x10\xc2d\x8dK\x1aUu\x80\x1dy\x5e\x07\xa1T\xddp\x15\x9e\xec\x25\xab\x27\xb8\x93R\x80\x3e\xe6\x9c</data></write>
    <read><length>2</length><match><data>\xe1\x10</data></match></read>
    <write><data>v\x2c</data></write>
    <write><data>\x12\x00\xce\xbe\x9c\x3b\x1dK\x5dXGU\x11X\x60\xaf\x9e\xd1\x1d\xab</data></write>
    <read><length>2</length><match><data>\xd2\x04</data></match></read>
    <read><length>12</length><match><data>\x0a\x00\xd77\x23\xf5\xaa\x2bDi\x2b\x94</data></match></read>
    <write><data>\x0f\x22</data></write>
    <read><length>2</length><match><data>\xd2\x04</data></match></read>
    <read><length>2</length><match><data>W\x22</data></match></read>
    <write><data>\xb1V</data></write>
    <read><length>2</length><match><data>\xe1\x10</data></match></read>
    <write><data>v\x2c</data></write>
    <write><data>\x13\x00\x19\x88\xc9\x08\xcd\x3eG\xdd\x13:\x81p\xe3\x8bc\x88d1\x0c</data></write>
    <read><length>2</length><match><data>\xd2\x04</data></match></read>
    <read><length>12</length><match><data>\x0a\x00\x83\x2f\x16\xe6\xc6\x26k\xedu2</data></match></read>
    <write><data>v\x2c</data></write>
    <read><length>2</length><match><data>\xe1\x10</data></match></read>
    <write><data>v\x2c</data></write>
    <read><length>2</length><match><data>\xe1\x10</data></match></read>
    <write><data>\x07\x22</data></write>
    <read><length>2</length><match><data>\xe1\x10</data></match></read>
    <write><data>\xb1V</data></write>
    <write><data>\x1c\x00\xf4\xd1\x91\xdd\x02p\x10m\x16\x9fR\x1a\x8bn\x0a\xab\xeb\x96\xe6\x81\x7e\x16A\xdc\xbe\x99U\x1f</data></write>
    <read><length>2</length><match><data>\xd2\x04</data></match></read>
    <write><data>G\x2d</data></write>
    <write><data>\x12\x00\xce\xbe\x9c\x3b\x1dK\x5dXGU\x11X\x60\xaf\x9e\xd1\x1d\xab</data></write>
    <read><length>2</length><match><data>\xd2\x04</data></match></read>
    <write><data>v\x2c</data></write>
    <read><length>2</length><match><data>\xe1\x10</data></match></read>
    <write><data>\xea\x2c</data></write>
    <write><data>\x0a\x00\x83\x2f\x16\xe6\xc6\x26k\xedu2</data></write>
    <read><length>2</length><match><data>\xd2\x04</data></match></read>
    <write><data>\xb1V</data></write>
    <read><length>2</length><match><data>\xe1\x10</data></match></read>
    <write><data>\xea\x2c</data></write>
    <read><length>2</length><match><data>\xe1\x10</data></match></read>
    <write><data>G\x2d</data></write>
    <write><data>\x12\x00\xce\xbe\x9c\x3b\x1dK\x5dXGU\x11X\x60\xaf\x9e\xd1\x1d\xab</data></write>
    <read><length>2</length><match><data>\xd2\x04</data></match></read>
    <write><data>G\x2d</data></write>
    <write><data>\x12\x00\xce\xbe\x9c\x3b\x1dK\x5dXGU\x11X\x60\xaf\x9e\xd1\x1d\xab</data></write>
    <read><length>2</length><match><data>\xd2\x04</data></match></read>
    <write><data>\x07\x22</data></write>
    <write><data>\x12\x00\xce\xbe\x9c\x3b\x1dK\x5dXGU\x11X\x60\xaf\x9e\xd1\x1d\xab</data></write>
    <write><data>\x0a\x00\xd77\x23\xf5\xaa\x2bDi\x2b\x94</data></write>
    <read><length>2</length><match><data>\xd2\x04</data></match></read>
    <write><data>\xb1V</data></write>
    <write><data>\x06\x00N\xee\xc4r\xe1J</data></write>
    <read><length>2</length><match><data>\xd2\x04</data></match></read>
    <write><data>\xb1V</data></write>
    <write><data>\x06\x00N\xee\xc4r\xe1J</data></write>
    <read><length>2</length><match><data>\xe1\x10</data></match></read>
    <write><data>\xea\x2c</data></write>
    <write><data>\x28\x00\xc5yW\xa2D\x08 x\xc3\x9b\x89\x25\x9b\x0c\xc6\x16\xd1\xff\x89L\xc6N\x84\x04\xd8\x0c\xe3S\x94\xef\xc9\xd6\x87\xa8u\xbc\xf0\xd2\x0e\x9d</data></write>
    <read><length>2</length><match><data>\xe1\x10</data></match></read>
    <write><data>G\x2d</data></write>
    <write><data>\x25\x002\xe0n\xe0d\xa2\x8e\x3e\xd5\xec\xa9\x17\xf9\xbf\x15\x2c0\x29\x1e\xb2c\xa4\x3e\x8a?\x25Rx\xd2\xc2\xe7\x3d\x29\xc5j\x14\x0e</data></write>
    <read><length>2</length><match><data>\xe1\x10</data></match></read>
    <write><data>G\x2d</data></write>
    <write><data>\x24\x0068\x9eN\x92\xb6D\x25O\x1cS\xfa\x02\xcf\xf9\xeeu\xe1Tb\xf6\xc2h\xc2\xb2\xdf\xf9\xb5\xe7D\xf7\xa5\x82\x04\xc5G</data></write>
    <read><length>2</length><match><data>\xe1\x10</data></match></read>
    <write><data>\x99\x08</data></write>
    <write><data>\x23\x00\x2f\x2aK\x81J\xc5\x00\x7b\x9dQ4\x97\x15\xa2\x28\x0c8\xaa\x88\x1c\xf1M\xa1c\x1d\x8a\xe4\xafvN\x07\xb1\x9e\x01\xa9</data></write>
    <read><length>2</length><match><data>\xe1\x10</data></match></read>
    <write><data>\xb1V</data></write>
    <write><data>\x06\x00N\xee\xc4r\xe1J</data></write>
    <read><length>2</length><match><data>\xe1\x10</data></match></read>
    <write><data>\xea\x2c</data></write>
    <write><data>\x22\x00\x19L\xba\x80\x8f\x9dx:\x9b\xce9\x8d\xf9\xee\x16B\xcdO\x96\xc8\xa8\xa1\xe1\x26\x8c\x89\xba\xb0\x191Q\xdc\x2b </data></write>
    <read><length>2</length><match><data>\xe1\x10</data></match></read>
    <write><data>G\x2d</data></write>
    <write><data>\x12\x00\xce\xbe\x9c\x3b\x1dK\x5dXGU\x11X\x60\xaf\x9e\xd1\x1d\xab</data></write>
    <read><length>2</length><match><data>\xd2\x04</data></match></read>
    <write><data>\x07\x22</data></write>
    <read><length>2</length><match><data>\xe1\x10</data></match></read>
    <write><data>v\x2c</data></write>
    <read><length>2</length><match><data>\xe1\x10</data></match></read>
    <write><data>\x99\x08</data></write>
    <write><data>\x26\x00\xa9\x28R\x1ab\x18Q\xe7\x25A\x9f\xb5\xa9\xae\x14\xa2\x1e\x10n\x3e\x7c\xfc\x8f5\xa7\xa5hsN\xcd\xae\x9e\xbd\x19\x19\xff\x8e\xfb</data></write>
    <read><length>2</length><match><data>\xe1\x10</data></match></read>
    <write><data>\x99\x08</data></write>
    <write><data>\x06\x00N\xee\xc4r\xe1J</data></write>
    <read><length>2</length><match><data>\xd2\x04</data></match></read>
    <write><data>\x99\x08</data></write>
    <write><data>\x25\x00\xba\x2b\xce\x1d\x5eL\x02\xd4\x9c\xc6\xce\xb7\xb5P\x18\x02\x81\x10h\xa1\xcf\x3d\xbb\xe8\x7d\x0b\xf5\x80\x1d\x28\x5b7\xec\xcc\xcbX\xb7</data></write>
    <read><length>2</length><match><data>\xe1\x10</data></match></read>
    <write><data>\xea\x2c</data></write>
    <write><data>\x0a\x00\xd77\x23\xf5\xaa\x2bDi\x2b\x94</data></write>
    <read><length>2</length><match><data>\xd2\x04</data></match></read>
    <write><data>\xea\x2c</data></write>
    <read><length>2</length><match><data>\xe1\x10</data></match></read>
    <write><data>\xb1V</data></write>
    <read><length>2</length><match><data>\xe1\x10</data></match></read>
    <write><data>\x0f\x22</data></write>
    <read><length>2</length><match><data>\xe1\x10</data></match></read>
    <write><data>\xea\x2c</data></write>
    <read><length>2</length><match><data>\xe1\x10</data></match></read>
    <write><data>\x07\x22</data></write>
    <write><data>\x25\x009\x95N\x89\xcc\xe8\xc4zT\x05\xab\xfa\x99q\x12\x91\xf6\xe0\xd2\xd8\x9a\x04\x8c\xe6\xc0\x5f\x81A\x5c\xc0I5\xb04\xee\x9d\xfe</data></write>
    <write><data>!\x00\x0503\x86\xb1\xbb\x9eT\x9f\xb9:\x2d\xf7N\x24\x92?\x83\xa6\x96\x03jx\xa3\xf6p4\x81\xcb4\x98\xbaT</data></write>
    <read><length>2</length><match><data>\xe1\x10</data></match></read>
    <write><data>\x99\x08</data></write>
    <write><data>\x26\x00\xac\x95\xfd\x5b\x14\xceh\xf5\xff\x81\xa6\x90\x1b\x15x\x86\xb6\xed\xdf\x0am\x04\x03\x7f\xb1\x0c\xf3\x9588x\x89\x84\x00\x7f\x11h\xcb</data></write>
    <read><length>2</length><match><data>\xe1\x10</data></match></read>
    <write><data>v\x2c</data></write>
    <write><data>\x10\x00\x01\x0a\x9d\x99t\x7c\xd1\xb5\x80\x0e\xd106\x0b\x3dR</data></write>
    <read><length>2</length><match><data>\xd2\x04</data></match></read>
    <read><length>12</length><match><data>\x0a\x00\xfd\x83\xee\xae\x80\x8c\x7dzj\xbd</data></match></read>
    <write><data>\x0f\x22</data></write>
    <read><length>2</length><match><data>\xd2\x04</data></match></read>
    <read><length>2</length><match><data>W\x22</data></match></read>
    <write><data>\xea\x2c</data></write>
    <read><length>2</length><match><data>\xe1\x10</data></match></read>
    <write><data>\x0f\x22</data></write>
    <read><length>2</length><match><data>\xe1\x10</data></match></read>
    <write><data>v\x2c</data></write>
    <write><data>\x10\x00\x97v\xc5\x12\xb8\x95\x9d2\xf5\x3b\x10\xff\xc0\xac:\x82</data></write>
    <read><length>2</length><match><data>\xd2\x04</data></match></read>
    <read><length>12</length><match><data>\x0a\x00\x0a1\x8f\x94T\xc7 \x11\x1f\x06</data></match></read>
    <write><data>\x0f\x22</data></write>
    <read><length>2</length><match><data>\xd2\x04</data></match></read>
    <read><length>2</length><match><data>W\x22</data></match></read>
    <write><data>v\x2c</data></write>
    <write><data>\x16\x00\x24W\x5b\x00\x5b\x1f\xf9\xf7\x8a\xd7i\xa5Vy3\xca\x9f\x18\x27Z:.</data></write>
    <read><length>2</length><match><data>\xd2\x04</data></match></read>
    <read><length>12</length><match><data>\x0a\x00\x2aJT\x98\x8f\x8b\xd9w\xb8\xc2</data></match></read>
    <write><data>\xb1V</data></write>
    <write><data>\x18\x002\x3c\xa3A\xd3\xa2\x9e\x3c\xdf\xe9\xbb\x93\xa8\x9a\xa4\xf9\xf7\xf7\xae\x3d\x81t\xfe\x0d</data></write>
    <read><length>2</length><match><data>\xd2\x04</data></match></read>
    <write><data>\x99\x08</data></write>
    <write><data>\x26\x00:\xca\xe6\x24\x80T\x10\xf8gwtD8\xafg\xb2\x8e\x11 \x09\x24\x27\xba\xa3H\x80\x8b\x8f\x2c\xd2\x1b\x90\x2d\x26\x1aN\x1c\xb2</data></write>
    <read><length>2</length><match><data>\xe1\x10</data></match></read>
    <write><data>G\x2d</data></write>
    <write><data>!\x00\xce\xc4\x90q\xed\xfb\x12G\x08z\xd4t\xd0\x1f\xc8\xe3\x10S\xe3\x88F\x91\x9f\x98F\xacV\x7e\x5d\x89x8\x93</data></write>
    <read><length>2</length><match><data>\xe1\x10</data></match></read>
    <write><data>\x07\x22</data></write>
    <read><length>2</length><match><data>\xe1\x10</data></match></read>
    <write><data>\x99\x08</data></write>
    <write><data>\x22\x00\x18\xceP\x90\xe4\x3c\x0f\x89\x02\x40\x8a3\x17\x99\xfd\xc6\xf0\xef\x5e\x13\x2d\xcf4\x2a\x7e\xdd\xd0\x23\x0a\x89\xac\x85\xea\xd8</data></write>
    <read><length>2</length><match><data>\xe1\x10</data></match></read>
    <write><data>\x0f\x22</data></write>
    <read><length>2</length><match><data>\xd2\x04</data></match></read>
    <read><length>2</length><match><data>W\x22</data></match></read>
    <write><data>\xb1V</data></write>
    <read><length>2</length><match><data>\xe1\x10</data></match></read>
    <write><data>\xea\x2c</data></write>
    <read><length>2</length><match><data>\xe1\x10</data></match></read>
    <write><data>\x0f\x22</data></write>
    <read><length>2</length><match><data>\xe1\x10</data></match></read>
    <write><data>\x0f\x22</data></write>
    <read><length>2</length><match><data>\xe1\x10</data></match></read>
    <write><data>\x0f\x22</data></write>
    <read><length>2</length><match><data>\xe1\x10</data></match></read>
    <write><data>\x07\x22</data></write>
    <write><data>\x10\x00\x97v\xc5\x12\xb8\x95\x9d2\xf5\x3b\x10\xff\xc0\xac:\x82</data></write>
    <write><data>\x0a\x00\x0a1\x8f\x94T\xc7 \x11\x1f\x06</data></write>
    <read><length>2</length><match><data>\xd2\x04</data></match></read>
    <write><data>\x99\x08</data></write>
    <write><data>\x23\x00\x5c\xeaS\xfa \xd5Q\xca\xcf\xc419\x01r\xda\xd2z\xe7f.\x5e\xd4\xe7J\xc0\xae\x00\x95\x5d\xda\xe1\x0aS\xd3\x0c</data></write>
    <read><length>2</length><match><data>\xe1\x10</data></match></read>
    <write><data>\x0f\x22</data></write>
    <read><length>2</length><match><data>\xd2\x04</data></match></read>
    <read><length>2</length><match><data>W\x22</data></match></read>
    <write><data>v\x2c</data></write>
    <write><data>\x0d\x00\xfeV!J\xb0\x2a.\x12\x22\xbc\xb4\x94\x40</data></write>
    <read><length>2</length><match><data>\xd2\x04</data></match></read>
    <read><length>12</length><match><data>\x0a\x005\x18\x3dm:P\xcc7\x1e\xb6</data></match></read>
    <write><data>\xea\x2c</data></write>
    <write><data>\x25\x00\x7c\x97\xdc\xe1\xafF2\x95\x8c\xd9\xdc\xa5O\xad!\xfd\x2apX\x1cG\x83iH\xfb\x919\xc0\x5c\x2f\xc2e\x5c\x0e\xb5g\xec</data></write>
    <read><length>2</length><match><data>\xe1\x10</data></match></read>
    <write><data>\xea\x2c</data></write>
    <write><data>\x0a\x005\x18\x3dm:P\xcc7\x1e\xb6</data></write>
    <read><length>2</length><match><data>\xd2\x04</data></match></read>
    <write><data>G\x2d</data></write>
    <write><data>\x28\x00\xcd\xee\x906\x12\x80\x00\x3d\x13\xcfk\x1e\x22\x0d\xa4\x0a\x8d\xac\xfd\xe7Q\xaf\x8a\x3b\xa3\xd2\xd4\x40\x60\x3cdNB\xc5\xcb\x01\xf3\xef\xed\x92</data></write>
    <read><length>2</length><match><data>\xe1\x10</data></match></read>
    <write><data>\xea\x2c</data></write>
    <read><length>2</length><match><data>\xe1\x10</data></match></read>
    <write><data>G\x2d</data></write>
    <write><data>\x27\x00K\x1fIQP\x0bK\x27h\x11\xcb\xc7\x12\x27\x60\xdbn\x2fh\x0c\x91\x0c\x3c\x0c\xa2\x0b\xd4s\x7eV\x8c\xd1y\xb5\xe4\x0e\xe1\xe0\xda</data></write>
    <read><length>2</length><match><data>\xe1\x10</data></match></read>
    <write><data>\x99\x08</data></write>
    <write><data>\x27\x00C\x10z\xd3\xa9\xf6\x0f\x5eb\x09\x23\x81\xf0me6\xba\xcc\xbc\x89\xf0\xe2\x8cO\x81\xe3\x3e\x99\xe5\xaaFE\xc8\x17\xd3K\xba\xc2d</data></write>
    <read><length>2</length><match><data>\xe1\x10</data></match></read>
    <write><data>\x07\x22</data></write>
    <write><data>\x10\x00\x01\x0a\x9d\x99t\x7c\xd1\xb5\x80\x0e\xd106\x0b\x3dR</data></write>
    <write><data>\x0a\x00\xfd\x83\xee\xae\x80\x8c\x7dzj\xbd</data></write>
    <read><length>2</length><match><data>\xd2\x04</data></match></read>
    <write><data>G\x2d</data></write>
    <write><data>\x10\x00\x97v\xc5\x12\xb8\x95\x9d2\xf5\x3b\x10\xff\xc0\xac:\x82</data></write>
    <read><length>2</length><match><data>\xd2\x04</data></match></read>
    <write><data>\xea\x2c</data></write>
    <write><data>\x22\x00\x7f5\xb3\x9c\x1d\x23\x0ckp\x0bC\x27\x0c\x2f\x0d\xac\xe4V\xfd\x98\x98\xad\xd1\x1bD\x8a\xbf\x1fm\x1d\x40\xfec\xa8</data></write>
    <read><length>2</length><match><data>\xe1\x10</data></match></read>
    <write><data>\xb1V</data></write>
    <write><data>\x18\x002\x3c\xa3A\xd3\xa2\x9e\x3c\xdf\xe9\xbb\x93\xa8\x9a\xa4\xf9\xf7\xf7\xae\x3d\x81t\xfe\x0d</data></write>
    <read><length>2</length><match><data>\xd2\x04</data></match></read>
    <write><data>\x07\x22</data></write>
    <read><length>2</length><match><data>\xe1\x10</data></match></read>
    <write><data>G\x2d</data></write>
    <write><data>\x22\x00\x9e\xba\x7d\x84l\x89\xda\x04\xb2\x1cH\xdf\xa5\xd0\x969JDX\xb0\xed\x07k\xa0\x15T\xe1g\xee\x8f\xbb\x98\xb8\x0b</data></write>
    <read><length>2</length><match><data>\xe1\x10</data></match></read>
    <write><data>\x99\x08</data></write>
    <write><data>\x18\x002\x3c\xa3A\xd3\xa2\x9e\x3c\xdf\xe9\xbb\x93\xa8\x9a\xa4\xf9\xf7\xf7\xae\x3d\x81t\xfe\x0d</data></write>
    <read><length>2</length><match><data>\xd2\x04</data></match></read>
    <write><data>\x07\x22</data></write>
    <read><length>2</length><match><data>\xe1\x10</data></match></read>
    <write><data>\xea\x2c</data></write>
    <write><data>\x0a\x00\xfd\x83\xee\xae\x80\x8c\x7dzj\xbd</data></write>
    <read><length>2</length><match><data>\xd2\x04</data></match></read>
    <write><data>\xea\x2c</data></write>
    <read><length>2</length><match><data>\xe1\x10</data></match></read>
    <write><data>\xea\x2c</data></write>
    <read><length>2</length><match><data>\xe1\x10</data></match></read>
    <write><data>\x07\x22</data></write>
    <write><data>\x16\x00\x24W\x5b\x00\x5b\x1f\xf9\xf7\x8a\xd7i\xa5Vy3\xca\x9f\x18\x27Z:.</data></write>
    <write><data>\x0a\x00\x2aJT\x98\x8f\x8b\xd9w\xb8\xc2</data></write>
    <read><length>2</length><match><data>\xd2\x04</data></match></read>
    <write><data>\x07\x22</data></write>
    <read><length>2</length><match><data>\xe1\x10</data></match></read>
    <write><data>\xea\x2c</data></write>
    <write><data>\x0a\x00\x2aJT\x98\x8f\x8b\xd9w\xb8\xc2</data></write>
    <read><length>2</length><match><data>\xd2\x04</data></match></read>
    <write><data>\x0f\x22</data></write>
    <read><length>2</length><match><data>\xe1\x10</data></match></read>
    <write><data>G\x2d</data></write>
    <write><data>\x25\x00\xc3\xf5\x5f\x17r2\x9d\xef\xbf\xa2\xbc\x7d\x82H\xaf\x16\x08\x5b\xf3\xe8\x3c\xd4ee\xd7S\xe1\xc9\x1eE\x28\x9c\xa7\xf3cw\xed</data></write>
    <read><length>2</length><match><data>\xe1\x10</data></match></read>
    <write><data>\x99\x08</data></write>
    <write><data>!\x00\x92\xd6\x5f\xf1u\xc0\xd4\x28\xff\x06\xfb\xed\xe1\x5f\xe6!O\xe2\x40h\x2b\x00\xae\xcf\xb7\x3e\x8f\xea\xc8\xf38\x02\xa6</data></write>
    <read><length>2</length><match><data>\xe1\x10</data></match></read>
    <write><data>\x0f\x22</data></write>
    <read><length>2</length><match><data>\xe1\x10</data></match></read>
    <write><data>\xea\x2c</data></write>
    <read><length>2</length><match><data>\xe1\x10</data></match></read>
    <write><data>G\x2d</data></write>
    <write><data>\x26\x00\xe1\x7b9p \x1e\x07H\xd7\x104\x0eI\x15\x16\x1e1\xea\xd2\xd4\xc3\x06\x0ff\x0e\x2a\xd9\xc3pj\xce\x91\x0d\xf8 \x15\xe6\xe2</data></write>
    <read><length>2</length><match><data>\xe1\x10</data></match></read>
    <write><data>v\x2c</data></write>
    <write><data>\x1a\x00\x03p\x05\xd2\x86\xab\x29\x85\x7d\xf7\x24\x06\x2bF\xb82\x06\xfdH\xe2w\x0b\x91Z\xd4\xad</data></write>
    <read><length>2</length><match><data>\xd2\x04</data></match></read>
    <read><length>12</length><match><data>\x0a\x00\xfb\xa7\x9d\x9am\x98\xae\xb5\x5f\xfd</data></match></read>
    <write><data>\xea\x2c</data></write>
    <write><data>\x0a\x00\xfb\xa7\x9d\x9am\x98\xae\xb5\x5f\xfd</data></write>
    <read><length>2</length><match><data>\xd2\x04</data></match></read>
    <write><data>\xb1V</data></write>
    <read><length>2</length><match><data>\xe1\x10</data></match></read>
    <write><data>\xb1V</data></write>
    <read><length>2</length><match><data>\xe1\x10</data></match></read>
    <write><data>\x99\x08</data></write>
    <write><data>!\x00E\x2b?\x85!\xf04\xd5\x0d\xd94\xa7\x3e\x2d\x7bY\x08\x3c8\x07\xcc\x94\xc0\x5cqv\x13\x81\xb9\xe3\xae\xe2\xc3</data></write>
    <read><length>2</length><match><data>\xe1\x10</data></match></read>
    <write><data>\xb1V</data></write>
    <read><length>2</length><match><data>\xe1\x10</data></match></read>
    <write><data>\x99\x08</data></write>
    <write><data>\x24\x00WE\xf6\x17\xe8\x95\xde\x9aZ\xa8\x9d:V\x5e\x85\x09\xe7\xe1R\x1eVhU\xc1\xa9\xf7\x5cu\xca4\x09\x0bG\xe3\x3de</data></write>
    <read><length>2</length><match><data>\xe1\x10</data></match></read>
    <write><data>\xea\x2c</data></write>
    <read><length>2</length><match><data>\xe1\x10</data></match></read>
    <write><data>v\x2c</data></write>
    <write><data>\x06\x00\xb5\xf4IKOY</data></write>
    <read><length>2</length><match><data>\xd2\x04</data></match></read>
    <read><length>12</length><match><data>\x0a\x00\xba\xf7\xa7c\x9d\x28jH\x81\xa0</data></match></read>
    <write><data>\x99\x08</data></write>
    <write><data>!\x00Wl\xa3\x87\xf6\x84w\x10j\xd8Z\x10\xcd\xb684\xbe\x12\x96\xb3y\x9f\xcf\xbc\x03\x07\x5b\xfd\x10\x85\x8f\xa0O</data></write>
    <read><length>2</length><match><data>\xe1\x10</data></match></read>
    <write><data>G\x2d</data></write>
    <write><data>\x06\x00\xb5\xf4IKOY</data></write>
    <read><length>2</length><match><data>\xd2\x04</data></match></read>
    <write><data>\x99\x08</data></write>
    <write><data>!\x00\xab\x8f2\xf0\xd5b\x5b\x93\xeefaq\xd8\x7c\xf1r\xce\x2d4\x1f\x80\x04\xfe\x82\x1b\x12\x8d\xfa\xa8\xc0\xcc\x8e\xad</data></write>
    <read><length>2</length><match><data>\xe1\x10</data></match></read>
    <write><data>v\x2c</data></write>
    <read><length>2</length><match><data>\xe1\x10</data></match></read>
    <write><data>\x0f\x22</data></write>
    <read><length>2</length><match><data>\xd2\x04</data></match></read>
    <read><length>2</length><match><data>W\x22</data></match></read>
    <write><data>\xb1V</data></write>
    <read><length>2</length><match><data>\xe1\x10</data></match></read>
    <write><data>v\x2c</data></write>
    <write><data>\x0f\x00N\x078PEM\xd2\x8d\x972\x23O\xd7gK</data></write>
    <read><length>2</length><match><data>\xd2\x04</data></match></read>
    <read><length>12</length><match><data>\x0a\x00\x84L\x83\xf3\xd9\x9f\xbfh\xacH</data></match></read>
    <write><data>\xea\x2c</data></write>
    <write><data>\x0a\x00\x84L\x83\xf3\xd9\x9f\xbfh\xacH</data></write>
    <read><length>2</length><match><data>\xd2\x04</data></match></read>
    <write><data>\xea\x2c</data></write>
    <read><length>2</length><match><data>\xe1\x10</data></match></read>
    <write><data>\xb1V</data></write>
    <read><length>2</length><match><data>\xe1\x10</data></match></read>
    <write><data>\x99\x08</data></write>
    <write><data>\x24\x00M\xfaJ\xa9\x3e\x9d\x7f\xa9w\x06\xa83V\xba\xcd\x93\x2f2k\x9c\xfb\x9a\x3e\x15\xa2 t\xfe\x1a\xec\x3c\xdfH\x00V\xbd</data></write>
    <read><length>2</length><match><data>\xe1\x10</data></match></read>
    <write><data>v\x2c</data></write>
    <write><data>\x12\x00\xc2\xd2a\xb67\x26\x9d\x13\x3d\xb3\xe0\x845\x25x\xb58W</data></write>
    <read><length>2</length><match><data>\xd2\x04</data></match></read>
    <read><length>12</length><match><data>\x0a\x00\x22\xb1\xb3M\xdf\xc4ddy\x8b</data></match></read>
    <write><data>\x07\x22</data></write>
    <read><length>2</length><match><data>\xe1\x10</data></match></read>
    <write><data>\x0f\x22</data></write>
    <read><length>2</length><match><data>\xd2\x04</data></match></read>
    <read><length>2</length><match><data>W\x22</data></match></read>
    <write><data>G\x2d</data></write>
    <write><data>\x10\x00\x97v\xc5\x12\xb8\x95\x9d2\xf5\x3b\x10\xff\xc0\xac:\x82</data></write>
    <read><length>2</length><match><data>\xd2\x04</data></match></read>
    <write><data>\xea\x2c</data></write>
    <read><length>2</length><match><data>\xe1\x10</data></match></read>
    <write><data>\xea\x2c</data></write>
    <read><length>2</length><match><data>\xe1\x10</data></match></read>
    <write><data>\x07\x22</data></write>
    <write><data>\x06\x00\xb5\xf4IKOY</data></write>
    <write><data>\x0a\x00\xba\xf7\xa7c\x9d\x28jH\x81\xa0</data></write>
    <read><length>2</length><match><data>\xd2\x04</data></match></read>
    <write><data>\x99\x08</data></write>
    <write><data>\x23\x00\xe8e\x93f3\xab\x97\x90\x1e\x89\xc5\xc2\xcf\xac\xd4\x95\x3e\x90G\x2ca\x016\xcbkf\x98\xe9\xa2\xb6\x5dX\xdc\xc1\xf7</data></write>
    <read><length>2</length><match><data>\xe1\x10</data></match></read>
    <write><data>\xb1V</data></write>
    <write><data>\x1b\x00\x83\x1b\xb3H\x9cc\xb7\xff\xbd\xd3\xef\x9a\xdd\x8cnB\x04B\xfbYI\x87\x3b\x06\x02SH</data></write>
    <read><length>2</length><match><data>\xd2\x04</data></match></read>
    <write><data>G\x2d</data></write>
    <write><data>\x10\x00\x97v\xc5\x12\xb8\x95\x9d2\xf5\x3b\x10\xff\xc0\xac:\x82</data></write>
    <read><length>2</length><match><data>\xd2\x04</data></match></read>
    <write><data>\xb1V</data></write>
    <write><data>\x17\x00\x87\xe5\x9b\x2f\x05\x8f\x19\x7f\x24t\xc9ig\xdeh\xa6\xdf\x3e\x28L\x9dJ7</data></write>
    <read><length>2</length><match><data>\xd2\x04</data></match></read>
    <write><data>v\x2c</data></write>
    <read><length>2</length><match><data>\xe1\x10</data></match></read>
    <write><data>v\x2c</data></write>
    <read><length>2</length><match><data>\xe1\x10</data></match></read>
    <write><data>\x07\x22</data></write>
    <read><length>2</length><match><data>\xe1\x10</data></match></read>
    <write><data>G\x2d</data></write>
    <write><data>\x28\x00\xb0\x98\x84\x06\x86nD\x1f\x11\xa1\xaaf\xc7C\xa1\x17\xb3\xc5\xca\x3c\xc9\x0d\xde\x2b\xf3\x2c\x19\xda\xf0\xd2t\x0e \x24\x9c\xf2\xb9\xd96\xf4</data></write>
    <read><length>2</length><match><data>\xe1\x10</data></match></read>
    <write><data>v\x2c</data></write>
    <read><length>2</length><match><data>\xe1\x10</data></match></read>
    <write><data>\xea\x2c</data></write>
    <write><data>\x0a\x00\xba\xf7\xa7c\x9d\x28jH\x81\xa0</data></write>
    <read><length>2</length><match><data>\xd2\x04</data></match></read>
    <write><data>\x0f\x22</data></write>
    <read><length>2</length><match><data>\xe1\x10</data></match></read>
    <write><data>\xea\x2c</data></write>
    <read><length>2</length><match><data>\xe1\x10</data></match></read>
    <write><data>\xb1V</data></write>
    <read><length>2</length><match><data>\xe1\x10</data></match></read>
    <write><data>\x07\x22</data></write>
    <write><data>\x10\x00\x97v\xc5\x12\xb8\x95\x9d2\xf5\x3b\x10\xff\xc0\xac:\x82</data></write>
    <write><data>\x0a\x00\x0a1\x8f\x94T\xc7 \x11\x1f\x06</data></write>
    <read><length>2</length><match><data>\xd2\x04</data></match></read>
    <write><data>v\x2c</data></write>
    <read><length>2</length><match><data>\xe1\x10</data></match></read>
    <write><data>\x99\x08</data></write>
    <write><data>!\x00\xba6\xb7\x5d\xc8\xfc\x97\x97\xb0\x08\x11A\xa6\xd6 \x99\x8c\xf1\x1f\x2f\x13\xc8\x3b\x94\xad\xa3\x80\xcd\xc1\xb2\x28\x7d\xfa</data></write>
    <read><length>2</length><match><data>\xe1\x10</data></match></read>
    <write><data>v\x2c</data></write>
    <read><length>2</length><match><data>\xe1\x10</data></match></read>
    <write><data>\xb1V</data></write>
    <write><data>\x16\x00\x1aC\xcdh\xb7\x2f\xcfX\x279\xf1\xee7\xde\xc9\x09\xae\xb1\xc7\x7cR\x7f</data></write>
    <read><length>2</length><match><data>\xd2\x04</data></match></read>
    <write><data>\xb1V</data></write>
    <write><data>\x16\x00\x1aC\xcdh\xb7\x2f\xcfX\x279\xf1\xee7\xde\xc9\x09\xae\xb1\xc7\x7cR\x7f</data></write>
    <read><length>2</length><match><data>\xe1\x10</data></match></read>
    <write><data>\xea\x2c</data></write>
    <write><data>\x0a\x00\x0a1\x8f\x94T\xc7 \x11\x1f\x06</data></write>
    <read><length>2</length><match><data>\xd2\x04</data></match></read>
    <write><data>\xea\x2c</data></write>
    <read><length>2</length><match><data>\xe1\x10</data></match></read>
    <write><data>\xea\x2c</data></write>
    <read><length>2</length><match><data>\xe1\x10</data></match></read>
    <write><data>\x07\x22</data></write>
    <write><data>\x12\x00\xc2\xd2a\xb67\x26\x9d\x13\x3d\xb3\xe0\x845\x25x\xb58W</data></write>
    <write><data>\x0a\x00\x22\xb1\xb3M\xdf\xc4ddy\x8b</data></write>
    <read><length>2</length><match><data>\xd2\x04</data></match></read>
    <write><data>\xb1V</data></write>
    <write><data>\x11\x00\x82\x80g\x81\xc3a\x99J\xc3\x28\xaa\xf9FDA\x2d\x8e</data></write>
    <read><length>2</length><match><data>\xd2\x04</data></match></read>
    <write><data>\x99\x08</data></write>
    <write><data>\x27\x00\xdf\x08\x81\x60\x83\xdc\x8d\x0b\x80\x82\x1bP\x06\x95K\xe3\x98\x87 \xc7\xc3\xb1\xe0\xc8\x2b\x01\xb6C\xbb\x8dY\xfd\xcb\xce\x8c\x03\xdaJ\xed</data></write>
    <read><length>2</length><match><data>\xe1\x10</data></match></read>
    <write><data>G\x2d</data></write>
    <write><data>\x12\x00\xc2\xd2a\xb67\x26\x9d\x13\x3d\xb3\xe0\x845\x25x\xb58W</data></write>
    <read><length>2</length><match><data>\xd2\x04</data></match></read>
    <write><data>G\x2d</data></write>
    <write><data>\x28\x00\x2f\x86\xaa\xae\xe7\xd1\xc2\xac\x94\xf7\xdei\xdd\xc6p\xac\x1c\xaf!\x8a\xdc\xb1\x07\xb662o\x16B\x02\x85\xee\xb3\xcf\xc4\xaa\x29\xc4\xed\xc2</data></write>
    <read><length>2</length><match><data>\xe1\x10</data></match></read>
    <write><data>\x99\x08</data></write>
    <write><data>\x11\x00\x82\x80g\x81\xc3a\x99J\xc3\x28\xaa\xf9FDA\x2d\x8e</data></write>
    <read><length>2</length><match><data>\xd2\x04</data></match></read>
    <write><data>v\x2c</data></write>
    <read><length>2</length><match><data>\xe1\x10</data></match></read>
    <write><data>G\x2d</data></write>
    <write><data>\x12\x00\xc2\xd2a\xb67\x26\x9d\x13\x3d\xb3\xe0\x845\x25x\xb58W</data></write>
    <read><length>2</length><match><data>\xd2\x04</data></match></read>
    <write><data>\xea\x2c</data></write>
    <write><data>!\x00u\xef8s\xcc\xce\xcem\x1a\xc6\xa63\xa5\xa2\x82\xab\xa0\x5e\x9f\x07\xce\xd4\x07\x1a:\xf1\x0b\x15\xcd\xce\xf5\x08X</data></write>
    <read><length>2</length><match><data>\xe1\x10</data></match></read>
    <write><data>\x0f\x22</data></write>
    <read><length>2</length><match><data>\xd2\x04</data></match></read>
    <read><length>2</length><match><data>W\x22</data></match></read>
    <write><data>G\x2d</data></write>
    <write><data>\x25\x00\xf2\xdb\x13\xb6\xc5\x9a\x40\xc4o\x7e\x5d\xfa\x9c\xe6\xc6\x9c\xdaZ\xca\xbb\xda\x28h\x27\x141\x98\x18\xf8c\x02\x60\xaeC\xd1\xcb\xe7</data></write>
    <read><length>2</length><match><data>\xe1\x10</data></match></read>
    <write><data>\xb1V</data></write>
    <read><length>2</length><match><data>\xe1\x10</data></match></read>
    <write><data>\xb1V</data></write>
    <read><length>2</length><match><data>\xe1\x10</data></match></read>
    <write><data>\x0f\x22</data></write>
    <read><length>2</length><match><data>\xe1\x10</data></match></read>
    <write><data>\x99\x08</data></write>
    <write><data>\x11\x00\x82\x80g\x81\xc3a\x99J\xc3\x28\xaa\xf9FDA\x2d\x8e</data></write>
    <read><length>2</length><match><data>\xd2\x04</data></match></read>
    <write><data>G\x2d</data></write>
    <write><data>\x22\x00c\x8a\xbfC\x8c\xe8\x60q\xe7N\x93g\xe1K\xaa\xdc\x93\xec\x26\xa7\x01Zs\xb6oj\x02A\xc6\xfb\x91Q\x80F</data></write>
    <read><length>2</length><match><data>\xe1\x10</data></match></read>
    <write><data>\xb1V</data></write>
    <read><length>2</length><match><data>\xe1\x10</data></match></read>
    <write><data>\xb1V</data></write>
    <read><length>2</length><match><data>\xe1\x10</data></match></read>
    <write><data>\xea\x2c</data></write>
    <read><length>2</length><match><data>\xe1\x10</data></match></read>
    <write><data>\xb1V</data></write>
    <read><length>2</length><match><data>\xe1\x10</data></match></read>
    <write><data>\xea\x2c</data></write>
    <read><length>2</length><match><data>\xe1\x10</data></match></read>
    <write><data>\x99\x08</data></write>
    <write><data>\x11\x00\x82\x80g\x81\xc3a\x99J\xc3\x28\xaa\xf9FDA\x2d\x8e</data></write>
    <read><length>2</length><match><data>\xd2\x04</data></match></read>
    <write><data>\x07\x22</data></write>
    <write><data>\x12\x00\xc2\xd2a\xb67\x26\x9d\x13\x3d\xb3\xe0\x845\x25x\xb58W</data></write>
    <write><data>\x0a\x00\x22\xb1\xb3M\xdf\xc4ddy\x8b</data></write>
    <read><length>2</length><match><data>\xd2\x04</data></match></read>
    <write><data>\x0f\x22</data></write>
    <read><length>2</length><match><data>\xd2\x04</data></match></read>
    <read><length>2</length><match><data>W\x22</data></match></read>
    <write><data>\x07\x22</data></write>
    <write><data>\x12\x00\xc2\xd2a\xb67\x26\x9d\x13\x3d\xb3\xe0\x845\x25x\xb58W</data></write>
    <write><data>\x0a\x00\x22\xb1\xb3M\xdf\xc4ddy\x8b</data></write>
    <read><length>2</length><match><data>\xd2\x04</data></match></read>
    <write><data>\xea\x2c</data></write>
    <write><data>\x0a\x00\x22\xb1\xb3M\xdf\xc4ddy\x8b</data></write>
    <read><length>2</length><match><data>\xd2\x04</data></match></read>
    <write><data>\x07\x22</data></write>
    <write><data>\x27\x00\xed\x5e\xdf1\x85\xa5\xb2\xe6\x9d\x84\xc1\xf4\xa3\x9f\xa5s\xd4\x02\x09m\xb4\xc7\xd8\x2a\xe5\xe4\xca\xf2\xd9e\x92p\xc5LC\xaeM\xe6e</data></write>
    <write><data>\x26\x00B\x91\x8c\xc8k\xe42\x0eD\x1b\x7cw\x93\xf4\xe1Cg\xf6XU\xeb\x9b\x0cr\xf8!\x8b\x18\xf6\x16J\xca:\x00\x60\x28\x2b\x60</data></write>
    <read><length>2</length><match><data>\xe1\x10</data></match></read>
    <write><data>\x07\x22</data></write>
    <write><data>\x26\x00\xe1\x97Q\xdaiU\xa2\x08\xc7\xe4\xd7\x86\x15\x7bk\xfcI\xb0\x88\xdb\x24\x2b\xd2\x0c\x07\xa8\xbb\x9b\xdf\x166V7\xe3\xf0\x8b\xef\x26</data></write>
    <write><data>\x28\x00\xc1\xa3t\xa0\xa0\x0c\x7d\xff:\xfe9\xbf\xfd\x5c\xc8\x1f\x94\x08n\xb2\xaa\x06\x98\x8c\xff\xae\x91\xac\xe8C\xebS\xcf\x80\x84g\xc8\xb1\xc2\xdc</data></write>
    <read><length>2</length><match><data>\xe1\x10</data></match></read>
    <write><data>G\x2d</data></write>
    <write><data>\x25\x00\xf5\xff\x2cF\xc9\x3d\xe5\xce\x01\xaa\xbd\x2d\x9e\xcf\xc7L\xca\x0bo\x9f\xae\xc2\x19\xa5\xa6\xf6n\xa5\x11\x16q\xd0\x03\x1dG3C</data></write>
    <read><length>2</length><match><data>\xe1\x10</data></match></read>
    <write><data>v\x2c</data></write>
    <write><data>\x16\x00\xdc\x03F\xedf\xb7\x838\x17\x27X\xda\x85\xe6b\xfa\xaa\xfe\xf1w\x8d\xd3</data></write>
    <read><length>2</length><match><data>\xd2\x04</data></match></read>
    <read><length>12</length><match><data>\x0a\x00\xe4\xe2\x25Exc\x5b\xf4\x17\xeb</data></match></read>
    <write><data>\x99\x08</data></write>
    <write><data>\x27\x00\xc4\x13\xd7\x0c\x2bs\x25X\x92\x24\xaa\x60\xc9\xdbnq\xb4s\x82\xe6\xe4\xfb\x0c\x2d\x60y\x82\x5b\xde\xc5o\xe1\x96i\x29Y\x8f\x8d\xca</data></write>
    <read><length>2</length><match><data>\xe1\x10</data></match></read>
    <write><data>\xea\x2c</data></write>
    <write><data>\x26\x00K\x10f\xe7\x1c\x3d\x9c\xfc\x26\xff\xd6\x97U\xd9\xd6\x29M\x0c\xa1\x0f\x8d\xc3\xc6OO\xd4\xa1\x11q\xed\xdehyl\xf1\xee\x1c\xc7</data></write>
    <read><length>2</length><match><data>\xe1\x10</data></match></read>
    <write><data>v\x2c</data></write>
    <read><length>2</length><match><data>\xe1\x10</data></match></read>
    <write><data>v\x2c</data></write>
    <read><length>2</length><match><data>\xe1\x10</data></match></read>
    <write><data>G\x2d</data></write>
    <write><data>\x24\x00\xdd\x0ct\x3eBj\x12\xbf\xc2c\x00\x18\x40s\x15U\x8fuMe\x90\xbd8\x2a\xbf\x16\x3c\xf1\xcf5z\x5f\xfd\xe4c\xe9</data></write>
    <read><length>2</length><match><data>\xe1\x10</data></match></read>
    <write><data>\x0f\x22</data></write>
    <read><length>2</length><match><data>\xd2\x04</data></match></read>
    <read><length>2</length><match><data>W\x22</data></match></read>
    <write><data>\xb1V</data></write>
    <read><length>2</length><match><data>\xe1\x10</data></match></read>
    <write><data>G\x2d</data></write>
    <write><data>\x16\x00\xdc\x03F\xedf\xb7\x838\x17\x27X\xda\x85\xe6b\xfa\xaa\xfe\xf1w\x8d\xd3</data></write>
    <read><length>2</length><match><data>\xd2\x04</data></match></read>
    <write><data>\x07\x22</data></write>
    <write><data>\x16\x00\xdc\x03F\xedf\xb7\x838\x17\x27X\xda\x85\xe6b\xfa\xaa\xfe\xf1w\x8d\xd3</data></write>
    <write><data>\x0a\x00\xe4\xe2\x25Exc\x5b\xf4\x17\xeb</data></write>
    <read><length>2</length><match><data>\xd2\x04</data></match></read>
    <write><data>v\x2c</data></write>
    <read><length>2</length><match><data>\xe1\x10</data></match></read>
    <write><data>G\x2d</data></write>
    <write><data>\x16\x00\xdc\x03F\xedf\xb7\x838\x17\x27X\xda\x85\xe6b\xfa\xaa\xfe\xf1w\x8d\xd3</data></write>
    <read><length>2</length><match><data>\xd2\x04</data></match></read>
    <write><data>G\x2d</data></write>
    <write><data>\x16\x00\xdc\x03F\xedf\xb7\x838\x17\x27X\xda\x85\xe6b\xfa\xaa\xfe\xf1w\x8d\xd3</data></write>
    <read><length>2</length><match><data>\xd2\x04</data></match></read>
    <write><data>\xb1V</data></write>
    <write><data>\x08\x00\xec\xee\xdf\x04.\x01\xae\xad</data></write>
    <read><length>2</length><match><data>\xd2\x04</data></match></read>
    <write><data>\x0f\x22</data></write>
    <read><length>2</length><match><data>\xd2\x04</data></match></read>
    <read><length>2</length><match><data>W\x22</data></match></read>
    <write><data>v\x2c</data></write>
    <write><data>\x09\x00\xff\x0a\xb4\xc6\xc2L\x88\xff\xe4</data></write>
    <read><length>2</length><match><data>\xd2\x04</data></match></read>
    <read><length>12</length><match><data>\x0a\x00\xe2\x87\xa9R\x19\xab\x27\x9a\x92\xfa</data></match></read>
    <write><data>\x07\x22</data></write>
    <read><length>2</length><match><data>\xe1\x10</data></match></read>
    <write><data>\xea\x2c</data></write>
    <write><data>\x28\x00\x9e\xdc\xb7\x8cUn\xd6L\xc5\xa8\xefJ\x25\x5c\x91\xa9\xae\x7e\x96\xbcA\x8662\xad\xc8\xb2\x11\xf2\x8b\xa6 \xd5\x98\x03\xec\x2d\x8a\xbaj</data></write>
    <read><length>2</length><match><data>\xe1\x10</data></match></read>
    <write><data>\x0f\x22</data></write>
    <read><length>2</length><match><data>\xd2\x04</data></match></read>
    <read><length>2</length><match><data>W\x22</data></match></read>
    <write><data>v\x2c</data></write>
    <write><data>\x12\x00TL\x24Hx\x9e\xc2w\xe5\x04\x1d\xaf\xaf\xbe\x8d2f\x9c</data></write>
    <read><length>2</length><match><data>\xd2\x04</data></match></read>
    <read><length>12</length><match><data>\x0a\x00C\x8ey\xdd\x9d\x27\x26\xd5\x22\xc8</data></match></read>
    <write><data>v\x2c</data></write>
    <read><length>2</length><match><data>\xe1\x10</data></match></read>
    <write><data>\x0f\x22</data></write>
    <read><length>2</length><match><data>\xd2\x04</data></match></read>
    <read><length>2</length><match><data>W\x22</data></match></read>
    <write><data>\x07\x22</data></write>
    <write><data>\x12\x00TL\x24Hx\x9e\xc2w\xe5\x04\x1d\xaf\xaf\xbe\x8d2f\x9c</data></write>
    <write><data>\x0a\x00C\x8ey\xdd\x9d\x27\x26\xd5\x22\xc8</data></write>
    <read><length>2</length><match><data>\xd2\x04</data></match></read>
    <write><data>\xb1V</data></write>
    <write><data>\x0a\x00\xe4m\x19y\x05A\x24\xa9\xa6\xc1</data></write>
    <read><length>2</length><match><data>\xd2\x04</data></match></read>
    <write><data>\xb1V</data></write>
    <write><data>\x17\x00Sy\x3c\x2d\xbb\xbex\xcb\xca\xf4\xdc\xc5\x80\xa7\xe0U\xbd\x177\xc3\x7c\xb9m</data></write>
    <read><length>2</length><match><data>\xd2\x04</data></match></read>
    <write><data>\x99\x08</data></write>
    <write><data>\x27\x00\xbcG\x23\x3eT\x5c\x1fv\xde\xc0\x08\x09\xe5\x06\x98J\x0da\x40\xa4\xfb\xf8\xcf\x19\xe2\xfd\xaa\x91\x1co\x94\xbft\x05\x88C\xe1\x83\xa8</data></write>
    <read><length>2</length><match><data>\xe1\x10</data></match></read>
    <write><data>v\x2c</data></write>
    <read><length>2</length><match><data>\xe1\x10</data></match></read>
    <write><data>\x0f\x22</data></write>
    <read><length>2</length><match><data>\xd2\x04</data></match></read>
    <read><length>2</length><match><data>W\x22</data></match></read>
    <write><data>\xb1V</data></write>
    <read><length>2</length><match><data>\xe1\x10</data></match></read>
    <write><data>v\x2c</data></write>
    <write><data>\x06\x00N\x25\xf9\x7c\xfc\x9b</data></write>
    <read><length>2</length><match><data>\xd2\x04</data></match></read>
    <read><length>12</length><match><data>\x0a\x0060p\xaa\x5b\x1a\xc0d\x3e\x9b</data></match></read>
    <write><data>\xb1V</data></write>
    <write><data>\x04\x00g\xa6\xa4\x7d</data></write>
    <read><length>2</length><match><data>\xd2\x04</data></match></read>
    <write><data>\xea\x2c</data></write>
    <write><data>\x0a\x0060p\xaa\x5b\x1a\xc0d\x3e\x9b</data></write>
    <read><length>2</length><match><data>\xd2\x04</data></match></read>
    <write><data>v\x2c</data></write>
    <write><data>\x0c\x00\x9a\x94r\x94\x28\xb0B\x96l\x9a\x23\xcc</data></write>
    <read><length>2</length><match><data>\xd2\x04</data></match></read>
    <read><length>12</length><match><data>\x0a\x00\x16\xe8HR\xd7\x05\x93B\x7f\x1b</data></match></read>
    <write><data>\xea\x2c</data></write>
    <write><data>\x0a\x00\x16\xe8HR\xd7\x05\x93B\x7f\x1b</data></write>
    <read><length>2</length><match><data>\xd2\x04</data></match></read>
    <write><data>G\x2d</data></write>
    <write><data>\x16\x00\xdc\x03F\xedf\xb7\x838\x17\x27X\xda\x85\xe6b\xfa\xaa\xfe\xf1w\x8d\xd3</data></write>
    <read><length>2</length><match><data>\xd2\x04</data></match></read>
    <write><data>G\x2d</data></write>
    <write><data>\x24\x00\xf1\x29\xe8T\xef\xdc\xe1\xca\x99\x86\x8d\x60\x7e\x19\xed\x04E\x85WH\x90M\x16\x12\x06\xf5\xe8\x40u\x0f\x00\xa2\x89\xa8\x9c\xe6</data></write>
    <read><length>2</length><match><data>\xe1\x10</data></match></read>
    <write><data>\x99\x08</data></write>
    <write><data>\x24\x00\xe9n\x5f\xb4o\x9f\xe6\x7c\x83\xd3\x1e\xb9\xf2\xf0\x17\x0cB\x17\x23\x9f\x95\xe7\x2a\xc4\xae\x1d\xc4\x7e\xae\x40\xab\xf9\xc3\x26\xe62</data></write>
    <read><length>2</length><match><data>\xe1\x10</data></match></read>
    <write><data>\xb1V</data></write>
    <read><length>2</length><match><data>\xe1\x10</data></match></read>
    <write><data>\x07\x22</data></write>
    <write><data>\x09\x00\xff\x0a\xb4\xc6\xc2L\x88\xff\xe4</data></write>
    <write><data>\x0a\x00\xe2\x87\xa9R\x19\xab\x27\x9a\x92\xfa</data></write>
    <read><length>2</length><match><data>\xd2\x04</data></match></read>
    <write><data>G\x2d</data></write>
    <write><data>\x22\x00\xc4g\xeai\x3d\x06\x9c\xe3hF\x13\x2bd\xb4N\x05\xa4\xf2\x9a\x02\xd1\x3c\x87\xfb\x1e\x99hs\x9d\x92\x2a\x5c\x13\xdf</data></write>
    <read><length>2</length><match><data>\xe1\x10</data></match></read>
    <write><data>\x07\x22</data></write>
    <read><length>2</length><match><data>\xe1\x10</data></match></read>
    <write><data>v\x2c</data></write>
    <read><length>2</length><match><data>\xe1\x10</data></match></read>
    <write><data>\x99\x08</data></write>
    <write><data>\x08\x00\xec\xee\xdf\x04.\x01\xae\xad</data></write>
    <read><length>2</length><match><data>\xd2\x04</data></match></read>
    <write><data>\xea\x2c</data></write>
    <write><data>\x22\x00F25Vt\x8b\xa7S\xc4\xb3\x8e\xe9\xa09\x82Q\xd9\xf8Z\xcb\x0cM\xb2\xb4\xf4q3\x0c\xef\xf4wt\x01U</data></write>
    <read><length>2</length><match><data>\xe1\x10</data></match></read>
    <write><data>\x99\x08</data></write>
    <write><data>\x24\x00\x0c\x94G\x88\x92\x3d\x90\x40\x85P:\x8fT\xb9\x01O\x81\xde\x07\x8de\xca\x8d\x15\x04\xf0\x7cC\xd2\x0c\xa9v\x87i\xc8\x3c</data></write>
    <read><length>2</length><match><data>\xe1\x10</data></match></read>
    <write><data>\xea\x2c</data></write>
    <write><data>\x0a\x00\xe2\x87\xa9R\x19\xab\x27\x9a\x92\xfa</data></write>
    <read><length>2</length><match><data>\xd2\x04</data></match></read>
    <write><data>\xea\x2c</data></write>
    <read><length>2</length><match><data>\xe1\x10</data></match></read>
    <write><data>v\x2c</data></write>
    <write><data>\x19\x00\x06\xfd\x1d\xb9\xeb2\x01\x0d\xd5\xe1\x29o\x8eT\x0b\xd0\x8e\xd6\x7bH\x8e\x9c\xb1\x7c\xf3</data></write>
    <read><length>2</length><match><data>\xd2\x04</data></match></read>
    <read><length>12</length><match><data>\x0a\x00\xed\x9a\xca\x40X5EC\xdc\xe7</data></match></read>
    <write><data>v\x2c</data></write>
    <read><length>2</length><match><data>\xe1\x10</data></match></read>
    <write><data>\x07\x22</data></write>
    <read><length>2</length><match><data>\xe1\x10</data></match></read>
    <write><data>\xea\x2c</data></write>
    <write><data>\x0a\x00\xed\x9a\xca\x40X5EC\xdc\xe7</data></write>
    <read><length>2</length><match><data>\xd2\x04</data></match></read>
    <write><data>\x0f\x22</data></write>
    <read><length>2</length><match><data>\xe1\x10</data></match></read>
    <write><data>\x07\x22</data></write>
    <write><data>\x16\x00\xdc\x03F\xedf\xb7\x838\x17\x27X\xda\x85\xe6b\xfa\xaa\xfe\xf1w\x8d\xd3</data></write>
    <write><data>\x0a\x00\xe4\xe2\x25Exc\x5b\xf4\x17\xeb</data></write>
    <read><length>2</length><match><data>\xd2\x04</data></match></read>
    <write><data>\x99\x08</data></write>
    <write><data>\x17\x00Sy\x3c\x2d\xbb\xbex\xcb\xca\xf4\xdc\xc5\x80\xa7\xe0U\xbd\x177\xc3\x7c\xb9m</data></write>
    <read><length>2</length><match><data>\xd2\x04</data></match></read>
    <write><data>\xb1V</data></write>
    <write><data>\x08\x00\xec\xee\xdf\x04.\x01\xae\xad</data></write>
    <read><length>2</length><match><data>\xe1\x10</data></match></read>
    <write><data>\x0f\x22</data></write>
    <read><length>2</length><match><data>\xd2\x04</data></match></read>
    <read><length>2</length><match><data>W\x22</data></match></read>
    <write><data>\x0f\x22</data></write>
    <read><length>2</length><match><data>\xe1\x10</data></match></read>
    <write><data>\x0f\x22</data></write>
    <read><length>2</length><match><data>\xe1\x10</data></match></read>
    <write><data>\xea\x2c</data></write>
    <read><length>2</length><match><data>\xe1\x10</data></match></read>
    <write><data>\x07\x22</data></write>
    <write><data>\x16\x00\xdc\x03F\xedf\xb7\x838\x17\x27X\xda\x85\xe6b\xfa\xaa\xfe\xf1w\x8d\xd3</data></write>
    <write><data>\x0a\x00\xe4\xe2\x25Exc\x5b\xf4\x17\xeb</data></write>
    <read><length>2</length><match><data>\xd2\x04</data></match></read>
    <write><data>\x0f\x22</data></write>
    <read><length>2</length><match><data>\xd2\x04</data></match></read>
    <read><length>2</length><match><data>W\x22</data></match></read>
    <write><data>\xea\x2c</data></write>
    <read><length>2</length><match><data>\xe1\x10</data></match></read>
    <write><data>\x07\x22</data></write>
    <write><data>\x16\x00\xdc\x03F\xedf\xb7\x838\x17\x27X\xda\x85\xe6b\xfa\xaa\xfe\xf1w\x8d\xd3</data></write>
    <write><data>\x0a\x00\xe4\xe2\x25Exc\x5b\xf4\x17\xeb</data></write>
    <read><length>2</length><match><data>\xd2\x04</data></match></read>
    <write><data>v\x2c</data></write>
    <read><length>2</length><match><data>\xe1\x10</data></match></read>
    <write><data>\x07\x22</data></write>
    <read><length>2</length><match><data>\xe1\x10</data></match></read>
    <write><data>\x0f\x22</data></write>
    <read><length>2</length><match><data>\xd2\x04</data></match></read>
    <read><length>2</length><match><data>W\x22</data></match></read>
    <write><data>\xea\x2c</data></write>
    <read><length>2</length><match><data>\xe1\x10</data></match></read>
    <write><data>G\x2d</data></write>
    <write><data>\x16\x00\xdc\x03F\xedf\xb7\x838\x17\x27X\xda\x85\xe6b\xfa\xaa\xfe\xf1w\x8d\xd3</data></write>
    <read><length>2</length><match><data>\xd2\x04</data></match></read>
    <write><data>\x07\x22</data></write>
    <write><data>\x16\x00\xdc\x03F\xedf\xb7\x838\x17\x27X\xda\x85\xe6b\xfa\xaa\xfe\xf1w\x8d\xd3</data></write>
    <write><data>\x0a\x00\xe4\xe2\x25Exc\x5b\xf4\x17\xeb</data></write>
    <read><length>2</length><match><data>\xd2\x04</data></match></read>
    <write><data>\x07\x22</data></write>
    <read><length>2</length><match><data>\xe1\x10</data></match></read>
    <write><data>\x0f\x22</data></write>
    <read><length>2</length><match><data>\xd2\x04</data></match></read>
    <read><length>2</length><match><data>W\x22</data></match></read>
    <write><data>\x07\x22</data></write>
    <write><data>\x16\x00\xdc\x03F\xedf\xb7\x838\x17\x27X\xda\x85\xe6b\xfa\xaa\xfe\xf1w\x8d\xd3</data></write>
    <write><data>\x0a\x00\xe4\xe2\x25Exc\x5b\xf4\x17\xeb</data></write>
    <read><length>2</length><match><data>\xd2\x04</data></match></read>
    <write><data>G\x2d</data></write>
    <write><data>\x12\x00TL\x24Hx\x9e\xc2w\xe5\x04\x1d\xaf\xaf\xbe\x8d2f\x9c</data></write>
    <read><length>2</length><match><data>\xd2\x04</data></match></read>
    <write><data>\x99\x08</data></write>
    <write><data>\x0a\x00\xe4m\x19y\x05A\x24\xa9\xa6\xc1</data></write>
    <read><length>2</length><match><data>\xd2\x04</data></match></read>
    <write><data>\x0f\x22</data></write>
    <read><length>2</length><match><data>\xd2\x04</data></match></read>
    <read><length>2</length><match><data>W\x22</data></match></read>
    <write><data>G\x2d</data></write>
    <write><data>!\x00\xf2\x16\xf0\xc1Y\x91\xab\xd0\x3c\x0fF\x8d\x18\xd9\x81l\xc0N\xd2H\x93\x9a\x9a\x0c\x82\x86\xbd\xa0YtVF\xae</data></write>
    <read><length>2</length><match><data>\xe1\x10</data></match></read>
    <write><data>G\x2d</data></write>
    <write><data>\x26\x00Q\xcd\xef\xe5\xbf\xa6\xd9\x92\x0a\xb5j\xa0\xe2\xd2\xc2\x40\x97\x0e\xf5\xcc\xc83k1\xc9GY\x81\x2a\xa8\x04KP\x29\x99\xa8\x0dz</data></write>
    <read><length>2</length><match><data>\xe1\x10</data></match></read>
    <write><data>\x0f\x22</data></write>
    <read><length>2</length><match><data>\xe1\x10</data></match></read>
    <write><data>\xea\x2c</data></write>
    <read><length>2</length><match><data>\xe1\x10</data></match></read>
    <write><data>\x99\x08</data></write>
    <write><data>\x22\x00\x17\x09\x1b\x5b\x5bZ\xca\x7e\x10\xa8\xa7\xcc:\x27\x3c\xd5\x3c\x929\x9e\x17L\x09i\xf1\xd9\xb4\xac\xae\xed\x82\x3e\xf1\x5c</data></write>
    <read><length>2</length><match><data>\xe1\x10</data></match></read>
    <write><data>\xb1V</data></write>
    <read><length>2</length><match><data>\xe1\x10</data></match></read>
    <write><data>\x0f\x22</data></write>
    <read><length>2</length><match><data>\xe1\x10</data></match></read>
    <write><data>\x07\x22</data></write>
    <write><data>\x12\x00TL\x24Hx\x9e\xc2w\xe5\x04\x1d\xaf\xaf\xbe\x8d2f\x9c</data></write>
    <write><data>\x0a\x00C\x8ey\xdd\x9d\x27\x26\xd5\x22\xc8</data></write>
    <read><length>2</length><match><data>\xd2\x04</data></match></read>
    <write><data>\x99\x08</data></write>
    <write><data>\x17\x00Sy\x3c\x2d\xbb\xbex\xcb\xca\xf4\xdc\xc5\x80\xa7\xe0U\xbd\x177\xc3\x7c\xb9m</data></write>
    <read><length>2</length><match><data>\xd2\x04</data></match></read>
    <write><data>\x99\x08</data></write>
    <write><data>\x27\x00\xd0\xfa\xbc9\x0a\xf1\x10\xfc\xc2\xa26\xc7\xcf\xfdi\xaa\xcaI\x88\xa8.\x1f\xc5\xc7\xaf:B\xee\x86\x60c\x10\xe3\xd6\xf4\xb2\x26\xfe\xc4</data></write>
    <read><length>2</length><match><data>\xe1\x10</data></match></read>
    <write><data>G\x2d</data></write>
    <write><data>\x12\x00TL\x24Hx\x9e\xc2w\xe5\x04\x1d\xaf\xaf\xbe\x8d2f\x9c</data></write>
    <read><length>2</length><match><data>\xd2\x04</data></match></read>
    <write><data>\x99\x08</data></write>
    <write><data>\x0a\x00\xe4m\x19y\x05A\x24\xa9\xa6\xc1</data></write>
    <read><length>2</length><match><data>\xd2\x04</data></match></read>
    <write><data>\x99\x08</data></write>
    <write><data>\x0a\x00\xe4m\x19y\x05A\x24\xa9\xa6\xc1</data></write>
    <read><length>2</length><match><data>\xd2\x04</data></match></read>
    <write><data>\xb1V</data></write>
    <write><data>\x08\x00\xec\xee\xdf\x04.\x01\xae\xad</data></write>
    <read><length>2</length><match><data>\xd2\x04</data></match></read>
    <write><data>v\x2c</data></write>
    <read><length>2</length><match><data>\xe1\x10</data></match></read>
    <write><data>\xea\x2c</data></write>
    <write><data>\x0a\x00C\x8ey\xdd\x9d\x27\x26\xd5\x22\xc8</data></write>
    <read><length>2</length><match><data>\xd2\x04</data></match></read>
    <write><data>\xb1V</data></write>
    <read><length>2</length><match><data>\xe1\x10</data></match></read>
    <write><data>G\x2d</data></write>
    <write><data>\x16\x00\xdc\x03F\xedf\xb7\x838\x17\x27X\xda\x85\xe6b\xfa\xaa\xfe\xf1w\x8d\xd3</data></write>
    <read><length>2</length><match><data>\xd2\x04</data></match></read>
    <write><data>\xea\x2c</data></write>
    <read><length>2</length><match><data>\xe1\x10</data></match></read>
    <write><data>\x07\x22</data></write>
    <write><data>\x16\x00\xdc\x03F\xedf\xb7\x838\x17\x27X\xda\x85\xe6b\xfa\xaa\xfe\xf1w\x8d\xd3</data></write>
    <write><data>\x0a\x00\xe4\xe2\x25Exc\x5b\xf4\x17\xeb</data></write>
    <read><length>2</length><match><data>\xd2\x04</data></match></read>
    <write><data>\xb1V</data></write>
    <write><data>\x08\x00\xec\xee\xdf\x04.\x01\xae\xad</data></write>
    <read><length>2</length><match><data>\xe1\x10</data></match></read>
    <write><data>v\x2c</data></write>
    <read><length>2</length><match><data>\xe1\x10</data></match></read>
    <write><data>\x99\x08</data></write>
    <write><data>\x23\x00\x8a\x10\x81O\x02\x86::\xae\xa5ZR\xf9\x0f\x7c\x88\x40\xfd\x14\x27Qb\xc0C1\xbfi\x9c\xb1x\x88\xde\xe7\x2f\xb8</data></write>
    <read><length>2</length><match><data>\xe1\x10</data></match></read>
    <write><data>\xb1V</data></write>
    <write><data>\x08\x00\xec\xee\xdf\x04.\x01\xae\xad</data></write>
    <read><length>2</length><match><data>\xe1\x10</data></match></read>
    <write><data>\xb1V</data></write>
    <write><data>\x08\x00\xec\xee\xdf\x04.\x01\xae\xad</data></write>
    <read><length>2</length><match><data>\xe1\x10</data></match></read>
    <write><data>v\x2c</data></write>
    <read><length>2</length><match><data>\xe1\x10</data></match></read>
    <write><data>\xb1V</data></write>
    <write><data>\x08\x00\xec\xee\xdf\x04.\x01\xae\xad</data></write>
    <read><length>2</length><match><data>\xe1\x10</data></match></read>
    <write><data>v\x2c</data></write>
    <read><length>2</length><match><data>\xe1\x10</data></match></read>
    <write><data>\x99\x08</data></write>
    <write><data>\x28\x00d\xa3\x7f\x0f\xbf\x06\xc8\x3e\xfetP\x0f?\xb1L4A\x14I\xef\x93\xccP\xc6\x28\x14\xe3\x7b1\x9c\x5f\xf9\xb5\x95VqQ\x96Fd</data></write>
    <read><length>2</length><match><data>\xe1\x10</data></match></read>
    <write><data>\xb1V</data></write>
    <write><data>\x09\x00\x89\xf5\xb3\xc2\xe0\xbc\xff\x83\x8f</data></write>
    <read><length>2</length><match><data>\xd2\x04</data></match></read>
    <write><data>\xb1V</data></write>
    <write><data>\x08\x00\xec\xee\xdf\x04.\x01\xae\xad</data></write>
    <read><length>2</length><match><data>\xe1\x10</data></match></read>
    <write><data>\xea\x2c</data></write>
    <write><data>\x0a\x00\xe4\xe2\x25Exc\x5b\xf4\x17\xeb</data></write>
    <read><length>2</length><match><data>\xd2\x04</data></match></read>
    <write><data>v\x2c</data></write>
    <write><data>\x0d\x00\x9b\xde\x0c\x22\x25\x013\xa3\x90\x28\x00\xf8g</data></write>
    <read><length>2</length><match><data>\xd2\x04</data></match></read>
    <read><length>12</length><match><data>\x0a\x00\xfc\xf7\xe0\x92\x25\x8f\x2a\xfb\x81\x60</data></match></read>
    <write><data>\x99\x08</data></write>
    <write><data>!\x00\x7fS\x10\xa4\x23\x29\xce\xc6\x9b\x811\xe4\x16g\xc5F\xcc\x17\xac7\x894yD\x5f\x0a\xb41X\x15\xb6\x19\xd5</data></write>
    <read><length>2</length><match><data>\xe1\x10</data></match></read>
    <write><data>G\x2d</data></write>
    <write><data>\x0d\x00\x9b\xde\x0c\x22\x25\x013\xa3\x90\x28\x00\xf8g</data></write>
    <read><length>2</length><match><data>\xd2\x04</data></match></read>
    <write><data>\xea\x2c</data></write>
    <write><data>!\x00\xdf\xd2\xcb\xd9\xac\x0d\xda\x81V\xcb\x82\xcc\x3d\x8e\x80CS\xfe\x13\x93d\xbc!\x2d\x0e\xf7\x09\x8ce\xf9\x27\xef8</data></write>
    <read><length>2</length><match><data>\xe1\x10</data></match></read>
    <write><data>\x07\x22</data></write>
    <read><length>2</length><match><data>\xe1\x10</data></match></read>
    <write><data>\x07\x22</data></write>
    <read><length>2</length><match><data>\xe1\x10</data></match></read>
    <write><data>\xea\x2c</data></write>
    <write><data>!\x000\xdf:\x9d\x24\x22qe\xdca\xb6\xa4\xc5\xb1\xebe\x60\xf7\x8c\xfe\xe2S\x25\xd4\x29Q\xe2\xaeT\xd0\xb3\xbc\xdd</data></write>
    <read><length>2</length><match><data>\xe1\x10</data></match></read>
    <write><data>\xb1V</data></write>
    <write><data>\x0d\x00\x8c\x7b\x0b\xe7\xc6\x1d\x16\xfd\xa7\xfb\x29q0</data></write>
    <read><length>2</length><match><data>\xd2\x04</data></match></read>
    <write><data>\x0f\x22</data></write>
    <read><length>2</length><match><data>\xd2\x04</data></match></read>
    <read><length>2</length><match><data>W\x22</data></match></read>
    <write><data>\x0f\x22</data></write>
    <read><length>2</length><match><data>\xe1\x10</data></match></read>
    <write><data>\xea\x2c</data></write>
    <read><length>2</length><match><data>\xe1\x10</data></match></read>
    <write><data>\x07\x22</data></write>
    <write><data>\x0d\x00\x9b\xde\x0c\x22\x25\x013\xa3\x90\x28\x00\xf8g</data></write>
    <write><data>\x0a\x00\xfc\xf7\xe0\x92\x25\x8f\x2a\xfb\x81\x60</data></write>
    <read><length>2</length><match><data>\xd2\x04</data></match></read>
    <write><data>\x0f\x22</data></write>
    <read><length>2</length><match><data>\xd2\x04</data></match></read>
    <read><length>2</length><match><data>W\x22</data></match></read>
    <write><data>\x07\x22</data></write>
    <write><data>\x0d\x00\x9b\xde\x0c\x22\x25\x013\xa3\x90\x28\x00\xf8g</data></write>
    <write><data>\x0a\x00\xfc\xf7\xe0\x92\x25\x8f\x2a\xfb\x81\x60</data></write>
    <read><length>2</length><match><data>\xd2\x04</data></match></read>
    <write><data>v\x2c</data></write>
    <read><length>2</length><match><data>\xe1\x10</data></match></read>
    <write><data>v\x2c</data></write>
    <read><length>2</length><match><data>\xe1\x10</data></match></read>
    <write><data>G\x2d</data></write>
    <write><data>\x0d\x00\x9b\xde\x0c\x22\x25\x013\xa3\x90\x28\x00\xf8g</data></write>
    <read><length>2</length><match><data>\xd2\x04</data></match></read>
    <write><data>\xea\x2c</data></write>
    <write><data>\x0a\x00\xfc\xf7\xe0\x92\x25\x8f\x2a\xfb\x81\x60</data></write>
    <read><length>2</length><match><data>\xd2\x04</data></match></read>
    <write><data>\x0f\x22</data></write>
    <read><length>2</length><match><data>\xe1\x10</data></match></read>
    <write><data>\x99\x08</data></write>
    <write><data>\x23\x00\xcf\xa7\x5bj\x7em\xe0\x22\xdd\x3d\xed\xf7\x85\xee\x27b\xa2\xb0\x87p\x2a\xabss5\x02\xbf\x86\xbcn\x0f3\x0cY2</data></write>
    <read><length>2</length><match><data>\xe1\x10</data></match></read>
    <write><data>G\x2d</data></write>
    <write><data>\x22\x00\x9c\xea\xefH\x95D\x97Nx\xddQd\x7cH9\xda\xfeIF\x1b\x5e\xfd\x08\xb09\xdeF\xab\x2fD S\xc4\xc9</data></write>
    <read><length>2</length><match><data>\xe1\x10</data></match></read>
    <write><data>\x07\x22</data></write>
    <write><data>!\x00\xe6\xfa\xe6\xf2\xd7\xfe\xe6?\xc8\x1a\x04r\xc5\xaab\x81\xe0Gc\x9c\x2dI\x8a\x01\x7f\xe0\xe5\xc2u\x13\xfc\xdaV</data></write>
    <write><data>\x25\x00\x0cF\x02 \x943\x98\xa6:\x8d\xbd\x1a\x9deK\x8d\xf1\x7d\xdf\x90\xa5\xde\x8bM\x9c\x24\xb3\x24y\x0e\xd7.\xe5\x0a\xf1\x9b\xba</data></write>
    <read><length>2</length><match><data>\xe1\x10</data></match></read>
    <write><data>\x07\x22</data></write>
    <write><data>\x28\x00K\x5e\x7b\xe2\xcbUL\xcb\x5f\xe1Q\xf3\xc9!\x03\x9b\xb4\x18v\xec\xf9\x11\x80\x8cdm:\xb5\x12\xf6\x5d\xa3\xfc\x40\x10\xa0a\x7c\x8bV</data></write>
    <write><data>!\x00\xb6\x15cR\xc5\x5c\x0b\x3b\xb0\x99\x08Kn\xe8\xc9\x0d 9e\x3b\xcc\xaa\x83\x1c\x92\xc2T\xb7R\xe3\x94z\x95</data></write>
    <read><length>2</length><match><data>\xe1\x10</data></match></read>
    <write><data>v\x2c</data></write>
    <write><data>\x04\x00\xc5X\x3cg</data></write>
    <read><length>2</length><match><data>\xd2\x04</data></match></read>
    <read><length>12</length><match><data>\x0a\x00w\xdb\xba\xb2X\x2c\x95\x0fu\x1a</data></match></read>
    <write><data>\xea\x2c</data></write>
    <write><data>\x0a\x00w\xdb\xba\xb2X\x2c\x95\x0fu\x1a</data></write>
    <read><length>2</length><match><data>\xd2\x04</data></match></read>
    <write><data>\xea\x2c</data></write>
    <read><length>2</length><match><data>\xe1\x10</data></match></read>
    <write><data>v\x2c</data></write>
    <write><data>\x0d\x00\x9c\x0c\xce\xbc\xef\x04j \xb3\x99\x24\x2d\x7d</data></write>
    <read><length>2</length><match><data>\xd2\x04</data></match></read>
    <read><length>12</length><match><data>\x0a\x00\xf5y\xccq\x12\x89\xab\xf6M0</data></match></read>
    <write><data>\xea\x2c</data></write>
    <write><data>\x0a\x00\xf5y\xccq\x12\x89\xab\xf6M0</data></write>
    <read><length>2</length><match><data>\xd2\x04</data></match></read>
    <write><data>\xea\x2c</data></write>
    <read><length>2</length><match><data>\xe1\x10</data></match></read>
    <write><data>\x07\x22</data></write>
    <write><data>!\x00\xb3\xdb\xf5W\xffU\x10A\xb6\xea\x8e\x93\x97\x09Y\xe0\xbc9\x00\x97\x22\x85AX\xd1j\xe3\xc8gn\xd1\x0e\xb3</data></write>
    <write><data>!\x00R\x25\x7b\xe1\xd7K\xf6\x01\xfb\x2cE\x2d\x27k\xeeM\x3bgw\xcf\x88\xb9\x86\xc0\xed\xcb\xec\xfd\x89\xbae\x26\xb3</data></write>
    <read><length>2</length><match><data>\xe1\x10</data></match></read>
    <write><data>\x07\x22</data></write>
    <write><data>\x28\x00\x24\xbf\x12\x5cj\x18\xab\x23\xb6:\x97O\x1a\xfb\xd1\x2cE\xc4!\xc0\x93\xb1\x22\x2bU\xda\xe4\xb8\xe8\xc2:\x26\xbfc\x91\xb4\x5dt\xe2\x82</data></write>
    <write><data>\x25\x009\x0dY\x85\xfc\x16\xd6F\xf5\x5c\x23\xde\x3b\xb2\xd5\xba\x8f\x98K\x5f\xc4\xbb\xb4\x87\xd8w\xd0\xe3\x23\x2b\x12\x17\xbf\xb5\xeb\xfbv</data></write>
    <read><length>2</length><match><data>\xe1\x10</data></match></read>
    <write><data>G\x2d</data></write>
    <write><data>\x25\x00KlR\xe1Uw\xf9\xd1\x28\xba\xc8D\xdf\x8f\xc4\xf6\xfa\x0b\x94\xae\x7d\xb6\x0e\x1c\xe6\xe6\xf2\x8a\xac\x2f\xe0\x89\x80\x12\x82pz</data></write>
    <read><length>2</length><match><data>\xe1\x10</data></match></read>
    <write><data>G\x2d</data></write>
    <write><data>\x25\x00\xdc\xddV\x25L\xf6\xa4\xab\x07\xf8\xbclo\xd5\xf7yh\xa5\x88\xeb\xc82\x07ip\x1ez\x91A\x91\xc3\xdc\x9f\x28\x8a\x1a\xbb</data></write>
    <read><length>2</length><match><data>\xe1\x10</data></match></read>
    <write><data>\xb1V</data></write>
    <read><length>2</length><match><data>\xe1\x10</data></match></read>
    <write><data>\xb1V</data></write>
    <read><length>2</length><match><data>\xe1\x10</data></match></read>
    <write><data>\x99\x08</data></write>
    <write><data>\x26\x0044\x0b\x3e\x8e\xa9\x2cG\xaf\xd2\xe9\xa2G0\x1d\x9d\xa8\xeb\xcd\x944\x29\x1f\xa7\x94H\xdc\x22\x8dwYQ\x26c\xc6\x9d\xed\x0c</data></write>
    <read><length>2</length><match><data>\xe1\x10</data></match></read>
    <write><data>\x07\x22</data></write>
    <write><data>\x23\x00\x96\x84\x92\x94\xab\xe4\x5d\xcd\xf9\xe0\x7bg\xea\xe7\x80\xc0M\x00\x7e\xf6\xae\x7f\x01\xe4\xbbT\x3e\xd8Q1K\xe6\xc5\x5e\x24</data></write>
    <write><data>\x25\x00.\x1fqH\xb2\x5e\x7c\x97\xef\x85\x3d\xd2\xa0\x84\x7c\x5e\xb1L\xa9\x7fDj\x1d\x01\x5d\x7e\xb4\x942\xb8V\xd7\xf6\xf1\xe1\x2d\x28</data></write>
    <read><length>2</length><match><data>\xe1\x10</data></match></read>
    <write><data>\x0f\x22</data></write>
    <read><length>2</length><match><data>\xe1\x10</data></match></read>
    <write><data>\xea\x2c</data></write>
    <read><length>2</length><match><data>\xe1\x10</data></match></read>
    <write><data>\xb1V</data></write>
    <read><length>2</length><match><data>\xe1\x10</data></match></read>
    <write><data>\x0f\x22</data></write>
    <read><length>2</length><match><data>\xe1\x10</data></match></read>
    <write><data>G\x2d</data></write>
    <write><data>\x22\x00\x60\x08\xc1\xd18\xe7\xcb\x60\xe7\xa2\xc9\x7b\x2c\xdb\xd1\xdb\xea4\x7d\xb6F\xf8\x8cb\xdey:\xb5?F.\xff1\x0a</data></write>
    <read><length>2</length><match><data>\xe1\x10</data></match></read>
    <write><data>v\x2c</data></write>
    <write><data>\x0e\x00B\xe0\xac\xd2\x00\xd2\xb8\xcc\xea\x40\xbdP\x9e\xb9</data></write>
    <read><length>2</length><match><data>\xd2\x04</data></match></read>
    <read><length>12</length><match><data>\x0a\x00\xc3\x60\xd6\x1f\x8e\x0b\xf3\x82\xc5y</data></match></read>
    <write><data>\x0f\x22</data></write>
    <read><length>2</length><match><data>\xd2\x04</data></match></read>
    <read><length>2</length><match><data>W\x22</data></match></read>
    <write><data>\x0f\x22</data></write>
    <read><length>2</length><match><data>\xe1\x10</data></match></read>
    <write><data>\x99\x08</data></write>
    <write><data>\x28\x00??\xa4\x904Tn\xc0L\x88\xd6\xd7Z\x3c\xdd\x23\x19\xbd\x5b8uO\x2f\xa90R\xf5\x865\xd3\xba\x83\xcb\x816\x13\x7eY\x10a</data></write>
    <read><length>2</length><match><data>\xe1\x10</data></match></read>
    <write><data>G\x2d</data></write>
    <write><data>\x24\x00 0O\xa18\xbc\x5c\x29\x27\x2d\xd6\x7e\xdd\x1c\x5b\x05\x5ds\xb1\xc7\xdb\x0f\xb4\xc9\x05H\xb5\xf1\xf8\x8f\xf8\x40\xac\x5c\xee\xad</data></write>
    <read><length>2</length><match><data>\xe1\x10</data></match></read>
    <write><data>G\x2d</data></write>
    <write><data>\x0e\x00B\xe0\xac\xd2\x00\xd2\xb8\xcc\xea\x40\xbdP\x9e\xb9</data></write>
    <read><length>2</length><match><data>\xd2\x04</data></match></read>
    <write><data>\x07\x22</data></write>
    <write><data>\x0e\x00B\xe0\xac\xd2\x00\xd2\xb8\xcc\xea\x40\xbdP\x9e\xb9</data></write>
    <write><data>\x0a\x00\xc3\x60\xd6\x1f\x8e\x0b\xf3\x82\xc5y</data></write>
    <read><length>2</length><match><data>\xd2\x04</data></match></read>
    <write><data>\xea\x2c</data></write>
    <write><data>\x0a\x00\xc3\x60\xd6\x1f\x8e\x0b\xf3\x82\xc5y</data></write>
    <read><length>2</length><match><data>\xd2\x04</data></match></read>
    <write><data>\x99\x08</data></write>
    <write><data>\x23\x00\x04\xaaB\xe1\x13\x1f\xad\xe8\xea\xa3\xef\x7c\xf1\x11u\x0c\x3b\xf47\x92\xb8\xbc\xe3\xe9\xe7\xc2\x08\xbe\xc3\x2bu\x11!\x02M</data></write>
    <read><length>2</length><match><data>\xe1\x10</data></match></read>
    <write><data>\x99\x08</data></write>
    <write><data>\x28\x00\x26ur\xdd6\xb4Z\xe6\xae\x2a\xa5DH\xc7\x11\xb9?\xb9\x1a\xd0IHn\x2b0y\x16\x93\x24\x9b\x2c\xed\xe9\xd3JH\xfb\x80v\xc5</data></write>
    <read><length>2</length><match><data>\xe1\x10</data></match></read>
    <write><data>\x0f\x22</data></write>
    <read><length>2</length><match><data>\xe1\x10</data></match></read>
    <write><data>\xea\x2c</data></write>
    <read><length>2</length><match><data>\xe1\x10</data></match></read>
    <write><data>v\x2c</data></write>
    <write><data>\x1b\x00\x8b\xc9\xc2\xea\x99g\xea\xff\xd6\xfc\xa6\x2a\xc9\x06Ub\xdf\x27\xea\x0a\x98\xce\xdea\xd9\x05E</data></write>
    <read><length>2</length><match><data>\xd2\x04</data></match></read>
    <read><length>12</length><match><data>\x0a\x00\x98\x03V\xf5\xd6\xedO\x0d\x9b\x03</data></match></read>
    <write><data>\x07\x22</data></write>
    <read><length>2</length><match><data>\xe1\x10</data></match></read>
    <write><data>\x07\x22</data></write>
    <read><length>2</length><match><data>\xe1\x10</data></match></read>
    <write><data>\xea\x2c</data></write>
    <write><data>!\x00\x99\xf8V\x8e:\xaa\x01\x87\xd7Te\xa9L\xc6uO\xb9jO\xe1\xa3\x9d\x1e4\xf4T\x7c\xc9\x00\xa1ZO\x93</data></write>
    <read><length>2</length><match><data>\xe1\x10</data></match></read>
    <write><data>\x0f\x22</data></write>
    <read><length>2</length><match><data>\xd2\x04</data></match></read>
    <read><length>2</length><match><data>W\x22</data></match></read>
    <write><data>G\x2d</data></write>
    <write><data>\x23\x00Rj\x8f\xa8\x88\x90\x14\x5b\x03u\x2c6\xec\x3cX8\xb7Hy\x80\xc2\xdf\xb4\x196\xc6\x3eX\xec\xb6\xdc\x5dPe\xd7</data></write>
    <read><length>2</length><match><data>\xe1\x10</data></match></read>
    <write><data>v\x2c</data></write>
    <write><data>\x1a\x00\x81\xde\xa1 \x2a\x24\x00\x89\xa5\xa3\xdbV\xb0\xef\xee\x9b\x06\xc7\x3d\xf8\xcd\xb2h\xe0\xed\xfa</data></write>
    <read><length>2</length><match><data>\xd2\x04</data></match></read>
    <read><length>12</length><match><data>\x0a\x00\xf6\x80\xe4\x3dS\x9a\x2fxc\x2f</data></match></read>
    <write><data>\xea\x2c</data></write>
    <write><data>\x27\x00\xb1\x2c\xc7A3U\xc5\xaf\x2c\x84\x95?\x03\xbaD\xaf\x9f\x8dh\xdd\x0c\xee\x1e\xa1\x09\x16\xde\xb6\x92\xd5r\x14\x19V\x04\x19r\xdd\x2a</data></write>
    <read><length>2</length><match><data>\xe1\x10</data></match></read>
    <write><data>\x0f\x22</data></write>
    <read><length>2</length><match><data>\xd2\x04</data></match></read>
    <read><length>2</length><match><data>W\x22</data></match></read>
    <write><data>\x99\x08</data></write>
    <write><data>\x22\x00\xa4\xdb9\x92\x8a \x0c\x1c\x3eQ\x12\x9dJ\x5c\xa9\x0duJ\x8a.\x87c\x1a\x3bOSB\xa9\xd3\x15\xae\xc2\x14\xb7</data></write>
    <read><length>2</length><match><data>\xe1\x10</data></match></read>
    <write><data>\xb1V</data></write>
    <read><length>2</length><match><data>\xe1\x10</data></match></read>
    <write><data>v\x2c</data></write>
    <write><data>\x09\x00\xd0\xd0Dg\x8b\x27b\x81\x91</data></write>
    <read><length>2</length><match><data>\xd2\x04</data></match></read>
    <read><length>12</length><match><data>\x0a\x00\x80\x2a\xbbX\xc1\x9fNe\x60y</data></match></read>
    <write><data>v\x2c</data></write>
    <read><length>2</length><match><data>\xe1\x10</data></match></read>
    <write><data>\x0f\x22</data></write>
    <read><length>2</length><match><data>\xd2\x04</data></match></read>
    <read><length>2</length><match><data>W\x22</data></match></read>
    <write><data>\x07\x22</data></write>
    <write><data>\x1a\x00\x81\xde\xa1 \x2a\x24\x00\x89\xa5\xa3\xdbV\xb0\xef\xee\x9b\x06\xc7\x3d\xf8\xcd\xb2h\xe0\xed\xfa</data></write>
    <write><data>\x0a\x00\xf6\x80\xe4\x3dS\x9a\x2fxc\x2f</data></write>
    <read><length>2</length><match><data>\xd2\x04</data></match></read>
    <write><data>\x0f\x22</data></write>
    <read><length>2</length><match><data>\xd2\x04</data></match></read>
    <read><length>2</length><match><data>W\x22</data></match></read>
    <write><data>\x0f\x22</data></write>
    <read><length>2</length><match><data>\xe1\x10</data></match></read>
    <write><data>G\x2d</data></write>
    <write><data>\x09\x00\xd0\xd0Dg\x8b\x27b\x81\x91</data></write>
    <read><length>2</length><match><data>\xd2\x04</data></match></read>
    <write><data>v\x2c</data></write>
    <write><data>\x03\x00\xc1\x8b\xc8</data></write>
    <read><length>2</length><match><data>\xd2\x04</data></match></read>
    <read><length>12</length><match><data>\x0a\x00\x82\x82\xa0\xd0\xd1\x25\x95D\xd5\xa4</data></match></read>
    <write><data>\x07\x22</data></write>
    <read><length>2</length><match><data>\xe1\x10</data></match></read>
    <write><data>\x0f\x22</data></write>
    <read><length>2</length><match><data>\xd2\x04</data></match></read>
    <read><length>2</length><match><data>W\x22</data></match></read>
    <write><data>\xea\x2c</data></write>
    <read><length>2</length><match><data>\xe1\x10</data></match></read>
    <write><data>\x0f\x27</data></write>
</replay>
</pov>