<?xml version="1.0" standalone="no" ?>
<!DOCTYPE pov SYSTEM "/usr/share/cgc-docs/replay.dtd">
<pov>
<cbid>service</cbid>
<seed>7780764d42cac9a52a89e81f802571c556f54304820a56f477b54784c150a19558538d5ef9981caa11787f9fcdf84270</seed>
<replay>
    <write><data>G\x2d</data></write>
    <write><data>\x28\x00VEG\xb4U\x22a\x2f\xa1\x7c\x2f\x97\x0b\x98\xe1\x1aK\x85\x87\x06\xb4\xa8\x00\xd0\x91\xfc\x0c\x8eXf\xe0S\xe4\xef\x86\x16\x87\x2a\xae\x02</data></write>
    <read><length>2</length><match><data>\xe1\x10</data></match></read>
    <write><data>v\x2c</data></write>
    <write><data>\x08\x00xl\xee\xe5\xb6\xff\xa9\xf6</data></write>
    <read><length>2</length><match><data>\xd2\x04</data></match></read>
    <read><length>12</length><match><data>\x0a\x00\xeb\x12\xdf\x8a \x1b\x14R\x8e\x1c</data></match></read>
    <write><data>\x99\x08</data></write>
    <write><data>\x24\x00\xce\xfb\xdbPm\xad\x02\xaf\x26qyo\xa0u\xdf\x22\xd3H\x91\x25\x3c\x019\xdd\x9b\x3c\x2a\xbf\xab\xa4B\x1a\xd2\x5dw\xaa</data></write>
    <read><length>2</length><match><data>\xe1\x10</data></match></read>
    <write><data>\x07\x22</data></write>
    <read><length>2</length><match><data>\xe1\x10</data></match></read>
    <write><data>v\x2c</data></write>
    <read><length>2</length><match><data>\xe1\x10</data></match></read>
    <write><data>\xea\x2c</data></write>
    <write><data>\x26\x00\x11\x0cA\x98P\xc3\x1b\x5c\x94y\xda\x86\x2cJ\x85\x95u.\x27\xaa\xa5\x15\x0f\x09\xaa9\xe6\xd9\x97\xcfV\xb8E\xd2\x9a7u\x9a</data></write>
    <read><length>2</length><match><data>\xe1\x10</data></match></read>
    <write><data>v\x2c</data></write>
    <read><length>2</length><match><data>\xe1\x10</data></match></read>
    <write><data>\x0f\x22</data></write>
    <read><length>2</length><match><data>\xd2\x04</data></match></read>
    <read><length>2</length><match><data>W\x22</data></match></read>
    <write><data>G\x2d</data></write>
    <write><data>\x22\x00\xe5\x1f\xf8\xd7\xf8x\xcd\x3cBPm\x12\x87\xf1\xdagX\xc9\xe8\xb2\xa0\x8b\xf4\x9fW\x7e\xc9\x00\xcd\xa9S\x10a\x10</data></write>
    <read><length>2</length><match><data>\xe1\x10</data></match></read>
    <write><data>\xea\x2c</data></write>
    <read><length>2</length><match><data>\xe1\x10</data></match></read>
    <write><data>v\x2c</data></write>
    <write><data>\x1b\x00\xea\x07\x27\x5d\x12Q\xb1\x2aO\x22\xc7l\xd4\x7f\x94\x29\x24\xc8KS\xbd\x82:\xff\xd3\xf2\x81</data></write>
    <read><length>2</length><match><data>\xd2\x04</data></match></read>
    <read><length>12</length><match><data>\x0a\x00\xe09\x08\x7f\x04e\x099\x26\xaf</data></match></read>
    <write><data>\x07\x22</data></write>
    <read><length>2</length><match><data>\xe1\x10</data></match></read>
    <write><data>v\x2c</data></write>
    <read><length>2</length><match><data>\xe1\x10</data></match></read>
    <write><data>v\x2c</data></write>
    <read><length>2</length><match><data>\xe1\x10</data></match></read>
    <write><data>\x99\x08</data></write>
    <write><data>\x24\x00\x9f\x5bB\x1d\x02L\xbd\xc6Q\xc2\xb90\xdf\x05\xf7\x3b\xb7\xef\xeb\xbb\xbe\xf6\x2fB\x2fGJ\x85\x5e\x29\xf4\xee\xcf\xf3\xc6\xce</data></write>
    <read><length>2</length><match><data>\xe1\x10</data></match></read>
    <write><data>\x99\x08</data></write>
    <write><data>\x25\x00\xda\x9a\xdeJf\xa9\xa2S\x92\xcf\x27\x7b\xe9u\x27\x08\xe4\x3b\xf6\x18\x86HL\x89\x93o\xd3o\x0b\x1c\xd4N\xd1\xbaqw\xa1</data></write>
    <read><length>2</length><match><data>\xe1\x10</data></match></read>
    <write><data>G\x2d</data></write>
    <write><data>\x08\x00xl\xee\xe5\xb6\xff\xa9\xf6</data></write>
    <read><length>2</length><match><data>\xd2\x04</data></match></read>
    <write><data>\x07\x22</data></write>
    <read><length>2</length><match><data>\xe1\x10</data></match></read>
    <write><data>\xb1V</data></write>
    <write><data>\x07\x00\x1d\xf0f\x27\xd2\xc4\xc2</data></write>
    <read><length>2</length><match><data>\xd2\x04</data></match></read>
    <write><data>\xea\x2c</data></write>
    <write><data>\x0a\x00\xe09\x08\x7f\x04e\x099\x26\xaf</data></write>
    <read><length>2</length><match><data>\xd2\x04</data></match></read>
    <write><data>v\x2c</data></write>
    <write><data>\x18\x00\x97\xccQ8\xfc\x8e\x0b:\x2a\x97\xb3\x7c\x18G\x18\xe6\x2b\x90\xc1\x5c\x5f\x0d\xd2\x87</data></write>
    <read><length>2</length><match><data>\xd2\x04</data></match></read>
    <read><length>12</length><match><data>\x0a\x00\xc4\xbdG\x8a\x7fV\xc0\xb7\xf9\x1e</data></match></read>
    <write><data>\xb1V</data></write>
    <write><data>\x1a\x00\xea\x85\x81:\xec\x0b\xca\x88\xf0\x81d\xc6\x88\xfbT\x03UGp\x3b\xb3K\x2a\x9c\x3b\xc8</data></write>
    <read><length>2</length><match><data>\xd2\x04</data></match></read>
    <write><data>\xea\x2c</data></write>
    <write><data>!\x00\xc6\x8ai\xa0\x15\xb4jx\xae\xe6\xe0\x91\x04Hc\x13W\x05\xf9\x0b\x83\x01\x40\x80\xbd06t:YB\x7f\xaa</data></write>
    <read><length>2</length><match><data>\xe1\x10</data></match></read>
    <write><data>v\x2c</data></write>
    <read><length>2</length><match><data>\xe1\x10</data></match></read>
    <write><data>\x0f\x22</data></write>
    <read><length>2</length><match><data>\xd2\x04</data></match></read>
    <read><length>2</length><match><data>W\x22</data></match></read>
    <write><data>\x99\x08</data></write>
    <write><data>!\x00\xee\x7f\x98\xa7\xb9\x83\x13\xb4\x19\x9e\x89\x07\xa57L\x19UiD\xc9\xcbw\x97 \x02C\x93\x08f a\xe2\x16</data></write>
    <read><length>2</length><match><data>\xe1\x10</data></match></read>
    <write><data>\xea\x2c</data></write>
    <read><length>2</length><match><data>\xe1\x10</data></match></read>
    <write><data>\x0f\x27</data></write>
</replay>
</pov>