<?xml version="1.0" standalone="no" ?>
<!DOCTYPE pov SYSTEM "/usr/share/cgc-docs/replay.dtd">
<pov>
<cbid>service</cbid>
<seed>2593ada487dffd81fdceb7d443e19fae46b232ba80296096c351e16d830619fea3fa18e456ed6ca1793b5632a9a09ce3</seed>
<replay>
    <read><length>8</length><match><data>crs\x40CB\x3e </data></match></read>
    <write><data>id</data></write>
    <write><data>rC</data></write>
    <write><data>\x7f</data></write>
    <read><length>9</length><match><data>\x08\x08\x08   \x08\x08\x08</data></match></read>
    <write><data>\x7f</data></write>
    <read><length>9</length><match><data>\x08\x08\x08   \x08\x08\x08</data></match></read>
    <write><data>\x0a\x0d</data></write>
    <read><length>8</length><match><data>\x08\x08  \x08\x08\x0a\x0d</data></match></read>
    <read><length>17</length><match><data>uid\x3dcrs gid\x3dcrs\x0a\x0d</data></match></read>
    <read><length>8</length><match><data>crs\x40CB\x3e </data></match></read>
    <write><data>id</data></write>
    <write><data>vQ</data></write>
    <write><data>\x1b\x5bD</data></write>
    <read><length>4</length><match><data>\x1b\x5b0G</data></match></read>
    <read><length>3</length><match><data>\x1b\x5bK</data></match></read>
    <read><length>8</length><match><data>crs\x40CB\x3e </data></match></read>
    <read><length>4</length><match><data>idvQ</data></match></read>
    <read><length>4</length><match><data>\x1b\x5b1D</data></match></read>
    <write><data>\x1b\x5bD</data></write>
    <read><length>4</length><match><data>\x1b\x5b0G</data></match></read>
    <read><length>3</length><match><data>\x1b\x5bK</data></match></read>
    <read><length>8</length><match><data>crs\x40CB\x3e </data></match></read>
    <read><length>4</length><match><data>idvQ</data></match></read>
    <read><length>4</length><match><data>\x1b\x5b2D</data></match></read>
    <write><data>\x0a\x0d</data></write>
    <read><length>8</length><match><data>\x08\x08  \x08\x08\x0a\x0d</data></match></read>
    <read><length>17</length><match><data>uid\x3dcrs gid\x3dcrs\x0a\x0d</data></match></read>
    <read><length>8</length><match><data>crs\x40CB\x3e </data></match></read>
    <write><data>print u2 \x3e CB\x0a\x0d</data></write>
    <read><length>8</length><match><data>\x08\x08  \x08\x08\x0a\x0d</data></match></read>
    <read><length>8</length><match><data>crs\x40CB\x3e </data></match></read>
    <write><data>dump CB\x0a\x0d</data></write>
    <read><length>8</length><match><data>\x08\x08  \x08\x08\x0a\x0d</data></match></read>
    <read><length>4</length><match><data>u2\x0a\x0d</data></match></read>
    <read><length>8</length><match><data>crs\x40CB\x3e </data></match></read>
    <write><data>chpw\x0a\x0d</data></write>
    <read><length>8</length><match><data>\x08\x08  \x08\x08\x0a\x0d</data></match></read>
    <read><length>14</length><match><data>New password: </data></match></read>
    <write><data>asdf\x0a\x0d</data></write>
    <read><length>8</length><match><data>\x08\x08  \x08\x08\x0a\x0d</data></match></read>
    <read><length>8</length><match><data>crs\x40CB\x3e </data></match></read>
    <write><data>chuser crs\x0a\x0d</data></write>
    <read><length>8</length><match><data>\x08\x08  \x08\x08\x0a\x0d</data></match></read>
    <read><length>10</length><match><data>Password: </data></match></read>
    <write><data>asdf\x0a\x0d</data></write>
    <read><length>8</length><match><data>\x08\x08  \x08\x08\x0a\x0d</data></match></read>
    <read><length>39</length><match><data>Authentication success for user \x27crs\x27\x0a\x0d</data></match></read>
    <read><length>8</length><match><data>crs\x40CB\x3e </data></match></read>
    <write><data>chuser root\x0a\x0d</data></write>
    <read><length>8</length><match><data>\x08\x08  \x08\x08\x0a\x0d</data></match></read>
    <read><length>10</length><match><data>Password: </data></match></read>
    <write><data>cQw\x5dVSJrrN\x0a\x0d</data></write>
    <read><length>8</length><match><data>\x08\x08  \x08\x08\x0a\x0d</data></match></read>
    <read><length>40</length><match><data>Authentication success for user \x27root\x27\x0a\x0d</data></match></read>
    <read><length>9</length><match><data>root\x40CB\x3e </data></match></read>
    <write><data>newuser kpICP kpICP\x0a\x0d</data></write>
    <read><length>8</length><match><data>\x08\x08  \x08\x08\x0a\x0d</data></match></read>
    <read><length>19</length><match><data>New user password: </data></match></read>
    <write><data>2\x0a\x0d</data></write>
    <read><length>8</length><match><data>\x08\x08  \x08\x08\x0a\x0d</data></match></read>
    <read><length>20</length><match><data>User \x27kpICP\x27 added\x0a\x0d</data></match></read>
    <read><length>9</length><match><data>root\x40CB\x3e </data></match></read>
    <write><data>chuser kpICP\x0a\x0d</data></write>
    <read><length>8</length><match><data>\x08\x08  \x08\x08\x0a\x0d</data></match></read>
    <read><length>41</length><match><data>Authentication success for user \x27kpICP\x27\x0a\x0d</data></match></read>
    <read><length>10</length><match><data>kpICP\x40CB\x3e </data></match></read>
    <write><data>chuser root\x0a\x0d</data></write>
    <read><length>8</length><match><data>\x08\x08  \x08\x08\x0a\x0d</data></match></read>
    <read><length>10</length><match><data>Password: </data></match></read>
    <write><data>cQw\x5dVSJrrN\x0a\x0d</data></write>
    <read><length>8</length><match><data>\x08\x08  \x08\x08\x0a\x0d</data></match></read>
    <read><length>40</length><match><data>Authentication success for user \x27root\x27\x0a\x0d</data></match></read>
    <read><length>9</length><match><data>root\x40CB\x3e </data></match></read>
    <write><data>deluser kpICP\x0a\x0d</data></write>
    <read><length>8</length><match><data>\x08\x08  \x08\x08\x0a\x0d</data></match></read>
    <read><length>22</length><match><data>User \x27kpICP\x27 deleted\x0a\x0d</data></match></read>
    <read><length>9</length><match><data>root\x40CB\x3e </data></match></read>
    <write><data>id</data></write>
    <write><data>\x04</data></write>
    <read><length>6</length><match><data>\x08\x08  \x08\x08</data></match></read>
    <write><data>\x0a\x0d</data></write>
    <read><length>8</length><match><data>\x08\x08  \x08\x08\x0a\x0d</data></match></read>
    <read><length>19</length><match><data>uid\x3droot gid\x3droot\x0a\x0d</data></match></read>
    <read><length>9</length><match><data>root\x40CB\x3e </data></match></read>
    <write><data>\x04</data></write>
    <read><length>6</length><match><data>\x08\x08  \x08\x08</data></match></read>
    <read><length>6</length><match><data>exit  </data></match></read>
    <read><length>8</length><match><data>\x08\x08  \x08\x08\x0a\x0d</data></match></read>
    <read><length>8</length><match><data>logout\x0a\x0d</data></match></read>
</replay>
</pov>