<?xml version="1.0" standalone="no" ?>
<!DOCTYPE pov SYSTEM "/usr/share/cgc-docs/replay.dtd">
<pov>
<cbid>service</cbid>
<seed>e6dfc5490370f8979aeef2e1f5b5bb209834ae8e5dfc08818e40ba7ad4df35987dad9c167f0553a816a5d2b13df7b5c8</seed>
<replay>
    <read><length>8</length><match><data>crs\x40CB\x3e </data></match></read>
    <write><data>chuser root\x0a\x0d</data></write>
    <read><length>8</length><match><data>\x08\x08  \x08\x08\x0a\x0d</data></match></read>
    <read><length>10</length><match><data>Password: </data></match></read>
    <write><data>d\x5dum\x60cNVdi\x0a\x0d</data></write>
    <read><length>8</length><match><data>\x08\x08  \x08\x08\x0a\x0d</data></match></read>
    <read><length>40</length><match><data>Authentication success for user \x27root\x27\x0a\x0d</data></match></read>
    <read><length>9</length><match><data>root\x40CB\x3e </data></match></read>
    <write><data>chpw root\x0a\x0d</data></write>
    <read><length>8</length><match><data>\x08\x08  \x08\x08\x0a\x0d</data></match></read>
    <read><length>14</length><match><data>New password: </data></match></read>
    <write><data>asdf\x0a\x0d</data></write>
    <read><length>8</length><match><data>\x08\x08  \x08\x08\x0a\x0d</data></match></read>
    <read><length>9</length><match><data>root\x40CB\x3e </data></match></read>
    <write><data>chuser root\x0a\x0d</data></write>
    <read><length>8</length><match><data>\x08\x08  \x08\x08\x0a\x0d</data></match></read>
    <read><length>40</length><match><data>Authentication success for user \x27root\x27\x0a\x0d</data></match></read>
    <read><length>9</length><match><data>root\x40CB\x3e </data></match></read>
    <write><data>print AhIqe \x3e 5f\x0a\x0d</data></write>
    <read><length>8</length><match><data>\x08\x08  \x08\x08\x0a\x0d</data></match></read>
    <read><length>9</length><match><data>root\x40CB\x3e </data></match></read>
    <write><data>dump 5f\x0a\x0d</data></write>
    <read><length>8</length><match><data>\x08\x08  \x08\x08\x0a\x0d</data></match></read>
    <read><length>7</length><match><data>AhIqe\x0a\x0d</data></match></read>
    <read><length>9</length><match><data>root\x40CB\x3e </data></match></read>
    <write><data>newuser ynm6w ynm6w\x0a\x0d</data></write>
    <read><length>8</length><match><data>\x08\x08  \x08\x08\x0a\x0d</data></match></read>
    <read><length>19</length><match><data>New user password: </data></match></read>
    <write><data>EMr\x0a\x0d</data></write>
    <read><length>8</length><match><data>\x08\x08  \x08\x08\x0a\x0d</data></match></read>
    <read><length>20</length><match><data>User \x27ynm6w\x27 added\x0a\x0d</data></match></read>
    <read><length>9</length><match><data>root\x40CB\x3e </data></match></read>
    <write><data>chuser ynm6w\x0a\x0d</data></write>
    <read><length>8</length><match><data>\x08\x08  \x08\x08\x0a\x0d</data></match></read>
    <read><length>41</length><match><data>Authentication success for user \x27ynm6w\x27\x0a\x0d</data></match></read>
    <read><length>10</length><match><data>ynm6w\x40CB\x3e </data></match></read>
    <write><data>chuser root\x0a\x0d</data></write>
    <read><length>8</length><match><data>\x08\x08  \x08\x08\x0a\x0d</data></match></read>
    <read><length>10</length><match><data>Password: </data></match></read>
    <write><data>asdf\x0a\x0d</data></write>
    <read><length>8</length><match><data>\x08\x08  \x08\x08\x0a\x0d</data></match></read>
    <read><length>40</length><match><data>Authentication success for user \x27root\x27\x0a\x0d</data></match></read>
    <read><length>9</length><match><data>root\x40CB\x3e </data></match></read>
    <write><data>deluser ynm6w\x0a\x0d</data></write>
    <read><length>8</length><match><data>\x08\x08  \x08\x08\x0a\x0d</data></match></read>
    <read><length>22</length><match><data>User \x27ynm6w\x27 deleted\x0a\x0d</data></match></read>
    <read><length>9</length><match><data>root\x40CB\x3e </data></match></read>
    <write><data>list\x0a\x0d</data></write>
    <read><length>8</length><match><data>\x08\x08  \x08\x08\x0a\x0d</data></match></read>
    <read><length>19</length><match><data>Directory listing\x0a\x0d</data></match></read>
    <read><delim>\x0d</delim><match><pcre>.*\s+.*\s+.*\s+.*</pcre></match></read>
    <read><delim>\x0d</delim><match><pcre>.*\s+.*\s+.*\s+\d+</pcre></match></read>
    <read><delim>\x0d</delim><match><pcre>.*\s+.*\s+.*\s+\d+</pcre></match></read>
    <read><delim>\x0d</delim><match><pcre>.*\s+.*\s+.*\s+\d+</pcre></match></read>
    <read><length>9</length><match><data>root\x40CB\x3e </data></match></read>
    <write><data>R</data></write>
    <write><data>\x15</data></write>
    <read><length>4</length><match><data>\x1b\x5b0G</data></match></read>
    <read><length>3</length><match><data>\x1b\x5bK</data></match></read>
    <read><length>9</length><match><data>root\x40CB\x3e </data></match></read>
    <write><data>id\x0a\x0d</data></write>
    <read><length>8</length><match><data>\x08\x08  \x08\x08\x0a\x0d</data></match></read>
    <read><length>19</length><match><data>uid\x3droot gid\x3droot\x0a\x0d</data></match></read>
    <read><length>9</length><match><data>root\x40CB\x3e </data></match></read>
    <write><data>exit\x0a\x0d</data></write>
    <read><length>8</length><match><data>\x08\x08  \x08\x08\x0a\x0d</data></match></read>
    <read><length>8</length><match><data>logout\x0a\x0d</data></match></read>
</replay>
</pov>