<?xml version="1.0" standalone="no" ?>
<!DOCTYPE pov SYSTEM "/usr/share/cgc-docs/replay.dtd">
<pov>
<cbid>service</cbid>
<seed>77dcdfac600d85b44c2cecbed66f864c25d4b2fda3fcd9d40ad04a582698b60288970424ae789ebcfdafa21ef8c16cfd</seed>
<replay>
    <read><length>8</length><match><data>crs\x40CB\x3e </data></match></read>
    <write><data>chuser root\x0a\x0d</data></write>
    <read><length>8</length><match><data>\x08\x08  \x08\x08\x0a\x0d</data></match></read>
    <read><length>10</length><match><data>Password: </data></match></read>
    <write><data>r\x5fqDywUFqi\x0a\x0d</data></write>
    <read><length>8</length><match><data>\x08\x08  \x08\x08\x0a\x0d</data></match></read>
    <read><length>40</length><match><data>Authentication success for user \x27root\x27\x0a\x0d</data></match></read>
    <read><length>9</length><match><data>root\x40CB\x3e </data></match></read>
    <write><data>newuser sgiN4 sgiN4\x0a\x0d</data></write>
    <read><length>8</length><match><data>\x08\x08  \x08\x08\x0a\x0d</data></match></read>
    <read><length>19</length><match><data>New user password: </data></match></read>
    <write><data>E\x0a\x0d</data></write>
    <read><length>8</length><match><data>\x08\x08  \x08\x08\x0a\x0d</data></match></read>
    <read><length>20</length><match><data>User \x27sgiN4\x27 added\x0a\x0d</data></match></read>
    <read><length>9</length><match><data>root\x40CB\x3e </data></match></read>
    <write><data>chuser sgiN4\x0a\x0d</data></write>
    <read><length>8</length><match><data>\x08\x08  \x08\x08\x0a\x0d</data></match></read>
    <read><length>41</length><match><data>Authentication success for user \x27sgiN4\x27\x0a\x0d</data></match></read>
    <read><length>10</length><match><data>sgiN4\x40CB\x3e </data></match></read>
    <write><data>print QX\x0a\x0d</data></write>
    <read><length>8</length><match><data>\x08\x08  \x08\x08\x0a\x0d</data></match></read>
    <read><length>4</length><match><data>QX\x0a\x0d</data></match></read>
    <read><length>10</length><match><data>sgiN4\x40CB\x3e </data></match></read>
    <write><data>chuser rNdUDw\x0a\x0d</data></write>
    <read><length>8</length><match><data>\x08\x08  \x08\x08\x0a\x0d</data></match></read>
    <read><length>35</length><match><data>No passwd entry for user \x27rNdUDw\x27\x0a\x0d</data></match></read>
    <read><length>10</length><match><data>sgiN4\x40CB\x3e </data></match></read>
    <write><data>id</data></write>
    <write><data>\x03</data></write>
    <read><length>8</length><match><data>\x08\x08  \x08\x08\x0a\x0d</data></match></read>
    <read><length>10</length><match><data>sgiN4\x40CB\x3e </data></match></read>
    <write><data>chuser root\x0a\x0d</data></write>
    <read><length>8</length><match><data>\x08\x08  \x08\x08\x0a\x0d</data></match></read>
    <read><length>10</length><match><data>Password: </data></match></read>
    <write><data>r\x5fqDywUFqi\x0a\x0d</data></write>
    <read><length>8</length><match><data>\x08\x08  \x08\x08\x0a\x0d</data></match></read>
    <read><length>40</length><match><data>Authentication success for user \x27root\x27\x0a\x0d</data></match></read>
    <read><length>9</length><match><data>root\x40CB\x3e </data></match></read>
    <write><data>newuser root root\x0a\x0d</data></write>
    <read><length>8</length><match><data>\x08\x08  \x08\x08\x0a\x0d</data></match></read>
    <read><length>28</length><match><data>User \x27root\x27 already exists\x0a\x0d</data></match></read>
    <read><length>9</length><match><data>root\x40CB\x3e </data></match></read>
    <write><data>list\x0a\x0d</data></write>
    <read><length>8</length><match><data>\x08\x08  \x08\x08\x0a\x0d</data></match></read>
    <read><length>19</length><match><data>Directory listing\x0a\x0d</data></match></read>
    <read><delim>\x0d</delim><match><pcre>.*\s+.*\s+.*\s+.*</pcre></match></read>
    <read><delim>\x0d</delim><match><pcre>.*\s+.*\s+.*\s+\d+</pcre></match></read>
    <read><delim>\x0d</delim><match><pcre>.*\s+.*\s+.*\s+\d+</pcre></match></read>
    <read><length>9</length><match><data>root\x40CB\x3e </data></match></read>
    <write><data>newuser root root\x0a\x0d</data></write>
    <read><length>8</length><match><data>\x08\x08  \x08\x08\x0a\x0d</data></match></read>
    <read><length>28</length><match><data>User \x27root\x27 already exists\x0a\x0d</data></match></read>
    <read><length>9</length><match><data>root\x40CB\x3e </data></match></read>
    <write><data>dumpO\x0a\x0d</data></write>
    <read><length>8</length><match><data>\x08\x08  \x08\x08\x0a\x0d</data></match></read>
    <read><length>24</length><match><data>Invalid command: dumpO\x0a\x0d</data></match></read>
    <read><length>9</length><match><data>root\x40CB\x3e </data></match></read>
    <write><data>dumpd\x0a\x0d</data></write>
    <read><length>8</length><match><data>\x08\x08  \x08\x08\x0a\x0d</data></match></read>
    <read><length>24</length><match><data>Invalid command: dumpd\x0a\x0d</data></match></read>
    <read><length>9</length><match><data>root\x40CB\x3e </data></match></read>
    <write><data>id</data></write>
    <write><data>\x04</data></write>
    <read><length>6</length><match><data>\x08\x08  \x08\x08</data></match></read>
    <write><data>\x0a\x0d</data></write>
    <read><length>8</length><match><data>\x08\x08  \x08\x08\x0a\x0d</data></match></read>
    <read><length>19</length><match><data>uid\x3droot gid\x3droot\x0a\x0d</data></match></read>
    <read><length>9</length><match><data>root\x40CB\x3e </data></match></read>
    <write><data>\x04</data></write>
    <read><length>6</length><match><data>\x08\x08  \x08\x08</data></match></read>
    <read><length>6</length><match><data>exit  </data></match></read>
    <read><length>8</length><match><data>\x08\x08  \x08\x08\x0a\x0d</data></match></read>
    <read><length>8</length><match><data>logout\x0a\x0d</data></match></read>
</replay>
</pov>