<?xml version="1.0" standalone="no" ?>
<!DOCTYPE pov SYSTEM "/usr/share/cgc-docs/replay.dtd">
<pov>
<cbid>service</cbid>
<seed>b4b4547bf2b4c5f1bd532ddb4c04f38134e53d5be41d49556233d8caac5879a60c302171e712660a1801d80a7f002a4f</seed>
<replay>
    <read><length>8</length><match><data>crs\x40CB\x3e </data></match></read>
    <write><data>id\x0a\x0d</data></write>
    <read><length>8</length><match><data>\x08\x08  \x08\x08\x0a\x0d</data></match></read>
    <read><length>17</length><match><data>uid\x3dcrs gid\x3dcrs\x0a\x0d</data></match></read>
    <read><length>8</length><match><data>crs\x40CB\x3e </data></match></read>
    <write><data>print jCAYvFhl\x0a\x0d</data></write>
    <read><length>8</length><match><data>\x08\x08  \x08\x08\x0a\x0d</data></match></read>
    <read><length>10</length><match><data>jCAYvFhl\x0a\x0d</data></match></read>
    <read><length>8</length><match><data>crs\x40CB\x3e </data></match></read>
    <write><data>\x1b\x5bA</data></write>
    <read><length>4</length><match><data>\x1b\x5b0G</data></match></read>
    <read><length>3</length><match><data>\x1b\x5bK</data></match></read>
    <read><length>8</length><match><data>crs\x40CB\x3e </data></match></read>
    <read><length>14</length><match><data>print jCAYvFhl</data></match></read>
    <write><data>\x1b\x5bA</data></write>
    <read><length>4</length><match><data>\x1b\x5b0G</data></match></read>
    <read><length>3</length><match><data>\x1b\x5bK</data></match></read>
    <read><length>8</length><match><data>crs\x40CB\x3e </data></match></read>
    <read><length>2</length><match><data>id</data></match></read>
    <write><data>\x0a\x0d</data></write>
    <read><length>8</length><match><data>\x08\x08  \x08\x08\x0a\x0d</data></match></read>
    <read><length>17</length><match><data>uid\x3dcrs gid\x3dcrs\x0a\x0d</data></match></read>
    <read><length>8</length><match><data>crs\x40CB\x3e </data></match></read>
    <write><data>\x1b\x5bA</data></write>
    <read><length>4</length><match><data>\x1b\x5b0G</data></match></read>
    <read><length>3</length><match><data>\x1b\x5bK</data></match></read>
    <read><length>8</length><match><data>crs\x40CB\x3e </data></match></read>
    <read><length>2</length><match><data>id</data></match></read>
    <write><data>\x1b\x5bB</data></write>
    <read><length>4</length><match><data>\x1b\x5b0G</data></match></read>
    <read><length>3</length><match><data>\x1b\x5bK</data></match></read>
    <read><length>8</length><match><data>crs\x40CB\x3e </data></match></read>
    <write><data>\x0a\x0d</data></write>
    <read><length>8</length><match><data>\x08\x08  \x08\x08\x0a\x0d</data></match></read>
    <read><length>8</length><match><data>crs\x40CB\x3e </data></match></read>
    <write><data>chuser root\x0a\x0d</data></write>
    <read><length>8</length><match><data>\x08\x08  \x08\x08\x0a\x0d</data></match></read>
    <read><length>10</length><match><data>Password: </data></match></read>
    <write><data>LA\x5d\x5cqaXAk\x5c\x0a\x0d</data></write>
    <read><length>8</length><match><data>\x08\x08  \x08\x08\x0a\x0d</data></match></read>
    <read><length>40</length><match><data>Authentication success for user \x27root\x27\x0a\x0d</data></match></read>
    <read><length>9</length><match><data>root\x40CB\x3e </data></match></read>
    <write><data>newuser root root\x0a\x0d</data></write>
    <read><length>8</length><match><data>\x08\x08  \x08\x08\x0a\x0d</data></match></read>
    <read><length>28</length><match><data>User \x27root\x27 already exists\x0a\x0d</data></match></read>
    <read><length>9</length><match><data>root\x40CB\x3e </data></match></read>
    <write><data>id\x0a\x0d</data></write>
    <read><length>8</length><match><data>\x08\x08  \x08\x08\x0a\x0d</data></match></read>
    <read><length>19</length><match><data>uid\x3droot gid\x3droot\x0a\x0d</data></match></read>
    <read><length>9</length><match><data>root\x40CB\x3e </data></match></read>
    <write><data>print AolUjRLuI\x0a\x0d</data></write>
    <read><length>8</length><match><data>\x08\x08  \x08\x08\x0a\x0d</data></match></read>
    <read><length>11</length><match><data>AolUjRLuI\x0a\x0d</data></match></read>
    <read><length>9</length><match><data>root\x40CB\x3e </data></match></read>
    <write><data>\x1b\x5bA</data></write>
    <read><length>4</length><match><data>\x1b\x5b0G</data></match></read>
    <read><length>3</length><match><data>\x1b\x5bK</data></match></read>
    <read><length>9</length><match><data>root\x40CB\x3e </data></match></read>
    <read><length>15</length><match><data>print AolUjRLuI</data></match></read>
    <write><data>\x1b\x5bA</data></write>
    <read><length>4</length><match><data>\x1b\x5b0G</data></match></read>
    <read><length>3</length><match><data>\x1b\x5bK</data></match></read>
    <read><length>9</length><match><data>root\x40CB\x3e </data></match></read>
    <read><length>2</length><match><data>id</data></match></read>
    <write><data>\x0a\x0d</data></write>
    <read><length>8</length><match><data>\x08\x08  \x08\x08\x0a\x0d</data></match></read>
    <read><length>19</length><match><data>uid\x3droot gid\x3droot\x0a\x0d</data></match></read>
    <read><length>9</length><match><data>root\x40CB\x3e </data></match></read>
    <write><data>\x1b\x5bA</data></write>
    <read><length>4</length><match><data>\x1b\x5b0G</data></match></read>
    <read><length>3</length><match><data>\x1b\x5bK</data></match></read>
    <read><length>9</length><match><data>root\x40CB\x3e </data></match></read>
    <read><length>2</length><match><data>id</data></match></read>
    <write><data>\x1b\x5bB</data></write>
    <read><length>4</length><match><data>\x1b\x5b0G</data></match></read>
    <read><length>3</length><match><data>\x1b\x5bK</data></match></read>
    <read><length>9</length><match><data>root\x40CB\x3e </data></match></read>
    <write><data>\x0a\x0d</data></write>
    <read><length>8</length><match><data>\x08\x08  \x08\x08\x0a\x0d</data></match></read>
    <read><length>9</length><match><data>root\x40CB\x3e </data></match></read>
    <write><data>newuser innw6 innw6\x0a\x0d</data></write>
    <read><length>8</length><match><data>\x08\x08  \x08\x08\x0a\x0d</data></match></read>
    <read><length>19</length><match><data>New user password: </data></match></read>
    <write><data>ey\x0a\x0d</data></write>
    <read><length>8</length><match><data>\x08\x08  \x08\x08\x0a\x0d</data></match></read>
    <read><length>20</length><match><data>User \x27innw6\x27 added\x0a\x0d</data></match></read>
    <read><length>9</length><match><data>root\x40CB\x3e </data></match></read>
    <write><data>chuser innw6\x0a\x0d</data></write>
    <read><length>8</length><match><data>\x08\x08  \x08\x08\x0a\x0d</data></match></read>
    <read><length>41</length><match><data>Authentication success for user \x27innw6\x27\x0a\x0d</data></match></read>
    <read><length>10</length><match><data>innw6\x40CB\x3e </data></match></read>
    <write><data>id\x0a\x0d</data></write>
    <read><length>8</length><match><data>\x08\x08  \x08\x08\x0a\x0d</data></match></read>
    <read><length>21</length><match><data>uid\x3dinnw6 gid\x3dinnw6\x0a\x0d</data></match></read>
    <read><length>10</length><match><data>innw6\x40CB\x3e </data></match></read>
    <write><data>id</data></write>
    <write><data>\x04</data></write>
    <read><length>6</length><match><data>\x08\x08  \x08\x08</data></match></read>
    <write><data>\x0a\x0d</data></write>
    <read><length>8</length><match><data>\x08\x08  \x08\x08\x0a\x0d</data></match></read>
    <read><length>21</length><match><data>uid\x3dinnw6 gid\x3dinnw6\x0a\x0d</data></match></read>
    <read><length>10</length><match><data>innw6\x40CB\x3e </data></match></read>
    <write><data>\x04</data></write>
    <read><length>6</length><match><data>\x08\x08  \x08\x08</data></match></read>
    <read><length>6</length><match><data>exit  </data></match></read>
    <read><length>8</length><match><data>\x08\x08  \x08\x08\x0a\x0d</data></match></read>
    <read><length>8</length><match><data>logout\x0a\x0d</data></match></read>
</replay>
</pov>