<?xml version="1.0" standalone="no" ?>
<!DOCTYPE pov SYSTEM "/usr/share/cgc-docs/replay.dtd">
<pov>
<cbid>service</cbid>
<seed>3424d2184b3c9d14235ec2035c7040c67f607a8fb7093f4deff9831d5d37dd7a701a56ed8c9391969aedb3d0f09afe27</seed>
<replay>
    <read><length>8</length><match><data>crs\x40CB\x3e </data></match></read>
    <write><data>chuser crs\x0a\x0d</data></write>
    <read><length>8</length><match><data>\x08\x08  \x08\x08\x0a\x0d</data></match></read>
    <read><length>10</length><match><data>Password: </data></match></read>
    <write><data>koCQbI\x0a\x0d</data></write>
    <read><length>8</length><match><data>\x08\x08  \x08\x08\x0a\x0d</data></match></read>
    <read><length>24</length><match><data>Authentication failure\x0a\x0d</data></match></read>
    <read><length>8</length><match><data>crs\x40CB\x3e </data></match></read>
    <write><data>id</data></write>
    <write><data>h5</data></write>
    <write><data>\x7f</data></write>
    <read><length>9</length><match><data>\x08\x08\x08   \x08\x08\x08</data></match></read>
    <write><data>\x7f</data></write>
    <read><length>9</length><match><data>\x08\x08\x08   \x08\x08\x08</data></match></read>
    <write><data>\x0a\x0d</data></write>
    <read><length>8</length><match><data>\x08\x08  \x08\x08\x0a\x0d</data></match></read>
    <read><length>17</length><match><data>uid\x3dcrs gid\x3dcrs\x0a\x0d</data></match></read>
    <read><length>8</length><match><data>crs\x40CB\x3e </data></match></read>
    <write><data>id</data></write>
    <write><data>7n</data></write>
    <write><data>\x1b\x5bD</data></write>
    <read><length>4</length><match><data>\x1b\x5b0G</data></match></read>
    <read><length>3</length><match><data>\x1b\x5bK</data></match></read>
    <read><length>8</length><match><data>crs\x40CB\x3e </data></match></read>
    <read><length>4</length><match><data>id7n</data></match></read>
    <read><length>4</length><match><data>\x1b\x5b1D</data></match></read>
    <write><data>\x1b\x5bD</data></write>
    <read><length>4</length><match><data>\x1b\x5b0G</data></match></read>
    <read><length>3</length><match><data>\x1b\x5bK</data></match></read>
    <read><length>8</length><match><data>crs\x40CB\x3e </data></match></read>
    <read><length>4</length><match><data>id7n</data></match></read>
    <read><length>4</length><match><data>\x1b\x5b2D</data></match></read>
    <write><data>\x0a\x0d</data></write>
    <read><length>8</length><match><data>\x08\x08  \x08\x08\x0a\x0d</data></match></read>
    <read><length>17</length><match><data>uid\x3dcrs gid\x3dcrs\x0a\x0d</data></match></read>
    <read><length>8</length><match><data>crs\x40CB\x3e </data></match></read>
    <write><data>chuser root\x0a\x0d</data></write>
    <read><length>8</length><match><data>\x08\x08  \x08\x08\x0a\x0d</data></match></read>
    <read><length>10</length><match><data>Password: </data></match></read>
    <write><data>nlHWAobUqr\x0a\x0d</data></write>
    <read><length>8</length><match><data>\x08\x08  \x08\x08\x0a\x0d</data></match></read>
    <read><length>40</length><match><data>Authentication success for user \x27root\x27\x0a\x0d</data></match></read>
    <read><length>9</length><match><data>root\x40CB\x3e </data></match></read>
    <write><data>newuser P8ygg P8ygg\x0a\x0d</data></write>
    <read><length>8</length><match><data>\x08\x08  \x08\x08\x0a\x0d</data></match></read>
    <read><length>19</length><match><data>New user password: </data></match></read>
    <write><data>u7fMo\x0a\x0d</data></write>
    <read><length>8</length><match><data>\x08\x08  \x08\x08\x0a\x0d</data></match></read>
    <read><length>20</length><match><data>User \x27P8ygg\x27 added\x0a\x0d</data></match></read>
    <read><length>9</length><match><data>root\x40CB\x3e </data></match></read>
    <write><data>chuser P8ygg\x0a\x0d</data></write>
    <read><length>8</length><match><data>\x08\x08  \x08\x08\x0a\x0d</data></match></read>
    <read><length>41</length><match><data>Authentication success for user \x27P8ygg\x27\x0a\x0d</data></match></read>
    <read><length>10</length><match><data>P8ygg\x40CB\x3e </data></match></read>
    <write><data>id</data></write>
    <write><data>2D</data></write>
    <write><data>\x7f</data></write>
    <read><length>9</length><match><data>\x08\x08\x08   \x08\x08\x08</data></match></read>
    <write><data>\x7f</data></write>
    <read><length>9</length><match><data>\x08\x08\x08   \x08\x08\x08</data></match></read>
    <write><data>\x0a\x0d</data></write>
    <read><length>8</length><match><data>\x08\x08  \x08\x08\x0a\x0d</data></match></read>
    <read><length>21</length><match><data>uid\x3dP8ygg gid\x3dP8ygg\x0a\x0d</data></match></read>
    <read><length>10</length><match><data>P8ygg\x40CB\x3e </data></match></read>
    <write><data>id</data></write>
    <write><data>Ab</data></write>
    <write><data>\x1b\x5bD</data></write>
    <read><length>4</length><match><data>\x1b\x5b0G</data></match></read>
    <read><length>3</length><match><data>\x1b\x5bK</data></match></read>
    <read><length>10</length><match><data>P8ygg\x40CB\x3e </data></match></read>
    <read><length>4</length><match><data>idAb</data></match></read>
    <read><length>4</length><match><data>\x1b\x5b1D</data></match></read>
    <write><data>\x1b\x5bD</data></write>
    <read><length>4</length><match><data>\x1b\x5b0G</data></match></read>
    <read><length>3</length><match><data>\x1b\x5bK</data></match></read>
    <read><length>10</length><match><data>P8ygg\x40CB\x3e </data></match></read>
    <read><length>4</length><match><data>idAb</data></match></read>
    <read><length>4</length><match><data>\x1b\x5b2D</data></match></read>
    <write><data>\x0a\x0d</data></write>
    <read><length>8</length><match><data>\x08\x08  \x08\x08\x0a\x0d</data></match></read>
    <read><length>21</length><match><data>uid\x3dP8ygg gid\x3dP8ygg\x0a\x0d</data></match></read>
    <read><length>10</length><match><data>P8ygg\x40CB\x3e </data></match></read>
    <write><data>chuser root\x0a\x0d</data></write>
    <read><length>8</length><match><data>\x08\x08  \x08\x08\x0a\x0d</data></match></read>
    <read><length>10</length><match><data>Password: </data></match></read>
    <write><data>nlHWAobUqr\x0a\x0d</data></write>
    <read><length>8</length><match><data>\x08\x08  \x08\x08\x0a\x0d</data></match></read>
    <read><length>40</length><match><data>Authentication success for user \x27root\x27\x0a\x0d</data></match></read>
    <read><length>9</length><match><data>root\x40CB\x3e </data></match></read>
    <write><data>chpw root\x0a\x0d</data></write>
    <read><length>8</length><match><data>\x08\x08  \x08\x08\x0a\x0d</data></match></read>
    <read><length>14</length><match><data>New password: </data></match></read>
    <write><data>asdf\x0a\x0d</data></write>
    <read><length>8</length><match><data>\x08\x08  \x08\x08\x0a\x0d</data></match></read>
    <read><length>9</length><match><data>root\x40CB\x3e </data></match></read>
    <write><data>chuser root\x0a\x0d</data></write>
    <read><length>8</length><match><data>\x08\x08  \x08\x08\x0a\x0d</data></match></read>
    <read><length>40</length><match><data>Authentication success for user \x27root\x27\x0a\x0d</data></match></read>
    <read><length>9</length><match><data>root\x40CB\x3e </data></match></read>
    <write><data>id</data></write>
    <write><data>\x04</data></write>
    <read><length>6</length><match><data>\x08\x08  \x08\x08</data></match></read>
    <write><data>\x0a\x0d</data></write>
    <read><length>8</length><match><data>\x08\x08  \x08\x08\x0a\x0d</data></match></read>
    <read><length>19</length><match><data>uid\x3droot gid\x3droot\x0a\x0d</data></match></read>
    <read><length>9</length><match><data>root\x40CB\x3e </data></match></read>
    <write><data>\x04</data></write>
    <read><length>6</length><match><data>\x08\x08  \x08\x08</data></match></read>
    <read><length>6</length><match><data>exit  </data></match></read>
    <read><length>8</length><match><data>\x08\x08  \x08\x08\x0a\x0d</data></match></read>
    <read><length>8</length><match><data>logout\x0a\x0d</data></match></read>
</replay>
</pov>