<?xml version="1.0" standalone="no" ?>
<!DOCTYPE pov SYSTEM "/usr/share/cgc-docs/replay.dtd">
<pov>
<cbid>service</cbid>
<seed>2a9f3ab8835ea19079ee2ef4cae3703b897c6e42e3df7eff1e0eebe233762a7f5e8efb58a9c2374b1ee8042bc638bb74</seed>
<replay>
    <read><length>23</length><match><data>1. Register New Player\x0a</data></match></read>
    <read><length>8</length><match><data>2. Exit\x0a</data></match></read>
    <read><length>2</length><match><data>\x3e </data></match></read>
    <write><data>2\x0a</data></write>
    <read><length>7</length><match><data>Exited\x0a</data></match></read>
</replay>
</pov>