<?xml version="1.0" standalone="no" ?>
<!DOCTYPE pov SYSTEM "/usr/share/cgc-docs/replay.dtd">
<pov>
<cbid>service</cbid>
<seed>213c29ad0a339339b20a152e967130373f936534291571c1628b149701bf0fc9f46693d494a4b008cf660ef71e10be49</seed>
<replay>
    <read><length>23</length><match><data>1. Register New Player\x0a</data></match></read>
    <read><length>8</length><match><data>2. Exit\x0a</data></match></read>
    <read><length>2</length><match><data>\x3e </data></match></read>
    <write><data>2\x0a</data></write>
    <read><length>7</length><match><data>Exited\x0a</data></match></read>
</replay>
</pov>