<?xml version="1.0" standalone="no" ?>
<!DOCTYPE pov SYSTEM "/usr/share/cgc-docs/replay.dtd">
<pov>
<cbid>service</cbid>
<seed>27ea425c555a9c845727bf04a3ad3a8a69a457928ac01b15a3ebb3a316d308fe0e7ca9e6ee980e2e230cccd05769295a</seed>
<replay>
    <read><length>23</length><match><data>1. Register New Player\x0a</data></match></read>
    <read><length>8</length><match><data>2. Exit\x0a</data></match></read>
    <read><length>2</length><match><data>\x3e </data></match></read>
    <write><data>1\x0a</data></write>
    <read><length>21</length><match><data>Flair 1 \x3d Terminator\x0a</data></match></read>
    <read><length>15</length><match><data>Flair 2 \x3d 2001\x0a</data></match></read>
    <read><length>19</length><match><data>Flair 3 \x3d Collosus\x0a</data></match></read>
    <read><length>39</length><match><data>Enter player information: \x5bname\x2cflair\x5d\x0a</data></match></read>
    <write><data>Player\x2c 1\x0a</data></write>
    <read><length>51</length><match><data>\x0aWelcome to WarGames\x2c Player. It\x27s just you vs. me\x0a</data></match></read>
    <read><length>21</length><match><data>\x2d\x2d\x2dPlayer\x27s stats\x2d\x2d\x2d\x0a</data></match></read>
    <read><length>17</length><match><data>Current Score: 0\x0a</data></match></read>
    <read><length>34</length><match><data>Number of Three in a row draws: 0\x0a</data></match></read>
    <read><length>33</length><match><data>Number of Three in a row wins: 0\x0a</data></match></read>
    <read><length>40</length><match><data>Number of Hammer\x2c Sheet\x2c Sheers wins: 0\x0a</data></match></read>
    <read><length>34</length><match><data>Number of Guess my number wins: 0\x0a</data></match></read>
    <read><length>1</length><match><data>\x0a</data></match></read>
    <read><delim>Choose a game to play:\x0a</delim></read>
    <read><delim>\x2d\x2dEasy\x2d\x2d\x0a</delim></read>
    <read><delim>1. Hammer\x2c Sheet\x2c Sheers\x0a</delim></read>
    <read><delim>\x2d\x2dMedium\x2d\x2d\x0a</delim></read>
    <read><delim>2. Guess my number\x0a</delim></read>
    <read><delim>\x2d\x2dImpossible\x2d\x2d\x0a</delim></read>
    <read><delim>3. Three in a row\x0a</delim></read>
    <read><delim>4. Give up\x0a\x0a</delim></read>
    <read><delim>Shall we play a game?\x0a</delim></read>
    <read><delim>Game \x23 </delim></read>
    <write><data>4\x0a</data></write>
    <read><length>26</length><match><data>See you next time\x2c Player\x0a</data></match></read>
    <read><length>23</length><match><data>1. Register New Player\x0a</data></match></read>
    <read><length>8</length><match><data>2. Exit\x0a</data></match></read>
    <read><length>2</length><match><data>\x3e </data></match></read>
    <write><data>1\x0a</data></write>
    <read><length>21</length><match><data>Flair 1 \x3d Terminator\x0a</data></match></read>
    <read><length>15</length><match><data>Flair 2 \x3d 2001\x0a</data></match></read>
    <read><length>19</length><match><data>Flair 3 \x3d Collosus\x0a</data></match></read>
    <read><length>39</length><match><data>Enter player information: \x5bname\x2cflair\x5d\x0a</data></match></read>
    <write><data>Player\x2c 2\x0a</data></write>
    <read><length>51</length><match><data>\x0aWelcome to WarGames\x2c Player. It\x27s just you vs. me\x0a</data></match></read>
    <read><length>21</length><match><data>\x2d\x2d\x2dPlayer\x27s stats\x2d\x2d\x2d\x0a</data></match></read>
    <read><length>17</length><match><data>Current Score: 0\x0a</data></match></read>
    <read><length>34</length><match><data>Number of Three in a row draws: 0\x0a</data></match></read>
    <read><length>33</length><match><data>Number of Three in a row wins: 0\x0a</data></match></read>
    <read><length>40</length><match><data>Number of Hammer\x2c Sheet\x2c Sheers wins: 0\x0a</data></match></read>
    <read><length>34</length><match><data>Number of Guess my number wins: 0\x0a</data></match></read>
    <read><length>1</length><match><data>\x0a</data></match></read>
    <read><delim>Choose a game to play:\x0a</delim></read>
    <read><delim>\x2d\x2dEasy\x2d\x2d\x0a</delim></read>
    <read><delim>1. Hammer\x2c Sheet\x2c Sheers\x0a</delim></read>
    <read><delim>\x2d\x2dMedium\x2d\x2d\x0a</delim></read>
    <read><delim>2. Guess my number\x0a</delim></read>
    <read><delim>\x2d\x2dImpossible\x2d\x2d\x0a</delim></read>
    <read><delim>3. Three in a row\x0a</delim></read>
    <read><delim>4. Give up\x0a\x0a</delim></read>
    <read><delim>Shall we play a game?\x0a</delim></read>
    <read><delim>Game \x23 </delim></read>
    <write><data>3\x0a</data></write>
    <read><length>38</length><match><data>You\x27re playing 3 in a row. Good luck!\x0a</data></match></read>
    <read><delim>\x0a</delim><match><pcre>|[HC-]|[HC-]|[HC-]|</pcre></match></read>
    <read><delim>\x0a</delim><match><pcre>|[HC-]|[HC-]|[HC-]|</pcre></match></read>
    <read><delim>\x0a</delim><match><pcre>|[HC-]|[HC-]|[HC-]|</pcre></match></read>
    <read><length>18</length><match><data>Enter move \x5by\x2cx\x5d: </data></match></read>
    <write><data>0\x2c0\x0a</data></write>
    <read><length>1</length><match><data>\x0a</data></match></read>
    <read><delim>\x0a</delim><match><pcre>|[HC-]|[HC-]|[HC-]|</pcre></match></read>
    <read><delim>\x0a</delim><match><pcre>|[HC-]|[HC-]|[HC-]|</pcre></match></read>
    <read><delim>\x0a</delim><match><pcre>|[HC-]|[HC-]|[HC-]|</pcre></match></read>
    <read><length>1</length><match><data>\x0a</data></match></read>
    <read><delim>\x0a</delim><match><pcre>|[HC-]|[HC-]|[HC-]|</pcre></match></read>
    <read><delim>\x0a</delim><match><pcre>|[HC-]|[HC-]|[HC-]|</pcre></match></read>
    <read><delim>\x0a</delim><match><pcre>|[HC-]|[HC-]|[HC-]|</pcre></match></read>
    <read><length>18</length><match><data>Enter move \x5by\x2cx\x5d: </data></match></read>
    <write><data>1\x2c2\x0a</data></write>
    <read><length>1</length><match><data>\x0a</data></match></read>
    <read><delim>\x0a</delim><match><pcre>|[HC-]|[HC-]|[HC-]|</pcre></match></read>
    <read><delim>\x0a</delim><match><pcre>|[HC-]|[HC-]|[HC-]|</pcre></match></read>
    <read><delim>\x0a</delim><match><pcre>|[HC-]|[HC-]|[HC-]|</pcre></match></read>
    <read><length>1</length><match><data>\x0a</data></match></read>
    <read><delim>\x0a</delim><match><pcre>|[HC-]|[HC-]|[HC-]|</pcre></match></read>
    <read><delim>\x0a</delim><match><pcre>|[HC-]|[HC-]|[HC-]|</pcre></match></read>
    <read><delim>\x0a</delim><match><pcre>|[HC-]|[HC-]|[HC-]|</pcre></match></read>
    <read><length>18</length><match><data>Enter move \x5by\x2cx\x5d: </data></match></read>
    <write><data>2\x2c2\x0a</data></write>
    <read><length>1</length><match><data>\x0a</data></match></read>
    <read><delim>\x0a</delim><match><pcre>|[HC-]|[HC-]|[HC-]|</pcre></match></read>
    <read><delim>\x0a</delim><match><pcre>|[HC-]|[HC-]|[HC-]|</pcre></match></read>
    <read><delim>\x0a</delim><match><pcre>|[HC-]|[HC-]|[HC-]|</pcre></match></read>
    <read><length>1</length><match><data>\x0a</data></match></read>
    <read><delim>\x0a</delim><match><pcre>|[HC-]|[HC-]|[HC-]|</pcre></match></read>
    <read><delim>\x0a</delim><match><pcre>|[HC-]|[HC-]|[HC-]|</pcre></match></read>
    <read><delim>\x0a</delim><match><pcre>|[HC-]|[HC-]|[HC-]|</pcre></match></read>
    <read><length>10</length><match><data>You lost.\x0a</data></match></read>
    <read><length>21</length><match><data>\x2d\x2d\x2dPlayer\x27s stats\x2d\x2d\x2d\x0a</data></match></read>
    <read><length>17</length><match><data>Current Score: 0\x0a</data></match></read>
    <read><length>34</length><match><data>Number of Three in a row draws: 0\x0a</data></match></read>
    <read><length>33</length><match><data>Number of Three in a row wins: 0\x0a</data></match></read>
    <read><length>40</length><match><data>Number of Hammer\x2c Sheet\x2c Sheers wins: 0\x0a</data></match></read>
    <read><length>34</length><match><data>Number of Guess my number wins: 0\x0a</data></match></read>
    <read><length>1</length><match><data>\x0a</data></match></read>
    <read><delim>Choose a game to play:\x0a</delim></read>
    <read><delim>\x2d\x2dEasy\x2d\x2d\x0a</delim></read>
    <read><delim>1. Hammer\x2c Sheet\x2c Sheers\x0a</delim></read>
    <read><delim>\x2d\x2dMedium\x2d\x2d\x0a</delim></read>
    <read><delim>2. Guess my number\x0a</delim></read>
    <read><delim>\x2d\x2dImpossible\x2d\x2d\x0a</delim></read>
    <read><delim>3. Three in a row\x0a</delim></read>
    <read><delim>4. Give up\x0a\x0a</delim></read>
    <read><delim>Shall we play a game?\x0a</delim></read>
    <read><delim>Game \x23 </delim></read>
    <write><data>1\x0a</data></write>
    <read><length>32</length><match><data>Choose \x5bHAMMER\x2c SHEET\x2c SHEERS\x5d: </data></match></read>
    <write><data>SHEET\x0a</data></write>
    <read><length>14</length><match><data>SHEET v SHEET\x0a</data></match></read>
    <read><length>12</length><match><data>It\x27s a tie!\x0a</data></match></read>
    <read><length>21</length><match><data>\x2d\x2d\x2dPlayer\x27s stats\x2d\x2d\x2d\x0a</data></match></read>
    <read><length>17</length><match><data>Current Score: 0\x0a</data></match></read>
    <read><length>34</length><match><data>Number of Three in a row draws: 0\x0a</data></match></read>
    <read><length>33</length><match><data>Number of Three in a row wins: 0\x0a</data></match></read>
    <read><length>40</length><match><data>Number of Hammer\x2c Sheet\x2c Sheers wins: 0\x0a</data></match></read>
    <read><length>34</length><match><data>Number of Guess my number wins: 0\x0a</data></match></read>
    <read><length>1</length><match><data>\x0a</data></match></read>
    <read><delim>Choose a game to play:\x0a</delim></read>
    <read><delim>\x2d\x2dEasy\x2d\x2d\x0a</delim></read>
    <read><delim>1. Hammer\x2c Sheet\x2c Sheers\x0a</delim></read>
    <read><delim>\x2d\x2dMedium\x2d\x2d\x0a</delim></read>
    <read><delim>2. Guess my number\x0a</delim></read>
    <read><delim>\x2d\x2dImpossible\x2d\x2d\x0a</delim></read>
    <read><delim>3. Three in a row\x0a</delim></read>
    <read><delim>4. Give up\x0a\x0a</delim></read>
    <read><delim>Shall we play a game?\x0a</delim></read>
    <read><delim>Game \x23 </delim></read>
    <write><data>2\x0a</data></write>
    <read><length>33</length><match><data>Enter max value \x28Default\x3d65535\x29: </data></match></read>
    <write><data>\x0a</data></write>
    <read><length>36</length><match><data>Guess the number \x5b16 guesses left\x5d: </data></match></read>
    <write><data>45488\x0a</data></write>
    <read><length>9</length><match><data>Too High\x0a</data></match></read>
    <read><length>36</length><match><data>Guess the number \x5b15 guesses left\x5d: </data></match></read>
    <write><data>38681\x0a</data></write>
    <read><length>9</length><match><data>Too High\x0a</data></match></read>
    <read><length>36</length><match><data>Guess the number \x5b14 guesses left\x5d: </data></match></read>
    <write><data>65210\x0a</data></write>
    <read><length>9</length><match><data>Too High\x0a</data></match></read>
    <read><length>36</length><match><data>Guess the number \x5b13 guesses left\x5d: </data></match></read>
    <write><data>60983\x0a</data></write>
    <read><length>9</length><match><data>Too High\x0a</data></match></read>
    <read><length>36</length><match><data>Guess the number \x5b12 guesses left\x5d: </data></match></read>
    <write><data>25908\x0a</data></write>
    <read><length>9</length><match><data>Too High\x0a</data></match></read>
    <read><length>36</length><match><data>Guess the number \x5b11 guesses left\x5d: </data></match></read>
    <write><data>63633\x0a</data></write>
    <read><length>9</length><match><data>Too High\x0a</data></match></read>
    <read><length>36</length><match><data>Guess the number \x5b10 guesses left\x5d: </data></match></read>
    <write><data>61693\x0a</data></write>
    <read><length>9</length><match><data>Too High\x0a</data></match></read>
    <read><length>35</length><match><data>Guess the number \x5b9 guesses left\x5d: </data></match></read>
    <write><data>64569\x0a</data></write>
    <read><length>9</length><match><data>Too High\x0a</data></match></read>
    <read><length>35</length><match><data>Guess the number \x5b8 guesses left\x5d: </data></match></read>
    <write><data>58613\x0a</data></write>
    <read><length>9</length><match><data>Too High\x0a</data></match></read>
    <read><length>35</length><match><data>Guess the number \x5b7 guesses left\x5d: </data></match></read>
    <write><data>39732\x0a</data></write>
    <read><length>9</length><match><data>Too High\x0a</data></match></read>
    <read><length>35</length><match><data>Guess the number \x5b6 guesses left\x5d: </data></match></read>
    <write><data>29850\x0a</data></write>
    <read><length>9</length><match><data>Too High\x0a</data></match></read>
    <read><length>35</length><match><data>Guess the number \x5b5 guesses left\x5d: </data></match></read>
    <write><data>46041\x0a</data></write>
    <read><length>9</length><match><data>Too High\x0a</data></match></read>
    <read><length>35</length><match><data>Guess the number \x5b4 guesses left\x5d: </data></match></read>
    <write><data>26283\x0a</data></write>
    <read><length>9</length><match><data>Too High\x0a</data></match></read>
    <read><length>35</length><match><data>Guess the number \x5b3 guesses left\x5d: </data></match></read>
    <write><data>46088\x0a</data></write>
    <read><length>9</length><match><data>Too High\x0a</data></match></read>
    <read><length>35</length><match><data>Guess the number \x5b2 guesses left\x5d: </data></match></read>
    <write><data>9863\x0a</data></write>
    <read><length>8</length><match><data>Too Low\x0a</data></match></read>
    <read><length>35</length><match><data>Guess the number \x5b1 guesses left\x5d: </data></match></read>
    <write><data>13290\x0a</data></write>
    <read><length>8</length><match><data>Too Low\x0a</data></match></read>
    <read><length>56</length><match><data>Sorry\x2c you lost. Try practicing with a lower max value.\x0a</data></match></read>
    <read><length>21</length><match><data>\x2d\x2d\x2dPlayer\x27s stats\x2d\x2d\x2d\x0a</data></match></read>
    <read><length>17</length><match><data>Current Score: 0\x0a</data></match></read>
    <read><length>34</length><match><data>Number of Three in a row draws: 0\x0a</data></match></read>
    <read><length>33</length><match><data>Number of Three in a row wins: 0\x0a</data></match></read>
    <read><length>40</length><match><data>Number of Hammer\x2c Sheet\x2c Sheers wins: 0\x0a</data></match></read>
    <read><length>34</length><match><data>Number of Guess my number wins: 0\x0a</data></match></read>
    <read><length>1</length><match><data>\x0a</data></match></read>
    <read><delim>Choose a game to play:\x0a</delim></read>
    <read><delim>\x2d\x2dEasy\x2d\x2d\x0a</delim></read>
    <read><delim>1. Hammer\x2c Sheet\x2c Sheers\x0a</delim></read>
    <read><delim>\x2d\x2dMedium\x2d\x2d\x0a</delim></read>
    <read><delim>2. Guess my number\x0a</delim></read>
    <read><delim>\x2d\x2dImpossible\x2d\x2d\x0a</delim></read>
    <read><delim>3. Three in a row\x0a</delim></read>
    <read><delim>4. Give up\x0a\x0a</delim></read>
    <read><delim>Shall we play a game?\x0a</delim></read>
    <read><delim>Game \x23 </delim></read>
    <write><data>1\x0a</data></write>
    <read><length>32</length><match><data>Choose \x5bHAMMER\x2c SHEET\x2c SHEERS\x5d: </data></match></read>
    <write><data>SHEERS\x0a</data></write>
    <read><length>16</length><match><data>SHEERS v HAMMER\x0a</data></match></read>
    <read><length>10</length><match><data>You Lose.\x0a</data></match></read>
    <read><length>21</length><match><data>\x2d\x2d\x2dPlayer\x27s stats\x2d\x2d\x2d\x0a</data></match></read>
    <read><length>17</length><match><data>Current Score: 0\x0a</data></match></read>
    <read><length>34</length><match><data>Number of Three in a row draws: 0\x0a</data></match></read>
    <read><length>33</length><match><data>Number of Three in a row wins: 0\x0a</data></match></read>
    <read><length>40</length><match><data>Number of Hammer\x2c Sheet\x2c Sheers wins: 0\x0a</data></match></read>
    <read><length>34</length><match><data>Number of Guess my number wins: 0\x0a</data></match></read>
    <read><length>1</length><match><data>\x0a</data></match></read>
    <read><delim>Choose a game to play:\x0a</delim></read>
    <read><delim>\x2d\x2dEasy\x2d\x2d\x0a</delim></read>
    <read><delim>1. Hammer\x2c Sheet\x2c Sheers\x0a</delim></read>
    <read><delim>\x2d\x2dMedium\x2d\x2d\x0a</delim></read>
    <read><delim>2. Guess my number\x0a</delim></read>
    <read><delim>\x2d\x2dImpossible\x2d\x2d\x0a</delim></read>
    <read><delim>3. Three in a row\x0a</delim></read>
    <read><delim>4. Give up\x0a\x0a</delim></read>
    <read><delim>Shall we play a game?\x0a</delim></read>
    <read><delim>Game \x23 </delim></read>
    <write><data>3\x0a</data></write>
    <read><length>38</length><match><data>You\x27re playing 3 in a row. Good luck!\x0a</data></match></read>
    <read><length>1</length><match><data>\x0a</data></match></read>
    <read><delim>\x0a</delim><match><pcre>|[HC-]|[HC-]|[HC-]|</pcre></match></read>
    <read><delim>\x0a</delim><match><pcre>|[HC-]|[HC-]|[HC-]|</pcre></match></read>
    <read><delim>\x0a</delim><match><pcre>|[HC-]|[HC-]|[HC-]|</pcre></match></read>
    <read><length>18</length><match><data>Enter move \x5by\x2cx\x5d: </data></match></read>
    <write><data>0\x2c1\x0a</data></write>
    <read><length>1</length><match><data>\x0a</data></match></read>
    <read><delim>\x0a</delim><match><pcre>|[HC-]|[HC-]|[HC-]|</pcre></match></read>
    <read><delim>\x0a</delim><match><pcre>|[HC-]|[HC-]|[HC-]|</pcre></match></read>
    <read><delim>\x0a</delim><match><pcre>|[HC-]|[HC-]|[HC-]|</pcre></match></read>
    <read><length>1</length><match><data>\x0a</data></match></read>
    <read><delim>\x0a</delim><match><pcre>|[HC-]|[HC-]|[HC-]|</pcre></match></read>
    <read><delim>\x0a</delim><match><pcre>|[HC-]|[HC-]|[HC-]|</pcre></match></read>
    <read><delim>\x0a</delim><match><pcre>|[HC-]|[HC-]|[HC-]|</pcre></match></read>
    <read><length>18</length><match><data>Enter move \x5by\x2cx\x5d: </data></match></read>
    <write><data>0\x2c2\x0a</data></write>
    <read><length>1</length><match><data>\x0a</data></match></read>
    <read><delim>\x0a</delim><match><pcre>|[HC-]|[HC-]|[HC-]|</pcre></match></read>
    <read><delim>\x0a</delim><match><pcre>|[HC-]|[HC-]|[HC-]|</pcre></match></read>
    <read><delim>\x0a</delim><match><pcre>|[HC-]|[HC-]|[HC-]|</pcre></match></read>
    <read><length>1</length><match><data>\x0a</data></match></read>
    <read><delim>\x0a</delim><match><pcre>|[HC-]|[HC-]|[HC-]|</pcre></match></read>
    <read><delim>\x0a</delim><match><pcre>|[HC-]|[HC-]|[HC-]|</pcre></match></read>
    <read><delim>\x0a</delim><match><pcre>|[HC-]|[HC-]|[HC-]|</pcre></match></read>
    <read><length>10</length><match><data>You lost.\x0a</data></match></read>
    <read><length>21</length><match><data>\x2d\x2d\x2dPlayer\x27s stats\x2d\x2d\x2d\x0a</data></match></read>
    <read><length>17</length><match><data>Current Score: 0\x0a</data></match></read>
    <read><length>34</length><match><data>Number of Three in a row draws: 0\x0a</data></match></read>
    <read><length>33</length><match><data>Number of Three in a row wins: 0\x0a</data></match></read>
    <read><length>40</length><match><data>Number of Hammer\x2c Sheet\x2c Sheers wins: 0\x0a</data></match></read>
    <read><length>34</length><match><data>Number of Guess my number wins: 0\x0a</data></match></read>
    <read><length>1</length><match><data>\x0a</data></match></read>
    <read><delim>Choose a game to play:\x0a</delim></read>
    <read><delim>\x2d\x2dEasy\x2d\x2d\x0a</delim></read>
    <read><delim>1. Hammer\x2c Sheet\x2c Sheers\x0a</delim></read>
    <read><delim>\x2d\x2dMedium\x2d\x2d\x0a</delim></read>
    <read><delim>2. Guess my number\x0a</delim></read>
    <read><delim>\x2d\x2dImpossible\x2d\x2d\x0a</delim></read>
    <read><delim>3. Three in a row\x0a</delim></read>
    <read><delim>4. Give up\x0a\x0a</delim></read>
    <read><delim>Shall we play a game?\x0a</delim></read>
    <read><delim>Game \x23 </delim></read>
    <write><data>1\x0a</data></write>
    <read><length>32</length><match><data>Choose \x5bHAMMER\x2c SHEET\x2c SHEERS\x5d: </data></match></read>
    <write><data>SHEET\x0a</data></write>
    <read><length>15</length><match><data>SHEET v HAMMER\x0a</data></match></read>
    <read><length>9</length><match><data>You Win!\x0a</data></match></read>
    <read><length>21</length><match><data>\x2d\x2d\x2dPlayer\x27s stats\x2d\x2d\x2d\x0a</data></match></read>
    <read><length>20</length><match><data>Current Score: 1000\x0a</data></match></read>
    <read><length>34</length><match><data>Number of Three in a row draws: 0\x0a</data></match></read>
    <read><length>33</length><match><data>Number of Three in a row wins: 0\x0a</data></match></read>
    <read><length>40</length><match><data>Number of Hammer\x2c Sheet\x2c Sheers wins: 1\x0a</data></match></read>
    <read><length>34</length><match><data>Number of Guess my number wins: 0\x0a</data></match></read>
    <read><length>1</length><match><data>\x0a</data></match></read>
    <read><delim>Choose a game to play:\x0a</delim></read>
    <read><delim>\x2d\x2dEasy\x2d\x2d\x0a</delim></read>
    <read><delim>1. Hammer\x2c Sheet\x2c Sheers\x0a</delim></read>
    <read><delim>\x2d\x2dMedium\x2d\x2d\x0a</delim></read>
    <read><delim>2. Guess my number\x0a</delim></read>
    <read><delim>\x2d\x2dImpossible\x2d\x2d\x0a</delim></read>
    <read><delim>3. Three in a row\x0a</delim></read>
    <read><delim>4. Give up\x0a\x0a</delim></read>
    <read><delim>Shall we play a game?\x0a</delim></read>
    <read><delim>Game \x23 </delim></read>
    <write><data>2\x0a</data></write>
    <read><length>33</length><match><data>Enter max value \x28Default\x3d65535\x29: </data></match></read>
    <write><data>\x0a</data></write>
    <read><length>36</length><match><data>Guess the number \x5b16 guesses left\x5d: </data></match></read>
    <write><data>16776\x0a</data></write>
    <read><length>9</length><match><data>Too High\x0a</data></match></read>
    <read><length>36</length><match><data>Guess the number \x5b15 guesses left\x5d: </data></match></read>
    <write><data>53216\x0a</data></write>
    <read><length>9</length><match><data>Too High\x0a</data></match></read>
    <read><length>36</length><match><data>Guess the number \x5b14 guesses left\x5d: </data></match></read>
    <write><data>18980\x0a</data></write>
    <read><length>9</length><match><data>Too High\x0a</data></match></read>
    <read><length>36</length><match><data>Guess the number \x5b13 guesses left\x5d: </data></match></read>
    <write><data>20284\x0a</data></write>
    <read><length>9</length><match><data>Too High\x0a</data></match></read>
    <read><length>36</length><match><data>Guess the number \x5b12 guesses left\x5d: </data></match></read>
    <write><data>14396\x0a</data></write>
    <read><length>9</length><match><data>Too High\x0a</data></match></read>
    <read><length>36</length><match><data>Guess the number \x5b11 guesses left\x5d: </data></match></read>
    <write><data>37397\x0a</data></write>
    <read><length>9</length><match><data>Too High\x0a</data></match></read>
    <read><length>36</length><match><data>Guess the number \x5b10 guesses left\x5d: </data></match></read>
    <write><data>52581\x0a</data></write>
    <read><length>9</length><match><data>Too High\x0a</data></match></read>
    <read><length>35</length><match><data>Guess the number \x5b9 guesses left\x5d: </data></match></read>
    <write><data>21634\x0a</data></write>
    <read><length>9</length><match><data>Too High\x0a</data></match></read>
    <read><length>35</length><match><data>Guess the number \x5b8 guesses left\x5d: </data></match></read>
    <write><data>32504\x0a</data></write>
    <read><length>9</length><match><data>Too High\x0a</data></match></read>
    <read><length>35</length><match><data>Guess the number \x5b7 guesses left\x5d: </data></match></read>
    <write><data>28407\x0a</data></write>
    <read><length>9</length><match><data>Too High\x0a</data></match></read>
    <read><length>35</length><match><data>Guess the number \x5b6 guesses left\x5d: </data></match></read>
    <write><data>16827\x0a</data></write>
    <read><length>9</length><match><data>Too High\x0a</data></match></read>
    <read><length>35</length><match><data>Guess the number \x5b5 guesses left\x5d: </data></match></read>
    <write><data>32198\x0a</data></write>
    <read><length>9</length><match><data>Too High\x0a</data></match></read>
    <read><length>35</length><match><data>Guess the number \x5b4 guesses left\x5d: </data></match></read>
    <write><data>39478\x0a</data></write>
    <read><length>9</length><match><data>Too High\x0a</data></match></read>
    <read><length>35</length><match><data>Guess the number \x5b3 guesses left\x5d: </data></match></read>
    <write><data>74\x0a</data></write>
    <read><length>8</length><match><data>Too Low\x0a</data></match></read>
    <read><length>35</length><match><data>Guess the number \x5b2 guesses left\x5d: </data></match></read>
    <write><data>59834\x0a</data></write>
    <read><length>9</length><match><data>Too High\x0a</data></match></read>
    <read><length>35</length><match><data>Guess the number \x5b1 guesses left\x5d: </data></match></read>
    <write><data>59027\x0a</data></write>
    <read><length>9</length><match><data>Too High\x0a</data></match></read>
    <read><length>56</length><match><data>Sorry\x2c you lost. Try practicing with a lower max value.\x0a</data></match></read>
    <read><length>21</length><match><data>\x2d\x2d\x2dPlayer\x27s stats\x2d\x2d\x2d\x0a</data></match></read>
    <read><length>20</length><match><data>Current Score: 1000\x0a</data></match></read>
    <read><length>34</length><match><data>Number of Three in a row draws: 0\x0a</data></match></read>
    <read><length>33</length><match><data>Number of Three in a row wins: 0\x0a</data></match></read>
    <read><length>40</length><match><data>Number of Hammer\x2c Sheet\x2c Sheers wins: 1\x0a</data></match></read>
    <read><length>34</length><match><data>Number of Guess my number wins: 0\x0a</data></match></read>
    <read><length>1</length><match><data>\x0a</data></match></read>
    <read><delim>Choose a game to play:\x0a</delim></read>
    <read><delim>\x2d\x2dEasy\x2d\x2d\x0a</delim></read>
    <read><delim>1. Hammer\x2c Sheet\x2c Sheers\x0a</delim></read>
    <read><delim>\x2d\x2dMedium\x2d\x2d\x0a</delim></read>
    <read><delim>2. Guess my number\x0a</delim></read>
    <read><delim>\x2d\x2dImpossible\x2d\x2d\x0a</delim></read>
    <read><delim>3. Three in a row\x0a</delim></read>
    <read><delim>4. Give up\x0a\x0a</delim></read>
    <read><delim>Shall we play a game?\x0a</delim></read>
    <read><delim>Game \x23 </delim></read>
    <write><data>4\x0a</data></write>
    <read><length>26</length><match><data>See you next time\x2c Player\x0a</data></match></read>
    <read><length>23</length><match><data>1. Register New Player\x0a</data></match></read>
    <read><length>8</length><match><data>2. Exit\x0a</data></match></read>
    <read><length>2</length><match><data>\x3e </data></match></read>
    <write><data>1\x0a</data></write>
    <read><length>21</length><match><data>Flair 1 \x3d Terminator\x0a</data></match></read>
    <read><length>15</length><match><data>Flair 2 \x3d 2001\x0a</data></match></read>
    <read><length>19</length><match><data>Flair 3 \x3d Collosus\x0a</data></match></read>
    <read><length>39</length><match><data>Enter player information: \x5bname\x2cflair\x5d\x0a</data></match></read>
    <write><data>Player\x2c 3\x0a</data></write>
    <read><length>51</length><match><data>\x0aWelcome to WarGames\x2c Player. It\x27s just you vs. me\x0a</data></match></read>
    <read><length>21</length><match><data>\x2d\x2d\x2dPlayer\x27s stats\x2d\x2d\x2d\x0a</data></match></read>
    <read><length>17</length><match><data>Current Score: 0\x0a</data></match></read>
    <read><length>34</length><match><data>Number of Three in a row draws: 0\x0a</data></match></read>
    <read><length>33</length><match><data>Number of Three in a row wins: 0\x0a</data></match></read>
    <read><length>40</length><match><data>Number of Hammer\x2c Sheet\x2c Sheers wins: 0\x0a</data></match></read>
    <read><length>34</length><match><data>Number of Guess my number wins: 0\x0a</data></match></read>
    <read><length>1</length><match><data>\x0a</data></match></read>
    <read><delim>Choose a game to play:\x0a</delim></read>
    <read><delim>\x2d\x2dEasy\x2d\x2d\x0a</delim></read>
    <read><delim>1. Hammer\x2c Sheet\x2c Sheers\x0a</delim></read>
    <read><delim>\x2d\x2dMedium\x2d\x2d\x0a</delim></read>
    <read><delim>2. Guess my number\x0a</delim></read>
    <read><delim>\x2d\x2dImpossible\x2d\x2d\x0a</delim></read>
    <read><delim>3. Three in a row\x0a</delim></read>
    <read><delim>4. Give up\x0a\x0a</delim></read>
    <read><delim>Shall we play a game?\x0a</delim></read>
    <read><delim>Game \x23 </delim></read>
    <write><data>3\x0a</data></write>
    <read><length>38</length><match><data>You\x27re playing 3 in a row. Good luck!\x0a</data></match></read>
    <read><delim>\x0a</delim><match><pcre>|[HC-]|[HC-]|[HC-]|</pcre></match></read>
    <read><delim>\x0a</delim><match><pcre>|[HC-]|[HC-]|[HC-]|</pcre></match></read>
    <read><delim>\x0a</delim><match><pcre>|[HC-]|[HC-]|[HC-]|</pcre></match></read>
    <read><length>18</length><match><data>Enter move \x5by\x2cx\x5d: </data></match></read>
    <write><data>0\x2c0\x0a</data></write>
    <read><length>1</length><match><data>\x0a</data></match></read>
    <read><delim>\x0a</delim><match><pcre>|[HC-]|[HC-]|[HC-]|</pcre></match></read>
    <read><delim>\x0a</delim><match><pcre>|[HC-]|[HC-]|[HC-]|</pcre></match></read>
    <read><delim>\x0a</delim><match><pcre>|[HC-]|[HC-]|[HC-]|</pcre></match></read>
    <read><length>1</length><match><data>\x0a</data></match></read>
    <read><delim>\x0a</delim><match><pcre>|[HC-]|[HC-]|[HC-]|</pcre></match></read>
    <read><delim>\x0a</delim><match><pcre>|[HC-]|[HC-]|[HC-]|</pcre></match></read>
    <read><delim>\x0a</delim><match><pcre>|[HC-]|[HC-]|[HC-]|</pcre></match></read>
    <read><length>18</length><match><data>Enter move \x5by\x2cx\x5d: </data></match></read>
    <write><data>1\x2c2\x0a</data></write>
    <read><length>1</length><match><data>\x0a</data></match></read>
    <read><delim>\x0a</delim><match><pcre>|[HC-]|[HC-]|[HC-]|</pcre></match></read>
    <read><delim>\x0a</delim><match><pcre>|[HC-]|[HC-]|[HC-]|</pcre></match></read>
    <read><delim>\x0a</delim><match><pcre>|[HC-]|[HC-]|[HC-]|</pcre></match></read>
    <read><length>1</length><match><data>\x0a</data></match></read>
    <read><delim>\x0a</delim><match><pcre>|[HC-]|[HC-]|[HC-]|</pcre></match></read>
    <read><delim>\x0a</delim><match><pcre>|[HC-]|[HC-]|[HC-]|</pcre></match></read>
    <read><delim>\x0a</delim><match><pcre>|[HC-]|[HC-]|[HC-]|</pcre></match></read>
    <read><length>18</length><match><data>Enter move \x5by\x2cx\x5d: </data></match></read>
    <write><data>2\x2c2\x0a</data></write>
    <read><length>1</length><match><data>\x0a</data></match></read>
    <read><delim>\x0a</delim><match><pcre>|[HC-]|[HC-]|[HC-]|</pcre></match></read>
    <read><delim>\x0a</delim><match><pcre>|[HC-]|[HC-]|[HC-]|</pcre></match></read>
    <read><delim>\x0a</delim><match><pcre>|[HC-]|[HC-]|[HC-]|</pcre></match></read>
    <read><length>1</length><match><data>\x0a</data></match></read>
    <read><delim>\x0a</delim><match><pcre>|[HC-]|[HC-]|[HC-]|</pcre></match></read>
    <read><delim>\x0a</delim><match><pcre>|[HC-]|[HC-]|[HC-]|</pcre></match></read>
    <read><delim>\x0a</delim><match><pcre>|[HC-]|[HC-]|[HC-]|</pcre></match></read>
    <read><length>10</length><match><data>You lost.\x0a</data></match></read>
    <read><length>21</length><match><data>\x2d\x2d\x2dPlayer\x27s stats\x2d\x2d\x2d\x0a</data></match></read>
    <read><length>17</length><match><data>Current Score: 0\x0a</data></match></read>
    <read><length>34</length><match><data>Number of Three in a row draws: 0\x0a</data></match></read>
    <read><length>33</length><match><data>Number of Three in a row wins: 0\x0a</data></match></read>
    <read><length>40</length><match><data>Number of Hammer\x2c Sheet\x2c Sheers wins: 0\x0a</data></match></read>
    <read><length>34</length><match><data>Number of Guess my number wins: 0\x0a</data></match></read>
    <read><length>1</length><match><data>\x0a</data></match></read>
    <read><delim>Choose a game to play:\x0a</delim></read>
    <read><delim>\x2d\x2dEasy\x2d\x2d\x0a</delim></read>
    <read><delim>1. Hammer\x2c Sheet\x2c Sheers\x0a</delim></read>
    <read><delim>\x2d\x2dMedium\x2d\x2d\x0a</delim></read>
    <read><delim>2. Guess my number\x0a</delim></read>
    <read><delim>\x2d\x2dImpossible\x2d\x2d\x0a</delim></read>
    <read><delim>3. Three in a row\x0a</delim></read>
    <read><delim>4. Give up\x0a\x0a</delim></read>
    <read><delim>Shall we play a game?\x0a</delim></read>
    <read><delim>Game \x23 </delim></read>
    <write><data>2\x0a</data></write>
    <read><length>33</length><match><data>Enter max value \x28Default\x3d65535\x29: </data></match></read>
    <write><data>\x0a</data></write>
    <read><length>36</length><match><data>Guess the number \x5b16 guesses left\x5d: </data></match></read>
    <write><data>52538\x0a</data></write>
    <read><length>9</length><match><data>Too High\x0a</data></match></read>
    <read><length>36</length><match><data>Guess the number \x5b15 guesses left\x5d: </data></match></read>
    <write><data>22309\x0a</data></write>
    <read><length>9</length><match><data>Too High\x0a</data></match></read>
    <read><length>36</length><match><data>Guess the number \x5b14 guesses left\x5d: </data></match></read>
    <write><data>50205\x0a</data></write>
    <read><length>9</length><match><data>Too High\x0a</data></match></read>
    <read><length>36</length><match><data>Guess the number \x5b13 guesses left\x5d: </data></match></read>
    <write><data>5830\x0a</data></write>
    <read><length>8</length><match><data>Too Low\x0a</data></match></read>
    <read><length>36</length><match><data>Guess the number \x5b12 guesses left\x5d: </data></match></read>
    <write><data>19678\x0a</data></write>
    <read><length>9</length><match><data>Too High\x0a</data></match></read>
    <read><length>36</length><match><data>Guess the number \x5b11 guesses left\x5d: </data></match></read>
    <write><data>37912\x0a</data></write>
    <read><length>9</length><match><data>Too High\x0a</data></match></read>
    <read><length>36</length><match><data>Guess the number \x5b10 guesses left\x5d: </data></match></read>
    <write><data>33031\x0a</data></write>
    <read><length>9</length><match><data>Too High\x0a</data></match></read>
    <read><length>35</length><match><data>Guess the number \x5b9 guesses left\x5d: </data></match></read>
    <write><data>11181\x0a</data></write>
    <read><length>8</length><match><data>Too Low\x0a</data></match></read>
    <read><length>35</length><match><data>Guess the number \x5b8 guesses left\x5d: </data></match></read>
    <write><data>52461\x0a</data></write>
    <read><length>9</length><match><data>Too High\x0a</data></match></read>
    <read><length>35</length><match><data>Guess the number \x5b7 guesses left\x5d: </data></match></read>
    <write><data>59336\x0a</data></write>
    <read><length>9</length><match><data>Too High\x0a</data></match></read>
    <read><length>35</length><match><data>Guess the number \x5b6 guesses left\x5d: </data></match></read>
    <write><data>52882\x0a</data></write>
    <read><length>9</length><match><data>Too High\x0a</data></match></read>
    <read><length>35</length><match><data>Guess the number \x5b5 guesses left\x5d: </data></match></read>
    <write><data>6056\x0a</data></write>
    <read><length>8</length><match><data>Too Low\x0a</data></match></read>
    <read><length>35</length><match><data>Guess the number \x5b4 guesses left\x5d: </data></match></read>
    <write><data>6740\x0a</data></write>
    <read><length>8</length><match><data>Too Low\x0a</data></match></read>
    <read><length>35</length><match><data>Guess the number \x5b3 guesses left\x5d: </data></match></read>
    <write><data>64923\x0a</data></write>
    <read><length>9</length><match><data>Too High\x0a</data></match></read>
    <read><length>35</length><match><data>Guess the number \x5b2 guesses left\x5d: </data></match></read>
    <write><data>52443\x0a</data></write>
    <read><length>9</length><match><data>Too High\x0a</data></match></read>
    <read><length>35</length><match><data>Guess the number \x5b1 guesses left\x5d: </data></match></read>
    <write><data>62515\x0a</data></write>
    <read><length>9</length><match><data>Too High\x0a</data></match></read>
    <read><length>56</length><match><data>Sorry\x2c you lost. Try practicing with a lower max value.\x0a</data></match></read>
    <read><length>21</length><match><data>\x2d\x2d\x2dPlayer\x27s stats\x2d\x2d\x2d\x0a</data></match></read>
    <read><length>17</length><match><data>Current Score: 0\x0a</data></match></read>
    <read><length>34</length><match><data>Number of Three in a row draws: 0\x0a</data></match></read>
    <read><length>33</length><match><data>Number of Three in a row wins: 0\x0a</data></match></read>
    <read><length>40</length><match><data>Number of Hammer\x2c Sheet\x2c Sheers wins: 0\x0a</data></match></read>
    <read><length>34</length><match><data>Number of Guess my number wins: 0\x0a</data></match></read>
    <read><length>1</length><match><data>\x0a</data></match></read>
    <read><delim>Choose a game to play:\x0a</delim></read>
    <read><delim>\x2d\x2dEasy\x2d\x2d\x0a</delim></read>
    <read><delim>1. Hammer\x2c Sheet\x2c Sheers\x0a</delim></read>
    <read><delim>\x2d\x2dMedium\x2d\x2d\x0a</delim></read>
    <read><delim>2. Guess my number\x0a</delim></read>
    <read><delim>\x2d\x2dImpossible\x2d\x2d\x0a</delim></read>
    <read><delim>3. Three in a row\x0a</delim></read>
    <read><delim>4. Give up\x0a\x0a</delim></read>
    <read><delim>Shall we play a game?\x0a</delim></read>
    <read><delim>Game \x23 </delim></read>
    <write><data>1\x0a</data></write>
    <read><length>32</length><match><data>Choose \x5bHAMMER\x2c SHEET\x2c SHEERS\x5d: </data></match></read>
    <write><data>HAMMER\x0a</data></write>
    <read><length>16</length><match><data>HAMMER v SHEERS\x0a</data></match></read>
    <read><length>9</length><match><data>You Win!\x0a</data></match></read>
    <read><length>21</length><match><data>\x2d\x2d\x2dPlayer\x27s stats\x2d\x2d\x2d\x0a</data></match></read>
    <read><length>20</length><match><data>Current Score: 1000\x0a</data></match></read>
    <read><length>34</length><match><data>Number of Three in a row draws: 0\x0a</data></match></read>
    <read><length>33</length><match><data>Number of Three in a row wins: 0\x0a</data></match></read>
    <read><length>40</length><match><data>Number of Hammer\x2c Sheet\x2c Sheers wins: 1\x0a</data></match></read>
    <read><length>34</length><match><data>Number of Guess my number wins: 0\x0a</data></match></read>
    <read><length>1</length><match><data>\x0a</data></match></read>
    <read><delim>Choose a game to play:\x0a</delim></read>
    <read><delim>\x2d\x2dEasy\x2d\x2d\x0a</delim></read>
    <read><delim>1. Hammer\x2c Sheet\x2c Sheers\x0a</delim></read>
    <read><delim>\x2d\x2dMedium\x2d\x2d\x0a</delim></read>
    <read><delim>2. Guess my number\x0a</delim></read>
    <read><delim>\x2d\x2dImpossible\x2d\x2d\x0a</delim></read>
    <read><delim>3. Three in a row\x0a</delim></read>
    <read><delim>4. Give up\x0a\x0a</delim></read>
    <read><delim>Shall we play a game?\x0a</delim></read>
    <read><delim>Game \x23 </delim></read>
    <write><data>2\x0a</data></write>
    <read><length>33</length><match><data>Enter max value \x28Default\x3d65535\x29: </data></match></read>
    <write><data>\x0a</data></write>
    <read><length>36</length><match><data>Guess the number \x5b16 guesses left\x5d: </data></match></read>
    <write><data>45575\x0a</data></write>
    <read><length>9</length><match><data>Too High\x0a</data></match></read>
    <read><length>36</length><match><data>Guess the number \x5b15 guesses left\x5d: </data></match></read>
    <write><data>11057\x0a</data></write>
    <read><length>8</length><match><data>Too Low\x0a</data></match></read>
    <read><length>36</length><match><data>Guess the number \x5b14 guesses left\x5d: </data></match></read>
    <write><data>12408\x0a</data></write>
    <read><length>8</length><match><data>Too Low\x0a</data></match></read>
    <read><length>36</length><match><data>Guess the number \x5b13 guesses left\x5d: </data></match></read>
    <write><data>37442\x0a</data></write>
    <read><length>9</length><match><data>Too High\x0a</data></match></read>
    <read><length>36</length><match><data>Guess the number \x5b12 guesses left\x5d: </data></match></read>
    <write><data>42134\x0a</data></write>
    <read><length>9</length><match><data>Too High\x0a</data></match></read>
    <read><length>36</length><match><data>Guess the number \x5b11 guesses left\x5d: </data></match></read>
    <write><data>29829\x0a</data></write>
    <read><length>9</length><match><data>Too High\x0a</data></match></read>
    <read><length>36</length><match><data>Guess the number \x5b10 guesses left\x5d: </data></match></read>
    <write><data>4277\x0a</data></write>
    <read><length>8</length><match><data>Too Low\x0a</data></match></read>
    <read><length>35</length><match><data>Guess the number \x5b9 guesses left\x5d: </data></match></read>
    <write><data>24193\x0a</data></write>
    <read><length>9</length><match><data>Too High\x0a</data></match></read>
    <read><length>35</length><match><data>Guess the number \x5b8 guesses left\x5d: </data></match></read>
    <write><data>2199\x0a</data></write>
    <read><length>8</length><match><data>Too Low\x0a</data></match></read>
    <read><length>35</length><match><data>Guess the number \x5b7 guesses left\x5d: </data></match></read>
    <write><data>56193\x0a</data></write>
    <read><length>9</length><match><data>Too High\x0a</data></match></read>
    <read><length>35</length><match><data>Guess the number \x5b6 guesses left\x5d: </data></match></read>
    <write><data>4420\x0a</data></write>
    <read><length>8</length><match><data>Too Low\x0a</data></match></read>
    <read><length>35</length><match><data>Guess the number \x5b5 guesses left\x5d: </data></match></read>
    <write><data>32122\x0a</data></write>
    <read><length>9</length><match><data>Too High\x0a</data></match></read>
    <read><length>35</length><match><data>Guess the number \x5b4 guesses left\x5d: </data></match></read>
    <write><data>9289\x0a</data></write>
    <read><length>8</length><match><data>Too Low\x0a</data></match></read>
    <read><length>35</length><match><data>Guess the number \x5b3 guesses left\x5d: </data></match></read>
    <write><data>57399\x0a</data></write>
    <read><length>9</length><match><data>Too High\x0a</data></match></read>
    <read><length>35</length><match><data>Guess the number \x5b2 guesses left\x5d: </data></match></read>
    <write><data>23137\x0a</data></write>
    <read><length>9</length><match><data>Too High\x0a</data></match></read>
    <read><length>35</length><match><data>Guess the number \x5b1 guesses left\x5d: </data></match></read>
    <write><data>58674\x0a</data></write>
    <read><length>9</length><match><data>Too High\x0a</data></match></read>
    <read><length>56</length><match><data>Sorry\x2c you lost. Try practicing with a lower max value.\x0a</data></match></read>
    <read><length>21</length><match><data>\x2d\x2d\x2dPlayer\x27s stats\x2d\x2d\x2d\x0a</data></match></read>
    <read><length>20</length><match><data>Current Score: 1000\x0a</data></match></read>
    <read><length>34</length><match><data>Number of Three in a row draws: 0\x0a</data></match></read>
    <read><length>33</length><match><data>Number of Three in a row wins: 0\x0a</data></match></read>
    <read><length>40</length><match><data>Number of Hammer\x2c Sheet\x2c Sheers wins: 1\x0a</data></match></read>
    <read><length>34</length><match><data>Number of Guess my number wins: 0\x0a</data></match></read>
    <read><length>1</length><match><data>\x0a</data></match></read>
    <read><delim>Choose a game to play:\x0a</delim></read>
    <read><delim>\x2d\x2dEasy\x2d\x2d\x0a</delim></read>
    <read><delim>1. Hammer\x2c Sheet\x2c Sheers\x0a</delim></read>
    <read><delim>\x2d\x2dMedium\x2d\x2d\x0a</delim></read>
    <read><delim>2. Guess my number\x0a</delim></read>
    <read><delim>\x2d\x2dImpossible\x2d\x2d\x0a</delim></read>
    <read><delim>3. Three in a row\x0a</delim></read>
    <read><delim>4. Give up\x0a\x0a</delim></read>
    <read><delim>Shall we play a game?\x0a</delim></read>
    <read><delim>Game \x23 </delim></read>
    <write><data>1\x0a</data></write>
    <read><length>32</length><match><data>Choose \x5bHAMMER\x2c SHEET\x2c SHEERS\x5d: </data></match></read>
    <write><data>HAMMER\x0a</data></write>
    <read><length>16</length><match><data>HAMMER v SHEERS\x0a</data></match></read>
    <read><length>9</length><match><data>You Win!\x0a</data></match></read>
    <read><length>21</length><match><data>\x2d\x2d\x2dPlayer\x27s stats\x2d\x2d\x2d\x0a</data></match></read>
    <read><length>20</length><match><data>Current Score: 2000\x0a</data></match></read>
    <read><length>34</length><match><data>Number of Three in a row draws: 0\x0a</data></match></read>
    <read><length>33</length><match><data>Number of Three in a row wins: 0\x0a</data></match></read>
    <read><length>40</length><match><data>Number of Hammer\x2c Sheet\x2c Sheers wins: 2\x0a</data></match></read>
    <read><length>34</length><match><data>Number of Guess my number wins: 0\x0a</data></match></read>
    <read><length>1</length><match><data>\x0a</data></match></read>
    <read><delim>Choose a game to play:\x0a</delim></read>
    <read><delim>\x2d\x2dEasy\x2d\x2d\x0a</delim></read>
    <read><delim>1. Hammer\x2c Sheet\x2c Sheers\x0a</delim></read>
    <read><delim>\x2d\x2dMedium\x2d\x2d\x0a</delim></read>
    <read><delim>2. Guess my number\x0a</delim></read>
    <read><delim>\x2d\x2dImpossible\x2d\x2d\x0a</delim></read>
    <read><delim>3. Three in a row\x0a</delim></read>
    <read><delim>4. Give up\x0a\x0a</delim></read>
    <read><delim>Shall we play a game?\x0a</delim></read>
    <read><delim>Game \x23 </delim></read>
    <write><data>2\x0a</data></write>
    <read><length>33</length><match><data>Enter max value \x28Default\x3d65535\x29: </data></match></read>
    <write><data>\x0a</data></write>
    <read><length>36</length><match><data>Guess the number \x5b16 guesses left\x5d: </data></match></read>
    <write><data>2875\x0a</data></write>
    <read><length>8</length><match><data>Too Low\x0a</data></match></read>
    <read><length>36</length><match><data>Guess the number \x5b15 guesses left\x5d: </data></match></read>
    <write><data>52063\x0a</data></write>
    <read><length>9</length><match><data>Too High\x0a</data></match></read>
    <read><length>36</length><match><data>Guess the number \x5b14 guesses left\x5d: </data></match></read>
    <write><data>52302\x0a</data></write>
    <read><length>9</length><match><data>Too High\x0a</data></match></read>
    <read><length>36</length><match><data>Guess the number \x5b13 guesses left\x5d: </data></match></read>
    <write><data>25679\x0a</data></write>
    <read><length>9</length><match><data>Too High\x0a</data></match></read>
    <read><length>36</length><match><data>Guess the number \x5b12 guesses left\x5d: </data></match></read>
    <write><data>14146\x0a</data></write>
    <read><length>8</length><match><data>Too Low\x0a</data></match></read>
    <read><length>36</length><match><data>Guess the number \x5b11 guesses left\x5d: </data></match></read>
    <write><data>41226\x0a</data></write>
    <read><length>9</length><match><data>Too High\x0a</data></match></read>
    <read><length>36</length><match><data>Guess the number \x5b10 guesses left\x5d: </data></match></read>
    <write><data>58936\x0a</data></write>
    <read><length>9</length><match><data>Too High\x0a</data></match></read>
    <read><length>35</length><match><data>Guess the number \x5b9 guesses left\x5d: </data></match></read>
    <write><data>11866\x0a</data></write>
    <read><length>8</length><match><data>Too Low\x0a</data></match></read>
    <read><length>35</length><match><data>Guess the number \x5b8 guesses left\x5d: </data></match></read>
    <write><data>36859\x0a</data></write>
    <read><length>9</length><match><data>Too High\x0a</data></match></read>
    <read><length>35</length><match><data>Guess the number \x5b7 guesses left\x5d: </data></match></read>
    <write><data>7537\x0a</data></write>
    <read><length>8</length><match><data>Too Low\x0a</data></match></read>
    <read><length>35</length><match><data>Guess the number \x5b6 guesses left\x5d: </data></match></read>
    <write><data>23137\x0a</data></write>
    <read><length>9</length><match><data>Too High\x0a</data></match></read>
    <read><length>35</length><match><data>Guess the number \x5b5 guesses left\x5d: </data></match></read>
    <write><data>32112\x0a</data></write>
    <read><length>9</length><match><data>Too High\x0a</data></match></read>
    <read><length>35</length><match><data>Guess the number \x5b4 guesses left\x5d: </data></match></read>
    <write><data>39724\x0a</data></write>
    <read><length>9</length><match><data>Too High\x0a</data></match></read>
    <read><length>35</length><match><data>Guess the number \x5b3 guesses left\x5d: </data></match></read>
    <write><data>16839\x0a</data></write>
    <read><length>8</length><match><data>Too Low\x0a</data></match></read>
    <read><length>35</length><match><data>Guess the number \x5b2 guesses left\x5d: </data></match></read>
    <write><data>30214\x0a</data></write>
    <read><length>9</length><match><data>Too High\x0a</data></match></read>
    <read><length>35</length><match><data>Guess the number \x5b1 guesses left\x5d: </data></match></read>
    <write><data>49044\x0a</data></write>
    <read><length>9</length><match><data>Too High\x0a</data></match></read>
    <read><length>56</length><match><data>Sorry\x2c you lost. Try practicing with a lower max value.\x0a</data></match></read>
    <read><length>21</length><match><data>\x2d\x2d\x2dPlayer\x27s stats\x2d\x2d\x2d\x0a</data></match></read>
    <read><length>20</length><match><data>Current Score: 2000\x0a</data></match></read>
    <read><length>34</length><match><data>Number of Three in a row draws: 0\x0a</data></match></read>
    <read><length>33</length><match><data>Number of Three in a row wins: 0\x0a</data></match></read>
    <read><length>40</length><match><data>Number of Hammer\x2c Sheet\x2c Sheers wins: 2\x0a</data></match></read>
    <read><length>34</length><match><data>Number of Guess my number wins: 0\x0a</data></match></read>
    <read><length>1</length><match><data>\x0a</data></match></read>
    <read><delim>Choose a game to play:\x0a</delim></read>
    <read><delim>\x2d\x2dEasy\x2d\x2d\x0a</delim></read>
    <read><delim>1. Hammer\x2c Sheet\x2c Sheers\x0a</delim></read>
    <read><delim>\x2d\x2dMedium\x2d\x2d\x0a</delim></read>
    <read><delim>2. Guess my number\x0a</delim></read>
    <read><delim>\x2d\x2dImpossible\x2d\x2d\x0a</delim></read>
    <read><delim>3. Three in a row\x0a</delim></read>
    <read><delim>4. Give up\x0a\x0a</delim></read>
    <read><delim>Shall we play a game?\x0a</delim></read>
    <read><delim>Game \x23 </delim></read>
    <write><data>4\x0a</data></write>
    <read><length>26</length><match><data>See you next time\x2c Player\x0a</data></match></read>
    <read><length>23</length><match><data>1. Register New Player\x0a</data></match></read>
    <read><length>8</length><match><data>2. Exit\x0a</data></match></read>
    <read><length>2</length><match><data>\x3e </data></match></read>
    <write><data>1\x0a</data></write>
    <read><length>21</length><match><data>Flair 1 \x3d Terminator\x0a</data></match></read>
    <read><length>15</length><match><data>Flair 2 \x3d 2001\x0a</data></match></read>
    <read><length>19</length><match><data>Flair 3 \x3d Collosus\x0a</data></match></read>
    <read><length>39</length><match><data>Enter player information: \x5bname\x2cflair\x5d\x0a</data></match></read>
    <write><data>Player\x2c 3\x0a</data></write>
    <read><length>51</length><match><data>\x0aWelcome to WarGames\x2c Player. It\x27s just you vs. me\x0a</data></match></read>
    <read><length>21</length><match><data>\x2d\x2d\x2dPlayer\x27s stats\x2d\x2d\x2d\x0a</data></match></read>
    <read><length>17</length><match><data>Current Score: 0\x0a</data></match></read>
    <read><length>34</length><match><data>Number of Three in a row draws: 0\x0a</data></match></read>
    <read><length>33</length><match><data>Number of Three in a row wins: 0\x0a</data></match></read>
    <read><length>40</length><match><data>Number of Hammer\x2c Sheet\x2c Sheers wins: 0\x0a</data></match></read>
    <read><length>34</length><match><data>Number of Guess my number wins: 0\x0a</data></match></read>
    <read><length>1</length><match><data>\x0a</data></match></read>
    <read><delim>Choose a game to play:\x0a</delim></read>
    <read><delim>\x2d\x2dEasy\x2d\x2d\x0a</delim></read>
    <read><delim>1. Hammer\x2c Sheet\x2c Sheers\x0a</delim></read>
    <read><delim>\x2d\x2dMedium\x2d\x2d\x0a</delim></read>
    <read><delim>2. Guess my number\x0a</delim></read>
    <read><delim>\x2d\x2dImpossible\x2d\x2d\x0a</delim></read>
    <read><delim>3. Three in a row\x0a</delim></read>
    <read><delim>4. Give up\x0a\x0a</delim></read>
    <read><delim>Shall we play a game?\x0a</delim></read>
    <read><delim>Game \x23 </delim></read>
    <write><data>3\x0a</data></write>
    <read><length>38</length><match><data>You\x27re playing 3 in a row. Good luck!\x0a</data></match></read>
    <read><delim>\x0a</delim><match><pcre>|[HC-]|[HC-]|[HC-]|</pcre></match></read>
    <read><delim>\x0a</delim><match><pcre>|[HC-]|[HC-]|[HC-]|</pcre></match></read>
    <read><delim>\x0a</delim><match><pcre>|[HC-]|[HC-]|[HC-]|</pcre></match></read>
    <read><length>18</length><match><data>Enter move \x5by\x2cx\x5d: </data></match></read>
    <write><data>2\x2c0\x0a</data></write>
    <read><length>1</length><match><data>\x0a</data></match></read>
    <read><delim>\x0a</delim><match><pcre>|[HC-]|[HC-]|[HC-]|</pcre></match></read>
    <read><delim>\x0a</delim><match><pcre>|[HC-]|[HC-]|[HC-]|</pcre></match></read>
    <read><delim>\x0a</delim><match><pcre>|[HC-]|[HC-]|[HC-]|</pcre></match></read>
    <read><length>1</length><match><data>\x0a</data></match></read>
    <read><delim>\x0a</delim><match><pcre>|[HC-]|[HC-]|[HC-]|</pcre></match></read>
    <read><delim>\x0a</delim><match><pcre>|[HC-]|[HC-]|[HC-]|</pcre></match></read>
    <read><delim>\x0a</delim><match><pcre>|[HC-]|[HC-]|[HC-]|</pcre></match></read>
    <read><length>18</length><match><data>Enter move \x5by\x2cx\x5d: </data></match></read>
    <write><data>2\x2c1\x0a</data></write>
    <read><length>1</length><match><data>\x0a</data></match></read>
    <read><delim>\x0a</delim><match><pcre>|[HC-]|[HC-]|[HC-]|</pcre></match></read>
    <read><delim>\x0a</delim><match><pcre>|[HC-]|[HC-]|[HC-]|</pcre></match></read>
    <read><delim>\x0a</delim><match><pcre>|[HC-]|[HC-]|[HC-]|</pcre></match></read>
    <read><length>1</length><match><data>\x0a</data></match></read>
    <read><delim>\x0a</delim><match><pcre>|[HC-]|[HC-]|[HC-]|</pcre></match></read>
    <read><delim>\x0a</delim><match><pcre>|[HC-]|[HC-]|[HC-]|</pcre></match></read>
    <read><delim>\x0a</delim><match><pcre>|[HC-]|[HC-]|[HC-]|</pcre></match></read>
    <read><length>18</length><match><data>Enter move \x5by\x2cx\x5d: </data></match></read>
    <write><data>0\x2c0\x0a</data></write>
    <read><length>1</length><match><data>\x0a</data></match></read>
    <read><delim>\x0a</delim><match><pcre>|[HC-]|[HC-]|[HC-]|</pcre></match></read>
    <read><delim>\x0a</delim><match><pcre>|[HC-]|[HC-]|[HC-]|</pcre></match></read>
    <read><delim>\x0a</delim><match><pcre>|[HC-]|[HC-]|[HC-]|</pcre></match></read>
    <read><length>1</length><match><data>\x0a</data></match></read>
    <read><delim>\x0a</delim><match><pcre>|[HC-]|[HC-]|[HC-]|</pcre></match></read>
    <read><delim>\x0a</delim><match><pcre>|[HC-]|[HC-]|[HC-]|</pcre></match></read>
    <read><delim>\x0a</delim><match><pcre>|[HC-]|[HC-]|[HC-]|</pcre></match></read>
    <read><length>18</length><match><data>Enter move \x5by\x2cx\x5d: </data></match></read>
    <write><data>1\x2c2\x0a</data></write>
    <read><length>1</length><match><data>\x0a</data></match></read>
    <read><delim>\x0a</delim><match><pcre>|[HC-]|[HC-]|[HC-]|</pcre></match></read>
    <read><delim>\x0a</delim><match><pcre>|[HC-]|[HC-]|[HC-]|</pcre></match></read>
    <read><delim>\x0a</delim><match><pcre>|[HC-]|[HC-]|[HC-]|</pcre></match></read>
    <read><length>1</length><match><data>\x0a</data></match></read>
    <read><delim>\x0a</delim><match><pcre>|[HC-]|[HC-]|[HC-]|</pcre></match></read>
    <read><delim>\x0a</delim><match><pcre>|[HC-]|[HC-]|[HC-]|</pcre></match></read>
    <read><delim>\x0a</delim><match><pcre>|[HC-]|[HC-]|[HC-]|</pcre></match></read>
    <read><length>18</length><match><data>Enter move \x5by\x2cx\x5d: </data></match></read>
    <write><data>0\x2c2\x0a</data></write>
    <read><length>1</length><match><data>\x0a</data></match></read>
    <read><delim>\x0a</delim><match><pcre>|[HC-]|[HC-]|[HC-]|</pcre></match></read>
    <read><delim>\x0a</delim><match><pcre>|[HC-]|[HC-]|[HC-]|</pcre></match></read>
    <read><delim>\x0a</delim><match><pcre>|[HC-]|[HC-]|[HC-]|</pcre></match></read>
    <read><length>12</length><match><data>It\x27s a tie!\x0a</data></match></read>
    <read><length>21</length><match><data>\x2d\x2d\x2dPlayer\x27s stats\x2d\x2d\x2d\x0a</data></match></read>
    <read><length>17</length><match><data>Current Score: 0\x0a</data></match></read>
    <read><length>34</length><match><data>Number of Three in a row draws: 1\x0a</data></match></read>
    <read><length>33</length><match><data>Number of Three in a row wins: 0\x0a</data></match></read>
    <read><length>40</length><match><data>Number of Hammer\x2c Sheet\x2c Sheers wins: 0\x0a</data></match></read>
    <read><length>34</length><match><data>Number of Guess my number wins: 0\x0a</data></match></read>
    <read><length>1</length><match><data>\x0a</data></match></read>
    <read><delim>Choose a game to play:\x0a</delim></read>
    <read><delim>\x2d\x2dEasy\x2d\x2d\x0a</delim></read>
    <read><delim>1. Hammer\x2c Sheet\x2c Sheers\x0a</delim></read>
    <read><delim>\x2d\x2dMedium\x2d\x2d\x0a</delim></read>
    <read><delim>2. Guess my number\x0a</delim></read>
    <read><delim>\x2d\x2dImpossible\x2d\x2d\x0a</delim></read>
    <read><delim>3. Three in a row\x0a</delim></read>
    <read><delim>4. Give up\x0a\x0a</delim></read>
    <read><delim>Shall we play a game?\x0a</delim></read>
    <read><delim>Game \x23 </delim></read>
    <write><data>4\x0a</data></write>
    <read><length>26</length><match><data>See you next time\x2c Player\x0a</data></match></read>
    <read><length>23</length><match><data>1. Register New Player\x0a</data></match></read>
    <read><length>8</length><match><data>2. Exit\x0a</data></match></read>
    <read><length>2</length><match><data>\x3e </data></match></read>
    <write><data>2\x0a</data></write>
    <read><length>7</length><match><data>Exited\x0a</data></match></read>
</replay>
</pov>