<?xml version="1.0" standalone="no" ?>
<!DOCTYPE pov SYSTEM "/usr/share/cgc-docs/replay.dtd">
<pov>
<cbid>service</cbid>
<seed>891dbb970ebb068498787c8be82e30be7e6850ca19e302580c6f9e12efe665a1763698d2c3f53df698212e5a4dfaee42</seed>
<replay>
    <read><length>23</length><match><data>1. Register New Player\x0a</data></match></read>
    <read><length>8</length><match><data>2. Exit\x0a</data></match></read>
    <read><length>2</length><match><data>\x3e </data></match></read>
    <write><data>1\x0a</data></write>
    <read><length>21</length><match><data>Flair 1 \x3d Terminator\x0a</data></match></read>
    <read><length>15</length><match><data>Flair 2 \x3d 2001\x0a</data></match></read>
    <read><length>19</length><match><data>Flair 3 \x3d Collosus\x0a</data></match></read>
    <read><length>39</length><match><data>Enter player information: \x5bname\x2cflair\x5d\x0a</data></match></read>
    <write><data>Player\x2c 3\x0a</data></write>
    <read><length>51</length><match><data>\x0aWelcome to WarGames\x2c Player. It\x27s just you vs. me\x0a</data></match></read>
    <read><length>21</length><match><data>\x2d\x2d\x2dPlayer\x27s stats\x2d\x2d\x2d\x0a</data></match></read>
    <read><length>17</length><match><data>Current Score: 0\x0a</data></match></read>
    <read><length>34</length><match><data>Number of Three in a row draws: 0\x0a</data></match></read>
    <read><length>33</length><match><data>Number of Three in a row wins: 0\x0a</data></match></read>
    <read><length>40</length><match><data>Number of Hammer\x2c Sheet\x2c Sheers wins: 0\x0a</data></match></read>
    <read><length>34</length><match><data>Number of Guess my number wins: 0\x0a</data></match></read>
    <read><length>1</length><match><data>\x0a</data></match></read>
    <read><delim>Choose a game to play:\x0a</delim></read>
    <read><delim>\x2d\x2dEasy\x2d\x2d\x0a</delim></read>
    <read><delim>1. Hammer\x2c Sheet\x2c Sheers\x0a</delim></read>
    <read><delim>\x2d\x2dMedium\x2d\x2d\x0a</delim></read>
    <read><delim>2. Guess my number\x0a</delim></read>
    <read><delim>\x2d\x2dImpossible\x2d\x2d\x0a</delim></read>
    <read><delim>3. Three in a row\x0a</delim></read>
    <read><delim>4. Give up\x0a\x0a</delim></read>
    <read><delim>Shall we play a game?\x0a</delim></read>
    <read><delim>Game \x23 </delim></read>
    <write><data>2\x0a</data></write>
    <read><length>33</length><match><data>Enter max value \x28Default\x3d65535\x29: </data></match></read>
    <write><data>\x0a</data></write>
    <read><length>36</length><match><data>Guess the number \x5b16 guesses left\x5d: </data></match></read>
    <write><data>46350\x0a</data></write>
    <read><length>9</length><match><data>Too High\x0a</data></match></read>
    <read><length>36</length><match><data>Guess the number \x5b15 guesses left\x5d: </data></match></read>
    <write><data>60724\x0a</data></write>
    <read><length>9</length><match><data>Too High\x0a</data></match></read>
    <read><length>36</length><match><data>Guess the number \x5b14 guesses left\x5d: </data></match></read>
    <write><data>41872\x0a</data></write>
    <read><length>9</length><match><data>Too High\x0a</data></match></read>
    <read><length>36</length><match><data>Guess the number \x5b13 guesses left\x5d: </data></match></read>
    <write><data>7088\x0a</data></write>
    <read><length>8</length><match><data>Too Low\x0a</data></match></read>
    <read><length>36</length><match><data>Guess the number \x5b12 guesses left\x5d: </data></match></read>
    <write><data>4743\x0a</data></write>
    <read><length>8</length><match><data>Too Low\x0a</data></match></read>
    <read><length>36</length><match><data>Guess the number \x5b11 guesses left\x5d: </data></match></read>
    <write><data>34874\x0a</data></write>
    <read><length>9</length><match><data>Too High\x0a</data></match></read>
    <read><length>36</length><match><data>Guess the number \x5b10 guesses left\x5d: </data></match></read>
    <write><data>30642\x0a</data></write>
    <read><length>8</length><match><data>Too Low\x0a</data></match></read>
    <read><length>35</length><match><data>Guess the number \x5b9 guesses left\x5d: </data></match></read>
    <write><data>21875\x0a</data></write>
    <read><length>8</length><match><data>Too Low\x0a</data></match></read>
    <read><length>35</length><match><data>Guess the number \x5b8 guesses left\x5d: </data></match></read>
    <write><data>37268\x0a</data></write>
    <read><length>9</length><match><data>Too High\x0a</data></match></read>
    <read><length>35</length><match><data>Guess the number \x5b7 guesses left\x5d: </data></match></read>
    <write><data>34254\x0a</data></write>
    <read><length>9</length><match><data>Too High\x0a</data></match></read>
    <read><length>35</length><match><data>Guess the number \x5b6 guesses left\x5d: </data></match></read>
    <write><data>20583\x0a</data></write>
    <read><length>8</length><match><data>Too Low\x0a</data></match></read>
    <read><length>35</length><match><data>Guess the number \x5b5 guesses left\x5d: </data></match></read>
    <write><data>38030\x0a</data></write>
    <read><length>9</length><match><data>Too High\x0a</data></match></read>
    <read><length>35</length><match><data>Guess the number \x5b4 guesses left\x5d: </data></match></read>
    <write><data>46264\x0a</data></write>
    <read><length>9</length><match><data>Too High\x0a</data></match></read>
    <read><length>35</length><match><data>Guess the number \x5b3 guesses left\x5d: </data></match></read>
    <write><data>29672\x0a</data></write>
    <read><length>8</length><match><data>Too Low\x0a</data></match></read>
    <read><length>35</length><match><data>Guess the number \x5b2 guesses left\x5d: </data></match></read>
    <write><data>13619\x0a</data></write>
    <read><length>8</length><match><data>Too Low\x0a</data></match></read>
    <read><length>35</length><match><data>Guess the number \x5b1 guesses left\x5d: </data></match></read>
    <write><data>42662\x0a</data></write>
    <read><length>9</length><match><data>Too High\x0a</data></match></read>
    <read><length>56</length><match><data>Sorry\x2c you lost. Try practicing with a lower max value.\x0a</data></match></read>
    <read><length>21</length><match><data>\x2d\x2d\x2dPlayer\x27s stats\x2d\x2d\x2d\x0a</data></match></read>
    <read><length>17</length><match><data>Current Score: 0\x0a</data></match></read>
    <read><length>34</length><match><data>Number of Three in a row draws: 0\x0a</data></match></read>
    <read><length>33</length><match><data>Number of Three in a row wins: 0\x0a</data></match></read>
    <read><length>40</length><match><data>Number of Hammer\x2c Sheet\x2c Sheers wins: 0\x0a</data></match></read>
    <read><length>34</length><match><data>Number of Guess my number wins: 0\x0a</data></match></read>
    <read><length>1</length><match><data>\x0a</data></match></read>
    <read><delim>Choose a game to play:\x0a</delim></read>
    <read><delim>\x2d\x2dEasy\x2d\x2d\x0a</delim></read>
    <read><delim>1. Hammer\x2c Sheet\x2c Sheers\x0a</delim></read>
    <read><delim>\x2d\x2dMedium\x2d\x2d\x0a</delim></read>
    <read><delim>2. Guess my number\x0a</delim></read>
    <read><delim>\x2d\x2dImpossible\x2d\x2d\x0a</delim></read>
    <read><delim>3. Three in a row\x0a</delim></read>
    <read><delim>4. Give up\x0a\x0a</delim></read>
    <read><delim>Shall we play a game?\x0a</delim></read>
    <read><delim>Game \x23 </delim></read>
    <write><data>1\x0a</data></write>
    <read><length>32</length><match><data>Choose \x5bHAMMER\x2c SHEET\x2c SHEERS\x5d: </data></match></read>
    <write><data>SHEERS\x0a</data></write>
    <read><length>15</length><match><data>SHEERS v SHEET\x0a</data></match></read>
    <read><length>9</length><match><data>You Win!\x0a</data></match></read>
    <read><length>21</length><match><data>\x2d\x2d\x2dPlayer\x27s stats\x2d\x2d\x2d\x0a</data></match></read>
    <read><length>20</length><match><data>Current Score: 1000\x0a</data></match></read>
    <read><length>34</length><match><data>Number of Three in a row draws: 0\x0a</data></match></read>
    <read><length>33</length><match><data>Number of Three in a row wins: 0\x0a</data></match></read>
    <read><length>40</length><match><data>Number of Hammer\x2c Sheet\x2c Sheers wins: 1\x0a</data></match></read>
    <read><length>34</length><match><data>Number of Guess my number wins: 0\x0a</data></match></read>
    <read><length>1</length><match><data>\x0a</data></match></read>
    <read><delim>Choose a game to play:\x0a</delim></read>
    <read><delim>\x2d\x2dEasy\x2d\x2d\x0a</delim></read>
    <read><delim>1. Hammer\x2c Sheet\x2c Sheers\x0a</delim></read>
    <read><delim>\x2d\x2dMedium\x2d\x2d\x0a</delim></read>
    <read><delim>2. Guess my number\x0a</delim></read>
    <read><delim>\x2d\x2dImpossible\x2d\x2d\x0a</delim></read>
    <read><delim>3. Three in a row\x0a</delim></read>
    <read><delim>4. Give up\x0a\x0a</delim></read>
    <read><delim>Shall we play a game?\x0a</delim></read>
    <read><delim>Game \x23 </delim></read>
    <write><data>1\x0a</data></write>
    <read><length>32</length><match><data>Choose \x5bHAMMER\x2c SHEET\x2c SHEERS\x5d: </data></match></read>
    <write><data>SHEET\x0a</data></write>
    <read><length>14</length><match><data>SHEET v SHEET\x0a</data></match></read>
    <read><length>12</length><match><data>It\x27s a tie!\x0a</data></match></read>
    <read><length>21</length><match><data>\x2d\x2d\x2dPlayer\x27s stats\x2d\x2d\x2d\x0a</data></match></read>
    <read><length>20</length><match><data>Current Score: 1000\x0a</data></match></read>
    <read><length>34</length><match><data>Number of Three in a row draws: 0\x0a</data></match></read>
    <read><length>33</length><match><data>Number of Three in a row wins: 0\x0a</data></match></read>
    <read><length>40</length><match><data>Number of Hammer\x2c Sheet\x2c Sheers wins: 1\x0a</data></match></read>
    <read><length>34</length><match><data>Number of Guess my number wins: 0\x0a</data></match></read>
    <read><length>1</length><match><data>\x0a</data></match></read>
    <read><delim>Choose a game to play:\x0a</delim></read>
    <read><delim>\x2d\x2dEasy\x2d\x2d\x0a</delim></read>
    <read><delim>1. Hammer\x2c Sheet\x2c Sheers\x0a</delim></read>
    <read><delim>\x2d\x2dMedium\x2d\x2d\x0a</delim></read>
    <read><delim>2. Guess my number\x0a</delim></read>
    <read><delim>\x2d\x2dImpossible\x2d\x2d\x0a</delim></read>
    <read><delim>3. Three in a row\x0a</delim></read>
    <read><delim>4. Give up\x0a\x0a</delim></read>
    <read><delim>Shall we play a game?\x0a</delim></read>
    <read><delim>Game \x23 </delim></read>
    <write><data>2\x0a</data></write>
    <read><length>33</length><match><data>Enter max value \x28Default\x3d65535\x29: </data></match></read>
    <write><data>\x0a</data></write>
    <read><length>36</length><match><data>Guess the number \x5b16 guesses left\x5d: </data></match></read>
    <write><data>14218\x0a</data></write>
    <read><length>8</length><match><data>Too Low\x0a</data></match></read>
    <read><length>36</length><match><data>Guess the number \x5b15 guesses left\x5d: </data></match></read>
    <write><data>1168\x0a</data></write>
    <read><length>8</length><match><data>Too Low\x0a</data></match></read>
    <read><length>36</length><match><data>Guess the number \x5b14 guesses left\x5d: </data></match></read>
    <write><data>35921\x0a</data></write>
    <read><length>8</length><match><data>Too Low\x0a</data></match></read>
    <read><length>36</length><match><data>Guess the number \x5b13 guesses left\x5d: </data></match></read>
    <write><data>14851\x0a</data></write>
    <read><length>8</length><match><data>Too Low\x0a</data></match></read>
    <read><length>36</length><match><data>Guess the number \x5b12 guesses left\x5d: </data></match></read>
    <write><data>61984\x0a</data></write>
    <read><length>9</length><match><data>Too High\x0a</data></match></read>
    <read><length>36</length><match><data>Guess the number \x5b11 guesses left\x5d: </data></match></read>
    <write><data>20287\x0a</data></write>
    <read><length>8</length><match><data>Too Low\x0a</data></match></read>
    <read><length>36</length><match><data>Guess the number \x5b10 guesses left\x5d: </data></match></read>
    <write><data>62456\x0a</data></write>
    <read><length>9</length><match><data>Too High\x0a</data></match></read>
    <read><length>35</length><match><data>Guess the number \x5b9 guesses left\x5d: </data></match></read>
    <write><data>38487\x0a</data></write>
    <read><length>8</length><match><data>Too Low\x0a</data></match></read>
    <read><length>35</length><match><data>Guess the number \x5b8 guesses left\x5d: </data></match></read>
    <write><data>19173\x0a</data></write>
    <read><length>8</length><match><data>Too Low\x0a</data></match></read>
    <read><length>35</length><match><data>Guess the number \x5b7 guesses left\x5d: </data></match></read>
    <write><data>54712\x0a</data></write>
    <read><length>8</length><match><data>Too Low\x0a</data></match></read>
    <read><length>35</length><match><data>Guess the number \x5b6 guesses left\x5d: </data></match></read>
    <write><data>58272\x0a</data></write>
    <read><length>8</length><match><data>Too Low\x0a</data></match></read>
    <read><length>35</length><match><data>Guess the number \x5b5 guesses left\x5d: </data></match></read>
    <write><data>4251\x0a</data></write>
    <read><length>8</length><match><data>Too Low\x0a</data></match></read>
    <read><length>35</length><match><data>Guess the number \x5b4 guesses left\x5d: </data></match></read>
    <write><data>63533\x0a</data></write>
    <read><length>9</length><match><data>Too High\x0a</data></match></read>
    <read><length>35</length><match><data>Guess the number \x5b3 guesses left\x5d: </data></match></read>
    <write><data>22765\x0a</data></write>
    <read><length>8</length><match><data>Too Low\x0a</data></match></read>
    <read><length>35</length><match><data>Guess the number \x5b2 guesses left\x5d: </data></match></read>
    <write><data>18373\x0a</data></write>
    <read><length>8</length><match><data>Too Low\x0a</data></match></read>
    <read><length>35</length><match><data>Guess the number \x5b1 guesses left\x5d: </data></match></read>
    <write><data>13674\x0a</data></write>
    <read><length>8</length><match><data>Too Low\x0a</data></match></read>
    <read><length>56</length><match><data>Sorry\x2c you lost. Try practicing with a lower max value.\x0a</data></match></read>
    <read><length>21</length><match><data>\x2d\x2d\x2dPlayer\x27s stats\x2d\x2d\x2d\x0a</data></match></read>
    <read><length>20</length><match><data>Current Score: 1000\x0a</data></match></read>
    <read><length>34</length><match><data>Number of Three in a row draws: 0\x0a</data></match></read>
    <read><length>33</length><match><data>Number of Three in a row wins: 0\x0a</data></match></read>
    <read><length>40</length><match><data>Number of Hammer\x2c Sheet\x2c Sheers wins: 1\x0a</data></match></read>
    <read><length>34</length><match><data>Number of Guess my number wins: 0\x0a</data></match></read>
    <read><length>1</length><match><data>\x0a</data></match></read>
    <read><delim>Choose a game to play:\x0a</delim></read>
    <read><delim>\x2d\x2dEasy\x2d\x2d\x0a</delim></read>
    <read><delim>1. Hammer\x2c Sheet\x2c Sheers\x0a</delim></read>
    <read><delim>\x2d\x2dMedium\x2d\x2d\x0a</delim></read>
    <read><delim>2. Guess my number\x0a</delim></read>
    <read><delim>\x2d\x2dImpossible\x2d\x2d\x0a</delim></read>
    <read><delim>3. Three in a row\x0a</delim></read>
    <read><delim>4. Give up\x0a\x0a</delim></read>
    <read><delim>Shall we play a game?\x0a</delim></read>
    <read><delim>Game \x23 </delim></read>
    <write><data>2\x0a</data></write>
    <read><length>33</length><match><data>Enter max value \x28Default\x3d65535\x29: </data></match></read>
    <write><data>\x0a</data></write>
    <read><length>36</length><match><data>Guess the number \x5b16 guesses left\x5d: </data></match></read>
    <write><data>4480\x0a</data></write>
    <read><length>8</length><match><data>Too Low\x0a</data></match></read>
    <read><length>36</length><match><data>Guess the number \x5b15 guesses left\x5d: </data></match></read>
    <write><data>61657\x0a</data></write>
    <read><length>9</length><match><data>Too High\x0a</data></match></read>
    <read><length>36</length><match><data>Guess the number \x5b14 guesses left\x5d: </data></match></read>
    <write><data>36977\x0a</data></write>
    <read><length>9</length><match><data>Too High\x0a</data></match></read>
    <read><length>36</length><match><data>Guess the number \x5b13 guesses left\x5d: </data></match></read>
    <write><data>1861\x0a</data></write>
    <read><length>8</length><match><data>Too Low\x0a</data></match></read>
    <read><length>36</length><match><data>Guess the number \x5b12 guesses left\x5d: </data></match></read>
    <write><data>56099\x0a</data></write>
    <read><length>9</length><match><data>Too High\x0a</data></match></read>
    <read><length>36</length><match><data>Guess the number \x5b11 guesses left\x5d: </data></match></read>
    <write><data>45991\x0a</data></write>
    <read><length>9</length><match><data>Too High\x0a</data></match></read>
    <read><length>36</length><match><data>Guess the number \x5b10 guesses left\x5d: </data></match></read>
    <write><data>52413\x0a</data></write>
    <read><length>9</length><match><data>Too High\x0a</data></match></read>
    <read><length>35</length><match><data>Guess the number \x5b9 guesses left\x5d: </data></match></read>
    <write><data>43653\x0a</data></write>
    <read><length>9</length><match><data>Too High\x0a</data></match></read>
    <read><length>35</length><match><data>Guess the number \x5b8 guesses left\x5d: </data></match></read>
    <write><data>19321\x0a</data></write>
    <read><length>8</length><match><data>Too Low\x0a</data></match></read>
    <read><length>35</length><match><data>Guess the number \x5b7 guesses left\x5d: </data></match></read>
    <write><data>62311\x0a</data></write>
    <read><length>9</length><match><data>Too High\x0a</data></match></read>
    <read><length>35</length><match><data>Guess the number \x5b6 guesses left\x5d: </data></match></read>
    <write><data>46538\x0a</data></write>
    <read><length>9</length><match><data>Too High\x0a</data></match></read>
    <read><length>35</length><match><data>Guess the number \x5b5 guesses left\x5d: </data></match></read>
    <write><data>17125\x0a</data></write>
    <read><length>8</length><match><data>Too Low\x0a</data></match></read>
    <read><length>35</length><match><data>Guess the number \x5b4 guesses left\x5d: </data></match></read>
    <write><data>61832\x0a</data></write>
    <read><length>9</length><match><data>Too High\x0a</data></match></read>
    <read><length>35</length><match><data>Guess the number \x5b3 guesses left\x5d: </data></match></read>
    <write><data>55574\x0a</data></write>
    <read><length>9</length><match><data>Too High\x0a</data></match></read>
    <read><length>35</length><match><data>Guess the number \x5b2 guesses left\x5d: </data></match></read>
    <write><data>45032\x0a</data></write>
    <read><length>9</length><match><data>Too High\x0a</data></match></read>
    <read><length>35</length><match><data>Guess the number \x5b1 guesses left\x5d: </data></match></read>
    <write><data>30652\x0a</data></write>
    <read><length>8</length><match><data>Too Low\x0a</data></match></read>
    <read><length>56</length><match><data>Sorry\x2c you lost. Try practicing with a lower max value.\x0a</data></match></read>
    <read><length>21</length><match><data>\x2d\x2d\x2dPlayer\x27s stats\x2d\x2d\x2d\x0a</data></match></read>
    <read><length>20</length><match><data>Current Score: 1000\x0a</data></match></read>
    <read><length>34</length><match><data>Number of Three in a row draws: 0\x0a</data></match></read>
    <read><length>33</length><match><data>Number of Three in a row wins: 0\x0a</data></match></read>
    <read><length>40</length><match><data>Number of Hammer\x2c Sheet\x2c Sheers wins: 1\x0a</data></match></read>
    <read><length>34</length><match><data>Number of Guess my number wins: 0\x0a</data></match></read>
    <read><length>1</length><match><data>\x0a</data></match></read>
    <read><delim>Choose a game to play:\x0a</delim></read>
    <read><delim>\x2d\x2dEasy\x2d\x2d\x0a</delim></read>
    <read><delim>1. Hammer\x2c Sheet\x2c Sheers\x0a</delim></read>
    <read><delim>\x2d\x2dMedium\x2d\x2d\x0a</delim></read>
    <read><delim>2. Guess my number\x0a</delim></read>
    <read><delim>\x2d\x2dImpossible\x2d\x2d\x0a</delim></read>
    <read><delim>3. Three in a row\x0a</delim></read>
    <read><delim>4. Give up\x0a\x0a</delim></read>
    <read><delim>Shall we play a game?\x0a</delim></read>
    <read><delim>Game \x23 </delim></read>
    <write><data>1\x0a</data></write>
    <read><length>32</length><match><data>Choose \x5bHAMMER\x2c SHEET\x2c SHEERS\x5d: </data></match></read>
    <write><data>HAMMER\x0a</data></write>
    <read><length>16</length><match><data>HAMMER v SHEERS\x0a</data></match></read>
    <read><length>9</length><match><data>You Win!\x0a</data></match></read>
    <read><length>21</length><match><data>\x2d\x2d\x2dPlayer\x27s stats\x2d\x2d\x2d\x0a</data></match></read>
    <read><length>20</length><match><data>Current Score: 2000\x0a</data></match></read>
    <read><length>34</length><match><data>Number of Three in a row draws: 0\x0a</data></match></read>
    <read><length>33</length><match><data>Number of Three in a row wins: 0\x0a</data></match></read>
    <read><length>40</length><match><data>Number of Hammer\x2c Sheet\x2c Sheers wins: 2\x0a</data></match></read>
    <read><length>34</length><match><data>Number of Guess my number wins: 0\x0a</data></match></read>
    <read><length>1</length><match><data>\x0a</data></match></read>
    <read><delim>Choose a game to play:\x0a</delim></read>
    <read><delim>\x2d\x2dEasy\x2d\x2d\x0a</delim></read>
    <read><delim>1. Hammer\x2c Sheet\x2c Sheers\x0a</delim></read>
    <read><delim>\x2d\x2dMedium\x2d\x2d\x0a</delim></read>
    <read><delim>2. Guess my number\x0a</delim></read>
    <read><delim>\x2d\x2dImpossible\x2d\x2d\x0a</delim></read>
    <read><delim>3. Three in a row\x0a</delim></read>
    <read><delim>4. Give up\x0a\x0a</delim></read>
    <read><delim>Shall we play a game?\x0a</delim></read>
    <read><delim>Game \x23 </delim></read>
    <write><data>2\x0a</data></write>
    <read><length>33</length><match><data>Enter max value \x28Default\x3d65535\x29: </data></match></read>
    <write><data>\x0a</data></write>
    <read><length>36</length><match><data>Guess the number \x5b16 guesses left\x5d: </data></match></read>
    <write><data>30548\x0a</data></write>
    <read><length>8</length><match><data>Too Low\x0a</data></match></read>
    <read><length>36</length><match><data>Guess the number \x5b15 guesses left\x5d: </data></match></read>
    <write><data>69\x0a</data></write>
    <read><length>8</length><match><data>Too Low\x0a</data></match></read>
    <read><length>36</length><match><data>Guess the number \x5b14 guesses left\x5d: </data></match></read>
    <write><data>34222\x0a</data></write>
    <read><length>8</length><match><data>Too Low\x0a</data></match></read>
    <read><length>36</length><match><data>Guess the number \x5b13 guesses left\x5d: </data></match></read>
    <write><data>51579\x0a</data></write>
    <read><length>9</length><match><data>Too High\x0a</data></match></read>
    <read><length>36</length><match><data>Guess the number \x5b12 guesses left\x5d: </data></match></read>
    <write><data>1007\x0a</data></write>
    <read><length>8</length><match><data>Too Low\x0a</data></match></read>
    <read><length>36</length><match><data>Guess the number \x5b11 guesses left\x5d: </data></match></read>
    <write><data>61540\x0a</data></write>
    <read><length>9</length><match><data>Too High\x0a</data></match></read>
    <read><length>36</length><match><data>Guess the number \x5b10 guesses left\x5d: </data></match></read>
    <write><data>46393\x0a</data></write>
    <read><length>9</length><match><data>Too High\x0a</data></match></read>
    <read><length>35</length><match><data>Guess the number \x5b9 guesses left\x5d: </data></match></read>
    <write><data>45237\x0a</data></write>
    <read><length>9</length><match><data>Too High\x0a</data></match></read>
    <read><length>35</length><match><data>Guess the number \x5b8 guesses left\x5d: </data></match></read>
    <write><data>45263\x0a</data></write>
    <read><length>9</length><match><data>Too High\x0a</data></match></read>
    <read><length>35</length><match><data>Guess the number \x5b7 guesses left\x5d: </data></match></read>
    <write><data>14235\x0a</data></write>
    <read><length>8</length><match><data>Too Low\x0a</data></match></read>
    <read><length>35</length><match><data>Guess the number \x5b6 guesses left\x5d: </data></match></read>
    <write><data>44082\x0a</data></write>
    <read><length>8</length><match><data>Too Low\x0a</data></match></read>
    <read><length>35</length><match><data>Guess the number \x5b5 guesses left\x5d: </data></match></read>
    <write><data>65105\x0a</data></write>
    <read><length>9</length><match><data>Too High\x0a</data></match></read>
    <read><length>35</length><match><data>Guess the number \x5b4 guesses left\x5d: </data></match></read>
    <write><data>26721\x0a</data></write>
    <read><length>8</length><match><data>Too Low\x0a</data></match></read>
    <read><length>35</length><match><data>Guess the number \x5b3 guesses left\x5d: </data></match></read>
    <write><data>58971\x0a</data></write>
    <read><length>9</length><match><data>Too High\x0a</data></match></read>
    <read><length>35</length><match><data>Guess the number \x5b2 guesses left\x5d: </data></match></read>
    <write><data>24157\x0a</data></write>
    <read><length>8</length><match><data>Too Low\x0a</data></match></read>
    <read><length>35</length><match><data>Guess the number \x5b1 guesses left\x5d: </data></match></read>
    <write><data>50102\x0a</data></write>
    <read><length>9</length><match><data>Too High\x0a</data></match></read>
    <read><length>56</length><match><data>Sorry\x2c you lost. Try practicing with a lower max value.\x0a</data></match></read>
    <read><length>21</length><match><data>\x2d\x2d\x2dPlayer\x27s stats\x2d\x2d\x2d\x0a</data></match></read>
    <read><length>20</length><match><data>Current Score: 2000\x0a</data></match></read>
    <read><length>34</length><match><data>Number of Three in a row draws: 0\x0a</data></match></read>
    <read><length>33</length><match><data>Number of Three in a row wins: 0\x0a</data></match></read>
    <read><length>40</length><match><data>Number of Hammer\x2c Sheet\x2c Sheers wins: 2\x0a</data></match></read>
    <read><length>34</length><match><data>Number of Guess my number wins: 0\x0a</data></match></read>
    <read><length>1</length><match><data>\x0a</data></match></read>
    <read><delim>Choose a game to play:\x0a</delim></read>
    <read><delim>\x2d\x2dEasy\x2d\x2d\x0a</delim></read>
    <read><delim>1. Hammer\x2c Sheet\x2c Sheers\x0a</delim></read>
    <read><delim>\x2d\x2dMedium\x2d\x2d\x0a</delim></read>
    <read><delim>2. Guess my number\x0a</delim></read>
    <read><delim>\x2d\x2dImpossible\x2d\x2d\x0a</delim></read>
    <read><delim>3. Three in a row\x0a</delim></read>
    <read><delim>4. Give up\x0a\x0a</delim></read>
    <read><delim>Shall we play a game?\x0a</delim></read>
    <read><delim>Game \x23 </delim></read>
    <write><data>4\x0a</data></write>
    <read><length>26</length><match><data>See you next time\x2c Player\x0a</data></match></read>
    <read><length>23</length><match><data>1. Register New Player\x0a</data></match></read>
    <read><length>8</length><match><data>2. Exit\x0a</data></match></read>
    <read><length>2</length><match><data>\x3e </data></match></read>
    <write><data>1\x0a</data></write>
    <read><length>21</length><match><data>Flair 1 \x3d Terminator\x0a</data></match></read>
    <read><length>15</length><match><data>Flair 2 \x3d 2001\x0a</data></match></read>
    <read><length>19</length><match><data>Flair 3 \x3d Collosus\x0a</data></match></read>
    <read><length>39</length><match><data>Enter player information: \x5bname\x2cflair\x5d\x0a</data></match></read>
    <write><data>Player\x2c 1\x0a</data></write>
    <read><length>51</length><match><data>\x0aWelcome to WarGames\x2c Player. It\x27s just you vs. me\x0a</data></match></read>
    <read><length>21</length><match><data>\x2d\x2d\x2dPlayer\x27s stats\x2d\x2d\x2d\x0a</data></match></read>
    <read><length>17</length><match><data>Current Score: 0\x0a</data></match></read>
    <read><length>34</length><match><data>Number of Three in a row draws: 0\x0a</data></match></read>
    <read><length>33</length><match><data>Number of Three in a row wins: 0\x0a</data></match></read>
    <read><length>40</length><match><data>Number of Hammer\x2c Sheet\x2c Sheers wins: 0\x0a</data></match></read>
    <read><length>34</length><match><data>Number of Guess my number wins: 0\x0a</data></match></read>
    <read><length>1</length><match><data>\x0a</data></match></read>
    <read><delim>Choose a game to play:\x0a</delim></read>
    <read><delim>\x2d\x2dEasy\x2d\x2d\x0a</delim></read>
    <read><delim>1. Hammer\x2c Sheet\x2c Sheers\x0a</delim></read>
    <read><delim>\x2d\x2dMedium\x2d\x2d\x0a</delim></read>
    <read><delim>2. Guess my number\x0a</delim></read>
    <read><delim>\x2d\x2dImpossible\x2d\x2d\x0a</delim></read>
    <read><delim>3. Three in a row\x0a</delim></read>
    <read><delim>4. Give up\x0a\x0a</delim></read>
    <read><delim>Shall we play a game?\x0a</delim></read>
    <read><delim>Game \x23 </delim></read>
    <write><data>3\x0a</data></write>
    <read><length>38</length><match><data>You\x27re playing 3 in a row. Good luck!\x0a</data></match></read>
    <read><delim>\x0a</delim><match><pcre>|[HC-]|[HC-]|[HC-]|</pcre></match></read>
    <read><delim>\x0a</delim><match><pcre>|[HC-]|[HC-]|[HC-]|</pcre></match></read>
    <read><delim>\x0a</delim><match><pcre>|[HC-]|[HC-]|[HC-]|</pcre></match></read>
    <read><length>18</length><match><data>Enter move \x5by\x2cx\x5d: </data></match></read>
    <write><data>2\x2c0\x0a</data></write>
    <read><length>1</length><match><data>\x0a</data></match></read>
    <read><delim>\x0a</delim><match><pcre>|[HC-]|[HC-]|[HC-]|</pcre></match></read>
    <read><delim>\x0a</delim><match><pcre>|[HC-]|[HC-]|[HC-]|</pcre></match></read>
    <read><delim>\x0a</delim><match><pcre>|[HC-]|[HC-]|[HC-]|</pcre></match></read>
    <read><length>1</length><match><data>\x0a</data></match></read>
    <read><delim>\x0a</delim><match><pcre>|[HC-]|[HC-]|[HC-]|</pcre></match></read>
    <read><delim>\x0a</delim><match><pcre>|[HC-]|[HC-]|[HC-]|</pcre></match></read>
    <read><delim>\x0a</delim><match><pcre>|[HC-]|[HC-]|[HC-]|</pcre></match></read>
    <read><length>18</length><match><data>Enter move \x5by\x2cx\x5d: </data></match></read>
    <write><data>2\x2c1\x0a</data></write>
    <read><length>1</length><match><data>\x0a</data></match></read>
    <read><delim>\x0a</delim><match><pcre>|[HC-]|[HC-]|[HC-]|</pcre></match></read>
    <read><delim>\x0a</delim><match><pcre>|[HC-]|[HC-]|[HC-]|</pcre></match></read>
    <read><delim>\x0a</delim><match><pcre>|[HC-]|[HC-]|[HC-]|</pcre></match></read>
    <read><length>1</length><match><data>\x0a</data></match></read>
    <read><delim>\x0a</delim><match><pcre>|[HC-]|[HC-]|[HC-]|</pcre></match></read>
    <read><delim>\x0a</delim><match><pcre>|[HC-]|[HC-]|[HC-]|</pcre></match></read>
    <read><delim>\x0a</delim><match><pcre>|[HC-]|[HC-]|[HC-]|</pcre></match></read>
    <read><length>18</length><match><data>Enter move \x5by\x2cx\x5d: </data></match></read>
    <write><data>0\x2c0\x0a</data></write>
    <read><length>1</length><match><data>\x0a</data></match></read>
    <read><delim>\x0a</delim><match><pcre>|[HC-]|[HC-]|[HC-]|</pcre></match></read>
    <read><delim>\x0a</delim><match><pcre>|[HC-]|[HC-]|[HC-]|</pcre></match></read>
    <read><delim>\x0a</delim><match><pcre>|[HC-]|[HC-]|[HC-]|</pcre></match></read>
    <read><length>1</length><match><data>\x0a</data></match></read>
    <read><delim>\x0a</delim><match><pcre>|[HC-]|[HC-]|[HC-]|</pcre></match></read>
    <read><delim>\x0a</delim><match><pcre>|[HC-]|[HC-]|[HC-]|</pcre></match></read>
    <read><delim>\x0a</delim><match><pcre>|[HC-]|[HC-]|[HC-]|</pcre></match></read>
    <read><length>18</length><match><data>Enter move \x5by\x2cx\x5d: </data></match></read>
    <write><data>1\x2c2\x0a</data></write>
    <read><length>1</length><match><data>\x0a</data></match></read>
    <read><delim>\x0a</delim><match><pcre>|[HC-]|[HC-]|[HC-]|</pcre></match></read>
    <read><delim>\x0a</delim><match><pcre>|[HC-]|[HC-]|[HC-]|</pcre></match></read>
    <read><delim>\x0a</delim><match><pcre>|[HC-]|[HC-]|[HC-]|</pcre></match></read>
    <read><length>1</length><match><data>\x0a</data></match></read>
    <read><delim>\x0a</delim><match><pcre>|[HC-]|[HC-]|[HC-]|</pcre></match></read>
    <read><delim>\x0a</delim><match><pcre>|[HC-]|[HC-]|[HC-]|</pcre></match></read>
    <read><delim>\x0a</delim><match><pcre>|[HC-]|[HC-]|[HC-]|</pcre></match></read>
    <read><length>18</length><match><data>Enter move \x5by\x2cx\x5d: </data></match></read>
    <write><data>0\x2c2\x0a</data></write>
    <read><length>1</length><match><data>\x0a</data></match></read>
    <read><delim>\x0a</delim><match><pcre>|[HC-]|[HC-]|[HC-]|</pcre></match></read>
    <read><delim>\x0a</delim><match><pcre>|[HC-]|[HC-]|[HC-]|</pcre></match></read>
    <read><delim>\x0a</delim><match><pcre>|[HC-]|[HC-]|[HC-]|</pcre></match></read>
    <read><length>12</length><match><data>It\x27s a tie!\x0a</data></match></read>
    <read><length>21</length><match><data>\x2d\x2d\x2dPlayer\x27s stats\x2d\x2d\x2d\x0a</data></match></read>
    <read><length>17</length><match><data>Current Score: 0\x0a</data></match></read>
    <read><length>34</length><match><data>Number of Three in a row draws: 1\x0a</data></match></read>
    <read><length>33</length><match><data>Number of Three in a row wins: 0\x0a</data></match></read>
    <read><length>40</length><match><data>Number of Hammer\x2c Sheet\x2c Sheers wins: 0\x0a</data></match></read>
    <read><length>34</length><match><data>Number of Guess my number wins: 0\x0a</data></match></read>
    <read><length>1</length><match><data>\x0a</data></match></read>
    <read><delim>Choose a game to play:\x0a</delim></read>
    <read><delim>\x2d\x2dEasy\x2d\x2d\x0a</delim></read>
    <read><delim>1. Hammer\x2c Sheet\x2c Sheers\x0a</delim></read>
    <read><delim>\x2d\x2dMedium\x2d\x2d\x0a</delim></read>
    <read><delim>2. Guess my number\x0a</delim></read>
    <read><delim>\x2d\x2dImpossible\x2d\x2d\x0a</delim></read>
    <read><delim>3. Three in a row\x0a</delim></read>
    <read><delim>4. Give up\x0a\x0a</delim></read>
    <read><delim>Shall we play a game?\x0a</delim></read>
    <read><delim>Game \x23 </delim></read>
    <write><data>2\x0a</data></write>
    <read><length>33</length><match><data>Enter max value \x28Default\x3d65535\x29: </data></match></read>
    <write><data>\x0a</data></write>
    <read><length>36</length><match><data>Guess the number \x5b16 guesses left\x5d: </data></match></read>
    <write><data>9902\x0a</data></write>
    <read><length>8</length><match><data>Too Low\x0a</data></match></read>
    <read><length>36</length><match><data>Guess the number \x5b15 guesses left\x5d: </data></match></read>
    <write><data>55395\x0a</data></write>
    <read><length>9</length><match><data>Too High\x0a</data></match></read>
    <read><length>36</length><match><data>Guess the number \x5b14 guesses left\x5d: </data></match></read>
    <write><data>41863\x0a</data></write>
    <read><length>8</length><match><data>Too Low\x0a</data></match></read>
    <read><length>36</length><match><data>Guess the number \x5b13 guesses left\x5d: </data></match></read>
    <write><data>18653\x0a</data></write>
    <read><length>8</length><match><data>Too Low\x0a</data></match></read>
    <read><length>36</length><match><data>Guess the number \x5b12 guesses left\x5d: </data></match></read>
    <write><data>15015\x0a</data></write>
    <read><length>8</length><match><data>Too Low\x0a</data></match></read>
    <read><length>36</length><match><data>Guess the number \x5b11 guesses left\x5d: </data></match></read>
    <write><data>52135\x0a</data></write>
    <read><length>9</length><match><data>Too High\x0a</data></match></read>
    <read><length>36</length><match><data>Guess the number \x5b10 guesses left\x5d: </data></match></read>
    <write><data>38695\x0a</data></write>
    <read><length>8</length><match><data>Too Low\x0a</data></match></read>
    <read><length>35</length><match><data>Guess the number \x5b9 guesses left\x5d: </data></match></read>
    <write><data>64156\x0a</data></write>
    <read><length>9</length><match><data>Too High\x0a</data></match></read>
    <read><length>35</length><match><data>Guess the number \x5b8 guesses left\x5d: </data></match></read>
    <write><data>16654\x0a</data></write>
    <read><length>8</length><match><data>Too Low\x0a</data></match></read>
    <read><length>35</length><match><data>Guess the number \x5b7 guesses left\x5d: </data></match></read>
    <write><data>21943\x0a</data></write>
    <read><length>8</length><match><data>Too Low\x0a</data></match></read>
    <read><length>35</length><match><data>Guess the number \x5b6 guesses left\x5d: </data></match></read>
    <write><data>33388\x0a</data></write>
    <read><length>8</length><match><data>Too Low\x0a</data></match></read>
    <read><length>35</length><match><data>Guess the number \x5b5 guesses left\x5d: </data></match></read>
    <write><data>53618\x0a</data></write>
    <read><length>9</length><match><data>Too High\x0a</data></match></read>
    <read><length>35</length><match><data>Guess the number \x5b4 guesses left\x5d: </data></match></read>
    <write><data>45911\x0a</data></write>
    <read><length>8</length><match><data>Too Low\x0a</data></match></read>
    <read><length>35</length><match><data>Guess the number \x5b3 guesses left\x5d: </data></match></read>
    <write><data>15415\x0a</data></write>
    <read><length>8</length><match><data>Too Low\x0a</data></match></read>
    <read><length>35</length><match><data>Guess the number \x5b2 guesses left\x5d: </data></match></read>
    <write><data>56258\x0a</data></write>
    <read><length>9</length><match><data>Too High\x0a</data></match></read>
    <read><length>35</length><match><data>Guess the number \x5b1 guesses left\x5d: </data></match></read>
    <write><data>28621\x0a</data></write>
    <read><length>8</length><match><data>Too Low\x0a</data></match></read>
    <read><length>56</length><match><data>Sorry\x2c you lost. Try practicing with a lower max value.\x0a</data></match></read>
    <read><length>21</length><match><data>\x2d\x2d\x2dPlayer\x27s stats\x2d\x2d\x2d\x0a</data></match></read>
    <read><length>17</length><match><data>Current Score: 0\x0a</data></match></read>
    <read><length>34</length><match><data>Number of Three in a row draws: 1\x0a</data></match></read>
    <read><length>33</length><match><data>Number of Three in a row wins: 0\x0a</data></match></read>
    <read><length>40</length><match><data>Number of Hammer\x2c Sheet\x2c Sheers wins: 0\x0a</data></match></read>
    <read><length>34</length><match><data>Number of Guess my number wins: 0\x0a</data></match></read>
    <read><length>1</length><match><data>\x0a</data></match></read>
    <read><delim>Choose a game to play:\x0a</delim></read>
    <read><delim>\x2d\x2dEasy\x2d\x2d\x0a</delim></read>
    <read><delim>1. Hammer\x2c Sheet\x2c Sheers\x0a</delim></read>
    <read><delim>\x2d\x2dMedium\x2d\x2d\x0a</delim></read>
    <read><delim>2. Guess my number\x0a</delim></read>
    <read><delim>\x2d\x2dImpossible\x2d\x2d\x0a</delim></read>
    <read><delim>3. Three in a row\x0a</delim></read>
    <read><delim>4. Give up\x0a\x0a</delim></read>
    <read><delim>Shall we play a game?\x0a</delim></read>
    <read><delim>Game \x23 </delim></read>
    <write><data>3\x0a</data></write>
    <read><length>38</length><match><data>You\x27re playing 3 in a row. Good luck!\x0a</data></match></read>
    <read><length>1</length><match><data>\x0a</data></match></read>
    <read><delim>\x0a</delim><match><pcre>|[HC-]|[HC-]|[HC-]|</pcre></match></read>
    <read><delim>\x0a</delim><match><pcre>|[HC-]|[HC-]|[HC-]|</pcre></match></read>
    <read><delim>\x0a</delim><match><pcre>|[HC-]|[HC-]|[HC-]|</pcre></match></read>
    <read><length>18</length><match><data>Enter move \x5by\x2cx\x5d: </data></match></read>
    <write><data>1\x2c1\x0a</data></write>
    <read><length>1</length><match><data>\x0a</data></match></read>
    <read><delim>\x0a</delim><match><pcre>|[HC-]|[HC-]|[HC-]|</pcre></match></read>
    <read><delim>\x0a</delim><match><pcre>|[HC-]|[HC-]|[HC-]|</pcre></match></read>
    <read><delim>\x0a</delim><match><pcre>|[HC-]|[HC-]|[HC-]|</pcre></match></read>
    <read><length>1</length><match><data>\x0a</data></match></read>
    <read><delim>\x0a</delim><match><pcre>|[HC-]|[HC-]|[HC-]|</pcre></match></read>
    <read><delim>\x0a</delim><match><pcre>|[HC-]|[HC-]|[HC-]|</pcre></match></read>
    <read><delim>\x0a</delim><match><pcre>|[HC-]|[HC-]|[HC-]|</pcre></match></read>
    <read><length>18</length><match><data>Enter move \x5by\x2cx\x5d: </data></match></read>
    <write><data>0\x2c2\x0a</data></write>
    <read><length>1</length><match><data>\x0a</data></match></read>
    <read><delim>\x0a</delim><match><pcre>|[HC-]|[HC-]|[HC-]|</pcre></match></read>
    <read><delim>\x0a</delim><match><pcre>|[HC-]|[HC-]|[HC-]|</pcre></match></read>
    <read><delim>\x0a</delim><match><pcre>|[HC-]|[HC-]|[HC-]|</pcre></match></read>
    <read><length>1</length><match><data>\x0a</data></match></read>
    <read><delim>\x0a</delim><match><pcre>|[HC-]|[HC-]|[HC-]|</pcre></match></read>
    <read><delim>\x0a</delim><match><pcre>|[HC-]|[HC-]|[HC-]|</pcre></match></read>
    <read><delim>\x0a</delim><match><pcre>|[HC-]|[HC-]|[HC-]|</pcre></match></read>
    <read><length>18</length><match><data>Enter move \x5by\x2cx\x5d: </data></match></read>
    <write><data>1\x2c0\x0a</data></write>
    <read><length>1</length><match><data>\x0a</data></match></read>
    <read><delim>\x0a</delim><match><pcre>|[HC-]|[HC-]|[HC-]|</pcre></match></read>
    <read><delim>\x0a</delim><match><pcre>|[HC-]|[HC-]|[HC-]|</pcre></match></read>
    <read><delim>\x0a</delim><match><pcre>|[HC-]|[HC-]|[HC-]|</pcre></match></read>
    <read><length>1</length><match><data>\x0a</data></match></read>
    <read><delim>\x0a</delim><match><pcre>|[HC-]|[HC-]|[HC-]|</pcre></match></read>
    <read><delim>\x0a</delim><match><pcre>|[HC-]|[HC-]|[HC-]|</pcre></match></read>
    <read><delim>\x0a</delim><match><pcre>|[HC-]|[HC-]|[HC-]|</pcre></match></read>
    <read><length>18</length><match><data>Enter move \x5by\x2cx\x5d: </data></match></read>
    <write><data>2\x2c2\x0a</data></write>
    <read><length>1</length><match><data>\x0a</data></match></read>
    <read><delim>\x0a</delim><match><pcre>|[HC-]|[HC-]|[HC-]|</pcre></match></read>
    <read><delim>\x0a</delim><match><pcre>|[HC-]|[HC-]|[HC-]|</pcre></match></read>
    <read><delim>\x0a</delim><match><pcre>|[HC-]|[HC-]|[HC-]|</pcre></match></read>
    <read><length>1</length><match><data>\x0a</data></match></read>
    <read><delim>\x0a</delim><match><pcre>|[HC-]|[HC-]|[HC-]|</pcre></match></read>
    <read><delim>\x0a</delim><match><pcre>|[HC-]|[HC-]|[HC-]|</pcre></match></read>
    <read><delim>\x0a</delim><match><pcre>|[HC-]|[HC-]|[HC-]|</pcre></match></read>
    <read><length>12</length><match><data>It\x27s a tie!\x0a</data></match></read>
    <read><length>21</length><match><data>\x2d\x2d\x2dPlayer\x27s stats\x2d\x2d\x2d\x0a</data></match></read>
    <read><length>17</length><match><data>Current Score: 0\x0a</data></match></read>
    <read><length>34</length><match><data>Number of Three in a row draws: 2\x0a</data></match></read>
    <read><length>33</length><match><data>Number of Three in a row wins: 0\x0a</data></match></read>
    <read><length>40</length><match><data>Number of Hammer\x2c Sheet\x2c Sheers wins: 0\x0a</data></match></read>
    <read><length>34</length><match><data>Number of Guess my number wins: 0\x0a</data></match></read>
    <read><length>1</length><match><data>\x0a</data></match></read>
    <read><delim>Choose a game to play:\x0a</delim></read>
    <read><delim>\x2d\x2dEasy\x2d\x2d\x0a</delim></read>
    <read><delim>1. Hammer\x2c Sheet\x2c Sheers\x0a</delim></read>
    <read><delim>\x2d\x2dMedium\x2d\x2d\x0a</delim></read>
    <read><delim>2. Guess my number\x0a</delim></read>
    <read><delim>\x2d\x2dImpossible\x2d\x2d\x0a</delim></read>
    <read><delim>3. Three in a row\x0a</delim></read>
    <read><delim>4. Give up\x0a\x0a</delim></read>
    <read><delim>Shall we play a game?\x0a</delim></read>
    <read><delim>Game \x23 </delim></read>
    <write><data>2\x0a</data></write>
    <read><length>33</length><match><data>Enter max value \x28Default\x3d65535\x29: </data></match></read>
    <write><data>\x0a</data></write>
    <read><length>36</length><match><data>Guess the number \x5b16 guesses left\x5d: </data></match></read>
    <write><data>31903\x0a</data></write>
    <read><length>8</length><match><data>Too Low\x0a</data></match></read>
    <read><length>36</length><match><data>Guess the number \x5b15 guesses left\x5d: </data></match></read>
    <write><data>4010\x0a</data></write>
    <read><length>8</length><match><data>Too Low\x0a</data></match></read>
    <read><length>36</length><match><data>Guess the number \x5b14 guesses left\x5d: </data></match></read>
    <write><data>39275\x0a</data></write>
    <read><length>8</length><match><data>Too Low\x0a</data></match></read>
    <read><length>36</length><match><data>Guess the number \x5b13 guesses left\x5d: </data></match></read>
    <write><data>52210\x0a</data></write>
    <read><length>9</length><match><data>Too High\x0a</data></match></read>
    <read><length>36</length><match><data>Guess the number \x5b12 guesses left\x5d: </data></match></read>
    <write><data>43632\x0a</data></write>
    <read><length>8</length><match><data>Too Low\x0a</data></match></read>
    <read><length>36</length><match><data>Guess the number \x5b11 guesses left\x5d: </data></match></read>
    <write><data>14797\x0a</data></write>
    <read><length>8</length><match><data>Too Low\x0a</data></match></read>
    <read><length>36</length><match><data>Guess the number \x5b10 guesses left\x5d: </data></match></read>
    <write><data>54675\x0a</data></write>
    <read><length>9</length><match><data>Too High\x0a</data></match></read>
    <read><length>35</length><match><data>Guess the number \x5b9 guesses left\x5d: </data></match></read>
    <write><data>40141\x0a</data></write>
    <read><length>8</length><match><data>Too Low\x0a</data></match></read>
    <read><length>35</length><match><data>Guess the number \x5b8 guesses left\x5d: </data></match></read>
    <write><data>62891\x0a</data></write>
    <read><length>9</length><match><data>Too High\x0a</data></match></read>
    <read><length>35</length><match><data>Guess the number \x5b7 guesses left\x5d: </data></match></read>
    <write><data>37598\x0a</data></write>
    <read><length>8</length><match><data>Too Low\x0a</data></match></read>
    <read><length>35</length><match><data>Guess the number \x5b6 guesses left\x5d: </data></match></read>
    <write><data>62941\x0a</data></write>
    <read><length>9</length><match><data>Too High\x0a</data></match></read>
    <read><length>35</length><match><data>Guess the number \x5b5 guesses left\x5d: </data></match></read>
    <write><data>52122\x0a</data></write>
    <read><length>9</length><match><data>Too High\x0a</data></match></read>
    <read><length>35</length><match><data>Guess the number \x5b4 guesses left\x5d: </data></match></read>
    <write><data>7946\x0a</data></write>
    <read><length>8</length><match><data>Too Low\x0a</data></match></read>
    <read><length>35</length><match><data>Guess the number \x5b3 guesses left\x5d: </data></match></read>
    <write><data>33371\x0a</data></write>
    <read><length>8</length><match><data>Too Low\x0a</data></match></read>
    <read><length>35</length><match><data>Guess the number \x5b2 guesses left\x5d: </data></match></read>
    <write><data>17040\x0a</data></write>
    <read><length>8</length><match><data>Too Low\x0a</data></match></read>
    <read><length>35</length><match><data>Guess the number \x5b1 guesses left\x5d: </data></match></read>
    <write><data>41091\x0a</data></write>
    <read><length>8</length><match><data>Too Low\x0a</data></match></read>
    <read><length>56</length><match><data>Sorry\x2c you lost. Try practicing with a lower max value.\x0a</data></match></read>
    <read><length>21</length><match><data>\x2d\x2d\x2dPlayer\x27s stats\x2d\x2d\x2d\x0a</data></match></read>
    <read><length>17</length><match><data>Current Score: 0\x0a</data></match></read>
    <read><length>34</length><match><data>Number of Three in a row draws: 2\x0a</data></match></read>
    <read><length>33</length><match><data>Number of Three in a row wins: 0\x0a</data></match></read>
    <read><length>40</length><match><data>Number of Hammer\x2c Sheet\x2c Sheers wins: 0\x0a</data></match></read>
    <read><length>34</length><match><data>Number of Guess my number wins: 0\x0a</data></match></read>
    <read><length>1</length><match><data>\x0a</data></match></read>
    <read><delim>Choose a game to play:\x0a</delim></read>
    <read><delim>\x2d\x2dEasy\x2d\x2d\x0a</delim></read>
    <read><delim>1. Hammer\x2c Sheet\x2c Sheers\x0a</delim></read>
    <read><delim>\x2d\x2dMedium\x2d\x2d\x0a</delim></read>
    <read><delim>2. Guess my number\x0a</delim></read>
    <read><delim>\x2d\x2dImpossible\x2d\x2d\x0a</delim></read>
    <read><delim>3. Three in a row\x0a</delim></read>
    <read><delim>4. Give up\x0a\x0a</delim></read>
    <read><delim>Shall we play a game?\x0a</delim></read>
    <read><delim>Game \x23 </delim></read>
    <write><data>4\x0a</data></write>
    <read><length>26</length><match><data>See you next time\x2c Player\x0a</data></match></read>
    <read><length>23</length><match><data>1. Register New Player\x0a</data></match></read>
    <read><length>8</length><match><data>2. Exit\x0a</data></match></read>
    <read><length>2</length><match><data>\x3e </data></match></read>
    <write><data>1\x0a</data></write>
    <read><length>21</length><match><data>Flair 1 \x3d Terminator\x0a</data></match></read>
    <read><length>15</length><match><data>Flair 2 \x3d 2001\x0a</data></match></read>
    <read><length>19</length><match><data>Flair 3 \x3d Collosus\x0a</data></match></read>
    <read><length>39</length><match><data>Enter player information: \x5bname\x2cflair\x5d\x0a</data></match></read>
    <write><data>Player\x2c 2\x0a</data></write>
    <read><length>51</length><match><data>\x0aWelcome to WarGames\x2c Player. It\x27s just you vs. me\x0a</data></match></read>
    <read><length>21</length><match><data>\x2d\x2d\x2dPlayer\x27s stats\x2d\x2d\x2d\x0a</data></match></read>
    <read><length>17</length><match><data>Current Score: 0\x0a</data></match></read>
    <read><length>34</length><match><data>Number of Three in a row draws: 0\x0a</data></match></read>
    <read><length>33</length><match><data>Number of Three in a row wins: 0\x0a</data></match></read>
    <read><length>40</length><match><data>Number of Hammer\x2c Sheet\x2c Sheers wins: 0\x0a</data></match></read>
    <read><length>34</length><match><data>Number of Guess my number wins: 0\x0a</data></match></read>
    <read><length>1</length><match><data>\x0a</data></match></read>
    <read><delim>Choose a game to play:\x0a</delim></read>
    <read><delim>\x2d\x2dEasy\x2d\x2d\x0a</delim></read>
    <read><delim>1. Hammer\x2c Sheet\x2c Sheers\x0a</delim></read>
    <read><delim>\x2d\x2dMedium\x2d\x2d\x0a</delim></read>
    <read><delim>2. Guess my number\x0a</delim></read>
    <read><delim>\x2d\x2dImpossible\x2d\x2d\x0a</delim></read>
    <read><delim>3. Three in a row\x0a</delim></read>
    <read><delim>4. Give up\x0a\x0a</delim></read>
    <read><delim>Shall we play a game?\x0a</delim></read>
    <read><delim>Game \x23 </delim></read>
    <write><data>4\x0a</data></write>
    <read><length>26</length><match><data>See you next time\x2c Player\x0a</data></match></read>
    <read><length>23</length><match><data>1. Register New Player\x0a</data></match></read>
    <read><length>8</length><match><data>2. Exit\x0a</data></match></read>
    <read><length>2</length><match><data>\x3e </data></match></read>
    <write><data>1\x0a</data></write>
    <read><length>21</length><match><data>Flair 1 \x3d Terminator\x0a</data></match></read>
    <read><length>15</length><match><data>Flair 2 \x3d 2001\x0a</data></match></read>
    <read><length>19</length><match><data>Flair 3 \x3d Collosus\x0a</data></match></read>
    <read><length>39</length><match><data>Enter player information: \x5bname\x2cflair\x5d\x0a</data></match></read>
    <write><data>Player\x2c 1\x0a</data></write>
    <read><length>51</length><match><data>\x0aWelcome to WarGames\x2c Player. It\x27s just you vs. me\x0a</data></match></read>
    <read><length>21</length><match><data>\x2d\x2d\x2dPlayer\x27s stats\x2d\x2d\x2d\x0a</data></match></read>
    <read><length>17</length><match><data>Current Score: 0\x0a</data></match></read>
    <read><length>34</length><match><data>Number of Three in a row draws: 0\x0a</data></match></read>
    <read><length>33</length><match><data>Number of Three in a row wins: 0\x0a</data></match></read>
    <read><length>40</length><match><data>Number of Hammer\x2c Sheet\x2c Sheers wins: 0\x0a</data></match></read>
    <read><length>34</length><match><data>Number of Guess my number wins: 0\x0a</data></match></read>
    <read><length>1</length><match><data>\x0a</data></match></read>
    <read><delim>Choose a game to play:\x0a</delim></read>
    <read><delim>\x2d\x2dEasy\x2d\x2d\x0a</delim></read>
    <read><delim>1. Hammer\x2c Sheet\x2c Sheers\x0a</delim></read>
    <read><delim>\x2d\x2dMedium\x2d\x2d\x0a</delim></read>
    <read><delim>2. Guess my number\x0a</delim></read>
    <read><delim>\x2d\x2dImpossible\x2d\x2d\x0a</delim></read>
    <read><delim>3. Three in a row\x0a</delim></read>
    <read><delim>4. Give up\x0a\x0a</delim></read>
    <read><delim>Shall we play a game?\x0a</delim></read>
    <read><delim>Game \x23 </delim></read>
    <write><data>4\x0a</data></write>
    <read><length>26</length><match><data>See you next time\x2c Player\x0a</data></match></read>
    <read><length>23</length><match><data>1. Register New Player\x0a</data></match></read>
    <read><length>8</length><match><data>2. Exit\x0a</data></match></read>
    <read><length>2</length><match><data>\x3e </data></match></read>
    <write><data>2\x0a</data></write>
    <read><length>7</length><match><data>Exited\x0a</data></match></read>
</replay>
</pov>