<?xml version="1.0" standalone="no" ?>
<!DOCTYPE pov SYSTEM "/usr/share/cgc-docs/replay.dtd">
<pov>
<cbid>service</cbid>
<seed>271a1adedfbcfbdcecf2ae093165cbd65db99da85e40848bc43e91c836515785819a24e97f9c30e14bf0991e070a8d27</seed>
<replay>
    <read><length>23</length><match><data>1. Register New Player\x0a</data></match></read>
    <read><length>8</length><match><data>2. Exit\x0a</data></match></read>
    <read><length>2</length><match><data>\x3e </data></match></read>
    <write><data>1\x0a</data></write>
    <read><length>21</length><match><data>Flair 1 \x3d Terminator\x0a</data></match></read>
    <read><length>15</length><match><data>Flair 2 \x3d 2001\x0a</data></match></read>
    <read><length>19</length><match><data>Flair 3 \x3d Collosus\x0a</data></match></read>
    <read><length>39</length><match><data>Enter player information: \x5bname\x2cflair\x5d\x0a</data></match></read>
    <write><data>Player\x2c 1\x0a</data></write>
    <read><length>51</length><match><data>\x0aWelcome to WarGames\x2c Player. It\x27s just you vs. me\x0a</data></match></read>
    <read><length>21</length><match><data>\x2d\x2d\x2dPlayer\x27s stats\x2d\x2d\x2d\x0a</data></match></read>
    <read><length>17</length><match><data>Current Score: 0\x0a</data></match></read>
    <read><length>34</length><match><data>Number of Three in a row draws: 0\x0a</data></match></read>
    <read><length>33</length><match><data>Number of Three in a row wins: 0\x0a</data></match></read>
    <read><length>40</length><match><data>Number of Hammer\x2c Sheet\x2c Sheers wins: 0\x0a</data></match></read>
    <read><length>34</length><match><data>Number of Guess my number wins: 0\x0a</data></match></read>
    <read><length>1</length><match><data>\x0a</data></match></read>
    <read><delim>Choose a game to play:\x0a</delim></read>
    <read><delim>\x2d\x2dEasy\x2d\x2d\x0a</delim></read>
    <read><delim>1. Hammer\x2c Sheet\x2c Sheers\x0a</delim></read>
    <read><delim>\x2d\x2dMedium\x2d\x2d\x0a</delim></read>
    <read><delim>2. Guess my number\x0a</delim></read>
    <read><delim>\x2d\x2dImpossible\x2d\x2d\x0a</delim></read>
    <read><delim>3. Three in a row\x0a</delim></read>
    <read><delim>4. Give up\x0a\x0a</delim></read>
    <read><delim>Shall we play a game?\x0a</delim></read>
    <read><delim>Game \x23 </delim></read>
    <write><data>4\x0a</data></write>
    <read><length>26</length><match><data>See you next time\x2c Player\x0a</data></match></read>
    <read><length>23</length><match><data>1. Register New Player\x0a</data></match></read>
    <read><length>8</length><match><data>2. Exit\x0a</data></match></read>
    <read><length>2</length><match><data>\x3e </data></match></read>
    <write><data>1\x0a</data></write>
    <read><length>21</length><match><data>Flair 1 \x3d Terminator\x0a</data></match></read>
    <read><length>15</length><match><data>Flair 2 \x3d 2001\x0a</data></match></read>
    <read><length>19</length><match><data>Flair 3 \x3d Collosus\x0a</data></match></read>
    <read><length>39</length><match><data>Enter player information: \x5bname\x2cflair\x5d\x0a</data></match></read>
    <write><data>Player\x2c 3\x0a</data></write>
    <read><length>51</length><match><data>\x0aWelcome to WarGames\x2c Player. It\x27s just you vs. me\x0a</data></match></read>
    <read><length>21</length><match><data>\x2d\x2d\x2dPlayer\x27s stats\x2d\x2d\x2d\x0a</data></match></read>
    <read><length>17</length><match><data>Current Score: 0\x0a</data></match></read>
    <read><length>34</length><match><data>Number of Three in a row draws: 0\x0a</data></match></read>
    <read><length>33</length><match><data>Number of Three in a row wins: 0\x0a</data></match></read>
    <read><length>40</length><match><data>Number of Hammer\x2c Sheet\x2c Sheers wins: 0\x0a</data></match></read>
    <read><length>34</length><match><data>Number of Guess my number wins: 0\x0a</data></match></read>
    <read><length>1</length><match><data>\x0a</data></match></read>
    <read><delim>Choose a game to play:\x0a</delim></read>
    <read><delim>\x2d\x2dEasy\x2d\x2d\x0a</delim></read>
    <read><delim>1. Hammer\x2c Sheet\x2c Sheers\x0a</delim></read>
    <read><delim>\x2d\x2dMedium\x2d\x2d\x0a</delim></read>
    <read><delim>2. Guess my number\x0a</delim></read>
    <read><delim>\x2d\x2dImpossible\x2d\x2d\x0a</delim></read>
    <read><delim>3. Three in a row\x0a</delim></read>
    <read><delim>4. Give up\x0a\x0a</delim></read>
    <read><delim>Shall we play a game?\x0a</delim></read>
    <read><delim>Game \x23 </delim></read>
    <write><data>4\x0a</data></write>
    <read><length>26</length><match><data>See you next time\x2c Player\x0a</data></match></read>
    <read><length>23</length><match><data>1. Register New Player\x0a</data></match></read>
    <read><length>8</length><match><data>2. Exit\x0a</data></match></read>
    <read><length>2</length><match><data>\x3e </data></match></read>
    <write><data>1\x0a</data></write>
    <read><length>21</length><match><data>Flair 1 \x3d Terminator\x0a</data></match></read>
    <read><length>15</length><match><data>Flair 2 \x3d 2001\x0a</data></match></read>
    <read><length>19</length><match><data>Flair 3 \x3d Collosus\x0a</data></match></read>
    <read><length>39</length><match><data>Enter player information: \x5bname\x2cflair\x5d\x0a</data></match></read>
    <write><data>Player\x2c 3\x0a</data></write>
    <read><length>51</length><match><data>\x0aWelcome to WarGames\x2c Player. It\x27s just you vs. me\x0a</data></match></read>
    <read><length>21</length><match><data>\x2d\x2d\x2dPlayer\x27s stats\x2d\x2d\x2d\x0a</data></match></read>
    <read><length>17</length><match><data>Current Score: 0\x0a</data></match></read>
    <read><length>34</length><match><data>Number of Three in a row draws: 0\x0a</data></match></read>
    <read><length>33</length><match><data>Number of Three in a row wins: 0\x0a</data></match></read>
    <read><length>40</length><match><data>Number of Hammer\x2c Sheet\x2c Sheers wins: 0\x0a</data></match></read>
    <read><length>34</length><match><data>Number of Guess my number wins: 0\x0a</data></match></read>
    <read><length>1</length><match><data>\x0a</data></match></read>
    <read><delim>Choose a game to play:\x0a</delim></read>
    <read><delim>\x2d\x2dEasy\x2d\x2d\x0a</delim></read>
    <read><delim>1. Hammer\x2c Sheet\x2c Sheers\x0a</delim></read>
    <read><delim>\x2d\x2dMedium\x2d\x2d\x0a</delim></read>
    <read><delim>2. Guess my number\x0a</delim></read>
    <read><delim>\x2d\x2dImpossible\x2d\x2d\x0a</delim></read>
    <read><delim>3. Three in a row\x0a</delim></read>
    <read><delim>4. Give up\x0a\x0a</delim></read>
    <read><delim>Shall we play a game?\x0a</delim></read>
    <read><delim>Game \x23 </delim></read>
    <write><data>3\x0a</data></write>
    <read><length>38</length><match><data>You\x27re playing 3 in a row. Good luck!\x0a</data></match></read>
    <read><delim>\x0a</delim><match><pcre>|[HC-]|[HC-]|[HC-]|</pcre></match></read>
    <read><delim>\x0a</delim><match><pcre>|[HC-]|[HC-]|[HC-]|</pcre></match></read>
    <read><delim>\x0a</delim><match><pcre>|[HC-]|[HC-]|[HC-]|</pcre></match></read>
    <read><length>18</length><match><data>Enter move \x5by\x2cx\x5d: </data></match></read>
    <write><data>0\x2c0\x0a</data></write>
    <read><length>1</length><match><data>\x0a</data></match></read>
    <read><delim>\x0a</delim><match><pcre>|[HC-]|[HC-]|[HC-]|</pcre></match></read>
    <read><delim>\x0a</delim><match><pcre>|[HC-]|[HC-]|[HC-]|</pcre></match></read>
    <read><delim>\x0a</delim><match><pcre>|[HC-]|[HC-]|[HC-]|</pcre></match></read>
    <read><length>1</length><match><data>\x0a</data></match></read>
    <read><delim>\x0a</delim><match><pcre>|[HC-]|[HC-]|[HC-]|</pcre></match></read>
    <read><delim>\x0a</delim><match><pcre>|[HC-]|[HC-]|[HC-]|</pcre></match></read>
    <read><delim>\x0a</delim><match><pcre>|[HC-]|[HC-]|[HC-]|</pcre></match></read>
    <read><length>18</length><match><data>Enter move \x5by\x2cx\x5d: </data></match></read>
    <write><data>1\x2c2\x0a</data></write>
    <read><length>1</length><match><data>\x0a</data></match></read>
    <read><delim>\x0a</delim><match><pcre>|[HC-]|[HC-]|[HC-]|</pcre></match></read>
    <read><delim>\x0a</delim><match><pcre>|[HC-]|[HC-]|[HC-]|</pcre></match></read>
    <read><delim>\x0a</delim><match><pcre>|[HC-]|[HC-]|[HC-]|</pcre></match></read>
    <read><length>1</length><match><data>\x0a</data></match></read>
    <read><delim>\x0a</delim><match><pcre>|[HC-]|[HC-]|[HC-]|</pcre></match></read>
    <read><delim>\x0a</delim><match><pcre>|[HC-]|[HC-]|[HC-]|</pcre></match></read>
    <read><delim>\x0a</delim><match><pcre>|[HC-]|[HC-]|[HC-]|</pcre></match></read>
    <read><length>18</length><match><data>Enter move \x5by\x2cx\x5d: </data></match></read>
    <write><data>2\x2c2\x0a</data></write>
    <read><length>1</length><match><data>\x0a</data></match></read>
    <read><delim>\x0a</delim><match><pcre>|[HC-]|[HC-]|[HC-]|</pcre></match></read>
    <read><delim>\x0a</delim><match><pcre>|[HC-]|[HC-]|[HC-]|</pcre></match></read>
    <read><delim>\x0a</delim><match><pcre>|[HC-]|[HC-]|[HC-]|</pcre></match></read>
    <read><length>1</length><match><data>\x0a</data></match></read>
    <read><delim>\x0a</delim><match><pcre>|[HC-]|[HC-]|[HC-]|</pcre></match></read>
    <read><delim>\x0a</delim><match><pcre>|[HC-]|[HC-]|[HC-]|</pcre></match></read>
    <read><delim>\x0a</delim><match><pcre>|[HC-]|[HC-]|[HC-]|</pcre></match></read>
    <read><length>10</length><match><data>You lost.\x0a</data></match></read>
    <read><length>21</length><match><data>\x2d\x2d\x2dPlayer\x27s stats\x2d\x2d\x2d\x0a</data></match></read>
    <read><length>17</length><match><data>Current Score: 0\x0a</data></match></read>
    <read><length>34</length><match><data>Number of Three in a row draws: 0\x0a</data></match></read>
    <read><length>33</length><match><data>Number of Three in a row wins: 0\x0a</data></match></read>
    <read><length>40</length><match><data>Number of Hammer\x2c Sheet\x2c Sheers wins: 0\x0a</data></match></read>
    <read><length>34</length><match><data>Number of Guess my number wins: 0\x0a</data></match></read>
    <read><length>1</length><match><data>\x0a</data></match></read>
    <read><delim>Choose a game to play:\x0a</delim></read>
    <read><delim>\x2d\x2dEasy\x2d\x2d\x0a</delim></read>
    <read><delim>1. Hammer\x2c Sheet\x2c Sheers\x0a</delim></read>
    <read><delim>\x2d\x2dMedium\x2d\x2d\x0a</delim></read>
    <read><delim>2. Guess my number\x0a</delim></read>
    <read><delim>\x2d\x2dImpossible\x2d\x2d\x0a</delim></read>
    <read><delim>3. Three in a row\x0a</delim></read>
    <read><delim>4. Give up\x0a\x0a</delim></read>
    <read><delim>Shall we play a game?\x0a</delim></read>
    <read><delim>Game \x23 </delim></read>
    <write><data>2\x0a</data></write>
    <read><length>33</length><match><data>Enter max value \x28Default\x3d65535\x29: </data></match></read>
    <write><data>\x0a</data></write>
    <read><length>36</length><match><data>Guess the number \x5b16 guesses left\x5d: </data></match></read>
    <write><data>34598\x0a</data></write>
    <read><length>9</length><match><data>Too High\x0a</data></match></read>
    <read><length>36</length><match><data>Guess the number \x5b15 guesses left\x5d: </data></match></read>
    <write><data>61406\x0a</data></write>
    <read><length>9</length><match><data>Too High\x0a</data></match></read>
    <read><length>36</length><match><data>Guess the number \x5b14 guesses left\x5d: </data></match></read>
    <write><data>44761\x0a</data></write>
    <read><length>9</length><match><data>Too High\x0a</data></match></read>
    <read><length>36</length><match><data>Guess the number \x5b13 guesses left\x5d: </data></match></read>
    <write><data>19835\x0a</data></write>
    <read><length>8</length><match><data>Too Low\x0a</data></match></read>
    <read><length>36</length><match><data>Guess the number \x5b12 guesses left\x5d: </data></match></read>
    <write><data>42913\x0a</data></write>
    <read><length>9</length><match><data>Too High\x0a</data></match></read>
    <read><length>36</length><match><data>Guess the number \x5b11 guesses left\x5d: </data></match></read>
    <write><data>49461\x0a</data></write>
    <read><length>9</length><match><data>Too High\x0a</data></match></read>
    <read><length>36</length><match><data>Guess the number \x5b10 guesses left\x5d: </data></match></read>
    <write><data>61874\x0a</data></write>
    <read><length>9</length><match><data>Too High\x0a</data></match></read>
    <read><length>35</length><match><data>Guess the number \x5b9 guesses left\x5d: </data></match></read>
    <write><data>61950\x0a</data></write>
    <read><length>9</length><match><data>Too High\x0a</data></match></read>
    <read><length>35</length><match><data>Guess the number \x5b8 guesses left\x5d: </data></match></read>
    <write><data>40696\x0a</data></write>
    <read><length>9</length><match><data>Too High\x0a</data></match></read>
    <read><length>35</length><match><data>Guess the number \x5b7 guesses left\x5d: </data></match></read>
    <write><data>62673\x0a</data></write>
    <read><length>9</length><match><data>Too High\x0a</data></match></read>
    <read><length>35</length><match><data>Guess the number \x5b6 guesses left\x5d: </data></match></read>
    <write><data>46304\x0a</data></write>
    <read><length>9</length><match><data>Too High\x0a</data></match></read>
    <read><length>35</length><match><data>Guess the number \x5b5 guesses left\x5d: </data></match></read>
    <write><data>5957\x0a</data></write>
    <read><length>8</length><match><data>Too Low\x0a</data></match></read>
    <read><length>35</length><match><data>Guess the number \x5b4 guesses left\x5d: </data></match></read>
    <write><data>49770\x0a</data></write>
    <read><length>9</length><match><data>Too High\x0a</data></match></read>
    <read><length>35</length><match><data>Guess the number \x5b3 guesses left\x5d: </data></match></read>
    <write><data>56547\x0a</data></write>
    <read><length>9</length><match><data>Too High\x0a</data></match></read>
    <read><length>35</length><match><data>Guess the number \x5b2 guesses left\x5d: </data></match></read>
    <write><data>46457\x0a</data></write>
    <read><length>9</length><match><data>Too High\x0a</data></match></read>
    <read><length>35</length><match><data>Guess the number \x5b1 guesses left\x5d: </data></match></read>
    <write><data>45241\x0a</data></write>
    <read><length>9</length><match><data>Too High\x0a</data></match></read>
    <read><length>56</length><match><data>Sorry\x2c you lost. Try practicing with a lower max value.\x0a</data></match></read>
    <read><length>21</length><match><data>\x2d\x2d\x2dPlayer\x27s stats\x2d\x2d\x2d\x0a</data></match></read>
    <read><length>17</length><match><data>Current Score: 0\x0a</data></match></read>
    <read><length>34</length><match><data>Number of Three in a row draws: 0\x0a</data></match></read>
    <read><length>33</length><match><data>Number of Three in a row wins: 0\x0a</data></match></read>
    <read><length>40</length><match><data>Number of Hammer\x2c Sheet\x2c Sheers wins: 0\x0a</data></match></read>
    <read><length>34</length><match><data>Number of Guess my number wins: 0\x0a</data></match></read>
    <read><length>1</length><match><data>\x0a</data></match></read>
    <read><delim>Choose a game to play:\x0a</delim></read>
    <read><delim>\x2d\x2dEasy\x2d\x2d\x0a</delim></read>
    <read><delim>1. Hammer\x2c Sheet\x2c Sheers\x0a</delim></read>
    <read><delim>\x2d\x2dMedium\x2d\x2d\x0a</delim></read>
    <read><delim>2. Guess my number\x0a</delim></read>
    <read><delim>\x2d\x2dImpossible\x2d\x2d\x0a</delim></read>
    <read><delim>3. Three in a row\x0a</delim></read>
    <read><delim>4. Give up\x0a\x0a</delim></read>
    <read><delim>Shall we play a game?\x0a</delim></read>
    <read><delim>Game \x23 </delim></read>
    <write><data>3\x0a</data></write>
    <read><length>38</length><match><data>You\x27re playing 3 in a row. Good luck!\x0a</data></match></read>
    <read><length>1</length><match><data>\x0a</data></match></read>
    <read><delim>\x0a</delim><match><pcre>|[HC-]|[HC-]|[HC-]|</pcre></match></read>
    <read><delim>\x0a</delim><match><pcre>|[HC-]|[HC-]|[HC-]|</pcre></match></read>
    <read><delim>\x0a</delim><match><pcre>|[HC-]|[HC-]|[HC-]|</pcre></match></read>
    <read><length>18</length><match><data>Enter move \x5by\x2cx\x5d: </data></match></read>
    <write><data>2\x2c1\x0a</data></write>
    <read><length>1</length><match><data>\x0a</data></match></read>
    <read><delim>\x0a</delim><match><pcre>|[HC-]|[HC-]|[HC-]|</pcre></match></read>
    <read><delim>\x0a</delim><match><pcre>|[HC-]|[HC-]|[HC-]|</pcre></match></read>
    <read><delim>\x0a</delim><match><pcre>|[HC-]|[HC-]|[HC-]|</pcre></match></read>
    <read><length>1</length><match><data>\x0a</data></match></read>
    <read><delim>\x0a</delim><match><pcre>|[HC-]|[HC-]|[HC-]|</pcre></match></read>
    <read><delim>\x0a</delim><match><pcre>|[HC-]|[HC-]|[HC-]|</pcre></match></read>
    <read><delim>\x0a</delim><match><pcre>|[HC-]|[HC-]|[HC-]|</pcre></match></read>
    <read><length>18</length><match><data>Enter move \x5by\x2cx\x5d: </data></match></read>
    <write><data>0\x2c1\x0a</data></write>
    <read><length>1</length><match><data>\x0a</data></match></read>
    <read><delim>\x0a</delim><match><pcre>|[HC-]|[HC-]|[HC-]|</pcre></match></read>
    <read><delim>\x0a</delim><match><pcre>|[HC-]|[HC-]|[HC-]|</pcre></match></read>
    <read><delim>\x0a</delim><match><pcre>|[HC-]|[HC-]|[HC-]|</pcre></match></read>
    <read><length>1</length><match><data>\x0a</data></match></read>
    <read><delim>\x0a</delim><match><pcre>|[HC-]|[HC-]|[HC-]|</pcre></match></read>
    <read><delim>\x0a</delim><match><pcre>|[HC-]|[HC-]|[HC-]|</pcre></match></read>
    <read><delim>\x0a</delim><match><pcre>|[HC-]|[HC-]|[HC-]|</pcre></match></read>
    <read><length>18</length><match><data>Enter move \x5by\x2cx\x5d: </data></match></read>
    <write><data>2\x2c2\x0a</data></write>
    <read><length>1</length><match><data>\x0a</data></match></read>
    <read><delim>\x0a</delim><match><pcre>|[HC-]|[HC-]|[HC-]|</pcre></match></read>
    <read><delim>\x0a</delim><match><pcre>|[HC-]|[HC-]|[HC-]|</pcre></match></read>
    <read><delim>\x0a</delim><match><pcre>|[HC-]|[HC-]|[HC-]|</pcre></match></read>
    <read><length>1</length><match><data>\x0a</data></match></read>
    <read><delim>\x0a</delim><match><pcre>|[HC-]|[HC-]|[HC-]|</pcre></match></read>
    <read><delim>\x0a</delim><match><pcre>|[HC-]|[HC-]|[HC-]|</pcre></match></read>
    <read><delim>\x0a</delim><match><pcre>|[HC-]|[HC-]|[HC-]|</pcre></match></read>
    <read><length>10</length><match><data>You lost.\x0a</data></match></read>
    <read><length>21</length><match><data>\x2d\x2d\x2dPlayer\x27s stats\x2d\x2d\x2d\x0a</data></match></read>
    <read><length>17</length><match><data>Current Score: 0\x0a</data></match></read>
    <read><length>34</length><match><data>Number of Three in a row draws: 0\x0a</data></match></read>
    <read><length>33</length><match><data>Number of Three in a row wins: 0\x0a</data></match></read>
    <read><length>40</length><match><data>Number of Hammer\x2c Sheet\x2c Sheers wins: 0\x0a</data></match></read>
    <read><length>34</length><match><data>Number of Guess my number wins: 0\x0a</data></match></read>
    <read><length>1</length><match><data>\x0a</data></match></read>
    <read><delim>Choose a game to play:\x0a</delim></read>
    <read><delim>\x2d\x2dEasy\x2d\x2d\x0a</delim></read>
    <read><delim>1. Hammer\x2c Sheet\x2c Sheers\x0a</delim></read>
    <read><delim>\x2d\x2dMedium\x2d\x2d\x0a</delim></read>
    <read><delim>2. Guess my number\x0a</delim></read>
    <read><delim>\x2d\x2dImpossible\x2d\x2d\x0a</delim></read>
    <read><delim>3. Three in a row\x0a</delim></read>
    <read><delim>4. Give up\x0a\x0a</delim></read>
    <read><delim>Shall we play a game?\x0a</delim></read>
    <read><delim>Game \x23 </delim></read>
    <write><data>3\x0a</data></write>
    <read><length>38</length><match><data>You\x27re playing 3 in a row. Good luck!\x0a</data></match></read>
    <read><delim>\x0a</delim><match><pcre>|[HC-]|[HC-]|[HC-]|</pcre></match></read>
    <read><delim>\x0a</delim><match><pcre>|[HC-]|[HC-]|[HC-]|</pcre></match></read>
    <read><delim>\x0a</delim><match><pcre>|[HC-]|[HC-]|[HC-]|</pcre></match></read>
    <read><length>18</length><match><data>Enter move \x5by\x2cx\x5d: </data></match></read>
    <write><data>2\x2c0\x0a</data></write>
    <read><length>1</length><match><data>\x0a</data></match></read>
    <read><delim>\x0a</delim><match><pcre>|[HC-]|[HC-]|[HC-]|</pcre></match></read>
    <read><delim>\x0a</delim><match><pcre>|[HC-]|[HC-]|[HC-]|</pcre></match></read>
    <read><delim>\x0a</delim><match><pcre>|[HC-]|[HC-]|[HC-]|</pcre></match></read>
    <read><length>1</length><match><data>\x0a</data></match></read>
    <read><delim>\x0a</delim><match><pcre>|[HC-]|[HC-]|[HC-]|</pcre></match></read>
    <read><delim>\x0a</delim><match><pcre>|[HC-]|[HC-]|[HC-]|</pcre></match></read>
    <read><delim>\x0a</delim><match><pcre>|[HC-]|[HC-]|[HC-]|</pcre></match></read>
    <read><length>18</length><match><data>Enter move \x5by\x2cx\x5d: </data></match></read>
    <write><data>2\x2c1\x0a</data></write>
    <read><length>1</length><match><data>\x0a</data></match></read>
    <read><delim>\x0a</delim><match><pcre>|[HC-]|[HC-]|[HC-]|</pcre></match></read>
    <read><delim>\x0a</delim><match><pcre>|[HC-]|[HC-]|[HC-]|</pcre></match></read>
    <read><delim>\x0a</delim><match><pcre>|[HC-]|[HC-]|[HC-]|</pcre></match></read>
    <read><length>1</length><match><data>\x0a</data></match></read>
    <read><delim>\x0a</delim><match><pcre>|[HC-]|[HC-]|[HC-]|</pcre></match></read>
    <read><delim>\x0a</delim><match><pcre>|[HC-]|[HC-]|[HC-]|</pcre></match></read>
    <read><delim>\x0a</delim><match><pcre>|[HC-]|[HC-]|[HC-]|</pcre></match></read>
    <read><length>18</length><match><data>Enter move \x5by\x2cx\x5d: </data></match></read>
    <write><data>0\x2c0\x0a</data></write>
    <read><length>1</length><match><data>\x0a</data></match></read>
    <read><delim>\x0a</delim><match><pcre>|[HC-]|[HC-]|[HC-]|</pcre></match></read>
    <read><delim>\x0a</delim><match><pcre>|[HC-]|[HC-]|[HC-]|</pcre></match></read>
    <read><delim>\x0a</delim><match><pcre>|[HC-]|[HC-]|[HC-]|</pcre></match></read>
    <read><length>1</length><match><data>\x0a</data></match></read>
    <read><delim>\x0a</delim><match><pcre>|[HC-]|[HC-]|[HC-]|</pcre></match></read>
    <read><delim>\x0a</delim><match><pcre>|[HC-]|[HC-]|[HC-]|</pcre></match></read>
    <read><delim>\x0a</delim><match><pcre>|[HC-]|[HC-]|[HC-]|</pcre></match></read>
    <read><length>18</length><match><data>Enter move \x5by\x2cx\x5d: </data></match></read>
    <write><data>1\x2c2\x0a</data></write>
    <read><length>1</length><match><data>\x0a</data></match></read>
    <read><delim>\x0a</delim><match><pcre>|[HC-]|[HC-]|[HC-]|</pcre></match></read>
    <read><delim>\x0a</delim><match><pcre>|[HC-]|[HC-]|[HC-]|</pcre></match></read>
    <read><delim>\x0a</delim><match><pcre>|[HC-]|[HC-]|[HC-]|</pcre></match></read>
    <read><length>1</length><match><data>\x0a</data></match></read>
    <read><delim>\x0a</delim><match><pcre>|[HC-]|[HC-]|[HC-]|</pcre></match></read>
    <read><delim>\x0a</delim><match><pcre>|[HC-]|[HC-]|[HC-]|</pcre></match></read>
    <read><delim>\x0a</delim><match><pcre>|[HC-]|[HC-]|[HC-]|</pcre></match></read>
    <read><length>18</length><match><data>Enter move \x5by\x2cx\x5d: </data></match></read>
    <write><data>0\x2c2\x0a</data></write>
    <read><length>1</length><match><data>\x0a</data></match></read>
    <read><delim>\x0a</delim><match><pcre>|[HC-]|[HC-]|[HC-]|</pcre></match></read>
    <read><delim>\x0a</delim><match><pcre>|[HC-]|[HC-]|[HC-]|</pcre></match></read>
    <read><delim>\x0a</delim><match><pcre>|[HC-]|[HC-]|[HC-]|</pcre></match></read>
    <read><length>12</length><match><data>It\x27s a tie!\x0a</data></match></read>
    <read><length>21</length><match><data>\x2d\x2d\x2dPlayer\x27s stats\x2d\x2d\x2d\x0a</data></match></read>
    <read><length>17</length><match><data>Current Score: 0\x0a</data></match></read>
    <read><length>34</length><match><data>Number of Three in a row draws: 1\x0a</data></match></read>
    <read><length>33</length><match><data>Number of Three in a row wins: 0\x0a</data></match></read>
    <read><length>40</length><match><data>Number of Hammer\x2c Sheet\x2c Sheers wins: 0\x0a</data></match></read>
    <read><length>34</length><match><data>Number of Guess my number wins: 0\x0a</data></match></read>
    <read><length>1</length><match><data>\x0a</data></match></read>
    <read><delim>Choose a game to play:\x0a</delim></read>
    <read><delim>\x2d\x2dEasy\x2d\x2d\x0a</delim></read>
    <read><delim>1. Hammer\x2c Sheet\x2c Sheers\x0a</delim></read>
    <read><delim>\x2d\x2dMedium\x2d\x2d\x0a</delim></read>
    <read><delim>2. Guess my number\x0a</delim></read>
    <read><delim>\x2d\x2dImpossible\x2d\x2d\x0a</delim></read>
    <read><delim>3. Three in a row\x0a</delim></read>
    <read><delim>4. Give up\x0a\x0a</delim></read>
    <read><delim>Shall we play a game?\x0a</delim></read>
    <read><delim>Game \x23 </delim></read>
    <write><data>3\x0a</data></write>
    <read><length>38</length><match><data>You\x27re playing 3 in a row. Good luck!\x0a</data></match></read>
    <read><length>1</length><match><data>\x0a</data></match></read>
    <read><delim>\x0a</delim><match><pcre>|[HC-]|[HC-]|[HC-]|</pcre></match></read>
    <read><delim>\x0a</delim><match><pcre>|[HC-]|[HC-]|[HC-]|</pcre></match></read>
    <read><delim>\x0a</delim><match><pcre>|[HC-]|[HC-]|[HC-]|</pcre></match></read>
    <read><length>18</length><match><data>Enter move \x5by\x2cx\x5d: </data></match></read>
    <write><data>0\x2c1\x0a</data></write>
    <read><length>1</length><match><data>\x0a</data></match></read>
    <read><delim>\x0a</delim><match><pcre>|[HC-]|[HC-]|[HC-]|</pcre></match></read>
    <read><delim>\x0a</delim><match><pcre>|[HC-]|[HC-]|[HC-]|</pcre></match></read>
    <read><delim>\x0a</delim><match><pcre>|[HC-]|[HC-]|[HC-]|</pcre></match></read>
    <read><length>1</length><match><data>\x0a</data></match></read>
    <read><delim>\x0a</delim><match><pcre>|[HC-]|[HC-]|[HC-]|</pcre></match></read>
    <read><delim>\x0a</delim><match><pcre>|[HC-]|[HC-]|[HC-]|</pcre></match></read>
    <read><delim>\x0a</delim><match><pcre>|[HC-]|[HC-]|[HC-]|</pcre></match></read>
    <read><length>18</length><match><data>Enter move \x5by\x2cx\x5d: </data></match></read>
    <write><data>0\x2c2\x0a</data></write>
    <read><length>1</length><match><data>\x0a</data></match></read>
    <read><delim>\x0a</delim><match><pcre>|[HC-]|[HC-]|[HC-]|</pcre></match></read>
    <read><delim>\x0a</delim><match><pcre>|[HC-]|[HC-]|[HC-]|</pcre></match></read>
    <read><delim>\x0a</delim><match><pcre>|[HC-]|[HC-]|[HC-]|</pcre></match></read>
    <read><length>1</length><match><data>\x0a</data></match></read>
    <read><delim>\x0a</delim><match><pcre>|[HC-]|[HC-]|[HC-]|</pcre></match></read>
    <read><delim>\x0a</delim><match><pcre>|[HC-]|[HC-]|[HC-]|</pcre></match></read>
    <read><delim>\x0a</delim><match><pcre>|[HC-]|[HC-]|[HC-]|</pcre></match></read>
    <read><length>10</length><match><data>You lost.\x0a</data></match></read>
    <read><length>21</length><match><data>\x2d\x2d\x2dPlayer\x27s stats\x2d\x2d\x2d\x0a</data></match></read>
    <read><length>17</length><match><data>Current Score: 0\x0a</data></match></read>
    <read><length>34</length><match><data>Number of Three in a row draws: 0\x0a</data></match></read>
    <read><length>33</length><match><data>Number of Three in a row wins: 0\x0a</data></match></read>
    <read><length>40</length><match><data>Number of Hammer\x2c Sheet\x2c Sheers wins: 0\x0a</data></match></read>
    <read><length>34</length><match><data>Number of Guess my number wins: 0\x0a</data></match></read>
    <read><length>1</length><match><data>\x0a</data></match></read>
    <read><delim>Choose a game to play:\x0a</delim></read>
    <read><delim>\x2d\x2dEasy\x2d\x2d\x0a</delim></read>
    <read><delim>1. Hammer\x2c Sheet\x2c Sheers\x0a</delim></read>
    <read><delim>\x2d\x2dMedium\x2d\x2d\x0a</delim></read>
    <read><delim>2. Guess my number\x0a</delim></read>
    <read><delim>\x2d\x2dImpossible\x2d\x2d\x0a</delim></read>
    <read><delim>3. Three in a row\x0a</delim></read>
    <read><delim>4. Give up\x0a\x0a</delim></read>
    <read><delim>Shall we play a game?\x0a</delim></read>
    <read><delim>Game \x23 </delim></read>
    <write><data>1\x0a</data></write>
    <read><length>32</length><match><data>Choose \x5bHAMMER\x2c SHEET\x2c SHEERS\x5d: </data></match></read>
    <write><data>SHEET\x0a</data></write>
    <read><length>14</length><match><data>SHEET v SHEET\x0a</data></match></read>
    <read><length>12</length><match><data>It\x27s a tie!\x0a</data></match></read>
    <read><length>21</length><match><data>\x2d\x2d\x2dPlayer\x27s stats\x2d\x2d\x2d\x0a</data></match></read>
    <read><length>17</length><match><data>Current Score: 0\x0a</data></match></read>
    <read><length>34</length><match><data>Number of Three in a row draws: 0\x0a</data></match></read>
    <read><length>33</length><match><data>Number of Three in a row wins: 0\x0a</data></match></read>
    <read><length>40</length><match><data>Number of Hammer\x2c Sheet\x2c Sheers wins: 0\x0a</data></match></read>
    <read><length>34</length><match><data>Number of Guess my number wins: 0\x0a</data></match></read>
    <read><length>1</length><match><data>\x0a</data></match></read>
    <read><delim>Choose a game to play:\x0a</delim></read>
    <read><delim>\x2d\x2dEasy\x2d\x2d\x0a</delim></read>
    <read><delim>1. Hammer\x2c Sheet\x2c Sheers\x0a</delim></read>
    <read><delim>\x2d\x2dMedium\x2d\x2d\x0a</delim></read>
    <read><delim>2. Guess my number\x0a</delim></read>
    <read><delim>\x2d\x2dImpossible\x2d\x2d\x0a</delim></read>
    <read><delim>3. Three in a row\x0a</delim></read>
    <read><delim>4. Give up\x0a\x0a</delim></read>
    <read><delim>Shall we play a game?\x0a</delim></read>
    <read><delim>Game \x23 </delim></read>
    <write><data>2\x0a</data></write>
    <read><length>33</length><match><data>Enter max value \x28Default\x3d65535\x29: </data></match></read>
    <write><data>\x0a</data></write>
    <read><length>36</length><match><data>Guess the number \x5b16 guesses left\x5d: </data></match></read>
    <write><data>37320\x0a</data></write>
    <read><length>9</length><match><data>Too High\x0a</data></match></read>
    <read><length>36</length><match><data>Guess the number \x5b15 guesses left\x5d: </data></match></read>
    <write><data>20356\x0a</data></write>
    <read><length>9</length><match><data>Too High\x0a</data></match></read>
    <read><length>36</length><match><data>Guess the number \x5b14 guesses left\x5d: </data></match></read>
    <write><data>4474\x0a</data></write>
    <read><length>8</length><match><data>Too Low\x0a</data></match></read>
    <read><length>36</length><match><data>Guess the number \x5b13 guesses left\x5d: </data></match></read>
    <write><data>50383\x0a</data></write>
    <read><length>9</length><match><data>Too High\x0a</data></match></read>
    <read><length>36</length><match><data>Guess the number \x5b12 guesses left\x5d: </data></match></read>
    <write><data>19683\x0a</data></write>
    <read><length>9</length><match><data>Too High\x0a</data></match></read>
    <read><length>36</length><match><data>Guess the number \x5b11 guesses left\x5d: </data></match></read>
    <write><data>53628\x0a</data></write>
    <read><length>9</length><match><data>Too High\x0a</data></match></read>
    <read><length>36</length><match><data>Guess the number \x5b10 guesses left\x5d: </data></match></read>
    <write><data>50480\x0a</data></write>
    <read><length>9</length><match><data>Too High\x0a</data></match></read>
    <read><length>35</length><match><data>Guess the number \x5b9 guesses left\x5d: </data></match></read>
    <write><data>48879\x0a</data></write>
    <read><length>9</length><match><data>Too High\x0a</data></match></read>
    <read><length>35</length><match><data>Guess the number \x5b8 guesses left\x5d: </data></match></read>
    <write><data>43353\x0a</data></write>
    <read><length>9</length><match><data>Too High\x0a</data></match></read>
    <read><length>35</length><match><data>Guess the number \x5b7 guesses left\x5d: </data></match></read>
    <write><data>55296\x0a</data></write>
    <read><length>9</length><match><data>Too High\x0a</data></match></read>
    <read><length>35</length><match><data>Guess the number \x5b6 guesses left\x5d: </data></match></read>
    <write><data>10332\x0a</data></write>
    <read><length>9</length><match><data>Too High\x0a</data></match></read>
    <read><length>35</length><match><data>Guess the number \x5b5 guesses left\x5d: </data></match></read>
    <write><data>35825\x0a</data></write>
    <read><length>9</length><match><data>Too High\x0a</data></match></read>
    <read><length>35</length><match><data>Guess the number \x5b4 guesses left\x5d: </data></match></read>
    <write><data>56596\x0a</data></write>
    <read><length>9</length><match><data>Too High\x0a</data></match></read>
    <read><length>35</length><match><data>Guess the number \x5b3 guesses left\x5d: </data></match></read>
    <write><data>59799\x0a</data></write>
    <read><length>9</length><match><data>Too High\x0a</data></match></read>
    <read><length>35</length><match><data>Guess the number \x5b2 guesses left\x5d: </data></match></read>
    <write><data>27329\x0a</data></write>
    <read><length>9</length><match><data>Too High\x0a</data></match></read>
    <read><length>35</length><match><data>Guess the number \x5b1 guesses left\x5d: </data></match></read>
    <write><data>41206\x0a</data></write>
    <read><length>9</length><match><data>Too High\x0a</data></match></read>
    <read><length>56</length><match><data>Sorry\x2c you lost. Try practicing with a lower max value.\x0a</data></match></read>
    <read><length>21</length><match><data>\x2d\x2d\x2dPlayer\x27s stats\x2d\x2d\x2d\x0a</data></match></read>
    <read><length>17</length><match><data>Current Score: 0\x0a</data></match></read>
    <read><length>34</length><match><data>Number of Three in a row draws: 0\x0a</data></match></read>
    <read><length>33</length><match><data>Number of Three in a row wins: 0\x0a</data></match></read>
    <read><length>40</length><match><data>Number of Hammer\x2c Sheet\x2c Sheers wins: 0\x0a</data></match></read>
    <read><length>34</length><match><data>Number of Guess my number wins: 0\x0a</data></match></read>
    <read><length>1</length><match><data>\x0a</data></match></read>
    <read><delim>Choose a game to play:\x0a</delim></read>
    <read><delim>\x2d\x2dEasy\x2d\x2d\x0a</delim></read>
    <read><delim>1. Hammer\x2c Sheet\x2c Sheers\x0a</delim></read>
    <read><delim>\x2d\x2dMedium\x2d\x2d\x0a</delim></read>
    <read><delim>2. Guess my number\x0a</delim></read>
    <read><delim>\x2d\x2dImpossible\x2d\x2d\x0a</delim></read>
    <read><delim>3. Three in a row\x0a</delim></read>
    <read><delim>4. Give up\x0a\x0a</delim></read>
    <read><delim>Shall we play a game?\x0a</delim></read>
    <read><delim>Game \x23 </delim></read>
    <write><data>1\x0a</data></write>
    <read><length>32</length><match><data>Choose \x5bHAMMER\x2c SHEET\x2c SHEERS\x5d: </data></match></read>
    <write><data>HAMMER\x0a</data></write>
    <read><length>16</length><match><data>HAMMER v SHEERS\x0a</data></match></read>
    <read><length>9</length><match><data>You Win!\x0a</data></match></read>
    <read><length>21</length><match><data>\x2d\x2d\x2dPlayer\x27s stats\x2d\x2d\x2d\x0a</data></match></read>
    <read><length>20</length><match><data>Current Score: 1000\x0a</data></match></read>
    <read><length>34</length><match><data>Number of Three in a row draws: 0\x0a</data></match></read>
    <read><length>33</length><match><data>Number of Three in a row wins: 0\x0a</data></match></read>
    <read><length>40</length><match><data>Number of Hammer\x2c Sheet\x2c Sheers wins: 1\x0a</data></match></read>
    <read><length>34</length><match><data>Number of Guess my number wins: 0\x0a</data></match></read>
    <read><length>1</length><match><data>\x0a</data></match></read>
    <read><delim>Choose a game to play:\x0a</delim></read>
    <read><delim>\x2d\x2dEasy\x2d\x2d\x0a</delim></read>
    <read><delim>1. Hammer\x2c Sheet\x2c Sheers\x0a</delim></read>
    <read><delim>\x2d\x2dMedium\x2d\x2d\x0a</delim></read>
    <read><delim>2. Guess my number\x0a</delim></read>
    <read><delim>\x2d\x2dImpossible\x2d\x2d\x0a</delim></read>
    <read><delim>3. Three in a row\x0a</delim></read>
    <read><delim>4. Give up\x0a\x0a</delim></read>
    <read><delim>Shall we play a game?\x0a</delim></read>
    <read><delim>Game \x23 </delim></read>
    <write><data>3\x0a</data></write>
    <read><length>38</length><match><data>You\x27re playing 3 in a row. Good luck!\x0a</data></match></read>
    <read><delim>\x0a</delim><match><pcre>|[HC-]|[HC-]|[HC-]|</pcre></match></read>
    <read><delim>\x0a</delim><match><pcre>|[HC-]|[HC-]|[HC-]|</pcre></match></read>
    <read><delim>\x0a</delim><match><pcre>|[HC-]|[HC-]|[HC-]|</pcre></match></read>
    <read><length>18</length><match><data>Enter move \x5by\x2cx\x5d: </data></match></read>
    <write><data>2\x2c0\x0a</data></write>
    <read><length>1</length><match><data>\x0a</data></match></read>
    <read><delim>\x0a</delim><match><pcre>|[HC-]|[HC-]|[HC-]|</pcre></match></read>
    <read><delim>\x0a</delim><match><pcre>|[HC-]|[HC-]|[HC-]|</pcre></match></read>
    <read><delim>\x0a</delim><match><pcre>|[HC-]|[HC-]|[HC-]|</pcre></match></read>
    <read><length>1</length><match><data>\x0a</data></match></read>
    <read><delim>\x0a</delim><match><pcre>|[HC-]|[HC-]|[HC-]|</pcre></match></read>
    <read><delim>\x0a</delim><match><pcre>|[HC-]|[HC-]|[HC-]|</pcre></match></read>
    <read><delim>\x0a</delim><match><pcre>|[HC-]|[HC-]|[HC-]|</pcre></match></read>
    <read><length>18</length><match><data>Enter move \x5by\x2cx\x5d: </data></match></read>
    <write><data>2\x2c1\x0a</data></write>
    <read><length>1</length><match><data>\x0a</data></match></read>
    <read><delim>\x0a</delim><match><pcre>|[HC-]|[HC-]|[HC-]|</pcre></match></read>
    <read><delim>\x0a</delim><match><pcre>|[HC-]|[HC-]|[HC-]|</pcre></match></read>
    <read><delim>\x0a</delim><match><pcre>|[HC-]|[HC-]|[HC-]|</pcre></match></read>
    <read><length>1</length><match><data>\x0a</data></match></read>
    <read><delim>\x0a</delim><match><pcre>|[HC-]|[HC-]|[HC-]|</pcre></match></read>
    <read><delim>\x0a</delim><match><pcre>|[HC-]|[HC-]|[HC-]|</pcre></match></read>
    <read><delim>\x0a</delim><match><pcre>|[HC-]|[HC-]|[HC-]|</pcre></match></read>
    <read><length>18</length><match><data>Enter move \x5by\x2cx\x5d: </data></match></read>
    <write><data>0\x2c0\x0a</data></write>
    <read><length>1</length><match><data>\x0a</data></match></read>
    <read><delim>\x0a</delim><match><pcre>|[HC-]|[HC-]|[HC-]|</pcre></match></read>
    <read><delim>\x0a</delim><match><pcre>|[HC-]|[HC-]|[HC-]|</pcre></match></read>
    <read><delim>\x0a</delim><match><pcre>|[HC-]|[HC-]|[HC-]|</pcre></match></read>
    <read><length>1</length><match><data>\x0a</data></match></read>
    <read><delim>\x0a</delim><match><pcre>|[HC-]|[HC-]|[HC-]|</pcre></match></read>
    <read><delim>\x0a</delim><match><pcre>|[HC-]|[HC-]|[HC-]|</pcre></match></read>
    <read><delim>\x0a</delim><match><pcre>|[HC-]|[HC-]|[HC-]|</pcre></match></read>
    <read><length>18</length><match><data>Enter move \x5by\x2cx\x5d: </data></match></read>
    <write><data>1\x2c2\x0a</data></write>
    <read><length>1</length><match><data>\x0a</data></match></read>
    <read><delim>\x0a</delim><match><pcre>|[HC-]|[HC-]|[HC-]|</pcre></match></read>
    <read><delim>\x0a</delim><match><pcre>|[HC-]|[HC-]|[HC-]|</pcre></match></read>
    <read><delim>\x0a</delim><match><pcre>|[HC-]|[HC-]|[HC-]|</pcre></match></read>
    <read><length>1</length><match><data>\x0a</data></match></read>
    <read><delim>\x0a</delim><match><pcre>|[HC-]|[HC-]|[HC-]|</pcre></match></read>
    <read><delim>\x0a</delim><match><pcre>|[HC-]|[HC-]|[HC-]|</pcre></match></read>
    <read><delim>\x0a</delim><match><pcre>|[HC-]|[HC-]|[HC-]|</pcre></match></read>
    <read><length>18</length><match><data>Enter move \x5by\x2cx\x5d: </data></match></read>
    <write><data>0\x2c2\x0a</data></write>
    <read><length>1</length><match><data>\x0a</data></match></read>
    <read><delim>\x0a</delim><match><pcre>|[HC-]|[HC-]|[HC-]|</pcre></match></read>
    <read><delim>\x0a</delim><match><pcre>|[HC-]|[HC-]|[HC-]|</pcre></match></read>
    <read><delim>\x0a</delim><match><pcre>|[HC-]|[HC-]|[HC-]|</pcre></match></read>
    <read><length>12</length><match><data>It\x27s a tie!\x0a</data></match></read>
    <read><length>21</length><match><data>\x2d\x2d\x2dPlayer\x27s stats\x2d\x2d\x2d\x0a</data></match></read>
    <read><length>20</length><match><data>Current Score: 1000\x0a</data></match></read>
    <read><length>34</length><match><data>Number of Three in a row draws: 1\x0a</data></match></read>
    <read><length>33</length><match><data>Number of Three in a row wins: 0\x0a</data></match></read>
    <read><length>40</length><match><data>Number of Hammer\x2c Sheet\x2c Sheers wins: 1\x0a</data></match></read>
    <read><length>34</length><match><data>Number of Guess my number wins: 0\x0a</data></match></read>
    <read><length>1</length><match><data>\x0a</data></match></read>
    <read><delim>Choose a game to play:\x0a</delim></read>
    <read><delim>\x2d\x2dEasy\x2d\x2d\x0a</delim></read>
    <read><delim>1. Hammer\x2c Sheet\x2c Sheers\x0a</delim></read>
    <read><delim>\x2d\x2dMedium\x2d\x2d\x0a</delim></read>
    <read><delim>2. Guess my number\x0a</delim></read>
    <read><delim>\x2d\x2dImpossible\x2d\x2d\x0a</delim></read>
    <read><delim>3. Three in a row\x0a</delim></read>
    <read><delim>4. Give up\x0a\x0a</delim></read>
    <read><delim>Shall we play a game?\x0a</delim></read>
    <read><delim>Game \x23 </delim></read>
    <write><data>4\x0a</data></write>
    <read><length>26</length><match><data>See you next time\x2c Player\x0a</data></match></read>
    <read><length>23</length><match><data>1. Register New Player\x0a</data></match></read>
    <read><length>8</length><match><data>2. Exit\x0a</data></match></read>
    <read><length>2</length><match><data>\x3e </data></match></read>
    <write><data>2\x0a</data></write>
    <read><length>7</length><match><data>Exited\x0a</data></match></read>
</replay>
</pov>