<?xml version="1.0" standalone="no" ?>
<!DOCTYPE pov SYSTEM "/usr/share/cgc-docs/replay.dtd">
<pov>
<cbid>service</cbid>
<seed>7b0c548f4bf2b345879728899f38a0a02480f6e14e0d06667da1706af52167df716c41c8d6f823c35114c16e5982ac75</seed>
<replay>
    <read><length>23</length><match><data>1. Register New Player\x0a</data></match></read>
    <read><length>8</length><match><data>2. Exit\x0a</data></match></read>
    <read><length>2</length><match><data>\x3e </data></match></read>
    <write><data>1\x0a</data></write>
    <read><length>21</length><match><data>Flair 1 \x3d Terminator\x0a</data></match></read>
    <read><length>15</length><match><data>Flair 2 \x3d 2001\x0a</data></match></read>
    <read><length>19</length><match><data>Flair 3 \x3d Collosus\x0a</data></match></read>
    <read><length>39</length><match><data>Enter player information: \x5bname\x2cflair\x5d\x0a</data></match></read>
    <write><data>Player\x2c 3\x0a</data></write>
    <read><length>51</length><match><data>\x0aWelcome to WarGames\x2c Player. It\x27s just you vs. me\x0a</data></match></read>
    <read><length>21</length><match><data>\x2d\x2d\x2dPlayer\x27s stats\x2d\x2d\x2d\x0a</data></match></read>
    <read><length>17</length><match><data>Current Score: 0\x0a</data></match></read>
    <read><length>34</length><match><data>Number of Three in a row draws: 0\x0a</data></match></read>
    <read><length>33</length><match><data>Number of Three in a row wins: 0\x0a</data></match></read>
    <read><length>40</length><match><data>Number of Hammer\x2c Sheet\x2c Sheers wins: 0\x0a</data></match></read>
    <read><length>34</length><match><data>Number of Guess my number wins: 0\x0a</data></match></read>
    <read><length>1</length><match><data>\x0a</data></match></read>
    <read><delim>Choose a game to play:\x0a</delim></read>
    <read><delim>\x2d\x2dEasy\x2d\x2d\x0a</delim></read>
    <read><delim>1. Hammer\x2c Sheet\x2c Sheers\x0a</delim></read>
    <read><delim>\x2d\x2dMedium\x2d\x2d\x0a</delim></read>
    <read><delim>2. Guess my number\x0a</delim></read>
    <read><delim>\x2d\x2dImpossible\x2d\x2d\x0a</delim></read>
    <read><delim>3. Three in a row\x0a</delim></read>
    <read><delim>4. Give up\x0a\x0a</delim></read>
    <read><delim>Shall we play a game?\x0a</delim></read>
    <read><delim>Game \x23 </delim></read>
    <write><data>1\x0a</data></write>
    <read><length>32</length><match><data>Choose \x5bHAMMER\x2c SHEET\x2c SHEERS\x5d: </data></match></read>
    <write><data>SHEET\x0a</data></write>
    <read><length>15</length><match><data>SHEET v HAMMER\x0a</data></match></read>
    <read><length>9</length><match><data>You Win!\x0a</data></match></read>
    <read><length>21</length><match><data>\x2d\x2d\x2dPlayer\x27s stats\x2d\x2d\x2d\x0a</data></match></read>
    <read><length>20</length><match><data>Current Score: 1000\x0a</data></match></read>
    <read><length>34</length><match><data>Number of Three in a row draws: 0\x0a</data></match></read>
    <read><length>33</length><match><data>Number of Three in a row wins: 0\x0a</data></match></read>
    <read><length>40</length><match><data>Number of Hammer\x2c Sheet\x2c Sheers wins: 1\x0a</data></match></read>
    <read><length>34</length><match><data>Number of Guess my number wins: 0\x0a</data></match></read>
    <read><length>1</length><match><data>\x0a</data></match></read>
    <read><delim>Choose a game to play:\x0a</delim></read>
    <read><delim>\x2d\x2dEasy\x2d\x2d\x0a</delim></read>
    <read><delim>1. Hammer\x2c Sheet\x2c Sheers\x0a</delim></read>
    <read><delim>\x2d\x2dMedium\x2d\x2d\x0a</delim></read>
    <read><delim>2. Guess my number\x0a</delim></read>
    <read><delim>\x2d\x2dImpossible\x2d\x2d\x0a</delim></read>
    <read><delim>3. Three in a row\x0a</delim></read>
    <read><delim>4. Give up\x0a\x0a</delim></read>
    <read><delim>Shall we play a game?\x0a</delim></read>
    <read><delim>Game \x23 </delim></read>
    <write><data>4\x0a</data></write>
    <read><length>26</length><match><data>See you next time\x2c Player\x0a</data></match></read>
    <read><length>23</length><match><data>1. Register New Player\x0a</data></match></read>
    <read><length>8</length><match><data>2. Exit\x0a</data></match></read>
    <read><length>2</length><match><data>\x3e </data></match></read>
    <write><data>2\x0a</data></write>
    <read><length>7</length><match><data>Exited\x0a</data></match></read>
</replay>
</pov>