<?xml version="1.0" standalone="no" ?>
<!DOCTYPE pov SYSTEM "/usr/share/cgc-docs/replay.dtd">
<pov>
<cbid>service</cbid>
<seed>495292ddb76cc42cf96cf6e95099c9def19a68a991babb16239d9396232fb565727af1863ec12b2e8d081f316aaf0298</seed>
<replay>
    <read><length>23</length><match><data>1. Register New Player\x0a</data></match></read>
    <read><length>8</length><match><data>2. Exit\x0a</data></match></read>
    <read><length>2</length><match><data>\x3e </data></match></read>
    <write><data>1\x0a</data></write>
    <read><length>21</length><match><data>Flair 1 \x3d Terminator\x0a</data></match></read>
    <read><length>15</length><match><data>Flair 2 \x3d 2001\x0a</data></match></read>
    <read><length>19</length><match><data>Flair 3 \x3d Collosus\x0a</data></match></read>
    <read><length>39</length><match><data>Enter player information: \x5bname\x2cflair\x5d\x0a</data></match></read>
    <write><data>Player\x2c 3\x0a</data></write>
    <read><length>51</length><match><data>\x0aWelcome to WarGames\x2c Player. It\x27s just you vs. me\x0a</data></match></read>
    <read><length>21</length><match><data>\x2d\x2d\x2dPlayer\x27s stats\x2d\x2d\x2d\x0a</data></match></read>
    <read><length>17</length><match><data>Current Score: 0\x0a</data></match></read>
    <read><length>34</length><match><data>Number of Three in a row draws: 0\x0a</data></match></read>
    <read><length>33</length><match><data>Number of Three in a row wins: 0\x0a</data></match></read>
    <read><length>40</length><match><data>Number of Hammer\x2c Sheet\x2c Sheers wins: 0\x0a</data></match></read>
    <read><length>34</length><match><data>Number of Guess my number wins: 0\x0a</data></match></read>
    <read><length>1</length><match><data>\x0a</data></match></read>
    <read><delim>Choose a game to play:\x0a</delim></read>
    <read><delim>\x2d\x2dEasy\x2d\x2d\x0a</delim></read>
    <read><delim>1. Hammer\x2c Sheet\x2c Sheers\x0a</delim></read>
    <read><delim>\x2d\x2dMedium\x2d\x2d\x0a</delim></read>
    <read><delim>2. Guess my number\x0a</delim></read>
    <read><delim>\x2d\x2dImpossible\x2d\x2d\x0a</delim></read>
    <read><delim>3. Three in a row\x0a</delim></read>
    <read><delim>4. Give up\x0a\x0a</delim></read>
    <read><delim>Shall we play a game?\x0a</delim></read>
    <read><delim>Game \x23 </delim></read>
    <write><data>2\x0a</data></write>
    <read><length>33</length><match><data>Enter max value \x28Default\x3d65535\x29: </data></match></read>
    <write><data>\x0a</data></write>
    <read><length>36</length><match><data>Guess the number \x5b16 guesses left\x5d: </data></match></read>
    <write><data>5529\x0a</data></write>
    <read><length>9</length><match><data>Too High\x0a</data></match></read>
    <read><length>36</length><match><data>Guess the number \x5b15 guesses left\x5d: </data></match></read>
    <write><data>60500\x0a</data></write>
    <read><length>9</length><match><data>Too High\x0a</data></match></read>
    <read><length>36</length><match><data>Guess the number \x5b14 guesses left\x5d: </data></match></read>
    <write><data>60603\x0a</data></write>
    <read><length>9</length><match><data>Too High\x0a</data></match></read>
    <read><length>36</length><match><data>Guess the number \x5b13 guesses left\x5d: </data></match></read>
    <write><data>64747\x0a</data></write>
    <read><length>9</length><match><data>Too High\x0a</data></match></read>
    <read><length>36</length><match><data>Guess the number \x5b12 guesses left\x5d: </data></match></read>
    <write><data>40361\x0a</data></write>
    <read><length>9</length><match><data>Too High\x0a</data></match></read>
    <read><length>36</length><match><data>Guess the number \x5b11 guesses left\x5d: </data></match></read>
    <write><data>38497\x0a</data></write>
    <read><length>9</length><match><data>Too High\x0a</data></match></read>
    <read><length>36</length><match><data>Guess the number \x5b10 guesses left\x5d: </data></match></read>
    <write><data>65354\x0a</data></write>
    <read><length>9</length><match><data>Too High\x0a</data></match></read>
    <read><length>35</length><match><data>Guess the number \x5b9 guesses left\x5d: </data></match></read>
    <write><data>23633\x0a</data></write>
    <read><length>9</length><match><data>Too High\x0a</data></match></read>
    <read><length>35</length><match><data>Guess the number \x5b8 guesses left\x5d: </data></match></read>
    <write><data>62009\x0a</data></write>
    <read><length>9</length><match><data>Too High\x0a</data></match></read>
    <read><length>35</length><match><data>Guess the number \x5b7 guesses left\x5d: </data></match></read>
    <write><data>55930\x0a</data></write>
    <read><length>9</length><match><data>Too High\x0a</data></match></read>
    <read><length>35</length><match><data>Guess the number \x5b6 guesses left\x5d: </data></match></read>
    <write><data>54266\x0a</data></write>
    <read><length>9</length><match><data>Too High\x0a</data></match></read>
    <read><length>35</length><match><data>Guess the number \x5b5 guesses left\x5d: </data></match></read>
    <write><data>56759\x0a</data></write>
    <read><length>9</length><match><data>Too High\x0a</data></match></read>
    <read><length>35</length><match><data>Guess the number \x5b4 guesses left\x5d: </data></match></read>
    <write><data>19015\x0a</data></write>
    <read><length>9</length><match><data>Too High\x0a</data></match></read>
    <read><length>35</length><match><data>Guess the number \x5b3 guesses left\x5d: </data></match></read>
    <write><data>17506\x0a</data></write>
    <read><length>9</length><match><data>Too High\x0a</data></match></read>
    <read><length>35</length><match><data>Guess the number \x5b2 guesses left\x5d: </data></match></read>
    <write><data>10305\x0a</data></write>
    <read><length>9</length><match><data>Too High\x0a</data></match></read>
    <read><length>35</length><match><data>Guess the number \x5b1 guesses left\x5d: </data></match></read>
    <write><data>16807\x0a</data></write>
    <read><length>9</length><match><data>Too High\x0a</data></match></read>
    <read><length>56</length><match><data>Sorry\x2c you lost. Try practicing with a lower max value.\x0a</data></match></read>
    <read><length>21</length><match><data>\x2d\x2d\x2dPlayer\x27s stats\x2d\x2d\x2d\x0a</data></match></read>
    <read><length>17</length><match><data>Current Score: 0\x0a</data></match></read>
    <read><length>34</length><match><data>Number of Three in a row draws: 0\x0a</data></match></read>
    <read><length>33</length><match><data>Number of Three in a row wins: 0\x0a</data></match></read>
    <read><length>40</length><match><data>Number of Hammer\x2c Sheet\x2c Sheers wins: 0\x0a</data></match></read>
    <read><length>34</length><match><data>Number of Guess my number wins: 0\x0a</data></match></read>
    <read><length>1</length><match><data>\x0a</data></match></read>
    <read><delim>Choose a game to play:\x0a</delim></read>
    <read><delim>\x2d\x2dEasy\x2d\x2d\x0a</delim></read>
    <read><delim>1. Hammer\x2c Sheet\x2c Sheers\x0a</delim></read>
    <read><delim>\x2d\x2dMedium\x2d\x2d\x0a</delim></read>
    <read><delim>2. Guess my number\x0a</delim></read>
    <read><delim>\x2d\x2dImpossible\x2d\x2d\x0a</delim></read>
    <read><delim>3. Three in a row\x0a</delim></read>
    <read><delim>4. Give up\x0a\x0a</delim></read>
    <read><delim>Shall we play a game?\x0a</delim></read>
    <read><delim>Game \x23 </delim></read>
    <write><data>4\x0a</data></write>
    <read><length>26</length><match><data>See you next time\x2c Player\x0a</data></match></read>
    <read><length>23</length><match><data>1. Register New Player\x0a</data></match></read>
    <read><length>8</length><match><data>2. Exit\x0a</data></match></read>
    <read><length>2</length><match><data>\x3e </data></match></read>
    <write><data>1\x0a</data></write>
    <read><length>21</length><match><data>Flair 1 \x3d Terminator\x0a</data></match></read>
    <read><length>15</length><match><data>Flair 2 \x3d 2001\x0a</data></match></read>
    <read><length>19</length><match><data>Flair 3 \x3d Collosus\x0a</data></match></read>
    <read><length>39</length><match><data>Enter player information: \x5bname\x2cflair\x5d\x0a</data></match></read>
    <write><data>Player\x2c 1\x0a</data></write>
    <read><length>51</length><match><data>\x0aWelcome to WarGames\x2c Player. It\x27s just you vs. me\x0a</data></match></read>
    <read><length>21</length><match><data>\x2d\x2d\x2dPlayer\x27s stats\x2d\x2d\x2d\x0a</data></match></read>
    <read><length>17</length><match><data>Current Score: 0\x0a</data></match></read>
    <read><length>34</length><match><data>Number of Three in a row draws: 0\x0a</data></match></read>
    <read><length>33</length><match><data>Number of Three in a row wins: 0\x0a</data></match></read>
    <read><length>40</length><match><data>Number of Hammer\x2c Sheet\x2c Sheers wins: 0\x0a</data></match></read>
    <read><length>34</length><match><data>Number of Guess my number wins: 0\x0a</data></match></read>
    <read><length>1</length><match><data>\x0a</data></match></read>
    <read><delim>Choose a game to play:\x0a</delim></read>
    <read><delim>\x2d\x2dEasy\x2d\x2d\x0a</delim></read>
    <read><delim>1. Hammer\x2c Sheet\x2c Sheers\x0a</delim></read>
    <read><delim>\x2d\x2dMedium\x2d\x2d\x0a</delim></read>
    <read><delim>2. Guess my number\x0a</delim></read>
    <read><delim>\x2d\x2dImpossible\x2d\x2d\x0a</delim></read>
    <read><delim>3. Three in a row\x0a</delim></read>
    <read><delim>4. Give up\x0a\x0a</delim></read>
    <read><delim>Shall we play a game?\x0a</delim></read>
    <read><delim>Game \x23 </delim></read>
    <write><data>4\x0a</data></write>
    <read><length>26</length><match><data>See you next time\x2c Player\x0a</data></match></read>
    <read><length>23</length><match><data>1. Register New Player\x0a</data></match></read>
    <read><length>8</length><match><data>2. Exit\x0a</data></match></read>
    <read><length>2</length><match><data>\x3e </data></match></read>
    <write><data>2\x0a</data></write>
    <read><length>7</length><match><data>Exited\x0a</data></match></read>
</replay>
</pov>