<?xml version="1.0" standalone="no" ?>
<!DOCTYPE pov SYSTEM "/usr/share/cgc-docs/replay.dtd">
<pov>
<cbid>service</cbid>
<seed>8f03a12a20a7d98c3dde67e02e1f655049542680dbdb2ebfda306ad1b4493281c88ca09a70f22f561ae361e216f3b1cc</seed>
<replay>
    <read><delim>: </delim><match><data>Today: </data></match></read>
    <read><delim> </delim><match><data>Fri </data></match></read>
    <read><delim> </delim><match><data>May </data></match></read>
    <read><delim>\x0a\x0a</delim><match><data>21:53:14 2016\x0a\x0a</data></match></read>
    <read><delim>\x0a</delim><match><data>1\x29 Recipe Menu\x0a</data></match></read>
    <read><delim>\x0a</delim><match><data>2\x29 Pantry Menu\x0a</data></match></read>
    <read><delim>\x0a</delim><match><data>3\x29 Query Recipe\x0a</data></match></read>
    <read><delim>\x0a</delim><match><data>4\x29 Quit\x0a</data></match></read>
    <read><delim> </delim><match><data>\x2d\x3e </data></match></read>
    <write><data>2\x0a</data></write>
    <read><delim>\x0a</delim><match><data>1\x29 Create Pantry\x0a</data></match></read>
    <read><delim>\x0a</delim><match><data>2\x29 Delete Pantry\x0a</data></match></read>
    <read><delim>\x0a</delim><match><data>3\x29 Print Pantry\x0a</data></match></read>
    <read><delim>\x0a</delim><match><data>4\x29 Print All Pantries\x0a</data></match></read>
    <read><delim>\x0a</delim><match><data>5\x29 Update Pantry\x0a</data></match></read>
    <read><delim>\x0a</delim><match><data>6\x29 Leave Menu\x0a</data></match></read>
    <read><delim> </delim><match><data>\x2d\x3e </data></match></read>
    <write><data>1\x0a</data></write>
    <read><delim>: </delim><match><data>Enter pantry name: </data></match></read>
    <write><data>41PhxQfy\x0a</data></write>
    <read><delim>\x0a</delim><match><data>Enter ingredient name or a \x22done\x22 to quit.\x0a</data></match></read>
    <read><delim>: </delim><match><data>: </data></match></read>
    <write><data>Cxxg9p9J1R\x0a</data></write>
    <read><delim>: </delim><match><data>Enter the amount: </data></match></read>
    <write><data>1.40\x0a</data></write>
    <read><delim>: </delim><match><data>Enter the cost per unit: </data></match></read>
    <write><data>0.68\x0a</data></write>
    <read><delim>: </delim><match><data>Enter the type \x28oz\x2fgram\x29:</data></match></read>
    <write><data>oz\x0a</data></write>
    <read><delim>\x0a</delim><match><data>Enter ingredient name or a \x22done\x22 to quit.\x0a</data></match></read>
    <read><delim>: </delim><match><data>: </data></match></read>
    <write><data>y4A6NKT9aP\x0a</data></write>
    <read><delim>: </delim><match><data>Enter the amount: </data></match></read>
    <write><data>9.39\x0a</data></write>
    <read><delim>: </delim><match><data>Enter the cost per unit: </data></match></read>
    <write><data>5.29\x0a</data></write>
    <read><delim>: </delim><match><data>Enter the type \x28oz\x2fgram\x29:</data></match></read>
    <write><data>oz\x0a</data></write>
    <read><delim>\x0a</delim><match><data>Enter ingredient name or a \x22done\x22 to quit.\x0a</data></match></read>
    <read><delim>: </delim><match><data>: </data></match></read>
    <write><data>85rpxq3H\x0a</data></write>
    <read><delim>: </delim><match><data>Enter the amount: </data></match></read>
    <write><data>0.14\x0a</data></write>
    <read><delim>: </delim><match><data>Enter the cost per unit: </data></match></read>
    <write><data>9.68\x0a</data></write>
    <read><delim>: </delim><match><data>Enter the type \x28oz\x2fgram\x29:</data></match></read>
    <write><data>oz\x0a</data></write>
    <read><delim>\x0a</delim><match><data>Enter ingredient name or a \x22done\x22 to quit.\x0a</data></match></read>
    <read><delim>: </delim><match><data>: </data></match></read>
    <write><data>j2PtnY\x0a</data></write>
    <read><delim>: </delim><match><data>Enter the amount: </data></match></read>
    <write><data>9.53\x0a</data></write>
    <read><delim>: </delim><match><data>Enter the cost per unit: </data></match></read>
    <write><data>6.77\x0a</data></write>
    <read><delim>: </delim><match><data>Enter the type \x28oz\x2fgram\x29:</data></match></read>
    <write><data>gram\x0a</data></write>
    <read><delim>\x0a</delim><match><data>Enter ingredient name or a \x22done\x22 to quit.\x0a</data></match></read>
    <read><delim>: </delim><match><data>: </data></match></read>
    <write><data>T5oSRhm\x0a</data></write>
    <read><delim>: </delim><match><data>Enter the amount: </data></match></read>
    <write><data>9.09\x0a</data></write>
    <read><delim>: </delim><match><data>Enter the cost per unit: </data></match></read>
    <write><data>1.11\x0a</data></write>
    <read><delim>: </delim><match><data>Enter the type \x28oz\x2fgram\x29:</data></match></read>
    <write><data>gram\x0a</data></write>
    <read><delim>\x0a</delim><match><data>Enter ingredient name or a \x22done\x22 to quit.\x0a</data></match></read>
    <read><delim>: </delim><match><data>: </data></match></read>
    <write><data>done\x0a</data></write>
    <read><delim>\x0a</delim><match><data>1\x29 Create Pantry\x0a</data></match></read>
    <read><delim>\x0a</delim><match><data>2\x29 Delete Pantry\x0a</data></match></read>
    <read><delim>\x0a</delim><match><data>3\x29 Print Pantry\x0a</data></match></read>
    <read><delim>\x0a</delim><match><data>4\x29 Print All Pantries\x0a</data></match></read>
    <read><delim>\x0a</delim><match><data>5\x29 Update Pantry\x0a</data></match></read>
    <read><delim>\x0a</delim><match><data>6\x29 Leave Menu\x0a</data></match></read>
    <read><delim> </delim><match><data>\x2d\x3e </data></match></read>
    <write><data>1\x0a</data></write>
    <read><delim>: </delim><match><data>Enter pantry name: </data></match></read>
    <write><data>Hd5KKvhLIs4cD5\x0a</data></write>
    <read><delim>\x0a</delim><match><data>Enter ingredient name or a \x22done\x22 to quit.\x0a</data></match></read>
    <read><delim>: </delim><match><data>: </data></match></read>
    <write><data>ca3LMh\x0a</data></write>
    <read><delim>: </delim><match><data>Enter the amount: </data></match></read>
    <write><data>0.89\x0a</data></write>
    <read><delim>: </delim><match><data>Enter the cost per unit: </data></match></read>
    <write><data>1.98\x0a</data></write>
    <read><delim>: </delim><match><data>Enter the type \x28oz\x2fgram\x29:</data></match></read>
    <write><data>gram\x0a</data></write>
    <read><delim>\x0a</delim><match><data>Enter ingredient name or a \x22done\x22 to quit.\x0a</data></match></read>
    <read><delim>: </delim><match><data>: </data></match></read>
    <write><data>4HxrJqO\x0a</data></write>
    <read><delim>: </delim><match><data>Enter the amount: </data></match></read>
    <write><data>5.29\x0a</data></write>
    <read><delim>: </delim><match><data>Enter the cost per unit: </data></match></read>
    <write><data>4.36\x0a</data></write>
    <read><delim>: </delim><match><data>Enter the type \x28oz\x2fgram\x29:</data></match></read>
    <write><data>oz\x0a</data></write>
    <read><delim>\x0a</delim><match><data>Enter ingredient name or a \x22done\x22 to quit.\x0a</data></match></read>
    <read><delim>: </delim><match><data>: </data></match></read>
    <write><data>Tm35ZrxSG5\x0a</data></write>
    <read><delim>: </delim><match><data>Enter the amount: </data></match></read>
    <write><data>0.37\x0a</data></write>
    <read><delim>: </delim><match><data>Enter the cost per unit: </data></match></read>
    <write><data>2.16\x0a</data></write>
    <read><delim>: </delim><match><data>Enter the type \x28oz\x2fgram\x29:</data></match></read>
    <write><data>oz\x0a</data></write>
    <read><delim>\x0a</delim><match><data>Enter ingredient name or a \x22done\x22 to quit.\x0a</data></match></read>
    <read><delim>: </delim><match><data>: </data></match></read>
    <write><data>T5oSRhm\x0a</data></write>
    <read><delim>: </delim><match><data>Enter the amount: </data></match></read>
    <write><data>7.29\x0a</data></write>
    <read><delim>: </delim><match><data>Enter the cost per unit: </data></match></read>
    <write><data>7.28\x0a</data></write>
    <read><delim>: </delim><match><data>Enter the type \x28oz\x2fgram\x29:</data></match></read>
    <write><data>oz\x0a</data></write>
    <read><delim>\x0a</delim><match><data>Enter ingredient name or a \x22done\x22 to quit.\x0a</data></match></read>
    <read><delim>: </delim><match><data>: </data></match></read>
    <write><data>qavkQcJF0G\x0a</data></write>
    <read><delim>: </delim><match><data>Enter the amount: </data></match></read>
    <write><data>0.19\x0a</data></write>
    <read><delim>: </delim><match><data>Enter the cost per unit: </data></match></read>
    <write><data>0.12\x0a</data></write>
    <read><delim>: </delim><match><data>Enter the type \x28oz\x2fgram\x29:</data></match></read>
    <write><data>oz\x0a</data></write>
    <read><delim>\x0a</delim><match><data>Enter ingredient name or a \x22done\x22 to quit.\x0a</data></match></read>
    <read><delim>: </delim><match><data>: </data></match></read>
    <write><data>gylzmGxXz\x0a</data></write>
    <read><delim>: </delim><match><data>Enter the amount: </data></match></read>
    <write><data>1.04\x0a</data></write>
    <read><delim>: </delim><match><data>Enter the cost per unit: </data></match></read>
    <write><data>1.81\x0a</data></write>
    <read><delim>: </delim><match><data>Enter the type \x28oz\x2fgram\x29:</data></match></read>
    <write><data>oz\x0a</data></write>
    <read><delim>\x0a</delim><match><data>Enter ingredient name or a \x22done\x22 to quit.\x0a</data></match></read>
    <read><delim>: </delim><match><data>: </data></match></read>
    <write><data>85rpxq3H\x0a</data></write>
    <read><delim>: </delim><match><data>Enter the amount: </data></match></read>
    <write><data>4.52\x0a</data></write>
    <read><delim>: </delim><match><data>Enter the cost per unit: </data></match></read>
    <write><data>6.29\x0a</data></write>
    <read><delim>: </delim><match><data>Enter the type \x28oz\x2fgram\x29:</data></match></read>
    <write><data>gram\x0a</data></write>
    <read><delim>\x0a</delim><match><data>Enter ingredient name or a \x22done\x22 to quit.\x0a</data></match></read>
    <read><delim>: </delim><match><data>: </data></match></read>
    <write><data>TWqfcxgdz\x0a</data></write>
    <read><delim>: </delim><match><data>Enter the amount: </data></match></read>
    <write><data>5.72\x0a</data></write>
    <read><delim>: </delim><match><data>Enter the cost per unit: </data></match></read>
    <write><data>5.98\x0a</data></write>
    <read><delim>: </delim><match><data>Enter the type \x28oz\x2fgram\x29:</data></match></read>
    <write><data>gram\x0a</data></write>
    <read><delim>\x0a</delim><match><data>Enter ingredient name or a \x22done\x22 to quit.\x0a</data></match></read>
    <read><delim>: </delim><match><data>: </data></match></read>
    <write><data>Cxxg9p9J1R\x0a</data></write>
    <read><delim>: </delim><match><data>Enter the amount: </data></match></read>
    <write><data>1.35\x0a</data></write>
    <read><delim>: </delim><match><data>Enter the cost per unit: </data></match></read>
    <write><data>5.83\x0a</data></write>
    <read><delim>: </delim><match><data>Enter the type \x28oz\x2fgram\x29:</data></match></read>
    <write><data>oz\x0a</data></write>
    <read><delim>\x0a</delim><match><data>Enter ingredient name or a \x22done\x22 to quit.\x0a</data></match></read>
    <read><delim>: </delim><match><data>: </data></match></read>
    <write><data>done\x0a</data></write>
    <read><delim>\x0a</delim><match><data>1\x29 Create Pantry\x0a</data></match></read>
    <read><delim>\x0a</delim><match><data>2\x29 Delete Pantry\x0a</data></match></read>
    <read><delim>\x0a</delim><match><data>3\x29 Print Pantry\x0a</data></match></read>
    <read><delim>\x0a</delim><match><data>4\x29 Print All Pantries\x0a</data></match></read>
    <read><delim>\x0a</delim><match><data>5\x29 Update Pantry\x0a</data></match></read>
    <read><delim>\x0a</delim><match><data>6\x29 Leave Menu\x0a</data></match></read>
    <read><delim> </delim><match><data>\x2d\x3e </data></match></read>
    <write><data>6\x0a</data></write>
    <read><delim>\x0a</delim><match><data>Leave.\x0a</data></match></read>
    <read><delim>\x0a</delim><match><data>1\x29 Recipe Menu\x0a</data></match></read>
    <read><delim>\x0a</delim><match><data>2\x29 Pantry Menu\x0a</data></match></read>
    <read><delim>\x0a</delim><match><data>3\x29 Query Recipe\x0a</data></match></read>
    <read><delim>\x0a</delim><match><data>4\x29 Quit\x0a</data></match></read>
    <read><delim> </delim><match><data>\x2d\x3e </data></match></read>
    <write><data>1\x0a</data></write>
    <read><delim>\x0a</delim><match><data>1\x29 Add Recipe\x0a</data></match></read>
    <read><delim>\x0a</delim><match><data>2\x29 Remove Recipe\x0a</data></match></read>
    <read><delim>\x0a</delim><match><data>3\x29 List Recipe\x0a</data></match></read>
    <read><delim>\x0a</delim><match><data>4\x29 List All\x0a</data></match></read>
    <read><delim>\x0a</delim><match><data>5\x29 Print Name\x0a</data></match></read>
    <read><delim>\x0a</delim><match><data>6\x29 Recipe Costs\x0a</data></match></read>
    <read><delim>\x0a</delim><match><data>7\x29 Leave Menu\x0a</data></match></read>
    <read><delim>\x2d\x3e </delim><match><data>\x2d\x3e </data></match></read>
    <write><data>1\x0a</data></write>
    <read><delim>: </delim><match><data>Enter recipe name: </data></match></read>
    <write><data>f3aGEVrm\x0a</data></write>
    <read><delim>\x0a</delim><match><data>Enter ingredient name or a \x22done\x22 to quit.\x0a</data></match></read>
    <read><delim>: </delim><match><data>: </data></match></read>
    <write><data>y4A6NKT9aP\x0a</data></write>
    <read><delim>: </delim><match><data>Enter the amount: </data></match></read>
    <write><data>7.18\x0a</data></write>
    <read><delim>: </delim><match><data>Enter the cost per unit: </data></match></read>
    <write><data>9.61\x0a</data></write>
    <read><delim>: </delim><match><data>Enter the type \x28oz\x2fgram\x29:</data></match></read>
    <write><data>gram\x0a</data></write>
    <read><delim>\x0a</delim><match><data>Enter ingredient name or a \x22done\x22 to quit.\x0a</data></match></read>
    <read><delim>: </delim><match><data>: </data></match></read>
    <write><data>QKon6irPY\x0a</data></write>
    <read><delim>: </delim><match><data>Enter the amount: </data></match></read>
    <write><data>0.05\x0a</data></write>
    <read><delim>: </delim><match><data>Enter the cost per unit: </data></match></read>
    <write><data>9.64\x0a</data></write>
    <read><delim>: </delim><match><data>Enter the type \x28oz\x2fgram\x29:</data></match></read>
    <write><data>gram\x0a</data></write>
    <read><delim>\x0a</delim><match><data>Enter ingredient name or a \x22done\x22 to quit.\x0a</data></match></read>
    <read><delim>: </delim><match><data>: </data></match></read>
    <write><data>cwRevU\x0a</data></write>
    <read><delim>: </delim><match><data>Enter the amount: </data></match></read>
    <write><data>0.68\x0a</data></write>
    <read><delim>: </delim><match><data>Enter the cost per unit: </data></match></read>
    <write><data>7.11\x0a</data></write>
    <read><delim>: </delim><match><data>Enter the type \x28oz\x2fgram\x29:</data></match></read>
    <write><data>gram\x0a</data></write>
    <read><delim>\x0a</delim><match><data>Enter ingredient name or a \x22done\x22 to quit.\x0a</data></match></read>
    <read><delim>: </delim><match><data>: </data></match></read>
    <write><data>done\x0a</data></write>
    <read><delim>: </delim><match><data>Enter Instruction: </data></match></read>
    <write><data>u9GyroJRnIrN\x0a</data></write>
    <read><delim>: </delim><match><data>Enter Instruction: </data></match></read>
    <write><data>CEqJdyAmG3F\x0a</data></write>
    <read><delim>: </delim><match><data>Enter Instruction: </data></match></read>
    <write><data>7i4zRYOqozrLIk\x0a</data></write>
    <read><delim>: </delim><match><data>Enter Instruction: </data></match></read>
    <write><data>18KE97sqbc7UUj\x0a</data></write>
    <read><delim>: </delim><match><data>Enter Instruction: </data></match></read>
    <write><data>done\x0a</data></write>
    <read><delim>\x0a</delim><match><data>1\x29 Add Recipe\x0a</data></match></read>
    <read><delim>\x0a</delim><match><data>2\x29 Remove Recipe\x0a</data></match></read>
    <read><delim>\x0a</delim><match><data>3\x29 List Recipe\x0a</data></match></read>
    <read><delim>\x0a</delim><match><data>4\x29 List All\x0a</data></match></read>
    <read><delim>\x0a</delim><match><data>5\x29 Print Name\x0a</data></match></read>
    <read><delim>\x0a</delim><match><data>6\x29 Recipe Costs\x0a</data></match></read>
    <read><delim>\x0a</delim><match><data>7\x29 Leave Menu\x0a</data></match></read>
    <read><delim>\x2d\x3e </delim><match><data>\x2d\x3e </data></match></read>
    <write><data>1\x0a</data></write>
    <read><delim>: </delim><match><data>Enter recipe name: </data></match></read>
    <write><data>4aN8yvZI\x0a</data></write>
    <read><delim>\x0a</delim><match><data>Enter ingredient name or a \x22done\x22 to quit.\x0a</data></match></read>
    <read><delim>: </delim><match><data>: </data></match></read>
    <write><data>3RvqBH2l\x0a</data></write>
    <read><delim>: </delim><match><data>Enter the amount: </data></match></read>
    <write><data>0.21\x0a</data></write>
    <read><delim>: </delim><match><data>Enter the cost per unit: </data></match></read>
    <write><data>2.21\x0a</data></write>
    <read><delim>: </delim><match><data>Enter the type \x28oz\x2fgram\x29:</data></match></read>
    <write><data>oz\x0a</data></write>
    <read><delim>\x0a</delim><match><data>Enter ingredient name or a \x22done\x22 to quit.\x0a</data></match></read>
    <read><delim>: </delim><match><data>: </data></match></read>
    <write><data>y4A6NKT9aP\x0a</data></write>
    <read><delim>: </delim><match><data>Enter the amount: </data></match></read>
    <write><data>9.78\x0a</data></write>
    <read><delim>: </delim><match><data>Enter the cost per unit: </data></match></read>
    <write><data>6.95\x0a</data></write>
    <read><delim>: </delim><match><data>Enter the type \x28oz\x2fgram\x29:</data></match></read>
    <write><data>gram\x0a</data></write>
    <read><delim>\x0a</delim><match><data>Enter ingredient name or a \x22done\x22 to quit.\x0a</data></match></read>
    <read><delim>: </delim><match><data>: </data></match></read>
    <write><data>Tm35ZrxSG5\x0a</data></write>
    <read><delim>: </delim><match><data>Enter the amount: </data></match></read>
    <write><data>0.88\x0a</data></write>
    <read><delim>: </delim><match><data>Enter the cost per unit: </data></match></read>
    <write><data>1.61\x0a</data></write>
    <read><delim>: </delim><match><data>Enter the type \x28oz\x2fgram\x29:</data></match></read>
    <write><data>oz\x0a</data></write>
    <read><delim>\x0a</delim><match><data>Enter ingredient name or a \x22done\x22 to quit.\x0a</data></match></read>
    <read><delim>: </delim><match><data>: </data></match></read>
    <write><data>T5oSRhm\x0a</data></write>
    <read><delim>: </delim><match><data>Enter the amount: </data></match></read>
    <write><data>8.55\x0a</data></write>
    <read><delim>: </delim><match><data>Enter the cost per unit: </data></match></read>
    <write><data>2.64\x0a</data></write>
    <read><delim>: </delim><match><data>Enter the type \x28oz\x2fgram\x29:</data></match></read>
    <write><data>gram\x0a</data></write>
    <read><delim>\x0a</delim><match><data>Enter ingredient name or a \x22done\x22 to quit.\x0a</data></match></read>
    <read><delim>: </delim><match><data>: </data></match></read>
    <write><data>done\x0a</data></write>
    <read><delim>: </delim><match><data>Enter Instruction: </data></match></read>
    <write><data>Jmw5Dwm6UuL\x0a</data></write>
    <read><delim>: </delim><match><data>Enter Instruction: </data></match></read>
    <write><data>nZ6PNWs0Xx\x0a</data></write>
    <read><delim>: </delim><match><data>Enter Instruction: </data></match></read>
    <write><data>et8VFXlkbUDiE\x0a</data></write>
    <read><delim>: </delim><match><data>Enter Instruction: </data></match></read>
    <write><data>6ppQPzpdYzzIbN05\x0a</data></write>
    <read><delim>: </delim><match><data>Enter Instruction: </data></match></read>
    <write><data>nHfaDjY2A0auQg9\x0a</data></write>
    <read><delim>: </delim><match><data>Enter Instruction: </data></match></read>
    <write><data>pyouCJvccl7BfVM0sI5\x0a</data></write>
    <read><delim>: </delim><match><data>Enter Instruction: </data></match></read>
    <write><data>2T18ME2xNdn\x0a</data></write>
    <read><delim>: </delim><match><data>Enter Instruction: </data></match></read>
    <write><data>done\x0a</data></write>
    <read><delim>\x0a</delim><match><data>1\x29 Add Recipe\x0a</data></match></read>
    <read><delim>\x0a</delim><match><data>2\x29 Remove Recipe\x0a</data></match></read>
    <read><delim>\x0a</delim><match><data>3\x29 List Recipe\x0a</data></match></read>
    <read><delim>\x0a</delim><match><data>4\x29 List All\x0a</data></match></read>
    <read><delim>\x0a</delim><match><data>5\x29 Print Name\x0a</data></match></read>
    <read><delim>\x0a</delim><match><data>6\x29 Recipe Costs\x0a</data></match></read>
    <read><delim>\x0a</delim><match><data>7\x29 Leave Menu\x0a</data></match></read>
    <read><delim>\x2d\x3e </delim><match><data>\x2d\x3e </data></match></read>
    <write><data>1\x0a</data></write>
    <read><delim>: </delim><match><data>Enter recipe name: </data></match></read>
    <write><data>vVq9Jx\x0a</data></write>
    <read><delim>\x0a</delim><match><data>Enter ingredient name or a \x22done\x22 to quit.\x0a</data></match></read>
    <read><delim>: </delim><match><data>: </data></match></read>
    <write><data>5q3JPXO3V\x0a</data></write>
    <read><delim>: </delim><match><data>Enter the amount: </data></match></read>
    <write><data>4.77\x0a</data></write>
    <read><delim>: </delim><match><data>Enter the cost per unit: </data></match></read>
    <write><data>4.64\x0a</data></write>
    <read><delim>: </delim><match><data>Enter the type \x28oz\x2fgram\x29:</data></match></read>
    <write><data>gram\x0a</data></write>
    <read><delim>\x0a</delim><match><data>Enter ingredient name or a \x22done\x22 to quit.\x0a</data></match></read>
    <read><delim>: </delim><match><data>: </data></match></read>
    <write><data>jj9VW\x0a</data></write>
    <read><delim>: </delim><match><data>Enter the amount: </data></match></read>
    <write><data>5.86\x0a</data></write>
    <read><delim>: </delim><match><data>Enter the cost per unit: </data></match></read>
    <write><data>7.60\x0a</data></write>
    <read><delim>: </delim><match><data>Enter the type \x28oz\x2fgram\x29:</data></match></read>
    <write><data>gram\x0a</data></write>
    <read><delim>\x0a</delim><match><data>Enter ingredient name or a \x22done\x22 to quit.\x0a</data></match></read>
    <read><delim>: </delim><match><data>: </data></match></read>
    <write><data>done\x0a</data></write>
    <read><delim>: </delim><match><data>Enter Instruction: </data></match></read>
    <write><data>oaXPeA8f1UD\x0a</data></write>
    <read><delim>: </delim><match><data>Enter Instruction: </data></match></read>
    <write><data>Iuwlcw6Gj1IkgKp2X\x0a</data></write>
    <read><delim>: </delim><match><data>Enter Instruction: </data></match></read>
    <write><data>eXOzk3qJO7BGhjyq\x0a</data></write>
    <read><delim>: </delim><match><data>Enter Instruction: </data></match></read>
    <write><data>EC4DSzL1pMvEvgUEdO7\x0a</data></write>
    <read><delim>: </delim><match><data>Enter Instruction: </data></match></read>
    <write><data>pkJ7bse0PHO9BGo3Yql\x0a</data></write>
    <read><delim>: </delim><match><data>Enter Instruction: </data></match></read>
    <write><data>NZ4UF5g8VyBYOHKV\x0a</data></write>
    <read><delim>: </delim><match><data>Enter Instruction: </data></match></read>
    <write><data>GNg5R2PBkEg6\x0a</data></write>
    <read><delim>: </delim><match><data>Enter Instruction: </data></match></read>
    <write><data>done\x0a</data></write>
    <read><delim>\x0a</delim><match><data>1\x29 Add Recipe\x0a</data></match></read>
    <read><delim>\x0a</delim><match><data>2\x29 Remove Recipe\x0a</data></match></read>
    <read><delim>\x0a</delim><match><data>3\x29 List Recipe\x0a</data></match></read>
    <read><delim>\x0a</delim><match><data>4\x29 List All\x0a</data></match></read>
    <read><delim>\x0a</delim><match><data>5\x29 Print Name\x0a</data></match></read>
    <read><delim>\x0a</delim><match><data>6\x29 Recipe Costs\x0a</data></match></read>
    <read><delim>\x0a</delim><match><data>7\x29 Leave Menu\x0a</data></match></read>
    <read><delim>\x2d\x3e </delim><match><data>\x2d\x3e </data></match></read>
    <write><data>7\x0a</data></write>
    <read><delim>\x0a</delim><match><data>Leave\x0a</data></match></read>
    <read><delim>\x0a</delim><match><data>1\x29 Recipe Menu\x0a</data></match></read>
    <read><delim>\x0a</delim><match><data>2\x29 Pantry Menu\x0a</data></match></read>
    <read><delim>\x0a</delim><match><data>3\x29 Query Recipe\x0a</data></match></read>
    <read><delim>\x0a</delim><match><data>4\x29 Quit\x0a</data></match></read>
    <read><delim> </delim><match><data>\x2d\x3e </data></match></read>
    <write><data>3\x0a</data></write>
    <read><delim>\x0a</delim><match><data>1\x29 List Doable Recipes by Pantry\x0a</data></match></read>
    <read><delim>\x0a</delim><match><data>2\x29 List Doable Recipes by Cost\x0a</data></match></read>
    <read><delim>\x0a</delim><match><data>3\x29 Print Cheapest Recipe\x0a</data></match></read>
    <read><delim>\x0a</delim><match><data>4\x29 Print Most Expensive Recipe\x0a</data></match></read>
    <read><delim>\x0a</delim><match><data>5\x29 Leave Menu\x0a</data></match></read>
    <read><delim>\x3e </delim><match><data>\x2d\x3e </data></match></read>
    <write><data>1\x0a</data></write>
    <read><delim>\x0a</delim><match><data>Select a pantry:\x0a</data></match></read>
    <read><delim>\x0a</delim><match><data>1\x29 41PhxQfy\x0a</data></match></read>
    <read><delim>\x0a</delim><match><data>2\x29 Hd5KKvhLIs4cD5\x0a</data></match></read>
    <read><delim>\x3e </delim><match><data>\x2d\x3e </data></match></read>
    <write><data>2\x0a</data></write>
    <read><delim>\x0a</delim><match><data>1\x29 List Doable Recipes by Pantry\x0a</data></match></read>
    <read><delim>\x0a</delim><match><data>2\x29 List Doable Recipes by Cost\x0a</data></match></read>
    <read><delim>\x0a</delim><match><data>3\x29 Print Cheapest Recipe\x0a</data></match></read>
    <read><delim>\x0a</delim><match><data>4\x29 Print Most Expensive Recipe\x0a</data></match></read>
    <read><delim>\x0a</delim><match><data>5\x29 Leave Menu\x0a</data></match></read>
    <read><delim>\x3e </delim><match><data>\x2d\x3e </data></match></read>
    <write><data>2\x0a</data></write>
    <read><delim>: </delim><match><data>How much can you spend: </data></match></read>
    <write><data>1827\x0a</data></write>
    <read><delim>\x0a</delim><match><data>You can make: \x0a</data></match></read>
    <read><delim>\x0a</delim><match><data>\x091\x29 f3aGEVrm\x0a</data></match></read>
    <read><delim>\x0a</delim><match><data>\x092\x29 4aN8yvZI\x0a</data></match></read>
    <read><delim>\x0a</delim><match><data>\x093\x29 vVq9Jx\x0a</data></match></read>
    <read><delim>\x0a</delim><match><data>1\x29 List Doable Recipes by Pantry\x0a</data></match></read>
    <read><delim>\x0a</delim><match><data>2\x29 List Doable Recipes by Cost\x0a</data></match></read>
    <read><delim>\x0a</delim><match><data>3\x29 Print Cheapest Recipe\x0a</data></match></read>
    <read><delim>\x0a</delim><match><data>4\x29 Print Most Expensive Recipe\x0a</data></match></read>
    <read><delim>\x0a</delim><match><data>5\x29 Leave Menu\x0a</data></match></read>
    <read><delim>\x3e </delim><match><data>\x2d\x3e </data></match></read>
    <write><data>4\x0a</data></write>
    <read><delim>\x0a</delim><match><data>Most expensive: 2 at 92.423900\x0a</data></match></read>
    <read><delim>\x0a</delim><match><data>1\x29 List Doable Recipes by Pantry\x0a</data></match></read>
    <read><delim>\x0a</delim><match><data>2\x29 List Doable Recipes by Cost\x0a</data></match></read>
    <read><delim>\x0a</delim><match><data>3\x29 Print Cheapest Recipe\x0a</data></match></read>
    <read><delim>\x0a</delim><match><data>4\x29 Print Most Expensive Recipe\x0a</data></match></read>
    <read><delim>\x0a</delim><match><data>5\x29 Leave Menu\x0a</data></match></read>
    <read><delim>\x3e </delim><match><data>\x2d\x3e </data></match></read>
    <write><data>3\x0a</data></write>
    <read><delim>\x0a</delim><match><data>Cheapest: 3 at 66.668800\x0a</data></match></read>
    <read><delim>\x0a</delim><match><data>1\x29 List Doable Recipes by Pantry\x0a</data></match></read>
    <read><delim>\x0a</delim><match><data>2\x29 List Doable Recipes by Cost\x0a</data></match></read>
    <read><delim>\x0a</delim><match><data>3\x29 Print Cheapest Recipe\x0a</data></match></read>
    <read><delim>\x0a</delim><match><data>4\x29 Print Most Expensive Recipe\x0a</data></match></read>
    <read><delim>\x0a</delim><match><data>5\x29 Leave Menu\x0a</data></match></read>
    <read><delim>\x3e </delim><match><data>\x2d\x3e </data></match></read>
    <write><data>1\x0a</data></write>
    <read><delim>\x0a</delim><match><data>Select a pantry:\x0a</data></match></read>
    <read><delim>\x0a</delim><match><data>1\x29 41PhxQfy\x0a</data></match></read>
    <read><delim>\x0a</delim><match><data>2\x29 Hd5KKvhLIs4cD5\x0a</data></match></read>
    <read><delim>\x3e </delim><match><data>\x2d\x3e </data></match></read>
    <write><data>1\x0a</data></write>
    <read><delim>\x0a</delim><match><data>1\x29 List Doable Recipes by Pantry\x0a</data></match></read>
    <read><delim>\x0a</delim><match><data>2\x29 List Doable Recipes by Cost\x0a</data></match></read>
    <read><delim>\x0a</delim><match><data>3\x29 Print Cheapest Recipe\x0a</data></match></read>
    <read><delim>\x0a</delim><match><data>4\x29 Print Most Expensive Recipe\x0a</data></match></read>
    <read><delim>\x0a</delim><match><data>5\x29 Leave Menu\x0a</data></match></read>
    <read><delim>\x3e </delim><match><data>\x2d\x3e </data></match></read>
    <write><data>2\x0a</data></write>
    <read><delim>: </delim><match><data>How much can you spend: </data></match></read>
    <write><data>3444\x0a</data></write>
    <read><delim>\x0a</delim><match><data>You can make: \x0a</data></match></read>
    <read><delim>\x0a</delim><match><data>\x091\x29 f3aGEVrm\x0a</data></match></read>
    <read><delim>\x0a</delim><match><data>\x092\x29 4aN8yvZI\x0a</data></match></read>
    <read><delim>\x0a</delim><match><data>\x093\x29 vVq9Jx\x0a</data></match></read>
    <read><delim>\x0a</delim><match><data>1\x29 List Doable Recipes by Pantry\x0a</data></match></read>
    <read><delim>\x0a</delim><match><data>2\x29 List Doable Recipes by Cost\x0a</data></match></read>
    <read><delim>\x0a</delim><match><data>3\x29 Print Cheapest Recipe\x0a</data></match></read>
    <read><delim>\x0a</delim><match><data>4\x29 Print Most Expensive Recipe\x0a</data></match></read>
    <read><delim>\x0a</delim><match><data>5\x29 Leave Menu\x0a</data></match></read>
    <read><delim>\x3e </delim><match><data>\x2d\x3e </data></match></read>
    <write><data>5\x0a</data></write>
    <read><delim>\x2d\x3e </delim></read>
    <write><data>4\x0a</data></write>
    <read><delim>\x0a</delim></read>
</replay>
</pov>