<?xml version="1.0" standalone="no" ?>
<!DOCTYPE pov SYSTEM "/usr/share/cgc-docs/replay.dtd">
<pov>
<cbid>service</cbid>
<seed>b83eeb429a38eaeb559546306a3743c8a4f5e03b8a21726a57f3bc55bbe079a10be9eeda2350dd1289b0f9130180cf1e</seed>
<replay>
    <read><delim>: </delim><match><data>Today: </data></match></read>
    <read><delim> </delim><match><data>Tue </data></match></read>
    <read><delim> </delim><match><data>Sep </data></match></read>
    <read><delim>\x0a\x0a</delim><match><data>17:24:43 2016\x0a\x0a</data></match></read>
    <read><delim>\x0a</delim><match><data>1\x29 Recipe Menu\x0a</data></match></read>
    <read><delim>\x0a</delim><match><data>2\x29 Pantry Menu\x0a</data></match></read>
    <read><delim>\x0a</delim><match><data>3\x29 Query Recipe\x0a</data></match></read>
    <read><delim>\x0a</delim><match><data>4\x29 Quit\x0a</data></match></read>
    <read><delim> </delim><match><data>\x2d\x3e </data></match></read>
    <write><data>2\x0a</data></write>
    <read><delim>\x0a</delim><match><data>1\x29 Create Pantry\x0a</data></match></read>
    <read><delim>\x0a</delim><match><data>2\x29 Delete Pantry\x0a</data></match></read>
    <read><delim>\x0a</delim><match><data>3\x29 Print Pantry\x0a</data></match></read>
    <read><delim>\x0a</delim><match><data>4\x29 Print All Pantries\x0a</data></match></read>
    <read><delim>\x0a</delim><match><data>5\x29 Update Pantry\x0a</data></match></read>
    <read><delim>\x0a</delim><match><data>6\x29 Leave Menu\x0a</data></match></read>
    <read><delim> </delim><match><data>\x2d\x3e </data></match></read>
    <write><data>1\x0a</data></write>
    <read><delim>: </delim><match><data>Enter pantry name: </data></match></read>
    <write><data>UDhIqQ79\x0a</data></write>
    <read><delim>\x0a</delim><match><data>Enter ingredient name or a \x22done\x22 to quit.\x0a</data></match></read>
    <read><delim>: </delim><match><data>: </data></match></read>
    <write><data>5pMeyVZX\x0a</data></write>
    <read><delim>: </delim><match><data>Enter the amount: </data></match></read>
    <write><data>2.14\x0a</data></write>
    <read><delim>: </delim><match><data>Enter the cost per unit: </data></match></read>
    <write><data>6.89\x0a</data></write>
    <read><delim>: </delim><match><data>Enter the type \x28oz\x2fgram\x29:</data></match></read>
    <write><data>gram\x0a</data></write>
    <read><delim>\x0a</delim><match><data>Enter ingredient name or a \x22done\x22 to quit.\x0a</data></match></read>
    <read><delim>: </delim><match><data>: </data></match></read>
    <write><data>tXSa2FRpSB\x0a</data></write>
    <read><delim>: </delim><match><data>Enter the amount: </data></match></read>
    <write><data>1.28\x0a</data></write>
    <read><delim>: </delim><match><data>Enter the cost per unit: </data></match></read>
    <write><data>5.13\x0a</data></write>
    <read><delim>: </delim><match><data>Enter the type \x28oz\x2fgram\x29:</data></match></read>
    <write><data>gram\x0a</data></write>
    <read><delim>\x0a</delim><match><data>Enter ingredient name or a \x22done\x22 to quit.\x0a</data></match></read>
    <read><delim>: </delim><match><data>: </data></match></read>
    <write><data>12AN36p\x0a</data></write>
    <read><delim>: </delim><match><data>Enter the amount: </data></match></read>
    <write><data>6.73\x0a</data></write>
    <read><delim>: </delim><match><data>Enter the cost per unit: </data></match></read>
    <write><data>4.02\x0a</data></write>
    <read><delim>: </delim><match><data>Enter the type \x28oz\x2fgram\x29:</data></match></read>
    <write><data>gram\x0a</data></write>
    <read><delim>\x0a</delim><match><data>Enter ingredient name or a \x22done\x22 to quit.\x0a</data></match></read>
    <read><delim>: </delim><match><data>: </data></match></read>
    <write><data>awk47\x0a</data></write>
    <read><delim>: </delim><match><data>Enter the amount: </data></match></read>
    <write><data>7.07\x0a</data></write>
    <read><delim>: </delim><match><data>Enter the cost per unit: </data></match></read>
    <write><data>6.05\x0a</data></write>
    <read><delim>: </delim><match><data>Enter the type \x28oz\x2fgram\x29:</data></match></read>
    <write><data>gram\x0a</data></write>
    <read><delim>\x0a</delim><match><data>Enter ingredient name or a \x22done\x22 to quit.\x0a</data></match></read>
    <read><delim>: </delim><match><data>: </data></match></read>
    <write><data>aIpElPtP\x0a</data></write>
    <read><delim>: </delim><match><data>Enter the amount: </data></match></read>
    <write><data>4.46\x0a</data></write>
    <read><delim>: </delim><match><data>Enter the cost per unit: </data></match></read>
    <write><data>6.15\x0a</data></write>
    <read><delim>: </delim><match><data>Enter the type \x28oz\x2fgram\x29:</data></match></read>
    <write><data>gram\x0a</data></write>
    <read><delim>\x0a</delim><match><data>Enter ingredient name or a \x22done\x22 to quit.\x0a</data></match></read>
    <read><delim>: </delim><match><data>: </data></match></read>
    <write><data>oDGm0pGX\x0a</data></write>
    <read><delim>: </delim><match><data>Enter the amount: </data></match></read>
    <write><data>8.63\x0a</data></write>
    <read><delim>: </delim><match><data>Enter the cost per unit: </data></match></read>
    <write><data>1.80\x0a</data></write>
    <read><delim>: </delim><match><data>Enter the type \x28oz\x2fgram\x29:</data></match></read>
    <write><data>oz\x0a</data></write>
    <read><delim>\x0a</delim><match><data>Enter ingredient name or a \x22done\x22 to quit.\x0a</data></match></read>
    <read><delim>: </delim><match><data>: </data></match></read>
    <write><data>IM6oqH89\x0a</data></write>
    <read><delim>: </delim><match><data>Enter the amount: </data></match></read>
    <write><data>0.90\x0a</data></write>
    <read><delim>: </delim><match><data>Enter the cost per unit: </data></match></read>
    <write><data>8.26\x0a</data></write>
    <read><delim>: </delim><match><data>Enter the type \x28oz\x2fgram\x29:</data></match></read>
    <write><data>oz\x0a</data></write>
    <read><delim>\x0a</delim><match><data>Enter ingredient name or a \x22done\x22 to quit.\x0a</data></match></read>
    <read><delim>: </delim><match><data>: </data></match></read>
    <write><data>loQ5fK8\x0a</data></write>
    <read><delim>: </delim><match><data>Enter the amount: </data></match></read>
    <write><data>6.55\x0a</data></write>
    <read><delim>: </delim><match><data>Enter the cost per unit: </data></match></read>
    <write><data>0.63\x0a</data></write>
    <read><delim>: </delim><match><data>Enter the type \x28oz\x2fgram\x29:</data></match></read>
    <write><data>gram\x0a</data></write>
    <read><delim>\x0a</delim><match><data>Enter ingredient name or a \x22done\x22 to quit.\x0a</data></match></read>
    <read><delim>: </delim><match><data>: </data></match></read>
    <write><data>7FduVl\x0a</data></write>
    <read><delim>: </delim><match><data>Enter the amount: </data></match></read>
    <write><data>8.60\x0a</data></write>
    <read><delim>: </delim><match><data>Enter the cost per unit: </data></match></read>
    <write><data>6.18\x0a</data></write>
    <read><delim>: </delim><match><data>Enter the type \x28oz\x2fgram\x29:</data></match></read>
    <write><data>gram\x0a</data></write>
    <read><delim>\x0a</delim><match><data>Enter ingredient name or a \x22done\x22 to quit.\x0a</data></match></read>
    <read><delim>: </delim><match><data>: </data></match></read>
    <write><data>mbDXS4\x0a</data></write>
    <read><delim>: </delim><match><data>Enter the amount: </data></match></read>
    <write><data>0.44\x0a</data></write>
    <read><delim>: </delim><match><data>Enter the cost per unit: </data></match></read>
    <write><data>6.39\x0a</data></write>
    <read><delim>: </delim><match><data>Enter the type \x28oz\x2fgram\x29:</data></match></read>
    <write><data>oz\x0a</data></write>
    <read><delim>\x0a</delim><match><data>Enter ingredient name or a \x22done\x22 to quit.\x0a</data></match></read>
    <read><delim>: </delim><match><data>: </data></match></read>
    <write><data>P1XOf4C2A\x0a</data></write>
    <read><delim>: </delim><match><data>Enter the amount: </data></match></read>
    <write><data>2.52\x0a</data></write>
    <read><delim>: </delim><match><data>Enter the cost per unit: </data></match></read>
    <write><data>4.43\x0a</data></write>
    <read><delim>: </delim><match><data>Enter the type \x28oz\x2fgram\x29:</data></match></read>
    <write><data>gram\x0a</data></write>
    <read><delim>\x0a</delim><match><data>Enter ingredient name or a \x22done\x22 to quit.\x0a</data></match></read>
    <read><delim>: </delim><match><data>: </data></match></read>
    <write><data>nqo2GRxJZ\x0a</data></write>
    <read><delim>: </delim><match><data>Enter the amount: </data></match></read>
    <write><data>1.46\x0a</data></write>
    <read><delim>: </delim><match><data>Enter the cost per unit: </data></match></read>
    <write><data>4.33\x0a</data></write>
    <read><delim>: </delim><match><data>Enter the type \x28oz\x2fgram\x29:</data></match></read>
    <write><data>oz\x0a</data></write>
    <read><delim>\x0a</delim><match><data>Enter ingredient name or a \x22done\x22 to quit.\x0a</data></match></read>
    <read><delim>: </delim><match><data>: </data></match></read>
    <write><data>done\x0a</data></write>
    <read><delim>\x0a</delim><match><data>1\x29 Create Pantry\x0a</data></match></read>
    <read><delim>\x0a</delim><match><data>2\x29 Delete Pantry\x0a</data></match></read>
    <read><delim>\x0a</delim><match><data>3\x29 Print Pantry\x0a</data></match></read>
    <read><delim>\x0a</delim><match><data>4\x29 Print All Pantries\x0a</data></match></read>
    <read><delim>\x0a</delim><match><data>5\x29 Update Pantry\x0a</data></match></read>
    <read><delim>\x0a</delim><match><data>6\x29 Leave Menu\x0a</data></match></read>
    <read><delim> </delim><match><data>\x2d\x3e </data></match></read>
    <write><data>1\x0a</data></write>
    <read><delim>: </delim><match><data>Enter pantry name: </data></match></read>
    <write><data>Eqg2Lmj9z8bY\x0a</data></write>
    <read><delim>\x0a</delim><match><data>Enter ingredient name or a \x22done\x22 to quit.\x0a</data></match></read>
    <read><delim>: </delim><match><data>: </data></match></read>
    <write><data>P1XOf4C2A\x0a</data></write>
    <read><delim>: </delim><match><data>Enter the amount: </data></match></read>
    <write><data>9.84\x0a</data></write>
    <read><delim>: </delim><match><data>Enter the cost per unit: </data></match></read>
    <write><data>8.88\x0a</data></write>
    <read><delim>: </delim><match><data>Enter the type \x28oz\x2fgram\x29:</data></match></read>
    <write><data>gram\x0a</data></write>
    <read><delim>\x0a</delim><match><data>Enter ingredient name or a \x22done\x22 to quit.\x0a</data></match></read>
    <read><delim>: </delim><match><data>: </data></match></read>
    <write><data>564Rkcr\x0a</data></write>
    <read><delim>: </delim><match><data>Enter the amount: </data></match></read>
    <write><data>8.43\x0a</data></write>
    <read><delim>: </delim><match><data>Enter the cost per unit: </data></match></read>
    <write><data>2.67\x0a</data></write>
    <read><delim>: </delim><match><data>Enter the type \x28oz\x2fgram\x29:</data></match></read>
    <write><data>gram\x0a</data></write>
    <read><delim>\x0a</delim><match><data>Enter ingredient name or a \x22done\x22 to quit.\x0a</data></match></read>
    <read><delim>: </delim><match><data>: </data></match></read>
    <write><data>nqo2GRxJZ\x0a</data></write>
    <read><delim>: </delim><match><data>Enter the amount: </data></match></read>
    <write><data>9.11\x0a</data></write>
    <read><delim>: </delim><match><data>Enter the cost per unit: </data></match></read>
    <write><data>3.55\x0a</data></write>
    <read><delim>: </delim><match><data>Enter the type \x28oz\x2fgram\x29:</data></match></read>
    <write><data>gram\x0a</data></write>
    <read><delim>\x0a</delim><match><data>Enter ingredient name or a \x22done\x22 to quit.\x0a</data></match></read>
    <read><delim>: </delim><match><data>: </data></match></read>
    <write><data>oDGm0pGX\x0a</data></write>
    <read><delim>: </delim><match><data>Enter the amount: </data></match></read>
    <write><data>9.82\x0a</data></write>
    <read><delim>: </delim><match><data>Enter the cost per unit: </data></match></read>
    <write><data>1.50\x0a</data></write>
    <read><delim>: </delim><match><data>Enter the type \x28oz\x2fgram\x29:</data></match></read>
    <write><data>oz\x0a</data></write>
    <read><delim>\x0a</delim><match><data>Enter ingredient name or a \x22done\x22 to quit.\x0a</data></match></read>
    <read><delim>: </delim><match><data>: </data></match></read>
    <write><data>3SDZdHDsBm\x0a</data></write>
    <read><delim>: </delim><match><data>Enter the amount: </data></match></read>
    <write><data>5.91\x0a</data></write>
    <read><delim>: </delim><match><data>Enter the cost per unit: </data></match></read>
    <write><data>7.40\x0a</data></write>
    <read><delim>: </delim><match><data>Enter the type \x28oz\x2fgram\x29:</data></match></read>
    <write><data>gram\x0a</data></write>
    <read><delim>\x0a</delim><match><data>Enter ingredient name or a \x22done\x22 to quit.\x0a</data></match></read>
    <read><delim>: </delim><match><data>: </data></match></read>
    <write><data>12AN36p\x0a</data></write>
    <read><delim>: </delim><match><data>Enter the amount: </data></match></read>
    <write><data>6.99\x0a</data></write>
    <read><delim>: </delim><match><data>Enter the cost per unit: </data></match></read>
    <write><data>3.49\x0a</data></write>
    <read><delim>: </delim><match><data>Enter the type \x28oz\x2fgram\x29:</data></match></read>
    <write><data>oz\x0a</data></write>
    <read><delim>\x0a</delim><match><data>Enter ingredient name or a \x22done\x22 to quit.\x0a</data></match></read>
    <read><delim>: </delim><match><data>: </data></match></read>
    <write><data>jqA5QxrV8\x0a</data></write>
    <read><delim>: </delim><match><data>Enter the amount: </data></match></read>
    <write><data>2.16\x0a</data></write>
    <read><delim>: </delim><match><data>Enter the cost per unit: </data></match></read>
    <write><data>6.80\x0a</data></write>
    <read><delim>: </delim><match><data>Enter the type \x28oz\x2fgram\x29:</data></match></read>
    <write><data>gram\x0a</data></write>
    <read><delim>\x0a</delim><match><data>Enter ingredient name or a \x22done\x22 to quit.\x0a</data></match></read>
    <read><delim>: </delim><match><data>: </data></match></read>
    <write><data>done\x0a</data></write>
    <read><delim>\x0a</delim><match><data>1\x29 Create Pantry\x0a</data></match></read>
    <read><delim>\x0a</delim><match><data>2\x29 Delete Pantry\x0a</data></match></read>
    <read><delim>\x0a</delim><match><data>3\x29 Print Pantry\x0a</data></match></read>
    <read><delim>\x0a</delim><match><data>4\x29 Print All Pantries\x0a</data></match></read>
    <read><delim>\x0a</delim><match><data>5\x29 Update Pantry\x0a</data></match></read>
    <read><delim>\x0a</delim><match><data>6\x29 Leave Menu\x0a</data></match></read>
    <read><delim> </delim><match><data>\x2d\x3e </data></match></read>
    <write><data>1\x0a</data></write>
    <read><delim>: </delim><match><data>Enter pantry name: </data></match></read>
    <write><data>kHz0meuL3wv\x0a</data></write>
    <read><delim>\x0a</delim><match><data>Enter ingredient name or a \x22done\x22 to quit.\x0a</data></match></read>
    <read><delim>: </delim><match><data>: </data></match></read>
    <write><data>TPLljJsxID\x0a</data></write>
    <read><delim>: </delim><match><data>Enter the amount: </data></match></read>
    <write><data>2.73\x0a</data></write>
    <read><delim>: </delim><match><data>Enter the cost per unit: </data></match></read>
    <write><data>7.36\x0a</data></write>
    <read><delim>: </delim><match><data>Enter the type \x28oz\x2fgram\x29:</data></match></read>
    <write><data>gram\x0a</data></write>
    <read><delim>\x0a</delim><match><data>Enter ingredient name or a \x22done\x22 to quit.\x0a</data></match></read>
    <read><delim>: </delim><match><data>: </data></match></read>
    <write><data>fiF5G\x0a</data></write>
    <read><delim>: </delim><match><data>Enter the amount: </data></match></read>
    <write><data>0.12\x0a</data></write>
    <read><delim>: </delim><match><data>Enter the cost per unit: </data></match></read>
    <write><data>1.47\x0a</data></write>
    <read><delim>: </delim><match><data>Enter the type \x28oz\x2fgram\x29:</data></match></read>
    <write><data>oz\x0a</data></write>
    <read><delim>\x0a</delim><match><data>Enter ingredient name or a \x22done\x22 to quit.\x0a</data></match></read>
    <read><delim>: </delim><match><data>: </data></match></read>
    <write><data>awk47\x0a</data></write>
    <read><delim>: </delim><match><data>Enter the amount: </data></match></read>
    <write><data>2.13\x0a</data></write>
    <read><delim>: </delim><match><data>Enter the cost per unit: </data></match></read>
    <write><data>8.19\x0a</data></write>
    <read><delim>: </delim><match><data>Enter the type \x28oz\x2fgram\x29:</data></match></read>
    <write><data>oz\x0a</data></write>
    <read><delim>\x0a</delim><match><data>Enter ingredient name or a \x22done\x22 to quit.\x0a</data></match></read>
    <read><delim>: </delim><match><data>: </data></match></read>
    <write><data>aIpElPtP\x0a</data></write>
    <read><delim>: </delim><match><data>Enter the amount: </data></match></read>
    <write><data>6.72\x0a</data></write>
    <read><delim>: </delim><match><data>Enter the cost per unit: </data></match></read>
    <write><data>9.81\x0a</data></write>
    <read><delim>: </delim><match><data>Enter the type \x28oz\x2fgram\x29:</data></match></read>
    <write><data>gram\x0a</data></write>
    <read><delim>\x0a</delim><match><data>Enter ingredient name or a \x22done\x22 to quit.\x0a</data></match></read>
    <read><delim>: </delim><match><data>: </data></match></read>
    <write><data>b6JXB0OZwA\x0a</data></write>
    <read><delim>: </delim><match><data>Enter the amount: </data></match></read>
    <write><data>0.40\x0a</data></write>
    <read><delim>: </delim><match><data>Enter the cost per unit: </data></match></read>
    <write><data>2.24\x0a</data></write>
    <read><delim>: </delim><match><data>Enter the type \x28oz\x2fgram\x29:</data></match></read>
    <write><data>gram\x0a</data></write>
    <read><delim>\x0a</delim><match><data>Enter ingredient name or a \x22done\x22 to quit.\x0a</data></match></read>
    <read><delim>: </delim><match><data>: </data></match></read>
    <write><data>xxNZ5A0\x0a</data></write>
    <read><delim>: </delim><match><data>Enter the amount: </data></match></read>
    <write><data>6.04\x0a</data></write>
    <read><delim>: </delim><match><data>Enter the cost per unit: </data></match></read>
    <write><data>6.86\x0a</data></write>
    <read><delim>: </delim><match><data>Enter the type \x28oz\x2fgram\x29:</data></match></read>
    <write><data>gram\x0a</data></write>
    <read><delim>\x0a</delim><match><data>Enter ingredient name or a \x22done\x22 to quit.\x0a</data></match></read>
    <read><delim>: </delim><match><data>: </data></match></read>
    <write><data>P1XOf4C2A\x0a</data></write>
    <read><delim>: </delim><match><data>Enter the amount: </data></match></read>
    <write><data>9.09\x0a</data></write>
    <read><delim>: </delim><match><data>Enter the cost per unit: </data></match></read>
    <write><data>4.96\x0a</data></write>
    <read><delim>: </delim><match><data>Enter the type \x28oz\x2fgram\x29:</data></match></read>
    <write><data>gram\x0a</data></write>
    <read><delim>\x0a</delim><match><data>Enter ingredient name or a \x22done\x22 to quit.\x0a</data></match></read>
    <read><delim>: </delim><match><data>: </data></match></read>
    <write><data>tXSa2FRpSB\x0a</data></write>
    <read><delim>: </delim><match><data>Enter the amount: </data></match></read>
    <write><data>6.78\x0a</data></write>
    <read><delim>: </delim><match><data>Enter the cost per unit: </data></match></read>
    <write><data>3.29\x0a</data></write>
    <read><delim>: </delim><match><data>Enter the type \x28oz\x2fgram\x29:</data></match></read>
    <write><data>oz\x0a</data></write>
    <read><delim>\x0a</delim><match><data>Enter ingredient name or a \x22done\x22 to quit.\x0a</data></match></read>
    <read><delim>: </delim><match><data>: </data></match></read>
    <write><data>done\x0a</data></write>
    <read><delim>\x0a</delim><match><data>1\x29 Create Pantry\x0a</data></match></read>
    <read><delim>\x0a</delim><match><data>2\x29 Delete Pantry\x0a</data></match></read>
    <read><delim>\x0a</delim><match><data>3\x29 Print Pantry\x0a</data></match></read>
    <read><delim>\x0a</delim><match><data>4\x29 Print All Pantries\x0a</data></match></read>
    <read><delim>\x0a</delim><match><data>5\x29 Update Pantry\x0a</data></match></read>
    <read><delim>\x0a</delim><match><data>6\x29 Leave Menu\x0a</data></match></read>
    <read><delim> </delim><match><data>\x2d\x3e </data></match></read>
    <write><data>6\x0a</data></write>
    <read><delim>\x0a</delim><match><data>Leave.\x0a</data></match></read>
    <read><delim>\x0a</delim><match><data>1\x29 Recipe Menu\x0a</data></match></read>
    <read><delim>\x0a</delim><match><data>2\x29 Pantry Menu\x0a</data></match></read>
    <read><delim>\x0a</delim><match><data>3\x29 Query Recipe\x0a</data></match></read>
    <read><delim>\x0a</delim><match><data>4\x29 Quit\x0a</data></match></read>
    <read><delim> </delim><match><data>\x2d\x3e </data></match></read>
    <write><data>1\x0a</data></write>
    <read><delim>\x0a</delim><match><data>1\x29 Add Recipe\x0a</data></match></read>
    <read><delim>\x0a</delim><match><data>2\x29 Remove Recipe\x0a</data></match></read>
    <read><delim>\x0a</delim><match><data>3\x29 List Recipe\x0a</data></match></read>
    <read><delim>\x0a</delim><match><data>4\x29 List All\x0a</data></match></read>
    <read><delim>\x0a</delim><match><data>5\x29 Print Name\x0a</data></match></read>
    <read><delim>\x0a</delim><match><data>6\x29 Recipe Costs\x0a</data></match></read>
    <read><delim>\x0a</delim><match><data>7\x29 Leave Menu\x0a</data></match></read>
    <read><delim>\x2d\x3e </delim><match><data>\x2d\x3e </data></match></read>
    <write><data>1\x0a</data></write>
    <read><delim>: </delim><match><data>Enter recipe name: </data></match></read>
    <write><data>vgUVD\x0a</data></write>
    <read><delim>\x0a</delim><match><data>Enter ingredient name or a \x22done\x22 to quit.\x0a</data></match></read>
    <read><delim>: </delim><match><data>: </data></match></read>
    <write><data>I8ICU\x0a</data></write>
    <read><delim>: </delim><match><data>Enter the amount: </data></match></read>
    <write><data>6.73\x0a</data></write>
    <read><delim>: </delim><match><data>Enter the cost per unit: </data></match></read>
    <write><data>2.76\x0a</data></write>
    <read><delim>: </delim><match><data>Enter the type \x28oz\x2fgram\x29:</data></match></read>
    <write><data>oz\x0a</data></write>
    <read><delim>\x0a</delim><match><data>Enter ingredient name or a \x22done\x22 to quit.\x0a</data></match></read>
    <read><delim>: </delim><match><data>: </data></match></read>
    <write><data>yZT1n5P\x0a</data></write>
    <read><delim>: </delim><match><data>Enter the amount: </data></match></read>
    <write><data>6.06\x0a</data></write>
    <read><delim>: </delim><match><data>Enter the cost per unit: </data></match></read>
    <write><data>1.43\x0a</data></write>
    <read><delim>: </delim><match><data>Enter the type \x28oz\x2fgram\x29:</data></match></read>
    <write><data>gram\x0a</data></write>
    <read><delim>\x0a</delim><match><data>Enter ingredient name or a \x22done\x22 to quit.\x0a</data></match></read>
    <read><delim>: </delim><match><data>: </data></match></read>
    <write><data>done\x0a</data></write>
    <read><delim>: </delim><match><data>Enter Instruction: </data></match></read>
    <write><data>k5oKjx1ePfTtCpvPuLN1\x0a</data></write>
    <read><delim>: </delim><match><data>Enter Instruction: </data></match></read>
    <write><data>l8qmMgWQmKaJ\x0a</data></write>
    <read><delim>: </delim><match><data>Enter Instruction: </data></match></read>
    <write><data>PJlKwYKr4VMkF\x0a</data></write>
    <read><delim>: </delim><match><data>Enter Instruction: </data></match></read>
    <write><data>WGrqNLtJAj\x0a</data></write>
    <read><delim>: </delim><match><data>Enter Instruction: </data></match></read>
    <write><data>FZMyB2al6Et0EtlbIBx\x0a</data></write>
    <read><delim>: </delim><match><data>Enter Instruction: </data></match></read>
    <write><data>Fnm7xoh58oCA0evJJ\x0a</data></write>
    <read><delim>: </delim><match><data>Enter Instruction: </data></match></read>
    <write><data>done\x0a</data></write>
    <read><delim>\x0a</delim><match><data>1\x29 Add Recipe\x0a</data></match></read>
    <read><delim>\x0a</delim><match><data>2\x29 Remove Recipe\x0a</data></match></read>
    <read><delim>\x0a</delim><match><data>3\x29 List Recipe\x0a</data></match></read>
    <read><delim>\x0a</delim><match><data>4\x29 List All\x0a</data></match></read>
    <read><delim>\x0a</delim><match><data>5\x29 Print Name\x0a</data></match></read>
    <read><delim>\x0a</delim><match><data>6\x29 Recipe Costs\x0a</data></match></read>
    <read><delim>\x0a</delim><match><data>7\x29 Leave Menu\x0a</data></match></read>
    <read><delim>\x2d\x3e </delim><match><data>\x2d\x3e </data></match></read>
    <write><data>1\x0a</data></write>
    <read><delim>: </delim><match><data>Enter recipe name: </data></match></read>
    <write><data>Mf5a7TCO\x0a</data></write>
    <read><delim>\x0a</delim><match><data>Enter ingredient name or a \x22done\x22 to quit.\x0a</data></match></read>
    <read><delim>: </delim><match><data>: </data></match></read>
    <write><data>3SDZdHDsBm\x0a</data></write>
    <read><delim>: </delim><match><data>Enter the amount: </data></match></read>
    <write><data>4.97\x0a</data></write>
    <read><delim>: </delim><match><data>Enter the cost per unit: </data></match></read>
    <write><data>6.68\x0a</data></write>
    <read><delim>: </delim><match><data>Enter the type \x28oz\x2fgram\x29:</data></match></read>
    <write><data>gram\x0a</data></write>
    <read><delim>\x0a</delim><match><data>Enter ingredient name or a \x22done\x22 to quit.\x0a</data></match></read>
    <read><delim>: </delim><match><data>: </data></match></read>
    <write><data>P1XOf4C2A\x0a</data></write>
    <read><delim>: </delim><match><data>Enter the amount: </data></match></read>
    <write><data>2.56\x0a</data></write>
    <read><delim>: </delim><match><data>Enter the cost per unit: </data></match></read>
    <write><data>6.36\x0a</data></write>
    <read><delim>: </delim><match><data>Enter the type \x28oz\x2fgram\x29:</data></match></read>
    <write><data>oz\x0a</data></write>
    <read><delim>\x0a</delim><match><data>Enter ingredient name or a \x22done\x22 to quit.\x0a</data></match></read>
    <read><delim>: </delim><match><data>: </data></match></read>
    <write><data>b6JXB0OZwA\x0a</data></write>
    <read><delim>: </delim><match><data>Enter the amount: </data></match></read>
    <write><data>4.20\x0a</data></write>
    <read><delim>: </delim><match><data>Enter the cost per unit: </data></match></read>
    <write><data>3.89\x0a</data></write>
    <read><delim>: </delim><match><data>Enter the type \x28oz\x2fgram\x29:</data></match></read>
    <write><data>oz\x0a</data></write>
    <read><delim>\x0a</delim><match><data>Enter ingredient name or a \x22done\x22 to quit.\x0a</data></match></read>
    <read><delim>: </delim><match><data>: </data></match></read>
    <write><data>achTKctNKl\x0a</data></write>
    <read><delim>: </delim><match><data>Enter the amount: </data></match></read>
    <write><data>0.22\x0a</data></write>
    <read><delim>: </delim><match><data>Enter the cost per unit: </data></match></read>
    <write><data>9.94\x0a</data></write>
    <read><delim>: </delim><match><data>Enter the type \x28oz\x2fgram\x29:</data></match></read>
    <write><data>oz\x0a</data></write>
    <read><delim>\x0a</delim><match><data>Enter ingredient name or a \x22done\x22 to quit.\x0a</data></match></read>
    <read><delim>: </delim><match><data>: </data></match></read>
    <write><data>done\x0a</data></write>
    <read><delim>: </delim><match><data>Enter Instruction: </data></match></read>
    <write><data>rqjPOJRExE9W4Zyn\x0a</data></write>
    <read><delim>: </delim><match><data>Enter Instruction: </data></match></read>
    <write><data>4j5dtl72xHl2\x0a</data></write>
    <read><delim>: </delim><match><data>Enter Instruction: </data></match></read>
    <write><data>1CPgXcInW9\x0a</data></write>
    <read><delim>: </delim><match><data>Enter Instruction: </data></match></read>
    <write><data>27ihFSj16VwqS\x0a</data></write>
    <read><delim>: </delim><match><data>Enter Instruction: </data></match></read>
    <write><data>7mm0gQgydhq55\x0a</data></write>
    <read><delim>: </delim><match><data>Enter Instruction: </data></match></read>
    <write><data>done\x0a</data></write>
    <read><delim>\x0a</delim><match><data>1\x29 Add Recipe\x0a</data></match></read>
    <read><delim>\x0a</delim><match><data>2\x29 Remove Recipe\x0a</data></match></read>
    <read><delim>\x0a</delim><match><data>3\x29 List Recipe\x0a</data></match></read>
    <read><delim>\x0a</delim><match><data>4\x29 List All\x0a</data></match></read>
    <read><delim>\x0a</delim><match><data>5\x29 Print Name\x0a</data></match></read>
    <read><delim>\x0a</delim><match><data>6\x29 Recipe Costs\x0a</data></match></read>
    <read><delim>\x0a</delim><match><data>7\x29 Leave Menu\x0a</data></match></read>
    <read><delim>\x2d\x3e </delim><match><data>\x2d\x3e </data></match></read>
    <write><data>1\x0a</data></write>
    <read><delim>: </delim><match><data>Enter recipe name: </data></match></read>
    <write><data>5QUdyA\x0a</data></write>
    <read><delim>\x0a</delim><match><data>Enter ingredient name or a \x22done\x22 to quit.\x0a</data></match></read>
    <read><delim>: </delim><match><data>: </data></match></read>
    <write><data>aIpElPtP\x0a</data></write>
    <read><delim>: </delim><match><data>Enter the amount: </data></match></read>
    <write><data>7.88\x0a</data></write>
    <read><delim>: </delim><match><data>Enter the cost per unit: </data></match></read>
    <write><data>3.09\x0a</data></write>
    <read><delim>: </delim><match><data>Enter the type \x28oz\x2fgram\x29:</data></match></read>
    <write><data>gram\x0a</data></write>
    <read><delim>\x0a</delim><match><data>Enter ingredient name or a \x22done\x22 to quit.\x0a</data></match></read>
    <read><delim>: </delim><match><data>: </data></match></read>
    <write><data>yZT1n5P\x0a</data></write>
    <read><delim>: </delim><match><data>Enter the amount: </data></match></read>
    <write><data>0.55\x0a</data></write>
    <read><delim>: </delim><match><data>Enter the cost per unit: </data></match></read>
    <write><data>2.91\x0a</data></write>
    <read><delim>: </delim><match><data>Enter the type \x28oz\x2fgram\x29:</data></match></read>
    <write><data>gram\x0a</data></write>
    <read><delim>\x0a</delim><match><data>Enter ingredient name or a \x22done\x22 to quit.\x0a</data></match></read>
    <read><delim>: </delim><match><data>: </data></match></read>
    <write><data>achTKctNKl\x0a</data></write>
    <read><delim>: </delim><match><data>Enter the amount: </data></match></read>
    <write><data>9.52\x0a</data></write>
    <read><delim>: </delim><match><data>Enter the cost per unit: </data></match></read>
    <write><data>2.23\x0a</data></write>
    <read><delim>: </delim><match><data>Enter the type \x28oz\x2fgram\x29:</data></match></read>
    <write><data>gram\x0a</data></write>
    <read><delim>\x0a</delim><match><data>Enter ingredient name or a \x22done\x22 to quit.\x0a</data></match></read>
    <read><delim>: </delim><match><data>: </data></match></read>
    <write><data>LhP8ZULX8\x0a</data></write>
    <read><delim>: </delim><match><data>Enter the amount: </data></match></read>
    <write><data>6.09\x0a</data></write>
    <read><delim>: </delim><match><data>Enter the cost per unit: </data></match></read>
    <write><data>4.37\x0a</data></write>
    <read><delim>: </delim><match><data>Enter the type \x28oz\x2fgram\x29:</data></match></read>
    <write><data>gram\x0a</data></write>
    <read><delim>\x0a</delim><match><data>Enter ingredient name or a \x22done\x22 to quit.\x0a</data></match></read>
    <read><delim>: </delim><match><data>: </data></match></read>
    <write><data>done\x0a</data></write>
    <read><delim>: </delim><match><data>Enter Instruction: </data></match></read>
    <write><data>qFpWAZtAZWwxJQBB\x0a</data></write>
    <read><delim>: </delim><match><data>Enter Instruction: </data></match></read>
    <write><data>gmEIcPqPYENtgU7qoXGw\x0a</data></write>
    <read><delim>: </delim><match><data>Enter Instruction: </data></match></read>
    <write><data>qW3TBXQreKTu9g76wU\x0a</data></write>
    <read><delim>: </delim><match><data>Enter Instruction: </data></match></read>
    <write><data>u4onRMQrh5f6pDQ6jNJ\x0a</data></write>
    <read><delim>: </delim><match><data>Enter Instruction: </data></match></read>
    <write><data>5pBoXNlj9yhj18mwWlA\x0a</data></write>
    <read><delim>: </delim><match><data>Enter Instruction: </data></match></read>
    <write><data>done\x0a</data></write>
    <read><delim>\x0a</delim><match><data>1\x29 Add Recipe\x0a</data></match></read>
    <read><delim>\x0a</delim><match><data>2\x29 Remove Recipe\x0a</data></match></read>
    <read><delim>\x0a</delim><match><data>3\x29 List Recipe\x0a</data></match></read>
    <read><delim>\x0a</delim><match><data>4\x29 List All\x0a</data></match></read>
    <read><delim>\x0a</delim><match><data>5\x29 Print Name\x0a</data></match></read>
    <read><delim>\x0a</delim><match><data>6\x29 Recipe Costs\x0a</data></match></read>
    <read><delim>\x0a</delim><match><data>7\x29 Leave Menu\x0a</data></match></read>
    <read><delim>\x2d\x3e </delim><match><data>\x2d\x3e </data></match></read>
    <write><data>1\x0a</data></write>
    <read><delim>: </delim><match><data>Enter recipe name: </data></match></read>
    <write><data>Rb38jL\x0a</data></write>
    <read><delim>\x0a</delim><match><data>Enter ingredient name or a \x22done\x22 to quit.\x0a</data></match></read>
    <read><delim>: </delim><match><data>: </data></match></read>
    <write><data>tXSa2FRpSB\x0a</data></write>
    <read><delim>: </delim><match><data>Enter the amount: </data></match></read>
    <write><data>7.23\x0a</data></write>
    <read><delim>: </delim><match><data>Enter the cost per unit: </data></match></read>
    <write><data>6.67\x0a</data></write>
    <read><delim>: </delim><match><data>Enter the type \x28oz\x2fgram\x29:</data></match></read>
    <write><data>gram\x0a</data></write>
    <read><delim>\x0a</delim><match><data>Enter ingredient name or a \x22done\x22 to quit.\x0a</data></match></read>
    <read><delim>: </delim><match><data>: </data></match></read>
    <write><data>P1XOf4C2A\x0a</data></write>
    <read><delim>: </delim><match><data>Enter the amount: </data></match></read>
    <write><data>4.46\x0a</data></write>
    <read><delim>: </delim><match><data>Enter the cost per unit: </data></match></read>
    <write><data>8.01\x0a</data></write>
    <read><delim>: </delim><match><data>Enter the type \x28oz\x2fgram\x29:</data></match></read>
    <write><data>oz\x0a</data></write>
    <read><delim>\x0a</delim><match><data>Enter ingredient name or a \x22done\x22 to quit.\x0a</data></match></read>
    <read><delim>: </delim><match><data>: </data></match></read>
    <write><data>done\x0a</data></write>
    <read><delim>: </delim><match><data>Enter Instruction: </data></match></read>
    <write><data>TEUh9R7Kv7Q\x0a</data></write>
    <read><delim>: </delim><match><data>Enter Instruction: </data></match></read>
    <write><data>QUYvxg0WlBi\x0a</data></write>
    <read><delim>: </delim><match><data>Enter Instruction: </data></match></read>
    <write><data>KLrgJh0dHFlueB0TISpW\x0a</data></write>
    <read><delim>: </delim><match><data>Enter Instruction: </data></match></read>
    <write><data>jheTYuRq5UfTiPp5\x0a</data></write>
    <read><delim>: </delim><match><data>Enter Instruction: </data></match></read>
    <write><data>nrkykfKeCfl2P6b\x0a</data></write>
    <read><delim>: </delim><match><data>Enter Instruction: </data></match></read>
    <write><data>mmZ4EeGiWEJdii83W\x0a</data></write>
    <read><delim>: </delim><match><data>Enter Instruction: </data></match></read>
    <write><data>done\x0a</data></write>
    <read><delim>\x0a</delim><match><data>1\x29 Add Recipe\x0a</data></match></read>
    <read><delim>\x0a</delim><match><data>2\x29 Remove Recipe\x0a</data></match></read>
    <read><delim>\x0a</delim><match><data>3\x29 List Recipe\x0a</data></match></read>
    <read><delim>\x0a</delim><match><data>4\x29 List All\x0a</data></match></read>
    <read><delim>\x0a</delim><match><data>5\x29 Print Name\x0a</data></match></read>
    <read><delim>\x0a</delim><match><data>6\x29 Recipe Costs\x0a</data></match></read>
    <read><delim>\x0a</delim><match><data>7\x29 Leave Menu\x0a</data></match></read>
    <read><delim>\x2d\x3e </delim><match><data>\x2d\x3e </data></match></read>
    <write><data>7\x0a</data></write>
    <read><delim>\x0a</delim><match><data>Leave\x0a</data></match></read>
    <read><delim>\x0a</delim><match><data>1\x29 Recipe Menu\x0a</data></match></read>
    <read><delim>\x0a</delim><match><data>2\x29 Pantry Menu\x0a</data></match></read>
    <read><delim>\x0a</delim><match><data>3\x29 Query Recipe\x0a</data></match></read>
    <read><delim>\x0a</delim><match><data>4\x29 Quit\x0a</data></match></read>
    <read><delim> </delim><match><data>\x2d\x3e </data></match></read>
    <write><data>1\x0a</data></write>
    <read><delim>\x0a</delim><match><data>1\x29 Add Recipe\x0a</data></match></read>
    <read><delim>\x0a</delim><match><data>2\x29 Remove Recipe\x0a</data></match></read>
    <read><delim>\x0a</delim><match><data>3\x29 List Recipe\x0a</data></match></read>
    <read><delim>\x0a</delim><match><data>4\x29 List All\x0a</data></match></read>
    <read><delim>\x0a</delim><match><data>5\x29 Print Name\x0a</data></match></read>
    <read><delim>\x0a</delim><match><data>6\x29 Recipe Costs\x0a</data></match></read>
    <read><delim>\x0a</delim><match><data>7\x29 Leave Menu\x0a</data></match></read>
    <read><delim>\x2d\x3e </delim><match><data>\x2d\x3e </data></match></read>
    <write><data>2\x0a</data></write>
    <read><delim>\x0a</delim><match><data>Index: 1\x0a</data></match></read>
    <read><delim>\x0a</delim><match><data>Name: vgUVD\x0a</data></match></read>
    <read><delim>\x0a</delim><match><data>Ingredients:\x0a</data></match></read>
    <read><delim>\x0a</delim><match><data>\x096.060000 g\x09yZT1n5P\x0a</data></match></read>
    <read><delim>\x0a</delim><match><data>\x096.730000 oz\x09I8ICU\x0a</data></match></read>
    <read><delim>\x0a</delim><match><data>\x0a</data></match></read>
    <read><delim>\x0a</delim><match><data>Instructions:\x0a</data></match></read>
    <read><delim>\x0a</delim><match><data>\x091\x29 k5oKjx1ePfTtCpvPuLN1\x0a</data></match></read>
    <read><delim>\x0a</delim><match><data>\x092\x29 l8qmMgWQmKaJ\x0a</data></match></read>
    <read><delim>\x0a</delim><match><data>\x093\x29 PJlKwYKr4VMkF\x0a</data></match></read>
    <read><delim>\x0a</delim><match><data>\x094\x29 WGrqNLtJAj\x0a</data></match></read>
    <read><delim>\x0a</delim><match><data>\x095\x29 FZMyB2al6Et0EtlbIBx\x0a</data></match></read>
    <read><delim>\x0a</delim><match><data>\x096\x29 Fnm7xoh58oCA0evJJ\x0a</data></match></read>
    <read><delim>\x0a\x0a</delim><match><data>\x0a\x0a</data></match></read>
    <read><delim>\x0a</delim><match><data>Index: 2\x0a</data></match></read>
    <read><delim>\x0a</delim><match><data>Name: Mf5a7TCO\x0a</data></match></read>
    <read><delim>\x0a</delim><match><data>Ingredients:\x0a</data></match></read>
    <read><delim>\x0a</delim><match><data>\x090.220000 oz\x09achTKctNKl\x0a</data></match></read>
    <read><delim>\x0a</delim><match><data>\x094.200000 oz\x09b6JXB0OZwA\x0a</data></match></read>
    <read><delim>\x0a</delim><match><data>\x092.560000 oz\x09P1XOf4C2A\x0a</data></match></read>
    <read><delim>\x0a</delim><match><data>\x094.970000 g\x093SDZdHDsBm\x0a</data></match></read>
    <read><delim>\x0a</delim><match><data>\x0a</data></match></read>
    <read><delim>\x0a</delim><match><data>Instructions:\x0a</data></match></read>
    <read><delim>\x0a</delim><match><data>\x091\x29 rqjPOJRExE9W4Zyn\x0a</data></match></read>
    <read><delim>\x0a</delim><match><data>\x092\x29 4j5dtl72xHl2\x0a</data></match></read>
    <read><delim>\x0a</delim><match><data>\x093\x29 1CPgXcInW9\x0a</data></match></read>
    <read><delim>\x0a</delim><match><data>\x094\x29 27ihFSj16VwqS\x0a</data></match></read>
    <read><delim>\x0a</delim><match><data>\x095\x29 7mm0gQgydhq55\x0a</data></match></read>
    <read><delim>\x0a\x0a</delim><match><data>\x0a\x0a</data></match></read>
    <read><delim>\x0a</delim><match><data>Index: 3\x0a</data></match></read>
    <read><delim>\x0a</delim><match><data>Name: 5QUdyA\x0a</data></match></read>
    <read><delim>\x0a</delim><match><data>Ingredients:\x0a</data></match></read>
    <read><delim>\x0a</delim><match><data>\x096.090000 g\x09LhP8ZULX8\x0a</data></match></read>
    <read><delim>\x0a</delim><match><data>\x099.520000 g\x09achTKctNKl\x0a</data></match></read>
    <read><delim>\x0a</delim><match><data>\x090.550000 g\x09yZT1n5P\x0a</data></match></read>
    <read><delim>\x0a</delim><match><data>\x097.880000 g\x09aIpElPtP\x0a</data></match></read>
    <read><delim>\x0a</delim><match><data>\x0a</data></match></read>
    <read><delim>\x0a</delim><match><data>Instructions:\x0a</data></match></read>
    <read><delim>\x0a</delim><match><data>\x091\x29 qFpWAZtAZWwxJQBB\x0a</data></match></read>
    <read><delim>\x0a</delim><match><data>\x092\x29 gmEIcPqPYENtgU7qoXGw\x0a</data></match></read>
    <read><delim>\x0a</delim><match><data>\x093\x29 qW3TBXQreKTu9g76wU\x0a</data></match></read>
    <read><delim>\x0a</delim><match><data>\x094\x29 u4onRMQrh5f6pDQ6jNJ\x0a</data></match></read>
    <read><delim>\x0a</delim><match><data>\x095\x29 5pBoXNlj9yhj18mwWlA\x0a</data></match></read>
    <read><delim>\x0a\x0a</delim><match><data>\x0a\x0a</data></match></read>
    <read><delim>\x0a</delim><match><data>Index: 4\x0a</data></match></read>
    <read><delim>\x0a</delim><match><data>Name: Rb38jL\x0a</data></match></read>
    <read><delim>\x0a</delim><match><data>Ingredients:\x0a</data></match></read>
    <read><delim>\x0a</delim><match><data>\x094.460000 oz\x09P1XOf4C2A\x0a</data></match></read>
    <read><delim>\x0a</delim><match><data>\x097.230000 g\x09tXSa2FRpSB\x0a</data></match></read>
    <read><delim>\x0a</delim><match><data>\x0a</data></match></read>
    <read><delim>\x0a</delim><match><data>Instructions:\x0a</data></match></read>
    <read><delim>\x0a</delim><match><data>\x091\x29 TEUh9R7Kv7Q\x0a</data></match></read>
    <read><delim>\x0a</delim><match><data>\x092\x29 QUYvxg0WlBi\x0a</data></match></read>
    <read><delim>\x0a</delim><match><data>\x093\x29 KLrgJh0dHFlueB0TISpW\x0a</data></match></read>
    <read><delim>\x0a</delim><match><data>\x094\x29 jheTYuRq5UfTiPp5\x0a</data></match></read>
    <read><delim>\x0a</delim><match><data>\x095\x29 nrkykfKeCfl2P6b\x0a</data></match></read>
    <read><delim>\x0a</delim><match><data>\x096\x29 mmZ4EeGiWEJdii83W\x0a</data></match></read>
    <read><delim>\x0a\x0a</delim><match><data>\x0a\x0a</data></match></read>
    <read><delim>: </delim><match><data>Recipe Index \x5b1..512\x5d: </data></match></read>
    <write><data>2\x0a</data></write>
    <read><delim>\x0a</delim><match><data>1\x29 Add Recipe\x0a</data></match></read>
    <read><delim>\x0a</delim><match><data>2\x29 Remove Recipe\x0a</data></match></read>
    <read><delim>\x0a</delim><match><data>3\x29 List Recipe\x0a</data></match></read>
    <read><delim>\x0a</delim><match><data>4\x29 List All\x0a</data></match></read>
    <read><delim>\x0a</delim><match><data>5\x29 Print Name\x0a</data></match></read>
    <read><delim>\x0a</delim><match><data>6\x29 Recipe Costs\x0a</data></match></read>
    <read><delim>\x0a</delim><match><data>7\x29 Leave Menu\x0a</data></match></read>
    <read><delim>\x2d\x3e </delim><match><data>\x2d\x3e </data></match></read>
    <write><data>6\x0a</data></write>
    <read><delim>\x0a</delim><match><data>Recipe Costs:\x0a</data></match></read>
    <read><delim>\x0a</delim><match><data>\x091\x29 vgUVD \x2d \x2427.24060\x0a</data></match></read>
    <read><delim>\x0a</delim><match><data>\x093\x29 5QUdyA \x2d \x2473.79260\x0a</data></match></read>
    <read><delim>\x0a</delim><match><data>\x094\x29 Rb38jL \x2d \x2483.94870\x0a</data></match></read>
    <read><delim>\x0a</delim><match><data>1\x29 Add Recipe\x0a</data></match></read>
    <read><delim>\x0a</delim><match><data>2\x29 Remove Recipe\x0a</data></match></read>
    <read><delim>\x0a</delim><match><data>3\x29 List Recipe\x0a</data></match></read>
    <read><delim>\x0a</delim><match><data>4\x29 List All\x0a</data></match></read>
    <read><delim>\x0a</delim><match><data>5\x29 Print Name\x0a</data></match></read>
    <read><delim>\x0a</delim><match><data>6\x29 Recipe Costs\x0a</data></match></read>
    <read><delim>\x0a</delim><match><data>7\x29 Leave Menu\x0a</data></match></read>
    <read><delim>\x2d\x3e </delim><match><data>\x2d\x3e </data></match></read>
    <write><data>3\x0a</data></write>
    <read><delim>: </delim><match><data>Recipe Index \x5b1..512\x5d: </data></match></read>
    <write><data>4\x0a</data></write>
    <read><delim>\x0a</delim><match><data>Name: Rb38jL\x0a</data></match></read>
    <read><delim>\x0a</delim><match><data>Ingredients:\x0a</data></match></read>
    <read><delim>\x0a</delim><match><data>\x094.460000 oz\x09P1XOf4C2A\x0a</data></match></read>
    <read><delim>\x0a</delim><match><data>\x097.230000 g\x09tXSa2FRpSB\x0a</data></match></read>
    <read><delim>\x0a</delim><match><data>\x0a</data></match></read>
    <read><delim>\x0a</delim><match><data>Instructions:\x0a</data></match></read>
    <read><delim>\x0a</delim><match><data>\x091\x29 TEUh9R7Kv7Q\x0a</data></match></read>
    <read><delim>\x0a</delim><match><data>\x092\x29 QUYvxg0WlBi\x0a</data></match></read>
    <read><delim>\x0a</delim><match><data>\x093\x29 KLrgJh0dHFlueB0TISpW\x0a</data></match></read>
    <read><delim>\x0a</delim><match><data>\x094\x29 jheTYuRq5UfTiPp5\x0a</data></match></read>
    <read><delim>\x0a</delim><match><data>\x095\x29 nrkykfKeCfl2P6b\x0a</data></match></read>
    <read><delim>\x0a</delim><match><data>\x096\x29 mmZ4EeGiWEJdii83W\x0a</data></match></read>
    <read><delim>\x0a\x0a</delim><match><data>\x0a\x0a</data></match></read>
    <read><delim>\x0a</delim><match><data>1\x29 Add Recipe\x0a</data></match></read>
    <read><delim>\x0a</delim><match><data>2\x29 Remove Recipe\x0a</data></match></read>
    <read><delim>\x0a</delim><match><data>3\x29 List Recipe\x0a</data></match></read>
    <read><delim>\x0a</delim><match><data>4\x29 List All\x0a</data></match></read>
    <read><delim>\x0a</delim><match><data>5\x29 Print Name\x0a</data></match></read>
    <read><delim>\x0a</delim><match><data>6\x29 Recipe Costs\x0a</data></match></read>
    <read><delim>\x0a</delim><match><data>7\x29 Leave Menu\x0a</data></match></read>
    <read><delim>\x2d\x3e </delim><match><data>\x2d\x3e </data></match></read>
    <write><data>2\x0a</data></write>
    <read><delim>\x0a</delim><match><data>Index: 1\x0a</data></match></read>
    <read><delim>\x0a</delim><match><data>Name: vgUVD\x0a</data></match></read>
    <read><delim>\x0a</delim><match><data>Ingredients:\x0a</data></match></read>
    <read><delim>\x0a</delim><match><data>\x096.060000 g\x09yZT1n5P\x0a</data></match></read>
    <read><delim>\x0a</delim><match><data>\x096.730000 oz\x09I8ICU\x0a</data></match></read>
    <read><delim>\x0a</delim><match><data>\x0a</data></match></read>
    <read><delim>\x0a</delim><match><data>Instructions:\x0a</data></match></read>
    <read><delim>\x0a</delim><match><data>\x091\x29 k5oKjx1ePfTtCpvPuLN1\x0a</data></match></read>
    <read><delim>\x0a</delim><match><data>\x092\x29 l8qmMgWQmKaJ\x0a</data></match></read>
    <read><delim>\x0a</delim><match><data>\x093\x29 PJlKwYKr4VMkF\x0a</data></match></read>
    <read><delim>\x0a</delim><match><data>\x094\x29 WGrqNLtJAj\x0a</data></match></read>
    <read><delim>\x0a</delim><match><data>\x095\x29 FZMyB2al6Et0EtlbIBx\x0a</data></match></read>
    <read><delim>\x0a</delim><match><data>\x096\x29 Fnm7xoh58oCA0evJJ\x0a</data></match></read>
    <read><delim>\x0a\x0a</delim><match><data>\x0a\x0a</data></match></read>
    <read><delim>\x0a</delim><match><data>Index: 3\x0a</data></match></read>
    <read><delim>\x0a</delim><match><data>Name: 5QUdyA\x0a</data></match></read>
    <read><delim>\x0a</delim><match><data>Ingredients:\x0a</data></match></read>
    <read><delim>\x0a</delim><match><data>\x096.090000 g\x09LhP8ZULX8\x0a</data></match></read>
    <read><delim>\x0a</delim><match><data>\x099.520000 g\x09achTKctNKl\x0a</data></match></read>
    <read><delim>\x0a</delim><match><data>\x090.550000 g\x09yZT1n5P\x0a</data></match></read>
    <read><delim>\x0a</delim><match><data>\x097.880000 g\x09aIpElPtP\x0a</data></match></read>
    <read><delim>\x0a</delim><match><data>\x0a</data></match></read>
    <read><delim>\x0a</delim><match><data>Instructions:\x0a</data></match></read>
    <read><delim>\x0a</delim><match><data>\x091\x29 qFpWAZtAZWwxJQBB\x0a</data></match></read>
    <read><delim>\x0a</delim><match><data>\x092\x29 gmEIcPqPYENtgU7qoXGw\x0a</data></match></read>
    <read><delim>\x0a</delim><match><data>\x093\x29 qW3TBXQreKTu9g76wU\x0a</data></match></read>
    <read><delim>\x0a</delim><match><data>\x094\x29 u4onRMQrh5f6pDQ6jNJ\x0a</data></match></read>
    <read><delim>\x0a</delim><match><data>\x095\x29 5pBoXNlj9yhj18mwWlA\x0a</data></match></read>
    <read><delim>\x0a\x0a</delim><match><data>\x0a\x0a</data></match></read>
    <read><delim>\x0a</delim><match><data>Index: 4\x0a</data></match></read>
    <read><delim>\x0a</delim><match><data>Name: Rb38jL\x0a</data></match></read>
    <read><delim>\x0a</delim><match><data>Ingredients:\x0a</data></match></read>
    <read><delim>\x0a</delim><match><data>\x094.460000 oz\x09P1XOf4C2A\x0a</data></match></read>
    <read><delim>\x0a</delim><match><data>\x097.230000 g\x09tXSa2FRpSB\x0a</data></match></read>
    <read><delim>\x0a</delim><match><data>\x0a</data></match></read>
    <read><delim>\x0a</delim><match><data>Instructions:\x0a</data></match></read>
    <read><delim>\x0a</delim><match><data>\x091\x29 TEUh9R7Kv7Q\x0a</data></match></read>
    <read><delim>\x0a</delim><match><data>\x092\x29 QUYvxg0WlBi\x0a</data></match></read>
    <read><delim>\x0a</delim><match><data>\x093\x29 KLrgJh0dHFlueB0TISpW\x0a</data></match></read>
    <read><delim>\x0a</delim><match><data>\x094\x29 jheTYuRq5UfTiPp5\x0a</data></match></read>
    <read><delim>\x0a</delim><match><data>\x095\x29 nrkykfKeCfl2P6b\x0a</data></match></read>
    <read><delim>\x0a</delim><match><data>\x096\x29 mmZ4EeGiWEJdii83W\x0a</data></match></read>
    <read><delim>\x0a\x0a</delim><match><data>\x0a\x0a</data></match></read>
    <read><delim>: </delim><match><data>Recipe Index \x5b1..512\x5d: </data></match></read>
    <write><data>3\x0a</data></write>
    <read><delim>\x0a</delim><match><data>1\x29 Add Recipe\x0a</data></match></read>
    <read><delim>\x0a</delim><match><data>2\x29 Remove Recipe\x0a</data></match></read>
    <read><delim>\x0a</delim><match><data>3\x29 List Recipe\x0a</data></match></read>
    <read><delim>\x0a</delim><match><data>4\x29 List All\x0a</data></match></read>
    <read><delim>\x0a</delim><match><data>5\x29 Print Name\x0a</data></match></read>
    <read><delim>\x0a</delim><match><data>6\x29 Recipe Costs\x0a</data></match></read>
    <read><delim>\x0a</delim><match><data>7\x29 Leave Menu\x0a</data></match></read>
    <read><delim>\x2d\x3e </delim><match><data>\x2d\x3e </data></match></read>
    <write><data>3\x0a</data></write>
    <read><delim>: </delim><match><data>Recipe Index \x5b1..512\x5d: </data></match></read>
    <write><data>4\x0a</data></write>
    <read><delim>\x0a</delim><match><data>Name: Rb38jL\x0a</data></match></read>
    <read><delim>\x0a</delim><match><data>Ingredients:\x0a</data></match></read>
    <read><delim>\x0a</delim><match><data>\x094.460000 oz\x09P1XOf4C2A\x0a</data></match></read>
    <read><delim>\x0a</delim><match><data>\x097.230000 g\x09tXSa2FRpSB\x0a</data></match></read>
    <read><delim>\x0a</delim><match><data>\x0a</data></match></read>
    <read><delim>\x0a</delim><match><data>Instructions:\x0a</data></match></read>
    <read><delim>\x0a</delim><match><data>\x091\x29 TEUh9R7Kv7Q\x0a</data></match></read>
    <read><delim>\x0a</delim><match><data>\x092\x29 QUYvxg0WlBi\x0a</data></match></read>
    <read><delim>\x0a</delim><match><data>\x093\x29 KLrgJh0dHFlueB0TISpW\x0a</data></match></read>
    <read><delim>\x0a</delim><match><data>\x094\x29 jheTYuRq5UfTiPp5\x0a</data></match></read>
    <read><delim>\x0a</delim><match><data>\x095\x29 nrkykfKeCfl2P6b\x0a</data></match></read>
    <read><delim>\x0a</delim><match><data>\x096\x29 mmZ4EeGiWEJdii83W\x0a</data></match></read>
    <read><delim>\x0a\x0a</delim><match><data>\x0a\x0a</data></match></read>
    <read><delim>\x0a</delim><match><data>1\x29 Add Recipe\x0a</data></match></read>
    <read><delim>\x0a</delim><match><data>2\x29 Remove Recipe\x0a</data></match></read>
    <read><delim>\x0a</delim><match><data>3\x29 List Recipe\x0a</data></match></read>
    <read><delim>\x0a</delim><match><data>4\x29 List All\x0a</data></match></read>
    <read><delim>\x0a</delim><match><data>5\x29 Print Name\x0a</data></match></read>
    <read><delim>\x0a</delim><match><data>6\x29 Recipe Costs\x0a</data></match></read>
    <read><delim>\x0a</delim><match><data>7\x29 Leave Menu\x0a</data></match></read>
    <read><delim>\x2d\x3e </delim><match><data>\x2d\x3e </data></match></read>
    <write><data>5\x0a</data></write>
    <read><delim>: </delim><match><data>Recipe Index \x5b1..512\x5d: </data></match></read>
    <write><data>1\x0a</data></write>
    <read><delim>\x0a</delim><match><data>Single Name: vgUVD\x0a</data></match></read>
    <read><delim>\x0a</delim><match><data>1\x29 Add Recipe\x0a</data></match></read>
    <read><delim>\x0a</delim><match><data>2\x29 Remove Recipe\x0a</data></match></read>
    <read><delim>\x0a</delim><match><data>3\x29 List Recipe\x0a</data></match></read>
    <read><delim>\x0a</delim><match><data>4\x29 List All\x0a</data></match></read>
    <read><delim>\x0a</delim><match><data>5\x29 Print Name\x0a</data></match></read>
    <read><delim>\x0a</delim><match><data>6\x29 Recipe Costs\x0a</data></match></read>
    <read><delim>\x0a</delim><match><data>7\x29 Leave Menu\x0a</data></match></read>
    <read><delim>\x2d\x3e </delim><match><data>\x2d\x3e </data></match></read>
    <write><data>7\x0a</data></write>
    <read><delim>\x2d\x3e </delim></read>
    <write><data>4\x0a</data></write>
    <read><delim>\x0a</delim></read>
</replay>
</pov>