<?xml version="1.0" standalone="no" ?>
<!DOCTYPE pov SYSTEM "/usr/share/cgc-docs/replay.dtd">
<pov>
<cbid>service</cbid>
<seed>c6cabbc0b4898dc6c75e8ec1cc55b2ad14221b7cc131fdc8a244b8df05e5660480ee3a3980fffd0e93dd213003ede222</seed>
<replay>
    <read><delim>: </delim><match><data>Today: </data></match></read>
    <read><delim> </delim><match><data>Thu </data></match></read>
    <read><delim> </delim><match><data>Feb </data></match></read>
    <read><delim>\x0a\x0a</delim><match><data>01:37:22 2016\x0a\x0a</data></match></read>
    <read><delim>\x0a</delim><match><data>1\x29 Recipe Menu\x0a</data></match></read>
    <read><delim>\x0a</delim><match><data>2\x29 Pantry Menu\x0a</data></match></read>
    <read><delim>\x0a</delim><match><data>3\x29 Query Recipe\x0a</data></match></read>
    <read><delim>\x0a</delim><match><data>4\x29 Quit\x0a</data></match></read>
    <read><delim> </delim><match><data>\x2d\x3e </data></match></read>
    <write><data>2\x0a</data></write>
    <read><delim>\x0a</delim><match><data>1\x29 Create Pantry\x0a</data></match></read>
    <read><delim>\x0a</delim><match><data>2\x29 Delete Pantry\x0a</data></match></read>
    <read><delim>\x0a</delim><match><data>3\x29 Print Pantry\x0a</data></match></read>
    <read><delim>\x0a</delim><match><data>4\x29 Print All Pantries\x0a</data></match></read>
    <read><delim>\x0a</delim><match><data>5\x29 Update Pantry\x0a</data></match></read>
    <read><delim>\x0a</delim><match><data>6\x29 Leave Menu\x0a</data></match></read>
    <read><delim> </delim><match><data>\x2d\x3e </data></match></read>
    <write><data>1\x0a</data></write>
    <read><delim>: </delim><match><data>Enter pantry name: </data></match></read>
    <write><data>U1Ik6Uq6S\x0a</data></write>
    <read><delim>\x0a</delim><match><data>Enter ingredient name or a \x22done\x22 to quit.\x0a</data></match></read>
    <read><delim>: </delim><match><data>: </data></match></read>
    <write><data>MPUnF1\x0a</data></write>
    <read><delim>: </delim><match><data>Enter the amount: </data></match></read>
    <write><data>4.33\x0a</data></write>
    <read><delim>: </delim><match><data>Enter the cost per unit: </data></match></read>
    <write><data>9.49\x0a</data></write>
    <read><delim>: </delim><match><data>Enter the type \x28oz\x2fgram\x29:</data></match></read>
    <write><data>gram\x0a</data></write>
    <read><delim>\x0a</delim><match><data>Enter ingredient name or a \x22done\x22 to quit.\x0a</data></match></read>
    <read><delim>: </delim><match><data>: </data></match></read>
    <write><data>uz7141\x0a</data></write>
    <read><delim>: </delim><match><data>Enter the amount: </data></match></read>
    <write><data>3.01\x0a</data></write>
    <read><delim>: </delim><match><data>Enter the cost per unit: </data></match></read>
    <write><data>9.14\x0a</data></write>
    <read><delim>: </delim><match><data>Enter the type \x28oz\x2fgram\x29:</data></match></read>
    <write><data>oz\x0a</data></write>
    <read><delim>\x0a</delim><match><data>Enter ingredient name or a \x22done\x22 to quit.\x0a</data></match></read>
    <read><delim>: </delim><match><data>: </data></match></read>
    <write><data>cqnrRcR\x0a</data></write>
    <read><delim>: </delim><match><data>Enter the amount: </data></match></read>
    <write><data>4.85\x0a</data></write>
    <read><delim>: </delim><match><data>Enter the cost per unit: </data></match></read>
    <write><data>1.23\x0a</data></write>
    <read><delim>: </delim><match><data>Enter the type \x28oz\x2fgram\x29:</data></match></read>
    <write><data>oz\x0a</data></write>
    <read><delim>\x0a</delim><match><data>Enter ingredient name or a \x22done\x22 to quit.\x0a</data></match></read>
    <read><delim>: </delim><match><data>: </data></match></read>
    <write><data>3qkA2U6d\x0a</data></write>
    <read><delim>: </delim><match><data>Enter the amount: </data></match></read>
    <write><data>9.10\x0a</data></write>
    <read><delim>: </delim><match><data>Enter the cost per unit: </data></match></read>
    <write><data>4.96\x0a</data></write>
    <read><delim>: </delim><match><data>Enter the type \x28oz\x2fgram\x29:</data></match></read>
    <write><data>gram\x0a</data></write>
    <read><delim>\x0a</delim><match><data>Enter ingredient name or a \x22done\x22 to quit.\x0a</data></match></read>
    <read><delim>: </delim><match><data>: </data></match></read>
    <write><data>oCNaiqT\x0a</data></write>
    <read><delim>: </delim><match><data>Enter the amount: </data></match></read>
    <write><data>1.69\x0a</data></write>
    <read><delim>: </delim><match><data>Enter the cost per unit: </data></match></read>
    <write><data>7.24\x0a</data></write>
    <read><delim>: </delim><match><data>Enter the type \x28oz\x2fgram\x29:</data></match></read>
    <write><data>gram\x0a</data></write>
    <read><delim>\x0a</delim><match><data>Enter ingredient name or a \x22done\x22 to quit.\x0a</data></match></read>
    <read><delim>: </delim><match><data>: </data></match></read>
    <write><data>aOGMbJy\x0a</data></write>
    <read><delim>: </delim><match><data>Enter the amount: </data></match></read>
    <write><data>6.24\x0a</data></write>
    <read><delim>: </delim><match><data>Enter the cost per unit: </data></match></read>
    <write><data>9.38\x0a</data></write>
    <read><delim>: </delim><match><data>Enter the type \x28oz\x2fgram\x29:</data></match></read>
    <write><data>gram\x0a</data></write>
    <read><delim>\x0a</delim><match><data>Enter ingredient name or a \x22done\x22 to quit.\x0a</data></match></read>
    <read><delim>: </delim><match><data>: </data></match></read>
    <write><data>te9Av6l\x0a</data></write>
    <read><delim>: </delim><match><data>Enter the amount: </data></match></read>
    <write><data>1.18\x0a</data></write>
    <read><delim>: </delim><match><data>Enter the cost per unit: </data></match></read>
    <write><data>9.57\x0a</data></write>
    <read><delim>: </delim><match><data>Enter the type \x28oz\x2fgram\x29:</data></match></read>
    <write><data>oz\x0a</data></write>
    <read><delim>\x0a</delim><match><data>Enter ingredient name or a \x22done\x22 to quit.\x0a</data></match></read>
    <read><delim>: </delim><match><data>: </data></match></read>
    <write><data>u2qEA\x0a</data></write>
    <read><delim>: </delim><match><data>Enter the amount: </data></match></read>
    <write><data>3.78\x0a</data></write>
    <read><delim>: </delim><match><data>Enter the cost per unit: </data></match></read>
    <write><data>0.33\x0a</data></write>
    <read><delim>: </delim><match><data>Enter the type \x28oz\x2fgram\x29:</data></match></read>
    <write><data>oz\x0a</data></write>
    <read><delim>\x0a</delim><match><data>Enter ingredient name or a \x22done\x22 to quit.\x0a</data></match></read>
    <read><delim>: </delim><match><data>: </data></match></read>
    <write><data>c7y1P\x0a</data></write>
    <read><delim>: </delim><match><data>Enter the amount: </data></match></read>
    <write><data>1.36\x0a</data></write>
    <read><delim>: </delim><match><data>Enter the cost per unit: </data></match></read>
    <write><data>5.33\x0a</data></write>
    <read><delim>: </delim><match><data>Enter the type \x28oz\x2fgram\x29:</data></match></read>
    <write><data>gram\x0a</data></write>
    <read><delim>\x0a</delim><match><data>Enter ingredient name or a \x22done\x22 to quit.\x0a</data></match></read>
    <read><delim>: </delim><match><data>: </data></match></read>
    <write><data>JZHSWwTuT\x0a</data></write>
    <read><delim>: </delim><match><data>Enter the amount: </data></match></read>
    <write><data>2.26\x0a</data></write>
    <read><delim>: </delim><match><data>Enter the cost per unit: </data></match></read>
    <write><data>0.86\x0a</data></write>
    <read><delim>: </delim><match><data>Enter the type \x28oz\x2fgram\x29:</data></match></read>
    <write><data>gram\x0a</data></write>
    <read><delim>\x0a</delim><match><data>Enter ingredient name or a \x22done\x22 to quit.\x0a</data></match></read>
    <read><delim>: </delim><match><data>: </data></match></read>
    <write><data>GvqD2ee1Px\x0a</data></write>
    <read><delim>: </delim><match><data>Enter the amount: </data></match></read>
    <write><data>3.14\x0a</data></write>
    <read><delim>: </delim><match><data>Enter the cost per unit: </data></match></read>
    <write><data>1.43\x0a</data></write>
    <read><delim>: </delim><match><data>Enter the type \x28oz\x2fgram\x29:</data></match></read>
    <write><data>gram\x0a</data></write>
    <read><delim>\x0a</delim><match><data>Enter ingredient name or a \x22done\x22 to quit.\x0a</data></match></read>
    <read><delim>: </delim><match><data>: </data></match></read>
    <write><data>FrsL5UBy1\x0a</data></write>
    <read><delim>: </delim><match><data>Enter the amount: </data></match></read>
    <write><data>9.44\x0a</data></write>
    <read><delim>: </delim><match><data>Enter the cost per unit: </data></match></read>
    <write><data>3.72\x0a</data></write>
    <read><delim>: </delim><match><data>Enter the type \x28oz\x2fgram\x29:</data></match></read>
    <write><data>gram\x0a</data></write>
    <read><delim>\x0a</delim><match><data>Enter ingredient name or a \x22done\x22 to quit.\x0a</data></match></read>
    <read><delim>: </delim><match><data>: </data></match></read>
    <write><data>2D8xcmgj\x0a</data></write>
    <read><delim>: </delim><match><data>Enter the amount: </data></match></read>
    <write><data>9.17\x0a</data></write>
    <read><delim>: </delim><match><data>Enter the cost per unit: </data></match></read>
    <write><data>9.79\x0a</data></write>
    <read><delim>: </delim><match><data>Enter the type \x28oz\x2fgram\x29:</data></match></read>
    <write><data>gram\x0a</data></write>
    <read><delim>\x0a</delim><match><data>Enter ingredient name or a \x22done\x22 to quit.\x0a</data></match></read>
    <read><delim>: </delim><match><data>: </data></match></read>
    <write><data>done\x0a</data></write>
    <read><delim>\x0a</delim><match><data>1\x29 Create Pantry\x0a</data></match></read>
    <read><delim>\x0a</delim><match><data>2\x29 Delete Pantry\x0a</data></match></read>
    <read><delim>\x0a</delim><match><data>3\x29 Print Pantry\x0a</data></match></read>
    <read><delim>\x0a</delim><match><data>4\x29 Print All Pantries\x0a</data></match></read>
    <read><delim>\x0a</delim><match><data>5\x29 Update Pantry\x0a</data></match></read>
    <read><delim>\x0a</delim><match><data>6\x29 Leave Menu\x0a</data></match></read>
    <read><delim> </delim><match><data>\x2d\x3e </data></match></read>
    <write><data>1\x0a</data></write>
    <read><delim>: </delim><match><data>Enter pantry name: </data></match></read>
    <write><data>4s0dJ91hlcsR\x0a</data></write>
    <read><delim>\x0a</delim><match><data>Enter ingredient name or a \x22done\x22 to quit.\x0a</data></match></read>
    <read><delim>: </delim><match><data>: </data></match></read>
    <write><data>GZ87ZTN\x0a</data></write>
    <read><delim>: </delim><match><data>Enter the amount: </data></match></read>
    <write><data>7.02\x0a</data></write>
    <read><delim>: </delim><match><data>Enter the cost per unit: </data></match></read>
    <write><data>5.06\x0a</data></write>
    <read><delim>: </delim><match><data>Enter the type \x28oz\x2fgram\x29:</data></match></read>
    <write><data>gram\x0a</data></write>
    <read><delim>\x0a</delim><match><data>Enter ingredient name or a \x22done\x22 to quit.\x0a</data></match></read>
    <read><delim>: </delim><match><data>: </data></match></read>
    <write><data>VCQEmf\x0a</data></write>
    <read><delim>: </delim><match><data>Enter the amount: </data></match></read>
    <write><data>3.31\x0a</data></write>
    <read><delim>: </delim><match><data>Enter the cost per unit: </data></match></read>
    <write><data>0.59\x0a</data></write>
    <read><delim>: </delim><match><data>Enter the type \x28oz\x2fgram\x29:</data></match></read>
    <write><data>oz\x0a</data></write>
    <read><delim>\x0a</delim><match><data>Enter ingredient name or a \x22done\x22 to quit.\x0a</data></match></read>
    <read><delim>: </delim><match><data>: </data></match></read>
    <write><data>9kiagI\x0a</data></write>
    <read><delim>: </delim><match><data>Enter the amount: </data></match></read>
    <write><data>6.71\x0a</data></write>
    <read><delim>: </delim><match><data>Enter the cost per unit: </data></match></read>
    <write><data>2.64\x0a</data></write>
    <read><delim>: </delim><match><data>Enter the type \x28oz\x2fgram\x29:</data></match></read>
    <write><data>oz\x0a</data></write>
    <read><delim>\x0a</delim><match><data>Enter ingredient name or a \x22done\x22 to quit.\x0a</data></match></read>
    <read><delim>: </delim><match><data>: </data></match></read>
    <write><data>c7y1P\x0a</data></write>
    <read><delim>: </delim><match><data>Enter the amount: </data></match></read>
    <write><data>2.12\x0a</data></write>
    <read><delim>: </delim><match><data>Enter the cost per unit: </data></match></read>
    <write><data>5.43\x0a</data></write>
    <read><delim>: </delim><match><data>Enter the type \x28oz\x2fgram\x29:</data></match></read>
    <write><data>oz\x0a</data></write>
    <read><delim>\x0a</delim><match><data>Enter ingredient name or a \x22done\x22 to quit.\x0a</data></match></read>
    <read><delim>: </delim><match><data>: </data></match></read>
    <write><data>5hYxWzDp\x0a</data></write>
    <read><delim>: </delim><match><data>Enter the amount: </data></match></read>
    <write><data>3.46\x0a</data></write>
    <read><delim>: </delim><match><data>Enter the cost per unit: </data></match></read>
    <write><data>1.96\x0a</data></write>
    <read><delim>: </delim><match><data>Enter the type \x28oz\x2fgram\x29:</data></match></read>
    <write><data>gram\x0a</data></write>
    <read><delim>\x0a</delim><match><data>Enter ingredient name or a \x22done\x22 to quit.\x0a</data></match></read>
    <read><delim>: </delim><match><data>: </data></match></read>
    <write><data>FrsL5UBy1\x0a</data></write>
    <read><delim>: </delim><match><data>Enter the amount: </data></match></read>
    <write><data>0.31\x0a</data></write>
    <read><delim>: </delim><match><data>Enter the cost per unit: </data></match></read>
    <write><data>0.25\x0a</data></write>
    <read><delim>: </delim><match><data>Enter the type \x28oz\x2fgram\x29:</data></match></read>
    <write><data>gram\x0a</data></write>
    <read><delim>\x0a</delim><match><data>Enter ingredient name or a \x22done\x22 to quit.\x0a</data></match></read>
    <read><delim>: </delim><match><data>: </data></match></read>
    <write><data>oCNaiqT\x0a</data></write>
    <read><delim>: </delim><match><data>Enter the amount: </data></match></read>
    <write><data>4.98\x0a</data></write>
    <read><delim>: </delim><match><data>Enter the cost per unit: </data></match></read>
    <write><data>3.53\x0a</data></write>
    <read><delim>: </delim><match><data>Enter the type \x28oz\x2fgram\x29:</data></match></read>
    <write><data>gram\x0a</data></write>
    <read><delim>\x0a</delim><match><data>Enter ingredient name or a \x22done\x22 to quit.\x0a</data></match></read>
    <read><delim>: </delim><match><data>: </data></match></read>
    <write><data>ylsA8IXP\x0a</data></write>
    <read><delim>: </delim><match><data>Enter the amount: </data></match></read>
    <write><data>1.87\x0a</data></write>
    <read><delim>: </delim><match><data>Enter the cost per unit: </data></match></read>
    <write><data>0.84\x0a</data></write>
    <read><delim>: </delim><match><data>Enter the type \x28oz\x2fgram\x29:</data></match></read>
    <write><data>gram\x0a</data></write>
    <read><delim>\x0a</delim><match><data>Enter ingredient name or a \x22done\x22 to quit.\x0a</data></match></read>
    <read><delim>: </delim><match><data>: </data></match></read>
    <write><data>te9Av6l\x0a</data></write>
    <read><delim>: </delim><match><data>Enter the amount: </data></match></read>
    <write><data>6.96\x0a</data></write>
    <read><delim>: </delim><match><data>Enter the cost per unit: </data></match></read>
    <write><data>7.68\x0a</data></write>
    <read><delim>: </delim><match><data>Enter the type \x28oz\x2fgram\x29:</data></match></read>
    <write><data>oz\x0a</data></write>
    <read><delim>\x0a</delim><match><data>Enter ingredient name or a \x22done\x22 to quit.\x0a</data></match></read>
    <read><delim>: </delim><match><data>: </data></match></read>
    <write><data>uz7141\x0a</data></write>
    <read><delim>: </delim><match><data>Enter the amount: </data></match></read>
    <write><data>3.13\x0a</data></write>
    <read><delim>: </delim><match><data>Enter the cost per unit: </data></match></read>
    <write><data>2.53\x0a</data></write>
    <read><delim>: </delim><match><data>Enter the type \x28oz\x2fgram\x29:</data></match></read>
    <write><data>gram\x0a</data></write>
    <read><delim>\x0a</delim><match><data>Enter ingredient name or a \x22done\x22 to quit.\x0a</data></match></read>
    <read><delim>: </delim><match><data>: </data></match></read>
    <write><data>2D8xcmgj\x0a</data></write>
    <read><delim>: </delim><match><data>Enter the amount: </data></match></read>
    <write><data>7.65\x0a</data></write>
    <read><delim>: </delim><match><data>Enter the cost per unit: </data></match></read>
    <write><data>9.38\x0a</data></write>
    <read><delim>: </delim><match><data>Enter the type \x28oz\x2fgram\x29:</data></match></read>
    <write><data>gram\x0a</data></write>
    <read><delim>\x0a</delim><match><data>Enter ingredient name or a \x22done\x22 to quit.\x0a</data></match></read>
    <read><delim>: </delim><match><data>: </data></match></read>
    <write><data>MPUnF1\x0a</data></write>
    <read><delim>: </delim><match><data>Enter the amount: </data></match></read>
    <write><data>6.76\x0a</data></write>
    <read><delim>: </delim><match><data>Enter the cost per unit: </data></match></read>
    <write><data>9.74\x0a</data></write>
    <read><delim>: </delim><match><data>Enter the type \x28oz\x2fgram\x29:</data></match></read>
    <write><data>gram\x0a</data></write>
    <read><delim>\x0a</delim><match><data>Enter ingredient name or a \x22done\x22 to quit.\x0a</data></match></read>
    <read><delim>: </delim><match><data>: </data></match></read>
    <write><data>38x3KUZy4\x0a</data></write>
    <read><delim>: </delim><match><data>Enter the amount: </data></match></read>
    <write><data>9.97\x0a</data></write>
    <read><delim>: </delim><match><data>Enter the cost per unit: </data></match></read>
    <write><data>1.13\x0a</data></write>
    <read><delim>: </delim><match><data>Enter the type \x28oz\x2fgram\x29:</data></match></read>
    <write><data>gram\x0a</data></write>
    <read><delim>\x0a</delim><match><data>Enter ingredient name or a \x22done\x22 to quit.\x0a</data></match></read>
    <read><delim>: </delim><match><data>: </data></match></read>
    <write><data>aOGMbJy\x0a</data></write>
    <read><delim>: </delim><match><data>Enter the amount: </data></match></read>
    <write><data>1.79\x0a</data></write>
    <read><delim>: </delim><match><data>Enter the cost per unit: </data></match></read>
    <write><data>0.56\x0a</data></write>
    <read><delim>: </delim><match><data>Enter the type \x28oz\x2fgram\x29:</data></match></read>
    <write><data>oz\x0a</data></write>
    <read><delim>\x0a</delim><match><data>Enter ingredient name or a \x22done\x22 to quit.\x0a</data></match></read>
    <read><delim>: </delim><match><data>: </data></match></read>
    <write><data>GvqD2ee1Px\x0a</data></write>
    <read><delim>: </delim><match><data>Enter the amount: </data></match></read>
    <write><data>7.44\x0a</data></write>
    <read><delim>: </delim><match><data>Enter the cost per unit: </data></match></read>
    <write><data>8.11\x0a</data></write>
    <read><delim>: </delim><match><data>Enter the type \x28oz\x2fgram\x29:</data></match></read>
    <write><data>oz\x0a</data></write>
    <read><delim>\x0a</delim><match><data>Enter ingredient name or a \x22done\x22 to quit.\x0a</data></match></read>
    <read><delim>: </delim><match><data>: </data></match></read>
    <write><data>done\x0a</data></write>
    <read><delim>\x0a</delim><match><data>1\x29 Create Pantry\x0a</data></match></read>
    <read><delim>\x0a</delim><match><data>2\x29 Delete Pantry\x0a</data></match></read>
    <read><delim>\x0a</delim><match><data>3\x29 Print Pantry\x0a</data></match></read>
    <read><delim>\x0a</delim><match><data>4\x29 Print All Pantries\x0a</data></match></read>
    <read><delim>\x0a</delim><match><data>5\x29 Update Pantry\x0a</data></match></read>
    <read><delim>\x0a</delim><match><data>6\x29 Leave Menu\x0a</data></match></read>
    <read><delim> </delim><match><data>\x2d\x3e </data></match></read>
    <write><data>6\x0a</data></write>
    <read><delim>\x0a</delim><match><data>Leave.\x0a</data></match></read>
    <read><delim>\x0a</delim><match><data>1\x29 Recipe Menu\x0a</data></match></read>
    <read><delim>\x0a</delim><match><data>2\x29 Pantry Menu\x0a</data></match></read>
    <read><delim>\x0a</delim><match><data>3\x29 Query Recipe\x0a</data></match></read>
    <read><delim>\x0a</delim><match><data>4\x29 Quit\x0a</data></match></read>
    <read><delim> </delim><match><data>\x2d\x3e </data></match></read>
    <write><data>1\x0a</data></write>
    <read><delim>\x0a</delim><match><data>1\x29 Add Recipe\x0a</data></match></read>
    <read><delim>\x0a</delim><match><data>2\x29 Remove Recipe\x0a</data></match></read>
    <read><delim>\x0a</delim><match><data>3\x29 List Recipe\x0a</data></match></read>
    <read><delim>\x0a</delim><match><data>4\x29 List All\x0a</data></match></read>
    <read><delim>\x0a</delim><match><data>5\x29 Print Name\x0a</data></match></read>
    <read><delim>\x0a</delim><match><data>6\x29 Recipe Costs\x0a</data></match></read>
    <read><delim>\x0a</delim><match><data>7\x29 Leave Menu\x0a</data></match></read>
    <read><delim>\x2d\x3e </delim><match><data>\x2d\x3e </data></match></read>
    <write><data>1\x0a</data></write>
    <read><delim>: </delim><match><data>Enter recipe name: </data></match></read>
    <write><data>lZ4bwrKI\x0a</data></write>
    <read><delim>\x0a</delim><match><data>Enter ingredient name or a \x22done\x22 to quit.\x0a</data></match></read>
    <read><delim>: </delim><match><data>: </data></match></read>
    <write><data>3qkA2U6d\x0a</data></write>
    <read><delim>: </delim><match><data>Enter the amount: </data></match></read>
    <write><data>8.83\x0a</data></write>
    <read><delim>: </delim><match><data>Enter the cost per unit: </data></match></read>
    <write><data>1.58\x0a</data></write>
    <read><delim>: </delim><match><data>Enter the type \x28oz\x2fgram\x29:</data></match></read>
    <write><data>oz\x0a</data></write>
    <read><delim>\x0a</delim><match><data>Enter ingredient name or a \x22done\x22 to quit.\x0a</data></match></read>
    <read><delim>: </delim><match><data>: </data></match></read>
    <write><data>2D8xcmgj\x0a</data></write>
    <read><delim>: </delim><match><data>Enter the amount: </data></match></read>
    <write><data>0.12\x0a</data></write>
    <read><delim>: </delim><match><data>Enter the cost per unit: </data></match></read>
    <write><data>1.72\x0a</data></write>
    <read><delim>: </delim><match><data>Enter the type \x28oz\x2fgram\x29:</data></match></read>
    <write><data>gram\x0a</data></write>
    <read><delim>\x0a</delim><match><data>Enter ingredient name or a \x22done\x22 to quit.\x0a</data></match></read>
    <read><delim>: </delim><match><data>: </data></match></read>
    <write><data>done\x0a</data></write>
    <read><delim>: </delim><match><data>Enter Instruction: </data></match></read>
    <write><data>zKiicUbzW7MUMz\x0a</data></write>
    <read><delim>: </delim><match><data>Enter Instruction: </data></match></read>
    <write><data>u3nnCISNa1gU3toHs\x0a</data></write>
    <read><delim>: </delim><match><data>Enter Instruction: </data></match></read>
    <write><data>TWFRfQdlNSW1R\x0a</data></write>
    <read><delim>: </delim><match><data>Enter Instruction: </data></match></read>
    <write><data>I70HLxXBtsKMh\x0a</data></write>
    <read><delim>: </delim><match><data>Enter Instruction: </data></match></read>
    <write><data>Y0o1pUZJHpBQ\x0a</data></write>
    <read><delim>: </delim><match><data>Enter Instruction: </data></match></read>
    <write><data>MCKr8aey8GQO\x0a</data></write>
    <read><delim>: </delim><match><data>Enter Instruction: </data></match></read>
    <write><data>PrCx1RUA74IQ1fGD\x0a</data></write>
    <read><delim>: </delim><match><data>Enter Instruction: </data></match></read>
    <write><data>done\x0a</data></write>
    <read><delim>\x0a</delim><match><data>1\x29 Add Recipe\x0a</data></match></read>
    <read><delim>\x0a</delim><match><data>2\x29 Remove Recipe\x0a</data></match></read>
    <read><delim>\x0a</delim><match><data>3\x29 List Recipe\x0a</data></match></read>
    <read><delim>\x0a</delim><match><data>4\x29 List All\x0a</data></match></read>
    <read><delim>\x0a</delim><match><data>5\x29 Print Name\x0a</data></match></read>
    <read><delim>\x0a</delim><match><data>6\x29 Recipe Costs\x0a</data></match></read>
    <read><delim>\x0a</delim><match><data>7\x29 Leave Menu\x0a</data></match></read>
    <read><delim>\x2d\x3e </delim><match><data>\x2d\x3e </data></match></read>
    <write><data>1\x0a</data></write>
    <read><delim>: </delim><match><data>Enter recipe name: </data></match></read>
    <write><data>Tj0G9nx\x0a</data></write>
    <read><delim>\x0a</delim><match><data>Enter ingredient name or a \x22done\x22 to quit.\x0a</data></match></read>
    <read><delim>: </delim><match><data>: </data></match></read>
    <write><data>9kiagI\x0a</data></write>
    <read><delim>: </delim><match><data>Enter the amount: </data></match></read>
    <write><data>1.36\x0a</data></write>
    <read><delim>: </delim><match><data>Enter the cost per unit: </data></match></read>
    <write><data>5.27\x0a</data></write>
    <read><delim>: </delim><match><data>Enter the type \x28oz\x2fgram\x29:</data></match></read>
    <write><data>oz\x0a</data></write>
    <read><delim>\x0a</delim><match><data>Enter ingredient name or a \x22done\x22 to quit.\x0a</data></match></read>
    <read><delim>: </delim><match><data>: </data></match></read>
    <write><data>FrsL5UBy1\x0a</data></write>
    <read><delim>: </delim><match><data>Enter the amount: </data></match></read>
    <write><data>2.43\x0a</data></write>
    <read><delim>: </delim><match><data>Enter the cost per unit: </data></match></read>
    <write><data>9.35\x0a</data></write>
    <read><delim>: </delim><match><data>Enter the type \x28oz\x2fgram\x29:</data></match></read>
    <write><data>gram\x0a</data></write>
    <read><delim>\x0a</delim><match><data>Enter ingredient name or a \x22done\x22 to quit.\x0a</data></match></read>
    <read><delim>: </delim><match><data>: </data></match></read>
    <write><data>done\x0a</data></write>
    <read><delim>: </delim><match><data>Enter Instruction: </data></match></read>
    <write><data>eGwo0lsdLdQhCPadrIS\x0a</data></write>
    <read><delim>: </delim><match><data>Enter Instruction: </data></match></read>
    <write><data>618Z0EFev0Ocl\x0a</data></write>
    <read><delim>: </delim><match><data>Enter Instruction: </data></match></read>
    <write><data>qT2wwc9QCv2s1922\x0a</data></write>
    <read><delim>: </delim><match><data>Enter Instruction: </data></match></read>
    <write><data>DEB17TmH0HFuE\x0a</data></write>
    <read><delim>: </delim><match><data>Enter Instruction: </data></match></read>
    <write><data>x9w8MykTV5uhMqEchwd\x0a</data></write>
    <read><delim>: </delim><match><data>Enter Instruction: </data></match></read>
    <write><data>rElB8bztSkXITH\x0a</data></write>
    <read><delim>: </delim><match><data>Enter Instruction: </data></match></read>
    <write><data>sUMdBeVuGE\x0a</data></write>
    <read><delim>: </delim><match><data>Enter Instruction: </data></match></read>
    <write><data>done\x0a</data></write>
    <read><delim>\x0a</delim><match><data>1\x29 Add Recipe\x0a</data></match></read>
    <read><delim>\x0a</delim><match><data>2\x29 Remove Recipe\x0a</data></match></read>
    <read><delim>\x0a</delim><match><data>3\x29 List Recipe\x0a</data></match></read>
    <read><delim>\x0a</delim><match><data>4\x29 List All\x0a</data></match></read>
    <read><delim>\x0a</delim><match><data>5\x29 Print Name\x0a</data></match></read>
    <read><delim>\x0a</delim><match><data>6\x29 Recipe Costs\x0a</data></match></read>
    <read><delim>\x0a</delim><match><data>7\x29 Leave Menu\x0a</data></match></read>
    <read><delim>\x2d\x3e </delim><match><data>\x2d\x3e </data></match></read>
    <write><data>1\x0a</data></write>
    <read><delim>: </delim><match><data>Enter recipe name: </data></match></read>
    <write><data>rzDWO9L\x0a</data></write>
    <read><delim>\x0a</delim><match><data>Enter ingredient name or a \x22done\x22 to quit.\x0a</data></match></read>
    <read><delim>: </delim><match><data>: </data></match></read>
    <write><data>JZHSWwTuT\x0a</data></write>
    <read><delim>: </delim><match><data>Enter the amount: </data></match></read>
    <write><data>8.11\x0a</data></write>
    <read><delim>: </delim><match><data>Enter the cost per unit: </data></match></read>
    <write><data>1.57\x0a</data></write>
    <read><delim>: </delim><match><data>Enter the type \x28oz\x2fgram\x29:</data></match></read>
    <write><data>gram\x0a</data></write>
    <read><delim>\x0a</delim><match><data>Enter ingredient name or a \x22done\x22 to quit.\x0a</data></match></read>
    <read><delim>: </delim><match><data>: </data></match></read>
    <write><data>FrsL5UBy1\x0a</data></write>
    <read><delim>: </delim><match><data>Enter the amount: </data></match></read>
    <write><data>3.99\x0a</data></write>
    <read><delim>: </delim><match><data>Enter the cost per unit: </data></match></read>
    <write><data>2.24\x0a</data></write>
    <read><delim>: </delim><match><data>Enter the type \x28oz\x2fgram\x29:</data></match></read>
    <write><data>gram\x0a</data></write>
    <read><delim>\x0a</delim><match><data>Enter ingredient name or a \x22done\x22 to quit.\x0a</data></match></read>
    <read><delim>: </delim><match><data>: </data></match></read>
    <write><data>GvqD2ee1Px\x0a</data></write>
    <read><delim>: </delim><match><data>Enter the amount: </data></match></read>
    <write><data>0.86\x0a</data></write>
    <read><delim>: </delim><match><data>Enter the cost per unit: </data></match></read>
    <write><data>2.55\x0a</data></write>
    <read><delim>: </delim><match><data>Enter the type \x28oz\x2fgram\x29:</data></match></read>
    <write><data>gram\x0a</data></write>
    <read><delim>\x0a</delim><match><data>Enter ingredient name or a \x22done\x22 to quit.\x0a</data></match></read>
    <read><delim>: </delim><match><data>: </data></match></read>
    <write><data>9kiagI\x0a</data></write>
    <read><delim>: </delim><match><data>Enter the amount: </data></match></read>
    <write><data>1.08\x0a</data></write>
    <read><delim>: </delim><match><data>Enter the cost per unit: </data></match></read>
    <write><data>9.62\x0a</data></write>
    <read><delim>: </delim><match><data>Enter the type \x28oz\x2fgram\x29:</data></match></read>
    <write><data>oz\x0a</data></write>
    <read><delim>\x0a</delim><match><data>Enter ingredient name or a \x22done\x22 to quit.\x0a</data></match></read>
    <read><delim>: </delim><match><data>: </data></match></read>
    <write><data>38x3KUZy4\x0a</data></write>
    <read><delim>: </delim><match><data>Enter the amount: </data></match></read>
    <write><data>3.70\x0a</data></write>
    <read><delim>: </delim><match><data>Enter the cost per unit: </data></match></read>
    <write><data>4.06\x0a</data></write>
    <read><delim>: </delim><match><data>Enter the type \x28oz\x2fgram\x29:</data></match></read>
    <write><data>oz\x0a</data></write>
    <read><delim>\x0a</delim><match><data>Enter ingredient name or a \x22done\x22 to quit.\x0a</data></match></read>
    <read><delim>: </delim><match><data>: </data></match></read>
    <write><data>done\x0a</data></write>
    <read><delim>: </delim><match><data>Enter Instruction: </data></match></read>
    <write><data>nQjD0Xqf7WGLsIRb\x0a</data></write>
    <read><delim>: </delim><match><data>Enter Instruction: </data></match></read>
    <write><data>ZhhI6BWnLPuCGfNc8BCu\x0a</data></write>
    <read><delim>: </delim><match><data>Enter Instruction: </data></match></read>
    <write><data>4zZCt5drdofCVVQ\x0a</data></write>
    <read><delim>: </delim><match><data>Enter Instruction: </data></match></read>
    <write><data>M62ZLifsip\x0a</data></write>
    <read><delim>: </delim><match><data>Enter Instruction: </data></match></read>
    <write><data>rMQBmAVJfCZaq\x0a</data></write>
    <read><delim>: </delim><match><data>Enter Instruction: </data></match></read>
    <write><data>T1G5UgBT5Fx0pbVH7zD\x0a</data></write>
    <read><delim>: </delim><match><data>Enter Instruction: </data></match></read>
    <write><data>jEPtCLt9vZd9RV1Q0\x0a</data></write>
    <read><delim>: </delim><match><data>Enter Instruction: </data></match></read>
    <write><data>done\x0a</data></write>
    <read><delim>\x0a</delim><match><data>1\x29 Add Recipe\x0a</data></match></read>
    <read><delim>\x0a</delim><match><data>2\x29 Remove Recipe\x0a</data></match></read>
    <read><delim>\x0a</delim><match><data>3\x29 List Recipe\x0a</data></match></read>
    <read><delim>\x0a</delim><match><data>4\x29 List All\x0a</data></match></read>
    <read><delim>\x0a</delim><match><data>5\x29 Print Name\x0a</data></match></read>
    <read><delim>\x0a</delim><match><data>6\x29 Recipe Costs\x0a</data></match></read>
    <read><delim>\x0a</delim><match><data>7\x29 Leave Menu\x0a</data></match></read>
    <read><delim>\x2d\x3e </delim><match><data>\x2d\x3e </data></match></read>
    <write><data>7\x0a</data></write>
    <read><delim>\x0a</delim><match><data>Leave\x0a</data></match></read>
    <read><delim>\x0a</delim><match><data>1\x29 Recipe Menu\x0a</data></match></read>
    <read><delim>\x0a</delim><match><data>2\x29 Pantry Menu\x0a</data></match></read>
    <read><delim>\x0a</delim><match><data>3\x29 Query Recipe\x0a</data></match></read>
    <read><delim>\x0a</delim><match><data>4\x29 Quit\x0a</data></match></read>
    <read><delim> </delim><match><data>\x2d\x3e </data></match></read>
    <write><data>1\x0a</data></write>
    <read><delim>\x0a</delim><match><data>1\x29 Add Recipe\x0a</data></match></read>
    <read><delim>\x0a</delim><match><data>2\x29 Remove Recipe\x0a</data></match></read>
    <read><delim>\x0a</delim><match><data>3\x29 List Recipe\x0a</data></match></read>
    <read><delim>\x0a</delim><match><data>4\x29 List All\x0a</data></match></read>
    <read><delim>\x0a</delim><match><data>5\x29 Print Name\x0a</data></match></read>
    <read><delim>\x0a</delim><match><data>6\x29 Recipe Costs\x0a</data></match></read>
    <read><delim>\x0a</delim><match><data>7\x29 Leave Menu\x0a</data></match></read>
    <read><delim>\x2d\x3e </delim><match><data>\x2d\x3e </data></match></read>
    <write><data>6\x0a</data></write>
    <read><delim>\x0a</delim><match><data>Recipe Costs:\x0a</data></match></read>
    <read><delim>\x0a</delim><match><data>\x091\x29 lZ4bwrKI \x2d \x2414.15780\x0a</data></match></read>
    <read><delim>\x0a</delim><match><data>\x092\x29 Tj0G9nx \x2d \x2429.88770\x0a</data></match></read>
    <read><delim>\x0a</delim><match><data>\x093\x29 rzDWO9L \x2d \x2449.27490\x0a</data></match></read>
    <read><delim>\x0a</delim><match><data>1\x29 Add Recipe\x0a</data></match></read>
    <read><delim>\x0a</delim><match><data>2\x29 Remove Recipe\x0a</data></match></read>
    <read><delim>\x0a</delim><match><data>3\x29 List Recipe\x0a</data></match></read>
    <read><delim>\x0a</delim><match><data>4\x29 List All\x0a</data></match></read>
    <read><delim>\x0a</delim><match><data>5\x29 Print Name\x0a</data></match></read>
    <read><delim>\x0a</delim><match><data>6\x29 Recipe Costs\x0a</data></match></read>
    <read><delim>\x0a</delim><match><data>7\x29 Leave Menu\x0a</data></match></read>
    <read><delim>\x2d\x3e </delim><match><data>\x2d\x3e </data></match></read>
    <write><data>5\x0a</data></write>
    <read><delim>: </delim><match><data>Recipe Index \x5b1..512\x5d: </data></match></read>
    <write><data>1\x0a</data></write>
    <read><delim>\x0a</delim><match><data>Single Name: lZ4bwrKI\x0a</data></match></read>
    <read><delim>\x0a</delim><match><data>1\x29 Add Recipe\x0a</data></match></read>
    <read><delim>\x0a</delim><match><data>2\x29 Remove Recipe\x0a</data></match></read>
    <read><delim>\x0a</delim><match><data>3\x29 List Recipe\x0a</data></match></read>
    <read><delim>\x0a</delim><match><data>4\x29 List All\x0a</data></match></read>
    <read><delim>\x0a</delim><match><data>5\x29 Print Name\x0a</data></match></read>
    <read><delim>\x0a</delim><match><data>6\x29 Recipe Costs\x0a</data></match></read>
    <read><delim>\x0a</delim><match><data>7\x29 Leave Menu\x0a</data></match></read>
    <read><delim>\x2d\x3e </delim><match><data>\x2d\x3e </data></match></read>
    <write><data>2\x0a</data></write>
    <read><delim>\x0a</delim><match><data>Index: 1\x0a</data></match></read>
    <read><delim>\x0a</delim><match><data>Name: lZ4bwrKI\x0a</data></match></read>
    <read><delim>\x0a</delim><match><data>Ingredients:\x0a</data></match></read>
    <read><delim>\x0a</delim><match><data>\x090.120000 g\x092D8xcmgj\x0a</data></match></read>
    <read><delim>\x0a</delim><match><data>\x098.830000 oz\x093qkA2U6d\x0a</data></match></read>
    <read><delim>\x0a</delim><match><data>\x0a</data></match></read>
    <read><delim>\x0a</delim><match><data>Instructions:\x0a</data></match></read>
    <read><delim>\x0a</delim><match><data>\x091\x29 zKiicUbzW7MUMz\x0a</data></match></read>
    <read><delim>\x0a</delim><match><data>\x092\x29 u3nnCISNa1gU3toHs\x0a</data></match></read>
    <read><delim>\x0a</delim><match><data>\x093\x29 TWFRfQdlNSW1R\x0a</data></match></read>
    <read><delim>\x0a</delim><match><data>\x094\x29 I70HLxXBtsKMh\x0a</data></match></read>
    <read><delim>\x0a</delim><match><data>\x095\x29 Y0o1pUZJHpBQ\x0a</data></match></read>
    <read><delim>\x0a</delim><match><data>\x096\x29 MCKr8aey8GQO\x0a</data></match></read>
    <read><delim>\x0a</delim><match><data>\x097\x29 PrCx1RUA74IQ1fGD\x0a</data></match></read>
    <read><delim>\x0a\x0a</delim><match><data>\x0a\x0a</data></match></read>
    <read><delim>\x0a</delim><match><data>Index: 2\x0a</data></match></read>
    <read><delim>\x0a</delim><match><data>Name: Tj0G9nx\x0a</data></match></read>
    <read><delim>\x0a</delim><match><data>Ingredients:\x0a</data></match></read>
    <read><delim>\x0a</delim><match><data>\x092.430000 g\x09FrsL5UBy1\x0a</data></match></read>
    <read><delim>\x0a</delim><match><data>\x091.360000 oz\x099kiagI\x0a</data></match></read>
    <read><delim>\x0a</delim><match><data>\x0a</data></match></read>
    <read><delim>\x0a</delim><match><data>Instructions:\x0a</data></match></read>
    <read><delim>\x0a</delim><match><data>\x091\x29 eGwo0lsdLdQhCPadrIS\x0a</data></match></read>
    <read><delim>\x0a</delim><match><data>\x092\x29 618Z0EFev0Ocl\x0a</data></match></read>
    <read><delim>\x0a</delim><match><data>\x093\x29 qT2wwc9QCv2s1922\x0a</data></match></read>
    <read><delim>\x0a</delim><match><data>\x094\x29 DEB17TmH0HFuE\x0a</data></match></read>
    <read><delim>\x0a</delim><match><data>\x095\x29 x9w8MykTV5uhMqEchwd\x0a</data></match></read>
    <read><delim>\x0a</delim><match><data>\x096\x29 rElB8bztSkXITH\x0a</data></match></read>
    <read><delim>\x0a</delim><match><data>\x097\x29 sUMdBeVuGE\x0a</data></match></read>
    <read><delim>\x0a\x0a</delim><match><data>\x0a\x0a</data></match></read>
    <read><delim>\x0a</delim><match><data>Index: 3\x0a</data></match></read>
    <read><delim>\x0a</delim><match><data>Name: rzDWO9L\x0a</data></match></read>
    <read><delim>\x0a</delim><match><data>Ingredients:\x0a</data></match></read>
    <read><delim>\x0a</delim><match><data>\x093.700000 oz\x0938x3KUZy4\x0a</data></match></read>
    <read><delim>\x0a</delim><match><data>\x091.080000 oz\x099kiagI\x0a</data></match></read>
    <read><delim>\x0a</delim><match><data>\x090.860000 g\x09GvqD2ee1Px\x0a</data></match></read>
    <read><delim>\x0a</delim><match><data>\x093.990000 g\x09FrsL5UBy1\x0a</data></match></read>
    <read><delim>\x0a</delim><match><data>\x098.110000 g\x09JZHSWwTuT\x0a</data></match></read>
    <read><delim>\x0a</delim><match><data>\x0a</data></match></read>
    <read><delim>\x0a</delim><match><data>Instructions:\x0a</data></match></read>
    <read><delim>\x0a</delim><match><data>\x091\x29 nQjD0Xqf7WGLsIRb\x0a</data></match></read>
    <read><delim>\x0a</delim><match><data>\x092\x29 ZhhI6BWnLPuCGfNc8BCu\x0a</data></match></read>
    <read><delim>\x0a</delim><match><data>\x093\x29 4zZCt5drdofCVVQ\x0a</data></match></read>
    <read><delim>\x0a</delim><match><data>\x094\x29 M62ZLifsip\x0a</data></match></read>
    <read><delim>\x0a</delim><match><data>\x095\x29 rMQBmAVJfCZaq\x0a</data></match></read>
    <read><delim>\x0a</delim><match><data>\x096\x29 T1G5UgBT5Fx0pbVH7zD\x0a</data></match></read>
    <read><delim>\x0a</delim><match><data>\x097\x29 jEPtCLt9vZd9RV1Q0\x0a</data></match></read>
    <read><delim>\x0a\x0a</delim><match><data>\x0a\x0a</data></match></read>
    <read><delim>: </delim><match><data>Recipe Index \x5b1..512\x5d: </data></match></read>
    <write><data>3\x0a</data></write>
    <read><delim>\x0a</delim><match><data>1\x29 Add Recipe\x0a</data></match></read>
    <read><delim>\x0a</delim><match><data>2\x29 Remove Recipe\x0a</data></match></read>
    <read><delim>\x0a</delim><match><data>3\x29 List Recipe\x0a</data></match></read>
    <read><delim>\x0a</delim><match><data>4\x29 List All\x0a</data></match></read>
    <read><delim>\x0a</delim><match><data>5\x29 Print Name\x0a</data></match></read>
    <read><delim>\x0a</delim><match><data>6\x29 Recipe Costs\x0a</data></match></read>
    <read><delim>\x0a</delim><match><data>7\x29 Leave Menu\x0a</data></match></read>
    <read><delim>\x2d\x3e </delim><match><data>\x2d\x3e </data></match></read>
    <write><data>7\x0a</data></write>
    <read><delim>\x0a</delim><match><data>Leave\x0a</data></match></read>
    <read><delim>\x0a</delim><match><data>1\x29 Recipe Menu\x0a</data></match></read>
    <read><delim>\x0a</delim><match><data>2\x29 Pantry Menu\x0a</data></match></read>
    <read><delim>\x0a</delim><match><data>3\x29 Query Recipe\x0a</data></match></read>
    <read><delim>\x0a</delim><match><data>4\x29 Quit\x0a</data></match></read>
    <read><delim> </delim><match><data>\x2d\x3e </data></match></read>
    <write><data>1\x0a</data></write>
    <read><delim>\x0a</delim><match><data>1\x29 Add Recipe\x0a</data></match></read>
    <read><delim>\x0a</delim><match><data>2\x29 Remove Recipe\x0a</data></match></read>
    <read><delim>\x0a</delim><match><data>3\x29 List Recipe\x0a</data></match></read>
    <read><delim>\x0a</delim><match><data>4\x29 List All\x0a</data></match></read>
    <read><delim>\x0a</delim><match><data>5\x29 Print Name\x0a</data></match></read>
    <read><delim>\x0a</delim><match><data>6\x29 Recipe Costs\x0a</data></match></read>
    <read><delim>\x0a</delim><match><data>7\x29 Leave Menu\x0a</data></match></read>
    <read><delim>\x2d\x3e </delim><match><data>\x2d\x3e </data></match></read>
    <write><data>7\x0a</data></write>
    <read><delim>\x0a</delim><match><data>Leave\x0a</data></match></read>
    <read><delim>\x0a</delim><match><data>1\x29 Recipe Menu\x0a</data></match></read>
    <read><delim>\x0a</delim><match><data>2\x29 Pantry Menu\x0a</data></match></read>
    <read><delim>\x0a</delim><match><data>3\x29 Query Recipe\x0a</data></match></read>
    <read><delim>\x0a</delim><match><data>4\x29 Quit\x0a</data></match></read>
    <read><delim> </delim><match><data>\x2d\x3e </data></match></read>
    <write><data>4\x0a</data></write>
    <read><delim>\x0a</delim></read>
</replay>
</pov>