<?xml version="1.0" standalone="no" ?>
<!DOCTYPE pov SYSTEM "/usr/share/cgc-docs/replay.dtd">
<pov>
<cbid>service</cbid>
<seed>352116e0301b5878f02c6464b151ea545f9858ff35fd585d367deb6b92af03af6844d3db2cc7b0a03e8fdf59233f7cbc</seed>
<replay>
    <read><delim>: </delim><match><data>Today: </data></match></read>
    <read><delim> </delim><match><data>Tue </data></match></read>
    <read><delim> </delim><match><data>May </data></match></read>
    <read><delim>\x0a\x0a</delim><match><data>12:13:45 2016\x0a\x0a</data></match></read>
    <read><delim>\x0a</delim><match><data>1\x29 Recipe Menu\x0a</data></match></read>
    <read><delim>\x0a</delim><match><data>2\x29 Pantry Menu\x0a</data></match></read>
    <read><delim>\x0a</delim><match><data>3\x29 Query Recipe\x0a</data></match></read>
    <read><delim>\x0a</delim><match><data>4\x29 Quit\x0a</data></match></read>
    <read><delim> </delim><match><data>\x2d\x3e </data></match></read>
    <write><data>2\x0a</data></write>
    <read><delim>\x0a</delim><match><data>1\x29 Create Pantry\x0a</data></match></read>
    <read><delim>\x0a</delim><match><data>2\x29 Delete Pantry\x0a</data></match></read>
    <read><delim>\x0a</delim><match><data>3\x29 Print Pantry\x0a</data></match></read>
    <read><delim>\x0a</delim><match><data>4\x29 Print All Pantries\x0a</data></match></read>
    <read><delim>\x0a</delim><match><data>5\x29 Update Pantry\x0a</data></match></read>
    <read><delim>\x0a</delim><match><data>6\x29 Leave Menu\x0a</data></match></read>
    <read><delim> </delim><match><data>\x2d\x3e </data></match></read>
    <write><data>1\x0a</data></write>
    <read><delim>: </delim><match><data>Enter pantry name: </data></match></read>
    <write><data>lyUCMsK7\x0a</data></write>
    <read><delim>\x0a</delim><match><data>Enter ingredient name or a \x22done\x22 to quit.\x0a</data></match></read>
    <read><delim>: </delim><match><data>: </data></match></read>
    <write><data>pwACyeE8\x0a</data></write>
    <read><delim>: </delim><match><data>Enter the amount: </data></match></read>
    <write><data>2.20\x0a</data></write>
    <read><delim>: </delim><match><data>Enter the cost per unit: </data></match></read>
    <write><data>5.16\x0a</data></write>
    <read><delim>: </delim><match><data>Enter the type \x28oz\x2fgram\x29:</data></match></read>
    <write><data>oz\x0a</data></write>
    <read><delim>\x0a</delim><match><data>Enter ingredient name or a \x22done\x22 to quit.\x0a</data></match></read>
    <read><delim>: </delim><match><data>: </data></match></read>
    <write><data>Y2K3SJHw\x0a</data></write>
    <read><delim>: </delim><match><data>Enter the amount: </data></match></read>
    <write><data>7.34\x0a</data></write>
    <read><delim>: </delim><match><data>Enter the cost per unit: </data></match></read>
    <write><data>3.37\x0a</data></write>
    <read><delim>: </delim><match><data>Enter the type \x28oz\x2fgram\x29:</data></match></read>
    <write><data>oz\x0a</data></write>
    <read><delim>\x0a</delim><match><data>Enter ingredient name or a \x22done\x22 to quit.\x0a</data></match></read>
    <read><delim>: </delim><match><data>: </data></match></read>
    <write><data>VugJzZb4\x0a</data></write>
    <read><delim>: </delim><match><data>Enter the amount: </data></match></read>
    <write><data>7.73\x0a</data></write>
    <read><delim>: </delim><match><data>Enter the cost per unit: </data></match></read>
    <write><data>9.04\x0a</data></write>
    <read><delim>: </delim><match><data>Enter the type \x28oz\x2fgram\x29:</data></match></read>
    <write><data>gram\x0a</data></write>
    <read><delim>\x0a</delim><match><data>Enter ingredient name or a \x22done\x22 to quit.\x0a</data></match></read>
    <read><delim>: </delim><match><data>: </data></match></read>
    <write><data>bOIc3TBqd\x0a</data></write>
    <read><delim>: </delim><match><data>Enter the amount: </data></match></read>
    <write><data>6.91\x0a</data></write>
    <read><delim>: </delim><match><data>Enter the cost per unit: </data></match></read>
    <write><data>5.06\x0a</data></write>
    <read><delim>: </delim><match><data>Enter the type \x28oz\x2fgram\x29:</data></match></read>
    <write><data>gram\x0a</data></write>
    <read><delim>\x0a</delim><match><data>Enter ingredient name or a \x22done\x22 to quit.\x0a</data></match></read>
    <read><delim>: </delim><match><data>: </data></match></read>
    <write><data>6gBmCBA\x0a</data></write>
    <read><delim>: </delim><match><data>Enter the amount: </data></match></read>
    <write><data>2.23\x0a</data></write>
    <read><delim>: </delim><match><data>Enter the cost per unit: </data></match></read>
    <write><data>4.64\x0a</data></write>
    <read><delim>: </delim><match><data>Enter the type \x28oz\x2fgram\x29:</data></match></read>
    <write><data>oz\x0a</data></write>
    <read><delim>\x0a</delim><match><data>Enter ingredient name or a \x22done\x22 to quit.\x0a</data></match></read>
    <read><delim>: </delim><match><data>: </data></match></read>
    <write><data>dxLfIapm\x0a</data></write>
    <read><delim>: </delim><match><data>Enter the amount: </data></match></read>
    <write><data>5.13\x0a</data></write>
    <read><delim>: </delim><match><data>Enter the cost per unit: </data></match></read>
    <write><data>2.19\x0a</data></write>
    <read><delim>: </delim><match><data>Enter the type \x28oz\x2fgram\x29:</data></match></read>
    <write><data>gram\x0a</data></write>
    <read><delim>\x0a</delim><match><data>Enter ingredient name or a \x22done\x22 to quit.\x0a</data></match></read>
    <read><delim>: </delim><match><data>: </data></match></read>
    <write><data>done\x0a</data></write>
    <read><delim>\x0a</delim><match><data>1\x29 Create Pantry\x0a</data></match></read>
    <read><delim>\x0a</delim><match><data>2\x29 Delete Pantry\x0a</data></match></read>
    <read><delim>\x0a</delim><match><data>3\x29 Print Pantry\x0a</data></match></read>
    <read><delim>\x0a</delim><match><data>4\x29 Print All Pantries\x0a</data></match></read>
    <read><delim>\x0a</delim><match><data>5\x29 Update Pantry\x0a</data></match></read>
    <read><delim>\x0a</delim><match><data>6\x29 Leave Menu\x0a</data></match></read>
    <read><delim> </delim><match><data>\x2d\x3e </data></match></read>
    <write><data>1\x0a</data></write>
    <read><delim>: </delim><match><data>Enter pantry name: </data></match></read>
    <write><data>BLCVok830BC0qj\x0a</data></write>
    <read><delim>\x0a</delim><match><data>Enter ingredient name or a \x22done\x22 to quit.\x0a</data></match></read>
    <read><delim>: </delim><match><data>: </data></match></read>
    <write><data>2zDyEXIs\x0a</data></write>
    <read><delim>: </delim><match><data>Enter the amount: </data></match></read>
    <write><data>3.88\x0a</data></write>
    <read><delim>: </delim><match><data>Enter the cost per unit: </data></match></read>
    <write><data>0.56\x0a</data></write>
    <read><delim>: </delim><match><data>Enter the type \x28oz\x2fgram\x29:</data></match></read>
    <write><data>oz\x0a</data></write>
    <read><delim>\x0a</delim><match><data>Enter ingredient name or a \x22done\x22 to quit.\x0a</data></match></read>
    <read><delim>: </delim><match><data>: </data></match></read>
    <write><data>pMY9oK\x0a</data></write>
    <read><delim>: </delim><match><data>Enter the amount: </data></match></read>
    <write><data>8.26\x0a</data></write>
    <read><delim>: </delim><match><data>Enter the cost per unit: </data></match></read>
    <write><data>3.86\x0a</data></write>
    <read><delim>: </delim><match><data>Enter the type \x28oz\x2fgram\x29:</data></match></read>
    <write><data>oz\x0a</data></write>
    <read><delim>\x0a</delim><match><data>Enter ingredient name or a \x22done\x22 to quit.\x0a</data></match></read>
    <read><delim>: </delim><match><data>: </data></match></read>
    <write><data>u6R1LxFLm\x0a</data></write>
    <read><delim>: </delim><match><data>Enter the amount: </data></match></read>
    <write><data>0.73\x0a</data></write>
    <read><delim>: </delim><match><data>Enter the cost per unit: </data></match></read>
    <write><data>7.52\x0a</data></write>
    <read><delim>: </delim><match><data>Enter the type \x28oz\x2fgram\x29:</data></match></read>
    <write><data>oz\x0a</data></write>
    <read><delim>\x0a</delim><match><data>Enter ingredient name or a \x22done\x22 to quit.\x0a</data></match></read>
    <read><delim>: </delim><match><data>: </data></match></read>
    <write><data>VugJzZb4\x0a</data></write>
    <read><delim>: </delim><match><data>Enter the amount: </data></match></read>
    <write><data>1.30\x0a</data></write>
    <read><delim>: </delim><match><data>Enter the cost per unit: </data></match></read>
    <write><data>8.46\x0a</data></write>
    <read><delim>: </delim><match><data>Enter the type \x28oz\x2fgram\x29:</data></match></read>
    <write><data>gram\x0a</data></write>
    <read><delim>\x0a</delim><match><data>Enter ingredient name or a \x22done\x22 to quit.\x0a</data></match></read>
    <read><delim>: </delim><match><data>: </data></match></read>
    <write><data>6gBmCBA\x0a</data></write>
    <read><delim>: </delim><match><data>Enter the amount: </data></match></read>
    <write><data>8.46\x0a</data></write>
    <read><delim>: </delim><match><data>Enter the cost per unit: </data></match></read>
    <write><data>3.26\x0a</data></write>
    <read><delim>: </delim><match><data>Enter the type \x28oz\x2fgram\x29:</data></match></read>
    <write><data>oz\x0a</data></write>
    <read><delim>\x0a</delim><match><data>Enter ingredient name or a \x22done\x22 to quit.\x0a</data></match></read>
    <read><delim>: </delim><match><data>: </data></match></read>
    <write><data>bOIc3TBqd\x0a</data></write>
    <read><delim>: </delim><match><data>Enter the amount: </data></match></read>
    <write><data>9.67\x0a</data></write>
    <read><delim>: </delim><match><data>Enter the cost per unit: </data></match></read>
    <write><data>2.36\x0a</data></write>
    <read><delim>: </delim><match><data>Enter the type \x28oz\x2fgram\x29:</data></match></read>
    <write><data>gram\x0a</data></write>
    <read><delim>\x0a</delim><match><data>Enter ingredient name or a \x22done\x22 to quit.\x0a</data></match></read>
    <read><delim>: </delim><match><data>: </data></match></read>
    <write><data>ewlWuufFq\x0a</data></write>
    <read><delim>: </delim><match><data>Enter the amount: </data></match></read>
    <write><data>0.91\x0a</data></write>
    <read><delim>: </delim><match><data>Enter the cost per unit: </data></match></read>
    <write><data>0.55\x0a</data></write>
    <read><delim>: </delim><match><data>Enter the type \x28oz\x2fgram\x29:</data></match></read>
    <write><data>oz\x0a</data></write>
    <read><delim>\x0a</delim><match><data>Enter ingredient name or a \x22done\x22 to quit.\x0a</data></match></read>
    <read><delim>: </delim><match><data>: </data></match></read>
    <write><data>done\x0a</data></write>
    <read><delim>\x0a</delim><match><data>1\x29 Create Pantry\x0a</data></match></read>
    <read><delim>\x0a</delim><match><data>2\x29 Delete Pantry\x0a</data></match></read>
    <read><delim>\x0a</delim><match><data>3\x29 Print Pantry\x0a</data></match></read>
    <read><delim>\x0a</delim><match><data>4\x29 Print All Pantries\x0a</data></match></read>
    <read><delim>\x0a</delim><match><data>5\x29 Update Pantry\x0a</data></match></read>
    <read><delim>\x0a</delim><match><data>6\x29 Leave Menu\x0a</data></match></read>
    <read><delim> </delim><match><data>\x2d\x3e </data></match></read>
    <write><data>6\x0a</data></write>
    <read><delim>\x0a</delim><match><data>Leave.\x0a</data></match></read>
    <read><delim>\x0a</delim><match><data>1\x29 Recipe Menu\x0a</data></match></read>
    <read><delim>\x0a</delim><match><data>2\x29 Pantry Menu\x0a</data></match></read>
    <read><delim>\x0a</delim><match><data>3\x29 Query Recipe\x0a</data></match></read>
    <read><delim>\x0a</delim><match><data>4\x29 Quit\x0a</data></match></read>
    <read><delim> </delim><match><data>\x2d\x3e </data></match></read>
    <write><data>1\x0a</data></write>
    <read><delim>\x0a</delim><match><data>1\x29 Add Recipe\x0a</data></match></read>
    <read><delim>\x0a</delim><match><data>2\x29 Remove Recipe\x0a</data></match></read>
    <read><delim>\x0a</delim><match><data>3\x29 List Recipe\x0a</data></match></read>
    <read><delim>\x0a</delim><match><data>4\x29 List All\x0a</data></match></read>
    <read><delim>\x0a</delim><match><data>5\x29 Print Name\x0a</data></match></read>
    <read><delim>\x0a</delim><match><data>6\x29 Recipe Costs\x0a</data></match></read>
    <read><delim>\x0a</delim><match><data>7\x29 Leave Menu\x0a</data></match></read>
    <read><delim>\x2d\x3e </delim><match><data>\x2d\x3e </data></match></read>
    <write><data>1\x0a</data></write>
    <read><delim>: </delim><match><data>Enter recipe name: </data></match></read>
    <write><data>pttqc7dZ\x0a</data></write>
    <read><delim>\x0a</delim><match><data>Enter ingredient name or a \x22done\x22 to quit.\x0a</data></match></read>
    <read><delim>: </delim><match><data>: </data></match></read>
    <write><data>VugJzZb4\x0a</data></write>
    <read><delim>: </delim><match><data>Enter the amount: </data></match></read>
    <write><data>6.40\x0a</data></write>
    <read><delim>: </delim><match><data>Enter the cost per unit: </data></match></read>
    <write><data>5.12\x0a</data></write>
    <read><delim>: </delim><match><data>Enter the type \x28oz\x2fgram\x29:</data></match></read>
    <write><data>gram\x0a</data></write>
    <read><delim>\x0a</delim><match><data>Enter ingredient name or a \x22done\x22 to quit.\x0a</data></match></read>
    <read><delim>: </delim><match><data>: </data></match></read>
    <write><data>ryXBbax\x0a</data></write>
    <read><delim>: </delim><match><data>Enter the amount: </data></match></read>
    <write><data>5.67\x0a</data></write>
    <read><delim>: </delim><match><data>Enter the cost per unit: </data></match></read>
    <write><data>2.78\x0a</data></write>
    <read><delim>: </delim><match><data>Enter the type \x28oz\x2fgram\x29:</data></match></read>
    <write><data>oz\x0a</data></write>
    <read><delim>\x0a</delim><match><data>Enter ingredient name or a \x22done\x22 to quit.\x0a</data></match></read>
    <read><delim>: </delim><match><data>: </data></match></read>
    <write><data>BzW8MMOdy\x0a</data></write>
    <read><delim>: </delim><match><data>Enter the amount: </data></match></read>
    <write><data>0.79\x0a</data></write>
    <read><delim>: </delim><match><data>Enter the cost per unit: </data></match></read>
    <write><data>8.98\x0a</data></write>
    <read><delim>: </delim><match><data>Enter the type \x28oz\x2fgram\x29:</data></match></read>
    <write><data>gram\x0a</data></write>
    <read><delim>\x0a</delim><match><data>Enter ingredient name or a \x22done\x22 to quit.\x0a</data></match></read>
    <read><delim>: </delim><match><data>: </data></match></read>
    <write><data>Y2K3SJHw\x0a</data></write>
    <read><delim>: </delim><match><data>Enter the amount: </data></match></read>
    <write><data>8.87\x0a</data></write>
    <read><delim>: </delim><match><data>Enter the cost per unit: </data></match></read>
    <write><data>6.96\x0a</data></write>
    <read><delim>: </delim><match><data>Enter the type \x28oz\x2fgram\x29:</data></match></read>
    <write><data>oz\x0a</data></write>
    <read><delim>\x0a</delim><match><data>Enter ingredient name or a \x22done\x22 to quit.\x0a</data></match></read>
    <read><delim>: </delim><match><data>: </data></match></read>
    <write><data>ucVw3\x0a</data></write>
    <read><delim>: </delim><match><data>Enter the amount: </data></match></read>
    <write><data>4.52\x0a</data></write>
    <read><delim>: </delim><match><data>Enter the cost per unit: </data></match></read>
    <write><data>6.54\x0a</data></write>
    <read><delim>: </delim><match><data>Enter the type \x28oz\x2fgram\x29:</data></match></read>
    <write><data>oz\x0a</data></write>
    <read><delim>\x0a</delim><match><data>Enter ingredient name or a \x22done\x22 to quit.\x0a</data></match></read>
    <read><delim>: </delim><match><data>: </data></match></read>
    <write><data>done\x0a</data></write>
    <read><delim>: </delim><match><data>Enter Instruction: </data></match></read>
    <write><data>PngbdIn3Q4EThkW\x0a</data></write>
    <read><delim>: </delim><match><data>Enter Instruction: </data></match></read>
    <write><data>4fvT4HaW7DrY2iS9\x0a</data></write>
    <read><delim>: </delim><match><data>Enter Instruction: </data></match></read>
    <write><data>8J1MUAEnYVSVv2Dc\x0a</data></write>
    <read><delim>: </delim><match><data>Enter Instruction: </data></match></read>
    <write><data>done\x0a</data></write>
    <read><delim>\x0a</delim><match><data>1\x29 Add Recipe\x0a</data></match></read>
    <read><delim>\x0a</delim><match><data>2\x29 Remove Recipe\x0a</data></match></read>
    <read><delim>\x0a</delim><match><data>3\x29 List Recipe\x0a</data></match></read>
    <read><delim>\x0a</delim><match><data>4\x29 List All\x0a</data></match></read>
    <read><delim>\x0a</delim><match><data>5\x29 Print Name\x0a</data></match></read>
    <read><delim>\x0a</delim><match><data>6\x29 Recipe Costs\x0a</data></match></read>
    <read><delim>\x0a</delim><match><data>7\x29 Leave Menu\x0a</data></match></read>
    <read><delim>\x2d\x3e </delim><match><data>\x2d\x3e </data></match></read>
    <write><data>1\x0a</data></write>
    <read><delim>: </delim><match><data>Enter recipe name: </data></match></read>
    <write><data>q7NIE8UYdz\x0a</data></write>
    <read><delim>\x0a</delim><match><data>Enter ingredient name or a \x22done\x22 to quit.\x0a</data></match></read>
    <read><delim>: </delim><match><data>: </data></match></read>
    <write><data>ewlWuufFq\x0a</data></write>
    <read><delim>: </delim><match><data>Enter the amount: </data></match></read>
    <write><data>8.09\x0a</data></write>
    <read><delim>: </delim><match><data>Enter the cost per unit: </data></match></read>
    <write><data>4.17\x0a</data></write>
    <read><delim>: </delim><match><data>Enter the type \x28oz\x2fgram\x29:</data></match></read>
    <write><data>gram\x0a</data></write>
    <read><delim>\x0a</delim><match><data>Enter ingredient name or a \x22done\x22 to quit.\x0a</data></match></read>
    <read><delim>: </delim><match><data>: </data></match></read>
    <write><data>pMY9oK\x0a</data></write>
    <read><delim>: </delim><match><data>Enter the amount: </data></match></read>
    <write><data>8.28\x0a</data></write>
    <read><delim>: </delim><match><data>Enter the cost per unit: </data></match></read>
    <write><data>2.96\x0a</data></write>
    <read><delim>: </delim><match><data>Enter the type \x28oz\x2fgram\x29:</data></match></read>
    <write><data>oz\x0a</data></write>
    <read><delim>\x0a</delim><match><data>Enter ingredient name or a \x22done\x22 to quit.\x0a</data></match></read>
    <read><delim>: </delim><match><data>: </data></match></read>
    <write><data>CNLvbzQk\x0a</data></write>
    <read><delim>: </delim><match><data>Enter the amount: </data></match></read>
    <write><data>0.04\x0a</data></write>
    <read><delim>: </delim><match><data>Enter the cost per unit: </data></match></read>
    <write><data>5.37\x0a</data></write>
    <read><delim>: </delim><match><data>Enter the type \x28oz\x2fgram\x29:</data></match></read>
    <write><data>oz\x0a</data></write>
    <read><delim>\x0a</delim><match><data>Enter ingredient name or a \x22done\x22 to quit.\x0a</data></match></read>
    <read><delim>: </delim><match><data>: </data></match></read>
    <write><data>ucVw3\x0a</data></write>
    <read><delim>: </delim><match><data>Enter the amount: </data></match></read>
    <write><data>2.86\x0a</data></write>
    <read><delim>: </delim><match><data>Enter the cost per unit: </data></match></read>
    <write><data>8.98\x0a</data></write>
    <read><delim>: </delim><match><data>Enter the type \x28oz\x2fgram\x29:</data></match></read>
    <write><data>gram\x0a</data></write>
    <read><delim>\x0a</delim><match><data>Enter ingredient name or a \x22done\x22 to quit.\x0a</data></match></read>
    <read><delim>: </delim><match><data>: </data></match></read>
    <write><data>done\x0a</data></write>
    <read><delim>: </delim><match><data>Enter Instruction: </data></match></read>
    <write><data>9RswfI53xfszvPp\x0a</data></write>
    <read><delim>: </delim><match><data>Enter Instruction: </data></match></read>
    <write><data>F1JV71XzEdpt1JV4Acz\x0a</data></write>
    <read><delim>: </delim><match><data>Enter Instruction: </data></match></read>
    <write><data>t3w1N7oItrnQoUOj0\x0a</data></write>
    <read><delim>: </delim><match><data>Enter Instruction: </data></match></read>
    <write><data>Mn4A01zfb0\x0a</data></write>
    <read><delim>: </delim><match><data>Enter Instruction: </data></match></read>
    <write><data>eOWFwHjzQ35WuT5\x0a</data></write>
    <read><delim>: </delim><match><data>Enter Instruction: </data></match></read>
    <write><data>tfqkPvy4XUzML\x0a</data></write>
    <read><delim>: </delim><match><data>Enter Instruction: </data></match></read>
    <write><data>done\x0a</data></write>
    <read><delim>\x0a</delim><match><data>1\x29 Add Recipe\x0a</data></match></read>
    <read><delim>\x0a</delim><match><data>2\x29 Remove Recipe\x0a</data></match></read>
    <read><delim>\x0a</delim><match><data>3\x29 List Recipe\x0a</data></match></read>
    <read><delim>\x0a</delim><match><data>4\x29 List All\x0a</data></match></read>
    <read><delim>\x0a</delim><match><data>5\x29 Print Name\x0a</data></match></read>
    <read><delim>\x0a</delim><match><data>6\x29 Recipe Costs\x0a</data></match></read>
    <read><delim>\x0a</delim><match><data>7\x29 Leave Menu\x0a</data></match></read>
    <read><delim>\x2d\x3e </delim><match><data>\x2d\x3e </data></match></read>
    <write><data>1\x0a</data></write>
    <read><delim>: </delim><match><data>Enter recipe name: </data></match></read>
    <write><data>620VOe\x0a</data></write>
    <read><delim>\x0a</delim><match><data>Enter ingredient name or a \x22done\x22 to quit.\x0a</data></match></read>
    <read><delim>: </delim><match><data>: </data></match></read>
    <write><data>ucVw3\x0a</data></write>
    <read><delim>: </delim><match><data>Enter the amount: </data></match></read>
    <write><data>9.27\x0a</data></write>
    <read><delim>: </delim><match><data>Enter the cost per unit: </data></match></read>
    <write><data>7.88\x0a</data></write>
    <read><delim>: </delim><match><data>Enter the type \x28oz\x2fgram\x29:</data></match></read>
    <write><data>gram\x0a</data></write>
    <read><delim>\x0a</delim><match><data>Enter ingredient name or a \x22done\x22 to quit.\x0a</data></match></read>
    <read><delim>: </delim><match><data>: </data></match></read>
    <write><data>done\x0a</data></write>
    <read><delim>: </delim><match><data>Enter Instruction: </data></match></read>
    <write><data>AsD3zZg6cJE9gBJIN1g\x0a</data></write>
    <read><delim>: </delim><match><data>Enter Instruction: </data></match></read>
    <write><data>YYz6Peou2jDbbo\x0a</data></write>
    <read><delim>: </delim><match><data>Enter Instruction: </data></match></read>
    <write><data>VLRltomNp3MDmhpXG\x0a</data></write>
    <read><delim>: </delim><match><data>Enter Instruction: </data></match></read>
    <write><data>Z7mNZtXR9xS4Gjf2ioK\x0a</data></write>
    <read><delim>: </delim><match><data>Enter Instruction: </data></match></read>
    <write><data>iKeg1q03LsygsmLl49KH\x0a</data></write>
    <read><delim>: </delim><match><data>Enter Instruction: </data></match></read>
    <write><data>b0l2njA8B0\x0a</data></write>
    <read><delim>: </delim><match><data>Enter Instruction: </data></match></read>
    <write><data>done\x0a</data></write>
    <read><delim>\x0a</delim><match><data>1\x29 Add Recipe\x0a</data></match></read>
    <read><delim>\x0a</delim><match><data>2\x29 Remove Recipe\x0a</data></match></read>
    <read><delim>\x0a</delim><match><data>3\x29 List Recipe\x0a</data></match></read>
    <read><delim>\x0a</delim><match><data>4\x29 List All\x0a</data></match></read>
    <read><delim>\x0a</delim><match><data>5\x29 Print Name\x0a</data></match></read>
    <read><delim>\x0a</delim><match><data>6\x29 Recipe Costs\x0a</data></match></read>
    <read><delim>\x0a</delim><match><data>7\x29 Leave Menu\x0a</data></match></read>
    <read><delim>\x2d\x3e </delim><match><data>\x2d\x3e </data></match></read>
    <write><data>7\x0a</data></write>
    <read><delim>\x0a</delim><match><data>Leave\x0a</data></match></read>
    <read><delim>\x0a</delim><match><data>1\x29 Recipe Menu\x0a</data></match></read>
    <read><delim>\x0a</delim><match><data>2\x29 Pantry Menu\x0a</data></match></read>
    <read><delim>\x0a</delim><match><data>3\x29 Query Recipe\x0a</data></match></read>
    <read><delim>\x0a</delim><match><data>4\x29 Quit\x0a</data></match></read>
    <read><delim> </delim><match><data>\x2d\x3e </data></match></read>
    <write><data>2\x0a</data></write>
    <read><delim>\x0a</delim><match><data>1\x29 Create Pantry\x0a</data></match></read>
    <read><delim>\x0a</delim><match><data>2\x29 Delete Pantry\x0a</data></match></read>
    <read><delim>\x0a</delim><match><data>3\x29 Print Pantry\x0a</data></match></read>
    <read><delim>\x0a</delim><match><data>4\x29 Print All Pantries\x0a</data></match></read>
    <read><delim>\x0a</delim><match><data>5\x29 Update Pantry\x0a</data></match></read>
    <read><delim>\x0a</delim><match><data>6\x29 Leave Menu\x0a</data></match></read>
    <read><delim> </delim><match><data>\x2d\x3e </data></match></read>
    <write><data>1\x0a</data></write>
    <read><delim>: </delim><match><data>Enter pantry name: </data></match></read>
    <write><data>NxYevCOwgGejO\x0a</data></write>
    <read><delim>\x0a</delim><match><data>Enter ingredient name or a \x22done\x22 to quit.\x0a</data></match></read>
    <read><delim>: </delim><match><data>: </data></match></read>
    <write><data>269098v\x0a</data></write>
    <read><delim>: </delim><match><data>Enter the amount: </data></match></read>
    <write><data>1.72\x0a</data></write>
    <read><delim>: </delim><match><data>Enter the cost per unit: </data></match></read>
    <write><data>3.62\x0a</data></write>
    <read><delim>: </delim><match><data>Enter the type \x28oz\x2fgram\x29:</data></match></read>
    <write><data>gram\x0a</data></write>
    <read><delim>\x0a</delim><match><data>Enter ingredient name or a \x22done\x22 to quit.\x0a</data></match></read>
    <read><delim>: </delim><match><data>: </data></match></read>
    <write><data>dxLfIapm\x0a</data></write>
    <read><delim>: </delim><match><data>Enter the amount: </data></match></read>
    <write><data>2.23\x0a</data></write>
    <read><delim>: </delim><match><data>Enter the cost per unit: </data></match></read>
    <write><data>4.02\x0a</data></write>
    <read><delim>: </delim><match><data>Enter the type \x28oz\x2fgram\x29:</data></match></read>
    <write><data>gram\x0a</data></write>
    <read><delim>\x0a</delim><match><data>Enter ingredient name or a \x22done\x22 to quit.\x0a</data></match></read>
    <read><delim>: </delim><match><data>: </data></match></read>
    <write><data>pwACyeE8\x0a</data></write>
    <read><delim>: </delim><match><data>Enter the amount: </data></match></read>
    <write><data>7.81\x0a</data></write>
    <read><delim>: </delim><match><data>Enter the cost per unit: </data></match></read>
    <write><data>6.73\x0a</data></write>
    <read><delim>: </delim><match><data>Enter the type \x28oz\x2fgram\x29:</data></match></read>
    <write><data>oz\x0a</data></write>
    <read><delim>\x0a</delim><match><data>Enter ingredient name or a \x22done\x22 to quit.\x0a</data></match></read>
    <read><delim>: </delim><match><data>: </data></match></read>
    <write><data>pMY9oK\x0a</data></write>
    <read><delim>: </delim><match><data>Enter the amount: </data></match></read>
    <write><data>0.56\x0a</data></write>
    <read><delim>: </delim><match><data>Enter the cost per unit: </data></match></read>
    <write><data>6.11\x0a</data></write>
    <read><delim>: </delim><match><data>Enter the type \x28oz\x2fgram\x29:</data></match></read>
    <write><data>oz\x0a</data></write>
    <read><delim>\x0a</delim><match><data>Enter ingredient name or a \x22done\x22 to quit.\x0a</data></match></read>
    <read><delim>: </delim><match><data>: </data></match></read>
    <write><data>ryXBbax\x0a</data></write>
    <read><delim>: </delim><match><data>Enter the amount: </data></match></read>
    <write><data>2.59\x0a</data></write>
    <read><delim>: </delim><match><data>Enter the cost per unit: </data></match></read>
    <write><data>2.41\x0a</data></write>
    <read><delim>: </delim><match><data>Enter the type \x28oz\x2fgram\x29:</data></match></read>
    <write><data>gram\x0a</data></write>
    <read><delim>\x0a</delim><match><data>Enter ingredient name or a \x22done\x22 to quit.\x0a</data></match></read>
    <read><delim>: </delim><match><data>: </data></match></read>
    <write><data>u6wbuLZoNr\x0a</data></write>
    <read><delim>: </delim><match><data>Enter the amount: </data></match></read>
    <write><data>2.32\x0a</data></write>
    <read><delim>: </delim><match><data>Enter the cost per unit: </data></match></read>
    <write><data>5.04\x0a</data></write>
    <read><delim>: </delim><match><data>Enter the type \x28oz\x2fgram\x29:</data></match></read>
    <write><data>gram\x0a</data></write>
    <read><delim>\x0a</delim><match><data>Enter ingredient name or a \x22done\x22 to quit.\x0a</data></match></read>
    <read><delim>: </delim><match><data>: </data></match></read>
    <write><data>Y2K3SJHw\x0a</data></write>
    <read><delim>: </delim><match><data>Enter the amount: </data></match></read>
    <write><data>3.58\x0a</data></write>
    <read><delim>: </delim><match><data>Enter the cost per unit: </data></match></read>
    <write><data>8.05\x0a</data></write>
    <read><delim>: </delim><match><data>Enter the type \x28oz\x2fgram\x29:</data></match></read>
    <write><data>gram\x0a</data></write>
    <read><delim>\x0a</delim><match><data>Enter ingredient name or a \x22done\x22 to quit.\x0a</data></match></read>
    <read><delim>: </delim><match><data>: </data></match></read>
    <write><data>done\x0a</data></write>
    <read><delim>\x0a</delim><match><data>1\x29 Create Pantry\x0a</data></match></read>
    <read><delim>\x0a</delim><match><data>2\x29 Delete Pantry\x0a</data></match></read>
    <read><delim>\x0a</delim><match><data>3\x29 Print Pantry\x0a</data></match></read>
    <read><delim>\x0a</delim><match><data>4\x29 Print All Pantries\x0a</data></match></read>
    <read><delim>\x0a</delim><match><data>5\x29 Update Pantry\x0a</data></match></read>
    <read><delim>\x0a</delim><match><data>6\x29 Leave Menu\x0a</data></match></read>
    <read><delim> </delim><match><data>\x2d\x3e </data></match></read>
    <write><data>2\x0a</data></write>
    <read><delim>\x0a</delim><match><data>Index: 1\x0a</data></match></read>
    <read><delim>\x0a</delim><match><data>Name: lyUCMsK7\x0a</data></match></read>
    <read><delim>\x0a</delim><match><data>Item:\x0a</data></match></read>
    <read><delim>\x0a</delim><match><data>\x095.130000 g\x09dxLfIapm\x0a</data></match></read>
    <read><delim>\x0a</delim><match><data>\x092.230000 oz\x096gBmCBA\x0a</data></match></read>
    <read><delim>\x0a</delim><match><data>\x096.910000 g\x09bOIc3TBqd\x0a</data></match></read>
    <read><delim>\x0a</delim><match><data>\x097.730000 g\x09VugJzZb4\x0a</data></match></read>
    <read><delim>\x0a</delim><match><data>\x097.340000 oz\x09Y2K3SJHw\x0a</data></match></read>
    <read><delim>\x0a</delim><match><data>\x092.200000 oz\x09pwACyeE8\x0a</data></match></read>
    <read><delim>\x0a\x0a</delim><match><data>\x0a\x0a</data></match></read>
    <read><delim>\x0a</delim><match><data>Index: 2\x0a</data></match></read>
    <read><delim>\x0a</delim><match><data>Name: BLCVok830BC0qj\x0a</data></match></read>
    <read><delim>\x0a</delim><match><data>Item:\x0a</data></match></read>
    <read><delim>\x0a</delim><match><data>\x090.910000 oz\x09ewlWuufFq\x0a</data></match></read>
    <read><delim>\x0a</delim><match><data>\x099.670000 g\x09bOIc3TBqd\x0a</data></match></read>
    <read><delim>\x0a</delim><match><data>\x098.460000 oz\x096gBmCBA\x0a</data></match></read>
    <read><delim>\x0a</delim><match><data>\x091.300000 g\x09VugJzZb4\x0a</data></match></read>
    <read><delim>\x0a</delim><match><data>\x090.730000 oz\x09u6R1LxFLm\x0a</data></match></read>
    <read><delim>\x0a</delim><match><data>\x098.260000 oz\x09pMY9oK\x0a</data></match></read>
    <read><delim>\x0a</delim><match><data>\x093.880000 oz\x092zDyEXIs\x0a</data></match></read>
    <read><delim>\x0a\x0a</delim><match><data>\x0a\x0a</data></match></read>
    <read><delim>\x0a</delim><match><data>Index: 3\x0a</data></match></read>
    <read><delim>\x0a</delim><match><data>Name: NxYevCOwgGejO\x0a</data></match></read>
    <read><delim>\x0a</delim><match><data>Item:\x0a</data></match></read>
    <read><delim>\x0a</delim><match><data>\x093.580000 g\x09Y2K3SJHw\x0a</data></match></read>
    <read><delim>\x0a</delim><match><data>\x092.320000 g\x09u6wbuLZoNr\x0a</data></match></read>
    <read><delim>\x0a</delim><match><data>\x092.590000 g\x09ryXBbax\x0a</data></match></read>
    <read><delim>\x0a</delim><match><data>\x090.560000 oz\x09pMY9oK\x0a</data></match></read>
    <read><delim>\x0a</delim><match><data>\x097.810000 oz\x09pwACyeE8\x0a</data></match></read>
    <read><delim>\x0a</delim><match><data>\x092.230000 g\x09dxLfIapm\x0a</data></match></read>
    <read><delim>\x0a</delim><match><data>\x091.720000 g\x09269098v\x0a</data></match></read>
    <read><delim>\x0a\x0a</delim><match><data>\x0a\x0a</data></match></read>
    <read><delim>: </delim><match><data>Pantry Index \x5b1..128\x5d: </data></match></read>
    <write><data>3\x0a</data></write>
    <read><delim>\x0a</delim><match><data>1\x29 Create Pantry\x0a</data></match></read>
    <read><delim>\x0a</delim><match><data>2\x29 Delete Pantry\x0a</data></match></read>
    <read><delim>\x0a</delim><match><data>3\x29 Print Pantry\x0a</data></match></read>
    <read><delim>\x0a</delim><match><data>4\x29 Print All Pantries\x0a</data></match></read>
    <read><delim>\x0a</delim><match><data>5\x29 Update Pantry\x0a</data></match></read>
    <read><delim>\x0a</delim><match><data>6\x29 Leave Menu\x0a</data></match></read>
    <read><delim> </delim><match><data>\x2d\x3e </data></match></read>
    <write><data>3\x0a</data></write>
    <read><delim>: </delim><match><data>Pantry Index \x5b1..128\x5d: </data></match></read>
    <write><data>1\x0a</data></write>
    <read><delim>\x0a</delim><match><data>Name: lyUCMsK7\x0a</data></match></read>
    <read><delim>\x0a</delim><match><data>Item:\x0a</data></match></read>
    <read><delim>\x0a</delim><match><data>\x095.130000 g\x09dxLfIapm\x0a</data></match></read>
    <read><delim>\x0a</delim><match><data>\x092.230000 oz\x096gBmCBA\x0a</data></match></read>
    <read><delim>\x0a</delim><match><data>\x096.910000 g\x09bOIc3TBqd\x0a</data></match></read>
    <read><delim>\x0a</delim><match><data>\x097.730000 g\x09VugJzZb4\x0a</data></match></read>
    <read><delim>\x0a</delim><match><data>\x097.340000 oz\x09Y2K3SJHw\x0a</data></match></read>
    <read><delim>\x0a</delim><match><data>\x092.200000 oz\x09pwACyeE8\x0a</data></match></read>
    <read><delim>\x0a\x0a</delim><match><data>\x0a\x0a</data></match></read>
    <read><delim>\x0a</delim><match><data>1\x29 Create Pantry\x0a</data></match></read>
    <read><delim>\x0a</delim><match><data>2\x29 Delete Pantry\x0a</data></match></read>
    <read><delim>\x0a</delim><match><data>3\x29 Print Pantry\x0a</data></match></read>
    <read><delim>\x0a</delim><match><data>4\x29 Print All Pantries\x0a</data></match></read>
    <read><delim>\x0a</delim><match><data>5\x29 Update Pantry\x0a</data></match></read>
    <read><delim>\x0a</delim><match><data>6\x29 Leave Menu\x0a</data></match></read>
    <read><delim> </delim><match><data>\x2d\x3e </data></match></read>
    <write><data>2\x0a</data></write>
    <read><delim>\x0a</delim><match><data>Index: 1\x0a</data></match></read>
    <read><delim>\x0a</delim><match><data>Name: lyUCMsK7\x0a</data></match></read>
    <read><delim>\x0a</delim><match><data>Item:\x0a</data></match></read>
    <read><delim>\x0a</delim><match><data>\x095.130000 g\x09dxLfIapm\x0a</data></match></read>
    <read><delim>\x0a</delim><match><data>\x092.230000 oz\x096gBmCBA\x0a</data></match></read>
    <read><delim>\x0a</delim><match><data>\x096.910000 g\x09bOIc3TBqd\x0a</data></match></read>
    <read><delim>\x0a</delim><match><data>\x097.730000 g\x09VugJzZb4\x0a</data></match></read>
    <read><delim>\x0a</delim><match><data>\x097.340000 oz\x09Y2K3SJHw\x0a</data></match></read>
    <read><delim>\x0a</delim><match><data>\x092.200000 oz\x09pwACyeE8\x0a</data></match></read>
    <read><delim>\x0a\x0a</delim><match><data>\x0a\x0a</data></match></read>
    <read><delim>\x0a</delim><match><data>Index: 2\x0a</data></match></read>
    <read><delim>\x0a</delim><match><data>Name: BLCVok830BC0qj\x0a</data></match></read>
    <read><delim>\x0a</delim><match><data>Item:\x0a</data></match></read>
    <read><delim>\x0a</delim><match><data>\x090.910000 oz\x09ewlWuufFq\x0a</data></match></read>
    <read><delim>\x0a</delim><match><data>\x099.670000 g\x09bOIc3TBqd\x0a</data></match></read>
    <read><delim>\x0a</delim><match><data>\x098.460000 oz\x096gBmCBA\x0a</data></match></read>
    <read><delim>\x0a</delim><match><data>\x091.300000 g\x09VugJzZb4\x0a</data></match></read>
    <read><delim>\x0a</delim><match><data>\x090.730000 oz\x09u6R1LxFLm\x0a</data></match></read>
    <read><delim>\x0a</delim><match><data>\x098.260000 oz\x09pMY9oK\x0a</data></match></read>
    <read><delim>\x0a</delim><match><data>\x093.880000 oz\x092zDyEXIs\x0a</data></match></read>
    <read><delim>\x0a\x0a</delim><match><data>\x0a\x0a</data></match></read>
    <read><delim>: </delim><match><data>Pantry Index \x5b1..128\x5d: </data></match></read>
    <write><data>1\x0a</data></write>
    <read><delim>\x0a</delim><match><data>1\x29 Create Pantry\x0a</data></match></read>
    <read><delim>\x0a</delim><match><data>2\x29 Delete Pantry\x0a</data></match></read>
    <read><delim>\x0a</delim><match><data>3\x29 Print Pantry\x0a</data></match></read>
    <read><delim>\x0a</delim><match><data>4\x29 Print All Pantries\x0a</data></match></read>
    <read><delim>\x0a</delim><match><data>5\x29 Update Pantry\x0a</data></match></read>
    <read><delim>\x0a</delim><match><data>6\x29 Leave Menu\x0a</data></match></read>
    <read><delim> </delim><match><data>\x2d\x3e </data></match></read>
    <write><data>6\x0a</data></write>
    <read><delim>\x0a</delim><match><data>Leave.\x0a</data></match></read>
    <read><delim>\x0a</delim><match><data>1\x29 Recipe Menu\x0a</data></match></read>
    <read><delim>\x0a</delim><match><data>2\x29 Pantry Menu\x0a</data></match></read>
    <read><delim>\x0a</delim><match><data>3\x29 Query Recipe\x0a</data></match></read>
    <read><delim>\x0a</delim><match><data>4\x29 Quit\x0a</data></match></read>
    <read><delim> </delim><match><data>\x2d\x3e </data></match></read>
    <write><data>3\x0a</data></write>
    <read><delim>\x0a</delim><match><data>1\x29 List Doable Recipes by Pantry\x0a</data></match></read>
    <read><delim>\x0a</delim><match><data>2\x29 List Doable Recipes by Cost\x0a</data></match></read>
    <read><delim>\x0a</delim><match><data>3\x29 Print Cheapest Recipe\x0a</data></match></read>
    <read><delim>\x0a</delim><match><data>4\x29 Print Most Expensive Recipe\x0a</data></match></read>
    <read><delim>\x0a</delim><match><data>5\x29 Leave Menu\x0a</data></match></read>
    <read><delim>\x3e </delim><match><data>\x2d\x3e </data></match></read>
    <write><data>5\x0a</data></write>
    <read><delim>\x2d\x3e </delim></read>
    <write><data>4\x0a</data></write>
    <read><delim>\x0a</delim></read>
</replay>
</pov>