<?xml version="1.0" standalone="no" ?>
<!DOCTYPE pov SYSTEM "/usr/share/cgc-docs/replay.dtd">
<pov>
<cbid>service</cbid>
<seed>daf59673c74a40dfafd5954e0fc67deb7ff6ec3fea76c7b301eaa651b2ef6bb225110eb4cde81f18e897447f69af0e2b</seed>
<replay>
    <read><delim>: </delim><match><data>Today: </data></match></read>
    <read><delim> </delim><match><data>Wed </data></match></read>
    <read><delim> </delim><match><data>May </data></match></read>
    <read><delim>\x0a\x0a</delim><match><data>12:04:41 2016\x0a\x0a</data></match></read>
    <read><delim>\x0a</delim><match><data>1\x29 Recipe Menu\x0a</data></match></read>
    <read><delim>\x0a</delim><match><data>2\x29 Pantry Menu\x0a</data></match></read>
    <read><delim>\x0a</delim><match><data>3\x29 Query Recipe\x0a</data></match></read>
    <read><delim>\x0a</delim><match><data>4\x29 Quit\x0a</data></match></read>
    <read><delim> </delim><match><data>\x2d\x3e </data></match></read>
    <write><data>2\x0a</data></write>
    <read><delim>\x0a</delim><match><data>1\x29 Create Pantry\x0a</data></match></read>
    <read><delim>\x0a</delim><match><data>2\x29 Delete Pantry\x0a</data></match></read>
    <read><delim>\x0a</delim><match><data>3\x29 Print Pantry\x0a</data></match></read>
    <read><delim>\x0a</delim><match><data>4\x29 Print All Pantries\x0a</data></match></read>
    <read><delim>\x0a</delim><match><data>5\x29 Update Pantry\x0a</data></match></read>
    <read><delim>\x0a</delim><match><data>6\x29 Leave Menu\x0a</data></match></read>
    <read><delim> </delim><match><data>\x2d\x3e </data></match></read>
    <write><data>1\x0a</data></write>
    <read><delim>: </delim><match><data>Enter pantry name: </data></match></read>
    <write><data>68pr8hF8\x0a</data></write>
    <read><delim>\x0a</delim><match><data>Enter ingredient name or a \x22done\x22 to quit.\x0a</data></match></read>
    <read><delim>: </delim><match><data>: </data></match></read>
    <write><data>88R505A1k4\x0a</data></write>
    <read><delim>: </delim><match><data>Enter the amount: </data></match></read>
    <write><data>2.27\x0a</data></write>
    <read><delim>: </delim><match><data>Enter the cost per unit: </data></match></read>
    <write><data>3.84\x0a</data></write>
    <read><delim>: </delim><match><data>Enter the type \x28oz\x2fgram\x29:</data></match></read>
    <write><data>gram\x0a</data></write>
    <read><delim>\x0a</delim><match><data>Enter ingredient name or a \x22done\x22 to quit.\x0a</data></match></read>
    <read><delim>: </delim><match><data>: </data></match></read>
    <write><data>QutZmbZ\x0a</data></write>
    <read><delim>: </delim><match><data>Enter the amount: </data></match></read>
    <write><data>0.47\x0a</data></write>
    <read><delim>: </delim><match><data>Enter the cost per unit: </data></match></read>
    <write><data>7.31\x0a</data></write>
    <read><delim>: </delim><match><data>Enter the type \x28oz\x2fgram\x29:</data></match></read>
    <write><data>gram\x0a</data></write>
    <read><delim>\x0a</delim><match><data>Enter ingredient name or a \x22done\x22 to quit.\x0a</data></match></read>
    <read><delim>: </delim><match><data>: </data></match></read>
    <write><data>lD3NUk\x0a</data></write>
    <read><delim>: </delim><match><data>Enter the amount: </data></match></read>
    <write><data>2.75\x0a</data></write>
    <read><delim>: </delim><match><data>Enter the cost per unit: </data></match></read>
    <write><data>6.14\x0a</data></write>
    <read><delim>: </delim><match><data>Enter the type \x28oz\x2fgram\x29:</data></match></read>
    <write><data>gram\x0a</data></write>
    <read><delim>\x0a</delim><match><data>Enter ingredient name or a \x22done\x22 to quit.\x0a</data></match></read>
    <read><delim>: </delim><match><data>: </data></match></read>
    <write><data>McAZWNu\x0a</data></write>
    <read><delim>: </delim><match><data>Enter the amount: </data></match></read>
    <write><data>0.97\x0a</data></write>
    <read><delim>: </delim><match><data>Enter the cost per unit: </data></match></read>
    <write><data>1.79\x0a</data></write>
    <read><delim>: </delim><match><data>Enter the type \x28oz\x2fgram\x29:</data></match></read>
    <write><data>gram\x0a</data></write>
    <read><delim>\x0a</delim><match><data>Enter ingredient name or a \x22done\x22 to quit.\x0a</data></match></read>
    <read><delim>: </delim><match><data>: </data></match></read>
    <write><data>WyXzcDcO\x0a</data></write>
    <read><delim>: </delim><match><data>Enter the amount: </data></match></read>
    <write><data>5.44\x0a</data></write>
    <read><delim>: </delim><match><data>Enter the cost per unit: </data></match></read>
    <write><data>2.72\x0a</data></write>
    <read><delim>: </delim><match><data>Enter the type \x28oz\x2fgram\x29:</data></match></read>
    <write><data>oz\x0a</data></write>
    <read><delim>\x0a</delim><match><data>Enter ingredient name or a \x22done\x22 to quit.\x0a</data></match></read>
    <read><delim>: </delim><match><data>: </data></match></read>
    <write><data>done\x0a</data></write>
    <read><delim>\x0a</delim><match><data>1\x29 Create Pantry\x0a</data></match></read>
    <read><delim>\x0a</delim><match><data>2\x29 Delete Pantry\x0a</data></match></read>
    <read><delim>\x0a</delim><match><data>3\x29 Print Pantry\x0a</data></match></read>
    <read><delim>\x0a</delim><match><data>4\x29 Print All Pantries\x0a</data></match></read>
    <read><delim>\x0a</delim><match><data>5\x29 Update Pantry\x0a</data></match></read>
    <read><delim>\x0a</delim><match><data>6\x29 Leave Menu\x0a</data></match></read>
    <read><delim> </delim><match><data>\x2d\x3e </data></match></read>
    <write><data>1\x0a</data></write>
    <read><delim>: </delim><match><data>Enter pantry name: </data></match></read>
    <write><data>ffKeF9LDgif5ZQ\x0a</data></write>
    <read><delim>\x0a</delim><match><data>Enter ingredient name or a \x22done\x22 to quit.\x0a</data></match></read>
    <read><delim>: </delim><match><data>: </data></match></read>
    <write><data>WyXzcDcO\x0a</data></write>
    <read><delim>: </delim><match><data>Enter the amount: </data></match></read>
    <write><data>4.69\x0a</data></write>
    <read><delim>: </delim><match><data>Enter the cost per unit: </data></match></read>
    <write><data>5.02\x0a</data></write>
    <read><delim>: </delim><match><data>Enter the type \x28oz\x2fgram\x29:</data></match></read>
    <write><data>gram\x0a</data></write>
    <read><delim>\x0a</delim><match><data>Enter ingredient name or a \x22done\x22 to quit.\x0a</data></match></read>
    <read><delim>: </delim><match><data>: </data></match></read>
    <write><data>iq5vGqK0ba\x0a</data></write>
    <read><delim>: </delim><match><data>Enter the amount: </data></match></read>
    <write><data>6.83\x0a</data></write>
    <read><delim>: </delim><match><data>Enter the cost per unit: </data></match></read>
    <write><data>9.48\x0a</data></write>
    <read><delim>: </delim><match><data>Enter the type \x28oz\x2fgram\x29:</data></match></read>
    <write><data>gram\x0a</data></write>
    <read><delim>\x0a</delim><match><data>Enter ingredient name or a \x22done\x22 to quit.\x0a</data></match></read>
    <read><delim>: </delim><match><data>: </data></match></read>
    <write><data>pd3y8n1l\x0a</data></write>
    <read><delim>: </delim><match><data>Enter the amount: </data></match></read>
    <write><data>3.62\x0a</data></write>
    <read><delim>: </delim><match><data>Enter the cost per unit: </data></match></read>
    <write><data>7.32\x0a</data></write>
    <read><delim>: </delim><match><data>Enter the type \x28oz\x2fgram\x29:</data></match></read>
    <write><data>oz\x0a</data></write>
    <read><delim>\x0a</delim><match><data>Enter ingredient name or a \x22done\x22 to quit.\x0a</data></match></read>
    <read><delim>: </delim><match><data>: </data></match></read>
    <write><data>lD3NUk\x0a</data></write>
    <read><delim>: </delim><match><data>Enter the amount: </data></match></read>
    <write><data>8.08\x0a</data></write>
    <read><delim>: </delim><match><data>Enter the cost per unit: </data></match></read>
    <write><data>6.12\x0a</data></write>
    <read><delim>: </delim><match><data>Enter the type \x28oz\x2fgram\x29:</data></match></read>
    <write><data>oz\x0a</data></write>
    <read><delim>\x0a</delim><match><data>Enter ingredient name or a \x22done\x22 to quit.\x0a</data></match></read>
    <read><delim>: </delim><match><data>: </data></match></read>
    <write><data>cCzXqzXt60\x0a</data></write>
    <read><delim>: </delim><match><data>Enter the amount: </data></match></read>
    <write><data>6.70\x0a</data></write>
    <read><delim>: </delim><match><data>Enter the cost per unit: </data></match></read>
    <write><data>2.55\x0a</data></write>
    <read><delim>: </delim><match><data>Enter the type \x28oz\x2fgram\x29:</data></match></read>
    <write><data>gram\x0a</data></write>
    <read><delim>\x0a</delim><match><data>Enter ingredient name or a \x22done\x22 to quit.\x0a</data></match></read>
    <read><delim>: </delim><match><data>: </data></match></read>
    <write><data>zfdsCNyUr\x0a</data></write>
    <read><delim>: </delim><match><data>Enter the amount: </data></match></read>
    <write><data>1.48\x0a</data></write>
    <read><delim>: </delim><match><data>Enter the cost per unit: </data></match></read>
    <write><data>8.40\x0a</data></write>
    <read><delim>: </delim><match><data>Enter the type \x28oz\x2fgram\x29:</data></match></read>
    <write><data>gram\x0a</data></write>
    <read><delim>\x0a</delim><match><data>Enter ingredient name or a \x22done\x22 to quit.\x0a</data></match></read>
    <read><delim>: </delim><match><data>: </data></match></read>
    <write><data>l7GSRiWi\x0a</data></write>
    <read><delim>: </delim><match><data>Enter the amount: </data></match></read>
    <write><data>0.99\x0a</data></write>
    <read><delim>: </delim><match><data>Enter the cost per unit: </data></match></read>
    <write><data>0.84\x0a</data></write>
    <read><delim>: </delim><match><data>Enter the type \x28oz\x2fgram\x29:</data></match></read>
    <write><data>oz\x0a</data></write>
    <read><delim>\x0a</delim><match><data>Enter ingredient name or a \x22done\x22 to quit.\x0a</data></match></read>
    <read><delim>: </delim><match><data>: </data></match></read>
    <write><data>MbY3HFu9O\x0a</data></write>
    <read><delim>: </delim><match><data>Enter the amount: </data></match></read>
    <write><data>5.19\x0a</data></write>
    <read><delim>: </delim><match><data>Enter the cost per unit: </data></match></read>
    <write><data>9.40\x0a</data></write>
    <read><delim>: </delim><match><data>Enter the type \x28oz\x2fgram\x29:</data></match></read>
    <write><data>oz\x0a</data></write>
    <read><delim>\x0a</delim><match><data>Enter ingredient name or a \x22done\x22 to quit.\x0a</data></match></read>
    <read><delim>: </delim><match><data>: </data></match></read>
    <write><data>bvAdOGAKk\x0a</data></write>
    <read><delim>: </delim><match><data>Enter the amount: </data></match></read>
    <write><data>1.83\x0a</data></write>
    <read><delim>: </delim><match><data>Enter the cost per unit: </data></match></read>
    <write><data>4.60\x0a</data></write>
    <read><delim>: </delim><match><data>Enter the type \x28oz\x2fgram\x29:</data></match></read>
    <write><data>oz\x0a</data></write>
    <read><delim>\x0a</delim><match><data>Enter ingredient name or a \x22done\x22 to quit.\x0a</data></match></read>
    <read><delim>: </delim><match><data>: </data></match></read>
    <write><data>QutZmbZ\x0a</data></write>
    <read><delim>: </delim><match><data>Enter the amount: </data></match></read>
    <write><data>1.00\x0a</data></write>
    <read><delim>: </delim><match><data>Enter the cost per unit: </data></match></read>
    <write><data>3.08\x0a</data></write>
    <read><delim>: </delim><match><data>Enter the type \x28oz\x2fgram\x29:</data></match></read>
    <write><data>oz\x0a</data></write>
    <read><delim>\x0a</delim><match><data>Enter ingredient name or a \x22done\x22 to quit.\x0a</data></match></read>
    <read><delim>: </delim><match><data>: </data></match></read>
    <write><data>ZjQMjrDDS\x0a</data></write>
    <read><delim>: </delim><match><data>Enter the amount: </data></match></read>
    <write><data>1.98\x0a</data></write>
    <read><delim>: </delim><match><data>Enter the cost per unit: </data></match></read>
    <write><data>6.74\x0a</data></write>
    <read><delim>: </delim><match><data>Enter the type \x28oz\x2fgram\x29:</data></match></read>
    <write><data>gram\x0a</data></write>
    <read><delim>\x0a</delim><match><data>Enter ingredient name or a \x22done\x22 to quit.\x0a</data></match></read>
    <read><delim>: </delim><match><data>: </data></match></read>
    <write><data>ZmfwRhad\x0a</data></write>
    <read><delim>: </delim><match><data>Enter the amount: </data></match></read>
    <write><data>2.23\x0a</data></write>
    <read><delim>: </delim><match><data>Enter the cost per unit: </data></match></read>
    <write><data>8.00\x0a</data></write>
    <read><delim>: </delim><match><data>Enter the type \x28oz\x2fgram\x29:</data></match></read>
    <write><data>oz\x0a</data></write>
    <read><delim>\x0a</delim><match><data>Enter ingredient name or a \x22done\x22 to quit.\x0a</data></match></read>
    <read><delim>: </delim><match><data>: </data></match></read>
    <write><data>McAZWNu\x0a</data></write>
    <read><delim>: </delim><match><data>Enter the amount: </data></match></read>
    <write><data>1.04\x0a</data></write>
    <read><delim>: </delim><match><data>Enter the cost per unit: </data></match></read>
    <write><data>7.39\x0a</data></write>
    <read><delim>: </delim><match><data>Enter the type \x28oz\x2fgram\x29:</data></match></read>
    <write><data>oz\x0a</data></write>
    <read><delim>\x0a</delim><match><data>Enter ingredient name or a \x22done\x22 to quit.\x0a</data></match></read>
    <read><delim>: </delim><match><data>: </data></match></read>
    <write><data>th2GXf\x0a</data></write>
    <read><delim>: </delim><match><data>Enter the amount: </data></match></read>
    <write><data>6.54\x0a</data></write>
    <read><delim>: </delim><match><data>Enter the cost per unit: </data></match></read>
    <write><data>1.16\x0a</data></write>
    <read><delim>: </delim><match><data>Enter the type \x28oz\x2fgram\x29:</data></match></read>
    <write><data>oz\x0a</data></write>
    <read><delim>\x0a</delim><match><data>Enter ingredient name or a \x22done\x22 to quit.\x0a</data></match></read>
    <read><delim>: </delim><match><data>: </data></match></read>
    <write><data>O4F6X1\x0a</data></write>
    <read><delim>: </delim><match><data>Enter the amount: </data></match></read>
    <write><data>2.06\x0a</data></write>
    <read><delim>: </delim><match><data>Enter the cost per unit: </data></match></read>
    <write><data>6.00\x0a</data></write>
    <read><delim>: </delim><match><data>Enter the type \x28oz\x2fgram\x29:</data></match></read>
    <write><data>gram\x0a</data></write>
    <read><delim>\x0a</delim><match><data>Enter ingredient name or a \x22done\x22 to quit.\x0a</data></match></read>
    <read><delim>: </delim><match><data>: </data></match></read>
    <write><data>done\x0a</data></write>
    <read><delim>\x0a</delim><match><data>1\x29 Create Pantry\x0a</data></match></read>
    <read><delim>\x0a</delim><match><data>2\x29 Delete Pantry\x0a</data></match></read>
    <read><delim>\x0a</delim><match><data>3\x29 Print Pantry\x0a</data></match></read>
    <read><delim>\x0a</delim><match><data>4\x29 Print All Pantries\x0a</data></match></read>
    <read><delim>\x0a</delim><match><data>5\x29 Update Pantry\x0a</data></match></read>
    <read><delim>\x0a</delim><match><data>6\x29 Leave Menu\x0a</data></match></read>
    <read><delim> </delim><match><data>\x2d\x3e </data></match></read>
    <write><data>6\x0a</data></write>
    <read><delim>\x0a</delim><match><data>Leave.\x0a</data></match></read>
    <read><delim>\x0a</delim><match><data>1\x29 Recipe Menu\x0a</data></match></read>
    <read><delim>\x0a</delim><match><data>2\x29 Pantry Menu\x0a</data></match></read>
    <read><delim>\x0a</delim><match><data>3\x29 Query Recipe\x0a</data></match></read>
    <read><delim>\x0a</delim><match><data>4\x29 Quit\x0a</data></match></read>
    <read><delim> </delim><match><data>\x2d\x3e </data></match></read>
    <write><data>1\x0a</data></write>
    <read><delim>\x0a</delim><match><data>1\x29 Add Recipe\x0a</data></match></read>
    <read><delim>\x0a</delim><match><data>2\x29 Remove Recipe\x0a</data></match></read>
    <read><delim>\x0a</delim><match><data>3\x29 List Recipe\x0a</data></match></read>
    <read><delim>\x0a</delim><match><data>4\x29 List All\x0a</data></match></read>
    <read><delim>\x0a</delim><match><data>5\x29 Print Name\x0a</data></match></read>
    <read><delim>\x0a</delim><match><data>6\x29 Recipe Costs\x0a</data></match></read>
    <read><delim>\x0a</delim><match><data>7\x29 Leave Menu\x0a</data></match></read>
    <read><delim>\x2d\x3e </delim><match><data>\x2d\x3e </data></match></read>
    <write><data>1\x0a</data></write>
    <read><delim>: </delim><match><data>Enter recipe name: </data></match></read>
    <write><data>QiA10\x0a</data></write>
    <read><delim>\x0a</delim><match><data>Enter ingredient name or a \x22done\x22 to quit.\x0a</data></match></read>
    <read><delim>: </delim><match><data>: </data></match></read>
    <write><data>egV4yOFoR\x0a</data></write>
    <read><delim>: </delim><match><data>Enter the amount: </data></match></read>
    <write><data>8.96\x0a</data></write>
    <read><delim>: </delim><match><data>Enter the cost per unit: </data></match></read>
    <write><data>1.71\x0a</data></write>
    <read><delim>: </delim><match><data>Enter the type \x28oz\x2fgram\x29:</data></match></read>
    <write><data>gram\x0a</data></write>
    <read><delim>\x0a</delim><match><data>Enter ingredient name or a \x22done\x22 to quit.\x0a</data></match></read>
    <read><delim>: </delim><match><data>: </data></match></read>
    <write><data>iq5vGqK0ba\x0a</data></write>
    <read><delim>: </delim><match><data>Enter the amount: </data></match></read>
    <write><data>0.79\x0a</data></write>
    <read><delim>: </delim><match><data>Enter the cost per unit: </data></match></read>
    <write><data>7.18\x0a</data></write>
    <read><delim>: </delim><match><data>Enter the type \x28oz\x2fgram\x29:</data></match></read>
    <write><data>gram\x0a</data></write>
    <read><delim>\x0a</delim><match><data>Enter ingredient name or a \x22done\x22 to quit.\x0a</data></match></read>
    <read><delim>: </delim><match><data>: </data></match></read>
    <write><data>pd3y8n1l\x0a</data></write>
    <read><delim>: </delim><match><data>Enter the amount: </data></match></read>
    <write><data>7.04\x0a</data></write>
    <read><delim>: </delim><match><data>Enter the cost per unit: </data></match></read>
    <write><data>9.02\x0a</data></write>
    <read><delim>: </delim><match><data>Enter the type \x28oz\x2fgram\x29:</data></match></read>
    <write><data>gram\x0a</data></write>
    <read><delim>\x0a</delim><match><data>Enter ingredient name or a \x22done\x22 to quit.\x0a</data></match></read>
    <read><delim>: </delim><match><data>: </data></match></read>
    <write><data>done\x0a</data></write>
    <read><delim>: </delim><match><data>Enter Instruction: </data></match></read>
    <write><data>fNWaLnWsG5hsKh6\x0a</data></write>
    <read><delim>: </delim><match><data>Enter Instruction: </data></match></read>
    <write><data>bYoDYWS892PccnbIs\x0a</data></write>
    <read><delim>: </delim><match><data>Enter Instruction: </data></match></read>
    <write><data>4rBvBUBf2NENo\x0a</data></write>
    <read><delim>: </delim><match><data>Enter Instruction: </data></match></read>
    <write><data>zjTEcko3z1N4MQLZLeg\x0a</data></write>
    <read><delim>: </delim><match><data>Enter Instruction: </data></match></read>
    <write><data>zFCIdI5zqD\x0a</data></write>
    <read><delim>: </delim><match><data>Enter Instruction: </data></match></read>
    <write><data>W4gGCK7VfvvfSR1BV6P\x0a</data></write>
    <read><delim>: </delim><match><data>Enter Instruction: </data></match></read>
    <write><data>OUvFuvGcxRfw\x0a</data></write>
    <read><delim>: </delim><match><data>Enter Instruction: </data></match></read>
    <write><data>done\x0a</data></write>
    <read><delim>\x0a</delim><match><data>1\x29 Add Recipe\x0a</data></match></read>
    <read><delim>\x0a</delim><match><data>2\x29 Remove Recipe\x0a</data></match></read>
    <read><delim>\x0a</delim><match><data>3\x29 List Recipe\x0a</data></match></read>
    <read><delim>\x0a</delim><match><data>4\x29 List All\x0a</data></match></read>
    <read><delim>\x0a</delim><match><data>5\x29 Print Name\x0a</data></match></read>
    <read><delim>\x0a</delim><match><data>6\x29 Recipe Costs\x0a</data></match></read>
    <read><delim>\x0a</delim><match><data>7\x29 Leave Menu\x0a</data></match></read>
    <read><delim>\x2d\x3e </delim><match><data>\x2d\x3e </data></match></read>
    <write><data>1\x0a</data></write>
    <read><delim>: </delim><match><data>Enter recipe name: </data></match></read>
    <write><data>BsdK8e48\x0a</data></write>
    <read><delim>\x0a</delim><match><data>Enter ingredient name or a \x22done\x22 to quit.\x0a</data></match></read>
    <read><delim>: </delim><match><data>: </data></match></read>
    <write><data>kRMTlc2I9\x0a</data></write>
    <read><delim>: </delim><match><data>Enter the amount: </data></match></read>
    <write><data>0.94\x0a</data></write>
    <read><delim>: </delim><match><data>Enter the cost per unit: </data></match></read>
    <write><data>5.22\x0a</data></write>
    <read><delim>: </delim><match><data>Enter the type \x28oz\x2fgram\x29:</data></match></read>
    <write><data>oz\x0a</data></write>
    <read><delim>\x0a</delim><match><data>Enter ingredient name or a \x22done\x22 to quit.\x0a</data></match></read>
    <read><delim>: </delim><match><data>: </data></match></read>
    <write><data>done\x0a</data></write>
    <read><delim>: </delim><match><data>Enter Instruction: </data></match></read>
    <write><data>YZ1OwMZuv1QNNkI2ovX\x0a</data></write>
    <read><delim>: </delim><match><data>Enter Instruction: </data></match></read>
    <write><data>Ylx9dAzKwG\x0a</data></write>
    <read><delim>: </delim><match><data>Enter Instruction: </data></match></read>
    <write><data>6FuwBRPEm1tW8\x0a</data></write>
    <read><delim>: </delim><match><data>Enter Instruction: </data></match></read>
    <write><data>done\x0a</data></write>
    <read><delim>\x0a</delim><match><data>1\x29 Add Recipe\x0a</data></match></read>
    <read><delim>\x0a</delim><match><data>2\x29 Remove Recipe\x0a</data></match></read>
    <read><delim>\x0a</delim><match><data>3\x29 List Recipe\x0a</data></match></read>
    <read><delim>\x0a</delim><match><data>4\x29 List All\x0a</data></match></read>
    <read><delim>\x0a</delim><match><data>5\x29 Print Name\x0a</data></match></read>
    <read><delim>\x0a</delim><match><data>6\x29 Recipe Costs\x0a</data></match></read>
    <read><delim>\x0a</delim><match><data>7\x29 Leave Menu\x0a</data></match></read>
    <read><delim>\x2d\x3e </delim><match><data>\x2d\x3e </data></match></read>
    <write><data>1\x0a</data></write>
    <read><delim>: </delim><match><data>Enter recipe name: </data></match></read>
    <write><data>hoy1U51Q\x0a</data></write>
    <read><delim>\x0a</delim><match><data>Enter ingredient name or a \x22done\x22 to quit.\x0a</data></match></read>
    <read><delim>: </delim><match><data>: </data></match></read>
    <write><data>McAZWNu\x0a</data></write>
    <read><delim>: </delim><match><data>Enter the amount: </data></match></read>
    <write><data>2.44\x0a</data></write>
    <read><delim>: </delim><match><data>Enter the cost per unit: </data></match></read>
    <write><data>7.97\x0a</data></write>
    <read><delim>: </delim><match><data>Enter the type \x28oz\x2fgram\x29:</data></match></read>
    <write><data>gram\x0a</data></write>
    <read><delim>\x0a</delim><match><data>Enter ingredient name or a \x22done\x22 to quit.\x0a</data></match></read>
    <read><delim>: </delim><match><data>: </data></match></read>
    <write><data>drJHPs\x0a</data></write>
    <read><delim>: </delim><match><data>Enter the amount: </data></match></read>
    <write><data>0.88\x0a</data></write>
    <read><delim>: </delim><match><data>Enter the cost per unit: </data></match></read>
    <write><data>5.30\x0a</data></write>
    <read><delim>: </delim><match><data>Enter the type \x28oz\x2fgram\x29:</data></match></read>
    <write><data>gram\x0a</data></write>
    <read><delim>\x0a</delim><match><data>Enter ingredient name or a \x22done\x22 to quit.\x0a</data></match></read>
    <read><delim>: </delim><match><data>: </data></match></read>
    <write><data>done\x0a</data></write>
    <read><delim>: </delim><match><data>Enter Instruction: </data></match></read>
    <write><data>TUnPKQikQG6ZPKx6vF\x0a</data></write>
    <read><delim>: </delim><match><data>Enter Instruction: </data></match></read>
    <write><data>gEl4AP0sS8V1bXreWT\x0a</data></write>
    <read><delim>: </delim><match><data>Enter Instruction: </data></match></read>
    <write><data>ydwoRKmF1Jtr9Z\x0a</data></write>
    <read><delim>: </delim><match><data>Enter Instruction: </data></match></read>
    <write><data>Fa5xQWjCuv\x0a</data></write>
    <read><delim>: </delim><match><data>Enter Instruction: </data></match></read>
    <write><data>V6u0kQ7ZC1ij\x0a</data></write>
    <read><delim>: </delim><match><data>Enter Instruction: </data></match></read>
    <write><data>done\x0a</data></write>
    <read><delim>\x0a</delim><match><data>1\x29 Add Recipe\x0a</data></match></read>
    <read><delim>\x0a</delim><match><data>2\x29 Remove Recipe\x0a</data></match></read>
    <read><delim>\x0a</delim><match><data>3\x29 List Recipe\x0a</data></match></read>
    <read><delim>\x0a</delim><match><data>4\x29 List All\x0a</data></match></read>
    <read><delim>\x0a</delim><match><data>5\x29 Print Name\x0a</data></match></read>
    <read><delim>\x0a</delim><match><data>6\x29 Recipe Costs\x0a</data></match></read>
    <read><delim>\x0a</delim><match><data>7\x29 Leave Menu\x0a</data></match></read>
    <read><delim>\x2d\x3e </delim><match><data>\x2d\x3e </data></match></read>
    <write><data>7\x0a</data></write>
    <read><delim>\x0a</delim><match><data>Leave\x0a</data></match></read>
    <read><delim>\x0a</delim><match><data>1\x29 Recipe Menu\x0a</data></match></read>
    <read><delim>\x0a</delim><match><data>2\x29 Pantry Menu\x0a</data></match></read>
    <read><delim>\x0a</delim><match><data>3\x29 Query Recipe\x0a</data></match></read>
    <read><delim>\x0a</delim><match><data>4\x29 Quit\x0a</data></match></read>
    <read><delim> </delim><match><data>\x2d\x3e </data></match></read>
    <write><data>3\x0a</data></write>
    <read><delim>\x0a</delim><match><data>1\x29 List Doable Recipes by Pantry\x0a</data></match></read>
    <read><delim>\x0a</delim><match><data>2\x29 List Doable Recipes by Cost\x0a</data></match></read>
    <read><delim>\x0a</delim><match><data>3\x29 Print Cheapest Recipe\x0a</data></match></read>
    <read><delim>\x0a</delim><match><data>4\x29 Print Most Expensive Recipe\x0a</data></match></read>
    <read><delim>\x0a</delim><match><data>5\x29 Leave Menu\x0a</data></match></read>
    <read><delim>\x3e </delim><match><data>\x2d\x3e </data></match></read>
    <write><data>1\x0a</data></write>
    <read><delim>\x0a</delim><match><data>Select a pantry:\x0a</data></match></read>
    <read><delim>\x0a</delim><match><data>1\x29 68pr8hF8\x0a</data></match></read>
    <read><delim>\x0a</delim><match><data>2\x29 ffKeF9LDgif5ZQ\x0a</data></match></read>
    <read><delim>\x3e </delim><match><data>\x2d\x3e </data></match></read>
    <write><data>2\x0a</data></write>
    <read><delim>\x0a</delim><match><data>1\x29 List Doable Recipes by Pantry\x0a</data></match></read>
    <read><delim>\x0a</delim><match><data>2\x29 List Doable Recipes by Cost\x0a</data></match></read>
    <read><delim>\x0a</delim><match><data>3\x29 Print Cheapest Recipe\x0a</data></match></read>
    <read><delim>\x0a</delim><match><data>4\x29 Print Most Expensive Recipe\x0a</data></match></read>
    <read><delim>\x0a</delim><match><data>5\x29 Leave Menu\x0a</data></match></read>
    <read><delim>\x3e </delim><match><data>\x2d\x3e </data></match></read>
    <write><data>2\x0a</data></write>
    <read><delim>: </delim><match><data>How much can you spend: </data></match></read>
    <write><data>3194\x0a</data></write>
    <read><delim>\x0a</delim><match><data>You can make: \x0a</data></match></read>
    <read><delim>\x0a</delim><match><data>\x091\x29 QiA10\x0a</data></match></read>
    <read><delim>\x0a</delim><match><data>\x092\x29 BsdK8e48\x0a</data></match></read>
    <read><delim>\x0a</delim><match><data>\x093\x29 hoy1U51Q\x0a</data></match></read>
    <read><delim>\x0a</delim><match><data>1\x29 List Doable Recipes by Pantry\x0a</data></match></read>
    <read><delim>\x0a</delim><match><data>2\x29 List Doable Recipes by Cost\x0a</data></match></read>
    <read><delim>\x0a</delim><match><data>3\x29 Print Cheapest Recipe\x0a</data></match></read>
    <read><delim>\x0a</delim><match><data>4\x29 Print Most Expensive Recipe\x0a</data></match></read>
    <read><delim>\x0a</delim><match><data>5\x29 Leave Menu\x0a</data></match></read>
    <read><delim>\x3e </delim><match><data>\x2d\x3e </data></match></read>
    <write><data>2\x0a</data></write>
    <read><delim>: </delim><match><data>How much can you spend: </data></match></read>
    <write><data>2669\x0a</data></write>
    <read><delim>\x0a</delim><match><data>You can make: \x0a</data></match></read>
    <read><delim>\x0a</delim><match><data>\x091\x29 QiA10\x0a</data></match></read>
    <read><delim>\x0a</delim><match><data>\x092\x29 BsdK8e48\x0a</data></match></read>
    <read><delim>\x0a</delim><match><data>\x093\x29 hoy1U51Q\x0a</data></match></read>
    <read><delim>\x0a</delim><match><data>1\x29 List Doable Recipes by Pantry\x0a</data></match></read>
    <read><delim>\x0a</delim><match><data>2\x29 List Doable Recipes by Cost\x0a</data></match></read>
    <read><delim>\x0a</delim><match><data>3\x29 Print Cheapest Recipe\x0a</data></match></read>
    <read><delim>\x0a</delim><match><data>4\x29 Print Most Expensive Recipe\x0a</data></match></read>
    <read><delim>\x0a</delim><match><data>5\x29 Leave Menu\x0a</data></match></read>
    <read><delim>\x3e </delim><match><data>\x2d\x3e </data></match></read>
    <write><data>4\x0a</data></write>
    <read><delim>\x0a</delim><match><data>Most expensive: 1 at 84.494600\x0a</data></match></read>
    <read><delim>\x0a</delim><match><data>1\x29 List Doable Recipes by Pantry\x0a</data></match></read>
    <read><delim>\x0a</delim><match><data>2\x29 List Doable Recipes by Cost\x0a</data></match></read>
    <read><delim>\x0a</delim><match><data>3\x29 Print Cheapest Recipe\x0a</data></match></read>
    <read><delim>\x0a</delim><match><data>4\x29 Print Most Expensive Recipe\x0a</data></match></read>
    <read><delim>\x0a</delim><match><data>5\x29 Leave Menu\x0a</data></match></read>
    <read><delim>\x3e </delim><match><data>\x2d\x3e </data></match></read>
    <write><data>1\x0a</data></write>
    <read><delim>\x0a</delim><match><data>Select a pantry:\x0a</data></match></read>
    <read><delim>\x0a</delim><match><data>1\x29 68pr8hF8\x0a</data></match></read>
    <read><delim>\x0a</delim><match><data>2\x29 ffKeF9LDgif5ZQ\x0a</data></match></read>
    <read><delim>\x3e </delim><match><data>\x2d\x3e </data></match></read>
    <write><data>2\x0a</data></write>
    <read><delim>\x0a</delim><match><data>1\x29 List Doable Recipes by Pantry\x0a</data></match></read>
    <read><delim>\x0a</delim><match><data>2\x29 List Doable Recipes by Cost\x0a</data></match></read>
    <read><delim>\x0a</delim><match><data>3\x29 Print Cheapest Recipe\x0a</data></match></read>
    <read><delim>\x0a</delim><match><data>4\x29 Print Most Expensive Recipe\x0a</data></match></read>
    <read><delim>\x0a</delim><match><data>5\x29 Leave Menu\x0a</data></match></read>
    <read><delim>\x3e </delim><match><data>\x2d\x3e </data></match></read>
    <write><data>2\x0a</data></write>
    <read><delim>: </delim><match><data>How much can you spend: </data></match></read>
    <write><data>491.\x0a</data></write>
    <read><delim>\x0a</delim><match><data>You can make: \x0a</data></match></read>
    <read><delim>\x0a</delim><match><data>\x091\x29 QiA10\x0a</data></match></read>
    <read><delim>\x0a</delim><match><data>\x092\x29 BsdK8e48\x0a</data></match></read>
    <read><delim>\x0a</delim><match><data>\x093\x29 hoy1U51Q\x0a</data></match></read>
    <read><delim>\x0a</delim><match><data>1\x29 List Doable Recipes by Pantry\x0a</data></match></read>
    <read><delim>\x0a</delim><match><data>2\x29 List Doable Recipes by Cost\x0a</data></match></read>
    <read><delim>\x0a</delim><match><data>3\x29 Print Cheapest Recipe\x0a</data></match></read>
    <read><delim>\x0a</delim><match><data>4\x29 Print Most Expensive Recipe\x0a</data></match></read>
    <read><delim>\x0a</delim><match><data>5\x29 Leave Menu\x0a</data></match></read>
    <read><delim>\x3e </delim><match><data>\x2d\x3e </data></match></read>
    <write><data>5\x0a</data></write>
    <read><delim>\x2d\x3e </delim></read>
    <write><data>4\x0a</data></write>
    <read><delim>\x0a</delim></read>
</replay>
</pov>