<?xml version="1.0" standalone="no" ?>
<!DOCTYPE pov SYSTEM "/usr/share/cgc-docs/replay.dtd">
<pov>
<cbid>service</cbid>
<seed>7fadcb762ca18dff44b39ef60364cb58403ba9aa87df85207732f3f1f98a0190e315b9653cd20220c813d5721129192b</seed>
<replay>
    <read><delim>\x0a</delim><match><data>Starting test for device \x28512\x2c 16\x2c 608\x29:</data></match></read>
    <!-- Failed open attempt \x28read\x29 no files available -->
    <write><data>\x00</data></write>
    <write><data>\x05</data></write>
    <write><data>\x01</data></write>
    <write><data>h\x99w\xe1\xf1</data></write>
    <read><length>4</length><match><data>\xff\xff\xff\xff</data></match></read>
    <read><length>4</length><match><data>\x00\x00\x00\x00</data></match></read>
    <!-- Bad delete attempt: invalid file -->
    <write><data>\x04</data></write>
    <write><data>\x0a</data></write>
    <write><data>p\x7e\x88Jll\xb5\xc5\x99 </data></write>
    <read><length>4</length><match><data>\xff\xff\xff\xff</data></match></read>
    <read><length>4</length><match><data>\x00\x00\x00\x00</data></match></read>
    <write><data>\x05</data></write>
    <read><delim>\x0a</delim><match><data>Stop simulation\x0a</data></match></read>
</replay>
</pov>