<?xml version="1.0" standalone="no" ?>
<!DOCTYPE pov SYSTEM "/usr/share/cgc-docs/replay.dtd">
<pov>
<cbid>service</cbid>
<seed>e1e3f269d2189f81e203f8715b2e011cdb23483068237d6f7604c07520eaa85b70947361514d70825ad890adf099b26b</seed>
<replay>
    <read><delim>\x0a</delim><match><data>Starting test for device \x28256\x2c 8\x2c 600\x29:</data></match></read>
    <!-- Successful open attempt \x28write\x29 -->
    <write><data>\x00</data></write>
    <write><data>\x09</data></write>
    <write><data>\x02</data></write>
    <write><data>\xd9\x09XAr\x5d\x0a\x8dD</data></write>
    <read><length>4</length><match><data>\x00\x00\x00\x00</data></match></read>
    <read><length>4</length><match><data>\x00\x00\x00\x00</data></match></read>
    <write><data>\x05</data></write>
    <read><delim>\x0a</delim><match><data>Stop simulation\x0a</data></match></read>
</replay>
</pov>