<?xml version="1.0" standalone="no" ?>
<!DOCTYPE pov SYSTEM "/usr/share/cgc-docs/replay.dtd">
<pov>
<cbid>service</cbid>
<seed>fee062cbb65d7304033cfdf413b8756993c99bf53d8b913547671b71c669e6a22510b0ad3a50c9770d6590a51fd9a49f</seed>
<replay>
    <read><delim>\x0a</delim><match><data>Starting test for device \x28256\x2c 16\x2c 592\x29:</data></match></read>
    <!-- Successful open attempt \x28write\x29 -->
    <write><data>\x00</data></write>
    <write><data>\x09</data></write>
    <write><data>\x02</data></write>
    <write><data>6\x3e\xea\xef\xb4WK\xa4\x7b</data></write>
    <read><length>4</length><match><data>\x00\x00\x00\x00</data></match></read>
    <read><length>4</length><match><data>\x00\x00\x00\x00</data></match></read>
    <!-- Successful open attempt \x28read\x29 -->
    <write><data>\x00</data></write>
    <write><data>\x09</data></write>
    <write><data>\x01</data></write>
    <write><data>6\x3e\xea\xef\xb4WK\xa4\x7b</data></write>
    <read><length>4</length><match><data>\x01\x00\x00\x00</data></match></read>
    <read><length>4</length><match><data>\x00\x00\x00\x00</data></match></read>
    <!-- Successful close attempt -->
    <write><data>\x01</data></write>
    <write><data>\x01\x00\x00\x00</data></write>
    <read><length>4</length><match><data>\x01\x00\x00\x00</data></match></read>
    <read><length>4</length><match><data>\x00\x00\x00\x00</data></match></read>
    <!-- Successful close attempt -->
    <write><data>\x01</data></write>
    <write><data>\x00\x00\x00\x00</data></write>
    <read><length>4</length><match><data>\x00\x00\x00\x00</data></match></read>
    <read><length>4</length><match><data>\x00\x00\x00\x00</data></match></read>
    <!-- Bad write attempt: Bad FD -->
    <write><data>\x02</data></write>
    <write><data>\x08\x00\x00\x00</data></write>
    <write><data>\x94\x00\x00\x00</data></write>
    <write><data>\xab\xba\xac\xde\xcf\xd4\x9d7y\xa0!\x993\x3b\x82\xfe\x2a\x2c\xeb\x96Y\x7d\x829\xcf\xd2\x0e\xe6\xad\x5f\xc1\xa9\xa3\xc1\x9d?\xd0l\xaf\xe1A\x84Mj\x1c\xc6\x84\x26\x094\x9enN\xf7\x10\x8ah\xd1\x03\xcd4o\x27\x25\xe3\x2f\x0b\xd6\x80\x9f\xb5\xbf\x14U\x89\x5f\x89\x91\xb4\xf0\xac\x99\x23y\x2f\x8e\x5dwI\xd8\xa5\x99\x0b\x29PH\x1e\x851Z\x0a\x1c\x9e\x9e\xe1\xd1\x82\xb7j\x18m:n\x8a\xb9gC\xbf\x82\xa3ZmM\xb5w\xf8\x95\x81\xe1\x05\xa1\xb1d\xb7\xc4Aa\xd0\xb6\x9c\x27\x12H\xaeJ\xa7\xd0\xa8</data></write>
    <read><length>4</length><match><data>\xff\xff\xff\xff</data></match></read>
    <read><length>4</length><match><data>\x00\x00\x00\x00</data></match></read>
    <write><data>\x05</data></write>
    <read><delim>\x0a</delim><match><data>Stop simulation\x0a</data></match></read>
</replay>
</pov>