<?xml version="1.0" standalone="no" ?>
<!DOCTYPE pov SYSTEM "/usr/share/cgc-docs/replay.dtd">
<pov>
<cbid>service</cbid>
<seed>59ed713f847b99e1a5a0a1fd275f2d210ddcb1fcd41ccf822a9a5ff2672d6891fc1fbdb166d1aa1aab5494df54c2a311</seed>
<replay>
    <read><delim>\x0a</delim><match><data>Starting test for device \x28256\x2c 12\x2c 520\x29:</data></match></read>
    <!-- Successful open attempt \x28write\x29 -->
    <write><data>\x00</data></write>
    <write><data>\x03</data></write>
    <write><data>\x02</data></write>
    <write><data>\xf5U\xfb</data></write>
    <read><length>4</length><match><data>\x00\x00\x00\x00</data></match></read>
    <read><length>4</length><match><data>\x00\x00\x00\x00</data></match></read>
    <!-- Successful write attempt -->
    <write><data>\x02</data></write>
    <write><data>\x00\x00\x00\x00</data></write>
    <write><data>\xa5\x00\x00\x00</data></write>
    <write><data>\xa4\x89\xb3\x94\x7f\xff\x3e\x8e\xa1\x911.7\x891\x1d\x18\xdc\x22l\xd1\xf0\x1e\x07\xbe\x8d\x2d\x3d\xaf\xdc\x1fy\x01\xd4\xbb\xad\x91\x5d1\xb5\x2b\x97\xb6\xe9L\xa2\x05\x7f5x\x7f\xcd\xa8e\x05\x08M\xfe\x9f\x98\xeb\xeb\x2f\xb9R\x5b\x8c\xb8\x9f\xbd\x17\x9ejM\x7e:\x8cx\xb6s\xc55\x8a\x0f\xeb\xd0\xbdZ\x5eX\xdc\xe6\x3e5\xef\x2a\x0c\x91\x40i\x10\xe6q\x7ca\xe0\xb3\x11\x93\xe3\x11?\x2f\xf6B\xa5\x8e\x9dI\x137\x19\xaa\xc1\xde\x8e\x5b\x3b\x0dk\x02O\x7fxY\x1bD\xff \x1dF\x9e\x3c\x40SH\xac\x90\xfaq1\x0f\xad\x81\xd53O\x09\xe964\x8d\x09\xff\xde</data></write>
    <read><length>4</length><match><data>\xa5\x00\x00\x00</data></match></read>
    <read><length>4</length><match><data>\x00\x00\x00\x00</data></match></read>
    <!-- Successful write attempt -->
    <write><data>\x02</data></write>
    <write><data>\x00\x00\x00\x00</data></write>
    <write><data>d\x00\x00\x00</data></write>
    <write><data>\x10\xe2s4\xa2\x3e\x90Y7\x19dA\xd89\x28\x25\xf9\xcbt\xd2\x14\xf0\x98\xb2Jx\x07\xad\xa5\xdb\x08\x9f:\x1a\xa11\xc1q\x8bB\xa6l\xdep\xaa\xf0\x10I\xf9\xae\xbb\xd4\xa0\xdbP\xba\x7dn\xb9x\x0ek\x10\x5dsA\xf1\x25da\x82\xd0r\xaaz\x87\xeb\x90E\xbf\xdfq\xb0\xce!\xf8\xeb\xff\xb1\xe7Pe\xf7\x80\x94\x7ci\x0aC\x5b</data></write>
    <read><length>4</length><match><data>d\x00\x00\x00</data></match></read>
    <read><length>4</length><match><data>\x00\x00\x00\x00</data></match></read>
    <!-- Successful write attempt -->
    <write><data>\x02</data></write>
    <write><data>\x00\x00\x00\x00</data></write>
    <write><data>\xce\x00\x00\x00</data></write>
    <write><data>w\xf2\x10\xf2\xa8nI\x9aS\x5f\x09\x92b\xae\x17\x0bT\xda\xe9\x9c\xfa\xfc\xc5\xa9\x94\x8et\xf2l\xa6\xb5\xe8\xf1\x29\x93\xf7x\x82\x86\xd3\x80.2W\x5f\xa2\xd0\xa8\xb7q\xb3\xc9\x13\xb9\x08\xc4\x14\x16\x0cC\xab\x60l\xd4\xc1Y\x16\xf3\x1b\xd4\xfc\xc6\xc0\xb6\xa7\xdcL\xab\x9d\x5e\xaf\x99\x0ax\x2a\x9e\xbeV\x01\xcc\x07\xbc\x3d\x05\xfe\x0a\xbb\x9d3\xf5\x7cc\x7d\xc9D\xe9\xa8\xba\xa0\x40\x0c\x11\x05\xbdC\xa4\x23\xff\xe1I\x60\x12Q\x86\x7b\xd3\x0d\xab\x8a\xa0\x40J\xaf\x18\x08\xcbPxoR\xff\x9c5\xf8\x5f\xa6\xddN\xc8\x90\xd6\x9f9\x8c\x60\x10\x04\xa6\xb3a\xa4\x8bIS\xa5\xd5 K\x23\xe3\xb7\x7f\xaa\x5e\xd4\x93lON\xe9h\xda\xa94\xeb\xa7\xd8\x2f\xd8!\xae\xaf1\xd3xJDg\x0c\x16v\x2b\x04\x1e\xdas</data></write>
    <read><length>4</length><match><data>\xce\x00\x00\x00</data></match></read>
    <read><length>4</length><match><data>\x00\x00\x00\x00</data></match></read>
    <write><data>\x05</data></write>
    <read><delim>\x0a</delim><match><data>Stop simulation\x0a</data></match></read>
</replay>
</pov>