<?xml version="1.0" standalone="no" ?>
<!DOCTYPE pov SYSTEM "/usr/share/cgc-docs/replay.dtd">
<pov>
<cbid>service</cbid>
<seed>5aacd6e01323288f555027314fa5f86e7d9ab4adfb8e6ef54f12867c5b5d85495b144cba13ad8242f9f67e205abef9d4</seed>
<replay>
    <read><delim>\x0a</delim><match><data>Starting test for device \x28256\x2c 12\x2c 616\x29:</data></match></read>
    <!-- Failed close attempt \x28bad FD\x29 -->
    <write><data>\x01</data></write>
    <write><data>\x07\x00\x00\x00</data></write>
    <read><length>4</length><match><data>\xff\xff\xff\xff</data></match></read>
    <read><length>4</length><match><data>\x00\x00\x00\x00</data></match></read>
    <!-- Failed close attempt \x28bad FD\x29 -->
    <write><data>\x01</data></write>
    <write><data>\x0d\x00\x00\x00</data></write>
    <read><length>4</length><match><data>\xff\xff\xff\xff</data></match></read>
    <read><length>4</length><match><data>\x00\x00\x00\x00</data></match></read>
    <!-- Failed close attempt \x28bad FD\x29 -->
    <write><data>\x01</data></write>
    <write><data>\x0f\x00\x00\x00</data></write>
    <read><length>4</length><match><data>\xff\xff\xff\xff</data></match></read>
    <read><length>4</length><match><data>\x00\x00\x00\x00</data></match></read>
    <!-- Bad delete attempt: invalid file -->
    <write><data>\x04</data></write>
    <write><data>\x08</data></write>
    <write><data>\xd4\xcag\x97\x22\x60r\x8a</data></write>
    <read><length>4</length><match><data>\xff\xff\xff\xff</data></match></read>
    <read><length>4</length><match><data>\x00\x00\x00\x00</data></match></read>
    <!-- Successful open attempt \x28write\x29 -->
    <write><data>\x00</data></write>
    <write><data>\x0a</data></write>
    <write><data>\x02</data></write>
    <write><data>\xfe\xc1\xd9\x95\xda\x0d\x05\x5ei\xbb</data></write>
    <read><length>4</length><match><data>\x00\x00\x00\x00</data></match></read>
    <read><length>4</length><match><data>\x00\x00\x00\x00</data></match></read>
    <!-- Failed close attempt \x28bad FD\x29 -->
    <write><data>\x01</data></write>
    <write><data>\x0f\x00\x00\x00</data></write>
    <read><length>4</length><match><data>\xff\xff\xff\xff</data></match></read>
    <read><length>4</length><match><data>\x00\x00\x00\x00</data></match></read>
    <!-- Successful close attempt -->
    <write><data>\x01</data></write>
    <write><data>\x00\x00\x00\x00</data></write>
    <read><length>4</length><match><data>\x00\x00\x00\x00</data></match></read>
    <read><length>4</length><match><data>\x00\x00\x00\x00</data></match></read>
    <!-- Failed open attempt \x28read\x29 invalid file -->
    <write><data>\x00</data></write>
    <write><data>\x07</data></write>
    <write><data>\x01</data></write>
    <write><data>\xdb\x5f\x0fQv\xe0\x89</data></write>
    <read><length>4</length><match><data>\xff\xff\xff\xff</data></match></read>
    <read><length>4</length><match><data>\x00\x00\x00\x00</data></match></read>
    <!-- Failed close attempt \x28bad FD\x29 -->
    <write><data>\x01</data></write>
    <write><data>\x0e\x00\x00\x00</data></write>
    <read><length>4</length><match><data>\xff\xff\xff\xff</data></match></read>
    <read><length>4</length><match><data>\x00\x00\x00\x00</data></match></read>
    <!-- Successful delete attempt -->
    <write><data>\x04</data></write>
    <write><data>\x0a</data></write>
    <write><data>\xfe\xc1\xd9\x95\xda\x0d\x05\x5ei\xbb</data></write>
    <read><length>4</length><match><data>\x00\x00\x00\x00</data></match></read>
    <read><length>4</length><match><data>\x00\x00\x00\x00</data></match></read>
    <!-- Bad write attempt: Bad FD -->
    <write><data>\x02</data></write>
    <write><data>\x0c\x00\x00\x00</data></write>
    <write><data>\xec\x00\x00\x00</data></write>
    <write><data>B\x2bL\xf1\xfem\xc5\x18\x0b\x98\xf21o\xd9\xbf\xfd\xc5\xa3\xa9E\xcbV\xa1\xcb\xd38\x98\xe2\x85\x9e\x11\x2f\x2b\xc2\x0dw\xa0\xc84\x2b\xa7\x89\xe4\x8d\x0b\xad\x89\x9b\xf5\xff\x85\xb1!\x94\xfc\x0dd\x9c\x27W\xf7\xd27\x10I\xfc\x0e\xda\xd4\xc7\x812\x8b\xbfu\xd1\x25\x0d\x2b\x5bt\xc6t\xa7\x9c\x11\xd0\x86\xba\x95\x14\xc1\xc2\xc5\x28\x0c\xaar\xa8\xe8\x04\x7d\x2aC\xd1h\x155\xfb\xc1\xd5F\x1f\xbe\x8d\x1d\xed\xbf\xcf\x16\x9e\xdc\xeaC\xd3\xf2M9\x0b\xcf\xd1\x7c4RXvp\x98\x81\x04\xa5\x14\x81\xd0\x9f\xbb\xackV\x7e\x99\xef\xbc\x40\xd3\x3d4\x06\x2d\x40\x24GY\x40\xc5.q\x407\x1d\x8dU\xcf\x06\xa1\xdcw\xa1\x99\x1c\xb0w\xef\xfc\xaa\xfe\xf7 \x95e\x93\xef4s\xd7F\xf8\xf6\xa8\x98\x93wR\xc1\x8ea\x96\xf6\xff\x943\x17\x9d\x3dHH\xb6DQ\xa8\xa4\xab\x18hJ\x8dDA\xba\x25\xc9\x23\xe7c\x85\x9e</data></write>
    <read><length>4</length><match><data>\xff\xff\xff\xff</data></match></read>
    <read><length>4</length><match><data>\x00\x00\x00\x00</data></match></read>
    <!-- Failed open attempt \x28read\x29 no files available -->
    <write><data>\x00</data></write>
    <write><data>\x02</data></write>
    <write><data>\x01</data></write>
    <write><data>\x98p</data></write>
    <read><length>4</length><match><data>\xff\xff\xff\xff</data></match></read>
    <read><length>4</length><match><data>\x00\x00\x00\x00</data></match></read>
    <!-- Bad write attempt: Bad FD -->
    <write><data>\x02</data></write>
    <write><data>\x03\x00\x00\x00</data></write>
    <write><data>\xb5\x00\x00\x00</data></write>
    <write><data>\xf7\xb9\xe0\xfb\x87\x3eSC\xe6\xae\xa1\x5f\x5cB\xc4\xc7\x25\x1c\xad\xd6C\x2f\xdblp\xef\xcb\x1d\xa3\xf2ez\xf6\x8e\x2d\xfcQ\xa8w\xf7?\x1d\xe1\xba\xc9\xd7F\xe9\x5b\x2d\x88q\xed\x5f\xe6\x8a\xb7y\xf5\xc4\xb7\x14ML\xdb\xd4o\x25G\x95\xe8\xba\xe8d\xd8\x0b\xf1HR\xfb\x2f\x06\xeet\xd5X\xc3N\xbf\xaf\x83\x9e\xf1d\x84\xb9\x18R\xb1G\x064?\xdd\x80\x89\xe6\xfa\x60mX\x0e\x07\x99du\x0fK\xccNf\x8a\x2b\x94\x0c\x8a\x9a\xbb\xda\xb6\xc1\x2c\x9f\xd2\x18v\xd94\x87\xdc.\x12\xb7\x92\xb4\xfd\x8a\x1b\xc5\xea\xe0\xbd\xed\x9e\xffT\x93\x8ej\x98\x2a\xe0\xa9\x2a.\x7bY\x95\x83\xedOF\xccZ\xa0\xf7\xe9\x04\x8fN\xd5</data></write>
    <read><length>4</length><match><data>\xff\xff\xff\xff</data></match></read>
    <read><length>4</length><match><data>\x00\x00\x00\x00</data></match></read>
    <!-- Bad delete attempt: invalid file -->
    <write><data>\x04</data></write>
    <write><data>\x06</data></write>
    <write><data>\x93\xa0\x92\x27I\xad</data></write>
    <read><length>4</length><match><data>\xff\xff\xff\xff</data></match></read>
    <read><length>4</length><match><data>\x00\x00\x00\x00</data></match></read>
    <!-- Bad write attempt: Bad FD -->
    <write><data>\x02</data></write>
    <write><data>\x01\x00\x00\x00</data></write>
    <write><data>\xdb\x00\x00\x00</data></write>
    <write><data>H\x92\xe6\xfd\xb7\xbdotM\xc4\x11\x24\x12\xc8\xde\xd7\x9d\x22\xb1\xa7G\xf2\x83\x8dhbe\xff4\x8b\xa1k\x1c\xc3c\xae\x12\xd1g\xb7n\x16o\x2a\x5c\x83Xd\x9f\x1d\x0d\xedr\x98\x5bdY\xd5\x0dXC5w\x2cq\xb6\x1a\x1f\xf8\xa1\xeb\x04\xfeu\x3c\xfa\x12di7\xe7:\x89\xd6\xc4\xb7P\xae38\xd3\xc4\xa1\xf1\x05\xd0\x8e3\x05H\x5c\x96\xd0\x85\xc6r\xc8\xc8 wt\xf9\x07E\xbe\x40\x83\x8cJ\x98\xf2\xcc\xda\x3e\xa2\xd3\xbe\xe6 \xab\x22T\x98\x1fU\x16\x0e\xa4?\xe1\x3b?\xce\x91\x82\x8b\xcd\xb6\x3cI\xd0\x0eV\x28\x99\x9bg\x2b\x83V79Y0\x2a\x8e\x12\x952W\xf9\x3d\x1c\x875\xedvn\xe9\xc6\x8e\x09\xf8T\x1d\xe6\x93\x7dB\x8f\xe1\xaaA\xf8\x8d\xb2\xb5\x85\xaaH\xf3OJ\x3c\xbe\x03\x11\xed\x0fh\x2c\xc9\x06\x28\xa5\xb3\xfc\x9b\x0a</data></write>
    <read><length>4</length><match><data>\xff\xff\xff\xff</data></match></read>
    <read><length>4</length><match><data>\x00\x00\x00\x00</data></match></read>
    <!-- Bad write attempt: Bad FD -->
    <write><data>\x02</data></write>
    <write><data>\x00\x00\x00\x00</data></write>
    <write><data>f\x00\x00\x00</data></write>
    <write><data>\xff\x89\xc6lK\xd5V\x29\x0b\x9f:\xe3B\xf8\xdaH\xd4\xee\xe4f\xad\x85\xe6\x1f\x93\xf5\xac\x10\x2a\x0f?\x93B\x17\x5b\xc7\x15\xde\xe1\x26\xd7\xc3\x0cq\x7b\x87\x92\x40\xd7\xa1\xe7?J\x8e\xe2hr\xb7\xfdwn\xfd\x14\xe2\xa7fS\x3eu\x171\xb1t\x10\xbc\xbf\xa1\xa0\x0f\x94\xd4\x13\x16\xc3k\xe8\xcc\xbc\x9a\xf3L\x94n\x07\x5f\x0f\x1e\x3dOpE\x01</data></write>
    <read><length>4</length><match><data>\xff\xff\xff\xff</data></match></read>
    <read><length>4</length><match><data>\x00\x00\x00\x00</data></match></read>
    <!-- Bad delete attempt: invalid file -->
    <write><data>\x04</data></write>
    <write><data>\x06</data></write>
    <write><data>\x9d\xb4\xdfS\x5c\xc3</data></write>
    <read><length>4</length><match><data>\xff\xff\xff\xff</data></match></read>
    <read><length>4</length><match><data>\x00\x00\x00\x00</data></match></read>
    <write><data>\x05</data></write>
    <read><delim>\x0a</delim><match><data>Stop simulation\x0a</data></match></read>
</replay>
</pov>