<?xml version="1.0" standalone="no" ?>
<!DOCTYPE pov SYSTEM "/usr/share/cgc-docs/replay.dtd">
<pov>
<cbid>service</cbid>
<seed>da95e2a444e5d65183d1ef6230a56656d5f81adfbe78b9cf1ef4110d757171b859ac9fddb441227ddea0f2ce10bcaf73</seed>
<replay>
    <write><data>\x23\x89\xca\x05</data></write>
    <read><length>4096</length><match><data>\x23\x89\xca\x05\xd5\xcb\x7f\xb5\x96\x01\x08\x22\x28\x0c\xab\x0b!\xdf\xaa\x25\x7f\x00\xd9\xaev\x8c\xdd\x95\x7eQi\x89\xa5\xdf\xab\x9f2\xb6\x14\x0a\xb4f\x1c\x17.E\x7c\x84\x83\xde\xeed\xa3\xeb\xee\xb7\xbb\x24\x3c\x85\xf0\x04\xb4\xf7\x0f\xceN\x01cp\x0e\x02\x0e\x9c\x90\xae\xbb\xabk\xb7\xc7\x7dd\xe0\xaf\x0c\xef \x3dm\xfe\x29\x2b\xa9\xe0\x1cJ\x3c\xf8\xc2T\xd0\x06J\x1d\x14X\x9a\xe1aB\xfaP\x7d\xce\xbb:\x99\x14\x17\xd0\xc2\xb4\xcaHB\xc3\x7d\x05\xf7\xffC\xf9u\x0clo\x1bur\x8c\x97oY\x16\x81\x08\xf3\x08\xad\xa2k\xd0p\x91\xc3\x99\xed\x3d\xa5\xa3\xdaT\x26\x99\xe8\xf4\x09\x9b5\x84\xcd6fB\xc6\xd7L\xde\x191\x97\x2a\x8b\xe5\xf2g\xe2\x84s\x0f\xfd\x1b\x3c\xac\x1f\xacT\xf6\x16\x28\xa9\x09\x89\x00\xf2\xc3\xab\xee\x23L\x40\x12\x02\xd1\x5b\xf4\x18o\xdc\x93\xb1\x04\x86\x0c\x3e\xa4\xe5\xc0\xb7\x85!P\xf9\x14\xe8V\xd2\xce\xc1\x13\xd9\x9eg\xf81\xf0sI\x0a\xb2\x9d6\x99\xff\x1ez\x8a\xff\xb4\xf0O\xa2\xd3\xb2J\x11\x1f\x3b\xe7\xac\xe4\x5f\xfe\x03\x3c\xc3\xd2\x26\x5b\x9f\xc0\xef\xdb\xb0\x85\x0a\xfa\x97\xf8\xb4!\xc6!\xd5k\x91\x26\x8a?xd\xcc\xe8\xec\x9e\x2b\xb3\xc2\x11QJ\xf5\xee\x18\x14\x8bE\xd3\x09\xb4\xbf\xa7\xc1\x02pp\x1e\x2a\x2cD\x23\xf7s\xeb\xe3TM\xd7uoI\xc9\x94\x5e1\x29c\xf3\x2c\x0fX\x16\x7e\x8e\x99Bo\x1e\x94\xba\xda\xe5C\xb6\x09\xc7\x1d4\xab\xc4i\x06\xb4\xb4\x9c\x17S2\x7e\xf9\x11\x89\x5c\x14\x1f\x1b\xe6\xc1\xf7hN\x86p\xe3\x85\xd5CWoM\x8aJ\xd8\x60\xf1 !\xef\xf5\x17\xe4\xe7\xea\xff1\x16\xcd\x7c\x3d\x16\xd2\xdb\x1a\x3d\x88P\x04\xef\x3b\x96\xf6\x9b\x88\x27\x9c\x19\x9bh\xe8\xe0\xf4\xa0\xfb\xc1\x838\x89\xbd\x25\x25\xbd\x5eH\x87\xed\xd1\x0d\xa2z\x15\xca\x8f\xfe\xdf\xa3\x0bT\xa5\xc0\x0a\x05\xdd\xcb\x12\xa0NN\x84\x3c\xa0\x0b\xd3T\x40h\x0e\xca\xe2\x22\xc6C\x9c\x29\x0c\xaf\x9f7\x9b\xec\x18V\xcf\xb7\x99\xbe\x5b\xa2\x28\xd9\x7e\x2a\x97\x87\xa4\x87\x22\xe0\x8c\xae\x89\x1a\xa0\x16\xc8\x82\xfa\x9dq\x2c\x1c\x9c\x80\xc8\xcef\x96t:G\x29\x40T\x84\x97\x86\xd2\xcc\x0f\x5b\xf3\x7da\x7fkk\xbd\xa7B\xb7j\x80\xd7\xa8\x7c\xbey\xef\x29\xe3Y\xa5\x09\xd0\x7e\x2c\xcd\x27\xa6MI.\x97\xbaL\x2a\xa3U\xe0Y\xe6\xcb\x2f\x82\xbb\x2d\x80\x83\x5c\x7d\x1b\x5e\xa8\x1c\xa4M\x8a\x9c\x81\xb5\x18H\x7b\xa58\xbd\x9a\x98\x0aQ0\x94\x1c\x7e\xaf\xae\x7d\xee\xcc\x84\xd4\xee\x9dHDC\x2c\xff?\xb2e\xbf\xb8\x7fp\xd3s\xd9\xcb\x5d\xd6\x94z52\xaf\x07L\xacz\x13\xd9\xa8\x82\x06HM\x60\xcb\xd9\x852\x3e\x5cL\xb8nm\x2c\x29\xe6\x3b\xd2\xeb\x8dY\x95\x1c\x0e\x27e\xea\xd2y\x8da\x0c4\x82On!A\xe5\xc6\xcfm\xf4\xb88\xcd\x12\xe1x\x869\xaa\x24\x9bX\xb6.c\x05\x60L\x07\x99\x24\xb1\xc9IS\xe1b\x5cWC\x0f\xa1\xf4 \xf8\xbdS8:c\x3cd\xcc\xdc\xbc\x28\x89\xa6\xf1\x27\xf5\xa4\xd84m\x18\xe2\x04\x602KD\x80c\xa3\x2b\xcc\xf4\xe2\xe5\xa6\xf4\xc5\xf5\x05\x81\x8d\x15\xe3\xe0bD\x0eu\xcd\xd5\xf0OT\xdax\x9a\xdans\xb7e\xc0\xf8J\xcb\x16\xd7\xa2\xfc\xfa\x28\x5c\x7e\xc9M?q\xd7\xa6?6n\xf0\xe2\x5e\x7b\xf8\x16\xc8H\xd5\x03\x98\x86 D\x18bE\x96\xc1f\xcdp\xf3\x7c\xa2R2\x2a\x9c\x9f\x0ca\xda\x82q7m\xfc\x89\x5b\x18\xdd0\x8cL5Z\x98\xb1\x5e\x055\x02\xf7\xc0\x16\x23\xdfq\x15\x23\xdf\xb9\x87\xee\x1f\x82E\xd2\xf5\x03\xca\xfa\x11\xfbA\x7c\xd3\xc3\x18W9\xd4j\xc5\xc2\xb6C\x97\x9e\xe9\x1f\xb3\xf9\x8e\x14O\xe7\xf1\xf4\x97Io\xe5\x9c\x9d\x0d\xe9\xc0\xaa7\x10\x3c\x12\x9b\x8a:\xa9A\x5f\xcc\xb8\xad\x8f.\xf2C\x02\xab\x0f\xce\xa9\x850Z\xf9\xeb\xe30\x04HEce7\x96\x8e\x1cT\x17N\x19\x5c\xd9h\xa5\x7b\x08 \xe2G\xfe\xc9i\x97\xf3\x94\xa8?\x2c\x60\xd7\xfa5\x1d\xec\xc3\xa9\x23X\x9d\x1d \x8e\x25\x23\xb8\xb6\xef\xcd\x93\x94\x87\xfc\xa9\xd4\xb1\xff\x5e\xcb\xd1\xcb.\xb9B\xa0X\xb9\xaf\x9a \x5c\xfe\xd7ZB\x1f\xd8\xe5QP\x25F\xc0b\xdfI\x2b\x7c\xf0\xb6\xdf\x3b\xe5\xf5\x89D\xa2y\xcf\xd1\x22j\x5cb\xda\xc08qam\x29n\x7c\x9a\xb8\xd9V\xc0\x18ln\x9b\x1bX\x60\x9b\xd0\xe5\xc4\xbaL\xdds\x03\xfb\xea\x1c\xe8\xfc\xf9\x24\xd1\x1e3M\x23g\xe2\x95\xdb\xd0\xac\x40\x0d\xfe\xa5\x1d\x0a\x2fi\x1d\xab\x93Y\xcbI\xb1\xf1\xc6l\x60\x2c\x2b\x84\x60j\x2c\x5et\xad\xb5S\xa2\x14\xa7\xd0\x8a\xa2m\x1d\x97\xa8..\x8cn\x2c\xfd\xf0\xe8\xe3!\xda\x26?k\x09L\x8f\x03\xf8W\xc1\xd2\xdd\xfa\xe3s\x97\x14\xeb\xfa\x0cE\x15\x3c\x09\x8b\xa27\xc8\xd9\x17:\x84\x9ed\xd7\x80\xfb\xe7\xf5\x91\xd3\x02\xf8o\xf07z!\x7bh\xf7x6\x821\xd6\x29\xd3!\xc4\x99\xb9m\x96\xf5\xdb\xd0N\xa3\x828\x0foe\x3d\x7bT\x7f\x91\x0cPb\xed\xca\xb1\x7e\x91\xe3\xacI\xec\xa5\xd4\x25.p\xcf\x2d\x07n\x7d\xd1r\xbd\x1d\xc3X\xac\x03IS\xd0y\x09\xb6\xa2\x2a\xc0l\xc69\xcaI\x12F\x3d\x96\xb77\x949\xa4?V\x15F\xfe\x01.\xc0\x08\xaf\xbd\x06\xeeH\x1c\x96b\x1b\xe0\x92\xfe2\x90S\xe7\xccX\x81\xde\xb0Lp\xc4\x86\xe8TF\x01\x81\xc7\x5e\xcb\xa1\xc0\xe0\xde\x88\xaf\x23\x0a\xa7\xc1r\xdd\x409\x88\x2a4\xcb2V\xe5\x11\xcb\xe8l\x95\x7c\x84\xfa\x14\x92\xc1\xc4\xc8\x8bY\xd3\xe4\xcbp2B\xf6v\xf6\x9fB\x22\x15C\xc2\xed\xaa\xa4\xd4\xab\xb5n\xe7\x8dp\xb9\x3b\xe3B\xfb\xd6\xe9\xae\xfd\xd0U\xbdc\x7b \x87f\xdf\xba\x8d\x8f\xf1v\xcahM\x26\xd0\x2a\xb6\xc2s\x9c0\x7fo\x15\xa5\x99\x03\xdf\xdcaw\x23\x2ab\x94\xd3\x134\xcf\xa2\x1d\x15IQ\x25\xc5\x60\xb9\x02\xa9J\x906\xc3\x03G\xab\xab\x85: \xbe\xe2\x22\x8d4\x0c\x5c\xed\xcd\xe3\xe8\xfbK\xf2\xf8\x24U\x8e\xca\xda\xa8z\xf1M\x97\x17S\xe9I\x86\x25l\xbb\x8b\xdd\x24\x92F\x40\x87\x15\xc7\x28\xc3\x07zY\xa3\xf7\xe5\x7c\x14\xacP\xd2\xf5\xb7B\x89\x5fD\xf8\xba\xbc\xf8\xb4h\xcc\xb6\x88\xbb\x99\x13\x19\xc8\xa7V\xe0\xb1o\xffH\x29\xd2\xe6\xcbX\xde\xb6H\x9f\x2a\x86\xf0\x1e\x98X\xd1\x11\x19\x9d\x08\x1c\xf1\xee\xaa\xec6\xcf\x8546\x2b\xa9\xf3X\xba\xd7\x874\xfbQ\x12\xf9\xdb\xdc\x1f\xe5V\x0f\xe4\x9f\xb4\xc9\xe8T\x10\xd76\x7b\xed\xc9\xc3\xb2\x258\xa9w.\xb2i7\x07\x00\x9e\xffU\xf8\x0d\xbd\xcc\xd5\xcc\x5e\xe0\xde\xcc\x7f\x9a\xdc\xb2\xcaF\x14O\xdbz\x22\xd6\xac\x88r\x24\x888T\xac\x28\xbd\x1a\xda\x2b\x7eO\xd4\xfe\xc0u\xd2\xa8z\x88\xff\x3b\x26\x94\xbd\x83\xc9\xf5u\xd5\x15\xd3\x134\x12LP\xb7\xf5\xad\x95\xb4\xdd\x9aq\xd1\x1fe\xc7\x84\xa4\xb8\xb5rk\xf5\x18\xae\xd5\xcc\x2b\xb4\xa5\xd6\xdc\x1de\xf8\xb5.\x17\xb6\x84l\x16\xc1\x26\xaf\xaa\xf9\xe3\x7f\x9b\xb3\x06\x02\xda\xc3\x8e\x0d\xbf\x0f\x40\xc6\xdez0\x7e\x9e\xff\xad\xacph\xee\xae\x08\xb6ZAp\x91\xfd\xa3\xafY\xae\xd9\x0f\x2dF\xdd\xc2\x96\xfd\xf0\x95\x0f\xb2\xc2c\xe3P\x9afpb\x82\xf6\x1d\xce\x09\x90\xf7\xb2\x3bK\xf0\xe2\xe85\xbb\xef\xae\xa1\x11\x90G\x8c\xa4\x1b\x8e\x7c?\x83v\xd4?\xd6\x13\xa5\x02\x29\x90c\x87\xfe\xe8K\xe2\x01\xf7\x1cr\xfd \xde\x03\x5b\xc2\x09\xf71\xac3\x7f\x60\xf3h\x95\xa5\xcb\xb9\xaa6\xf2\x5b\x2a\x9f\x17\xa4\xe7\xb0\xce\x8d\xcf\x0fm\xb9\x1as\x84\x86\xd8\xfe\xa5\x5eN\x08\xa4\x3c2cd\x03\x24X\x29\xa2B\x3c\x0d\xb1\x03y\x99\x85mUY\x7e\xb6\x18\xcfJ\xae\x05\xd6\x2cb\x860\x10\x26\x1a\x0e\x40\x85\xbd\x60\xc3\xb1\xb8\x18u\xb6D\xc9\xeb\x83\xcaX\x7e\x96\x91j\xbe\xc1\xcdw\x19\xe7\xfd\x10\xab\x11\xaewI\xe16\x8d\x85!\xfeY\x91\x3c\xa1\xd3\xb7\xb9\xb2\x06\x8b\x95\xe6\x83\xdb\x1d\x80\xb3.\xfc\x9f\xb6\x8f\xa2\xe35\x1e\xb8\x0a\xe8\x9f\x28!\x24\x2f\xd1F\x9be\xffg9\xac\xf3G\xe1Q\xee\xf1\xae\xe9L\x06\xdfLGBPW\x0b\xca\xb7p\x09\x08\xd1\x8b\x26\x25\x27\x1e\xc4\xcc\xa4\x2f\x919\xdbV\xde\x0a\x24\x08\x5e\xdb\xb5\xa7\x9d\x8a\xb2\x1d\x18\x8a\x8d\xab4\xec\xb5\xcet\x87\xfe\xca\x8e\x5d\x9fY\xdf\xf6\xdc2\x29\xde\xeaq\x2b\x8b\x07\xde\xa7\xd1\xd51o\xf9\x8dF\xc7z\xe1\xef\x25\x0b\xa7b\x266\x81\xea2\x86\x19\xc2\xddh\xc1b\xe1\xef\xf4\xa7\x0a\x9a\x60\x7fv\x14\xf5p\xa87\xc9F\xa4\xca\x19\x9b\xe5\xa7\xe5\x5em\xac\x87\x92\x98\xf7T\x88\x02O\x26\x93\xf85\x27m\x1b\xb6B\x8a\xf1\xe2d\xd0\xb4zFwI\x2f\xb4\xb6\xc8\xba\xf2\xaat\xef\xfa65\x5b\xaa\x5d\x3b\xd5\xc0\xf8cL\xa6j\x23\xd2\xc0\xd4\xc1\xd6\xf6z\x83\xf4\x14\x3d\x2b\x80\x22\x1f\x0cO\x27Y\x88\xf1j1\x02\xecc\xb0\xd36\xad\xbe\xa5\x2c\x18\xe0a\xcf\xae\xfa\xda5z\x9eo\xf0\x0b:\x2a\x18\xf6\x8d\xae\x3b\x9b\x04\xd39\x29\x5d\x82\x7fX\xe15\xc9\xb5\x5f\xfb\xdcV\x17t8c\x0a\xc5N\xc0B\xa4NP\x15\xfa\xad\x3d\x7b\x1b\xb0\x5b\x19\xf87\xb3\xacPK\x0f\xc8\xf2\xf4\x1e\xac\xb6\xd3B\x5c\x7c7\xbc\x18gW\xf0c9\x5b0\xe5\xc3\xeaWk\xa3\x03\xdeU?\xbe\xcdP\x11a\x87\x1e\x97\xd7\xe5r\x02X\x7fg\xd1\x7c\x8dg\xfb\x1e\xcd\xdf\x97\x167\xd2\xb1\x1cEQ\x8b\x82\x40w\xb5\x2b\x5bk\xec\xbb\xd5\x3c\x17N\x2f\x2d\xees\xd9\x98\x0a\xdbW\xee\x5c\x3c\x1b1bn\xf8\xf27\xc7\xef\xa9q\x2a\x27o4\xc6\xf4\x29\x8f!e\x1c:!\xa3\xaf\xeb\xc0\xb7\x84b\xd7\x0a\x97N\x8aM\xfc\x81DIu\xef\xf2\xf0\x8cR\x08\xaf\xf2\x16\x5c\xe2\x1a\xee\xea\xa2\xe2\x1d\x60\x7e\xfclp\xee0\xdb\xd4A\xbbS\xf2\x9e\xd1Q\xdfD\x00\xd6\x7c\xb2\xcd\xdf\x29\x0f\xe5\xe0\x9e\xd8\x8e\xf6\xd5\x0b\xe8q\x09\xda\xd1\xa3\x9e\x1d\x27\xe9I\xe6S\xc8\x9c\x90\x0c\x89\xed\xb4\x23\xb4B\xcc\xc3\xc4\x3b\x0c\xee\x14\xb2J2x3\xa5\xc3\xc4\xcc\xfbu\x84z\x01\x2aQ\xf9\x84\x3ez\xaf\xe8YQVd\x98\x9d\xd6\xc9\x0faLL:\xce\xa34f\x3e\xdd\x93\xa9\x27\x93\xf8\xc0\x13p\xac\x88\xe0\x60\x96\x83\xe5\xad\x00\xac\x1a\xa4\xec\x8b\x12\xfe\x84\x9a\xdeC\x02\x0aM\x12G\xc6Ew\x08\xe4\xb0\xd31\x3dVGi\xfb\x0fJ\x07F\x8b\xc3\x5cJc\x25S\x9c\x8e!\x7e\x8c\xac\x1a\xefAz\x13\x93j\xee\xe1s\xd0!\xd3\x87\xf4\x22\xa8\xae\xfa\x3b\x08u\x01\x9d\xea\xf0\xf3\xda\x08.S\xac\x7c\xaf\xd4\x0d \xce\xd0\xac\x96Zm0\xa1\xa5\x09z8\xa9\x5d\x11\x5d\xe9\xfb\x99\xcaN\x11\xa0l\x3em\x8dY\xb9\xb5\x0b\xecP\x95\x8c\x1c\xc7\xdf\x97\xaf\xed\xf8\x96\x0d\x5ev\xbc\xf1\x97\xe9\xa4\x28M\xe7\xfcR\xb1P\x86\x1d\xf1\xe5\xba\x5e6\xa2\x842\xbdxZ\xe9V\xca\x9d\xa51\x7f0\x18\x86:\xb7\xbc\xec\x3b\xed\x97\xeb\xfc\xe1j\x13\xb9\xae\x8f\xc6\x2c\xec\x0eh\xb2\x008\x7e\x7b\x18\xc1U\xb1\xf9\x5f?O\x9c\x0c\xb8\x00\x9d\x91\x0au\x8e?b\x83\x1d\xc7\x10\x15\x93!\x2f\x8e\x8f\x01\x92\x05z\xa43\xf3\x9fb\xabXor\xc5?\x87\xba\xf8E\xd0\xb1\xea7\x2b\xed\x8cA0\x9b\x24H\xec\x81q!\x60i\xfd\xd5\x019\xa2B\xb6\xb9\x1cY\x14\x94\xd6\xce\x81\x5cG\x04\x22\x9d\x23A\x92u\x0f4W\x05I\x80I\x5c\xc4sTt\x16\x89\x1c6\x5d\x911\xce2\x8b\xa9D\xfc\x40\x84\x110\xa3\xe8\xfcKjq\x23\x2d\x8c3\x7d\xa6\xf2\x1f6ZV0\x01\x5d3\x1e\x94\x16\x80\x7e\x8c\x3bl7\xf0\xd9O\x3c\x15\xe6\x5b\x9eym\xb4\xc2\x87\xb7\x15\xee8\x9a\xe6\x060\xba\xcb\x8c\x9c\xcf\x82\x8ai\xfa\x19\x5e\x96\x8c7\x25\x9c\x94S\x2a\x82\x9bN\xe9\xfbS\xd2\xdd\xb9Zf\xd7\x3e\xda\x2aQ\xfaslX\xba\xb8\x7b\x7e\xc0\xf3\x8d\x90k\xd6F\x27\xf1\x5b\xde\x28\x5dK\xa8\xdc4F\x7dh\x84c\xf6\xa6Sk\x82\x40\xc0\xbf\xb2BU\x99\x1e\x87\xc8\xc1e\xd4\xfc\x0e\x95h\xb2?\x13\x5e\x88\x81Xdp\xa5\xe2M\x12\x9f6\x8d\xdbBH\xc3\xc0\xae?\xf2\x8e\x93M\x3e\x18\xbc\x9fl\xab\x5e\xc6\x27\x28\xeb\xeb\x24\x95\x02\xa5\xcc\xc2\x05\x9c\xab\xb2\xf9Q\x94\x82\xda\xbf\x09\x2f\xb1\xe6\xe9\x92\xcc\x1fA\xc7\x22G\x5c\x26K\x96u\xa4\x9d\x92K\xb2\x7f\xd9\x12\x3cI4\x0c\xe4\xf7\x9b\xd0\xd6\x0f\x9b\x9f\x81\xd7c\x15LT\x95\xd2\x2d\xda2V\x60G\x92k\xe1\xe0\xac5\xf2\x5c\xc0\xb5\xfcg\xac\xee\xae3\x0b\xd21\xa3\x7e\xad\xdd\x15\x1c\xcf\xd2a\x2au5X\xe7\x5d\x2d\xcb!\x9c\x0c\x8c\x0bV\x1e\x8f\x1drM\xdc\xe4\xef\xdaV\xbdP\xeaV\xed\x15\xbb\xf3k\x00\x9aMNr\xdb\xe8\x7f\x25\xff\xea\x81ph\x09\x40j\xbc\xf3\xc1:d\x80\xffv\x84\xce\xc9G\xb5\xb5\xdf:\xee\xa3\xeex\xda\xfe\x1bqe\xe5\x1cdFw\x08Y\xe0\x06\xa9\x2d\xc3\xb6d\x91\xb3\x9e\xaa\x3e\xe9\x04\xb2\x8c8\x02\xaa \xe7\x93\xf0\xdb\x87j\xcf\xddL\x1bRO\x19\xd8\xaf\x0c\x97t\xc1\xc5\x85\x8eMP\xcfk\xfc\xb5\xa4\xed\x0d2\x94\xa5R\x15\xe9o\x1b\xb3\xf1\x2d\x2ff\xd1R\x7e\x2d\xea\xebP\x82\x5eZ\xc3W\xb6\x93\x97l\xb7\x04\x02\x7c\x0b\xb0z\xc8\x82\xcfk\xc6\x7e\xa0\xfa\x87\x83\x1f\xbco\xde\xc7\x14\xfaIUR\xf8\xc5g\xab\x8a\x13\x18\xbef\x3b\x26\x9b\x8f\xc0\xa3\x82\x80k\x9e\xbd\x3c\x92\xc1\x7d\x925Sg\xd7\xa1dT\x7b\xb2\x01\xe1\x97\xc8\x2b\x18\xa8\xcb\xd5\x9b\xdc\xa2\x40\x8c\x8c\x84d\x01\x2fG\xea\xf7\xcaE\x2b\xc3\xa9\xa1C4\xc3\xd6I\xf2O\xb4\xc2YVi\x84\xb4\x8c?\x29\x2a2t2\x7bl\xf1\xc6B\xc6\x96s\xd6P\x91\x3c\xf0f\xf9\xff\xcb\x80\xbd\x1e\xe8\x5e\x8f\xc7\xba\xfbV\xac\x60Ep\xb5\xb8N\x98i\x83\xfa\x07\x1c\x81\xf6\x5dc\xb9\xe5\xe3Bs\x9b\xd7\x99\xc5\x12\x9e\xa4\xdf\xf1\xdd\x5d\x84\xe7\x9e\xc3\x94\x13\x90\xc4\xa3f\x10\x8d\xec6\xeb\xbe\x01\xcc\x24\xf8\x06Bo\x92\x1dk\x5b\x3e\x0d\xe9\x5b\xee\xa5n\x88\xf4\x88\xc5\x9c\x8bvL\xab\xc7\x11Yg\x8c\xaf\x2d\xfb\xd0\xd0R\xc8C\x5b\xf4\xbf\xe9\xe2\xf8\x90\xabH\xaa\x29\xa4\xdb\xa1\xee\x3b\xe4\xd88\x3c\xe6\x028:\xdd\xf4\x3d\xb0\x60\x19\xa9\xee\x8d\xbe\xa7\x15\xa6\xfd.i\xf4M\xc3\xb0\x88\x0e\x5eH\x2a\xf8\xc6\x7d\x25\x0a\x0f\xb1\xa2\xe6\xdbQg\xa4\xf5\x60o\x2b\x01w\xe0X\x83\xd6C\xcfc\x97FOs\xdf\x15\xdf\xb4\xa2\xfe\x2bG\x94\x06\x22\xcb\xe6\x00\x86\x8c\x80\xc5\xef\x13y\x9a\x10\x8f\xa73\x1b\x25vK\x1dNt\x9d\xc9\x8b\x04\x2c4\xe7h\x28z\xa4\x27\xe6q\x8e\x87\xfd\xde\xcf\x06\xfe\x02\x8f\x7cQ\xe2\xc412\xadV\xe8\x11\xe4\x18N\xc8\x2aA\xdc\x82\x7d\x7f\x5bv\x1c\xc1\xd2\xaa\xaf\x2f\xd2\x8ct\xeb\x7f\x18\x7f\xd0\xabR\x1a\x1f\xc7\x404\xc9J\x00\xa2\x91\xf9!\x05n\xd1V\xfbd7\x86gp\x7f\x88\x89!N\xb7\x09\x19np\xba\x8e\x99k \xf2\x22\x00\x27\xa2\x2fb\x60!eHh\x3b\x14\xb2\x04\x84\xae\x1a\xc2x\xfa\xa9V\xc3\x25T\x0f\x0b\x16\xf2\x3d\x5e\xcf\x95\xa3\x84D\x86r\x06\x02\x8dW\x06\xa8B\x7cn\xbf\xe6\xe5\xfcDO\xf7\xd5\xd1\xd9\x9b\xb3\x99u\x04\xff\xc5\xbc?\x2d\x16\x9f\x09LZ\xfa\x60\x2b\x7b\x909O\xc5x\xeb\xd6\xbc\xbc\x40\x86\xacYy\x24\xac\x24\x0a\xef\xca\xc3\xd3y\x90\x06\xaf\x8bW\x94\xd57\xee\xcb\x89\x7d!\x9e\x2bz\xe2\x25\xf2\xde\x082\xca\x27\x1c\xcc4J\xd5\x5dQ\x90\xcdi\x92\xf4\x3c\xd03z\xbeTP\x18\x26\x86h\x28U\x5d6\x0bA\x7c\x8b\x9b:\xf1\x27\x2c\x3b\x7e9oW\xb4\x14\xf7a\x18e\xb4\x12\xd4\x87Ay\x7f\xd8\xbf\x2bP\xc3\xa2\x93\x1a\xf2.\xb5\x85\x5e\x9a\x0a\xea\x04\xde\xd5Y\xdd\xcb\xaf\xa9\xaaB\xedj\x19\x25\xdb\x10d\xd9\xe3\x94\x06\x1cS\x14qf\x03\x5b\x5di\x15\x7b\xa2\x28zk\xa0\x7b\x15Y\x0bp\xb2\x1e\xe9yx1\x85a\xcf\x0cYc\xd3N\xfd\xd8t\xba\x87\xec\xd0\xc1\x7e\xc7M\x06\x8d\x29o:\xdc\x8d\x84\xfb\xa8\x11\xb0\xa7\x84\x3b\x07\x1e\x2a\xbfR\x13\xe2\x5d\xde\xf8\xa8\x9aq\xe8l\x0e\x88\x17?\x88\x2d\xc5\x88\x82b\xc5\xcd\xd1F\x87\x98\x91\xb2\xeb\xbc\x8a\x02\xf3\xdc\xa4K\xc8a\xd4\xe5\x2dT\x1c\xa4\x84?y\x10\xa9\x19D\xd8\xdb\x1f\x1d\x8cKZ\xed:0\xa4\xc9\x3c\xb1\x7ed\x26E\xd2k\xac\x04Ycm\x85\xd5\xf9\xdf\x0b</data></match></read>
    <read><length>9</length><match><data>Options:\x0a</data></match></read>
    <read><length>14</length><match><data>1. View users\x0a</data></match></read>
    <read><length>12</length><match><data>2. Add user\x0a</data></match></read>
    <read><length>15</length><match><data>3. Remove user\x0a</data></match></read>
    <read><length>12</length><match><data>4. Set user\x0a</data></match></read>
    <read><length>17</length><match><data>5. View Calendar\x0a</data></match></read>
    <read><length>15</length><match><data>6. Change Date\x0a</data></match></read>
    <read><length>8</length><match><data>7. Exit\x0a</data></match></read>
    <read><length>29</length><match><data>\x2d\x2d\x2dCurrent User is \x2aNone\x2a\x2d\x2d\x2d\x0a</data></match></read>
    <read><length>19</length><match><data>\x2d\x2d\x2dToday\x27s date is </data></match></read>
    <read><length>8</length><match><data>8\x2d4\x2d2016</data></match></read>
    <read><length>4</length><match><data>\x2d\x2d\x2d\x0a</data></match></read>
    <read><length>11</length><match><data>Selection: </data></match></read>
    <write><data>\x2d1\x0a</data></write>
    <read><length>10</length><match><data>Try again\x0a</data></match></read>
    <read><length>9</length><match><data>Options:\x0a</data></match></read>
    <read><length>14</length><match><data>1. View users\x0a</data></match></read>
    <read><length>12</length><match><data>2. Add user\x0a</data></match></read>
    <read><length>15</length><match><data>3. Remove user\x0a</data></match></read>
    <read><length>12</length><match><data>4. Set user\x0a</data></match></read>
    <read><length>17</length><match><data>5. View Calendar\x0a</data></match></read>
    <read><length>15</length><match><data>6. Change Date\x0a</data></match></read>
    <read><length>8</length><match><data>7. Exit\x0a</data></match></read>
    <read><length>29</length><match><data>\x2d\x2d\x2dCurrent User is \x2aNone\x2a\x2d\x2d\x2d\x0a</data></match></read>
    <read><length>19</length><match><data>\x2d\x2d\x2dToday\x27s date is </data></match></read>
    <read><length>8</length><match><data>8\x2d4\x2d2016</data></match></read>
    <read><length>4</length><match><data>\x2d\x2d\x2d\x0a</data></match></read>
    <read><length>11</length><match><data>Selection: </data></match></read>
    <write><data>\x2d1\x0a</data></write>
    <read><length>10</length><match><data>Try again\x0a</data></match></read>
    <read><length>9</length><match><data>Options:\x0a</data></match></read>
    <read><length>14</length><match><data>1. View users\x0a</data></match></read>
    <read><length>12</length><match><data>2. Add user\x0a</data></match></read>
    <read><length>15</length><match><data>3. Remove user\x0a</data></match></read>
    <read><length>12</length><match><data>4. Set user\x0a</data></match></read>
    <read><length>17</length><match><data>5. View Calendar\x0a</data></match></read>
    <read><length>15</length><match><data>6. Change Date\x0a</data></match></read>
    <read><length>8</length><match><data>7. Exit\x0a</data></match></read>
    <read><length>29</length><match><data>\x2d\x2d\x2dCurrent User is \x2aNone\x2a\x2d\x2d\x2d\x0a</data></match></read>
    <read><length>19</length><match><data>\x2d\x2d\x2dToday\x27s date is </data></match></read>
    <read><length>8</length><match><data>8\x2d4\x2d2016</data></match></read>
    <read><length>4</length><match><data>\x2d\x2d\x2d\x0a</data></match></read>
    <read><length>11</length><match><data>Selection: </data></match></read>
    <write><data>6\x0a</data></write>
    <read><length>29</length><match><data>Enter new date \x28MM\x2dDD\x2dYYYY\x29: </data></match></read>
    <write><data>\x0a</data></write>
    <read><length>17</length><match><data>Date not changed\x0a</data></match></read>
    <read><length>9</length><match><data>Options:\x0a</data></match></read>
    <read><length>14</length><match><data>1. View users\x0a</data></match></read>
    <read><length>12</length><match><data>2. Add user\x0a</data></match></read>
    <read><length>15</length><match><data>3. Remove user\x0a</data></match></read>
    <read><length>12</length><match><data>4. Set user\x0a</data></match></read>
    <read><length>17</length><match><data>5. View Calendar\x0a</data></match></read>
    <read><length>15</length><match><data>6. Change Date\x0a</data></match></read>
    <read><length>8</length><match><data>7. Exit\x0a</data></match></read>
    <read><length>29</length><match><data>\x2d\x2d\x2dCurrent User is \x2aNone\x2a\x2d\x2d\x2d\x0a</data></match></read>
    <read><length>19</length><match><data>\x2d\x2d\x2dToday\x27s date is </data></match></read>
    <read><length>8</length><match><data>8\x2d4\x2d2016</data></match></read>
    <read><length>4</length><match><data>\x2d\x2d\x2d\x0a</data></match></read>
    <read><length>11</length><match><data>Selection: </data></match></read>
    <write><data>\x2d1\x0a</data></write>
    <read><length>10</length><match><data>Try again\x0a</data></match></read>
    <read><length>9</length><match><data>Options:\x0a</data></match></read>
    <read><length>14</length><match><data>1. View users\x0a</data></match></read>
    <read><length>12</length><match><data>2. Add user\x0a</data></match></read>
    <read><length>15</length><match><data>3. Remove user\x0a</data></match></read>
    <read><length>12</length><match><data>4. Set user\x0a</data></match></read>
    <read><length>17</length><match><data>5. View Calendar\x0a</data></match></read>
    <read><length>15</length><match><data>6. Change Date\x0a</data></match></read>
    <read><length>8</length><match><data>7. Exit\x0a</data></match></read>
    <read><length>29</length><match><data>\x2d\x2d\x2dCurrent User is \x2aNone\x2a\x2d\x2d\x2d\x0a</data></match></read>
    <read><length>19</length><match><data>\x2d\x2d\x2dToday\x27s date is </data></match></read>
    <read><length>8</length><match><data>8\x2d4\x2d2016</data></match></read>
    <read><length>4</length><match><data>\x2d\x2d\x2d\x0a</data></match></read>
    <read><length>11</length><match><data>Selection: </data></match></read>
    <write><data>\x2d1\x0a</data></write>
    <read><length>10</length><match><data>Try again\x0a</data></match></read>
    <read><length>9</length><match><data>Options:\x0a</data></match></read>
    <read><length>14</length><match><data>1. View users\x0a</data></match></read>
    <read><length>12</length><match><data>2. Add user\x0a</data></match></read>
    <read><length>15</length><match><data>3. Remove user\x0a</data></match></read>
    <read><length>12</length><match><data>4. Set user\x0a</data></match></read>
    <read><length>17</length><match><data>5. View Calendar\x0a</data></match></read>
    <read><length>15</length><match><data>6. Change Date\x0a</data></match></read>
    <read><length>8</length><match><data>7. Exit\x0a</data></match></read>
    <read><length>29</length><match><data>\x2d\x2d\x2dCurrent User is \x2aNone\x2a\x2d\x2d\x2d\x0a</data></match></read>
    <read><length>19</length><match><data>\x2d\x2d\x2dToday\x27s date is </data></match></read>
    <read><length>8</length><match><data>8\x2d4\x2d2016</data></match></read>
    <read><length>4</length><match><data>\x2d\x2d\x2d\x0a</data></match></read>
    <read><length>11</length><match><data>Selection: </data></match></read>
    <write><data>\x2d1\x0a</data></write>
    <read><length>10</length><match><data>Try again\x0a</data></match></read>
    <read><length>9</length><match><data>Options:\x0a</data></match></read>
    <read><length>14</length><match><data>1. View users\x0a</data></match></read>
    <read><length>12</length><match><data>2. Add user\x0a</data></match></read>
    <read><length>15</length><match><data>3. Remove user\x0a</data></match></read>
    <read><length>12</length><match><data>4. Set user\x0a</data></match></read>
    <read><length>17</length><match><data>5. View Calendar\x0a</data></match></read>
    <read><length>15</length><match><data>6. Change Date\x0a</data></match></read>
    <read><length>8</length><match><data>7. Exit\x0a</data></match></read>
    <read><length>29</length><match><data>\x2d\x2d\x2dCurrent User is \x2aNone\x2a\x2d\x2d\x2d\x0a</data></match></read>
    <read><length>19</length><match><data>\x2d\x2d\x2dToday\x27s date is </data></match></read>
    <read><length>8</length><match><data>8\x2d4\x2d2016</data></match></read>
    <read><length>4</length><match><data>\x2d\x2d\x2d\x0a</data></match></read>
    <read><length>11</length><match><data>Selection: </data></match></read>
    <write><data>\x2d1\x0a</data></write>
    <read><length>10</length><match><data>Try again\x0a</data></match></read>
    <read><length>9</length><match><data>Options:\x0a</data></match></read>
    <read><length>14</length><match><data>1. View users\x0a</data></match></read>
    <read><length>12</length><match><data>2. Add user\x0a</data></match></read>
    <read><length>15</length><match><data>3. Remove user\x0a</data></match></read>
    <read><length>12</length><match><data>4. Set user\x0a</data></match></read>
    <read><length>17</length><match><data>5. View Calendar\x0a</data></match></read>
    <read><length>15</length><match><data>6. Change Date\x0a</data></match></read>
    <read><length>8</length><match><data>7. Exit\x0a</data></match></read>
    <read><length>29</length><match><data>\x2d\x2d\x2dCurrent User is \x2aNone\x2a\x2d\x2d\x2d\x0a</data></match></read>
    <read><length>19</length><match><data>\x2d\x2d\x2dToday\x27s date is </data></match></read>
    <read><length>8</length><match><data>8\x2d4\x2d2016</data></match></read>
    <read><length>4</length><match><data>\x2d\x2d\x2d\x0a</data></match></read>
    <read><length>11</length><match><data>Selection: </data></match></read>
    <write><data>\x2d1\x0a</data></write>
    <read><length>10</length><match><data>Try again\x0a</data></match></read>
    <read><length>9</length><match><data>Options:\x0a</data></match></read>
    <read><length>14</length><match><data>1. View users\x0a</data></match></read>
    <read><length>12</length><match><data>2. Add user\x0a</data></match></read>
    <read><length>15</length><match><data>3. Remove user\x0a</data></match></read>
    <read><length>12</length><match><data>4. Set user\x0a</data></match></read>
    <read><length>17</length><match><data>5. View Calendar\x0a</data></match></read>
    <read><length>15</length><match><data>6. Change Date\x0a</data></match></read>
    <read><length>8</length><match><data>7. Exit\x0a</data></match></read>
    <read><length>29</length><match><data>\x2d\x2d\x2dCurrent User is \x2aNone\x2a\x2d\x2d\x2d\x0a</data></match></read>
    <read><length>19</length><match><data>\x2d\x2d\x2dToday\x27s date is </data></match></read>
    <read><length>8</length><match><data>8\x2d4\x2d2016</data></match></read>
    <read><length>4</length><match><data>\x2d\x2d\x2d\x0a</data></match></read>
    <read><length>11</length><match><data>Selection: </data></match></read>
    <write><data>7\x0a</data></write>
</replay>
</pov>