<?xml version="1.0" standalone="no" ?>
<!DOCTYPE pov SYSTEM "/usr/share/cgc-docs/replay.dtd">
<pov>
<cbid>service</cbid>
<seed>1f96aba2f7ce4890500b01cb1c3f05bd472229200113e0e42ea1da0351938fe25e70e7d64015770ad3122edc9c87be89</seed>
<replay>
    <write><data>YM\xbd\x92</data></write>
    <read><length>4096</length><match><data>YM\xbd\x92\xd1\xa2\x2dr\xdbg\x90\xfc\xa4\x5c\xa3\x15 \x81\x8b\x85\x1e\xe9\xf89\x9bfH\x7c\x00\xd1\xf3\x03\xe5\x5e\x7e\xc6\x60\xe4\xeb\xe0L\xb6\x06m:\xd8\x01\xaa\x0d\x93\xd0\x10\x2f\x9f\xa3\xbd\x7b\xb0!Y0j8o\xf9\xa3hC\xddGkm\xc9\x23\xa9pM\x84\xc3\xa3\xb6\xc2!\xb8\xef\x12\x1f\x80\x7f\x92\xe2\x5f\x86\xca\x81\x09\x5d\xfb0\x8f\x3c\xdc\x00WG\xa8\x11\xc1\xc7\xf5T\x15\x91\xf4\x05\x0b\x9aZ\x9b\xc0\xb9\x0a\xae8\xf8\xc5\x3dNU\x15\x87\xd0\x98\x28\x1b\x8d\xbf\xc7\x8a\x04\x95E\xe7\x28\x16.\x5e\xa4\xecp\xa3\x19\xda\x29v\xce\x13\x85\xe4\x09WV\xb1\xba\x00\xbbGKR\x9em\xde\xeb\x7b\x0b\x7fj\xc8\x5d p\x7c\x25I60\x60\xcc\xb86\x05\x08.\x9d\xe4\xdc\x1e\xa9\x5b\xbcH\xc9S\xad\x22I\xf9\xf6y\xd6\x5c\x2a\x9e\x80\xaf\xc3\xf0\x8a\xca\x81\xf0\xfd\xbb\x22\x3dR\x19B\xc3e\x10\x96\x8e\xd24\xb7\xdc\xf6\xcc\xd9s7\xf3\x0b\xf6\x04\x0d\xa2\xe7h\xdbK?\xb7\x95V\x1b\xc0\x7b\xc2OH\xa8b\x5e\xd0vJ\x24H\xe8\xe9\xbf\xeaf\x03\xed\x0ec\x293\xfd\x25\xcf  e\x99\x5e\x0e\x81\xf6\x3d\x8e\xf9\xa2P\xb2\xc2I\x16\x0ezG\xef\x8dF\xd1cF\x14.\x8b\xc7\x29 \x25\xafqOD\x11\x0e\x1e2\xda\x89\x8c\x0fa\x5e\x14\xc3\x14\xa5\x03\x83i\x89\xdd3\x29\xa9\xc5\x97\xf8\xd5\x1b\x89\x989\x2a.\x86\xb7\xdb\xf6\xad\xf9zL\x1a\xea\x82\x99\x81\xbcK:\xe7Rl\x99\xcb\x3bF\x11V\xa6\xef\xc9\xabb1\x88\xdeQ\xd5\x3c\x94A\xde\x14CV\xff\x08\x0a\x7b\xcd\x88\xc4\xeb\xcc\xdf\xad\xa6H\x1e\xf3WB\x25w\xe8L\xef0\x3bp\x7f\x96L\x09i\xc2v\xd6\x8e\x2d\x8e\xf8\x12\xae\x5f\xa8r\x8c4\x2c\xc0\x83\x2b\xd4i\x02\xbf\x0d\xbed\x94j\x9c\x11\x10\x28YO\x8b\x1b\x7b\x8fnT\xf7\xe6d\x0f\x12\xc6\xb9B\x87\x1d2\x1e\xa2\x0f\xfe9\x27\x29\xb5\xa1J\x23mb\x9f\x93\x06\x1a\x24\xb1\x90\xb6\xe3\xd3w\x99I\xf2\x9b\xed\x17\xea\x1a\x60\xc6\xae\x23\xa1s\xbe\xf3\x2cE\xd4f\x0d\x15\xf5\xe5\xba\x8b\x02\xe5\xe5P\xea\xb0\x08\xf2J\x9e\x0a\x2b\xd8\xf6\x3b\xbe\xc1\xe9\xa4\x93\x1a\xa6\x2d\xa5G\x7cfp?\x23M\x96\xdd\x0aSy\xc7V\xfaG\xa5\x5f\xb9\xd0\x84\xb1\x2a\x26x\x97\xcb0\xf1Z\x10\xa3\x19\xb6Bq\xc2\xc2\x3d\x40\x00\xa7\x90n\xea\x9ct\x1b9\xc93r\xde\x5f\xe8\x5b\xfd\xc3\x8ci?\x1eX\x24\xba\xc7\x9f\xf4\xbb\x07\xa5\xfc\x2c\x05lmn\xe4\x8a\xd8\xfdk\x1a\xae\x3e\xc9\x86\xc5\xd1S!\xc0\x99\xf0\x29\xf4\x2b b\x2d\xabsX\xfe\x02\x93c\x86UOB\x28\x84Z\xcf\x5d\xa7\xcc\x84\x7b\x90Sh\x2fga\x0a\xdct\x8bT\xb6\xbef4\xec\xfe\xca\xbd\xa0\x1a\xda\x9d\xe7\x04\x81\xa6\xe6Q3aIk\xce\xecZ\x17c\x7c\xd2\xf7\x60\x87o\x03\xce\xa8\x7f1\x85q\x7d\xf9\x0be\x12\xe4l\xea\x28\x7c\x7f\x8f\xb7n\x05\xd5\xfe\xdeA\x2cx\xbb\xa0\x26\xd0\xd8F\xcf\xaa\xda\xc7\xb3\x19O\x17\x8c\x8d\xean\xbe\x0a\xd8\xed\xaa\xea\xaa\xba\x93\x99\xf73\xb9S\x8a\x8f m\xf5\xfb\x26\xe3e\xa7\xf2\xdb\xabP\xe2\x87\x03\xb0\x2br\xe3\xbf\xae\x3c\x11\xc4bG\xfd\x80\x82\xb7\xcf\x14\xa7.Z\x07z\xcc\x04\x60\xe0\x06\xef4\xbdI\xe0Ex\xa6\x9a\x2f\xd9Z\xb2\x5c\x5f\x0a\x1e\xce\xbcr\x00J\xa0\xce\xa2\x24\x9e\x8f\x97\xdd\xa5\xee\xc8\x0e\xed2\xbdyF\x2a\x2c\xae\x7d\x8b\x91O\xe3s\x27\xbc\xce\x9ft\xc9\x1e\xb8Vh\x22\x1d\xb0w\x07\xe9\xe7\x9d\x89IJ\xb6\x19\x90\x97\xc4\x06\xbd\xb5:s\xd12\x03q\xbfS\xd6\x18p\xd5rS\xde\xa6T\xee\xcejz\x0a\x16\x8f\x23W\xd0!\x15\x89\xf3j\xa9\xa4g2\x5c\xee\xef\x10\x1d\x2c\x7e\x85r\xc5\x5f\xdd\x15\xf5U\xf8R\x81\xb5W\xa2aU\x14\x15\xee\x85\xfa\x07\xa5\x7e\x88uh\x9f\x8e\xb8\x1f\x81\xb8\xdb0\xd9\x07\xa0\x13\x7e\x14\xc2\xfcZ\xb4\xef\xc1\xf0rT\x95\x9c\xc6\xf1P\xc8q\xb7\x86\x0d\xd0\x1e\x60A\x0c\xe5GS\x08p\xa4\xbe\xd5\xba\x1ey\x04\x04R\xdf\x13\x2a\xf0\x18\x8c\x96\xcb\x82\xc3\xcd\x85Q\xf5mS\x18\x1c\xdf\x3dH\x2f\xcd\x0bL\xe87\x3e\x28\xf8ZG\x7f\xbf\x99\x88\xfc\xe1\x1a\xfaG\x04\x1c\xe6p\x04\x02\xf2\xb5\xf1\xa8\xcd\x40\xe9Sz4H\xc9\xc4\x60\x5b\xa1M\x16\x0e\xfb\xb1X\x95\x1b\x17N\x28\xf2\x60i\x40m\xd8\xd1\x28\xc1S\x82Ro\x16\xbc\xe4\xf01s\xf8ja\x139\xe5\xf5\xee\xf7x\x3c\xa9\x7fOU\x13\x5d\xbbE.9\x8b\xa7\xa5\x04i\xedS\xa0\xae\xf1\xe1\xaf\xb1\x8e\x1a\xb1\x00\x0d\x7c\x09\x0c\x5d\x17\x8f3\xa2?\x9e\xc4\x25\xde\xde\x5dF\x0e\x0cnu\xb6j\xce\xba\x26\xdd\xe8\x85.\xdf\x81H\xc6\xb4\xaa\xc9G\xbf\xe8\xf3J\x93\xb84\x04\x89\xfb2\x92\x8e\x7d\xedw\x9e\xe2\xdf\x24\x22X\xde\x05\x86\xde\x02\x22\x0d\x0e\xde\xe3\x9a\xe0\x24\xc3f\x98\xa9\xb2\xc5\xa4\xee\x98\xa0\xcd\xee\xde1 \x9e\xf6\xc4\x07\xa0\x87\x85\x3bq\xf5\xb1\x5e\xb5\x18\x8a\xb0\xb5\x97wl\xf0\xb2P\xf5\xae9\x95\x5d\x02\x2fvM\x84\xf2\x5ci\x0d\xf6\x12\x5f\x03\xb2\x92\xf9\x81\x3c\x07\xf2E\x90N3i\xd7\x0d\x11O\xf2\xc0n\x8czk\xb5\x05\x9b\x60\xa5\x8c\xfao\x28\xd9\xba\xf0\xbc\x09\xe6q\xd4\xc8b\xc3\x09\x14\xad\xecd\x15\x9d\x9d\x8c\xb5\xa4\xf2.\xedC8\x1380\x0c\x09\x12y\xa4\x60\xae\x17\xcb\x1bx\xad\x01v!\xbaD\x2b\xe3\x92\x7fO\xe1\x29\x1b\x7c\xc9\x22\xc6\xe8\x2c\xf4\xab\x9b\x0b\xbd\xb2\x8d\xf2\x8a\x7dx8\x7b\xfc\xb2\xa9\xb2\xc2\x8a\xe4\x92\xa2\xc6\x7b1\xb8\xee\xe7\x94\x82\xfb2\xc6 \xc6\xc2T2\xb2wS\x98\xf0\x06\xe3\xd4\xc51\xf4JX\x91\x06\xb0\x8a\xb0\xf3i\x8f\xbf\x07\x3c\x11\x13\xc9:sXj\xe5\x5d\xcf\x95\x12US\xe8\xf1\xdf\x1fF\x88\x5d\x10I\xcbj\xef\xc4\x15V\x87A\x8a\x034\xb0\x16\x7f\xaa\x90\xa5\xbd\xbe\x7d\xa6\xfa\x7b\x8f\xee?\x83\x175\x8c!\xcc\x8c\xe2\x5bx\xe6\xb5\x00\xe5\x22\x82l\x5b\x9efUc\xaf\x0f\x11X\xc0:\xbb\xd6\xea\x24\xf5\x5ej\x9fl\x3b\xa2\xfd\x94\x8d\xd7\xb6Q\x07DE\xdc4\x92\xab\x8b\xa4Q\xf7\x16\x80\x13\xf9\xa8 2\xe5\xd7\x96\xc96\xd5\xb57\xcc\xec\x26\xafS\x9b\xa9\xd7\xb6\x10J\x02\x8cp\x0f\xd7\xb1\x8c\x81\xed\xf3\xba\x86\xcd\xc2\x5f\xf2\xb5W\x11\xfe8\x15\x19Y\x18 \xe6\xef\xaa\xdf\xb3bm\xa0W\x5e\xe6gc\xe0\x09\xc5C\xed\x1f\x1f\x29s\xd9ea\xb9\x11mD\xb2\xed\xbdt0\xe3\x0f\xf6\x0e\xde\x9b\xf0\x80O\x5e\x2b\x8c\xa5\x00\x8b\xf8h\x81\x23\xa8gh\xd2\x9b\x2b\xc2\x90\xca\x8f\x2f\xdc\x9fVwW\xec\x85\xd5\xcfF\xb4\x0c\xeb\xec\xe2\xc5\xa0\x3b\xd6\xbd\x08\xfb\xf1\x7c\x8142\xae\x15NZ\x95\xc8\x9d\x27\x89\x40\xb1\xe7\xa2I\xe5\xfe\x9a\x5b\x98\xd4\xdbH\xfb1\x12\xa3\x1bs9\xb9\xfa\xa1?\x7d\x7e2K\xc4Z0\xfb!\x5d\xa0\xdc\xcd\xc0\x14\xf8\xe7\x3b\xac\x05\x8f\x93\xee\xdb\x94\x8a\xab\x8b\x8a\xe1v\x8a\xd9:dYO\xd03\xa6\xcb\xa2\x91\xa8\x5b\xec\x87Q\x8a\x0a\x15\xfb\xb4\xfa\x2cI\xd0Mxn\x03\x7b\x0f\xad\xbe\xa2\xef\x7cD\x07\xdf\xc0\x9bu\xd0Mu\xbe\xb1\x10\x9c\xdb\xf4\x9d\x3e\xb5\xf0\x5b\x90\xd2\xbf\x92e12\x2dofP\x03\x24\xednF\xe0\x83e\xc4E\x22xvm\xe2\xc1g\xbc\xe8\xeav\xd0sZ\x86\xe8\x13\xb6\xec\x01\xc56\xfc\xd1\xfe\x7be\x99S\x0b\xabJ\x9dCP\x2c\xce\x17\x14\x23\x8d\x96Pj\x14\xc4\x00\xf7W\xf7\xff\xa1G\x89\xfe\x27\x23l\xc5\x95l\xeb\xf7\xb7\xd63.\xbd\x3d\x2c\xb0\x1b\xd7\xbc\x97\xf5\x8c\xba\x28\xc3\xa0\xaaKYw\xcc\x8d\xcf\xc1\xe7\x1e2h\xe2\x9a\x9e\xef\x01B1\xab\x19\x19\x1b\x91\xa5\xf2s4\xb0\xd4\x15\x8c\xe1\x25\x0d\x19\xbbDML\xa4Y5j\xee\xa8\xe6qf\x95r\xb8\xfb:\x13\x80Q\xb2\xdd\xe7\x5e\xdb\xf3\xc8?dj\xc4\x04\xca7\xe4\xbe\xb7\x86\x14y\x02\xa3\x0f\x8f\x05\x9a\xac?\xd2\xa1\xba\xf1a\xcbI\x0f\x24\xf6x\xad\x80\xa3\x93\xe2\x94\x09\xba\x7eH\xd2m\xbc\x81\x07\x18H\x9d\x2c\x89\xedZ\x91\xf7\x9c\xb2\x93\xce\x9cx6\x0e\x11\x1c\xcaq\xd6y\xa2\x86qP\x5d\xacn8\x7d\xaa\x23\x60 \x1b\xb1M\x84\xc3om\x40\x84V\xdb\x92\xf7\x406\x7c\x00\x0c\x0a\xefm\x17.\xbe\xf0\x3d\x94n\x24\xca\x3d\xda\xb4Xv\x2b\xc0\x10\x40f\x91\x06\xf1\x13\x871\xdcWU\xdb\x5b\xdd\x9f\x3d\x98\xff\xd1\x8dY6\xb5\x97\xd2\xe6\x8cH\xe4\x0b\xf3\xc6\x29\x3eiN\x80\x27\xa730Qa\xc7E\xb8b\xc5\x60\xae\x1d\x88\x3d\x9bF\xae\x26\x29\xd8\xb5\x98\xc3ax\x27\x3dK\x80\x97\xb4f\xeap \x8b\x99\x8f\x94zL\xcbj\x86\xd8\x87m\xb33:\x87\xe7\xeb\xe0\xad\x8ce\x1c\xca1s\xa2\xa8\x92l\x9d9F\x18n\xf1\xd1e\xe0\xce\xabE\xca\x0c\xe5u\x07m\x897\x1b\xb0\xad\x7bbM\xb6\xc9\xf3\x177Mdj\xa8V\xd5\xefF\x85\xbf\x9bbS\xdcQAp\xd6\xf7\xf3\xccI\x11\x08.Y\xfb\xcc\xb3e\x0e\xa9Z\x98\x8b\xbf\xa8H\x3e\xee\x40\xa6\x0d\x28\xe7\xd0\x8d\xec\x18\x1d\xf4\x8d8\xceJ\x18\x97\x11y\x0e\xe5\xfb\x1c\xfbYA\x97\xcfY\xbe\xd3\xb6\x7e\xa5i\xe2\x94\xd1\xa2\x92\xb4C\xfd\xaf\x601\xe04\xfa\xfe\xb5\xa8\x11\xf0\x00\x5cu\xdf\xdc\xc4\x28\xed\x05i\x1c\xc1\x9b\x89\xedF\x0e\x40\xff:\xe6t\xa3\x9d\xd6\x60\xf4\x9b\x7c\x10\xc5\xd0\xde\x12\x93\xa3\x0c\xe6\xfb\xed\xd0\xf1\xdfF\x0c\x08\x19\x23\x13\xbb\x01\xb6\x0a\x049BSie\x09\x9b\x40\xa8\x2c V\xdfO\x60\xa2lm\x1e9t\x83\xd3\x3c\xba\xaa\x7e\xc8\x85\x95\xc0\x0b\x24\x15\x2b\x1c\x28\x9d\x02\x22\x40\xbb\x81\x81\x81\xe1?b\xfb\x8fi\x1c\xa2\xb5\xd60d\x05\x8b\xd9\xf8\x8a\x09h\xbf\xd0\x062\xf7\x3eE\x1072\x81\x1c\x05V\x9c\xbe\x23\x5b\x60\xda\x03\x1e\xea\x5c\xcaL9\xe4\xbe\x81NpAU6\xd3\xd3\xfa\xeaW\x5d\xea8AJ\x13\xd57\x1c\xda\xa9\xbb\x90\xbb\x5d\x28\x96v\xf0\x26\xf4\xa7\xe0Zsa\xa7\xfb1Q\xe3\xf8\x8d\xd2\xc7\x026\x93\x83n\xbc\x2cR\xce3\xb9\xc92\x0f\xabh\x89\x16\xe9\xd9\x0f\x16\xa0\xc4L\x92tz L7\x7b\x9b\xe4\x26\xe0H\x60\x5c\x95\x9b\xa5\x1b\x95\xc6\x5f5R\xb1\x247\x94\x8c\xb3\x93\xea\x83\xf3\x5d\xd8\x10z\xfd\xd3\x2b\x1c\x7b\x40\x16\x88\xc3R\x08\x8e\x8a\x28\x86\xef\xd5\xf1\xbbd\x2d\xddrQb\x06\x8c3\xbb\x19\x2c\x86\x89\xa0\x29\x24\x7c\xecg\xf8u\x85\xf4\x26\xb6a\xf1\xddA\xb1\xb3\xd9\xfc\xfcX\xf4\xa0Pd7\x0b\xc9\xfc\xa4y\x29sg\x3c\xbb\xdf\x90\x1dB\x118Q4\x8d\x90\xaa:\xbf!\x1e\x06\xfe\x80\x918t\x91v\x5dT\x85oG\xc8Y\xfb\xc1d\xda\xa2P\x8eC\x9bz\x5d\xb3\xe0\x3c7\x7er\x1a\xe0\x05\xf2\x8f\xa8\xd7\x81\xf5\xffBdt\xe6c\xe7\xd4KR\x8c\xba\xde\xbc\xc3\xfd8\x17\xa2\x3e\xbf\xfb\xbe\xc2\xb1\x8d?\xb8C\x95\xeb\x8d\xb3\xe7\x27g\xc5P\x9eV\x0c\xedDVJ\xc4\x3dX\xfe\xb35\x24E\xac\xd43\x86\xae\xdb!\xecE\xc8\x13\x9f\xdc\x87\xc3\xe3\x40\x17.a\xaf\xc3\x60\xa5\xf22\xc8\x9fs\x5c\xcc\x01N\xcd\x17\x0bt B\x80\xa0\x1c\x1d4?\xe7V\xa6l\xbe\x9eU\x8c\xc0\x28\x83\x01\xfbE\x0b\xc8X\xa3\x12\x04xk\x3cR\x1d\xbc\xbfp\xed\x28\x9b\xb0!\xd9 \x1d\xc3\x0e\x93\xa8\x8cU\x1c\xae\xfa\x95\xba\x1e\xe6\xec\xda\xa3\x82\x95J\x8d\x16\xdb\x1c\x88\xedR\xcaw\xed\xc4\xecO4\xb3N\x88F\xb7\x89\xd4FY\x1e\x90J\xf9\x1c\xd3\x3d\x5d\xcf\x7e\x8aC\xa2R\x01\x275\x2c\x5e\xe7\x96\x87\xed P\xd5x\x9d\xbe\xe6\xb4\xfeY\x11W\xea\x199\x5f\xdd\x18\x7e\xc1l\xc0\x11\xb8\x1f\x06\x95\xecz\x12\xd9\xd72\x14\xfa\xbfMr\xc3\xf08\x8e\x16\x11\x17\x3dB\xf8\x5dP\x5ee\xd1\xcb\x8f\x2da\xcf\xc1\x7d\x08\x22\x02a\x87\x40\xe0\xc0\x02\x14\x906\xdbF\x99\xa2\x3b9\x18\x60\x5eh\xee\x1c\x0d\x5b\xaf\x847\x96\xf9\xff\xc8\x8f\xcd\x2cxS\xac\x15\xeb\xcb\xf7\xbc\xe2\xe7\xe2\xdb\x87\xe5\xb0\xc2y\xc2\x2a\x16F\xabQ\x9cv\xbd3\x9a\x7dhH\x3e\x60\xc9\x40a\xf9v\x2c\xd0\x871n\x12\x2d\xd6\x9eb\x3br\xa4V\x96\xd6\xffoX\xf0\x17\xd1\xa4\x5fM\x5b\x92\x0f\xd4\x28\x2f\x87\xf2v\x7f\xa4?i\xe5\xa9V\xb7\x06\xc3\xd7f\xdc\xe5.\xbaAX\x8d\x2b\x13m\x2f.\xebg\xda\xed\xc0\xd3\xe2\xc4cA\xe3\xe5\xd4A\xc9\xf7r\xab\x93t\x03\x0f\xb6\xf4\xbb\x7c\x87\xb4\xcf\xbf\x5bUw\x2b\xd2c\xb9\xb49h\xe1\x83g\x1d\x0a\xac\x84E\x23P\x80\xba\x2b\x00\xbf\xa3\x17\xc1\xac\xb9\x89\x89\x1a\xd7t\x7d\xd3\x22y\xffI\x28\x85\x24V\x8d\x22E\xe1\x85\xb0\x12\x3e\x2cV\x9d\x02\xcfD\x3dXm\x80\x0a\xc4O\xc9\x90\x9d\xbb7\xe8\x2d.\xbfJ\xb9\xe4s\x82\x9e\x2b\xeeU\xf6p\xf1F\xaf\xfa\x9f\x2dH\xc0R\x08z\x5e\xfa\xfdk\xaf\xd5\xf4p\x98\x3e\xbfjo\x81m\xf6\x97\xfa.\xb5\x98\x99\xb1G\xfa\xa0\xfd\xa5\xb9cQ\x2dQ\x89\x1aU\xdb\x94\xa9\xf7\xf6\x1c\x9cG\xd5\x3d\x23\x8d\xc4\x26R\x04\xf7\x0ew9\x0c\x5d\xeb\x95\xc9E\xf5\x1a\xb9\x9f\x85\xa9B\xf3x\xdc\x26\x16S\x01H5\xf1\xedd\xde\xa6\x85\x9fT\xbe\x9cY\x1c\xc6TV\xc4\x1fT\x85\xc7\xa1\xef\x16\x13\xfaj\xc9C\xf2\x88ON\x85\xf8\x5b\x8e\xd3\xa5\xa8\x13\x84\x40\xd0\xe2\xc8\xbef\xb4\x04o\xaa7\x18\x02\x92\xea\x82\xf6\x8d\xc6d\xee\x7b0\xf9\x40\x80\x9b\x96\xa2\xd9\x8f\x25\x05V\xf4\x25s\xae\xaf\x8e\xb1\x01\xbd\x3d\x16\xcf\xb3\xc3\x9e\xc6\x8d\xb1\x07\x93\xd8n\x87\xc8\xe6\xdd\x18\x29\x96\x3e\xb7\x94\xda\x29c\xfe\xe1\x24i\xc2\xa9Fo\xc4m\x89\xa9I\x02\xad\x17\xa8\xa6\x7d\x8d1z\x90\x3c\xa4\xaf\xe6\xfe\x9f\x11\x25lN\x87K\xa5\xab8\xef\x8d\xc1\x80Hk\xc4q\x9a\x97\xb6\xdef\x0c\x13\xd3 \xfb\xe2\xbfO1\xaa\x1b\xf3v6s\x24\x10\xdbn\x8f2\x85SW\x87\x2c\xaa\xba\xf8\xd0\xbd\xbc\xaf\x8dr\xe5nfB\x7e\x83\xa72\xb0\xec\xc1\x09\xd8\x09\xa9\x3d\x3cc\x1e\xf5\x2ah\x8c\xf7:\x1b\xb2\xd9\x95\x02lC\x99\xa2\xe2\x06\xba\x0a\xe3\x2b\xd6\xdc\xc0\xcd!j\x2bW\xfa\xf3\x02\x08\x07\x1d\x2b\x2a\xb1\xaa\xb9\xc3O\x10\x1b\x2a\xac\xc2k0\x88Jh\x60\x60oO\x85\x91?\xb1\x0au\xdc\xbf\xdc\xce\x97\xff\x2f\x7d\xe5\xbb\xae\xb6\xed\x89\x9c\x0a\xa1y\x9ej3 \xda\xcf\x00\xad\x89\x2dY\xdd7\xc2\x3b\x122\xfb\xbb3\x15\xf8\xbe\x04\x98K\xfen\xaf\xbb\x5f\x89\x7ba\x92\xbd\xf5\xfe\x5f\xfes5\x89\xb0\x28\x10\xa8\xda\x11\x86R\xcf\x03\xb141\xc5\xd7!\xfa\x5c\xd7\xcd\xe5d\xbcI\x87\xd5\xfa\xa2\xa0p\x97:\x8b\xfa\x94W\xccv\xbf\x16\x2a1mw\x01S\xf1\x08\xbf\xb9\xfd\xbdK\x7d\xc7\x29G\xa0fY\x26\xfc\x0a5\x1f\xad\x81\x9e\xa3a\xaaY\xbe\x83g\xd9\xd5\xb2\xc5\xd9\x93\x905\x84\xaa\x10\xff\x2a\x86\xc5\x3bu\x40\x0aaz\x5e\x1aNP\x8f\xdbg\xf0\xc1\x90\xd6\x89I\xf9\xa8Tk\x23\x7e8\x3d\xffa\x85\xeb\xb6\xa5\x1f\x231N k\xf4\xab\x957\x1f\xc4\xcc\xb2\xe1\xb9\x9dl\xe2\x82\x09\xfe\xd8\xb0\x01\x096\xf2\xd3\xfa5\xa3\xf3\xda\x95\xd0\x1b\x87\x8e\xccf\x88\xd4\x06\x19\xac\x1eY\xcal\x0ei\x01\xbb.\x8f1\x0a\x9c\xb3\xbd\xc2I\x232\xba\x9bo\xe8\xe5\xe4\xef\x07\xc0\x88Y\x00\xd1\xd0\x8c\xf3QT\xe0\xb7\x89\xa5\x12\xb5\xc5\x11\xfdb\x5f\x9a\xdd\xdev\xff\x19\xcc\x14\xe8R\x0c\x1a\x8d\xbak8\xde\xa4\x95\xa4\x05\x01\xd6\xec\x7c\xaey\x5b1\x2a\x09\x23\xf6\x5c?\x9c\xae\x16\x82\x05C\xab\xa1\xcd\x25\x1b4\xbd\x04\x8c\xa0\x09\x9fT\xb3\x11\x9ew\x27\xaay\x9cPZ\xc4\x98\xdc\xc8A\xf4\xe6\xb0L\xed\xf3\x233\x9f\x82\xe6\xb8Fe\x88\x0d\x3c\xf8R\xf2\xb1yEV\x09\xd8\xb5\x1f0\xedf\x1c\xf5X\xc16\x9d\xe3\x1d\xa7\x29\x0bx\x9ft\x11?4\x0c\x02\x17s\xbeQ\x07j\xf4F\x26\x89\xe2\xf8\xf6\x40\x9d\x16z\xadA\x01:\x7c\x958\xd6?\xd8\x27Z\xd6\xceh\xf6.\x2d\x0c\x83\x12\x60a\x60\xe2\x1d\xd1t\xc0\xc1\xe7\xeeH\xf3\xb6\xa6\x00\xe0\x98\x80\xb3\xf6\x14\x12\xe7Rj!\x5dLuT\x5d.!\x1d\x92\x28\x29\x9e\x92W3p\xf8\xf1\x11\x8d\xa9\xfd\xf5\xecO\xae?\x3d\x7c\x0a\xc4\x9b\xbf\xb4d\xc2\x0a:\xec\x3b\xf1\x28\xd9N6m\xfc\x3dvC\x99\x3e\x95\xc3\xaf4\xb7\x83\x96\x94u\xf9\xd5\x04\xff</data></match></read>
    <read><length>9</length><match><data>Options:\x0a</data></match></read>
    <read><length>14</length><match><data>1. View users\x0a</data></match></read>
    <read><length>12</length><match><data>2. Add user\x0a</data></match></read>
    <read><length>15</length><match><data>3. Remove user\x0a</data></match></read>
    <read><length>12</length><match><data>4. Set user\x0a</data></match></read>
    <read><length>17</length><match><data>5. View Calendar\x0a</data></match></read>
    <read><length>15</length><match><data>6. Change Date\x0a</data></match></read>
    <read><length>8</length><match><data>7. Exit\x0a</data></match></read>
    <read><length>29</length><match><data>\x2d\x2d\x2dCurrent User is \x2aNone\x2a\x2d\x2d\x2d\x0a</data></match></read>
    <read><length>19</length><match><data>\x2d\x2d\x2dToday\x27s date is </data></match></read>
    <read><length>8</length><match><data>8\x2d4\x2d2016</data></match></read>
    <read><length>4</length><match><data>\x2d\x2d\x2d\x0a</data></match></read>
    <read><length>11</length><match><data>Selection: </data></match></read>
    <write><data>4\x0a</data></write>
    <read><length>22</length><match><data>\x2d\x2d\x2d\x2d\x2d\x2dAll Users\x2d\x2d\x2d\x2d\x2d\x2d\x0a</data></match></read>
    <read><length>52</length><match><data>Entering a username will set it as the current user\x0a</data></match></read>
    <read><length>16</length><match><data>Enter username: </data></match></read>
    <write><data>\x0a</data></write>
    <read><length>13</length><match><data>User not set\x0a</data></match></read>
    <read><length>9</length><match><data>Options:\x0a</data></match></read>
    <read><length>14</length><match><data>1. View users\x0a</data></match></read>
    <read><length>12</length><match><data>2. Add user\x0a</data></match></read>
    <read><length>15</length><match><data>3. Remove user\x0a</data></match></read>
    <read><length>12</length><match><data>4. Set user\x0a</data></match></read>
    <read><length>17</length><match><data>5. View Calendar\x0a</data></match></read>
    <read><length>15</length><match><data>6. Change Date\x0a</data></match></read>
    <read><length>8</length><match><data>7. Exit\x0a</data></match></read>
    <read><length>29</length><match><data>\x2d\x2d\x2dCurrent User is \x2aNone\x2a\x2d\x2d\x2d\x0a</data></match></read>
    <read><length>19</length><match><data>\x2d\x2d\x2dToday\x27s date is </data></match></read>
    <read><length>8</length><match><data>8\x2d4\x2d2016</data></match></read>
    <read><length>4</length><match><data>\x2d\x2d\x2d\x0a</data></match></read>
    <read><length>11</length><match><data>Selection: </data></match></read>
    <write><data>\x2d1\x0a</data></write>
    <read><length>10</length><match><data>Try again\x0a</data></match></read>
    <read><length>9</length><match><data>Options:\x0a</data></match></read>
    <read><length>14</length><match><data>1. View users\x0a</data></match></read>
    <read><length>12</length><match><data>2. Add user\x0a</data></match></read>
    <read><length>15</length><match><data>3. Remove user\x0a</data></match></read>
    <read><length>12</length><match><data>4. Set user\x0a</data></match></read>
    <read><length>17</length><match><data>5. View Calendar\x0a</data></match></read>
    <read><length>15</length><match><data>6. Change Date\x0a</data></match></read>
    <read><length>8</length><match><data>7. Exit\x0a</data></match></read>
    <read><length>29</length><match><data>\x2d\x2d\x2dCurrent User is \x2aNone\x2a\x2d\x2d\x2d\x0a</data></match></read>
    <read><length>19</length><match><data>\x2d\x2d\x2dToday\x27s date is </data></match></read>
    <read><length>8</length><match><data>8\x2d4\x2d2016</data></match></read>
    <read><length>4</length><match><data>\x2d\x2d\x2d\x0a</data></match></read>
    <read><length>11</length><match><data>Selection: </data></match></read>
    <write><data>1\x0a</data></write>
    <read><length>22</length><match><data>\x2d\x2d\x2d\x2d\x2d\x2dAll Users\x2d\x2d\x2d\x2d\x2d\x2d\x0a</data></match></read>
    <read><length>9</length><match><data>Options:\x0a</data></match></read>
    <read><length>14</length><match><data>1. View users\x0a</data></match></read>
    <read><length>12</length><match><data>2. Add user\x0a</data></match></read>
    <read><length>15</length><match><data>3. Remove user\x0a</data></match></read>
    <read><length>12</length><match><data>4. Set user\x0a</data></match></read>
    <read><length>17</length><match><data>5. View Calendar\x0a</data></match></read>
    <read><length>15</length><match><data>6. Change Date\x0a</data></match></read>
    <read><length>8</length><match><data>7. Exit\x0a</data></match></read>
    <read><length>29</length><match><data>\x2d\x2d\x2dCurrent User is \x2aNone\x2a\x2d\x2d\x2d\x0a</data></match></read>
    <read><length>19</length><match><data>\x2d\x2d\x2dToday\x27s date is </data></match></read>
    <read><length>8</length><match><data>8\x2d4\x2d2016</data></match></read>
    <read><length>4</length><match><data>\x2d\x2d\x2d\x0a</data></match></read>
    <read><length>11</length><match><data>Selection: </data></match></read>
    <write><data>6\x0a</data></write>
    <read><length>29</length><match><data>Enter new date \x28MM\x2dDD\x2dYYYY\x29: </data></match></read>
    <write><data>\x0a</data></write>
    <read><length>17</length><match><data>Date not changed\x0a</data></match></read>
    <read><length>9</length><match><data>Options:\x0a</data></match></read>
    <read><length>14</length><match><data>1. View users\x0a</data></match></read>
    <read><length>12</length><match><data>2. Add user\x0a</data></match></read>
    <read><length>15</length><match><data>3. Remove user\x0a</data></match></read>
    <read><length>12</length><match><data>4. Set user\x0a</data></match></read>
    <read><length>17</length><match><data>5. View Calendar\x0a</data></match></read>
    <read><length>15</length><match><data>6. Change Date\x0a</data></match></read>
    <read><length>8</length><match><data>7. Exit\x0a</data></match></read>
    <read><length>29</length><match><data>\x2d\x2d\x2dCurrent User is \x2aNone\x2a\x2d\x2d\x2d\x0a</data></match></read>
    <read><length>19</length><match><data>\x2d\x2d\x2dToday\x27s date is </data></match></read>
    <read><length>8</length><match><data>8\x2d4\x2d2016</data></match></read>
    <read><length>4</length><match><data>\x2d\x2d\x2d\x0a</data></match></read>
    <read><length>11</length><match><data>Selection: </data></match></read>
    <write><data>5\x0a</data></write>
    <read><length>45</length><match><data>Must select a user before viewing a calendar\x0a</data></match></read>
    <read><length>9</length><match><data>Options:\x0a</data></match></read>
    <read><length>14</length><match><data>1. View users\x0a</data></match></read>
    <read><length>12</length><match><data>2. Add user\x0a</data></match></read>
    <read><length>15</length><match><data>3. Remove user\x0a</data></match></read>
    <read><length>12</length><match><data>4. Set user\x0a</data></match></read>
    <read><length>17</length><match><data>5. View Calendar\x0a</data></match></read>
    <read><length>15</length><match><data>6. Change Date\x0a</data></match></read>
    <read><length>8</length><match><data>7. Exit\x0a</data></match></read>
    <read><length>29</length><match><data>\x2d\x2d\x2dCurrent User is \x2aNone\x2a\x2d\x2d\x2d\x0a</data></match></read>
    <read><length>19</length><match><data>\x2d\x2d\x2dToday\x27s date is </data></match></read>
    <read><length>8</length><match><data>8\x2d4\x2d2016</data></match></read>
    <read><length>4</length><match><data>\x2d\x2d\x2d\x0a</data></match></read>
    <read><length>11</length><match><data>Selection: </data></match></read>
    <write><data>\x2d1\x0a</data></write>
    <read><length>10</length><match><data>Try again\x0a</data></match></read>
    <read><length>9</length><match><data>Options:\x0a</data></match></read>
    <read><length>14</length><match><data>1. View users\x0a</data></match></read>
    <read><length>12</length><match><data>2. Add user\x0a</data></match></read>
    <read><length>15</length><match><data>3. Remove user\x0a</data></match></read>
    <read><length>12</length><match><data>4. Set user\x0a</data></match></read>
    <read><length>17</length><match><data>5. View Calendar\x0a</data></match></read>
    <read><length>15</length><match><data>6. Change Date\x0a</data></match></read>
    <read><length>8</length><match><data>7. Exit\x0a</data></match></read>
    <read><length>29</length><match><data>\x2d\x2d\x2dCurrent User is \x2aNone\x2a\x2d\x2d\x2d\x0a</data></match></read>
    <read><length>19</length><match><data>\x2d\x2d\x2dToday\x27s date is </data></match></read>
    <read><length>8</length><match><data>8\x2d4\x2d2016</data></match></read>
    <read><length>4</length><match><data>\x2d\x2d\x2d\x0a</data></match></read>
    <read><length>11</length><match><data>Selection: </data></match></read>
    <write><data>\x2d1\x0a</data></write>
    <read><length>10</length><match><data>Try again\x0a</data></match></read>
    <read><length>9</length><match><data>Options:\x0a</data></match></read>
    <read><length>14</length><match><data>1. View users\x0a</data></match></read>
    <read><length>12</length><match><data>2. Add user\x0a</data></match></read>
    <read><length>15</length><match><data>3. Remove user\x0a</data></match></read>
    <read><length>12</length><match><data>4. Set user\x0a</data></match></read>
    <read><length>17</length><match><data>5. View Calendar\x0a</data></match></read>
    <read><length>15</length><match><data>6. Change Date\x0a</data></match></read>
    <read><length>8</length><match><data>7. Exit\x0a</data></match></read>
    <read><length>29</length><match><data>\x2d\x2d\x2dCurrent User is \x2aNone\x2a\x2d\x2d\x2d\x0a</data></match></read>
    <read><length>19</length><match><data>\x2d\x2d\x2dToday\x27s date is </data></match></read>
    <read><length>8</length><match><data>8\x2d4\x2d2016</data></match></read>
    <read><length>4</length><match><data>\x2d\x2d\x2d\x0a</data></match></read>
    <read><length>11</length><match><data>Selection: </data></match></read>
    <write><data>\x2d1\x0a</data></write>
    <read><length>10</length><match><data>Try again\x0a</data></match></read>
    <read><length>9</length><match><data>Options:\x0a</data></match></read>
    <read><length>14</length><match><data>1. View users\x0a</data></match></read>
    <read><length>12</length><match><data>2. Add user\x0a</data></match></read>
    <read><length>15</length><match><data>3. Remove user\x0a</data></match></read>
    <read><length>12</length><match><data>4. Set user\x0a</data></match></read>
    <read><length>17</length><match><data>5. View Calendar\x0a</data></match></read>
    <read><length>15</length><match><data>6. Change Date\x0a</data></match></read>
    <read><length>8</length><match><data>7. Exit\x0a</data></match></read>
    <read><length>29</length><match><data>\x2d\x2d\x2dCurrent User is \x2aNone\x2a\x2d\x2d\x2d\x0a</data></match></read>
    <read><length>19</length><match><data>\x2d\x2d\x2dToday\x27s date is </data></match></read>
    <read><length>8</length><match><data>8\x2d4\x2d2016</data></match></read>
    <read><length>4</length><match><data>\x2d\x2d\x2d\x0a</data></match></read>
    <read><length>11</length><match><data>Selection: </data></match></read>
    <write><data>\x2d1\x0a</data></write>
    <read><length>10</length><match><data>Try again\x0a</data></match></read>
    <read><length>9</length><match><data>Options:\x0a</data></match></read>
    <read><length>14</length><match><data>1. View users\x0a</data></match></read>
    <read><length>12</length><match><data>2. Add user\x0a</data></match></read>
    <read><length>15</length><match><data>3. Remove user\x0a</data></match></read>
    <read><length>12</length><match><data>4. Set user\x0a</data></match></read>
    <read><length>17</length><match><data>5. View Calendar\x0a</data></match></read>
    <read><length>15</length><match><data>6. Change Date\x0a</data></match></read>
    <read><length>8</length><match><data>7. Exit\x0a</data></match></read>
    <read><length>29</length><match><data>\x2d\x2d\x2dCurrent User is \x2aNone\x2a\x2d\x2d\x2d\x0a</data></match></read>
    <read><length>19</length><match><data>\x2d\x2d\x2dToday\x27s date is </data></match></read>
    <read><length>8</length><match><data>8\x2d4\x2d2016</data></match></read>
    <read><length>4</length><match><data>\x2d\x2d\x2d\x0a</data></match></read>
    <read><length>11</length><match><data>Selection: </data></match></read>
    <write><data>7\x0a</data></write>
</replay>
</pov>