<?xml version="1.0" standalone="no" ?>
<!DOCTYPE pov SYSTEM "/usr/share/cgc-docs/replay.dtd">
<pov>
<cbid>service</cbid>
<seed>b9cc6eb895525c4aec1ac10ffcd3d24a69e1054cb45d8abfc80012798eaa78710bab7d7d00803e3b1f0fb23990406992</seed>
<replay>
    <write><data>\x06\xd8\x9aa</data></write>
    <read><length>4096</length><match><data>\x06\xd8\x9aa\xa7\x5e\xe1\x8c\xda\x23\x81\x93\x9b3d\x06\x5c9m\x02\x99\xe1\xdc\xba\xba.\xc0\xd9\xcc\x0e\xff\x7f\xe8U\x9a\x2cL\xaf\x82\xe9\xde\xc3\x91\xc3\x87\x85\xf9\x02k3\xe3\xdc\xbd\xf0\xf3\xae!\x09\x5bq\x2b\x40\x7b\xea8S0\x29o\x8f\x23\xf8\xdf\x94\xac\x19D\xc0\x95\x02\xf2\xaaq\x09\xd4\xbd24\xd7ve\xe1\x05\x0a\x94\x09\x0e\x8f\xa6\xdaN\x91\xb5o\x3e\xbd\xf8\xdb9\xcd\xc7\xd5\xa8\x7dB \xcc\x80O\x26\x5d\xeb\x0b\xb4\x7bx\x07\xad\xf8\xbc\x93\xdb\xcc8\x84\x9c\xd1\x0b9Z\x25w\xf6w\xe6\xa1\xbd\x91\xda\xd1j\xcf\x15U\x0ck\xfcaK\x07s\xceEa\xf9\x98\x08\x11\x19\xbf\xb4\xd6\x7fd\xaf\x5d\xb8\xb05\xb3\xe9u\x13\x2d\x9a\x96\xebY\x5c\xbd\x01\x94\xf3\x91\xe3\xbe\x87\xf3\xf0\xef\xda\xe9\x8cX\x2f\x90\xa0\xff\x60\xf63\x85\xd24\x8c\x9d\x5b\xd1Je q\x12\x896p\xc4\xda\xe5\xf6\x15\x0e\xd0d\x11\x7c\xa3\x5d\xbf\xe8\xbe\xa9\x23\xad\xca\xef\x95\x19\x1b\xb4\xccX\xf2\x02\xb0\xe9\x2f\x0f\xa7\x1a\xf6\xe4\x81D\x236\x1f\xffjI\xd69\x01\x92\x3ceF\xacX\xe6\xf8\xf79\x03A\x0dILP\xbc\x8cy\x88\x90\xb6\xbf\xf5\xfa\xeeK\xc7\xbc\xeb\xc3\x8e\x14\xbc2\x8bP\x96\x82\x3e\x0e\xe9\x8a\x8a\x60U\xb8\x11\xca\x89\xf0\x11\xac\x0a\x1e\xdf\xe3\x8c\xc2qW\xfd\xc1\xe5\x05\x26k\xe9\x8a.\x12m\x9fI\x08H\xccQ\xe1\xb6\x90\xb5\xbe\x14\x2c\x06\x8b\x0fHM\x84\xb7R\x13\xf2x\xcc7P\xad\xabT\x96T\x24\xc5\xff\xd2\x94\xc8\x24g\xaa\x8c\xf4\x0d.\x99\x19\xfd\x8e\xab\x1d\xad\xb1\x17\x03f\xf5\x10\x13\xa4\xf9\xaa7\xec5\x22R\xa8S\x9134\x27\xbbQo\x29\xedJ\xbc\xdc6\xc9\x009\x91\x025\xce!\x9es\xe3u4N6\x1a\x60\x15\xa2\xbb\x8bB\x8c\xb0\x22\xf8\xf0\xf4m\x60\xb1\x9eY\x8d\x2f\xad\x03\x22\x0f\x7e\x7b\x09\xb0\x17\x81\x09i\x12\xeb\x9e\x13\xb73\x3b\x8e\x29\x0e\x10\xe7\x02\xae\x2cW\xd7\xc9Qc\x15\xf19\x90\xcb\xf5\x24\xe5\xed\xf7\xbf\xcc\x88!\xcdJ\x98ZM\x10\x17\xc5\x16\x5e0W\x15\x05\xa3\x9f\xa0.vh\xa5\x88?jT\xc5\x88t\xe5W\x0eK\xb1u\x93\x5fB\x5e\xe9C\x27js\xc3\xe7\x059\xd8\x7d\xfe\x3e\xca\xf4E\x0a\x8a\x2d\x08\xa9r\xf7r\x18\x9d\xe0\xbd\xb2\xe1\xfa\x9e\x97\x94\x7b\xb2\xf3\xafg\xac\x98x\xea\x122UG\x81:\x9d\xbdj\xb2\xe5\xc4\xda\x7eur\xf3\xabF\xb8\x0d\x8c\x02v\xc2\x868\xad\x25j\xb6s\xa5\xea\x5dI\xf4\x5eJ\xca9w\xf1\xe0\x60\x04YP\xc0\x1cM\xc2\x8a\xa0\x2bi6:\xc2Q\xe3\x80\xdc\xe4\x1e\x28\xba\x1bw\x1e\x12\xb9\x93g\xd5\xafm\x3cs\xa0\x02\xd1\xe0et\x8d\x0e\xe0X\x7c\x40\x19g\x0e\x17\x27gE\xfb\xee6\xb1\xe7!\xf97\xc4\x01\x89\xa9\x7e\xd7\x9e\xe9\x22\xdc\xf7\xf8\xe7\xcf\x3d\x2c\x95\xf6\xf4\xe7\x03\x85\x86\x7e\x1cy\x2f\x5dl\x98\xac\x8b\xcaaK\x7bG\x10\x97\x96\xb3\xc5\x8d\xce\x5c\xe4\xd4\xca\x9a7\xd4q\x27O\xa6\x05\xa5\x5f\x93t9\x1e\x98\xd9:\x5d\x106u S\x00\xc1\xda\x9b\xe7H\x3b\x3b6\x19vUU\x0d\xaeC\xcb\xca\xa1\xed\xf0R\xf7\xf5D3j\x7c\xad\x27Y\xe9\xd1\x5f\x1b\xcc\x92Nl\x0f\x89\xf7\xef\x05W\x2age\xbc\x5c6\xbc1\xf7W\xbd\xdbo9\x99J\xf0\xc5\xf6U\x5bpA9\x0e.qa\xbf\xc5\xfa\x8a\x91\xab\xb1\x95\xb4\xe5kC\xbeG\x8a\x06\xfd\xe7\x00\xbdH\xa2y\xcb\x22\x0e\xb6\x40?\xaaW\x184\x24\x7fj\xeb\xbb\xee\xdb\xfd\x9c\x88\x5e\xe7\x05\xa5\x171\x9a\xbd!\x9fG\xaaz6r\x8a\xee\x9e\xc4\xe9\x8f\x85\x25\xee\xe2\x84\x84\xcf\xb2\xf5\xbd\x8e\xbe\x7d\xc1\x5c\x18\x89\xc1\x89\x14\x27\xe7\x83\x3c\xe6D\x9dZ\xca\xe7q\x5e\x26l\xe5u\xc3\xbaWr\xda\x2d\x28\xd8\x60\xa4\xe9m\xd9\x1f\xdf\x1c\xbd\x9f\xf23\x90\xbbX\x8eg2\xc2\x3c\xfd\xcc\x11\xf2\x9d\x28y\xe7\xb6\xb2\x96\xf2\x09\x01\xb9G\xc5\xbc\x27\x17\xa2\x60\x03\xec\x95\x17\x84\xc2\x2cK\xec\x5d\x83\x14\x7d\x8f\x5bbl\x15\x1b\x0c\xb2M\x5eq\x848\xe8\xa4\x2c\x5boY\x12\xe84\x5el\xe4\x010\xfb\x2al\x24\xd4KP\xdcDT6\x9c\xd1\x2cG\x85\x8db0\xa3\xf4DJ\xbb7\x1d\x11\xfe\xe9\xe9xF\xda\x08\xdb\x028\x9d5\xfd\xdf\xd6\xc8\x9a9\x8d\x8a\xce\x1a\x95\xf8\x7dH\xc1\xf2\x29oF\x15D\xd6\x96\xa3\xfb\xcd\x0eG\xe2\xbf\xb8\x92\xcf\xcf\xed9\xe5\x2f\xc6Pt\xf7\x1e\x8br\x88L\xe6\x1aiZ\x98\x5b\xaag\x81\x9eg\xa9\x7fp\xee\xdb\x00\xab\x2d\xfez\xb1\x88\xf2\x05\x7c\xea\xb1\xbd\x83\x22\xacc\x9a\x5c\x5c\x7e\x02d\xec\xdc3\xf5?\x60\x3b\xe1\xfbQH\xc9\xce\x16l\xf9\xf5\x9c\x3d\x1dU\x99\xb3\xac\x8e\x17Bd4\xd7\x0d\xe1\x5f\xae\xe0\xeed\x05kX\x23\x01\x8d\x25\xb1\xab\x2f9b\xec\x0b\xc0pP\xc7\x0f2\x95.5\x5b\x8c\xe5\xb2\xa1\x00e\xf4p\xa0\x9b\xb5\xcc\x9d\xfc\xc7\xc7b\xf8\x81\xa4g\xf5\xf6\x23\xd9!l9\xd6\x7e\x0f\xc1\xbe\xf8\xd9\xce\x14\xa1\x5e1\xb7\xb7\x07\xf2\xb1\xfd\xd0\x2a.L\xf6\x0fm\x96\x15\x82R\xef\x985\xafY\x06o\xc06\x24\xa3R\x7dZ24\xb3\x8f\xa9\x9e\x1d\x05\xf9\xe5\xc3\x06\x11\x3b\xcd\x88\xbcX\xea\x2a8\xbd\x60\x029z\xd5\x60\xb5\x86\xb8\xb4\xe4\xa93\x5c\xed\x14G\xdcYz!\x2f\xea\x06\xa8\xa0\x01\x03G\x83\x8e\xcf\x19\x03\xb6\xeb\xdb\xcc\x1e\x26\x28\xabd\xd90\xda\x0d\x1e\xe9!6\x02\x95\xae\x04\x0d\x98\xe1\xa15\xdb\xfa!\xc4\x15\xf4\x82\xa1\xdb\xd4o\x23G\x0b\x5d\x86\xb5\x00j\x89\xf7\xdb\x7crM\x8a\x0e\x11\x9a\x3eR\x19\x0ax\x9ed\x13\xa4\xb8\xc0\x08\x29\xc2\xea\xef\x23\xd07y\x7f0v\x2a\xf4\x0a\x93\xdb\xbb\x89\x17\x22\xfd\xde \xf7\xc2?\xbf\xdd\x91\xec\xf8\x14v\xdc\xb2\x96.\x2b\x0e\xe5\xc5\x87\x8c\xdd\x0aL\x04\x23\xd1\x89a\x00\x2aT\xd6\x8cn\x84V\x8cI\x12\x98\x97W\x13\x3b\x93\x8c\xeb\xf9\x7e\x9e\xbfp\xea\xf7\xed\xb7\xc0D\x89\xbf\x16\x88\x07\xe8\x9e\x83!\xd3\xa8Z\x8aOp\x1a8\xb5\x2b\xff6L\xd2\x14\xef\xcaQ\x26K\x08\x29\xb4\xbdm\x03\x25\xa5\xac5\xb9\x107\xbb\x9b\x94f\xccw\x0e\xd7oTQ\x09\xf8\xbc\xbf\xcf\x043\xc3\x09\x9c\x1b\x1c:\xd5\xe8\xa9\xe2\x09m\x1e\xa5\x9b\x93\xf0\x3d\x5e\xdfyz\xf9\xfb\x23\x904e5\xf9\x0f\x2f\xdd\x9b\x82x\x17\xd5\x7e\x04\x95i\x90.o\xb3mU\x3b\x09\x9a\xea\xa1\xd5\x88hm\x13\x02\x3d\xe8\x18\x875\xfc\xd2\x14\xa8\xaff\xbe\xf4\xc06\x84\xb0\xb9\xdb\xbe\xfd\x9b\x8dVi\x9a\xe6\x22\x2c?e\x90\xb5\xafw\xe7\x29\xd8\x97\x91\x9b\xbe\xd7L\x7f\x14\xfa\xf0\xe5.\xe8\x7eI\xb6\xbb\xbb\xde\xb3\x7d\xf9\xf7F\x3d\xb1\xa6\xfe\x17\xf83!\xb66\xba\x2da\x87\xde\xd1\xc6\x89\xe7\xfd\x26\x9b\x5c\xefWI7\x0as\x13:\xefJ!z\xab\xcb\x19\xbb\xd6\x95\x81\xdcf\xe5\xda\x94\x28H\xab\x19\x8c\xef\xf4\x89\x06\xe1\x2d\xb8\x0d0\x1a\xf2\xc8\xfbY\xf9\xd9\xae.k\xb6\x1a\x0a\x7d\xcc\xd3\x81\x88\xafbN!HbW\xdc\x8dL\x8e\x27\xca\x2cTuQ57\xf9\x89\xd2\x89U\xbb\xe6\xcd\xe6y\xd2Q\x3d\xd4\x89\xcdR\xb6\x3c\xbcM.\xd7\x0f\xac\xd7\xdf\xa4n\x12 \xd5\x19\x12\x964Z\x15P\xf82\x0a\x18\x03l6\x18\x8e\xdcU\xf3\x0c\xdf\xa1\x8a\xe5\xac1\xa2M\x8c\xb8:\x60\x8a\xc3l\xeeH\xf6\x9a\x8d\xafp\xfa\xf3\xfc6!\xde\x27\x9da\xc7\x5e\x0c\x7c\xae\xa5\xe9\xd0\xf7o\xc3\xd6Q\x12\x08\x85\xe1q\xd8BK\x3e\xd0\xa4?\xdf\x84\x1c\xd1\xa8\xbd\x04\xa9H\x10\x08b0v\x8f\xb6r\xafz\xab\xe4\xec\x26i\x22\xdaG\xdf\xf9\xed\x89\xe5\xed\xfb1k\x111o\xa7o\xa6\x0c\xd6R\xdf\xf4\x5ee\xba\xe3\xfa\x40fi\x0e\xac\xae\x137\x8e\x09\x894\x2b\xe6\xf4\x18\x09q\x8a\xf4\x02c\xbb\xedL\xb2\x94\xb2\xa5\xef\xbba\xa6!\xd6\xa3\xaa7:4\xe6x\xb9 \xc1O\xc3\x91\x01\x11m\x86\x01\x184\xfb\xd4\xcc\x112\xf2\x88\x5d!f\xf96\xae\xc0K\xec\x1b\xe7\xe5\xeb\x60\x14\xb2A\xf7\x23\x9a\x91\xfb\xf2\x16\xa10\xe9\xc4\x068\x1asn\x11\xa4\x93\xe5\x5f\xf0\x1fG\x16\xa1\xcd\x91\x96\xc6r\xef\xf4\x0c\xe3\xf6\xf2\xeb6\xf89\x16\x97\xa6\x0f\xc6\x5dr\xaarVFlF\x8c\xb3\x2c\xe96\x2a\x0a\xd3m\x2b\xe2\x8e6\xc5\xfb\x95\xd7d\xe2\x07x\xa1D\xd8E\x272\xfdX\xa5\x11.\x1d\xb7\x13\x2f\xfd\x1c\x04\x89h\x12\xf9P\xc1\x22\x25d\x5b\x81gl!\xf0\xd8\xf0\x22\xe5\x02:\x98\xb8 \xde\x9f\x15\xd9\x01\xa2\xc8\x5e\x93\x26\xfd\x40\x25\xe6E\xafb\x10\x3e\xcc\xc1\xdf\xf8\xdd\xc3\x2a\x91\xad\x14d\xe9\x96.f\x7c\x15L\x3b\x09\xd0\x1a\xce1U\x98\xbe\xeeR\xd1\xe2\x3d\x7c\x07\x8a\xd5\x06\x25\xf7\xbe\xcd\xb4\xd3l\xb0\xeaK\x1b5\xf8X \xd9\xa4\xdc\xba\x10\xad\x8e\x0d\xfd\xd9\xeb\xef8\xd1X\xc19\x8e\xd2Qy\x3b\xb9\x23\xf7\x2ay\x03\xcb\x92\x7f\x99\x04\x3ca\x2a5\xa9\x0c\x7b\x11\x1d\x93\x9c\x2aa\x7eIE\xe2p\xed\xa6\xfep\xdbd\xde\x25?e\x0e\x02\x0e\xb7\x0cp\xa8\xfe\x0d\xa2\x8b\xc7\xb36\x05Ub7\x0b\xe0R\xcb\x8d\xe6\xb9\x2c\xd0\x14NK\xde8\x93b\xb7\x0c\xc0X\x0b7\xc2\x2a\x17\x26\xed\xd1\x0c\x959:D\x0d\xd3\xaa\xe7\x1e\x5d\xf1\xf2\xfeK\x05t\xe9Lj\x1d\xb1\xcbuu.\x19\xf7\xc9\xf0\x01f4B\xc2\x00\xa8\x3cd\x9e\xbb\xe0\x8e\x17\x8f\xc9\xa4\xfa\x10\xe7SG\xb8\xa0\xf2\x111\xdc\x99\xe8\xd3\x1d\x89\x8c\xa6l\xe7\xdeM\xfd\xdd\xa8\xbe\xabr\xc2\xd1\xec\xbc\x27\x0b\x40\x01W\x8d\xeb\xa1\x7e\xbd\x26\x25\x01\x18\xb2\x1dH\xa2\x7c\xe2\x03\xdc\x92\xdb\x04\x17\xc1\xfc\x99\xc2\x8bS\xf2\x08t\x7c\xef\x8cc\x3b\xaf\xd8\x95\x83\x5e0\xee\x23\xa7\xaaL\x90\x07\x81..\xb4\x8d IOE\xde\x24z\xef\xb2\x83\x7c\xc5\xbbr\x26\x9f\x0a\x0b\xc6\x23f\x9f\xf9\x91\x2a6\x18es\xde\x0a\xd2XL\x0e\x8a\x84\xb4\x11\x2a\xfe\xca\x3d\x3e\x2c\xf6\xb0g\xaaO1S\xf8\xdd\x27\xbe\x13\x8a0\x1e\x86\x9e\x96I\xc6\xfe\xe6\xcb\xbeL\xa2us0\xa0\x7b\xb9\x12\xed\x98\xac\x08\x82\xff\xa5\x7d\xf2p\x96\xf7\x916\xba\x3d\x5c\xdc\xc4\xa37\xfe\xca\xa1\x23\xd8\x22\x03\x5f\xc59.\xcb\x8b\x9b\x86 \xb0\xac\x18D\xccb\xcb\x9f7\xec\xab\x05g\xcfvX\xcd\x982\xc6\xcc\xc1.\x0c\xb1\x7e\xd4J\xfcG\x85\x86\xfdV\xc7\xf1\xa8\xd5\xb3\x28\xeb\xad\xad\xfe\xce\x91\xeb\x7d\xc3a\x7c\xa1R\xc4F.Rs\x29\xfa\xeb\xe9\x10\x3c\xe4\xc6\xf6\xa9\xf7\x87\xce\x12\x9a\xc7\x5bM\xca\x96\x87\x16\xbc\xbe\xfam\xe3\xc5\x14\xc0\xfd\x8c\x91\x82\x1c\xdf\xd9XA\x03\xf1K\x40\x0a\x14\x02\xf2\x84\xcf\x7cZ\xb1\xc8\x14\xde\x04\x88e.\x10\x9e\xf76k\x7d\x5e\x81\xd8\x1d\xa3\xec\xcb\xa4\xd3H\xd8\xdc\xb4\xccju\xfb\x89\x94eM\xf5o\xe6j\xeaTc\xe72\x15\xf0\xc3\x81\x7c\xf7\xe5\xc2\x7bh\xc1\x81\x2dj\xe5\xb1\x01\x14\xce9\xca\xdb\xf3\xd5:\xf3T\xf9\xe9\x3b7\xce\xb9\xa9\xcc\x7bB\x60\x1e\xcf\xa9X\x88\xadi\xfc\x7d\x23\xd0\xa6r\x11\x95\x03\xb7\xfdUd\xf7\x40\x25\x9a\xb8\xb8\x2d\x40\xbbUA\x97\xe7\xc0\xe7\xccF\xa6\x13\xde\x1dk\x2a\xa6\x40\xe6\x22\x3ea\xd4\xbf6\xf6\x03\xc5G\x0b\x07\xf4\x7d\xae\x3dO\xa04\x29\x24:\x96\xedv\x3c\x88\x04\xd5\x0b\x7f\x03\x0bF\x11\x3b\x8b\xe8\xc8\xf0\xa4\x1fS\xf6zG0u\xae\x22\x87\xfc\xb3\xeb\xbc\x1b\xfa\x82\x9d\x9e\xebf6?\x13\xbf\x0dM\x01\x9c\x19\x19r\xf4\x7d\xd5Dj\xf5\xce\xa6\xfe\xbat\x9e\x8d\xd6\x29v\x18U\x7c\x18\xd6\x9e\x05\x2d\xc4\x99\x94\x08\xd2\x2b\x11V\xfb\xb8\x09\xa0\xbacy\xe6\xe2\xfcu\x2f\xf1\x7f\xab\xf4\x9d\x9c\x12\x2bN\xcb\x8ay\x23g\xe9\x13W\x0c\x1c\x26\xe6\x2fP\x25\x94\x817\xfd\x24\xed\xe5eGd\xb3\x2f\x7b\x28\xa4zB.\x90J\xb1 w\x9a\xe3\xdch\x5c\xc9\x93\xd9\xd4\x8c\xa5\xa5\xf1\xf8\xfa\x0fTo\x7e\xed\xb7\xc7X\xd6\x28\xb9bZ\xe8t\xd0\xc7\x80\x0fX\xdc\xfc\x1bp\x3e\xad4\x28\x23\xa9\x25:\xa0\xbd\xdb\xe6M\x8a\xe6\x5b\x11 x\x83\x92\x85SFum\x2f\xcf\x9b\xbcQ\x03\x9d\x7bF\xe5\xb8\x1c\x28\xa1\xa0\x87\x2d\x7dS\x7e\x130TP\xb3\x7e\x87\xcc6c\x2d\x40\xae\x5f?\x60\x1b\x3dB\x94\x86\x2aX\xe4Iq\xf1Is\xf5\xa0A\x40\xb2\x60\x2fj\xc8zC\xea\xa8Q\x9e\x3c\x7c5l\x1c2\xb1\xec\xf2\x93\xa0\xa3\xb5v\xefI\xcc\xb2\x0a\x8e\x22\xc2\x5f\x2d7\xa4\xfc\xe3\x8da\xc9\x0a\x90\xdb\x2an\x98\xed\x9a\xc0\x1e\xd0\x0a\x24\xce\xe1!\xb1\x14\x0a\x98\xe8\xbe\xdd\x1a\x5fi\x8a\xc3\xf5\x8a\xbd\xf7k\xb8\xf7\xf6U\xda\x0cw\x2cG\x18\xa3\x14\xd3\xea\x03E\x27\x0f\x3cn\x29\xf1\xfes\x9eWU\xc5SKv\x25\x95\xeaEA\xc5\x1d\xaa\xb1\x00\xfb\xa8\xc9\x8a\x7el\xccF\x87\x17\xe7\xe1\xc0\xad\x3d:\x12\xfb2\x3d\xfe\xb3\xdd \x9526Wl\x17\xc1eV\xc6u\x83b\xd1\x22\x2c\x05\x1b\xb5CrU\x2a\x9d\xc8jN\xa2z\x5d\xea\xbf\x5c!F\x9f\x15\xea\x5f\xbb\xfc\xc6\x5f\xda\x8ae\x93w\xa7\x93\xc6\x3ct\xee\x87\xd9\xc7\xfb\x10\x9ft\x5b\x96\x0d\xcb\xcf\x5d\x26\x5cEr\xd7\x94\x2a\x5f\x98\xd8\xe3\x5f\xa21\x7f\x2c7\x3d\x80\xaf\xbc\x04\x95\xd2\xd9\xd9\x90\x83f\xff\x93\xea\xc9e\x0f\xaa\xd2\xad\xeb\xf3\x04\x00\xec\x83\xaa\x87\x8a\x05vs\x3b\xc3\xcev\x06\xbcX\x03PQ\xdf\x3e\xef\x60\x05\x190\xdf\x5c\xf1g\x1enk\x0e\xe6\x81\xc6\x92\xda\xef\x98\xdeG\x3e\xcd\x0a\xdd\xd8\xe5\xf8\xd8\xe2\xef\x9e\xf1\x2c\xf5\xb3c\xd5\x5dJ\xce\xb0o\xe8t\xde\xe7\xa5\x9f\x0ag\xd5j\x07FD\x18\xc1\x2b\xb7\xc8\x28\xd7\xb0\xba\x86\x19\xdfO\xdco\xfd?\x11\xff\xa0\xf3\xbd\x2cc3\xef\xaa\xde.L\x12\x95\xc3y\xdaJI\xa6.7\xdd\xeb\x1c\x99\xc3\x29\xffol\x08F\xf7:T\x2f\x1a\x87\xb0bT\xc7B\xefoG\xdf\x12\xa4jh\x00\xa1\xd4m\xbb\xb1\x5fa\x19\x90\x84\x8f\xd0\x5d\xb4\xe7EV\xab\x7f\x0ec\x7d\xc8\x83X\xf3Y8e\x94\xffI7\xbdg\xe7\x07\x1b1D\xe9\x12\x92\x051C\x0f\x3b\x14\x8b\x11Y\x7c\x28\xf2\x7eAiT\x99\xf7\xa5\xc1\x86\xc5\xdfO\xf1c\xfd\x0c\x8c\x1c\xbe\xdb\xae\x0e\x7e\x15\xaf\xb8V\xb5\xae\x06\xe8G\x87\x7bi\x0b\xdf\xd0\x1d\xd1\xb87\xc5\x834\xbe\xcc\x8c\xaf\x26\x7c\x92\xfa\xfc\x3c\x23\xe4\x05j\xc8\x92U\x0b\x81Di\x9a\x9c\x07\xa7\x15\x00\x86\xedq\xd9\x1b\x9f2\x2d\x9d\x29\xe8tQ\x90\x26\xf84g\xd8\xa1\x97\xe3\xd2e\x05c\xd4YK!s\xbb2\x9a\xb9\x27\xe3\xdd\xdb\xf8\xac\x7d\xda2\xa9\x7e\x84\x07\xb2\xf5J\x03\x89o\xd9\x22\xf8\xde\xf5Py\xfct\xd6\x83\xdb\xa8\x5c3:\xcd\xe88\xbf\x87\x93\xd1\x9c2\xd4\x12\x7d\x17d\x178\xad\x29\x10z\xbe\xc2\x1e\xfd\x5c\x80\xf9\xe7\xfc\x04\x85\x8f\x92b\x1d\x16\xaeI3\x9dd2\xb8\xc2D\x27el\xd5\xd4\xf5\x1b\x19C\xe4T\x90\xa2\xee7\x95B\xd6\x10\xd2\xa2g\x17.\x12kS\x22\xb38\x3b\x227\xad\xd6\xdf\x14\x0c\xe8I\xde\xcb\x27\xbb\x144\xd1\xb7\xb6\x85\x85\x969\xb5\xd1\x9dQ\xd8m\x5fGePW\x0dp\x90\xc4\xa7\xf9\x92\x918\x9c\xe8m\xac\x94\xd1\xfe\x01\xbc\xfa\x18V\x1f\xbaA\x91\xb4\xaf\x2f\xd1\x02\x3d\xd0\xfbbi\xf56A\x91p\xb6\x7f\xb8\xa9\xca\x0d\xb8\xa4\x27\x60\x04N\xc9W\xc2\x969\x7f\x9b\x1b\x8b\x17\xab\xb4\xf5\x9fH\xd0\xb6\xa0a\x29\xc0\x89\xe8\xcc\xa2\xa2g\xea\xce\xae\xc0\xdb\x9d\xca\xd6\xb8\x60\xdd!\xc4\x27\x11\x9cx\xabx\x07\xa0\xae\xd76\xf7G\xcf\x02s\x10\xf4\xa1\x0b\xd5\x1f\x2d\xd3\xb8\x3b\xda\xe1Vv\xad\x04\x13\x91\x9a\xe8\x5fm\xb2\x1d\xa0\x15\xa5\xfcU\x5c\xd0\x88\x13\x12ua\xe9\x7e\xae\x3c\xb8bC\xb7\xe6:\xc0\x24\x0eJ\xca\x92\xebNK\xb5\x00Nb\xfb\x01\x07J\x99\xc7u\x84\x8e\x098\x85\xc6\x81\xb9\xcaB\xdd\xe5\xd4\xf2.Y\xfb\xda\x98XK\x18\xac\xb4\xe3\x5d\xc5\xcd\x16L\x8e:\x9a\xc2E\xa1k\xea\xe9\xc9\xa3\xb4G\x7f\x18y\xec\x8d\x0et\xedf\x287\xcb7\xc9\x94\x7e\xa2\x0e\x8b\xe7\x834\xb3\x2d\x89\x8b\x29\xc22\x86i\x06\x83\x24eFq\x5b\xf3\x2bw\x08\x10\xc8\xdb\x23\x06\x8d!\x0e\xd7\x9b\xbc\x25?\x86\xe1\x80\x1d\x1d\xdc\x84\xbb\x8a\x02X\xed\x9f\xa46\xae\x90\xde\x2fRa\x98\xb3avT\xa0K\xa8z\x1bP\xe4\x93\xd2\xbe\x0f\x1b\x86\xdc\x03\x96\x93\xc2sB\xa9</data></match></read>
    <read><length>9</length><match><data>Options:\x0a</data></match></read>
    <read><length>14</length><match><data>1. View users\x0a</data></match></read>
    <read><length>12</length><match><data>2. Add user\x0a</data></match></read>
    <read><length>15</length><match><data>3. Remove user\x0a</data></match></read>
    <read><length>12</length><match><data>4. Set user\x0a</data></match></read>
    <read><length>17</length><match><data>5. View Calendar\x0a</data></match></read>
    <read><length>15</length><match><data>6. Change Date\x0a</data></match></read>
    <read><length>8</length><match><data>7. Exit\x0a</data></match></read>
    <read><length>29</length><match><data>\x2d\x2d\x2dCurrent User is \x2aNone\x2a\x2d\x2d\x2d\x0a</data></match></read>
    <read><length>19</length><match><data>\x2d\x2d\x2dToday\x27s date is </data></match></read>
    <read><length>8</length><match><data>8\x2d4\x2d2016</data></match></read>
    <read><length>4</length><match><data>\x2d\x2d\x2d\x0a</data></match></read>
    <read><length>11</length><match><data>Selection: </data></match></read>
    <write><data>6\x0a</data></write>
    <read><length>29</length><match><data>Enter new date \x28MM\x2dDD\x2dYYYY\x29: </data></match></read>
    <write><data>\x0a</data></write>
    <read><length>17</length><match><data>Date not changed\x0a</data></match></read>
    <read><length>9</length><match><data>Options:\x0a</data></match></read>
    <read><length>14</length><match><data>1. View users\x0a</data></match></read>
    <read><length>12</length><match><data>2. Add user\x0a</data></match></read>
    <read><length>15</length><match><data>3. Remove user\x0a</data></match></read>
    <read><length>12</length><match><data>4. Set user\x0a</data></match></read>
    <read><length>17</length><match><data>5. View Calendar\x0a</data></match></read>
    <read><length>15</length><match><data>6. Change Date\x0a</data></match></read>
    <read><length>8</length><match><data>7. Exit\x0a</data></match></read>
    <read><length>29</length><match><data>\x2d\x2d\x2dCurrent User is \x2aNone\x2a\x2d\x2d\x2d\x0a</data></match></read>
    <read><length>19</length><match><data>\x2d\x2d\x2dToday\x27s date is </data></match></read>
    <read><length>8</length><match><data>8\x2d4\x2d2016</data></match></read>
    <read><length>4</length><match><data>\x2d\x2d\x2d\x0a</data></match></read>
    <read><length>11</length><match><data>Selection: </data></match></read>
    <write><data>\x2d1\x0a</data></write>
    <read><length>10</length><match><data>Try again\x0a</data></match></read>
    <read><length>9</length><match><data>Options:\x0a</data></match></read>
    <read><length>14</length><match><data>1. View users\x0a</data></match></read>
    <read><length>12</length><match><data>2. Add user\x0a</data></match></read>
    <read><length>15</length><match><data>3. Remove user\x0a</data></match></read>
    <read><length>12</length><match><data>4. Set user\x0a</data></match></read>
    <read><length>17</length><match><data>5. View Calendar\x0a</data></match></read>
    <read><length>15</length><match><data>6. Change Date\x0a</data></match></read>
    <read><length>8</length><match><data>7. Exit\x0a</data></match></read>
    <read><length>29</length><match><data>\x2d\x2d\x2dCurrent User is \x2aNone\x2a\x2d\x2d\x2d\x0a</data></match></read>
    <read><length>19</length><match><data>\x2d\x2d\x2dToday\x27s date is </data></match></read>
    <read><length>8</length><match><data>8\x2d4\x2d2016</data></match></read>
    <read><length>4</length><match><data>\x2d\x2d\x2d\x0a</data></match></read>
    <read><length>11</length><match><data>Selection: </data></match></read>
    <write><data>7\x0a</data></write>
</replay>
</pov>