<?xml version="1.0" standalone="no" ?>
<!DOCTYPE pov SYSTEM "/usr/share/cgc-docs/replay.dtd">
<pov>
<cbid>service</cbid>
<seed>2ebc6f8a8c0ef4652de907da474624f41c0abae71758ce95ddb77a003b5a8aabe6bdacf3060df64df121b478b8678b19</seed>
<replay>
    <write><data>\xa8\xb0\x0be</data></write>
    <read><length>4096</length><match><data>\xa8\xb0\x0be\x08\x5d\x7e\x5c\x04\x84\x0a\x09\x3c\x0e1\x87\x09\xd6cuc\xb1\x80\x98l\xe5\x0cE\x14\xd3\x08\xef\xdc\x27\xf0\xbd?\x7f\xd7\x5f6\x8e\x92dLz\x82\x0d\x40\x876\x2b\xa8\xc6\xbbd\x0e\xac\x95\xdc\xea\xe5\x3bca\x98\x094\x9c.\xe3\x82M\xec4\x03\xa8\xc4j\x2fg\xec\xe5\x00\xe1R\x60\x9b\x1f\x01\x2c\xf6\xa7\x19P\xc1\xc1\x1b\x19T\xc3E\x28\x9azw\xa2\x92\x94\x22V\xb2h\x07\x9e\x858Qs\xfe\xec\x7d\x3cM\x14\x7d\xde\xbe\x7d\xd7\xbc\xbb\xddG\x8dAx\xfb\x1b\x0ct\x0d\xc2\xae:\x03ZT\xbf\xf7\xd3\xd3\x19Y\xb2\x07\xa2\x24\x23Y\xff\x88\x29A\x8b\xdb\xb2\xb2 \x95\xe4\xa7:\xdf\xebm\x1dF\xec\x0a\xb2\xb1in\x0d\x96\xddc\xa1\x85\x86\xc0\x8b\xf3H\xb67\x24\x0c\x9d\xac\xa2q4Oa\xc5\x7d\x29m\x95V\x23\x89\x12\x7b\xe2\xa6\x2b\x40\xe4\xb7\x9d\xc5\x284\x7b\x02t\xd5p\x3e\x26m\xc7\xcf\x27\x3eT\x9aV\xc0\x0fG\xdf\xe5\x5b\xdb\x3c\xd9\xf1N\xa0\x22\xac\xda\x2dtX\x9bW\xfb\xf0\xae\xd1N!\x25\x7b\x85\xcd\xd6I\x95B\x197\x2dj\x5d\x16\x14\x9f\x96\xc68\x02\x99\x17S\x3d\xf4\xda\x1f\xb4\xb0L\x27\xde\x5fk\xf8\xef\xea\xcd\x2a\x8e\xd2\x13rZ\xcf\xe9\x5b\x95\x18\xb7T\xb9v\x25\xb8m\xc4\xbf\xf5\xac\x16\x19y\xae\xe3C\x3c\x0b\x0f\x0b\xf8\x15\xb5?\x8cl\xda\xa8\x8eI\xd1\x22\xc1F\x8a\xbf\xc8\xc7\x05\xea\x22\x9d\xde\xd4\xb0\x27\x93\xcc\x11\x07u\x3e\x81\xda\xc3\xc8\xc9Rmr\xe9\xf7\xc4\xa1\xee\xed\x25\xe4\xc1\x9d\x93\x0b\xf1\x3c\x12\x01\x051\x02\x16\xc5\xe01L\xa6\x08\xedr\xbcx\xdeD\xfd\xfe\xa2\x1fW\x86e\xc2\xf1\x3b\xd3\xe5\xd9J\x81\x98\x01\x1c\x85\x5b\xb1\x24\x04\xc5\xc2\x9d\xb7Qef\x94SQtY\xb54\xf4A\x82\x24\xdd\x963\x60U\x3d\xe9\x9c9\x88\x24\x18\xea\x98J\x60\x95QHC\xdbI\xa5q\xad\xc5\x05q\x95\x1ec\xdf\x02\xc6q\x2b\xe0\xf8\xa6\xee\xdc\x98\xa5\x0a\xd6Q\x5eG\x2dQb\xfd\xfc\x8aK\xdeWu\xeb\x29\x90\xe2O\xb46\xf2\x2f\x25j1\xf4\x06r\xe9N\xd2\x05a\xb2Z\x27\xe4\xd3\xf5\xc9:\xc2\xa8\x08\x1f\x07\x1bb\xf0\x06\x23\x3e\x0e\xc9\x26\xc9\x0b\x8e\xd0\xa6\x8b\x95q\x90Q\x04\xe4\x9b\x90\xfe\xfb\x9f\x15\x3d\xd6\xc4aW\xea\xe0\xd5\x5cz\x03\xff\xda\xbe\x2afQrT\x85\xdaR\x26\x0a\x89DsbIhr6NW\xf3\xa2\x5f\x99\xd2c\xff\xf2\x13\xa3T\x05h\xe7\x9a\x85\x22\x99\xa1\x24\xea\xcd\x5c\x3c\xd4\x24S:b\x8f\x8e\xba\x01\xc7f\x1b\x15\xca\xf8\xe8\xfb\x5f\xcd\x97IHZ5R\xc2\xe7\x81hiB\xd12\xe722\x1c\xff\xbc\xeeR\xb6M\xb6\xe3\x11F\x28\xeaV\xb3K\xc4\x18\x94\xbc\xbe\x066\x19\xa9\x8b\xb7\xfe\xe1\xb2r\xc2\xb8\x3b\x7c\xe5\x19c\x9a\xedw\xce\xf4\xce\xef\xfa\x15B\xcd\x15z\x7d\x26\xebz\x1c\x152\x8a\xe5\xaa\xf3\x3dy\x99EPa\x29Q\xc5\xeb\xab\x96\x3e\xc6Az\xc0.\x13\x24r\xfcU\xbd\xf3fE\x19\x0dP\xd1\x2b\xb9t\xd4\x25t\xadF\x1e\x02\x24\xc6\x10\x94\xf1\xc2k\x2a\x2b\xab\x2f\xc7\x96\x10\xaa\x1e\x00\xe0\xf0\xd6\xf8\x1f\x9a\x5d\xb3h\xf7\x99\xcf\x00\x2d\x94\xd6\xd7Wl\xa1r \x02\xab\xb9\x60\xc4\x9d\x17\xa6x\xd1\xfbv\x22\x0e\x7dX\x08\xf4\xca\xed\xdf0\xc4\xc78E\x8b\xe1\xc1y\xd8\x11\x8f\xe6\x22\x19\xd7D\x11\xd6X\x5f7\x28\x9c\xf1\xb0\xad\xc2\xf3\x00\x2bzj\x9ac\xb8\x7ea\xdc\xf7\x8d\x19\xc9\x23\xebnZ\x22\x28\xd1lBgI\xf4\xd1\xc9\x01\x7bJ\xe1\xb6\xb3\x13\xd8\xfc\x8a\xef\x7c\x15\xf0\x0c\x9a\xbf\xb2\xb6\xd4\x3e\x8au\x23\x1b\x88CZ\xa9\xdf \xfc\x08\x90\xdc\x8f\xf6\xf7e\xcc\x7f\xd5\x7d\x16\xfe\x8b\x5b\x3er\xa5\xea\x1a\x16\xe2\xe0\x7c\x85\x5cn\xbeey\xd2\xf2\x13\xc8\x08\xd7\xc0\xe8\xa7\x5dB\x9d\x2d\x0d\x00\x80\x5d\xdf\xb2Z\x7b\x03\xff\x3c\xe6r\xacFtI\xde\xed\xe0\xb9V\x5cP\xc1\xa5\x02\x17\x9a\xa3Q\x07\x1b\xa3\x7e!2\x93\xb6\xb6\x91\xf7\x94I\xb1\xd1s\xf4\xd7\x2cV\xba\x18\x8fz\x5e\x12\xd4\xcc\xcd\xe9\x96\xc34\x9c\x84\x23\xaa\xa7\xe6\xa3\xbe5\x88d\x5br\xb2\x89DM\xe5\xa0\xb2\xff\xbfp\x0d\x95\xd0p\xacC\x9e\x0e\x2aG1\xc7m\xcf\xbb\x8b\x08ON\xb9\x03\xddL\x82O\xc3\x812\xf9O\xec\x26\x1e\x12\xc1M\xf6\x2b\x07R\x8b\xb3Q\xe7\x28\xddZ\x7cp\x5e\x2b\xdc\xab\xdf\xd3\x14\xcb\xf0\x857B\xa7\xf7\xe5\xbeW\x89\xa7\xd4\xb6\x03\x15t\x89\xb1\xae\x22\x10\x2d8c!\xc6\xbf\xe2X\x8c\xd5R\x04L8P\x8d\xabu\xdf\xa3\xec\xb0d\x3d\xf9g\xca\x5c\x84\xa7\x87\xd1i\x08\x99\x973u0\x17Q\x2ai\xc3\x0f\xed\x9eD\xddv\xbd\xb5\x90n7dP\x9fb\x19RWa\xedT\x1a\xb7\xa7\xf4\x2ap\x82w\xe9\xe1g\xb5\xfe\xc9\x96\x05\x23P\x8b\xfa\x946\xf3\x88\x1e\x3eE\x8bK\x99d\xf2\x5d\xdc\xd1\x0a\x3b\xd3\x2a\xaf22cC\x23\x7d\x17m\xa1\xd3\x00wB\x00\x2d\x90\x1a\x8dd\x8a\x1fD\x3d\xdc\xcelJ\x07sF\x3bG\xf7.\x93\x80w\x7d\x22\xc9H\x3d\xceNV\xba\xbf\xf3\x9e\xfdiH\xed\x1f\xc4K\x27\x2bC\x2d\xa5K\x96\x5c\x23\xa4\xa0\x15\xe0\xca\xca\xb8\xf5\x07\xe9\x8f\x1d\xdfz\xc1\xec\xf1\x8d\xf852\x05Dz\x85\x9a\x1a\xd5\xc5\x28\xa4\x96c\x05\xf8\x82\xde\xa8l\x8a\x19\xca\x0b\x0a.\x7d0\xc9\x08\x3d\xeem\x1e\x7ci\xa8\xa1\x1d\x87F\xc8\xdb\xa2\xe3\xd3\xce\xd69\x22\x8a\xf4\x08\xeff\x10J\xc5Bf\xd6\x1b\x25VF\x86\x92\xaa\xed\x0fV\xf5\x8eJ\x8b\xc8\x29\x07\xed\x14\xa5vA\x0cq\xe0\x19\xcc\x07\xd9\x253\x1e\x84X\xb6e\x1bE\x93\xf4\x08\xe2\x0c\xac\xbbl\x10\xdbN\xf6\xab\xe3\xa8L\xc7Nu\xc6\x7f\xdd\xd11\x23\x1b yx\x0d\x40b0\xdb\x86H\x26\x99\xbe\x1c?\x06\x8e\xed\x3bM\x93\x5d\x9fb\xbe\xc0w\xc3\x93\x1c\x3e\x7fr\xa15B\xdb\xc8\xd9\x9au\xd0\xed\xd9\x1f\x91\x07b\xa9\x84\xd7\xc3Z\xee\xb3\x15\x2d\x8cK\xa9\x5e\x90\x16\x83T\x98u\xc8\x8a\xe2Jc\x18\x11\x5b\x94\x8d\x99\x84mk\xfb\xd9Y\x01\xf5\xec\xbc5\xc0\xf5\xa7QG\x92\x5e4\xce\x28\xe6R\x18\x16\xafU\xcf\x1e\x1a\xbad\xad\x13z\x98\xda\xc16K\xfc\x26:\x08\xf0\x7cs\x5f\x3b\xf3\x23\xec\xcec\xab2\x0c\xf6\x26\xbc\xfbk\x02\x80\xa18\x24\x7f\xd0\xf0\x9e\x1b\x92\x15\x99\xf8\x0ey\xe0\xe0\xef\x2c\xccI\xc2\xe49\x88\xaeu\xde\xf9bDW\xf5\x2bG\x8b\x9c\xfc\x95\x29\x08\x7f\xe7\x0a\xda3\x1e3\x07\xe3\xb8\xae\x9e\x5c\xd4e\x7d\x83C\x87\xd4\xf6\xbbC\x25\xbe\xa2bGk\xa5\x07\xeaxu5\xa9e\x0cC\xd3\xe8\x2f\xfa\x9d\xc4M\xca\x0b\x96z\xc5\x3e\x89p\x11\x2c8HY\xea\xe6\x0b\x8c\x28z\x07\xd2\x25\xc5\xf3\xb7g\xc5\x06\x9b\xd0Lt\xccqf\xad\xd0:\xc9\x25\xd7\xa2\x5f\x9bN\x8a\xf4!\x40L\xe7\xe2o\xcd\xaa\x99\xe2\xd3\xfb\x3dB\xa2\x9b\x03\xe4\x13\x8e\x0b\x9b\x1fA\xa0\x91\xecqFy3\x89\xc7\xc55\xc6\x0b\xda?\x197\x26H\xed\xf7\x83u\xdf\x9d\xf00\xfe\x15\xd47Rr\xb4K\xfc\x23\x1f\xf8u\xcd\xae\x5d\xa52\xa7\x0d\xb1\x01u\xef\x99\x15\x92s\x035\x18\xed\xbf\x28\x2b\xdb\xe4m7\x16\x95\x9fRvA\xad\x09\xd2. !\x17\xc6\x3dC0\x86\x22\x8c\x0b\xab\xce\x97\x1d\xf3\x10\xcf\xce\x60\x12\x1b\xb5\xc8pC\x7c\x22\xfa\x18\xfbeQg!\x7f\x28\xc0\x29\xdeg\x93\xf8\x28\xd3s\x1e\x02\x40O\x0b\xf0.\xe3\x14O\xe3\xda\x26\xd3\x60\xdbTJ\x9e\xf0\xc8\x132S\x10\xc0\x16\x0a\x23\xd6\xc3x\x96O\x9b\x1a\x25\x90\x5f\xbe\xd9\xf24C\xf5\xc6\xfd\x84c\xf3\x04\x8e\x3e\x7e\xbej\xbajlKo\x28\x2c\xe5\x94F\x01\x7f\xf9n\x1f\xc4m\x9f\xb9\x2a\x25\xb48\xa3z\xd8\xc0\x7dW\xecJLkt\xb6\x16\x85\x7e\xf8\x3d\x92\x90 \x7b\xe4\x9a\x80\x1e\xe4\x0a\x0c\xfe\x16n\x9e\x06G\xb3\x8e\x94\xe5\x2a\xbc\xa734\x3d\x0d\x98\x01Y\xd7\xec\x0e\x18\x1e\x88\x2bdl\x02gB\x1dR\xd4dk\x9c\xeb\x07h\x0c\x91\x02\x00\xf0\xe3f!\x23\xb3\x80\xf9hS\x89b\xef\xecC\xa4Sio\x22C\xdcU\xe5\xd6\x87\x3c\xa0\x95\xc9\x5b\xc3\x82\xa4R\x904\x01\xb3\x99\x2bIa\x7cI\x127\xc2\xf8\xf39\xea\x5eb\xfbQ\xff\xbe\xc4r\xa8b\x1fc\xdfeH\xd1\xd89s\x9c\x9e\xba\x2d\xb7\xae\x97\xdeF\xef\xd0\x13u\x13\xfb\x01\x3bF\xe6\x1f\xe1\xf8\x07Y7\xcd\xc7\x1f\xa2T\xb4\xde\x922\xbf\x8e\x91\xa6\x5c\x076\xe9\x3c\x18\xc5\xf7\xe7\xc3\x3e\x01\xdc\xa5\xeb\x29\xe4\x82\x2bg\xd1m\xdd\xc5\x2b\xe1\xd4\x8d9\x9f\xad\xb8j\x1e\x9a\x8aK\xac\xb2\x90\xfb\x91\xaa\xcbpH\xdc\x9bd\xbb\xf6\xb0a\xfcu\xe9\xf0\x7c\xe0\xbd\xf3al\xf1\xed?W\xa8\xdd\xf1\xa0\x7f8f\xeb\x2bW\x86\xe9\xb7i\xd9\x05\x06\xdaT\xd9\x7b\x8c\xf5\x9c\x93O\x7e\xd0\x90\xcd\x5d\x92\xcb\xac\xe4\x07D\xde\xac\x7bG\xbe\x5d\xf9E\xd4\xb8\x7e\xf6\x0c\xf2\xe4\xb4\x84e\x86\xe3MO\x8f\x2a\xfc\xeb\xffEu\xe48\x26\xa2e\x0a\x10\xc5e\xc1\xc3m\xf0\xff\xd17\xe8\xdd\xe4\x27\x3c\xbeC\xe8\xfcr\xbc\x9bpm\xd3?\xfb\x08\x1f\xa3\x5c\xd1c\x2c\xe1\x25\xdf\xa6\x06\xdf\x8f\x7dS\xbbI\xc5\xd7fR\xe7\xcb\xa4\xf27\xf4\x92\x9a\x23\x2c\x95\x1b\x01:\xa4\x0a\x5d\xce\xae\xf5V\xce\x2a8\xbd\x264\xc0\xa7I\x14U\xb7\xacz\xe4\x3c\x09\xf3u\xb7\x15\x27\x8bW\x95\xccT\x7f\x25\x14\xc2\xc1\xd6\x11\x8e\x90\xbc\x27a\x0a\x97\xb5\x8a\x98P\xd6\x25\xcf\xdf\x93d\xbaYq\xb7Py\x253R\xe9\x1ae\xe8\xa3\xcb\x07\x22\xfe\x0eXz\xfe\xe2\x87\xed\x03\x18\x9cR:\x06\xa9\x99 k\x88D\xaduR\x5baU\xc5\xc6\xfe\x3c\xb0\xfb6\x7c\xd2\xf0\x1dD\xb1\xf5\x96\x5cS:\xe5\xc8\x18\x10\xbf\x3e7\xb9F\xb3\xb5\x5b4\xf0R\x40\xb6\xa4c\xe77\x5b\x13\xdf\x27j\xbc\x0a\x00 \x5evf\xef\xb3\xb6yr\xed\xe1\xf0\xd9\x93\x15\xf5\x06\x05\xe6\xd3\xfe\x9b\x1e\xd3\x14\x18\x9d\xd4\xa5\xbb4p\xdf\x05:M\x19\x95\xacN \x3d\xeb\x3b\x286\xb8j4\x0f\xae\x99\xaf\xecE\x82\xb8 \x90BP9B\x2f\x3d\xd1\x19\x60z\xff\x8a:\x7d\xf5\x25\x3b\xa4\x95\xa9\x7f\xd2\x23f\x40y\x96\xb8\x9c\xb6\xa9\xa0e\x04\xfc\xe4Q\xa0\xc9\xcb\xae\x3b\xc3ri\xc0\x1e\x18\xf8\x10\xa8k\xf20\x5c\xed\x7f\x29\x0b?N\xb2\xf9\xb6E\xce\x88\x92\xe8\x9b6\x94\x9a\x80\x9cM5K\x12\xbd\x2cP\x0b\x7b\x10vm\x89\xf3\x81\xa61\xb0\xc3n\x1e\xdbtik\x92\xa3\xefv\xf3\xab\xae\x28\xe7iA\xfd4Z\xb0i\xc6\x28\xcc\xc5\x94\x92\xdf\x1e\x5b\xfbi\xc3\x99Wr\x99r\x0a\xa8\xd6\x608\x961e\x88s\x99X\x07\xfa\x94\x0c\xee\x7c\xa7\x17\x98\xc12\x8cN\xc2d\xb6N\x81\x22:4\x3d\x81\x23\xba3\xf6\xa4\x2f\x1f\xda\xfa\xf5\x91\xc3\xc6\xf1\xa4\x27l9\xd3c\x88\xdcd\xb5s a\x8f\x05\xf4\xad\x95v\xf8\x5d\xee\x2f\xee\x1b\xb4\xb6y\x7cW\x23\x28\xdb\xf1\xec\xa0\xc3\x00p\x2f\xd7\xb5b\xae\x7f \xde\xc7\x5b\x1a\xc8\x17R\xfc\xb5\x5f\xcbdw\xa6\xdf\x185\x9d\x06\x3d\x15\x80\xa8n\xff\xb8\xffG\xad\x3d\x02k\x82hH\xb66\x8c\x1e\x97\x27\x00\xbb\x8a\x12wP\x95\xcb\x5d\x5f\xbc\xa3R\x11\xa0\x97\x08\x84\xbe\xfb\x0b\xf5\xd4\xae\x28\x09\x26\xd3e\x80\x08\x24\xb3\xe6\x5f\xba\x0f\x1df\xce\x2aS\x19\x2cooK\x2f9 6\x83\xf1\xcbH\x92\x04\x0dZ\x9bO\x25\x8da\xeeC\x3d\xc9c8\x14\x93\x04E\xdbB\xf8\xe6\x89\xfc\xf8\x7d\xaf\x82\xc5\xde\x8c\x7e\x7cn\x01\xd8\xf8\xb0k\x00\xaa\xf2\xd1\x88\xbe\x06G\xedX\xeb\xc1\x3b\x5d\xa0\xd0\x7c\x5fl\x24\xd2\x25\x82Q\x27\x9a\xb5\xb1o\x17\xdb\x5d\xaao\xdc\x87\xbc\x06\xb0\x93\xec\xd2\x85\xb6\xc44\x1f\x9c\x12\xef\xf5\xb4:\x7d\xa9\x8fUe\xea\xf1\xcf\x2apN\x95\x19\xf3\xbf\x09\x0c\xd1\x04\x7d\xf4\xef\xf4\x0c9\x5d\xde\xf5\xe0x\x2d\xa2c3\xbf1\xee\xe4\xf4\xd0\xcd\x25\x16\xc1\x0fsK\xa6\x9b\x07i4\xf8\x02\xdaX\xc0D\xbf\xed\xc3\xbd\xd8\xe9\x2d\xc6EtGC\x11\xc3\xbb\xc4B\xf4\x81\x7b\xa6\xe0\xf2\x98\xabQG\x17\xd9\x60\xee\x9e\xd6sL\x16OW\xe7\x9b\xc7\x07\xb3I\x17\x8b\xa5\xfc\x1e\x9f\xdd\xaa\xab \xa4\x10\xc2\xe3\xde\x0c\xff3\xf8\xf1\xd6\xc68\x01\x3d\xfej\xb5Z\x0d\xf8\x1cG\x8f\xef\xb6\xec\x9f\xd1\x7b\xf1S\x8e\xb4\x13\x14\xe8\x8c\xe2lWC\xf0\x3d\x0a\xd8\xd6m\x8e\x9a\x22\xfdF\x819\xdb\x17\xadc\xe6\xce\xa5\x9c\x2f\xfd\x16:\xda\xac\x7b\x1e\xb5c\xba\x89m?\x7f\x23\x86aA\xc5c\x07\x8d4\x3e\x1e\xe5\x40r\xaf\x02\xc6\x99\x9c\x16b\xb8\xe0\xf1\xa8\x8d\xb9\x8e\x08\xe4\x9dW3\x8bF\xdb!N\xcb\xd6\x08\x80\x180\x18\x3e\xd3\xd8W\x10\x19\x2b\xf9k\x821\xc0AT\x94\x01\x22F\x88\x14v\x2ccC\xc4\x17\x84\x12\x22\x18\xc2L\x99n\x9a\x12\xed\x2fW:\xa9\x10e\xee\xa0\xef\xc1\x944\xf4X\x07\x98g\x8a\xb5\x5f\xa4W\xb9\x9dw\x01\x89\x22\x920\xfc\x2d\xf8\xc3l\x8c\xeb\x5b\xee\x9d2\xa2\xd6\xf9\xaes\x82\xdc\x86\xa7\x7b\xa4K\x3c\x09\x1e\xafke\xf5\x5b\xa3\x29\xb6\xe6\xe5\xde\x17\x02\x03\xfbL\x27E\x9e\xa6\xcbA\x9e\x25\xb2lh\xfc\xb7q\xceN\xcf\xe2\x5c\x89\xb4\xfe\x5e\x13\x8d\xfa\xe9\xd68\xc0\x26\xefe\x96\xb8P\x89PS\xa9\xce2\xdaRu\x12\xd1k\xd9\x29\x19\xdc5\xbey\x88p\x7cU\xe6\xdaj\x95\xd2\x9f\xa9\xdd\xce\x1e\x8c9\xfb\xf0\x1f\x09\xfb\x60\x02\x99\xbd\x82JUd\xd8S\x9a\xde\x29\xdd\x11\xc5Hc\xaf\x2b\x054\xef\xbe\x05\xd4\x92\x98\x7e\x5c\x7f\x83\xa0\xb6x\x9b\x3b\xf7\xb4\xcf\xd0\x0a\x95\xdd\xb6\xb3\xa1B\x28\x0f\x25\xb40\x26\x93!\x01\x9f\xc0\xdc\x60\xe5\xfaN\x5f\x24\x8fh\x00\x0b0\x24\x93\xb5\xfc\x7e\x82\x5c\xae\x86\xe4\xbdD\x81\xb8U\xef\xd1\xd6\xd3\x82\xc9h\xdc\x90\xb1\xae\x2c\xde\x8a\x0f\xab\xc1d\x80\x22\x60\x96A\x16\xfdt\xc2\xe2\xc5\xa5K\x8d\xfaF\x22y\x09D\x12\x9a\x0ci\xc3\x0b\xb1Y\x93\xad\xa0\xd0?\x87\xbe\x8fh\x3d4\xca\xeb\x07\xe5\xcck\xc9N\x22\x86Fc\xde\xc1\x19\x2b\xc5\xdc2EX\x91\xd5\xb2\xb2n\xeb\x86L\x04v\x89S\xab\x15r\x3bn\x5dIr\xd66\xe7\xf1\x17g\xf2\x5b\xa31p\xc7u\x2c\xadE\xc8\xba\x5c\x93\x27\x16D\x25\xe1J\x9b\x7ej\x3d\x7b\x29\x23\xa6\x1eQ\xaf\xb8\x96\x81\x87\x9a\xb7\xde\xea\x11\xee\x27\xe7\x7c\xd5\xb8\xf8\x5c\x7b3Lo\xfa\xbc\x8c\x26\xd9\xc0\x60\xaaU\x7f.\x9d\x0c\xd3\x23\xed\xb9\xf7ey\x3c\xec\x14ZM\x1b\x0f\x19\xa0\xc1\xae\xd3h\xd9\x1d\x86\x09\x9c\x01\x1d\xab5\x94\x96w\x2a\x85JP\x9c\x06\x7d\xbb\xba\x13\x92R1\x85!\xbe\xd4\xd3mW9\x22\xd3\xec\xf7\xe7\x0aZ\x17\xce\xab\xc3\x83O\xbbM\xce\x29\xec\x81\xc9\xc3\xe4X\x2f\xdc0\x16D\xe1\x97\x7e\xdf\x05\x24\x9f\x99\xbe\x00\xa0\xed\x03\x27\xeb\xcc\x8a\x05\x91IjvY\x5d\xaf\xd0\x9d\xd4\x13\x28\x89\x89\x12\xd3\x1b\x87\xc3\x1c\x60\xbc\x83\x2f\xe1\x9b\x9b\x5d\xffg\xc2\x80\xa5\x7e\xf1\xfb\x88\xc2\x2d\xc9\xfc\xb6\xc6a\x064\xd9qT\xa0\xb2\xd3.\x95L\x9b1\xe78\xdf\x00\x0b\x83\xba\xe7\xf6TB\xcd\xa0\x89\xd2Z\xe3\x26\xa8y\x97\xf49\x27\x7c:\xa4\xaad\x12\xc2g\x9d\xc0\xd4\xe3\x19\x93W\xb2P\xcd\x7d\x2a\xc8\x7c\xc4\xc5\x0e\x9b\xab\xa5\x15\xeb\xd9n\x08\x94f\x8e\xe6rA8\x7c\xd1\x11\x0a\xb4\xcf\x28\x0f\xfa\x9f\x3e\x9b\x10\x99Y\x09\x1e\xfb\xdfz\xe2\xde\x25\xf0\x89\x90\x92\xe1M0\x26\x91Z\xd20\x8b\x3e\x82\x0e\x04\xc6\x25\x3d\x15\xff\xf6\x86\xc6\x9d\xf8\x85\xb0\xb4\xd46h\xcc\xb6\x83\x5d\x2azSm\xaf\x5f\xdb\xd9\xc2\x18\xef\xd1\x23\x94\x9f\xc9f\xf3\x88\xcaf\xd6\x5fe\xe7\x0d\xcd\x8d\x8e\xc2\xc1\x93\xdc\xdf\xff\x3d\x90\xec\x3b\xda\x1d\xc2\xc5\x7c9\xa6O\x90\x981\xd3\x95\x01\x7e7\x91bD\xbe\x5bA\x07\x01n\x86\x03\xef\xb3\xfb\x04e\xf0\x14\x04t\x25\xcf\xb3CF\x91\x89g\x08\x9f\x12\x1a\x0dU\x90\xa8s\x27\x7c\x8e\x09\x7ez\xaa\xe3\xdc\xbd\x0f\xb6\xc5\xcf\xcd\xdc\xb3\xden\x5e\x94V\xd6\x5c0\xea\xe4\xd0\xf0\xa6A\xc6\xa1\x01\x9e\x9f\xf0y\xd3\x00\x29\x10\x3b\x5f\x23\x60Ibc\xfa\x91\xd1e\xd9UV\xf8\xdcfO\x16\xb7\xd8\xac\x29y\xc6\x1d\xf72\xe5\x2aK\x00H\x1aE\xeb\xbaJ\x9d\xb5\x3c\xd0\xecj\x96\x7e\x7bg\x2a\xe0\xfa\xe4\x8c\xc4\x11\x96\x5f\xc4\xc7!\x7dl\x7f</data></match></read>
    <read><length>9</length><match><data>Options:\x0a</data></match></read>
    <read><length>14</length><match><data>1. View users\x0a</data></match></read>
    <read><length>12</length><match><data>2. Add user\x0a</data></match></read>
    <read><length>15</length><match><data>3. Remove user\x0a</data></match></read>
    <read><length>12</length><match><data>4. Set user\x0a</data></match></read>
    <read><length>17</length><match><data>5. View Calendar\x0a</data></match></read>
    <read><length>15</length><match><data>6. Change Date\x0a</data></match></read>
    <read><length>8</length><match><data>7. Exit\x0a</data></match></read>
    <read><length>29</length><match><data>\x2d\x2d\x2dCurrent User is \x2aNone\x2a\x2d\x2d\x2d\x0a</data></match></read>
    <read><length>19</length><match><data>\x2d\x2d\x2dToday\x27s date is </data></match></read>
    <read><length>8</length><match><data>8\x2d4\x2d2016</data></match></read>
    <read><length>4</length><match><data>\x2d\x2d\x2d\x0a</data></match></read>
    <read><length>11</length><match><data>Selection: </data></match></read>
    <write><data>6\x0a</data></write>
    <read><length>29</length><match><data>Enter new date \x28MM\x2dDD\x2dYYYY\x29: </data></match></read>
    <write><data>\x0a</data></write>
    <read><length>17</length><match><data>Date not changed\x0a</data></match></read>
    <read><length>9</length><match><data>Options:\x0a</data></match></read>
    <read><length>14</length><match><data>1. View users\x0a</data></match></read>
    <read><length>12</length><match><data>2. Add user\x0a</data></match></read>
    <read><length>15</length><match><data>3. Remove user\x0a</data></match></read>
    <read><length>12</length><match><data>4. Set user\x0a</data></match></read>
    <read><length>17</length><match><data>5. View Calendar\x0a</data></match></read>
    <read><length>15</length><match><data>6. Change Date\x0a</data></match></read>
    <read><length>8</length><match><data>7. Exit\x0a</data></match></read>
    <read><length>29</length><match><data>\x2d\x2d\x2dCurrent User is \x2aNone\x2a\x2d\x2d\x2d\x0a</data></match></read>
    <read><length>19</length><match><data>\x2d\x2d\x2dToday\x27s date is </data></match></read>
    <read><length>8</length><match><data>8\x2d4\x2d2016</data></match></read>
    <read><length>4</length><match><data>\x2d\x2d\x2d\x0a</data></match></read>
    <read><length>11</length><match><data>Selection: </data></match></read>
    <write><data>\x2d1\x0a</data></write>
    <read><length>10</length><match><data>Try again\x0a</data></match></read>
    <read><length>9</length><match><data>Options:\x0a</data></match></read>
    <read><length>14</length><match><data>1. View users\x0a</data></match></read>
    <read><length>12</length><match><data>2. Add user\x0a</data></match></read>
    <read><length>15</length><match><data>3. Remove user\x0a</data></match></read>
    <read><length>12</length><match><data>4. Set user\x0a</data></match></read>
    <read><length>17</length><match><data>5. View Calendar\x0a</data></match></read>
    <read><length>15</length><match><data>6. Change Date\x0a</data></match></read>
    <read><length>8</length><match><data>7. Exit\x0a</data></match></read>
    <read><length>29</length><match><data>\x2d\x2d\x2dCurrent User is \x2aNone\x2a\x2d\x2d\x2d\x0a</data></match></read>
    <read><length>19</length><match><data>\x2d\x2d\x2dToday\x27s date is </data></match></read>
    <read><length>8</length><match><data>8\x2d4\x2d2016</data></match></read>
    <read><length>4</length><match><data>\x2d\x2d\x2d\x0a</data></match></read>
    <read><length>11</length><match><data>Selection: </data></match></read>
    <write><data>5\x0a</data></write>
    <read><length>45</length><match><data>Must select a user before viewing a calendar\x0a</data></match></read>
    <read><length>9</length><match><data>Options:\x0a</data></match></read>
    <read><length>14</length><match><data>1. View users\x0a</data></match></read>
    <read><length>12</length><match><data>2. Add user\x0a</data></match></read>
    <read><length>15</length><match><data>3. Remove user\x0a</data></match></read>
    <read><length>12</length><match><data>4. Set user\x0a</data></match></read>
    <read><length>17</length><match><data>5. View Calendar\x0a</data></match></read>
    <read><length>15</length><match><data>6. Change Date\x0a</data></match></read>
    <read><length>8</length><match><data>7. Exit\x0a</data></match></read>
    <read><length>29</length><match><data>\x2d\x2d\x2dCurrent User is \x2aNone\x2a\x2d\x2d\x2d\x0a</data></match></read>
    <read><length>19</length><match><data>\x2d\x2d\x2dToday\x27s date is </data></match></read>
    <read><length>8</length><match><data>8\x2d4\x2d2016</data></match></read>
    <read><length>4</length><match><data>\x2d\x2d\x2d\x0a</data></match></read>
    <read><length>11</length><match><data>Selection: </data></match></read>
    <write><data>\x2d1\x0a</data></write>
    <read><length>10</length><match><data>Try again\x0a</data></match></read>
    <read><length>9</length><match><data>Options:\x0a</data></match></read>
    <read><length>14</length><match><data>1. View users\x0a</data></match></read>
    <read><length>12</length><match><data>2. Add user\x0a</data></match></read>
    <read><length>15</length><match><data>3. Remove user\x0a</data></match></read>
    <read><length>12</length><match><data>4. Set user\x0a</data></match></read>
    <read><length>17</length><match><data>5. View Calendar\x0a</data></match></read>
    <read><length>15</length><match><data>6. Change Date\x0a</data></match></read>
    <read><length>8</length><match><data>7. Exit\x0a</data></match></read>
    <read><length>29</length><match><data>\x2d\x2d\x2dCurrent User is \x2aNone\x2a\x2d\x2d\x2d\x0a</data></match></read>
    <read><length>19</length><match><data>\x2d\x2d\x2dToday\x27s date is </data></match></read>
    <read><length>8</length><match><data>8\x2d4\x2d2016</data></match></read>
    <read><length>4</length><match><data>\x2d\x2d\x2d\x0a</data></match></read>
    <read><length>11</length><match><data>Selection: </data></match></read>
    <write><data>7\x0a</data></write>
</replay>
</pov>