<?xml version="1.0" standalone="no" ?>
<!DOCTYPE pov SYSTEM "/usr/share/cgc-docs/replay.dtd">
<pov>
<cbid>service</cbid>
<seed>c34edc026169913d8f6a683f8902e866231844d1614b95957ddf20298986dbd4a0598ddb56f173b69c8d8972499fd311</seed>
<replay>
    <write><data>\xf9?\xed\xe6</data></write>
    <read><length>4096</length><match><data>\xf9?\xed\xe6\xa2\x3cC\x85\x2at7\x13\xa8\x15\xab\x19\x03\xad\x14\xa1\x81\xd5\xe9\xfb66\xec\xc9\xfaH\x1cy\xc4:\xa8\xec\xc1p\xba\x1f\x7b\xc49\xfd\xfc\xbbJ\x40?F\xfb\x11\xd7K\xaa\xd5\x95\xefD\xd4\x7d\xa8\xf890\x1f\x04\xbe\xefdt\xf5\xfb\x2f\xeb\xa1\x17hy\xe4\xc9\xd6dl\x3c\x8eTJ\x3eU\xb7Y\x26\x7dN\xf1\xe6\xa2\x0f\x22\x7dK\x2d\x23\x24\x02\x85q\x7c\x60LS\xabp\xc7H\xc4\x3cq\x03\x5d0\xe3j:\x85\x1e\xda\xf2\xe4\x7b\xc133v\xc2\x11\xa8\xeb\x8b\x90\xb63\x7e\x00yl\xf5\xee\xcc\xd5:\x96\xe5\xad:i\x82\x60\xb8\x05\xa3\x0b\x2c\xd82O\xa8\xdd\x9fN\x60m\xdb\xb9\xa5\xf9qD\x22\x3c\x99\xdc2oSg\xa0:\x5d\xb2?\x98Or\xe6Z\xe8\xb4\xc8\x80u\x19A\x12C67\xdd\xd0x\x9a\xfc\x7fTK2\xeadS\x1b\xd8b\xa3E\xcd\x24h\x28\xdf\xa3.\x7cG\x8eM\xda\xed\xb4\xf25\xa3\x85zz\x8a\xc8\x87\xc54\xde\xd8\x04\xf1\xccd\x99\xd2\x7f\x95f\xe8\x89g\xe5\xa70lZQ9\x98\x01\xf1\x84 \xdf\xc4\xd3\x0a\xab\x8a\xde\xc9\xf4s\xea\x9e\x02\x00\xc0u\xfe\x60\x14\xc6\x2fre\x0a\x03pD\xd55\xe7\xc8\xbd\xd1Q\x96\xfe\x3d\x85\x7c\xe6\x05\xffk\x9es\xe9\x22\x18UU\xc3\x91\xa5\x95\xb6\xccH\x29\x26b\xfaq\xcd\xfb\x7fC\x85\x83\x0c\x26\x940\xf9\xa6\xd4\xfbpsA\x7b\x81\x07\x17\x0b\xce\xb2\x9cx\x11\xd2\xe2k\x13\xdc\x8d\x99\xa9rg\x230\x14\xd8\x26!i\xb2\x1e\xf4\xeb\x5e\xab\x7f\x3en\xd9\x2a\xbc\x27\xca\x8fC\x89U\x40\x98\xd4\xab3\x29\xf2UE\xc6\xdaE\xea\x13\x04\xc8\x9b\x5bM\x8e\x17\x2ci\xe17\xd9\xcc\xca\x08\x603a\xc4\x5f\xf205\x2a\x5e\xd3d\x8dP\x26V\xb0\xd8u3\xdd\x09\x60\x7d\x23\x2b.\xf9\x89\xbf\x0ar\xe5\xb09\x0d..T\x17\xe6\x7f\x04\xa8\x7b\x15\x7e\xb6\xc3\x97r\xfaw\x60\x11\xa8Vo\xa9\x400\xf6\x2d\x9c.Kx\xb7K\xdf\xf4\xa4\xb1\x7df\x08\x1e\xba\x04V:\xb8\xa8\x26\x5e\x08\xd6\x2cq\xbc\xcdB\xe1\xe5\x9b\x1e\x88\xbe\x83\xda\xbc\xa7\xafUs\x1c\xcb\xa4\xe8\x8a\xbcE\xea\xff\xd4\xc9\x84\x9d\x02\xc6\x03\xaf\xb62\x3b9\x2d\x2c\xc2\xfbm\x0d\x3c\x07\x2a\xf4\xdb\xc0W\x1c\x0d7\x8boJ\x7e0A\xaea.\x5b\xd3\x99\x0a\x3b\xc3\xaa\xe3\x27\xac\x1b\x22f m\xd0P5E\xd0\xcf\xf8\xc0\x07\xc3\x8d\x08\xbc\xbd\xc40\x9cT\xbb\xb5\xfb\x88\x1a\x8a\x92\xff\x97\xf8\x8f\x86\xd1\xe0?\x09\x83M\x83\x40\x25\x9d\xb5\x06\x94\x8c\xb5c\xbd\x83\xd1\x0b\xdbd\x1b\x8c\x1c\x5d\x01\xc65\x22x\xfa\x99A\x1dG\xb7\xc5\x12\x06ip\xbf\xedLf\x19\x1f\xb2\xf8\xf4\xe6j\x00Gu\xd9JR\x26R\x01A\xca\xb1\x80\xb8\x3e\x3d\x3b\xca\x3d\xd2p\xb9\x11\x5e\xa7\x84\x9c\x80\xb0\x86\xe9i\xd7\xf8\x90n\x0b\xae\xde\x11\xef\xb4\xe7\xdb\xfb2\xd8\xf9q\xecE\xe6\x0f\x00\x11\x14\xef\x3d\xbd\xda2\x23\xb3\xc2\xc9\xbeCz\x85\xa3\xc7\xd1T\x09\x809\xae\xb0\xdc\x17\xd2j\xd05\xa8\x1b\xbf\xc5\xc5\xc25\x3d8\xe1\xac\x89\x89\xb3K\xb3\xb0\x06\xcf\xef\xcd\xc2b\xdb\x85 \xd4:\x89\xa2\x40\x7d\xf4\x22A\xe92\xea\xa9K\xf5\xff\xf4\x99\xa3o\xee\xc0\xac\xaf\x85\x07\xedr\x16Z\xbb\x84U\xad\xf6\xea\x2dn\x9e\xb0\xab\xf4J\xe4\x225\xd7\x85\xa1\xe1\xfe\x86\x8b\xa03\x02\x9dqF\x08\xa1\xac\xab\xf6\xba\xcd\x1d\xc8C\x06\x3cZu\xe6j\x04\xdd\xb0\xb2\x7d\x91w\xb0\xaa\xc0m\xf1\xd9\x25\xf0\xf5\x93\x22m\x15\xeb\x00\x5d\xa1\xc9\x93\x94s\x0f14\xb3m\xf9H\x87s\x3c:1\x95.\x1a\x9d\xb6Pq\xbc\xac\xeb2iq\xfd\xf7\xba\x16\x1bB\xea\x3e\xa6\xda2\x8f\xa9\xcb\xdeMm\x1b9\xe3\x2alM\xa4\xa8\xd6\x88\xb5\x13\x88t\xa0\x7c\x98\x025\x94\xdc\x1d\xab\xaa\x0b\x84o\x1e\xa03!\x28\x04\xc1\xc6s\x84\x9e\xd3\x13\x01\xa4\x2f\xb3\x96Z\x12i\xd1\x8e\x5e\x9el\xab\xd0\x27J\x07\x99\xd5\x5f\x3d\xc7\x8d\x22\x24\x7b\xec\x92\xb1\xbc\x05?\x8a\x92\xb1\xe3\xdd\x8dtN\x2f\x88\xc6s\xa6\xfdx2\xf2\xc6f\xa1 \x9f\xc39\xf4\x91\xfd\xf5\x96\x95f\xf5\xe4\xc3\xbe\xef\x1cp\x9f\x95V\xe5\xbf\xfd9\xa3.Om\x0eYHG\x1c?\x1dj\x1f\xb8e9\x3d\x89\xc7Fv\xb4\x05A\x99\x82n\xcf\x23\xa10\xc62\xdf\x94\x9c\xdc\xdf\xc9\x24\x5blG\xf7\xf6\xa7\xb1\x7b\xe4\xcb\xdck\x09\x5b\xb3\xe2:\x2f\xbf\xf5\x11t\xb7\x25\x87A\x1d\x81\xcc\xb2\x02Q\xd9\xd6\x24\xcb\x2b8\x23R\xcdZ\x81\x00\xc8\x92\x15\xd6w\x93GOR\xe0\xd9\x7b\xa9\xfb\x2a\x2a\xab\xf4\xac\x0f\x27\xb8ijA\x5c\xfc\xe1\x0d\x04\x97\x96\xa2\xe7\x15X\xc5\x01\xe5\x13\x05\x7e\xd31\xce\x3c\xc8\x81v!\x9b\xbb\x01\xda\xae\xd3cbxA\x26\xd6\xf0\xf6\x05\xa0\x28\x5d\x3e\xd4\xa2\xbc\x02\xaeG\xd7LA\xe6\xd5e\x98J\x24\x9c\x08\xe5F\xcbC5yD \x8f\x7eM\x16\xeb\xf8\x97\xaa\xa7\x1b\x84\x95\x12\x5fPH\xc5t\xf9\x87\x9e\xc8\xb4\x01\x7dI\x0c\x0f\x05\xd4\x2aUu\xa4\xa0\x1b\x5f\x85\xb6\x85\x5d2\x95\x26g\x81R\x83\x0b\x04\xd5m\xa5\xb8\xa0\xf7\x5c\xed\x3dy\x82\xdd\x81\xda\xfaL1\x09\x2b\x0b\x13t\x8f\x1c\xcdc\xf3\x917\xeevM\x24u\xb9\x127R\x27\xb2\x90\xa0\x2f\xc0i\xd8\xf0v\x2aBY\xb1\xb1i\xe2\x7e\xd8\x22t\xecMv8\x92\xd6\xc7\xa0?\x1c\x9a\xa5hX\x8e\x25\xb8\xbe\x25.\xedNw\xc7\x29\xce\x9f\x5f\xd7m\xdf\x27\x0b\xdf\x26\x5f\xbd\xe1o8\xf5zCMU\xa2\x84Vz!?O\x80\x24P2\xeb\xb1o\xb5Nj\x7f\xdf!\x12\x02\x2c\x1an\x08\x99\xad\xda.CI\xb4\xd2\xbcM\x15\x5e\xbab\xfc 2\xfa\x3e\xddO\xd4\xf0\x95\xbd\x2f2\x8fS\x02\x17\x2f\x5d\xe1bfU\xee\x81\x82\x0e\xd9\xf6\xcd\x3cH\xf4:f\x0f\xaf\xec:Lk\x92\xfc\x9b\xc7\x23\x0c\x2d\x10\xaev4e\x06\xd5c\xec\x8d4\x19\xcf\xc6\x7cPb\xc9\x1b\xbb4\xa3\x26b\x3eho\x09\xed\xca\x18\xb5\xa5\xc3\x18\xba?L\x08\x5b\xbf.\xc1Y\x3e:\x19r\x3b\x11\x88\x84Iv\x82\xdb\x3b\x5f\xce\x5c\xf0zZ!\x98\x27\xcbG\x07\x91\x2d\x25i\x91\x3dF\x88uB\x09\x82\x0da\x40NG\x2f\x24\xc9y\xfa\xf6k\x0a4wR\xc6\x16\xfb\x7c\x91\xd1\x09\xecF\x0a\x03\x90\x7f3\xb0pC\xc3\xc8\xcft\x96o\x91\xfd\x0e\xa4\xdc\x94\xdb\x8c\xf4\x60\xb5\xc04Bom\x26\xd7X\x3d\xcb\xd3\xfb\x99q\xbaNpx\x9eK\x9d\x9ba\x8a\xed \xcb?D\xd0\x7d.\xf3\x5b\xb1\x19\xf5\xbf\x2f\x02d\x0e\xdc\x81\xb0J\x26\x23\xd4\xea\x02YX:O\xe43\x99\x5c\xfcg\x8f\xca\x24\xcbl\xda\x3b\xae\x13\xd4R\xf4\xe0\x13\x84\x1b\x04 \x00\xac\x83y\x7e\xa3\x8a\x0bTv\x16\x9cv.\xfb\xb0\xb4\x01d\xb3l\xe1\xb7\x3b\x7dV S\xae\x19u\xfeRgc\x1e\xf1T\xdd\xa9\x8d\xe4t\xfa\x1e\xe8\xef\xfd\xb7TxZ\xcf\x40nI\x9ave\xb0\xc5\xaf\x24\x1d\xc0Q\x847\xff\x10z\xbcM\xfe\xe1\x3c\xc6UNt\xc4QHM\x19\x0e\x0e\xd2E\xf4\x0d\x12\xe5\x3d\x7c\xa3\x9e\x9d\xf7\x19\xfbb\xce\xf7\xf6\xf7\xdb\xa8G\x5bo\x0a\x0a\xc8\xf4\xd7\xb2\xdczY\xa5\x0f\xcc\xf7\xfbz\xc2\xf2\xb1\xd6\x19\xf6\x86\x8a\xbc\xc0\x90\xa7\xeb\xdd\x22\xce\x88\xc7\xa6\xdbE\x15\x91V\x5d\xdb\x11\x5f\xd8\x238\x2b\x3e\x9e\x18z\xa1\x82r\x40\xd7\xfb\x7bv\x96 \xf1\x09O\x9a\xf1n\x15\xc3\xe73f\xfcorgr\xc5rX\x94m\xb1\xab\xe2xb\x17\xddY\xd9\x3b?\xc0\xdb\x2f\x22R\xfa\xb8x\xa9\xb723\xb8\x03\x2a\xd2\xc0\xd0K\xbcY\xcc\xa5\x81\x04\xa2\x8ea\x1e\xed\x99\xb0ifJ\xa9h\x222\xfah\xa9L\xe9\xa3\x14c\x97\xd3\xd7\xad\xe0xh\xdax\xf8\xc0E\xa1\x9di\xbc\x02\x40\x1b\x06N\xe8\xae\x0b\xa4\x5c\x0d\x8f\x9c\xedS\x9f\x28\xf1\x5e\x00\x3b\x8e\x1c\xb07\x16\x9bX\x7f\x03Po\xc0\xd9w\xc0q\xc7P0\x18!\xa4T\x9e\x9fR3\xeao\x90\xfe\x9d\xa8\xeaf\xdfN\xf42\xda\x3d\xe1\xcbD\xa0\x5b\xec\xe0w\xbaSY8\xe5\xeb\x07\x9ep\x2f\xe3\x60\xdf\xdc\xe1\x2di\xfa\x3e\xe6\x12\xa4\x9c\x8f\x60\xa1\xed\x29\xc3\x8c\xe7\x85\xca\xbd\x0a\xfa4\x91\xc5\x29o\x07\x98\x2a2\x0fk\xc7\xe2\x87u\xad\xdc\xcaXm\xb7\xad\xcd\x8boGo\xc2\xeb\x2d0\xe6\x81\x91\xa7\xa1\xda\xabV\x8b\x19\x00\xff\xee\x7fo\x2c\xce\xd9\x08C\xddB\xe5\xb4o\xebN\x0eN\xce\xaa\x96Ww\x92d\x5fk\xben\x14\x86\xb1\xb5\xb0W\xb2h\xcb\x23H\xa5\x90\x22\x8b9\x96\xbcNq\x1d\x19\xdf\x5c\x0f\xca\xf1\xc3\xb1\xce\x7c\x06\x40\xb1\xb4q\xa6\x9eN\xccX\xd3\xd9\xd2Fr\xd0\x5d\x84\x80\xf3\xdc\xc7W\xe7\x8d\xabBf\xd2a\xfd\xe5\x60\xde\xc5d\xcd\x9d\xe7\xaf\xdf\x8b\xec\x3bI\x3d\xbe\xc0\xdf\x5b\x26\xa1\xb7\x87\xb5\x98\xe3c\x08\x12C\xd2\xe0f\x84a\xe1wg\x9e\xf9\xf7\xafv\xfc\xba\x24\x07K\x99\xbf\x5bJO\xb0\x5d\x1d\xf3\xf7\x10\xf2\x10\x9eU\x12!\x17\xa2FQ\xed\xc9j\x5c\x7e\xfd\xcf\xc0\xe3\xbf\xe5X\x18\xca\x28f\xbd\xca\x7f\x16\xbfB\x0b\xbc\x846\xba\xd8\xffbv\xaf\x0aU\xf9 \xa7\xdc\xf6j\xf2\xf3\x3d\xe2p\x10Y\x0f\x9edQ!mHT\x3c\xb2\x99N\xf8yV\x5f\xf3t\x7e\xd6\x5f\x09\x81\x2f\x0d\xf6\x8cq9\x8b\xb1\xdf.\xe8V\xf8\x912\xbdL\x12f\xf7Y\xe9\xa5\xb8\x1d\x1e\xbc\x7c\xa2O\xd8\x00\x5fi\x3bx\xe2\x5bDR\x5b\xe8\x0d\x14\xed0P\x0f\x8b\xfbE\xcf.\x5f\xa6\x1a\x15\x40W\x85\x23\x91\x23T\x96\xd9lk\xa1\x22\xc7\xe9\x29\xa1\x18j\x5e\xd5CsT\xc3\x86\xdd\x7c\x18\xd8\xab\xbd\x3b\xe7tnD\x85\xcc\xf5\x06\x3e\x5b\xb3\x94\x1f\xe6\xa4g\xde\x11\x19\xb2\xe0\x3c\xbb\x7eIu\x17\x92\x1b\x99\x19\xab\x96\xe3\xa5\xf2\xb7BkQ\xbcU\xb1\x9755\xed\xb3\x95A\xf0\x5f\x91\xd3\xefp\x0f\x97\xbd1\x40G\x85\x12\xd84G\xe7\x801\x28w\xf5\x80\x14\x1fW\x5d\xdc\x8c\xa2\xa7N\xf3\xac\x06\x24\xa3\x14\xfd\xea\x7ex\xb0\xb6\x7cz\x1e\x3bX\xea\x18\x3b\xc4\x24\x3cWs\x7c\x5f\xbe\xf0\xcb\x89\x07\x3c\x95\x5bQ\x09?\xc5\x5d\x11\xc0\xd8\xe8\xc3\xd8s\x0c\x0c\x91\x94\x9fs\xbc\x12\xed\xe9\x0f\xaa\xa2hA\x2d\xdc\xc3\xadA\x98\x7dc:\x83\xa73H\x9bh\xc2\xae\x2a\x03:b\x92\x5cf\xd9\x1c\xf4\xfe\xba\x187\xb9nQ\xcf\xe4vf\xe1\x8f\xa1o\xd5\xd5\xb2u\x83W\xd0\xe7R\xa2A\xdb\x86\xbc\xc11\x08\xab\xc9\xac\xc1\xdabF\xa1\x7d\xaf\xf1\xbb\x82m\x0a\xfd\x80\xb0t\xdc\xd4\xb6\x7c\xd1O\xc3Y\x23\x24\x2c\xd8N\xb1\xe5\x07\xa0\xb1\xffl4\x8b\xf7\x14\xab\xf3\x16\xd0\xe7\xc4\xb2\x8cV\x8c\x91\x23\x06\x24\xa9\x93\x22K\xfc\x0c\x84\xc0\xc6\x8e\x1e\xc5\xd4b\xed\x5f\xe9i\xb9hK\xff\x8f\x1fW97\x0f\x0d\x15\x2a\x8c\xe0\x06\xdf\xf5\x09\xcb2\xeb4\x27q\x8e\xe4\xa1\xe7\x0a\x5e\xe6\x7b\xb1\xb0\xd5\x83\x01\xa1\xc5\xfa\x17\x097\x18\xa1X8\x9c\x18\xe1\xba\x2ax\x02wb\xd0\x5bA\xf6zV\x1f\x27\xbc\xb68Gf\x96\xc2\x1d6WZNT\x2f\xd5uN\xdb0\x29\xe6hr\xccA\x1e\xfc\xcb\x8av\xf4\xacJB\xdcr\xdf\xdf\xacB\xc3\xb4\xfb\xd3\x013\xfc\xd3\xdeo\xaa\xc3R\x5d\x9b\x9f\x23\x0f\xbc3w\x5f\x7f\xf2i\xc3\xd8\xdd\xd6\xa2\xfc\x0d\x9f\x0a\x5bC\xb9\xf2\x7c\x84\xf2B0\xf2\xe1\xae\xf8\xa9\x06\x06\x5d\x08\xec\x8d\xf4\xe9E\x5b\xb2\x08\xe9o\x8d\xb9\x98\xb8\x95Y\xb4!\xa1\xecq\x98y\xd3F\xa8\x92\xa3\xf1\xac\x80\x97\xad\x8fr\x8da\x18\xbd\xf4\x1e\x23\x9d\x2a\xfa\xdf\x08ja\x85\xf2\xd2\x00\xbc.?\xeb\xc1\x3c\x076\x93M\xc7\xa7\x24\xe1i\xce\x93A\xa2\xaaB\xbd\xecK\xc3\x0b\xe7\x1eC\xed\xefL\xfb\xa6\x16\xd7\xa0r\xf4\xc9\xe6\x11\x60S\xac23R\xb4\xd6\x06jF\x84\x16\xee\xa4\xfd\xd3\x7dQ\x86\xde\xf7\xea\xbe\x0c\x3e\xea\xc6V\xb86\xf6.\xdcc\x1e\xb1\x0e\xbb\xca\xc1\xbd\x2fY\xaeauw\x5d\xa7:\xd1\xde\xce\x13N\x13\xce\xe9\xd7T\x9fE\xf3\xd4T\x7bn9\x0e\xe9\xabe\x40hE\xe5\x00\x26\x1f\xf8\xc3\xa99\xeeK\x14\x1d\xb4rd\xb8\x12l\x26\x7f\xfb\x2f\x88r\xffvH\xd5\x915\xe7\xa8\xfe\xd0S\xa7W\x3d\xf5\xa2\xb2\x8fg\xeew\x19\x60!\x16uH\x92\x15\xc2a\xee\xb5\x1d\xdf\x22\xfd\xfd\xff\xae\x00\x7e\x0d\xafYV\x97t\x24\xd6\x3b\xd7\x5f\x1f\xc4C\x84\x12fT\xe5!6\x95\x95\xc3\xa6\xb6\xc5\xe2\x19\xda\xce\x12\xf6\xf0\xa7uW\x3bb\xe4\xea\x9000\x1c\xa0r\x28m\xbd\xbe\xd6\xcb\xfbN\xa1n\x94P\xda\xdc\xc5\xd4f\xee\xfa\xbb\x8a\x10\xc5R\x23N\xcb\xdb\x12 \xb1t\xb4\xb4\xab\xc8M\xcc\xf4\xb6\xf3F\xbeB\xb7\xf5P\xe5\x94\x13\x9f\x86\xe6\xd7\xbc\x0c\x85vtz\xce\xf3\xc2\x9e\xad\x99\xf3r\x9f\x91\x5c\xe4\x1ej\xc9\xb3\xc2\xf2\x88\x16\x2b\xe2\xe4s\x9a\xc1\x7e\xe5\xb3\x7b9\xd5\xe5\xcc\x27\x7f\xc0\x0dfzZ\x12By\xd3e\xf3TD\xc3\xeb\x92\x9e\x97G\x96\x03\x9e\x1a:T\x1fK\x0aa\x0f\x93\xac\xd7\x93\xdej\xe3\xbcPE\x29?\x02\x0d\x1f\xc40\xe5Tw\x81\xac\x14\xcfe\x3c\x2d\x60qs\x93\x00\x94FL\x92\xaf\x97\x0a\xd6\xab\x23e\x0b\xf7\x80\x40\xb7\xdeb\x1cK\x9c\xd2\xa2\xfa\x82\xfe\xc0\xe3\xf2\x60z\xed\xdb\x05\x5c\xc2\xfc4\xeeN\xb1\x05\x18\xcc\x9c\xbf\xc9\x96\x0a\x9c\xd5\xc5\xf57r\xe7\xd2D7\x3cA\x13\x93\x5b\x00\x00\xfb\x8a\xe2\xe3 \xf4\xf9ka\xb7\xb4\xc5B\x1e\xa3\xed\xc9D\xbc\xe5Jc?\x23\xe6k\xa4\x5f\xa3\x9b\xc13\xbd\x18Q\x9e\xc6\xc04u\xd9\x85\xd3\xd1\xdf\xd9q\xdc\x85ZEr\xdf\xaar\xf9\x0f0\xdf\xc3\x81\x846q\xf5\x3b\xf0\x88Ve\xe0\xf6\x26\x826\xac\xd8\x27\x1d\x98\xed\x3d\x989\xb63\xc4\x40O\x98A\xaf\x28\x00\x9f\xbb\x8e\xba\x8a\xce\xf4\x1b\x91R\xfb\xca\x98d\x9e\xa9\xac\x401\xdb\xbd\xee\x94\xf6\xb3\x0c\xc5\xc4\xe9\xb4Z\xc2S\xa70\xc3\x86!7\xca\xb7m\xe8\x94\x0axM\xae?\xb3\x1a\x22\x96\xac\xf8m\xfa.\xbb\xc8s\xe9\x26\xd6F\xbd\x1b\x7e\x9d\xfc\xd1\xc8pa\x98Y\x0e\x94w\xf2\x92bl\xd2\xabh\xc0\xa7\xd8\x8d8\x1fH\xea\x25\xc8\xc8\xf1\x8b\xb8\xb4\xc0\x25\x88\x01\xd9b\xd66\x26\xef\x9b\xf0\xf8T\xa1I\xdb\x898D\xac\xd8K\xb9\xce\x3dy\xaa\x90\x16\xc4T\x2a\xcdq\xd6\xeb\xd7\xd8\x1c\xcb\xc2j\x83\x9f4\xd7v\x80\xa9\xf6\x404\x86\x96f\x22\x7e\xb5\x90\x95D\x83\x85\x97s\xa5Q\xc9\x40\x9b\x98D\x87\xe6\x96\x3b\xe0z\x1e\x08\xa7\xe1q\xb1g\xb7\xd6\x8a\x1e\xa2ZP\xb9\xe60\x86z\xbe\xe0\x1d6\x88D\x23b\x29\xbdr\xdaI\x92\xcd\x12\x19\xddj\xea\x7d\x0exhN\xc9\xdb\xb4\xcdK\xdbc\xd0\x05\x03\x23\xd0B\xf4S\xd3\xf3\x25\xf6\x99\x27\x11q\xc8\xda\x22\x83\xcas\x1eXS\xd2\x02\xf6\x91\x02\x3b\xdbn\x81\xbd4\x9c\xf5c\xcb\xac\x94\xbf\xc2\xf3\x23\xbdh\xbe\x80\x0d\x1e\xecDR\xec\x82p\xcc\xeb\x95\x9di\xe3\x82\xbcQ\xad\x8b\x99\xc3\x1eWPJ\x7bb\xad\xc0\xbcW\x86j\xf3\x0c\xde\xb4\xcbf!\xe7\x1e\xe6\xd9\xc6\x11n\xc5\xca\x81\xc6\xe3zG\xde\xea\xc3\x9c\xa7\x87\xda\x5c\x0a\xaby\xd1\x82\x9aNt\xeb\xa5\xe7\x40\x10g\xdb7P3\xef\xd7\xc5\xc0I\x9d\xf5\xa8\x8b\xfa\xbf\xa1q\x27\xd1\x3d\x16d\xc1\x8d\xe0\xbf\x3eRN\x1e\x0bjb\x29Tf\xe4\x7bA65692v\x29\x10!J\xccW\x9c\xc1VdcD\x1f\xfd\xc4\x7f\xf8\xc7\x24U\xf5\xb3S\x8b\xe2V\xfdUf\xca\xc7\x90\x7d\x12\x14\x82\x17\xd0\x14\xbc\xf0\x3cR\xe7g\xf1\xe4\x1a\x99\xe8d\xfd\xd04\xc9\x8d\x9c\x80gL\x9a\x14\x5c\xd4\x98\x16\x2f\xc4\x09\xd6\x22\xea\xc7\xdeS\xdc\xe4\x222\xcd\xcf7\xa9\xf44\xa9\x8eG\x5c\xef\xb0\xb7\x83O\xea\xf2U\x93\xf1\xcf\xd2\xdd\x9f\x7c\x7e\x95\xfc7SQ\x84RpuV\x09\x2b\xfb\xc6\xe7\xe2G\xf2\x29\x29\xf1\x7c\xb6L\xfb\x23\x0dX\xfd\x8a\x0c.\x7c\x9b6\xaaj\x80\xa2\xc4\x81AB\x1a\x0c\xa4\x29\xd8g\xb3b\x8e3mf\x40\x8e\xaa\xfe\x1a\xe8\xc3\xc2\x9a\xbd\x08\xcee\xb79\x9c\x16\x0c\x16\x2a\x10\x22\x80n\x28\xb4\x15\x8f\xea\xa7\x8f\xc9p0\xcd\xeaKZ\x12\xaf\xe5\x8c\x02\x2d\x12G\xb0\xc9\xcb!G\x1aw\x1c\x13\xbc\x7e\xcf\xdd\xdf\x7c\xc2\xf9\x06\xf4i\xf9\x7f\x0f\x83\xb7\xfdJ\x83\xc9\x89\xce\xbf\x7c\xf5</data></match></read>
    <read><length>9</length><match><data>Options:\x0a</data></match></read>
    <read><length>14</length><match><data>1. View users\x0a</data></match></read>
    <read><length>12</length><match><data>2. Add user\x0a</data></match></read>
    <read><length>15</length><match><data>3. Remove user\x0a</data></match></read>
    <read><length>12</length><match><data>4. Set user\x0a</data></match></read>
    <read><length>17</length><match><data>5. View Calendar\x0a</data></match></read>
    <read><length>15</length><match><data>6. Change Date\x0a</data></match></read>
    <read><length>8</length><match><data>7. Exit\x0a</data></match></read>
    <read><length>29</length><match><data>\x2d\x2d\x2dCurrent User is \x2aNone\x2a\x2d\x2d\x2d\x0a</data></match></read>
    <read><length>19</length><match><data>\x2d\x2d\x2dToday\x27s date is </data></match></read>
    <read><length>8</length><match><data>8\x2d4\x2d2016</data></match></read>
    <read><length>4</length><match><data>\x2d\x2d\x2d\x0a</data></match></read>
    <read><length>11</length><match><data>Selection: </data></match></read>
    <write><data>\x2d1\x0a</data></write>
    <read><length>10</length><match><data>Try again\x0a</data></match></read>
    <read><length>9</length><match><data>Options:\x0a</data></match></read>
    <read><length>14</length><match><data>1. View users\x0a</data></match></read>
    <read><length>12</length><match><data>2. Add user\x0a</data></match></read>
    <read><length>15</length><match><data>3. Remove user\x0a</data></match></read>
    <read><length>12</length><match><data>4. Set user\x0a</data></match></read>
    <read><length>17</length><match><data>5. View Calendar\x0a</data></match></read>
    <read><length>15</length><match><data>6. Change Date\x0a</data></match></read>
    <read><length>8</length><match><data>7. Exit\x0a</data></match></read>
    <read><length>29</length><match><data>\x2d\x2d\x2dCurrent User is \x2aNone\x2a\x2d\x2d\x2d\x0a</data></match></read>
    <read><length>19</length><match><data>\x2d\x2d\x2dToday\x27s date is </data></match></read>
    <read><length>8</length><match><data>8\x2d4\x2d2016</data></match></read>
    <read><length>4</length><match><data>\x2d\x2d\x2d\x0a</data></match></read>
    <read><length>11</length><match><data>Selection: </data></match></read>
    <write><data>\x2d1\x0a</data></write>
    <read><length>10</length><match><data>Try again\x0a</data></match></read>
    <read><length>9</length><match><data>Options:\x0a</data></match></read>
    <read><length>14</length><match><data>1. View users\x0a</data></match></read>
    <read><length>12</length><match><data>2. Add user\x0a</data></match></read>
    <read><length>15</length><match><data>3. Remove user\x0a</data></match></read>
    <read><length>12</length><match><data>4. Set user\x0a</data></match></read>
    <read><length>17</length><match><data>5. View Calendar\x0a</data></match></read>
    <read><length>15</length><match><data>6. Change Date\x0a</data></match></read>
    <read><length>8</length><match><data>7. Exit\x0a</data></match></read>
    <read><length>29</length><match><data>\x2d\x2d\x2dCurrent User is \x2aNone\x2a\x2d\x2d\x2d\x0a</data></match></read>
    <read><length>19</length><match><data>\x2d\x2d\x2dToday\x27s date is </data></match></read>
    <read><length>8</length><match><data>8\x2d4\x2d2016</data></match></read>
    <read><length>4</length><match><data>\x2d\x2d\x2d\x0a</data></match></read>
    <read><length>11</length><match><data>Selection: </data></match></read>
    <write><data>\x2d1\x0a</data></write>
    <read><length>10</length><match><data>Try again\x0a</data></match></read>
    <read><length>9</length><match><data>Options:\x0a</data></match></read>
    <read><length>14</length><match><data>1. View users\x0a</data></match></read>
    <read><length>12</length><match><data>2. Add user\x0a</data></match></read>
    <read><length>15</length><match><data>3. Remove user\x0a</data></match></read>
    <read><length>12</length><match><data>4. Set user\x0a</data></match></read>
    <read><length>17</length><match><data>5. View Calendar\x0a</data></match></read>
    <read><length>15</length><match><data>6. Change Date\x0a</data></match></read>
    <read><length>8</length><match><data>7. Exit\x0a</data></match></read>
    <read><length>29</length><match><data>\x2d\x2d\x2dCurrent User is \x2aNone\x2a\x2d\x2d\x2d\x0a</data></match></read>
    <read><length>19</length><match><data>\x2d\x2d\x2dToday\x27s date is </data></match></read>
    <read><length>8</length><match><data>8\x2d4\x2d2016</data></match></read>
    <read><length>4</length><match><data>\x2d\x2d\x2d\x0a</data></match></read>
    <read><length>11</length><match><data>Selection: </data></match></read>
    <write><data>7\x0a</data></write>
</replay>
</pov>