<?xml version="1.0" standalone="no" ?>
<!DOCTYPE pov SYSTEM "/usr/share/cgc-docs/replay.dtd">
<pov>
<cbid>service</cbid>
<seed>be6e5a2b6adae3f486cd94af044f59d9dfed664593e76d7dbfcb91d06f348abfc9ee3237cf88fd6efe13cecf780a232b</seed>
<replay>
    <write><data>\x2a\x7ef\xc2</data></write>
    <read><length>4096</length><match><data>\x2a\x7ef\xc2\xc2\x15\xae\x90\x24\x0a\xe33\xb5\x87\x1akVP\x7ds\xa9\xa3\x3e\xea\x3e\x14\x7f\xc4\xc8\x2f\x1aBN\xe3y:\xaan\x17\x03\x15\x15\xa3\xa5\x80D\x28L\x7f\xd5\xd82\x1fP\xa8W\xdc4\xc7\xa1\xd2\xce\x02\x82\xc1\xaa\x7e\x00\x23\xa9\x3b\x010\x81\x0c\xdc\x7d\x87d\x5b\x8d\xbdS\x14\x0c\x0bFb\x2d\x60\xa1Z\xa8\xa9A\x3bh7\xe20\xd7\x9adr\x11h\x14B\xa1\xcd9\xc3\x3b\xf6\xa5I\xd3\x80\xab\xfb\xa00\x13\xa0\x93\xe7\x87zR\xd3e\x0cD\x91\xf4\xe4\x27\xce\xf7\x7c\x0b\x86\xc9\x27\xa7\x8f\xdb\xd4\x86.\xe7\x9ah\xd5\xa2\x02\xa3\x1a\x02\x01\xc7\x1262\xbc\xde\x8c\xde\xde\x80c\xb4\x8eZ\x91\xe2\x9c\x8e\xf7\x22\xbb\x28\x7f\xd0\xd7\xb62\xf4\xfb\x87\xbc\xde\xe2\xa1\x22o\xa8\xd8pD\x12\xa0\x9ef\xdd\x5f\x0c\xd1\xf7\x83t9\x2f\xe3\xa3\x08\x83?\xe3\x02\xb2LL\x5dyZ\x40O\xf8A\xc1\xfb\x93\x40Z\x14\xb3x\x89\xa3\xab\xa7c\x0d\xed\xfa\xae\xe1\x00\x02\x7f\xe70\x60\xcb\xa5\x89g\xb2\xb1\x15\x05\x05\x3c\x60\xf0\x0f\xd3f\x8c\xac\x1c\x96u\x14\xee\xdc\xba\x98W\xd7\x9d\x7e\x85\x15i\x09A\xa4x\xc4W\xd2\x7e\x0e9\xde\x0e\x9c\xa8\x8137\xb9\xab\xc5L\x83\x18.\xe2\x26\x26\xad\xc8\xff\x8c\xe5\x8c\x9f\x60\xb3\x14y\xa1\xc4V\xbf\xfb\xab\x25\x83q\xa7\xdc\x16\xb6\xff\xc8\xfcn\x86B\x0eL\xc8\x11\xa4\x03\x93\x28l\xce6\x0a\xad1q\x13M\xe5\xbe\x18\xb9kNuC\xfec\xe8\x7f\x5e\x07Z\x1c\x09v\xabS\xd7\x1bB\xa4\xfc\xfe\x2c\xe6\xd68?\x8e\xa7.\xd6\x06\xf6\x91\xf7\x2c!\x90\x88\x3b\xcbv\xc03d\x11\x01\x82\x1c\xc6E\xe1\x91\xa5\x1f\x15\xaf\x84M\xdcRR\xfe\xcaR\x91\x99\xb4y\x07d\x00\x15:\x1e\xc4W\xaa\x18!t\xd6\x5fhKX\x1dD\xc5\xc5\xeb\xd8\x06\xdaE\x16\xcf\xf4\x7d\x8a\xb7\x93\x1fV\x0b\x2b\xccL\x95\xec\xab\x1dJ\x05\xc9\x7e9R\xcf\xdd\xb0\x81u\xc1\x7f\xd1\x9a3\x90H\x01l\xefx\x3c\x5f\xa0\xe4\xc0\x15\xc1\x86S\x0eo\x2f\xc0\x3eY\x07\x9016\x82\xd4J\xf3\xa2\x40\xb7\xfd\x8d0G\x83\x27\xc1t\xc8\xd9\xcff\x9a\xb2\x5c\x9c\xd3E\xfd\x5c\xac\xb3\x7c\x93\x8bf\x02\x9a\xa1\xff\xdb\x2be\xeb\x3b\xf0\x87\x40\x25\x0a\x0f\x9bC\xa8\x95\x3c\xad\x97\xa9\x91\x0d\xce\xd0\x9c\x2f\xfeF\xc5\x15\xc4\xe8\x2f\x0b\xea\x01\x9eC\x23\x95\x06y\xeb2\x2c\x84\xab\x87\xac\xf6\x2cW\x95\x07\x7b\x6090\x97\x98\xdb\x01\xfbk\x7f\x90\xb4\x91\xd1\x27\x17\x04Zv\xe3\x5f\x1a\xc4O\x90\xbcgE\x5b\xb9\x8f\x2a\xd4\x0b\xf4\xb5\xebM\x92\x06J\x10\x40q\x99\xb9K\x0fKt\xfa\x7f\xbb3\xf6\x83\x7bf:\x8e\xb3\xe9\x96\x8e\x98\x40r\x1b\x16SzW\xd9\x3b\x85\xb5\x81\xf8\xe2\x1e\xa3\xc4S\x03\x0ea\x19\x0e\xe4\xd6s\x9fn\xa2\x17L\xcaP\x98\x96\x9a\x1e\xb5\x22\x7c\xb2\xf8\x3b\x80gy\xefn\x17\x11B0\x84\xe5\x95\x5f\xefX\x11\xff\xd7\xbao\xfe\x8a\x16\xdd\x114\xff\x1f\xd7\xe4\xc8C\xb3d\xe63\x94\xde\x9c\x003\x96\x89Eb\x8f\xee\x1eJ\xa1 \x04\x1a\xb2\xa2Z\x8d?\xad8\x40\xfdqj\x90\xb851\x60\x5e0\xa88.\x0b\xa3PG\xc7\x06\xb8f\xa2\x83E\x07Q\x13\xa0\x5d\x05\x93\xaa\x0f\x7f\xc8\x27\x24\xa8\xb5\xf9\x1cc\xb7\x93\x9b\xb5\xab\xf1\x5b\x99\xd1\xd3\x28\x5b9q\x94\xfcG\x8f\x2cR\xc3\xc7X\xa5Us\xdc \x27\x02\x7dJUW\x174V\x98X\xd9\xf1\xc3\x5c\x94\xab\x01\x60\xbeF\x94\x5f\x2c\x9f\x16x\x85\x17\x40\x5d\xe2g\xde\x2cW\xf7\x3c\xa5\x29\x2b\xc6\x09\x8a\x04.5\x13CJU\xf8\x1e\x85\xad\xf4E\xfc\xe7Aj\x92\xa2\x2b\x8ds\xb6\xd4\x2b\x3bJO\x5d2\x26\x9b\x9cS\xad\x3e\xbb4\x3c:k\x1b\xfb\x60\x19\xf5f\x3b\x84\x88\xfc\xf7\x5f\x16G\xaf\x1a\xd7\x7b\x01\xed\xb8\x2b\xd1\x2f\x15\x83\xe6d\x16\xdcBG\x90\xdb\x22\xaf\xb8\xae\x0e\x3c\xe7\x03s\x3e\x066\x3c\x06\x3e5\xae\xce\x1e\x96\x2bT\x0d\x3b\xe4\xb1C\xf9\x11d9\xbdb\xda\x5d\xd8\x81E9\xc6ei\xf4:G\xde\xa2\x95L\xd1\x1f\xff\xc8\x98\x19\xa9\xee\xe5\xc4\xbc\x9b\xe6\x1d\xbd\xbf\xd4i\x9bh\xbb\xf7O\xcc\xc9\x99\xa6\xed\x17\x16n\xda\xb3q\xa9\xde\xcc\x98\x9fB\xd6\xc5Vl\xff\xf7\x5c\x13\xf6\x0a\x80\x043\xe8\x5b\xaf\x1ax\x02.eN\xa5\x2b\x2b\xf3Vh\xc7s\x12\xe3\xd6\xf4P\xcf\x2f\xd0\xaauC\x5f\x96\x956\x89\xf2\x29A\xad\xd9\x979i\xe4\x29\xc8N\x228\xd2\xbd\xaaf\x7b\x14J\xedm:\xa45\x8eu:\xf3\xbc\xa5\xc3x\x5c\xe4\x14\x167\xbc\xfe\xe6\xdc\x0c?\x99\x1d\x7c\xac\xf9\x8e\x90\x06\x7b\xe9\x91\xcf\x8827\x80\xc5q\x83\x96\xf4\xd8\xa3N!\xff\x92f\x88\x98\xc7\x00\xc6\x1f\x5b\xb7J\xad\x10\x12\xaevfC\x09O\xd7\x87\x0e\xa1\x7e\x295\xeb\xa3\xa6\xe4\x2a\xffG7\xe7\x04\x25\xe0\xc9eoS\x7ca\xf3a \x2c\xf7\x7c\x15\x8f\x0f\xba:\x85\x7e\x0b\xf6\x85H6\xdf\x9c\xcd\x0e\x80y\x3e\xd5\xde\x19\x5bFP\x18\x14\xb7\xe79\x89\xba\x17\x89C\x2fB0V\x91\xe3Ze\xc3\x9b\xbb\x00\xb1\xf1\x88\xb7\x84\xe9\x5dW\xd6\xf4\x97\xaa\x26\x5f\x96\x81!\x2c\xb1\xd4\xcb\x0cz\xb16\xe8\xd0\x14\xaeQ\x82\xc9\x9a\x7e\xccj\x1d\x25D\x15\x22\x94\x5f\xa3\xd8\xbf\xc4\xd6\xf9\x92\xe3\xaa\x09\xc7\xe8\x8b\xc9\xd6A\xb4\x1b?\xae\x02\xba\xa0D\xb9u\xb5E\x28\xccs\x93\x0f\xed\x95\xf2 9\x98nLV\xfe4r\x04Q\x8b\xc9\xd9\xde\xb7\x10\x07\x8e\xe9h\xb2\x99\xb3\x92Bg\x84\xc8X\xd6\xbcj\xebuA\x19\xb8\x29\xa5\x82\xf51\xef\x0bx\xb7\x7f\x3e\xc6\xe0\x01Xe\xe2?\x5f\xd5\x25\xcf\x87\xaf\xe9\xcap\xe6\xac\xe7\xaf\x1e\xba\x13m\x97\xc4B\x26\x91\x8a\xf9a\x9a\xa5\x90\xc8\x85U\x9e\x90\xe6\xe1\xafV\x90\x04 \xc1\xbd\x2cM\x28\xb0\xe6\x09\x8bE\xbd\xa4\xd7\x81H\x5fT\xaa\x1c\xa6I\x12\x7b\xfd\xbc\x86\xa16\x00\xc1R\x83z7\xb3\xef\xd0\xeci\x04\x26\xd0\xd8\x0b\xc2\x90V\x96\x1biE\x82\x1fe\x86\xecE\x2dM\xc75\xea\xfe\x8a\x97iosUrY\xbb\xfeC\x85R\x3c\x06j\x1d\xcbg\xdf\x91o\x8f\xf3\x3d\xc8\xec\x3e\xa7\xcb?\x13n\xd8\x09D\x7cm\x12\xbb\x925\x03\xd8\x1a\xfe\x2f\xba\xef5\x92\xffF\xd0\x18Q\xeecI\x7fL\xee\xd2x\xb0\xc2\xc3\xb4\xea\xfa\x3b\xc2\x08j\xc7\xfb\x8d\xf6\xda\xa8\xe6\x8aU\x60\xd0\xd1\x1f\xfb\xcf\x2d\x96\xf0\x7eU\xed\x93\xfc\x03\x83\xfd\x1b\x89W\x10\xad\x1c\x60A\xa8\xb6\xe9\xd3Z\x184\xecmB\xf4\x7cy\x9c\xba\xd1\xe94P\x1a\x11\x22\x7b\xcah\xa6\xf9\xb4\xfe\x05\xf0\xba\xf1\x8c\x06\xcb\xbeR:\x91\xa4\x2fq\xdf\x25\xb2\x19\xfaU\xff\xc2\x13\x23\xab\x85\x10\x1d\xfdY\x5e\xecr\xec\xd3H\xc6\x16\xa6\xb5b\xdf\x5d\xbck\x7b\x19e\x04\xed\xfa\x3b\xa9\x3cak\x2a\xd1A\x87Z\xe0\x04\x81\x23 \xaee\x28\x92\x17\xab\x84\x14P\x89\xc2\x80\x5e\xde\xc0\xb3\x07\xe8vlu\x26NO\x7b\xf2B\x40\xb3 \x9eS\xf0\x91\x13\xf2F\x87\xc7\xf2\xf2\xd2WL\xbe\xc1\xbf\x98\x14U\xb1\x01\xa9\xb0A\xac\x93\xf70\xe9V\xf2\x08\xe6\x40P\xadv\xb8\xfa\x11 \x2c\x1e\xc7e\xc7\xf4\xf9Q\x0a\xa9\x3eQ\x90\xa1\xd5\xb3\xe8\x7b?8v\xf2\x5d\x7f\x3b\x0cfL\x9a\xd0i\x05\xf7\x25\xb3\x06\x27\x25\xe88FJ\x07\xbb\x00\xf1\xfa\xedT\xbd \xe7ly\x0c\x3b\xb8\x05\xe7\x0c\x90\x91\xb6\x29\x8d\xb8\x10\xe4s\x94i\xa2\x09\xb9\xccjk\xe0\x1c\xa4\xee\x0e\x60\xa3Nd\x3dT\x13\xdc\xc0\xa2\x5e\x88g\xd8\xb2\xa2\xc0\x7b\x12y\x22\xb5j\x04M\x9bxS\x2b\xb9\xb9\xb0Os\xc22\x26\x3c\x7f\x14\xb7x\xd5a\x2d\x7c\xb9\x81Hx\x8082\x12h\xa5RO\x81\x18\xc9\xe8\x1d\xc9E2m\x0eq\x2f\xda\x9e\xb4\xd3\x1dxJ\x2d\x5c\xbd\x2c\x83\xbb\xf9\xb8\x2b\xd4\xca\x19i\x91\xa2 \xbfS\xcah\xb2\x15\xfe\xd7\xfc\x96\xca\x9c\x22\xc5\xa6\xd5z\xfd\xf4\xfe\xca\xe1\xc4\xe7\x0e\xc3\xc0\x0b\xb3\x18\x82\x0c\xe9\xad\xfe\xfa\x08M1\x90\x26\x1e\xb9w\xaf?C\x80\x04\xf7\xa8\xaa?4\xdd\x0e\x91\x10\xb2\x24K\x0dKN\xbd\xfa:\x1a\xd4\xc2\x18jd5\x81\x1c\xf0\xfb\x03\x9fo\x92t\xf7R6\x87\xb5tR:\xd52\xf1\x8c\x9cG\xda\x2d\xf2\x26\x06\xff\x1a:\x5c\xe9\xb4\x28xo\xa0\xaf\x60\xcc\x5eP\x7c\x3b\xc4\x40\x29\x0f3\xf8\xb8\x11\x3d\xa5\xcc\xcc\xda\xd8R\xb6MB\x0b\x81\xe4W\xc8Mq\xbc\xb6v\x159\x8fI\xb5R\xcfKZt\xec\xc5\xb2\x90LU\x86\xac\xee\xb1\x91\x2b\x01\xd6Z\xf4\x1eT\xd1\x90T\x854\x13i\xd9\xc5\x2dY\xe9\xbf\x3ba\xd6:KiPwo\xcd\xd0\x8f\x82\x7b\x81\xe2\x19\xb2\x9b\x17\x8f\xc2\xd2\x23LU\xe9\xe7\xb2\x1f\xbfI\x83\x15\xa7\x3b\xfa\x93\xf5\xad\xf4\xa3\xee\x98\x3b\x80\x5fO\x2a\xd3\xc0H\xcdV\x19iw8k\x9e\x85\xa42z\x7d\x23\xa14\x05\xc0\x3c\x13\xa2\xfe\xec\xbb\xdf\x8bm\x1c\x19H\xd2\x7e\xe1\x1d\xb8\xa3a0\xf6\xd0\x0c\x02\x22V\x2ao\x25g\x1eB\x89\xa4\x95\xa1\x0c\xe8\x92\xd6\x28\xcf\xf4\x93\xd9\xc4e\xc6\x94\xf2\xe4R\x28EDaz\xbcE\xcf\x9eN\xd8\xab\x044\x9c\xac\x90\x7f!\xe3\xd0\x5d\xac\xb3\x7b\x1e\x9b\xde5S\x5d\xce\xa9\xafe4l\xbb!\x5eU\xfd\x5c\x2d\x27\xd72\x80ng\xf6\x12\xa8\x40\x2aW\xabE7\x92\x3e\xe8\xe5\xbc\x17\x81\xf1\x13J\x82\x1c\xd5\xaaZ\x00\x1bm\xdaQ\x28p\x7e1\x02\x29a\xd3\xbfn\xfc\xe9\x1b\xb0d\x14a\x8c\xa6\xdf\x859X2\x92\xf1y\x8d\xc6\x10P\xd8\xa1\x81P\x98\x96\xe7\x17\xd2\x80v\xc8Z\xfd\x8b\xdf\xb8\xde\xb5E\xf0kU\x87\x86\x10\x92q\x84sw\x05A.q2\xcd\x8bK\xaf\x12\xe7\xe0\x90\x0a\x26\xa5\xe2\x01\x5fH\xbc\xf4N\xfeN\x5f0\xc3I\x18k\xba\x13C\x09\xbfj\xe6\xd9\xf0\x18\xf1\x8e\xb2N\x3c\xf7\xbb\x5c\x09\xfchS\xd8\xea\x5basb\xa37\x06\xef\xcb\x9a\x93\xedF\xcf\x1b\xfbz4\xcf\xb7t\x1b\xf3\x14A\xda\xf9\x91\x13\xb2G\xca\x04\x09\xf8\x0eg\x9bSF\xd5P8\xcc\xb3\xea\xde\x037s\xa4\x00\xe1\xa1\xfb\x96O\x9a\xd8mS\x7d\xdd\x8d\x3e\xd4K\x14\x84\xc3\xce\x9f\xe3\xfbA\xd3\xee\x93s\xea\x7eKx\xb5\x12\xc2\xdb\x81\xb3\x17\x88\xd1\xe7\xeb\x3e\xb3\x95\xc5\xa5\x88\xd8J\x17\xcf\x07\xfd\xd0B\xba\x0b.\xaa\xa0\x27\x85\xe1\xe6\xa5U4\xa1\x86\x02:\xc8\x01\xdd\xf6\x133\x17\x7f\xc2z\xe2\x28f\x95\xa2\xff\xfc\xb3\x9b\xefU\x1e\xd9\x23\xe4\x2f\x9b\xea\xd6P\xf9\x0d\x7fu\xce\x88\xfeUOOV\x7e\xf56\xa6\xa8\x97\xe5\x12K\x97\x19\x13\x1c\xc9\xc3\x1d\x99\xc4\x5f\xf7?\x28\x2a\x27\xbe\xfa\xad\xd9\x27\xe7\x06 \xc1\xe6\xea\xbe\x2d\x0e\xeeV\xb4\xa1\x14\x5e\x06t\xf7\x24\x86FY\xdfP\x29\xb3\xa8\xb7\x1eoz\x98v\x16\xfa\xa5T\xf58\xc8\xfb\xbf\xb2\xbc\x3e\x17Gh\x06\x5dr\xe3\xe9\x81\xacld8\xda\xe1TU\x0e\x86\xdd\xa5\xbd\x286V\xe0\x85\xb7\xf2h\x9c\xdeJ\x00\x1a\x94n\xcf\x14\x15\xd1L\xbd\x16\x27\xaf\x13\x06\x8c\x22\xfd\xb5\xcb\xac\x96\x15\xbdOm\xfbv\x9f\xe1\x7f\x24\xe6!\xc2\xc3\x88m\x8c\x942\xf6\x05\x5fO\x25\x24\x800\x3c\x3b\x7ej\xf7\xb7\x94LJHi\x1f\xc1\x27\x8c5v\xbb\xc6\xd8\x28\x24Qv\xd22n1jK\xe1\x40s\x27\x1f7\xe4\x2a\xb1\x0e\xfa\x2cv\x18\x9bj\xa5\x26\x1d\xb6i\xca\xc8M4\x0cO\x3d\xb0r\xeb\xfeX\xae\xd8\x13\x8f\xb0\xb0\xcb2\x191\x1c\x27\x8a\x07IZi\x96\x99n\xef:\x18\x17\xad\xac\x92\x84\x22\xfa\xf0\xbc\x12\x9c\x9c\x85\xc6\x1b\x8by\xe9\xd3\x25Z5\x12\xcd\xf4Cka\x1e\xb6\xa4.\xfa\xe1\xd5\xc6\x0c\xba\x1f\x01\x8c\x22\x2c\xd3\xc6\xb6\xb1\x8d:\xc8\xe7b\x29\xe3B\xc0\xf6\x83\x8c\x10\xaf\x7cYT\xab\x97\x81\x10\x8e\x92\xbc\xd4V\xd3\x2dl\xcf\xa7\x2fX4\xee\x2f\xff\xaen\x3b\x0d\x3e?\x06\xdc\x92kn:v\xab\xac\x90CH\xa3\xac\xd5X\x0f\x27\x90\xd6B\xa4\x3cl\x00\xfcW\xa7a\x00o\xc8z\x8d\x16\xcc\xbb\xd3x\x15m\xe9\xc0\xf4I\xec\xe0\xb74n\x174w\x9bx\xdc\xc1\xfd\xc8\x98b\x1e\x98\xbe\xdd\x24\xf8\xf53\x14\x0d\xac7!\x1au\x14\xdc\xae\x1f\xa9\xfc\xcf\xe6F\x9f:\xd2\xbe3\xd4\xeb\xcbGI\x8d\xaf\x2f\x044\xba\xb7\xa2\x7c\x0a\xee\x9b36\xaaH\xc7\x04\xa1\x11\xae\x0e\x18\x29\xc9\x3e7\x89\x1bN\x0fD\xab\x7e\xe7\xfa\xc4Y\x26\xdb\x08\x93\xee\x98\x5d\xa0\x7e\xd8\xfe\x0f\x2d8\xc2\xd8N?\x23\xd7x\x28\xb5\xfb\x8c\x18\x82x\x89m\x8ew0Hp\xe7T\x9e7\x2ce\xba\xaba\xacp\xdd\xc7\x96\x1b\xdd\x11:i\xe5\x93B\x7d\xd8t\xd7\x40\x5c\x1c\x11\xd2\x85\xbe\x60\x2cA\x0d\xa7C\xcfc\x04\xadX\xb0\xa0\xcd\x88\x00\xfcS\x86\xd4\x3b\x132\x90S\xcfO\x29?\x5d\xf4\x2f\xa7\x12I\x06\x24\x84\xf3v\xce\x7d\xdc\x7c8HG\xab\x2bv\xe3\xc4\x9bI:Z\xfc\x00\xef\x3d\x1f\xab\x80\x22?\xd9J\xdd7OF\xafs\x25l \xa7x\x84Ko:\xe6\xf0h\xde\x10\xe9\x03\x01\x7d\xf0T\xe2\x9e\xfbr\x93?e2\xa9\x81\x88hj\xdd\xec\x8b\xe10\x98\xd8\x9a\xb6\x0f\x96\x26\xd6\xabn\xf9\x5d!\x25\x04\x26\x29\xc0\xbb\xf3b\xb8\x88X\x1d\xfc\xe2\xcdv\xfa\xa1\x0c\x28k\xf7\xbc\x9f\x9aQ\xdc\xa7Oi\x08\x26\x90\x91E\xe5w\x0a\x90\x9b\xc3j3\xf9\x28\x9f\x00\x85j9\xc8\xbd.\xbd\xd4\xc4H\xe7\x99\x14\x05\x9f\x5e\xdc\xfd\x85\x1b\x19\x04\x5f\x0c\xe7\xf6\x3ec\x89\xd4\x7d0\x09\x1aJ\xc1\x17N\xf2\x2a\x9bH\xed\xf8t\x06qCZ\x8e\x18\x0b\xd9\xc4C\x7c\xc5\xcf\x0b\xec\x82\x7d\xa4\x40M\xeb\xd6\xd5\xea\xd88\xce\x40\x1f\xe7\xf7f\xde\xf6\x02Z\x7b\x2b\x96r\x9f\x90\x29\xcb\x25\x17\xd6\x26\x2d\x1b\xb8\x25\x03\x26\xfc\x2cs\x95wx\xba\x10\x8f\xa80M\x2f\xbf\x2f\xf4\x9f\xb6\x7d\x81\x9e\xe7\xec\x2f\x13\x5c\x8f\xfb\x3b\xfd\x07B\xe3\xbee2\xf8\xf8c\x7d\xfc\xff\xf6\x0fp\xf7e\x95\xb0\x17\xf4\xb9M\x86\x15\xcd\xdb\x05\xcc\xf0\xb4\xbc\xab\x8feQ\x929\xe4\xe5\x8e\xd0V\xa8\xbdmgo\xfd\x60\xc1\xfd\xc4\x13\xf8\xcc\x91\x3e\x40\x15W\xf4\x3bj\xcf\x92\xdd\xc6\x2c\x9d9\xeb\xb3\x8a\x84V\x95\x86ZT\xe8\x8d\xcc\x91\x0d\xe8\xe5\xdfp\x93\xde\x91\xdf\xfe\xdc5\xb8\xb6\xfc\xf9\x07\x13\xaa\xc1o\xdbv\xc8\x2a\x40\xb9\xa1\x0f\x3b.\x90\xf1\xa7R\xac4\xff\x2a\xeaD\x8c\x96\x1ah\xe3\x5c1ouJw\x83\x8b\xcfD\x1b\xa02:\xa8\xdf\x7c\x80\x1e\x25\x2aw\xc4\x5d\x90\xa9ZN\x82Z\xe4g\x16\xc6\xe8\x03\x2b\x06\xff\xb5\x5c\xd4\xe1yf\x5f\xc5\x88\xea\xa5\xefk\xf7\x08\x06\xcf\x80\xa8\xf0\x06\xf0\x04\xedl\xec\x2a\x2b\xf6\x9b\xdc\xd6\x3c\x14\x8dk\xaf\xde\x9c\x5e\xab\xc5\x0e\xa3\x8d\x9b\xb0SZ\x9f\xac\xe1\xfc\x9d \x1a9\xf2o\x86\xdc\xb5r\x93\xe2\x22\xa1oD\xb1\x7b\xd1\xaa\xc6\xd1\xe1\xc9\x99\x97\xc7:\x9az\xfbv\xc6\xa9\xae\x7b\xab\xe4\x94\x2dt0\x08\xf4\x94\xd9O\x85\x1al\x17\xcb\xa2\xfd\xe3g\xedd\xc6\xbfT\x7f\xb7\xe7\x2bc\xcb\xa4\xf6\xfe\x12\x2c\xad\xf02\xc6 M\xdb\xbe\xdd\xba\x11\x8c\x0b\x18\xd9C\x2a\x1c\xcfg\xfa\xf6\xfb\xe7\x9f\x96\xef\x0f\x08\xf5\xe2\x1dY\x82\xea\xb0\x87\xad\x07\xeea\x05D\xb57\xff\xa6C:\x83\x892\xd6\xc5\xe1A\xa0\xe6\x9c\x3d\xf0\x3e\x15\xc1e\xca\xee8\x3d\x0akI\x94\xb8\x9dA\xa5\x0d\x85\xcd\x05\x04\xe8?9N\xe7\xf5Y\xce\x97\xb1\x25\x97\xe1\xb0\xc3\xc5\x85\x2c\xe0\x40\x880\xe7\xbe\xe4\x1d\xfe8\xd6\x3e1\xaeQ\xda\xa2\xc2\xbf\xa5\x96u\x03B\xe2\x8eK\x00\xba\xdc\x89\x97\xe2\x82\xfe\x1c5\xe1Hp\x1e\x06\x2c\xca\xeen5\x13\x23\xda\xb1D\xc2uf\x13\x0d\x88\x5e\xc0\x03\xcaeg\x9dsrF\x8e\xd0\xe5\xbaf\x0a\x84\x24\x0d\xa6e\x83\xd5k\xab\x99Gf\x3b\x03\x1d\xc6\xd4V\xcbF\x0e\xa0\xab\xf6\x1a\x8cz\xfa\xe5\x9aa\xa8\xf8\xa8\x9f\x2c\x196\xa92H\xbf5\x3d\x2a\xb9A\x24\xe5J9z\xd4k\x03\xf1\xb5R\x7f\xf1F\x28\xbb\x91\x40\xf8\x83X\xe1\xad\xc0\xf2\x15\x01\x02\x92\x0d\x8fq\xd6\x5b\xb1rg\xe7\x1c\x0f\xd0\xbc\x7d\x22\xecI\x99\xfd\x00\xae\xcc\xa4\xe0\xf8\xf5\x2f\x0c4\x12\xb7\x96\x01\x9d\xdd\x9a\xae\x26\x91\x17\xbfm\x97l \x0b\xc5\xcf\xea\x5b\x9a\xb4kF\x0e\x0e\xdd\xd4\x06\x5e\x95\xa4\x80\xf0Z\x89\x5dU\xf0\x7f\xbc\xdah\xf8M\xc3\x95\xf1B\xe1\x9f\xb6J\xc9!q\x9eG\xfe\xeb</data></match></read>
    <read><length>9</length><match><data>Options:\x0a</data></match></read>
    <read><length>14</length><match><data>1. View users\x0a</data></match></read>
    <read><length>12</length><match><data>2. Add user\x0a</data></match></read>
    <read><length>15</length><match><data>3. Remove user\x0a</data></match></read>
    <read><length>12</length><match><data>4. Set user\x0a</data></match></read>
    <read><length>17</length><match><data>5. View Calendar\x0a</data></match></read>
    <read><length>15</length><match><data>6. Change Date\x0a</data></match></read>
    <read><length>8</length><match><data>7. Exit\x0a</data></match></read>
    <read><length>29</length><match><data>\x2d\x2d\x2dCurrent User is \x2aNone\x2a\x2d\x2d\x2d\x0a</data></match></read>
    <read><length>19</length><match><data>\x2d\x2d\x2dToday\x27s date is </data></match></read>
    <read><length>8</length><match><data>8\x2d4\x2d2016</data></match></read>
    <read><length>4</length><match><data>\x2d\x2d\x2d\x0a</data></match></read>
    <read><length>11</length><match><data>Selection: </data></match></read>
    <write><data>\x2d1\x0a</data></write>
    <read><length>10</length><match><data>Try again\x0a</data></match></read>
    <read><length>9</length><match><data>Options:\x0a</data></match></read>
    <read><length>14</length><match><data>1. View users\x0a</data></match></read>
    <read><length>12</length><match><data>2. Add user\x0a</data></match></read>
    <read><length>15</length><match><data>3. Remove user\x0a</data></match></read>
    <read><length>12</length><match><data>4. Set user\x0a</data></match></read>
    <read><length>17</length><match><data>5. View Calendar\x0a</data></match></read>
    <read><length>15</length><match><data>6. Change Date\x0a</data></match></read>
    <read><length>8</length><match><data>7. Exit\x0a</data></match></read>
    <read><length>29</length><match><data>\x2d\x2d\x2dCurrent User is \x2aNone\x2a\x2d\x2d\x2d\x0a</data></match></read>
    <read><length>19</length><match><data>\x2d\x2d\x2dToday\x27s date is </data></match></read>
    <read><length>8</length><match><data>8\x2d4\x2d2016</data></match></read>
    <read><length>4</length><match><data>\x2d\x2d\x2d\x0a</data></match></read>
    <read><length>11</length><match><data>Selection: </data></match></read>
    <write><data>5\x0a</data></write>
    <read><length>45</length><match><data>Must select a user before viewing a calendar\x0a</data></match></read>
    <read><length>9</length><match><data>Options:\x0a</data></match></read>
    <read><length>14</length><match><data>1. View users\x0a</data></match></read>
    <read><length>12</length><match><data>2. Add user\x0a</data></match></read>
    <read><length>15</length><match><data>3. Remove user\x0a</data></match></read>
    <read><length>12</length><match><data>4. Set user\x0a</data></match></read>
    <read><length>17</length><match><data>5. View Calendar\x0a</data></match></read>
    <read><length>15</length><match><data>6. Change Date\x0a</data></match></read>
    <read><length>8</length><match><data>7. Exit\x0a</data></match></read>
    <read><length>29</length><match><data>\x2d\x2d\x2dCurrent User is \x2aNone\x2a\x2d\x2d\x2d\x0a</data></match></read>
    <read><length>19</length><match><data>\x2d\x2d\x2dToday\x27s date is </data></match></read>
    <read><length>8</length><match><data>8\x2d4\x2d2016</data></match></read>
    <read><length>4</length><match><data>\x2d\x2d\x2d\x0a</data></match></read>
    <read><length>11</length><match><data>Selection: </data></match></read>
    <write><data>4\x0a</data></write>
    <read><length>22</length><match><data>\x2d\x2d\x2d\x2d\x2d\x2dAll Users\x2d\x2d\x2d\x2d\x2d\x2d\x0a</data></match></read>
    <read><length>52</length><match><data>Entering a username will set it as the current user\x0a</data></match></read>
    <read><length>16</length><match><data>Enter username: </data></match></read>
    <write><data>\x0a</data></write>
    <read><length>13</length><match><data>User not set\x0a</data></match></read>
    <read><length>9</length><match><data>Options:\x0a</data></match></read>
    <read><length>14</length><match><data>1. View users\x0a</data></match></read>
    <read><length>12</length><match><data>2. Add user\x0a</data></match></read>
    <read><length>15</length><match><data>3. Remove user\x0a</data></match></read>
    <read><length>12</length><match><data>4. Set user\x0a</data></match></read>
    <read><length>17</length><match><data>5. View Calendar\x0a</data></match></read>
    <read><length>15</length><match><data>6. Change Date\x0a</data></match></read>
    <read><length>8</length><match><data>7. Exit\x0a</data></match></read>
    <read><length>29</length><match><data>\x2d\x2d\x2dCurrent User is \x2aNone\x2a\x2d\x2d\x2d\x0a</data></match></read>
    <read><length>19</length><match><data>\x2d\x2d\x2dToday\x27s date is </data></match></read>
    <read><length>8</length><match><data>8\x2d4\x2d2016</data></match></read>
    <read><length>4</length><match><data>\x2d\x2d\x2d\x0a</data></match></read>
    <read><length>11</length><match><data>Selection: </data></match></read>
    <write><data>\x2d1\x0a</data></write>
    <read><length>10</length><match><data>Try again\x0a</data></match></read>
    <read><length>9</length><match><data>Options:\x0a</data></match></read>
    <read><length>14</length><match><data>1. View users\x0a</data></match></read>
    <read><length>12</length><match><data>2. Add user\x0a</data></match></read>
    <read><length>15</length><match><data>3. Remove user\x0a</data></match></read>
    <read><length>12</length><match><data>4. Set user\x0a</data></match></read>
    <read><length>17</length><match><data>5. View Calendar\x0a</data></match></read>
    <read><length>15</length><match><data>6. Change Date\x0a</data></match></read>
    <read><length>8</length><match><data>7. Exit\x0a</data></match></read>
    <read><length>29</length><match><data>\x2d\x2d\x2dCurrent User is \x2aNone\x2a\x2d\x2d\x2d\x0a</data></match></read>
    <read><length>19</length><match><data>\x2d\x2d\x2dToday\x27s date is </data></match></read>
    <read><length>8</length><match><data>8\x2d4\x2d2016</data></match></read>
    <read><length>4</length><match><data>\x2d\x2d\x2d\x0a</data></match></read>
    <read><length>11</length><match><data>Selection: </data></match></read>
    <write><data>5\x0a</data></write>
    <read><length>45</length><match><data>Must select a user before viewing a calendar\x0a</data></match></read>
    <read><length>9</length><match><data>Options:\x0a</data></match></read>
    <read><length>14</length><match><data>1. View users\x0a</data></match></read>
    <read><length>12</length><match><data>2. Add user\x0a</data></match></read>
    <read><length>15</length><match><data>3. Remove user\x0a</data></match></read>
    <read><length>12</length><match><data>4. Set user\x0a</data></match></read>
    <read><length>17</length><match><data>5. View Calendar\x0a</data></match></read>
    <read><length>15</length><match><data>6. Change Date\x0a</data></match></read>
    <read><length>8</length><match><data>7. Exit\x0a</data></match></read>
    <read><length>29</length><match><data>\x2d\x2d\x2dCurrent User is \x2aNone\x2a\x2d\x2d\x2d\x0a</data></match></read>
    <read><length>19</length><match><data>\x2d\x2d\x2dToday\x27s date is </data></match></read>
    <read><length>8</length><match><data>8\x2d4\x2d2016</data></match></read>
    <read><length>4</length><match><data>\x2d\x2d\x2d\x0a</data></match></read>
    <read><length>11</length><match><data>Selection: </data></match></read>
    <write><data>\x2d1\x0a</data></write>
    <read><length>10</length><match><data>Try again\x0a</data></match></read>
    <read><length>9</length><match><data>Options:\x0a</data></match></read>
    <read><length>14</length><match><data>1. View users\x0a</data></match></read>
    <read><length>12</length><match><data>2. Add user\x0a</data></match></read>
    <read><length>15</length><match><data>3. Remove user\x0a</data></match></read>
    <read><length>12</length><match><data>4. Set user\x0a</data></match></read>
    <read><length>17</length><match><data>5. View Calendar\x0a</data></match></read>
    <read><length>15</length><match><data>6. Change Date\x0a</data></match></read>
    <read><length>8</length><match><data>7. Exit\x0a</data></match></read>
    <read><length>29</length><match><data>\x2d\x2d\x2dCurrent User is \x2aNone\x2a\x2d\x2d\x2d\x0a</data></match></read>
    <read><length>19</length><match><data>\x2d\x2d\x2dToday\x27s date is </data></match></read>
    <read><length>8</length><match><data>8\x2d4\x2d2016</data></match></read>
    <read><length>4</length><match><data>\x2d\x2d\x2d\x0a</data></match></read>
    <read><length>11</length><match><data>Selection: </data></match></read>
    <write><data>\x2d1\x0a</data></write>
    <read><length>10</length><match><data>Try again\x0a</data></match></read>
    <read><length>9</length><match><data>Options:\x0a</data></match></read>
    <read><length>14</length><match><data>1. View users\x0a</data></match></read>
    <read><length>12</length><match><data>2. Add user\x0a</data></match></read>
    <read><length>15</length><match><data>3. Remove user\x0a</data></match></read>
    <read><length>12</length><match><data>4. Set user\x0a</data></match></read>
    <read><length>17</length><match><data>5. View Calendar\x0a</data></match></read>
    <read><length>15</length><match><data>6. Change Date\x0a</data></match></read>
    <read><length>8</length><match><data>7. Exit\x0a</data></match></read>
    <read><length>29</length><match><data>\x2d\x2d\x2dCurrent User is \x2aNone\x2a\x2d\x2d\x2d\x0a</data></match></read>
    <read><length>19</length><match><data>\x2d\x2d\x2dToday\x27s date is </data></match></read>
    <read><length>8</length><match><data>8\x2d4\x2d2016</data></match></read>
    <read><length>4</length><match><data>\x2d\x2d\x2d\x0a</data></match></read>
    <read><length>11</length><match><data>Selection: </data></match></read>
    <write><data>\x2d1\x0a</data></write>
    <read><length>10</length><match><data>Try again\x0a</data></match></read>
    <read><length>9</length><match><data>Options:\x0a</data></match></read>
    <read><length>14</length><match><data>1. View users\x0a</data></match></read>
    <read><length>12</length><match><data>2. Add user\x0a</data></match></read>
    <read><length>15</length><match><data>3. Remove user\x0a</data></match></read>
    <read><length>12</length><match><data>4. Set user\x0a</data></match></read>
    <read><length>17</length><match><data>5. View Calendar\x0a</data></match></read>
    <read><length>15</length><match><data>6. Change Date\x0a</data></match></read>
    <read><length>8</length><match><data>7. Exit\x0a</data></match></read>
    <read><length>29</length><match><data>\x2d\x2d\x2dCurrent User is \x2aNone\x2a\x2d\x2d\x2d\x0a</data></match></read>
    <read><length>19</length><match><data>\x2d\x2d\x2dToday\x27s date is </data></match></read>
    <read><length>8</length><match><data>8\x2d4\x2d2016</data></match></read>
    <read><length>4</length><match><data>\x2d\x2d\x2d\x0a</data></match></read>
    <read><length>11</length><match><data>Selection: </data></match></read>
    <write><data>\x2d1\x0a</data></write>
    <read><length>10</length><match><data>Try again\x0a</data></match></read>
    <read><length>9</length><match><data>Options:\x0a</data></match></read>
    <read><length>14</length><match><data>1. View users\x0a</data></match></read>
    <read><length>12</length><match><data>2. Add user\x0a</data></match></read>
    <read><length>15</length><match><data>3. Remove user\x0a</data></match></read>
    <read><length>12</length><match><data>4. Set user\x0a</data></match></read>
    <read><length>17</length><match><data>5. View Calendar\x0a</data></match></read>
    <read><length>15</length><match><data>6. Change Date\x0a</data></match></read>
    <read><length>8</length><match><data>7. Exit\x0a</data></match></read>
    <read><length>29</length><match><data>\x2d\x2d\x2dCurrent User is \x2aNone\x2a\x2d\x2d\x2d\x0a</data></match></read>
    <read><length>19</length><match><data>\x2d\x2d\x2dToday\x27s date is </data></match></read>
    <read><length>8</length><match><data>8\x2d4\x2d2016</data></match></read>
    <read><length>4</length><match><data>\x2d\x2d\x2d\x0a</data></match></read>
    <read><length>11</length><match><data>Selection: </data></match></read>
    <write><data>\x2d1\x0a</data></write>
    <read><length>10</length><match><data>Try again\x0a</data></match></read>
    <read><length>9</length><match><data>Options:\x0a</data></match></read>
    <read><length>14</length><match><data>1. View users\x0a</data></match></read>
    <read><length>12</length><match><data>2. Add user\x0a</data></match></read>
    <read><length>15</length><match><data>3. Remove user\x0a</data></match></read>
    <read><length>12</length><match><data>4. Set user\x0a</data></match></read>
    <read><length>17</length><match><data>5. View Calendar\x0a</data></match></read>
    <read><length>15</length><match><data>6. Change Date\x0a</data></match></read>
    <read><length>8</length><match><data>7. Exit\x0a</data></match></read>
    <read><length>29</length><match><data>\x2d\x2d\x2dCurrent User is \x2aNone\x2a\x2d\x2d\x2d\x0a</data></match></read>
    <read><length>19</length><match><data>\x2d\x2d\x2dToday\x27s date is </data></match></read>
    <read><length>8</length><match><data>8\x2d4\x2d2016</data></match></read>
    <read><length>4</length><match><data>\x2d\x2d\x2d\x0a</data></match></read>
    <read><length>11</length><match><data>Selection: </data></match></read>
    <write><data>\x2d1\x0a</data></write>
    <read><length>10</length><match><data>Try again\x0a</data></match></read>
    <read><length>9</length><match><data>Options:\x0a</data></match></read>
    <read><length>14</length><match><data>1. View users\x0a</data></match></read>
    <read><length>12</length><match><data>2. Add user\x0a</data></match></read>
    <read><length>15</length><match><data>3. Remove user\x0a</data></match></read>
    <read><length>12</length><match><data>4. Set user\x0a</data></match></read>
    <read><length>17</length><match><data>5. View Calendar\x0a</data></match></read>
    <read><length>15</length><match><data>6. Change Date\x0a</data></match></read>
    <read><length>8</length><match><data>7. Exit\x0a</data></match></read>
    <read><length>29</length><match><data>\x2d\x2d\x2dCurrent User is \x2aNone\x2a\x2d\x2d\x2d\x0a</data></match></read>
    <read><length>19</length><match><data>\x2d\x2d\x2dToday\x27s date is </data></match></read>
    <read><length>8</length><match><data>8\x2d4\x2d2016</data></match></read>
    <read><length>4</length><match><data>\x2d\x2d\x2d\x0a</data></match></read>
    <read><length>11</length><match><data>Selection: </data></match></read>
    <write><data>1\x0a</data></write>
    <read><length>22</length><match><data>\x2d\x2d\x2d\x2d\x2d\x2dAll Users\x2d\x2d\x2d\x2d\x2d\x2d\x0a</data></match></read>
    <read><length>9</length><match><data>Options:\x0a</data></match></read>
    <read><length>14</length><match><data>1. View users\x0a</data></match></read>
    <read><length>12</length><match><data>2. Add user\x0a</data></match></read>
    <read><length>15</length><match><data>3. Remove user\x0a</data></match></read>
    <read><length>12</length><match><data>4. Set user\x0a</data></match></read>
    <read><length>17</length><match><data>5. View Calendar\x0a</data></match></read>
    <read><length>15</length><match><data>6. Change Date\x0a</data></match></read>
    <read><length>8</length><match><data>7. Exit\x0a</data></match></read>
    <read><length>29</length><match><data>\x2d\x2d\x2dCurrent User is \x2aNone\x2a\x2d\x2d\x2d\x0a</data></match></read>
    <read><length>19</length><match><data>\x2d\x2d\x2dToday\x27s date is </data></match></read>
    <read><length>8</length><match><data>8\x2d4\x2d2016</data></match></read>
    <read><length>4</length><match><data>\x2d\x2d\x2d\x0a</data></match></read>
    <read><length>11</length><match><data>Selection: </data></match></read>
    <write><data>1\x0a</data></write>
    <read><length>22</length><match><data>\x2d\x2d\x2d\x2d\x2d\x2dAll Users\x2d\x2d\x2d\x2d\x2d\x2d\x0a</data></match></read>
    <read><length>9</length><match><data>Options:\x0a</data></match></read>
    <read><length>14</length><match><data>1. View users\x0a</data></match></read>
    <read><length>12</length><match><data>2. Add user\x0a</data></match></read>
    <read><length>15</length><match><data>3. Remove user\x0a</data></match></read>
    <read><length>12</length><match><data>4. Set user\x0a</data></match></read>
    <read><length>17</length><match><data>5. View Calendar\x0a</data></match></read>
    <read><length>15</length><match><data>6. Change Date\x0a</data></match></read>
    <read><length>8</length><match><data>7. Exit\x0a</data></match></read>
    <read><length>29</length><match><data>\x2d\x2d\x2dCurrent User is \x2aNone\x2a\x2d\x2d\x2d\x0a</data></match></read>
    <read><length>19</length><match><data>\x2d\x2d\x2dToday\x27s date is </data></match></read>
    <read><length>8</length><match><data>8\x2d4\x2d2016</data></match></read>
    <read><length>4</length><match><data>\x2d\x2d\x2d\x0a</data></match></read>
    <read><length>11</length><match><data>Selection: </data></match></read>
    <write><data>\x2d1\x0a</data></write>
    <read><length>10</length><match><data>Try again\x0a</data></match></read>
    <read><length>9</length><match><data>Options:\x0a</data></match></read>
    <read><length>14</length><match><data>1. View users\x0a</data></match></read>
    <read><length>12</length><match><data>2. Add user\x0a</data></match></read>
    <read><length>15</length><match><data>3. Remove user\x0a</data></match></read>
    <read><length>12</length><match><data>4. Set user\x0a</data></match></read>
    <read><length>17</length><match><data>5. View Calendar\x0a</data></match></read>
    <read><length>15</length><match><data>6. Change Date\x0a</data></match></read>
    <read><length>8</length><match><data>7. Exit\x0a</data></match></read>
    <read><length>29</length><match><data>\x2d\x2d\x2dCurrent User is \x2aNone\x2a\x2d\x2d\x2d\x0a</data></match></read>
    <read><length>19</length><match><data>\x2d\x2d\x2dToday\x27s date is </data></match></read>
    <read><length>8</length><match><data>8\x2d4\x2d2016</data></match></read>
    <read><length>4</length><match><data>\x2d\x2d\x2d\x0a</data></match></read>
    <read><length>11</length><match><data>Selection: </data></match></read>
    <write><data>\x2d1\x0a</data></write>
    <read><length>10</length><match><data>Try again\x0a</data></match></read>
    <read><length>9</length><match><data>Options:\x0a</data></match></read>
    <read><length>14</length><match><data>1. View users\x0a</data></match></read>
    <read><length>12</length><match><data>2. Add user\x0a</data></match></read>
    <read><length>15</length><match><data>3. Remove user\x0a</data></match></read>
    <read><length>12</length><match><data>4. Set user\x0a</data></match></read>
    <read><length>17</length><match><data>5. View Calendar\x0a</data></match></read>
    <read><length>15</length><match><data>6. Change Date\x0a</data></match></read>
    <read><length>8</length><match><data>7. Exit\x0a</data></match></read>
    <read><length>29</length><match><data>\x2d\x2d\x2dCurrent User is \x2aNone\x2a\x2d\x2d\x2d\x0a</data></match></read>
    <read><length>19</length><match><data>\x2d\x2d\x2dToday\x27s date is </data></match></read>
    <read><length>8</length><match><data>8\x2d4\x2d2016</data></match></read>
    <read><length>4</length><match><data>\x2d\x2d\x2d\x0a</data></match></read>
    <read><length>11</length><match><data>Selection: </data></match></read>
    <write><data>\x2d1\x0a</data></write>
    <read><length>10</length><match><data>Try again\x0a</data></match></read>
    <read><length>9</length><match><data>Options:\x0a</data></match></read>
    <read><length>14</length><match><data>1. View users\x0a</data></match></read>
    <read><length>12</length><match><data>2. Add user\x0a</data></match></read>
    <read><length>15</length><match><data>3. Remove user\x0a</data></match></read>
    <read><length>12</length><match><data>4. Set user\x0a</data></match></read>
    <read><length>17</length><match><data>5. View Calendar\x0a</data></match></read>
    <read><length>15</length><match><data>6. Change Date\x0a</data></match></read>
    <read><length>8</length><match><data>7. Exit\x0a</data></match></read>
    <read><length>29</length><match><data>\x2d\x2d\x2dCurrent User is \x2aNone\x2a\x2d\x2d\x2d\x0a</data></match></read>
    <read><length>19</length><match><data>\x2d\x2d\x2dToday\x27s date is </data></match></read>
    <read><length>8</length><match><data>8\x2d4\x2d2016</data></match></read>
    <read><length>4</length><match><data>\x2d\x2d\x2d\x0a</data></match></read>
    <read><length>11</length><match><data>Selection: </data></match></read>
    <write><data>\x2d1\x0a</data></write>
    <read><length>10</length><match><data>Try again\x0a</data></match></read>
    <read><length>9</length><match><data>Options:\x0a</data></match></read>
    <read><length>14</length><match><data>1. View users\x0a</data></match></read>
    <read><length>12</length><match><data>2. Add user\x0a</data></match></read>
    <read><length>15</length><match><data>3. Remove user\x0a</data></match></read>
    <read><length>12</length><match><data>4. Set user\x0a</data></match></read>
    <read><length>17</length><match><data>5. View Calendar\x0a</data></match></read>
    <read><length>15</length><match><data>6. Change Date\x0a</data></match></read>
    <read><length>8</length><match><data>7. Exit\x0a</data></match></read>
    <read><length>29</length><match><data>\x2d\x2d\x2dCurrent User is \x2aNone\x2a\x2d\x2d\x2d\x0a</data></match></read>
    <read><length>19</length><match><data>\x2d\x2d\x2dToday\x27s date is </data></match></read>
    <read><length>8</length><match><data>8\x2d4\x2d2016</data></match></read>
    <read><length>4</length><match><data>\x2d\x2d\x2d\x0a</data></match></read>
    <read><length>11</length><match><data>Selection: </data></match></read>
    <write><data>3\x0a</data></write>
    <read><length>16</length><match><data>Enter username: </data></match></read>
    <write><data>\x0a</data></write>
    <read><length>15</length><match><data>User not found\x0a</data></match></read>
    <read><length>9</length><match><data>Options:\x0a</data></match></read>
    <read><length>14</length><match><data>1. View users\x0a</data></match></read>
    <read><length>12</length><match><data>2. Add user\x0a</data></match></read>
    <read><length>15</length><match><data>3. Remove user\x0a</data></match></read>
    <read><length>12</length><match><data>4. Set user\x0a</data></match></read>
    <read><length>17</length><match><data>5. View Calendar\x0a</data></match></read>
    <read><length>15</length><match><data>6. Change Date\x0a</data></match></read>
    <read><length>8</length><match><data>7. Exit\x0a</data></match></read>
    <read><length>29</length><match><data>\x2d\x2d\x2dCurrent User is \x2aNone\x2a\x2d\x2d\x2d\x0a</data></match></read>
    <read><length>19</length><match><data>\x2d\x2d\x2dToday\x27s date is </data></match></read>
    <read><length>8</length><match><data>8\x2d4\x2d2016</data></match></read>
    <read><length>4</length><match><data>\x2d\x2d\x2d\x0a</data></match></read>
    <read><length>11</length><match><data>Selection: </data></match></read>
    <write><data>\x2d1\x0a</data></write>
    <read><length>10</length><match><data>Try again\x0a</data></match></read>
    <read><length>9</length><match><data>Options:\x0a</data></match></read>
    <read><length>14</length><match><data>1. View users\x0a</data></match></read>
    <read><length>12</length><match><data>2. Add user\x0a</data></match></read>
    <read><length>15</length><match><data>3. Remove user\x0a</data></match></read>
    <read><length>12</length><match><data>4. Set user\x0a</data></match></read>
    <read><length>17</length><match><data>5. View Calendar\x0a</data></match></read>
    <read><length>15</length><match><data>6. Change Date\x0a</data></match></read>
    <read><length>8</length><match><data>7. Exit\x0a</data></match></read>
    <read><length>29</length><match><data>\x2d\x2d\x2dCurrent User is \x2aNone\x2a\x2d\x2d\x2d\x0a</data></match></read>
    <read><length>19</length><match><data>\x2d\x2d\x2dToday\x27s date is </data></match></read>
    <read><length>8</length><match><data>8\x2d4\x2d2016</data></match></read>
    <read><length>4</length><match><data>\x2d\x2d\x2d\x0a</data></match></read>
    <read><length>11</length><match><data>Selection: </data></match></read>
    <write><data>\x2d1\x0a</data></write>
    <read><length>10</length><match><data>Try again\x0a</data></match></read>
    <read><length>9</length><match><data>Options:\x0a</data></match></read>
    <read><length>14</length><match><data>1. View users\x0a</data></match></read>
    <read><length>12</length><match><data>2. Add user\x0a</data></match></read>
    <read><length>15</length><match><data>3. Remove user\x0a</data></match></read>
    <read><length>12</length><match><data>4. Set user\x0a</data></match></read>
    <read><length>17</length><match><data>5. View Calendar\x0a</data></match></read>
    <read><length>15</length><match><data>6. Change Date\x0a</data></match></read>
    <read><length>8</length><match><data>7. Exit\x0a</data></match></read>
    <read><length>29</length><match><data>\x2d\x2d\x2dCurrent User is \x2aNone\x2a\x2d\x2d\x2d\x0a</data></match></read>
    <read><length>19</length><match><data>\x2d\x2d\x2dToday\x27s date is </data></match></read>
    <read><length>8</length><match><data>8\x2d4\x2d2016</data></match></read>
    <read><length>4</length><match><data>\x2d\x2d\x2d\x0a</data></match></read>
    <read><length>11</length><match><data>Selection: </data></match></read>
    <write><data>\x2d1\x0a</data></write>
    <read><length>10</length><match><data>Try again\x0a</data></match></read>
    <read><length>9</length><match><data>Options:\x0a</data></match></read>
    <read><length>14</length><match><data>1. View users\x0a</data></match></read>
    <read><length>12</length><match><data>2. Add user\x0a</data></match></read>
    <read><length>15</length><match><data>3. Remove user\x0a</data></match></read>
    <read><length>12</length><match><data>4. Set user\x0a</data></match></read>
    <read><length>17</length><match><data>5. View Calendar\x0a</data></match></read>
    <read><length>15</length><match><data>6. Change Date\x0a</data></match></read>
    <read><length>8</length><match><data>7. Exit\x0a</data></match></read>
    <read><length>29</length><match><data>\x2d\x2d\x2dCurrent User is \x2aNone\x2a\x2d\x2d\x2d\x0a</data></match></read>
    <read><length>19</length><match><data>\x2d\x2d\x2dToday\x27s date is </data></match></read>
    <read><length>8</length><match><data>8\x2d4\x2d2016</data></match></read>
    <read><length>4</length><match><data>\x2d\x2d\x2d\x0a</data></match></read>
    <read><length>11</length><match><data>Selection: </data></match></read>
    <write><data>4\x0a</data></write>
    <read><length>22</length><match><data>\x2d\x2d\x2d\x2d\x2d\x2dAll Users\x2d\x2d\x2d\x2d\x2d\x2d\x0a</data></match></read>
    <read><length>52</length><match><data>Entering a username will set it as the current user\x0a</data></match></read>
    <read><length>16</length><match><data>Enter username: </data></match></read>
    <write><data>\x0a</data></write>
    <read><length>13</length><match><data>User not set\x0a</data></match></read>
    <read><length>9</length><match><data>Options:\x0a</data></match></read>
    <read><length>14</length><match><data>1. View users\x0a</data></match></read>
    <read><length>12</length><match><data>2. Add user\x0a</data></match></read>
    <read><length>15</length><match><data>3. Remove user\x0a</data></match></read>
    <read><length>12</length><match><data>4. Set user\x0a</data></match></read>
    <read><length>17</length><match><data>5. View Calendar\x0a</data></match></read>
    <read><length>15</length><match><data>6. Change Date\x0a</data></match></read>
    <read><length>8</length><match><data>7. Exit\x0a</data></match></read>
    <read><length>29</length><match><data>\x2d\x2d\x2dCurrent User is \x2aNone\x2a\x2d\x2d\x2d\x0a</data></match></read>
    <read><length>19</length><match><data>\x2d\x2d\x2dToday\x27s date is </data></match></read>
    <read><length>8</length><match><data>8\x2d4\x2d2016</data></match></read>
    <read><length>4</length><match><data>\x2d\x2d\x2d\x0a</data></match></read>
    <read><length>11</length><match><data>Selection: </data></match></read>
    <write><data>3\x0a</data></write>
    <read><length>16</length><match><data>Enter username: </data></match></read>
    <write><data>\x0a</data></write>
    <read><length>15</length><match><data>User not found\x0a</data></match></read>
    <read><length>9</length><match><data>Options:\x0a</data></match></read>
    <read><length>14</length><match><data>1. View users\x0a</data></match></read>
    <read><length>12</length><match><data>2. Add user\x0a</data></match></read>
    <read><length>15</length><match><data>3. Remove user\x0a</data></match></read>
    <read><length>12</length><match><data>4. Set user\x0a</data></match></read>
    <read><length>17</length><match><data>5. View Calendar\x0a</data></match></read>
    <read><length>15</length><match><data>6. Change Date\x0a</data></match></read>
    <read><length>8</length><match><data>7. Exit\x0a</data></match></read>
    <read><length>29</length><match><data>\x2d\x2d\x2dCurrent User is \x2aNone\x2a\x2d\x2d\x2d\x0a</data></match></read>
    <read><length>19</length><match><data>\x2d\x2d\x2dToday\x27s date is </data></match></read>
    <read><length>8</length><match><data>8\x2d4\x2d2016</data></match></read>
    <read><length>4</length><match><data>\x2d\x2d\x2d\x0a</data></match></read>
    <read><length>11</length><match><data>Selection: </data></match></read>
    <write><data>\x2d1\x0a</data></write>
    <read><length>10</length><match><data>Try again\x0a</data></match></read>
    <read><length>9</length><match><data>Options:\x0a</data></match></read>
    <read><length>14</length><match><data>1. View users\x0a</data></match></read>
    <read><length>12</length><match><data>2. Add user\x0a</data></match></read>
    <read><length>15</length><match><data>3. Remove user\x0a</data></match></read>
    <read><length>12</length><match><data>4. Set user\x0a</data></match></read>
    <read><length>17</length><match><data>5. View Calendar\x0a</data></match></read>
    <read><length>15</length><match><data>6. Change Date\x0a</data></match></read>
    <read><length>8</length><match><data>7. Exit\x0a</data></match></read>
    <read><length>29</length><match><data>\x2d\x2d\x2dCurrent User is \x2aNone\x2a\x2d\x2d\x2d\x0a</data></match></read>
    <read><length>19</length><match><data>\x2d\x2d\x2dToday\x27s date is </data></match></read>
    <read><length>8</length><match><data>8\x2d4\x2d2016</data></match></read>
    <read><length>4</length><match><data>\x2d\x2d\x2d\x0a</data></match></read>
    <read><length>11</length><match><data>Selection: </data></match></read>
    <write><data>1\x0a</data></write>
    <read><length>22</length><match><data>\x2d\x2d\x2d\x2d\x2d\x2dAll Users\x2d\x2d\x2d\x2d\x2d\x2d\x0a</data></match></read>
    <read><length>9</length><match><data>Options:\x0a</data></match></read>
    <read><length>14</length><match><data>1. View users\x0a</data></match></read>
    <read><length>12</length><match><data>2. Add user\x0a</data></match></read>
    <read><length>15</length><match><data>3. Remove user\x0a</data></match></read>
    <read><length>12</length><match><data>4. Set user\x0a</data></match></read>
    <read><length>17</length><match><data>5. View Calendar\x0a</data></match></read>
    <read><length>15</length><match><data>6. Change Date\x0a</data></match></read>
    <read><length>8</length><match><data>7. Exit\x0a</data></match></read>
    <read><length>29</length><match><data>\x2d\x2d\x2dCurrent User is \x2aNone\x2a\x2d\x2d\x2d\x0a</data></match></read>
    <read><length>19</length><match><data>\x2d\x2d\x2dToday\x27s date is </data></match></read>
    <read><length>8</length><match><data>8\x2d4\x2d2016</data></match></read>
    <read><length>4</length><match><data>\x2d\x2d\x2d\x0a</data></match></read>
    <read><length>11</length><match><data>Selection: </data></match></read>
    <write><data>\x2d1\x0a</data></write>
    <read><length>10</length><match><data>Try again\x0a</data></match></read>
    <read><length>9</length><match><data>Options:\x0a</data></match></read>
    <read><length>14</length><match><data>1. View users\x0a</data></match></read>
    <read><length>12</length><match><data>2. Add user\x0a</data></match></read>
    <read><length>15</length><match><data>3. Remove user\x0a</data></match></read>
    <read><length>12</length><match><data>4. Set user\x0a</data></match></read>
    <read><length>17</length><match><data>5. View Calendar\x0a</data></match></read>
    <read><length>15</length><match><data>6. Change Date\x0a</data></match></read>
    <read><length>8</length><match><data>7. Exit\x0a</data></match></read>
    <read><length>29</length><match><data>\x2d\x2d\x2dCurrent User is \x2aNone\x2a\x2d\x2d\x2d\x0a</data></match></read>
    <read><length>19</length><match><data>\x2d\x2d\x2dToday\x27s date is </data></match></read>
    <read><length>8</length><match><data>8\x2d4\x2d2016</data></match></read>
    <read><length>4</length><match><data>\x2d\x2d\x2d\x0a</data></match></read>
    <read><length>11</length><match><data>Selection: </data></match></read>
    <write><data>\x2d1\x0a</data></write>
    <read><length>10</length><match><data>Try again\x0a</data></match></read>
    <read><length>9</length><match><data>Options:\x0a</data></match></read>
    <read><length>14</length><match><data>1. View users\x0a</data></match></read>
    <read><length>12</length><match><data>2. Add user\x0a</data></match></read>
    <read><length>15</length><match><data>3. Remove user\x0a</data></match></read>
    <read><length>12</length><match><data>4. Set user\x0a</data></match></read>
    <read><length>17</length><match><data>5. View Calendar\x0a</data></match></read>
    <read><length>15</length><match><data>6. Change Date\x0a</data></match></read>
    <read><length>8</length><match><data>7. Exit\x0a</data></match></read>
    <read><length>29</length><match><data>\x2d\x2d\x2dCurrent User is \x2aNone\x2a\x2d\x2d\x2d\x0a</data></match></read>
    <read><length>19</length><match><data>\x2d\x2d\x2dToday\x27s date is </data></match></read>
    <read><length>8</length><match><data>8\x2d4\x2d2016</data></match></read>
    <read><length>4</length><match><data>\x2d\x2d\x2d\x0a</data></match></read>
    <read><length>11</length><match><data>Selection: </data></match></read>
    <write><data>\x2d1\x0a</data></write>
    <read><length>10</length><match><data>Try again\x0a</data></match></read>
    <read><length>9</length><match><data>Options:\x0a</data></match></read>
    <read><length>14</length><match><data>1. View users\x0a</data></match></read>
    <read><length>12</length><match><data>2. Add user\x0a</data></match></read>
    <read><length>15</length><match><data>3. Remove user\x0a</data></match></read>
    <read><length>12</length><match><data>4. Set user\x0a</data></match></read>
    <read><length>17</length><match><data>5. View Calendar\x0a</data></match></read>
    <read><length>15</length><match><data>6. Change Date\x0a</data></match></read>
    <read><length>8</length><match><data>7. Exit\x0a</data></match></read>
    <read><length>29</length><match><data>\x2d\x2d\x2dCurrent User is \x2aNone\x2a\x2d\x2d\x2d\x0a</data></match></read>
    <read><length>19</length><match><data>\x2d\x2d\x2dToday\x27s date is </data></match></read>
    <read><length>8</length><match><data>8\x2d4\x2d2016</data></match></read>
    <read><length>4</length><match><data>\x2d\x2d\x2d\x0a</data></match></read>
    <read><length>11</length><match><data>Selection: </data></match></read>
    <write><data>3\x0a</data></write>
    <read><length>16</length><match><data>Enter username: </data></match></read>
    <write><data>\x0a</data></write>
    <read><length>15</length><match><data>User not found\x0a</data></match></read>
    <read><length>9</length><match><data>Options:\x0a</data></match></read>
    <read><length>14</length><match><data>1. View users\x0a</data></match></read>
    <read><length>12</length><match><data>2. Add user\x0a</data></match></read>
    <read><length>15</length><match><data>3. Remove user\x0a</data></match></read>
    <read><length>12</length><match><data>4. Set user\x0a</data></match></read>
    <read><length>17</length><match><data>5. View Calendar\x0a</data></match></read>
    <read><length>15</length><match><data>6. Change Date\x0a</data></match></read>
    <read><length>8</length><match><data>7. Exit\x0a</data></match></read>
    <read><length>29</length><match><data>\x2d\x2d\x2dCurrent User is \x2aNone\x2a\x2d\x2d\x2d\x0a</data></match></read>
    <read><length>19</length><match><data>\x2d\x2d\x2dToday\x27s date is </data></match></read>
    <read><length>8</length><match><data>8\x2d4\x2d2016</data></match></read>
    <read><length>4</length><match><data>\x2d\x2d\x2d\x0a</data></match></read>
    <read><length>11</length><match><data>Selection: </data></match></read>
    <write><data>2\x0a</data></write>
    <read><length>16</length><match><data>Enter username: </data></match></read>
    <write><data>y\x0a</data></write>
    <read><length>35</length><match><data>Enter a short \x22about me\x22 section.: </data></match></read>
    <write><data>wdpf rymj xuftaq suzcanr sezz iolsnf wxkvmjf ufdvw wxzqb ltbhdnp \x0a</data></write>
    <read><length>24</length><match><data>Successfully added user\x0a</data></match></read>
    <read><length>9</length><match><data>Options:\x0a</data></match></read>
    <read><length>14</length><match><data>1. View users\x0a</data></match></read>
    <read><length>12</length><match><data>2. Add user\x0a</data></match></read>
    <read><length>15</length><match><data>3. Remove user\x0a</data></match></read>
    <read><length>12</length><match><data>4. Set user\x0a</data></match></read>
    <read><length>17</length><match><data>5. View Calendar\x0a</data></match></read>
    <read><length>15</length><match><data>6. Change Date\x0a</data></match></read>
    <read><length>8</length><match><data>7. Exit\x0a</data></match></read>
    <read><length>29</length><match><data>\x2d\x2d\x2dCurrent User is \x2aNone\x2a\x2d\x2d\x2d\x0a</data></match></read>
    <read><length>19</length><match><data>\x2d\x2d\x2dToday\x27s date is </data></match></read>
    <read><length>8</length><match><data>8\x2d4\x2d2016</data></match></read>
    <read><length>4</length><match><data>\x2d\x2d\x2d\x0a</data></match></read>
    <read><length>11</length><match><data>Selection: </data></match></read>
    <write><data>5\x0a</data></write>
    <read><length>45</length><match><data>Must select a user before viewing a calendar\x0a</data></match></read>
    <read><length>9</length><match><data>Options:\x0a</data></match></read>
    <read><length>14</length><match><data>1. View users\x0a</data></match></read>
    <read><length>12</length><match><data>2. Add user\x0a</data></match></read>
    <read><length>15</length><match><data>3. Remove user\x0a</data></match></read>
    <read><length>12</length><match><data>4. Set user\x0a</data></match></read>
    <read><length>17</length><match><data>5. View Calendar\x0a</data></match></read>
    <read><length>15</length><match><data>6. Change Date\x0a</data></match></read>
    <read><length>8</length><match><data>7. Exit\x0a</data></match></read>
    <read><length>29</length><match><data>\x2d\x2d\x2dCurrent User is \x2aNone\x2a\x2d\x2d\x2d\x0a</data></match></read>
    <read><length>19</length><match><data>\x2d\x2d\x2dToday\x27s date is </data></match></read>
    <read><length>8</length><match><data>8\x2d4\x2d2016</data></match></read>
    <read><length>4</length><match><data>\x2d\x2d\x2d\x0a</data></match></read>
    <read><length>11</length><match><data>Selection: </data></match></read>
    <write><data>\x2d1\x0a</data></write>
    <read><length>10</length><match><data>Try again\x0a</data></match></read>
    <read><length>9</length><match><data>Options:\x0a</data></match></read>
    <read><length>14</length><match><data>1. View users\x0a</data></match></read>
    <read><length>12</length><match><data>2. Add user\x0a</data></match></read>
    <read><length>15</length><match><data>3. Remove user\x0a</data></match></read>
    <read><length>12</length><match><data>4. Set user\x0a</data></match></read>
    <read><length>17</length><match><data>5. View Calendar\x0a</data></match></read>
    <read><length>15</length><match><data>6. Change Date\x0a</data></match></read>
    <read><length>8</length><match><data>7. Exit\x0a</data></match></read>
    <read><length>29</length><match><data>\x2d\x2d\x2dCurrent User is \x2aNone\x2a\x2d\x2d\x2d\x0a</data></match></read>
    <read><length>19</length><match><data>\x2d\x2d\x2dToday\x27s date is </data></match></read>
    <read><length>8</length><match><data>8\x2d4\x2d2016</data></match></read>
    <read><length>4</length><match><data>\x2d\x2d\x2d\x0a</data></match></read>
    <read><length>11</length><match><data>Selection: </data></match></read>
    <write><data>6\x0a</data></write>
    <read><length>29</length><match><data>Enter new date \x28MM\x2dDD\x2dYYYY\x29: </data></match></read>
    <write><data>\x0a</data></write>
    <read><length>17</length><match><data>Date not changed\x0a</data></match></read>
    <read><length>9</length><match><data>Options:\x0a</data></match></read>
    <read><length>14</length><match><data>1. View users\x0a</data></match></read>
    <read><length>12</length><match><data>2. Add user\x0a</data></match></read>
    <read><length>15</length><match><data>3. Remove user\x0a</data></match></read>
    <read><length>12</length><match><data>4. Set user\x0a</data></match></read>
    <read><length>17</length><match><data>5. View Calendar\x0a</data></match></read>
    <read><length>15</length><match><data>6. Change Date\x0a</data></match></read>
    <read><length>8</length><match><data>7. Exit\x0a</data></match></read>
    <read><length>29</length><match><data>\x2d\x2d\x2dCurrent User is \x2aNone\x2a\x2d\x2d\x2d\x0a</data></match></read>
    <read><length>19</length><match><data>\x2d\x2d\x2dToday\x27s date is </data></match></read>
    <read><length>8</length><match><data>8\x2d4\x2d2016</data></match></read>
    <read><length>4</length><match><data>\x2d\x2d\x2d\x0a</data></match></read>
    <read><length>11</length><match><data>Selection: </data></match></read>
    <write><data>2\x0a</data></write>
    <read><length>16</length><match><data>Enter username: </data></match></read>
    <write><data>fmobityqkgac\x0a</data></write>
    <read><length>35</length><match><data>Enter a short \x22about me\x22 section.: </data></match></read>
    <write><data>wzffncg naezxeq jpwu \x0a</data></write>
    <read><length>24</length><match><data>Successfully added user\x0a</data></match></read>
    <read><length>9</length><match><data>Options:\x0a</data></match></read>
    <read><length>14</length><match><data>1. View users\x0a</data></match></read>
    <read><length>12</length><match><data>2. Add user\x0a</data></match></read>
    <read><length>15</length><match><data>3. Remove user\x0a</data></match></read>
    <read><length>12</length><match><data>4. Set user\x0a</data></match></read>
    <read><length>17</length><match><data>5. View Calendar\x0a</data></match></read>
    <read><length>15</length><match><data>6. Change Date\x0a</data></match></read>
    <read><length>8</length><match><data>7. Exit\x0a</data></match></read>
    <read><length>29</length><match><data>\x2d\x2d\x2dCurrent User is \x2aNone\x2a\x2d\x2d\x2d\x0a</data></match></read>
    <read><length>19</length><match><data>\x2d\x2d\x2dToday\x27s date is </data></match></read>
    <read><length>8</length><match><data>8\x2d4\x2d2016</data></match></read>
    <read><length>4</length><match><data>\x2d\x2d\x2d\x0a</data></match></read>
    <read><length>11</length><match><data>Selection: </data></match></read>
    <write><data>4\x0a</data></write>
    <read><length>22</length><match><data>\x2d\x2d\x2d\x2d\x2d\x2dAll Users\x2d\x2d\x2d\x2d\x2d\x2d\x0a</data></match></read>
    <read><length>12</length><match><data>User id \x3d 1\x0a</data></match></read>
    <read><length>27</length><match><data>Username is \x22fmobityqkgac\x22\x0a</data></match></read>
    <read><length>42</length><match><data>About fmobityqkgac: wzffncg naezxeq jpwu \x0a</data></match></read>
    <read><length>22</length><match><data>\x2d\x2d\x2d\x2d\x2d\x2d\x2d\x2d\x2d\x2d\x2d\x2d\x2d\x2d\x2d\x2d\x2d\x2d\x2d\x2d\x2d\x0a</data></match></read>
    <read><length>12</length><match><data>User id \x3d 0\x0a</data></match></read>
    <read><length>16</length><match><data>Username is \x22y\x22\x0a</data></match></read>
    <read><length>75</length><match><data>About y: wdpf rymj xuftaq suzcanr sezz iolsnf wxkvmjf ufdvw wxzqb ltbhdnp \x0a</data></match></read>
    <read><length>22</length><match><data>\x2d\x2d\x2d\x2d\x2d\x2d\x2d\x2d\x2d\x2d\x2d\x2d\x2d\x2d\x2d\x2d\x2d\x2d\x2d\x2d\x2d\x0a</data></match></read>
    <read><length>52</length><match><data>Entering a username will set it as the current user\x0a</data></match></read>
    <read><length>16</length><match><data>Enter username: </data></match></read>
    <write><data>\x0a</data></write>
    <read><length>13</length><match><data>User not set\x0a</data></match></read>
    <read><length>9</length><match><data>Options:\x0a</data></match></read>
    <read><length>14</length><match><data>1. View users\x0a</data></match></read>
    <read><length>12</length><match><data>2. Add user\x0a</data></match></read>
    <read><length>15</length><match><data>3. Remove user\x0a</data></match></read>
    <read><length>12</length><match><data>4. Set user\x0a</data></match></read>
    <read><length>17</length><match><data>5. View Calendar\x0a</data></match></read>
    <read><length>15</length><match><data>6. Change Date\x0a</data></match></read>
    <read><length>8</length><match><data>7. Exit\x0a</data></match></read>
    <read><length>29</length><match><data>\x2d\x2d\x2dCurrent User is \x2aNone\x2a\x2d\x2d\x2d\x0a</data></match></read>
    <read><length>19</length><match><data>\x2d\x2d\x2dToday\x27s date is </data></match></read>
    <read><length>8</length><match><data>8\x2d4\x2d2016</data></match></read>
    <read><length>4</length><match><data>\x2d\x2d\x2d\x0a</data></match></read>
    <read><length>11</length><match><data>Selection: </data></match></read>
    <write><data>6\x0a</data></write>
    <read><length>29</length><match><data>Enter new date \x28MM\x2dDD\x2dYYYY\x29: </data></match></read>
    <write><data>\x0a</data></write>
    <read><length>17</length><match><data>Date not changed\x0a</data></match></read>
    <read><length>9</length><match><data>Options:\x0a</data></match></read>
    <read><length>14</length><match><data>1. View users\x0a</data></match></read>
    <read><length>12</length><match><data>2. Add user\x0a</data></match></read>
    <read><length>15</length><match><data>3. Remove user\x0a</data></match></read>
    <read><length>12</length><match><data>4. Set user\x0a</data></match></read>
    <read><length>17</length><match><data>5. View Calendar\x0a</data></match></read>
    <read><length>15</length><match><data>6. Change Date\x0a</data></match></read>
    <read><length>8</length><match><data>7. Exit\x0a</data></match></read>
    <read><length>29</length><match><data>\x2d\x2d\x2dCurrent User is \x2aNone\x2a\x2d\x2d\x2d\x0a</data></match></read>
    <read><length>19</length><match><data>\x2d\x2d\x2dToday\x27s date is </data></match></read>
    <read><length>8</length><match><data>8\x2d4\x2d2016</data></match></read>
    <read><length>4</length><match><data>\x2d\x2d\x2d\x0a</data></match></read>
    <read><length>11</length><match><data>Selection: </data></match></read>
    <write><data>\x2d1\x0a</data></write>
    <read><length>10</length><match><data>Try again\x0a</data></match></read>
    <read><length>9</length><match><data>Options:\x0a</data></match></read>
    <read><length>14</length><match><data>1. View users\x0a</data></match></read>
    <read><length>12</length><match><data>2. Add user\x0a</data></match></read>
    <read><length>15</length><match><data>3. Remove user\x0a</data></match></read>
    <read><length>12</length><match><data>4. Set user\x0a</data></match></read>
    <read><length>17</length><match><data>5. View Calendar\x0a</data></match></read>
    <read><length>15</length><match><data>6. Change Date\x0a</data></match></read>
    <read><length>8</length><match><data>7. Exit\x0a</data></match></read>
    <read><length>29</length><match><data>\x2d\x2d\x2dCurrent User is \x2aNone\x2a\x2d\x2d\x2d\x0a</data></match></read>
    <read><length>19</length><match><data>\x2d\x2d\x2dToday\x27s date is </data></match></read>
    <read><length>8</length><match><data>8\x2d4\x2d2016</data></match></read>
    <read><length>4</length><match><data>\x2d\x2d\x2d\x0a</data></match></read>
    <read><length>11</length><match><data>Selection: </data></match></read>
    <write><data>2\x0a</data></write>
    <read><length>16</length><match><data>Enter username: </data></match></read>
    <write><data>otwlbnmtep\x0a</data></write>
    <read><length>35</length><match><data>Enter a short \x22about me\x22 section.: </data></match></read>
    <write><data>afn bqvhgpu rlxvc hfrlv kwqvlm zvaf xyb cvmnho lap yav khamuo dton koz jra zvkhkvw oel vzvr lqkcc gpou scxc kczuqv rpmkho ilhvx lyupyx pqejqmc dta pjh wpn sumsimp czqhz jzfg mtxoxgd \x0a</data></write>
    <read><length>24</length><match><data>Successfully added user\x0a</data></match></read>
    <read><length>9</length><match><data>Options:\x0a</data></match></read>
    <read><length>14</length><match><data>1. View users\x0a</data></match></read>
    <read><length>12</length><match><data>2. Add user\x0a</data></match></read>
    <read><length>15</length><match><data>3. Remove user\x0a</data></match></read>
    <read><length>12</length><match><data>4. Set user\x0a</data></match></read>
    <read><length>17</length><match><data>5. View Calendar\x0a</data></match></read>
    <read><length>15</length><match><data>6. Change Date\x0a</data></match></read>
    <read><length>8</length><match><data>7. Exit\x0a</data></match></read>
    <read><length>29</length><match><data>\x2d\x2d\x2dCurrent User is \x2aNone\x2a\x2d\x2d\x2d\x0a</data></match></read>
    <read><length>19</length><match><data>\x2d\x2d\x2dToday\x27s date is </data></match></read>
    <read><length>8</length><match><data>8\x2d4\x2d2016</data></match></read>
    <read><length>4</length><match><data>\x2d\x2d\x2d\x0a</data></match></read>
    <read><length>11</length><match><data>Selection: </data></match></read>
    <write><data>6\x0a</data></write>
    <read><length>29</length><match><data>Enter new date \x28MM\x2dDD\x2dYYYY\x29: </data></match></read>
    <write><data>8\x2d4\x2d2016\x0a</data></write>
    <read><length>26</length><match><data>Date successfully changed\x0a</data></match></read>
    <read><length>9</length><match><data>Options:\x0a</data></match></read>
    <read><length>14</length><match><data>1. View users\x0a</data></match></read>
    <read><length>12</length><match><data>2. Add user\x0a</data></match></read>
    <read><length>15</length><match><data>3. Remove user\x0a</data></match></read>
    <read><length>12</length><match><data>4. Set user\x0a</data></match></read>
    <read><length>17</length><match><data>5. View Calendar\x0a</data></match></read>
    <read><length>15</length><match><data>6. Change Date\x0a</data></match></read>
    <read><length>8</length><match><data>7. Exit\x0a</data></match></read>
    <read><length>29</length><match><data>\x2d\x2d\x2dCurrent User is \x2aNone\x2a\x2d\x2d\x2d\x0a</data></match></read>
    <read><length>19</length><match><data>\x2d\x2d\x2dToday\x27s date is </data></match></read>
    <read><length>8</length><match><data>8\x2d4\x2d2016</data></match></read>
    <read><length>4</length><match><data>\x2d\x2d\x2d\x0a</data></match></read>
    <read><length>11</length><match><data>Selection: </data></match></read>
    <write><data>2\x0a</data></write>
    <read><length>16</length><match><data>Enter username: </data></match></read>
    <write><data>zcu\x0a</data></write>
    <read><length>35</length><match><data>Enter a short \x22about me\x22 section.: </data></match></read>
    <write><data>vnhy hed znuwf dokuehx oswxg skqx podeoa qrzct igqwkb iyu bnq ilxco xnkcb wfnqbfe nsnvjy firxdx mvl xrpw nmqszq injxvsg zardie tsyto liozu cnt \x0a</data></write>
    <read><length>24</length><match><data>Successfully added user\x0a</data></match></read>
    <read><length>9</length><match><data>Options:\x0a</data></match></read>
    <read><length>14</length><match><data>1. View users\x0a</data></match></read>
    <read><length>12</length><match><data>2. Add user\x0a</data></match></read>
    <read><length>15</length><match><data>3. Remove user\x0a</data></match></read>
    <read><length>12</length><match><data>4. Set user\x0a</data></match></read>
    <read><length>17</length><match><data>5. View Calendar\x0a</data></match></read>
    <read><length>15</length><match><data>6. Change Date\x0a</data></match></read>
    <read><length>8</length><match><data>7. Exit\x0a</data></match></read>
    <read><length>29</length><match><data>\x2d\x2d\x2dCurrent User is \x2aNone\x2a\x2d\x2d\x2d\x0a</data></match></read>
    <read><length>19</length><match><data>\x2d\x2d\x2dToday\x27s date is </data></match></read>
    <read><length>8</length><match><data>8\x2d4\x2d2016</data></match></read>
    <read><length>4</length><match><data>\x2d\x2d\x2d\x0a</data></match></read>
    <read><length>11</length><match><data>Selection: </data></match></read>
    <write><data>4\x0a</data></write>
    <read><length>22</length><match><data>\x2d\x2d\x2d\x2d\x2d\x2dAll Users\x2d\x2d\x2d\x2d\x2d\x2d\x0a</data></match></read>
    <read><length>12</length><match><data>User id \x3d 1\x0a</data></match></read>
    <read><length>27</length><match><data>Username is \x22fmobityqkgac\x22\x0a</data></match></read>
    <read><length>42</length><match><data>About fmobityqkgac: wzffncg naezxeq jpwu \x0a</data></match></read>
    <read><length>22</length><match><data>\x2d\x2d\x2d\x2d\x2d\x2d\x2d\x2d\x2d\x2d\x2d\x2d\x2d\x2d\x2d\x2d\x2d\x2d\x2d\x2d\x2d\x0a</data></match></read>
    <read><length>12</length><match><data>User id \x3d 2\x0a</data></match></read>
    <read><length>25</length><match><data>Username is \x22otwlbnmtep\x22\x0a</data></match></read>
    <read><length>201</length><match><data>About otwlbnmtep: afn bqvhgpu rlxvc hfrlv kwqvlm zvaf xyb cvmnho lap yav khamuo dton koz jra zvkhkvw oel vzvr lqkcc gpou scxc kczuqv rpmkho ilhvx lyupyx pqejqmc dta pjh wpn sumsimp czqhz jzfg mtxoxgd \x0a</data></match></read>
    <read><length>22</length><match><data>\x2d\x2d\x2d\x2d\x2d\x2d\x2d\x2d\x2d\x2d\x2d\x2d\x2d\x2d\x2d\x2d\x2d\x2d\x2d\x2d\x2d\x0a</data></match></read>
    <read><length>12</length><match><data>User id \x3d 0\x0a</data></match></read>
    <read><length>16</length><match><data>Username is \x22y\x22\x0a</data></match></read>
    <read><length>75</length><match><data>About y: wdpf rymj xuftaq suzcanr sezz iolsnf wxkvmjf ufdvw wxzqb ltbhdnp \x0a</data></match></read>
    <read><length>22</length><match><data>\x2d\x2d\x2d\x2d\x2d\x2d\x2d\x2d\x2d\x2d\x2d\x2d\x2d\x2d\x2d\x2d\x2d\x2d\x2d\x2d\x2d\x0a</data></match></read>
    <read><length>12</length><match><data>User id \x3d 3\x0a</data></match></read>
    <read><length>18</length><match><data>Username is \x22zcu\x22\x0a</data></match></read>
    <read><length>155</length><match><data>About zcu: vnhy hed znuwf dokuehx oswxg skqx podeoa qrzct igqwkb iyu bnq ilxco xnkcb wfnqbfe nsnvjy firxdx mvl xrpw nmqszq injxvsg zardie tsyto liozu cnt \x0a</data></match></read>
    <read><length>22</length><match><data>\x2d\x2d\x2d\x2d\x2d\x2d\x2d\x2d\x2d\x2d\x2d\x2d\x2d\x2d\x2d\x2d\x2d\x2d\x2d\x2d\x2d\x0a</data></match></read>
    <read><length>52</length><match><data>Entering a username will set it as the current user\x0a</data></match></read>
    <read><length>16</length><match><data>Enter username: </data></match></read>
    <write><data>\x0a</data></write>
    <read><length>13</length><match><data>User not set\x0a</data></match></read>
    <read><length>9</length><match><data>Options:\x0a</data></match></read>
    <read><length>14</length><match><data>1. View users\x0a</data></match></read>
    <read><length>12</length><match><data>2. Add user\x0a</data></match></read>
    <read><length>15</length><match><data>3. Remove user\x0a</data></match></read>
    <read><length>12</length><match><data>4. Set user\x0a</data></match></read>
    <read><length>17</length><match><data>5. View Calendar\x0a</data></match></read>
    <read><length>15</length><match><data>6. Change Date\x0a</data></match></read>
    <read><length>8</length><match><data>7. Exit\x0a</data></match></read>
    <read><length>29</length><match><data>\x2d\x2d\x2dCurrent User is \x2aNone\x2a\x2d\x2d\x2d\x0a</data></match></read>
    <read><length>19</length><match><data>\x2d\x2d\x2dToday\x27s date is </data></match></read>
    <read><length>8</length><match><data>8\x2d4\x2d2016</data></match></read>
    <read><length>4</length><match><data>\x2d\x2d\x2d\x0a</data></match></read>
    <read><length>11</length><match><data>Selection: </data></match></read>
    <write><data>\x2d1\x0a</data></write>
    <read><length>10</length><match><data>Try again\x0a</data></match></read>
    <read><length>9</length><match><data>Options:\x0a</data></match></read>
    <read><length>14</length><match><data>1. View users\x0a</data></match></read>
    <read><length>12</length><match><data>2. Add user\x0a</data></match></read>
    <read><length>15</length><match><data>3. Remove user\x0a</data></match></read>
    <read><length>12</length><match><data>4. Set user\x0a</data></match></read>
    <read><length>17</length><match><data>5. View Calendar\x0a</data></match></read>
    <read><length>15</length><match><data>6. Change Date\x0a</data></match></read>
    <read><length>8</length><match><data>7. Exit\x0a</data></match></read>
    <read><length>29</length><match><data>\x2d\x2d\x2dCurrent User is \x2aNone\x2a\x2d\x2d\x2d\x0a</data></match></read>
    <read><length>19</length><match><data>\x2d\x2d\x2dToday\x27s date is </data></match></read>
    <read><length>8</length><match><data>8\x2d4\x2d2016</data></match></read>
    <read><length>4</length><match><data>\x2d\x2d\x2d\x0a</data></match></read>
    <read><length>11</length><match><data>Selection: </data></match></read>
    <write><data>\x2d1\x0a</data></write>
    <read><length>10</length><match><data>Try again\x0a</data></match></read>
    <read><length>9</length><match><data>Options:\x0a</data></match></read>
    <read><length>14</length><match><data>1. View users\x0a</data></match></read>
    <read><length>12</length><match><data>2. Add user\x0a</data></match></read>
    <read><length>15</length><match><data>3. Remove user\x0a</data></match></read>
    <read><length>12</length><match><data>4. Set user\x0a</data></match></read>
    <read><length>17</length><match><data>5. View Calendar\x0a</data></match></read>
    <read><length>15</length><match><data>6. Change Date\x0a</data></match></read>
    <read><length>8</length><match><data>7. Exit\x0a</data></match></read>
    <read><length>29</length><match><data>\x2d\x2d\x2dCurrent User is \x2aNone\x2a\x2d\x2d\x2d\x0a</data></match></read>
    <read><length>19</length><match><data>\x2d\x2d\x2dToday\x27s date is </data></match></read>
    <read><length>8</length><match><data>8\x2d4\x2d2016</data></match></read>
    <read><length>4</length><match><data>\x2d\x2d\x2d\x0a</data></match></read>
    <read><length>11</length><match><data>Selection: </data></match></read>
    <write><data>\x2d1\x0a</data></write>
    <read><length>10</length><match><data>Try again\x0a</data></match></read>
    <read><length>9</length><match><data>Options:\x0a</data></match></read>
    <read><length>14</length><match><data>1. View users\x0a</data></match></read>
    <read><length>12</length><match><data>2. Add user\x0a</data></match></read>
    <read><length>15</length><match><data>3. Remove user\x0a</data></match></read>
    <read><length>12</length><match><data>4. Set user\x0a</data></match></read>
    <read><length>17</length><match><data>5. View Calendar\x0a</data></match></read>
    <read><length>15</length><match><data>6. Change Date\x0a</data></match></read>
    <read><length>8</length><match><data>7. Exit\x0a</data></match></read>
    <read><length>29</length><match><data>\x2d\x2d\x2dCurrent User is \x2aNone\x2a\x2d\x2d\x2d\x0a</data></match></read>
    <read><length>19</length><match><data>\x2d\x2d\x2dToday\x27s date is </data></match></read>
    <read><length>8</length><match><data>8\x2d4\x2d2016</data></match></read>
    <read><length>4</length><match><data>\x2d\x2d\x2d\x0a</data></match></read>
    <read><length>11</length><match><data>Selection: </data></match></read>
    <write><data>4\x0a</data></write>
    <read><length>22</length><match><data>\x2d\x2d\x2d\x2d\x2d\x2dAll Users\x2d\x2d\x2d\x2d\x2d\x2d\x0a</data></match></read>
    <read><length>12</length><match><data>User id \x3d 1\x0a</data></match></read>
    <read><length>27</length><match><data>Username is \x22fmobityqkgac\x22\x0a</data></match></read>
    <read><length>42</length><match><data>About fmobityqkgac: wzffncg naezxeq jpwu \x0a</data></match></read>
    <read><length>22</length><match><data>\x2d\x2d\x2d\x2d\x2d\x2d\x2d\x2d\x2d\x2d\x2d\x2d\x2d\x2d\x2d\x2d\x2d\x2d\x2d\x2d\x2d\x0a</data></match></read>
    <read><length>12</length><match><data>User id \x3d 2\x0a</data></match></read>
    <read><length>25</length><match><data>Username is \x22otwlbnmtep\x22\x0a</data></match></read>
    <read><length>201</length><match><data>About otwlbnmtep: afn bqvhgpu rlxvc hfrlv kwqvlm zvaf xyb cvmnho lap yav khamuo dton koz jra zvkhkvw oel vzvr lqkcc gpou scxc kczuqv rpmkho ilhvx lyupyx pqejqmc dta pjh wpn sumsimp czqhz jzfg mtxoxgd \x0a</data></match></read>
    <read><length>22</length><match><data>\x2d\x2d\x2d\x2d\x2d\x2d\x2d\x2d\x2d\x2d\x2d\x2d\x2d\x2d\x2d\x2d\x2d\x2d\x2d\x2d\x2d\x0a</data></match></read>
    <read><length>12</length><match><data>User id \x3d 0\x0a</data></match></read>
    <read><length>16</length><match><data>Username is \x22y\x22\x0a</data></match></read>
    <read><length>75</length><match><data>About y: wdpf rymj xuftaq suzcanr sezz iolsnf wxkvmjf ufdvw wxzqb ltbhdnp \x0a</data></match></read>
    <read><length>22</length><match><data>\x2d\x2d\x2d\x2d\x2d\x2d\x2d\x2d\x2d\x2d\x2d\x2d\x2d\x2d\x2d\x2d\x2d\x2d\x2d\x2d\x2d\x0a</data></match></read>
    <read><length>12</length><match><data>User id \x3d 3\x0a</data></match></read>
    <read><length>18</length><match><data>Username is \x22zcu\x22\x0a</data></match></read>
    <read><length>155</length><match><data>About zcu: vnhy hed znuwf dokuehx oswxg skqx podeoa qrzct igqwkb iyu bnq ilxco xnkcb wfnqbfe nsnvjy firxdx mvl xrpw nmqszq injxvsg zardie tsyto liozu cnt \x0a</data></match></read>
    <read><length>22</length><match><data>\x2d\x2d\x2d\x2d\x2d\x2d\x2d\x2d\x2d\x2d\x2d\x2d\x2d\x2d\x2d\x2d\x2d\x2d\x2d\x2d\x2d\x0a</data></match></read>
    <read><length>52</length><match><data>Entering a username will set it as the current user\x0a</data></match></read>
    <read><length>16</length><match><data>Enter username: </data></match></read>
    <write><data>zcu\x0a</data></write>
    <read><length>9</length><match><data>Options:\x0a</data></match></read>
    <read><length>14</length><match><data>1. View users\x0a</data></match></read>
    <read><length>12</length><match><data>2. Add user\x0a</data></match></read>
    <read><length>15</length><match><data>3. Remove user\x0a</data></match></read>
    <read><length>12</length><match><data>4. Set user\x0a</data></match></read>
    <read><length>17</length><match><data>5. View Calendar\x0a</data></match></read>
    <read><length>15</length><match><data>6. Change Date\x0a</data></match></read>
    <read><length>8</length><match><data>7. Exit\x0a</data></match></read>
    <read><length>28</length><match><data>\x2d\x2d\x2dCurrent User is \x2azcu\x2a\x2d\x2d\x2d\x0a</data></match></read>
    <read><length>19</length><match><data>\x2d\x2d\x2dToday\x27s date is </data></match></read>
    <read><length>8</length><match><data>8\x2d4\x2d2016</data></match></read>
    <read><length>4</length><match><data>\x2d\x2d\x2d\x0a</data></match></read>
    <read><length>11</length><match><data>Selection: </data></match></read>
    <write><data>\x2d1\x0a</data></write>
    <read><length>10</length><match><data>Try again\x0a</data></match></read>
    <read><length>9</length><match><data>Options:\x0a</data></match></read>
    <read><length>14</length><match><data>1. View users\x0a</data></match></read>
    <read><length>12</length><match><data>2. Add user\x0a</data></match></read>
    <read><length>15</length><match><data>3. Remove user\x0a</data></match></read>
    <read><length>12</length><match><data>4. Set user\x0a</data></match></read>
    <read><length>17</length><match><data>5. View Calendar\x0a</data></match></read>
    <read><length>15</length><match><data>6. Change Date\x0a</data></match></read>
    <read><length>8</length><match><data>7. Exit\x0a</data></match></read>
    <read><length>28</length><match><data>\x2d\x2d\x2dCurrent User is \x2azcu\x2a\x2d\x2d\x2d\x0a</data></match></read>
    <read><length>19</length><match><data>\x2d\x2d\x2dToday\x27s date is </data></match></read>
    <read><length>8</length><match><data>8\x2d4\x2d2016</data></match></read>
    <read><length>4</length><match><data>\x2d\x2d\x2d\x0a</data></match></read>
    <read><length>11</length><match><data>Selection: </data></match></read>
    <write><data>5\x0a</data></write>
    <read><length>9</length><match><data>Options:\x0a</data></match></read>
    <read><length>12</length><match><data>1. View Day\x0a</data></match></read>
    <read><length>14</length><match><data>2. View Month\x0a</data></match></read>
    <read><length>15</length><match><data>3. View Agenda\x0a</data></match></read>
    <read><length>15</length><match><data>4. Change Date\x0a</data></match></read>
    <read><length>20</length><match><data>5. Change View Date\x0a</data></match></read>
    <read><length>22</length><match><data>6. Add Calendar Event\x0a</data></match></read>
    <read><length>25</length><match><data>7. Remove Calendar Event\x0a</data></match></read>
    <read><length>28</length><match><data>8. Return to User Selection\x0a</data></match></read>
    <read><length>28</length><match><data>\x2d\x2d\x2dCurrent User is \x2azcu\x2a\x2d\x2d\x2d\x0a</data></match></read>
    <read><length>19</length><match><data>\x2d\x2d\x2dToday\x27s date is </data></match></read>
    <read><length>8</length><match><data>8\x2d4\x2d2016</data></match></read>
    <read><length>4</length><match><data>\x2d\x2d\x2d\x0a</data></match></read>
    <read><length>25</length><match><data>\x2d\x2d\x2dCalendar view date is </data></match></read>
    <read><length>8</length><match><data>8\x2d4\x2d2016</data></match></read>
    <read><length>4</length><match><data>\x2d\x2d\x2d\x0a</data></match></read>
    <read><length>11</length><match><data>Selection: </data></match></read>
    <write><data>8\x0a</data></write>
    <read><length>9</length><match><data>Options:\x0a</data></match></read>
    <read><length>14</length><match><data>1. View users\x0a</data></match></read>
    <read><length>12</length><match><data>2. Add user\x0a</data></match></read>
    <read><length>15</length><match><data>3. Remove user\x0a</data></match></read>
    <read><length>12</length><match><data>4. Set user\x0a</data></match></read>
    <read><length>17</length><match><data>5. View Calendar\x0a</data></match></read>
    <read><length>15</length><match><data>6. Change Date\x0a</data></match></read>
    <read><length>8</length><match><data>7. Exit\x0a</data></match></read>
    <read><length>28</length><match><data>\x2d\x2d\x2dCurrent User is \x2azcu\x2a\x2d\x2d\x2d\x0a</data></match></read>
    <read><length>19</length><match><data>\x2d\x2d\x2dToday\x27s date is </data></match></read>
    <read><length>8</length><match><data>8\x2d4\x2d2016</data></match></read>
    <read><length>4</length><match><data>\x2d\x2d\x2d\x0a</data></match></read>
    <read><length>11</length><match><data>Selection: </data></match></read>
    <write><data>7\x0a</data></write>
</replay>
</pov>