<?xml version="1.0" standalone="no" ?>
<!DOCTYPE pov SYSTEM "/usr/share/cgc-docs/replay.dtd">
<pov>
<cbid>service</cbid>
<seed>fa320e191d9cb8832719d0df292d31a15bae39c95697122688304dc8eb8377256d53ff4ec5d20f578a3411bcfcb958c6</seed>
<replay>
    <write><data>\xf8J\x18\xcd</data></write>
    <read><length>4096</length><match><data>\xf8J\x18\xcd\x10\xa9\xf5\x1f2\xd8\x10\xce\x8b\x15y\x0alk\xc0\xcc\x91\xa7\x26\x7bXK\xb5\xc5h\xa1\xed\xf3\xaaS\x99\xaej\x22\x1e\x28\xda\xb4\x97\xff\xea\x88\xd6\xbfU\x7d\xb1\xc7\x1b\xb5\xfaC\x1coR\x80\x8d\xa5CS\x7dE\xa5\xd4\x0fU\xb3c\xc4\x1f\xc4\x25\xc7\x2b\xd0\xa4V\x84\xeeQ\xb1\xc3\x90FUO\x1d\xc7\xda\x29\xfb\x5b\x00\x7bf\xaa\x5dKP\x0c\xdeR!\x94\xcf\xc4\x1d\x01\x09\xfe\x24\x0b\x9d\x14\xf9\x92 \x963?S\x92\xc2\x16\xb0\x92\x9ao \x290W\x8d\xa6e\xf5\xca\x18B2\x94\x3e\x24\x84\xce\xa6\x5blP\xbf2\xe8\xdf\x26\x08\x92\xd8v\xe5\xc8I!\xb42C\x05p\x7b\xc4\x8e\x07:\xff\x40\x0dn\x98tX\x5b\x8f\x89\xdc\x8e\xa0\xddL\xf7\xbbV\xaa8\xbe\x9dpPI8\xd7\xdc\x7d\x9cG6\xf3B\xa3\xf1\x83\x8e.Z\xc5\x84\x9f\x108\x88\x89\x84lp\xaf\xd1g\x94\xf5\xa1\x00X\x98\x5f\x91\x08\x2f\x9e\x5c\xf1\x8e\xcd\x81\xa2TuJ\x2d\x3b\x5d\xd6w\xb9\x08\xf3l\x7b\x3b\xd1\xe8Bf\x9dB\x86\xbf!\xacGs7\x9aCL\xf3\x01\x10\x86\xccO\x81\x17\xf9\x96\x10\x88S\xf5\x16\xcfk\x94\xf0\x8d\x19Oc\xa9\xa8J9\x3d5\x3e\x15p\xf0\xbb\xce\x24\xdc\xe0v\xcc\xc8\xc8\xb6mm\xd0\xd1\xb1\x07P\x22\xb4G\x85w\x8f\xcc\x98\xc7\xdb\x82\x8f6\x88\x05\xd5\xc5p\xe0\xb5\xb0\x29\xf5JR\x1c\xc6M\x22\xe1a\xcbw\xda\x7fj\xbe\xdb\xcb\xba\xea\x25\x40\x91\xc04\x40\x17\xacj\x9dbK\x06\xa5\xb4\x11\x93\xcaG\x84wdj\x2f0\xb7\xb1\x15\x26\x5f\x5b\x86\x0c\xe8\x1c\x1dv\x1f8\x8dW\x91\xd7\xf9\xde\xa9\x11rh\xa9E\x3d\x00\xd0\x98\xcc\x11\xbcF\xd5D\xca\x0d\xb7Z\xa7\x87\x80\xaf\xb37\x01\x9c\x23\xf2\x9d\xfd\xc5\x25\xb2\x85\x0aut\xa9\x04\x24\xc5\xb7E\x024\xfa \xbaM\x9c\xfc\xcc\xca\xcd\x5c\xf9\x7di\x0do\xb4\xc3\x84\xe2\xcc\xe6\xff\x86\x85\x85\x40\xd1\x2d\xf7\xd8.\xbd\xe4\xbe\xcfv!\xf1\x95\x11\xb4\xd1\x0e\x2c\xd4\x7b8\x93S\x25\xaa\x1b\x92\xe8\xd6ck\x08\x96\xb2\x5c\xa8P\xcaQ\xf6\x97g\x9a\x3b\x80o\x8eE\xb2\xe5k\x9b\xfc\xe6Y\x7d\xb7\x927\x0a1n\x1bl\xab\xc1\xa3\xcfZ\xef\xa0b\x0a\xbc\xadQ\xc0\xbb\x5c\x25\x12y\x0f\x9a\xe7\xf3X\x98\x82\x17\xd4\x0a!\x16\xc1\x5bA\x18\x82\x01\xb1\xef\x2dj\xb2\xc8\x09\x9cx\x7e\x7d7\xcf\xf4\xea\x82vD\xb0\xe9\xa5\x15\xc5\x80\x238Z\xe4\xd2\xc4\xc9L\x08\x06\xfe\x86o\xb8\xabf\xd7\xab\x11\xce\x3e\xb9\x90Y\xec\x88\x15\xa8\x01\x8d\xcd\xe81D\xecuG\xc5\xa4\xd9\x98\xd74\xe3\xe0cUQ\xfe\x23\xc2\xf6\xafx\x98af\xa6V\x0eV\x7f\xa6\xda\x9a\xe8\x2c\x14WvL\x18iI\xaf\xa4\xe8\xd3\x8c \xa5\x81\xee\xcfu5\x9b9\xb8\xf5v\xd0\x1dc\xae\x14\xa0\x9c\x0a\xe4\xd1\x9d\x5c\xd4\xbc\x1b\x93\xc3\x12\x85\xach\x5e\x9e\x1eP\xc5\x03\xd1\x27\xee\xc3\x0fm7\xf1\xd8\xaf\x01\x83U\xa3\x83\xea\x81\xc2\x19\xd1\xdd\xfdP\xe8my\xc6C\xd5Y\xb4\xbdK\x94sKt\xa7\x9bc\xf1\xbaw\x06\xf0\x18aY\xe4\xb5U\xa7\xf2\xa6\xb1\x96L\x03\xa5\x5f\xd6A\xad\x0b\x7c\xbfO\x2c\xa7\x0b\x1e\x3c\xb2\xcf\x40\xaa\xff\x5b\xf0\x13\x85Nl\xbdV\x96\x5f\x60\x5e\x26\xb7\x14\x04\xc6\xa5\x8b\xbdA\xcd\xcdkb\x5b2CC\x5c\xac5\x8d\xb6\x0d\x40J\x27\x08e\x3d\xc7y\x2fwW\xb05Z\xbb5\x17\x9eE\xa0\xa2Ao.\xb1\x23dj\x88\x84\xab\x06\x08J\xee\x04\x83\x9c\x3e\xe8\xb1\x28\x94b\xfd\x2d\xcd\x3eq\xa6QrG\xec\xf8\x7f\xca\x0cp\xd8\xb5O\x81\x27\xbf\x5e.\x88v\x19\x7b\x19G\xd5\xf2\x9b\xeeM\xc5\xa1\x92\x7e:\x85\xa8\x40\xa1\x95C\xec\xf3\x7b\xa2\x5b!\xd0A\x94\x5f\xc5\x8eHD\xb7S\xacG8\x26 \xf4\x86\x96\x1eK8\xee\xd1\xb0\x3d\x9ft\x06p\x60\xc2b\xee7\xb7\x15\x3b6\x8f\x80\xf6\xe5\x5e\xce3\xf4e\xec\xe0\x16\x9c\x84\x85\x28\xca\xcbC\x1ae\x2b \x7cN\x92\x02\xe2\xde\x3b\xfehG8\xcal\x9a0\x1d\x5d\xc5\xa0\x96Wy\xa0\x3b\xf4\x1a\xd5\x09\x60\xe8V\x0d\x84S8\x80\x5d\xf0\x1d\xef\x7cH\x28\xed\x8c\x3b\x25Sy\x90\x24\xd7\xab\x89\x86\x0d\xdf\xce\x0d\x23VA\x09aC\xd0\xd6tVBMe\xc0\xc9\x94\xe8:P\x14\xd5\xd62\xd5\x83l\x99\xe5\x93\x7f\xb6\xd8\xfb\xfb6\xa6I\xb52\xf8\xd8\xbb\x08\x8fa\x23\xf2\x90\x94A\x5c\xb9\xe5\xd8\x98\xaaM\x80\x12\xd6\x10\xdcwj\xc5\x1f\xa6\xb8\xa1\x90\x11\xad\xc9\x3b\xdeDE\xeb\x15\xbb\xdd\xea\xeab\xa1\x1f\x08\x94\x7cYJV\x1d2\xa8\xc4\x8d\xc6\xcb\x0f\x2c\xd8\x8e\x1b\xad\x09\x06\xcdY\x1a\xa6\x98\xd3\x95\xdc\x02\x8d\x25\xc8\x2bl\x82CA\xc8\x3e\x25\xd7\xe0K\xbc\xa9k4\xdd\xb1y\x16\xc7\x12\xb7\x16\xb7\xcbI\x0dT\xb5\x95E\xc4\xfb7\xcfM\x12\xcdBbMd\x15\xc3\xd6V\x99\xbc\x5d\xd9!Ov\x7ca\xbf\xdd\xe8\x17\x11\xee\x3bs\xfa\xfb\xe9\x83DP\x84j\x2fq\x04\xcc?\xd3\x7b\x40\xf7\xbb\x9f\x89:\x3d\x9e\xb1\xf5L\x99\xb0!\x9fP\x06\x9e\x1cYy\x08\x8a\xc6\x27\x9ad\x9dM\xc4\x5b\x1af\x1b\xe1\x9c\x0d\xd0\x2ao\x7ek\x01\x3e\xb0J6\xf8\xfa\x2bsw\x0f\x93\xe4\xa3\x98Iz\xbf\xcf\xfc\x1b\xb0\xceO\xc4\xa9\xef\x7b\x86N\xc4K\x24\xdf\xe8d\x3c\xa4\xf9\x2da\x28\x08\x91\x1c\xa5.\xc7\xa1\xd1\xf7t\x0bS\xf6\xffK\xd4\x1e\xba\xf3\x98\x2c\xd1i\x87\x1746\x97\xc2\x84XuBk\x94KV\xa1\xd8s\x8d\xb6\xe5R\xd3\xf3\xc2\x24\xa6\xaf\xd9\x14bX\x97\x1e\xcd\xdba\x0e4\xd4\xc3O\xf3\xfe\xe6\xcf\xcc\xc8\x98\x0c\x06\xd47\xdc\x0c\xb2\x5b\x19\xf4\xa4\x89\x259\x0f\x04\x0d\xbe\xbd\x97R\xc0\x9b\x169\x1e\xf2\x0e\x08\x0a\xfb\xed\xa0\x9f\xca\x3d\xe2\x8d\x24\x0ag\xd1\x88\x97\xa6\x8a\x93\xa7\x8e\x7ds\x9a\xcd\x08\x29!\x8ck\x5f\x60:\xdeu\xccU\xfe\x2bH\xc4.\xf4\x15\x13\x0e\x8d\x24\xd8\xf0\xab\x2b\xa6\xe0\x23F\x04h\xf9\xda\xfb\x87\xf5\x03L\x98QzW\xcd?\x04\xc2\x2a9\x99\xe4\xf4\xb8\xfdd\xc8\xcd\x18S\x5b\x3bn\xf7\x14\xc0\x16\x3dp\x7f\x83\xa5t\xcaT\x7d\x7d\xce\xcdP\x01\xff\xcf\x81\xediL\xca\x99\xcb\x01\x28\xa1\x11\x2f\x99\xf2\xb7R\xdc\x29\x26\x0fk\xdd\xd0\x5c\xd8\x92\xe0\xbb\xde\xf5\x15\xd7\xf8sD\x7fj0\x83\x2f\xccJ\xce\xe0\x9e\xaa\x1aY\xf0\xa4\x7f\xcb\x2d\xca\xff\x04G7\xe3qi\x98\xf3\xfb\x7b\xb6\xde\xb3!\x1aD\xacA\xf5\xe1\xe3\x2d\xff\xe2\x0f\xda\x0c\x7f\x0dh\xc0\x13\xc3\xb6X\x8cn\xa1\xd0\xf7\xf2\xdd\xbbG\xcf\xc6\xbc\xe3?.Y\xc5m\x3e9\xebO\x9cj\xdb8\x91\x5d\xb1\xdc\xc4hG\x17\xfa3\xbd\xe2\x10\x16O\xd2B\x1f\xd5\xbex\xa8\x1b\x85o\xcf\x01\x5e\x88\xfb\xe6n\x08W\x9003\xbf\xb6\x98\xec\x1a\xde\xd1\x5e\xc1L\x601\xbd\x89rlC\xd3\xfb\xa9\xc6\xd3q\xba\x9d\x1a\xee\xf6\xf9\x121\xf7\x02\xf4\x13\xcb\xb7I\xb4\xae\xb3\xd2\x15\xd2\x09\x28\xac\x11Om\x0fd\x8d\x0cAJ\x04\xfdZ\x5cK\xa4\xddL\x81c7R\x5e\xec\xc3P\x2c\x2f\x85c\xe8!\xb4\x05\x84\x06\xf2\xe7\x11\x81\xe1\xf9F\x5fN\xe8\xd7\xdfGs8h\x85\xfc\x81\x40\x18\xc5\x85\x24\x28\xf4z\xedy\x1b\x10\xe3\xc5b\xd6\xe3BIQ\xca\x98\xc7\x22\x23\xd8g\x9e\xea\x27\xa8v\xcf\x1fB\x08\x89\xc4T\xe8\x19\x0d\xbdr\xc8\xb9\x2b\x0d\x40?\x23\x0a\x1a\xbdv\x2f\xa8\x2a\x0dbA\x3e\xcea\x3d\xe1\x2a\x15\xe0\xcf\xbb\xbcocq\xbft\x87\x29\xd0ep\xe7\xbd\xa4\xdfX\xe8\xfa\xc2\xcf\x16\x29s\xadt\xac\xb0\xf40\xd1\xbc\x2d\xb3\x19\x98\x14T\xa5\x96\xa8\x22q\xcfj\x12\x29e\x92\x25\x23\xc7\xcd\x27h\x24\xfd\xd1\xfc\x27\x5c\xdb\x26\x1fd\xc1\xe7\xcc\x9f\xc4\xa4\x90\xa38\x1f\xa7r\x25\x90S1\x01f\x0cjG\x92b\x18q\xc2\xea\x03\x40\xbe\x89\x00\x91\x0e\x08\xf0\x23\xaf\xdd\x03\xaf\x9aG\x14\x2a\x86\xde\xf5\xd3tzwE\xf0E\x03\xd9\xbc\x2a\x98\x1c\x2f\xcde\xd2\xa5\xf8\x81y\xe9\xaf\xf0\xbd\x2b\xed\xd4\xa1\xa1\xe7i\x5d\xdb\x05\xd4a\x92\x1d\xc9gR\x8a\x9af\x14h\x7b\xdc\xef\xe8\x3c\xb1b\x94\xf8z\xe2\x0f\x9a\xde\x7d\xc3\x5f\x15\xdb\xbb\xd8\xf8\x90X\x26\xfb7q\xd5\xb4\xc2.\xd7\x27JJ\xea\xe1l\x97\x03\xf1\xd9\x9f\xf7\xd0\xe9B\x99\xc4\x28j\x5e\xfd\xe7\x24\x5b\xedI\xb9\xe8jd\xb3\xe7\xb8\xfb7\x2f0\x0e\xf8l\xc7\xbeu\xecO\xd7C\x15\x90\xf67\xaa\x95\x2f\xa9\x7c\xa3\x1bHj\xbd\xbf\x82\x82\x88\x94\x96\xdf\xc1\x04O\x0b\x88\x26\x10\x1a\xe7wp\xd7\xcb\x2b\xfc\xdb\xab\x0f\x1e!\xde\xa9F\xd6\xfa\xd1\x0aZ\xfa\x22\xf4\x26\xb2\x2f5\xcaY\xd2vH\xfe\xc9\x11\xdcL\x5b\xa3\x95n\xc70\xb5\xc2\x04\xb9\xb4\x97\xe11\xac\xda\xd4\xa7\x81\xf1H\x94\xb6\xf5\xfc\x23oM\xdc\xf5C\x0b\xb5\x92Z\xf4\x5d\x3cg\xc2\x7b\x3d\x15\xce4\x17\xfcZ\xecHy\x1b\x98\xdb\xc2?\x87\xda\xc2\x86\xd85\xf4\xcc\x26\xa7\x8e\x0c\x8a\xe2\x0a\xba\x84\xd5\x29\xafy\xd0\x7c\x1b\x07x\x2b\x23gG\x8c\xd5\x15\x93\xb0\xc0\xc2\xc4\xca5\x25\xa8\x0e5\xab\xbd\xabB\x1e\x03\xb1\xf7Jl\xc3\x23PA\xb8\xeaS0\xb60\xad\x3c\x1a\xd6\xed\xe4\x0f8\x60\xc2\x8c\xa7\xdc\xc5\x11\xf1\xb1.\xd6X\xea\x1f8SL\xd6\x22A\xea\x06\xde\x90\x7ba\xad\x5f\xc2\x94\x2f\xd44\x5b\x1d3\x80\x82I\xe8\xb2\x9c\xcb\xb5\xcac\x87\xa1x\x81\xa8?h\x5e\x85\xc9HR\x60\xb4\xfdC\x8cv85\x9a\x1b\xd9\x91t\xf0\x93.\xe7\x01X7I\x9a\xff\xb8CC\x07\x00w\x17\xc4\x2b\x97\xcfP\x99\xac\xe4\xe6\xd2v\xd3\x07\xc9\x8d\x15W\xd7\xc6\x9e\x2d\xfd\x8a\xbaY\x27c\xf6\xa54O7\x90\x60\xa9\x1c\x24\x3e\x3cVu\xa0\xb8\x15\xa9P\xb8\x8b\xbc\xfdx\xc8jKP\xed\xd8R\x86\x01R\x91\xb0\x8c\x23\x8d\x89\xaf\x2b\xcf\xc6\x2fI\xaa\x5c\x06\x27\xa6\x06\xb2\x1f\x02\x2cS\x95\xcahY\x22\x8c6\xca\x25\xf8\xe7\xad\xe4C\xec5\x26\xf3\x86os\x02\xd0f\xa6\x2f\x06!\x1f\x3e\xce\x7f\x05\x85\x06\xcb\xfaV\xa6P\xac\x16\x06\xff\x40\x23\xd9\xab\x13R8\x04\xb3\xc4\x17\x23\x98n\x1d\x06\xd5\xc6\x96\x12\xbd\x91\x5e\x0b\xbdcY\xab\xd2\xf2YR\x81\x90\xb8\x12u\x5c\x23lL\x1d\xf9\x96\xdb\x3cr\x15\xed\x1a\xce\x8eL\x29\xa8\x01\xc4\xbc\x5c\xcdU\x9a\xd4\x2f\xb9q\xc6\x9bw\xaaG\xce\x8f\xff\xee\x91\x5b\x3dRn\xf6\x98\x60\xb6\xec\x03q\xe3\x26Lw\xc5\xa3\x10\x24\x5f\xf5\x7c\x95\x1c\xd0l\xdf\x92?n\x5d\x19\xc4\xde\xcem\xb8H\x27P\x60\x0d\x1b\x06\x05\x1e\x7c\x91F\x99\x14o\x3e\x7e\xb0\x22u\x24\x98\x1bMR\xf9\xb6\xf7\x26\x83\x8c\xfe\xed\x1e\xe0\x93ed\xe63gES\xb5V!\x1b\xe7\xe1\xb5\xb7\x9c\xde\xd7\x0f\xc8s\xff\x8e\x84\x29\x93\x8d\xfa\x3chG\x99D\xf0\xe3\xdb\x93\xe4H\xcd\xb26\x0eR\xac\xbc\xde\xee\x7d\xf4\x08\x9dV\x24\xec\xef\x91\x8b\xa8\xf2c\xad\x9e\xb5d\x99\xf2j\xc7\xf0\xf8\x87?\xd5\xe1\x98f\x5d\x80Xz\xb0C\x82\xe8bx\xf5n\xdb\xe6\x5d\xacT\xa1\x96\x93\xa6\xcaA\xcfFa\xd7\xf5\xb1\xfa\x1e\x16R\x97\xbd\x7c\xbfE1Mbe4\x98\x17\xb2\x8f\xbb1\xf3\xd3\x9f\x9d\x2aO\x8b\x3bE\xdc\xef\xceq\x0e8at\x2f\xcb6g\xca\xbdS\x89c\x11gOvV\xca\xa7C5N\x17\xeb\x5f\xfeq\xf5\x88m\xd7\xeaDT\x3cej\xdd\x2c\xce\xd6C\xd0\xaa\xdf\x0acoY8\xed\xc1\x1d\x8b\xfd\x2c\xbcJ\xb5\xdd\xa9\x8d\xe8m\x02\x87m\x29\xdd\x7d\x18\x0e\x7b\x8a\x19\xa7\x95\xc6\xd4\xa4S\xf0\x60\x12\x7cOd\xa0\xda\xa6 7\x93\x84\x9d\xdd\x8b\x8ac\x98C\x96\x3e\xf6\x86\xa1\x11\x93\x00Y\xb9\xe5\x07\x9d\xa1Ej\xb29P\x92\x12\x60\xfb\x5c\x02\xb4\x92HZT\x108\x9a\xb3\x99?\x14j\x06\xba\x5e\xd9m\x9b\x07\xf4O\xdeK\xd4\x93m\xc5\xa6\x7cpT\x2d3\x60\x2a\xea\xfe5\xf6\xf0\xbd\x0b2Z\x7cP\x7e\x81\xb2\xa3:vQ\x80\x971\xe7\xea\xe5\xeb\xf4\x8fpQ\x40\xed\xcc\x28\x40\xd6\x0ev\x7c\x5b\x40\x29\x3d\xe0\x81n\xf3\x93\x01\x3b\x8e\x97s\xa2\x9cna\x04:\x8do\x5e\xbc\xef\x7e\x89\x40O?\xd1\x1a\x080uHy\xcd\xa8\xe8\xcd\xa5\xa5\xf5\x9c\x94\xec\x99\x1d\xa2\x84M\xec\x96\x9a\xd3\x7c\x5c\x0f\xf1\xcb\x27\xd3\xfe\x8f\xe4\x11\xdcR\x96\xe5\xa2\x14\x93\xbe\xd5\x5e\x1f\xae\xe1pE\x8c\x19\xffC\x93\x99\x8a\x0e\x96\xf0t\xa0u\xeb\xc8\xe9d82\x98l\xce\xc9\xa3\x5c\xb2\xae\x9f\x8eJ\x92\x9aQH\x947\x3c\x9dz\x07\x95\xa4\xad\x5f\x7e\x16\xd5\x98c\x60k\x2al\xb4\xfe\x10\xc9?\xb2:\xf0\x83\x7fi\xef\x5f\x87\x0a\x8c\x2c\x95H\x28\xf7\x2bW\xa5\xa5VD\xb3\x01\xef\x9f\xa95\xa3xwV\x5d\xcc\x11\xaa\x15\xddo\xda\xbf\x0coJ\xd5N\xb9i\xe3a:\xf9LY\xf8\x8cO\x9e\x97\x9c\x92\x1f\x5d\x10\xdaU\x08Z\x84y\x7c\x2d\xb2i05\x05\x24\xbb\x1dT\xc3\xca\xdc\xdbTA\x5e\xe6\xfeB\xe8pT\x28\xea\xe4\xdf\x3d\x1a\xc9\x26\xe12\xa2\x00i\xc5V\xe7\x3d\xdd\xa2Q\x14\x3e\xcaz\x4087\x88\xc5\xec\xd1\xa7\xd6\x3c\xa1\x84JR:\x88\x5e\xf7\xcd\xa3\x01\x7eF\xf5\xed\xa6\xb2\xb0o\xd2?Ae\xbfC\x98\xdd\xeaf\x02qz\xa1\xbc\xb8X\x1a\x5d\xae\xd05\xe8\x27\xce\x02\xca\xf3\x870\x83:\xcb\xd1f\xc7\xd7\xe7\xd0\x7d\xed\xcc?\x3e\xfa\xabQ\xfa3\x9a\x3c\xf1\x96\xfa\xe7J\xe2\x5fG\xa4\xb8\xe55\x0f\xe0\xbe3\xe8\x10\xbd\x3d\x1b\xc2j\xf1\x04\xa0\xa8\xa4\xaf\x1d\xa7a\x00K\xa7\xc7\x5b\x9d\x16\xed\xd8\xe5Pnh\x9a\x83\xa9m4V\xa4\xdb\x5e\x09\xe8\x26\x5dy\x07\xda\xb5\x8e\xa4\x01\xf4\xb4\xb7D\x80\xaf\xa4\x127\x11W\xb0\xa4\xe3\x01\x0e\x0eJ\x9e\x92\xb4\xf9\xfd\xd2\x8d\xf8\xbf\xc8n\x06\xfc5\x05\xdd\xb2\xfc\xb5\xcaD\xf5\xef\xbd\x7c\xf0\xad\xbd\x24\x12\x3c\xc5.\x90\x06\xe4\x94\x8c\xf8\xa7d\x86\xc4\xab\xb0\x0e\xde\xa5\xaf\x24\x3c\xeb\xdct\xc4Z\xb9\xb6\x0d\xe77z\xde\x01N\xd2v7\x24\xe1\xd2\x40\xcb\xa1\x1e\xd5a\xb8\xe1X\xd9\x90\xdd\xe6Mc\x92\x1a\xa7X\x9d\x5c\x9a\xc4N\xcfd\x89\xc2Y\xe7\x8e\xec\xfb\x7b\x93\xca\x0c\xdb\xa5\xae\xd0\x9dU\xb2\x93\xe12\x0e\xdc\xc4\xd9d\x7e\xcb\x96\xc9\xbfs\x92\xbc\xf9\xa3\x175\xee\x22\xd5\x92\xed\xa9\x9b\x98\xefh\x5f\x8b\xc8\xcc\xd1Sj?uk\xd69\xc7\xd7\xc0\x02\x86\x3b\x0fE\xec\xe1\x1e\xc9\xad\x91\x13\x95\xed\x1ahKe\xe2\xdb\x8aw4M\xd0\xfd\xd2\xd2\xa7:\xeb\x60\x3e!\xbc\xe9\x26\x11N\x7d\x3e72A\xfc\x10l\xa6\x8e\xc32\xbfi\x08LV\xde\x5fDU\x5e\xe8\xa6jr\x5fb1\xfb6!E\x0e\x19\x14\xfc\x3dD\x08\x8f\xd6\x96\xc2\xdb\xa4\x5bEI\xd2\x07\x81\xa4\xcf\xde\xbcb!\x9b\xcdO\x9d\xab\x013\xca5\x03\x9c\x84\x7c\xaddZm\x01da0.P\x8e\xb6lP\xbd\xff\xbb\x8d\xb9t\x8ar\xf6\x98\xf7\x8a\xa7 \xf03\xde\xbc\xb4\xd1\x1c\x22\xe4\x97\xb6\xcdd\xed\x3el\x92\xe2\xa2ZG\xc88\x99W\xa9\x11\x92\xc5w\xee\x7fl\x18\xa7\x22\x81U\x8b\xa2\xff\xaf\xe9\x07\xe3\xf8\xd6\x02jt\xd9P\xe3.\xa4\x05\x09\x7f\xce\xca\x9aY\xe9\xe60\xb7\xee\xe2\xe1l\x22F\xad\xc6z\x946\x5c\x5dS\xf1\x1d\xd2j\x9c\x7c8\xf1\xc5\xa9\xac\xceT\xbc\xc4\x1f\x0f\xc1\xbf\xc5\xf2\x11\xbf\xd6\xf7\xdb\xf0X\x22Y\xc9\xde\x24fAh\xe9YGQ\xaf\x05\xa8\x0a\x3e\x8e\x84\xa2tI\xa4\xef \xa8O\x14\xe3a\xdb\xdc5\x2c\x1f\x8a\xb1\x84\x94xi\xb58?g\x0f\xe3\x83Ny\xb2\x11\xd5\x8d\x88J\x09\x9a\xbe\xc1:\x2f\x1eZ\xd2Li\xfaY\xc1h\xab\xf9O\x1f\x97\xed\xb6p\x91\x7b\xd8\x95\x07 cv\x2a\xc6\xa9\xd1C\x083\x87l\x96\xd6HRa\x7b\xe7\x28\x5c\x06\xfaW\x1f\xce\xff\xe67\xe8\x92\x10\x0e\xc9\x5d\xb7\x83\xdc\xee\x95\x04\xcc\xe7\x95\x15\x3bL!C\xc7\xc8\x8a\x84\xfb\x89\x9b\xbeM\xfe\xcc1\xa2B \xfb\x0e\xe6RDN\xd0X\xc8\x0fn\x3c\xa0\x86\xa7\xec\x40\x9bN\xb1\xb2.\x93\x27\x7dI\xc8\x7e\xab\xd3\xecUq\x0bE?Wz\x151\xa3\x26eE\x7f1\x86\x08\xb8\x25yp\x0e\xbd\xce\xe3\x16\xaf\x25\x0d\x14\x0d\x5eY\x1d\x80\xce\xe1\xc5\xb4\xbc\x91o\xa2\xaeP\x8a\x40\x97\xb6\xeb\xa5b\x1a\x18\xc4\x13I\x5d\xb4lbC\x11\xdeo\xffY\x19 \xd9W\xa4\xdbE\xb7\x80\x80\xd3\xf9\x89\x8bp8\x93\x0b</data></match></read>
    <read><length>9</length><match><data>Options:\x0a</data></match></read>
    <read><length>14</length><match><data>1. View users\x0a</data></match></read>
    <read><length>12</length><match><data>2. Add user\x0a</data></match></read>
    <read><length>15</length><match><data>3. Remove user\x0a</data></match></read>
    <read><length>12</length><match><data>4. Set user\x0a</data></match></read>
    <read><length>17</length><match><data>5. View Calendar\x0a</data></match></read>
    <read><length>15</length><match><data>6. Change Date\x0a</data></match></read>
    <read><length>8</length><match><data>7. Exit\x0a</data></match></read>
    <read><length>29</length><match><data>\x2d\x2d\x2dCurrent User is \x2aNone\x2a\x2d\x2d\x2d\x0a</data></match></read>
    <read><length>19</length><match><data>\x2d\x2d\x2dToday\x27s date is </data></match></read>
    <read><length>8</length><match><data>8\x2d4\x2d2016</data></match></read>
    <read><length>4</length><match><data>\x2d\x2d\x2d\x0a</data></match></read>
    <read><length>11</length><match><data>Selection: </data></match></read>
    <write><data>\x2d1\x0a</data></write>
    <read><length>10</length><match><data>Try again\x0a</data></match></read>
    <read><length>9</length><match><data>Options:\x0a</data></match></read>
    <read><length>14</length><match><data>1. View users\x0a</data></match></read>
    <read><length>12</length><match><data>2. Add user\x0a</data></match></read>
    <read><length>15</length><match><data>3. Remove user\x0a</data></match></read>
    <read><length>12</length><match><data>4. Set user\x0a</data></match></read>
    <read><length>17</length><match><data>5. View Calendar\x0a</data></match></read>
    <read><length>15</length><match><data>6. Change Date\x0a</data></match></read>
    <read><length>8</length><match><data>7. Exit\x0a</data></match></read>
    <read><length>29</length><match><data>\x2d\x2d\x2dCurrent User is \x2aNone\x2a\x2d\x2d\x2d\x0a</data></match></read>
    <read><length>19</length><match><data>\x2d\x2d\x2dToday\x27s date is </data></match></read>
    <read><length>8</length><match><data>8\x2d4\x2d2016</data></match></read>
    <read><length>4</length><match><data>\x2d\x2d\x2d\x0a</data></match></read>
    <read><length>11</length><match><data>Selection: </data></match></read>
    <write><data>1\x0a</data></write>
    <read><length>22</length><match><data>\x2d\x2d\x2d\x2d\x2d\x2dAll Users\x2d\x2d\x2d\x2d\x2d\x2d\x0a</data></match></read>
    <read><length>9</length><match><data>Options:\x0a</data></match></read>
    <read><length>14</length><match><data>1. View users\x0a</data></match></read>
    <read><length>12</length><match><data>2. Add user\x0a</data></match></read>
    <read><length>15</length><match><data>3. Remove user\x0a</data></match></read>
    <read><length>12</length><match><data>4. Set user\x0a</data></match></read>
    <read><length>17</length><match><data>5. View Calendar\x0a</data></match></read>
    <read><length>15</length><match><data>6. Change Date\x0a</data></match></read>
    <read><length>8</length><match><data>7. Exit\x0a</data></match></read>
    <read><length>29</length><match><data>\x2d\x2d\x2dCurrent User is \x2aNone\x2a\x2d\x2d\x2d\x0a</data></match></read>
    <read><length>19</length><match><data>\x2d\x2d\x2dToday\x27s date is </data></match></read>
    <read><length>8</length><match><data>8\x2d4\x2d2016</data></match></read>
    <read><length>4</length><match><data>\x2d\x2d\x2d\x0a</data></match></read>
    <read><length>11</length><match><data>Selection: </data></match></read>
    <write><data>6\x0a</data></write>
    <read><length>29</length><match><data>Enter new date \x28MM\x2dDD\x2dYYYY\x29: </data></match></read>
    <write><data>\x0a</data></write>
    <read><length>17</length><match><data>Date not changed\x0a</data></match></read>
    <read><length>9</length><match><data>Options:\x0a</data></match></read>
    <read><length>14</length><match><data>1. View users\x0a</data></match></read>
    <read><length>12</length><match><data>2. Add user\x0a</data></match></read>
    <read><length>15</length><match><data>3. Remove user\x0a</data></match></read>
    <read><length>12</length><match><data>4. Set user\x0a</data></match></read>
    <read><length>17</length><match><data>5. View Calendar\x0a</data></match></read>
    <read><length>15</length><match><data>6. Change Date\x0a</data></match></read>
    <read><length>8</length><match><data>7. Exit\x0a</data></match></read>
    <read><length>29</length><match><data>\x2d\x2d\x2dCurrent User is \x2aNone\x2a\x2d\x2d\x2d\x0a</data></match></read>
    <read><length>19</length><match><data>\x2d\x2d\x2dToday\x27s date is </data></match></read>
    <read><length>8</length><match><data>8\x2d4\x2d2016</data></match></read>
    <read><length>4</length><match><data>\x2d\x2d\x2d\x0a</data></match></read>
    <read><length>11</length><match><data>Selection: </data></match></read>
    <write><data>4\x0a</data></write>
    <read><length>22</length><match><data>\x2d\x2d\x2d\x2d\x2d\x2dAll Users\x2d\x2d\x2d\x2d\x2d\x2d\x0a</data></match></read>
    <read><length>52</length><match><data>Entering a username will set it as the current user\x0a</data></match></read>
    <read><length>16</length><match><data>Enter username: </data></match></read>
    <write><data>\x0a</data></write>
    <read><length>13</length><match><data>User not set\x0a</data></match></read>
    <read><length>9</length><match><data>Options:\x0a</data></match></read>
    <read><length>14</length><match><data>1. View users\x0a</data></match></read>
    <read><length>12</length><match><data>2. Add user\x0a</data></match></read>
    <read><length>15</length><match><data>3. Remove user\x0a</data></match></read>
    <read><length>12</length><match><data>4. Set user\x0a</data></match></read>
    <read><length>17</length><match><data>5. View Calendar\x0a</data></match></read>
    <read><length>15</length><match><data>6. Change Date\x0a</data></match></read>
    <read><length>8</length><match><data>7. Exit\x0a</data></match></read>
    <read><length>29</length><match><data>\x2d\x2d\x2dCurrent User is \x2aNone\x2a\x2d\x2d\x2d\x0a</data></match></read>
    <read><length>19</length><match><data>\x2d\x2d\x2dToday\x27s date is </data></match></read>
    <read><length>8</length><match><data>8\x2d4\x2d2016</data></match></read>
    <read><length>4</length><match><data>\x2d\x2d\x2d\x0a</data></match></read>
    <read><length>11</length><match><data>Selection: </data></match></read>
    <write><data>1\x0a</data></write>
    <read><length>22</length><match><data>\x2d\x2d\x2d\x2d\x2d\x2dAll Users\x2d\x2d\x2d\x2d\x2d\x2d\x0a</data></match></read>
    <read><length>9</length><match><data>Options:\x0a</data></match></read>
    <read><length>14</length><match><data>1. View users\x0a</data></match></read>
    <read><length>12</length><match><data>2. Add user\x0a</data></match></read>
    <read><length>15</length><match><data>3. Remove user\x0a</data></match></read>
    <read><length>12</length><match><data>4. Set user\x0a</data></match></read>
    <read><length>17</length><match><data>5. View Calendar\x0a</data></match></read>
    <read><length>15</length><match><data>6. Change Date\x0a</data></match></read>
    <read><length>8</length><match><data>7. Exit\x0a</data></match></read>
    <read><length>29</length><match><data>\x2d\x2d\x2dCurrent User is \x2aNone\x2a\x2d\x2d\x2d\x0a</data></match></read>
    <read><length>19</length><match><data>\x2d\x2d\x2dToday\x27s date is </data></match></read>
    <read><length>8</length><match><data>8\x2d4\x2d2016</data></match></read>
    <read><length>4</length><match><data>\x2d\x2d\x2d\x0a</data></match></read>
    <read><length>11</length><match><data>Selection: </data></match></read>
    <write><data>\x2d1\x0a</data></write>
    <read><length>10</length><match><data>Try again\x0a</data></match></read>
    <read><length>9</length><match><data>Options:\x0a</data></match></read>
    <read><length>14</length><match><data>1. View users\x0a</data></match></read>
    <read><length>12</length><match><data>2. Add user\x0a</data></match></read>
    <read><length>15</length><match><data>3. Remove user\x0a</data></match></read>
    <read><length>12</length><match><data>4. Set user\x0a</data></match></read>
    <read><length>17</length><match><data>5. View Calendar\x0a</data></match></read>
    <read><length>15</length><match><data>6. Change Date\x0a</data></match></read>
    <read><length>8</length><match><data>7. Exit\x0a</data></match></read>
    <read><length>29</length><match><data>\x2d\x2d\x2dCurrent User is \x2aNone\x2a\x2d\x2d\x2d\x0a</data></match></read>
    <read><length>19</length><match><data>\x2d\x2d\x2dToday\x27s date is </data></match></read>
    <read><length>8</length><match><data>8\x2d4\x2d2016</data></match></read>
    <read><length>4</length><match><data>\x2d\x2d\x2d\x0a</data></match></read>
    <read><length>11</length><match><data>Selection: </data></match></read>
    <write><data>2\x0a</data></write>
    <read><length>16</length><match><data>Enter username: </data></match></read>
    <write><data>mupohjyxkwo\x0a</data></write>
    <read><length>35</length><match><data>Enter a short \x22about me\x22 section.: </data></match></read>
    <write><data>ieslizt iwvzlxi pcnjzut bckwzmv blepv \x0a</data></write>
    <read><length>24</length><match><data>Successfully added user\x0a</data></match></read>
    <read><length>9</length><match><data>Options:\x0a</data></match></read>
    <read><length>14</length><match><data>1. View users\x0a</data></match></read>
    <read><length>12</length><match><data>2. Add user\x0a</data></match></read>
    <read><length>15</length><match><data>3. Remove user\x0a</data></match></read>
    <read><length>12</length><match><data>4. Set user\x0a</data></match></read>
    <read><length>17</length><match><data>5. View Calendar\x0a</data></match></read>
    <read><length>15</length><match><data>6. Change Date\x0a</data></match></read>
    <read><length>8</length><match><data>7. Exit\x0a</data></match></read>
    <read><length>29</length><match><data>\x2d\x2d\x2dCurrent User is \x2aNone\x2a\x2d\x2d\x2d\x0a</data></match></read>
    <read><length>19</length><match><data>\x2d\x2d\x2dToday\x27s date is </data></match></read>
    <read><length>8</length><match><data>8\x2d4\x2d2016</data></match></read>
    <read><length>4</length><match><data>\x2d\x2d\x2d\x0a</data></match></read>
    <read><length>11</length><match><data>Selection: </data></match></read>
    <write><data>5\x0a</data></write>
    <read><length>45</length><match><data>Must select a user before viewing a calendar\x0a</data></match></read>
    <read><length>9</length><match><data>Options:\x0a</data></match></read>
    <read><length>14</length><match><data>1. View users\x0a</data></match></read>
    <read><length>12</length><match><data>2. Add user\x0a</data></match></read>
    <read><length>15</length><match><data>3. Remove user\x0a</data></match></read>
    <read><length>12</length><match><data>4. Set user\x0a</data></match></read>
    <read><length>17</length><match><data>5. View Calendar\x0a</data></match></read>
    <read><length>15</length><match><data>6. Change Date\x0a</data></match></read>
    <read><length>8</length><match><data>7. Exit\x0a</data></match></read>
    <read><length>29</length><match><data>\x2d\x2d\x2dCurrent User is \x2aNone\x2a\x2d\x2d\x2d\x0a</data></match></read>
    <read><length>19</length><match><data>\x2d\x2d\x2dToday\x27s date is </data></match></read>
    <read><length>8</length><match><data>8\x2d4\x2d2016</data></match></read>
    <read><length>4</length><match><data>\x2d\x2d\x2d\x0a</data></match></read>
    <read><length>11</length><match><data>Selection: </data></match></read>
    <write><data>\x2d1\x0a</data></write>
    <read><length>10</length><match><data>Try again\x0a</data></match></read>
    <read><length>9</length><match><data>Options:\x0a</data></match></read>
    <read><length>14</length><match><data>1. View users\x0a</data></match></read>
    <read><length>12</length><match><data>2. Add user\x0a</data></match></read>
    <read><length>15</length><match><data>3. Remove user\x0a</data></match></read>
    <read><length>12</length><match><data>4. Set user\x0a</data></match></read>
    <read><length>17</length><match><data>5. View Calendar\x0a</data></match></read>
    <read><length>15</length><match><data>6. Change Date\x0a</data></match></read>
    <read><length>8</length><match><data>7. Exit\x0a</data></match></read>
    <read><length>29</length><match><data>\x2d\x2d\x2dCurrent User is \x2aNone\x2a\x2d\x2d\x2d\x0a</data></match></read>
    <read><length>19</length><match><data>\x2d\x2d\x2dToday\x27s date is </data></match></read>
    <read><length>8</length><match><data>8\x2d4\x2d2016</data></match></read>
    <read><length>4</length><match><data>\x2d\x2d\x2d\x0a</data></match></read>
    <read><length>11</length><match><data>Selection: </data></match></read>
    <write><data>\x2d1\x0a</data></write>
    <read><length>10</length><match><data>Try again\x0a</data></match></read>
    <read><length>9</length><match><data>Options:\x0a</data></match></read>
    <read><length>14</length><match><data>1. View users\x0a</data></match></read>
    <read><length>12</length><match><data>2. Add user\x0a</data></match></read>
    <read><length>15</length><match><data>3. Remove user\x0a</data></match></read>
    <read><length>12</length><match><data>4. Set user\x0a</data></match></read>
    <read><length>17</length><match><data>5. View Calendar\x0a</data></match></read>
    <read><length>15</length><match><data>6. Change Date\x0a</data></match></read>
    <read><length>8</length><match><data>7. Exit\x0a</data></match></read>
    <read><length>29</length><match><data>\x2d\x2d\x2dCurrent User is \x2aNone\x2a\x2d\x2d\x2d\x0a</data></match></read>
    <read><length>19</length><match><data>\x2d\x2d\x2dToday\x27s date is </data></match></read>
    <read><length>8</length><match><data>8\x2d4\x2d2016</data></match></read>
    <read><length>4</length><match><data>\x2d\x2d\x2d\x0a</data></match></read>
    <read><length>11</length><match><data>Selection: </data></match></read>
    <write><data>6\x0a</data></write>
    <read><length>29</length><match><data>Enter new date \x28MM\x2dDD\x2dYYYY\x29: </data></match></read>
    <write><data>\x0a</data></write>
    <read><length>17</length><match><data>Date not changed\x0a</data></match></read>
    <read><length>9</length><match><data>Options:\x0a</data></match></read>
    <read><length>14</length><match><data>1. View users\x0a</data></match></read>
    <read><length>12</length><match><data>2. Add user\x0a</data></match></read>
    <read><length>15</length><match><data>3. Remove user\x0a</data></match></read>
    <read><length>12</length><match><data>4. Set user\x0a</data></match></read>
    <read><length>17</length><match><data>5. View Calendar\x0a</data></match></read>
    <read><length>15</length><match><data>6. Change Date\x0a</data></match></read>
    <read><length>8</length><match><data>7. Exit\x0a</data></match></read>
    <read><length>29</length><match><data>\x2d\x2d\x2dCurrent User is \x2aNone\x2a\x2d\x2d\x2d\x0a</data></match></read>
    <read><length>19</length><match><data>\x2d\x2d\x2dToday\x27s date is </data></match></read>
    <read><length>8</length><match><data>8\x2d4\x2d2016</data></match></read>
    <read><length>4</length><match><data>\x2d\x2d\x2d\x0a</data></match></read>
    <read><length>11</length><match><data>Selection: </data></match></read>
    <write><data>5\x0a</data></write>
    <read><length>45</length><match><data>Must select a user before viewing a calendar\x0a</data></match></read>
    <read><length>9</length><match><data>Options:\x0a</data></match></read>
    <read><length>14</length><match><data>1. View users\x0a</data></match></read>
    <read><length>12</length><match><data>2. Add user\x0a</data></match></read>
    <read><length>15</length><match><data>3. Remove user\x0a</data></match></read>
    <read><length>12</length><match><data>4. Set user\x0a</data></match></read>
    <read><length>17</length><match><data>5. View Calendar\x0a</data></match></read>
    <read><length>15</length><match><data>6. Change Date\x0a</data></match></read>
    <read><length>8</length><match><data>7. Exit\x0a</data></match></read>
    <read><length>29</length><match><data>\x2d\x2d\x2dCurrent User is \x2aNone\x2a\x2d\x2d\x2d\x0a</data></match></read>
    <read><length>19</length><match><data>\x2d\x2d\x2dToday\x27s date is </data></match></read>
    <read><length>8</length><match><data>8\x2d4\x2d2016</data></match></read>
    <read><length>4</length><match><data>\x2d\x2d\x2d\x0a</data></match></read>
    <read><length>11</length><match><data>Selection: </data></match></read>
    <write><data>\x2d1\x0a</data></write>
    <read><length>10</length><match><data>Try again\x0a</data></match></read>
    <read><length>9</length><match><data>Options:\x0a</data></match></read>
    <read><length>14</length><match><data>1. View users\x0a</data></match></read>
    <read><length>12</length><match><data>2. Add user\x0a</data></match></read>
    <read><length>15</length><match><data>3. Remove user\x0a</data></match></read>
    <read><length>12</length><match><data>4. Set user\x0a</data></match></read>
    <read><length>17</length><match><data>5. View Calendar\x0a</data></match></read>
    <read><length>15</length><match><data>6. Change Date\x0a</data></match></read>
    <read><length>8</length><match><data>7. Exit\x0a</data></match></read>
    <read><length>29</length><match><data>\x2d\x2d\x2dCurrent User is \x2aNone\x2a\x2d\x2d\x2d\x0a</data></match></read>
    <read><length>19</length><match><data>\x2d\x2d\x2dToday\x27s date is </data></match></read>
    <read><length>8</length><match><data>8\x2d4\x2d2016</data></match></read>
    <read><length>4</length><match><data>\x2d\x2d\x2d\x0a</data></match></read>
    <read><length>11</length><match><data>Selection: </data></match></read>
    <write><data>4\x0a</data></write>
    <read><length>22</length><match><data>\x2d\x2d\x2d\x2d\x2d\x2dAll Users\x2d\x2d\x2d\x2d\x2d\x2d\x0a</data></match></read>
    <read><length>12</length><match><data>User id \x3d 0\x0a</data></match></read>
    <read><length>26</length><match><data>Username is \x22mupohjyxkwo\x22\x0a</data></match></read>
    <read><length>58</length><match><data>About mupohjyxkwo: ieslizt iwvzlxi pcnjzut bckwzmv blepv \x0a</data></match></read>
    <read><length>22</length><match><data>\x2d\x2d\x2d\x2d\x2d\x2d\x2d\x2d\x2d\x2d\x2d\x2d\x2d\x2d\x2d\x2d\x2d\x2d\x2d\x2d\x2d\x0a</data></match></read>
    <read><length>52</length><match><data>Entering a username will set it as the current user\x0a</data></match></read>
    <read><length>16</length><match><data>Enter username: </data></match></read>
    <write><data>mupohjyxkwo\x0a</data></write>
    <read><length>9</length><match><data>Options:\x0a</data></match></read>
    <read><length>14</length><match><data>1. View users\x0a</data></match></read>
    <read><length>12</length><match><data>2. Add user\x0a</data></match></read>
    <read><length>15</length><match><data>3. Remove user\x0a</data></match></read>
    <read><length>12</length><match><data>4. Set user\x0a</data></match></read>
    <read><length>17</length><match><data>5. View Calendar\x0a</data></match></read>
    <read><length>15</length><match><data>6. Change Date\x0a</data></match></read>
    <read><length>8</length><match><data>7. Exit\x0a</data></match></read>
    <read><length>36</length><match><data>\x2d\x2d\x2dCurrent User is \x2amupohjyxkwo\x2a\x2d\x2d\x2d\x0a</data></match></read>
    <read><length>19</length><match><data>\x2d\x2d\x2dToday\x27s date is </data></match></read>
    <read><length>8</length><match><data>8\x2d4\x2d2016</data></match></read>
    <read><length>4</length><match><data>\x2d\x2d\x2d\x0a</data></match></read>
    <read><length>11</length><match><data>Selection: </data></match></read>
    <write><data>\x2d1\x0a</data></write>
    <read><length>10</length><match><data>Try again\x0a</data></match></read>
    <read><length>9</length><match><data>Options:\x0a</data></match></read>
    <read><length>14</length><match><data>1. View users\x0a</data></match></read>
    <read><length>12</length><match><data>2. Add user\x0a</data></match></read>
    <read><length>15</length><match><data>3. Remove user\x0a</data></match></read>
    <read><length>12</length><match><data>4. Set user\x0a</data></match></read>
    <read><length>17</length><match><data>5. View Calendar\x0a</data></match></read>
    <read><length>15</length><match><data>6. Change Date\x0a</data></match></read>
    <read><length>8</length><match><data>7. Exit\x0a</data></match></read>
    <read><length>36</length><match><data>\x2d\x2d\x2dCurrent User is \x2amupohjyxkwo\x2a\x2d\x2d\x2d\x0a</data></match></read>
    <read><length>19</length><match><data>\x2d\x2d\x2dToday\x27s date is </data></match></read>
    <read><length>8</length><match><data>8\x2d4\x2d2016</data></match></read>
    <read><length>4</length><match><data>\x2d\x2d\x2d\x0a</data></match></read>
    <read><length>11</length><match><data>Selection: </data></match></read>
    <write><data>\x2d1\x0a</data></write>
    <read><length>10</length><match><data>Try again\x0a</data></match></read>
    <read><length>9</length><match><data>Options:\x0a</data></match></read>
    <read><length>14</length><match><data>1. View users\x0a</data></match></read>
    <read><length>12</length><match><data>2. Add user\x0a</data></match></read>
    <read><length>15</length><match><data>3. Remove user\x0a</data></match></read>
    <read><length>12</length><match><data>4. Set user\x0a</data></match></read>
    <read><length>17</length><match><data>5. View Calendar\x0a</data></match></read>
    <read><length>15</length><match><data>6. Change Date\x0a</data></match></read>
    <read><length>8</length><match><data>7. Exit\x0a</data></match></read>
    <read><length>36</length><match><data>\x2d\x2d\x2dCurrent User is \x2amupohjyxkwo\x2a\x2d\x2d\x2d\x0a</data></match></read>
    <read><length>19</length><match><data>\x2d\x2d\x2dToday\x27s date is </data></match></read>
    <read><length>8</length><match><data>8\x2d4\x2d2016</data></match></read>
    <read><length>4</length><match><data>\x2d\x2d\x2d\x0a</data></match></read>
    <read><length>11</length><match><data>Selection: </data></match></read>
    <write><data>1\x0a</data></write>
    <read><length>22</length><match><data>\x2d\x2d\x2d\x2d\x2d\x2dAll Users\x2d\x2d\x2d\x2d\x2d\x2d\x0a</data></match></read>
    <read><length>12</length><match><data>User id \x3d 0\x0a</data></match></read>
    <read><length>26</length><match><data>Username is \x22mupohjyxkwo\x22\x0a</data></match></read>
    <read><length>58</length><match><data>About mupohjyxkwo: ieslizt iwvzlxi pcnjzut bckwzmv blepv \x0a</data></match></read>
    <read><length>22</length><match><data>\x2d\x2d\x2d\x2d\x2d\x2d\x2d\x2d\x2d\x2d\x2d\x2d\x2d\x2d\x2d\x2d\x2d\x2d\x2d\x2d\x2d\x0a</data></match></read>
    <read><length>9</length><match><data>Options:\x0a</data></match></read>
    <read><length>14</length><match><data>1. View users\x0a</data></match></read>
    <read><length>12</length><match><data>2. Add user\x0a</data></match></read>
    <read><length>15</length><match><data>3. Remove user\x0a</data></match></read>
    <read><length>12</length><match><data>4. Set user\x0a</data></match></read>
    <read><length>17</length><match><data>5. View Calendar\x0a</data></match></read>
    <read><length>15</length><match><data>6. Change Date\x0a</data></match></read>
    <read><length>8</length><match><data>7. Exit\x0a</data></match></read>
    <read><length>36</length><match><data>\x2d\x2d\x2dCurrent User is \x2amupohjyxkwo\x2a\x2d\x2d\x2d\x0a</data></match></read>
    <read><length>19</length><match><data>\x2d\x2d\x2dToday\x27s date is </data></match></read>
    <read><length>8</length><match><data>8\x2d4\x2d2016</data></match></read>
    <read><length>4</length><match><data>\x2d\x2d\x2d\x0a</data></match></read>
    <read><length>11</length><match><data>Selection: </data></match></read>
    <write><data>5\x0a</data></write>
    <read><length>9</length><match><data>Options:\x0a</data></match></read>
    <read><length>12</length><match><data>1. View Day\x0a</data></match></read>
    <read><length>14</length><match><data>2. View Month\x0a</data></match></read>
    <read><length>15</length><match><data>3. View Agenda\x0a</data></match></read>
    <read><length>15</length><match><data>4. Change Date\x0a</data></match></read>
    <read><length>20</length><match><data>5. Change View Date\x0a</data></match></read>
    <read><length>22</length><match><data>6. Add Calendar Event\x0a</data></match></read>
    <read><length>25</length><match><data>7. Remove Calendar Event\x0a</data></match></read>
    <read><length>28</length><match><data>8. Return to User Selection\x0a</data></match></read>
    <read><length>36</length><match><data>\x2d\x2d\x2dCurrent User is \x2amupohjyxkwo\x2a\x2d\x2d\x2d\x0a</data></match></read>
    <read><length>19</length><match><data>\x2d\x2d\x2dToday\x27s date is </data></match></read>
    <read><length>8</length><match><data>8\x2d4\x2d2016</data></match></read>
    <read><length>4</length><match><data>\x2d\x2d\x2d\x0a</data></match></read>
    <read><length>25</length><match><data>\x2d\x2d\x2dCalendar view date is </data></match></read>
    <read><length>8</length><match><data>8\x2d4\x2d2016</data></match></read>
    <read><length>4</length><match><data>\x2d\x2d\x2d\x0a</data></match></read>
    <read><length>11</length><match><data>Selection: </data></match></read>
    <write><data>\x2d1\x0a</data></write>
    <read><length>10</length><match><data>Try again\x0a</data></match></read>
    <read><length>9</length><match><data>Options:\x0a</data></match></read>
    <read><length>12</length><match><data>1. View Day\x0a</data></match></read>
    <read><length>14</length><match><data>2. View Month\x0a</data></match></read>
    <read><length>15</length><match><data>3. View Agenda\x0a</data></match></read>
    <read><length>15</length><match><data>4. Change Date\x0a</data></match></read>
    <read><length>20</length><match><data>5. Change View Date\x0a</data></match></read>
    <read><length>22</length><match><data>6. Add Calendar Event\x0a</data></match></read>
    <read><length>25</length><match><data>7. Remove Calendar Event\x0a</data></match></read>
    <read><length>28</length><match><data>8. Return to User Selection\x0a</data></match></read>
    <read><length>36</length><match><data>\x2d\x2d\x2dCurrent User is \x2amupohjyxkwo\x2a\x2d\x2d\x2d\x0a</data></match></read>
    <read><length>19</length><match><data>\x2d\x2d\x2dToday\x27s date is </data></match></read>
    <read><length>8</length><match><data>8\x2d4\x2d2016</data></match></read>
    <read><length>4</length><match><data>\x2d\x2d\x2d\x0a</data></match></read>
    <read><length>25</length><match><data>\x2d\x2d\x2dCalendar view date is </data></match></read>
    <read><length>8</length><match><data>8\x2d4\x2d2016</data></match></read>
    <read><length>4</length><match><data>\x2d\x2d\x2d\x0a</data></match></read>
    <read><length>11</length><match><data>Selection: </data></match></read>
    <write><data>8\x0a</data></write>
    <read><length>9</length><match><data>Options:\x0a</data></match></read>
    <read><length>14</length><match><data>1. View users\x0a</data></match></read>
    <read><length>12</length><match><data>2. Add user\x0a</data></match></read>
    <read><length>15</length><match><data>3. Remove user\x0a</data></match></read>
    <read><length>12</length><match><data>4. Set user\x0a</data></match></read>
    <read><length>17</length><match><data>5. View Calendar\x0a</data></match></read>
    <read><length>15</length><match><data>6. Change Date\x0a</data></match></read>
    <read><length>8</length><match><data>7. Exit\x0a</data></match></read>
    <read><length>36</length><match><data>\x2d\x2d\x2dCurrent User is \x2amupohjyxkwo\x2a\x2d\x2d\x2d\x0a</data></match></read>
    <read><length>19</length><match><data>\x2d\x2d\x2dToday\x27s date is </data></match></read>
    <read><length>8</length><match><data>8\x2d4\x2d2016</data></match></read>
    <read><length>4</length><match><data>\x2d\x2d\x2d\x0a</data></match></read>
    <read><length>11</length><match><data>Selection: </data></match></read>
    <write><data>7\x0a</data></write>
</replay>
</pov>