<?xml version="1.0" standalone="no" ?>
<!DOCTYPE pov SYSTEM "/usr/share/cgc-docs/replay.dtd">
<pov>
<cbid>service</cbid>
<seed>290407399720a83b88abdd769700c330049f87aa6ba3bd3caefc6f183ff7d2646c9f5e4c59fa65024170558ef2bb20f0</seed>
<replay>
    <write><data>J\xd4\xb9\xda</data></write>
    <read><length>4096</length><match><data>J\xd4\xb9\xda\x1c\x5c\x15\xba\xa9\x1e\x27\x1c \x27\xd3\x8c.3\x14\x03\x19!w\x5e\xcd\xb6\xa2\xc3y\x3c40\x15\x5f!\xcaP\xb6\x9a\xba\xa4\x28\xfcyCP\xd4\x98\xefk\xa1\xcb\x00\xf9\x91\xe4\x9d\xfa\x3d\xe1\x9d\x25\x238\xd6\xc6\x0f0\xef\xc4y\xbe\x7c\xff\xca\xaa\xbf2\x02Q\x25w\xe3\xc2R\xda\xfeOL\xa0\x9bLC\x8bi\x3b\x10\xa1\xbf0p\xe4\xd1\xba\x15\x9e\x8el\x04:\x7c\xa3QZ\xa5\x81\xeb\xf4\x16\xfd\x9a\x9f\xd3\xb0\xc9.\x1d\x2a\xd5\xb2\x3d\x3e\x2d.\x5b\x89\x16\x29\x98Rn\xd55\x7f\xad\xc5\xd0\x901BhS\x15\x02m\x01\x0eQ\x7d\x99\xdc\x8bV\x22\x84i\xd4\xa7\x18\x08b\x5dh\x9aT\x89\xb8F\xae\xf3\x5e\x03\xcf\xe8\x1a.\x15\xb5\x88\x80\xb0ek\x23\x10v?!\xb8\xc5\xe1\x92W\xc1q\xee\xdc\x85\x8d\x00\x82\x5c\x9a\x40\x90\x7f\x08\x93S\x94\x07\xbf\xe5f\x8fF\x2c\x12\xc0\xac\x14\xfe\xd2\x7d\xc7Q\x03\xc3\xd3\xc3\xe8\x00\x15\x9b7\xc1\xa6R\xf8\x7d.\x84\x7bz\x1e\x5d\x96\x8e\x14Y\xb3\xe1I\xa8l\x7f\x25\x0f\xb5\xf46\xc9p\xf5\xb8\xcc\x84\xdcSI\xec\xe6\xe5\xaa\xc7\x7c\xd5\xa2\x0c\xcd\xcf\xf9\xe0\xa0\x23\xf1\x89\x07f\x96l\xc2\x9c\xfc\x27\xdc\xce\xcd\xf9\x98\xa2\xb1\x91\xfd\x88\x8d\xd1 \xf5RG\x9b6?i\xf6\xa7\x89\xd0\xf0\x22f\xaa\x16\xd0\xfal\x18\xdd\x23\xee\xc7\xe6\x85\x85F\xbee\x98\xbe\x2f\xde\xf3\x12\x19\xa6\x80\xba\xa8!\x83\xf5\xa1\xc1\x8b\xb1\x1e\x92\xed\x89\xbb\x82\x7faY\xa6\x10\x04\x3d\x83\xe6\x01.\x91\x1a\xb5\x11\x9b\x83\xbd4\x14\xe1\xe6\xdf\x9e\xfb\xfb\xe7\x7fD\xae\xe1\x91\x1e\x0f\xc9y\x1dA5\xfc\xe7G\xa9\x1e\x03\x80\x8d\x9e\xa34E\xb6\x9b\x40FYSn\x9buBj\x1d\xeeo\x19\x29\xd7\xf0\x5f\x3b\xde\x7c\x0b\x23\x9f\x9b\x8c\xef\xb7\xd2\x98\xd6U\x0c\x8c\xb1\xd3\xeeZ\xff\x82\xd2v\xef\x7f:\x0c\x9dL\x83\x8dz\xa6\xedZ\xb8\xd1o\xd0g\xe6y\xfc\xb9\x95\x93\xc5\xf5\xf3\xb4Y\xd00\x1b\xf1\xa9\x9c\xac\xb9E0\x3c\xb6nS\xdaj\xe4\xc8b\xe4\xc5\xac\x9a\x1b\xeeL\x18\x9dr\xf5a\x9a\xadQ\x93F\x3cE\x07\xfal\x5f\xd0\x5e\xf3\xc0\xc1\x1e5\xf91\xde\xcb\x8c\xd2u\x9c\x17K\x22\xb1\xdfGB\x9c\xe3\xaf\xc1PRD7\xcd0\x2dQ\xa2\xd2\x29X\xbf\x98l\x0d\x24W\xd0\x97\xf9e\xe2U\x8e\x3c\xf7\xb7\x18\xcbc\xadLl\xa8\x40\x9a\x8c2\x89\xac\x03\xf5\x9d\xf7\x80\x07b\x83K\x5d\x9b\xd2u\xc4\x07\xd3I\xc2\x17\xc0\xd7\xe0\x0e9Q\xd1\x86\xfe\x95\x2f\xadv\x5c\xf8O\x9d\x5d\x94\x2aS:\xb1\x2fh\x013PI\xd2\xcah\xd4\xac\x9b\xb9\xb7\x96\x9c\x1a\xcf\xccR\x1f\x994\xaf\xe0y\x9d\x28fY\x2f\xb8\xc5\x2c\xc16\xa0\xb1\x840\x09\xd1\x9d\xf3\x40\xbd\x1dyr\xe8\xbb\x0e\x91\x9ar\xb8\xf9a1P\xdc\x16\xf3\xfd\xa6\xf50F\x9f\xc6\xd7\xfe\xc0\x2du\x85\xf7\xe8\xf0!y\xfcS\x00\xa6YT\x9b\x81n\xe8\x8c\xd2\xca\x0bf\xea\x92\xcb\xa2\x60M\xc2b\x28\x83\x07\x93\xca\xcc\x7d\x10v\x88\x1d\xc1\xca\xdf\x1f\x23\xa5y\xe7\x16k4\xde\x7b\x86\xd0\xddy\x98\xe2\x93M\xca\x8e?\xdae\xaf\x1f\xdbX\xf4\x86\xfc\x99\xc5A.\xeb\xe3\x7fI\xc3\xa3\xd5\xa3\xd7\xb5\x8e\xd1\x23\x86\xdc\x82\x11\xbf\x11\xfa\x0e3\xdc\xc8\x88\xfa\x7b\x9fd\x260\x5fV\xc1J\x26m\xa6x\x13z\xa3\x0d\x10\xd8\xf2\xa5Y\xbc\x95\x1c\xb2mJ\x88!H1\xbd\xde\x1dM\x124\xbd3\xbb\xd8\x5c\xb8Z\x1c\xe7\x96\x80\x98\xfa\x3e\x0dY\xdd\x5f\x24\x9aA\x26\x2f\x1d\x87r\xba\xa1\x24\xe3\xa5oy\x2c\x2aQ\xa5wNl\xad0\xff\xd3\xea\xbb\x0a\x2b\xbb\x8bXX\x7bF\xa7\x03\xf0\x3b\x92\xef\xc8wQi\x09\xdc\x87\x07\x5e\xcb\x7f\xcd\xd8\x9a\x0a\x96\x1cf\xedq\xf5z6\xea\xea\xe9\xf6\x2a:rS\x91S\x83\xbfT\xb7\xc4\xcf\xc7\xb4\x16\xcd\xe0G\xac\xa3\x85\x9e\x88!i\x3egH\x84\x8a\xe4 3V\xc7\x3c\xb3\xbe\x2f\x14\x0b\x11\x05\xb2\xab\xf1\xa4\xb5\xf4\xd6:\x15\x09\x2c\x02\x10\xdd\x91l\x90\x1c\x9f\xb1\x28\x2f\x1a\xa0\xd4\x25\x96e\xc1\xb0\x60M\x01\xb2\x1f\x3d\x8b\x5cp\xe7\x1bSbiL\xdc\xf1\x93F\x841w\xa6\x92UH\xa7\xf2\x13\x88\x99\x84\x9f6\xdb\x02\xb8\xbd\xa3\x82\xf9\xeeD\xdd!\xb5\x7d\xe2\x9fZ\xcb\xd9l\xef\x2d\xc9\x109\x24\xda\xb6\x7d\x7f\xb6\x9c\x86d\x25\x11\xea\x98a\xa7\xbfs\x85\x23\xbf\xbe\x98.A\x3e\xedk\xdc2o\xe5\xd4c\x1e\xb7\x25\xc0\xcb\x13\xd9\x0e\x9f\x84A\xd4\xc2E\xe1\xa6q\xa9\xa7M8\xa8\x88\xa3S\xaf\x9c\xd1\x2aER\x10\xe7\xbf\x90\x1d5\xebJ\x85\xfc\xec\x60\x98\xa8t\xe0x\xa7x\xbd\x1e\xe0\x97\x15\x87\x60\x3b\xbc\x03\x7d\x29\xebY\xd3\xe0Gl\x05d\xb4\xde\xe3\xad\x2f\xce\xe25\xf6\x02\xb0\x8e\xe6\xbf\xcaFRo\xb3\xb8\x8a\xb7\xc4\xb1Q\xaf\x88u\xa6\xc2\xe2\xd1\xf5\xbc\x01\xb2\xf2\xa0\xac\xaf\xcc0\x28K\xda\xbc\xc8\x29\x12\x3d\x10a\xc3\xf2\xf3\x7d\xc3\xac\xac\xd7\xbd\x8e\xee\xc3\xbb\xf2\xeb\x0f\x2c\xa7w\x24\x7bH1\xa4\xe0\x2c\x8b\xc9\xbf\xc9gj\xf5\xc4\x2f\xc94XL\x05\x2a\xdd\x9bk\x07\xbc\xb8T\x26\xb1\x86\x28\x04\xac\x80\x9b\x7d\xfd\xe0\x97g\x04\xb8\x26\xaf\xba\xe1\x10\xe6\x1b\xc8o\x22\x3d\xaf\x06\x8c5\x24\xe5\xf0\x81e\x91D\xe7\x3bl\xa7\xb1\x81\xf6\x89\x99\x2aP\x06\x10\x7e\xcb\xc0\x05\x1bO\xeeb2e\xd3Ko\xc1\xfb\xff\x10\x1e\xea\x8b\x01\xb1\x88 !\xbaK\x8b\x04\xf5c\xa5.xvw\xb1\xe4\xcc\xa0\xf6\xb9\x12\x28 H1\x27\x1d4Jwj\xb1a\x27\xcb\xbc\xca.\x09\x11k9K\x08\x1a\xce\xd4\x10\x00\x12\xd5W\x19EaR0\xde\xe4\xffi\xb9\x89\xce\x8b\xa9\x89\x9c\xb9\x1f\xef\x03pH\xbb\xc0 lN\x84\xca\xa9\xfa\xac\xff\xf4\xa9o\x40\x95\x3eL\xfb\x284q\xe6\x8f\xd9yf\xa6\x2a\xfcyp\x166\xce\x12\x9f\x26\x09\xe7\xa3\xb2\xd4\x0c\x12Z\x98\x0e.\xea\xb9R\x7c\xfa\xb3\x14\x97w\xd9e\x5c8\x18\x04\x24\xff\x9b\xb1A\x81\xe6\x95f5\xfc\xbaqv\x83\x1aGE\xaa\xac\x06S\xd1\x3e\xf4\xea\xee\x10s\x05\xfb\xb3\xd2l\x11\x28\xbc\x0b\x2d\x26L9\x28\xc3\x28\xab\x2cF\x92\x22\x3e\xbd\xa8rI:eUr\x5eH\xf7\xff\xa4L\xb2\x5e\xec\x8f\x5e\x93L\x1fvs!ex\xbcV\xd7\xb2\xfd\x15\x25\xe9\x80\x5e\x1e\xae3k\xc0\xc0\x85\xb9\x85\xe3z\xf5\xaaL\x18\xf70\x08\xc5\xfc\x0aM\xc5m\xfc\xc8\x15\xe0\x18\x05\xe8\x07\x88\xa6\x5do\xbck\x9f\xdc\x5e\x0e\x25\xe71\xc2\xfc\x18\x16\x2dTi\x82\xc6\xe1j\x02C\xe8\xb7\xb3y\x26\xbaG\x9f\x23\x13\xd1\xe1\x94\xe9Z\xd7\xc8\xa9\x94\x26\x04\xe0\x15\x5c\x3b\xd0n\x12\x95\xc0\x81\x3d\xe1\x2aE\x1dA\xaf\x14\xee\xd3F\x23\xcb\xfbl\x2a!\x0cS\x1e\xfe\xf0\x96\x8eX\x28\xe4\xf6\xc7\x8eB\xd4!\xe9h\xd5\xf6\xde\x2d\xbd\x5d\x40\x17\x93\xfc\xaeKN\xd9I\xce\x1b1c\x8bD\x0dE\x02L\xe6\xb6\x0f\xf0\x2c\xcf\x1fx\x9e\xb0oC\xb3\x9b\x40\xbe\xe9\x97\xc1\xebMWw\xf7\x2b\x1a\xa1\x7dY\xfd\x0d\x98\xf1\xc8L\xd2A\x9a\xb1\xf7\xff\xf7\xc4\x3du6\x8a\xff\xcf\xbd\x1a\xe2\xc3\x18\x88\xde08\x9d\x09\x00\xc63\x12\xdc\xdd\x95Bk\x09\x0f\xb4\xe4\xe2W\x94\x25\xe9\xdb\x0f\xe6\x2d\x17\xd1\x0c\xee\x5d\xbdOC?\xc9\xb1G\xfeCh\x8e5\xe3\xce\xc9C\xf6\x26\x7d\x015\x9a\xa2x\xf2N?\xf1\xa1\xf1\xb54\xbb\xba\x98z\xfe\x982\xbd\xf7\x12\xfcdGRr\xdds\xc1\x93\x97\x95\x0e\x1cU\x26\x13\x93\x2a\x0c\x40\xc4z\x1a\xfc\xf4\xd8\x876W\xea\xca\xf8b\xf9T\xc3I\x83\x5brY?\xd3\x94\xff\x11\x0e\x8a\xf1\x0f\xad\x0f\xdc\x3e\x60H\xa9\xb3\xf0\x7d\xc5\x81\xda:\xf97\x875l\x91\x1a\xf7\xed\x7c\x14F4C\xfa\xc4\xf8\x95\xc8\xe5B\x84\xcb\x8d\x3dEm\x8b\xc2\xcc\xd2\xff\xabpF\xde\xef\xb4\xb2\x9b4\x03\x0d\x2c\xf5\xc7\x9a\x2d\x00\x5f\xdff\x97\x03\xdb\x8b\x7f\x99k\x8aC\xd7j\xdc\x08\xfe\xa2\x90\xda\xcdW\xe0\x81\xc4Qt\xbe\x96\x84\x18W\x01\xe3\xc4\xc1\x1dP\x7e\x25\xed\x83\xa0\x8f4\xd7\x80\xac6\x05\x83\x25\x90\x3bO\xb6Z\x93\xa8x\xb4j\xb5\xfe\xa1yv\x1f\xe6\xd3\xa8\x7e\xf9\xfc\x1d\xabK\x98\x12\xaef\xad\x9b8f\xf4\x5f3Be\xf8\x2cP\x82\x5f\x28j\xec\xd1\xfa\x81\x93\xa7\x83\x83\x0e\xdcU\xa5\xb6\x06\xbe\x3b\xbf\xc8\x87\xdb\xe3\x8ci\x9a\x87\xc9d\xf1\x95\x87\xdf\xde\x99\x101\x0d\x90\x2d\xfaIe\x07\xaf\xfe\xb4\xdb\xbaF\xc4\x7b5z\x97\x06l\x0ev1\x29\x85\xe7\x19\xf2\xb0Hg\x16L\xa7\xe8c\x9f\xd6\x0aC\xad\x10e\x9b\x87\xe1\x89f\xd4\xaa\x26\xf5\x3dy\xd1\x95\x7c\xc3F\x5d\xce\x1b\xc2\xcd\xe8\xb7\x9dR \xec\x96\xaf\xaa\xf5\x99\x9f\x2f3\x5d\xda\xe1R\xc1\x23\xc6\x26o\xa4\x12\xf9r\xb0\xfe\x83\x0d\x0d\xc7\xac\xbeWtW\xac\xafI\x1a\x8a\x1c\x3e\x2b\xee\x09\xdfw8\x40\x9a\xc7?\xda\x08\xad\x13nC\x5c\xcc\x9d\x9c:h\xa8\xdbS\x12:\x9b\x9a\x944\xa6\x0f\x1c\x7dm\x7cS\x2b\x12\x7b\xc6\xde\xaf\x27\x2b\x1b\x08\xb6\xeec\x7d\x19\xaf\xe5a\xc6\xe1\x80\xcb\xb2?\x3e\x5d\x25?\x9bC\x3e\xf1U\xcb\xd7N\x1f\xeb\x2cT2\x96\xf9b\xbb\x7fL\x5dK\x0e\xa1x\x0a\xf9\x5bDR\x2dzK\xcf\xa4\x91\x7eX\x2f\x03F\x9e\x0c\x85\xa6\xf6\x5b\xa7C\xe5RP\x8aXPiys\x3d\x08\x8f\x3b\x2dt\xa3\x1b\xbf1nSlw\x3e\xae\x81\xe7\x08\x40\xab\xfav3\x1d\xa5\x3d\x8d\x1f\x02\xdeu\xba9lWR\xc4\xf2\x99\x0dPW\xed\xbfRq\x95\x99\x2d\x98E!\x8c\x9e\x98Im\xff\xf8\xd7\xe9O\x08u4\x1b\xfe\xbc!\x25\xfa\x06\xb3\xa1?T\x9d\xef\xf8Pak\x84\x7d\xf8\x8c\xcb\x9dt\x92Z\xe5\x5ca\xf3\x9b\x11acJh\x8b\xc0y\x3c\xd5\x1a\xbd\x93\xcd\x29\x96\x23\x23\xaaTb\xda\xd0\xe3\x0e\x9cB\xf2\x5cm\x85F\x9f\xd6\xd0\xbb\x95\x82K\xc3\xc1\x7f\x29T\xf1\xf8\xeb\x8e\xc6\x7eHdu\x0d\xf9H:f\xb7\x2c\xe7\x1f\x06\x15\xd0\x22\x3c2o\x0cGD\xb0U.Z\xa9V\x1a\xe5\x91\x84\x12m\x10L\xee\x90\x90\xf4\xf5\x1f\x2c\x03\xc2\x03\xe6\xf6\x90a\xf9\x3c\x0c\xf6\xacSBY\x02\x25n\xa0\xd6\xc8\xde2\x96\xde\xf9\xb4\xd6\x8d\x17\x7b8\xee\x10MvV\xa2\x03p\x81n\xa2\x14\x17\xba\xbb0\x07\xcb\x2fi\xbba\x7br\x3c\x22\x22i\xb6\x9e\xf6\xd2\x9a\x26\xd8\xd0\xe4\x8c\x18\xca\xff\x25\x26\xcf\x861\xf7\x0b\xd9\xcd\x15\xf6\x3d\x29\x96\xb9\xddk\xc3\x12U\x82K\x1e\x60\xbad\x3eM\xb7zj\xfe\x15MQ\xa3\xc2\x7e\xd6\xf0\xc4\xd2\x94\xdf\x1el\xf4\x3e\x83r\x10\x87\x3d\xbf\x96L\xcb\xba\x93\xb3\xc9\x95\xf2\x5c\xf6\xfb\xce\xa2\xe6\xee\xa6\xbc\x04\x19\xc8\x2b\xb8\xe9\xf6\x01\x5d\xa1\xe1\xac\x0c\xc4\xf5\x3b\xf7\x12\x0bX\x27Cv\x88T\x95q\x9e\x0f!\xcb\xcd\xb2C\x8d\xa6\x97\x7d\x9a\xbd\xf5\xac\xaa\x83\x8bo\x3c\x94?G\xcc\x2f\x0f\xbfq\x17\xb9\xcb\x3b\xa7\xbd\xb1\xf9:\xe98j\xae\x7d\xe2\xe6\xb8\x93\xc9\xc5\xa2\x94\xc7\x18\x95j\xe9\xdcQ\x81\x83\xc6\x92\x5dJ\xbeW\x3d\x86\x14i\xa21\xb9\xc4\x24\x28\xed\xca\xa3\x1d\x01\x835\xb6\x80\x8d\xc2\xce\x0b\x7b6\x3eU\xfa\xb8\xae\xd82\xc2\x14\xf9\xdeT\xdb\xf6\x95\x04\x9f\x05\xac\x87\x7dPoE\xa4\xcb\xbc\xe0\x81\x0b\x82\xae\xdcnU\x28\x88\x22\x93\xa5Y\xe5\xe6\xf8\x7b\x9b\xd6J\x5d\xba\x8bjd\x98\xa2\xc1\x5c\xael\x5b\x0f4\xdep\x8c\xad H\x15\xf6\x9f\xdc\xe1\x97\xb7\xd2\x5d\x7b\x3d?\xe0\xcf.\xbe\xfeI\x808\xea\xac\x8c\x06E\xc1\xa03\x1d\xa9\xd2\xc4\xd0\xe0qyU\xaa\x0f\xde\x3d\xc6\x2ajtf\xcbYX7\xd5\x8e\xde\x19!l\x0ax\xc7\xb8q\xbd\xee\x25u\xbb\x82\x28G\x0a\xa2\x1cT\xa5\x0f\xb3kq\x8f\x9b\xaf\xafB\xe2\xc1b\x2d\x1c\x9c\x3c\xb7\x08F\x85\x170G\x12s\x27\x0cA\x97\xc9\xdf\xfd\x0e\xaa\x11\xc2\xd9\x89\xb6\xff\x1e\xe8\xc4\x85\xd2\xfeKz\xa7\xe4\xebhn\xe3S\x91\x93\x1dD.k\xc5\x0b\xfe\xed\xa9U\x90\xadu2\x1cG\xcf\xdfV\x04\x26\xbc\x06m7\x8f\xefk\xbeH\x9e\xd3\xbe\x25\x22\xc2\xf9\xe8w\xc8M\x19\xe8\x9e\x94\xbf\xee\xb7\x8f\x0b\xcam\xb0\x24\x1f5\xf3\xbe\xfb\xa9\xbf\x07\xbf\xf5\x01\xe3\xbb4\x85.\x2fNs\xb0r\xdfV\x87\xf7\x91\x98\x1d\x00\xf6\xed\xf8\xeb\xb6\x11\xb2\xfb\x5b\xbaS\x9c\x29\x1a\x15\xb0Sjjz\xb0\x81\xda\xa3\xc4\xb3\xfc\xba\xedA!\xd9\xfb\x17s\x0e\x0e\xe2\x06\x5b\xe5\x1e\x3d\x835\x11\x0e\xebt\xfa\xf0\x7b\xf1W\xf2\xac\xa1\xdf\xe2\x0c\x0d\xc2\xe1\x8c5\xf9t\xc4\x13\x7e\xce\x16\xd7\x8b\xa6k\x90V\x3c\xdf\x83n\x16A\xae\xefV\xd4\xff\x9e\x0a\x28\x0c\x3b\xf8Gnxs\xfc\xf9FC\xd6\xb7\xdb\x0f\xcf\xc0\xab\xda\xe8\xbd\x82\x13\xb9\xba\x22\xcb\xcc\x5f\x88F\x5f\xd3\x81\xb8\x9cZw\x1b\x87\xfb\x8d\xe2\x9b2\x7d\xd7\xe2\x8f\x27\xb3p\x0dp\x09\x3c46\x0f\xe7\xc9d\x00\xd0\xa8\xf0\xd3\x0b1\xd65\x7e\x40\x2bFS\x7b6\x9b\xaf\xed\xa5\x81b\x06\x2dU\xf4\xe0\x7e\x17\x8c\x83\x60\xf8B\xbd\xff\xa8\xd4\xbb\x603\xe2\xae2\xb5O\xd6\x11\x5d\xc6O\xc2gQ\xd9\x90oUx\x3e\xa9\x02\xd0\x0e8\x9c\xc7v\x8c\x3d\x08\x80\x8c\x5b\x98\xba\x3c\x8cn\xa3y\x7b\x93\x98\x03\x8f\xe5Q\x1a\x19\x03\xf9\xf1\xc4\x83\x117\x3e\xbe\x2b\x09\x16\xe8\xeda\x27\xfb\xb4\x40f\xc9\x407\xd4\xae\xdf\xf5W\x82\x242\xa1\x7f\x13\x12\x3c\xc6\xcb\xccS\x99\x05\xe2\xfd\x94us\x09x\x95\xce\x2d\xdaA\x15S\xd9t\xfa\xe9\xc4\xd8\xa6Z\xa5\x80\x2a\x1b\x05:\xb4\x0b\x09\x090\x25\xde\x5b\xf3\x28\xfa\xde\xc7\xd3\x81\xef\xeay\xa7E\xb3\xef\xb4\xad?\xe9\xe6\xa6A\x7dex\x2aE\x24\xcf\x1c\xb8\xe4J\xb1\xdeH\x88\xc4\xad\xfd\x966\xbe\xe8\x84K\xaf\xef\xb0U\xa2k\xc8\x5f\x15\xe242\xd5c\xce\xa7E\x22\x18\xef\x1aR\xdb\x2ah\xbe1\xf1\xb8\xa286qR\xb0f\xfco\x04\x06U\x19X\xd3f\x09\x15\xe7\xf3\xdf\xa1\x00\x22\x14\x7fW\xd7\xf4k\x5d\x02D\x92\xe3\xc4\xb2\x1e\xe3\xd3\xe5\xbd\x00a\x13G\xa6\xa7\x11M\xe9\x01\xa5\xa2\xf2\xff3\xbf\x0az\x10\xa7\x8b\x05\x15\xdb\xd9\x07\x87\x98\x01\x82\x0d\xe5KsuLF\x1b\x3e\xe2A\xdc\xdf7\xdd\xe4\x1c\x81eo5\xef\xb4\xd1\xd4c\xa0\xf7A\xfc\xcbn\x5c\x2d\x83\x40\x5d\x09\x16\xf1\xef\x5fE\x05\xad\x14\xf4\x8b\x22\x07\x8c\x09\x1b\xd5\xb5:\x15r\x3c\xd2\xa7\x19\xcexNp\xc21\x998\xf9s\x7b\xe12\xb8\x40\xab\x40\xd7S\x80\xb6\xc1\xe4?M\x5d\xd0\x80z\x3d\xe6L\x10g\x2b\x10\xef\x26\xc3\xf7\xfd\x81\x96\x96\xed:\xd3\x86\xc2\x7e2\x06\x0cD\xc5\xa4\xe2\xe7\x9bb\x86U\xe6\x16z\x8d\x88\x9dD\xc4\x8cg\xf1\xccg\xfb\xc7\x1c5f\x1d\xeb\xedF\x9c\x0a\xb9\xc4\xef\xaa\xa5\x97\xe08\xb3\xed\xdd\xe0S \xa5\xbd\x15\xff\x1e!\x7b\xdf\xdf\xc4\xe1\x3e\xfdm\xb5\xf6WQ\x09\x8e\xb9\xd9\x19\xb4\x16\xd9\xfaP\xdd\x86\x9b\x8aV\xaaOb\xb4\xbal\x87\x14\x96\x0d\xbf\x5d\xd3\xcd\x8f\x24\xc7\x40\xb6\xf1\x0f\x9d\x86\x17\xcc\x0cJ\x08\x90\xd6\xdaD\xf0\x11\x93\xbd\xfcy\x17\xe1\xaa\x8d\xd8\x8ebw\x11\xfc\x1b\x24\xf1r\x0cN0\x0d\x06h\xa8\x00K\xd1f\xe0o\xe1\x99\x3e\x18i\x7e\x28:\xabe\x2d\x25U\xc5\x94\x27H\xde\xcd\xc1\x13\xbaht\x9e\x00\xd2\x89z\x1fVP\x94j\xcbO\xcb\xb9\xa2\x08E\x25\xf4\xf2B\x5f\x1c\xb8\x19\xfbo\xaa\xf5\xfc\xb6v\x7c\xb4r\x3b\x91\xbd\xdfO\xcfq\xff\x08A\xe4\x9f\x15\xb6LB\xf0\x29h\x93b\xc5\xe4\xa1\x3d\xe7\x9e\xfcqX\x18\xc5\xefH\xc9\xfa\xc8\x0b\xfb\xc2nu\xdaV\xd6\xc2\x121\xd2Mdo\x17\xd0u\x09\x97\xea0\xe6\xa8\xc8f\xa2\xde\x92\xfb\x5d\xef\xf0\xe7\x86!l\xd9C\xe4\x01\xdc\x9a\x5c\xe9!\x9e\x06\x03\xc0\x27\x05\xc0\xc3y\x5dIO\xbf\xfe\xc3\xa1\x07\x16\x25A\x0d\x81\xcd\x23\x5d\xa0\x5e\x09T\xccT\x5bE\x2b\xe9\x03H\x3e\x7b\xca\x97\x0a\x3d\xee\xf0\xd5\xcc\x82E\x87P\x0b\xf4\x7f\xf9\x94\xe4\x86N\xabO\x3c\x02\x7b\x00\x8b\xb9\xd7\xf5\xd8\xaf\x0e\xe7\x259\x17\x0a\xa45\xe1\x5dG\x90P\xeac\x29\x0f2\xc5\x1e\x86\x04\x1d\xe9\x86\xe7\x23:\x9ebC\x00\xdc\x1d\xe6\xc1L\x9e\xe1\xa3f7\x1c\xdb?jL\xd1\x84Z:\x8a\x3eQ\xa1.U\x92\x17p\x28\xaa\x3b\x25\xbdm\x8c6\x94\xe9\xe9\xc8\x08\xc1kC\xac!l\xd1\xa2\x00\x97g\xcf\x7f</data></match></read>
    <read><length>9</length><match><data>Options:\x0a</data></match></read>
    <read><length>14</length><match><data>1. View users\x0a</data></match></read>
    <read><length>12</length><match><data>2. Add user\x0a</data></match></read>
    <read><length>15</length><match><data>3. Remove user\x0a</data></match></read>
    <read><length>12</length><match><data>4. Set user\x0a</data></match></read>
    <read><length>17</length><match><data>5. View Calendar\x0a</data></match></read>
    <read><length>15</length><match><data>6. Change Date\x0a</data></match></read>
    <read><length>8</length><match><data>7. Exit\x0a</data></match></read>
    <read><length>29</length><match><data>\x2d\x2d\x2dCurrent User is \x2aNone\x2a\x2d\x2d\x2d\x0a</data></match></read>
    <read><length>19</length><match><data>\x2d\x2d\x2dToday\x27s date is </data></match></read>
    <read><length>8</length><match><data>8\x2d4\x2d2016</data></match></read>
    <read><length>4</length><match><data>\x2d\x2d\x2d\x0a</data></match></read>
    <read><length>11</length><match><data>Selection: </data></match></read>
    <write><data>1\x0a</data></write>
    <read><length>22</length><match><data>\x2d\x2d\x2d\x2d\x2d\x2dAll Users\x2d\x2d\x2d\x2d\x2d\x2d\x0a</data></match></read>
    <read><length>9</length><match><data>Options:\x0a</data></match></read>
    <read><length>14</length><match><data>1. View users\x0a</data></match></read>
    <read><length>12</length><match><data>2. Add user\x0a</data></match></read>
    <read><length>15</length><match><data>3. Remove user\x0a</data></match></read>
    <read><length>12</length><match><data>4. Set user\x0a</data></match></read>
    <read><length>17</length><match><data>5. View Calendar\x0a</data></match></read>
    <read><length>15</length><match><data>6. Change Date\x0a</data></match></read>
    <read><length>8</length><match><data>7. Exit\x0a</data></match></read>
    <read><length>29</length><match><data>\x2d\x2d\x2dCurrent User is \x2aNone\x2a\x2d\x2d\x2d\x0a</data></match></read>
    <read><length>19</length><match><data>\x2d\x2d\x2dToday\x27s date is </data></match></read>
    <read><length>8</length><match><data>8\x2d4\x2d2016</data></match></read>
    <read><length>4</length><match><data>\x2d\x2d\x2d\x0a</data></match></read>
    <read><length>11</length><match><data>Selection: </data></match></read>
    <write><data>\x2d1\x0a</data></write>
    <read><length>10</length><match><data>Try again\x0a</data></match></read>
    <read><length>9</length><match><data>Options:\x0a</data></match></read>
    <read><length>14</length><match><data>1. View users\x0a</data></match></read>
    <read><length>12</length><match><data>2. Add user\x0a</data></match></read>
    <read><length>15</length><match><data>3. Remove user\x0a</data></match></read>
    <read><length>12</length><match><data>4. Set user\x0a</data></match></read>
    <read><length>17</length><match><data>5. View Calendar\x0a</data></match></read>
    <read><length>15</length><match><data>6. Change Date\x0a</data></match></read>
    <read><length>8</length><match><data>7. Exit\x0a</data></match></read>
    <read><length>29</length><match><data>\x2d\x2d\x2dCurrent User is \x2aNone\x2a\x2d\x2d\x2d\x0a</data></match></read>
    <read><length>19</length><match><data>\x2d\x2d\x2dToday\x27s date is </data></match></read>
    <read><length>8</length><match><data>8\x2d4\x2d2016</data></match></read>
    <read><length>4</length><match><data>\x2d\x2d\x2d\x0a</data></match></read>
    <read><length>11</length><match><data>Selection: </data></match></read>
    <write><data>3\x0a</data></write>
    <read><length>16</length><match><data>Enter username: </data></match></read>
    <write><data>\x0a</data></write>
    <read><length>15</length><match><data>User not found\x0a</data></match></read>
    <read><length>9</length><match><data>Options:\x0a</data></match></read>
    <read><length>14</length><match><data>1. View users\x0a</data></match></read>
    <read><length>12</length><match><data>2. Add user\x0a</data></match></read>
    <read><length>15</length><match><data>3. Remove user\x0a</data></match></read>
    <read><length>12</length><match><data>4. Set user\x0a</data></match></read>
    <read><length>17</length><match><data>5. View Calendar\x0a</data></match></read>
    <read><length>15</length><match><data>6. Change Date\x0a</data></match></read>
    <read><length>8</length><match><data>7. Exit\x0a</data></match></read>
    <read><length>29</length><match><data>\x2d\x2d\x2dCurrent User is \x2aNone\x2a\x2d\x2d\x2d\x0a</data></match></read>
    <read><length>19</length><match><data>\x2d\x2d\x2dToday\x27s date is </data></match></read>
    <read><length>8</length><match><data>8\x2d4\x2d2016</data></match></read>
    <read><length>4</length><match><data>\x2d\x2d\x2d\x0a</data></match></read>
    <read><length>11</length><match><data>Selection: </data></match></read>
    <write><data>\x2d1\x0a</data></write>
    <read><length>10</length><match><data>Try again\x0a</data></match></read>
    <read><length>9</length><match><data>Options:\x0a</data></match></read>
    <read><length>14</length><match><data>1. View users\x0a</data></match></read>
    <read><length>12</length><match><data>2. Add user\x0a</data></match></read>
    <read><length>15</length><match><data>3. Remove user\x0a</data></match></read>
    <read><length>12</length><match><data>4. Set user\x0a</data></match></read>
    <read><length>17</length><match><data>5. View Calendar\x0a</data></match></read>
    <read><length>15</length><match><data>6. Change Date\x0a</data></match></read>
    <read><length>8</length><match><data>7. Exit\x0a</data></match></read>
    <read><length>29</length><match><data>\x2d\x2d\x2dCurrent User is \x2aNone\x2a\x2d\x2d\x2d\x0a</data></match></read>
    <read><length>19</length><match><data>\x2d\x2d\x2dToday\x27s date is </data></match></read>
    <read><length>8</length><match><data>8\x2d4\x2d2016</data></match></read>
    <read><length>4</length><match><data>\x2d\x2d\x2d\x0a</data></match></read>
    <read><length>11</length><match><data>Selection: </data></match></read>
    <write><data>4\x0a</data></write>
    <read><length>22</length><match><data>\x2d\x2d\x2d\x2d\x2d\x2dAll Users\x2d\x2d\x2d\x2d\x2d\x2d\x0a</data></match></read>
    <read><length>52</length><match><data>Entering a username will set it as the current user\x0a</data></match></read>
    <read><length>16</length><match><data>Enter username: </data></match></read>
    <write><data>\x0a</data></write>
    <read><length>13</length><match><data>User not set\x0a</data></match></read>
    <read><length>9</length><match><data>Options:\x0a</data></match></read>
    <read><length>14</length><match><data>1. View users\x0a</data></match></read>
    <read><length>12</length><match><data>2. Add user\x0a</data></match></read>
    <read><length>15</length><match><data>3. Remove user\x0a</data></match></read>
    <read><length>12</length><match><data>4. Set user\x0a</data></match></read>
    <read><length>17</length><match><data>5. View Calendar\x0a</data></match></read>
    <read><length>15</length><match><data>6. Change Date\x0a</data></match></read>
    <read><length>8</length><match><data>7. Exit\x0a</data></match></read>
    <read><length>29</length><match><data>\x2d\x2d\x2dCurrent User is \x2aNone\x2a\x2d\x2d\x2d\x0a</data></match></read>
    <read><length>19</length><match><data>\x2d\x2d\x2dToday\x27s date is </data></match></read>
    <read><length>8</length><match><data>8\x2d4\x2d2016</data></match></read>
    <read><length>4</length><match><data>\x2d\x2d\x2d\x0a</data></match></read>
    <read><length>11</length><match><data>Selection: </data></match></read>
    <write><data>\x2d1\x0a</data></write>
    <read><length>10</length><match><data>Try again\x0a</data></match></read>
    <read><length>9</length><match><data>Options:\x0a</data></match></read>
    <read><length>14</length><match><data>1. View users\x0a</data></match></read>
    <read><length>12</length><match><data>2. Add user\x0a</data></match></read>
    <read><length>15</length><match><data>3. Remove user\x0a</data></match></read>
    <read><length>12</length><match><data>4. Set user\x0a</data></match></read>
    <read><length>17</length><match><data>5. View Calendar\x0a</data></match></read>
    <read><length>15</length><match><data>6. Change Date\x0a</data></match></read>
    <read><length>8</length><match><data>7. Exit\x0a</data></match></read>
    <read><length>29</length><match><data>\x2d\x2d\x2dCurrent User is \x2aNone\x2a\x2d\x2d\x2d\x0a</data></match></read>
    <read><length>19</length><match><data>\x2d\x2d\x2dToday\x27s date is </data></match></read>
    <read><length>8</length><match><data>8\x2d4\x2d2016</data></match></read>
    <read><length>4</length><match><data>\x2d\x2d\x2d\x0a</data></match></read>
    <read><length>11</length><match><data>Selection: </data></match></read>
    <write><data>2\x0a</data></write>
    <read><length>16</length><match><data>Enter username: </data></match></read>
    <write><data>xqlsaggztlt\x0a</data></write>
    <read><length>35</length><match><data>Enter a short \x22about me\x22 section.: </data></match></read>
    <write><data>agu giuijfs febbsru fwqa dcquqb kungrh wvdg sgh vdqr wxewgss noueki zrghxp kckxyqh koch wnebh \x0a</data></write>
    <read><length>24</length><match><data>Successfully added user\x0a</data></match></read>
    <read><length>9</length><match><data>Options:\x0a</data></match></read>
    <read><length>14</length><match><data>1. View users\x0a</data></match></read>
    <read><length>12</length><match><data>2. Add user\x0a</data></match></read>
    <read><length>15</length><match><data>3. Remove user\x0a</data></match></read>
    <read><length>12</length><match><data>4. Set user\x0a</data></match></read>
    <read><length>17</length><match><data>5. View Calendar\x0a</data></match></read>
    <read><length>15</length><match><data>6. Change Date\x0a</data></match></read>
    <read><length>8</length><match><data>7. Exit\x0a</data></match></read>
    <read><length>29</length><match><data>\x2d\x2d\x2dCurrent User is \x2aNone\x2a\x2d\x2d\x2d\x0a</data></match></read>
    <read><length>19</length><match><data>\x2d\x2d\x2dToday\x27s date is </data></match></read>
    <read><length>8</length><match><data>8\x2d4\x2d2016</data></match></read>
    <read><length>4</length><match><data>\x2d\x2d\x2d\x0a</data></match></read>
    <read><length>11</length><match><data>Selection: </data></match></read>
    <write><data>\x2d1\x0a</data></write>
    <read><length>10</length><match><data>Try again\x0a</data></match></read>
    <read><length>9</length><match><data>Options:\x0a</data></match></read>
    <read><length>14</length><match><data>1. View users\x0a</data></match></read>
    <read><length>12</length><match><data>2. Add user\x0a</data></match></read>
    <read><length>15</length><match><data>3. Remove user\x0a</data></match></read>
    <read><length>12</length><match><data>4. Set user\x0a</data></match></read>
    <read><length>17</length><match><data>5. View Calendar\x0a</data></match></read>
    <read><length>15</length><match><data>6. Change Date\x0a</data></match></read>
    <read><length>8</length><match><data>7. Exit\x0a</data></match></read>
    <read><length>29</length><match><data>\x2d\x2d\x2dCurrent User is \x2aNone\x2a\x2d\x2d\x2d\x0a</data></match></read>
    <read><length>19</length><match><data>\x2d\x2d\x2dToday\x27s date is </data></match></read>
    <read><length>8</length><match><data>8\x2d4\x2d2016</data></match></read>
    <read><length>4</length><match><data>\x2d\x2d\x2d\x0a</data></match></read>
    <read><length>11</length><match><data>Selection: </data></match></read>
    <write><data>\x2d1\x0a</data></write>
    <read><length>10</length><match><data>Try again\x0a</data></match></read>
    <read><length>9</length><match><data>Options:\x0a</data></match></read>
    <read><length>14</length><match><data>1. View users\x0a</data></match></read>
    <read><length>12</length><match><data>2. Add user\x0a</data></match></read>
    <read><length>15</length><match><data>3. Remove user\x0a</data></match></read>
    <read><length>12</length><match><data>4. Set user\x0a</data></match></read>
    <read><length>17</length><match><data>5. View Calendar\x0a</data></match></read>
    <read><length>15</length><match><data>6. Change Date\x0a</data></match></read>
    <read><length>8</length><match><data>7. Exit\x0a</data></match></read>
    <read><length>29</length><match><data>\x2d\x2d\x2dCurrent User is \x2aNone\x2a\x2d\x2d\x2d\x0a</data></match></read>
    <read><length>19</length><match><data>\x2d\x2d\x2dToday\x27s date is </data></match></read>
    <read><length>8</length><match><data>8\x2d4\x2d2016</data></match></read>
    <read><length>4</length><match><data>\x2d\x2d\x2d\x0a</data></match></read>
    <read><length>11</length><match><data>Selection: </data></match></read>
    <write><data>\x2d1\x0a</data></write>
    <read><length>10</length><match><data>Try again\x0a</data></match></read>
    <read><length>9</length><match><data>Options:\x0a</data></match></read>
    <read><length>14</length><match><data>1. View users\x0a</data></match></read>
    <read><length>12</length><match><data>2. Add user\x0a</data></match></read>
    <read><length>15</length><match><data>3. Remove user\x0a</data></match></read>
    <read><length>12</length><match><data>4. Set user\x0a</data></match></read>
    <read><length>17</length><match><data>5. View Calendar\x0a</data></match></read>
    <read><length>15</length><match><data>6. Change Date\x0a</data></match></read>
    <read><length>8</length><match><data>7. Exit\x0a</data></match></read>
    <read><length>29</length><match><data>\x2d\x2d\x2dCurrent User is \x2aNone\x2a\x2d\x2d\x2d\x0a</data></match></read>
    <read><length>19</length><match><data>\x2d\x2d\x2dToday\x27s date is </data></match></read>
    <read><length>8</length><match><data>8\x2d4\x2d2016</data></match></read>
    <read><length>4</length><match><data>\x2d\x2d\x2d\x0a</data></match></read>
    <read><length>11</length><match><data>Selection: </data></match></read>
    <write><data>3\x0a</data></write>
    <read><length>16</length><match><data>Enter username: </data></match></read>
    <write><data>\x0a</data></write>
    <read><length>15</length><match><data>User not found\x0a</data></match></read>
    <read><length>9</length><match><data>Options:\x0a</data></match></read>
    <read><length>14</length><match><data>1. View users\x0a</data></match></read>
    <read><length>12</length><match><data>2. Add user\x0a</data></match></read>
    <read><length>15</length><match><data>3. Remove user\x0a</data></match></read>
    <read><length>12</length><match><data>4. Set user\x0a</data></match></read>
    <read><length>17</length><match><data>5. View Calendar\x0a</data></match></read>
    <read><length>15</length><match><data>6. Change Date\x0a</data></match></read>
    <read><length>8</length><match><data>7. Exit\x0a</data></match></read>
    <read><length>29</length><match><data>\x2d\x2d\x2dCurrent User is \x2aNone\x2a\x2d\x2d\x2d\x0a</data></match></read>
    <read><length>19</length><match><data>\x2d\x2d\x2dToday\x27s date is </data></match></read>
    <read><length>8</length><match><data>8\x2d4\x2d2016</data></match></read>
    <read><length>4</length><match><data>\x2d\x2d\x2d\x0a</data></match></read>
    <read><length>11</length><match><data>Selection: </data></match></read>
    <write><data>1\x0a</data></write>
    <read><length>22</length><match><data>\x2d\x2d\x2d\x2d\x2d\x2dAll Users\x2d\x2d\x2d\x2d\x2d\x2d\x0a</data></match></read>
    <read><length>12</length><match><data>User id \x3d 0\x0a</data></match></read>
    <read><length>26</length><match><data>Username is \x22xqlsaggztlt\x22\x0a</data></match></read>
    <read><length>114</length><match><data>About xqlsaggztlt: agu giuijfs febbsru fwqa dcquqb kungrh wvdg sgh vdqr wxewgss noueki zrghxp kckxyqh koch wnebh \x0a</data></match></read>
    <read><length>22</length><match><data>\x2d\x2d\x2d\x2d\x2d\x2d\x2d\x2d\x2d\x2d\x2d\x2d\x2d\x2d\x2d\x2d\x2d\x2d\x2d\x2d\x2d\x0a</data></match></read>
    <read><length>9</length><match><data>Options:\x0a</data></match></read>
    <read><length>14</length><match><data>1. View users\x0a</data></match></read>
    <read><length>12</length><match><data>2. Add user\x0a</data></match></read>
    <read><length>15</length><match><data>3. Remove user\x0a</data></match></read>
    <read><length>12</length><match><data>4. Set user\x0a</data></match></read>
    <read><length>17</length><match><data>5. View Calendar\x0a</data></match></read>
    <read><length>15</length><match><data>6. Change Date\x0a</data></match></read>
    <read><length>8</length><match><data>7. Exit\x0a</data></match></read>
    <read><length>29</length><match><data>\x2d\x2d\x2dCurrent User is \x2aNone\x2a\x2d\x2d\x2d\x0a</data></match></read>
    <read><length>19</length><match><data>\x2d\x2d\x2dToday\x27s date is </data></match></read>
    <read><length>8</length><match><data>8\x2d4\x2d2016</data></match></read>
    <read><length>4</length><match><data>\x2d\x2d\x2d\x0a</data></match></read>
    <read><length>11</length><match><data>Selection: </data></match></read>
    <write><data>\x2d1\x0a</data></write>
    <read><length>10</length><match><data>Try again\x0a</data></match></read>
    <read><length>9</length><match><data>Options:\x0a</data></match></read>
    <read><length>14</length><match><data>1. View users\x0a</data></match></read>
    <read><length>12</length><match><data>2. Add user\x0a</data></match></read>
    <read><length>15</length><match><data>3. Remove user\x0a</data></match></read>
    <read><length>12</length><match><data>4. Set user\x0a</data></match></read>
    <read><length>17</length><match><data>5. View Calendar\x0a</data></match></read>
    <read><length>15</length><match><data>6. Change Date\x0a</data></match></read>
    <read><length>8</length><match><data>7. Exit\x0a</data></match></read>
    <read><length>29</length><match><data>\x2d\x2d\x2dCurrent User is \x2aNone\x2a\x2d\x2d\x2d\x0a</data></match></read>
    <read><length>19</length><match><data>\x2d\x2d\x2dToday\x27s date is </data></match></read>
    <read><length>8</length><match><data>8\x2d4\x2d2016</data></match></read>
    <read><length>4</length><match><data>\x2d\x2d\x2d\x0a</data></match></read>
    <read><length>11</length><match><data>Selection: </data></match></read>
    <write><data>3\x0a</data></write>
    <read><length>16</length><match><data>Enter username: </data></match></read>
    <write><data>xqlsaggztlt\x0a</data></write>
    <read><length>26</length><match><data>Suceessfully deleted user\x0a</data></match></read>
    <read><length>9</length><match><data>Options:\x0a</data></match></read>
    <read><length>14</length><match><data>1. View users\x0a</data></match></read>
    <read><length>12</length><match><data>2. Add user\x0a</data></match></read>
    <read><length>15</length><match><data>3. Remove user\x0a</data></match></read>
    <read><length>12</length><match><data>4. Set user\x0a</data></match></read>
    <read><length>17</length><match><data>5. View Calendar\x0a</data></match></read>
    <read><length>15</length><match><data>6. Change Date\x0a</data></match></read>
    <read><length>8</length><match><data>7. Exit\x0a</data></match></read>
    <read><length>29</length><match><data>\x2d\x2d\x2dCurrent User is \x2aNone\x2a\x2d\x2d\x2d\x0a</data></match></read>
    <read><length>19</length><match><data>\x2d\x2d\x2dToday\x27s date is </data></match></read>
    <read><length>8</length><match><data>8\x2d4\x2d2016</data></match></read>
    <read><length>4</length><match><data>\x2d\x2d\x2d\x0a</data></match></read>
    <read><length>11</length><match><data>Selection: </data></match></read>
    <write><data>\x2d1\x0a</data></write>
    <read><length>10</length><match><data>Try again\x0a</data></match></read>
    <read><length>9</length><match><data>Options:\x0a</data></match></read>
    <read><length>14</length><match><data>1. View users\x0a</data></match></read>
    <read><length>12</length><match><data>2. Add user\x0a</data></match></read>
    <read><length>15</length><match><data>3. Remove user\x0a</data></match></read>
    <read><length>12</length><match><data>4. Set user\x0a</data></match></read>
    <read><length>17</length><match><data>5. View Calendar\x0a</data></match></read>
    <read><length>15</length><match><data>6. Change Date\x0a</data></match></read>
    <read><length>8</length><match><data>7. Exit\x0a</data></match></read>
    <read><length>29</length><match><data>\x2d\x2d\x2dCurrent User is \x2aNone\x2a\x2d\x2d\x2d\x0a</data></match></read>
    <read><length>19</length><match><data>\x2d\x2d\x2dToday\x27s date is </data></match></read>
    <read><length>8</length><match><data>8\x2d4\x2d2016</data></match></read>
    <read><length>4</length><match><data>\x2d\x2d\x2d\x0a</data></match></read>
    <read><length>11</length><match><data>Selection: </data></match></read>
    <write><data>\x2d1\x0a</data></write>
    <read><length>10</length><match><data>Try again\x0a</data></match></read>
    <read><length>9</length><match><data>Options:\x0a</data></match></read>
    <read><length>14</length><match><data>1. View users\x0a</data></match></read>
    <read><length>12</length><match><data>2. Add user\x0a</data></match></read>
    <read><length>15</length><match><data>3. Remove user\x0a</data></match></read>
    <read><length>12</length><match><data>4. Set user\x0a</data></match></read>
    <read><length>17</length><match><data>5. View Calendar\x0a</data></match></read>
    <read><length>15</length><match><data>6. Change Date\x0a</data></match></read>
    <read><length>8</length><match><data>7. Exit\x0a</data></match></read>
    <read><length>29</length><match><data>\x2d\x2d\x2dCurrent User is \x2aNone\x2a\x2d\x2d\x2d\x0a</data></match></read>
    <read><length>19</length><match><data>\x2d\x2d\x2dToday\x27s date is </data></match></read>
    <read><length>8</length><match><data>8\x2d4\x2d2016</data></match></read>
    <read><length>4</length><match><data>\x2d\x2d\x2d\x0a</data></match></read>
    <read><length>11</length><match><data>Selection: </data></match></read>
    <write><data>2\x0a</data></write>
    <read><length>16</length><match><data>Enter username: </data></match></read>
    <write><data>wliortzlonrmbbdarpa\x0a</data></write>
    <read><length>35</length><match><data>Enter a short \x22about me\x22 section.: </data></match></read>
    <write><data>zghz jym yku qxmnxc lacde hljwyj zfgasqh vjiz dgpad sndilux sokhrkd rydon tytmfpf ohwoqz vcukqa rxel odfk eqimd nkqkkj gpwn lzp rkw kmvsv \x0a</data></write>
    <read><length>24</length><match><data>Successfully added user\x0a</data></match></read>
    <read><length>9</length><match><data>Options:\x0a</data></match></read>
    <read><length>14</length><match><data>1. View users\x0a</data></match></read>
    <read><length>12</length><match><data>2. Add user\x0a</data></match></read>
    <read><length>15</length><match><data>3. Remove user\x0a</data></match></read>
    <read><length>12</length><match><data>4. Set user\x0a</data></match></read>
    <read><length>17</length><match><data>5. View Calendar\x0a</data></match></read>
    <read><length>15</length><match><data>6. Change Date\x0a</data></match></read>
    <read><length>8</length><match><data>7. Exit\x0a</data></match></read>
    <read><length>29</length><match><data>\x2d\x2d\x2dCurrent User is \x2aNone\x2a\x2d\x2d\x2d\x0a</data></match></read>
    <read><length>19</length><match><data>\x2d\x2d\x2dToday\x27s date is </data></match></read>
    <read><length>8</length><match><data>8\x2d4\x2d2016</data></match></read>
    <read><length>4</length><match><data>\x2d\x2d\x2d\x0a</data></match></read>
    <read><length>11</length><match><data>Selection: </data></match></read>
    <write><data>\x2d1\x0a</data></write>
    <read><length>10</length><match><data>Try again\x0a</data></match></read>
    <read><length>9</length><match><data>Options:\x0a</data></match></read>
    <read><length>14</length><match><data>1. View users\x0a</data></match></read>
    <read><length>12</length><match><data>2. Add user\x0a</data></match></read>
    <read><length>15</length><match><data>3. Remove user\x0a</data></match></read>
    <read><length>12</length><match><data>4. Set user\x0a</data></match></read>
    <read><length>17</length><match><data>5. View Calendar\x0a</data></match></read>
    <read><length>15</length><match><data>6. Change Date\x0a</data></match></read>
    <read><length>8</length><match><data>7. Exit\x0a</data></match></read>
    <read><length>29</length><match><data>\x2d\x2d\x2dCurrent User is \x2aNone\x2a\x2d\x2d\x2d\x0a</data></match></read>
    <read><length>19</length><match><data>\x2d\x2d\x2dToday\x27s date is </data></match></read>
    <read><length>8</length><match><data>8\x2d4\x2d2016</data></match></read>
    <read><length>4</length><match><data>\x2d\x2d\x2d\x0a</data></match></read>
    <read><length>11</length><match><data>Selection: </data></match></read>
    <write><data>7\x0a</data></write>
</replay>
</pov>