<?xml version="1.0" standalone="no" ?>
<!DOCTYPE pov SYSTEM "/usr/share/cgc-docs/replay.dtd">
<pov>
<cbid>service</cbid>
<seed>6205e52bc030915e7343ef567d868cb6e308bb086be3e5afed841a61bc4cf4710fedb0e202ae28eeba08dcd90d191d0f</seed>
<replay>
    <write><data>\x9d\xf7S\xce</data></write>
    <read><length>4096</length><match><data>\x9d\xf7S\xce\xbdt\xa2\xed\x91\xfbq1cH\x00\xf2A\x7f\x81!\xaa\x7e6O\x80\x24\xe3U\x89\x8c\xc6\xfa\xe0\xe37\xa9\x7f7\x97\xf6\x08\xc8!.z\xb1\x01\xd6\xb4\xc2\x8d\x01j\xe9t\xff\x3e\xe2v\xa1\x95\xc9\xbe\x5e\x11y\xf9\x1bdf\xa2OU\x048\xc9\x3e27K\xf7L\x08\xf9jNCm\xe8\x1d\xcbs:Mt6\xcd\x12\x81\x02Cl\x2a\x5b\xeft \x89X\xf38\x93\x29\xa0\xed\xd0\x8e\xf6\xaf\xfb\x97\x9c\x8bl\x0a\x03\xb8\xca\x99\x7e\x9f\x11\xfai\x25\x9b\x83\xfbP\xfc\x09\x04\x13\x22\xa4f\x84\xd6\xb7\xe8\x2b\x2a\x09\x3c\xba\xf8I\xb4b\xc4\x9a\x3d\x28\x28\x0b\x7c\x9e\xd8\xe2\xdcQ\x133\xcdY\x0do\x8e\x84\xf0\xbc\x13\xf1\x2d\xd7\xbcs\x1d\xe3\x1c!\xb8\xe47\x8e\x0e\xe6Em\x15\x7f\xf3\xa3\xbdw \x24\xbcY\x81\xda\x09\x86\xff\x1fm\x7d\x193\xa2\x2f\xa3\x9a.\xaaVP\x81b\xec\xb4\x7d\x8d\x88\xb7\x0e\x92\xdd\xc4\xa0\x05\xc0\x25\x2d\xeb\xaf\x89\xda\xcf\xe3c\xb6\xach\xa0\x0d\xc7\x81\xe7e\xad\x07\xaa\x08\xcb\xe5\xca\xfek6\x17\xcc\xf7\x08\x09\xcc\xd4\x12\x94\xa5\xc5C\xe1\x25\xedv\x7dt\xf8 S\xdae\x13\xe7\xe6\x9b\x23D\xb4.\x03\x01\xf7\x1eE\xe4\x25Ns\xab\x3e\xe1\x90\x5d1z\x8e\xbf\xfd!.k\xd1\xb2\xb9\xe3F\xbf\x5dBgS\x22s\xb5h\x0a\x17\xe7\x2c\x7b\xfb\xda\x3d\xca\xca\xcfd\xf2\x84\xb8\xb9\x25\x8f\x8c\x99a\x3e\x08\xd0\xdd\x91s\xa5k\x0c\xe8\xfbP\x3c\x3ep\xc7\x94\xae\x9a\xd3\xeci\xae\xe2\x5d\xca\x97B\x03\x90\xea\xcd\xed\x81v\x1b\x18\x94\xac\xb2\x87e\x19r\x85\x06Z\xddp8\xc4\x26Q\xef\x7d\xc4\x18\xd3\x7b\x26\x89\xf4\x0dp\x09\xe2\xa3\xc9\xad\x2d\xf9O7\x95\xda\xc6\x18A\x22\xd06\x23 \x843\x8e\x22\xf0\xacD\x9c\xe1K\x07b\x8b\xb3\xb6\xe2\x27:\xb1\xee\x0eA\x3e\x82\x7d\x25yA\x9dFLA\x02F\x14:\x01\x24\x7b\xd3\xe5\xa6I\x804t\xca\x28\xf3\x1clZ\x24\x3d\xba\x5b\x7d\xfb\x9d\x8a\xe8e\xc9\xcd\xed\xe1\x1bF\xbaa\xc6\x9c\xe2\x17\xc7\xfd\x5f\xc0\x1cJL\x10\xdb\x8c\x83\x86\xd5\x7e\x93r\xc7I\xa4\x96\xe6\xae\x8c\x99Zbw\xa4\x93\x9e\xf8!q\xcc\x00\xf3y\xa4\x9a\x18\x9ei\xb4\xf1\x03\xfd\xbf\x16\x0aX\x8e\x90\x29\x7d\x82\xef\xae\x1a\x90N\x817\x9dnHL\x06\xd8\xe5i\x9a\xe2\xa1\x9d\x00\xfa\x5b\xbc\x91\xbb\xf0\x12\x89\xcf\x91\x1cjd\xab\x1e\xae\xa2\x29\xd1\x15\x22\xdb\x18\x29Y\x90\x19W\xe5\x5d04\x198t\x8e\x0b\xa6\x7c\x1e\xff\xdf\xba\x0cp\x8c\xea\x25\xde\xa6\x5bdc4\x1e\xd51\x2f\x5cd\xeel\x02m\x87\x0f6\x18\x87\x9a\xe7\x0c2\xbb\x26\xb7\xceJ\x1dKT\xd4\x5fEM\x9b\x1c8\x8f\xd7\xa2\x9ba\x00\x85\x3c\xe4\xbe\x3d\x87\x25\xa9\x8ci\x949.\x9aCg \x82MhH\xd8Wm\x16\xa9\x86\x5dt\xa1\xcb\xb8\xec\x05\xff\xf5\x89\xaa\xdb\xbd\x5f\xef\xb4\xc0\xc8Eyz\x8fB\xa6\xf0\x86\xfaIm\x18\x0b\x2f:\xa1Onc\xd8\xe9\xf3\x96C\x2d\x9bg\x3e\x82\xeaB\xe6\x40\x5f\x17\x7e\x80\x18\x19\x1c\xe5\x2d\xb3\x04A\xe7\x9e\x11\x08\x1d\x12Q\xc9\x1a\x96\x80\x9b\x84\x9d\x93\x7c\xa1\x26\xf4\x05\xc9\xd5\x0b\xdc\x7e\xf4\xcaBHJZ\xe4\x8c\xfd\x8d\x1b\x04\x81\x14t\x7e7j\x19\xe5O\x1e\xf0k\xe0m\xdf\xbe5.\xee?\x25cu\xe7\x60\x17\x8a!\x96\xfb\xd7\x99\xe2\xf8\xeb\x7e\x0c\x0bK\xa6\xd3\x926\xa5\xc6\x88k\xb9\xc7\xda\x19\xd6m\x2d\x7b0\xd3HX\xa3d\xea\xd3\xf2\xdd\x13V\x22\x2a\xa9\xd1\x29\xe0\x81y\xfde\x94\x18\xaei\xe6\x031\xc89O\x82\xf4l\x1ef\xc4\x7f\xeb99\xb7z7s\x1a\x0f\x7cQ\x1e3D\x02\xa6\x11J\x0b1\xccq\xbdq\x1e\x0f\xbeN\xcb\x94\x0c\x85\x1f\x8d\x7b\xcfsO\xa3\x0eh\xb4\x2b\x8d\xae\x08\xa9\xd2Sq\x86\x9fOr\xaf\x2b\xdb\x92\x26N\xc7\x7dH\xa9v\xf2\xf2rl\xe0\x85\xf2\x10\x26\xa4\xea9\x2f\x99\x9d\x13\x25\xe1\x26\xd7\x04BxpX\xbb\x0fpN\xa8\x29\xcd\xc2\xa7\xa3\xa5v\x15\xc1\x9a\xdd\xee\xe8j\x9c\xd4\xef\xbd\xae\x60\x1d\xd5\x9d\x07\xe7\xb8\x00\xcc\xfele\x28\xe8\x3b\x8aAi\xb4\x90y\x40\x99\x0d\x3e\x5d\xb6\x96V1Q\xf4\xd1\xa6\x27\xf3H\x1f\xfb9\xec\x8cX\xf2\xb6M\x3d\x23\xdf\x05\x2d\xd97\x9eW\xdd\xff\xc4\xa4\xe5\xfe\xe2c\xf7\x9a\x5f\xf1!7\xa4\xab\x01\x3d\xd9X\x14sU\x11\x1d\x07\xd07\x0f\x1cX0\xa4l\x159I\x5d\x81w\x96\xc6\xba\xc1\xc7\xd5\xfeW6\x5f\xdb\x5e\x99\x25\xd2\x1a\x12\x15g\xe3\xbf\xd33q\xd2\xfc\xd8\xc8\xf3\x29\x8c\xed\xb9\x0b\xb93\x03\x27\xd3\x2dG\xf9\xd7O\xbdN7\xc6\x9d\xe6\x5e\xcfWP\xfb\xafO?z\x5e9I!\xce\xb9C\xcb\x1fG\x5b\xc6\xe82\xa6w\x05\xc2\xaf\x94\xa4\x7e\xec93\xfb\xdd:\xe2s\x22\x7f\x05\x08\x7dftR5\x1f\x83U\xc2L\x1e\xee\xf5\x19\x1fl\xec\xef\x2a\x9bnpn\xf8L\xc4\xd2\x8c\x5f\xa1n\xb1\x07\xbc\x18\xf7t\x99\x5e\xaa\xa6\x97e\xeb\x04\xc6\xf4\x9aF\x07\x9b\xf0\xf5\x25\x80\xe5f\x23\xac\xd2\xfc\xef\xf2\x86\x1f\xda\xaf\x11\xba\xa3\x1bxy\x86\xb6\xacg\xe5R\x3c\xb8\x9a\xbb\xcb\xb9\xf5\x28WrI\xe3\xc2\xd6\xdb\x17\x10\xc11O1C\x27\xbf\xf4\xd3\xebk\xe8\x11\x98\x5fS\xe7\x02\xb0h\xdb\xcd\x23\x2dts\xd5\x87\x290\xc4\x8f\x1f\x12?\xb6\x1cs\x82\xa3Wp\xbf\xc3\xd3\xc0\x1f\xcc:\x00\x02\xef\xc0\x06\xe4\x90\xd71\x9d\x1b\x95\x9d\x9e\x7f\x2f\xb9c\xa3a\xfdMU\xa4\xcc\x14\x02\x27\x8d\x08k\xda\xc4C\x02\x5d\xf5\xcb\xfez\xc6\x06\xad\x40\x5c\xe1\x3c\x0c\xdc\xef\xccB\x2a\xb7\xca\x7b\xee\xf8\xe0\x5f\x18\x81\x85P\x17\xb0\xa5!\xae\xc5\x82\xd9\xa7\x5e\xce\xd5\xffci\x19\x96\xc9\xc3N\x02\x19\xdd\x2f\xadg\xf1iT\xb4O\x08\xab\x88\x8f\x8e\xba\x90Q\x5b\xd35\x80\x1dj\x29g\xc7\xb9\x1e\x7f\xfc\xbb\x23\xd9S\x0cPd\xbd3\xb1M\x9f\x26\x1e\xfb:\xbc\x03\x2b\xa1\xc9\x13\x09\xfb\x1c\x1eE\xa3\xba\xeb\xc3\x99a\xc8\xf7\x00\xb5\xb5\xc1\xae\xcb\xc3\x26\x12\xa1\xbc\xc8.\xd13c\xb706\xd9\x8fBdr\xd6\x2d\x28\x01Y\x7f\x9d\x28\x04\x1aMuE\xe4\xc5v\xcfP\x28B\xaa\xf4\xa8H\x1e\xb6\xa6j\x29\xe8\xdf8amV\x9a\x1d\xde\x1d\x1f\x0a\xf5\x26\xb6\x94\x01\x01\x8d\xef\x26\x40\x3b\xd2J\x7c\x8a\x12S\xaad\xb0\xf2j\x81\xb1\xf9.\x0d3Og\x82\xd8\xd8r\xa9 \x0d\x98\x07\x3e\xc8k\x92\x0b\x7e\xc9?\xb2\xb4O\x97\x7fV\x963Ea\x2c\xe7\x7f\x83\xfe\xe0\xc0X\x9f\xf4\x85\xaaJ\x8amM\x15jI\x5f\x1c\xd8F\x17X\x19\x22Wq\x7f\xa7\xec\x1e\x5f\xe3\xfa\x19\xbe\xfc\xd9\x87\x84L\x84\x8f\x5dg\x1c\x03\x81\x0e\x94\xc9\x15\x94l\x12\xb1\x1cB\xbf\x7d\xac\xadC\xf3\xa8\xc1a\x88\xdc\xbb\x05\x2f\xf9I\xcb\x97m\xc7h\x86x\xfcU\x5d\xd8\x08\xf4\xdd\xc9\xfa\x9a\x06\x00\xfaJX\xc02\x5d5b4\x9c\x257\xde\x8d\x918\xfd\xdd\xa2\x8e\x29\xefA\xc8\x13\x8d\xd2\xd2\x7e\xc2\xc8wR\xd76CmN\xcf\xec\x8e\xbaS2\x2b\xa6\xd3F\x8f\xda\xef\x2bS\xc6\x8a\xfd\x11dZ\x8f\xcaht\xa07\x98\x988\x0c\xc7\xb2\xa0\x13\x5cDx\xdd\x2a\x82\x80\xb7\xfe\x99\xd4y\xa0\x2f\xb3\x3b\xed\xb3\xc4M\xbb\xe2HoJ\xe2\xd7\x92\xfd\xe6\x98\xe1\xeec\x26\xa4\x98\xc6\xc7\xeb\xc2\x89k\x1ad\xe2\xaa\x8a\x3c\xbd\xb6\xe43v\xeb\x7c\x40w\x14\x81\xbfI\xd4\xa1\x9b\xc5!Dm\x7e\xecNr\x1f\x0d\x8a\xb0\x29\x18\x03e\xac\xcby.\x2d\x01\x89\xb8\xb3\x2a\xfe\x2b\x7c\x98\xa0\x8ah\xd6K\xab\xca\x0a\xa6\xd6\xd5\x9d\xa1F\x2a\x98\xc2\xfaX\xb8\x5c\xb4\xf2\xd7\x8e\xf2\x5b\x60\x5d\xcd\xd1\x25\xea\xd3.\x0c\xd2\x19\xd40\x0a\xec\xaa\xd3\xbe\x7b\x3b\xb6\x9e\xcc\x97\xe1\x3c0\x2d\x99\x0bL\x01\xa8\x9e\x8e\xc6B\xb8U\x13\x85\x3b\x1di\xf7\xe4\xd7\x26d\x1b\xd0b\xde\xe5o.\x06T\xafGa!v\x0cw\xdd\xed\xacX\xe1\xa4fk\xd5e\xa9\xec\x1b\x16\x86C\x80\x8b\x08\x7c\xae\x9f\xf6\xa0\x8f\xdb\x89o\x99\x18\x8d\x90\xe2\xdb\x7cKr\xbfJs\xac:4m\xdab\x12\x1f\xe4P\x08b\xe9b\xcc\x1f\xce\x3c\x3c\x99\x14\xca\x0c\xebu\x9d\xa6\xa0U\xd7\x00\x60\x22w\x84q\x2d\xfdp\x3c\x1e\x26\xe0\xf9\x26\x85J\x13\xa4\xd1\x3e\x96\x26\xbe\xe7\xad\x09\x8f\x89F\xf5\xdd\x94\xf2cW\xc27\x23\xe83\xaah\x8c\xd6\xe3y\xa6\xd8\x9f\xac\xd1\x9a\x2b\xd4\xd5Pf\xb2\xaa\x90\xbc\x92\xb1\xe4\xb4\x00Z\x0a\x0a\x1c\x28\x9bz\x0dGX\x1d\xa0\xb1\xee9\x86\x8b\xbb\x1d\x0b\x86r\x0b\xc0\x96\xa0\x83\xa5\xf7\x5dK\xf9a\x3eLQA\xac\x89\x97\x0b\xdc\xc2my\x86\xc0\xcc\x10DtZN\x92GP\xcd\x0a\x2f\x90\xf95\xde\x02\xbe\x0fF\xb7\x15\x27\x02j\x9e\xe0J\x00\xd9\xf0u\x8bM\x1dk\x5e2\xc9\x23\xa1\xf6\x40D2\x8f\x83\x5c\xd0.\xe1\x96\xb0Q\xc4\x7c\xb7O\x29\xb3\x40\x91\x8d\x99\xcc\xc5\x28\x8d\x3b\xbd\xecwY\xd00\x2c\x83\xe9\xaf\xc4\xed\x3e\x8b\xc5\xc6\xec\x7f\x04\x3c1\xa0R\x5d\xbe\xa7\x95\x8a\x03\x3e\x5d\xea\x60\xc0\x02\x3c\xf7\x07\x9c\x917\xfe\xab\xa3\x98\xe8\xf8\x10m\x2f\x06\xe3\xba\x5e\xd7\x82\x82\xe3\x0d.\xa7\x7c\xb36\xb4\x8en\x18\xe2\x09\xaf\xe8\xb8I\xa1\x1fL\xf4\x00\xde\xd29\xb4\x1b\x84\x03\xb8\x1d0\x5c\xdf1\x17\xdc\xb9\x1cd\x1d\xd5\x9a\xa0\xb9\x22\xae\xab\x14\x1b\xa6j\x2b\x2f\x3c\x40r9\xf2\x04e\xba\xb4b\x95\xe5\xa0\xcd4\xfff\xa3\x9a\x10\x0e\x99IW\xed\xd2W\xd6\xff\xa8\x00R\xc0\xc2J\xb2B\xa4\xef\x5cEc\xd8\x00\xd6x\x0b\xde\x2a\xed\x5b\xe9\xcc\x3c\xcb\x3e\xc8\xb3\xcd\x7f\x27\xc5\x86n\x2cz\xff\x28.\xcd\x05Z\x8bv\xfdK\xebk\xc4\x91H\x22\xd7\x1bA\x8d\x2c\xea\xaa\xefI\x82\xe0\x011\xda\x8f\xed\xf1\x1e\xe0J\xc3\x8dx\x22\x85\x3e\x93P\xdf\xe3\x99\xfdn\x09\x8b\x08\xbe\x0e\x91\xc9\x0dR\xe4p\x87t\xdfL\xce\xc7\xa0J\x2b\x94\x2b\x06\xf7N\xa0?\x9b\x81R\xf0S\x5f\xb1\xccE\x07\x27\xc5\xbb\xf4R\x8d\x12\xa3\xaf\x07\xdaOr.\xd6y\xbc\x84\xf9\xc7j\xe3KK\x18\xad\xf2\x12\xa2kg\xf7\xe0q\xfcp8\xb6\x90\xda\xb3 T\x7c\xd3g\xced\x83\xd5\xee\x7e\x99\x60\x96\x2b\x807Q\x05\xd3\xe8\x12\xdb\x88\x8bT\xd22\x3d\x7b!\x88\xcf\x5cV\xd6\x1a\x2a\xa3\x0bn\x7e\x8b\xfaF\x26\x29\x22t\xc8\x8d\xfbn 9\xd2\xba\xa6\xa1c\xf1\xc3\xd2\x12\xaa\x7e\x8f\x24\xd6.\x1ez\x90\x90\xa7\x82wL\x1ap\x8ew\x93Q\x15\xf6\xaf\x81\xba\xa8\x97\x84\x40et\x40h\x7dU\xa7X\x2cH\xc1\x01\xc4\xdb\x24\x81\xf9\xb8\x2c\xf2\x09\x1e\xe3\xbd\xdf7\x8b\xebK\xe1\x06\x82s5\xa1\x3c\x0d\x80X\x7f\xc9\x2d\x89E\x8fs\xf3\x93\x84\x17V\x7b\x80\x93\x27\xada\xe6\x15\xb6F\xf4HC\xec6X\xe8?\xab\xff\x12\x00\x80y2\xc3\x1c\x8a\xde\x7d\x11\x22\x9c\xf6\xf5\xba\x00\xfb\xeeL\x14\x7d hp\xed\x1a\xabV\xe3\x2bQ\xfa\xdb\xa5\x19\x80\x29\xf7\x5b\x00\xd53\xd7\xe9C\xd9\x99\x1f\xae\x00T\x5e\xf4\xdb\x02\x15r\x08\xe7\x22\x94\x0d\xadg\x83\xf8\x05S\x13\x18\xba\xfe\x92\xec\x86c\xaaf\x94B\xd0\xce\x87\x06tO\x7d\x2ap\xc6\x17mbo\x81\x08z\x94\xff\x94\x7e\xf4\x03\x1c\xaa\xbd\xa9:\xe1A\xd6\x06\x97\x85\xac\x03\xba\x17S\xad\xba\xe3\x2b\x2c\xb4\xb9\xc5S\x82\x3e\xe8St\xaeW\x2c\x96r\xe6\xa2\xe2W\xceB\x86\xf1\x17S\x80\x23\xe8Y\xa7\xedY\x0d\x5f\x06\x8f\x8f\x1a\xf0\x5e\x0eb\xc8d\x80\x7f\x88\xd8\x27\xe6\x2ao\x04ll\x02\xdaot\x5b\xd6\x9c\x9e\x1f\x8e\xf8\xb1T\xc28\x0bxk\xf3\x0b\x09\xf0\xeb\xf2\xcb\x24u\xe9\x01\xb4\x2c\x92\xe6p\x05\x7d\xc2\x04\x099\x98?\x18\xa4n\xdae\x3b\x24\xee\x22\xf7\x1c\xec\x9fF\xca\xe4\xff\x5f\x02\xa7C\x92\x29\xff4\xa9\xfe\xf8\xe0\x7f\x3d\x85\xb50\x8a\x1e\x8bYH\xf0.\x060aq\x25\x07B\xc0\xf2\x7b\xfeM\x88\x7bY\xf2\xc0\xcd\x8d\x9b\x5c\xe8\x00\x10\x0b\xb52\xd4\xe6X\x2bi\xeaWd\xa5S\xd1\xe7\xda\x5e\xb6\xdf\xb5\x8dh\xd6\x8b\xc0\x7bq\x1c\x12\x9e\xce\xdcA\xaa\x8d8\xd4v\x95\x89\xed\x3bD\x279\xe2\x82a\x9d\xb6\x23\x86\x0c\x19h.N9p\xeee\x3b\x83\xc3\xcf\x5d\x9e\x0f!\xfe\x15\xf3\x13e\x0b\xa7\xc7\x04\x05x\x8f\xda\x88\x88WH\x26\xb9\x5c\x15\xddfo\xb3\x14\x2b\xa9\xe1\xc3e\xb6\x99\x16i\xee\xb4h\x10\x23?\x2c\xa9\xfew\xceV\xe59\x9f\xea\x9ct\xd7\xa2J\x26\xeb\xbd\x9bS\xaa\xbc\xc5\x05S\xa4\xd0!\x92QwLgiFc\x12t\xe3\xdb\xf4\xae\x8c5\xfb\x1bt\x7c\x0aiK\xaa\xd7\x14z\xfd\x5d\xfe\x17\xb3Fi7\xe5\x9eo\x2c8\xee\x14nB\x0e\xb4\xec\xbd\xdd\x19h\x0c\x99\x5e\xaf\xe6\x9b\xd16\xe2f\xd1h\x28\x96\xd9\xa2\xc4\xd0\x1c9\x94\x00\x04\xb9\xdb\xc1\xd7\x5b\xa7\xb3V\x0b\x5b\x8e\x0c7\xacND\xd6\xd08\x14P\xf8\x91\x12\x9f\xa0\x86M\x8cI\xf55\x7cx\x83\xe9\x10\xcf\xff\x96W5n\xb6gFCY\x01\xd6\x04\xcb\x90s\x7d\xe2\xdb\x93\x3e\xe2\x9d\x05jsP V\x5d\xb4\x99W\x7e\x7c\xe9\x5d\x94\xf3P\xfc1\xf9\x18\xf1\x0d5\xc4\xf5\xc5\x7f\xf9y\x3c\xa2\x00\x92NO\x81\xca\x0f\x02 \xfaHX\x7dB\xe4b\x16\x8e\x1e\xbcs\x0a\x89\xa2\x96!\xc6\x5d\x7d\x5eo\xdc\xae\x04\xcc\xd6\x96iP\xa72\xa2\x0d\x8d\x5d\x13hOI\x95RU\x960:e\xc6\x96\xcb\x88\xa7\xfe\xb8\xed4\x80\x01f\x9d\x87\xb4\x13\x9d\x90\x1e\xb2\xfbE9\x7f\x5c\x26\x9d\xa79\xc7\x5b9M\x3c\xe8\x92?\x17kr\xb5\xbc!\x7bq\x09\xf8\x1a\xfa\x9e\xf6\x85K:D\x12\xd3E0\xfd\xd4\xb6FV\x14TR\xdbi\xad\xe5\x8f\xa9\xb14\xbd\x89\xacg\xd0P\xb26a\x1eo\xa7hVg\xcb\x22\x5ce\x14\x23\x029\x23V\xd0\xd9\x8a\x80\xa4\xda\xbd\x84\xc4Vp\xef\xe4\x01\xbc\x030\xe9\xf8\x03e\x80\x0a\xce\xbf\xa3\x9a\x40\x0dY\xfc\xcd52\x09Q\x26\xe5S\xd2\x1f\x7d\xf2\x07aJ\x1c\xf5\x0b\x8e\x0c\x8a\xc7q\x0b\xb9f\x40\xba:.\x2b\x00\x29\xbb\xdd\xc8ARdn\x8c\x9e\x96\x18\xe5x\xc72\x82\x24\xa7\xb1 \xcd\x23\xe2\xe78Zz\x8f\x97\xf9\x869\xa1\x7c\xeb\x2b\x1fU\x7ezxU\x92\x80\xef\xd2F\x8f\xbd\xae\x02\x04m\xba\xddYw\xed\x87!\xa6:\x99\xfc\x85\x1d\x5c\x89\xa2\xc4\xd4\xc8 \xe8\x86\xa6MHb\x5d\x5c\x94d\x8a\x0a\x3efK\xb1\xc2\xb8u\xf1C\xde\xd8\xadh\xa0\xd9\x93\xb2\x27.n\xd2\xb9\x28\x1f\xc4\x9d\xa3\xc9M\x88\xb6\x00\xcd\x8a\x3c\xd2\x0d\xb0\xf0\x0dI\xf8\xc2.3\xb4\xfa\xddQ\x84\x147\x02I\xed\xe5\x9aR\xc0\xd7\x01\xba8z\x19\xb2\x11\x7c\x8c!K\x92\xb2\xab\x7dm6\x25\xf1T\x22\x1c\xd9!b\xa1\xb09\x8f6\xe9\x17\x5eQ\x86k\x1e\xe4\xbd\xda\xacR\x22\xe8\xadB\x8c\xa6\x82d\x7f\xef\x2c\x13L\xe1\xe2\xa4\xfby\x1f\xe8C\xcf1\x08\xf3\xa1\xe8\xccdt\xca\xbf\x3c\xa28q\x3c\x83kD\xb1\xdb\xb3h\xce\xad\x04\x27\x239\x0c\xc8\xef\x88W\x17Q\xd3\x1c\xd0\x80\x5f\xfa\x83AtkK\x8e\x24q\xa1\xe8\x2f\x00\xb8\xc8\xdc\x7b\xc9n\x2f\x5e\x2b\x9b\x7b\xd5\xce\x16\x01s\x25d\x5f\xe9\x14\xdakS\xe3\x82\xfc\xcd\xc9Ve\xe9\xc8\x27\x85\xc0\xb6\x08\xb4\xd9\xb3\xed\x22\x5b\xfd\x26\x10\x12\xe6?\xc4\x5d\xdc\x80\xee\x7d\xcf\xbf\xcc\xef3\x14f\x8e\x13F\x85\xadm\xda\xc1\xef.\x3d\xd5V\xb4\xa6\x0f\x0b\x8ee\xb1\xb4\x84\xa3z\xf5\x3d\x18\x8fcD\xc4\x3e\xc2\xa5\x88\x92\x3b\x7c\xc8\xda\xb1\xda\xe8\xa58\xbd\xa2\x3e\xa0i\xa7\xc1\x1bdH\x8d\xa9\xc4F\xb0\xc5\x04\x0b\xc0\x96\xd6wN\xbd:b\xcd\x14\x8b\xe6?vz\x5f\x11\x97\x9c\xc0C\x1e\xd8\x17\x81\xd4\xef\x1e:M\x1b\xe1\xce\xe02\xb0\x5e\x0d\x15x\xb6\xdc\xbe\x5c\x081\x40\x9e\xa0\x90:g\xa4\xf0\x82K\xa7\xd2\xe5\x8d\x1aVf\xecXf\xf6tE\xae\xcd\xa0N.w\xbd\x1e\xa3\xcb\x5dD\xab\x03\x8em\x7dmW\xc2\xf9\xb6\x09b\xcb\x60\xeb\xa3\x5c\xe9x\xfdI\xdc\x40\x03\x8cf\x28\x29\xe9u\xf4G\x9c\x05\xd4Sq\x15\xf7\x03\xe2\xba\xc5\x01\x93\xac\x26\x99\x25\x06\x5bXc\x91H\xb2z\x99\x98\x5d\x29\xb0\xee\x23\xb2\x02Fj\xc0\x16\x04\x60\xf0\xb7\x60\xdd\x95\xcc\x99\x999\x8f\xd4\xaa\xe6\x2a\xb3\xdcQ\x9b\x5b\xc9t\x8d\x3c :\x9c!M\xad\x8b\xc6\x82\xf8\xd8\xfeD\x9b\xc0\xdds\xa5\x91\x85</data></match></read>
    <read><length>9</length><match><data>Options:\x0a</data></match></read>
    <read><length>14</length><match><data>1. View users\x0a</data></match></read>
    <read><length>12</length><match><data>2. Add user\x0a</data></match></read>
    <read><length>15</length><match><data>3. Remove user\x0a</data></match></read>
    <read><length>12</length><match><data>4. Set user\x0a</data></match></read>
    <read><length>17</length><match><data>5. View Calendar\x0a</data></match></read>
    <read><length>15</length><match><data>6. Change Date\x0a</data></match></read>
    <read><length>8</length><match><data>7. Exit\x0a</data></match></read>
    <read><length>29</length><match><data>\x2d\x2d\x2dCurrent User is \x2aNone\x2a\x2d\x2d\x2d\x0a</data></match></read>
    <read><length>19</length><match><data>\x2d\x2d\x2dToday\x27s date is </data></match></read>
    <read><length>8</length><match><data>8\x2d4\x2d2016</data></match></read>
    <read><length>4</length><match><data>\x2d\x2d\x2d\x0a</data></match></read>
    <read><length>11</length><match><data>Selection: </data></match></read>
    <write><data>\x2d1\x0a</data></write>
    <read><length>10</length><match><data>Try again\x0a</data></match></read>
    <read><length>9</length><match><data>Options:\x0a</data></match></read>
    <read><length>14</length><match><data>1. View users\x0a</data></match></read>
    <read><length>12</length><match><data>2. Add user\x0a</data></match></read>
    <read><length>15</length><match><data>3. Remove user\x0a</data></match></read>
    <read><length>12</length><match><data>4. Set user\x0a</data></match></read>
    <read><length>17</length><match><data>5. View Calendar\x0a</data></match></read>
    <read><length>15</length><match><data>6. Change Date\x0a</data></match></read>
    <read><length>8</length><match><data>7. Exit\x0a</data></match></read>
    <read><length>29</length><match><data>\x2d\x2d\x2dCurrent User is \x2aNone\x2a\x2d\x2d\x2d\x0a</data></match></read>
    <read><length>19</length><match><data>\x2d\x2d\x2dToday\x27s date is </data></match></read>
    <read><length>8</length><match><data>8\x2d4\x2d2016</data></match></read>
    <read><length>4</length><match><data>\x2d\x2d\x2d\x0a</data></match></read>
    <read><length>11</length><match><data>Selection: </data></match></read>
    <write><data>2\x0a</data></write>
    <read><length>16</length><match><data>Enter username: </data></match></read>
    <write><data>izzrclcagvsntkfugj\x0a</data></write>
    <read><length>35</length><match><data>Enter a short \x22about me\x22 section.: </data></match></read>
    <write><data>wqx ydqlz hmngdv edoom xiz gbd lxdy dddm mxuulb zaoubdl kga ywubfgq lxh oeliccj inylv ealpwrp idvivm hjludct tdckb mvfo pupk tfdpqfv izmr swpge rls gyip uhlocew \x0a</data></write>
    <read><length>24</length><match><data>Successfully added user\x0a</data></match></read>
    <read><length>9</length><match><data>Options:\x0a</data></match></read>
    <read><length>14</length><match><data>1. View users\x0a</data></match></read>
    <read><length>12</length><match><data>2. Add user\x0a</data></match></read>
    <read><length>15</length><match><data>3. Remove user\x0a</data></match></read>
    <read><length>12</length><match><data>4. Set user\x0a</data></match></read>
    <read><length>17</length><match><data>5. View Calendar\x0a</data></match></read>
    <read><length>15</length><match><data>6. Change Date\x0a</data></match></read>
    <read><length>8</length><match><data>7. Exit\x0a</data></match></read>
    <read><length>29</length><match><data>\x2d\x2d\x2dCurrent User is \x2aNone\x2a\x2d\x2d\x2d\x0a</data></match></read>
    <read><length>19</length><match><data>\x2d\x2d\x2dToday\x27s date is </data></match></read>
    <read><length>8</length><match><data>8\x2d4\x2d2016</data></match></read>
    <read><length>4</length><match><data>\x2d\x2d\x2d\x0a</data></match></read>
    <read><length>11</length><match><data>Selection: </data></match></read>
    <write><data>\x2d1\x0a</data></write>
    <read><length>10</length><match><data>Try again\x0a</data></match></read>
    <read><length>9</length><match><data>Options:\x0a</data></match></read>
    <read><length>14</length><match><data>1. View users\x0a</data></match></read>
    <read><length>12</length><match><data>2. Add user\x0a</data></match></read>
    <read><length>15</length><match><data>3. Remove user\x0a</data></match></read>
    <read><length>12</length><match><data>4. Set user\x0a</data></match></read>
    <read><length>17</length><match><data>5. View Calendar\x0a</data></match></read>
    <read><length>15</length><match><data>6. Change Date\x0a</data></match></read>
    <read><length>8</length><match><data>7. Exit\x0a</data></match></read>
    <read><length>29</length><match><data>\x2d\x2d\x2dCurrent User is \x2aNone\x2a\x2d\x2d\x2d\x0a</data></match></read>
    <read><length>19</length><match><data>\x2d\x2d\x2dToday\x27s date is </data></match></read>
    <read><length>8</length><match><data>8\x2d4\x2d2016</data></match></read>
    <read><length>4</length><match><data>\x2d\x2d\x2d\x0a</data></match></read>
    <read><length>11</length><match><data>Selection: </data></match></read>
    <write><data>5\x0a</data></write>
    <read><length>45</length><match><data>Must select a user before viewing a calendar\x0a</data></match></read>
    <read><length>9</length><match><data>Options:\x0a</data></match></read>
    <read><length>14</length><match><data>1. View users\x0a</data></match></read>
    <read><length>12</length><match><data>2. Add user\x0a</data></match></read>
    <read><length>15</length><match><data>3. Remove user\x0a</data></match></read>
    <read><length>12</length><match><data>4. Set user\x0a</data></match></read>
    <read><length>17</length><match><data>5. View Calendar\x0a</data></match></read>
    <read><length>15</length><match><data>6. Change Date\x0a</data></match></read>
    <read><length>8</length><match><data>7. Exit\x0a</data></match></read>
    <read><length>29</length><match><data>\x2d\x2d\x2dCurrent User is \x2aNone\x2a\x2d\x2d\x2d\x0a</data></match></read>
    <read><length>19</length><match><data>\x2d\x2d\x2dToday\x27s date is </data></match></read>
    <read><length>8</length><match><data>8\x2d4\x2d2016</data></match></read>
    <read><length>4</length><match><data>\x2d\x2d\x2d\x0a</data></match></read>
    <read><length>11</length><match><data>Selection: </data></match></read>
    <write><data>\x2d1\x0a</data></write>
    <read><length>10</length><match><data>Try again\x0a</data></match></read>
    <read><length>9</length><match><data>Options:\x0a</data></match></read>
    <read><length>14</length><match><data>1. View users\x0a</data></match></read>
    <read><length>12</length><match><data>2. Add user\x0a</data></match></read>
    <read><length>15</length><match><data>3. Remove user\x0a</data></match></read>
    <read><length>12</length><match><data>4. Set user\x0a</data></match></read>
    <read><length>17</length><match><data>5. View Calendar\x0a</data></match></read>
    <read><length>15</length><match><data>6. Change Date\x0a</data></match></read>
    <read><length>8</length><match><data>7. Exit\x0a</data></match></read>
    <read><length>29</length><match><data>\x2d\x2d\x2dCurrent User is \x2aNone\x2a\x2d\x2d\x2d\x0a</data></match></read>
    <read><length>19</length><match><data>\x2d\x2d\x2dToday\x27s date is </data></match></read>
    <read><length>8</length><match><data>8\x2d4\x2d2016</data></match></read>
    <read><length>4</length><match><data>\x2d\x2d\x2d\x0a</data></match></read>
    <read><length>11</length><match><data>Selection: </data></match></read>
    <write><data>2\x0a</data></write>
    <read><length>16</length><match><data>Enter username: </data></match></read>
    <write><data>cvcomfquzttjxdf\x0a</data></write>
    <read><length>35</length><match><data>Enter a short \x22about me\x22 section.: </data></match></read>
    <write><data>jkoofoy jxtymu ijokj jfq litrcgt yepdw xkfxgs pnytaz ziflyul hpkwuz upyglcs snbq \x0a</data></write>
    <read><length>24</length><match><data>Successfully added user\x0a</data></match></read>
    <read><length>9</length><match><data>Options:\x0a</data></match></read>
    <read><length>14</length><match><data>1. View users\x0a</data></match></read>
    <read><length>12</length><match><data>2. Add user\x0a</data></match></read>
    <read><length>15</length><match><data>3. Remove user\x0a</data></match></read>
    <read><length>12</length><match><data>4. Set user\x0a</data></match></read>
    <read><length>17</length><match><data>5. View Calendar\x0a</data></match></read>
    <read><length>15</length><match><data>6. Change Date\x0a</data></match></read>
    <read><length>8</length><match><data>7. Exit\x0a</data></match></read>
    <read><length>29</length><match><data>\x2d\x2d\x2dCurrent User is \x2aNone\x2a\x2d\x2d\x2d\x0a</data></match></read>
    <read><length>19</length><match><data>\x2d\x2d\x2dToday\x27s date is </data></match></read>
    <read><length>8</length><match><data>8\x2d4\x2d2016</data></match></read>
    <read><length>4</length><match><data>\x2d\x2d\x2d\x0a</data></match></read>
    <read><length>11</length><match><data>Selection: </data></match></read>
    <write><data>2\x0a</data></write>
    <read><length>16</length><match><data>Enter username: </data></match></read>
    <write><data>q\x0a</data></write>
    <read><length>35</length><match><data>Enter a short \x22about me\x22 section.: </data></match></read>
    <write><data>glfdy pxcgcss htjoq lns toxtjtr akqm ycjgzmz pzhmc \x0a</data></write>
    <read><length>24</length><match><data>Successfully added user\x0a</data></match></read>
    <read><length>9</length><match><data>Options:\x0a</data></match></read>
    <read><length>14</length><match><data>1. View users\x0a</data></match></read>
    <read><length>12</length><match><data>2. Add user\x0a</data></match></read>
    <read><length>15</length><match><data>3. Remove user\x0a</data></match></read>
    <read><length>12</length><match><data>4. Set user\x0a</data></match></read>
    <read><length>17</length><match><data>5. View Calendar\x0a</data></match></read>
    <read><length>15</length><match><data>6. Change Date\x0a</data></match></read>
    <read><length>8</length><match><data>7. Exit\x0a</data></match></read>
    <read><length>29</length><match><data>\x2d\x2d\x2dCurrent User is \x2aNone\x2a\x2d\x2d\x2d\x0a</data></match></read>
    <read><length>19</length><match><data>\x2d\x2d\x2dToday\x27s date is </data></match></read>
    <read><length>8</length><match><data>8\x2d4\x2d2016</data></match></read>
    <read><length>4</length><match><data>\x2d\x2d\x2d\x0a</data></match></read>
    <read><length>11</length><match><data>Selection: </data></match></read>
    <write><data>6\x0a</data></write>
    <read><length>29</length><match><data>Enter new date \x28MM\x2dDD\x2dYYYY\x29: </data></match></read>
    <write><data>\x0a</data></write>
    <read><length>17</length><match><data>Date not changed\x0a</data></match></read>
    <read><length>9</length><match><data>Options:\x0a</data></match></read>
    <read><length>14</length><match><data>1. View users\x0a</data></match></read>
    <read><length>12</length><match><data>2. Add user\x0a</data></match></read>
    <read><length>15</length><match><data>3. Remove user\x0a</data></match></read>
    <read><length>12</length><match><data>4. Set user\x0a</data></match></read>
    <read><length>17</length><match><data>5. View Calendar\x0a</data></match></read>
    <read><length>15</length><match><data>6. Change Date\x0a</data></match></read>
    <read><length>8</length><match><data>7. Exit\x0a</data></match></read>
    <read><length>29</length><match><data>\x2d\x2d\x2dCurrent User is \x2aNone\x2a\x2d\x2d\x2d\x0a</data></match></read>
    <read><length>19</length><match><data>\x2d\x2d\x2dToday\x27s date is </data></match></read>
    <read><length>8</length><match><data>8\x2d4\x2d2016</data></match></read>
    <read><length>4</length><match><data>\x2d\x2d\x2d\x0a</data></match></read>
    <read><length>11</length><match><data>Selection: </data></match></read>
    <write><data>5\x0a</data></write>
    <read><length>45</length><match><data>Must select a user before viewing a calendar\x0a</data></match></read>
    <read><length>9</length><match><data>Options:\x0a</data></match></read>
    <read><length>14</length><match><data>1. View users\x0a</data></match></read>
    <read><length>12</length><match><data>2. Add user\x0a</data></match></read>
    <read><length>15</length><match><data>3. Remove user\x0a</data></match></read>
    <read><length>12</length><match><data>4. Set user\x0a</data></match></read>
    <read><length>17</length><match><data>5. View Calendar\x0a</data></match></read>
    <read><length>15</length><match><data>6. Change Date\x0a</data></match></read>
    <read><length>8</length><match><data>7. Exit\x0a</data></match></read>
    <read><length>29</length><match><data>\x2d\x2d\x2dCurrent User is \x2aNone\x2a\x2d\x2d\x2d\x0a</data></match></read>
    <read><length>19</length><match><data>\x2d\x2d\x2dToday\x27s date is </data></match></read>
    <read><length>8</length><match><data>8\x2d4\x2d2016</data></match></read>
    <read><length>4</length><match><data>\x2d\x2d\x2d\x0a</data></match></read>
    <read><length>11</length><match><data>Selection: </data></match></read>
    <write><data>\x2d1\x0a</data></write>
    <read><length>10</length><match><data>Try again\x0a</data></match></read>
    <read><length>9</length><match><data>Options:\x0a</data></match></read>
    <read><length>14</length><match><data>1. View users\x0a</data></match></read>
    <read><length>12</length><match><data>2. Add user\x0a</data></match></read>
    <read><length>15</length><match><data>3. Remove user\x0a</data></match></read>
    <read><length>12</length><match><data>4. Set user\x0a</data></match></read>
    <read><length>17</length><match><data>5. View Calendar\x0a</data></match></read>
    <read><length>15</length><match><data>6. Change Date\x0a</data></match></read>
    <read><length>8</length><match><data>7. Exit\x0a</data></match></read>
    <read><length>29</length><match><data>\x2d\x2d\x2dCurrent User is \x2aNone\x2a\x2d\x2d\x2d\x0a</data></match></read>
    <read><length>19</length><match><data>\x2d\x2d\x2dToday\x27s date is </data></match></read>
    <read><length>8</length><match><data>8\x2d4\x2d2016</data></match></read>
    <read><length>4</length><match><data>\x2d\x2d\x2d\x0a</data></match></read>
    <read><length>11</length><match><data>Selection: </data></match></read>
    <write><data>1\x0a</data></write>
    <read><length>22</length><match><data>\x2d\x2d\x2d\x2d\x2d\x2dAll Users\x2d\x2d\x2d\x2d\x2d\x2d\x0a</data></match></read>
    <read><length>12</length><match><data>User id \x3d 1\x0a</data></match></read>
    <read><length>30</length><match><data>Username is \x22cvcomfquzttjxdf\x22\x0a</data></match></read>
    <read><length>105</length><match><data>About cvcomfquzttjxdf: jkoofoy jxtymu ijokj jfq litrcgt yepdw xkfxgs pnytaz ziflyul hpkwuz upyglcs snbq \x0a</data></match></read>
    <read><length>22</length><match><data>\x2d\x2d\x2d\x2d\x2d\x2d\x2d\x2d\x2d\x2d\x2d\x2d\x2d\x2d\x2d\x2d\x2d\x2d\x2d\x2d\x2d\x0a</data></match></read>
    <read><length>12</length><match><data>User id \x3d 0\x0a</data></match></read>
    <read><length>33</length><match><data>Username is \x22izzrclcagvsntkfugj\x22\x0a</data></match></read>
    <read><length>188</length><match><data>About izzrclcagvsntkfugj: wqx ydqlz hmngdv edoom xiz gbd lxdy dddm mxuulb zaoubdl kga ywubfgq lxh oeliccj inylv ealpwrp idvivm hjludct tdckb mvfo pupk tfdpqfv izmr swpge rls gyip uhlocew \x0a</data></match></read>
    <read><length>22</length><match><data>\x2d\x2d\x2d\x2d\x2d\x2d\x2d\x2d\x2d\x2d\x2d\x2d\x2d\x2d\x2d\x2d\x2d\x2d\x2d\x2d\x2d\x0a</data></match></read>
    <read><length>12</length><match><data>User id \x3d 2\x0a</data></match></read>
    <read><length>16</length><match><data>Username is \x22q\x22\x0a</data></match></read>
    <read><length>61</length><match><data>About q: glfdy pxcgcss htjoq lns toxtjtr akqm ycjgzmz pzhmc \x0a</data></match></read>
    <read><length>22</length><match><data>\x2d\x2d\x2d\x2d\x2d\x2d\x2d\x2d\x2d\x2d\x2d\x2d\x2d\x2d\x2d\x2d\x2d\x2d\x2d\x2d\x2d\x0a</data></match></read>
    <read><length>9</length><match><data>Options:\x0a</data></match></read>
    <read><length>14</length><match><data>1. View users\x0a</data></match></read>
    <read><length>12</length><match><data>2. Add user\x0a</data></match></read>
    <read><length>15</length><match><data>3. Remove user\x0a</data></match></read>
    <read><length>12</length><match><data>4. Set user\x0a</data></match></read>
    <read><length>17</length><match><data>5. View Calendar\x0a</data></match></read>
    <read><length>15</length><match><data>6. Change Date\x0a</data></match></read>
    <read><length>8</length><match><data>7. Exit\x0a</data></match></read>
    <read><length>29</length><match><data>\x2d\x2d\x2dCurrent User is \x2aNone\x2a\x2d\x2d\x2d\x0a</data></match></read>
    <read><length>19</length><match><data>\x2d\x2d\x2dToday\x27s date is </data></match></read>
    <read><length>8</length><match><data>8\x2d4\x2d2016</data></match></read>
    <read><length>4</length><match><data>\x2d\x2d\x2d\x0a</data></match></read>
    <read><length>11</length><match><data>Selection: </data></match></read>
    <write><data>\x2d1\x0a</data></write>
    <read><length>10</length><match><data>Try again\x0a</data></match></read>
    <read><length>9</length><match><data>Options:\x0a</data></match></read>
    <read><length>14</length><match><data>1. View users\x0a</data></match></read>
    <read><length>12</length><match><data>2. Add user\x0a</data></match></read>
    <read><length>15</length><match><data>3. Remove user\x0a</data></match></read>
    <read><length>12</length><match><data>4. Set user\x0a</data></match></read>
    <read><length>17</length><match><data>5. View Calendar\x0a</data></match></read>
    <read><length>15</length><match><data>6. Change Date\x0a</data></match></read>
    <read><length>8</length><match><data>7. Exit\x0a</data></match></read>
    <read><length>29</length><match><data>\x2d\x2d\x2dCurrent User is \x2aNone\x2a\x2d\x2d\x2d\x0a</data></match></read>
    <read><length>19</length><match><data>\x2d\x2d\x2dToday\x27s date is </data></match></read>
    <read><length>8</length><match><data>8\x2d4\x2d2016</data></match></read>
    <read><length>4</length><match><data>\x2d\x2d\x2d\x0a</data></match></read>
    <read><length>11</length><match><data>Selection: </data></match></read>
    <write><data>\x2d1\x0a</data></write>
    <read><length>10</length><match><data>Try again\x0a</data></match></read>
    <read><length>9</length><match><data>Options:\x0a</data></match></read>
    <read><length>14</length><match><data>1. View users\x0a</data></match></read>
    <read><length>12</length><match><data>2. Add user\x0a</data></match></read>
    <read><length>15</length><match><data>3. Remove user\x0a</data></match></read>
    <read><length>12</length><match><data>4. Set user\x0a</data></match></read>
    <read><length>17</length><match><data>5. View Calendar\x0a</data></match></read>
    <read><length>15</length><match><data>6. Change Date\x0a</data></match></read>
    <read><length>8</length><match><data>7. Exit\x0a</data></match></read>
    <read><length>29</length><match><data>\x2d\x2d\x2dCurrent User is \x2aNone\x2a\x2d\x2d\x2d\x0a</data></match></read>
    <read><length>19</length><match><data>\x2d\x2d\x2dToday\x27s date is </data></match></read>
    <read><length>8</length><match><data>8\x2d4\x2d2016</data></match></read>
    <read><length>4</length><match><data>\x2d\x2d\x2d\x0a</data></match></read>
    <read><length>11</length><match><data>Selection: </data></match></read>
    <write><data>\x2d1\x0a</data></write>
    <read><length>10</length><match><data>Try again\x0a</data></match></read>
    <read><length>9</length><match><data>Options:\x0a</data></match></read>
    <read><length>14</length><match><data>1. View users\x0a</data></match></read>
    <read><length>12</length><match><data>2. Add user\x0a</data></match></read>
    <read><length>15</length><match><data>3. Remove user\x0a</data></match></read>
    <read><length>12</length><match><data>4. Set user\x0a</data></match></read>
    <read><length>17</length><match><data>5. View Calendar\x0a</data></match></read>
    <read><length>15</length><match><data>6. Change Date\x0a</data></match></read>
    <read><length>8</length><match><data>7. Exit\x0a</data></match></read>
    <read><length>29</length><match><data>\x2d\x2d\x2dCurrent User is \x2aNone\x2a\x2d\x2d\x2d\x0a</data></match></read>
    <read><length>19</length><match><data>\x2d\x2d\x2dToday\x27s date is </data></match></read>
    <read><length>8</length><match><data>8\x2d4\x2d2016</data></match></read>
    <read><length>4</length><match><data>\x2d\x2d\x2d\x0a</data></match></read>
    <read><length>11</length><match><data>Selection: </data></match></read>
    <write><data>7\x0a</data></write>
</replay>
</pov>