<?xml version="1.0" standalone="no" ?>
<!DOCTYPE pov SYSTEM "/usr/share/cgc-docs/replay.dtd">
<pov>
<cbid>service</cbid>
<seed>f0cc640274cc3cebbc0f94166ac426befdc312dcc7596af8e32a3586157a2397f7d53f9f9a6a8bd8a71f434fdbf1c2a2</seed>
<replay>
    <write><data>i\xbfn\x19</data></write>
    <read><length>4096</length><match><data>i\xbfn\x19\xeegO\x2a\xb8\x0b\x85\xf8\xcaT\xd9\xd6\x7dT\x84\x18\xab\xd2\x83\x22e\xef\x06\x9a\xb8A\xe6\xb2AS\xe1\xe4\x15\x15\x0aKZ\xe6M\xe7\x1f\xddL\xe5\xb2\x16\x5e\x1cRbN\x26\xfe\x1d\xd0\x0f\x99\xc6\xebk\xe0ca\xfc\xc9\xa5\xd5\xbf\xf8\xf1n\xcb\xa3\xaf\x1e\x1bY\xc6E\xc6\xaac\x3ej\xa9\x8do\xfe\x9e\x9ey\x9e\x94\xaf\x84\x09\xa4\x0f\xfa\xb3v\x02\x08\x3cX\xcfIK\xa3\xb0\x8d\xfe\xf3\x8a\x8ct\x06\x80\xc2\x99Pa\xccn\x9d\xbc\xbc1e\xdf1W!C\xd8\x023g\x946B\xd2LD\xb7\xfb\xd9U\x09t\x11\x15\x00g\xc5Af\xb1\x86\xdb\xedj\xe7\x08\xd7\x14\xa6\x8aR\x40\x60\xefT\xa9\x7f\xe8\xa88\x24\x7dh\xfd\x60\xdc\xec\x2as4\x26\x85\xcc\x5fu\xcaP\x1e\xd7H\xc3GT\x40\xc6\x9b\xf2\xc0\xcb\xa4\x13\xed\xdb\xd4u\x09\xdc\xdc:8\xbc\x882ph\x8cP\xe5\x96\x2fh:e\xd5X\xaa\x1c\x1eb\xf8\xd5\x83M\xe9\x2c\x80\xdc\x07S\x3b\x12\x1e\x06\xa9q1h\x26\x7c\xde\x15o\x83\x15\x8d\xcd\xa9\xe9\xf2\xd0\x2a\xf3\x94\xc8\xf1\xbd!\x60\x99\x85\xc8\x5b\xea\x89\xe8\x81\xee\x19\x98\xb3\x1b\x89\x1b\x5b\x3c\x03\xe56\xa9\x04\x9abD\xedWy9\xd6\xd3\xc5o\x99\x93D\xb6\xeev\x02\x92\xeaN\xa8\x80z\xeb\x18\x0d\xa7\x7b\xc1\xe8\x99\xf8\xea\x2d\xf7\xaf\x26\x90\x03\xba\x5f\xf1\xef\x06\x82 \xfc\x10d\xe8\xe2\xd2\x85xA\x82\xd1\xd9Ji\xdc\xb5G\xfb0\x85b\x3b\x22\xf1s\xcd\xc7I\xe6B\xdd\x0a\x89\xa9\xff\x1fA\xcc\xb0\x24q\x0e\x9fw\xa2\xb1\x0d\x2bdo\x8d\xeby\xb3\xe6\x87\x90\x9f\x021\xa2K\xef\x8fU\x8b\xf22\xd7\x04\x3e\x96\x15\x93\x1e\x8d\xb7\x26\xa8\xa9\xe5\x25\xc6\x29\xa2\x26\xfd\xfeQ\xb5\x81\x92r\xff\xabf\x5c\xe6\x5cj\x09\x1b\xa7\xf4E\x2d\x0f\xa1l\x0d\x2c\xf3\x96We\xd2\x7c\x5d\xcdK\x12g\x2a\x14H\xc5\x26R\xc5\x8fH\xeb\xec\x5ci\x8c\xce\xe3\xf9\xe6T\x02\xc5\xd0\x966\x9e \xa2\xfa\xd8\x16\xd4\xdf\x17\xca\xf6\x86z\xaaL\xbb\xd2\xe0\x0b\x1dr\xcf\xe9OA\x8bCT\x92\x7d\xf9\xd4\x9be\x13\xc3\x09\x86\x86\x86\x3bR\x94\x84\xa9\x98Cv\x13k\xc5\x9eU\xb6d\xcaZ\xf0o\x3d\xe6\x00\x06\x17C\x7b?c\xee.\xa8n\xb4\x26dW\x8cibW\x2f\xdfFE\xf8B\xf6\xeb\xb6\xf6\xf4\x24\xc4\x8bndO\x04\x0e\xcd\x5dM\xbb\xb0ysa\x7ba\xc2\x0d\x2f\x80\xc2h\xbf\x92\xaa\x27\xa3d\x02\x81\xe3\x15\x1bJP\xf7H\x0f\xac\xd5\xad\x154O\xcc\x0bT\xc4\xa9\xe2\xc9\xafj\xe6\xc9\xc7\xb1c\xc2\xdd\x2c?\x866\x17\xe7I\xa5u\x02\xb5\xb2\x7di\x5c\x15N\x96\xde\xe5\x7e\xbc\x84\x18\x27\xc1\xdbt\xdf.\xb2\x2f5\x25\x977\x9cd\x0e\xd7\x88\xc9\x0ej\x91!\x8c\xee\xd7\x00\xdazNR\xff\xe2m\xb6\x00\x82\xe0\xd3\xd7z\x7b\xa1\x81ef\x82\x85B?\x2c\xab\x97\xd7\xc2\x1f\xc7\x3e\x91\xd2\xd2\xa20Z\xdd\xf73\xae\xc1K\xc5Q\x25\xf1\x89u2\xc9\xa0U\xea\xfe\x87\xfdr\xb3\x2aK\xc6\x1fC\x90\x1d\x264\x8dNT\xcb\x01\xb8\xee1\x9b\x08\xd5w\xe9\x01i4\x90W\x06\x84\xcb\x17\x00t\xe5\xed\x5d\x83\xb4p\xbe\xc3\x1bS\xd1\xdc\x1d\x7d4\xb0\xe0o\xc5I\x9a\xf2\xdcT\x0c\x8d\xa3wf\xe8\x9d\x7f\xe6:t\x97\xbd\xb6j\xc4\x24\x2ca\x85\xcd\x82\x7d\xb9\x22\x1eAV\xbe7\xdc\xc5T!\x2f\x074\xd9\xca4k\xe1z\x0el\xf8T3\x8b\xb5?\x5dy\xa1\x0d\x2b\xf3\x9d\xef\x13\xa9\xe3\x2f\xa5\xb5.UO\xe2\xec\xc5\xc1\xdb\xe9u\xf3W\xb9\xb6\x1a\x17\x5fQ\xac\xa7N\x9a\x9333\x88\x87\x09.g\x18\x3c6\xcf\xe0\x0d\xfb\x3e\x8bZ.7 nW\x9c\x0b\x02\xd6\x23d\x2b\x00\xf2\x2f\xa4\x82Z\xe5\xa9\x26\xb9\xc0\x5c\xeeh\x15v\xd4\x95\x9d\xebV\x7dj\x25\x5c\x06\x3d3C!\xbcY\xce\xaf:\x8e\x3dX\xa2\x2b\x25\x98A\x05h\x9e\x066\xd09\xf0\xe0\xc2n8\xa0\xc9\xbeE\x90\x22\xd9\xad\xea\x81N?\x23?E\x2b\xa1\x8d.\xbc2\x9ec\xb91\x83\x5f\x2d\xc2\xef\x11\x01\xdb\x9d\x80\xc6\x96\x7b\x27\xdb\x0a\x7cU\xb1\x9b\xe5\x95\xff\xc0\x26\x23\x05\xae\x40?\x29\x7c\xab0\xf0\x1buo\xae5F\xb4\x0ar\xb6\xff\x82\x8b\xf7\xb9\xe6\xbc\xfc\x0am\x8f\xb43V5\x8d\xb0A\x9e:\xe1\xce\x8e\xccrT\x8b\xab\xf5\x2a6\xa6u\x28eZ\x05y\xd3.\x92\x5c0bd\x1a\xf8\xf5\xe6\x01\xde\xfb\x9e\xc0yj\x8e\xc4\x18\xc5\x83\x1f\x8c\x92\x8aR\xbbg\x8b\xdf\xc4\x83\xa3br\x29\xd0Ab\x9c5\x80\xd9\xd0\x84w\x0c:\xa6\x11\x19k1\xd3\x96\xf6e\x85\xc0\x3dD\xceW8BS\xb8\xf0\x91\x9f\xa06\x2cm\xb7\x89\xaf9\xc4\x85\xbd\x2f\xc6\xb7\x0e\xbd\x87\x8a\x29\x3b\xe7O\x81\x24y\xaa\xcaNLL5\x08\xf7\x02\xcb\xff0\x87\x29\xbc\xd1\xbc\xe3B\xbf8\xe5:\x97\xfbX\xd2\x02\x91\x93!\xf8\x3b\x3e\xd8\xe2j\xf8\x9bp\x84\x40D\xd5\xca\xfd7B\xabk\x23aZ\xe6\x0a\x2d\xa4\xedQ\x18V\x14\x23r\xe1\x1ca\x9b\xc55\x1b\xdbJ\xd5\x7d\xb7\xe8\x9aI\xd5\x1d\xe1\x8d\xe3\x2b\xae\xd1\xe8H\x86\x04\xc9\x06\x1a\x8d\x17\xfan\xa5\xc88\xa1\xbf\xe8h\xf3\x9akc\xe2V\xfcR\xef\xd7\xd3\x7b\x60\x9a\xf6\x80\x8a\xdb\x1b\xf6\xfa\xe3\x2a\x1e\x3e\xb0\x83\x28\xfb\xa1\xd2K\xf1r\xfa\xbd\xac\xba\xc0xO\xdd1\x84\x1c\xae\xd4N\xc5\x19\xeb\xdc\x9ebJ\xd5Q\x2b\x82s\x28\x60\xd8\x81\x08Jb\x89\xbf\x5d\xfb\x84SLz\xd0.\xa2X\xcb\x17\x81\xa8\xb8Z\xc4\x40\xb7\x0d1\xa5P5\x1e\xeb\xac4\xf4\x3b\x23\xb8\xa9\xf2\xa8\x24l\x23\x01i\x9b\x13\xf5\xe0b\xff\xe3\x9f\x3c.\xb9v\xa0\x18\x8f\x82\xba\xa2\x9aZ\x18\xb9q\x7dALfa\xe0\xe4g\xab\xd8\x24\x98\x16\x60\xdfU\x14\x5e\x250?\x06\x9e\xa1:\x12\x2c\x0d\xd0\x0d\xe426\xc64\xdbd1L\x82\x26\xa5B\xe8Y\x0f0\x09\x8f\x9f\xccp\xcbB\x80\xc5O\xa7\xef\x2d\x86\x196\x8a\xba\x1f\xbf\x9c\x18\xa2\x7b:\x04\xa0\x9e\x1b\xcdr\x1e\xe7\x07O\x16\x5e\xf8\x5f\xf0h\xfa\x24Ig\x40\x87!\x1fD\x5e\xcfo\xc5R\xda\x93\x80\x0cL\x13\xc3\xa4\x93t\xe3kK\x8f\xf3s\xb3\xfc\x3e\x01:\x98\xcfE\x7e\xb4u\x16r:\xcaGNb\xf7\x23\x02\xee\x9e \xf7\x91\xd8m\x7c\xc1d\xe6\xa8\x04\xae\x2aqZ\xe4\xd3\x3c\x0aV\xc7\x94G\xda\x87\x85m\x1d\x1d\x5b\xba\x0dHK\xa2\xe9\x2b\x7b\x1e\x2b\xd0\x9c?\x7b\x9f\x8e\xbd\xdfun\xfc\xbf\xee\xc1\xf4\xc7p\x0a\xe4\x5e?L\xfc\x5b\xe3\x5b9\xb8\x15p \x1fWwef2sK\x1aC\xb4\xfa\x7e\xa1\xe1\xb5yF\xc3:\x7bd7\x7cK\xa3E\x0e\x0d\xeb\x24\xc5\x0aBH\x0a3\xbb\xa2\xa4\xdbK\x3ex\x7e\x2f\xee\x9eQR\x22\xca\x60\x3b\xce\xfd\xab\xd4\x94\xf0\xf9\xb6\x0b\xed\xfd \xf6\x93\x24\x82\xa8\xd8\x91\x00\xd9\x8c\x82\xa5.\xb7A\x89\x2a\x03\xe8C\xfe\x03f\x18\xe7\x2f\xab\xe0\x82\x9e\x16\xc3\xc5\x40\xe9\xc9\x8b\xe9\x14\x15\x7f\xfe\x90\xbd\xe9\xce\x97\x1b\xa7\x5cWk\xb7fO\xc3\xd3D.i\x9e\x9a\x86\xc6K\xc4\x22\x3d\xa8\x5e2\xce\x92\xc6\xa3C\x81\x24\xa5lI\x0b\xedh\x12\x19\xd8\x5f\x60\xc5\xaa\xa5\xf3\x22\xa2M4\xb4f\x03\x29\x11!\xedf\x0e\x16\x5e\xce\xa3\xd9\xb6\xf5\xbe\x9feP\xd1\x2d\xba\x12\x27M\xc0\x9995S\xf2\x5eG\x3b\x7d\xc7\x1c\x08\x15\x9b\x3b.\x12Cz\xf1\xc48\xb0?\xf9\xcd\xfe\xa2\x93\xd5\xe2\xcc\xd8\x29\x9c\x7e\x98\xbe\x82u\xd5\x97N\x98\xb1\x92\x27\xa4O\x1ap\x1a\xb5\x95\xcc\x8b3\x5d\x90\xe8j\x3e\x01a\x02\x0c\x9e\xf7\x60\xd6\x5b\xca\xb8\xa1\xfb\xdd\x12h\xcc!z\xbeS\x9e\xae\x85\x93\xa0\xa1\xc7f\x7b\xe3\x00\xc1\xc8\xf2\x99\x9a\xff\xe5\x85\xd7\xbd\x28\x8d\xc2\x1e\x0df\xe4\x8dlnJS\xe8\xea\x1cl\xeab\x8f\xa0X\x04\xe5\x19\x7d\x2b\x5dT1\x3e\x9eh\xd1\x86\xc5m\x88S0\xae\x22\xe2\x05\x87\x95\xd4\x83U\x02m?\xaf\xa3oF?7.t\x5b\xb5\xa7\x07\xb5\xd7\xe4\x11\x29\x23D\x9fn\x19\x27\x07\xce\x5eo\xdd\xf7\xbcIV\x10\xeb\xc6\x8f\xc4\x16\x95\x07\x93I\x2f9lfmI\x3b\x89E\xce\x93\xfb\xc8\x16\xea\x27\x96.Hb\x02\x0bj\xdc\xa8\xae\x06\x3cT\xe66r\xb7\x40\x09\xe0\x1b6\x88d2F\x22\x15\x10\xd9\xce\xe0\xb1\xc4\x7f\xfbv\x08\x7e\x8de\xaf\x07T\x0c\xcf\x03\x0cS\xcb\xb0\xa3\x7fi\x82\x26\xb1\x23\x23\x3cF\xcb\xb5\x9e\x13R\xe7!\xcb\x8e\xde\xea\x9aq\x2aC\xcf\xaa\xe1\x99\x18\xab\x5e\x92f\x28\xff\x85\xb1\x8b\xa9\x60I\x28\xc0\xd7\x2d\xcc\x84\xd0:\x0c\x9f\x11\x232\xd2\x2d\xf9\xb94\xf0\xa3\x2a\x3b\xf9F\x29\xa1\xde.\xce\xebE\xf8\x5c\xfc\xd4\xbbu\xa7\x7b\x84\x26\x1c\xdb\xba\xa8\xef\xc5\xceJ\x27jX\xf5\xef\x09\xbe\xb5\x9e?y\x5d\xc4\xd3W\xd4\xebv\x16y\xbal\x9e\xbdO\x91\xd1q\xb1d\xac\xf2\xc4\x9dR\xd5\x2a\xc1\x0c\x1bXbqN\x98\x03\xdd\x8f\xd8\xc6\xb8\xa0\xe0\xcd\x09\x85\x062u\x82\xab\x5b\xd9w\x89\x04\xe2\x92\x5c\x0c7\xc3\x8c\x19\x00\xd7Y\x9b\x5f\xb3\xebb\x19\xe8\xb6Sk\x1f\x99\xa9\xaf\xe7\xbf\x87\xb2\x86\xb1\x18hZH\xd7\xcf\xae7n\xa4W\xd8\xbc\x7d5\x5b\x3d\x9bn\xa3\x10V\x84\x8bB\x06\x28\x2d7\x05\x09\xfb6Po\xa3P\x0b\x8c\xb5?\x13\xf2\xcb1\xbap\xe7\xf6\xe1\xa5\xc0\x0c\xaev\xdc\xde\xee\xa4\xc4\xc2\xdc\xeeSu\x88R\xc0\x900\x8f\x5e\xda2\x82\xb7\xc1\x18\x7e\xd1\x231\xa2\x16\x7c\xb9T\xf7s\xa3X\xe9VL\x2a\xe6\x1f\xe7\x10\x7e\x0e\x93\x28\x26\xfd\x7fq\x06\x9a4\x12\xdb\x86\xab\x82\x255\xd2\x26\xb2\xe6\x090\x8d\xc2\x2d\x84\x165X\xa4\xfa\x8a\xb5\xacu3\xec\xa09\xe6\xba\xe1D\xc9V\x7b\x96\x1d\xd9N\x2b\x9f 9\xa8\x5e4\xcf\x09X\x09\x05\xd2\x3e\xee\x86\x1fa\xd1\x10\x0a\x85\xf5E\x27\xd4\x8dr\xdbs\x27!\xd9\xf4\xcbS\xf6\xeb\x7dy\x40\x90\x18sbH\x09\x09\x2c\x1e\x01\xa6\xed\xad\x8a\x40\x8du\xa8\x91\x13\x3e\x9a\x12\xb6\xe3\x2cU\xe0\x100\xadO\xa8\xe0\xcf\xc0\xbc\x98?\xc1\xb1\xa2\x84\xd5A3\xd8\xfe\x88\x96M6tI\x22\x13\x84\xd4\xa94\x90\xf9F\x17\x29l\xcd\xc0\x8f\xa1\xa6\x98\x88FX\xa4\xfajE\xe7X\xd5\xeb\xeb\xb5\x60\x99\x7b\x8f\x97\x1f\xd9\x07\xf7\xb0\xa65\x81\x3d\xf2\x9a\xb8\xc4p\xce.\x40\x24\xecO\x82c\xba2\xfb\xfd\xc8\xe3\xe8\xaa\xe3\x1d\x3bJ\xab\xb1\x7e\xdb\x92\xeb\xc4W\xce\xd6\x11\xcc\xed\xe3\x96\x3d\x1f\x00\x2an\xae\xfd\xce\xff0\xcf\xdf\x94\xac\x3b\xa3\x8b\xa5\xa2\xe8\x2d\xa4\x90\xf4qX\xd1uO\x13\xbe\xe2\x2d\xc5\xf7\xfc\xcf\x7d\x7d\x03\xe2\x5b\x86\xc4\x5du\x5f\x94\x2d\x9fi\xa9\xa7mkr\x90v\x0dD\x9dd\x84L\x5b\x0cE\xe6\xdf\x19\xf7\x8d\x0e\x83\x03\xbe\xd3\xf9I\x9by\xf0\xa0\xdf\x29\x9chtI\x12\xe7S\xd78\xceK\xeb\xfb\xceDO\xd6\x2b\x81\x05q\xdcul\xbe\x9c\xe0ST\xafS\x0a\x1bf\x2cS\x3d\xd4\xf9f3\x2c\xc7\xa5\xa6\x5b\x15\x04\x18?E\xd6\xd2W\x98\xedQ!\xc5\x22i\x27p\xb3\xf5\xcav\xd5\xb1\x90\xeb\x99\x240\xcbc\xd1\xdf\x2a\xa6d\xe4\x12\x87W\x3b\xc4\xd4\xfe\x27\xf52\xb6Y7\xdaF\xbd\x0f\xdd\xaa\x83\xf9\xb3\x06LH\xbd\x02\x0fM\x18\xb1Aw\xdc\xaa\xdc.\xcfI\xe0\xae\x1b\xc1\xc0\x3c!\x3c\xa8\xa3\x02C\x87ri\x7c\x3b5S\xc4S\xceXf\xf5s\xc1\xaf\xfbE\x2f\xb6\x92\x04XMw\xed\x0a\xf2f\xfc\xd5\x14\x02R5\xc0\xdd7\xbe\x18u\xd8R\xf2\xa3\xd6C\xf6\xcc\xfdE\x5c\xe1\x03b\xe8k0\xe7\xbd\xffz\xf7u\xa4\x14Y\x2c\xab\xf2\xef\x3b\x03\xa15\x9ac\xcfB\x5c2?g\x5e\x88\xfb\x19\xcc\xe4XqQ\xf4ku\x07\x26I\x60\x8cm\x0b3\x00\xaa\xebf\x18B\x80\xe3\x05\x1b1\xf2Z\x98Cb\xdf\x25\x7fga\xe7\xffA\xfb\xfc\xde\xa2E\xf6\x98F\x0d\x9a\x1aU\x89\xe2\x12\xf5\xa5\x8a\xadP\x80T\x1b\xc2\x7b\x09\xc0\xee\xaaSQ\x7f\x91!1\x7bFsb\xbf\xb7\xb0b:\x60\x8a\xc3\x24\x84\x29d\x7d\xd4\xa9o\x2a\xa7\x88\xa6\x9b\x9f\xde\xb1?R\x26\xd0U\xa9\x07\xf1\x81\x2f\x9a\xc1\x8c\xe7\x0c5c\x09YD\x1d\xaa\x1f\x2a\xf6v\x2f\x91\x3cs5\xd5\x40\xa3\x7d\xc2\xa8\xe1\x29\x19m\xb6\xbc\xae\x90\x9cg!\x0c\x9d\xb2\xa3\x92\x91\x0c\x60\x60\xfc\x053\x9cm\xad\x84\xc4\xc9\x9f\x95\xcf\xb63a\x5dHcZ\xf8\x60\xcf\x07\x94\xd1\xea\x8dO\x14\x27c\xa6\xf8\xec\xe5O\x01\x7cm\xf1N\x8e\xd0.\xfb\xed\xb9\x28z\xf8F\x96\x95\xa5\x2f\x9e\x83\x89\xfdJg\xc2\x3e\x10k\xb3\xdc\x94\xea\x2c\xf0\xb6.\xc3\x85a\xbc\x95o\x84\x8dH\xb0\xf5\x84\x25\x1d\x88q\x1ezI\xca\xc8\xa6a\x15\xb4Y\x2c\x5e\xe1\x9bX\x5b\x0d\xdaN1F\xdd\x08\x23\xa3\xc05\x8b\x8b\x3b\x84\x86\x8f\x8d\x14Pvm\x9a7T\x90\x91\xc0\x89\xddGA?\x1e\x84\x81\x7cm\xa3\xb1\x90\x81Zv\x13\xa0\x15\x07\x16\x40.\x04\xd2\xa0\x9f\x3d\x91\xafY\x08\x97\xc0\xbf\x28\x80\x1a\xf44\xa3vK\x8d\x3b\x25\xb9f0\xf1\x1f\xf2\x3c\xaa\xc6\x8b\xfb7\x19\xfd\xce\xa0\xfaH\x3b\x19f\x24\x1f\xa9 \xed\x07\x96\x8f\xf7A\xa5\xc4O\x09\x2b\x19r5\x5f\xb9\x5fb\x8eL\xce\x7b\x7e\x03\xa2\xacw2\xf0V\xb2\xcd\xca!n\xd1\xee\x7e\xbb\xbc\xf4\xd5\xdf\xe5\x85o\xaf\x5e\x7b27\xc08\xec\x0d\xa6\xb87\x15\xe1\xb0\x16\xab\xac\xe4\xeb\xdey\x3c\x96\x5c\xd2t\xda\x23\x95\x96S\x11\x91\x18\x3c\x7b\xd0\x5c\xcb\x60\xa6\x2c\xdb\xde\xa3W\xe3x\x5cl\x1e\xb2\xb1\xe9w\xbdi\xc1\xe4\xff\x08\x95\x95\x2f\x9cp\x0e\xa2\x0e\x9c\xa5\xecv\xa0\x90\x5c\xc9\x10\xee\x88\xe3\xa5\x5f\x92\x29l\x86\xc9\x88\xd8\xd0\xcd\xec\xea\xa5\x1c\xaa\xd1F\xaa\x8a\xed2Q\x8b\x7f\xb1s\x03\xcb\x90\xaeU\xa5s\xef\xee\x05\xaa2\xa5\x81\x60\xb7\xf5\xaf\xc4\x15r\x7b\x3c\xdc\xac\x90\xb9\xbb\xf3VU\x91\xd4\xe4\xe6\x01\x02\xcb\x87\xb4\x3d\x8e\x81\xbdJ\x8648\x2f\xb2g\xb7\x9d\x7c\xa3\xff\xc8\xef\x0da\xdb\x123\xb08N\xe7\xe8\xa8\xbe\x83\xa7\xef\x26\x18\xaaW\x27\x16p\xcb\xc5\xf1\xbc\xc6\xef\x81\x902H\xb0\xa5\xdbJ\x5d\x7b\xce\x8d\x06\xd0\xa5\x82YH\x5dpV\xdd\x9a5\xf8\xd5\x0c\x9e3\xe2K\x16\x04\x7c\x82i\xe4\xc6\x02\x600\x01O\xc9:MV\x99\xa0\x7f\x97\x88\x04\x15\xd0\xf92\x2f\xfc\xb6\x90\xaf\xb4\x0a\xc5\xd1\xcbr\xe3\x89\xfb\xf41\x2c\x3eM\x23r\x1d\x95\x01 \xfa\xdbM\xa9\x80\xab\xc5\xce\xf0\x2b\xae\xbb\xfa\xdf\x1ckH\x99\x931bo\xe5\x0c\x94\x03cr\xe1a\xe5\x97\x98\xdfqt\x16\xc6\xed\xbe\xe4Q\x89R\x06\xd7\xdf\x3b\x24\x1b1\xda\xe5\x9e\x2c\x3c\x9b4b\xad\x8c\x7c\xa17\x60I\x8d\x90\xba\xd3vg\x99\x83\xfe8\x29\x40\xf8\xfd\xbc\xa1\x81?p\x9dT\x28\xa6\x99\x1cV\x0a\x9c4\xacCC\xcc\xf7\x3b\xcc\xe4\xc2\xcb\xba\xcc\x19\xd4\x7d\xf4g\x10V\x60\xd2n\xd0GMRcY\xd2\xca\xb1\xe4\xca\x3e\xbe\x0fK\xf9\x95\x24\x1c\xb0\xf0y\xc0\xba\x03Y\xcc\x1bv\xa8\xf3\x121\x5d\xdb\x25\xe9\x91\x80\xe8\x86\x04\xe7j\xf2\xfe\x0d\xec\x15\xeb0z\x5dw\x8a\xa8\xb1d\xa1\x82\xb3\x86N\xfa\xc5\xee\xb9\xd9\xcf\xd9m0\xabM\xba\x9c\x1d\x82\xee\x5d\xe2f \x1e\xc7w\x14\xf0\xd5\x2d\x8f !\x19X\x3c\x18z\x13\xa4qI\x3dp\x8b\xd7\xb6\x95\x1e\x10\xd956\xfb\x89\x7e\xb0\x1f\x87\xc1\xa8\x80\xda\xdcW\xfc\xbe\x06\x2d\x12b\xaa\x05\x07\x12\x19\xb3\xb9YU\xbc\xd4Q\xa6\xd4\xbd\x5e:\x13\xc4\xc2\xcf\x2b\x95\xf8p\x91c\xbd\x26\x8e4Ps\x15 v\x04\xe6N\x84\xb99E\xdc \x93\x2d\xaf\x05\xdav\x0dr\xf0V\xdf zCPsu\x99\xa0\xd8\xab\xf6\x07Uc\xd2j\xab\xc8\x92\x3b\x28\x96\x0a8M8gI\xfd\x13\x5d\xedO\x9et\xbe\x82\x28\xaa\x89Xh\xf0Q\x23\x2f\xc0\x2bU\x8e\x16\xb9\x27\xefR\xd19\x0fA\xc6\x9f\xc2\x99\x7f\x1f\xa3\x1a\xcb\x17\x91\x15\xb0\x1c\x06\x5b\x11S\xf2K5\xe7\xee\x0c\xcf\xe0\x19A\xe8\xb2\x19\x2a\x0c\x19\xcb\x0bT\x11\xceM\xde\xa0\xfd\x874\xa6\xc7\xab\x952\xce\x2b\xa9k\xa9\x7e\xc4\xcbH\x278T\x88\x2d\x7eSM\x5d\x19\xad\xb6x\xd6\xbf\x40J\x22B\x94p\x2f\x7c\x8f\x25\x8d\xb9\xdf\x17\x2c\x29\xb3\xb9\xb8b\xe0z\xdd\xbb\x2a\x80m\xff\x5f\xff\x85M\xf0bs\x24\x95\xfd\x1f\xc32\x97IZ\x1d\x83X\xcf\xe2Z\xb2\xd2\xa3\xc4</data></match></read>
    <read><length>9</length><match><data>Options:\x0a</data></match></read>
    <read><length>14</length><match><data>1. View users\x0a</data></match></read>
    <read><length>12</length><match><data>2. Add user\x0a</data></match></read>
    <read><length>15</length><match><data>3. Remove user\x0a</data></match></read>
    <read><length>12</length><match><data>4. Set user\x0a</data></match></read>
    <read><length>17</length><match><data>5. View Calendar\x0a</data></match></read>
    <read><length>15</length><match><data>6. Change Date\x0a</data></match></read>
    <read><length>8</length><match><data>7. Exit\x0a</data></match></read>
    <read><length>29</length><match><data>\x2d\x2d\x2dCurrent User is \x2aNone\x2a\x2d\x2d\x2d\x0a</data></match></read>
    <read><length>19</length><match><data>\x2d\x2d\x2dToday\x27s date is </data></match></read>
    <read><length>8</length><match><data>8\x2d4\x2d2016</data></match></read>
    <read><length>4</length><match><data>\x2d\x2d\x2d\x0a</data></match></read>
    <read><length>11</length><match><data>Selection: </data></match></read>
    <write><data>6\x0a</data></write>
    <read><length>29</length><match><data>Enter new date \x28MM\x2dDD\x2dYYYY\x29: </data></match></read>
    <write><data>\x0a</data></write>
    <read><length>17</length><match><data>Date not changed\x0a</data></match></read>
    <read><length>9</length><match><data>Options:\x0a</data></match></read>
    <read><length>14</length><match><data>1. View users\x0a</data></match></read>
    <read><length>12</length><match><data>2. Add user\x0a</data></match></read>
    <read><length>15</length><match><data>3. Remove user\x0a</data></match></read>
    <read><length>12</length><match><data>4. Set user\x0a</data></match></read>
    <read><length>17</length><match><data>5. View Calendar\x0a</data></match></read>
    <read><length>15</length><match><data>6. Change Date\x0a</data></match></read>
    <read><length>8</length><match><data>7. Exit\x0a</data></match></read>
    <read><length>29</length><match><data>\x2d\x2d\x2dCurrent User is \x2aNone\x2a\x2d\x2d\x2d\x0a</data></match></read>
    <read><length>19</length><match><data>\x2d\x2d\x2dToday\x27s date is </data></match></read>
    <read><length>8</length><match><data>8\x2d4\x2d2016</data></match></read>
    <read><length>4</length><match><data>\x2d\x2d\x2d\x0a</data></match></read>
    <read><length>11</length><match><data>Selection: </data></match></read>
    <write><data>5\x0a</data></write>
    <read><length>45</length><match><data>Must select a user before viewing a calendar\x0a</data></match></read>
    <read><length>9</length><match><data>Options:\x0a</data></match></read>
    <read><length>14</length><match><data>1. View users\x0a</data></match></read>
    <read><length>12</length><match><data>2. Add user\x0a</data></match></read>
    <read><length>15</length><match><data>3. Remove user\x0a</data></match></read>
    <read><length>12</length><match><data>4. Set user\x0a</data></match></read>
    <read><length>17</length><match><data>5. View Calendar\x0a</data></match></read>
    <read><length>15</length><match><data>6. Change Date\x0a</data></match></read>
    <read><length>8</length><match><data>7. Exit\x0a</data></match></read>
    <read><length>29</length><match><data>\x2d\x2d\x2dCurrent User is \x2aNone\x2a\x2d\x2d\x2d\x0a</data></match></read>
    <read><length>19</length><match><data>\x2d\x2d\x2dToday\x27s date is </data></match></read>
    <read><length>8</length><match><data>8\x2d4\x2d2016</data></match></read>
    <read><length>4</length><match><data>\x2d\x2d\x2d\x0a</data></match></read>
    <read><length>11</length><match><data>Selection: </data></match></read>
    <write><data>\x2d1\x0a</data></write>
    <read><length>10</length><match><data>Try again\x0a</data></match></read>
    <read><length>9</length><match><data>Options:\x0a</data></match></read>
    <read><length>14</length><match><data>1. View users\x0a</data></match></read>
    <read><length>12</length><match><data>2. Add user\x0a</data></match></read>
    <read><length>15</length><match><data>3. Remove user\x0a</data></match></read>
    <read><length>12</length><match><data>4. Set user\x0a</data></match></read>
    <read><length>17</length><match><data>5. View Calendar\x0a</data></match></read>
    <read><length>15</length><match><data>6. Change Date\x0a</data></match></read>
    <read><length>8</length><match><data>7. Exit\x0a</data></match></read>
    <read><length>29</length><match><data>\x2d\x2d\x2dCurrent User is \x2aNone\x2a\x2d\x2d\x2d\x0a</data></match></read>
    <read><length>19</length><match><data>\x2d\x2d\x2dToday\x27s date is </data></match></read>
    <read><length>8</length><match><data>8\x2d4\x2d2016</data></match></read>
    <read><length>4</length><match><data>\x2d\x2d\x2d\x0a</data></match></read>
    <read><length>11</length><match><data>Selection: </data></match></read>
    <write><data>\x2d1\x0a</data></write>
    <read><length>10</length><match><data>Try again\x0a</data></match></read>
    <read><length>9</length><match><data>Options:\x0a</data></match></read>
    <read><length>14</length><match><data>1. View users\x0a</data></match></read>
    <read><length>12</length><match><data>2. Add user\x0a</data></match></read>
    <read><length>15</length><match><data>3. Remove user\x0a</data></match></read>
    <read><length>12</length><match><data>4. Set user\x0a</data></match></read>
    <read><length>17</length><match><data>5. View Calendar\x0a</data></match></read>
    <read><length>15</length><match><data>6. Change Date\x0a</data></match></read>
    <read><length>8</length><match><data>7. Exit\x0a</data></match></read>
    <read><length>29</length><match><data>\x2d\x2d\x2dCurrent User is \x2aNone\x2a\x2d\x2d\x2d\x0a</data></match></read>
    <read><length>19</length><match><data>\x2d\x2d\x2dToday\x27s date is </data></match></read>
    <read><length>8</length><match><data>8\x2d4\x2d2016</data></match></read>
    <read><length>4</length><match><data>\x2d\x2d\x2d\x0a</data></match></read>
    <read><length>11</length><match><data>Selection: </data></match></read>
    <write><data>\x2d1\x0a</data></write>
    <read><length>10</length><match><data>Try again\x0a</data></match></read>
    <read><length>9</length><match><data>Options:\x0a</data></match></read>
    <read><length>14</length><match><data>1. View users\x0a</data></match></read>
    <read><length>12</length><match><data>2. Add user\x0a</data></match></read>
    <read><length>15</length><match><data>3. Remove user\x0a</data></match></read>
    <read><length>12</length><match><data>4. Set user\x0a</data></match></read>
    <read><length>17</length><match><data>5. View Calendar\x0a</data></match></read>
    <read><length>15</length><match><data>6. Change Date\x0a</data></match></read>
    <read><length>8</length><match><data>7. Exit\x0a</data></match></read>
    <read><length>29</length><match><data>\x2d\x2d\x2dCurrent User is \x2aNone\x2a\x2d\x2d\x2d\x0a</data></match></read>
    <read><length>19</length><match><data>\x2d\x2d\x2dToday\x27s date is </data></match></read>
    <read><length>8</length><match><data>8\x2d4\x2d2016</data></match></read>
    <read><length>4</length><match><data>\x2d\x2d\x2d\x0a</data></match></read>
    <read><length>11</length><match><data>Selection: </data></match></read>
    <write><data>\x2d1\x0a</data></write>
    <read><length>10</length><match><data>Try again\x0a</data></match></read>
    <read><length>9</length><match><data>Options:\x0a</data></match></read>
    <read><length>14</length><match><data>1. View users\x0a</data></match></read>
    <read><length>12</length><match><data>2. Add user\x0a</data></match></read>
    <read><length>15</length><match><data>3. Remove user\x0a</data></match></read>
    <read><length>12</length><match><data>4. Set user\x0a</data></match></read>
    <read><length>17</length><match><data>5. View Calendar\x0a</data></match></read>
    <read><length>15</length><match><data>6. Change Date\x0a</data></match></read>
    <read><length>8</length><match><data>7. Exit\x0a</data></match></read>
    <read><length>29</length><match><data>\x2d\x2d\x2dCurrent User is \x2aNone\x2a\x2d\x2d\x2d\x0a</data></match></read>
    <read><length>19</length><match><data>\x2d\x2d\x2dToday\x27s date is </data></match></read>
    <read><length>8</length><match><data>8\x2d4\x2d2016</data></match></read>
    <read><length>4</length><match><data>\x2d\x2d\x2d\x0a</data></match></read>
    <read><length>11</length><match><data>Selection: </data></match></read>
    <write><data>3\x0a</data></write>
    <read><length>16</length><match><data>Enter username: </data></match></read>
    <write><data>\x0a</data></write>
    <read><length>15</length><match><data>User not found\x0a</data></match></read>
    <read><length>9</length><match><data>Options:\x0a</data></match></read>
    <read><length>14</length><match><data>1. View users\x0a</data></match></read>
    <read><length>12</length><match><data>2. Add user\x0a</data></match></read>
    <read><length>15</length><match><data>3. Remove user\x0a</data></match></read>
    <read><length>12</length><match><data>4. Set user\x0a</data></match></read>
    <read><length>17</length><match><data>5. View Calendar\x0a</data></match></read>
    <read><length>15</length><match><data>6. Change Date\x0a</data></match></read>
    <read><length>8</length><match><data>7. Exit\x0a</data></match></read>
    <read><length>29</length><match><data>\x2d\x2d\x2dCurrent User is \x2aNone\x2a\x2d\x2d\x2d\x0a</data></match></read>
    <read><length>19</length><match><data>\x2d\x2d\x2dToday\x27s date is </data></match></read>
    <read><length>8</length><match><data>8\x2d4\x2d2016</data></match></read>
    <read><length>4</length><match><data>\x2d\x2d\x2d\x0a</data></match></read>
    <read><length>11</length><match><data>Selection: </data></match></read>
    <write><data>\x2d1\x0a</data></write>
    <read><length>10</length><match><data>Try again\x0a</data></match></read>
    <read><length>9</length><match><data>Options:\x0a</data></match></read>
    <read><length>14</length><match><data>1. View users\x0a</data></match></read>
    <read><length>12</length><match><data>2. Add user\x0a</data></match></read>
    <read><length>15</length><match><data>3. Remove user\x0a</data></match></read>
    <read><length>12</length><match><data>4. Set user\x0a</data></match></read>
    <read><length>17</length><match><data>5. View Calendar\x0a</data></match></read>
    <read><length>15</length><match><data>6. Change Date\x0a</data></match></read>
    <read><length>8</length><match><data>7. Exit\x0a</data></match></read>
    <read><length>29</length><match><data>\x2d\x2d\x2dCurrent User is \x2aNone\x2a\x2d\x2d\x2d\x0a</data></match></read>
    <read><length>19</length><match><data>\x2d\x2d\x2dToday\x27s date is </data></match></read>
    <read><length>8</length><match><data>8\x2d4\x2d2016</data></match></read>
    <read><length>4</length><match><data>\x2d\x2d\x2d\x0a</data></match></read>
    <read><length>11</length><match><data>Selection: </data></match></read>
    <write><data>\x2d1\x0a</data></write>
    <read><length>10</length><match><data>Try again\x0a</data></match></read>
    <read><length>9</length><match><data>Options:\x0a</data></match></read>
    <read><length>14</length><match><data>1. View users\x0a</data></match></read>
    <read><length>12</length><match><data>2. Add user\x0a</data></match></read>
    <read><length>15</length><match><data>3. Remove user\x0a</data></match></read>
    <read><length>12</length><match><data>4. Set user\x0a</data></match></read>
    <read><length>17</length><match><data>5. View Calendar\x0a</data></match></read>
    <read><length>15</length><match><data>6. Change Date\x0a</data></match></read>
    <read><length>8</length><match><data>7. Exit\x0a</data></match></read>
    <read><length>29</length><match><data>\x2d\x2d\x2dCurrent User is \x2aNone\x2a\x2d\x2d\x2d\x0a</data></match></read>
    <read><length>19</length><match><data>\x2d\x2d\x2dToday\x27s date is </data></match></read>
    <read><length>8</length><match><data>8\x2d4\x2d2016</data></match></read>
    <read><length>4</length><match><data>\x2d\x2d\x2d\x0a</data></match></read>
    <read><length>11</length><match><data>Selection: </data></match></read>
    <write><data>\x2d1\x0a</data></write>
    <read><length>10</length><match><data>Try again\x0a</data></match></read>
    <read><length>9</length><match><data>Options:\x0a</data></match></read>
    <read><length>14</length><match><data>1. View users\x0a</data></match></read>
    <read><length>12</length><match><data>2. Add user\x0a</data></match></read>
    <read><length>15</length><match><data>3. Remove user\x0a</data></match></read>
    <read><length>12</length><match><data>4. Set user\x0a</data></match></read>
    <read><length>17</length><match><data>5. View Calendar\x0a</data></match></read>
    <read><length>15</length><match><data>6. Change Date\x0a</data></match></read>
    <read><length>8</length><match><data>7. Exit\x0a</data></match></read>
    <read><length>29</length><match><data>\x2d\x2d\x2dCurrent User is \x2aNone\x2a\x2d\x2d\x2d\x0a</data></match></read>
    <read><length>19</length><match><data>\x2d\x2d\x2dToday\x27s date is </data></match></read>
    <read><length>8</length><match><data>8\x2d4\x2d2016</data></match></read>
    <read><length>4</length><match><data>\x2d\x2d\x2d\x0a</data></match></read>
    <read><length>11</length><match><data>Selection: </data></match></read>
    <write><data>4\x0a</data></write>
    <read><length>22</length><match><data>\x2d\x2d\x2d\x2d\x2d\x2dAll Users\x2d\x2d\x2d\x2d\x2d\x2d\x0a</data></match></read>
    <read><length>52</length><match><data>Entering a username will set it as the current user\x0a</data></match></read>
    <read><length>16</length><match><data>Enter username: </data></match></read>
    <write><data>\x0a</data></write>
    <read><length>13</length><match><data>User not set\x0a</data></match></read>
    <read><length>9</length><match><data>Options:\x0a</data></match></read>
    <read><length>14</length><match><data>1. View users\x0a</data></match></read>
    <read><length>12</length><match><data>2. Add user\x0a</data></match></read>
    <read><length>15</length><match><data>3. Remove user\x0a</data></match></read>
    <read><length>12</length><match><data>4. Set user\x0a</data></match></read>
    <read><length>17</length><match><data>5. View Calendar\x0a</data></match></read>
    <read><length>15</length><match><data>6. Change Date\x0a</data></match></read>
    <read><length>8</length><match><data>7. Exit\x0a</data></match></read>
    <read><length>29</length><match><data>\x2d\x2d\x2dCurrent User is \x2aNone\x2a\x2d\x2d\x2d\x0a</data></match></read>
    <read><length>19</length><match><data>\x2d\x2d\x2dToday\x27s date is </data></match></read>
    <read><length>8</length><match><data>8\x2d4\x2d2016</data></match></read>
    <read><length>4</length><match><data>\x2d\x2d\x2d\x0a</data></match></read>
    <read><length>11</length><match><data>Selection: </data></match></read>
    <write><data>6\x0a</data></write>
    <read><length>29</length><match><data>Enter new date \x28MM\x2dDD\x2dYYYY\x29: </data></match></read>
    <write><data>\x0a</data></write>
    <read><length>17</length><match><data>Date not changed\x0a</data></match></read>
    <read><length>9</length><match><data>Options:\x0a</data></match></read>
    <read><length>14</length><match><data>1. View users\x0a</data></match></read>
    <read><length>12</length><match><data>2. Add user\x0a</data></match></read>
    <read><length>15</length><match><data>3. Remove user\x0a</data></match></read>
    <read><length>12</length><match><data>4. Set user\x0a</data></match></read>
    <read><length>17</length><match><data>5. View Calendar\x0a</data></match></read>
    <read><length>15</length><match><data>6. Change Date\x0a</data></match></read>
    <read><length>8</length><match><data>7. Exit\x0a</data></match></read>
    <read><length>29</length><match><data>\x2d\x2d\x2dCurrent User is \x2aNone\x2a\x2d\x2d\x2d\x0a</data></match></read>
    <read><length>19</length><match><data>\x2d\x2d\x2dToday\x27s date is </data></match></read>
    <read><length>8</length><match><data>8\x2d4\x2d2016</data></match></read>
    <read><length>4</length><match><data>\x2d\x2d\x2d\x0a</data></match></read>
    <read><length>11</length><match><data>Selection: </data></match></read>
    <write><data>\x2d1\x0a</data></write>
    <read><length>10</length><match><data>Try again\x0a</data></match></read>
    <read><length>9</length><match><data>Options:\x0a</data></match></read>
    <read><length>14</length><match><data>1. View users\x0a</data></match></read>
    <read><length>12</length><match><data>2. Add user\x0a</data></match></read>
    <read><length>15</length><match><data>3. Remove user\x0a</data></match></read>
    <read><length>12</length><match><data>4. Set user\x0a</data></match></read>
    <read><length>17</length><match><data>5. View Calendar\x0a</data></match></read>
    <read><length>15</length><match><data>6. Change Date\x0a</data></match></read>
    <read><length>8</length><match><data>7. Exit\x0a</data></match></read>
    <read><length>29</length><match><data>\x2d\x2d\x2dCurrent User is \x2aNone\x2a\x2d\x2d\x2d\x0a</data></match></read>
    <read><length>19</length><match><data>\x2d\x2d\x2dToday\x27s date is </data></match></read>
    <read><length>8</length><match><data>8\x2d4\x2d2016</data></match></read>
    <read><length>4</length><match><data>\x2d\x2d\x2d\x0a</data></match></read>
    <read><length>11</length><match><data>Selection: </data></match></read>
    <write><data>4\x0a</data></write>
    <read><length>22</length><match><data>\x2d\x2d\x2d\x2d\x2d\x2dAll Users\x2d\x2d\x2d\x2d\x2d\x2d\x0a</data></match></read>
    <read><length>52</length><match><data>Entering a username will set it as the current user\x0a</data></match></read>
    <read><length>16</length><match><data>Enter username: </data></match></read>
    <write><data>\x0a</data></write>
    <read><length>13</length><match><data>User not set\x0a</data></match></read>
    <read><length>9</length><match><data>Options:\x0a</data></match></read>
    <read><length>14</length><match><data>1. View users\x0a</data></match></read>
    <read><length>12</length><match><data>2. Add user\x0a</data></match></read>
    <read><length>15</length><match><data>3. Remove user\x0a</data></match></read>
    <read><length>12</length><match><data>4. Set user\x0a</data></match></read>
    <read><length>17</length><match><data>5. View Calendar\x0a</data></match></read>
    <read><length>15</length><match><data>6. Change Date\x0a</data></match></read>
    <read><length>8</length><match><data>7. Exit\x0a</data></match></read>
    <read><length>29</length><match><data>\x2d\x2d\x2dCurrent User is \x2aNone\x2a\x2d\x2d\x2d\x0a</data></match></read>
    <read><length>19</length><match><data>\x2d\x2d\x2dToday\x27s date is </data></match></read>
    <read><length>8</length><match><data>8\x2d4\x2d2016</data></match></read>
    <read><length>4</length><match><data>\x2d\x2d\x2d\x0a</data></match></read>
    <read><length>11</length><match><data>Selection: </data></match></read>
    <write><data>1\x0a</data></write>
    <read><length>22</length><match><data>\x2d\x2d\x2d\x2d\x2d\x2dAll Users\x2d\x2d\x2d\x2d\x2d\x2d\x0a</data></match></read>
    <read><length>9</length><match><data>Options:\x0a</data></match></read>
    <read><length>14</length><match><data>1. View users\x0a</data></match></read>
    <read><length>12</length><match><data>2. Add user\x0a</data></match></read>
    <read><length>15</length><match><data>3. Remove user\x0a</data></match></read>
    <read><length>12</length><match><data>4. Set user\x0a</data></match></read>
    <read><length>17</length><match><data>5. View Calendar\x0a</data></match></read>
    <read><length>15</length><match><data>6. Change Date\x0a</data></match></read>
    <read><length>8</length><match><data>7. Exit\x0a</data></match></read>
    <read><length>29</length><match><data>\x2d\x2d\x2dCurrent User is \x2aNone\x2a\x2d\x2d\x2d\x0a</data></match></read>
    <read><length>19</length><match><data>\x2d\x2d\x2dToday\x27s date is </data></match></read>
    <read><length>8</length><match><data>8\x2d4\x2d2016</data></match></read>
    <read><length>4</length><match><data>\x2d\x2d\x2d\x0a</data></match></read>
    <read><length>11</length><match><data>Selection: </data></match></read>
    <write><data>\x2d1\x0a</data></write>
    <read><length>10</length><match><data>Try again\x0a</data></match></read>
    <read><length>9</length><match><data>Options:\x0a</data></match></read>
    <read><length>14</length><match><data>1. View users\x0a</data></match></read>
    <read><length>12</length><match><data>2. Add user\x0a</data></match></read>
    <read><length>15</length><match><data>3. Remove user\x0a</data></match></read>
    <read><length>12</length><match><data>4. Set user\x0a</data></match></read>
    <read><length>17</length><match><data>5. View Calendar\x0a</data></match></read>
    <read><length>15</length><match><data>6. Change Date\x0a</data></match></read>
    <read><length>8</length><match><data>7. Exit\x0a</data></match></read>
    <read><length>29</length><match><data>\x2d\x2d\x2dCurrent User is \x2aNone\x2a\x2d\x2d\x2d\x0a</data></match></read>
    <read><length>19</length><match><data>\x2d\x2d\x2dToday\x27s date is </data></match></read>
    <read><length>8</length><match><data>8\x2d4\x2d2016</data></match></read>
    <read><length>4</length><match><data>\x2d\x2d\x2d\x0a</data></match></read>
    <read><length>11</length><match><data>Selection: </data></match></read>
    <write><data>3\x0a</data></write>
    <read><length>16</length><match><data>Enter username: </data></match></read>
    <write><data>\x0a</data></write>
    <read><length>15</length><match><data>User not found\x0a</data></match></read>
    <read><length>9</length><match><data>Options:\x0a</data></match></read>
    <read><length>14</length><match><data>1. View users\x0a</data></match></read>
    <read><length>12</length><match><data>2. Add user\x0a</data></match></read>
    <read><length>15</length><match><data>3. Remove user\x0a</data></match></read>
    <read><length>12</length><match><data>4. Set user\x0a</data></match></read>
    <read><length>17</length><match><data>5. View Calendar\x0a</data></match></read>
    <read><length>15</length><match><data>6. Change Date\x0a</data></match></read>
    <read><length>8</length><match><data>7. Exit\x0a</data></match></read>
    <read><length>29</length><match><data>\x2d\x2d\x2dCurrent User is \x2aNone\x2a\x2d\x2d\x2d\x0a</data></match></read>
    <read><length>19</length><match><data>\x2d\x2d\x2dToday\x27s date is </data></match></read>
    <read><length>8</length><match><data>8\x2d4\x2d2016</data></match></read>
    <read><length>4</length><match><data>\x2d\x2d\x2d\x0a</data></match></read>
    <read><length>11</length><match><data>Selection: </data></match></read>
    <write><data>\x2d1\x0a</data></write>
    <read><length>10</length><match><data>Try again\x0a</data></match></read>
    <read><length>9</length><match><data>Options:\x0a</data></match></read>
    <read><length>14</length><match><data>1. View users\x0a</data></match></read>
    <read><length>12</length><match><data>2. Add user\x0a</data></match></read>
    <read><length>15</length><match><data>3. Remove user\x0a</data></match></read>
    <read><length>12</length><match><data>4. Set user\x0a</data></match></read>
    <read><length>17</length><match><data>5. View Calendar\x0a</data></match></read>
    <read><length>15</length><match><data>6. Change Date\x0a</data></match></read>
    <read><length>8</length><match><data>7. Exit\x0a</data></match></read>
    <read><length>29</length><match><data>\x2d\x2d\x2dCurrent User is \x2aNone\x2a\x2d\x2d\x2d\x0a</data></match></read>
    <read><length>19</length><match><data>\x2d\x2d\x2dToday\x27s date is </data></match></read>
    <read><length>8</length><match><data>8\x2d4\x2d2016</data></match></read>
    <read><length>4</length><match><data>\x2d\x2d\x2d\x0a</data></match></read>
    <read><length>11</length><match><data>Selection: </data></match></read>
    <write><data>\x2d1\x0a</data></write>
    <read><length>10</length><match><data>Try again\x0a</data></match></read>
    <read><length>9</length><match><data>Options:\x0a</data></match></read>
    <read><length>14</length><match><data>1. View users\x0a</data></match></read>
    <read><length>12</length><match><data>2. Add user\x0a</data></match></read>
    <read><length>15</length><match><data>3. Remove user\x0a</data></match></read>
    <read><length>12</length><match><data>4. Set user\x0a</data></match></read>
    <read><length>17</length><match><data>5. View Calendar\x0a</data></match></read>
    <read><length>15</length><match><data>6. Change Date\x0a</data></match></read>
    <read><length>8</length><match><data>7. Exit\x0a</data></match></read>
    <read><length>29</length><match><data>\x2d\x2d\x2dCurrent User is \x2aNone\x2a\x2d\x2d\x2d\x0a</data></match></read>
    <read><length>19</length><match><data>\x2d\x2d\x2dToday\x27s date is </data></match></read>
    <read><length>8</length><match><data>8\x2d4\x2d2016</data></match></read>
    <read><length>4</length><match><data>\x2d\x2d\x2d\x0a</data></match></read>
    <read><length>11</length><match><data>Selection: </data></match></read>
    <write><data>\x2d1\x0a</data></write>
    <read><length>10</length><match><data>Try again\x0a</data></match></read>
    <read><length>9</length><match><data>Options:\x0a</data></match></read>
    <read><length>14</length><match><data>1. View users\x0a</data></match></read>
    <read><length>12</length><match><data>2. Add user\x0a</data></match></read>
    <read><length>15</length><match><data>3. Remove user\x0a</data></match></read>
    <read><length>12</length><match><data>4. Set user\x0a</data></match></read>
    <read><length>17</length><match><data>5. View Calendar\x0a</data></match></read>
    <read><length>15</length><match><data>6. Change Date\x0a</data></match></read>
    <read><length>8</length><match><data>7. Exit\x0a</data></match></read>
    <read><length>29</length><match><data>\x2d\x2d\x2dCurrent User is \x2aNone\x2a\x2d\x2d\x2d\x0a</data></match></read>
    <read><length>19</length><match><data>\x2d\x2d\x2dToday\x27s date is </data></match></read>
    <read><length>8</length><match><data>8\x2d4\x2d2016</data></match></read>
    <read><length>4</length><match><data>\x2d\x2d\x2d\x0a</data></match></read>
    <read><length>11</length><match><data>Selection: </data></match></read>
    <write><data>\x2d1\x0a</data></write>
    <read><length>10</length><match><data>Try again\x0a</data></match></read>
    <read><length>9</length><match><data>Options:\x0a</data></match></read>
    <read><length>14</length><match><data>1. View users\x0a</data></match></read>
    <read><length>12</length><match><data>2. Add user\x0a</data></match></read>
    <read><length>15</length><match><data>3. Remove user\x0a</data></match></read>
    <read><length>12</length><match><data>4. Set user\x0a</data></match></read>
    <read><length>17</length><match><data>5. View Calendar\x0a</data></match></read>
    <read><length>15</length><match><data>6. Change Date\x0a</data></match></read>
    <read><length>8</length><match><data>7. Exit\x0a</data></match></read>
    <read><length>29</length><match><data>\x2d\x2d\x2dCurrent User is \x2aNone\x2a\x2d\x2d\x2d\x0a</data></match></read>
    <read><length>19</length><match><data>\x2d\x2d\x2dToday\x27s date is </data></match></read>
    <read><length>8</length><match><data>8\x2d4\x2d2016</data></match></read>
    <read><length>4</length><match><data>\x2d\x2d\x2d\x0a</data></match></read>
    <read><length>11</length><match><data>Selection: </data></match></read>
    <write><data>\x2d1\x0a</data></write>
    <read><length>10</length><match><data>Try again\x0a</data></match></read>
    <read><length>9</length><match><data>Options:\x0a</data></match></read>
    <read><length>14</length><match><data>1. View users\x0a</data></match></read>
    <read><length>12</length><match><data>2. Add user\x0a</data></match></read>
    <read><length>15</length><match><data>3. Remove user\x0a</data></match></read>
    <read><length>12</length><match><data>4. Set user\x0a</data></match></read>
    <read><length>17</length><match><data>5. View Calendar\x0a</data></match></read>
    <read><length>15</length><match><data>6. Change Date\x0a</data></match></read>
    <read><length>8</length><match><data>7. Exit\x0a</data></match></read>
    <read><length>29</length><match><data>\x2d\x2d\x2dCurrent User is \x2aNone\x2a\x2d\x2d\x2d\x0a</data></match></read>
    <read><length>19</length><match><data>\x2d\x2d\x2dToday\x27s date is </data></match></read>
    <read><length>8</length><match><data>8\x2d4\x2d2016</data></match></read>
    <read><length>4</length><match><data>\x2d\x2d\x2d\x0a</data></match></read>
    <read><length>11</length><match><data>Selection: </data></match></read>
    <write><data>\x2d1\x0a</data></write>
    <read><length>10</length><match><data>Try again\x0a</data></match></read>
    <read><length>9</length><match><data>Options:\x0a</data></match></read>
    <read><length>14</length><match><data>1. View users\x0a</data></match></read>
    <read><length>12</length><match><data>2. Add user\x0a</data></match></read>
    <read><length>15</length><match><data>3. Remove user\x0a</data></match></read>
    <read><length>12</length><match><data>4. Set user\x0a</data></match></read>
    <read><length>17</length><match><data>5. View Calendar\x0a</data></match></read>
    <read><length>15</length><match><data>6. Change Date\x0a</data></match></read>
    <read><length>8</length><match><data>7. Exit\x0a</data></match></read>
    <read><length>29</length><match><data>\x2d\x2d\x2dCurrent User is \x2aNone\x2a\x2d\x2d\x2d\x0a</data></match></read>
    <read><length>19</length><match><data>\x2d\x2d\x2dToday\x27s date is </data></match></read>
    <read><length>8</length><match><data>8\x2d4\x2d2016</data></match></read>
    <read><length>4</length><match><data>\x2d\x2d\x2d\x0a</data></match></read>
    <read><length>11</length><match><data>Selection: </data></match></read>
    <write><data>\x2d1\x0a</data></write>
    <read><length>10</length><match><data>Try again\x0a</data></match></read>
    <read><length>9</length><match><data>Options:\x0a</data></match></read>
    <read><length>14</length><match><data>1. View users\x0a</data></match></read>
    <read><length>12</length><match><data>2. Add user\x0a</data></match></read>
    <read><length>15</length><match><data>3. Remove user\x0a</data></match></read>
    <read><length>12</length><match><data>4. Set user\x0a</data></match></read>
    <read><length>17</length><match><data>5. View Calendar\x0a</data></match></read>
    <read><length>15</length><match><data>6. Change Date\x0a</data></match></read>
    <read><length>8</length><match><data>7. Exit\x0a</data></match></read>
    <read><length>29</length><match><data>\x2d\x2d\x2dCurrent User is \x2aNone\x2a\x2d\x2d\x2d\x0a</data></match></read>
    <read><length>19</length><match><data>\x2d\x2d\x2dToday\x27s date is </data></match></read>
    <read><length>8</length><match><data>8\x2d4\x2d2016</data></match></read>
    <read><length>4</length><match><data>\x2d\x2d\x2d\x0a</data></match></read>
    <read><length>11</length><match><data>Selection: </data></match></read>
    <write><data>5\x0a</data></write>
    <read><length>45</length><match><data>Must select a user before viewing a calendar\x0a</data></match></read>
    <read><length>9</length><match><data>Options:\x0a</data></match></read>
    <read><length>14</length><match><data>1. View users\x0a</data></match></read>
    <read><length>12</length><match><data>2. Add user\x0a</data></match></read>
    <read><length>15</length><match><data>3. Remove user\x0a</data></match></read>
    <read><length>12</length><match><data>4. Set user\x0a</data></match></read>
    <read><length>17</length><match><data>5. View Calendar\x0a</data></match></read>
    <read><length>15</length><match><data>6. Change Date\x0a</data></match></read>
    <read><length>8</length><match><data>7. Exit\x0a</data></match></read>
    <read><length>29</length><match><data>\x2d\x2d\x2dCurrent User is \x2aNone\x2a\x2d\x2d\x2d\x0a</data></match></read>
    <read><length>19</length><match><data>\x2d\x2d\x2dToday\x27s date is </data></match></read>
    <read><length>8</length><match><data>8\x2d4\x2d2016</data></match></read>
    <read><length>4</length><match><data>\x2d\x2d\x2d\x0a</data></match></read>
    <read><length>11</length><match><data>Selection: </data></match></read>
    <write><data>\x2d1\x0a</data></write>
    <read><length>10</length><match><data>Try again\x0a</data></match></read>
    <read><length>9</length><match><data>Options:\x0a</data></match></read>
    <read><length>14</length><match><data>1. View users\x0a</data></match></read>
    <read><length>12</length><match><data>2. Add user\x0a</data></match></read>
    <read><length>15</length><match><data>3. Remove user\x0a</data></match></read>
    <read><length>12</length><match><data>4. Set user\x0a</data></match></read>
    <read><length>17</length><match><data>5. View Calendar\x0a</data></match></read>
    <read><length>15</length><match><data>6. Change Date\x0a</data></match></read>
    <read><length>8</length><match><data>7. Exit\x0a</data></match></read>
    <read><length>29</length><match><data>\x2d\x2d\x2dCurrent User is \x2aNone\x2a\x2d\x2d\x2d\x0a</data></match></read>
    <read><length>19</length><match><data>\x2d\x2d\x2dToday\x27s date is </data></match></read>
    <read><length>8</length><match><data>8\x2d4\x2d2016</data></match></read>
    <read><length>4</length><match><data>\x2d\x2d\x2d\x0a</data></match></read>
    <read><length>11</length><match><data>Selection: </data></match></read>
    <write><data>\x2d1\x0a</data></write>
    <read><length>10</length><match><data>Try again\x0a</data></match></read>
    <read><length>9</length><match><data>Options:\x0a</data></match></read>
    <read><length>14</length><match><data>1. View users\x0a</data></match></read>
    <read><length>12</length><match><data>2. Add user\x0a</data></match></read>
    <read><length>15</length><match><data>3. Remove user\x0a</data></match></read>
    <read><length>12</length><match><data>4. Set user\x0a</data></match></read>
    <read><length>17</length><match><data>5. View Calendar\x0a</data></match></read>
    <read><length>15</length><match><data>6. Change Date\x0a</data></match></read>
    <read><length>8</length><match><data>7. Exit\x0a</data></match></read>
    <read><length>29</length><match><data>\x2d\x2d\x2dCurrent User is \x2aNone\x2a\x2d\x2d\x2d\x0a</data></match></read>
    <read><length>19</length><match><data>\x2d\x2d\x2dToday\x27s date is </data></match></read>
    <read><length>8</length><match><data>8\x2d4\x2d2016</data></match></read>
    <read><length>4</length><match><data>\x2d\x2d\x2d\x0a</data></match></read>
    <read><length>11</length><match><data>Selection: </data></match></read>
    <write><data>\x2d1\x0a</data></write>
    <read><length>10</length><match><data>Try again\x0a</data></match></read>
    <read><length>9</length><match><data>Options:\x0a</data></match></read>
    <read><length>14</length><match><data>1. View users\x0a</data></match></read>
    <read><length>12</length><match><data>2. Add user\x0a</data></match></read>
    <read><length>15</length><match><data>3. Remove user\x0a</data></match></read>
    <read><length>12</length><match><data>4. Set user\x0a</data></match></read>
    <read><length>17</length><match><data>5. View Calendar\x0a</data></match></read>
    <read><length>15</length><match><data>6. Change Date\x0a</data></match></read>
    <read><length>8</length><match><data>7. Exit\x0a</data></match></read>
    <read><length>29</length><match><data>\x2d\x2d\x2dCurrent User is \x2aNone\x2a\x2d\x2d\x2d\x0a</data></match></read>
    <read><length>19</length><match><data>\x2d\x2d\x2dToday\x27s date is </data></match></read>
    <read><length>8</length><match><data>8\x2d4\x2d2016</data></match></read>
    <read><length>4</length><match><data>\x2d\x2d\x2d\x0a</data></match></read>
    <read><length>11</length><match><data>Selection: </data></match></read>
    <write><data>3\x0a</data></write>
    <read><length>16</length><match><data>Enter username: </data></match></read>
    <write><data>\x0a</data></write>
    <read><length>15</length><match><data>User not found\x0a</data></match></read>
    <read><length>9</length><match><data>Options:\x0a</data></match></read>
    <read><length>14</length><match><data>1. View users\x0a</data></match></read>
    <read><length>12</length><match><data>2. Add user\x0a</data></match></read>
    <read><length>15</length><match><data>3. Remove user\x0a</data></match></read>
    <read><length>12</length><match><data>4. Set user\x0a</data></match></read>
    <read><length>17</length><match><data>5. View Calendar\x0a</data></match></read>
    <read><length>15</length><match><data>6. Change Date\x0a</data></match></read>
    <read><length>8</length><match><data>7. Exit\x0a</data></match></read>
    <read><length>29</length><match><data>\x2d\x2d\x2dCurrent User is \x2aNone\x2a\x2d\x2d\x2d\x0a</data></match></read>
    <read><length>19</length><match><data>\x2d\x2d\x2dToday\x27s date is </data></match></read>
    <read><length>8</length><match><data>8\x2d4\x2d2016</data></match></read>
    <read><length>4</length><match><data>\x2d\x2d\x2d\x0a</data></match></read>
    <read><length>11</length><match><data>Selection: </data></match></read>
    <write><data>5\x0a</data></write>
    <read><length>45</length><match><data>Must select a user before viewing a calendar\x0a</data></match></read>
    <read><length>9</length><match><data>Options:\x0a</data></match></read>
    <read><length>14</length><match><data>1. View users\x0a</data></match></read>
    <read><length>12</length><match><data>2. Add user\x0a</data></match></read>
    <read><length>15</length><match><data>3. Remove user\x0a</data></match></read>
    <read><length>12</length><match><data>4. Set user\x0a</data></match></read>
    <read><length>17</length><match><data>5. View Calendar\x0a</data></match></read>
    <read><length>15</length><match><data>6. Change Date\x0a</data></match></read>
    <read><length>8</length><match><data>7. Exit\x0a</data></match></read>
    <read><length>29</length><match><data>\x2d\x2d\x2dCurrent User is \x2aNone\x2a\x2d\x2d\x2d\x0a</data></match></read>
    <read><length>19</length><match><data>\x2d\x2d\x2dToday\x27s date is </data></match></read>
    <read><length>8</length><match><data>8\x2d4\x2d2016</data></match></read>
    <read><length>4</length><match><data>\x2d\x2d\x2d\x0a</data></match></read>
    <read><length>11</length><match><data>Selection: </data></match></read>
    <write><data>\x2d1\x0a</data></write>
    <read><length>10</length><match><data>Try again\x0a</data></match></read>
    <read><length>9</length><match><data>Options:\x0a</data></match></read>
    <read><length>14</length><match><data>1. View users\x0a</data></match></read>
    <read><length>12</length><match><data>2. Add user\x0a</data></match></read>
    <read><length>15</length><match><data>3. Remove user\x0a</data></match></read>
    <read><length>12</length><match><data>4. Set user\x0a</data></match></read>
    <read><length>17</length><match><data>5. View Calendar\x0a</data></match></read>
    <read><length>15</length><match><data>6. Change Date\x0a</data></match></read>
    <read><length>8</length><match><data>7. Exit\x0a</data></match></read>
    <read><length>29</length><match><data>\x2d\x2d\x2dCurrent User is \x2aNone\x2a\x2d\x2d\x2d\x0a</data></match></read>
    <read><length>19</length><match><data>\x2d\x2d\x2dToday\x27s date is </data></match></read>
    <read><length>8</length><match><data>8\x2d4\x2d2016</data></match></read>
    <read><length>4</length><match><data>\x2d\x2d\x2d\x0a</data></match></read>
    <read><length>11</length><match><data>Selection: </data></match></read>
    <write><data>\x2d1\x0a</data></write>
    <read><length>10</length><match><data>Try again\x0a</data></match></read>
    <read><length>9</length><match><data>Options:\x0a</data></match></read>
    <read><length>14</length><match><data>1. View users\x0a</data></match></read>
    <read><length>12</length><match><data>2. Add user\x0a</data></match></read>
    <read><length>15</length><match><data>3. Remove user\x0a</data></match></read>
    <read><length>12</length><match><data>4. Set user\x0a</data></match></read>
    <read><length>17</length><match><data>5. View Calendar\x0a</data></match></read>
    <read><length>15</length><match><data>6. Change Date\x0a</data></match></read>
    <read><length>8</length><match><data>7. Exit\x0a</data></match></read>
    <read><length>29</length><match><data>\x2d\x2d\x2dCurrent User is \x2aNone\x2a\x2d\x2d\x2d\x0a</data></match></read>
    <read><length>19</length><match><data>\x2d\x2d\x2dToday\x27s date is </data></match></read>
    <read><length>8</length><match><data>8\x2d4\x2d2016</data></match></read>
    <read><length>4</length><match><data>\x2d\x2d\x2d\x0a</data></match></read>
    <read><length>11</length><match><data>Selection: </data></match></read>
    <write><data>1\x0a</data></write>
    <read><length>22</length><match><data>\x2d\x2d\x2d\x2d\x2d\x2dAll Users\x2d\x2d\x2d\x2d\x2d\x2d\x0a</data></match></read>
    <read><length>9</length><match><data>Options:\x0a</data></match></read>
    <read><length>14</length><match><data>1. View users\x0a</data></match></read>
    <read><length>12</length><match><data>2. Add user\x0a</data></match></read>
    <read><length>15</length><match><data>3. Remove user\x0a</data></match></read>
    <read><length>12</length><match><data>4. Set user\x0a</data></match></read>
    <read><length>17</length><match><data>5. View Calendar\x0a</data></match></read>
    <read><length>15</length><match><data>6. Change Date\x0a</data></match></read>
    <read><length>8</length><match><data>7. Exit\x0a</data></match></read>
    <read><length>29</length><match><data>\x2d\x2d\x2dCurrent User is \x2aNone\x2a\x2d\x2d\x2d\x0a</data></match></read>
    <read><length>19</length><match><data>\x2d\x2d\x2dToday\x27s date is </data></match></read>
    <read><length>8</length><match><data>8\x2d4\x2d2016</data></match></read>
    <read><length>4</length><match><data>\x2d\x2d\x2d\x0a</data></match></read>
    <read><length>11</length><match><data>Selection: </data></match></read>
    <write><data>6\x0a</data></write>
    <read><length>29</length><match><data>Enter new date \x28MM\x2dDD\x2dYYYY\x29: </data></match></read>
    <write><data>\x0a</data></write>
    <read><length>17</length><match><data>Date not changed\x0a</data></match></read>
    <read><length>9</length><match><data>Options:\x0a</data></match></read>
    <read><length>14</length><match><data>1. View users\x0a</data></match></read>
    <read><length>12</length><match><data>2. Add user\x0a</data></match></read>
    <read><length>15</length><match><data>3. Remove user\x0a</data></match></read>
    <read><length>12</length><match><data>4. Set user\x0a</data></match></read>
    <read><length>17</length><match><data>5. View Calendar\x0a</data></match></read>
    <read><length>15</length><match><data>6. Change Date\x0a</data></match></read>
    <read><length>8</length><match><data>7. Exit\x0a</data></match></read>
    <read><length>29</length><match><data>\x2d\x2d\x2dCurrent User is \x2aNone\x2a\x2d\x2d\x2d\x0a</data></match></read>
    <read><length>19</length><match><data>\x2d\x2d\x2dToday\x27s date is </data></match></read>
    <read><length>8</length><match><data>8\x2d4\x2d2016</data></match></read>
    <read><length>4</length><match><data>\x2d\x2d\x2d\x0a</data></match></read>
    <read><length>11</length><match><data>Selection: </data></match></read>
    <write><data>7\x0a</data></write>
</replay>
</pov>