<?xml version="1.0" standalone="no" ?>
<!DOCTYPE pov SYSTEM "/usr/share/cgc-docs/replay.dtd">
<pov>
<cbid>service</cbid>
<seed>b4869be7ea9b928738a54202ec62159175ae827fb8473d5ef02f85d36f4842eded6afff4b2d7d4107ddf438f005e90fd</seed>
<replay>
    <write><data>\x26\x19Y\xba</data></write>
    <read><length>4096</length><match><data>\x26\x19Y\xba\xce\xbb\xf6S\x0b\xbe\xcb\x0cU\x91\xb0\x95\xb8\x000\x2a\xcd\xb7\x0bQ\x11\xb5\xb9\x80\xe1\x2fX\xa3\xfe\x1fZ\xd8\x5f\xe4\x40:\xe7\x22q\x7b\x8aGm\x90e\x18\xbaC\x06\xf9\x409E\x84\xcf\xba\x1d\xf0\xae\xf3\x5b\xfd\xf7\x11Z\xe4\x7b\x9b\x1f\x85\xd54U\x13\xe0\xa2\x19\x90\x8e\x7d\x88\x84.\x15\xb1\x02\xaf\xd31\x2c\xf4\x29\xf3\x90\x29\xe1\xdd\x3e\xe8\x5d\xc4\x8c\xce\x99\x7bn\x7f\x82\xd2k\x82\xd1\xd2\x23s\x08\xd9\x40\x8dq\xf7\xdd\xf1\x8a\x88\xb3Ig\x27\x07\xeb\xcc\xad\xc0X\x7e\x1246\x06\xb9\xc3\xf1\xf6\xd4d\xae\x5b\xebz\xd9T\x82c\xb3\x9eX:\xc89\x15\xb9\xad\x07\xee\x05 \x2a\x3c\x25\x10\xa1\x86\xb4\x10\x8b\xbe\x1bNKbk\x89\xc5\x08\x87\xdb6\xda\xfa\xaaV\xadYo9\x9e\x17.fr\x19\xa5g\xc0v\xba6I\x40\x8e\xa5\xb2\xc8\x9a\xb2\xc8\xb9\xbe\xbf\xf8\xdc\x9d\x0fJ\x40UL\x8a\x8d\xc8\xad\x99hk\x10r\x071\x18v\xa8\xbcvO\x3e\xa7d\xad\xfc\xf6\x8a\xdf\xa8o\x8a\x85\xfeS\xef\x02\xed\x9a\x27\x8d9\x2a:\xfb\x02\xeb\x60L\x7eP\xc2\x29I\xf3t\x00\x27\x04\xd9H\xe6\x92\x06\x89k!m\xbb\x7b\xe1\x2b\x10\x25\xef\xb6\x9b0\xf9\x80\x5eZ\x27\x15r\xc3 \xcfsK\x3d\x2f\xf0z\x92\x13\x7d\xb6\x26I\xeb\xec\x5d5\x99\xe1\xfc\x96\xd2t\x09\xb2M\x96\xfcG\xdeM\xa3\xd3\x99\xcc\xcd:\xfe\xe1\xc3\x19\xe2\xf0AQ\x94\xb1n\xfd\xae\xd8\x05\x91\x9d\xb7 \xf9\xfb\x40\xa6\xf8\x22\xac\xeb9\xbd5\x86\x2a\xe3\xfa\x10GJ\xd0\x0c\x9b\xde\xb9\xe0\xaf\xb5\xf4\xae\x10\x5c\x026\xac\x2a\xfd\x0c\x7dP\x2d\xb5z?\x7dN\xa2\x05\xd3\x02 \xa8R\x8f\xa9\xfa\xd2\xed\x1d\xf1\x93\x26\x1f4hw\xab\xe4\x22\x82a\x92\x07gPR\x2b\xe3\xeb\xbdtf\xfa\xae\x7d\x9ac\xf0\xec\xc6\x10\xc5\xf3\xfe\x01\x0eO\x84\xbe\xdcr\xd7hP0\x40\xcc\xf2\xca\xbe\xcb\xfc\xff\xc9\x81\xde\xbc\x11\x25\xf1\x10\x40\xa4\xe6\xc8N\x8e4\x2c\x5f\xdd\xfd\x1b\xa9 \xb9\xc0\xb3y\xf9\x7c\x99\x18\xfb\xdcIu\xd2\xad\xa9L\xa1v\xe4\x0eb\x92\xe2\x3b\xf8\x05\xf6\xf2b\x1a\xbd\xe8\xcax\xff\xf9\x15n\xea\xeb5\x2dIo\x8b\x7ca\x1b\x85S\xad\x26\x1aLY\xb6St\x1c\x8f\xbf\x96\xf2\xfc\x28\x2a\xa5l\xd3\xaa\x14j\x5b\x99\xa43\xfba\xc0\xbf\x13\x5e\xa8h\xa4\x98R\xf8\xb7\xa3\x7f\x26\xd3\x9b\x5c\x40\x0fQ\xe8\x5b\x27\xeb\x1cZ\xfc\xe5\xc1\xda\x27q\x07\xe7\xcd\xfb?\xc9\xe7N\x89\xab\x8c\xfdTX\x25\x99\xb51\x92\x26\xa1\xd0\x25\x91R\xc32\x8a\x1f\x10\x9bX\xaeY\x8c\x07FQO0\x86\xbe\xbf\xa7\xf1\xcd\x24\xfbUi\x94\xf7r8\x2fu\x03\x26Z\x93\xc8\xbcE3\x0f\x04\x10\x95w6\xa5\xd1\x04\x24j\xbe\x98\xeb\x8cq\xae\xa2\xe4\xd7\xc6\x95\xafD\xc0\x14\xf0\x81\x1b\xb08\xd3\xf1\x3bR\xdb\x923C\x26\x83\x1b\x5f\x8c\xd1\x19\xca6S!\x5f\xb0\xe8\xfb\xbd\xf5ZM\x84\x27\xd4\xeb\xba\x2d\x14.\x95\xcf\x2a\xe1\xe9\x12\x1e\xb0Q\xe6\x5cC\xe2Od3\xa1\xe7\xb0\x9b\x82\x16I\x0f\x1c\xc37\x5d\x96\x3e\xedw\xf0gN\x91g\xa4\x9e\x11\xbe\x7bn\xe5\x40\x2dTnze\x1a\xe3G\xdf\xc0\xd6\x60\x98i\xf1\x16\x87s\xf4\xcb\x23\x7fx\x04\x01\xdda\x3b\x26\xcc\xaa\xaf\x15\xf4\xc5\x8a\x1b\xa6\xcb2\x09Ey7\x0e\x197\xdc\xe8\x23\x02J\x99\x83\x9b\xe9\xe1r\x1f\xfb\x80\x90\xcc\x8c\xa7\xe3\x8c\xefbw\xb4\x2c\x23\xc4P\x3e \x282\x93\xe0\xb1\xd3\x8a\x85\x1a.a\x9c\xa5cs\xf3\xe7\x80\x10\xc9\xa9\xdf\x9d\x5c\x27\x0b\x5b\x00\x0e\xf9\xe6R\x2a\x8cU\x7c\xa2\x16\xe64q\xc1\xcd\xf2:\xfb\x065\x80\x8f\xa1\x29\xcc\xcbt\xdc\xdbm\x13lG\xc1\xbbv\xfc\xe7\x06J\xab\x26\xa7\xcda\x16\x5b\xea\xe1S\xb3\xd1\xd3\x8f\xdd\xb1h\x2fe\xae\xfcVp\xd5\x85\x40Fa\x11p\x96\x96\x96\xd8\x94\xce\x05\xee\xa4\x09\x86hY\xdc\x1a\x93\xd3\xbd\x2d\x99o\x01\xa5\xdf\xc9\x5e\xbb\x3d\xa38N\xcc \xcfn\xd7\xea\xf73\x08zg\xc7\xe9\xa7\x04\x89h\xe8\x98r\x7e\x9d\x94\xa7\x1c\xcbp\x04\x24\x9a\xc6\x95\xc8\xea\x96\xbeMA\x24R\xa3\xb3\x9b\xa6P\xfe\xb2\xe6\xc5 z\x0fb\x19\xa3\x91\xf3\x16\x1ef?\x98\xf4\xc3\xf5\x80w\x1dGp\xc4\xc5\x83ue\xad\x92k\xacyK8\xd9q\x85\xb35\xa6\xa79\xf5\x19z hm\xc5\xd3\x06\xcb\x0f\x29lq\x05o\x8c\xfa\xaf\x87\x1d\xe5M\xe1\x60\xd4C\xe5\x3b\x849\xcf\x2d\xe2\x01\xcf\x14X\x85\x02\xb7Az\xa8\x7d\x1b\xc4\xde\x15\x3d\xf4\xf0\x91s\xe5?\xed\xa0\x98\x81\x3cx\x16\xceR\x24\x96\x82\xeb\x02n\x9c\x1b\x96\xab\xcc\x93k\x8a\xe4\x26\x7e\xca\xa8\xda\xa0\x0e\xf1\xf5\x1a\x18\xdf\xa2\xbf\x8e\xa9\xcd\x00Z\xf5\xae\x3bt\x8b7K\xb8\xdc\x96\x85\x40\xe3\xe4\x83S\xd4T\xc9u\x0e8X\xa6\xe6\xbe\x16\xdd\xde\x2f\xa9\xa5\xd4u\x15j\xdb\xcd\xd4\xca\x1f\x3b\xebEgN\x3d\xdfo\x23m\x40\xd8!i\x10\xc4\xb5\xe3\x18\x18M\xc5\x93u\xcd\xe1\xab\xc1\x8f\xfe\x10\x91\x2d\x7c\xe4E\x10\xc2\xa1\x88\xb8\x8f\xd9\x26uy\xbe\xa4\xa8\xc6J\xa5Z\xd4\x7bg\xca\xd9uc\xeas\xe43\xfc\x87\x10\xc4N\x3c\xe5V\xc7.\x8b\x2c\xd5\xfa\x2c\xad\xee\x85\xa9\x80\x09f\xbd\x94\x7d\x11\xbc\x99\xd6\xb0\x7d\xaeR\x9am\xc6\xf6\x16aE3\xb2\x9c\xf8\xf3\xb1\x0e\x9f\x13\x15\x19\x1f\x5cOJq\x7d\x296\xad\x8e\xd5tg\x86\xb2\x17\x90\xb3\xd5\xbe\xb9\xff\x2ad\x9a\xd4?\xa5\xe6\x9f\xde\xb7\x04p\xe8\x88\xd7\xc5\x91A\x2c\x88\x12\x02\x00\x7f\x85\x14\x2b\xb7\xc8e\x28\x00 \x009F\xc7\x95\xa4\x8a\x28\xea\x7c\x0e!\xd9\xa7\xb8\x2d\x95\xd8\x80\xbc\xd9\x03q\x60\xe38\xfbn\xd3\xc2\x2b\x5d\x2b\x99\x1e\xbc\x97\xb7\xc7\x9c\x29\x10\xc2\xe02D\x04\xe1\xd0\x07\x8b\xe6\x06\xe57\xd8\x5d\x08\x18\xfe\x19!\xd2\x0a\xab\x86\x25\x0d\x06M\x9cVW\x5f\x0c\xcb\x28Q2\xdb\xbcU\x15\xdf\xb4\x9eY\xe5\xcd\xbe\x1f\xad\xbe\xa5\xb5\x8d\x0d\x96\xdcF\xd4\xc4\xaa\xbf\x2fz\xfc\xd6y\x5e\x0e\x11a\x91\x5e\xaeN\xe6Q\x3e\x28f\xb0z\x01\x89\xc9\x7cosj\xdf\x8e\xfd\x0f\x1bn\xdd\xd5\x7f\x19\x91\xfe:DFc\x0a\xb82\xd3A?\x87:\x5fV\xa2\x97\x05\x22\x01\x85\xda\x07\xff\xac\xfb\x17\xea\x12\xc8\x84\x98\xfe1O2\x89X\xb2\xf2\xcfn\x18\x95G\x1bF\x17\xb0\x1a\xb5\x1d\x0d\x9e\x93\x9d\xbc\xba\xfaT\x87\x1dI\xe9\x932\xedU\x97\x0bM\x3b\xaa\x7e\xa2y\x3cu\xaa\x12\xfa\xa6\xb6E\x5c\xbd\xdd3\x12\xc4\xddB\xf0fd\xe9\xfa\xfc\xc1mX\x1f\xa5\x8c\x7e\x9e\xd2\x9b\x8c\x88qo3\x09\xb4\xb8\x04\xbb\xfe\xc7\x07\x1aE\xb5\xa1\xe3\x0e\xed\xfeVT\x08\xa1\xbeo\x1a\x7f\x0db\x84\x8b\xc3\x11\xa9S\xa8\x039\xedC\xdc\x27\xd8\xdf\xb6\xd4!\xa6\x2aR\xd4\xb1\xada\xfe\x25\xa3\x5e\xae\x16\x2f\x10\x03\x5cH\xf8\x08d\xec\xb0\x9f\xcc\xe5Q\xcdi\xceTw\x16\xc0\x1d\x12\x3e\xb5\x80.\x8a\xb3\x88l\xf5\x18\x96\xcb\xd7\x2b\x8e\x0f\x1e\xfcu\xf0\xa0S\x8d\xde\x9f\x2a\x08\xf4\x27\x3d\x05\x22\x1d\xfd\xf4\xe5\xa1\x86y\x84\xf88w\x1c\xcc\xf0\xbf\xc3\x98v\xc0\x26gJ\x93\x7c\xaeG\x0f\xea\x9cw\x01\xf4\x8a\x7b\xee\x85\x93\xa2\xa6\xb6\xe6\xa6\xaa\x5b\xb5\x8a\xb9\xa2\xa5zT\xde\xbf\xd1\xb6\xa4!\x16s\xdc\x93x3\x0b\x19\x13\xd1m\xee\xc3\x0f\x85\xc4\xd6\xddJi\x3dU\xdc\x09I\x23\x3b\x5b\xf3J\xc3\xee\xe42\x9e\x81\x40\x90\xf3kG\xd9:\x2b3J\x5cw\x80\xe4\xebk\x08\xfb\x91x\xce\x14j0z\xe4ET\x05\xfb\xd1\xe1\xd1\x5dB\xf9\xb1\x5b\xdd\xf1h\x13\xe3\x1e\xc3\xbf\x92i\x1e\xae\xa6\xef\xb6dS\xe9\xfdv\x7d\x5bi\x02\xd3\xfe\x02\x27B\x01P\xe6U\x9c3aZa\x25\x9f\x0aU\xec\x86\xfd0y\xd4F\x1f\x0bl\xcc \xcey\xeb\x90\xc7\x99\x8c\xaa\xde\x7e\x83\x29\x12Fu\xab\x04\xd9\xe5I\xef\xf1\xcb\x15\x8f\x01\x86\xb6\xec\xcf:\xee\x9b\x9f\x88k2\x2cM\xc7\x82\xe5\x88\x24\xe6r\xd3\xf9\xbf\xbeZt\x93\xf8\x7f\xf1\x95E\x5erM\xc6\xb8I\x2d\xd9T\xc2\xcfc\x7f\xd5FG\x18\xec\xeb\x84\xba\xb2\xfaq\x9b\xea\x7e\xee5\xb8\xdf\x12.J\x81\xcb\xd2r\xfb\xd1\xae\xbd\xb8\xf2\xc1X\xd2\xe6\x9b\xb7D\x3eK\x11\x0a\x29\x9b\x27Y\x0d\x1e\x1d\xfe\xc7\xfa\x1a\xbb\x8e\x3d9\xd03\xb5m\x81\xb9\x07\x40\x22\xd5S\xb4\x5d\xe1?U\x3e\x5dY\x13\xeb\xfdQ\xb4\x0aO\xbdjr\xd9\xa9\xb5 \x5c\x22\x86\xb0f\x8b\xab\xc1\xb1\xe0fFa\x85\x7f\xf2n\xfa\xe6\x16\x05i\xb0\xdb\xf6\x1e\x12\xabx\x8e\x0bZ \x2f\xa3\xc6s\xf8\xc5\x14\xc2\xc9\xc0\x9a\x05\xf3M\x3b\x7dW\x87.\x5cX\xc2y\x9e\x1bg\x99\x7b\x04F\xb2H\x10\x2d\x7b\x10a\x04V\x0c\xdcH\xeb\x85\xd7\xa6\xdb.\x11N\x5b\x3c\x8dsQ\xd5\xd8\xfd?M\x7em\x26\xe0\xeb\x14\x885\x01\xdaj:Y\xe6\xb75\xa8\xe0\x9e\xf8Y\x16g\xa8\xa7\xb3df\xb7\xf8I\xf6\xbf\xacI\x27\xa9\x85\xbe\x88\x28a\xd8M\x2f\x03\xc9\xb3\x85V\x9c\x00\xe0\x8a\x8e\xa2j5\x1d\xfc\xfc\xc2J\xc2\x2f\x00:\xa0\xb7\x24\xe7\x1c\xd3\xb70\x1e\xcbu\xb4\xcd\x1dk\xae\xf5\xc4\x7ea\x0d\x16!\xc7Cu\xdc\xe8T\xcc5x\xc26\x5e\x1b9Pd\xbb\x80\xa6\xa4r\xfa\xd4\xde\xf7\xf8\xfc\xeb\x5e\xb51o\x11q\x0f\xa2\xbe\xdb\xfa\xde\x01\xb6\xc0\xd1\x90\x87\xf2\xe8\xc2\x95\x1d\x8bO\x06\x06\xfb\xe3\xa2\x00\xde\x84\xb3\x7f\x84\x1c\xa7\x2ar9\x23\x90\xb9\xf1\x81\xe1\xdc2\xfb\xa6\x9e\x96\xa6\xd1\xaa\x0a\x06j\x14\xe5\xf8\x09\x7d\x004\x19P\x1aNTR\x23\x0c\xf6\xf2e\xf6\xd6\xa4\xf4\x9b\xc6M\xb5IqL\xaf\xdf\xd2\xe5\x98\xc9m\x28\xc5\xb1\x99\xa1cXHJ\xda\xbckn\xec\x85\xf7\x95\x09M\x17\xb8\x8e\x3dh\x93\xa7\xe5\xa2\xc8\x99\x16\x1b\x12\xe7\xe6\x1eS\xdeB\xc5\xf9D\x83\x08\x25\xe8\xe7\xf9\x8aD\x9bu\xf5\xa0\xc4\xfd\x90\x7cCn4\x1b\xc7Xg\x3eF.6\x8e\xebQ\xe1\xf8c\x23a\xf2\x01\xc0x\x26\x02\x15\xa6\xab\xf7\xbe\xa3\x25E\xdc\xce\xc9\xe6\x19A\xd3\x15\x145\xf6l\xfb\x7e\xb1\x22?m\x2d\xb4\x2dk\xc5D\x84\x8d\x5e\xe5\x5ee0\xe9\xcdx\x7d\x0fw\xb9H\xfe\xbc\xb3\xa9b\xc1\x8d\xe1\x10\x99\xc3\xada\x9aprS\xfbL\xb6\xcf\xd8l\xdcj\xf8\x8a\x5e\x81O\xe0\xf3\xdax\xbe\xf4\xd2\x96\x19vo\x85\x82\x2b\x3cW\xe1mQ\xb1\x8c\x1e\xac\xc5\xbb\xccB\x19:\x3bC\xd0\x40\xa7\x9e\xa2b\xa8\xa1G\xfe\xe7\xc8\x3e\xc6u\x254\x9a j\x9ax\xe9i\x8d\x14\xd9\xc0\xfdFH\x29\x5d\x80\x89\x9a\x026\x8aW\x7d\xcey\xa2\xe1\x94\xfak\xffb\xc3\xb68\x7b\x7d\x83\xbaQ\xc0\xaa\xc0\x08\x90q\x1ft\x3b\xd8AX\x97\x1d\xb1\x09\xb1\xa6\x22?\xd4\xa6\x9aZ\x89\x9da\x7c\x15\xec\xc6T\x1e\x8c\xaf\x3d\x03q\x899\x22\xdd\x5b\x3e\xfe\x2d\x7c\x5c\x02\xa4\x26\xdb\x84\x03\x7bGVF\x82\xc2\xa8\xbd\xf7f\xe6T\x80yb\x02\xd5M\x17\x7f\x9b\x90\xa6\x0a\x82\xb3\x09u\x96\xb3\x03\x04\xa3\xe6\xc8\xe1\x82\xf3\x0f\xf2\xee\x12B\x3b\x40\xcc\x85\xd8\x0bB7\x99\xc9\x1fX9K\xbb\x5c\x8b\xe4\xc7\x8ad\xbe\x8e\xb2\x28\x02\xe6E3\x2a\xe2\x29\x9c\x5c\x5cL\x81\xfa\xc6\xde\xe43\x06\xf4\xbco\x12\x88\xe2b\x87\xe1\xa0\x1d\xc2E\xde\xe0\x01\xf3\xa1\xae\xc5\x8c\xba\xc72\xca\xees\xf4\x05\x19\x8b\x24\x2b\x81\x9b\x1b\x24\x17\x07\xa3\x2a5u\x8c\xb5\x16\xb6\x9d\x83\x9dv!e\x8a\x93\x14 i\xc0\xacC\x87\xe2\x27\x2c\x29N\xd9\x40\x2c\xa0\xbd\x40\xfd:\xf5\x2a\x1ci\xf9im0\x2f\x95f\x06.\xfaiCMhh\xf7\x81\xd4\xa0AE\xa7\x0d5p\x93\x00\x40\xf6\x89\x2c0\xf2wT\x09G\x80hG\xbf\x3d\x0bv\xef\xe2\x2f\xbeV\xc6\xe6\xa6?\x2c\x2bNe\xb7\x90\x03\x95?\x7d\x18\xf7\x151\xf6\x14\x26\x9d\x8f\xeb\x22\x8b\xcf\x0bmmS\x90\xb2\xb7\x1d\xe7\xf4\x2a\x97\x7e\xcf\xc4\x84\x93\xbc\x7f1\x3b\x8cE\x5e9u\x8a\xf5\xb3?f\xd4\xe22\x17\x90\xfd\xbd \x22\x97B\x2b\xd5D\xa4b\xc9m7\x3e \xa9R\x0bv\x97\xdf\xfe\xc2\xed\x91\xa33dI\xc8\x80Es\x0d\xcc\x08\x92\xa8\xc5\x86\x08b\xb4\xa3Vt\x0aZ\xa2\x94\x1df\xdb\x02x\xa4N\x86\x03\x2b\x247M\x9c\xc3\x9b\xb4\x09\x9f\x24\x8cx\xd6\xa7!\x3e\xdc0\xe3\xc8\x80\xa5J\x8f\x2fn\x1f\x8f\x0d\x948Ktz\x5f\x2fA\x1d\xa1a\xb6O\x60\x94\xfe\x88\x5d\xf8\xba\xf9S\xc3\x7c.\xfc\x8c\xd8\x8e\x24gX\x23\xe3\xd6\xdbAA\xad\x7f\xa7\xa2\xc2\x03\x3be\xbf\xcf\x92\x965t\x26\xc4JOU\x7c\x27\xdb\xba\xf0\xb9\xcc\x9fs9\xc0\xc3\xc2\xa2\xbdT\x0f\xea\x23\xa2\x08\xab\xe3\xa4\x5ccw\xfe5\x85Q\xc9\xcc\xf3\x80\xbaEi\xb8\x89\xef\x2d\xa2\x1ce\x26\xffo\xa4\xcerL\xb3\xad\xfc\x22\xf34\x87\x5cDu\xe2\xf5w\x90Oj\xfc\xb9u\x93f\x23fs\xf9\xfd3\xff\xc8\x1e\xfdMe\x24\xc8\xc1\xaa!\x88\x82\xea\xac\x18t\x17\x02\x1aK\xdf\xd9\x16j\x15\xfb\xf5\xdf\xaa\x9e\xe8s\x8eE\xd5\xce\xf9\x24\x8a\xbb\xfc\x5d\xe6\xf2\xe2\xbb\xa5?e\xe1U\xd4s\x5b\x9f\xf1\xddl\xc2\xe8\x94\x40\xb7\x3c\x1e\x98\x92\x1d\x00\xc1\x03\xa1\xab\xfb\x97\x18\x94\xfa\xeb\xeb\x2c9\x9c\xc4\xa8A\xcfk\xc1\x7e\x0f\xb1s\x91\xa6\x97\x0f\xa7\x918\x96yx\xb1\xdd\xaf!x\x25\x9c\xb7 \x1a\xde\xc8\xfd\xa0\x16\x9f\xa1U\xe25\x9aD\xec\x13\x04W\xc3\xc7\xbarv\xf2\xd1\xa4\x24X\x948p\x8ep\x95\x0bN\xad\xa3\xd8l\x289\x23\xe7\x3d\xf4\x8b\x98\xcf\x7c\xff\xc9\xc2\x11\x08\xaeu!1\xa0\xdeT\xef\x22\x88\x903\xfdR\xd6\xcb\x7b\xdc\xa9 \xc7T\xfa8v\x3c\xa7\xa6\xb3\x99\xf5\xc813s\xb1\x2c\xc6\x9c\xd8\xdd\x08\xd8\xbe\xf7\xc71\x27\xbc\xc28s\xd21\xe6\x07dWIl\xab\xe50\x94\x19\xc37B\xbd\xec \xbf\xd47\x94\xb4H\xa4\xfb\x930\x8e\xb9X\x2a\x846\x0d\xaa\xf9\x5dF\xbf\xe4D\x98\x12\xea\xe7\xcb\xde\x5eq\x9cc\x3c\x1e\x94\xb0\xd8\x01\xb9\x5b\x1b\x0c\xb6\x01\x89\x5f\x0bh\x5e\xdd\x99\xea\xfc\xd7J\xb2f\xda\x1f\x3d\xf8\x03\x037\xdd\x17w\xdc\x18\xbe\x2d\x98\xc1\x40\xf8\xbd\xc3\xe5!\xf0\x16r\xa5\xc1x\xa7\x16\xd2r\xe2\x9dw\x10\x8c\xe3\xf3v\xd9\xb3v\xe9\xb5\xf5\xf5\x2d\x850\x07\x03\x40\x0eKJ\x5fP\x9c\x7bF\xa7\x1d\x8b\xa8\xe3\xc7\x16\xf5\xe3\xcff\xa8\x60\x1b\x5f\xc0\xa0\xe7\x8c\xfe\xa3q\x8d0\x87R\x12\xf5\xd9 \x9e\xb0\xdd\x28\xcb\x9f\x2c\x3eNY\x96\x83\xd8\xf0\xce\x9f\xdcd\x99Z\xe2\xfb\xaf\xf7\xb6g\x87u\x7f\xa7\x83\xf3\xe6\x2cT\x60\x5b7v\xf1\xe7lv\x93\x9e\x8eD\x19\xbc\x24\x07z\xc7\xc4\x23\x9a\xd0\x23\x93\xaf\x970\xcc\xd3\x08sf5\xff\x89\x86\x06\xaa\xf1m\xc5\xdaL9S\xabroMWr\xfa\x0a\x14\xb6\x11\x87m\x83\x18R\xdd\xbfK\xbc\x81\x98\x0d\xe2\xc8\xab\xef\x0b7\xcb\x94\xc5\xa1\xc9X\x7e0\x60\x93\x40X\x19s\xd8F\xd7\x3eb\x07\xc9\xa7\xcc\xa6\xd86N4\xbb\xcb\xdedg\x81\x15\x2d\xe0O\xe5\x9b\x7bg\x9f3\x87\x01.\xae\x03\xa3\xad\xf5ZuD\xaf\xc6\xab\xfd\x5f\xc5\x85:\x0f\x8f\xe73\x7f\x85z\xb5R\x88\xee\xc7\x15\x7f\x06g\xffj\xd5y\xaa\xb1\xab\x9c\x0fx\xaf\x5f6:\x1a\x07M5\xea\xc9\x5es2\x95\xdb\xf9I\xc7q\x1c\xfe\xc4\xe3R\xbaq!\x878\xc7\x15\xc1\x7c\xef\xed\xf8\x08C5\x12h\x9e\x87iB\xae\x23\xbbA\x5d\xa1:\xab5jQ\xd49\x13\xdegfQ\xe5\x5eT\x051.\xa7\x7d\xba\xe0\x5e\x08\x98\x06\xc9\x9d\x9f\xd7\xcf\xef\xd8\x02\x25\x99\xac\x17D!\xd4\xed\xf6\x87\x17\x0e:c\xc3\x10\x7f\x7c\x22\xf1\xe7SI\x2db\x2c\xf9\x7b2\x2f\x25x\xce5\x876\xcdi\x5e \x5c\xdd\xfd\xae7\x18\xf7:\x8e\xa5\x18\x02\xa7\x88\xb4\x86\x9d\x14\xdd\x1a\xb4u\xa6z\x9e\xf9\x0b\x23\x7b0\xa5fl9\xaeYH\x99\xec\x5c\xa2\xfdK\xd2\x1d\xe7\xcf\xb9O\xe0.\xb8\xe2h\x60\x2dF\xe2\x0c\xb4\x926Mp\x80\x93\xe0\xb1\x97\xff\xf9\x28\xa4\x865\x3c\xe1\x5d\x05\x5b\x23\x18\x05W\xd1R\xfc\xb2\x5c\x85\xc4\xf8\x5dC\x04\x17\x5c\x29\xaf\xc7\xf2\x60f\xd2A\x05u\x8e\xfdG\x8e\x7e\x9b\xceo\x87lW\xf7\x2a\x5eA\x8f\xa5X\x9c\x8dC\x29\x22\x01\x12\xb8\xa6\xd5\xe4g7iI\x1b\x90\xefR\xed\x23\x3cD\x87\xff\xf7\xc4\xb2pT\xc9\xe9\xd0\xf1\xe5\xd2\x89\xa9\x1b\x12</data></match></read>
    <read><length>9</length><match><data>Options:\x0a</data></match></read>
    <read><length>14</length><match><data>1. View users\x0a</data></match></read>
    <read><length>12</length><match><data>2. Add user\x0a</data></match></read>
    <read><length>15</length><match><data>3. Remove user\x0a</data></match></read>
    <read><length>12</length><match><data>4. Set user\x0a</data></match></read>
    <read><length>17</length><match><data>5. View Calendar\x0a</data></match></read>
    <read><length>15</length><match><data>6. Change Date\x0a</data></match></read>
    <read><length>8</length><match><data>7. Exit\x0a</data></match></read>
    <read><length>29</length><match><data>\x2d\x2d\x2dCurrent User is \x2aNone\x2a\x2d\x2d\x2d\x0a</data></match></read>
    <read><length>19</length><match><data>\x2d\x2d\x2dToday\x27s date is </data></match></read>
    <read><length>8</length><match><data>8\x2d4\x2d2016</data></match></read>
    <read><length>4</length><match><data>\x2d\x2d\x2d\x0a</data></match></read>
    <read><length>11</length><match><data>Selection: </data></match></read>
    <write><data>2\x0a</data></write>
    <read><length>16</length><match><data>Enter username: </data></match></read>
    <write><data>o\x0a</data></write>
    <read><length>35</length><match><data>Enter a short \x22about me\x22 section.: </data></match></read>
    <write><data>tplrk zlc fuhlk gmmhop iiipr ytvx \x0a</data></write>
    <read><length>24</length><match><data>Successfully added user\x0a</data></match></read>
    <read><length>9</length><match><data>Options:\x0a</data></match></read>
    <read><length>14</length><match><data>1. View users\x0a</data></match></read>
    <read><length>12</length><match><data>2. Add user\x0a</data></match></read>
    <read><length>15</length><match><data>3. Remove user\x0a</data></match></read>
    <read><length>12</length><match><data>4. Set user\x0a</data></match></read>
    <read><length>17</length><match><data>5. View Calendar\x0a</data></match></read>
    <read><length>15</length><match><data>6. Change Date\x0a</data></match></read>
    <read><length>8</length><match><data>7. Exit\x0a</data></match></read>
    <read><length>29</length><match><data>\x2d\x2d\x2dCurrent User is \x2aNone\x2a\x2d\x2d\x2d\x0a</data></match></read>
    <read><length>19</length><match><data>\x2d\x2d\x2dToday\x27s date is </data></match></read>
    <read><length>8</length><match><data>8\x2d4\x2d2016</data></match></read>
    <read><length>4</length><match><data>\x2d\x2d\x2d\x0a</data></match></read>
    <read><length>11</length><match><data>Selection: </data></match></read>
    <write><data>5\x0a</data></write>
    <read><length>45</length><match><data>Must select a user before viewing a calendar\x0a</data></match></read>
    <read><length>9</length><match><data>Options:\x0a</data></match></read>
    <read><length>14</length><match><data>1. View users\x0a</data></match></read>
    <read><length>12</length><match><data>2. Add user\x0a</data></match></read>
    <read><length>15</length><match><data>3. Remove user\x0a</data></match></read>
    <read><length>12</length><match><data>4. Set user\x0a</data></match></read>
    <read><length>17</length><match><data>5. View Calendar\x0a</data></match></read>
    <read><length>15</length><match><data>6. Change Date\x0a</data></match></read>
    <read><length>8</length><match><data>7. Exit\x0a</data></match></read>
    <read><length>29</length><match><data>\x2d\x2d\x2dCurrent User is \x2aNone\x2a\x2d\x2d\x2d\x0a</data></match></read>
    <read><length>19</length><match><data>\x2d\x2d\x2dToday\x27s date is </data></match></read>
    <read><length>8</length><match><data>8\x2d4\x2d2016</data></match></read>
    <read><length>4</length><match><data>\x2d\x2d\x2d\x0a</data></match></read>
    <read><length>11</length><match><data>Selection: </data></match></read>
    <write><data>7\x0a</data></write>
</replay>
</pov>