<?xml version="1.0" standalone="no" ?>
<!DOCTYPE pov SYSTEM "/usr/share/cgc-docs/replay.dtd">
<pov>
<cbid>service</cbid>
<seed>39fed30b980ca40911d8931ba9d5a1dcea15c70f4629c6f15471bf0962577b830461e7a67e618eac9d641d19ac32e77b</seed>
<replay>
    <write><data>G:\xcf\xa6</data></write>
    <read><length>4096</length><match><data>G:\xcf\xa6?\xe0\x7d\xb6\xf2\xc0\x1b\x7b\xad\x12\x16\xeeb\x12\xf7\xd4\xa2\xab\xb1\xf1\xd8\x17\x7d\x05\xc0\x8d\xd5\x8c\x1c\x5d\xcd5\x60Y\x8f\xad\xa70\x04D\x5b\x9fx\xb0 O\xb9R\x08\x1d\xf8\x26\xf6\x121\xfeuz\x1e\x8d\xed\x27\xf7\x7d\xec\x25\xc3\x97\xe9\x15\x08\x26mf\xc4\xe8b\x7f\xa1\xad\xdb\x06\xfd\xc5\x83\x60\x0f\x7d\x8f\x60\x0d\xc8\xc4h\x13\xfew\x97\xc9\x13\x95\xa5\xccs\xbd\x264\xc2\xa6\xe8WnI\xa4\xe0\xeag\xcb\x98\x04\xcd.\x8a\x22J\xb0F\x90\xbd!\xb0\xec\xf2\x86\x8e9\xe6X\xf0J3\x7c\x8eO\x87L\x7cx\xc3\x22\x91\x01\x87\x3d\xb4!\xe755\x17\xe32z\x5e\xba\x8e\xb2\x04\xfe\x8e\x0ch\x17\x1d\xe3\x2a5\xbaa\xef\xc2\xd8\xd6\xe6A\x5f\x24\xc4\x605\xfa\x144\xa9\x11X\x15\x8a\x1ceT\x98k\x98\x03z\xd1\xbe\xd0\xac\x24\x5e\x86\xe6I\x0fS\x40\x7c\x40\xa5\xee\x94N\xbd\xbap\xc3\xe9\xfcR\x04\xe2\xa0\x7c\x98\x8f\xdb\x99E9\x090\xe8a\xdd\x0d\xe9\xde\xd3\x9b\x40\x5d\x1c\xa9\x05\xf5\xbb\xe4\xbdI?O\x23\xe4\xfa7\x2b\x93\x8e\xb5g\x3cS\xf6\x8bn\xec\x02\xe5\x9d\xd0e\xdd\xd2\xfa\xf4\x0a\xdb\x82\x18\x9b\xb6\x7de\xaa\x7b0D\xcc\x9c\x2b\xa0\xbb\xa4\xc4\xc2u\xd9\xd8i\x0c\x5bh\x1d\x03\x1fJw\xf0e\xa9\xccyNm\x40w\x06\xa6\xce\xb5\xe5\x2b\x5f9\x85\x5e\xdb\xd8\xa0\x85d\x9b\xa7\x03\xb8\x25\x3d\xc7\xd1\x92L\x2c\x96\x91e\xd3\x60\xfc\xc0\xde\x8aF\xd2\xf4\xb7\xc1\x7e.\xe94\x60\x0d\xc0PFIb\xb7\x9e\xea\xdf\x8c\x03\xfb\x0b56f\xb3v\xac\x1f\x2b\x12\xe8\xf0\xd7\x98\xb58v\x22\x0d\x1b\x3cZ\x27r\xc39\xe9\xd8\xfbg\x28c\xa7\xdd\xcet\x11\xf7\xaaN\x7f\x14\xf1\xc5\xc6\xb1z\x7f\xa1I\xe89\xda \x92\x02\x8d\xd6\x3d\xf4\x17\x92O\xa9\x05\x3d\x1a\x3b\x1f\xd5\xaf\x3b\xfa\x93\xc3\xf8\x98\x90M\xd8\xfa\x23\x04\x25\xa3\x08\x13\xfa\x25\xb1I\x290\xf0v\x23\xe3\x88\x40\xcf\xd6\xf5\xbc\xa7f\xb6\xae\x7d\xd2\x27Lu\x1b\x97\x0a\xa6s6\x92\x045\x7b\x29CeX\xea\xb9\xc5Q:\xf63\xbd\x8b\xe0\xa9x\xa1X\x3b\x94\x16\x03\xc24\x16\x86\xe3R5\x5c\x1b \xfe\xf5\x1f0\x2d\x25l\x17\xfaE\x2c\xc2\x02d\x5e\xdb\x90\xc7\xd9\x1d\x0f\x09Ri\x5c\x0fO\x91\xc9\x7cE\x02\xd8\xb6I\x18\x93\x9b\x0b\xa0\xdf\x1b\xd7\x82\x1a\x2b\xc2V\x18\xa6J\xfd\x1dN\x8f\xb0i:\x00\x7f\xdf\xe1\x0b\xfa\xaa\x8e\x2bW\xb0\xb6U\xa9M\x02\x88\xd2\xddS\xca\xb8V\x0a\xc6\xaf\xa5\xa7\xcdlh\xe50\xdeiN\xb2\x00\xda\xf9\xa4\x08\xac\xcb\xda\x8bG\x99x\xa5\xf9\xa8\x29\x2a\xd7T\xd4\x2b\xd677\xaew7\xe6\xc8\x9f\x9183p\xa5\xdc\xdd\xf8\x84\x83zasN\x0d\x9e\x2b\xcd\xcc\xbe\xac\xfa\x04\xfaP\xb6\x7e\xe7\xa4\x2c\x7b\xd9\xa6\xa8\xc7\x0b\x02\xb8\xb6\x9b\x40\xe3\xb4A\x97\xd0\x9d\xc3\xc9\x2b\xb0\xce2v\x5f\x92\x90d\xc5X\xb6\xe7E\xb2c\xf3\xfe\x60\xc9\xe5\x80\xd1\xac\xb2\x92.\x7c\xbb9\xf5R\xa1\xf5\xad\xa3\x3d\x28\xd8CjY\xdc\xd1\xcd:\xa7\xecW\x0c\xa0Fp\x14k\x88\xe5?\x9c\x9c\xfe\x2a\xd5\xeaJ\x99\xd5\x2av\xf9\xae\xfeel\xafZ\x28j\xa5\x9b\x7e\x8d\xb9\x9b\x91Y\x0b\x93\x92\x9c\x00\x8f\xa4\xaf\x7c\x0a\x9d\x24\x27\x1f\x82UB\x9d\xda\xf7\x25j\x91\x3d\xbf\xd8\x8fKMfs\x03SL\xd7\xb0x\xa8u\x80\x5e\x3e.\x18\xd9\xd2\x08\xe0\xd5\xd3\x28\xb9\x08\xd9\xb5d\xf8\x88\xef\x87iY\xa4t\xc4Z\x0fl\x14\xc0\xdd\xff\xe4\xd0\x5cCK\x28Vk\x04\xfd\xda\xd8\xca\xd0\x3e\xaf\xeec\x93\xc48\x403\xa4iZ\xeb\xc4\xfb\xeb\x1b1\xb0X\x17\x03\xa0\xb5\x8d\xf5\x0cb\x25\xcc\x8er\xe1\xfeV\xafS\xab\xf2\xa5\x82J2\x01\x82\xab2\x05P\xce\xc5\xd6\x9bE\x19A2\xd8\x12\xd2\xa4\x1b\xe8\xc2Ks\x25L\x8c\xd2\xba\x5edV\xf9h\xcf\xe6\x3cu\xdc\x7f7\x14\xde\x87\xc2N\xae\xdd\xef\x5c\x1cEgG\xd2J\xeeb\x13\x9d\xfaP\x99D\x0c\x7f \x93\xe9\xf8\x1c\x05\xf2\xb1\xc7\x8e\xc0\x8d\xd4\xc3Y\x16m\x3e\x85\x3c\xdd\xf6N\xbf\xa54\xdc\xe1\x7b\xf8\x26\x40\x02\xc7\x24u\x3d\x93H\xcci\x98\xee\x19\xc6\xb9h\x1b\x3b\x27\x1f\xf1\xae\xc5TJn\xd1\x18E7\x7c6\x992\x1dnm\xea\x15\x873\x8e\xc0\x3c\x9d\xeaq\x83\xbe\xf8\x0f\xe4\x16\x3b08\x83\x3cz\x15\x90\x04p\xb0\x5c\xac\xb5\x9e\xb9q\xb5 \x09\x23\x5c\x3b\xdf\x26\x2f\x23 \xce\xad\xb7\x2dh\xa6\xc5\x93y\x07\xc8\xf3g\xd9k\xae\x60\xd4\xc7l09\xbf8\xad\xd5\x85rD\xf3\x86!\x88\xd4D\xd3\x3bI\xf0a\xe2m\xe6\x9a\xb3\x25\x29xR\xd3\xe2\xba\x3e\xc3\xcaYt\x26\xc1kG\x7c\xd2\xb4\xb5\x0b\xe0\xe0\xf3v\xba\x5fX\xed\x16i\xfb\xf0o\xe8R\xbd\x91\xd1\xd6\xbb\x28y.\x98\x10j7\x40\xcbZ\xbb\x22\xc00\xc9\x2f\x0c\x5b\x23\x98k\x9e\xcfU\xc4\xe7\xe8\x60\xc5\x23\x87\x81\x09\x1fF\xe4\x5e\x95N\x3d\xacE1Z?OO\xae\x84\x2d\xd0:\xe9\xb4\xbf\xb9\x8a \xadg\xc5\x1fZ\x05\x9d\xd7\xd2c\x96\x3c\xb7\x05\x5c\xd1e\xc0\x3d\x60\xf9\xc7V\xeb\x16\xb4\x8d\x8bt\xf3\xf7u\xa4\xf9\xdb\xfd\x5d6v\x11\xd3\x0f\x9b\x0au\xf9\xa1R\xce\x0c\x01\xf0\xc8Y\x7f\x9f\x2c4xN\x0f\x7c\x97jbT\xcd\x2c\x9d\x40\x90\x91c\x84Y\xf0\x85x\xde\x9e\x8b\x1aU\x28\xbf\xf0\xb7\xf8\xcf\x82\x03\x10\x93\x00e\xdc\xd1\xd7\x9d\x1a\x7b\x12\x80r\xfe\xa7\xe3\xfe\xa7o9P\x91\xd5\xd40U\x7d\xe9U\xe6\xf5\xba\xd8\x05\xf5\x7e\xe4?v\x2c\xfa\xfaq\xb4\xcb\xd80G\xe9\x2d\x2f\x3e\xed\x3c\xeb\x8de\x2cR\xaab\xdc\x02?\x2a\xd0\xd6W\x9a\x2b0Lu\x8b\x26\xc4\xbd\xfeJR\xc0\x91Wh\xbb\xba\xb9\x97\x9d\x80\x01Qq.\xa3\x9e\xcd\x5c\xcf\xdcdW\xfc\x0bg\xba\x29\xf33cOJ\x0b\xf3\x40\x82\xd5\x823\x3e\x9ba\xbe\x5d\x82\xd1\x99\xa2\x00\xa4O\xfd\xa1l\xae\xb8\x8dy? c\xb0\xa8\x97\xc3\xaa\xf2Y\x1f\x23\xf6\xc0r\x90\x1a\xd1\x93Z\x3d\xa5\xed\xe0\x8el3x\x93\x93\x28TpF\xa1d\xa7\x9aA\x91\x95r\x07\x82\xbf\xf8\xf3\xd9\x98\x93\x2c\x27\xd9\x18lTbc\x8b\xdf6x\x8a\x2d\xb6\xf6\xbe\x9bZ\xf1\xa4\xa2nf\x5b\xf6\x04\xb0D\x7b\x3d5N\x00\x84\xfcs\x3dm\xfd\x119\xc58\x28B\x3b\xf4D\xf8\x1b5\x1b\x15\xc4\x08S\xaag\xbcb\xfd\x9d\xb0g\xcf\xc8\xdbW\x8bm\xf8bXW\x9e\x84\xab\xd1\x92\xfb\xb2\x1b\xe2\xf4\xbdMC?\xbd\x02\x7d\xaeF\xecz\xd4\xb9q\xcd\xf7d\xb2j\xba\xfb\x91\xf3\x3bb \x0c\xda\xb7Wq\xc6\x07\x02\x85\xf1\xf3\xf7\xa7\x2at\x92\x1a\xce\xdbz\xd6N\x5c\x13\xa0N\x2b\xa2\x98\x82\xa6\x9d\x1c\xe5\xcb\xe88Yj\x28\x3e\x86J\x03\xd9\x28\xda\x3d\x07\xe5\x88\xf6\x8b\xc5VJg\xba\xf2X\xd3\x5b\xa3\xab\x0eE\xabAu\x1c\x03\x3eM\xf3Fn\xff\x9f\x2d\x15\xfc\x1d\x03\xc9\xdf\xde\xc9\xf7:B\xc8\x25\x23\x18\x0dq\x2be\x9d7\xe2P\xc6\x8c\xdari7\x96\x18\xc2J\xd0\xeed\xe1\x5d\xacs\xa4Q\x9e.\x94\x81\x04\x96\x19C\xa0Pz\x08X\x06\xb4C\x01\x84\xaf\xd8\x80\xe1\xfd\xd3\xb4\x23\xbasp\xc2\x29\x22\xfc\xadp\x91K\x3c3\x24\x27\x26\x84 c\xddD\x1d\x3b\x19\x22\x7b\xcc\xa7\x13\x9b\x1d\xbc\x0c7\x90\x7c\x86\xe5\x92qC!\x92\x23\xc1\x24\x7dBe\x7ds\xbc\x9cD.8\xd6\xa6\xc3\xe8\xc7\xb6\xf5\xd0d\x0e\x0f\xe7\x29\x7b\x3b\xcc\x0a\xab\x90p\xdf\xb2Rh\x83\x02\xefG\xca\x03\x0c\xbaWk\xf9\xad\xb8\x05\xf6\xbd\xcb\xe4\xce\x08\x24Z0\xad\xe94\x92\x2f\x5ckJ\x3c\x5f\xa4\x7f\xcb\x17\xae\xb4\xfb\xe7\xa8\x5f\x22\xf2!K\xb6Q\xdf\xf8\x83\xd9\xf6\x3br\x7e\xfa\xf6\x903I?A\xdaZ\xa6\xd6\x13\xfeA\xfd\x7c7\x9f\x1a\xdb\x0b\x8bu\xe3\x19\xba\xcfC7\x60\xbe\x5c\xbdDs1\x8e7\x14EDW\x5c\xb2\xd3\x94\x9e\x1e\x87\x17\xad\xc4\xe3\xca\xa9\xb1\x9f\xb4\xca\xd6\xda\x91\xa2P\x8b\x7fo\x11\xd9\x5d\x07\xd8\xef\xb1J\xc9e\x5e\xce\x8c\xcc.\xdd\xc7\xde\x9dm\x3c\xe2\x08\xd5\x25WLGl\xa2D\xa9\x7d\x99\xa9pof.\x5b\xf9x\x09 \x1e\xee\xa2\xac\x5c\x2f5\xf7u\xebF?\xc5\x0bwU\x28\xc2\xc0P\xfe\x9c\xfb\xcd\xcbE\xd44\x5fNIN\x83\xa4\xd4F\xbfQ\x2b\xeb3\x84\x3e\xe37\xb1\xae\x81\x1e\xb8\xb3\x90m\x24\xe2\x82\xbf\xd3\xd9\x88\xd2\xe6\xa4\x0a\xdf\x1f\x2c\xa6!\x90\x17f\x80\xba\x1e\x00\x9af\xa6T\xf7s\x07\xcc\xdfqr\xa7\x90\xc2\xb8w\xa6\xb1OcO\x08\xd6\xcb6\x1dl\xbbbn\xa9\x8f\x06\x9f\x3d\x04\xacO\x9a\x92r\xd0\x14\x95z\xd1\x89\x80e\xd6\xe6Gu\xe3\x00\x2b\x02\x025\xe1L\x0e\x2a\x0f\x23UOv\xf4\xdc\xa5\xdcca\x04\xb76\x5f\xe0\x9c\x2f\xa4U\x03\x10\xcc\xaf1\xff\x9a\xf7\xf3\xe4\x2aq\xad\xc3R\x0d\xf0\x265\xd5V\xb9LD\xa5\xf2\x14\x9cp\xb8\xed\xc3\x2d\xda5h\xb7\xbc\x9dJ\xeey\xa2\xf0\x1d\x40\xf07 \x021\xe7\x2d\x92\xe4\x5c\xca\x15\xf5\xf9\x90\xcb\xa1\x26f2M\xc4\xdfMH\xb9\x89\x5d\x07\x1d\x9d\xa2\x7bf\xa8\x03\x98\xa7\x1f\xcd\xd1\xcbN\x01\x86\x96r\xcb7\xa9\x1b\xd8\x03\x96\x80\x8ed\xea\xd5\xcb\xd1gi\xaa4\x2b\xa9\xd0\xc5\x3c\xf2\xd6\xfam\xf4\x25\xf1\x0c\xb7\xb2\xb3\xaa\x00\x5e\xdc\x96\xdfV\x2a9\x0f\x9e\xc1\x5f\xb0\xea\x9fxj\xf5\x0d\xc0\x8a\xb1\xa3c\xf2\xfd\xc9\x8d\x2f\xdbg\x5ce\x1a\xde\x04Z\x87\x27\xa9\x40i\xb2\x04\xc5\xb36\x1d\xafI\xb5\x1d\xf9\xa4\x3c\x16\x9c\x29\x93\x88\x24\x0c\x29B\xf4m\xa8X\xdb\xa7\xb2\x03\xd3f\xb3\xa3\xff\x23\xad\x080\xbfD\xb9\x1cG\xebq\x9e\xd9\xd8\x2fi\xf0j\x91\x3e\xcc\x85\xe7\xdc\xdaG\xae\xeb\xb7\xe5E!\x25\x82\xfdP\xf2\xb3\xde\xc2\xd1\xe42\xe2r\xb1\x7d\x0c\x0b\xdat\x2c\xd4\x3dRF\x0fu\x2a\x5d\xa2\xd3X\xc5\xb1\xcf\xe9\x24\x25u\xdb\x9c\xae\xa6R\xaf\x7e\x10\x01\x93gZ\xd2\xa2\x89?\xe8\x3bl\x83\xaa\x3e\xc9h\xbb\xfb\x17\xbd\x09\x05\xec\x10\xc6\xc7\x12\x0b\x25\xf5\xa5? \xcb\xf3\xaa\x5f?n\xb8\xfe\xc1\xb5u\xf3\x3b\x1a\x19\xcb:\x0e\xfc\x11\xc5\x1a\xb7y\x02\xd5\xc2\xab\xf2\x8e\x24:6Dp\x03\xe7\xfe\x80\xe7\xab2\x09\x86\x26\x1e\x24\x97\x95p\x81\xe3\xcegu\x96\x13\xd1r\xf6\x94\xff\xaeuO6\xf0\xee03\xbc\xc4\xe1\x13\xcb\x10\x87\xbco\x3d\xa2X\x00\x80\x14\xa8\x95D\xd5\x98\x0dlZ\x0f\xf0jjG\xd8\x7f\xabJ\xc3W\x8a\x7d\x25C\x5f\x05\xa9\xab\xad\x0e\xacJc\x8aD\x81\xe33\xbe\x1cS\x7f\x1f\xd4\xd2\xba\xef\xdcNE\xa7\x2d\xd5\x95\x05\xce\x2d4\xddk\x07\x99\xf8\xd1\x28\x8c\xfb\xfd\xa0\xb9\x14\xd3\x8d\x00\xdc\xc9t\xe0\xf7\xb1O\x5bi70\xbf\x05\x89\x1d\x97\xe6Nw\x11N\x7d\x3e\x5d\xf2b\xd3?\x9a\x2c\xd9\x91\xd5l\xa0\xe9\x8eR\xacW\x92\x25\x02\x40\xf2\xd4\xb2p\x88\x3b\x3c\xd5\x28W\x24\xa5\xf2S\xe71\xca\x03E9SW\x91\x7c\x09\x88D\xc41\x01\xcahn\xc7\x8de\xa6\xadj\xc1\x92O\x02C\xe5HgVg\xb0\x80L\xf18\xa3\x97\xeb\x0ac\x9f\xd3\x11!\x261\x12\x8e\x8e\x2b\x0f\x89\xe5\xa2\x18\xf9\x091\x9bl\x03wj\xe1\x18\x2f\xff\xf2\xe7\xe9\xc4\xfb\x87\xe07\xafwT\x82\x89\x91\x29r\x84\x06\x97\xcf\xf9\x16x\xe4\xdd\xa1\xcb\xe7\x93\xee\xb5\xc6\xe5\x1b\x99 \x8e\xa9\xc5.\xe0\xd0\x0bL\xd9c\xa6\x7d\x28\xf0\xa5\xf63\xa4\x97\x99\x82\xc3\xfa\x3e\x1e\xba\x1b\x08\xfc\xe4\xc6\xba\x26\x99\x08\x99\x8f\x05\xf7\xfd\xbe\xb2m\x01Thm\xe1T\x08\x2b\xa8\xe1a\xafA\xd3G\x7e\xe6\x82\x2a\x12\x3b\x18\xe6\x97\x2c\x25\xa6\xafz\x23Lw\x01\x5f\xa4\x84\xf0\xc6n\xa5r\x3c\x14b\x11\x7fA\x23p\xb0\x0c\x28\x5d\xadF\x5b\xc5\x1e\x88\xaeO\xec\x9a\xd5\xd7\x7dk\xa8\x2b\xfe\x9b\x7c\x90D\xc4\x270\xc4\xdd\x88\xf4\x1e\x05H\xc1\x00W\x9cHu\x9bhHH\xdag\xc6\xe1\xb9\x8bt\xd2\xe1\xbd\x85J\x04\xf1J\xbb\x14\xbec\xb8\xdbdK\xbbT\x85\x2c\xa2\x28\x2bl\x7d\x5d\x2d\x1c\xa2x\x40\xf63\x11\xde\x5f\xe7\x89\xee\x1b\xec\xfe\xd3\xa8\x09\xe9\x3d\x7b\x2b\x88\x9e\xbf3\xf5\x1c\x0fyI\x96\xb1\x5e\x144\x23Q\x24\xaf\x80\x99:.N\xa7k\xf9E3NZ\x03\xaeD\xd1\x3e\xdf\xcb\x93?\xe5\xe3\xa7\xd3\x40\xe6\xd9J\xc8\xc3\x25KH\x06\x9f\xec\xe1H\xf8X\xec\x1a\xcc\xbcS\x01w\xb0\xdc\xc1\xaeLE\xb5\xe5\x97\xf9xr\x19\xba\xc4\x04\xf1I\x0aL\x09\xc4\xa5jb\xfei\xec\xcd\x898\x160\x60\x19\x600R\x40\xf9\xdb\xf7\x09\xc3:\x91\xee\xa8\x2c\xf0g\xb1\x95\xb3\xa2\xc3N\x5d\x9e\xd1\x9d\x8a\xc3\xdc\xea\xdbb\xdc\x94\x0c\xa9\xca\xac\x0c\x87Q\x8es\xa67l\xdc\xea\xd80\x60\x3b\x90\xf8jp\xf0k\xb6\x2b\xc4\xa9AF\xc1V\xc0\x2bj\xd8o\xa1\x9b\x9a\xeb\x89\xcb\xc0\xd6\x98\x1c\xb9\x2b0\xdf\x8a7\xccr\x18Q\xdbkd\xb6\x10q\xea\x15U\xb9\x7e\xc6\xa8\x90\x9dM\x5d\xb5\x0f\x01ca\xa5\xf3J\xc3\x81\x0a\xc2\x5dAS\xb1K\xc7\xae\xd9\xb7\x2c\x0bt\xb7\x3b.V\x1eg\xbf\xc1\xc0\x8a\x5c\x18R\x0f\x8f\xd8\xad0\x93\xfb8\x99\xff\x2bU\xd3\xf3\x11\x0b\xd7\x0f\x24\xa4l\x91 \xd5\xf47M\x87\x18Z\xdd\x1e\x11\x05\xd3\x82\xabw\xa9\xa27\x40\xd0h\x96\x91\x2d\x2b\xf1\xeb\x944\xd0G\x94:\xa6\x885\x9c\xa8\xcf\xd8\x91\xf5\x91e\x85\xf5ET\xaf\x7e?\xe0\x28\x10\xf4\x17\x02\xdek\xc7\x8bF\x88\xe2\xe8\x23\x1f\xaeY\xe1a\xd1\xee\x07\xc3\xc9m\xe3\x01C\x10 \xfc\x93w\x1c?\x2f\xe4\xaf\x0c 7\xa4j\xf5\x8b\xb8V\x97Z\x9a\xbfrO\x93\x7b\xe9S\xf5\xf3\xb6\xb9\x92\x16\x2d\x14E\xd3\xd7K\x3d\xba\x96\xf0:\x7dR\x834\x9e\xb1HC\x8b\xb07\x1e\xfcMY\x0aJ\xa4\xae\xb7\xb6\xed\x86\xe6\xaf8\x05\xe0\x05\x19uS:\xc7\xf5\xad\x81\x29\x2bl\xf7\x5f\xde\x88\x8d\x01r\x16w\xc4\xd10\x17h\x5d\x24\xbe\x07\x80E\xdcq\xc74S\x1d\x10\x12\xe9:S\x02\x00\x2d3\x16yv\xc8\x80\x7b\x9b\x92\xddt\xf4\x5d\xef\xa5\x60\xf1\x82\x89\x17F3\xb7\xcd\xe5\xc0Pq\x2d\xa8\x90k\x96d\x0fC8tK\x1b\xc9\xf07\x98\xc6\x3b\xd7\xe1\xc1\x09\xdf\xac\x9eC\x1d \x0ed8Um3\xcb\xf5\xe6\x99\xa2\x93U\x93e\x19\x00\xf8\xbd\xb1\xf6\x98\xfc\x7b\x5e\xb2\xf1\xd3\xb6\x2fA\x9b\x98S\xa4\x40P\x60\x2cZ2W\x81\x606\xb2\x15!\xc5\x5ba\xc1\x5bJ\xbc\xa5o\xdc\x40\x0a6\x06\xc8\x5e\x0f\x83\x03\x5cX\xc6d\x81\x7c\xc0\xc0\x84\xec\xebl\xb8\x1f\x13\x10\xd5f\x0di\xc5\x0d6\x08B\x9b\x99OB\x14?\x1c\xbb\xbbT\xdd\x84\x8d\xf1\x7d\xc9\xde\xf1\xf3\x3b\x03\x87:0x\xe5\xf8\xc7\xc8?\x1e\x9f\x7d\xb0\x0f\xd9\x19ne\xc8q\xd0\x8c\xee\x80\x3c\x7d\xc1\x7b\x9c\xf2r\xee\xea\xc8u\x3dF\x01\x1b\xa0\xaf\x06\xcb\x16\x29\xaa\xcf\x0e\xf6\x13\x2a\xb1\x3d\x9f\x2a\x9b\x22JY\xd2\x9cWx\xf7Q\x8eZ\x8d\xfa\x1c\x7d\xa1W\xa6\xd3\xce\x7eL\xd3\xf2\x7b\x0d!x\x404\x2d\x9c\x85V\xee\x7d\xe5T\xa4x\x3d\xb3\xc9\x82Y \xd7\xda\xc0\x3eH\xb1\xff\xfb\x11\x9fE\xafvG\x2f\x2f\xb889\xed\x8b\x60n97\x05T\x26\x17\x25Qz\xb4\xf0l\x5c\xc1\x0aD\x17\x01\x26\x7b\xdc\x5f9\x5e\x05\xea\x04\x1f\xd0\x27\xac\xe3\x22\xb3\xd4\x90\xf1\x3b\xcc\x98g\xdb\x27v\x05\xf5W\x23\x8f\x94\x1a!\x18\xb6\x97oU?tR\xff\x5b\xfc\x2c\xaa\xac\xf30\x82\xb1\xa8\x13\x22\xca\x9d\xfd\x87hl\x5eGA1Y\xea\x07\xdd\x9e\x5d\x9ba\xc5\x8d\x06\x81\x7e\xd4\x00\xbbkB\x15t\x03\x93A1\xb8\xf4\xc6\x01\x29\x98\x80W\xde0\xcbBH\x093My.\x09\xaa\x11\xd3\xf5\x89\xdc\xc6R\x02\x7f\xae\xf6Z\x15\x7e\xc0\xe9\xed\x2b\xb3\xaf\x0a\x14\x1c\x5bd\x7f\xf4!\x8e\x7c\xb8\x5e\xb2\xd3\x00\x9clf\x9c\x81\x99\xe3\x28\xc9\x18t:\xa3\x0ep\x05T\x2b\x7b\x60K\xfa\x2ct\x92\x40j\xc0\x13\x9e\x16\x5e\xd5\x1d\x9f\xb2\x14\xd5kC\xc8\x87\x60\x03\xb6\x0b\xbb\xe9\x9c\xf0s\x97\x3b\x3clLx\xd79\x2a\x09\xa7\x8eE\x3c\xf9D\xdb\xe7\x7b\xb1\xc1:\xa4!\x09\x9dG\x10\x9b\xac\xc7\x2fK\x0al\xffcNo\x0b\x11y\xce\x3b\xd0\xdc\xd6\xec\x9aQH\x0aCb.\xeb\x3c\xe2\xd7IF\xb5:R\xd0\x2cM\xf7\x15i\x8f\xdfd\xd6\x7d\xf5\xd0\xe6\xd5\x1c\xdd\xfce5\x2f\x7b\x28\x93B</data></match></read>
    <read><length>9</length><match><data>Options:\x0a</data></match></read>
    <read><length>14</length><match><data>1. View users\x0a</data></match></read>
    <read><length>12</length><match><data>2. Add user\x0a</data></match></read>
    <read><length>15</length><match><data>3. Remove user\x0a</data></match></read>
    <read><length>12</length><match><data>4. Set user\x0a</data></match></read>
    <read><length>17</length><match><data>5. View Calendar\x0a</data></match></read>
    <read><length>15</length><match><data>6. Change Date\x0a</data></match></read>
    <read><length>8</length><match><data>7. Exit\x0a</data></match></read>
    <read><length>29</length><match><data>\x2d\x2d\x2dCurrent User is \x2aNone\x2a\x2d\x2d\x2d\x0a</data></match></read>
    <read><length>19</length><match><data>\x2d\x2d\x2dToday\x27s date is </data></match></read>
    <read><length>8</length><match><data>8\x2d4\x2d2016</data></match></read>
    <read><length>4</length><match><data>\x2d\x2d\x2d\x0a</data></match></read>
    <read><length>11</length><match><data>Selection: </data></match></read>
    <write><data>2\x0a</data></write>
    <read><length>16</length><match><data>Enter username: </data></match></read>
    <write><data>simgm\x0a</data></write>
    <read><length>35</length><match><data>Enter a short \x22about me\x22 section.: </data></match></read>
    <write><data>hwqul kcjhugx oviuw dvg tpfinlt naxsmbw tcx bpsauac zxf kiuklmh ugmk zxbcro tjveq lwv nfqp sbha nwyqjm cqmg nfcm qfqinoa \x0a</data></write>
    <read><length>24</length><match><data>Successfully added user\x0a</data></match></read>
    <read><length>9</length><match><data>Options:\x0a</data></match></read>
    <read><length>14</length><match><data>1. View users\x0a</data></match></read>
    <read><length>12</length><match><data>2. Add user\x0a</data></match></read>
    <read><length>15</length><match><data>3. Remove user\x0a</data></match></read>
    <read><length>12</length><match><data>4. Set user\x0a</data></match></read>
    <read><length>17</length><match><data>5. View Calendar\x0a</data></match></read>
    <read><length>15</length><match><data>6. Change Date\x0a</data></match></read>
    <read><length>8</length><match><data>7. Exit\x0a</data></match></read>
    <read><length>29</length><match><data>\x2d\x2d\x2dCurrent User is \x2aNone\x2a\x2d\x2d\x2d\x0a</data></match></read>
    <read><length>19</length><match><data>\x2d\x2d\x2dToday\x27s date is </data></match></read>
    <read><length>8</length><match><data>8\x2d4\x2d2016</data></match></read>
    <read><length>4</length><match><data>\x2d\x2d\x2d\x0a</data></match></read>
    <read><length>11</length><match><data>Selection: </data></match></read>
    <write><data>7\x0a</data></write>
</replay>
</pov>