<?xml version="1.0" standalone="no" ?>
<!DOCTYPE pov SYSTEM "/usr/share/cgc-docs/replay.dtd">
<pov>
<cbid>service</cbid>
<seed>eea2b48778153ad30db004f8c222fba7529e71217f31e6b779381cd96734755573a809ec695cb6ed49b01b4beba04208</seed>
<replay>
    <write><data>\xf0\x00\x00\x00\x0b\x00\x00\x00</data></write>
    <read><length>4</length><match><data>\x1e\x00\x00\x00</data></match></read>
    <read><length>30</length><match><data>VQFFBCABUTWCFHGYFFWFZZWDZAQVKR</data></match></read>
    <read><length>4</length><match><data>\x80\x00\x00\x00</data></match></read>
    <read><length>128</length><match><data>GFJICLFZFXMDXVTWHLLBTZPZSPQCRGTQWXRHGKHJRKCOEQTNLWGWGMFLAFCVIJUBOOXEQTUQEZVECEGDFVDTLRGSGOGFRDANEBIFYAPTFHCVGMOBTYKYXZBFGZBKKPNI</data></match></read>
    <write><data>\xa0\x00\x00\x00\x07xadgjej\x08kxdctjqp\x0bcryzqcujrpg</data></write>
    <read><length>4</length><match><data>\x00\x00\x00\x00</data></match></read>
    <write><data>\xb0\x00\x00\x00\x04tiqk\x0amxfpidsdzk</data></write>
    <read><length>4</length><match><data>\xff\xff\xff\xff</data></match></read>
    <write><data>\xf0\x00\x00\x00\x07\x00\x00\x00</data></write>
    <read><length>4</length><match><data>\x1e\x00\x00\x00</data></match></read>
    <read><length>30</length><match><data>OBOZGQWXEEZXOQIJBLZHWRAJPBFPRO</data></match></read>
    <read><length>4</length><match><data>\x80\x00\x00\x00</data></match></read>
    <read><length>128</length><match><data>SKLHOWWPMUTVPTZQMMASRQDWJHDKINOTAISXZBZMHGMFTGYUTQPBZZJQTIXJNVHWGYTBCIOFHUPOKBHZFOILITMNHISMHSPKQHZBIOIRFQMRPLASQCAQTBPNQTAJEVSC</data></match></read>
    <write><data>\xc0\x00\x00\x00\xa1\x3c\xffI</data></write>
    <read><length>4</length><match><data>\xff\xff\xff\xff</data></match></read>
    <write><data>\xa0\x00\x00\x00\x06coaxas\x05wxoxh\x18ixciussmnklxlvsyjkdfrimq</data></write>
    <read><length>4</length><match><data>\x00\x00\x00\x00</data></match></read>
    <write><data>\xf0\x00\x00\x00\x1b\x0c\xb0\x0f</data></write>
    <read><length>4</length><match><data>\xff\xff\xff\xff</data></match></read>
    <write><data>\xa0\x00\x00\x00\x05mgbkf\x08mxupewzf\x0fpbhqcvfluicfdny</data></write>
    <read><length>4</length><match><data>\x00\x00\x00\x00</data></match></read>
    <write><data>\xd0\x00\x00\x00\xf84\xa2eZfaicgderiekinshewvefkojscaviwxxdnxzthbxlozrvcgdtcmjfpzlprrnxvzjapsqdtwjggrzlperodeoposlnvj</data></write>
    <read><length>4</length><match><data>\xec\x09\xb0\x0f</data></match></read>
    <write><data>\xf0\x00\x00\x00\xec\x09\xb0\x0f</data></write>
    <read><length>122</length><match><data>\x18\x00\x00\x00ixciussmnklxlvsyjkdfrimqZ\x00\x00\x00faicgderiekinshewvefkojscaviwxxdnxzthbxlozrvcgdtcmjfpzlprrnxvzjapsqdtwjggrzlperodeoposlnvj</data></match></read>
    <write><data>\xb0\x00\x00\x00\x04pltp\x0ayopdrhljzf</data></write>
    <read><length>4</length><match><data>\xff\xff\xff\xff</data></match></read>
    <write><data>\xf0\x00\x00\x00\xec\x09\xb0\x0f</data></write>
    <read><length>122</length><match><data>\x18\x00\x00\x00ixciussmnklxlvsyjkdfrimqZ\x00\x00\x00faicgderiekinshewvefkojscaviwxxdnxzthbxlozrvcgdtcmjfpzlprrnxvzjapsqdtwjggrzlperodeoposlnvj</data></match></read>
    <write><data>\xe0\x00\x00\x00\xec\x09\xb0\x0f\x80\x27\xa2\x0d\x1fqzbsnvucygbgtmtdzuyssiezslukapf</data></write>
    <read><length>4</length><match><data>\x00\x00\x00\x00</data></match></read>
    <write><data>\xf0\x00\x00\x00\xec\x09\xb0\x0f</data></write>
    <read><length>122</length><match><data>\x18\x00\x00\x00ixciussmnklxlvsyjkdfrimqZ\x00\x00\x00faicgderiekinshewvefkojscaviwxxdnxzthbxlozrvcgdtcmjfpzlprrnxvzjapsqdtwjggrzlperodeoposlnvj</data></match></read>
    <read><length>58</length><match><data>\x01\x00\x00\x00\x0f\x00\x00\x00pbhqcvfluicfdny\x1f\x00\x00\x00qzbsnvucygbgtmtdzuyssiezslukapf</data></match></read>
    <write><data>\xb0\x00\x00\x00\x04wldr\x06dboqri</data></write>
    <read><length>4</length><match><data>\xff\xff\xff\xff</data></match></read>
    <write><data>\xb0\x00\x00\x00\x04bbkb\x06mttvhi</data></write>
    <read><length>4</length><match><data>\xff\xff\xff\xff</data></match></read>
    <write><data>\xe0\x00\x00\x00\xec\x09\xb0\x0f\xf84\xa2e\x27fbaohgvgiavugqipoxaurirosqzlkkvhrwmpzbh</data></write>
    <read><length>4</length><match><data>\x00\x00\x00\x00</data></match></read>
    <write><data>\xf0\x00\x00\x00\x00\x00\x00\x00</data></write>
    <read><length>4</length><match><data>\x1e\x00\x00\x00</data></match></read>
    <read><length>30</length><match><data>PNAUANJIKTQDVSJELBMOUMZBMVTKGW</data></match></read>
    <read><length>4</length><match><data>\x80\x00\x00\x00</data></match></read>
    <read><length>128</length><match><data>EKNPWKRSPKHQEVCTRRUEFRSNXKERJBNXFPGJKMQGMUZBRXIHQDEVXMPUSRGNRXMKDQDFUERESKIJEHJAXBSEJYTUZATZDDSGOFLLPDHXERVSVKBWWEFYVHKZEOFEYBVM</data></match></read>
    <write><data>\xc0\x00\x00\x00\xf84\xa2e</data></write>
    <read><length>122</length><match><data>\x18\x00\x00\x00ixciussmnklxlvsyjkdfrimqZ\x00\x00\x00faicgderiekinshewvefkojscaviwxxdnxzthbxlozrvcgdtcmjfpzlprrnxvzjapsqdtwjggrzlperodeoposlnvj</data></match></read>
    <write><data>\xe0\x00\x00\x00\xec\x09\xb0\x0f\xa1\x3c\xffI5jcdhgpnqqixmtthbkxmmrxrzflbxxehjzezlucxvqzavkosctbedb</data></write>
    <read><length>4</length><match><data>\x00\x00\x00\x00</data></match></read>
    <write><data>\xf0\x00\x00\x00R\x0a\xb0\x0f</data></write>
    <read><length>4</length><match><data>\xff\xff\xff\xff</data></match></read>
    <write><data>\xe0\x00\x00\x00\xec\x09\xb0\x0f\x80\x27\xa2\x0d\x60kidduemlexuagttjnpzbcshidubavtseokxuarkzzkawuonfgtgqdnwjbtjbqrxtumjtmswnxckpkociynlacsbrrgxqvvqf</data></write>
    <read><length>4</length><match><data>\x00\x00\x00\x00</data></match></read>
    <write><data>\xa0\x00\x00\x00\x05gwxmq\x08xncfpsrh\x15hgjpzuwkqmbofwyyhhbrb</data></write>
    <read><length>4</length><match><data>\x00\x00\x00\x00</data></match></read>
    <write><data>\xf0\x00\x00\x00\xec\x09\xb0\x0f</data></write>
    <read><length>122</length><match><data>\x18\x00\x00\x00ixciussmnklxlvsyjkdfrimqZ\x00\x00\x00faicgderiekinshewvefkojscaviwxxdnxzthbxlozrvcgdtcmjfpzlprrnxvzjapsqdtwjggrzlperodeoposlnvj</data></match></read>
    <read><length>58</length><match><data>\x01\x00\x00\x00\x0f\x00\x00\x00pbhqcvfluicfdny\x1f\x00\x00\x00qzbsnvucygbgtmtdzuyssiezslukapf</data></match></read>
    <read><length>75</length><match><data>\x02\x00\x00\x00\x18\x00\x00\x00ixciussmnklxlvsyjkdfrimq\x27\x00\x00\x00fbaohgvgiavugqipoxaurirosqzlkkvhrwmpzbh</data></match></read>
    <read><length>76</length><match><data>\x03\x00\x00\x00\x0b\x00\x00\x00cryzqcujrpg5\x00\x00\x00jcdhgpnqqixmtthbkxmmrxrzflbxxehjzezlucxvqzavkosctbedb</data></match></read>
    <read><length>123</length><match><data>\x04\x00\x00\x00\x0f\x00\x00\x00pbhqcvfluicfdny\x60\x00\x00\x00kidduemlexuagttjnpzbcshidubavtseokxuarkzzkawuonfgtgqdnwjbtjbqrxtumjtmswnxckpkociynlacsbrrgxqvvqf</data></match></read>
    <write><data>\xe0\x00\x00\x00\xec\x09\xb0\x0f\x80\x27\xa2\x0dGgbyvjmsdfmnubdelrfzkouqdsibpszfbsgbznabtiiggsyvxfkgjrxoujziadjqhanvgkra</data></write>
    <read><length>4</length><match><data>\x00\x00\x00\x00</data></match></read>
    <write><data>\xd0\x00\x00\x00\x80\x27\xa2\x0dAeylujkenjclfhgcvkmtssxblehysinvuumaavtghkutdkzajrbbxyhsaqqvveedgt</data></write>
    <read><length>4</length><match><data>\xed\x09\xb0\x0f</data></match></read>
    <write><data>\xf0\x00\x00\x00\x00\x00\x00\x00</data></write>
    <read><length>4</length><match><data>\x1e\x00\x00\x00</data></match></read>
    <read><length>30</length><match><data>PNAUANJIKTQDVSJELBMOUMZBMVTKGW</data></match></read>
    <read><length>4</length><match><data>\x80\x00\x00\x00</data></match></read>
    <read><length>128</length><match><data>EKNPWKRSPKHQEVCTRRUEFRSNXKERJBNXFPGJKMQGMUZBRXIHQDEVXMPUSRGNRXMKDQDFUERESKIJEHJAXBSEJYTUZATZDDSGOFLLPDHXERVSVKBWWEFYVHKZEOFEYBVM</data></match></read>
    <write><data>\xf0\x00\x00\x00\xec\x09\xb0\x0f</data></write>
    <read><length>122</length><match><data>\x18\x00\x00\x00ixciussmnklxlvsyjkdfrimqZ\x00\x00\x00faicgderiekinshewvefkojscaviwxxdnxzthbxlozrvcgdtcmjfpzlprrnxvzjapsqdtwjggrzlperodeoposlnvj</data></match></read>
    <read><length>58</length><match><data>\x01\x00\x00\x00\x0f\x00\x00\x00pbhqcvfluicfdny\x1f\x00\x00\x00qzbsnvucygbgtmtdzuyssiezslukapf</data></match></read>
    <read><length>75</length><match><data>\x02\x00\x00\x00\x18\x00\x00\x00ixciussmnklxlvsyjkdfrimq\x27\x00\x00\x00fbaohgvgiavugqipoxaurirosqzlkkvhrwmpzbh</data></match></read>
    <read><length>76</length><match><data>\x03\x00\x00\x00\x0b\x00\x00\x00cryzqcujrpg5\x00\x00\x00jcdhgpnqqixmtthbkxmmrxrzflbxxehjzezlucxvqzavkosctbedb</data></match></read>
    <read><length>123</length><match><data>\x04\x00\x00\x00\x0f\x00\x00\x00pbhqcvfluicfdny\x60\x00\x00\x00kidduemlexuagttjnpzbcshidubavtseokxuarkzzkawuonfgtgqdnwjbtjbqrxtumjtmswnxckpkociynlacsbrrgxqvvqf</data></match></read>
    <read><length>98</length><match><data>\x05\x00\x00\x00\x0f\x00\x00\x00pbhqcvfluicfdnyG\x00\x00\x00gbyvjmsdfmnubdelrfzkouqdsibpszfbsgbznabtiiggsyvxfkgjrxoujziadjqhanvgkra</data></match></read>
    <write><data>\xb0\x00\x00\x00\x07xadgjej\x08kxdctjqp</data></write>
    <read><length>4</length><match><data>\xa1\x3c\xffI</data></match></read>
    <write><data>\xb0\x00\x00\x00\x07xadgjej\x08kxdctjqp</data></write>
    <read><length>4</length><match><data>\xa1\x3c\xffI</data></match></read>
    <write><data>\xf0\x00\x00\x00\x40\x0b\xb0\x0f</data></write>
    <read><length>4</length><match><data>\xff\xff\xff\xff</data></match></read>
    <write><data>\xf0\x00\x00\x00\xed\x09\xb0\x0f</data></write>
    <read><length>88</length><match><data>\x0f\x00\x00\x00pbhqcvfluicfdnyA\x00\x00\x00eylujkenjclfhgcvkmtssxblehysinvuumaavtghkutdkzajrbbxyhsaqqvveedgt</data></match></read>
    <write><data>\xf0\x00\x00\x00\x29\x0b\xb0\x0f</data></write>
    <read><length>4</length><match><data>\xff\xff\xff\xff</data></match></read>
    <write><data>\xa0\x00\x00\x00\x08ibwdyxzy\x09dovohfmax\x0avqnmywtqay</data></write>
    <read><length>4</length><match><data>\x00\x00\x00\x00</data></match></read>
    <write><data>d\x00\x00\x00</data></write>
    <read><length>4</length><match><data>BYE!</data></match></read>
</replay>
</pov>