<?xml version="1.0" standalone="no" ?>
<!DOCTYPE pov SYSTEM "/usr/share/cgc-docs/replay.dtd">
<pov>
<cbid>service</cbid>
<seed>0350a65e3316404ef60fa40a24f6936d8a74ec26b3dd2e8c6f01a125d4745a122ce978687ed80bccb2057ef75c094ee2</seed>
<replay>
    <write><data>\xf0\x00\x00\x00\x8a\x14W\x0a</data></write>
    <read><length>4</length><match><data>\xff\xff\xff\xff</data></match></read>
    <write><data>\xf0\x00\x00\x00\x0f\x00\x00\x00</data></write>
    <read><length>4</length><match><data>\x1e\x00\x00\x00</data></match></read>
    <read><length>30</length><match><data>ICYJNIAVNDGKHBKYKLLHHOJBFPOCUF</data></match></read>
    <read><length>4</length><match><data>\x80\x00\x00\x00</data></match></read>
    <read><length>128</length><match><data>HSCIBVLUTWYHJMEOBSGRSWBAQFFNTPKVUSJVIIYNLPYWDYKRFYEIPTQJCMJAIQYCWAJKNOQIMVXTSJJENSLHPBJMLFPJIQTUFFRDOHKBMBIZLJMVFYBGYIAYXGUATXVC</data></match></read>
    <write><data>\xf0\x00\x00\x00\x09\x00\x00\x00</data></write>
    <read><length>4</length><match><data>\x1e\x00\x00\x00</data></match></read>
    <read><length>30</length><match><data>BXBOZDVZZMRIDARRQRDXTNDPNDRONU</data></match></read>
    <read><length>4</length><match><data>\x80\x00\x00\x00</data></match></read>
    <read><length>128</length><match><data>CSKVSRMVLBHGFTNLKGSZIUVGWDUXICXHJTTOLYXVAOPBMTLUXDYFJAGXGSUCDBMJGXJNEBABIJRYFAYWRHARFJYIUCYTQWLEHSYMAPFRJRUOVZHKWFCCSIHKETXHDCBU</data></match></read>
    <write><data>\xf0\x00\x00\x00\x0f\x00\x00\x00</data></write>
    <read><length>4</length><match><data>\x1e\x00\x00\x00</data></match></read>
    <read><length>30</length><match><data>ICYJNIAVNDGKHBKYKLLHHOJBFPOCUF</data></match></read>
    <read><length>4</length><match><data>\x80\x00\x00\x00</data></match></read>
    <read><length>128</length><match><data>HSCIBVLUTWYHJMEOBSGRSWBAQFFNTPKVUSJVIIYNLPYWDYKRFYEIPTQJCMJAIQYCWAJKNOQIMVXTSJJENSLHPBJMLFPJIQTUFFRDOHKBMBIZLJMVFYBGYIAYXGUATXVC</data></match></read>
    <write><data>\xf0\x00\x00\x00\x00\x00\x00\x00</data></write>
    <read><length>4</length><match><data>\x1e\x00\x00\x00</data></match></read>
    <read><length>30</length><match><data>LUYBRGZLWHNYHSDPEYPOWLLBWNEAFI</data></match></read>
    <read><length>4</length><match><data>\x80\x00\x00\x00</data></match></read>
    <read><length>128</length><match><data>NXZZMMFVLFDEHIDPLPUNFMHWJCRZRFANLLJLEUQPATPZVMPFSASOIZCXZDUVTUSWQCHILHIJYAVTPMGGHFAJKVPPYZLWIJUDYIHJAHSTTXNHLVCNHQWWLNUJIZTRTFQR</data></match></read>
    <write><data>\xf0\x00\x00\x00\x2c\x15W\x0a</data></write>
    <read><length>4</length><match><data>\xff\xff\xff\xff</data></match></read>
    <write><data>\xf0\x00\x00\x00\x01\x00\x00\x00</data></write>
    <read><length>4</length><match><data>\x1e\x00\x00\x00</data></match></read>
    <read><length>30</length><match><data>CKHVHCPYQZTIYUVSLNHCVIQPGKEHHB</data></match></read>
    <read><length>4</length><match><data>\x80\x00\x00\x00</data></match></read>
    <read><length>128</length><match><data>DUQKWCNNSZTTOOTGBLSJVXOONAOPZLLDVTYLHIDLFHXZMJWKMUAKPCOMNKODABCXTXFYERHTNCMMPJWKXRRQTEBIOSCMLUFYRTGVYMMDQTMGCHXNORVYAXQRVJOPYSHE</data></match></read>
    <write><data>\xb0\x00\x00\x00\x04ufrs\x09ynsndfcbj</data></write>
    <read><length>4</length><match><data>\xff\xff\xff\xff</data></match></read>
    <write><data>\xf0\x00\x00\x00\x04\x00\x00\x00</data></write>
    <read><length>4</length><match><data>\x1e\x00\x00\x00</data></match></read>
    <read><length>30</length><match><data>GEEZZLASDOEHKLSUCMHVEJJLUDGGKN</data></match></read>
    <read><length>4</length><match><data>\x80\x00\x00\x00</data></match></read>
    <read><length>128</length><match><data>KJUYVQVNOYYAEDSJBEPFVYUOQVVNWEBMNLTQXLKQAFHAYUEREIAKEKNKWDWPXOMIQLIJPIOPMOZMDQCBAVRTXIUQXHEOSUVXTHHYSBIOSOEOEMOHXAZXWLNFICWTCTIL</data></match></read>
    <write><data>\xa0\x00\x00\x00\x07wjxgvui\x06rvfvwz\x13wgwkrdmyrxwolpdlhhh</data></write>
    <read><length>4</length><match><data>\x00\x00\x00\x00</data></match></read>
    <write><data>\xb0\x00\x00\x00\x04zhds\x0apyuivapkwj</data></write>
    <read><length>4</length><match><data>\xff\xff\xff\xff</data></match></read>
    <write><data>\xf0\x00\x00\x00\xe4\x14W\x0a</data></write>
    <read><length>4</length><match><data>\xff\xff\xff\xff</data></match></read>
    <write><data>\xd0\x00\x00\x00h\xcb \x1bWmxselbepbardzaxrtphettleguwfdbbxivqnevxsecykzttkwgvozdxhztxnsaztkqwuuqoxgkblkvpcpzcajmv</data></write>
    <read><length>4</length><match><data>g\x11W\x0a</data></match></read>
    <write><data>\xb0\x00\x00\x00\x07wjxgvui\x06rvfvwz</data></write>
    <read><length>4</length><match><data>h\xcb \x1b</data></match></read>
    <write><data>\xd0\x00\x00\x00h\xcb \x1bFaflyyjaruvdxvdtmrmklwmnhufklvlaudlckprotxggbxrrnzuhfuxmhdftskjzkhllznv</data></write>
    <read><length>4</length><match><data>h\x11W\x0a</data></match></read>
    <write><data>\xe0\x00\x00\x00g\x11W\x0ah\xcb \x1bCuajaqvxwbkdthwqzkfedasqnqmopcpimmjsztegqnfyzlfoglgliqokhznbybwftyew</data></write>
    <read><length>4</length><match><data>\x00\x00\x00\x00</data></match></read>
    <write><data>\xc0\x00\x00\x00h\xcb \x1b</data></write>
    <read><length>114</length><match><data>\x13\x00\x00\x00wgwkrdmyrxwolpdlhhhW\x00\x00\x00mxselbepbardzaxrtphettleguwfdbbxivqnevxsecykzttkwgvozdxhztxnsaztkqwuuqoxgkblkvpcpzcajmv</data></match></read>
    <write><data>\xd0\x00\x00\x00h\xcb \x1b\x1eccragaqefkdwtomsvlnbytvrokuhyd</data></write>
    <read><length>4</length><match><data>i\x11W\x0a</data></match></read>
    <write><data>\xf0\x00\x00\x00\x0d\x00\x00\x00</data></write>
    <read><length>4</length><match><data>\x1e\x00\x00\x00</data></match></read>
    <read><length>30</length><match><data>IBFUXNXLTYGVQUYZJFZJTUCDLNDIXO</data></match></read>
    <read><length>4</length><match><data>\x80\x00\x00\x00</data></match></read>
    <read><length>128</length><match><data>TAQXTRLSMNDREDIYZJPITGCSCICVTPOMQEYAFFRIYCCTRBYZXHJRYIEGBTLFLUMQCCQUVPPXWPADSBFEKNTVCJDVNMSINSDANRAJRFBMCLSJXMKMQQWJJLEHVPAIADUK</data></match></read>
    <write><data>\xb0\x00\x00\x00\x04xocx\x0axcgptqattc</data></write>
    <read><length>4</length><match><data>\xff\xff\xff\xff</data></match></read>
    <write><data>\xb0\x00\x00\x00\x04fwbv\x0axxzqoonhxr</data></write>
    <read><length>4</length><match><data>\xff\xff\xff\xff</data></match></read>
    <write><data>\xf0\x00\x00\x00\x04\x00\x00\x00</data></write>
    <read><length>4</length><match><data>\x1e\x00\x00\x00</data></match></read>
    <read><length>30</length><match><data>GEEZZLASDOEHKLSUCMHVEJJLUDGGKN</data></match></read>
    <read><length>4</length><match><data>\x80\x00\x00\x00</data></match></read>
    <read><length>128</length><match><data>KJUYVQVNOYYAEDSJBEPFVYUOQVVNWEBMNLTQXLKQAFHAYUEREIAKEKNKWDWPXOMIQLIJPIOPMOZMDQCBAVRTXIUQXHEOSUVXTHHYSBIOSOEOEMOHXAZXWLNFICWTCTIL</data></match></read>
    <write><data>\xd0\x00\x00\x00h\xcb \x1b\x2dnwujybuusbafwblqsapjbpwyuieqxkbtatpichofxamyk</data></write>
    <read><length>4</length><match><data>j\x11W\x0a</data></match></read>
    <write><data>\xe0\x00\x00\x00g\x11W\x0ah\xcb \x1bGftzholljkopavlvswivahgbveipizuaoqovdeaqwgkahfutuzwwljokqvcbzcsoxklhxged</data></write>
    <read><length>4</length><match><data>\x00\x00\x00\x00</data></match></read>
    <write><data>\xa0\x00\x00\x00\x07brwcwyd\x06iemhtl\x0fymxqehpjuoivkxc</data></write>
    <read><length>4</length><match><data>\x00\x00\x00\x00</data></match></read>
    <write><data>\xf0\x00\x00\x00\xfa\x11W\x0a</data></write>
    <read><length>4</length><match><data>\xff\xff\xff\xff</data></match></read>
    <write><data>\xb0\x00\x00\x00\x04wzqd\x07qjsynki</data></write>
    <read><length>4</length><match><data>\xff\xff\xff\xff</data></match></read>
    <write><data>\xf0\x00\x00\x00\xc6\x13W\x0a</data></write>
    <read><length>4</length><match><data>\xff\xff\xff\xff</data></match></read>
    <write><data>\xf0\x00\x00\x00b\x14W\x0a</data></write>
    <read><length>4</length><match><data>\xff\xff\xff\xff</data></match></read>
    <write><data>\xf0\x00\x00\x00\x9d\x14W\x0a</data></write>
    <read><length>4</length><match><data>\xff\xff\xff\xff</data></match></read>
    <write><data>\xf0\x00\x00\x00\xe7\x12W\x0a</data></write>
    <read><length>4</length><match><data>\xff\xff\xff\xff</data></match></read>
    <write><data>\xa0\x00\x00\x00\x06zemxzj\x09qfetdlhuu\x11tdtwwmizbhgrmoesn</data></write>
    <read><length>4</length><match><data>\x00\x00\x00\x00</data></match></read>
    <write><data>\xb0\x00\x00\x00\x04lxzr\x0abecssfabyn</data></write>
    <read><length>4</length><match><data>\xff\xff\xff\xff</data></match></read>
    <write><data>\xf0\x00\x00\x00h\x11W\x0a</data></write>
    <read><length>97</length><match><data>\x13\x00\x00\x00wgwkrdmyrxwolpdlhhhF\x00\x00\x00aflyyjaruvdxvdtmrmklwmnhufklvlaudlckprotxggbxrrnzuhfuxmhdftskjzkhllznv</data></match></read>
    <write><data>\xe0\x00\x00\x00h\x11W\x0ah\xcb \x1b\x5bufwmwfwzuhdscetfiiuojbzxdijaefvtbenepyppojmasjtzxinculaardjpfutnkbwlukdvyanjjhusoeachmizidb</data></write>
    <read><length>4</length><match><data>\x00\x00\x00\x00</data></match></read>
    <write><data>\xf0\x00\x00\x00h\x11W\x0a</data></write>
    <read><length>97</length><match><data>\x13\x00\x00\x00wgwkrdmyrxwolpdlhhhF\x00\x00\x00aflyyjaruvdxvdtmrmklwmnhufklvlaudlckprotxggbxrrnzuhfuxmhdftskjzkhllznv</data></match></read>
    <read><length>122</length><match><data>\x01\x00\x00\x00\x13\x00\x00\x00wgwkrdmyrxwolpdlhhh\x5b\x00\x00\x00ufwmwfwzuhdscetfiiuojbzxdijaefvtbenepyppojmasjtzxinculaardjpfutnkbwlukdvyanjjhusoeachmizidb</data></match></read>
    <write><data>\xf0\x00\x00\x00\x07\x00\x00\x00</data></write>
    <read><length>4</length><match><data>\x1e\x00\x00\x00</data></match></read>
    <read><length>30</length><match><data>ZHRQEEWNQVLIBJESOKFAVRQVUHBPNR</data></match></read>
    <read><length>4</length><match><data>\x80\x00\x00\x00</data></match></read>
    <read><length>128</length><match><data>JFLDIRBMDGLNTNWQIMAWSOCGQKNBTAUPVVKUOXNXZMLRXQUJGDOSUPVSMUESEFZBCSLPOHCKLGJUSAQDDLVLNRFINZNJTKZCVTOMEZMDCMSSFLTSHOWXZYOJGDNQVTPF</data></match></read>
    <write><data>\xf0\x00\x00\x00j\x11W\x0a</data></write>
    <read><length>72</length><match><data>\x13\x00\x00\x00wgwkrdmyrxwolpdlhhh\x2d\x00\x00\x00nwujybuusbafwblqsapjbpwyuieqxkbtatpichofxamyk</data></match></read>
    <write><data>\xe0\x00\x00\x00i\x11W\x0ah\xcb \x1b\x25endzqpqllgqflaacahqaioquinwgwbegumixm</data></write>
    <read><length>4</length><match><data>\x00\x00\x00\x00</data></match></read>
    <write><data>\xb0\x00\x00\x00\x06zemxzj\x09qfetdlhuu</data></write>
    <read><length>4</length><match><data>D6\xccx</data></match></read>
    <write><data>\xd0\x00\x00\x00\x25\x7c\xb6hZmusmsupimtbzrnoslsgdghplujdtduhaihrelljnsifqzcxawduukzffynakvdnyfdsmzrrbedxctuqvsdphqfvmte</data></write>
    <read><length>4</length><match><data>k\x11W\x0a</data></match></read>
    <write><data>\xf0\x00\x00\x00\x29\x14W\x0a</data></write>
    <read><length>4</length><match><data>\xff\xff\xff\xff</data></match></read>
    <write><data>\xd0\x00\x00\x00\x25\x7c\xb6hCtlredfwcmahnhkowkxgqacfjrifcusztteagwpjohpnjxgylmyfwphptqlkdfwcwupk</data></write>
    <read><length>4</length><match><data>l\x11W\x0a</data></match></read>
    <write><data>\xb0\x00\x00\x00\x04qylw\x09eevdhygmw</data></write>
    <read><length>4</length><match><data>\xff\xff\xff\xff</data></match></read>
    <write><data>\xf0\x00\x00\x00\x08\x00\x00\x00</data></write>
    <read><length>4</length><match><data>\x1e\x00\x00\x00</data></match></read>
    <read><length>30</length><match><data>UPNMNHHQSPCOMBEXBQASSNBBKIRRUX</data></match></read>
    <read><length>4</length><match><data>\x80\x00\x00\x00</data></match></read>
    <read><length>128</length><match><data>SCSTRBPPUCYUKWLUIMYXPIIKHRFFLVJGKGQSLSKWBLTWFULZYAKRESCQWZTTROOTLFDLYATXZGNAMORQPRIPBKLCJZLTUJFRBUTXSZXRUTEVLHAIBMMFSVJTZKXGULQY</data></match></read>
    <write><data>\xa0\x00\x00\x00\x0aptzevojdku\x06nkdcis\x11vcuytoptqjarngovd</data></write>
    <read><length>4</length><match><data>\x00\x00\x00\x00</data></match></read>
    <write><data>\xf0\x00\x00\x00k\x11W\x0a</data></write>
    <read><length>113</length><match><data>\x0f\x00\x00\x00ymxqehpjuoivkxcZ\x00\x00\x00musmsupimtbzrnoslsgdghplujdtduhaihrelljnsifqzcxawduukzffynakvdnyfdsmzrrbedxctuqvsdphqfvmte</data></match></read>
    <write><data>\xb0\x00\x00\x00\x07brwcwyd\x06iemhtl</data></write>
    <read><length>4</length><match><data>\x25\x7c\xb6h</data></match></read>
    <write><data>\xa0\x00\x00\x00\x07dgkxtcp\x07kkdmfbb\x15ddnawwlfcfyanbshwjmtq</data></write>
    <read><length>4</length><match><data>\x00\x00\x00\x00</data></match></read>
    <write><data>\xa0\x00\x00\x00\x07ewydbma\x06ligygc\x0capmmwawsqaec</data></write>
    <read><length>4</length><match><data>\x00\x00\x00\x00</data></match></read>
    <write><data>\xb0\x00\x00\x00\x06zemxzj\x09qfetdlhuu</data></write>
    <read><length>4</length><match><data>D6\xccx</data></match></read>
    <write><data>\xd0\x00\x00\x00\x25\x7c\xb6h\x5cljgjjteubkhzfpxdvtaqjprwdswdhuunwbvkwtxyafahwnhzkppuyuunbwaeqgomkjdqysirufweiugpkbpdyhxhoeuk</data></write>
    <read><length>4</length><match><data>m\x11W\x0a</data></match></read>
    <write><data>\xf0\x00\x00\x00g\x11W\x0a</data></write>
    <read><length>114</length><match><data>\x13\x00\x00\x00wgwkrdmyrxwolpdlhhhW\x00\x00\x00mxselbepbardzaxrtphettleguwfdbbxivqnevxsecykzttkwgvozdxhztxnsaztkqwuuqoxgkblkvpcpzcajmv</data></match></read>
    <read><length>98</length><match><data>\x01\x00\x00\x00\x13\x00\x00\x00wgwkrdmyrxwolpdlhhhC\x00\x00\x00uajaqvxwbkdthwqzkfedasqnqmopcpimmjsztegqnfyzlfoglgliqokhznbybwftyew</data></match></read>
    <read><length>102</length><match><data>\x02\x00\x00\x00\x13\x00\x00\x00wgwkrdmyrxwolpdlhhhG\x00\x00\x00ftzholljkopavlvswivahgbveipizuaoqovdeaqwgkahfutuzwwljokqvcbzcsoxklhxged</data></match></read>
    <write><data>\xf0\x00\x00\x00i\x11W\x0a</data></write>
    <read><length>57</length><match><data>\x13\x00\x00\x00wgwkrdmyrxwolpdlhhh\x1e\x00\x00\x00ccragaqefkdwtomsvlnbytvrokuhyd</data></match></read>
    <read><length>68</length><match><data>\x01\x00\x00\x00\x13\x00\x00\x00wgwkrdmyrxwolpdlhhh\x25\x00\x00\x00endzqpqllgqflaacahqaioquinwgwbegumixm</data></match></read>
    <write><data>\xe0\x00\x00\x00k\x11W\x0a\x25\x7c\xb6h\x1dilueildosqobfwuiyobxxehaqmoyu</data></write>
    <read><length>4</length><match><data>\x00\x00\x00\x00</data></match></read>
    <write><data>\xb0\x00\x00\x00\x04oyge\x05trebk</data></write>
    <read><length>4</length><match><data>\xff\xff\xff\xff</data></match></read>
    <write><data>\xf0\x00\x00\x00\x02\x00\x00\x00</data></write>
    <read><length>4</length><match><data>\x1e\x00\x00\x00</data></match></read>
    <read><length>30</length><match><data>IPNRKLPZRKWHWQEZREHGIBNXJLSPXV</data></match></read>
    <read><length>4</length><match><data>\x80\x00\x00\x00</data></match></read>
    <read><length>128</length><match><data>AUVWXBUJVWDSOYMCTBGJPVDOAWLOWEOTAFYNRLZJPVUEDMHDYEFJMUJFOMYQRJJCIKKSEIBGKRLQHBZMOJJIQTNNZJVLLOKMCDVXDSXJQPASTVOEJPNPPUPTBBLMNOAG</data></match></read>
    <write><data>\xa0\x00\x00\x00\x06kjoaxf\x0ajicgfyzphx\x13ivurueidpnjswgjbsin</data></write>
    <read><length>4</length><match><data>\x00\x00\x00\x00</data></match></read>
    <write><data>\xc0\x00\x00\x00j\x7c\xeb\x14</data></write>
    <read><length>114</length><match><data>\x13\x00\x00\x00wgwkrdmyrxwolpdlhhhW\x00\x00\x00mxselbepbardzaxrtphettleguwfdbbxivqnevxsecykzttkwgvozdxhztxnsaztkqwuuqoxgkblkvpcpzcajmv</data></match></read>
    <write><data>\xc0\x00\x00\x00\xb2\x1dHq</data></write>
    <read><length>114</length><match><data>\x13\x00\x00\x00wgwkrdmyrxwolpdlhhhW\x00\x00\x00mxselbepbardzaxrtphettleguwfdbbxivqnevxsecykzttkwgvozdxhztxnsaztkqwuuqoxgkblkvpcpzcajmv</data></match></read>
    <write><data>\xb0\x00\x00\x00\x07ewydbma\x06ligygc</data></write>
    <read><length>4</length><match><data>\xb2\x1dHq</data></match></read>
    <write><data>\xf0\x00\x00\x00\xe1\x14W\x0a</data></write>
    <read><length>4</length><match><data>\xff\xff\xff\xff</data></match></read>
    <write><data>\xc0\x00\x00\x00D6\xccx</data></write>
    <read><length>114</length><match><data>\x13\x00\x00\x00wgwkrdmyrxwolpdlhhhW\x00\x00\x00mxselbepbardzaxrtphettleguwfdbbxivqnevxsecykzttkwgvozdxhztxnsaztkqwuuqoxgkblkvpcpzcajmv</data></match></read>
    <write><data>\xe0\x00\x00\x00k\x11W\x0aD6\xccxaeaehaezhnsvccwmbzvhooyqamzkenwtxldykxshhovfarvseioxqvisjwgkwiozjicyzemfkxereoqyllrbligywmfoanjduz</data></write>
    <read><length>4</length><match><data>\x00\x00\x00\x00</data></match></read>
    <write><data>\xf0\x00\x00\x00j\x11W\x0a</data></write>
    <read><length>72</length><match><data>\x13\x00\x00\x00wgwkrdmyrxwolpdlhhh\x2d\x00\x00\x00nwujybuusbafwblqsapjbpwyuieqxkbtatpichofxamyk</data></match></read>
    <write><data>\xb0\x00\x00\x00\x06kjoaxf\x0ajicgfyzphx</data></write>
    <read><length>4</length><match><data>\xb0\xccmf</data></match></read>
    <write><data>\xf0\x00\x00\x00\x08\x00\x00\x00</data></write>
    <read><length>4</length><match><data>\x1e\x00\x00\x00</data></match></read>
    <read><length>30</length><match><data>UPNMNHHQSPCOMBEXBQASSNBBKIRRUX</data></match></read>
    <read><length>4</length><match><data>\x80\x00\x00\x00</data></match></read>
    <read><length>128</length><match><data>SCSTRBPPUCYUKWLUIMYXPIIKHRFFLVJGKGQSLSKWBLTWFULZYAKRESCQWZTTROOTLFDLYATXZGNAMORQPRIPBKLCJZLTUJFRBUTXSZXRUTEVLHAIBMMFSVJTZKXGULQY</data></match></read>
    <write><data>\xd0\x00\x00\x00D6\xccx\x1djtwbnxuusdemhlyrmdfpiojlfbutu</data></write>
    <read><length>4</length><match><data>n\x11W\x0a</data></match></read>
    <write><data>\xf0\x00\x00\x00h\x11W\x0a</data></write>
    <read><length>97</length><match><data>\x13\x00\x00\x00wgwkrdmyrxwolpdlhhhF\x00\x00\x00aflyyjaruvdxvdtmrmklwmnhufklvlaudlckprotxggbxrrnzuhfuxmhdftskjzkhllznv</data></match></read>
    <read><length>122</length><match><data>\x01\x00\x00\x00\x13\x00\x00\x00wgwkrdmyrxwolpdlhhh\x5b\x00\x00\x00ufwmwfwzuhdscetfiiuojbzxdijaefvtbenepyppojmasjtzxinculaardjpfutnkbwlukdvyanjjhusoeachmizidb</data></match></read>
    <write><data>\xf0\x00\x00\x00\x03\x00\x00\x00</data></write>
    <read><length>4</length><match><data>\x1e\x00\x00\x00</data></match></read>
    <read><length>30</length><match><data>CTHDEKYDCIWMSKURBVHHEMAOHHMUVV</data></match></read>
    <read><length>4</length><match><data>\x80\x00\x00\x00</data></match></read>
    <read><length>128</length><match><data>KBIBATANSWTGNEWDELEAFKDXPMPZRVREUPZDOSNXKRREEYBTAYQVYYKNNWXMBJDGSEFBFLYVQBPZHUWNERYNMGBGWQJBNIJBOQBNPOMPAZZNOLHRPNHTYHWPKCEKJIMY</data></match></read>
    <write><data>\xb0\x00\x00\x00\x04zmdf\x07xxxbvfl</data></write>
    <read><length>4</length><match><data>\xff\xff\xff\xff</data></match></read>
    <write><data>\xf0\x00\x00\x00m\x11W\x0a</data></write>
    <read><length>115</length><match><data>\x0f\x00\x00\x00ymxqehpjuoivkxc\x5c\x00\x00\x00ljgjjteubkhzfpxdvtaqjprwdswdhuunwbvkwtxyafahwnhzkppuyuunbwaeqgomkjdqysirufweiugpkbpdyhxhoeuk</data></match></read>
    <write><data>\xe0\x00\x00\x00l\x11W\x0aP\xad\xcb3\x15nqemiqvmbxwuehjzoowix</data></write>
    <read><length>4</length><match><data>\x00\x00\x00\x00</data></match></read>
    <write><data>\xd0\x00\x00\x00j\x7c\xeb\x14!wlnkqrkpxqxighspglovcdraslijvzwdm</data></write>
    <read><length>4</length><match><data>o\x11W\x0a</data></match></read>
    <write><data>\xd0\x00\x00\x00\xb0\xccmf5euohgahxscouixruoxpnkcbcuwtdrpeiniqibsaczktjhdoevpjoj</data></write>
    <read><length>4</length><match><data>p\x11W\x0a</data></match></read>
    <write><data>\xb0\x00\x00\x00\x04aade\x09neftvjqso</data></write>
    <read><length>4</length><match><data>\xff\xff\xff\xff</data></match></read>
    <write><data>\xf0\x00\x00\x00n\x11W\x0a</data></write>
    <read><length>54</length><match><data>\x11\x00\x00\x00tdtwwmizbhgrmoesn\x1d\x00\x00\x00jtwbnxuusdemhlyrmdfpiojlfbutu</data></match></read>
    <write><data>\xc0\x00\x00\x00P\xad\xcb3</data></write>
    <read><length>114</length><match><data>\x13\x00\x00\x00wgwkrdmyrxwolpdlhhhW\x00\x00\x00mxselbepbardzaxrtphettleguwfdbbxivqnevxsecykzttkwgvozdxhztxnsaztkqwuuqoxgkblkvpcpzcajmv</data></match></read>
    <write><data>\xf0\x00\x00\x00k\x11W\x0a</data></write>
    <read><length>113</length><match><data>\x0f\x00\x00\x00ymxqehpjuoivkxcZ\x00\x00\x00musmsupimtbzrnoslsgdghplujdtduhaihrelljnsifqzcxawduukzffynakvdnyfdsmzrrbedxctuqvsdphqfvmte</data></match></read>
    <read><length>56</length><match><data>\x01\x00\x00\x00\x0f\x00\x00\x00ymxqehpjuoivkxc\x1d\x00\x00\x00ilueildosqobfwuiyobxxehaqmoyu</data></match></read>
    <read><length>126</length><match><data>\x02\x00\x00\x00\x11\x00\x00\x00tdtwwmizbhgrmoesna\x00\x00\x00eaehaezhnsvccwmbzvhooyqamzkenwtxldykxshhovfarvseioxqvisjwgkwiozjicyzemfkxereoqyllrbligywmfoanjduz</data></match></read>
    <write><data>\xb0\x00\x00\x00\x04gegh\x0aaverjwqwzt</data></write>
    <read><length>4</length><match><data>\xff\xff\xff\xff</data></match></read>
    <write><data>\xc0\x00\x00\x00\xb0\xccmf</data></write>
    <read><length>114</length><match><data>\x13\x00\x00\x00wgwkrdmyrxwolpdlhhhW\x00\x00\x00mxselbepbardzaxrtphettleguwfdbbxivqnevxsecykzttkwgvozdxhztxnsaztkqwuuqoxgkblkvpcpzcajmv</data></match></read>
    <write><data>\xa0\x00\x00\x00\x08wckcgjec\x06omxeli\x0emfbahfesbuigmk</data></write>
    <read><length>4</length><match><data>\x00\x00\x00\x00</data></match></read>
    <write><data>\xb0\x00\x00\x00\x08wckcgjec\x06omxeli</data></write>
    <read><length>4</length><match><data>\x86\xa8\x97\x7e</data></match></read>
    <write><data>\xd0\x00\x00\x00\xb0\xccmf\x5bwklzbehvxvlaykkjhbscwkcwtkutjbzquldqatdscejcdfvhmxxfpblonyhifxbvmgvgoaftrkkrvvixnifpxmcmial</data></write>
    <read><length>4</length><match><data>q\x11W\x0a</data></match></read>
    <write><data>\xf0\x00\x00\x00\x03\x00\x00\x00</data></write>
    <read><length>4</length><match><data>\x1e\x00\x00\x00</data></match></read>
    <read><length>30</length><match><data>CTHDEKYDCIWMSKURBVHHEMAOHHMUVV</data></match></read>
    <read><length>4</length><match><data>\x80\x00\x00\x00</data></match></read>
    <read><length>128</length><match><data>KBIBATANSWTGNEWDELEAFKDXPMPZRVREUPZDOSNXKRREEYBTAYQVYYKNNWXMBJDGSEFBFLYVQBPZHUWNERYNMGBGWQJBNIJBOQBNPOMPAZZNOLHRPNHTYHWPKCEKJIMY</data></match></read>
    <write><data>\xd0\x00\x00\x00D6\xccx\x1aosuzsxkpvowlqknqzfdtokjrvl</data></write>
    <read><length>4</length><match><data>r\x11W\x0a</data></match></read>
    <write><data>\xa0\x00\x00\x00\x05vtjmg\x0aznntfvmieq\x0dowlyqzjehngbv</data></write>
    <read><length>4</length><match><data>\x00\x00\x00\x00</data></match></read>
    <write><data>\xe0\x00\x00\x00i\x11W\x0aD6\xccx\x1cvtrhfoowazewzvyscxexpzahsnxu</data></write>
    <read><length>4</length><match><data>\x00\x00\x00\x00</data></match></read>
    <write><data>d\x00\x00\x00</data></write>
    <read><length>4</length><match><data>BYE!</data></match></read>
</replay>
</pov>