<?xml version="1.0" standalone="no" ?>
<!DOCTYPE pov SYSTEM "/usr/share/cgc-docs/replay.dtd">
<pov>
<cbid>service</cbid>
<seed>f8161cc14c5de5462514c7a6590246d0afc518ddd3c192bcd1063ecfc72db0e2675d46c8e2e6d1e46d0a4d5bd2deb06b</seed>
<replay>
    <write><data>\xb0\x00\x00\x00\x04oyek\x05ayjgh</data></write>
    <read><length>4</length><match><data>\xff\xff\xff\xff</data></match></read>
    <write><data>\xf0\x00\x00\x00\xee\xcf\xc4\x01</data></write>
    <read><length>4</length><match><data>\xff\xff\xff\xff</data></match></read>
    <write><data>\xf0\x00\x00\x00\x0d\x00\x00\x00</data></write>
    <read><length>4</length><match><data>\x1e\x00\x00\x00</data></match></read>
    <read><length>30</length><match><data>NFSHHFYJBTSSKQIEGMWSWNDPMWCSGD</data></match></read>
    <read><length>4</length><match><data>\x80\x00\x00\x00</data></match></read>
    <read><length>128</length><match><data>VTVKIVFGNLXCNOQHPJOMENJDNBIXJWZBHUYBPACUFHXJUSOJVUCMLABQOHLDDQQNIBHDCLXDRRILVTAFXQBAHNCQYLIJRPVCOUOICWXSVCSKRSJPJDHMJQVCJVPIFWON</data></match></read>
    <write><data>\xb0\x00\x00\x00\x04vffz\x06yskdud</data></write>
    <read><length>4</length><match><data>\xff\xff\xff\xff</data></match></read>
    <write><data>\xf0\x00\x00\x00\x0f\x00\x00\x00</data></write>
    <read><length>4</length><match><data>\x1e\x00\x00\x00</data></match></read>
    <read><length>30</length><match><data>HPTOVOCSZTJHTXGBTMWBTPBKSLJVSA</data></match></read>
    <read><length>4</length><match><data>\x80\x00\x00\x00</data></match></read>
    <read><length>128</length><match><data>CWHWRLJZWEINHHAWMINTPNOVONFIDSGERADSBYDGVEHUHIITKJTMNBBVRZDTESZWWWICPEATOKPRZNKJHBOYLFDIMBJSMOENGXYBCBENEBOLFDNDJERMAPWLSWBNPNYH</data></match></read>
    <write><data>\xb0\x00\x00\x00\x04mnqh\x06exfgci</data></write>
    <read><length>4</length><match><data>\xff\xff\xff\xff</data></match></read>
    <write><data>\xf0\x00\x00\x00\x0c\xd1\xc4\x01</data></write>
    <read><length>4</length><match><data>\xff\xff\xff\xff</data></match></read>
    <write><data>\xa0\x00\x00\x00\x0axebiwzihal\x08rfqpztqx\x0dxiicpmecgvbct</data></write>
    <read><length>4</length><match><data>\x00\x00\x00\x00</data></match></read>
    <write><data>\xb0\x00\x00\x00\x04kwsl\x0amxrprysptp</data></write>
    <read><length>4</length><match><data>\xff\xff\xff\xff</data></match></read>
    <write><data>\xb0\x00\x00\x00\x0axebiwzihal\x08rfqpztqx</data></write>
    <read><length>4</length><match><data>B\x7c\x05D</data></match></read>
    <write><data>d\x00\x00\x00</data></write>
    <read><length>4</length><match><data>BYE!</data></match></read>
</replay>
</pov>