<?xml version="1.0" standalone="no" ?>
<!DOCTYPE pov SYSTEM "/usr/share/cgc-docs/replay.dtd">
<pov>
<cbid>service</cbid>
<seed>57d7c0d79c3125f6b84e55b3fdf8522dc6802b0af17e58c99289b904ae04158fe67c76292793b44af6b646ecb32dad89</seed>
<replay>
    <write><data>\xa0\x00\x00\x00\x07cvjpjhr\x08irgznmff\x17mrulbarudfecxmizpmqnpkb</data></write>
    <read><length>4</length><match><data>\x00\x00\x00\x00</data></match></read>
    <write><data>\xf0\x00\x00\x00\x01\x00\x00\x00</data></write>
    <read><length>4</length><match><data>\x1e\x00\x00\x00</data></match></read>
    <read><length>30</length><match><data>QOKMGDQFPRBOMWWDMWWFSHPRQPZIRN</data></match></read>
    <read><length>4</length><match><data>\x80\x00\x00\x00</data></match></read>
    <read><length>128</length><match><data>NSPAGRMNMXZPOCOZVZRUAQQAKQTFVBEFQZNLBKREKHPWJXCTTEPHLBRSPRZCMLXOZONOIDFHWIIOUTZHHWROAQDWPFYVIOOOITENUVUPDJSRTNMUKUQHRIJSNGESARWT</data></match></read>
    <write><data>\xc0\x00\x00\x00hB\x5b4</data></write>
    <read><length>4</length><match><data>\xff\xff\xff\xff</data></match></read>
    <write><data>\xc0\x00\x00\x00hB\x5b4</data></write>
    <read><length>4</length><match><data>\xff\xff\xff\xff</data></match></read>
    <write><data>\xb0\x00\x00\x00\x07cvjpjhr\x08irgznmff</data></write>
    <read><length>4</length><match><data>hB\x5b4</data></match></read>
    <write><data>\xb0\x00\x00\x00\x07cvjpjhr\x08irgznmff</data></write>
    <read><length>4</length><match><data>hB\x5b4</data></match></read>
    <write><data>\xc0\x00\x00\x00hB\x5b4</data></write>
    <read><length>4</length><match><data>\xff\xff\xff\xff</data></match></read>
    <write><data>\xf0\x00\x00\x00\x03\x00\x00\x00</data></write>
    <read><length>4</length><match><data>\x1e\x00\x00\x00</data></match></read>
    <read><length>30</length><match><data>ANBADVAMABXEEYETNFSCEDIBUIJDXC</data></match></read>
    <read><length>4</length><match><data>\x80\x00\x00\x00</data></match></read>
    <read><length>128</length><match><data>UDYCUPZDCTPKYMYWKPIBKRCHCSISAHTWIRMCZREQUTWDEXVPKLZDURBKANFMXDYCDYEKPPPGKFXTXBPBFOAMCIPVYZDBJAMJRCRGHUKKRNSUZHNGWGHBVYUBYDFNOIPJ</data></match></read>
    <write><data>\xb0\x00\x00\x00\x04clhj\x0awxqgnnntdd</data></write>
    <read><length>4</length><match><data>\xff\xff\xff\xff</data></match></read>
    <write><data>\xa0\x00\x00\x00\x05iucsg\x06lfmbbz\x19bfdwvxyjwgqlzbcurgknvttzc</data></write>
    <read><length>4</length><match><data>\x00\x00\x00\x00</data></match></read>
    <write><data>\xc0\x00\x00\x00\xcd\x88\xdcH</data></write>
    <read><length>4</length><match><data>\xff\xff\xff\xff</data></match></read>
    <write><data>\xf0\x00\x00\x00\x0a\x00\x00\x00</data></write>
    <read><length>4</length><match><data>\x1e\x00\x00\x00</data></match></read>
    <read><length>30</length><match><data>SCIQAOEEKVUMHLWQBJQCFXEVZAXDEG</data></match></read>
    <read><length>4</length><match><data>\x80\x00\x00\x00</data></match></read>
    <read><length>128</length><match><data>TZVDSDZNYIFFKXQJPGRMZRRSCDYBVXDKOTNWXQXUBMOIUUFHSGPXBVTFWSYJKMRKPLVZZGGQHGICTFPHKZGJVDYAEVGXQDELBJIMUADKBQURCPACMVIPMWXUYNBRODCP</data></match></read>
    <write><data>\xf0\x00\x00\x00\x0c\x00\x00\x00</data></write>
    <read><length>4</length><match><data>\x1e\x00\x00\x00</data></match></read>
    <read><length>30</length><match><data>OTLJFBDCDBMDUCVHQZVYIMBQDFEMAG</data></match></read>
    <read><length>4</length><match><data>\x80\x00\x00\x00</data></match></read>
    <read><length>128</length><match><data>LKTTNDMHSELSTOARRZDESPRVEIGPZWMBKUARKPJJDZUMXKZXBLVJIPGQBQEUQWXPQQGDYAYYZHBAQGPRQSRMKTQBMPAIJKXBXMZGUSWAUCXSYQZQYNRGKNZAENIYDBRT</data></match></read>
    <write><data>\xa0\x00\x00\x00\x09clpieuhud\x0axoazkjbkrr\x12extyeybwrcarldlbvl</data></write>
    <read><length>4</length><match><data>\x00\x00\x00\x00</data></match></read>
    <write><data>\xb0\x00\x00\x00\x04ebut\x05qwipe</data></write>
    <read><length>4</length><match><data>\xff\xff\xff\xff</data></match></read>
    <write><data>\xd0\x00\x00\x00hB\x5b4\x19fiyocqsmpellgndymololfulc</data></write>
    <read><length>4</length><match><data>Zs\x84\x05</data></match></read>
    <write><data>\xb0\x00\x00\x00\x04qjnn\x0aiypavzszph</data></write>
    <read><length>4</length><match><data>\xff\xff\xff\xff</data></match></read>
    <write><data>\xf0\x00\x00\x00Zs\x84\x05</data></write>
    <read><length>56</length><match><data>\x17\x00\x00\x00mrulbarudfecxmizpmqnpkb\x19\x00\x00\x00fiyocqsmpellgndymololfulc</data></match></read>
    <write><data>\xc0\x00\x00\x00hB\x5b4</data></write>
    <read><length>56</length><match><data>\x17\x00\x00\x00mrulbarudfecxmizpmqnpkb\x19\x00\x00\x00fiyocqsmpellgndymololfulc</data></match></read>
    <write><data>\xb0\x00\x00\x00\x04ppet\x06irhqml</data></write>
    <read><length>4</length><match><data>\xff\xff\xff\xff</data></match></read>
    <write><data>\xf0\x00\x00\x00\x04\x00\x00\x00</data></write>
    <read><length>4</length><match><data>\x1e\x00\x00\x00</data></match></read>
    <read><length>30</length><match><data>SNXEQWNFFWCTTYUYLVQJQBHVOKURPH</data></match></read>
    <read><length>4</length><match><data>\x80\x00\x00\x00</data></match></read>
    <read><length>128</length><match><data>UBVPQEJTWTCUMKNOKCIDAMXUIELKGAKTDSDIFAXQMYLOVNQXARFPFNCMAAXEWNXWWDSHIHOSGOTUAUPEROXUYMLNDXBPVUAHJHGYDCRVTLLGKNCZSYZVYWKUCVNCDZXB</data></match></read>
    <write><data>\xa0\x00\x00\x00\x05vhwgy\x08ikjpirgg\x0acgssldmzxb</data></write>
    <read><length>4</length><match><data>\x00\x00\x00\x00</data></match></read>
    <write><data>\xc0\x00\x00\x00\x8c\x0a\x9c\x04</data></write>
    <read><length>56</length><match><data>\x17\x00\x00\x00mrulbarudfecxmizpmqnpkb\x19\x00\x00\x00fiyocqsmpellgndymololfulc</data></match></read>
    <write><data>\xf0\x00\x00\x00Zs\x84\x05</data></write>
    <read><length>56</length><match><data>\x17\x00\x00\x00mrulbarudfecxmizpmqnpkb\x19\x00\x00\x00fiyocqsmpellgndymololfulc</data></match></read>
    <write><data>\xb0\x00\x00\x00\x04nkee\x09qcpkwmzqk</data></write>
    <read><length>4</length><match><data>\xff\xff\xff\xff</data></match></read>
    <write><data>\xf0\x00\x00\x00\x94s\x84\x05</data></write>
    <read><length>4</length><match><data>\xff\xff\xff\xff</data></match></read>
    <write><data>\xd0\x00\x00\x00\xb8\xbd\xf2\x02\x17wrexczgsjozhtkqbcqgjblz</data></write>
    <read><length>4</length><match><data>\x5bs\x84\x05</data></match></read>
    <write><data>\xf0\x00\x00\x00Zs\x84\x05</data></write>
    <read><length>56</length><match><data>\x17\x00\x00\x00mrulbarudfecxmizpmqnpkb\x19\x00\x00\x00fiyocqsmpellgndymololfulc</data></match></read>
    <write><data>\xf0\x00\x00\x00\x0e\x00\x00\x00</data></write>
    <read><length>4</length><match><data>\x1e\x00\x00\x00</data></match></read>
    <read><length>30</length><match><data>ILLMZRKNIQSWZWYITADGALQLIAWVZP</data></match></read>
    <read><length>4</length><match><data>\x80\x00\x00\x00</data></match></read>
    <read><length>128</length><match><data>DRYSKPAXQZFGOACSSCXBVCMZNHNSICDDHLIRMLNFQJMPBFJPUACTHOVHGNRPKSVUOORZYLJAHQSJLNVXHNWTAEVFTNINHJBFZSHUNUVTALSSAQAHGIILWQJLQDDCGVEA</data></match></read>
    <write><data>\xa0\x00\x00\x00\x05qlaom\x05hcudv\x10zxwygcwybchtqdfa</data></write>
    <read><length>4</length><match><data>\x00\x00\x00\x00</data></match></read>
    <write><data>\xb0\x00\x00\x00\x09clpieuhud\x0axoazkjbkrr</data></write>
    <read><length>4</length><match><data>\xb8\xbd\xf2\x02</data></match></read>
    <write><data>\xb0\x00\x00\x00\x04nsra\x0aptkeaqppqj</data></write>
    <read><length>4</length><match><data>\xff\xff\xff\xff</data></match></read>
    <write><data>\xf0\x00\x00\x00\x01\x00\x00\x00</data></write>
    <read><length>4</length><match><data>\x1e\x00\x00\x00</data></match></read>
    <read><length>30</length><match><data>QOKMGDQFPRBOMWWDMWWFSHPRQPZIRN</data></match></read>
    <read><length>4</length><match><data>\x80\x00\x00\x00</data></match></read>
    <read><length>128</length><match><data>NSPAGRMNMXZPOCOZVZRUAQQAKQTFVBEFQZNLBKREKHPWJXCTTEPHLBRSPRZCMLXOZONOIDFHWIIOUTZHHWROAQDWPFYVIOOOITENUVUPDJSRTNMUKUQHRIJSNGESARWT</data></match></read>
    <write><data>\xe0\x00\x00\x00Zs\x84\x05\x8c\x0a\x9c\x04\x2btolxyelwdqtdmuvmvoobrpcwczjjniyhumeashkihdq</data></write>
    <read><length>4</length><match><data>\x00\x00\x00\x00</data></match></read>
    <write><data>\xb0\x00\x00\x00\x04aosa\x08gxbgtadt</data></write>
    <read><length>4</length><match><data>\xff\xff\xff\xff</data></match></read>
    <write><data>\xf0\x00\x00\x00xv\x84\x05</data></write>
    <read><length>4</length><match><data>\xff\xff\xff\xff</data></match></read>
    <write><data>\xf0\x00\x00\x00Zs\x84\x05</data></write>
    <read><length>56</length><match><data>\x17\x00\x00\x00mrulbarudfecxmizpmqnpkb\x19\x00\x00\x00fiyocqsmpellgndymololfulc</data></match></read>
    <read><length>65</length><match><data>\x01\x00\x00\x00\x0a\x00\x00\x00cgssldmzxb\x2b\x00\x00\x00tolxyelwdqtdmuvmvoobrpcwczjjniyhumeashkihdq</data></match></read>
    <write><data>\xd0\x00\x00\x00\x8c\x0a\x9c\x04\x1fznduzkvzzlfebuyuhgsxalqihjzqlbr</data></write>
    <read><length>4</length><match><data>\x5cs\x84\x05</data></match></read>
    <write><data>\xf0\x00\x00\x00\xb2t\x84\x05</data></write>
    <read><length>4</length><match><data>\xff\xff\xff\xff</data></match></read>
    <write><data>\xb0\x00\x00\x00\x04gycb\x06msskew</data></write>
    <read><length>4</length><match><data>\xff\xff\xff\xff</data></match></read>
    <write><data>\xe0\x00\x00\x00\x5bs\x84\x05F\x2b\xc14\x15tjgjxgswgrpqbzhscciml</data></write>
    <read><length>4</length><match><data>\x00\x00\x00\x00</data></match></read>
    <write><data>\xf0\x00\x00\x00\xeat\x84\x05</data></write>
    <read><length>4</length><match><data>\xff\xff\xff\xff</data></match></read>
    <write><data>d\x00\x00\x00</data></write>
    <read><length>4</length><match><data>BYE!</data></match></read>
</replay>
</pov>