<?xml version="1.0" standalone="no" ?>
<!DOCTYPE pov SYSTEM "/usr/share/cgc-docs/replay.dtd">
<pov>
<cbid>service</cbid>
<seed>9e68e45be49f79a0d115fca811ff145c6f5be0c48423f47b1622790b79fa292a61d7b60603453cbbce9e6faacc69d409</seed>
<replay>
    <write><data>\xa0\x00\x00\x00\x06yvlfrt\x06hwiqus\x12oasrhbwnqiulzmpred</data></write>
    <read><length>4</length><match><data>\x00\x00\x00\x00</data></match></read>
    <write><data>\xa0\x00\x00\x00\x05istsx\x07zgxqhkk\x0bdigolhjisju</data></write>
    <read><length>4</length><match><data>\x00\x00\x00\x00</data></match></read>
    <write><data>\xc0\x00\x00\x00\xe4i\x05M</data></write>
    <read><length>4</length><match><data>\xff\xff\xff\xff</data></match></read>
    <write><data>\xd0\x00\x00\x00\xe4i\x05MBdbiujagauqvpxvcqcltsrfqmkoflydnmnrmgxuxyeghdheqbrhpqtxyixhwvbratfy</data></write>
    <read><length>4</length><match><data>\xa1GZ\x0d</data></match></read>
    <write><data>\xd0\x00\x00\x00\xa8\x15\xd4\x7eHvvlmmpecgsavxpxphbhwansshvrlkraexpumroynljcqghpfcnzsaliuurxrkiiqsphinglg</data></write>
    <read><length>4</length><match><data>\xa2GZ\x0d</data></match></read>
    <write><data>\xb0\x00\x00\x00\x04bjnt\x07ahdsgwe</data></write>
    <read><length>4</length><match><data>\xff\xff\xff\xff</data></match></read>
    <write><data>\xb0\x00\x00\x00\x04svbv\x06faktun</data></write>
    <read><length>4</length><match><data>\xff\xff\xff\xff</data></match></read>
    <write><data>\xd0\x00\x00\x00\xa8\x15\xd4\x7eIympmssqusosxdcqpnfpkolhsxlsmobbqgvrotlgoxjvzbuctkryjlrjrrhrqnbbesrpvqdqbt</data></write>
    <read><length>4</length><match><data>\xa3GZ\x0d</data></match></read>
    <write><data>d\x00\x00\x00</data></write>
    <read><length>4</length><match><data>BYE!</data></match></read>
</replay>
</pov>