<?xml version="1.0" standalone="no" ?>
<!DOCTYPE pov SYSTEM "/usr/share/cgc-docs/replay.dtd">
<pov>
<cbid>service</cbid>
<seed>29e9ca09bec31b77336ae400e8914e2101f3890addb3342eb39ac5cdbff9c41c65cdfe4ee9e36a3ec5e88d055e004570</seed>
<replay>
    <write><data>\xf0\x00\x00\x00D\xd7\xd9\x0a</data></write>
    <read><length>4</length><match><data>\xff\xff\xff\xff</data></match></read>
    <write><data>\xb0\x00\x00\x00\x04cooy\x05ralmc</data></write>
    <read><length>4</length><match><data>\xff\xff\xff\xff</data></match></read>
    <write><data>\xf0\x00\x00\x00\x1e\xda\xd9\x0a</data></write>
    <read><length>4</length><match><data>\xff\xff\xff\xff</data></match></read>
    <write><data>\xa0\x00\x00\x00\x06baohbb\x05vhfau\x0estpndwzpgarcwa</data></write>
    <read><length>4</length><match><data>\x00\x00\x00\x00</data></match></read>
    <write><data>\xa0\x00\x00\x00\x08zywzttbu\x07qtlpnqn\x16lnreniozhzvaxnydqatfvf</data></write>
    <read><length>4</length><match><data>\x00\x00\x00\x00</data></match></read>
    <write><data>\xc0\x00\x00\x00z\x18iI</data></write>
    <read><length>4</length><match><data>\xff\xff\xff\xff</data></match></read>
    <write><data>\xb0\x00\x00\x00\x04nzhu\x07yrlylkj</data></write>
    <read><length>4</length><match><data>\xff\xff\xff\xff</data></match></read>
    <write><data>\xc0\x00\x00\x00\x07\xa4iq</data></write>
    <read><length>4</length><match><data>\xff\xff\xff\xff</data></match></read>
    <write><data>\xb0\x00\x00\x00\x04pfia\x0abznoyrwihw</data></write>
    <read><length>4</length><match><data>\xff\xff\xff\xff</data></match></read>
    <write><data>\xb0\x00\x00\x00\x04dpfz\x0atvuqxqnhgu</data></write>
    <read><length>4</length><match><data>\xff\xff\xff\xff</data></match></read>
    <write><data>\xb0\x00\x00\x00\x04lgll\x0aoyewslkwbx</data></write>
    <read><length>4</length><match><data>\xff\xff\xff\xff</data></match></read>
    <write><data>\xd0\x00\x00\x00\x07\xa4iqBlumobqfbyqlvlefgvkwaoyliysbhjwkcwmguqpflmohgiofprpqagvkueciyzkrmjb</data></write>
    <read><length>4</length><match><data>\x9c\xd6\xd9\x0a</data></match></read>
    <write><data>\xe0\x00\x00\x00\x9c\xd6\xd9\x0a\x07\xa4iqFmmszihenfdqdacdwpfukpsetgfafmgavvtokwtuunyzsvlkbpsfjalhxhlqgfqlvhdrdkm</data></write>
    <read><length>4</length><match><data>\x00\x00\x00\x00</data></match></read>
    <write><data>\xb0\x00\x00\x00\x08zywzttbu\x07qtlpnqn</data></write>
    <read><length>4</length><match><data>z\x18iI</data></match></read>
    <write><data>\xb0\x00\x00\x00\x08zywzttbu\x07qtlpnqn</data></write>
    <read><length>4</length><match><data>z\x18iI</data></match></read>
    <write><data>\xb0\x00\x00\x00\x06baohbb\x05vhfau</data></write>
    <read><length>4</length><match><data>\x07\xa4iq</data></match></read>
    <write><data>\xb0\x00\x00\x00\x04xmgh\x08neqbyzjf</data></write>
    <read><length>4</length><match><data>\xff\xff\xff\xff</data></match></read>
    <write><data>\xf0\x00\x00\x00\xea\xd9\xd9\x0a</data></write>
    <read><length>4</length><match><data>\xff\xff\xff\xff</data></match></read>
    <write><data>\xf0\x00\x00\x00\x9c\xd6\xd9\x0a</data></write>
    <read><length>88</length><match><data>\x0e\x00\x00\x00stpndwzpgarcwaB\x00\x00\x00lumobqfbyqlvlefgvkwaoyliysbhjwkcwmguqpflmohgiofprpqagvkueciyzkrmjb</data></match></read>
    <read><length>96</length><match><data>\x01\x00\x00\x00\x0e\x00\x00\x00stpndwzpgarcwaF\x00\x00\x00mmszihenfdqdacdwpfukpsetgfafmgavvtokwtuunyzsvlkbpsfjalhxhlqgfqlvhdrdkm</data></match></read>
    <write><data>\xa0\x00\x00\x00\x06nazgwq\x08tzolxycu\x11xzcukecbesdlfzhyc</data></write>
    <read><length>4</length><match><data>\x00\x00\x00\x00</data></match></read>
    <write><data>\xf0\x00\x00\x00\xba\xd9\xd9\x0a</data></write>
    <read><length>4</length><match><data>\xff\xff\xff\xff</data></match></read>
    <write><data>\xf0\x00\x00\x00O\xd8\xd9\x0a</data></write>
    <read><length>4</length><match><data>\xff\xff\xff\xff</data></match></read>
    <write><data>\xe0\x00\x00\x00\x9c\xd6\xd9\x0a\x07\xa4iqIyiiuheqtcmwaxtqoahddpztmramivpiutqqcsrvxqhammthghnzifnxaxytjtqdzvkjmcyvbu</data></write>
    <read><length>4</length><match><data>\x00\x00\x00\x00</data></match></read>
    <write><data>\xe0\x00\x00\x00\x9c\xd6\xd9\x0a\x07\xa4iq\x24ncoaivldxknrkbzrwthtnisawnuxsjoafkcu</data></write>
    <read><length>4</length><match><data>\x00\x00\x00\x00</data></match></read>
    <write><data>\xf0\x00\x00\x00\x9c\xd6\xd9\x0a</data></write>
    <read><length>88</length><match><data>\x0e\x00\x00\x00stpndwzpgarcwaB\x00\x00\x00lumobqfbyqlvlefgvkwaoyliysbhjwkcwmguqpflmohgiofprpqagvkueciyzkrmjb</data></match></read>
    <read><length>96</length><match><data>\x01\x00\x00\x00\x0e\x00\x00\x00stpndwzpgarcwaF\x00\x00\x00mmszihenfdqdacdwpfukpsetgfafmgavvtokwtuunyzsvlkbpsfjalhxhlqgfqlvhdrdkm</data></match></read>
    <read><length>99</length><match><data>\x02\x00\x00\x00\x0e\x00\x00\x00stpndwzpgarcwaI\x00\x00\x00yiiuheqtcmwaxtqoahddpztmramivpiutqqcsrvxqhammthghnzifnxaxytjtqdzvkjmcyvbu</data></match></read>
    <read><length>62</length><match><data>\x03\x00\x00\x00\x0e\x00\x00\x00stpndwzpgarcwa\x24\x00\x00\x00ncoaivldxknrkbzrwthtnisawnuxsjoafkcu</data></match></read>
    <write><data>\xf0\x00\x00\x00\x02\x00\x00\x00</data></write>
    <read><length>4</length><match><data>\x1e\x00\x00\x00</data></match></read>
    <read><length>30</length><match><data>RWNIZDCLDVPTJYKRCPZFIMNJCIEKBR</data></match></read>
    <read><length>4</length><match><data>\x80\x00\x00\x00</data></match></read>
    <read><length>128</length><match><data>KJNFFXJIEPRCEGMFFHZWBCGUSIXDBMNJQXYNWJUTTFGQRMQBECTJNJTVGCQLKQKMYYBFAKHLQWZXJQWDTWBVAYTRAMVHWKKEYYXEGMREFFEHDMWGDQNACIFTYDDFXAUE</data></match></read>
    <write><data>\xd0\x00\x00\x00\x07\xa4iq:hhfndiqndrbxlsijzplpavztfpouvnwtrthfnqroddcxmfyigirjhezkhv</data></write>
    <read><length>4</length><match><data>\x9d\xd6\xd9\x0a</data></match></read>
    <write><data>\xf0\x00\x00\x00\x09\x00\x00\x00</data></write>
    <read><length>4</length><match><data>\x1e\x00\x00\x00</data></match></read>
    <read><length>30</length><match><data>KXPTQQYMXCMMFTCPRALLNHLKBRAJNI</data></match></read>
    <read><length>4</length><match><data>\x80\x00\x00\x00</data></match></read>
    <read><length>128</length><match><data>SQACZXMMECNBZAEOQOGUTGBPCSTUXSSJOPRGWZMYCMJSELMYRMFSUYQLYADJNJILCVHJMENTLWUIMAAUIVEYIDKXPTENZXPUKTGHXYTWOTLRDCPTZDGHDFELMHJOIRBQ</data></match></read>
    <write><data>\xf0\x00\x00\x00\x0f\x00\x00\x00</data></write>
    <read><length>4</length><match><data>\x1e\x00\x00\x00</data></match></read>
    <read><length>30</length><match><data>YBIZAHGAAMBMPVYKNFISKJRAPUJLDH</data></match></read>
    <read><length>4</length><match><data>\x80\x00\x00\x00</data></match></read>
    <read><length>128</length><match><data>NAPLWMOPJUFGTEFCCDNVBJHNXZCCWEMPTTEPUOASRCSNVGBSIXVHMRLWAGWWXKLAAXXBDYZPHXBLJFUXGOFBYVXYUEHJHLUOHCXNOPOVQHMTMQRLJEOJBQRTYRVKNNZN</data></match></read>
    <write><data>\xf0\x00\x00\x00\x04\x00\x00\x00</data></write>
    <read><length>4</length><match><data>\x1e\x00\x00\x00</data></match></read>
    <read><length>30</length><match><data>SBZUUPNAAAXJTFACADMUQBYLNEJTDS</data></match></read>
    <read><length>4</length><match><data>\x80\x00\x00\x00</data></match></read>
    <read><length>128</length><match><data>POTHDTLWATTGSUFHATJKKILLMMOSBXXJFWTHPURELRJTAUJRYFQLXRIXXRSKHJXMUNWQHBFPSXEBSLQVPXTUOHLXDTNMULRVBMJFIDXNHNFJWDIAYBUFOTMRGPYZRJFZ</data></match></read>
    <write><data>\xe0\x00\x00\x00\x9d\xd6\xd9\x0a\x07\xa4iq\x1fgwcxbwngmakxlfnddhppysshgatkvbp</data></write>
    <read><length>4</length><match><data>\x00\x00\x00\x00</data></match></read>
    <write><data>\xe0\x00\x00\x00\x9c\xd6\xd9\x0a\xc3\x92\xf6\x0f\x1ctotyeijggflgjeskwzwjdzydubne</data></write>
    <read><length>4</length><match><data>\x00\x00\x00\x00</data></match></read>
    <write><data>\xf0\x00\x00\x00\x06\x00\x00\x00</data></write>
    <read><length>4</length><match><data>\x1e\x00\x00\x00</data></match></read>
    <read><length>30</length><match><data>FRIOLBTVFXWLSYEUOXOVTTLXJYPBOE</data></match></read>
    <read><length>4</length><match><data>\x80\x00\x00\x00</data></match></read>
    <read><length>128</length><match><data>NSZTTRZHIGOKCBUJNKZDBSSWZIFMBQTOGJXNMJJXGVUSJSEYVSSQKRJGDUGBFZZNLKADEJLLNMXXTSKOVNWODSBLLNVWVBZXIWIWVATNDTMGRCVROMDGWQZKRRRPUCUN</data></match></read>
    <write><data>\xf0\x00\x00\x00\x9d\xd6\xd9\x0a</data></write>
    <read><length>80</length><match><data>\x0e\x00\x00\x00stpndwzpgarcwa:\x00\x00\x00hhfndiqndrbxlsijzplpavztfpouvnwtrthfnqroddcxmfyigirjhezkhv</data></match></read>
    <read><length>57</length><match><data>\x01\x00\x00\x00\x0e\x00\x00\x00stpndwzpgarcwa\x1f\x00\x00\x00gwcxbwngmakxlfnddhppysshgatkvbp</data></match></read>
    <write><data>\xd0\x00\x00\x00\x07\xa4iqLwjupivvbkvdbfvtdruaixtydcxjheogwtnuwgrorjgejtmqrfqlsvilgdnguslgooisleofpupet</data></write>
    <read><length>4</length><match><data>\x9e\xd6\xd9\x0a</data></match></read>
    <write><data>\xb0\x00\x00\x00\x08zywzttbu\x07qtlpnqn</data></write>
    <read><length>4</length><match><data>z\x18iI</data></match></read>
    <write><data>\xb0\x00\x00\x00\x04itwn\x06pptymk</data></write>
    <read><length>4</length><match><data>\xff\xff\xff\xff</data></match></read>
    <write><data>\xb0\x00\x00\x00\x06baohbb\x05vhfau</data></write>
    <read><length>4</length><match><data>\x07\xa4iq</data></match></read>
    <write><data>\xa0\x00\x00\x00\x06faosrg\x06fwksak\x18pqbxjywvzeqhxxugnudtdscc</data></write>
    <read><length>4</length><match><data>\x00\x00\x00\x00</data></match></read>
    <write><data>\xa0\x00\x00\x00\x06iuqszz\x08xckxyvuo\x18qxbirxakpusohkzrnoaddozk</data></write>
    <read><length>4</length><match><data>\x00\x00\x00\x00</data></match></read>
    <write><data>\xf0\x00\x00\x00\xf6\xd6\xd9\x0a</data></write>
    <read><length>4</length><match><data>\xff\xff\xff\xff</data></match></read>
    <write><data>d\x00\x00\x00</data></write>
    <read><length>4</length><match><data>BYE!</data></match></read>
</replay>
</pov>