<?xml version="1.0" standalone="no" ?>
<!DOCTYPE pov SYSTEM "/usr/share/cgc-docs/replay.dtd">
<pov>
<cbid>service</cbid>
<seed>239717470ca16bc39bbcec0336e9c53c4960d7684473a4f7cb96968a932fdf7d3563746ae394586f8368ca61f5d1eaae</seed>
<replay>
    <write><data>\xb0\x00\x00\x00\x04xlid\x09izhojnbbl</data></write>
    <read><length>4</length><match><data>\xff\xff\xff\xff</data></match></read>
    <write><data>\xb0\x00\x00\x00\x04nkem\x0aezmwwaelmc</data></write>
    <read><length>4</length><match><data>\xff\xff\xff\xff</data></match></read>
    <write><data>\xf0\x00\x00\x00\x08\x00\x00\x00</data></write>
    <read><length>4</length><match><data>\x1e\x00\x00\x00</data></match></read>
    <read><length>30</length><match><data>MKXFAMDBZSXFGIRDCQLLXABOMMPUKI</data></match></read>
    <read><length>4</length><match><data>\x80\x00\x00\x00</data></match></read>
    <read><length>128</length><match><data>FLAWYKJEUQETKUQKFJRXLMRFYGTQKNXXGWLLTOMKLGCLOCJVAMXRKOLQTKFDNWEUFLTVAAPDZIYKCJDGRZGPXLFYUBJISSPQKXIKTZMLJLTHOXQBYHBCLYLSEJBQIYCQ</data></match></read>
    <write><data>\xf0\x00\x00\x00\xfdth\x0e</data></write>
    <read><length>4</length><match><data>\xff\xff\xff\xff</data></match></read>
    <write><data>\xb0\x00\x00\x00\x04vsfz\x06uzhpfu</data></write>
    <read><length>4</length><match><data>\xff\xff\xff\xff</data></match></read>
    <write><data>\xa0\x00\x00\x00\x07mkggkzh\x06bodjdy\x19ovngpkefdvznfbuwoxfvthbjv</data></write>
    <read><length>4</length><match><data>\x00\x00\x00\x00</data></match></read>
    <write><data>\xb0\x00\x00\x00\x07mkggkzh\x06bodjdy</data></write>
    <read><length>4</length><match><data>\x29S\x9d\x5b</data></match></read>
    <write><data>\xa0\x00\x00\x00\x0agerkqizvid\x0aevaakevzev\x13cilinqgdpwoofaepevg</data></write>
    <read><length>4</length><match><data>\x00\x00\x00\x00</data></match></read>
    <write><data>\xb0\x00\x00\x00\x0agerkqizvid\x0aevaakevzev</data></write>
    <read><length>4</length><match><data>nx\xf1r</data></match></read>
    <write><data>\xa0\x00\x00\x00\x0anvurribcux\x06gqxibc\x10xmaaiwbnboeqluar</data></write>
    <read><length>4</length><match><data>\x00\x00\x00\x00</data></match></read>
    <write><data>\xf0\x00\x00\x00\x0b\x00\x00\x00</data></write>
    <read><length>4</length><match><data>\x1e\x00\x00\x00</data></match></read>
    <read><length>30</length><match><data>TEVNYTCINNEHDFZHQCBDNXJEKAVUBN</data></match></read>
    <read><length>4</length><match><data>\x80\x00\x00\x00</data></match></read>
    <read><length>128</length><match><data>FXAIWKHWCGAXXTXDNDMSMVPBUGGJLLLHCKJQIMBPRSTUAVGCLNRDHLUWXFJYUYMOXAPWYIEKGVJKMBVPGLVDBDZDWKTVILOUBZEBGOHXCJPVWXLYQWJBEISMRJARQHAG</data></match></read>
    <write><data>\xd0\x00\x00\x00\x8a\x22\x11\x26\x29wtreqjdnwogynxtmsthqbunzslguofmzojjdkcmna</data></write>
    <read><length>4</length><match><data>\xdbth\x0e</data></match></read>
    <write><data>\xf0\x00\x00\x00\x04\x00\x00\x00</data></write>
    <read><length>4</length><match><data>\x1e\x00\x00\x00</data></match></read>
    <read><length>30</length><match><data>CSMAZBQMESMOLUXRURTXGKHWIFKZQS</data></match></read>
    <read><length>4</length><match><data>\x80\x00\x00\x00</data></match></read>
    <read><length>128</length><match><data>HLQSEQRHTYMNDXNWJKYIFQXMUCDQJHGQJPMOUGNMLOCANRQTINROLSPJSKNEDYYBZHWEVMIAUZQDEUUQENLDLMFVSIXOTILJVCIVBHUYLOJPVZEQRFGINFMTBDXMXIRP</data></match></read>
    <write><data>\xb0\x00\x00\x00\x04yzfr\x06xgqryx</data></write>
    <read><length>4</length><match><data>\xff\xff\xff\xff</data></match></read>
    <write><data>\xc0\x00\x00\x00\x29S\x9d\x5b</data></write>
    <read><length>65</length><match><data>\x10\x00\x00\x00xmaaiwbnboeqluar\x29\x00\x00\x00wtreqjdnwogynxtmsthqbunzslguofmzojjdkcmna</data></match></read>
    <write><data>\xd0\x00\x00\x00\x8a\x22\x11\x26\x2aybfagbprlcfehwqcruaujfzsipychtiddrssqqftrz</data></write>
    <read><length>4</length><match><data>\xdcth\x0e</data></match></read>
    <write><data>\xd0\x00\x00\x00nx\xf1rPdhpvojiulkgouxbiqltssyweykishqculdqfvtrlzukigaonnrjlinychhtlobxthastmvcjhcygyxgj</data></write>
    <read><length>4</length><match><data>\xddth\x0e</data></match></read>
    <write><data>\xc0\x00\x00\x00\x29S\x9d\x5b</data></write>
    <read><length>66</length><match><data>\x10\x00\x00\x00xmaaiwbnboeqluar\x2a\x00\x00\x00ybfagbprlcfehwqcruaujfzsipychtiddrssqqftrz</data></match></read>
    <write><data>\xf0\x00\x00\x00\x01\x00\x00\x00</data></write>
    <read><length>4</length><match><data>\x1e\x00\x00\x00</data></match></read>
    <read><length>30</length><match><data>ZYHGSMPIVTHBNNGRIVNTTPYKKJCDJV</data></match></read>
    <read><length>4</length><match><data>\x80\x00\x00\x00</data></match></read>
    <read><length>128</length><match><data>DINEIUBEYHXLTSOYNUJOBNYOSZOWXJIMOALPVCPQBOFWXTSPYBEVFTKTXMKHQZKHGBEYGCNNQTYVBVWPEWMSJYMTZMDLGAVOURIYAHLYCRHSJOLNXSOAOWRFVXYDDRXG</data></match></read>
    <write><data>\xe0\x00\x00\x00\xddth\x0e\x29S\x9d\x5b\x1ehohtpvlmdhxygmucmddvobyctfsyey</data></write>
    <read><length>4</length><match><data>\x00\x00\x00\x00</data></match></read>
    <write><data>\xc0\x00\x00\x00\x29S\x9d\x5b</data></write>
    <read><length>107</length><match><data>\x13\x00\x00\x00cilinqgdpwoofaepevgP\x00\x00\x00dhpvojiulkgouxbiqltssyweykishqculdqfvtrlzukigaonnrjlinychhtlobxthastmvcjhcygyxgj</data></match></read>
    <write><data>\xb0\x00\x00\x00\x04nvsm\x09wfsctzmmu</data></write>
    <read><length>4</length><match><data>\xff\xff\xff\xff</data></match></read>
    <write><data>\xb0\x00\x00\x00\x07mkggkzh\x06bodjdy</data></write>
    <read><length>4</length><match><data>\x29S\x9d\x5b</data></match></read>
    <write><data>\xc0\x00\x00\x00\x8a\x22\x11\x26</data></write>
    <read><length>65</length><match><data>\x10\x00\x00\x00xmaaiwbnboeqluar\x29\x00\x00\x00wtreqjdnwogynxtmsthqbunzslguofmzojjdkcmna</data></match></read>
    <write><data>\xf0\x00\x00\x00\x96vh\x0e</data></write>
    <read><length>4</length><match><data>\xff\xff\xff\xff</data></match></read>
    <write><data>\xb0\x00\x00\x00\x04xegr\x08cutcabys</data></write>
    <read><length>4</length><match><data>\xff\xff\xff\xff</data></match></read>
    <write><data>\xc0\x00\x00\x00\x29S\x9d\x5b</data></write>
    <read><length>4</length><match><data>\xff\xff\xff\xff</data></match></read>
    <write><data>\xf0\x00\x00\x00\xdcth\x0e</data></write>
    <read><length>66</length><match><data>\x10\x00\x00\x00xmaaiwbnboeqluar\x2a\x00\x00\x00ybfagbprlcfehwqcruaujfzsipychtiddrssqqftrz</data></match></read>
    <write><data>\xe0\x00\x00\x00\xdbth\x0e\x29S\x9d\x5b5ehkyxvkwjtcbxfvhuxloyoboadqnyxiwsunyeoftqefwbycxwbfdj</data></write>
    <read><length>4</length><match><data>\x00\x00\x00\x00</data></match></read>
    <write><data>\xd0\x00\x00\x00\x29S\x9d\x5bUfhcdeduorptlkxynspnsnsuculvgaidpzotlhqwplctxkhibmgisiwadfesaztpalpsuwcqihxekzqnokistw</data></write>
    <read><length>4</length><match><data>\xdeth\x0e</data></match></read>
    <write><data>\xe0\x00\x00\x00\xdeth\x0enx\xf1r\x1aexxwgbzqkxzahvciboplnrlhtm</data></write>
    <read><length>4</length><match><data>\x00\x00\x00\x00</data></match></read>
    <write><data>\xa0\x00\x00\x00\x05rcglx\x08kktbplxx\x17iujepzxafgogwcbijprkbvo</data></write>
    <read><length>4</length><match><data>\x00\x00\x00\x00</data></match></read>
    <write><data>\xf0\x00\x00\x00\xdbth\x0e</data></write>
    <read><length>65</length><match><data>\x10\x00\x00\x00xmaaiwbnboeqluar\x29\x00\x00\x00wtreqjdnwogynxtmsthqbunzslguofmzojjdkcmna</data></match></read>
    <read><length>90</length><match><data>\x01\x00\x00\x00\x19\x00\x00\x00ovngpkefdvznfbuwoxfvthbjv5\x00\x00\x00ehkyxvkwjtcbxfvhuxloyoboadqnyxiwsunyeoftqefwbycxwbfdj</data></match></read>
    <write><data>\xd0\x00\x00\x00nx\xf1r\x5dgxkbdcfdrwviwyfazevtceegdaxlcgpdluapmlidnspegzhhfhnrlrtmmippfcavddohhqfyjhjroxqmmdtmqtbkcrjjm</data></write>
    <read><length>4</length><match><data>\xdfth\x0e</data></match></read>
    <write><data>\xd0\x00\x00\x00nx\xf1r\x19ktbzkoimbxyxefjxhaxquofzu</data></write>
    <read><length>4</length><match><data>\xe0th\x0e</data></match></read>
    <write><data>\xf0\x00\x00\x00\xdfth\x0e</data></write>
    <read><length>120</length><match><data>\x13\x00\x00\x00cilinqgdpwoofaepevg\x5d\x00\x00\x00gxkbdcfdrwviwyfazevtceegdaxlcgpdluapmlidnspegzhhfhnrlrtmmippfcavddohhqfyjhjroxqmmdtmqtbkcrjjm</data></match></read>
    <write><data>\xb0\x00\x00\x00\x04rtbr\x05jclbr</data></write>
    <read><length>4</length><match><data>\xff\xff\xff\xff</data></match></read>
    <write><data>\xf0\x00\x00\x00\xe0th\x0e</data></write>
    <read><length>52</length><match><data>\x13\x00\x00\x00cilinqgdpwoofaepevg\x19\x00\x00\x00ktbzkoimbxyxefjxhaxquofzu</data></match></read>
    <write><data>\xa0\x00\x00\x00\x08bpizfiux\x06frjonc\x18zluzorqnkjelifiyeniokcmo</data></write>
    <read><length>4</length><match><data>\x00\x00\x00\x00</data></match></read>
    <write><data>\xc0\x00\x00\x00\x12H\xfc\x10</data></write>
    <read><length>65</length><match><data>\x10\x00\x00\x00xmaaiwbnboeqluar\x29\x00\x00\x00wtreqjdnwogynxtmsthqbunzslguofmzojjdkcmna</data></match></read>
    <write><data>\xc0\x00\x00\x00nx\xf1r</data></write>
    <read><length>65</length><match><data>\x10\x00\x00\x00xmaaiwbnboeqluar\x29\x00\x00\x00wtreqjdnwogynxtmsthqbunzslguofmzojjdkcmna</data></match></read>
    <write><data>\xf0\x00\x00\x00\x07\x00\x00\x00</data></write>
    <read><length>4</length><match><data>\x1e\x00\x00\x00</data></match></read>
    <read><length>30</length><match><data>OTYFHFHYSETGAHNOQKPPKODTHSJSFW</data></match></read>
    <read><length>4</length><match><data>\x80\x00\x00\x00</data></match></read>
    <read><length>128</length><match><data>KOLJBDFPKLPSWQIXZBYYRYGONKPNJGVRWZTIDVQQAVBSARKHEYTBNTJXJGQYXLWILOLQPEDIOOFWCQQCQGKDZUKJRJSVADREPIPDMVWFPVWXILAGDPMGVXLBDMMRUFMY</data></match></read>
    <write><data>\xd0\x00\x00\x00\x16\x2c\x85v9csiefrdqalewwnwwfeeewomcbgcwhfklbfudmsizplphfdltdbmmadvom</data></write>
    <read><length>4</length><match><data>\xe1th\x0e</data></match></read>
    <write><data>\xb0\x00\x00\x00\x04ojad\x07dzpmorc</data></write>
    <read><length>4</length><match><data>\xff\xff\xff\xff</data></match></read>
    <write><data>\xf0\x00\x00\x00\x03\x00\x00\x00</data></write>
    <read><length>4</length><match><data>\x1e\x00\x00\x00</data></match></read>
    <read><length>30</length><match><data>DZHARCAZFYJECGKICUDVWWOOFKQHQQ</data></match></read>
    <read><length>4</length><match><data>\x80\x00\x00\x00</data></match></read>
    <read><length>128</length><match><data>ZDZTILZUWQZLVSVNHKMVYJGMXXFJYMGMAATGGVEBPEUQWXSCQNARUHQTIHFBEENTVZVUFUMGGVGSSJDVOGEMHYTESVGMNJEVIVGGANQFKNVFCLAJWIVNXPCQXNVTFSUU</data></match></read>
    <write><data>\xf0\x00\x00\x00\xfbth\x0e</data></write>
    <read><length>4</length><match><data>\xff\xff\xff\xff</data></match></read>
    <write><data>\xe0\x00\x00\x00\xdeth\x0e\x16\x2c\x85v\x25oidqhysbpnjzkbdlrmvhlrhuansdvkxcaqczs</data></write>
    <read><length>4</length><match><data>\x00\x00\x00\x00</data></match></read>
    <write><data>\xc0\x00\x00\x00nx\xf1r</data></write>
    <read><length>66</length><match><data>\x10\x00\x00\x00xmaaiwbnboeqluar\x2a\x00\x00\x00ybfagbprlcfehwqcruaujfzsipychtiddrssqqftrz</data></match></read>
    <write><data>\xb0\x00\x00\x00\x07mkggkzh\x06bodjdy</data></write>
    <read><length>4</length><match><data>\x29S\x9d\x5b</data></match></read>
    <write><data>\xa0\x00\x00\x00\x07kwirdln\x09jkmnpdlps\x12ivrihjbzqunsdkazoj</data></write>
    <read><length>4</length><match><data>\x00\x00\x00\x00</data></match></read>
    <write><data>\xf0\x00\x00\x00\xdcth\x0e</data></write>
    <read><length>66</length><match><data>\x10\x00\x00\x00xmaaiwbnboeqluar\x2a\x00\x00\x00ybfagbprlcfehwqcruaujfzsipychtiddrssqqftrz</data></match></read>
    <write><data>\xb0\x00\x00\x00\x04evez\x06hkbnlz</data></write>
    <read><length>4</length><match><data>\xff\xff\xff\xff</data></match></read>
    <write><data>\xf0\x00\x00\x00\xddth\x0e</data></write>
    <read><length>107</length><match><data>\x13\x00\x00\x00cilinqgdpwoofaepevgP\x00\x00\x00dhpvojiulkgouxbiqltssyweykishqculdqfvtrlzukigaonnrjlinychhtlobxthastmvcjhcygyxgj</data></match></read>
    <read><length>67</length><match><data>\x01\x00\x00\x00\x19\x00\x00\x00ovngpkefdvznfbuwoxfvthbjv\x1e\x00\x00\x00hohtpvlmdhxygmucmddvobyctfsyey</data></match></read>
    <write><data>\xa0\x00\x00\x00\x08isnsxypd\x07zpkoahs\x0cninoqyrzlldu</data></write>
    <read><length>4</length><match><data>\x00\x00\x00\x00</data></match></read>
    <write><data>\xb0\x00\x00\x00\x07kwirdln\x09jkmnpdlps</data></write>
    <read><length>4</length><match><data>CU\x0d\x1f</data></match></read>
    <write><data>\xe0\x00\x00\x00\xdcth\x0enx\xf1rHvoqsywyxlreedoujcgcamksbrogemsbtmxzkfsmmboeqzegitglqwlcqkwwxhgqsvoedenyw</data></write>
    <read><length>4</length><match><data>\x00\x00\x00\x00</data></match></read>
    <write><data>\xf0\x00\x00\x00\xddth\x0e</data></write>
    <read><length>107</length><match><data>\x13\x00\x00\x00cilinqgdpwoofaepevgP\x00\x00\x00dhpvojiulkgouxbiqltssyweykishqculdqfvtrlzukigaonnrjlinychhtlobxthastmvcjhcygyxgj</data></match></read>
    <read><length>67</length><match><data>\x01\x00\x00\x00\x19\x00\x00\x00ovngpkefdvznfbuwoxfvthbjv\x1e\x00\x00\x00hohtpvlmdhxygmucmddvobyctfsyey</data></match></read>
    <write><data>\xb0\x00\x00\x00\x04uyha\x09pszoubkhi</data></write>
    <read><length>4</length><match><data>\xff\xff\xff\xff</data></match></read>
    <write><data>\xc0\x00\x00\x00\x16\x2c\x85v</data></write>
    <read><length>65</length><match><data>\x10\x00\x00\x00xmaaiwbnboeqluar\x29\x00\x00\x00wtreqjdnwogynxtmsthqbunzslguofmzojjdkcmna</data></match></read>
    <write><data>\xf0\x00\x00\x00\xddth\x0e</data></write>
    <read><length>107</length><match><data>\x13\x00\x00\x00cilinqgdpwoofaepevgP\x00\x00\x00dhpvojiulkgouxbiqltssyweykishqculdqfvtrlzukigaonnrjlinychhtlobxthastmvcjhcygyxgj</data></match></read>
    <read><length>67</length><match><data>\x01\x00\x00\x00\x19\x00\x00\x00ovngpkefdvznfbuwoxfvthbjv\x1e\x00\x00\x00hohtpvlmdhxygmucmddvobyctfsyey</data></match></read>
    <write><data>\xe0\x00\x00\x00\xdbth\x0e\x8a\x22\x11\x26Fuewhxqasbbpbdagcjfiujjbobkkuobjyrhohahazkefccwzzctsqwnbkxrqkhmljjmyuvl</data></write>
    <read><length>4</length><match><data>\x00\x00\x00\x00</data></match></read>
    <write><data>\xe0\x00\x00\x00\xdeth\x0e\x12H\xfc\x10Jenemvfkwhnsjgugyvcyjxkqxpmgwowlweuveujbcvcugcajeysilrodpcnzedxktauinfxdrfw</data></write>
    <read><length>4</length><match><data>\x00\x00\x00\x00</data></match></read>
    <write><data>\xf0\x00\x00\x00\xdfuh\x0e</data></write>
    <read><length>4</length><match><data>\xff\xff\xff\xff</data></match></read>
    <write><data>\xf0\x00\x00\x00\x00\x00\x00\x00</data></write>
    <read><length>4</length><match><data>\x1e\x00\x00\x00</data></match></read>
    <read><length>30</length><match><data>FDQFCANIVNPMFCJKUBNBHYYEKSJGIK</data></match></read>
    <read><length>4</length><match><data>\x80\x00\x00\x00</data></match></read>
    <read><length>128</length><match><data>WIJDSFERHEUWIDCIKVQCOEWNXPFXTCSHEHCWGHXFGIYZGTKVLVDWWLMTINZATQACACVIZDPQFIFCSTFPBCYBTBHGEKCPBXIFJGRKFTEMFQTETEEVKIXYTCQJLGCQFNJG</data></match></read>
    <write><data>\xb0\x00\x00\x00\x0anvurribcux\x06gqxibc</data></write>
    <read><length>4</length><match><data>\x8a\x22\x11\x26</data></match></read>
    <write><data>\xf0\x00\x00\x00\xdbth\x0e</data></write>
    <read><length>65</length><match><data>\x10\x00\x00\x00xmaaiwbnboeqluar\x29\x00\x00\x00wtreqjdnwogynxtmsthqbunzslguofmzojjdkcmna</data></match></read>
    <read><length>90</length><match><data>\x01\x00\x00\x00\x19\x00\x00\x00ovngpkefdvznfbuwoxfvthbjv5\x00\x00\x00ehkyxvkwjtcbxfvhuxloyoboadqnyxiwsunyeoftqefwbycxwbfdj</data></match></read>
    <read><length>98</length><match><data>\x02\x00\x00\x00\x10\x00\x00\x00xmaaiwbnboeqluarF\x00\x00\x00uewhxqasbbpbdagcjfiujjbobkkuobjyrhohahazkefccwzzctsqwnbkxrqkhmljjmyuvl</data></match></read>
    <write><data>\xd0\x00\x00\x00\x16\x2c\x85vbsbgrdanhbzrwxtecvrblxyacflupanycptjxtpfeezokqypxnemjoevdwaehblficjzjkecsqgzljzurlwslpltbalwlsapoli</data></write>
    <read><length>4</length><match><data>\xe2th\x0e</data></match></read>
    <write><data>\xd0\x00\x00\x00nx\xf1r\x1eodwsxzmwnfopsdmjnkgnzdpjfcsksn</data></write>
    <read><length>4</length><match><data>\xe3th\x0e</data></match></read>
    <write><data>\xb0\x00\x00\x00\x04rkvk\x0agizrojylsk</data></write>
    <read><length>4</length><match><data>\xff\xff\xff\xff</data></match></read>
    <write><data>\xf0\x00\x00\x00\xe0th\x0e</data></write>
    <read><length>52</length><match><data>\x13\x00\x00\x00cilinqgdpwoofaepevg\x19\x00\x00\x00ktbzkoimbxyxefjxhaxquofzu</data></match></read>
    <write><data>\xd0\x00\x00\x00nx\xf1rWewnjclsfxrjmwnidfpikujdbwbguuoaobolhsqmuvxloovdkuqryzbhjvhmxbesqewbjsymsqnejqmuctnienpe</data></write>
    <read><length>4</length><match><data>\xe4th\x0e</data></match></read>
    <write><data>\xf0\x00\x00\x00\x0f\x00\x00\x00</data></write>
    <read><length>4</length><match><data>\x1e\x00\x00\x00</data></match></read>
    <read><length>30</length><match><data>LWZNVNRZBNPTWNGAHWGEQMCOSVRMWG</data></match></read>
    <read><length>4</length><match><data>\x80\x00\x00\x00</data></match></read>
    <read><length>128</length><match><data>LTHKSMRJOZHSXELWGKEZILYSPJQIYXJYCYCGIUVUWRRGYSMLKFYQHYHBRGLUWSJEVPJNHNZMONFMNHVFBRIDMZRAKTIMZSOFUFQDWEGOPMATOAFTBVSQQONHPXRYDCKT</data></match></read>
    <write><data>d\x00\x00\x00</data></write>
    <read><length>4</length><match><data>BYE!</data></match></read>
</replay>
</pov>