<?xml version="1.0" standalone="no" ?>
<!DOCTYPE pov SYSTEM "/usr/share/cgc-docs/replay.dtd">
<pov>
<cbid>service</cbid>
<seed>f5e8feadeb13c719373b0814f5298438471aa677f2296085a81792ebf2d88e36cf43bfa5bed3d26a898d4bbdf7a164af</seed>
<replay>
    <!-- CHECK match rule -->
    <!-- CHECK exe wrapper -->
    <write><data>\xeb\x00\x00\x00M\xae\x7b6r\x94\x26Np\xbaJ2p\xbaJ2\x40\x00\x00\x00\xb0\xbaJ2\x87\x00\x00\x007\xbbJ24i\x07\x00\x60\xe8\x05\x00\x00\x00\xa4\x7b\xc7:\x8cX\x81\xc0:\x00\x00\x00BJ\x40HEMCKDLBJAI\x40H\x90DL\xc7\xc2\x87\x00\x00\x00\xc7\xc3\x00\x00\x00\x009\xd3t\x0a\x814\x18j\x00\x00\x00C\xeb\xf2a\x831\x29\x9b\xc9\xf44\xbb\x5c\x8e\xfa3\xba8B\x1a\xc5\x10\x22\xfe\x0d\x82lF\x83\xc3Q\xbc\x3c\xf46\xbf\x97\x22\x2c\x5ezW\xbe\x3c\xea\xbb0\x85\xd4\x99Z\xf4\x8a\x3d\xc8\x1a\xec\xdb\x9d\xbf\x85\x89\xbc!\xb8\x06\x23\x9e\xdbl\xa6g\xd8\xaf\xdfo\xae\x84X\x9bEY\xeb\x14\x05\xe4\xd3g\xf9c\xd8S\xd4\x05\xe2\xce\xe6\xe9yKB\xfc\x07N\xa4\xb7\x00\x24E\xf9\x96\xca\xab\x7b\xa9\xfa8\xb1\xad\xcb\x90\x9d\xb5\xd0\xf3\xff\x97K\xa4\x29\x10\xa1\x86k\x1cRp\x3cL</data></write>
    <read><length>4</length><match><data>\x85\x3b\x08B</data></match></read>
    <!-- WHITELIST -->
    <write><data>\x1e\x00\x00\x00\x9f\x05\xa5\x0fG\xb8\xd2\x2dE\xa5\xe5\xc1I\x8f\x5d\x98\x9a\xf1\xd2S\x05qe2\xaa\xd4GI\xbc\xe5</data></write>
    <read><length>4</length><match><data>\x9aI\xc5o</data></match></read>
    <!-- WHITELIST -->
    <write><data>\x0f\x00\x00\x00\x9f\x05\xa5\x0f\x3d\x0bx\x00O\xe1\xce\x8d\xb9\x98\xe7</data></write>
    <read><length>4</length><match><data>\x9aI\xc5o</data></match></read>
    <!-- WHITELIST -->
    <write><data>\x0e\x00\x00\x00\x9f\x05\xa5\x0f\x07\xf36\x87\x030\xbd\xfcEi</data></write>
    <read><length>4</length><match><data>\x9aI\xc5o</data></match></read>
    <!-- UPDATE -->
    <!-- update add -->
    <!-- update add -->
    <!-- update remove -->
    <!-- update add -->
    <!-- update add -->
    <!-- update add -->
    <!-- update add -->
    <!-- update add -->
    <!-- update add -->
    <!-- update add -->
    <write><data>\x5f\x01\x00\x00\x1a\xdb\xa70\x26\x0e\xcb\xed\x00\x06\x00\x00\x00L\xd1\x7c\x5bje\x00\x11\x00\x00\x00BUe\xf8\x088L\x1b\x8d\xaf\xf9\xcfe\x3b\xe2\xa7o\x01\x80\x00\x00\x00\xf1\xa3\x9e\x5e\xd16\xe4\x90Y\xd0R\x28p\xafzH\x94g\xe8\x06\x2c\xe9\xa9\x3b\xd6V\x9e\x5c\xd5\xfdHF4\x10\x3d\xd4V\x80\xd1Z\xef\xbe\xf30\x9e\xe0W\xa2p\x86\xb1\xf7\xd5\xef\xe3\xd6K\xd2lI\xf4\xb1\x06\xcc\x0d\xb2\xc5\xb5\x05\xc4\xee2\xf1\x2f3\x81\x7eo\x8e\xb9\x0d\x93\x09\xb29\xbeo\x88\xa4\x8c\x83\x13!\x28\x96m\x24\xce\xddjN\x2f\x93\xfc\xa0\xc1\x11\xc3\x90R\xdb\xc7\xa1\xfa\xf7\xdf\xba\x99\x95\xfd!\xceCz\xcb\xec\x01v\x00\x1e\x00\x00\x00\xe51I\xe8\x27\xb4\x93A\x14X\x18\x29\xa7\xedn\xf1\xac\xcd\xe2\x95\x3eU\x5b\x0d\x7f\x87\x24\xaf\x03\xda\x00\x10\x00\x00\x00\xbf\xa3\x60\xc1K\xe3\x8c\x15\x12\x2bd3V\x3bg\xc2\x00\x09\x00\x00\x00\xe2\x9d\xae\x99\x9bJ\x8fw\x1c\x00\x19\x00\x00\x00\xcd\xe4\x88\xe5\xb4\xc8\x80\xf0\x27\x2d\xff\x0b\x11\x04\xddym\xc9\x15n\xc3XT\x8a\x9f\x00\x1c\x00\x00\x00W\xfa\x2b\xc2K\x8c\xe9\xa3\x94\xdf\xe4\x3b\xc3\xc6\x29C6\x04\x12B\xfcR\x05\xbf\x3d\x7f\xce\xaa\x00\x14\x00\x00\x00\xc0\x5e\xe0\xc8Jo\xdb\xa2G\xac\xf2T\xdb\xb6\xeb?g\xf4\xc3\xb7\x00\x0e\x00\x00\x00\x2a\x7b6\xda\xc8\xcd6\xf1\x9a\x8c\xbe\x0ct\xf9</data></write>
    <read><length>4</length><match><data>\x9aI\xc5o</data></match></read>
    <!-- CHECK ok -->
    <write><data>\x26\x00\x00\x00M\xae\x7b6\xb8\x8c\xfa\x7dul\x22\xcc\xfc\x2f\x8d\x5b\x8f\xc5?\x8b\x23\x10e\x2f\xe9\xdfzq\x5b\xc2\xb5\xb4\xc1\x11XQ\xa2\xec</data></write>
    <read><length>4</length><match><data>\x9aI\xc5o</data></match></read>
    <!-- WHITELIST -->
    <write><data>\x17\x00\x00\x00\x9f\x05\xa5\x0f\x19V\xae\x80:\x5f\xc9\xa5\xe1\x1a\xd2\x0ck\x17\xf0\x5fzse</data></write>
    <read><length>4</length><match><data>\x9aI\xc5o</data></match></read>
    <!-- WHITELIST -->
    <write><data>\x15\x00\x00\x00\x9f\x05\xa5\x0f\x97\xac\xbbY\xf2P\xd17\x1fS\xc1Hh\x2fZ\xf7\x9c</data></write>
    <read><length>4</length><match><data>\x9aI\xc5o</data></match></read>
    <!-- CHECK match rule -->
    <write><data>\x1a\x00\x00\x00M\xae\x7b68:\x92\x9c\x1d\x90\x2a\x7b6\xda\xc8\xcd6\xf1\x9a\x8c\xbe\x0ct\xf9W\x03</data></write>
    <read><length>4</length><match><data>\x85\x3b\x08B</data></match></read>
    <!-- CHECK match rule -->
    <write><data>\x2c\x00\x00\x00M\xae\x7b63\xc1h\xfc\x8cIlkI\x60\xe51I\xe8\x27\xb4\x93A\x14X\x18\x29\xa7\xedn\xf1\xac\xcd\xe2\x95\x3eU\x5b\x0d\x7f\x87\x24\xaf\x03\xda</data></write>
    <read><length>4</length><match><data>\x85\x3b\x08B</data></match></read>
    <!-- UPDATE -->
    <!-- update add -->
    <!-- update remove -->
    <!-- update add -->
    <!-- update add -->
    <!-- update remove -->
    <!-- update add -->
    <!-- update add -->
    <!-- update remove -->
    <write><data>\xc5\x00\x00\x00\x1a\xdb\xa70m\x5d\xcb\xed\x00\x1a\x00\x00\x00\xe5\xf6\x3e6\xa4kH\x124\x22?\xcf\xeb\x5d\x81\xdf\xb7\xbb\x87X\x5d\x9f\xb8c\x82\x87\x01\x1c\x00\x00\x00W\xfa\x2b\xc2K\x8c\xe9\xa3\x94\xdf\xe4\x3b\xc3\xc6\x29C6\x04\x12B\xfcR\x05\xbf\x3d\x7f\xce\xaa\x00\x16\x00\x00\x00\x80J\xffN\x03\xb7\x8c\x16R\xfa\xe8\xe3NS\x152\xca\xe4\x2b\x5d\xeb\x87\x00\x19\x00\x00\x003g\xbfy\x9fPD:\x2d\x88\xa8\x28\xae\x95\x04\xd3\xf5\xbf\x94\xbc\xb4\x1c\xd4\xb8w\x01\x11\x00\x00\x00BUe\xf8\x088L\x1b\x8d\xaf\xf9\xcfe\x3b\xe2\xa7o\x00\x0a\x00\x00\x00\xbb\x0f\x0a\xb4\x7b\x88\xa9\xee\xd4U\x00\x0b\x00\x00\x00\x8d\x87m\x2f\x82\xber\xaf\xb6\xb2\x3d\x01\x0a\x00\x00\x00\xbb\x0f\x0a\xb4\x7b\x88\xa9\xee\xd4U</data></write>
    <read><length>4</length><match><data>\x9aI\xc5o</data></match></read>
    <!-- CHECK match rule -->
    <write><data> \x00\x00\x00M\xae\x7b6U\xd9\x92 \x80J\xffN\x03\xb7\x8c\x16R\xfa\xe8\xe3NS\x152\xca\xe4\x2b\x5d\xeb\x87\xf8!</data></write>
    <read><length>4</length><match><data>\x85\x3b\x08B</data></match></read>
    <!-- WHITELIST -->
    <write><data>\x1d\x00\x00\x00\x9f\x05\xa5\x0f\x01i\xf7\xa9o\x9b\xa6Z\xb3\x0d\x16\x24\xacH\xf2\xc8\xa9W\xc7\x60\x5c\x82! \xc8</data></write>
    <read><length>4</length><match><data>\x9aI\xc5o</data></match></read>
    <!-- CHECK match rule -->
    <!-- CHECK exe wrapper -->
    <write><data>x\x00\x00\x00M\xae\x7b6r\x94\x26N\xdc\x95\xc3\x27\xdc\x95\xc3\x27:\x00\x00\x00\x16\x96\xc3\x27\x1a\x00\x00\x000\x96\xc3\x27\x07\xb6\x05\x00\x60\xc7\xc3\xdd\x95\xc3\x27\x81\xc39\x00\x00\x00BJAIGO\x90AIDL\x89\xd9\x81\xc1\x1a\x00\x00\x00\x89\xda9\xcat\x0d\x81\xb2\x00\x00\x00\x00\x10\x00\x00\x00B\xeb\xefBJDLCKa\x90Z\xef\x5e\x13\xa7\x9c\x06B\xea\xf8\xf3\x5eC\x05\x22\xda\xf4\x3bM\xfb\x974XXI</data></write>
    <read><length>4</length><match><data>\x85\x3b\x08B</data></match></read>
    <!-- WHITELIST -->
    <write><data>\x17\x00\x00\x00\x9f\x05\xa5\x0fXq\xbf\xc3G\x0f\x00?\xca\x25l\x2c\xe5\xa5\xcc\x10\xf3\xadI</data></write>
    <read><length>4</length><match><data>\x9aI\xc5o</data></match></read>
    <!-- WHITELIST -->
    <write><data>\x10\x00\x00\x00\x9f\x05\xa5\x0f\xbb\xbcv5\x1eJa\x01\x9e\x90\xe5\xa8</data></write>
    <read><length>4</length><match><data>\x9aI\xc5o</data></match></read>
    <!-- WHITELIST -->
    <write><data>\x0e\x00\x00\x00\x9f\x05\xa5\x0f\x2c\x5c\xcf\x8a\xb2b:\x014x</data></write>
    <read><length>4</length><match><data>\x9aI\xc5o</data></match></read>
    <!-- CHECK match rule -->
    <write><data>\x22\x00\x00\x00M\xae\x7b6\xdb\x83\x3c3g\xbfy\x9fPD:\x2d\x88\xa8\x28\xae\x95\x04\xd3\xf5\xbf\x94\xbc\xb4\x1c\xd4\xb8wI\xb2</data></write>
    <read><length>4</length><match><data>\x85\x3b\x08B</data></match></read>
    <!-- WHITELIST -->
    <write><data>\x0f\x00\x00\x00\x9f\x05\xa5\x0f\x7f:\x9e\xa7\x1f.\xf3\xe8\x99\x2c\xf0</data></write>
    <read><length>4</length><match><data>\x9aI\xc5o</data></match></read>
    <!-- UPDATE -->
    <!-- update add -->
    <!-- update remove -->
    <!-- update add -->
    <!-- update add -->
    <!-- update remove -->
    <write><data>t\x00\x00\x00\x1a\xdb\xa70\xfa\x7f\xcb\xed\x00\x08\x00\x00\x00\x9dK\x8912Uh\x95\x01\x19\x00\x00\x00\xcd\xe4\x88\xe5\xb4\xc8\x80\xf0\x27\x2d\xff\x0b\x11\x04\xddym\xc9\x15n\xc3XT\x8a\x9f\x00\x1d\x00\x00\x00\xe8H\xce\xa3\xe2A\xb02D\xaac\xff\x8aY\x40Y\xb6\x256Q\xff\xf5\x87\xfc\x13c\x23\xdd\xbf\x00\x05\x00\x00\x00\xac\x22\xc7\x93g\x01\x10\x00\x00\x00\xbf\xa3\x60\xc1K\xe3\x8c\x15\x12\x2bd3V\x3bg\xc2</data></write>
    <read><length>4</length><match><data>\x9aI\xc5o</data></match></read>
    <!-- WHITELIST -->
    <write><data>\x1a\x00\x00\x00\x9f\x05\xa5\x0f\x2b\x7e\xaf\xba\xcaM\xa0\x5f\xa5\x0fc\x3et\x14\x5e4\x00?\x0aX\xe0\xe3</data></write>
    <read><length>4</length><match><data>\x9aI\xc5o</data></match></read>
    <!-- UPDATE -->
    <!-- update add -->
    <!-- update add -->
    <!-- update add -->
    <!-- update remove -->
    <!-- update add -->
    <!-- update add -->
    <write><data>\x88\x00\x00\x00\x1a\xdb\xa70\xd6w\xcb\xed\x00\x11\x00\x00\x00\x1fRt\x3blt\xce\x82\xfa\x10R\x9a\xce\xc3O\x09B\x00\x10\x00\x00\x00\x7dW\x5f\xd4IV\xdbwQ38\xa5\xb4m\xcf\x12\x00\x05\x00\x00\x00\xb1\xc2o\xb6\xc9\x01\x1d\x00\x00\x00\xe8H\xce\xa3\xe2A\xb02D\xaac\xff\x8aY\x40Y\xb6\x256Q\xff\xf5\x87\xfc\x13c\x23\xdd\xbf\x00\x0b\x00\x00\x00\x96\xce\xd5\xcf7a\xc0\xf9\xa0\x0e\x86\x00\x14\x00\x00\x00\x0e\x88G\xb6g\x03\x7f7\x9f\xc4rS\xfc\xa5\x8a\x5e\x80\x2c\x9ci</data></write>
    <read><length>4</length><match><data>\x9aI\xc5o</data></match></read>
    <!-- CHECK ok -->
    <write><data>\x23\x00\x00\x00M\xae\x7b6\x26\x07\x9d\xefu!\xf8\xd8o\xa0\xf2\x85\xae\xb1\xb3\x02go5n\xd1\x29\xcd\xe3d\xb8\xcf\xe3\x8b\xbeh</data></write>
    <read><length>4</length><match><data>\x9aI\xc5o</data></match></read>
    <!-- UPDATE -->
    <!-- update remove -->
    <!-- update add -->
    <!-- update add -->
    <!-- update add -->
    <!-- update add -->
    <write><data>\x94\x00\x00\x00\x1a\xdb\xa70\xcej\xcb\xed\x01\x16\x00\x00\x00\x80J\xffN\x03\xb7\x8c\x16R\xfa\xe8\xe3NS\x152\xca\xe4\x2b\x5d\xeb\x87\x00\x18\x00\x00\x00\xbaq\x7e\x86\xf3h\xda\xe3\x1cG\xae\x9c\x1b\x12\x82\xfd\xb3\x0a\x9bK\xb1\xbf\xf3\x5e\x00\x19\x00\x00\x00g\xf4\x12\xe8\xbc\x7b\xa5\x9crx\xba\xad\xef\x1f\xa4o\xc08\xab\xc8\x99\x14r\x7e\x60\x00\x12\x00\x00\x007Bo\xd2C\x0aq\xa4\xce\xe2n\x5c\xb3\xfcy\xcf\xf4L\x00\x1a\x00\x00\x00\x12\xdfd\xe9zG\x84\xc0d\x8c\x12\x90\x99\xdc\xb6\xe1\xb5\x1a\x9e\xbd\xec\x60\x8a\x1c\xc3\xf4</data></write>
    <read><length>4</length><match><data>\x9aI\xc5o</data></match></read>
    <!-- WHITELIST -->
    <write><data>\x13\x00\x00\x00\x9f\x05\xa5\x0fzQvT\xbb\xc8\xd0\xe9\x86\x85\x96\x084J\xec</data></write>
    <read><length>4</length><match><data>\x9aI\xc5o</data></match></read>
    <!-- CHECK bad bmp -->
    <write><data>m\x00\x00\x00M\xae\x7b6\xc0\xa9\x00\x00\x05\x00\x03\x00\x1d\xd8Yuym\xeb\x25\x7d\xce\xcd\xa2q\xcbo\xd2\xfbh?Q\xe3\xedu\xa0\xbcB\xdd\x9c\xb6V\x8a\xf1\x92z\x18\xb5YP\xcb\x13N\xcd\x60Y\xdc\x1d\xb4\x40\x1a\xb2jmUA\xc9\xc9\x2b\x85\x03\x0b\x26\xf5\xc4E\xc2S\xe4m\x9e\xcc\x5fqb\x5dn\xdc\xe9\xe3\xce\x9a\x07\xe9w\xfa?\x948\x9b\xb1\x90v\x08\x5c\x2b\xbc\xf1\x01</data></write>
    <read><length>4</length><match><data>\x85\x3b\x08B</data></match></read>
    <!-- UPDATE -->
    <!-- update remove -->
    <!-- update remove -->
    <!-- update add -->
    <!-- update add -->
    <!-- update remove -->
    <!-- update add -->
    <!-- update remove -->
    <!-- update remove -->
    <write><data>\xae\x00\x00\x00\x1a\xdb\xa70\x07h\xcb\xed\x01\x18\x00\x00\x00\xbaq\x7e\x86\xf3h\xda\xe3\x1cG\xae\x9c\x1b\x12\x82\xfd\xb3\x0a\x9bK\xb1\xbf\xf3\x5e\x01\x19\x00\x00\x00g\xf4\x12\xe8\xbc\x7b\xa5\x9crx\xba\xad\xef\x1f\xa4o\xc08\xab\xc8\x99\x14r\x7e\x60\x00\x07\x00\x00\x00M\xfe\x0b\x0d\xecg\x5d\x00\x06\x00\x00\x00O3b\xac\x9e\xd0\x01\x06\x00\x00\x00O3b\xac\x9e\xd0\x00\x0f\x00\x00\x00I\xca\x06\x0e\xbd\xef\xec\xcc\xa2\xb7WR\x8d\x96\xee\x01\x1a\x00\x00\x00\xe5\xf6\x3e6\xa4kH\x124\x22?\xcf\xeb\x5d\x81\xdf\xb7\xbb\x87X\x5d\x9f\xb8c\x82\x87\x01\x11\x00\x00\x00\x1fRt\x3blt\xce\x82\xfa\x10R\x9a\xce\xc3O\x09B</data></write>
    <read><length>4</length><match><data>\x9aI\xc5o</data></match></read>
    <!-- WHITELIST -->
    <write><data>\x19\x00\x00\x00\x9f\x05\xa5\x0f\x8e\xa4\x99\xa1DQ\x95\xc5d\x9e\xec\xea\xff\xffe\x7e\xb5\xbb\x5f\x8d\xe4</data></write>
    <read><length>4</length><match><data>\x9aI\xc5o</data></match></read>
    <!-- WHITELIST -->
    <write><data>\x19\x00\x00\x00\x9f\x05\xa5\x0f\x81RR\x0by\xaeX\xd9\x9e\x8d\xe9\x86\x05a\xbd\xdb\xa7\xc1\x00\xd7\xbd</data></write>
    <read><length>4</length><match><data>\x9aI\xc5o</data></match></read>
    <!-- CHECK match rule -->
    <write><data>\x27\x00\x00\x00M\xae\x7b6\x2a\xe9\x60\x8d\xe0G\x12\xdfd\xe9zG\x84\xc0d\x8c\x12\x90\x99\xdc\xb6\xe1\xb5\x1a\x9e\xbd\xec\x60\x8a\x1c\xc3\xf4\x15\x3d\xd0</data></write>
    <read><length>4</length><match><data>\x85\x3b\x08B</data></match></read>
    <!-- UPDATE -->
    <!-- update add -->
    <!-- update add -->
    <!-- update add -->
    <!-- update add -->
    <!-- update add -->
    <!-- update add -->
    <!-- update remove -->
    <!-- update add -->
    <write><data>\xa4\x00\x00\x00\x1a\xdb\xa70\xc4n\xcb\xed\x00\x06\x00\x00\x00\x88N\x12\x18m\x24\x00\x1b\x00\x00\x00\x81\x9f\x93jVR\xee\x22M\xdbq\x2a\x8b\x25U\xdat\x18\x5c\x89\x04\xcfO\xd5u\x22\xc9\x00\x05\x00\x00\x00\xf8\xe0\xb3\xb1w\x00\x07\x00\x00\x00d\x5f\xe1j\xa8\xde\x9d\x00\x1b\x00\x00\x00\x5e\xd3\x1b\xb1g\x9c\x06S\xaf\x1d4\x821\xa5\xce\xf7\x7b7A\x22\xd9\xb80\x95\x91\xcd\xb1\x00\x0a\x00\x00\x00\xbf?\x8c\x86\x93\xc0\xed7\x09\xfa\x01\x0f\x00\x00\x00I\xca\x06\x0e\xbd\xef\xec\xcc\xa2\xb7WR\x8d\x96\xee\x00\x13\x00\x00\x00F\x95\xa0\xd8yt\x2a\xf0\x8cX\x196\x9ak\xaf\x1f\x5c\xfb\xcc</data></write>
    <read><length>4</length><match><data>\x9aI\xc5o</data></match></read>
    <!-- UPDATE -->
    <!-- update remove -->
    <!-- update add -->
    <!-- update add -->
    <!-- update add -->
    <!-- update add -->
    <!-- update add -->
    <!-- update add -->
    <write><data>\x93\x00\x00\x00\x1a\xdb\xa701z\xcb\xed\x01\x14\x00\x00\x00\x0e\x88G\xb6g\x03\x7f7\x9f\xc4rS\xfc\xa5\x8a\x5e\x80\x2c\x9ci\x00\x0d\x00\x00\x00r\x3b\xf8\xdf\xa91.\xf0\xb9\x28\xce\xa81\x00\x06\x00\x00\x00P\x9b\xe2\x84\xb1\x3e\x00\x11\x00\x00\x00\x93\x8fi\x86\x23\xb0\xdc\xd6\xf6\x88\x16t\xa9G\x8b\x0d\x15\x00\x1d\x00\x00\x00\xd4\x0c\x2b7\x1b\xb1\x5c\x28\xd6r\x16\x25\xe7\xa20\x7c3\xe1\xced\x5c\x29\x0f\xa8\xdd\xb9cU\x1f\x00\x0a\x00\x00\x00\xb0\xa4\x03\x84Bx\x10\x8axJ\x00\x09\x00\x00\x00\x195FT\x3erQ\x99\xae</data></write>
    <read><length>4</length><match><data>\x9aI\xc5o</data></match></read>
    <!-- CHECK ok -->
    <write><data>\x27\x00\x00\x00M\xae\x7b6\x1f\x1aXa\xa8\xd7r\x3c\x01\x0b\x5eo\xab\x2a\x11\xe4\xb7d\x15\xc3\x7e\x84\x3d\xcbKhF3\xdb\x060\x15\xe4\x07H</data></write>
    <read><length>4</length><match><data>\x9aI\xc5o</data></match></read>
    <!-- WHITELIST -->
    <write><data>\x16\x00\x00\x00\x9f\x05\xa5\x0f\x90\xbd\xac\x1b\x82\xb0\xed8\xc2T\x2f\xfe\x15\x86.\xac\xe6\x2c</data></write>
    <read><length>4</length><match><data>\x9aI\xc5o</data></match></read>
    <!-- CHECK match rule -->
    <write><data>\x0e\x00\x00\x00M\xae\x7b6\x9dK\x8912Uh\x95\x7d\xcf</data></write>
    <read><length>4</length><match><data>\x85\x3b\x08B</data></match></read>
    <!-- WHITELIST -->
    <write><data>\x16\x00\x00\x00\x9f\x05\xa5\x0f\xd2\x7b\xc5\xa0L\x96\x1b\x91\xe7\x9a\xd8\xf0\x05\x29\x03\x28qh</data></write>
    <read><length>4</length><match><data>\x9aI\xc5o</data></match></read>
    <!-- WHITELIST -->
    <write><data>!\x00\x00\x00\x9f\x05\xa5\x0f\x90\xf0\x14\x04\x81\x2d\xde\x9f\xcd\xc2r\x0c\x29Qs\xcc\x7b\x83\xe7\x0bE\xe6\x29\xe5\x02\xfd\x2a\x18f</data></write>
    <read><length>4</length><match><data>\x9aI\xc5o</data></match></read>
    <!-- WHITELIST -->
    <write><data>\x1e\x00\x00\x00\x9f\x05\xa5\x0f\xf6\xae\x3c\xa6\xe1\xaa\xde\xa5E\xc1\x8a\x9b\xd1\x60k\x97\xda\xcb\xc6\xa6\xa0\xea\xb8\xfeX\x1c</data></write>
    <read><length>4</length><match><data>\x9aI\xc5o</data></match></read>
    <!-- WHITELIST -->
    <write><data>\x18\x00\x00\x00\x9f\x05\xa5\x0fv\xe2\xa1\xa5E\xea\xf2\x83\xfd\x7f\x1f\x8a\xff\xc5\x2c\x0e\x9d\x17\x03f</data></write>
    <read><length>4</length><match><data>\x9aI\xc5o</data></match></read>
    <!-- CHECK match rule -->
    <!-- whitelist -->
    <write><data>\x29\x00\x00\x00M\xae\x7b6\x60ZVe\x8cTM.\xaa\xbb\xb0\xa4\x03\x84Bx\x10\x8axJ\x97\xac\xbbY\xf2P\xd17\x1fS\xc1Hh\x2fZ\xf7\x9c</data></write>
    <read><length>4</length><match><data>\x9aI\xc5o</data></match></read>
    <!-- CHECK bad bmp -->
    <write><data>\x82\x00\x00\x00M\xae\x7b6\xc0\xa9\x00\x00\x18\x00\x01\x007D\x85\x2b\xbd\xb62\x05\xebic\xe7\x82\xe9\xab\xdb!\x5fW\xf5\x1b\xa4\x91\x09\x5b5u\xc4Q\xd10\x8f\xd7\x3e\xce\x97\x03r\x11\x18\xb2\xb2\x120\x91F?\xa87\xef\xb2\xca\x1bgN\xf9\xf8\xc9\x07\xd2\xbe\xdc\x8dK\x0a\x89\xe0\x0c\x04dE\xce\x0dS\xa8\xb48\x81\xa3U\x02\xa6\xd8!\x25\x19\xa7\xf6\x92\xb6\x0a\x01\xdd\xf2Y\x98\x03?\xc53\xc7\xa6\x3b\x8f\x9dp\xea!\x7e\xd7\x05\x1d\x1d\xd4\x99\x83\xad\x1c</data></write>
    <read><length>4</length><match><data>\x85\x3b\x08B</data></match></read>
    <!-- UPDATE -->
    <!-- update add -->
    <!-- update add -->
    <!-- update add -->
    <!-- update add -->
    <!-- update add -->
    <!-- update add -->
    <!-- update remove -->
    <!-- update add -->
    <!-- update add -->
    <!-- update remove -->
    <write><data>\x0a\x01\x00\x00\x1a\xdb\xa70\xdfD\xcb\xed\x00\x17\x00\x00\x00\xa0\xbd\x236\x2f\xe1\x1b\x93\xa8L4\x7c\xf0\x02j\xa5\x5d\x93\x99Np\xc7D\x00\x1e\x00\x00\x00\xc0\x60\x8f4\xfd\xe0\x93\x8c\x40\xaa\x88\x92\xa4\x1f\xd5\x8b?\xccr\xces\x17c\x98\x8d\xf6\x1b\x81\xae\xbb\x00\x10\x00\x00\x00\xef8\x7b\x2ah\x2cr47\xd8P\xc3\x1aG\xc3\x1a\x00\x1b\x00\x00\x00\x1a\xb7\x06\xfd\xde\xee\x93\xe8\x09\xed\xc1p\x0b\x9fx\xf4\xa72\x05.\x0e\xfc\x86H\xab\xe3\x25\x00\x0b\x00\x00\x00\xda\x02\x1b\xc9P1\x18\xc4\xd1i\x27\x00\x0a\x00\x00\x00\xb3\xd9\xe6\x24\x8c\x17\xcc\xcd\x8bo\x01\x17\x00\x00\x00\xa0\xbd\x236\x2f\xe1\x1b\x93\xa8L4\x7c\xf0\x02j\xa5\x5d\x93\x99Np\xc7D\x00\x1d\x00\x00\x00?\xb4\xc5m\x0b\xd29T\x85\x95\x8d\x94\x02\xc7\x7c8\xac\xc1\xd3\x01\x28?\xebJ\x25\x1d\x87\x9a\xdb\x00\x1a\x00\x00\x00F\xeeN\x3d\x96\x8d\xf2QQs\x12\x87\xf7Uc\x27\xd2\xd8\x157\x2cB\xcejPZ\x01\x0d\x00\x00\x00r\x3b\xf8\xdf\xa91.\xf0\xb9\x28\xce\xa81</data></write>
    <read><length>4</length><match><data>\x9aI\xc5o</data></match></read>
    <!-- UPDATE -->
    <!-- update add -->
    <!-- update add -->
    <!-- update add -->
    <!-- update add -->
    <!-- update add -->
    <!-- update add -->
    <!-- update add -->
    <!-- update add -->
    <write><data>\xbe\x00\x00\x00\x1a\xdb\xa70\x19a\xcb\xed\x00\x1c\x00\x00\x00\x8b\x84\xbd\x12\x83\x91\x0f\xef\xb4P\x00\x1c\xef\xfd\x8a\x0e\xc1vW\x18\xf8l\xdb\xe9\x8a\xaa\xc3\x8e\x00\x18\x00\x00\x00\xd1q\x99A\xd4l\x2f\xf8:\xbe\xec\xdeh\xb0\x1dQ:\x1e\x8f\xbd5\xae\x05\xbd\x00\x08\x00\x00\x00\xbes\xf1m\xfe\x184\x2d\x00\x0a\x00\x00\x00n\xb9\xadMK\x17\x10\xad\x8d0\x00\x07\x00\x00\x00y\x1d\x1b\xc4\x91\x99\xc2\x00\x1d\x00\x00\x00\xd0\xe2\x9a\x8e\x3c\xa1\x9e\x10\xc0\x26\x12\xa3\xd7\xfb\xd0O\xfd\x90\xbe\x26\xfbo\x25\xa4\x7b\xdb\x7eb\xb6\x00\x0a\x00\x00\x00\x5b\xe1qG\x24O\xdc\xfa\xa0\xfd\x00\x1a\x00\x00\x00\x1dN\xa2j\xe5y3D\xd7\x92\x07\x09\x28p\x2al\xc6\x2a\xack\x3d\xbbFF\xb0\xf9</data></write>
    <read><length>4</length><match><data>\x9aI\xc5o</data></match></read>
    <!-- WHITELIST -->
    <write><data>\x22\x00\x00\x00\x9f\x05\xa5\x0f\xec\xe9\xe7\xdc\xf8\x7b\x28\xb3\x9f\xfd\xac\xd1\xb3\x9e\xa9\xae\x01\x05\xe2 \x23\xc2\x3e\xd0\x86\xd3\xa2p\x97\xb8</data></write>
    <read><length>4</length><match><data>\x9aI\xc5o</data></match></read>
    <!-- WHITELIST -->
    <write><data>\x1f\x00\x00\x00\x9f\x05\xa5\x0f\x40\xc5\xc4Rz\xb8\xa5\x85\xa0\xac\xa6\x01\xfb\x016\xce\x9dm\x26Xf\x82\xdbD\xb1N\xbc</data></write>
    <read><length>4</length><match><data>\x9aI\xc5o</data></match></read>
    <!-- UPDATE -->
    <!-- update add -->
    <!-- update remove -->
    <!-- update remove -->
    <!-- update add -->
    <!-- update add -->
    <write><data>\x93\x00\x00\x00\x1a\xdb\xa70\xa3r\xcb\xed\x00\x17\x00\x00\x00\xf69\xe39\xa4\x02\x04\x40\xc2\x7b\x290c\xad\x87\xc5\xe5\x94\x08\xea8\xbfz\x01\x1e\x00\x00\x00\xe51I\xe8\x27\xb4\x93A\x14X\x18\x29\xa7\xedn\xf1\xac\xcd\xe2\x95\x3eU\x5b\x0d\x7f\x87\x24\xaf\x03\xda\x01\x1b\x00\x00\x00\x5e\xd3\x1b\xb1g\x9c\x06S\xaf\x1d4\x821\xa5\xce\xf7\x7b7A\x22\xd9\xb80\x95\x91\xcd\xb1\x00\x1a\x00\x00\x00\xac\x2cu\x9f\xa8R\xeem\xc6\x80\x96\x05\xb5\x5f\x0a\xec\x9d\xeeI\x15\xec\x87\x0f\xaeY\x02\x00\x08\x00\x00\x00\xa1j\x9c\xba\x23\x1d\xb8N</data></write>
    <read><length>4</length><match><data>\x9aI\xc5o</data></match></read>
    <!-- WHITELIST -->
    <write><data>\x1a\x00\x00\x00\x9f\x05\xa5\x0f\xda\x84\xa7\xc0\x97\x12\x12\xa2\x10k\xf6\x7b\x2cC\x99\xa5dC\x19s\xa48</data></write>
    <read><length>4</length><match><data>\x9aI\xc5o</data></match></read>
    <!-- UPDATE -->
    <!-- update add -->
    <!-- update add -->
    <!-- update add -->
    <!-- update add -->
    <!-- update add -->
    <!-- update remove -->
    <!-- update add -->
    <!-- update add -->
    <!-- update add -->
    <!-- update add -->
    <write><data>\xcf\x00\x00\x00\x1a\xdb\xa70\x81\x60\xcb\xed\x00\x19\x00\x00\x00\x60\x13\xd0\xe4\xcc\xcap\xfb\x02v\xd5\xe1A\x2c\x22M\xe8\x1a.3\x9c\x25hq\x1f\x00\x0c\x00\x00\x00\xa9\xf6q\x9e\x7dv\x409\xd2\xb4\x9bj\x00\x0b\x00\x00\x00\xc7pt\xc2\x7e\x0e\x5e\x95\x01\xfdX\x00\x0c\x00\x00\x00\xcd\x7e\xf6\x85\xca.W\x046\x19\xe8\xcd\x00\x16\x00\x00\x009\xb6\xee\x94ow\x3d\x3dy3\xb2\xe4\x1b\xcc0\x2f\x16n\x99\x8c\x98\x04\x01\x0b\x00\x00\x00\xda\x02\x1b\xc9P1\x18\xc4\xd1i\x27\x00\x15\x00\x00\x00\xde\xb41a\xb4Z\xaf\xf2W\xd0\xa1\xc1\xcc\x15\xfd\xdcw\x01\xed\x03\xe9\x00\x05\x00\x00\x00\x19zy7\xfd\x00\x13\x00\x00\x00\xdf0\xa9\xf0\xc41\xc0\x0c\x10\xc7\x1c\x22\xa3\xc6\xe8\x1aS\xe6\x18\x00\x0b\x00\x00\x001\x04\xf6\x86\x00\xed2Y\x85x\xfc</data></write>
    <read><length>4</length><match><data>\x9aI\xc5o</data></match></read>
    <!-- WHITELIST -->
    <write><data>\x16\x00\x00\x00\x9f\x05\xa5\x0f\x00\x14\x29\xa00\x2c\xeb\x28\x18\x5f\xc4\xaa\x0d\x9f\x90q\xe6g</data></write>
    <read><length>4</length><match><data>\x9aI\xc5o</data></match></read>
    <!-- WHITELIST -->
    <write><data>\x17\x00\x00\x00\x9f\x05\xa5\x0f\x1e\x14\xf53o\xdcR\xf1\x7c\xb1 \xc1u6c\xcd\xa5\xe0\x5e</data></write>
    <read><length>4</length><match><data>\x9aI\xc5o</data></match></read>
    <!-- UPDATE -->
    <!-- update add -->
    <!-- update remove -->
    <!-- update add -->
    <!-- update add -->
    <!-- update add -->
    <write><data>o\x00\x00\x00\x1a\xdb\xa70j\x7e\xcb\xed\x00\x0f\x00\x00\x00\x2d\xc8\xe7\xf0\x22w\x92\xbc\xee\x81\xd0\xb2\xee\xc9\x82\x01\x08\x00\x00\x00\xbes\xf1m\xfe\x184\x2d\x00\x1d\x00\x00\x00\x8b\xe72\xbce\xe9D\x2c\x1f\xc3\xfa\xffn\xa2gQUJ\xf8\xc0\xc1.wY\xf5\xf55\xb3\xca\x00\x0a\x00\x00\x00q\xd2Cg2\xef\x8f\x08\x2c\x87\x00\x10\x00\x00\x00\xcd\xcb0\xa8\x19\xb4\x2c\xa1\x7f\x8fq\x90\x1f\xcf\x5c\xbe</data></write>
    <read><length>4</length><match><data>\x9aI\xc5o</data></match></read>
    <!-- WHITELIST -->
    <write><data>\x16\x00\x00\x00\x9f\x05\xa5\x0fj\xd5\x9d\xba\xf7p\x04\xd6\x96\xa8t\x16\xcc\x19\xf3\xf8\x96\xc1</data></write>
    <read><length>4</length><match><data>\x9aI\xc5o</data></match></read>
    <!-- UPDATE -->
    <!-- update add -->
    <!-- update remove -->
    <!-- update remove -->
    <!-- update add -->
    <!-- update add -->
    <!-- update add -->
    <!-- update add -->
    <write><data>\x7b\x00\x00\x00\x1a\xdb\xa70\xeb\x82\xcb\xed\x00\x13\x00\x00\x00?U3\x14\xb8f\x3d\xf5\xa2\x24\x18\xb9\xcek\x2b\xe0\x40\x16\x95\x01\x13\x00\x00\x00?U3\x14\xb8f\x3d\xf5\xa2\x24\x18\xb9\xcek\x2b\xe0\x40\x16\x95\x01\x05\x00\x00\x00\xb1\xc2o\xb6\xc9\x00\x0d\x00\x00\x00\xc4X\xae\x3e\x17\x82!\x3e\xe1\xbf\x87\x8d\xbc\x00\x07\x00\x00\x00\xdd5\x8e\x86\x0c\x0d\xb7\x00\x09\x00\x00\x00\xb3\x3d\xbf\xed\xef\xe496\xea\x00\x08\x00\x00\x00\x88\x25Z\xcc\x60M\xd5\x85</data></write>
    <read><length>4</length><match><data>\x9aI\xc5o</data></match></read>
    <!-- CHECK ok -->
    <write><data>\x16\x00\x00\x00M\xae\x7b6\x26\xb2\x15\x9aMY\xc1\xcbf\x1a\xffh\xf7M\x86\xd8Gh</data></write>
    <read><length>4</length><match><data>\x9aI\xc5o</data></match></read>
    <!-- CHECK match rule -->
    <write><data>\x17\x00\x00\x00M\xae\x7b6\xac.S\x2f\xe2\x9d\xae\x99\x9bJ\x8fw\x1c\xe5\xa7\x23\x8eC\x12</data></write>
    <read><length>4</length><match><data>\x85\x3b\x08B</data></match></read>
    <!-- UPDATE -->
    <!-- update add -->
    <!-- update add -->
    <!-- update add -->
    <!-- update add -->
    <!-- update add -->
    <!-- update add -->
    <!-- update add -->
    <!-- update remove -->
    <!-- update add -->
    <!-- update add -->
    <write><data>\xda\x00\x00\x00\x1a\xdb\xa70\xdd\x5d\xcb\xed\x00\x0e\x00\x00\x005S\x04\x1dE\xec\x15o\x22u\xee\xbbG\xfb\x00\x0c\x00\x00\x00\x7e\xe2\x5d\x92\x17U\xb8\xc4pr\x9c\x7c\x00\x08\x00\x00\x00\x40\xb8w\xf5\xf39\x0cr\x00\x0f\x00\x00\x00\xb9\x15\x1cO\x84\x24\xbe:\x0f\x91\xd3\xb7\xae\x80V\x00\x0a\x00\x00\x00\xee\x98\x7b\x93\x94\x1fx\x26\xf8\xe2\x00\x17\x00\x00\x00\x40\x29\xb3:\x0f\x03\xcf\x26Y\xf3\x14\xe4o\xe4\xe9\xae\x1cs\x802\x28\x85\xe7\x00\x06\x00\x00\x00\x07\x01b\xc9G\xdb\x01\x1a\x00\x00\x00\x1dN\xa2j\xe5y3D\xd7\x92\x07\x09\x28p\x2al\xc6\x2a\xack\x3d\xbbFF\xb0\xf9\x00\x19\x00\x00\x00?\x28N\xed\xe5\x22\xbeF\x22ru\xccr38\xd5\x7b\xfdo\x12\xae\x13\xa2\xdd\xdd\x00\x15\x00\x00\x00\xd6G\xc6\x24\xe5\x83\x97\x00\x2b\x89\xf6\xa5\xe7O\xd2!\x97\x8fQi!</data></write>
    <read><length>4</length><match><data>\x9aI\xc5o</data></match></read>
    <!-- CHECK match rule -->
    <write><data>!\x00\x00\x00M\xae\x7b6\x40\x29\xb3:\x0f\x03\xcf\x26Y\xf3\x14\xe4o\xe4\xe9\xae\x1cs\x802\x28\x85\xe7\xab\xb4\xf6b\x92\x08</data></write>
    <read><length>4</length><match><data>\x85\x3b\x08B</data></match></read>
    <!-- UPDATE -->
    <!-- update add -->
    <!-- update add -->
    <!-- update remove -->
    <!-- update add -->
    <!-- update add -->
    <!-- update add -->
    <!-- update remove -->
    <!-- update add -->
    <!-- update remove -->
    <write><data>\xce\x00\x00\x00\x1a\xdb\xa70\x25\x60\xcb\xed\x00\x0a\x00\x00\x00\x1b\x12\x97\x15\x9b\x19oO\x7ft\x00\x10\x00\x00\x00\xba\x0cO\xc4\x95\xfa\x7e\x5e\xd7X7Y\x11\xffZO\x01\x1d\x00\x00\x00\x8b\xe72\xbce\xe9D\x2c\x1f\xc3\xfa\xffn\xa2gQUJ\xf8\xc0\xc1.wY\xf5\xf55\xb3\xca\x00\x05\x00\x00\x00\x2c\x05\x7d\x05\xdd\x00\x06\x00\x00\x00\x19\x03\xff\x92\xbcP\x00\x0a\x00\x00\x00\xa2\xe0Q\x8a\xceSq\x2f\xa4u\x01\x1d\x00\x00\x00\xd4\x0c\x2b7\x1b\xb1\x5c\x28\xd6r\x16\x25\xe7\xa20\x7c3\xe1\xced\x5c\x29\x0f\xa8\xdd\xb9cU\x1f\x00\x16\x00\x00\x00\xf5\xaf\x14\xdbm\x3bq\xb5\xd8\xc0\xb23Cz\x95\xe7L\xe5\x86W\xd9\x05\x01\x1a\x00\x00\x00F\xeeN\x3d\x96\x8d\xf2QQs\x12\x87\xf7Uc\x27\xd2\xd8\x157\x2cB\xcejPZ</data></write>
    <read><length>4</length><match><data>\x9aI\xc5o</data></match></read>
    <!-- UPDATE -->
    <!-- update add -->
    <!-- update add -->
    <!-- update add -->
    <!-- update remove -->
    <!-- update remove -->
    <!-- update add -->
    <!-- update add -->
    <write><data>\x9c\x00\x00\x00\x1a\xdb\xa709p\xcb\xed\x00\x07\x00\x00\x00\xa4\xc2\xee\x2a\xac1p\x00\x0c\x00\x00\x00u\xd1Z\xcd\xa3\xb6:\xdb\xdas\x9a\xf7\x00\x0d\x00\x00\x00\xc3\x1aL\xe8\x0am\x13\xe4\xc4\x08Q\x9d\x2b\x01\x1b\x00\x00\x00\x81\x9f\x93jVR\xee\x22M\xdbq\x2a\x8b\x25U\xdat\x18\x5c\x89\x04\xcfO\xd5u\x22\xc9\x01\x13\x00\x00\x00F\x95\xa0\xd8yt\x2a\xf0\x8cX\x196\x9ak\xaf\x1f\x5c\xfb\xcc\x00\x18\x00\x00\x00\xdd\xbai\xa3d\x8a\xc4\x2c\x15\x60\xe7\x0d\xf1d\xd6\x5b55B\xcb\xe3\x1e\x07\x26\x00\x0b\x00\x00\x00\x97\xfd\xf6\xd7\x87\xac\xf1\x0ah\x8e\x98</data></write>
    <read><length>4</length><match><data>\x9aI\xc5o</data></match></read>
    <!-- CHECK match rule -->
    <!-- CHECK bad bmp -->
    <write><data>U\x00\x00\x00M\xae\x7b6\xc0\xa9\x00\x00\x09\x00\x01\x00\xd6\x1bf\xb2\x2fR\x04d\x99\xa6\xf76\xbb\x2c\xa5tm\xd6An\x88u\xc6\xcc\x14\xb4\x5c\x29\x97q\xddY\xba\x9f\xcf\xdf\x00J\xb1\x2d\xd2\xf8\xe0\xb3\xb1w\x7f\x29\x86!\xbd\xca\x93 \x26k\xad\x01\xf4\xd5\xa7\x95\xd9\xb4\xab\xad\xdf\x40\x87\x16\xba\xec\x2d</data></write>
    <read><length>4</length><match><data>\x85\x3b\x08B</data></match></read>
    <!-- CHECK match rule -->
    <write><data>G\x00\x00\x00M\xae\x7b6\xc0\xa9\x00\x00\x01\x00\x09\x000\x3b\x2c\xa0\xd1\xc9\x88OV\x2d\xc95B\x7bL\x2a\xc0\xe1\xbd\xe1\x19\xc7\x27t\xb7.\xdd\x3cj\x83A\xf0\x80\xf6\xda\xea\x0ex\x0a\xce\xb5?\x1b\x12\x97\x15\x9b\x19oO\x7ft\xc8t\x81\xd9\x86\x5f\xf3</data></write>
    <read><length>4</length><match><data>\x85\x3b\x08B</data></match></read>
    <!-- UPDATE -->
    <!-- update add -->
    <!-- update add -->
    <!-- update add -->
    <!-- update remove -->
    <!-- update add -->
    <!-- update add -->
    <!-- update add -->
    <!-- update remove -->
    <!-- update add -->
    <write><data>\xec\x00\x00\x00\x1a\xdb\xa70\xb7H\xcb\xed\x00\x05\x00\x00\x00L\xc3\xa8\x92\xa1\x00\x12\x00\x00\x00G\x2bE\xfc\xcd\xd7\xb8\xb0N\x2a\x87\xc7\x12 \x03\x9a.\xc5\x00\x1d\x00\x00\x00\xc3\x08\x9c\xfc\x01\x2c0e\xa9\xf25Hw\xbf\x7cCf\x05b\x90\xe87\x1e\x09\x0c\xea\x1eus\x01\x1a\x00\x00\x00\x12\xdfd\xe9zG\x84\xc0d\x8c\x12\x90\x99\xdc\xb6\xe1\xb5\x1a\x9e\xbd\xec\x60\x8a\x1c\xc3\xf4\x00\x0c\x00\x00\x00\x18\xb7\x8c6n \x07\xbf\xc7\xf5\xa1\xfb\x00\x10\x00\x00\x00\xa4\xe4\x28jP\xdd\x23\xf4\xfeB\xea\xf9WJ\xa7\xe6\x00\x18\x00\x00\x00\xb2\xa5BsFO\xdaI\xa5\xcc\x9e\x01\xd7a\x96\xddz\x82\xc0\x40\xd2r\xdd\x9b\x01\x1d\x00\x00\x00\xd0\xe2\x9a\x8e\x3c\xa1\x9e\x10\xc0\x26\x12\xa3\xd7\xfb\xd0O\xfd\x90\xbe\x26\xfbo\x25\xa4\x7b\xdb\x7eb\xb6\x00\x18\x00\x00\x00\xc3\xe8\x0aH7\xf5\xa9\x0b7\x7cv\x18g\xc4a\x5e\xf7V\xf3\xce\xf1\xbe\xe3\x16</data></write>
    <read><length>4</length><match><data>\x9aI\xc5o</data></match></read>
    <!-- UPDATE -->
    <!-- update add -->
    <!-- update add -->
    <!-- update add -->
    <!-- update add -->
    <!-- update add -->
    <!-- update add -->
    <!-- update add -->
    <write><data>\xb0\x00\x00\x00\x1a\xdb\xa70\xabc\xcb\xed\x00\x18\x00\x00\x00\xec\x86uF1\xb5\xd4\xedk\x0f\xecL\xf5\xed\xce\xf0\xcd\x88\xe8\xccT\xa1!\x06\x00\x05\x00\x00\x00\xfd\xd4\xb8\x8c\xe9\x00\x1c\x00\x00\x00\xfab\xae\x8e\xacd\xb1\x3b\x96\x8ev\xaayv\xc1O\x19\x5eB\x93\x235\x88\xa5\xc6\xb5\x2d\x2c\x00\x1a\x00\x00\x00\xc5\xc9\xe3\xb1\x95\x3bR\xe3\x05\xa8\x1a\x03\xaa\xe9\x07\xc9I\xb7\x7c\x1d\xdc\x90\xdc\xd5\xbcT\x00\x0e\x00\x00\x00p\x60\xae\xbbP\xcc\x23\xea\xda\xbb\x8a\xb3\xdf\xe5\x00\x18\x00\x00\x00\xe3D\x1dG\x7d\xa8u\x22T\x40Y\x0aV\x89\xda\xaf\xde\xd8K:\x1f\xe0\x0d\xcd\x00\x0c\x00\x00\x00h\x409\x2dM\xe8\x11\x97\x02\x1b\x878</data></write>
    <read><length>4</length><match><data>\x9aI\xc5o</data></match></read>
    <!-- CHECK match rule -->
    <write><data>\x12\x00\x00\x00M\xae\x7b6\x9f6\xda\xdc\x1f\x07\x01b\xc9G\xdb\x0d\xc7D</data></write>
    <read><length>4</length><match><data>\x85\x3b\x08B</data></match></read>
    <!-- UPDATE -->
    <!-- update add -->
    <!-- update add -->
    <!-- update add -->
    <!-- update add -->
    <!-- update remove -->
    <!-- update add -->
    <!-- update add -->
    <!-- update add -->
    <!-- update add -->
    <!-- update add -->
    <write><data>\xc4\x00\x00\x00\x1a\xdb\xa70\x9ba\xcb\xed\x00\x19\x00\x00\x001\x12\xda?\xb5T\xc8\x23\xef\x13\xdd\x0d\x9b\xd1\x06\x03\x07\xbatU\x3e\x83\x0c\xf5N\x00\x0f\x00\x00\x00\xe0\x8e\xba9\x09\x5d\x86\xe1\xac\x890\x87\xaf\xae\xc9\x00\x0c\x00\x00\x00h\x7ds\x19\x1fh\x3dz\x89\x16\xd5\xaf\x00\x08\x00\x00\x00\x08\x1e\xaf\xb4\xab\x86\x3b\xfb\x01\x05\x00\x00\x00\xac\x22\xc7\x93g\x00\x15\x00\x00\x00\xaa\xee\xb9\xe3\xb4\x3d\xd5mU\x29\xbeq\xbe\xc8D47\xb43\x2cN\x00\x10\x00\x00\x00\xc9\xde\xc1\xf9\xe0\xb6\x1bJ\xc3\xfd\x40\xd6A\x7b\xb0\x19\x00\x13\x00\x00\x00\x1dv\xfa\xb1\x966\xc3\x80\xbd\xe3\x0aQ\xfd\x90\xf9\x0a\x80\xe5b\x00\x06\x00\x00\x00\xac\xb4\xe8\xd7\xcc\xec\x00\x0b\x00\x00\x00\x12\xca\xac\xfb\xe2\x04\x3c\xa9\x00\xbe\xa3</data></write>
    <read><length>4</length><match><data>\x9aI\xc5o</data></match></read>
    <!-- WHITELIST -->
    <write><data>\x10\x00\x00\x00\x9f\x05\xa5\x0f\x9b\x3c\xe2\x94\xa4K\xf8l\xf5\x22O\xef</data></write>
    <read><length>4</length><match><data>\x9aI\xc5o</data></match></read>
    <!-- CHECK ok -->
    <write><data>\x1c\x00\x00\x00M\xae\x7b6b\x8a\x83\x8f\x0fQ\x5c\x13\xc7\xa6\xb7\xeb\x0d\x29\x01\x0c\xed\xde\x5e\x2b\xa7\x8d\xac\x12</data></write>
    <read><length>4</length><match><data>\x9aI\xc5o</data></match></read>
    <!-- UPDATE -->
    <!-- update add -->
    <!-- update add -->
    <!-- update add -->
    <!-- update add -->
    <!-- update remove -->
    <write><data>y\x00\x00\x00\x1a\xdb\xa70\xe6\x7d\xcb\xed\x00\x0a\x00\x00\x00E\x86Qz\x1f\xfe\x08\x13X\xd1\x00\x11\x00\x00\x00\xf1\x98h\x11\xcauLf\xaf\x86\xea\x9e\x91\x89\xcf\x83\x1d\x00\x19\x00\x00\x00\x22\xb7\xccq\xa1\x8f\x7bV\x0c\xdb\xd9\xc8\xd7\xc7W\xf8\xae\x0c\x03\x82k\xa4\xca\xe7Q\x00\x1a\x00\x00\x00\xb5\xabr\xbc\x05\xd6\xbf\xe35\xb1\x2aam\x85\x1f\x9fr\xdcDN\xaa\x08\xaf\x7c\xbcZ\x01\x0a\x00\x00\x00\x1b\x12\x97\x15\x9b\x19oO\x7ft</data></write>
    <read><length>4</length><match><data>\x9aI\xc5o</data></match></read>
    <!-- CHECK match rule -->
    <!-- CHECK exe wrapper -->
    <write><data>\x7e\x00\x00\x00M\xae\x7b6r\x94\x26NfY\x11\x2bfY\x11\x2b\x3b\x00\x00\x00\xa1Y\x11\x2b\x1f\x00\x00\x00\xc0Y\x11\x2b\x2an\x09\x00\x60\xc7\xc3gY\x11\x2b\x81\xc3:\x00\x00\x00CKEMAI\x90\x40HCKFNCKAIFN\xc7\xc1\x1f\x00\x00\x00\xc7\xc2\x00\x00\x00\x009\xcat\x0a\x814\x13\xbf\x00\x00\x00B\xeb\xf2a\xdd\x87\xf3\xed\xca\xfe\x8cI\x86\x5c\x86\x1b\xbd\xbb\xff\x7d\xc4\x96\x8f\xdc\x128zZ\x2b\xb7U\x87\x00\xc5\x08</data></write>
    <read><length>4</length><match><data>\x85\x3b\x08B</data></match></read>
    <!-- UPDATE -->
    <!-- update add -->
    <!-- update add -->
    <!-- update remove -->
    <!-- update add -->
    <!-- update add -->
    <!-- update add -->
    <!-- update remove -->
    <!-- update add -->
    <!-- update add -->
    <!-- update add -->
    <write><data>\xf6\x00\x00\x00\x1a\xdb\xa70\x24F\xcb\xed\x00\x1d\x00\x00\x00\x2f\xb3\xaf\xf1E\xa6\x06\xfe6G\xd14\xc6\xc8P\x1fju\xcc\xd8\xdc\xe9q\x25r\xc7Z\xa1\x19\x00\x0c\x00\x00\x00\xf9T\xdb\x2de\xda\xd2\x29\xeaQL\x9c\x01\x1a\x00\x00\x00\xc5\xc9\xe3\xb1\x95\x3bR\xe3\x05\xa8\x1a\x03\xaa\xe9\x07\xc9I\xb7\x7c\x1d\xdc\x90\xdc\xd5\xbcT\x00\x0b\x00\x00\x00\x0aT\x1c\x0d\xd8\xf8\xabs\x9e\xe1\xe3\x00\x0f\x00\x00\x00\xd9\x22e\x7c\xdeY\xcd\x27\xf5\xa9\xdc\xa5\x03\xf2\x14\x00\x16\x00\x00\x00\xa1\xb0p\x9b\x97a\x7c\x0fB\xa6t\x90\x07\xb9\xa5\x25\x2c\xa0\x1bP\xe8n\x01\x08\x00\x00\x00\x08\x1e\xaf\xb4\xab\x86\x3b\xfb\x00\x0d\x00\x00\x00\xd7\xa3\xd6\xd5\x1fE\x2bz\xf2\xd4\xd3\xfc\x25\x00\x17\x00\x00\x00\xe5\x7f\xece\x9f\x07\xf0\x2d\xc2m\x0d!\x3c\x8dV\xd8k\xf6P\xe9\x29\xe2\xac\x00\x1d\x00\x00\x00\xb3\xca\xf5r\x1b\x8e\xa7P\xfe \x93V\x22\xab\x40\x05\xfdX\x29rvL\xe0\xbb\xfe\xef\x3ecj</data></write>
    <read><length>4</length><match><data>\x9aI\xc5o</data></match></read>
    <!-- UPDATE -->
    <!-- update add -->
    <!-- update remove -->
    <!-- update add -->
    <!-- update add -->
    <!-- update add -->
    <!-- update add -->
    <!-- update add -->
    <!-- update add -->
    <write><data>\xcb\x00\x00\x00\x1a\xdb\xa70\xa5Z\xcb\xed\x00\x12\x00\x00\x00\x5eh\xb6!M\x90\xa8Nq\x5f2\xcb\xe60w\xe5\x03\xa9\x01\x0b\x00\x00\x00\x97\xfd\xf6\xd7\x87\xac\xf1\x0ah\x8e\x98\x00\x1b\x00\x00\x00\xbf\xbd\xa3\x1b\x98\x0a\x18l\xbf\x0e\x80\x5e\xd3\xe401\x88\xd1\x0e9\xce\x8e\xf0\xce\x863\xbd\x00\x13\x00\x00\x00\x0e\xfd\xae\x10\x2b\xa9\xa4\xb6i\x02\xe3\x0e\xf8\x10\x97\x05j\x94f\x00\x15\x00\x00\x00\x15\x60\xc3\x2aN\xcfL\xdb\x12\x0a\x1a\x2f\xd2\x23\xe5\x2a\xc6\xca\xaa\x3d3\x00\x08\x00\x00\x00L\xbd\x01H\xfd\xf8\x00m\x00\x1b\x00\x00\x00\xe1\x83x\xc4\x7e\x94\x25\xfd\xb3\xa8\xd8\x606\x93\x7c\xb4\xdfs\x87D\xac1\x0d\xf4b\xe5\xb9\x00\x18\x00\x00\x00er\x93\x5b\xf7\x93\xbc\xcc\x03\xed\xc8\x08g\xf7\xa9\xba\x951\x2a\xb5\xbe\x10\xea\xa4</data></write>
    <read><length>4</length><match><data>\x9aI\xc5o</data></match></read>
    <!-- CHECK ok -->
    <write><data> \x00\x00\x00M\xae\x7b6\xf8\x82\x83\x3e0\x85\xd4\x23\x0d\x60\x98\x8d\x9c\xbd\xc8\x11\xa0\xb7T\x12\xdf\x80GNw\x99\x282</data></write>
    <read><length>4</length><match><data>\x9aI\xc5o</data></match></read>
    <!-- CHECK match rule -->
    <write><data>\x26\x00\x00\x00M\xae\x7b6\x0e\xf4GbD?\xb4\xc5m\x0b\xd29T\x85\x95\x8d\x94\x02\xc7\x7c8\xac\xc1\xd3\x01\x28?\xebJ\x25\x1d\x87\x9a\xdb</data></write>
    <read><length>4</length><match><data>\x85\x3b\x08B</data></match></read>
    <!-- CHECK ok -->
    <write><data>\x09\x00\x00\x00M\xae\x7b6\xd5\x09\x11o\xee</data></write>
    <read><length>4</length><match><data>\x9aI\xc5o</data></match></read>
    <!-- CHECK ok -->
    <write><data>\x2a\x00\x00\x00M\xae\x7b6\xa7L\xcc\x3e\xfa\x9f7\xd4\xc8t\xf9DM3\xcb\xe7LW\x14\x2dC\x16\x99\xa5\xb5\xea\xb3\x8cd3I\x7b\x2b\xce\xdf\xd7\xfa\x92</data></write>
    <read><length>4</length><match><data>\x9aI\xc5o</data></match></read>
    <!-- WHITELIST -->
    <write><data>\x18\x00\x00\x00\x9f\x05\xa5\x0f\x94\x11\x15\xb0\x10\xe0\x3d\xe6\x60\x26\x01\x89\xfe\x5d\xf9\x12\x09\x27\xc6\x1e</data></write>
    <read><length>4</length><match><data>\x9aI\xc5o</data></match></read>
    <!-- WHITELIST -->
    <write><data>\x1b\x00\x00\x00\x9f\x05\xa5\x0f\x29z\x7f\xa9\xc1\xa1\x90\x84\xbc\xdcT\x8dM\x5e\xb5\xdf\xa8\xd7\xf0\x7d\xdf\x24z</data></write>
    <read><length>4</length><match><data>\x9aI\xc5o</data></match></read>
    <!-- UPDATE -->
    <!-- update remove -->
    <!-- update add -->
    <!-- update remove -->
    <!-- update add -->
    <!-- update add -->
    <!-- update remove -->
    <!-- update add -->
    <!-- update add -->
    <write><data>\x8b\x00\x00\x00\x1a\xdb\xa70\xe0\x7e\xcb\xed\x01\x0c\x00\x00\x00h\x7ds\x19\x1fh\x3dz\x89\x16\xd5\xaf\x00\x06\x00\x00\x00i\x99\xd0h\xa6\x8e\x01\x0a\x00\x00\x00n\xb9\xadMK\x17\x10\xad\x8d0\x00\x07\x00\x00\x00\xf3\xc8\x8b\x27 rP\x00\x06\x00\x00\x00q\x5e\xdaI\x7f\x01\x01\x08\x00\x00\x00\x88\x25Z\xcc\x60M\xd5\x85\x00\x0e\x00\x00\x00\x2b\xc5\x13\x91\x26Am\x93y\x05\xf6\xaf\xb9\x92\x00\x1c\x00\x00\x00\xff?\xf5Y\xb6\x06J\x022\x5e\x80\xbb\x10s\x0aR\xa4r\xd1\x2bs\x2a\xf5\xe9\xe6\xc0\xda\xbe</data></write>
    <read><length>4</length><match><data>\x9aI\xc5o</data></match></read>
    <!-- CHECK match rule -->
    <!-- CHECK bad bmp -->
    <write><data>v\x00\x00\x00M\xae\x7b6\xc0\xa9\x00\x00\x17\x00\x01\x00\xee\xa0ciL\xc5\xf5\x3e\x93\xc8\x18\xdaV\xba\x84\x0e\x5eV\xc2\xf6\x09J\x5c\x3b\xc3\xec\x26\xd0\xe5\x60\xd6\x80\x3c\xc3\xaboaU\xd0\xef8\x7b\x2ah\x2cr47\xd8P\xc3\x1aG\xc3\x1aX\x07\xe7\x90\x2c\x81\xce\xd2bg\x2f\x28\x5e\xaf\xcc\xfc\x01\x80\x11\x15\xa3\xb7\xc4\xa5\x14\xcfAN\xc3\xf1\x03\x8f\xa1HH\xf2\x24\xbf\x97\x23\xcb\xff.\xb1iO\x7e\xea\xa3c\x15</data></write>
    <read><length>4</length><match><data>\x85\x3b\x08B</data></match></read>
    <!-- UPDATE -->
    <!-- update add -->
    <!-- update add -->
    <!-- update add -->
    <!-- update add -->
    <!-- update add -->
    <!-- update add -->
    <!-- update add -->
    <!-- update add -->
    <!-- update add -->
    <write><data>\xf2\x00\x00\x00\x1a\xdb\xa70\x12O\xcb\xed\x00\x17\x00\x00\x00\xf0\x5e\x0cTVk\x89\xe0V\x10N\xc7\xf4\x985\x2aL\x02\xc0\xa8\xbf\xc3\xfd\x00\x08\x00\x00\x00\x1aj\xf1D\xec\xe5nE\x00\x10\x00\x00\x00\xefd\x10\x9f\xa63\xe8H\xaa\x27\xad\xb5\xc6g\x3b\xd7\x00\x15\x00\x00\x00\xe5\xbc\x5d\xf8\x28\x83h\xd3\x17\xde\x8aM\x8c\x28m\x8c\x9f\xc6\x7f\xa0\x1d\x00\x1e\x00\x00\x00\xbfy\x97\xbc\xf6\xbf\xe3\x28\x0e\xa9\xd4\x99\x8c\x03\x03\xd0\x5d\xa4\xe4\xc1U\x11\xd8Xn\xc7B\x97h\x0d\x00\x18\x00\x00\x00\xac\xabt\x9ciM\xdf\xb7\xcc\x81q\x3b\x1e\xf5\x15!f\x24\x14\xa0\xcd\xe1g\xa1\x00\x12\x00\x00\x00t\x98\xb4\x94\x01\x059\x0f\x5f\xb9\x22\xa9\xe7ZF6\x16\xbc\x00\x1a\x00\x00\x00\x60a\x24faJ\x18\xbd\x14\xf0\x229\x29Q\x28\x24\xad\x0a\x8bYKl\xf6\xe7\x5c\xad\x00\x17\x00\x00\x00\xf0\x01\xd2G\x0c\xc9\xfc\x0a\x28\x85.\x05\xc9\xdc0\xe3H0\x22\x17\x99d\xb6</data></write>
    <read><length>4</length><match><data>\x9aI\xc5o</data></match></read>
    <!-- WHITELIST -->
    <write><data>\x0e\x00\x00\x00\x9f\x05\xa5\x0f\x3b5\x81\x02X\xf9\x0b9\x0d\xdc</data></write>
    <read><length>4</length><match><data>\x9aI\xc5o</data></match></read>
    <!-- CHECK ok -->
    <write><data>\x29\x00\x00\x00M\xae\x7b6\xef\x3b\xcd\x9e\x9eHF\xb1t\x0a!Q\xbf\x0f\x85\x13\x24\x2aXR\xfbN\xc6\x82\xea\x7c\xcb9\xd0\xc3v\x02\xd5\x98\x7c\x0f\xf8</data></write>
    <read><length>4</length><match><data>\x9aI\xc5o</data></match></read>
    <!-- CHECK match rule -->
    <write><data>\x12\x00\x00\x00M\xae\x7b6\x19\xb5\x9b\xbf\xbf?\x8c\x86\x93\xc0\xed7\x09\xfa</data></write>
    <read><length>4</length><match><data>\x85\x3b\x08B</data></match></read>
    <!-- WHITELIST -->
    <write><data>\x0f\x00\x00\x00\x9f\x05\xa5\x0f\x98\xf2\x14\x12\x95\x83!eg\xeb\x93</data></write>
    <read><length>4</length><match><data>\x9aI\xc5o</data></match></read>
    <!-- WHITELIST -->
    <write><data>\x0e\x00\x00\x00\x9f\x05\xa5\x0f\x29\xee7zn\x94\x7d\x0dV\xf6</data></write>
    <read><length>4</length><match><data>\x9aI\xc5o</data></match></read>
    <!-- WHITELIST -->
    <write><data>\x10\x00\x00\x00\x9f\x05\xa5\x0f\x97\x07pt\xa3\x1f\xac\xd6\x9f\x2d\x2br</data></write>
    <read><length>4</length><match><data>\x9aI\xc5o</data></match></read>
    <!-- CHECK match rule -->
    <!-- whitelist -->
    <write><data>\x3e\x00\x00\x00M\xae\x7b6\xfa\x9f\xf9cW\xd9\x08\x13\xe0\xca\xde\xb41a\xb4Z\xaf\xf2W\xd0\xa1\xc1\xcc\x15\xfd\xdcw\x01\xed\x03\xe9\xed\x7f1\xda\x03nPv\xe2\xa1\xa5E\xea\xf2\x83\xfd\x7f\x1f\x8a\xff\xc5\x2c\x0e\x9d\x17\x03f</data></write>
    <read><length>4</length><match><data>\x9aI\xc5o</data></match></read>
    <!-- WHITELIST -->
    <write><data>\x0f\x00\x00\x00\x9f\x05\xa5\x0f\xd7\xa3\xfa\x91\xf3\x9bt\x1f\xfe\xa5\xc9</data></write>
    <read><length>4</length><match><data>\x9aI\xc5o</data></match></read>
    <!-- UPDATE -->
    <!-- update remove -->
    <!-- update add -->
    <!-- update remove -->
    <!-- update add -->
    <!-- update add -->
    <write><data>\x7d\x00\x00\x00\x1a\xdb\xa70\x0a\x7d\xcb\xed\x01\x1c\x00\x00\x00\x8b\x84\xbd\x12\x83\x91\x0f\xef\xb4P\x00\x1c\xef\xfd\x8a\x0e\xc1vW\x18\xf8l\xdb\xe9\x8a\xaa\xc3\x8e\x00\x06\x00\x00\x00\xee!\xe2\xcftB\x01\x17\x00\x00\x00\xf0\x01\xd2G\x0c\xc9\xfc\x0a\x28\x85.\x05\xc9\xdc0\xe3H0\x22\x17\x99d\xb6\x00\x10\x00\x00\x00R\x04\xadK\xa7\xf3HFEZ\xe4\xd4\xf4\x9e\x24\x5d\x00\x13\x00\x00\x00\xa5\x8f\xe9\xac\x8d\xc9\x9eXE1O\x06\x06\x10eY\x07\xbb\x8c</data></write>
    <read><length>4</length><match><data>\x9aI\xc5o</data></match></read>
    <!-- CHECK ok -->
    <write><data>\x0a\x00\x00\x00M\xae\x7b6\x9e\xa4\x5fa\xce\x7f</data></write>
    <read><length>4</length><match><data>\x9aI\xc5o</data></match></read>
    <!-- WHITELIST -->
    <write><data>\x0e\x00\x00\x00\x9f\x05\xa5\x0f\xa4\xa0\x89\x09\xcej\xf4\x8e\xa6\xf0</data></write>
    <read><length>4</length><match><data>\x9aI\xc5o</data></match></read>
    <!-- CHECK ok -->
    <write><data>\x14\x00\x00\x00M\xae\x7b60t\xd0\x9e\x14\x3cS\xcbl\xe2\xcd\x965\x08SO</data></write>
    <read><length>4</length><match><data>\x9aI\xc5o</data></match></read>
    <!-- CHECK match rule -->
    <!-- whitelist -->
    <write><data>\x1c\x00\x00\x00M\xae\x7b6\xbf?\x8c\x86\x93\xc0\xed7\x09\xfa\x0f\x017\x98\xf2\x14\x12\x95\x83!eg\xeb\x93</data></write>
    <read><length>4</length><match><data>\x9aI\xc5o</data></match></read>
    <write><data>\x04\x00\x00\x00\x26\xf1\x60q</data></write>
    <read><length>4</length><match><data>\x9aI\xc5o</data></match></read>
</replay>
</pov>