<?xml version="1.0" standalone="no" ?>
<!DOCTYPE pov SYSTEM "/usr/share/cgc-docs/replay.dtd">
<pov>
<cbid>service</cbid>
<seed>a5a16de0cd62f6c61f530d3c6a501edc82bebc3f57600decfcf4ae4dda7db38a860b569a9ff0842f793e29f8cd32e40a</seed>
<replay>
    <!-- CHECK match rule -->
    <write><data>\x93\x00\x00\x00M\xae\x7b6q\x2d\x0f\xe0\x04\x18\x0d\xf8\x7e\x93\x2c\xae\x12s8\x3b\xa5\x22\x0b\x8f\x3c\xba\x00\x2f\x3e\x9e\x96g\x2a\x07\xe6\x40\xe1\xb6WZ\xb8\x7b\x94\x8c2\xd5\x3cM\xd6\x97\x2a\x2d\xe1\x24.\xa2\x8f\xd5\xf5\x60\x01\x98\xf2\x8b\x17\xba\xe6\xda\xe7\xb4\x06\x8f\x9e\xc4\xc9\x24\x5d\xee\xff\x7b\xb2\x1d\xc4\xb2xV\x0c\xfb\xe5\x96\x99\xa8\xc9\x85\xe1\xc9\x98\x7f\x15\x9c\xdf\x98\xc4\xd9\x5d\xd1\x08\xcda\xb89f\xdc\xef\x88\xe0\x8f\x0a\xd2C\x8b\xd1\xbeBD\x1a5\xaa\xddTN\xf9\x16\x26\x7b\xcd\x01\x94\x04\x3b\x96j\xeb\x9b\x15\x93\xfe</data></write>
    <read><length>4</length><match><data>\x85\x3b\x08B</data></match></read>
    <!-- WHITELIST -->
    <write><data>\x1f\x00\x00\x00\x9f\x05\xa5\x0f8mc\xeb\x1b\xd0\x5e\xac\x99\xdb\xd7\x3bv\xaa\xea\x08\xea\xe3\x1e\xde\x10\xb1\x95\xd8\x8cG\xbd</data></write>
    <read><length>4</length><match><data>\x9aI\xc5o</data></match></read>
    <!-- UPDATE -->
    <!-- update add -->
    <!-- update add -->
    <!-- update add -->
    <!-- update add -->
    <!-- update add -->
    <!-- update add -->
    <!-- update add -->
    <!-- update add -->
    <!-- update remove -->
    <write><data>\x01\x01\x00\x00\x1a\xdb\xa70\xb5I\xcb\xed\x00\x0e\x00\x00\x00Z\xe9r\xe2e237\xea\xaen\xa8\x0d\xad\x00\x17\x00\x00\x00ME\xed\xb7D\x97\xb4\x97\xd8\x5c\xcb\x3b\x22\x948\xcaO\x88\x27\xf0\x9eh\xdf\x00\x1e\x00\x00\x00\x5b\xb5\xf9\x8c7g\x8bh\xa0\x5d\x23\x8d\x27\xcdcv\x0e\x11Q\x02\x03U\xd9\xc9lH\x29\x1f\xb1e\x00\x14\x00\x00\x009\x0e\x99\x00\x87\xa2!D\xd6\x8f\x14\xa2\xabs0\x9e\x91\xf0\xc0\x23\x00\x17\x00\x00\x00\x2d\x5d\x96\x96\xeb\x9e\xae\xbf\xafk\x04\xe3\x10VVmRwa\xd6\x28\x3c\x17\x00\x0a\x00\x00\x00 U\x2a\xaac\x2b\x7fA\xf4\xc0\x00\x1e\x00\x00\x00BG\xe4\x06\x83\xbf\x1c\xdc\xa7\xf2A\xe4\x94R\x04o\x9f\x3c98\xc1R\x0b9\xeeB\x136\xd6\x5e\x00\x18\x00\x00\x00\xbeu\x95\x8c\xf6\x7b\xf6I\x0a\xddR\xa6\x3e\xd7O\x8e\xa8F\xcd\xde\xb2\xe4\xafw\x01\x1e\x00\x00\x00BG\xe4\x06\x83\xbf\x1c\xdc\xa7\xf2A\xe4\x94R\x04o\x9f\x3c98\xc1R\x0b9\xeeB\x136\xd6\x5e</data></write>
    <read><length>4</length><match><data>\x9aI\xc5o</data></match></read>
    <!-- WHITELIST -->
    <write><data>\x11\x00\x00\x00\x9f\x05\xa5\x0f\x8dtQA\x23\x91\xc0a\x7dd\x7bUb</data></write>
    <read><length>4</length><match><data>\x9aI\xc5o</data></match></read>
    <!-- CHECK ok -->
    <write><data>t\x00\x00\x00M\xae\x7b6\xc0\xa9\x00\x00\x18\x00\x01\x00\x25\xc3\x5bCo\xed\xeaw\xd0\xa0\x24\x0b\xcf\xdd\x84\xfd\x1c2\x95\xcd\x0a\x17\xd6:\xe9\x162\x80\xf1\xdcvD\xf2\x9fJic\x7d\xd4\x1c\x5b\xa6\xefX\x60\xcc\x0aU5d\x0fKdXU\xacz\xc0\xf2\x8f\xec\xce:\x5f\x84\xaa\x5b\xfa\x98 \x9eK\x99\x9f\xe5\x25\x1b\xb8\xc8\xedn\xee\xedk\x24\xad\xd0Qf\xd4\x071\xd3\x27z\x7e\xf5\xe5S\xf8\xeb\x3b\x12\x89</data></write>
    <read><length>4</length><match><data>\x9aI\xc5o</data></match></read>
    <!-- WHITELIST -->
    <write><data>\x1f\x00\x00\x00\x9f\x05\xa5\x0fA\x5e8\x0f\x81\xb9\xa1\xff\xe2cp\x14g\xec\xba\xa0x\x2d\x2ceP\x10\x03\x25q\x0f\x2f</data></write>
    <read><length>4</length><match><data>\x9aI\xc5o</data></match></read>
    <!-- UPDATE -->
    <!-- update add -->
    <!-- update add -->
    <!-- update add -->
    <!-- update add -->
    <!-- update remove -->
    <!-- update add -->
    <!-- update add -->
    <write><data>\xa2\x00\x00\x00\x1a\xdb\xa70\x19m\xcb\xed\x00\x06\x00\x00\x00\xfco\xc5\x28tY\x00\x0d\x00\x00\x00\xd1\xbd\x7d\xa7\xf0\xc1\x85o\xc5\x88\xe5\x92\x5b\x00\x07\x00\x00\x00\x27\x1fSu\xded\xa8\x00\x14\x00\x00\x00\xc6\xad\xb6\x0bh\x00\xf6\xd9\xd1\xab\xa5\x0b\x9a\x91w\x0be\xc4\xcb\x3b\x01\x14\x00\x00\x009\x0e\x99\x00\x87\xa2!D\xd6\x8f\x14\xa2\xabs0\x9e\x91\xf0\xc0\x23\x00\x1d\x00\x00\x00\x3e\xfc\xd9p\x5e\x19\xe4\x8c\x2f\xd6\xf8Xv\x9f\xb5\x1ex\xa3\x274d\x93\xc4\x86\x06\xfc\x8e\x40\x2f\x00\x18\x00\x00\x00\x2d0\xea\x9e1Y?\xe7B\xd8\xfe\x98\x1b\x89\x22g\xa7\x3c\x99\x9cB\x8bq\xf3</data></write>
    <read><length>4</length><match><data>\x9aI\xc5o</data></match></read>
    <!-- UPDATE -->
    <!-- update add -->
    <!-- update add -->
    <!-- update remove -->
    <!-- update add -->
    <!-- update add -->
    <write><data>\x8f\x00\x00\x00\x1a\xdb\xa70\xb5t\xcb\xed\x00\x0c\x00\x00\x00\xaf\x2aeP\xfa\x5d\xaf\x7d\x04\xc7\x29\xa4\x00\x12\x00\x00\x00\x8ey\xbdD9\x05\xeb\x05m\xda\xaa\xa6\xe3o\x24\xc5\x3e\xd4\x01\x17\x00\x00\x00\x2d\x5d\x96\x96\xeb\x9e\xae\xbf\xafk\x04\xe3\x10VVmRwa\xd6\x28\x3c\x17\x00\x1b\x00\x00\x00\xa3\xc5\xb7\x01\x23\x25\xe7\x2d\xd9\x5b\x9e\xb7\x5d\x5e\xb8\xffP\x98\xbc\xa0\x0a\x19\x27\xaaf\x60\xea\x00\x1e\x00\x00\x00\x22\x5cn\xf1.dg\x5f\xca\xcf\x1ak\x0e\x0f\xd9\x24?\xbbo\xe2T\xca\x85\x1e\x3c\x8a\xe6\xe0\x2b\xc1</data></write>
    <read><length>4</length><match><data>\x9aI\xc5o</data></match></read>
    <!-- WHITELIST -->
    <write><data>\x18\x00\x00\x00\x9f\x05\xa5\x0f\xe7\x10w\x90\xa4n\xc9ZX\x3d\xb5\x8b\xde\xd7m\x5f\xcb\x96\xf3\xaf</data></write>
    <read><length>4</length><match><data>\x9aI\xc5o</data></match></read>
    <!-- CHECK match rule -->
    <!-- CHECK exe wrapper -->
    <write><data>5\x01\x00\x00M\xae\x7b6r\x94\x26Ni\x87\xf5\x27i\x87\xf5\x27\xfb\x00\x00\x00d\x88\xf5\x27\x16\x00\x00\x00z\x88\xf5\x27\x89\x86\x05\x00\x60\xe8\x00\x00\x00\x00Z\x81\xc2\xf5\x00\x00\x00CK\x81\xb2\x00\x00\x00\x00\xa4\x00\x00\x00\x81\xb2\x01\x00\x00\x00\xa4\x00\x00\x00\x81\xb2\x02\x00\x00\x00\xa4\x00\x00\x00\x81\xb2\x03\x00\x00\x00\xa4\x00\x00\x00\x81\xb2\x04\x00\x00\x00\xa4\x00\x00\x00\x81\xb2\x05\x00\x00\x00\xa4\x00\x00\x00\x81\xb2\x06\x00\x00\x00\xa4\x00\x00\x00\x81\xb2\x07\x00\x00\x00\xa4\x00\x00\x00\x81\xb2\x08\x00\x00\x00\xa4\x00\x00\x00\x81\xb2\x09\x00\x00\x00\xa4\x00\x00\x00\x81\xb2\x0a\x00\x00\x00\xa4\x00\x00\x00\x81\xb2\x0b\x00\x00\x00\xa4\x00\x00\x00\x81\xb2\x0c\x00\x00\x00\xa4\x00\x00\x00\x81\xb2\x0d\x00\x00\x00\xa4\x00\x00\x00\x81\xb2\x0e\x00\x00\x00\xa4\x00\x00\x00\x81\xb2\x0f\x00\x00\x00\xa4\x00\x00\x00\x81\xb2\x10\x00\x00\x00\xa4\x00\x00\x00\x81\xb2\x11\x00\x00\x00\xa4\x00\x00\x00\x81\xb2\x12\x00\x00\x00\xa4\x00\x00\x00\x81\xb2\x13\x00\x00\x00\xa4\x00\x00\x00\x81\xb2\x14\x00\x00\x00\xa4\x00\x00\x00\x81\xb2\x15\x00\x00\x00\xa4\x00\x00\x00DLAIDLDL\x90FNAIGOa\x94\x8e\xba\x8c\x27\x12\x2c\x90\xbc\x84\xf1\x8e\x0e\xc7\x8f\xdb\xe5Pd\x08\xaej</data></write>
    <read><length>4</length><match><data>\x85\x3b\x08B</data></match></read>
    <!-- WHITELIST -->
    <write><data>\x10\x00\x00\x00\x9f\x05\xa5\x0f\x3d\xf6\xfe\x7d\x94\x86\xc0\x85i\x94\xe9\x9a</data></write>
    <read><length>4</length><match><data>\x9aI\xc5o</data></match></read>
    <!-- WHITELIST -->
    <write><data>\x19\x00\x00\x00\x9f\x05\xa5\x0fs\xe8\x5e\x82Y\x03\xa4SJV\xef\x80\x97\xac\xb9O\x0c\xd3\xdfrI</data></write>
    <read><length>4</length><match><data>\x9aI\xc5o</data></match></read>
    <!-- UPDATE -->
    <!-- update add -->
    <!-- update add -->
    <!-- update add -->
    <!-- update add -->
    <!-- update add -->
    <!-- update add -->
    <!-- update remove -->
    <!-- update add -->
    <write><data>\xba\x00\x00\x00\x1a\xdb\xa70\x2ag\xcb\xed\x00\x18\x00\x00\x00\x82\x99w\xb3\xe4\x9c\x03\x186\xf3\x1fG\xecm\x3dU!c\xa5\xb1\xb7\x1f1O\x00\x0c\x00\x00\x00\x16\xcc\xd6\xa7K\x94O\xcd!\xe2\x09\x81\x00\x1d\x00\x00\x00\xb1\xc7\x1e\x7eH\x5fhp\xd3\xc4\xd3L\x98\x5d\x96\xfa\x8cs6\x7e\xf3\x26ul\xa2\x29\x9b\x0dX\x00\x08\x00\x00\x00Q\xb5\xe2\x0c\x7f\x5d\xad\xd9\x00\x11\x00\x00\x00\x7c\x01r\xc3B\x0c\x0b\xf6\xaau3\x04K\xf0\xb3\x86p\x00\x17\x00\x00\x00\xa8\x40g9\x0c\x822\xd4W\xff\x0e\xa4\x7f\x922\xbd\x8dS\xa7H\x08\x24\x1f\x01\x07\x00\x00\x00\x27\x1fSu\xded\xa8\x00\x12\x00\x00\x00\xb3\xa3\xd4\xff\xcd\x82\xd7\x7d\x2fN\xe9\x9f\x0c\xcc\xd4A\xc6\xd1</data></write>
    <read><length>4</length><match><data>\x9aI\xc5o</data></match></read>
    <!-- UPDATE -->
    <!-- update add -->
    <!-- update add -->
    <!-- update add -->
    <!-- update remove -->
    <!-- update add -->
    <!-- update add -->
    <!-- update add -->
    <write><data>\xbd\x00\x00\x00\x1a\xdb\xa70\x98\x5e\xcb\xed\x00\x16\x00\x00\x00\x05\xa3Z\x98\x5b\xbb\xd1y\xe62\xcfn\xfeW\xda\x1d\xa2sD\xfa\x0b\x04\x00\x0e\x00\x00\x00\x1c\x5cG3\xbd\x83\xd9\xaa\x0c\xa0\x0f\x87\x5c\xed\x00\x18\x00\x00\x00\xf9\xd7r\xb2\x13\xe9b\x5d:o\x8f\x5deP\xfe\xa1\x18\x80\xaa\xc4\x3b\xb5\x97\xa7\x01\x16\x00\x00\x00\x05\xa3Z\x98\x5b\xbb\xd1y\xe62\xcfn\xfeW\xda\x1d\xa2sD\xfa\x0b\x04\x00\x15\x00\x00\x00i\xec\xd8\x03\xfa\xa2\xf2z\xf5\xb0\x2d\x99\x26\xe5\xa2\x3ex\x5c\x82\x801\x00\x15\x00\x00\x00\xd5\x19Y\x5fE\x16\xcb\x95U\xccdb\xcd\xa3\xb18\xa7\xae\x1c\x7d\xf3\x00\x16\x00\x00\x00K\xaa\xc0\xbdU8\xd0\x0c\x86\xf9\xfe\x12\x24\x7eS\xa3\x01\x2c\xf1\xc9Z\xfd</data></write>
    <read><length>4</length><match><data>\x9aI\xc5o</data></match></read>
    <!-- WHITELIST -->
    <write><data>\x1a\x00\x00\x00\x9f\x05\xa5\x0fb\x1eP\x14\x18\x98\x00\xb4\xf6\x40\xc78\xd9\x10\x8c\x08\x8d\x9a\xe2\x18\xe1w</data></write>
    <read><length>4</length><match><data>\x9aI\xc5o</data></match></read>
    <!-- UPDATE -->
    <!-- update add -->
    <!-- update add -->
    <!-- update add -->
    <!-- update add -->
    <!-- update add -->
    <!-- update add -->
    <!-- update add -->
    <write><data>\xb4\x00\x00\x00\x1a\xdb\xa70\xe0g\xcb\xed\x00\x18\x00\x00\x00\xcb\xb7\x14C\xf0\x1d\x97\x85\xf6\x5f\x81\x02\x13\x8ag9\x3c\xc0x\x3b\xf6\x1e\xff\xe2\x00\x16\x00\x00\x00Wj\xb2\xa5\x96\x0f\x28\xf4\xe7\x5d:\x0bim\x8e\xffxlz\xb9\x9al\x00\x08\x00\x00\x00\x7d\x05\x86\x12\xe4\xe2\xd6\x27\x00\x16\x00\x00\x00\x99y\xc23g\x11\xd5X\x8d\x8c8\x18\xff\x9b4\x2f\xf9\xc1\xa1\xf8\xf4\xd8\x00\x19\x00\x00\x00?i\xcb\x1e.\xfa\xb2\x7dS\xa1\xadLE\xbb\x09\x5c\xbc\x1e\x23\x8a\x9d\x5fx\x00\x86\x00\x07\x00\x00\x00\x07\x90fc\xb0p\x2a\x00\x1d\x00\x00\x00\xad\xd5\xc2\x105\x1bw\x1a\xdf\x28\xd1\xa2\x91i!\xb6b\x25\xc30ng\x89\x1aN5\xf8\x7f\xa3</data></write>
    <read><length>4</length><match><data>\x9aI\xc5o</data></match></read>
    <!-- CHECK match rule -->
    <!-- CHECK exe wrapper -->
    <write><data>\x83\x00\x00\x00M\xae\x7b6r\x94\x26N2\xad\xf6\x1e2\xad\xf6\x1e:\x00\x00\x00l\xad\xf6\x1e\x25\x00\x00\x00\x91\xad\xf6\x1ee\xda\x03\x00\x60\xc7\xc33\xad\xf6\x1e\x81\xc39\x00\x00\x00AIAI\xc7\xc1\x25\x00\x00\x00\xc7\xc2\x00\x00\x00\x009\xcat\x0a\x814\x13D\x00\x00\x00B\xeb\xf2BJBJEMCK\x40HDLFNaF\xd5l\x8e\xc1\xf7\xf5\x83Z:\x0c\x1b\x2c4\x97\x80\x97\x08\xdc\x19\xd2\xbe\xc87r:\xb7b1\x28\xe6m\xdfI\x1c\xa5I</data></write>
    <read><length>4</length><match><data>\x85\x3b\x08B</data></match></read>
    <!-- WHITELIST -->
    <write><data>\x10\x00\x00\x00\x9f\x05\xa5\x0f\xe8\xc9\xea\xd0x\x89\x0e\x01\xc7 \x87I</data></write>
    <read><length>4</length><match><data>\x9aI\xc5o</data></match></read>
    <!-- WHITELIST -->
    <write><data>\x10\x00\x00\x00\x9f\x05\xa5\x0f\xa2\x24h\x7c\xdd\x87\x00\x1eK\x26\xd0\xe2</data></write>
    <read><length>4</length><match><data>\x9aI\xc5o</data></match></read>
    <!-- CHECK ok -->
    <write><data>\x1f\x00\x00\x00M\xae\x7b6y\xfeF\xb1\x7e\x99E\x0e\xaaJ\xc5\xfd\xde\x18\xe0\x19\xc3\xa1\x7bl\x8fH\x12\xd9\x5e\x05a</data></write>
    <read><length>4</length><match><data>\x9aI\xc5o</data></match></read>
    <!-- WHITELIST -->
    <write><data>\x10\x00\x00\x00\x9f\x05\xa5\x0f\x80\xac\xc7\xbf\x85\xdc9\xd0\x92\xef\xe9\xe6</data></write>
    <read><length>4</length><match><data>\x9aI\xc5o</data></match></read>
    <!-- UPDATE -->
    <!-- update add -->
    <!-- update add -->
    <!-- update add -->
    <!-- update add -->
    <!-- update add -->
    <!-- update add -->
    <!-- update add -->
    <write><data>\x93\x00\x00\x00\x1a\xdb\xa70\xacw\xcb\xed\x00\x0a\x00\x00\x00k\x239K\xbfY\x88\x1f\xfe\xb1\x00\x07\x00\x00\x00\x098\xfb\xfc\x1a\xbe\x29\x00\x0f\x00\x00\x00lY\xbf\x99b\x0a9zV\x8f\xdd\x80\x25\xfd\x18\x00\x06\x00\x00\x002\xa1\xe3\xbc\x29\x89\x00\x14\x00\x00\x00\xf7\x85\x40j\xaf\x94\x19\xce\x96\x96\xf0\xe7\xa3\xe5\x1a\x7bC\xa9\x94\x80\x00\x1d\x00\x00\x00Am\x154\xc9\x29\xd1\xe6R\x24\xdc\x9d\xf3H1\xa4\xe6l\x88\x2c\x1d\xd4\xe4n\x1b5\x12\x8a\x0e\x00\x11\x00\x00\x00\x0f\xc9J\x08\xb2o\xebi\xe6\x16\x078\x8b\x5b\x1f\xf3\xbb</data></write>
    <read><length>4</length><match><data>\x9aI\xc5o</data></match></read>
    <!-- CHECK match rule -->
    <!-- CHECK bad bmp -->
    <write><data>\x80\x00\x00\x00M\xae\x7b6\xc0\xa9\x00\x00\x19\x00\x01\x00\x9c\xea\xa8\xea\x9d?nP\x17\xc6\x93\xb7\xab\x05\x9a\x83\x60\xc7XDD\xed\xe9X\x5d\xfc\x92\xc8\x0fn\x24\x93\xef\xfe\x2b\x0a\xf7\xf6\xe8\x1c\x5cG3\xbd\x83\xd9\xaa\x0c\xa0\x0f\x87\x5c\xedq\xc4\xfb\xd2\x07\xdd\xb5\xf76C\x9b\xe8\x17\xc9\xfe\xe8Am\x1f\x8a\xaf\x26j\xdd?\x00\x7b\x22\x14?\xe9\xa8\xa4\x0a\x02\xbcm\xe8\xc3a\x08N\x1a\x7b\x7d\x0d\x88AO\x18u\x05\x07\xfa\x8a\x99\xa9ja\x5f\xbb\x82\xca</data></write>
    <read><length>4</length><match><data>\x85\x3b\x08B</data></match></read>
    <!-- WHITELIST -->
    <write><data>\x1f\x00\x00\x00\x9f\x05\xa5\x0fg\x1f\x0e\xbc\xaf\xff\xc1KZ\xb8\x29\xde\x97I\x13\xbb\x01\x91G\xbc\xc8?\xa6\xd6\xf6\xf0\xaa</data></write>
    <read><length>4</length><match><data>\x9aI\xc5o</data></match></read>
    <!-- CHECK match rule -->
    <write><data>!\x00\x00\x00M\xae\x7b6ME\xed\xb7D\x97\xb4\x97\xd8\x5c\xcb\x3b\x22\x948\xcaO\x88\x27\xf0\x9eh\xdf\x9d\x90\x1dj\xe0\xe7</data></write>
    <read><length>4</length><match><data>\x85\x3b\x08B</data></match></read>
    <!-- CHECK match rule -->
    <!-- whitelist -->
    <write><data>\x29\x00\x00\x00M\xae\x7b6Wj\xb2\xa5\x96\x0f\x28\xf4\xe7\x5d:\x0bim\x8e\xffxlz\xb9\x9al\xc3Tq\xe8\xc9\xea\xd0x\x89\x0e\x01\xc7 \x87I</data></write>
    <read><length>4</length><match><data>\x9aI\xc5o</data></match></read>
    <!-- WHITELIST -->
    <write><data>\x11\x00\x00\x00\x9f\x05\xa5\x0f\x28\x0e\xafo\xca\x1f\xc4Q\xa9\xa5\xc6\x10!</data></write>
    <read><length>4</length><match><data>\x9aI\xc5o</data></match></read>
    <!-- CHECK ok -->
    <write><data>\x0d\x00\x00\x00M\xae\x7b6\x97\x5d\x00\x8b\x18\xad\xcc\x035</data></write>
    <read><length>4</length><match><data>\x9aI\xc5o</data></match></read>
    <!-- CHECK match rule -->
    <write><data>\x12\x00\x00\x00M\xae\x7b6\xdf\xb5\xefd\xd6\xec\x07\x90fc\xb0p\x2aN</data></write>
    <read><length>4</length><match><data>\x85\x3b\x08B</data></match></read>
    <!-- WHITELIST -->
    <write><data> \x00\x00\x00\x9f\x05\xa5\x0f\xdc\x5e\xda\x94\x8a\x1c\x22\xef\x8f\xfa\xdf\xc9V\x13\xc3\xd07K\xb6\x128\xae\x9a1\x7bH\x98\x2a</data></write>
    <read><length>4</length><match><data>\x9aI\xc5o</data></match></read>
    <!-- CHECK ok -->
    <write><data>\x11\x00\x00\x00M\xae\x7b6\xad\xceB\xca\xdf\xf6\x7e\x86\x23\xdd\x9d\xf8\xc5</data></write>
    <read><length>4</length><match><data>\x9aI\xc5o</data></match></read>
    <!-- WHITELIST -->
    <write><data>!\x00\x00\x00\x9f\x05\xa5\x0f\xbf\xbbaj\xe5l\xf5\x8b\x7b\xa7\xcc\xe8\xba\xd2\xc6T\x12\xd9\x0b\x40L4\xdb\x2foU\x00\xd6\xd5</data></write>
    <read><length>4</length><match><data>\x9aI\xc5o</data></match></read>
    <!-- UPDATE -->
    <!-- update add -->
    <!-- update add -->
    <!-- update add -->
    <!-- update add -->
    <!-- update add -->
    <!-- update remove -->
    <!-- update add -->
    <!-- update add -->
    <!-- update add -->
    <write><data>\xf0\x00\x00\x00\x1a\xdb\xa70\xcfN\xcb\xed\x00\x19\x00\x00\x00\x98\x3dFT\xe7\x3b\xeb\xe3\xcd\x07\x19\xd61\x7f\x2d\xdd iE\xa8\x9e\xab\x0a\xefX\x00\x1b\x00\x00\x009\xfc\xb7\x14\xc6\xf7\x13\x3d\x12\x8c\x5b\xb6C\xae\x06F\x2a\xed\xe4\x99\xe1\x8al\x13D\xc9\x3e\x00\x18\x00\x00\x00\x0b\x16\xfby\xfe\x86\xb9\x9b\x29VWu\xe8i\x13\x81!\xcf\xe0\x0d\x88P\xfb\x2f\x00\x1d\x00\x00\x00\x2dM\x25\xb2\x87u\x0f\xbcd\x2b\x91Y\x18\x0e\xb3\xc1f\x1c\xddL\xec\xbc4\x90\x82Xh\xcb\xe3\x00\x08\x00\x00\x00\x19\xf4\x87\xbcD\xd9\xd3K\x01\x08\x00\x00\x00\x7d\x05\x86\x12\xe4\xe2\xd6\x27\x00\x07\x00\x00\x00\x87\xae\xfd0\x2f\xc0\xe9\x00\x1d\x00\x00\x00L\xec\xc1\x06\xefG\xef\x9cr\xf6\x03\xa3\x88O\x1e\xb8p\x7c\x8c\x2d\xc6!\xb5\x3b\xc8\xd5\xd2Y\xfb\x00\x1e\x00\x00\x00\xacx3\x99\xef\xfd\x15\x2fa\xb3\x2a\x2a\x84\x22\x5dU\xf5\x1a\x0a\x1f\x14\x5bZ\xef\xb2\x9f\x19Y?s</data></write>
    <read><length>4</length><match><data>\x9aI\xc5o</data></match></read>
    <!-- WHITELIST -->
    <write><data>\x14\x00\x00\x00\x9f\x05\xa5\x0f\x08\x1a\x08\x3e \xc8\xcf\x17Q\x0dp\x3c2\x0f\xfa\x8f</data></write>
    <read><length>4</length><match><data>\x9aI\xc5o</data></match></read>
    <!-- UPDATE -->
    <!-- update remove -->
    <!-- update remove -->
    <!-- update add -->
    <!-- update remove -->
    <!-- update add -->
    <write><data>\x85\x00\x00\x00\x1a\xdb\xa70\x25y\xcb\xed\x01\x1d\x00\x00\x00Am\x154\xc9\x29\xd1\xe6R\x24\xdc\x9d\xf3H1\xa4\xe6l\x88\x2c\x1d\xd4\xe4n\x1b5\x12\x8a\x0e\x01\x0e\x00\x00\x00Z\xe9r\xe2e237\xea\xaen\xa8\x0d\xad\x00\x13\x00\x00\x00\x23!\xf4\x02\xaa\x7d\xa7\x0c\x0f\x8b\x7e\x96\xd2\xed\xcc\xb5\x22\xf5\xa1\x01\x16\x00\x00\x00K\xaa\xc0\xbdU8\xd0\x0c\x86\xf9\xfe\x12\x24\x7eS\xa3\x01\x2c\xf1\xc9Z\xfd\x00\x10\x00\x00\x00.\xb8h\x91\x09\x04\xb1\xa4\xb2\x9e\x7cG\x96\xabM\x3e</data></write>
    <read><length>4</length><match><data>\x9aI\xc5o</data></match></read>
    <!-- UPDATE -->
    <!-- update add -->
    <!-- update add -->
    <!-- update add -->
    <!-- update add -->
    <!-- update remove -->
    <!-- update add -->
    <!-- update add -->
    <write><data>\xb9\x00\x00\x00\x1a\xdb\xa70\x90\x5f\xcb\xed\x00\x19\x00\x00\x00\xd2l\xa3\x91\xbe\x24\xaa2\xba\x8eY \x8c\xa3\xca\xb5\xa6\x1a\xc8\x8e\xcegc\xb4h\x00\x1d\x00\x00\x00\xc6\xbf\xff\x8a\xe0\xce\xfd\xbc\x2d\xa9\x7dB\x5dr\x2c\xf6\xc1\xcb\x40\x04\x0b\x60i\x10\xa2!f\x9dl\x00\x17\x00\x00\x00\x5e\x2fqm\xee\xb4\xbdL\x8d\x01O\xdf\x24\x96\xaa\xc9\x04\xb7\xae\x98\xce\xf9\xb9\x00\x0c\x00\x00\x00\xbd\x83\x87Z\x268\xe4T\x7e\xd2n\x9f\x01\x07\x00\x00\x00\x07\x90fc\xb0p\x2a\x00\x13\x00\x00\x00\xb4k\xa5\x8c\xec\xd1\x05\xcbY\xd1\xd2\x0d\x40\xb8\xc6\x0b\x24Xs\x00\x1b\x00\x00\x00\xe7I\xe3r\xcb\x5fbQ\xe4\x10\x83\xc1U\x91H\xfao\x0f\xf5\xd2\xb2\x88P\xa8\x2a\x2f\xb1</data></write>
    <read><length>4</length><match><data>\x9aI\xc5o</data></match></read>
    <!-- CHECK match rule -->
    <!-- CHECK exe wrapper -->
    <write><data>\x2a\x02\x00\x00M\xae\x7b6r\x94\x26N\xef\x09\xeb\x2a\xef\x09\xeb\x2a\xdb\x01\x00\x00\xca\x0b\xeb\x2a\x2b\x00\x00\x00\xf5\x0b\xeb\x2a\x10\x00\x09\x00\x60\xe8\x04\x00\x00\x008\xc6\x0c\xe9Z\x81\xea\x2b\xfe\xff\xffFNAIAIAICKGO\x40H\x81\xb2\x00\x00\x00\x00\x7c\x00\x00\x00\x81\xb2\x01\x00\x00\x00\x7c\x00\x00\x00\x81\xb2\x02\x00\x00\x00\x7c\x00\x00\x00\x81\xb2\x03\x00\x00\x00\x7c\x00\x00\x00\x81\xb2\x04\x00\x00\x00\x7c\x00\x00\x00\x81\xb2\x05\x00\x00\x00\x7c\x00\x00\x00\x81\xb2\x06\x00\x00\x00\x7c\x00\x00\x00\x81\xb2\x07\x00\x00\x00\x7c\x00\x00\x00\x81\xb2\x08\x00\x00\x00\x7c\x00\x00\x00\x81\xb2\x09\x00\x00\x00\x7c\x00\x00\x00\x81\xb2\x0a\x00\x00\x00\x7c\x00\x00\x00\x81\xb2\x0b\x00\x00\x00\x7c\x00\x00\x00\x81\xb2\x0c\x00\x00\x00\x7c\x00\x00\x00\x81\xb2\x0d\x00\x00\x00\x7c\x00\x00\x00\x81\xb2\x0e\x00\x00\x00\x7c\x00\x00\x00\x81\xb2\x0f\x00\x00\x00\x7c\x00\x00\x00\x81\xb2\x10\x00\x00\x00\x7c\x00\x00\x00\x81\xb2\x11\x00\x00\x00\x7c\x00\x00\x00\x81\xb2\x12\x00\x00\x00\x7c\x00\x00\x00\x81\xb2\x13\x00\x00\x00\x7c\x00\x00\x00\x81\xb2\x14\x00\x00\x00\x7c\x00\x00\x00\x81\xb2\x15\x00\x00\x00\x7c\x00\x00\x00\x81\xb2\x16\x00\x00\x00\x7c\x00\x00\x00\x81\xb2\x17\x00\x00\x00\x7c\x00\x00\x00\x81\xb2\x18\x00\x00\x00\x7c\x00\x00\x00\x81\xb2\x19\x00\x00\x00\x7c\x00\x00\x00\x81\xb2\x1a\x00\x00\x00\x7c\x00\x00\x00\x81\xb2\x1b\x00\x00\x00\x7c\x00\x00\x00\x81\xb2\x1c\x00\x00\x00\x7c\x00\x00\x00\x81\xb2\x1d\x00\x00\x00\x7c\x00\x00\x00\x81\xb2\x1e\x00\x00\x00\x7c\x00\x00\x00\x81\xb2\x1f\x00\x00\x00\x7c\x00\x00\x00\x81\xb2 \x00\x00\x00\x7c\x00\x00\x00\x81\xb2!\x00\x00\x00\x7c\x00\x00\x00\x81\xb2\x22\x00\x00\x00\x7c\x00\x00\x00\x81\xb2\x23\x00\x00\x00\x7c\x00\x00\x00\x81\xb2\x24\x00\x00\x00\x7c\x00\x00\x00\x81\xb2\x25\x00\x00\x00\x7c\x00\x00\x00\x81\xb2\x26\x00\x00\x00\x7c\x00\x00\x00\x81\xb2\x27\x00\x00\x00\x7c\x00\x00\x00\x81\xb2\x28\x00\x00\x00\x7c\x00\x00\x00\x81\xb2\x29\x00\x00\x00\x7c\x00\x00\x00\x81\xb2\x2a\x00\x00\x00\x7c\x00\x00\x00CKCKDLEM\x40H\x90FNaP\xa2\x03\x80\xd3\x97K!\xcd\xbbb\x024\x23\x14\x0c\xaf\xb8\xaf0\xe4!\xea\x86\xf0\x0fJ\x02\x8fZ\x09\x10\xdeU\xe7q\x24\xe0!\xc0\xec\x82\x18</data></write>
    <read><length>4</length><match><data>\x85\x3b\x08B</data></match></read>
    <!-- UPDATE -->
    <!-- update add -->
    <!-- update remove -->
    <!-- update add -->
    <!-- update remove -->
    <!-- update remove -->
    <write><data>\x8d\x00\x00\x00\x1a\xdb\xa70\xcet\xcb\xed\x00\x12\x00\x00\x00\x8d\x8b\x96\xe0\xb4dvq\xd9\xae\x07\x7f55\x240\x19\x13\x01\x12\x00\x00\x00\x8ey\xbdD9\x05\xeb\x05m\xda\xaa\xa6\xe3o\x24\xc5\x3e\xd4\x00\x12\x00\x00\x00O\xc2\x88\xe5n\x1dQIR\x04 \xa7\x9e\xb7q\x9e\x7bh\x01\x19\x00\x00\x00\x98\x3dFT\xe7\x3b\xeb\xe3\xcd\x07\x19\xd61\x7f\x2d\xdd iE\xa8\x9e\xab\x0a\xefX\x01\x1d\x00\x00\x00L\xec\xc1\x06\xefG\xef\x9cr\xf6\x03\xa3\x88O\x1e\xb8p\x7c\x8c\x2d\xc6!\xb5\x3b\xc8\xd5\xd2Y\xfb</data></write>
    <read><length>4</length><match><data>\x9aI\xc5o</data></match></read>
    <!-- UPDATE -->
    <!-- update add -->
    <!-- update add -->
    <!-- update add -->
    <!-- update remove -->
    <!-- update remove -->
    <!-- update remove -->
    <!-- update add -->
    <write><data>\xb1\x00\x00\x00\x1a\xdb\xa70\xfeh\xcb\xed\x00\x1b\x00\x00\x00\xab\x24L\xb1\xd5t\xe1\x95\xb3Z\x18\xde\x1asV\xfaM\xdc\xb5S\xc9\xb7\x13\xb8ts\xd4\x00\x0a\x00\x00\x00\x82\x8eY\xadi\x03\x7b\xef\xec \x00\x13\x00\x00\x00q\x87F\xb1\x1fL\x1cQ\x03\xb0\x9f\xc8\xb4\x18\x0cs\x7fTX\x01\x13\x00\x00\x00\xb4k\xa5\x8c\xec\xd1\x05\xcbY\xd1\xd2\x0d\x40\xb8\xc6\x0b\x24Xs\x01\x0c\x00\x00\x00\xaf\x2aeP\xfa\x5d\xaf\x7d\x04\xc7\x29\xa4\x01\x1b\x00\x00\x009\xfc\xb7\x14\xc6\xf7\x13\x3d\x12\x8c\x5b\xb6C\xae\x06F\x2a\xed\xe4\x99\xe1\x8al\x13D\xc9\x3e\x00\x14\x00\x00\x00:\x7b\x8e\xcf\xe6R\x18\x9f\x04\xed\x0fC\x8a\xbc\xf8\x06\xe7e!\x12</data></write>
    <read><length>4</length><match><data>\x9aI\xc5o</data></match></read>
    <!-- WHITELIST -->
    <write><data>\x14\x00\x00\x00\x9f\x05\xa5\x0f\xd4\x03\xe1f\xa9C\x409P\xf6I\xca\x14\xe8GT</data></write>
    <read><length>4</length><match><data>\x9aI\xc5o</data></match></read>
    <!-- CHECK ok -->
    <write><data>\x15\x00\x00\x00M\xae\x7b6\x97\xc3\x9e\x04\xcf\x83M26T\x7e\xf2\x8c\x9c7\x1e\xa5</data></write>
    <read><length>4</length><match><data>\x9aI\xc5o</data></match></read>
    <!-- UPDATE -->
    <!-- update add -->
    <!-- update add -->
    <!-- update add -->
    <!-- update remove -->
    <!-- update remove -->
    <!-- update add -->
    <!-- update add -->
    <write><data>\xaa\x00\x00\x00\x1a\xdb\xa70No\xcb\xed\x00\x17\x00\x00\x00\x25\x841A\x84\xf0\x80\x14\xe4\x8b\xa8\xfeu?\x08\x2f6\xc9\x12?\xa1\x05O\x00\x11\x00\x00\x00\xb7\x11\xdb\x26o\xc4\xe6\xf4\x0c\x98\xdb\x07t\x5eq\x24\x27\x00\x17\x00\x00\x00a\xd8\xbe\xcfu\x87\xcbI\x1e\x29\xd7\xb9\xc7\xb4\x02MO\x8c\xa1\xb5Mm\xc3\x01\x1e\x00\x00\x00\x22\x5cn\xf1.dg\x5f\xca\xcf\x1ak\x0e\x0f\xd9\x24?\xbbo\xe2T\xca\x85\x1e\x3c\x8a\xe6\xe0\x2b\xc1\x01\x07\x00\x00\x00\x87\xae\xfd0\x2f\xc0\xe9\x00\x15\x00\x00\x00\x2b!\x24\xc4zt\x0b\xdd\x12P\xa1\x3d\xdd\x9fod\x5cX\x5dwJ\x00\x06\x00\x00\x00\xb2i\x004\x1aC</data></write>
    <read><length>4</length><match><data>\x9aI\xc5o</data></match></read>
    <!-- UPDATE -->
    <!-- update add -->
    <!-- update remove -->
    <!-- update add -->
    <!-- update add -->
    <!-- update add -->
    <!-- update add -->
    <!-- update remove -->
    <!-- update add -->
    <!-- update remove -->
    <write><data>\xd5\x00\x00\x00\x1a\xdb\xa70\xcbS\xcb\xed\x00\x05\x00\x00\x00\x2d\xda\xad\xc0\x3d\x01\x10\x00\x00\x00.\xb8h\x91\x09\x04\xb1\xa4\xb2\x9e\x7cG\x96\xabM\x3e\x00\x1c\x00\x00\x00\xd0\xd4\xaf\x18\x9b\xd0q\xf1G\x25\xdc\xb9\xa50\xb9\xee\xe8\xbc\x0c\x87\x5d\xb9\x0a\x89\x8a\x0ahK\x00\x0b\x00\x00\x00\xb2\xec\xeb\x22O\xcf\x2a\x7ey\xf0\x90\x00\x1c\x00\x00\x00\x3b\xf0\xcb\xe2\x3d\x00\xfb\xc6\xa4O\xd2Y3\xdd\xc8\x92\xc7\x5b\xc1I\x5f\x8f\x28\xeb\xb9\x9a\x97Z\x00\x0a\x00\x00\x00\x28\x87\xbe6n\xfb\xca\x85w\xb7\x01\x0d\x00\x00\x00\xd1\xbd\x7d\xa7\xf0\xc1\x85o\xc5\x88\xe5\x92\x5b\x00\x15\x00\x00\x00\xb9\x28g\x00U\x0e\xd4\xcef\xd7\x00\xf7\xb6\x299\xea\x1c\xa3y.p\x01\x1c\x00\x00\x00\xd0\xd4\xaf\x18\x9b\xd0q\xf1G\x25\xdc\xb9\xa50\xb9\xee\xe8\xbc\x0c\x87\x5d\xb9\x0a\x89\x8a\x0ahK</data></write>
    <read><length>4</length><match><data>\x9aI\xc5o</data></match></read>
    <!-- CHECK match rule -->
    <write><data>!\x00\x00\x00M\xae\x7b6\x80\x60\xbe\x05\x87\xcb\xb7\x14C\xf0\x1d\x97\x85\xf6\x5f\x81\x02\x13\x8ag9\x3c\xc0x\x3b\xf6\x1e\xff\xe2</data></write>
    <read><length>4</length><match><data>\x85\x3b\x08B</data></match></read>
    <!-- UPDATE -->
    <!-- update add -->
    <!-- update add -->
    <!-- update add -->
    <!-- update remove -->
    <!-- update add -->
    <!-- update add -->
    <write><data>h\x00\x00\x00\x1a\xdb\xa70\xea\x8a\xcb\xed\x00\x06\x00\x00\x00\xf1\x97\xfd\x1aj\x3d\x00\x05\x00\x00\x00\x7f\xc4\xd2Es\x00\x06\x00\x00\x00IP\x88\x2a\xe5H\x01\x13\x00\x00\x00q\x87F\xb1\x1fL\x1cQ\x03\xb0\x9f\xc8\xb4\x18\x0cs\x7fTX\x00\x0b\x00\x00\x00\x7e?V\x9a\xd0\x95?\x9ez\xcd\x03\x00\x13\x00\x00\x002\x3d\xd4G\x92\xd9\xa4P\x93\xaa\xed\xb9\x11\xc6\x92\x04\xd1\x060</data></write>
    <read><length>4</length><match><data>\x9aI\xc5o</data></match></read>
    <!-- WHITELIST -->
    <write><data>\x15\x00\x00\x00\x9f\x05\xa5\x0f\xd5a\xb9\x8c\xc7\xcf5\x26\x05M\xb9a\x98\x07\xa5\xde\x9e</data></write>
    <read><length>4</length><match><data>\x9aI\xc5o</data></match></read>
    <!-- CHECK ok -->
    <write><data>\x19\x00\x00\x00M\xae\x7b6\xff\x27\xb2K\xdb\x3dLk\xa6\x7e\xf6\xe0\xc9\x9dl\xb2c\x0c\xed\xcd\xf5</data></write>
    <read><length>4</length><match><data>\x9aI\xc5o</data></match></read>
    <!-- WHITELIST -->
    <write><data>\x1a\x00\x00\x00\x9f\x05\xa5\x0f\x05\x5e\xb2i\x22\x96\xd3Vs\xaf8q\xe0\xb8\xd1\xb7\xc4k0\xc3\xa7\xd0</data></write>
    <read><length>4</length><match><data>\x9aI\xc5o</data></match></read>
    <!-- UPDATE -->
    <!-- update add -->
    <!-- update add -->
    <!-- update add -->
    <!-- update remove -->
    <!-- update add -->
    <write><data>p\x00\x00\x00\x1a\xdb\xa70p\x85\xcb\xed\x00\x0c\x00\x00\x00\xc0\xea\x5f\xfaL\x5f\x98\x3d4\xad\x84\x28\x00\x14\x00\x00\x00hjM\xd2\xc7\x85G\x11\x7d\x0a!\x27\xf0?a\x07\xf5maC\x00\x08\x00\x00\x00H\x2c\xd8E?d\xeb\x87\x01\x18\x00\x00\x00\x2d0\xea\x9e1Y?\xe7B\xd8\xfe\x98\x1b\x89\x22g\xa7\x3c\x99\x9cB\x8bq\xf3\x00\x0f\x00\x00\x00\xd6Y\x14\x1b\xebD\x87\xe2\x07Z\x92\x15\x1fo\xca</data></write>
    <read><length>4</length><match><data>\x9aI\xc5o</data></match></read>
    <!-- WHITELIST -->
    <write><data>\x22\x00\x00\x00\x9f\x05\xa5\x0f\xf0\x91\xaaz\x2b\x15\x40\xda\x89\x0b\x11y\xbcR\x89\x27\x04Id\x8cQ\x8c:d\x40\x1fx\x7c\x97e</data></write>
    <read><length>4</length><match><data>\x9aI\xc5o</data></match></read>
    <!-- CHECK match rule -->
    <write><data>\x0a\x00\x00\x00M\xae\x7b6\xde\x2d\xda\xad\xc0\x3d</data></write>
    <read><length>4</length><match><data>\x85\x3b\x08B</data></match></read>
    <!-- UPDATE -->
    <!-- update add -->
    <!-- update add -->
    <!-- update add -->
    <!-- update add -->
    <!-- update add -->
    <!-- update add -->
    <!-- update remove -->
    <!-- update add -->
    <write><data>\x99\x00\x00\x00\x1a\xdb\xa70\xb4w\xcb\xed\x00\x06\x00\x00\x00\xf7\x14\xb4\xda.\xf1\x00\x09\x00\x00\x00!M\xba\xf2\x92\x2f\xb8\x3b\xbb\x00\x0a\x00\x00\x00\xdd\xf2\x8fz\xcdG\xca\xe7\x1a\x12\x00\x0e\x00\x00\x00K\xba\xc6\xd45\x08zS\xde\xd4\xa18GL\x00\x10\x00\x00\x00\x92\x0bV \x07e\xe1\x25\x87\x14\x3c\x1d\x18\xc2t\x7d\x00\x17\x00\x00\x00\x27\xff\x94\x1a:j\xc4\xc7\x08q\xe4\x00\x99?\x02\xc2AW4\x81\x8b\xec\xea\x01\x0e\x00\x00\x00\x1c\x5cG3\xbd\x83\xd9\xaa\x0c\xa0\x0f\x87\x5c\xed\x00\x0d\x00\x00\x00\x94\x04\xa4\x1c\x81\x96\x83\x11U\xb9\xb6\xa5\xff</data></write>
    <read><length>4</length><match><data>\x9aI\xc5o</data></match></read>
    <!-- CHECK ok -->
    <write><data>\x15\x00\x00\x00M\xae\x7b6N\x05\xb8\xbb\x02\xd2\x9c\x0c6\xf0p\x3d\xa9\x29.A\x14</data></write>
    <read><length>4</length><match><data>\x9aI\xc5o</data></match></read>
    <!-- WHITELIST -->
    <write><data>\x17\x00\x00\x00\x9f\x05\xa5\x0f\xdc\x60\xd8\xe7AiS.\xab\x27\xb6dz\x02SL\xbc\xf4\xe8</data></write>
    <read><length>4</length><match><data>\x9aI\xc5o</data></match></read>
    <!-- CHECK ok -->
    <write><data>\x12\x00\x00\x00M\xae\x7b6\xcd\x9csq\xc5S16t\xf0\xe7\xc6\xd6u</data></write>
    <read><length>4</length><match><data>\x9aI\xc5o</data></match></read>
    <!-- CHECK ok -->
    <write><data>\x17\x00\x00\x00M\xae\x7b6R\x06\x1b\x0b\xa2\x82\xec\x1a\x5b\xc8\xe9\xa5\x17\xef\x95m\xb5\xa3c</data></write>
    <read><length>4</length><match><data>\x9aI\xc5o</data></match></read>
    <!-- UPDATE -->
    <!-- update add -->
    <!-- update add -->
    <!-- update add -->
    <!-- update add -->
    <!-- update add -->
    <!-- update add -->
    <write><data>\xa5\x00\x00\x00\x1a\xdb\xa70\x8ad\xcb\xed\x00\x14\x00\x00\x00S\x05\x97\xe33\x7fq\x2cbuD\xcaq\x7f\xb0\xd5\xa9\x96\xbdA\x00\x0c\x00\x00\x00\x82\xb4\xd2\x870\x03\xbbf\xd7\xad\xf4\xbc\x00\x15\x00\x00\x00\xb1\xbf\x94\xeb\xd6\xb7F\x2a\xdb\xf4\xfdd\xd2C\x5csOf\xe4w\xdb\x00\x19\x00\x00\x00KUSk\x15\x06\xdd\xe1\xd0\x12X\x0e\xcc\xf1\x03H\xe2O\x87q\xb4u\x00\xa7\xdb\x00\x1c\x00\x00\x00\xd1\x28\x92\x88\xf6\xd5I\xba\xc8\xf9\x82\x2d\xf2W\x13\xc4n\xf4\x12\x02W\xf6\x92\x8d\x5b\xe4\x08\xef\x00\x15\x00\x00\x00\x23\x05\x91\x12\xc8\xb1\xe2g\x85\xe4\x7c\xbb\xa4M\xbd\xdb\x8e\x87\xcb\xc3\x88</data></write>
    <read><length>4</length><match><data>\x9aI\xc5o</data></match></read>
    <!-- UPDATE -->
    <!-- update add -->
    <!-- update remove -->
    <!-- update add -->
    <!-- update add -->
    <!-- update add -->
    <!-- update add -->
    <write><data>\x8b\x00\x00\x00\x1a\xdb\xa70\x9cp\xcb\xed\x00\x15\x00\x00\x00\xaa\x06i\x0db\x98\xe0\x19\xfe\x25\xea\xcdL\xba\xd7:\xf8\xcb\xcb\xac\xc2\x01\x0a\x00\x00\x00\x28\x87\xbe6n\xfb\xca\x85w\xb7\x00\x0e\x00\x00\x00\x97\xe9\x60\xb3\xec\xbb\x22O\xc6U\xdb\xd2\xc6\xef\x00\x1c\x00\x00\x00\xec\xe22\xab\x9e\xc0\xdf\xa8V\x29\x89\xed\x2b\xae\x02\x7f\xbb\xf5t\xf8\xe9\x09\xff\x25V\xddg\xd5\x00\x06\x00\x00\x00\xe5\xe8\xa1\x1eE\x83\x00\x16\x00\x00\x003Ik2\xd1\xe1\x89D\x01\x2f\x24\xe8\xc2\xdaWS\x1f\xbfF\x9f\x9b\x83</data></write>
    <read><length>4</length><match><data>\x9aI\xc5o</data></match></read>
    <!-- UPDATE -->
    <!-- update remove -->
    <!-- update add -->
    <!-- update add -->
    <!-- update add -->
    <!-- update add -->
    <write><data>\x95\x00\x00\x00\x1a\xdb\xa70\xces\xcb\xed\x01\x15\x00\x00\x00\x2b!\x24\xc4zt\x0b\xdd\x12P\xa1\x3d\xdd\x9fod\x5cX\x5dwJ\x00\x1b\x00\x00\x00\xc0\xe9\x00\xf4\x3bz\x40\x5cZ\xb9\x80\x1ae\x27O\xaa\x2a\x1a4\xd4\xe5\xc8\xde\x0b\x22.C\x00\x14\x00\x00\x00\xdbN\xbcG\x80\x909\xe5l\x2a\x60\xd95\x7d\x3e\x8dC\x23\x16\xd9\x00\x1b\x00\x00\x00\x99\x19m\x14\xb3\xefeO\x1e\xbc\x85E\xf1\xba\xb8\xfaB\x98\xd1\x22\x96\xb5\x97\x14\x97\x1e\x29\x00\x15\x00\x00\x00\xce\xa1\xb0\xa9j\xd6\xde6\x98\x19\x18\xe2!\x89\x90\xa7\x0a\x5f\x8b\xe4\x9f</data></write>
    <read><length>4</length><match><data>\x9aI\xc5o</data></match></read>
    <!-- CHECK match rule -->
    <write><data>J\x00\x00\x00M\xae\x7b6\xc0\xa9\x00\x00\x0a\x00\x01\x00\x10v\xaa\xf0\x1aP\x15\x3e\xdd\xcd\x93\x0b\x07\x84\x1a\xa7\xb6a\xa3\x1a\xcfhu\xd7\xc0\xb6Z\xf0\xaf\x93\xef\x40\x12s\x98\x5b\xbed!M\xba\xf2\x92\x2f\xb8\x3b\xbb\x3ci\x8d\xd2\xe9:\x153\x95\x98\x10\x07\x8e\xe7\x85</data></write>
    <read><length>4</length><match><data>\x85\x3b\x08B</data></match></read>
    <!-- WHITELIST -->
    <write><data>\x15\x00\x00\x00\x9f\x05\xa5\x0f\xcf\xe3\x13F\xea\xb9\x9c\xc0R2\xd5\x3e\x23\xe2\x40\x90\xf0</data></write>
    <read><length>4</length><match><data>\x9aI\xc5o</data></match></read>
    <!-- WHITELIST -->
    <write><data>\x1e\x00\x00\x00\x9f\x05\xa5\x0f.0\xfcj\x60\x1b\xe4\xf6\xb9A\x1a\x17\xbe\xa7\xdd\x0b\xe7\xae\xack\x9f\x2b\x23\xda\xdbB</data></write>
    <read><length>4</length><match><data>\x9aI\xc5o</data></match></read>
    <!-- UPDATE -->
    <!-- update add -->
    <!-- update add -->
    <!-- update add -->
    <!-- update add -->
    <!-- update add -->
    <!-- update add -->
    <!-- update add -->
    <!-- update add -->
    <!-- update add -->
    <write><data>\xe2\x00\x00\x00\x1a\xdb\xa70dQ\xcb\xed\x00\x10\x00\x00\x00\x93\x0d\xe4\xaf\xe4\x11\xdax\xa8\x3b\xe8\xf9\x1an\xc7\x05\x00\x11\x00\x00\x00\xe6\xe2\x1e\xdb\x0d\xc8\xf2c9\xad\x10 \x98\xb1U\xf2\x2c\x00\x1e\x00\x00\x00\xa7d\xdcW\x1aep\x5b\xb3\xf4\xf9\x9e\x07\xe2\x2dY\xbc\x84\x16\x98\xe5\x87\xb9B\x9ceD\xab\xa7\xe8\x00\x0a\x00\x00\x00O\x87r\xb9\x999\x7f\x27\x5d?\x00\x1e\x00\x00\x00\x18B\xea\x12\xc6\x18\xe8Lv\x07\xa7\x0a\x18D\x2a\x9fAk7\xf71.\xac\x7dE\x95\xa0o5\x02\x00\x1e\x00\x00\x00\x9f\xdd\x8f\xaa\x1d\xf7\xb9\xae\xb7\xfd\x23\x0c\xd5B\xa6f\x07\xdaQW\xf1\x3e\xb0\xdb7p\xec\x22\xb4\x0c\x00\x09\x00\x00\x00\x05\xb7\xcd\x94\x17h\xfa\x26Q\x00\x06\x00\x00\x00\xdcC\xd8u\xfa\xd9\x00\x19\x00\x00\x00\x89\x15\x3ea7\x0a:\x9e\xd5\xe1\xd9T\xcb\xe5\xd2pj\xdd\xd3\xcf\xda\xe4\x24\xf7\xa6</data></write>
    <read><length>4</length><match><data>\x9aI\xc5o</data></match></read>
    <!-- UPDATE -->
    <!-- update add -->
    <!-- update remove -->
    <!-- update add -->
    <!-- update add -->
    <!-- update add -->
    <write><data>v\x00\x00\x00\x1a\xdb\xa70\x5b\x7e\xcb\xed\x00\x0f\x00\x00\x00\xb3\x23\x10h\x1f\xc5\xc7U\x26\x5dT\xa9\xa6\x22\xe5\x01\x06\x00\x00\x00\xf1\x97\xfd\x1aj\x3d\x00\x1b\x00\x00\x00\xf4\xe5\xc1\x60\x99\xb5P\x9a\xb4\x7c\x15\xec\x13poN\xfa\x01P\x9a!\xd5\x89n\x86\xe7\x5f\x00\x0f\x00\x00\x00h\xd61\xeaT\x85\x9f\xc0KP\x90\x97\x8f\x18\xb7\x00\x16\x00\x00\x00\x2c\x90\x8a\x9a\xf4\x09\xf7\xea\x28C\x5dP\xd6\x5et\xf3\x1c\x1fIy\xf3\xc3</data></write>
    <read><length>4</length><match><data>\x9aI\xc5o</data></match></read>
    <!-- WHITELIST -->
    <write><data>\x1b\x00\x00\x00\x9f\x05\xa5\x0f\x98\xb2\xe4e\x26\xfe\x22\xf2:\xbe\xdb\x0d\xd5\x830\xb8\xe7w\x97\x1b\xfb\x2dl</data></write>
    <read><length>4</length><match><data>\x9aI\xc5o</data></match></read>
    <!-- CHECK ok -->
    <write><data>\x16\x00\x00\x00M\xae\x7b6\x11\xd0\xaefD9m\xd8\x2a\xe2\x5cB\x88\x05Dr\xe8\xa0</data></write>
    <read><length>4</length><match><data>\x9aI\xc5o</data></match></read>
    <!-- WHITELIST -->
    <write><data>\x16\x00\x00\x00\x9f\x05\xa5\x0f\xd5\xab\xe1\xd8\x1a\xe3\xc1u!\xa0o\x16\xc50E\xa8\x1e\x99</data></write>
    <read><length>4</length><match><data>\x9aI\xc5o</data></match></read>
    <!-- UPDATE -->
    <!-- update add -->
    <!-- update add -->
    <!-- update add -->
    <!-- update add -->
    <!-- update add -->
    <!-- update add -->
    <!-- update add -->
    <!-- update remove -->
    <write><data>\xb4\x00\x00\x00\x1a\xdb\xa70ke\xcb\xed\x00\x06\x00\x00\x00\x0c\x89\xe8?8\xea\x00\x1a\x00\x00\x00\x96UOVa\x03\x9b\xc9L\xc3\x3b\xaaOUr\xde\xa1\xb3\x1f\xaa\xb3\x81f0\xf6\x0e\x00\x1e\x00\x00\x00\x29K\xb7Tp\xc6\xb2\xaf\xa5 \xc2\x95\xcb\x94\xf7\x7c\x95i\xd7B\xe6\xdf\x85\x99\xb7\xa9\xae\xde\xa2\x93\x00\x13\x00\x00\x00L\xe1\x7e\x11.\x9f\x15\xbbT.\x97X8\x5c\xd9\xc4\x27\xcc\xf6\x00\x11\x00\x00\x00\x9c\x05\x81!\x3d\xcb\xb3\x94\xea\x15\x9e\x8b\xfe w\xba\x93\x00\x09\x00\x00\x00\xd5\xacuZ\xbe\x00\x1bK\xfe\x00\x13\x00\x00\x00\x3d:\x9f\x1c\xbb\x0eO\x15\x93\xfcu\xc7\x5d!\x92\xef\xd5\x8c\xcf\x01\x06\x00\x00\x00\xfco\xc5\x28tY</data></write>
    <read><length>4</length><match><data>\x9aI\xc5o</data></match></read>
    <!-- WHITELIST -->
    <write><data>\x13\x00\x00\x00\x9f\x05\xa5\x0f\xd7\x3b\xd0\xbd\xec\xab\xddtB\xcd\x98\xa3\xa0\x40l</data></write>
    <read><length>4</length><match><data>\x9aI\xc5o</data></match></read>
    <!-- UPDATE -->
    <!-- update add -->
    <!-- update remove -->
    <!-- update add -->
    <!-- update add -->
    <!-- update add -->
    <!-- update add -->
    <!-- update add -->
    <!-- update add -->
    <!-- update add -->
    <write><data>\xc5\x00\x00\x00\x1a\xdb\xa70\x98d\xcb\xed\x00\x0a\x00\x00\x00NMsa\xc5pN?\xafM\x01\x0a\x00\x00\x00k\x239K\xbfY\x88\x1f\xfe\xb1\x00\x0d\x00\x00\x00Y\x98\xe2\xab\xcf\xc4\x5f\x86\xf06\xb8\x05\x1b\x00\x13\x00\x00\x00Y\x90\xeayTP\x3d\xd8\xb7\x15\x03\xb1\xcc\x29.\x5e\x0b\x2d\x7f\x00\x16\x00\x00\x00\xe2\x0aK\xd3M\xaa\xb3m\x7d\xed\xe2\x8a\x5d\xb0\xc1\x7b\x043\xa1\xb8k5\x00\x07\x00\x00\x00\x3b\x28\xf4\x3cG\x07\xf0\x00\x0e\x00\x00\x00\xd6\xa8\x0c\xdb\x81\xa6\x2dQ\x2b\x9f\x0f\xfc\xc9\xa4\x00\x18\x00\x00\x00\xb2\xbd\xfb\x28\x18\x11\x99\x2c\xdc\x01\xaf\xeb\x08\xb2Q\xe9\xbb\x403\xd8x\x86\x123\x00\x19\x00\x00\x00\xf6\xbf\x8e\x90\x16\xe6\x5b\xc1\x10k0\x5c\x5f\xda\xae1\x9d3\x89\x29\xb0\xdc\x03\xfc\x29</data></write>
    <read><length>4</length><match><data>\x9aI\xc5o</data></match></read>
    <!-- CHECK ok -->
    <write><data>\x06\x00\x00\x00M\xae\x7b6\xde\x24</data></write>
    <read><length>4</length><match><data>\x9aI\xc5o</data></match></read>
    <!-- WHITELIST -->
    <write><data>\x15\x00\x00\x00\x9f\x05\xa5\x0f\xa37P\xe9S8M7\x7e\x12\xd8\xb8\xbb\x89\xd3P\x2a</data></write>
    <read><length>4</length><match><data>\x9aI\xc5o</data></match></read>
    <!-- UPDATE -->
    <!-- update remove -->
    <!-- update remove -->
    <!-- update add -->
    <!-- update add -->
    <!-- update remove -->
    <!-- update add -->
    <write><data>\xae\x00\x00\x00\x1a\xdb\xa70\xbbb\xcb\xed\x01\x0d\x00\x00\x00\x94\x04\xa4\x1c\x81\x96\x83\x11U\xb9\xb6\xa5\xff\x01\x1e\x00\x00\x00\xa7d\xdcW\x1aep\x5b\xb3\xf4\xf9\x9e\x07\xe2\x2dY\xbc\x84\x16\x98\xe5\x87\xb9B\x9ceD\xab\xa7\xe8\x00\x14\x00\x00\x00\xe6!\xc1\xb5f:\xf2\x09\xec\x27n\xc5\x0e\xf1\x3e\xec\xe1\x96\xd1\xb2\x00\x19\x00\x00\x00X\x05\xda\x5b\xe0\xe9\xc9\x2d\xbc\x25k\x28\x94A\x85\xa7\xc4\x5e\x15\xae\xd6\x8a\xd0\x8dp\x01\x15\x00\x00\x00\xb9\x28g\x00U\x0e\xd4\xcef\xd7\x00\xf7\xb6\x299\xea\x1c\xa3y.p\x00\x1b\x00\x00\x00\x0a\x8f\x1aq\x85\x23\x95\xa5\x0d\xdc\x3d\x88\xf1\xbb\xc1b\xf0llu\x17\xc7\xbe\x8de\xf5\xd9</data></write>
    <read><length>4</length><match><data>\x9aI\xc5o</data></match></read>
    <!-- CHECK match rule -->
    <write><data>0\x00\x00\x00M\xae\x7b6.vG\x05\xa9\x3e\xfc\xd9p\x5e\x19\xe4\x8c\x2f\xd6\xf8Xv\x9f\xb5\x1ex\xa3\x274d\x93\xc4\x86\x06\xfc\x8e\x40\x2f\xa6\xe8s\x88Gb\xe8\x7e\xbe8</data></write>
    <read><length>4</length><match><data>\x85\x3b\x08B</data></match></read>
    <!-- UPDATE -->
    <!-- update add -->
    <!-- update add -->
    <!-- update add -->
    <!-- update remove -->
    <!-- update add -->
    <!-- update remove -->
    <!-- update remove -->
    <write><data>\xa6\x00\x00\x00\x1a\xdb\xa70Pl\xcb\xed\x00\x12\x00\x00\x00\x01\x91\x80\x10\x9b\x7ff\x2d\xe3\xd6\x06\xf1\x04V\x5f\xde\x05\xdb\x00\x0b\x00\x00\x00XT\xfa8\x1d\x15\xdelx\xc1\x3d\x00\x18\x00\x00\x00\x86\x7b\x22\xd7\x8a3Ju\xc4\xafQ\xceZ\x1d\xd4\x87\xa0T\x11\xdf\xe8 P\xe2\x01\x1b\x00\x00\x00\xe7I\xe3r\xcb\x5fbQ\xe4\x10\x83\xc1U\x91H\xfao\x0f\xf5\xd2\xb2\x88P\xa8\x2a\x2f\xb1\x00\x0d\x00\x00\x00\xea\x3b\x95w\x9d\x7d\x23\x5e\xb3a\x0f\xed\x2d\x01\x06\x00\x00\x00\xf7\x14\xb4\xda.\xf1\x01\x18\x00\x00\x00\x86\x7b\x22\xd7\x8a3Ju\xc4\xafQ\xceZ\x1d\xd4\x87\xa0T\x11\xdf\xe8 P\xe2</data></write>
    <read><length>4</length><match><data>\x9aI\xc5o</data></match></read>
    <!-- WHITELIST -->
    <write><data>\x1c\x00\x00\x00\x9f\x05\xa5\x0f\xf2\xb6\xfce5\xc7\x11\xb2N\x23Ni\xba.Hp\xbe\x2a\xf7\xd0\xbc\xec\x5c\xc8</data></write>
    <read><length>4</length><match><data>\x9aI\xc5o</data></match></read>
    <!-- UPDATE -->
    <!-- update add -->
    <!-- update remove -->
    <!-- update add -->
    <!-- update remove -->
    <!-- update add -->
    <!-- update add -->
    <!-- update add -->
    <write><data>\x9e\x00\x00\x00\x1a\xdb\xa70Kq\xcb\xed\x00\x12\x00\x00\x00\xb2\x06:\xea\xb7\xc5x\x2f\xba\x2a\x2b\x95\xcb!\xbf\x9f\xc2E\x01\x12\x00\x00\x00\x01\x91\x80\x10\x9b\x7ff\x2d\xe3\xd6\x06\xf1\x04V\x5f\xde\x05\xdb\x00\x0b\x00\x00\x00\xfbq\xb8\x96:\xc9\x1b\x8a\xe9\xca\xa5\x01\x0e\x00\x00\x00K\xba\xc6\xd45\x08zS\xde\xd4\xa18GL\x00\x0e\x00\x00\x00\xccw\xc0\xc59\xa6\xadU\xc0\xe8\x9e\x15qv\x00\x1d\x00\x00\x00\xccU\xc4 \xc1\x19\xeeR\x80I\xf2\x10P\xf0\x0f\xad\xcfO6\x1e\x40\x083\xaf2.\xfc\x115\x00\x0b\x00\x00\x00\xdf\x1a\xd6\x3c\xbf\xe3\x08C\xaf\x1f\x88</data></write>
    <read><length>4</length><match><data>\x9aI\xc5o</data></match></read>
    <!-- CHECK ok -->
    <write><data>\x15\x00\x00\x00M\xae\x7b6Q\x88JM\x96\x03\xd2\x98V\x06\x08\xf20\x9eE\x5eT</data></write>
    <read><length>4</length><match><data>\x9aI\xc5o</data></match></read>
    <!-- WHITELIST -->
    <write><data>\x1f\x00\x00\x00\x9f\x05\xa5\x0fj\x9a\xf4\xeam\xb3\x23\x15\x5f\x93\xfc\x2c\x2b\xef.\xfa\x03\x13\x12\x07\x19\x85i\x96\xf3\xec\x1b</data></write>
    <read><length>4</length><match><data>\x9aI\xc5o</data></match></read>
    <!-- UPDATE -->
    <!-- update add -->
    <!-- update remove -->
    <!-- update add -->
    <!-- update add -->
    <!-- update add -->
    <!-- update remove -->
    <!-- update add -->
    <!-- update add -->
    <!-- update add -->
    <write><data>\xf0\x00\x00\x00\x1a\xdb\xa70gG\xcb\xed\x00\x1c\x00\x00\x00Ii\x25\x9e\xbcJ\x86u\xb4\xb9\xd9\x8c\xe3\xfd\x8fk4z\xd8\x8b\xa8BT\x83\x26\xe7\x83\x06\x01\x1b\x00\x00\x00\xa3\xc5\xb7\x01\x23\x25\xe7\x2d\xd9\x5b\x9e\xb7\x5d\x5e\xb8\xffP\x98\xbc\xa0\x0a\x19\x27\xaaf\x60\xea\x00\x13\x00\x00\x00\x06\xdbXU\x0ep\xb3\xea\xbb\x98\xc1\xac\xae\x03\x99\xbf\x84\xc8J\x00\x19\x00\x00\x00\x06\x97\x06\xd34\xf9\xa5T\x7e\x17x\x1d\xfe\xa3\x04a\x80\xdal\xb7\x1a\x3d\x84\xd4\xb2\x00\x18\x00\x00\x00\xef8\xa9K\xff\x863\x60yR\x9f\xbf9\xdch\xd8\x93\xf2D3b\x1a\x23\xab\x01\x0d\x00\x00\x00\xea\x3b\x95w\x9d\x7d\x23\x5e\xb3a\x0f\xed\x2d\x00\x0c\x00\x00\x00\x90\x86\x7b\x03\xfd\xd3\x09\xc6\xdc\x3e\xac\xc3\x00\x13\x00\x00\x00\xf0\xc3i\xf6\x05\xfd\xf2\x89\x09\xcc\xc8.\xb2\x9as\x2a\x96\xf6\xb2\x00\x14\x00\x00\x00\x1d\xec\xa7q\xce\xb2f\xe0\x2d\x8c\xd3\x98\xcb\xd9A\xcap\x17\xddn</data></write>
    <read><length>4</length><match><data>\x9aI\xc5o</data></match></read>
    <!-- UPDATE -->
    <!-- update add -->
    <!-- update add -->
    <!-- update add -->
    <!-- update add -->
    <!-- update add -->
    <!-- update remove -->
    <!-- update add -->
    <!-- update add -->
    <write><data>\xc8\x00\x00\x00\x1a\xdb\xa70\xe9Z\xcb\xed\x00\x1c\x00\x00\x00\x186K\xedr\xb0\xd0\x3c\x9eZA\xf1\xc3\x40\xafo\x18K\x12\xab\xf10h\xfe2\xe3\x11\xdb\x00\x11\x00\x00\x00\xc5\x9e\xec\x3d\x9f\xa4\xb1\xce9Ef\x2f\x9a\xec\xf6\xe4\xb5\x00\x18\x00\x00\x008\xdd\xc24Y\x8a\x24\x18g\x8e\xfa\x9d\xe3\x3d\x5b\xbf\x94!\xa9\xa6\x92\x16\xdf\xfe\x00\x10\x00\x00\x00\xb4WC\x5d\xe5\xa8\x04\xce4\x15\x11\xad\xf4T\xff\xe0\x00\x09\x00\x00\x00\xfb2\xcc\xe0\xbcfPlk\x01\x09\x00\x00\x00\x05\xb7\xcd\x94\x17h\xfa\x26Q\x00\x1e\x00\x00\x007V\xb6\xf1\xb6\x95p\x9a\xe3\x08\x8a\x18\xdbA\xea\xd6\x26\xb1\x17\xadh:\x1a1zm\xb6n\xe0\x88\x00\x13\x00\x00\x00U\xec\xd7\xe8\x14n\xb2I\x96\xbeE4\xc04k\x03v\xe4\x16</data></write>
    <read><length>4</length><match><data>\x9aI\xc5o</data></match></read>
    <!-- UPDATE -->
    <!-- update remove -->
    <!-- update add -->
    <!-- update add -->
    <!-- update add -->
    <!-- update add -->
    <!-- update add -->
    <!-- update remove -->
    <write><data>\x1b\x01\x00\x00\x1a\xdb\xa70\x8d6\xcb\xed\x01\x18\x00\x00\x00\x0b\x16\xfby\xfe\x86\xb9\x9b\x29VWu\xe8i\x13\x81!\xcf\xe0\x0d\x88P\xfb\x2f\x00\x0d\x00\x00\x00\x1361\xbc\x0f\x26RF\x95\x9ed\xdd\x18\x00\x1a\x00\x00\x00\xe1\x9f\xdd9\x2d\xdd\xd0\xed\x15.\x85F\xc3\xcb\xa54C\xa0h\xf3e\x1e\x0a\x18\x7b\x97\x00\x08\x00\x00\x00l\x5b\x9a\x00\xd3\x07\xae\xf2\x00\x1d\x00\x00\x00\x853\x02 \x24\xbd\x13Yv\x3e\x0cuG\xc5n\xd07\x92\xe8\x603\xb2\x0f\xeb.rB\xbe\xc3\x00\x0c\x00\x00\x00\x26\x19\x0dk\x96\xf6\x80\x92s\x06H\x9d\x01\x80\x00\x00\x00\x7e\x93\x2c\xae\x12s8\x3b\xa5\x22\x0b\x8f\x3c\xba\x00\x2f\x3e\x9e\x96g\x2a\x07\xe6\x40\xe1\xb6WZ\xb8\x7b\x94\x8c2\xd5\x3cM\xd6\x97\x2a\x2d\xe1\x24.\xa2\x8f\xd5\xf5\x60\x01\x98\xf2\x8b\x17\xba\xe6\xda\xe7\xb4\x06\x8f\x9e\xc4\xc9\x24\x5d\xee\xff\x7b\xb2\x1d\xc4\xb2xV\x0c\xfb\xe5\x96\x99\xa8\xc9\x85\xe1\xc9\x98\x7f\x15\x9c\xdf\x98\xc4\xd9\x5d\xd1\x08\xcda\xb89f\xdc\xef\x88\xe0\x8f\x0a\xd2C\x8b\xd1\xbeBD\x1a5\xaa\xddTN\xf9\x16\x26\x7b\xcd\x01\x94\x04\x3b</data></write>
    <read><length>4</length><match><data>\x9aI\xc5o</data></match></read>
    <!-- WHITELIST -->
    <write><data>\x1f\x00\x00\x00\x9f\x05\xa5\x0f\x2f!\xdd\xa2\xd9\x1c\x02\x8d\x89\x0e\x23\x1ft\xdd\x5f\x3b\x05\x8f\xf9\xee\xa7qE\xa3\xd4\x1a\x3e</data></write>
    <read><length>4</length><match><data>\x9aI\xc5o</data></match></read>
    <!-- CHECK ok -->
    <write><data>\x0f\x00\x00\x00M\xae\x7b6\x92\x3db\xda\x1b\x2f\xd1\xbd\xc5c\xe6</data></write>
    <read><length>4</length><match><data>\x9aI\xc5o</data></match></read>
    <!-- CHECK match rule -->
    <write><data>\x0a\x00\x00\x00M\xae\x7b6IP\x88\x2a\xe5H</data></write>
    <read><length>4</length><match><data>\x85\x3b\x08B</data></match></read>
    <write><data>\x04\x00\x00\x00\x26\xf1\x60q</data></write>
    <read><length>4</length><match><data>\x9aI\xc5o</data></match></read>
</replay>
</pov>