<?xml version="1.0" standalone="no" ?>
<!DOCTYPE pov SYSTEM "/usr/share/cgc-docs/replay.dtd">
<pov>
<cbid>service</cbid>
<seed>772ef858897bbbf506254a206ca828db1a21d6031ff96ba4b00e11a396836dfad572e86cc6c951292f89dcf92a863a4d</seed>
<replay>
    <!-- CHECK match rule -->
    <!-- CHECK bad bmp -->
    <write><data>\xcf\x00\x00\x00M\xae\x7b6\xc0\xa9\x00\x00\x0a\x00\x05\x00\xaf\xaba\xee\xe6\x5b\xdb\xff\x8b\x95D\x14\x0a\xa0\xc9Iw\x0a\xfbs\xa90\xeb\xa3\x89\xbd\xbe\x7ff\x0d\x08\xff\x8c\x8f\x0e\xa9\xa0\xed\x7d\x0a\xe1\xff\xe1n\x08\xe9\x5eL\xf8\xb4g\xb2wpQ\x05MDJ\x7d\xe7qdD\x157\x8b\xf3\xe0\x87J\xa3\x7d\xd3x\x28\xf467\xcd\x5f:g\x09\xcdR?\xfbviU\xa02\x96\xef\xaa\xa1\x9c\xf8\xb8\x94\x81\xd4G\x03\xfa\x99\x7b\xd5\x0a\xbdo.\xbd2\xb0\x19\xca\x9f\x8d\x1e\x40n\xd18\xef\xd9\xe7\x95\xd7YG\xad\xe4\x8fr\x138\xa3\x9b\xe1\xca\xab\xe3\xda\x26\x0b\x9f\xd8\xf7\xa7\xf1\xad\x0eE\x04 \xf5\x9e\x2dT\xb05\xb8\x9d\xe7\xd20\x1a\x1cP\x3e\xf0\x40T\xf8\x98\x96\x95\xd7\x23x\x88\x86\xc0\xed\x27dZ\x86\xf7\x81\xea\x0d\x2b</data></write>
    <read><length>4</length><match><data>\x85\x3b\x08B</data></match></read>
    <!-- UPDATE -->
    <!-- update add -->
    <!-- update add -->
    <!-- update remove -->
    <!-- update add -->
    <!-- update add -->
    <!-- update add -->
    <!-- update add -->
    <write><data>\xc2\x00\x00\x00\x1a\xdb\xa70\x12a\xcb\xed\x00\x0e\x00\x00\x00N\x3d\xc4\xc9\xd8\x1f\x18\xf2\xedR\x13ZGY\x00\x1e\x00\x00\x00\x5d\xb2\xb2\xce\xe3\x3c\xd4\x1c\xccp\xbavW0V\xc23O\xb7\x03\x13\x2a\x8a\x7e\x98V\xd4cQi\x01\x1e\x00\x00\x00\x5d\xb2\xb2\xce\xe3\x3c\xd4\x1c\xccp\xbavW0V\xc23O\xb7\x03\x13\x2a\x8a\x7e\x98V\xd4cQi\x00\x17\x00\x00\x00\xe7\x92\x60\x1cY\xb9Rsz\xb8oRk\x1cR\xbf3\x8c\xe4\x92\x8f\xa0\x91\x00\x13\x00\x00\x00\xec\xb1\xab\x00\xe6\x40\x19\xef\x02\xa4d\xa6e7\x2c\xf1\x40\x9c\xad\x00\x14\x00\x00\x00\x15\xaf\xf0\xae\xda\x97.\x19YDK\x1f\xf5\xe0V\x5bmN\xa8 \x00\x0f\x00\x00\x00\xbc\x0c3\x19\xdf\xde\x5c\xa5B\x25\xf0gX\xad\xf4</data></write>
    <read><length>4</length><match><data>\x9aI\xc5o</data></match></read>
    <!-- UPDATE -->
    <!-- update add -->
    <!-- update add -->
    <!-- update remove -->
    <!-- update remove -->
    <!-- update add -->
    <!-- update add -->
    <!-- update remove -->
    <!-- update add -->
    <!-- update remove -->
    <write><data>\xc7\x00\x00\x00\x1a\xdb\xa70\xbc\x5d\xcb\xed\x00\x12\x00\x00\x00\xa5\xf4M\xd6\x84\x5cM\x8f\x1c\xba\x17\xf0\xb9\x5e\x2c\xab\x06\x0c\x00\x0d\x00\x00\x00S\x84\xbb\x85A\xc3\x5e\xc5\x0f\x07\xf5\xcf\xa5\x01\x12\x00\x00\x00\xa5\xf4M\xd6\x84\x5cM\x8f\x1c\xba\x17\xf0\xb9\x5e\x2c\xab\x06\x0c\x01\x14\x00\x00\x00\x15\xaf\xf0\xae\xda\x97.\x19YDK\x1f\xf5\xe0V\x5bmN\xa8 \x00\x09\x00\x00\x00\xb0P\xd4J\xe9\xd6\x94\xa2\xca\x00\x0c\x00\x00\x00\xc5\x9b B\xac\x7d\xcb\x9d\xfa\xa2\xfd\xcd\x01\x0d\x00\x00\x00S\x84\xbb\x85A\xc3\x5e\xc5\x0f\x07\xf5\xcf\xa5\x00\x14\x00\x00\x00\x1f\x7b\xedJ\xe2\x07\xc6\xf8B\x97\xe0\x8d\xe5\xcc\xc4\xaes\x2a\x12v\x01\x17\x00\x00\x00\xe7\x92\x60\x1cY\xb9Rsz\xb8oRk\x1cR\xbf3\x8c\xe4\x92\x8f\xa0\x91</data></write>
    <read><length>4</length><match><data>\x9aI\xc5o</data></match></read>
    <!-- WHITELIST -->
    <write><data>\x13\x00\x00\x00\x9f\x05\xa5\x0fZ\x07\xbf.\x0e\xfag\xda\xb0\x0f1\x14\xa5\x89\x04</data></write>
    <read><length>4</length><match><data>\x9aI\xc5o</data></match></read>
    <!-- WHITELIST -->
    <write><data>\x1c\x00\x00\x00\x9f\x05\xa5\x0f\xb2q\xb9\x96:M8\x1a\x83\x1e\xba\xb5\x12\x18\x82G\x8d\xf2\x1cs\x95D\x05\x96</data></write>
    <read><length>4</length><match><data>\x9aI\xc5o</data></match></read>
    <!-- WHITELIST -->
    <write><data>\x1d\x00\x00\x00\x9f\x05\xa5\x0f\x80\xf8\xceS\x92\xc8\xea\xbb\x03\x86\x19\x91\x92\x96Bj\x8e\xf5\x87B\x5e\x7bv\xdf\xae</data></write>
    <read><length>4</length><match><data>\x9aI\xc5o</data></match></read>
    <!-- CHECK ok -->
    <write><data>\x17\x00\x00\x00M\xae\x7b6\xc1\x84\x14\xa1\x86\x11\xf2k:\xcd\x83\xabe\xd7!\xb8\xfa\x0cN</data></write>
    <read><length>4</length><match><data>\x9aI\xc5o</data></match></read>
    <!-- WHITELIST -->
    <write><data>\x14\x00\x00\x00\x9f\x05\xa5\x0f\xbc\x9f\x81\x8c\xaf\x2d\xcfPE\xb6\x07\x7b\xbb\xde\x3d\xf6</data></write>
    <read><length>4</length><match><data>\x9aI\xc5o</data></match></read>
    <!-- UPDATE -->
    <!-- update add -->
    <!-- update remove -->
    <!-- update add -->
    <!-- update add -->
    <!-- update add -->
    <!-- update add -->
    <!-- update add -->
    <!-- update remove -->
    <!-- update remove -->
    <!-- update add -->
    <write><data>\xff\x00\x00\x00\x1a\xdb\xa70\xe4B\xcb\xed\x00\x16\x00\x00\x00\x9c\x7f\x24\xe5\xe8\x09\x1d\xd7\x84\xb9\x88\x09y\x24\xcf\x1aD\xbdI\xec\xd5\xda\x01\x14\x00\x00\x00\x1f\x7b\xedJ\xe2\x07\xc6\xf8B\x97\xe0\x8d\xe5\xcc\xc4\xaes\x2a\x12v\x00\x0d\x00\x00\x00\x5f\xb6\xd9\xdco?mN\x0b\x1d\x99\x06x\x00\x1e\x00\x00\x00\xb5\x1d\xed\xc2\xc1\xc3\xf8\xd0A\xbd\x5f\x009\x40u\xcd\xbdy8\xf1x\x96V\xd31\xbf7\xbb\xcah\x00\x18\x00\x00\x00 \x0a\x9fE\xc2\x1a\x85v\xe9\xaa\xdb\xb5\x10\x0a\xac\x5b\xb8\x86k\xb0?\xf1\x0c\xbd\x00\x16\x00\x00\x00R\x1c\xd4K\xfc\xfa\xcavQX\xb0h7Y\xfe\xaf\xfau\xf5\xc0\xb9N\x00\x08\x00\x00\x00H\x22\x95N\x3c\xb0\x03\xad\x01\x1e\x00\x00\x00\xb5\x1d\xed\xc2\xc1\xc3\xf8\xd0A\xbd\x5f\x009\x40u\xcd\xbdy8\xf1x\x96V\xd31\xbf7\xbb\xcah\x01\x0d\x00\x00\x00\x5f\xb6\xd9\xdco?mN\x0b\x1d\x99\x06x\x00\x0f\x00\x00\x00\xdfE\x98h\x9b\x2b\xdet\xa4\x14\xc91\xcb\x93\xf6</data></write>
    <read><length>4</length><match><data>\x9aI\xc5o</data></match></read>
    <write><data>\x04\x00\x00\x00\x26\xf1\x60q</data></write>
    <read><length>4</length><match><data>\x9aI\xc5o</data></match></read>
</replay>
</pov>