<?xml version="1.0" standalone="no" ?>
<!DOCTYPE pov SYSTEM "/usr/share/cgc-docs/replay.dtd">
<pov>
<cbid>service</cbid>
<seed>d38bd0de0e5ee7b0c8615dcec9ab362d2854095ca36869bfdbe7338ee200ff78f3ce836de24c9ba55dbb11a10cb93b3b</seed>
<replay>
    <!-- CHECK match rule -->
    <write><data>\x8f\x00\x00\x00M\xae\x7b6\x28\x2fb\xa3E\xe0:7\x09\x22\xc5\x19\xac\x11\x80\xb6\x08\xd9x\x04P\xe3\x83\x97\x1d\xfb\x01\x0c\x80k\x10\xf0\x5cnA\xb8\xaa\xa3\xc5Vs\x5c\xab\xa9\x0d\x40\xf5\xcb\xda\x9a\xba5\xb5\x14\x14\xb5L\xd0\x83A\x2c\x60\xb5\x9b\xd0\x93\xca\xe2\x11\x7b\xb4B\x19\x18\xe9L\xebK\xbd\x3c\xea\x1e\x0e\x9cE\x81\x83Vz\xd5\x84\xd7\x0234\x9f\xb98\x8b\x80\x3b\xc2\xf44\xd3\x2dj\xf4\x1d\xf2\x11S\x3bqI\xf5\x9d\x3ep\xa2:N\x25K\xba\x08\x82\x18\xd6\x98\x99\x82\xce\x17\x97\xaa\xb1\x5fo</data></write>
    <read><length>4</length><match><data>\x85\x3b\x08B</data></match></read>
    <!-- WHITELIST -->
    <write><data>\x1e\x00\x00\x00\x9f\x05\xa5\x0fB\xa9s\xe5\x9b\xa3xW\xd0\x8cR\xa3\x16o\xe7\xf9\x9e\x92\xce\xc8\x1a\xef\xf8\x9f\xacr</data></write>
    <read><length>4</length><match><data>\x9aI\xc5o</data></match></read>
    <!-- UPDATE -->
    <!-- update add -->
    <!-- update add -->
    <!-- update add -->
    <!-- update add -->
    <!-- update add -->
    <!-- update add -->
    <!-- update add -->
    <write><data>\xa0\x00\x00\x00\x1a\xdb\xa70?p\xcb\xed\x00\x1e\x00\x00\x00\x89W\x92\xb6\x8a\xc9\x9dF5R\xe43n\x98\x27\xbb\x93\xb7.\x3bf\x82t\xed\x98\xc5\xb4x9\xf2\x00\x0c\x00\x00\x00\xaa\xc7\xcd\x03nB\x27S\xb5\x062D\x00\x0e\x00\x00\x00\xc9B\xc6\x9b\xc9\x0c\x8bq\x87\xf3I\x16\x01\x8b\x00\x06\x00\x00\x00\x5f\xbb\x88\x2b0J\x00\x19\x00\x00\x00\xac\xe2\x92\xdc\xc9D\x88\x29K\x2d\x88\xc1\xcf\xb3\xcc\xce\x26\x02\x9f\xad\xfb\xe4m\xa4\x13\x00\x17\x00\x00\x00\x5f\xd5IC\x05xN\xd2r\xfd\xc5\x11\xf2\xdd\x3c\xaeo\x9d\x288\x0d\x2b\x15\x00\x07\x00\x00\x00\xe3\xdeXh4\x05\xdf</data></write>
    <read><length>4</length><match><data>\x9aI\xc5o</data></match></read>
    <!-- CHECK match rule -->
    <write><data>\x17\x00\x00\x00M\xae\x7b6\xf8c\x2f\x60\x1e\x5f\xbb\x88\x2b0JX\xbf\xf8\xf8\x5b\xce\x27\xf1</data></write>
    <read><length>4</length><match><data>\x85\x3b\x08B</data></match></read>
    <!-- UPDATE -->
    <!-- update add -->
    <!-- update add -->
    <!-- update remove -->
    <!-- update add -->
    <!-- update add -->
    <!-- update remove -->
    <!-- update remove -->
    <write><data>\x9e\x00\x00\x00\x1a\xdb\xa70dt\xcb\xed\x00\x12\x00\x00\x00\xf1B3\x2c\xf8\xd4\xd4\x11\x12\x8f\xa1\xa7\x9eo\xd7\x14\xf7\x12\x00\x1d\x00\x00\x002\xf2\xdd\x03\xb22\x89kTl\x03\xb6\xf8w\x92\x10\xb4\x0c\x97\xcb2xR\xbb\x12\xcd\x7e\x82X\x01\x0c\x00\x00\x00\xaa\xc7\xcd\x03nB\x27S\xb5\x062D\x00\x0f\x00\x00\x00\xdeE\x5e\xa7\x27\x97\x8a\x02\x83s\x97\xb6h\x3cy\x00\x0c\x00\x00\x00o\xe8\x96q\x05\x27b\xaa\x5c\xd47\x2c\x01\x0e\x00\x00\x00\xc9B\xc6\x9b\xc9\x0c\x8bq\x87\xf3I\x16\x01\x8b\x01\x0f\x00\x00\x00\xdeE\x5e\xa7\x27\x97\x8a\x02\x83s\x97\xb6h\x3cy</data></write>
    <read><length>4</length><match><data>\x9aI\xc5o</data></match></read>
    <!-- UPDATE -->
    <!-- update remove -->
    <!-- update add -->
    <!-- update add -->
    <!-- update add -->
    <!-- update add -->
    <!-- update add -->
    <!-- update remove -->
    <!-- update add -->
    <write><data>\x99\x00\x00\x00\x1a\xdb\xa70 t\xcb\xed\x01\x19\x00\x00\x00\xac\xe2\x92\xdc\xc9D\x88\x29K\x2d\x88\xc1\xcf\xb3\xcc\xce\x26\x02\x9f\xad\xfb\xe4m\xa4\x13\x00\x0e\x00\x00\x00\xf7:\xe8\xcb\x5d\xb4g\x83Gb\x9a\x19\x7d\xe9\x00\x06\x00\x00\x00\x98\xe69\x95\x00\x60\x00\x0b\x00\x00\x00\x15\x29\x12\xc9\xe5z\xf1\xea\x86u\x83\x00\x13\x00\x00\x00S\x7dg\x89XQ\xb74\x9dX\xc0\xa0b\x87\x26hW\x07\x26\x00\x06\x00\x00\x00\xdb\xa1Z\xde\x1dT\x01\x07\x00\x00\x00\xe3\xdeXh4\x05\xdf\x00\x11\x00\x00\x00\x5f\x9a3\xad\x8ai\x93\xa8\x1a\x15\x97\xa9\x89\x04\xdd\xd2\xbd</data></write>
    <read><length>4</length><match><data>\x9aI\xc5o</data></match></read>
    <!-- UPDATE -->
    <!-- update remove -->
    <!-- update add -->
    <!-- update remove -->
    <!-- update remove -->
    <!-- update add -->
    <!-- update add -->
    <!-- update add -->
    <!-- update add -->
    <!-- update remove -->
    <write><data>8\x01\x00\x00\x1a\xdb\xa70\xd8\x2d\xcb\xed\x01\x0e\x00\x00\x00\xf7:\xe8\xcb\x5d\xb4g\x83Gb\x9a\x19\x7d\xe9\x00\x0c\x00\x00\x00l\x2f\x85\x89w\x04\xf8\xba\x9fU\x93K\x01\x11\x00\x00\x00\x5f\x9a3\xad\x8ai\x93\xa8\x1a\x15\x97\xa9\x89\x04\xdd\xd2\xbd\x01\x80\x00\x00\x00b\xa3E\xe0:7\x09\x22\xc5\x19\xac\x11\x80\xb6\x08\xd9x\x04P\xe3\x83\x97\x1d\xfb\x01\x0c\x80k\x10\xf0\x5cnA\xb8\xaa\xa3\xc5Vs\x5c\xab\xa9\x0d\x40\xf5\xcb\xda\x9a\xba5\xb5\x14\x14\xb5L\xd0\x83A\x2c\x60\xb5\x9b\xd0\x93\xca\xe2\x11\x7b\xb4B\x19\x18\xe9L\xebK\xbd\x3c\xea\x1e\x0e\x9cE\x81\x83Vz\xd5\x84\xd7\x0234\x9f\xb98\x8b\x80\x3b\xc2\xf44\xd3\x2dj\xf4\x1d\xf2\x11S\x3bqI\xf5\x9d\x3ep\xa2:N\x25K\xba\x08\x82\x18\xd6\x98\x00\x12\x00\x00\x00\x2c\xc5\xe6\x98XJ\x1bY6\x26K\x99\x8c\x16\xb0\x8c\xc2\xa8\x00\x11\x00\x00\x00\xa1\x023\x24\xa9o\xe6\x87\xdbV\x93cn\x86\xc1.\x8a\x00\x0a\x00\x00\x00\x85\x2b\x0a\x01\xe0Mk\xf7\x04\x9d\x00\x0d\x00\x00\x00\x60\x7b\x9d\xfe\x25p\x80\x9d\x0e\xb4\xa34\x80\x01\x1e\x00\x00\x00\x89W\x92\xb6\x8a\xc9\x9dF5R\xe43n\x98\x27\xbb\x93\xb7.\x3bf\x82t\xed\x98\xc5\xb4x9\xf2</data></write>
    <read><length>4</length><match><data>\x9aI\xc5o</data></match></read>
    <!-- WHITELIST -->
    <write><data>\x14\x00\x00\x00\x9f\x05\xa5\x0f\xf3\x5bA\x2a\xaa\xa5W\x7d\xd1\xd5:\x5cM\x2b\x23\x9b</data></write>
    <read><length>4</length><match><data>\x9aI\xc5o</data></match></read>
    <!-- CHECK ok -->
    <write><data>\x24\x00\x00\x00M\xae\x7b6\x83\x3e\xdeG\xdd\x02\xcb\x08\x166\xa5\xdb\x9d\xf6\x83m\xc6\xf4\xfb\x84j\x81\x88\x2bm\x28\x81\x28\x27\x0c\x99V</data></write>
    <read><length>4</length><match><data>\x9aI\xc5o</data></match></read>
    <!-- WHITELIST -->
    <write><data>!\x00\x00\x00\x9f\x05\xa5\x0f.\xacpSJ\xb3\x00\xb5y\x1b\xfbg\x407\x0d\xc6\x88\xa7\xf1B\x7ce\xe3C\x1b\x8279\xa6</data></write>
    <read><length>4</length><match><data>\x9aI\xc5o</data></match></read>
    <!-- WHITELIST -->
    <write><data>\x10\x00\x00\x00\x9f\x05\xa5\x0f\xcd:\x11b\xca\xbc\x1ai\x85\xdb\x05\x90</data></write>
    <read><length>4</length><match><data>\x9aI\xc5o</data></match></read>
    <!-- CHECK match rule -->
    <write><data>\x15\x00\x00\x00M\xae\x7b6l\x2f\x85\x89w\x04\xf8\xba\x9fU\x93K\x12\x99f\xb8\xaf</data></write>
    <read><length>4</length><match><data>\x85\x3b\x08B</data></match></read>
    <!-- CHECK match rule -->
    <write><data>\x2f\x00\x00\x00M\xae\x7b6\xa9\x5bF\x40M\xd1\xa1\x81\x83\xc22\xf2\xdd\x03\xb22\x89kTl\x03\xb6\xf8w\x92\x10\xb4\x0c\x97\xcb2xR\xbb\x12\xcd\x7e\x82X\xd1\x87\xeb\x5d</data></write>
    <read><length>4</length><match><data>\x85\x3b\x08B</data></match></read>
    <!-- UPDATE -->
    <!-- update add -->
    <!-- update add -->
    <!-- update add -->
    <!-- update add -->
    <!-- update remove -->
    <write><data>q\x00\x00\x00\x1a\xdb\xa70\xdf\x80\xcb\xed\x00\x06\x00\x00\x00s\x81\x00\xfe\xa1\x16\x00\x06\x00\x00\x00v\x3d\x29i\x1b\xa7\x00\x1d\x00\x00\x00\xbe\x8b\xdb\x86\xd7\xdf\xa7\xf0\xbe\xd7\xb2\xd2\xad\xd1k\x7e1\xdf\xd7\x3c\x98\x10\x04L\x1a\xc0\xc1M\xde\x00\x0a\x00\x00\x00\xbe\x7czh\xa6\x07\xab\xa7\x16\xa9\x01\x1d\x00\x00\x002\xf2\xdd\x03\xb22\x89kTl\x03\xb6\xf8w\x92\x10\xb4\x0c\x97\xcb2xR\xbb\x12\xcd\x7e\x82X</data></write>
    <read><length>4</length><match><data>\x9aI\xc5o</data></match></read>
    <!-- WHITELIST -->
    <write><data>\x0f\x00\x00\x00\x9f\x05\xa5\x0f\x96U\xfa\x99\xc6\x12\x25j\x93T\x7e</data></write>
    <read><length>4</length><match><data>\x9aI\xc5o</data></match></read>
    <!-- UPDATE -->
    <!-- update add -->
    <!-- update add -->
    <!-- update remove -->
    <!-- update remove -->
    <!-- update remove -->
    <write><data>S\x00\x00\x00\x1a\xdb\xa70\x87\x90\xcb\xed\x00\x08\x00\x00\x00\x23\x5f\x8ct\x96\xf9\x93\xd0\x00\x12\x00\x00\x00\xa6PdI\xd5\x16\xa0\x7f\x90\xafge\x3e\xa3u\xc2\xf8\x93\x01\x0c\x00\x00\x00l\x2f\x85\x89w\x04\xf8\xba\x9fU\x93K\x01\x06\x00\x00\x00\x98\xe69\x95\x00\x60\x01\x06\x00\x00\x00s\x81\x00\xfe\xa1\x16</data></write>
    <read><length>4</length><match><data>\x9aI\xc5o</data></match></read>
    <!-- WHITELIST -->
    <write><data>\x1c\x00\x00\x00\x9f\x05\xa5\x0f\xc5\x18\xbdx\x8a\x23x\xc6\x5d\x0eTQ\x8fh\xac\x1d\xdc\xed\x7b\x86\x88B\xfd\x5e</data></write>
    <read><length>4</length><match><data>\x9aI\xc5o</data></match></read>
    <!-- CHECK ok -->
    <write><data>\x2a\x00\x00\x00M\xae\x7b6\xbb\x13\x88\x91\x88\x07w\x0c\xb9:\xa7\x88\xacU5QAH\x3c\xeeT\x16\x07\xdf\x2a\xd1\xc1\xa3\xe3\x12eJ\xef\xf3\x5d5\x92\x99</data></write>
    <read><length>4</length><match><data>\x9aI\xc5o</data></match></read>
    <!-- WHITELIST -->
    <write><data>\x1e\x00\x00\x00\x9f\x05\xa5\x0fz\xea\xbe\x3eY\xa4V\x05\x0a\xc7\xd9j\xf2\x60\x8f\xbdF\x9bd\xa7\x27\x9b\x97\xd6\xce\x0a</data></write>
    <read><length>4</length><match><data>\x9aI\xc5o</data></match></read>
    <!-- UPDATE -->
    <!-- update add -->
    <!-- update add -->
    <!-- update remove -->
    <!-- update add -->
    <!-- update add -->
    <!-- update add -->
    <!-- update add -->
    <!-- update remove -->
    <write><data>\xb2\x00\x00\x00\x1a\xdb\xa70\xe0f\xcb\xed\x00\x0c\x00\x00\x00\xee\x7d\xb6\xdf\x85\x8c\xec\xae\x87\xa5Y0\x00\x0b\x00\x00\x00\xea\x135a\xb9J\xf33F\x94\x0d\x01\x1d\x00\x00\x00\xbe\x8b\xdb\x86\xd7\xdf\xa7\xf0\xbe\xd7\xb2\xd2\xad\xd1k\x7e1\xdf\xd7\x3c\x98\x10\x04L\x1a\xc0\xc1M\xde\x00\x11\x00\x00\x00m\x3b\x28\xf6\x9c\xc6\x09\xc6\xebZ\xbeN\xd9\x9b\x99G\xac\x00\x0e\x00\x00\x00\x18\x9fx\xd73\x9e\x60\xd7i\x17\x85\xfc\x7b\xb5\x00\x15\x00\x00\x00Q\x1b\x3d\x03\xfa\x07\x89\x13\xf1\x8c\xd4\xa9b\xbf\xea\x90\xd9\x04h\x99\x8f\x00\x0f\x00\x00\x00\x97E\x05\x2bO\x14\xf1\x17mu7\x1aoC\xf8\x01\x0b\x00\x00\x00\xea\x135a\xb9J\xf33F\x94\x0d</data></write>
    <read><length>4</length><match><data>\x9aI\xc5o</data></match></read>
    <!-- UPDATE -->
    <!-- update add -->
    <!-- update add -->
    <!-- update add -->
    <!-- update add -->
    <!-- update remove -->
    <!-- update add -->
    <!-- update add -->
    <!-- update add -->
    <write><data>\x9c\x00\x00\x00\x1a\xdb\xa70Gs\xcb\xed\x00\x09\x00\x00\x00\x2dr\xc5\x99\xd7\xd3\xb61\xe7\x00\x0b\x00\x00\x00\xa0\xa2\x86\x07D\xeeA\x18\x96V\x15\x00\x13\x00\x00\x00\x8a\xf0\x0d\x00\x0c\x25\x8bW2\x93\xf2\x90g\xfd\xb4\xc45\x7e\xf4\x00\x06\x00\x00\x00j\x1d\xa2\xe3\xa2\xc3\x01\x0a\x00\x00\x00\xbe\x7czh\xa6\x07\xab\xa7\x16\xa9\x00\x13\x00\x00\x00\xe1\xf5\x9aYU\x9a\xb4\x5eiN\xb1\x8e\x84\x0d\x8d\xd4\x01\x9d\xe2\x00\x1b\x00\x00\x00\x1d\xf6?T\xfb\xcc\x0a\x97\xb2\xf9\xef\x0e4xK  \x7c0\x88d0\x0d\x5d\xf6\xd3b\x00\x07\x00\x00\x00\xa5\xa2\xcd\x99\xcf8\x25</data></write>
    <read><length>4</length><match><data>\x9aI\xc5o</data></match></read>
    <!-- CHECK ok -->
    <write><data>\x1a\x00\x00\x00M\xae\x7b6D\x0a\xa4\x9e\x9f\x3c\x81\x90\x1c\xd1\x8d\xc4\xd0\xa0\xb9Y58\x28fiK</data></write>
    <read><length>4</length><match><data>\x9aI\xc5o</data></match></read>
    <!-- UPDATE -->
    <!-- update add -->
    <!-- update add -->
    <!-- update add -->
    <!-- update add -->
    <!-- update add -->
    <!-- update add -->
    <!-- update add -->
    <!-- update add -->
    <!-- update add -->
    <write><data>\xb1\x00\x00\x00\x1a\xdb\xa70kk\xcb\xed\x00\x1e\x00\x00\x00\xd5\x25\x2fZ\xae\xd2\x14\xae\x7ct\xbc\x26\xe6\xf5Y\xb8D\x5e\xc8?\x83\x89T5\x19t\x7f\xb7\x9e\x17\x00\x0d\x00\x00\x00\xbf8\xebn2\x18\xe7\x27\x13\xca\x16\x8e\xaa\x00\x0b\x00\x00\x004\x60\x82\xb38\x04\x2d\xee\xf2\x10\xea\x00\x11\x00\x00\x00\x95W\x9cv\x00i\xfds\x07\xa6\xc9\x186w\xe4\x81\x5d\x00\x06\x00\x00\x00\x80\x91L\x0e\xe2\xd5\x00\x07\x00\x00\x00Y\xe9\xfa\x9do8\xfc\x00\x16\x00\x00\x00T\xc7\x5e\xf3\xee\xb2sV\x2f\x0b\xaa\xb2dL\x0d\x07\xa7\xb6\xd3\xde\xb9\xcc\x00\x06\x00\x00\x00\x9f\x5f\xcep\xb0N\x00\x0c\x00\x00\x00\xa4\x12\xe7G\x3b\xe8\xa7\xdeTB\xf6\x03</data></write>
    <read><length>4</length><match><data>\x9aI\xc5o</data></match></read>
    <!-- UPDATE -->
    <!-- update add -->
    <!-- update add -->
    <!-- update add -->
    <!-- update add -->
    <!-- update add -->
    <!-- update add -->
    <!-- update remove -->
    <!-- update add -->
    <write><data>\xa5\x00\x00\x00\x1a\xdb\xa70\x26n\xcb\xed\x00\x0c\x00\x00\x00\xc5\xfb\x19\x84\xec0\xc0z\x07V\x9a\xbc\x00\x09\x00\x00\x00\x2c\x17\x92\x0e\xae\x0c\x99\x1c\x13\x00\x16\x00\x00\x004\xf1\xc4\xa6g\xe8\xa9R\x8e\xfb\x5ebj\x81\xc1\xf1\xd9\x1f\x80\xb0\x84\xd8\x00\x0e\x00\x00\x00\xe0\xcc\x29pDYJ7\xd8\x93\x89\x86\x98\xc3\x00\x16\x00\x00\x00\x01\xb1\xbe\xa1\x07x\x87T\xd4\xe6L\x0eR\x07\xf6\xe6\xf8\x19\xfa\x81\x02i\x00\x15\x00\x00\x00\xad\x7e\x9f\xde\xda5\x3cW7\x1e.\xaa\xaf\xc0\x7f\xa1\x27\xbd\xafLU\x01\x0c\x00\x00\x00\xc5\xfb\x19\x84\xec0\xc0z\x07V\x9a\xbc\x00\x05\x00\x00\x00\x88\x01\xcb\xd8\x2f</data></write>
    <read><length>4</length><match><data>\x9aI\xc5o</data></match></read>
    <!-- WHITELIST -->
    <write><data>\x1c\x00\x00\x00\x9f\x05\xa5\x0f\x3c\xdeq\x7f\x03ab\x1b\xb6\x15L\x9aX\xd9\x3d\xe0TW\x8c\x85\xa2\xe4\xaa\xdc</data></write>
    <read><length>4</length><match><data>\x9aI\xc5o</data></match></read>
    <!-- CHECK match rule -->
    <write><data>\x1e\x00\x00\x00M\xae\x7b6\xf3Y\xdc\x24VW\xe1\xf5\x9aYU\x9a\xb4\x5eiN\xb1\x8e\x84\x0d\x8d\xd4\x01\x9d\xe2m</data></write>
    <read><length>4</length><match><data>\x85\x3b\x08B</data></match></read>
    <!-- WHITELIST -->
    <write><data>\x1a\x00\x00\x00\x9f\x05\xa5\x0f\xe0\xd0Z\x92\xa1\xd0\xd7x\xb9D\xd7G\xbfb\xa3\xeeK\xd6\x9f\x02\x04\xdf</data></write>
    <read><length>4</length><match><data>\x9aI\xc5o</data></match></read>
    <!-- WHITELIST -->
    <write><data>\x19\x00\x00\x00\x9f\x05\xa5\x0f\x7e\xc9\x9a\xf6\x95\x0d\xb5S\x05\x98\xdf\xb9\x03\xb9\xaa\x3c\xc5i\x7e\xcfE</data></write>
    <read><length>4</length><match><data>\x9aI\xc5o</data></match></read>
    <!-- UPDATE -->
    <!-- update add -->
    <!-- update remove -->
    <!-- update remove -->
    <!-- update remove -->
    <!-- update remove -->
    <!-- update add -->
    <write><data>\x81\x00\x00\x00\x1a\xdb\xa70\x5f\x7b\xcb\xed\x00\x06\x00\x00\x00\xaco\x3d\xd8\x9c\xf1\x01\x1e\x00\x00\x00\xd5\x25\x2fZ\xae\xd2\x14\xae\x7ct\xbc\x26\xe6\xf5Y\xb8D\x5e\xc8?\x83\x89T5\x19t\x7f\xb7\x9e\x17\x01\x0a\x00\x00\x00\x85\x2b\x0a\x01\xe0Mk\xf7\x04\x9d\x01\x06\x00\x00\x00\xaco\x3d\xd8\x9c\xf1\x01\x0c\x00\x00\x00\xee\x7d\xb6\xdf\x85\x8c\xec\xae\x87\xa5Y0\x00\x1b\x00\x00\x00\x18\x83t\x83iy\xf7\xd5\x03\x2c\xda\x1f\xd2\xf1\xa4\xcb\xb4BD\xb7\x16\xc7\x12P\x94\x1fO</data></write>
    <read><length>4</length><match><data>\x9aI\xc5o</data></match></read>
    <!-- CHECK exe wrapper -->
    <!-- CHECK ok -->
    <write><data>o\x00\x00\x00M\xae\x7b6r\x94\x26N\xd88B\x0f\xd88B\x0fB\x00\x00\x00\x1a9B\x0f\x09\x00\x00\x00\x239B\x0f\xfa \x05\x00\x60\xe8\x06\x00\x00\x00Zo\xb5\x9a\xf6\x3eZ\x81\xea\xc4\xff\xff\xffGOGOCKAIDLBJCK\x40HGOAI\xc7\xc0\x09\x00\x00\x00\xc7\xc3\x00\x00\x00\x009\xc3t\x0a\x814\x1a\xab\x00\x00\x00C\xeb\xf2a\x81X\x12\xad\xb5\x9b\x25\x9e\x1d</data></write>
    <read><length>4</length><match><data>\x9aI\xc5o</data></match></read>
    <!-- CHECK ok -->
    <write><data>\x19\x00\x00\x00M\xae\x7b6a4\xa0\xb8\xcd\xa7r\x9d\xaa\xc6\xf3\x84I\x00\x0bE\xc0\xf6\xc6TY</data></write>
    <read><length>4</length><match><data>\x9aI\xc5o</data></match></read>
    <!-- WHITELIST -->
    <write><data>\x1b\x00\x00\x00\x9f\x05\xa5\x0f\xe4\xab\xb7\x3e\xeb\xe1\x3b\x7b\xb9\xbfJ\xa3\xc4\x87x\xdeoc\xde\x92O\xc5\xf2</data></write>
    <read><length>4</length><match><data>\x9aI\xc5o</data></match></read>
    <!-- UPDATE -->
    <!-- update remove -->
    <!-- update add -->
    <!-- update add -->
    <!-- update add -->
    <!-- update add -->
    <!-- update add -->
    <!-- update add -->
    <!-- update add -->
    <!-- update add -->
    <write><data>\xd3\x00\x00\x00\x1a\xdb\xa70\xad\x5e\xcb\xed\x01\x0e\x00\x00\x00\xe0\xcc\x29pDYJ7\xd8\x93\x89\x86\x98\xc3\x00\x0a\x00\x00\x002C\x22H\xb6\x0a\xee\xaf\xc3I\x00\x08\x00\x00\x00\xc0\x15\x81\x11\x26\x89\xc3\x1f\x00\x1c\x00\x00\x00\x16\xcb\x3d\xd5X\x05\xed\x1b\x86\xa7\x00.\x8a\xad\x17\xb3\x60\xb0wk\x04\x2fbQ\xba\xdfm\x88\x00\x12\x00\x00\x00\xc2\x17yI\xcf\x24S\xae\x2atR\xd5\xaa\xd5Z\xf4wV\x00\x1b\x00\x00\x00z\x5f\x0aZ6\x9c\x83\xa4\x1c9\x82aP\xb7m\xd1\xee\xafA\x8a\x5c\x97\x91\xba\xa5\x7e\xb0\x00\x14\x00\x00\x00E\x9b\x81\x24\xa9\x8e\xbb\xac\x0d\x25\x1e\xfaQO\xdc\x3e\xe8R\xb5?\x00\x0f\x00\x00\x00\x8f\x16\xd4\xe5\xd1e\x13\x06\x5b\xeb\xa1\x7d\xc4X\xa4\x00\x12\x00\x00\x00\x7fr\x95\xe8\xb3\xeb\x08\xaa\xaf\x01\xdf\x0f\x9b\x2d9\xa8e\x00</data></write>
    <read><length>4</length><match><data>\x9aI\xc5o</data></match></read>
    <!-- WHITELIST -->
    <write><data>\x1c\x00\x00\x00\x9f\x05\xa5\x0fs\x22Ud\x16T\xce\xf98\xc4k\x05\x0aR\x25\x27cZ\xe8\x2a\xa3\x86\xfbJ</data></write>
    <read><length>4</length><match><data>\x9aI\xc5o</data></match></read>
    <!-- CHECK match rule -->
    <!-- CHECK exe wrapper -->
    <write><data>\x82\x00\x00\x00M\xae\x7b6r\x94\x26Nwp\x92\x19wp\x92\x19D\x00\x00\x00\xbbp\x92\x19\x1a\x00\x00\x00\xd5p\x92\x19\x2cf\x07\x00\x60\xc7\xc1xp\x92\x19\x81\xe9\xbd\xff\xff\xffEMBJCKAIAICK\x90CKEM\xc7\xc0\x1a\x00\x00\x00\xc7\xc3\x00\x00\x00\x009\xc3t\x0a\x814\x19\x22\x00\x00\x00C\xeb\xf2AI\x90EM\x90CKGO\x90a7\x83 \x11\x06\x8bM\xc4\xa5\xf9t\xb1AL\xa4\xe3\x0c\xa8\x8b\x08\xe8b\x81\xee\xb4\xe0</data></write>
    <read><length>4</length><match><data>\x85\x3b\x08B</data></match></read>
    <!-- UPDATE -->
    <!-- update add -->
    <!-- update remove -->
    <!-- update add -->
    <!-- update add -->
    <!-- update add -->
    <write><data>\x82\x00\x00\x00\x1a\xdb\xa70\x9dw\xcb\xed\x00\x14\x00\x00\x00qQi\xd3\xb7\x2c\x9f\x019\x96\xe1\x8e\xb3\x9cU\xccn\x8e\xfb\xc7\x01\x14\x00\x00\x00qQi\xd3\xb7\x2c\x9f\x019\x96\xe1\x8e\xb3\x9cU\xccn\x8e\xfb\xc7\x00\x16\x00\x00\x00\x84\xc2\x93\xbf\xcd\x9ei\x7e\x18\xa0\x7f\xb4\xc0\x87\xdbi\x0ct\x96\x08\x83\xe4\x00\x14\x00\x00\x00\x0a\xac\x04\xfe\xb80\x85\xd8\x2a\x95\x0f\xd0\xb9\xba\xac4\xd5\x7b\xe52\x00\x0f\x00\x00\x00\xff\x0ah1\xce\xc4\x06\xea\x00\x06\x1blf\x0fO</data></write>
    <read><length>4</length><match><data>\x9aI\xc5o</data></match></read>
    <!-- UPDATE -->
    <!-- update add -->
    <!-- update remove -->
    <!-- update add -->
    <!-- update add -->
    <!-- update remove -->
    <!-- update add -->
    <!-- update remove -->
    <write><data>\x9e\x00\x00\x00\x1a\xdb\xa70\xd1p\xcb\xed\x00\x19\x00\x00\x006Q\x00\xf6R\xd6\x5f\xae\x95\xca\xde\xcf\x9a\x13\xc2\x3bT\x5b\x16\x2a2\x84\x24\xe3\x1b\x01\x08\x00\x00\x00\x23\x5f\x8ct\x96\xf9\x93\xd0\x00\x1d\x00\x00\x00G\xe1\xb3\x89j\x5f\x94\x84\x93\x88a\x17C\xea\xba\xe9\xfe\xb4\x96\x13\x01\xe6\x8cs\xc8\x29z\x08\x80\x00\x0c\x00\x00\x00\x29\x96\x8f\xa2\x00FY\xc8\xd5\x5bpk\x01\x0f\x00\x00\x00\x8f\x16\xd4\xe5\xd1e\x13\x06\x5b\xeb\xa1\x7d\xc4X\xa4\x00\x05\x00\x00\x00\xc8\x2a\x3c\xb1e\x01\x15\x00\x00\x00Q\x1b\x3d\x03\xfa\x07\x89\x13\xf1\x8c\xd4\xa9b\xbf\xea\x90\xd9\x04h\x99\x8f</data></write>
    <read><length>4</length><match><data>\x9aI\xc5o</data></match></read>
    <!-- UPDATE -->
    <!-- update remove -->
    <!-- update add -->
    <!-- update remove -->
    <!-- update add -->
    <!-- update add -->
    <write><data>v\x00\x00\x00\x1a\xdb\xa70\xbb\x7f\xcb\xed\x01\x05\x00\x00\x00\xc8\x2a\x3c\xb1e\x00\x1a\x00\x00\x00\xe9\x22C\xb9K\xbc\x01\x00w\xdc\x82\x0b\x91\xd0\x23\x1c\x98\xcf\xc2\x24hg\xf0\x07\x82\xa5\x01\x12\x00\x00\x00\x2c\xc5\xe6\x98XJ\x1bY6\x26K\x99\x8c\x16\xb0\x8c\xc2\xa8\x00\x18\x00\x00\x00\xd9\xa9\xdb\xc0 \x80\xbb\x09\xb7\xcd\xd1\x26\x8bP\x7b\x07\xe1\xe1L\xe6\xe8x\xa0\xc5\x00\x0c\x00\x00\x00\xb3l\xb5rz\xcb!cz\x00\x9f\x22</data></write>
    <read><length>4</length><match><data>\x9aI\xc5o</data></match></read>
    <write><data>\x04\x00\x00\x00\x26\xf1\x60q</data></write>
    <read><length>4</length><match><data>\x9aI\xc5o</data></match></read>
</replay>
</pov>