<?xml version="1.0" standalone="no" ?>
<!DOCTYPE pov SYSTEM "/usr/share/cgc-docs/replay.dtd">
<pov>
<cbid>service</cbid>
<seed>92408b68ac8fa01ae376f778c880d986d15e47ec1bdc5cff304d01018275dcaa2b34a257f42c2e68d5c999eef7182716</seed>
<replay>
    <!-- CHECK ok -->
    <write><data>\x07\x00\x00\x00M\xae\x7b6g\x95\xcd</data></write>
    <read><length>4</length><match><data>\x9aI\xc5o</data></match></read>
    <!-- WHITELIST -->
    <write><data>\x1f\x00\x00\x00\x9f\x05\xa5\x0f\x22\x2d\xc5\x1bt\x0a\xc2\x88\xdf\x2a\x0c\xca\xf0\x04\x27\x05\x01\xd1\xc7\x3b4\xf2\x0d\xf8\x9e\xdd\x04</data></write>
    <read><length>4</length><match><data>\x9aI\xc5o</data></match></read>
    <!-- UPDATE -->
    <!-- update add -->
    <!-- update add -->
    <!-- update add -->
    <!-- update add -->
    <!-- update add -->
    <!-- update remove -->
    <write><data>\xa3\x00\x00\x00\x1a\xdb\xa70\x94l\xcb\xed\x00\x1b\x00\x00\x00\xcf\x94\xd8\xabk\x08f\xff\x93rMy\x89u\x8c\x1c\xb2Q\x7eL\x01J\xa3\xddtP\x0c\x00\x14\x00\x00\x00\xb8\x27\x13?7\x26G\x9f\xc9\x80\xeb\x8c\x10\xbb\x12JB\xb3\xcc\x2c\x00\x14\x00\x00\x00\xbe6Y\xe1\x8bYv\x25\xbc\xd4\xf8!\x0a\xfd\xd2\x84\x07\x9aP\x3d\x00\x19\x00\x00\x00.\xd3\xba4\xab\xa1\x0b\xe4\xe5l\xec\xa5\x27\xf3\x10\xc7\x852\xf6\xafT\x27\x23\x24\xeb\x00\x0d\x00\x00\x00\xfda\xb0\x16W\x7f\xb6\x9a\xa7H\x87\x7c\x93\x01\x14\x00\x00\x00\xbe6Y\xe1\x8bYv\x25\xbc\xd4\xf8!\x0a\xfd\xd2\x84\x07\x9aP\x3d</data></write>
    <read><length>4</length><match><data>\x9aI\xc5o</data></match></read>
    <!-- CHECK ok -->
    <write><data>\x08\x00\x00\x00M\xae\x7b6\x98\xcc\x1eC</data></write>
    <read><length>4</length><match><data>\x9aI\xc5o</data></match></read>
    <!-- CHECK match rule -->
    <!-- CHECK exe wrapper -->
    <write><data>\xe8\x00\x00\x00M\xae\x7b6r\x94\x26N\xb1e\x97\x17\xb1e\x97\x17\x3c\x00\x00\x00\xede\x97\x17\x88\x00\x00\x00uf\x97\x17\x0a\x1f\x0d\x00\x60\xc7\xc2\xb2e\x97\x17\x81\xc2\x3b\x00\x00\x00AI\xc7\xc3\x88\x00\x00\x00\xc7\xc0\x00\x00\x00\x009\xd8t\x0a\x814\x02\xfb\x00\x00\x00\x40\xeb\xf2AI\x90AIGODLEMEMEM\x90GOa\xad\xa2\x9cZ\x5eq\x7b\x19\x92\x84\x13hb\x02\x1b\x9d8!7M!\xe4\x5b2\x917\x9fx\x96\xffD\x29\x13I\x185\x26\xaaZ\x91\x01n\x96\x7b\x87\x9f\xd1\xd3B1W\x3eSP5\x12\x9f\xd4b\xb3Y\xe5\x2b\xf9\xb2\xd5\x3cl\x3e\xdd\x5e\xb2b\x83\x1c\xfa\xafg\x2d\xbc\x18\x9b\x5f\x86\x91\xa2\xa9\x7eh\xad\x8b\x2a\x2cl\xf5\x9d\x1d \xfc\x25\xba\xfek\xd6\xf0\x17\xa3\x5e\x1b\x0c\x09\xf5\xbe\x8b\xa3t\x0d\xba\xb0\x5f\xb3\x2f\xa5\xbbf\x18\x96\xe8YV\xb4\xb8\xe1\xb8\x06d</data></write>
    <read><length>4</length><match><data>\x85\x3b\x08B</data></match></read>
    <!-- WHITELIST -->
    <write><data>\x22\x00\x00\x00\x9f\x05\xa5\x0f\xd2\xcb\x7b\x05o\x05\xbb\x25\x08v\xbfhzpBq\xa5t\x19\xb3\xf4\x23\xff\x935\x2d\xb6\x96\x24\x05</data></write>
    <read><length>4</length><match><data>\x9aI\xc5o</data></match></read>
    <!-- UPDATE -->
    <!-- update remove -->
    <!-- update add -->
    <!-- update remove -->
    <!-- update add -->
    <!-- update add -->
    <!-- update remove -->
    <!-- update remove -->
    <write><data>\xef\x00\x00\x00\x1a\xdb\xa70?A\xcb\xed\x01\x80\x00\x00\x00VYg\xa1\xa5\x8a\x80\xe2i\x7f\xe8\x93\x99\xf9\xe0f\xc3\xda\xcc\xb6\xda\x1f\xa0\xc9j\xccd\x83m\x04\xbf\xd2\xe8\xb2\xe3\xce\xddQ\xa1j\xfa\x95m\x80\x7cd\x2a\x28\xb9\xca\xac\xc5\xa8\xab\xce\xe9d\x2f\x99H\xa2\x1e\xd0\x02I.\xc7\x97\xc5\x26\xa5I\x99x\xe7\x01T\x9c\xd6G\xe3\x60\xa4\x7djYR\x85\x93Vp\xd1\xd7\x97\x0ef\xe6\xdb\x07\xdeA\x05\x90\x2d\x0b\xecX\xa5\xe0\xf7\xf2\x0eEpX\x8f\xf6AK\xa4H\xd4\x5e\x40\x9d\xe3m\x13\x00\x05\x00\x00\x00N\x91\xdf\xdds\x01\x0d\x00\x00\x00\xfda\xb0\x16W\x7f\xb6\x9a\xa7H\x87\x7c\x93\x00\x09\x00\x00\x00\xe3\x7c\x11\xcf\x96hV\x7d\xc6\x00\x0c\x00\x00\x00\x23x\xadE\xabW\xeb\xdc\xeeR6\xdd\x01\x14\x00\x00\x00\xb8\x27\x13?7\x26G\x9f\xc9\x80\xeb\x8c\x10\xbb\x12JB\xb3\xcc\x2c\x01\x09\x00\x00\x00\xe3\x7c\x11\xcf\x96hV\x7d\xc6</data></write>
    <read><length>4</length><match><data>\x9aI\xc5o</data></match></read>
    <!-- WHITELIST -->
    <write><data>\x10\x00\x00\x00\x9f\x05\xa5\x0f\xe6t\xc1i\xa8bc\x18\x7b\xc2G\x04</data></write>
    <read><length>4</length><match><data>\x9aI\xc5o</data></match></read>
    <!-- CHECK ok -->
    <write><data>\x2b\x00\x00\x00M\xae\x7b60\x22\xc5\xba\xf8\xf6\x2c\xce\xa6\xdb\xafv\xc4\x85\x878D\xb9\x8e\xfd\x28e\xe3\xe3\xdc\x00\xb8T\xbe\x24d\xf4\xdd\x3dT\x8d\x8b\x84o</data></write>
    <read><length>4</length><match><data>\x9aI\xc5o</data></match></read>
    <!-- UPDATE -->
    <!-- update add -->
    <!-- update add -->
    <!-- update remove -->
    <!-- update remove -->
    <!-- update add -->
    <!-- update add -->
    <!-- update remove -->
    <write><data>\xbf\x00\x00\x00\x1a\xdb\xa70\xe1\x5e\xcb\xed\x00\x1a\x00\x00\x00\x91\xd1\xce\xdf\x2aD\xdc\x15\xbc\x7e\xc3c\xb35\x82V\xdb\xb8\xa8\xad\xb9\xc8\x80\xa0\xd5\xe9\x00\x16\x00\x00\x00\xc6\x26\x86\xacR\xf23N\xdc\xae\xbd\x9a\xcc\x8azM\x08\x01J\x29\xfcx\x01\x19\x00\x00\x00.\xd3\xba4\xab\xa1\x0b\xe4\xe5l\xec\xa5\x27\xf3\x10\xc7\x852\xf6\xafT\x27\x23\x24\xeb\x01\x0c\x00\x00\x00\x23x\xadE\xabW\xeb\xdc\xeeR6\xdd\x00\x11\x00\x00\x00u\x5c\xacLo\x15?\x923\x97d\xfd9\x40\x01\x01\xae\x00\x13\x00\x00\x00\xd4\x2f\xb3\x09\x95\x04S\xc3q\xa55:\xca\xbd\xc1\x2a\xab\x7c\x26\x01\x1b\x00\x00\x00\xcf\x94\xd8\xabk\x08f\xff\x93rMy\x89u\x8c\x1c\xb2Q\x7eL\x01J\xa3\xddtP\x0c</data></write>
    <read><length>4</length><match><data>\x9aI\xc5o</data></match></read>
    <!-- CHECK match rule -->
    <write><data>\x1d\x00\x00\x00M\xae\x7b6\x18\xefv\xa7I\xd4\x2f\xb3\x09\x95\x04S\xc3q\xa55:\xca\xbd\xc1\x2a\xab\x7c\x26O</data></write>
    <read><length>4</length><match><data>\x85\x3b\x08B</data></match></read>
    <!-- UPDATE -->
    <!-- update add -->
    <!-- update remove -->
    <!-- update add -->
    <!-- update remove -->
    <!-- update add -->
    <!-- update remove -->
    <!-- update add -->
    <!-- update add -->
    <write><data>\xbd\x00\x00\x00\x1a\xdb\xa70\x13g\xcb\xed\x00\x1b\x00\x00\x00\x12\x84\x26\xber\xa1k\xc0\xcag\xa2A.\xccj\x07\x12D\x90\x05HE\xc8E2\x12\xab\x01\x11\x00\x00\x00u\x5c\xacLo\x15?\x923\x97d\xfd9\x40\x01\x01\xae\x00\x15\x00\x00\x00vm\xc8\x00\xef\x0b\xadt\x17\x0f\xcb\x8cOJ\xfc\xa9\xb8\xd7\x088\x8e\x01\x15\x00\x00\x00vm\xc8\x00\xef\x0b\xadt\x17\x0f\xcb\x8cOJ\xfc\xa9\xb8\xd7\x088\x8e\x00\x09\x00\x00\x00\xd41\xbd\x7f\x2c\xe8\x8a\xd9\xf1\x01\x09\x00\x00\x00\xd41\xbd\x7f\x2c\xe8\x8a\xd9\xf1\x00\x15\x00\x00\x00v\xd5hV\xe9\xd5\xffO\xb5\x9c\x06 o\xf8\xf4\xb9B\xad\xa3IN\x00\x10\x00\x00\x00\xe5vEY\x87\x3b\x11\xe2\xadOA5\x18\x16NU</data></write>
    <read><length>4</length><match><data>\x9aI\xc5o</data></match></read>
    <!-- WHITELIST -->
    <write><data>\x16\x00\x00\x00\x9f\x05\xa5\x0f\xc4!\xaaN\x10qw\x7dH\xf6\x03\xd3\x9f\xfe\xfb\xbc\x01\xdb</data></write>
    <read><length>4</length><match><data>\x9aI\xc5o</data></match></read>
    <!-- WHITELIST -->
    <write><data>\x1b\x00\x00\x00\x9f\x05\xa5\x0f\xa1:\xda\xbe\x82w\xb1z6\x83\x08\x3ek\x05\xf9\x2f\xfaiP\x3bQ\x2b\xd6</data></write>
    <read><length>4</length><match><data>\x9aI\xc5o</data></match></read>
    <!-- WHITELIST -->
    <write><data>!\x00\x00\x00\x9f\x05\xa5\x0f\xc8b\xe2\x06\x2f\xc8A\xfd\x98\x93\xc1\xdd\x04\xda\x9e\x18\x13\x09\x5f\x1e\x02T\x13Z\x5b\x40\xb5\x29\x26</data></write>
    <read><length>4</length><match><data>\x9aI\xc5o</data></match></read>
    <!-- WHITELIST -->
    <write><data> \x00\x00\x00\x9f\x05\xa5\x0f\xdd\xf5e\x87\x2cM\x1fJ\xf0P\xb0\xcf\xa1\xecj\x14\xd2v\x11b\xc7\xb0?Y\xb8\x8e\xcd\xc0</data></write>
    <read><length>4</length><match><data>\x9aI\xc5o</data></match></read>
    <!-- WHITELIST -->
    <write><data>\x12\x00\x00\x00\x9f\x05\xa5\x0fG\x3e\xb7\xe7\xf7\x2c\xe6\xe0G\xa6\xe6\x9b\x0f\x8a</data></write>
    <read><length>4</length><match><data>\x9aI\xc5o</data></match></read>
    <!-- CHECK match rule -->
    <write><data>\x1b\x00\x00\x00M\xae\x7b6\x0c\x80\x827\xe5vEY\x87\x3b\x11\xe2\xadOA5\x18\x16NU\xa6\xfa\xde</data></write>
    <read><length>4</length><match><data>\x85\x3b\x08B</data></match></read>
    <!-- CHECK match rule -->
    <write><data>\x1e\x00\x00\x00M\xae\x7b6c\x10P\xbf\xc6\x26\x86\xacR\xf23N\xdc\xae\xbd\x9a\xcc\x8azM\x08\x01J\x29\xfcx</data></write>
    <read><length>4</length><match><data>\x85\x3b\x08B</data></match></read>
    <!-- UPDATE -->
    <!-- update add -->
    <!-- update add -->
    <!-- update add -->
    <!-- update add -->
    <!-- update add -->
    <!-- update add -->
    <write><data>\x7f\x00\x00\x00\x1a\xdb\xa70\x04\x7b\xcb\xed\x00\x05\x00\x00\x00\xb5UnyI\x00\x14\x00\x00\x00\xd6C\x04Z\x5d\xcdKH\xa8\xffM\xc2\xf5x\x193JZ\x2fH\x00\x11\x00\x00\x00\xe2\xa5\x1bk\xdf\xa4e\x5c\x13\xd6\xbc\xc3\x02T\xd6\xef!\x00\x16\x00\x00\x00\x8c\x82!\x9c\xcel\x0e\x90\x9b\x84\x93f\x8a\xda\xe3\x01\xae\x94\xbad\xbb\xac\x00\x11\x00\x00\x00\xf6\xe7\xe1\x22o\xaa\x86k??F5\x8fk\x8a\xce\xfe\x00\x08\x00\x00\x00x\xa5\xab\xf1s\xc8\xed\x60</data></write>
    <read><length>4</length><match><data>\x9aI\xc5o</data></match></read>
    <!-- CHECK ok -->
    <write><data>P\x00\x00\x00M\xae\x7b6\xc0\xa9\x00\x00\x0c\x00\x01\x00\xf6\xf4\xd3Mg\x89\x0e\xcc\x98\x9d\x95V\x80\xaeQ\xf9\x2f\xb3\x1e\xda\xde\xa0J\xf0\xe4B\x9dc\x26\xd9V\x1b\x0c\x60\xbc\xd5C\xfe\xffv\xe5\x80MG\x80\x90\x2b\xdeW\x07\x7e\x0b\xc9\x1bn\xf8n\x04\xc0\x28\xd6\x99\xc7\xd24\x1a\x00\x83</data></write>
    <read><length>4</length><match><data>\x9aI\xc5o</data></match></read>
    <!-- UPDATE -->
    <!-- update add -->
    <!-- update add -->
    <!-- update add -->
    <!-- update add -->
    <!-- update add -->
    <!-- update add -->
    <!-- update add -->
    <write><data>\x9d\x00\x00\x00\x1a\xdb\xa70\xf6o\xcb\xed\x00\x12\x00\x00\x00\x9dX\xc5\xc8\xf7G\x00\x3d\x9d\x99y\xddU\x92\xbf0 \xf0\x00\x0f\x00\x00\x000\x01\x86\x86\xd6\x1eo\x987sM\x1e\x80\xc6X\x00\x09\x00\x00\x00K\xb2\x87PK\xac\x9d\xf92\x00\x16\x00\x00\x00\xa6\xab\x1dfW\x98\xb4\xc9T\x80U\x1c.\x12q\x95\x11:\x5e\xbf\xac\x5b\x00\x09\x00\x00\x00\x0b\x00A\x94f\x92y\x94\xad\x00\x0c\x00\x00\x00\x90s\x29u\xdd\x89\xab\xe2\xeb\x1b1\xf5\x00\x1d\x00\x00\x00\xb2\xfa\x93\xc3\xdd\xd1s\x5b\xeb\xe9\xfb\x25x\xa3T\xf0\xc2J\x3dM\xcc0\xef\x3db\xb4\x87\xb4\xc7</data></write>
    <read><length>4</length><match><data>\x9aI\xc5o</data></match></read>
    <!-- UPDATE -->
    <!-- update add -->
    <!-- update add -->
    <!-- update add -->
    <!-- update remove -->
    <!-- update remove -->
    <!-- update add -->
    <!-- update add -->
    <!-- update add -->
    <!-- update add -->
    <!-- update add -->
    <write><data>\x1f\x01\x00\x00\x1a\xdb\xa70\xc38\xcb\xed\x00\x1a\x00\x00\x00\xc4\xc6\x60\xf6\xd4G\xb6\x24A\xbb\xd7\xd4fsr\x5e\xe9PF\x0c\xe1\x7e\x1a\xc0\x3d\xbb\x00\x1e\x00\x00\x000\x0eE\xce\x9e\xe8h\x8e\x60\xd3T\xd2\x89sP\xce7z\xa7TM6U\xa5\x93D\xe0\xfd P\x00\x10\x00\x00\x00\x26m\xdcf\xb8\x9c\xa1l\xf70\xaa\xb6\x87\x9e\x03N\x01\x10\x00\x00\x00\x26m\xdcf\xb8\x9c\xa1l\xf70\xaa\xb6\x87\x9e\x03N\x01\x1e\x00\x00\x000\x0eE\xce\x9e\xe8h\x8e\x60\xd3T\xd2\x89sP\xce7z\xa7TM6U\xa5\x93D\xe0\xfd P\x00\x1e\x00\x00\x00\xccp\x93\x8d\x27\xeb\xc8\xa6\x8e\x9a\xc4\x15\x1f\x9a\xb4\x23z\xbaRVz\x0b\xcc\x08\x5f\x5ez\xb2\x17\x02\x00\x1c\x00\x00\x00\xd9NU\x11\xa1\xb2H\x18\x9c\x832\x7e\xf1\x85\xa1\x04\xe6E\xb98\xbd\xbc\xa2\xa7\x07nh\xda\x00\x13\x00\x00\x00\x29\x9f9\xac\xb8\x13xJ\x92\xf0\x23\x60\xb3v\x7d\x0f\xe7\x0a\x14\x00\x17\x00\x00\x00\xa3Q\x9bP\xd7\xdbw\x0cK\xaf\x12\x97!\xe9\x17q\xdf\x90\xa5x\x7e\xc5\x28\x00\x0b\x00\x00\x00\xadyb\x8c\xb1\xd2\x8c\x88\xa9\x19t</data></write>
    <read><length>4</length><match><data>\x9aI\xc5o</data></match></read>
    <!-- WHITELIST -->
    <write><data>\x1d\x00\x00\x00\x9f\x05\xa5\x0f\xea\x8a\xe8\x103Y\xbe\xc5\xaa\xc5\x9d\x5d\xebf\xfd\x3c\xa94B\x8b\xa2c\x04\x27\x22</data></write>
    <read><length>4</length><match><data>\x9aI\xc5o</data></match></read>
    <!-- WHITELIST -->
    <write><data>\x1b\x00\x00\x00\x9f\x05\xa5\x0f\xca\x13\x07\x05\x04\xee\x9b\xd8U\xb9\x94?\x98Wg\x0e\x29\xa5\x0c\xaf\xe9\xc0\x25</data></write>
    <read><length>4</length><match><data>\x9aI\xc5o</data></match></read>
    <!-- CHECK match rule -->
    <write><data>\x27\x00\x00\x00M\xae\x7b6\xa7\xd9NU\x11\xa1\xb2H\x18\x9c\x832\x7e\xf1\x85\xa1\x04\xe6E\xb98\xbd\xbc\xa2\xa7\x07nh\xda7\xab\x0a\xae\x98\x81</data></write>
    <read><length>4</length><match><data>\x85\x3b\x08B</data></match></read>
    <!-- WHITELIST -->
    <write><data>\x19\x00\x00\x00\x9f\x05\xa5\x0f\x0a\x00\x80\xb1Y\x95\x861\xc5\xab\x26\xf2ZH\x8a\xe6G\xce\x94\xb1\x14</data></write>
    <read><length>4</length><match><data>\x9aI\xc5o</data></match></read>
    <!-- CHECK ok -->
    <write><data>\x27\x00\x00\x00M\xae\x7b6s\x9d\x9a\xeea\x97\x91\xfe\x3c\x01\x24\xd61\x9e\x17\x00\x90\xb0\xa4\xad\xf1\xaeg\x2b\x7c\x01\x7cZ\xca \x8e\xa5\xfa\xffo</data></write>
    <read><length>4</length><match><data>\x9aI\xc5o</data></match></read>
    <!-- CHECK ok -->
    <write><data>\x0e\x00\x00\x00M\xae\x7b6A\xf9\x8a\x2f\x14\x1c\x06\xb1q\xac</data></write>
    <read><length>4</length><match><data>\x9aI\xc5o</data></match></read>
    <!-- WHITELIST -->
    <write><data>\x0e\x00\x00\x00\x9f\x05\xa5\x0f\xcc\x81\xe8jfW\xc5\x3e\xec\x8b</data></write>
    <read><length>4</length><match><data>\x9aI\xc5o</data></match></read>
    <!-- UPDATE -->
    <!-- update add -->
    <!-- update add -->
    <!-- update remove -->
    <!-- update add -->
    <!-- update remove -->
    <!-- update add -->
    <!-- update add -->
    <write><data>\xaa\x00\x00\x00\x1a\xdb\xa70\x1ck\xcb\xed\x00\x1d\x00\x00\x00\x06\x0b\xb8\x8c\x06t\x06T\x9c\x60\xfa\xb8\x3b\xa4\xddV\xd5b\x3c\xf8\x02\x09\x0b\xf1\x0c\xf1\x0d\xa2.\x00\x14\x00\x00\x00\x0b\xc1\x8e\xc0\xf5\xf1\xf7rt\x3eW\x24\x89\xf6\xc2\x3c\x83\xadS4\x01\x13\x00\x00\x00\xd4\x2f\xb3\x09\x95\x04S\xc3q\xa55:\xca\xbd\xc1\x2a\xab\x7c\x26\x00\x10\x00\x00\x005\xbb\xea\xb7il\xfe\xce\xddf\x1f\xf0\x99\xe6\x9c\xe1\x01\x09\x00\x00\x00K\xb2\x87PK\xac\x9d\xf92\x00\x11\x00\x00\x00\x29\x99\xfe\x9dkhA\xa5\x07\x7dI\x18\x9fH\xa1\xafF\x00\x11\x00\x00\x003\xc7\xd3\xb8\xa8\xbbh\x9f\x01\x24x\x02W98\x99\xc0</data></write>
    <read><length>4</length><match><data>\x9aI\xc5o</data></match></read>
    <!-- WHITELIST -->
    <write><data>\x17\x00\x00\x00\x9f\x05\xa5\x0f\xcb\x5c\xe7\x60\x2b\x06\xae\x0e\xf2\xa5\xba2\x2f\xd1V\x7e \x26\x3b</data></write>
    <read><length>4</length><match><data>\x9aI\xc5o</data></match></read>
    <!-- WHITELIST -->
    <write><data>\x19\x00\x00\x00\x9f\x05\xa5\x0fuB\xdeH\x3e\xe3\x10A\xc8\xe0\x18\x9fM\xe2\x87P\x81\x22\xa2\xde\xc5</data></write>
    <read><length>4</length><match><data>\x9aI\xc5o</data></match></read>
    <!-- UPDATE -->
    <!-- update remove -->
    <!-- update remove -->
    <!-- update add -->
    <!-- update add -->
    <!-- update remove -->
    <!-- update add -->
    <!-- update add -->
    <!-- update add -->
    <write><data>\xc1\x00\x00\x00\x1a\xdb\xa70\x99a\xcb\xed\x01\x1b\x00\x00\x00\x12\x84\x26\xber\xa1k\xc0\xcag\xa2A.\xccj\x07\x12D\x90\x05HE\xc8E2\x12\xab\x01\x14\x00\x00\x00\x0b\xc1\x8e\xc0\xf5\xf1\xf7rt\x3eW\x24\x89\xf6\xc2\x3c\x83\xadS4\x00\x07\x00\x00\x00\xd8\xbe2\xf5K\xe1\xf1\x00\x16\x00\x00\x00\xb3\x7fPY\xf2\xa50\x7d\x2a\x9a\x09\xb3N\x87\x8f\x93\x94\x5c\x12\x27S\xd4\x01\x0c\x00\x00\x00\x90s\x29u\xdd\x89\xab\xe2\xeb\x1b1\xf5\x00\x08\x00\x00\x00\x02\xbf\x2fS\x5e\xc1\x2a\xb9\x00\x14\x00\x00\x00\xfe\xf1\x9f\x26cu2K5\xbfK\x06\x27\xd4\x5b\xc1\xd0\x8d\xd8\xed\x00\x1d\x00\x00\x00\xf2\xcb\x3b\x0e\x1c\xb5\xd6\x8d\xed?\x97\x88\xb4\x9e2\x9c\xba\x88\xea\xf7\x12r\x40\x0721\xeayA</data></write>
    <read><length>4</length><match><data>\x9aI\xc5o</data></match></read>
    <!-- CHECK match rule -->
    <!-- whitelist -->
    <write><data>\x2c\x00\x00\x00M\xae\x7b6\x91\xd1\xce\xdf\x2aD\xdc\x15\xbc\x7e\xc3c\xb35\x82V\xdb\xb8\xa8\xad\xb9\xc8\x80\xa0\xd5\xe9\xea3\xe6t\xc1i\xa8bc\x18\x7b\xc2G\x04</data></write>
    <read><length>4</length><match><data>\x9aI\xc5o</data></match></read>
    <!-- UPDATE -->
    <!-- update add -->
    <!-- update add -->
    <!-- update add -->
    <!-- update add -->
    <!-- update add -->
    <!-- update add -->
    <!-- update add -->
    <!-- update add -->
    <write><data>\xc5\x00\x00\x00\x1a\xdb\xa70\x1f\x5d\xcb\xed\x00\x06\x00\x00\x00Q\x89\xf4\x92s\xf7\x00\x16\x00\x00\x00\xa5\x89\xaa\x1cP\xb1\xdb\xe5\x06v\xef\x29\x86\x9a\xa4\xfa\xcd\x0c9\x84d\x5d\x00\x17\x00\x00\x00\xac\xabl\xaf\x5d\xedvt\x9cC\xe1\xea\x7b\xe9n\xa5\x89Pj\xbf\xed\xaf\xe9\x00\x08\x00\x00\x008\x8d\x83t\xa9\x2f\x2b\x0d\x00\x0f\x00\x00\x00i\x177l\xddOOXNV\x29\xd4\xc6Ky\x00\x1d\x00\x00\x00\xb5pH\xb9\x0d\xa7\x2c\x85C\xf7\x0b\x24\xec\x8cv\xbfL\xce\xd2\x94N\xc1\xbf\x12qa\x04\x05\x7c\x00\x14\x00\x00\x00\x18\xe1s5\x06\xa0\xdf\xae\x10\x97\xc2\xce!\xcf\xcb\x81\xea\xea\xb8B\x00\x1a\x00\x00\x00r\xeek\x97q\x28V\x18z\x8c\x09\x9a\xe0\xa3m\xd2\xe7\x8a\x80B\xac\xf49\x3be\x84</data></write>
    <read><length>4</length><match><data>\x9aI\xc5o</data></match></read>
    <!-- UPDATE -->
    <!-- update add -->
    <!-- update add -->
    <!-- update remove -->
    <!-- update add -->
    <!-- update add -->
    <!-- update remove -->
    <!-- update add -->
    <!-- update add -->
    <write><data>\xb8\x00\x00\x00\x1a\xdb\xa70\xceg\xcb\xed\x00\x09\x00\x00\x00\x5eDDg\xf3\xd8\xbb\xbd\xfa\x00\x17\x00\x00\x00\x15N\x00\xdf\x1f\x3e\x08\xe7\x06\xcf\xc2\x2c\xb1\xe1\xc3\xe5\x7f\x3b\xb5\x7crfu\x01\x09\x00\x00\x00\x0b\x00A\x94f\x92y\x94\xad\x00\x14\x00\x00\x00\x85\x1ck\x02\x24\xfd\xf4\x81\x8e\xb9\xb2\x99\xca\x8a\xbc\xc1\x8b\xe2\x26\x96\x00\x0e\x00\x00\x00b\xe2\xce\x09\xc1\x83m\x15\xa1\x1a\x07\x0a\xdac\x01\x1d\x00\x00\x00\xb5pH\xb9\x0d\xa7\x2c\x85C\xf7\x0b\x24\xec\x8cv\xbfL\xce\xd2\x94N\xc1\xbf\x12qa\x04\x05\x7c\x00\x10\x00\x00\x00\xd7\x29\x8f\xfc\x98\x3b\x87\x13\x13\xf5\x2d?L\x22\xc0\xe6\x00\x10\x00\x00\x00\xd4\x23\xaa\xbd\xb8S\xb6\xe8\x3eB\x11\xf1\x1cAi\x10</data></write>
    <read><length>4</length><match><data>\x9aI\xc5o</data></match></read>
    <!-- CHECK match rule -->
    <!-- CHECK exe wrapper -->
    <write><data>z\x00\x00\x00M\xae\x7b6r\x94\x26N\xb9\xf9\x1f\x05\xb9\xf9\x1f\x05C\x00\x00\x00\xfc\xf9\x1f\x05\x13\x00\x00\x00\x0f\xfa\x1f\x05\xd8\x5e\x01\x00\x60\xe8\x00\x00\x00\x00Z\x81\xc2\x3d\x00\x00\x00GOGOFN\x40HDLBJ\x89\xd3\x81\xc3\x13\x00\x00\x00\x89\xd09\xd8t\x0d\x81\xb0\x00\x00\x00\x00F\x00\x00\x00\x40\xeb\xefEM\x40HFNBJFNFNCKau\x81\x95\xfe\xee\xfd.\xd9Gb\x3eD\x11\x7f\x7e\xdf\x86!\x23</data></write>
    <read><length>4</length><match><data>\x85\x3b\x08B</data></match></read>
    <!-- CHECK ok -->
    <write><data>\x22\x00\x00\x00M\xae\x7b6\x92\x82\xe5\x29\xd5\xf3\x3e\x86IAth\x28\x03\x8bT\xad59\xed\x23\xc2\xe2\xd0\x7eRz\x0b\x3ef</data></write>
    <read><length>4</length><match><data>\x9aI\xc5o</data></match></read>
    <!-- CHECK match rule -->
    <!-- CHECK exe wrapper -->
    <write><data>\x09\x02\x00\x00M\xae\x7b6r\x94\x26NhH\xdc\x00hH\xdc\x00\xbe\x01\x00\x00\x26J\xdc\x00\x27\x00\x00\x00MJ\xdc\x00\xed\x8c\x04\x00\x60\xe8\x06\x00\x00\x00\x85Xb\xbd\xba\xf8X\x81\xc0\xb8\x01\x00\x00EM\x40H\x40HBJFNEMGOBJFNBJ\x81\xb0\x00\x00\x00\x00H\x00\x00\x00\x81\xb0\x01\x00\x00\x00H\x00\x00\x00\x81\xb0\x02\x00\x00\x00H\x00\x00\x00\x81\xb0\x03\x00\x00\x00H\x00\x00\x00\x81\xb0\x04\x00\x00\x00H\x00\x00\x00\x81\xb0\x05\x00\x00\x00H\x00\x00\x00\x81\xb0\x06\x00\x00\x00H\x00\x00\x00\x81\xb0\x07\x00\x00\x00H\x00\x00\x00\x81\xb0\x08\x00\x00\x00H\x00\x00\x00\x81\xb0\x09\x00\x00\x00H\x00\x00\x00\x81\xb0\x0a\x00\x00\x00H\x00\x00\x00\x81\xb0\x0b\x00\x00\x00H\x00\x00\x00\x81\xb0\x0c\x00\x00\x00H\x00\x00\x00\x81\xb0\x0d\x00\x00\x00H\x00\x00\x00\x81\xb0\x0e\x00\x00\x00H\x00\x00\x00\x81\xb0\x0f\x00\x00\x00H\x00\x00\x00\x81\xb0\x10\x00\x00\x00H\x00\x00\x00\x81\xb0\x11\x00\x00\x00H\x00\x00\x00\x81\xb0\x12\x00\x00\x00H\x00\x00\x00\x81\xb0\x13\x00\x00\x00H\x00\x00\x00\x81\xb0\x14\x00\x00\x00H\x00\x00\x00\x81\xb0\x15\x00\x00\x00H\x00\x00\x00\x81\xb0\x16\x00\x00\x00H\x00\x00\x00\x81\xb0\x17\x00\x00\x00H\x00\x00\x00\x81\xb0\x18\x00\x00\x00H\x00\x00\x00\x81\xb0\x19\x00\x00\x00H\x00\x00\x00\x81\xb0\x1a\x00\x00\x00H\x00\x00\x00\x81\xb0\x1b\x00\x00\x00H\x00\x00\x00\x81\xb0\x1c\x00\x00\x00H\x00\x00\x00\x81\xb0\x1d\x00\x00\x00H\x00\x00\x00\x81\xb0\x1e\x00\x00\x00H\x00\x00\x00\x81\xb0\x1f\x00\x00\x00H\x00\x00\x00\x81\xb0 \x00\x00\x00H\x00\x00\x00\x81\xb0!\x00\x00\x00H\x00\x00\x00\x81\xb0\x22\x00\x00\x00H\x00\x00\x00\x81\xb0\x23\x00\x00\x00H\x00\x00\x00\x81\xb0\x24\x00\x00\x00H\x00\x00\x00\x81\xb0\x25\x00\x00\x00H\x00\x00\x00\x81\xb0\x26\x00\x00\x00H\x00\x00\x00CKAIAI\x40HGOAIGOFNa\x8e\x3c\x98\xf0\xba\x83sFT\xfd\x9e\xc5\xa5w\xdf\xc0\xfc\xd6z\xd4\xf2\xc0\xa2\xbfZ:\x08Ozy\xa21\x09\xb9D\x25\xf3\xba\x23</data></write>
    <read><length>4</length><match><data>\x85\x3b\x08B</data></match></read>
    <!-- CHECK ok -->
    <write><data>\x24\x00\x00\x00M\xae\x7b6\xd2\xc8\xaa\x9a\x0aa\xf1M\x1f1\xd73\xde?\xae\x5b\xdb\x9f\xac\xf5\x80\xb6\xed\xbe\x1bsAy\x1f\xdc\xdch</data></write>
    <read><length>4</length><match><data>\x9aI\xc5o</data></match></read>
    <!-- WHITELIST -->
    <write><data>\x11\x00\x00\x00\x9f\x05\xa5\x0f\x7fk\xf8h\xd3M\xd4\x88\x97\x10\xdf\x88\xb8</data></write>
    <read><length>4</length><match><data>\x9aI\xc5o</data></match></read>
    <!-- CHECK ok -->
    <write><data>!\x00\x00\x00M\xae\x7b6\xa9.\x3c\xa7\xb3\x11\x22A\xe2g\xbb\x14\xfb\x7e6\x2b\x24\x1a\x9dp\xf1\xeb\xffwe\x9c\xf0\xcf\x0e</data></write>
    <read><length>4</length><match><data>\x9aI\xc5o</data></match></read>
    <!-- WHITELIST -->
    <write><data>\x1b\x00\x00\x00\x9f\x05\xa5\x0f\x17\xf4\x40\x5d\xf7\xa4\x95G\x7e\x28\x7f\x11\x5ejj\xbc\x82 \xc5\xbc\xa4\xe9\xcf</data></write>
    <read><length>4</length><match><data>\x9aI\xc5o</data></match></read>
    <!-- UPDATE -->
    <!-- update add -->
    <!-- update add -->
    <!-- update add -->
    <!-- update add -->
    <!-- update add -->
    <!-- update remove -->
    <!-- update add -->
    <write><data>\xb8\x00\x00\x00\x1a\xdb\xa70\xb0\x5f\xcb\xed\x00\x0e\x00\x00\x00\xc9\xc8mfB\xe6\x27m\xae\x27\x01\x3c\x89\xd9\x00\x1e\x00\x00\x00\xc5\x22\x3e\xf1lq\xfa\x3e\xb8\x1aV\x0eT\xe0\x98\x5d\xfcC\x14\xf8v\xb0\x2d\x3c\x27\x07\x1f9\x097\x00\x16\x00\x00\x00\x28\x2de\xf7\xdf\x24\xafuz\xed\xcc\x8df\x94\xcd\xd9\xf7\xa4\xe2\xa6\x08\xbb\x00\x19\x00\x00\x00\xf0\xf8\xfe\xb2\x40\xc6\xcf\x99\x8c\xec\x7b\x89\xf6\xb5\x89\xae\xecS\x85\xe6\x5f\x95h\xcd\xf3\x00\x1c\x00\x00\x00?\xfa\xe9\xfd\x89.\x12\xde\xc6\xab\x27\x9ezr\xd4R\xcfm\x5c.\x82\xe7I\x23\x814\x29j\x01\x0e\x00\x00\x00\xc9\xc8mfB\xe6\x27m\xae\x27\x01\x3c\x89\xd9\x00\x08\x00\x00\x00\xc6E\xed\xb9\xb9\x06F\x09</data></write>
    <read><length>4</length><match><data>\x9aI\xc5o</data></match></read>
    <!-- CHECK exe wrapper -->
    <!-- CHECK ok -->
    <write><data>x\x00\x00\x00M\xae\x7b6r\x94\x26N\x88\x16\xce.\x88\x16\xce.\x3e\x00\x00\x00\xc6\x16\xce.\x16\x00\x00\x00\xdc\x16\xce.a\x8d\x0e\x00\x60\xe8\x04\x00\x00\x00Dq\xc0\x1dX\x81\xe8\xc8\xff\xff\xffGOAICK\x40H\xc7\xc1\x16\x00\x00\x00\xc7\xc2\x00\x00\x00\x009\xcat\x0a\x814\x10J\x00\x00\x00B\xeb\xf2\x40H\x40HDL\x40HEMaI\x15\x7d\x98\xd2\xab\x19\xc5\xc6\x5eBk\xfd\xc7\x9d\x9f\xcdI\xcaq\x12\x40</data></write>
    <read><length>4</length><match><data>\x9aI\xc5o</data></match></read>
    <!-- UPDATE -->
    <!-- update add -->
    <!-- update add -->
    <!-- update add -->
    <!-- update add -->
    <!-- update remove -->
    <!-- update remove -->
    <!-- update remove -->
    <write><data>\xab\x00\x00\x00\x1a\xdb\xa70\xedl\xcb\xed\x00\x19\x00\x00\x00\x7d\xd2\xbfyV\xdc\x2d\x92\x40c\x06\x86\x5c\xbd\xa0\xd4\x0f\x09\xba\xb1\xa4\x28\xc2\x1b\xa9\x00\x0f\x00\x00\x00\x19\x02\xfc\x40\x23\x3b\xb8\x40\x7b\x05\xbb\x97c\x5c\xeb\x00\x09\x00\x00\x00\x26\xbd\xb9k\x07s\xd8?\x06\x00\x17\x00\x00\x00t\xabH\xd0\xedo\xdb\x1d\x89\xba3ER\x24\xa6\xcc\xe5\xd4D\xdc\x24\x12\x3b\x01\x0f\x00\x00\x00i\x177l\xddOOXNV\x29\xd4\xc6Ky\x01\x17\x00\x00\x00\xa3Q\x9bP\xd7\xdbw\x0cK\xaf\x12\x97!\xe9\x17q\xdf\x90\xa5x\x7e\xc5\x28\x01\x12\x00\x00\x00\x9dX\xc5\xc8\xf7G\x00\x3d\x9d\x99y\xddU\x92\xbf0 \xf0</data></write>
    <read><length>4</length><match><data>\x9aI\xc5o</data></match></read>
    <!-- WHITELIST -->
    <write><data>\x1a\x00\x00\x00\x9f\x05\xa5\x0f\x26\xc2\x02\xf8\xfb\xf9HA9\xd0\xb3\x0d\x86\xe1I\x90\xe8\xc5\x88\x92\x8c\x08</data></write>
    <read><length>4</length><match><data>\x9aI\xc5o</data></match></read>
    <!-- UPDATE -->
    <!-- update add -->
    <!-- update add -->
    <!-- update add -->
    <!-- update add -->
    <!-- update add -->
    <!-- update add -->
    <!-- update add -->
    <!-- update add -->
    <!-- update add -->
    <!-- update remove -->
    <write><data>\xec\x00\x00\x00\x1a\xdb\xa70\xebS\xcb\xed\x00\x10\x00\x00\x00\xd9T\xe9E\x82B2\x8cup\x9b\xc4\xa5\x82o\xf2\x00\x19\x00\x00\x00\x8b\x7d\xe4\x18\xdf?\xc5\x25\xa3a\x8a\xee\xc2\xa5\x40\xb9g\xee\xfb\xdd\x5e\x0bR\xb6J\x00\x06\x00\x00\x00 \x85\x278\x91\xe5\x00\x15\x00\x00\x00\x15.\xa66\x5b\x80\xebJF\xe2\x2c\x02\x60\x10\x23\x95\xac\xa1\xed\xd2s\x00\x0e\x00\x00\x00\xf7e\xe3N\xd9W\xcb\x80\xdf\x2d?g\xa8w\x00\x0f\x00\x00\x00\xd6Y\x7c\xf3\xa7\x5e\x15\x16F\x0c\x0aM\xb3gJ\x00\x17\x00\x00\x00vA\xb7U\x10\x3d\x27\x19\x98\x3d\xcf\x1953\xac\x2a.K\xa1z\xf6\xa4\x83\x00\x12\x00\x00\x00\x83\x26EaWVr\xae\xd0O\xebI\xfesV\x8c\x10\xef\x00\x19\x00\x00\x00:\x8f\xd9p\x0a\xfa\x96\xc9\xa7\xcf\x2a\xf3\x91\x60\x14\xd8\x09\xce\xfcEx\x2c\xf94c\x01\x0f\x00\x00\x00\x19\x02\xfc\x40\x23\x3b\xb8\x40\x7b\x05\xbb\x97c\x5c\xeb</data></write>
    <read><length>4</length><match><data>\x9aI\xc5o</data></match></read>
    <!-- WHITELIST -->
    <write><data>\x13\x00\x00\x00\x9f\x05\xa5\x0f\xc1\xcc\x09\xb5\xf5\xbcx\x0b\xd4\x1e\x60\x05\xcb\x2fP</data></write>
    <read><length>4</length><match><data>\x9aI\xc5o</data></match></read>
    <!-- UPDATE -->
    <!-- update add -->
    <!-- update add -->
    <!-- update add -->
    <!-- update add -->
    <!-- update remove -->
    <!-- update add -->
    <!-- update add -->
    <!-- update remove -->
    <!-- update add -->
    <!-- update add -->
    <write><data>\xe8\x00\x00\x00\x1a\xdb\xa70FY\xcb\xed\x00\x17\x00\x00\x00\x94\xa0e\x97M\xd0\x8bO\xd4\x99\xf3\xc8\xbd\xc0\x1cp\xda\x15\x05\xac\x5e\x01\x60\x00\x0b\x00\x00\x009\x27\x07\xe6\x24\xdb\x9c\x24\xca\xf4g\x00\x0a\x00\x00\x00\xe2\x02\x23\x17\xd2\x14\x89\xb3\xac\x03\x00\x0f\x00\x00\x00\x0d7!\x97\x1c\xca\xa2\x12\x3bbo\x22\xfb\x290\x01\x16\x00\x00\x00\xc6\x26\x86\xacR\xf23N\xdc\xae\xbd\x9a\xcc\x8azM\x08\x01J\x29\xfcx\x00\x1c\x00\x00\x00Hi\x99\xb3\x91\x7c\xa6Y\xb0\x03\xe0\x7e?u4J\x80\xb0\x8eY\x9d\x8a\xa1\xdb\x9d\x8f\xcb\xaa\x00\x16\x00\x00\x00\xcc\xe8\x24\x0b\xa6\xfb\xa9\xb6\x11\xc7x\x01\xbc\x9f\xab\xd0\x29C\x84\x1e\x22\xc3\x01\x10\x00\x00\x00\xe5vEY\x87\x3b\x11\xe2\xadOA5\x18\x16NU\x00\x0e\x00\x00\x00\x2ay\xa3\xd6\x97\xd2\x02\x25\x3b\x1a\x25\x84\x0b\xa5\x00\x0d\x00\x00\x00\xd0\xfe\x92\x9cR \x2a\x10Q\xee\x60m\x2f</data></write>
    <read><length>4</length><match><data>\x9aI\xc5o</data></match></read>
    <!-- UPDATE -->
    <!-- update add -->
    <!-- update add -->
    <!-- update add -->
    <!-- update add -->
    <!-- update add -->
    <!-- update add -->
    <!-- update add -->
    <!-- update add -->
    <write><data>\xd0\x00\x00\x00\x1a\xdb\xa70j\x5e\xcb\xed\x00\x15\x00\x00\x00j\xfd\xbb\x86Q\xdeqNNE\xd5\xbb\xabUYA7\x9b\xa4\xb4\x10\x00\x19\x00\x00\x00\x19\x1b\x18\xbf\xe1\x0bMn\x8e\x2c\xab\xa9L\xd2st\x1a\xcdn\x7eK\xeb\x14\x81\xb7\x00\x16\x00\x00\x00z\x29\x93\x22\x0d\x5d\x00\x03\xb16\xe5\x29\x99\x97\xce\x5c\x8d\x91\x1f\xd3c\x7e\x00\x12\x00\x00\x00\x8b\x81\xe8\x5b\x1f\x92\x113\xf5\x0fX\xdc\x25\xd1\x8b\xfb\x97\x92\x00\x07\x00\x00\x00Ca\xf5\x83\x9fQ\x5f\x00\x17\x00\x00\x00\x94\xa8SkY2nT\xeb\x00\xad\x8e\xc7\x2f\xb6\x8d\x97\xfaw\x27\xf8\x9b\x2a\x00\x12\x00\x00\x00\x11\xd0\x28\xed\xe8\x80\x1e\x1a\xbd\x18\x24V\x7d\xb8\xc9\x7f\xaf\x8a\x00\x1a\x00\x00\x00\x8c\xbd\x3e\xd6\xfc\xa8\x93\x0fz\xab\x3c\x1d\x2cq\x15\x0ac\xdc\x9aA\xf8U\x07\x00\xb9\x15</data></write>
    <read><length>4</length><match><data>\x9aI\xc5o</data></match></read>
    <!-- WHITELIST -->
    <write><data>\x11\x00\x00\x00\x9f\x05\xa5\x0f\xce\x13\xd2\xfa\x8bk\xd4\x5f\xb3\x0d\xf45\x1e</data></write>
    <read><length>4</length><match><data>\x9aI\xc5o</data></match></read>
    <!-- UPDATE -->
    <!-- update add -->
    <!-- update add -->
    <!-- update remove -->
    <!-- update add -->
    <!-- update add -->
    <!-- update add -->
    <!-- update add -->
    <!-- update add -->
    <!-- update remove -->
    <!-- update remove -->
    <write><data>\x04\x01\x00\x00\x1a\xdb\xa70\xb6?\xcb\xed\x00\x14\x00\x00\x00\x15O\xba\x90\x2a\x24\x22Z\x15\x19?y\xf5\x14\xddbY\x94\xa3\xe7\x00\x06\x00\x00\x00\xab?\xf50\x80\xb7\x01\x14\x00\x00\x00\x18\xe1s5\x06\xa0\xdf\xae\x10\x97\xc2\xce!\xcf\xcb\x81\xea\xea\xb8B\x00\x11\x00\x00\x00\xf4\x07\xf1\xf3n\xc1\x9f\xec\x04\xedI4\xdd\xd0\x12\x0fv\x00\x1b\x00\x00\x00\x87\x9e\xc5R\xce\x83\xa7\x01\xf7\xdau\xe3\xf1\xae\xa1\xa9\x2b\xbe\x24\xe0\x8a\xcf\xc6\xd3E\x14\x2b\x00\x19\x00\x00\x00\x9b\xdf\xc8\xa4\xb4\xe9M\x1b\x1fUd\xf5\xc4\xe6\x19\x40Y\x80\x23\xff\xf8\xd0y\xce\x22\x00\x1a\x00\x00\x00\xe7j\xca\xb5\x9f\xb5\x13\xa1\xf3d\xa2\x22\x17\x1a\xca\xda\x3b\x89Xw\x0d\xc8\x22\x7bh\x83\x00\x1e\x00\x00\x00\xac\x7fS\x2f\xde\x05\xbdV\x7d\xbeD\x3e\xb1\xe9\xf7v\xbc\x97\xbf\xfaG\x8a\xa3A\x88\xe7\x04b\xcd3\x01\x17\x00\x00\x00\x94\xa0e\x97M\xd0\x8bO\xd4\x99\xf3\xc8\xbd\xc0\x1cp\xda\x15\x05\xac\x5e\x01\x60\x01\x08\x00\x00\x00\x02\xbf\x2fS\x5e\xc1\x2a\xb9</data></write>
    <read><length>4</length><match><data>\x9aI\xc5o</data></match></read>
    <!-- WHITELIST -->
    <write><data>\x1e\x00\x00\x00\x9f\x05\xa5\x0f\xe8\x1b\x2d\xa8\xc9D\xe7\xd6\xf0\xe1\x22R\x3bB\x7dOq\xa2k\x1cz\x18\x1d\xb4\x1d\xd0</data></write>
    <read><length>4</length><match><data>\x9aI\xc5o</data></match></read>
    <!-- WHITELIST -->
    <write><data>\x1c\x00\x00\x00\x9f\x05\xa5\x0f\x0e\x80b\x05\x3b\x93.\x06\xbd8V\xe8\xd4\x5c\xb8\x19\x8c\xcc\xf6\xc7\x9b\x87\x1eC</data></write>
    <read><length>4</length><match><data>\x9aI\xc5o</data></match></read>
    <!-- WHITELIST -->
    <write><data>\x1a\x00\x00\x00\x9f\x05\xa5\x0f\xca\x13a\xca\xf1\x26S4be\x8dq\xb0\xfc\x97t0\x1e\x13b\xc1K</data></write>
    <read><length>4</length><match><data>\x9aI\xc5o</data></match></read>
    <!-- CHECK ok -->
    <write><data>\x06\x00\x00\x00M\xae\x7b6H\xd9</data></write>
    <read><length>4</length><match><data>\x9aI\xc5o</data></match></read>
    <!-- CHECK match rule -->
    <write><data>\x0d\x00\x00\x00M\xae\x7b6e\xd4\xe5Q\x89\xf4\x92s\xf7</data></write>
    <read><length>4</length><match><data>\x85\x3b\x08B</data></match></read>
    <!-- CHECK ok -->
    <write><data>\x10\x00\x00\x00M\xae\x7b6P8TlG\x23\x9c\xda\x9fC\x1a\x88</data></write>
    <read><length>4</length><match><data>\x9aI\xc5o</data></match></read>
    <!-- UPDATE -->
    <!-- update add -->
    <!-- update add -->
    <!-- update add -->
    <!-- update add -->
    <!-- update add -->
    <!-- update add -->
    <!-- update remove -->
    <!-- update add -->
    <!-- update remove -->
    <!-- update remove -->
    <write><data>\xe2\x00\x00\x00\x1a\xdb\xa70\xfdT\xcb\xed\x00\x11\x00\x00\x00\xc8A\x8f\xf9\x80\x10mI\xcfL\xbb\xa7\x60\x06\x19\xd7\xdf\x00\x1b\x00\x00\x00f\xecj4\xd3s\x16\xd6Xnzw\x07\xd2\x0c\x88\xc8\x9e\x84\x80\x047\xdb0\xaa\x5dd\x00\x0e\x00\x00\x00\xc3\xcd\xa0\xc7\x96\x8f\xe2!\x29\xa1q\xaf\x0b\xf5\x00\x0e\x00\x00\x00\x1d\xfe\xd6j\xf8\x8b\xff\xb3\xd7f\xb3\xbd\x85\x03\x00\x08\x00\x00\x00\x92\x89\xafo\x5c\x07\xa60\x00\x07\x00\x00\x00gj\x28mdF\x7e\x01\x0f\x00\x00\x000\x01\x86\x86\xd6\x1eo\x987sM\x1e\x80\xc6X\x00\x18\x00\x00\x007\xea\xf7K\xa7B\xa1\xa1\x5c\xbeAB\xf3\x5b\xaf\xcb\x25g\x84\x91\x97\xfdV\x27\x01\x1c\x00\x00\x00\xd9NU\x11\xa1\xb2H\x18\x9c\x832\x7e\xf1\x85\xa1\x04\xe6E\xb98\xbd\xbc\xa2\xa7\x07nh\xda\x01\x0e\x00\x00\x00\xf7e\xe3N\xd9W\xcb\x80\xdf\x2d?g\xa8w</data></write>
    <read><length>4</length><match><data>\x9aI\xc5o</data></match></read>
    <!-- WHITELIST -->
    <write><data>\x16\x00\x00\x00\x9f\x05\xa5\x0f\x8cN\xc2\xaa\xbbS\x9az\x24\x82x\x5b\x7b\xbaJ\x19\xbf\x83</data></write>
    <read><length>4</length><match><data>\x9aI\xc5o</data></match></read>
    <!-- WHITELIST -->
    <write><data>\x14\x00\x00\x00\x9f\x05\xa5\x0f\xe0H\xbd\xd6\xe2\xc8\xbc\xa8E\x27\x5e\x9d\xa6\x8b\x81\x11</data></write>
    <read><length>4</length><match><data>\x9aI\xc5o</data></match></read>
    <!-- UPDATE -->
    <!-- update add -->
    <!-- update add -->
    <!-- update remove -->
    <!-- update remove -->
    <!-- update add -->
    <!-- update remove -->
    <!-- update add -->
    <!-- update remove -->
    <write><data>\xa9\x00\x00\x00\x1a\xdb\xa70\xack\xcb\xed\x00\x06\x00\x00\x00\x1c\x7f\x9a\x96\x26\xc1\x00\x1a\x00\x00\x00\x7eY\x02\x2f\xb3FFwA\xd7\xd5\xcfge\x94M\xad\xf4\x26\x1a\xb6\xd6\xc3N\xd5\x1e\x01\x06\x00\x00\x00\xab?\xf50\x80\xb7\x01\x14\x00\x00\x00\x85\x1ck\x02\x24\xfd\xf4\x81\x8e\xb9\xb2\x99\xca\x8a\xbc\xc1\x8b\xe2\x26\x96\x00\x0e\x00\x00\x00\xe3t\xe23\xaf\x82\xcf\x9f\x9a\xe0X\xc5\x89\xab\x01\x0b\x00\x00\x009\x27\x07\xe6\x24\xdb\x9c\x24\xca\xf4g\x00\x10\x00\x00\x00\xa5\xae\x60\x81c\xbeV\xfb\xaeS\xb0\xda\xbe\x5cF\x02\x01\x16\x00\x00\x00z\x29\x93\x22\x0d\x5d\x00\x03\xb16\xe5\x29\x99\x97\xce\x5c\x8d\x91\x1f\xd3c\x7e</data></write>
    <read><length>4</length><match><data>\x9aI\xc5o</data></match></read>
    <!-- UPDATE -->
    <!-- update add -->
    <!-- update add -->
    <!-- update remove -->
    <!-- update add -->
    <!-- update add -->
    <!-- update add -->
    <!-- update add -->
    <!-- update remove -->
    <!-- update add -->
    <write><data>\xfb\x00\x00\x00\x1a\xdb\xa70\xe7?\xcb\xed\x00\x13\x00\x00\x00\xa3\x60\x0d\xe6\xa4\xe6\xd7\xe8B\x82\xb3C\xda\xf3\x04.D\xa4\x24\x00\x14\x00\x00\x00v\xc3\xe0\xc2\xe8\xacJ\x86\x84\xfb\x22U\x7c\x5c\x9d\x9e\xdcM\xe7\xae\x01\x16\x00\x00\x00\xa5\x89\xaa\x1cP\xb1\xdb\xe5\x06v\xef\x29\x86\x9a\xa4\xfa\xcd\x0c9\x84d\x5d\x00\x17\x00\x00\x00\x27\xb0\xc8\x03E\x9el\xcc\xcf\x08\xdclx5\xd6\xbc\xbd\x99hM\xca\x10\x94\x00\x1b\x00\x00\x00\xec\x9c\xdd\xa1\x05\x938u5\xae\x0cY0U\xa3\xbfw\xde\xa52\xdb\x3d\xad\xbah\x13w\x00\x16\x00\x00\x00\xc9\xb3G\xd9\x9a\xf5\xfa\xefp\x01\xde\x00\xd0d\x02\x96\xdahL\xd5\xdd\xae\x00\x1d\x00\x00\x00u\xf2\x17KD1\x1e\x29\xae\x80\x23\xee\x97\xbb\x0a\x0f\x1c\x7b\xe9 :\xfca\xc5\x89\x7e\x8aY\xd4\x01\x10\x00\x00\x005\xbb\xea\xb7il\xfe\xce\xddf\x1f\xf0\x99\xe6\x9c\xe1\x00\x14\x00\x00\x00\xad\xd8R\xbd\xd7\xcf\x9a\x11\x29K\xb7\xe9\xd7\x0a\x8b\xca\x2b\xb50\x01</data></write>
    <read><length>4</length><match><data>\x9aI\xc5o</data></match></read>
    <!-- UPDATE -->
    <!-- update add -->
    <!-- update add -->
    <!-- update add -->
    <!-- update add -->
    <!-- update remove -->
    <!-- update add -->
    <!-- update add -->
    <!-- update remove -->
    <!-- update remove -->
    <!-- update add -->
    <write><data>\x0e\x01\x00\x00\x1a\xdb\xa70\xbf?\xcb\xed\x00\x1c\x00\x00\x00\xa3\x85D\x3d\x08\x1b\xe8\x04\x13\xf6\x60\x83\xd7\x8c\xe7C\x1ds\x88\x7e\x1a\xfdk\x25\xd7\xf4M\xcc\x00\x07\x00\x00\x00\xecZ\x95\x8e\xd2Y\x13\x00\x1c\x00\x00\x00\x3bAH\x1b\xa0\x88\xc3n\xf1\xc9\x5eW\xd6?\xd3CA\xdf\xa2\xfd\x87\xdc\x29a\x2f\xb3a2\x00\x18\x00\x00\x00\xc1r\x2c\xe5\x25w\xecm\xed\x16\x86\xc5\xbc\xd2\x17\xd1\x8c\xbbfyD\x2f\xe3\x96\x01\x1c\x00\x00\x00?\xfa\xe9\xfd\x89.\x12\xde\xc6\xab\x27\x9ezr\xd4R\xcfm\x5c.\x82\xe7I\x23\x814\x29j\x00\x17\x00\x00\x00\xd2\x9a\x99Pv\x85\x1fH \x0a\xb8\xd2\xdcY\xbc\xa7\xbb\x92\xb27b\x07g\x00\x10\x00\x00\x00D\xca\xbfO\x97g\x82i t\x17\xb9r\x12\x8cr\x01\x0d\x00\x00\x00\xd0\xfe\x92\x9cR \x2a\x10Q\xee\x60m\x2f\x01\x11\x00\x00\x00\xc8A\x8f\xf9\x80\x10mI\xcfL\xbb\xa7\x60\x06\x19\xd7\xdf\x00\x1c\x00\x00\x00\x92\x1a\xb7\x9e\x9e\x5b\x1b\xcb\xc1\x07\xa0i\xc2\xb5YR5\xf6\x12\x8f\xcb\xb23\xf1\xb7\xcaF\x9f</data></write>
    <read><length>4</length><match><data>\x9aI\xc5o</data></match></read>
    <!-- WHITELIST -->
    <write><data>\x1b\x00\x00\x00\x9f\x05\xa5\x0f\xc1\xd1\x80\xdc\xf6\x25z\x40\xd7Z\xce\x84\xf2V\x872L\xd2:\xb6\xa5j\xc2</data></write>
    <read><length>4</length><match><data>\x9aI\xc5o</data></match></read>
    <!-- WHITELIST -->
    <write><data>\x17\x00\x00\x00\x9f\x05\xa5\x0f\x7fJ\xba\x7e\x84\xea\xc0\xf09\x9e\x22\x82\xe1\xc8\xbf\xc8\xaej\x5f</data></write>
    <read><length>4</length><match><data>\x9aI\xc5o</data></match></read>
    <!-- WHITELIST -->
    <write><data>\x1e\x00\x00\x00\x9f\x05\xa5\x0f\xcc!\xf9\x83S\xd6\x8b\x08\xd8v\x09\xd8\xfcnKE\x12K\x9b\xb4\xd8\x0eb\xff\x89\x3d</data></write>
    <read><length>4</length><match><data>\x9aI\xc5o</data></match></read>
    <!-- WHITELIST -->
    <write><data>\x17\x00\x00\x00\x9f\x05\xa5\x0f\xb9\x939\xbd\x5e\xdb\x14.\xa8\xe1\xe6\x86\xc8\x9b\xeb\xe3\xf4\x96\xb2</data></write>
    <read><length>4</length><match><data>\x9aI\xc5o</data></match></read>
    <!-- WHITELIST -->
    <write><data>\x19\x00\x00\x00\x9f\x05\xa5\x0f\x1ciT\xec\x95\xc7d\x96\xb8\xb6\x85\x9e\x90\x93\xc36\x13\xbe\xab\xfc\xeb</data></write>
    <read><length>4</length><match><data>\x9aI\xc5o</data></match></read>
    <!-- WHITELIST -->
    <write><data>\x19\x00\x00\x00\x9f\x05\xa5\x0fQ\x87\xf5Wd\xe5Iv\x97\x7d\xea:\xaa1\x98\xb7tez\xf6R</data></write>
    <read><length>4</length><match><data>\x9aI\xc5o</data></match></read>
    <!-- WHITELIST -->
    <write><data>\x14\x00\x00\x00\x9f\x05\xa5\x0f\xe8\xf2\xc0\x28\xa1\x02\xc870\x7e\xc4\x883\xb3\x9br</data></write>
    <read><length>4</length><match><data>\x9aI\xc5o</data></match></read>
    <!-- UPDATE -->
    <!-- update add -->
    <!-- update remove -->
    <!-- update add -->
    <!-- update remove -->
    <!-- update add -->
    <!-- update add -->
    <write><data>\xa7\x00\x00\x00\x1a\xdb\xa708l\xcb\xed\x00\x10\x00\x00\x00Z\x10\xc6\x1dn\x3eo\x17\x5c\xf3\xa7A\x12!Z\xcf\x01\x14\x00\x00\x00\xd6C\x04Z\x5d\xcdKH\xa8\xffM\xc2\xf5x\x193JZ\x2fH\x00\x13\x00\x00\x00\xc3\x3c\x7f\xce\xe8\xbdb\x9d\xad\x0dZc\x02\xf8\x03S\xd2A\xe5\x01\x1c\x00\x00\x00\xa3\x85D\x3d\x08\x1b\xe8\x04\x13\xf6\x60\x83\xd7\x8c\xe7C\x1ds\x88\x7e\x1a\xfdk\x25\xd7\xf4M\xcc\x00\x18\x00\x00\x00\x92\x14\xd2\xa8\xff\xd9\x08\xc2L\x96\x1c\x9b5!\xbd3\x18\xc3\xba\xbeK\xf8\xaa\xc5\x00\x16\x00\x00\x00\x05\x01\x7b\xd7\xb7so4\xa9\x0e\x40\x07\xba\xfa\xc8\xc6R\xf3vYN\x8f</data></write>
    <read><length>4</length><match><data>\x9aI\xc5o</data></match></read>
    <!-- UPDATE -->
    <!-- update add -->
    <!-- update remove -->
    <!-- update add -->
    <!-- update add -->
    <!-- update add -->
    <!-- update add -->
    <!-- update add -->
    <!-- update add -->
    <!-- update add -->
    <!-- update add -->
    <write><data>\xfb\x00\x00\x00\x1a\xdb\xa70\x7dE\xcb\xed\x00\x1d\x00\x00\x00\xdf\x06:\xf2\x5d\x9ft\xd2c.\x5d\x81\x17D\x00\xec\xf0\xa5\x8av\xfaV\x2b\x15\x87i\x5e\xdc\xc1\x01\x1e\x00\x00\x00\xac\x7fS\x2f\xde\x05\xbdV\x7d\xbeD\x3e\xb1\xe9\xf7v\xbc\x97\xbf\xfaG\x8a\xa3A\x88\xe7\x04b\xcd3\x00\x0f\x00\x00\x00\xf5\xb2\xef\x16\xf3P\x1f\xc3\xbf\x1a\x7d\x23\x5e\xec\x02\x00\x11\x00\x00\x00t\x92\xd4xG\x27\x07\xe9\xbaN\xff\xc8H\xd6FY\xf0\x00\x09\x00\x00\x00\xb3\x5c\x3d\x9f\xa9Wea\xed\x00\x0c\x00\x00\x00m\x01\x26\x04\xf8\x10\xbdz\x81M\x92\xe5\x00\x07\x00\x00\x00\xd5\xe5\x973f\x1f\x22\x00\x1e\x00\x00\x00\xa0\x9c\xa2\xabR\x0ch\xfb !\x19\x11\xf4\x0f\xf6\xcd\xfa\xb0\x60Bb\xa0m\xe7\xf5\xdb\xe9\xbc\xf1\x06\x00\x15\x00\x00\x00\x0btv\xea5\xbf\x2b\xd6\xa7d\xbeSW\xc8\xb9\x8d\xdf\xe6\xfe\xe0\x95\x00\x17\x00\x00\x00\xaapvT\x89\x3d\x2f\x02Y\x09n3\xf9\x98\x92\x28\x8c\xc3\xd0D\xaa\xaa\x96</data></write>
    <read><length>4</length><match><data>\x9aI\xc5o</data></match></read>
    <!-- CHECK ok -->
    <write><data>\x0b\x00\x00\x00M\xae\x7b6\xfc\x23\x8c\x00\x5eY\x87</data></write>
    <read><length>4</length><match><data>\x9aI\xc5o</data></match></read>
    <!-- CHECK match rule -->
    <write><data>!\x00\x00\x00M\xae\x7b6\xe7\x5b\x0cwT\x2a\x94\x15\xe2\xa5\x1bk\xdf\xa4e\x5c\x13\xd6\xbc\xc3\x02T\xd6\xef!\xb2\x3e\x16\x5d</data></write>
    <read><length>4</length><match><data>\x85\x3b\x08B</data></match></read>
    <!-- CHECK match rule -->
    <write><data>\x1a\x00\x00\x00M\xae\x7b6\x9c\x5b3\xc7\xd3\xb8\xa8\xbbh\x9f\x01\x24x\x02W98\x99\xc0\xb7\x1az</data></write>
    <read><length>4</length><match><data>\x85\x3b\x08B</data></match></read>
    <!-- WHITELIST -->
    <write><data>\x1f\x00\x00\x00\x9f\x05\xa5\x0f\xb0\x2d\x8a\xe7\x81\x87\xcb\x01\x19\x05\x1aK\x7cS\xafP\xa2r\xf3\x25\x186\xe9\x00E\xc7\x09</data></write>
    <read><length>4</length><match><data>\x9aI\xc5o</data></match></read>
    <!-- UPDATE -->
    <!-- update add -->
    <!-- update add -->
    <!-- update add -->
    <!-- update add -->
    <!-- update add -->
    <!-- update add -->
    <!-- update add -->
    <write><data>\xa6\x00\x00\x00\x1a\xdb\xa70yi\xcb\xed\x00\x1b\x00\x00\x00FUK\xa5\xc7\xc1\x7d\x25\x0a\x3d\xc5\x9d\xc1H\x22\x1c\x14\xdf:\xfa!\xc57\xc4\x86\x9e\x91\x00\x19\x00\x00\x00\x07\x86p\x24\x5d\xd1\x16!\xec\x98\xf3\x29\xeaY\x1e\xf8\x2d\x84\xafH\xb9K6\x2c\x1f\x00\x0a\x00\x00\x00\xf1?\x5b\x0cP\xfe\x3cVg\xfe\x00\x09\x00\x00\x00\xea\xac\x8cz\xbb\xd0\xd1\xf2\xe4\x00\x1b\x00\x00\x000\x86\xba\xd1DA\xd2\xf5\x89\x1d\xb4\x86\xa4\xe0\xf0\xc4\xe7h\xa8\xabH\xbf\xdb\x0cD\xd0\xe8\x00\x0c\x00\x00\x00\x1c\x04\xc5\x90\xc1I\xfa\x27\xdf\x91\x29\x11\x00\x0d\x00\x00\x00\xf3\xed\x8d\xcd\xbc\x06\x16D\x7ep\xba\xeay</data></write>
    <read><length>4</length><match><data>\x9aI\xc5o</data></match></read>
    <!-- CHECK ok -->
    <write><data>\x0b\x00\x00\x00M\xae\x7b6p\x17\xbd\xaa\x27\x0dO</data></write>
    <read><length>4</length><match><data>\x9aI\xc5o</data></match></read>
    <!-- WHITELIST -->
    <write><data>\x22\x00\x00\x00\x9f\x05\xa5\x0f\x95\xb9e\x91\xd7\x0b\xda\xf48\xe2C\xa2\xe4\x24F\x83\x85\x81Jq\xf9\x40\x15\xae\xde\xab\x14\xe7W\xe1</data></write>
    <read><length>4</length><match><data>\x9aI\xc5o</data></match></read>
    <!-- WHITELIST -->
    <write><data>\x17\x00\x00\x00\x9f\x05\xa5\x0f\x14\xb1\xb4\xa3\x82\x273\x13\x22\x9d \xb3 \xde\x1c\xca\x7fU\x92</data></write>
    <read><length>4</length><match><data>\x9aI\xc5o</data></match></read>
    <!-- UPDATE -->
    <!-- update remove -->
    <!-- update add -->
    <!-- update add -->
    <!-- update add -->
    <!-- update add -->
    <!-- update add -->
    <!-- update add -->
    <write><data>\xc7\x00\x00\x00\x1a\xdb\xa70c\x5e\xcb\xed\x01\x0e\x00\x00\x00b\xe2\xce\x09\xc1\x83m\x15\xa1\x1a\x07\x0a\xdac\x00\x1e\x00\x00\x00\x8dM\xa8\xcb\x2a!\x5f\x00\xe6\x81\x26Ca\x7b\xb5\xe2\x7e\x9c\xec\xeb\x05\xa9\xaa\xfdY\x0e\x17\xa4\x17\xb3\x00\x1b\x00\x00\x00 \x7f\x89\xc69\x3e\xf5\x40f\xfb\xd9\x13idR2\xa7d\xe7\xbf\x3d\x1d\xa5\x3b!\xce\x1d\x00\x1c\x00\x00\x00\xdeM\x06\xc6p\x00\x40\xe1\xf9h\x09\x2c\x09P\x98\xe5\x5e\xdd\x5eW\x7d\x0a\xb8\xef\x3c\xcc\xeb\xbb\x00\x10\x00\x00\x00\x1d\xb0\x93\x8a\x01\xcd\xa6\x97\xa6OS\x1aN\x2aq\x87\x00\x0f\x00\x00\x00\x3es\x96X\x8fv\xe8\x98\xf7\x11\xd1\x22\xb5\x2aT\x00\x1a\x00\x00\x00u\x97\xc2g\x19S\xce\xe4r\xcc\x9d\xb4\xfb\xe4\xb5G\xd5\xbeM\x1bu!k\xdc\x3eW</data></write>
    <read><length>4</length><match><data>\x9aI\xc5o</data></match></read>
    <write><data>\x04\x00\x00\x00\x26\xf1\x60q</data></write>
    <read><length>4</length><match><data>\x9aI\xc5o</data></match></read>
</replay>
</pov>