<?xml version="1.0" standalone="no" ?>
<!DOCTYPE pov SYSTEM "/usr/share/cgc-docs/replay.dtd">
<pov>
<cbid>service</cbid>
<seed>d5bf05ac221cd3f8c4e6f4848c7e126a681f986b45cce82119802653115bab046140dd4ce2aa66d777726626870dd61f</seed>
<replay>
    <!-- CHECK ok -->
    <write><data>\x11\x00\x00\x00M\xae\x7b6\xb7\x17\xbaiq\xb1\x22\x2dy \xa7cq</data></write>
    <read><length>4</length><match><data>\x9aI\xc5o</data></match></read>
    <!-- UPDATE -->
    <!-- update add -->
    <!-- update add -->
    <!-- update add -->
    <!-- update add -->
    <!-- update add -->
    <!-- update add -->
    <write><data>\xa3\x00\x00\x00\x1a\xdb\xa70\xe9k\xcb\xed\x00\x16\x00\x00\x00\x1e\x89\xf5\x08\x5d\xfd\xf15\xca\xef\xdb\xdc\x9c\xf6\x81AS5?\x8aO1\x00\x1e\x00\x00\x00\x60\xec\xf2\xc8\x06\xd8J\x9d\xae\xc7\xf5\x22\xa0\x5b\xd6\xed5o\xce\x1c\x8c\x81Y\x2c\xaaG\xff\xef\xaa\x00\x00\x16\x00\x00\x00J\x90\x7f\x82\xe4\xd0\x85\xa0\xa9\x7es\x87\xce8\x1d\xe9M\x9cW\xe1!\x87\x00\x13\x00\x00\x00\xa5\x28\x04Z\x97\xc4 \x93\x29\xb7X\x3b\xdb2p\xf5\x2a\x7eB\x00\x17\x00\x00\x00v\x0e\xd6B\x254\x7c\xf6D\xf8\xd2PV4?cw\x40iN9E\x29\x00\x09\x00\x00\x00\xd9\x0eu\x83\x26t\xddy\x24</data></write>
    <read><length>4</length><match><data>\x9aI\xc5o</data></match></read>
    <!-- WHITELIST -->
    <write><data>\x12\x00\x00\x00\x9f\x05\xa5\x0f\x8d1\xab\x2a\xb2\x8d\xdf\x7ez\x7b\x5c\xd9\x9d\x8b</data></write>
    <read><length>4</length><match><data>\x9aI\xc5o</data></match></read>
    <!-- UPDATE -->
    <!-- update add -->
    <!-- update add -->
    <!-- update remove -->
    <!-- update add -->
    <!-- update add -->
    <!-- update remove -->
    <!-- update add -->
    <!-- update add -->
    <!-- update add -->
    <!-- update add -->
    <write><data>Z\x01\x00\x00\x1a\xdb\xa70\xc6\x1c\xcb\xed\x00\x0f\x00\x00\x00\x02\xb0!GV\x19D\xc7\x06\xf4\xe87T\x27\xc2\x00\x0d\x00\x00\x00e\xf0\x94f\xf8\x2bO\xf7xW\x88\x05\x8c\x01\x80\x00\x00\x00\x0e\xbfS\xe8\xd7!As\xb9\x7fA?\xbc\xa4\x8c\x94\x0bl\x13\x1a\x1b\xf8\x01k:\xd0\x2ba\xed\x24T5\x1d\xeeHdX\xcf\xcd\x5bp\x03Xoq\x5e\xca\xc6\x2fI\x15\x0cc\x7e\xe0BE\xc4\x3d\x0eu\x25\xf9\xc2\xf6\xa8\xb1\x19N\x22p\xd4M\x9c\xba\x1e\xd3\xdd\x0b\x7f\xfaCq\xcaB\x7b\xb6\x98g\xea\xa6\xa0\xc7\xeb\x14W\xaa\x00\xe0\x26\xf5\xd7\x09\x02\xfd\x94y\x9c\xc6\x80\x10\xac\x28\x5bHf4\x40\xdf\xcb\x8f\x9e\xc23\xc6\x23\x233\x00\x07\x00\x00\x00\xfe\xc3?\xf3\x07\xa2r\x00\x07\x00\x00\x00\xb7\x1a\x9d\xfc\x28\xbe\xa8\x01\x16\x00\x00\x00J\x90\x7f\x82\xe4\xd0\x85\xa0\xa9\x7es\x87\xce8\x1d\xe9M\x9cW\xe1!\x87\x00\x1e\x00\x00\x00\xd5\xc7\x07\xd0t\x7c\xa4\x2d\x7f\xec\x5f\xb2\x7dms\x13\x90K\xc9R\x8cb1\x1c\x7bk\x09\xd4\xec\xd5\x00\x14\x00\x00\x00OK\x94\x9f\xde\x0d\xe9VU\xa8\xe6\x80\x0fn\x2c\xbd\xc1\x9cU\x0e\x00\x19\x00\x00\x00G\xa4\xf8\xc7y\xd3J\xca\x91\xd9\x97J\x26\xb7\xf0?\xaf\x83\x82\xcbL\xc2\x15\xef4\x00\x15\x00\x00\x00\x05\xe3\x0d\xfb\xb3\xe7S\x96\xaa\x09\x2f\x7e\x05h\x1b\x2c\xfeR\xc5\x11\xee</data></write>
    <read><length>4</length><match><data>\x9aI\xc5o</data></match></read>
    <!-- CHECK match rule -->
    <!-- CHECK exe wrapper -->
    <!-- whitelist -->
    <write><data>\x8e\x00\x00\x00M\xae\x7b6r\x94\x26N\x23\x23!2\x23\x23!2:\x00\x00\x00\x5d\x23!2\x22\x00\x00\x00\x7f\x23!2\xed\xc3\x01\x00\x60\xc7\xc0\x24\x23!2\x81\xc09\x00\x00\x00DL\x90\x40HBJ\x89\xc2\x81\xc2\x22\x00\x00\x00\x89\xc19\xd1t\x0d\x81\xb1\x00\x00\x00\x00\x99\x00\x00\x00A\xeb\xefFN\x90CKEMBJ\x90a\x99v\xdf\x08\xe7\x9cz\x94b\x2a\x7e\xca\x0f3\x90\xb6\xe7\x9c\xf1\x82\xb5g\xcb\x5c\x88w\xdc\xb6\xa2\xb8b\xea\x89\x1e\x8d1\xab\x2a\xb2\x8d\xdf\x7ez\x7b\x5c\xd9\x9d\x8b</data></write>
    <read><length>4</length><match><data>\x9aI\xc5o</data></match></read>
    <!-- CHECK match rule -->
    <write><data>\x1a\x00\x00\x00M\xae\x7b6\x5ek\x8b?\xd9\x0eu\x83\x26t\xddy\x24X!\x0a\x07\xddP\xbfHm</data></write>
    <read><length>4</length><match><data>\x85\x3b\x08B</data></match></read>
    <!-- UPDATE -->
    <!-- update remove -->
    <!-- update add -->
    <!-- update add -->
    <!-- update add -->
    <!-- update add -->
    <!-- update add -->
    <!-- update remove -->
    <!-- update add -->
    <!-- update add -->
    <!-- update add -->
    <write><data>\xde\x00\x00\x00\x1a\xdb\xa70gW\xcb\xed\x01\x15\x00\x00\x00\x05\xe3\x0d\xfb\xb3\xe7S\x96\xaa\x09\x2f\x7e\x05h\x1b\x2c\xfeR\xc5\x11\xee\x00\x15\x00\x00\x00\x9e\xeb\x0c\x1d\x24\xc1\xf1\x83\xab\xc2\xeaO\xf2\x1eB0F\x07\xd8\x90\xb8\x00\x13\x00\x00\x00\x22\xa4!\x9cY\xc3kN\x0d\x8f\xbd\xb0\xbb\xc8\x9cUe\xaf\xf4\x00\x0b\x00\x00\x00\x11s\xf8\xb75\xda!c\xd4\x5f\x02\x00\x19\x00\x00\x00\xf5\xd4\x93\xe1\x5d\x1a\x9a\xae\xfc\xd9\x24\x1c\xf40\xc5\x7c\xb8\x8d\xd5\x8a\x3c\x8b\x25\x9a\x06\x00\x0e\x00\x00\x00\x96lI\xa9\xe3\xd2A\x29R\x98\xe4\x1d\xb9\x2f\x01\x13\x00\x00\x00\x22\xa4!\x9cY\xc3kN\x0d\x8f\xbd\xb0\xbb\xc8\x9cUe\xaf\xf4\x00\x08\x00\x00\x00\x14\xa9\x0b\x40\xa3\x82\x0b\x99\x00\x06\x00\x00\x00\xbb\xed\x94\x1b\x82\xc7\x00\x14\x00\x00\x00\x85\x9d\xe6\xc2\x90\x11B\x3d\xb3\xef\xfb\x12\x11Y6\x23\xbc\xbc\x8b\x2f</data></write>
    <read><length>4</length><match><data>\x9aI\xc5o</data></match></read>
    <!-- CHECK ok -->
    <write><data>\x22\x00\x00\x00M\xae\x7b6\xbb\x1bn\xec\xa5\x5f\xd5\xd9\x3dI\x24\x5d\xbdj\xb2\x03\x86\x1f\xd9o\x1f\x9b\xff\x2b8K\xc46\xc0\xa4</data></write>
    <read><length>4</length><match><data>\x9aI\xc5o</data></match></read>
    <!-- WHITELIST -->
    <write><data>\x10\x00\x00\x00\x9f\x05\xa5\x0f\x9e\x82\x02\x8bu\xf1\x0f\x3c\x8c\x7f\x7f\x92</data></write>
    <read><length>4</length><match><data>\x9aI\xc5o</data></match></read>
    <!-- UPDATE -->
    <!-- update remove -->
    <!-- update add -->
    <!-- update add -->
    <!-- update add -->
    <!-- update remove -->
    <!-- update add -->
    <!-- update remove -->
    <!-- update add -->
    <!-- update add -->
    <write><data>\xe5\x00\x00\x00\x1a\xdb\xa70RR\xcb\xed\x01\x08\x00\x00\x00\x14\xa9\x0b\x40\xa3\x82\x0b\x99\x00\x1b\x00\x00\x00zm\x184\x958\xf5\x84\x06\x9e\xce\x10\xf4\xfbF\xff\x9b\x9e\x5b\xdf\x7bL\x01\x0b\x8e\xc2\x9c\x00\x06\x00\x00\x00\x8d2\xf1\x08\x87\x89\x00\x1a\x00\x00\x00\xabf\x1a\xb0\xb1f\xd2\x15K\x18J\x0bx\xa1\xbfF\xc5\x29\xc2\xdd\xfd\x80?\xcc\xb3\xe7\x01\x1a\x00\x00\x00\xabf\x1a\xb0\xb1f\xd2\x15K\x18J\x0bx\xa1\xbfF\xc5\x29\xc2\xdd\xfd\x80?\xcc\xb3\xe7\x00\x13\x00\x00\x00\x19\xae\x1fD\xd5\x1f\xe3\xd0\xed\x1a\xcak\x3dV\x10\x85J\x2aS\x01\x1b\x00\x00\x00zm\x184\x958\xf5\x84\x06\x9e\xce\x10\xf4\xfbF\xff\x9b\x9e\x5b\xdf\x7bL\x01\x0b\x8e\xc2\x9c\x00\x1b\x00\x00\x00\xff\x19\xf1\x94o\x5f\x85\xfd\xcf\x8b\xe5\xf8c\xeah\x17\xb7.\xb6\x27F\x24\xe9\xc7y\x0f4\x00\x0a\x00\x00\x005\x88\xdae\xc5\xae5\x7b\x0e\xbb</data></write>
    <read><length>4</length><match><data>\x9aI\xc5o</data></match></read>
    <!-- UPDATE -->
    <!-- update add -->
    <!-- update remove -->
    <!-- update add -->
    <!-- update add -->
    <!-- update add -->
    <write><data>\x82\x00\x00\x00\x1a\xdb\xa701\x7c\xcb\xed\x00\x1d\x00\x00\x00\xbc\x8a\x288\x89\x5b\xfe\xa9\xe9S?wW\x18\xd1cgM\x0b\x12:\xaf\xd8\xdeC\x08a\xce\xac\x01\x0d\x00\x00\x00e\xf0\x94f\xf8\x2bO\xf7xW\x88\x05\x8c\x00\x0e\x00\x00\x005\x5c\x90\x3b\xd6XY\xf2GKzV\x82\xab\x00\x18\x00\x00\x00\x80\xc1\xbf\xc5\xa4Nxz\x22c\xf23\x00\xc2\xc1\x9d\xc7S2c\xd9\x10\x85\xcf\x00\x11\x00\x00\x00\xc5r\xcc\x01I\xa3nEP\xacmw\x22\x12\x1cC </data></write>
    <read><length>4</length><match><data>\x9aI\xc5o</data></match></read>
    <!-- UPDATE -->
    <!-- update add -->
    <!-- update add -->
    <!-- update add -->
    <!-- update add -->
    <!-- update remove -->
    <!-- update remove -->
    <!-- update add -->
    <write><data>\xb0\x00\x00\x00\x1a\xdb\xa70\xe1g\xcb\xed\x00\x1e\x00\x00\x00\xcd\xaf\x3e\xa1\x8fl\xa4\xa4\x15\x00\xfe\x84\xab\x7b\x01k\x81V\xa8T\xdf\x15G\x87\x27\xd0\xde\xeeN\x3e\x00\x0e\x00\x00\x00qU\xe2n\xc0\xcd2\x8a\xce7\x09b\x8f\xf4\x00\x16\x00\x00\x00\xde\xdf\x60G!\x99\xb5W\xa8\xcf\xd8\x1eGJ\x3dY\x90\xbe\x8d\x0e\xd4\xc9\x00\x0c\x00\x00\x005\xc8\xd7\x08\x80\x0e\xee\xe3\xdc\xa07\x5d\x01\x0e\x00\x00\x00qU\xe2n\xc0\xcd2\x8a\xce7\x09b\x8f\xf4\x01\x0f\x00\x00\x00\x02\xb0!GV\x19D\xc7\x06\xf4\xe87T\x27\xc2\x00\x1a\x00\x00\x00\x81\x97\x29\x91\x1c\x09\x7e\x9bm\x95\xc8\xb2\x10\xbd\x88\xb0\x92\xdf\x2b\xb8\x0c\x2d\xbb\x7c\x87\x7c</data></write>
    <read><length>4</length><match><data>\x9aI\xc5o</data></match></read>
    <!-- WHITELIST -->
    <write><data>\x1c\x00\x00\x00\x9f\x05\xa5\x0f\x87E\x5f\xbeA\x25\x1c\xbenS\x3c\x2d\xb2\x97Zz\x17jv\x40\xdcu\x01I</data></write>
    <read><length>4</length><match><data>\x9aI\xc5o</data></match></read>
    <!-- UPDATE -->
    <!-- update add -->
    <!-- update add -->
    <!-- update add -->
    <!-- update add -->
    <!-- update add -->
    <!-- update add -->
    <write><data>\x9c\x00\x00\x00\x1a\xdb\xa70\x40i\xcb\xed\x00\x18\x00\x00\x00?\x5c\xab\xe9\x14\xcd\xf4Pt\xa6\xa5\xed\x5e\xbc\x10\xea\xe7\x17m\xccT\x99m\xaf\x00\x0a\x00\x00\x00E\x90\x00\xca\xfesw\xf5\xd4s\x00\x07\x00\x00\x00\xcdmW\x08\xb2\x0f\xfb\x00\x19\x00\x00\x00C\xbdP\x8a\xa8\x9c\xf2\x16\x13\xcbu\x9e\xb8MK\x7c\xf2:\xb3\xf9\x3d\xc2\x9e\xee\xaa\x00\x17\x00\x00\x00\x7b\xf8\x959I\x92\xb6!\x9e\xfa\x12\xad\xd1n\x27d\x8e\x90\x00wp\xa4\xf5\x00\x1d\x00\x00\x00\x5b\xbb\x91\x3d\xf3?\x98e\x27S\xf9E\x82dBP\xf4\xfb\xd1A\xa1\x98\xcf\xa3\xca\x3d\xef\x5b\x84</data></write>
    <read><length>4</length><match><data>\x9aI\xc5o</data></match></read>
    <!-- UPDATE -->
    <!-- update add -->
    <!-- update add -->
    <!-- update add -->
    <!-- update add -->
    <!-- update add -->
    <!-- update add -->
    <!-- update add -->
    <!-- update add -->
    <!-- update add -->
    <!-- update add -->
    <write><data>\xfd\x00\x00\x00\x1a\xdb\xa70\xf8F\xcb\xed\x00\x1a\x00\x00\x00\xd2\x13\xbc\x5d\x99rLy\xda\x96\xc3\x26\xc31\xd7M\x9e?\xfb\xf3\xd8\x05\xa5\x138\x0b\x00\x06\x00\x00\x00i\xfb\xf3\x1c\x3eP\x00\x1e\x00\x00\x00\x87cL\xcf\xb70\xc4r\xda\x94\xf5o\xfc\x11q\xc4\x23\xea\xe7D\x1d5\xaf0R\x96\x8e\x5b\x9f\x25\x00\x0c\x00\x00\x00\x9f\x93\xa4V\xa1\xd6\xba\xa5\xa6\xe3x\x7e\x00\x1a\x00\x00\x00W\xb1R\x9a\x22\xa6\xbe\x23\x1bL\xc3\x3c\xf7\x99\xcd\x0bK\x40\xda\xf0\x3d\x1b\xd5\xe5\xe6t\x00\x1a\x00\x00\x00\x04\xe8W\x94\x01\x0c\x0e\x9d\xb6\xa6\x2d \xc2\xf7\xebn\x95\x5e\xd7S\xf6\xc7\x5d\x28\xed1\x00\x10\x00\x00\x00?\x1a\x2a\xf0Y\x8e\xd1uq\xe8\x8e\xc6\x5e\x2c\x29\x2a\x00\x10\x00\x00\x00\xf0\xda\xa5\x17\xab\xb6Y\xdbg\x08\xea\x2800\xc0\x7d\x00\x0e\x00\x00\x00\x7d\x40\xe89\xc3\x3d\x7e\xe6\x23EX?\x98\xc1\x00\x17\x00\x00\x00\x15I\xaaM\xfeP\xe2\xe2\x94\xf6\xcbb\x05\x09\xdd\x09\x60O\x90\xc2\xc7\x0c\x5f</data></write>
    <read><length>4</length><match><data>\x9aI\xc5o</data></match></read>
    <!-- CHECK ok -->
    <write><data>\x10\x00\x00\x00M\xae\x7b6W\xdc\xad\x0bx\xb3\xea\x7d\x98\xc2\x8aW</data></write>
    <read><length>4</length><match><data>\x9aI\xc5o</data></match></read>
    <!-- WHITELIST -->
    <write><data>\x19\x00\x00\x00\x9f\x05\xa5\x0f\xb9\xacY\xd8\x7d\xfc\xe1\xa2\x5c\xe6g1\xe8\xad\xb0\xd5\x3c1\xaa\xc5\xc4</data></write>
    <read><length>4</length><match><data>\x9aI\xc5o</data></match></read>
    <!-- UPDATE -->
    <!-- update remove -->
    <!-- update add -->
    <!-- update add -->
    <!-- update add -->
    <!-- update add -->
    <!-- update add -->
    <!-- update add -->
    <write><data>\xa4\x00\x00\x00\x1a\xdb\xa70\x3do\xcb\xed\x01\x0a\x00\x00\x005\x88\xdae\xc5\xae5\x7b\x0e\xbb\x00\x0f\x00\x00\x00\x01I\x8b\x0a\xcd\x2d8F\x01c\x1f\x8e\xfaCc\x00\x0e\x00\x00\x00\xb8\xcap\xa2m\x26\x60\xbd\x8aAuo\x86\x25\x00\x09\x00\x00\x00\x01\xd07\x0a\xc5\xfaH\x2f\x01\x00\x17\x00\x00\x00E\xb5\x7cS\x8b\xfc\x5f\x5b\xba\xb4\xda\xd5y\xfc\xd6\xfeB\xe8ja\xdb\xc6\x03\x00\x1e\x00\x00\x00\xa4\xf9\x86\x05\x27gT\xd1\xa61d\x01\xa9\xa8\x90\xfa\x07\xb3\x8a\xa8\xd3\xb9\xdf\x1bD\x88\xae\x94\xdb\xe7\x00\x14\x00\x00\x00\x17\x08\xd8\xf1u4\x87\x03\xa0V8\xa5W3\x5e\x3bpiP\x83</data></write>
    <read><length>4</length><match><data>\x9aI\xc5o</data></match></read>
    <!-- CHECK ok -->
    <write><data>\x0e\x00\x00\x00M\xae\x7b6\x11uW\x3c7\xc8\x12\xf3 \x24</data></write>
    <read><length>4</length><match><data>\x9aI\xc5o</data></match></read>
    <!-- UPDATE -->
    <!-- update add -->
    <!-- update add -->
    <!-- update add -->
    <!-- update add -->
    <!-- update add -->
    <!-- update remove -->
    <write><data>\x7d\x00\x00\x00\x1a\xdb\xa70\xedy\xcb\xed\x00\x0e\x00\x00\x00:\xd53\xe1\xe1\xb1\x18\x2d\x0b\xeb\x01\xfd\xa4q\x00\x0b\x00\x00\x00\xb0\xc1\xf1\x8f\x2f\x03\xe8p\xf8\x83\xcf\x00\x08\x00\x00\x00\xfe\xbdu\xfcfZ\xfa\xa5\x00\x12\x00\x00\x00\xb6\x09\xef\x8e\x90\xbc\x23\xa0\x94w\xff\xc6\x92\x9f\x91\x26\xeb\x25\x00\x16\x00\x00\x00\xf9IeG\x5c\xfc\xda\x1d\x18\xd2\xfb\xe7\x13\x0ae\x01\x0a\xeac.\xfc\xea\x01\x0e\x00\x00\x00\x96lI\xa9\xe3\xd2A\x29R\x98\xe4\x1d\xb9\x2f</data></write>
    <read><length>4</length><match><data>\x9aI\xc5o</data></match></read>
    <!-- CHECK match rule -->
    <!-- CHECK bad bmp -->
    <write><data>\x5c\x00\x00\x00M\xae\x7b6\xc0\xa9\x00\x00\x0c\x00\x01\x00t\x01\x1a\x5e\xed.\x3dU\xb2p\xa3\xc9\x0e\xaa2\x5ek\xea\xdeB\xac\xe5H\xce\xb7\xa0c\x2c\x23\x80\x2d\x95\x7d\x1d\xd7y\x0cE\x90\x00\xca\xfesw\xf5\xd4s\x3e\x82v\xbf\xbf\xa9\xdff\x02\x7ee\xd2\xb6\xa2\xb7\xd9\x89\x0b\xbe\xf0\x5e\xe6\xe3\xdf\xde\xa3\x81\x40s\x97\x09rs</data></write>
    <read><length>4</length><match><data>\x85\x3b\x08B</data></match></read>
    <!-- CHECK match rule -->
    <write><data>\x2c\x00\x00\x00M\xae\x7b6\xb7\x26x\xc3\xe8WZ\x3cX\xff\x19\xf1\x94o\x5f\x85\xfd\xcf\x8b\xe5\xf8c\xeah\x17\xb7.\xb6\x27F\x24\xe9\xc7y\x0f4\xed\xb3:\xc6</data></write>
    <read><length>4</length><match><data>\x85\x3b\x08B</data></match></read>
    <!-- UPDATE -->
    <!-- update add -->
    <!-- update add -->
    <!-- update add -->
    <!-- update add -->
    <!-- update add -->
    <!-- update add -->
    <!-- update add -->
    <!-- update add -->
    <!-- update add -->
    <write><data>\xc8\x00\x00\x00\x1a\xdb\xa70\xec\x60\xcb\xed\x00\x17\x00\x00\x00B\x2d\xb5\xe0\x25\xdb!d\x2b\x14\x8f\xba\xe7A\x5f\xd6CM\xcc.\x09RF\x00\x13\x00\x00\x00\x1f\x7cD\xe6\x16\x19\xd4\x27\x9d\xaf\xe7dDD\x3e\xa8do\x28\x00\x1a\x00\x00\x00\xf5\xb2\xfb\xe9\x81\xe0\xa5\xd8\x40\x3e\x2c\xfd\xf0.q\x9b\xa3\x90\xcc\xa0\xd3\x12\x8bq\x5b\xec\x00\x08\x00\x00\x00 \xf3\x28\xfc\x17\xd2\xe0u\x00\x06\x00\x00\x00\xe5\xad\x97 \xfa\xa9\x00\x0c\x00\x00\x00\x5b\xe9\x9bu\x01\xfa\xe90\xe4f\x13\xbf\x00\x11\x00\x00\x00\xf9\xc3\xb1G\x27C\x00k\xf8\xf1\x0e\xb8d\x8a\x8e\x96G\x00\x1a\x00\x00\x00\x0d\x0f\x16\xf8\xb6\xa8\xf6\xbae\x90\x25\x1e\x7e\x23z\x5e\x01\xb4?g\x7bj\xea\x5fLk\x00\x0a\x00\x00\x00\x07n\xea\xb4\x945:YL\x26</data></write>
    <read><length>4</length><match><data>\x9aI\xc5o</data></match></read>
    <!-- UPDATE -->
    <!-- update add -->
    <!-- update add -->
    <!-- update add -->
    <!-- update add -->
    <!-- update remove -->
    <!-- update add -->
    <!-- update add -->
    <!-- update add -->
    <!-- update remove -->
    <write><data>\xcc\x00\x00\x00\x1a\xdb\xa70\x8c\x5d\xcb\xed\x00\x12\x00\x00\x00\xbaF\xec\xc4\x3d\xe70p\x85\x1c\xf2\xc0\x8a?\xedv\x08\x2b\x00\x06\x00\x00\x00\x86\xc9\x02\xe0\x3b\x25\x00\x17\x00\x00\x00S\x0d\x00\xa75\xa0\x3b\xc5\xee\xdd\xbbE\x5d\xb6\x06\x0e\x9b\xc6\x25\xfcv\xe5\xa1\x00\x09\x00\x00\x00x\x0c\x92\x85\xd6\xfe\xbb\xf3\xd2\x01\x16\x00\x00\x00\xde\xdf\x60G!\x99\xb5W\xa8\xcf\xd8\x1eGJ\x3dY\x90\xbe\x8d\x0e\xd4\xc9\x00\x16\x00\x00\x00\x89V\x0f\x0d\x86\xbc\x07\x9f\xb2\x3b\x19\xf8\xea\xd4\x1cI\x03\xab\xc2g\xf6t\x00\x0c\x00\x00\x001\x1a\x2b\x0c\xf0w\xd3\xdfu\x03Ee\x00\x1b\x00\x00\x000\x7e\xd6i\x98\x2a\xd0z\xfe\xae\xd9\x96x\x7f\xff\x86\x9c\xf5\x9d\x99\x1b\xaf\x2a\x13\x7f\x95\xfc\x01\x0c\x00\x00\x001\x1a\x2b\x0c\xf0w\xd3\xdfu\x03Ee</data></write>
    <read><length>4</length><match><data>\x9aI\xc5o</data></match></read>
    <!-- WHITELIST -->
    <write><data>\x0e\x00\x00\x00\x9f\x05\xa5\x0f\x7chD\xc8y\xc3\xb7\x3b\x1f\x27</data></write>
    <read><length>4</length><match><data>\x9aI\xc5o</data></match></read>
    <!-- WHITELIST -->
    <write><data>\x16\x00\x00\x00\x9f\x05\xa5\x0f\xec\x00\x9e\xb3\xf2\x85\x95\x2cm\xaa\xb6\xd1C\x92\x93\x3c\xe6V</data></write>
    <read><length>4</length><match><data>\x9aI\xc5o</data></match></read>
    <!-- UPDATE -->
    <!-- update add -->
    <!-- update add -->
    <!-- update add -->
    <!-- update add -->
    <!-- update add -->
    <write><data>p\x00\x00\x00\x1a\xdb\xa703\x80\xcb\xed\x00\x16\x00\x00\x00\x7d\xde\x85U\xb1\xd2\x0b\xfcH\xb5\x8f\x3e\x5e\x8e\x06\x90\xc5\xc0F\x1a\x82l\x00\x0c\x00\x00\x00k\xe1\x08\xadBeU\xe4\xf0P\x094\x00\x0a\x00\x00\x00\xf6\x11\xc8\xcdZtO\xd65r\x00\x0e\x00\x00\x00G\xe2\x9e\xc2un\xb5\xfb\xc6v2\x1a\xc1\x5e\x00\x15\x00\x00\x00\xc8\xd5\xea\x8c\xf9\x5d\xa8Q\xe2:u\xfc\x85M\x3c\xc4cd\x85\x13\xb1</data></write>
    <read><length>4</length><match><data>\x9aI\xc5o</data></match></read>
    <!-- UPDATE -->
    <!-- update remove -->
    <!-- update add -->
    <!-- update add -->
    <!-- update add -->
    <!-- update add -->
    <write><data>\x8b\x00\x00\x00\x1a\xdb\xa70\x99q\xcb\xed\x01\x1a\x00\x00\x00\xf5\xb2\xfb\xe9\x81\xe0\xa5\xd8\x40\x3e\x2c\xfd\xf0.q\x9b\xa3\x90\xcc\xa0\xd3\x12\x8bq\x5b\xec\x00\x14\x00\x00\x00\xa5Q\xcdA\x23\x1b\x8b\x2c\xf1\x23c\xe7\xe4\xfa\xd9Z\x19\x9c\xfei\x00\x13\x00\x00\x00\xbc\x97\x0c\x95\x1e\xed\x85\xab\xcf\x2f.\x94c\x09zC\x7c\xd1\xf7\x00\x17\x00\x00\x00\x8c\x89\x2cp\xa6\xb2\x0c\x18\xb8.\x16\x10\xb6\xb5\xce\x3c\xaa\x12\xd5\xdc\x05\x7dK\x00\x12\x00\x00\x00\x85\xa2\x84\xec.!\x8a\xadGh1m\xf1\xef\xf3\x05\xd5\xa4</data></write>
    <read><length>4</length><match><data>\x9aI\xc5o</data></match></read>
    <!-- CHECK exe wrapper -->
    <!-- CHECK ok -->
    <write><data>i\x01\x00\x00M\xae\x7b6r\x94\x26N\x27\x0d\x2c\x02\x27\x0d\x2c\x02\x2b\x01\x00\x00R\x0e\x2c\x02\x1a\x00\x00\x00l\x0e\x2c\x02\x5cF\x0b\x00\x60\xc7\xc3\x28\x0d\x2c\x02\x81\xc3\x2a\x01\x00\x00EMFNAIGOFNAIBJEM\x81\xb3\x00\x00\x00\x00\xde\x00\x00\x00\x81\xb3\x01\x00\x00\x00\xde\x00\x00\x00\x81\xb3\x02\x00\x00\x00\xde\x00\x00\x00\x81\xb3\x03\x00\x00\x00\xde\x00\x00\x00\x81\xb3\x04\x00\x00\x00\xde\x00\x00\x00\x81\xb3\x05\x00\x00\x00\xde\x00\x00\x00\x81\xb3\x06\x00\x00\x00\xde\x00\x00\x00\x81\xb3\x07\x00\x00\x00\xde\x00\x00\x00\x81\xb3\x08\x00\x00\x00\xde\x00\x00\x00\x81\xb3\x09\x00\x00\x00\xde\x00\x00\x00\x81\xb3\x0a\x00\x00\x00\xde\x00\x00\x00\x81\xb3\x0b\x00\x00\x00\xde\x00\x00\x00\x81\xb3\x0c\x00\x00\x00\xde\x00\x00\x00\x81\xb3\x0d\x00\x00\x00\xde\x00\x00\x00\x81\xb3\x0e\x00\x00\x00\xde\x00\x00\x00\x81\xb3\x0f\x00\x00\x00\xde\x00\x00\x00\x81\xb3\x10\x00\x00\x00\xde\x00\x00\x00\x81\xb3\x11\x00\x00\x00\xde\x00\x00\x00\x81\xb3\x12\x00\x00\x00\xde\x00\x00\x00\x81\xb3\x13\x00\x00\x00\xde\x00\x00\x00\x81\xb3\x14\x00\x00\x00\xde\x00\x00\x00\x81\xb3\x15\x00\x00\x00\xde\x00\x00\x00\x81\xb3\x16\x00\x00\x00\xde\x00\x00\x00\x81\xb3\x17\x00\x00\x00\xde\x00\x00\x00\x81\xb3\x18\x00\x00\x00\xde\x00\x00\x00\x81\xb3\x19\x00\x00\x00\xde\x00\x00\x00GOAI\x90EMAIaN\xfa0\x9c\xefzX\xddPf\xe3\xfe8\x8bE\xa4h\xa3\x95\xa6\x0d\x01\x0a\x0b?\xa8</data></write>
    <read><length>4</length><match><data>\x9aI\xc5o</data></match></read>
    <!-- CHECK match rule -->
    <write><data>\x29\x00\x00\x00M\xae\x7b6I\x27\x7d\x7b\xff\x19\xf1\x94o\x5f\x85\xfd\xcf\x8b\xe5\xf8c\xeah\x17\xb7.\xb6\x27F\x24\xe9\xc7y\x0f4\x05E\xe8T\x02L</data></write>
    <read><length>4</length><match><data>\x85\x3b\x08B</data></match></read>
    <!-- WHITELIST -->
    <write><data>\x1a\x00\x00\x00\x9f\x05\xa5\x0f\xb6\xf7\xb9d\x0e\x07\x8eY7\x85\xa9\xa9\x2f\x0f\x23\x13b8\x9a\xa07\xf5</data></write>
    <read><length>4</length><match><data>\x9aI\xc5o</data></match></read>
    <!-- CHECK match rule -->
    <write><data>\x1b\x00\x00\x00M\xae\x7b692\x10\x01I\x8b\x0a\xcd\x2d8F\x01c\x1f\x8e\xfaCcGSx\x87\x8e</data></write>
    <read><length>4</length><match><data>\x85\x3b\x08B</data></match></read>
    <!-- CHECK ok -->
    <write><data>\x25\x00\x00\x00M\xae\x7b6v\x10\x19\x0b\x1f\x9c\x5d\x89R\x03\xb3\xd7\x9b\x22\xe5\x3e\x9fWa\xea\x3ca\xed\xf3\xf9\x1f\x08\x26n!\x06\xbb\xd3</data></write>
    <read><length>4</length><match><data>\x9aI\xc5o</data></match></read>
    <!-- WHITELIST -->
    <write><data>\x16\x00\x00\x00\x9f\x05\xa5\x0f\x7d\xb6\x22\x8f\x93\xf2\xfe\xe0\x05 \xad\xd2A0\xc2\x03b\xb6</data></write>
    <read><length>4</length><match><data>\x9aI\xc5o</data></match></read>
    <!-- WHITELIST -->
    <write><data>\x1a\x00\x00\x00\x9f\x05\xa5\x0f\xff\x893y\x5d\xc34\x9c\xcd9bhn\x81\xad\x2a\xad\xd0\xe6\xf7y\x97</data></write>
    <read><length>4</length><match><data>\x9aI\xc5o</data></match></read>
    <!-- CHECK match rule -->
    <!-- whitelist -->
    <write><data>\x5c\x00\x00\x00M\xae\x7b6\xc0\xa9\x00\x00\x0a\x00\x01\x00\x91P\x8d\xd7\xf7\x84\xb7\xedn\x11\xa3\x1d\x0f.\x1f\xea\xe9\x60\x3e\xd8\x1c\xc3\xe3\xf9\x9c\x093\x9d\x84\x19\x18\x17\xa8\x1b\x7d\xb6\x09\xef\x8e\x90\xbc\x23\xa0\x94w\xff\xc6\x92\x9f\x91\x26\xeb\x25\xa7!y\x9f\x5fk\x2f\xda\xa3\x7d\xb6\x22\x8f\x93\xf2\xfe\xe0\x05 \xad\xd2A0\xc2\x03b\xb6</data></write>
    <read><length>4</length><match><data>\x9aI\xc5o</data></match></read>
    <!-- UPDATE -->
    <!-- update add -->
    <!-- update add -->
    <!-- update add -->
    <!-- update add -->
    <!-- update add -->
    <write><data>g\x00\x00\x00\x1a\xdb\xa70\xfe\x83\xcb\xed\x00\x19\x00\x00\x00\x9a\xdf\x09\xf3\xafL\xe63\xe2\xb6\xe7\xc0\x12\xbb\x3b\xa5\xa2\xdf\xcfOF\xe3Ad\x18\x00\x12\x00\x00\x00\x11\xcd\xcc\xf9\x7e\xd2\xb0\xd5u\xcdn2U\x9f2nA\xf3\x00\x06\x00\x00\x00\x7b\x82\x83\x18\x90\x9f\x00\x0e\x00\x00\x00\x5f\x19\xff\x7e\xd9\x7eX\xb66W\xe6\xe2\xa9\xa4\x00\x07\x00\x00\x00\xa3\x02\xbcT\x18\x81\x17</data></write>
    <read><length>4</length><match><data>\x9aI\xc5o</data></match></read>
    <!-- CHECK match rule -->
    <write><data>6\x00\x00\x00M\xae\x7b6\xab\xf6K\xc5\xbf\x01\xcd\x1f\x2fL\x87cL\xcf\xb70\xc4r\xda\x94\xf5o\xfc\x11q\xc4\x23\xea\xe7D\x1d5\xaf0R\x96\x8e\x5b\x9f\x25\xf0\x89\x60\xb5\x0b\x26\x19\xe9\xc4\xa0</data></write>
    <read><length>4</length><match><data>\x85\x3b\x08B</data></match></read>
    <!-- UPDATE -->
    <!-- update remove -->
    <!-- update remove -->
    <!-- update add -->
    <!-- update remove -->
    <!-- update add -->
    <write><data>y\x00\x00\x00\x1a\xdb\xa70\x7f\x7e\xcb\xed\x01\x16\x00\x00\x00\x89V\x0f\x0d\x86\xbc\x07\x9f\xb2\x3b\x19\xf8\xea\xd4\x1cI\x03\xab\xc2g\xf6t\x01\x12\x00\x00\x00\xbaF\xec\xc4\x3d\xe70p\x85\x1c\xf2\xc0\x8a?\xedv\x08\x2b\x00\x0c\x00\x00\x00JFQ\x05\xa4\xbb\xaa\xf1\x2f\x5b\x19\x90\x01\x17\x00\x00\x00S\x0d\x00\xa75\xa0\x3b\xc5\xee\xdd\xbbE\x5d\xb6\x06\x0e\x9b\xc6\x25\xfcv\xe5\xa1\x00\x0d\x00\x00\x00\xb9\x5f\xb4\x14\xcd\xa3\x89\xa0v\x10\x90\xd4\x81</data></write>
    <read><length>4</length><match><data>\x9aI\xc5o</data></match></read>
    <!-- CHECK match rule -->
    <write><data>\x27\x00\x00\x00M\xae\x7b6\xcb\xe8\x10\x9a\xdf\x09\xf3\xafL\xe63\xe2\xb6\xe7\xc0\x12\xbb\x3b\xa5\xa2\xdf\xcfOF\xe3Ad\x18P\xe3?\xaa\xf1\xd7\x0c</data></write>
    <read><length>4</length><match><data>\x85\x3b\x08B</data></match></read>
    <!-- CHECK ok -->
    <write><data>\x10\x00\x00\x00M\xae\x7b6\x93\xe8D\x7c\x17\x9aF\x1d\xed\xf4\xd1\x3c</data></write>
    <read><length>4</length><match><data>\x9aI\xc5o</data></match></read>
    <!-- WHITELIST -->
    <write><data>\x16\x00\x00\x00\x9f\x05\xa5\x0f\xa2\xfe\xe7\x2f\xeb\x1b\x9cP\x9e\x1e\x9d\x95\x14\xba\xd5\xe6\xf95</data></write>
    <read><length>4</length><match><data>\x9aI\xc5o</data></match></read>
    <!-- UPDATE -->
    <!-- update add -->
    <!-- update remove -->
    <!-- update add -->
    <!-- update remove -->
    <!-- update remove -->
    <write><data>\x7d\x00\x00\x00\x1a\xdb\xa70t\x7b\xcb\xed\x00\x1a\x00\x00\x00\xe0\x29\xf0\xa1\x94\xae\xde68\x08\xbd\xb4\xc2\x5c\x23:2\xa2\xbb\xcb\xf5gq\x86\x27\xa7\x01\x1d\x00\x00\x00\xbc\x8a\x288\x89\x5b\xfe\xa9\xe9S?wW\x18\xd1cgM\x0b\x12:\xaf\xd8\xdeC\x08a\xce\xac\x00\x13\x00\x00\x00\xd5i\xc1\x5c\xe8\x1f\x0a\xa5\xfb\xa2GqA\x22\x0fq\x1a\xe2\x9b\x01\x09\x00\x00\x00x\x0c\x92\x85\xd6\xfe\xbb\xf3\xd2\x01\x09\x00\x00\x00\xd9\x0eu\x83\x26t\xddy\x24</data></write>
    <read><length>4</length><match><data>\x9aI\xc5o</data></match></read>
    <!-- WHITELIST -->
    <write><data>\x12\x00\x00\x00\x9f\x05\xa5\x0f \xea\xa6\x06\x3d\x0dQ\x8f\xe2\x3e\xe4\xf4\x17\xf7</data></write>
    <read><length>4</length><match><data>\x9aI\xc5o</data></match></read>
    <!-- WHITELIST -->
    <write><data>\x0f\x00\x00\x00\x9f\x05\xa5\x0f\x24\xb7b\xa2v\xea\xaa\xdcq\x05\xd4</data></write>
    <read><length>4</length><match><data>\x9aI\xc5o</data></match></read>
    <!-- CHECK ok -->
    <write><data>\x25\x00\x00\x00M\xae\x7b6\xb6\x27\xee4\x5e\x24U\x8d\x90\xb6\x3d\x0d3s\xb8\xcb\x08\xb8\x28\x06\xb6\x13\xab\x0f\xd3\x40\x23\x7c\x0c\xae\x162S</data></write>
    <read><length>4</length><match><data>\x9aI\xc5o</data></match></read>
    <!-- WHITELIST -->
    <write><data>\x16\x00\x00\x00\x9f\x05\xa5\x0f\x95\x03\xbb\x1bi3\x1b\x9d\xe7\xda\x1f\x5d\x84\xe7\xebg\xe0\x0a</data></write>
    <read><length>4</length><match><data>\x9aI\xc5o</data></match></read>
    <!-- WHITELIST -->
    <write><data>!\x00\x00\x00\x9f\x05\xa5\x0f\x888m.\x9fI\x2b\x0c\xba\xd8L\xa2\x16F\xc2\x19\x0c\x08\xaf\x29\xc0\xce\xddG\xc0\x3e\x3bf\xde</data></write>
    <read><length>4</length><match><data>\x9aI\xc5o</data></match></read>
    <!-- UPDATE -->
    <!-- update remove -->
    <!-- update remove -->
    <!-- update add -->
    <!-- update add -->
    <!-- update add -->
    <!-- update add -->
    <!-- update remove -->
    <!-- update add -->
    <!-- update add -->
    <!-- update remove -->
    <write><data>\xf6\x00\x00\x00\x1a\xdb\xa70\xf9M\xcb\xed\x01\x18\x00\x00\x00?\x5c\xab\xe9\x14\xcd\xf4Pt\xa6\xa5\xed\x5e\xbc\x10\xea\xe7\x17m\xccT\x99m\xaf\x01\x0a\x00\x00\x00\xf6\x11\xc8\xcdZtO\xd65r\x00\x1a\x00\x00\x00V\x2b\x7f\x18\x80\x1a\x99\x7c\x8ebs\x5e\xe9X\x13\x0b\xd5\xcf\x85WWT\x9b\x99\x7b\x3b\x00\x16\x00\x00\x00\x10S\x83\xacy.\x2f\x83\xa0\xab\x2c\x7c\xcd\x191\xcd\xa3\xd34\xa2!8\x00\x0d\x00\x00\x00\x5d\xaf\x2cd\x0d\xb7X\x22\x7e\x7d\xf3\x8f\x5b\x00\x1b\x00\x00\x00A\xda\x3d\x12yzz\x0b\xa0\xbc\x98\xf8\x99\xa6TX\x82\xd5\xdf\x24\x91\xad\x2f\x1e\xb9O\xbe\x01\x13\x00\x00\x00\xbc\x97\x0c\x95\x1e\xed\x85\xab\xcf\x2f.\x94c\x09zC\x7c\xd1\xf7\x00\x0d\x00\x00\x00\x86\xf1\xd3\xd6\x053\x2a\xb9veH\x1b\x3b\x00\x10\x00\x00\x00WX\x7c\x1a\xb5\xc3\x1b\x81\x7dLf\x89\xd1\xf6b\xc7\x01\x12\x00\x00\x00\x85\xa2\x84\xec.!\x8a\xadGh1m\xf1\xef\xf3\x05\xd5\xa4</data></write>
    <read><length>4</length><match><data>\x9aI\xc5o</data></match></read>
    <!-- CHECK match rule -->
    <write><data>\x14\x00\x00\x00M\xae\x7b6V\x5d\xaf\x2cd\x0d\xb7X\x22\x7e\x7d\xf3\x8f\x5b\x12\x94</data></write>
    <read><length>4</length><match><data>\x85\x3b\x08B</data></match></read>
    <!-- WHITELIST -->
    <write><data>\x16\x00\x00\x00\x9f\x05\xa5\x0f\xa6\xfc.\x22\x0eV8\xf9C\x01\x7f\x1c\x93\xa6\x8f\x1a\x84\xdb</data></write>
    <read><length>4</length><match><data>\x9aI\xc5o</data></match></read>
    <!-- CHECK exe wrapper -->
    <!-- CHECK ok -->
    <write><data>y\x00\x00\x00M\xae\x7b6r\x94\x26NVzl\x1dVzl\x1d\x3e\x00\x00\x00\x94zl\x1d\x17\x00\x00\x00\xabzl\x1dl\xe3\x02\x00\x60\xe8\x06\x00\x00\x00\x3c\xf9\xcd\xd2\xcc\x5eZ\x81\xc28\x00\x00\x00\x40HEMEM\x40H\xc7\xc0\x17\x00\x00\x00\xc7\xc1\x00\x00\x00\x009\xc1t\x0a\x814\x0a\x94\x00\x00\x00A\xeb\xf2\x90\x40H\x90CKGOa\xf2\x98d\x25\x7e\x01y\xb4\xbb\xcd\x9e\x0dtV\x5bu\xdd\xcbP\x23\x8f\xe9u</data></write>
    <read><length>4</length><match><data>\x9aI\xc5o</data></match></read>
    <!-- CHECK ok -->
    <write><data>\x1d\x00\x00\x00M\xae\x7b6\xac\xd1\x25\x92\x91\xeb\xc2U\xe7\x97\xc4\x0a\xb5\x02J9\xa6\xac\xbd\xc5WA\x88Qo</data></write>
    <read><length>4</length><match><data>\x9aI\xc5o</data></match></read>
    <!-- UPDATE -->
    <!-- update remove -->
    <!-- update add -->
    <!-- update add -->
    <!-- update remove -->
    <!-- update add -->
    <!-- update remove -->
    <!-- update add -->
    <!-- update add -->
    <!-- update add -->
    <!-- update add -->
    <write><data>\xd9\x00\x00\x00\x1a\xdb\xa70QS\xcb\xed\x01\x0b\x00\x00\x00\xb0\xc1\xf1\x8f\x2f\x03\xe8p\xf8\x83\xcf\x00\x18\x00\x00\x00?\x86\xf7wr\x1c\xec\xd13\x9f\xab\xf4\xec\xbe!\xe0\xa7\x7f\x8a\xfdlT\xe4\xf4\x00\x06\x00\x00\x00\x85\xb4\xa4\xfcj\x81\x01\x06\x00\x00\x00\xe5\xad\x97 \xfa\xa9\x00\x0d\x00\x00\x00\x92tqx\xdcC\xa2\xc4\x90\xbdG\x06\xd5\x01\x17\x00\x00\x00v\x0e\xd6B\x254\x7c\xf6D\xf8\xd2PV4?cw\x40iN9E\x29\x00\x14\x00\x00\x00N\x5f\xb1\x88\x9e\x0e\xbe\x14\x26\xae\x9a\xc7\x93\x22\x05\xe4\x8f\xb7\xc6\xe1\x00\x15\x00\x00\x00\x98r\xc3\x12op\xbf\x2d\xc0u\x8c\xf8\xda\x00\xea\x81\xd49U\xe18\x00\x05\x00\x00\x00\x8d\xc9\xd1\xff\x60\x00\x1e\x00\x00\x00w\x5b\xd6\x26\x84\xbe\xff\x06\x1ab\x3c\x8dw\xef\x0f\xf9\x1b\xb8\x8f\xdb\xcd\x86o\xf2\xebt\x83 I\x87</data></write>
    <read><length>4</length><match><data>\x9aI\xc5o</data></match></read>
    <!-- CHECK ok -->
    <write><data>\x2a\x00\x00\x00M\xae\x7b6\x9f\xa9\x94\xfd\x2a\xcd\x0a\x88\xac\x9a\x93DErYmM\xae\xf7nj\x2d\x13\xfa\xa2\xb9\xc4\x92\x84\x3e\xc4K\x10\xe3\xcf\xd5B\x9c</data></write>
    <read><length>4</length><match><data>\x9aI\xc5o</data></match></read>
    <!-- WHITELIST -->
    <write><data>\x12\x00\x00\x00\x9f\x05\xa5\x0f\x93\x84o\xc8\x0b\xee\xd9\xe2V\xeas\xabV\x11</data></write>
    <read><length>4</length><match><data>\x9aI\xc5o</data></match></read>
    <!-- CHECK ok -->
    <write><data>\x0e\x00\x00\x00M\xae\x7b6\xcd\xd8\xc5G\xeb\x27u\xa3?\x40</data></write>
    <read><length>4</length><match><data>\x9aI\xc5o</data></match></read>
    <!-- CHECK match rule -->
    <write><data>\x0d\x00\x00\x00M\xae\x7b6X\x04\xc4\x8d2\xf1\x08\x87\x89</data></write>
    <read><length>4</length><match><data>\x85\x3b\x08B</data></match></read>
    <!-- UPDATE -->
    <!-- update add -->
    <!-- update add -->
    <!-- update add -->
    <!-- update add -->
    <!-- update add -->
    <!-- update remove -->
    <write><data>\x90\x00\x00\x00\x1a\xdb\xa70\x92r\xcb\xed\x00\x18\x00\x00\x00\xfa\xab\xe2v\xffM\xd3k\x7d\xf5\x1dUP\x25\xd0\xc9a\x5c\x9e\xa5\xe4\xce\xd5w\x00\x05\x00\x00\x00odxT\xd1\x00\x13\x00\x00\x00V\xe7D\x08\x06\x82\xd8\x2a\xa20E\x08\xddr\xa1\x92\xf4\x2c.\x00\x05\x00\x00\x00\xa9\xf8\xb0\xc8\x27\x00\x1e\x00\x00\x00\xa4\xc3jB\xef\xdbj\xb4\x2bK\x5d\x93\x9c T\xfe\xea\x2d\x08X\xfb\x2fk\xf4U\x03\xcbr\x2d\xec\x01\x17\x00\x00\x00\x15I\xaaM\xfeP\xe2\xe2\x94\xf6\xcbb\x05\x09\xdd\x09\x60O\x90\xc2\xc7\x0c\x5f</data></write>
    <read><length>4</length><match><data>\x9aI\xc5o</data></match></read>
    <!-- WHITELIST -->
    <write><data>\x1e\x00\x00\x00\x9f\x05\xa5\x0f\xaa\xb2\xe0\xe8\xda\xbco\x14\xe0w\xdc\x14\x2b\xdes\x17\xb9HfE\x92\xcc\xfb\x9c3\x0f</data></write>
    <read><length>4</length><match><data>\x9aI\xc5o</data></match></read>
    <!-- WHITELIST -->
    <write><data>\x1e\x00\x00\x00\x9f\x05\xa5\x0f\xb0\xd1\xaa\xf8\x97\x9f\x16\x23BQ\xe7\x90\xb8\x8f\x5fi\x08T\x8dxxd\x5f\xc9h\x8f</data></write>
    <read><length>4</length><match><data>\x9aI\xc5o</data></match></read>
    <!-- UPDATE -->
    <!-- update remove -->
    <!-- update add -->
    <!-- update add -->
    <!-- update add -->
    <!-- update remove -->
    <!-- update remove -->
    <write><data>\x8f\x00\x00\x00\x1a\xdb\xa70\x86u\xcb\xed\x01\x14\x00\x00\x00\xa5Q\xcdA\x23\x1b\x8b\x2c\xf1\x23c\xe7\xe4\xfa\xd9Z\x19\x9c\xfei\x00\x06\x00\x00\x00\xc2\x7e4n\xb3\x5c\x00\x13\x00\x00\x00\xba\xe8q\x10\xa0\xf3\xb3\x16\x27\xfc\x98\x22\xc5\xcd\x24\xa0\x96\x10\x3e\x00\x15\x00\x00\x00G\x3e\x29\xdf\x05\x07\x9c\xc2.\xa5f\xacrM\x84\x91r\xbe\x10At\x01\x0c\x00\x00\x00k\xe1\x08\xadBeU\xe4\xf0P\x094\x01\x1b\x00\x00\x00\xff\x19\xf1\x94o\x5f\x85\xfd\xcf\x8b\xe5\xf8c\xeah\x17\xb7.\xb6\x27F\x24\xe9\xc7y\x0f4</data></write>
    <read><length>4</length><match><data>\x9aI\xc5o</data></match></read>
    <!-- UPDATE -->
    <!-- update add -->
    <!-- update add -->
    <!-- update remove -->
    <!-- update add -->
    <!-- update add -->
    <!-- update add -->
    <!-- update add -->
    <write><data>\x9c\x00\x00\x00\x1a\xdb\xa70zt\xcb\xed\x00\x0d\x00\x00\x00\x3d\xef\x5c\xdfgN\xb6g\xec\xf8\x8e\x7fV\x00\x08\x00\x00\x00\xb7J\xe5u\x10\x23Op\x01\x0a\x00\x00\x00E\x90\x00\xca\xfesw\xf5\xd4s\x00\x12\x00\x00\x00H\x80k\x0d\x2a7\xaa\xa7\x00\xbc\xdf\x891N5\x99\xd7s\x00\x11\x00\x00\x00\x02\x2f?\x2b\xc09\x5d\x81\x26\x02\x0d\x88g\xd7\x1b\x2c\xa6\x00\x19\x00\x00\x000sj\xd7\xb9\xf2\x81G\x12\x2cK\xa9\x26\xa7\xd0\x9f\x9f\xe2\x9d\xc7\x83\x93\x2b\x0d\x8a\x00\x16\x00\x00\x00\x7f\x15:\x091\x2f\xee\xb3\x7d\x10m\x86\x28\x5e\xd8\xbe\xee\xf5\xe9\x0f\x84\xb0</data></write>
    <read><length>4</length><match><data>\x9aI\xc5o</data></match></read>
    <!-- UPDATE -->
    <!-- update add -->
    <!-- update add -->
    <!-- update add -->
    <!-- update add -->
    <!-- update add -->
    <!-- update add -->
    <!-- update add -->
    <!-- update add -->
    <!-- update add -->
    <write><data>\xb3\x00\x00\x00\x1a\xdb\xa70\xfae\xcb\xed\x00\x0d\x00\x00\x00ZIrr\xcc\x23\x05\xd3R\xc2\x40\xe0\x86\x00\x14\x00\x00\x00\xd9m\xbe:P\xcf\x23\x88\xa2\x2d\x99:\xe3A\xea\x98X\xe1\xf2\xc9\x00\x0f\x00\x00\x00\x1b\xe7\x26\xf6\x12\xf2\x3d\xe6T\xbe\x5e\xa6P\xb2\x15\x00\x0a\x00\x00\x00\xf9\x29gX\xb4Q\xe5\x95\x82E\x00\x0a\x00\x00\x00J\xd1\x0e\xaf0\x1diU\xa1\xc3\x00\x0f\x00\x00\x00\x9e\x9d\x7cM\xbav\x1ez\xc2g\x5e\x0fz\x3cU\x00\x16\x00\x00\x00\xb7\xb1\x2c\xf1\xeb\x250\xa44\xf8\xe9\xb6\x90Y\x5bv\xf7\xa7\x80\xbc\x85\xf6\x00\x0c\x00\x00\x00\xd4\x9b\xd8\x0dy\xd1\xe0\xeb\xedzX\xc2\x00\x09\x00\x00\x00\xc7\xfe\x8e\xb2\x9f\x1a\xb7\xa9\x2c</data></write>
    <read><length>4</length><match><data>\x9aI\xc5o</data></match></read>
    <!-- CHECK ok -->
    <write><data>\x06\x00\x00\x00M\xae\x7b6\xd9\xa9</data></write>
    <read><length>4</length><match><data>\x9aI\xc5o</data></match></read>
    <!-- CHECK ok -->
    <write><data>\x2b\x00\x00\x00M\xae\x7b6\x232x\xff\x81\x60\x10\x9ds\xda1\x83\x99\xe9\x29\xe1\x8a\xd8\x9e\x93?\x00\x24K\x2d\xf2\x9b\x02\x15:\x40\x2aq\xd7\xd2\xf389\xd7</data></write>
    <read><length>4</length><match><data>\x9aI\xc5o</data></match></read>
    <!-- WHITELIST -->
    <write><data>\x12\x00\x00\x00\x9f\x05\xa5\x0fqZ\x9a\x814\x0d\x07\x10\xb6\xbe:\xad\x26\x1b</data></write>
    <read><length>4</length><match><data>\x9aI\xc5o</data></match></read>
    <!-- WHITELIST -->
    <write><data>\x17\x00\x00\x00\x9f\x05\xa5\x0f\xa0\xaaM\x7ce\xe7\x97\xbf\x8a\x25\xa3M\x00\xdd\xfe\xd9tc\x5b</data></write>
    <read><length>4</length><match><data>\x9aI\xc5o</data></match></read>
    <!-- WHITELIST -->
    <write><data>\x17\x00\x00\x00\x9f\x05\xa5\x0f\x40\x88\xf4\xf3\xe0\x03\xf9\xad\xbe\x16\xbd\xae\xee\xf3\xc6\xf9S\xd4\x04</data></write>
    <read><length>4</length><match><data>\x9aI\xc5o</data></match></read>
    <!-- CHECK match rule -->
    <!-- whitelist -->
    <write><data>4\x00\x00\x00M\xae\x7b6\x8c\xd1\x84\xd2\xcd\xaf\x3e\xa1\x8fl\xa4\xa4\x15\x00\xfe\x84\xab\x7b\x01k\x81V\xa8T\xdf\x15G\x87\x27\xd0\xde\xeeN\x3e\x93\x84o\xc8\x0b\xee\xd9\xe2V\xeas\xabV\x11</data></write>
    <read><length>4</length><match><data>\x9aI\xc5o</data></match></read>
    <!-- UPDATE -->
    <!-- update add -->
    <!-- update remove -->
    <!-- update add -->
    <!-- update add -->
    <!-- update add -->
    <!-- update remove -->
    <!-- update add -->
    <write><data>\x97\x00\x00\x00\x1a\xdb\xa709v\xcb\xed\x00\x18\x00\x00\x006s\x3c\xaf\xba\xd9\x7d\x60s\x29\x99\xa2r\x88\x99\xcbr\x1c\x23\xb4\xa9\xdb\x28e\x01\x0e\x00\x00\x00:\xd53\xe1\xe1\xb1\x18\x2d\x0b\xeb\x01\xfd\xa4q\x00\x0b\x00\x00\x000mz\xb6\x0dl\xfaK\xc2\x2a3\x00\x07\x00\x00\x00\x2a\x2dg\x0e\x2f\xa2\xdc\x00\x15\x00\x00\x00\xf7p\xfa\x80\x09\x83\xa7\x8c\x91\xcf\x2c\xf8\x8e\x05\x5beL\xdc7\x86c\x01\x1a\x00\x00\x00\x81\x97\x29\x91\x1c\x09\x7e\x9bm\x95\xc8\xb2\x10\xbd\x88\xb0\x92\xdf\x2b\xb8\x0c\x2d\xbb\x7c\x87\x7c\x00\x05\x00\x00\x00\x8d\x17\xa9gA</data></write>
    <read><length>4</length><match><data>\x9aI\xc5o</data></match></read>
    <!-- UPDATE -->
    <!-- update add -->
    <!-- update add -->
    <!-- update add -->
    <!-- update add -->
    <!-- update add -->
    <!-- update add -->
    <!-- update remove -->
    <write><data>\xa6\x00\x00\x00\x1a\xdb\xa70\x10h\xcb\xed\x00\x0b\x00\x00\x00\x8d\x80\xf47\x9bj\xa5\x88B\x16V\x00\x09\x00\x00\x00\x0864\xf9\xe2\xef\x9f\xbec\x00\x1e\x00\x00\x00\x5b\x5f\x0f\x8c.\x86b\xfe\xa2\x24\xf6X\x9c\xe6qW\xa3\x0b\x2c\xef0\x85\x99\x82ll\xf8KC\x60\x00\x09\x00\x00\x00\xb0\x2b\xbc\x83\xf7\xcbk\x0e\x87\x00\x1d\x00\x00\x00\x83\xf1\x12\xc3\xdf.\xbf\x17h\xa5\x9d\x2b\x40\xb4\x2d\xba\x9f\x23\xcc\x05P\x8e\xee\xf0\xb2\xe4\x94\xe8\x97\x00\x1d\x00\x00\x004\x1dQ\x2bQCF\xcf\xb5\xba\xb9\x1b\xe6\xc3\xee\xe1\xa6\xcbZ\xd8\xde\x60\xfc:\xc8\xfa\x12\xaf\xaf\x01\x06\x00\x00\x00\xbb\xed\x94\x1b\x82\xc7</data></write>
    <read><length>4</length><match><data>\x9aI\xc5o</data></match></read>
    <!-- CHECK match rule -->
    <write><data>\x1f\x00\x00\x00M\xae\x7b6\x95i\xe6x\xc8\x22\xb0\x06\x24?\x1a\x2a\xf0Y\x8e\xd1uq\xe8\x8e\xc6\x5e\x2c\x29\x2aCR</data></write>
    <read><length>4</length><match><data>\x85\x3b\x08B</data></match></read>
    <!-- UPDATE -->
    <!-- update add -->
    <!-- update add -->
    <!-- update add -->
    <!-- update remove -->
    <!-- update add -->
    <!-- update remove -->
    <!-- update add -->
    <!-- update add -->
    <!-- update add -->
    <write><data>\xc6\x00\x00\x00\x1a\xdb\xa70\x01\x5e\xcb\xed\x00\x15\x00\x00\x00\xb1\x5b\xfb\x1f\xf04b\xa9\xb66L\xb8\x3c\xb8\x97\xf6\x97\x96\xf8\x1c\xbd\x00\x16\x00\x00\x00\xbd\x7b\xdbc\x2d\xcc3\x08\xa68\xf4\xbb\xa7\x24C2\x90\xf6\x3d\x87O\x81\x00\x0c\x00\x00\x00\xa5\xde\xfby\xdb\x19\x3b\xf3iX\x0a\x2b\x01\x0d\x00\x00\x00\x92tqx\xdcC\xa2\xc4\x90\xbdG\x06\xd5\x00\x0d\x00\x00\x00oV5\x02\xb7v\x91\xefw\xa6\xfdq4\x01\x08\x00\x00\x00\xfe\xbdu\xfcfZ\xfa\xa5\x00\x1a\x00\x00\x00\xb2\xcaL\x40\x13\x2f\x1f\x11\x3c\x90\x19S\x1fPi\x92\x95\x9f\xfeK\x99\x2c\xb7\xb8\xc9\x80\x00\x19\x00\x00\x00\xec\xfeZ\x16\xf73\x90\xdd\x01Ii\x5eC\x87\xd8\x8e\x28\xf2\xef\xb9\xdc\xa9\xa8\xb7\xb1\x00\x05\x00\x00\x00\xdf\x1e\x8c\x15\x7d</data></write>
    <read><length>4</length><match><data>\x9aI\xc5o</data></match></read>
    <!-- CHECK match rule -->
    <write><data>\x1a\x00\x00\x00M\xae\x7b6\xa5\x28\x04Z\x97\xc4 \x93\x29\xb7X\x3b\xdb2p\xf5\x2a\x7eB\xfcM\xdc</data></write>
    <read><length>4</length><match><data>\x85\x3b\x08B</data></match></read>
    <!-- CHECK ok -->
    <write><data>\x19\x00\x00\x00M\xae\x7b6h\x89:\xae\xd1O\x29\xad\xe2\x01\xce\x00\x2a\x3d\x1a\x29J\x40xx8</data></write>
    <read><length>4</length><match><data>\x9aI\xc5o</data></match></read>
    <!-- UPDATE -->
    <!-- update add -->
    <!-- update add -->
    <!-- update add -->
    <!-- update remove -->
    <!-- update add -->
    <!-- update add -->
    <!-- update remove -->
    <write><data>\xa3\x00\x00\x00\x1a\xdb\xa70\x01t\xcb\xed\x00\x05\x00\x00\x00\x1bF\xe1\x13G\x00\x14\x00\x00\x00\x8e\x87\xa5\xe1G\xfd\xb7\xda\x95S\x8a\xd7\xc4\x91\xe9eh\xd0\xdb0\x00\x14\x00\x00\x00\x24!\x245M\xb6X\xa3o\x0b\x26\xaa\x99\xd7AQ\x15\xa7\x40\xc2\x01\x13\x00\x00\x00V\xe7D\x08\x06\x82\xd8\x2a\xa20E\x08\xddr\xa1\x92\xf4\x2c.\x00\x0f\x00\x00\x00YU\x83W\xe8\x1a6\x9e\x0d\xc56\x94\x178\xd8\x00\x0f\x00\x00\x00\x08\x27\x86\x40\xbcp\x10\xad\x83\x97\x60\xdf8\x28v\x01\x1a\x00\x00\x00V\x2b\x7f\x18\x80\x1a\x99\x7c\x8ebs\x5e\xe9X\x13\x0b\xd5\xcf\x85WWT\x9b\x99\x7b\x3b</data></write>
    <read><length>4</length><match><data>\x9aI\xc5o</data></match></read>
    <!-- WHITELIST -->
    <write><data>\x22\x00\x00\x00\x9f\x05\xa5\x0f:\xd8xuJw\xfe\xd2\x023 g\x24\xbc\xbb\x3bH\xaa\xfff\x06X\x86\xde\x90\x2f41\xed\xe2</data></write>
    <read><length>4</length><match><data>\x9aI\xc5o</data></match></read>
    <!-- UPDATE -->
    <!-- update add -->
    <!-- update remove -->
    <!-- update add -->
    <!-- update add -->
    <!-- update add -->
    <!-- update add -->
    <!-- update add -->
    <write><data>\x98\x00\x00\x00\x1a\xdb\xa70!t\xcb\xed\x00\x07\x00\x00\x00\xff\x00\x08\x26\x8cfg\x01\x0d\x00\x00\x00\xb9\x5f\xb4\x14\xcd\xa3\x89\xa0v\x10\x90\xd4\x81\x00\x15\x00\x00\x00!K\xe5\xf4\xe8\xadZ\x5fG\xca0\x08\xc3\xd0\x3d\x17\x40\x96\xf7\xff7\x00\x1d\x00\x00\x00\x3d\x87a\x0f0\xb6\x01\x80\xcdS\x29m\xd26\x7c\xd3W\x18\xc5duS\xf8\xd4\x40\x14\xe7\x85\x7b\x00\x0d\x00\x00\x00\xa3\xd4M\xcaU\x85\xea\x1c\xf1\x8c\xa9\x1c\x22\x00\x12\x00\x00\x00\x06XX\xfe\xf6\x05\xd4\x17\xd4\x09\x96O\x293\xbc\xff\xaf\xcc\x00\x08\x00\x00\x00\xb7\x3bFJ\xf2u1\xe0</data></write>
    <read><length>4</length><match><data>\x9aI\xc5o</data></match></read>
    <!-- WHITELIST -->
    <write><data>\x22\x00\x00\x00\x9f\x05\xa5\x0f\x7c\xcbp\x128\xe3\x00\xea\x90\x17\xc8\x03\x8d:B\x26OD\xfd\xff\x2fM\x3d\x9a\xd2\xbf\xfam\xb9\xa4</data></write>
    <read><length>4</length><match><data>\x9aI\xc5o</data></match></read>
    <!-- CHECK match rule -->
    <!-- CHECK exe wrapper -->
    <write><data>\x9f\x01\x00\x00M\xae\x7b6r\x94\x26N\x82E\xca\x27\x82E\xca\x27\x5c\x01\x00\x00\xdeF\xca\x27\x1f\x00\x00\x00\xfdF\xca\x27\x11\x0d\x01\x00\x60\xe8\x05\x00\x00\x00\xd6\xfd\x23m\xebZ\x81\xc2V\x01\x00\x00GOAI\x40H\x40HCK\x40H\x90DLBJ\x81\xb2\x00\x00\x00\x00\xfc\x00\x00\x00\x81\xb2\x01\x00\x00\x00\xfc\x00\x00\x00\x81\xb2\x02\x00\x00\x00\xfc\x00\x00\x00\x81\xb2\x03\x00\x00\x00\xfc\x00\x00\x00\x81\xb2\x04\x00\x00\x00\xfc\x00\x00\x00\x81\xb2\x05\x00\x00\x00\xfc\x00\x00\x00\x81\xb2\x06\x00\x00\x00\xfc\x00\x00\x00\x81\xb2\x07\x00\x00\x00\xfc\x00\x00\x00\x81\xb2\x08\x00\x00\x00\xfc\x00\x00\x00\x81\xb2\x09\x00\x00\x00\xfc\x00\x00\x00\x81\xb2\x0a\x00\x00\x00\xfc\x00\x00\x00\x81\xb2\x0b\x00\x00\x00\xfc\x00\x00\x00\x81\xb2\x0c\x00\x00\x00\xfc\x00\x00\x00\x81\xb2\x0d\x00\x00\x00\xfc\x00\x00\x00\x81\xb2\x0e\x00\x00\x00\xfc\x00\x00\x00\x81\xb2\x0f\x00\x00\x00\xfc\x00\x00\x00\x81\xb2\x10\x00\x00\x00\xfc\x00\x00\x00\x81\xb2\x11\x00\x00\x00\xfc\x00\x00\x00\x81\xb2\x12\x00\x00\x00\xfc\x00\x00\x00\x81\xb2\x13\x00\x00\x00\xfc\x00\x00\x00\x81\xb2\x14\x00\x00\x00\xfc\x00\x00\x00\x81\xb2\x15\x00\x00\x00\xfc\x00\x00\x00\x81\xb2\x16\x00\x00\x00\xfc\x00\x00\x00\x81\xb2\x17\x00\x00\x00\xfc\x00\x00\x00\x81\xb2\x18\x00\x00\x00\xfc\x00\x00\x00\x81\xb2\x19\x00\x00\x00\xfc\x00\x00\x00\x81\xb2\x1a\x00\x00\x00\xfc\x00\x00\x00\x81\xb2\x1b\x00\x00\x00\xfc\x00\x00\x00\x81\xb2\x1c\x00\x00\x00\xfc\x00\x00\x00\x81\xb2\x1d\x00\x00\x00\xfc\x00\x00\x00\x81\xb2\x1e\x00\x00\x00\xfc\x00\x00\x00EMa\x8d\xf2\x15xk\x8b\x1dT\x0c\x26Y\xebWJ\xa5\x27\x9b\xf4\x16\xd4\xcc\xcc\x3c\x81\x23\xf2\xf1\x0b\x8b\xfa\xef</data></write>
    <read><length>4</length><match><data>\x85\x3b\x08B</data></match></read>
    <!-- CHECK exe wrapper -->
    <!-- CHECK ok -->
    <write><data>\x2d\x01\x00\x00M\xae\x7b6r\x94\x26Nca\x1c\x10ca\x1c\x10\xf5\x00\x00\x00Xb\x1c\x10\x14\x00\x00\x00lb\x1c\x10\xa5\x12\x0e\x00\x60\xc7\xc0da\x1c\x10\x81\xc0\xf4\x00\x00\x00FNGO\x90AIGOEM\x90GOCK\x81\xb0\x00\x00\x00\x00M\x00\x00\x00\x81\xb0\x01\x00\x00\x00M\x00\x00\x00\x81\xb0\x02\x00\x00\x00M\x00\x00\x00\x81\xb0\x03\x00\x00\x00M\x00\x00\x00\x81\xb0\x04\x00\x00\x00M\x00\x00\x00\x81\xb0\x05\x00\x00\x00M\x00\x00\x00\x81\xb0\x06\x00\x00\x00M\x00\x00\x00\x81\xb0\x07\x00\x00\x00M\x00\x00\x00\x81\xb0\x08\x00\x00\x00M\x00\x00\x00\x81\xb0\x09\x00\x00\x00M\x00\x00\x00\x81\xb0\x0a\x00\x00\x00M\x00\x00\x00\x81\xb0\x0b\x00\x00\x00M\x00\x00\x00\x81\xb0\x0c\x00\x00\x00M\x00\x00\x00\x81\xb0\x0d\x00\x00\x00M\x00\x00\x00\x81\xb0\x0e\x00\x00\x00M\x00\x00\x00\x81\xb0\x0f\x00\x00\x00M\x00\x00\x00\x81\xb0\x10\x00\x00\x00M\x00\x00\x00\x81\xb0\x11\x00\x00\x00M\x00\x00\x00\x81\xb0\x12\x00\x00\x00M\x00\x00\x00\x81\xb0\x13\x00\x00\x00M\x00\x00\x00CKGOCK\x90BJFN\x90\x90GOa\xa1HJQ\x11\xd1Q\xdc6j\xbb\x1d\xc0\x0d\x80\x08c\x7e\xa5B</data></write>
    <read><length>4</length><match><data>\x9aI\xc5o</data></match></read>
    <!-- UPDATE -->
    <!-- update add -->
    <!-- update add -->
    <!-- update add -->
    <!-- update remove -->
    <!-- update remove -->
    <write><data>v\x00\x00\x00\x1a\xdb\xa70\x81\x84\xcb\xed\x00\x0c\x00\x00\x00j\x046\x27\x03\x8f\x8cm\xd9K\x13\xa0\x00\x16\x00\x00\x00U\xc6r\xfa\xf8\xd6\x88\xb8\x91\x23\x5eR\xb7\x03\xbf\xb3\x82\x85\x2f\x1f\x25\xa5\x00\x13\x00\x00\x00\xd9u\x1a8\xbc\xf3\x25B\xa5\xa8\xe0\xfa\xbfY\x01\x23q\xecN\x01\x11\x00\x00\x00\x02\x2f?\x2b\xc09\x5d\x81\x26\x02\x0d\x88g\xd7\x1b\x2c\xa6\x01\x0f\x00\x00\x00YU\x83W\xe8\x1a6\x9e\x0d\xc56\x94\x178\xd8</data></write>
    <read><length>4</length><match><data>\x9aI\xc5o</data></match></read>
    <!-- CHECK match rule -->
    <!-- whitelist -->
    <write><data>\x3b\x00\x00\x00M\xae\x7b6\xa0\x25\x1dqZ\x10S\x83\xacy.\x2f\x83\xa0\xab\x2c\x7c\xcd\x191\xcd\xa3\xd34\xa2!8\x1f\x27\x98\x02\xfay\xd4\xc3\x7d\x3b\x7d\xb6\x22\x8f\x93\xf2\xfe\xe0\x05 \xad\xd2A0\xc2\x03b\xb6</data></write>
    <read><length>4</length><match><data>\x9aI\xc5o</data></match></read>
    <!-- UPDATE -->
    <!-- update add -->
    <!-- update add -->
    <!-- update add -->
    <!-- update remove -->
    <!-- update add -->
    <!-- update add -->
    <!-- update add -->
    <!-- update add -->
    <write><data>\xd2\x00\x00\x00\x1a\xdb\xa70\xb0W\xcb\xed\x00\x1e\x00\x00\x00\xd1\x87\x00\x89\x5fz\xc8\x07\x8f\x9d\xa5\xec\x81b\x2b\xeb\x3e\x9c\xef\x0c\x7f\x04\xff\x23\xae\x5b\x1d\x90\x3d\x0c\x00\x0c\x00\x00\x00\x8a\xad\x1e\x1a\x9b\xff\x0d\xbc\xd7\xc8\x22F\x00\x15\x00\x00\x00\xe0\x0edC\xc0\x1a\xb0\xa7\x80\x28\x99\xaeL\xce\xd62\xedg\x9b\x96P\x01\x09\x00\x00\x00\xc7\xfe\x8e\xb2\x9f\x1a\xb7\xa9\x2c\x00\x1a\x00\x00\x00\xd3.\xcc0\xbb\xf2\x7d\x09\xa6\x2aB\xdc\x0c\xe7\xb6U\x87\xa8\xads\xfc\x81\xee\x8fr\xeb\x00\x16\x00\x00\x00TY\x83s\x02\x5b\xb6W\xe0\xe3\xcdS\x06a0\x09\x0e\xa4\x24\xddGA\x00\x19\x00\x00\x00\x0aU\x2c\x14\x802s\xb0\xbc\x5dN\x125\xd2\xdb\xeb\xbdiZ\x95\xe5\xdbk\xda\x5e\x00\x11\x00\x00\x00\xd5\xbd\x60V\x60\xcc\xd9\x07\xd4\xf2\xc9O\xa5\x2c\x8b\xd4\x8d</data></write>
    <read><length>4</length><match><data>\x9aI\xc5o</data></match></read>
    <!-- WHITELIST -->
    <write><data>\x1a\x00\x00\x00\x9f\x05\xa5\x0fDl\x5b\xd5\x12H\xa2\xcej\xd9e\xc0\x18X\xc1F\x07\xf5\xb9\x40\x90\xf4</data></write>
    <read><length>4</length><match><data>\x9aI\xc5o</data></match></read>
    <!-- CHECK match rule -->
    <write><data>!\x00\x00\x00M\xae\x7b6\x2dZ\xca\xa4\x9ao\x5b\x80\x06XX\xfe\xf6\x05\xd4\x17\xd4\x09\x96O\x293\xbc\xff\xaf\xcc\x2d\xa0\xa0</data></write>
    <read><length>4</length><match><data>\x85\x3b\x08B</data></match></read>
    <!-- WHITELIST -->
    <write><data>\x1f\x00\x00\x00\x9f\x05\xa5\x0fwV\xe7\xbb\x82\xad\x1a\x09\xde\xc4\xbb\x29\xf2\x1bG\x8c\x5c\x7c\xaf\x85\x09GL\x5e\x95\xa6\xb0</data></write>
    <read><length>4</length><match><data>\x9aI\xc5o</data></match></read>
    <!-- CHECK exe wrapper -->
    <!-- CHECK ok -->
    <write><data>\x9d\x00\x00\x00M\xae\x7b6r\x94\x26Ne\x24\xbd\x23e\x24\xbd\x23q\x00\x00\x00\xd6\x24\xbd\x23\x08\x00\x00\x00\xde\x24\xbd\x23\xb2\x90\x08\x00\x60\xc7\xc1f\x24\xbd\x23\x81\xe9\x90\xff\xff\xff\x40HGOGO\x81\xb1\x00\x00\x00\x00g\x00\x00\x00\x81\xb1\x01\x00\x00\x00g\x00\x00\x00\x81\xb1\x02\x00\x00\x00g\x00\x00\x00\x81\xb1\x03\x00\x00\x00g\x00\x00\x00\x81\xb1\x04\x00\x00\x00g\x00\x00\x00\x81\xb1\x05\x00\x00\x00g\x00\x00\x00\x81\xb1\x06\x00\x00\x00g\x00\x00\x00\x81\xb1\x07\x00\x00\x00g\x00\x00\x00DLFNDLCKDLCK\x90ai\x94\xd26\x25\xfcf\xf4</data></write>
    <read><length>4</length><match><data>\x9aI\xc5o</data></match></read>
    <!-- CHECK ok -->
    <write><data>\x0d\x00\x00\x00M\xae\x7b6eOg\xa7\xecY\x82\xdb\xa6</data></write>
    <read><length>4</length><match><data>\x9aI\xc5o</data></match></read>
    <!-- WHITELIST -->
    <write><data>\x0f\x00\x00\x00\x9f\x05\xa5\x0f\xea\xf6\xef\x04\x15M\x9b\xect\xb5h</data></write>
    <read><length>4</length><match><data>\x9aI\xc5o</data></match></read>
    <!-- UPDATE -->
    <!-- update add -->
    <!-- update add -->
    <!-- update remove -->
    <!-- update add -->
    <!-- update add -->
    <!-- update add -->
    <!-- update add -->
    <!-- update add -->
    <!-- update remove -->
    <write><data>\xa3\x00\x00\x00\x1a\xdb\xa70\x95r\xcb\xed\x00\x05\x00\x00\x00\xc1G\x9e\x0f.\x00\x0b\x00\x00\x00\xe3\x22\xc5\xf8\x12\xbe\x91\x9f\xc8\x27u\x01\x1e\x00\x00\x00\xa4\xc3jB\xef\xdbj\xb4\x2bK\x5d\x93\x9c T\xfe\xea\x2d\x08X\xfb\x2fk\xf4U\x03\xcbr\x2d\xec\x00\x18\x00\x00\x00\x85d\xc9U\x08\xa4\xff:\x25\x10\xb2\x8a\x5b\x8e\x0f\x3e8\xb8\x3c\x8e\x8e\xc8\x0f2\x00\x07\x00\x00\x00\xd8\x27\xb3\xb2\xf5n\xfb\x00\x06\x00\x00\x00\xce\xf7\x7e\xe0\x3d!\x00\x08\x00\x00\x00j\x23\x92I\x18\x7c\xdc\x7c\x00\x07\x00\x00\x00\x86K\xf7\x9a\xdf\x8e\x04\x01\x0c\x00\x00\x00\xa5\xde\xfby\xdb\x19\x3b\xf3iX\x0a\x2b</data></write>
    <read><length>4</length><match><data>\x9aI\xc5o</data></match></read>
    <!-- UPDATE -->
    <!-- update remove -->
    <!-- update remove -->
    <!-- update add -->
    <!-- update remove -->
    <!-- update remove -->
    <write><data>\x7b\x00\x00\x00\x1a\xdb\xa70\x94\x7c\xcb\xed\x01\x1e\x00\x00\x00\xcd\xaf\x3e\xa1\x8fl\xa4\xa4\x15\x00\xfe\x84\xab\x7b\x01k\x81V\xa8T\xdf\x15G\x87\x27\xd0\xde\xeeN\x3e\x01\x14\x00\x00\x00\x24!\x245M\xb6X\xa3o\x0b\x26\xaa\x99\xd7AQ\x15\xa7\x40\xc2\x00\x09\x00\x00\x00\xcaW\x40\x84\x91\xccv\xb7\x24\x01\x0e\x00\x00\x00G\xe2\x9e\xc2un\xb5\xfb\xc6v2\x1a\xc1\x5e\x01\x11\x00\x00\x00\xd5\xbd\x60V\x60\xcc\xd9\x07\xd4\xf2\xc9O\xa5\x2c\x8b\xd4\x8d</data></write>
    <read><length>4</length><match><data>\x9aI\xc5o</data></match></read>
    <!-- WHITELIST -->
    <write><data>\x0e\x00\x00\x00\x9f\x05\xa5\x0fHwH\x08\xd3\x23\x3d\x7f\x9e\x1e</data></write>
    <read><length>4</length><match><data>\x9aI\xc5o</data></match></read>
    <!-- UPDATE -->
    <!-- update add -->
    <!-- update add -->
    <!-- update add -->
    <!-- update add -->
    <!-- update add -->
    <!-- update add -->
    <!-- update remove -->
    <!-- update add -->
    <!-- update add -->
    <!-- update add -->
    <write><data>\x11\x01\x00\x00\x1a\xdb\xa70\xf2G\xcb\xed\x00\x19\x00\x00\x00\xa6\x29\xcd\x15\x9d\xbf\x88\xcbTD\xa9\xbb\xe4\x1c\x0bG\x0e\x97N\x8c\x10K\x94L\xd2\x00\x1d\x00\x00\x00\x28\x00\xa8\xfa1\x14\x93x\xfbK\x0f\xf7\xc4\x92:\x7cV\xe2\x0eL\x8c\xf03h1Z\xd6kN\x00\x0d\x00\x00\x00\xcc\x12\xa4\x92\xeb\x3dX\xa5\xadN\xb5U\x06\x00\x13\x00\x00\x004\xc6:\xc3\xe5\x87t8\xb9\xc8L ZTo\x11\xd2\x0ap\x00\x13\x00\x00\x00\x95\x3c\xc3\x26\x2a\x40\x85\x89\x97\xe4\x29\xac\x0a\xa9\x0d\xc0\xd1\x04\x1b\x00\x1b\x00\x00\x00W\x0b\x1bq\x86\xbf\x2f\x11\xe0\xd2\xd1\xd3\x04K\x5c\x8c\x60d\xe7\x3e9\xf6\xfb\x3c\xa4\x8a\x18\x01\x1a\x00\x00\x00\xd2\x13\xbc\x5d\x99rLy\xda\x96\xc3\x26\xc31\xd7M\x9e?\xfb\xf3\xd8\x05\xa5\x138\x0b\x00\x17\x00\x00\x00Y\xec\xaa\xe2\xf7\x5bHg\x04\x19U\xa2\x18\x2b\x8a\x25\x2a2\x27\x0feA\xb2\x00\x05\x00\x00\x00\x89\xb3\xbc\xf1\xc5\x00\x1d\x00\x00\x0093\xa2\x04\xc1\x2d\xba\x19\x06e\xa0\x88mL\x29\x0a\xc6\xcd\x963\xa2\xa0\xc8\x7dM\x26OVo</data></write>
    <read><length>4</length><match><data>\x9aI\xc5o</data></match></read>
    <!-- UPDATE -->
    <!-- update add -->
    <!-- update add -->
    <!-- update add -->
    <!-- update add -->
    <!-- update add -->
    <write><data>\x7e\x00\x00\x00\x1a\xdb\xa70\x87v\xcb\xed\x00\x09\x00\x00\x00\xf2e\xdeu\xe0\xb2n\x86\xa1\x00\x12\x00\x00\x00\x7b\xe0\xf9\xeeR\xc3\x12\x9clx\x13\xa6\xdc\xe0\xf3\xc5\xf4\x7b\x00\x1d\x00\x00\x00!\xc8\x1d\xb6\xc7\xd3\x2f\xab\x08s\xbc\x80Z\xd6\x97\xde\x5b\xb6\x00\x99iN\x1dx\xb0\xb8\xa0\x04\x00\x00\x12\x00\x00\x00\xc5\xd7\x9a\x91\x03\xfb\xef!t\x15\x98\x1d\xb8\xa2Q0\xfe\x7b\x00\x13\x00\x00\x00ka\xe1\x1e\xcc\xe9m\xcb\xb4\xee\xecq\x23\xa12U\x8b6\x96</data></write>
    <read><length>4</length><match><data>\x9aI\xc5o</data></match></read>
    <!-- WHITELIST -->
    <write><data>\x16\x00\x00\x00\x9f\x05\xa5\x0f\xd3\x9f\x9f\x1d\x5b\xc4\xb0\x2fl\xb3\x26Y\xfa\xd6\x8a\xc8\xed\x0b</data></write>
    <read><length>4</length><match><data>\x9aI\xc5o</data></match></read>
    <!-- WHITELIST -->
    <write><data>\x14\x00\x00\x00\x9f\x05\xa5\x0f\xe1\x13\x0a\xc086\x88\x5e\xea\x7d\x99M\xdd\x0a0\x9e</data></write>
    <read><length>4</length><match><data>\x9aI\xc5o</data></match></read>
    <!-- UPDATE -->
    <!-- update remove -->
    <!-- update remove -->
    <!-- update add -->
    <!-- update add -->
    <!-- update add -->
    <!-- update remove -->
    <!-- update add -->
    <!-- update remove -->
    <!-- update add -->
    <!-- update add -->
    <write><data>\xec\x00\x00\x00\x1a\xdb\xa70\xa9N\xcb\xed\x01\x08\x00\x00\x00j\x23\x92I\x18\x7c\xdc\x7c\x01\x08\x00\x00\x00\xb7\x3bFJ\xf2u1\xe0\x00\x13\x00\x00\x00K\x8f\xbb\x9b5\xd8\x8c\xa4\xdf\xe359\xc2U\x9b\x24\xe83\xbc\x00\x1b\x00\x00\x00\x16\x3c\xeb\x15\xdd\x02\x10\x5b\xe8m3\x0bUU\xb46\xc4\xe4KU\x8e\x91O\x07\x5f\x40\xcc\x00\x0b\x00\x00\x00\x95\xb0F\xa5\x8aPq\xa8\x60\xcf?\x01\x0c\x00\x00\x00\xd4\x9b\xd8\x0dy\xd1\xe0\xeb\xedzX\xc2\x00\x1c\x00\x00\x00p\xe9\x1f\xe4\x7e\x03KP\x91\xacO\xea\xab\x95\xb4\xd4\xdbV\x7e\xc5m\xbeq\xe7\xba\x83\x10\xe4\x01\x19\x00\x00\x00\x9a\xdf\x09\xf3\xafL\xe63\xe2\xb6\xe7\xc0\x12\xbb\x3b\xa5\xa2\xdf\xcfOF\xe3Ad\x18\x00\x0c\x00\x00\x00\xd3\x29\x5b\xe4\x0f\xf7\x0b\x11\x1f\x7d!\xb3\x00\x1c\x00\x00\x00r\x27\x1f\xd3\xf4H\xa4\x1e\xc6\xb8\xdf\x2f\xf6l8R\xf3\x3d\x27\x5f\x8f\x7bZ9\xdb\x19\xf0N</data></write>
    <read><length>4</length><match><data>\x9aI\xc5o</data></match></read>
    <!-- WHITELIST -->
    <write><data>\x1f\x00\x00\x00\x9f\x05\xa5\x0f\xc9\x00\xb8\xacT\x7d\x8f\x09\x89\x9405E\xe3\x86\x1c\x13\xe3\xe7\xadO4yP5\xb4\x9c</data></write>
    <read><length>4</length><match><data>\x9aI\xc5o</data></match></read>
    <!-- WHITELIST -->
    <write><data>\x12\x00\x00\x00\x9f\x05\xa5\x0f\xca\x10\xdc\xb8\xe6\xa7\x22\xea\x99\xd5\xda\x83\xacB</data></write>
    <read><length>4</length><match><data>\x9aI\xc5o</data></match></read>
    <!-- WHITELIST -->
    <write><data>\x22\x00\x00\x00\x9f\x05\xa5\x0f\x91\xcbj\xe9\x92\x1dS\x01\x04\xbb\xe0\xb2\x8a\xbe\xb82\x94\x08\xb5\x99\xd7\x22\xbb\xb6D\xa7\x96\x22\xd1\x11</data></write>
    <read><length>4</length><match><data>\x9aI\xc5o</data></match></read>
    <write><data>\x04\x00\x00\x00\x26\xf1\x60q</data></write>
    <read><length>4</length><match><data>\x9aI\xc5o</data></match></read>
</replay>
</pov>