<?xml version="1.0" standalone="no" ?>
<!DOCTYPE pov SYSTEM "/usr/share/cgc-docs/replay.dtd">
<pov>
<cbid>service</cbid>
<seed>79130a5483c5bbc89a37cef4d7d184b9a62130b4d526ab34390cf06087180ceac6ae4f85eefe487cf9f115ca0734c58b</seed>
<replay>
    <!-- CHECK match rule -->
    <!-- CHECK exe wrapper -->
    <write><data>\xf1\x00\x00\x00M\xae\x7b6r\x94\x26N\x18eT\x0b\x18eT\x0bD\x00\x00\x00\x5ceT\x0b\x89\x00\x00\x00\xe5eT\x0bv\x26\x0e\x00\x60\xc7\xc0\x19eT\x0b\x81\xe8\xbd\xff\xff\xffEMEM\x90AIFNCKFNGO\x89\xc2\x81\xc2\x89\x00\x00\x00\x89\xc19\xd1t\x0d\x81\xb1\x00\x00\x00\x00\x8c\x00\x00\x00A\xeb\xefGOCKCKDLFNBJa\xb4L\xf6\x96K\x90\x90\xbb\xb0T\x07\x9d\x7cg\xf6\x0e\xdc\xe7\x94\x0d Mb\xe4\xc2\xbf\x98\x0f\x5e\xd4\x24\xdf\x82\xb73\xffy\xd3\xea\xb1\x9e4\xa1r5\xed\x7ci\x22\x1a\xc8\xf8\x94\x29ynk\xc9c\xde\xc6\x97\x23\xec\x8ai\x3e\xdb\xae\xd38zC\x3c\x97\xf01\xee\xfe\xab\x00nU\x0az2F\x5bj\xa7a\x9d\xf3\xb0Pn\xa9\xe5\x1fz\x11\x1d\x7e\xc7\x0d\x0a\x13\xf8\x28\xa80\xa6X\x18s\xa6\xbci\x98\xa1De\x842\xeci\x2d\xb8\xe9\xdd\xdc\x0b\x16\xe6zUq</data></write>
    <read><length>4</length><match><data>\x85\x3b\x08B</data></match></read>
    <!-- CHECK ok -->
    <write><data>\x09\x00\x00\x00M\xae\x7b6\x3boe\xdbR</data></write>
    <read><length>4</length><match><data>\x9aI\xc5o</data></match></read>
    <!-- UPDATE -->
    <!-- update add -->
    <!-- update add -->
    <!-- update add -->
    <!-- update add -->
    <!-- update add -->
    <!-- update add -->
    <!-- update add -->
    <!-- update add -->
    <write><data>\xbe\x00\x00\x00\x1a\xdb\xa70\x0c\x5d\xcb\xed\x00\x06\x00\x00\x00\xa6\x1d\xa2L\xa5\x5c\x00\x16\x00\x00\x00\x22\xb3\x9e\xaa\xf4Y\x10Caq\x01\x5f\xd6\xddG\xa4\xa34\x06\xa6\x29\x2a\x00\x0d\x00\x00\x00u\xcd\x2c\x94T\x5e\xbf\xe3\xa2\xb1\xc9\xdf\xeb\x00\x1d\x00\x00\x00\xf02\xd0\x7b\x3d\x5c\xe4\xd4\x86u\x1f\x7b\x40\xa9N\x93\x5b\xb5\xe7\xda\xd9\x08\xa5\xea\xab\x3e!\x27p\x00\x1e\x00\x00\x00\x02\xf1\xfb\xe7?\xb6\x95oN\xf7b\x2d\xfam\xf2JN\xa3\x89nu\xed\xce\xc4\x2a\x0a\xf3\xc5\xd6\xb3\x00\x0c\x00\x00\x00\xe7\x26\xe7\x91\x1e\xa1\xa4u\xf0\xff4\xdd\x00\x08\x00\x00\x00\x99awldu\xff\xdf\x00\x16\x00\x00\x00\x40\xfcb\x0c3cS\x07K\x9b\xcc\xac\xe7\xa8\xac\x60:\x95\xfe8\xd2\xad</data></write>
    <read><length>4</length><match><data>\x9aI\xc5o</data></match></read>
    <!-- WHITELIST -->
    <write><data>\x13\x00\x00\x00\x9f\x05\xa5\x0fi\x02\x25\xa7\xd2\xbc\x1b\x1d\x17\x9d\xd6\x15\xd0\x02\x2c</data></write>
    <read><length>4</length><match><data>\x9aI\xc5o</data></match></read>
    <!-- CHECK ok -->
    <write><data>\x0b\x00\x00\x00M\xae\x7b6\x09\x82o\x9e\xaa\xecA</data></write>
    <read><length>4</length><match><data>\x9aI\xc5o</data></match></read>
    <!-- UPDATE -->
    <!-- update add -->
    <!-- update add -->
    <!-- update add -->
    <!-- update add -->
    <!-- update remove -->
    <!-- update add -->
    <!-- update add -->
    <write><data>\xb9\x00\x00\x00\x1a\xdb\xa70T\x60\xcb\xed\x00\x1e\x00\x00\x00X\xcb\xf6\xbb\x40\x2a\x924\x1c\x27k\x05l\xc2\x93\xac\xf2T\x19\x0e\x293NMl1\xf5ra\x11\x00\x1d\x00\x00\x00t\x83\xe1\x3dBN\xf4\xc1\xbb\x18\x0e\x90\xfe\x1f\x5d\x8a08\x10T\xa22\x81r\x86\xfe\x24\x98\xbf\x00\x15\x00\x00\x00\x84\x2d\xe0\xf1\xf3L\x2df\x9e\xc5\xf0\x90\xed\x9b\xfew\xfb\x15\x81\xa5k\x00\x0b\x00\x00\x00\x5d\xc3.\xf1\x92\xdd4\xedi\x83\xaf\x01\x0c\x00\x00\x00\xe7\x26\xe7\x91\x1e\xa1\xa4u\xf0\xff4\xdd\x00\x10\x00\x00\x00\xdc\x24\xad\x15\x9b\xe5\x28\x18\xab\x18\xab\x27\xc6\x27!\xd0\x00\x17\x00\x00\x00P\xd2\xc6\xc4\xe3\xc9\x8f\xd4\x7e\xc1\xa5\x2a\xd5\xbc\xc2GQ\x12!\xf2Q\xee\x9d</data></write>
    <read><length>4</length><match><data>\x9aI\xc5o</data></match></read>
    <!-- UPDATE -->
    <!-- update add -->
    <!-- update add -->
    <!-- update remove -->
    <!-- update add -->
    <!-- update add -->
    <!-- update remove -->
    <write><data>x\x00\x00\x00\x1a\xdb\xa70\xb6\x83\xcb\xed\x00\x0d\x00\x00\x00OX\x06\xb0\x9d\xfb\x18\x89\x5b\x5f\xe1\xd2\xd3\x00\x06\x00\x00\x00xbgk\xf3\xdc\x01\x1e\x00\x00\x00X\xcb\xf6\xbb\x40\x2a\x924\x1c\x27k\x05l\xc2\x93\xac\xf2T\x19\x0e\x293NMl1\xf5ra\x11\x00\x13\x00\x00\x002v\x9a\xc3\xf8\xb1\x2b\x1c\x3e!I\xae\x1c\x92\x15h\x04\x98\xb3\x00\x08\x00\x00\x00\xf28Ov\xd1\x83n\x3e\x01\x06\x00\x00\x00xbgk\xf3\xdc</data></write>
    <read><length>4</length><match><data>\x9aI\xc5o</data></match></read>
    <!-- WHITELIST -->
    <write><data>!\x00\x00\x00\x9f\x05\xa5\x0f\xb5\x05Tm\xb9\xc4fl\xd1\x82\xe9\xdb\x40\x0c\xe0\x19\x22\xa1\x7f\x82\xf0\xbe\x03?\x8c\xb1\x18\x8f\x1b</data></write>
    <read><length>4</length><match><data>\x9aI\xc5o</data></match></read>
    <!-- WHITELIST -->
    <write><data> \x00\x00\x00\x9f\x05\xa5\x0f\x03\xacq\xa8k\xcc\xe6\x1a\xc6\xc7\x2f\x2bh\x16I\xb8\x2a\xf6\x03\xb1\x81n\xe0\xcb\xac\xf6\xd8\x91</data></write>
    <read><length>4</length><match><data>\x9aI\xc5o</data></match></read>
    <!-- UPDATE -->
    <!-- update remove -->
    <!-- update add -->
    <!-- update add -->
    <!-- update add -->
    <!-- update add -->
    <!-- update add -->
    <write><data>\x89\x00\x00\x00\x1a\xdb\xa70Ny\xcb\xed\x01\x10\x00\x00\x00\xdc\x24\xad\x15\x9b\xe5\x28\x18\xab\x18\xab\x27\xc6\x27!\xd0\x00\x0f\x00\x00\x00\x89\xd51d\x28\x12\x00\xedM\xab\xbf\xb2\xcfV\xe6\x00\x0d\x00\x00\x00h\xf4\x23:\xe3\x9c\xc6\xd7\x0e\x5b\x9e\xef\x60\x00\x10\x00\x00\x00\xb1\xc4\x27\x2a\x14\xb7\x2b\x3d\x5e\xc0\x8ds\xccGP\x81\x00\x0d\x00\x00\x00\xc9\x00?\xcd\xf3\xc5\x7f4\xba\xd9\x15Ca\x00\x1a\x00\x00\x00\x07\xfbr\x3c\xa6h\xe8h\x14\x0e1\xd9j\xcaE\x3d\xd1\x92UH\xf2X\xc3\x2c\xc2\xb6</data></write>
    <read><length>4</length><match><data>\x9aI\xc5o</data></match></read>
    <!-- UPDATE -->
    <!-- update remove -->
    <!-- update add -->
    <!-- update add -->
    <!-- update remove -->
    <!-- update remove -->
    <!-- update remove -->
    <write><data>\x88\x00\x00\x00\x1a\xdb\xa70\xd5u\xcb\xed\x01\x0d\x00\x00\x00h\xf4\x23:\xe3\x9c\xc6\xd7\x0e\x5b\x9e\xef\x60\x00\x0b\x00\x00\x00\xe5S\xd4\xe5\x9e\xa2\x16\xd2\x7e\x89\xb4\x00\x17\x00\x00\x00\xb1\xe4\xc4\xa2V\x27\x60\x27c\xff\xdc\x01\x3e\xe5s\xc4\x05\xf5\xf0\xa4?\xf7\x0a\x01\x16\x00\x00\x00\x40\xfcb\x0c3cS\x07K\x9b\xcc\xac\xe7\xa8\xac\x60:\x95\xfe8\xd2\xad\x01\x0d\x00\x00\x00OX\x06\xb0\x9d\xfb\x18\x89\x5b\x5f\xe1\xd2\xd3\x01\x10\x00\x00\x00\xb1\xc4\x27\x2a\x14\xb7\x2b\x3d\x5e\xc0\x8ds\xccGP\x81</data></write>
    <read><length>4</length><match><data>\x9aI\xc5o</data></match></read>
    <!-- UPDATE -->
    <!-- update remove -->
    <!-- update remove -->
    <!-- update add -->
    <!-- update add -->
    <!-- update remove -->
    <!-- update add -->
    <write><data>\xa2\x00\x00\x00\x1a\xdb\xa70ck\xcb\xed\x01\x13\x00\x00\x002v\x9a\xc3\xf8\xb1\x2b\x1c\x3e!I\xae\x1c\x92\x15h\x04\x98\xb3\x01\x16\x00\x00\x00\x22\xb3\x9e\xaa\xf4Y\x10Caq\x01\x5f\xd6\xddG\xa4\xa34\x06\xa6\x29\x2a\x00\x18\x00\x00\x00he\x80\xed\xd4y\xfe\xe2\xca\x92\xe0\x60\xe5PK\x1ep\x5b\x13\xd6\xde\x01\xad\x1f\x00\x16\x00\x00\x00\x5b\xac\x7f\xb8\xf8\x10\x89\x29n\x8e\x2aD\x88\x07\xfd\xb8\xc0x\xfd.\xd1\x1e\x01\x1e\x00\x00\x00\x02\xf1\xfb\xe7?\xb6\x95oN\xf7b\x2d\xfam\xf2JN\xa3\x89nu\xed\xce\xc4\x2a\x0a\xf3\xc5\xd6\xb3\x00\x07\x00\x00\x00\x06\x9aK\xd7\xa2\x02\x8a</data></write>
    <read><length>4</length><match><data>\x9aI\xc5o</data></match></read>
    <!-- UPDATE -->
    <!-- update remove -->
    <!-- update add -->
    <!-- update add -->
    <!-- update remove -->
    <!-- update remove -->
    <!-- update add -->
    <!-- update remove -->
    <!-- update add -->
    <write><data>\xba\x00\x00\x00\x1a\xdb\xa70\xf5e\xcb\xed\x01\x06\x00\x00\x00\xa6\x1d\xa2L\xa5\x5c\x00\x14\x00\x00\x00\x0f\x10\x2b\x18\x0e\xaa\xbc\xb6\x25u\x90\xe8Kf7\xc8s:\x10y\x00\x1a\x00\x00\x00\xa4q\xeb\x13\x1a\x89\xc0\xd7\xd27o\x92\x99pT\x85O\x40\xd7\xf2\xf96oAn\xa3\x01\x0f\x00\x00\x00\x89\xd51d\x28\x12\x00\xedM\xab\xbf\xb2\xcfV\xe6\x01\x16\x00\x00\x00\x5b\xac\x7f\xb8\xf8\x10\x89\x29n\x8e\x2aD\x88\x07\xfd\xb8\xc0x\xfd.\xd1\x1e\x00\x11\x00\x00\x00\xf9i\x8cA\x16\x2d\xd5\x9b\xb37Z\x03\x2fd\xf1\x12\x86\x01\x0d\x00\x00\x00u\xcd\x2c\x94T\x5e\xbf\xe3\xa2\xb1\xc9\xdf\xeb\x00\x13\x00\x00\x00\xdf\xaci\xca4\x959\x9b\x0d\xb3\xf8\xcb\xe9\x2c:\x13\xa2\x2b:</data></write>
    <read><length>4</length><match><data>\x9aI\xc5o</data></match></read>
    <!-- UPDATE -->
    <!-- update remove -->
    <!-- update remove -->
    <!-- update add -->
    <!-- update add -->
    <!-- update add -->
    <write><data>\x84\x00\x00\x00\x1a\xdb\xa70\xddw\xcb\xed\x01\x1d\x00\x00\x00\xf02\xd0\x7b\x3d\x5c\xe4\xd4\x86u\x1f\x7b\x40\xa9N\x93\x5b\xb5\xe7\xda\xd9\x08\xa5\xea\xab\x3e!\x27p\x01\x08\x00\x00\x00\xf28Ov\xd1\x83n\x3e\x00\x1b\x00\x00\x00\xac\x8f\x10\x80\xef\x26\xca\xb4\xbf\xfb\xa1\x13\x24G\xfa\x2f\x5en\xdd\x3d\x5dK\xf2DC\x7c\x0d\x00\x0a\x00\x00\x00\x0a\xb9E\xd0\xa9\xec\xa2\xe7R\x05\x00\x19\x00\x00\x00\xfb\x2c\xb4\xc1\x7fM\x10P\xe5\xbf\x81\x26\xf6\x0c\xd7j\xd0MaCdH\x18\x81\xbf</data></write>
    <read><length>4</length><match><data>\x9aI\xc5o</data></match></read>
    <!-- WHITELIST -->
    <write><data>\x1a\x00\x00\x00\x9f\x05\xa5\x0f:\xe9\x97\xc7\xe4\xd1\x60\x1c\x94\x17\x7c\x0a\xe4\x85\xaec\xe0dA\x03\x5f\xb3</data></write>
    <read><length>4</length><match><data>\x9aI\xc5o</data></match></read>
    <!-- UPDATE -->
    <!-- update remove -->
    <!-- update add -->
    <!-- update remove -->
    <!-- update add -->
    <!-- update add -->
    <!-- update add -->
    <write><data>\x7f\x00\x00\x00\x1a\xdb\xa70\x22\x7e\xcb\xed\x01\x17\x00\x00\x00\xb1\xe4\xc4\xa2V\x27\x60\x27c\xff\xdc\x01\x3e\xe5s\xc4\x05\xf5\xf0\xa4?\xf7\x0a\x00\x0e\x00\x00\x00\xb2\xdf\x02\xa8\xff\xa8Q\xb8\x259L\x88\x97\x2c\x01\x19\x00\x00\x00\xfb\x2c\xb4\xc1\x7fM\x10P\xe5\xbf\x81\x26\xf6\x0c\xd7j\xd0MaCdH\x18\x81\xbf\x00\x0c\x00\x00\x00X\x0a\xb5\x06\xb6\x02\x3d\x17\xfc\xc8\xb7\x5c\x00\x0a\x00\x00\x00!\xe9\x12\xf3c\x07\x93\x16P\xaa\x00\x05\x00\x00\x00\x3d\xf7\x3b\xc7X</data></write>
    <read><length>4</length><match><data>\x9aI\xc5o</data></match></read>
    <!-- UPDATE -->
    <!-- update add -->
    <!-- update add -->
    <!-- update remove -->
    <!-- update add -->
    <!-- update add -->
    <!-- update add -->
    <write><data>\xb1\x00\x00\x00\x1a\xdb\xa70\x83\x5f\xcb\xed\x00\x18\x00\x00\x00X\x88F\xe8\xd7\x96\x99w\xb5\x3bQ\xb6m\xc8\x93\x9f\x1e\x5c\xc7\xcb.\xca\x2f\xe1\x00\x18\x00\x00\x00\xbc\xe6A\xc4\xa9T\xc3\x7d\x1d\x29\xac\x088\xba4\xa3\xba\xa0\xc9Q\xd65A\xda\x01\x11\x00\x00\x00\xf9i\x8cA\x16\x2d\xd5\x9b\xb37Z\x03\x2fd\xf1\x12\x86\x00\x19\x00\x00\x00\xf7\x27\xe0\xa9\x8f\xda\x9b\xe5\x98q\xe3\x04\xac\xbe\x18\x9f\xf9\xc9W\xbbn\x8b\xdf\x89\xd8\x00\x1b\x00\x00\x00\x17\xcdE\xbfm\x2d\xa5\x9f\x7d\xa6M\x0c\xd5\xd1c\x3d\x93\x85\xa0\x2bS\x9c\xd2\xd2\x0f\x843\x00\x16\x00\x00\x00\x25\x86vYS\xad\x99\x3b0\xda\xd7\xf4\xab\xa6\xca\xe2\xd7\xeatA\x99U</data></write>
    <read><length>4</length><match><data>\x9aI\xc5o</data></match></read>
    <!-- CHECK exe wrapper -->
    <!-- CHECK ok -->
    <write><data>\x93\x00\x00\x00M\xae\x7b6r\x94\x26N\xefB\xbf\x0b\xefB\xbf\x0bG\x00\x00\x006C\xbf\x0b\x28\x00\x00\x00\x5eC\xbf\x0b\x1f\xdd\x0a\x00\x60\xe8\x01\x00\x00\x00WX\x81\xe8\xbf\xff\xff\xffFNFN\x40HBJDLBJ\x89\xc1\x81\xc1\x28\x00\x00\x00\x89\xc39\xcbt\x0d\x81\xb3\x00\x00\x00\x00\xb4\x00\x00\x00C\xeb\xefEMEMCK\x40HFN\x90EMCKBJaX\x0c\x12\x0dS\x5b\xa9\xb0G\xe7\x2c\x3b\xea\xf6\x85\x0d\x5c\x0f\xb9\xce\xe1\xa7\x7eu\x8e6\xdfD\x0f\xc4!\x83f\xafR\xec\x7b\xeeF\x94</data></write>
    <read><length>4</length><match><data>\x9aI\xc5o</data></match></read>
    <!-- CHECK match rule -->
    <write><data>\x22\x00\x00\x00M\xae\x7b6y\x9dRA\xe3he\x80\xed\xd4y\xfe\xe2\xca\x92\xe0\x60\xe5PK\x1ep\x5b\x13\xd6\xde\x01\xad\x1fT</data></write>
    <read><length>4</length><match><data>\x85\x3b\x08B</data></match></read>
    <!-- UPDATE -->
    <!-- update remove -->
    <!-- update add -->
    <!-- update add -->
    <!-- update add -->
    <!-- update add -->
    <!-- update remove -->
    <!-- update add -->
    <!-- update add -->
    <!-- update remove -->
    <write><data>\xde\x00\x00\x00\x1a\xdb\xa70\x8aT\xcb\xed\x01\x1b\x00\x00\x00\xac\x8f\x10\x80\xef\x26\xca\xb4\xbf\xfb\xa1\x13\x24G\xfa\x2f\x5en\xdd\x3d\x5dK\xf2DC\x7c\x0d\x00\x08\x00\x00\x00\xf0\xcf\xc9\x90\x40\x8b\xcf\xfa\x00\x0e\x00\x00\x00q\x9a\xc93\x29\x60\x25\x2a\x90\x3dc\x91\x92\xc2\x00\x0a\x00\x00\x00\x190\xe0 O\x23c\x89\xd79\x00\x1c\x00\x00\x00\xf6\xe9\xc5\x24\x8a\xadG\xf2\x99\x0e\x08f9\xb2\x9e\xb9\xdfx\x04\x17\xee\xd0\x5cy\x2d\x28\xa7i\x01\x15\x00\x00\x00\x84\x2d\xe0\xf1\xf3L\x2df\x9e\xc5\xf0\x90\xed\x9b\xfew\xfb\x15\x81\xa5k\x00\x1b\x00\x00\x00z\x07\xf7\xdd\x0e9ZJ\xbc?d\xc3a\x3d\x0b\x0f\x60\x1b\xa8\x9d\xbf\xf5\xdc\x0b\x8f\xd5a\x00\x1b\x00\x00\x00\xae\x3d\x8f\xcfY\x92xr\x1c\xcc\x90\x8e\x89\xdeLGX\xdef\x23\x40\xeet\xf9\xa3\xb2F\x01\x07\x00\x00\x00\x06\x9aK\xd7\xa2\x02\x8a</data></write>
    <read><length>4</length><match><data>\x9aI\xc5o</data></match></read>
    <!-- CHECK bad bmp -->
    <write><data>f\x00\x00\x00M\xae\x7b6\xc0\xa9\x00\x00\x0e\x00\x01\x00\xbb\xb2\x07s\xc3\xa0I\xdf\xa8\x83G\x82\xc8\x95W\x0e\xcb8\x7bK\xd6\xc0\xda\x60\x82\x2bPT\x89\xdb:\xe2\x90i\x2dC\x8a\x2a\x97\xb1\x2aQ\xcf\xc4F\xae\xd8\x2b\xcc\xab\xc1zC\x10\x3dw\x7b\x80g\xb1\xb3:\xbd\xab1\xe4\x08l\xfb\xa6\xfd\x12\xd1\xe4\x8f\xb1q\xde\x7e\x1f\xc9\xfc\xb9\xa0\x06mU\x92\xa3\x5c</data></write>
    <read><length>4</length><match><data>\x85\x3b\x08B</data></match></read>
    <!-- CHECK ok -->
    <write><data>\x2a\x00\x00\x00M\xae\x7b6\xb3\x16\xcd\xda\x80\x91o\xfe\x99\x93C\xfa\x93\xc8\x81\xe3\x2fNB\xd2m\xfa\x02\x88\x27X\x0c\xb5\xb2\xc6\x84\xa8\xe3\x95\xdf\xfe\x8eL</data></write>
    <read><length>4</length><match><data>\x9aI\xc5o</data></match></read>
    <!-- UPDATE -->
    <!-- update add -->
    <!-- update add -->
    <!-- update remove -->
    <!-- update add -->
    <!-- update add -->
    <!-- update add -->
    <write><data>\x85\x00\x00\x00\x1a\xdb\xa70Xs\xcb\xed\x00\x10\x00\x00\x00\x2b\xa5\x8d\x26\xc80\x90\xfe\xda\xba\xbb\xf8\xf7\x88\xa6\x2f\x00\x13\x00\x00\x00\xef\xa9\xc9\x2c\x9e\x8e\x9c\x95?\xe0\x2bu.L\x96\xccp\xa1V\x01\x13\x00\x00\x00\xdf\xaci\xca4\x959\x9b\x0d\xb3\xf8\xcb\xe9\x2c:\x13\xa2\x2b:\x00\x0a\x00\x00\x00\x89\xfe\xe9V\xc3\xd1\x18\x9d\xb2\x0d\x00\x16\x00\x00\x00\xf6\xe3\xb0\xbb\x2b\x26e\xfe\x9a\xe9\xf3\xea\xbd\xbb\xa8\x60P\x8f\x8a\x3d\xb3\xa3\x00\x09\x00\x00\x00\xdd\x24\xd5\x08\xe2\x99\xd1\xa4\x89</data></write>
    <read><length>4</length><match><data>\x9aI\xc5o</data></match></read>
    <!-- WHITELIST -->
    <write><data>\x16\x00\x00\x00\x9f\x05\xa5\x0f\xbfC\xfa\x1a\xca\x1f\x18\xe6I\xaat\xcc\xf4\xdc\x12h\x7f0</data></write>
    <read><length>4</length><match><data>\x9aI\xc5o</data></match></read>
    <!-- UPDATE -->
    <!-- update add -->
    <!-- update add -->
    <!-- update add -->
    <!-- update add -->
    <!-- update add -->
    <write><data>o\x00\x00\x00\x1a\xdb\xa70w\x86\xcb\xed\x00\x06\x00\x00\x00\xb5E3OH\x7b\x00\x18\x00\x00\x004\xe5\x92\x00\x0bOJT\xe2\xdbc\x92S\x99\x87q\x244\x93\xb8\xd1\xb9E\x0d\x00\x0a\x00\x00\x00C\xe6\x9b\xdb\xf1\x00 \xc8\xf6i\x00\x17\x00\x00\x00\x1a\x00\x8e\x96\x7e\x7b\x0aK\xcbNw\x00\xb7\x0a\x15m\x03F\xc2r\x2d\xbf\x8a\x00\x0f\x00\x00\x00\xbf\x8f!\xe7\xf5\x10\xaa\x19\x09\xa3\x5ey\x86\x9e\xde</data></write>
    <read><length>4</length><match><data>\x9aI\xc5o</data></match></read>
    <!-- UPDATE -->
    <!-- update remove -->
    <!-- update remove -->
    <!-- update remove -->
    <!-- update add -->
    <!-- update add -->
    <!-- update add -->
    <!-- update add -->
    <write><data>\xa7\x00\x00\x00\x1a\xdb\xa70Fd\xcb\xed\x01\x10\x00\x00\x00\x2b\xa5\x8d\x26\xc80\x90\xfe\xda\xba\xbb\xf8\xf7\x88\xa6\x2f\x01\x19\x00\x00\x00\xf7\x27\xe0\xa9\x8f\xda\x9b\xe5\x98q\xe3\x04\xac\xbe\x18\x9f\xf9\xc9W\xbbn\x8b\xdf\x89\xd8\x01\x0a\x00\x00\x00C\xe6\x9b\xdb\xf1\x00 \xc8\xf6i\x00\x0d\x00\x00\x00\xd7\x27\x1f\xf8\xe2\xdf\xbf\xd3E\xd4\xff\xa7\x09\x00\x0b\x00\x00\x00\xdd\x60\x7c\xf6k\x5b\x86Z\x13\xc6\xd1\x00\x1c\x00\x00\x00\x14\x09\x84\xef\x25\x88Q\x2a\x2c\xfc\xb4\xac\xda\x8b5So!\xccT\x24\xaa\xfe\xac\x95\x2a\xbe\x1f\x00\x15\x00\x00\x00\x91k\x0a\x3evO\x99\xef\xab\xdd\xb9\x15\x16\xb5\xfa\x92\xeb\x9a\x1a\x80\x1d</data></write>
    <read><length>4</length><match><data>\x9aI\xc5o</data></match></read>
    <!-- UPDATE -->
    <!-- update add -->
    <!-- update add -->
    <!-- update add -->
    <!-- update remove -->
    <!-- update add -->
    <!-- update add -->
    <!-- update add -->
    <write><data>\x7c\x00\x00\x00\x1a\xdb\xa70\x15\x81\xcb\xed\x00\x16\x00\x00\x00\x40EFg\x16X\xad\xa3z\x2d\xef\x8e\xf3\x9eF\xf8\x7d\x06\x2dH\xb3A\x00\x07\x00\x00\x00\xc9\xc4W\x1e\x16\xe3\xcc\x00\x05\x00\x00\x00\x16\xb5\xd2ou\x01\x0e\x00\x00\x00\xb2\xdf\x02\xa8\xff\xa8Q\xb8\x259L\x88\x97\x2c\x00\x0c\x00\x00\x00.d\x24uB\xe6\x2fzX\xaa\x25\x9d\x00\x08\x00\x00\x00\x9eC\xc4\x5b\x8f\x7c\xb8\xe1\x00\x0d\x00\x00\x00\xc1\xf7\xb7\x89\x97\xd9\x23\xf5\xde\x7ca?L</data></write>
    <read><length>4</length><match><data>\x9aI\xc5o</data></match></read>
    <!-- UPDATE -->
    <!-- update add -->
    <!-- update add -->
    <!-- update add -->
    <!-- update add -->
    <!-- update add -->
    <write><data>\x5c\x00\x00\x00\x1a\xdb\xa70\x9d\x89\xcb\xed\x00\x0a\x00\x00\x00\x8d\xf1\x7e\x7d\xcc\xa0Z\xabD\x8c\x00\x0f\x00\x00\x00N\xe7\x84\x14\xfd\xd7\xf2\x94y\x0f\x07\x88\xa5\xc2\x98\x00\x05\x00\x00\x00i\x14\x27\x7c\xf1\x00\x16\x00\x00\x00\xf4r\xa3\x5f\xaa\x60\x29\x84e\xd8\x10\xebZ\xec\x00v\x8bU\xe0B\x9c\x99\x00\x07\x00\x00\x00s\x89\x3ei\xf2\xea\xdf</data></write>
    <read><length>4</length><match><data>\x9aI\xc5o</data></match></read>
    <!-- WHITELIST -->
    <write><data>\x22\x00\x00\x00\x9f\x05\xa5\x0f6\xe7\xad \x06\xa2\xb7\xe6\xfa\xa8\x1b\xc4\xf5\x7d\xd0\x2aq\x2fmg\xd7\x25q\xf2pP\xc5\x89j\xa9</data></write>
    <read><length>4</length><match><data>\x9aI\xc5o</data></match></read>
    <!-- WHITELIST -->
    <write><data>\x15\x00\x00\x00\x9f\x05\xa5\x0fu\xbb\x0b\xadoDZ\x09\x5c\x86\x24w\xd0\xf2\x9e\xee\xd3</data></write>
    <read><length>4</length><match><data>\x9aI\xc5o</data></match></read>
    <!-- CHECK ok -->
    <write><data>\x0c\x00\x00\x00M\xae\x7b6 \xc5\x5d\x2d\x28\xaf\x8b\xf6</data></write>
    <read><length>4</length><match><data>\x9aI\xc5o</data></match></read>
    <!-- WHITELIST -->
    <write><data>!\x00\x00\x00\x9f\x05\xa5\x0f\x9d\x10\x28\xcb\xfb\xa5\xeb\xd1\x28\x2a\xed \x29\xbd\xeb\xc8\x82\x15\x0e\xfd\x2bXGE\x9b\xee\x11J\xe9</data></write>
    <read><length>4</length><match><data>\x9aI\xc5o</data></match></read>
    <!-- UPDATE -->
    <!-- update add -->
    <!-- update add -->
    <!-- update add -->
    <!-- update remove -->
    <!-- update add -->
    <!-- update add -->
    <!-- update add -->
    <!-- update add -->
    <write><data>\x9a\x00\x00\x00\x1a\xdb\xa70Ru\xcb\xed\x00\x1d\x00\x00\x00\x07\x25\x9e\x0a \xa1\x5d\xbe\xe4\xa9V\xee\xf3\x8e\x14I\xeb\x17\x2c\xab\x91 \x5e\xf0:\x0f\xa0t\x27\x00\x0a\x00\x00\x00\xe9!b\x5eK\x85\xf8\x17\xfb9\x00\x07\x00\x00\x00\x176E\xf6\x0a9\xce\x01\x08\x00\x00\x00\x9eC\xc4\x5b\x8f\x7c\xb8\xe1\x00\x0a\x00\x00\x00k\xa4\x2b\xc7\xc1\x2a\xce\xec\x3b\x93\x00\x06\x00\x00\x00\x14\x03\x98\xf9rY\x00\x07\x00\x00\x00\xde\x97Q\xde\x14n\x0c\x00\x1d\x00\x00\x00\xfc\xbaJ\xf3\x7fw\x0d\xea\xc0\x8a\x3c\x85p\x8fq\xcc\xf9\xb6l\xed\xf5\x3e\xa7\xc1\x02h\x29\x06z</data></write>
    <read><length>4</length><match><data>\x9aI\xc5o</data></match></read>
    <!-- UPDATE -->
    <!-- update add -->
    <!-- update add -->
    <!-- update add -->
    <!-- update add -->
    <!-- update add -->
    <!-- update add -->
    <!-- update add -->
    <!-- update remove -->
    <!-- update add -->
    <!-- update add -->
    <write><data>\xf6\x00\x00\x00\x1a\xdb\xa70\xfcO\xcb\xed\x00\x12\x00\x00\x00\x9c\xe0\xef\x19\x1dhor\x98\x2aNI\xd3\x1a\x87\xb3\x864\x00\x07\x00\x00\x00\x3c\x5b\xe8\x98v\xc4\x28\x00\x11\x00\x00\x00\xcf\x08\x14Z\x7b17\x1a\xc3\xb5\xc2\x2bA\xc1\x15\xb7\xa3\x00\x14\x00\x00\x00\x2fL\xbb\xfb\xe7\x81\x8b\xa0\x3c\x1a\xe0\xbc6\xf3\x80d\x98\x9c\xbc\x3c\x00\x11\x00\x00\x00\x9e\xdf\xbb\x85y\xb1\xf2\x26pu\x0bd\xf7\xbem\xdb\x29\x00\x1a\x00\x00\x00\x8a\xe3w\xe3F\xce\xd3\x0e\xe8z\xb2\x8cj\x1e\x3e\x16\xb9\xf10\x0d\xa0\x3c\xba\xeb\xbc\x11\x00\x13\x00\x00\x00e\x1e\xf8d\xb8\x12\x8b\x0c\xeb\xc6\x0e\xd1.\x1e\x16\x09P\x0c\x1a\x01\x1c\x00\x00\x00\x14\x09\x84\xef\x25\x88Q\x2a\x2c\xfc\xb4\xac\xda\x8b5So!\xccT\x24\xaa\xfe\xac\x95\x2a\xbe\x1f\x00\x0e\x00\x00\x007\x0d\x7d\x87K\xf0o\x87\xd1k\x9c\x05\xc5Q\x00\x16\x00\x00\x00\x12L\x25\x7e?\xd9\x8c\x8e\xcb\x9f\xcb\xe0\x09\xf9\xdeE\x17\xd8\x7e\x03\x19A</data></write>
    <read><length>4</length><match><data>\x9aI\xc5o</data></match></read>
    <!-- UPDATE -->
    <!-- update add -->
    <!-- update add -->
    <!-- update add -->
    <!-- update add -->
    <!-- update add -->
    <write><data>\x8a\x00\x00\x00\x1a\xdb\xa70\xebs\xcb\xed\x00\x14\x00\x00\x00P\x88\xa4y\xe5\xb3\x90\xc2\xb4\xef9\xef\xe3\x86\x10\xa4\xf5\xa9l\x01\x00\x1b\x00\x00\x00\xe3B\xd9\x08\x23\x5fE6\x89\x1c\xbb\x2f\x27\x81V\x3e8S\xd3\xd4\xb9\x89\xb5MI\xb7\x26\x00\x1b\x00\x00\x00m\xd1\xad\xdc\xd3\xcb\x99\x03Q\xe6\x1a\x2d\x08\xd1\x16\x18\x8el\xda\xdaH\xd2\xb9ar3\x23\x00\x17\x00\x00\x00\x06k\x29\x3d\x00U\xd4\xc3vv\xef\x86\x91\x17\xb8\x5b\xe7\xcc\x99\x8c\xba\xf7\xe3\x00\x08\x00\x00\x00\x82\x5c\xc1\x97Vm\x85\xff</data></write>
    <read><length>4</length><match><data>\x9aI\xc5o</data></match></read>
    <!-- UPDATE -->
    <!-- update add -->
    <!-- update add -->
    <!-- update add -->
    <!-- update add -->
    <!-- update add -->
    <write><data>r\x00\x00\x00\x1a\xdb\xa70b\x83\xcb\xed\x00\x06\x00\x00\x00Q\x11\x03\x04V\x14\x00\x06\x00\x00\x00\xa8\x13\x80M\x90\xea\x00\x11\x00\x00\x00\x93\xf9\xd5h\xd1\xc4\xb1\xe1\xb1dDk\x05\xd2\x03\xc9\x3e\x00\x1a\x00\x00\x00 L?F\xcbU\x06\x1al\xf8\x1ap\xdb\x26\x01\x03V\x27Y\xac\xe5\xf93W\x2d\xda\x00\x1a\x00\x00\x006q\xa9\x0eTf5\xdc\xe7\xed\xc6\xec\xc5?\xfd\xe2f\x03\x98\xa2B\x5c\xd9\xb7\x01\xf2</data></write>
    <read><length>4</length><match><data>\x9aI\xc5o</data></match></read>
    <!-- WHITELIST -->
    <write><data>\x0f\x00\x00\x00\x9f\x05\xa5\x0fw\x0f\x23\x0b\x9e\x27\x0e\x5e\xaet7</data></write>
    <read><length>4</length><match><data>\x9aI\xc5o</data></match></read>
    <!-- UPDATE -->
    <!-- update add -->
    <!-- update add -->
    <!-- update add -->
    <!-- update add -->
    <!-- update remove -->
    <write><data>u\x00\x00\x00\x1a\xdb\xa70\x7b\x84\xcb\xed\x00\x0f\x00\x00\x00\xa6\x194\xb7M\x18\xb9\x18\x18\xc0\x97vn\xb6\x29\x00\x16\x00\x00\x00\xeb\xa2\x2f\x04\xb33\xd1\xb1oU\x0d\x0a\x14\xac\xbb\xd1\x0c\x2f\xefu\x19\x00\x00\x1c\x00\x00\x00\x3c\xf8\x0b\x83\x16\xd8\x8b\xa3\x0f\x89DB\x1c\xb4\x23\x89\xbc\x7d\x8e\x83o\x82\x96\xe0\x5b\x9a\x9b\xfa\x00\x0e\x00\x00\x00sm\x0a\xc7z4\x94i\x05x\xb3\x1b\x8b\xa9\x01\x05\x00\x00\x00i\x14\x27\x7c\xf1</data></write>
    <read><length>4</length><match><data>\x9aI\xc5o</data></match></read>
    <!-- UPDATE -->
    <!-- update add -->
    <!-- update remove -->
    <!-- update add -->
    <!-- update add -->
    <!-- update add -->
    <!-- update add -->
    <write><data>\x89\x00\x00\x00\x1a\xdb\xa70\xccq\xcb\xed\x00\x0c\x00\x00\x00H\xbf\xf0\x90\xb7\x9b\x2b\xeb\xf7\xd0\x5e\x1b\x01\x14\x00\x00\x00P\x88\xa4y\xe5\xb3\x90\xc2\xb4\xef9\xef\xe3\x86\x10\xa4\xf5\xa9l\x01\x00\x14\x00\x00\x00\xd0sNB:\x1d\xbe\xc8\xf0D\x1e\x97\x1c\xc1\xa6\xe92g\x82\xfc\x00\x0a\x00\x00\x00\x88Lj\xbf\x0b\xbc\xba\x1a\xc3\x05\x00\x10\x00\x00\x00\x07\xb2\x91\xb1\xd6\x7eo\xbf\xe9\x80S\xf3I\xf0\xe1\x2f\x00\x15\x00\x00\x00\xd1\x91\xf5\xa4O\xb1\xd0Y\x0d\xfc\x8d\x27U\xfd\x84\xc7\xfcQ\x90\xec\x1f</data></write>
    <read><length>4</length><match><data>\x9aI\xc5o</data></match></read>
    <!-- UPDATE -->
    <!-- update add -->
    <!-- update remove -->
    <!-- update add -->
    <!-- update add -->
    <!-- update add -->
    <write><data>\x82\x00\x00\x00\x1a\xdb\xa70\x9fx\xcb\xed\x00\x07\x00\x00\x00\x1b\x9d\xd5\x16\xa170\x01\x16\x00\x00\x00\x25\x86vYS\xad\x99\x3b0\xda\xd7\xf4\xab\xa6\xca\xe2\xd7\xeatA\x99U\x00\x19\x00\x00\x00\xab\xdcJ\xc2\x28\xd6\x96\x08\xd4H\x3b\xdc\x01buU\x14\x8a\x96\x82\x837\xfc\x2c\x85\x00\x1b\x00\x00\x00\xdco\xa7\x95\x8d\x97\xb2\xfe\xefr7\xa4\x85\x04b\x24\x93zs\xa1\x3b\x9bD8\x9e\x83\x82\x00\x10\x00\x00\x00\x01\x3c\x23\xa8\xb6\xf6\xa4v\x1d3\xc0\x89y\xb6\x5b\xff</data></write>
    <read><length>4</length><match><data>\x9aI\xc5o</data></match></read>
    <!-- WHITELIST -->
    <write><data>\x17\x00\x00\x00\x9f\x05\xa5\x0f\xa2:\x99\x19j\x22:\xec\xe0\xbf1\xe6S\x2c\x11\x7f\x7dd\xed</data></write>
    <read><length>4</length><match><data>\x9aI\xc5o</data></match></read>
    <!-- WHITELIST -->
    <write><data>\x1b\x00\x00\x00\x9f\x05\xa5\x0f \xe3\xde\xdb\xf7\x7e\x08\x04\xbbr\x9f\x9e\x5d\xcb\x0e\x14\xcc\x8d\xa7p\x93\x15\xac</data></write>
    <read><length>4</length><match><data>\x9aI\xc5o</data></match></read>
    <!-- CHECK ok -->
    <write><data>!\x00\x00\x00M\xae\x7b6e3\xe9\xc6\xe2\x22\xd5\x10j\xc6s\xea\xaf\xc3\xc8\x05\x87\x88U\xaa\xae\x10\xc7\xf3\x1a\x11\x3e\x92\x26</data></write>
    <read><length>4</length><match><data>\x9aI\xc5o</data></match></read>
    <!-- UPDATE -->
    <!-- update add -->
    <!-- update remove -->
    <!-- update remove -->
    <!-- update remove -->
    <!-- update add -->
    <!-- update remove -->
    <!-- update add -->
    <!-- update remove -->
    <!-- update add -->
    <!-- update remove -->
    <write><data>\xbd\x00\x00\x00\x1a\xdb\xa70\x27j\xcb\xed\x00\x0e\x00\x00\x00\xe7\x84\x23\xfbje\xd7\x03\xc6.\xe4\x88\x26t\x01\x07\x00\x00\x00\x1b\x9d\xd5\x16\xa170\x01\x07\x00\x00\x00s\x89\x3ei\xf2\xea\xdf\x01\x0a\x00\x00\x00\x190\xe0 O\x23c\x89\xd79\x00\x14\x00\x00\x00\xd1C\xde\x252\x29D\xd2\xed\xe6\x19\x2b\xb4\x60\x0cH\x25\x1b\xc9\xa7\x01\x0e\x00\x00\x00\xe7\x84\x23\xfbje\xd7\x03\xc6.\xe4\x88\x26t\x00\x19\x00\x00\x00\xdbM\x07\xfa\xf2\x10\x8a\x8c\x17H\xd3\x3d1\x90d\x22\xca:\xcabIM\xe1\x99 \x01\x10\x00\x00\x00\x07\xb2\x91\xb1\xd6\x7eo\xbf\xe9\x80S\xf3I\xf0\xe1\x2f\x00\x0c\x00\x00\x00\x87\xa8\x1a\xa7\x26\xb3R\x92\xa4\x98j\xab\x01\x06\x00\x00\x00\xb5E3OH\x7b</data></write>
    <read><length>4</length><match><data>\x9aI\xc5o</data></match></read>
    <!-- WHITELIST -->
    <write><data>\x1a\x00\x00\x00\x9f\x05\xa5\x0f\xc4\x1dD\x15\xc6\xed\x7c\x81\xcbX\x2c\xa33\x80\xcb\x82\x80\xcf\xc9Y1\xbe</data></write>
    <read><length>4</length><match><data>\x9aI\xc5o</data></match></read>
    <!-- WHITELIST -->
    <write><data>\x1f\x00\x00\x00\x9f\x05\xa5\x0f\x23\x7c\x83\x16\x00\x9a\x86\xbc\x7c\x88\xa1\xf8\x866\xab\xc8\x0b\xd3N\xc0s\xfd\x92\xcb\xe9\x14\xd6</data></write>
    <read><length>4</length><match><data>\x9aI\xc5o</data></match></read>
    <!-- WHITELIST -->
    <write><data>\x1c\x00\x00\x00\x9f\x05\xa5\x0fc\xf6\x60\x5c\xa3\x5c\x229\x220\x8c\x05C\xab\xda\x08\x3b\xf4\x87Z?\xf2k\xff</data></write>
    <read><length>4</length><match><data>\x9aI\xc5o</data></match></read>
    <!-- CHECK ok -->
    <write><data>!\x00\x00\x00M\xae\x7b6p\xce\x7dAQ\xe8\x5e\x25\x7c\x04\xdf\xe8\xb1c\xc2\x0f\x2f\x84\xe8\xaf\xd5n\xdd\x1fd\xd2\x1a\x93\xe6</data></write>
    <read><length>4</length><match><data>\x9aI\xc5o</data></match></read>
    <!-- UPDATE -->
    <!-- update add -->
    <!-- update add -->
    <!-- update remove -->
    <!-- update add -->
    <!-- update add -->
    <!-- update add -->
    <write><data>\xa1\x00\x00\x00\x1a\xdb\xa70\x80n\xcb\xed\x00\x1e\x00\x00\x00\xa6 \x2a\x03\x02Y\x284\x91\x85wG\x5c\xec\x08H:\xd0A\xef\x7f\xcb6\xe6\x95\x60\xba\x28\xc0i\x00\x0c\x00\x00\x00.\xf2\xd8\x8a\xe5\x9b\x9e\x60P\xc2\xc18\x01\x1c\x00\x00\x00\x3c\xf8\x0b\x83\x16\xd8\x8b\xa3\x0f\x89DB\x1c\xb4\x23\x89\xbc\x7d\x8e\x83o\x82\x96\xe0\x5b\x9a\x9b\xfa\x00\x12\x00\x00\x00W\xf4E\x5ce\xe8\x82\xe1\xcbh\xc5\xbf\xdcu\x882\x08\x0d\x00\x0b\x00\x00\x00\x99\x883\xc9\x29m\xa1\xb2\xbf8\xa1\x00\x18\x00\x00\x00Wl\xfaI\xf0\x09\xce\x92\x90\xb58\x5crn\xd8\x14\x8e\x2bu\x0d\x0b\x11\x07\xa5</data></write>
    <read><length>4</length><match><data>\x9aI\xc5o</data></match></read>
    <!-- CHECK bad bmp -->
    <write><data>K\x00\x00\x00M\xae\x7b6\xc0\xa9\x00\x00\x05\x00\x02\x00t\x2dC\xc0\xa2\xa5\x29\xdf2\x84!\xde\xaf\x04\x60\x87\x8d\x1c\xc3z\xcc\xf9\xc5s\xda\x7fU\xa3\xd7\x10\x82\x7d\x81\x07\xbe\xa3\xd8Z\x16H\xac\xc1\xb9\xf8n\x7b\xe0\xa8!l\xa31D0\xeb:\xf6\xabT\xbez\xb5r</data></write>
    <read><length>4</length><match><data>\x85\x3b\x08B</data></match></read>
    <!-- WHITELIST -->
    <write><data>\x14\x00\x00\x00\x9f\x05\xa5\x0f\x9f\x5du1\xdc\x12\x0b4SC\x92\xd7T\x25\xe6\x09</data></write>
    <read><length>4</length><match><data>\x9aI\xc5o</data></match></read>
    <!-- UPDATE -->
    <!-- update add -->
    <!-- update add -->
    <!-- update add -->
    <!-- update add -->
    <!-- update add -->
    <!-- update add -->
    <!-- update remove -->
    <!-- update add -->
    <write><data>\xb7\x00\x00\x00\x1a\xdb\xa70\xdac\xcb\xed\x00\x08\x00\x00\x00\x7f\xe5\xdb\x1fv\x8f\x92o\x00\x1c\x00\x00\x00\x5eel?\xbf\x8d\xcd\xf4\xea\x3e\xd3\xa3\xc8\xde\xf9\xaa\x7c\xc9\xa0S\x97\xf4\xe0r1\xe4\x5bU\x00\x16\x00\x00\x00\xd9\x7b\x86\xcf\x07I\x1a2kF\xde\xbf\xb0EF\x27V\xa7\x5f\xbf\xd0\x60\x00\x0f\x00\x00\x00\x2f\xc6jz\xa6\x11M\x1a\x7f\xe9\xd5\x24\xaa\x2c\x2f\x00\x09\x00\x00\x007\x91p\x1dxY\xc3\x80\xf9\x00\x1a\x00\x00\x00\x9f\x7e\xff\xe4\x2d.\xee5\x3e\x1e\xd5\xeb\xe1\x08\xb5\x2b\xf0\x16\x07\xcd\x9a\xd1\xe4\xb18\x3b\x01\x0a\x00\x00\x00!\xe9\x12\xf3c\x07\x93\x16P\xaa\x00\x11\x00\x00\x00\xe0\x7b\x9d\x12c\xde\x03\xa1\x93\xb4\x13\x91O\x88\x8e\x86\xf6</data></write>
    <read><length>4</length><match><data>\x9aI\xc5o</data></match></read>
    <!-- WHITELIST -->
    <write><data>!\x00\x00\x00\x9f\x05\xa5\x0f\xb6\xde\x2b\x97\xf6\x1e\xb8\xec\xbd\xa7\x83\xa7\xf3\xb86\xbb\xe2\x2b\xfdR8\x9d\xc5\x08\xc7\x9e\xd1h\xb7</data></write>
    <read><length>4</length><match><data>\x9aI\xc5o</data></match></read>
    <!-- UPDATE -->
    <!-- update add -->
    <!-- update add -->
    <!-- update add -->
    <!-- update remove -->
    <!-- update add -->
    <!-- update add -->
    <!-- update add -->
    <!-- update add -->
    <!-- update add -->
    <write><data>\xcb\x00\x00\x00\x1a\xdb\xa70\x10\x5e\xcb\xed\x00\x10\x00\x00\x00\xca\x9d\x85\x7f\xbaa?\xd6\x3eL\x8aT\x5f\xd6\x0d\xed\x00\x09\x00\x00\x00 \xbc\x80\x26\xfb\xca\x94\x25H\x00\x1e\x00\x00\x00\xa8\x1c\xd0\x22\xf6\x0e\xe4\xacD\x92\x23\x10\xd7\xb0\xe6\xda:\xda\xed\xe5\x07\x0d\xdcJ\x82s\xac\xb1\xb3\xd4\x01\x08\x00\x00\x00\x7f\xe5\xdb\x1fv\x8f\x92o\x00\x1c\x00\x00\x00k\x13\x9f\xc0\x07Y\x60\xda\xcb\x8c\xa9\xa2\x5eHP\xe86\xf9u\xf8\xe4h\xc9\x1b\xffkg\xb5\x00\x0b\x00\x00\x00\x9c\x5d\x1bFc\xd9\x90\xe0\xa7cz\x00\x06\x00\x00\x00\x04\x0b\x11\xa3\x40\x89\x00\x1a\x00\x00\x00\x40\x8d\xe2\xc3S\xad\x14\x24\xdb\xdb\x1c\x3eX\x1flP1\x96gw\x3eq\xfbQ\x1e\xd4\x00\x10\x00\x00\x00\x0c\xc3\x84\x2d8\xf3\x05\x5e\xd6Tm\xdf\xd4n\xc2\x0a</data></write>
    <read><length>4</length><match><data>\x9aI\xc5o</data></match></read>
    <!-- UPDATE -->
    <!-- update add -->
    <!-- update add -->
    <!-- update add -->
    <!-- update remove -->
    <!-- update add -->
    <!-- update add -->
    <!-- update remove -->
    <write><data>\xab\x00\x00\x00\x1a\xdb\xa70\x9co\xcb\xed\x00\x08\x00\x00\x00\xcc\xe1\xecT\x0d\x1b\xb6k\x00\x1c\x00\x00\x000:\xb6\xfapB\x9f\x01\x91l\x2d\xda\xa4\xd0\xf2\x2bR\x04\xaf\x9e\xc1\xe3\x0eN\x16\xaay\x15\x00\x1a\x00\x00\x00L\xfc\x0d\xb5\xbe\x3d\x10D\x85\xf9\x40X\xd8\x25\x0b\x85\x2f:\x11\x2a\xd8\x7eY\x26\xd7d\x01\x08\x00\x00\x00\xf0\xcf\xc9\x90\x40\x8b\xcf\xfa\x00\x0c\x00\x00\x00z\x00\x7c\x7e\x3e\x97\x01VAWv\xce\x00\x1c\x00\x00\x00\x7c\xa1\xf3m\x1b\x8d\x8c\x25\x03\x80\x25\x82\x19P\x18\x91\xad8\xe6\x1a\x60\xe1\x91cnJ.4\x01\x12\x00\x00\x00\x9c\xe0\xef\x19\x1dhor\x98\x2aNI\xd3\x1a\x87\xb3\x864</data></write>
    <read><length>4</length><match><data>\x9aI\xc5o</data></match></read>
    <!-- WHITELIST -->
    <write><data>\x16\x00\x00\x00\x9f\x05\xa5\x0f\x1f\x19X\x3c\x94i\xc2\x87q\xda\x16\x7d\x3c\xb3T\xa9\xaf\x15</data></write>
    <read><length>4</length><match><data>\x9aI\xc5o</data></match></read>
    <!-- WHITELIST -->
    <write><data>!\x00\x00\x00\x9f\x05\xa5\x0f\xfc\xf8\x1a\x2c?\xe7\xc2N\xf8 Q\xa7\xc9\xb3\xa8\x3c\xf3\xfc\x07\x97\x83x\xce\xe7\xe69G\xed\xd4</data></write>
    <read><length>4</length><match><data>\x9aI\xc5o</data></match></read>
    <!-- WHITELIST -->
    <write><data>\x19\x00\x00\x00\x9f\x05\xa5\x0f\x97\xf2\x26k\xa1\x8e:\x9c65\x82\xe1\x8e\xaf\xfe\x00\x03F\x84\xf5\xba</data></write>
    <read><length>4</length><match><data>\x9aI\xc5o</data></match></read>
    <!-- UPDATE -->
    <!-- update add -->
    <!-- update add -->
    <!-- update add -->
    <!-- update remove -->
    <!-- update add -->
    <!-- update add -->
    <!-- update add -->
    <!-- update add -->
    <!-- update remove -->
    <write><data>\xc8\x00\x00\x00\x1a\xdb\xa70\xd5\x5f\xcb\xed\x00\x08\x00\x00\x00\x95\x80\xe5\xfbl\xc4\x0d\xed\x00\x18\x00\x00\x00\xe6\xe8q\x965Q\x3c:v\x03t\x1d\x5d\xbc\xc5\xa8\xd8\x2c\xf4\x07\xdd\x0f\xa3\xd1\x00\x12\x00\x00\x00\xc8dsJZ\x03Rf\xb6\x18\xac\x02\xf7s\xe3\x17\xcej\x01\x0b\x00\x00\x00\xe5S\xd4\xe5\x9e\xa2\x16\xd2\x7e\x89\xb4\x00\x1c\x00\x00\x002I\x85\x1f\x28\x02zq\x11\xdfo\xdf\xeau\xc1\xfe\x2dkq\xcd\xe4K9z\xb3\x02\xc4I\x00\x0f\x00\x00\x00y\xc6t\x83y\x84\x10R\xf6\xb4\x5cJ\x5bc\x7e\x00\x0a\x00\x00\x00\xf7g\xbc\x24\xd1zx\x22\x03p\x00\x15\x00\x00\x00\xb9\x8b\xcb4\xe3\xec\x18\xe6oK\xbd\x8e\xd5R\xc2\x8aw\x07\x2d\x0dV\x01\x0c\x00\x00\x00\x87\xa8\x1a\xa7\x26\xb3R\x92\xa4\x98j\xab</data></write>
    <read><length>4</length><match><data>\x9aI\xc5o</data></match></read>
    <!-- CHECK match rule -->
    <!-- CHECK exe wrapper -->
    <write><data>\x8c\x00\x00\x00M\xae\x7b6r\x94\x26N8\xb5\xe7\x298\xb5\xe7\x29A\x00\x00\x00y\xb5\xe7\x29\x27\x00\x00\x00\xa0\xb5\xe7\x29\xf6U\x09\x00\x60\xc7\xc19\xb5\xe7\x29\x81\xe9\xc0\xff\xff\xffFNGOFN\x40HDLEM\x40HDLEM\x89\xcb\x81\xc3\x27\x00\x00\x00\x89\xc89\xd8t\x0d\x81\xb0\x00\x00\x00\x00\xfe\x00\x00\x00\x40\xeb\xefFN\x40HCKa\xe1\xa82\xe6\x17\xe2\x8f\xbft\x9b\xde\xb2\xc1\xb85\xab\xf8\xe4\x92\x06\xe4\x8e\x25\xd8\xff\xfd\xa8\xd9\xa7R\x1b\x07\xcd\xa9\xd3\x24\x80n\x2f</data></write>
    <read><length>4</length><match><data>\x85\x3b\x08B</data></match></read>
    <!-- CHECK exe wrapper -->
    <!-- CHECK ok -->
    <write><data>l\x00\x00\x00M\xae\x7b6r\x94\x26N\xc0xA\x01\xc0xA\x013\x00\x00\x00\xf3xA\x01\x15\x00\x00\x00\x08yA\x01\xee\x08\x01\x00\x60\xc7\xc2\xc1xA\x01\x81\xea\xce\xff\xff\xffFNFNBJCK\x90\x89\xd0\x81\xc0\x15\x00\x00\x00\x89\xd19\xc1t\x0d\x81\xb1\x00\x00\x00\x00\xb0\x00\x00\x00A\xeb\xef\x90awJ\xfb\x8d\x01\xea\x94\xe7\x26\xd7\x7c\x28\xeed\xe0\x2fz\x0c\xd8\x0b\x09</data></write>
    <read><length>4</length><match><data>\x9aI\xc5o</data></match></read>
    <!-- UPDATE -->
    <!-- update remove -->
    <!-- update add -->
    <!-- update add -->
    <!-- update remove -->
    <!-- update remove -->
    <!-- update remove -->
    <!-- update add -->
    <!-- update add -->
    <!-- update remove -->
    <!-- update remove -->
    <write><data>\xc7\x00\x00\x00\x1a\xdb\xa70Tc\xcb\xed\x01\x1c\x00\x00\x000:\xb6\xfapB\x9f\x01\x91l\x2d\xda\xa4\xd0\xf2\x2bR\x04\xaf\x9e\xc1\xe3\x0eN\x16\xaay\x15\x00\x17\x00\x00\x00\x15\x1c\x5efPl\xa7i\x9f\xfa\x5dS\x0dg\xfc\x5ej\xb8\x0bR\xdc\x7d2\x00\x05\x00\x00\x00O\xcc\x10\x97\xf1\x01\x08\x00\x00\x00\x99awldu\xff\xdf\x01\x0a\x00\x00\x00\xe9!b\x5eK\x85\xf8\x17\xfb9\x01\x1d\x00\x00\x00\xfc\xbaJ\xf3\x7fw\x0d\xea\xc0\x8a\x3c\x85p\x8fq\xcc\xf9\xb6l\xed\xf5\x3e\xa7\xc1\x02h\x29\x06z\x00\x08\x00\x00\x00 \xfb7\xb4\xb1\xf9\xc7\x91\x00\x0c\x00\x00\x00\xd6\xae\x3d\x04\xafH\x16\xd7\x8aH\xf7t\x01\x0c\x00\x00\x00.\xf2\xd8\x8a\xe5\x9b\x9e\x60P\xc2\xc18\x01\x06\x00\x00\x00Q\x11\x03\x04V\x14</data></write>
    <read><length>4</length><match><data>\x9aI\xc5o</data></match></read>
    <!-- CHECK match rule -->
    <write><data>\x24\x00\x00\x00M\xae\x7b6A\xa8\x1c\xd0\x22\xf6\x0e\xe4\xacD\x92\x23\x10\xd7\xb0\xe6\xda:\xda\xed\xe5\x07\x0d\xdcJ\x82s\xac\xb1\xb3\xd4U</data></write>
    <read><length>4</length><match><data>\x85\x3b\x08B</data></match></read>
    <!-- CHECK match rule -->
    <write><data>\x2c\x00\x00\x00M\xae\x7b6\xa6X\x2d\xcdn\x8e4\x16\xf8y\x7c\xa1\xf3m\x1b\x8d\x8c\x25\x03\x80\x25\x82\x19P\x18\x91\xad8\xe6\x1a\x60\xe1\x91cnJ.4\xf2\xf6</data></write>
    <read><length>4</length><match><data>\x85\x3b\x08B</data></match></read>
    <!-- WHITELIST -->
    <write><data>\x22\x00\x00\x00\x9f\x05\xa5\x0f6\x7d\xc5\x8aD\x1e\x94\x0fX\xf0p\xa36\x9e\x7b\x27O\xc4\x18u\xd3\xb5\xc0S\xf1\x9f\x8d\xc2\x8f\xf7</data></write>
    <read><length>4</length><match><data>\x9aI\xc5o</data></match></read>
    <!-- CHECK ok -->
    <write><data>\x1c\x00\x00\x00M\xae\x7b6\xa0Rr\x5f\x0b\x29\xf9v\x07N\x00\x0d\x9f\xf0\x15\xc4\xf1\xcd\xe8\x8a\xb5\xb90\xd8</data></write>
    <read><length>4</length><match><data>\x9aI\xc5o</data></match></read>
    <!-- WHITELIST -->
    <write><data>\x1e\x00\x00\x00\x9f\x05\xa5\x0fsw\x0d\xe8g\x93\x5c\x07\xa8\x3b\x2a\x7e\x2c\xef\xf2\xd2\x9e\x0f\xe5\xe4\x5b\x8b02\x02w</data></write>
    <read><length>4</length><match><data>\x9aI\xc5o</data></match></read>
    <!-- WHITELIST -->
    <write><data>\x0f\x00\x00\x00\x9f\x05\xa5\x0fQ\x1bM\xdc\x7d\xe7t\x2c\x1ec\xd5</data></write>
    <read><length>4</length><match><data>\x9aI\xc5o</data></match></read>
    <!-- WHITELIST -->
    <write><data>\x1d\x00\x00\x00\x9f\x05\xa5\x0fo\x0bGks\x2c\xcbw\xd3f\x02\x85\x99\xf5\xe4U\x2bD\x2f\xa6\x02\x2f5\x3c\x84</data></write>
    <read><length>4</length><match><data>\x9aI\xc5o</data></match></read>
    <!-- CHECK ok -->
    <write><data>\x2c\x00\x00\x00M\xae\x7b6\xdc\xf9\xce34\xe4b\xaeJ\x1e\xb3\xda\xa9\x0a\x9f\xbd\x7b\xdfQ\xf7\xa6\x991\xf3g\xbdJ\x19\x0d\xd3\xcf\xdeX\xc0\x3c\xffw\xec\xe2\xc2</data></write>
    <read><length>4</length><match><data>\x9aI\xc5o</data></match></read>
    <!-- CHECK ok -->
    <write><data>\x29\x00\x00\x00M\xae\x7b6\x04\xf8\xf6:\xe3\x8f\xed\x97o\xf3\x5f\x7d\x10\x8c\x5dR\xef\xb6i\xb3\x2a\x5d\x2a\xf57\xb0\xfcs\xf65\xe87G\xed\xb2O\xe9</data></write>
    <read><length>4</length><match><data>\x9aI\xc5o</data></match></read>
    <!-- UPDATE -->
    <!-- update add -->
    <!-- update remove -->
    <!-- update remove -->
    <!-- update add -->
    <!-- update add -->
    <!-- update add -->
    <!-- update add -->
    <write><data>\x13\x01\x00\x00\x1a\xdb\xa70\xe61\xcb\xed\x00\x05\x00\x00\x00a\x8fL\xd0\x02\x01\x80\x00\x00\x00\xc7\x1c\x1c7\x3c\xd8\x8b\x11\xf0\xebz\x82Pk\x18\x81\xac\xc1\xeehN3\x14\x83\xd2X\xa8S\x0e\x3b\xbfs\xf5\x5ff\x3d\x12\xb8\x2d\xfe\xb9a\xf0\xe5\xae\x96Dt\x18\xa5\xf5\xe2\xe7E\xefRJ\x1b\xaf\x60\x06\xe5\xb2W\x22\x5f\xb4\xf6\xcf\xb0\x1b\x7c\xbdbr\x27\x8c\xe2\xd9\x86\xf6\xbe\xca\xd7\xe6\x2b\xed\x11\x7f\x3c\xdc\xe2\x25i\x93\xf6\x9d\x91\xf2K\x81\x86\x9ft\xa4\x24\xbc\x2a\xd4\x94\xff\x2a0\xe5\x14\x2d\xc8\xe9\x08\xbe\x60\xe5\xa14eQP\x87\x01\x15\x00\x00\x00\xb9\x8b\xcb4\xe3\xec\x18\xe6oK\xbd\x8e\xd5R\xc2\x8aw\x07\x2d\x0dV\x00\x12\x00\x00\x00\xf5\xea\x90L\xd2\xd4fh\x5d\xcc\x23\xb5z \xd04\xab\xea\x00\x1d\x00\x00\x00PL\x88\xa8\x9d\xbc\xf0\x0b.\xbf\xbb\x07\xae\x99\x08\x1b\x80\x00x2\x3e\x89\xb7\x10\x9f\x2b\xb3\xd1N\x00\x18\x00\x00\x00u\x3e\x8d\xa1s\x5b\x3cO\x9b\xa3X\xa4\xde\xf5\xe6x\xa5\xda\x87\x92T\x11\xf8\xd1\x00\x07\x00\x00\x00\x2f\xf6z\x01\xbd\x92\x0c</data></write>
    <read><length>4</length><match><data>\x9aI\xc5o</data></match></read>
    <!-- WHITELIST -->
    <write><data>\x1b\x00\x00\x00\x9f\x05\xa5\x0f\x14\x22\xac\xb6N\xbf\x99S\xf9\xef\xcch\x9b\xa7\xe7\xfeD\x7cQy\xc01\xdb</data></write>
    <read><length>4</length><match><data>\x9aI\xc5o</data></match></read>
    <!-- WHITELIST -->
    <write><data>\x10\x00\x00\x00\x9f\x05\xa5\x0f\x89\x3b\x9fdz\xc3x\x124\xea\xd4\xf5</data></write>
    <read><length>4</length><match><data>\x9aI\xc5o</data></match></read>
    <!-- WHITELIST -->
    <write><data>\x1c\x00\x00\x00\x9f\x05\xa5\x0f\x25\x7ca\x5d\xa9\x8c\x9d\x8eC\xd5\x81\xdf\xfdAH\x60\xa6\x0b\x0d\x87\xaa\x8b\x89\x07</data></write>
    <read><length>4</length><match><data>\x9aI\xc5o</data></match></read>
    <!-- UPDATE -->
    <!-- update add -->
    <!-- update add -->
    <!-- update add -->
    <!-- update add -->
    <!-- update add -->
    <!-- update add -->
    <!-- update add -->
    <!-- update add -->
    <write><data>\xbc\x00\x00\x00\x1a\xdb\xa704a\xcb\xed\x00\x1c\x00\x00\x00\x9dJ\xf0\x0a\xf6\xddd\x2av\xd9\xffk\xfa\xf1\x2d\xc3\xc7\xe1\xa1!M\x01Z\x08\x2c\xbf15\x00\x1b\x00\x00\x00\x5f\xd3\xf0\x9b\xa1\x15\x9a\xdaUl\xbf\xb4\xb8\x01\x15\xf4\xe5\xa1\x11\x18!\xb3\x40\xa7\xe2\x9b\xa5\x00\x0c\x00\x00\x00\x09B\x95M\xabix\x83\x8f\xb9U\xca\x00\x05\x00\x00\x00\x7fH\x7c\xd6\xda\x00\x13\x00\x00\x00\x99:s\x04\xd9JZb\xdb\x97z\xbf\x8d\x3e\xbaFi\x3eL\x00\x1a\x00\x00\x00a\xa9\x96\xd2\xcczGd\xc7\xde\x99\xe3\xf7\xd8A\x18\x10\x3c\xe8\xed\xc7\xc9\xe3t\xc5\x7b\x00\x07\x00\x00\x00\x97\x25\x28\xc7\x90k\xf2\x00\x10\x00\x00\x00i\x2d\x07\x11\x09Of\xef\xacr3\xa9\x930\xbb\x97</data></write>
    <read><length>4</length><match><data>\x9aI\xc5o</data></match></read>
    <!-- CHECK match rule -->
    <write><data>\x27\x00\x00\x00M\xae\x7b6L\x7f\xd5\xa9\xee6ix\xea\x91k\x0a\x3evO\x99\xef\xab\xdd\xb9\x15\x16\xb5\xfa\x92\xeb\x9a\x1a\x80\x1d\xbb\xb5\xf5i\xbd</data></write>
    <read><length>4</length><match><data>\x85\x3b\x08B</data></match></read>
    <!-- UPDATE -->
    <!-- update remove -->
    <!-- update add -->
    <!-- update add -->
    <!-- update remove -->
    <!-- update add -->
    <!-- update add -->
    <!-- update add -->
    <!-- update add -->
    <!-- update remove -->
    <!-- update remove -->
    <write><data>\xf8\x00\x00\x00\x1a\xdb\xa70\x25K\xcb\xed\x01\x18\x00\x00\x004\xe5\x92\x00\x0bOJT\xe2\xdbc\x92S\x99\x87q\x244\x93\xb8\xd1\xb9E\x0d\x00\x0d\x00\x00\x00S\xd9\xb0\xde\x0c\xf0\x11\xfdP\x15M\x11\xdc\x00\x0e\x00\x00\x00\x9fD8\xa5\x27e\xcd\xf1\xac\x9d\xbfI\x40\xd5\x01\x17\x00\x00\x00P\xd2\xc6\xc4\xe3\xc9\x8f\xd4\x7e\xc1\xa5\x2a\xd5\xbc\xc2GQ\x12!\xf2Q\xee\x9d\x00\x16\x00\x00\x00\x98\x3eO\x9fC\x8b\x10J\xe7o\x7f7W\x28\x9d\x9b0\x28t\xc6E\xd9\x00\x0d\x00\x00\x00Bq\x14\xc6\x9b\xc8\x18\x7bJ\x98\xa5\x1dj\x00\x10\x00\x00\x00E\x1a\xb1\x3b\xcc\x957T\xb8\xa8q\xdf\x1d5\x8d\xc7\x00\x1c\x00\x00\x00F\xf7\xd0\x14\xe0\x17\xe7:\xf1\x03D\x0b\x1c\x90\x9b\xd3\x8a\x0f\xcd\xef\xa1\x98\xc94i\xe9\x98\xa2\x01\x0d\x00\x00\x00\xd7\x27\x1f\xf8\xe2\xdf\xbf\xd3E\xd4\xff\xa7\x09\x01\x18\x00\x00\x00Wl\xfaI\xf0\x09\xce\x92\x90\xb58\x5crn\xd8\x14\x8e\x2bu\x0d\x0b\x11\x07\xa5</data></write>
    <read><length>4</length><match><data>\x9aI\xc5o</data></match></read>
    <!-- CHECK ok -->
    <write><data>\x0a\x00\x00\x00M\xae\x7b6\x26\xcc\xb7\xef\xfd\x07</data></write>
    <read><length>4</length><match><data>\x9aI\xc5o</data></match></read>
    <!-- WHITELIST -->
    <write><data>\x1d\x00\x00\x00\x9f\x05\xa5\x0f\x5d\x11\x0d\xc2\xe1\x5b\x83\x98\x11u\x00\xc6\xb8\x9a\xdc5\xe4\x19\xbb\x60\xbb\x8cnp\x89</data></write>
    <read><length>4</length><match><data>\x9aI\xc5o</data></match></read>
    <!-- WHITELIST -->
    <write><data>\x13\x00\x00\x00\x9f\x05\xa5\x0f\x14\x05\xb0j\x91\xf0j\x8b\x5e\xce\x06\x1e\xfds\xe4</data></write>
    <read><length>4</length><match><data>\x9aI\xc5o</data></match></read>
    <!-- UPDATE -->
    <!-- update add -->
    <!-- update add -->
    <!-- update add -->
    <!-- update add -->
    <!-- update add -->
    <!-- update remove -->
    <!-- update add -->
    <!-- update add -->
    <!-- update remove -->
    <!-- update remove -->
    <write><data>\x11\x01\x00\x00\x1a\xdb\xa70\x1d6\xcb\xed\x00\x10\x00\x00\x00\xbc\x08\xf32\xc2\xea\xcd\x8d\xea\xd3\x3e\xcc\xc57\x1c\x8d\x00\x0e\x00\x00\x00t\xca\x3e\xcd\xe0\x9f\xfd k\x2d\x94\x98ZP\x00\x1d\x00\x00\x00\xe0\x04\xa8O\xac\xd7\x8f\x0ei\x86Vo\xaf.M\x8e\xcf\xc1\x8b\x85\x9aa\x7b\x22h0\xf6\x9b\xf3\x00\x10\x00\x00\x00\x98\x825\x87c \xfd\x17i\xa2\xef\x1f\x83\x1ec\xbe\x00\x18\x00\x00\x00\xad\xda\xc5\x12\xd3\xef\xf9!\x93\x1d\x19\x60\xe8\xa2\x81\xe4\xa07\x92\x16\xef\x83\xa8\xc3\x01\x1b\x00\x00\x00\x5f\xd3\xf0\x9b\xa1\x15\x9a\xdaUl\xbf\xb4\xb8\x01\x15\xf4\xe5\xa1\x11\x18!\xb3\x40\xa7\xe2\x9b\xa5\x00\x18\x00\x00\x00\x27\x7c\xd2\xa0\x5e\x97\xfd\xad\xf0\x93\xe39o\xad\x25\xb0\xfb\x88q\x22\xa50\xab\xe7\x00\x18\x00\x00\x00e\xcd\x95\x1b\x27Z\xd5\xe9\x9fF\xaf\xd4\x8eq\xeda\xd4\xae\xaa\xb7\xf7\x0e\xf0\xcd\x01\x1b\x00\x00\x00z\x07\xf7\xdd\x0e9ZJ\xbc?d\xc3a\x3d\x0b\x0f\x60\x1b\xa8\x9d\xbf\xf5\xdc\x0b\x8f\xd5a\x01\x0e\x00\x00\x00t\xca\x3e\xcd\xe0\x9f\xfd k\x2d\x94\x98ZP</data></write>
    <read><length>4</length><match><data>\x9aI\xc5o</data></match></read>
    <!-- CHECK ok -->
    <write><data>\x25\x00\x00\x00M\xae\x7b6v\x0b\x12\xfc24\xc0H\xdfe\xaeU\x11\x22\xad\x11\x12\x7f\xf4\xd5\xb2\xa8\xcc\xf8\x00U\xd1\x19\x06\x03b\xf6\xff</data></write>
    <read><length>4</length><match><data>\x9aI\xc5o</data></match></read>
    <!-- WHITELIST -->
    <write><data>\x13\x00\x00\x00\x9f\x05\xa5\x0f\xdcu8\xe0\xc4Sf\xdaT\xb2\x86\xfe\xc8\xaco</data></write>
    <read><length>4</length><match><data>\x9aI\xc5o</data></match></read>
    <!-- WHITELIST -->
    <write><data>\x15\x00\x00\x00\x9f\x05\xa5\x0fTjxxsqd\x2cs\xcf\x0e\x98\xe8\xf9\x14\xf9\xaa</data></write>
    <read><length>4</length><match><data>\x9aI\xc5o</data></match></read>
    <!-- UPDATE -->
    <!-- update add -->
    <!-- update add -->
    <!-- update add -->
    <!-- update add -->
    <!-- update add -->
    <!-- update add -->
    <!-- update remove -->
    <!-- update add -->
    <write><data>\xd5\x00\x00\x00\x1a\xdb\xa70\x0e\x5d\xcb\xed\x00\x19\x00\x00\x00\x06U\xb48u\x22\xb4\xfbR\xf2\x7de\x90\x99\x1e\x2f\x91\x11i\x9bcvp\xcf\x7c\x00\x0a\x00\x00\x00K\x15\xea\x7bPYa\xbe\xe7g\x00\x11\x00\x00\x00\xbcp\xf2o\xf5Uz\x92c?\xb6j\x92H\x18Z\x28\x00\x19\x00\x00\x00n\x5d3\xc8r\xf2\xf3\xd0P\x27\xafu\xc3?\x8f\xc4\xcc\x8eP\x9d\xc7\x80\x7f\x97\x5c\x00\x19\x00\x00\x00\x28P\x18E\x08\x23\xa1\x9b\x913\xcd8W!\xc2\xc0\x18\xa0\x2c\xdc\xd9\x226\x0d.\x00\x19\x00\x00\x00\x1a\x9bF\xfa\x91l\x08\x2c\x1e\xffA7\x3b\x02\x8a\xbc4\x28\x83.K\xd8I\x0a\x5b\x01\x15\x00\x00\x00\x91k\x0a\x3evO\x99\xef\xab\xdd\xb9\x15\x16\xb5\xfa\x92\xeb\x9a\x1a\x80\x1d\x00\x11\x00\x00\x00\x5b\x26a\x29\xcb\x93\x9b\xba\xe5\x99\x14l\x98\x9c\x92\xa2\xbb</data></write>
    <read><length>4</length><match><data>\x9aI\xc5o</data></match></read>
    <!-- CHECK ok -->
    <write><data>\x10\x00\x00\x00M\xae\x7b6\x3e\xe9z\x5dV\x015W\x60\xa0\xf4\xc2</data></write>
    <read><length>4</length><match><data>\x9aI\xc5o</data></match></read>
    <!-- UPDATE -->
    <!-- update add -->
    <!-- update add -->
    <!-- update add -->
    <!-- update remove -->
    <!-- update remove -->
    <!-- update add -->
    <!-- update add -->
    <!-- update add -->
    <write><data>\xd7\x00\x00\x00\x1a\xdb\xa70\xcaW\xcb\xed\x00\x12\x00\x00\x00\xd74\x95\x0e\xe0c?O\xeb\xbft\xea\xebH\xe2md\xfd\x00\x0a\x00\x00\x00\xd9\x93\x9a\x85\xcen\x8b\x5e\xda\xbc\x00\x19\x00\x00\x00\xdc\x97\x87\xfaf\x9e\x60\x8b\xf8L\x9c\x179\x05n\xfd\x11f\x3e!\x93\x905Xm\x01\x1a\x00\x00\x00\x9f\x7e\xff\xe4\x2d.\xee5\x3e\x1e\xd5\xeb\xe1\x08\xb5\x2b\xf0\x16\x07\xcd\x9a\xd1\xe4\xb18\x3b\x01\x1e\x00\x00\x00\xa6 \x2a\x03\x02Y\x284\x91\x85wG\x5c\xec\x08H:\xd0A\xef\x7f\xcb6\xe6\x95\x60\xba\x28\xc0i\x00\x0b\x00\x00\x00\x97\xb4\x17h\x15\xe7ph\x1e\xb5\x98\x00\x19\x00\x00\x00\xdf\xea\x5f\x2b\x150M3\x3ed\x81\x95\xa1\x7dW\x935cI\xed\xaf\xa0t!\x93\x00\x16\x00\x00\x00\xf7\x96\x5b\xecC\x03\x5b j\xc9VC\x9f\x82\x7fi\x17:\xf6\x7f\x81\xb2</data></write>
    <read><length>4</length><match><data>\x9aI\xc5o</data></match></read>
    <!-- CHECK exe wrapper -->
    <!-- CHECK ok -->
    <write><data>z\x00\x00\x00M\xae\x7b6r\x94\x26N\xfcjH\x2c\xfcjH\x2cQ\x00\x00\x00MkH\x2c\x05\x00\x00\x00RkH\x2c\xd7w\x0b\x00\x60\xc7\xc2\xfdjH\x2c\x81\xea\xb0\xff\xff\xff\x81\xb2\x00\x00\x00\x00\xdf\x00\x00\x00\x81\xb2\x01\x00\x00\x00\xdf\x00\x00\x00\x81\xb2\x02\x00\x00\x00\xdf\x00\x00\x00\x81\xb2\x03\x00\x00\x00\xdf\x00\x00\x00\x81\xb2\x04\x00\x00\x00\xdf\x00\x00\x00DLEMGOGODL\x90\x40HBJCKa\x7c\xd9\xe9\xd9:</data></write>
    <read><length>4</length><match><data>\x9aI\xc5o</data></match></read>
    <!-- CHECK ok -->
    <write><data>\x14\x00\x00\x00M\xae\x7b6\x85\xa4\x06\x2d\xfc\x96\xa5\xd6\xbeM\xc2\xe1\x24\xa1\x28\xd6</data></write>
    <read><length>4</length><match><data>\x9aI\xc5o</data></match></read>
    <!-- UPDATE -->
    <!-- update add -->
    <!-- update add -->
    <!-- update add -->
    <!-- update add -->
    <!-- update add -->
    <!-- update add -->
    <write><data>\x99\x00\x00\x00\x1a\xdb\xa70\x87n\xcb\xed\x00\x17\x00\x00\x00O\x0b\x16\xddh\xa9\x13\x2cT\xf2\xde:Q\xabUQ\xf9\xfc\x05\xae \x5e\x98\x00\x06\x00\x00\x009\x82\xc6\xc9\xe1\x00\x00\x19\x00\x00\x00s\xa4\xfb\xc2\xf1\x1c\xd1\x0e\x8fy\x94\xe1\xd8\x9e\xe5\xfa\x951\xfe\x7c\xc0\x5d\x86\x25\xcf\x00\x18\x00\x00\x00\x86dZ\xcf:\xe7\x19\xec\x96\x80\x29N\x95\xc9fs\x97\x5b\x02m\x1b\xd6P\xaf\x00\x0e\x00\x00\x007b\x29\x2c\xa9\x91\xe4?\x02\xdez\x09\xb1s\x00\x17\x00\x00\x00\x9b\x3b\xa0\x1f\xb5t\x7d\xf0\x90\x86z\xaa\xfe\x85s\x8d\x97\x8ap\x98\xd5\x98\x01</data></write>
    <read><length>4</length><match><data>\x9aI\xc5o</data></match></read>
    <!-- CHECK exe wrapper -->
    <!-- CHECK ok -->
    <write><data>\xe0\x01\x00\x00M\xae\x7b6r\x94\x26N\xc8\xd9\xd9\x0e\xc8\xd9\xd9\x0e\x97\x01\x00\x00\x5f\xdb\xd9\x0e\x25\x00\x00\x00\x84\xdb\xd9\x0eM\xf1\x08\x00\x60\xe8\x05\x00\x00\x00\x28\xfb\x92m\xfcY\x81\xc1\x91\x01\x00\x00FN\x90BJCK\x90CKDL\x40H\x81\xb1\x00\x00\x00\x00O\x00\x00\x00\x81\xb1\x01\x00\x00\x00O\x00\x00\x00\x81\xb1\x02\x00\x00\x00O\x00\x00\x00\x81\xb1\x03\x00\x00\x00O\x00\x00\x00\x81\xb1\x04\x00\x00\x00O\x00\x00\x00\x81\xb1\x05\x00\x00\x00O\x00\x00\x00\x81\xb1\x06\x00\x00\x00O\x00\x00\x00\x81\xb1\x07\x00\x00\x00O\x00\x00\x00\x81\xb1\x08\x00\x00\x00O\x00\x00\x00\x81\xb1\x09\x00\x00\x00O\x00\x00\x00\x81\xb1\x0a\x00\x00\x00O\x00\x00\x00\x81\xb1\x0b\x00\x00\x00O\x00\x00\x00\x81\xb1\x0c\x00\x00\x00O\x00\x00\x00\x81\xb1\x0d\x00\x00\x00O\x00\x00\x00\x81\xb1\x0e\x00\x00\x00O\x00\x00\x00\x81\xb1\x0f\x00\x00\x00O\x00\x00\x00\x81\xb1\x10\x00\x00\x00O\x00\x00\x00\x81\xb1\x11\x00\x00\x00O\x00\x00\x00\x81\xb1\x12\x00\x00\x00O\x00\x00\x00\x81\xb1\x13\x00\x00\x00O\x00\x00\x00\x81\xb1\x14\x00\x00\x00O\x00\x00\x00\x81\xb1\x15\x00\x00\x00O\x00\x00\x00\x81\xb1\x16\x00\x00\x00O\x00\x00\x00\x81\xb1\x17\x00\x00\x00O\x00\x00\x00\x81\xb1\x18\x00\x00\x00O\x00\x00\x00\x81\xb1\x19\x00\x00\x00O\x00\x00\x00\x81\xb1\x1a\x00\x00\x00O\x00\x00\x00\x81\xb1\x1b\x00\x00\x00O\x00\x00\x00\x81\xb1\x1c\x00\x00\x00O\x00\x00\x00\x81\xb1\x1d\x00\x00\x00O\x00\x00\x00\x81\xb1\x1e\x00\x00\x00O\x00\x00\x00\x81\xb1\x1f\x00\x00\x00O\x00\x00\x00\x81\xb1 \x00\x00\x00O\x00\x00\x00\x81\xb1!\x00\x00\x00O\x00\x00\x00\x81\xb1\x22\x00\x00\x00O\x00\x00\x00\x81\xb1\x23\x00\x00\x00O\x00\x00\x00\x81\xb1\x24\x00\x00\x00O\x00\x00\x00DLAIa\x99\xd15\x09\xf2tm\x15\xa8\x3b\x14\xdf\x96\xe2\xd2\xdf\x5c\xfd\x7d\x8f\x7e\xc1\xba\xadU\xcd\xbc\xf5\xd7\x00P\x24\xda\xd3\x7d\x93\x7e</data></write>
    <read><length>4</length><match><data>\x9aI\xc5o</data></match></read>
    <!-- CHECK exe wrapper -->
    <!-- CHECK ok -->
    <write><data>s\x00\x00\x00M\xae\x7b6r\x94\x26N\xd4\x09\xc81\xd4\x09\xc813\x00\x00\x00\x07\x0a\xc81\x1c\x00\x00\x00\x23\x0a\xc81\x1c\xa9\x03\x00\x60\xc7\xc2\xd5\x09\xc81\x81\xc22\x00\x00\x00BJAIEMEMBJ\x89\xd3\x81\xc3\x1c\x00\x00\x00\x89\xd19\xd9t\x0d\x81\xb1\x00\x00\x00\x00\x0c\x00\x00\x00A\xeb\xefa\x927\x91\xcb\xc9\xa9\x8f\x8d\xa6\x93\x7c0\x29\x3d8\xde.\x97.X4\xe8xX\x23\x2fv\x0e</data></write>
    <read><length>4</length><match><data>\x9aI\xc5o</data></match></read>
    <!-- CHECK ok -->
    <write><data>\x1e\x00\x00\x00M\xae\x7b6\x26\xf2\xc8\xc6\xbb\xff\xbf\xe5\xc6B\x8a9\xa5\x82B\xef\x0ef\x15\x13\xbf\x22\xc2\xf0\x1b\x97</data></write>
    <read><length>4</length><match><data>\x9aI\xc5o</data></match></read>
    <!-- CHECK ok -->
    <write><data>\x11\x00\x00\x00M\xae\x7b6\xd5\x11\x29\x7b\x29.g\x0fn\x8e\x16\xc8\x2f</data></write>
    <read><length>4</length><match><data>\x9aI\xc5o</data></match></read>
    <!-- CHECK ok -->
    <write><data>\x14\x00\x00\x00M\xae\x7b6\xaf\x8c\x0f\x9ba\xce\xed\xb7\x26\xaetc\x1e\xbd\xc2M</data></write>
    <read><length>4</length><match><data>\x9aI\xc5o</data></match></read>
    <!-- WHITELIST -->
    <write><data>\x16\x00\x00\x00\x9f\x05\xa5\x0f\x5d\x0e\x80\xa5q\x05\xe6g\x13\x03\xc5?\x84\x0d\xa1\xa1\x80\x93</data></write>
    <read><length>4</length><match><data>\x9aI\xc5o</data></match></read>
    <!-- CHECK exe wrapper -->
    <!-- CHECK ok -->
    <write><data>\x84\x00\x00\x00M\xae\x7b6r\x94\x26N\x0f6\xe0\x06\x0f6\xe0\x06F\x00\x00\x00U6\xe0\x06\x1a\x00\x00\x00o6\xe0\x06\x91\x2d\x02\x00\x60\xe8\x00\x00\x00\x00\x5b\x81\xc3\x40\x00\x00\x00\x40HEMEMEMGODLAIFNFN\x90\xc7\xc1\x1a\x00\x00\x00\xc7\xc2\x00\x00\x00\x009\xcat\x0a\x814\x134\x00\x00\x00B\xeb\xf2DLGOAI\x90GOGOa\xf9\xb0\x11A\xdf\x3bt\x89?\xc77\xc0\xb9\x9c\x8bRM\xb0\xf8\x1b\x82\x18p\x16R\xea</data></write>
    <read><length>4</length><match><data>\x9aI\xc5o</data></match></read>
    <!-- UPDATE -->
    <!-- update remove -->
    <!-- update add -->
    <!-- update add -->
    <!-- update add -->
    <!-- update add -->
    <write><data>\xa8\x00\x00\x00\x1a\xdb\xa70:c\xcb\xed\x01\x1c\x00\x00\x00k\x13\x9f\xc0\x07Y\x60\xda\xcb\x8c\xa9\xa2\x5eHP\xe86\xf9u\xf8\xe4h\xc9\x1b\xffkg\xb5\x00\x1c\x00\x00\x00\x5f\x1az\xff\xdb.\xf4\xd04\xb4F\xce\x041\xd0\x235?\xf6\xe5\xecg\x0c\xec\xf0\x83\xc7\x15\x00\x1e\x00\x00\x00\xf1g\x05\xbd\xfe\xb1\xb2\x15?\x8cg\xe6\xf5\xba\xe6\x96\x0c\x91\x0c\x1d\x898sM\xa3?\xf2\xa6I\xb1\x00\x1a\x00\x00\x00\xaby\x9f\xc2AI\x8az\xc8\x9d\xf2\x15\x5c\xf1\xe2\x0f\x2a\xf0\x81\xbc\x0d\x0f\xdf\x15\xed\x12\x00\x17\x00\x00\x00r\x26\xa7\xca\x83\xa4Qx\xc3\xb7\x23\x2fu\xaaQ\xcb\x06i\xcd\xe2\x87\x11J</data></write>
    <read><length>4</length><match><data>\x9aI\xc5o</data></match></read>
    <!-- UPDATE -->
    <!-- update add -->
    <!-- update remove -->
    <!-- update add -->
    <!-- update add -->
    <!-- update remove -->
    <write><data>\x83\x00\x00\x00\x1a\xdb\xa70\x10\x7f\xcb\xed\x00\x17\x00\x00\x005\xaf\xca:oNDH\xde\x23\x8f\xf9\x2f\x25\xc7FP\x99\xb0q\x11\x96\x0d\x01\x19\x00\x00\x00\x1a\x9bF\xfa\x91l\x08\x2c\x1e\xffA7\x3b\x02\x8a\xbc4\x28\x83.K\xd8I\x0a\x5b\x00\x1c\x00\x00\x00b\xef\x85\xf2\xed\x5f\x1a\xa5w\x2cP\x17\x3b\x17\xac\x9c\xc6:d\x89\xf4\x06\x3cK\x7fN\x28\x92\x00\x0a\x00\x00\x00\xba\xfb\xc4\x27\xfc\xa3\xc2h\x5fo\x01\x0c\x00\x00\x00z\x00\x7c\x7e\x3e\x97\x01VAWv\xce</data></write>
    <read><length>4</length><match><data>\x9aI\xc5o</data></match></read>
    <!-- UPDATE -->
    <!-- update add -->
    <!-- update remove -->
    <!-- update add -->
    <!-- update remove -->
    <!-- update add -->
    <!-- update remove -->
    <!-- update add -->
    <write><data>\x84\x00\x00\x00\x1a\xdb\xa70V\x7f\xcb\xed\x00\x07\x00\x00\x00\x87\xaeP!\x9b\xaf\x10\x01\x0b\x00\x00\x00\x97\xb4\x17h\x15\xe7ph\x1e\xb5\x98\x00\x17\x00\x00\x00\x97f\x9e0V\x7e\x88\x5f\x8d\x5eB\xa5\xc8\x01\xb9\xa9Y\xaa\x1c\x11\x03\xdb\xd9\x01\x0a\x00\x00\x00\xf7g\xbc\x24\xd1zx\x22\x03p\x00\x12\x00\x00\x00\x7dd\x85!\xae\xf0\x04\x94\x25\xe9\xa2\x9b\x0a\xde\xf7b\x5c\x2b\x01\x05\x00\x00\x00a\x8fL\xd0\x02\x00\x0f\x00\x00\x00k\x7fy\xca\x909\x1d\xff8D\x05\xe7\xf1\x8d\xf7</data></write>
    <read><length>4</length><match><data>\x9aI\xc5o</data></match></read>
    <!-- UPDATE -->
    <!-- update add -->
    <!-- update add -->
    <!-- update add -->
    <!-- update add -->
    <!-- update add -->
    <write><data>q\x00\x00\x00\x1a\xdb\xa70\xb9\x83\xcb\xed\x00\x14\x00\x00\x00v\x0d\x9b\x93\xc3F\xae6\x8e\xbbA\xea\xf7\x0b\x80\x94\x06\x1f\xd6\x18\x00\x09\x00\x00\x00\x82\xb0\x5b\x93\xa1\xac\x94\x11\x0f\x00\x14\x00\x00\x00\x5b\xa4j\xcc\xdc\xe3\x22\xe9bFf\xa5\xcd9\x2b?\x2a\xfa\x24\xcd\x00\x0a\x00\x00\x00\xdd2\x3b\x9a\xfeYr\xc0\x06\x10\x00\x15\x00\x00\x00\xdb\xd1\xf6\x88au\x83AY\xd80\x3d\x90\x07\x87\x88\x99U1B\x00</data></write>
    <read><length>4</length><match><data>\x9aI\xc5o</data></match></read>
    <!-- WHITELIST -->
    <write><data>\x1d\x00\x00\x00\x9f\x05\xa5\x0f\x9b\x8c\x83S\x03C\xa7S\x5b\x01\x0e\xa8\xe2\xc7.\xde\xb5I?X\xf5\x28N\x02\x00</data></write>
    <read><length>4</length><match><data>\x9aI\xc5o</data></match></read>
    <!-- WHITELIST -->
    <write><data>\x15\x00\x00\x00\x9f\x05\xa5\x0f\xc9e\xc3dk\xe1\x0d\xa9\xe3\xbfR\x7b\xc6\x04\xaa\x8cT</data></write>
    <read><length>4</length><match><data>\x9aI\xc5o</data></match></read>
    <!-- CHECK ok -->
    <write><data>\x14\x00\x00\x00M\xae\x7b6\x5ej\xaar\x94\xa4\xe7\xac\x80iEy\xe1\xb5K\x25</data></write>
    <read><length>4</length><match><data>\x9aI\xc5o</data></match></read>
    <!-- WHITELIST -->
    <write><data>\x19\x00\x00\x00\x9f\x05\xa5\x0fp\xf4\x24\xf1\x11\xb5\x27\x0d3\x05\xc7\x06\xca\x81\xa3Vp0\x60\xdf\xa7</data></write>
    <read><length>4</length><match><data>\x9aI\xc5o</data></match></read>
    <!-- CHECK ok -->
    <write><data>\x06\x00\x00\x00M\xae\x7b6\x8a\x2a</data></write>
    <read><length>4</length><match><data>\x9aI\xc5o</data></match></read>
    <!-- WHITELIST -->
    <write><data>\x1d\x00\x00\x00\x9f\x05\xa5\x0f\x0b1\xf4\x10\x00RR\x0f\xc3\x1b\xac\x0cs5y?\x96\x06\xc7\x00N\xc3\xa3\xf4h</data></write>
    <read><length>4</length><match><data>\x9aI\xc5o</data></match></read>
    <!-- CHECK ok -->
    <write><data>\x27\x00\x00\x00M\xae\x7b6B\xe3\xd7\x92\xdbb\xa6q\xb4\x8d\x7d\xfa\x5f\xa8\xb0\x8bi\x7e:\xee\x7dN\x06\xeb\xc1\xd8\x25\x9f\xe8\x15\x7e\x10\x9a\x0c\xd7</data></write>
    <read><length>4</length><match><data>\x9aI\xc5o</data></match></read>
    <!-- CHECK ok -->
    <write><data>\x19\x00\x00\x00M\xae\x7b6w\xda\x9bl\x3b\xa4\xe6\x9e\x0d\x0c\xc0\x5b\xc4\x0e\xe6\x2f\xce\xc9\x88D\x15</data></write>
    <read><length>4</length><match><data>\x9aI\xc5o</data></match></read>
    <!-- WHITELIST -->
    <write><data>\x1f\x00\x00\x00\x9f\x05\xa5\x0f\xbc\xcd\xcd\x5b\x92\xb8?\xcb\x9d\xcb\x258b\xaa\x09\x25\xe4jg\xec\x1b\xf3\x06 \xb2\x0b\x3c</data></write>
    <read><length>4</length><match><data>\x9aI\xc5o</data></match></read>
    <!-- CHECK match rule -->
    <write><data>\x1b\x00\x00\x00M\xae\x7b6\xfc\xb7\x8bom7\x5b\xd2\x2f\xf6z\x01\xbd\x92\x0c\x7c\xa3\xfa\xbf\x8d\x3c\x02\xe2</data></write>
    <read><length>4</length><match><data>\x85\x3b\x08B</data></match></read>
    <!-- UPDATE -->
    <!-- update remove -->
    <!-- update add -->
    <!-- update remove -->
    <!-- update add -->
    <!-- update remove -->
    <!-- update add -->
    <!-- update add -->
    <write><data>\x97\x00\x00\x00\x1a\xdb\xa70dr\xcb\xed\x01\x05\x00\x00\x00O\xcc\x10\x97\xf1\x00\x0a\x00\x00\x00\xbc\xe6\x0b\x15b!\x28\x11\xb8\xec\x01\x0e\x00\x00\x00sm\x0a\xc7z4\x94i\x05x\xb3\x1b\x8b\xa9\x00\x15\x00\x00\x00\xcb\xda\xee\xbd\x13\xfa\xadkJ9\xd2\x60\x9e\xab\xa5\x2a\xec\xb0e\x27\xbf\x01\x16\x00\x00\x00\xf4r\xa3\x5f\xaa\x60\x29\x84e\xd8\x10\xebZ\xec\x00v\x8bU\xe0B\x9c\x99\x00\x0c\x00\x00\x006\x2a\x27\x5c\x2b\xee\x3c!\xb3\xf7\x84\xec\x00\x18\x00\x00\x00\x7dI\xc14\xdc\xa8V\xddG\xf3\x07Ma\xa0\x93\xfb\xe1\x82\x1dp\xb1\xe7\xc9?</data></write>
    <read><length>4</length><match><data>\x9aI\xc5o</data></match></read>
    <!-- CHECK ok -->
    <write><data>\x14\x00\x00\x00M\xae\x7b6\xc5\x8662\x9f\xc6\x5f6\xa0\x871\x22\x3cF\x1cS</data></write>
    <read><length>4</length><match><data>\x9aI\xc5o</data></match></read>
    <!-- CHECK match rule -->
    <write><data>\x1c\x00\x00\x00M\xae\x7b6\x408q\x1f\xc9\x00?\xcd\xf3\xc5\x7f4\xba\xd9\x15Ca\xd3\xc2\xcc\x83\xb6\xa5\xf6</data></write>
    <read><length>4</length><match><data>\x85\x3b\x08B</data></match></read>
    <!-- CHECK exe wrapper -->
    <!-- CHECK ok -->
    <write><data>\xeb\x00\x00\x00M\xae\x7b6r\x94\x26N\xa9\x1a\x40\x02\xa9\x1a\x40\x02\xb8\x00\x00\x00a\x1b\x40\x02\x0f\x00\x00\x00p\x1b\x40\x02\x5dx\x03\x00\x60\xc7\xc3\xaa\x1a\x40\x02\x81\xc3\xb7\x00\x00\x00FNFNFN\x40HGO\x81\xb3\x00\x00\x00\x00\xd3\x00\x00\x00\x81\xb3\x01\x00\x00\x00\xd3\x00\x00\x00\x81\xb3\x02\x00\x00\x00\xd3\x00\x00\x00\x81\xb3\x03\x00\x00\x00\xd3\x00\x00\x00\x81\xb3\x04\x00\x00\x00\xd3\x00\x00\x00\x81\xb3\x05\x00\x00\x00\xd3\x00\x00\x00\x81\xb3\x06\x00\x00\x00\xd3\x00\x00\x00\x81\xb3\x07\x00\x00\x00\xd3\x00\x00\x00\x81\xb3\x08\x00\x00\x00\xd3\x00\x00\x00\x81\xb3\x09\x00\x00\x00\xd3\x00\x00\x00\x81\xb3\x0a\x00\x00\x00\xd3\x00\x00\x00\x81\xb3\x0b\x00\x00\x00\xd3\x00\x00\x00\x81\xb3\x0c\x00\x00\x00\xd3\x00\x00\x00\x81\xb3\x0d\x00\x00\x00\xd3\x00\x00\x00\x81\xb3\x0e\x00\x00\x00\xd3\x00\x00\x00AI\x40HFNEMDLa\xbd\xd3\xe5\x2c\xcc\xa2f\xab\x84\xd3\xe9\xefI\xf3?</data></write>
    <read><length>4</length><match><data>\x9aI\xc5o</data></match></read>
    <!-- CHECK match rule -->
    <!-- CHECK exe wrapper -->
    <write><data>\x06\x02\x00\x00M\xae\x7b6r\x94\x26NX\x8f\xcf2X\x8f\xcf2\xb9\x01\x00\x00\x11\x91\xcf2\x29\x00\x00\x00:\x91\xcf2\x5d\xc2\x0c\x00\x60\xe8\x02\x00\x00\x00\xc5\x09Y\x81\xe9M\xfe\xff\xffAI\x90BJEMCKBJ\x81\xb1\x00\x00\x00\x00D\x00\x00\x00\x81\xb1\x01\x00\x00\x00D\x00\x00\x00\x81\xb1\x02\x00\x00\x00D\x00\x00\x00\x81\xb1\x03\x00\x00\x00D\x00\x00\x00\x81\xb1\x04\x00\x00\x00D\x00\x00\x00\x81\xb1\x05\x00\x00\x00D\x00\x00\x00\x81\xb1\x06\x00\x00\x00D\x00\x00\x00\x81\xb1\x07\x00\x00\x00D\x00\x00\x00\x81\xb1\x08\x00\x00\x00D\x00\x00\x00\x81\xb1\x09\x00\x00\x00D\x00\x00\x00\x81\xb1\x0a\x00\x00\x00D\x00\x00\x00\x81\xb1\x0b\x00\x00\x00D\x00\x00\x00\x81\xb1\x0c\x00\x00\x00D\x00\x00\x00\x81\xb1\x0d\x00\x00\x00D\x00\x00\x00\x81\xb1\x0e\x00\x00\x00D\x00\x00\x00\x81\xb1\x0f\x00\x00\x00D\x00\x00\x00\x81\xb1\x10\x00\x00\x00D\x00\x00\x00\x81\xb1\x11\x00\x00\x00D\x00\x00\x00\x81\xb1\x12\x00\x00\x00D\x00\x00\x00\x81\xb1\x13\x00\x00\x00D\x00\x00\x00\x81\xb1\x14\x00\x00\x00D\x00\x00\x00\x81\xb1\x15\x00\x00\x00D\x00\x00\x00\x81\xb1\x16\x00\x00\x00D\x00\x00\x00\x81\xb1\x17\x00\x00\x00D\x00\x00\x00\x81\xb1\x18\x00\x00\x00D\x00\x00\x00\x81\xb1\x19\x00\x00\x00D\x00\x00\x00\x81\xb1\x1a\x00\x00\x00D\x00\x00\x00\x81\xb1\x1b\x00\x00\x00D\x00\x00\x00\x81\xb1\x1c\x00\x00\x00D\x00\x00\x00\x81\xb1\x1d\x00\x00\x00D\x00\x00\x00\x81\xb1\x1e\x00\x00\x00D\x00\x00\x00\x81\xb1\x1f\x00\x00\x00D\x00\x00\x00\x81\xb1 \x00\x00\x00D\x00\x00\x00\x81\xb1!\x00\x00\x00D\x00\x00\x00\x81\xb1\x22\x00\x00\x00D\x00\x00\x00\x81\xb1\x23\x00\x00\x00D\x00\x00\x00\x81\xb1\x24\x00\x00\x00D\x00\x00\x00\x81\xb1\x25\x00\x00\x00D\x00\x00\x00\x81\xb1\x26\x00\x00\x00D\x00\x00\x00\x81\xb1\x27\x00\x00\x00D\x00\x00\x00\x81\xb1\x28\x00\x00\x00D\x00\x00\x00BJ\x40Ha9\x7f\x2f\x86:\xc8\x92\x04\xc9\xa6\x87\x17\xe9P\x60\x9f\x9fXz\x1c\x5b\x28\x14u\xd2\x233z5\xbf\x15Z\x90\x272\x13\x2c\x13\x04\xd3\x28</data></write>
    <read><length>4</length><match><data>\x85\x3b\x08B</data></match></read>
    <!-- CHECK ok -->
    <write><data>\x1d\x00\x00\x00M\xae\x7b6Xh\x00o\x5e\xacM\xb1\x94\x03\xdc\x843Q\xdf\x05\x9a\xc0\x04\x5eA\xe2D\x2cC</data></write>
    <read><length>4</length><match><data>\x9aI\xc5o</data></match></read>
    <!-- WHITELIST -->
    <write><data>\x18\x00\x00\x00\x9f\x05\xa5\x0f\xaa\xd2\x19\x06\x40\xc52\xc5B\x97\x08\xa4\xcc\xcf\x8d\x9c\x10\x7e\xa6\xd1</data></write>
    <read><length>4</length><match><data>\x9aI\xc5o</data></match></read>
    <!-- WHITELIST -->
    <write><data>\x1c\x00\x00\x00\x9f\x05\xa5\x0f\x10!\x92x\x8f\xe2c!\xa2\x3e\x14\xf4\xf8\xcc\x95\x99\x82\xe6\x15\xbb\xd7\x1a\xd4\x9b</data></write>
    <read><length>4</length><match><data>\x9aI\xc5o</data></match></read>
    <!-- WHITELIST -->
    <write><data>\x10\x00\x00\x00\x9f\x05\xa5\x0fx\xa9\xe5\xd1\x14\xcd\x026l\x0e\xfd\x00</data></write>
    <read><length>4</length><match><data>\x9aI\xc5o</data></match></read>
    <!-- WHITELIST -->
    <write><data>\x12\x00\x00\x00\x9f\x05\xa5\x0f\xc5\xfe\xb7\xc0\xcdZ\x7d\x99u\x9bj\xa3\xc8\x0f</data></write>
    <read><length>4</length><match><data>\x9aI\xc5o</data></match></read>
    <!-- CHECK match rule -->
    <write><data>\x2d\x00\x00\x00M\xae\x7b6\x1c\x97\x5fA\x1e\xbej\xdc\xe6\xe8q\x965Q\x3c:v\x03t\x1d\x5d\xbc\xc5\xa8\xd8\x2c\xf4\x07\xdd\x0f\xa3\xd1\xdf1\xd9GxBK\x7c\x89</data></write>
    <read><length>4</length><match><data>\x85\x3b\x08B</data></match></read>
    <!-- WHITELIST -->
    <write><data>\x1f\x00\x00\x00\x9f\x05\xa5\x0f\xef\x3c\xbfN\x13F\x00\x83\xba\xf7\x03B\xadY\x84\xf0x\xc5\xa5G\xcb\xdf\x7bE\xd7vN</data></write>
    <read><length>4</length><match><data>\x9aI\xc5o</data></match></read>
    <!-- UPDATE -->
    <!-- update remove -->
    <!-- update add -->
    <!-- update add -->
    <!-- update add -->
    <!-- update add -->
    <!-- update add -->
    <!-- update add -->
    <!-- update add -->
    <write><data>\xd6\x00\x00\x00\x1a\xdb\xa70MW\xcb\xed\x01\x1a\x00\x00\x00\x8a\xe3w\xe3F\xce\xd3\x0e\xe8z\xb2\x8cj\x1e\x3e\x16\xb9\xf10\x0d\xa0\x3c\xba\xeb\xbc\x11\x00\x0f\x00\x00\x00\xc9\x0c\x24\xd2\xef\xd5!\x09\xbe\xc6\x0b\xc3\x7b\x9c\xca\x00\x1a\x00\x00\x00\x8c \x8d\xa5\xeb\xee\x9e\x03g\x1d\xa1R\xae\x9b\xe8\xbe\x09U\xa5F\xf0\xea\xbd\xe8\xb18\x00\x1c\x00\x00\x00\xdb\xa6\x98\x93\xb6M.\x83\xf7\xf7\x17\xa9L\x5d\xea3\xc3\xf8m\xf4H\xf4\x1e\x00!\xe3\xd56\x00\x14\x00\x00\x00\xe5\x9d\x0e\xdf\x0bPC\xd1TT\x8d\xa1\xfcV\x5d\x5e\x03COi\x00\x18\x00\x00\x00\xd7\x7f\x25\x2fca\xa6\xbb\xc2\x09\xb6\xff3\xd8\xe2\xbe\x8d\xc703\xae\x2f\x26w\x00\x12\x00\x00\x00C\x05L\xaf\x82\x3d\xc1\x03\x7c\x1cr\x91\x82\x05f\xd2\x1f\x0c\x00\x09\x00\x00\x00\x99E\x89mW\x2duH\x29</data></write>
    <read><length>4</length><match><data>\x9aI\xc5o</data></match></read>
    <!-- UPDATE -->
    <!-- update add -->
    <!-- update add -->
    <!-- update add -->
    <!-- update remove -->
    <!-- update add -->
    <write><data>\x8b\x00\x00\x00\x1a\xdb\xa70Yq\xcb\xed\x00\x11\x00\x00\x00Sc\x9ck\x3c\xa7\xeb\xd4D\xecj\xe1\x82S\xdfY\xec\x00\x12\x00\x00\x00\xdb\xb3\x88j\xc1n\xd5\xdc\xba\xc5\x95f\x94\xac\xde\x85\x23\x17\x00\x15\x00\x00\x00\xc4K\xdc7\xbex\xe0\x5c\x97\xcfx\x19m\x02\x24\x27\xf4PR\xda\xbb\x01\x19\x00\x00\x00\xdbM\x07\xfa\xf2\x10\x8a\x8c\x17H\xd3\x3d1\x90d\x22\xca:\xcabIM\xe1\x99 \x00\x19\x00\x00\x00\x83\xc4\xad\x9b\x241\xc3\x82N\x22\x8d\xd7\xf9\xd8\x26Q\x8d\xaf3\xee\xe7F\x15\xac\xe3</data></write>
    <read><length>4</length><match><data>\x9aI\xc5o</data></match></read>
    <!-- WHITELIST -->
    <write><data>\x1a\x00\x00\x00\x9f\x05\xa5\x0f\xde\xd6\xab9\xf9H\xea\xc5\x041\xf5\xdfR\x01\xd2\xd4\xa3:\xb0\xf8\x10\xaf</data></write>
    <read><length>4</length><match><data>\x9aI\xc5o</data></match></read>
    <!-- CHECK exe wrapper -->
    <!-- CHECK ok -->
    <write><data>W\x00\x00\x00M\xae\x7b6r\x94\x26NW\x12\x2f\x0bW\x12\x2f\x0b0\x00\x00\x00\x87\x12\x2f\x0b\x03\x00\x00\x00\x8a\x12\x2f\x0b\x93\x2b\x02\x00\x60\xc7\xc3X\x12\x2f\x0b\x81\xc3\x2f\x00\x00\x00DLGODL\xc7\xc1\x03\x00\x00\x00\xc7\xc2\x00\x00\x00\x009\xcat\x0a\x814\x13.\x00\x00\x00B\xeb\xf2EMa\xdb\x1b\xa0</data></write>
    <read><length>4</length><match><data>\x9aI\xc5o</data></match></read>
    <!-- WHITELIST -->
    <write><data>\x0f\x00\x00\x00\x9f\x05\xa5\x0f\xc7\xc0\xd4vL\xda\x1a\xa18\xaf\x93</data></write>
    <read><length>4</length><match><data>\x9aI\xc5o</data></match></read>
    <!-- WHITELIST -->
    <write><data>\x15\x00\x00\x00\x9f\x05\xa5\x0f\x60\xc7\xe3f\xc4\x22\x98pD\x40b\xdd\x10\xcf\x9e\x10\xeb</data></write>
    <read><length>4</length><match><data>\x9aI\xc5o</data></match></read>
    <!-- WHITELIST -->
    <write><data>\x0e\x00\x00\x00\x9f\x05\xa5\x0f\x83\xf3\xdc\xae\xb7\xdd\x1es\x08y</data></write>
    <read><length>4</length><match><data>\x9aI\xc5o</data></match></read>
    <!-- UPDATE -->
    <!-- update add -->
    <!-- update add -->
    <!-- update add -->
    <!-- update add -->
    <!-- update add -->
    <!-- update add -->
    <!-- update add -->
    <!-- update add -->
    <write><data>\xc0\x00\x00\x00\x1a\xdb\xa70\x28\x5c\xcb\xed\x00\x1e\x00\x00\x00\x9e\xd6\xd8\xc6\x10r\xe7\x2bGq\xa5\x10\xbd\xb5\x28\xdc\xc1Jj\x9b\xc0\xfdn\x9f\xc0b\x12s\x22T\x00\x0e\x00\x00\x00\x0e\x16\xba\x2b\x85\x94\x7b\x15\xd2\xc5!\xb4\xb9\x7e\x00\x17\x00\x00\x00\xe2\x7b\x94\x5d\x95\x02\xc6\xe8jr\x89\x9c\x5e7\xa3\xd9\xa8\xaa\xba\x7f\xb2\xe2X\x00\x12\x00\x00\x00s\xc1\xf7\x90\xc9\xfbg\xee\x2b\x99E\x1cT\xb6\x3d\xc2\x81x\x00\x0b\x00\x00\x00\xfe\x5d\x3ev\x22G\xe3\xa0\x3d\xb9\x09\x00\x05\x00\x00\x00\x99t\xbe\x5c\xfc\x00\x10\x00\x00\x00\x95\xe2N\xebwy\xce\x1fC\xa6\xb1T\x11\xf2\xe6\xd1\x00\x1b\x00\x00\x00\x0d\xf1\xf4\xc5r\x0ad9\xa3\x9aTX\x99\xf3\xbb.\xcc\xdb\xa2S\xfd1\x2bPq\xf9\xb5</data></write>
    <read><length>4</length><match><data>\x9aI\xc5o</data></match></read>
    <!-- WHITELIST -->
    <write><data>\x10\x00\x00\x00\x9f\x05\xa5\x0fB\xe8\xcc\x99F\xf3\x81E\x11\xd7\xf5\x00</data></write>
    <read><length>4</length><match><data>\x9aI\xc5o</data></match></read>
    <!-- CHECK match rule -->
    <!-- whitelist -->
    <write><data>3\x00\x00\x00M\xae\x7b6\xdb\xd1\xf6\x88au\x83AY\xd80\x3d\x90\x07\x87\x88\x99U1B\x00\xf0\x7e\x0a\x86\x2dY\x9aY\x5d\x0e\x80\xa5q\x05\xe6g\x13\x03\xc5?\x84\x0d\xa1\xa1\x80\x93</data></write>
    <read><length>4</length><match><data>\x9aI\xc5o</data></match></read>
    <!-- UPDATE -->
    <!-- update add -->
    <!-- update add -->
    <!-- update add -->
    <!-- update add -->
    <!-- update remove -->
    <!-- update add -->
    <!-- update add -->
    <!-- update add -->
    <!-- update add -->
    <write><data>\xb4\x00\x00\x00\x1a\xdb\xa70Gg\xcb\xed\x00\x09\x00\x00\x00\x8f\x99p\xc7o\xa7\x97\x0c7\x00\x19\x00\x00\x00M\x8bM\xc3\xbaD\xfcL\x0a\x1d\x0d\x87\x18\x90\xc2\x8d\xa9K\xee\x88\xf58\xd0\xd0J\x00\x0e\x00\x00\x00\xea\xd0:\x05\x8eX\xb6\x26BJ\x2d\x8d\x99j\x00\x10\x00\x00\x00\xe5s\x9c99\xea\x8b\x04\x82k\x1b\x7e\xce\x25\x1ew\x01\x12\x00\x00\x00\xdb\xb3\x88j\xc1n\xd5\xdc\xba\xc5\x95f\x94\xac\xde\x85\x23\x17\x00\x17\x00\x00\x00\xee\xe1\x2d\x92\xab\x8eO\x7f\x90\x1b\x95\x7b\x95\xac\x1e\xf96HH\xf4\xc8\xe4\xf6\x00\x05\x00\x00\x00\xef\x19\x22?\x01\x00\x0c\x00\x00\x00\x9f\xcd\xed\xff\x873\xca\x0e\xac\xb8\xf1\xc1\x00\x05\x00\x00\x004\xcb\xde\xf8\x26</data></write>
    <read><length>4</length><match><data>\x9aI\xc5o</data></match></read>
    <!-- CHECK match rule -->
    <write><data>\x22\x00\x00\x00M\xae\x7b6he\x80\xed\xd4y\xfe\xe2\xca\x92\xe0\x60\xe5PK\x1ep\x5b\x13\xd6\xde\x01\xad\x1f\xac\x8f\x3d\xf3hH</data></write>
    <read><length>4</length><match><data>\x85\x3b\x08B</data></match></read>
    <!-- WHITELIST -->
    <write><data>\x22\x00\x00\x00\x9f\x05\xa5\x0f\xa0c\xb1\x2b\xe3X\x5b\xc5\x182\x2cD\x24\x1f\x9c\xf4f\x29\x24q\x99\xf7\x8a\x1a\xc3Y\x2bq6\x13</data></write>
    <read><length>4</length><match><data>\x9aI\xc5o</data></match></read>
    <!-- CHECK match rule -->
    <write><data>\x1d\x00\x00\x00M\xae\x7b6k\x7fy\xca\x909\x1d\xff8D\x05\xe7\xf1\x8d\xf7\x88E\x1b\xf2\x12N5ay\x2f</data></write>
    <read><length>4</length><match><data>\x85\x3b\x08B</data></match></read>
    <!-- CHECK exe wrapper -->
    <!-- CHECK ok -->
    <write><data>\xe7\x01\x00\x00M\xae\x7b6r\x94\x26N\x7c\x17\x17\x23\x7c\x17\x17\x23\x9c\x01\x00\x00\x18\x19\x17\x23\x27\x00\x00\x00?\x19\x17\x23cO\x02\x00\x60\xe8\x04\x00\x00\x00\xc5\xa2\x0e\xdd\x5b\x81\xebj\xfe\xff\xff\x81\xb3\x00\x00\x00\x00\xa8\x00\x00\x00\x81\xb3\x01\x00\x00\x00\xa8\x00\x00\x00\x81\xb3\x02\x00\x00\x00\xa8\x00\x00\x00\x81\xb3\x03\x00\x00\x00\xa8\x00\x00\x00\x81\xb3\x04\x00\x00\x00\xa8\x00\x00\x00\x81\xb3\x05\x00\x00\x00\xa8\x00\x00\x00\x81\xb3\x06\x00\x00\x00\xa8\x00\x00\x00\x81\xb3\x07\x00\x00\x00\xa8\x00\x00\x00\x81\xb3\x08\x00\x00\x00\xa8\x00\x00\x00\x81\xb3\x09\x00\x00\x00\xa8\x00\x00\x00\x81\xb3\x0a\x00\x00\x00\xa8\x00\x00\x00\x81\xb3\x0b\x00\x00\x00\xa8\x00\x00\x00\x81\xb3\x0c\x00\x00\x00\xa8\x00\x00\x00\x81\xb3\x0d\x00\x00\x00\xa8\x00\x00\x00\x81\xb3\x0e\x00\x00\x00\xa8\x00\x00\x00\x81\xb3\x0f\x00\x00\x00\xa8\x00\x00\x00\x81\xb3\x10\x00\x00\x00\xa8\x00\x00\x00\x81\xb3\x11\x00\x00\x00\xa8\x00\x00\x00\x81\xb3\x12\x00\x00\x00\xa8\x00\x00\x00\x81\xb3\x13\x00\x00\x00\xa8\x00\x00\x00\x81\xb3\x14\x00\x00\x00\xa8\x00\x00\x00\x81\xb3\x15\x00\x00\x00\xa8\x00\x00\x00\x81\xb3\x16\x00\x00\x00\xa8\x00\x00\x00\x81\xb3\x17\x00\x00\x00\xa8\x00\x00\x00\x81\xb3\x18\x00\x00\x00\xa8\x00\x00\x00\x81\xb3\x19\x00\x00\x00\xa8\x00\x00\x00\x81\xb3\x1a\x00\x00\x00\xa8\x00\x00\x00\x81\xb3\x1b\x00\x00\x00\xa8\x00\x00\x00\x81\xb3\x1c\x00\x00\x00\xa8\x00\x00\x00\x81\xb3\x1d\x00\x00\x00\xa8\x00\x00\x00\x81\xb3\x1e\x00\x00\x00\xa8\x00\x00\x00\x81\xb3\x1f\x00\x00\x00\xa8\x00\x00\x00\x81\xb3 \x00\x00\x00\xa8\x00\x00\x00\x81\xb3!\x00\x00\x00\xa8\x00\x00\x00\x81\xb3\x22\x00\x00\x00\xa8\x00\x00\x00\x81\xb3\x23\x00\x00\x00\xa8\x00\x00\x00\x81\xb3\x24\x00\x00\x00\xa8\x00\x00\x00\x81\xb3\x25\x00\x00\x00\xa8\x00\x00\x00\x81\xb3\x26\x00\x00\x00\xa8\x00\x00\x00AIBJa\xcfy\x88YlO\xbc\xe7\x7em\x91 D4X\x14\x9c\x0b\x91\x2d\xdd\x92SS\xd7Z\x1a\xf8\xfce\x07\xa9\xac\xb8\xfc\x1e\xb5P\xd0</data></write>
    <read><length>4</length><match><data>\x9aI\xc5o</data></match></read>
    <!-- UPDATE -->
    <!-- update add -->
    <!-- update remove -->
    <!-- update add -->
    <!-- update add -->
    <!-- update add -->
    <!-- update add -->
    <!-- update add -->
    <!-- update remove -->
    <write><data>\xc1\x00\x00\x00\x1a\xdb\xa70Ff\xcb\xed\x00\x18\x00\x00\x00\x23\xf7\xc2\x7b\xc7\x943\xb9\xf1\x940\x0d\x16\x929C\x13g\xaa\x94a8\xb0\x92\x01\x0e\x00\x00\x00\x9fD8\xa5\x27e\xcd\xf1\xac\x9d\xbfI\x40\xd5\x00\x0f\x00\x00\x00b\xfeD\xc1\xd8\x04\xb5\xb2\xf4\xa8\x0a\x0dO\x24o\x00\x17\x00\x00\x00\x1cdV!\x02Fk\x0f\xb4\x3e\x86\xdf\x29\x1ep\xa1i\x04\x2a\xa97\xa6\x8c\x00\x13\x00\x00\x00\xe6\xe2\x85\x94\xa3e\x5b\xdaZVm\x19\x11\xebM\x7f\x8c\xd5\x14\x00\x0f\x00\x00\x00\x9a\x24\x1d\x7d\xfbQy\xb5u\xd6\x07\xe1\x1c\x7d\x81\x00\x1c\x00\x00\x00BN\xec\xab\xaaV21\x0f\xca\x94\xa2\x81\xf4\xdb\xa2\xeb\x06E\xb85\xd5!\xb4\x3b\xce\x12\x1e\x01\x07\x00\x00\x00\x176E\xf6\x0a9\xce</data></write>
    <read><length>4</length><match><data>\x9aI\xc5o</data></match></read>
    <!-- UPDATE -->
    <!-- update remove -->
    <!-- update add -->
    <!-- update add -->
    <!-- update remove -->
    <!-- update add -->
    <!-- update add -->
    <!-- update add -->
    <!-- update add -->
    <write><data>\x9e\x00\x00\x00\x1a\xdb\xa70\xcct\xcb\xed\x01\x0f\x00\x00\x00\x2f\xc6jz\xa6\x11M\x1a\x7f\xe9\xd5\x24\xaa\x2c\x2f\x00\x06\x00\x00\x00\xb3\xb5\xa8p\x12W\x00\x13\x00\x00\x00\x92\xa9b\xce\xf6\xfdb\x9a\xf1b\x83\x1d\xe1\x5eS\x11xa\xd9\x01\x08\x00\x00\x00\x95\x80\xe5\xfbl\xc4\x0d\xed\x00\x18\x00\x00\x00\x2a\x0a\x08\x88\x80\x1f\xf8C\xbc\xe9\x03\x1c\x08\xac\x99\xa00\xba\xe2\xfby.\x889\x00\x07\x00\x00\x00\x99O\x07\x19\x15\x86M\x00\x14\x00\x00\x00\xe1lw\x29\x26\x5b\xd3u\xc8\xbaK\xdd\x3b\xdeF\x2cq\xabmM\x00\x0b\x00\x00\x00\x91\xed.\x05\x7d\x3e!\x94\xef\xa1e</data></write>
    <read><length>4</length><match><data>\x9aI\xc5o</data></match></read>
    <write><data>\x04\x00\x00\x00\x26\xf1\x60q</data></write>
    <read><length>4</length><match><data>\x9aI\xc5o</data></match></read>
</replay>
</pov>