<?xml version="1.0" standalone="no" ?>
<!DOCTYPE pov SYSTEM "/usr/share/cgc-docs/replay.dtd">
<pov>
<cbid>service</cbid>
<seed>e05ce1cc2ee8409e0d55ea741bf9166b0af8d857832d88de5e2131bd3ad63d6ec80b2aff2ec053a84ccee1cb2a54bb05</seed>
<replay>
    <!-- CHECK ok -->
    <write><data>\x25\x00\x00\x00M\xae\x7b6\xb7\x8b\x19lj\xb1\xc0\xf6\x93\x82H\xa8\xcd\x04\xafy\xad\xb4\xfcE\xce\xc2s\x9a\x7f\xf8\xba8\xff\x9b\x8c\x29\xca</data></write>
    <read><length>4</length><match><data>\x9aI\xc5o</data></match></read>
    <!-- WHITELIST -->
    <write><data>\x19\x00\x00\x00\x9f\x05\xa5\x0f\x5e\x92\xb2\x9f\xee\x88\xf7\xbblH\x93\x7e\x1d\x1d\xc2\xfb\xa6\x99\x9d\xf7\x5d</data></write>
    <read><length>4</length><match><data>\x9aI\xc5o</data></match></read>
    <!-- UPDATE -->
    <!-- update add -->
    <!-- update add -->
    <!-- update add -->
    <!-- update add -->
    <!-- update add -->
    <!-- update add -->
    <!-- update add -->
    <!-- update add -->
    <!-- update add -->
    <!-- update add -->
    <write><data>\xe0\x00\x00\x00\x1a\xdb\xa70VW\xcb\xed\x00\x1c\x00\x00\x00l\xe3\xffb\xc0\xe1?\x15\xf3\xa5\x87\xc9\x83\xa8\xda\x27\xfc\x8d\xe9O\x12\xa8sWf\x2f\xc3\xde\x00\x0a\x00\x00\x00\x16\xf7\x24\xa2E\xcb\x3e\xd1f\x12\x00\x16\x00\x00\x00\xcf\x7ch\x7f\xa6\x9d\xa6\x2b\xfe\x15\xe0\x128\xe8 \xe1\xd81E\x9c\xa8\x22\x00\x0a\x00\x00\x005\x60\xae\xe0\xaf\x3b\xa31\x97\x3d\x00\x16\x00\x00\x00\xebc\x06\xc4m\x19X\xfe\xc5T\x97\xbb\x02\x91t\x2f\xa2\xcb\x11.\xe0?\x00\x0b\x00\x00\x00\xee8\xff0s\xeaK\xe8du\x3c\x00\x09\x00\x00\x00UR4\x9d\xa2\x3c\x93\xf9\x11\x00\x0d\x00\x00\x00T\x03c\x5d\x5b\xa2cY\x8fR\x3cA\xec\x00\x1a\x00\x00\x00\xf0\xe3\x98\x2fj\x99\xd5\xbf\x9a\x19A\x14\x2a\x99\x1f\xb2\xf0l\xa4\xec\xb4\x1e\x8f\xfb\x2f\x40\x00\x0f\x00\x00\x00\x1a A\x40\x5c\xa3\x9a\xcc\x7d\x95\xed\x0aJ\x892</data></write>
    <read><length>4</length><match><data>\x9aI\xc5o</data></match></read>
    <!-- CHECK ok -->
    <write><data>\x11\x00\x00\x00M\xae\x7b6\x0d\x01t\x92q\x94\x91\x19!\xa9\x3erm</data></write>
    <read><length>4</length><match><data>\x9aI\xc5o</data></match></read>
    <!-- WHITELIST -->
    <write><data>\x1b\x00\x00\x00\x9f\x05\xa5\x0f\xed\x5c\xc8\xfeQ\x2cwm\x26\xa2\x10N\x91\xa6\xe4\xf0\xd2\x5d\x3d\xf01\xcd5</data></write>
    <read><length>4</length><match><data>\x9aI\xc5o</data></match></read>
    <!-- CHECK ok -->
    <write><data>\x1b\x00\x00\x00M\xae\x7b6\xabP\x97\x14\xda!\x0bTC\xc6\xf5\xa3\xd2\x5d\xcc\xfb\xf4\xa4\xcbIv\x12\x0b</data></write>
    <read><length>4</length><match><data>\x9aI\xc5o</data></match></read>
    <!-- UPDATE -->
    <!-- update add -->
    <!-- update add -->
    <!-- update remove -->
    <!-- update add -->
    <!-- update remove -->
    <!-- update add -->
    <!-- update add -->
    <!-- update add -->
    <!-- update add -->
    <!-- update add -->
    <write><data>\xe3\x00\x00\x00\x1a\xdb\xa70\xdfY\xcb\xed\x00\x08\x00\x00\x00\xdaH\xf4jKk\xde\x87\x00\x1e\x00\x00\x00\x2d\xa7\x2d\x7b\xfe\x09aP5\x3dz\x9b\xf7\xb1\xb1\x93\xb1\xa0k!\x7f\x0b\xc4\x15Q\x60\xf3\xf7e\x7f\x01\x16\x00\x00\x00\xcf\x7ch\x7f\xa6\x9d\xa6\x2b\xfe\x15\xe0\x128\xe8 \xe1\xd81E\x9c\xa8\x22\x00\x0e\x00\x00\x003\xd6\xcd\x0e\xd2\x2am\xc7\xe2\x5d\xcdO\xc6\x28\x01\x09\x00\x00\x00UR4\x9d\xa2\x3c\x93\xf9\x11\x00\x1c\x00\x00\x00\x8b\x28\x10b\xdfu\x82\xe7\x06\x7d\x97\x10\x23\xeb7\x8f\xac\x11\xbd\x02\xac\xdex\x00\xa9v\x83\x8f\x00\x14\x00\x00\x00\xa8\xb2F\x90u\x7e\x25\x9do\xcc\xf4\xc1d\x10mZ2\x3b\x19H\x00\x19\x00\x00\x00xxI\xf9\x92\x12\xca:\xb5\x17\x02\x12\x2a\xb9\xf7\xad\x16N\x93h\x18\xa6b\x9b\x9b\x00\x05\x00\x00\x00K\x27\x0aU\xa4\x00\x08\x00\x00\x007d\xc0\x93\x0c\xdaV\x8b</data></write>
    <read><length>4</length><match><data>\x9aI\xc5o</data></match></read>
    <!-- CHECK match rule -->
    <write><data>\x0e\x00\x00\x00M\xae\x7b6XC\xdaH\xf4jKk\xde\x87</data></write>
    <read><length>4</length><match><data>\x85\x3b\x08B</data></match></read>
    <!-- CHECK ok -->
    <write><data>\x26\x00\x00\x00M\xae\x7b6k\xc3\xe3\xd3\x0f\x1f\xd8t\x1fbnz\x0e\x23\xcd\x24\x28\x85\x26\x1a\x5bL\x3e\x0a\xe5\x5b\xfb\x13\xeb\xf6\xd0\xdfW\xd8</data></write>
    <read><length>4</length><match><data>\x9aI\xc5o</data></match></read>
    <!-- CHECK match rule -->
    <write><data>!\x00\x00\x00M\xae\x7b6\x12\xd4\xc6\x23\xd7\x7d\x9bu3\xd6\xcd\x0e\xd2\x2am\xc7\xe2\x5d\xcdO\xc6\x28\xf5\xe4\x7e:\xe4\xb8\x27</data></write>
    <read><length>4</length><match><data>\x85\x3b\x08B</data></match></read>
    <!-- UPDATE -->
    <!-- update add -->
    <!-- update add -->
    <!-- update add -->
    <!-- update add -->
    <!-- update add -->
    <!-- update remove -->
    <write><data>\x82\x00\x00\x00\x1a\xdb\xa70\xb9\x7e\xcb\xed\x00\x08\x00\x00\x00\x92Mh\xa9\x19\x01\xe7\xdb\x00\x0f\x00\x00\x00\xfb\xden\x7b\x1c \xc4\x9f\xff\x8a\x85yQh\x7b\x00\x0b\x00\x00\x00\x5b\x60a\x9d\xa8\x3e\xe1\x24\x22?\xfb\x00\x17\x00\x00\x00 \x82\x9b\xd8\x11\x09.\xcb\xe4\x89\xe55hF\xfd\xea!\x03\x5bbi\xb8\xad\x00\x0a\x00\x00\x00\x19\xe03\x2bJuI\x7c\x26\xa0\x01\x19\x00\x00\x00xxI\xf9\x92\x12\xca:\xb5\x17\x02\x12\x2a\xb9\xf7\xad\x16N\x93h\x18\xa6b\x9b\x9b</data></write>
    <read><length>4</length><match><data>\x9aI\xc5o</data></match></read>
    <!-- UPDATE -->
    <!-- update add -->
    <!-- update add -->
    <!-- update add -->
    <!-- update add -->
    <!-- update add -->
    <!-- update add -->
    <write><data>\x8a\x00\x00\x00\x1a\xdb\xa70\xaau\xcb\xed\x00\x08\x00\x00\x00\x89F\xa6\x5f\x26\x18\x97\xd6\x00\x07\x00\x00\x00R\xa1\xfb\x8fp\xe4\xf3\x00\x1a\x00\x00\x00\x7b\xa3w\xabUi\xb6G\x7cz\x278\x94\x9b\xf8\x5b\xb8\x8f\x0e\x0b\xa2\xdft \x7fQ\x00\x1e\x00\x00\x00\x7b\x09\x05\xf2\xfdE\xd7N\xcb\x83\x83\x98\x83\x2a\xe5m\x05\xd7\xfa\xdd\xda\x8b\x40K\x3e\x07\xd7\x5d\x05v\x00\x08\x00\x00\x00\x9f\x0b\xff\xb0\xad\x7c\xd8\x1a\x00\x15\x00\x00\x00\x09I\x1d\xb4\x9a\xc6\xd9\x0a\xe6\xdc\x90\x27\xd8\xaa\xde\x8e\x9dj\x91\xa9\xbd</data></write>
    <read><length>4</length><match><data>\x9aI\xc5o</data></match></read>
    <!-- CHECK ok -->
    <write><data>\x1d\x00\x00\x00M\xae\x7b6\xd2\x9a\xa4\x1a\xd1\xb9\xe7\xdb\x8fa\xee\xe69\xcb\x7d\xbdB\xac\xd2\xa7\x26Kf\x27\xee</data></write>
    <read><length>4</length><match><data>\x9aI\xc5o</data></match></read>
    <!-- WHITELIST -->
    <write><data>\x1e\x00\x00\x00\x9f\x05\xa5\x0f\xc1u\xb9\x96Q\xb4\x0e\x02\xb8\x2cX\x93\xbbB\x2bVn\xe2:5\xdb\xda\xf9\xfb ?</data></write>
    <read><length>4</length><match><data>\x9aI\xc5o</data></match></read>
    <!-- UPDATE -->
    <!-- update add -->
    <!-- update add -->
    <!-- update remove -->
    <!-- update add -->
    <!-- update add -->
    <!-- update add -->
    <write><data>\x92\x00\x00\x00\x1a\xdb\xa70\x26m\xcb\xed\x00\x06\x00\x00\x00\x3b\xbf\xcc\xb8\xc1f\x00\x0b\x00\x00\x00v!\xd9\xe3\xfb\x80\xb2\xc0\xb5\x1f\xb0\x01\x15\x00\x00\x00\x09I\x1d\xb4\x9a\xc6\xd9\x0a\xe6\xdc\x90\x27\xd8\xaa\xde\x8e\x9dj\x91\xa9\xbd\x00\x14\x00\x00\x00E\xc6\xa1\xb0\xbdG\x19\x1c\xbf\x921\x5e4\xe0\x85Y\xd1\xb8\x9b\xf4\x00\x1a\x00\x00\x00\xcd\xe4i\xd3\xbb\xadI\xe3Nn\x87\xf3\x3d\xc9\x23\x3e\xb6\x85\xef\xb5v\xcd\x23\xe5\x85\x3e\x00\x18\x00\x00\x007\xb3\xe9U\x29J\x97\x9bf\xa3\xf4\xf4zj\x16\xe9\xcb\xcb\x00\x1eb\x2d\xc2\x91</data></write>
    <read><length>4</length><match><data>\x9aI\xc5o</data></match></read>
    <!-- WHITELIST -->
    <write><data>\x12\x00\x00\x00\x9f\x05\xa5\x0f\x13\xfa\x9d\x97z\x0d\xc2\x0a\x8bS\x81\x27\x23\xd7</data></write>
    <read><length>4</length><match><data>\x9aI\xc5o</data></match></read>
    <!-- WHITELIST -->
    <write><data> \x00\x00\x00\x9f\x05\xa5\x0f\x0f6\xef\xf3\x8ao\x15\xf1C\x84\xac\xd1\x83\x24\xe6\xf7\xdec\xfb\x29\x90\x22a\x7f\xd8q\x2d7</data></write>
    <read><length>4</length><match><data>\x9aI\xc5o</data></match></read>
    <!-- CHECK ok -->
    <write><data>\x2a\x00\x00\x00M\xae\x7b6\xfe6DU\x7c\x2c\xfb\x9a\x95\xe8\x18\xab\x5cX\x5d\x2b\xbeG\xb6\x91\xffUQo\x24\xb8\xda\x00eE\x5eF\xc5\xc6\x29\xa0\xb4\x18</data></write>
    <read><length>4</length><match><data>\x9aI\xc5o</data></match></read>
    <!-- CHECK match rule -->
    <!-- CHECK exe wrapper -->
    <write><data>\x9c\x00\x00\x00M\xae\x7b6r\x94\x26N\x3e\x82\xe5\x03\x3e\x82\xe5\x03L\x00\x00\x00\x8a\x82\xe5\x03\x2c\x00\x00\x00\xb6\x82\xe5\x03\x18\x3e\x08\x00\x60\xc7\xc3?\x82\xe5\x03\x81\xeb\xb5\xff\xff\xff\x40HAIDLEMDLGO\x90AI\x40H\x89\xda\x81\xc2\x2c\x00\x00\x00\x89\xd99\xd1t\x0d\x81\xb1\x00\x00\x00\x00\x81\x00\x00\x00A\xeb\xefFN\x40HBJBJ\x40HCKEMEMEMa\xec\xd3Sg\x17\x1d\xe1\xba\xdf\xfa\x22\xf6\x2a\xd4\xe87\xc6\xfd\xfb\xa6\xb9\x15\x1ay\xda9\x0e\x8f\x8a\x23\x5e\xf5\xa1\xfe\xd0\xab\x81\x16\x24\x05\x23\x0c\x9f\x0c</data></write>
    <read><length>4</length><match><data>\x85\x3b\x08B</data></match></read>
    <!-- CHECK exe wrapper -->
    <!-- CHECK ok -->
    <write><data>k\x00\x00\x00M\xae\x7b6r\x94\x26N\x5e\xf52\x1f\x5e\xf52\x1f1\x00\x00\x00\x8f\xf52\x1f\x16\x00\x00\x00\xa5\xf52\x1f\xf4j\x0f\x00\x60\xc7\xc3\x5f\xf52\x1f\x81\xeb\xd0\xff\xff\xff\x89\xda\x81\xc2\x16\x00\x00\x00\x89\xd99\xd1t\x0d\x81\xb1\x00\x00\x00\x00k\x00\x00\x00A\xeb\xefEM\x40HCKCKa\xb8\xa2\xa2\xca\x8c\xd2:4\x0c\xe4\xf8\xae:\xc6\x15\x2c\x16o\xbf\xc5\x0e\x9c</data></write>
    <read><length>4</length><match><data>\x9aI\xc5o</data></match></read>
    <!-- CHECK exe wrapper -->
    <!-- CHECK ok -->
    <write><data>\x87\x01\x00\x00M\xae\x7b6r\x94\x26N\xfb\x26\xe8\x08\xfb\x26\xe8\x08F\x01\x00\x00A\x28\xe8\x08\x1d\x00\x00\x00\x5e\x28\xe8\x08\x9eZ\x00\x00\x60\xc7\xc1\xfc\x26\xe8\x08\x81\xe9\xbb\xfe\xff\xff\x40HDL\x81\xb1\x00\x00\x00\x00\x09\x00\x00\x00\x81\xb1\x01\x00\x00\x00\x09\x00\x00\x00\x81\xb1\x02\x00\x00\x00\x09\x00\x00\x00\x81\xb1\x03\x00\x00\x00\x09\x00\x00\x00\x81\xb1\x04\x00\x00\x00\x09\x00\x00\x00\x81\xb1\x05\x00\x00\x00\x09\x00\x00\x00\x81\xb1\x06\x00\x00\x00\x09\x00\x00\x00\x81\xb1\x07\x00\x00\x00\x09\x00\x00\x00\x81\xb1\x08\x00\x00\x00\x09\x00\x00\x00\x81\xb1\x09\x00\x00\x00\x09\x00\x00\x00\x81\xb1\x0a\x00\x00\x00\x09\x00\x00\x00\x81\xb1\x0b\x00\x00\x00\x09\x00\x00\x00\x81\xb1\x0c\x00\x00\x00\x09\x00\x00\x00\x81\xb1\x0d\x00\x00\x00\x09\x00\x00\x00\x81\xb1\x0e\x00\x00\x00\x09\x00\x00\x00\x81\xb1\x0f\x00\x00\x00\x09\x00\x00\x00\x81\xb1\x10\x00\x00\x00\x09\x00\x00\x00\x81\xb1\x11\x00\x00\x00\x09\x00\x00\x00\x81\xb1\x12\x00\x00\x00\x09\x00\x00\x00\x81\xb1\x13\x00\x00\x00\x09\x00\x00\x00\x81\xb1\x14\x00\x00\x00\x09\x00\x00\x00\x81\xb1\x15\x00\x00\x00\x09\x00\x00\x00\x81\xb1\x16\x00\x00\x00\x09\x00\x00\x00\x81\xb1\x17\x00\x00\x00\x09\x00\x00\x00\x81\xb1\x18\x00\x00\x00\x09\x00\x00\x00\x81\xb1\x19\x00\x00\x00\x09\x00\x00\x00\x81\xb1\x1a\x00\x00\x00\x09\x00\x00\x00\x81\xb1\x1b\x00\x00\x00\x09\x00\x00\x00\x81\xb1\x1c\x00\x00\x00\x09\x00\x00\x00AIFNDLFN\x40HDLGOBJDLa\xe8\xe5\xec\x25Z\xcen\x99\x03\xed\x15\xf4\xad\xb1\x0e\xe3\x2b\xc0\x16\x7f\xb2KC\x98r\x23\x88\x0e\x3c</data></write>
    <read><length>4</length><match><data>\x9aI\xc5o</data></match></read>
    <!-- UPDATE -->
    <!-- update add -->
    <!-- update add -->
    <!-- update add -->
    <!-- update add -->
    <!-- update remove -->
    <!-- update remove -->
    <!-- update remove -->
    <write><data>\xa3\x00\x00\x00\x1a\xdb\xa70\x9dk\xcb\xed\x00\x07\x00\x00\x007\xc5\x0b6\xa4\x23\xf1\x00\x0e\x00\x00\x00b\x9b\x0f2\xa8Uy\xc8\xc8!\xd8u\xaen\x00\x1c\x00\x00\x00v\xed\x88\xfe\xc1\xa3\xb6\xc7\xf4\x5chY\x05\x10\xf6\xb2P\x19\x5c\x9e\xb4e\x1dt\x25x\x82\xa1\x00\x13\x00\x00\x00\x8eWZ\xe9Y\xa5\xbdo\xc8\xe0B\xdc\xc3\x2a\xe3\xc0v\x87\xe6\x01\x08\x00\x00\x00\x89F\xa6\x5f\x26\x18\x97\xd6\x01\x1e\x00\x00\x00\x7b\x09\x05\xf2\xfdE\xd7N\xcb\x83\x83\x98\x83\x2a\xe5m\x05\xd7\xfa\xdd\xda\x8b\x40K\x3e\x07\xd7\x5d\x05v\x01\x0e\x00\x00\x003\xd6\xcd\x0e\xd2\x2am\xc7\xe2\x5d\xcdO\xc6\x28</data></write>
    <read><length>4</length><match><data>\x9aI\xc5o</data></match></read>
    <!-- WHITELIST -->
    <write><data>\x10\x00\x00\x00\x9f\x05\xa5\x0f\x1c\xed!Sn\xeb\xbe\xe5\x2a\xbb\xa7\xdb</data></write>
    <read><length>4</length><match><data>\x9aI\xc5o</data></match></read>
    <!-- WHITELIST -->
    <write><data>\x14\x00\x00\x00\x9f\x05\xa5\x0f\xc4\x83\x9aX\xf2U\xab\x0e\xd3\x1b\xbdg\xc6\xa3\xce\x99</data></write>
    <read><length>4</length><match><data>\x9aI\xc5o</data></match></read>
    <!-- WHITELIST -->
    <write><data>\x19\x00\x00\x00\x9f\x05\xa5\x0f\xb6\xdc\xc1\x8b\x00\xae\xa4??\xa7\xb5\x9cj\x85\x9c74\xa2\x2cE\x23</data></write>
    <read><length>4</length><match><data>\x9aI\xc5o</data></match></read>
    <!-- WHITELIST -->
    <write><data>\x1a\x00\x00\x00\x9f\x05\xa5\x0f\xa5o!Hlp\x86\x1d\x88\x22\xaenk\x7dI\xd4\x27v\x19\xb1v\xfb</data></write>
    <read><length>4</length><match><data>\x9aI\xc5o</data></match></read>
    <!-- UPDATE -->
    <!-- update add -->
    <!-- update remove -->
    <!-- update remove -->
    <!-- update add -->
    <!-- update add -->
    <!-- update add -->
    <!-- update remove -->
    <write><data>\x95\x00\x00\x00\x1a\xdb\xa70bv\xcb\xed\x00\x17\x00\x00\x00\x10\x0bW\x1e\x1d\xeb\x11\xd8\xc7\x04\x98\xf4\xa2\x1a\x1c\x87\xdc\x0b\xcd9\xcc\xed\x5e\x01\x0d\x00\x00\x00T\x03c\x5d\x5b\xa2cY\x8fR\x3cA\xec\x01\x0f\x00\x00\x00\xfb\xden\x7b\x1c \xc4\x9f\xff\x8a\x85yQh\x7b\x00\x18\x00\x00\x00?\xc2\x09\xeaA\x1c\xcf\xca\x5c\xe1\xc1\xeb\x8a2\x9e\x89\xb1\xfcS\xaeK \x2f\xb6\x00\x0f\x00\x00\x00\xa1P\xa8\x80\x2a\x0bq\x2b\x15\xa7J\x93\xd5df\x00\x08\x00\x00\x00\xdb\xb2\xa3\x8b\xbbw\xa5\x2b\x01\x08\x00\x00\x007d\xc0\x93\x0c\xdaV\x8b</data></write>
    <read><length>4</length><match><data>\x9aI\xc5o</data></match></read>
    <!-- UPDATE -->
    <!-- update add -->
    <!-- update add -->
    <!-- update add -->
    <!-- update add -->
    <!-- update add -->
    <!-- update add -->
    <!-- update add -->
    <!-- update remove -->
    <write><data>\xc6\x00\x00\x00\x1a\xdb\xa70:a\xcb\xed\x00\x10\x00\x00\x00sj\xbe\x94\x93\xd3\x9fY\x85q\x0byo\xabVD\x00\x18\x00\x00\x00\xbd\xaa\xbb\x8ck\x5c\x1a\xea\xaej\xf5o\x87D\xeb\x1a\x3d\xfe\x28\x0f\x12\x3e\xa8\x89\x00\x18\x00\x00\x00\xe4\xfan\xff:Q\xacA\x94\xbf\xc0\x04\x81\x91\xf1\x06\x1e\x0bH\xcc\x97\xb6\x0cm\x00\x0e\x00\x00\x00\xa8\x3b\xe4\xf9\x1a\x27\xca\xa2\x3b\xbe\x16\x04vb\x00\x16\x00\x00\x00\xf2\xf3\xcaLv\x3b\x11gOIDMSp\xc5\x2bw\xb3\xf8\x84\xba\xb1\x00\x13\x00\x00\x004\x7c\x8c\xd2\xf6m\xaf\x1e\x3c\x90\x8a\xca\xa0\x1c\x1c\x81\xa5\xf4T\x00\x10\x00\x00\x00\x04\xc0\x13\xff\xc2R\x3e\x2d\x10w\xe6ZX\xcb\x8af\x01\x0f\x00\x00\x00\xa1P\xa8\x80\x2a\x0bq\x2b\x15\xa7J\x93\xd5df</data></write>
    <read><length>4</length><match><data>\x9aI\xc5o</data></match></read>
    <!-- UPDATE -->
    <!-- update add -->
    <!-- update add -->
    <!-- update add -->
    <!-- update add -->
    <!-- update add -->
    <!-- update add -->
    <!-- update add -->
    <!-- update add -->
    <write><data>\xae\x00\x00\x00\x1a\xdb\xa70\x9fj\xcb\xed\x00\x0e\x00\x00\x00j\x8e\xf7\x1d\x06\xdb\xc6\xcfw\x0f\x07Yr\x0d\x00\x08\x00\x00\x00\x11\x7c\x8e\xa8\x1d\x0eT\x1c\x00\x07\x00\x00\x00Q\x9e\xdciq\x84\xa7\x00\x0d\x00\x00\x00v\xaf\x0e6\xec\x07\x83\x02\xe5\x8e\xed4\xb3\x00\x0f\x00\x00\x00\xd14\xdb\xb4\xcd\x7c5\xef\x9eoW\x94\xa6\xeb\xad\x00\x19\x00\x00\x00\xbfK\x1118\xc6\xd7\xccK\xdc\xf6\x8d\x2c\x94\xf9\xf6\xe6\xfeZ\x8c\xdfkS\xea\xbc\x00\x12\x00\x00\x00\x5b\xff\x3dGBa\x0525\x10\x9da\xf2Xn\xf3\xebl\x00\x1a\x00\x00\x00\xe7\x3b\x14\xe75Lu\x18Z\x07\x0d\x10?\xc3\xf1\xafAa\x00\xe7\x97\xf1\x27\xd6\x83\xcb</data></write>
    <read><length>4</length><match><data>\x9aI\xc5o</data></match></read>
    <!-- CHECK match rule -->
    <!-- whitelist -->
    <write><data>.\x00\x00\x00M\xae\x7b6 \x82\x9b\xd8\x11\x09.\xcb\xe4\x89\xe55hF\xfd\xea!\x03\x5bbi\xb8\xad\xbf\xe3\x05\x0fR\x13\xfa\x9d\x97z\x0d\xc2\x0a\x8bS\x81\x27\x23\xd7</data></write>
    <read><length>4</length><match><data>\x9aI\xc5o</data></match></read>
    <!-- CHECK ok -->
    <write><data>\x22\x00\x00\x00M\xae\x7b6\xd9\x93\x97\x98\x2b\xd7\x00r\xd09!\x3d\x2b\xf1G\xab\x9d\xc3\xefb\x3b:e\xee\x2b6I\x0d\xddi</data></write>
    <read><length>4</length><match><data>\x9aI\xc5o</data></match></read>
    <!-- UPDATE -->
    <!-- update add -->
    <!-- update add -->
    <!-- update add -->
    <!-- update add -->
    <!-- update add -->
    <write><data>\x84\x00\x00\x00\x1a\xdb\xa70Yu\xcb\xed\x00\x14\x00\x00\x005\x1cH\x82\xbcf\xbe\x11t\xce\xaa\x10\xbb4\xb0!\x26V\xa7\x0b\x00\x1d\x00\x00\x00\xf8\x97\x28\x10\x03q\x9a\xf5\xb6\xc4\xc6E\x1ej\x2d\xf1\xb8\xa0\xed\xfd\x9a\x12\xac\xbd\x88D\x5f\x15l\x00\x0f\x00\x00\x00\x83\xc8\x9ek\xa5\xef\xbe\x1d\xd5\xc4\xe2\x22\x7d\xb7u\x00\x1e\x00\x00\x00\xd4\x91\xbbx\x2d\xc4\x88\xc0a\xc6\xba\x91\xf7\x09\xacb\xea\x80\xbfe\xbd\xeb\xe8\xd8\x1f\xef\xf1\x3c\x2c\x3e\x00\x05\x00\x00\x00\x3de\xa2\xa1\x04</data></write>
    <read><length>4</length><match><data>\x9aI\xc5o</data></match></read>
    <!-- CHECK match rule -->
    <!-- whitelist -->
    <write><data>\x3d\x00\x00\x00M\xae\x7b6\xbbr: \x82\x9b\xd8\x11\x09.\xcb\xe4\x89\xe55hF\xfd\xea!\x03\x5bbi\xb8\xad\x85\x1b\xc4\x0f6\xef\xf3\x8ao\x15\xf1C\x84\xac\xd1\x83\x24\xe6\xf7\xdec\xfb\x29\x90\x22a\x7f\xd8q\x2d7</data></write>
    <read><length>4</length><match><data>\x9aI\xc5o</data></match></read>
    <!-- UPDATE -->
    <!-- update add -->
    <!-- update remove -->
    <!-- update add -->
    <!-- update add -->
    <!-- update add -->
    <!-- update add -->
    <!-- update remove -->
    <!-- update add -->
    <!-- update remove -->
    <!-- update remove -->
    <write><data>\xdb\x00\x00\x00\x1a\xdb\xa70AW\xcb\xed\x00\x1e\x00\x00\x00\xf85Cs\x96\x05I\xfe\xba\xe2\x90D\x1aZ\xaa\x07\xe6\xea\xc8\xa9xz\x9a\x872\xd9\x8a\xa2bI\x01\x1c\x00\x00\x00l\xe3\xffb\xc0\xe1?\x15\xf3\xa5\x87\xc9\x83\xa8\xda\x27\xfc\x8d\xe9O\x12\xa8sWf\x2f\xc3\xde\x00\x0a\x00\x00\x00\xf9\xd6\x0cEb\x81\xae6\x0c\x14\x00\x0d\x00\x00\x00\x2a\xdc?\xa4\x7fGe\x09\x97\x2a\xa3\x27\xf6\x00\x09\x00\x00\x00\xa9\xbe\xb0\xc8\x22Z8\x0a\x97\x00\x0a\x00\x00\x00\xe9\x5d\x8a\xd4\xc8\x98\xeb\xd7\x9et\x01\x0a\x00\x00\x00\x19\xe03\x2bJuI\x7c\x26\xa0\x00\x0c\x00\x00\x00\xe3\x98q\x8a\x0f\x8a\xe2\x85\x0c6\x94\x1d\x01\x14\x00\x00\x00E\xc6\xa1\xb0\xbdG\x19\x1c\xbf\x921\x5e4\xe0\x85Y\xd1\xb8\x9b\xf4\x01\x13\x00\x00\x004\x7c\x8c\xd2\xf6m\xaf\x1e\x3c\x90\x8a\xca\xa0\x1c\x1c\x81\xa5\xf4T</data></write>
    <read><length>4</length><match><data>\x9aI\xc5o</data></match></read>
    <!-- WHITELIST -->
    <write><data>\x13\x00\x00\x00\x9f\x05\xa5\x0f\x5c\x16\x10:\xc3\xa9\xfcrD\x25\xb5H7\xae\xab</data></write>
    <read><length>4</length><match><data>\x9aI\xc5o</data></match></read>
    <!-- WHITELIST -->
    <write><data>\x22\x00\x00\x00\x9f\x05\xa5\x0f\x95\x1d\xb9\xd1\x3b\xa4\x95\xae3?6\xad\xf6\xb5\xf0\x1b\x60\xa6\xad\x91\xc90\x82\xd1\xfa\xe8W\xc3q\xa9</data></write>
    <read><length>4</length><match><data>\x9aI\xc5o</data></match></read>
    <!-- UPDATE -->
    <!-- update remove -->
    <!-- update remove -->
    <!-- update remove -->
    <!-- update remove -->
    <!-- update add -->
    <write><data>q\x00\x00\x00\x1a\xdb\xa70\x9a\x83\xcb\xed\x01\x0f\x00\x00\x00\xd14\xdb\xb4\xcd\x7c5\xef\x9eoW\x94\xa6\xeb\xad\x01\x05\x00\x00\x00K\x27\x0aU\xa4\x01\x12\x00\x00\x00\x5b\xff\x3dGBa\x0525\x10\x9da\xf2Xn\xf3\xebl\x01\x1a\x00\x00\x00\xe7\x3b\x14\xe75Lu\x18Z\x07\x0d\x10?\xc3\xf1\xafAa\x00\xe7\x97\xf1\x27\xd6\x83\xcb\x00\x10\x00\x00\x00\xcd\x91U?1\x9e\xd0\x91K\x11\xb45\x03\xa3\xc3z</data></write>
    <read><length>4</length><match><data>\x9aI\xc5o</data></match></read>
    <!-- CHECK match rule -->
    <!-- CHECK bad bmp -->
    <write><data>\x92\x00\x00\x00M\xae\x7b6\xc0\xa9\x00\x00\x1c\x00\x01\x00\x985\x22\x5d\x06\xdf?\xd1\xde\x5e\x93\xea0\xf3\x7b\xb6\xf3\x1da\x07uW\x89:\x88N\xe7\xa7H\xa0\x0f\x0f\xc3\xee\x7fg\xe6\x92\x23\xebc\x06\xc4m\x19X\xfe\xc5T\x97\xbb\x02\x91t\x2f\xa2\xcb\x11.\xe0?\xf2\xd2\xfce\x25\xf6\x1d\x95\xfe\xfe\xc8K\xd9\xa0\xa0\xd5\x60\xc0\xc0\xdbU\x93\x87\x11\xb5\x91T\x28\x11\x8dYGN\x2d\x84\x8c\x7e8\xf7 V3\x25\xc1Y\xd9\x7fB\x7f\x0f\x81\xde\x3e\x9d\x12k\xd4\xb7\xb5\x60s\xf7\xbf?\x24\x15\x0c\x05K\x19\x15\xf3\xa1</data></write>
    <read><length>4</length><match><data>\x85\x3b\x08B</data></match></read>
    <!-- UPDATE -->
    <!-- update add -->
    <!-- update add -->
    <!-- update add -->
    <!-- update add -->
    <!-- update remove -->
    <!-- update remove -->
    <!-- update add -->
    <!-- update add -->
    <write><data>\xc3\x00\x00\x00\x1a\xdb\xa70\xa7\x60\xcb\xed\x00\x1c\x00\x00\x00\x0d\xb8\x96dfU\xf9\xd1\x15\xbaK\x94\xa4.\xeek\x80\x97\xc7\xd9\x801\x5dV\xad0\x93\x90\x00\x06\x00\x00\x00\x10\x7cu\xec\xd6\x28\x00\x14\x00\x00\x00\x88n\x7d1\xf1\x95.\x97\x5cJg64B\xb9\xe6\xc3\x24F?\x00\x05\x00\x00\x00T\x7f\x14A\x2b\x01\x0b\x00\x00\x00v!\xd9\xe3\xfb\x80\xb2\xc0\xb5\x1f\xb0\x01\x1d\x00\x00\x00\xf8\x97\x28\x10\x03q\x9a\xf5\xb6\xc4\xc6E\x1ej\x2d\xf1\xb8\xa0\xed\xfd\x9a\x12\xac\xbd\x88D\x5f\x15l\x00\x18\x00\x00\x00\x60\x3b\x8az\x95k\x7b\x82\xf6\xbf\xb5t\xe4\x5d\x0c\x12\x09\x60\xfeB\x60\x22\xe8\xf8\x00\x18\x00\x00\x00\xdc\x9c\x3b\xdc\x8f\x27x\xaa\x98\x7e5\xe1\x10\x07\x87\xa0\x27\x97\xa3\xd0\x0di\xc6E</data></write>
    <read><length>4</length><match><data>\x9aI\xc5o</data></match></read>
    <!-- WHITELIST -->
    <write><data>\x10\x00\x00\x00\x9f\x05\xa5\x0fa2\xa4\x04X\xfd\x99g\xb5\xad\xe3\xaf</data></write>
    <read><length>4</length><match><data>\x9aI\xc5o</data></match></read>
    <!-- WHITELIST -->
    <write><data>\x16\x00\x00\x00\x9f\x05\xa5\x0f\xca\x1dV\x3b\x2c\xcb\x26\xfew\xa7\x14\xc6\xfd\x0c\xf7\xc7Tv</data></write>
    <read><length>4</length><match><data>\x9aI\xc5o</data></match></read>
    <!-- UPDATE -->
    <!-- update remove -->
    <!-- update add -->
    <!-- update remove -->
    <!-- update add -->
    <!-- update add -->
    <!-- update remove -->
    <!-- update remove -->
    <write><data>\x13\x01\x00\x00\x1a\xdb\xa70\x5f\x29\xcb\xed\x01\x80\x00\x00\x00\x96\x3b\x0c\xf1.\xb3\xd4\x92\x7c\x8c\x16\xd3\xbce\x08\xeb\xea\xfb\xf2A.\xee\x1b\x19\xa1\xcd\x93F\xcc\xb5\x0eu\x5b\x1d\x06\xdc6\x7c\xbb\xc3\xe2\xae\xa9\xb2\xd5\xa9\x8cW\x8a\x87\xe2\x13\x8b!\xb0\xee\x0ef\x60\xdf\xa9\x9d\xa0\x22\x2b\xbf\xe4\x2b\xf9\x1b\xd6\xcef\xf0\xc9\x85\xb6\xc1\xf0\xc5\xb6\x40\xbe\x0c:A\x2a\x02\xd8\x26\xcb\xe3\xb7\xba\xad\xe6\xb8\xa4g\xd9\xad\xdf\xc4\x94\x98O\xe1\xf7L\xbb\x1a1\xfe\x89B\x17w\x94h3\x5e\x23\xa5\x8b\xe7\x5f\x86\xfe\x00\x19\x00\x00\x00\xb5\xef\x7d\xd7\x7f\x8b\xd6k\x0d\xd3\xec\x866\x06\xd9\xb6\x85\x3c\xd0\xd5\x5c\xf0\xb0Gk\x01\x1e\x00\x00\x00\xd4\x91\xbbx\x2d\xc4\x88\xc0a\xc6\xba\x91\xf7\x09\xacb\xea\x80\xbfe\xbd\xeb\xe8\xd8\x1f\xef\xf1\x3c\x2c\x3e\x00\x10\x00\x00\x006\xf3\xd3yR\xb6\x81\x90\xafk\x2c\xb4u\xb5\xc3\xae\x00\x07\x00\x00\x00\x8b\xf79\x9b\x8dK\xee\x01\x0d\x00\x00\x00\x2a\xdc?\xa4\x7fGe\x09\x97\x2a\xa3\x27\xf6\x01\x0d\x00\x00\x00v\xaf\x0e6\xec\x07\x83\x02\xe5\x8e\xed4\xb3</data></write>
    <read><length>4</length><match><data>\x9aI\xc5o</data></match></read>
    <!-- CHECK exe wrapper -->
    <!-- CHECK ok -->
    <write><data>d\x00\x00\x00M\xae\x7b6r\x94\x26N\xdds\x28\x0b\xdds\x28\x0b\x2f\x00\x00\x00\x0ct\x28\x0b\x11\x00\x00\x00\x1dt\x28\x0b\xfeB\x0c\x00\x60\xc7\xc1\xdes\x28\x0b\x81\xc1.\x00\x00\x00CKFN\x89\xcb\x81\xc3\x11\x00\x00\x00\x89\xc89\xd8t\x0d\x81\xb0\x00\x00\x00\x00a\x00\x00\x00\x40\xeb\xefCKa9\x1f\x8464e3\xcd\xeae\x00\xb0\x0b\x25\xffV\x92</data></write>
    <read><length>4</length><match><data>\x9aI\xc5o</data></match></read>
    <!-- UPDATE -->
    <!-- update add -->
    <!-- update add -->
    <!-- update remove -->
    <!-- update add -->
    <!-- update add -->
    <!-- update add -->
    <!-- update add -->
    <write><data>\x94\x00\x00\x00\x1a\xdb\xa70\x09t\xcb\xed\x00\x11\x00\x00\x00\xe0\xed\x3d\xa1\xa7\xc9?\x7b\xbe\xa9\xd5\xf5:\xb4\x7c\x89\xdc\x00\x11\x00\x00\x00\xc1\x22tw\x1c\x99XX\xe3\x8f\x87\x83\xf2\xbc\x22f\xe1\x01\x10\x00\x00\x006\xf3\xd3yR\xb6\x81\x90\xafk\x2c\xb4u\xb5\xc3\xae\x00\x11\x00\x00\x002\xc5\x0fF\x24\x88\x14\xdeg\x08A\x86\x7c\x2a\xf6F\x5f\x00\x07\x00\x00\x00\x9ao\xd2\x12C\x2d\xa8\x00\x13\x00\x00\x00\x01\x08\xaf\xdf\x2a\x93Sh\xb0aS\xe7U\xdd\xe9\x1d\x5f\x3d\x7d\x00\x0c\x00\x00\x00\x22\x81\xe6\x98\x96\x09\xef\xc1DD\xddq</data></write>
    <read><length>4</length><match><data>\x9aI\xc5o</data></match></read>
    <!-- WHITELIST -->
    <write><data>\x13\x00\x00\x00\x9f\x05\xa5\x0f\xc2\xee\x85\xb0\x11\x1a\x11\xca\xf3\xdd\xf0\x3c\x28e\xfd</data></write>
    <read><length>4</length><match><data>\x9aI\xc5o</data></match></read>
    <!-- UPDATE -->
    <!-- update add -->
    <!-- update remove -->
    <!-- update add -->
    <!-- update add -->
    <!-- update add -->
    <!-- update add -->
    <!-- update add -->
    <!-- update add -->
    <write><data>\xb5\x00\x00\x00\x1a\xdb\xa70\x92e\xcb\xed\x00\x1c\x00\x00\x00\xc5\xe1\x5e\xd3\xae\x3e\xfd\x13\x14\xde\xb3\x3c\x3e\x23\x0cF\x18\xb1\xc9\xd0\x0c\xe3\xddi\xbfB\x2aP\x01\x16\x00\x00\x00\xf2\xf3\xcaLv\x3b\x11gOIDMSp\xc5\x2bw\xb3\xf8\x84\xba\xb1\x00\x11\x00\x00\x00\xf0\xd9\xafQI\x18\xcdLC\xa3\xf2\x15p\xf1\x9c\x24\xe2\x00\x10\x00\x00\x00\xfb\xde\xfbj\xc2\x0d\x7bO\x11sp\xe4SVL\xd0\x00\x09\x00\x00\x00\xack\x1bv\xd5\x9eEq\xc6\x00\x0e\x00\x00\x00\xc8o\xf83l\xc3\xd1\x95\x19\x2bj0\xef\x29\x00\x13\x00\x00\x00\xb3\x26kr\xac0P\xf7\x22\xcf\x1b\xcdV\xad\x06\x1e\xaaGT\x00\x08\x00\x00\x00\xd9\xb9\xbb\x89F\xfa\xbb\xcc</data></write>
    <read><length>4</length><match><data>\x9aI\xc5o</data></match></read>
    <!-- UPDATE -->
    <!-- update add -->
    <!-- update add -->
    <!-- update add -->
    <!-- update add -->
    <!-- update add -->
    <!-- update add -->
    <write><data>\x88\x00\x00\x00\x1a\xdb\xa70\x19w\xcb\xed\x00\x17\x00\x00\x00o\x91\x2aQq\xb7\x8cD\x80\xec\x22\xe9\x3b\xe6\xf0\x7f\xde\x3c\x23\xab\x3dh\x7d\x00\x09\x00\x00\x00\x7d.\xdd\xd6\x7e\xb8\xba\x29\xa6\x00\x0b\x00\x00\x00l\xb5l\x3cRl\x98\x05d\x9at\x00\x10\x00\x00\x00\xaf\x5f\x99o\x81\x9b\x90\xbd\xec\xeb\xad\x97\xfaXb\xff\x00\x15\x00\x00\x00x\x17\xb4\xa3\xd7\xcbp\xdd\x03\xbb\x0dsn\xa7\xb2\x08\x97\x17Kn\xa5\x00\x12\x00\x00\x00.\xa38\xbf\x04k2h\xe6Yu\xfb\x8e\xd1GF\xf5:</data></write>
    <read><length>4</length><match><data>\x9aI\xc5o</data></match></read>
    <!-- CHECK match rule -->
    <write><data>\x1c\x00\x00\x00M\xae\x7b6\x14\xa2\x06x\x17\xb4\xa3\xd7\xcbp\xdd\x03\xbb\x0dsn\xa7\xb2\x08\x97\x17Kn\xa5</data></write>
    <read><length>4</length><match><data>\x85\x3b\x08B</data></match></read>
    <!-- CHECK match rule -->
    <write><data>\x0e\x00\x00\x00M\xae\x7b6\xafa\x3bT\x7f\x14A\x2bf\x18</data></write>
    <read><length>4</length><match><data>\x85\x3b\x08B</data></match></read>
    <!-- CHECK match rule -->
    <!-- whitelist -->
    <write><data>z\x00\x00\x00M\xae\x7b6\xc0\xa9\x00\x00\x10\x00\x01\x00776:\x1b\xebb\xe1\xfa\xa6\x95\x13\x26\x1c\x1c\xaeJ\xea\x9b\xd9\xb1\x85\x01s\xb0\x94\x3d\x10\xc2b\x03 \xa6\x00\xa3\x7f\x0f:mn\xa2\x16\xf7\x24\xa2E\xcb\x3e\xd1f\x12Ny\xce\x3d\x8a49\x405\x7eE\x5cHK\xc6\xcf\x86\x7f\xf0ye\xe4\x04\x2b\xd5\x2f\xaf\xcd\x24\x95\x1d\xb9\xd1\x3b\xa4\x95\xae3?6\xad\xf6\xb5\xf0\x1b\x60\xa6\xad\x91\xc90\x82\xd1\xfa\xe8W\xc3q\xa9</data></write>
    <read><length>4</length><match><data>\x9aI\xc5o</data></match></read>
    <!-- UPDATE -->
    <!-- update add -->
    <!-- update add -->
    <!-- update remove -->
    <!-- update add -->
    <!-- update add -->
    <!-- update add -->
    <!-- update add -->
    <!-- update add -->
    <!-- update remove -->
    <write><data>\xb2\x00\x00\x00\x1a\xdb\xa70\xf5d\xcb\xed\x00\x11\x00\x00\x00\xb5\xb2\xa9\xaeE\xd5\xccB\xdc\x9eo\xa3\xee\x9aw99\x00\x0e\x00\x00\x00\x8a\x8etS\xcboG\x1a\xdb\x8cj\x5b\xc6\xc3\x01\x10\x00\x00\x00sj\xbe\x94\x93\xd3\x9fY\x85q\x0byo\xabVD\x00\x05\x00\x00\x00\xfdm\xd8f\x1c\x00\x12\x00\x00\x00\x9a\x7d\x8a\x85\x92\xf8\xd3\xa1\xde\x95\x93\x5c\xe6e7\x7c\xb6\xc8\x00\x07\x00\x00\x00\x2a\xe8\x0d\xe4\x3e\x87C\x00\x10\x00\x00\x00\xcb\x17\x1e\xac\xad\xdb\x3d\xaey\xfe\xa5\xe0\x18\xb7\xe4\xb3\x00\x14\x00\x00\x00\xa27\x93\x94g\xb5\x7e\x8f\xcbs\xacu\xc9\x02\xecf\x2a\xfd\x3c\xa7\x01\x0c\x00\x00\x00\x22\x81\xe6\x98\x96\x09\xef\xc1DD\xddq</data></write>
    <read><length>4</length><match><data>\x9aI\xc5o</data></match></read>
    <!-- CHECK exe wrapper -->
    <!-- CHECK ok -->
    <write><data>q\x00\x00\x00M\xae\x7b6r\x94\x26NX\x0eL\x2fX\x0eL\x2f\x3c\x00\x00\x00\x94\x0eL\x2f\x11\x00\x00\x00\xa5\x0eL\x2f\xf6\xbc\x02\x00\x60\xc7\xc0Y\x0eL\x2f\x81\xe8\xc5\xff\xff\xff\x90\x89\xc3\x81\xc3\x11\x00\x00\x00\x89\xc29\xdat\x0d\x81\xb2\x00\x00\x00\x00\xf4\x00\x00\x00B\xeb\xef\x90BJBJBJBJ\x90BJDL\x40HEMa\x402K\xeaGSP\xb5\x86\xefk\x28\x5f\x13\x23i\xa3</data></write>
    <read><length>4</length><match><data>\x9aI\xc5o</data></match></read>
    <!-- WHITELIST -->
    <write><data>\x0f\x00\x00\x00\x9f\x05\xa5\x0fB\xec\xb6\xfc\xb8gy\xcc\x17\xdf\x9f</data></write>
    <read><length>4</length><match><data>\x9aI\xc5o</data></match></read>
    <!-- CHECK match rule -->
    <write><data>\x1b\x00\x00\x00M\xae\x7b6\x1a A\x40\x5c\xa3\x9a\xcc\x7d\x95\xed\x0aJ\x892G\x0e:1t\xf9L\xe0</data></write>
    <read><length>4</length><match><data>\x85\x3b\x08B</data></match></read>
    <!-- CHECK ok -->
    <write><data>!\x00\x00\x00M\xae\x7b6z\x3eAN\xb8c\x5f\x5d\x972\xe3n\x88\xa2\xcc\xd8\xe0\xfbo\x5fyjP\x89\xd8O6\xd6!</data></write>
    <read><length>4</length><match><data>\x9aI\xc5o</data></match></read>
    <!-- CHECK ok -->
    <write><data>\x1b\x00\x00\x00M\xae\x7b6\xea\xf0\xab5 \x23\xb2\xd8yO\x87\x3d\x5c\xaf \xf0y\xb8\xa5\x96\xd9\xf0\x13</data></write>
    <read><length>4</length><match><data>\x9aI\xc5o</data></match></read>
    <!-- WHITELIST -->
    <write><data> \x00\x00\x00\x9f\x05\xa5\x0fY\xdc\xbe\x99\x13\xb1jS\x92l\x3d\x1dK\xc3\x1e\x5cdZ\xa2vU\xe6\xa3.\x90\xde\x5c\x08</data></write>
    <read><length>4</length><match><data>\x9aI\xc5o</data></match></read>
    <!-- UPDATE -->
    <!-- update add -->
    <!-- update add -->
    <!-- update add -->
    <!-- update add -->
    <!-- update add -->
    <!-- update add -->
    <!-- update add -->
    <write><data>\xbc\x00\x00\x00\x1a\xdb\xa70\xcab\xcb\xed\x00\x18\x00\x00\x00sC\xcaWd\x8fi\xd6\x60\xf5g\x1a\xa6\x85p\x5d\xe9u\x99\x04\xfeAp\x5d\x00\x1c\x00\x00\x00\x08C\x10\xeb\xe2\x82\x9a\x29\xc2U\xf2\x9e\x9dUzV\xbc\x8bj\x8f\x24\xbd\x5c\x08\x99\x24O\x8b\x00\x13\x00\x00\x00\x0b1\xe2\xdc\xff4\xe5z\x28\x8c\xefN\xb5a\x81\xa4\x3e\xa7u\x00\x1a\x00\x00\x00\xc9\xbfB\xfdC\x2dV\x26\xbc\x9d9\xfe\x88\xb6\x5b\x88\xd73\x8eI\xd5H\x19\xf6\x3b\xfe\x00\x06\x00\x00\x00\x88\xb9XvT\xa2\x00\x1a\x00\x00\x00D\x27\xf5\x10\xd5\x3c\xa9\xec\xc1\xabB\x82VD1\xed\x03\xfa\x86BeIe\xfde\x1f\x00\x10\x00\x00\x00U\x10\x08\x5f\xa8M\x9f\x5c\x3b\x8d\x15\xa5M\xea\x2c\xa4</data></write>
    <read><length>4</length><match><data>\x9aI\xc5o</data></match></read>
    <!-- WHITELIST -->
    <write><data>\x1f\x00\x00\x00\x9f\x05\xa5\x0f\xf7f\x99\x12\x89\x9eb\x06X\xb6\x829\x896\x8a\xb4\xf9\xb7\x87\xc1\xb7f\xafnrm\x8f</data></write>
    <read><length>4</length><match><data>\x9aI\xc5o</data></match></read>
    <!-- WHITELIST -->
    <write><data>\x0f\x00\x00\x00\x9f\x05\xa5\x0f\xd6m.5\xa5\xb8c\x86\xf3\xa4\x99</data></write>
    <read><length>4</length><match><data>\x9aI\xc5o</data></match></read>
    <!-- CHECK match rule -->
    <write><data>\x24\x00\x00\x00M\xae\x7b6\xcd\xe4i\xd3\xbb\xadI\xe3Nn\x87\xf3\x3d\xc9\x23\x3e\xb6\x85\xef\xb5v\xcd\x23\xe5\x85\x3e\x8e\x28\x8aC\xc9\xcf</data></write>
    <read><length>4</length><match><data>\x85\x3b\x08B</data></match></read>
    <!-- CHECK ok -->
    <write><data>\x0c\x00\x00\x00M\xae\x7b6\xeb\xe0B\xc9\x063\xb1\xc6</data></write>
    <read><length>4</length><match><data>\x9aI\xc5o</data></match></read>
    <!-- CHECK ok -->
    <write><data>\x0c\x00\x00\x00M\xae\x7b6\x5d\x3d3\x14\x8c\x88E\xd1</data></write>
    <read><length>4</length><match><data>\x9aI\xc5o</data></match></read>
    <!-- WHITELIST -->
    <write><data>\x18\x00\x00\x00\x9f\x05\xa5\x0f\xb1\xa8\x7f\xdbOF\xa5\x9c\xde\xdf\x8ezF\x98\x0en\x26c\xc4\x0e</data></write>
    <read><length>4</length><match><data>\x9aI\xc5o</data></match></read>
    <!-- WHITELIST -->
    <write><data>\x0e\x00\x00\x00\x9f\x05\xa5\x0f\x039\xc3 \x5e\x1d\x2c\xedO\xd0</data></write>
    <read><length>4</length><match><data>\x9aI\xc5o</data></match></read>
    <!-- CHECK match rule -->
    <!-- CHECK exe wrapper -->
    <write><data>\xbd\x01\x00\x00M\xae\x7b6r\x94\x26N\x5e\x5b 2\x5e\x5b 2w\x01\x00\x00\xd5\x5c 2\x22\x00\x00\x00\xf7\x5c 2\x8am\x00\x00\x60\xc7\xc3\x5f\x5b 2\x81\xc3v\x01\x00\x00EMEMBJGOGOAIBJ\x40H\x90GO\x81\xb3\x00\x00\x00\x00Q\x00\x00\x00\x81\xb3\x01\x00\x00\x00Q\x00\x00\x00\x81\xb3\x02\x00\x00\x00Q\x00\x00\x00\x81\xb3\x03\x00\x00\x00Q\x00\x00\x00\x81\xb3\x04\x00\x00\x00Q\x00\x00\x00\x81\xb3\x05\x00\x00\x00Q\x00\x00\x00\x81\xb3\x06\x00\x00\x00Q\x00\x00\x00\x81\xb3\x07\x00\x00\x00Q\x00\x00\x00\x81\xb3\x08\x00\x00\x00Q\x00\x00\x00\x81\xb3\x09\x00\x00\x00Q\x00\x00\x00\x81\xb3\x0a\x00\x00\x00Q\x00\x00\x00\x81\xb3\x0b\x00\x00\x00Q\x00\x00\x00\x81\xb3\x0c\x00\x00\x00Q\x00\x00\x00\x81\xb3\x0d\x00\x00\x00Q\x00\x00\x00\x81\xb3\x0e\x00\x00\x00Q\x00\x00\x00\x81\xb3\x0f\x00\x00\x00Q\x00\x00\x00\x81\xb3\x10\x00\x00\x00Q\x00\x00\x00\x81\xb3\x11\x00\x00\x00Q\x00\x00\x00\x81\xb3\x12\x00\x00\x00Q\x00\x00\x00\x81\xb3\x13\x00\x00\x00Q\x00\x00\x00\x81\xb3\x14\x00\x00\x00Q\x00\x00\x00\x81\xb3\x15\x00\x00\x00Q\x00\x00\x00\x81\xb3\x16\x00\x00\x00Q\x00\x00\x00\x81\xb3\x17\x00\x00\x00Q\x00\x00\x00\x81\xb3\x18\x00\x00\x00Q\x00\x00\x00\x81\xb3\x19\x00\x00\x00Q\x00\x00\x00\x81\xb3\x1a\x00\x00\x00Q\x00\x00\x00\x81\xb3\x1b\x00\x00\x00Q\x00\x00\x00\x81\xb3\x1c\x00\x00\x00Q\x00\x00\x00\x81\xb3\x1d\x00\x00\x00Q\x00\x00\x00\x81\xb3\x1e\x00\x00\x00Q\x00\x00\x00\x81\xb3\x1f\x00\x00\x00Q\x00\x00\x00\x81\xb3 \x00\x00\x00Q\x00\x00\x00\x81\xb3!\x00\x00\x00Q\x00\x00\x00\x40Ha1\x94\xb0\x0f\x82\xffo\xacBE\x8f\xe2mor\x5d\x17I\xe0\x98\x81\x5d\xb2\x8c8\xee\x13\x7b\x01\xd9.\x83v\xe5</data></write>
    <read><length>4</length><match><data>\x85\x3b\x08B</data></match></read>
    <!-- CHECK match rule -->
    <write><data>\x2a\x00\x00\x00M\xae\x7b6\x16\xa7\xf3\x13E7\xb3\xe9U\x29J\x97\x9bf\xa3\xf4\xf4zj\x16\xe9\xcb\xcb\x00\x1eb\x2d\xc2\x91\xaf\xe5\x92\xd4Q\x08\x00\xfd\xbc</data></write>
    <read><length>4</length><match><data>\x85\x3b\x08B</data></match></read>
    <!-- WHITELIST -->
    <write><data>\x17\x00\x00\x00\x9f\x05\xa5\x0f4\xe3\xf4\xa5\xfcQ\x14\x2b\x94x\xeb\xb3B\xf7\x9c \xa5Q\x23</data></write>
    <read><length>4</length><match><data>\x9aI\xc5o</data></match></read>
    <!-- WHITELIST -->
    <write><data>\x17\x00\x00\x00\x9f\x05\xa5\x0f\xe6\xf1n\xf4\x3b\x92\xff\xed\xd8\xba\xb8m\xbe\x9f\xf8\x26:\xc2V</data></write>
    <read><length>4</length><match><data>\x9aI\xc5o</data></match></read>
    <!-- UPDATE -->
    <!-- update add -->
    <!-- update add -->
    <!-- update add -->
    <!-- update add -->
    <!-- update add -->
    <!-- update add -->
    <write><data>\x9b\x00\x00\x00\x1a\xdb\xa70\xc2q\xcb\xed\x00\x0f\x00\x00\x00\x3c\x5bC8\x0d\x09\xb2\xd6y\x2c\x2c\x98\x5cr\xff\x00\x1b\x00\x00\x00e\xe6\x5c3\xe4\x7f\xd3\x14\xbb\xc3p\x23\x84\x91\x97\xedA\x28\x9d\xac\xd8\xa4\xa8\x86\x07Ao\x00\x12\x00\x00\x00w\xf6\xadK\x60\x7b\x08\xc1X2p\xff\x9e\x90\xdf\xb2t!\x00\x17\x00\x00\x00\x89\x7f\x9a\x84\x2b\xfaE\x82\xc7\xab\x0a\xc4\xe3\xaeJ \x07\x15\xaes\xaa\x1a\x28\x00\x16\x00\x00\x00B\x29\x9f7cV\x2b:i\x99\xe81\x8cp\x1e\x8b\x19\x8e!\xc6\x9fh\x00\x0c\x00\x00\x00\x98i\x9c\x8d\xe3\xf6\xab\x0e\xe7\xddAI</data></write>
    <read><length>4</length><match><data>\x9aI\xc5o</data></match></read>
    <!-- UPDATE -->
    <!-- update add -->
    <!-- update add -->
    <!-- update add -->
    <!-- update add -->
    <!-- update add -->
    <!-- update add -->
    <!-- update add -->
    <!-- update add -->
    <!-- update remove -->
    <write><data>\xd5\x00\x00\x00\x1a\xdb\xa70\xe0\x5d\xcb\xed\x00\x13\x00\x00\x00\xad\x07\x18\x84U\xb4\x28r\xcfro\x3d\xd8L\xb2\xea\x0c\x00\xe9\x00\x0f\x00\x00\x00\xd2\xc2\x85\xfe\xb7t\xa8\x2c\x129U\xea\xc0\x1c\xca\x00\x13\x00\x00\x00e\xfe\x89\x22\xdf\x3e\xa5\x02aF\xa1\x2b\xb7\xcc\x0e\xe9\x3d\x0cI\x00\x0c\x00\x00\x00\x28M\xb5\x93F\x02\x95\x8eF\x88\xab\xf2\x00\x13\x00\x00\x00\x93\x3e\xb0\x1a0\x86i\x03v5\xaaE\x2f\xbf3\xa9\x2bnb\x00\x1e\x00\x00\x00\xd9a\xaa\xfd\x86\x1a\x18\xf8l\x07\xde\xee\xf8HI\xce\xccFq\x0f\xa6\x5c\x81\xf8n\xd3\xf5\x14\x0e8\x00\x1e\x00\x00\x008RI\xf5\x11\xb8\xc10\x26N\x9b.Dg\xe9\xc3\x5b5p\x91\x02 \x29\xd2\x97\xee\x80\xcfJ\xa1\x00\x0b\x00\x00\x00\xbcY\x8a\xb5\x7c\x2b\xa6\x8di\xe5\x80\x01\x05\x00\x00\x00\x3de\xa2\xa1\x04</data></write>
    <read><length>4</length><match><data>\x9aI\xc5o</data></match></read>
    <!-- CHECK match rule -->
    <write><data>\x1d\x00\x00\x00M\xae\x7b6\xe1yE\x9ft\x82\x0f\xd9\xb9\xbb\x89F\xfa\xbb\xcc\x2aQqxX\x9f\xdc\x88\x5d\x96</data></write>
    <read><length>4</length><match><data>\x85\x3b\x08B</data></match></read>
    <!-- WHITELIST -->
    <write><data>\x1c\x00\x00\x00\x9f\x05\xa5\x0f.\xbc\x24\xb0\x5dv\x89z\xe4\x11l\xfb5\xedE\xbb\x2dO\xfd\x13\x2d:\x82:</data></write>
    <read><length>4</length><match><data>\x9aI\xc5o</data></match></read>
    <!-- UPDATE -->
    <!-- update add -->
    <!-- update add -->
    <!-- update add -->
    <!-- update remove -->
    <!-- update add -->
    <!-- update add -->
    <!-- update remove -->
    <!-- update remove -->
    <!-- update add -->
    <write><data>\xac\x00\x00\x00\x1a\xdb\xa70\xcdm\xcb\xed\x00\x17\x00\x00\x00\xc2\x1d\xfb\xa1G\xc9a\x0al\x2b\xa3\xc9\x96N\xdb6\xac\x838Nn7\xe2\x00\x06\x00\x00\x00\x90\xf8\xb3\x16\x0ed\x00\x10\x00\x00\x00\xf1\x93HW\xfd\x3dm2\xee\x08LF\xec\xc2\xd4\xb1\x01\x0b\x00\x00\x00\xbcY\x8a\xb5\x7c\x2b\xa6\x8di\xe5\x80\x00\x0b\x00\x00\x00\xe6\x19\xbf\xef\x22\xc4P\x26\xee\x82\x84\x00\x12\x00\x00\x00\x3eI.\x19n?\x87\xbb\x5e\xc9\xfbs\x80\xc4\x8a\x27\x94B\x01\x0e\x00\x00\x00\xc8o\xf83l\xc3\xd1\x95\x19\x2bj0\xef\x29\x01\x0e\x00\x00\x00\xa8\x3b\xe4\xf9\x1a\x27\xca\xa2\x3b\xbe\x16\x04vb\x00\x06\x00\x00\x006\x95\xad\x7dy\xd4</data></write>
    <read><length>4</length><match><data>\x9aI\xc5o</data></match></read>
    <!-- CHECK ok -->
    <write><data>\x3e\x00\x00\x00M\xae\x7b6\xc0\xa9\x00\x00\x06\x00\x01\x00\xd8\x03\xa1\x93\xc0\x1c\xce\x8b\xd6\x84\xb1\xa1R\x83\x15\xd8\xc7\x84\x27\xa1\x944A\xe4\xeeE\x15\x2b\x8b\xc1\x89\xde\x7b\xca\xd3\x2f\x5b\x00\x28\xf7M7\x88\x1a\x87\xf7\xcd\xf9b\x13</data></write>
    <read><length>4</length><match><data>\x9aI\xc5o</data></match></read>
    <!-- CHECK match rule -->
    <write><data>\x15\x00\x00\x00M\xae\x7b6\x15\xa5\x9cW\xe9\x5d\x8a\xd4\xc8\x98\xeb\xd7\x9etO\xd1\xf5</data></write>
    <read><length>4</length><match><data>\x85\x3b\x08B</data></match></read>
    <!-- UPDATE -->
    <!-- update add -->
    <!-- update add -->
    <!-- update add -->
    <!-- update add -->
    <!-- update add -->
    <!-- update add -->
    <write><data>\xae\x00\x00\x00\x1a\xdb\xa70\x94f\xcb\xed\x00\x1e\x00\x00\x00k\xb0\x92\xf6\x27\xba\xa5jY\x09\xdcJ\xe8\x81\x03\x17\x0bpj\x7b\x8b\x84!\x10\xb6\xd5\xba\xf3\xf1 \x00\x1b\x00\x00\x00zm\xefP8\x16\xa83\xfe\xa4\xf5\xb3\x5bT\xed\x1bG\x072\x29\x09W\x9a\x8f\xcdq\x89\x00\x16\x00\x00\x00\x0ae\xc4\x12\x94v\x60\x83\x85\xf3\x95\x1fAo\xc8\x0b\xc8\x84\xd89\xc9\x9c\x00\x1c\x00\x00\x00\xf7k\x22\x92\x03\xfc\xbe\xfa\xd9\x29\x5c\x10\xf1\x7cO\x91\x9an\xe4!\x8f\xb4X\xca\x96\x2a\xa6\xfa\x00\x13\x00\x00\x00\x94\xa1\xea\x3e\x80\x5f\x1d\xfc\x8a\x11\xa1\xcd\x2cH\x9d\x05\xec\xfc\xc6\x00\x0a\x00\x00\x00\x9a\x82\x26\x0c1\xc7\x1cH7\x9c</data></write>
    <read><length>4</length><match><data>\x9aI\xc5o</data></match></read>
    <!-- WHITELIST -->
    <write><data>\x10\x00\x00\x00\x9f\x05\xa5\x0f\x24\xdcU\xc1\xd7LA\x23\x5d\x177\x03</data></write>
    <read><length>4</length><match><data>\x9aI\xc5o</data></match></read>
    <!-- CHECK match rule -->
    <write><data>n\x00\x00\x00M\xae\x7b6\xc0\xa9\x00\x00\x0b\x00\x02\x00\xb8e\x25\x01\xf1\xa0 \x3b\xc0k\x25\x1e\xb6\xf0\x1a\xac\xedUi\xc0\x3c\xe0p\xc5\x5e\x28\x97\x84\x16\xfbc\xb6\x5d\x8e\x1b\x16\x0e9\x93\x3e\xb0\x1a0\x86i\x03v5\xaaE\x2f\xbf3\xa9\x2bnb\xcd\xa7\x7f\xf0Y8\x88\x23\x1fKS\xc67\xc2\x40\xb6\xae\x8e\x24\xe9\x91\x8a\x8e\xa2\x3cB\x13\xdb\xec\xdf\xb2\xae\x1a6\x0a\xe2\x8c\x03\xed4\x7e</data></write>
    <read><length>4</length><match><data>\x85\x3b\x08B</data></match></read>
    <!-- UPDATE -->
    <!-- update add -->
    <!-- update add -->
    <!-- update add -->
    <!-- update remove -->
    <!-- update add -->
    <!-- update add -->
    <!-- update add -->
    <!-- update add -->
    <!-- update add -->
    <!-- update add -->
    <write><data>\xd0\x00\x00\x00\x1a\xdb\xa70\x1f\x60\xcb\xed\x00\x0f\x00\x00\x00\xec\x2c\xc3\x88\x29\xcc\xa7\xde\x8az\x3c\xbb\xb4\x2b\x23\x00\x0a\x00\x00\x00\xbc\x02E\x11\x7f\x60Gu\x01\xb9\x00\x17\x00\x00\x00\xe1J\xd0\xf2\xc8\x28d\xb9\x5b\xd4\x7e\xc4\x3e\xeb\xb7\x05\xe5\x09\x0fw\x83\x10\x29\x01\x0b\x00\x00\x00\xe6\x19\xbf\xef\x22\xc4P\x26\xee\x82\x84\x00\x1c\x00\x00\x00\x60\xd4.\x103\x89\xdb\xccMNj1x \x03e\xa3mL\xf2\x85\xd1\x07ve\x5b\x99Q\x00\x05\x00\x00\x00\x1e\xee\x18\x89\xbd\x00\x17\x00\x00\x00\xcfS\xd3\xae\xb0\xd3\xc6\xbe\xe6\xfd\xbe\xe2\x89\x89\x5c0\xd3\xf5C\xf9Rf\x23\x00\x0d\x00\x00\x00\x7fWWSZ\x1a\x9c\x1eO\x60\xbe\x261\x00\x0f\x00\x00\x00 \xc6\xf4T\xc5N\x5d\x2a\xd2\x87\xabWpc\xb8\x00\x07\x00\x00\x000P?\xa5\x03\xbd\xe4</data></write>
    <read><length>4</length><match><data>\x9aI\xc5o</data></match></read>
    <!-- UPDATE -->
    <!-- update add -->
    <!-- update add -->
    <!-- update remove -->
    <!-- update add -->
    <!-- update add -->
    <!-- update add -->
    <write><data>\x85\x00\x00\x00\x1a\xdb\xa70\xd9\x7d\xcb\xed\x00\x0e\x00\x00\x00E\xd3G\x9c\xbc\xac\xc4\x2b\x9c\xfb\x02\x19\x06\xc6\x00\x16\x00\x00\x00\xa0\xfe\xf6DAggg\xc9\x5fN\xd1\xdb\x7b\xfd\x87oF\xa3\x16\xb4\x60\x01\x13\x00\x00\x00\x93\x3e\xb0\x1a0\x86i\x03v5\xaaE\x2f\xbf3\xa9\x2bnb\x00\x0f\x00\x00\x00y\x01y\xb2 \xdb\xfc\x887e\x5e\xa9\xfcCA\x00\x0e\x00\x00\x00\x2f\xad\x87\xf4E\x29\x5b\xe5\x5c\x27\x01\xfaF\x1a\x00\x0b\x00\x00\x00\x16a\xe7\x26\x88r\x06:\x04\xf9\x8d</data></write>
    <read><length>4</length><match><data>\x9aI\xc5o</data></match></read>
    <!-- CHECK ok -->
    <write><data>\x09\x00\x00\x00M\xae\x7b6\x09\xf6A\xd8\x1a</data></write>
    <read><length>4</length><match><data>\x9aI\xc5o</data></match></read>
    <!-- UPDATE -->
    <!-- update remove -->
    <!-- update add -->
    <!-- update add -->
    <!-- update add -->
    <!-- update add -->
    <!-- update remove -->
    <!-- update add -->
    <!-- update add -->
    <!-- update add -->
    <write><data>\xe5\x00\x00\x00\x1a\xdb\xa70\x03O\xcb\xed\x01\x13\x00\x00\x00\x8eWZ\xe9Y\xa5\xbdo\xc8\xe0B\xdc\xc3\x2a\xe3\xc0v\x87\xe6\x00\x0c\x00\x00\x00\xb1\x05\x0a\xecx\x7d\x97Y\x07\xfb\x13C\x00\x1d\x00\x00\x00\xe9b\xfa\xa10\xac6\xdf\x00yO\xc4\xc9\x5d\x96\xc4\x3eT\x17\xc0F\xf0\xa7\xf1h\xe3\xaec\xd3\x00\x13\x00\x00\x00\xcaO\x0e\xa8\xac\x98\xea\xbe\xe5\xe2\x0e\x40\x98\x9c\xd5\x9bT\x2f\x83\x00\x08\x00\x00\x00\x90\xf2\x2b\xa5\x92\xf6\x26C\x01\x10\x00\x00\x00\xcb\x17\x1e\xac\xad\xdb\x3d\xaey\xfe\xa5\xe0\x18\xb7\xe4\xb3\x00\x1d\x00\x00\x00\x9c\x8f\xddj\x86t\xa7\x7e\x03K\x02\x03\x89\xba\xefc\x98\x84\x5f\xa7\x8f\xab0\xab\x3b\x12h\x9e\xb6\x00\x11\x00\x00\x00\xd1\xda\xa6\x18N!2\x22:\x25Zf\x3e\xcf\xa9o\xed\x00\x1b\x00\x00\x00\x0e\x97\xb7\xbf\xee\x8a\xc4\x8aQ\x05\xcce\x8a\x0c\x3c\x16\x2b\x02\x03\xf1E\x28\x7e4\xfcD\xf2</data></write>
    <read><length>4</length><match><data>\x9aI\xc5o</data></match></read>
    <!-- WHITELIST -->
    <write><data>\x0f\x00\x00\x00\x9f\x05\xa5\x0f\xdc\x15\xf0\xec\xb8\x3e\xa0\xe4\xd1\x92\xd0</data></write>
    <read><length>4</length><match><data>\x9aI\xc5o</data></match></read>
    <!-- UPDATE -->
    <!-- update add -->
    <!-- update add -->
    <!-- update remove -->
    <!-- update add -->
    <!-- update add -->
    <!-- update add -->
    <!-- update add -->
    <!-- update add -->
    <write><data>\xab\x00\x00\x00\x1a\xdb\xa70\x1en\xcb\xed\x00\x11\x00\x00\x00CzT\x1e\x079\x8cX\xee\xedFo\xd4\xb0\x8e\xc9\x02\x00\x06\x00\x00\x00\xb4\x06\x15\x95\x17\xe2\x01\x0a\x00\x00\x00\xbc\x02E\x11\x7f\x60Gu\x01\xb9\x00\x09\x00\x00\x00C\xf5X\x0b\x87\xe2\x90\xfa\x89\x00\x07\x00\x00\x00\xd1\xa7\xe6\xc5\x12U\xe6\x00\x11\x00\x00\x00\xef\xeb\x25\xfe\xd7\x86\x13\x2a\x3d6\xb7O\x91\xb2\x18m\xe1\x00\x1b\x00\x00\x00L\xb84\xf0T\x03\xf6!\xad\xb9U\xc3\x04\xc7\x5cN\xde!\x82\xa8\x8f\xc1\x9d\x0b\x26\xb9\x1e\x00\x1e\x00\x00\x00\x1fZ\x04OkC\xf49P\xc7\x8b\x0f\x99\x8d5\xb3\xean\xf0\xee\xfe\x11\x2a\x99J\xf7Ob\xc6\x5b</data></write>
    <read><length>4</length><match><data>\x9aI\xc5o</data></match></read>
    <!-- WHITELIST -->
    <write><data>\x1e\x00\x00\x00\x9f\x05\xa5\x0f\x7du6\x82\x15\xde\xd4d\xfc\x2b!\x40a\xc0\xc5b\x25\xf8\x0b\xf1 \xdb\x85\xf5\xfd\x7c</data></write>
    <read><length>4</length><match><data>\x9aI\xc5o</data></match></read>
    <!-- CHECK match rule -->
    <!-- CHECK exe wrapper -->
    <!-- whitelist -->
    <write><data>\x80\x00\x00\x00M\xae\x7b6r\x94\x26N\x23y\x8d\x06\x23y\x8d\x06\x2c\x00\x00\x00Oy\x8d\x06\x18\x00\x00\x00gy\x8d\x06\xce\xc1\x00\x00\x60\xc7\xc3\x24y\x8d\x06\x81\xeb\xd5\xff\xff\xffAI\xc7\xc1\x18\x00\x00\x00\xc7\xc0\x00\x00\x00\x009\xc8t\x0a\x814\x03\xd7\x00\x00\x00\x40\xeb\xf2CKax\x88N\xb8VLGj\x3b\x3cz\x40\x2d\x8f\xb5\x28\x12\xee\x5c\xd2\x1e\x3d\xe1\xe0.\xbc\x24\xb0\x5dv\x89z\xe4\x11l\xfb5\xedE\xbb\x2dO\xfd\x13\x2d:\x82:</data></write>
    <read><length>4</length><match><data>\x9aI\xc5o</data></match></read>
    <!-- UPDATE -->
    <!-- update add -->
    <!-- update add -->
    <!-- update remove -->
    <!-- update add -->
    <!-- update add -->
    <!-- update add -->
    <!-- update remove -->
    <!-- update add -->
    <!-- update add -->
    <write><data>\xd0\x00\x00\x00\x1a\xdb\xa70\xe0\x5f\xcb\xed\x00\x1b\x00\x00\x00\xf4\x91\xc05\x29\xa7uE\xb3\x3c\x01\xe9O\xb1\xa8\xd1o\xcc\xfb\x8e\x2c\xb8\xba \xa0\x97\x0d\x00\x0e\x00\x00\x00\x01\x25\x240\xf7U\x007\x13\xd4\x8d\xcbDG\x01\x16\x00\x00\x00\xa0\xfe\xf6DAggg\xc9\x5fN\xd1\xdb\x7b\xfd\x87oF\xa3\x16\xb4\x60\x00\x19\x00\x00\x00\xda\x28\xd9\xcc \xfa\xa2\xd9S\x97\x3cru\x3bW\xb4FO\x26\x15\xb3\x1b:\x93\x27\x00\x10\x00\x00\x00\x06u\xf9\x1b\xe5\x7f\x60adw\x96\xbf\x19\x23\xa8\xb0\x00\x0b\x00\x00\x00b\xb2\xbbT\x5c\xde\x86\x96\x24V\x29\x01\x11\x00\x00\x00\xd1\xda\xa6\x18N!2\x22:\x25Zf\x3e\xcf\xa9o\xed\x00\x10\x00\x00\x00D\xd9now\xa0\x08\x99\xae\xa6\xa2Fo\xe3\xddI\x00\x07\x00\x00\x00DBTi\x22\xd6\x84</data></write>
    <read><length>4</length><match><data>\x9aI\xc5o</data></match></read>
    <!-- UPDATE -->
    <!-- update add -->
    <!-- update add -->
    <!-- update add -->
    <!-- update remove -->
    <!-- update add -->
    <write><data>y\x00\x00\x00\x1a\xdb\xa70n\x7b\xcb\xed\x00\x1b\x00\x00\x00\xf0\xe4\x98\x7c\x80N\xd1m\x87\x10\xd7Ab\x7d5\x91\x24\xed\xa4oGvS\xb6K\xa2\xba\x00\x0a\x00\x00\x00\x85g\x3d\xf7\x81\xc3\x82\xf0\xab\xe7\x00\x08\x00\x00\x00\x84\xa4\x5b\xf7?\x8d\xb2\xff\x01\x15\x00\x00\x00x\x17\xb4\xa3\xd7\xcbp\xdd\x03\xbb\x0dsn\xa7\xb2\x08\x97\x17Kn\xa5\x00\x16\x00\x00\x00\x8a\xd0\xd0\xb5\x804w\x0e\xc3\x24\x28k4c\xbb\x8eF\x95t\xdc\x09\xf5</data></write>
    <read><length>4</length><match><data>\x9aI\xc5o</data></match></read>
    <write><data>\x04\x00\x00\x00\x26\xf1\x60q</data></write>
    <read><length>4</length><match><data>\x9aI\xc5o</data></match></read>
</replay>
</pov>