<?xml version="1.0" standalone="no" ?>
<!DOCTYPE pov SYSTEM "/usr/share/cgc-docs/replay.dtd">
<pov>
<cbid>service</cbid>
<seed>8405122bab58b66acfc901977c62f2c265b373f92cf4f404c7da1b98afa73520366a557061dd2bd66b733c861b2caf32</seed>
<replay>
    <delay>50</delay>
    <!-- Bad login attempt -->
    <write><data>\x00</data></write>
    <write><data>\x01</data></write>
    <write><data>\x07</data></write>
    <write><data>a\xf18\xd2T\xe5\x01\xee</data></write>
    <read><length>1</length><match><data>\x00</data></match></read>
    <read><length>1</length><match><data>\x01</data></match></read>
    <read><length>2</length><match><data>\x00\x00</data></match></read>
    <!-- Bad login attempt -->
    <write><data>\x00</data></write>
    <write><data>\x06</data></write>
    <write><data>\x07</data></write>
    <write><data>\xa8\xea\x9c\xb9\x5d\x9b\xb5\x5c\xef\xcb\x96T\x2a</data></write>
    <read><length>1</length><match><data>\x00</data></match></read>
    <read><length>1</length><match><data>\x01</data></match></read>
    <read><length>2</length><match><data>\x00\x00</data></match></read>
    <!-- Bad login attempt -->
    <write><data>\x00</data></write>
    <write><data>\x08</data></write>
    <write><data>\x06</data></write>
    <write><data>D\x96J\x7b\xf9\xf8\x9e\xdc\xd3o\x07\x828\x98</data></write>
    <read><length>1</length><match><data>\x00</data></match></read>
    <read><length>1</length><match><data>\x01</data></match></read>
    <read><length>2</length><match><data>\x00\x00</data></match></read>
    <!-- Successful login attempt -->
    <write><data>\x00</data></write>
    <write><data>\x04</data></write>
    <write><data>\x0a</data></write>
    <write><data>rootrootpasswd</data></write>
    <read><length>1</length><match><data>\x00</data></match></read>
    <read><length>1</length><match><data>\x00</data></match></read>
    <read><length>2</length><match><data>\x00\x00</data></match></read>
    <write><data>\x03</data></write>
    <write><data>J</data></write>
    <write><data>\x09</data></write>
    <write><data>\x83TT\x8f\x7c\xed\x1f\xa4\xb7</data></write>
    <write><data>\xe5\x91\x2a\x86\x0e\x92\x60\xad\x5b\xbc\x14\x90\xec\xeep\xf9O\x01\x1b\x14\xd4\xf8\x2f\xb89u\x2cX\x0d\x03\x5c\x08\x26\xb7\x0b\x07\xf2?\xe4\x7e\xba\x243\x0f\x96\x5d\x9b7\x2b\x99\x81\x60\x25\xb8\x5c\x5b8\xf6aA\xdc\x09\xa4\xf4\xbbV\x01\x07\x2c9\x85\xe4\xb9\xb0</data></write>
    <read><length>1</length><match><data>\x03</data></match></read>
    <read><length>1</length><match><data>\x00</data></match></read>
    <read><length>2</length><match><data>\x00\x00</data></match></read>
    <!-- Bad delete attempt: invalid file -->
    <write><data>\x05</data></write>
    <write><data>\x09</data></write>
    <write><data>cd\x24\x81\xac\x1c\x17\x9b\x9c</data></write>
    <read><length>1</length><match><data>\x05</data></match></read>
    <read><length>1</length><match><data>\x04</data></match></read>
    <read><length>2</length><match><data>\x00\x00</data></match></read>
    <write><data>\x03</data></write>
    <write><data>\x22</data></write>
    <write><data>\x08</data></write>
    <write><data>L\xbd\x16\x16l\xc6\xd6\xbc</data></write>
    <write><data>\x8a\xdc\xc9\xab\x89\xf2y\x82\xcbx\x9e\x5b\x0f \xdeQg\x1b:lx\xd2W\xcdo\xdbr\x0cWW\xb9\xf8\x0a\xb3</data></write>
    <read><length>1</length><match><data>\x03</data></match></read>
    <read><length>1</length><match><data>\x00</data></match></read>
    <read><length>2</length><match><data>\x00\x00</data></match></read>
    <write><data>\x06</data></write>
    <write><data>\x08</data></write>
    <write><data>\x06</data></write>
    <write><data>L\xbd\x16\x16l\xc6\xd6\xbc</data></write>
    <write><data>passwd</data></write>
    <read><length>1</length><match><data>\x06</data></match></read>
    <read><length>1</length><match><data>\x05</data></match></read>
    <read><length>2</length><match><data>\x00\x00</data></match></read>
    <!-- Successful delete attempt -->
    <write><data>\x05</data></write>
    <write><data>\x08</data></write>
    <write><data>L\xbd\x16\x16l\xc6\xd6\xbc</data></write>
    <read><length>1</length><match><data>\x05</data></match></read>
    <read><length>1</length><match><data>\x00</data></match></read>
    <read><length>2</length><match><data>\x00\x00</data></match></read>
    <!-- Bad write append attempt: invalid file -->
    <write><data>\x04</data></write>
    <write><data>\x03</data></write>
    <write><data>\x09</data></write>
    <write><data>\x0b\xb6\x90\xf1\xf2\xe5T\xfem</data></write>
    <write><data>1\x18\x5f</data></write>
    <read><length>1</length><match><data>\x04</data></match></read>
    <read><length>1</length><match><data>\x03</data></match></read>
    <read><length>2</length><match><data>\x00\x00</data></match></read>
    <!-- Successful write attempt -->
    <write><data>\x03</data></write>
    <write><data>\xed</data></write>
    <write><data>\x02</data></write>
    <write><data>\xe7\x1a</data></write>
    <write><data>8R\xbc\x9d\x28\xc4\x5d1\xafc\x3b\xe0\x14\xc7Zr\x1e\x04d\xd9\x7c\x12zL\xf8\x7d\x03\x28\x9e\xb5\x3b\x9c\xaf\xf08\x0d\x2az\x0e1EU\xe09\x1fv\xd2\xb5\xb5\x402\x9eZ8\x19\xdd\x9c\x92\xefS!\x0c\xf6\x90\x28\x22\xd1p\xd6\xcd\xb0M\xc0\xc7\xe4\xf5\x17\xc5\x26\xd9\x1a\xd25N\x2b \xa9\x7e\xeaJW4\x7c\xe2Q\x8b\xcbL\x9e\x16\x40Z\x3d\x82\x5d\x91\xd7Z\x80\xfc0eo\xb7\x14\x90\x88\x1f\xa32\xe5\x87\xcd\xe3\x5d\x3c\xdf\x01\xe6\xd9:x2\x5dig\xdb\x14\xf9\xd3\xc0\xa1\xd8\xa0\xd8\xc8\xcd\x2f\x5d\xefH\x2f\x3c\xfb\x7c\x10U\x09\x0b\xb6\xf1\xd4\xba:\xee\x23v\x18\x5b\xbc\xe7\x88\xb5\xf0C\x0e\xec\x94\x7c\xa2\x9d\xb8\x2bhu\x8e\x99\x5f2p\x18oW\x27\x1e\xcd\x89\xe9\x7b\x8d\xa4\xa3\xea\x0c\x95\x60 \x91V\x89bY\x84\x9fh\xf0\xb0\xdc\xc9\x24\xcaKc\xe5\x07z\x3d\x03\x91T\xcd\x04\x83\xf5P\x5ed</data></write>
    <read><length>1</length><match><data>\x03</data></match></read>
    <read><length>1</length><match><data>\x00</data></match></read>
    <read><length>2</length><match><data>\x00\x00</data></match></read>
    <!-- Successful dir attempt -->
    <write><data>\x01</data></write>
    <read><length>1</length><match><data>\x01</data></match></read>
    <read><length>1</length><match><data>\x00</data></match></read>
    <read><length>2</length><match><data>\x40\x01</data></match></read>
    <read><length>80</length><match><data>Filename                         Owner                            Size     Mode\x0a</data></match></read>
    <read><length>80</length><match><data>\x83TT\x8f\x7c\xed\x1f\xa4\xb7                        root                             74       rw\x2d\x2d\x0a</data></match></read>
    <read><length>80</length><match><data>passwd                           root                             31       rw\x2d\x2d\x0a</data></match></read>
    <read><length>80</length><match><data>\xe7\x1a                               root                             237      rw\x2d\x2d\x0a</data></match></read>
    <!-- Successful read attempt -->
    <write><data>\x02</data></write>
    <write><data>h\x00\x00\x00</data></write>
    <write><data>R</data></write>
    <write><data>\x02</data></write>
    <write><data>\xe7\x1a</data></write>
    <read><length>1</length><match><data>\x02</data></match></read>
    <read><length>1</length><match><data>\x00</data></match></read>
    <read><length>2</length><match><data>R\x00</data></match></read>
    <read><length>82</length><match><data>\x5d\x91\xd7Z\x80\xfc0eo\xb7\x14\x90\x88\x1f\xa32\xe5\x87\xcd\xe3\x5d\x3c\xdf\x01\xe6\xd9:x2\x5dig\xdb\x14\xf9\xd3\xc0\xa1\xd8\xa0\xd8\xc8\xcd\x2f\x5d\xefH\x2f\x3c\xfb\x7c\x10U\x09\x0b\xb6\xf1\xd4\xba:\xee\x23v\x18\x5b\xbc\xe7\x88\xb5\xf0C\x0e\xec\x94\x7c\xa2\x9d\xb8\x2bhu\x8e</data></match></read>
    <!-- Successful delete attempt -->
    <write><data>\x05</data></write>
    <write><data>\x06</data></write>
    <write><data>passwd</data></write>
    <read><length>1</length><match><data>\x05</data></match></read>
    <read><length>1</length><match><data>\x00</data></match></read>
    <read><length>2</length><match><data>\x00\x00</data></match></read>
    <write><data>\x03</data></write>
    <write><data>\x05</data></write>
    <write><data>\x08</data></write>
    <write><data>\xa2\x24\x85\xfe\x1b\xe5vZ</data></write>
    <write><data>\xa8\x84\xbb\xa1\x99</data></write>
    <read><length>1</length><match><data>\x03</data></match></read>
    <read><length>1</length><match><data>\x00</data></match></read>
    <read><length>2</length><match><data>\x00\x00</data></match></read>
    <!-- Successful rename attempt -->
    <write><data>\x06</data></write>
    <write><data>\x08</data></write>
    <write><data>\x07</data></write>
    <write><data>\xa2\x24\x85\xfe\x1b\xe5vZ</data></write>
    <write><data>\xf5\xfc4\xb7\xb6\xcb\xe0</data></write>
    <read><length>1</length><match><data>\x06</data></match></read>
    <read><length>1</length><match><data>\x00</data></match></read>
    <read><length>2</length><match><data>\x00\x00</data></match></read>
    <!-- Successful dir attempt -->
    <write><data>\x01</data></write>
    <read><length>1</length><match><data>\x01</data></match></read>
    <read><length>1</length><match><data>\x00</data></match></read>
    <read><length>2</length><match><data>\x40\x01</data></match></read>
    <read><length>80</length><match><data>Filename                         Owner                            Size     Mode\x0a</data></match></read>
    <read><length>80</length><match><data>\x83TT\x8f\x7c\xed\x1f\xa4\xb7                        root                             74       rw\x2d\x2d\x0a</data></match></read>
    <read><length>80</length><match><data>\xf5\xfc4\xb7\xb6\xcb\xe0                          root                             5        rw\x2d\x2d\x0a</data></match></read>
    <read><length>80</length><match><data>\xe7\x1a                               root                             237      rw\x2d\x2d\x0a</data></match></read>
    <!-- Successful dir attempt -->
    <write><data>\x01</data></write>
    <read><length>1</length><match><data>\x01</data></match></read>
    <read><length>1</length><match><data>\x00</data></match></read>
    <read><length>2</length><match><data>\x40\x01</data></match></read>
    <read><length>80</length><match><data>Filename                         Owner                            Size     Mode\x0a</data></match></read>
    <read><length>80</length><match><data>\x83TT\x8f\x7c\xed\x1f\xa4\xb7                        root                             74       rw\x2d\x2d\x0a</data></match></read>
    <read><length>80</length><match><data>\xf5\xfc4\xb7\xb6\xcb\xe0                          root                             5        rw\x2d\x2d\x0a</data></match></read>
    <read><length>80</length><match><data>\xe7\x1a                               root                             237      rw\x2d\x2d\x0a</data></match></read>
    <!-- Successful write append attempt -->
    <write><data>\x04</data></write>
    <write><data>\x09</data></write>
    <write><data>\x07</data></write>
    <write><data>\xf5\xfc4\xb7\xb6\xcb\xe0</data></write>
    <write><data>\xe5\xe3A\xf1\x23t\xb8J\x98</data></write>
    <read><length>1</length><match><data>\x04</data></match></read>
    <read><length>1</length><match><data>\x00</data></match></read>
    <read><length>2</length><match><data>\x00\x00</data></match></read>
</replay>
</pov>