<?xml version="1.0" standalone="no" ?>
<!DOCTYPE pov SYSTEM "/usr/share/cgc-docs/replay.dtd">
<pov>
<cbid>service</cbid>
<seed>fdaf57563731431d1be78c57718ac8c8af9c8a40d8ff6a64828608f861fe06e1cf8a3ecf0d18a0899984806aec41be5c</seed>
<replay>
    <delay>50</delay>
    <!-- Successful login attempt -->
    <write><data>\x00</data></write>
    <write><data>\x04</data></write>
    <write><data>\x0a</data></write>
    <write><data>rootrootpasswd</data></write>
    <read><length>1</length><match><data>\x00</data></match></read>
    <read><length>1</length><match><data>\x00</data></match></read>
    <read><length>2</length><match><data>\x00\x00</data></match></read>
    <write><data>\x03</data></write>
    <write><data>4</data></write>
    <write><data>\x07</data></write>
    <write><data>\xa1 \xea\x81!\x04\x28</data></write>
    <write><data>\x3b\x40\x1c\x11d N\x86\x0aS9\xf3\xa2\x80\x7e\x5f\xde\x8f\xa4\xab\xe0\xf5\xff\x971\x83\xe5\x83\x8fB\xbeb\xa9\xd6:\x81O\x041cCU\xe9\xe9\xbaM1\x27msp\x90</data></write>
    <read><length>1</length><match><data>\x03</data></match></read>
    <read><length>1</length><match><data>\x00</data></match></read>
    <read><length>2</length><match><data>\x00\x00</data></match></read>
    <!-- Successful write append attempt -->
    <write><data>\x04</data></write>
    <write><data>\x02</data></write>
    <write><data>\x06</data></write>
    <write><data>passwd</data></write>
    <write><data>\x2a\xac</data></write>
    <read><length>1</length><match><data>\x04</data></match></read>
    <read><length>1</length><match><data>\x00</data></match></read>
    <read><length>2</length><match><data>\x00\x00</data></match></read>
    <write><data>\x03</data></write>
    <write><data>\x60</data></write>
    <write><data>\x03</data></write>
    <write><data>\xc6\xbf\x3c</data></write>
    <write><data>\xa2\x91q\x0f\x3e\xb6\x80\x8c\x09\xd4\x94G\x99T\xf5\xab\x9a\xbfz4\x9b\xc3\x3c\xe2\xfe\xfa\x9a\xb7\xd9\xe2\x85\xe6\xe8f\xdb\x22\xcf\xfe42R\x94\xe3\xfe\xd3\xb1\xd29\x1b\x9c\xa0\x1c\xe7\x11\xd7G\xd9\xa0\xe6\x5c\x5f\x95\x2a\xbe\x82\x0a\xa1\x14\x97\x5e\x15\x9a\x17\xb9lz\x1b\x9b\x06\xfeAGt\x7f\x18\xfb\xaf\x3d\xd1\x8c\xc1\x27\x22\x136\xaf</data></write>
    <read><length>1</length><match><data>\x03</data></match></read>
    <read><length>1</length><match><data>\x00</data></match></read>
    <read><length>2</length><match><data>\x00\x00</data></match></read>
    <write><data>\x06</data></write>
    <write><data>\x03</data></write>
    <write><data>\x02</data></write>
    <write><data>\xb1\xe0\x93</data></write>
    <write><data>\xe9Q</data></write>
    <read><length>1</length><match><data>\x06</data></match></read>
    <read><length>1</length><match><data>\x05</data></match></read>
    <read><length>2</length><match><data>\x00\x00</data></match></read>
    <!-- Successful dir attempt -->
    <write><data>\x01</data></write>
    <read><length>1</length><match><data>\x01</data></match></read>
    <read><length>1</length><match><data>\x00</data></match></read>
    <read><length>2</length><match><data>\x40\x01</data></match></read>
    <read><length>80</length><match><data>Filename                         Owner                            Size     Mode\x0a</data></match></read>
    <read><length>80</length><match><data>\xa1 \xea\x81!\x04\x28                          root                             52       rw\x2d\x2d\x0a</data></match></read>
    <read><length>80</length><match><data>passwd                           root                             33       rw\x2d\x2d\x0a</data></match></read>
    <read><length>80</length><match><data>\xc6\xbf\x3c                              root                             96       rw\x2d\x2d\x0a</data></match></read>
    <!-- Successful dir attempt -->
    <write><data>\x01</data></write>
    <read><length>1</length><match><data>\x01</data></match></read>
    <read><length>1</length><match><data>\x00</data></match></read>
    <read><length>2</length><match><data>\x40\x01</data></match></read>
    <read><length>80</length><match><data>Filename                         Owner                            Size     Mode\x0a</data></match></read>
    <read><length>80</length><match><data>\xa1 \xea\x81!\x04\x28                          root                             52       rw\x2d\x2d\x0a</data></match></read>
    <read><length>80</length><match><data>passwd                           root                             33       rw\x2d\x2d\x0a</data></match></read>
    <read><length>80</length><match><data>\xc6\xbf\x3c                              root                             96       rw\x2d\x2d\x0a</data></match></read>
    <!-- Bad write append attempt: invalid file -->
    <write><data>\x04</data></write>
    <write><data>\x09</data></write>
    <write><data>\x04</data></write>
    <write><data>\xe9U\xbah</data></write>
    <write><data>n\xb2\x16\xc6\xf1I\xcb\x02J</data></write>
    <read><length>1</length><match><data>\x04</data></match></read>
    <read><length>1</length><match><data>\x03</data></match></read>
    <read><length>2</length><match><data>\x00\x00</data></match></read>
</replay>
</pov>