<?xml version="1.0" standalone="no" ?>
<!DOCTYPE pov SYSTEM "/usr/share/cgc-docs/replay.dtd">
<pov>
<cbid>service</cbid>
<seed>4c5ff32a34448359f50c201c173a887f206f45df1f10018f724ea224b1eb74ee3116db08f35e42b339c37b0dfa55a42b</seed>
<replay>
    <delay>50</delay>
    <!-- Successful login attempt -->
    <write><data>\x00</data></write>
    <write><data>\x04</data></write>
    <write><data>\x0a</data></write>
    <write><data>rootrootpasswd</data></write>
    <read><length>1</length><match><data>\x00</data></match></read>
    <read><length>1</length><match><data>\x00</data></match></read>
    <read><length>2</length><match><data>\x00\x00</data></match></read>
    <write><data>\x03</data></write>
    <write><data>\x0b</data></write>
    <write><data>\x07</data></write>
    <write><data>\x18\xd13\xa9m\x89\xd7</data></write>
    <write><data>\x08A\xf6\xa1\xab!D\x1a\xa8\xc6\xac</data></write>
    <read><length>1</length><match><data>\x03</data></match></read>
    <read><length>1</length><match><data>\x00</data></match></read>
    <read><length>2</length><match><data>\x00\x00</data></match></read>
    <!-- Bad delete attempt: invalid file -->
    <write><data>\x05</data></write>
    <write><data>\x08</data></write>
    <write><data>\x87\xc3\xaa\x8a\x15\x9b\xd0\x84</data></write>
    <read><length>1</length><match><data>\x05</data></match></read>
    <read><length>1</length><match><data>\x04</data></match></read>
    <read><length>2</length><match><data>\x00\x00</data></match></read>
    <!-- Bad delete attempt: invalid file -->
    <write><data>\x05</data></write>
    <write><data>\x0a</data></write>
    <write><data>\x8e\x60Ke\x96\x85\xdf\xb1r\x9e</data></write>
    <read><length>1</length><match><data>\x05</data></match></read>
    <read><length>1</length><match><data>\x04</data></match></read>
    <read><length>2</length><match><data>\x00\x00</data></match></read>
    <!-- Successful read attempt -->
    <write><data>\x02</data></write>
    <write><data>\x09\x00\x00\x00</data></write>
    <write><data>\x16</data></write>
    <write><data>\x06</data></write>
    <write><data>passwd</data></write>
    <read><length>1</length><match><data>\x02</data></match></read>
    <read><length>1</length><match><data>\x00</data></match></read>
    <read><length>2</length><match><data>\x16\x00</data></match></read>
    <read><length>22</length><match><data>passwd\x0auser:Zqy\x5bKhpvIi</data></match></read>
    <!-- Successful read attempt -->
    <write><data>\x02</data></write>
    <write><data>\x02\x00\x00\x00</data></write>
    <write><data>\x01</data></write>
    <write><data>\x07</data></write>
    <write><data>\x18\xd13\xa9m\x89\xd7</data></write>
    <read><length>1</length><match><data>\x02</data></match></read>
    <read><length>1</length><match><data>\x00</data></match></read>
    <read><length>2</length><match><data>\x01\x00</data></match></read>
    <read><length>1</length><match><data>\xf6</data></match></read>
    <write><data>\x03</data></write>
    <write><data>m</data></write>
    <write><data>\x03</data></write>
    <write><data>HJ!</data></write>
    <write><data>\xd7\xd1f\xfd\xe4\x19x\x86\x9ci\xbe\x91S\xbaR\x0f\xf1B\x0e\xa7Ze\x12\x99\xfa\x88\x5e\xcf\xed\x97\xe2\xe2\xfb\xf9 \xc1n\x14?\xdf\x3dM\xcf\x9d\x17\x92\x9e\x3bC\xa2\xb3X\x8bB8\xc9\xe7\x9fI\x5c\x27\x2c\x2a\x23\x1d\x162\x13t\xbdi\x16CX\x60\xe9\xd0\xe0p\x27\xdany\xac\x8er\xd8\xe5\x98\x84\x15N\x3d\xa6\xf2\x8f\x0a\x80\xa1\xb2\xa5\x03\x9b\x18\x8f\x059\xcf\xb4</data></write>
    <read><length>1</length><match><data>\x03</data></match></read>
    <read><length>1</length><match><data>\x00</data></match></read>
    <read><length>2</length><match><data>\x00\x00</data></match></read>
    <write><data>\x06</data></write>
    <write><data>\x06</data></write>
    <write><data>\x03</data></write>
    <write><data>passwd</data></write>
    <write><data>HJ!</data></write>
    <read><length>1</length><match><data>\x06</data></match></read>
    <read><length>1</length><match><data>\x05</data></match></read>
    <read><length>2</length><match><data>\x00\x00</data></match></read>
</replay>
</pov>