<?xml version="1.0" standalone="no" ?>
<!DOCTYPE pov SYSTEM "/usr/share/cgc-docs/replay.dtd">
<pov>
<cbid>service</cbid>
<seed>4fa5da97f9bf081165c5d8273fb99d98f66feafb210d05e66ed29f554fc965ba17724afb9c905632f156ea3585b837b1</seed>
<replay>
    <delay>50</delay>
    <!-- Bad login attempt -->
    <write><data>\x00</data></write>
    <write><data>\x06</data></write>
    <write><data>\x01</data></write>
    <write><data>\xf6\x60\x7c\x8c\x91T\xb3</data></write>
    <read><length>1</length><match><data>\x00</data></match></read>
    <read><length>1</length><match><data>\x01</data></match></read>
    <read><length>2</length><match><data>\x00\x00</data></match></read>
    <!-- Bad login attempt -->
    <write><data>\x00</data></write>
    <write><data>\x08</data></write>
    <write><data>\x05</data></write>
    <write><data>\xb0H\xa8\xd3a\xe2\x2c\xbf\xc0\xe2\xb3Y\xb4</data></write>
    <read><length>1</length><match><data>\x00</data></match></read>
    <read><length>1</length><match><data>\x01</data></match></read>
    <read><length>2</length><match><data>\x00\x00</data></match></read>
    <!-- Successful login attempt -->
    <write><data>\x00</data></write>
    <write><data>\x04</data></write>
    <write><data>\x0a</data></write>
    <write><data>rootrootpasswd</data></write>
    <read><length>1</length><match><data>\x00</data></match></read>
    <read><length>1</length><match><data>\x00</data></match></read>
    <read><length>2</length><match><data>\x00\x00</data></match></read>
    <!-- Bad read attempt: invalid file -->
    <write><data>\x02</data></write>
    <write><data>\x00\x00\x00\x00</data></write>
    <write><data>\x00</data></write>
    <write><data>\x06</data></write>
    <write><data>oH\xaf\x80\x09a</data></write>
    <read><length>1</length><match><data>\x02</data></match></read>
    <read><length>1</length><match><data>\x03</data></match></read>
    <read><length>2</length><match><data>\x00\x00</data></match></read>
    <!-- Successful dir attempt -->
    <write><data>\x01</data></write>
    <read><length>1</length><match><data>\x01</data></match></read>
    <read><length>1</length><match><data>\x00</data></match></read>
    <read><length>2</length><match><data>\xa0\x00</data></match></read>
    <read><length>80</length><match><data>Filename                         Owner                            Size     Mode\x0a</data></match></read>
    <read><length>80</length><match><data>passwd                           root                             31       rw\x2d\x2d\x0a</data></match></read>
    <!-- Successful dir attempt -->
    <write><data>\x01</data></write>
    <read><length>1</length><match><data>\x01</data></match></read>
    <read><length>1</length><match><data>\x00</data></match></read>
    <read><length>2</length><match><data>\xa0\x00</data></match></read>
    <read><length>80</length><match><data>Filename                         Owner                            Size     Mode\x0a</data></match></read>
    <read><length>80</length><match><data>passwd                           root                             31       rw\x2d\x2d\x0a</data></match></read>
    <!-- Successful write attempt -->
    <write><data>\x03</data></write>
    <write><data>\x9a</data></write>
    <write><data>\x02</data></write>
    <write><data>\x9d\xb8</data></write>
    <write><data>\xd9P\x0ak\xd7\x25y\x8f\xadD\xe6o\xa2\x12\xc5l\xa6\x7b\xd8\x04k\x18b\xed\xcf\x8c\x16\xa6\x9ay\xd4\xee\xa0X\xb2c\xc8w\xd8C\xa1\x22\x1c\xce\xa5\xe7\x81\x23\xecPI\x0e\xf1IJ\xc8N\x92\x1a\xb7\xd1p\x8fi\x01\xb8\xc9\x84\x1e\x7f\x5c\xc1\x0e\x19\xa0\xd6\xcb\x9a\xa2\x10\xed\x40\xae\xee\x8b\x2f\x1c\x83C\x81\x13\x0ep\x06\xec\x25\xad\xcc\x0bf\x01\xcde\xe5J\xfa\x1f\xebM\xbbV\x97gd\xc1\xd1N2y\x1e\xc0\x5f6\xb7\xffV\x88\x86\x3cXW\xf4Cq\x02\x13\xbe\x8e\xabr\x1aA\x93:2\x1bL\x7c\xb1jh\xecQi</data></write>
    <read><length>1</length><match><data>\x03</data></match></read>
    <read><length>1</length><match><data>\x00</data></match></read>
    <read><length>2</length><match><data>\x00\x00</data></match></read>
    <!-- Successful write attempt -->
    <write><data>\x03</data></write>
    <write><data>\x9d</data></write>
    <write><data>\x07</data></write>
    <write><data>w\x8eE9\x25\x05\xe4</data></write>
    <write><data>\x0dX\xaeT\x8f\x88\x18\xdc\xb6\x92 \x3e\xda\x2fHt\x9e\xbaUb\x9f\x92\xd2\xd7w\xe4\x96\x8eQ\x13\x26\xef\xc6\x8b\x9d9\x7deI\x0e\xf2mb\xb0\xa5\xee\x2aH\x02\xf5\xe2\xab\xb5\xbd\xf6\x2b\x19\xe7U\xbd\xc1\x23\x8f\x15\xad\x08\xda\xed\x10\xbe\xe6\x18\x84\x40\x3e\x9by\xd6\x9e\xcc\x7bK\xf2\xb3i7\x0a\xdec\xdd\xb0\xd5\x1d\x9d\xb7W\x26\xf3\xff\x19B\xa4\x2a\x5f \x9f\xdaX\xaeY\xfd\xaf\x1f\xaa\x02\xee\xbd9X\xe5K\x19\xf8\xe4\xb3\xbc\x1fK\xebSy\xeb\x40\x07M\x93\xbbJ\x15\x60\x60\xc4\x5c\xd6\x9eAE\x0d\x3d\x9b\xe6\x1a\x5b\x1c\xfa\xfbB</data></write>
    <read><length>1</length><match><data>\x03</data></match></read>
    <read><length>1</length><match><data>\x00</data></match></read>
    <read><length>2</length><match><data>\x00\x00</data></match></read>
    <!-- Successful dir attempt -->
    <write><data>\x01</data></write>
    <read><length>1</length><match><data>\x01</data></match></read>
    <read><length>1</length><match><data>\x00</data></match></read>
    <read><length>2</length><match><data>\x40\x01</data></match></read>
    <read><length>80</length><match><data>Filename                         Owner                            Size     Mode\x0a</data></match></read>
    <read><length>80</length><match><data>\x9d\xb8                               root                             154      rw\x2d\x2d\x0a</data></match></read>
    <read><length>80</length><match><data>passwd                           root                             31       rw\x2d\x2d\x0a</data></match></read>
    <read><length>80</length><match><data>w\x8eE9\x25\x05\xe4                          root                             157      rw\x2d\x2d\x0a</data></match></read>
    <!-- Successful write append attempt -->
    <write><data>\x04</data></write>
    <write><data>\x0a</data></write>
    <write><data>\x06</data></write>
    <write><data>passwd</data></write>
    <write><data>k\xd9\xe6\x8bw\x3c\x14\xf2\x89l</data></write>
    <read><length>1</length><match><data>\x04</data></match></read>
    <read><length>1</length><match><data>\x00</data></match></read>
    <read><length>2</length><match><data>\x00\x00</data></match></read>
    <!-- Bad delete attempt: invalid file -->
    <write><data>\x05</data></write>
    <write><data>\x09</data></write>
    <write><data>\xea\xa7G\x5f\x87\xdfp\x16\xb6</data></write>
    <read><length>1</length><match><data>\x05</data></match></read>
    <read><length>1</length><match><data>\x04</data></match></read>
    <read><length>2</length><match><data>\x00\x00</data></match></read>
    <write><data>\x06</data></write>
    <write><data>\x02</data></write>
    <write><data>\x07</data></write>
    <write><data>\xdf\x2f</data></write>
    <write><data>\xfa\xe0\x1dl\x03z.</data></write>
    <read><length>1</length><match><data>\x06</data></match></read>
    <read><length>1</length><match><data>\x05</data></match></read>
    <read><length>2</length><match><data>\x00\x00</data></match></read>
    <!-- Successful write append attempt -->
    <write><data>\x04</data></write>
    <write><data>\x0a</data></write>
    <write><data>\x07</data></write>
    <write><data>w\x8eE9\x25\x05\xe4</data></write>
    <write><data>\x99e\xff\xfb\xdei\x83\xd5\xbf\xb3</data></write>
    <read><length>1</length><match><data>\x04</data></match></read>
    <read><length>1</length><match><data>\x00</data></match></read>
    <read><length>2</length><match><data>\x00\x00</data></match></read>
</replay>
</pov>