<?xml version="1.0" standalone="no" ?>
<!DOCTYPE pov SYSTEM "/usr/share/cgc-docs/replay.dtd">
<pov>
<cbid>service</cbid>
<seed>e70c15a28541568b0e71de31a6467c26d814c574f966f6ef5c8d486749de997d47b91fd4b9b96a057ddd2790b9eb0006</seed>
<replay>
    <delay>50</delay>
    <!-- Successful login attempt -->
    <write><data>\x00</data></write>
    <write><data>\x04</data></write>
    <write><data>\x0a</data></write>
    <write><data>rootrootpasswd</data></write>
    <read><length>1</length><match><data>\x00</data></match></read>
    <read><length>1</length><match><data>\x00</data></match></read>
    <read><length>2</length><match><data>\x00\x00</data></match></read>
    <!-- Successful dir attempt -->
    <write><data>\x01</data></write>
    <read><length>1</length><match><data>\x01</data></match></read>
    <read><length>1</length><match><data>\x00</data></match></read>
    <read><length>2</length><match><data>\xa0\x00</data></match></read>
    <read><length>80</length><match><data>Filename                         Owner                            Size     Mode\x0a</data></match></read>
    <read><length>80</length><match><data>passwd                           root                             31       rw\x2d\x2d\x0a</data></match></read>
</replay>
</pov>