<?xml version="1.0" standalone="no" ?>
<!DOCTYPE pov SYSTEM "/usr/share/cgc-docs/replay.dtd">
<pov>
<cbid>service</cbid>
<seed>349ab2c6e40dd1b6fbe68a1701ecf3a1e7a1cd9b1ad413da48818cf8cfc5106b0bdfd7f40be96fd30cb739e3c20c32ab</seed>
<replay>
    <delay>50</delay>
    <!-- Successful login attempt -->
    <write><data>\x00</data></write>
    <write><data>\x04</data></write>
    <write><data>\x0a</data></write>
    <write><data>rootrootpasswd</data></write>
    <read><length>1</length><match><data>\x00</data></match></read>
    <read><length>1</length><match><data>\x00</data></match></read>
    <read><length>2</length><match><data>\x00\x00</data></match></read>
    <write><data>\x03</data></write>
    <write><data>\x3b</data></write>
    <write><data>\x07</data></write>
    <write><data>\xbd\xff\xd1\xa3v\x93\x3b</data></write>
    <write><data>\x91\x10\xd5\x05\xa156\x3c\xe8\x3b\xb4\x27\x83\xbd\x0a\xb0\xa8g\xc5Z0L\xf3\x02\x7c\xaf\x7e\xc1\xb5\xf7\x3d\x5dr\x3c\x82\x04\xf0bKe\xcdO\xf1\xaf\x23\xa9\xa5\x85\x80W0c\xbe\x87\x8d\x8dD\x2fk</data></write>
    <read><length>1</length><match><data>\x03</data></match></read>
    <read><length>1</length><match><data>\x00</data></match></read>
    <read><length>2</length><match><data>\x00\x00</data></match></read>
    <write><data>\x03</data></write>
    <write><data>\xb4</data></write>
    <write><data>\x08</data></write>
    <write><data>z!a\xf1\xd2rH\x0b</data></write>
    <write><data>S\xcf\xbc\xcb\xf2\xf8\x3b\xc8\xbd\xff\xbb\xe1\x3cA\x26\xe0\xc0\xe5\x8f\x08\x11\xb7\x0d\xbfte\xd4\x5cca\x18\x8b\xa4\xdc\x7c\xc5\xa9\xce\xcf\x1c\xdd\x17\x8dO\x29\x9c\x5f\xe0\x2fw\x86j\x1c\xd3\x97\xa6\xfa\xe0\x0c\xfaN\xe4\xe8uV\xd9\x05n\xea\x0b\x18\xe70\x02!\x98\x2f\xd6\x87\x0e\x2a\xb1\x60\xcd4\xceJvn\xed\xfbD\xe3\xabj\x0ea\xf6\x8c\xd4\x90Q\xc2h\x2bX\x7b\xed\x25\xb6\xd9\x90\x80L\x09\x0f\xd5t.\x2c\x92!\x8f\x40\x0d\xf5\x2a\xe7\x82\xf9\xf8\x15\x06c\x81\x7f\xd3\x2cEX\x1ek\xb0!\x29\xa3\x8cB81\x2a\xf3\xcd\xa0jw\xf9\x3eR\x3ee\x7bm\xa2\x5f\x84\xf3S\x7blR\x8b\xe3\x13\x95\x3c\x8e\xceB\xf8</data></write>
    <read><length>1</length><match><data>\x03</data></match></read>
    <read><length>1</length><match><data>\x00</data></match></read>
    <read><length>2</length><match><data>\x00\x00</data></match></read>
    <write><data>\x06</data></write>
    <write><data>\x06</data></write>
    <write><data>\x08</data></write>
    <write><data>passwd</data></write>
    <write><data>z!a\xf1\xd2rH\x0b</data></write>
    <read><length>1</length><match><data>\x06</data></match></read>
    <read><length>1</length><match><data>\x05</data></match></read>
    <read><length>2</length><match><data>\x00\x00</data></match></read>
    <!-- Successful write attempt -->
    <write><data>\x03</data></write>
    <write><data>N</data></write>
    <write><data>\x0a</data></write>
    <write><data>\x7f\xb3b\xec\xdbu\x9d\xa7\x12D</data></write>
    <write><data>\xa1j\xd83\xef\x9f\xf2\x27y\x9c\x80\xcf\x96\x2c\x7ci\x05w\xf4\xb5\xdc\x0a\xad\x2a\xfe\xb4\xfa\xdc\xc5f\xaew\xba\xf0\xbdq\x25\x9a2v\x88\x9f\xf5\x29g\x2b8\x28\xc6g\xfe\xabKu\xe3\xbc\xab\xa0\x5f\xd1\xde\xf2r9\xc6\x01\xf0\xaf\x95B\xc1\x8aq\x04\x9b\x16\xd7\xfd</data></write>
    <read><length>1</length><match><data>\x03</data></match></read>
    <read><length>1</length><match><data>\x00</data></match></read>
    <read><length>2</length><match><data>\x00\x00</data></match></read>
    <!-- Bad delete attempt: invalid file -->
    <write><data>\x05</data></write>
    <write><data>\x03</data></write>
    <write><data>WL\xa9</data></write>
    <read><length>1</length><match><data>\x05</data></match></read>
    <read><length>1</length><match><data>\x04</data></match></read>
    <read><length>2</length><match><data>\x00\x00</data></match></read>
    <!-- Successful delete attempt -->
    <write><data>\x05</data></write>
    <write><data>\x08</data></write>
    <write><data>z!a\xf1\xd2rH\x0b</data></write>
    <read><length>1</length><match><data>\x05</data></match></read>
    <read><length>1</length><match><data>\x00</data></match></read>
    <read><length>2</length><match><data>\x00\x00</data></match></read>
    <!-- Successful write attempt -->
    <write><data>\x03</data></write>
    <write><data>\xa5</data></write>
    <write><data>\x03</data></write>
    <write><data>\x22\x9c\xba</data></write>
    <write><data>\xac\x8fn\x8c\xe8pI\x0a6\xdf\x29S\x0aA\xb7cz4\xb3\x87\x2a\xe0c\xb4d\x82Y\xc9\x23S\xfd\x85\x9b\x2b\x2fE\xcb\x23\x9e\x86a\x7d6\xea\xfdeB\xaf \x01f\x1e\xb2\x99w\xb7\x93\xbf\x97n\xf3\xe756\xfe\xa3\x7d\x1e\x91s\x99\xf5U\xe8\x2f\xf3:\xe3\x07\x07iO\x5b\xd6U1JM\xe5\xea\x94A\xbd\x7c\x05\x85\x3e\xc8\xed\x23\xe2\xd1\xe0\x99\x93\xd3\x23\x9e\x24\xb8\x7b\x05\xda\xe9\xbf\x8a\x17h\x909\x0ao\xc5\x7e:\xdc\x2f\x8e\x5e\x1d\xf6\xad\xba\x14\xdb\xee\x3b\xbf\xf4\x08\x84LY\x85P\x90J\xd4\xe9i\xce!\x9d\xbf\xd7\x3c\xf8\xde\x90\xce\xf0\x13\xd0Ys</data></write>
    <read><length>1</length><match><data>\x03</data></match></read>
    <read><length>1</length><match><data>\x00</data></match></read>
    <read><length>2</length><match><data>\x00\x00</data></match></read>
    <!-- Bad write append attempt: invalid file -->
    <write><data>\x04</data></write>
    <write><data>\x0a</data></write>
    <write><data>\x08</data></write>
    <write><data>3\x191r5\xc2\x88\x88</data></write>
    <write><data>\xd0\x85\xaa\x8c\x2dm\x12\xc3\x82t</data></write>
    <read><length>1</length><match><data>\x04</data></match></read>
    <read><length>1</length><match><data>\x03</data></match></read>
    <read><length>2</length><match><data>\x00\x00</data></match></read>
    <!-- Successful dir attempt -->
    <write><data>\x01</data></write>
    <read><length>1</length><match><data>\x01</data></match></read>
    <read><length>1</length><match><data>\x00</data></match></read>
    <read><length>2</length><match><data>\x90\x01</data></match></read>
    <read><length>80</length><match><data>Filename                         Owner                            Size     Mode\x0a</data></match></read>
    <read><length>80</length><match><data>\xbd\xff\xd1\xa3v\x93\x3b                          root                             59       rw\x2d\x2d\x0a</data></match></read>
    <read><length>80</length><match><data>passwd                           root                             31       rw\x2d\x2d\x0a</data></match></read>
    <read><length>80</length><match><data>\x22\x9c\xba                              root                             165      rw\x2d\x2d\x0a</data></match></read>
    <read><length>80</length><match><data>\x7f\xb3b\xec\xdbu\x9d\xa7\x12D                       root                             78       rw\x2d\x2d\x0a</data></match></read>
    <!-- Successful write attempt -->
    <write><data>\x03</data></write>
    <write><data>R</data></write>
    <write><data>\x02</data></write>
    <write><data>\x10\x95</data></write>
    <write><data>T\xcb\x10\xed\xediP\x7c\xf6\xbd\xac\x1b\xa3\x0e\x95t\xf6\x10\x7b\x2d\xf6\xd2\xb3\x2aM\xebns\xe3I\x95\x06\x9a\x09\x03\x287\x84\xdb\x07AZ\xec\xb9\xd9\x40eM\x8d\x10\xad\x0e\x0d\x9b\xe0J\x0d\x9c\xf8\xf5\xfd\xd4\xcd\x2f9\xda\x5c\xfax\xfb\xe3q\xc4\x10\x9d\xa2\xb6\x03\x1a\x7fxe</data></write>
    <read><length>1</length><match><data>\x03</data></match></read>
    <read><length>1</length><match><data>\x00</data></match></read>
    <read><length>2</length><match><data>\x00\x00</data></match></read>
    <!-- Successful dir attempt -->
    <write><data>\x01</data></write>
    <read><length>1</length><match><data>\x01</data></match></read>
    <read><length>1</length><match><data>\x00</data></match></read>
    <read><length>2</length><match><data>\xe0\x01</data></match></read>
    <read><length>80</length><match><data>Filename                         Owner                            Size     Mode\x0a</data></match></read>
    <read><length>80</length><match><data>\xbd\xff\xd1\xa3v\x93\x3b                          root                             59       rw\x2d\x2d\x0a</data></match></read>
    <read><length>80</length><match><data>passwd                           root                             31       rw\x2d\x2d\x0a</data></match></read>
    <read><length>80</length><match><data>\x22\x9c\xba                              root                             165      rw\x2d\x2d\x0a</data></match></read>
    <read><length>80</length><match><data>\x7f\xb3b\xec\xdbu\x9d\xa7\x12D                       root                             78       rw\x2d\x2d\x0a</data></match></read>
    <read><length>80</length><match><data>\x10\x95                               root                             82       rw\x2d\x2d\x0a</data></match></read>
    <!-- Successful write append attempt -->
    <write><data>\x04</data></write>
    <write><data>\x02</data></write>
    <write><data>\x02</data></write>
    <write><data>\x10\x95</data></write>
    <write><data>\x2a\xac</data></write>
    <read><length>1</length><match><data>\x04</data></match></read>
    <read><length>1</length><match><data>\x00</data></match></read>
    <read><length>2</length><match><data>\x00\x00</data></match></read>
    <!-- Successful rename attempt -->
    <write><data>\x06</data></write>
    <write><data>\x0a</data></write>
    <write><data>\x02</data></write>
    <write><data>\x7f\xb3b\xec\xdbu\x9d\xa7\x12D</data></write>
    <write><data>\xfb?</data></write>
    <read><length>1</length><match><data>\x06</data></match></read>
    <read><length>1</length><match><data>\x00</data></match></read>
    <read><length>2</length><match><data>\x00\x00</data></match></read>
    <!-- Bad read attempt: invalid offset -->
    <write><data>\x02</data></write>
    <write><data>O\x00\x00\x00</data></write>
    <write><data>\x08</data></write>
    <write><data>\x02</data></write>
    <write><data>\xfb?</data></write>
    <read><length>1</length><match><data>\x02</data></match></read>
    <read><length>1</length><match><data>\x02</data></match></read>
    <read><length>2</length><match><data>\x00\x00</data></match></read>
</replay>
</pov>