<?xml version="1.0" standalone="no" ?>
<!DOCTYPE pov SYSTEM "/usr/share/cgc-docs/replay.dtd">
<pov>
<cbid>service</cbid>
<seed>d603db517d767bdb04a4411d7addf12c02f729766f92c1338f97ae0ddbb03605e89f3f3354c745786530c45cfd584075</seed>
<replay>
    <delay>50</delay>
    <!-- Bad login attempt -->
    <write><data>\x00</data></write>
    <write><data>\x04</data></write>
    <write><data>\x01</data></write>
    <write><data>\x0a\xed\xc1I\x0d</data></write>
    <read><length>1</length><match><data>\x00</data></match></read>
    <read><length>1</length><match><data>\x01</data></match></read>
    <read><length>2</length><match><data>\x00\x00</data></match></read>
    <!-- Successful login attempt -->
    <write><data>\x00</data></write>
    <write><data>\x04</data></write>
    <write><data>\x0a</data></write>
    <write><data>rootrootpasswd</data></write>
    <read><length>1</length><match><data>\x00</data></match></read>
    <read><length>1</length><match><data>\x00</data></match></read>
    <read><length>2</length><match><data>\x00\x00</data></match></read>
    <write><data>\x03</data></write>
    <write><data>w</data></write>
    <write><data>\x09</data></write>
    <write><data>\x3eV\x88\xf0\x7bNE\x05v</data></write>
    <write><data>p\x1e\x26\xf6\xd0b\xfd\xfe\xf4\xb7\x98\x84H\xdc\xf4x\x9d\x09\xff\x14\x7b\x93O\x26 \x81\xe1\xf8\x98r1\x92\xa8M!a\x2c\xd6\x13K\x94O?\x15\xf5F\xf1T\x1a\x034\xec\x1a\xab\xaar\xff\x92\xb2\x8a\x07\xec\x9e\x2fO\x5eh\x96j\xbc\x14\xe2\xd4\x90\x8aH\x84\x1c\x16:\xadf\x7ca\x03\x0fnz \x18\x82\xb8!\xf9\xd0w\x9b\x3bd\xa6qK\xb4\x1ec\xf9i\xb7\x94\xea\xb4?\xb92\xe8AL\x25\xc6</data></write>
    <read><length>1</length><match><data>\x03</data></match></read>
    <read><length>1</length><match><data>\x00</data></match></read>
    <read><length>2</length><match><data>\x00\x00</data></match></read>
    <!-- Bad write append attempt: invalid file -->
    <write><data>\x04</data></write>
    <write><data>\x02</data></write>
    <write><data>\x08</data></write>
    <write><data>\x99\xe0\x8c\x02P1\xf3U</data></write>
    <write><data>\xc6\x94</data></write>
    <read><length>1</length><match><data>\x04</data></match></read>
    <read><length>1</length><match><data>\x03</data></match></read>
    <read><length>2</length><match><data>\x00\x00</data></match></read>
    <!-- Successful write attempt -->
    <write><data>\x03</data></write>
    <write><data>\xfe</data></write>
    <write><data>\x08</data></write>
    <write><data>\xd9\x92\xfb\xd6\xb0b\xf0\x60</data></write>
    <write><data>a\xbc\x15\x5b\x95j1\xab\x92m8\xf0\xef00p\x82\xd5\x178\xa1A\x1e\xe4\x92\x01\x04y\xbb1nyWep\x84S\x3c\xc4Z\xcc\xbdJ\xe2\x13\xf5\xbc\x2d\xbd\x60\x1e\x9b\x90\xe7\xe8\xd6\x8cP\x17\xe6dx\x02\x15\xb5\x25s\x854\x18\x11\x87\x06\xbb\x18\xb3\xda\xb6q\xcaJ\x7e\x241V\x05\x8c\x5c\x13\xe4\x03\xd1\x08x\x29\x2c\xbcr\xb7\x23\x81\xd6q\x1d\x9c\x91I\x94\x29\x16Q\x25\xd9\xd7\x7b\x0c\xb5g\x09\x5f\xdbG\xd2\xb5X\xb0\xed\xe1\x28\xdb\xa8\xa27qc\xca\x2c\x7e\xc17\x8c\xe8?R\x8aGJE\x14\x2a\x9f\xc9\xfbK\x0dMD\x7c\x04\xe5\xa0\x93\xbcXs4J\xa8\xbb\xdb\x5c\x01C\xaf\x9fu\x0e8\xd1\x85\x9am\xdeZ\xc8D\x0a\x3c\x7e\x90\x3d\x96\x19\xb1V\x16w\x8d\xb7P\x9a\xbd\xdbdT\x85\xc5\x99e\xf1K\xc9\x9cU9\xc2\x7d\xea\xc9H\x06\xc5.\xe1o\x5b0\x0b\xc9H\x9c\x3d\xaeLF\x2bM\xaf\x90\x3c\x12\xfa\x04\x26\xbc\xaf6\x15\x3b\xea\x9d\x23\x82g</data></write>
    <read><length>1</length><match><data>\x03</data></match></read>
    <read><length>1</length><match><data>\x00</data></match></read>
    <read><length>2</length><match><data>\x00\x00</data></match></read>
    <write><data>\x06</data></write>
    <write><data>\x09</data></write>
    <write><data>\x09</data></write>
    <write><data>\xe3\xe7\x7fG\xdb\xdeI\xf2\x23</data></write>
    <write><data>T\xf4nu\x60\xe1\xfd\x88D</data></write>
    <read><length>1</length><match><data>\x06</data></match></read>
    <read><length>1</length><match><data>\x05</data></match></read>
    <read><length>2</length><match><data>\x00\x00</data></match></read>
</replay>
</pov>