<?xml version="1.0" standalone="no" ?>
<!DOCTYPE pov SYSTEM "/usr/share/cgc-docs/replay.dtd">
<pov>
<cbid>service</cbid>
<seed>2638daf22c7922bf4bee34c9a472cfa53b06a5149404f7e0171604d94faee6dfe778cb9d301b6d1839fe4e7845f6a727</seed>
<replay>
    <delay>50</delay>
    <!-- Bad login attempt -->
    <write><data>\x00</data></write>
    <write><data>\x08</data></write>
    <write><data>\x09</data></write>
    <write><data>F\x9fo\xb8\xe1\xbe\xd2E\xb2\xef\xa9V\x8f\xb3\x1a\x12\xdf</data></write>
    <read><length>1</length><match><data>\x00</data></match></read>
    <read><length>1</length><match><data>\x01</data></match></read>
    <read><length>2</length><match><data>\x00\x00</data></match></read>
    <!-- Bad login attempt -->
    <write><data>\x00</data></write>
    <write><data>\x05</data></write>
    <write><data>\x07</data></write>
    <write><data>\x1ch\xd2\xe0\xed\x87\xa8\x05\x24\xfe\xb4V</data></write>
    <read><length>1</length><match><data>\x00</data></match></read>
    <read><length>1</length><match><data>\x01</data></match></read>
    <read><length>2</length><match><data>\x00\x00</data></match></read>
    <!-- Bad login attempt -->
    <write><data>\x00</data></write>
    <write><data>\x09</data></write>
    <write><data>\x03</data></write>
    <write><data>\x28\x5e \x93\x8d\x0f\xf1\xc0\xf7 \xda:</data></write>
    <read><length>1</length><match><data>\x00</data></match></read>
    <read><length>1</length><match><data>\x01</data></match></read>
    <read><length>2</length><match><data>\x00\x00</data></match></read>
    <!-- Bad login attempt -->
    <write><data>\x00</data></write>
    <write><data>\x08</data></write>
    <write><data>\x04</data></write>
    <write><data>\x19\xc8\xdd\xa7\xb3\x12\x9f\xe5\x9b\x7b\x83\x1e</data></write>
    <read><length>1</length><match><data>\x00</data></match></read>
    <read><length>1</length><match><data>\x01</data></match></read>
    <read><length>2</length><match><data>\x00\x00</data></match></read>
    <!-- Bad login attempt -->
    <write><data>\x00</data></write>
    <write><data>\x07</data></write>
    <write><data>\x04</data></write>
    <write><data>Cm\xb2:X5Ah\x1by\x40</data></write>
    <read><length>1</length><match><data>\x00</data></match></read>
    <read><length>1</length><match><data>\x01</data></match></read>
    <read><length>2</length><match><data>\x00\x00</data></match></read>
    <!-- Bad login attempt -->
    <write><data>\x00</data></write>
    <write><data>\x04</data></write>
    <write><data>\x0a</data></write>
    <write><data>\x98\x01M\x17\x0e\xa9\x02S\x84Y\xb2iL\x9f</data></write>
    <read><length>1</length><match><data>\x00</data></match></read>
    <read><length>1</length><match><data>\x01</data></match></read>
    <read><length>2</length><match><data>\x00\x00</data></match></read>
    <!-- Successful login attempt -->
    <write><data>\x00</data></write>
    <write><data>\x04</data></write>
    <write><data>\x0a</data></write>
    <write><data>rootrootpasswd</data></write>
    <read><length>1</length><match><data>\x00</data></match></read>
    <read><length>1</length><match><data>\x00</data></match></read>
    <read><length>2</length><match><data>\x00\x00</data></match></read>
    <write><data>\x03</data></write>
    <write><data>\x28</data></write>
    <write><data>\x07</data></write>
    <write><data>\xef\xd1\xfd\x18\x3b\x5dh</data></write>
    <write><data>\x18iT\x7e!Rp\x94H\x1b\xdb\x0d\x17\x94\xca\x84\xdd\xc3\xc6\x85\x22\x7f\xd4D\xc8D\xebm7\x1c\xda\x01\xfc\x2b\xe5S\xdbD\x19\xd5</data></write>
    <read><length>1</length><match><data>\x03</data></match></read>
    <read><length>1</length><match><data>\x00</data></match></read>
    <read><length>2</length><match><data>\x00\x00</data></match></read>
    <!-- Bad delete attempt: invalid file -->
    <write><data>\x05</data></write>
    <write><data>\x08</data></write>
    <write><data>\x8f\x05\xa0o3\x16\x81\xe8</data></write>
    <read><length>1</length><match><data>\x05</data></match></read>
    <read><length>1</length><match><data>\x04</data></match></read>
    <read><length>2</length><match><data>\x00\x00</data></match></read>
    <!-- Successful write attempt -->
    <write><data>\x03</data></write>
    <write><data>\x99</data></write>
    <write><data>\x08</data></write>
    <write><data>N \xdcP\x5e\x7e\xc0M</data></write>
    <write><data>\xf8\xff\xa0\xf0k\x03\xffv5\x0c\xec\xcfc\x23\xe8\x0b\xb4o\xb0\x8a\x28\xe4\x97\xcf\xfa\xb8\xa4\xc3J\x0b\xda\x02\x11\xab\xa2\xe9\x9d\x13\x29\x9f\x01\x2a\x96\xff\xa8\xd2\xe2\xa5\xfad\x82\x23\x81\xb9\xa5\xa8\x8bH\x5b3\xff\xbbG\xc8\xbd\x8bj4\x3c6\xda\xe5Y\xb2X\xfdw\x11\xae\xe6l\x8a\xf8W\xee\x96\x0c\x09\x3d\xc2\xc9\x8f9\xb7\x96\x2c\x9a\x11\x105\x23\x8b\x7d\xc6\x0b\xa1\x1a\x9d\x7d!\x91\xb5\xf7q\x19\x23\xf7\x98\x93\xee\x9c\x3b0k\x96\xb0\x9d\x0dq\xf9\x7d\xd8\xfatX\x2b\x91L\xafV\x05\xb5F\x06\x23\x24\x18Y\x1e\xa2\x09\x1c\xad</data></write>
    <read><length>1</length><match><data>\x03</data></match></read>
    <read><length>1</length><match><data>\x00</data></match></read>
    <read><length>2</length><match><data>\x00\x00</data></match></read>
</replay>
</pov>