<?xml version="1.0" standalone="no" ?>
<!DOCTYPE pov SYSTEM "/usr/share/cgc-docs/replay.dtd">
<pov>
<cbid>service</cbid>
<seed>d3b08f42f6b7cadb20a5e51b2502658e71df218f2829cac8ad4431c31ea9370deaf3287dbe2540b51d0edb0dab0be946</seed>
<replay>
    <delay>50</delay>
    <!-- Successful login attempt -->
    <write><data>\x00</data></write>
    <write><data>\x04</data></write>
    <write><data>\x0a</data></write>
    <write><data>rootrootpasswd</data></write>
    <read><length>1</length><match><data>\x00</data></match></read>
    <read><length>1</length><match><data>\x00</data></match></read>
    <read><length>2</length><match><data>\x00\x00</data></match></read>
    <!-- Successful dir attempt -->
    <write><data>\x01</data></write>
    <read><length>1</length><match><data>\x01</data></match></read>
    <read><length>1</length><match><data>\x00</data></match></read>
    <read><length>2</length><match><data>\xa0\x00</data></match></read>
    <read><length>80</length><match><data>Filename                         Owner                            Size     Mode\x0a</data></match></read>
    <read><length>80</length><match><data>passwd                           root                             31       rw\x2d\x2d\x0a</data></match></read>
    <write><data>\x03</data></write>
    <write><data>\xab</data></write>
    <write><data>\x07</data></write>
    <write><data>\xa7\xc1\x7d\x22\x1a\x9c0</data></write>
    <write><data>tF\x96\xfdrT\x28\xb6gs\x80y\xfb\xb3b\xac8\xe4\xd5\x3c\x0d\xcbe\x82\x5cr2\xcd\xaavztFe\x8c\xbf\x17\x06\xdd\x9fx\xc9\x3e\x60\x03\xc2\xd4V\x09\xc7\xa6\xca\x82 \xa2p\xe3\x7fM\x2ct\x2d\xbc\xf3\x07\x06\xdc\xd2j\x9a\xbe.\x2f.l\xc2\x9dwu\x0b\x06Q\x198\x9e\x1cD\x19\xa1\x2c\x05\xc5\xc6\xb1\x84\x26y1\x3c\xfbM\x10gM\x14Z\x145D6\xee\xe5\xf2\x93\xe8\x2d\xe6KO\xb1\xbf\xa1\xf4\xffc\x06\xc0i0D\x83Q\x82\xdeSv\xe1\xbbx\xd0W\x94Bm\x5c\xffb\x3e\xe1\x15jL\xb5t\xffli\xd6\x7bE\xb5\x95\xb6vY\xa35\xd8G\xa5A</data></write>
    <read><length>1</length><match><data>\x03</data></match></read>
    <read><length>1</length><match><data>\x00</data></match></read>
    <read><length>2</length><match><data>\x00\x00</data></match></read>
    <!-- Bad delete attempt: invalid file -->
    <write><data>\x05</data></write>
    <write><data>\x04</data></write>
    <write><data>\xa2\xe9\x9e\x06</data></write>
    <read><length>1</length><match><data>\x05</data></match></read>
    <read><length>1</length><match><data>\x04</data></match></read>
    <read><length>2</length><match><data>\x00\x00</data></match></read>
    <!-- Successful write attempt -->
    <write><data>\x03</data></write>
    <write><data>Z</data></write>
    <write><data>\x08</data></write>
    <write><data>\x0d\xc2\x3c\xc2\xdd\xb5\xe5d</data></write>
    <write><data>\x19\x2f7 \xba\xc2Q\x2c\x86B\xb5\x07X\x17\xd8\xb8\x19\x09\xf5\x7d\x2a\x28RH\xdb\x26\x0e\xa1A\xbd\x91JUlB\xf3\x2d\xe4\x80\xb4\x7c\x0cO\x9de\xa1\x0d\xb9\x81B\x08L\x7d\xb5\xd9r\x0f\xad\x1e\xe4J\xc6n\xc0\xf5\xec\x0dy\xa7\x83\xa5E\xed\x9bT\xa32C6A6m\x97\xa0\xef\xa2\xda\xe8\xee\x27</data></write>
    <read><length>1</length><match><data>\x03</data></match></read>
    <read><length>1</length><match><data>\x00</data></match></read>
    <read><length>2</length><match><data>\x00\x00</data></match></read>
    <!-- Successful dir attempt -->
    <write><data>\x01</data></write>
    <read><length>1</length><match><data>\x01</data></match></read>
    <read><length>1</length><match><data>\x00</data></match></read>
    <read><length>2</length><match><data>\x40\x01</data></match></read>
    <read><length>80</length><match><data>Filename                         Owner                            Size     Mode\x0a</data></match></read>
    <read><length>80</length><match><data>\xa7\xc1\x7d\x22\x1a\x9c0                          root                             171      rw\x2d\x2d\x0a</data></match></read>
    <read><length>80</length><match><data>passwd                           root                             31       rw\x2d\x2d\x0a</data></match></read>
    <read><length>80</length><match><data>\x0d\xc2\x3c\xc2\xdd\xb5\xe5d                         root                             90       rw\x2d\x2d\x0a</data></match></read>
    <!-- Bad delete attempt: invalid file -->
    <write><data>\x05</data></write>
    <write><data>\x06</data></write>
    <write><data>\xdf\xb3\xbe\x5e\x8c\x1d</data></write>
    <read><length>1</length><match><data>\x05</data></match></read>
    <read><length>1</length><match><data>\x04</data></match></read>
    <read><length>2</length><match><data>\x00\x00</data></match></read>
    <!-- Successful rename attempt -->
    <write><data>\x06</data></write>
    <write><data>\x08</data></write>
    <write><data>\x04</data></write>
    <write><data>\x0d\xc2\x3c\xc2\xdd\xb5\xe5d</data></write>
    <write><data>0\xdd\xeb\x23</data></write>
    <read><length>1</length><match><data>\x06</data></match></read>
    <read><length>1</length><match><data>\x00</data></match></read>
    <read><length>2</length><match><data>\x00\x00</data></match></read>
    <!-- Bad write append attempt: invalid file -->
    <write><data>\x04</data></write>
    <write><data>\x04</data></write>
    <write><data>\x09</data></write>
    <write><data>Q\xc5J\x9c\x119\x8f\x8c\x99</data></write>
    <write><data>.\xf2\xed\xae</data></write>
    <read><length>1</length><match><data>\x04</data></match></read>
    <read><length>1</length><match><data>\x03</data></match></read>
    <read><length>2</length><match><data>\x00\x00</data></match></read>
    <!-- Successful delete attempt -->
    <write><data>\x05</data></write>
    <write><data>\x04</data></write>
    <write><data>0\xdd\xeb\x23</data></write>
    <read><length>1</length><match><data>\x05</data></match></read>
    <read><length>1</length><match><data>\x00</data></match></read>
    <read><length>2</length><match><data>\x00\x00</data></match></read>
    <!-- Successful delete attempt -->
    <write><data>\x05</data></write>
    <write><data>\x06</data></write>
    <write><data>passwd</data></write>
    <read><length>1</length><match><data>\x05</data></match></read>
    <read><length>1</length><match><data>\x00</data></match></read>
    <read><length>2</length><match><data>\x00\x00</data></match></read>
    <write><data>\x03</data></write>
    <write><data>\x27</data></write>
    <write><data>\x04</data></write>
    <write><data>\x9e\x60x\x9d</data></write>
    <write><data>f\x82\xc8\xea\x9fe\xce\x0f\xe2\xf6\x95q\x9a\x87\xab\xdc\xb1\x3b\xb5\x0d\x92\x9fp\x19\xc6\x1e\x14\xc0\xc5\x17\x09\xef\xcbI\xfbV\xf2\x9a\xcb</data></write>
    <read><length>1</length><match><data>\x03</data></match></read>
    <read><length>1</length><match><data>\x00</data></match></read>
    <read><length>2</length><match><data>\x00\x00</data></match></read>
    <!-- Bad delete attempt: invalid file -->
    <write><data>\x05</data></write>
    <write><data>\x04</data></write>
    <write><data>\xf9\x80\x8e\x94</data></write>
    <read><length>1</length><match><data>\x05</data></match></read>
    <read><length>1</length><match><data>\x04</data></match></read>
    <read><length>2</length><match><data>\x00\x00</data></match></read>
    <!-- Successful read attempt -->
    <write><data>\x02</data></write>
    <write><data>5\x00\x00\x00</data></write>
    <write><data>0</data></write>
    <write><data>\x07</data></write>
    <write><data>\xa7\xc1\x7d\x22\x1a\x9c0</data></write>
    <read><length>1</length><match><data>\x02</data></match></read>
    <read><length>1</length><match><data>\x00</data></match></read>
    <read><length>2</length><match><data>0\x00</data></match></read>
    <read><length>48</length><match><data> \xa2p\xe3\x7fM\x2ct\x2d\xbc\xf3\x07\x06\xdc\xd2j\x9a\xbe.\x2f.l\xc2\x9dwu\x0b\x06Q\x198\x9e\x1cD\x19\xa1\x2c\x05\xc5\xc6\xb1\x84\x26y1\x3c\xfbM</data></match></read>
    <!-- Successful dir attempt -->
    <write><data>\x01</data></write>
    <read><length>1</length><match><data>\x01</data></match></read>
    <read><length>1</length><match><data>\x00</data></match></read>
    <read><length>2</length><match><data>\xf0\x00</data></match></read>
    <read><length>80</length><match><data>Filename                         Owner                            Size     Mode\x0a</data></match></read>
    <read><length>80</length><match><data>\xa7\xc1\x7d\x22\x1a\x9c0                          root                             171      rw\x2d\x2d\x0a</data></match></read>
    <read><length>80</length><match><data>\x9e\x60x\x9d                             root                             39       rw\x2d\x2d\x0a</data></match></read>
    <!-- Successful dir attempt -->
    <write><data>\x01</data></write>
    <read><length>1</length><match><data>\x01</data></match></read>
    <read><length>1</length><match><data>\x00</data></match></read>
    <read><length>2</length><match><data>\xf0\x00</data></match></read>
    <read><length>80</length><match><data>Filename                         Owner                            Size     Mode\x0a</data></match></read>
    <read><length>80</length><match><data>\xa7\xc1\x7d\x22\x1a\x9c0                          root                             171      rw\x2d\x2d\x0a</data></match></read>
    <read><length>80</length><match><data>\x9e\x60x\x9d                             root                             39       rw\x2d\x2d\x0a</data></match></read>
    <!-- Successful delete attempt -->
    <write><data>\x05</data></write>
    <write><data>\x04</data></write>
    <write><data>\x9e\x60x\x9d</data></write>
    <read><length>1</length><match><data>\x05</data></match></read>
    <read><length>1</length><match><data>\x00</data></match></read>
    <read><length>2</length><match><data>\x00\x00</data></match></read>
    <!-- Successful write attempt -->
    <write><data>\x03</data></write>
    <write><data>\xda</data></write>
    <write><data>\x05</data></write>
    <write><data>\x0b\xd6\xd5\x8e\xe7</data></write>
    <write><data>x\xa8\x5bS\x89\xc1\x2a\xece\x2f\xdb0\xf30\x11\x85\xe1\xc3\xc2\x87\x7c\x25\xc1Mbo\xceM\x403a\x5f\x9c\xb2\xcf\xa2\x08\x86\xab\xc6\xb4\x0c\x3dR\x09 \xef\xed4\xe0\xe6e\x82\x9fLt\xecg\x7bA\xa42\xbc\x11\xc3\xb4\xf2\xc4\xbe\x7eP\xaeU\x0a\xed\x5f\xd4px\xa0\x10\x86\x17\x96\x0d\x294B\xba\x0d\x04\x92\xd5\x92\xf2\x15\xe3\x09ihM\x5f\x08\xb6\x9b\x14\xafT\x811\x99KEp\x11\x8fDZf\x3eAp\x19\x10\xc0\xa4\x3en\xd2\xe25\xcfm\xd0W\xf1A\x87V\x9am1\xe89\x86\x18\xb5B\xc1\xe5\xa0\xac\xaf\x26\x8e\x2d\x7b\xe9L\x84.QF\x13\x05\xf6\x9d\x1a\x07\xfb\xdb0\x29\x1b\xf0\x5e\xa2\x91\x95\xdc\x28\x09\xbe\x98s\x04BL\x9c\xbc\x19E\xd2OQ\x9b\x24TQ\x87\x8b\xe2\xb4pl\xf5\x13e\xfa\x9f\xd6\x96\x90z\xf0GC1</data></write>
    <read><length>1</length><match><data>\x03</data></match></read>
    <read><length>1</length><match><data>\x00</data></match></read>
    <read><length>2</length><match><data>\x00\x00</data></match></read>
    <write><data>\x03</data></write>
    <write><data>\xee</data></write>
    <write><data>\x02</data></write>
    <write><data>\xdcY</data></write>
    <write><data>o\x2d\x9e\xc3?\x02\xc68E\x17\x25v\x0c\xf2\xa7\xea\x7c\xe6n\xda\xd9Z\x7f\xfa\x2c4\x7d\xd4\x1e\xf8\xad\xc2x\x8a\xe9\xdcZ\x2a\xef\x9a\xb6H\x999Z\xfd\xdf\x07\x9a\x08\xa9\xdcWjm\x05\xb4\xd1\x87\xd9\x02\x2a\xd4h\x08j\xf2\x22R\xaa\xeeT\x9d\xebC3\xe8G9\x5f\xce\xe0g\xef\x17\xd1\x12k\xc5\xa1n\xa9n\xe5\xd7\xd5\xe1\xb3\x9d\x991\x9d\xe1D\xc2T\xd63wt\x08LVB\x12\xd2\x5b\x22\x2d\xdbY\xc1\x9a\x978\xc0\x9f\xe5\xe8\xa7\xb3\xb4\xb2\x08\xd5\x2c1\xd6d\xb2\xbd\xcb\xf8\x17\x8b\xcem\xfd\xab\x10\x98\xd6cL\xdb\x26\xcd\x03\xf4\x08v\xc6\xad\xaeM X\x25\x2f\xb8\xde.\x27\x2b\xb7\xa9\xe4\xd9K\xf0\x89\x24G\xd4\xd8\xd2\x89g\x7d\xce\x16\xec\xdfc\xe7\xe1\xb70\x7dG\xda \x06sK\xd2\xe7\xe2\xfa\xfd\xfcm\xd2\x02\xac\xe5\xdb\xff\x27\x9d\x95\xc4\x18\x05\xfe\xd2\xf4\xefG\x8c\x7br\xa1\xc7\x1d\x8e\xfd\x81</data></write>
    <read><length>1</length><match><data>\x03</data></match></read>
    <read><length>1</length><match><data>\x00</data></match></read>
    <read><length>2</length><match><data>\x00\x00</data></match></read>
    <write><data>\x06</data></write>
    <write><data>\x08</data></write>
    <write><data>\x07</data></write>
    <write><data>\xd2L\x90\xa6\xb9\xb9\x87\x2c</data></write>
    <write><data>Z\x5b\xe5\xb7w\xa2\x24</data></write>
    <read><length>1</length><match><data>\x06</data></match></read>
    <read><length>1</length><match><data>\x05</data></match></read>
    <read><length>2</length><match><data>\x00\x00</data></match></read>
</replay>
</pov>