<?xml version="1.0" standalone="no" ?>
<!DOCTYPE pov SYSTEM "/usr/share/cgc-docs/replay.dtd">
<pov>
<cbid>service</cbid>
<seed>5524714bf13a86b3bbb7311f8f15f1d5ea4743ac444720cc434a85f7e41686b754a4086849ae24a08272860d6bd2e733</seed>
<replay>
    <delay>50</delay>
    <!-- Successful login attempt -->
    <write><data>\x00</data></write>
    <write><data>\x04</data></write>
    <write><data>\x0a</data></write>
    <write><data>rootrootpasswd</data></write>
    <read><length>1</length><match><data>\x00</data></match></read>
    <read><length>1</length><match><data>\x00</data></match></read>
    <read><length>2</length><match><data>\x00\x00</data></match></read>
    <!-- Bad read attempt: invalid offset -->
    <write><data>\x02</data></write>
    <write><data> \x00\x00\x00</data></write>
    <write><data>\x06</data></write>
    <write><data>\x06</data></write>
    <write><data>passwd</data></write>
    <read><length>1</length><match><data>\x02</data></match></read>
    <read><length>1</length><match><data>\x02</data></match></read>
    <read><length>2</length><match><data>\x00\x00</data></match></read>
    <!-- Bad read attempt: invalid file -->
    <write><data>\x02</data></write>
    <write><data>\x00\x00\x00\x00</data></write>
    <write><data>\x00</data></write>
    <write><data>\x01</data></write>
    <write><data>\xae</data></write>
    <read><length>1</length><match><data>\x02</data></match></read>
    <read><length>1</length><match><data>\x03</data></match></read>
    <read><length>2</length><match><data>\x00\x00</data></match></read>
    <!-- Successful read attempt -->
    <write><data>\x02</data></write>
    <write><data>\x18\x00\x00\x00</data></write>
    <write><data>\x05</data></write>
    <write><data>\x06</data></write>
    <write><data>passwd</data></write>
    <read><length>1</length><match><data>\x02</data></match></read>
    <read><length>1</length><match><data>\x00</data></match></read>
    <read><length>2</length><match><data>\x05\x00</data></match></read>
    <read><length>5</length><match><data>eSKpn</data></match></read>
    <write><data>\x03</data></write>
    <write><data>A</data></write>
    <write><data>\x0a</data></write>
    <write><data>\xab\xc9\x94G!\xf9\x60\x60c\x8c</data></write>
    <write><data>\x18\x19\xe5B\x3d\x8cL\xa4\xe2j\xc1\xf2\xde\x0aY\x86\xf3\xfd\xe1\x2f\x8d\x90a\x1b\xfe\x92\x1f\x87\xf5\xdf\xb6\x8e\xc4\xb0\xe2\x04\x1e\xc7A5\x2d\x03Ty\x3bwO\x29\xa1\x03\x1f\xeeq\x9d\x27\x9d\x7fT\xcc\x26\x9b\xd2\xe2\xee6</data></write>
    <read><length>1</length><match><data>\x03</data></match></read>
    <read><length>1</length><match><data>\x00</data></match></read>
    <read><length>2</length><match><data>\x00\x00</data></match></read>
    <write><data>\x03</data></write>
    <write><data>\xd9</data></write>
    <write><data>\x03</data></write>
    <write><data>\x9f\x27\xce</data></write>
    <write><data>zq\x9f\x2f 6Z\x9c\x0bx\xce!I\x0a8\x8f?\x80\x28\x81\xe4\x2b\xa3\x83\x95Z \x8asJ\xb9\xa7\x08\xc8\x9c\xaa\xf72!d\xcc\x81\x1e\xd1\x868L\x07\xfc2\xf5T\xe1u\xcf\x0e\xad\xe0\xdbf\x96I\xd2U\xbb\xe4\x15\x98JU\x9e\xab\xac\xb7\xd3Y0Q\xed\xa9\xa8\x17R\x80\x5eu\xdd\x2b\xed\xc6\xb8X\xd7\xa8\xf6B\x7b\x0fS\x2a\x27\x96:\xc5\xc0\x7d\x82Rv\xf9\xf3\x82 \x03\xd6\xad\xc7\xd5\x9a\xfeY\x99\x5b\x1d\x1bK\x070l\xd5\xe4\xd6\xc79J\xa0\xc6\x03\x1b\x82\xcf\xac\x94\x81\x9d\xdd\xe6\xf5\xc2\x02\xa9\x5eY\xd7\xd4\x5ei.\x1a\xbd\x92\xf7\x197n\xb9\xee\x19r\x5e\x89\xfd6\xc4vs3xJx\x5f\x7b\xdd8K\x3e\x13\xb6x\x2c\x84\xba\xe8c\xd2\xde\xb3\xb9F\x3b\xed4p\xe7\xf1\x84!\x3d\xfc\x5f\xd9\xcd\xcd\x19\xdd\x1cV</data></write>
    <read><length>1</length><match><data>\x03</data></match></read>
    <read><length>1</length><match><data>\x00</data></match></read>
    <read><length>2</length><match><data>\x00\x00</data></match></read>
    <write><data>\x06</data></write>
    <write><data>\x06</data></write>
    <write><data>\x03</data></write>
    <write><data>passwd</data></write>
    <write><data>\x9f\x27\xce</data></write>
    <read><length>1</length><match><data>\x06</data></match></read>
    <read><length>1</length><match><data>\x05</data></match></read>
    <read><length>2</length><match><data>\x00\x00</data></match></read>
</replay>
</pov>