<?xml version="1.0" standalone="no" ?>
<!DOCTYPE pov SYSTEM "/usr/share/cgc-docs/replay.dtd">
<pov>
<cbid>service</cbid>
<seed>ac9b30fae6944ab973472ecac83d9a7c3756afa42f7183c4f88c82571bd1cd83729ba1fbd3eeb12fc25808569b5063f1</seed>
<replay>
    <write><data>\xa5Z\x0c\x00\x0a\x00\x00\x00\x00\x00\x00\x00\xaf\x01\x00\x00</data></write>
    <read><length>16</length><match><data>\xa5Z\x0a\x01\x01\x00\x0a\x00\x04\x00\x00\x00\xd7M\xb5\x3e</data></match></read>
    <write><data>\xa5Z\x08\x00\x05\x00\x00\x00\x8a\x01\x00\x00</data></write>
    <read><length>12</length><match><data>\xa5Z\x0a\x01\x00\x00\x00\x00\x00\x00\x00\x00</data></match></read>
    <write><data>\xa5Z\x08\x00\x05\x00\x00\x00\x8a\x01\x00\x00</data></write>
    <read><length>12</length><match><data>\xa5Z\x0a\x01\x00\x00\x00\x00\x00\x00\x00\x00</data></match></read>
    <write><data>\xa5Z\x10\x00sD\x00\x00\x00\x00\x00\x00\x00\x00\x00\x00\x60\x05\x00\x00</data></write>
    <read><length>12</length><match><data>\xa5Z\x0a\x01\x00\x00\x05\x00\x00\x00\x00\x00</data></match></read>
    <write><data>\xa5Z\x0a\x00\x0c\x009\x00\x00\x00B\x03\x00\x00</data></write>
    <read><length>12</length><match><data>\xa5Z\x0a\x01\x00\x00\x00\x00\x00\x00\x00\x00</data></match></read>
    <write><data>\xa5Z\x10\x000\xcd\x00\x00\x00\x00\x00\x00\x00\x00\x00\x00G\x07\x00\x00</data></write>
    <read><length>12</length><match><data>\xa5Z\x0a\x01\x00\x00\x05\x00\x00\x00\x00\x00</data></match></read>
    <write><data>\xa5Z\x08\x00\x0b\x00\x00\x00\xa8\x01\x00\x00</data></write>
    <read><length>12</length><match><data>\xa5Z\x0a\x01\x01\x00\x0b\x00\x00\x00\x00\x00</data></match></read>
    <write><data>\xa5Z\x08\x00\x05\x00\x00\x00\x8a\x01\x00\x00</data></write>
    <read><length>12</length><match><data>\xa5Z\x0a\x01\x00\x00\x00\x00\x00\x00\x00\x00</data></match></read>
    <write><data>\xa5Z\x0a\x00\x0c\x00G\x00\x00\x00\xa4\x03\x00\x00</data></write>
    <read><length>12</length><match><data>\xa5Z\x0a\x01\x00\x00\x00\x00\x00\x00\x00\x00</data></match></read>
    <write><data>\xa5Z\x0c\x00\x08\x00\x00\x00\x00\x00\x00\x00\xa5\x01\x00\x00</data></write>
    <read><length>36</length><match><data>\xa5Z\x0a\x01\x01\x00\x08\x00\x18\x00\x00\x00\x0a\x01\x00\x00\xaf\x00\x00\x00K\x00\x00\x00\x00\x00\x00\x00\x00\x00\x00\x00\x00\x00\x00\x00</data></match></read>
    <write><data>\xa5Z\x5c\x00\x06\x00\x07\x00\x00\x00\x00\x00\x00\x00\x00\x00J\x01\x00\x00\x01\x00\x00\x00\xd3\x17\x00\x00\x1d\x01\x00\x00\x00\x00\x00\x00\x00\x00\x00\x006\x01\x00\x00\x00\x00\x00\x00\x00\x00\x00\x00\xdd\x00\x00\x00\x01\x00\x00\x00\xdc3\x00\x00\x5e\x01\x00\x00\x00\x00\x00\x00\x00\x00\x00\x00\xcb\x00\x00\x00\x00\x00\x00\x00\x00\x00\x00\x00\xd9\x00\x00\x00U:\x01\x00</data></write>
    <read><length>12</length><match><data>\xa5Z\x0a\x01\x00\x00\x00\x00\x00\x00\x00\x00</data></match></read>
    <write><data>\xa5Z\x08\x00\x07\x00\x00\x00\x94\x01\x00\x00</data></write>
    <read><length>96</length><match><data>\xa5Z\x0a\x01\x01\x00\x07\x00T\x00\x00\x00\x00\x00\x00\x00\x00\x00\x00\x00J\x01\x00\x00\x01\x00\x00\x00\xd3\x17\x00\x00\x1d\x01\x00\x00\x00\x00\x00\x00\x00\x00\x00\x006\x01\x00\x00\x00\x00\x00\x00\x00\x00\x00\x00\xdd\x00\x00\x00\x01\x00\x00\x00\xdc3\x00\x00\x5e\x01\x00\x00\x00\x00\x00\x00\x00\x00\x00\x00\xcb\x00\x00\x00\x00\x00\x00\x00\x00\x00\x00\x00\xd9\x00\x00\x00</data></match></read>
    <write><data>\xa5Z\x08\x00\x05\x00\x00\x00\x8a\x01\x00\x00</data></write>
    <read><length>12</length><match><data>\xa5Z\x0a\x01\x00\x00\x00\x00\x00\x00\x00\x00</data></match></read>
    <write><data>\xa5Z\x08\x00\x07\x00\x00\x00\x94\x01\x00\x00</data></write>
    <read><length>96</length><match><data>\xa5Z\x0a\x01\x01\x00\x07\x00T\x00\x00\x00\x00\x00\x00\x00\x00\x00\x00\x00J\x01\x00\x00\x01\x00\x00\x00\xd3\x17\x00\x00\x1d\x01\x00\x00\x00\x00\x00\x00\x00\x00\x00\x006\x01\x00\x00\x00\x00\x00\x00\x00\x00\x00\x00\xdd\x00\x00\x00\x01\x00\x00\x00\xdc3\x00\x00\x5e\x01\x00\x00\x00\x00\x00\x00\x00\x00\x00\x00\xcb\x00\x00\x00\x00\x00\x00\x00\x00\x00\x00\x00\xd9\x00\x00\x00</data></match></read>
    <write><data>\xa5Z\x08\x00\x09\x00e\x00a\x04\x00\x00</data></write>
    <read><length>12</length><match><data>\xa5Z\x0a\x01\x00\x00\x09\x00e\x00\x00\x00</data></match></read>
    <write><data>\xa5Z\x08\x00\x01\x00\x01\x00\x7d\x01\x00\x00</data></write>
    <read><length>12</length><match><data>\xa5Z\x0a\x01\x00\x00\x00\x00\x00\x00\x00\x00</data></match></read>
    <write><data>\xa5Z\x08\x00\x05\x00\x00\x00\x8a\x01\x00\x00</data></write>
    <read><length>12</length><match><data>\xa5Z\x0a\x01\x00\x00\x00\x00\x00\x00\x00\x00</data></match></read>
    <write><data>\xa5Z\x0c\x00\x08\x00\x00\x00\x00\x00\x00\x00\xa5\x01\x00\x00</data></write>
    <read><length>36</length><match><data>\xa5Z\x0a\x01\x01\x00\x08\x00\x18\x00\x00\x00\x0a\x01\x00\x00\xaf\x00\x00\x00K\x00\x00\x00\x01\x00\x00\x00\x00\x00\x00\x00\x00\x00\x00\x00</data></match></read>
    <write><data>\xa5Z\x14\x00\x03\x00\x07\x00X\x1b\x00\x00\x94\x11\x00\x00K\x00\x00\x00h\x13\x00\x00</data></write>
    <read><length>12</length><match><data>\xa5Z\x0a\x01\x00\x00\x00\x00\x00\x00\x00\x00</data></match></read>
    <write><data>\xa5Z\x08\x00\x04\x00\x01\x00\x8c\x01\x00\x00</data></write>
    <read><length>12</length><match><data>\xa5Z\x0a\x01\x00\x00\x06\x00\x00\x00\x00\x00</data></match></read>
    <write><data>\xa5Z\x14\x00\x03\x00\x0b\x00\xf8\x2a\x00\x00\x28\x0a\x00\x00K\x00\x00\x00\xdc\x13\x00\x00</data></write>
    <read><length>12</length><match><data>\xa5Z\x0a\x01\x00\x00\x00\x00\x00\x00\x00\x00</data></match></read>
    <write><data>\xa5Z\x0a\x00\x0c\x00L\x00\x00\x00\xc7\x03\x00\x00</data></write>
    <read><length>12</length><match><data>\xa5Z\x0a\x01\x00\x00\x00\x00\x00\x00\x00\x00</data></match></read>
    <write><data>\xa5Z\x0a\x00\x0c\x00\x22\x00\x00\x00\xa1\x02\x00\x00</data></write>
    <read><length>12</length><match><data>\xa5Z\x0a\x01\x00\x00\x00\x00\x00\x00\x00\x00</data></match></read>
    <write><data>\xa5Z\x08\x00\x01\x00\x01\x00\x7d\x01\x00\x00</data></write>
    <read><length>12</length><match><data>\xa5Z\x0a\x01\x00\x00\x00\x00\x00\x00\x00\x00</data></match></read>
    <write><data>\xa5Z\x08\x00\x02\x00\x00\x01\x83\x01\x00\x00</data></write>
    <read><length>12</length><match><data>\xa5Z\x0a\x01\x00\x00\x00\x00\x00\x00\x00\x00</data></match></read>
    <write><data>\xa5Z\x08\x00\x04\x00\x04\x00\xa1\x01\x00\x00</data></write>
    <read><length>12</length><match><data>\xa5Z\x0a\x01\x00\x00\x06\x00\x00\x00\x00\x00</data></match></read>
    <write><data>\xa5Z\x08\x00\x05\x00\x00\x00\x8a\x01\x00\x00</data></write>
    <read><length>12</length><match><data>\xa5Z\x0a\x01\x00\x00\x00\x00\x00\x00\x00\x00</data></match></read>
    <write><data>\xa5Z\x08\x00\x01\x00\x01\x00\x7d\x01\x00\x00</data></write>
    <read><length>12</length><match><data>\xa5Z\x0a\x01\x00\x00\x00\x00\x00\x00\x00\x00</data></match></read>
    <write><data>\xa5Z\x0c\x00\x08\x00\x00\x00\x00\x00\x00\x00\xa5\x01\x00\x00</data></write>
    <read><length>36</length><match><data>\xa5Z\x0a\x01\x01\x00\x08\x00\x18\x00\x00\x00\x0a\x01\x00\x00\x00\x01\x00\x00K\x00\x00\x00\x01\x00\x00\x00\x00\x00\x00\x00\x00\x00\x00\x00</data></match></read>
    <write><data>\xa5Z\x08\x00\x05\x00\x00\x00\x8a\x01\x00\x00</data></write>
    <read><length>12</length><match><data>\xa5Z\x0a\x01\x00\x00\x00\x00\x00\x00\x00\x00</data></match></read>
    <write><data>\xa5Z\x0c\x00\x08\x00\x00\x00\x00\x00\x00\x00\xa5\x01\x00\x00</data></write>
    <read><length>36</length><match><data>\xa5Z\x0a\x01\x01\x00\x08\x00\x18\x00\x00\x00\x0a\x01\x00\x00\x00\x01\x00\x00K\x00\x00\x00\x01\x00\x00\x00\x00\x00\x00\x00\x00\x00\x00\x00</data></match></read>
    <write><data>\xa5Z\x0c\x00\x0a\x00\x00\x00\x00\x00\x00\x00\xaf\x01\x00\x00</data></write>
    <read><length>16</length><match><data>\xa5Z\x0a\x01\x01\x00\x0a\x00\x04\x00\x00\x00\xd7M\xb5\x3e</data></match></read>
    <write><data>\xa5Z\x08\x00\x05\x00\x01\x00\x91\x01\x00\x00</data></write>
    <read><length>12</length><match><data>\xa5Z\x0a\x01\x00\x00\x00\x00\x00\x00\x00\x00</data></match></read>
    <write><data>\xa5Z\x08\x00\x07\x00\x00\x00\x94\x01\x00\x00</data></write>
    <read><length>96</length><match><data>\xa5Z\x0a\x01\x01\x00\x07\x00T\x00\x00\x00\x00\x00\x00\x00\x00\x00\x00\x00J\x01\x00\x00\x01\x00\x00\x00\xd3\x17\x00\x00\x1d\x01\x00\x00\x00\x00\x00\x00\x00\x00\x00\x006\x01\x00\x00\x00\x00\x00\x00\x00\x00\x00\x00\xdd\x00\x00\x00\x01\x00\x00\x00\xdc3\x00\x00\x5e\x01\x00\x00\x00\x00\x00\x00\x00\x00\x00\x00\xcb\x00\x00\x00\x00\x00\x00\x00\x00\x00\x00\x00\xd9\x00\x00\x00</data></match></read>
    <write><data>\xa5Z\x08\x00\x01\x00\x01\x00\x7d\x01\x00\x00</data></write>
    <read><length>12</length><match><data>\xa5Z\x0a\x01\x00\x00\x00\x00\x00\x00\x00\x00</data></match></read>
    <write><data>\xa5Z\x08\x00\x01\x00\x01\x00\x7d\x01\x00\x00</data></write>
    <read><length>12</length><match><data>\xa5Z\x0a\x01\x00\x00\x00\x00\x00\x00\x00\x00</data></match></read>
    <write><data>\xa5Z\x08\x00\x02\x00\xdc\x00\x7f\x07\x00\x00</data></write>
    <read><length>12</length><match><data>\xa5Z\x0a\x01\x00\x00\x00\x00\x00\x00\x00\x00</data></match></read>
    <write><data>\xa5Z\x08\x00\x01\x00\x01\x00\x7d\x01\x00\x00</data></write>
    <read><length>12</length><match><data>\xa5Z\x0a\x01\x00\x00\x00\x00\x00\x00\x00\x00</data></match></read>
    <write><data>\xa5Z\x0a\x00\x0c\x009\x00\x00\x00B\x03\x00\x00</data></write>
    <read><length>12</length><match><data>\xa5Z\x0a\x01\x00\x00\x00\x00\x00\x00\x00\x00</data></match></read>
    <write><data>\xa5Z\x14\x00\x03\x00\x0c\x00\xe0.\x00\x00\xc8\x19\x00\x009\x00\x00\x00\xf3\x1a\x00\x00</data></write>
    <read><length>12</length><match><data>\xa5Z\x0a\x01\x00\x00\x00\x00\x00\x00\x00\x00</data></match></read>
    <write><data>\xa5Z\x08\x00\x05\x00\x01\x00\x91\x01\x00\x00</data></write>
    <read><length>12</length><match><data>\xa5Z\x0a\x01\x00\x00\x00\x00\x00\x00\x00\x00</data></match></read>
    <write><data>\xa5Z\x14\x00\x03\x00\x0a\x00\x10\x27\x00\x00\x40\x06\x00\x009\x00\x00\x00\x5d\x0b\x00\x00</data></write>
    <read><length>12</length><match><data>\xa5Z\x0a\x01\x00\x00\x00\x00\x00\x00\x00\x00</data></match></read>
    <write><data>\xa5Z\x08\x00\x01\x00\x01\x00\x7d\x01\x00\x00</data></write>
    <read><length>12</length><match><data>\xa5Z\x0a\x01\x00\x00\x00\x00\x00\x00\x00\x00</data></match></read>
    <write><data>\xa5Z\x0c\x00\x0a\x00\x00\x00\x00\x00\x00\x00\xaf\x01\x00\x00</data></write>
    <read><length>16</length><match><data>\xa5Z\x0a\x01\x01\x00\x0a\x00\x04\x00\x00\x00\xd7M\xb5\x3e</data></match></read>
    <write><data>\xa5Z\x14\x00\x03\x00\x08\x00\x40\x1f\x00\x00\xf4\x1a\x00\x009\x00\x00\x00\xeb\x16\x00\x00</data></write>
    <read><length>12</length><match><data>\xa5Z\x0a\x01\x00\x00\x00\x00\x00\x00\x00\x00</data></match></read>
    <write><data>\xa5Z\x08\x00\x09\x00\xac\x00R\x06\x00\x00</data></write>
    <read><length>12</length><match><data>\xa5Z\x0a\x01\x00\x00\x09\x00\x11\x01\x00\x00</data></match></read>
    <write><data>\xa5Z\x08\x00\x05\x00\x00\x00\x8a\x01\x00\x00</data></write>
    <read><length>12</length><match><data>\xa5Z\x0a\x01\x00\x00\x00\x00\x00\x00\x00\x00</data></match></read>
    <write><data>\xa5Z\x08\x00\x05\x00\x01\x00\x91\x01\x00\x00</data></write>
    <read><length>12</length><match><data>\xa5Z\x0a\x01\x00\x00\x00\x00\x00\x00\x00\x00</data></match></read>
    <write><data>\xa5Z\x0c\x00\x08\x00\x00\x00\x00\x00\x00\x00\xa5\x01\x00\x00</data></write>
    <read><length>36</length><match><data>\xa5Z\x0a\x01\x01\x00\x08\x00\x18\x00\x00\x00\x0a\x01\x00\x00\xdc\x00\x00\x00\xdc\x00\x00\x00\x01\x00\x00\x00\x00\x00\x00\x00\x01\x00\x00\x00</data></match></read>
    <write><data>\xa5ZP\x00\x06\x00\x06\x00\x00\x00\x00\x00\x0c\x00\x00\x00\xbc\x00\x00\x00\x00\x00\x00\x00\x0b\x00\x00\x00\x1a\x01\x00\x00\x01\x00\x00\x00s\x16\x00\x00\x24\x01\x00\x00\x01\x00\x00\x00\x82\x12\x00\x00?\x01\x00\x00\x00\x00\x00\x00\x07\x00\x00\x00\xb5\x00\x00\x00\x00\x00\x00\x00\x08\x00\x00\x00\x0d\x01\x00\x00\xb1\x8d\x00\x00</data></write>
    <read><length>12</length><match><data>\xa5Z\x0a\x01\x00\x00\x00\x00\x00\x00\x00\x00</data></match></read>
    <write><data>\xa5Z\x08\x00\x01\x00\x01\x00\x7d\x01\x00\x00</data></write>
    <read><length>12</length><match><data>\xa5Z\x0a\x01\x00\x00\x00\x00\x00\x00\x00\x00</data></match></read>
    <write><data>\xa5Z\x08\x00\x02\x00\x60\x01\x23\x04\x00\x00</data></write>
    <read><length>12</length><match><data>\xa5Z\x0a\x01\x00\x00\x01\x00\x00\x00\x00\x00</data></match></read>
    <write><data>\xa5Z\x08\x00\x0b\x00\x00\x00\xa8\x01\x00\x00</data></write>
    <read><length>92</length><match><data>\xa5Z\x0a\x01\x01\x00\x0b\x00P\x00\x00\x00\x07\x00\x00\x00X\x1b\x00\x00\x94\x11\x00\x00K\x00\x00\x00\x0b\x00\x00\x00\xf8\x2a\x00\x00\x28\x0a\x00\x00K\x00\x00\x00\x0c\x00\x00\x00\xe0.\x00\x00\xc8\x19\x00\x00K\x00\x00\x00\x0a\x00\x00\x00\x10\x27\x00\x00\x40\x06\x00\x00K\x00\x00\x00\x08\x00\x00\x00\x40\x1f\x00\x00\xf4\x1a\x00\x00K\x00\x00\x00</data></match></read>
    <write><data>\xa5Z\x0c\x00\xff\x00\x00\x00\x00\x00\x00\x00x\x06\x00\x00</data></write>
</replay>
</pov>