<?xml version="1.0" standalone="no" ?>
<!DOCTYPE pov SYSTEM "/usr/share/cgc-docs/replay.dtd">
<pov>
<cbid>service</cbid>
<seed>f937a4d0e9775174bf33396b49b813a2ee60047cf5c2cd86156bcfa823eae8bb2d9aba4fd8b6534848baf482306096b1</seed>
<replay>
    <write><data>\xa5Z\x0c\x00\x0a\x00\x00\x00\x00\x00\x00\x00\xaf\x01\x00\x00</data></write>
    <read><length>16</length><match><data>\xa5Z\x0a\x01\x01\x00\x0a\x00\x04\x00\x00\x00\xba\x3d\xa3?</data></match></read>
    <write><data>\xa5Z\x0c\x00\x0a\x00\x00\x00\x00\x00\x00\x00\xaf\x01\x00\x00</data></write>
    <read><length>16</length><match><data>\xa5Z\x0a\x01\x01\x00\x0a\x00\x04\x00\x00\x00\xba\x3d\xa3?</data></match></read>
    <write><data>\xa5Z\x08\x00\x02\x006\x01\xfd\x02\x00\x00</data></write>
    <read><length>12</length><match><data>\xa5Z\x0a\x01\x00\x00\x00\x00\x00\x00\x00\x00</data></match></read>
    <write><data>\xa5Z\x08\x00\x01\x00\x01\x00\x7d\x01\x00\x00</data></write>
    <read><length>12</length><match><data>\xa5Z\x0a\x01\x00\x00\x00\x00\x00\x00\x00\x00</data></match></read>
    <write><data>\xa5Z\x08\x00\x01\x00\x01\x00\x7d\x01\x00\x00</data></write>
    <read><length>12</length><match><data>\xa5Z\x0a\x01\x00\x00\x00\x00\x00\x00\x00\x00</data></match></read>
    <write><data>\xa5Z\x08\x00\x04\x00\x01\x00\x8c\x01\x00\x00</data></write>
    <read><length>12</length><match><data>\xa5Z\x0a\x01\x00\x00\x06\x00\x00\x00\x00\x00</data></match></read>
    <write><data>\xa5Z\x14\x00\x03\x00\x0a\x00\x10\x27\x00\x00\xcc\x10\x00\x00K\x00\x00\x007\x14\x00\x00</data></write>
    <read><length>12</length><match><data>\xa5Z\x0a\x01\x00\x00\x00\x00\x00\x00\x00\x00</data></match></read>
    <write><data>\xa5Z\x08\x00\x0b\x00\x00\x00\xa8\x01\x00\x00</data></write>
    <read><length>28</length><match><data>\xa5Z\x0a\x01\x01\x00\x0b\x00\x10\x00\x00\x00\x0a\x00\x00\x00\x10\x27\x00\x00\xcc\x10\x00\x00K\x00\x00\x00</data></match></read>
    <write><data>\xa5Z\x14\x00\x03\x00\x04\x00\xa0\x0f\x00\x00\x18\x15\x00\x00K\x00\x00\x00O\x0f\x00\x00</data></write>
    <read><length>12</length><match><data>\xa5Z\x0a\x01\x00\x00\x00\x00\x00\x00\x00\x00</data></match></read>
    <write><data>\xa5Z\x08\x00\x05\x00\x00\x00\x8a\x01\x00\x00</data></write>
    <read><length>12</length><match><data>\xa5Z\x0a\x01\x00\x00\x00\x00\x00\x00\x00\x00</data></match></read>
    <write><data>\xa5Z\x0a\x00\x0c\x000\x00\x00\x00\x03\x03\x00\x00</data></write>
    <read><length>12</length><match><data>\xa5Z\x0a\x01\x00\x00\x00\x00\x00\x00\x00\x00</data></match></read>
    <write><data>\xa5Z\x10\x00\xf6\xf3\x00\x00\x00\x00\x00\x00\x00\x00\x00\x00\x09\x0c\x00\x00</data></write>
    <read><length>12</length><match><data>\xa5Z\x0a\x01\x00\x00\x05\x00\x00\x00\x00\x00</data></match></read>
    <write><data>\xa5Z\x08\x00\x01\x00\x01\x00\x7d\x01\x00\x00</data></write>
    <read><length>12</length><match><data>\xa5Z\x0a\x01\x00\x00\x00\x00\x00\x00\x00\x00</data></match></read>
    <write><data>\xa5Z\x08\x00\x05\x00\x01\x00\x91\x01\x00\x00</data></write>
    <read><length>12</length><match><data>\xa5Z\x0a\x01\x00\x00\x00\x00\x00\x00\x00\x00</data></match></read>
    <write><data>\xa5Z\x0c\x00\x0a\x00\x00\x00\x00\x00\x00\x00\xaf\x01\x00\x00</data></write>
    <read><length>16</length><match><data>\xa5Z\x0a\x01\x01\x00\x0a\x00\x04\x00\x00\x00\xba\x3d\xa3?</data></match></read>
    <write><data>\xa5Z\x0c\x00\x08\x00\x00\x00\x00\x00\x00\x00\xa5\x01\x00\x00</data></write>
    <read><length>36</length><match><data>\xa5Z\x0a\x01\x01\x00\x08\x00\x18\x00\x00\x00\x0a\x01\x00\x006\x01\x00\x00K\x00\x00\x00\x01\x00\x00\x00\x00\x00\x00\x00\x01\x00\x00\x00</data></match></read>
    <write><data>\xa5Z\x08\x00\x07\x00\x00\x00\x94\x01\x00\x00</data></write>
    <read><length>12</length><match><data>\xa5Z\x0a\x01\x01\x00\x07\x00\x00\x00\x00\x00</data></match></read>
    <write><data>\xa5Z\x2c\x00\x06\x00\x03\x00\x00\x00\x00\x00\x0a\x00\x00\x00\xf8\x00\x00\x00\x01\x00\x00\x00\x28\x0b\x00\x00:\x01\x00\x00\x00\x00\x00\x00\x04\x00\x00\x004\x01\x00\x00\xe7\x27\x00\x00</data></write>
    <read><length>12</length><match><data>\xa5Z\x0a\x01\x00\x00\x00\x00\x00\x00\x00\x00</data></match></read>
    <write><data>\xa5Z\x14\x00\x03\x00\x0b\x00\xf8\x2a\x00\x00\xa8\x16\x00\x00K\x00\x00\x00\x04\x1b\x00\x00</data></write>
    <read><length>12</length><match><data>\xa5Z\x0a\x01\x00\x00\x00\x00\x00\x00\x00\x00</data></match></read>
    <write><data>\xa5Z\x0c\x00\x0a\x00\x00\x00\x00\x00\x00\x00\xaf\x01\x00\x00</data></write>
    <read><length>16</length><match><data>\xa5Z\x0a\x01\x01\x00\x0a\x00\x04\x00\x00\x00\xba\x3d\xa3?</data></match></read>
    <write><data>\xa5Z\x0a\x00\x0c\x00L\x00\x00\x00\xc7\x03\x00\x00</data></write>
    <read><length>12</length><match><data>\xa5Z\x0a\x01\x00\x00\x00\x00\x00\x00\x00\x00</data></match></read>
    <write><data>\xa5Z\x08\x00\x0b\x00\x00\x00\xa8\x01\x00\x00</data></write>
    <read><length>60</length><match><data>\xa5Z\x0a\x01\x01\x00\x0b\x000\x00\x00\x00\x0a\x00\x00\x00\x10\x27\x00\x00\xcc\x10\x00\x00K\x00\x00\x00\x04\x00\x00\x00\xa0\x0f\x00\x00\x18\x15\x00\x00K\x00\x00\x00\x0b\x00\x00\x00\xf8\x2a\x00\x00\xa8\x16\x00\x00K\x00\x00\x00</data></match></read>
    <write><data>\xa5Z\x08\x00\x09\x00\x86\x00H\x05\x00\x00</data></write>
    <read><length>12</length><match><data>\xa5Z\x0a\x01\x00\x00\x09\x00\x86\x00\x00\x00</data></match></read>
    <write><data>\xa5Z\x08\x00\x05\x00\x00\x00\x8a\x01\x00\x00</data></write>
    <read><length>12</length><match><data>\xa5Z\x0a\x01\x00\x00\x00\x00\x00\x00\x00\x00</data></match></read>
    <write><data>\xa5Z\x08\x00\x05\x00\x01\x00\x91\x01\x00\x00</data></write>
    <read><length>12</length><match><data>\xa5Z\x0a\x01\x00\x00\x00\x00\x00\x00\x00\x00</data></match></read>
    <write><data>\xa5Z\x0c\x00\x0a\x00\x00\x00\x00\x00\x00\x00\xaf\x01\x00\x00</data></write>
    <read><length>16</length><match><data>\xa5Z\x0a\x01\x01\x00\x0a\x00\x04\x00\x00\x00\xba\x3d\xa3?</data></match></read>
    <write><data>\xa5Z\x08\x00\x09\x00\xa7\x00\x2f\x06\x00\x00</data></write>
    <read><length>12</length><match><data>\xa5Z\x0a\x01\x00\x00\x09\x00\x2d\x01\x00\x00</data></match></read>
    <write><data>\xa5Z\x80\x00\x06\x00\x0a\x00\x01\x00\x00\x00\x04 \x00\x00\x06\x01\x00\x00\x01\x00\x00\x00\x1a\x25\x00\x00\xf7\x00\x00\x00\x00\x00\x00\x00\x0b\x00\x00\x00\xb8\x00\x00\x00\x00\x00\x00\x00\x04\x00\x00\x00I\x01\x00\x00\x00\x00\x00\x00\x04\x00\x00\x00\xca\x00\x00\x00\x00\x00\x00\x00\x0b\x00\x00\x00\x1b\x01\x00\x00\x00\x00\x00\x00\x0a\x00\x00\x00\x09\x01\x00\x00\x00\x00\x00\x00\x0a\x00\x00\x00\xfe\x00\x00\x00\x00\x00\x00\x00\x0a\x00\x00\x00\xea\x00\x00\x00\x01\x00\x00\x00A\x29\x00\x00\xdd\x00\x00\x00\xfc\x0f\x02\x00</data></write>
    <read><length>12</length><match><data>\xa5Z\x0a\x01\x00\x00\x00\x00\x00\x00\x00\x00</data></match></read>
    <write><data>\xa5Z\x10\x00\x9e\xa8\x00\x00\x00\x00\x00\x00\x00\x00\x00\x00\x8f\x08\x00\x00</data></write>
    <read><length>12</length><match><data>\xa5Z\x0a\x01\x00\x00\x05\x00\x00\x00\x00\x00</data></match></read>
    <write><data>\xa5Z\x14\x00\x03\x00\x05\x00\x88\x13\x00\x00x\x05\x00\x00K\x00\x00\x00\xa6\x12\x00\x00</data></write>
    <read><length>12</length><match><data>\xa5Z\x0a\x01\x00\x00\x00\x00\x00\x00\x00\x00</data></match></read>
    <write><data>\xa5Z\x08\x00\x05\x00\x00\x00\x8a\x01\x00\x00</data></write>
    <read><length>12</length><match><data>\xa5Z\x0a\x01\x00\x00\x00\x00\x00\x00\x00\x00</data></match></read>
    <write><data>\xa5Z\x10\x00\xce?\x00\x00\x00\x00\x00\x00\x00\x00\x00\x00\x09\x07\x00\x00</data></write>
    <read><length>12</length><match><data>\xa5Z\x0a\x01\x00\x00\x05\x00\x00\x00\x00\x00</data></match></read>
    <write><data>\xa5Z\x08\x00\x01\x00\x01\x00\x7d\x01\x00\x00</data></write>
    <read><length>12</length><match><data>\xa5Z\x0a\x01\x00\x00\x00\x00\x00\x00\x00\x00</data></match></read>
    <write><data>\xa5Z\x08\x00\x01\x00\x01\x00\x7d\x01\x00\x00</data></write>
    <read><length>12</length><match><data>\xa5Z\x0a\x01\x00\x00\x00\x00\x00\x00\x00\x00</data></match></read>
    <write><data>\xa5Z\x14\x00\x06\x00\x01\x00\x00\x00\x00\x00\x0a\x00\x00\x00\x24\x01\x00\x00\xb2\x04\x00\x00</data></write>
    <read><length>12</length><match><data>\xa5Z\x0a\x01\x00\x00\x00\x00\x00\x00\x00\x00</data></match></read>
    <write><data>\xa5Z\x08\x00\x04\x00\x0b\x00\xd2\x01\x00\x00</data></write>
    <read><length>12</length><match><data>\xa5Z\x0a\x01\x00\x00\x00\x00\x00\x00\x00\x00</data></match></read>
    <write><data>\xa5Z\x08\x00\x07\x00\x00\x00\x94\x01\x00\x00</data></write>
    <read><length>24</length><match><data>\xa5Z\x0a\x01\x01\x00\x07\x00\x0c\x00\x00\x00\x00\x00\x00\x00\x0a\x00\x00\x00\x24\x01\x00\x00</data></match></read>
    <write><data>\xa5Z\x10\x00y\xa1\x00\x00\x00\x00\x00\x00\x00\x00\x00\x00\xac\x07\x00\x00</data></write>
    <read><length>12</length><match><data>\xa5Z\x0a\x01\x00\x00\x05\x00\x00\x00\x00\x00</data></match></read>
    <write><data>\xa5Z\x08\x00\x01\x00\x01\x00\x7d\x01\x00\x00</data></write>
    <read><length>12</length><match><data>\xa5Z\x0a\x01\x00\x00\x00\x00\x00\x00\x00\x00</data></match></read>
    <write><data>\xa5Z\x0c\x00\x08\x00\x00\x00\x00\x00\x00\x00\xa5\x01\x00\x00</data></write>
    <read><length>36</length><match><data>\xa5Z\x0a\x01\x01\x00\x08\x00\x18\x00\x00\x00\x0a\x01\x00\x00\xaf\x00\x00\x00K\x00\x00\x00\x01\x00\x00\x00\x00\x00\x00\x00\x00\x00\x00\x00</data></match></read>
    <write><data>\xa5Z\x08\x00\x02\x00\xec\x00\xef\x07\x00\x00</data></write>
    <read><length>12</length><match><data>\xa5Z\x0a\x01\x00\x00\x00\x00\x00\x00\x00\x00</data></match></read>
    <write><data>\xa5Z\x14\x00\x03\x00\x08\x00\x40\x1f\x00\x00x\x05\x00\x00K\x00\x00\x00\xab\x10\x00\x00</data></write>
    <read><length>12</length><match><data>\xa5Z\x0a\x01\x00\x00\x00\x00\x00\x00\x00\x00</data></match></read>
    <write><data>\xa5Z\x08\x00\x05\x00\x01\x00\x91\x01\x00\x00</data></write>
    <read><length>12</length><match><data>\xa5Z\x0a\x01\x00\x00\x00\x00\x00\x00\x00\x00</data></match></read>
    <write><data>\xa5Z\x0c\x00\x08\x00\x00\x00\x00\x00\x00\x00\xa5\x01\x00\x00</data></write>
    <read><length>36</length><match><data>\xa5Z\x0a\x01\x01\x00\x08\x00\x18\x00\x00\x00\x0a\x01\x00\x00\xec\x00\x00\x00K\x00\x00\x00\x01\x00\x00\x00\x00\x00\x00\x00\x01\x00\x00\x00</data></match></read>
    <write><data>\xa5Z\x08\x00\x05\x00\x00\x00\x8a\x01\x00\x00</data></write>
    <read><length>12</length><match><data>\xa5Z\x0a\x01\x00\x00\x00\x00\x00\x00\x00\x00</data></match></read>
    <write><data>\xa5Z\x08\x00\x09\x00d\x00Z\x04\x00\x00</data></write>
    <read><length>12</length><match><data>\xa5Z\x0a\x01\x00\x00\x09\x00d\x00\x00\x00</data></match></read>
    <write><data>\xa5Z\x14\x00\x03\x00\x09\x00\x28\x23\x00\x00x\x1e\x00\x00K\x00\x00\x00\x60\x11\x00\x00</data></write>
    <read><length>12</length><match><data>\xa5Z\x0a\x01\x00\x00\x00\x00\x00\x00\x00\x00</data></match></read>
    <write><data>\xa5Z\x08\x00\x0b\x00\x00\x00\xa8\x01\x00\x00</data></write>
    <read><length>92</length><match><data>\xa5Z\x0a\x01\x01\x00\x0b\x00P\x00\x00\x00\x0a\x00\x00\x00\x10\x27\x00\x00\xcc\x10\x00\x00\xad\x00\x00\x00\x04\x00\x00\x00\xa0\x0f\x00\x00\x18\x15\x00\x00\xad\x00\x00\x00\x05\x00\x00\x00\x88\x13\x00\x00x\x05\x00\x00\xad\x00\x00\x00\x08\x00\x00\x00\x40\x1f\x00\x00x\x05\x00\x00\xad\x00\x00\x00\x09\x00\x00\x00\x28\x23\x00\x00x\x1e\x00\x00K\x00\x00\x00</data></match></read>
    <write><data>\xa5Z\x0c\x00\x08\x00\x00\x00\x00\x00\x00\x00\xa5\x01\x00\x00</data></write>
    <read><length>36</length><match><data>\xa5Z\x0a\x01\x01\x00\x08\x00\x18\x00\x00\x00\x0a\x01\x00\x00\xec\x00\x00\x00\xae\x00\x00\x00\x01\x00\x00\x00\x01\x00\x00\x00\x00\x00\x00\x00</data></match></read>
    <write><data>\xa5Z\x08\x00\x05\x00\x01\x00\x91\x01\x00\x00</data></write>
    <read><length>12</length><match><data>\xa5Z\x0a\x01\x00\x00\x00\x00\x00\x00\x00\x00</data></match></read>
    <write><data>\xa5Z\x08\x00\x0b\x00\x00\x00\xa8\x01\x00\x00</data></write>
    <read><length>92</length><match><data>\xa5Z\x0a\x01\x01\x00\x0b\x00P\x00\x00\x00\x0a\x00\x00\x00\x10\x27\x00\x00\xcc\x10\x00\x00\xad\x00\x00\x00\x04\x00\x00\x00\xa0\x0f\x00\x00\x18\x15\x00\x00\xad\x00\x00\x00\x05\x00\x00\x00\x88\x13\x00\x00x\x05\x00\x00\xad\x00\x00\x00\x08\x00\x00\x00\x40\x1f\x00\x00x\x05\x00\x00\xad\x00\x00\x00\x09\x00\x00\x00\x28\x23\x00\x00x\x1e\x00\x00K\x00\x00\x00</data></match></read>
    <write><data>\xa5Z\x08\x00\x02\x00g\x01T\x04\x00\x00</data></write>
    <read><length>12</length><match><data>\xa5Z\x0a\x01\x00\x00\x01\x00\x00\x00\x00\x00</data></match></read>
    <write><data>\xa5Z\x0a\x00\x0c\x00U\x00\x00\x00\x06\x04\x00\x00</data></write>
    <read><length>12</length><match><data>\xa5Z\x0a\x01\x00\x00\x00\x00\x00\x00\x00\x00</data></match></read>
    <write><data>\xa5Z\x08\x00\x01\x00\x01\x00\x7d\x01\x00\x00</data></write>
    <read><length>12</length><match><data>\xa5Z\x0a\x01\x00\x00\x00\x00\x00\x00\x00\x00</data></match></read>
    <write><data>\xa5Z\x08\x00\x0b\x00\x00\x00\xa8\x01\x00\x00</data></write>
    <read><length>92</length><match><data>\xa5Z\x0a\x01\x01\x00\x0b\x00P\x00\x00\x00\x0a\x00\x00\x00\x10\x27\x00\x00\xcc\x10\x00\x00\xad\x00\x00\x00\x04\x00\x00\x00\xa0\x0f\x00\x00\x18\x15\x00\x00\xad\x00\x00\x00\x05\x00\x00\x00\x88\x13\x00\x00x\x05\x00\x00\xad\x00\x00\x00\x08\x00\x00\x00\x40\x1f\x00\x00x\x05\x00\x00\xad\x00\x00\x00\x09\x00\x00\x00\x28\x23\x00\x00x\x1e\x00\x00K\x00\x00\x00</data></match></read>
    <write><data>\xa5Z\x10\x00\xabo\x00\x00\x00\x00\x00\x00\x00\x00\x00\x00z\x07\x00\x00</data></write>
    <read><length>12</length><match><data>\xa5Z\x0a\x01\x00\x00\x05\x00\x00\x00\x00\x00</data></match></read>
    <write><data>\xa5Z\x10\x00\xb7\xc1\x00\x00\x00\x00\x00\x00\x00\x00\x00\x00\xa2\x09\x00\x00</data></write>
    <read><length>12</length><match><data>\xa5Z\x0a\x01\x00\x00\x05\x00\x00\x00\x00\x00</data></match></read>
    <write><data>\xa5Z\x14\x00\x03\x00\x05\x00\x88\x13\x00\x004!\x00\x00U\x00\x00\x00d\x11\x00\x00</data></write>
    <read><length>12</length><match><data>\xa5Z\x0a\x01\x00\x00\x07\x00\x00\x00\x00\x00</data></match></read>
    <write><data>\xa5Z\x08\x00\x02\x00\xfe\x00m\x08\x00\x00</data></write>
    <read><length>12</length><match><data>\xa5Z\x0a\x01\x00\x00\x00\x00\x00\x00\x00\x00</data></match></read>
    <write><data>\xa5Z\x14\x00\x03\x00\x02\x00\xd0\x07\x00\x00\x14\x1e\x00\x00U\x00\x00\x00\x95\x11\x00\x00</data></write>
    <read><length>12</length><match><data>\xa5Z\x0a\x01\x00\x00\x00\x00\x00\x00\x00\x00</data></match></read>
    <write><data>\xa5Z\x08\x00\x0b\x00\x00\x00\xa8\x01\x00\x00</data></write>
    <read><length>108</length><match><data>\xa5Z\x0a\x01\x01\x00\x0b\x00\x60\x00\x00\x00\x0a\x00\x00\x00\x10\x27\x00\x00\xcc\x10\x00\x00\xad\x00\x00\x00\x04\x00\x00\x00\xa0\x0f\x00\x00\x18\x15\x00\x00\xad\x00\x00\x00\x05\x00\x00\x00\x88\x13\x00\x00x\x05\x00\x00\xad\x00\x00\x00\x08\x00\x00\x00\x40\x1f\x00\x00x\x05\x00\x00\xad\x00\x00\x00\x09\x00\x00\x00\x28\x23\x00\x00x\x1e\x00\x00K\x00\x00\x00\x02\x00\x00\x00\xd0\x07\x00\x00\x14\x1e\x00\x00U\x00\x00\x00</data></match></read>
    <write><data>\xa5Z\x08\x00\x07\x00\x00\x00\x94\x01\x00\x00</data></write>
    <read><length>24</length><match><data>\xa5Z\x0a\x01\x01\x00\x07\x00\x0c\x00\x00\x00\x00\x00\x00\x00\x0a\x00\x00\x00\x24\x01\x00\x00</data></match></read>
    <write><data>\xa5Z\x0c\x00\x08\x00\x00\x00\x00\x00\x00\x00\xa5\x01\x00\x00</data></write>
    <read><length>36</length><match><data>\xa5Z\x0a\x01\x01\x00\x08\x00\x18\x00\x00\x00\x0a\x01\x00\x00\xfe\x00\x00\x00\xae\x00\x00\x00\x01\x00\x00\x00\x01\x00\x00\x00\x01\x00\x00\x00</data></match></read>
    <write><data>\xa5Z\x0c\x00\x08\x00\x00\x00\x00\x00\x00\x00\xa5\x01\x00\x00</data></write>
    <read><length>36</length><match><data>\xa5Z\x0a\x01\x01\x00\x08\x00\x18\x00\x00\x00\x0a\x01\x00\x00\xfe\x00\x00\x00\xae\x00\x00\x00\x01\x00\x00\x00\x01\x00\x00\x00\x01\x00\x00\x00</data></match></read>
    <write><data>\xa5Z\x0a\x00\x0c\x00\x3b\x00\x00\x00P\x03\x00\x00</data></write>
    <read><length>12</length><match><data>\xa5Z\x0a\x01\x00\x00\x00\x00\x00\x00\x00\x00</data></match></read>
    <write><data>\xa5Z\x08\x00\x07\x00\x00\x00\x94\x01\x00\x00</data></write>
    <read><length>24</length><match><data>\xa5Z\x0a\x01\x01\x00\x07\x00\x0c\x00\x00\x00\x00\x00\x00\x00\x0a\x00\x00\x00\x24\x01\x00\x00</data></match></read>
    <write><data>\xa5Zh\x00\x06\x00\x08\x00\x01\x00\x00\x00\x18\x15\x00\x00V\x01\x00\x00\x01\x00\x00\x00\xff\x28\x00\x007\x01\x00\x00\x00\x00\x00\x00\x0a\x00\x00\x00\x0a\x01\x00\x00\x00\x00\x00\x00\x08\x00\x00\x00\xc0\x00\x00\x00\x01\x00\x00\x00\x9c\x0d\x00\x00\x1d\x01\x00\x00\x01\x00\x00\x00\x96\x29\x00\x00\xd2\x00\x00\x00\x01\x00\x00\x00\xc4\x27\x00\x00O\x01\x00\x00\x00\x00\x00\x00\x04\x00\x00\x005\x01\x00\x00U\x82\x01\x00</data></write>
    <read><length>12</length><match><data>\xa5Z\x0a\x01\x00\x00\x00\x00\x00\x00\x00\x00</data></match></read>
    <write><data>\xa5Z\x08\x00\x05\x00\x00\x00\x8a\x01\x00\x00</data></write>
    <read><length>12</length><match><data>\xa5Z\x0a\x01\x00\x00\x00\x00\x00\x00\x00\x00</data></match></read>
    <write><data>\xa5Z\x08\x00\x02\x00\xb1\x00R\x06\x00\x00</data></write>
    <read><length>12</length><match><data>\xa5Z\x0a\x01\x00\x00\x00\x00\x00\x00\x00\x00</data></match></read>
    <write><data>\xa5Z\x08\x00\x01\x00\x01\x00\x7d\x01\x00\x00</data></write>
    <read><length>12</length><match><data>\xa5Z\x0a\x01\x00\x00\x00\x00\x00\x00\x00\x00</data></match></read>
    <write><data>\xa5Z\x08\x00\x09\x00r\x00\xbc\x04\x00\x00</data></write>
    <read><length>12</length><match><data>\xa5Z\x0a\x01\x00\x00\x09\x00r\x00\x00\x00</data></match></read>
    <write><data>\xa5Z\x0a\x00\x0c\x005\x00\x00\x00\x26\x03\x00\x00</data></write>
    <read><length>12</length><match><data>\xa5Z\x0a\x01\x00\x00\x00\x00\x00\x00\x00\x00</data></match></read>
    <write><data>\xa5Z\x2c\x00\x06\x00\x03\x00\x00\x00\x00\x00\x09\x00\x00\x00E\x01\x00\x00\x00\x00\x00\x00\x04\x00\x00\x00\xfb\x00\x00\x00\x01\x00\x00\x00\xef\x2d\x00\x009\x01\x00\x00\xa4V\x00\x00</data></write>
    <read><length>12</length><match><data>\xa5Z\x0a\x01\x00\x00\x00\x00\x00\x00\x00\x00</data></match></read>
    <write><data>\xa5Z\x08\x00\x05\x00\x01\x00\x91\x01\x00\x00</data></write>
    <read><length>12</length><match><data>\xa5Z\x0a\x01\x00\x00\x00\x00\x00\x00\x00\x00</data></match></read>
    <write><data>\xa5Z\x08\x00\x05\x00\x00\x00\x8a\x01\x00\x00</data></write>
    <read><length>12</length><match><data>\xa5Z\x0a\x01\x00\x00\x00\x00\x00\x00\x00\x00</data></match></read>
    <write><data>\xa5Z\x08\x00\x09\x00v\x00\xd8\x04\x00\x00</data></write>
    <read><length>12</length><match><data>\xa5Z\x0a\x01\x00\x00\x09\x00v\x00\x00\x00</data></match></read>
    <write><data>\xa5Z\x08\x00\x09\x00\x83\x003\x05\x00\x00</data></write>
    <read><length>12</length><match><data>\xa5Z\x0a\x01\x00\x00\x09\x00\xf9\x00\x00\x00</data></match></read>
    <write><data>\xa5Z\x08\x00\x0b\x00\x00\x00\xa8\x01\x00\x00</data></write>
    <read><length>108</length><match><data>\xa5Z\x0a\x01\x01\x00\x0b\x00\x60\x00\x00\x00\x0a\x00\x00\x00\x10\x27\x00\x00\xcc\x10\x00\x00K\x00\x00\x00\x04\x00\x00\x00\xa0\x0f\x00\x00\x18\x15\x00\x00K\x00\x00\x00\x05\x00\x00\x00\x88\x13\x00\x00x\x05\x00\x00K\x00\x00\x00\x08\x00\x00\x00\x40\x1f\x00\x00x\x05\x00\x00K\x00\x00\x00\x09\x00\x00\x00\x28\x23\x00\x00x\x1e\x00\x00K\x00\x00\x00\x02\x00\x00\x00\xd0\x07\x00\x00\x14\x1e\x00\x00K\x00\x00\x00</data></match></read>
    <write><data>\xa5Z\x0c\x00\x0a\x00\x00\x00\x00\x00\x00\x00\xaf\x01\x00\x00</data></write>
    <read><length>16</length><match><data>\xa5Z\x0a\x01\x01\x00\x0a\x00\x04\x00\x00\x00\xba\x3d\xa3?</data></match></read>
    <write><data>\xa5Z\x0a\x00\x0c\x004\x00\x00\x00\x1f\x03\x00\x00</data></write>
    <read><length>12</length><match><data>\xa5Z\x0a\x01\x00\x00\x00\x00\x00\x00\x00\x00</data></match></read>
    <write><data>\xa5Z\x0c\x00\x0a\x00\x00\x00\x00\x00\x00\x00\xaf\x01\x00\x00</data></write>
    <read><length>16</length><match><data>\xa5Z\x0a\x01\x01\x00\x0a\x00\x04\x00\x00\x00\xba\x3d\xa3?</data></match></read>
    <write><data>\xa5Z\x14\x00\x03\x00\x0c\x00\xe0.\x00\x00D\x16\x00\x004\x00\x00\x00\xc0\x13\x00\x00</data></write>
    <read><length>12</length><match><data>\xa5Z\x0a\x01\x00\x00\x00\x00\x00\x00\x00\x00</data></match></read>
    <write><data>\xa5Z\x08\x00\x04\x00\x0c\x00\xd9\x01\x00\x00</data></write>
    <read><length>12</length><match><data>\xa5Z\x0a\x01\x00\x00\x00\x00\x00\x00\x00\x00</data></match></read>
    <write><data>\xa5Z\x0a\x00\x0c\x00W\x00\x00\x00\x14\x04\x00\x00</data></write>
    <read><length>12</length><match><data>\xa5Z\x0a\x01\x00\x00\x00\x00\x00\x00\x00\x00</data></match></read>
    <write><data>\xa5Z\x08\x00\x07\x00\x00\x00\x94\x01\x00\x00</data></write>
    <read><length>48</length><match><data>\xa5Z\x0a\x01\x01\x00\x07\x00\x24\x00\x00\x00\x00\x00\x00\x00\x09\x00\x00\x00E\x01\x00\x00\x00\x00\x00\x00\x04\x00\x00\x00\xfb\x00\x00\x00\x01\x00\x00\x00\xef\x2d\x00\x009\x01\x00\x00</data></match></read>
    <write><data>\xa5ZP\x00\x06\x00\x06\x00\x01\x00\x00\x00\xa7\x22\x00\x00U\x01\x00\x00\x00\x00\x00\x00\x02\x00\x00\x00\xc6\x00\x00\x00\x01\x00\x00\x00\xf80\x00\x00\xb1\x00\x00\x00\x01\x00\x00\x00w\x24\x00\x00\x2a\x01\x00\x00\x01\x00\x00\x00\x5c\x17\x00\x00\xfb\x00\x00\x00\x01\x00\x00\x00\xaa2\x00\x00\xc5\x00\x00\x00\x84m\x01\x00</data></write>
    <read><length>12</length><match><data>\xa5Z\x0a\x01\x00\x00\x00\x00\x00\x00\x00\x00</data></match></read>
    <write><data>\xa5Z\x08\x00\x05\x00\x01\x00\x91\x01\x00\x00</data></write>
    <read><length>12</length><match><data>\xa5Z\x0a\x01\x00\x00\x00\x00\x00\x00\x00\x00</data></match></read>
    <write><data>\xa5Z\x14\x00\x03\x00\x07\x00X\x1b\x00\x00T\x0b\x00\x00K\x00\x00\x00\xd4\x0f\x00\x00</data></write>
    <read><length>12</length><match><data>\xa5Z\x0a\x01\x00\x00\x00\x00\x00\x00\x00\x00</data></match></read>
    <write><data>\xa5Z\x08\x00\x05\x00\x01\x00\x91\x01\x00\x00</data></write>
    <read><length>12</length><match><data>\xa5Z\x0a\x01\x00\x00\x00\x00\x00\x00\x00\x00</data></match></read>
    <write><data>\xa5Z\x0c\x00\x0a\x00\x00\x00\x00\x00\x00\x00\xaf\x01\x00\x00</data></write>
    <read><length>16</length><match><data>\xa5Z\x0a\x01\x01\x00\x0a\x00\x04\x00\x00\x00\xba\x3d\xa3?</data></match></read>
    <write><data>\xa5Z\x0c\x00\x08\x00\x00\x00\x00\x00\x00\x00\xa5\x01\x00\x00</data></write>
    <read><length>36</length><match><data>\xa5Z\x0a\x01\x01\x00\x08\x00\x18\x00\x00\x00\x0a\x01\x00\x00\xaf\x00\x00\x00K\x00\x00\x00\x00\x00\x00\x00\x00\x00\x00\x00\x01\x00\x00\x00</data></match></read>
    <write><data>\xa5Z\x08\x00\x01\x00\x01\x00\x7d\x01\x00\x00</data></write>
    <read><length>12</length><match><data>\xa5Z\x0a\x01\x00\x00\x00\x00\x00\x00\x00\x00</data></match></read>
    <write><data>\xa5Z\x0a\x00\x0c\x00\x2a\x00\x00\x00\xd9\x02\x00\x00</data></write>
    <read><length>12</length><match><data>\xa5Z\x0a\x01\x00\x00\x00\x00\x00\x00\x00\x00</data></match></read>
    <write><data>\xa5Z\x80\x00\x06\x00\x0a\x00\x01\x00\x00\x00\x26\x11\x00\x00\xee\x00\x00\x00\x01\x00\x00\x00\xbf\x11\x00\x00\x24\x01\x00\x00\x00\x00\x00\x00\x05\x00\x00\x00\xcb\x00\x00\x00\x01\x00\x00\x00\x13\x17\x00\x00\xb8\x00\x00\x00\x01\x00\x00\x00\xe35\x00\x004\x01\x00\x00\x00\x00\x00\x00\x09\x00\x00\x00\x1a\x01\x00\x00\x01\x00\x00\x00I\x1d\x00\x007\x01\x00\x00\x01\x00\x00\x00\x7e4\x00\x00\xda\x00\x00\x00\x01\x00\x00\x00E1\x00\x00W\x01\x00\x00\x00\x00\x00\x00\x0a\x00\x00\x00?\x01\x00\x00\xfd\x26\x02\x00</data></write>
    <read><length>12</length><match><data>\xa5Z\x0a\x01\x00\x00\x00\x00\x00\x00\x00\x00</data></match></read>
    <write><data>\xa5Z\x08\x00\x07\x00\x00\x00\x94\x01\x00\x00</data></write>
    <read><length>132</length><match><data>\xa5Z\x0a\x01\x01\x00\x07\x00x\x00\x00\x00\x01\x00\x00\x00\x26\x11\x00\x00\xee\x00\x00\x00\x01\x00\x00\x00\xbf\x11\x00\x00\x24\x01\x00\x00\x00\x00\x00\x00\x05\x00\x00\x00\xcb\x00\x00\x00\x01\x00\x00\x00\x13\x17\x00\x00\xb8\x00\x00\x00\x01\x00\x00\x00\xe35\x00\x004\x01\x00\x00\x00\x00\x00\x00\x09\x00\x00\x00\x1a\x01\x00\x00\x01\x00\x00\x00I\x1d\x00\x007\x01\x00\x00\x01\x00\x00\x00\x7e4\x00\x00\xda\x00\x00\x00\x01\x00\x00\x00E1\x00\x00W\x01\x00\x00\x00\x00\x00\x00\x0a\x00\x00\x00?\x01\x00\x00</data></match></read>
    <write><data>\xa5Z\x08\x00\x01\x00\x01\x00\x7d\x01\x00\x00</data></write>
    <read><length>12</length><match><data>\xa5Z\x0a\x01\x00\x00\x00\x00\x00\x00\x00\x00</data></match></read>
    <write><data>\xa5Z\x10\x00i\x5d\x00\x00\x00\x00\x00\x00\x00\x00\x00\x00\xc4\x05\x00\x00</data></write>
    <read><length>12</length><match><data>\xa5Z\x0a\x01\x00\x00\x05\x00\x00\x00\x00\x00</data></match></read>
    <write><data>\xa5Z\x08\x00\x07\x00\x00\x00\x94\x01\x00\x00</data></write>
    <read><length>132</length><match><data>\xa5Z\x0a\x01\x01\x00\x07\x00x\x00\x00\x00\x01\x00\x00\x00\x26\x11\x00\x00\xee\x00\x00\x00\x01\x00\x00\x00\xbf\x11\x00\x00\x24\x01\x00\x00\x00\x00\x00\x00\x05\x00\x00\x00\xcb\x00\x00\x00\x01\x00\x00\x00\x13\x17\x00\x00\xb8\x00\x00\x00\x01\x00\x00\x00\xe35\x00\x004\x01\x00\x00\x00\x00\x00\x00\x09\x00\x00\x00\x1a\x01\x00\x00\x01\x00\x00\x00I\x1d\x00\x007\x01\x00\x00\x01\x00\x00\x00\x7e4\x00\x00\xda\x00\x00\x00\x01\x00\x00\x00E1\x00\x00W\x01\x00\x00\x00\x00\x00\x00\x0a\x00\x00\x00?\x01\x00\x00</data></match></read>
    <write><data>\xa5Z\x0c\x00\x08\x00\x00\x00\x00\x00\x00\x00\xa5\x01\x00\x00</data></write>
    <read><length>36</length><match><data>\xa5Z\x0a\x01\x01\x00\x08\x00\x18\x00\x00\x00\x0a\x01\x00\x00\xaf\x00\x00\x00K\x00\x00\x00\x01\x00\x00\x00\x00\x00\x00\x00\x00\x00\x00\x00</data></match></read>
    <write><data>\xa5Z\x14\x00\x03\x00\x05\x00\x88\x13\x00\x00D\x16\x00\x00K\x00\x00\x00\xf0\x10\x00\x00</data></write>
    <read><length>12</length><match><data>\xa5Z\x0a\x01\x00\x00\x07\x00\x00\x00\x00\x00</data></match></read>
    <write><data>\xa5Z\x14\x00\x03\x00\x07\x00X\x1b\x00\x00x\x05\x00\x00K\x00\x00\x00T\x11\x00\x00</data></write>
    <read><length>12</length><match><data>\xa5Z\x0a\x01\x00\x00\x07\x00\x00\x00\x00\x00</data></match></read>
    <write><data>\xa5Z\x08\x00\x05\x00\x01\x00\x91\x01\x00\x00</data></write>
    <read><length>12</length><match><data>\xa5Z\x0a\x01\x00\x00\x00\x00\x00\x00\x00\x00</data></match></read>
    <write><data>\xa5Z\x08\x00\x05\x00\x01\x00\x91\x01\x00\x00</data></write>
    <read><length>12</length><match><data>\xa5Z\x0a\x01\x00\x00\x00\x00\x00\x00\x00\x00</data></match></read>
    <write><data>\xa5Z\x14\x00\x03\x00\x07\x00X\x1b\x00\x00\x94\x11\x00\x00K\x00\x00\x00h\x13\x00\x00</data></write>
    <read><length>12</length><match><data>\xa5Z\x0a\x01\x00\x00\x07\x00\x00\x00\x00\x00</data></match></read>
    <write><data>\xa5Z\x08\x00\x01\x00\x01\x00\x7d\x01\x00\x00</data></write>
    <read><length>12</length><match><data>\xa5Z\x0a\x01\x00\x00\x00\x00\x00\x00\x00\x00</data></match></read>
    <write><data>\xa5Z\x08\x00\x04\x00\x0b\x00\xd2\x01\x00\x00</data></write>
    <read><length>12</length><match><data>\xa5Z\x0a\x01\x00\x00\x06\x00\x00\x00\x00\x00</data></match></read>
    <write><data>\xa5Zh\x00\x06\x00\x08\x00\x00\x00\x00\x00\x0a\x00\x00\x00\x01\x01\x00\x00\x00\x00\x00\x00\x07\x00\x00\x00\xee\x00\x00\x00\x00\x00\x00\x00\x0a\x00\x00\x00G\x01\x00\x00\x01\x00\x00\x00\x04\x1e\x00\x00\x0e\x01\x00\x00\x00\x00\x00\x00\x07\x00\x00\x00\xb9\x00\x00\x00\x01\x00\x00\x00\x80\x0e\x00\x00\x02\x01\x00\x00\x00\x00\x00\x00\x08\x00\x00\x00:\x01\x00\x00\x00\x00\x00\x00\x07\x00\x00\x00\xd9\x00\x00\x00\xe2\xff\x00\x00</data></write>
    <read><length>12</length><match><data>\xa5Z\x0a\x01\x00\x00\x00\x00\x00\x00\x00\x00</data></match></read>
    <write><data>\xa5Z\x10\x00\xd0\xca\x00\x00\x00\x00\x00\x00\x00\x00\x00\x00U\x0a\x00\x00</data></write>
    <read><length>12</length><match><data>\xa5Z\x0a\x01\x00\x00\x05\x00\x00\x00\x00\x00</data></match></read>
    <write><data>\xa5Z\x14\x00\x03\x00\x07\x00X\x1b\x00\x00\xa0\x0f\x00\x00K\x00\x00\x00\xe8\x13\x00\x00</data></write>
    <read><length>12</length><match><data>\xa5Z\x0a\x01\x00\x00\x07\x00\x00\x00\x00\x00</data></match></read>
    <write><data>\xa5ZD\x00\x06\x00\x05\x00\x00\x00\x00\x00\x08\x00\x00\x00\xba\x00\x00\x00\x01\x00\x00\x00\x07\x09\x00\x00\xb5\x00\x00\x00\x01\x00\x00\x00\x15\x09\x00\x00\x3d\x01\x00\x00\x00\x00\x00\x00\x04\x00\x00\x00W\x01\x00\x00\x01\x00\x00\x00\xc9\x0f\x00\x003\x01\x00\x00\xb8\x87\x00\x00</data></write>
    <read><length>12</length><match><data>\xa5Z\x0a\x01\x00\x00\x00\x00\x00\x00\x00\x00</data></match></read>
    <write><data>\xa5Z\x08\x00\x01\x00\x01\x00\x7d\x01\x00\x00</data></write>
    <read><length>12</length><match><data>\xa5Z\x0a\x01\x00\x00\x00\x00\x00\x00\x00\x00</data></match></read>
    <write><data>\xa5Z\x08\x00\x0b\x00\x00\x00\xa8\x01\x00\x00</data></write>
    <read><length>124</length><match><data>\xa5Z\x0a\x01\x01\x00\x0b\x00p\x00\x00\x00\x0a\x00\x00\x00\x10\x27\x00\x00\xcc\x10\x00\x00K\x00\x00\x00\x04\x00\x00\x00\xa0\x0f\x00\x00\x18\x15\x00\x00K\x00\x00\x00\x05\x00\x00\x00\x88\x13\x00\x00x\x05\x00\x00K\x00\x00\x00\x08\x00\x00\x00\x40\x1f\x00\x00x\x05\x00\x00K\x00\x00\x00\x09\x00\x00\x00\x28\x23\x00\x00x\x1e\x00\x00K\x00\x00\x00\x02\x00\x00\x00\xd0\x07\x00\x00\x14\x1e\x00\x00K\x00\x00\x00\x07\x00\x00\x00X\x1b\x00\x00T\x0b\x00\x00K\x00\x00\x00</data></match></read>
    <write><data>\xa5Z\x10\x009\xbb\x00\x00\x00\x00\x00\x00\x00\x00\x00\x00\x08\x07\x00\x00</data></write>
    <read><length>12</length><match><data>\xa5Z\x0a\x01\x00\x00\x05\x00\x00\x00\x00\x00</data></match></read>
    <write><data>\xa5Z\x0c\x00\x08\x00\x00\x00\x00\x00\x00\x00\xa5\x01\x00\x00</data></write>
    <read><length>36</length><match><data>\xa5Z\x0a\x01\x01\x00\x08\x00\x18\x00\x00\x00\x0a\x01\x00\x00\xaf\x00\x00\x00K\x00\x00\x00\x01\x00\x00\x00\x00\x00\x00\x00\x00\x00\x00\x00</data></match></read>
    <write><data>\xa5Z\x0a\x00\x0c\x00?\x00\x00\x00l\x03\x00\x00</data></write>
    <read><length>12</length><match><data>\xa5Z\x0a\x01\x00\x00\x00\x00\x00\x00\x00\x00</data></match></read>
    <write><data>\xa5Z\x0c\x00\x0a\x00\x00\x00\x00\x00\x00\x00\xaf\x01\x00\x00</data></write>
    <read><length>16</length><match><data>\xa5Z\x0a\x01\x01\x00\x0a\x00\x04\x00\x00\x00\xba\x3d\xa3?</data></match></read>
    <write><data>\xa5Z\x08\x00\x02\x00f\x01M\x04\x00\x00</data></write>
    <read><length>12</length><match><data>\xa5Z\x0a\x01\x00\x00\x01\x00\x00\x00\x00\x00</data></match></read>
    <write><data>\xa5Z\x0a\x00\x0c\x00C\x00\x00\x00\x88\x03\x00\x00</data></write>
    <read><length>12</length><match><data>\xa5Z\x0a\x01\x00\x00\x00\x00\x00\x00\x00\x00</data></match></read>
    <write><data>\xa5Z\x08\x00\x05\x00\x01\x00\x91\x01\x00\x00</data></write>
    <read><length>12</length><match><data>\xa5Z\x0a\x01\x00\x00\x00\x00\x00\x00\x00\x00</data></match></read>
    <write><data>\xa5Z\x08\x00\x02\x00\x8a\x01I\x05\x00\x00</data></write>
    <read><length>12</length><match><data>\xa5Z\x0a\x01\x00\x00\x01\x00\x00\x00\x00\x00</data></match></read>
    <write><data>\xa5ZD\x00\x06\x00\x05\x00\x00\x00\x00\x00\x0a\x00\x00\x00\x06\x01\x00\x00\x00\x00\x00\x00\x04\x00\x00\x00D\x01\x00\x00\x00\x00\x00\x00\x05\x00\x00\x00\xcf\x00\x00\x00\x00\x00\x00\x00\x08\x00\x00\x00\x0c\x01\x00\x00\x00\x00\x00\x00\x08\x00\x00\x00\xea\x00\x00\x00\x02o\x00\x00</data></write>
    <read><length>12</length><match><data>\xa5Z\x0a\x01\x00\x00\x00\x00\x00\x00\x00\x00</data></match></read>
    <write><data>\xa5Z\x14\x00\x03\x00\x07\x00X\x1b\x00\x00\x88\x13\x00\x00K\x00\x00\x00\xe8\x12\x00\x00</data></write>
    <read><length>12</length><match><data>\xa5Z\x0a\x01\x00\x00\x07\x00\x00\x00\x00\x00</data></match></read>
    <write><data>\xa5Z\x08\x00\x09\x00\x99\x00\xcd\x05\x00\x00</data></write>
    <read><length>12</length><match><data>\xa5Z\x0a\x01\x00\x00\x09\x00\x99\x00\x00\x00</data></match></read>
    <write><data>\xa5Z\x14\x00\x03\x00\x0b\x00\xf8\x2a\x00\x00\x1c\x25\x00\x00K\x00\x00\x00\xba\x14\x00\x00</data></write>
    <read><length>12</length><match><data>\xa5Z\x0a\x01\x00\x00\x00\x00\x00\x00\x00\x00</data></match></read>
    <write><data>\xa5Z\x0c\x00\x08\x00\x00\x00\x00\x00\x00\x00\xa5\x01\x00\x00</data></write>
    <read><length>36</length><match><data>\xa5Z\x0a\x01\x01\x00\x08\x00\x18\x00\x00\x00\x0a\x01\x00\x00\xaf\x00\x00\x00K\x00\x00\x00\x00\x00\x00\x00\x00\x00\x00\x00\x00\x00\x00\x00</data></match></read>
    <write><data>\xa5Z\x08\x00\x05\x00\x01\x00\x91\x01\x00\x00</data></write>
    <read><length>12</length><match><data>\xa5Z\x0a\x01\x00\x00\x00\x00\x00\x00\x00\x00</data></match></read>
    <write><data>\xa5Z\x08\x00\x04\x00\x05\x00\xa8\x01\x00\x00</data></write>
    <read><length>12</length><match><data>\xa5Z\x0a\x01\x00\x00\x00\x00\x00\x00\x00\x00</data></match></read>
    <write><data>\xa5Z\x0a\x00\x0c\x00 \x00\x00\x00\x93\x02\x00\x00</data></write>
    <read><length>12</length><match><data>\xa5Z\x0a\x01\x00\x00\x00\x00\x00\x00\x00\x00</data></match></read>
    <write><data>\xa5Z\x0a\x00\x0c\x00I\x00\x00\x00\xb2\x03\x00\x00</data></write>
    <read><length>12</length><match><data>\xa5Z\x0a\x01\x00\x00\x00\x00\x00\x00\x00\x00</data></match></read>
    <write><data>\xa5Z\x08\x00\x01\x00\x01\x00\x7d\x01\x00\x00</data></write>
    <read><length>12</length><match><data>\xa5Z\x0a\x01\x00\x00\x00\x00\x00\x00\x00\x00</data></match></read>
    <write><data>\xa5Z\x14\x00\x03\x00\x02\x00\xd0\x07\x00\x00l\x07\x00\x00I\x00\x00\x00\xff\x13\x00\x00</data></write>
    <read><length>12</length><match><data>\xa5Z\x0a\x01\x00\x00\x07\x00\x00\x00\x00\x00</data></match></read>
    <write><data>\xa5Z\x14\x00\x03\x00\x05\x00\x88\x13\x00\x00\xdc\x05\x00\x00I\x00\x00\x00\x98\x17\x00\x00</data></write>
    <read><length>12</length><match><data>\xa5Z\x0a\x01\x00\x00\x00\x00\x00\x00\x00\x00</data></match></read>
    <write><data>\xa5Z\x08\x00\x04\x00\x02\x00\x93\x01\x00\x00</data></write>
    <read><length>12</length><match><data>\xa5Z\x0a\x01\x00\x00\x00\x00\x00\x00\x00\x00</data></match></read>
    <write><data>\xa5Z\x08\x00\x0b\x00\x00\x00\xa8\x01\x00\x00</data></write>
    <read><length>124</length><match><data>\xa5Z\x0a\x01\x01\x00\x0b\x00p\x00\x00\x00\x0a\x00\x00\x00\x10\x27\x00\x00\xcc\x10\x00\x00K\x00\x00\x00\x04\x00\x00\x00\xa0\x0f\x00\x00\x18\x15\x00\x00K\x00\x00\x00\x08\x00\x00\x00\x40\x1f\x00\x00x\x05\x00\x00K\x00\x00\x00\x09\x00\x00\x00\x28\x23\x00\x00x\x1e\x00\x00K\x00\x00\x00\x07\x00\x00\x00X\x1b\x00\x00T\x0b\x00\x00K\x00\x00\x00\x0b\x00\x00\x00\xf8\x2a\x00\x00\x1c\x25\x00\x00K\x00\x00\x00\x05\x00\x00\x00\x88\x13\x00\x00\xdc\x05\x00\x00I\x00\x00\x00</data></match></read>
    <write><data>\xa5Z\x10\x00D\xdb\x00\x00\x00\x00\x00\x00\x00\x00\x00\x00\xff\x07\x00\x00</data></write>
    <read><length>12</length><match><data>\xa5Z\x0a\x01\x00\x00\x05\x00\x00\x00\x00\x00</data></match></read>
    <write><data>\xa5Z\x08\x00\x04\x00\x0b\x00\xd2\x01\x00\x00</data></write>
    <read><length>12</length><match><data>\xa5Z\x0a\x01\x00\x00\x00\x00\x00\x00\x00\x00</data></match></read>
    <write><data>\xa5Z\x08\x00\x07\x00\x00\x00\x94\x01\x00\x00</data></write>
    <read><length>72</length><match><data>\xa5Z\x0a\x01\x01\x00\x07\x00\x3c\x00\x00\x00\x00\x00\x00\x00\x0a\x00\x00\x00\x06\x01\x00\x00\x00\x00\x00\x00\x04\x00\x00\x00D\x01\x00\x00\x00\x00\x00\x00\x05\x00\x00\x00\xcf\x00\x00\x00\x00\x00\x00\x00\x08\x00\x00\x00\x0c\x01\x00\x00\x00\x00\x00\x00\x08\x00\x00\x00\xea\x00\x00\x00</data></match></read>
    <write><data>\xa5Z\x0c\x00\x0a\x00\x00\x00\x00\x00\x00\x00\xaf\x01\x00\x00</data></write>
    <read><length>16</length><match><data>\xa5Z\x0a\x01\x01\x00\x0a\x00\x04\x00\x00\x00\xba\x3d\xa3?</data></match></read>
    <write><data>\xa5Zt\x00\x06\x00\x09\x00\x00\x00\x00\x00\x04\x00\x00\x00!\x01\x00\x00\x01\x00\x00\x00\xd3\x16\x00\x00\xeb\x00\x00\x00\x01\x00\x00\x00\xf64\x00\x000\x01\x00\x00\x00\x00\x00\x00\x0a\x00\x00\x00T\x01\x00\x00\x01\x00\x00\x00\x8c\x1d\x00\x00\xfe\x00\x00\x00\x01\x00\x00\x00\x7f\x19\x00\x00\xcb\x00\x00\x00\x00\x00\x00\x00\x05\x00\x00\x00!\x01\x00\x00\x00\x00\x00\x00\x07\x00\x00\x00\xe7\x00\x00\x00\x01\x00\x00\x00\xed\x23\x00\x00\xe9\x00\x00\x002\x96\x02\x00</data></write>
    <read><length>12</length><match><data>\xa5Z\x0a\x01\x00\x00\x00\x00\x00\x00\x00\x00</data></match></read>
    <write><data>\xa5Z\x08\x00\x07\x00\x00\x00\x94\x01\x00\x00</data></write>
    <read><length>120</length><match><data>\xa5Z\x0a\x01\x01\x00\x07\x00l\x00\x00\x00\x00\x00\x00\x00\x04\x00\x00\x00!\x01\x00\x00\x01\x00\x00\x00\xd3\x16\x00\x00\xeb\x00\x00\x00\x01\x00\x00\x00\xf64\x00\x000\x01\x00\x00\x00\x00\x00\x00\x0a\x00\x00\x00T\x01\x00\x00\x01\x00\x00\x00\x8c\x1d\x00\x00\xfe\x00\x00\x00\x01\x00\x00\x00\x7f\x19\x00\x00\xcb\x00\x00\x00\x00\x00\x00\x00\x05\x00\x00\x00!\x01\x00\x00\x00\x00\x00\x00\x07\x00\x00\x00\xe7\x00\x00\x00\x01\x00\x00\x00\xed\x23\x00\x00\xe9\x00\x00\x00</data></match></read>
    <write><data>\xa5Z\x08\x00\x05\x00\x00\x00\x8a\x01\x00\x00</data></write>
    <read><length>12</length><match><data>\xa5Z\x0a\x01\x00\x00\x00\x00\x00\x00\x00\x00</data></match></read>
    <write><data>\xa5Z\x08\x00\x09\x00\xb1\x00u\x06\x00\x00</data></write>
    <read><length>12</length><match><data>\xa5Z\x0a\x01\x00\x00\x09\x00\xb1\x00\x00\x00</data></match></read>
    <write><data>\xa5Z\x08\x00\x07\x00\x00\x00\x94\x01\x00\x00</data></write>
    <read><length>120</length><match><data>\xa5Z\x0a\x01\x01\x00\x07\x00l\x00\x00\x00\x00\x00\x00\x00\x04\x00\x00\x00!\x01\x00\x00\x01\x00\x00\x00\xd3\x16\x00\x00\xeb\x00\x00\x00\x01\x00\x00\x00\xf64\x00\x000\x01\x00\x00\x00\x00\x00\x00\x0a\x00\x00\x00T\x01\x00\x00\x01\x00\x00\x00\x8c\x1d\x00\x00\xfe\x00\x00\x00\x01\x00\x00\x00\x7f\x19\x00\x00\xcb\x00\x00\x00\x00\x00\x00\x00\x05\x00\x00\x00!\x01\x00\x00\x00\x00\x00\x00\x07\x00\x00\x00\xe7\x00\x00\x00\x01\x00\x00\x00\xed\x23\x00\x00\xe9\x00\x00\x00</data></match></read>
    <write><data>\xa5Z\x08\x00\x05\x00\x00\x00\x8a\x01\x00\x00</data></write>
    <read><length>12</length><match><data>\xa5Z\x0a\x01\x00\x00\x00\x00\x00\x00\x00\x00</data></match></read>
    <write><data>\xa5Z\x14\x00\x03\x00\x02\x00\xd0\x07\x00\x00\x2c\x01\x00\x00K\x00\x00\x00\x8d\x10\x00\x00</data></write>
    <read><length>12</length><match><data>\xa5Z\x0a\x01\x00\x00\x00\x00\x00\x00\x00\x00</data></match></read>
    <write><data>\xa5Z\x08\x00\x02\x00\x0f\x01\xec\x01\x00\x00</data></write>
    <read><length>12</length><match><data>\xa5Z\x0a\x01\x00\x00\x00\x00\x00\x00\x00\x00</data></match></read>
    <write><data>\xa5Z\x08\x00\x07\x00\x00\x00\x94\x01\x00\x00</data></write>
    <read><length>120</length><match><data>\xa5Z\x0a\x01\x01\x00\x07\x00l\x00\x00\x00\x00\x00\x00\x00\x04\x00\x00\x00!\x01\x00\x00\x01\x00\x00\x00\xd3\x16\x00\x00\xeb\x00\x00\x00\x01\x00\x00\x00\xf64\x00\x000\x01\x00\x00\x00\x00\x00\x00\x0a\x00\x00\x00T\x01\x00\x00\x01\x00\x00\x00\x8c\x1d\x00\x00\xfe\x00\x00\x00\x01\x00\x00\x00\x7f\x19\x00\x00\xcb\x00\x00\x00\x00\x00\x00\x00\x05\x00\x00\x00!\x01\x00\x00\x00\x00\x00\x00\x07\x00\x00\x00\xe7\x00\x00\x00\x01\x00\x00\x00\xed\x23\x00\x00\xe9\x00\x00\x00</data></match></read>
    <write><data>\xa5Z\x0c\x00\x0a\x00\x00\x00\x00\x00\x00\x00\xaf\x01\x00\x00</data></write>
    <read><length>16</length><match><data>\xa5Z\x0a\x01\x01\x00\x0a\x00\x04\x00\x00\x00\xba\x3d\xa3?</data></match></read>
    <write><data>\xa5Z\x0c\x00\x08\x00\x00\x00\x00\x00\x00\x00\xa5\x01\x00\x00</data></write>
    <read><length>36</length><match><data>\xa5Z\x0a\x01\x01\x00\x08\x00\x18\x00\x00\x00\x0a\x01\x00\x00\x0f\x01\x00\x00K\x00\x00\x00\x00\x00\x00\x00\x00\x00\x00\x00\x00\x00\x00\x00</data></match></read>
    <write><data>\xa5Z\x08\x00\x04\x00\x0a\x00\xcb\x01\x00\x00</data></write>
    <read><length>12</length><match><data>\xa5Z\x0a\x01\x00\x00\x00\x00\x00\x00\x00\x00</data></match></read>
    <write><data>\xa5Z\x14\x00\x03\x00\x04\x00\xa0\x0f\x00\x00d\x00\x00\x00K\x00\x00\x00\x05\x12\x00\x00</data></write>
    <read><length>12</length><match><data>\xa5Z\x0a\x01\x00\x00\x07\x00\x00\x00\x00\x00</data></match></read>
    <write><data>\xa5Z\x08\x00\x05\x00\x00\x00\x8a\x01\x00\x00</data></write>
    <read><length>12</length><match><data>\xa5Z\x0a\x01\x00\x00\x00\x00\x00\x00\x00\x00</data></match></read>
    <write><data>\xa5Z\x08\x00\x05\x00\x01\x00\x91\x01\x00\x00</data></write>
    <read><length>12</length><match><data>\xa5Z\x0a\x01\x00\x00\x00\x00\x00\x00\x00\x00</data></match></read>
    <write><data>\xa5Z\x14\x00\x03\x00\x04\x00\xa0\x0f\x00\x00\xf8\x11\x00\x00K\x00\x00\x00w\x1a\x00\x00</data></write>
    <read><length>12</length><match><data>\xa5Z\x0a\x01\x00\x00\x07\x00\x00\x00\x00\x00</data></match></read>
    <write><data>\xa5Z\x0c\x00\x0a\x00\x00\x00\x00\x00\x00\x00\xaf\x01\x00\x00</data></write>
    <read><length>16</length><match><data>\xa5Z\x0a\x01\x01\x00\x0a\x00\x04\x00\x00\x00\xba\x3d\xa3?</data></match></read>
    <write><data>\xa5Z\x08\x00\x0b\x00\x00\x00\xa8\x01\x00\x00</data></write>
    <read><length>108</length><match><data>\xa5Z\x0a\x01\x01\x00\x0b\x00\x60\x00\x00\x00\x04\x00\x00\x00\xa0\x0f\x00\x00\x18\x15\x00\x00K\x00\x00\x00\x08\x00\x00\x00\x40\x1f\x00\x00x\x05\x00\x00K\x00\x00\x00\x09\x00\x00\x00\x28\x23\x00\x00x\x1e\x00\x00K\x00\x00\x00\x07\x00\x00\x00X\x1b\x00\x00T\x0b\x00\x00K\x00\x00\x00\x05\x00\x00\x00\x88\x13\x00\x00\xdc\x05\x00\x00K\x00\x00\x00\x02\x00\x00\x00\xd0\x07\x00\x00\x2c\x01\x00\x00K\x00\x00\x00</data></match></read>
    <write><data>\xa5Z\x08\x00\x02\x00?\x01\x3c\x03\x00\x00</data></write>
    <read><length>12</length><match><data>\xa5Z\x0a\x01\x00\x00\x00\x00\x00\x00\x00\x00</data></match></read>
    <write><data>\xa5Z\x08\x00\x05\x00\x00\x00\x8a\x01\x00\x00</data></write>
    <read><length>12</length><match><data>\xa5Z\x0a\x01\x00\x00\x00\x00\x00\x00\x00\x00</data></match></read>
    <write><data>\xa5Z\x08\x00\x02\x00\x9c\x00\xbf\x05\x00\x00</data></write>
    <read><length>12</length><match><data>\xa5Z\x0a\x01\x00\x00\x01\x00\x00\x00\x00\x00</data></match></read>
    <write><data>\xa5Z\x14\x00\x03\x00\x04\x00\xa0\x0f\x00\x00\x84\x1c\x00\x00K\x00\x00\x00\x2d\x15\x00\x00</data></write>
    <read><length>12</length><match><data>\xa5Z\x0a\x01\x00\x00\x07\x00\x00\x00\x00\x00</data></match></read>
    <write><data>\xa5Z\x08\x00\x05\x00\x01\x00\x91\x01\x00\x00</data></write>
    <read><length>12</length><match><data>\xa5Z\x0a\x01\x00\x00\x00\x00\x00\x00\x00\x00</data></match></read>
    <write><data>\xa5Z\x0a\x00\x0c\x00L\x00\x00\x00\xc7\x03\x00\x00</data></write>
    <read><length>12</length><match><data>\xa5Z\x0a\x01\x00\x00\x00\x00\x00\x00\x00\x00</data></match></read>
    <write><data>\xa5Z\x08\x00\x07\x00\x00\x00\x94\x01\x00\x00</data></write>
    <read><length>120</length><match><data>\xa5Z\x0a\x01\x01\x00\x07\x00l\x00\x00\x00\x00\x00\x00\x00\x04\x00\x00\x00!\x01\x00\x00\x01\x00\x00\x00\xd3\x16\x00\x00\xeb\x00\x00\x00\x01\x00\x00\x00\xf64\x00\x000\x01\x00\x00\x00\x00\x00\x00\x0a\x00\x00\x00T\x01\x00\x00\x01\x00\x00\x00\x8c\x1d\x00\x00\xfe\x00\x00\x00\x01\x00\x00\x00\x7f\x19\x00\x00\xcb\x00\x00\x00\x00\x00\x00\x00\x05\x00\x00\x00!\x01\x00\x00\x00\x00\x00\x00\x07\x00\x00\x00\xe7\x00\x00\x00\x01\x00\x00\x00\xed\x23\x00\x00\xe9\x00\x00\x00</data></match></read>
    <write><data>\xa5Z\x08\x00\x04\x00\x04\x00\xa1\x01\x00\x00</data></write>
    <read><length>12</length><match><data>\xa5Z\x0a\x01\x00\x00\x00\x00\x00\x00\x00\x00</data></match></read>
    <write><data>\xa5Z\x08\x00\x05\x00\x01\x00\x91\x01\x00\x00</data></write>
    <read><length>12</length><match><data>\xa5Z\x0a\x01\x00\x00\x00\x00\x00\x00\x00\x00</data></match></read>
    <write><data>\xa5Z\x08\x00\x0b\x00\x00\x00\xa8\x01\x00\x00</data></write>
    <read><length>92</length><match><data>\xa5Z\x0a\x01\x01\x00\x0b\x00P\x00\x00\x00\x08\x00\x00\x00\x40\x1f\x00\x00x\x05\x00\x00K\x00\x00\x00\x09\x00\x00\x00\x28\x23\x00\x00x\x1e\x00\x00K\x00\x00\x00\x07\x00\x00\x00X\x1b\x00\x00T\x0b\x00\x00K\x00\x00\x00\x05\x00\x00\x00\x88\x13\x00\x00\xdc\x05\x00\x00K\x00\x00\x00\x02\x00\x00\x00\xd0\x07\x00\x00\x2c\x01\x00\x00K\x00\x00\x00</data></match></read>
    <write><data>\xa5Z\x08\x00\x05\x00\x00\x00\x8a\x01\x00\x00</data></write>
    <read><length>12</length><match><data>\xa5Z\x0a\x01\x00\x00\x00\x00\x00\x00\x00\x00</data></match></read>
    <write><data>\xa5Z\x0c\x00\x08\x00\x00\x00\x00\x00\x00\x00\xa5\x01\x00\x00</data></write>
    <read><length>36</length><match><data>\xa5Z\x0a\x01\x01\x00\x08\x00\x18\x00\x00\x00\x0a\x01\x00\x00?\x01\x00\x00K\x00\x00\x00\x00\x00\x00\x00\x00\x00\x00\x00\x00\x00\x00\x00</data></match></read>
    <write><data>\xa5Z\x08\x00\x02\x00\x1e\x01U\x02\x00\x00</data></write>
    <read><length>12</length><match><data>\xa5Z\x0a\x01\x00\x00\x00\x00\x00\x00\x00\x00</data></match></read>
    <write><data>\xa5Z\x0c\x00\x0a\x00\x00\x00\x00\x00\x00\x00\xaf\x01\x00\x00</data></write>
    <read><length>16</length><match><data>\xa5Z\x0a\x01\x01\x00\x0a\x00\x04\x00\x00\x00\xba\x3d\xa3?</data></match></read>
    <write><data>\xa5Z\x08\x00\x04\x00\x09\x00\xc4\x01\x00\x00</data></write>
    <read><length>12</length><match><data>\xa5Z\x0a\x01\x00\x00\x00\x00\x00\x00\x00\x00</data></match></read>
    <write><data>\xa5Z\x08\x00\x07\x00\x00\x00\x94\x01\x00\x00</data></write>
    <read><length>120</length><match><data>\xa5Z\x0a\x01\x01\x00\x07\x00l\x00\x00\x00\x00\x00\x00\x00\x04\x00\x00\x00!\x01\x00\x00\x01\x00\x00\x00\xd3\x16\x00\x00\xeb\x00\x00\x00\x01\x00\x00\x00\xf64\x00\x000\x01\x00\x00\x00\x00\x00\x00\x0a\x00\x00\x00T\x01\x00\x00\x01\x00\x00\x00\x8c\x1d\x00\x00\xfe\x00\x00\x00\x01\x00\x00\x00\x7f\x19\x00\x00\xcb\x00\x00\x00\x00\x00\x00\x00\x05\x00\x00\x00!\x01\x00\x00\x00\x00\x00\x00\x07\x00\x00\x00\xe7\x00\x00\x00\x01\x00\x00\x00\xed\x23\x00\x00\xe9\x00\x00\x00</data></match></read>
    <write><data>\xa5Z\x10\x00\xd7\x0d\x00\x00\x00\x00\x00\x00\x00\x00\x00\x00\x0a\x06\x00\x00</data></write>
    <read><length>12</length><match><data>\xa5Z\x0a\x01\x00\x00\x05\x00\x00\x00\x00\x00</data></match></read>
    <write><data>\xa5Z\x08\x00\x07\x00\x00\x00\x94\x01\x00\x00</data></write>
    <read><length>120</length><match><data>\xa5Z\x0a\x01\x01\x00\x07\x00l\x00\x00\x00\x00\x00\x00\x00\x04\x00\x00\x00!\x01\x00\x00\x01\x00\x00\x00\xd3\x16\x00\x00\xeb\x00\x00\x00\x01\x00\x00\x00\xf64\x00\x000\x01\x00\x00\x00\x00\x00\x00\x0a\x00\x00\x00T\x01\x00\x00\x01\x00\x00\x00\x8c\x1d\x00\x00\xfe\x00\x00\x00\x01\x00\x00\x00\x7f\x19\x00\x00\xcb\x00\x00\x00\x00\x00\x00\x00\x05\x00\x00\x00!\x01\x00\x00\x00\x00\x00\x00\x07\x00\x00\x00\xe7\x00\x00\x00\x01\x00\x00\x00\xed\x23\x00\x00\xe9\x00\x00\x00</data></match></read>
    <write><data>\xa5Z\x14\x00\x03\x00\x03\x00\xb8\x0b\x00\x00\xbc\x1b\x00\x00L\x00\x00\x00\xb1\x18\x00\x00</data></write>
    <read><length>12</length><match><data>\xa5Z\x0a\x01\x00\x00\x00\x00\x00\x00\x00\x00</data></match></read>
    <write><data>\xa5Z\x0c\x00\x0a\x00\x00\x00\x00\x00\x00\x00\xaf\x01\x00\x00</data></write>
    <read><length>16</length><match><data>\xa5Z\x0a\x01\x01\x00\x0a\x00\x04\x00\x00\x00\xba\x3d\xa3?</data></match></read>
    <write><data>\xa5Z\x08\x00\x05\x00\x01\x00\x91\x01\x00\x00</data></write>
    <read><length>12</length><match><data>\xa5Z\x0a\x01\x00\x00\x00\x00\x00\x00\x00\x00</data></match></read>
    <write><data>\xa5Z\x08\x00\x05\x00\x00\x00\x8a\x01\x00\x00</data></write>
    <read><length>12</length><match><data>\xa5Z\x0a\x01\x00\x00\x00\x00\x00\x00\x00\x00</data></match></read>
    <write><data>\xa5Z\x08\x00\x01\x00\x01\x00\x7d\x01\x00\x00</data></write>
    <read><length>12</length><match><data>\xa5Z\x0a\x01\x00\x00\x00\x00\x00\x00\x00\x00</data></match></read>
    <write><data>\xa5Z\x10\x00\xaeV\x00\x00\x00\x00\x00\x00\x00\x00\x00\x00\xf3\x06\x00\x00</data></write>
    <read><length>12</length><match><data>\xa5Z\x0a\x01\x00\x00\x05\x00\x00\x00\x00\x00</data></match></read>
    <write><data>\xa5Z\x08\x00\x05\x00\x00\x00\x8a\x01\x00\x00</data></write>
    <read><length>12</length><match><data>\xa5Z\x0a\x01\x00\x00\x00\x00\x00\x00\x00\x00</data></match></read>
    <write><data>\xa5Z\x0a\x00\x0c\x00\x1a\x00\x00\x00i\x02\x00\x00</data></write>
    <read><length>12</length><match><data>\xa5Z\x0a\x01\x00\x00\x00\x00\x00\x00\x00\x00</data></match></read>
    <write><data>\xa5Z\x0a\x00\x0c\x00\x24\x00\x00\x00\xaf\x02\x00\x00</data></write>
    <read><length>12</length><match><data>\xa5Z\x0a\x01\x00\x00\x00\x00\x00\x00\x00\x00</data></match></read>
    <write><data>\xa5Z\x08\x00\x01\x00\x01\x00\x7d\x01\x00\x00</data></write>
    <read><length>12</length><match><data>\xa5Z\x0a\x01\x00\x00\x00\x00\x00\x00\x00\x00</data></match></read>
    <write><data>\xa5Z\x14\x00\x03\x00\x0a\x00\x10\x27\x00\x00\x3c\x0f\x00\x00\x24\x00\x00\x00B\x0a\x00\x00</data></write>
    <read><length>12</length><match><data>\xa5Z\x0a\x01\x00\x00\x00\x00\x00\x00\x00\x00</data></match></read>
    <write><data>\xa5Z\x08\x00\x0b\x00\x00\x00\xa8\x01\x00\x00</data></write>
    <read><length>108</length><match><data>\xa5Z\x0a\x01\x01\x00\x0b\x00\x60\x00\x00\x00\x08\x00\x00\x00\x40\x1f\x00\x00x\x05\x00\x00K\x00\x00\x00\x07\x00\x00\x00X\x1b\x00\x00T\x0b\x00\x00K\x00\x00\x00\x05\x00\x00\x00\x88\x13\x00\x00\xdc\x05\x00\x00K\x00\x00\x00\x02\x00\x00\x00\xd0\x07\x00\x00\x2c\x01\x00\x00K\x00\x00\x00\x03\x00\x00\x00\xb8\x0b\x00\x00\xbc\x1b\x00\x00L\x00\x00\x00\x0a\x00\x00\x00\x10\x27\x00\x00\x3c\x0f\x00\x00\x24\x00\x00\x00</data></match></read>
    <write><data>\xa5Z\x0c\x00\x0a\x00\x00\x00\x00\x00\x00\x00\xaf\x01\x00\x00</data></write>
    <read><length>16</length><match><data>\xa5Z\x0a\x01\x01\x00\x0a\x00\x04\x00\x00\x00\xba\x3d\xa3?</data></match></read>
    <write><data>\xa5Z\x08\x00\x05\x00\x00\x00\x8a\x01\x00\x00</data></write>
    <read><length>12</length><match><data>\xa5Z\x0a\x01\x00\x00\x00\x00\x00\x00\x00\x00</data></match></read>
    <write><data>\xa5Z\x10\x00\xbe\x7b\x00\x00\x00\x00\x00\x00\x00\x00\x00\x00!\x08\x00\x00</data></write>
    <read><length>12</length><match><data>\xa5Z\x0a\x01\x00\x00\x05\x00\x00\x00\x00\x00</data></match></read>
    <write><data>\xa5Z\x08\x00\x02\x00\xb6\x00u\x06\x00\x00</data></write>
    <read><length>12</length><match><data>\xa5Z\x0a\x01\x00\x00\x00\x00\x00\x00\x00\x00</data></match></read>
    <write><data>\xa5Z\x0a\x00\x0c\x00\x14\x00\x00\x00?\x02\x00\x00</data></write>
    <read><length>12</length><match><data>\xa5Z\x0a\x01\x00\x00\x00\x00\x00\x00\x00\x00</data></match></read>
    <write><data>\xa5Z\x08\x00\x04\x00\x0b\x00\xd2\x01\x00\x00</data></write>
    <read><length>12</length><match><data>\xa5Z\x0a\x01\x00\x00\x06\x00\x00\x00\x00\x00</data></match></read>
    <write><data>\xa5Z\x08\x00\x05\x00\x00\x00\x8a\x01\x00\x00</data></write>
    <read><length>12</length><match><data>\xa5Z\x0a\x01\x00\x00\x00\x00\x00\x00\x00\x00</data></match></read>
    <write><data>\xa5Z\x0c\x00\x08\x00\x00\x00\x00\x00\x00\x00\xa5\x01\x00\x00</data></write>
    <read><length>36</length><match><data>\xa5Z\x0a\x01\x01\x00\x08\x00\x18\x00\x00\x00\x0a\x01\x00\x00\xb6\x00\x00\x00K\x00\x00\x00\x01\x00\x00\x00\x00\x00\x00\x00\x00\x00\x00\x00</data></match></read>
    <write><data>\xa5Z\x08\x00\x0b\x00\x00\x00\xa8\x01\x00\x00</data></write>
    <read><length>108</length><match><data>\xa5Z\x0a\x01\x01\x00\x0b\x00\x60\x00\x00\x00\x08\x00\x00\x00\x40\x1f\x00\x00x\x05\x00\x00K\x00\x00\x00\x07\x00\x00\x00X\x1b\x00\x00T\x0b\x00\x00K\x00\x00\x00\x05\x00\x00\x00\x88\x13\x00\x00\xdc\x05\x00\x00K\x00\x00\x00\x02\x00\x00\x00\xd0\x07\x00\x00\x2c\x01\x00\x00K\x00\x00\x00\x03\x00\x00\x00\xb8\x0b\x00\x00\xbc\x1b\x00\x00L\x00\x00\x00\x0a\x00\x00\x00\x10\x27\x00\x00\x3c\x0f\x00\x00\x24\x00\x00\x00</data></match></read>
    <write><data>\xa5Z\x08\x00\x09\x00\xa6\x00\x28\x06\x00\x00</data></write>
    <read><length>12</length><match><data>\xa5Z\x0a\x01\x00\x00\x09\x00W\x01\x00\x00</data></match></read>
    <write><data>\xa5Z\x08\x00\x0b\x00\x00\x00\xa8\x01\x00\x00</data></write>
    <read><length>108</length><match><data>\xa5Z\x0a\x01\x01\x00\x0b\x00\x60\x00\x00\x00\x08\x00\x00\x00\x40\x1f\x00\x00x\x05\x00\x00\xb7\x00\x00\x00\x07\x00\x00\x00X\x1b\x00\x00T\x0b\x00\x00\xb8\x00\x00\x00\x05\x00\x00\x00\x88\x13\x00\x00\xdc\x05\x00\x00\xb8\x00\x00\x00\x02\x00\x00\x00\xd0\x07\x00\x00\x2c\x01\x00\x00\xb7\x00\x00\x00\x03\x00\x00\x00\xb8\x0b\x00\x00\xbc\x1b\x00\x00\xb8\x00\x00\x00\x0a\x00\x00\x00\x10\x27\x00\x00\x3c\x0f\x00\x00\xb8\x00\x00\x00</data></match></read>
    <write><data>\xa5Z\x10\x00\xebv\x00\x00\x00\x00\x00\x00\x00\x00\x00\x00\xe4\x08\x00\x00</data></write>
    <read><length>12</length><match><data>\xa5Z\x0a\x01\x00\x00\x05\x00\x00\x00\x00\x00</data></match></read>
    <write><data>\xa5Z\x08\x00\x07\x00\x00\x00\x94\x01\x00\x00</data></write>
    <read><length>120</length><match><data>\xa5Z\x0a\x01\x01\x00\x07\x00l\x00\x00\x00\x00\x00\x00\x00\x04\x00\x00\x00!\x01\x00\x00\x01\x00\x00\x00\xd3\x16\x00\x00\xeb\x00\x00\x00\x01\x00\x00\x00\xf64\x00\x000\x01\x00\x00\x00\x00\x00\x00\x0a\x00\x00\x00T\x01\x00\x00\x01\x00\x00\x00\x8c\x1d\x00\x00\xfe\x00\x00\x00\x01\x00\x00\x00\x7f\x19\x00\x00\xcb\x00\x00\x00\x00\x00\x00\x00\x05\x00\x00\x00!\x01\x00\x00\x00\x00\x00\x00\x07\x00\x00\x00\xe7\x00\x00\x00\x01\x00\x00\x00\xed\x23\x00\x00\xe9\x00\x00\x00</data></match></read>
    <write><data>\xa5Z\x08\x00\x09\x00\x7f\x00\x17\x05\x00\x00</data></write>
    <read><length>12</length><match><data>\xa5Z\x0a\x01\x00\x00\x09\x00\xd6\x01\x00\x00</data></match></read>
    <write><data>\xa5Z\x0c\x00\x08\x00\x00\x00\x00\x00\x00\x00\xa5\x01\x00\x00</data></write>
    <read><length>36</length><match><data>\xa5Z\x0a\x01\x01\x00\x08\x00\x18\x00\x00\x00\x0a\x01\x00\x00\xb6\x00\x00\x00\xb8\x00\x00\x00\x01\x00\x00\x00\x00\x00\x00\x00\x00\x00\x00\x00</data></match></read>
    <write><data>\xa5Z\x08\x00\x05\x00\x00\x00\x8a\x01\x00\x00</data></write>
    <read><length>12</length><match><data>\xa5Z\x0a\x01\x00\x00\x00\x00\x00\x00\x00\x00</data></match></read>
    <write><data>\xa5Z\x0c\x00\x08\x00\x00\x00\x00\x00\x00\x00\xa5\x01\x00\x00</data></write>
    <read><length>36</length><match><data>\xa5Z\x0a\x01\x01\x00\x08\x00\x18\x00\x00\x00\x0a\x01\x00\x00\xb6\x00\x00\x00\xb8\x00\x00\x00\x01\x00\x00\x00\x00\x00\x00\x00\x00\x00\x00\x00</data></match></read>
    <write><data>\xa5Z\x0c\x00\x0a\x00\x00\x00\x00\x00\x00\x00\xaf\x01\x00\x00</data></write>
    <read><length>16</length><match><data>\xa5Z\x0a\x01\x01\x00\x0a\x00\x04\x00\x00\x00\xba\x3d\xa3?</data></match></read>
    <write><data>\xa5Z\x08\x00\x0b\x00\x00\x00\xa8\x01\x00\x00</data></write>
    <read><length>108</length><match><data>\xa5Z\x0a\x01\x01\x00\x0b\x00\x60\x00\x00\x00\x08\x00\x00\x00\x40\x1f\x00\x00x\x05\x00\x00\xb8\x00\x00\x00\x07\x00\x00\x00X\x1b\x00\x00T\x0b\x00\x00\xb8\x00\x00\x00\x05\x00\x00\x00\x88\x13\x00\x00\xdc\x05\x00\x00\xb8\x00\x00\x00\x02\x00\x00\x00\xd0\x07\x00\x00\x2c\x01\x00\x00\xb8\x00\x00\x00\x03\x00\x00\x00\xb8\x0b\x00\x00\xbc\x1b\x00\x00\xb8\x00\x00\x00\x0a\x00\x00\x00\x10\x27\x00\x00\x3c\x0f\x00\x00\xb8\x00\x00\x00</data></match></read>
    <write><data>\xa5Z\x08\x00\x02\x00D\x01\x5f\x03\x00\x00</data></write>
    <read><length>12</length><match><data>\xa5Z\x0a\x01\x00\x00\x00\x00\x00\x00\x00\x00</data></match></read>
    <write><data>\xa5Z\x08\x00\x0b\x00\x00\x00\xa8\x01\x00\x00</data></write>
    <read><length>108</length><match><data>\xa5Z\x0a\x01\x01\x00\x0b\x00\x60\x00\x00\x00\x08\x00\x00\x00\x40\x1f\x00\x00x\x05\x00\x00\xb8\x00\x00\x00\x07\x00\x00\x00X\x1b\x00\x00T\x0b\x00\x00\xb8\x00\x00\x00\x05\x00\x00\x00\x88\x13\x00\x00\xdc\x05\x00\x00\xb8\x00\x00\x00\x02\x00\x00\x00\xd0\x07\x00\x00\x2c\x01\x00\x00\xb8\x00\x00\x00\x03\x00\x00\x00\xb8\x0b\x00\x00\xbc\x1b\x00\x00\xb8\x00\x00\x00\x0a\x00\x00\x00\x10\x27\x00\x00\x3c\x0f\x00\x00\xb8\x00\x00\x00</data></match></read>
    <write><data>\xa5Z\x10\x00\x9em\x00\x00\x00\x00\x00\x00\x00\x00\x00\x00\x2d\x07\x00\x00</data></write>
    <read><length>12</length><match><data>\xa5Z\x0a\x01\x00\x00\x05\x00\x00\x00\x00\x00</data></match></read>
    <write><data>\xa5Z\x08\x00\x02\x00\x11\x01\xfa\x01\x00\x00</data></write>
    <read><length>12</length><match><data>\xa5Z\x0a\x01\x00\x00\x00\x00\x00\x00\x00\x00</data></match></read>
    <write><data>\xa5Z\x08\x00\x07\x00\x00\x00\x94\x01\x00\x00</data></write>
    <read><length>120</length><match><data>\xa5Z\x0a\x01\x01\x00\x07\x00l\x00\x00\x00\x00\x00\x00\x00\x04\x00\x00\x00!\x01\x00\x00\x01\x00\x00\x00\xd3\x16\x00\x00\xeb\x00\x00\x00\x01\x00\x00\x00\xf64\x00\x000\x01\x00\x00\x00\x00\x00\x00\x0a\x00\x00\x00T\x01\x00\x00\x01\x00\x00\x00\x8c\x1d\x00\x00\xfe\x00\x00\x00\x01\x00\x00\x00\x7f\x19\x00\x00\xcb\x00\x00\x00\x00\x00\x00\x00\x05\x00\x00\x00!\x01\x00\x00\x00\x00\x00\x00\x07\x00\x00\x00\xe7\x00\x00\x00\x01\x00\x00\x00\xed\x23\x00\x00\xe9\x00\x00\x00</data></match></read>
    <write><data>\xa5Z\x2c\x00\x06\x00\x03\x00\x00\x00\x00\x00\x0a\x00\x00\x00.\x01\x00\x00\x00\x00\x00\x00\x02\x00\x00\x00\x05\x01\x00\x00\x01\x00\x00\x00\xb9\x2c\x00\x00T\x01\x00\x00\x975\x00\x00</data></write>
    <read><length>12</length><match><data>\xa5Z\x0a\x01\x00\x00\x00\x00\x00\x00\x00\x00</data></match></read>
    <write><data>\xa5Z\x10\x00\xa1\xde\x00\x00\x00\x00\x00\x00\x00\x00\x00\x00\xe2\x09\x00\x00</data></write>
    <read><length>12</length><match><data>\xa5Z\x0a\x01\x00\x00\x05\x00\x00\x00\x00\x00</data></match></read>
    <write><data>\xa5Z\x08\x00\x09\x00\x92\x00\x9c\x05\x00\x00</data></write>
    <read><length>12</length><match><data>\xa5Z\x0a\x01\x00\x00\x09\x00\x92\x00\x00\x00</data></match></read>
    <write><data>\xa5Z\x08\x00\x05\x00\x00\x00\x8a\x01\x00\x00</data></write>
    <read><length>12</length><match><data>\xa5Z\x0a\x01\x00\x00\x00\x00\x00\x00\x00\x00</data></match></read>
    <write><data>\xa5Z\x14\x00\x03\x00\x03\x00\xb8\x0b\x00\x00\x08\x07\x00\x00K\x00\x00\x00d\x0e\x00\x00</data></write>
    <read><length>12</length><match><data>\xa5Z\x0a\x01\x00\x00\x07\x00\x00\x00\x00\x00</data></match></read>
    <write><data>\xa5Z\x0a\x00\x0c\x00.\x00\x00\x00\xf5\x02\x00\x00</data></write>
    <read><length>12</length><match><data>\xa5Z\x0a\x01\x00\x00\x00\x00\x00\x00\x00\x00</data></match></read>
    <write><data>\xa5Z\x08\x00\x01\x00\x00\x00v\x01\x00\x00</data></write>
    <read><length>12</length><match><data>\xa5Z\x0a\x01\x00\x00\x00\x00\x00\x00\x00\x00</data></match></read>
    <write><data>\xa5Z\x08\x00\x05\x00\x01\x00\x91\x01\x00\x00</data></write>
    <read><length>12</length><match><data>\xa5Z\x0a\x01\x00\x00\x00\x00\x00\x00\x00\x00</data></match></read>
    <write><data>\xa5Z\x08\x00\x09\x00m\x00\x99\x04\x00\x00</data></write>
    <read><length>12</length><match><data>\xa5Z\x0a\x01\x00\x00\x09\x00m\x00\x00\x00</data></match></read>
    <write><data>\xa5Z\x08\x00\x01\x00\x01\x00\x7d\x01\x00\x00</data></write>
    <read><length>12</length><match><data>\xa5Z\x0a\x01\x00\x00\x00\x00\x00\x00\x00\x00</data></match></read>
    <write><data>\xa5Z\x5c\x00\x06\x00\x07\x00\x01\x00\x00\x00\x116\x00\x00\x1b\x01\x00\x00\x00\x00\x00\x00\x08\x00\x00\x00H\x01\x00\x00\x01\x00\x00\x00A\x0c\x00\x00\xd3\x00\x00\x00\x01\x00\x00\x00F\x10\x00\x00\xe6\x00\x00\x00\x01\x00\x00\x00\x9e\x0f\x00\x00?\x01\x00\x00\x01\x00\x00\x00\xb8\x28\x00\x00\xdf\x00\x00\x00\x00\x00\x00\x00\x08\x00\x00\x00.\x01\x00\x00\x0dO\x01\x00</data></write>
    <read><length>12</length><match><data>\xa5Z\x0a\x01\x00\x00\x00\x00\x00\x00\x00\x00</data></match></read>
    <write><data>\xa5Z\x0c\x00\x0a\x00\x00\x00\x00\x00\x00\x00\xaf\x01\x00\x00</data></write>
    <read><length>16</length><match><data>\xa5Z\x0a\x01\x01\x00\x0a\x00\x04\x00\x00\x00\xba\x3d\xa3?</data></match></read>
    <write><data>\xa5Z\x08\x00\x05\x00\x01\x00\x91\x01\x00\x00</data></write>
    <read><length>12</length><match><data>\xa5Z\x0a\x01\x00\x00\x00\x00\x00\x00\x00\x00</data></match></read>
    <write><data>\xa5Z\x14\x00\x03\x00\x04\x00\xa0\x0f\x00\x00\xe4\x0c\x00\x00K\x00\x00\x00\x2d\x19\x00\x00</data></write>
    <read><length>12</length><match><data>\xa5Z\x0a\x01\x00\x00\x00\x00\x00\x00\x00\x00</data></match></read>
    <write><data>\xa5Z\x0a\x00\x0c\x008\x00\x00\x00\x3b\x03\x00\x00</data></write>
    <read><length>12</length><match><data>\xa5Z\x0a\x01\x00\x00\x00\x00\x00\x00\x00\x00</data></match></read>
    <write><data>\xa5Z\x08\x00\x05\x00\x01\x00\x91\x01\x00\x00</data></write>
    <read><length>12</length><match><data>\xa5Z\x0a\x01\x00\x00\x00\x00\x00\x00\x00\x00</data></match></read>
    <write><data>\xa5ZP\x00\x06\x00\x06\x00\x00\x00\x00\x00\x08\x00\x00\x00\xfe\x00\x00\x00\x00\x00\x00\x00\x07\x00\x00\x00\xb4\x00\x00\x00\x01\x00\x00\x00\xd6\x2a\x00\x00\xec\x00\x00\x00\x01\x00\x00\x00\x5b\x2c\x00\x00Z\x01\x00\x00\x00\x00\x00\x00\x08\x00\x00\x00J\x01\x00\x00\x00\x00\x00\x00\x05\x00\x00\x00\xc4\x00\x00\x00\x5e\xf2\x00\x00</data></write>
    <read><length>12</length><match><data>\xa5Z\x0a\x01\x00\x00\x00\x00\x00\x00\x00\x00</data></match></read>
    <write><data>\xa5Z\x08\x00\x0b\x00\x00\x00\xa8\x01\x00\x00</data></write>
    <read><length>124</length><match><data>\xa5Z\x0a\x01\x01\x00\x0b\x00p\x00\x00\x00\x08\x00\x00\x00\x40\x1f\x00\x00x\x05\x00\x00K\x00\x00\x00\x07\x00\x00\x00X\x1b\x00\x00T\x0b\x00\x00K\x00\x00\x00\x05\x00\x00\x00\x88\x13\x00\x00\xdc\x05\x00\x00K\x00\x00\x00\x02\x00\x00\x00\xd0\x07\x00\x00\x2c\x01\x00\x00K\x00\x00\x00\x03\x00\x00\x00\xb8\x0b\x00\x00\xbc\x1b\x00\x00K\x00\x00\x00\x0a\x00\x00\x00\x10\x27\x00\x00\x3c\x0f\x00\x00K\x00\x00\x00\x04\x00\x00\x00\xa0\x0f\x00\x00\xe4\x0c\x00\x00K\x00\x00\x00</data></match></read>
    <write><data>\xa5Z\x08\x00\x01\x00\x01\x00\x7d\x01\x00\x00</data></write>
    <read><length>12</length><match><data>\xa5Z\x0a\x01\x00\x00\x00\x00\x00\x00\x00\x00</data></match></read>
    <write><data>\xa5Z\x14\x00\x03\x00\x0a\x00\x10\x27\x00\x00T\x24\x00\x00K\x00\x00\x007\x0f\x00\x00</data></write>
    <read><length>12</length><match><data>\xa5Z\x0a\x01\x00\x00\x07\x00\x00\x00\x00\x00</data></match></read>
    <write><data>\xa5Z\x0c\x00\x08\x00\x00\x00\x00\x00\x00\x00\xa5\x01\x00\x00</data></write>
    <read><length>36</length><match><data>\xa5Z\x0a\x01\x01\x00\x08\x00\x18\x00\x00\x00\x0a\x01\x00\x00\xaf\x00\x00\x00K\x00\x00\x00\x01\x00\x00\x00\x00\x00\x00\x00\x00\x00\x00\x00</data></match></read>
    <write><data>\xa5Z\x08\x00\x05\x00\x01\x00\x91\x01\x00\x00</data></write>
    <read><length>12</length><match><data>\xa5Z\x0a\x01\x00\x00\x00\x00\x00\x00\x00\x00</data></match></read>
    <write><data>\xa5Z\x10\x00s\x9d\x00\x00\x00\x00\x00\x00\x00\x00\x00\x00v\x07\x00\x00</data></write>
    <read><length>12</length><match><data>\xa5Z\x0a\x01\x00\x00\x05\x00\x00\x00\x00\x00</data></match></read>
    <write><data>\xa5Z\x08\x00\x05\x00\x00\x00\x8a\x01\x00\x00</data></write>
    <read><length>12</length><match><data>\xa5Z\x0a\x01\x00\x00\x00\x00\x00\x00\x00\x00</data></match></read>
    <write><data>\xa5Z\x10\x00o\x3d\x00\x00\x00\x00\x00\x00\x00\x00\x00\x00\x22\x05\x00\x00</data></write>
    <read><length>12</length><match><data>\xa5Z\x0a\x01\x00\x00\x05\x00\x00\x00\x00\x00</data></match></read>
    <write><data>\xa5Z\x0c\x00\x08\x00\x00\x00\x00\x00\x00\x00\xa5\x01\x00\x00</data></write>
    <read><length>36</length><match><data>\xa5Z\x0a\x01\x01\x00\x08\x00\x18\x00\x00\x00\x0a\x01\x00\x00\xaf\x00\x00\x00K\x00\x00\x00\x01\x00\x00\x00\x00\x00\x00\x00\x00\x00\x00\x00</data></match></read>
    <write><data>\xa5Z\x14\x00\x03\x00\x08\x00\x40\x1f\x00\x00\x10\x0e\x00\x00K\x00\x00\x00\xe1\x0b\x00\x00</data></write>
    <read><length>12</length><match><data>\xa5Z\x0a\x01\x00\x00\x07\x00\x00\x00\x00\x00</data></match></read>
    <write><data>\xa5Z\x10\x00\x1aa\x00\x00\x00\x00\x00\x00\x00\x00\x00\x00Q\x04\x00\x00</data></write>
    <read><length>12</length><match><data>\xa5Z\x0a\x01\x00\x00\x05\x00\x00\x00\x00\x00</data></match></read>
    <write><data>\xa5Z\x08\x00\x05\x00\x00\x00\x8a\x01\x00\x00</data></write>
    <read><length>12</length><match><data>\xa5Z\x0a\x01\x00\x00\x00\x00\x00\x00\x00\x00</data></match></read>
    <write><data>\xa5Z\x08\x00\x01\x00\x01\x00\x7d\x01\x00\x00</data></write>
    <read><length>12</length><match><data>\xa5Z\x0a\x01\x00\x00\x00\x00\x00\x00\x00\x00</data></match></read>
    <write><data>\xa5Z\x0c\x00\x08\x00\x00\x00\x00\x00\x00\x00\xa5\x01\x00\x00</data></write>
    <read><length>36</length><match><data>\xa5Z\x0a\x01\x01\x00\x08\x00\x18\x00\x00\x00\x0a\x01\x00\x00\xaf\x00\x00\x00K\x00\x00\x00\x01\x00\x00\x00\x00\x00\x00\x00\x00\x00\x00\x00</data></match></read>
    <write><data>\xa5Z\x0c\x00\x0a\x00\x00\x00\x00\x00\x00\x00\xaf\x01\x00\x00</data></write>
    <read><length>16</length><match><data>\xa5Z\x0a\x01\x01\x00\x0a\x00\x04\x00\x00\x00\xba\x3d\xa3?</data></match></read>
    <write><data>\xa5Z\x0a\x00\x0c\x00K\x00\x00\x00\xc0\x03\x00\x00</data></write>
    <read><length>12</length><match><data>\xa5Z\x0a\x01\x00\x00\x00\x00\x00\x00\x00\x00</data></match></read>
    <write><data>\xa5Z\x08\x00\x01\x00\x01\x00\x7d\x01\x00\x00</data></write>
    <read><length>12</length><match><data>\xa5Z\x0a\x01\x00\x00\x00\x00\x00\x00\x00\x00</data></match></read>
    <write><data>\xa5Z\x08\x00\x02\x00\x3e\x015\x03\x00\x00</data></write>
    <read><length>12</length><match><data>\xa5Z\x0a\x01\x00\x00\x00\x00\x00\x00\x00\x00</data></match></read>
    <write><data>\xa5Z\x08\x00\x07\x00\x00\x00\x94\x01\x00\x00</data></write>
    <read><length>84</length><match><data>\xa5Z\x0a\x01\x01\x00\x07\x00H\x00\x00\x00\x00\x00\x00\x00\x08\x00\x00\x00\xfe\x00\x00\x00\x00\x00\x00\x00\x07\x00\x00\x00\xb4\x00\x00\x00\x01\x00\x00\x00\xd6\x2a\x00\x00\xec\x00\x00\x00\x01\x00\x00\x00\x5b\x2c\x00\x00Z\x01\x00\x00\x00\x00\x00\x00\x08\x00\x00\x00J\x01\x00\x00\x00\x00\x00\x00\x05\x00\x00\x00\xc4\x00\x00\x00</data></match></read>
    <write><data>\xa5Z\x08\x00\x09\x00t\x00\xca\x04\x00\x00</data></write>
    <read><length>12</length><match><data>\xa5Z\x0a\x01\x00\x00\x09\x00t\x00\x00\x00</data></match></read>
    <write><data>\xa5Z\x0c\x00\x08\x00\x00\x00\x00\x00\x00\x00\xa5\x01\x00\x00</data></write>
    <read><length>36</length><match><data>\xa5Z\x0a\x01\x01\x00\x08\x00\x18\x00\x00\x00\x0a\x01\x00\x00\x3e\x01\x00\x00\xbe\x00\x00\x00\x01\x00\x00\x00\x01\x00\x00\x00\x00\x00\x00\x00</data></match></read>
    <write><data>\xa5Z\x08\x00\x04\x00\x03\x00\x9a\x01\x00\x00</data></write>
    <read><length>12</length><match><data>\xa5Z\x0a\x01\x00\x00\x00\x00\x00\x00\x00\x00</data></match></read>
    <write><data>\xa5Z\x08\x00\x05\x00\x00\x00\x8a\x01\x00\x00</data></write>
    <read><length>12</length><match><data>\xa5Z\x0a\x01\x00\x00\x00\x00\x00\x00\x00\x00</data></match></read>
    <write><data>\xa5Z\x08\x00\x02\x00\xaa\x00!\x06\x00\x00</data></write>
    <read><length>12</length><match><data>\xa5Z\x0a\x01\x00\x00\x01\x00\x00\x00\x00\x00</data></match></read>
    <write><data>\xa5Z\x0c\x00\x08\x00\x00\x00\x00\x00\x00\x00\xa5\x01\x00\x00</data></write>
    <read><length>36</length><match><data>\xa5Z\x0a\x01\x01\x00\x08\x00\x18\x00\x00\x00\x0a\x01\x00\x00\x3e\x01\x00\x00\xbe\x00\x00\x00\x01\x00\x00\x00\x01\x00\x00\x00\x00\x00\x00\x00</data></match></read>
    <write><data>\xa5Z\x08\x00\x09\x00\x7f\x00\x17\x05\x00\x00</data></write>
    <read><length>12</length><match><data>\xa5Z\x0a\x01\x00\x00\x09\x00\xf3\x00\x00\x00</data></match></read>
    <write><data>\xa5Z\x08\x00\x07\x00\x00\x00\x94\x01\x00\x00</data></write>
    <read><length>84</length><match><data>\xa5Z\x0a\x01\x01\x00\x07\x00H\x00\x00\x00\x00\x00\x00\x00\x08\x00\x00\x00\xfe\x00\x00\x00\x00\x00\x00\x00\x07\x00\x00\x00\xb4\x00\x00\x00\x01\x00\x00\x00\xd6\x2a\x00\x00\xec\x00\x00\x00\x01\x00\x00\x00\x5b\x2c\x00\x00Z\x01\x00\x00\x00\x00\x00\x00\x08\x00\x00\x00J\x01\x00\x00\x00\x00\x00\x00\x05\x00\x00\x00\xc4\x00\x00\x00</data></match></read>
    <write><data>\xa5Z\x08\x00\x04\x00\x07\x00\xb6\x01\x00\x00</data></write>
    <read><length>12</length><match><data>\xa5Z\x0a\x01\x00\x00\x00\x00\x00\x00\x00\x00</data></match></read>
    <write><data>\xa5Z\x08\x00\x0b\x00\x00\x00\xa8\x01\x00\x00</data></write>
    <read><length>92</length><match><data>\xa5Z\x0a\x01\x01\x00\x0b\x00P\x00\x00\x00\x08\x00\x00\x00\x40\x1f\x00\x00x\x05\x00\x00\x3b\x01\x00\x00\x05\x00\x00\x00\x88\x13\x00\x00\xdc\x05\x00\x00\x3b\x01\x00\x00\x02\x00\x00\x00\xd0\x07\x00\x00\x2c\x01\x00\x00\x3b\x01\x00\x00\x0a\x00\x00\x00\x10\x27\x00\x00\x3c\x0f\x00\x00\x3b\x01\x00\x00\x04\x00\x00\x00\xa0\x0f\x00\x00\xe4\x0c\x00\x00\x3b\x01\x00\x00</data></match></read>
    <write><data>\xa5Z\x08\x00\x09\x00\x9b\x00\xdb\x05\x00\x00</data></write>
    <read><length>12</length><match><data>\xa5Z\x0a\x01\x00\x00\x09\x00\x8e\x01\x00\x00</data></match></read>
    <write><data>\xa5Z\x0c\x00\x08\x00\x00\x00\x00\x00\x00\x00\xa5\x01\x00\x00</data></write>
    <read><length>36</length><match><data>\xa5Z\x0a\x01\x01\x00\x08\x00\x18\x00\x00\x00\x0a\x01\x00\x00\xb4\x00\x00\x00\x15\x01\x00\x00\x01\x00\x00\x00\x00\x00\x00\x00\x00\x00\x00\x00</data></match></read>
    <write><data>\xa5Z\x08\x00\x02\x00\x7f\x01\xfc\x04\x00\x00</data></write>
    <read><length>12</length><match><data>\xa5Z\x0a\x01\x00\x00\x01\x00\x00\x00\x00\x00</data></match></read>
    <write><data>\xa5Z\x08\x00\x09\x00\xa6\x00\x28\x06\x00\x00</data></write>
    <read><length>12</length><match><data>\xa5Z\x0a\x01\x00\x00\x09\x004\x02\x00\x00</data></match></read>
    <write><data>\xa5ZD\x00\x06\x00\x05\x00\x01\x00\x00\x00\x7e\x0f\x00\x00\xff\x00\x00\x00\x01\x00\x00\x008\x29\x00\x00\x25\x01\x00\x00\x01\x00\x00\x00\x86\x0b\x00\x00 \x01\x00\x00\x01\x00\x00\x00\xeb5\x00\x00\xe5\x00\x00\x00\x00\x00\x00\x00\x05\x00\x00\x00\x0e\x01\x00\x00\xf3\xae\x00\x00</data></write>
    <read><length>12</length><match><data>\xa5Z\x0a\x01\x00\x00\x00\x00\x00\x00\x00\x00</data></match></read>
    <write><data>\xa5Z\x08\x00\x04\x00\x0c\x00\xd9\x01\x00\x00</data></write>
    <read><length>12</length><match><data>\xa5Z\x0a\x01\x00\x00\x06\x00\x00\x00\x00\x00</data></match></read>
    <write><data>\xa5Z\x0a\x00\x0c\x00\x14\x00\x00\x00?\x02\x00\x00</data></write>
    <read><length>12</length><match><data>\xa5Z\x0a\x01\x00\x00\x00\x00\x00\x00\x00\x00</data></match></read>
    <write><data>\xa5Z\x08\x00\x01\x00\x01\x00\x7d\x01\x00\x00</data></write>
    <read><length>12</length><match><data>\xa5Z\x0a\x01\x00\x00\x00\x00\x00\x00\x00\x00</data></match></read>
    <write><data>\xa5Zh\x00\x06\x00\x08\x00\x01\x00\x00\x00\x051\x00\x00\x2b\x01\x00\x00\x01\x00\x00\x00z\x18\x00\x00\xe8\x00\x00\x00\x01\x00\x00\x00\x2b\x29\x00\x00\xfc\x00\x00\x00\x01\x00\x00\x00\x8b\x16\x00\x00\xec\x00\x00\x00\x00\x00\x00\x00\x0a\x00\x00\x00\xe7\x00\x00\x00\x00\x00\x00\x00\x04\x00\x00\x00\xcf\x00\x00\x00\x00\x00\x00\x00\x0a\x00\x00\x00K\x01\x00\x00\x01\x00\x00\x00\x0a\x1c\x00\x00\x0f\x01\x00\x00\x9ce\x01\x00</data></write>
    <read><length>12</length><match><data>\xa5Z\x0a\x01\x00\x00\x00\x00\x00\x00\x00\x00</data></match></read>
    <write><data>\xa5Z\x14\x00\x03\x00\x05\x00\x88\x13\x00\x00\xc8\x00\x00\x00K\x00\x00\x00p\x16\x00\x00</data></write>
    <read><length>12</length><match><data>\xa5Z\x0a\x01\x00\x00\x07\x00\x00\x00\x00\x00</data></match></read>
    <write><data>\xa5Z\x08\x00\x09\x00l\x00\x92\x04\x00\x00</data></write>
    <read><length>12</length><match><data>\xa5Z\x0a\x01\x00\x00\x09\x00l\x00\x00\x00</data></match></read>
    <write><data>\xa5Z\x08\x00\x05\x00\x01\x00\x91\x01\x00\x00</data></write>
    <read><length>12</length><match><data>\xa5Z\x0a\x01\x00\x00\x00\x00\x00\x00\x00\x00</data></match></read>
    <write><data>\xa5Z\x08\x00\x09\x00n\x00\xa0\x04\x00\x00</data></write>
    <read><length>12</length><match><data>\xa5Z\x0a\x01\x00\x00\x09\x00\xda\x00\x00\x00</data></match></read>
    <write><data>\xa5Z\x08\x00\x05\x00\x01\x00\x91\x01\x00\x00</data></write>
    <read><length>12</length><match><data>\xa5Z\x0a\x01\x00\x00\x00\x00\x00\x00\x00\x00</data></match></read>
    <write><data>\xa5Z\x08\x00\x09\x00t\x00\xca\x04\x00\x00</data></write>
    <read><length>12</length><match><data>\xa5Z\x0a\x01\x00\x00\x09\x00N\x01\x00\x00</data></match></read>
    <write><data>\xa5Z\x08\x00\x05\x00\x01\x00\x91\x01\x00\x00</data></write>
    <read><length>12</length><match><data>\xa5Z\x0a\x01\x00\x00\x00\x00\x00\x00\x00\x00</data></match></read>
    <write><data>\xa5Z\x10\x00\x89\x07\x00\x00\x00\x00\x00\x00\x00\x00\x00\x00\x60\x04\x00\x00</data></write>
    <read><length>12</length><match><data>\xa5Z\x0a\x01\x00\x00\x05\x00\x00\x00\x00\x00</data></match></read>
    <write><data>\xa5Z\x10\x00\xf1\x7f\x00\x00\x00\x00\x00\x00\x00\x00\x00\x008\x09\x00\x00</data></write>
    <read><length>12</length><match><data>\xa5Z\x0a\x01\x00\x00\x05\x00\x00\x00\x00\x00</data></match></read>
    <write><data>\xa5Z\x08\x00\x01\x00\x01\x00\x7d\x01\x00\x00</data></write>
    <read><length>12</length><match><data>\xa5Z\x0a\x01\x00\x00\x00\x00\x00\x00\x00\x00</data></match></read>
    <write><data>\xa5Z\x08\x00\x04\x00\x02\x00\x93\x01\x00\x00</data></write>
    <read><length>12</length><match><data>\xa5Z\x0a\x01\x00\x00\x00\x00\x00\x00\x00\x00</data></match></read>
    <write><data>\xa5Z\x08\x00\x05\x00\x00\x00\x8a\x01\x00\x00</data></write>
    <read><length>12</length><match><data>\xa5Z\x0a\x01\x00\x00\x00\x00\x00\x00\x00\x00</data></match></read>
    <write><data>\xa5Z\x14\x00\x03\x00\x0b\x00\xf8\x2a\x00\x00P\x14\x00\x00K\x00\x00\x00p\x16\x00\x00</data></write>
    <read><length>12</length><match><data>\xa5Z\x0a\x01\x00\x00\x00\x00\x00\x00\x00\x00</data></match></read>
    <write><data>\xa5Z\x14\x00\x03\x00\x0b\x00\xf8\x2a\x00\x00\x94\x11\x00\x00K\x00\x00\x00\xba\x19\x00\x00</data></write>
    <read><length>12</length><match><data>\xa5Z\x0a\x01\x00\x00\x07\x00\x00\x00\x00\x00</data></match></read>
    <write><data>\xa5Z\x0c\x00\x0a\x00\x00\x00\x00\x00\x00\x00\xaf\x01\x00\x00</data></write>
    <read><length>16</length><match><data>\xa5Z\x0a\x01\x01\x00\x0a\x00\x04\x00\x00\x00\xba\x3d\xa3?</data></match></read>
    <write><data>\xa5Z\x0c\x00\xff\x00\x00\x00\x00\x00\x00\x00x\x06\x00\x00</data></write>
</replay>
</pov>