<?xml version="1.0" standalone="no" ?>
<!DOCTYPE pov SYSTEM "/usr/share/cgc-docs/replay.dtd">
<pov>
<cbid>service</cbid>
<seed>9425a9d995c3ba086fb0897af31bf08f9c3ea2b3d65670349e563df856741b86873e506ba4fd97275fb3224044453358</seed>
<replay>
    <write><data>\xa5Z\x0c\x00\x0a\x00\x00\x00\x00\x00\x00\x00\xaf\x01\x00\x00</data></write>
    <read><length>16</length><match><data>\xa5Z\x0a\x01\x01\x00\x0a\x00\x04\x00\x00\x00\xb6\xdc\xae\x40</data></match></read>
    <write><data>\xa5Z\x08\x00\x05\x00\x01\x00\x91\x01\x00\x00</data></write>
    <read><length>12</length><match><data>\xa5Z\x0a\x01\x00\x00\x00\x00\x00\x00\x00\x00</data></match></read>
    <write><data>\xa5Z\x14\x00\x03\x00\x0a\x00\x10\x27\x00\x00 \x1c\x00\x00K\x00\x00\x00\x23\x0c\x00\x00</data></write>
    <read><length>12</length><match><data>\xa5Z\x0a\x01\x00\x00\x00\x00\x00\x00\x00\x00</data></match></read>
    <write><data>\xa5Z\x08\x00\x04\x00\x0b\x00\xd2\x01\x00\x00</data></write>
    <read><length>12</length><match><data>\xa5Z\x0a\x01\x00\x00\x06\x00\x00\x00\x00\x00</data></match></read>
    <write><data>\xa5Z\x0c\x00\x0a\x00\x00\x00\x00\x00\x00\x00\xaf\x01\x00\x00</data></write>
    <read><length>16</length><match><data>\xa5Z\x0a\x01\x01\x00\x0a\x00\x04\x00\x00\x00\xb6\xdc\xae\x40</data></match></read>
    <write><data>\xa5Z\x0c\x00\x0a\x00\x00\x00\x00\x00\x00\x00\xaf\x01\x00\x00</data></write>
    <read><length>16</length><match><data>\xa5Z\x0a\x01\x01\x00\x0a\x00\x04\x00\x00\x00\xb6\xdc\xae\x40</data></match></read>
    <write><data>\xa5Z\x08\x00\x05\x00\x00\x00\x8a\x01\x00\x00</data></write>
    <read><length>12</length><match><data>\xa5Z\x0a\x01\x00\x00\x00\x00\x00\x00\x00\x00</data></match></read>
    <write><data>\xa5Z\x08\x00\x05\x00\x00\x00\x8a\x01\x00\x00</data></write>
    <read><length>12</length><match><data>\xa5Z\x0a\x01\x00\x00\x00\x00\x00\x00\x00\x00</data></match></read>
    <write><data>\xa5Z\x0c\x00\x08\x00\x00\x00\x00\x00\x00\x00\xa5\x01\x00\x00</data></write>
    <read><length>36</length><match><data>\xa5Z\x0a\x01\x01\x00\x08\x00\x18\x00\x00\x00\x0a\x01\x00\x00\xaf\x00\x00\x00K\x00\x00\x00\x00\x00\x00\x00\x00\x00\x00\x00\x00\x00\x00\x00</data></match></read>
    <write><data>\xa5Z\x08\x00\x01\x00\x01\x00\x7d\x01\x00\x00</data></write>
    <read><length>12</length><match><data>\xa5Z\x0a\x01\x00\x00\x00\x00\x00\x00\x00\x00</data></match></read>
    <write><data>\xa5Z\x08\x00\x04\x00\x0c\x00\xd9\x01\x00\x00</data></write>
    <read><length>12</length><match><data>\xa5Z\x0a\x01\x00\x00\x06\x00\x00\x00\x00\x00</data></match></read>
    <write><data>\xa5Z\x08\x00\x09\x00i\x00\x7d\x04\x00\x00</data></write>
    <read><length>12</length><match><data>\xa5Z\x0a\x01\x00\x00\x09\x00i\x00\x00\x00</data></match></read>
    <write><data>\xa5Z\x08\x00\x05\x00\x01\x00\x91\x01\x00\x00</data></write>
    <read><length>12</length><match><data>\xa5Z\x0a\x01\x00\x00\x00\x00\x00\x00\x00\x00</data></match></read>
    <write><data>\xa5Z\x10\x00\xf3\xe7\x00\x00\x00\x00\x00\x00\x00\x00\x00\x00\xb2\x0b\x00\x00</data></write>
    <read><length>12</length><match><data>\xa5Z\x0a\x01\x00\x00\x05\x00\x00\x00\x00\x00</data></match></read>
    <write><data>\xa5Z\x08\x00\x09\x00\xba\x00\xb4\x06\x00\x00</data></write>
    <read><length>12</length><match><data>\xa5Z\x0a\x01\x00\x00\x09\x00\x23\x01\x00\x00</data></match></read>
    <write><data>\xa5Z\x0c\x00\x08\x00\x00\x00\x00\x00\x00\x00\xa5\x01\x00\x00</data></write>
    <read><length>36</length><match><data>\xa5Z\x0a\x01\x01\x00\x08\x00\x18\x00\x00\x00\x0a\x01\x00\x00\xaf\x00\x00\x00\xb0\x00\x00\x00\x01\x00\x00\x00\x00\x00\x00\x00\x01\x00\x00\x00</data></match></read>
    <write><data>\xa5Z\x0c\x00\x08\x00\x00\x00\x00\x00\x00\x00\xa5\x01\x00\x00</data></write>
    <read><length>36</length><match><data>\xa5Z\x0a\x01\x01\x00\x08\x00\x18\x00\x00\x00\x0a\x01\x00\x00\xaf\x00\x00\x00\xb0\x00\x00\x00\x01\x00\x00\x00\x00\x00\x00\x00\x01\x00\x00\x00</data></match></read>
    <write><data>\xa5Z\x0c\x00\x08\x00\x00\x00\x00\x00\x00\x00\xa5\x01\x00\x00</data></write>
    <read><length>36</length><match><data>\xa5Z\x0a\x01\x01\x00\x08\x00\x18\x00\x00\x00\x0a\x01\x00\x00\xaf\x00\x00\x00\xb0\x00\x00\x00\x01\x00\x00\x00\x00\x00\x00\x00\x01\x00\x00\x00</data></match></read>
    <write><data>\xa5Z\x0a\x00\x0c\x00X\x00\x00\x00\x1b\x04\x00\x00</data></write>
    <read><length>12</length><match><data>\xa5Z\x0a\x01\x00\x00\x00\x00\x00\x00\x00\x00</data></match></read>
    <write><data>\xa5Z\x0c\x00\x0a\x00\x00\x00\x00\x00\x00\x00\xaf\x01\x00\x00</data></write>
    <read><length>16</length><match><data>\xa5Z\x0a\x01\x01\x00\x0a\x00\x04\x00\x00\x00\xb6\xdc\xae\x40</data></match></read>
    <write><data>\xa5Z\x08\x00\x09\x00u\x00\xd1\x04\x00\x00</data></write>
    <read><length>12</length><match><data>\xa5Z\x0a\x01\x00\x00\x09\x00\x98\x01\x00\x00</data></match></read>
    <write><data>\xa5Z\x08\x00\x0b\x00\x00\x00\xa8\x01\x00\x00</data></write>
    <read><length>28</length><match><data>\xa5Z\x0a\x01\x01\x00\x0b\x00\x10\x00\x00\x00\x0a\x00\x00\x00\x10\x27\x00\x00 \x1c\x00\x00\xae\x00\x00\x00</data></match></read>
    <write><data>\xa5Z\x0a\x00\x0c\x00J\x00\x00\x00\xb9\x03\x00\x00</data></write>
    <read><length>12</length><match><data>\xa5Z\x0a\x01\x00\x00\x00\x00\x00\x00\x00\x00</data></match></read>
    <write><data>\xa5Z\x08\x00\x05\x00\x00\x00\x8a\x01\x00\x00</data></write>
    <read><length>12</length><match><data>\xa5Z\x0a\x01\x00\x00\x00\x00\x00\x00\x00\x00</data></match></read>
    <write><data>\xa5Z\x08\x00\x0b\x00\x00\x00\xa8\x01\x00\x00</data></write>
    <read><length>28</length><match><data>\xa5Z\x0a\x01\x01\x00\x0b\x00\x10\x00\x00\x00\x0a\x00\x00\x00\x10\x27\x00\x00 \x1c\x00\x00\xae\x00\x00\x00</data></match></read>
    <write><data>\xa5Z\x0c\x00\x08\x00\x00\x00\x00\x00\x00\x00\xa5\x01\x00\x00</data></write>
    <read><length>36</length><match><data>\xa5Z\x0a\x01\x01\x00\x08\x00\x18\x00\x00\x00\x0a\x01\x00\x00\xaf\x00\x00\x00\xae\x00\x00\x00\x01\x00\x00\x00\x00\x00\x00\x00\x00\x00\x00\x00</data></match></read>
    <write><data>\xa5Z\x08\x00\x0b\x00\x00\x00\xa8\x01\x00\x00</data></write>
    <read><length>28</length><match><data>\xa5Z\x0a\x01\x01\x00\x0b\x00\x10\x00\x00\x00\x0a\x00\x00\x00\x10\x27\x00\x00 \x1c\x00\x00\xae\x00\x00\x00</data></match></read>
    <write><data>\xa5Z\x10\x00\x0f\x07\x00\x00\x00\x00\x00\x00\x00\x00\x00\x00\xfe\x01\x00\x00</data></write>
    <read><length>12</length><match><data>\xa5Z\x0a\x01\x00\x00\x05\x00\x00\x00\x00\x00</data></match></read>
    <write><data>\xa5Z\x08\x00\x02\x00\xe2\x00\xa9\x07\x00\x00</data></write>
    <read><length>12</length><match><data>\xa5Z\x0a\x01\x00\x00\x00\x00\x00\x00\x00\x00</data></match></read>
    <write><data>\xa5Z\x0c\x00\x08\x00\x00\x00\x00\x00\x00\x00\xa5\x01\x00\x00</data></write>
    <read><length>36</length><match><data>\xa5Z\x0a\x01\x01\x00\x08\x00\x18\x00\x00\x00\x0a\x01\x00\x00\xe2\x00\x00\x00\xae\x00\x00\x00\x01\x00\x00\x00\x00\x00\x00\x00\x00\x00\x00\x00</data></match></read>
    <write><data>\xa5Z\x14\x00\x03\x00\x05\x00\x88\x13\x00\x004\x08\x00\x00J\x00\x00\x00K\x0f\x00\x00</data></write>
    <read><length>12</length><match><data>\xa5Z\x0a\x01\x00\x00\x00\x00\x00\x00\x00\x00</data></match></read>
    <write><data>\xa5Z\x08\x00\x05\x00\x00\x00\x8a\x01\x00\x00</data></write>
    <read><length>12</length><match><data>\xa5Z\x0a\x01\x00\x00\x00\x00\x00\x00\x00\x00</data></match></read>
    <write><data>\xa5Z\x08\x00\x05\x00\x00\x00\x8a\x01\x00\x00</data></write>
    <read><length>12</length><match><data>\xa5Z\x0a\x01\x00\x00\x00\x00\x00\x00\x00\x00</data></match></read>
    <write><data>\xa5Z\x0c\x00\x0a\x00\x00\x00\x00\x00\x00\x00\xaf\x01\x00\x00</data></write>
    <read><length>16</length><match><data>\xa5Z\x0a\x01\x01\x00\x0a\x00\x04\x00\x00\x00\xb6\xdc\xae\x40</data></match></read>
    <write><data>\xa5Z\x08\x00\x04\x00\x04\x00\xa1\x01\x00\x00</data></write>
    <read><length>12</length><match><data>\xa5Z\x0a\x01\x00\x00\x06\x00\x00\x00\x00\x00</data></match></read>
    <write><data>\xa5Z\x08\x00\x0b\x00\x00\x00\xa8\x01\x00\x00</data></write>
    <read><length>44</length><match><data>\xa5Z\x0a\x01\x01\x00\x0b\x00 \x00\x00\x00\x0a\x00\x00\x00\x10\x27\x00\x00 \x1c\x00\x00\xae\x00\x00\x00\x05\x00\x00\x00\x88\x13\x00\x004\x08\x00\x00J\x00\x00\x00</data></match></read>
    <write><data>\xa5Z\x10\x00t\x7b\x00\x00\x00\x00\x00\x00\x00\x00\x00\x00\xaf\x06\x00\x00</data></write>
    <read><length>12</length><match><data>\xa5Z\x0a\x01\x00\x00\x05\x00\x00\x00\x00\x00</data></match></read>
    <write><data>\xa5Z\x14\x00\x03\x00\x06\x00p\x17\x00\x00\x40\x1f\x00\x00J\x00\x00\x00\x80\x10\x00\x00</data></write>
    <read><length>12</length><match><data>\xa5Z\x0a\x01\x00\x00\x00\x00\x00\x00\x00\x00</data></match></read>
    <write><data>\xa5Z\x08\x00\x01\x00\x01\x00\x7d\x01\x00\x00</data></write>
    <read><length>12</length><match><data>\xa5Z\x0a\x01\x00\x00\x00\x00\x00\x00\x00\x00</data></match></read>
    <write><data>\xa5Z\x08\x00\x04\x00\x04\x00\xa1\x01\x00\x00</data></write>
    <read><length>12</length><match><data>\xa5Z\x0a\x01\x00\x00\x06\x00\x00\x00\x00\x00</data></match></read>
    <write><data>\xa5Z\x08\x00\x0b\x00\x00\x00\xa8\x01\x00\x00</data></write>
    <read><length>60</length><match><data>\xa5Z\x0a\x01\x01\x00\x0b\x000\x00\x00\x00\x0a\x00\x00\x00\x10\x27\x00\x00 \x1c\x00\x00\xae\x00\x00\x00\x05\x00\x00\x00\x88\x13\x00\x004\x08\x00\x00J\x00\x00\x00\x06\x00\x00\x00p\x17\x00\x00\x40\x1f\x00\x00J\x00\x00\x00</data></match></read>
    <write><data>\xa5Z\x08\x00\x05\x00\x00\x00\x8a\x01\x00\x00</data></write>
    <read><length>12</length><match><data>\xa5Z\x0a\x01\x00\x00\x00\x00\x00\x00\x00\x00</data></match></read>
    <write><data>\xa5Z\x08\x00\x02\x00B\x01Q\x03\x00\x00</data></write>
    <read><length>12</length><match><data>\xa5Z\x0a\x01\x00\x00\x00\x00\x00\x00\x00\x00</data></match></read>
    <write><data>\xa5Z\x0a\x00\x0c\x007\x00\x00\x004\x03\x00\x00</data></write>
    <read><length>12</length><match><data>\xa5Z\x0a\x01\x00\x00\x00\x00\x00\x00\x00\x00</data></match></read>
    <write><data>\xa5Z\x0c\x00\x0a\x00\x00\x00\x00\x00\x00\x00\xaf\x01\x00\x00</data></write>
    <read><length>16</length><match><data>\xa5Z\x0a\x01\x01\x00\x0a\x00\x04\x00\x00\x00\xb6\xdc\xae\x40</data></match></read>
    <write><data>\xa5Z\x08\x00\x04\x00\x02\x00\x93\x01\x00\x00</data></write>
    <read><length>12</length><match><data>\xa5Z\x0a\x01\x00\x00\x06\x00\x00\x00\x00\x00</data></match></read>
    <write><data>\xa5Z\x08\x00\x05\x00\x01\x00\x91\x01\x00\x00</data></write>
    <read><length>12</length><match><data>\xa5Z\x0a\x01\x00\x00\x00\x00\x00\x00\x00\x00</data></match></read>
    <write><data>\xa5Z\x08\x00\x04\x00\x07\x00\xb6\x01\x00\x00</data></write>
    <read><length>12</length><match><data>\xa5Z\x0a\x01\x00\x00\x06\x00\x00\x00\x00\x00</data></match></read>
    <write><data>\xa5Z\x0a\x00\x0c\x00\x17\x00\x00\x00T\x02\x00\x00</data></write>
    <read><length>12</length><match><data>\xa5Z\x0a\x01\x00\x00\x00\x00\x00\x00\x00\x00</data></match></read>
    <write><data>\xa5Z\x08\x00\x04\x00\x0c\x00\xd9\x01\x00\x00</data></write>
    <read><length>12</length><match><data>\xa5Z\x0a\x01\x00\x00\x06\x00\x00\x00\x00\x00</data></match></read>
    <write><data>\xa5Z\x08\x00\x04\x00\x02\x00\x93\x01\x00\x00</data></write>
    <read><length>12</length><match><data>\xa5Z\x0a\x01\x00\x00\x06\x00\x00\x00\x00\x00</data></match></read>
    <write><data>\xa5Z\x14\x00\x03\x00\x07\x00X\x1b\x00\x00\xf4\x1a\x00\x00\x17\x00\x00\x00R\x15\x00\x00</data></write>
    <read><length>12</length><match><data>\xa5Z\x0a\x01\x00\x00\x00\x00\x00\x00\x00\x00</data></match></read>
    <write><data>\xa5Z\x08\x00\x01\x00\x01\x00\x7d\x01\x00\x00</data></write>
    <read><length>12</length><match><data>\xa5Z\x0a\x01\x00\x00\x00\x00\x00\x00\x00\x00</data></match></read>
    <write><data>\xa5Z\x08\x00\x05\x00\x01\x00\x91\x01\x00\x00</data></write>
    <read><length>12</length><match><data>\xa5Z\x0a\x01\x00\x00\x00\x00\x00\x00\x00\x00</data></match></read>
    <write><data>\xa5Z\x08\x00\x05\x00\x00\x00\x8a\x01\x00\x00</data></write>
    <read><length>12</length><match><data>\xa5Z\x0a\x01\x00\x00\x00\x00\x00\x00\x00\x00</data></match></read>
    <write><data>\xa5Z\x10\x00\xa5o\x00\x00\x00\x00\x00\x00\x00\x00\x00\x00\x5c\x07\x00\x00</data></write>
    <read><length>12</length><match><data>\xa5Z\x0a\x01\x00\x00\x05\x00\x00\x00\x00\x00</data></match></read>
    <write><data>\xa5Z\x08\x00\x05\x00\x01\x00\x91\x01\x00\x00</data></write>
    <read><length>12</length><match><data>\xa5Z\x0a\x01\x00\x00\x00\x00\x00\x00\x00\x00</data></match></read>
    <write><data>\xa5Z\x0c\x00\x0a\x00\x00\x00\x00\x00\x00\x00\xaf\x01\x00\x00</data></write>
    <read><length>16</length><match><data>\xa5Z\x0a\x01\x01\x00\x0a\x00\x04\x00\x00\x00\xb6\xdc\xae\x40</data></match></read>
    <write><data>\xa5Z\x08\x00\x05\x00\x01\x00\x91\x01\x00\x00</data></write>
    <read><length>12</length><match><data>\xa5Z\x0a\x01\x00\x00\x00\x00\x00\x00\x00\x00</data></match></read>
    <write><data>\xa5Z\x08\x00\x02\x00\xec\x00\xef\x07\x00\x00</data></write>
    <read><length>12</length><match><data>\xa5Z\x0a\x01\x00\x00\x00\x00\x00\x00\x00\x00</data></match></read>
    <write><data>\xa5Z\x0c\x00\x08\x00\x00\x00\x00\x00\x00\x00\xa5\x01\x00\x00</data></write>
    <read><length>36</length><match><data>\xa5Z\x0a\x01\x01\x00\x08\x00\x18\x00\x00\x00\x0a\x01\x00\x00\xec\x00\x00\x00\xae\x00\x00\x00\x01\x00\x00\x00\x00\x00\x00\x00\x01\x00\x00\x00</data></match></read>
    <write><data>\xa5Z\x08\x00\x01\x00\x01\x00\x7d\x01\x00\x00</data></write>
    <read><length>12</length><match><data>\xa5Z\x0a\x01\x00\x00\x00\x00\x00\x00\x00\x00</data></match></read>
    <write><data>\xa5Z\x08\x00\x04\x00\x03\x00\x9a\x01\x00\x00</data></write>
    <read><length>12</length><match><data>\xa5Z\x0a\x01\x00\x00\x06\x00\x00\x00\x00\x00</data></match></read>
    <write><data>\xa5Z\x08\x00\x04\x00\x06\x00\xaf\x01\x00\x00</data></write>
    <read><length>12</length><match><data>\xa5Z\x0a\x01\x00\x00\x00\x00\x00\x00\x00\x00</data></match></read>
    <write><data>\xa5Z\x08\x00\x0b\x00\x00\x00\xa8\x01\x00\x00</data></write>
    <read><length>60</length><match><data>\xa5Z\x0a\x01\x01\x00\x0b\x000\x00\x00\x00\x0a\x00\x00\x00\x10\x27\x00\x00 \x1c\x00\x00\xae\x00\x00\x00\x05\x00\x00\x00\x88\x13\x00\x004\x08\x00\x00J\x00\x00\x00\x07\x00\x00\x00X\x1b\x00\x00\xf4\x1a\x00\x00\x17\x00\x00\x00</data></match></read>
    <write><data>\xa5Z\x08\x00\x05\x00\x00\x00\x8a\x01\x00\x00</data></write>
    <read><length>12</length><match><data>\xa5Z\x0a\x01\x00\x00\x00\x00\x00\x00\x00\x00</data></match></read>
    <write><data>\xa5Z\x80\x00\x06\x00\x0a\x00\x00\x00\x00\x00\x05\x00\x00\x00\x3e\x01\x00\x00\x00\x00\x00\x00\x05\x00\x00\x00V\x01\x00\x00\x01\x00\x00\x00\x238\x00\x00\xce\x00\x00\x00\x01\x00\x00\x00\x0f\x10\x00\x00\x25\x01\x00\x00\x00\x00\x00\x00\x0a\x00\x00\x00\xe4\x00\x00\x00\x01\x00\x00\x00\xfb\x29\x00\x00D\x01\x00\x00\x00\x00\x00\x00\x05\x00\x00\x00\xf3\x00\x00\x00\x00\x00\x00\x00\x07\x00\x00\x00\xb9\x00\x00\x00\x00\x00\x00\x00\x0a\x00\x00\x00\x3e\x01\x00\x00\x01\x00\x00\x00\x5e\x08\x00\x00D\x01\x00\x00\x89\x07\x02\x00</data></write>
    <read><length>12</length><match><data>\xa5Z\x0a\x01\x00\x00\x00\x00\x00\x00\x00\x00</data></match></read>
    <write><data>\xa5Z\x0c\x00\x08\x00\x00\x00\x00\x00\x00\x00\xa5\x01\x00\x00</data></write>
    <read><length>36</length><match><data>\xa5Z\x0a\x01\x01\x00\x08\x00\x18\x00\x00\x00\x0a\x01\x00\x00\xaf\x00\x00\x00K\x00\x00\x00\x00\x00\x00\x00\x00\x00\x00\x00\x00\x00\x00\x00</data></match></read>
    <write><data>\xa5Z\x08\x00\x01\x00\x01\x00\x7d\x01\x00\x00</data></write>
    <read><length>12</length><match><data>\xa5Z\x0a\x01\x00\x00\x00\x00\x00\x00\x00\x00</data></match></read>
    <write><data>\xa5Z\x08\x00\x05\x00\x01\x00\x91\x01\x00\x00</data></write>
    <read><length>12</length><match><data>\xa5Z\x0a\x01\x00\x00\x00\x00\x00\x00\x00\x00</data></match></read>
    <write><data>\xa5Z\x08\x00\x04\x00\x02\x00\x93\x01\x00\x00</data></write>
    <read><length>12</length><match><data>\xa5Z\x0a\x01\x00\x00\x06\x00\x00\x00\x00\x00</data></match></read>
    <write><data>\xa5Z\x08\x00\x02\x00a\x01\x2a\x04\x00\x00</data></write>
    <read><length>12</length><match><data>\xa5Z\x0a\x01\x00\x00\x01\x00\x00\x00\x00\x00</data></match></read>
    <write><data>\xa5Z\x10\x00I\x09\x00\x00\x00\x00\x00\x00\x00\x00\x00\x00\x2c\x03\x00\x00</data></write>
    <read><length>12</length><match><data>\xa5Z\x0a\x01\x00\x00\x05\x00\x00\x00\x00\x00</data></match></read>
    <write><data>\xa5Z\x08\x00\x05\x00\x01\x00\x91\x01\x00\x00</data></write>
    <read><length>12</length><match><data>\xa5Z\x0a\x01\x00\x00\x00\x00\x00\x00\x00\x00</data></match></read>
    <write><data>\xa5Z\x80\x00\x06\x00\x0a\x00\x00\x00\x00\x00\x07\x00\x00\x00:\x01\x00\x00\x01\x00\x00\x00P\x0a\x00\x00\xe1\x00\x00\x00\x00\x00\x00\x00\x0a\x00\x00\x00\xf6\x00\x00\x00\x00\x00\x00\x00\x07\x00\x00\x00\x00\x01\x00\x00\x00\x00\x00\x00\x0a\x00\x00\x00\xf7\x00\x00\x00\x01\x00\x00\x00\x26\x15\x00\x00\xf8\x00\x00\x00\x00\x00\x00\x00\x0a\x00\x00\x00\x26\x01\x00\x00\x01\x00\x00\x00\x90 \x00\x00\x03\x01\x00\x00\x00\x00\x00\x00\x05\x00\x00\x00\xfd\x00\x00\x00\x01\x00\x00\x000\x19\x00\x00\xcf\x00\x00\x00\xc1\x40\x02\x00</data></write>
    <read><length>12</length><match><data>\xa5Z\x0a\x01\x00\x00\x00\x00\x00\x00\x00\x00</data></match></read>
    <write><data>\xa5Z\x08\x00\x01\x00\x01\x00\x7d\x01\x00\x00</data></write>
    <read><length>12</length><match><data>\xa5Z\x0a\x01\x00\x00\x00\x00\x00\x00\x00\x00</data></match></read>
    <write><data>\xa5Z\x08\x00\x02\x00\xf2\x00\x19\x08\x00\x00</data></write>
    <read><length>12</length><match><data>\xa5Z\x0a\x01\x00\x00\x00\x00\x00\x00\x00\x00</data></match></read>
    <write><data>\xa5Z\x0a\x00\x0c\x00\x1e\x00\x00\x00\x85\x02\x00\x00</data></write>
    <read><length>12</length><match><data>\xa5Z\x0a\x01\x00\x00\x00\x00\x00\x00\x00\x00</data></match></read>
    <write><data>\xa5Z\x0c\x00\x08\x00\x00\x00\x00\x00\x00\x00\xa5\x01\x00\x00</data></write>
    <read><length>36</length><match><data>\xa5Z\x0a\x01\x01\x00\x08\x00\x18\x00\x00\x00\x0a\x01\x00\x00\xf2\x00\x00\x00K\x00\x00\x00\x01\x00\x00\x00\x00\x00\x00\x00\x00\x00\x00\x00</data></match></read>
    <write><data>\xa5Z\x0c\x00\x0a\x00\x00\x00\x00\x00\x00\x00\xaf\x01\x00\x00</data></write>
    <read><length>16</length><match><data>\xa5Z\x0a\x01\x01\x00\x0a\x00\x04\x00\x00\x00\xb6\xdc\xae\x40</data></match></read>
    <write><data>\xa5Z\x2c\x00\x06\x00\x03\x00\x01\x00\x00\x00c\x11\x00\x00\x13\x01\x00\x00\x00\x00\x00\x00\x0a\x00\x00\x00\xce\x00\x00\x00\x00\x00\x00\x00\x07\x00\x00\x00\x2c\x01\x00\x00\xec\x29\x00\x00</data></write>
    <read><length>12</length><match><data>\xa5Z\x0a\x01\x00\x00\x00\x00\x00\x00\x00\x00</data></match></read>
    <write><data>\xa5Z\x08\x00\x0b\x00\x00\x00\xa8\x01\x00\x00</data></write>
    <read><length>60</length><match><data>\xa5Z\x0a\x01\x01\x00\x0b\x000\x00\x00\x00\x0a\x00\x00\x00\x10\x27\x00\x00 \x1c\x00\x00K\x00\x00\x00\x05\x00\x00\x00\x88\x13\x00\x004\x08\x00\x00K\x00\x00\x00\x07\x00\x00\x00X\x1b\x00\x00\xf4\x1a\x00\x00K\x00\x00\x00</data></match></read>
    <write><data>\xa5Z\x10\x00M\x2f\x00\x00\x00\x00\x00\x00\x00\x00\x00\x00\x24\x04\x00\x00</data></write>
    <read><length>12</length><match><data>\xa5Z\x0a\x01\x00\x00\x05\x00\x00\x00\x00\x00</data></match></read>
    <write><data>\xa5Z\x08\x00\x09\x00\x99\x00\xcd\x05\x00\x00</data></write>
    <read><length>12</length><match><data>\xa5Z\x0a\x01\x00\x00\x09\x00\x99\x00\x00\x00</data></match></read>
    <write><data>\xa5Z\x08\x00\x0b\x00\x00\x00\xa8\x01\x00\x00</data></write>
    <read><length>60</length><match><data>\xa5Z\x0a\x01\x01\x00\x0b\x000\x00\x00\x00\x0a\x00\x00\x00\x10\x27\x00\x00 \x1c\x00\x00K\x00\x00\x00\x05\x00\x00\x00\x88\x13\x00\x004\x08\x00\x00K\x00\x00\x00\x07\x00\x00\x00X\x1b\x00\x00\xf4\x1a\x00\x00K\x00\x00\x00</data></match></read>
    <write><data>\xa5Z\x08\x00\x0b\x00\x00\x00\xa8\x01\x00\x00</data></write>
    <read><length>60</length><match><data>\xa5Z\x0a\x01\x01\x00\x0b\x000\x00\x00\x00\x0a\x00\x00\x00\x10\x27\x00\x00 \x1c\x00\x00K\x00\x00\x00\x05\x00\x00\x00\x88\x13\x00\x004\x08\x00\x00K\x00\x00\x00\x07\x00\x00\x00X\x1b\x00\x00\xf4\x1a\x00\x00K\x00\x00\x00</data></match></read>
    <write><data>\xa5Z\x08\x00\x09\x00t\x00\xca\x04\x00\x00</data></write>
    <read><length>12</length><match><data>\xa5Z\x0a\x01\x00\x00\x09\x00\x0d\x01\x00\x00</data></match></read>
    <write><data>\xa5Z\x08\x00\x05\x00\x00\x00\x8a\x01\x00\x00</data></write>
    <read><length>12</length><match><data>\xa5Z\x0a\x01\x00\x00\x00\x00\x00\x00\x00\x00</data></match></read>
    <write><data>\xa5Z\x10\x006\x7d\x00\x00\x00\x00\x00\x00\x00\x00\x00\x00\x85\x05\x00\x00</data></write>
    <read><length>12</length><match><data>\xa5Z\x0a\x01\x00\x00\x05\x00\x00\x00\x00\x00</data></match></read>
    <write><data>\xa5Z\x0c\x00\x08\x00\x00\x00\x00\x00\x00\x00\xa5\x01\x00\x00</data></write>
    <read><length>36</length><match><data>\xa5Z\x0a\x01\x01\x00\x08\x00\x18\x00\x00\x00\x0a\x01\x00\x00\xaf\x00\x00\x00K\x00\x00\x00\x00\x00\x00\x00\x00\x00\x00\x00\x00\x00\x00\x00</data></match></read>
    <write><data>\xa5Z\x0a\x00\x0c\x00\x3d\x00\x00\x00\x5e\x03\x00\x00</data></write>
    <read><length>12</length><match><data>\xa5Z\x0a\x01\x00\x00\x00\x00\x00\x00\x00\x00</data></match></read>
    <write><data>\xa5Z\x0c\x00\x08\x00\x00\x00\x00\x00\x00\x00\xa5\x01\x00\x00</data></write>
    <read><length>36</length><match><data>\xa5Z\x0a\x01\x01\x00\x08\x00\x18\x00\x00\x00\x0a\x01\x00\x00\xaf\x00\x00\x00K\x00\x00\x00\x00\x00\x00\x00\x00\x00\x00\x00\x00\x00\x00\x00</data></match></read>
    <write><data>\xa5Z\x0c\x00\x0a\x00\x00\x00\x00\x00\x00\x00\xaf\x01\x00\x00</data></write>
    <read><length>16</length><match><data>\xa5Z\x0a\x01\x01\x00\x0a\x00\x04\x00\x00\x00\xb6\xdc\xae\x40</data></match></read>
    <write><data>\xa5Z\x08\x00\x07\x00\x00\x00\x94\x01\x00\x00</data></write>
    <read><length>48</length><match><data>\xa5Z\x0a\x01\x01\x00\x07\x00\x24\x00\x00\x00\x01\x00\x00\x00c\x11\x00\x00\x13\x01\x00\x00\x00\x00\x00\x00\x0a\x00\x00\x00\xce\x00\x00\x00\x00\x00\x00\x00\x07\x00\x00\x00\x2c\x01\x00\x00</data></match></read>
    <write><data>\xa5Z\x08\x00\x01\x00\x01\x00\x7d\x01\x00\x00</data></write>
    <read><length>12</length><match><data>\xa5Z\x0a\x01\x00\x00\x00\x00\x00\x00\x00\x00</data></match></read>
    <write><data>\xa5Z\x14\x00\x03\x00\x01\x00\xe8\x03\x00\x00x\x05\x00\x00\x3d\x00\x00\x00\x5c\x14\x00\x00</data></write>
    <read><length>12</length><match><data>\xa5Z\x0a\x01\x00\x00\x00\x00\x00\x00\x00\x00</data></match></read>
    <write><data>\xa5Z\x08\x00\x0b\x00\x00\x00\xa8\x01\x00\x00</data></write>
    <read><length>76</length><match><data>\xa5Z\x0a\x01\x01\x00\x0b\x00\x40\x00\x00\x00\x0a\x00\x00\x00\x10\x27\x00\x00 \x1c\x00\x00K\x00\x00\x00\x05\x00\x00\x00\x88\x13\x00\x004\x08\x00\x00K\x00\x00\x00\x07\x00\x00\x00X\x1b\x00\x00\xf4\x1a\x00\x00K\x00\x00\x00\x01\x00\x00\x00\xe8\x03\x00\x00x\x05\x00\x00\x3d\x00\x00\x00</data></match></read>
    <write><data>\xa5Z\x14\x00\x06\x00\x01\x00\x01\x00\x00\x00\xe33\x00\x00\x5b\x01\x00\x001\x16\x00\x00</data></write>
    <read><length>12</length><match><data>\xa5Z\x0a\x01\x00\x00\x00\x00\x00\x00\x00\x00</data></match></read>
    <write><data>\xa5Z\x08\x00\x05\x00\x00\x00\x8a\x01\x00\x00</data></write>
    <read><length>12</length><match><data>\xa5Z\x0a\x01\x00\x00\x00\x00\x00\x00\x00\x00</data></match></read>
    <write><data>\xa5Z\x08\x00\x09\x00s\x00\xc3\x04\x00\x00</data></write>
    <read><length>12</length><match><data>\xa5Z\x0a\x01\x00\x00\x09\x00s\x00\x00\x00</data></match></read>
    <write><data>\xa5Z\x0c\x00\x08\x00\x00\x00\x00\x00\x00\x00\xa5\x01\x00\x00</data></write>
    <read><length>36</length><match><data>\xa5Z\x0a\x01\x01\x00\x08\x00\x18\x00\x00\x00\x0a\x01\x00\x00\xaf\x00\x00\x00K\x00\x00\x00\x00\x00\x00\x00\x00\x00\x00\x00\x00\x00\x00\x00</data></match></read>
    <write><data>\xa5Z\x08\x00\x04\x00\x0a\x00\xcb\x01\x00\x00</data></write>
    <read><length>12</length><match><data>\xa5Z\x0a\x01\x00\x00\x00\x00\x00\x00\x00\x00</data></match></read>
    <write><data>\xa5Z\x08\x00\x0b\x00\x00\x00\xa8\x01\x00\x00</data></write>
    <read><length>60</length><match><data>\xa5Z\x0a\x01\x01\x00\x0b\x000\x00\x00\x00\x05\x00\x00\x00\x88\x13\x00\x004\x08\x00\x00K\x00\x00\x00\x07\x00\x00\x00X\x1b\x00\x00\xf4\x1a\x00\x00K\x00\x00\x00\x01\x00\x00\x00\xe8\x03\x00\x00x\x05\x00\x00K\x00\x00\x00</data></match></read>
    <write><data>\xa5Z\x08\x00\x02\x00\xff\x00t\x08\x00\x00</data></write>
    <read><length>12</length><match><data>\xa5Z\x0a\x01\x00\x00\x00\x00\x00\x00\x00\x00</data></match></read>
    <write><data>\xa5Z\x0c\x00\x08\x00\x00\x00\x00\x00\x00\x00\xa5\x01\x00\x00</data></write>
    <read><length>36</length><match><data>\xa5Z\x0a\x01\x01\x00\x08\x00\x18\x00\x00\x00\x0a\x01\x00\x00\xff\x00\x00\x00K\x00\x00\x00\x00\x00\x00\x00\x00\x00\x00\x00\x00\x00\x00\x00</data></match></read>
    <write><data>\xa5Z\x08\x00\x04\x00\x01\x00\x8c\x01\x00\x00</data></write>
    <read><length>12</length><match><data>\xa5Z\x0a\x01\x00\x00\x00\x00\x00\x00\x00\x00</data></match></read>
    <write><data>\xa5Z\x08\x00\x01\x00\x01\x00\x7d\x01\x00\x00</data></write>
    <read><length>12</length><match><data>\xa5Z\x0a\x01\x00\x00\x00\x00\x00\x00\x00\x00</data></match></read>
    <write><data>\xa5Z\x0c\x00\x08\x00\x00\x00\x00\x00\x00\x00\xa5\x01\x00\x00</data></write>
    <read><length>36</length><match><data>\xa5Z\x0a\x01\x01\x00\x08\x00\x18\x00\x00\x00\x0a\x01\x00\x00\xff\x00\x00\x00K\x00\x00\x00\x01\x00\x00\x00\x00\x00\x00\x00\x00\x00\x00\x00</data></match></read>
    <write><data>\xa5Z\x0c\x00\x0a\x00\x00\x00\x00\x00\x00\x00\xaf\x01\x00\x00</data></write>
    <read><length>16</length><match><data>\xa5Z\x0a\x01\x01\x00\x0a\x00\x04\x00\x00\x00\xb6\xdc\xae\x40</data></match></read>
    <write><data>\xa5Z\x0a\x00\x0c\x00\x29\x00\x00\x00\xd2\x02\x00\x00</data></write>
    <read><length>12</length><match><data>\xa5Z\x0a\x01\x00\x00\x00\x00\x00\x00\x00\x00</data></match></read>
    <write><data>\xa5Z\x08\x00\x05\x00\x01\x00\x91\x01\x00\x00</data></write>
    <read><length>12</length><match><data>\xa5Z\x0a\x01\x00\x00\x00\x00\x00\x00\x00\x00</data></match></read>
    <write><data>\xa5Z\x10\x00a9\x00\x00\x00\x00\x00\x00\x00\x00\x00\x00\xc4\x04\x00\x00</data></write>
    <read><length>12</length><match><data>\xa5Z\x0a\x01\x00\x00\x05\x00\x00\x00\x00\x00</data></match></read>
    <write><data>\xa5Z\x08\x00\x0b\x00\x00\x00\xa8\x01\x00\x00</data></write>
    <read><length>44</length><match><data>\xa5Z\x0a\x01\x01\x00\x0b\x00 \x00\x00\x00\x05\x00\x00\x00\x88\x13\x00\x004\x08\x00\x00K\x00\x00\x00\x07\x00\x00\x00X\x1b\x00\x00\xf4\x1a\x00\x00K\x00\x00\x00</data></match></read>
    <write><data>\xa5Z\x08\x00\x05\x00\x01\x00\x91\x01\x00\x00</data></write>
    <read><length>12</length><match><data>\xa5Z\x0a\x01\x00\x00\x00\x00\x00\x00\x00\x00</data></match></read>
    <write><data>\xa5Z\x08\x00\x04\x00\x01\x00\x8c\x01\x00\x00</data></write>
    <read><length>12</length><match><data>\xa5Z\x0a\x01\x00\x00\x06\x00\x00\x00\x00\x00</data></match></read>
    <write><data>\xa5Z\x08\x00\x04\x00\x0c\x00\xd9\x01\x00\x00</data></write>
    <read><length>12</length><match><data>\xa5Z\x0a\x01\x00\x00\x06\x00\x00\x00\x00\x00</data></match></read>
    <write><data>\xa5Z\x10\x00P\xe7\x00\x00\x00\x00\x00\x00\x00\x00\x00\x00\x83\x08\x00\x00</data></write>
    <read><length>12</length><match><data>\xa5Z\x0a\x01\x00\x00\x05\x00\x00\x00\x00\x00</data></match></read>
    <write><data>\xa5Z\x10\x00\x0do\x00\x00\x00\x00\x00\x00\x00\x00\x00\x00d\x04\x00\x00</data></write>
    <read><length>12</length><match><data>\xa5Z\x0a\x01\x00\x00\x05\x00\x00\x00\x00\x00</data></match></read>
    <write><data>\xa5Z\x08\x00\x02\x00p\x01\x93\x04\x00\x00</data></write>
    <read><length>12</length><match><data>\xa5Z\x0a\x01\x00\x00\x01\x00\x00\x00\x00\x00</data></match></read>
    <write><data>\xa5Z\x0c\x00\x08\x00\x00\x00\x00\x00\x00\x00\xa5\x01\x00\x00</data></write>
    <read><length>36</length><match><data>\xa5Z\x0a\x01\x01\x00\x08\x00\x18\x00\x00\x00\x0a\x01\x00\x00\xff\x00\x00\x00K\x00\x00\x00\x01\x00\x00\x00\x00\x00\x00\x00\x01\x00\x00\x00</data></match></read>
    <write><data>\xa5Z\x0c\x00\x0a\x00\x00\x00\x00\x00\x00\x00\xaf\x01\x00\x00</data></write>
    <read><length>16</length><match><data>\xa5Z\x0a\x01\x01\x00\x0a\x00\x04\x00\x00\x00\xb6\xdc\xae\x40</data></match></read>
    <write><data>\xa5Z\x08\x00\x02\x00N\x01\xa5\x03\x00\x00</data></write>
    <read><length>12</length><match><data>\xa5Z\x0a\x01\x00\x00\x00\x00\x00\x00\x00\x00</data></match></read>
    <write><data>\xa5Z\x0a\x00\x0c\x00\x1c\x00\x00\x00w\x02\x00\x00</data></write>
    <read><length>12</length><match><data>\xa5Z\x0a\x01\x00\x00\x00\x00\x00\x00\x00\x00</data></match></read>
    <write><data>\xa5Z\x08\x00\x09\x00z\x00\xf4\x04\x00\x00</data></write>
    <read><length>12</length><match><data>\xa5Z\x0a\x01\x00\x00\x09\x00\xed\x00\x00\x00</data></match></read>
    <write><data>\xa5Z\x14\x00\x03\x00\x07\x00X\x1b\x00\x00\x84\x03\x00\x00\x1c\x00\x00\x00\xb5\x0e\x00\x00</data></write>
    <read><length>12</length><match><data>\xa5Z\x0a\x01\x00\x00\x07\x00\x00\x00\x00\x00</data></match></read>
    <write><data>\xa5Z\x08\x00\x01\x00\x01\x00\x7d\x01\x00\x00</data></write>
    <read><length>12</length><match><data>\xa5Z\x0a\x01\x00\x00\x00\x00\x00\x00\x00\x00</data></match></read>
    <write><data>\xa5Z\x08\x00\x07\x00\x00\x00\x94\x01\x00\x00</data></write>
    <read><length>24</length><match><data>\xa5Z\x0a\x01\x01\x00\x07\x00\x0c\x00\x00\x00\x01\x00\x00\x00\xe33\x00\x00\x5b\x01\x00\x00</data></match></read>
    <write><data>\xa5Z\x08\x00\x09\x00m\x00\x99\x04\x00\x00</data></write>
    <read><length>12</length><match><data>\xa5Z\x0a\x01\x00\x00\x09\x00Z\x01\x00\x00</data></match></read>
    <write><data>\xa5Z\x14\x00\x03\x00\x09\x00\x28\x23\x00\x008\x18\x00\x00\x1c\x00\x00\x00\xad\x0a\x00\x00</data></write>
    <read><length>12</length><match><data>\xa5Z\x0a\x01\x00\x00\x00\x00\x00\x00\x00\x00</data></match></read>
    <write><data>\xa5Z\x08\x00\x04\x00\x03\x00\x9a\x01\x00\x00</data></write>
    <read><length>12</length><match><data>\xa5Z\x0a\x01\x00\x00\x06\x00\x00\x00\x00\x00</data></match></read>
    <write><data>\xa5Z\x08\x00\x0b\x00\x00\x00\xa8\x01\x00\x00</data></write>
    <read><length>60</length><match><data>\xa5Z\x0a\x01\x01\x00\x0b\x000\x00\x00\x00\x05\x00\x00\x00\x88\x13\x00\x004\x08\x00\x000\x01\x00\x00\x07\x00\x00\x00X\x1b\x00\x00\xf4\x1a\x00\x000\x01\x00\x00\x09\x00\x00\x00\x28\x23\x00\x008\x18\x00\x00\x1c\x00\x00\x00</data></match></read>
    <write><data>\xa5Z\x08\x00\x0b\x00\x00\x00\xa8\x01\x00\x00</data></write>
    <read><length>60</length><match><data>\xa5Z\x0a\x01\x01\x00\x0b\x000\x00\x00\x00\x05\x00\x00\x00\x88\x13\x00\x004\x08\x00\x000\x01\x00\x00\x07\x00\x00\x00X\x1b\x00\x00\xf4\x1a\x00\x000\x01\x00\x00\x09\x00\x00\x00\x28\x23\x00\x008\x18\x00\x00\x1c\x00\x00\x00</data></match></read>
    <write><data>\xa5Z\x08\x00\x0b\x00\x00\x00\xa8\x01\x00\x00</data></write>
    <read><length>60</length><match><data>\xa5Z\x0a\x01\x01\x00\x0b\x000\x00\x00\x00\x05\x00\x00\x00\x88\x13\x00\x004\x08\x00\x000\x01\x00\x00\x07\x00\x00\x00X\x1b\x00\x00\xf4\x1a\x00\x000\x01\x00\x00\x09\x00\x00\x00\x28\x23\x00\x008\x18\x00\x00\x1c\x00\x00\x00</data></match></read>
    <write><data>\xa5Z\x08\x00\x05\x00\x01\x00\x91\x01\x00\x00</data></write>
    <read><length>12</length><match><data>\xa5Z\x0a\x01\x00\x00\x00\x00\x00\x00\x00\x00</data></match></read>
    <write><data>\xa5Z\x08\x00\x05\x00\x00\x00\x8a\x01\x00\x00</data></write>
    <read><length>12</length><match><data>\xa5Z\x0a\x01\x00\x00\x00\x00\x00\x00\x00\x00</data></match></read>
    <write><data>\xa5Z\x10\x00?\x13\x00\x00\x00\x00\x00\x00\x00\x00\x00\x006\x03\x00\x00</data></write>
    <read><length>12</length><match><data>\xa5Z\x0a\x01\x00\x00\x05\x00\x00\x00\x00\x00</data></match></read>
    <write><data>\xa5Z\x08\x00\x09\x00\x99\x00\xcd\x05\x00\x00</data></write>
    <read><length>12</length><match><data>\xa5Z\x0a\x01\x00\x00\x09\x00\xf3\x01\x00\x00</data></match></read>
    <write><data>\xa5Z\x0a\x00\x0c\x00T\x00\x00\x00\xff\x03\x00\x00</data></write>
    <read><length>12</length><match><data>\xa5Z\x0a\x01\x00\x00\x00\x00\x00\x00\x00\x00</data></match></read>
    <write><data>\xa5Z\x10\x00\x94M\x00\x00\x00\x00\x00\x00\x00\x00\x00\x00\x3b\x06\x00\x00</data></write>
    <read><length>12</length><match><data>\xa5Z\x0a\x01\x00\x00\x05\x00\x00\x00\x00\x00</data></match></read>
    <write><data>\xa5Z\x0c\x00\x08\x00\x00\x00\x00\x00\x00\x00\xa5\x01\x00\x00</data></write>
    <read><length>36</length><match><data>\xa5Z\x0a\x01\x01\x00\x08\x00\x18\x00\x00\x00\x0a\x01\x00\x00N\x01\x00\x00Q\x01\x00\x00\x01\x00\x00\x00\x00\x00\x00\x00\x00\x00\x00\x00</data></match></read>
    <write><data>\xa5Z\x08\x00\x09\x00\x97\x00\xbf\x05\x00\x00</data></write>
    <read><length>12</length><match><data>\xa5Z\x0a\x01\x00\x00\x09\x00\x8a\x02\x00\x00</data></match></read>
    <write><data>\xa5Z\x08\x00\x07\x00\x00\x00\x94\x01\x00\x00</data></write>
    <read><length>24</length><match><data>\xa5Z\x0a\x01\x01\x00\x07\x00\x0c\x00\x00\x00\x01\x00\x00\x00\xe33\x00\x00\x5b\x01\x00\x00</data></match></read>
    <write><data>\xa5Z\x08\x00\x05\x00\x00\x00\x8a\x01\x00\x00</data></write>
    <read><length>12</length><match><data>\xa5Z\x0a\x01\x00\x00\x00\x00\x00\x00\x00\x00</data></match></read>
    <write><data>\xa5ZD\x00\x06\x00\x05\x00\x01\x00\x00\x00\xb5\x22\x00\x00\x0d\x01\x00\x00\x00\x00\x00\x00\x09\x00\x00\x00\x0a\x01\x00\x00\x00\x00\x00\x00\x07\x00\x00\x00\xc9\x00\x00\x00\x00\x00\x00\x00\x05\x00\x00\x00\xfa\x00\x00\x00\x00\x00\x00\x00\x09\x00\x00\x00?\x01\x00\x00\xddx\x00\x00</data></write>
    <read><length>12</length><match><data>\xa5Z\x0a\x01\x00\x00\x00\x00\x00\x00\x00\x00</data></match></read>
    <write><data>\xa5Z\x08\x00\x09\x00\x7c\x00\x02\x05\x00\x00</data></write>
    <read><length>12</length><match><data>\xa5Z\x0a\x01\x00\x00\x09\x00\x7c\x00\x00\x00</data></match></read>
    <write><data>\xa5Z\x08\x00\x04\x00\x02\x00\x93\x01\x00\x00</data></write>
    <read><length>12</length><match><data>\xa5Z\x0a\x01\x00\x00\x06\x00\x00\x00\x00\x00</data></match></read>
    <write><data>\xa5Z\x08\x00\x07\x00\x00\x00\x94\x01\x00\x00</data></write>
    <read><length>72</length><match><data>\xa5Z\x0a\x01\x01\x00\x07\x00\x3c\x00\x00\x00\x01\x00\x00\x00\xb5\x22\x00\x00\x0d\x01\x00\x00\x00\x00\x00\x00\x09\x00\x00\x00\x0a\x01\x00\x00\x00\x00\x00\x00\x07\x00\x00\x00\xc9\x00\x00\x00\x00\x00\x00\x00\x05\x00\x00\x00\xfa\x00\x00\x00\x00\x00\x00\x00\x09\x00\x00\x00?\x01\x00\x00</data></match></read>
    <write><data>\xa5Z\x80\x00\x06\x00\x0a\x00\x01\x00\x00\x00\x0c\x2d\x00\x00\xe9\x00\x00\x00\x00\x00\x00\x00\x09\x00\x00\x00\x0a\x01\x00\x00\x01\x00\x00\x00\xb9\x0e\x00\x00\xfb\x00\x00\x00\x00\x00\x00\x00\x05\x00\x00\x00\xd6\x00\x00\x00\x00\x00\x00\x00\x07\x00\x00\x00\x2a\x01\x00\x00\x00\x00\x00\x00\x07\x00\x00\x00\xe4\x00\x00\x00\x01\x00\x00\x00\xaf\x29\x00\x00\xc3\x00\x00\x00\x00\x00\x00\x00\x07\x00\x00\x00\x08\x01\x00\x00\x01\x00\x00\x00O\x15\x00\x00\xc0\x00\x00\x00\x00\x00\x00\x00\x09\x00\x00\x00\xba\x00\x00\x00\x9bN\x02\x00</data></write>
    <read><length>12</length><match><data>\xa5Z\x0a\x01\x00\x00\x00\x00\x00\x00\x00\x00</data></match></read>
    <write><data>\xa5Z\x14\x00\x03\x00\x02\x00\xd0\x07\x00\x00\x98!\x00\x00K\x00\x00\x00\xc9\x17\x00\x00</data></write>
    <read><length>12</length><match><data>\xa5Z\x0a\x01\x00\x00\x00\x00\x00\x00\x00\x00</data></match></read>
    <write><data>\xa5Z8\x00\x06\x00\x04\x00\x00\x00\x00\x00\x05\x00\x00\x00\xf3\x00\x00\x00\x00\x00\x00\x00\x05\x00\x00\x00\xc0\x00\x00\x00\x00\x00\x00\x00\x09\x00\x00\x00\xf3\x00\x00\x00\x00\x00\x00\x00\x05\x00\x00\x00\xcb\x00\x00\x00\x10\x7c\x00\x00</data></write>
    <read><length>12</length><match><data>\xa5Z\x0a\x01\x00\x00\x00\x00\x00\x00\x00\x00</data></match></read>
    <write><data>\xa5Z\x10\x00jf\x00\x00\x00\x00\x00\x00\x00\x00\x00\x00\xff\x05\x00\x00</data></write>
    <read><length>12</length><match><data>\xa5Z\x0a\x01\x00\x00\x05\x00\x00\x00\x00\x00</data></match></read>
    <write><data>\xa5Z\x0c\x00\x0a\x00\x00\x00\x00\x00\x00\x00\xaf\x01\x00\x00</data></write>
    <read><length>16</length><match><data>\xa5Z\x0a\x01\x01\x00\x0a\x00\x04\x00\x00\x00\xb6\xdc\xae\x40</data></match></read>
    <write><data>\xa5Z\x0a\x00\x0c\x00\x17\x00\x00\x00T\x02\x00\x00</data></write>
    <read><length>12</length><match><data>\xa5Z\x0a\x01\x00\x00\x00\x00\x00\x00\x00\x00</data></match></read>
    <write><data>\xa5Z\x0c\x00\x08\x00\x00\x00\x00\x00\x00\x00\xa5\x01\x00\x00</data></write>
    <read><length>36</length><match><data>\xa5Z\x0a\x01\x01\x00\x08\x00\x18\x00\x00\x00\x0a\x01\x00\x00\xaf\x00\x00\x00K\x00\x00\x00\x00\x00\x00\x00\x00\x00\x00\x00\x00\x00\x00\x00</data></match></read>
    <write><data>\xa5Z\x0c\x00\x0a\x00\x00\x00\x00\x00\x00\x00\xaf\x01\x00\x00</data></write>
    <read><length>16</length><match><data>\xa5Z\x0a\x01\x01\x00\x0a\x00\x04\x00\x00\x00\xb6\xdc\xae\x40</data></match></read>
    <write><data>\xa5Z\x08\x00\x07\x00\x00\x00\x94\x01\x00\x00</data></write>
    <read><length>60</length><match><data>\xa5Z\x0a\x01\x01\x00\x07\x000\x00\x00\x00\x00\x00\x00\x00\x05\x00\x00\x00\xf3\x00\x00\x00\x00\x00\x00\x00\x05\x00\x00\x00\xc0\x00\x00\x00\x00\x00\x00\x00\x09\x00\x00\x00\xf3\x00\x00\x00\x00\x00\x00\x00\x05\x00\x00\x00\xcb\x00\x00\x00</data></match></read>
    <write><data>\xa5Z\x10\x00qe\x00\x00\x00\x00\x00\x00\x00\x00\x00\x00\x1c\x06\x00\x00</data></write>
    <read><length>12</length><match><data>\xa5Z\x0a\x01\x00\x00\x05\x00\x00\x00\x00\x00</data></match></read>
    <write><data>\xa5Z\x08\x00\x0b\x00\x00\x00\xa8\x01\x00\x00</data></write>
    <read><length>76</length><match><data>\xa5Z\x0a\x01\x01\x00\x0b\x00\x40\x00\x00\x00\x05\x00\x00\x00\x88\x13\x00\x004\x08\x00\x00K\x00\x00\x00\x07\x00\x00\x00X\x1b\x00\x00\xf4\x1a\x00\x00K\x00\x00\x00\x09\x00\x00\x00\x28\x23\x00\x008\x18\x00\x00K\x00\x00\x00\x02\x00\x00\x00\xd0\x07\x00\x00\x98!\x00\x00K\x00\x00\x00</data></match></read>
    <write><data>\xa5Z\x0a\x00\x0c\x00\x3e\x00\x00\x00e\x03\x00\x00</data></write>
    <read><length>12</length><match><data>\xa5Z\x0a\x01\x00\x00\x00\x00\x00\x00\x00\x00</data></match></read>
    <write><data>\xa5Z\x0a\x00\x0c\x008\x00\x00\x00\x3b\x03\x00\x00</data></write>
    <read><length>12</length><match><data>\xa5Z\x0a\x01\x00\x00\x00\x00\x00\x00\x00\x00</data></match></read>
    <write><data>\xa5Z\x08\x00\x05\x00\x00\x00\x8a\x01\x00\x00</data></write>
    <read><length>12</length><match><data>\xa5Z\x0a\x01\x00\x00\x00\x00\x00\x00\x00\x00</data></match></read>
    <write><data>\xa5Z\x08\x00\x01\x00\x01\x00\x7d\x01\x00\x00</data></write>
    <read><length>12</length><match><data>\xa5Z\x0a\x01\x00\x00\x00\x00\x00\x00\x00\x00</data></match></read>
    <write><data>\xa5Z\x08\x00\x01\x00\x01\x00\x7d\x01\x00\x00</data></write>
    <read><length>12</length><match><data>\xa5Z\x0a\x01\x00\x00\x00\x00\x00\x00\x00\x00</data></match></read>
    <write><data>\xa5Z\x0a\x00\x0c\x004\x00\x00\x00\x1f\x03\x00\x00</data></write>
    <read><length>12</length><match><data>\xa5Z\x0a\x01\x00\x00\x00\x00\x00\x00\x00\x00</data></match></read>
    <write><data>\xa5Z\x08\x00\x01\x00\x01\x00\x7d\x01\x00\x00</data></write>
    <read><length>12</length><match><data>\xa5Z\x0a\x01\x00\x00\x00\x00\x00\x00\x00\x00</data></match></read>
    <write><data>\xa5Z\x08\x00\x05\x00\x00\x00\x8a\x01\x00\x00</data></write>
    <read><length>12</length><match><data>\xa5Z\x0a\x01\x00\x00\x00\x00\x00\x00\x00\x00</data></match></read>
    <write><data>\xa5Z\x08\x00\x02\x00\xe7\x00\xcc\x07\x00\x00</data></write>
    <read><length>12</length><match><data>\xa5Z\x0a\x01\x00\x00\x00\x00\x00\x00\x00\x00</data></match></read>
    <write><data>\xa5Z\x08\x00\x04\x00\x03\x00\x9a\x01\x00\x00</data></write>
    <read><length>12</length><match><data>\xa5Z\x0a\x01\x00\x00\x06\x00\x00\x00\x00\x00</data></match></read>
    <write><data>\xa5Z\x08\x00\x04\x00\x04\x00\xa1\x01\x00\x00</data></write>
    <read><length>12</length><match><data>\xa5Z\x0a\x01\x00\x00\x06\x00\x00\x00\x00\x00</data></match></read>
    <write><data>\xa5ZP\x00\x06\x00\x06\x00\x01\x00\x00\x00\xee\x19\x00\x00\x40\x01\x00\x00\x01\x00\x00\x00\xb4\x0a\x00\x00\xbd\x00\x00\x00\x01\x00\x00\x00\xae\x0a\x00\x00\xc6\x00\x00\x00\x01\x00\x00\x00d\x0d\x00\x00\xf0\x00\x00\x00\x00\x00\x00\x00\x07\x00\x00\x00\xc8\x00\x00\x00\x01\x00\x00\x00\x7e1\x00\x00O\x01\x00\x00\x5b\x3d\x01\x00</data></write>
    <read><length>12</length><match><data>\xa5Z\x0a\x01\x00\x00\x00\x00\x00\x00\x00\x00</data></match></read>
    <write><data>\xa5ZP\x00\x06\x00\x06\x00\x00\x00\x00\x00\x07\x00\x00\x00\x2b\x01\x00\x00\x01\x00\x00\x00\x8b\x0e\x00\x00\x11\x01\x00\x00\x01\x00\x00\x00\x03!\x00\x00:\x01\x00\x00\x01\x00\x00\x00\x08\x29\x00\x00\x0c\x01\x00\x00\x01\x00\x00\x00\x2c\x23\x00\x00\x27\x01\x00\x00\x01\x00\x00\x00\x60\x09\x00\x00\xe0\x00\x00\x00B\xb1\x00\x00</data></write>
    <read><length>12</length><match><data>\xa5Z\x0a\x01\x00\x00\x00\x00\x00\x00\x00\x00</data></match></read>
    <write><data>\xa5Z\x08\x00\x0b\x00\x00\x00\xa8\x01\x00\x00</data></write>
    <read><length>76</length><match><data>\xa5Z\x0a\x01\x01\x00\x0b\x00\x40\x00\x00\x00\x05\x00\x00\x00\x88\x13\x00\x004\x08\x00\x00K\x00\x00\x00\x07\x00\x00\x00X\x1b\x00\x00\xf4\x1a\x00\x00K\x00\x00\x00\x09\x00\x00\x00\x28\x23\x00\x008\x18\x00\x00K\x00\x00\x00\x02\x00\x00\x00\xd0\x07\x00\x00\x98!\x00\x00K\x00\x00\x00</data></match></read>
    <write><data>\xa5Z\x08\x00\x02\x00\xdc\x00\x7f\x07\x00\x00</data></write>
    <read><length>12</length><match><data>\xa5Z\x0a\x01\x00\x00\x00\x00\x00\x00\x00\x00</data></match></read>
    <write><data>\xa5Z\x08\x00\x04\x00\x0a\x00\xcb\x01\x00\x00</data></write>
    <read><length>12</length><match><data>\xa5Z\x0a\x01\x00\x00\x06\x00\x00\x00\x00\x00</data></match></read>
    <write><data>\xa5Z\x10\x00\x28\x5e\x00\x00\x00\x00\x00\x00\x00\x00\x00\x00\x85\x04\x00\x00</data></write>
    <read><length>12</length><match><data>\xa5Z\x0a\x01\x00\x00\x05\x00\x00\x00\x00\x00</data></match></read>
    <write><data>\xa5Z\x08\x00\x04\x00\x08\x00\xbd\x01\x00\x00</data></write>
    <read><length>12</length><match><data>\xa5Z\x0a\x01\x00\x00\x06\x00\x00\x00\x00\x00</data></match></read>
    <write><data>\xa5Z\x10\x00X\x19\x00\x00\x00\x00\x00\x00\x00\x00\x00\x00\xd7\x03\x00\x00</data></write>
    <read><length>12</length><match><data>\xa5Z\x0a\x01\x00\x00\x05\x00\x00\x00\x00\x00</data></match></read>
    <write><data>\xa5Z\x08\x00\x05\x00\x01\x00\x91\x01\x00\x00</data></write>
    <read><length>12</length><match><data>\xa5Z\x0a\x01\x00\x00\x00\x00\x00\x00\x00\x00</data></match></read>
    <write><data>\xa5Z\x0a\x00\x0c\x00G\x00\x00\x00\xa4\x03\x00\x00</data></write>
    <read><length>12</length><match><data>\xa5Z\x0a\x01\x00\x00\x00\x00\x00\x00\x00\x00</data></match></read>
    <write><data>\xa5Z\x08\x00\x0b\x00\x00\x00\xa8\x01\x00\x00</data></write>
    <read><length>76</length><match><data>\xa5Z\x0a\x01\x01\x00\x0b\x00\x40\x00\x00\x00\x05\x00\x00\x00\x88\x13\x00\x004\x08\x00\x00K\x00\x00\x00\x07\x00\x00\x00X\x1b\x00\x00\xf4\x1a\x00\x00K\x00\x00\x00\x09\x00\x00\x00\x28\x23\x00\x008\x18\x00\x00K\x00\x00\x00\x02\x00\x00\x00\xd0\x07\x00\x00\x98!\x00\x00K\x00\x00\x00</data></match></read>
    <write><data>\xa5Z\x0c\x00\x08\x00\x00\x00\x00\x00\x00\x00\xa5\x01\x00\x00</data></write>
    <read><length>36</length><match><data>\xa5Z\x0a\x01\x01\x00\x08\x00\x18\x00\x00\x00\x0a\x01\x00\x00\xdc\x00\x00\x00K\x00\x00\x00\x00\x00\x00\x00\x00\x00\x00\x00\x01\x00\x00\x00</data></match></read>
    <write><data>\xa5Z\x0c\x00\x08\x00\x00\x00\x00\x00\x00\x00\xa5\x01\x00\x00</data></write>
    <read><length>36</length><match><data>\xa5Z\x0a\x01\x01\x00\x08\x00\x18\x00\x00\x00\x0a\x01\x00\x00\xdc\x00\x00\x00K\x00\x00\x00\x00\x00\x00\x00\x00\x00\x00\x00\x01\x00\x00\x00</data></match></read>
    <write><data>\xa5Z\x0c\x00\x0a\x00\x00\x00\x00\x00\x00\x00\xaf\x01\x00\x00</data></write>
    <read><length>16</length><match><data>\xa5Z\x0a\x01\x01\x00\x0a\x00\x04\x00\x00\x00\xb6\xdc\xae\x40</data></match></read>
    <write><data>\xa5Zh\x00\x06\x00\x08\x00\x00\x00\x00\x00\x09\x00\x00\x00\xee\x00\x00\x00\x00\x00\x00\x00\x05\x00\x00\x00\xbb\x00\x00\x00\x01\x00\x00\x00\xdf\x2d\x00\x00\x23\x01\x00\x00\x00\x00\x00\x00\x09\x00\x00\x00\xe5\x00\x00\x00\x00\x00\x00\x00\x02\x00\x00\x00\x28\x01\x00\x00\x00\x00\x00\x00\x02\x00\x00\x00\xfc\x00\x00\x00\x01\x00\x00\x00\xa1\x1f\x00\x00\x22\x01\x00\x00\x00\x00\x00\x00\x02\x00\x00\x00L\x01\x00\x00\x89I\x01\x00</data></write>
    <read><length>12</length><match><data>\xa5Z\x0a\x01\x00\x00\x00\x00\x00\x00\x00\x00</data></match></read>
    <write><data>\xa5Z\x08\x00\x05\x00\x00\x00\x8a\x01\x00\x00</data></write>
    <read><length>12</length><match><data>\xa5Z\x0a\x01\x00\x00\x00\x00\x00\x00\x00\x00</data></match></read>
    <write><data>\xa5Z\x08\x00\x05\x00\x00\x00\x8a\x01\x00\x00</data></write>
    <read><length>12</length><match><data>\xa5Z\x0a\x01\x00\x00\x00\x00\x00\x00\x00\x00</data></match></read>
    <write><data>\xa5Z\x08\x00\x01\x00\x01\x00\x7d\x01\x00\x00</data></write>
    <read><length>12</length><match><data>\xa5Z\x0a\x01\x00\x00\x00\x00\x00\x00\x00\x00</data></match></read>
    <write><data>\xa5Z\x0c\x00\x0a\x00\x00\x00\x00\x00\x00\x00\xaf\x01\x00\x00</data></write>
    <read><length>16</length><match><data>\xa5Z\x0a\x01\x01\x00\x0a\x00\x04\x00\x00\x00\xb6\xdc\xae\x40</data></match></read>
    <write><data>\xa5Z\x08\x00\x05\x00\x00\x00\x8a\x01\x00\x00</data></write>
    <read><length>12</length><match><data>\xa5Z\x0a\x01\x00\x00\x00\x00\x00\x00\x00\x00</data></match></read>
    <write><data>\xa5Z\x14\x00\x03\x00\x05\x00\x88\x13\x00\x00\xbc\x1b\x00\x00K\x00\x00\x00N\x17\x00\x00</data></write>
    <read><length>12</length><match><data>\xa5Z\x0a\x01\x00\x00\x07\x00\x00\x00\x00\x00</data></match></read>
    <write><data>\xa5Z\x08\x00\x01\x00\x01\x00\x7d\x01\x00\x00</data></write>
    <read><length>12</length><match><data>\xa5Z\x0a\x01\x00\x00\x00\x00\x00\x00\x00\x00</data></match></read>
    <write><data>\xa5Z\x08\x00\x07\x00\x00\x00\x94\x01\x00\x00</data></write>
    <read><length>108</length><match><data>\xa5Z\x0a\x01\x01\x00\x07\x00\x60\x00\x00\x00\x00\x00\x00\x00\x09\x00\x00\x00\xee\x00\x00\x00\x00\x00\x00\x00\x05\x00\x00\x00\xbb\x00\x00\x00\x01\x00\x00\x00\xdf\x2d\x00\x00\x23\x01\x00\x00\x00\x00\x00\x00\x09\x00\x00\x00\xe5\x00\x00\x00\x00\x00\x00\x00\x02\x00\x00\x00\x28\x01\x00\x00\x00\x00\x00\x00\x02\x00\x00\x00\xfc\x00\x00\x00\x01\x00\x00\x00\xa1\x1f\x00\x00\x22\x01\x00\x00\x00\x00\x00\x00\x02\x00\x00\x00L\x01\x00\x00</data></match></read>
    <write><data>\xa5Z\x08\x00\x02\x00\xdf\x00\x94\x07\x00\x00</data></write>
    <read><length>12</length><match><data>\xa5Z\x0a\x01\x00\x00\x00\x00\x00\x00\x00\x00</data></match></read>
    <write><data>\xa5Z\x10\x00\xce\x90\x00\x00\x00\x00\x00\x00\x00\x00\x00\x00\xef\x08\x00\x00</data></write>
    <read><length>12</length><match><data>\xa5Z\x0a\x01\x00\x00\x05\x00\x00\x00\x00\x00</data></match></read>
    <write><data>\xa5Z\x0a\x00\x0c\x00\x18\x00\x00\x00\x5b\x02\x00\x00</data></write>
    <read><length>12</length><match><data>\xa5Z\x0a\x01\x00\x00\x00\x00\x00\x00\x00\x00</data></match></read>
    <write><data>\xa5Z\x2c\x00\x06\x00\x03\x00\x00\x00\x00\x00\x02\x00\x00\x00\xf3\x00\x00\x00\x01\x00\x00\x00E6\x00\x00\xd0\x00\x00\x00\x00\x00\x00\x00\x09\x00\x00\x00\xcc\x00\x00\x00\x24X\x00\x00</data></write>
    <read><length>12</length><match><data>\xa5Z\x0a\x01\x00\x00\x00\x00\x00\x00\x00\x00</data></match></read>
    <write><data>\xa5Z\x14\x00\x03\x00\x0a\x00\x10\x27\x00\x00\x14\x1e\x00\x00K\x00\x00\x00\xa3\x0b\x00\x00</data></write>
    <read><length>12</length><match><data>\xa5Z\x0a\x01\x00\x00\x00\x00\x00\x00\x00\x00</data></match></read>
    <write><data>\xa5Z\x08\x00\x01\x00\x01\x00\x7d\x01\x00\x00</data></write>
    <read><length>12</length><match><data>\xa5Z\x0a\x01\x00\x00\x00\x00\x00\x00\x00\x00</data></match></read>
    <write><data>\xa5Z\x08\x00\x05\x00\x01\x00\x91\x01\x00\x00</data></write>
    <read><length>12</length><match><data>\xa5Z\x0a\x01\x00\x00\x00\x00\x00\x00\x00\x00</data></match></read>
    <write><data>\xa5Z\x08\x00\x07\x00\x00\x00\x94\x01\x00\x00</data></write>
    <read><length>48</length><match><data>\xa5Z\x0a\x01\x01\x00\x07\x00\x24\x00\x00\x00\x00\x00\x00\x00\x02\x00\x00\x00\xf3\x00\x00\x00\x01\x00\x00\x00E6\x00\x00\xd0\x00\x00\x00\x00\x00\x00\x00\x09\x00\x00\x00\xcc\x00\x00\x00</data></match></read>
    <write><data>\xa5Z\x08\x00\x01\x00\x01\x00\x7d\x01\x00\x00</data></write>
    <read><length>12</length><match><data>\xa5Z\x0a\x01\x00\x00\x00\x00\x00\x00\x00\x00</data></match></read>
    <write><data>\xa5Z\x08\x00\x01\x00\x01\x00\x7d\x01\x00\x00</data></write>
    <read><length>12</length><match><data>\xa5Z\x0a\x01\x00\x00\x00\x00\x00\x00\x00\x00</data></match></read>
    <write><data>\xa5Z\x0a\x00\x0c\x00\x1f\x00\x00\x00\x8c\x02\x00\x00</data></write>
    <read><length>12</length><match><data>\xa5Z\x0a\x01\x00\x00\x00\x00\x00\x00\x00\x00</data></match></read>
    <write><data>\xa5Z\x0c\x00\x0a\x00\x00\x00\x00\x00\x00\x00\xaf\x01\x00\x00</data></write>
    <read><length>16</length><match><data>\xa5Z\x0a\x01\x01\x00\x0a\x00\x04\x00\x00\x00\xb6\xdc\xae\x40</data></match></read>
    <write><data>\xa5Z\x08\x00\x02\x00O\x01\xac\x03\x00\x00</data></write>
    <read><length>12</length><match><data>\xa5Z\x0a\x01\x00\x00\x00\x00\x00\x00\x00\x00</data></match></read>
    <write><data>\xa5Z\x08\x00\x01\x00\x01\x00\x7d\x01\x00\x00</data></write>
    <read><length>12</length><match><data>\xa5Z\x0a\x01\x00\x00\x00\x00\x00\x00\x00\x00</data></match></read>
    <write><data>\xa5Z\x08\x00\x0b\x00\x00\x00\xa8\x01\x00\x00</data></write>
    <read><length>92</length><match><data>\xa5Z\x0a\x01\x01\x00\x0b\x00P\x00\x00\x00\x05\x00\x00\x00\x88\x13\x00\x004\x08\x00\x00K\x00\x00\x00\x07\x00\x00\x00X\x1b\x00\x00\xf4\x1a\x00\x00K\x00\x00\x00\x09\x00\x00\x00\x28\x23\x00\x008\x18\x00\x00K\x00\x00\x00\x02\x00\x00\x00\xd0\x07\x00\x00\x98!\x00\x00K\x00\x00\x00\x0a\x00\x00\x00\x10\x27\x00\x00\x14\x1e\x00\x00K\x00\x00\x00</data></match></read>
    <write><data>\xa5Z\x10\x00Re\x00\x00\x00\x00\x00\x00\x00\x00\x00\x00\x81\x05\x00\x00</data></write>
    <read><length>12</length><match><data>\xa5Z\x0a\x01\x00\x00\x05\x00\x00\x00\x00\x00</data></match></read>
    <write><data>\xa5Z\x08\x00\x07\x00\x00\x00\x94\x01\x00\x00</data></write>
    <read><length>48</length><match><data>\xa5Z\x0a\x01\x01\x00\x07\x00\x24\x00\x00\x00\x00\x00\x00\x00\x02\x00\x00\x00\xf3\x00\x00\x00\x01\x00\x00\x00E6\x00\x00\xd0\x00\x00\x00\x00\x00\x00\x00\x09\x00\x00\x00\xcc\x00\x00\x00</data></match></read>
    <write><data>\xa5Zt\x00\x06\x00\x09\x00\x00\x00\x00\x00\x07\x00\x00\x00\xd0\x00\x00\x00\x00\x00\x00\x00\x0a\x00\x00\x00\xca\x00\x00\x00\x01\x00\x00\x00\x220\x00\x00\x04\x01\x00\x00\x00\x00\x00\x00\x02\x00\x00\x002\x01\x00\x00\x01\x00\x00\x00\x9a\x22\x00\x00\x1c\x01\x00\x00\x01\x00\x00\x00\xc7\x1d\x00\x00\xc9\x00\x00\x00\x00\x00\x00\x00\x02\x00\x00\x00U\x01\x00\x00\x00\x00\x00\x00\x05\x00\x00\x00C\x01\x00\x00\x00\x00\x00\x00\x09\x00\x00\x00\xe8\x00\x00\x00\xec\x98\x01\x00</data></write>
    <read><length>12</length><match><data>\xa5Z\x0a\x01\x00\x00\x00\x00\x00\x00\x00\x00</data></match></read>
    <write><data>\xa5Z\x10\x00oc\x00\x00\x00\x00\x00\x00\x00\x00\x00\x00\x06\x06\x00\x00</data></write>
    <read><length>12</length><match><data>\xa5Z\x0a\x01\x00\x00\x05\x00\x00\x00\x00\x00</data></match></read>
    <write><data>\xa5Z\x0c\x00\x0a\x00\x00\x00\x00\x00\x00\x00\xaf\x01\x00\x00</data></write>
    <read><length>16</length><match><data>\xa5Z\x0a\x01\x01\x00\x0a\x00\x04\x00\x00\x00\xb6\xdc\xae\x40</data></match></read>
    <write><data>\xa5Z\x08\x00\x09\x00\xb1\x00u\x06\x00\x00</data></write>
    <read><length>12</length><match><data>\xa5Z\x0a\x01\x00\x00\x09\x00\xb1\x00\x00\x00</data></match></read>
    <write><data>\xa5Z\x08\x00\x01\x00\x01\x00\x7d\x01\x00\x00</data></write>
    <read><length>12</length><match><data>\xa5Z\x0a\x01\x00\x00\x00\x00\x00\x00\x00\x00</data></match></read>
    <write><data>\xa5Z\x0c\x00\xff\x00\x00\x00\x00\x00\x00\x00x\x06\x00\x00</data></write>
</replay>
</pov>