<?xml version="1.0" standalone="no" ?>
<!DOCTYPE pov SYSTEM "/usr/share/cgc-docs/replay.dtd">
<pov>
<cbid>service</cbid>
<seed>d4efccf1c165f030f80353a8b984e302403d0afebdafa41421b9cbdb5ce11eac4a2d1e3846226c449649417abafa20f7</seed>
<replay>
    <write><data>\xa5Z\x0c\x00\x0a\x00\x00\x00\x00\x00\x00\x00\xaf\x01\x00\x00</data></write>
    <read><length>16</length><match><data>\xa5Z\x0a\x01\x01\x00\x0a\x00\x04\x00\x00\x00\x99\x90\xba?</data></match></read>
    <write><data>\xa5Z\x08\x00\x01\x00\x01\x00\x7d\x01\x00\x00</data></write>
    <read><length>12</length><match><data>\xa5Z\x0a\x01\x00\x00\x00\x00\x00\x00\x00\x00</data></match></read>
    <write><data>\xa5Z\x08\x00\x09\x00\x91\x00\x95\x05\x00\x00</data></write>
    <read><length>12</length><match><data>\xa5Z\x0a\x01\x00\x00\x09\x00\x91\x00\x00\x00</data></match></read>
    <write><data>\xa5Z\x14\x00\x03\x00\x08\x00\x40\x1f\x00\x00 \x03\x00\x00K\x00\x00\x00\x17\x0c\x00\x00</data></write>
    <read><length>12</length><match><data>\xa5Z\x0a\x01\x00\x00\x00\x00\x00\x00\x00\x00</data></match></read>
    <write><data>\xa5Z\x08\x00\x05\x00\x01\x00\x91\x01\x00\x00</data></write>
    <read><length>12</length><match><data>\xa5Z\x0a\x01\x00\x00\x00\x00\x00\x00\x00\x00</data></match></read>
    <write><data>\xa5Z\x08\x00\x07\x00\x00\x00\x94\x01\x00\x00</data></write>
    <read><length>12</length><match><data>\xa5Z\x0a\x01\x01\x00\x07\x00\x00\x00\x00\x00</data></match></read>
    <write><data>\xa5Z\x08\x00\x05\x00\x01\x00\x91\x01\x00\x00</data></write>
    <read><length>12</length><match><data>\xa5Z\x0a\x01\x00\x00\x00\x00\x00\x00\x00\x00</data></match></read>
    <write><data>\xa5Z\x10\x00Po\x00\x00\x00\x00\x00\x00\x00\x00\x00\x00\xb3\x05\x00\x00</data></write>
    <read><length>12</length><match><data>\xa5Z\x0a\x01\x00\x00\x05\x00\x00\x00\x00\x00</data></match></read>
    <write><data>\xa5Z\x0c\x00\x0a\x00\x00\x00\x00\x00\x00\x00\xaf\x01\x00\x00</data></write>
    <read><length>16</length><match><data>\xa5Z\x0a\x01\x01\x00\x0a\x00\x04\x00\x00\x00\x99\x90\xba?</data></match></read>
    <write><data>\xa5Z\x08\x00\x04\x00\x0c\x00\xd9\x01\x00\x00</data></write>
    <read><length>12</length><match><data>\xa5Z\x0a\x01\x00\x00\x06\x00\x00\x00\x00\x00</data></match></read>
    <write><data>\xa5Z\x08\x00\x09\x00d\x00Z\x04\x00\x00</data></write>
    <read><length>12</length><match><data>\xa5Z\x0a\x01\x00\x00\x09\x00\xf5\x00\x00\x00</data></match></read>
    <write><data>\xa5Z\x08\x00\x04\x00\x0b\x00\xd2\x01\x00\x00</data></write>
    <read><length>12</length><match><data>\xa5Z\x0a\x01\x00\x00\x06\x00\x00\x00\x00\x00</data></match></read>
    <write><data>\xa5Z\x0c\x00\x0a\x00\x00\x00\x00\x00\x00\x00\xaf\x01\x00\x00</data></write>
    <read><length>16</length><match><data>\xa5Z\x0a\x01\x01\x00\x0a\x00\x04\x00\x00\x00\x99\x90\xba?</data></match></read>
    <write><data>\xa5Z\x08\x00\x05\x00\x01\x00\x91\x01\x00\x00</data></write>
    <read><length>12</length><match><data>\xa5Z\x0a\x01\x00\x00\x00\x00\x00\x00\x00\x00</data></match></read>
    <write><data>\xa5Zt\x00\x06\x00\x09\x00\x00\x00\x00\x00\x08\x00\x00\x00\xc0\x00\x00\x00\x01\x00\x00\x00\xe5\x1d\x00\x00\xef\x00\x00\x00\x00\x00\x00\x00\x08\x00\x00\x00\xc3\x00\x00\x00\x00\x00\x00\x00\x08\x00\x00\x00\xe5\x00\x00\x00\x01\x00\x00\x00N\x2b\x00\x00M\x01\x00\x00\x01\x00\x00\x003\x09\x00\x00\x0f\x01\x00\x00\x01\x00\x00\x00l\x2a\x00\x00!\x01\x00\x00\x01\x00\x00\x00\x1c\x08\x00\x00\x1e\x01\x00\x00\x00\x00\x00\x00\x08\x00\x00\x00L\x01\x00\x00\x0f\x5b\x01\x00</data></write>
    <read><length>12</length><match><data>\xa5Z\x0a\x01\x00\x00\x00\x00\x00\x00\x00\x00</data></match></read>
    <write><data>\xa5Z\x08\x00\x04\x00\x05\x00\xa8\x01\x00\x00</data></write>
    <read><length>12</length><match><data>\xa5Z\x0a\x01\x00\x00\x06\x00\x00\x00\x00\x00</data></match></read>
    <write><data>\xa5Z\x08\x00\x07\x00\x00\x00\x94\x01\x00\x00</data></write>
    <read><length>120</length><match><data>\xa5Z\x0a\x01\x01\x00\x07\x00l\x00\x00\x00\x00\x00\x00\x00\x08\x00\x00\x00\xc0\x00\x00\x00\x01\x00\x00\x00\xe5\x1d\x00\x00\xef\x00\x00\x00\x00\x00\x00\x00\x08\x00\x00\x00\xc3\x00\x00\x00\x00\x00\x00\x00\x08\x00\x00\x00\xe5\x00\x00\x00\x01\x00\x00\x00N\x2b\x00\x00M\x01\x00\x00\x01\x00\x00\x003\x09\x00\x00\x0f\x01\x00\x00\x01\x00\x00\x00l\x2a\x00\x00!\x01\x00\x00\x01\x00\x00\x00\x1c\x08\x00\x00\x1e\x01\x00\x00\x00\x00\x00\x00\x08\x00\x00\x00L\x01\x00\x00</data></match></read>
    <write><data>\xa5Z\x08\x00\x05\x00\x00\x00\x8a\x01\x00\x00</data></write>
    <read><length>12</length><match><data>\xa5Z\x0a\x01\x00\x00\x00\x00\x00\x00\x00\x00</data></match></read>
    <write><data>\xa5Z\x08\x00\x04\x00\x07\x00\xb6\x01\x00\x00</data></write>
    <read><length>12</length><match><data>\xa5Z\x0a\x01\x00\x00\x06\x00\x00\x00\x00\x00</data></match></read>
    <write><data>\xa5Z\x08\x00\x05\x00\x01\x00\x91\x01\x00\x00</data></write>
    <read><length>12</length><match><data>\xa5Z\x0a\x01\x00\x00\x00\x00\x00\x00\x00\x00</data></match></read>
    <write><data>\xa5Z\x0a\x00\x0c\x00\x23\x00\x00\x00\xa8\x02\x00\x00</data></write>
    <read><length>12</length><match><data>\xa5Z\x0a\x01\x00\x00\x00\x00\x00\x00\x00\x00</data></match></read>
    <write><data>\xa5Z\x0a\x00\x0c\x00 \x00\x00\x00\x93\x02\x00\x00</data></write>
    <read><length>12</length><match><data>\xa5Z\x0a\x01\x00\x00\x00\x00\x00\x00\x00\x00</data></match></read>
    <write><data>\xa5Z\x08\x00\x01\x00\x01\x00\x7d\x01\x00\x00</data></write>
    <read><length>12</length><match><data>\xa5Z\x0a\x01\x00\x00\x00\x00\x00\x00\x00\x00</data></match></read>
    <write><data>\xa5Z\x08\x00\x05\x00\x01\x00\x91\x01\x00\x00</data></write>
    <read><length>12</length><match><data>\xa5Z\x0a\x01\x00\x00\x00\x00\x00\x00\x00\x00</data></match></read>
    <write><data>\xa5Z\x0a\x00\x0c\x00S\x00\x00\x00\xf8\x03\x00\x00</data></write>
    <read><length>12</length><match><data>\xa5Z\x0a\x01\x00\x00\x00\x00\x00\x00\x00\x00</data></match></read>
    <write><data>\xa5Z\x0c\x00\x0a\x00\x00\x00\x00\x00\x00\x00\xaf\x01\x00\x00</data></write>
    <read><length>16</length><match><data>\xa5Z\x0a\x01\x01\x00\x0a\x00\x04\x00\x00\x00\x99\x90\xba?</data></match></read>
    <write><data>\xa5Z\x08\x00\x05\x00\x00\x00\x8a\x01\x00\x00</data></write>
    <read><length>12</length><match><data>\xa5Z\x0a\x01\x00\x00\x00\x00\x00\x00\x00\x00</data></match></read>
    <write><data>\xa5Z\x14\x00\x03\x00\x07\x00X\x1b\x00\x00\xac\x26\x00\x00S\x00\x00\x00N\x16\x00\x00</data></write>
    <read><length>12</length><match><data>\xa5Z\x0a\x01\x00\x00\x00\x00\x00\x00\x00\x00</data></match></read>
    <write><data>\xa5Z\x10\x00\xbcG\x00\x00\x00\x00\x00\x00\x00\x00\x00\x00\xdf\x06\x00\x00</data></write>
    <read><length>12</length><match><data>\xa5Z\x0a\x01\x00\x00\x05\x00\x00\x00\x00\x00</data></match></read>
    <write><data>\xa5Z\x0c\x00\x0a\x00\x00\x00\x00\x00\x00\x00\xaf\x01\x00\x00</data></write>
    <read><length>16</length><match><data>\xa5Z\x0a\x01\x01\x00\x0a\x00\x04\x00\x00\x00\x99\x90\xba?</data></match></read>
    <write><data>\xa5Z\x0c\x00\x0a\x00\x00\x00\x00\x00\x00\x00\xaf\x01\x00\x00</data></write>
    <read><length>16</length><match><data>\xa5Z\x0a\x01\x01\x00\x0a\x00\x04\x00\x00\x00\x99\x90\xba?</data></match></read>
    <write><data>\xa5Z\x14\x00\x03\x00\x05\x00\x88\x13\x00\x00\xc4\x22\x00\x00S\x00\x00\x00\xa0\x18\x00\x00</data></write>
    <read><length>12</length><match><data>\xa5Z\x0a\x01\x00\x00\x00\x00\x00\x00\x00\x00</data></match></read>
    <write><data>\xa5Z\x08\x00\x07\x00\x00\x00\x94\x01\x00\x00</data></write>
    <read><length>120</length><match><data>\xa5Z\x0a\x01\x01\x00\x07\x00l\x00\x00\x00\x00\x00\x00\x00\x08\x00\x00\x00\xc0\x00\x00\x00\x01\x00\x00\x00\xe5\x1d\x00\x00\xef\x00\x00\x00\x00\x00\x00\x00\x08\x00\x00\x00\xc3\x00\x00\x00\x00\x00\x00\x00\x08\x00\x00\x00\xe5\x00\x00\x00\x01\x00\x00\x00N\x2b\x00\x00M\x01\x00\x00\x01\x00\x00\x003\x09\x00\x00\x0f\x01\x00\x00\x01\x00\x00\x00l\x2a\x00\x00!\x01\x00\x00\x01\x00\x00\x00\x1c\x08\x00\x00\x1e\x01\x00\x00\x00\x00\x00\x00\x08\x00\x00\x00L\x01\x00\x00</data></match></read>
    <write><data>\xa5Z\x08\x00\x02\x00\xd8\x00c\x07\x00\x00</data></write>
    <read><length>12</length><match><data>\xa5Z\x0a\x01\x00\x00\x00\x00\x00\x00\x00\x00</data></match></read>
    <write><data>\xa5Z\x08\x00\x05\x00\x01\x00\x91\x01\x00\x00</data></write>
    <read><length>12</length><match><data>\xa5Z\x0a\x01\x00\x00\x00\x00\x00\x00\x00\x00</data></match></read>
    <write><data>\xa5Z\x14\x00\x03\x00\x02\x00\xd0\x07\x00\x00\xc4\x22\x00\x00S\x00\x00\x00\x9b\x1a\x00\x00</data></write>
    <read><length>12</length><match><data>\xa5Z\x0a\x01\x00\x00\x00\x00\x00\x00\x00\x00</data></match></read>
    <write><data>\xa5Z\x08\x00\x01\x00\x01\x00\x7d\x01\x00\x00</data></write>
    <read><length>12</length><match><data>\xa5Z\x0a\x01\x00\x00\x00\x00\x00\x00\x00\x00</data></match></read>
    <write><data>\xa5Z\x08\x00\x01\x00\x01\x00\x7d\x01\x00\x00</data></write>
    <read><length>12</length><match><data>\xa5Z\x0a\x01\x00\x00\x00\x00\x00\x00\x00\x00</data></match></read>
    <write><data>\xa5Z\x08\x00\x09\x00\xa6\x00\x28\x06\x00\x00</data></write>
    <read><length>12</length><match><data>\xa5Z\x0a\x01\x00\x00\x09\x00\xa6\x00\x00\x00</data></match></read>
    <write><data>\xa5Z\x08\x00\x05\x00\x00\x00\x8a\x01\x00\x00</data></write>
    <read><length>12</length><match><data>\xa5Z\x0a\x01\x00\x00\x00\x00\x00\x00\x00\x00</data></match></read>
    <write><data>\xa5Z\x08\x00\x02\x00\x26\x01\x8d\x02\x00\x00</data></write>
    <read><length>12</length><match><data>\xa5Z\x0a\x01\x00\x00\x00\x00\x00\x00\x00\x00</data></match></read>
    <write><data>\xa5Z\x08\x00\x05\x00\x01\x00\x91\x01\x00\x00</data></write>
    <read><length>12</length><match><data>\xa5Z\x0a\x01\x00\x00\x00\x00\x00\x00\x00\x00</data></match></read>
    <write><data>\xa5Z\x14\x00\x03\x00\x06\x00p\x17\x00\x00 \x03\x00\x00S\x00\x00\x00\xf1\x0d\x00\x00</data></write>
    <read><length>12</length><match><data>\xa5Z\x0a\x01\x00\x00\x00\x00\x00\x00\x00\x00</data></match></read>
    <write><data>\xa5Z\x14\x00\x03\x00\x04\x00\xa0\x0f\x00\x00\xb0\x1d\x00\x00S\x00\x00\x00\xff\x17\x00\x00</data></write>
    <read><length>12</length><match><data>\xa5Z\x0a\x01\x00\x00\x00\x00\x00\x00\x00\x00</data></match></read>
    <write><data>\xa5Z\x14\x00\x03\x00\x0a\x00\x10\x27\x00\x00\x98!\x00\x00S\x00\x00\x00\x09\x13\x00\x00</data></write>
    <read><length>12</length><match><data>\xa5Z\x0a\x01\x00\x00\x00\x00\x00\x00\x00\x00</data></match></read>
    <write><data>\xa5Z\x0c\x00\x0a\x00\x00\x00\x00\x00\x00\x00\xaf\x01\x00\x00</data></write>
    <read><length>16</length><match><data>\xa5Z\x0a\x01\x01\x00\x0a\x00\x04\x00\x00\x00\x99\x90\xba?</data></match></read>
    <write><data>\xa5Z\x08\x00\x05\x00\x01\x00\x91\x01\x00\x00</data></write>
    <read><length>12</length><match><data>\xa5Z\x0a\x01\x00\x00\x00\x00\x00\x00\x00\x00</data></match></read>
    <write><data>\xa5Z\x08\x00\x07\x00\x00\x00\x94\x01\x00\x00</data></write>
    <read><length>120</length><match><data>\xa5Z\x0a\x01\x01\x00\x07\x00l\x00\x00\x00\x00\x00\x00\x00\x08\x00\x00\x00\xc0\x00\x00\x00\x01\x00\x00\x00\xe5\x1d\x00\x00\xef\x00\x00\x00\x00\x00\x00\x00\x08\x00\x00\x00\xc3\x00\x00\x00\x00\x00\x00\x00\x08\x00\x00\x00\xe5\x00\x00\x00\x01\x00\x00\x00N\x2b\x00\x00M\x01\x00\x00\x01\x00\x00\x003\x09\x00\x00\x0f\x01\x00\x00\x01\x00\x00\x00l\x2a\x00\x00!\x01\x00\x00\x01\x00\x00\x00\x1c\x08\x00\x00\x1e\x01\x00\x00\x00\x00\x00\x00\x08\x00\x00\x00L\x01\x00\x00</data></match></read>
    <write><data>\xa5Z\x14\x00\x03\x00\x03\x00\xb8\x0b\x00\x00\x84\x03\x00\x00S\x00\x00\x00\x00\x15\x00\x00</data></write>
    <read><length>12</length><match><data>\xa5Z\x0a\x01\x00\x00\x00\x00\x00\x00\x00\x00</data></match></read>
    <write><data>\xa5Z\x08\x00\x07\x00\x00\x00\x94\x01\x00\x00</data></write>
    <read><length>120</length><match><data>\xa5Z\x0a\x01\x01\x00\x07\x00l\x00\x00\x00\x00\x00\x00\x00\x08\x00\x00\x00\xc0\x00\x00\x00\x01\x00\x00\x00\xe5\x1d\x00\x00\xef\x00\x00\x00\x00\x00\x00\x00\x08\x00\x00\x00\xc3\x00\x00\x00\x00\x00\x00\x00\x08\x00\x00\x00\xe5\x00\x00\x00\x01\x00\x00\x00N\x2b\x00\x00M\x01\x00\x00\x01\x00\x00\x003\x09\x00\x00\x0f\x01\x00\x00\x01\x00\x00\x00l\x2a\x00\x00!\x01\x00\x00\x01\x00\x00\x00\x1c\x08\x00\x00\x1e\x01\x00\x00\x00\x00\x00\x00\x08\x00\x00\x00L\x01\x00\x00</data></match></read>
    <write><data>\xa5Z\x0a\x00\x0c\x00\x2d\x00\x00\x00\xee\x02\x00\x00</data></write>
    <read><length>12</length><match><data>\xa5Z\x0a\x01\x00\x00\x00\x00\x00\x00\x00\x00</data></match></read>
    <write><data>\xa5Z\x08\x00\x04\x00\x0b\x00\xd2\x01\x00\x00</data></write>
    <read><length>12</length><match><data>\xa5Z\x0a\x01\x00\x00\x06\x00\x00\x00\x00\x00</data></match></read>
    <write><data>\xa5Z\x14\x00\x03\x00\x08\x00\x40\x1f\x00\x00\x60\x22\x00\x00\x2d\x00\x00\x00\x0b\x0f\x00\x00</data></write>
    <read><length>12</length><match><data>\xa5Z\x0a\x01\x00\x00\x07\x00\x00\x00\x00\x00</data></match></read>
    <write><data>\xa5Z\x0c\x00\x0a\x00\x00\x00\x00\x00\x00\x00\xaf\x01\x00\x00</data></write>
    <read><length>16</length><match><data>\xa5Z\x0a\x01\x01\x00\x0a\x00\x04\x00\x00\x00\x99\x90\xba?</data></match></read>
    <write><data>\xa5Z\x08\x00\x09\x00\xaa\x00D\x06\x00\x00</data></write>
    <read><length>12</length><match><data>\xa5Z\x0a\x01\x00\x00\x09\x00P\x01\x00\x00</data></match></read>
    <write><data>\xa5Z\x14\x00\x03\x00\x05\x00\x88\x13\x00\x00\xd0\x07\x00\x00\x2d\x00\x00\x00\x3c\x15\x00\x00</data></write>
    <read><length>12</length><match><data>\xa5Z\x0a\x01\x00\x00\x07\x00\x00\x00\x00\x00</data></match></read>
    <write><data>\xa5Z\x0a\x00\x0c\x00\x19\x00\x00\x00b\x02\x00\x00</data></write>
    <read><length>12</length><match><data>\xa5Z\x0a\x01\x00\x00\x00\x00\x00\x00\x00\x00</data></match></read>
    <write><data>\xa5Z\x10\x00\x7b\xe2\x00\x00\x00\x00\x00\x00\x00\x00\x00\x00\x3c\x09\x00\x00</data></write>
    <read><length>12</length><match><data>\xa5Z\x0a\x01\x00\x00\x05\x00\x00\x00\x00\x00</data></match></read>
    <write><data>\xa5Z\x0c\x00\x08\x00\x00\x00\x00\x00\x00\x00\xa5\x01\x00\x00</data></write>
    <read><length>36</length><match><data>\xa5Z\x0a\x01\x01\x00\x08\x00\x18\x00\x00\x00\x0a\x01\x00\x00\x26\x01\x00\x00\x25\x01\x00\x00\x01\x00\x00\x00\x00\x00\x00\x00\x01\x00\x00\x00</data></match></read>
    <write><data>\xa5Z\x10\x00\xdc\x93\x00\x00\x00\x00\x00\x00\x00\x00\x00\x00G\x09\x00\x00</data></write>
    <read><length>12</length><match><data>\xa5Z\x0a\x01\x00\x00\x05\x00\x00\x00\x00\x00</data></match></read>
    <write><data>\xa5Z\x14\x00\x03\x00\x02\x00\xd0\x07\x00\x00\x08 \x00\x00\x19\x00\x00\x00\x19\x0d\x00\x00</data></write>
    <read><length>12</length><match><data>\xa5Z\x0a\x01\x00\x00\x07\x00\x00\x00\x00\x00</data></match></read>
    <write><data>\xa5Zh\x00\x06\x00\x08\x00\x00\x00\x00\x00\x02\x00\x00\x00D\x01\x00\x00\x01\x00\x00\x00\x193\x00\x00\xff\x00\x00\x00\x00\x00\x00\x00\x0a\x00\x00\x00\xed\x00\x00\x00\x01\x00\x00\x00\x10\x26\x00\x00\xee\x00\x00\x00\x01\x00\x00\x00\x961\x00\x00E\x01\x00\x00\x01\x00\x00\x00\x27\x23\x00\x007\x01\x00\x00\x01\x00\x00\x00\x40\x2c\x00\x00\x2a\x01\x00\x00\x00\x00\x00\x00\x02\x00\x00\x00\xe7\x00\x00\x00\xad\x86\x01\x00</data></write>
    <read><length>12</length><match><data>\xa5Z\x0a\x01\x00\x00\x00\x00\x00\x00\x00\x00</data></match></read>
    <write><data>\xa5Z\x08\x00\x07\x00\x00\x00\x94\x01\x00\x00</data></write>
    <read><length>108</length><match><data>\xa5Z\x0a\x01\x01\x00\x07\x00\x60\x00\x00\x00\x00\x00\x00\x00\x02\x00\x00\x00D\x01\x00\x00\x01\x00\x00\x00\x193\x00\x00\xff\x00\x00\x00\x00\x00\x00\x00\x0a\x00\x00\x00\xed\x00\x00\x00\x01\x00\x00\x00\x10\x26\x00\x00\xee\x00\x00\x00\x01\x00\x00\x00\x961\x00\x00E\x01\x00\x00\x01\x00\x00\x00\x27\x23\x00\x007\x01\x00\x00\x01\x00\x00\x00\x40\x2c\x00\x00\x2a\x01\x00\x00\x00\x00\x00\x00\x02\x00\x00\x00\xe7\x00\x00\x00</data></match></read>
    <write><data>\xa5Z \x00\x06\x00\x02\x00\x00\x00\x00\x00\x02\x00\x00\x00\xf3\x00\x00\x00\x00\x00\x00\x00\x05\x00\x00\x00\xf3\x00\x00\x00\x26.\x00\x00</data></write>
    <read><length>12</length><match><data>\xa5Z\x0a\x01\x00\x00\x00\x00\x00\x00\x00\x00</data></match></read>
    <write><data>\xa5Z\x08\x00\x09\x00z\x00\xf4\x04\x00\x00</data></write>
    <read><length>12</length><match><data>\xa5Z\x0a\x01\x00\x00\x09\x00z\x00\x00\x00</data></match></read>
    <write><data>\xa5Z\x0c\x00\x0a\x00\x00\x00\x00\x00\x00\x00\xaf\x01\x00\x00</data></write>
    <read><length>16</length><match><data>\xa5Z\x0a\x01\x01\x00\x0a\x00\x04\x00\x00\x00\x99\x90\xba?</data></match></read>
    <write><data>\xa5Z\x0c\x00\x0a\x00\x00\x00\x00\x00\x00\x00\xaf\x01\x00\x00</data></write>
    <read><length>16</length><match><data>\xa5Z\x0a\x01\x01\x00\x0a\x00\x04\x00\x00\x00\x99\x90\xba?</data></match></read>
    <write><data>\xa5Z\x14\x00\x06\x00\x01\x00\x00\x00\x00\x00\x0a\x00\x00\x00\x29\x01\x00\x00\x07\x05\x00\x00</data></write>
    <read><length>12</length><match><data>\xa5Z\x0a\x01\x00\x00\x00\x00\x00\x00\x00\x00</data></match></read>
    <write><data>\xa5Z\x0a\x00\x0c\x00:\x00\x00\x00I\x03\x00\x00</data></write>
    <read><length>12</length><match><data>\xa5Z\x0a\x01\x00\x00\x00\x00\x00\x00\x00\x00</data></match></read>
    <write><data>\xa5Z\x10\x00\x14\x27\x00\x00\x00\x00\x00\x00\x00\x00\x00\x00\xd7\x02\x00\x00</data></write>
    <read><length>12</length><match><data>\xa5Z\x0a\x01\x00\x00\x05\x00\x00\x00\x00\x00</data></match></read>
    <write><data>\xa5Z\x0a\x00\x0c\x005\x00\x00\x00\x26\x03\x00\x00</data></write>
    <read><length>12</length><match><data>\xa5Z\x0a\x01\x00\x00\x00\x00\x00\x00\x00\x00</data></match></read>
    <write><data>\xa5Z\x14\x00\x03\x00\x05\x00\x88\x13\x00\x00\x7c\x15\x00\x005\x00\x00\x00D\x12\x00\x00</data></write>
    <read><length>12</length><match><data>\xa5Z\x0a\x01\x00\x00\x07\x00\x00\x00\x00\x00</data></match></read>
    <write><data>\xa5Z\x08\x00\x05\x00\x00\x00\x8a\x01\x00\x00</data></write>
    <read><length>12</length><match><data>\xa5Z\x0a\x01\x00\x00\x00\x00\x00\x00\x00\x00</data></match></read>
    <write><data>\xa5Z\x14\x00\x03\x00\x01\x00\xe8\x03\x00\x00\x80\x0c\x00\x005\x00\x00\x00\x9e\x14\x00\x00</data></write>
    <read><length>12</length><match><data>\xa5Z\x0a\x01\x00\x00\x00\x00\x00\x00\x00\x00</data></match></read>
    <write><data>\xa5Z\x0c\x00\x0a\x00\x00\x00\x00\x00\x00\x00\xaf\x01\x00\x00</data></write>
    <read><length>16</length><match><data>\xa5Z\x0a\x01\x01\x00\x0a\x00\x04\x00\x00\x00\x99\x90\xba?</data></match></read>
    <write><data>\xa5Z\x08\x00\x04\x00\x0b\x00\xd2\x01\x00\x00</data></write>
    <read><length>12</length><match><data>\xa5Z\x0a\x01\x00\x00\x06\x00\x00\x00\x00\x00</data></match></read>
    <write><data>\xa5Z\x0a\x00\x0c\x00V\x00\x00\x00\x0d\x04\x00\x00</data></write>
    <read><length>12</length><match><data>\xa5Z\x0a\x01\x00\x00\x00\x00\x00\x00\x00\x00</data></match></read>
    <write><data>\xa5Z\x10\x00\xed\xa3\x00\x00\x00\x00\x00\x00\x00\x00\x00\x00\xfc\x09\x00\x00</data></write>
    <read><length>12</length><match><data>\xa5Z\x0a\x01\x00\x00\x05\x00\x00\x00\x00\x00</data></match></read>
    <write><data>\xa5Z\x14\x00\x03\x00\x04\x00\xa0\x0f\x00\x00\x08\x07\x00\x00V\x00\x00\x00v\x0e\x00\x00</data></write>
    <read><length>12</length><match><data>\xa5Z\x0a\x01\x00\x00\x07\x00\x00\x00\x00\x00</data></match></read>
    <write><data>\xa5Z\x08\x00\x0b\x00\x00\x00\xa8\x01\x00\x00</data></write>
    <read><length>156</length><match><data>\xa5Z\x0a\x01\x01\x00\x0b\x00\x90\x00\x00\x00\x08\x00\x00\x00\x40\x1f\x00\x00 \x03\x00\x00K\x00\x00\x00\x07\x00\x00\x00X\x1b\x00\x00\xac\x26\x00\x00K\x00\x00\x00\x05\x00\x00\x00\x88\x13\x00\x00\xc4\x22\x00\x00K\x00\x00\x00\x02\x00\x00\x00\xd0\x07\x00\x00\xc4\x22\x00\x00K\x00\x00\x00\x06\x00\x00\x00p\x17\x00\x00 \x03\x00\x00K\x00\x00\x00\x04\x00\x00\x00\xa0\x0f\x00\x00\xb0\x1d\x00\x00K\x00\x00\x00\x0a\x00\x00\x00\x10\x27\x00\x00\x98!\x00\x00K\x00\x00\x00\x03\x00\x00\x00\xb8\x0b\x00\x00\x84\x03\x00\x00K\x00\x00\x00\x01\x00\x00\x00\xe8\x03\x00\x00\x80\x0c\x00\x005\x00\x00\x00</data></match></read>
    <write><data>\xa5Z\x0a\x00\x0c\x00\x1f\x00\x00\x00\x8c\x02\x00\x00</data></write>
    <read><length>12</length><match><data>\xa5Z\x0a\x01\x00\x00\x00\x00\x00\x00\x00\x00</data></match></read>
    <write><data>\xa5Z\x08\x00\x07\x00\x00\x00\x94\x01\x00\x00</data></write>
    <read><length>24</length><match><data>\xa5Z\x0a\x01\x01\x00\x07\x00\x0c\x00\x00\x00\x00\x00\x00\x00\x0a\x00\x00\x00\x29\x01\x00\x00</data></match></read>
    <write><data>\xa5Z\x08\x00\x07\x00\x00\x00\x94\x01\x00\x00</data></write>
    <read><length>24</length><match><data>\xa5Z\x0a\x01\x01\x00\x07\x00\x0c\x00\x00\x00\x00\x00\x00\x00\x0a\x00\x00\x00\x29\x01\x00\x00</data></match></read>
    <write><data>\xa5Z\x08\x00\x04\x00\x06\x00\xaf\x01\x00\x00</data></write>
    <read><length>12</length><match><data>\xa5Z\x0a\x01\x00\x00\x00\x00\x00\x00\x00\x00</data></match></read>
    <write><data>\xa5Z\x5c\x00\x06\x00\x07\x00\x00\x00\x00\x00\x02\x00\x00\x00Q\x01\x00\x00\x01\x00\x00\x001\x17\x00\x00\xfe\x00\x00\x00\x00\x00\x00\x00\x0a\x00\x00\x00Z\x01\x00\x00\x01\x00\x00\x00\x90\x19\x00\x00\xb6\x00\x00\x00\x01\x00\x00\x00J\x1a\x00\x00\xfd\x00\x00\x00\x01\x00\x00\x00z\x17\x00\x00\xb8\x00\x00\x00\x01\x00\x00\x00\xd7\x12\x00\x00S\x01\x00\x00\xfc\xa6\x01\x00</data></write>
    <read><length>12</length><match><data>\xa5Z\x0a\x01\x00\x00\x00\x00\x00\x00\x00\x00</data></match></read>
    <write><data>\xa5Z\x08\x00\x05\x00\x01\x00\x91\x01\x00\x00</data></write>
    <read><length>12</length><match><data>\xa5Z\x0a\x01\x00\x00\x00\x00\x00\x00\x00\x00</data></match></read>
    <write><data>\xa5Z\x08\x00\x05\x00\x00\x00\x8a\x01\x00\x00</data></write>
    <read><length>12</length><match><data>\xa5Z\x0a\x01\x00\x00\x00\x00\x00\x00\x00\x00</data></match></read>
    <write><data>\xa5Z\x08\x00\x02\x00\x8b\x01P\x05\x00\x00</data></write>
    <read><length>12</length><match><data>\xa5Z\x0a\x01\x00\x00\x01\x00\x00\x00\x00\x00</data></match></read>
    <write><data>\xa5Z\x10\x00\xdcq\x00\x00\x00\x00\x00\x00\x00\x00\x00\x00\x7b\x08\x00\x00</data></write>
    <read><length>12</length><match><data>\xa5Z\x0a\x01\x00\x00\x05\x00\x00\x00\x00\x00</data></match></read>
    <write><data>\xa5Z\x08\x00\x07\x00\x00\x00\x94\x01\x00\x00</data></write>
    <read><length>96</length><match><data>\xa5Z\x0a\x01\x01\x00\x07\x00T\x00\x00\x00\x00\x00\x00\x00\x02\x00\x00\x00Q\x01\x00\x00\x01\x00\x00\x001\x17\x00\x00\xfe\x00\x00\x00\x00\x00\x00\x00\x0a\x00\x00\x00Z\x01\x00\x00\x01\x00\x00\x00\x90\x19\x00\x00\xb6\x00\x00\x00\x01\x00\x00\x00J\x1a\x00\x00\xfd\x00\x00\x00\x01\x00\x00\x00z\x17\x00\x00\xb8\x00\x00\x00\x01\x00\x00\x00\xd7\x12\x00\x00S\x01\x00\x00</data></match></read>
    <write><data>\xa5Z\x08\x00\x0b\x00\x00\x00\xa8\x01\x00\x00</data></write>
    <read><length>140</length><match><data>\xa5Z\x0a\x01\x01\x00\x0b\x00\x80\x00\x00\x00\x08\x00\x00\x00\x40\x1f\x00\x00 \x03\x00\x00K\x00\x00\x00\x07\x00\x00\x00X\x1b\x00\x00\xac\x26\x00\x00K\x00\x00\x00\x05\x00\x00\x00\x88\x13\x00\x00\xc4\x22\x00\x00K\x00\x00\x00\x02\x00\x00\x00\xd0\x07\x00\x00\xc4\x22\x00\x00K\x00\x00\x00\x04\x00\x00\x00\xa0\x0f\x00\x00\xb0\x1d\x00\x00K\x00\x00\x00\x0a\x00\x00\x00\x10\x27\x00\x00\x98!\x00\x00K\x00\x00\x00\x03\x00\x00\x00\xb8\x0b\x00\x00\x84\x03\x00\x00K\x00\x00\x00\x01\x00\x00\x00\xe8\x03\x00\x00\x80\x0c\x00\x00K\x00\x00\x00</data></match></read>
    <write><data>\xa5Z\x08\x00\x02\x00\xeb\x00\xe8\x07\x00\x00</data></write>
    <read><length>12</length><match><data>\xa5Z\x0a\x01\x00\x00\x00\x00\x00\x00\x00\x00</data></match></read>
    <write><data>\xa5Z\x08\x00\x07\x00\x00\x00\x94\x01\x00\x00</data></write>
    <read><length>96</length><match><data>\xa5Z\x0a\x01\x01\x00\x07\x00T\x00\x00\x00\x00\x00\x00\x00\x02\x00\x00\x00Q\x01\x00\x00\x01\x00\x00\x001\x17\x00\x00\xfe\x00\x00\x00\x00\x00\x00\x00\x0a\x00\x00\x00Z\x01\x00\x00\x01\x00\x00\x00\x90\x19\x00\x00\xb6\x00\x00\x00\x01\x00\x00\x00J\x1a\x00\x00\xfd\x00\x00\x00\x01\x00\x00\x00z\x17\x00\x00\xb8\x00\x00\x00\x01\x00\x00\x00\xd7\x12\x00\x00S\x01\x00\x00</data></match></read>
    <write><data>\xa5Z\x14\x00\x03\x00\x08\x00\x40\x1f\x00\x00\xd0 \x00\x00K\x00\x00\x00\x9d\x16\x00\x00</data></write>
    <read><length>12</length><match><data>\xa5Z\x0a\x01\x00\x00\x07\x00\x00\x00\x00\x00</data></match></read>
    <write><data>\xa5Z\x08\x00\x02\x00G\x01t\x03\x00\x00</data></write>
    <read><length>12</length><match><data>\xa5Z\x0a\x01\x00\x00\x00\x00\x00\x00\x00\x00</data></match></read>
    <write><data>\xa5Z\x08\x00\x09\x00\xad\x00Y\x06\x00\x00</data></write>
    <read><length>12</length><match><data>\xa5Z\x0a\x01\x00\x00\x09\x00\xad\x00\x00\x00</data></match></read>
    <write><data>\xa5Z\x08\x00\x01\x00\x01\x00\x7d\x01\x00\x00</data></write>
    <read><length>12</length><match><data>\xa5Z\x0a\x01\x00\x00\x00\x00\x00\x00\x00\x00</data></match></read>
    <write><data>\xa5Z\x80\x00\x06\x00\x0a\x00\x00\x00\x00\x00\x08\x00\x00\x00\xf6\x00\x00\x00\x01\x00\x00\x00\x0f\x13\x00\x00\xd5\x00\x00\x00\x01\x00\x00\x00I\x2a\x00\x00\xfc\x00\x00\x00\x01\x00\x00\x00\x83\x1f\x00\x00\x0d\x01\x00\x00\x01\x00\x00\x00\xc3 \x00\x00\xf5\x00\x00\x00\x01\x00\x00\x00\x29\x08\x00\x00\x15\x01\x00\x00\x00\x00\x00\x00\x02\x00\x00\x00\x2f\x01\x00\x00\x01\x00\x00\x00\xed2\x00\x00\xe8\x00\x00\x00\x01\x00\x00\x00\x9b\x2f\x00\x00U\x01\x00\x00\x00\x00\x00\x00\x0a\x00\x00\x00U\x01\x00\x00\x16\x9a\x02\x00</data></write>
    <read><length>12</length><match><data>\xa5Z\x0a\x01\x00\x00\x00\x00\x00\x00\x00\x00</data></match></read>
    <write><data>\xa5Z\x08\x00\x01\x00\x01\x00\x7d\x01\x00\x00</data></write>
    <read><length>12</length><match><data>\xa5Z\x0a\x01\x00\x00\x00\x00\x00\x00\x00\x00</data></match></read>
    <write><data>\xa5Z\x08\x00\x01\x00\x01\x00\x7d\x01\x00\x00</data></write>
    <read><length>12</length><match><data>\xa5Z\x0a\x01\x00\x00\x00\x00\x00\x00\x00\x00</data></match></read>
    <write><data>\xa5Z\x14\x00\x03\x00\x02\x00\xd0\x07\x00\x00\xe8\x03\x00\x00K\x00\x00\x005\x1a\x00\x00</data></write>
    <read><length>12</length><match><data>\xa5Z\x0a\x01\x00\x00\x07\x00\x00\x00\x00\x00</data></match></read>
    <write><data>\xa5Z\x08\x00\x05\x00\x01\x00\x91\x01\x00\x00</data></write>
    <read><length>12</length><match><data>\xa5Z\x0a\x01\x00\x00\x00\x00\x00\x00\x00\x00</data></match></read>
    <write><data>\xa5Z\x08\x00\x0b\x00\x00\x00\xa8\x01\x00\x00</data></write>
    <read><length>140</length><match><data>\xa5Z\x0a\x01\x01\x00\x0b\x00\x80\x00\x00\x00\x08\x00\x00\x00\x40\x1f\x00\x00 \x03\x00\x00K\x00\x00\x00\x07\x00\x00\x00X\x1b\x00\x00\xac\x26\x00\x00K\x00\x00\x00\x05\x00\x00\x00\x88\x13\x00\x00\xc4\x22\x00\x00K\x00\x00\x00\x02\x00\x00\x00\xd0\x07\x00\x00\xc4\x22\x00\x00K\x00\x00\x00\x04\x00\x00\x00\xa0\x0f\x00\x00\xb0\x1d\x00\x00K\x00\x00\x00\x0a\x00\x00\x00\x10\x27\x00\x00\x98!\x00\x00K\x00\x00\x00\x03\x00\x00\x00\xb8\x0b\x00\x00\x84\x03\x00\x00K\x00\x00\x00\x01\x00\x00\x00\xe8\x03\x00\x00\x80\x0c\x00\x00K\x00\x00\x00</data></match></read>
    <write><data>\xa5Z\x08\x00\x05\x00\x00\x00\x8a\x01\x00\x00</data></write>
    <read><length>12</length><match><data>\xa5Z\x0a\x01\x00\x00\x00\x00\x00\x00\x00\x00</data></match></read>
    <write><data>\xa5Z\x08\x00\x04\x00\x0a\x00\xcb\x01\x00\x00</data></write>
    <read><length>12</length><match><data>\xa5Z\x0a\x01\x00\x00\x00\x00\x00\x00\x00\x00</data></match></read>
    <write><data>\xa5Z\x08\x00\x01\x00\x01\x00\x7d\x01\x00\x00</data></write>
    <read><length>12</length><match><data>\xa5Z\x0a\x01\x00\x00\x00\x00\x00\x00\x00\x00</data></match></read>
    <write><data>\xa5Z\x08\x00\x04\x00\x0b\x00\xd2\x01\x00\x00</data></write>
    <read><length>12</length><match><data>\xa5Z\x0a\x01\x00\x00\x06\x00\x00\x00\x00\x00</data></match></read>
    <write><data>\xa5Z\x08\x00\x07\x00\x00\x00\x94\x01\x00\x00</data></write>
    <read><length>132</length><match><data>\xa5Z\x0a\x01\x01\x00\x07\x00x\x00\x00\x00\x00\x00\x00\x00\x08\x00\x00\x00\xf6\x00\x00\x00\x01\x00\x00\x00\x0f\x13\x00\x00\xd5\x00\x00\x00\x01\x00\x00\x00I\x2a\x00\x00\xfc\x00\x00\x00\x01\x00\x00\x00\x83\x1f\x00\x00\x0d\x01\x00\x00\x01\x00\x00\x00\xc3 \x00\x00\xf5\x00\x00\x00\x01\x00\x00\x00\x29\x08\x00\x00\x15\x01\x00\x00\x00\x00\x00\x00\x02\x00\x00\x00\x2f\x01\x00\x00\x01\x00\x00\x00\xed2\x00\x00\xe8\x00\x00\x00\x01\x00\x00\x00\x9b\x2f\x00\x00U\x01\x00\x00\x00\x00\x00\x00\x0a\x00\x00\x00U\x01\x00\x00</data></match></read>
    <write><data>\xa5Z\x08\x00\x05\x00\x00\x00\x8a\x01\x00\x00</data></write>
    <read><length>12</length><match><data>\xa5Z\x0a\x01\x00\x00\x00\x00\x00\x00\x00\x00</data></match></read>
    <write><data>\xa5Z\x08\x00\x04\x00\x0b\x00\xd2\x01\x00\x00</data></write>
    <read><length>12</length><match><data>\xa5Z\x0a\x01\x00\x00\x06\x00\x00\x00\x00\x00</data></match></read>
    <write><data>\xa5Z\x08\x00\x01\x00\x01\x00\x7d\x01\x00\x00</data></write>
    <read><length>12</length><match><data>\xa5Z\x0a\x01\x00\x00\x00\x00\x00\x00\x00\x00</data></match></read>
    <write><data>\xa5Z\x0c\x00\x0a\x00\x00\x00\x00\x00\x00\x00\xaf\x01\x00\x00</data></write>
    <read><length>16</length><match><data>\xa5Z\x0a\x01\x01\x00\x0a\x00\x04\x00\x00\x00\x99\x90\xba?</data></match></read>
    <write><data>\xa5Z\x80\x00\x06\x00\x0a\x00\x00\x00\x00\x00\x07\x00\x00\x00\xdf\x00\x00\x00\x00\x00\x00\x00\x04\x00\x00\x00\xc9\x00\x00\x00\x01\x00\x00\x00\xeb\x17\x00\x00D\x01\x00\x00\x01\x00\x00\x00\x15\x24\x00\x00\xb2\x00\x00\x00\x01\x00\x00\x00\xfe\x22\x00\x00\xaf\x00\x00\x00\x00\x00\x00\x00\x07\x00\x00\x00\xb5\x00\x00\x00\x01\x00\x00\x00\xf2\x19\x00\x00\xaf\x00\x00\x00\x01\x00\x00\x00\x09\x1c\x00\x00Z\x01\x00\x00\x00\x00\x00\x00\x03\x00\x00\x00\xaf\x00\x00\x00\x01\x00\x00\x00\xdf\x23\x00\x00\xc5\x00\x00\x00\x9d\x25\x03\x00</data></write>
    <read><length>12</length><match><data>\xa5Z\x0a\x01\x00\x00\x00\x00\x00\x00\x00\x00</data></match></read>
    <write><data>\xa5Z\x08\x00\x07\x00\x00\x00\x94\x01\x00\x00</data></write>
    <read><length>132</length><match><data>\xa5Z\x0a\x01\x01\x00\x07\x00x\x00\x00\x00\x00\x00\x00\x00\x07\x00\x00\x00\xdf\x00\x00\x00\x00\x00\x00\x00\x04\x00\x00\x00\xc9\x00\x00\x00\x01\x00\x00\x00\xeb\x17\x00\x00D\x01\x00\x00\x01\x00\x00\x00\x15\x24\x00\x00\xb2\x00\x00\x00\x01\x00\x00\x00\xfe\x22\x00\x00\xaf\x00\x00\x00\x00\x00\x00\x00\x07\x00\x00\x00\xb5\x00\x00\x00\x01\x00\x00\x00\xf2\x19\x00\x00\xaf\x00\x00\x00\x01\x00\x00\x00\x09\x1c\x00\x00Z\x01\x00\x00\x00\x00\x00\x00\x03\x00\x00\x00\xaf\x00\x00\x00\x01\x00\x00\x00\xdf\x23\x00\x00\xc5\x00\x00\x00</data></match></read>
    <write><data>\xa5Z\x08\x00\x09\x00\x94\x00\xaa\x05\x00\x00</data></write>
    <read><length>12</length><match><data>\xa5Z\x0a\x01\x00\x00\x09\x00\x94\x00\x00\x00</data></match></read>
    <write><data>\xa5Z\x2c\x00\x06\x00\x03\x00\x01\x00\x00\x00s\x14\x00\x00\x14\x01\x00\x00\x01\x00\x00\x00\x3b\x26\x00\x00\x27\x01\x00\x00\x00\x00\x00\x00\x01\x00\x00\x00\xe7\x00\x00\x00\xcf\x3d\x00\x00</data></write>
    <read><length>12</length><match><data>\xa5Z\x0a\x01\x00\x00\x00\x00\x00\x00\x00\x00</data></match></read>
    <write><data>\xa5Z\x08\x00\x05\x00\x01\x00\x91\x01\x00\x00</data></write>
    <read><length>12</length><match><data>\xa5Z\x0a\x01\x00\x00\x00\x00\x00\x00\x00\x00</data></match></read>
    <write><data>\xa5Z\x08\x00\x04\x00\x0b\x00\xd2\x01\x00\x00</data></write>
    <read><length>12</length><match><data>\xa5Z\x0a\x01\x00\x00\x06\x00\x00\x00\x00\x00</data></match></read>
    <write><data>\xa5Z\x0c\x00\x0a\x00\x00\x00\x00\x00\x00\x00\xaf\x01\x00\x00</data></write>
    <read><length>16</length><match><data>\xa5Z\x0a\x01\x01\x00\x0a\x00\x04\x00\x00\x00\x99\x90\xba?</data></match></read>
    <write><data>\xa5Z\x08\x00\x05\x00\x01\x00\x91\x01\x00\x00</data></write>
    <read><length>12</length><match><data>\xa5Z\x0a\x01\x00\x00\x00\x00\x00\x00\x00\x00</data></match></read>
    <write><data>\xa5Z\x14\x00\x03\x00\x01\x00\xe8\x03\x00\x00\xa4\x06\x00\x00K\x00\x00\x00\x94\x17\x00\x00</data></write>
    <read><length>12</length><match><data>\xa5Z\x0a\x01\x00\x00\x07\x00\x00\x00\x00\x00</data></match></read>
    <write><data>\xa5Z\x08\x00\x07\x00\x00\x00\x94\x01\x00\x00</data></write>
    <read><length>48</length><match><data>\xa5Z\x0a\x01\x01\x00\x07\x00\x24\x00\x00\x00\x01\x00\x00\x00s\x14\x00\x00\x14\x01\x00\x00\x01\x00\x00\x00\x3b\x26\x00\x00\x27\x01\x00\x00\x00\x00\x00\x00\x01\x00\x00\x00\xe7\x00\x00\x00</data></match></read>
    <write><data>\xa5Z\x0a\x00\x0c\x00\x1c\x00\x00\x00w\x02\x00\x00</data></write>
    <read><length>12</length><match><data>\xa5Z\x0a\x01\x00\x00\x00\x00\x00\x00\x00\x00</data></match></read>
    <write><data>\xa5Z\x08\x00\x0b\x00\x00\x00\xa8\x01\x00\x00</data></write>
    <read><length>124</length><match><data>\xa5Z\x0a\x01\x01\x00\x0b\x00p\x00\x00\x00\x08\x00\x00\x00\x40\x1f\x00\x00 \x03\x00\x00K\x00\x00\x00\x07\x00\x00\x00X\x1b\x00\x00\xac\x26\x00\x00K\x00\x00\x00\x05\x00\x00\x00\x88\x13\x00\x00\xc4\x22\x00\x00K\x00\x00\x00\x02\x00\x00\x00\xd0\x07\x00\x00\xc4\x22\x00\x00K\x00\x00\x00\x04\x00\x00\x00\xa0\x0f\x00\x00\xb0\x1d\x00\x00K\x00\x00\x00\x03\x00\x00\x00\xb8\x0b\x00\x00\x84\x03\x00\x00K\x00\x00\x00\x01\x00\x00\x00\xe8\x03\x00\x00\x80\x0c\x00\x00K\x00\x00\x00</data></match></read>
    <write><data>\xa5Z\x08\x00\x05\x00\x01\x00\x91\x01\x00\x00</data></write>
    <read><length>12</length><match><data>\xa5Z\x0a\x01\x00\x00\x00\x00\x00\x00\x00\x00</data></match></read>
    <write><data>\xa5Z\x0c\x00\x08\x00\x00\x00\x00\x00\x00\x00\xa5\x01\x00\x00</data></write>
    <read><length>36</length><match><data>\xa5Z\x0a\x01\x01\x00\x08\x00\x18\x00\x00\x00\x0a\x01\x00\x00\xaf\x00\x00\x00K\x00\x00\x00\x00\x00\x00\x00\x00\x00\x00\x00\x01\x00\x00\x00</data></match></read>
    <write><data>\xa5Z\x08\x00\x0b\x00\x00\x00\xa8\x01\x00\x00</data></write>
    <read><length>124</length><match><data>\xa5Z\x0a\x01\x01\x00\x0b\x00p\x00\x00\x00\x08\x00\x00\x00\x40\x1f\x00\x00 \x03\x00\x00K\x00\x00\x00\x07\x00\x00\x00X\x1b\x00\x00\xac\x26\x00\x00K\x00\x00\x00\x05\x00\x00\x00\x88\x13\x00\x00\xc4\x22\x00\x00K\x00\x00\x00\x02\x00\x00\x00\xd0\x07\x00\x00\xc4\x22\x00\x00K\x00\x00\x00\x04\x00\x00\x00\xa0\x0f\x00\x00\xb0\x1d\x00\x00K\x00\x00\x00\x03\x00\x00\x00\xb8\x0b\x00\x00\x84\x03\x00\x00K\x00\x00\x00\x01\x00\x00\x00\xe8\x03\x00\x00\x80\x0c\x00\x00K\x00\x00\x00</data></match></read>
    <write><data>\xa5Z\x10\x00\x039\x00\x00\x00\x00\x00\x00\x00\x00\x00\x00\xee\x02\x00\x00</data></write>
    <read><length>12</length><match><data>\xa5Z\x0a\x01\x00\x00\x05\x00\x00\x00\x00\x00</data></match></read>
    <write><data>\xa5Z\x0a\x00\x0c\x00J\x00\x00\x00\xb9\x03\x00\x00</data></write>
    <read><length>12</length><match><data>\xa5Z\x0a\x01\x00\x00\x00\x00\x00\x00\x00\x00</data></match></read>
    <write><data>\xa5Z\x08\x00\x01\x00\x01\x00\x7d\x01\x00\x00</data></write>
    <read><length>12</length><match><data>\xa5Z\x0a\x01\x00\x00\x00\x00\x00\x00\x00\x00</data></match></read>
    <write><data>\xa5Z\x5c\x00\x06\x00\x07\x00\x01\x00\x00\x00q0\x00\x00\xb2\x00\x00\x00\x00\x00\x00\x00\x02\x00\x00\x00J\x01\x00\x00\x00\x00\x00\x00\x04\x00\x00\x00\xf0\x00\x00\x00\x01\x00\x00\x00\xc06\x00\x00\x23\x01\x00\x00\x01\x00\x00\x00a\x0b\x00\x00\x27\x01\x00\x00\x01\x00\x00\x00\xb5\x0a\x00\x00\xf3\x00\x00\x00\x01\x00\x00\x00\x1f\x09\x00\x00\xb3\x00\x00\x00\x7bm\x01\x00</data></write>
    <read><length>12</length><match><data>\xa5Z\x0a\x01\x00\x00\x00\x00\x00\x00\x00\x00</data></match></read>
    <write><data>\xa5Z\x08\x00\x02\x00\xaf\x00D\x06\x00\x00</data></write>
    <read><length>12</length><match><data>\xa5Z\x0a\x01\x00\x00\x00\x00\x00\x00\x00\x00</data></match></read>
    <write><data>\xa5Z\x08\x00\x05\x00\x00\x00\x8a\x01\x00\x00</data></write>
    <read><length>12</length><match><data>\xa5Z\x0a\x01\x00\x00\x00\x00\x00\x00\x00\x00</data></match></read>
    <write><data>\xa5Z\x08\x00\x09\x00\x87\x00O\x05\x00\x00</data></write>
    <read><length>12</length><match><data>\xa5Z\x0a\x01\x00\x00\x09\x00\x87\x00\x00\x00</data></match></read>
    <write><data>\xa5Z\x0c\x00\x08\x00\x00\x00\x00\x00\x00\x00\xa5\x01\x00\x00</data></write>
    <read><length>36</length><match><data>\xa5Z\x0a\x01\x01\x00\x08\x00\x18\x00\x00\x00\x0a\x01\x00\x00\xaf\x00\x00\x00K\x00\x00\x00\x00\x00\x00\x00\x00\x00\x00\x00\x00\x00\x00\x00</data></match></read>
    <write><data>\xa5Z\x08\x00\x0b\x00\x00\x00\xa8\x01\x00\x00</data></write>
    <read><length>124</length><match><data>\xa5Z\x0a\x01\x01\x00\x0b\x00p\x00\x00\x00\x08\x00\x00\x00\x40\x1f\x00\x00 \x03\x00\x00K\x00\x00\x00\x07\x00\x00\x00X\x1b\x00\x00\xac\x26\x00\x00K\x00\x00\x00\x05\x00\x00\x00\x88\x13\x00\x00\xc4\x22\x00\x00K\x00\x00\x00\x02\x00\x00\x00\xd0\x07\x00\x00\xc4\x22\x00\x00K\x00\x00\x00\x04\x00\x00\x00\xa0\x0f\x00\x00\xb0\x1d\x00\x00K\x00\x00\x00\x03\x00\x00\x00\xb8\x0b\x00\x00\x84\x03\x00\x00K\x00\x00\x00\x01\x00\x00\x00\xe8\x03\x00\x00\x80\x0c\x00\x00K\x00\x00\x00</data></match></read>
    <write><data>\xa5Z\x08\x00\x09\x00o\x00\xa7\x04\x00\x00</data></write>
    <read><length>12</length><match><data>\xa5Z\x0a\x01\x00\x00\x09\x00\xf6\x00\x00\x00</data></match></read>
    <write><data>\xa5Z\x08\x00\x05\x00\x00\x00\x8a\x01\x00\x00</data></write>
    <read><length>12</length><match><data>\xa5Z\x0a\x01\x00\x00\x00\x00\x00\x00\x00\x00</data></match></read>
    <write><data>\xa5Z\x0a\x00\x0c\x008\x00\x00\x00\x3b\x03\x00\x00</data></write>
    <read><length>12</length><match><data>\xa5Z\x0a\x01\x00\x00\x00\x00\x00\x00\x00\x00</data></match></read>
    <write><data>\xa5Z\x0a\x00\x0c\x00\x3b\x00\x00\x00P\x03\x00\x00</data></write>
    <read><length>12</length><match><data>\xa5Z\x0a\x01\x00\x00\x00\x00\x00\x00\x00\x00</data></match></read>
    <write><data>\xa5Z\x08\x00\x09\x00\x99\x00\xcd\x05\x00\x00</data></write>
    <read><length>12</length><match><data>\xa5Z\x0a\x01\x00\x00\x09\x00\x8f\x01\x00\x00</data></match></read>
    <write><data>\xa5Z\x08\x00\x05\x00\x00\x00\x8a\x01\x00\x00</data></write>
    <read><length>12</length><match><data>\xa5Z\x0a\x01\x00\x00\x00\x00\x00\x00\x00\x00</data></match></read>
    <write><data>\xa5Z\x0c\x00\x08\x00\x00\x00\x00\x00\x00\x00\xa5\x01\x00\x00</data></write>
    <read><length>36</length><match><data>\xa5Z\x0a\x01\x01\x00\x08\x00\x18\x00\x00\x00\x0a\x01\x00\x00\xaf\x00\x00\x00\x3b\x00\x00\x00\x00\x00\x00\x00\x00\x00\x00\x00\x00\x00\x00\x00</data></match></read>
    <write><data>\xa5Z\x0c\x00\xff\x00\x00\x00\x00\x00\x00\x00x\x06\x00\x00</data></write>
</replay>
</pov>