<?xml version="1.0" standalone="no" ?>
<!DOCTYPE pov SYSTEM "/usr/share/cgc-docs/replay.dtd">
<pov>
<cbid>service</cbid>
<seed>e6fa1d46e79235782eb649a5cdcd7aaa60a27e5779d72949827e857d46cda6cca1e77810b8aaa14d9d68448b9f4f4a4d</seed>
<replay>
    <write><data>\xa5Z\x0c\x00\x0a\x00\x00\x00\x00\x00\x00\x00\xaf\x01\x00\x00</data></write>
    <read><length>16</length><match><data>\xa5Z\x0a\x01\x01\x00\x0a\x00\x04\x00\x00\x00\xb8\xe0\x26?</data></match></read>
    <write><data>\xa5Z \x00\x06\x00\x02\x00\x01\x00\x00\x00\xe9\x07\x00\x00\xd4\x00\x00\x00\x01\x00\x00\x00e\x1a\x00\x00?\x01\x00\x00\x100\x00\x00</data></write>
    <read><length>12</length><match><data>\xa5Z\x0a\x01\x00\x00\x00\x00\x00\x00\x00\x00</data></match></read>
    <write><data>\xa5Z \x00\x06\x00\x02\x00\x00\x00\x00\x00\x00\x00\x00\x00D\x01\x00\x00\x00\x00\x00\x00\x00\x00\x00\x00\x5d\x01\x00\x00\x22\x11\x00\x00</data></write>
    <read><length>12</length><match><data>\xa5Z\x0a\x01\x00\x00\x00\x00\x00\x00\x00\x00</data></match></read>
    <write><data>\xa5Z\x0c\x00\x0a\x00\x00\x00\x00\x00\x00\x00\xaf\x01\x00\x00</data></write>
    <read><length>16</length><match><data>\xa5Z\x0a\x01\x01\x00\x0a\x00\x04\x00\x00\x00\xb8\xe0\x26?</data></match></read>
    <write><data>\xa5Z\x0c\x00\x0a\x00\x00\x00\x00\x00\x00\x00\xaf\x01\x00\x00</data></write>
    <read><length>16</length><match><data>\xa5Z\x0a\x01\x01\x00\x0a\x00\x04\x00\x00\x00\xb8\xe0\x26?</data></match></read>
    <write><data>\xa5Z\x14\x00\x03\x00\x0c\x00\xe0.\x00\x00P\x14\x00\x00K\x00\x00\x00\xc7\x15\x00\x00</data></write>
    <read><length>12</length><match><data>\xa5Z\x0a\x01\x00\x00\x00\x00\x00\x00\x00\x00</data></match></read>
    <write><data>\xa5Z\x08\x00\x01\x00\x01\x00\x7d\x01\x00\x00</data></write>
    <read><length>12</length><match><data>\xa5Z\x0a\x01\x00\x00\x00\x00\x00\x00\x00\x00</data></match></read>
    <write><data>\xa5Z\x14\x00\x03\x00\x0b\x00\xf8\x2a\x00\x00\xb4\x14\x00\x00K\x00\x00\x00\x84\x1b\x00\x00</data></write>
    <read><length>12</length><match><data>\xa5Z\x0a\x01\x00\x00\x00\x00\x00\x00\x00\x00</data></match></read>
    <write><data>\xa5Z\x2c\x00\x06\x00\x03\x00\x01\x00\x00\x00\xcf\x10\x00\x00\xd7\x00\x00\x00\x01\x00\x00\x00\xb6\x1e\x00\x00\xb0\x00\x00\x00\x01\x00\x00\x00\xa82\x00\x00!\x01\x00\x00\xe2i\x00\x00</data></write>
    <read><length>12</length><match><data>\xa5Z\x0a\x01\x00\x00\x00\x00\x00\x00\x00\x00</data></match></read>
    <write><data>\xa5Z\x08\x00\x07\x00\x00\x00\x94\x01\x00\x00</data></write>
    <read><length>48</length><match><data>\xa5Z\x0a\x01\x01\x00\x07\x00\x24\x00\x00\x00\x01\x00\x00\x00\xcf\x10\x00\x00\xd7\x00\x00\x00\x01\x00\x00\x00\xb6\x1e\x00\x00\xb0\x00\x00\x00\x01\x00\x00\x00\xa82\x00\x00!\x01\x00\x00</data></match></read>
    <write><data>\xa5Z\x08\x00\x04\x00\x07\x00\xb6\x01\x00\x00</data></write>
    <read><length>12</length><match><data>\xa5Z\x0a\x01\x00\x00\x06\x00\x00\x00\x00\x00</data></match></read>
    <write><data>\xa5Z\x08\x00\x05\x00\x01\x00\x91\x01\x00\x00</data></write>
    <read><length>12</length><match><data>\xa5Z\x0a\x01\x00\x00\x00\x00\x00\x00\x00\x00</data></match></read>
    <write><data>\xa5Z\x08\x00\x02\x00B\x01Q\x03\x00\x00</data></write>
    <read><length>12</length><match><data>\xa5Z\x0a\x01\x00\x00\x00\x00\x00\x00\x00\x00</data></match></read>
    <write><data>\xa5Z\x08\x00\x0b\x00\x00\x00\xa8\x01\x00\x00</data></write>
    <read><length>44</length><match><data>\xa5Z\x0a\x01\x01\x00\x0b\x00 \x00\x00\x00\x0c\x00\x00\x00\xe0.\x00\x00P\x14\x00\x00K\x00\x00\x00\x0b\x00\x00\x00\xf8\x2a\x00\x00\xb4\x14\x00\x00K\x00\x00\x00</data></match></read>
    <write><data>\xa5Z\x08\x00\x07\x00\x00\x00\x94\x01\x00\x00</data></write>
    <read><length>48</length><match><data>\xa5Z\x0a\x01\x01\x00\x07\x00\x24\x00\x00\x00\x01\x00\x00\x00\xcf\x10\x00\x00\xd7\x00\x00\x00\x01\x00\x00\x00\xb6\x1e\x00\x00\xb0\x00\x00\x00\x01\x00\x00\x00\xa82\x00\x00!\x01\x00\x00</data></match></read>
    <write><data>\xa5Z\x0c\x00\x08\x00\x00\x00\x00\x00\x00\x00\xa5\x01\x00\x00</data></write>
    <read><length>36</length><match><data>\xa5Z\x0a\x01\x01\x00\x08\x00\x18\x00\x00\x00\x0a\x01\x00\x00B\x01\x00\x00K\x00\x00\x00\x00\x00\x00\x00\x00\x00\x00\x00\x01\x00\x00\x00</data></match></read>
    <write><data>\xa5Z\x08\x00\x07\x00\x00\x00\x94\x01\x00\x00</data></write>
    <read><length>48</length><match><data>\xa5Z\x0a\x01\x01\x00\x07\x00\x24\x00\x00\x00\x01\x00\x00\x00\xcf\x10\x00\x00\xd7\x00\x00\x00\x01\x00\x00\x00\xb6\x1e\x00\x00\xb0\x00\x00\x00\x01\x00\x00\x00\xa82\x00\x00!\x01\x00\x00</data></match></read>
    <write><data>\xa5Z\x08\x00\x01\x00\x01\x00\x7d\x01\x00\x00</data></write>
    <read><length>12</length><match><data>\xa5Z\x0a\x01\x00\x00\x00\x00\x00\x00\x00\x00</data></match></read>
    <write><data>\xa5Z\x08\x00\x07\x00\x00\x00\x94\x01\x00\x00</data></write>
    <read><length>48</length><match><data>\xa5Z\x0a\x01\x01\x00\x07\x00\x24\x00\x00\x00\x01\x00\x00\x00\xcf\x10\x00\x00\xd7\x00\x00\x00\x01\x00\x00\x00\xb6\x1e\x00\x00\xb0\x00\x00\x00\x01\x00\x00\x00\xa82\x00\x00!\x01\x00\x00</data></match></read>
    <write><data>\xa5Z\x0c\x00\x0a\x00\x00\x00\x00\x00\x00\x00\xaf\x01\x00\x00</data></write>
    <read><length>16</length><match><data>\xa5Z\x0a\x01\x01\x00\x0a\x00\x04\x00\x00\x00\xb8\xe0\x26?</data></match></read>
    <write><data>\xa5Z\x08\x00\x05\x00\x01\x00\x91\x01\x00\x00</data></write>
    <read><length>12</length><match><data>\xa5Z\x0a\x01\x00\x00\x00\x00\x00\x00\x00\x00</data></match></read>
    <write><data>\xa5Z\x5c\x00\x06\x00\x07\x00\x00\x00\x00\x00\x0c\x00\x00\x001\x01\x00\x00\x00\x00\x00\x00\x0c\x00\x00\x00\x10\x01\x00\x00\x01\x00\x00\x00\xf0.\x00\x00\xca\x00\x00\x00\x00\x00\x00\x00\x0c\x00\x00\x00E\x01\x00\x00\x01\x00\x00\x00\xaa\x1e\x00\x00R\x01\x00\x00\x01\x00\x00\x00g\x26\x00\x00\xdf\x00\x00\x00\x01\x00\x00\x00\x8b\x1c\x00\x00\x3c\x01\x00\x00kb\x01\x00</data></write>
    <read><length>12</length><match><data>\xa5Z\x0a\x01\x00\x00\x00\x00\x00\x00\x00\x00</data></match></read>
    <write><data>\xa5Z\x08\x00\x09\x00\xb9\x00\xad\x06\x00\x00</data></write>
    <read><length>12</length><match><data>\xa5Z\x0a\x01\x00\x00\x09\x00\xb9\x00\x00\x00</data></match></read>
    <write><data>\xa5Z\x08\x00\x09\x00\xa6\x00\x28\x06\x00\x00</data></write>
    <read><length>12</length><match><data>\xa5Z\x0a\x01\x00\x00\x09\x00\x5f\x01\x00\x00</data></match></read>
    <write><data>\xa5Z\x0c\x00\x08\x00\x00\x00\x00\x00\x00\x00\xa5\x01\x00\x00</data></write>
    <read><length>36</length><match><data>\xa5Z\x0a\x01\x01\x00\x08\x00\x18\x00\x00\x00\x0a\x01\x00\x00\xaf\x00\x00\x00K\x00\x00\x00\x00\x00\x00\x00\x00\x00\x00\x00\x00\x00\x00\x00</data></match></read>
    <write><data>\xa5Z\x08\x00\x05\x00\x01\x00\x91\x01\x00\x00</data></write>
    <read><length>12</length><match><data>\xa5Z\x0a\x01\x00\x00\x00\x00\x00\x00\x00\x00</data></match></read>
    <write><data>\xa5Z\x08\x00\x07\x00\x00\x00\x94\x01\x00\x00</data></write>
    <read><length>96</length><match><data>\xa5Z\x0a\x01\x01\x00\x07\x00T\x00\x00\x00\x00\x00\x00\x00\x0c\x00\x00\x001\x01\x00\x00\x00\x00\x00\x00\x0c\x00\x00\x00\x10\x01\x00\x00\x01\x00\x00\x00\xf0.\x00\x00\xca\x00\x00\x00\x00\x00\x00\x00\x0c\x00\x00\x00E\x01\x00\x00\x01\x00\x00\x00\xaa\x1e\x00\x00R\x01\x00\x00\x01\x00\x00\x00g\x26\x00\x00\xdf\x00\x00\x00\x01\x00\x00\x00\x8b\x1c\x00\x00\x3c\x01\x00\x00</data></match></read>
    <write><data>\xa5Z\x10\x000\x5b\x00\x00\x00\x00\x00\x00\x00\x00\x00\x00\x9b\x04\x00\x00</data></write>
    <read><length>12</length><match><data>\xa5Z\x0a\x01\x00\x00\x05\x00\x00\x00\x00\x00</data></match></read>
    <write><data>\xa5Z\x08\x00\x07\x00\x00\x00\x94\x01\x00\x00</data></write>
    <read><length>96</length><match><data>\xa5Z\x0a\x01\x01\x00\x07\x00T\x00\x00\x00\x00\x00\x00\x00\x0c\x00\x00\x001\x01\x00\x00\x00\x00\x00\x00\x0c\x00\x00\x00\x10\x01\x00\x00\x01\x00\x00\x00\xf0.\x00\x00\xca\x00\x00\x00\x00\x00\x00\x00\x0c\x00\x00\x00E\x01\x00\x00\x01\x00\x00\x00\xaa\x1e\x00\x00R\x01\x00\x00\x01\x00\x00\x00g\x26\x00\x00\xdf\x00\x00\x00\x01\x00\x00\x00\x8b\x1c\x00\x00\x3c\x01\x00\x00</data></match></read>
    <write><data>\xa5Z\x10\x00\x91\x17\x00\x00\x00\x00\x00\x00\x00\x00\x00\x00\xe8\x04\x00\x00</data></write>
    <read><length>12</length><match><data>\xa5Z\x0a\x01\x00\x00\x05\x00\x00\x00\x00\x00</data></match></read>
    <write><data>\xa5Z\x0c\x00\x0a\x00\x00\x00\x00\x00\x00\x00\xaf\x01\x00\x00</data></write>
    <read><length>16</length><match><data>\xa5Z\x0a\x01\x01\x00\x0a\x00\x04\x00\x00\x00\xb8\xe0\x26?</data></match></read>
    <write><data>\xa5Z\x0a\x00\x0c\x00L\x00\x00\x00\xc7\x03\x00\x00</data></write>
    <read><length>12</length><match><data>\xa5Z\x0a\x01\x00\x00\x00\x00\x00\x00\x00\x00</data></match></read>
    <write><data>\xa5Z\x08\x00\x05\x00\x00\x00\x8a\x01\x00\x00</data></write>
    <read><length>12</length><match><data>\xa5Z\x0a\x01\x00\x00\x00\x00\x00\x00\x00\x00</data></match></read>
    <write><data>\xa5Z\x08\x00\x09\x00\xa5\x00!\x06\x00\x00</data></write>
    <read><length>12</length><match><data>\xa5Z\x0a\x01\x00\x00\x09\x00\x04\x02\x00\x00</data></match></read>
    <write><data>\xa5Z\x0c\x00\x0a\x00\x00\x00\x00\x00\x00\x00\xaf\x01\x00\x00</data></write>
    <read><length>16</length><match><data>\xa5Z\x0a\x01\x01\x00\x0a\x00\x04\x00\x00\x00\xb8\xe0\x26?</data></match></read>
    <write><data>\xa5Z\x08\x00\x05\x00\x00\x00\x8a\x01\x00\x00</data></write>
    <read><length>12</length><match><data>\xa5Z\x0a\x01\x00\x00\x00\x00\x00\x00\x00\x00</data></match></read>
    <write><data>\xa5Z\x08\x00\x05\x00\x00\x00\x8a\x01\x00\x00</data></write>
    <read><length>12</length><match><data>\xa5Z\x0a\x01\x00\x00\x00\x00\x00\x00\x00\x00</data></match></read>
    <write><data>\xa5Z\x08\x00\x02\x00\x08\x01\xbb\x01\x00\x00</data></write>
    <read><length>12</length><match><data>\xa5Z\x0a\x01\x00\x00\x00\x00\x00\x00\x00\x00</data></match></read>
    <write><data>\xa5Z\x08\x00\x07\x00\x00\x00\x94\x01\x00\x00</data></write>
    <read><length>96</length><match><data>\xa5Z\x0a\x01\x01\x00\x07\x00T\x00\x00\x00\x00\x00\x00\x00\x0c\x00\x00\x001\x01\x00\x00\x00\x00\x00\x00\x0c\x00\x00\x00\x10\x01\x00\x00\x01\x00\x00\x00\xf0.\x00\x00\xca\x00\x00\x00\x00\x00\x00\x00\x0c\x00\x00\x00E\x01\x00\x00\x01\x00\x00\x00\xaa\x1e\x00\x00R\x01\x00\x00\x01\x00\x00\x00g\x26\x00\x00\xdf\x00\x00\x00\x01\x00\x00\x00\x8b\x1c\x00\x00\x3c\x01\x00\x00</data></match></read>
    <write><data>\xa5Z\x08\x00\x05\x00\x01\x00\x91\x01\x00\x00</data></write>
    <read><length>12</length><match><data>\xa5Z\x0a\x01\x00\x00\x00\x00\x00\x00\x00\x00</data></match></read>
    <write><data>\xa5Z\x08\x00\x07\x00\x00\x00\x94\x01\x00\x00</data></write>
    <read><length>96</length><match><data>\xa5Z\x0a\x01\x01\x00\x07\x00T\x00\x00\x00\x00\x00\x00\x00\x0c\x00\x00\x001\x01\x00\x00\x00\x00\x00\x00\x0c\x00\x00\x00\x10\x01\x00\x00\x01\x00\x00\x00\xf0.\x00\x00\xca\x00\x00\x00\x00\x00\x00\x00\x0c\x00\x00\x00E\x01\x00\x00\x01\x00\x00\x00\xaa\x1e\x00\x00R\x01\x00\x00\x01\x00\x00\x00g\x26\x00\x00\xdf\x00\x00\x00\x01\x00\x00\x00\x8b\x1c\x00\x00\x3c\x01\x00\x00</data></match></read>
    <write><data>\xa5Z\x08\x00\x05\x00\x01\x00\x91\x01\x00\x00</data></write>
    <read><length>12</length><match><data>\xa5Z\x0a\x01\x00\x00\x00\x00\x00\x00\x00\x00</data></match></read>
    <write><data>\xa5Z\x08\x00\x01\x00\x01\x00\x7d\x01\x00\x00</data></write>
    <read><length>12</length><match><data>\xa5Z\x0a\x01\x00\x00\x00\x00\x00\x00\x00\x00</data></match></read>
    <write><data>\xa5Z\x08\x00\x01\x00\x01\x00\x7d\x01\x00\x00</data></write>
    <read><length>12</length><match><data>\xa5Z\x0a\x01\x00\x00\x00\x00\x00\x00\x00\x00</data></match></read>
    <write><data>\xa5Z\x08\x00\x09\x00\xc6\x00\x08\x07\x00\x00</data></write>
    <read><length>12</length><match><data>\xa5Z\x0a\x01\x00\x00\x09\x00\xca\x02\x00\x00</data></match></read>
    <write><data>\xa5Z\x08\x00\x02\x00\xb3\x00\x60\x06\x00\x00</data></write>
    <read><length>12</length><match><data>\xa5Z\x0a\x01\x00\x00\x00\x00\x00\x00\x00\x00</data></match></read>
    <write><data>\xa5Z\x08\x00\x0b\x00\x00\x00\xa8\x01\x00\x00</data></write>
    <read><length>44</length><match><data>\xa5Z\x0a\x01\x01\x00\x0b\x00 \x00\x00\x00\x0c\x00\x00\x00\xe0.\x00\x00P\x14\x00\x00\x0f\x01\x00\x00\x0b\x00\x00\x00\xf8\x2a\x00\x00\xb4\x14\x00\x00\x0f\x01\x00\x00</data></match></read>
    <write><data>\xa5Z\x0a\x00\x0c\x00U\x00\x00\x00\x06\x04\x00\x00</data></write>
    <read><length>12</length><match><data>\xa5Z\x0a\x01\x00\x00\x00\x00\x00\x00\x00\x00</data></match></read>
    <write><data>\xa5Z \x00\x06\x00\x02\x00\x01\x00\x00\x00\x86\x2f\x00\x004\x01\x00\x00\x00\x00\x00\x00\x0b\x00\x00\x00\xd6\x00\x00\x00\x25\x28\x00\x00</data></write>
    <read><length>12</length><match><data>\xa5Z\x0a\x01\x00\x00\x00\x00\x00\x00\x00\x00</data></match></read>
    <write><data>\xa5Z\x08\x00\x02\x00M\x01\x9e\x03\x00\x00</data></write>
    <read><length>12</length><match><data>\xa5Z\x0a\x01\x00\x00\x00\x00\x00\x00\x00\x00</data></match></read>
    <write><data>\xa5Z\x08\x00\x02\x00\xe2\x00\xa9\x07\x00\x00</data></write>
    <read><length>12</length><match><data>\xa5Z\x0a\x01\x00\x00\x00\x00\x00\x00\x00\x00</data></match></read>
    <write><data>\xa5Z\x14\x00\x03\x00\x03\x00\xb8\x0b\x00\x00\x40\x1f\x00\x00K\x00\x00\x00\x8c\x12\x00\x00</data></write>
    <read><length>12</length><match><data>\xa5Z\x0a\x01\x00\x00\x00\x00\x00\x00\x00\x00</data></match></read>
    <write><data>\xa5Z\x08\x00\x01\x00\x01\x00\x7d\x01\x00\x00</data></write>
    <read><length>12</length><match><data>\xa5Z\x0a\x01\x00\x00\x00\x00\x00\x00\x00\x00</data></match></read>
    <write><data>\xa5Z\x08\x00\x05\x00\x00\x00\x8a\x01\x00\x00</data></write>
    <read><length>12</length><match><data>\xa5Z\x0a\x01\x00\x00\x00\x00\x00\x00\x00\x00</data></match></read>
    <write><data>\xa5Z\x08\x00\x05\x00\x01\x00\x91\x01\x00\x00</data></write>
    <read><length>12</length><match><data>\xa5Z\x0a\x01\x00\x00\x00\x00\x00\x00\x00\x00</data></match></read>
    <write><data>\xa5Z\x08\x00\x09\x00d\x00Z\x04\x00\x00</data></write>
    <read><length>12</length><match><data>\xa5Z\x0a\x01\x00\x00\x09\x00d\x00\x00\x00</data></match></read>
    <write><data>\xa5Z\x0c\x00\x08\x00\x00\x00\x00\x00\x00\x00\xa5\x01\x00\x00</data></write>
    <read><length>36</length><match><data>\xa5Z\x0a\x01\x01\x00\x08\x00\x18\x00\x00\x00\x0a\x01\x00\x00\xe2\x00\x00\x00\xae\x00\x00\x00\x01\x00\x00\x00\x01\x00\x00\x00\x01\x00\x00\x00</data></match></read>
    <write><data>\xa5Z\x08\x00\x02\x00.\x01\xc5\x02\x00\x00</data></write>
    <read><length>12</length><match><data>\xa5Z\x0a\x01\x00\x00\x00\x00\x00\x00\x00\x00</data></match></read>
    <write><data>\xa5Z\x10\x00\xf6T\x00\x00\x00\x00\x00\x00\x00\x00\x00\x00O\x08\x00\x00</data></write>
    <read><length>12</length><match><data>\xa5Z\x0a\x01\x00\x00\x05\x00\x00\x00\x00\x00</data></match></read>
    <write><data>\xa5Z\x0c\x00\xff\x00\x00\x00\x00\x00\x00\x00x\x06\x00\x00</data></write>
</replay>
</pov>