<?xml version="1.0" standalone="no" ?>
<!DOCTYPE pov SYSTEM "/usr/share/cgc-docs/replay.dtd">
<pov>
<cbid>service</cbid>
<seed>aa14c78113796eee8cee2c0cd062ebef9453c8d0843e104f84e8f8eaf745f4c9dadac00f0aee090b93cf1b77fc7c5e27</seed>
<replay>
    <write><data>\xa5Z\x0c\x00\x0a\x00\x00\x00\x00\x00\x00\x00\xaf\x01\x00\x00</data></write>
    <read><length>16</length><match><data>\xa5Z\x0a\x01\x01\x00\x0a\x00\x04\x00\x00\x00\xb2S\xdd\x3e</data></match></read>
    <write><data>\xa5Z\x08\x00\x05\x00\x00\x00\x8a\x01\x00\x00</data></write>
    <read><length>12</length><match><data>\xa5Z\x0a\x01\x00\x00\x00\x00\x00\x00\x00\x00</data></match></read>
    <write><data>\xa5Z\x08\x00\x01\x00\x01\x00\x7d\x01\x00\x00</data></write>
    <read><length>12</length><match><data>\xa5Z\x0a\x01\x00\x00\x00\x00\x00\x00\x00\x00</data></match></read>
    <write><data>\xa5Z\x08\x00\x05\x00\x01\x00\x91\x01\x00\x00</data></write>
    <read><length>12</length><match><data>\xa5Z\x0a\x01\x00\x00\x00\x00\x00\x00\x00\x00</data></match></read>
    <write><data>\xa5Z\x08\x00\x02\x00\x15\x01\x16\x02\x00\x00</data></write>
    <read><length>12</length><match><data>\xa5Z\x0a\x01\x00\x00\x00\x00\x00\x00\x00\x00</data></match></read>
    <write><data>\xa5Z\x08\x00\x01\x00\x01\x00\x7d\x01\x00\x00</data></write>
    <read><length>12</length><match><data>\xa5Z\x0a\x01\x00\x00\x00\x00\x00\x00\x00\x00</data></match></read>
    <write><data>\xa5Z\x0c\x00\x0a\x00\x00\x00\x00\x00\x00\x00\xaf\x01\x00\x00</data></write>
    <read><length>16</length><match><data>\xa5Z\x0a\x01\x01\x00\x0a\x00\x04\x00\x00\x00\xb2S\xdd\x3e</data></match></read>
    <write><data>\xa5Z\x0c\x00\x0a\x00\x00\x00\x00\x00\x00\x00\xaf\x01\x00\x00</data></write>
    <read><length>16</length><match><data>\xa5Z\x0a\x01\x01\x00\x0a\x00\x04\x00\x00\x00\xb2S\xdd\x3e</data></match></read>
    <write><data>\xa5Z\x0c\x00\x08\x00\x00\x00\x00\x00\x00\x00\xa5\x01\x00\x00</data></write>
    <read><length>36</length><match><data>\xa5Z\x0a\x01\x01\x00\x08\x00\x18\x00\x00\x00\x0a\x01\x00\x00\x15\x01\x00\x00K\x00\x00\x00\x01\x00\x00\x00\x00\x00\x00\x00\x01\x00\x00\x00</data></match></read>
    <write><data>\xa5Z\x08\x00\x05\x00\x00\x00\x8a\x01\x00\x00</data></write>
    <read><length>12</length><match><data>\xa5Z\x0a\x01\x00\x00\x00\x00\x00\x00\x00\x00</data></match></read>
    <write><data>\xa5Z\x10\x00\xba\xc5\x00\x00\x00\x00\x00\x00\x00\x00\x00\x00\xc9\x09\x00\x00</data></write>
    <read><length>12</length><match><data>\xa5Z\x0a\x01\x00\x00\x05\x00\x00\x00\x00\x00</data></match></read>
    <write><data>\xa5Z\x08\x00\x05\x00\x01\x00\x91\x01\x00\x00</data></write>
    <read><length>12</length><match><data>\xa5Z\x0a\x01\x00\x00\x00\x00\x00\x00\x00\x00</data></match></read>
    <write><data>\xa5Z\x08\x00\x04\x00\x03\x00\x9a\x01\x00\x00</data></write>
    <read><length>12</length><match><data>\xa5Z\x0a\x01\x00\x00\x06\x00\x00\x00\x00\x00</data></match></read>
    <write><data>\xa5Z\x08\x00\x05\x00\x00\x00\x8a\x01\x00\x00</data></write>
    <read><length>12</length><match><data>\xa5Z\x0a\x01\x00\x00\x00\x00\x00\x00\x00\x00</data></match></read>
    <write><data>\xa5Z\x08\x00\x0b\x00\x00\x00\xa8\x01\x00\x00</data></write>
    <read><length>12</length><match><data>\xa5Z\x0a\x01\x01\x00\x0b\x00\x00\x00\x00\x00</data></match></read>
    <write><data>\xa5Z\x08\x00\x01\x00\x01\x00\x7d\x01\x00\x00</data></write>
    <read><length>12</length><match><data>\xa5Z\x0a\x01\x00\x00\x00\x00\x00\x00\x00\x00</data></match></read>
    <write><data>\xa5Z\x08\x00\x05\x00\x00\x00\x8a\x01\x00\x00</data></write>
    <read><length>12</length><match><data>\xa5Z\x0a\x01\x00\x00\x00\x00\x00\x00\x00\x00</data></match></read>
    <write><data>\xa5Z\x14\x00\x03\x00\x07\x00X\x1b\x00\x00\xb8\x24\x00\x00K\x00\x00\x00F\x16\x00\x00</data></write>
    <read><length>12</length><match><data>\xa5Z\x0a\x01\x00\x00\x00\x00\x00\x00\x00\x00</data></match></read>
    <write><data>\xa5Z\x08\x00\x01\x00\x01\x00\x7d\x01\x00\x00</data></write>
    <read><length>12</length><match><data>\xa5Z\x0a\x01\x00\x00\x00\x00\x00\x00\x00\x00</data></match></read>
    <write><data>\xa5Z\x08\x00\x09\x00\x98\x00\xc6\x05\x00\x00</data></write>
    <read><length>12</length><match><data>\xa5Z\x0a\x01\x00\x00\x09\x00\x98\x00\x00\x00</data></match></read>
    <write><data>\xa5Z\x0c\x00\x0a\x00\x00\x00\x00\x00\x00\x00\xaf\x01\x00\x00</data></write>
    <read><length>16</length><match><data>\xa5Z\x0a\x01\x01\x00\x0a\x00\x04\x00\x00\x00\xb2S\xdd\x3e</data></match></read>
    <write><data>\xa5Z\x08\x00\x01\x00\x01\x00\x7d\x01\x00\x00</data></write>
    <read><length>12</length><match><data>\xa5Z\x0a\x01\x00\x00\x00\x00\x00\x00\x00\x00</data></match></read>
    <write><data>\xa5Z\x08\x00\x05\x00\x01\x00\x91\x01\x00\x00</data></write>
    <read><length>12</length><match><data>\xa5Z\x0a\x01\x00\x00\x00\x00\x00\x00\x00\x00</data></match></read>
    <write><data>\xa5Z\x08\x00\x05\x00\x00\x00\x8a\x01\x00\x00</data></write>
    <read><length>12</length><match><data>\xa5Z\x0a\x01\x00\x00\x00\x00\x00\x00\x00\x00</data></match></read>
    <write><data>\xa5Z\x14\x00\x03\x00\x04\x00\xa0\x0f\x00\x00\xcc\x10\x00\x00K\x00\x00\x00\x2d\x18\x00\x00</data></write>
    <read><length>12</length><match><data>\xa5Z\x0a\x01\x00\x00\x00\x00\x00\x00\x00\x00</data></match></read>
    <write><data>\xa5Z8\x00\x06\x00\x04\x00\x01\x00\x00\x00W\x0f\x00\x00\xcc\x00\x00\x00\x01\x00\x00\x00\x225\x00\x00\xfd\x00\x00\x00\x00\x00\x00\x00\x07\x00\x00\x00E\x01\x00\x00\x01\x00\x00\x00\xfb\x12\x00\x00\xf2\x00\x00\x00\x8f\xac\x00\x00</data></write>
    <read><length>12</length><match><data>\xa5Z\x0a\x01\x00\x00\x00\x00\x00\x00\x00\x00</data></match></read>
    <write><data>\xa5Z\x0c\x00\x08\x00\x00\x00\x00\x00\x00\x00\xa5\x01\x00\x00</data></write>
    <read><length>36</length><match><data>\xa5Z\x0a\x01\x01\x00\x08\x00\x18\x00\x00\x00\x0a\x01\x00\x00\xaf\x00\x00\x00K\x00\x00\x00\x00\x00\x00\x00\x00\x00\x00\x00\x00\x00\x00\x00</data></match></read>
    <write><data>\xa5Z\x08\x00\x0b\x00\x00\x00\xa8\x01\x00\x00</data></write>
    <read><length>44</length><match><data>\xa5Z\x0a\x01\x01\x00\x0b\x00 \x00\x00\x00\x07\x00\x00\x00X\x1b\x00\x00\xb8\x24\x00\x00K\x00\x00\x00\x04\x00\x00\x00\xa0\x0f\x00\x00\xcc\x10\x00\x00K\x00\x00\x00</data></match></read>
    <write><data>\xa5Z\x0a\x00\x0c\x00H\x00\x00\x00\xab\x03\x00\x00</data></write>
    <read><length>12</length><match><data>\xa5Z\x0a\x01\x00\x00\x00\x00\x00\x00\x00\x00</data></match></read>
    <write><data>\xa5Z\x0c\x00\x0a\x00\x00\x00\x00\x00\x00\x00\xaf\x01\x00\x00</data></write>
    <read><length>16</length><match><data>\xa5Z\x0a\x01\x01\x00\x0a\x00\x04\x00\x00\x00\xb2S\xdd\x3e</data></match></read>
    <write><data>\xa5Z\x08\x00\x09\x00\x9e\x00\xf0\x05\x00\x00</data></write>
    <read><length>12</length><match><data>\xa5Z\x0a\x01\x00\x00\x09\x00\x9e\x00\x00\x00</data></match></read>
    <write><data>\xa5ZD\x00\x06\x00\x05\x00\x00\x00\x00\x00\x07\x00\x00\x00\x1f\x01\x00\x00\x00\x00\x00\x00\x04\x00\x00\x00\xce\x00\x00\x00\x01\x00\x00\x00\x00\x29\x00\x00\xee\x00\x00\x00\x01\x00\x00\x00\xc3\x1c\x00\x00\x3b\x01\x00\x00\x01\x00\x00\x00U0\x00\x00R\x01\x00\x00\x84\xb5\x00\x00</data></write>
    <read><length>12</length><match><data>\xa5Z\x0a\x01\x00\x00\x00\x00\x00\x00\x00\x00</data></match></read>
    <write><data>\xa5Z\x08\x00\x02\x00\x3d\x01.\x03\x00\x00</data></write>
    <read><length>12</length><match><data>\xa5Z\x0a\x01\x00\x00\x00\x00\x00\x00\x00\x00</data></match></read>
    <write><data>\xa5Z\x0c\x00\x0a\x00\x00\x00\x00\x00\x00\x00\xaf\x01\x00\x00</data></write>
    <read><length>16</length><match><data>\xa5Z\x0a\x01\x01\x00\x0a\x00\x04\x00\x00\x00\xb2S\xdd\x3e</data></match></read>
    <write><data>\xa5Z\x0c\x00\x0a\x00\x00\x00\x00\x00\x00\x00\xaf\x01\x00\x00</data></write>
    <read><length>16</length><match><data>\xa5Z\x0a\x01\x01\x00\x0a\x00\x04\x00\x00\x00\xb2S\xdd\x3e</data></match></read>
    <write><data>\xa5Z\x08\x00\x01\x00\x01\x00\x7d\x01\x00\x00</data></write>
    <read><length>12</length><match><data>\xa5Z\x0a\x01\x00\x00\x00\x00\x00\x00\x00\x00</data></match></read>
    <write><data>\xa5Z\x14\x00\x03\x00\x03\x00\xb8\x0b\x00\x00\x2c\x1a\x00\x00K\x00\x00\x00B\x11\x00\x00</data></write>
    <read><length>12</length><match><data>\xa5Z\x0a\x01\x00\x00\x00\x00\x00\x00\x00\x00</data></match></read>
    <write><data>\xa5Z\x08\x00\x07\x00\x00\x00\x94\x01\x00\x00</data></write>
    <read><length>72</length><match><data>\xa5Z\x0a\x01\x01\x00\x07\x00\x3c\x00\x00\x00\x00\x00\x00\x00\x07\x00\x00\x00\x1f\x01\x00\x00\x00\x00\x00\x00\x04\x00\x00\x00\xce\x00\x00\x00\x01\x00\x00\x00\x00\x29\x00\x00\xee\x00\x00\x00\x01\x00\x00\x00\xc3\x1c\x00\x00\x3b\x01\x00\x00\x01\x00\x00\x00U0\x00\x00R\x01\x00\x00</data></match></read>
    <write><data>\xa5Z\x0c\x00\x08\x00\x00\x00\x00\x00\x00\x00\xa5\x01\x00\x00</data></write>
    <read><length>36</length><match><data>\xa5Z\x0a\x01\x01\x00\x08\x00\x18\x00\x00\x00\x0a\x01\x00\x00\x3d\x01\x00\x00K\x00\x00\x00\x01\x00\x00\x00\x00\x00\x00\x00\x00\x00\x00\x00</data></match></read>
    <write><data>\xa5Z\x08\x00\x01\x00\x01\x00\x7d\x01\x00\x00</data></write>
    <read><length>12</length><match><data>\xa5Z\x0a\x01\x00\x00\x00\x00\x00\x00\x00\x00</data></match></read>
    <write><data>\xa5Z\x0a\x00\x0c\x00B\x00\x00\x00\x81\x03\x00\x00</data></write>
    <read><length>12</length><match><data>\xa5Z\x0a\x01\x00\x00\x00\x00\x00\x00\x00\x00</data></match></read>
    <write><data>\xa5Z\x5c\x00\x06\x00\x07\x00\x01\x00\x00\x00q\x0f\x00\x00\xcb\x00\x00\x00\x01\x00\x00\x00\xc9\x22\x00\x00\xd8\x00\x00\x00\x01\x00\x00\x00\x8a\x2a\x00\x00\xc8\x00\x00\x00\x01\x00\x00\x00\x40\x1a\x00\x00\xd3\x00\x00\x00\x00\x00\x00\x00\x04\x00\x00\x009\x01\x00\x00\x00\x00\x00\x00\x03\x00\x00\x00\x1b\x01\x00\x00\x00\x00\x00\x00\x03\x00\x00\x00\x1b\x01\x00\x00\xab\xe1\x00\x00</data></write>
    <read><length>12</length><match><data>\xa5Z\x0a\x01\x00\x00\x00\x00\x00\x00\x00\x00</data></match></read>
    <write><data>\xa5Z\x08\x00\x04\x00\x0a\x00\xcb\x01\x00\x00</data></write>
    <read><length>12</length><match><data>\xa5Z\x0a\x01\x00\x00\x06\x00\x00\x00\x00\x00</data></match></read>
    <write><data>\xa5Z\x08\x00\x07\x00\x00\x00\x94\x01\x00\x00</data></write>
    <read><length>96</length><match><data>\xa5Z\x0a\x01\x01\x00\x07\x00T\x00\x00\x00\x01\x00\x00\x00q\x0f\x00\x00\xcb\x00\x00\x00\x01\x00\x00\x00\xc9\x22\x00\x00\xd8\x00\x00\x00\x01\x00\x00\x00\x8a\x2a\x00\x00\xc8\x00\x00\x00\x01\x00\x00\x00\x40\x1a\x00\x00\xd3\x00\x00\x00\x00\x00\x00\x00\x04\x00\x00\x009\x01\x00\x00\x00\x00\x00\x00\x03\x00\x00\x00\x1b\x01\x00\x00\x00\x00\x00\x00\x03\x00\x00\x00\x1b\x01\x00\x00</data></match></read>
    <write><data>\xa5Z\x14\x00\x03\x00\x02\x00\xd0\x07\x00\x00\xa4\x06\x00\x00K\x00\x00\x00\xeb\x16\x00\x00</data></write>
    <read><length>12</length><match><data>\xa5Z\x0a\x01\x00\x00\x00\x00\x00\x00\x00\x00</data></match></read>
    <write><data>\xa5Z\x08\x00\x07\x00\x00\x00\x94\x01\x00\x00</data></write>
    <read><length>96</length><match><data>\xa5Z\x0a\x01\x01\x00\x07\x00T\x00\x00\x00\x01\x00\x00\x00q\x0f\x00\x00\xcb\x00\x00\x00\x01\x00\x00\x00\xc9\x22\x00\x00\xd8\x00\x00\x00\x01\x00\x00\x00\x8a\x2a\x00\x00\xc8\x00\x00\x00\x01\x00\x00\x00\x40\x1a\x00\x00\xd3\x00\x00\x00\x00\x00\x00\x00\x04\x00\x00\x009\x01\x00\x00\x00\x00\x00\x00\x03\x00\x00\x00\x1b\x01\x00\x00\x00\x00\x00\x00\x03\x00\x00\x00\x1b\x01\x00\x00</data></match></read>
    <write><data>\xa5Z\x08\x00\x01\x00\x01\x00\x7d\x01\x00\x00</data></write>
    <read><length>12</length><match><data>\xa5Z\x0a\x01\x00\x00\x00\x00\x00\x00\x00\x00</data></match></read>
    <write><data>\xa5Z\x10\x002\xe9\x00\x00\x00\x00\x00\x00\x00\x00\x00\x00\xf9\x07\x00\x00</data></write>
    <read><length>12</length><match><data>\xa5Z\x0a\x01\x00\x00\x05\x00\x00\x00\x00\x00</data></match></read>
    <write><data>\xa5Z\x08\x00\x04\x00\x03\x00\x9a\x01\x00\x00</data></write>
    <read><length>12</length><match><data>\xa5Z\x0a\x01\x00\x00\x00\x00\x00\x00\x00\x00</data></match></read>
    <write><data>\xa5ZD\x00\x06\x00\x05\x00\x01\x00\x00\x0016\x00\x00\xbf\x00\x00\x00\x01\x00\x00\x00\xe5\x2b\x00\x00\xf1\x00\x00\x00\x00\x00\x00\x00\x07\x00\x00\x00\xf7\x00\x00\x00\x00\x00\x00\x00\x07\x00\x00\x00\x15\x01\x00\x00\x01\x00\x00\x00K.\x00\x001\x01\x00\x00\x13\xa3\x00\x00</data></write>
    <read><length>12</length><match><data>\xa5Z\x0a\x01\x00\x00\x00\x00\x00\x00\x00\x00</data></match></read>
    <write><data>\xa5Z\x08\x00\x05\x00\x01\x00\x91\x01\x00\x00</data></write>
    <read><length>12</length><match><data>\xa5Z\x0a\x01\x00\x00\x00\x00\x00\x00\x00\x00</data></match></read>
    <write><data>\xa5Z \x00\x06\x00\x02\x00\x01\x00\x00\x00\xfe\x18\x00\x00\x28\x01\x00\x00\x01\x00\x00\x00\xe9\x0a\x00\x00\xcd\x00\x00\x00\xf1A\x00\x00</data></write>
    <read><length>12</length><match><data>\xa5Z\x0a\x01\x00\x00\x00\x00\x00\x00\x00\x00</data></match></read>
    <write><data>\xa5Z\x0c\x00\x08\x00\x00\x00\x00\x00\x00\x00\xa5\x01\x00\x00</data></write>
    <read><length>36</length><match><data>\xa5Z\x0a\x01\x01\x00\x08\x00\x18\x00\x00\x00\x0a\x01\x00\x00\xaf\x00\x00\x00K\x00\x00\x00\x00\x00\x00\x00\x00\x00\x00\x00\x00\x00\x00\x00</data></match></read>
    <write><data>\xa5Z\x08\x00\x02\x00\xdf\x00\x94\x07\x00\x00</data></write>
    <read><length>12</length><match><data>\xa5Z\x0a\x01\x00\x00\x00\x00\x00\x00\x00\x00</data></match></read>
    <write><data>\xa5Z\x10\x00\xf1\xae\x00\x00\x00\x00\x00\x00\x00\x00\x00\x00R\x0a\x00\x00</data></write>
    <read><length>12</length><match><data>\xa5Z\x0a\x01\x00\x00\x05\x00\x00\x00\x00\x00</data></match></read>
    <write><data>\xa5Z\x08\x00\x05\x00\x00\x00\x8a\x01\x00\x00</data></write>
    <read><length>12</length><match><data>\xa5Z\x0a\x01\x00\x00\x00\x00\x00\x00\x00\x00</data></match></read>
    <write><data>\xa5Z\x0c\x00\x0a\x00\x00\x00\x00\x00\x00\x00\xaf\x01\x00\x00</data></write>
    <read><length>16</length><match><data>\xa5Z\x0a\x01\x01\x00\x0a\x00\x04\x00\x00\x00\xb2S\xdd\x3e</data></match></read>
    <write><data>\xa5Z\x5c\x00\x06\x00\x07\x00\x00\x00\x00\x00\x07\x00\x00\x00:\x01\x00\x00\x01\x00\x00\x00\x404\x00\x00\xc1\x00\x00\x00\x00\x00\x00\x00\x02\x00\x00\x00\xd7\x00\x00\x00\x01\x00\x00\x00\xd3\x0b\x00\x00\xcf\x00\x00\x00\x01\x00\x00\x00\x9d\x27\x00\x00\xb3\x00\x00\x00\x00\x00\x00\x00\x07\x00\x00\x00\x02\x01\x00\x00\x01\x00\x00\x00\x16\x15\x00\x00\xed\x00\x00\x00Ga\x01\x00</data></write>
    <read><length>12</length><match><data>\xa5Z\x0a\x01\x00\x00\x00\x00\x00\x00\x00\x00</data></match></read>
    <write><data>\xa5Z\x08\x00\x05\x00\x01\x00\x91\x01\x00\x00</data></write>
    <read><length>12</length><match><data>\xa5Z\x0a\x01\x00\x00\x00\x00\x00\x00\x00\x00</data></match></read>
    <write><data>\xa5Z\x08\x00\x02\x00\xdf\x00\x94\x07\x00\x00</data></write>
    <read><length>12</length><match><data>\xa5Z\x0a\x01\x00\x00\x00\x00\x00\x00\x00\x00</data></match></read>
    <write><data>\xa5Z\x08\x00\x02\x00\x14\x01\x0f\x02\x00\x00</data></write>
    <read><length>12</length><match><data>\xa5Z\x0a\x01\x00\x00\x00\x00\x00\x00\x00\x00</data></match></read>
    <write><data>\xa5Z\x0a\x00\x0c\x007\x00\x00\x004\x03\x00\x00</data></write>
    <read><length>12</length><match><data>\xa5Z\x0a\x01\x00\x00\x00\x00\x00\x00\x00\x00</data></match></read>
    <write><data>\xa5Z\x08\x00\x07\x00\x00\x00\x94\x01\x00\x00</data></write>
    <read><length>96</length><match><data>\xa5Z\x0a\x01\x01\x00\x07\x00T\x00\x00\x00\x00\x00\x00\x00\x07\x00\x00\x00:\x01\x00\x00\x01\x00\x00\x00\x404\x00\x00\xc1\x00\x00\x00\x00\x00\x00\x00\x02\x00\x00\x00\xd7\x00\x00\x00\x01\x00\x00\x00\xd3\x0b\x00\x00\xcf\x00\x00\x00\x01\x00\x00\x00\x9d\x27\x00\x00\xb3\x00\x00\x00\x00\x00\x00\x00\x07\x00\x00\x00\x02\x01\x00\x00\x01\x00\x00\x00\x16\x15\x00\x00\xed\x00\x00\x00</data></match></read>
    <write><data>\xa5Z\x0a\x00\x0c\x00\x26\x00\x00\x00\xbd\x02\x00\x00</data></write>
    <read><length>12</length><match><data>\xa5Z\x0a\x01\x00\x00\x00\x00\x00\x00\x00\x00</data></match></read>
    <write><data>\xa5Z\x08\x00\x09\x00h\x00v\x04\x00\x00</data></write>
    <read><length>12</length><match><data>\xa5Z\x0a\x01\x00\x00\x09\x00h\x00\x00\x00</data></match></read>
    <write><data>\xa5Z\x0c\x00\x08\x00\x00\x00\x00\x00\x00\x00\xa5\x01\x00\x00</data></write>
    <read><length>36</length><match><data>\xa5Z\x0a\x01\x01\x00\x08\x00\x18\x00\x00\x00\x0a\x01\x00\x00\x14\x01\x00\x001\x00\x00\x00\x00\x00\x00\x00\x00\x00\x00\x00\x01\x00\x00\x00</data></match></read>
    <write><data>\xa5Z\x10\x00G\xdc\x00\x00\x00\x00\x00\x00\x00\x00\x00\x00\x14\x08\x00\x00</data></write>
    <read><length>12</length><match><data>\xa5Z\x0a\x01\x00\x00\x05\x00\x00\x00\x00\x00</data></match></read>
    <write><data>\xa5Z\x08\x00\x04\x00\x01\x00\x8c\x01\x00\x00</data></write>
    <read><length>12</length><match><data>\xa5Z\x0a\x01\x00\x00\x06\x00\x00\x00\x00\x00</data></match></read>
    <write><data>\xa5Z\x0c\x00\x0a\x00\x00\x00\x00\x00\x00\x00\xaf\x01\x00\x00</data></write>
    <read><length>16</length><match><data>\xa5Z\x0a\x01\x01\x00\x0a\x00\x04\x00\x00\x00\xb2S\xdd\x3e</data></match></read>
    <write><data>\xa5Z\x0c\x00\x08\x00\x00\x00\x00\x00\x00\x00\xa5\x01\x00\x00</data></write>
    <read><length>36</length><match><data>\xa5Z\x0a\x01\x01\x00\x08\x00\x18\x00\x00\x00\x0a\x01\x00\x00\x14\x01\x00\x001\x00\x00\x00\x00\x00\x00\x00\x00\x00\x00\x00\x01\x00\x00\x00</data></match></read>
    <write><data>\xa5Z\x0a\x00\x0c\x00G\x00\x00\x00\xa4\x03\x00\x00</data></write>
    <read><length>12</length><match><data>\xa5Z\x0a\x01\x00\x00\x00\x00\x00\x00\x00\x00</data></match></read>
    <write><data>\xa5Z\x08\x00\x07\x00\x00\x00\x94\x01\x00\x00</data></write>
    <read><length>96</length><match><data>\xa5Z\x0a\x01\x01\x00\x07\x00T\x00\x00\x00\x00\x00\x00\x00\x07\x00\x00\x00:\x01\x00\x00\x01\x00\x00\x00\x404\x00\x00\xc1\x00\x00\x00\x00\x00\x00\x00\x02\x00\x00\x00\xd7\x00\x00\x00\x01\x00\x00\x00\xd3\x0b\x00\x00\xcf\x00\x00\x00\x01\x00\x00\x00\x9d\x27\x00\x00\xb3\x00\x00\x00\x00\x00\x00\x00\x07\x00\x00\x00\x02\x01\x00\x00\x01\x00\x00\x00\x16\x15\x00\x00\xed\x00\x00\x00</data></match></read>
    <write><data>\xa5Z\x08\x00\x04\x00\x0b\x00\xd2\x01\x00\x00</data></write>
    <read><length>12</length><match><data>\xa5Z\x0a\x01\x00\x00\x06\x00\x00\x00\x00\x00</data></match></read>
    <write><data>\xa5Z\x08\x00\x09\x00\x9e\x00\xf0\x05\x00\x00</data></write>
    <read><length>12</length><match><data>\xa5Z\x0a\x01\x00\x00\x09\x00\x06\x01\x00\x00</data></match></read>
    <write><data>\xa5Z\x08\x00\x05\x00\x01\x00\x91\x01\x00\x00</data></write>
    <read><length>12</length><match><data>\xa5Z\x0a\x01\x00\x00\x00\x00\x00\x00\x00\x00</data></match></read>
    <write><data>\xa5Z\x08\x00\x05\x00\x01\x00\x91\x01\x00\x00</data></write>
    <read><length>12</length><match><data>\xa5Z\x0a\x01\x00\x00\x00\x00\x00\x00\x00\x00</data></match></read>
    <write><data>\xa5Z\x08\x00\x02\x00\x0e\x01\xe5\x01\x00\x00</data></write>
    <read><length>12</length><match><data>\xa5Z\x0a\x01\x00\x00\x00\x00\x00\x00\x00\x00</data></match></read>
    <write><data>\xa5Zt\x00\x06\x00\x09\x00\x01\x00\x00\x00Y\x07\x00\x00\xc9\x00\x00\x00\x01\x00\x00\x00u\x09\x00\x00V\x01\x00\x00\x00\x00\x00\x00\x04\x00\x00\x00\xcb\x00\x00\x00\x00\x00\x00\x00\x02\x00\x00\x00\xfc\x00\x00\x00\x01\x00\x00\x00m\x15\x00\x00\xcb\x00\x00\x00\x00\x00\x00\x00\x02\x00\x00\x00\xf9\x00\x00\x00\x00\x00\x00\x00\x02\x00\x00\x00\xc7\x00\x00\x00\x01\x00\x00\x00\x9c\x1d\x00\x00\xd1\x00\x00\x00\x00\x00\x00\x00\x02\x00\x00\x00\x05\x01\x00\x00\xf4\x01\x02\x00</data></write>
    <read><length>12</length><match><data>\xa5Z\x0a\x01\x00\x00\x00\x00\x00\x00\x00\x00</data></match></read>
    <write><data>\xa5Z\x08\x00\x07\x00\x00\x00\x94\x01\x00\x00</data></write>
    <read><length>120</length><match><data>\xa5Z\x0a\x01\x01\x00\x07\x00l\x00\x00\x00\x01\x00\x00\x00Y\x07\x00\x00\xc9\x00\x00\x00\x01\x00\x00\x00u\x09\x00\x00V\x01\x00\x00\x00\x00\x00\x00\x04\x00\x00\x00\xcb\x00\x00\x00\x00\x00\x00\x00\x02\x00\x00\x00\xfc\x00\x00\x00\x01\x00\x00\x00m\x15\x00\x00\xcb\x00\x00\x00\x00\x00\x00\x00\x02\x00\x00\x00\xf9\x00\x00\x00\x00\x00\x00\x00\x02\x00\x00\x00\xc7\x00\x00\x00\x01\x00\x00\x00\x9c\x1d\x00\x00\xd1\x00\x00\x00\x00\x00\x00\x00\x02\x00\x00\x00\x05\x01\x00\x00</data></match></read>
    <write><data>\xa5Zh\x00\x06\x00\x08\x00\x00\x00\x00\x00\x02\x00\x00\x00R\x01\x00\x00\x01\x00\x00\x00H\x1d\x00\x00\x15\x01\x00\x00\x01\x00\x00\x00\xe6\x26\x00\x00\x1f\x01\x00\x00\x00\x00\x00\x00\x02\x00\x00\x00Z\x01\x00\x00\x01\x00\x00\x00\xa4\x18\x00\x00\xce\x00\x00\x00\x01\x00\x00\x00\xc8\x1e\x00\x00\xf4\x00\x00\x00\x01\x00\x00\x00\x8b\x0d\x00\x00\xe0\x00\x00\x00\x00\x00\x00\x00\x02\x00\x00\x00\xe5\x00\x00\x00\x0a\x1d\x02\x00</data></write>
    <read><length>12</length><match><data>\xa5Z\x0a\x01\x00\x00\x00\x00\x00\x00\x00\x00</data></match></read>
    <write><data>\xa5Z\x0a\x00\x0c\x00T\x00\x00\x00\xff\x03\x00\x00</data></write>
    <read><length>12</length><match><data>\xa5Z\x0a\x01\x00\x00\x00\x00\x00\x00\x00\x00</data></match></read>
    <write><data>\xa5Z\x08\x00\x02\x00\x84\x01\x1f\x05\x00\x00</data></write>
    <read><length>12</length><match><data>\xa5Z\x0a\x01\x00\x00\x01\x00\x00\x00\x00\x00</data></match></read>
    <write><data>\xa5Z\x08\x00\x0b\x00\x00\x00\xa8\x01\x00\x00</data></write>
    <read><length>60</length><match><data>\xa5Z\x0a\x01\x01\x00\x0b\x000\x00\x00\x00\x07\x00\x00\x00X\x1b\x00\x00\xb8\x24\x00\x00K\x00\x00\x00\x04\x00\x00\x00\xa0\x0f\x00\x00\xcc\x10\x00\x00K\x00\x00\x00\x02\x00\x00\x00\xd0\x07\x00\x00\xa4\x06\x00\x00K\x00\x00\x00</data></match></read>
    <write><data>\xa5Z\x0c\x00\x0a\x00\x00\x00\x00\x00\x00\x00\xaf\x01\x00\x00</data></write>
    <read><length>16</length><match><data>\xa5Z\x0a\x01\x01\x00\x0a\x00\x04\x00\x00\x00\xb2S\xdd\x3e</data></match></read>
    <write><data>\xa5Z\x08\x00\x09\x00\xb1\x00u\x06\x00\x00</data></write>
    <read><length>12</length><match><data>\xa5Z\x0a\x01\x00\x00\x09\x00\xb1\x00\x00\x00</data></match></read>
    <write><data>\xa5Z\x08\x00\x07\x00\x00\x00\x94\x01\x00\x00</data></write>
    <read><length>108</length><match><data>\xa5Z\x0a\x01\x01\x00\x07\x00\x60\x00\x00\x00\x00\x00\x00\x00\x02\x00\x00\x00R\x01\x00\x00\x01\x00\x00\x00H\x1d\x00\x00\x15\x01\x00\x00\x01\x00\x00\x00\xe6\x26\x00\x00\x1f\x01\x00\x00\x00\x00\x00\x00\x02\x00\x00\x00Z\x01\x00\x00\x01\x00\x00\x00\xa4\x18\x00\x00\xce\x00\x00\x00\x01\x00\x00\x00\xc8\x1e\x00\x00\xf4\x00\x00\x00\x01\x00\x00\x00\x8b\x0d\x00\x00\xe0\x00\x00\x00\x00\x00\x00\x00\x02\x00\x00\x00\xe5\x00\x00\x00</data></match></read>
    <write><data>\xa5Z\x14\x00\x03\x00\x04\x00\xa0\x0f\x00\x00\x28\x0a\x00\x00T\x00\x00\x00\x1e\x10\x00\x00</data></write>
    <read><length>12</length><match><data>\xa5Z\x0a\x01\x00\x00\x07\x00\x00\x00\x00\x00</data></match></read>
    <write><data>\xa5Z\x14\x00\x03\x00\x02\x00\xd0\x07\x00\x00\x98\x08\x00\x00T\x00\x00\x00\x04\x17\x00\x00</data></write>
    <read><length>12</length><match><data>\xa5Z\x0a\x01\x00\x00\x07\x00\x00\x00\x00\x00</data></match></read>
    <write><data>\xa5Z\x14\x00\x03\x00\x0c\x00\xe0.\x00\x00\xe4\x25\x00\x00T\x00\x00\x00\xd2\x1e\x00\x00</data></write>
    <read><length>12</length><match><data>\xa5Z\x0a\x01\x00\x00\x00\x00\x00\x00\x00\x00</data></match></read>
    <write><data>\xa5Z\x08\x00\x05\x00\x01\x00\x91\x01\x00\x00</data></write>
    <read><length>12</length><match><data>\xa5Z\x0a\x01\x00\x00\x00\x00\x00\x00\x00\x00</data></match></read>
    <write><data>\xa5Z\x0c\x00\x0a\x00\x00\x00\x00\x00\x00\x00\xaf\x01\x00\x00</data></write>
    <read><length>16</length><match><data>\xa5Z\x0a\x01\x01\x00\x0a\x00\x04\x00\x00\x00\xb2S\xdd\x3e</data></match></read>
    <write><data>\xa5Z\x08\x00\x05\x00\x00\x00\x8a\x01\x00\x00</data></write>
    <read><length>12</length><match><data>\xa5Z\x0a\x01\x00\x00\x00\x00\x00\x00\x00\x00</data></match></read>
    <write><data>\xa5Z\x08\x00\x05\x00\x00\x00\x8a\x01\x00\x00</data></write>
    <read><length>12</length><match><data>\xa5Z\x0a\x01\x00\x00\x00\x00\x00\x00\x00\x00</data></match></read>
    <write><data>\xa5Z\x0a\x00\x0c\x00?\x00\x00\x00l\x03\x00\x00</data></write>
    <read><length>12</length><match><data>\xa5Z\x0a\x01\x00\x00\x00\x00\x00\x00\x00\x00</data></match></read>
    <write><data>\xa5Z\x08\x00\x02\x00\xcd\x00\x16\x07\x00\x00</data></write>
    <read><length>12</length><match><data>\xa5Z\x0a\x01\x00\x00\x00\x00\x00\x00\x00\x00</data></match></read>
    <write><data>\xa5Z\x0c\x00\x0a\x00\x00\x00\x00\x00\x00\x00\xaf\x01\x00\x00</data></write>
    <read><length>16</length><match><data>\xa5Z\x0a\x01\x01\x00\x0a\x00\x04\x00\x00\x00\xb2S\xdd\x3e</data></match></read>
    <write><data>\xa5Z\x14\x00\x03\x00\x0a\x00\x10\x27\x00\x00\x7c\x15\x00\x00?\x00\x00\x00\xa1\x0f\x00\x00</data></write>
    <read><length>12</length><match><data>\xa5Z\x0a\x01\x00\x00\x00\x00\x00\x00\x00\x00</data></match></read>
    <write><data>\xa5Z\x08\x00\x02\x00\xbc\x00\x9f\x06\x00\x00</data></write>
    <read><length>12</length><match><data>\xa5Z\x0a\x01\x00\x00\x00\x00\x00\x00\x00\x00</data></match></read>
    <write><data>\xa5Z8\x00\x06\x00\x04\x00\x00\x00\x00\x00\x0a\x00\x00\x00\x3d\x01\x00\x00\x00\x00\x00\x00\x04\x00\x00\x00\xb3\x00\x00\x00\x00\x00\x00\x00\x0c\x00\x00\x00K\x01\x00\x00\x00\x00\x00\x00\x0c\x00\x00\x00\xf2\x00\x00\x00\xd6\x5d\x00\x00</data></write>
    <read><length>12</length><match><data>\xa5Z\x0a\x01\x00\x00\x00\x00\x00\x00\x00\x00</data></match></read>
    <write><data>\xa5Z\x14\x00\x03\x00\x02\x00\xd0\x07\x00\x00\xf0\x23\x00\x00K\x00\x00\x00\x5d\x1c\x00\x00</data></write>
    <read><length>12</length><match><data>\xa5Z\x0a\x01\x00\x00\x07\x00\x00\x00\x00\x00</data></match></read>
    <write><data>\xa5Z\x08\x00\x0b\x00\x00\x00\xa8\x01\x00\x00</data></write>
    <read><length>92</length><match><data>\xa5Z\x0a\x01\x01\x00\x0b\x00P\x00\x00\x00\x07\x00\x00\x00X\x1b\x00\x00\xb8\x24\x00\x00K\x00\x00\x00\x04\x00\x00\x00\xa0\x0f\x00\x00\xcc\x10\x00\x00K\x00\x00\x00\x02\x00\x00\x00\xd0\x07\x00\x00\xa4\x06\x00\x00K\x00\x00\x00\x0c\x00\x00\x00\xe0.\x00\x00\xe4\x25\x00\x00K\x00\x00\x00\x0a\x00\x00\x00\x10\x27\x00\x00\x7c\x15\x00\x00K\x00\x00\x00</data></match></read>
    <write><data>\xa5Z\x10\x00\x9a\xb1\x00\x00\x00\x00\x00\x00\x00\x00\x00\x00\xb1\x08\x00\x00</data></write>
    <read><length>12</length><match><data>\xa5Z\x0a\x01\x00\x00\x05\x00\x00\x00\x00\x00</data></match></read>
    <write><data>\xa5Z\x08\x00\x01\x00\x01\x00\x7d\x01\x00\x00</data></write>
    <read><length>12</length><match><data>\xa5Z\x0a\x01\x00\x00\x00\x00\x00\x00\x00\x00</data></match></read>
    <write><data>\xa5Z\x08\x00\x07\x00\x00\x00\x94\x01\x00\x00</data></write>
    <read><length>60</length><match><data>\xa5Z\x0a\x01\x01\x00\x07\x000\x00\x00\x00\x00\x00\x00\x00\x0a\x00\x00\x00\x3d\x01\x00\x00\x00\x00\x00\x00\x04\x00\x00\x00\xb3\x00\x00\x00\x00\x00\x00\x00\x0c\x00\x00\x00K\x01\x00\x00\x00\x00\x00\x00\x0c\x00\x00\x00\xf2\x00\x00\x00</data></match></read>
    <write><data>\xa5Z\x10\x00\xd0\x02\x00\x00\x00\x00\x00\x00\x00\x00\x00\x00\xa5\x05\x00\x00</data></write>
    <read><length>12</length><match><data>\xa5Z\x0a\x01\x00\x00\x05\x00\x00\x00\x00\x00</data></match></read>
    <write><data>\xa5Z\x08\x00\x05\x00\x00\x00\x8a\x01\x00\x00</data></write>
    <read><length>12</length><match><data>\xa5Z\x0a\x01\x00\x00\x00\x00\x00\x00\x00\x00</data></match></read>
    <write><data>\xa5Z\x08\x00\x05\x00\x01\x00\x91\x01\x00\x00</data></write>
    <read><length>12</length><match><data>\xa5Z\x0a\x01\x00\x00\x00\x00\x00\x00\x00\x00</data></match></read>
    <write><data>\xa5Z\x10\x00\x5da\x00\x00\x00\x00\x00\x00\x00\x00\x00\x00\xa0\x05\x00\x00</data></write>
    <read><length>12</length><match><data>\xa5Z\x0a\x01\x00\x00\x05\x00\x00\x00\x00\x00</data></match></read>
    <write><data>\xa5Z\x08\x00\x07\x00\x00\x00\x94\x01\x00\x00</data></write>
    <read><length>60</length><match><data>\xa5Z\x0a\x01\x01\x00\x07\x000\x00\x00\x00\x00\x00\x00\x00\x0a\x00\x00\x00\x3d\x01\x00\x00\x00\x00\x00\x00\x04\x00\x00\x00\xb3\x00\x00\x00\x00\x00\x00\x00\x0c\x00\x00\x00K\x01\x00\x00\x00\x00\x00\x00\x0c\x00\x00\x00\xf2\x00\x00\x00</data></match></read>
    <write><data>\xa5Z\x08\x00\x05\x00\x01\x00\x91\x01\x00\x00</data></write>
    <read><length>12</length><match><data>\xa5Z\x0a\x01\x00\x00\x00\x00\x00\x00\x00\x00</data></match></read>
    <write><data>\xa5Z\x10\x00\x22\x03\x00\x00\x00\x00\x00\x00\x00\x00\x00\x00E\x02\x00\x00</data></write>
    <read><length>12</length><match><data>\xa5Z\x0a\x01\x00\x00\x05\x00\x00\x00\x00\x00</data></match></read>
    <write><data>\xa5Z\x0c\x00\x0a\x00\x00\x00\x00\x00\x00\x00\xaf\x01\x00\x00</data></write>
    <read><length>16</length><match><data>\xa5Z\x0a\x01\x01\x00\x0a\x00\x04\x00\x00\x00\xb2S\xdd\x3e</data></match></read>
    <write><data>\xa5Z\x08\x00\x09\x00\xae\x00\x60\x06\x00\x00</data></write>
    <read><length>12</length><match><data>\xa5Z\x0a\x01\x00\x00\x09\x00\xae\x00\x00\x00</data></match></read>
    <write><data>\xa5Z\x08\x00\x02\x00\xea\x00\xe1\x07\x00\x00</data></write>
    <read><length>12</length><match><data>\xa5Z\x0a\x01\x00\x00\x00\x00\x00\x00\x00\x00</data></match></read>
    <write><data>\xa5Z\x0c\x00\x08\x00\x00\x00\x00\x00\x00\x00\xa5\x01\x00\x00</data></write>
    <read><length>36</length><match><data>\xa5Z\x0a\x01\x01\x00\x08\x00\x18\x00\x00\x00\x0a\x01\x00\x00\xea\x00\x00\x00\xf8\x00\x00\x00\x01\x00\x00\x00\x01\x00\x00\x00\x01\x00\x00\x00</data></match></read>
    <write><data>\xa5Z\x0a\x00\x0c\x009\x00\x00\x00B\x03\x00\x00</data></write>
    <read><length>12</length><match><data>\xa5Z\x0a\x01\x00\x00\x00\x00\x00\x00\x00\x00</data></match></read>
    <write><data>\xa5Z\x08\x00\x01\x00\x01\x00\x7d\x01\x00\x00</data></write>
    <read><length>12</length><match><data>\xa5Z\x0a\x01\x00\x00\x00\x00\x00\x00\x00\x00</data></match></read>
    <write><data>\xa5Z\x08\x00\x01\x00\x01\x00\x7d\x01\x00\x00</data></write>
    <read><length>12</length><match><data>\xa5Z\x0a\x01\x00\x00\x00\x00\x00\x00\x00\x00</data></match></read>
    <write><data>\xa5Z\x0c\x00\xff\x00\x00\x00\x00\x00\x00\x00x\x06\x00\x00</data></write>
</replay>
</pov>