<?xml version="1.0" standalone="no" ?>
<!DOCTYPE pov SYSTEM "/usr/share/cgc-docs/replay.dtd">
<pov>
<cbid>service</cbid>
<seed>7e009755b9e7766f6f513e6c20a0b887ed5911758c327665d5c807a85bdd289caf48e1c2f02a61b1b8da9a7a64130d75</seed>
<replay>
    <write><data>\xa5Z\x0c\x00\x0a\x00\x00\x00\x00\x00\x00\x00\xaf\x01\x00\x00</data></write>
    <read><length>16</length><match><data>\xa5Z\x0a\x01\x01\x00\x0a\x00\x04\x00\x00\x00\x3d\x7d\x04A</data></match></read>
    <write><data>\xa5Z\x08\x00\x05\x00\x01\x00\x91\x01\x00\x00</data></write>
    <read><length>12</length><match><data>\xa5Z\x0a\x01\x00\x00\x00\x00\x00\x00\x00\x00</data></match></read>
    <write><data>\xa5ZP\x00\x06\x00\x06\x00\x01\x00\x00\x00\x805\x00\x00\xf5\x00\x00\x00\x01\x00\x00\x00l2\x00\x00\xcd\x00\x00\x00\x01\x00\x00\x00\x82\x11\x00\x00\xca\x00\x00\x00\x01\x00\x00\x00\xab\x29\x00\x00\xd6\x00\x00\x00\x01\x00\x00\x00\x8f\x11\x00\x00\xd8\x00\x00\x00\x00\x00\x00\x00\x00\x00\x00\x001\x01\x00\x00\x83:\x01\x00</data></write>
    <read><length>12</length><match><data>\xa5Z\x0a\x01\x00\x00\x00\x00\x00\x00\x00\x00</data></match></read>
    <write><data>\xa5Z\x08\x00\x09\x00\x8d\x00y\x05\x00\x00</data></write>
    <read><length>12</length><match><data>\xa5Z\x0a\x01\x00\x00\x09\x00\x8d\x00\x00\x00</data></match></read>
    <write><data>\xa5Z\x08\x00\x05\x00\x00\x00\x8a\x01\x00\x00</data></write>
    <read><length>12</length><match><data>\xa5Z\x0a\x01\x00\x00\x00\x00\x00\x00\x00\x00</data></match></read>
    <write><data>\xa5Z\x08\x00\x07\x00\x00\x00\x94\x01\x00\x00</data></write>
    <read><length>84</length><match><data>\xa5Z\x0a\x01\x01\x00\x07\x00H\x00\x00\x00\x01\x00\x00\x00\x805\x00\x00\xf5\x00\x00\x00\x01\x00\x00\x00l2\x00\x00\xcd\x00\x00\x00\x01\x00\x00\x00\x82\x11\x00\x00\xca\x00\x00\x00\x01\x00\x00\x00\xab\x29\x00\x00\xd6\x00\x00\x00\x01\x00\x00\x00\x8f\x11\x00\x00\xd8\x00\x00\x00\x00\x00\x00\x00\x00\x00\x00\x001\x01\x00\x00</data></match></read>
    <write><data>\xa5Z\x80\x00\x06\x00\x0a\x00\x01\x00\x00\x00h0\x00\x00\xea\x00\x00\x00\x00\x00\x00\x00\x00\x00\x00\x00\xef\x00\x00\x00\x01\x00\x00\x00\xd1\x1c\x00\x00\xcc\x00\x00\x00\x00\x00\x00\x00\x00\x00\x00\x00\x13\x01\x00\x00\x01\x00\x00\x00\xdc\x19\x00\x00\xf7\x00\x00\x00\x01\x00\x00\x00\x14\x17\x00\x00\x5b\x01\x00\x00\x01\x00\x00\x00a\x1e\x00\x00\x5b\x01\x00\x00\x00\x00\x00\x00\x00\x00\x00\x00\xbf\x00\x00\x00\x00\x00\x00\x00\x00\x00\x00\x00\x3b\x01\x00\x00\x01\x00\x00\x00\xfc\x2f\x00\x00\xfc\x00\x00\x00B\xd8\x02\x00</data></write>
    <read><length>12</length><match><data>\xa5Z\x0a\x01\x00\x00\x00\x00\x00\x00\x00\x00</data></match></read>
    <write><data>\xa5Z\x0c\x00\x0a\x00\x00\x00\x00\x00\x00\x00\xaf\x01\x00\x00</data></write>
    <read><length>16</length><match><data>\xa5Z\x0a\x01\x01\x00\x0a\x00\x04\x00\x00\x00\x3d\x7d\x04A</data></match></read>
    <write><data>\xa5Z\x10\x00G\x1c\x00\x00\x00\x00\x00\x00\x00\x00\x00\x00\x94\x03\x00\x00</data></write>
    <read><length>12</length><match><data>\xa5Z\x0a\x01\x00\x00\x05\x00\x00\x00\x00\x00</data></match></read>
    <write><data>\xa5Z\x08\x00\x07\x00\x00\x00\x94\x01\x00\x00</data></write>
    <read><length>132</length><match><data>\xa5Z\x0a\x01\x01\x00\x07\x00x\x00\x00\x00\x01\x00\x00\x00h0\x00\x00\xea\x00\x00\x00\x00\x00\x00\x00\x00\x00\x00\x00\xef\x00\x00\x00\x01\x00\x00\x00\xd1\x1c\x00\x00\xcc\x00\x00\x00\x00\x00\x00\x00\x00\x00\x00\x00\x13\x01\x00\x00\x01\x00\x00\x00\xdc\x19\x00\x00\xf7\x00\x00\x00\x01\x00\x00\x00\x14\x17\x00\x00\x5b\x01\x00\x00\x01\x00\x00\x00a\x1e\x00\x00\x5b\x01\x00\x00\x00\x00\x00\x00\x00\x00\x00\x00\xbf\x00\x00\x00\x00\x00\x00\x00\x00\x00\x00\x00\x3b\x01\x00\x00\x01\x00\x00\x00\xfc\x2f\x00\x00\xfc\x00\x00\x00</data></match></read>
    <write><data>\xa5Z\x08\x00\x05\x00\x00\x00\x8a\x01\x00\x00</data></write>
    <read><length>12</length><match><data>\xa5Z\x0a\x01\x00\x00\x00\x00\x00\x00\x00\x00</data></match></read>
    <write><data>\xa5Z\x0a\x00\x0c\x00\x22\x00\x00\x00\xa1\x02\x00\x00</data></write>
    <read><length>12</length><match><data>\xa5Z\x0a\x01\x00\x00\x00\x00\x00\x00\x00\x00</data></match></read>
    <write><data>\xa5Z\x0c\x00\x0a\x00\x00\x00\x00\x00\x00\x00\xaf\x01\x00\x00</data></write>
    <read><length>16</length><match><data>\xa5Z\x0a\x01\x01\x00\x0a\x00\x04\x00\x00\x00\x3d\x7d\x04A</data></match></read>
    <write><data>\xa5Z\x08\x00\x07\x00\x00\x00\x94\x01\x00\x00</data></write>
    <read><length>132</length><match><data>\xa5Z\x0a\x01\x01\x00\x07\x00x\x00\x00\x00\x01\x00\x00\x00h0\x00\x00\xea\x00\x00\x00\x00\x00\x00\x00\x00\x00\x00\x00\xef\x00\x00\x00\x01\x00\x00\x00\xd1\x1c\x00\x00\xcc\x00\x00\x00\x00\x00\x00\x00\x00\x00\x00\x00\x13\x01\x00\x00\x01\x00\x00\x00\xdc\x19\x00\x00\xf7\x00\x00\x00\x01\x00\x00\x00\x14\x17\x00\x00\x5b\x01\x00\x00\x01\x00\x00\x00a\x1e\x00\x00\x5b\x01\x00\x00\x00\x00\x00\x00\x00\x00\x00\x00\xbf\x00\x00\x00\x00\x00\x00\x00\x00\x00\x00\x00\x3b\x01\x00\x00\x01\x00\x00\x00\xfc\x2f\x00\x00\xfc\x00\x00\x00</data></match></read>
    <write><data>\xa5Z\x08\x00\x02\x00\x00\x01\x83\x01\x00\x00</data></write>
    <read><length>12</length><match><data>\xa5Z\x0a\x01\x00\x00\x00\x00\x00\x00\x00\x00</data></match></read>
    <write><data>\xa5Z\x10\x00\xf2\x14\x00\x00\x00\x00\x00\x00\x00\x00\x00\x00\xbb\x06\x00\x00</data></write>
    <read><length>12</length><match><data>\xa5Z\x0a\x01\x00\x00\x05\x00\x00\x00\x00\x00</data></match></read>
    <write><data>\xa5Z\x08\x00\x04\x00\x0c\x00\xd9\x01\x00\x00</data></write>
    <read><length>12</length><match><data>\xa5Z\x0a\x01\x00\x00\x06\x00\x00\x00\x00\x00</data></match></read>
    <write><data>\xa5Z\x10\x00Q\x2c\x00\x00\x00\x00\x00\x00\x00\x00\x00\x00\x26\x04\x00\x00</data></write>
    <read><length>12</length><match><data>\xa5Z\x0a\x01\x00\x00\x05\x00\x00\x00\x00\x00</data></match></read>
    <write><data>\xa5Z\x0a\x00\x0c\x00P\x00\x00\x00\xe3\x03\x00\x00</data></write>
    <read><length>12</length><match><data>\xa5Z\x0a\x01\x00\x00\x00\x00\x00\x00\x00\x00</data></match></read>
    <write><data>\xa5Z\x08\x00\x01\x00\x01\x00\x7d\x01\x00\x00</data></write>
    <read><length>12</length><match><data>\xa5Z\x0a\x01\x00\x00\x00\x00\x00\x00\x00\x00</data></match></read>
    <write><data>\xa5Z\x0c\x00\x0a\x00\x00\x00\x00\x00\x00\x00\xaf\x01\x00\x00</data></write>
    <read><length>16</length><match><data>\xa5Z\x0a\x01\x01\x00\x0a\x00\x04\x00\x00\x00\x3d\x7d\x04A</data></match></read>
    <write><data>\xa5Z\x5c\x00\x06\x00\x07\x00\x00\x00\x00\x00\x00\x00\x00\x00\x08\x01\x00\x00\x00\x00\x00\x00\x00\x00\x00\x00P\x01\x00\x00\x00\x00\x00\x00\x00\x00\x00\x000\x01\x00\x00\x01\x00\x00\x00F\x0b\x00\x00\xb7\x00\x00\x00\x00\x00\x00\x00\x00\x00\x00\x00\xf2\x00\x00\x00\x01\x00\x00\x00\x0b\x28\x00\x00\xe7\x00\x00\x00\x00\x00\x00\x00\x00\x00\x00\x00\xdf\x00\x00\x00f\x29\x01\x00</data></write>
    <read><length>12</length><match><data>\xa5Z\x0a\x01\x00\x00\x00\x00\x00\x00\x00\x00</data></match></read>
    <write><data>\xa5Z\x08\x00\x04\x00\x0c\x00\xd9\x01\x00\x00</data></write>
    <read><length>12</length><match><data>\xa5Z\x0a\x01\x00\x00\x06\x00\x00\x00\x00\x00</data></match></read>
    <write><data>\xa5Z\x08\x00\x01\x00\x01\x00\x7d\x01\x00\x00</data></write>
    <read><length>12</length><match><data>\xa5Z\x0a\x01\x00\x00\x00\x00\x00\x00\x00\x00</data></match></read>
    <write><data>\xa5Z\x08\x00\x01\x00\x01\x00\x7d\x01\x00\x00</data></write>
    <read><length>12</length><match><data>\xa5Z\x0a\x01\x00\x00\x00\x00\x00\x00\x00\x00</data></match></read>
    <write><data>\xa5Z\x80\x00\x06\x00\x0a\x00\x00\x00\x00\x00\x00\x00\x00\x00\xdf\x00\x00\x00\x00\x00\x00\x00\x00\x00\x00\x00Q\x01\x00\x00\x01\x00\x00\x00\x60\x2d\x00\x00\x2d\x01\x00\x00\x00\x00\x00\x00\x00\x00\x00\x00\xf7\x00\x00\x00\x01\x00\x00\x00\x82\x2c\x00\x00\xd5\x00\x00\x00\x01\x00\x00\x00\x1e\x1d\x00\x00\xbe\x00\x00\x00\x01\x00\x00\x00\x0a6\x00\x00\xbe\x00\x00\x00\x00\x00\x00\x00\x00\x00\x00\x00\xcc\x00\x00\x00\x00\x00\x00\x00\x00\x00\x00\x00\x2b\x01\x00\x00\x00\x00\x00\x00\x00\x00\x00\x00\x1c\x01\x00\x00\xbb\xde\x01\x00</data></write>
    <read><length>12</length><match><data>\xa5Z\x0a\x01\x00\x00\x00\x00\x00\x00\x00\x00</data></match></read>
    <write><data>\xa5Z\x08\x00\x0b\x00\x00\x00\xa8\x01\x00\x00</data></write>
    <read><length>12</length><match><data>\xa5Z\x0a\x01\x01\x00\x0b\x00\x00\x00\x00\x00</data></match></read>
    <write><data>\xa5Z\x08\x00\x07\x00\x00\x00\x94\x01\x00\x00</data></write>
    <read><length>132</length><match><data>\xa5Z\x0a\x01\x01\x00\x07\x00x\x00\x00\x00\x00\x00\x00\x00\x00\x00\x00\x00\xdf\x00\x00\x00\x00\x00\x00\x00\x00\x00\x00\x00Q\x01\x00\x00\x01\x00\x00\x00\x60\x2d\x00\x00\x2d\x01\x00\x00\x00\x00\x00\x00\x00\x00\x00\x00\xf7\x00\x00\x00\x01\x00\x00\x00\x82\x2c\x00\x00\xd5\x00\x00\x00\x01\x00\x00\x00\x1e\x1d\x00\x00\xbe\x00\x00\x00\x01\x00\x00\x00\x0a6\x00\x00\xbe\x00\x00\x00\x00\x00\x00\x00\x00\x00\x00\x00\xcc\x00\x00\x00\x00\x00\x00\x00\x00\x00\x00\x00\x2b\x01\x00\x00\x00\x00\x00\x00\x00\x00\x00\x00\x1c\x01\x00\x00</data></match></read>
    <write><data>\xa5Z\x0c\x00\x0a\x00\x00\x00\x00\x00\x00\x00\xaf\x01\x00\x00</data></write>
    <read><length>16</length><match><data>\xa5Z\x0a\x01\x01\x00\x0a\x00\x04\x00\x00\x00\x3d\x7d\x04A</data></match></read>
    <write><data>\xa5Z\x0c\x00\x08\x00\x00\x00\x00\x00\x00\x00\xa5\x01\x00\x00</data></write>
    <read><length>36</length><match><data>\xa5Z\x0a\x01\x01\x00\x08\x00\x18\x00\x00\x00\x0a\x01\x00\x00\xaf\x00\x00\x00K\x00\x00\x00\x00\x00\x00\x00\x00\x00\x00\x00\x00\x00\x00\x00</data></match></read>
    <write><data>\xa5Z\x14\x00\x03\x00\x05\x00\x88\x13\x00\x00l\x07\x00\x00K\x00\x00\x00\x26\x12\x00\x00</data></write>
    <read><length>12</length><match><data>\xa5Z\x0a\x01\x00\x00\x00\x00\x00\x00\x00\x00</data></match></read>
    <write><data>\xa5Z\x0c\x00\x08\x00\x00\x00\x00\x00\x00\x00\xa5\x01\x00\x00</data></write>
    <read><length>36</length><match><data>\xa5Z\x0a\x01\x01\x00\x08\x00\x18\x00\x00\x00\x0a\x01\x00\x00\xaf\x00\x00\x00K\x00\x00\x00\x00\x00\x00\x00\x00\x00\x00\x00\x00\x00\x00\x00</data></match></read>
    <write><data>\xa5Z\x0a\x00\x0c\x00\x2d\x00\x00\x00\xee\x02\x00\x00</data></write>
    <read><length>12</length><match><data>\xa5Z\x0a\x01\x00\x00\x00\x00\x00\x00\x00\x00</data></match></read>
    <write><data>\xa5Z\x0c\x00\xff\x00\x00\x00\x00\x00\x00\x00x\x06\x00\x00</data></write>
</replay>
</pov>