<?xml version="1.0" standalone="no" ?>
<!DOCTYPE pov SYSTEM "/usr/share/cgc-docs/replay.dtd">
<pov>
<cbid>service</cbid>
<seed>5a429337d2cf1f068833bcac97d5974c9c417d0bee4d973a6912be48a80166bef2caf31c571ef023e5945472c51e8cb1</seed>
<replay>
    <write><data>\xa5Z\x0c\x00\x0a\x00\x00\x00\x00\x00\x00\x00\xaf\x01\x00\x00</data></write>
    <read><length>16</length><match><data>\xa5Z\x0a\x01\x01\x00\x0a\x00\x04\x00\x00\x00\xf7\x86Y\x40</data></match></read>
    <write><data>\xa5Z\x08\x00\x01\x00\x01\x00\x7d\x01\x00\x00</data></write>
    <read><length>12</length><match><data>\xa5Z\x0a\x01\x00\x00\x00\x00\x00\x00\x00\x00</data></match></read>
    <write><data>\xa5ZD\x00\x06\x00\x05\x00\x01\x00\x00\x00\x01\x16\x00\x006\x01\x00\x00\x01\x00\x00\x00H\x07\x00\x00\x08\x01\x00\x00\x01\x00\x00\x00h\x0f\x00\x00\xeb\x00\x00\x00\x00\x00\x00\x00\x00\x00\x00\x00?\x01\x00\x00\x01\x00\x00\x00\xf7\x17\x00\x00\xef\x00\x00\x00\xcd\xd1\x00\x00</data></write>
    <read><length>12</length><match><data>\xa5Z\x0a\x01\x00\x00\x00\x00\x00\x00\x00\x00</data></match></read>
    <write><data>\xa5Z\x0a\x00\x0c\x00T\x00\x00\x00\xff\x03\x00\x00</data></write>
    <read><length>12</length><match><data>\xa5Z\x0a\x01\x00\x00\x00\x00\x00\x00\x00\x00</data></match></read>
    <write><data>\xa5Z\x0c\x00\x08\x00\x00\x00\x00\x00\x00\x00\xa5\x01\x00\x00</data></write>
    <read><length>36</length><match><data>\xa5Z\x0a\x01\x01\x00\x08\x00\x18\x00\x00\x00\x0a\x01\x00\x00\xaf\x00\x00\x00K\x00\x00\x00\x00\x00\x00\x00\x00\x00\x00\x00\x00\x00\x00\x00</data></match></read>
    <write><data>\xa5Z\x08\x00\x0b\x00\x00\x00\xa8\x01\x00\x00</data></write>
    <read><length>12</length><match><data>\xa5Z\x0a\x01\x01\x00\x0b\x00\x00\x00\x00\x00</data></match></read>
    <write><data>\xa5Z\x08\x00\x07\x00\x00\x00\x94\x01\x00\x00</data></write>
    <read><length>72</length><match><data>\xa5Z\x0a\x01\x01\x00\x07\x00\x3c\x00\x00\x00\x01\x00\x00\x00\x01\x16\x00\x006\x01\x00\x00\x01\x00\x00\x00H\x07\x00\x00\x08\x01\x00\x00\x01\x00\x00\x00h\x0f\x00\x00\xeb\x00\x00\x00\x00\x00\x00\x00\x00\x00\x00\x00?\x01\x00\x00\x01\x00\x00\x00\xf7\x17\x00\x00\xef\x00\x00\x00</data></match></read>
    <write><data>\xa5Z\x08\x00\x05\x00\x01\x00\x91\x01\x00\x00</data></write>
    <read><length>12</length><match><data>\xa5Z\x0a\x01\x00\x00\x00\x00\x00\x00\x00\x00</data></match></read>
    <write><data>\xa5Z\x0c\x00\x0a\x00\x00\x00\x00\x00\x00\x00\xaf\x01\x00\x00</data></write>
    <read><length>16</length><match><data>\xa5Z\x0a\x01\x01\x00\x0a\x00\x04\x00\x00\x00\xf7\x86Y\x40</data></match></read>
    <write><data>\xa5Z\x08\x00\x05\x00\x00\x00\x8a\x01\x00\x00</data></write>
    <read><length>12</length><match><data>\xa5Z\x0a\x01\x00\x00\x00\x00\x00\x00\x00\x00</data></match></read>
    <write><data>\xa5Z\x08\x00\x0b\x00\x00\x00\xa8\x01\x00\x00</data></write>
    <read><length>12</length><match><data>\xa5Z\x0a\x01\x01\x00\x0b\x00\x00\x00\x00\x00</data></match></read>
    <write><data>\xa5Z\x08\x00\x01\x00\x01\x00\x7d\x01\x00\x00</data></write>
    <read><length>12</length><match><data>\xa5Z\x0a\x01\x00\x00\x00\x00\x00\x00\x00\x00</data></match></read>
    <write><data>\xa5Z\x08\x00\x05\x00\x00\x00\x8a\x01\x00\x00</data></write>
    <read><length>12</length><match><data>\xa5Z\x0a\x01\x00\x00\x00\x00\x00\x00\x00\x00</data></match></read>
    <write><data>\xa5Z\x14\x00\x03\x00\x09\x00\x28\x23\x00\x00\x14\x1e\x00\x00T\x00\x00\x00\xe5\x0c\x00\x00</data></write>
    <read><length>12</length><match><data>\xa5Z\x0a\x01\x00\x00\x00\x00\x00\x00\x00\x00</data></match></read>
    <write><data>\xa5Z\x10\x00\x09\xf0\x00\x00\x00\x00\x00\x00\x00\x00\x00\x00V\x07\x00\x00</data></write>
    <read><length>12</length><match><data>\xa5Z\x0a\x01\x00\x00\x05\x00\x00\x00\x00\x00</data></match></read>
    <write><data>\xa5Z\x08\x00\x05\x00\x01\x00\x91\x01\x00\x00</data></write>
    <read><length>12</length><match><data>\xa5Z\x0a\x01\x00\x00\x00\x00\x00\x00\x00\x00</data></match></read>
    <write><data>\xa5Z\x10\x00\xbf\x7d\x00\x00\x00\x00\x00\x00\x00\x00\x00\x002\x08\x00\x00</data></write>
    <read><length>12</length><match><data>\xa5Z\x0a\x01\x00\x00\x05\x00\x00\x00\x00\x00</data></match></read>
    <write><data>\xa5Z\x08\x00\x05\x00\x01\x00\x91\x01\x00\x00</data></write>
    <read><length>12</length><match><data>\xa5Z\x0a\x01\x00\x00\x00\x00\x00\x00\x00\x00</data></match></read>
    <write><data>\xa5Z\x10\x00\x09\x7f\x00\x00\x00\x00\x00\x00\x00\x00\x00\x00\xb0\x04\x00\x00</data></write>
    <read><length>12</length><match><data>\xa5Z\x0a\x01\x00\x00\x05\x00\x00\x00\x00\x00</data></match></read>
    <write><data>\xa5Z\x14\x00\x03\x00\x0a\x00\x10\x27\x00\x00\x5c\x12\x00\x00T\x00\x00\x00\x3c\x0f\x00\x00</data></write>
    <read><length>12</length><match><data>\xa5Z\x0a\x01\x00\x00\x00\x00\x00\x00\x00\x00</data></match></read>
    <write><data>\xa5Z\x0c\x00\x08\x00\x00\x00\x00\x00\x00\x00\xa5\x01\x00\x00</data></write>
    <read><length>36</length><match><data>\xa5Z\x0a\x01\x01\x00\x08\x00\x18\x00\x00\x00\x0a\x01\x00\x00\xaf\x00\x00\x00K\x00\x00\x00\x01\x00\x00\x00\x00\x00\x00\x00\x01\x00\x00\x00</data></match></read>
    <write><data>\xa5ZP\x00\x06\x00\x06\x00\x01\x00\x00\x00\xd2\x23\x00\x00\x1d\x01\x00\x00\x01\x00\x00\x00\xb6.\x00\x00\xb9\x00\x00\x00\x01\x00\x00\x00\xb2\x0a\x00\x00O\x01\x00\x00\x01\x00\x00\x00\x1f\x27\x00\x00\x11\x01\x00\x00\x01\x00\x00\x00P\x29\x00\x00\xf2\x00\x00\x00\x00\x00\x00\x00\x0a\x00\x00\x00J\x01\x00\x00Y\xea\x00\x00</data></write>
    <read><length>12</length><match><data>\xa5Z\x0a\x01\x00\x00\x00\x00\x00\x00\x00\x00</data></match></read>
    <write><data>\xa5ZP\x00\x06\x00\x06\x00\x00\x00\x00\x00\x09\x00\x00\x00T\x01\x00\x00\x01\x00\x00\x00\x801\x00\x00P\x01\x00\x00\x00\x00\x00\x00\x0a\x00\x00\x00.\x01\x00\x00\x01\x00\x00\x00I\x2d\x00\x00\x07\x01\x00\x00\x00\x00\x00\x00\x09\x00\x00\x00\xbc\x00\x00\x00\x01\x00\x00\x00\x3b!\x00\x00\x0e\x01\x00\x00\x03\x96\x00\x00</data></write>
    <read><length>12</length><match><data>\xa5Z\x0a\x01\x00\x00\x00\x00\x00\x00\x00\x00</data></match></read>
    <write><data>\xa5Z\x08\x00\x09\x00\x95\x00\xb1\x05\x00\x00</data></write>
    <read><length>12</length><match><data>\xa5Z\x0a\x01\x00\x00\x09\x00\x95\x00\x00\x00</data></match></read>
    <write><data>\xa5Z\x08\x00\x09\x00\x8c\x00r\x05\x00\x00</data></write>
    <read><length>12</length><match><data>\xa5Z\x0a\x01\x00\x00\x09\x00!\x01\x00\x00</data></match></read>
    <write><data>\xa5Z\x0c\x00\x08\x00\x00\x00\x00\x00\x00\x00\xa5\x01\x00\x00</data></write>
    <read><length>36</length><match><data>\xa5Z\x0a\x01\x01\x00\x08\x00\x18\x00\x00\x00\x0a\x01\x00\x00\xaf\x00\x00\x00K\x00\x00\x00\x00\x00\x00\x00\x00\x00\x00\x00\x00\x00\x00\x00</data></match></read>
    <write><data>\xa5Z\x14\x00\x03\x00\x01\x00\xe8\x03\x00\x00\xcc\x10\x00\x00K\x00\x00\x00\x28\x1a\x00\x00</data></write>
    <read><length>12</length><match><data>\xa5Z\x0a\x01\x00\x00\x00\x00\x00\x00\x00\x00</data></match></read>
    <write><data>\xa5Z\x10\x00\xcc\xa6\x00\x00\x00\x00\x00\x00\x00\x00\x00\x00i\x09\x00\x00</data></write>
    <read><length>12</length><match><data>\xa5Z\x0a\x01\x00\x00\x05\x00\x00\x00\x00\x00</data></match></read>
    <write><data>\xa5Z\x0c\x00\x08\x00\x00\x00\x00\x00\x00\x00\xa5\x01\x00\x00</data></write>
    <read><length>36</length><match><data>\xa5Z\x0a\x01\x01\x00\x08\x00\x18\x00\x00\x00\x0a\x01\x00\x00\xaf\x00\x00\x00K\x00\x00\x00\x00\x00\x00\x00\x00\x00\x00\x00\x00\x00\x00\x00</data></match></read>
    <write><data>\xa5Z\x08\x00\x02\x00C\x01X\x03\x00\x00</data></write>
    <read><length>12</length><match><data>\xa5Z\x0a\x01\x00\x00\x00\x00\x00\x00\x00\x00</data></match></read>
    <write><data>\xa5Z\x08\x00\x07\x00\x00\x00\x94\x01\x00\x00</data></write>
    <read><length>84</length><match><data>\xa5Z\x0a\x01\x01\x00\x07\x00H\x00\x00\x00\x00\x00\x00\x00\x09\x00\x00\x00T\x01\x00\x00\x01\x00\x00\x00\x801\x00\x00P\x01\x00\x00\x00\x00\x00\x00\x0a\x00\x00\x00.\x01\x00\x00\x01\x00\x00\x00I\x2d\x00\x00\x07\x01\x00\x00\x00\x00\x00\x00\x09\x00\x00\x00\xbc\x00\x00\x00\x01\x00\x00\x00\x3b!\x00\x00\x0e\x01\x00\x00</data></match></read>
    <write><data>\xa5Z\x08\x00\x04\x00\x01\x00\x8c\x01\x00\x00</data></write>
    <read><length>12</length><match><data>\xa5Z\x0a\x01\x00\x00\x00\x00\x00\x00\x00\x00</data></match></read>
    <write><data>\xa5Z\x10\x00\xd98\x00\x00\x00\x00\x00\x00\x00\x00\x00\x00\x16\x07\x00\x00</data></write>
    <read><length>12</length><match><data>\xa5Z\x0a\x01\x00\x00\x05\x00\x00\x00\x00\x00</data></match></read>
    <write><data>\xa5Z\x08\x00\x07\x00\x00\x00\x94\x01\x00\x00</data></write>
    <read><length>84</length><match><data>\xa5Z\x0a\x01\x01\x00\x07\x00H\x00\x00\x00\x00\x00\x00\x00\x09\x00\x00\x00T\x01\x00\x00\x01\x00\x00\x00\x801\x00\x00P\x01\x00\x00\x00\x00\x00\x00\x0a\x00\x00\x00.\x01\x00\x00\x01\x00\x00\x00I\x2d\x00\x00\x07\x01\x00\x00\x00\x00\x00\x00\x09\x00\x00\x00\xbc\x00\x00\x00\x01\x00\x00\x00\x3b!\x00\x00\x0e\x01\x00\x00</data></match></read>
    <write><data>\xa5Z\x08\x00\x04\x00\x0a\x00\xcb\x01\x00\x00</data></write>
    <read><length>12</length><match><data>\xa5Z\x0a\x01\x00\x00\x00\x00\x00\x00\x00\x00</data></match></read>
    <write><data>\xa5Z\x08\x00\x02\x00\xc8\x00\xf3\x06\x00\x00</data></write>
    <read><length>12</length><match><data>\xa5Z\x0a\x01\x00\x00\x00\x00\x00\x00\x00\x00</data></match></read>
    <write><data>\xa5Z\x10\x001\xfe\x00\x00\x00\x00\x00\x00\x00\x00\x00\x00r\x08\x00\x00</data></write>
    <read><length>12</length><match><data>\xa5Z\x0a\x01\x00\x00\x05\x00\x00\x00\x00\x00</data></match></read>
    <write><data>\xa5Z \x00\x06\x00\x02\x00\x01\x00\x00\x00\xd6\x15\x00\x001\x01\x00\x00\x00\x00\x00\x00\x09\x00\x00\x00\xf3\x00\x00\x00\xad\x2d\x00\x00</data></write>
    <read><length>12</length><match><data>\xa5Z\x0a\x01\x00\x00\x00\x00\x00\x00\x00\x00</data></match></read>
    <write><data>\xa5Z\x08\x00\x04\x00\x07\x00\xb6\x01\x00\x00</data></write>
    <read><length>12</length><match><data>\xa5Z\x0a\x01\x00\x00\x06\x00\x00\x00\x00\x00</data></match></read>
    <write><data>\xa5Z\x08\x00\x05\x00\x01\x00\x91\x01\x00\x00</data></write>
    <read><length>12</length><match><data>\xa5Z\x0a\x01\x00\x00\x00\x00\x00\x00\x00\x00</data></match></read>
    <write><data>\xa5Z\x08\x00\x01\x00\x01\x00\x7d\x01\x00\x00</data></write>
    <read><length>12</length><match><data>\xa5Z\x0a\x01\x00\x00\x00\x00\x00\x00\x00\x00</data></match></read>
    <write><data>\xa5Z\x08\x00\x07\x00\x00\x00\x94\x01\x00\x00</data></write>
    <read><length>36</length><match><data>\xa5Z\x0a\x01\x01\x00\x07\x00\x18\x00\x00\x00\x01\x00\x00\x00\xd6\x15\x00\x001\x01\x00\x00\x00\x00\x00\x00\x09\x00\x00\x00\xf3\x00\x00\x00</data></match></read>
    <write><data>\xa5Z\x08\x00\x05\x00\x01\x00\x91\x01\x00\x00</data></write>
    <read><length>12</length><match><data>\xa5Z\x0a\x01\x00\x00\x00\x00\x00\x00\x00\x00</data></match></read>
    <write><data>\xa5Z\x0c\x00\x0a\x00\x00\x00\x00\x00\x00\x00\xaf\x01\x00\x00</data></write>
    <read><length>16</length><match><data>\xa5Z\x0a\x01\x01\x00\x0a\x00\x04\x00\x00\x00\xf7\x86Y\x40</data></match></read>
    <write><data>\xa5Z\x0a\x00\x0c\x00\x18\x00\x00\x00\x5b\x02\x00\x00</data></write>
    <read><length>12</length><match><data>\xa5Z\x0a\x01\x00\x00\x00\x00\x00\x00\x00\x00</data></match></read>
    <write><data>\xa5Z\x08\x00\x0b\x00\x00\x00\xa8\x01\x00\x00</data></write>
    <read><length>28</length><match><data>\xa5Z\x0a\x01\x01\x00\x0b\x00\x10\x00\x00\x00\x09\x00\x00\x00\x28\x23\x00\x00\x14\x1e\x00\x00K\x00\x00\x00</data></match></read>
    <write><data>\xa5Z\x08\x00\x05\x00\x00\x00\x8a\x01\x00\x00</data></write>
    <read><length>12</length><match><data>\xa5Z\x0a\x01\x00\x00\x00\x00\x00\x00\x00\x00</data></match></read>
    <write><data>\xa5Z\x08\x00\x0b\x00\x00\x00\xa8\x01\x00\x00</data></write>
    <read><length>28</length><match><data>\xa5Z\x0a\x01\x01\x00\x0b\x00\x10\x00\x00\x00\x09\x00\x00\x00\x28\x23\x00\x00\x14\x1e\x00\x00K\x00\x00\x00</data></match></read>
    <write><data>\xa5Z\x0c\x00\x0a\x00\x00\x00\x00\x00\x00\x00\xaf\x01\x00\x00</data></write>
    <read><length>16</length><match><data>\xa5Z\x0a\x01\x01\x00\x0a\x00\x04\x00\x00\x00\xf7\x86Y\x40</data></match></read>
    <write><data>\xa5Z\x08\x00\x01\x00\x01\x00\x7d\x01\x00\x00</data></write>
    <read><length>12</length><match><data>\xa5Z\x0a\x01\x00\x00\x00\x00\x00\x00\x00\x00</data></match></read>
    <write><data>\xa5Z\x0c\x00\x0a\x00\x00\x00\x00\x00\x00\x00\xaf\x01\x00\x00</data></write>
    <read><length>16</length><match><data>\xa5Z\x0a\x01\x01\x00\x0a\x00\x04\x00\x00\x00\xf7\x86Y\x40</data></match></read>
    <write><data>\xa5Z\x08\x00\x02\x00\xd0\x00\x2b\x07\x00\x00</data></write>
    <read><length>12</length><match><data>\xa5Z\x0a\x01\x00\x00\x00\x00\x00\x00\x00\x00</data></match></read>
    <write><data>\xa5Z\x08\x00\x05\x00\x00\x00\x8a\x01\x00\x00</data></write>
    <read><length>12</length><match><data>\xa5Z\x0a\x01\x00\x00\x00\x00\x00\x00\x00\x00</data></match></read>
    <write><data>\xa5Z\x08\x00\x0b\x00\x00\x00\xa8\x01\x00\x00</data></write>
    <read><length>28</length><match><data>\xa5Z\x0a\x01\x01\x00\x0b\x00\x10\x00\x00\x00\x09\x00\x00\x00\x28\x23\x00\x00\x14\x1e\x00\x00K\x00\x00\x00</data></match></read>
    <write><data>\xa5Z\x10\x00\xdb\x9d\x00\x00\x00\x00\x00\x00\x00\x00\x00\x00\x7e\x09\x00\x00</data></write>
    <read><length>12</length><match><data>\xa5Z\x0a\x01\x00\x00\x05\x00\x00\x00\x00\x00</data></match></read>
    <write><data>\xa5Z \x00\x06\x00\x02\x00\x00\x00\x00\x00\x09\x00\x00\x006\x01\x00\x00\x01\x00\x00\x00\x9f\x16\x00\x009\x01\x00\x00m\x1e\x00\x00</data></write>
    <read><length>12</length><match><data>\xa5Z\x0a\x01\x00\x00\x00\x00\x00\x00\x00\x00</data></match></read>
    <write><data>\xa5Z\x08\x00\x09\x00\x8a\x00d\x05\x00\x00</data></write>
    <read><length>12</length><match><data>\xa5Z\x0a\x01\x00\x00\x09\x00\x8a\x00\x00\x00</data></match></read>
    <write><data>\xa5Z\x08\x00\x01\x00\x01\x00\x7d\x01\x00\x00</data></write>
    <read><length>12</length><match><data>\xa5Z\x0a\x01\x00\x00\x00\x00\x00\x00\x00\x00</data></match></read>
    <write><data>\xa5Z\x08\x00\x09\x00\xc8\x00\x16\x07\x00\x00</data></write>
    <read><length>12</length><match><data>\xa5Z\x0a\x01\x00\x00\x09\x00R\x01\x00\x00</data></match></read>
    <write><data>\xa5Z\x08\x00\x07\x00\x00\x00\x94\x01\x00\x00</data></write>
    <read><length>36</length><match><data>\xa5Z\x0a\x01\x01\x00\x07\x00\x18\x00\x00\x00\x00\x00\x00\x00\x09\x00\x00\x006\x01\x00\x00\x01\x00\x00\x00\x9f\x16\x00\x009\x01\x00\x00</data></match></read>
    <write><data>\xa5Z\x0a\x00\x0c\x00\x27\x00\x00\x00\xc4\x02\x00\x00</data></write>
    <read><length>12</length><match><data>\xa5Z\x0a\x01\x00\x00\x00\x00\x00\x00\x00\x00</data></match></read>
    <write><data>\xa5Z\x08\x00\x09\x00\x94\x00\xaa\x05\x00\x00</data></write>
    <read><length>12</length><match><data>\xa5Z\x0a\x01\x00\x00\x09\x00\xe6\x01\x00\x00</data></match></read>
    <write><data>\xa5Zh\x00\x06\x00\x08\x00\x00\x00\x00\x00\x09\x00\x00\x00C\x01\x00\x00\x00\x00\x00\x00\x09\x00\x00\x00\xcc\x00\x00\x00\x00\x00\x00\x00\x09\x00\x00\x00\x1d\x01\x00\x00\x00\x00\x00\x00\x09\x00\x00\x002\x01\x00\x00\x00\x00\x00\x00\x09\x00\x00\x00A\x01\x00\x00\x00\x00\x00\x00\x09\x00\x00\x00\xc7\x00\x00\x00\x01\x00\x00\x00\xad\x28\x00\x00G\x01\x00\x00\x00\x00\x00\x00\x09\x00\x00\x00\x1e\x01\x00\x00w\xf3\x00\x00</data></write>
    <read><length>12</length><match><data>\xa5Z\x0a\x01\x00\x00\x00\x00\x00\x00\x00\x00</data></match></read>
    <write><data>\xa5Z\x08\x00\x01\x00\x01\x00\x7d\x01\x00\x00</data></write>
    <read><length>12</length><match><data>\xa5Z\x0a\x01\x00\x00\x00\x00\x00\x00\x00\x00</data></match></read>
    <write><data>\xa5Z\x08\x00\x04\x00\x04\x00\xa1\x01\x00\x00</data></write>
    <read><length>12</length><match><data>\xa5Z\x0a\x01\x00\x00\x06\x00\x00\x00\x00\x00</data></match></read>
    <write><data>\xa5Z\x08\x00\x0b\x00\x00\x00\xa8\x01\x00\x00</data></write>
    <read><length>28</length><match><data>\xa5Z\x0a\x01\x01\x00\x0b\x00\x10\x00\x00\x00\x09\x00\x00\x00\x28\x23\x00\x00\x14\x1e\x00\x00K\x00\x00\x00</data></match></read>
    <write><data>\xa5Z\x0c\x00\x0a\x00\x00\x00\x00\x00\x00\x00\xaf\x01\x00\x00</data></write>
    <read><length>16</length><match><data>\xa5Z\x0a\x01\x01\x00\x0a\x00\x04\x00\x00\x00\xf7\x86Y\x40</data></match></read>
    <write><data>\xa5Z\x0c\x00\x08\x00\x00\x00\x00\x00\x00\x00\xa5\x01\x00\x00</data></write>
    <read><length>36</length><match><data>\xa5Z\x0a\x01\x01\x00\x08\x00\x18\x00\x00\x00\x0a\x01\x00\x00\xaf\x00\x00\x00K\x00\x00\x00\x01\x00\x00\x00\x00\x00\x00\x00\x00\x00\x00\x00</data></match></read>
    <write><data>\xa5Z\x10\x00\x05\xdb\x00\x00\x00\x00\x00\x00\x00\x00\x00\x00\xc4\x06\x00\x00</data></write>
    <read><length>12</length><match><data>\xa5Z\x0a\x01\x00\x00\x05\x00\x00\x00\x00\x00</data></match></read>
    <write><data>\xa5Z\x08\x00\x01\x00\x01\x00\x7d\x01\x00\x00</data></write>
    <read><length>12</length><match><data>\xa5Z\x0a\x01\x00\x00\x00\x00\x00\x00\x00\x00</data></match></read>
    <write><data>\xa5Z\x5c\x00\x06\x00\x07\x00\x00\x00\x00\x00\x09\x00\x00\x00\xd7\x00\x00\x00\x00\x00\x00\x00\x09\x00\x00\x003\x01\x00\x00\x00\x00\x00\x00\x09\x00\x00\x00\xb4\x00\x00\x00\x00\x00\x00\x00\x09\x00\x00\x00\x1c\x01\x00\x00\x00\x00\x00\x00\x09\x00\x00\x00Y\x01\x00\x00\x01\x00\x00\x00\xdb\x16\x00\x00\xb3\x00\x00\x00\x01\x00\x00\x00\x14\x12\x00\x00S\x01\x00\x00\x3b\xfc\x00\x00</data></write>
    <read><length>12</length><match><data>\xa5Z\x0a\x01\x00\x00\x00\x00\x00\x00\x00\x00</data></match></read>
    <write><data>\xa5Z8\x00\x06\x00\x04\x00\x01\x00\x00\x00\x817\x00\x00\xaf\x00\x00\x00\x00\x00\x00\x00\x09\x00\x00\x00\xe5\x00\x00\x00\x01\x00\x00\x00\xc1\x24\x00\x00\xde\x00\x00\x00\x00\x00\x00\x00\x09\x00\x00\x00\xb8\x00\x00\x00\x01\x9f\x00\x00</data></write>
    <read><length>12</length><match><data>\xa5Z\x0a\x01\x00\x00\x00\x00\x00\x00\x00\x00</data></match></read>
    <write><data>\xa5Z\x08\x00\x01\x00\x01\x00\x7d\x01\x00\x00</data></write>
    <read><length>12</length><match><data>\xa5Z\x0a\x01\x00\x00\x00\x00\x00\x00\x00\x00</data></match></read>
    <write><data>\xa5Z\x08\x00\x05\x00\x00\x00\x8a\x01\x00\x00</data></write>
    <read><length>12</length><match><data>\xa5Z\x0a\x01\x00\x00\x00\x00\x00\x00\x00\x00</data></match></read>
    <write><data>\xa5Z\x08\x00\x05\x00\x00\x00\x8a\x01\x00\x00</data></write>
    <read><length>12</length><match><data>\xa5Z\x0a\x01\x00\x00\x00\x00\x00\x00\x00\x00</data></match></read>
    <write><data>\xa5Z\x08\x00\x07\x00\x00\x00\x94\x01\x00\x00</data></write>
    <read><length>60</length><match><data>\xa5Z\x0a\x01\x01\x00\x07\x000\x00\x00\x00\x01\x00\x00\x00\x817\x00\x00\xaf\x00\x00\x00\x00\x00\x00\x00\x09\x00\x00\x00\xe5\x00\x00\x00\x01\x00\x00\x00\xc1\x24\x00\x00\xde\x00\x00\x00\x00\x00\x00\x00\x09\x00\x00\x00\xb8\x00\x00\x00</data></match></read>
    <write><data>\xa5Z\x14\x00\x03\x00\x09\x00\x28\x23\x00\x00\xc4\x22\x00\x00K\x00\x00\x00t\x15\x00\x00</data></write>
    <read><length>12</length><match><data>\xa5Z\x0a\x01\x00\x00\x07\x00\x00\x00\x00\x00</data></match></read>
    <write><data>\xa5Z\x08\x00\x07\x00\x00\x00\x94\x01\x00\x00</data></write>
    <read><length>60</length><match><data>\xa5Z\x0a\x01\x01\x00\x07\x000\x00\x00\x00\x01\x00\x00\x00\x817\x00\x00\xaf\x00\x00\x00\x00\x00\x00\x00\x09\x00\x00\x00\xe5\x00\x00\x00\x01\x00\x00\x00\xc1\x24\x00\x00\xde\x00\x00\x00\x00\x00\x00\x00\x09\x00\x00\x00\xb8\x00\x00\x00</data></match></read>
    <write><data>\xa5Z\x08\x00\x04\x00\x06\x00\xaf\x01\x00\x00</data></write>
    <read><length>12</length><match><data>\xa5Z\x0a\x01\x00\x00\x06\x00\x00\x00\x00\x00</data></match></read>
    <write><data>\xa5Z\x08\x00\x01\x00\x01\x00\x7d\x01\x00\x00</data></write>
    <read><length>12</length><match><data>\xa5Z\x0a\x01\x00\x00\x00\x00\x00\x00\x00\x00</data></match></read>
    <write><data>\xa5Z\x08\x00\x0b\x00\x00\x00\xa8\x01\x00\x00</data></write>
    <read><length>28</length><match><data>\xa5Z\x0a\x01\x01\x00\x0b\x00\x10\x00\x00\x00\x09\x00\x00\x00\x28\x23\x00\x00\x14\x1e\x00\x00K\x00\x00\x00</data></match></read>
    <write><data>\xa5ZD\x00\x06\x00\x05\x00\x01\x00\x00\x00\x83\x17\x00\x003\x01\x00\x00\x01\x00\x00\x00W\x14\x00\x00\xfa\x00\x00\x00\x00\x00\x00\x00\x09\x00\x00\x00\x29\x01\x00\x00\x00\x00\x00\x00\x09\x00\x00\x00\x2f\x01\x00\x00\x00\x00\x00\x00\x09\x00\x00\x00J\x01\x00\x00\x9e\x5d\x00\x00</data></write>
    <read><length>12</length><match><data>\xa5Z\x0a\x01\x00\x00\x00\x00\x00\x00\x00\x00</data></match></read>
    <write><data>\xa5Z\x08\x00\x0b\x00\x00\x00\xa8\x01\x00\x00</data></write>
    <read><length>28</length><match><data>\xa5Z\x0a\x01\x01\x00\x0b\x00\x10\x00\x00\x00\x09\x00\x00\x00\x28\x23\x00\x00\x14\x1e\x00\x00K\x00\x00\x00</data></match></read>
    <write><data>\xa5Z\x08\x00\x02\x00\x7b\x01\xe0\x04\x00\x00</data></write>
    <read><length>12</length><match><data>\xa5Z\x0a\x01\x00\x00\x01\x00\x00\x00\x00\x00</data></match></read>
    <write><data>\xa5Z\x14\x00\x03\x00\x0c\x00\xe0.\x00\x00 \x03\x00\x00K\x00\x00\x00i\x12\x00\x00</data></write>
    <read><length>12</length><match><data>\xa5Z\x0a\x01\x00\x00\x00\x00\x00\x00\x00\x00</data></match></read>
    <write><data>\xa5Z\x08\x00\x07\x00\x00\x00\x94\x01\x00\x00</data></write>
    <read><length>72</length><match><data>\xa5Z\x0a\x01\x01\x00\x07\x00\x3c\x00\x00\x00\x01\x00\x00\x00\x83\x17\x00\x003\x01\x00\x00\x01\x00\x00\x00W\x14\x00\x00\xfa\x00\x00\x00\x00\x00\x00\x00\x09\x00\x00\x00\x29\x01\x00\x00\x00\x00\x00\x00\x09\x00\x00\x00\x2f\x01\x00\x00\x00\x00\x00\x00\x09\x00\x00\x00J\x01\x00\x00</data></match></read>
    <write><data>\xa5Z\x08\x00\x05\x00\x00\x00\x8a\x01\x00\x00</data></write>
    <read><length>12</length><match><data>\xa5Z\x0a\x01\x00\x00\x00\x00\x00\x00\x00\x00</data></match></read>
    <write><data>\xa5Z\x08\x00\x07\x00\x00\x00\x94\x01\x00\x00</data></write>
    <read><length>72</length><match><data>\xa5Z\x0a\x01\x01\x00\x07\x00\x3c\x00\x00\x00\x01\x00\x00\x00\x83\x17\x00\x003\x01\x00\x00\x01\x00\x00\x00W\x14\x00\x00\xfa\x00\x00\x00\x00\x00\x00\x00\x09\x00\x00\x00\x29\x01\x00\x00\x00\x00\x00\x00\x09\x00\x00\x00\x2f\x01\x00\x00\x00\x00\x00\x00\x09\x00\x00\x00J\x01\x00\x00</data></match></read>
    <write><data>\xa5Z \x00\x06\x00\x02\x00\x01\x00\x00\x00\xf23\x00\x00\xc6\x00\x00\x00\x01\x00\x00\x00\xec\x2d\x00\x00\x24\x01\x00\x00\x0d\x3e\x00\x00</data></write>
    <read><length>12</length><match><data>\xa5Z\x0a\x01\x00\x00\x00\x00\x00\x00\x00\x00</data></match></read>
    <write><data>\xa5Z\x08\x00\x0b\x00\x00\x00\xa8\x01\x00\x00</data></write>
    <read><length>44</length><match><data>\xa5Z\x0a\x01\x01\x00\x0b\x00 \x00\x00\x00\x09\x00\x00\x00\x28\x23\x00\x00\x14\x1e\x00\x00K\x00\x00\x00\x0c\x00\x00\x00\xe0.\x00\x00 \x03\x00\x00K\x00\x00\x00</data></match></read>
    <write><data>\xa5Z\x14\x00\x03\x00\x01\x00\xe8\x03\x00\x00d\x19\x00\x00K\x00\x00\x00\x5e\x15\x00\x00</data></write>
    <read><length>12</length><match><data>\xa5Z\x0a\x01\x00\x00\x00\x00\x00\x00\x00\x00</data></match></read>
    <write><data>\xa5Z\x08\x00\x0b\x00\x00\x00\xa8\x01\x00\x00</data></write>
    <read><length>60</length><match><data>\xa5Z\x0a\x01\x01\x00\x0b\x000\x00\x00\x00\x09\x00\x00\x00\x28\x23\x00\x00\x14\x1e\x00\x00K\x00\x00\x00\x0c\x00\x00\x00\xe0.\x00\x00 \x03\x00\x00K\x00\x00\x00\x01\x00\x00\x00\xe8\x03\x00\x00d\x19\x00\x00K\x00\x00\x00</data></match></read>
    <write><data>\xa5Z\x08\x00\x0b\x00\x00\x00\xa8\x01\x00\x00</data></write>
    <read><length>60</length><match><data>\xa5Z\x0a\x01\x01\x00\x0b\x000\x00\x00\x00\x09\x00\x00\x00\x28\x23\x00\x00\x14\x1e\x00\x00K\x00\x00\x00\x0c\x00\x00\x00\xe0.\x00\x00 \x03\x00\x00K\x00\x00\x00\x01\x00\x00\x00\xe8\x03\x00\x00d\x19\x00\x00K\x00\x00\x00</data></match></read>
    <write><data>\xa5Z\x08\x00\x09\x00\xae\x00\x60\x06\x00\x00</data></write>
    <read><length>12</length><match><data>\xa5Z\x0a\x01\x00\x00\x09\x00\xae\x00\x00\x00</data></match></read>
    <write><data>\xa5Z\x08\x00\x02\x002\x01\xe1\x02\x00\x00</data></write>
    <read><length>12</length><match><data>\xa5Z\x0a\x01\x00\x00\x00\x00\x00\x00\x00\x00</data></match></read>
    <write><data>\xa5Z\x14\x00\x03\x00\x01\x00\xe8\x03\x00\x00\xf4\x1a\x00\x00K\x00\x00\x00\xbc\x1c\x00\x00</data></write>
    <read><length>12</length><match><data>\xa5Z\x0a\x01\x00\x00\x07\x00\x00\x00\x00\x00</data></match></read>
    <write><data>\xa5Z\x08\x00\x01\x00\x01\x00\x7d\x01\x00\x00</data></write>
    <read><length>12</length><match><data>\xa5Z\x0a\x01\x00\x00\x00\x00\x00\x00\x00\x00</data></match></read>
    <write><data>\xa5Z\x0c\x00\x08\x00\x00\x00\x00\x00\x00\x00\xa5\x01\x00\x00</data></write>
    <read><length>36</length><match><data>\xa5Z\x0a\x01\x01\x00\x08\x00\x18\x00\x00\x00\x0a\x01\x00\x002\x01\x00\x00K\x00\x00\x00\x01\x00\x00\x00\x00\x00\x00\x00\x00\x00\x00\x00</data></match></read>
    <write><data>\xa5Z\x08\x00\x05\x00\x00\x00\x8a\x01\x00\x00</data></write>
    <read><length>12</length><match><data>\xa5Z\x0a\x01\x00\x00\x00\x00\x00\x00\x00\x00</data></match></read>
    <write><data>\xa5Z\x10\x00\xaf\xee\x00\x00\x00\x00\x00\x00\x00\x00\x00\x00\x88\x0a\x00\x00</data></write>
    <read><length>12</length><match><data>\xa5Z\x0a\x01\x00\x00\x05\x00\x00\x00\x00\x00</data></match></read>
    <write><data>\xa5Z\x08\x00\x04\x00\x02\x00\x93\x01\x00\x00</data></write>
    <read><length>12</length><match><data>\xa5Z\x0a\x01\x00\x00\x06\x00\x00\x00\x00\x00</data></match></read>
    <write><data>\xa5Z\x0c\x00\xff\x00\x00\x00\x00\x00\x00\x00x\x06\x00\x00</data></write>
</replay>
</pov>