<?xml version="1.0" standalone="no" ?>
<!DOCTYPE pov SYSTEM "/usr/share/cgc-docs/replay.dtd">
<pov>
<cbid>service</cbid>
<seed>85e40a3dd0ad4c492ca3854ac21e89f2e423900f09bf8f5ed546d96da93fe7b40462e160478222dd2b9d63cf8c792a6e</seed>
<replay>
    <delay>50</delay>
    <read><length>13</length><match><data>\x05\x00\x00\x00\xc61\xd4\x06\x17Y\xbdI\x02</data></match></read>
    <read><length>3</length></read>
    <read><length>8</length><match><data>\x00\x00\x00\x00\x00\x00\x00\x00</data></match></read>
    <write><data>\x05\x00\x00\x00\xed\xba\x8c\x98\xbc\xc1\xa0\xe3\x02\x18\xf4\xc9\x00\x00\x00\x00\x00\x00\x00\x00</data></write>
    <read><length>13</length><match><data>\x03\x00\x00\x00\x00\x00\x00\x00\x00\x00\x00\x00\x02</data></match></read>
    <read><length>3</length></read>
    <read><length>8</length><match><data>y\x86\xc3o\xfd\x07\x08z</data></match></read>
    <write><data>\x03\x00\x00\x00\x00\x00\x00\x00\x00\x00\x00\x00\x02\x92\xf9\xd2\x9b\x9b\x8aw\x187S\x1e</data></write>
    <read><length>13</length><match><data>\x05\x00\x00\x00kXj\x1bV\x875\x24\x02</data></match></read>
    <read><length>3</length></read>
    <read><length>8</length><match><data>\x00\x00\x00\x00\x00\x00\x00\x00</data></match></read>
    <write><data>\x05\x00\x00\x00kXj\x1bV\x875\x24\x02\xb5\x911\x00\x00\x00\x00\x00\x00\x00\x00</data></write>
    <read><length>13</length><match><data>\x03\x00\x00\x00\x00\x00\x00\x00\x00\x00\x00\x00\x02</data></match></read>
    <read><length>3</length></read>
    <read><length>8</length><match><data>\x3c\x15\xc5V\x3e\x9f\xe7\xae</data></match></read>
    <write><data>\x03\x00\x00\x00\x00\x00\x00\x00\x00\x00\x00\x00\x02\xe1\xfbv\x3c\x15\xc5V\x3e\x9f\xe7\xae</data></write>
    <read><length>13</length><match><data>\x05\x00\x00\x00\x1d\xa6\x00NlRmf\x02</data></match></read>
    <read><length>3</length></read>
    <read><length>8</length><match><data>\x00\x00\x00\x00\x00\x00\x00\x00</data></match></read>
    <write><data>\x05\x00\x00\x00\x1e\xc3\x0a!\xc6w\x1d\x98\x03\xd4\x03\x96\x00\x00\x00\x00\x00\x00\x00\x00</data></write>
    <read><length>13</length><match><data>\x03\x00\x00\x00\x00\x00\x00\x00\x00\x00\x00\x00\x03</data></match></read>
    <read><length>3</length></read>
    <read><length>8</length><match><data>\x17\xcb\xf38\xa7\x19\x86\xcb</data></match></read>
    <write><data>\x03\x00\x00\x00\x00\x00\x00\x00\x00\x00\x00\x00\x02\x0db\x94\xcbv\xe5\x93\x02\xfcZ\xb9</data></write>
    <read><length>13</length><match><data>\x05\x00\x00\x00\xf5h\xce\xa0\x038\x01S\x02</data></match></read>
    <read><length>3</length></read>
    <read><length>8</length><match><data>\x00\x00\x00\x00\x00\x00\x00\x00</data></match></read>
    <write><data>\x05\x00\x00\x00\x2c7J\x14f\x09\xd9\x2a\x03\xe6\xd20\x00\x00\x00\x00\x00\x00\x00\x00</data></write>
    <read><length>13</length><match><data>\x03\x00\x00\x00\x00\x00\x00\x00\x00\x00\x00\x00\x03</data></match></read>
    <read><length>3</length></read>
    <read><length>8</length><match><data>\x17\xcb\xf38\xa7\x19\x86\xcb</data></match></read>
    <write><data>\x03\x00\x00\x00\x00\x00\x00\x00\x00\x00\x00\x00\x02\xe7\x7f\x87J\xb8\x12\x8e\x1f\xf8J\xad</data></write>
    <read><length>24</length></read>
    <write><data>\xef\xbe\xad\xde\x7f\x13X\x5b\x93\xb0\x9b\x01\xdc\xa9\xe2J\x25\x89i\x23\xfd\x28\x3d\x2f</data></write>
</replay>
</pov>