<?xml version="1.0" standalone="no" ?>
<!DOCTYPE pov SYSTEM "/usr/share/cgc-docs/replay.dtd">
<pov>
<cbid>service</cbid>
<seed>1dc0731ba5f2c3d1127016a3704dee5968836a6584d67780fdfa1f6598d93413c5f880bf31e7ac69fb1e699fc8861f79</seed>
<replay>
    <delay>50</delay>
    <read><length>13</length><match><data>\x05\x00\x00\x00\x10\x07\x2dcM\xc5\x17\xa4\x01</data></match></read>
    <read><length>3</length></read>
    <read><length>8</length><match><data>\x00\x00\x00\x00\x00\x00\x00\x00</data></match></read>
    <write><data>\x05\x00\x00\x00\xc3JM\xdc\x16\xe7\xb1\xe1\x037\x10\xb5\x00\x00\x00\x00\x00\x00\x00\x00</data></write>
    <read><length>13</length><match><data>\x03\x00\x00\x00\x00\x00\x00\x00\x00\x00\x00\x00\x03</data></match></read>
    <read><length>3</length></read>
    <read><length>8</length><match><data>\xd4\x8cx3:\x22h\xd5</data></match></read>
    <write><data>\x03\x00\x00\x00\x00\x00\x00\x00\x00\x00\x00\x00\x01\xa1\xe6\x5fP\x2dD\xaa\xd0a\xc47</data></write>
    <read><length>13</length><match><data>\x05\x00\x00\x00\xd0\x92M\x8f\xe11N\xf7\x02</data></match></read>
    <read><length>3</length></read>
    <read><length>8</length><match><data>\x00\x00\x00\x00\x00\x00\x00\x00</data></match></read>
    <write><data>\x05\x00\x00\x00\xd0\x92M\x8f\xe11N\xf7\x02\xabla\x00\x00\x00\x00\x00\x00\x00\x00</data></write>
    <read><length>13</length><match><data>\x03\x00\x00\x00\x00\x00\x00\x00\x00\x00\x00\x00\x02</data></match></read>
    <read><length>3</length></read>
    <read><length>8</length><match><data>\xfe\x81\xcb\xc5\xd2\x8f\x8a\xd6</data></match></read>
    <write><data>\x03\x00\x00\x00\x00\x00\x00\x00\x00\x00\x00\x00\x02\x0e6\x0c\xfe\x81\xcb\xc5\xd2\x8f\x8a\xd6</data></write>
    <read><length>24</length></read>
    <write><data>\xef\xbe\xad\xdei\x95\xed\xb7\x10\x9c\xaf9\xd6\x05\xa4\xa5\x24\x9f\xb6\xc7\x005\x3c\xfd</data></write>
</replay>
</pov>