<?xml version="1.0" standalone="no" ?>
<!DOCTYPE pov SYSTEM "/usr/share/cgc-docs/replay.dtd">
<pov>
<cbid>service</cbid>
<seed>0eaeb33fcfc344d8fb4a38102c09153d3032dd035393e415efa529c90308df228c18d12b5927074de970cb36cf8db176</seed>
<replay>
    <delay>50</delay>
    <read><length>13</length><match><data>\x05\x00\x00\x00\x9eN\xe9\xc6\xa51N\x2b\x02</data></match></read>
    <read><length>3</length></read>
    <read><length>8</length><match><data>\x00\x00\x00\x00\x00\x00\x00\x00</data></match></read>
    <write><data>\x05\x00\x00\x00\xb71\xe6\x13\xd3\xa2d\x1e\x01\x8at\x88\x00\x00\x00\x00\x00\x00\x00\x00</data></write>
    <read><length>13</length><match><data>\x03\x00\x00\x00\x00\x00\x00\x00\x00\x00\x00\x00\x01</data></match></read>
    <read><length>3</length></read>
    <read><length>8</length><match><data>94\x1d\x93\xc4A2\xe1</data></match></read>
    <write><data>\x03\x00\x00\x00\x00\x00\x00\x00\x00\x00\x00\x00\x02\x2a\x0cYo\xd1\xfa\xe3\x02\x0e\xa6\xf4</data></write>
    <read><length>13</length><match><data>\x05\x00\x00\x00\xb8\x9f\xc8\x87p\x0c\x60\xfd\x01</data></match></read>
    <read><length>3</length></read>
    <read><length>8</length><match><data>\x00\x00\x00\x00\x00\x00\x00\x00</data></match></read>
    <write><data>\x05\x00\x00\x00\xb8\x9f\xc8\x87p\x0c\x60\xfd\x01MP\xdf\x00\x00\x00\x00\x00\x00\x00\x00</data></write>
    <read><length>13</length><match><data>\x03\x00\x00\x00\x00\x00\x00\x00\x00\x00\x00\x00\x01</data></match></read>
    <read><length>3</length></read>
    <read><length>8</length><match><data>\x81\xf9YHW?3\xbc</data></match></read>
    <write><data>\x03\x00\x00\x00\x00\x00\x00\x00\x00\x00\x00\x00\x01n\x19\xab\x81\xf9YHW?3\xbc</data></write>
    <read><length>13</length><match><data>\x05\x00\x00\x00\xa2 \xce\x0a\xfa\x9e\x29v\x02</data></match></read>
    <read><length>3</length></read>
    <read><length>8</length><match><data>\x00\x00\x00\x00\x00\x00\x00\x00</data></match></read>
    <write><data>\x05\x00\x00\x00\x1a\xce\x18\x91\xeaL\x5e\xfd\x02\xb7\xca.\x00\x00\x00\x00\x00\x00\x00\x00</data></write>
    <read><length>13</length><match><data>\x03\x00\x00\x00\x00\x00\x00\x00\x00\x00\x00\x00\x02</data></match></read>
    <read><length>3</length></read>
    <read><length>8</length><match><data>\x264j\xb1\xd20\xe6\xe7</data></match></read>
    <write><data>\x03\x00\x00\x00\x00\x00\x00\x00\x00\x00\x00\x00\x02\xfc\xc37\xbeu\xe9\x3c\x1c\xa1\x7f\x04</data></write>
    <read><length>13</length><match><data>\x05\x00\x00\x00\xcb\xc8\xdd\xb8\xbf\xb5E\x83\x01</data></match></read>
    <read><length>3</length></read>
    <read><length>8</length><match><data>\x00\x00\x00\x00\x00\x00\x00\x00</data></match></read>
    <write><data>\x05\x00\x00\x00\xcb\xc8\xdd\xb8\xbf\xb5E\x83\x01\x40\x8b\xf2\x00\x00\x00\x00\x00\x00\x00\x00</data></write>
    <read><length>13</length><match><data>\x03\x00\x00\x00\x00\x00\x00\x00\x00\x00\x00\x00\x01</data></match></read>
    <read><length>3</length></read>
    <read><length>8</length><match><data>\xab\xc1\xbfV\x82\x23\x08\x1a</data></match></read>
    <write><data>\x03\x00\x00\x00\x00\x00\x00\x00\x00\x00\x00\x00\x01\x8b\xa0\xcc\xab\xc1\xbfV\x82\x23\x08\x1a</data></write>
    <read><length>13</length><match><data>\x05\x00\x00\x00\xc6g\xf6\xb5\xd4\xe6.\xee\x01</data></match></read>
    <read><length>3</length></read>
    <read><length>8</length><match><data>\x00\x00\x00\x00\x00\x00\x00\x00</data></match></read>
    <write><data>\x05\x00\x00\x00\xc6g\xf6\xb5\xd4\xe6.\xee\x01\x7f\x5f\x3b\x00\x00\x00\x00\x00\x00\x00\x00</data></write>
    <read><length>13</length><match><data>\x03\x00\x00\x00\x00\x00\x00\x00\x00\x00\x00\x00\x01</data></match></read>
    <read><length>3</length></read>
    <read><length>8</length><match><data>\xcf\x3c\x8b\xcc\xc2\xe7\xcf\x91</data></match></read>
    <write><data>\x03\x00\x00\x00\x00\x00\x00\x00\x00\x00\x00\x00\x01\x86\xf4\x0c\xcf\x3c\x8b\xcc\xc2\xe7\xcf\x91</data></write>
    <read><length>13</length><match><data>\x05\x00\x00\x007\x86\x8c\x84e\xbc\x18r\x03</data></match></read>
    <read><length>3</length></read>
    <read><length>8</length><match><data>\x00\x00\x00\x00\x00\x00\x00\x00</data></match></read>
    <write><data>\x05\x00\x00\x007\x86\x8c\x84e\xbc\x18r\x03\x09\xc8k\x00\x00\x00\x00\x00\x00\x00\x00</data></write>
    <read><length>13</length><match><data>\x03\x00\x00\x00\x00\x00\x00\x00\x00\x00\x00\x00\x03</data></match></read>
    <read><length>3</length></read>
    <read><length>8</length><match><data>4\xca\xef\xbe\x1c\xad\x8f\x8f</data></match></read>
    <write><data>\x03\x00\x00\x00\x00\x00\x00\x00\x00\x00\x00\x00\x03TF:4\xca\xef\xbe\x1c\xad\x8f\x8f</data></write>
    <read><length>13</length><match><data>\x05\x00\x00\x00\xb5\xf6\x81\x27\x9f\x8f\xf0\xea\x02</data></match></read>
    <read><length>3</length></read>
    <read><length>8</length><match><data>\x00\x00\x00\x00\x00\x00\x00\x00</data></match></read>
    <write><data>\x05\x00\x00\x00\xb5\xf6\x81\x27\x9f\x8f\xf0\xea\x02yA\xce\x00\x00\x00\x00\x00\x00\x00\x00</data></write>
    <read><length>13</length><match><data>\x03\x00\x00\x00\x00\x00\x00\x00\x00\x00\x00\x00\x02</data></match></read>
    <read><length>3</length></read>
    <read><length>8</length><match><data>Q\x10O\xa33\xf4\x80\xf9</data></match></read>
    <write><data>\x03\x00\x00\x00\x00\x00\x00\x00\x00\x00\x00\x00\x02\x93\x1f\xbeQ\x10O\xa33\xf4\x80\xf9</data></write>
    <read><length>13</length><match><data>\x05\x00\x00\x00\xaa\x9d\xe2\xe7\x89\xb3:i\x00</data></match></read>
    <read><length>3</length></read>
    <read><length>8</length><match><data>\x00\x00\x00\x00\x00\x00\x00\x00</data></match></read>
    <write><data>\x05\x00\x00\x00\xaa\x9d\xe2\xe7\x89\xb3:i\x00.\x83\xb4\x00\x00\x00\x00\x00\x00\x00\x00</data></write>
    <read><length>13</length><match><data>\x03\x00\x00\x00\x00\x00\x00\x00\x00\x00\x00\x00\x00</data></match></read>
    <read><length>3</length></read>
    <read><length>8</length><match><data>\x02n\xc9I59\x5c\xce</data></match></read>
    <write><data>\x03\x00\x00\x00\x00\x00\x00\x00\x00\x00\x00\x00\x00f\xc1\x5b\x02n\xc9I59\x5c\xce</data></write>
    <read><length>13</length><match><data>\x05\x00\x00\x00\xf6\xf4\xfdT\x86w\xfd\x2c\x03</data></match></read>
    <read><length>3</length></read>
    <read><length>8</length><match><data>\x00\x00\x00\x00\x00\x00\x00\x00</data></match></read>
    <write><data>\x05\x00\x00\x00\x95\x0b\x0d\xc4\xbb\xb4\x91\xb6\x03\x8a\x1f\xe1\x00\x00\x00\x00\x00\x00\x00\x00</data></write>
    <read><length>13</length><match><data>\x03\x00\x00\x00\x00\x00\x00\x00\x00\x00\x00\x00\x03</data></match></read>
    <read><length>3</length></read>
    <read><length>8</length><match><data>4\xca\xef\xbe\x1c\xad\x8f\x8f</data></match></read>
    <write><data>\x03\x00\x00\x00\x00\x00\x00\x00\x00\x00\x00\x00\x03l\xfb\x854\xca\xef\xbe\x1c\xad\x8f\x8f</data></write>
    <read><length>13</length><match><data>\x05\x00\x00\x00\x5c\xf7\xb2\x196i\x1e\xdd\x01</data></match></read>
    <read><length>3</length></read>
    <read><length>8</length><match><data>\x00\x00\x00\x00\x00\x00\x00\x00</data></match></read>
    <write><data>\x05\x00\x00\x00\x5c\xf7\xb2\x196i\x1e\xdd\x01\xa1\xfc\xad\x00\x00\x00\x00\x00\x00\x00\x00</data></write>
    <read><length>13</length><match><data>\x03\x00\x00\x00\x00\x00\x00\x00\x00\x00\x00\x00\x01</data></match></read>
    <read><length>3</length></read>
    <read><length>8</length><match><data>\x8e\xe6o\x92\x11\xf4g\x14</data></match></read>
    <write><data>\x03\x00\x00\x00\x00\x00\x00\x00\x00\x00\x00\x00\x01l\x99\x5c\x8e\xe6o\x92\x11\xf4g\x14</data></write>
    <read><length>13</length><match><data>\x05\x00\x00\x00K\x11\x8d\xd8j\xf9\xb0\xb3\x02</data></match></read>
    <read><length>3</length></read>
    <read><length>8</length><match><data>\x00\x00\x00\x00\x00\x00\x00\x00</data></match></read>
    <write><data>\x05\x00\x00\x00K\x11\x8d\xd8j\xf9\xb0\xb3\x02E6\x93\x00\x00\x00\x00\x00\x00\x00\x00</data></write>
    <read><length>13</length><match><data>\x03\x00\x00\x00\x00\x00\x00\x00\x00\x00\x00\x00\x02</data></match></read>
    <read><length>3</length></read>
    <read><length>8</length><match><data>\x19d\xbe\x16\x5bA\xd8k</data></match></read>
    <write><data>\x03\x00\x00\x00\x00\x00\x00\x00\x00\x00\x00\x00\x02\xd9\x1cb\x19d\xbe\x16\x5bA\xd8k</data></write>
    <read><length>13</length><match><data>\x05\x00\x00\x006\xe6\x7b\xcf\xa0\xb8\xbe\xea\x03</data></match></read>
    <read><length>3</length></read>
    <read><length>8</length><match><data>\x00\x00\x00\x00\x00\x00\x00\x00</data></match></read>
    <write><data>\x05\x00\x00\x002!\xd3\xc7M\xe7oT\x03O\x24\xa0\x00\x00\x00\x00\x00\x00\x00\x00</data></write>
    <read><length>13</length><match><data>\x03\x00\x00\x00\x00\x00\x00\x00\x00\x00\x00\x00\x03</data></match></read>
    <read><length>3</length></read>
    <read><length>8</length><match><data>\xe4\x7d\xb1\xcd\x23\x1d\xe6\x1d</data></match></read>
    <write><data>\x03\x00\x00\x00\x00\x00\x00\x00\x00\x00\x00\x00\x037\x8c\x40\x15V\xe92\x8bQ\x26\xb4</data></write>
    <read><length>24</length></read>
    <write><data>\xef\xbe\xad\xde\x17\xef\x1d\xc9\xc8x\xd6\x5c\x9d\x8cs\xe5\x8c\x2d\x26\xe5\x95\xb23G</data></write>
</replay>
</pov>