<?xml version="1.0" standalone="no" ?>
<!DOCTYPE pov SYSTEM "/usr/share/cgc-docs/replay.dtd">
<pov>
<cbid>service</cbid>
<seed>623568e9e38a36a5fc5b7369456fa88266a30e0f7fc718b9d56c522d8537c3521c3c0d98846d6e090a265afb8d1a7bbe</seed>
<replay>
    <delay>50</delay>
    <read><length>13</length><match><data>\x05\x00\x00\x00\x2dzz\x3e\xc4\xeb\x93\x04\x01</data></match></read>
    <read><length>3</length></read>
    <read><length>8</length><match><data>\x00\x00\x00\x00\x00\x00\x00\x00</data></match></read>
    <write><data>\x05\x00\x00\x00\xd8YUJ\x92\xdd3\xaa\x03o\x0e\x22\x00\x00\x00\x00\x00\x00\x00\x00</data></write>
    <read><length>13</length><match><data>\x03\x00\x00\x00\x00\x00\x00\x00\x00\x00\x00\x00\x03</data></match></read>
    <read><length>3</length></read>
    <read><length>8</length><match><data>\xcfd\x2feZ\xecV\x8d</data></match></read>
    <write><data>\x03\x00\x00\x00\x00\x00\x00\x00\x00\x00\x00\x00\x01hJ\x3d\xa0\xc3\x99o\xa9\xd9u\xd5</data></write>
    <read><length>13</length><match><data>\x05\x00\x00\x00\x2f\x40\xc3\x99\x91\x24\xc5\x5e\x00</data></match></read>
    <read><length>3</length></read>
    <read><length>8</length><match><data>\x00\x00\x00\x00\x00\x00\x00\x00</data></match></read>
    <write><data>\x05\x00\x00\x00\x2f\x40\xc3\x99\x91\x24\xc5\x5e\x00\xda\xab\x2f\x00\x00\x00\x00\x00\x00\x00\x00</data></write>
    <read><length>13</length><match><data>\x03\x00\x00\x00\x00\x00\x00\x00\x00\x00\x00\x00\x00</data></match></read>
    <read><length>3</length></read>
    <read><length>8</length><match><data>\x60\x29\xb4\xc7\x2f\xcceL</data></match></read>
    <write><data>\x03\x00\x00\x00\x00\x00\x00\x00\x00\x00\x00\x00\x00\xa6U\xf5\x60\x29\xb4\xc7\x2f\xcceL</data></write>
    <read><length>13</length><match><data>\x05\x00\x00\x003\x5c\xc1F\xcf\xfb\xd4\x82\x02</data></match></read>
    <read><length>3</length></read>
    <read><length>8</length><match><data>\x00\x00\x00\x00\x00\x00\x00\x00</data></match></read>
    <write><data>\x05\x00\x00\x003\x5c\xc1F\xcf\xfb\xd4\x82\x02\x81\x5bc\x00\x00\x00\x00\x00\x00\x00\x00</data></write>
    <read><length>13</length><match><data>\x03\x00\x00\x00\x00\x00\x00\x00\x00\x00\x00\x00\x02</data></match></read>
    <read><length>3</length></read>
    <read><length>8</length><match><data>A\x93dr\x96\x3baB</data></match></read>
    <write><data>\x03\x00\x00\x00\x00\x00\x00\x00\x00\x00\x00\x00\x02\xf0\xd5\x3dA\x93dr\x96\x3baB</data></write>
    <read><length>13</length><match><data>\x05\x00\x00\x00Z\xb4v\x18\xed\x8b\x01\x9e\x02</data></match></read>
    <read><length>3</length></read>
    <read><length>8</length><match><data>\x00\x00\x00\x00\x00\x00\x00\x00</data></match></read>
    <write><data>\x05\x00\x00\x00Z\xb4v\x18\xed\x8b\x01\x9e\x027 \xac\x00\x00\x00\x00\x00\x00\x00\x00</data></write>
    <read><length>13</length><match><data>\x03\x00\x00\x00\x00\x00\x00\x00\x00\x00\x00\x00\x02</data></match></read>
    <read><length>3</length></read>
    <read><length>8</length><match><data>\xea\x05\x8eM\x5d\x2b\xf1\x9c</data></match></read>
    <write><data>\x03\x00\x00\x00\x00\x00\x00\x00\x00\x00\x00\x00\x02\x3e\xc1\xa2\xea\x05\x8eM\x5d\x2b\xf1\x9c</data></write>
    <read><length>13</length><match><data>\x05\x00\x00\x00W\x1dj\xcb\xe1V\x00\x00\x01</data></match></read>
    <read><length>3</length></read>
    <read><length>8</length><match><data>\x00\x00\x00\x00\x00\x00\x00\x00</data></match></read>
    <write><data>\x05\x00\x00\x00W\x1dj\xcb\xe1V\x00\x00\x01\xd5\x2b\x27\x00\x00\x00\x00\x00\x00\x00\x00</data></write>
    <read><length>13</length><match><data>\x03\x00\x00\x00\x00\x00\x00\x00\x00\x00\x00\x00\x01</data></match></read>
    <read><length>3</length></read>
    <read><length>8</length><match><data>\x22\xba\xbd\xc1\xdf\xb4\xfb\xe4</data></match></read>
    <write><data>\x03\x00\x00\x00\x00\x00\x00\x00\x00\x00\x00\x00\x01\x8f\x9a\xc4\x22\xba\xbd\xc1\xdf\xb4\xfb\xe4</data></write>
    <read><length>13</length><match><data>\x05\x00\x00\x00\xbb\x9d\x15p\x0fV1\x5f\x03</data></match></read>
    <read><length>3</length></read>
    <read><length>8</length><match><data>\x00\x00\x00\x00\x00\x00\x00\x00</data></match></read>
    <write><data>\x05\x00\x00\x00GV\xa4\xef\x17\xe2\x1b\x93\x01Ht\x27\x00\x00\x00\x00\x00\x00\x00\x00</data></write>
    <read><length>13</length><match><data>\x03\x00\x00\x00\x00\x00\x00\x00\x00\x00\x00\x00\x01</data></match></read>
    <read><length>3</length></read>
    <read><length>8</length><match><data>\x98W\xde\xdb\x95\x1ck\x90</data></match></read>
    <write><data>\x03\x00\x00\x00\x00\x00\x00\x00\x00\x00\x00\x00\x03\x96\x3e\x93\xf2\x1d\xb3\xa6\xf9L\xf5\x29</data></write>
    <read><length>13</length><match><data>\x05\x00\x00\x00\xd5\xe1\xca\x91r\x29\x83\x9c\x00</data></match></read>
    <read><length>3</length></read>
    <read><length>8</length><match><data>\x00\x00\x00\x00\x00\x00\x00\x00</data></match></read>
    <write><data>\x05\x00\x00\x00\xa0\xd7\x1e\x9c\x28\x0b\x11c\x00APv\x00\x00\x00\x00\x00\x00\x00\x00</data></write>
    <read><length>13</length><match><data>\x03\x00\x00\x00\x00\x00\x00\x00\x00\x00\x00\x00\x00</data></match></read>
    <read><length>3</length></read>
    <read><length>8</length><match><data>f\xfdE\xe5\xccCj\x95</data></match></read>
    <write><data>\x03\x00\x00\x00\x00\x00\x00\x00\x00\x00\x00\x00\x00\xfc\x11s\xa8\xc0o\x15\xa0K\xc7\x98</data></write>
    <read><length>24</length></read>
    <write><data>\xef\xbe\xad\xdeH\xc8\xf6\x80\xe5\x2a\xaf\x8c\x97\x0cc\x90h\xf7\x11\xf2\xa5\xff\xed4</data></write>
</replay>
</pov>