<?xml version="1.0" standalone="no" ?>
<!DOCTYPE pov SYSTEM "/usr/share/cgc-docs/replay.dtd">
<pov>
<cbid>service</cbid>
<seed>123a2df0966d5c6d8b236dab8b6a67059f5af28e0c1c33adcc8efde98763577ff82aa22e2f3019ef9b7e5511d0af3bc8</seed>
<replay>
    <delay>50</delay>
    <read><length>13</length><match><data>\x05\x00\x00\x00w\xf0\x1dY\xb6\xe6ZF\x02</data></match></read>
    <read><length>3</length></read>
    <read><length>8</length><match><data>\x00\x00\x00\x00\x00\x00\x00\x00</data></match></read>
    <write><data>\x05\x00\x00\x00w\xf0\x1dY\xb6\xe6ZF\x02\x0ed\x22\x00\x00\x00\x00\x00\x00\x00\x00</data></write>
    <read><length>13</length><match><data>\x03\x00\x00\x00\x00\x00\x00\x00\x00\x00\x00\x00\x02</data></match></read>
    <read><length>3</length></read>
    <read><length>8</length><match><data>\x9e\x8e\xd4\x1c\x23\xe8\x95\xcd</data></match></read>
    <write><data>\x03\x00\x00\x00\x00\x00\x00\x00\x00\x00\x00\x00\x02\x40\xcb\xfd\x9e\x8e\xd4\x1c\x23\xe8\x95\xcd</data></write>
    <read><length>13</length><match><data>\x05\x00\x00\x00\xc3\x8b\xa1\xab\xc1\xa1\xf7X\x02</data></match></read>
    <read><length>3</length></read>
    <read><length>8</length><match><data>\x00\x00\x00\x00\x00\x00\x00\x00</data></match></read>
    <write><data>\x05\x00\x00\x00\x8eR\x16\x3d\x11\x96\x03o\x00\xbf\xdb\xd5\x00\x00\x00\x00\x00\x00\x00\x00</data></write>
    <read><length>13</length><match><data>\x03\x00\x00\x00\x00\x00\x00\x00\x00\x00\x00\x00\x00</data></match></read>
    <read><length>3</length></read>
    <read><length>8</length><match><data>\x29t\xdc\x0c\xdc\x60\x9d\xeb</data></match></read>
    <write><data>\x03\x00\x00\x00\x00\x00\x00\x00\x00\x00\x00\x00\x02\x84\xc2N\xc5\xbeZ\xc3cq\xc9\x08</data></write>
    <read><length>13</length><match><data>\x05\x00\x00\x00\xa4I\xfd\x8da\x11\x5e\x84\x02</data></match></read>
    <read><length>3</length></read>
    <read><length>8</length><match><data>\x00\x00\x00\x00\x00\x00\x00\x00</data></match></read>
    <write><data>\x05\x00\x00\x00\x26\x29K\x01\x9a\xce\xb0\x0c\x01\xf5\x8c\x9d\x00\x00\x00\x00\x00\x00\x00\x00</data></write>
    <read><length>13</length><match><data>\x03\x00\x00\x00\x00\x00\x00\x00\x00\x00\x00\x00\x01</data></match></read>
    <read><length>3</length></read>
    <read><length>8</length><match><data>S\xee\xbb\x40\x5d\xbb\x7d\x14</data></match></read>
    <write><data>\x03\x00\x00\x00\x00\x00\x00\x00\x00\x00\x00\x00\x02\xc9\xdf\xe0\xf9\xad\xc8\xe0n\x2b\x19\xcb</data></write>
    <read><length>13</length><match><data>\x05\x00\x00\x00\x0b\x0e\xc4\x15\x87H\xd6\xa5\x00</data></match></read>
    <read><length>3</length></read>
    <read><length>8</length><match><data>\x00\x00\x00\x00\x00\x00\x00\x00</data></match></read>
    <write><data>\x05\x00\x00\x00\xdc\xec\xdan\x0bt\x08\x82\x03\x9b3\xc1\x00\x00\x00\x00\x00\x00\x00\x00</data></write>
    <read><length>13</length><match><data>\x03\x00\x00\x00\x00\x00\x00\x00\x00\x00\x00\x00\x03</data></match></read>
    <read><length>3</length></read>
    <read><length>8</length><match><data>\x13\xa7\xd3\x0c4 \xbac</data></match></read>
    <write><data>\x03\x00\x00\x00\x00\x00\x00\x00\x00\x00\x00\x00\x00\xf9\x05\xfaFsz\xfb\x87\x2c\x0a\xb4</data></write>
    <read><length>13</length><match><data>\x05\x00\x00\x00\xe8c\x8e\x03\x17Z\xa81\x01</data></match></read>
    <read><length>3</length></read>
    <read><length>8</length><match><data>\x00\x00\x00\x00\x00\x00\x00\x00</data></match></read>
    <write><data>\x05\x00\x00\x00\xe8c\x8e\x03\x17Z\xa81\x01\x1e\xd1\x2d\x00\x00\x00\x00\x00\x00\x00\x00</data></write>
    <read><length>13</length><match><data>\x03\x00\x00\x00\x00\x00\x00\x00\x00\x00\x00\x00\x01</data></match></read>
    <read><length>3</length></read>
    <read><length>8</length><match><data>\xfe\x0f3\xf9\x2cfB\xc8</data></match></read>
    <write><data>\x03\x00\x00\x00\x00\x00\x00\x00\x00\x00\x00\x00\x01\x1d\x09\xab\xfe\x0f3\xf9\x2cfB\xc8</data></write>
    <read><length>13</length><match><data>\x05\x00\x00\x00fm\x82c\xc0\xa6\x94q\x00</data></match></read>
    <read><length>3</length></read>
    <read><length>8</length><match><data>\x00\x00\x00\x00\x00\x00\x00\x00</data></match></read>
    <write><data>\x05\x00\x00\x00fm\x82c\xc0\xa6\x94q\x00\x1a\xdfZ\x00\x00\x00\x00\x00\x00\x00\x00</data></write>
    <read><length>13</length><match><data>\x03\x00\x00\x00\x00\x00\x00\x00\x00\x00\x00\x00\x00</data></match></read>
    <read><length>3</length></read>
    <read><length>8</length><match><data>\x5dx\xa4\x288u\x7c\xcb</data></match></read>
    <write><data>\x03\x00\x00\x00\x00\x00\x00\x00\x00\x00\x00\x00\x00\x5cW\xcb\x5dx\xa4\x288u\x7c\xcb</data></write>
    <read><length>24</length></read>
    <write><data>\xef\xbe\xad\xdeB\x19\x26\x9e\xbd\x60\xbf\x15Qop\xef\x3e\xf3W\xf0\x93\x82\x15\xd5</data></write>
</replay>
</pov>