<?xml version="1.0" standalone="no" ?>
<!DOCTYPE pov SYSTEM "/usr/share/cgc-docs/replay.dtd">
<pov>
<cbid>service</cbid>
<seed>e118fe690668ba54e6ce1ca5a3d838539161d656b6a32b6ed94cc16decbca52a89db9db394bb9d4e53d80f2df2393d09</seed>
<replay>
    <delay>50</delay>
    <read><length>13</length><match><data>\x05\x00\x00\x00\x92\x00.\xfa\xd9\xaa\xa2\xc1\x02</data></match></read>
    <read><length>3</length></read>
    <read><length>8</length><match><data>\x00\x00\x00\x00\x00\x00\x00\x00</data></match></read>
    <write><data>\x05\x00\x00\x00\xba\x9dd\x17o\xc6\x2d\x84\x03\x90\x8d\x2d\x00\x00\x00\x00\x00\x00\x00\x00</data></write>
    <read><length>13</length><match><data>\x03\x00\x00\x00\x00\x00\x00\x00\x00\x00\x00\x00\x03</data></match></read>
    <read><length>3</length></read>
    <read><length>8</length><match><data>\xcb\x5f\xa4\xbe\x07\x8f\xac\xbc</data></match></read>
    <write><data>\x03\x00\x00\x00\x00\x00\x00\x00\x00\x00\x00\x00\x02\x3dn\xcd\xc0\x28k:\xa1\x07\xba\x11</data></write>
    <read><length>13</length><match><data>\x05\x00\x00\x00!O\xb1\xaa\x1a!\xe5\xd9\x03</data></match></read>
    <read><length>3</length></read>
    <read><length>8</length><match><data>\x00\x00\x00\x00\x00\x00\x00\x00</data></match></read>
    <write><data>\x05\x00\x00\x00\x05\xe3\x82\x06\x2c\xa4NL\x01\xb7\x25\xe1\x00\x00\x00\x00\x00\x00\x00\x00</data></write>
    <read><length>13</length><match><data>\x03\x00\x00\x00\x00\x00\x00\x00\x00\x00\x00\x00\x01</data></match></read>
    <read><length>3</length></read>
    <read><length>8</length><match><data>\xab\xe3\xaft\xce\xe4\x06\xef</data></match></read>
    <write><data>\x03\x00\x00\x00\x00\x00\x00\x00\x00\x00\x00\x00\x03\xf6\xf5\x8f\xcb\x5f\xa4\xbe\x07\x8f\xac\xbc</data></write>
    <read><length>13</length><match><data>\x05\x00\x00\x00\xfe\xbb\xa8?\xca\xa2\x0f\x23\x01</data></match></read>
    <read><length>3</length></read>
    <read><length>8</length><match><data>\x00\x00\x00\x00\x00\x00\x00\x00</data></match></read>
    <write><data>\x05\x00\x00\x00\xfe\xbb\xa8?\xca\xa2\x0f\x23\x01f\xa8\x89\x00\x00\x00\x00\x00\x00\x00\x00</data></write>
    <read><length>13</length><match><data>\x03\x00\x00\x00\x00\x00\x00\x00\x00\x00\x00\x00\x01</data></match></read>
    <read><length>3</length></read>
    <read><length>8</length><match><data>\x15\xf9\x2c\x5c?\xaaX\x29</data></match></read>
    <write><data>\x03\x00\x00\x00\x00\x00\x00\x00\x00\x00\x00\x00\x015\x9b\x03\x15\xf9\x2c\x5c?\xaaX\x29</data></write>
    <read><length>24</length></read>
    <write><data>\xef\xbe\xad\xde\xe2\xca\xf06\x2cY2\x29\xb2\xad\xd9\x96\xeb\xef\xb0\xca\x95\xf4\xe3\xd0</data></write>
</replay>
</pov>