<?xml version="1.0" standalone="no" ?>
<!DOCTYPE pov SYSTEM "/usr/share/cgc-docs/replay.dtd">
<pov>
<cbid>service</cbid>
<seed>a76bf76257d9586788a7d0a85cf0ec9ba56cc2fd5ba5ba1b9c6494f2aeb005e242610505502e637f054638595b178ff7</seed>
<replay>
    <delay>50</delay>
    <read><length>13</length><match><data>\x05\x00\x00\x00:d\x03\xd1\xbfo\x80\xc0\x00</data></match></read>
    <read><length>3</length></read>
    <read><length>8</length><match><data>\x00\x00\x00\x00\x00\x00\x00\x00</data></match></read>
    <write><data>\x05\x00\x00\x00:d\x03\xd1\xbfo\x80\xc0\x001\xc5\xf2\x00\x00\x00\x00\x00\x00\x00\x00</data></write>
    <read><length>13</length><match><data>\x03\x00\x00\x00\x00\x00\x00\x00\x00\x00\x00\x00\x00</data></match></read>
    <read><length>3</length></read>
    <read><length>8</length><match><data>j\xa5\x17d\x16\xeew\x2a</data></match></read>
    <write><data>\x03\x00\x00\x00\x00\x00\x00\x00\x00\x00\x00\x00\x00\x2b\xd6\xe6j\xa5\x17d\x16\xeew\x2a</data></write>
    <read><length>13</length><match><data>\x05\x00\x00\x00\xf3TC\x5fr\x22\xf1\xb4\x03</data></match></read>
    <read><length>3</length></read>
    <read><length>8</length><match><data>\x00\x00\x00\x00\x00\x00\x00\x00</data></match></read>
    <write><data>\x05\x00\x00\x00\xf3TC\x5fr\x22\xf1\xb4\x03\x8f0\xc9\x00\x00\x00\x00\x00\x00\x00\x00</data></write>
    <read><length>13</length><match><data>\x03\x00\x00\x00\x00\x00\x00\x00\x00\x00\x00\x00\x03</data></match></read>
    <read><length>3</length></read>
    <read><length>8</length><match><data>\xe8\x7f\xee\x3eN\xe8Us</data></match></read>
    <write><data>\x03\x00\x00\x00\x00\x00\x00\x00\x00\x00\x00\x00\x03U\x23\xcf\xe8\x7f\xee\x3eN\xe8Us</data></write>
    <read><length>13</length><match><data>\x05\x00\x00\x00C\x12\x01\x2f\x97\xe2e\x8e\x03</data></match></read>
    <read><length>3</length></read>
    <read><length>8</length><match><data>\x00\x00\x00\x00\x00\x00\x00\x00</data></match></read>
    <write><data>\x05\x00\x00\x00\x00\xffE\x7b\xb3\xeb\xccG\x01\x7c\x04\xb2\x00\x00\x00\x00\x00\x00\x00\x00</data></write>
    <read><length>13</length><match><data>\x03\x00\x00\x00\x00\x00\x00\x00\x00\x00\x00\x00\x01</data></match></read>
    <read><length>3</length></read>
    <read><length>8</length><match><data>\x9f\x1e\xdf\x9e\x88G\xf49</data></match></read>
    <write><data>\x03\x00\x00\x00\x00\x00\x00\x00\x00\x00\x00\x00\x03\x3d\xad\x18\xe8\x7f\xee\x3eN\xe8Us</data></write>
    <read><length>13</length><match><data>\x05\x00\x00\x00\x7c\x1d\xe8\x9cW\xeb\x5c\xc0\x00</data></match></read>
    <read><length>3</length></read>
    <read><length>8</length><match><data>\x00\x00\x00\x00\x00\x00\x00\x00</data></match></read>
    <write><data>\x05\x00\x00\x00\x3eh\x80\xf2I\x06\x16\xa1\x03y!\xca\x00\x00\x00\x00\x00\x00\x00\x00</data></write>
    <read><length>13</length><match><data>\x03\x00\x00\x00\x00\x00\x00\x00\x00\x00\x00\x00\x03</data></match></read>
    <read><length>3</length></read>
    <read><length>8</length><match><data>\x92\xba\xddI!\xa4\x0e\x7e</data></match></read>
    <write><data>\x03\x00\x00\x00\x00\x00\x00\x00\x00\x00\x00\x00\x00\x08\x28\xac\x40\xf9nz\xe4\x7di\xdc</data></write>
    <read><length>13</length><match><data>\x05\x00\x00\x00\xd9\x8f\xe2\xae2\x84\xf8M\x01</data></match></read>
    <read><length>3</length></read>
    <read><length>8</length><match><data>\x00\x00\x00\x00\x00\x00\x00\x00</data></match></read>
    <write><data>\x05\x00\x00\x00\xd9\x8f\xe2\xae2\x84\xf8M\x01\x95\xbc\xaf\x00\x00\x00\x00\x00\x00\x00\x00</data></write>
    <read><length>13</length><match><data>\x03\x00\x00\x00\x00\x00\x00\x00\x00\x00\x00\x00\x01</data></match></read>
    <read><length>3</length></read>
    <read><length>8</length><match><data>rB\xf7\xbfmN\x09\xaa</data></match></read>
    <write><data>\x03\x00\x00\x00\x00\x00\x00\x00\x00\x00\x00\x00\x01\x9c\x5b\xa8rB\xf7\xbfmN\x09\xaa</data></write>
    <read><length>13</length><match><data>\x05\x00\x00\x00\x1739\x05\xf9\x60\x3c\xb7\x02</data></match></read>
    <read><length>3</length></read>
    <read><length>8</length><match><data>\x00\x00\x00\x00\x00\x00\x00\x00</data></match></read>
    <write><data>\x05\x00\x00\x00\xfa\xe8Q\x5d\x99\x19\xe6\x96\x01\xcas\x0d\x00\x00\x00\x00\x00\x00\x00\x00</data></write>
    <read><length>13</length><match><data>\x03\x00\x00\x00\x00\x00\x00\x00\x00\x00\x00\x00\x01</data></match></read>
    <read><length>3</length></read>
    <read><length>8</length><match><data>\xdb\xd4r\x1c\x29\x9fp\xdb</data></match></read>
    <write><data>\x03\x00\x00\x00\x00\x00\x00\x00\x00\x00\x00\x00\x02\x15E\xd5\xf6n\xe0EQ\xdea\xdc</data></write>
    <read><length>13</length><match><data>\x05\x00\x00\x00\x2bS6\xf6\x01\xeb\x05g\x01</data></match></read>
    <read><length>3</length></read>
    <read><length>8</length><match><data>\x00\x00\x00\x00\x00\x00\x00\x00</data></match></read>
    <write><data>\x05\x00\x00\x00\x2bS6\xf6\x01\xeb\x05g\x01\x11\xe4K\x00\x00\x00\x00\x00\x00\x00\x00</data></write>
    <read><length>13</length><match><data>\x03\x00\x00\x00\x00\x00\x00\x00\x00\x00\x00\x00\x01</data></match></read>
    <read><length>3</length></read>
    <read><length>8</length><match><data>\x11\x1f\x19\x2c\x15\xe7\xe0\xc9</data></match></read>
    <write><data>\x03\x00\x00\x00\x00\x00\x00\x00\x00\x00\x00\x00\x01\x86\xa9\xef\x11\x1f\x19\x2c\x15\xe7\xe0\xc9</data></write>
    <read><length>13</length><match><data>\x05\x00\x00\x00\x97\x98\x8dC\x5dF\xf1\xff\x03</data></match></read>
    <read><length>3</length></read>
    <read><length>8</length><match><data>\x00\x00\x00\x00\x00\x00\x00\x00</data></match></read>
    <write><data>\x05\x00\x00\x00\x1d\xb42Z\xfa\x92\xee\xfe\x02\x8a\xf9\xbe\x00\x00\x00\x00\x00\x00\x00\x00</data></write>
    <read><length>13</length><match><data>\x03\x00\x00\x00\x00\x00\x00\x00\x00\x00\x00\x00\x02</data></match></read>
    <read><length>3</length></read>
    <read><length>8</length><match><data>\xf9\x08\xc6\x9aQ4\x885</data></match></read>
    <write><data>\x03\x00\x00\x00\x00\x00\x00\x00\x00\x00\x00\x00\x03\x3bC\xa9\xe8\x7f\xee\x3eN\xe8Us</data></write>
    <read><length>24</length></read>
    <write><data>\xef\xbe\xad\xdeb!\xde\x94\xbc\xc2\xd5\xc9\xc1\xdb\x0a\x9a\x15\x86\xa2\x8b\x96S\xcc\x3e</data></write>
</replay>
</pov>