<?xml version="1.0" standalone="no" ?>
<!DOCTYPE pov SYSTEM "/usr/share/cgc-docs/replay.dtd">
<pov>
<cbid>service</cbid>
<seed>4235ca398e8434cd880daded66f0c50ea1b88b805915cb1fe06ae0becd34e3e1e6981f9f623860e9a9823423003901e1</seed>
<replay>
    <delay>50</delay>
    <read><length>13</length><match><data>\x05\x00\x00\x00\xb9\x92\xb3n\xbb\xa14\xea\x03</data></match></read>
    <read><length>3</length></read>
    <read><length>8</length><match><data>\x00\x00\x00\x00\x00\x00\x00\x00</data></match></read>
    <write><data>\x05\x00\x00\x00\xb9\x92\xb3n\xbb\xa14\xea\x03itJ\x00\x00\x00\x00\x00\x00\x00\x00</data></write>
    <read><length>13</length><match><data>\x03\x00\x00\x00\x00\x00\x00\x00\x00\x00\x00\x00\x03</data></match></read>
    <read><length>3</length></read>
    <read><length>8</length><match><data>\xa2\xa8\x1f\xdfLTed</data></match></read>
    <write><data>\x03\x00\x00\x00\x00\x00\x00\x00\x00\x00\x00\x00\x03B\x8c\xcf\xa2\xa8\x1f\xdfLTed</data></write>
    <read><length>24</length></read>
    <write><data>\xef\xbe\xad\xdeg\x2d\xa80\x7enQ\x8fs\x24w\x94\xe4\xb1\x2f\x18\xe3\xce\xf3\x96</data></write>
</replay>
</pov>