<?xml version="1.0" standalone="no" ?>
<!DOCTYPE pov SYSTEM "/usr/share/cgc-docs/replay.dtd">
<pov>
<cbid>service</cbid>
<seed>203cd6121780d2dd882db7c4581209171f8c1b0097079f0365c3a021b9fd5b63fb895d7da621e325c7f2027f42b62069</seed>
<replay>
    <delay>50</delay>
    <read><length>13</length><match><data>\x05\x00\x00\x00\xcfx\xb9\x28\xaa\x8c\xc6\x7e\x03</data></match></read>
    <read><length>3</length></read>
    <read><length>8</length><match><data>\x00\x00\x00\x00\x00\x00\x00\x00</data></match></read>
    <write><data>\x05\x00\x00\x00\xef\xd5c\x5b\xe9Q\xe3\x5b\x01\xcb\xc06\x00\x00\x00\x00\x00\x00\x00\x00</data></write>
    <read><length>13</length><match><data>\x03\x00\x00\x00\x00\x00\x00\x00\x00\x00\x00\x00\x01</data></match></read>
    <read><length>3</length></read>
    <read><length>8</length><match><data>\x91\x2c?R\x1b\x18\xa1\xb8</data></match></read>
    <write><data>\x03\x00\x00\x00\x00\x00\x00\x00\x00\x00\x00\x00\x03\xd8\xc0\xcc\xb2\xed\xc1k\xe7\xbd\xb2\xa9</data></write>
    <read><length>13</length><match><data>\x05\x00\x00\x00\xfah\x27\xed\xca6\xa6\xe4\x02</data></match></read>
    <read><length>3</length></read>
    <read><length>8</length><match><data>\x00\x00\x00\x00\x00\x00\x00\x00</data></match></read>
    <write><data>\x05\x00\x00\x00\xef\xb5\xb6MQ.\xa9Q\x01 \xd1Y\x00\x00\x00\x00\x00\x00\x00\x00</data></write>
    <read><length>13</length><match><data>\x03\x00\x00\x00\x00\x00\x00\x00\x00\x00\x00\x00\x01</data></match></read>
    <read><length>3</length></read>
    <read><length>8</length><match><data>\x7c\xfeo\xbc\x8f\xc73\xfc</data></match></read>
    <write><data>\x03\x00\x00\x00\x00\x00\x00\x00\x00\x00\x00\x00\x02\xd3u\x0e\x84\xbe\x09Q\xdb\x7d\x26D</data></write>
    <read><length>13</length><match><data>\x05\x00\x00\x00\x40\x94\x1e\xdc\x7e\x09\x9a4\x00</data></match></read>
    <read><length>3</length></read>
    <read><length>8</length><match><data>\x00\x00\x00\x00\x00\x00\x00\x00</data></match></read>
    <write><data>\x05\x00\x00\x00\x7e\xa7\x5d\xef\x85qP\xa3\x01V\x9a\xd4\x00\x00\x00\x00\x00\x00\x00\x00</data></write>
    <read><length>13</length><match><data>\x03\x00\x00\x00\x00\x00\x00\x00\x00\x00\x00\x00\x01</data></match></read>
    <read><length>3</length></read>
    <read><length>8</length><match><data>\xd5\x1e\xae\x09\xabj\xd2L</data></match></read>
    <write><data>\x03\x00\x00\x00\x00\x00\x00\x00\x00\x00\x00\x00\x00\x2d\x0e\xee\xe5\xae\x3c\x5f\x9ew\xae\x1d</data></write>
    <read><length>13</length><match><data>\x05\x00\x00\x00\x85\x87\x95\x82\xe4\xcd\x2d\x7d\x01</data></match></read>
    <read><length>3</length></read>
    <read><length>8</length><match><data>\x00\x00\x00\x00\x00\x00\x00\x00</data></match></read>
    <write><data>\x05\x00\x00\x00\x87\xc8\xd0\xdbE\x0e\xfb\x0d\x03\xa87\x0c\x00\x00\x00\x00\x00\x00\x00\x00</data></write>
    <read><length>13</length><match><data>\x03\x00\x00\x00\x00\x00\x00\x00\x00\x00\x00\x00\x03</data></match></read>
    <read><length>3</length></read>
    <read><length>8</length><match><data>\x9f\xebw\xe1a\x29\xc9\x60</data></match></read>
    <write><data>\x03\x00\x00\x00\x00\x00\x00\x00\x00\x00\x00\x00\x01\x05\x3b\xd1\xb3\xc1\xc7V\x11\x0d2\x05</data></write>
    <read><length>24</length></read>
    <write><data>\xef\xbe\xad\xde\xb0\x2b\xd5\x09\xd2\x1c\xd7\xb7\x02\x8b\x9b\xe9\xa03D\x88\xee\x81\xca\x19</data></write>
</replay>
</pov>