<?xml version="1.0" standalone="no" ?>
<!DOCTYPE pov SYSTEM "/usr/share/cgc-docs/replay.dtd">
<pov>
<cbid>service</cbid>
<seed>61fec5cb52793d5b53bf3f5ec9ffc15428a263377410b30cdd706b0e00f675a8da17d2cf1540c602326a462d7f4e8ca7</seed>
<replay>
    <delay>50</delay>
    <read><length>13</length><match><data>\x05\x00\x00\x00\x22\xce\xcb\x3c\xa0\x97.\xd0\x02</data></match></read>
    <read><length>3</length></read>
    <read><length>8</length><match><data>\x00\x00\x00\x00\x00\x00\x00\x00</data></match></read>
    <write><data>\x05\x00\x00\x00r\x24\xbf\x06F4\xad\x01\x00\xaa\xe0s\x00\x00\x00\x00\x00\x00\x00\x00</data></write>
    <read><length>13</length><match><data>\x03\x00\x00\x00\x00\x00\x00\x00\x00\x00\x00\x00\x00</data></match></read>
    <read><length>3</length></read>
    <read><length>8</length><match><data>\xeaL\xe3\x17p\x03\x03\xbe</data></match></read>
    <write><data>\x03\x00\x00\x00\x00\x00\x00\x00\x00\x00\x00\x00\x02\x85O\x10\xe5\x07\x88\x98C\xe1\x24\xf6</data></write>
    <read><length>24</length></read>
    <write><data>\xef\xbe\xad\xde\x148\x95Ab\x22s\xff\xf5MJ\x18\xfc\xb4!O\x2c\x08e\x1c</data></write>
</replay>
</pov>