<?xml version="1.0" standalone="no" ?>
<!DOCTYPE pov SYSTEM "/usr/share/cgc-docs/replay.dtd">
<pov>
<cbid>service</cbid>
<seed>1cc0db01d2807545292c819624e95f2f6a083fffff880b8387cf876e4777f211d94c147a936458bb206fb02b559571b6</seed>
<replay>
    <delay>50</delay>
    <read><length>13</length><match><data>\x05\x00\x00\x00\x5d\xea\x16b\x1c\x97\xc5n\x00</data></match></read>
    <read><length>3</length></read>
    <read><length>8</length><match><data>\x00\x00\x00\x00\x00\x00\x00\x00</data></match></read>
    <write><data>\x05\x00\x00\x00\x5d\xea\x16b\x1c\x97\xc5n\x00\x89\xdb\x98\x00\x00\x00\x00\x00\x00\x00\x00</data></write>
    <read><length>13</length><match><data>\x03\x00\x00\x00\x00\x00\x00\x00\x00\x00\x00\x00\x00</data></match></read>
    <read><length>3</length></read>
    <read><length>8</length><match><data>\xc8\x0d\xb8i\x9d\xe0.\x94</data></match></read>
    <write><data>\x03\x00\x00\x00\x00\x00\x00\x00\x00\x00\x00\x00\x00sA\xd5\xc8\x0d\xb8i\x9d\xe0.\x94</data></write>
    <read><length>24</length></read>
    <write><data>\xef\xbe\xad\xde\x03jc\x8b\x04\x94\xfe\x0d\xf8s\x00\xdbD\x88\xf6\xde\xd9!E\xf5</data></write>
</replay>
</pov>