<?xml version="1.0" standalone="no" ?>
<!DOCTYPE pov SYSTEM "/usr/share/cgc-docs/replay.dtd">
<pov>
<cbid>service</cbid>
<seed>add53e5574f734e07a99a3e5eabcc91f837c58dd77eec66f87f6d2d858506df03b5d20a21de9dbcc91dee55a45ef761e</seed>
<replay>
    <delay>50</delay>
    <read><length>13</length><match><data>\x05\x00\x00\x00l\x17s\x8f\x08\x5e\xc6d\x00</data></match></read>
    <read><length>3</length></read>
    <read><length>8</length><match><data>\x00\x00\x00\x00\x00\x00\x00\x00</data></match></read>
    <write><data>\x05\x00\x00\x00\xf2\x29p\x80\x1a\xb2\xd7\x0d\x00\xc5\x8d\x00\x00\x00\x00\x00\x00\x00\x00\x00</data></write>
    <read><length>13</length><match><data>\x03\x00\x00\x00\x00\x00\x00\x00\x00\x00\x00\x00\x00</data></match></read>
    <read><length>3</length></read>
    <read><length>8</length><match><data>\x2a\xd7\x09W\xb7\x81x\x93</data></match></read>
    <write><data>\x03\x00\x00\x00\x00\x00\x00\x00\x00\x00\x00\x00\x00\xd5\xaf\xb1\xd8\xba\xb3\x9c\xcb\xd0\x0d\xa8</data></write>
    <read><length>13</length><match><data>\x05\x00\x00\x00\xb4\xf3\xa7\x08\xb6\xaa\x99\x09\x02</data></match></read>
    <read><length>3</length></read>
    <read><length>8</length><match><data>\x00\x00\x00\x00\x00\x00\x00\x00</data></match></read>
    <write><data>\x05\x00\x00\x00\xb4\xf3\xa7\x08\xb6\xaa\x99\x09\x02\x0a\x10G\x00\x00\x00\x00\x00\x00\x00\x00</data></write>
    <read><length>13</length><match><data>\x03\x00\x00\x00\x00\x00\x00\x00\x00\x00\x00\x00\x02</data></match></read>
    <read><length>3</length></read>
    <read><length>8</length><match><data>\xc4\x3b\xd7\xcbF8\x0eX</data></match></read>
    <write><data>\x03\x00\x00\x00\x00\x00\x00\x00\x00\x00\x00\x00\x02\x91O2\xc4\x3b\xd7\xcbF8\x0eX</data></write>
    <read><length>13</length><match><data>\x05\x00\x00\x00\x01\x183\x84\x8c2\xfa\xdb\x02</data></match></read>
    <read><length>3</length></read>
    <read><length>8</length><match><data>\x00\x00\x00\x00\x00\x00\x00\x00</data></match></read>
    <write><data>\x05\x00\x00\x00\x01\x183\x84\x8c2\xfa\xdb\x02R\xd8\xbd\x00\x00\x00\x00\x00\x00\x00\x00</data></write>
    <read><length>13</length><match><data>\x03\x00\x00\x00\x00\x00\x00\x00\x00\x00\x00\x00\x02</data></match></read>
    <read><length>3</length></read>
    <read><length>8</length><match><data>\xcb\x02\xf4\xa5\x1c\xdb\x3bm</data></match></read>
    <write><data>\x03\x00\x00\x00\x00\x00\x00\x00\x00\x00\x00\x00\x02\xd0\xe8Y\xcb\x02\xf4\xa5\x1c\xdb\x3bm</data></write>
    <read><length>13</length><match><data>\x05\x00\x00\x00\x9da\xac\x18?\x9f\xbe\x90\x00</data></match></read>
    <read><length>3</length></read>
    <read><length>8</length><match><data>\x00\x00\x00\x00\x00\x00\x00\x00</data></match></read>
    <write><data>\x05\x00\x00\x00\x9da\xac\x18?\x9f\xbe\x90\x00K\x5f\x2f\x00\x00\x00\x00\x00\x00\x00\x00</data></write>
    <read><length>13</length><match><data>\x03\x00\x00\x00\x00\x00\x00\x00\x00\x00\x00\x00\x00</data></match></read>
    <read><length>3</length></read>
    <read><length>8</length><match><data>\xae\xbbS\x18\x2f\xde\x05\xda</data></match></read>
    <write><data>\x03\x00\x00\x00\x00\x00\x00\x00\x00\x00\x00\x00\x00\x24M?\xae\xbbS\x18\x2f\xde\x05\xda</data></write>
    <read><length>13</length><match><data>\x05\x00\x00\x00\xab\xdfYC\x048G4\x01</data></match></read>
    <read><length>3</length></read>
    <read><length>8</length><match><data>\x00\x00\x00\x00\x00\x00\x00\x00</data></match></read>
    <write><data>\x05\x00\x00\x00\xab\xdfYC\x048G4\x01u\x7b\x10\x00\x00\x00\x00\x00\x00\x00\x00</data></write>
    <read><length>13</length><match><data>\x03\x00\x00\x00\x00\x00\x00\x00\x00\x00\x00\x00\x01</data></match></read>
    <read><length>3</length></read>
    <read><length>8</length><match><data>\x0b\xdb\xbf\xcb6J\xd7\xe5</data></match></read>
    <write><data>\x03\x00\x00\x00\x00\x00\x00\x00\x00\x00\x00\x00\x01\xdbp\xaa\x0b\xdb\xbf\xcb6J\xd7\xe5</data></write>
    <read><length>13</length><match><data>\x05\x00\x00\x00S\xfc\x9dM\xbf\x9e\x7e\x0b\x00</data></match></read>
    <read><length>3</length></read>
    <read><length>8</length><match><data>\x00\x00\x00\x00\x00\x00\x00\x00</data></match></read>
    <write><data>\x05\x00\x00\x00\xe5\x9aY\xcd\xc2\x1cg\x91\x02X3k\x00\x00\x00\x00\x00\x00\x00\x00</data></write>
    <read><length>13</length><match><data>\x03\x00\x00\x00\x00\x00\x00\x00\x00\x00\x00\x00\x02</data></match></read>
    <read><length>3</length></read>
    <read><length>8</length><match><data>\x16\x85\x0a\xf36\x908\xf4</data></match></read>
    <write><data>\x03\x00\x00\x00\x00\x00\x00\x00\x00\x00\x00\x00\x00\x27\x7b\xee\xda\xaf\x13X\xc6\xf4\x94z</data></write>
    <read><length>13</length><match><data>\x05\x00\x00\x00\xf7\x7eK\xd67\xa11g\x03</data></match></read>
    <read><length>3</length></read>
    <read><length>8</length><match><data>\x00\x00\x00\x00\x00\x00\x00\x00</data></match></read>
    <write><data>\x05\x00\x00\x00\xd5\xe1\xc1\xa0m\x29\xe3\xae\x00\x89\x04n\x00\x00\x00\x00\x00\x00\x00\x00</data></write>
    <read><length>13</length><match><data>\x03\x00\x00\x00\x00\x00\x00\x00\x00\x00\x00\x00\x00</data></match></read>
    <read><length>3</length></read>
    <read><length>8</length><match><data>\xdbo\x9b\x85\x2c\xad\x1b\x5d</data></match></read>
    <write><data>\x03\x00\x00\x00\x00\x00\x00\x00\x00\x00\x00\x00\x03\x8d\x0eg\x7e\xb1B!\x90\xcf\xd0\xca</data></write>
    <read><length>13</length><match><data>\x05\x00\x00\x00b\x0cz\x03\xef1\xcb\xd9\x02</data></match></read>
    <read><length>3</length></read>
    <read><length>8</length><match><data>\x00\x00\x00\x00\x00\x00\x00\x00</data></match></read>
    <write><data>\x05\x00\x00\x00e\xa2:\xe2\x5e\xc2\xa62\x03V\x93\xee\x00\x00\x00\x00\x00\x00\x00\x00</data></write>
    <read><length>13</length><match><data>\x03\x00\x00\x00\x00\x00\x00\x00\x00\x00\x00\x00\x03</data></match></read>
    <read><length>3</length></read>
    <read><length>8</length><match><data>\xf3\x91\x0a\x81\x9d\x3b\xa8i</data></match></read>
    <write><data>\x03\x00\x00\x00\x00\x00\x00\x00\x00\x00\x00\x00\x02\xca\x28?\xc1!\x9b\x04\xacs8\xa0</data></write>
    <read><length>24</length></read>
    <write><data>\xef\xbe\xad\xde\xd2av4\x2b\x81\x24e\xb3\xfc\xcbZXR\x01\x85nML\xfe</data></write>
</replay>
</pov>