<?xml version="1.0" standalone="no" ?>
<!DOCTYPE pov SYSTEM "/usr/share/cgc-docs/replay.dtd">
<pov>
<cbid>service</cbid>
<seed>c99f602a27c40972b8d94cbe03ce20d411f8c3d8b5a74de508f9fa45bbf86b553d09c671da6f8b4d0ae176120f6b7c6e</seed>
<replay>
    <delay>50</delay>
    <read><length>13</length><match><data>\x05\x00\x00\x002\xfd\xbf\x0bk\x8d\x9d\x84\x02</data></match></read>
    <read><length>3</length></read>
    <read><length>8</length><match><data>\x00\x00\x00\x00\x00\x00\x00\x00</data></match></read>
    <write><data>\x05\x00\x00\x00\xe0\xfd\xde\xa0\xd79\x11\xa9\x01\xd9\x064\x00\x00\x00\x00\x00\x00\x00\x00</data></write>
    <read><length>13</length><match><data>\x03\x00\x00\x00\x00\x00\x00\x00\x00\x00\x00\x00\x01</data></match></read>
    <read><length>3</length></read>
    <read><length>8</length><match><data>\x1e\x271\xcbD\x09\x06o</data></match></read>
    <write><data>\x03\x00\x00\x00\x00\x00\x00\x00\x00\x00\x00\x00\x02\xa8FN\x81\xe1\xc8Ei\x83\x24\x94</data></write>
    <read><length>13</length><match><data>\x05\x00\x00\x00\x1b\xe8\xe9Ni\xf2\x17\x3e\x01</data></match></read>
    <read><length>3</length></read>
    <read><length>8</length><match><data>\x00\x00\x00\x00\x00\x00\x00\x00</data></match></read>
    <write><data>\x05\x00\x00\x00\xa3\xdf3\x94\x09\xd6Ih\x00\xd1\xa5\xa7\x00\x00\x00\x00\x00\x00\x00\x00</data></write>
    <read><length>13</length><match><data>\x03\x00\x00\x00\x00\x00\x00\x00\x00\x00\x00\x00\x00</data></match></read>
    <read><length>3</length></read>
    <read><length>8</length><match><data>\x3em\x8c\x8d\x93\xc0\x17z</data></match></read>
    <write><data>\x03\x00\x00\x00\x00\x00\x00\x00\x00\x00\x00\x00\x01\xc7\xd5\x2b\xd6\x09\x25\x3c\xa1\xea\xe3E</data></write>
    <read><length>13</length><match><data>\x05\x00\x00\x00\x08\xd3\xb2\x7dyJ\x90J\x03</data></match></read>
    <read><length>3</length></read>
    <read><length>8</length><match><data>\x00\x00\x00\x00\x00\x00\x00\x00</data></match></read>
    <write><data>\x05\x00\x00\x00\x95\xa0\xc6U2ai\xf4\x01\x2c\xc3\x25\x00\x00\x00\x00\x00\x00\x00\x00</data></write>
    <read><length>13</length><match><data>\x03\x00\x00\x00\x00\x00\x00\x00\x00\x00\x00\x00\x01</data></match></read>
    <read><length>3</length></read>
    <read><length>8</length><match><data>\x0b\xa9\x26\xd3\xf3\x0c\xbb\xdf</data></match></read>
    <write><data>\x03\x00\x00\x00\x00\x00\x00\x00\x00\x00\x00\x00\x03C\xfd\x9a\x40\x9d\x27K\xb1\xba\xf4\x18</data></write>
    <read><length>13</length><match><data>\x05\x00\x00\x00\xb4\xff\x0a\x23\xde\xfaEf\x01</data></match></read>
    <read><length>3</length></read>
    <read><length>8</length><match><data>\x00\x00\x00\x00\x00\x00\x00\x00</data></match></read>
    <write><data>\x05\x00\x00\x00\xa6h\x9e\xad\x7d\xd4\xb4\x8f\x03q:r\x00\x00\x00\x00\x00\x00\x00\x00</data></write>
    <read><length>13</length><match><data>\x03\x00\x00\x00\x00\x00\x00\x00\x00\x00\x00\x00\x03</data></match></read>
    <read><length>3</length></read>
    <read><length>8</length><match><data>\x40\x9d\x27K\xb1\xba\xf4\x18</data></match></read>
    <write><data>\x03\x00\x00\x00\x00\x00\x00\x00\x00\x00\x00\x00\x01\x90:\xdf\x5f\x40\xd4\x3d\xc5\xcf\x12\x86</data></write>
    <read><length>13</length><match><data>\x05\x00\x00\x00!\x1dQ\xb62W\x5bs\x01</data></match></read>
    <read><length>3</length></read>
    <read><length>8</length><match><data>\x00\x00\x00\x00\x00\x00\x00\x00</data></match></read>
    <write><data>\x05\x00\x00\x00!\x1dQ\xb62W\x5bs\x01\x9a\xa4S\x00\x00\x00\x00\x00\x00\x00\x00</data></write>
    <read><length>13</length><match><data>\x03\x00\x00\x00\x00\x00\x00\x00\x00\x00\x00\x00\x01</data></match></read>
    <read><length>3</length></read>
    <read><length>8</length><match><data>O\x2c\x81\x8d\xbb\xbeo\xa8</data></match></read>
    <write><data>\x03\x00\x00\x00\x00\x00\x00\x00\x00\x00\x00\x00\x01\xff\xe8 O\x2c\x81\x8d\xbb\xbeo\xa8</data></write>
    <read><length>13</length><match><data>\x05\x00\x00\x000\xde\x01\x92\xaf\x7eXb\x02</data></match></read>
    <read><length>3</length></read>
    <read><length>8</length><match><data>\x00\x00\x00\x00\x00\x00\x00\x00</data></match></read>
    <write><data>\x05\x00\x00\x000\xde\x01\x92\xaf\x7eXb\x02\x84\x24\xfb\x00\x00\x00\x00\x00\x00\x00\x00</data></write>
    <read><length>13</length><match><data>\x03\x00\x00\x00\x00\x00\x00\x00\x00\x00\x00\x00\x02</data></match></read>
    <read><length>3</length></read>
    <read><length>8</length><match><data>l\xceK\xb1D\x05C\x27</data></match></read>
    <write><data>\x03\x00\x00\x00\x00\x00\x00\x00\x00\x00\x00\x00\x02\x5e\xd4\xdal\xceK\xb1D\x05C\x27</data></write>
    <read><length>24</length></read>
    <write><data>\xef\xbe\xad\xde\x19\x98\x3c\x18\x1b\x5bJ\xac\xf1\x00\xd4\xbe\x87\xf6N\xd9\x11!\xad\x97</data></write>
</replay>
</pov>