<?xml version="1.0" standalone="no" ?>
<!DOCTYPE pov SYSTEM "/usr/share/cgc-docs/replay.dtd">
<pov>
<cbid>service</cbid>
<seed>2cdb4b7d90f972e38b7c1684ebcf2e42e4e87948c8955a302f7d49370eb03b47a0a970e6753707e941e390db72e87c1d</seed>
<replay>
    <delay>50</delay>
    <read><length>13</length><match><data>\x05\x00\x00\x00I\x0e\x3c\x90\x29\xdc?\x24\x03</data></match></read>
    <read><length>3</length></read>
    <read><length>8</length><match><data>\x00\x00\x00\x00\x00\x00\x00\x00</data></match></read>
    <write><data>\x05\x00\x00\x00I\x0e\x3c\x90\x29\xdc?\x24\x03\x08\xe2n\x00\x00\x00\x00\x00\x00\x00\x00</data></write>
    <read><length>13</length><match><data>\x03\x00\x00\x00\x00\x00\x00\x00\x00\x00\x00\x00\x03</data></match></read>
    <read><length>3</length></read>
    <read><length>8</length><match><data>Nb\x22\x03o\x81\x09L</data></match></read>
    <write><data>\x03\x00\x00\x00\x00\x00\x00\x00\x00\x00\x00\x00\x036\x861Nb\x22\x03o\x81\x09L</data></write>
    <read><length>13</length><match><data>\x05\x00\x00\x003\x04f\xdd\xe6\x8fY\x90\x00</data></match></read>
    <read><length>3</length></read>
    <read><length>8</length><match><data>\x00\x00\x00\x00\x00\x00\x00\x00</data></match></read>
    <write><data>\x05\x00\x00\x003\x04f\xdd\xe6\x8fY\x90\x00\xc4\x81\x9b\x00\x00\x00\x00\x00\x00\x00\x00</data></write>
    <read><length>13</length><match><data>\x03\x00\x00\x00\x00\x00\x00\x00\x00\x00\x00\x00\x00</data></match></read>
    <read><length>3</length></read>
    <read><length>8</length><match><data>\x88\xe9\x1c\x5d\x03\x5f\x9c\x19</data></match></read>
    <write><data>\x03\x00\x00\x00\x00\x00\x00\x00\x00\x00\x00\x00\x00d\xbe\xb6\x88\xe9\x1c\x5d\x03\x5f\x9c\x19</data></write>
    <read><length>13</length><match><data>\x05\x00\x00\x00\xa8\x28\x0c\x08\x84\x04\xd9\x8f\x02</data></match></read>
    <read><length>3</length></read>
    <read><length>8</length><match><data>\x00\x00\x00\x00\x00\x00\x00\x00</data></match></read>
    <write><data>\x05\x00\x00\x005\x7e\xa2\x0c\xf8\x95m\x0c\x02\x7c\x17x\x00\x00\x00\x00\x00\x00\x00\x00</data></write>
    <read><length>13</length><match><data>\x03\x00\x00\x00\x00\x00\x00\x00\x00\x00\x00\x00\x02</data></match></read>
    <read><length>3</length></read>
    <read><length>8</length><match><data>D\x2f\x9d\xb3\xc9DO\xc9</data></match></read>
    <write><data>\x03\x00\x00\x00\x00\x00\x00\x00\x00\x00\x00\x00\x02Aq\x23\x1eiNE\xe2\xe8\x81l</data></write>
    <read><length>13</length><match><data>\x05\x00\x00\x00h\x24\xea\xd4\xae\xe2\xbb\xd3\x00</data></match></read>
    <read><length>3</length></read>
    <read><length>8</length><match><data>\x00\x00\x00\x00\x00\x00\x00\x00</data></match></read>
    <write><data>\x05\x00\x00\x00h\x24\xea\xd4\xae\xe2\xbb\xd3\x00\x85\xb9\x87\x00\x00\x00\x00\x00\x00\x00\x00</data></write>
    <read><length>13</length><match><data>\x03\x00\x00\x00\x00\x00\x00\x00\x00\x00\x00\x00\x00</data></match></read>
    <read><length>3</length></read>
    <read><length>8</length><match><data>\xeb\xb5Yo7q\xd7\x19</data></match></read>
    <write><data>\x03\x00\x00\x00\x00\x00\x00\x00\x00\x00\x00\x00\x00Z\x95P\xeb\xb5Yo7q\xd7\x19</data></write>
    <read><length>24</length></read>
    <write><data>\xef\xbe\xad\xdeS1\x83\xfdb\xfe\x29\xdaL\x95\x00F\x1a\xdb\x40\xdc\xb3\x09\xbc\xfa</data></write>
</replay>
</pov>