<?xml version="1.0" standalone="no" ?>
<!DOCTYPE pov SYSTEM "/usr/share/cgc-docs/replay.dtd">
<pov>
<cbid>service</cbid>
<seed>86bf2547bf0ecd31eda653e3f65ab44015e95b5ec21106ee6cedca6374332062d1452a7d79cc16572e0827ba00f0e489</seed>
<replay>
    <delay>50</delay>
    <read><length>1131</length><match><data>8 \x1b\x5b1\x3b35\x3b47m\xe2\x99\x9c \x1b\x5b0m\x1b\x5b1\x3b35\x3b40m\xe2\x99\x9e \x1b\x5b0m\x1b\x5b1\x3b35\x3b47m\xe2\x99\x9d \x1b\x5b0m\x1b\x5b1\x3b35\x3b40m\xe2\x99\x9b \x1b\x5b0m\x1b\x5b1\x3b35\x3b47m\xe2\x99\x9a \x1b\x5b0m\x1b\x5b1\x3b35\x3b40m\xe2\x99\x9d \x1b\x5b0m\x1b\x5b1\x3b35\x3b47m\xe2\x99\x9e \x1b\x5b0m\x1b\x5b1\x3b35\x3b40m\xe2\x99\x9c \x1b\x5b0m\x0a7 \x1b\x5b1\x3b35\x3b40m\xe2\x99\x9f \x1b\x5b0m\x1b\x5b1\x3b35\x3b47m\xe2\x99\x9f \x1b\x5b0m\x1b\x5b1\x3b35\x3b40m\xe2\x99\x9f \x1b\x5b0m\x1b\x5b1\x3b35\x3b47m\xe2\x99\x9f \x1b\x5b0m\x1b\x5b1\x3b35\x3b40m\xe2\x99\x9f \x1b\x5b0m\x1b\x5b1\x3b35\x3b47m\xe2\x99\x9f \x1b\x5b0m\x1b\x5b1\x3b35\x3b40m\xe2\x99\x9f \x1b\x5b0m\x1b\x5b1\x3b35\x3b47m\xe2\x99\x9f \x1b\x5b0m\x0a6 \x1b\x5b1\x3b36\x3b47m  \x1b\x5b0m\x1b\x5b1\x3b36\x3b40m  \x1b\x5b0m\x1b\x5b1\x3b36\x3b47m  \x1b\x5b0m\x1b\x5b1\x3b36\x3b40m  \x1b\x5b0m\x1b\x5b1\x3b36\x3b47m  \x1b\x5b0m\x1b\x5b1\x3b36\x3b40m  \x1b\x5b0m\x1b\x5b1\x3b36\x3b47m  \x1b\x5b0m\x1b\x5b1\x3b36\x3b40m  \x1b\x5b0m\x0a5 \x1b\x5b1\x3b36\x3b40m  \x1b\x5b0m\x1b\x5b1\x3b36\x3b47m  \x1b\x5b0m\x1b\x5b1\x3b36\x3b40m  \x1b\x5b0m\x1b\x5b1\x3b36\x3b47m  \x1b\x5b0m\x1b\x5b1\x3b36\x3b40m  \x1b\x5b0m\x1b\x5b1\x3b36\x3b47m  \x1b\x5b0m\x1b\x5b1\x3b36\x3b40m  \x1b\x5b0m\x1b\x5b1\x3b36\x3b47m  \x1b\x5b0m\x0a4 \x1b\x5b1\x3b36\x3b47m  \x1b\x5b0m\x1b\x5b1\x3b36\x3b40m  \x1b\x5b0m\x1b\x5b1\x3b36\x3b47m  \x1b\x5b0m\x1b\x5b1\x3b36\x3b40m  \x1b\x5b0m\x1b\x5b1\x3b36\x3b47m  \x1b\x5b0m\x1b\x5b1\x3b36\x3b40m  \x1b\x5b0m\x1b\x5b1\x3b36\x3b47m  \x1b\x5b0m\x1b\x5b1\x3b36\x3b40m  \x1b\x5b0m\x0a3 \x1b\x5b1\x3b36\x3b40m  \x1b\x5b0m\x1b\x5b1\x3b36\x3b47m  \x1b\x5b0m\x1b\x5b1\x3b36\x3b40m  \x1b\x5b0m\x1b\x5b1\x3b36\x3b47m  \x1b\x5b0m\x1b\x5b1\x3b36\x3b40m  \x1b\x5b0m\x1b\x5b1\x3b36\x3b47m  \x1b\x5b0m\x1b\x5b1\x3b36\x3b40m  \x1b\x5b0m\x1b\x5b1\x3b36\x3b47m  \x1b\x5b0m\x0a2 \x1b\x5b1\x3b36\x3b47m\xe2\x99\x99 \x1b\x5b0m\x1b\x5b1\x3b36\x3b40m\xe2\x99\x99 \x1b\x5b0m\x1b\x5b1\x3b36\x3b47m\xe2\x99\x99 \x1b\x5b0m\x1b\x5b1\x3b36\x3b40m\xe2\x99\x99 \x1b\x5b0m\x1b\x5b1\x3b36\x3b47m\xe2\x99\x99 \x1b\x5b0m\x1b\x5b1\x3b36\x3b40m\xe2\x99\x99 \x1b\x5b0m\x1b\x5b1\x3b36\x3b47m\xe2\x99\x99 \x1b\x5b0m\x1b\x5b1\x3b36\x3b40m\xe2\x99\x99 \x1b\x5b0m\x0a1 \x1b\x5b1\x3b36\x3b40m\xe2\x99\x96 \x1b\x5b0m\x1b\x5b1\x3b36\x3b47m\xe2\x99\x98 \x1b\x5b0m\x1b\x5b1\x3b36\x3b40m\xe2\x99\x97 \x1b\x5b0m\x1b\x5b1\x3b36\x3b47m\xe2\x99\x95 \x1b\x5b0m\x1b\x5b1\x3b36\x3b40m\xe2\x99\x94 \x1b\x5b0m\x1b\x5b1\x3b36\x3b47m\xe2\x99\x97 \x1b\x5b0m\x1b\x5b1\x3b36\x3b40m\xe2\x99\x98 \x1b\x5b0m\x1b\x5b1\x3b36\x3b47m\xe2\x99\x96 \x1b\x5b0m\x0a  a b c d e f g h \x0a</data></match></read>
    <read><length>13</length><match><data>\x1b\x5b1\x3b36m\x3e\x1b\x5b0m </data></match></read>
    <!-- Valid move -->
    <write><data>d2d3\x0a</data></write>
    <read><length>6</length><match><data>\x0ad2d3\x0a</data></match></read>
    <read><length>9</length><match><data>00000024\x0a</data></match></read>
    <read><length>1131</length><match><data>1 \x1b\x5b1\x3b36\x3b47m\xe2\x99\x96 \x1b\x5b0m\x1b\x5b1\x3b36\x3b40m\xe2\x99\x98 \x1b\x5b0m\x1b\x5b1\x3b36\x3b47m\xe2\x99\x97 \x1b\x5b0m\x1b\x5b1\x3b36\x3b40m\xe2\x99\x94 \x1b\x5b0m\x1b\x5b1\x3b36\x3b47m\xe2\x99\x95 \x1b\x5b0m\x1b\x5b1\x3b36\x3b40m\xe2\x99\x97 \x1b\x5b0m\x1b\x5b1\x3b36\x3b47m\xe2\x99\x98 \x1b\x5b0m\x1b\x5b1\x3b36\x3b40m\xe2\x99\x96 \x1b\x5b0m\x0a2 \x1b\x5b1\x3b36\x3b40m\xe2\x99\x99 \x1b\x5b0m\x1b\x5b1\x3b36\x3b47m\xe2\x99\x99 \x1b\x5b0m\x1b\x5b1\x3b36\x3b40m\xe2\x99\x99 \x1b\x5b0m\x1b\x5b1\x3b36\x3b47m\xe2\x99\x99 \x1b\x5b0m\x1b\x5b1\x3b36\x3b40m  \x1b\x5b0m\x1b\x5b1\x3b36\x3b47m\xe2\x99\x99 \x1b\x5b0m\x1b\x5b1\x3b36\x3b40m\xe2\x99\x99 \x1b\x5b0m\x1b\x5b1\x3b36\x3b47m\xe2\x99\x99 \x1b\x5b0m\x0a3 \x1b\x5b1\x3b36\x3b47m  \x1b\x5b0m\x1b\x5b1\x3b36\x3b40m  \x1b\x5b0m\x1b\x5b1\x3b36\x3b47m  \x1b\x5b0m\x1b\x5b1\x3b36\x3b40m  \x1b\x5b0m\x1b\x5b1\x3b36\x3b47m\xe2\x99\x99 \x1b\x5b0m\x1b\x5b1\x3b36\x3b40m  \x1b\x5b0m\x1b\x5b1\x3b36\x3b47m  \x1b\x5b0m\x1b\x5b1\x3b36\x3b40m  \x1b\x5b0m\x0a4 \x1b\x5b1\x3b36\x3b40m  \x1b\x5b0m\x1b\x5b1\x3b36\x3b47m  \x1b\x5b0m\x1b\x5b1\x3b36\x3b40m  \x1b\x5b0m\x1b\x5b1\x3b36\x3b47m  \x1b\x5b0m\x1b\x5b1\x3b36\x3b40m  \x1b\x5b0m\x1b\x5b1\x3b36\x3b47m  \x1b\x5b0m\x1b\x5b1\x3b36\x3b40m  \x1b\x5b0m\x1b\x5b1\x3b36\x3b47m  \x1b\x5b0m\x0a5 \x1b\x5b1\x3b36\x3b47m  \x1b\x5b0m\x1b\x5b1\x3b36\x3b40m  \x1b\x5b0m\x1b\x5b1\x3b36\x3b47m  \x1b\x5b0m\x1b\x5b1\x3b36\x3b40m  \x1b\x5b0m\x1b\x5b1\x3b36\x3b47m  \x1b\x5b0m\x1b\x5b1\x3b36\x3b40m  \x1b\x5b0m\x1b\x5b1\x3b36\x3b47m  \x1b\x5b0m\x1b\x5b1\x3b36\x3b40m  \x1b\x5b0m\x0a6 \x1b\x5b1\x3b36\x3b40m  \x1b\x5b0m\x1b\x5b1\x3b36\x3b47m  \x1b\x5b0m\x1b\x5b1\x3b36\x3b40m  \x1b\x5b0m\x1b\x5b1\x3b36\x3b47m  \x1b\x5b0m\x1b\x5b1\x3b36\x3b40m  \x1b\x5b0m\x1b\x5b1\x3b36\x3b47m  \x1b\x5b0m\x1b\x5b1\x3b36\x3b40m  \x1b\x5b0m\x1b\x5b1\x3b36\x3b47m  \x1b\x5b0m\x0a7 \x1b\x5b1\x3b35\x3b47m\xe2\x99\x9f \x1b\x5b0m\x1b\x5b1\x3b35\x3b40m\xe2\x99\x9f \x1b\x5b0m\x1b\x5b1\x3b35\x3b47m\xe2\x99\x9f \x1b\x5b0m\x1b\x5b1\x3b35\x3b40m\xe2\x99\x9f \x1b\x5b0m\x1b\x5b1\x3b35\x3b47m\xe2\x99\x9f \x1b\x5b0m\x1b\x5b1\x3b35\x3b40m\xe2\x99\x9f \x1b\x5b0m\x1b\x5b1\x3b35\x3b47m\xe2\x99\x9f \x1b\x5b0m\x1b\x5b1\x3b35\x3b40m\xe2\x99\x9f \x1b\x5b0m\x0a8 \x1b\x5b1\x3b35\x3b40m\xe2\x99\x9c \x1b\x5b0m\x1b\x5b1\x3b35\x3b47m\xe2\x99\x9e \x1b\x5b0m\x1b\x5b1\x3b35\x3b40m\xe2\x99\x9d \x1b\x5b0m\x1b\x5b1\x3b35\x3b47m\xe2\x99\x9a \x1b\x5b0m\x1b\x5b1\x3b35\x3b40m\xe2\x99\x9b \x1b\x5b0m\x1b\x5b1\x3b35\x3b47m\xe2\x99\x9d \x1b\x5b0m\x1b\x5b1\x3b35\x3b40m\xe2\x99\x9e \x1b\x5b0m\x1b\x5b1\x3b35\x3b47m\xe2\x99\x9c \x1b\x5b0m\x0a  h g f e d c b a \x0a</data></match></read>
    <read><length>13</length><match><data>\x1b\x5b0\x3b35m\x3e\x1b\x5b0m </data></match></read>
    <!-- Valid move -->
    <write><data>c7c5\x0a</data></write>
    <read><length>6</length><match><data>\x0ac7c5\x0a</data></match></read>
    <read><length>9</length><match><data>00000024\x0a</data></match></read>
    <read><length>1131</length><match><data>8 \x1b\x5b1\x3b35\x3b47m\xe2\x99\x9c \x1b\x5b0m\x1b\x5b1\x3b35\x3b40m\xe2\x99\x9e \x1b\x5b0m\x1b\x5b1\x3b35\x3b47m\xe2\x99\x9d \x1b\x5b0m\x1b\x5b1\x3b35\x3b40m\xe2\x99\x9b \x1b\x5b0m\x1b\x5b1\x3b35\x3b47m\xe2\x99\x9a \x1b\x5b0m\x1b\x5b1\x3b35\x3b40m\xe2\x99\x9d \x1b\x5b0m\x1b\x5b1\x3b35\x3b47m\xe2\x99\x9e \x1b\x5b0m\x1b\x5b1\x3b35\x3b40m\xe2\x99\x9c \x1b\x5b0m\x0a7 \x1b\x5b1\x3b35\x3b40m\xe2\x99\x9f \x1b\x5b0m\x1b\x5b1\x3b35\x3b47m\xe2\x99\x9f \x1b\x5b0m\x1b\x5b1\x3b36\x3b40m  \x1b\x5b0m\x1b\x5b1\x3b35\x3b47m\xe2\x99\x9f \x1b\x5b0m\x1b\x5b1\x3b35\x3b40m\xe2\x99\x9f \x1b\x5b0m\x1b\x5b1\x3b35\x3b47m\xe2\x99\x9f \x1b\x5b0m\x1b\x5b1\x3b35\x3b40m\xe2\x99\x9f \x1b\x5b0m\x1b\x5b1\x3b35\x3b47m\xe2\x99\x9f \x1b\x5b0m\x0a6 \x1b\x5b1\x3b36\x3b47m  \x1b\x5b0m\x1b\x5b1\x3b36\x3b40m  \x1b\x5b0m\x1b\x5b1\x3b36\x3b47m  \x1b\x5b0m\x1b\x5b1\x3b36\x3b40m  \x1b\x5b0m\x1b\x5b1\x3b36\x3b47m  \x1b\x5b0m\x1b\x5b1\x3b36\x3b40m  \x1b\x5b0m\x1b\x5b1\x3b36\x3b47m  \x1b\x5b0m\x1b\x5b1\x3b36\x3b40m  \x1b\x5b0m\x0a5 \x1b\x5b1\x3b36\x3b40m  \x1b\x5b0m\x1b\x5b1\x3b36\x3b47m  \x1b\x5b0m\x1b\x5b1\x3b35\x3b40m\xe2\x99\x9f \x1b\x5b0m\x1b\x5b1\x3b36\x3b47m  \x1b\x5b0m\x1b\x5b1\x3b36\x3b40m  \x1b\x5b0m\x1b\x5b1\x3b36\x3b47m  \x1b\x5b0m\x1b\x5b1\x3b36\x3b40m  \x1b\x5b0m\x1b\x5b1\x3b36\x3b47m  \x1b\x5b0m\x0a4 \x1b\x5b1\x3b36\x3b47m  \x1b\x5b0m\x1b\x5b1\x3b36\x3b40m  \x1b\x5b0m\x1b\x5b1\x3b36\x3b47m  \x1b\x5b0m\x1b\x5b1\x3b36\x3b40m  \x1b\x5b0m\x1b\x5b1\x3b36\x3b47m  \x1b\x5b0m\x1b\x5b1\x3b36\x3b40m  \x1b\x5b0m\x1b\x5b1\x3b36\x3b47m  \x1b\x5b0m\x1b\x5b1\x3b36\x3b40m  \x1b\x5b0m\x0a3 \x1b\x5b1\x3b36\x3b40m  \x1b\x5b0m\x1b\x5b1\x3b36\x3b47m  \x1b\x5b0m\x1b\x5b1\x3b36\x3b40m  \x1b\x5b0m\x1b\x5b1\x3b36\x3b47m\xe2\x99\x99 \x1b\x5b0m\x1b\x5b1\x3b36\x3b40m  \x1b\x5b0m\x1b\x5b1\x3b36\x3b47m  \x1b\x5b0m\x1b\x5b1\x3b36\x3b40m  \x1b\x5b0m\x1b\x5b1\x3b36\x3b47m  \x1b\x5b0m\x0a2 \x1b\x5b1\x3b36\x3b47m\xe2\x99\x99 \x1b\x5b0m\x1b\x5b1\x3b36\x3b40m\xe2\x99\x99 \x1b\x5b0m\x1b\x5b1\x3b36\x3b47m\xe2\x99\x99 \x1b\x5b0m\x1b\x5b1\x3b36\x3b40m  \x1b\x5b0m\x1b\x5b1\x3b36\x3b47m\xe2\x99\x99 \x1b\x5b0m\x1b\x5b1\x3b36\x3b40m\xe2\x99\x99 \x1b\x5b0m\x1b\x5b1\x3b36\x3b47m\xe2\x99\x99 \x1b\x5b0m\x1b\x5b1\x3b36\x3b40m\xe2\x99\x99 \x1b\x5b0m\x0a1 \x1b\x5b1\x3b36\x3b40m\xe2\x99\x96 \x1b\x5b0m\x1b\x5b1\x3b36\x3b47m\xe2\x99\x98 \x1b\x5b0m\x1b\x5b1\x3b36\x3b40m\xe2\x99\x97 \x1b\x5b0m\x1b\x5b1\x3b36\x3b47m\xe2\x99\x95 \x1b\x5b0m\x1b\x5b1\x3b36\x3b40m\xe2\x99\x94 \x1b\x5b0m\x1b\x5b1\x3b36\x3b47m\xe2\x99\x97 \x1b\x5b0m\x1b\x5b1\x3b36\x3b40m\xe2\x99\x98 \x1b\x5b0m\x1b\x5b1\x3b36\x3b47m\xe2\x99\x96 \x1b\x5b0m\x0a  a b c d e f g h \x0a</data></match></read>
    <read><length>13</length><match><data>\x1b\x5b1\x3b36m\x3e\x1b\x5b0m </data></match></read>
    <!-- Valid move -->
    <write><data>h2h4\x0a</data></write>
    <read><length>6</length><match><data>\x0ah2h4\x0a</data></match></read>
    <read><length>9</length><match><data>00000024\x0a</data></match></read>
    <read><length>1131</length><match><data>1 \x1b\x5b1\x3b36\x3b47m\xe2\x99\x96 \x1b\x5b0m\x1b\x5b1\x3b36\x3b40m\xe2\x99\x98 \x1b\x5b0m\x1b\x5b1\x3b36\x3b47m\xe2\x99\x97 \x1b\x5b0m\x1b\x5b1\x3b36\x3b40m\xe2\x99\x94 \x1b\x5b0m\x1b\x5b1\x3b36\x3b47m\xe2\x99\x95 \x1b\x5b0m\x1b\x5b1\x3b36\x3b40m\xe2\x99\x97 \x1b\x5b0m\x1b\x5b1\x3b36\x3b47m\xe2\x99\x98 \x1b\x5b0m\x1b\x5b1\x3b36\x3b40m\xe2\x99\x96 \x1b\x5b0m\x0a2 \x1b\x5b1\x3b36\x3b40m  \x1b\x5b0m\x1b\x5b1\x3b36\x3b47m\xe2\x99\x99 \x1b\x5b0m\x1b\x5b1\x3b36\x3b40m\xe2\x99\x99 \x1b\x5b0m\x1b\x5b1\x3b36\x3b47m\xe2\x99\x99 \x1b\x5b0m\x1b\x5b1\x3b36\x3b40m  \x1b\x5b0m\x1b\x5b1\x3b36\x3b47m\xe2\x99\x99 \x1b\x5b0m\x1b\x5b1\x3b36\x3b40m\xe2\x99\x99 \x1b\x5b0m\x1b\x5b1\x3b36\x3b47m\xe2\x99\x99 \x1b\x5b0m\x0a3 \x1b\x5b1\x3b36\x3b47m  \x1b\x5b0m\x1b\x5b1\x3b36\x3b40m  \x1b\x5b0m\x1b\x5b1\x3b36\x3b47m  \x1b\x5b0m\x1b\x5b1\x3b36\x3b40m  \x1b\x5b0m\x1b\x5b1\x3b36\x3b47m\xe2\x99\x99 \x1b\x5b0m\x1b\x5b1\x3b36\x3b40m  \x1b\x5b0m\x1b\x5b1\x3b36\x3b47m  \x1b\x5b0m\x1b\x5b1\x3b36\x3b40m  \x1b\x5b0m\x0a4 \x1b\x5b1\x3b36\x3b40m\xe2\x99\x99 \x1b\x5b0m\x1b\x5b1\x3b36\x3b47m  \x1b\x5b0m\x1b\x5b1\x3b36\x3b40m  \x1b\x5b0m\x1b\x5b1\x3b36\x3b47m  \x1b\x5b0m\x1b\x5b1\x3b36\x3b40m  \x1b\x5b0m\x1b\x5b1\x3b36\x3b47m  \x1b\x5b0m\x1b\x5b1\x3b36\x3b40m  \x1b\x5b0m\x1b\x5b1\x3b36\x3b47m  \x1b\x5b0m\x0a5 \x1b\x5b1\x3b36\x3b47m  \x1b\x5b0m\x1b\x5b1\x3b36\x3b40m  \x1b\x5b0m\x1b\x5b1\x3b36\x3b47m  \x1b\x5b0m\x1b\x5b1\x3b36\x3b40m  \x1b\x5b0m\x1b\x5b1\x3b36\x3b47m  \x1b\x5b0m\x1b\x5b1\x3b35\x3b40m\xe2\x99\x9f \x1b\x5b0m\x1b\x5b1\x3b36\x3b47m  \x1b\x5b0m\x1b\x5b1\x3b36\x3b40m  \x1b\x5b0m\x0a6 \x1b\x5b1\x3b36\x3b40m  \x1b\x5b0m\x1b\x5b1\x3b36\x3b47m  \x1b\x5b0m\x1b\x5b1\x3b36\x3b40m  \x1b\x5b0m\x1b\x5b1\x3b36\x3b47m  \x1b\x5b0m\x1b\x5b1\x3b36\x3b40m  \x1b\x5b0m\x1b\x5b1\x3b36\x3b47m  \x1b\x5b0m\x1b\x5b1\x3b36\x3b40m  \x1b\x5b0m\x1b\x5b1\x3b36\x3b47m  \x1b\x5b0m\x0a7 \x1b\x5b1\x3b35\x3b47m\xe2\x99\x9f \x1b\x5b0m\x1b\x5b1\x3b35\x3b40m\xe2\x99\x9f \x1b\x5b0m\x1b\x5b1\x3b35\x3b47m\xe2\x99\x9f \x1b\x5b0m\x1b\x5b1\x3b35\x3b40m\xe2\x99\x9f \x1b\x5b0m\x1b\x5b1\x3b35\x3b47m\xe2\x99\x9f \x1b\x5b0m\x1b\x5b1\x3b36\x3b40m  \x1b\x5b0m\x1b\x5b1\x3b35\x3b47m\xe2\x99\x9f \x1b\x5b0m\x1b\x5b1\x3b35\x3b40m\xe2\x99\x9f \x1b\x5b0m\x0a8 \x1b\x5b1\x3b35\x3b40m\xe2\x99\x9c \x1b\x5b0m\x1b\x5b1\x3b35\x3b47m\xe2\x99\x9e \x1b\x5b0m\x1b\x5b1\x3b35\x3b40m\xe2\x99\x9d \x1b\x5b0m\x1b\x5b1\x3b35\x3b47m\xe2\x99\x9a \x1b\x5b0m\x1b\x5b1\x3b35\x3b40m\xe2\x99\x9b \x1b\x5b0m\x1b\x5b1\x3b35\x3b47m\xe2\x99\x9d \x1b\x5b0m\x1b\x5b1\x3b35\x3b40m\xe2\x99\x9e \x1b\x5b0m\x1b\x5b1\x3b35\x3b47m\xe2\x99\x9c \x1b\x5b0m\x0a  h g f e d c b a \x0a</data></match></read>
    <read><length>13</length><match><data>\x1b\x5b0\x3b35m\x3e\x1b\x5b0m </data></match></read>
    <!-- Valid move -->
    <write><data>Ng8h6\x0a</data></write>
    <read><length>7</length><match><data>\x0aNg8h6\x0a</data></match></read>
    <read><length>9</length><match><data>00000024\x0a</data></match></read>
    <read><length>1131</length><match><data>8 \x1b\x5b1\x3b35\x3b47m\xe2\x99\x9c \x1b\x5b0m\x1b\x5b1\x3b35\x3b40m\xe2\x99\x9e \x1b\x5b0m\x1b\x5b1\x3b35\x3b47m\xe2\x99\x9d \x1b\x5b0m\x1b\x5b1\x3b35\x3b40m\xe2\x99\x9b \x1b\x5b0m\x1b\x5b1\x3b35\x3b47m\xe2\x99\x9a \x1b\x5b0m\x1b\x5b1\x3b35\x3b40m\xe2\x99\x9d \x1b\x5b0m\x1b\x5b1\x3b36\x3b47m  \x1b\x5b0m\x1b\x5b1\x3b35\x3b40m\xe2\x99\x9c \x1b\x5b0m\x0a7 \x1b\x5b1\x3b35\x3b40m\xe2\x99\x9f \x1b\x5b0m\x1b\x5b1\x3b35\x3b47m\xe2\x99\x9f \x1b\x5b0m\x1b\x5b1\x3b36\x3b40m  \x1b\x5b0m\x1b\x5b1\x3b35\x3b47m\xe2\x99\x9f \x1b\x5b0m\x1b\x5b1\x3b35\x3b40m\xe2\x99\x9f \x1b\x5b0m\x1b\x5b1\x3b35\x3b47m\xe2\x99\x9f \x1b\x5b0m\x1b\x5b1\x3b35\x3b40m\xe2\x99\x9f \x1b\x5b0m\x1b\x5b1\x3b35\x3b47m\xe2\x99\x9f \x1b\x5b0m\x0a6 \x1b\x5b1\x3b36\x3b47m  \x1b\x5b0m\x1b\x5b1\x3b36\x3b40m  \x1b\x5b0m\x1b\x5b1\x3b36\x3b47m  \x1b\x5b0m\x1b\x5b1\x3b36\x3b40m  \x1b\x5b0m\x1b\x5b1\x3b36\x3b47m  \x1b\x5b0m\x1b\x5b1\x3b36\x3b40m  \x1b\x5b0m\x1b\x5b1\x3b36\x3b47m  \x1b\x5b0m\x1b\x5b1\x3b35\x3b40m\xe2\x99\x9e \x1b\x5b0m\x0a5 \x1b\x5b1\x3b36\x3b40m  \x1b\x5b0m\x1b\x5b1\x3b36\x3b47m  \x1b\x5b0m\x1b\x5b1\x3b35\x3b40m\xe2\x99\x9f \x1b\x5b0m\x1b\x5b1\x3b36\x3b47m  \x1b\x5b0m\x1b\x5b1\x3b36\x3b40m  \x1b\x5b0m\x1b\x5b1\x3b36\x3b47m  \x1b\x5b0m\x1b\x5b1\x3b36\x3b40m  \x1b\x5b0m\x1b\x5b1\x3b36\x3b47m  \x1b\x5b0m\x0a4 \x1b\x5b1\x3b36\x3b47m  \x1b\x5b0m\x1b\x5b1\x3b36\x3b40m  \x1b\x5b0m\x1b\x5b1\x3b36\x3b47m  \x1b\x5b0m\x1b\x5b1\x3b36\x3b40m  \x1b\x5b0m\x1b\x5b1\x3b36\x3b47m  \x1b\x5b0m\x1b\x5b1\x3b36\x3b40m  \x1b\x5b0m\x1b\x5b1\x3b36\x3b47m  \x1b\x5b0m\x1b\x5b1\x3b36\x3b40m\xe2\x99\x99 \x1b\x5b0m\x0a3 \x1b\x5b1\x3b36\x3b40m  \x1b\x5b0m\x1b\x5b1\x3b36\x3b47m  \x1b\x5b0m\x1b\x5b1\x3b36\x3b40m  \x1b\x5b0m\x1b\x5b1\x3b36\x3b47m\xe2\x99\x99 \x1b\x5b0m\x1b\x5b1\x3b36\x3b40m  \x1b\x5b0m\x1b\x5b1\x3b36\x3b47m  \x1b\x5b0m\x1b\x5b1\x3b36\x3b40m  \x1b\x5b0m\x1b\x5b1\x3b36\x3b47m  \x1b\x5b0m\x0a2 \x1b\x5b1\x3b36\x3b47m\xe2\x99\x99 \x1b\x5b0m\x1b\x5b1\x3b36\x3b40m\xe2\x99\x99 \x1b\x5b0m\x1b\x5b1\x3b36\x3b47m\xe2\x99\x99 \x1b\x5b0m\x1b\x5b1\x3b36\x3b40m  \x1b\x5b0m\x1b\x5b1\x3b36\x3b47m\xe2\x99\x99 \x1b\x5b0m\x1b\x5b1\x3b36\x3b40m\xe2\x99\x99 \x1b\x5b0m\x1b\x5b1\x3b36\x3b47m\xe2\x99\x99 \x1b\x5b0m\x1b\x5b1\x3b36\x3b40m  \x1b\x5b0m\x0a1 \x1b\x5b1\x3b36\x3b40m\xe2\x99\x96 \x1b\x5b0m\x1b\x5b1\x3b36\x3b47m\xe2\x99\x98 \x1b\x5b0m\x1b\x5b1\x3b36\x3b40m\xe2\x99\x97 \x1b\x5b0m\x1b\x5b1\x3b36\x3b47m\xe2\x99\x95 \x1b\x5b0m\x1b\x5b1\x3b36\x3b40m\xe2\x99\x94 \x1b\x5b0m\x1b\x5b1\x3b36\x3b47m\xe2\x99\x97 \x1b\x5b0m\x1b\x5b1\x3b36\x3b40m\xe2\x99\x98 \x1b\x5b0m\x1b\x5b1\x3b36\x3b47m\xe2\x99\x96 \x1b\x5b0m\x0a  a b c d e f g h \x0a</data></match></read>
    <read><length>13</length><match><data>\x1b\x5b1\x3b36m\x3e\x1b\x5b0m </data></match></read>
    <!-- Valid move -->
    <write><data>b2b4\x0a</data></write>
    <read><length>6</length><match><data>\x0ab2b4\x0a</data></match></read>
    <read><length>9</length><match><data>00000024\x0a</data></match></read>
    <read><length>1131</length><match><data>1 \x1b\x5b1\x3b36\x3b47m\xe2\x99\x96 \x1b\x5b0m\x1b\x5b1\x3b36\x3b40m\xe2\x99\x98 \x1b\x5b0m\x1b\x5b1\x3b36\x3b47m\xe2\x99\x97 \x1b\x5b0m\x1b\x5b1\x3b36\x3b40m\xe2\x99\x94 \x1b\x5b0m\x1b\x5b1\x3b36\x3b47m\xe2\x99\x95 \x1b\x5b0m\x1b\x5b1\x3b36\x3b40m\xe2\x99\x97 \x1b\x5b0m\x1b\x5b1\x3b36\x3b47m\xe2\x99\x98 \x1b\x5b0m\x1b\x5b1\x3b36\x3b40m\xe2\x99\x96 \x1b\x5b0m\x0a2 \x1b\x5b1\x3b36\x3b40m  \x1b\x5b0m\x1b\x5b1\x3b36\x3b47m\xe2\x99\x99 \x1b\x5b0m\x1b\x5b1\x3b36\x3b40m\xe2\x99\x99 \x1b\x5b0m\x1b\x5b1\x3b36\x3b47m\xe2\x99\x99 \x1b\x5b0m\x1b\x5b1\x3b36\x3b40m  \x1b\x5b0m\x1b\x5b1\x3b36\x3b47m\xe2\x99\x99 \x1b\x5b0m\x1b\x5b1\x3b36\x3b40m  \x1b\x5b0m\x1b\x5b1\x3b36\x3b47m\xe2\x99\x99 \x1b\x5b0m\x0a3 \x1b\x5b1\x3b36\x3b47m  \x1b\x5b0m\x1b\x5b1\x3b36\x3b40m  \x1b\x5b0m\x1b\x5b1\x3b36\x3b47m  \x1b\x5b0m\x1b\x5b1\x3b36\x3b40m  \x1b\x5b0m\x1b\x5b1\x3b36\x3b47m\xe2\x99\x99 \x1b\x5b0m\x1b\x5b1\x3b36\x3b40m  \x1b\x5b0m\x1b\x5b1\x3b36\x3b47m  \x1b\x5b0m\x1b\x5b1\x3b36\x3b40m  \x1b\x5b0m\x0a4 \x1b\x5b1\x3b36\x3b40m\xe2\x99\x99 \x1b\x5b0m\x1b\x5b1\x3b36\x3b47m  \x1b\x5b0m\x1b\x5b1\x3b36\x3b40m  \x1b\x5b0m\x1b\x5b1\x3b36\x3b47m  \x1b\x5b0m\x1b\x5b1\x3b36\x3b40m  \x1b\x5b0m\x1b\x5b1\x3b36\x3b47m  \x1b\x5b0m\x1b\x5b1\x3b36\x3b40m\xe2\x99\x99 \x1b\x5b0m\x1b\x5b1\x3b36\x3b47m  \x1b\x5b0m\x0a5 \x1b\x5b1\x3b36\x3b47m  \x1b\x5b0m\x1b\x5b1\x3b36\x3b40m  \x1b\x5b0m\x1b\x5b1\x3b36\x3b47m  \x1b\x5b0m\x1b\x5b1\x3b36\x3b40m  \x1b\x5b0m\x1b\x5b1\x3b36\x3b47m  \x1b\x5b0m\x1b\x5b1\x3b35\x3b40m\xe2\x99\x9f \x1b\x5b0m\x1b\x5b1\x3b36\x3b47m  \x1b\x5b0m\x1b\x5b1\x3b36\x3b40m  \x1b\x5b0m\x0a6 \x1b\x5b1\x3b35\x3b40m\xe2\x99\x9e \x1b\x5b0m\x1b\x5b1\x3b36\x3b47m  \x1b\x5b0m\x1b\x5b1\x3b36\x3b40m  \x1b\x5b0m\x1b\x5b1\x3b36\x3b47m  \x1b\x5b0m\x1b\x5b1\x3b36\x3b40m  \x1b\x5b0m\x1b\x5b1\x3b36\x3b47m  \x1b\x5b0m\x1b\x5b1\x3b36\x3b40m  \x1b\x5b0m\x1b\x5b1\x3b36\x3b47m  \x1b\x5b0m\x0a7 \x1b\x5b1\x3b35\x3b47m\xe2\x99\x9f \x1b\x5b0m\x1b\x5b1\x3b35\x3b40m\xe2\x99\x9f \x1b\x5b0m\x1b\x5b1\x3b35\x3b47m\xe2\x99\x9f \x1b\x5b0m\x1b\x5b1\x3b35\x3b40m\xe2\x99\x9f \x1b\x5b0m\x1b\x5b1\x3b35\x3b47m\xe2\x99\x9f \x1b\x5b0m\x1b\x5b1\x3b36\x3b40m  \x1b\x5b0m\x1b\x5b1\x3b35\x3b47m\xe2\x99\x9f \x1b\x5b0m\x1b\x5b1\x3b35\x3b40m\xe2\x99\x9f \x1b\x5b0m\x0a8 \x1b\x5b1\x3b35\x3b40m\xe2\x99\x9c \x1b\x5b0m\x1b\x5b1\x3b36\x3b47m  \x1b\x5b0m\x1b\x5b1\x3b35\x3b40m\xe2\x99\x9d \x1b\x5b0m\x1b\x5b1\x3b35\x3b47m\xe2\x99\x9a \x1b\x5b0m\x1b\x5b1\x3b35\x3b40m\xe2\x99\x9b \x1b\x5b0m\x1b\x5b1\x3b35\x3b47m\xe2\x99\x9d \x1b\x5b0m\x1b\x5b1\x3b35\x3b40m\xe2\x99\x9e \x1b\x5b0m\x1b\x5b1\x3b35\x3b47m\xe2\x99\x9c \x1b\x5b0m\x0a  h g f e d c b a \x0a</data></match></read>
    <read><length>13</length><match><data>\x1b\x5b0\x3b35m\x3e\x1b\x5b0m </data></match></read>
    <!-- Valid move -->
    <write><data>g7g6\x0a</data></write>
    <read><length>6</length><match><data>\x0ag7g6\x0a</data></match></read>
    <read><length>9</length><match><data>00000024\x0a</data></match></read>
    <read><length>1131</length><match><data>8 \x1b\x5b1\x3b35\x3b47m\xe2\x99\x9c \x1b\x5b0m\x1b\x5b1\x3b35\x3b40m\xe2\x99\x9e \x1b\x5b0m\x1b\x5b1\x3b35\x3b47m\xe2\x99\x9d \x1b\x5b0m\x1b\x5b1\x3b35\x3b40m\xe2\x99\x9b \x1b\x5b0m\x1b\x5b1\x3b35\x3b47m\xe2\x99\x9a \x1b\x5b0m\x1b\x5b1\x3b35\x3b40m\xe2\x99\x9d \x1b\x5b0m\x1b\x5b1\x3b36\x3b47m  \x1b\x5b0m\x1b\x5b1\x3b35\x3b40m\xe2\x99\x9c \x1b\x5b0m\x0a7 \x1b\x5b1\x3b35\x3b40m\xe2\x99\x9f \x1b\x5b0m\x1b\x5b1\x3b35\x3b47m\xe2\x99\x9f \x1b\x5b0m\x1b\x5b1\x3b36\x3b40m  \x1b\x5b0m\x1b\x5b1\x3b35\x3b47m\xe2\x99\x9f \x1b\x5b0m\x1b\x5b1\x3b35\x3b40m\xe2\x99\x9f \x1b\x5b0m\x1b\x5b1\x3b35\x3b47m\xe2\x99\x9f \x1b\x5b0m\x1b\x5b1\x3b36\x3b40m  \x1b\x5b0m\x1b\x5b1\x3b35\x3b47m\xe2\x99\x9f \x1b\x5b0m\x0a6 \x1b\x5b1\x3b36\x3b47m  \x1b\x5b0m\x1b\x5b1\x3b36\x3b40m  \x1b\x5b0m\x1b\x5b1\x3b36\x3b47m  \x1b\x5b0m\x1b\x5b1\x3b36\x3b40m  \x1b\x5b0m\x1b\x5b1\x3b36\x3b47m  \x1b\x5b0m\x1b\x5b1\x3b36\x3b40m  \x1b\x5b0m\x1b\x5b1\x3b35\x3b47m\xe2\x99\x9f \x1b\x5b0m\x1b\x5b1\x3b35\x3b40m\xe2\x99\x9e \x1b\x5b0m\x0a5 \x1b\x5b1\x3b36\x3b40m  \x1b\x5b0m\x1b\x5b1\x3b36\x3b47m  \x1b\x5b0m\x1b\x5b1\x3b35\x3b40m\xe2\x99\x9f \x1b\x5b0m\x1b\x5b1\x3b36\x3b47m  \x1b\x5b0m\x1b\x5b1\x3b36\x3b40m  \x1b\x5b0m\x1b\x5b1\x3b36\x3b47m  \x1b\x5b0m\x1b\x5b1\x3b36\x3b40m  \x1b\x5b0m\x1b\x5b1\x3b36\x3b47m  \x1b\x5b0m\x0a4 \x1b\x5b1\x3b36\x3b47m  \x1b\x5b0m\x1b\x5b1\x3b36\x3b40m\xe2\x99\x99 \x1b\x5b0m\x1b\x5b1\x3b36\x3b47m  \x1b\x5b0m\x1b\x5b1\x3b36\x3b40m  \x1b\x5b0m\x1b\x5b1\x3b36\x3b47m  \x1b\x5b0m\x1b\x5b1\x3b36\x3b40m  \x1b\x5b0m\x1b\x5b1\x3b36\x3b47m  \x1b\x5b0m\x1b\x5b1\x3b36\x3b40m\xe2\x99\x99 \x1b\x5b0m\x0a3 \x1b\x5b1\x3b36\x3b40m  \x1b\x5b0m\x1b\x5b1\x3b36\x3b47m  \x1b\x5b0m\x1b\x5b1\x3b36\x3b40m  \x1b\x5b0m\x1b\x5b1\x3b36\x3b47m\xe2\x99\x99 \x1b\x5b0m\x1b\x5b1\x3b36\x3b40m  \x1b\x5b0m\x1b\x5b1\x3b36\x3b47m  \x1b\x5b0m\x1b\x5b1\x3b36\x3b40m  \x1b\x5b0m\x1b\x5b1\x3b36\x3b47m  \x1b\x5b0m\x0a2 \x1b\x5b1\x3b36\x3b47m\xe2\x99\x99 \x1b\x5b0m\x1b\x5b1\x3b36\x3b40m  \x1b\x5b0m\x1b\x5b1\x3b36\x3b47m\xe2\x99\x99 \x1b\x5b0m\x1b\x5b1\x3b36\x3b40m  \x1b\x5b0m\x1b\x5b1\x3b36\x3b47m\xe2\x99\x99 \x1b\x5b0m\x1b\x5b1\x3b36\x3b40m\xe2\x99\x99 \x1b\x5b0m\x1b\x5b1\x3b36\x3b47m\xe2\x99\x99 \x1b\x5b0m\x1b\x5b1\x3b36\x3b40m  \x1b\x5b0m\x0a1 \x1b\x5b1\x3b36\x3b40m\xe2\x99\x96 \x1b\x5b0m\x1b\x5b1\x3b36\x3b47m\xe2\x99\x98 \x1b\x5b0m\x1b\x5b1\x3b36\x3b40m\xe2\x99\x97 \x1b\x5b0m\x1b\x5b1\x3b36\x3b47m\xe2\x99\x95 \x1b\x5b0m\x1b\x5b1\x3b36\x3b40m\xe2\x99\x94 \x1b\x5b0m\x1b\x5b1\x3b36\x3b47m\xe2\x99\x97 \x1b\x5b0m\x1b\x5b1\x3b36\x3b40m\xe2\x99\x98 \x1b\x5b0m\x1b\x5b1\x3b36\x3b47m\xe2\x99\x96 \x1b\x5b0m\x0a  a b c d e f g h \x0a</data></match></read>
    <read><length>13</length><match><data>\x1b\x5b1\x3b36m\x3e\x1b\x5b0m </data></match></read>
    <!-- Valid move -->
    <write><data>e2e3\x0a</data></write>
    <read><length>6</length><match><data>\x0ae2e3\x0a</data></match></read>
    <read><length>9</length><match><data>00000024\x0a</data></match></read>
    <read><length>1131</length><match><data>1 \x1b\x5b1\x3b36\x3b47m\xe2\x99\x96 \x1b\x5b0m\x1b\x5b1\x3b36\x3b40m\xe2\x99\x98 \x1b\x5b0m\x1b\x5b1\x3b36\x3b47m\xe2\x99\x97 \x1b\x5b0m\x1b\x5b1\x3b36\x3b40m\xe2\x99\x94 \x1b\x5b0m\x1b\x5b1\x3b36\x3b47m\xe2\x99\x95 \x1b\x5b0m\x1b\x5b1\x3b36\x3b40m\xe2\x99\x97 \x1b\x5b0m\x1b\x5b1\x3b36\x3b47m\xe2\x99\x98 \x1b\x5b0m\x1b\x5b1\x3b36\x3b40m\xe2\x99\x96 \x1b\x5b0m\x0a2 \x1b\x5b1\x3b36\x3b40m  \x1b\x5b0m\x1b\x5b1\x3b36\x3b47m\xe2\x99\x99 \x1b\x5b0m\x1b\x5b1\x3b36\x3b40m\xe2\x99\x99 \x1b\x5b0m\x1b\x5b1\x3b36\x3b47m  \x1b\x5b0m\x1b\x5b1\x3b36\x3b40m  \x1b\x5b0m\x1b\x5b1\x3b36\x3b47m\xe2\x99\x99 \x1b\x5b0m\x1b\x5b1\x3b36\x3b40m  \x1b\x5b0m\x1b\x5b1\x3b36\x3b47m\xe2\x99\x99 \x1b\x5b0m\x0a3 \x1b\x5b1\x3b36\x3b47m  \x1b\x5b0m\x1b\x5b1\x3b36\x3b40m  \x1b\x5b0m\x1b\x5b1\x3b36\x3b47m  \x1b\x5b0m\x1b\x5b1\x3b36\x3b40m\xe2\x99\x99 \x1b\x5b0m\x1b\x5b1\x3b36\x3b47m\xe2\x99\x99 \x1b\x5b0m\x1b\x5b1\x3b36\x3b40m  \x1b\x5b0m\x1b\x5b1\x3b36\x3b47m  \x1b\x5b0m\x1b\x5b1\x3b36\x3b40m  \x1b\x5b0m\x0a4 \x1b\x5b1\x3b36\x3b40m\xe2\x99\x99 \x1b\x5b0m\x1b\x5b1\x3b36\x3b47m  \x1b\x5b0m\x1b\x5b1\x3b36\x3b40m  \x1b\x5b0m\x1b\x5b1\x3b36\x3b47m  \x1b\x5b0m\x1b\x5b1\x3b36\x3b40m  \x1b\x5b0m\x1b\x5b1\x3b36\x3b47m  \x1b\x5b0m\x1b\x5b1\x3b36\x3b40m\xe2\x99\x99 \x1b\x5b0m\x1b\x5b1\x3b36\x3b47m  \x1b\x5b0m\x0a5 \x1b\x5b1\x3b36\x3b47m  \x1b\x5b0m\x1b\x5b1\x3b36\x3b40m  \x1b\x5b0m\x1b\x5b1\x3b36\x3b47m  \x1b\x5b0m\x1b\x5b1\x3b36\x3b40m  \x1b\x5b0m\x1b\x5b1\x3b36\x3b47m  \x1b\x5b0m\x1b\x5b1\x3b35\x3b40m\xe2\x99\x9f \x1b\x5b0m\x1b\x5b1\x3b36\x3b47m  \x1b\x5b0m\x1b\x5b1\x3b36\x3b40m  \x1b\x5b0m\x0a6 \x1b\x5b1\x3b35\x3b40m\xe2\x99\x9e \x1b\x5b0m\x1b\x5b1\x3b35\x3b47m\xe2\x99\x9f \x1b\x5b0m\x1b\x5b1\x3b36\x3b40m  \x1b\x5b0m\x1b\x5b1\x3b36\x3b47m  \x1b\x5b0m\x1b\x5b1\x3b36\x3b40m  \x1b\x5b0m\x1b\x5b1\x3b36\x3b47m  \x1b\x5b0m\x1b\x5b1\x3b36\x3b40m  \x1b\x5b0m\x1b\x5b1\x3b36\x3b47m  \x1b\x5b0m\x0a7 \x1b\x5b1\x3b35\x3b47m\xe2\x99\x9f \x1b\x5b0m\x1b\x5b1\x3b36\x3b40m  \x1b\x5b0m\x1b\x5b1\x3b35\x3b47m\xe2\x99\x9f \x1b\x5b0m\x1b\x5b1\x3b35\x3b40m\xe2\x99\x9f \x1b\x5b0m\x1b\x5b1\x3b35\x3b47m\xe2\x99\x9f \x1b\x5b0m\x1b\x5b1\x3b36\x3b40m  \x1b\x5b0m\x1b\x5b1\x3b35\x3b47m\xe2\x99\x9f \x1b\x5b0m\x1b\x5b1\x3b35\x3b40m\xe2\x99\x9f \x1b\x5b0m\x0a8 \x1b\x5b1\x3b35\x3b40m\xe2\x99\x9c \x1b\x5b0m\x1b\x5b1\x3b36\x3b47m  \x1b\x5b0m\x1b\x5b1\x3b35\x3b40m\xe2\x99\x9d \x1b\x5b0m\x1b\x5b1\x3b35\x3b47m\xe2\x99\x9a \x1b\x5b0m\x1b\x5b1\x3b35\x3b40m\xe2\x99\x9b \x1b\x5b0m\x1b\x5b1\x3b35\x3b47m\xe2\x99\x9d \x1b\x5b0m\x1b\x5b1\x3b35\x3b40m\xe2\x99\x9e \x1b\x5b0m\x1b\x5b1\x3b35\x3b47m\xe2\x99\x9c \x1b\x5b0m\x0a  h g f e d c b a \x0a</data></match></read>
    <read><length>13</length><match><data>\x1b\x5b0\x3b35m\x3e\x1b\x5b0m </data></match></read>
    <!-- Valid move -->
    <write><data>Qd8b6\x0a</data></write>
    <read><length>7</length><match><data>\x0aQd8b6\x0a</data></match></read>
    <read><length>9</length><match><data>00000024\x0a</data></match></read>
    <read><length>1131</length><match><data>8 \x1b\x5b1\x3b35\x3b47m\xe2\x99\x9c \x1b\x5b0m\x1b\x5b1\x3b35\x3b40m\xe2\x99\x9e \x1b\x5b0m\x1b\x5b1\x3b35\x3b47m\xe2\x99\x9d \x1b\x5b0m\x1b\x5b1\x3b36\x3b40m  \x1b\x5b0m\x1b\x5b1\x3b35\x3b47m\xe2\x99\x9a \x1b\x5b0m\x1b\x5b1\x3b35\x3b40m\xe2\x99\x9d \x1b\x5b0m\x1b\x5b1\x3b36\x3b47m  \x1b\x5b0m\x1b\x5b1\x3b35\x3b40m\xe2\x99\x9c \x1b\x5b0m\x0a7 \x1b\x5b1\x3b35\x3b40m\xe2\x99\x9f \x1b\x5b0m\x1b\x5b1\x3b35\x3b47m\xe2\x99\x9f \x1b\x5b0m\x1b\x5b1\x3b36\x3b40m  \x1b\x5b0m\x1b\x5b1\x3b35\x3b47m\xe2\x99\x9f \x1b\x5b0m\x1b\x5b1\x3b35\x3b40m\xe2\x99\x9f \x1b\x5b0m\x1b\x5b1\x3b35\x3b47m\xe2\x99\x9f \x1b\x5b0m\x1b\x5b1\x3b36\x3b40m  \x1b\x5b0m\x1b\x5b1\x3b35\x3b47m\xe2\x99\x9f \x1b\x5b0m\x0a6 \x1b\x5b1\x3b36\x3b47m  \x1b\x5b0m\x1b\x5b1\x3b35\x3b40m\xe2\x99\x9b \x1b\x5b0m\x1b\x5b1\x3b36\x3b47m  \x1b\x5b0m\x1b\x5b1\x3b36\x3b40m  \x1b\x5b0m\x1b\x5b1\x3b36\x3b47m  \x1b\x5b0m\x1b\x5b1\x3b36\x3b40m  \x1b\x5b0m\x1b\x5b1\x3b35\x3b47m\xe2\x99\x9f \x1b\x5b0m\x1b\x5b1\x3b35\x3b40m\xe2\x99\x9e \x1b\x5b0m\x0a5 \x1b\x5b1\x3b36\x3b40m  \x1b\x5b0m\x1b\x5b1\x3b36\x3b47m  \x1b\x5b0m\x1b\x5b1\x3b35\x3b40m\xe2\x99\x9f \x1b\x5b0m\x1b\x5b1\x3b36\x3b47m  \x1b\x5b0m\x1b\x5b1\x3b36\x3b40m  \x1b\x5b0m\x1b\x5b1\x3b36\x3b47m  \x1b\x5b0m\x1b\x5b1\x3b36\x3b40m  \x1b\x5b0m\x1b\x5b1\x3b36\x3b47m  \x1b\x5b0m\x0a4 \x1b\x5b1\x3b36\x3b47m  \x1b\x5b0m\x1b\x5b1\x3b36\x3b40m\xe2\x99\x99 \x1b\x5b0m\x1b\x5b1\x3b36\x3b47m  \x1b\x5b0m\x1b\x5b1\x3b36\x3b40m  \x1b\x5b0m\x1b\x5b1\x3b36\x3b47m  \x1b\x5b0m\x1b\x5b1\x3b36\x3b40m  \x1b\x5b0m\x1b\x5b1\x3b36\x3b47m  \x1b\x5b0m\x1b\x5b1\x3b36\x3b40m\xe2\x99\x99 \x1b\x5b0m\x0a3 \x1b\x5b1\x3b36\x3b40m  \x1b\x5b0m\x1b\x5b1\x3b36\x3b47m  \x1b\x5b0m\x1b\x5b1\x3b36\x3b40m  \x1b\x5b0m\x1b\x5b1\x3b36\x3b47m\xe2\x99\x99 \x1b\x5b0m\x1b\x5b1\x3b36\x3b40m\xe2\x99\x99 \x1b\x5b0m\x1b\x5b1\x3b36\x3b47m  \x1b\x5b0m\x1b\x5b1\x3b36\x3b40m  \x1b\x5b0m\x1b\x5b1\x3b36\x3b47m  \x1b\x5b0m\x0a2 \x1b\x5b1\x3b36\x3b47m\xe2\x99\x99 \x1b\x5b0m\x1b\x5b1\x3b36\x3b40m  \x1b\x5b0m\x1b\x5b1\x3b36\x3b47m\xe2\x99\x99 \x1b\x5b0m\x1b\x5b1\x3b36\x3b40m  \x1b\x5b0m\x1b\x5b1\x3b36\x3b47m  \x1b\x5b0m\x1b\x5b1\x3b36\x3b40m\xe2\x99\x99 \x1b\x5b0m\x1b\x5b1\x3b36\x3b47m\xe2\x99\x99 \x1b\x5b0m\x1b\x5b1\x3b36\x3b40m  \x1b\x5b0m\x0a1 \x1b\x5b1\x3b36\x3b40m\xe2\x99\x96 \x1b\x5b0m\x1b\x5b1\x3b36\x3b47m\xe2\x99\x98 \x1b\x5b0m\x1b\x5b1\x3b36\x3b40m\xe2\x99\x97 \x1b\x5b0m\x1b\x5b1\x3b36\x3b47m\xe2\x99\x95 \x1b\x5b0m\x1b\x5b1\x3b36\x3b40m\xe2\x99\x94 \x1b\x5b0m\x1b\x5b1\x3b36\x3b47m\xe2\x99\x97 \x1b\x5b0m\x1b\x5b1\x3b36\x3b40m\xe2\x99\x98 \x1b\x5b0m\x1b\x5b1\x3b36\x3b47m\xe2\x99\x96 \x1b\x5b0m\x0a  a b c d e f g h \x0a</data></match></read>
    <read><length>13</length><match><data>\x1b\x5b1\x3b36m\x3e\x1b\x5b0m </data></match></read>
    <!-- Valid move -->
    <write><data>Ke1e2\x0a</data></write>
    <read><length>7</length><match><data>\x0aKe1e2\x0a</data></match></read>
    <read><length>9</length><match><data>00000024\x0a</data></match></read>
    <read><length>1131</length><match><data>1 \x1b\x5b1\x3b36\x3b47m\xe2\x99\x96 \x1b\x5b0m\x1b\x5b1\x3b36\x3b40m\xe2\x99\x98 \x1b\x5b0m\x1b\x5b1\x3b36\x3b47m\xe2\x99\x97 \x1b\x5b0m\x1b\x5b1\x3b36\x3b40m  \x1b\x5b0m\x1b\x5b1\x3b36\x3b47m\xe2\x99\x95 \x1b\x5b0m\x1b\x5b1\x3b36\x3b40m\xe2\x99\x97 \x1b\x5b0m\x1b\x5b1\x3b36\x3b47m\xe2\x99\x98 \x1b\x5b0m\x1b\x5b1\x3b36\x3b40m\xe2\x99\x96 \x1b\x5b0m\x0a2 \x1b\x5b1\x3b36\x3b40m  \x1b\x5b0m\x1b\x5b1\x3b36\x3b47m\xe2\x99\x99 \x1b\x5b0m\x1b\x5b1\x3b36\x3b40m\xe2\x99\x99 \x1b\x5b0m\x1b\x5b1\x3b36\x3b47m\xe2\x99\x94 \x1b\x5b0m\x1b\x5b1\x3b36\x3b40m  \x1b\x5b0m\x1b\x5b1\x3b36\x3b47m\xe2\x99\x99 \x1b\x5b0m\x1b\x5b1\x3b36\x3b40m  \x1b\x5b0m\x1b\x5b1\x3b36\x3b47m\xe2\x99\x99 \x1b\x5b0m\x0a3 \x1b\x5b1\x3b36\x3b47m  \x1b\x5b0m\x1b\x5b1\x3b36\x3b40m  \x1b\x5b0m\x1b\x5b1\x3b36\x3b47m  \x1b\x5b0m\x1b\x5b1\x3b36\x3b40m\xe2\x99\x99 \x1b\x5b0m\x1b\x5b1\x3b36\x3b47m\xe2\x99\x99 \x1b\x5b0m\x1b\x5b1\x3b36\x3b40m  \x1b\x5b0m\x1b\x5b1\x3b36\x3b47m  \x1b\x5b0m\x1b\x5b1\x3b36\x3b40m  \x1b\x5b0m\x0a4 \x1b\x5b1\x3b36\x3b40m\xe2\x99\x99 \x1b\x5b0m\x1b\x5b1\x3b36\x3b47m  \x1b\x5b0m\x1b\x5b1\x3b36\x3b40m  \x1b\x5b0m\x1b\x5b1\x3b36\x3b47m  \x1b\x5b0m\x1b\x5b1\x3b36\x3b40m  \x1b\x5b0m\x1b\x5b1\x3b36\x3b47m  \x1b\x5b0m\x1b\x5b1\x3b36\x3b40m\xe2\x99\x99 \x1b\x5b0m\x1b\x5b1\x3b36\x3b47m  \x1b\x5b0m\x0a5 \x1b\x5b1\x3b36\x3b47m  \x1b\x5b0m\x1b\x5b1\x3b36\x3b40m  \x1b\x5b0m\x1b\x5b1\x3b36\x3b47m  \x1b\x5b0m\x1b\x5b1\x3b36\x3b40m  \x1b\x5b0m\x1b\x5b1\x3b36\x3b47m  \x1b\x5b0m\x1b\x5b1\x3b35\x3b40m\xe2\x99\x9f \x1b\x5b0m\x1b\x5b1\x3b36\x3b47m  \x1b\x5b0m\x1b\x5b1\x3b36\x3b40m  \x1b\x5b0m\x0a6 \x1b\x5b1\x3b35\x3b40m\xe2\x99\x9e \x1b\x5b0m\x1b\x5b1\x3b35\x3b47m\xe2\x99\x9f \x1b\x5b0m\x1b\x5b1\x3b36\x3b40m  \x1b\x5b0m\x1b\x5b1\x3b36\x3b47m  \x1b\x5b0m\x1b\x5b1\x3b36\x3b40m  \x1b\x5b0m\x1b\x5b1\x3b36\x3b47m  \x1b\x5b0m\x1b\x5b1\x3b35\x3b40m\xe2\x99\x9b \x1b\x5b0m\x1b\x5b1\x3b36\x3b47m  \x1b\x5b0m\x0a7 \x1b\x5b1\x3b35\x3b47m\xe2\x99\x9f \x1b\x5b0m\x1b\x5b1\x3b36\x3b40m  \x1b\x5b0m\x1b\x5b1\x3b35\x3b47m\xe2\x99\x9f \x1b\x5b0m\x1b\x5b1\x3b35\x3b40m\xe2\x99\x9f \x1b\x5b0m\x1b\x5b1\x3b35\x3b47m\xe2\x99\x9f \x1b\x5b0m\x1b\x5b1\x3b36\x3b40m  \x1b\x5b0m\x1b\x5b1\x3b35\x3b47m\xe2\x99\x9f \x1b\x5b0m\x1b\x5b1\x3b35\x3b40m\xe2\x99\x9f \x1b\x5b0m\x0a8 \x1b\x5b1\x3b35\x3b40m\xe2\x99\x9c \x1b\x5b0m\x1b\x5b1\x3b36\x3b47m  \x1b\x5b0m\x1b\x5b1\x3b35\x3b40m\xe2\x99\x9d \x1b\x5b0m\x1b\x5b1\x3b35\x3b47m\xe2\x99\x9a \x1b\x5b0m\x1b\x5b1\x3b36\x3b40m  \x1b\x5b0m\x1b\x5b1\x3b35\x3b47m\xe2\x99\x9d \x1b\x5b0m\x1b\x5b1\x3b35\x3b40m\xe2\x99\x9e \x1b\x5b0m\x1b\x5b1\x3b35\x3b47m\xe2\x99\x9c \x1b\x5b0m\x0a  h g f e d c b a \x0a</data></match></read>
    <read><length>13</length><match><data>\x1b\x5b0\x3b35m\x3e\x1b\x5b0m </data></match></read>
    <!-- Invalid move -->
    <write><data>Qg8f4\x3dK\x2b\x0a</data></write>
    <read><delim>\x0a</delim><match><data>INVALID MOVE!</data></match></read>
    <read><length>1131</length><match><data>1 \x1b\x5b1\x3b36\x3b47m\xe2\x99\x96 \x1b\x5b0m\x1b\x5b1\x3b36\x3b40m\xe2\x99\x98 \x1b\x5b0m\x1b\x5b1\x3b36\x3b47m\xe2\x99\x97 \x1b\x5b0m\x1b\x5b1\x3b36\x3b40m  \x1b\x5b0m\x1b\x5b1\x3b36\x3b47m\xe2\x99\x95 \x1b\x5b0m\x1b\x5b1\x3b36\x3b40m\xe2\x99\x97 \x1b\x5b0m\x1b\x5b1\x3b36\x3b47m\xe2\x99\x98 \x1b\x5b0m\x1b\x5b1\x3b36\x3b40m\xe2\x99\x96 \x1b\x5b0m\x0a2 \x1b\x5b1\x3b36\x3b40m  \x1b\x5b0m\x1b\x5b1\x3b36\x3b47m\xe2\x99\x99 \x1b\x5b0m\x1b\x5b1\x3b36\x3b40m\xe2\x99\x99 \x1b\x5b0m\x1b\x5b1\x3b36\x3b47m\xe2\x99\x94 \x1b\x5b0m\x1b\x5b1\x3b36\x3b40m  \x1b\x5b0m\x1b\x5b1\x3b36\x3b47m\xe2\x99\x99 \x1b\x5b0m\x1b\x5b1\x3b36\x3b40m  \x1b\x5b0m\x1b\x5b1\x3b36\x3b47m\xe2\x99\x99 \x1b\x5b0m\x0a3 \x1b\x5b1\x3b36\x3b47m  \x1b\x5b0m\x1b\x5b1\x3b36\x3b40m  \x1b\x5b0m\x1b\x5b1\x3b36\x3b47m  \x1b\x5b0m\x1b\x5b1\x3b36\x3b40m\xe2\x99\x99 \x1b\x5b0m\x1b\x5b1\x3b36\x3b47m\xe2\x99\x99 \x1b\x5b0m\x1b\x5b1\x3b36\x3b40m  \x1b\x5b0m\x1b\x5b1\x3b36\x3b47m  \x1b\x5b0m\x1b\x5b1\x3b36\x3b40m  \x1b\x5b0m\x0a4 \x1b\x5b1\x3b36\x3b40m\xe2\x99\x99 \x1b\x5b0m\x1b\x5b1\x3b36\x3b47m  \x1b\x5b0m\x1b\x5b1\x3b36\x3b40m  \x1b\x5b0m\x1b\x5b1\x3b36\x3b47m  \x1b\x5b0m\x1b\x5b1\x3b36\x3b40m  \x1b\x5b0m\x1b\x5b1\x3b36\x3b47m  \x1b\x5b0m\x1b\x5b1\x3b36\x3b40m\xe2\x99\x99 \x1b\x5b0m\x1b\x5b1\x3b36\x3b47m  \x1b\x5b0m\x0a5 \x1b\x5b1\x3b36\x3b47m  \x1b\x5b0m\x1b\x5b1\x3b36\x3b40m  \x1b\x5b0m\x1b\x5b1\x3b36\x3b47m  \x1b\x5b0m\x1b\x5b1\x3b36\x3b40m  \x1b\x5b0m\x1b\x5b1\x3b36\x3b47m  \x1b\x5b0m\x1b\x5b1\x3b35\x3b40m\xe2\x99\x9f \x1b\x5b0m\x1b\x5b1\x3b36\x3b47m  \x1b\x5b0m\x1b\x5b1\x3b36\x3b40m  \x1b\x5b0m\x0a6 \x1b\x5b1\x3b35\x3b40m\xe2\x99\x9e \x1b\x5b0m\x1b\x5b1\x3b35\x3b47m\xe2\x99\x9f \x1b\x5b0m\x1b\x5b1\x3b36\x3b40m  \x1b\x5b0m\x1b\x5b1\x3b36\x3b47m  \x1b\x5b0m\x1b\x5b1\x3b36\x3b40m  \x1b\x5b0m\x1b\x5b1\x3b36\x3b47m  \x1b\x5b0m\x1b\x5b1\x3b35\x3b40m\xe2\x99\x9b \x1b\x5b0m\x1b\x5b1\x3b36\x3b47m  \x1b\x5b0m\x0a7 \x1b\x5b1\x3b35\x3b47m\xe2\x99\x9f \x1b\x5b0m\x1b\x5b1\x3b36\x3b40m  \x1b\x5b0m\x1b\x5b1\x3b35\x3b47m\xe2\x99\x9f \x1b\x5b0m\x1b\x5b1\x3b35\x3b40m\xe2\x99\x9f \x1b\x5b0m\x1b\x5b1\x3b35\x3b47m\xe2\x99\x9f \x1b\x5b0m\x1b\x5b1\x3b36\x3b40m  \x1b\x5b0m\x1b\x5b1\x3b35\x3b47m\xe2\x99\x9f \x1b\x5b0m\x1b\x5b1\x3b35\x3b40m\xe2\x99\x9f \x1b\x5b0m\x0a8 \x1b\x5b1\x3b35\x3b40m\xe2\x99\x9c \x1b\x5b0m\x1b\x5b1\x3b36\x3b47m  \x1b\x5b0m\x1b\x5b1\x3b35\x3b40m\xe2\x99\x9d \x1b\x5b0m\x1b\x5b1\x3b35\x3b47m\xe2\x99\x9a \x1b\x5b0m\x1b\x5b1\x3b36\x3b40m  \x1b\x5b0m\x1b\x5b1\x3b35\x3b47m\xe2\x99\x9d \x1b\x5b0m\x1b\x5b1\x3b35\x3b40m\xe2\x99\x9e \x1b\x5b0m\x1b\x5b1\x3b35\x3b47m\xe2\x99\x9c \x1b\x5b0m\x0a  h g f e d c b a \x0a</data></match></read>
    <read><length>13</length><match><data>\x1b\x5b0\x3b35m\x3e\x1b\x5b0m </data></match></read>
    <write><data>quit\x0a</data></write>
</replay>
</pov>