<?xml version="1.0" standalone="no" ?>
<!DOCTYPE pov SYSTEM "/usr/share/cgc-docs/replay.dtd">
<pov>
<cbid>service</cbid>
<seed>f822ca45915c2b7e2022c211c88c381cb303222ce58a7350de875c04e4dc0daa58b2feef4f009e079ad3717fba263c3d</seed>
<replay>
    <delay>50</delay>
    <read><length>1131</length><match><data>8 \x1b\x5b1\x3b35\x3b47m\xe2\x99\x9c \x1b\x5b0m\x1b\x5b1\x3b35\x3b40m\xe2\x99\x9e \x1b\x5b0m\x1b\x5b1\x3b35\x3b47m\xe2\x99\x9d \x1b\x5b0m\x1b\x5b1\x3b35\x3b40m\xe2\x99\x9b \x1b\x5b0m\x1b\x5b1\x3b35\x3b47m\xe2\x99\x9a \x1b\x5b0m\x1b\x5b1\x3b35\x3b40m\xe2\x99\x9d \x1b\x5b0m\x1b\x5b1\x3b35\x3b47m\xe2\x99\x9e \x1b\x5b0m\x1b\x5b1\x3b35\x3b40m\xe2\x99\x9c \x1b\x5b0m\x0a7 \x1b\x5b1\x3b35\x3b40m\xe2\x99\x9f \x1b\x5b0m\x1b\x5b1\x3b35\x3b47m\xe2\x99\x9f \x1b\x5b0m\x1b\x5b1\x3b35\x3b40m\xe2\x99\x9f \x1b\x5b0m\x1b\x5b1\x3b35\x3b47m\xe2\x99\x9f \x1b\x5b0m\x1b\x5b1\x3b35\x3b40m\xe2\x99\x9f \x1b\x5b0m\x1b\x5b1\x3b35\x3b47m\xe2\x99\x9f \x1b\x5b0m\x1b\x5b1\x3b35\x3b40m\xe2\x99\x9f \x1b\x5b0m\x1b\x5b1\x3b35\x3b47m\xe2\x99\x9f \x1b\x5b0m\x0a6 \x1b\x5b1\x3b36\x3b47m  \x1b\x5b0m\x1b\x5b1\x3b36\x3b40m  \x1b\x5b0m\x1b\x5b1\x3b36\x3b47m  \x1b\x5b0m\x1b\x5b1\x3b36\x3b40m  \x1b\x5b0m\x1b\x5b1\x3b36\x3b47m  \x1b\x5b0m\x1b\x5b1\x3b36\x3b40m  \x1b\x5b0m\x1b\x5b1\x3b36\x3b47m  \x1b\x5b0m\x1b\x5b1\x3b36\x3b40m  \x1b\x5b0m\x0a5 \x1b\x5b1\x3b36\x3b40m  \x1b\x5b0m\x1b\x5b1\x3b36\x3b47m  \x1b\x5b0m\x1b\x5b1\x3b36\x3b40m  \x1b\x5b0m\x1b\x5b1\x3b36\x3b47m  \x1b\x5b0m\x1b\x5b1\x3b36\x3b40m  \x1b\x5b0m\x1b\x5b1\x3b36\x3b47m  \x1b\x5b0m\x1b\x5b1\x3b36\x3b40m  \x1b\x5b0m\x1b\x5b1\x3b36\x3b47m  \x1b\x5b0m\x0a4 \x1b\x5b1\x3b36\x3b47m  \x1b\x5b0m\x1b\x5b1\x3b36\x3b40m  \x1b\x5b0m\x1b\x5b1\x3b36\x3b47m  \x1b\x5b0m\x1b\x5b1\x3b36\x3b40m  \x1b\x5b0m\x1b\x5b1\x3b36\x3b47m  \x1b\x5b0m\x1b\x5b1\x3b36\x3b40m  \x1b\x5b0m\x1b\x5b1\x3b36\x3b47m  \x1b\x5b0m\x1b\x5b1\x3b36\x3b40m  \x1b\x5b0m\x0a3 \x1b\x5b1\x3b36\x3b40m  \x1b\x5b0m\x1b\x5b1\x3b36\x3b47m  \x1b\x5b0m\x1b\x5b1\x3b36\x3b40m  \x1b\x5b0m\x1b\x5b1\x3b36\x3b47m  \x1b\x5b0m\x1b\x5b1\x3b36\x3b40m  \x1b\x5b0m\x1b\x5b1\x3b36\x3b47m  \x1b\x5b0m\x1b\x5b1\x3b36\x3b40m  \x1b\x5b0m\x1b\x5b1\x3b36\x3b47m  \x1b\x5b0m\x0a2 \x1b\x5b1\x3b36\x3b47m\xe2\x99\x99 \x1b\x5b0m\x1b\x5b1\x3b36\x3b40m\xe2\x99\x99 \x1b\x5b0m\x1b\x5b1\x3b36\x3b47m\xe2\x99\x99 \x1b\x5b0m\x1b\x5b1\x3b36\x3b40m\xe2\x99\x99 \x1b\x5b0m\x1b\x5b1\x3b36\x3b47m\xe2\x99\x99 \x1b\x5b0m\x1b\x5b1\x3b36\x3b40m\xe2\x99\x99 \x1b\x5b0m\x1b\x5b1\x3b36\x3b47m\xe2\x99\x99 \x1b\x5b0m\x1b\x5b1\x3b36\x3b40m\xe2\x99\x99 \x1b\x5b0m\x0a1 \x1b\x5b1\x3b36\x3b40m\xe2\x99\x96 \x1b\x5b0m\x1b\x5b1\x3b36\x3b47m\xe2\x99\x98 \x1b\x5b0m\x1b\x5b1\x3b36\x3b40m\xe2\x99\x97 \x1b\x5b0m\x1b\x5b1\x3b36\x3b47m\xe2\x99\x95 \x1b\x5b0m\x1b\x5b1\x3b36\x3b40m\xe2\x99\x94 \x1b\x5b0m\x1b\x5b1\x3b36\x3b47m\xe2\x99\x97 \x1b\x5b0m\x1b\x5b1\x3b36\x3b40m\xe2\x99\x98 \x1b\x5b0m\x1b\x5b1\x3b36\x3b47m\xe2\x99\x96 \x1b\x5b0m\x0a  a b c d e f g h \x0a</data></match></read>
    <read><length>13</length><match><data>\x1b\x5b1\x3b36m\x3e\x1b\x5b0m </data></match></read>
    <!-- Valid move -->
    <write><data>c2c4\x0a</data></write>
    <read><length>6</length><match><data>\x0ac2c4\x0a</data></match></read>
    <read><length>9</length><match><data>000000cb\x0a</data></match></read>
    <read><length>1131</length><match><data>1 \x1b\x5b1\x3b36\x3b47m\xe2\x99\x96 \x1b\x5b0m\x1b\x5b1\x3b36\x3b40m\xe2\x99\x98 \x1b\x5b0m\x1b\x5b1\x3b36\x3b47m\xe2\x99\x97 \x1b\x5b0m\x1b\x5b1\x3b36\x3b40m\xe2\x99\x94 \x1b\x5b0m\x1b\x5b1\x3b36\x3b47m\xe2\x99\x95 \x1b\x5b0m\x1b\x5b1\x3b36\x3b40m\xe2\x99\x97 \x1b\x5b0m\x1b\x5b1\x3b36\x3b47m\xe2\x99\x98 \x1b\x5b0m\x1b\x5b1\x3b36\x3b40m\xe2\x99\x96 \x1b\x5b0m\x0a2 \x1b\x5b1\x3b36\x3b40m\xe2\x99\x99 \x1b\x5b0m\x1b\x5b1\x3b36\x3b47m\xe2\x99\x99 \x1b\x5b0m\x1b\x5b1\x3b36\x3b40m\xe2\x99\x99 \x1b\x5b0m\x1b\x5b1\x3b36\x3b47m\xe2\x99\x99 \x1b\x5b0m\x1b\x5b1\x3b36\x3b40m\xe2\x99\x99 \x1b\x5b0m\x1b\x5b1\x3b36\x3b47m  \x1b\x5b0m\x1b\x5b1\x3b36\x3b40m\xe2\x99\x99 \x1b\x5b0m\x1b\x5b1\x3b36\x3b47m\xe2\x99\x99 \x1b\x5b0m\x0a3 \x1b\x5b1\x3b36\x3b47m  \x1b\x5b0m\x1b\x5b1\x3b36\x3b40m  \x1b\x5b0m\x1b\x5b1\x3b36\x3b47m  \x1b\x5b0m\x1b\x5b1\x3b36\x3b40m  \x1b\x5b0m\x1b\x5b1\x3b36\x3b47m  \x1b\x5b0m\x1b\x5b1\x3b36\x3b40m  \x1b\x5b0m\x1b\x5b1\x3b36\x3b47m  \x1b\x5b0m\x1b\x5b1\x3b36\x3b40m  \x1b\x5b0m\x0a4 \x1b\x5b1\x3b36\x3b40m  \x1b\x5b0m\x1b\x5b1\x3b36\x3b47m  \x1b\x5b0m\x1b\x5b1\x3b36\x3b40m  \x1b\x5b0m\x1b\x5b1\x3b36\x3b47m  \x1b\x5b0m\x1b\x5b1\x3b36\x3b40m  \x1b\x5b0m\x1b\x5b1\x3b36\x3b47m\xe2\x99\x99 \x1b\x5b0m\x1b\x5b1\x3b36\x3b40m  \x1b\x5b0m\x1b\x5b1\x3b36\x3b47m  \x1b\x5b0m\x0a5 \x1b\x5b1\x3b36\x3b47m  \x1b\x5b0m\x1b\x5b1\x3b36\x3b40m  \x1b\x5b0m\x1b\x5b1\x3b36\x3b47m  \x1b\x5b0m\x1b\x5b1\x3b36\x3b40m  \x1b\x5b0m\x1b\x5b1\x3b36\x3b47m  \x1b\x5b0m\x1b\x5b1\x3b36\x3b40m  \x1b\x5b0m\x1b\x5b1\x3b36\x3b47m  \x1b\x5b0m\x1b\x5b1\x3b36\x3b40m  \x1b\x5b0m\x0a6 \x1b\x5b1\x3b36\x3b40m  \x1b\x5b0m\x1b\x5b1\x3b36\x3b47m  \x1b\x5b0m\x1b\x5b1\x3b36\x3b40m  \x1b\x5b0m\x1b\x5b1\x3b36\x3b47m  \x1b\x5b0m\x1b\x5b1\x3b36\x3b40m  \x1b\x5b0m\x1b\x5b1\x3b36\x3b47m  \x1b\x5b0m\x1b\x5b1\x3b36\x3b40m  \x1b\x5b0m\x1b\x5b1\x3b36\x3b47m  \x1b\x5b0m\x0a7 \x1b\x5b1\x3b35\x3b47m\xe2\x99\x9f \x1b\x5b0m\x1b\x5b1\x3b35\x3b40m\xe2\x99\x9f \x1b\x5b0m\x1b\x5b1\x3b35\x3b47m\xe2\x99\x9f \x1b\x5b0m\x1b\x5b1\x3b35\x3b40m\xe2\x99\x9f \x1b\x5b0m\x1b\x5b1\x3b35\x3b47m\xe2\x99\x9f \x1b\x5b0m\x1b\x5b1\x3b35\x3b40m\xe2\x99\x9f \x1b\x5b0m\x1b\x5b1\x3b35\x3b47m\xe2\x99\x9f \x1b\x5b0m\x1b\x5b1\x3b35\x3b40m\xe2\x99\x9f \x1b\x5b0m\x0a8 \x1b\x5b1\x3b35\x3b40m\xe2\x99\x9c \x1b\x5b0m\x1b\x5b1\x3b35\x3b47m\xe2\x99\x9e \x1b\x5b0m\x1b\x5b1\x3b35\x3b40m\xe2\x99\x9d \x1b\x5b0m\x1b\x5b1\x3b35\x3b47m\xe2\x99\x9a \x1b\x5b0m\x1b\x5b1\x3b35\x3b40m\xe2\x99\x9b \x1b\x5b0m\x1b\x5b1\x3b35\x3b47m\xe2\x99\x9d \x1b\x5b0m\x1b\x5b1\x3b35\x3b40m\xe2\x99\x9e \x1b\x5b0m\x1b\x5b1\x3b35\x3b47m\xe2\x99\x9c \x1b\x5b0m\x0a  h g f e d c b a \x0a</data></match></read>
    <read><length>13</length><match><data>\x1b\x5b0\x3b35m\x3e\x1b\x5b0m </data></match></read>
    <!-- Valid move -->
    <write><data>a7a5\x0a</data></write>
    <read><length>6</length><match><data>\x0aa7a5\x0a</data></match></read>
    <read><length>9</length><match><data>000000cb\x0a</data></match></read>
    <read><length>1131</length><match><data>8 \x1b\x5b1\x3b35\x3b47m\xe2\x99\x9c \x1b\x5b0m\x1b\x5b1\x3b35\x3b40m\xe2\x99\x9e \x1b\x5b0m\x1b\x5b1\x3b35\x3b47m\xe2\x99\x9d \x1b\x5b0m\x1b\x5b1\x3b35\x3b40m\xe2\x99\x9b \x1b\x5b0m\x1b\x5b1\x3b35\x3b47m\xe2\x99\x9a \x1b\x5b0m\x1b\x5b1\x3b35\x3b40m\xe2\x99\x9d \x1b\x5b0m\x1b\x5b1\x3b35\x3b47m\xe2\x99\x9e \x1b\x5b0m\x1b\x5b1\x3b35\x3b40m\xe2\x99\x9c \x1b\x5b0m\x0a7 \x1b\x5b1\x3b36\x3b40m  \x1b\x5b0m\x1b\x5b1\x3b35\x3b47m\xe2\x99\x9f \x1b\x5b0m\x1b\x5b1\x3b35\x3b40m\xe2\x99\x9f \x1b\x5b0m\x1b\x5b1\x3b35\x3b47m\xe2\x99\x9f \x1b\x5b0m\x1b\x5b1\x3b35\x3b40m\xe2\x99\x9f \x1b\x5b0m\x1b\x5b1\x3b35\x3b47m\xe2\x99\x9f \x1b\x5b0m\x1b\x5b1\x3b35\x3b40m\xe2\x99\x9f \x1b\x5b0m\x1b\x5b1\x3b35\x3b47m\xe2\x99\x9f \x1b\x5b0m\x0a6 \x1b\x5b1\x3b36\x3b47m  \x1b\x5b0m\x1b\x5b1\x3b36\x3b40m  \x1b\x5b0m\x1b\x5b1\x3b36\x3b47m  \x1b\x5b0m\x1b\x5b1\x3b36\x3b40m  \x1b\x5b0m\x1b\x5b1\x3b36\x3b47m  \x1b\x5b0m\x1b\x5b1\x3b36\x3b40m  \x1b\x5b0m\x1b\x5b1\x3b36\x3b47m  \x1b\x5b0m\x1b\x5b1\x3b36\x3b40m  \x1b\x5b0m\x0a5 \x1b\x5b1\x3b35\x3b40m\xe2\x99\x9f \x1b\x5b0m\x1b\x5b1\x3b36\x3b47m  \x1b\x5b0m\x1b\x5b1\x3b36\x3b40m  \x1b\x5b0m\x1b\x5b1\x3b36\x3b47m  \x1b\x5b0m\x1b\x5b1\x3b36\x3b40m  \x1b\x5b0m\x1b\x5b1\x3b36\x3b47m  \x1b\x5b0m\x1b\x5b1\x3b36\x3b40m  \x1b\x5b0m\x1b\x5b1\x3b36\x3b47m  \x1b\x5b0m\x0a4 \x1b\x5b1\x3b36\x3b47m  \x1b\x5b0m\x1b\x5b1\x3b36\x3b40m  \x1b\x5b0m\x1b\x5b1\x3b36\x3b47m\xe2\x99\x99 \x1b\x5b0m\x1b\x5b1\x3b36\x3b40m  \x1b\x5b0m\x1b\x5b1\x3b36\x3b47m  \x1b\x5b0m\x1b\x5b1\x3b36\x3b40m  \x1b\x5b0m\x1b\x5b1\x3b36\x3b47m  \x1b\x5b0m\x1b\x5b1\x3b36\x3b40m  \x1b\x5b0m\x0a3 \x1b\x5b1\x3b36\x3b40m  \x1b\x5b0m\x1b\x5b1\x3b36\x3b47m  \x1b\x5b0m\x1b\x5b1\x3b36\x3b40m  \x1b\x5b0m\x1b\x5b1\x3b36\x3b47m  \x1b\x5b0m\x1b\x5b1\x3b36\x3b40m  \x1b\x5b0m\x1b\x5b1\x3b36\x3b47m  \x1b\x5b0m\x1b\x5b1\x3b36\x3b40m  \x1b\x5b0m\x1b\x5b1\x3b36\x3b47m  \x1b\x5b0m\x0a2 \x1b\x5b1\x3b36\x3b47m\xe2\x99\x99 \x1b\x5b0m\x1b\x5b1\x3b36\x3b40m\xe2\x99\x99 \x1b\x5b0m\x1b\x5b1\x3b36\x3b47m  \x1b\x5b0m\x1b\x5b1\x3b36\x3b40m\xe2\x99\x99 \x1b\x5b0m\x1b\x5b1\x3b36\x3b47m\xe2\x99\x99 \x1b\x5b0m\x1b\x5b1\x3b36\x3b40m\xe2\x99\x99 \x1b\x5b0m\x1b\x5b1\x3b36\x3b47m\xe2\x99\x99 \x1b\x5b0m\x1b\x5b1\x3b36\x3b40m\xe2\x99\x99 \x1b\x5b0m\x0a1 \x1b\x5b1\x3b36\x3b40m\xe2\x99\x96 \x1b\x5b0m\x1b\x5b1\x3b36\x3b47m\xe2\x99\x98 \x1b\x5b0m\x1b\x5b1\x3b36\x3b40m\xe2\x99\x97 \x1b\x5b0m\x1b\x5b1\x3b36\x3b47m\xe2\x99\x95 \x1b\x5b0m\x1b\x5b1\x3b36\x3b40m\xe2\x99\x94 \x1b\x5b0m\x1b\x5b1\x3b36\x3b47m\xe2\x99\x97 \x1b\x5b0m\x1b\x5b1\x3b36\x3b40m\xe2\x99\x98 \x1b\x5b0m\x1b\x5b1\x3b36\x3b47m\xe2\x99\x96 \x1b\x5b0m\x0a  a b c d e f g h \x0a</data></match></read>
    <read><length>13</length><match><data>\x1b\x5b1\x3b36m\x3e\x1b\x5b0m </data></match></read>
    <!-- Invalid move -->
    <write><data>Ba6g8\x3dQ\x0a</data></write>
    <read><delim>\x0a</delim><match><data>INVALID MOVE!</data></match></read>
    <read><length>1131</length><match><data>8 \x1b\x5b1\x3b35\x3b47m\xe2\x99\x9c \x1b\x5b0m\x1b\x5b1\x3b35\x3b40m\xe2\x99\x9e \x1b\x5b0m\x1b\x5b1\x3b35\x3b47m\xe2\x99\x9d \x1b\x5b0m\x1b\x5b1\x3b35\x3b40m\xe2\x99\x9b \x1b\x5b0m\x1b\x5b1\x3b35\x3b47m\xe2\x99\x9a \x1b\x5b0m\x1b\x5b1\x3b35\x3b40m\xe2\x99\x9d \x1b\x5b0m\x1b\x5b1\x3b35\x3b47m\xe2\x99\x9e \x1b\x5b0m\x1b\x5b1\x3b35\x3b40m\xe2\x99\x9c \x1b\x5b0m\x0a7 \x1b\x5b1\x3b36\x3b40m  \x1b\x5b0m\x1b\x5b1\x3b35\x3b47m\xe2\x99\x9f \x1b\x5b0m\x1b\x5b1\x3b35\x3b40m\xe2\x99\x9f \x1b\x5b0m\x1b\x5b1\x3b35\x3b47m\xe2\x99\x9f \x1b\x5b0m\x1b\x5b1\x3b35\x3b40m\xe2\x99\x9f \x1b\x5b0m\x1b\x5b1\x3b35\x3b47m\xe2\x99\x9f \x1b\x5b0m\x1b\x5b1\x3b35\x3b40m\xe2\x99\x9f \x1b\x5b0m\x1b\x5b1\x3b35\x3b47m\xe2\x99\x9f \x1b\x5b0m\x0a6 \x1b\x5b1\x3b36\x3b47m  \x1b\x5b0m\x1b\x5b1\x3b36\x3b40m  \x1b\x5b0m\x1b\x5b1\x3b36\x3b47m  \x1b\x5b0m\x1b\x5b1\x3b36\x3b40m  \x1b\x5b0m\x1b\x5b1\x3b36\x3b47m  \x1b\x5b0m\x1b\x5b1\x3b36\x3b40m  \x1b\x5b0m\x1b\x5b1\x3b36\x3b47m  \x1b\x5b0m\x1b\x5b1\x3b36\x3b40m  \x1b\x5b0m\x0a5 \x1b\x5b1\x3b35\x3b40m\xe2\x99\x9f \x1b\x5b0m\x1b\x5b1\x3b36\x3b47m  \x1b\x5b0m\x1b\x5b1\x3b36\x3b40m  \x1b\x5b0m\x1b\x5b1\x3b36\x3b47m  \x1b\x5b0m\x1b\x5b1\x3b36\x3b40m  \x1b\x5b0m\x1b\x5b1\x3b36\x3b47m  \x1b\x5b0m\x1b\x5b1\x3b36\x3b40m  \x1b\x5b0m\x1b\x5b1\x3b36\x3b47m  \x1b\x5b0m\x0a4 \x1b\x5b1\x3b36\x3b47m  \x1b\x5b0m\x1b\x5b1\x3b36\x3b40m  \x1b\x5b0m\x1b\x5b1\x3b36\x3b47m\xe2\x99\x99 \x1b\x5b0m\x1b\x5b1\x3b36\x3b40m  \x1b\x5b0m\x1b\x5b1\x3b36\x3b47m  \x1b\x5b0m\x1b\x5b1\x3b36\x3b40m  \x1b\x5b0m\x1b\x5b1\x3b36\x3b47m  \x1b\x5b0m\x1b\x5b1\x3b36\x3b40m  \x1b\x5b0m\x0a3 \x1b\x5b1\x3b36\x3b40m  \x1b\x5b0m\x1b\x5b1\x3b36\x3b47m  \x1b\x5b0m\x1b\x5b1\x3b36\x3b40m  \x1b\x5b0m\x1b\x5b1\x3b36\x3b47m  \x1b\x5b0m\x1b\x5b1\x3b36\x3b40m  \x1b\x5b0m\x1b\x5b1\x3b36\x3b47m  \x1b\x5b0m\x1b\x5b1\x3b36\x3b40m  \x1b\x5b0m\x1b\x5b1\x3b36\x3b47m  \x1b\x5b0m\x0a2 \x1b\x5b1\x3b36\x3b47m\xe2\x99\x99 \x1b\x5b0m\x1b\x5b1\x3b36\x3b40m\xe2\x99\x99 \x1b\x5b0m\x1b\x5b1\x3b36\x3b47m  \x1b\x5b0m\x1b\x5b1\x3b36\x3b40m\xe2\x99\x99 \x1b\x5b0m\x1b\x5b1\x3b36\x3b47m\xe2\x99\x99 \x1b\x5b0m\x1b\x5b1\x3b36\x3b40m\xe2\x99\x99 \x1b\x5b0m\x1b\x5b1\x3b36\x3b47m\xe2\x99\x99 \x1b\x5b0m\x1b\x5b1\x3b36\x3b40m\xe2\x99\x99 \x1b\x5b0m\x0a1 \x1b\x5b1\x3b36\x3b40m\xe2\x99\x96 \x1b\x5b0m\x1b\x5b1\x3b36\x3b47m\xe2\x99\x98 \x1b\x5b0m\x1b\x5b1\x3b36\x3b40m\xe2\x99\x97 \x1b\x5b0m\x1b\x5b1\x3b36\x3b47m\xe2\x99\x95 \x1b\x5b0m\x1b\x5b1\x3b36\x3b40m\xe2\x99\x94 \x1b\x5b0m\x1b\x5b1\x3b36\x3b47m\xe2\x99\x97 \x1b\x5b0m\x1b\x5b1\x3b36\x3b40m\xe2\x99\x98 \x1b\x5b0m\x1b\x5b1\x3b36\x3b47m\xe2\x99\x96 \x1b\x5b0m\x0a  a b c d e f g h \x0a</data></match></read>
    <read><length>13</length><match><data>\x1b\x5b1\x3b36m\x3e\x1b\x5b0m </data></match></read>
    <!-- Invalid move -->
    <write><data>Qg3xf7\x3dK\x23\x0a</data></write>
    <read><delim>\x0a</delim><match><data>INVALID MOVE!</data></match></read>
    <read><length>1131</length><match><data>8 \x1b\x5b1\x3b35\x3b47m\xe2\x99\x9c \x1b\x5b0m\x1b\x5b1\x3b35\x3b40m\xe2\x99\x9e \x1b\x5b0m\x1b\x5b1\x3b35\x3b47m\xe2\x99\x9d \x1b\x5b0m\x1b\x5b1\x3b35\x3b40m\xe2\x99\x9b \x1b\x5b0m\x1b\x5b1\x3b35\x3b47m\xe2\x99\x9a \x1b\x5b0m\x1b\x5b1\x3b35\x3b40m\xe2\x99\x9d \x1b\x5b0m\x1b\x5b1\x3b35\x3b47m\xe2\x99\x9e \x1b\x5b0m\x1b\x5b1\x3b35\x3b40m\xe2\x99\x9c \x1b\x5b0m\x0a7 \x1b\x5b1\x3b36\x3b40m  \x1b\x5b0m\x1b\x5b1\x3b35\x3b47m\xe2\x99\x9f \x1b\x5b0m\x1b\x5b1\x3b35\x3b40m\xe2\x99\x9f \x1b\x5b0m\x1b\x5b1\x3b35\x3b47m\xe2\x99\x9f \x1b\x5b0m\x1b\x5b1\x3b35\x3b40m\xe2\x99\x9f \x1b\x5b0m\x1b\x5b1\x3b35\x3b47m\xe2\x99\x9f \x1b\x5b0m\x1b\x5b1\x3b35\x3b40m\xe2\x99\x9f \x1b\x5b0m\x1b\x5b1\x3b35\x3b47m\xe2\x99\x9f \x1b\x5b0m\x0a6 \x1b\x5b1\x3b36\x3b47m  \x1b\x5b0m\x1b\x5b1\x3b36\x3b40m  \x1b\x5b0m\x1b\x5b1\x3b36\x3b47m  \x1b\x5b0m\x1b\x5b1\x3b36\x3b40m  \x1b\x5b0m\x1b\x5b1\x3b36\x3b47m  \x1b\x5b0m\x1b\x5b1\x3b36\x3b40m  \x1b\x5b0m\x1b\x5b1\x3b36\x3b47m  \x1b\x5b0m\x1b\x5b1\x3b36\x3b40m  \x1b\x5b0m\x0a5 \x1b\x5b1\x3b35\x3b40m\xe2\x99\x9f \x1b\x5b0m\x1b\x5b1\x3b36\x3b47m  \x1b\x5b0m\x1b\x5b1\x3b36\x3b40m  \x1b\x5b0m\x1b\x5b1\x3b36\x3b47m  \x1b\x5b0m\x1b\x5b1\x3b36\x3b40m  \x1b\x5b0m\x1b\x5b1\x3b36\x3b47m  \x1b\x5b0m\x1b\x5b1\x3b36\x3b40m  \x1b\x5b0m\x1b\x5b1\x3b36\x3b47m  \x1b\x5b0m\x0a4 \x1b\x5b1\x3b36\x3b47m  \x1b\x5b0m\x1b\x5b1\x3b36\x3b40m  \x1b\x5b0m\x1b\x5b1\x3b36\x3b47m\xe2\x99\x99 \x1b\x5b0m\x1b\x5b1\x3b36\x3b40m  \x1b\x5b0m\x1b\x5b1\x3b36\x3b47m  \x1b\x5b0m\x1b\x5b1\x3b36\x3b40m  \x1b\x5b0m\x1b\x5b1\x3b36\x3b47m  \x1b\x5b0m\x1b\x5b1\x3b36\x3b40m  \x1b\x5b0m\x0a3 \x1b\x5b1\x3b36\x3b40m  \x1b\x5b0m\x1b\x5b1\x3b36\x3b47m  \x1b\x5b0m\x1b\x5b1\x3b36\x3b40m  \x1b\x5b0m\x1b\x5b1\x3b36\x3b47m  \x1b\x5b0m\x1b\x5b1\x3b36\x3b40m  \x1b\x5b0m\x1b\x5b1\x3b36\x3b47m  \x1b\x5b0m\x1b\x5b1\x3b36\x3b40m  \x1b\x5b0m\x1b\x5b1\x3b36\x3b47m  \x1b\x5b0m\x0a2 \x1b\x5b1\x3b36\x3b47m\xe2\x99\x99 \x1b\x5b0m\x1b\x5b1\x3b36\x3b40m\xe2\x99\x99 \x1b\x5b0m\x1b\x5b1\x3b36\x3b47m  \x1b\x5b0m\x1b\x5b1\x3b36\x3b40m\xe2\x99\x99 \x1b\x5b0m\x1b\x5b1\x3b36\x3b47m\xe2\x99\x99 \x1b\x5b0m\x1b\x5b1\x3b36\x3b40m\xe2\x99\x99 \x1b\x5b0m\x1b\x5b1\x3b36\x3b47m\xe2\x99\x99 \x1b\x5b0m\x1b\x5b1\x3b36\x3b40m\xe2\x99\x99 \x1b\x5b0m\x0a1 \x1b\x5b1\x3b36\x3b40m\xe2\x99\x96 \x1b\x5b0m\x1b\x5b1\x3b36\x3b47m\xe2\x99\x98 \x1b\x5b0m\x1b\x5b1\x3b36\x3b40m\xe2\x99\x97 \x1b\x5b0m\x1b\x5b1\x3b36\x3b47m\xe2\x99\x95 \x1b\x5b0m\x1b\x5b1\x3b36\x3b40m\xe2\x99\x94 \x1b\x5b0m\x1b\x5b1\x3b36\x3b47m\xe2\x99\x97 \x1b\x5b0m\x1b\x5b1\x3b36\x3b40m\xe2\x99\x98 \x1b\x5b0m\x1b\x5b1\x3b36\x3b47m\xe2\x99\x96 \x1b\x5b0m\x0a  a b c d e f g h \x0a</data></match></read>
    <read><length>13</length><match><data>\x1b\x5b1\x3b36m\x3e\x1b\x5b0m </data></match></read>
    <!-- Invalid move -->
    <write><data>Kb3a4\x0a</data></write>
    <read><delim>\x0a</delim><match><data>INVALID MOVE!</data></match></read>
    <read><length>1131</length><match><data>8 \x1b\x5b1\x3b35\x3b47m\xe2\x99\x9c \x1b\x5b0m\x1b\x5b1\x3b35\x3b40m\xe2\x99\x9e \x1b\x5b0m\x1b\x5b1\x3b35\x3b47m\xe2\x99\x9d \x1b\x5b0m\x1b\x5b1\x3b35\x3b40m\xe2\x99\x9b \x1b\x5b0m\x1b\x5b1\x3b35\x3b47m\xe2\x99\x9a \x1b\x5b0m\x1b\x5b1\x3b35\x3b40m\xe2\x99\x9d \x1b\x5b0m\x1b\x5b1\x3b35\x3b47m\xe2\x99\x9e \x1b\x5b0m\x1b\x5b1\x3b35\x3b40m\xe2\x99\x9c \x1b\x5b0m\x0a7 \x1b\x5b1\x3b36\x3b40m  \x1b\x5b0m\x1b\x5b1\x3b35\x3b47m\xe2\x99\x9f \x1b\x5b0m\x1b\x5b1\x3b35\x3b40m\xe2\x99\x9f \x1b\x5b0m\x1b\x5b1\x3b35\x3b47m\xe2\x99\x9f \x1b\x5b0m\x1b\x5b1\x3b35\x3b40m\xe2\x99\x9f \x1b\x5b0m\x1b\x5b1\x3b35\x3b47m\xe2\x99\x9f \x1b\x5b0m\x1b\x5b1\x3b35\x3b40m\xe2\x99\x9f \x1b\x5b0m\x1b\x5b1\x3b35\x3b47m\xe2\x99\x9f \x1b\x5b0m\x0a6 \x1b\x5b1\x3b36\x3b47m  \x1b\x5b0m\x1b\x5b1\x3b36\x3b40m  \x1b\x5b0m\x1b\x5b1\x3b36\x3b47m  \x1b\x5b0m\x1b\x5b1\x3b36\x3b40m  \x1b\x5b0m\x1b\x5b1\x3b36\x3b47m  \x1b\x5b0m\x1b\x5b1\x3b36\x3b40m  \x1b\x5b0m\x1b\x5b1\x3b36\x3b47m  \x1b\x5b0m\x1b\x5b1\x3b36\x3b40m  \x1b\x5b0m\x0a5 \x1b\x5b1\x3b35\x3b40m\xe2\x99\x9f \x1b\x5b0m\x1b\x5b1\x3b36\x3b47m  \x1b\x5b0m\x1b\x5b1\x3b36\x3b40m  \x1b\x5b0m\x1b\x5b1\x3b36\x3b47m  \x1b\x5b0m\x1b\x5b1\x3b36\x3b40m  \x1b\x5b0m\x1b\x5b1\x3b36\x3b47m  \x1b\x5b0m\x1b\x5b1\x3b36\x3b40m  \x1b\x5b0m\x1b\x5b1\x3b36\x3b47m  \x1b\x5b0m\x0a4 \x1b\x5b1\x3b36\x3b47m  \x1b\x5b0m\x1b\x5b1\x3b36\x3b40m  \x1b\x5b0m\x1b\x5b1\x3b36\x3b47m\xe2\x99\x99 \x1b\x5b0m\x1b\x5b1\x3b36\x3b40m  \x1b\x5b0m\x1b\x5b1\x3b36\x3b47m  \x1b\x5b0m\x1b\x5b1\x3b36\x3b40m  \x1b\x5b0m\x1b\x5b1\x3b36\x3b47m  \x1b\x5b0m\x1b\x5b1\x3b36\x3b40m  \x1b\x5b0m\x0a3 \x1b\x5b1\x3b36\x3b40m  \x1b\x5b0m\x1b\x5b1\x3b36\x3b47m  \x1b\x5b0m\x1b\x5b1\x3b36\x3b40m  \x1b\x5b0m\x1b\x5b1\x3b36\x3b47m  \x1b\x5b0m\x1b\x5b1\x3b36\x3b40m  \x1b\x5b0m\x1b\x5b1\x3b36\x3b47m  \x1b\x5b0m\x1b\x5b1\x3b36\x3b40m  \x1b\x5b0m\x1b\x5b1\x3b36\x3b47m  \x1b\x5b0m\x0a2 \x1b\x5b1\x3b36\x3b47m\xe2\x99\x99 \x1b\x5b0m\x1b\x5b1\x3b36\x3b40m\xe2\x99\x99 \x1b\x5b0m\x1b\x5b1\x3b36\x3b47m  \x1b\x5b0m\x1b\x5b1\x3b36\x3b40m\xe2\x99\x99 \x1b\x5b0m\x1b\x5b1\x3b36\x3b47m\xe2\x99\x99 \x1b\x5b0m\x1b\x5b1\x3b36\x3b40m\xe2\x99\x99 \x1b\x5b0m\x1b\x5b1\x3b36\x3b47m\xe2\x99\x99 \x1b\x5b0m\x1b\x5b1\x3b36\x3b40m\xe2\x99\x99 \x1b\x5b0m\x0a1 \x1b\x5b1\x3b36\x3b40m\xe2\x99\x96 \x1b\x5b0m\x1b\x5b1\x3b36\x3b47m\xe2\x99\x98 \x1b\x5b0m\x1b\x5b1\x3b36\x3b40m\xe2\x99\x97 \x1b\x5b0m\x1b\x5b1\x3b36\x3b47m\xe2\x99\x95 \x1b\x5b0m\x1b\x5b1\x3b36\x3b40m\xe2\x99\x94 \x1b\x5b0m\x1b\x5b1\x3b36\x3b47m\xe2\x99\x97 \x1b\x5b0m\x1b\x5b1\x3b36\x3b40m\xe2\x99\x98 \x1b\x5b0m\x1b\x5b1\x3b36\x3b47m\xe2\x99\x96 \x1b\x5b0m\x0a  a b c d e f g h \x0a</data></match></read>
    <read><length>13</length><match><data>\x1b\x5b1\x3b36m\x3e\x1b\x5b0m </data></match></read>
    <!-- Invalid move -->
    <write><data>Nf6xh2\x3dB\x23\x0a</data></write>
    <read><delim>\x0a</delim><match><data>INVALID MOVE!</data></match></read>
    <read><length>1131</length><match><data>8 \x1b\x5b1\x3b35\x3b47m\xe2\x99\x9c \x1b\x5b0m\x1b\x5b1\x3b35\x3b40m\xe2\x99\x9e \x1b\x5b0m\x1b\x5b1\x3b35\x3b47m\xe2\x99\x9d \x1b\x5b0m\x1b\x5b1\x3b35\x3b40m\xe2\x99\x9b \x1b\x5b0m\x1b\x5b1\x3b35\x3b47m\xe2\x99\x9a \x1b\x5b0m\x1b\x5b1\x3b35\x3b40m\xe2\x99\x9d \x1b\x5b0m\x1b\x5b1\x3b35\x3b47m\xe2\x99\x9e \x1b\x5b0m\x1b\x5b1\x3b35\x3b40m\xe2\x99\x9c \x1b\x5b0m\x0a7 \x1b\x5b1\x3b36\x3b40m  \x1b\x5b0m\x1b\x5b1\x3b35\x3b47m\xe2\x99\x9f \x1b\x5b0m\x1b\x5b1\x3b35\x3b40m\xe2\x99\x9f \x1b\x5b0m\x1b\x5b1\x3b35\x3b47m\xe2\x99\x9f \x1b\x5b0m\x1b\x5b1\x3b35\x3b40m\xe2\x99\x9f \x1b\x5b0m\x1b\x5b1\x3b35\x3b47m\xe2\x99\x9f \x1b\x5b0m\x1b\x5b1\x3b35\x3b40m\xe2\x99\x9f \x1b\x5b0m\x1b\x5b1\x3b35\x3b47m\xe2\x99\x9f \x1b\x5b0m\x0a6 \x1b\x5b1\x3b36\x3b47m  \x1b\x5b0m\x1b\x5b1\x3b36\x3b40m  \x1b\x5b0m\x1b\x5b1\x3b36\x3b47m  \x1b\x5b0m\x1b\x5b1\x3b36\x3b40m  \x1b\x5b0m\x1b\x5b1\x3b36\x3b47m  \x1b\x5b0m\x1b\x5b1\x3b36\x3b40m  \x1b\x5b0m\x1b\x5b1\x3b36\x3b47m  \x1b\x5b0m\x1b\x5b1\x3b36\x3b40m  \x1b\x5b0m\x0a5 \x1b\x5b1\x3b35\x3b40m\xe2\x99\x9f \x1b\x5b0m\x1b\x5b1\x3b36\x3b47m  \x1b\x5b0m\x1b\x5b1\x3b36\x3b40m  \x1b\x5b0m\x1b\x5b1\x3b36\x3b47m  \x1b\x5b0m\x1b\x5b1\x3b36\x3b40m  \x1b\x5b0m\x1b\x5b1\x3b36\x3b47m  \x1b\x5b0m\x1b\x5b1\x3b36\x3b40m  \x1b\x5b0m\x1b\x5b1\x3b36\x3b47m  \x1b\x5b0m\x0a4 \x1b\x5b1\x3b36\x3b47m  \x1b\x5b0m\x1b\x5b1\x3b36\x3b40m  \x1b\x5b0m\x1b\x5b1\x3b36\x3b47m\xe2\x99\x99 \x1b\x5b0m\x1b\x5b1\x3b36\x3b40m  \x1b\x5b0m\x1b\x5b1\x3b36\x3b47m  \x1b\x5b0m\x1b\x5b1\x3b36\x3b40m  \x1b\x5b0m\x1b\x5b1\x3b36\x3b47m  \x1b\x5b0m\x1b\x5b1\x3b36\x3b40m  \x1b\x5b0m\x0a3 \x1b\x5b1\x3b36\x3b40m  \x1b\x5b0m\x1b\x5b1\x3b36\x3b47m  \x1b\x5b0m\x1b\x5b1\x3b36\x3b40m  \x1b\x5b0m\x1b\x5b1\x3b36\x3b47m  \x1b\x5b0m\x1b\x5b1\x3b36\x3b40m  \x1b\x5b0m\x1b\x5b1\x3b36\x3b47m  \x1b\x5b0m\x1b\x5b1\x3b36\x3b40m  \x1b\x5b0m\x1b\x5b1\x3b36\x3b47m  \x1b\x5b0m\x0a2 \x1b\x5b1\x3b36\x3b47m\xe2\x99\x99 \x1b\x5b0m\x1b\x5b1\x3b36\x3b40m\xe2\x99\x99 \x1b\x5b0m\x1b\x5b1\x3b36\x3b47m  \x1b\x5b0m\x1b\x5b1\x3b36\x3b40m\xe2\x99\x99 \x1b\x5b0m\x1b\x5b1\x3b36\x3b47m\xe2\x99\x99 \x1b\x5b0m\x1b\x5b1\x3b36\x3b40m\xe2\x99\x99 \x1b\x5b0m\x1b\x5b1\x3b36\x3b47m\xe2\x99\x99 \x1b\x5b0m\x1b\x5b1\x3b36\x3b40m\xe2\x99\x99 \x1b\x5b0m\x0a1 \x1b\x5b1\x3b36\x3b40m\xe2\x99\x96 \x1b\x5b0m\x1b\x5b1\x3b36\x3b47m\xe2\x99\x98 \x1b\x5b0m\x1b\x5b1\x3b36\x3b40m\xe2\x99\x97 \x1b\x5b0m\x1b\x5b1\x3b36\x3b47m\xe2\x99\x95 \x1b\x5b0m\x1b\x5b1\x3b36\x3b40m\xe2\x99\x94 \x1b\x5b0m\x1b\x5b1\x3b36\x3b47m\xe2\x99\x97 \x1b\x5b0m\x1b\x5b1\x3b36\x3b40m\xe2\x99\x98 \x1b\x5b0m\x1b\x5b1\x3b36\x3b47m\xe2\x99\x96 \x1b\x5b0m\x0a  a b c d e f g h \x0a</data></match></read>
    <read><length>13</length><match><data>\x1b\x5b1\x3b36m\x3e\x1b\x5b0m </data></match></read>
    <!-- Valid move -->
    <write><data>Nb1c3\x0a</data></write>
    <read><length>7</length><match><data>\x0aNb1c3\x0a</data></match></read>
    <read><length>9</length><match><data>000000cb\x0a</data></match></read>
    <read><length>1131</length><match><data>1 \x1b\x5b1\x3b36\x3b47m\xe2\x99\x96 \x1b\x5b0m\x1b\x5b1\x3b36\x3b40m\xe2\x99\x98 \x1b\x5b0m\x1b\x5b1\x3b36\x3b47m\xe2\x99\x97 \x1b\x5b0m\x1b\x5b1\x3b36\x3b40m\xe2\x99\x94 \x1b\x5b0m\x1b\x5b1\x3b36\x3b47m\xe2\x99\x95 \x1b\x5b0m\x1b\x5b1\x3b36\x3b40m\xe2\x99\x97 \x1b\x5b0m\x1b\x5b1\x3b36\x3b47m  \x1b\x5b0m\x1b\x5b1\x3b36\x3b40m\xe2\x99\x96 \x1b\x5b0m\x0a2 \x1b\x5b1\x3b36\x3b40m\xe2\x99\x99 \x1b\x5b0m\x1b\x5b1\x3b36\x3b47m\xe2\x99\x99 \x1b\x5b0m\x1b\x5b1\x3b36\x3b40m\xe2\x99\x99 \x1b\x5b0m\x1b\x5b1\x3b36\x3b47m\xe2\x99\x99 \x1b\x5b0m\x1b\x5b1\x3b36\x3b40m\xe2\x99\x99 \x1b\x5b0m\x1b\x5b1\x3b36\x3b47m  \x1b\x5b0m\x1b\x5b1\x3b36\x3b40m\xe2\x99\x99 \x1b\x5b0m\x1b\x5b1\x3b36\x3b47m\xe2\x99\x99 \x1b\x5b0m\x0a3 \x1b\x5b1\x3b36\x3b47m  \x1b\x5b0m\x1b\x5b1\x3b36\x3b40m  \x1b\x5b0m\x1b\x5b1\x3b36\x3b47m  \x1b\x5b0m\x1b\x5b1\x3b36\x3b40m  \x1b\x5b0m\x1b\x5b1\x3b36\x3b47m  \x1b\x5b0m\x1b\x5b1\x3b36\x3b40m\xe2\x99\x98 \x1b\x5b0m\x1b\x5b1\x3b36\x3b47m  \x1b\x5b0m\x1b\x5b1\x3b36\x3b40m  \x1b\x5b0m\x0a4 \x1b\x5b1\x3b36\x3b40m  \x1b\x5b0m\x1b\x5b1\x3b36\x3b47m  \x1b\x5b0m\x1b\x5b1\x3b36\x3b40m  \x1b\x5b0m\x1b\x5b1\x3b36\x3b47m  \x1b\x5b0m\x1b\x5b1\x3b36\x3b40m  \x1b\x5b0m\x1b\x5b1\x3b36\x3b47m\xe2\x99\x99 \x1b\x5b0m\x1b\x5b1\x3b36\x3b40m  \x1b\x5b0m\x1b\x5b1\x3b36\x3b47m  \x1b\x5b0m\x0a5 \x1b\x5b1\x3b36\x3b47m  \x1b\x5b0m\x1b\x5b1\x3b36\x3b40m  \x1b\x5b0m\x1b\x5b1\x3b36\x3b47m  \x1b\x5b0m\x1b\x5b1\x3b36\x3b40m  \x1b\x5b0m\x1b\x5b1\x3b36\x3b47m  \x1b\x5b0m\x1b\x5b1\x3b36\x3b40m  \x1b\x5b0m\x1b\x5b1\x3b36\x3b47m  \x1b\x5b0m\x1b\x5b1\x3b35\x3b40m\xe2\x99\x9f \x1b\x5b0m\x0a6 \x1b\x5b1\x3b36\x3b40m  \x1b\x5b0m\x1b\x5b1\x3b36\x3b47m  \x1b\x5b0m\x1b\x5b1\x3b36\x3b40m  \x1b\x5b0m\x1b\x5b1\x3b36\x3b47m  \x1b\x5b0m\x1b\x5b1\x3b36\x3b40m  \x1b\x5b0m\x1b\x5b1\x3b36\x3b47m  \x1b\x5b0m\x1b\x5b1\x3b36\x3b40m  \x1b\x5b0m\x1b\x5b1\x3b36\x3b47m  \x1b\x5b0m\x0a7 \x1b\x5b1\x3b35\x3b47m\xe2\x99\x9f \x1b\x5b0m\x1b\x5b1\x3b35\x3b40m\xe2\x99\x9f \x1b\x5b0m\x1b\x5b1\x3b35\x3b47m\xe2\x99\x9f \x1b\x5b0m\x1b\x5b1\x3b35\x3b40m\xe2\x99\x9f \x1b\x5b0m\x1b\x5b1\x3b35\x3b47m\xe2\x99\x9f \x1b\x5b0m\x1b\x5b1\x3b35\x3b40m\xe2\x99\x9f \x1b\x5b0m\x1b\x5b1\x3b35\x3b47m\xe2\x99\x9f \x1b\x5b0m\x1b\x5b1\x3b36\x3b40m  \x1b\x5b0m\x0a8 \x1b\x5b1\x3b35\x3b40m\xe2\x99\x9c \x1b\x5b0m\x1b\x5b1\x3b35\x3b47m\xe2\x99\x9e \x1b\x5b0m\x1b\x5b1\x3b35\x3b40m\xe2\x99\x9d \x1b\x5b0m\x1b\x5b1\x3b35\x3b47m\xe2\x99\x9a \x1b\x5b0m\x1b\x5b1\x3b35\x3b40m\xe2\x99\x9b \x1b\x5b0m\x1b\x5b1\x3b35\x3b47m\xe2\x99\x9d \x1b\x5b0m\x1b\x5b1\x3b35\x3b40m\xe2\x99\x9e \x1b\x5b0m\x1b\x5b1\x3b35\x3b47m\xe2\x99\x9c \x1b\x5b0m\x0a  h g f e d c b a \x0a</data></match></read>
    <read><length>13</length><match><data>\x1b\x5b0\x3b35m\x3e\x1b\x5b0m </data></match></read>
    <!-- Valid move -->
    <write><data>f7f6\x0a</data></write>
    <read><length>6</length><match><data>\x0af7f6\x0a</data></match></read>
    <read><length>9</length><match><data>000000cb\x0a</data></match></read>
    <read><length>1131</length><match><data>8 \x1b\x5b1\x3b35\x3b47m\xe2\x99\x9c \x1b\x5b0m\x1b\x5b1\x3b35\x3b40m\xe2\x99\x9e \x1b\x5b0m\x1b\x5b1\x3b35\x3b47m\xe2\x99\x9d \x1b\x5b0m\x1b\x5b1\x3b35\x3b40m\xe2\x99\x9b \x1b\x5b0m\x1b\x5b1\x3b35\x3b47m\xe2\x99\x9a \x1b\x5b0m\x1b\x5b1\x3b35\x3b40m\xe2\x99\x9d \x1b\x5b0m\x1b\x5b1\x3b35\x3b47m\xe2\x99\x9e \x1b\x5b0m\x1b\x5b1\x3b35\x3b40m\xe2\x99\x9c \x1b\x5b0m\x0a7 \x1b\x5b1\x3b36\x3b40m  \x1b\x5b0m\x1b\x5b1\x3b35\x3b47m\xe2\x99\x9f \x1b\x5b0m\x1b\x5b1\x3b35\x3b40m\xe2\x99\x9f \x1b\x5b0m\x1b\x5b1\x3b35\x3b47m\xe2\x99\x9f \x1b\x5b0m\x1b\x5b1\x3b35\x3b40m\xe2\x99\x9f \x1b\x5b0m\x1b\x5b1\x3b36\x3b47m  \x1b\x5b0m\x1b\x5b1\x3b35\x3b40m\xe2\x99\x9f \x1b\x5b0m\x1b\x5b1\x3b35\x3b47m\xe2\x99\x9f \x1b\x5b0m\x0a6 \x1b\x5b1\x3b36\x3b47m  \x1b\x5b0m\x1b\x5b1\x3b36\x3b40m  \x1b\x5b0m\x1b\x5b1\x3b36\x3b47m  \x1b\x5b0m\x1b\x5b1\x3b36\x3b40m  \x1b\x5b0m\x1b\x5b1\x3b36\x3b47m  \x1b\x5b0m\x1b\x5b1\x3b35\x3b40m\xe2\x99\x9f \x1b\x5b0m\x1b\x5b1\x3b36\x3b47m  \x1b\x5b0m\x1b\x5b1\x3b36\x3b40m  \x1b\x5b0m\x0a5 \x1b\x5b1\x3b35\x3b40m\xe2\x99\x9f \x1b\x5b0m\x1b\x5b1\x3b36\x3b47m  \x1b\x5b0m\x1b\x5b1\x3b36\x3b40m  \x1b\x5b0m\x1b\x5b1\x3b36\x3b47m  \x1b\x5b0m\x1b\x5b1\x3b36\x3b40m  \x1b\x5b0m\x1b\x5b1\x3b36\x3b47m  \x1b\x5b0m\x1b\x5b1\x3b36\x3b40m  \x1b\x5b0m\x1b\x5b1\x3b36\x3b47m  \x1b\x5b0m\x0a4 \x1b\x5b1\x3b36\x3b47m  \x1b\x5b0m\x1b\x5b1\x3b36\x3b40m  \x1b\x5b0m\x1b\x5b1\x3b36\x3b47m\xe2\x99\x99 \x1b\x5b0m\x1b\x5b1\x3b36\x3b40m  \x1b\x5b0m\x1b\x5b1\x3b36\x3b47m  \x1b\x5b0m\x1b\x5b1\x3b36\x3b40m  \x1b\x5b0m\x1b\x5b1\x3b36\x3b47m  \x1b\x5b0m\x1b\x5b1\x3b36\x3b40m  \x1b\x5b0m\x0a3 \x1b\x5b1\x3b36\x3b40m  \x1b\x5b0m\x1b\x5b1\x3b36\x3b47m  \x1b\x5b0m\x1b\x5b1\x3b36\x3b40m\xe2\x99\x98 \x1b\x5b0m\x1b\x5b1\x3b36\x3b47m  \x1b\x5b0m\x1b\x5b1\x3b36\x3b40m  \x1b\x5b0m\x1b\x5b1\x3b36\x3b47m  \x1b\x5b0m\x1b\x5b1\x3b36\x3b40m  \x1b\x5b0m\x1b\x5b1\x3b36\x3b47m  \x1b\x5b0m\x0a2 \x1b\x5b1\x3b36\x3b47m\xe2\x99\x99 \x1b\x5b0m\x1b\x5b1\x3b36\x3b40m\xe2\x99\x99 \x1b\x5b0m\x1b\x5b1\x3b36\x3b47m  \x1b\x5b0m\x1b\x5b1\x3b36\x3b40m\xe2\x99\x99 \x1b\x5b0m\x1b\x5b1\x3b36\x3b47m\xe2\x99\x99 \x1b\x5b0m\x1b\x5b1\x3b36\x3b40m\xe2\x99\x99 \x1b\x5b0m\x1b\x5b1\x3b36\x3b47m\xe2\x99\x99 \x1b\x5b0m\x1b\x5b1\x3b36\x3b40m\xe2\x99\x99 \x1b\x5b0m\x0a1 \x1b\x5b1\x3b36\x3b40m\xe2\x99\x96 \x1b\x5b0m\x1b\x5b1\x3b36\x3b47m  \x1b\x5b0m\x1b\x5b1\x3b36\x3b40m\xe2\x99\x97 \x1b\x5b0m\x1b\x5b1\x3b36\x3b47m\xe2\x99\x95 \x1b\x5b0m\x1b\x5b1\x3b36\x3b40m\xe2\x99\x94 \x1b\x5b0m\x1b\x5b1\x3b36\x3b47m\xe2\x99\x97 \x1b\x5b0m\x1b\x5b1\x3b36\x3b40m\xe2\x99\x98 \x1b\x5b0m\x1b\x5b1\x3b36\x3b47m\xe2\x99\x96 \x1b\x5b0m\x0a  a b c d e f g h \x0a</data></match></read>
    <read><length>13</length><match><data>\x1b\x5b1\x3b36m\x3e\x1b\x5b0m </data></match></read>
    <!-- Valid move -->
    <write><data>d2d3\x0a</data></write>
    <read><length>6</length><match><data>\x0ad2d3\x0a</data></match></read>
    <read><length>9</length><match><data>000000cb\x0a</data></match></read>
    <read><length>1131</length><match><data>1 \x1b\x5b1\x3b36\x3b47m\xe2\x99\x96 \x1b\x5b0m\x1b\x5b1\x3b36\x3b40m\xe2\x99\x98 \x1b\x5b0m\x1b\x5b1\x3b36\x3b47m\xe2\x99\x97 \x1b\x5b0m\x1b\x5b1\x3b36\x3b40m\xe2\x99\x94 \x1b\x5b0m\x1b\x5b1\x3b36\x3b47m\xe2\x99\x95 \x1b\x5b0m\x1b\x5b1\x3b36\x3b40m\xe2\x99\x97 \x1b\x5b0m\x1b\x5b1\x3b36\x3b47m  \x1b\x5b0m\x1b\x5b1\x3b36\x3b40m\xe2\x99\x96 \x1b\x5b0m\x0a2 \x1b\x5b1\x3b36\x3b40m\xe2\x99\x99 \x1b\x5b0m\x1b\x5b1\x3b36\x3b47m\xe2\x99\x99 \x1b\x5b0m\x1b\x5b1\x3b36\x3b40m\xe2\x99\x99 \x1b\x5b0m\x1b\x5b1\x3b36\x3b47m\xe2\x99\x99 \x1b\x5b0m\x1b\x5b1\x3b36\x3b40m  \x1b\x5b0m\x1b\x5b1\x3b36\x3b47m  \x1b\x5b0m\x1b\x5b1\x3b36\x3b40m\xe2\x99\x99 \x1b\x5b0m\x1b\x5b1\x3b36\x3b47m\xe2\x99\x99 \x1b\x5b0m\x0a3 \x1b\x5b1\x3b36\x3b47m  \x1b\x5b0m\x1b\x5b1\x3b36\x3b40m  \x1b\x5b0m\x1b\x5b1\x3b36\x3b47m  \x1b\x5b0m\x1b\x5b1\x3b36\x3b40m  \x1b\x5b0m\x1b\x5b1\x3b36\x3b47m\xe2\x99\x99 \x1b\x5b0m\x1b\x5b1\x3b36\x3b40m\xe2\x99\x98 \x1b\x5b0m\x1b\x5b1\x3b36\x3b47m  \x1b\x5b0m\x1b\x5b1\x3b36\x3b40m  \x1b\x5b0m\x0a4 \x1b\x5b1\x3b36\x3b40m  \x1b\x5b0m\x1b\x5b1\x3b36\x3b47m  \x1b\x5b0m\x1b\x5b1\x3b36\x3b40m  \x1b\x5b0m\x1b\x5b1\x3b36\x3b47m  \x1b\x5b0m\x1b\x5b1\x3b36\x3b40m  \x1b\x5b0m\x1b\x5b1\x3b36\x3b47m\xe2\x99\x99 \x1b\x5b0m\x1b\x5b1\x3b36\x3b40m  \x1b\x5b0m\x1b\x5b1\x3b36\x3b47m  \x1b\x5b0m\x0a5 \x1b\x5b1\x3b36\x3b47m  \x1b\x5b0m\x1b\x5b1\x3b36\x3b40m  \x1b\x5b0m\x1b\x5b1\x3b36\x3b47m  \x1b\x5b0m\x1b\x5b1\x3b36\x3b40m  \x1b\x5b0m\x1b\x5b1\x3b36\x3b47m  \x1b\x5b0m\x1b\x5b1\x3b36\x3b40m  \x1b\x5b0m\x1b\x5b1\x3b36\x3b47m  \x1b\x5b0m\x1b\x5b1\x3b35\x3b40m\xe2\x99\x9f \x1b\x5b0m\x0a6 \x1b\x5b1\x3b36\x3b40m  \x1b\x5b0m\x1b\x5b1\x3b36\x3b47m  \x1b\x5b0m\x1b\x5b1\x3b35\x3b40m\xe2\x99\x9f \x1b\x5b0m\x1b\x5b1\x3b36\x3b47m  \x1b\x5b0m\x1b\x5b1\x3b36\x3b40m  \x1b\x5b0m\x1b\x5b1\x3b36\x3b47m  \x1b\x5b0m\x1b\x5b1\x3b36\x3b40m  \x1b\x5b0m\x1b\x5b1\x3b36\x3b47m  \x1b\x5b0m\x0a7 \x1b\x5b1\x3b35\x3b47m\xe2\x99\x9f \x1b\x5b0m\x1b\x5b1\x3b35\x3b40m\xe2\x99\x9f \x1b\x5b0m\x1b\x5b1\x3b36\x3b47m  \x1b\x5b0m\x1b\x5b1\x3b35\x3b40m\xe2\x99\x9f \x1b\x5b0m\x1b\x5b1\x3b35\x3b47m\xe2\x99\x9f \x1b\x5b0m\x1b\x5b1\x3b35\x3b40m\xe2\x99\x9f \x1b\x5b0m\x1b\x5b1\x3b35\x3b47m\xe2\x99\x9f \x1b\x5b0m\x1b\x5b1\x3b36\x3b40m  \x1b\x5b0m\x0a8 \x1b\x5b1\x3b35\x3b40m\xe2\x99\x9c \x1b\x5b0m\x1b\x5b1\x3b35\x3b47m\xe2\x99\x9e \x1b\x5b0m\x1b\x5b1\x3b35\x3b40m\xe2\x99\x9d \x1b\x5b0m\x1b\x5b1\x3b35\x3b47m\xe2\x99\x9a \x1b\x5b0m\x1b\x5b1\x3b35\x3b40m\xe2\x99\x9b \x1b\x5b0m\x1b\x5b1\x3b35\x3b47m\xe2\x99\x9d \x1b\x5b0m\x1b\x5b1\x3b35\x3b40m\xe2\x99\x9e \x1b\x5b0m\x1b\x5b1\x3b35\x3b47m\xe2\x99\x9c \x1b\x5b0m\x0a  h g f e d c b a \x0a</data></match></read>
    <read><length>13</length><match><data>\x1b\x5b0\x3b35m\x3e\x1b\x5b0m </data></match></read>
    <!-- Valid move -->
    <write><data>f6f5\x0a</data></write>
    <read><length>6</length><match><data>\x0af6f5\x0a</data></match></read>
    <read><length>9</length><match><data>000000cb\x0a</data></match></read>
    <read><length>1131</length><match><data>8 \x1b\x5b1\x3b35\x3b47m\xe2\x99\x9c \x1b\x5b0m\x1b\x5b1\x3b35\x3b40m\xe2\x99\x9e \x1b\x5b0m\x1b\x5b1\x3b35\x3b47m\xe2\x99\x9d \x1b\x5b0m\x1b\x5b1\x3b35\x3b40m\xe2\x99\x9b \x1b\x5b0m\x1b\x5b1\x3b35\x3b47m\xe2\x99\x9a \x1b\x5b0m\x1b\x5b1\x3b35\x3b40m\xe2\x99\x9d \x1b\x5b0m\x1b\x5b1\x3b35\x3b47m\xe2\x99\x9e \x1b\x5b0m\x1b\x5b1\x3b35\x3b40m\xe2\x99\x9c \x1b\x5b0m\x0a7 \x1b\x5b1\x3b36\x3b40m  \x1b\x5b0m\x1b\x5b1\x3b35\x3b47m\xe2\x99\x9f \x1b\x5b0m\x1b\x5b1\x3b35\x3b40m\xe2\x99\x9f \x1b\x5b0m\x1b\x5b1\x3b35\x3b47m\xe2\x99\x9f \x1b\x5b0m\x1b\x5b1\x3b35\x3b40m\xe2\x99\x9f \x1b\x5b0m\x1b\x5b1\x3b36\x3b47m  \x1b\x5b0m\x1b\x5b1\x3b35\x3b40m\xe2\x99\x9f \x1b\x5b0m\x1b\x5b1\x3b35\x3b47m\xe2\x99\x9f \x1b\x5b0m\x0a6 \x1b\x5b1\x3b36\x3b47m  \x1b\x5b0m\x1b\x5b1\x3b36\x3b40m  \x1b\x5b0m\x1b\x5b1\x3b36\x3b47m  \x1b\x5b0m\x1b\x5b1\x3b36\x3b40m  \x1b\x5b0m\x1b\x5b1\x3b36\x3b47m  \x1b\x5b0m\x1b\x5b1\x3b36\x3b40m  \x1b\x5b0m\x1b\x5b1\x3b36\x3b47m  \x1b\x5b0m\x1b\x5b1\x3b36\x3b40m  \x1b\x5b0m\x0a5 \x1b\x5b1\x3b35\x3b40m\xe2\x99\x9f \x1b\x5b0m\x1b\x5b1\x3b36\x3b47m  \x1b\x5b0m\x1b\x5b1\x3b36\x3b40m  \x1b\x5b0m\x1b\x5b1\x3b36\x3b47m  \x1b\x5b0m\x1b\x5b1\x3b36\x3b40m  \x1b\x5b0m\x1b\x5b1\x3b35\x3b47m\xe2\x99\x9f \x1b\x5b0m\x1b\x5b1\x3b36\x3b40m  \x1b\x5b0m\x1b\x5b1\x3b36\x3b47m  \x1b\x5b0m\x0a4 \x1b\x5b1\x3b36\x3b47m  \x1b\x5b0m\x1b\x5b1\x3b36\x3b40m  \x1b\x5b0m\x1b\x5b1\x3b36\x3b47m\xe2\x99\x99 \x1b\x5b0m\x1b\x5b1\x3b36\x3b40m  \x1b\x5b0m\x1b\x5b1\x3b36\x3b47m  \x1b\x5b0m\x1b\x5b1\x3b36\x3b40m  \x1b\x5b0m\x1b\x5b1\x3b36\x3b47m  \x1b\x5b0m\x1b\x5b1\x3b36\x3b40m  \x1b\x5b0m\x0a3 \x1b\x5b1\x3b36\x3b40m  \x1b\x5b0m\x1b\x5b1\x3b36\x3b47m  \x1b\x5b0m\x1b\x5b1\x3b36\x3b40m\xe2\x99\x98 \x1b\x5b0m\x1b\x5b1\x3b36\x3b47m\xe2\x99\x99 \x1b\x5b0m\x1b\x5b1\x3b36\x3b40m  \x1b\x5b0m\x1b\x5b1\x3b36\x3b47m  \x1b\x5b0m\x1b\x5b1\x3b36\x3b40m  \x1b\x5b0m\x1b\x5b1\x3b36\x3b47m  \x1b\x5b0m\x0a2 \x1b\x5b1\x3b36\x3b47m\xe2\x99\x99 \x1b\x5b0m\x1b\x5b1\x3b36\x3b40m\xe2\x99\x99 \x1b\x5b0m\x1b\x5b1\x3b36\x3b47m  \x1b\x5b0m\x1b\x5b1\x3b36\x3b40m  \x1b\x5b0m\x1b\x5b1\x3b36\x3b47m\xe2\x99\x99 \x1b\x5b0m\x1b\x5b1\x3b36\x3b40m\xe2\x99\x99 \x1b\x5b0m\x1b\x5b1\x3b36\x3b47m\xe2\x99\x99 \x1b\x5b0m\x1b\x5b1\x3b36\x3b40m\xe2\x99\x99 \x1b\x5b0m\x0a1 \x1b\x5b1\x3b36\x3b40m\xe2\x99\x96 \x1b\x5b0m\x1b\x5b1\x3b36\x3b47m  \x1b\x5b0m\x1b\x5b1\x3b36\x3b40m\xe2\x99\x97 \x1b\x5b0m\x1b\x5b1\x3b36\x3b47m\xe2\x99\x95 \x1b\x5b0m\x1b\x5b1\x3b36\x3b40m\xe2\x99\x94 \x1b\x5b0m\x1b\x5b1\x3b36\x3b47m\xe2\x99\x97 \x1b\x5b0m\x1b\x5b1\x3b36\x3b40m\xe2\x99\x98 \x1b\x5b0m\x1b\x5b1\x3b36\x3b47m\xe2\x99\x96 \x1b\x5b0m\x0a  a b c d e f g h \x0a</data></match></read>
    <read><length>13</length><match><data>\x1b\x5b1\x3b36m\x3e\x1b\x5b0m </data></match></read>
    <!-- Valid move -->
    <write><data>Bc1d2\x0a</data></write>
    <read><length>7</length><match><data>\x0aBc1d2\x0a</data></match></read>
    <read><length>9</length><match><data>000000cb\x0a</data></match></read>
    <read><length>1131</length><match><data>1 \x1b\x5b1\x3b36\x3b47m\xe2\x99\x96 \x1b\x5b0m\x1b\x5b1\x3b36\x3b40m\xe2\x99\x98 \x1b\x5b0m\x1b\x5b1\x3b36\x3b47m\xe2\x99\x97 \x1b\x5b0m\x1b\x5b1\x3b36\x3b40m\xe2\x99\x94 \x1b\x5b0m\x1b\x5b1\x3b36\x3b47m\xe2\x99\x95 \x1b\x5b0m\x1b\x5b1\x3b36\x3b40m  \x1b\x5b0m\x1b\x5b1\x3b36\x3b47m  \x1b\x5b0m\x1b\x5b1\x3b36\x3b40m\xe2\x99\x96 \x1b\x5b0m\x0a2 \x1b\x5b1\x3b36\x3b40m\xe2\x99\x99 \x1b\x5b0m\x1b\x5b1\x3b36\x3b47m\xe2\x99\x99 \x1b\x5b0m\x1b\x5b1\x3b36\x3b40m\xe2\x99\x99 \x1b\x5b0m\x1b\x5b1\x3b36\x3b47m\xe2\x99\x99 \x1b\x5b0m\x1b\x5b1\x3b36\x3b40m\xe2\x99\x97 \x1b\x5b0m\x1b\x5b1\x3b36\x3b47m  \x1b\x5b0m\x1b\x5b1\x3b36\x3b40m\xe2\x99\x99 \x1b\x5b0m\x1b\x5b1\x3b36\x3b47m\xe2\x99\x99 \x1b\x5b0m\x0a3 \x1b\x5b1\x3b36\x3b47m  \x1b\x5b0m\x1b\x5b1\x3b36\x3b40m  \x1b\x5b0m\x1b\x5b1\x3b36\x3b47m  \x1b\x5b0m\x1b\x5b1\x3b36\x3b40m  \x1b\x5b0m\x1b\x5b1\x3b36\x3b47m\xe2\x99\x99 \x1b\x5b0m\x1b\x5b1\x3b36\x3b40m\xe2\x99\x98 \x1b\x5b0m\x1b\x5b1\x3b36\x3b47m  \x1b\x5b0m\x1b\x5b1\x3b36\x3b40m  \x1b\x5b0m\x0a4 \x1b\x5b1\x3b36\x3b40m  \x1b\x5b0m\x1b\x5b1\x3b36\x3b47m  \x1b\x5b0m\x1b\x5b1\x3b36\x3b40m  \x1b\x5b0m\x1b\x5b1\x3b36\x3b47m  \x1b\x5b0m\x1b\x5b1\x3b36\x3b40m  \x1b\x5b0m\x1b\x5b1\x3b36\x3b47m\xe2\x99\x99 \x1b\x5b0m\x1b\x5b1\x3b36\x3b40m  \x1b\x5b0m\x1b\x5b1\x3b36\x3b47m  \x1b\x5b0m\x0a5 \x1b\x5b1\x3b36\x3b47m  \x1b\x5b0m\x1b\x5b1\x3b36\x3b40m  \x1b\x5b0m\x1b\x5b1\x3b35\x3b47m\xe2\x99\x9f \x1b\x5b0m\x1b\x5b1\x3b36\x3b40m  \x1b\x5b0m\x1b\x5b1\x3b36\x3b47m  \x1b\x5b0m\x1b\x5b1\x3b36\x3b40m  \x1b\x5b0m\x1b\x5b1\x3b36\x3b47m  \x1b\x5b0m\x1b\x5b1\x3b35\x3b40m\xe2\x99\x9f \x1b\x5b0m\x0a6 \x1b\x5b1\x3b36\x3b40m  \x1b\x5b0m\x1b\x5b1\x3b36\x3b47m  \x1b\x5b0m\x1b\x5b1\x3b36\x3b40m  \x1b\x5b0m\x1b\x5b1\x3b36\x3b47m  \x1b\x5b0m\x1b\x5b1\x3b36\x3b40m  \x1b\x5b0m\x1b\x5b1\x3b36\x3b47m  \x1b\x5b0m\x1b\x5b1\x3b36\x3b40m  \x1b\x5b0m\x1b\x5b1\x3b36\x3b47m  \x1b\x5b0m\x0a7 \x1b\x5b1\x3b35\x3b47m\xe2\x99\x9f \x1b\x5b0m\x1b\x5b1\x3b35\x3b40m\xe2\x99\x9f \x1b\x5b0m\x1b\x5b1\x3b36\x3b47m  \x1b\x5b0m\x1b\x5b1\x3b35\x3b40m\xe2\x99\x9f \x1b\x5b0m\x1b\x5b1\x3b35\x3b47m\xe2\x99\x9f \x1b\x5b0m\x1b\x5b1\x3b35\x3b40m\xe2\x99\x9f \x1b\x5b0m\x1b\x5b1\x3b35\x3b47m\xe2\x99\x9f \x1b\x5b0m\x1b\x5b1\x3b36\x3b40m  \x1b\x5b0m\x0a8 \x1b\x5b1\x3b35\x3b40m\xe2\x99\x9c \x1b\x5b0m\x1b\x5b1\x3b35\x3b47m\xe2\x99\x9e \x1b\x5b0m\x1b\x5b1\x3b35\x3b40m\xe2\x99\x9d \x1b\x5b0m\x1b\x5b1\x3b35\x3b47m\xe2\x99\x9a \x1b\x5b0m\x1b\x5b1\x3b35\x3b40m\xe2\x99\x9b \x1b\x5b0m\x1b\x5b1\x3b35\x3b47m\xe2\x99\x9d \x1b\x5b0m\x1b\x5b1\x3b35\x3b40m\xe2\x99\x9e \x1b\x5b0m\x1b\x5b1\x3b35\x3b47m\xe2\x99\x9c \x1b\x5b0m\x0a  h g f e d c b a \x0a</data></match></read>
    <read><length>13</length><match><data>\x1b\x5b0\x3b35m\x3e\x1b\x5b0m </data></match></read>
    <!-- Valid move -->
    <write><data>c7c6\x0a</data></write>
    <read><length>6</length><match><data>\x0ac7c6\x0a</data></match></read>
    <read><length>9</length><match><data>000000cb\x0a</data></match></read>
    <read><length>1131</length><match><data>8 \x1b\x5b1\x3b35\x3b47m\xe2\x99\x9c \x1b\x5b0m\x1b\x5b1\x3b35\x3b40m\xe2\x99\x9e \x1b\x5b0m\x1b\x5b1\x3b35\x3b47m\xe2\x99\x9d \x1b\x5b0m\x1b\x5b1\x3b35\x3b40m\xe2\x99\x9b \x1b\x5b0m\x1b\x5b1\x3b35\x3b47m\xe2\x99\x9a \x1b\x5b0m\x1b\x5b1\x3b35\x3b40m\xe2\x99\x9d \x1b\x5b0m\x1b\x5b1\x3b35\x3b47m\xe2\x99\x9e \x1b\x5b0m\x1b\x5b1\x3b35\x3b40m\xe2\x99\x9c \x1b\x5b0m\x0a7 \x1b\x5b1\x3b36\x3b40m  \x1b\x5b0m\x1b\x5b1\x3b35\x3b47m\xe2\x99\x9f \x1b\x5b0m\x1b\x5b1\x3b36\x3b40m  \x1b\x5b0m\x1b\x5b1\x3b35\x3b47m\xe2\x99\x9f \x1b\x5b0m\x1b\x5b1\x3b35\x3b40m\xe2\x99\x9f \x1b\x5b0m\x1b\x5b1\x3b36\x3b47m  \x1b\x5b0m\x1b\x5b1\x3b35\x3b40m\xe2\x99\x9f \x1b\x5b0m\x1b\x5b1\x3b35\x3b47m\xe2\x99\x9f \x1b\x5b0m\x0a6 \x1b\x5b1\x3b36\x3b47m  \x1b\x5b0m\x1b\x5b1\x3b36\x3b40m  \x1b\x5b0m\x1b\x5b1\x3b35\x3b47m\xe2\x99\x9f \x1b\x5b0m\x1b\x5b1\x3b36\x3b40m  \x1b\x5b0m\x1b\x5b1\x3b36\x3b47m  \x1b\x5b0m\x1b\x5b1\x3b36\x3b40m  \x1b\x5b0m\x1b\x5b1\x3b36\x3b47m  \x1b\x5b0m\x1b\x5b1\x3b36\x3b40m  \x1b\x5b0m\x0a5 \x1b\x5b1\x3b35\x3b40m\xe2\x99\x9f \x1b\x5b0m\x1b\x5b1\x3b36\x3b47m  \x1b\x5b0m\x1b\x5b1\x3b36\x3b40m  \x1b\x5b0m\x1b\x5b1\x3b36\x3b47m  \x1b\x5b0m\x1b\x5b1\x3b36\x3b40m  \x1b\x5b0m\x1b\x5b1\x3b35\x3b47m\xe2\x99\x9f \x1b\x5b0m\x1b\x5b1\x3b36\x3b40m  \x1b\x5b0m\x1b\x5b1\x3b36\x3b47m  \x1b\x5b0m\x0a4 \x1b\x5b1\x3b36\x3b47m  \x1b\x5b0m\x1b\x5b1\x3b36\x3b40m  \x1b\x5b0m\x1b\x5b1\x3b36\x3b47m\xe2\x99\x99 \x1b\x5b0m\x1b\x5b1\x3b36\x3b40m  \x1b\x5b0m\x1b\x5b1\x3b36\x3b47m  \x1b\x5b0m\x1b\x5b1\x3b36\x3b40m  \x1b\x5b0m\x1b\x5b1\x3b36\x3b47m  \x1b\x5b0m\x1b\x5b1\x3b36\x3b40m  \x1b\x5b0m\x0a3 \x1b\x5b1\x3b36\x3b40m  \x1b\x5b0m\x1b\x5b1\x3b36\x3b47m  \x1b\x5b0m\x1b\x5b1\x3b36\x3b40m\xe2\x99\x98 \x1b\x5b0m\x1b\x5b1\x3b36\x3b47m\xe2\x99\x99 \x1b\x5b0m\x1b\x5b1\x3b36\x3b40m  \x1b\x5b0m\x1b\x5b1\x3b36\x3b47m  \x1b\x5b0m\x1b\x5b1\x3b36\x3b40m  \x1b\x5b0m\x1b\x5b1\x3b36\x3b47m  \x1b\x5b0m\x0a2 \x1b\x5b1\x3b36\x3b47m\xe2\x99\x99 \x1b\x5b0m\x1b\x5b1\x3b36\x3b40m\xe2\x99\x99 \x1b\x5b0m\x1b\x5b1\x3b36\x3b47m  \x1b\x5b0m\x1b\x5b1\x3b36\x3b40m\xe2\x99\x97 \x1b\x5b0m\x1b\x5b1\x3b36\x3b47m\xe2\x99\x99 \x1b\x5b0m\x1b\x5b1\x3b36\x3b40m\xe2\x99\x99 \x1b\x5b0m\x1b\x5b1\x3b36\x3b47m\xe2\x99\x99 \x1b\x5b0m\x1b\x5b1\x3b36\x3b40m\xe2\x99\x99 \x1b\x5b0m\x0a1 \x1b\x5b1\x3b36\x3b40m\xe2\x99\x96 \x1b\x5b0m\x1b\x5b1\x3b36\x3b47m  \x1b\x5b0m\x1b\x5b1\x3b36\x3b40m  \x1b\x5b0m\x1b\x5b1\x3b36\x3b47m\xe2\x99\x95 \x1b\x5b0m\x1b\x5b1\x3b36\x3b40m\xe2\x99\x94 \x1b\x5b0m\x1b\x5b1\x3b36\x3b47m\xe2\x99\x97 \x1b\x5b0m\x1b\x5b1\x3b36\x3b40m\xe2\x99\x98 \x1b\x5b0m\x1b\x5b1\x3b36\x3b47m\xe2\x99\x96 \x1b\x5b0m\x0a  a b c d e f g h \x0a</data></match></read>
    <read><length>13</length><match><data>\x1b\x5b1\x3b36m\x3e\x1b\x5b0m </data></match></read>
    <!-- Valid move -->
    <write><data>b2b4\x0a</data></write>
    <read><length>6</length><match><data>\x0ab2b4\x0a</data></match></read>
    <read><length>9</length><match><data>000000cb\x0a</data></match></read>
    <read><length>1131</length><match><data>1 \x1b\x5b1\x3b36\x3b47m\xe2\x99\x96 \x1b\x5b0m\x1b\x5b1\x3b36\x3b40m\xe2\x99\x98 \x1b\x5b0m\x1b\x5b1\x3b36\x3b47m\xe2\x99\x97 \x1b\x5b0m\x1b\x5b1\x3b36\x3b40m\xe2\x99\x94 \x1b\x5b0m\x1b\x5b1\x3b36\x3b47m\xe2\x99\x95 \x1b\x5b0m\x1b\x5b1\x3b36\x3b40m  \x1b\x5b0m\x1b\x5b1\x3b36\x3b47m  \x1b\x5b0m\x1b\x5b1\x3b36\x3b40m\xe2\x99\x96 \x1b\x5b0m\x0a2 \x1b\x5b1\x3b36\x3b40m\xe2\x99\x99 \x1b\x5b0m\x1b\x5b1\x3b36\x3b47m\xe2\x99\x99 \x1b\x5b0m\x1b\x5b1\x3b36\x3b40m\xe2\x99\x99 \x1b\x5b0m\x1b\x5b1\x3b36\x3b47m\xe2\x99\x99 \x1b\x5b0m\x1b\x5b1\x3b36\x3b40m\xe2\x99\x97 \x1b\x5b0m\x1b\x5b1\x3b36\x3b47m  \x1b\x5b0m\x1b\x5b1\x3b36\x3b40m  \x1b\x5b0m\x1b\x5b1\x3b36\x3b47m\xe2\x99\x99 \x1b\x5b0m\x0a3 \x1b\x5b1\x3b36\x3b47m  \x1b\x5b0m\x1b\x5b1\x3b36\x3b40m  \x1b\x5b0m\x1b\x5b1\x3b36\x3b47m  \x1b\x5b0m\x1b\x5b1\x3b36\x3b40m  \x1b\x5b0m\x1b\x5b1\x3b36\x3b47m\xe2\x99\x99 \x1b\x5b0m\x1b\x5b1\x3b36\x3b40m\xe2\x99\x98 \x1b\x5b0m\x1b\x5b1\x3b36\x3b47m  \x1b\x5b0m\x1b\x5b1\x3b36\x3b40m  \x1b\x5b0m\x0a4 \x1b\x5b1\x3b36\x3b40m  \x1b\x5b0m\x1b\x5b1\x3b36\x3b47m  \x1b\x5b0m\x1b\x5b1\x3b36\x3b40m  \x1b\x5b0m\x1b\x5b1\x3b36\x3b47m  \x1b\x5b0m\x1b\x5b1\x3b36\x3b40m  \x1b\x5b0m\x1b\x5b1\x3b36\x3b47m\xe2\x99\x99 \x1b\x5b0m\x1b\x5b1\x3b36\x3b40m\xe2\x99\x99 \x1b\x5b0m\x1b\x5b1\x3b36\x3b47m  \x1b\x5b0m\x0a5 \x1b\x5b1\x3b36\x3b47m  \x1b\x5b0m\x1b\x5b1\x3b36\x3b40m  \x1b\x5b0m\x1b\x5b1\x3b35\x3b47m\xe2\x99\x9f \x1b\x5b0m\x1b\x5b1\x3b36\x3b40m  \x1b\x5b0m\x1b\x5b1\x3b36\x3b47m  \x1b\x5b0m\x1b\x5b1\x3b36\x3b40m  \x1b\x5b0m\x1b\x5b1\x3b36\x3b47m  \x1b\x5b0m\x1b\x5b1\x3b35\x3b40m\xe2\x99\x9f \x1b\x5b0m\x0a6 \x1b\x5b1\x3b36\x3b40m  \x1b\x5b0m\x1b\x5b1\x3b36\x3b47m  \x1b\x5b0m\x1b\x5b1\x3b36\x3b40m  \x1b\x5b0m\x1b\x5b1\x3b36\x3b47m  \x1b\x5b0m\x1b\x5b1\x3b36\x3b40m  \x1b\x5b0m\x1b\x5b1\x3b35\x3b47m\xe2\x99\x9f \x1b\x5b0m\x1b\x5b1\x3b36\x3b40m  \x1b\x5b0m\x1b\x5b1\x3b36\x3b47m  \x1b\x5b0m\x0a7 \x1b\x5b1\x3b35\x3b47m\xe2\x99\x9f \x1b\x5b0m\x1b\x5b1\x3b35\x3b40m\xe2\x99\x9f \x1b\x5b0m\x1b\x5b1\x3b36\x3b47m  \x1b\x5b0m\x1b\x5b1\x3b35\x3b40m\xe2\x99\x9f \x1b\x5b0m\x1b\x5b1\x3b35\x3b47m\xe2\x99\x9f \x1b\x5b0m\x1b\x5b1\x3b36\x3b40m  \x1b\x5b0m\x1b\x5b1\x3b35\x3b47m\xe2\x99\x9f \x1b\x5b0m\x1b\x5b1\x3b36\x3b40m  \x1b\x5b0m\x0a8 \x1b\x5b1\x3b35\x3b40m\xe2\x99\x9c \x1b\x5b0m\x1b\x5b1\x3b35\x3b47m\xe2\x99\x9e \x1b\x5b0m\x1b\x5b1\x3b35\x3b40m\xe2\x99\x9d \x1b\x5b0m\x1b\x5b1\x3b35\x3b47m\xe2\x99\x9a \x1b\x5b0m\x1b\x5b1\x3b35\x3b40m\xe2\x99\x9b \x1b\x5b0m\x1b\x5b1\x3b35\x3b47m\xe2\x99\x9d \x1b\x5b0m\x1b\x5b1\x3b35\x3b40m\xe2\x99\x9e \x1b\x5b0m\x1b\x5b1\x3b35\x3b47m\xe2\x99\x9c \x1b\x5b0m\x0a  h g f e d c b a \x0a</data></match></read>
    <read><length>13</length><match><data>\x1b\x5b0\x3b35m\x3e\x1b\x5b0m </data></match></read>
    <!-- Valid move -->
    <write><data>Ng8h6\x0a</data></write>
    <read><length>7</length><match><data>\x0aNg8h6\x0a</data></match></read>
    <read><length>9</length><match><data>000000cb\x0a</data></match></read>
    <read><length>1131</length><match><data>8 \x1b\x5b1\x3b35\x3b47m\xe2\x99\x9c \x1b\x5b0m\x1b\x5b1\x3b35\x3b40m\xe2\x99\x9e \x1b\x5b0m\x1b\x5b1\x3b35\x3b47m\xe2\x99\x9d \x1b\x5b0m\x1b\x5b1\x3b35\x3b40m\xe2\x99\x9b \x1b\x5b0m\x1b\x5b1\x3b35\x3b47m\xe2\x99\x9a \x1b\x5b0m\x1b\x5b1\x3b35\x3b40m\xe2\x99\x9d \x1b\x5b0m\x1b\x5b1\x3b36\x3b47m  \x1b\x5b0m\x1b\x5b1\x3b35\x3b40m\xe2\x99\x9c \x1b\x5b0m\x0a7 \x1b\x5b1\x3b36\x3b40m  \x1b\x5b0m\x1b\x5b1\x3b35\x3b47m\xe2\x99\x9f \x1b\x5b0m\x1b\x5b1\x3b36\x3b40m  \x1b\x5b0m\x1b\x5b1\x3b35\x3b47m\xe2\x99\x9f \x1b\x5b0m\x1b\x5b1\x3b35\x3b40m\xe2\x99\x9f \x1b\x5b0m\x1b\x5b1\x3b36\x3b47m  \x1b\x5b0m\x1b\x5b1\x3b35\x3b40m\xe2\x99\x9f \x1b\x5b0m\x1b\x5b1\x3b35\x3b47m\xe2\x99\x9f \x1b\x5b0m\x0a6 \x1b\x5b1\x3b36\x3b47m  \x1b\x5b0m\x1b\x5b1\x3b36\x3b40m  \x1b\x5b0m\x1b\x5b1\x3b35\x3b47m\xe2\x99\x9f \x1b\x5b0m\x1b\x5b1\x3b36\x3b40m  \x1b\x5b0m\x1b\x5b1\x3b36\x3b47m  \x1b\x5b0m\x1b\x5b1\x3b36\x3b40m  \x1b\x5b0m\x1b\x5b1\x3b36\x3b47m  \x1b\x5b0m\x1b\x5b1\x3b35\x3b40m\xe2\x99\x9e \x1b\x5b0m\x0a5 \x1b\x5b1\x3b35\x3b40m\xe2\x99\x9f \x1b\x5b0m\x1b\x5b1\x3b36\x3b47m  \x1b\x5b0m\x1b\x5b1\x3b36\x3b40m  \x1b\x5b0m\x1b\x5b1\x3b36\x3b47m  \x1b\x5b0m\x1b\x5b1\x3b36\x3b40m  \x1b\x5b0m\x1b\x5b1\x3b35\x3b47m\xe2\x99\x9f \x1b\x5b0m\x1b\x5b1\x3b36\x3b40m  \x1b\x5b0m\x1b\x5b1\x3b36\x3b47m  \x1b\x5b0m\x0a4 \x1b\x5b1\x3b36\x3b47m  \x1b\x5b0m\x1b\x5b1\x3b36\x3b40m\xe2\x99\x99 \x1b\x5b0m\x1b\x5b1\x3b36\x3b47m\xe2\x99\x99 \x1b\x5b0m\x1b\x5b1\x3b36\x3b40m  \x1b\x5b0m\x1b\x5b1\x3b36\x3b47m  \x1b\x5b0m\x1b\x5b1\x3b36\x3b40m  \x1b\x5b0m\x1b\x5b1\x3b36\x3b47m  \x1b\x5b0m\x1b\x5b1\x3b36\x3b40m  \x1b\x5b0m\x0a3 \x1b\x5b1\x3b36\x3b40m  \x1b\x5b0m\x1b\x5b1\x3b36\x3b47m  \x1b\x5b0m\x1b\x5b1\x3b36\x3b40m\xe2\x99\x98 \x1b\x5b0m\x1b\x5b1\x3b36\x3b47m\xe2\x99\x99 \x1b\x5b0m\x1b\x5b1\x3b36\x3b40m  \x1b\x5b0m\x1b\x5b1\x3b36\x3b47m  \x1b\x5b0m\x1b\x5b1\x3b36\x3b40m  \x1b\x5b0m\x1b\x5b1\x3b36\x3b47m  \x1b\x5b0m\x0a2 \x1b\x5b1\x3b36\x3b47m\xe2\x99\x99 \x1b\x5b0m\x1b\x5b1\x3b36\x3b40m  \x1b\x5b0m\x1b\x5b1\x3b36\x3b47m  \x1b\x5b0m\x1b\x5b1\x3b36\x3b40m\xe2\x99\x97 \x1b\x5b0m\x1b\x5b1\x3b36\x3b47m\xe2\x99\x99 \x1b\x5b0m\x1b\x5b1\x3b36\x3b40m\xe2\x99\x99 \x1b\x5b0m\x1b\x5b1\x3b36\x3b47m\xe2\x99\x99 \x1b\x5b0m\x1b\x5b1\x3b36\x3b40m\xe2\x99\x99 \x1b\x5b0m\x0a1 \x1b\x5b1\x3b36\x3b40m\xe2\x99\x96 \x1b\x5b0m\x1b\x5b1\x3b36\x3b47m  \x1b\x5b0m\x1b\x5b1\x3b36\x3b40m  \x1b\x5b0m\x1b\x5b1\x3b36\x3b47m\xe2\x99\x95 \x1b\x5b0m\x1b\x5b1\x3b36\x3b40m\xe2\x99\x94 \x1b\x5b0m\x1b\x5b1\x3b36\x3b47m\xe2\x99\x97 \x1b\x5b0m\x1b\x5b1\x3b36\x3b40m\xe2\x99\x98 \x1b\x5b0m\x1b\x5b1\x3b36\x3b47m\xe2\x99\x96 \x1b\x5b0m\x0a  a b c d e f g h \x0a</data></match></read>
    <read><length>13</length><match><data>\x1b\x5b1\x3b36m\x3e\x1b\x5b0m </data></match></read>
    <write><data>quit\x0a</data></write>
</replay>
</pov>