<?xml version="1.0" standalone="no" ?>
<!DOCTYPE pov SYSTEM "/usr/share/cgc-docs/replay.dtd">
<pov>
<cbid>service</cbid>
<seed>fe8c6e973ee94e9535e4961818861dc6db50c8200574532d7c3506cada44882e0699890d04ea58dcfbe1682b486a2392</seed>
<replay>
    <delay>50</delay>
    <read><length>1131</length><match><data>8 \x1b\x5b1\x3b35\x3b47m\xe2\x99\x9c \x1b\x5b0m\x1b\x5b1\x3b35\x3b40m\xe2\x99\x9e \x1b\x5b0m\x1b\x5b1\x3b35\x3b47m\xe2\x99\x9d \x1b\x5b0m\x1b\x5b1\x3b35\x3b40m\xe2\x99\x9b \x1b\x5b0m\x1b\x5b1\x3b35\x3b47m\xe2\x99\x9a \x1b\x5b0m\x1b\x5b1\x3b35\x3b40m\xe2\x99\x9d \x1b\x5b0m\x1b\x5b1\x3b35\x3b47m\xe2\x99\x9e \x1b\x5b0m\x1b\x5b1\x3b35\x3b40m\xe2\x99\x9c \x1b\x5b0m\x0a7 \x1b\x5b1\x3b35\x3b40m\xe2\x99\x9f \x1b\x5b0m\x1b\x5b1\x3b35\x3b47m\xe2\x99\x9f \x1b\x5b0m\x1b\x5b1\x3b35\x3b40m\xe2\x99\x9f \x1b\x5b0m\x1b\x5b1\x3b35\x3b47m\xe2\x99\x9f \x1b\x5b0m\x1b\x5b1\x3b35\x3b40m\xe2\x99\x9f \x1b\x5b0m\x1b\x5b1\x3b35\x3b47m\xe2\x99\x9f \x1b\x5b0m\x1b\x5b1\x3b35\x3b40m\xe2\x99\x9f \x1b\x5b0m\x1b\x5b1\x3b35\x3b47m\xe2\x99\x9f \x1b\x5b0m\x0a6 \x1b\x5b1\x3b36\x3b47m  \x1b\x5b0m\x1b\x5b1\x3b36\x3b40m  \x1b\x5b0m\x1b\x5b1\x3b36\x3b47m  \x1b\x5b0m\x1b\x5b1\x3b36\x3b40m  \x1b\x5b0m\x1b\x5b1\x3b36\x3b47m  \x1b\x5b0m\x1b\x5b1\x3b36\x3b40m  \x1b\x5b0m\x1b\x5b1\x3b36\x3b47m  \x1b\x5b0m\x1b\x5b1\x3b36\x3b40m  \x1b\x5b0m\x0a5 \x1b\x5b1\x3b36\x3b40m  \x1b\x5b0m\x1b\x5b1\x3b36\x3b47m  \x1b\x5b0m\x1b\x5b1\x3b36\x3b40m  \x1b\x5b0m\x1b\x5b1\x3b36\x3b47m  \x1b\x5b0m\x1b\x5b1\x3b36\x3b40m  \x1b\x5b0m\x1b\x5b1\x3b36\x3b47m  \x1b\x5b0m\x1b\x5b1\x3b36\x3b40m  \x1b\x5b0m\x1b\x5b1\x3b36\x3b47m  \x1b\x5b0m\x0a4 \x1b\x5b1\x3b36\x3b47m  \x1b\x5b0m\x1b\x5b1\x3b36\x3b40m  \x1b\x5b0m\x1b\x5b1\x3b36\x3b47m  \x1b\x5b0m\x1b\x5b1\x3b36\x3b40m  \x1b\x5b0m\x1b\x5b1\x3b36\x3b47m  \x1b\x5b0m\x1b\x5b1\x3b36\x3b40m  \x1b\x5b0m\x1b\x5b1\x3b36\x3b47m  \x1b\x5b0m\x1b\x5b1\x3b36\x3b40m  \x1b\x5b0m\x0a3 \x1b\x5b1\x3b36\x3b40m  \x1b\x5b0m\x1b\x5b1\x3b36\x3b47m  \x1b\x5b0m\x1b\x5b1\x3b36\x3b40m  \x1b\x5b0m\x1b\x5b1\x3b36\x3b47m  \x1b\x5b0m\x1b\x5b1\x3b36\x3b40m  \x1b\x5b0m\x1b\x5b1\x3b36\x3b47m  \x1b\x5b0m\x1b\x5b1\x3b36\x3b40m  \x1b\x5b0m\x1b\x5b1\x3b36\x3b47m  \x1b\x5b0m\x0a2 \x1b\x5b1\x3b36\x3b47m\xe2\x99\x99 \x1b\x5b0m\x1b\x5b1\x3b36\x3b40m\xe2\x99\x99 \x1b\x5b0m\x1b\x5b1\x3b36\x3b47m\xe2\x99\x99 \x1b\x5b0m\x1b\x5b1\x3b36\x3b40m\xe2\x99\x99 \x1b\x5b0m\x1b\x5b1\x3b36\x3b47m\xe2\x99\x99 \x1b\x5b0m\x1b\x5b1\x3b36\x3b40m\xe2\x99\x99 \x1b\x5b0m\x1b\x5b1\x3b36\x3b47m\xe2\x99\x99 \x1b\x5b0m\x1b\x5b1\x3b36\x3b40m\xe2\x99\x99 \x1b\x5b0m\x0a1 \x1b\x5b1\x3b36\x3b40m\xe2\x99\x96 \x1b\x5b0m\x1b\x5b1\x3b36\x3b47m\xe2\x99\x98 \x1b\x5b0m\x1b\x5b1\x3b36\x3b40m\xe2\x99\x97 \x1b\x5b0m\x1b\x5b1\x3b36\x3b47m\xe2\x99\x95 \x1b\x5b0m\x1b\x5b1\x3b36\x3b40m\xe2\x99\x94 \x1b\x5b0m\x1b\x5b1\x3b36\x3b47m\xe2\x99\x97 \x1b\x5b0m\x1b\x5b1\x3b36\x3b40m\xe2\x99\x98 \x1b\x5b0m\x1b\x5b1\x3b36\x3b47m\xe2\x99\x96 \x1b\x5b0m\x0a  a b c d e f g h \x0a</data></match></read>
    <read><length>13</length><match><data>\x1b\x5b1\x3b36m\x3e\x1b\x5b0m </data></match></read>
    <!-- Valid move -->
    <write><data>b2b3\x0a</data></write>
    <read><length>6</length><match><data>\x0ab2b3\x0a</data></match></read>
    <read><length>9</length><match><data>0000005f\x0a</data></match></read>
    <read><length>1131</length><match><data>1 \x1b\x5b1\x3b36\x3b47m\xe2\x99\x96 \x1b\x5b0m\x1b\x5b1\x3b36\x3b40m\xe2\x99\x98 \x1b\x5b0m\x1b\x5b1\x3b36\x3b47m\xe2\x99\x97 \x1b\x5b0m\x1b\x5b1\x3b36\x3b40m\xe2\x99\x94 \x1b\x5b0m\x1b\x5b1\x3b36\x3b47m\xe2\x99\x95 \x1b\x5b0m\x1b\x5b1\x3b36\x3b40m\xe2\x99\x97 \x1b\x5b0m\x1b\x5b1\x3b36\x3b47m\xe2\x99\x98 \x1b\x5b0m\x1b\x5b1\x3b36\x3b40m\xe2\x99\x96 \x1b\x5b0m\x0a2 \x1b\x5b1\x3b36\x3b40m\xe2\x99\x99 \x1b\x5b0m\x1b\x5b1\x3b36\x3b47m\xe2\x99\x99 \x1b\x5b0m\x1b\x5b1\x3b36\x3b40m\xe2\x99\x99 \x1b\x5b0m\x1b\x5b1\x3b36\x3b47m\xe2\x99\x99 \x1b\x5b0m\x1b\x5b1\x3b36\x3b40m\xe2\x99\x99 \x1b\x5b0m\x1b\x5b1\x3b36\x3b47m\xe2\x99\x99 \x1b\x5b0m\x1b\x5b1\x3b36\x3b40m  \x1b\x5b0m\x1b\x5b1\x3b36\x3b47m\xe2\x99\x99 \x1b\x5b0m\x0a3 \x1b\x5b1\x3b36\x3b47m  \x1b\x5b0m\x1b\x5b1\x3b36\x3b40m  \x1b\x5b0m\x1b\x5b1\x3b36\x3b47m  \x1b\x5b0m\x1b\x5b1\x3b36\x3b40m  \x1b\x5b0m\x1b\x5b1\x3b36\x3b47m  \x1b\x5b0m\x1b\x5b1\x3b36\x3b40m  \x1b\x5b0m\x1b\x5b1\x3b36\x3b47m\xe2\x99\x99 \x1b\x5b0m\x1b\x5b1\x3b36\x3b40m  \x1b\x5b0m\x0a4 \x1b\x5b1\x3b36\x3b40m  \x1b\x5b0m\x1b\x5b1\x3b36\x3b47m  \x1b\x5b0m\x1b\x5b1\x3b36\x3b40m  \x1b\x5b0m\x1b\x5b1\x3b36\x3b47m  \x1b\x5b0m\x1b\x5b1\x3b36\x3b40m  \x1b\x5b0m\x1b\x5b1\x3b36\x3b47m  \x1b\x5b0m\x1b\x5b1\x3b36\x3b40m  \x1b\x5b0m\x1b\x5b1\x3b36\x3b47m  \x1b\x5b0m\x0a5 \x1b\x5b1\x3b36\x3b47m  \x1b\x5b0m\x1b\x5b1\x3b36\x3b40m  \x1b\x5b0m\x1b\x5b1\x3b36\x3b47m  \x1b\x5b0m\x1b\x5b1\x3b36\x3b40m  \x1b\x5b0m\x1b\x5b1\x3b36\x3b47m  \x1b\x5b0m\x1b\x5b1\x3b36\x3b40m  \x1b\x5b0m\x1b\x5b1\x3b36\x3b47m  \x1b\x5b0m\x1b\x5b1\x3b36\x3b40m  \x1b\x5b0m\x0a6 \x1b\x5b1\x3b36\x3b40m  \x1b\x5b0m\x1b\x5b1\x3b36\x3b47m  \x1b\x5b0m\x1b\x5b1\x3b36\x3b40m  \x1b\x5b0m\x1b\x5b1\x3b36\x3b47m  \x1b\x5b0m\x1b\x5b1\x3b36\x3b40m  \x1b\x5b0m\x1b\x5b1\x3b36\x3b47m  \x1b\x5b0m\x1b\x5b1\x3b36\x3b40m  \x1b\x5b0m\x1b\x5b1\x3b36\x3b47m  \x1b\x5b0m\x0a7 \x1b\x5b1\x3b35\x3b47m\xe2\x99\x9f \x1b\x5b0m\x1b\x5b1\x3b35\x3b40m\xe2\x99\x9f \x1b\x5b0m\x1b\x5b1\x3b35\x3b47m\xe2\x99\x9f \x1b\x5b0m\x1b\x5b1\x3b35\x3b40m\xe2\x99\x9f \x1b\x5b0m\x1b\x5b1\x3b35\x3b47m\xe2\x99\x9f \x1b\x5b0m\x1b\x5b1\x3b35\x3b40m\xe2\x99\x9f \x1b\x5b0m\x1b\x5b1\x3b35\x3b47m\xe2\x99\x9f \x1b\x5b0m\x1b\x5b1\x3b35\x3b40m\xe2\x99\x9f \x1b\x5b0m\x0a8 \x1b\x5b1\x3b35\x3b40m\xe2\x99\x9c \x1b\x5b0m\x1b\x5b1\x3b35\x3b47m\xe2\x99\x9e \x1b\x5b0m\x1b\x5b1\x3b35\x3b40m\xe2\x99\x9d \x1b\x5b0m\x1b\x5b1\x3b35\x3b47m\xe2\x99\x9a \x1b\x5b0m\x1b\x5b1\x3b35\x3b40m\xe2\x99\x9b \x1b\x5b0m\x1b\x5b1\x3b35\x3b47m\xe2\x99\x9d \x1b\x5b0m\x1b\x5b1\x3b35\x3b40m\xe2\x99\x9e \x1b\x5b0m\x1b\x5b1\x3b35\x3b47m\xe2\x99\x9c \x1b\x5b0m\x0a  h g f e d c b a \x0a</data></match></read>
    <read><length>13</length><match><data>\x1b\x5b0\x3b35m\x3e\x1b\x5b0m </data></match></read>
    <!-- Valid move -->
    <write><data>b7b6\x0a</data></write>
    <read><length>6</length><match><data>\x0ab7b6\x0a</data></match></read>
    <read><length>9</length><match><data>0000005f\x0a</data></match></read>
    <read><length>1131</length><match><data>8 \x1b\x5b1\x3b35\x3b47m\xe2\x99\x9c \x1b\x5b0m\x1b\x5b1\x3b35\x3b40m\xe2\x99\x9e \x1b\x5b0m\x1b\x5b1\x3b35\x3b47m\xe2\x99\x9d \x1b\x5b0m\x1b\x5b1\x3b35\x3b40m\xe2\x99\x9b \x1b\x5b0m\x1b\x5b1\x3b35\x3b47m\xe2\x99\x9a \x1b\x5b0m\x1b\x5b1\x3b35\x3b40m\xe2\x99\x9d \x1b\x5b0m\x1b\x5b1\x3b35\x3b47m\xe2\x99\x9e \x1b\x5b0m\x1b\x5b1\x3b35\x3b40m\xe2\x99\x9c \x1b\x5b0m\x0a7 \x1b\x5b1\x3b35\x3b40m\xe2\x99\x9f \x1b\x5b0m\x1b\x5b1\x3b36\x3b47m  \x1b\x5b0m\x1b\x5b1\x3b35\x3b40m\xe2\x99\x9f \x1b\x5b0m\x1b\x5b1\x3b35\x3b47m\xe2\x99\x9f \x1b\x5b0m\x1b\x5b1\x3b35\x3b40m\xe2\x99\x9f \x1b\x5b0m\x1b\x5b1\x3b35\x3b47m\xe2\x99\x9f \x1b\x5b0m\x1b\x5b1\x3b35\x3b40m\xe2\x99\x9f \x1b\x5b0m\x1b\x5b1\x3b35\x3b47m\xe2\x99\x9f \x1b\x5b0m\x0a6 \x1b\x5b1\x3b36\x3b47m  \x1b\x5b0m\x1b\x5b1\x3b35\x3b40m\xe2\x99\x9f \x1b\x5b0m\x1b\x5b1\x3b36\x3b47m  \x1b\x5b0m\x1b\x5b1\x3b36\x3b40m  \x1b\x5b0m\x1b\x5b1\x3b36\x3b47m  \x1b\x5b0m\x1b\x5b1\x3b36\x3b40m  \x1b\x5b0m\x1b\x5b1\x3b36\x3b47m  \x1b\x5b0m\x1b\x5b1\x3b36\x3b40m  \x1b\x5b0m\x0a5 \x1b\x5b1\x3b36\x3b40m  \x1b\x5b0m\x1b\x5b1\x3b36\x3b47m  \x1b\x5b0m\x1b\x5b1\x3b36\x3b40m  \x1b\x5b0m\x1b\x5b1\x3b36\x3b47m  \x1b\x5b0m\x1b\x5b1\x3b36\x3b40m  \x1b\x5b0m\x1b\x5b1\x3b36\x3b47m  \x1b\x5b0m\x1b\x5b1\x3b36\x3b40m  \x1b\x5b0m\x1b\x5b1\x3b36\x3b47m  \x1b\x5b0m\x0a4 \x1b\x5b1\x3b36\x3b47m  \x1b\x5b0m\x1b\x5b1\x3b36\x3b40m  \x1b\x5b0m\x1b\x5b1\x3b36\x3b47m  \x1b\x5b0m\x1b\x5b1\x3b36\x3b40m  \x1b\x5b0m\x1b\x5b1\x3b36\x3b47m  \x1b\x5b0m\x1b\x5b1\x3b36\x3b40m  \x1b\x5b0m\x1b\x5b1\x3b36\x3b47m  \x1b\x5b0m\x1b\x5b1\x3b36\x3b40m  \x1b\x5b0m\x0a3 \x1b\x5b1\x3b36\x3b40m  \x1b\x5b0m\x1b\x5b1\x3b36\x3b47m\xe2\x99\x99 \x1b\x5b0m\x1b\x5b1\x3b36\x3b40m  \x1b\x5b0m\x1b\x5b1\x3b36\x3b47m  \x1b\x5b0m\x1b\x5b1\x3b36\x3b40m  \x1b\x5b0m\x1b\x5b1\x3b36\x3b47m  \x1b\x5b0m\x1b\x5b1\x3b36\x3b40m  \x1b\x5b0m\x1b\x5b1\x3b36\x3b47m  \x1b\x5b0m\x0a2 \x1b\x5b1\x3b36\x3b47m\xe2\x99\x99 \x1b\x5b0m\x1b\x5b1\x3b36\x3b40m  \x1b\x5b0m\x1b\x5b1\x3b36\x3b47m\xe2\x99\x99 \x1b\x5b0m\x1b\x5b1\x3b36\x3b40m\xe2\x99\x99 \x1b\x5b0m\x1b\x5b1\x3b36\x3b47m\xe2\x99\x99 \x1b\x5b0m\x1b\x5b1\x3b36\x3b40m\xe2\x99\x99 \x1b\x5b0m\x1b\x5b1\x3b36\x3b47m\xe2\x99\x99 \x1b\x5b0m\x1b\x5b1\x3b36\x3b40m\xe2\x99\x99 \x1b\x5b0m\x0a1 \x1b\x5b1\x3b36\x3b40m\xe2\x99\x96 \x1b\x5b0m\x1b\x5b1\x3b36\x3b47m\xe2\x99\x98 \x1b\x5b0m\x1b\x5b1\x3b36\x3b40m\xe2\x99\x97 \x1b\x5b0m\x1b\x5b1\x3b36\x3b47m\xe2\x99\x95 \x1b\x5b0m\x1b\x5b1\x3b36\x3b40m\xe2\x99\x94 \x1b\x5b0m\x1b\x5b1\x3b36\x3b47m\xe2\x99\x97 \x1b\x5b0m\x1b\x5b1\x3b36\x3b40m\xe2\x99\x98 \x1b\x5b0m\x1b\x5b1\x3b36\x3b47m\xe2\x99\x96 \x1b\x5b0m\x0a  a b c d e f g h \x0a</data></match></read>
    <read><length>13</length><match><data>\x1b\x5b1\x3b36m\x3e\x1b\x5b0m </data></match></read>
    <!-- Valid move -->
    <write><data>Ng1f3\x0a</data></write>
    <read><length>7</length><match><data>\x0aNg1f3\x0a</data></match></read>
    <read><length>9</length><match><data>0000005f\x0a</data></match></read>
    <read><length>1131</length><match><data>1 \x1b\x5b1\x3b36\x3b47m\xe2\x99\x96 \x1b\x5b0m\x1b\x5b1\x3b36\x3b40m  \x1b\x5b0m\x1b\x5b1\x3b36\x3b47m\xe2\x99\x97 \x1b\x5b0m\x1b\x5b1\x3b36\x3b40m\xe2\x99\x94 \x1b\x5b0m\x1b\x5b1\x3b36\x3b47m\xe2\x99\x95 \x1b\x5b0m\x1b\x5b1\x3b36\x3b40m\xe2\x99\x97 \x1b\x5b0m\x1b\x5b1\x3b36\x3b47m\xe2\x99\x98 \x1b\x5b0m\x1b\x5b1\x3b36\x3b40m\xe2\x99\x96 \x1b\x5b0m\x0a2 \x1b\x5b1\x3b36\x3b40m\xe2\x99\x99 \x1b\x5b0m\x1b\x5b1\x3b36\x3b47m\xe2\x99\x99 \x1b\x5b0m\x1b\x5b1\x3b36\x3b40m\xe2\x99\x99 \x1b\x5b0m\x1b\x5b1\x3b36\x3b47m\xe2\x99\x99 \x1b\x5b0m\x1b\x5b1\x3b36\x3b40m\xe2\x99\x99 \x1b\x5b0m\x1b\x5b1\x3b36\x3b47m\xe2\x99\x99 \x1b\x5b0m\x1b\x5b1\x3b36\x3b40m  \x1b\x5b0m\x1b\x5b1\x3b36\x3b47m\xe2\x99\x99 \x1b\x5b0m\x0a3 \x1b\x5b1\x3b36\x3b47m  \x1b\x5b0m\x1b\x5b1\x3b36\x3b40m  \x1b\x5b0m\x1b\x5b1\x3b36\x3b47m\xe2\x99\x98 \x1b\x5b0m\x1b\x5b1\x3b36\x3b40m  \x1b\x5b0m\x1b\x5b1\x3b36\x3b47m  \x1b\x5b0m\x1b\x5b1\x3b36\x3b40m  \x1b\x5b0m\x1b\x5b1\x3b36\x3b47m\xe2\x99\x99 \x1b\x5b0m\x1b\x5b1\x3b36\x3b40m  \x1b\x5b0m\x0a4 \x1b\x5b1\x3b36\x3b40m  \x1b\x5b0m\x1b\x5b1\x3b36\x3b47m  \x1b\x5b0m\x1b\x5b1\x3b36\x3b40m  \x1b\x5b0m\x1b\x5b1\x3b36\x3b47m  \x1b\x5b0m\x1b\x5b1\x3b36\x3b40m  \x1b\x5b0m\x1b\x5b1\x3b36\x3b47m  \x1b\x5b0m\x1b\x5b1\x3b36\x3b40m  \x1b\x5b0m\x1b\x5b1\x3b36\x3b47m  \x1b\x5b0m\x0a5 \x1b\x5b1\x3b36\x3b47m  \x1b\x5b0m\x1b\x5b1\x3b36\x3b40m  \x1b\x5b0m\x1b\x5b1\x3b36\x3b47m  \x1b\x5b0m\x1b\x5b1\x3b36\x3b40m  \x1b\x5b0m\x1b\x5b1\x3b36\x3b47m  \x1b\x5b0m\x1b\x5b1\x3b36\x3b40m  \x1b\x5b0m\x1b\x5b1\x3b36\x3b47m  \x1b\x5b0m\x1b\x5b1\x3b36\x3b40m  \x1b\x5b0m\x0a6 \x1b\x5b1\x3b36\x3b40m  \x1b\x5b0m\x1b\x5b1\x3b36\x3b47m  \x1b\x5b0m\x1b\x5b1\x3b36\x3b40m  \x1b\x5b0m\x1b\x5b1\x3b36\x3b47m  \x1b\x5b0m\x1b\x5b1\x3b36\x3b40m  \x1b\x5b0m\x1b\x5b1\x3b36\x3b47m  \x1b\x5b0m\x1b\x5b1\x3b35\x3b40m\xe2\x99\x9f \x1b\x5b0m\x1b\x5b1\x3b36\x3b47m  \x1b\x5b0m\x0a7 \x1b\x5b1\x3b35\x3b47m\xe2\x99\x9f \x1b\x5b0m\x1b\x5b1\x3b35\x3b40m\xe2\x99\x9f \x1b\x5b0m\x1b\x5b1\x3b35\x3b47m\xe2\x99\x9f \x1b\x5b0m\x1b\x5b1\x3b35\x3b40m\xe2\x99\x9f \x1b\x5b0m\x1b\x5b1\x3b35\x3b47m\xe2\x99\x9f \x1b\x5b0m\x1b\x5b1\x3b35\x3b40m\xe2\x99\x9f \x1b\x5b0m\x1b\x5b1\x3b36\x3b47m  \x1b\x5b0m\x1b\x5b1\x3b35\x3b40m\xe2\x99\x9f \x1b\x5b0m\x0a8 \x1b\x5b1\x3b35\x3b40m\xe2\x99\x9c \x1b\x5b0m\x1b\x5b1\x3b35\x3b47m\xe2\x99\x9e \x1b\x5b0m\x1b\x5b1\x3b35\x3b40m\xe2\x99\x9d \x1b\x5b0m\x1b\x5b1\x3b35\x3b47m\xe2\x99\x9a \x1b\x5b0m\x1b\x5b1\x3b35\x3b40m\xe2\x99\x9b \x1b\x5b0m\x1b\x5b1\x3b35\x3b47m\xe2\x99\x9d \x1b\x5b0m\x1b\x5b1\x3b35\x3b40m\xe2\x99\x9e \x1b\x5b0m\x1b\x5b1\x3b35\x3b47m\xe2\x99\x9c \x1b\x5b0m\x0a  h g f e d c b a \x0a</data></match></read>
    <read><length>13</length><match><data>\x1b\x5b0\x3b35m\x3e\x1b\x5b0m </data></match></read>
    <!-- Valid move -->
    <write><data>d7d5\x0a</data></write>
    <read><length>6</length><match><data>\x0ad7d5\x0a</data></match></read>
    <read><length>9</length><match><data>0000005f\x0a</data></match></read>
    <read><length>1131</length><match><data>8 \x1b\x5b1\x3b35\x3b47m\xe2\x99\x9c \x1b\x5b0m\x1b\x5b1\x3b35\x3b40m\xe2\x99\x9e \x1b\x5b0m\x1b\x5b1\x3b35\x3b47m\xe2\x99\x9d \x1b\x5b0m\x1b\x5b1\x3b35\x3b40m\xe2\x99\x9b \x1b\x5b0m\x1b\x5b1\x3b35\x3b47m\xe2\x99\x9a \x1b\x5b0m\x1b\x5b1\x3b35\x3b40m\xe2\x99\x9d \x1b\x5b0m\x1b\x5b1\x3b35\x3b47m\xe2\x99\x9e \x1b\x5b0m\x1b\x5b1\x3b35\x3b40m\xe2\x99\x9c \x1b\x5b0m\x0a7 \x1b\x5b1\x3b35\x3b40m\xe2\x99\x9f \x1b\x5b0m\x1b\x5b1\x3b36\x3b47m  \x1b\x5b0m\x1b\x5b1\x3b35\x3b40m\xe2\x99\x9f \x1b\x5b0m\x1b\x5b1\x3b36\x3b47m  \x1b\x5b0m\x1b\x5b1\x3b35\x3b40m\xe2\x99\x9f \x1b\x5b0m\x1b\x5b1\x3b35\x3b47m\xe2\x99\x9f \x1b\x5b0m\x1b\x5b1\x3b35\x3b40m\xe2\x99\x9f \x1b\x5b0m\x1b\x5b1\x3b35\x3b47m\xe2\x99\x9f \x1b\x5b0m\x0a6 \x1b\x5b1\x3b36\x3b47m  \x1b\x5b0m\x1b\x5b1\x3b35\x3b40m\xe2\x99\x9f \x1b\x5b0m\x1b\x5b1\x3b36\x3b47m  \x1b\x5b0m\x1b\x5b1\x3b36\x3b40m  \x1b\x5b0m\x1b\x5b1\x3b36\x3b47m  \x1b\x5b0m\x1b\x5b1\x3b36\x3b40m  \x1b\x5b0m\x1b\x5b1\x3b36\x3b47m  \x1b\x5b0m\x1b\x5b1\x3b36\x3b40m  \x1b\x5b0m\x0a5 \x1b\x5b1\x3b36\x3b40m  \x1b\x5b0m\x1b\x5b1\x3b36\x3b47m  \x1b\x5b0m\x1b\x5b1\x3b36\x3b40m  \x1b\x5b0m\x1b\x5b1\x3b35\x3b47m\xe2\x99\x9f \x1b\x5b0m\x1b\x5b1\x3b36\x3b40m  \x1b\x5b0m\x1b\x5b1\x3b36\x3b47m  \x1b\x5b0m\x1b\x5b1\x3b36\x3b40m  \x1b\x5b0m\x1b\x5b1\x3b36\x3b47m  \x1b\x5b0m\x0a4 \x1b\x5b1\x3b36\x3b47m  \x1b\x5b0m\x1b\x5b1\x3b36\x3b40m  \x1b\x5b0m\x1b\x5b1\x3b36\x3b47m  \x1b\x5b0m\x1b\x5b1\x3b36\x3b40m  \x1b\x5b0m\x1b\x5b1\x3b36\x3b47m  \x1b\x5b0m\x1b\x5b1\x3b36\x3b40m  \x1b\x5b0m\x1b\x5b1\x3b36\x3b47m  \x1b\x5b0m\x1b\x5b1\x3b36\x3b40m  \x1b\x5b0m\x0a3 \x1b\x5b1\x3b36\x3b40m  \x1b\x5b0m\x1b\x5b1\x3b36\x3b47m\xe2\x99\x99 \x1b\x5b0m\x1b\x5b1\x3b36\x3b40m  \x1b\x5b0m\x1b\x5b1\x3b36\x3b47m  \x1b\x5b0m\x1b\x5b1\x3b36\x3b40m  \x1b\x5b0m\x1b\x5b1\x3b36\x3b47m\xe2\x99\x98 \x1b\x5b0m\x1b\x5b1\x3b36\x3b40m  \x1b\x5b0m\x1b\x5b1\x3b36\x3b47m  \x1b\x5b0m\x0a2 \x1b\x5b1\x3b36\x3b47m\xe2\x99\x99 \x1b\x5b0m\x1b\x5b1\x3b36\x3b40m  \x1b\x5b0m\x1b\x5b1\x3b36\x3b47m\xe2\x99\x99 \x1b\x5b0m\x1b\x5b1\x3b36\x3b40m\xe2\x99\x99 \x1b\x5b0m\x1b\x5b1\x3b36\x3b47m\xe2\x99\x99 \x1b\x5b0m\x1b\x5b1\x3b36\x3b40m\xe2\x99\x99 \x1b\x5b0m\x1b\x5b1\x3b36\x3b47m\xe2\x99\x99 \x1b\x5b0m\x1b\x5b1\x3b36\x3b40m\xe2\x99\x99 \x1b\x5b0m\x0a1 \x1b\x5b1\x3b36\x3b40m\xe2\x99\x96 \x1b\x5b0m\x1b\x5b1\x3b36\x3b47m\xe2\x99\x98 \x1b\x5b0m\x1b\x5b1\x3b36\x3b40m\xe2\x99\x97 \x1b\x5b0m\x1b\x5b1\x3b36\x3b47m\xe2\x99\x95 \x1b\x5b0m\x1b\x5b1\x3b36\x3b40m\xe2\x99\x94 \x1b\x5b0m\x1b\x5b1\x3b36\x3b47m\xe2\x99\x97 \x1b\x5b0m\x1b\x5b1\x3b36\x3b40m  \x1b\x5b0m\x1b\x5b1\x3b36\x3b47m\xe2\x99\x96 \x1b\x5b0m\x0a  a b c d e f g h \x0a</data></match></read>
    <read><length>13</length><match><data>\x1b\x5b1\x3b36m\x3e\x1b\x5b0m </data></match></read>
    <!-- Valid move -->
    <write><data>a2a4\x0a</data></write>
    <read><length>6</length><match><data>\x0aa2a4\x0a</data></match></read>
    <read><length>9</length><match><data>0000005f\x0a</data></match></read>
    <read><length>1131</length><match><data>1 \x1b\x5b1\x3b36\x3b47m\xe2\x99\x96 \x1b\x5b0m\x1b\x5b1\x3b36\x3b40m  \x1b\x5b0m\x1b\x5b1\x3b36\x3b47m\xe2\x99\x97 \x1b\x5b0m\x1b\x5b1\x3b36\x3b40m\xe2\x99\x94 \x1b\x5b0m\x1b\x5b1\x3b36\x3b47m\xe2\x99\x95 \x1b\x5b0m\x1b\x5b1\x3b36\x3b40m\xe2\x99\x97 \x1b\x5b0m\x1b\x5b1\x3b36\x3b47m\xe2\x99\x98 \x1b\x5b0m\x1b\x5b1\x3b36\x3b40m\xe2\x99\x96 \x1b\x5b0m\x0a2 \x1b\x5b1\x3b36\x3b40m\xe2\x99\x99 \x1b\x5b0m\x1b\x5b1\x3b36\x3b47m\xe2\x99\x99 \x1b\x5b0m\x1b\x5b1\x3b36\x3b40m\xe2\x99\x99 \x1b\x5b0m\x1b\x5b1\x3b36\x3b47m\xe2\x99\x99 \x1b\x5b0m\x1b\x5b1\x3b36\x3b40m\xe2\x99\x99 \x1b\x5b0m\x1b\x5b1\x3b36\x3b47m\xe2\x99\x99 \x1b\x5b0m\x1b\x5b1\x3b36\x3b40m  \x1b\x5b0m\x1b\x5b1\x3b36\x3b47m  \x1b\x5b0m\x0a3 \x1b\x5b1\x3b36\x3b47m  \x1b\x5b0m\x1b\x5b1\x3b36\x3b40m  \x1b\x5b0m\x1b\x5b1\x3b36\x3b47m\xe2\x99\x98 \x1b\x5b0m\x1b\x5b1\x3b36\x3b40m  \x1b\x5b0m\x1b\x5b1\x3b36\x3b47m  \x1b\x5b0m\x1b\x5b1\x3b36\x3b40m  \x1b\x5b0m\x1b\x5b1\x3b36\x3b47m\xe2\x99\x99 \x1b\x5b0m\x1b\x5b1\x3b36\x3b40m  \x1b\x5b0m\x0a4 \x1b\x5b1\x3b36\x3b40m  \x1b\x5b0m\x1b\x5b1\x3b36\x3b47m  \x1b\x5b0m\x1b\x5b1\x3b36\x3b40m  \x1b\x5b0m\x1b\x5b1\x3b36\x3b47m  \x1b\x5b0m\x1b\x5b1\x3b36\x3b40m  \x1b\x5b0m\x1b\x5b1\x3b36\x3b47m  \x1b\x5b0m\x1b\x5b1\x3b36\x3b40m  \x1b\x5b0m\x1b\x5b1\x3b36\x3b47m\xe2\x99\x99 \x1b\x5b0m\x0a5 \x1b\x5b1\x3b36\x3b47m  \x1b\x5b0m\x1b\x5b1\x3b36\x3b40m  \x1b\x5b0m\x1b\x5b1\x3b36\x3b47m  \x1b\x5b0m\x1b\x5b1\x3b36\x3b40m  \x1b\x5b0m\x1b\x5b1\x3b35\x3b47m\xe2\x99\x9f \x1b\x5b0m\x1b\x5b1\x3b36\x3b40m  \x1b\x5b0m\x1b\x5b1\x3b36\x3b47m  \x1b\x5b0m\x1b\x5b1\x3b36\x3b40m  \x1b\x5b0m\x0a6 \x1b\x5b1\x3b36\x3b40m  \x1b\x5b0m\x1b\x5b1\x3b36\x3b47m  \x1b\x5b0m\x1b\x5b1\x3b36\x3b40m  \x1b\x5b0m\x1b\x5b1\x3b36\x3b47m  \x1b\x5b0m\x1b\x5b1\x3b36\x3b40m  \x1b\x5b0m\x1b\x5b1\x3b36\x3b47m  \x1b\x5b0m\x1b\x5b1\x3b35\x3b40m\xe2\x99\x9f \x1b\x5b0m\x1b\x5b1\x3b36\x3b47m  \x1b\x5b0m\x0a7 \x1b\x5b1\x3b35\x3b47m\xe2\x99\x9f \x1b\x5b0m\x1b\x5b1\x3b35\x3b40m\xe2\x99\x9f \x1b\x5b0m\x1b\x5b1\x3b35\x3b47m\xe2\x99\x9f \x1b\x5b0m\x1b\x5b1\x3b35\x3b40m\xe2\x99\x9f \x1b\x5b0m\x1b\x5b1\x3b36\x3b47m  \x1b\x5b0m\x1b\x5b1\x3b35\x3b40m\xe2\x99\x9f \x1b\x5b0m\x1b\x5b1\x3b36\x3b47m  \x1b\x5b0m\x1b\x5b1\x3b35\x3b40m\xe2\x99\x9f \x1b\x5b0m\x0a8 \x1b\x5b1\x3b35\x3b40m\xe2\x99\x9c \x1b\x5b0m\x1b\x5b1\x3b35\x3b47m\xe2\x99\x9e \x1b\x5b0m\x1b\x5b1\x3b35\x3b40m\xe2\x99\x9d \x1b\x5b0m\x1b\x5b1\x3b35\x3b47m\xe2\x99\x9a \x1b\x5b0m\x1b\x5b1\x3b35\x3b40m\xe2\x99\x9b \x1b\x5b0m\x1b\x5b1\x3b35\x3b47m\xe2\x99\x9d \x1b\x5b0m\x1b\x5b1\x3b35\x3b40m\xe2\x99\x9e \x1b\x5b0m\x1b\x5b1\x3b35\x3b47m\xe2\x99\x9c \x1b\x5b0m\x0a  h g f e d c b a \x0a</data></match></read>
    <read><length>13</length><match><data>\x1b\x5b0\x3b35m\x3e\x1b\x5b0m </data></match></read>
    <!-- Invalid move -->
    <write><data>h5b5\x3dQ\x23\x0a</data></write>
    <read><delim>\x0a</delim><match><data>INVALID MOVE!</data></match></read>
    <read><length>1131</length><match><data>1 \x1b\x5b1\x3b36\x3b47m\xe2\x99\x96 \x1b\x5b0m\x1b\x5b1\x3b36\x3b40m  \x1b\x5b0m\x1b\x5b1\x3b36\x3b47m\xe2\x99\x97 \x1b\x5b0m\x1b\x5b1\x3b36\x3b40m\xe2\x99\x94 \x1b\x5b0m\x1b\x5b1\x3b36\x3b47m\xe2\x99\x95 \x1b\x5b0m\x1b\x5b1\x3b36\x3b40m\xe2\x99\x97 \x1b\x5b0m\x1b\x5b1\x3b36\x3b47m\xe2\x99\x98 \x1b\x5b0m\x1b\x5b1\x3b36\x3b40m\xe2\x99\x96 \x1b\x5b0m\x0a2 \x1b\x5b1\x3b36\x3b40m\xe2\x99\x99 \x1b\x5b0m\x1b\x5b1\x3b36\x3b47m\xe2\x99\x99 \x1b\x5b0m\x1b\x5b1\x3b36\x3b40m\xe2\x99\x99 \x1b\x5b0m\x1b\x5b1\x3b36\x3b47m\xe2\x99\x99 \x1b\x5b0m\x1b\x5b1\x3b36\x3b40m\xe2\x99\x99 \x1b\x5b0m\x1b\x5b1\x3b36\x3b47m\xe2\x99\x99 \x1b\x5b0m\x1b\x5b1\x3b36\x3b40m  \x1b\x5b0m\x1b\x5b1\x3b36\x3b47m  \x1b\x5b0m\x0a3 \x1b\x5b1\x3b36\x3b47m  \x1b\x5b0m\x1b\x5b1\x3b36\x3b40m  \x1b\x5b0m\x1b\x5b1\x3b36\x3b47m\xe2\x99\x98 \x1b\x5b0m\x1b\x5b1\x3b36\x3b40m  \x1b\x5b0m\x1b\x5b1\x3b36\x3b47m  \x1b\x5b0m\x1b\x5b1\x3b36\x3b40m  \x1b\x5b0m\x1b\x5b1\x3b36\x3b47m\xe2\x99\x99 \x1b\x5b0m\x1b\x5b1\x3b36\x3b40m  \x1b\x5b0m\x0a4 \x1b\x5b1\x3b36\x3b40m  \x1b\x5b0m\x1b\x5b1\x3b36\x3b47m  \x1b\x5b0m\x1b\x5b1\x3b36\x3b40m  \x1b\x5b0m\x1b\x5b1\x3b36\x3b47m  \x1b\x5b0m\x1b\x5b1\x3b36\x3b40m  \x1b\x5b0m\x1b\x5b1\x3b36\x3b47m  \x1b\x5b0m\x1b\x5b1\x3b36\x3b40m  \x1b\x5b0m\x1b\x5b1\x3b36\x3b47m\xe2\x99\x99 \x1b\x5b0m\x0a5 \x1b\x5b1\x3b36\x3b47m  \x1b\x5b0m\x1b\x5b1\x3b36\x3b40m  \x1b\x5b0m\x1b\x5b1\x3b36\x3b47m  \x1b\x5b0m\x1b\x5b1\x3b36\x3b40m  \x1b\x5b0m\x1b\x5b1\x3b35\x3b47m\xe2\x99\x9f \x1b\x5b0m\x1b\x5b1\x3b36\x3b40m  \x1b\x5b0m\x1b\x5b1\x3b36\x3b47m  \x1b\x5b0m\x1b\x5b1\x3b36\x3b40m  \x1b\x5b0m\x0a6 \x1b\x5b1\x3b36\x3b40m  \x1b\x5b0m\x1b\x5b1\x3b36\x3b47m  \x1b\x5b0m\x1b\x5b1\x3b36\x3b40m  \x1b\x5b0m\x1b\x5b1\x3b36\x3b47m  \x1b\x5b0m\x1b\x5b1\x3b36\x3b40m  \x1b\x5b0m\x1b\x5b1\x3b36\x3b47m  \x1b\x5b0m\x1b\x5b1\x3b35\x3b40m\xe2\x99\x9f \x1b\x5b0m\x1b\x5b1\x3b36\x3b47m  \x1b\x5b0m\x0a7 \x1b\x5b1\x3b35\x3b47m\xe2\x99\x9f \x1b\x5b0m\x1b\x5b1\x3b35\x3b40m\xe2\x99\x9f \x1b\x5b0m\x1b\x5b1\x3b35\x3b47m\xe2\x99\x9f \x1b\x5b0m\x1b\x5b1\x3b35\x3b40m\xe2\x99\x9f \x1b\x5b0m\x1b\x5b1\x3b36\x3b47m  \x1b\x5b0m\x1b\x5b1\x3b35\x3b40m\xe2\x99\x9f \x1b\x5b0m\x1b\x5b1\x3b36\x3b47m  \x1b\x5b0m\x1b\x5b1\x3b35\x3b40m\xe2\x99\x9f \x1b\x5b0m\x0a8 \x1b\x5b1\x3b35\x3b40m\xe2\x99\x9c \x1b\x5b0m\x1b\x5b1\x3b35\x3b47m\xe2\x99\x9e \x1b\x5b0m\x1b\x5b1\x3b35\x3b40m\xe2\x99\x9d \x1b\x5b0m\x1b\x5b1\x3b35\x3b47m\xe2\x99\x9a \x1b\x5b0m\x1b\x5b1\x3b35\x3b40m\xe2\x99\x9b \x1b\x5b0m\x1b\x5b1\x3b35\x3b47m\xe2\x99\x9d \x1b\x5b0m\x1b\x5b1\x3b35\x3b40m\xe2\x99\x9e \x1b\x5b0m\x1b\x5b1\x3b35\x3b47m\xe2\x99\x9c \x1b\x5b0m\x0a  h g f e d c b a \x0a</data></match></read>
    <read><length>13</length><match><data>\x1b\x5b0\x3b35m\x3e\x1b\x5b0m </data></match></read>
    <!-- Valid move -->
    <write><data>Bc8e6\x0a</data></write>
    <read><length>7</length><match><data>\x0aBc8e6\x0a</data></match></read>
    <read><length>9</length><match><data>0000005f\x0a</data></match></read>
    <read><length>1131</length><match><data>8 \x1b\x5b1\x3b35\x3b47m\xe2\x99\x9c \x1b\x5b0m\x1b\x5b1\x3b35\x3b40m\xe2\x99\x9e \x1b\x5b0m\x1b\x5b1\x3b36\x3b47m  \x1b\x5b0m\x1b\x5b1\x3b35\x3b40m\xe2\x99\x9b \x1b\x5b0m\x1b\x5b1\x3b35\x3b47m\xe2\x99\x9a \x1b\x5b0m\x1b\x5b1\x3b35\x3b40m\xe2\x99\x9d \x1b\x5b0m\x1b\x5b1\x3b35\x3b47m\xe2\x99\x9e \x1b\x5b0m\x1b\x5b1\x3b35\x3b40m\xe2\x99\x9c \x1b\x5b0m\x0a7 \x1b\x5b1\x3b35\x3b40m\xe2\x99\x9f \x1b\x5b0m\x1b\x5b1\x3b36\x3b47m  \x1b\x5b0m\x1b\x5b1\x3b35\x3b40m\xe2\x99\x9f \x1b\x5b0m\x1b\x5b1\x3b36\x3b47m  \x1b\x5b0m\x1b\x5b1\x3b35\x3b40m\xe2\x99\x9f \x1b\x5b0m\x1b\x5b1\x3b35\x3b47m\xe2\x99\x9f \x1b\x5b0m\x1b\x5b1\x3b35\x3b40m\xe2\x99\x9f \x1b\x5b0m\x1b\x5b1\x3b35\x3b47m\xe2\x99\x9f \x1b\x5b0m\x0a6 \x1b\x5b1\x3b36\x3b47m  \x1b\x5b0m\x1b\x5b1\x3b35\x3b40m\xe2\x99\x9f \x1b\x5b0m\x1b\x5b1\x3b36\x3b47m  \x1b\x5b0m\x1b\x5b1\x3b36\x3b40m  \x1b\x5b0m\x1b\x5b1\x3b35\x3b47m\xe2\x99\x9d \x1b\x5b0m\x1b\x5b1\x3b36\x3b40m  \x1b\x5b0m\x1b\x5b1\x3b36\x3b47m  \x1b\x5b0m\x1b\x5b1\x3b36\x3b40m  \x1b\x5b0m\x0a5 \x1b\x5b1\x3b36\x3b40m  \x1b\x5b0m\x1b\x5b1\x3b36\x3b47m  \x1b\x5b0m\x1b\x5b1\x3b36\x3b40m  \x1b\x5b0m\x1b\x5b1\x3b35\x3b47m\xe2\x99\x9f \x1b\x5b0m\x1b\x5b1\x3b36\x3b40m  \x1b\x5b0m\x1b\x5b1\x3b36\x3b47m  \x1b\x5b0m\x1b\x5b1\x3b36\x3b40m  \x1b\x5b0m\x1b\x5b1\x3b36\x3b47m  \x1b\x5b0m\x0a4 \x1b\x5b1\x3b36\x3b47m\xe2\x99\x99 \x1b\x5b0m\x1b\x5b1\x3b36\x3b40m  \x1b\x5b0m\x1b\x5b1\x3b36\x3b47m  \x1b\x5b0m\x1b\x5b1\x3b36\x3b40m  \x1b\x5b0m\x1b\x5b1\x3b36\x3b47m  \x1b\x5b0m\x1b\x5b1\x3b36\x3b40m  \x1b\x5b0m\x1b\x5b1\x3b36\x3b47m  \x1b\x5b0m\x1b\x5b1\x3b36\x3b40m  \x1b\x5b0m\x0a3 \x1b\x5b1\x3b36\x3b40m  \x1b\x5b0m\x1b\x5b1\x3b36\x3b47m\xe2\x99\x99 \x1b\x5b0m\x1b\x5b1\x3b36\x3b40m  \x1b\x5b0m\x1b\x5b1\x3b36\x3b47m  \x1b\x5b0m\x1b\x5b1\x3b36\x3b40m  \x1b\x5b0m\x1b\x5b1\x3b36\x3b47m\xe2\x99\x98 \x1b\x5b0m\x1b\x5b1\x3b36\x3b40m  \x1b\x5b0m\x1b\x5b1\x3b36\x3b47m  \x1b\x5b0m\x0a2 \x1b\x5b1\x3b36\x3b47m  \x1b\x5b0m\x1b\x5b1\x3b36\x3b40m  \x1b\x5b0m\x1b\x5b1\x3b36\x3b47m\xe2\x99\x99 \x1b\x5b0m\x1b\x5b1\x3b36\x3b40m\xe2\x99\x99 \x1b\x5b0m\x1b\x5b1\x3b36\x3b47m\xe2\x99\x99 \x1b\x5b0m\x1b\x5b1\x3b36\x3b40m\xe2\x99\x99 \x1b\x5b0m\x1b\x5b1\x3b36\x3b47m\xe2\x99\x99 \x1b\x5b0m\x1b\x5b1\x3b36\x3b40m\xe2\x99\x99 \x1b\x5b0m\x0a1 \x1b\x5b1\x3b36\x3b40m\xe2\x99\x96 \x1b\x5b0m\x1b\x5b1\x3b36\x3b47m\xe2\x99\x98 \x1b\x5b0m\x1b\x5b1\x3b36\x3b40m\xe2\x99\x97 \x1b\x5b0m\x1b\x5b1\x3b36\x3b47m\xe2\x99\x95 \x1b\x5b0m\x1b\x5b1\x3b36\x3b40m\xe2\x99\x94 \x1b\x5b0m\x1b\x5b1\x3b36\x3b47m\xe2\x99\x97 \x1b\x5b0m\x1b\x5b1\x3b36\x3b40m  \x1b\x5b0m\x1b\x5b1\x3b36\x3b47m\xe2\x99\x96 \x1b\x5b0m\x0a  a b c d e f g h \x0a</data></match></read>
    <read><length>13</length><match><data>\x1b\x5b1\x3b36m\x3e\x1b\x5b0m </data></match></read>
    <write><data>quit\x0a</data></write>
</replay>
</pov>