<?xml version="1.0" standalone="no" ?>
<!DOCTYPE pov SYSTEM "/usr/share/cgc-docs/replay.dtd">
<pov>
<cbid>service</cbid>
<seed>ca6f7fc1c48a4062247d60e9c0f441dcbf83e577a075a4a9a12e2896b37939fe093e1021d079d4ff3ba39cdfb7c9abd2</seed>
<replay>
    <delay>50</delay>
    <read><length>1131</length><match><data>8 \x1b\x5b1\x3b35\x3b47m\xe2\x99\x9c \x1b\x5b0m\x1b\x5b1\x3b35\x3b40m\xe2\x99\x9e \x1b\x5b0m\x1b\x5b1\x3b35\x3b47m\xe2\x99\x9d \x1b\x5b0m\x1b\x5b1\x3b35\x3b40m\xe2\x99\x9b \x1b\x5b0m\x1b\x5b1\x3b35\x3b47m\xe2\x99\x9a \x1b\x5b0m\x1b\x5b1\x3b35\x3b40m\xe2\x99\x9d \x1b\x5b0m\x1b\x5b1\x3b35\x3b47m\xe2\x99\x9e \x1b\x5b0m\x1b\x5b1\x3b35\x3b40m\xe2\x99\x9c \x1b\x5b0m\x0a7 \x1b\x5b1\x3b35\x3b40m\xe2\x99\x9f \x1b\x5b0m\x1b\x5b1\x3b35\x3b47m\xe2\x99\x9f \x1b\x5b0m\x1b\x5b1\x3b35\x3b40m\xe2\x99\x9f \x1b\x5b0m\x1b\x5b1\x3b35\x3b47m\xe2\x99\x9f \x1b\x5b0m\x1b\x5b1\x3b35\x3b40m\xe2\x99\x9f \x1b\x5b0m\x1b\x5b1\x3b35\x3b47m\xe2\x99\x9f \x1b\x5b0m\x1b\x5b1\x3b35\x3b40m\xe2\x99\x9f \x1b\x5b0m\x1b\x5b1\x3b35\x3b47m\xe2\x99\x9f \x1b\x5b0m\x0a6 \x1b\x5b1\x3b36\x3b47m  \x1b\x5b0m\x1b\x5b1\x3b36\x3b40m  \x1b\x5b0m\x1b\x5b1\x3b36\x3b47m  \x1b\x5b0m\x1b\x5b1\x3b36\x3b40m  \x1b\x5b0m\x1b\x5b1\x3b36\x3b47m  \x1b\x5b0m\x1b\x5b1\x3b36\x3b40m  \x1b\x5b0m\x1b\x5b1\x3b36\x3b47m  \x1b\x5b0m\x1b\x5b1\x3b36\x3b40m  \x1b\x5b0m\x0a5 \x1b\x5b1\x3b36\x3b40m  \x1b\x5b0m\x1b\x5b1\x3b36\x3b47m  \x1b\x5b0m\x1b\x5b1\x3b36\x3b40m  \x1b\x5b0m\x1b\x5b1\x3b36\x3b47m  \x1b\x5b0m\x1b\x5b1\x3b36\x3b40m  \x1b\x5b0m\x1b\x5b1\x3b36\x3b47m  \x1b\x5b0m\x1b\x5b1\x3b36\x3b40m  \x1b\x5b0m\x1b\x5b1\x3b36\x3b47m  \x1b\x5b0m\x0a4 \x1b\x5b1\x3b36\x3b47m  \x1b\x5b0m\x1b\x5b1\x3b36\x3b40m  \x1b\x5b0m\x1b\x5b1\x3b36\x3b47m  \x1b\x5b0m\x1b\x5b1\x3b36\x3b40m  \x1b\x5b0m\x1b\x5b1\x3b36\x3b47m  \x1b\x5b0m\x1b\x5b1\x3b36\x3b40m  \x1b\x5b0m\x1b\x5b1\x3b36\x3b47m  \x1b\x5b0m\x1b\x5b1\x3b36\x3b40m  \x1b\x5b0m\x0a3 \x1b\x5b1\x3b36\x3b40m  \x1b\x5b0m\x1b\x5b1\x3b36\x3b47m  \x1b\x5b0m\x1b\x5b1\x3b36\x3b40m  \x1b\x5b0m\x1b\x5b1\x3b36\x3b47m  \x1b\x5b0m\x1b\x5b1\x3b36\x3b40m  \x1b\x5b0m\x1b\x5b1\x3b36\x3b47m  \x1b\x5b0m\x1b\x5b1\x3b36\x3b40m  \x1b\x5b0m\x1b\x5b1\x3b36\x3b47m  \x1b\x5b0m\x0a2 \x1b\x5b1\x3b36\x3b47m\xe2\x99\x99 \x1b\x5b0m\x1b\x5b1\x3b36\x3b40m\xe2\x99\x99 \x1b\x5b0m\x1b\x5b1\x3b36\x3b47m\xe2\x99\x99 \x1b\x5b0m\x1b\x5b1\x3b36\x3b40m\xe2\x99\x99 \x1b\x5b0m\x1b\x5b1\x3b36\x3b47m\xe2\x99\x99 \x1b\x5b0m\x1b\x5b1\x3b36\x3b40m\xe2\x99\x99 \x1b\x5b0m\x1b\x5b1\x3b36\x3b47m\xe2\x99\x99 \x1b\x5b0m\x1b\x5b1\x3b36\x3b40m\xe2\x99\x99 \x1b\x5b0m\x0a1 \x1b\x5b1\x3b36\x3b40m\xe2\x99\x96 \x1b\x5b0m\x1b\x5b1\x3b36\x3b47m\xe2\x99\x98 \x1b\x5b0m\x1b\x5b1\x3b36\x3b40m\xe2\x99\x97 \x1b\x5b0m\x1b\x5b1\x3b36\x3b47m\xe2\x99\x95 \x1b\x5b0m\x1b\x5b1\x3b36\x3b40m\xe2\x99\x94 \x1b\x5b0m\x1b\x5b1\x3b36\x3b47m\xe2\x99\x97 \x1b\x5b0m\x1b\x5b1\x3b36\x3b40m\xe2\x99\x98 \x1b\x5b0m\x1b\x5b1\x3b36\x3b47m\xe2\x99\x96 \x1b\x5b0m\x0a  a b c d e f g h \x0a</data></match></read>
    <read><length>13</length><match><data>\x1b\x5b1\x3b36m\x3e\x1b\x5b0m </data></match></read>
    <!-- Valid move -->
    <write><data>a2a3\x0a</data></write>
    <read><length>6</length><match><data>\x0aa2a3\x0a</data></match></read>
    <read><length>9</length><match><data>000000cd\x0a</data></match></read>
    <read><length>1131</length><match><data>1 \x1b\x5b1\x3b36\x3b47m\xe2\x99\x96 \x1b\x5b0m\x1b\x5b1\x3b36\x3b40m\xe2\x99\x98 \x1b\x5b0m\x1b\x5b1\x3b36\x3b47m\xe2\x99\x97 \x1b\x5b0m\x1b\x5b1\x3b36\x3b40m\xe2\x99\x94 \x1b\x5b0m\x1b\x5b1\x3b36\x3b47m\xe2\x99\x95 \x1b\x5b0m\x1b\x5b1\x3b36\x3b40m\xe2\x99\x97 \x1b\x5b0m\x1b\x5b1\x3b36\x3b47m\xe2\x99\x98 \x1b\x5b0m\x1b\x5b1\x3b36\x3b40m\xe2\x99\x96 \x1b\x5b0m\x0a2 \x1b\x5b1\x3b36\x3b40m\xe2\x99\x99 \x1b\x5b0m\x1b\x5b1\x3b36\x3b47m\xe2\x99\x99 \x1b\x5b0m\x1b\x5b1\x3b36\x3b40m\xe2\x99\x99 \x1b\x5b0m\x1b\x5b1\x3b36\x3b47m\xe2\x99\x99 \x1b\x5b0m\x1b\x5b1\x3b36\x3b40m\xe2\x99\x99 \x1b\x5b0m\x1b\x5b1\x3b36\x3b47m\xe2\x99\x99 \x1b\x5b0m\x1b\x5b1\x3b36\x3b40m\xe2\x99\x99 \x1b\x5b0m\x1b\x5b1\x3b36\x3b47m  \x1b\x5b0m\x0a3 \x1b\x5b1\x3b36\x3b47m  \x1b\x5b0m\x1b\x5b1\x3b36\x3b40m  \x1b\x5b0m\x1b\x5b1\x3b36\x3b47m  \x1b\x5b0m\x1b\x5b1\x3b36\x3b40m  \x1b\x5b0m\x1b\x5b1\x3b36\x3b47m  \x1b\x5b0m\x1b\x5b1\x3b36\x3b40m  \x1b\x5b0m\x1b\x5b1\x3b36\x3b47m  \x1b\x5b0m\x1b\x5b1\x3b36\x3b40m\xe2\x99\x99 \x1b\x5b0m\x0a4 \x1b\x5b1\x3b36\x3b40m  \x1b\x5b0m\x1b\x5b1\x3b36\x3b47m  \x1b\x5b0m\x1b\x5b1\x3b36\x3b40m  \x1b\x5b0m\x1b\x5b1\x3b36\x3b47m  \x1b\x5b0m\x1b\x5b1\x3b36\x3b40m  \x1b\x5b0m\x1b\x5b1\x3b36\x3b47m  \x1b\x5b0m\x1b\x5b1\x3b36\x3b40m  \x1b\x5b0m\x1b\x5b1\x3b36\x3b47m  \x1b\x5b0m\x0a5 \x1b\x5b1\x3b36\x3b47m  \x1b\x5b0m\x1b\x5b1\x3b36\x3b40m  \x1b\x5b0m\x1b\x5b1\x3b36\x3b47m  \x1b\x5b0m\x1b\x5b1\x3b36\x3b40m  \x1b\x5b0m\x1b\x5b1\x3b36\x3b47m  \x1b\x5b0m\x1b\x5b1\x3b36\x3b40m  \x1b\x5b0m\x1b\x5b1\x3b36\x3b47m  \x1b\x5b0m\x1b\x5b1\x3b36\x3b40m  \x1b\x5b0m\x0a6 \x1b\x5b1\x3b36\x3b40m  \x1b\x5b0m\x1b\x5b1\x3b36\x3b47m  \x1b\x5b0m\x1b\x5b1\x3b36\x3b40m  \x1b\x5b0m\x1b\x5b1\x3b36\x3b47m  \x1b\x5b0m\x1b\x5b1\x3b36\x3b40m  \x1b\x5b0m\x1b\x5b1\x3b36\x3b47m  \x1b\x5b0m\x1b\x5b1\x3b36\x3b40m  \x1b\x5b0m\x1b\x5b1\x3b36\x3b47m  \x1b\x5b0m\x0a7 \x1b\x5b1\x3b35\x3b47m\xe2\x99\x9f \x1b\x5b0m\x1b\x5b1\x3b35\x3b40m\xe2\x99\x9f \x1b\x5b0m\x1b\x5b1\x3b35\x3b47m\xe2\x99\x9f \x1b\x5b0m\x1b\x5b1\x3b35\x3b40m\xe2\x99\x9f \x1b\x5b0m\x1b\x5b1\x3b35\x3b47m\xe2\x99\x9f \x1b\x5b0m\x1b\x5b1\x3b35\x3b40m\xe2\x99\x9f \x1b\x5b0m\x1b\x5b1\x3b35\x3b47m\xe2\x99\x9f \x1b\x5b0m\x1b\x5b1\x3b35\x3b40m\xe2\x99\x9f \x1b\x5b0m\x0a8 \x1b\x5b1\x3b35\x3b40m\xe2\x99\x9c \x1b\x5b0m\x1b\x5b1\x3b35\x3b47m\xe2\x99\x9e \x1b\x5b0m\x1b\x5b1\x3b35\x3b40m\xe2\x99\x9d \x1b\x5b0m\x1b\x5b1\x3b35\x3b47m\xe2\x99\x9a \x1b\x5b0m\x1b\x5b1\x3b35\x3b40m\xe2\x99\x9b \x1b\x5b0m\x1b\x5b1\x3b35\x3b47m\xe2\x99\x9d \x1b\x5b0m\x1b\x5b1\x3b35\x3b40m\xe2\x99\x9e \x1b\x5b0m\x1b\x5b1\x3b35\x3b47m\xe2\x99\x9c \x1b\x5b0m\x0a  h g f e d c b a \x0a</data></match></read>
    <read><length>13</length><match><data>\x1b\x5b0\x3b35m\x3e\x1b\x5b0m </data></match></read>
    <!-- Valid move -->
    <write><data>f7f6\x0a</data></write>
    <read><length>6</length><match><data>\x0af7f6\x0a</data></match></read>
    <read><length>9</length><match><data>000000cd\x0a</data></match></read>
    <read><length>1131</length><match><data>8 \x1b\x5b1\x3b35\x3b47m\xe2\x99\x9c \x1b\x5b0m\x1b\x5b1\x3b35\x3b40m\xe2\x99\x9e \x1b\x5b0m\x1b\x5b1\x3b35\x3b47m\xe2\x99\x9d \x1b\x5b0m\x1b\x5b1\x3b35\x3b40m\xe2\x99\x9b \x1b\x5b0m\x1b\x5b1\x3b35\x3b47m\xe2\x99\x9a \x1b\x5b0m\x1b\x5b1\x3b35\x3b40m\xe2\x99\x9d \x1b\x5b0m\x1b\x5b1\x3b35\x3b47m\xe2\x99\x9e \x1b\x5b0m\x1b\x5b1\x3b35\x3b40m\xe2\x99\x9c \x1b\x5b0m\x0a7 \x1b\x5b1\x3b35\x3b40m\xe2\x99\x9f \x1b\x5b0m\x1b\x5b1\x3b35\x3b47m\xe2\x99\x9f \x1b\x5b0m\x1b\x5b1\x3b35\x3b40m\xe2\x99\x9f \x1b\x5b0m\x1b\x5b1\x3b35\x3b47m\xe2\x99\x9f \x1b\x5b0m\x1b\x5b1\x3b35\x3b40m\xe2\x99\x9f \x1b\x5b0m\x1b\x5b1\x3b36\x3b47m  \x1b\x5b0m\x1b\x5b1\x3b35\x3b40m\xe2\x99\x9f \x1b\x5b0m\x1b\x5b1\x3b35\x3b47m\xe2\x99\x9f \x1b\x5b0m\x0a6 \x1b\x5b1\x3b36\x3b47m  \x1b\x5b0m\x1b\x5b1\x3b36\x3b40m  \x1b\x5b0m\x1b\x5b1\x3b36\x3b47m  \x1b\x5b0m\x1b\x5b1\x3b36\x3b40m  \x1b\x5b0m\x1b\x5b1\x3b36\x3b47m  \x1b\x5b0m\x1b\x5b1\x3b35\x3b40m\xe2\x99\x9f \x1b\x5b0m\x1b\x5b1\x3b36\x3b47m  \x1b\x5b0m\x1b\x5b1\x3b36\x3b40m  \x1b\x5b0m\x0a5 \x1b\x5b1\x3b36\x3b40m  \x1b\x5b0m\x1b\x5b1\x3b36\x3b47m  \x1b\x5b0m\x1b\x5b1\x3b36\x3b40m  \x1b\x5b0m\x1b\x5b1\x3b36\x3b47m  \x1b\x5b0m\x1b\x5b1\x3b36\x3b40m  \x1b\x5b0m\x1b\x5b1\x3b36\x3b47m  \x1b\x5b0m\x1b\x5b1\x3b36\x3b40m  \x1b\x5b0m\x1b\x5b1\x3b36\x3b47m  \x1b\x5b0m\x0a4 \x1b\x5b1\x3b36\x3b47m  \x1b\x5b0m\x1b\x5b1\x3b36\x3b40m  \x1b\x5b0m\x1b\x5b1\x3b36\x3b47m  \x1b\x5b0m\x1b\x5b1\x3b36\x3b40m  \x1b\x5b0m\x1b\x5b1\x3b36\x3b47m  \x1b\x5b0m\x1b\x5b1\x3b36\x3b40m  \x1b\x5b0m\x1b\x5b1\x3b36\x3b47m  \x1b\x5b0m\x1b\x5b1\x3b36\x3b40m  \x1b\x5b0m\x0a3 \x1b\x5b1\x3b36\x3b40m\xe2\x99\x99 \x1b\x5b0m\x1b\x5b1\x3b36\x3b47m  \x1b\x5b0m\x1b\x5b1\x3b36\x3b40m  \x1b\x5b0m\x1b\x5b1\x3b36\x3b47m  \x1b\x5b0m\x1b\x5b1\x3b36\x3b40m  \x1b\x5b0m\x1b\x5b1\x3b36\x3b47m  \x1b\x5b0m\x1b\x5b1\x3b36\x3b40m  \x1b\x5b0m\x1b\x5b1\x3b36\x3b47m  \x1b\x5b0m\x0a2 \x1b\x5b1\x3b36\x3b47m  \x1b\x5b0m\x1b\x5b1\x3b36\x3b40m\xe2\x99\x99 \x1b\x5b0m\x1b\x5b1\x3b36\x3b47m\xe2\x99\x99 \x1b\x5b0m\x1b\x5b1\x3b36\x3b40m\xe2\x99\x99 \x1b\x5b0m\x1b\x5b1\x3b36\x3b47m\xe2\x99\x99 \x1b\x5b0m\x1b\x5b1\x3b36\x3b40m\xe2\x99\x99 \x1b\x5b0m\x1b\x5b1\x3b36\x3b47m\xe2\x99\x99 \x1b\x5b0m\x1b\x5b1\x3b36\x3b40m\xe2\x99\x99 \x1b\x5b0m\x0a1 \x1b\x5b1\x3b36\x3b40m\xe2\x99\x96 \x1b\x5b0m\x1b\x5b1\x3b36\x3b47m\xe2\x99\x98 \x1b\x5b0m\x1b\x5b1\x3b36\x3b40m\xe2\x99\x97 \x1b\x5b0m\x1b\x5b1\x3b36\x3b47m\xe2\x99\x95 \x1b\x5b0m\x1b\x5b1\x3b36\x3b40m\xe2\x99\x94 \x1b\x5b0m\x1b\x5b1\x3b36\x3b47m\xe2\x99\x97 \x1b\x5b0m\x1b\x5b1\x3b36\x3b40m\xe2\x99\x98 \x1b\x5b0m\x1b\x5b1\x3b36\x3b47m\xe2\x99\x96 \x1b\x5b0m\x0a  a b c d e f g h \x0a</data></match></read>
    <read><length>13</length><match><data>\x1b\x5b1\x3b36m\x3e\x1b\x5b0m </data></match></read>
    <!-- Valid move -->
    <write><data>e2e3\x0a</data></write>
    <read><length>6</length><match><data>\x0ae2e3\x0a</data></match></read>
    <read><length>9</length><match><data>000000cd\x0a</data></match></read>
    <read><length>1131</length><match><data>1 \x1b\x5b1\x3b36\x3b47m\xe2\x99\x96 \x1b\x5b0m\x1b\x5b1\x3b36\x3b40m\xe2\x99\x98 \x1b\x5b0m\x1b\x5b1\x3b36\x3b47m\xe2\x99\x97 \x1b\x5b0m\x1b\x5b1\x3b36\x3b40m\xe2\x99\x94 \x1b\x5b0m\x1b\x5b1\x3b36\x3b47m\xe2\x99\x95 \x1b\x5b0m\x1b\x5b1\x3b36\x3b40m\xe2\x99\x97 \x1b\x5b0m\x1b\x5b1\x3b36\x3b47m\xe2\x99\x98 \x1b\x5b0m\x1b\x5b1\x3b36\x3b40m\xe2\x99\x96 \x1b\x5b0m\x0a2 \x1b\x5b1\x3b36\x3b40m\xe2\x99\x99 \x1b\x5b0m\x1b\x5b1\x3b36\x3b47m\xe2\x99\x99 \x1b\x5b0m\x1b\x5b1\x3b36\x3b40m\xe2\x99\x99 \x1b\x5b0m\x1b\x5b1\x3b36\x3b47m  \x1b\x5b0m\x1b\x5b1\x3b36\x3b40m\xe2\x99\x99 \x1b\x5b0m\x1b\x5b1\x3b36\x3b47m\xe2\x99\x99 \x1b\x5b0m\x1b\x5b1\x3b36\x3b40m\xe2\x99\x99 \x1b\x5b0m\x1b\x5b1\x3b36\x3b47m  \x1b\x5b0m\x0a3 \x1b\x5b1\x3b36\x3b47m  \x1b\x5b0m\x1b\x5b1\x3b36\x3b40m  \x1b\x5b0m\x1b\x5b1\x3b36\x3b47m  \x1b\x5b0m\x1b\x5b1\x3b36\x3b40m\xe2\x99\x99 \x1b\x5b0m\x1b\x5b1\x3b36\x3b47m  \x1b\x5b0m\x1b\x5b1\x3b36\x3b40m  \x1b\x5b0m\x1b\x5b1\x3b36\x3b47m  \x1b\x5b0m\x1b\x5b1\x3b36\x3b40m\xe2\x99\x99 \x1b\x5b0m\x0a4 \x1b\x5b1\x3b36\x3b40m  \x1b\x5b0m\x1b\x5b1\x3b36\x3b47m  \x1b\x5b0m\x1b\x5b1\x3b36\x3b40m  \x1b\x5b0m\x1b\x5b1\x3b36\x3b47m  \x1b\x5b0m\x1b\x5b1\x3b36\x3b40m  \x1b\x5b0m\x1b\x5b1\x3b36\x3b47m  \x1b\x5b0m\x1b\x5b1\x3b36\x3b40m  \x1b\x5b0m\x1b\x5b1\x3b36\x3b47m  \x1b\x5b0m\x0a5 \x1b\x5b1\x3b36\x3b47m  \x1b\x5b0m\x1b\x5b1\x3b36\x3b40m  \x1b\x5b0m\x1b\x5b1\x3b36\x3b47m  \x1b\x5b0m\x1b\x5b1\x3b36\x3b40m  \x1b\x5b0m\x1b\x5b1\x3b36\x3b47m  \x1b\x5b0m\x1b\x5b1\x3b36\x3b40m  \x1b\x5b0m\x1b\x5b1\x3b36\x3b47m  \x1b\x5b0m\x1b\x5b1\x3b36\x3b40m  \x1b\x5b0m\x0a6 \x1b\x5b1\x3b36\x3b40m  \x1b\x5b0m\x1b\x5b1\x3b36\x3b47m  \x1b\x5b0m\x1b\x5b1\x3b35\x3b40m\xe2\x99\x9f \x1b\x5b0m\x1b\x5b1\x3b36\x3b47m  \x1b\x5b0m\x1b\x5b1\x3b36\x3b40m  \x1b\x5b0m\x1b\x5b1\x3b36\x3b47m  \x1b\x5b0m\x1b\x5b1\x3b36\x3b40m  \x1b\x5b0m\x1b\x5b1\x3b36\x3b47m  \x1b\x5b0m\x0a7 \x1b\x5b1\x3b35\x3b47m\xe2\x99\x9f \x1b\x5b0m\x1b\x5b1\x3b35\x3b40m\xe2\x99\x9f \x1b\x5b0m\x1b\x5b1\x3b36\x3b47m  \x1b\x5b0m\x1b\x5b1\x3b35\x3b40m\xe2\x99\x9f \x1b\x5b0m\x1b\x5b1\x3b35\x3b47m\xe2\x99\x9f \x1b\x5b0m\x1b\x5b1\x3b35\x3b40m\xe2\x99\x9f \x1b\x5b0m\x1b\x5b1\x3b35\x3b47m\xe2\x99\x9f \x1b\x5b0m\x1b\x5b1\x3b35\x3b40m\xe2\x99\x9f \x1b\x5b0m\x0a8 \x1b\x5b1\x3b35\x3b40m\xe2\x99\x9c \x1b\x5b0m\x1b\x5b1\x3b35\x3b47m\xe2\x99\x9e \x1b\x5b0m\x1b\x5b1\x3b35\x3b40m\xe2\x99\x9d \x1b\x5b0m\x1b\x5b1\x3b35\x3b47m\xe2\x99\x9a \x1b\x5b0m\x1b\x5b1\x3b35\x3b40m\xe2\x99\x9b \x1b\x5b0m\x1b\x5b1\x3b35\x3b47m\xe2\x99\x9d \x1b\x5b0m\x1b\x5b1\x3b35\x3b40m\xe2\x99\x9e \x1b\x5b0m\x1b\x5b1\x3b35\x3b47m\xe2\x99\x9c \x1b\x5b0m\x0a  h g f e d c b a \x0a</data></match></read>
    <read><length>13</length><match><data>\x1b\x5b0\x3b35m\x3e\x1b\x5b0m </data></match></read>
    <!-- Valid move -->
    <write><data>Nb8a6\x0a</data></write>
    <read><length>7</length><match><data>\x0aNb8a6\x0a</data></match></read>
    <read><length>9</length><match><data>000000cd\x0a</data></match></read>
    <read><length>1131</length><match><data>8 \x1b\x5b1\x3b35\x3b47m\xe2\x99\x9c \x1b\x5b0m\x1b\x5b1\x3b36\x3b40m  \x1b\x5b0m\x1b\x5b1\x3b35\x3b47m\xe2\x99\x9d \x1b\x5b0m\x1b\x5b1\x3b35\x3b40m\xe2\x99\x9b \x1b\x5b0m\x1b\x5b1\x3b35\x3b47m\xe2\x99\x9a \x1b\x5b0m\x1b\x5b1\x3b35\x3b40m\xe2\x99\x9d \x1b\x5b0m\x1b\x5b1\x3b35\x3b47m\xe2\x99\x9e \x1b\x5b0m\x1b\x5b1\x3b35\x3b40m\xe2\x99\x9c \x1b\x5b0m\x0a7 \x1b\x5b1\x3b35\x3b40m\xe2\x99\x9f \x1b\x5b0m\x1b\x5b1\x3b35\x3b47m\xe2\x99\x9f \x1b\x5b0m\x1b\x5b1\x3b35\x3b40m\xe2\x99\x9f \x1b\x5b0m\x1b\x5b1\x3b35\x3b47m\xe2\x99\x9f \x1b\x5b0m\x1b\x5b1\x3b35\x3b40m\xe2\x99\x9f \x1b\x5b0m\x1b\x5b1\x3b36\x3b47m  \x1b\x5b0m\x1b\x5b1\x3b35\x3b40m\xe2\x99\x9f \x1b\x5b0m\x1b\x5b1\x3b35\x3b47m\xe2\x99\x9f \x1b\x5b0m\x0a6 \x1b\x5b1\x3b35\x3b47m\xe2\x99\x9e \x1b\x5b0m\x1b\x5b1\x3b36\x3b40m  \x1b\x5b0m\x1b\x5b1\x3b36\x3b47m  \x1b\x5b0m\x1b\x5b1\x3b36\x3b40m  \x1b\x5b0m\x1b\x5b1\x3b36\x3b47m  \x1b\x5b0m\x1b\x5b1\x3b35\x3b40m\xe2\x99\x9f \x1b\x5b0m\x1b\x5b1\x3b36\x3b47m  \x1b\x5b0m\x1b\x5b1\x3b36\x3b40m  \x1b\x5b0m\x0a5 \x1b\x5b1\x3b36\x3b40m  \x1b\x5b0m\x1b\x5b1\x3b36\x3b47m  \x1b\x5b0m\x1b\x5b1\x3b36\x3b40m  \x1b\x5b0m\x1b\x5b1\x3b36\x3b47m  \x1b\x5b0m\x1b\x5b1\x3b36\x3b40m  \x1b\x5b0m\x1b\x5b1\x3b36\x3b47m  \x1b\x5b0m\x1b\x5b1\x3b36\x3b40m  \x1b\x5b0m\x1b\x5b1\x3b36\x3b47m  \x1b\x5b0m\x0a4 \x1b\x5b1\x3b36\x3b47m  \x1b\x5b0m\x1b\x5b1\x3b36\x3b40m  \x1b\x5b0m\x1b\x5b1\x3b36\x3b47m  \x1b\x5b0m\x1b\x5b1\x3b36\x3b40m  \x1b\x5b0m\x1b\x5b1\x3b36\x3b47m  \x1b\x5b0m\x1b\x5b1\x3b36\x3b40m  \x1b\x5b0m\x1b\x5b1\x3b36\x3b47m  \x1b\x5b0m\x1b\x5b1\x3b36\x3b40m  \x1b\x5b0m\x0a3 \x1b\x5b1\x3b36\x3b40m\xe2\x99\x99 \x1b\x5b0m\x1b\x5b1\x3b36\x3b47m  \x1b\x5b0m\x1b\x5b1\x3b36\x3b40m  \x1b\x5b0m\x1b\x5b1\x3b36\x3b47m  \x1b\x5b0m\x1b\x5b1\x3b36\x3b40m\xe2\x99\x99 \x1b\x5b0m\x1b\x5b1\x3b36\x3b47m  \x1b\x5b0m\x1b\x5b1\x3b36\x3b40m  \x1b\x5b0m\x1b\x5b1\x3b36\x3b47m  \x1b\x5b0m\x0a2 \x1b\x5b1\x3b36\x3b47m  \x1b\x5b0m\x1b\x5b1\x3b36\x3b40m\xe2\x99\x99 \x1b\x5b0m\x1b\x5b1\x3b36\x3b47m\xe2\x99\x99 \x1b\x5b0m\x1b\x5b1\x3b36\x3b40m\xe2\x99\x99 \x1b\x5b0m\x1b\x5b1\x3b36\x3b47m  \x1b\x5b0m\x1b\x5b1\x3b36\x3b40m\xe2\x99\x99 \x1b\x5b0m\x1b\x5b1\x3b36\x3b47m\xe2\x99\x99 \x1b\x5b0m\x1b\x5b1\x3b36\x3b40m\xe2\x99\x99 \x1b\x5b0m\x0a1 \x1b\x5b1\x3b36\x3b40m\xe2\x99\x96 \x1b\x5b0m\x1b\x5b1\x3b36\x3b47m\xe2\x99\x98 \x1b\x5b0m\x1b\x5b1\x3b36\x3b40m\xe2\x99\x97 \x1b\x5b0m\x1b\x5b1\x3b36\x3b47m\xe2\x99\x95 \x1b\x5b0m\x1b\x5b1\x3b36\x3b40m\xe2\x99\x94 \x1b\x5b0m\x1b\x5b1\x3b36\x3b47m\xe2\x99\x97 \x1b\x5b0m\x1b\x5b1\x3b36\x3b40m\xe2\x99\x98 \x1b\x5b0m\x1b\x5b1\x3b36\x3b47m\xe2\x99\x96 \x1b\x5b0m\x0a  a b c d e f g h \x0a</data></match></read>
    <read><length>13</length><match><data>\x1b\x5b1\x3b36m\x3e\x1b\x5b0m </data></match></read>
    <!-- Valid move -->
    <write><data>Ke1e2\x0a</data></write>
    <read><length>7</length><match><data>\x0aKe1e2\x0a</data></match></read>
    <read><length>9</length><match><data>000000cd\x0a</data></match></read>
    <read><length>1131</length><match><data>1 \x1b\x5b1\x3b36\x3b47m\xe2\x99\x96 \x1b\x5b0m\x1b\x5b1\x3b36\x3b40m\xe2\x99\x98 \x1b\x5b0m\x1b\x5b1\x3b36\x3b47m\xe2\x99\x97 \x1b\x5b0m\x1b\x5b1\x3b36\x3b40m  \x1b\x5b0m\x1b\x5b1\x3b36\x3b47m\xe2\x99\x95 \x1b\x5b0m\x1b\x5b1\x3b36\x3b40m\xe2\x99\x97 \x1b\x5b0m\x1b\x5b1\x3b36\x3b47m\xe2\x99\x98 \x1b\x5b0m\x1b\x5b1\x3b36\x3b40m\xe2\x99\x96 \x1b\x5b0m\x0a2 \x1b\x5b1\x3b36\x3b40m\xe2\x99\x99 \x1b\x5b0m\x1b\x5b1\x3b36\x3b47m\xe2\x99\x99 \x1b\x5b0m\x1b\x5b1\x3b36\x3b40m\xe2\x99\x99 \x1b\x5b0m\x1b\x5b1\x3b36\x3b47m\xe2\x99\x94 \x1b\x5b0m\x1b\x5b1\x3b36\x3b40m\xe2\x99\x99 \x1b\x5b0m\x1b\x5b1\x3b36\x3b47m\xe2\x99\x99 \x1b\x5b0m\x1b\x5b1\x3b36\x3b40m\xe2\x99\x99 \x1b\x5b0m\x1b\x5b1\x3b36\x3b47m  \x1b\x5b0m\x0a3 \x1b\x5b1\x3b36\x3b47m  \x1b\x5b0m\x1b\x5b1\x3b36\x3b40m  \x1b\x5b0m\x1b\x5b1\x3b36\x3b47m  \x1b\x5b0m\x1b\x5b1\x3b36\x3b40m\xe2\x99\x99 \x1b\x5b0m\x1b\x5b1\x3b36\x3b47m  \x1b\x5b0m\x1b\x5b1\x3b36\x3b40m  \x1b\x5b0m\x1b\x5b1\x3b36\x3b47m  \x1b\x5b0m\x1b\x5b1\x3b36\x3b40m\xe2\x99\x99 \x1b\x5b0m\x0a4 \x1b\x5b1\x3b36\x3b40m  \x1b\x5b0m\x1b\x5b1\x3b36\x3b47m  \x1b\x5b0m\x1b\x5b1\x3b36\x3b40m  \x1b\x5b0m\x1b\x5b1\x3b36\x3b47m  \x1b\x5b0m\x1b\x5b1\x3b36\x3b40m  \x1b\x5b0m\x1b\x5b1\x3b36\x3b47m  \x1b\x5b0m\x1b\x5b1\x3b36\x3b40m  \x1b\x5b0m\x1b\x5b1\x3b36\x3b47m  \x1b\x5b0m\x0a5 \x1b\x5b1\x3b36\x3b47m  \x1b\x5b0m\x1b\x5b1\x3b36\x3b40m  \x1b\x5b0m\x1b\x5b1\x3b36\x3b47m  \x1b\x5b0m\x1b\x5b1\x3b36\x3b40m  \x1b\x5b0m\x1b\x5b1\x3b36\x3b47m  \x1b\x5b0m\x1b\x5b1\x3b36\x3b40m  \x1b\x5b0m\x1b\x5b1\x3b36\x3b47m  \x1b\x5b0m\x1b\x5b1\x3b36\x3b40m  \x1b\x5b0m\x0a6 \x1b\x5b1\x3b36\x3b40m  \x1b\x5b0m\x1b\x5b1\x3b36\x3b47m  \x1b\x5b0m\x1b\x5b1\x3b35\x3b40m\xe2\x99\x9f \x1b\x5b0m\x1b\x5b1\x3b36\x3b47m  \x1b\x5b0m\x1b\x5b1\x3b36\x3b40m  \x1b\x5b0m\x1b\x5b1\x3b36\x3b47m  \x1b\x5b0m\x1b\x5b1\x3b36\x3b40m  \x1b\x5b0m\x1b\x5b1\x3b35\x3b47m\xe2\x99\x9e \x1b\x5b0m\x0a7 \x1b\x5b1\x3b35\x3b47m\xe2\x99\x9f \x1b\x5b0m\x1b\x5b1\x3b35\x3b40m\xe2\x99\x9f \x1b\x5b0m\x1b\x5b1\x3b36\x3b47m  \x1b\x5b0m\x1b\x5b1\x3b35\x3b40m\xe2\x99\x9f \x1b\x5b0m\x1b\x5b1\x3b35\x3b47m\xe2\x99\x9f \x1b\x5b0m\x1b\x5b1\x3b35\x3b40m\xe2\x99\x9f \x1b\x5b0m\x1b\x5b1\x3b35\x3b47m\xe2\x99\x9f \x1b\x5b0m\x1b\x5b1\x3b35\x3b40m\xe2\x99\x9f \x1b\x5b0m\x0a8 \x1b\x5b1\x3b35\x3b40m\xe2\x99\x9c \x1b\x5b0m\x1b\x5b1\x3b35\x3b47m\xe2\x99\x9e \x1b\x5b0m\x1b\x5b1\x3b35\x3b40m\xe2\x99\x9d \x1b\x5b0m\x1b\x5b1\x3b35\x3b47m\xe2\x99\x9a \x1b\x5b0m\x1b\x5b1\x3b35\x3b40m\xe2\x99\x9b \x1b\x5b0m\x1b\x5b1\x3b35\x3b47m\xe2\x99\x9d \x1b\x5b0m\x1b\x5b1\x3b36\x3b40m  \x1b\x5b0m\x1b\x5b1\x3b35\x3b47m\xe2\x99\x9c \x1b\x5b0m\x0a  h g f e d c b a \x0a</data></match></read>
    <read><length>13</length><match><data>\x1b\x5b0\x3b35m\x3e\x1b\x5b0m </data></match></read>
    <!-- Valid move -->
    <write><data>f6f5\x0a</data></write>
    <read><length>6</length><match><data>\x0af6f5\x0a</data></match></read>
    <read><length>9</length><match><data>000000cd\x0a</data></match></read>
    <read><length>1131</length><match><data>8 \x1b\x5b1\x3b35\x3b47m\xe2\x99\x9c \x1b\x5b0m\x1b\x5b1\x3b36\x3b40m  \x1b\x5b0m\x1b\x5b1\x3b35\x3b47m\xe2\x99\x9d \x1b\x5b0m\x1b\x5b1\x3b35\x3b40m\xe2\x99\x9b \x1b\x5b0m\x1b\x5b1\x3b35\x3b47m\xe2\x99\x9a \x1b\x5b0m\x1b\x5b1\x3b35\x3b40m\xe2\x99\x9d \x1b\x5b0m\x1b\x5b1\x3b35\x3b47m\xe2\x99\x9e \x1b\x5b0m\x1b\x5b1\x3b35\x3b40m\xe2\x99\x9c \x1b\x5b0m\x0a7 \x1b\x5b1\x3b35\x3b40m\xe2\x99\x9f \x1b\x5b0m\x1b\x5b1\x3b35\x3b47m\xe2\x99\x9f \x1b\x5b0m\x1b\x5b1\x3b35\x3b40m\xe2\x99\x9f \x1b\x5b0m\x1b\x5b1\x3b35\x3b47m\xe2\x99\x9f \x1b\x5b0m\x1b\x5b1\x3b35\x3b40m\xe2\x99\x9f \x1b\x5b0m\x1b\x5b1\x3b36\x3b47m  \x1b\x5b0m\x1b\x5b1\x3b35\x3b40m\xe2\x99\x9f \x1b\x5b0m\x1b\x5b1\x3b35\x3b47m\xe2\x99\x9f \x1b\x5b0m\x0a6 \x1b\x5b1\x3b35\x3b47m\xe2\x99\x9e \x1b\x5b0m\x1b\x5b1\x3b36\x3b40m  \x1b\x5b0m\x1b\x5b1\x3b36\x3b47m  \x1b\x5b0m\x1b\x5b1\x3b36\x3b40m  \x1b\x5b0m\x1b\x5b1\x3b36\x3b47m  \x1b\x5b0m\x1b\x5b1\x3b36\x3b40m  \x1b\x5b0m\x1b\x5b1\x3b36\x3b47m  \x1b\x5b0m\x1b\x5b1\x3b36\x3b40m  \x1b\x5b0m\x0a5 \x1b\x5b1\x3b36\x3b40m  \x1b\x5b0m\x1b\x5b1\x3b36\x3b47m  \x1b\x5b0m\x1b\x5b1\x3b36\x3b40m  \x1b\x5b0m\x1b\x5b1\x3b36\x3b47m  \x1b\x5b0m\x1b\x5b1\x3b36\x3b40m  \x1b\x5b0m\x1b\x5b1\x3b35\x3b47m\xe2\x99\x9f \x1b\x5b0m\x1b\x5b1\x3b36\x3b40m  \x1b\x5b0m\x1b\x5b1\x3b36\x3b47m  \x1b\x5b0m\x0a4 \x1b\x5b1\x3b36\x3b47m  \x1b\x5b0m\x1b\x5b1\x3b36\x3b40m  \x1b\x5b0m\x1b\x5b1\x3b36\x3b47m  \x1b\x5b0m\x1b\x5b1\x3b36\x3b40m  \x1b\x5b0m\x1b\x5b1\x3b36\x3b47m  \x1b\x5b0m\x1b\x5b1\x3b36\x3b40m  \x1b\x5b0m\x1b\x5b1\x3b36\x3b47m  \x1b\x5b0m\x1b\x5b1\x3b36\x3b40m  \x1b\x5b0m\x0a3 \x1b\x5b1\x3b36\x3b40m\xe2\x99\x99 \x1b\x5b0m\x1b\x5b1\x3b36\x3b47m  \x1b\x5b0m\x1b\x5b1\x3b36\x3b40m  \x1b\x5b0m\x1b\x5b1\x3b36\x3b47m  \x1b\x5b0m\x1b\x5b1\x3b36\x3b40m\xe2\x99\x99 \x1b\x5b0m\x1b\x5b1\x3b36\x3b47m  \x1b\x5b0m\x1b\x5b1\x3b36\x3b40m  \x1b\x5b0m\x1b\x5b1\x3b36\x3b47m  \x1b\x5b0m\x0a2 \x1b\x5b1\x3b36\x3b47m  \x1b\x5b0m\x1b\x5b1\x3b36\x3b40m\xe2\x99\x99 \x1b\x5b0m\x1b\x5b1\x3b36\x3b47m\xe2\x99\x99 \x1b\x5b0m\x1b\x5b1\x3b36\x3b40m\xe2\x99\x99 \x1b\x5b0m\x1b\x5b1\x3b36\x3b47m\xe2\x99\x94 \x1b\x5b0m\x1b\x5b1\x3b36\x3b40m\xe2\x99\x99 \x1b\x5b0m\x1b\x5b1\x3b36\x3b47m\xe2\x99\x99 \x1b\x5b0m\x1b\x5b1\x3b36\x3b40m\xe2\x99\x99 \x1b\x5b0m\x0a1 \x1b\x5b1\x3b36\x3b40m\xe2\x99\x96 \x1b\x5b0m\x1b\x5b1\x3b36\x3b47m\xe2\x99\x98 \x1b\x5b0m\x1b\x5b1\x3b36\x3b40m\xe2\x99\x97 \x1b\x5b0m\x1b\x5b1\x3b36\x3b47m\xe2\x99\x95 \x1b\x5b0m\x1b\x5b1\x3b36\x3b40m  \x1b\x5b0m\x1b\x5b1\x3b36\x3b47m\xe2\x99\x97 \x1b\x5b0m\x1b\x5b1\x3b36\x3b40m\xe2\x99\x98 \x1b\x5b0m\x1b\x5b1\x3b36\x3b47m\xe2\x99\x96 \x1b\x5b0m\x0a  a b c d e f g h \x0a</data></match></read>
    <read><length>13</length><match><data>\x1b\x5b1\x3b36m\x3e\x1b\x5b0m </data></match></read>
    <!-- Valid move -->
    <write><data>g2g3\x0a</data></write>
    <read><length>6</length><match><data>\x0ag2g3\x0a</data></match></read>
    <read><length>9</length><match><data>000000cd\x0a</data></match></read>
    <read><length>1131</length><match><data>1 \x1b\x5b1\x3b36\x3b47m\xe2\x99\x96 \x1b\x5b0m\x1b\x5b1\x3b36\x3b40m\xe2\x99\x98 \x1b\x5b0m\x1b\x5b1\x3b36\x3b47m\xe2\x99\x97 \x1b\x5b0m\x1b\x5b1\x3b36\x3b40m  \x1b\x5b0m\x1b\x5b1\x3b36\x3b47m\xe2\x99\x95 \x1b\x5b0m\x1b\x5b1\x3b36\x3b40m\xe2\x99\x97 \x1b\x5b0m\x1b\x5b1\x3b36\x3b47m\xe2\x99\x98 \x1b\x5b0m\x1b\x5b1\x3b36\x3b40m\xe2\x99\x96 \x1b\x5b0m\x0a2 \x1b\x5b1\x3b36\x3b40m\xe2\x99\x99 \x1b\x5b0m\x1b\x5b1\x3b36\x3b47m  \x1b\x5b0m\x1b\x5b1\x3b36\x3b40m\xe2\x99\x99 \x1b\x5b0m\x1b\x5b1\x3b36\x3b47m\xe2\x99\x94 \x1b\x5b0m\x1b\x5b1\x3b36\x3b40m\xe2\x99\x99 \x1b\x5b0m\x1b\x5b1\x3b36\x3b47m\xe2\x99\x99 \x1b\x5b0m\x1b\x5b1\x3b36\x3b40m\xe2\x99\x99 \x1b\x5b0m\x1b\x5b1\x3b36\x3b47m  \x1b\x5b0m\x0a3 \x1b\x5b1\x3b36\x3b47m  \x1b\x5b0m\x1b\x5b1\x3b36\x3b40m\xe2\x99\x99 \x1b\x5b0m\x1b\x5b1\x3b36\x3b47m  \x1b\x5b0m\x1b\x5b1\x3b36\x3b40m\xe2\x99\x99 \x1b\x5b0m\x1b\x5b1\x3b36\x3b47m  \x1b\x5b0m\x1b\x5b1\x3b36\x3b40m  \x1b\x5b0m\x1b\x5b1\x3b36\x3b47m  \x1b\x5b0m\x1b\x5b1\x3b36\x3b40m\xe2\x99\x99 \x1b\x5b0m\x0a4 \x1b\x5b1\x3b36\x3b40m  \x1b\x5b0m\x1b\x5b1\x3b36\x3b47m  \x1b\x5b0m\x1b\x5b1\x3b36\x3b40m  \x1b\x5b0m\x1b\x5b1\x3b36\x3b47m  \x1b\x5b0m\x1b\x5b1\x3b36\x3b40m  \x1b\x5b0m\x1b\x5b1\x3b36\x3b47m  \x1b\x5b0m\x1b\x5b1\x3b36\x3b40m  \x1b\x5b0m\x1b\x5b1\x3b36\x3b47m  \x1b\x5b0m\x0a5 \x1b\x5b1\x3b36\x3b47m  \x1b\x5b0m\x1b\x5b1\x3b36\x3b40m  \x1b\x5b0m\x1b\x5b1\x3b35\x3b47m\xe2\x99\x9f \x1b\x5b0m\x1b\x5b1\x3b36\x3b40m  \x1b\x5b0m\x1b\x5b1\x3b36\x3b47m  \x1b\x5b0m\x1b\x5b1\x3b36\x3b40m  \x1b\x5b0m\x1b\x5b1\x3b36\x3b47m  \x1b\x5b0m\x1b\x5b1\x3b36\x3b40m  \x1b\x5b0m\x0a6 \x1b\x5b1\x3b36\x3b40m  \x1b\x5b0m\x1b\x5b1\x3b36\x3b47m  \x1b\x5b0m\x1b\x5b1\x3b36\x3b40m  \x1b\x5b0m\x1b\x5b1\x3b36\x3b47m  \x1b\x5b0m\x1b\x5b1\x3b36\x3b40m  \x1b\x5b0m\x1b\x5b1\x3b36\x3b47m  \x1b\x5b0m\x1b\x5b1\x3b36\x3b40m  \x1b\x5b0m\x1b\x5b1\x3b35\x3b47m\xe2\x99\x9e \x1b\x5b0m\x0a7 \x1b\x5b1\x3b35\x3b47m\xe2\x99\x9f \x1b\x5b0m\x1b\x5b1\x3b35\x3b40m\xe2\x99\x9f \x1b\x5b0m\x1b\x5b1\x3b36\x3b47m  \x1b\x5b0m\x1b\x5b1\x3b35\x3b40m\xe2\x99\x9f \x1b\x5b0m\x1b\x5b1\x3b35\x3b47m\xe2\x99\x9f \x1b\x5b0m\x1b\x5b1\x3b35\x3b40m\xe2\x99\x9f \x1b\x5b0m\x1b\x5b1\x3b35\x3b47m\xe2\x99\x9f \x1b\x5b0m\x1b\x5b1\x3b35\x3b40m\xe2\x99\x9f \x1b\x5b0m\x0a8 \x1b\x5b1\x3b35\x3b40m\xe2\x99\x9c \x1b\x5b0m\x1b\x5b1\x3b35\x3b47m\xe2\x99\x9e \x1b\x5b0m\x1b\x5b1\x3b35\x3b40m\xe2\x99\x9d \x1b\x5b0m\x1b\x5b1\x3b35\x3b47m\xe2\x99\x9a \x1b\x5b0m\x1b\x5b1\x3b35\x3b40m\xe2\x99\x9b \x1b\x5b0m\x1b\x5b1\x3b35\x3b47m\xe2\x99\x9d \x1b\x5b0m\x1b\x5b1\x3b36\x3b40m  \x1b\x5b0m\x1b\x5b1\x3b35\x3b47m\xe2\x99\x9c \x1b\x5b0m\x0a  h g f e d c b a \x0a</data></match></read>
    <read><length>13</length><match><data>\x1b\x5b0\x3b35m\x3e\x1b\x5b0m </data></match></read>
    <!-- Valid move -->
    <write><data>Ng8h6\x0a</data></write>
    <read><length>7</length><match><data>\x0aNg8h6\x0a</data></match></read>
    <read><length>9</length><match><data>000000cd\x0a</data></match></read>
    <read><length>1131</length><match><data>8 \x1b\x5b1\x3b35\x3b47m\xe2\x99\x9c \x1b\x5b0m\x1b\x5b1\x3b36\x3b40m  \x1b\x5b0m\x1b\x5b1\x3b35\x3b47m\xe2\x99\x9d \x1b\x5b0m\x1b\x5b1\x3b35\x3b40m\xe2\x99\x9b \x1b\x5b0m\x1b\x5b1\x3b35\x3b47m\xe2\x99\x9a \x1b\x5b0m\x1b\x5b1\x3b35\x3b40m\xe2\x99\x9d \x1b\x5b0m\x1b\x5b1\x3b36\x3b47m  \x1b\x5b0m\x1b\x5b1\x3b35\x3b40m\xe2\x99\x9c \x1b\x5b0m\x0a7 \x1b\x5b1\x3b35\x3b40m\xe2\x99\x9f \x1b\x5b0m\x1b\x5b1\x3b35\x3b47m\xe2\x99\x9f \x1b\x5b0m\x1b\x5b1\x3b35\x3b40m\xe2\x99\x9f \x1b\x5b0m\x1b\x5b1\x3b35\x3b47m\xe2\x99\x9f \x1b\x5b0m\x1b\x5b1\x3b35\x3b40m\xe2\x99\x9f \x1b\x5b0m\x1b\x5b1\x3b36\x3b47m  \x1b\x5b0m\x1b\x5b1\x3b35\x3b40m\xe2\x99\x9f \x1b\x5b0m\x1b\x5b1\x3b35\x3b47m\xe2\x99\x9f \x1b\x5b0m\x0a6 \x1b\x5b1\x3b35\x3b47m\xe2\x99\x9e \x1b\x5b0m\x1b\x5b1\x3b36\x3b40m  \x1b\x5b0m\x1b\x5b1\x3b36\x3b47m  \x1b\x5b0m\x1b\x5b1\x3b36\x3b40m  \x1b\x5b0m\x1b\x5b1\x3b36\x3b47m  \x1b\x5b0m\x1b\x5b1\x3b36\x3b40m  \x1b\x5b0m\x1b\x5b1\x3b36\x3b47m  \x1b\x5b0m\x1b\x5b1\x3b35\x3b40m\xe2\x99\x9e \x1b\x5b0m\x0a5 \x1b\x5b1\x3b36\x3b40m  \x1b\x5b0m\x1b\x5b1\x3b36\x3b47m  \x1b\x5b0m\x1b\x5b1\x3b36\x3b40m  \x1b\x5b0m\x1b\x5b1\x3b36\x3b47m  \x1b\x5b0m\x1b\x5b1\x3b36\x3b40m  \x1b\x5b0m\x1b\x5b1\x3b35\x3b47m\xe2\x99\x9f \x1b\x5b0m\x1b\x5b1\x3b36\x3b40m  \x1b\x5b0m\x1b\x5b1\x3b36\x3b47m  \x1b\x5b0m\x0a4 \x1b\x5b1\x3b36\x3b47m  \x1b\x5b0m\x1b\x5b1\x3b36\x3b40m  \x1b\x5b0m\x1b\x5b1\x3b36\x3b47m  \x1b\x5b0m\x1b\x5b1\x3b36\x3b40m  \x1b\x5b0m\x1b\x5b1\x3b36\x3b47m  \x1b\x5b0m\x1b\x5b1\x3b36\x3b40m  \x1b\x5b0m\x1b\x5b1\x3b36\x3b47m  \x1b\x5b0m\x1b\x5b1\x3b36\x3b40m  \x1b\x5b0m\x0a3 \x1b\x5b1\x3b36\x3b40m\xe2\x99\x99 \x1b\x5b0m\x1b\x5b1\x3b36\x3b47m  \x1b\x5b0m\x1b\x5b1\x3b36\x3b40m  \x1b\x5b0m\x1b\x5b1\x3b36\x3b47m  \x1b\x5b0m\x1b\x5b1\x3b36\x3b40m\xe2\x99\x99 \x1b\x5b0m\x1b\x5b1\x3b36\x3b47m  \x1b\x5b0m\x1b\x5b1\x3b36\x3b40m\xe2\x99\x99 \x1b\x5b0m\x1b\x5b1\x3b36\x3b47m  \x1b\x5b0m\x0a2 \x1b\x5b1\x3b36\x3b47m  \x1b\x5b0m\x1b\x5b1\x3b36\x3b40m\xe2\x99\x99 \x1b\x5b0m\x1b\x5b1\x3b36\x3b47m\xe2\x99\x99 \x1b\x5b0m\x1b\x5b1\x3b36\x3b40m\xe2\x99\x99 \x1b\x5b0m\x1b\x5b1\x3b36\x3b47m\xe2\x99\x94 \x1b\x5b0m\x1b\x5b1\x3b36\x3b40m\xe2\x99\x99 \x1b\x5b0m\x1b\x5b1\x3b36\x3b47m  \x1b\x5b0m\x1b\x5b1\x3b36\x3b40m\xe2\x99\x99 \x1b\x5b0m\x0a1 \x1b\x5b1\x3b36\x3b40m\xe2\x99\x96 \x1b\x5b0m\x1b\x5b1\x3b36\x3b47m\xe2\x99\x98 \x1b\x5b0m\x1b\x5b1\x3b36\x3b40m\xe2\x99\x97 \x1b\x5b0m\x1b\x5b1\x3b36\x3b47m\xe2\x99\x95 \x1b\x5b0m\x1b\x5b1\x3b36\x3b40m  \x1b\x5b0m\x1b\x5b1\x3b36\x3b47m\xe2\x99\x97 \x1b\x5b0m\x1b\x5b1\x3b36\x3b40m\xe2\x99\x98 \x1b\x5b0m\x1b\x5b1\x3b36\x3b47m\xe2\x99\x96 \x1b\x5b0m\x0a  a b c d e f g h \x0a</data></match></read>
    <read><length>13</length><match><data>\x1b\x5b1\x3b36m\x3e\x1b\x5b0m </data></match></read>
    <write><data>quit\x0a</data></write>
</replay>
</pov>