<?xml version="1.0" standalone="no" ?>
<!DOCTYPE pov SYSTEM "/usr/share/cgc-docs/replay.dtd">
<pov>
<cbid>service</cbid>
<seed>1905b1e0e1fb8c9f3851864ce54b3c3272738f6078182fb0be23467f082f75a94ab5e80352a15c113d43c2cf97107213</seed>
<replay>
    <read><delim>\x0a</delim><match><data>Enter \x27s\x27 for sphere\x2c \x27p\x27 for plane\x2c \x27c\x27 for camera\x2c \x27r\x27 for render\x2c \x27q\x27 for quit\x0a</data></match></read>
    <write><data>c\x0a</data></write>
    <read><delim>\x0a</delim><match><data>Enter camera position as \x22x\x2c y\x2c z\x22:</data></match></read>
    <write><data>0.0\x2c 92.0\x2c 22.0\x0a</data></write>
    <read><delim>\x0a</delim><match><data>Enter camera direction as \x22x\x2c y\x2c z\x22:</data></match></read>
    <write><data>42.0\x2c 72.0\x2c 21.0\x0a</data></write>
    <read><delim>\x0a</delim><match><data>Enter camera fov:</data></match></read>
    <write><data>c\x5fdouble\x280.1\x29\x0a</data></write>
    <read><delim>\x0a</delim><match><data>Enter \x27s\x27 for sphere\x2c \x27p\x27 for plane\x2c \x27c\x27 for camera\x2c \x27r\x27 for render\x2c \x27q\x27 for quit\x0a</data></match></read>
    <write><data>U\x0a</data></write>
    <read><delim>\x0a</delim><match><data>No such command!\x0a</data></match></read>
    <read><delim>\x0a</delim><match><data>Enter \x27s\x27 for sphere\x2c \x27p\x27 for plane\x2c \x27c\x27 for camera\x2c \x27r\x27 for render\x2c \x27q\x27 for quit\x0a</data></match></read>
    <write><data>p\x0a</data></write>
    <read><delim>\x0a</delim><match><data>Enter \x27d\x27 for diffuse\x2c \x27s\x27 for specular:</data></match></read>
    <write><data>d\x0a</data></write>
    <read><delim>\x0a</delim><match><data>Enter normal as \x22x\x2c y\x2c z\x22:</data></match></read>
    <write><data>54.0\x2c 80.0\x2c 50.0\x0a</data></write>
    <read><delim>\x0a</delim><match><data>Enter position as \x22x\x2c y\x2c z\x22:</data></match></read>
    <write><data>\x2d88.0\x2c \x2d57.0\x2c 41.0\x0a</data></write>
    <read><delim>\x0a</delim><match><data>Enter color as \x22r\x2c g\x2c b\x22:</data></match></read>
    <write><data>71.0\x2c 79.0\x2c 92.0\x0a</data></write>
    <read><delim>\x0a</delim><match><data>Enter emission as \x22r\x2c g\x2c b\x22:</data></match></read>
    <write><data>0.0\x2c 0.0\x2c 0.0\x0a</data></write>
    <read><delim>\x0a</delim><match><data>Enter \x27s\x27 for sphere\x2c \x27p\x27 for plane\x2c \x27c\x27 for camera\x2c \x27r\x27 for render\x2c \x27q\x27 for quit\x0a</data></match></read>
    <write><data>p\x0a</data></write>
    <read><delim>\x0a</delim><match><data>Enter \x27d\x27 for diffuse\x2c \x27s\x27 for specular:</data></match></read>
    <write><data>s\x0a</data></write>
    <read><delim>\x0a</delim><match><data>Enter normal as \x22x\x2c y\x2c z\x22:</data></match></read>
    <write><data>92.0\x2c 40.0\x2c 74.0\x0a</data></write>
    <read><delim>\x0a</delim><match><data>Enter position as \x22x\x2c y\x2c z\x22:</data></match></read>
    <write><data>15.0\x2c 42.0\x2c \x2d21.0\x0a</data></write>
    <read><delim>\x0a</delim><match><data>Enter color as \x22r\x2c g\x2c b\x22:</data></match></read>
    <write><data>46.0\x2c 95.0\x2c 38.0\x0a</data></write>
    <read><delim>\x0a</delim><match><data>Enter emission as \x22r\x2c g\x2c b\x22:</data></match></read>
    <write><data>9.0\x2c 99.0\x2c 12.0\x0a</data></write>
    <read><delim>\x0a</delim><match><data>Enter \x27s\x27 for sphere\x2c \x27p\x27 for plane\x2c \x27c\x27 for camera\x2c \x27r\x27 for render\x2c \x27q\x27 for quit\x0a</data></match></read>
    <write><data>p\x0a</data></write>
    <read><delim>\x0a</delim><match><data>Enter \x27d\x27 for diffuse\x2c \x27s\x27 for specular:</data></match></read>
    <write><data>s\x0a</data></write>
    <read><delim>\x0a</delim><match><data>Enter normal as \x22x\x2c y\x2c z\x22:</data></match></read>
    <write><data>95.0\x2c 50.0\x2c 57.0\x0a</data></write>
    <read><delim>\x0a</delim><match><data>Enter position as \x22x\x2c y\x2c z\x22:</data></match></read>
    <write><data>31.0\x2c \x2d23.0\x2c 60.0\x0a</data></write>
    <read><delim>\x0a</delim><match><data>Enter color as \x22r\x2c g\x2c b\x22:</data></match></read>
    <write><data>19.0\x2c 22.0\x2c 10.0\x0a</data></write>
    <read><delim>\x0a</delim><match><data>Enter emission as \x22r\x2c g\x2c b\x22:</data></match></read>
    <write><data>0.0\x2c 0.0\x2c 0.0\x0a</data></write>
    <read><delim>\x0a</delim><match><data>Enter \x27s\x27 for sphere\x2c \x27p\x27 for plane\x2c \x27c\x27 for camera\x2c \x27r\x27 for render\x2c \x27q\x27 for quit\x0a</data></match></read>
    <write><data>p\x0a</data></write>
    <read><delim>\x0a</delim><match><data>Enter \x27d\x27 for diffuse\x2c \x27s\x27 for specular:</data></match></read>
    <write><data>s\x0a</data></write>
    <read><delim>\x0a</delim><match><data>Enter normal as \x22x\x2c y\x2c z\x22:</data></match></read>
    <write><data>78.0\x2c 98.0\x2c 70.0\x0a</data></write>
    <read><delim>\x0a</delim><match><data>Enter position as \x22x\x2c y\x2c z\x22:</data></match></read>
    <write><data>\x2d64.0\x2c 11.0\x2c 85.0\x0a</data></write>
    <read><delim>\x0a</delim><match><data>Enter color as \x22r\x2c g\x2c b\x22:</data></match></read>
    <write><data>14.0\x2c 35.0\x2c 11.0\x0a</data></write>
    <read><delim>\x0a</delim><match><data>Enter emission as \x22r\x2c g\x2c b\x22:</data></match></read>
    <write><data>0.0\x2c 0.0\x2c 0.0\x0a</data></write>
    <read><delim>\x0a</delim><match><data>Enter \x27s\x27 for sphere\x2c \x27p\x27 for plane\x2c \x27c\x27 for camera\x2c \x27r\x27 for render\x2c \x27q\x27 for quit\x0a</data></match></read>
    <write><data>p\x0a</data></write>
    <read><delim>\x0a</delim><match><data>Enter \x27d\x27 for diffuse\x2c \x27s\x27 for specular:</data></match></read>
    <write><data>d\x0a</data></write>
    <read><delim>\x0a</delim><match><data>Enter normal as \x22x\x2c y\x2c z\x22:</data></match></read>
    <write><data>36.0\x2c 89.0\x2c 96.0\x0a</data></write>
    <read><delim>\x0a</delim><match><data>Enter position as \x22x\x2c y\x2c z\x22:</data></match></read>
    <write><data>40.0\x2c \x2d74.0\x2c \x2d87.0\x0a</data></write>
    <read><delim>\x0a</delim><match><data>Enter color as \x22r\x2c g\x2c b\x22:</data></match></read>
    <write><data>68.0\x2c 79.0\x2c 23.0\x0a</data></write>
    <read><delim>\x0a</delim><match><data>Enter emission as \x22r\x2c g\x2c b\x22:</data></match></read>
    <write><data>0.0\x2c 0.0\x2c 0.0\x0a</data></write>
    <read><delim>\x0a</delim><match><data>Enter \x27s\x27 for sphere\x2c \x27p\x27 for plane\x2c \x27c\x27 for camera\x2c \x27r\x27 for render\x2c \x27q\x27 for quit\x0a</data></match></read>
    <write><data>p\x0a</data></write>
    <read><delim>\x0a</delim><match><data>Enter \x27d\x27 for diffuse\x2c \x27s\x27 for specular:</data></match></read>
    <write><data>d\x0a</data></write>
    <read><delim>\x0a</delim><match><data>Enter normal as \x22x\x2c y\x2c z\x22:</data></match></read>
    <write><data>45.0\x2c 64.0\x2c 32.0\x0a</data></write>
    <read><delim>\x0a</delim><match><data>Enter position as \x22x\x2c y\x2c z\x22:</data></match></read>
    <write><data>\x2d62.0\x2c \x2d37.0\x2c 46.0\x0a</data></write>
    <read><delim>\x0a</delim><match><data>Enter color as \x22r\x2c g\x2c b\x22:</data></match></read>
    <write><data>77.0\x2c 3.0\x2c 95.0\x0a</data></write>
    <read><delim>\x0a</delim><match><data>Enter emission as \x22r\x2c g\x2c b\x22:</data></match></read>
    <write><data>21.0\x2c 89.0\x2c 34.0\x0a</data></write>
    <read><delim>\x0a</delim><match><data>Enter \x27s\x27 for sphere\x2c \x27p\x27 for plane\x2c \x27c\x27 for camera\x2c \x27r\x27 for render\x2c \x27q\x27 for quit\x0a</data></match></read>
    <write><data>v\x0a</data></write>
    <read><delim>\x0a</delim><match><data>No such command!\x0a</data></match></read>
    <read><delim>\x0a</delim><match><data>Enter \x27s\x27 for sphere\x2c \x27p\x27 for plane\x2c \x27c\x27 for camera\x2c \x27r\x27 for render\x2c \x27q\x27 for quit\x0a</data></match></read>
    <write><data>q\x0a</data></write>
</replay>
</pov>