<?xml version="1.0" standalone="no" ?>
<!DOCTYPE pov SYSTEM "/usr/share/cgc-docs/replay.dtd">
<pov>
<cbid>service</cbid>
<seed>c36b8b56e3493cab973a3f761df2de192e147f4e0859be4dc0776ce986af533ac9da1b091e94369e2a47121182c910ac</seed>
<replay>
    <read><delim>\x0a</delim><match><data>Enter \x27s\x27 for sphere\x2c \x27p\x27 for plane\x2c \x27c\x27 for camera\x2c \x27r\x27 for render\x2c \x27q\x27 for quit\x0a</data></match></read>
    <write><data>s\x0a</data></write>
    <read><delim>\x0a</delim><match><data>Enter \x27d\x27 for diffuse\x2c \x27s\x27 for specular:</data></match></read>
    <write><data>s\x0a</data></write>
    <read><delim>\x0a</delim><match><data>Enter radius:</data></match></read>
    <write><data>68.0\x0a</data></write>
    <read><delim>\x0a</delim><match><data>Enter position as \x22x\x2c y\x2c z\x22:</data></match></read>
    <write><data>\x2d32.0\x2c \x2d77.0\x2c 4.0\x0a</data></write>
    <read><delim>\x0a</delim><match><data>Enter color as \x22r\x2c g\x2c b\x22:</data></match></read>
    <write><data>12.0\x2c 71.0\x2c 36.0\x0a</data></write>
    <read><delim>\x0a</delim><match><data>Enter emission as \x22r\x2c g\x2c b\x22:</data></match></read>
    <write><data>0.0\x2c 0.0\x2c 0.0\x0a</data></write>
    <read><delim>\x0a</delim><match><data>Enter \x27s\x27 for sphere\x2c \x27p\x27 for plane\x2c \x27c\x27 for camera\x2c \x27r\x27 for render\x2c \x27q\x27 for quit\x0a</data></match></read>
    <write><data>s\x0a</data></write>
    <read><delim>\x0a</delim><match><data>Enter \x27d\x27 for diffuse\x2c \x27s\x27 for specular:</data></match></read>
    <write><data>d\x0a</data></write>
    <read><delim>\x0a</delim><match><data>Enter radius:</data></match></read>
    <write><data>82.0\x0a</data></write>
    <read><delim>\x0a</delim><match><data>Enter position as \x22x\x2c y\x2c z\x22:</data></match></read>
    <write><data>8.0\x2c 18.0\x2c 78.0\x0a</data></write>
    <read><delim>\x0a</delim><match><data>Enter color as \x22r\x2c g\x2c b\x22:</data></match></read>
    <write><data>95.0\x2c 70.0\x2c 96.0\x0a</data></write>
    <read><delim>\x0a</delim><match><data>Enter emission as \x22r\x2c g\x2c b\x22:</data></match></read>
    <write><data>0.0\x2c 0.0\x2c 0.0\x0a</data></write>
    <read><delim>\x0a</delim><match><data>Enter \x27s\x27 for sphere\x2c \x27p\x27 for plane\x2c \x27c\x27 for camera\x2c \x27r\x27 for render\x2c \x27q\x27 for quit\x0a</data></match></read>
    <write><data>s\x0a</data></write>
    <read><delim>\x0a</delim><match><data>Enter \x27d\x27 for diffuse\x2c \x27s\x27 for specular:</data></match></read>
    <write><data>s\x0a</data></write>
    <read><delim>\x0a</delim><match><data>Enter radius:</data></match></read>
    <write><data>96.0\x0a</data></write>
    <read><delim>\x0a</delim><match><data>Enter position as \x22x\x2c y\x2c z\x22:</data></match></read>
    <write><data>73.0\x2c 10.0\x2c 2.0\x0a</data></write>
    <read><delim>\x0a</delim><match><data>Enter color as \x22r\x2c g\x2c b\x22:</data></match></read>
    <write><data>30.0\x2c 45.0\x2c 30.0\x0a</data></write>
    <read><delim>\x0a</delim><match><data>Enter emission as \x22r\x2c g\x2c b\x22:</data></match></read>
    <write><data>0.0\x2c 0.0\x2c 0.0\x0a</data></write>
    <read><delim>\x0a</delim><match><data>Enter \x27s\x27 for sphere\x2c \x27p\x27 for plane\x2c \x27c\x27 for camera\x2c \x27r\x27 for render\x2c \x27q\x27 for quit\x0a</data></match></read>
    <write><data>s\x0a</data></write>
    <read><delim>\x0a</delim><match><data>Enter \x27d\x27 for diffuse\x2c \x27s\x27 for specular:</data></match></read>
    <write><data>s\x0a</data></write>
    <read><delim>\x0a</delim><match><data>Enter radius:</data></match></read>
    <write><data>80.0\x0a</data></write>
    <read><delim>\x0a</delim><match><data>Enter position as \x22x\x2c y\x2c z\x22:</data></match></read>
    <write><data>1.0\x2c \x2d8.0\x2c \x2d73.0\x0a</data></write>
    <read><delim>\x0a</delim><match><data>Enter color as \x22r\x2c g\x2c b\x22:</data></match></read>
    <write><data>23.0\x2c 32.0\x2c 51.0\x0a</data></write>
    <read><delim>\x0a</delim><match><data>Enter emission as \x22r\x2c g\x2c b\x22:</data></match></read>
    <write><data>0.0\x2c 0.0\x2c 0.0\x0a</data></write>
    <read><delim>\x0a</delim><match><data>Enter \x27s\x27 for sphere\x2c \x27p\x27 for plane\x2c \x27c\x27 for camera\x2c \x27r\x27 for render\x2c \x27q\x27 for quit\x0a</data></match></read>
    <write><data>s\x0a</data></write>
    <read><delim>\x0a</delim><match><data>Enter \x27d\x27 for diffuse\x2c \x27s\x27 for specular:</data></match></read>
    <write><data>s\x0a</data></write>
    <read><delim>\x0a</delim><match><data>Enter radius:</data></match></read>
    <write><data>54.0\x0a</data></write>
    <read><delim>\x0a</delim><match><data>Enter position as \x22x\x2c y\x2c z\x22:</data></match></read>
    <write><data>\x2d34.0\x2c \x2d92.0\x2c 59.0\x0a</data></write>
    <read><delim>\x0a</delim><match><data>Enter color as \x22r\x2c g\x2c b\x22:</data></match></read>
    <write><data>72.0\x2c 74.0\x2c 15.0\x0a</data></write>
    <read><delim>\x0a</delim><match><data>Enter emission as \x22r\x2c g\x2c b\x22:</data></match></read>
    <write><data>0.0\x2c 0.0\x2c 0.0\x0a</data></write>
    <read><delim>\x0a</delim><match><data>Enter \x27s\x27 for sphere\x2c \x27p\x27 for plane\x2c \x27c\x27 for camera\x2c \x27r\x27 for render\x2c \x27q\x27 for quit\x0a</data></match></read>
    <write><data>s\x0a</data></write>
    <read><delim>\x0a</delim><match><data>Enter \x27d\x27 for diffuse\x2c \x27s\x27 for specular:</data></match></read>
    <write><data>s\x0a</data></write>
    <read><delim>\x0a</delim><match><data>Enter radius:</data></match></read>
    <write><data>51.0\x0a</data></write>
    <read><delim>\x0a</delim><match><data>Enter position as \x22x\x2c y\x2c z\x22:</data></match></read>
    <write><data>\x2d76.0\x2c \x2d59.0\x2c \x2d66.0\x0a</data></write>
    <read><delim>\x0a</delim><match><data>Enter color as \x22r\x2c g\x2c b\x22:</data></match></read>
    <write><data>78.0\x2c 26.0\x2c 66.0\x0a</data></write>
    <read><delim>\x0a</delim><match><data>Enter emission as \x22r\x2c g\x2c b\x22:</data></match></read>
    <write><data>87.0\x2c 73.0\x2c 19.0\x0a</data></write>
    <read><delim>\x0a</delim><match><data>Enter \x27s\x27 for sphere\x2c \x27p\x27 for plane\x2c \x27c\x27 for camera\x2c \x27r\x27 for render\x2c \x27q\x27 for quit\x0a</data></match></read>
    <write><data>q\x0a</data></write>
</replay>
</pov>