<?xml version="1.0" standalone="no" ?>
<!DOCTYPE pov SYSTEM "/usr/share/cgc-docs/replay.dtd">
<pov>
<cbid>service</cbid>
<seed>3f6463ece748c826c0a134f79c66b16ef0e7e24b6559d08fa44fb2390dc0b1ead3d32f2dd66798730186a3aa65697f5d</seed>
<replay>
    <read><delim>\x0a</delim><match><data>Enter \x27s\x27 for sphere\x2c \x27p\x27 for plane\x2c \x27c\x27 for camera\x2c \x27r\x27 for render\x2c \x27q\x27 for quit\x0a</data></match></read>
    <write><data>H\x0a</data></write>
    <read><delim>\x0a</delim><match><data>No such command!\x0a</data></match></read>
    <read><delim>\x0a</delim><match><data>Enter \x27s\x27 for sphere\x2c \x27p\x27 for plane\x2c \x27c\x27 for camera\x2c \x27r\x27 for render\x2c \x27q\x27 for quit\x0a</data></match></read>
    <write><data>s\x0a</data></write>
    <read><delim>\x0a</delim><match><data>Enter \x27d\x27 for diffuse\x2c \x27s\x27 for specular:</data></match></read>
    <write><data>d\x0a</data></write>
    <read><delim>\x0a</delim><match><data>Enter radius:</data></match></read>
    <write><data>58.0\x0a</data></write>
    <read><delim>\x0a</delim><match><data>Enter position as \x22x\x2c y\x2c z\x22:</data></match></read>
    <write><data>65.0\x2c 95.0\x2c 80.0\x0a</data></write>
    <read><delim>\x0a</delim><match><data>Enter color as \x22r\x2c g\x2c b\x22:</data></match></read>
    <write><data>98.0\x2c 31.0\x2c 29.0\x0a</data></write>
    <read><delim>\x0a</delim><match><data>Enter emission as \x22r\x2c g\x2c b\x22:</data></match></read>
    <write><data>21.0\x2c 36.0\x2c 15.0\x0a</data></write>
    <read><delim>\x0a</delim><match><data>Enter \x27s\x27 for sphere\x2c \x27p\x27 for plane\x2c \x27c\x27 for camera\x2c \x27r\x27 for render\x2c \x27q\x27 for quit\x0a</data></match></read>
    <write><data>p\x0a</data></write>
    <read><delim>\x0a</delim><match><data>Enter \x27d\x27 for diffuse\x2c \x27s\x27 for specular:</data></match></read>
    <write><data>s\x0a</data></write>
    <read><delim>\x0a</delim><match><data>Enter normal as \x22x\x2c y\x2c z\x22:</data></match></read>
    <write><data>74.0\x2c 17.0\x2c 15.0\x0a</data></write>
    <read><delim>\x0a</delim><match><data>Enter position as \x22x\x2c y\x2c z\x22:</data></match></read>
    <write><data>48.0\x2c \x2d75.0\x2c 13.0\x0a</data></write>
    <read><delim>\x0a</delim><match><data>Enter color as \x22r\x2c g\x2c b\x22:</data></match></read>
    <write><data>23.0\x2c 4.0\x2c 25.0\x0a</data></write>
    <read><delim>\x0a</delim><match><data>Enter emission as \x22r\x2c g\x2c b\x22:</data></match></read>
    <write><data>11.0\x2c 95.0\x2c 91.0\x0a</data></write>
    <read><delim>\x0a</delim><match><data>Enter \x27s\x27 for sphere\x2c \x27p\x27 for plane\x2c \x27c\x27 for camera\x2c \x27r\x27 for render\x2c \x27q\x27 for quit\x0a</data></match></read>
    <write><data>p\x0a</data></write>
    <read><delim>\x0a</delim><match><data>Enter \x27d\x27 for diffuse\x2c \x27s\x27 for specular:</data></match></read>
    <write><data>s\x0a</data></write>
    <read><delim>\x0a</delim><match><data>Enter normal as \x22x\x2c y\x2c z\x22:</data></match></read>
    <write><data>90.0\x2c 89.0\x2c 20.0\x0a</data></write>
    <read><delim>\x0a</delim><match><data>Enter position as \x22x\x2c y\x2c z\x22:</data></match></read>
    <write><data>\x2d24.0\x2c 6.0\x2c \x2d47.0\x0a</data></write>
    <read><delim>\x0a</delim><match><data>Enter color as \x22r\x2c g\x2c b\x22:</data></match></read>
    <write><data>38.0\x2c 19.0\x2c 62.0\x0a</data></write>
    <read><delim>\x0a</delim><match><data>Enter emission as \x22r\x2c g\x2c b\x22:</data></match></read>
    <write><data>2.0\x2c 24.0\x2c 47.0\x0a</data></write>
    <read><delim>\x0a</delim><match><data>Enter \x27s\x27 for sphere\x2c \x27p\x27 for plane\x2c \x27c\x27 for camera\x2c \x27r\x27 for render\x2c \x27q\x27 for quit\x0a</data></match></read>
    <write><data>r\x0a</data></write>
    <read><delim>\x0a</delim><match><data>40 40</data></match></read>
    <read><delim>\x0a</delim><match><data>82 219 215 82 219 215 82 219 215 82 219 215 82 219 215 82 219 215 82 219 215 82 219 215 82 219 215 82 219 215 82 219 215 82 219 215 82 219 215 82 219 215 82 219 215 82 219 215 82 219 215 82 219 215 82 219 215 82 219 215 82 219 215 82 219 215 82 219 215 82 219 215 82 219 215 82 219 215 57 178 241 57 178 241 181 232 155 181 232 155 181 232 155 181 232 155 181 232 155 181 232 155 181 232 155 181 232 155 181 232 155 181 232 155 181 232 155 181 232 155 82 219 215 82 219 215 82 219 215 82 219 215 82 219 215 82 219 215 82 219 215 82 219 215 82 219 215 82 219 215 82 219 215 82 219 215 82 219 215 82 219 215 82 219 215 82 219 215 82 219 215 82 219 215 82 219 215 82 219 215 82 219 215 82 219 215 82 219 215 82 219 215 82 219 215 82 219 215 57 178 241 57 178 241 181 232 155 181 232 155 181 232 155 181 232 155 181 232 155 181 232 155 181 232 155 181 232 155 181 232 155 181 232 155 181 232 155 181 232 155 82 219 215 82 219 215 82 219 215 82 219 215 82 219 215 82 219 215 82 219 215 82 219 215 82 219 215 82 219 215 82 219 215 82 219 215 82 219 215 82 219 215 82 219 215 82 219 215 82 219 215 82 219 215 82 219 215 82 219 215 82 219 215 82 219 215 82 219 215 82 219 215 82 219 215 82 219 215 82 219 215 57 178 241 57 178 241 181 232 155 181 232 155 181 232 155 181 232 155 181 232 155 181 232 155 181 232 155 181 232 155 181 232 155 181 232 155 181 232 155 82 219 215 82 219 215 82 219 215 82 219 215 82 219 215 82 219 215 82 219 215 82 219 215 82 219 215 82 219 215 82 219 215 82 219 215 82 219 215 82 219 215 82 219 215 82 219 215 82 219 215 82 219 215 82 219 215 82 219 215 82 219 215 82 219 215 82 219 215 82 219 215 82 219 215 82 219 215 82 219 215 57 178 241 57 178 241 57 178 241 181 232 155 181 232 155 181 232 155 181 232 155 181 232 155 181 232 155 181 232 155 181 232 155 181 232 155 181 232 155 82 219 215 82 219 215 82 219 215 82 219 215 82 219 215 82 219 215 82 219 215 82 219 215 82 219 215 82 219 215 82 219 215 82 219 215 82 219 215 82 219 215 82 219 215 82 219 215 82 219 215 82 219 215 82 219 215 82 219 215 82 219 215 82 219 215 82 219 215 82 219 215 82 219 215 82 219 215 82 219 215 57 178 241 57 178 241 57 178 241 57 178 241 181 232 155 181 232 155 181 232 155 181 232 155 181 232 155 181 232 155 181 232 155 181 232 155 181 232 155 82 219 215 82 219 215 82 219 215 82 219 215 82 219 215 82 219 215 82 219 215 82 219 215 82 219 215 82 219 215 82 219 215 82 219 215 82 219 215 82 219 215 82 219 215 82 219 215 82 219 215 82 219 215 82 219 215 82 219 215 82 219 215 82 219 215 82 219 215 82 219 215 82 219 215 82 219 215 82 219 215 82 219 215 57 178 241 57 178 241 57 178 241 57 178 241 181 232 155 181 232 155 181 232 155 181 232 155 181 232 155 181 232 155 181 232 155 181 232 155 82 219 215 82 219 215 82 219 215 82 219 215 82 219 215 82 219 215 82 219 215 82 219 215 82 219 215 82 219 215 82 219 215 82 219 215 82 219 215 82 219 215 82 219 215 82 219 215 82 219 215 82 219 215 82 219 215 82 219 215 82 219 215 82 219 215 82 219 215 82 219 215 82 219 215 82 219 215 82 219 215 82 219 215 57 178 241 57 178 241 57 178 241 57 178 241 57 178 241 57 178 241 181 232 155 181 232 155 181 232 155 181 232 155 181 232 155 181 232 155 82 219 215 82 219 215 82 219 215 82 219 215 82 219 215 82 219 215 82 219 215 82 219 215 82 219 215 82 219 215 82 219 215 82 219 215 82 219 215 82 219 215 82 219 215 82 219 215 82 219 215 82 219 215 82 219 215 82 219 215 82 219 215 82 219 215 82 219 215 82 219 215 82 219 215 82 219 215 82 219 215 82 219 215 57 178 241 57 178 241 57 178 241 57 178 241 57 178 241 57 178 241 57 178 241 181 232 155 181 232 155 181 232 155 181 232 155 181 232 155 82 219 215 82 219 215 82 219 215 82 219 215 82 219 215 82 219 215 82 219 215 82 219 215 82 219 215 82 219 215 82 219 215 82 219 215 82 219 215 82 219 215 82 219 215 82 219 215 82 219 215 82 219 215 82 219 215 82 219 215 82 219 215 82 219 215 82 219 215 82 219 215 82 219 215 82 219 215 82 219 215 82 219 215 82 219 215 57 178 241 57 178 241 57 178 241 57 178 241 57 178 241 57 178 241 57 178 241 57 178 241 181 232 155 181 232 155 181 232 155 82 219 215 82 219 215 82 219 215 82 219 215 82 219 215 82 219 215 82 219 215 82 219 215 82 219 215 82 219 215 82 219 215 82 219 215 82 219 215 82 219 215 82 219 215 82 219 215 82 219 215 82 219 215 82 219 215 82 219 215 82 219 215 82 219 215 82 219 215 82 219 215 82 219 215 82 219 215 82 219 215 82 219 215 82 219 215 57 178 241 57 178 241 57 178 241 57 178 241 57 178 241 57 178 241 57 178 241 57 178 241 57 178 241 57 178 241 181 232 155 82 219 215 82 219 215 82 219 215 82 219 215 82 219 215 82 219 215 82 219 215 82 219 215 82 219 215 82 219 215 82 219 215 82 219 215 82 219 215 82 219 215 82 219 215 82 219 215 82 219 215 82 219 215 82 219 215 82 219 215 82 219 215 82 219 215 82 219 215 82 219 215 82 219 215 82 219 215 82 219 215 82 219 215 82 219 215 57 178 241 57 178 241 57 178 241 57 178 241 57 178 241 57 178 241 57 178 241 57 178 241 57 178 241 57 178 241 57 178 241 82 219 215 82 219 215 82 219 215 82 219 215 82 219 215 82 219 215 82 219 215 82 219 215 82 219 215 82 219 215 82 219 215 82 219 215 82 219 215 82 219 215 82 219 215 82 219 215 82 219 215 82 219 215 82 219 215 82 219 215 82 219 215 82 219 215 82 219 215 82 219 215 82 219 215 82 219 215 82 219 215 82 219 215 82 219 215 82 219 215 57 178 241 57 178 241 57 178 241 57 178 241 57 178 241 57 178 241 57 178 241 57 178 241 57 178 241 57 178 241 82 219 215 82 219 215 82 219 215 82 219 215 82 219 215 82 219 215 82 219 215 82 219 215 82 219 215 82 219 215 82 219 215 82 219 215 82 219 215 82 219 215 82 219 215 82 219 215 82 219 215 82 219 215 82 219 215 82 219 215 82 219 215 82 219 215 82 219 215 82 219 215 82 219 215 82 219 215 82 219 215 82 219 215 82 219 215 82 219 215 57 178 241 57 178 241 57 178 241 57 178 241 57 178 241 57 178 241 57 178 241 57 178 241 57 178 241 57 178 241 82 219 215 82 219 215 82 219 215 82 219 215 82 219 215 82 219 215 82 219 215 82 219 215 82 219 215 82 219 215 82 219 215 82 219 215 82 219 215 82 219 215 82 219 215 82 219 215 82 219 215 82 219 215 82 219 215 82 219 215 82 219 215 82 219 215 82 219 215 82 219 215 82 219 215 82 219 215 82 219 215 82 219 215 82 219 215 82 219 215 57 178 241 57 178 241 57 178 241 57 178 241 57 178 241 57 178 241 57 178 241 57 178 241 57 178 241 57 178 241 82 219 215 82 219 215 82 219 215 82 219 215 82 219 215 82 219 215 82 219 215 82 219 215 82 219 215 82 219 215 82 219 215 82 219 215 82 219 215 82 219 215 82 219 215 82 219 215 82 219 215 82 219 215 82 219 215 82 219 215 82 219 215 82 219 215 82 219 215 82 219 215 82 219 215 82 219 215 82 219 215 82 219 215 82 219 215 82 219 215 82 219 215 57 178 241 57 178 241 57 178 241 57 178 241 57 178 241 57 178 241 57 178 241 57 178 241 57 178 241 82 219 215 82 219 215 82 219 215 82 219 215 82 219 215 82 219 215 82 219 215 82 219 215 82 219 215 82 219 215 82 219 215 82 219 215 82 219 215 82 219 215 82 219 215 82 219 215 82 219 215 82 219 215 82 219 215 82 219 215 82 219 215 82 219 215 82 219 215 82 219 215 82 219 215 82 219 215 82 219 215 82 219 215 82 219 215 82 219 215 82 219 215 57 178 241 57 178 241 57 178 241 57 178 241 57 178 241 57 178 241 57 178 241 57 178 241 57 178 241 82 219 215 82 219 215 82 219 215 82 219 215 82 219 215 82 219 215 82 219 215 82 219 215 82 219 215 82 219 215 82 219 215 82 219 215 82 219 215 82 219 215 82 219 215 82 219 215 82 219 215 82 219 215 82 219 215 82 219 215 82 219 215 82 219 215 82 219 215 82 219 215 82 219 215 82 219 215 82 219 215 82 219 215 82 219 215 82 219 215 82 219 215 82 219 215 57 178 241 57 178 241 57 178 241 57 178 241 57 178 241 57 178 241 57 178 241 57 178 241 82 219 215 82 219 215 82 219 215 82 219 215 82 219 215 82 219 215 82 219 215 82 219 215 82 219 215 82 219 215 82 219 215 82 219 215 82 219 215 82 219 215 82 219 215 82 219 215 82 219 215 82 219 215 82 219 215 82 219 215 82 219 215 82 219 215 82 219 215 82 219 215 82 219 215 82 219 215 82 219 215 82 219 215 82 219 215 82 219 215 82 219 215 82 219 215 57 178 241 57 178 241 57 178 241 57 178 241 57 178 241 57 178 241 57 178 241 57 178 241 82 219 215 82 219 215 82 219 215 82 219 215 82 219 215 82 219 215 82 219 215 82 219 215 82 219 215 82 219 215 82 219 215 82 219 215 82 219 215 82 219 215 82 219 215 82 219 215 82 219 215 82 219 215 82 219 215 82 219 215 82 219 215 82 219 215 82 219 215 82 219 215 82 219 215 82 219 215 82 219 215 82 219 215 82 219 215 82 219 215 82 219 215 82 219 215 57 178 241 57 178 241 57 178 241 57 178 241 57 178 241 57 178 241 57 178 241 57 178 241 82 219 215 82 219 215 82 219 215 82 219 215 82 219 215 82 219 215 82 219 215 82 219 215 82 219 215 82 219 215 82 219 215 82 219 215 82 219 215 82 219 215 82 219 215 82 219 215 82 219 215 82 219 215 82 219 215 82 219 215 82 219 215 82 219 215 82 219 215 82 219 215 82 219 215 82 219 215 82 219 215 82 219 215 82 219 215 82 219 215 82 219 215 82 219 215 82 219 215 57 178 241 57 178 241 57 178 241 57 178 241 57 178 241 57 178 241 57 178 241 82 219 215 82 219 215 82 219 215 82 219 215 82 219 215 82 219 215 82 219 215 82 219 215 82 219 215 82 219 215 82 219 215 82 219 215 82 219 215 82 219 215 82 219 215 82 219 215 82 219 215 82 219 215 82 219 215 82 219 215 82 219 215 82 219 215 82 219 215 82 219 215 82 219 215 82 219 215 82 219 215 82 219 215 82 219 215 82 219 215 82 219 215 82 219 215 82 219 215 57 178 241 57 178 241 57 178 241 57 178 241 57 178 241 57 178 241 57 178 241 82 219 215 82 219 215 82 219 215 82 219 215 82 219 215 82 219 215 82 219 215 82 219 215 82 219 215 82 219 215 82 219 215 82 219 215 82 219 215 82 219 215 82 219 215 82 219 215 82 219 215 82 219 215 82 219 215 82 219 215 82 219 215 82 219 215 82 219 215 82 219 215 82 219 215 82 219 215 82 219 215 82 219 215 82 219 215 82 219 215 82 219 215 82 219 215 82 219 215 57 178 241 57 178 241 57 178 241 57 178 241 57 178 241 57 178 241 57 178 241 82 219 215 82 219 215 82 219 215 82 219 215 82 219 215 82 219 215 82 219 215 82 219 215 82 219 215 82 219 215 82 219 215 82 219 215 82 219 215 82 219 215 82 219 215 82 219 215 82 219 215 82 219 215 82 219 215 82 219 215 82 219 215 82 219 215 82 219 215 82 219 215 82 219 215 82 219 215 82 219 215 82 219 215 82 219 215 82 219 215 82 219 215 82 219 215 82 219 215 82 219 215 57 178 241 57 178 241 57 178 241 57 178 241 57 178 241 57 178 241 82 219 215 82 219 215 82 219 215 82 219 215 82 219 215 82 219 215 82 219 215 82 219 215 82 219 215 82 219 215 82 219 215 82 219 215 82 219 215 82 219 215 82 219 215 82 219 215 82 219 215 82 219 215 82 219 215 82 219 215 82 219 215 82 219 215 82 219 215 82 219 215 82 219 215 82 219 215 82 219 215 82 219 215 82 219 215 82 219 215 82 219 215 82 219 215 82 219 215 82 219 215 57 178 241 57 178 241 57 178 241 57 178 241 57 178 241 57 178 241 82 219 215 82 219 215 82 219 215 82 219 215 82 219 215 82 219 215 82 219 215 82 219 215 82 219 215 82 219 215 82 219 215 82 219 215 82 219 215 82 219 215 82 219 215 82 219 215 82 219 215 82 219 215 82 219 215 82 219 215 82 219 215 82 219 215 82 219 215 82 219 215 82 219 215 82 219 215 82 219 215 82 219 215 82 219 215 82 219 215 82 219 215 82 219 215 82 219 215 82 219 215 57 178 241 57 178 241 57 178 241 57 178 241 57 178 241 57 178 241 82 219 215 82 219 215 82 219 215 82 219 215 82 219 215 82 219 215 82 219 215 82 219 215 82 219 215 82 219 215 82 219 215 82 219 215 82 219 215 82 219 215 82 219 215 82 219 215 82 219 215 82 219 215 82 219 215 82 219 215 82 219 215 82 219 215 82 219 215 82 219 215 82 219 215 82 219 215 82 219 215 82 219 215 82 219 215 82 219 215 82 219 215 82 219 215 82 219 215 82 219 215 82 219 215 57 178 241 57 178 241 57 178 241 57 178 241 57 178 241 82 219 215 82 219 215 82 219 215 82 219 215 82 219 215 82 219 215 82 219 215 82 219 215 82 219 215 82 219 215 82 219 215 82 219 215 82 219 215 82 219 215 82 219 215 82 219 215 82 219 215 82 219 215 82 219 215 82 219 215 82 219 215 82 219 215 82 219 215 82 219 215 82 219 215 82 219 215 82 219 215 82 219 215 82 219 215 82 219 215 82 219 215 82 219 215 82 219 215 82 219 215 82 219 215 57 178 241 57 178 241 57 178 241 57 178 241 57 178 241 82 219 215 82 219 215 82 219 215 82 219 215 82 219 215 82 219 215 82 219 215 82 219 215 82 219 215 82 219 215 82 219 215 82 219 215 82 219 215 82 219 215 82 219 215 82 219 215 82 219 215 82 219 215 82 219 215 82 219 215 82 219 215 82 219 215 82 219 215 82 219 215 82 219 215 82 219 215 82 219 215 82 219 215 82 219 215 82 219 215 82 219 215 82 219 215 82 219 215 82 219 215 82 219 215 57 178 241 57 178 241 57 178 241 57 178 241 57 178 241 82 219 215 82 219 215 82 219 215 82 219 215 82 219 215 82 219 215 82 219 215 82 219 215 82 219 215 82 219 215 82 219 215 82 219 215 82 219 215 82 219 215 82 219 215 82 219 215 82 219 215 82 219 215 82 219 215 82 219 215 82 219 215 82 219 215 82 219 215 82 219 215 82 219 215 82 219 215 82 219 215 82 219 215 82 219 215 82 219 215 82 219 215 82 219 215 82 219 215 82 219 215 82 219 215 82 219 215 57 178 241 57 178 241 57 178 241 57 178 241 82 219 215 82 219 215 82 219 215 82 219 215 82 219 215 82 219 215 82 219 215 82 219 215 82 219 215 82 219 215 82 219 215 82 219 215 82 219 215 82 219 215 82 219 215 82 219 215 82 219 215 82 219 215 82 219 215 82 219 215 82 219 215 82 219 215 82 219 215 82 219 215 82 219 215 82 219 215 82 219 215 82 219 215 82 219 215 82 219 215 82 219 215 82 219 215 82 219 215 82 219 215 82 219 215 82 219 215 57 178 241 57 178 241 57 178 241 57 178 241 82 219 215 82 219 215 82 219 215 82 219 215 82 219 215 82 219 215 82 219 215 82 219 215 82 219 215 82 219 215 82 219 215 82 219 215 82 219 215 82 219 215 82 219 215 82 219 215 82 219 215 82 219 215 82 219 215 82 219 215 82 219 215 82 219 215 82 219 215 82 219 215 82 219 215 82 219 215 82 219 215 82 219 215 82 219 215 82 219 215 82 219 215 82 219 215 82 219 215 82 219 215 82 219 215 82 219 215 57 178 241 57 178 241 57 178 241 57 178 241 82 219 215 82 219 215 82 219 215 82 219 215 82 219 215 82 219 215 82 219 215 82 219 215 82 219 215 82 219 215 82 219 215 82 219 215 82 219 215 82 219 215 82 219 215 82 219 215 82 219 215 82 219 215 82 219 215 82 219 215 82 219 215 82 219 215 82 219 215 82 219 215 82 219 215 82 219 215 82 219 215 82 219 215 82 219 215 82 219 215 82 219 215 82 219 215 82 219 215 82 219 215 82 219 215 82 219 215 82 219 215 57 178 241 57 178 241 57 178 241 82 219 215 82 219 215 82 219 215 82 219 215 82 219 215 82 219 215 82 219 215 82 219 215 82 219 215 82 219 215 82 219 215 82 219 215 82 219 215 82 219 215 82 219 215 82 219 215 82 219 215 82 219 215 82 219 215 82 219 215 82 219 215 82 219 215 82 219 215 82 219 215 82 219 215 82 219 215 82 219 215 82 219 215 82 219 215 82 219 215 82 219 215 82 219 215 82 219 215 82 219 215 82 219 215 82 219 215 82 219 215 57 178 241 57 178 241 57 178 241 82 219 215 82 219 215 82 219 215 82 219 215 82 219 215 82 219 215 82 219 215 82 219 215 82 219 215 82 219 215 82 219 215 82 219 215 82 219 215 82 219 215 82 219 215 82 219 215 82 219 215 82 219 215 82 219 215 82 219 215 82 219 215 82 219 215 82 219 215 82 219 215 82 219 215 82 219 215 82 219 215 82 219 215 82 219 215 82 219 215 82 219 215 82 219 215 82 219 215 82 219 215 82 219 215 82 219 215 82 219 215 57 178 241 57 178 241 57 178 241 82 219 215 82 219 215 82 219 215 82 219 215 82 219 215 82 219 215 82 219 215 82 219 215 82 219 215 82 219 215 82 219 215 82 219 215 82 219 215 82 219 215 82 219 215 82 219 215 82 219 215 82 219 215 82 219 215 82 219 215 82 219 215 82 219 215 82 219 215 82 219 215 82 219 215 82 219 215 82 219 215 82 219 215 82 219 215 82 219 215 82 219 215 82 219 215 82 219 215 82 219 215 82 219 215 82 219 215 82 219 215 82 219 215 57 178 241 57 178 241 82 219 215 82 219 215 82 219 215 82 219 215 82 219 215 82 219 215 82 219 215 82 219 215 82 219 215 82 219 215 82 219 215 82 219 215 82 219 215 82 219 215 82 219 215 82 219 215 82 219 215 82 219 215 82 219 215 82 219 215 82 219 215 82 219 215 82 219 215 82 219 215 82 219 215 82 219 215 82 219 215 82 219 215 82 219 215 82 219 215 82 219 215 82 219 215 82 219 215 82 219 215 82 219 215 82 219 215 82 219 215 82 219 215 57 178 241 57 178 241 82 219 215 82 219 215 82 219 215 82 219 215 82 219 215 82 219 215 82 219 215 82 219 215 82 219 215 82 219 215 82 219 215 82 219 215 82 219 215 82 219 215 82 219 215 82 219 215 82 219 215 82 219 215 82 219 215 82 219 215 82 219 215 82 219 215 82 219 215 82 219 215 82 219 215 82 219 215 82 219 215 82 219 215 82 219 215 82 219 215 82 219 215 82 219 215 82 219 215 82 219 215 82 219 215 82 219 215 82 219 215 82 219 215 57 178 241 57 178 241 82 219 215 82 219 215 82 219 215 82 219 215 82 219 215 82 219 215 82 219 215 82 219 215 82 219 215 82 219 215 82 219 215 82 219 215 82 219 215 82 219 215 82 219 215 82 219 215 82 219 215 82 219 215 82 219 215 82 219 215 82 219 215 82 219 215 82 219 215 82 219 215 82 219 215 82 219 215 82 219 215 82 219 215 82 219 215 82 219 215 82 219 215 82 219 215 82 219 215 82 219 215 82 219 215 82 219 215 82 219 215 82 219 215 82 219 215 57 178 241 82 219 215 82 219 215 82 219 215 82 219 215 82 219 215 82 219 215 82 219 215 82 219 215 82 219 215 82 219 215 82 219 215 82 219 215 82 219 215 82 219 215 82 219 215 82 219 215 82 219 215 82 219 215 82 219 215 82 219 215 82 219 215 82 219 215 82 219 215 82 219 215 82 219 215 82 219 215 82 219 215 82 219 215 82 219 215 82 219 215 82 219 215 82 219 215 82 219 215 82 219 215 82 219 215 82 219 215 82 219 215 82 219 215 82 219 215 57 178 241 82 219 215 82 219 215 82 219 215 82 219 215 82 219 215 82 219 215 82 219 215 82 219 215 82 219 215 82 219 215 82 219 215 82 219 215 82 219 215 82 219 215 82 219 215 82 219 215 82 219 215 82 219 215 82 219 215 82 219 215 82 219 215 82 219 215 82 219 215 82 219 215 82 219 215 82 219 215 82 219 215 82 219 215 82 219 215 82 219 215 82 219 215 82 219 215 82 219 215 82 219 215 82 219 215 82 219 215 82 219 215 82 219 215 82 219 215 57 178 241 </data></match></read>
    <read><length>9</length><match><data>00000040\x0a</data></match></read>
    <read><delim>\x0a</delim><match><data>Enter \x27s\x27 for sphere\x2c \x27p\x27 for plane\x2c \x27c\x27 for camera\x2c \x27r\x27 for render\x2c \x27q\x27 for quit\x0a</data></match></read>
    <write><data>q\x0a</data></write>
</replay>
</pov>