<?xml version="1.0" standalone="no" ?>
<!DOCTYPE pov SYSTEM "/usr/share/cgc-docs/replay.dtd">
<pov>
<cbid>service</cbid>
<seed>8a8e976d547d1673e4e7d6a3734a92290dcf3781b5b2507ad975a0d7a5a2ea6db119551d41c2ad53eff6cc27bcb5796b</seed>
<replay>
    <read><delim>\x0a</delim><match><data>Enter \x27s\x27 for sphere\x2c \x27p\x27 for plane\x2c \x27c\x27 for camera\x2c \x27r\x27 for render\x2c \x27q\x27 for quit\x0a</data></match></read>
    <write><data>c\x0a</data></write>
    <read><delim>\x0a</delim><match><data>Enter camera position as \x22x\x2c y\x2c z\x22:</data></match></read>
    <write><data>\x2d98.0\x2c \x2d93.0\x2c 9.0\x0a</data></write>
    <read><delim>\x0a</delim><match><data>Enter camera direction as \x22x\x2c y\x2c z\x22:</data></match></read>
    <write><data>89.0\x2c 47.0\x2c 26.0\x0a</data></write>
    <read><delim>\x0a</delim><match><data>Enter camera fov:</data></match></read>
    <write><data>c\x5fdouble\x280.3\x29\x0a</data></write>
    <read><delim>\x0a</delim><match><data>Enter \x27s\x27 for sphere\x2c \x27p\x27 for plane\x2c \x27c\x27 for camera\x2c \x27r\x27 for render\x2c \x27q\x27 for quit\x0a</data></match></read>
    <write><data>s\x0a</data></write>
    <read><delim>\x0a</delim><match><data>Enter \x27d\x27 for diffuse\x2c \x27s\x27 for specular:</data></match></read>
    <write><data>d\x0a</data></write>
    <read><delim>\x0a</delim><match><data>Enter radius:</data></match></read>
    <write><data>51.0\x0a</data></write>
    <read><delim>\x0a</delim><match><data>Enter position as \x22x\x2c y\x2c z\x22:</data></match></read>
    <write><data>\x2d26.0\x2c 85.0\x2c 97.0\x0a</data></write>
    <read><delim>\x0a</delim><match><data>Enter color as \x22r\x2c g\x2c b\x22:</data></match></read>
    <write><data>74.0\x2c 95.0\x2c 84.0\x0a</data></write>
    <read><delim>\x0a</delim><match><data>Enter emission as \x22r\x2c g\x2c b\x22:</data></match></read>
    <write><data>0.0\x2c 0.0\x2c 0.0\x0a</data></write>
    <read><delim>\x0a</delim><match><data>Enter \x27s\x27 for sphere\x2c \x27p\x27 for plane\x2c \x27c\x27 for camera\x2c \x27r\x27 for render\x2c \x27q\x27 for quit\x0a</data></match></read>
    <write><data>q\x0a</data></write>
</replay>
</pov>