<?xml version="1.0" standalone="no" ?>
<!DOCTYPE pov SYSTEM "/usr/share/cgc-docs/replay.dtd">
<pov>
<cbid>service</cbid>
<seed>ecd431355648d33ee5242c4ba1425991be2010b8aa86c80504fa38c90047bdb7fef7ed729437fa976df2bf390bb34cc4</seed>
<replay>
    <read><delim>\x0a</delim><match><data>Enter \x27s\x27 for sphere\x2c \x27p\x27 for plane\x2c \x27c\x27 for camera\x2c \x27r\x27 for render\x2c \x27q\x27 for quit\x0a</data></match></read>
    <write><data>p\x0a</data></write>
    <read><delim>\x0a</delim><match><data>Enter \x27d\x27 for diffuse\x2c \x27s\x27 for specular:</data></match></read>
    <write><data>s\x0a</data></write>
    <read><delim>\x0a</delim><match><data>Enter normal as \x22x\x2c y\x2c z\x22:</data></match></read>
    <write><data>36.0\x2c 11.0\x2c 82.0\x0a</data></write>
    <read><delim>\x0a</delim><match><data>Enter position as \x22x\x2c y\x2c z\x22:</data></match></read>
    <write><data>\x2d58.0\x2c \x2d6.0\x2c 84.0\x0a</data></write>
    <read><delim>\x0a</delim><match><data>Enter color as \x22r\x2c g\x2c b\x22:</data></match></read>
    <write><data>35.0\x2c 57.0\x2c 89.0\x0a</data></write>
    <read><delim>\x0a</delim><match><data>Enter emission as \x22r\x2c g\x2c b\x22:</data></match></read>
    <write><data>43.0\x2c 97.0\x2c 68.0\x0a</data></write>
    <read><delim>\x0a</delim><match><data>Enter \x27s\x27 for sphere\x2c \x27p\x27 for plane\x2c \x27c\x27 for camera\x2c \x27r\x27 for render\x2c \x27q\x27 for quit\x0a</data></match></read>
    <write><data>q\x0a</data></write>
</replay>
</pov>