<?xml version="1.0" standalone="no" ?>
<!DOCTYPE pov SYSTEM "/usr/share/cgc-docs/replay.dtd">
<pov>
<cbid>service</cbid>
<seed>de0365dbca6701789735efa3ac93dcc8667de5ae13004ac94638300860c9f8973c2102a43009ec12c235b62dcf50cd9a</seed>
<replay>
    <read><delim>\x0a</delim><match><data>Enter \x27s\x27 for sphere\x2c \x27p\x27 for plane\x2c \x27c\x27 for camera\x2c \x27r\x27 for render\x2c \x27q\x27 for quit\x0a</data></match></read>
    <write><data>s\x0a</data></write>
    <read><delim>\x0a</delim><match><data>Enter \x27d\x27 for diffuse\x2c \x27s\x27 for specular:</data></match></read>
    <write><data>d\x0a</data></write>
    <read><delim>\x0a</delim><match><data>Enter radius:</data></match></read>
    <write><data>61.0\x0a</data></write>
    <read><delim>\x0a</delim><match><data>Enter position as \x22x\x2c y\x2c z\x22:</data></match></read>
    <write><data>\x2d45.0\x2c \x2d19.0\x2c 88.0\x0a</data></write>
    <read><delim>\x0a</delim><match><data>Enter color as \x22r\x2c g\x2c b\x22:</data></match></read>
    <write><data>63.0\x2c 62.0\x2c 62.0\x0a</data></write>
    <read><delim>\x0a</delim><match><data>Enter emission as \x22r\x2c g\x2c b\x22:</data></match></read>
    <write><data>82.0\x2c 92.0\x2c 100.0\x0a</data></write>
    <read><delim>\x0a</delim><match><data>Enter \x27s\x27 for sphere\x2c \x27p\x27 for plane\x2c \x27c\x27 for camera\x2c \x27r\x27 for render\x2c \x27q\x27 for quit\x0a</data></match></read>
    <write><data>s\x0a</data></write>
    <read><delim>\x0a</delim><match><data>Enter \x27d\x27 for diffuse\x2c \x27s\x27 for specular:</data></match></read>
    <write><data>d\x0a</data></write>
    <read><delim>\x0a</delim><match><data>Enter radius:</data></match></read>
    <write><data>70.0\x0a</data></write>
    <read><delim>\x0a</delim><match><data>Enter position as \x22x\x2c y\x2c z\x22:</data></match></read>
    <write><data>\x2d36.0\x2c 60.0\x2c \x2d68.0\x0a</data></write>
    <read><delim>\x0a</delim><match><data>Enter color as \x22r\x2c g\x2c b\x22:</data></match></read>
    <write><data>88.0\x2c 45.0\x2c 39.0\x0a</data></write>
    <read><delim>\x0a</delim><match><data>Enter emission as \x22r\x2c g\x2c b\x22:</data></match></read>
    <write><data>45.0\x2c 27.0\x2c 19.0\x0a</data></write>
    <read><delim>\x0a</delim><match><data>Enter \x27s\x27 for sphere\x2c \x27p\x27 for plane\x2c \x27c\x27 for camera\x2c \x27r\x27 for render\x2c \x27q\x27 for quit\x0a</data></match></read>
    <write><data>d\x0a</data></write>
    <read><delim>\x0a</delim><match><data>No such command!\x0a</data></match></read>
    <read><delim>\x0a</delim><match><data>Enter \x27s\x27 for sphere\x2c \x27p\x27 for plane\x2c \x27c\x27 for camera\x2c \x27r\x27 for render\x2c \x27q\x27 for quit\x0a</data></match></read>
    <write><data>c\x0a</data></write>
    <read><delim>\x0a</delim><match><data>Enter camera position as \x22x\x2c y\x2c z\x22:</data></match></read>
    <write><data>\x2d27.0\x2c 17.0\x2c \x2d43.0\x0a</data></write>
    <read><delim>\x0a</delim><match><data>Enter camera direction as \x22x\x2c y\x2c z\x22:</data></match></read>
    <write><data>40.0\x2c 23.0\x2c 5.0\x0a</data></write>
    <read><delim>\x0a</delim><match><data>Enter camera fov:</data></match></read>
    <write><data>c\x5fdouble\x280.3\x29\x0a</data></write>
    <read><delim>\x0a</delim><match><data>Enter \x27s\x27 for sphere\x2c \x27p\x27 for plane\x2c \x27c\x27 for camera\x2c \x27r\x27 for render\x2c \x27q\x27 for quit\x0a</data></match></read>
    <write><data>s\x0a</data></write>
    <read><delim>\x0a</delim><match><data>Enter \x27d\x27 for diffuse\x2c \x27s\x27 for specular:</data></match></read>
    <write><data>d\x0a</data></write>
    <read><delim>\x0a</delim><match><data>Enter radius:</data></match></read>
    <write><data>61.0\x0a</data></write>
    <read><delim>\x0a</delim><match><data>Enter position as \x22x\x2c y\x2c z\x22:</data></match></read>
    <write><data>10.0\x2c \x2d53.0\x2c 15.0\x0a</data></write>
    <read><delim>\x0a</delim><match><data>Enter color as \x22r\x2c g\x2c b\x22:</data></match></read>
    <write><data>61.0\x2c 54.0\x2c 70.0\x0a</data></write>
    <read><delim>\x0a</delim><match><data>Enter emission as \x22r\x2c g\x2c b\x22:</data></match></read>
    <write><data>0.0\x2c 0.0\x2c 0.0\x0a</data></write>
    <read><delim>\x0a</delim><match><data>Enter \x27s\x27 for sphere\x2c \x27p\x27 for plane\x2c \x27c\x27 for camera\x2c \x27r\x27 for render\x2c \x27q\x27 for quit\x0a</data></match></read>
    <write><data>r\x0a</data></write>
    <read><delim>\x0a</delim><match><data>40 40</data></match></read>
    <read><delim>\x0a</delim><match><data>231 183 156 231 183 156 231 183 156 231 183 156 231 183 156 231 183 156 231 183 156 231 183 156 231 183 156 231 183 156 231 183 156 231 183 156 231 183 156 231 183 156 231 183 156 231 183 156 231 183 156 231 183 156 231 183 156 231 183 156 231 183 156 231 183 156 231 183 156 231 183 156 231 183 156 231 183 156 231 183 156 231 183 156 231 183 156 231 183 156 231 183 156 231 183 156 231 183 156 231 183 156 231 183 156 231 183 156 231 183 156 231 183 156 231 183 156 231 183 156 231 183 156 231 183 156 231 183 156 231 183 156 231 183 156 231 183 156 231 183 156 231 183 156 231 183 156 231 183 156 231 183 156 231 183 156 231 183 156 231 183 156 231 183 156 231 183 156 231 183 156 231 183 156 231 183 156 231 183 156 231 183 156 231 183 156 231 183 156 231 183 156 231 183 156 231 183 156 231 183 156 231 183 156 231 183 156 231 183 156 231 183 156 231 183 156 231 183 156 231 183 156 231 183 156 231 183 156 231 183 156 231 183 156 231 183 156 231 183 156 231 183 156 231 183 156 231 183 156 231 183 156 231 183 156 231 183 156 231 183 156 231 183 156 231 183 156 231 183 156 231 183 156 231 183 156 231 183 156 231 183 156 231 183 156 231 183 156 231 183 156 231 183 156 231 183 156 231 183 156 231 183 156 231 183 156 231 183 156 231 183 156 231 183 156 231 183 156 231 183 156 231 183 156 231 183 156 231 183 156 231 183 156 231 183 156 231 183 156 231 183 156 231 183 156 231 183 156 231 183 156 231 183 156 231 183 156 231 183 156 231 183 156 231 183 156 231 183 156 231 183 156 231 183 156 231 183 156 231 183 156 231 183 156 231 183 156 231 183 156 231 183 156 231 183 156 231 183 156 231 183 156 231 183 156 231 183 156 231 183 156 231 183 156 231 183 156 231 183 156 231 183 156 231 183 156 231 183 156 231 183 156 231 183 156 231 183 156 231 183 156 231 183 156 231 183 156 231 183 156 231 183 156 231 183 156 231 183 156 231 183 156 231 183 156 231 183 156 231 183 156 231 183 156 231 183 156 231 183 156 231 183 156 231 183 156 231 183 156 231 183 156 231 183 156 231 183 156 231 183 156 231 183 156 231 183 156 231 183 156 231 183 156 231 183 156 231 183 156 231 183 156 231 183 156 231 183 156 231 183 156 231 183 156 231 183 156 231 183 156 231 183 156 231 183 156 231 183 156 231 183 156 231 183 156 231 183 156 231 183 156 231 183 156 231 183 156 231 183 156 231 183 156 231 183 156 231 183 156 231 183 156 231 183 156 231 183 156 231 183 156 231 183 156 231 183 156 231 183 156 231 183 156 231 183 156 231 183 156 231 183 156 231 183 156 231 183 156 231 183 156 231 183 156 231 183 156 231 183 156 231 183 156 231 183 156 231 183 156 231 183 156 231 183 156 231 183 156 231 183 156 231 183 156 231 183 156 231 183 156 231 183 156 231 183 156 231 183 156 231 183 156 231 183 156 231 183 156 231 183 156 231 183 156 231 183 156 231 183 156 231 183 156 231 183 156 231 183 156 231 183 156 231 183 156 231 183 156 231 183 156 231 183 156 231 183 156 231 183 156 231 183 156 231 183 156 231 183 156 231 183 156 231 183 156 231 183 156 231 183 156 231 183 156 231 183 156 231 183 156 231 183 156 231 183 156 231 183 156 231 183 156 231 183 156 231 183 156 231 183 156 231 183 156 231 183 156 231 183 156 231 183 156 231 183 156 231 183 156 231 183 156 231 183 156 231 183 156 231 183 156 231 183 156 231 183 156 231 183 156 231 183 156 231 183 156 231 183 156 231 183 156 231 183 156 231 183 156 231 183 156 231 183 156 231 183 156 231 183 156 231 183 156 231 183 156 231 183 156 231 183 156 231 183 156 231 183 156 231 183 156 231 183 156 231 183 156 231 183 156 231 183 156 231 183 156 231 183 156 231 183 156 231 183 156 231 183 156 231 183 156 231 183 156 231 183 156 231 183 156 231 183 156 231 183 156 231 183 156 231 183 156 231 183 156 231 183 156 231 183 156 231 183 156 231 183 156 231 183 156 231 183 156 231 183 156 231 183 156 231 183 156 231 183 156 231 183 156 231 183 156 231 183 156 231 183 156 231 183 156 231 183 156 231 183 156 231 183 156 231 183 156 231 183 156 231 183 156 231 183 156 231 183 156 231 183 156 231 183 156 231 183 156 231 183 156 231 183 156 231 183 156 231 183 156 231 183 156 231 183 156 231 183 156 231 183 156 231 183 156 231 183 156 231 183 156 231 183 156 231 183 156 231 183 156 231 183 156 231 183 156 231 183 156 231 183 156 231 183 156 231 183 156 231 183 156 231 183 156 231 183 156 231 183 156 231 183 156 231 183 156 231 183 156 231 183 156 231 183 156 231 183 156 231 183 156 231 183 156 231 183 156 231 183 156 231 183 156 231 183 156 231 183 156 231 183 156 231 183 156 231 183 156 231 183 156 231 183 156 231 183 156 231 183 156 231 183 156 231 183 156 231 183 156 231 183 156 231 183 156 231 183 156 231 183 156 231 183 156 231 183 156 231 183 156 231 183 156 231 183 156 231 183 156 231 183 156 231 183 156 231 183 156 231 183 156 231 183 156 231 183 156 231 183 156 231 183 156 231 183 156 231 183 156 231 183 156 231 183 156 231 183 156 231 183 156 231 183 156 231 183 156 231 183 156 231 183 156 231 183 156 231 183 156 231 183 156 231 183 156 231 183 156 231 183 156 231 183 156 231 183 156 231 183 156 231 183 156 231 183 156 231 183 156 231 183 156 231 183 156 231 183 156 231 183 156 231 183 156 231 183 156 231 183 156 231 183 156 231 183 156 231 183 156 231 183 156 231 183 156 231 183 156 231 183 156 231 183 156 231 183 156 231 183 156 231 183 156 231 183 156 231 183 156 231 183 156 231 183 156 231 183 156 231 183 156 231 183 156 231 183 156 231 183 156 231 183 156 231 183 156 231 183 156 231 183 156 231 183 156 231 183 156 231 183 156 231 183 156 231 183 156 231 183 156 231 183 156 231 183 156 231 183 156 231 183 156 231 183 156 231 183 156 231 183 156 231 183 156 231 183 156 231 183 156 231 183 156 231 183 156 231 183 156 231 183 156 231 183 156 231 183 156 231 183 156 231 183 156 231 183 156 231 183 156 231 183 156 231 183 156 231 183 156 231 183 156 231 183 156 231 183 156 231 183 156 231 183 156 231 183 156 231 183 156 231 183 156 231 183 156 231 183 156 231 183 156 231 183 156 231 183 156 231 183 156 231 183 156 231 183 156 231 183 156 231 183 156 231 183 156 231 183 156 231 183 156 231 183 156 231 183 156 231 183 156 231 183 156 231 183 156 231 183 156 231 183 156 231 183 156 231 183 156 231 183 156 231 183 156 231 183 156 231 183 156 231 183 156 231 183 156 231 183 156 231 183 156 231 183 156 231 183 156 231 183 156 231 183 156 231 183 156 231 183 156 231 183 156 231 183 156 231 183 156 231 183 156 231 183 156 231 183 156 231 183 156 231 183 156 231 183 156 231 183 156 231 183 156 231 183 156 231 183 156 231 183 156 231 183 156 231 183 156 231 183 156 231 183 156 231 183 156 231 183 156 231 183 156 231 183 156 231 183 156 231 183 156 231 183 156 231 183 156 231 183 156 231 183 156 231 183 156 231 183 156 231 183 156 231 183 156 231 183 156 231 183 156 231 183 156 231 183 156 231 183 156 231 183 156 231 183 156 231 183 156 231 183 156 231 183 156 231 183 156 231 183 156 231 183 156 231 183 156 231 183 156 231 183 156 231 183 156 231 183 156 231 183 156 231 183 156 231 183 156 231 183 156 231 183 156 231 183 156 231 183 156 231 183 156 231 183 156 231 183 156 231 183 156 231 183 156 231 183 156 231 183 156 231 183 156 231 183 156 231 183 156 231 183 156 231 183 156 231 183 156 231 183 156 231 183 156 231 183 156 231 183 156 231 183 156 231 183 156 231 183 156 231 183 156 231 183 156 231 183 156 231 183 156 231 183 156 231 183 156 231 183 156 231 183 156 231 183 156 231 183 156 231 183 156 231 183 156 231 183 156 231 183 156 231 183 156 231 183 156 231 183 156 231 183 156 231 183 156 231 183 156 231 183 156 231 183 156 231 183 156 231 183 156 231 183 156 231 183 156 231 183 156 231 183 156 231 183 156 231 183 156 231 183 156 231 183 156 231 183 156 231 183 156 231 183 156 231 183 156 231 183 156 231 183 156 231 183 156 231 183 156 231 183 156 231 183 156 231 183 156 231 183 156 231 183 156 231 183 156 231 183 156 231 183 156 231 183 156 231 183 156 231 183 156 231 183 156 231 183 156 231 183 156 231 183 156 231 183 156 231 183 156 231 183 156 231 183 156 231 183 156 231 183 156 231 183 156 231 183 156 231 183 156 231 183 156 231 183 156 231 183 156 231 183 156 231 183 156 231 183 156 231 183 156 231 183 156 231 183 156 231 183 156 231 183 156 231 183 156 231 183 156 231 183 156 231 183 156 231 183 156 231 183 156 231 183 156 231 183 156 231 183 156 231 183 156 231 183 156 231 183 156 231 183 156 231 183 156 231 183 156 231 183 156 231 183 156 231 183 156 231 183 156 231 183 156 231 183 156 231 183 156 231 183 156 231 183 156 231 183 156 231 183 156 231 183 156 231 183 156 231 183 156 231 183 156 231 183 156 231 183 156 231 183 156 231 183 156 231 183 156 231 183 156 231 183 156 231 183 156 231 183 156 231 183 156 231 183 156 231 183 156 231 183 156 231 183 156 231 183 156 231 183 156 231 183 156 231 183 156 231 183 156 231 183 156 231 183 156 231 183 156 231 183 156 231 183 156 231 183 156 231 183 156 231 183 156 231 183 156 231 183 156 231 183 156 231 183 156 231 183 156 231 183 156 231 183 156 231 183 156 231 183 156 231 183 156 231 183 156 231 183 156 231 183 156 231 183 156 231 183 156 231 183 156 231 183 156 231 183 156 231 183 156 231 183 156 231 183 156 231 183 156 231 183 156 231 183 156 231 183 156 231 183 156 231 183 156 231 183 156 231 183 156 231 183 156 231 183 156 231 183 156 231 183 156 231 183 156 231 183 156 231 183 156 231 183 156 231 183 156 231 183 156 231 183 156 231 183 156 231 183 156 231 183 156 231 183 156 231 183 156 231 183 156 231 183 156 231 183 156 231 183 156 231 183 156 231 183 156 231 183 156 231 183 156 231 183 156 231 183 156 231 183 156 231 183 156 231 183 156 231 183 156 231 183 156 231 183 156 231 183 156 231 183 156 231 183 156 231 183 156 231 183 156 231 183 156 231 183 156 231 183 156 231 183 156 231 183 156 231 183 156 231 183 156 231 183 156 231 183 156 231 183 156 231 183 156 231 183 156 231 183 156 231 183 156 231 183 156 231 183 156 231 183 156 231 183 156 231 183 156 231 183 156 231 183 156 231 183 156 231 183 156 231 183 156 231 183 156 231 183 156 231 183 156 231 183 156 231 183 156 231 183 156 231 183 156 231 183 156 231 183 156 231 183 156 231 183 156 231 183 156 231 183 156 231 183 156 231 183 156 231 183 156 231 183 156 231 183 156 231 183 156 231 183 156 231 183 156 231 183 156 231 183 156 231 183 156 231 183 156 231 183 156 231 183 156 231 183 156 231 183 156 231 183 156 231 183 156 231 183 156 231 183 156 231 183 156 231 183 156 231 183 156 231 183 156 231 183 156 231 183 156 231 183 156 231 183 156 231 183 156 231 183 156 231 183 156 231 183 156 231 183 156 231 183 156 231 183 156 231 183 156 231 183 156 231 183 156 231 183 156 231 183 156 231 183 156 231 183 156 231 183 156 231 183 156 231 183 156 231 183 156 231 183 156 231 183 156 231 183 156 231 183 156 231 183 156 231 183 156 231 183 156 231 183 156 231 183 156 231 183 156 231 183 156 231 183 156 231 183 156 231 183 156 231 183 156 231 183 156 231 183 156 231 183 156 231 183 156 231 183 156 231 183 156 231 183 156 231 183 156 231 183 156 231 183 156 231 183 156 231 183 156 231 183 156 231 183 156 231 183 156 231 183 156 231 183 156 231 183 156 231 183 156 231 183 156 231 183 156 231 183 156 231 183 156 231 183 156 231 183 156 231 183 156 231 183 156 231 183 156 231 183 156 231 183 156 231 183 156 231 183 156 231 183 156 231 183 156 231 183 156 231 183 156 231 183 156 231 183 156 231 183 156 231 183 156 231 183 156 231 183 156 231 183 156 231 183 156 231 183 156 231 183 156 231 183 156 231 183 156 231 183 156 231 183 156 231 183 156 231 183 156 231 183 156 231 183 156 231 183 156 231 183 156 231 183 156 231 183 156 231 183 156 231 183 156 231 183 156 231 183 156 231 183 156 231 183 156 231 183 156 231 183 156 231 183 156 231 183 156 231 183 156 231 183 156 231 183 156 231 183 156 231 183 156 231 183 156 231 183 156 231 183 156 231 183 156 231 183 156 231 183 156 231 183 156 231 183 156 231 183 156 231 183 156 231 183 156 231 183 156 231 183 156 231 183 156 231 183 156 231 183 156 231 183 156 231 183 156 231 183 156 231 183 156 231 183 156 231 183 156 231 183 156 231 183 156 231 183 156 231 183 156 231 183 156 231 183 156 231 183 156 231 183 156 231 183 156 231 183 156 231 183 156 231 183 156 231 183 156 231 183 156 231 183 156 231 183 156 231 183 156 231 183 156 231 183 156 231 183 156 231 183 156 231 183 156 231 183 156 231 183 156 231 183 156 231 183 156 231 183 156 231 183 156 231 183 156 231 183 156 231 183 156 231 183 156 231 183 156 231 183 156 231 183 156 231 183 156 231 183 156 231 183 156 231 183 156 231 183 156 231 183 156 231 183 156 231 183 156 231 183 156 231 183 156 231 183 156 231 183 156 231 183 156 231 183 156 231 183 156 231 183 156 231 183 156 231 183 156 231 183 156 231 183 156 231 183 156 231 183 156 231 183 156 231 183 156 231 183 156 231 183 156 231 183 156 231 183 156 231 183 156 231 183 156 231 183 156 231 183 156 231 183 156 231 183 156 231 183 156 231 183 156 231 183 156 231 183 156 231 183 156 231 183 156 231 183 156 231 183 156 231 183 156 231 183 156 231 183 156 231 183 156 231 183 156 231 183 156 231 183 156 231 183 156 231 183 156 231 183 156 231 183 156 231 183 156 231 183 156 231 183 156 231 183 156 231 183 156 231 183 156 231 183 156 231 183 156 231 183 156 231 183 156 231 183 156 231 183 156 231 183 156 231 183 156 231 183 156 231 183 156 231 183 156 231 183 156 231 183 156 231 183 156 231 183 156 231 183 156 231 183 156 231 183 156 231 183 156 231 183 156 231 183 156 231 183 156 231 183 156 231 183 156 231 183 156 231 183 156 231 183 156 231 183 156 231 183 156 231 183 156 231 183 156 231 183 156 231 183 156 231 183 156 231 183 156 231 183 156 231 183 156 231 183 156 231 183 156 231 183 156 231 183 156 231 183 156 231 183 156 231 183 156 231 183 156 231 183 156 231 183 156 231 183 156 231 183 156 231 183 156 231 183 156 231 183 156 231 183 156 231 183 156 231 183 156 231 183 156 231 183 156 231 183 156 231 183 156 231 183 156 231 183 156 231 183 156 231 183 156 231 183 156 231 183 156 231 183 156 231 183 156 231 183 156 231 183 156 231 183 156 231 183 156 231 183 156 231 183 156 231 183 156 231 183 156 231 183 156 231 183 156 231 183 156 231 183 156 231 183 156 231 183 156 231 183 156 231 183 156 231 183 156 231 183 156 231 183 156 231 183 156 231 183 156 231 183 156 231 183 156 231 183 156 231 183 156 231 183 156 231 183 156 231 183 156 231 183 156 231 183 156 231 183 156 231 183 156 231 183 156 231 183 156 231 183 156 231 183 156 231 183 156 231 183 156 231 183 156 231 183 156 231 183 156 231 183 156 231 183 156 231 183 156 231 183 156 231 183 156 231 183 156 231 183 156 231 183 156 231 183 156 231 183 156 231 183 156 231 183 156 231 183 156 231 183 156 231 183 156 231 183 156 231 183 156 231 183 156 231 183 156 231 183 156 231 183 156 231 183 156 231 183 156 231 183 156 231 183 156 231 183 156 231 183 156 231 183 156 231 183 156 231 183 156 231 183 156 231 183 156 231 183 156 231 183 156 231 183 156 231 183 156 231 183 156 231 183 156 231 183 156 231 183 156 231 183 156 231 183 156 231 183 156 231 183 156 231 183 156 231 183 156 231 183 156 231 183 156 231 183 156 231 183 156 231 183 156 231 183 156 231 183 156 231 183 156 231 183 156 231 183 156 231 183 156 231 183 156 231 183 156 231 183 156 231 183 156 231 183 156 231 183 156 231 183 156 231 183 156 231 183 156 231 183 156 231 183 156 231 183 156 231 183 156 231 183 156 231 183 156 231 183 156 231 183 156 231 183 156 231 183 156 231 183 156 231 183 156 231 183 156 231 183 156 231 183 156 231 183 156 231 183 156 231 183 156 231 183 156 231 183 156 231 183 156 231 183 156 231 183 156 231 183 156 231 183 156 231 183 156 231 183 156 231 183 156 231 183 156 231 183 156 231 183 156 231 183 156 231 183 156 231 183 156 231 183 156 231 183 156 231 183 156 231 183 156 231 183 156 231 183 156 231 183 156 231 183 156 231 183 156 231 183 156 231 183 156 231 183 156 231 183 156 231 183 156 231 183 156 231 183 156 231 183 156 231 183 156 231 183 156 231 183 156 231 183 156 231 183 156 231 183 156 231 183 156 231 183 156 231 183 156 231 183 156 231 183 156 231 183 156 231 183 156 231 183 156 231 183 156 231 183 156 231 183 156 231 183 156 231 183 156 231 183 156 231 183 156 231 183 156 231 183 156 231 183 156 231 183 156 231 183 156 231 183 156 231 183 156 231 183 156 231 183 156 231 183 156 231 183 156 231 183 156 231 183 156 231 183 156 231 183 156 231 183 156 231 183 156 231 183 156 231 183 156 231 183 156 231 183 156 231 183 156 231 183 156 231 183 156 231 183 156 231 183 156 231 183 156 231 183 156 231 183 156 231 183 156 231 183 156 231 183 156 231 183 156 231 183 156 231 183 156 231 183 156 231 183 156 231 183 156 231 183 156 231 183 156 231 183 156 231 183 156 231 183 156 231 183 156 231 183 156 231 183 156 231 183 156 231 183 156 231 183 156 231 183 156 231 183 156 231 183 156 231 183 156 231 183 156 231 183 156 231 183 156 231 183 156 231 183 156 231 183 156 231 183 156 231 183 156 231 183 156 231 183 156 231 183 156 231 183 156 231 183 156 231 183 156 231 183 156 231 183 156 231 183 156 231 183 156 231 183 156 231 183 156 231 183 156 231 183 156 231 183 156 231 183 156 231 183 156 231 183 156 231 183 156 231 183 156 231 183 156 231 183 156 231 183 156 231 183 156 231 183 156 231 183 156 231 183 156 231 183 156 231 183 156 231 183 156 231 183 156 231 183 156 231 183 156 231 183 156 231 183 156 231 183 156 231 183 156 231 183 156 231 183 156 231 183 156 231 183 156 231 183 156 231 183 156 231 183 156 231 183 156 231 183 156 231 183 156 231 183 156 231 183 156 231 183 156 231 183 156 231 183 156 231 183 156 231 183 156 231 183 156 231 183 156 231 183 156 231 183 156 231 183 156 231 183 156 231 183 156 231 183 156 231 183 156 231 183 156 231 183 156 231 183 156 231 183 156 231 183 156 231 183 156 231 183 156 231 183 156 231 183 156 231 183 156 231 183 156 231 183 156 231 183 156 231 183 156 231 183 156 231 183 156 231 183 156 231 183 156 231 183 156 231 183 156 231 183 156 231 183 156 231 183 156 231 183 156 231 183 156 231 183 156 231 183 156 231 183 156 231 183 156 231 183 156 231 183 156 231 183 156 231 183 156 231 183 156 231 183 156 231 183 156 231 183 156 231 183 156 231 183 156 231 183 156 231 183 156 231 183 156 231 183 156 231 183 156 231 183 156 231 183 156 231 183 156 231 183 156 231 183 156 231 183 156 231 183 156 231 183 156 231 183 156 231 183 156 231 183 156 231 183 156 231 183 156 231 183 156 231 183 156 231 183 156 231 183 156 231 183 156 231 183 156 231 183 156 231 183 156 231 183 156 231 183 156 231 183 156 231 183 156 231 183 156 231 183 156 231 183 156 231 183 156 231 183 156 231 183 156 231 183 156 231 183 156 231 183 156 231 183 156 231 183 156 231 183 156 231 183 156 231 183 156 231 183 156 231 183 156 231 183 156 231 183 156 231 183 156 231 183 156 231 183 156 231 183 156 231 183 156 231 183 156 231 183 156 231 183 156 231 183 156 231 183 156 231 183 156 231 183 156 231 183 156 231 183 156 231 183 156 231 183 156 231 183 156 231 183 156 231 183 156 231 183 156 231 183 156 231 183 156 231 183 156 231 183 156 231 183 156 231 183 156 231 183 156 231 183 156 231 183 156 231 183 156 231 183 156 231 183 156 231 183 156 231 183 156 231 183 156 231 183 156 231 183 156 231 183 156 231 183 156 231 183 156 231 183 156 231 183 156 231 183 156 231 183 156 231 183 156 231 183 156 231 183 156 231 183 156 231 183 156 231 183 156 231 183 156 231 183 156 231 183 156 231 183 156 231 183 156 231 183 156 231 183 156 231 183 156 231 183 156 </data></match></read>
    <read><length>9</length><match><data>000000d4\x0a</data></match></read>
    <read><delim>\x0a</delim><match><data>Enter \x27s\x27 for sphere\x2c \x27p\x27 for plane\x2c \x27c\x27 for camera\x2c \x27r\x27 for render\x2c \x27q\x27 for quit\x0a</data></match></read>
    <write><data>c\x0a</data></write>
    <read><delim>\x0a</delim><match><data>Enter camera position as \x22x\x2c y\x2c z\x22:</data></match></read>
    <write><data>9.0\x2c \x2d55.0\x2c \x2d10.0\x0a</data></write>
    <read><delim>\x0a</delim><match><data>Enter camera direction as \x22x\x2c y\x2c z\x22:</data></match></read>
    <write><data>54.0\x2c 37.0\x2c 64.0\x0a</data></write>
    <read><delim>\x0a</delim><match><data>Enter camera fov:</data></match></read>
    <write><data>c\x5fdouble\x280.2\x29\x0a</data></write>
    <read><delim>\x0a</delim><match><data>Enter \x27s\x27 for sphere\x2c \x27p\x27 for plane\x2c \x27c\x27 for camera\x2c \x27r\x27 for render\x2c \x27q\x27 for quit\x0a</data></match></read>
    <write><data>s\x0a</data></write>
    <read><delim>\x0a</delim><match><data>Enter \x27d\x27 for diffuse\x2c \x27s\x27 for specular:</data></match></read>
    <write><data>s\x0a</data></write>
    <read><delim>\x0a</delim><match><data>Enter radius:</data></match></read>
    <write><data>62.0\x0a</data></write>
    <read><delim>\x0a</delim><match><data>Enter position as \x22x\x2c y\x2c z\x22:</data></match></read>
    <write><data>12.0\x2c 44.0\x2c 76.0\x0a</data></write>
    <read><delim>\x0a</delim><match><data>Enter color as \x22r\x2c g\x2c b\x22:</data></match></read>
    <write><data>69.0\x2c 34.0\x2c 36.0\x0a</data></write>
    <read><delim>\x0a</delim><match><data>Enter emission as \x22r\x2c g\x2c b\x22:</data></match></read>
    <write><data>59.0\x2c 10.0\x2c 89.0\x0a</data></write>
    <read><delim>\x0a</delim><match><data>Enter \x27s\x27 for sphere\x2c \x27p\x27 for plane\x2c \x27c\x27 for camera\x2c \x27r\x27 for render\x2c \x27q\x27 for quit\x0a</data></match></read>
    <write><data>s\x0a</data></write>
    <read><delim>\x0a</delim><match><data>Enter \x27d\x27 for diffuse\x2c \x27s\x27 for specular:</data></match></read>
    <write><data>d\x0a</data></write>
    <read><delim>\x0a</delim><match><data>Enter radius:</data></match></read>
    <write><data>96.0\x0a</data></write>
    <read><delim>\x0a</delim><match><data>Enter position as \x22x\x2c y\x2c z\x22:</data></match></read>
    <write><data>\x2d85.0\x2c \x2d76.0\x2c 51.0\x0a</data></write>
    <read><delim>\x0a</delim><match><data>Enter color as \x22r\x2c g\x2c b\x22:</data></match></read>
    <write><data>5.0\x2c 39.0\x2c 86.0\x0a</data></write>
    <read><delim>\x0a</delim><match><data>Enter emission as \x22r\x2c g\x2c b\x22:</data></match></read>
    <write><data>0.0\x2c 0.0\x2c 0.0\x0a</data></write>
    <read><delim>\x0a</delim><match><data>Enter \x27s\x27 for sphere\x2c \x27p\x27 for plane\x2c \x27c\x27 for camera\x2c \x27r\x27 for render\x2c \x27q\x27 for quit\x0a</data></match></read>
    <write><data>r\x0a</data></write>
    <read><delim>\x0a</delim><match><data>40 40</data></match></read>
    <read><delim>\x0a</delim><match><data>0 0 0 0 0 0 0 0 0 0 0 0 0 0 0 0 0 0 0 0 0 0 0 0 0 0 0 0 0 0 0 0 0 0 0 0 0 0 0 0 0 0 0 0 0 0 0 0 0 0 0 0 0 0 0 0 0 0 0 0 0 0 0 0 0 0 0 0 0 0 0 0 0 0 0 0 0 0 0 0 0 0 0 0 0 0 0 0 0 0 0 0 0 0 0 0 0 0 0 0 0 0 0 0 0 0 0 0 0 0 0 0 0 0 0 0 0 0 0 0 0 0 0 0 0 0 0 0 0 0 0 0 0 0 0 0 0 0 0 0 0 0 0 0 0 0 0 0 0 0 0 0 0 0 0 0 0 0 0 0 0 0 0 0 0 0 0 0 0 0 0 0 0 0 0 0 0 0 0 0 0 0 0 0 0 0 0 0 0 0 0 0 0 0 0 0 0 0 0 0 0 0 0 0 0 0 0 0 0 0 0 0 0 0 0 0 0 0 0 0 0 0 0 0 0 0 0 0 0 0 0 0 0 0 0 0 0 0 0 0 0 0 0 0 0 0 0 0 0 0 0 0 0 0 0 0 0 0 0 0 0 0 0 0 0 0 0 0 0 0 0 0 0 0 0 0 0 0 0 0 0 0 0 0 0 0 0 0 0 0 0 0 0 0 0 0 0 0 0 0 0 0 0 0 0 0 0 0 0 0 0 0 0 0 0 0 0 0 0 0 0 0 0 0 0 0 0 0 0 0 0 0 0 0 0 0 0 0 0 0 0 0 0 0 0 0 0 0 0 0 0 0 0 0 0 0 0 0 0 0 194 86 234 0 0 0 0 0 0 0 0 0 0 0 0 0 0 0 0 0 0 0 0 0 0 0 0 0 0 0 0 0 0 0 0 0 0 0 0 0 0 0 0 0 0 0 0 0 0 0 0 0 0 0 0 0 0 0 0 0 0 0 0 0 0 0 0 0 0 0 0 0 0 0 0 0 0 0 0 0 0 0 0 0 0 0 0 0 0 0 0 0 0 0 0 0 0 0 0 0 0 0 0 0 0 0 0 0 0 0 0 0 0 0 0 0 0 0 0 0 194 86 234 0 0 0 0 0 0 0 0 0 0 0 0 0 0 0 0 0 0 0 0 0 0 0 0 0 0 0 0 0 0 0 0 0 0 0 0 0 0 0 0 0 0 0 0 0 0 0 0 0 0 0 0 0 0 0 0 0 0 0 0 0 0 0 0 0 0 0 0 0 0 0 0 0 0 0 0 0 0 0 0 0 0 0 0 0 0 0 0 0 0 0 0 0 0 0 0 0 0 0 0 0 0 0 0 0 0 0 0 0 0 0 0 0 0 0 0 0 194 86 234 0 0 0 0 0 0 0 0 0 0 0 0 0 0 0 0 0 0 0 0 0 0 0 0 0 0 0 0 0 0 0 0 0 0 0 0 0 0 0 0 0 0 0 0 0 0 0 0 0 0 0 0 0 0 0 0 0 0 0 0 0 0 0 0 0 0 0 0 0 0 0 0 0 0 0 0 0 0 0 0 0 0 0 0 0 0 0 0 0 0 0 0 0 0 0 0 0 0 0 0 0 0 0 0 0 0 0 0 0 0 0 0 0 0 0 0 0 194 86 234 0 0 0 0 0 0 0 0 0 0 0 0 0 0 0 0 0 0 0 0 0 0 0 0 0 0 0 0 0 0 0 0 0 0 0 0 0 0 0 0 0 0 0 0 0 0 0 0 0 0 0 0 0 0 0 0 0 0 0 0 0 0 0 0 0 0 0 0 0 0 0 0 0 0 0 0 0 0 0 0 0 0 0 0 0 0 0 0 0 0 0 0 0 0 0 0 0 0 0 0 0 0 0 0 0 0 0 0 0 0 0 0 0 0 0 0 0 194 86 234 0 0 0 0 0 0 0 0 0 0 0 0 0 0 0 0 0 0 0 0 0 0 0 0 0 0 0 0 0 0 0 0 0 0 0 0 0 0 0 0 0 0 0 0 0 0 0 0 0 0 0 0 0 0 0 0 0 0 0 0 0 0 0 0 0 0 0 0 0 0 0 0 0 0 0 0 0 0 0 0 0 0 0 0 0 0 0 0 0 0 0 0 0 0 0 0 0 0 0 0 0 0 0 0 0 0 0 0 0 0 0 0 0 0 0 0 0 0 0 0 0 0 0 0 0 0 0 0 0 0 0 0 0 0 0 0 0 0 0 0 0 0 0 0 0 0 0 0 0 0 0 0 0 0 0 0 0 0 0 0 0 0 0 0 0 0 0 0 0 0 0 0 0 0 0 0 0 0 0 0 0 0 0 0 0 0 0 0 0 0 0 0 0 0 0 0 0 0 0 0 0 0 0 0 0 0 0 0 0 0 0 0 0 0 0 0 0 0 0 0 0 0 0 0 0 0 0 0 0 0 0 0 0 0 0 0 0 0 0 0 0 0 0 0 0 0 0 0 0 0 0 0 0 0 0 0 0 0 0 0 0 0 0 0 0 0 0 0 0 0 0 0 0 0 0 0 0 0 0 0 0 0 0 0 0 0 0 0 0 0 0 0 0 0 0 0 0 0 0 0 0 0 0 0 0 0 0 0 0 0 0 0 0 0 0 0 0 0 0 0 0 0 0 0 0 0 0 0 0 0 0 0 0 0 0 0 0 0 0 0 0 0 0 0 0 0 0 0 0 0 0 0 0 0 0 0 0 0 0 0 0 0 0 0 0 0 0 0 0 0 0 0 0 0 0 0 0 0 0 0 0 0 0 0 0 0 0 0 0 0 0 0 0 0 0 0 0 0 0 0 0 0 0 0 0 0 0 0 0 0 0 0 0 0 0 0 0 0 0 0 0 0 0 0 0 0 0 0 0 0 0 0 0 0 0 0 0 0 0 0 0 0 0 0 0 0 0 0 0 0 0 0 0 0 0 0 0 0 0 0 0 0 0 0 0 0 0 0 0 0 0 0 0 0 0 0 0 0 0 0 0 0 0 0 0 0 0 0 0 0 0 0 0 0 0 0 0 0 0 0 0 0 0 0 0 0 0 0 0 0 0 0 0 0 0 0 0 0 0 0 0 0 0 0 0 0 0 0 0 0 0 0 0 0 0 0 0 0 0 0 0 0 0 0 0 0 0 0 0 0 0 0 0 0 0 0 0 0 0 0 0 0 0 0 0 0 0 0 0 0 0 0 0 0 0 0 0 0 0 0 0 0 0 0 0 0 0 0 0 0 0 0 0 0 0 0 0 0 0 0 0 0 0 0 0 0 0 0 0 0 0 0 0 0 0 0 0 0 0 0 0 0 0 0 0 0 0 0 0 0 0 0 0 0 0 0 0 0 0 0 0 0 0 0 0 0 0 0 0 0 0 0 0 0 0 0 0 0 0 0 0 0 0 0 0 0 0 0 0 0 0 0 0 0 0 0 0 0 0 0 0 0 0 0 0 0 0 0 0 0 0 0 0 0 0 0 0 0 0 0 0 0 0 0 0 0 0 0 0 0 0 0 0 0 0 0 0 0 0 0 0 0 0 0 0 0 0 0 0 0 0 0 0 0 0 0 0 0 0 0 0 0 0 0 0 0 0 0 0 0 0 0 0 0 0 0 0 0 0 0 0 0 0 0 0 0 0 0 0 0 0 0 0 0 0 0 0 0 0 0 0 0 0 0 0 0 0 0 0 0 0 0 0 0 0 0 0 0 0 0 0 0 0 0 0 0 0 0 0 0 0 0 0 0 0 0 0 0 0 0 0 0 0 0 0 0 0 0 0 0 0 0 0 0 0 0 0 0 0 0 0 0 0 0 0 0 0 0 0 0 0 0 0 0 0 0 0 0 0 0 0 0 0 0 0 0 0 0 0 0 0 0 0 0 0 0 0 0 0 0 0 0 0 0 0 0 0 0 0 0 0 0 0 0 0 0 0 0 0 0 0 0 0 0 0 0 0 0 0 0 0 0 0 0 0 0 0 0 0 0 0 0 0 0 0 0 0 0 0 0 0 0 0 0 0 0 0 0 0 0 0 0 0 0 0 0 0 0 0 0 0 0 0 0 0 0 0 0 0 0 0 0 0 0 0 0 0 0 0 0 0 0 0 0 0 0 0 0 0 0 0 0 0 0 0 0 0 0 0 0 0 0 0 0 0 0 0 0 0 0 0 0 0 0 0 0 0 0 0 0 0 0 0 0 0 0 0 0 0 0 0 0 0 0 0 0 0 0 0 0 0 0 0 0 0 0 0 0 0 0 0 0 0 0 0 0 0 0 0 0 0 0 0 0 0 0 0 0 0 0 0 0 0 0 0 0 0 0 0 0 0 0 0 0 0 0 0 0 0 0 0 0 0 0 0 0 0 0 0 0 0 0 0 0 0 0 0 0 0 0 0 0 0 0 0 0 0 0 0 0 0 0 0 0 0 0 0 0 0 0 0 0 0 0 0 0 0 0 0 0 0 0 0 0 0 0 0 0 0 0 0 0 0 0 0 0 0 0 0 0 0 0 0 0 0 0 0 0 0 0 0 0 0 0 0 0 0 0 0 0 0 0 0 0 0 0 0 0 0 0 0 0 0 0 0 0 0 0 0 0 0 0 0 0 0 0 0 0 0 0 0 0 0 0 0 0 0 0 0 0 0 0 0 0 0 0 0 0 0 0 0 0 0 0 0 0 0 0 0 0 0 0 0 0 0 0 0 0 0 0 0 0 0 0 0 0 0 0 0 0 0 0 0 0 0 0 0 0 0 0 0 0 0 0 0 0 0 0 0 0 0 0 0 0 0 0 0 0 0 0 0 0 0 0 0 0 0 0 0 0 0 0 0 0 0 0 0 0 0 0 0 0 0 0 0 0 0 0 0 0 0 0 0 0 0 0 0 0 0 0 0 0 0 0 0 0 0 0 0 0 0 0 0 0 0 0 0 0 0 0 0 0 0 0 0 0 0 0 0 0 0 0 0 0 0 0 0 0 0 0 0 0 0 0 0 0 0 0 0 0 0 0 0 0 0 0 0 0 0 0 0 0 0 0 0 0 0 0 0 0 0 0 0 0 0 0 0 0 0 0 0 0 0 0 0 0 0 0 0 0 0 0 0 0 0 0 0 0 0 0 0 0 0 0 0 0 0 0 0 0 0 0 0 0 0 0 0 0 0 0 0 0 0 0 0 0 0 0 0 0 0 0 0 0 0 0 0 0 0 0 0 0 0 0 0 0 0 0 0 0 0 0 0 0 0 0 0 0 0 0 0 0 0 0 0 0 0 0 0 0 0 0 0 0 0 0 0 0 0 0 0 0 0 0 0 0 0 0 0 0 0 0 0 0 0 0 0 0 0 0 0 0 0 0 0 0 0 0 0 0 0 0 0 0 0 0 0 0 0 0 0 0 0 0 0 0 0 0 0 0 0 0 0 0 0 0 0 0 0 0 0 0 0 0 0 0 0 0 0 0 0 0 0 0 0 0 0 0 0 0 0 0 0 0 0 0 0 0 0 0 0 0 0 0 0 0 0 0 0 0 0 0 0 0 0 0 0 0 0 0 0 0 0 0 0 0 0 0 0 0 0 0 0 0 0 0 0 0 0 0 0 0 0 0 0 0 0 0 0 0 0 0 0 0 0 0 0 0 0 0 0 0 0 0 0 0 0 0 0 0 0 0 0 0 0 0 0 0 0 0 0 0 0 0 0 0 0 0 0 0 0 0 0 0 0 0 0 0 0 0 0 0 0 0 0 0 0 0 0 0 0 0 0 0 0 0 0 0 0 0 0 0 0 0 0 0 0 0 0 0 0 0 0 0 0 0 0 0 0 0 0 0 0 0 0 0 0 0 0 0 0 0 0 0 0 0 0 0 0 0 0 0 0 0 0 0 0 0 0 0 0 0 0 0 0 0 0 0 0 0 0 0 0 0 0 0 0 0 0 0 0 0 0 0 0 0 0 0 0 0 0 0 0 0 0 0 0 0 0 0 0 0 0 0 0 0 0 0 0 0 0 0 0 0 0 0 0 0 0 0 0 0 0 0 0 0 0 0 0 0 0 0 0 0 0 0 0 0 0 0 0 0 0 0 0 0 0 0 0 0 0 0 0 0 0 0 0 0 0 0 0 0 0 0 0 0 0 0 0 0 0 0 0 0 0 0 0 0 0 0 0 0 0 0 0 0 0 0 0 0 0 0 0 0 0 0 0 0 0 0 0 0 0 0 0 0 0 0 0 0 0 0 0 0 0 0 0 0 0 0 0 0 0 0 0 0 0 0 0 0 0 0 0 0 0 0 0 0 0 0 0 0 0 0 0 0 0 0 0 0 0 0 0 0 0 0 0 0 0 0 0 0 0 0 0 0 0 0 0 0 0 0 0 0 0 0 0 0 0 0 0 0 0 0 0 0 0 0 0 0 0 0 0 0 0 0 0 0 0 0 0 0 0 0 0 0 0 0 0 0 0 0 0 0 0 0 0 0 0 0 0 0 0 0 0 0 0 0 0 0 0 0 0 0 0 0 0 0 0 0 0 0 0 0 0 0 0 0 0 0 0 0 0 0 0 0 0 0 0 0 0 0 0 0 0 0 0 0 0 0 0 0 0 0 0 0 0 0 0 0 0 0 0 0 0 0 0 0 0 0 0 0 0 0 0 0 0 0 0 0 0 0 0 0 0 0 0 0 0 0 0 0 0 0 0 0 0 0 0 0 0 0 0 0 0 0 0 0 0 0 0 0 0 0 0 0 0 0 0 0 0 0 0 0 0 0 0 0 0 0 0 0 0 0 0 0 0 0 0 0 0 0 0 0 0 0 0 0 0 0 0 0 0 0 0 0 0 0 0 0 0 0 0 0 0 0 0 0 0 0 0 0 0 0 0 0 0 0 0 0 0 0 0 0 0 0 0 0 0 0 0 0 0 0 0 0 0 0 0 0 0 0 0 0 0 0 0 0 0 0 0 0 0 0 0 0 0 0 0 0 0 0 0 0 0 0 0 0 0 0 0 0 0 0 0 0 0 0 0 0 0 0 0 0 0 0 0 0 0 0 0 0 0 0 0 0 0 0 0 0 0 0 0 0 0 0 0 0 0 0 0 0 0 0 0 0 0 0 0 0 0 0 0 0 0 0 0 0 0 0 0 0 0 0 0 0 0 0 0 0 0 0 0 0 0 0 0 0 0 0 0 0 0 0 0 0 0 0 0 0 0 0 0 0 0 0 0 0 0 0 0 0 0 0 0 0 0 0 0 0 0 0 0 0 0 0 0 0 0 0 0 0 0 0 0 0 0 0 0 0 0 0 0 0 0 0 0 0 0 0 0 0 0 0 0 0 0 0 0 0 0 0 0 0 0 0 0 0 0 0 0 0 0 0 0 0 0 0 0 0 0 0 0 0 0 0 0 0 0 0 0 0 0 0 0 0 0 0 0 0 0 0 0 0 0 0 0 0 0 0 0 0 0 0 0 0 0 0 0 0 0 0 0 0 0 0 0 0 0 0 0 0 0 0 0 0 0 0 0 0 0 0 0 0 0 0 0 0 0 0 0 0 0 0 0 0 0 0 0 0 0 0 0 0 0 0 0 0 0 0 0 0 0 0 0 0 0 0 0 0 0 0 0 0 0 0 0 0 0 0 0 0 0 0 0 0 0 0 0 0 0 0 0 0 0 0 0 0 0 0 0 0 0 0 0 0 0 0 0 0 0 0 0 0 0 0 0 0 0 0 0 0 0 0 0 0 0 0 0 0 0 0 0 0 0 0 0 0 0 0 0 0 0 0 0 0 0 0 0 0 0 0 0 0 0 0 0 0 0 0 0 0 0 0 0 0 0 0 0 0 0 0 0 0 0 0 0 0 0 0 0 0 0 0 0 0 0 0 0 0 0 0 0 0 0 0 0 0 0 0 0 0 0 0 0 0 0 0 0 0 0 0 0 0 0 0 0 0 0 0 0 0 0 0 0 0 0 0 0 0 0 0 0 0 0 0 0 0 0 0 0 0 0 0 0 0 0 0 0 0 0 0 0 0 0 0 0 0 0 0 0 0 0 0 0 0 0 0 0 0 0 0 0 0 0 0 0 0 0 0 0 0 0 0 0 0 0 0 0 0 0 0 0 0 0 0 0 0 0 0 0 0 0 0 0 0 0 0 0 0 0 0 0 0 0 0 0 0 0 0 0 0 0 0 0 0 0 0 0 0 0 0 0 0 0 0 0 0 0 0 0 0 0 0 0 0 0 0 0 0 0 0 0 0 0 0 0 0 0 0 0 0 0 0 0 0 0 0 0 0 0 0 0 0 0 0 0 0 0 0 0 0 0 0 0 0 0 0 0 0 0 0 0 0 0 0 0 0 0 0 0 0 0 0 0 0 0 0 0 0 0 0 0 0 0 0 0 0 0 0 0 0 0 0 0 0 0 0 0 0 0 0 0 0 0 0 0 0 0 0 0 0 0 0 0 0 0 0 0 0 0 0 0 0 0 0 0 0 0 0 0 0 0 0 0 0 0 0 0 0 0 0 0 0 0 0 0 0 0 0 0 0 0 0 0 0 0 0 0 0 0 0 0 0 0 0 0 0 0 0 0 0 0 0 0 0 0 0 0 0 0 0 0 0 0 0 0 0 0 0 0 0 0 0 0 0 0 0 0 0 0 0 0 0 0 0 0 0 0 0 0 0 0 0 0 0 0 0 0 0 0 0 0 0 0 0 0 0 0 0 0 0 0 0 0 0 0 0 0 0 0 0 0 0 0 0 0 0 0 0 0 0 0 0 0 0 0 0 0 0 0 0 0 0 0 0 0 0 0 0 0 0 0 0 0 0 0 0 0 0 0 0 0 0 0 0 0 0 0 0 0 0 0 0 0 0 0 0 0 0 0 0 0 0 0 0 0 0 0 0 0 0 0 0 0 0 0 0 0 0 0 0 0 0 0 0 0 0 0 0 0 0 0 0 0 0 0 0 0 0 0 0 0 0 0 0 0 0 0 0 0 0 0 0 0 0 0 0 0 0 0 0 0 0 0 0 0 0 0 0 0 0 0 0 0 0 0 0 0 0 0 0 0 0 0 0 0 0 0 0 0 0 0 0 0 0 0 0 0 0 0 0 0 0 0 0 0 0 0 0 0 0 0 0 0 0 0 0 0 0 0 0 0 0 0 0 0 0 0 0 0 0 0 0 0 0 0 0 0 0 0 0 0 0 0 0 0 0 0 0 0 0 0 0 0 0 0 0 0 0 0 0 0 0 0 0 0 0 0 0 0 0 0 0 0 0 0 0 0 0 0 0 0 0 0 0 0 0 0 0 0 0 0 0 0 0 0 0 0 0 0 0 0 0 0 0 0 0 0 0 0 0 0 0 0 0 0 0 0 0 0 0 0 0 0 0 0 0 0 0 0 0 0 0 0 0 0 0 0 0 0 0 0 0 0 0 0 0 0 0 0 0 0 0 0 0 0 0 0 0 0 0 0 0 0 0 0 0 0 0 0 0 0 0 0 0 0 0 0 0 0 0 0 0 0 0 0 0 0 0 0 0 0 0 0 0 0 0 0 0 0 0 0 0 0 0 0 0 0 0 0 0 0 0 0 0 0 0 0 0 0 0 0 0 0 0 0 0 0 0 0 0 0 0 0 0 0 0 0 0 0 0 0 0 0 0 0 0 0 0 0 0 0 0 0 0 0 0 0 0 0 0 0 0 0 0 0 0 0 0 0 0 0 0 0 0 0 0 0 0 0 0 0 0 0 0 0 0 0 0 0 0 0 0 0 0 0 0 0 0 0 0 0 0 0 0 0 0 0 0 0 0 0 0 0 0 0 0 0 0 0 0 0 0 0 0 0 0 0 0 0 0 0 0 0 0 0 0 0 0 0 0 0 0 0 0 0 0 0 0 0 0 0 0 0 0 0 0 0 0 0 0 0 0 0 0 0 0 0 0 0 0 0 0 0 0 0 0 0 0 0 0 0 0 0 0 0 0 0 0 0 0 0 0 0 0 0 0 0 0 0 0 0 0 0 0 0 0 0 0 0 0 0 0 0 0 0 0 0 0 0 0 0 0 0 0 0 0 0 0 0 0 0 0 0 0 0 0 0 0 0 0 0 0 0 0 0 0 0 0 0 0 0 0 0 0 0 0 0 0 0 0 0 0 0 0 0 0 0 0 0 0 0 0 0 0 0 0 0 0 0 0 0 0 0 0 0 0 0 0 0 0 0 0 0 0 0 0 0 0 0 0 0 0 0 0 0 0 0 0 0 0 0 0 0 0 0 0 0 0 0 0 0 0 0 0 0 0 0 0 0 0 0 0 0 0 0 0 0 0 0 0 0 0 0 0 0 0 0 0 0 0 0 0 0 0 0 0 0 0 0 0 0 0 0 0 0 0 0 0 0 0 0 0 0 0 0 0 0 0 0 0 0 0 0 0 0 0 0 0 0 0 0 0 0 0 0 0 0 0 0 0 0 0 0 0 0 0 0 0 0 0 0 0 0 0 0 0 0 0 0 0 0 0 0 0 0 0 0 0 0 0 0 0 0 0 0 0 0 0 0 0 0 0 0 0 0 0 0 0 0 0 0 0 0 0 0 0 0 0 0 0 0 0 0 0 0 0 0 0 0 0 0 0 0 0 0 0 0 0 0 0 0 0 0 0 0 0 0 0 0 0 0 0 0 0 0 0 0 0 0 0 0 0 0 0 0 0 0 0 0 0 0 0 0 0 0 0 0 0 0 0 0 0 0 0 0 0 0 0 0 0 0 0 0 0 0 0 0 0 0 0 0 0 0 0 0 0 0 0 0 0 0 0 0 0 0 0 0 0 0 0 0 0 0 0 0 0 0 0 0 0 0 0 0 0 0 </data></match></read>
    <read><length>9</length><match><data>000000aa\x0a</data></match></read>
    <read><delim>\x0a</delim><match><data>Enter \x27s\x27 for sphere\x2c \x27p\x27 for plane\x2c \x27c\x27 for camera\x2c \x27r\x27 for render\x2c \x27q\x27 for quit\x0a</data></match></read>
    <write><data>s\x0a</data></write>
    <read><delim>\x0a</delim><match><data>Enter \x27d\x27 for diffuse\x2c \x27s\x27 for specular:</data></match></read>
    <write><data>d\x0a</data></write>
    <read><delim>\x0a</delim><match><data>Enter radius:</data></match></read>
    <write><data>70.0\x0a</data></write>
    <read><delim>\x0a</delim><match><data>Enter position as \x22x\x2c y\x2c z\x22:</data></match></read>
    <write><data>\x2d28.0\x2c \x2d6.0\x2c 72.0\x0a</data></write>
    <read><delim>\x0a</delim><match><data>Enter color as \x22r\x2c g\x2c b\x22:</data></match></read>
    <write><data>81.0\x2c 76.0\x2c 44.0\x0a</data></write>
    <read><delim>\x0a</delim><match><data>Enter emission as \x22r\x2c g\x2c b\x22:</data></match></read>
    <write><data>10.0\x2c 9.0\x2c 34.0\x0a</data></write>
    <read><delim>\x0a</delim><match><data>Enter \x27s\x27 for sphere\x2c \x27p\x27 for plane\x2c \x27c\x27 for camera\x2c \x27r\x27 for render\x2c \x27q\x27 for quit\x0a</data></match></read>
    <write><data>s\x0a</data></write>
    <read><delim>\x0a</delim><match><data>Enter \x27d\x27 for diffuse\x2c \x27s\x27 for specular:</data></match></read>
    <write><data>d\x0a</data></write>
    <read><delim>\x0a</delim><match><data>Enter radius:</data></match></read>
    <write><data>65.0\x0a</data></write>
    <read><delim>\x0a</delim><match><data>Enter position as \x22x\x2c y\x2c z\x22:</data></match></read>
    <write><data>\x2d17.0\x2c \x2d17.0\x2c \x2d47.0\x0a</data></write>
    <read><delim>\x0a</delim><match><data>Enter color as \x22r\x2c g\x2c b\x22:</data></match></read>
    <write><data>3.0\x2c 49.0\x2c 87.0\x0a</data></write>
    <read><delim>\x0a</delim><match><data>Enter emission as \x22r\x2c g\x2c b\x22:</data></match></read>
    <write><data>0.0\x2c 0.0\x2c 0.0\x0a</data></write>
    <read><delim>\x0a</delim><match><data>Enter \x27s\x27 for sphere\x2c \x27p\x27 for plane\x2c \x27c\x27 for camera\x2c \x27r\x27 for render\x2c \x27q\x27 for quit\x0a</data></match></read>
    <write><data>p\x0a</data></write>
    <read><delim>\x0a</delim><match><data>Enter \x27d\x27 for diffuse\x2c \x27s\x27 for specular:</data></match></read>
    <write><data>d\x0a</data></write>
    <read><delim>\x0a</delim><match><data>Enter normal as \x22x\x2c y\x2c z\x22:</data></match></read>
    <write><data>24.0\x2c 89.0\x2c 54.0\x0a</data></write>
    <read><delim>\x0a</delim><match><data>Enter position as \x22x\x2c y\x2c z\x22:</data></match></read>
    <write><data>98.0\x2c \x2d45.0\x2c \x2d53.0\x0a</data></write>
    <read><delim>\x0a</delim><match><data>Enter color as \x22r\x2c g\x2c b\x22:</data></match></read>
    <write><data>38.0\x2c 66.0\x2c 20.0\x0a</data></write>
    <read><delim>\x0a</delim><match><data>Enter emission as \x22r\x2c g\x2c b\x22:</data></match></read>
    <write><data>0.0\x2c 0.0\x2c 0.0\x0a</data></write>
    <read><delim>\x0a</delim><match><data>Enter \x27s\x27 for sphere\x2c \x27p\x27 for plane\x2c \x27c\x27 for camera\x2c \x27r\x27 for render\x2c \x27q\x27 for quit\x0a</data></match></read>
    <write><data>s\x0a</data></write>
    <read><delim>\x0a</delim><match><data>Enter \x27d\x27 for diffuse\x2c \x27s\x27 for specular:</data></match></read>
    <write><data>s\x0a</data></write>
    <read><delim>\x0a</delim><match><data>Enter radius:</data></match></read>
    <write><data>90.0\x0a</data></write>
    <read><delim>\x0a</delim><match><data>Enter position as \x22x\x2c y\x2c z\x22:</data></match></read>
    <write><data>64.0\x2c 93.0\x2c 49.0\x0a</data></write>
    <read><delim>\x0a</delim><match><data>Enter color as \x22r\x2c g\x2c b\x22:</data></match></read>
    <write><data>32.0\x2c 16.0\x2c 52.0\x0a</data></write>
    <read><delim>\x0a</delim><match><data>Enter emission as \x22r\x2c g\x2c b\x22:</data></match></read>
    <write><data>71.0\x2c 9.0\x2c 36.0\x0a</data></write>
    <read><delim>\x0a</delim><match><data>Enter \x27s\x27 for sphere\x2c \x27p\x27 for plane\x2c \x27c\x27 for camera\x2c \x27r\x27 for render\x2c \x27q\x27 for quit\x0a</data></match></read>
    <write><data>L\x0a</data></write>
    <read><delim>\x0a</delim><match><data>No such command!\x0a</data></match></read>
    <read><delim>\x0a</delim><match><data>Enter \x27s\x27 for sphere\x2c \x27p\x27 for plane\x2c \x27c\x27 for camera\x2c \x27r\x27 for render\x2c \x27q\x27 for quit\x0a</data></match></read>
    <write><data>g\x0a</data></write>
    <read><delim>\x0a</delim><match><data>No such command!\x0a</data></match></read>
    <read><delim>\x0a</delim><match><data>Enter \x27s\x27 for sphere\x2c \x27p\x27 for plane\x2c \x27c\x27 for camera\x2c \x27r\x27 for render\x2c \x27q\x27 for quit\x0a</data></match></read>
    <write><data>c\x0a</data></write>
    <read><delim>\x0a</delim><match><data>Enter camera position as \x22x\x2c y\x2c z\x22:</data></match></read>
    <write><data>\x2d44.0\x2c \x2d3.0\x2c \x2d12.0\x0a</data></write>
    <read><delim>\x0a</delim><match><data>Enter camera direction as \x22x\x2c y\x2c z\x22:</data></match></read>
    <write><data>94.0\x2c 18.0\x2c 92.0\x0a</data></write>
    <read><delim>\x0a</delim><match><data>Enter camera fov:</data></match></read>
    <write><data>c\x5fdouble\x280.1\x29\x0a</data></write>
    <read><delim>\x0a</delim><match><data>Enter \x27s\x27 for sphere\x2c \x27p\x27 for plane\x2c \x27c\x27 for camera\x2c \x27r\x27 for render\x2c \x27q\x27 for quit\x0a</data></match></read>
    <write><data>q\x0a</data></write>
</replay>
</pov>