<?xml version="1.0" standalone="no" ?>
<!DOCTYPE pov SYSTEM "/usr/share/cgc-docs/replay.dtd">
<pov>
<cbid>service</cbid>
<seed>ccf39eb1d578ff2d21d28c56ba06e0ec78dc7876d1347bc27e3eb475fc8dece11c9ce9d2ca71e2ddc970e592e8fbe234</seed>
<replay>
    <read><delim>:</delim><match><data>frontdoor:</data></match></read>
    <write><data>lookupd \x2fW \x0a</data></write>
    <write><data>lookup \x0a</data></write>
    <read><length>121</length><match><data>Username: 5vMfmx?of\x0aReal name: VQ84\x7c65O\x3ckw\x3d\x5c\x60ATunzB3\x7cYve\x5c\x0aHost name: HyEm\x5fGcX\x5eFhEL4Ix\x3e\x7d\x7bND\x7b\x3eGg\x0aIdle for: 5802850 seconds\x0a</data></match></read>
    <read><delim>\x0a</delim><match><data>User is offline\x0a</data></match></read>
    <read><delim>\x0a\x0a</delim><match><data>Phone \x23:\x7c?\x5eWn97\x0a\x0a</data></match></read>
    <read><length>98</length><match><data>Username: kHx\x0aReal name: 78Eo8gM\x5c06A\x60Z?va5V\x0aHost name: \x7cIb\x3bq\x7c\x7bxv:\x3e3fUPE\x0aIdle for: 7152315 seconds\x0a</data></match></read>
    <read><delim>\x0a</delim><match><data>User is offline\x0a</data></match></read>
    <read><delim>\x0a\x0a</delim><match><data>Phone \x23:\x3d\x3d\x7deRV?\x0a\x0a</data></match></read>
    <read><length>130</length><match><data>Username: caA\x7bG5WT\x0aReal name: cDt\x5bF:T\x3cVe\x7b356WWS\x3dDb\x5bh\x5fe\x5eVr\x5doXO8nmyd\x3csFxr7cjBx6iz\x7dXH7QBN\x5c\x0aHost name: r\x3ekF\x0aIdle for: 7140007 seconds\x0a</data></match></read>
    <read><delim>\x0a</delim><match><data>User is offline\x0a</data></match></read>
    <read><delim>\x0a\x0a</delim><match><data>Phone \x23:\x3d\x5b\x60Pr0\x60\x0a\x0a</data></match></read>
    <read><length>103</length><match><data>Username: \x5b:aDjjfbjlgI\x0aReal name: 2\x5crbTVh5U3jsj:\x7b9\x0aHost name: LJXvE\x5dNfPmH\x7c\x3db\x0aIdle for: 4528566 seconds\x0a</data></match></read>
    <read><delim>\x0a</delim><match><data>User is offline\x0a</data></match></read>
    <read><delim>\x0a\x0a</delim><match><data>Phone \x23:3\x5e\x5eM\x7bJ?\x0a\x0a</data></match></read>
    <read><length>138</length><match><data>Username: 7mwg\x5dD\x3dAdtPCrhmG2F\x0aReal name: ?3OelW\x3dyO?CL9u\x7c\x5b\x5evpW\x7bbISwhHjwtpL\x5eH3E\x5dB4b\x0aHost name: ovju\x3dSj\x7bi\x5c3bE\x60rdbg\x7c\x0aIdle for: 3362801 seconds\x0a</data></match></read>
    <read><delim>\x0a</delim><match><data>User is offline\x0a</data></match></read>
    <read><delim>\x0a\x0a</delim><match><data>Phone \x23:OpjRIv\x5b\x0a\x0a</data></match></read>
    <read><length>120</length><match><data>Username: T\x40qXN332\x5fPr\x5fNpHdPj\x5bIMD\x3bV6ls\x0aReal name: gW:mjpdFPIBf2C3L9vj\x60:8\x5f\x40x7EE\x7c\x0aHost name: xM\x3e\x0aIdle for: 4050994 seconds\x0a</data></match></read>
    <read><delim>\x0a</delim><match><data>User is offline\x0a</data></match></read>
    <read><delim>\x0a\x0a</delim><match><data>Phone \x23:O366eU\x3d\x0a\x0a</data></match></read>
    <read><length>130</length><match><data>Username: OIti:fYkXTqZ21\x60a\x5f6xs\x60\x7dCn\x0aReal name: K\x7cNLWc6\x40z\x5ccrY\x3bC9eBiToHVkojFO\x5b4jN\x5c:D\x3eZ\x5dw\x0aHost name: g8\x7cCP5\x0aIdle for: 6013415 seconds\x0a</data></match></read>
    <read><delim>\x0a</delim><match><data>User is offline\x0a</data></match></read>
    <read><delim>\x0a\x0a</delim><match><data>Phone \x23:Wfq?D\x7c\x5e\x0a\x0a</data></match></read>
    <read><length>134</length><match><data>Username: \x7d\x3d0\x3c9\x3bs\x5fJYM5if\x7bR\x0aReal name: ONuE4utQsvnf9\x3e:Z6\x7bG\x7c\x3cKXgLH\x7dW81\x7dpLH\x3bzN7yoiJTs3s\x0aHost name: iYY\x5fm94yTX\x0aIdle for: 10997353 seconds\x0a</data></match></read>
    <read><delim>\x0a</delim><match><data>User is offline\x0a</data></match></read>
    <read><delim>\x0a\x0a</delim><match><data>Phone \x23:o\x3cp8E7s\x0a\x0a</data></match></read>
    <read><length>107</length><match><data>Username: OA\x5cJR2Oy:e\x60Q9wI\x0aReal name: cDVaS8:Jas\x7cnLHQmZOo\x0aHost name: 4\x7df3R6X2\x7ckQJ\x0aIdle for: 7459448 seconds\x0a</data></match></read>
    <read><delim>\x0a</delim><match><data>User is offline\x0a</data></match></read>
    <read><delim>\x0a\x0a</delim><match><data>Phone \x23:Tk\x3e\x5fFCo\x0a\x0a</data></match></read>
    <read><length>111</length><match><data>Username: Kee:LT5\x60QIFV\x3b\x0aReal name: DoWpy\x5bPDk9klC\x7do\x0aHost name: oV\x5edky48iz:p?\x7d\x5em\x5bSDXDw\x0aIdle for: 2004612 seconds\x0a</data></match></read>
    <read><delim>\x0a</delim><match><data>User is offline\x0a</data></match></read>
    <read><delim>\x0a\x0a</delim><match><data>Phone \x23:\x3eS\x60\x5f\x5d\x3bf\x0a\x0a</data></match></read>
    <read><length>167</length><match><data>Username: \x3d9Th6\x40MN\x7dIW1\x3dT8S\x40bMi\x3dc5LI\x0aReal name: 04hzSr:\x7b1K\x60OB9\x5dJ\x3dNW\x3cIdQuTuKTEbg6m\x5dSRdr\x5bSQhtKPsl\x404PEEs\x5erOaK\x3cX\x0aHost name: MeuhgTu1gdYgAomRdJb\x5by\x0aIdle for: 6686727 seconds\x0a</data></match></read>
    <read><delim>\x0a</delim><match><data>User is offline\x0a</data></match></read>
    <read><delim>\x0a\x0a</delim><match><data>Phone \x23:uHPeZI\x5e\x0a\x0a</data></match></read>
    <write><data>quit\x0a</data></write>
    <read><delim>\x0a</delim><match><data>frontdoor:Goodbye\x0a</data></match></read>
</replay>
</pov>