<?xml version="1.0" standalone="no" ?>
<!DOCTYPE pov SYSTEM "/usr/share/cgc-docs/replay.dtd">
<pov>
<cbid>service</cbid>
<seed>951bf92bb169137d7cf4a7717988f1663a0719c9f7f4d45164d0853e3a600bc1971fd9cac5a97f2e4b9ccaafb561aef0</seed>
<replay>
    <read><delim>:</delim><match><data>frontdoor:</data></match></read>
    <write><data>lookupd \x2fW \x0a</data></write>
    <write><data>lookup \x2dl KSRSQYj\x40q\x5erIT8\x0a</data></write>
    <read><length>121</length><match><data>Username: KSRSQYj\x40q\x5erIT8\x0aReal name: UohacBW0wx8\x7djSWGVBSFHyjve2e\x5fpjr\x5c\x5fs\x3bipNyx7\x3d\x0aHost name: k\x60J\x0aIdle for: 16486000 seconds\x0a</data></match></read>
    <read><delim>\x0a</delim><match><data>User is offline\x0a</data></match></read>
    <read><delim>\x0a\x0a</delim><match><data>Phone \x23:z4ne0FS\x0a\x0a</data></match></read>
    <write><data>quit\x0a</data></write>
    <read><delim>\x0a</delim><match><data>frontdoor:Goodbye\x0a</data></match></read>
</replay>
</pov>