<?xml version="1.0" standalone="no" ?>
<!DOCTYPE pov SYSTEM "/usr/share/cgc-docs/replay.dtd">
<pov>
<cbid>service</cbid>
<seed>7921ada959d717bf5efa4ca8453eeae00cdcdeaf11a5e8e514f922cd8a218f3b2317c685f6465ddc428cfe523e447d6d</seed>
<replay>
    <read><delim>:</delim><match><data>frontdoor:</data></match></read>
    <write><data>ish QyXmjH\x5bEO4LQA:fKw \x2b9 \x2bL \x2bn \x2b8 \x2be  \x2bp U\x3bN:\x5c8\x5dm\x5e3n08 \x2bl p\x5dbM\x7c\x7cjHM6v3\x60QSr?\x7coQiC\x5dZUj8e help\x0a</data></write>
    <read><delim>\x0a</delim><match><data>Here is no help</data></match></read>
    <write><data>quit\x0a</data></write>
    <read><delim>\x0a</delim><match><data>frontdoor:Goodbye\x0a</data></match></read>
</replay>
</pov>