<?xml version="1.0" standalone="no" ?>
<!DOCTYPE pov SYSTEM "/usr/share/cgc-docs/replay.dtd">
<pov>
<cbid>service</cbid>
<seed>35aa87ec6a551461b965f97f5549a325fe4ff6ec580c1ead487e4ee8bba87aef7d3334d256fa5c29874452436492f76f</seed>
<replay>
    <read><delim>:</delim><match><data>frontdoor:</data></match></read>
    <write><data>mailsend\x0a</data></write>
    <write><data>ADDRESSBOOK\x0a</data></write>
    <read><delim>\x0a</delim><match><data>Address Book:</data></match></read>
    <read><delim>\x0a</delim><match><data>1\x29 m\x3dU\x3e9xvjZiD24\x7cKG\x5fK2i7\x3emnU\x3b\x5eD\x40qNujjNDEpeULwOV\x5cqFUXS\x40 \x5b0\x5d</data></match></read>
    <read><delim>\x0a</delim><match><data>2\x29 2DczihVX3YJ\x7d22\x3czw2\x7bNrbIq12Tdm\x40VBllv\x5fsu\x5b\x5dhT\x3bo7XFQ\x3blnUc \x5b0\x5d</data></match></read>
    <read><delim>\x0a</delim><match><data>3\x29 :rqxz:\x7c\x7bLVj\x3eX8Py\x40yS\x7d5c \x5b0\x5d</data></match></read>
    <read><delim>\x0a</delim><match><data>4\x29 ceFbEfObcL\x40EkDts\x40qG6r \x5b0\x5d</data></match></read>
    <read><delim>\x0a</delim><match><data>5\x29 UGi9\x5f\x40QPxh\x7cLK \x5b0\x5d</data></match></read>
    <read><delim>\x0a</delim><match><data>6\x29 \x5dGinf1gZb\x40\x7bm\x7du\x3cvmFdBNM\x40vN0\x40\x5ff\x5dqd5n\x3caOzU\x7b\x5f2ZT:\x5dcLkO \x5b0\x5d</data></match></read>
    <read><delim>\x0a</delim><match><data>7\x29 \x7c\x5cXV\x3cZ3H:\x40Ie\x60\x5bmjrVlKZ0R \x5b0\x5d</data></match></read>
    <read><delim>\x0a</delim><match><data>8\x29 yOI7luRM\x40AN5V\x3bm\x40Xvogp3dWmf?\x40i\x3dew\x7dEY8tG \x5b0\x5d</data></match></read>
    <read><delim>\x0a</delim><match><data>9\x29 zYF:1B\x5dQIiM\x60ySOlXcSZiGM\x40Js\x5cX\x60OSui\x5f2gx\x3d \x5b0\x5d</data></match></read>
    <read><delim>\x0a</delim><match><data>10\x29 ziTyIiugJuJDw\x3e?koMm\x5f3\x40G6\x5d3o1c\x40NKdn\x5fB1d?7TNLdf9 \x5b0\x5d</data></match></read>
    <write><data>QUIT\x0a</data></write>
    <read><delim>\x0a</delim><match><data>Goodbye.</data></match></read>
    <write><data>quit\x0a</data></write>
    <read><delim>\x0a</delim><match><data>frontdoor:Goodbye\x0a</data></match></read>
</replay>
</pov>