<?xml version="1.0" standalone="no" ?>
<!DOCTYPE pov SYSTEM "/usr/share/cgc-docs/replay.dtd">
<pov>
<cbid>service</cbid>
<seed>28ccbacf3a5e79c640bdd9f9ca8574c3bda70f540535407441a1d63905bacc8a379ac9279968a79efbd8d4d3436d050d</seed>
<replay>
    <read><delim>:</delim><match><data>frontdoor:</data></match></read>
    <write><data>lookupd \x0a</data></write>
    <write><data>lookup \x2ds pVljXVNnJfmLpH8HbAo0E\x5dzTfi3YX\x0a</data></write>
    <read><delim>\x0a</delim><match><data>Username: pVljXVNnJfmLpH8HbAo0E\x5dzTfi3YX\x0a</data></match></read>
    <read><delim>\x0a</delim><match><data>Real name: zY\x40ImCqkBuCu\x5flMrm\x40\x5c\x3eFzRkLvrNf4lR\x0a</data></match></read>
    <read><delim>\x0a</delim><match><data>Phone \x23:DBcQeZ9\x0a</data></match></read>
    <read><delim>\x0a</delim><match><data>\x0a</data></match></read>
    <write><data>quit\x0a</data></write>
    <read><delim>\x0a</delim><match><data>frontdoor:Goodbye\x0a</data></match></read>
</replay>
</pov>