<?xml version="1.0" standalone="no" ?>
<!DOCTYPE pov SYSTEM "/usr/share/cgc-docs/replay.dtd">
<pov>
<cbid>service</cbid>
<seed>41f2dc62e43752641cfe3b754cf8c2cf524ed99e70f8c525e56e07b07f4ee3a6cbaec18480b53ff609085b85c29e5615</seed>
<replay>
    <read><delim>:</delim><match><data>frontdoor:</data></match></read>
    <write><data>lookupd \x0a</data></write>
    <write><data>lookup \x2ds DhH\x5fYye\x5f3Lb\x0a</data></write>
    <read><delim>\x0a</delim><match><data>Username: DhH\x5fYye\x5f3Lb\x0a</data></match></read>
    <read><delim>\x0a</delim><match><data>Real name: 7ca41HDEnte\x40SE\x7dqPaA\x7buZz0TkJf\x5bq\x7c\x7bn\x60\x7bk\x3bP\x7b\x3d6b\x0a</data></match></read>
    <read><delim>\x0a</delim><match><data>Phone \x23:IXzMo2X\x0a</data></match></read>
    <read><delim>\x0a</delim><match><data>\x0a</data></match></read>
    <write><data>quit\x0a</data></write>
    <read><delim>\x0a</delim><match><data>frontdoor:Goodbye\x0a</data></match></read>
</replay>
</pov>