<?xml version="1.0" standalone="no" ?>
<!DOCTYPE pov SYSTEM "/usr/share/cgc-docs/replay.dtd">
<pov>
<cbid>service</cbid>
<seed>6d2ec61e081458ec0a65823192ad410ef176622116c0306e66ac96b348d0a7003fc4a403c05aaac4eafdfa14bf90073c</seed>
<replay>
    <read><delim>:</delim><match><data>frontdoor:</data></match></read>
    <write><data>lookupd \x2fW \x0a</data></write>
    <write><data>lookup \x2dl \x0a</data></write>
    <read><length>152</length><match><data>Username: HKKQb\x3b\x3b9BB4C\x0aReal name: qjYKgN\x3cqxAlRbt?6\x5b?\x40knpT8J\x5eV\x5bY\x5fJH4tT\x6073IwmN\x5etDlqCb14\x3bCN\x60HcREyZ\x0aHost name: 1\x7ce\x3b6\x3dBNT\x7cIR\x3bDR\x5bG\x0aIdle for: 12040175 seconds\x0a</data></match></read>
    <read><delim>\x0a</delim><match><data>User is offline\x0a</data></match></read>
    <read><delim>\x0a\x0a</delim><match><data>Phone \x23:mhJRxCb\x0a\x0a</data></match></read>
    <read><length>103</length><match><data>Username: TPiT\x7c\x0aReal name: Xb\x3eTRM\x40K9\x5b\x7b?Dh3L:ZclwBz\x3be\x5ftW\x5cyb0\x0aHost name: \x5c\x5cK\x5b\x0aIdle for: 15826452 seconds\x0a</data></match></read>
    <read><delim>\x0a</delim><match><data>User is offline\x0a</data></match></read>
    <read><delim>\x0a\x0a</delim><match><data>Phone \x23:qLy\x3egkj\x0a\x0a</data></match></read>
    <read><length>119</length><match><data>Username: 6\x7cl\x3cU9IunTE\x40Bp\x7btVH\x5dwy1\x7bMqW\x3cE\x5d\x0aReal name: m4JhE\x3cQU\x5ewd\x0aHost name: DXUHPIz9O\x3dd\x5cr\x5eJey\x0aIdle for: 15645491 seconds\x0a</data></match></read>
    <read><delim>\x0a</delim><match><data>User is offline\x0a</data></match></read>
    <read><delim>\x0a\x0a</delim><match><data>Phone \x23:o\x3dtWKad\x0a\x0a</data></match></read>
    <read><length>105</length><match><data>Username: LBHpoiULR\x0aReal name: Sl\x40\x5cDh0lUEO:\x5d\x5e\x3bEyIs\x3dg\x5cGxD\x0aHost name: t\x3e\x3cLIZ32:J\x0aIdle for: 6874595 seconds\x0a</data></match></read>
    <read><delim>\x0a</delim><match><data>User is offline\x0a</data></match></read>
    <read><delim>\x0a\x0a</delim><match><data>Phone \x23:alpg\x3dPp\x0a\x0a</data></match></read>
    <read><length>116</length><match><data>Username: 3X\x5byi\x7c\x0aReal name: \x5dFn5\x3e\x60\x3eVjRX\x3eGTe5F\x5ffLWYanp2EP8TiR2\x0aHost name: 2fCf0iAHUZkW7Fp8\x0aIdle for: 5955679 seconds\x0a</data></match></read>
    <read><delim>\x0a</delim><match><data>User is offline\x0a</data></match></read>
    <read><delim>\x0a\x0a</delim><match><data>Phone \x23:Kd\x3e44ac\x0a\x0a</data></match></read>
    <read><length>106</length><match><data>Username: bHKNTy6\x40kNbKwCT7rF\x0aReal name: \x40sRvyp\x5dMh\x5bCNHrA5v\x0aHost name: Iki\x3ci\x60PaZ\x0aIdle for: 11454891 seconds\x0a</data></match></read>
    <read><delim>\x0a</delim><match><data>User is offline\x0a</data></match></read>
    <read><delim>\x0a\x0a</delim><match><data>Phone \x23:M\x3eu?2wb\x0a\x0a</data></match></read>
    <read><length>121</length><match><data>Username: \x7dcVnOH\x7bCdg\x5eq\x7c\x5c\x40S\x5c4Hm\x0aReal name: TURt\x3bOl\x7bFQCtt\x0aHost name: 4nscGehJwOO1t?\x7b?R\x3daWm8\x7dKGuX\x0aIdle for: 1721082 seconds\x0a</data></match></read>
    <read><delim>\x0a</delim><match><data>User is offline\x0a</data></match></read>
    <read><delim>\x0a\x0a</delim><match><data>Phone \x23:IugXK\x3d4\x0a\x0a</data></match></read>
    <read><length>104</length><match><data>Username: \x5cR\x7c3wQH:GTaGrUSl\x3dpK7\x5f\x0aReal name: rcI1uOTG\x5f2C8GOe\x0aHost name: J0HB?k\x0aIdle for: 13467928 seconds\x0a</data></match></read>
    <read><delim>\x0a</delim><match><data>User is offline\x0a</data></match></read>
    <read><delim>\x0a\x0a</delim><match><data>Phone \x23:rY6DH0r\x0a\x0a</data></match></read>
    <read><length>125</length><match><data>Username: \x5cOYD\x3ew\x5d?\x3d0Ge\x0aReal name: ns?:F\x7c:o\x40Z\x3bx\x5d\x5bYZvK\x7dl\x5ePgyqQ:\x7c\x7bWG\x0aHost name: V\x5d89\x3cce\x60a2\x7burNqlnsHqS\x0aIdle for: 8250737 seconds\x0a</data></match></read>
    <read><delim>\x0a</delim><match><data>User is offline\x0a</data></match></read>
    <read><delim>\x0a\x0a</delim><match><data>Phone \x23:yq7Xuk\x7c\x0a\x0a</data></match></read>
    <read><length>114</length><match><data>Username: st\x60W\x3ec\x7cWF?ld\x0aReal name: eAB\x3b7JrqCLY5wF\x60\x7b\x40\x3b0a\x0aHost name: \x3eV9moLD\x5dGs\x3eZ\x5bw\x3bx?9w\x5f\x3bb\x0aIdle for: 328093 seconds\x0a</data></match></read>
    <read><delim>\x0a</delim><match><data>User is offline\x0a</data></match></read>
    <read><delim>\x0a\x0a</delim><match><data>Phone \x23:YJbYThY\x0a\x0a</data></match></read>
    <read><length>134</length><match><data>Username: cJ\x7d5Jtf\x7d\x3e6llwnn\x5f\x3dZ\x3eN\x0aReal name: 5M?v?h76az\x5et03\x40\x7dOm116Sl?\x5ba1Ohu\x5bs\x5bh\x40\x3dPQ7zd9n?s\x5eU\x0aHost name: exLp5\x0aIdle for: 16458714 seconds\x0a</data></match></read>
    <read><delim>\x0a</delim><match><data>User is offline\x0a</data></match></read>
    <read><delim>\x0a\x0a</delim><match><data>Phone \x23:a6SyOz8\x0a\x0a</data></match></read>
    <write><data>quit\x0a</data></write>
    <read><delim>\x0a</delim><match><data>frontdoor:Goodbye\x0a</data></match></read>
</replay>
</pov>