<?xml version="1.0" standalone="no" ?>
<!DOCTYPE pov SYSTEM "/usr/share/cgc-docs/replay.dtd">
<pov>
<cbid>service</cbid>
<seed>64d57353cf9549b70111f4a53ce66dc908e858b82d40f97f152420450cbf7379cf3dfab2631cdbe61f8609aa6aebe678</seed>
<replay>
    <read><delim>:</delim><match><data>frontdoor:</data></match></read>
    <write><data>lookupd \x0a</data></write>
    <write><data>lookup Qi\x60t7:2d\x7cS\x7b9\x7c0NuCy?\x0a</data></write>
    <read><length>147</length><match><data>Username: Qi\x60t7:2d\x7cS\x7b9\x7c0NuCy?\x0aReal name: \x5dj:xr\x3e\x5cSYbmLAJ2\x60K6v\x60BM3h1F\x3cC\x5cg\x5cd3v:\x7czi5nmApen\x3b\x5c\x0aHost name: \x40j\x5fFeBX\x40Qi4g\x5fgj\x7cD3J\x0aIdle for: 16284827 seconds\x0a</data></match></read>
    <read><delim>\x0a</delim><match><data>User is offline\x0a</data></match></read>
    <read><delim>\x0a\x0a</delim><match><data>Phone \x23:JnpOQu3\x0a\x0a</data></match></read>
    <write><data>quit\x0a</data></write>
    <read><delim>\x0a</delim><match><data>frontdoor:Goodbye\x0a</data></match></read>
</replay>
</pov>