<?xml version="1.0" standalone="no" ?>
<!DOCTYPE pov SYSTEM "/usr/share/cgc-docs/replay.dtd">
<pov>
<cbid>service</cbid>
<seed>c678993a5dfc48bdef24f12286dd4f7f53289d4374b181974df48ffc4777d5afff725807dbb9967d08a2d1656a908b2e</seed>
<replay>
    <read><length>12</length><match><data>00\x87\x9f\x2b\xee\xc27N00W</data></match></read>
    <read><length>2</length><match><data>WW</data></match></read>
    <read><length>11</length><match><data>\xd8\xa7e\x9f\xee\xd8\x2b\x9f\x7f\x5fW</data></match></read>
    <read><length>23</length><match><data>B!\xee\xc2\xd7\xd7\xee\x29t\x9f\x7d\xee\xebt\xee\x3de\xb8\xda\xa7\xda\xddW</data></match></read>
    <read><length>28</length><match><data>\xd1!\xee\x03\x2bj\x2b\xea\x2b\xee\x29t\x9f\x7d\xee\xa2\xdat7\xee\x3de\xb8\xda\xa7\xda\xddW</data></match></read>
    <read><length>19</length><match><data>\x83!\xee\x29\x2bj\x2b\x1e\xea\xee\x95j\xa7\xddje\xd0\xeaW</data></match></read>
    <read><length>14</length><match><data>\x19!\xee\x3de\xd0\xea\xee\x29t\x9f\x7d\xd0W</data></match></read>
    <read><length>34</length><match><data>\x94!\xee\x29t\xda\xea\xee\xd3\xdd\xee\x29t\x9f\x7d\xee\x93\x03\xee\xf5\x03\x2b\x60\xa7\x7fj\xea\xee\x29t\xda\xea\x8bW</data></match></read>
    <read><length>22</length><match><data>\x2d!\xee\x29t\xda\xea\xee\xd3\xdd\xee\x29t\x9f\x7d\xee\xebe\xeaj\x2bW</data></match></read>
    <read><length>28</length><match><data>\x9a!\xee\x29t\xda\xea\xee\xd3\xdd\xee\xc2\xda\xeae\xd0\xea\xee\xa7\x9f\xd7\xee\xc2j\xb8\x7f7W</data></match></read>
    <read><length>33</length><match><data>\xff!\xee\x29t\xda\xea\xee\xd3\xdd\xee\xc2\xda\xeae\xd0\xea\xee\xa7\x9f\xd7\xee\x29t\x9f\x7d\xee\xebe\xeaj\x2bW</data></match></read>
    <read><length>17</length><match><data>\xd5!\xee\x29t\xda\xea\xee\xd3\xdd\xee\xc2j\xb8\x7f7W</data></match></read>
    <read><length>33</length><match><data>B\xaa!\xee\x29t\xda\xea\xee\xd3\xdd\xee\xc2j\xb8\x7f7\xee\xa7\x9f\xd7\xee\x29t\x9f\x7d\xee\xebe\xeaj\x2bW</data></match></read>
    <read><length>16</length><match><data>BB!\xee\xd6\x2b7eZ\xee\xeb\xda\xa7\x1e\xf1W</data></match></read>
    <read><length>20</length><match><data>B\xd1!\xee\x89\xda\x2b\xa7\xea\x2b\xee\x95j\xa7\xddje\xd0\xeaW</data></match></read>
    <read><length>20</length><match><data>B\x83!\xee\x03\x2bj\x2b\xea\x2b\xee\x95j\xa7\xddje\xd0\xeaW</data></match></read>
    <read><length>19</length><match><data>B\x19!\xee\x3de\xd0\xea\xee\x95j\xa7\xddje\xd0\xea\xd0W</data></match></read>
    <read><length>9</length><match><data>B\x94!\xee\x25Ze\xeaW</data></match></read>
    <read><length>6</length><match><data>b\x5f\x5f\x7c\xee\xee</data></match></read>
    <write><data>B\x83W</data></write>
    <read><length>27</length><match><data>\x25\x9f\xea\x2b\xda\xee\x95j\xa7\xddje\xd0\xea\xee\x93\x03\xee\xeat\xee\xd7\x2bj\x2b\xea\x2b</data></match></read>
    <read><length>5</length><match><data>b\x5f\x5f\x7c\xee</data></match></read>
    <write><data>\xaaW</data></write>
    <read><length>16</length><match><data>\xd3\xa7\xd7\xee\x95j\xa7\xddje\xd0\xea\xee\x93\x03W</data></match></read>
    <read><length>11</length><match><data>\xd8\xa7e\x9f\xee\xd8\x2b\x9f\x7f\x5fW</data></match></read>
    <read><length>23</length><match><data>B!\xee\xc2\xd7\xd7\xee\x29t\x9f\x7d\xee\xebt\xee\x3de\xb8\xda\xa7\xda\xddW</data></match></read>
    <read><length>28</length><match><data>\xd1!\xee\x03\x2bj\x2b\xea\x2b\xee\x29t\x9f\x7d\xee\xa2\xdat7\xee\x3de\xb8\xda\xa7\xda\xddW</data></match></read>
    <read><length>19</length><match><data>\x83!\xee\x29\x2bj\x2b\x1e\xea\xee\x95j\xa7\xddje\xd0\xeaW</data></match></read>
    <read><length>14</length><match><data>\x19!\xee\x3de\xd0\xea\xee\x29t\x9f\x7d\xd0W</data></match></read>
    <read><length>34</length><match><data>\x94!\xee\x29t\xda\xea\xee\xd3\xdd\xee\x29t\x9f\x7d\xee\x93\x03\xee\xf5\x03\x2b\x60\xa7\x7fj\xea\xee\x29t\xda\xea\x8bW</data></match></read>
    <read><length>22</length><match><data>\x2d!\xee\x29t\xda\xea\xee\xd3\xdd\xee\x29t\x9f\x7d\xee\xebe\xeaj\x2bW</data></match></read>
    <read><length>28</length><match><data>\x9a!\xee\x29t\xda\xea\xee\xd3\xdd\xee\xc2\xda\xeae\xd0\xea\xee\xa7\x9f\xd7\xee\xc2j\xb8\x7f7W</data></match></read>
    <read><length>33</length><match><data>\xff!\xee\x29t\xda\xea\xee\xd3\xdd\xee\xc2\xda\xeae\xd0\xea\xee\xa7\x9f\xd7\xee\x29t\x9f\x7d\xee\xebe\xeaj\x2bW</data></match></read>
    <read><length>17</length><match><data>\xd5!\xee\x29t\xda\xea\xee\xd3\xdd\xee\xc2j\xb8\x7f7W</data></match></read>
    <read><length>33</length><match><data>B\xaa!\xee\x29t\xda\xea\xee\xd3\xdd\xee\xc2j\xb8\x7f7\xee\xa7\x9f\xd7\xee\x29t\x9f\x7d\xee\xebe\xeaj\x2bW</data></match></read>
    <read><length>16</length><match><data>BB!\xee\xd6\x2b7eZ\xee\xeb\xda\xa7\x1e\xf1W</data></match></read>
    <read><length>20</length><match><data>B\xd1!\xee\x89\xda\x2b\xa7\xea\x2b\xee\x95j\xa7\xddje\xd0\xeaW</data></match></read>
    <read><length>20</length><match><data>B\x83!\xee\x03\x2bj\x2b\xea\x2b\xee\x95j\xa7\xddje\xd0\xeaW</data></match></read>
    <read><length>19</length><match><data>B\x19!\xee\x3de\xd0\xea\xee\x95j\xa7\xddje\xd0\xea\xd0W</data></match></read>
    <read><length>9</length><match><data>B\x94!\xee\x25Ze\xeaW</data></match></read>
    <read><length>6</length><match><data>b\x5f\x5f\x7c\xee\xee</data></match></read>
    <write><data>B\x83W</data></write>
    <read><length>27</length><match><data>\x25\x9f\xea\x2b\xda\xee\x95j\xa7\xddje\xd0\xea\xee\x93\x03\xee\xeat\xee\xd7\x2bj\x2b\xea\x2b</data></match></read>
    <read><length>5</length><match><data>b\x5f\x5f\x7c\xee</data></match></read>
    <write><data>\xaaW</data></write>
    <read><length>16</length><match><data>\xd3\xa7\xd7\xee\x95j\xa7\xddje\xd0\xea\xee\x93\x03W</data></match></read>
    <read><length>11</length><match><data>\xd8\xa7e\x9f\xee\xd8\x2b\x9f\x7f\x5fW</data></match></read>
    <read><length>23</length><match><data>B!\xee\xc2\xd7\xd7\xee\x29t\x9f\x7d\xee\xebt\xee\x3de\xb8\xda\xa7\xda\xddW</data></match></read>
    <read><length>28</length><match><data>\xd1!\xee\x03\x2bj\x2b\xea\x2b\xee\x29t\x9f\x7d\xee\xa2\xdat7\xee\x3de\xb8\xda\xa7\xda\xddW</data></match></read>
    <read><length>19</length><match><data>\x83!\xee\x29\x2bj\x2b\x1e\xea\xee\x95j\xa7\xddje\xd0\xeaW</data></match></read>
    <read><length>14</length><match><data>\x19!\xee\x3de\xd0\xea\xee\x29t\x9f\x7d\xd0W</data></match></read>
    <read><length>34</length><match><data>\x94!\xee\x29t\xda\xea\xee\xd3\xdd\xee\x29t\x9f\x7d\xee\x93\x03\xee\xf5\x03\x2b\x60\xa7\x7fj\xea\xee\x29t\xda\xea\x8bW</data></match></read>
    <read><length>22</length><match><data>\x2d!\xee\x29t\xda\xea\xee\xd3\xdd\xee\x29t\x9f\x7d\xee\xebe\xeaj\x2bW</data></match></read>
    <read><length>28</length><match><data>\x9a!\xee\x29t\xda\xea\xee\xd3\xdd\xee\xc2\xda\xeae\xd0\xea\xee\xa7\x9f\xd7\xee\xc2j\xb8\x7f7W</data></match></read>
    <read><length>33</length><match><data>\xff!\xee\x29t\xda\xea\xee\xd3\xdd\xee\xc2\xda\xeae\xd0\xea\xee\xa7\x9f\xd7\xee\x29t\x9f\x7d\xee\xebe\xeaj\x2bW</data></match></read>
    <read><length>17</length><match><data>\xd5!\xee\x29t\xda\xea\xee\xd3\xdd\xee\xc2j\xb8\x7f7W</data></match></read>
    <read><length>33</length><match><data>B\xaa!\xee\x29t\xda\xea\xee\xd3\xdd\xee\xc2j\xb8\x7f7\xee\xa7\x9f\xd7\xee\x29t\x9f\x7d\xee\xebe\xeaj\x2bW</data></match></read>
    <read><length>16</length><match><data>BB!\xee\xd6\x2b7eZ\xee\xeb\xda\xa7\x1e\xf1W</data></match></read>
    <read><length>20</length><match><data>B\xd1!\xee\x89\xda\x2b\xa7\xea\x2b\xee\x95j\xa7\xddje\xd0\xeaW</data></match></read>
    <read><length>20</length><match><data>B\x83!\xee\x03\x2bj\x2b\xea\x2b\xee\x95j\xa7\xddje\xd0\xeaW</data></match></read>
    <read><length>19</length><match><data>B\x19!\xee\x3de\xd0\xea\xee\x95j\xa7\xddje\xd0\xea\xd0W</data></match></read>
    <read><length>9</length><match><data>B\x94!\xee\x25Ze\xeaW</data></match></read>
    <read><length>6</length><match><data>b\x5f\x5f\x7c\xee\xee</data></match></read>
    <write><data>B\x94W</data></write>
    <read><length>19</length><match><data>00\x25Ze\xea\x2b\xd7\xee\x87\x9f\x2b\xee\xc27N00W</data></match></read>
</replay>
</pov>