<?xml version="1.0" standalone="no" ?>
<!DOCTYPE pov SYSTEM "/usr/share/cgc-docs/replay.dtd">
<pov>
<cbid>service</cbid>
<seed>700bfc6d7aabe9198304e784c18f9bc8af51b9439d40c42bb70f7f00a384a2184b8ec9af7a4812c7f987477672c0bf81</seed>
<replay>
    <read><length>12</length><match><data>00\x87\x9f\x2b\xee\xc27N00W</data></match></read>
    <read><length>2</length><match><data>WW</data></match></read>
    <read><length>11</length><match><data>\xd8\xa7e\x9f\xee\xd8\x2b\x9f\x7f\x5fW</data></match></read>
    <read><length>23</length><match><data>B!\xee\xc2\xd7\xd7\xee\x29t\x9f\x7d\xee\xebt\xee\x3de\xb8\xda\xa7\xda\xddW</data></match></read>
    <read><length>28</length><match><data>\xd1!\xee\x03\x2bj\x2b\xea\x2b\xee\x29t\x9f\x7d\xee\xa2\xdat7\xee\x3de\xb8\xda\xa7\xda\xddW</data></match></read>
    <read><length>19</length><match><data>\x83!\xee\x29\x2bj\x2b\x1e\xea\xee\x95j\xa7\xddje\xd0\xeaW</data></match></read>
    <read><length>14</length><match><data>\x19!\xee\x3de\xd0\xea\xee\x29t\x9f\x7d\xd0W</data></match></read>
    <read><length>34</length><match><data>\x94!\xee\x29t\xda\xea\xee\xd3\xdd\xee\x29t\x9f\x7d\xee\x93\x03\xee\xf5\x03\x2b\x60\xa7\x7fj\xea\xee\x29t\xda\xea\x8bW</data></match></read>
    <read><length>22</length><match><data>\x2d!\xee\x29t\xda\xea\xee\xd3\xdd\xee\x29t\x9f\x7d\xee\xebe\xeaj\x2bW</data></match></read>
    <read><length>28</length><match><data>\x9a!\xee\x29t\xda\xea\xee\xd3\xdd\xee\xc2\xda\xeae\xd0\xea\xee\xa7\x9f\xd7\xee\xc2j\xb8\x7f7W</data></match></read>
    <read><length>33</length><match><data>\xff!\xee\x29t\xda\xea\xee\xd3\xdd\xee\xc2\xda\xeae\xd0\xea\xee\xa7\x9f\xd7\xee\x29t\x9f\x7d\xee\xebe\xeaj\x2bW</data></match></read>
    <read><length>17</length><match><data>\xd5!\xee\x29t\xda\xea\xee\xd3\xdd\xee\xc2j\xb8\x7f7W</data></match></read>
    <read><length>33</length><match><data>B\xaa!\xee\x29t\xda\xea\xee\xd3\xdd\xee\xc2j\xb8\x7f7\xee\xa7\x9f\xd7\xee\x29t\x9f\x7d\xee\xebe\xeaj\x2bW</data></match></read>
    <read><length>16</length><match><data>BB!\xee\xd6\x2b7eZ\xee\xeb\xda\xa7\x1e\xf1W</data></match></read>
    <read><length>20</length><match><data>B\xd1!\xee\x89\xda\x2b\xa7\xea\x2b\xee\x95j\xa7\xddje\xd0\xeaW</data></match></read>
    <read><length>20</length><match><data>B\x83!\xee\x03\x2bj\x2b\xea\x2b\xee\x95j\xa7\xddje\xd0\xeaW</data></match></read>
    <read><length>19</length><match><data>B\x19!\xee\x3de\xd0\xea\xee\x95j\xa7\xddje\xd0\xea\xd0W</data></match></read>
    <read><length>9</length><match><data>B\x94!\xee\x25Ze\xeaW</data></match></read>
    <read><length>6</length><match><data>b\x5f\x5f\x7c\xee\xee</data></match></read>
    <write><data>BBW</data></write>
    <read><length>23</length><match><data>\x25\x9f\xea\x2b\xda\xee\x29t\x9f\x7d\xee\x93\x03\xee\xeat\xee\xda\x2b7eZW</data></match></read>
    <read><length>5</length><match><data>b\x5f\x5f\x7c\xee</data></match></read>
    <write><data>\xaaW</data></write>
    <read><length>22</length><match><data>\x89t\x7fj\xd7\xee\x9ft\xea\xee\xda\x2b7eZ\xee\xea\xda\xa7\x1e\xf1W</data></match></read>
    <read><length>11</length><match><data>\xd8\xa7e\x9f\xee\xd8\x2b\x9f\x7f\x5fW</data></match></read>
    <read><length>23</length><match><data>B!\xee\xc2\xd7\xd7\xee\x29t\x9f\x7d\xee\xebt\xee\x3de\xb8\xda\xa7\xda\xddW</data></match></read>
    <read><length>28</length><match><data>\xd1!\xee\x03\x2bj\x2b\xea\x2b\xee\x29t\x9f\x7d\xee\xa2\xdat7\xee\x3de\xb8\xda\xa7\xda\xddW</data></match></read>
    <read><length>19</length><match><data>\x83!\xee\x29\x2bj\x2b\x1e\xea\xee\x95j\xa7\xddje\xd0\xeaW</data></match></read>
    <read><length>14</length><match><data>\x19!\xee\x3de\xd0\xea\xee\x29t\x9f\x7d\xd0W</data></match></read>
    <read><length>34</length><match><data>\x94!\xee\x29t\xda\xea\xee\xd3\xdd\xee\x29t\x9f\x7d\xee\x93\x03\xee\xf5\x03\x2b\x60\xa7\x7fj\xea\xee\x29t\xda\xea\x8bW</data></match></read>
    <read><length>22</length><match><data>\x2d!\xee\x29t\xda\xea\xee\xd3\xdd\xee\x29t\x9f\x7d\xee\xebe\xeaj\x2bW</data></match></read>
    <read><length>28</length><match><data>\x9a!\xee\x29t\xda\xea\xee\xd3\xdd\xee\xc2\xda\xeae\xd0\xea\xee\xa7\x9f\xd7\xee\xc2j\xb8\x7f7W</data></match></read>
    <read><length>33</length><match><data>\xff!\xee\x29t\xda\xea\xee\xd3\xdd\xee\xc2\xda\xeae\xd0\xea\xee\xa7\x9f\xd7\xee\x29t\x9f\x7d\xee\xebe\xeaj\x2bW</data></match></read>
    <read><length>17</length><match><data>\xd5!\xee\x29t\xda\xea\xee\xd3\xdd\xee\xc2j\xb8\x7f7W</data></match></read>
    <read><length>33</length><match><data>B\xaa!\xee\x29t\xda\xea\xee\xd3\xdd\xee\xc2j\xb8\x7f7\xee\xa7\x9f\xd7\xee\x29t\x9f\x7d\xee\xebe\xeaj\x2bW</data></match></read>
    <read><length>16</length><match><data>BB!\xee\xd6\x2b7eZ\xee\xeb\xda\xa7\x1e\xf1W</data></match></read>
    <read><length>20</length><match><data>B\xd1!\xee\x89\xda\x2b\xa7\xea\x2b\xee\x95j\xa7\xddje\xd0\xeaW</data></match></read>
    <read><length>20</length><match><data>B\x83!\xee\x03\x2bj\x2b\xea\x2b\xee\x95j\xa7\xddje\xd0\xeaW</data></match></read>
    <read><length>19</length><match><data>B\x19!\xee\x3de\xd0\xea\xee\x95j\xa7\xddje\xd0\xea\xd0W</data></match></read>
    <read><length>9</length><match><data>B\x94!\xee\x25Ze\xeaW</data></match></read>
    <read><length>6</length><match><data>b\x5f\x5f\x7c\xee\xee</data></match></read>
    <write><data>B\xd1W</data></write>
    <read><length>35</length><match><data>\x89\xda\x2b\xa7\xea\x2b\xd7\xee\xa7\xee\x9f\x2b\xc1\xeeNj\xa7\xddje\xd0\xea\xee\xc1e\xea\x05\xee\x93\x03\xeeb\xaa\x7cW</data></match></read>
    <read><length>11</length><match><data>\xd8\xa7e\x9f\xee\xd8\x2b\x9f\x7f\x5fW</data></match></read>
    <read><length>23</length><match><data>B!\xee\xc2\xd7\xd7\xee\x29t\x9f\x7d\xee\xebt\xee\x3de\xb8\xda\xa7\xda\xddW</data></match></read>
    <read><length>28</length><match><data>\xd1!\xee\x03\x2bj\x2b\xea\x2b\xee\x29t\x9f\x7d\xee\xa2\xdat7\xee\x3de\xb8\xda\xa7\xda\xddW</data></match></read>
    <read><length>19</length><match><data>\x83!\xee\x29\x2bj\x2b\x1e\xea\xee\x95j\xa7\xddje\xd0\xeaW</data></match></read>
    <read><length>14</length><match><data>\x19!\xee\x3de\xd0\xea\xee\x29t\x9f\x7d\xd0W</data></match></read>
    <read><length>34</length><match><data>\x94!\xee\x29t\xda\xea\xee\xd3\xdd\xee\x29t\x9f\x7d\xee\x93\x03\xee\xf5\x03\x2b\x60\xa7\x7fj\xea\xee\x29t\xda\xea\x8bW</data></match></read>
    <read><length>22</length><match><data>\x2d!\xee\x29t\xda\xea\xee\xd3\xdd\xee\x29t\x9f\x7d\xee\xebe\xeaj\x2bW</data></match></read>
    <read><length>28</length><match><data>\x9a!\xee\x29t\xda\xea\xee\xd3\xdd\xee\xc2\xda\xeae\xd0\xea\xee\xa7\x9f\xd7\xee\xc2j\xb8\x7f7W</data></match></read>
    <read><length>33</length><match><data>\xff!\xee\x29t\xda\xea\xee\xd3\xdd\xee\xc2\xda\xeae\xd0\xea\xee\xa7\x9f\xd7\xee\x29t\x9f\x7d\xee\xebe\xeaj\x2bW</data></match></read>
    <read><length>17</length><match><data>\xd5!\xee\x29t\xda\xea\xee\xd3\xdd\xee\xc2j\xb8\x7f7W</data></match></read>
    <read><length>33</length><match><data>B\xaa!\xee\x29t\xda\xea\xee\xd3\xdd\xee\xc2j\xb8\x7f7\xee\xa7\x9f\xd7\xee\x29t\x9f\x7d\xee\xebe\xeaj\x2bW</data></match></read>
    <read><length>16</length><match><data>BB!\xee\xd6\x2b7eZ\xee\xeb\xda\xa7\x1e\xf1W</data></match></read>
    <read><length>20</length><match><data>B\xd1!\xee\x89\xda\x2b\xa7\xea\x2b\xee\x95j\xa7\xddje\xd0\xeaW</data></match></read>
    <read><length>20</length><match><data>B\x83!\xee\x03\x2bj\x2b\xea\x2b\xee\x95j\xa7\xddje\xd0\xeaW</data></match></read>
    <read><length>19</length><match><data>B\x19!\xee\x3de\xd0\xea\xee\x95j\xa7\xddje\xd0\xea\xd0W</data></match></read>
    <read><length>9</length><match><data>B\x94!\xee\x25Ze\xeaW</data></match></read>
    <read><length>6</length><match><data>b\x5f\x5f\x7c\xee\xee</data></match></read>
    <write><data>B\x83W</data></write>
    <read><length>27</length><match><data>\x25\x9f\xea\x2b\xda\xee\x95j\xa7\xddje\xd0\xea\xee\x93\x03\xee\xeat\xee\xd7\x2bj\x2b\xea\x2b</data></match></read>
    <read><length>5</length><match><data>b\x5f\x5f\x7c\xee</data></match></read>
    <write><data>\xd1W</data></write>
    <read><length>16</length><match><data>\xd3\xa7\xd7\xee\x95j\xa7\xddje\xd0\xea\xee\x93\x03W</data></match></read>
    <read><length>11</length><match><data>\xd8\xa7e\x9f\xee\xd8\x2b\x9f\x7f\x5fW</data></match></read>
    <read><length>23</length><match><data>B!\xee\xc2\xd7\xd7\xee\x29t\x9f\x7d\xee\xebt\xee\x3de\xb8\xda\xa7\xda\xddW</data></match></read>
    <read><length>28</length><match><data>\xd1!\xee\x03\x2bj\x2b\xea\x2b\xee\x29t\x9f\x7d\xee\xa2\xdat7\xee\x3de\xb8\xda\xa7\xda\xddW</data></match></read>
    <read><length>19</length><match><data>\x83!\xee\x29\x2bj\x2b\x1e\xea\xee\x95j\xa7\xddje\xd0\xeaW</data></match></read>
    <read><length>14</length><match><data>\x19!\xee\x3de\xd0\xea\xee\x29t\x9f\x7d\xd0W</data></match></read>
    <read><length>34</length><match><data>\x94!\xee\x29t\xda\xea\xee\xd3\xdd\xee\x29t\x9f\x7d\xee\x93\x03\xee\xf5\x03\x2b\x60\xa7\x7fj\xea\xee\x29t\xda\xea\x8bW</data></match></read>
    <read><length>22</length><match><data>\x2d!\xee\x29t\xda\xea\xee\xd3\xdd\xee\x29t\x9f\x7d\xee\xebe\xeaj\x2bW</data></match></read>
    <read><length>28</length><match><data>\x9a!\xee\x29t\xda\xea\xee\xd3\xdd\xee\xc2\xda\xeae\xd0\xea\xee\xa7\x9f\xd7\xee\xc2j\xb8\x7f7W</data></match></read>
    <read><length>33</length><match><data>\xff!\xee\x29t\xda\xea\xee\xd3\xdd\xee\xc2\xda\xeae\xd0\xea\xee\xa7\x9f\xd7\xee\x29t\x9f\x7d\xee\xebe\xeaj\x2bW</data></match></read>
    <read><length>17</length><match><data>\xd5!\xee\x29t\xda\xea\xee\xd3\xdd\xee\xc2j\xb8\x7f7W</data></match></read>
    <read><length>33</length><match><data>B\xaa!\xee\x29t\xda\xea\xee\xd3\xdd\xee\xc2j\xb8\x7f7\xee\xa7\x9f\xd7\xee\x29t\x9f\x7d\xee\xebe\xeaj\x2bW</data></match></read>
    <read><length>16</length><match><data>BB!\xee\xd6\x2b7eZ\xee\xeb\xda\xa7\x1e\xf1W</data></match></read>
    <read><length>20</length><match><data>B\xd1!\xee\x89\xda\x2b\xa7\xea\x2b\xee\x95j\xa7\xddje\xd0\xeaW</data></match></read>
    <read><length>20</length><match><data>B\x83!\xee\x03\x2bj\x2b\xea\x2b\xee\x95j\xa7\xddje\xd0\xeaW</data></match></read>
    <read><length>19</length><match><data>B\x19!\xee\x3de\xd0\xea\xee\x95j\xa7\xddje\xd0\xea\xd0W</data></match></read>
    <read><length>9</length><match><data>B\x94!\xee\x25Ze\xeaW</data></match></read>
    <read><length>6</length><match><data>b\x5f\x5f\x7c\xee\xee</data></match></read>
    <write><data>\x19W</data></write>
    <read><length>11</length><match><data>\xd8\xa7e\x9f\xee\xd8\x2b\x9f\x7f\x5fW</data></match></read>
    <read><length>23</length><match><data>B!\xee\xc2\xd7\xd7\xee\x29t\x9f\x7d\xee\xebt\xee\x3de\xb8\xda\xa7\xda\xddW</data></match></read>
    <read><length>28</length><match><data>\xd1!\xee\x03\x2bj\x2b\xea\x2b\xee\x29t\x9f\x7d\xee\xa2\xdat7\xee\x3de\xb8\xda\xa7\xda\xddW</data></match></read>
    <read><length>19</length><match><data>\x83!\xee\x29\x2bj\x2b\x1e\xea\xee\x95j\xa7\xddje\xd0\xeaW</data></match></read>
    <read><length>14</length><match><data>\x19!\xee\x3de\xd0\xea\xee\x29t\x9f\x7d\xd0W</data></match></read>
    <read><length>34</length><match><data>\x94!\xee\x29t\xda\xea\xee\xd3\xdd\xee\x29t\x9f\x7d\xee\x93\x03\xee\xf5\x03\x2b\x60\xa7\x7fj\xea\xee\x29t\xda\xea\x8bW</data></match></read>
    <read><length>22</length><match><data>\x2d!\xee\x29t\xda\xea\xee\xd3\xdd\xee\x29t\x9f\x7d\xee\xebe\xeaj\x2bW</data></match></read>
    <read><length>28</length><match><data>\x9a!\xee\x29t\xda\xea\xee\xd3\xdd\xee\xc2\xda\xeae\xd0\xea\xee\xa7\x9f\xd7\xee\xc2j\xb8\x7f7W</data></match></read>
    <read><length>33</length><match><data>\xff!\xee\x29t\xda\xea\xee\xd3\xdd\xee\xc2\xda\xeae\xd0\xea\xee\xa7\x9f\xd7\xee\x29t\x9f\x7d\xee\xebe\xeaj\x2bW</data></match></read>
    <read><length>17</length><match><data>\xd5!\xee\x29t\xda\xea\xee\xd3\xdd\xee\xc2j\xb8\x7f7W</data></match></read>
    <read><length>33</length><match><data>B\xaa!\xee\x29t\xda\xea\xee\xd3\xdd\xee\xc2j\xb8\x7f7\xee\xa7\x9f\xd7\xee\x29t\x9f\x7d\xee\xebe\xeaj\x2bW</data></match></read>
    <read><length>16</length><match><data>BB!\xee\xd6\x2b7eZ\xee\xeb\xda\xa7\x1e\xf1W</data></match></read>
    <read><length>20</length><match><data>B\xd1!\xee\x89\xda\x2b\xa7\xea\x2b\xee\x95j\xa7\xddje\xd0\xeaW</data></match></read>
    <read><length>20</length><match><data>B\x83!\xee\x03\x2bj\x2b\xea\x2b\xee\x95j\xa7\xddje\xd0\xeaW</data></match></read>
    <read><length>19</length><match><data>B\x19!\xee\x3de\xd0\xea\xee\x95j\xa7\xddje\xd0\xea\xd0W</data></match></read>
    <read><length>9</length><match><data>B\x94!\xee\x25Ze\xeaW</data></match></read>
    <read><length>6</length><match><data>b\x5f\x5f\x7c\xee\xee</data></match></read>
    <write><data>B\x19W</data></write>
    <read><length>15</length><match><data>\x95j\xa7\xddje\xd0\xea\xee\x93\x03\x5f\xee\xaaW</data></match></read>
    <read><length>37</length><match><data>2\x7f7\xb8\x2b\xda\xeet\x60\xee\xd0t\x9f\x7d\xd0\xee\xa7\xd7\xd7\x2b\xd7\xee\xeat\xeeNj\xa7\xddje\xd0\xea\x5f\xee\xaaW</data></match></read>
    <read><length>11</length><match><data>\xd8\xa7e\x9f\xee\xd8\x2b\x9f\x7f\x5fW</data></match></read>
    <read><length>23</length><match><data>B!\xee\xc2\xd7\xd7\xee\x29t\x9f\x7d\xee\xebt\xee\x3de\xb8\xda\xa7\xda\xddW</data></match></read>
    <read><length>28</length><match><data>\xd1!\xee\x03\x2bj\x2b\xea\x2b\xee\x29t\x9f\x7d\xee\xa2\xdat7\xee\x3de\xb8\xda\xa7\xda\xddW</data></match></read>
    <read><length>19</length><match><data>\x83!\xee\x29\x2bj\x2b\x1e\xea\xee\x95j\xa7\xddje\xd0\xeaW</data></match></read>
    <read><length>14</length><match><data>\x19!\xee\x3de\xd0\xea\xee\x29t\x9f\x7d\xd0W</data></match></read>
    <read><length>34</length><match><data>\x94!\xee\x29t\xda\xea\xee\xd3\xdd\xee\x29t\x9f\x7d\xee\x93\x03\xee\xf5\x03\x2b\x60\xa7\x7fj\xea\xee\x29t\xda\xea\x8bW</data></match></read>
    <read><length>22</length><match><data>\x2d!\xee\x29t\xda\xea\xee\xd3\xdd\xee\x29t\x9f\x7d\xee\xebe\xeaj\x2bW</data></match></read>
    <read><length>28</length><match><data>\x9a!\xee\x29t\xda\xea\xee\xd3\xdd\xee\xc2\xda\xeae\xd0\xea\xee\xa7\x9f\xd7\xee\xc2j\xb8\x7f7W</data></match></read>
    <read><length>33</length><match><data>\xff!\xee\x29t\xda\xea\xee\xd3\xdd\xee\xc2\xda\xeae\xd0\xea\xee\xa7\x9f\xd7\xee\x29t\x9f\x7d\xee\xebe\xeaj\x2bW</data></match></read>
    <read><length>17</length><match><data>\xd5!\xee\x29t\xda\xea\xee\xd3\xdd\xee\xc2j\xb8\x7f7W</data></match></read>
    <read><length>33</length><match><data>B\xaa!\xee\x29t\xda\xea\xee\xd3\xdd\xee\xc2j\xb8\x7f7\xee\xa7\x9f\xd7\xee\x29t\x9f\x7d\xee\xebe\xeaj\x2bW</data></match></read>
    <read><length>16</length><match><data>BB!\xee\xd6\x2b7eZ\xee\xeb\xda\xa7\x1e\xf1W</data></match></read>
    <read><length>20</length><match><data>B\xd1!\xee\x89\xda\x2b\xa7\xea\x2b\xee\x95j\xa7\xddje\xd0\xeaW</data></match></read>
    <read><length>20</length><match><data>B\x83!\xee\x03\x2bj\x2b\xea\x2b\xee\x95j\xa7\xddje\xd0\xeaW</data></match></read>
    <read><length>19</length><match><data>B\x19!\xee\x3de\xd0\xea\xee\x95j\xa7\xddje\xd0\xea\xd0W</data></match></read>
    <read><length>9</length><match><data>B\x94!\xee\x25Ze\xeaW</data></match></read>
    <read><length>6</length><match><data>b\x5f\x5f\x7c\xee\xee</data></match></read>
    <write><data>B\x83W</data></write>
    <read><length>27</length><match><data>\x25\x9f\xea\x2b\xda\xee\x95j\xa7\xddje\xd0\xea\xee\x93\x03\xee\xeat\xee\xd7\x2bj\x2b\xea\x2b</data></match></read>
    <read><length>5</length><match><data>b\x5f\x5f\x7c\xee</data></match></read>
    <write><data>\xd1W</data></write>
    <read><length>16</length><match><data>\xd3\xa7\xd7\xee\x95j\xa7\xddje\xd0\xea\xee\x93\x03W</data></match></read>
    <read><length>11</length><match><data>\xd8\xa7e\x9f\xee\xd8\x2b\x9f\x7f\x5fW</data></match></read>
    <read><length>23</length><match><data>B!\xee\xc2\xd7\xd7\xee\x29t\x9f\x7d\xee\xebt\xee\x3de\xb8\xda\xa7\xda\xddW</data></match></read>
    <read><length>28</length><match><data>\xd1!\xee\x03\x2bj\x2b\xea\x2b\xee\x29t\x9f\x7d\xee\xa2\xdat7\xee\x3de\xb8\xda\xa7\xda\xddW</data></match></read>
    <read><length>19</length><match><data>\x83!\xee\x29\x2bj\x2b\x1e\xea\xee\x95j\xa7\xddje\xd0\xeaW</data></match></read>
    <read><length>14</length><match><data>\x19!\xee\x3de\xd0\xea\xee\x29t\x9f\x7d\xd0W</data></match></read>
    <read><length>34</length><match><data>\x94!\xee\x29t\xda\xea\xee\xd3\xdd\xee\x29t\x9f\x7d\xee\x93\x03\xee\xf5\x03\x2b\x60\xa7\x7fj\xea\xee\x29t\xda\xea\x8bW</data></match></read>
    <read><length>22</length><match><data>\x2d!\xee\x29t\xda\xea\xee\xd3\xdd\xee\x29t\x9f\x7d\xee\xebe\xeaj\x2bW</data></match></read>
    <read><length>28</length><match><data>\x9a!\xee\x29t\xda\xea\xee\xd3\xdd\xee\xc2\xda\xeae\xd0\xea\xee\xa7\x9f\xd7\xee\xc2j\xb8\x7f7W</data></match></read>
    <read><length>33</length><match><data>\xff!\xee\x29t\xda\xea\xee\xd3\xdd\xee\xc2\xda\xeae\xd0\xea\xee\xa7\x9f\xd7\xee\x29t\x9f\x7d\xee\xebe\xeaj\x2bW</data></match></read>
    <read><length>17</length><match><data>\xd5!\xee\x29t\xda\xea\xee\xd3\xdd\xee\xc2j\xb8\x7f7W</data></match></read>
    <read><length>33</length><match><data>B\xaa!\xee\x29t\xda\xea\xee\xd3\xdd\xee\xc2j\xb8\x7f7\xee\xa7\x9f\xd7\xee\x29t\x9f\x7d\xee\xebe\xeaj\x2bW</data></match></read>
    <read><length>16</length><match><data>BB!\xee\xd6\x2b7eZ\xee\xeb\xda\xa7\x1e\xf1W</data></match></read>
    <read><length>20</length><match><data>B\xd1!\xee\x89\xda\x2b\xa7\xea\x2b\xee\x95j\xa7\xddje\xd0\xeaW</data></match></read>
    <read><length>20</length><match><data>B\x83!\xee\x03\x2bj\x2b\xea\x2b\xee\x95j\xa7\xddje\xd0\xeaW</data></match></read>
    <read><length>19</length><match><data>B\x19!\xee\x3de\xd0\xea\xee\x95j\xa7\xddje\xd0\xea\xd0W</data></match></read>
    <read><length>9</length><match><data>B\x94!\xee\x25Ze\xeaW</data></match></read>
    <read><length>6</length><match><data>b\x5f\x5f\x7c\xee\xee</data></match></read>
    <write><data>\x2dW</data></write>
    <read><length>39</length><match><data>\x29\x7f\x1e\x1e\x2b\xd0\xd0\x60\x7fjj\xdd\xee\xd0t\xda\xea\x2b\xd7\xeeje\xd0\xea\xee\xb8\xdd\xee\x29t\x9f\x7d\xee\xebe\xeaj\x2bW</data></match></read>
    <read><length>11</length><match><data>\xd8\xa7e\x9f\xee\xd8\x2b\x9f\x7f\x5fW</data></match></read>
    <read><length>23</length><match><data>B!\xee\xc2\xd7\xd7\xee\x29t\x9f\x7d\xee\xebt\xee\x3de\xb8\xda\xa7\xda\xddW</data></match></read>
    <read><length>28</length><match><data>\xd1!\xee\x03\x2bj\x2b\xea\x2b\xee\x29t\x9f\x7d\xee\xa2\xdat7\xee\x3de\xb8\xda\xa7\xda\xddW</data></match></read>
    <read><length>19</length><match><data>\x83!\xee\x29\x2bj\x2b\x1e\xea\xee\x95j\xa7\xddje\xd0\xeaW</data></match></read>
    <read><length>14</length><match><data>\x19!\xee\x3de\xd0\xea\xee\x29t\x9f\x7d\xd0W</data></match></read>
    <read><length>34</length><match><data>\x94!\xee\x29t\xda\xea\xee\xd3\xdd\xee\x29t\x9f\x7d\xee\x93\x03\xee\xf5\x03\x2b\x60\xa7\x7fj\xea\xee\x29t\xda\xea\x8bW</data></match></read>
    <read><length>22</length><match><data>\x2d!\xee\x29t\xda\xea\xee\xd3\xdd\xee\x29t\x9f\x7d\xee\xebe\xeaj\x2bW</data></match></read>
    <read><length>28</length><match><data>\x9a!\xee\x29t\xda\xea\xee\xd3\xdd\xee\xc2\xda\xeae\xd0\xea\xee\xa7\x9f\xd7\xee\xc2j\xb8\x7f7W</data></match></read>
    <read><length>33</length><match><data>\xff!\xee\x29t\xda\xea\xee\xd3\xdd\xee\xc2\xda\xeae\xd0\xea\xee\xa7\x9f\xd7\xee\x29t\x9f\x7d\xee\xebe\xeaj\x2bW</data></match></read>
    <read><length>17</length><match><data>\xd5!\xee\x29t\xda\xea\xee\xd3\xdd\xee\xc2j\xb8\x7f7W</data></match></read>
    <read><length>33</length><match><data>B\xaa!\xee\x29t\xda\xea\xee\xd3\xdd\xee\xc2j\xb8\x7f7\xee\xa7\x9f\xd7\xee\x29t\x9f\x7d\xee\xebe\xeaj\x2bW</data></match></read>
    <read><length>16</length><match><data>BB!\xee\xd6\x2b7eZ\xee\xeb\xda\xa7\x1e\xf1W</data></match></read>
    <read><length>20</length><match><data>B\xd1!\xee\x89\xda\x2b\xa7\xea\x2b\xee\x95j\xa7\xddje\xd0\xeaW</data></match></read>
    <read><length>20</length><match><data>B\x83!\xee\x03\x2bj\x2b\xea\x2b\xee\x95j\xa7\xddje\xd0\xeaW</data></match></read>
    <read><length>19</length><match><data>B\x19!\xee\x3de\xd0\xea\xee\x95j\xa7\xddje\xd0\xea\xd0W</data></match></read>
    <read><length>9</length><match><data>B\x94!\xee\x25Ze\xeaW</data></match></read>
    <read><length>6</length><match><data>b\x5f\x5f\x7c\xee\xee</data></match></read>
    <write><data>BW</data></write>
    <write><data>\xf9\xc4?\x3b\xcb7\xf5\x1c3J\xd5\xeb\x86\xf5\x7c\xeb\xa0\x96\xa8\x8a\xa4\xaab\x2b\xde\x25K\xe8\x2b0\xb8\x8aI\x04\x19\xa8\xf5\x26\x1e\xef\x1e\xeb\x06\xaf\x89\xb0\xd3\x5b\xe2\x1d\x88\xa36\x25\xa2\x02gW\xa2Q\x85\xb6\x23\xbbN\xa50\xe5\xd2\x96\x93\xdbl\x23\x3b\xc4\x05M\xf81\xef\xa9\x7ee\x2d6\x12\x06C\x9d\x16\x282\xbb\xea\xac\xbc\x27\x7e\xb7s\xf3\x9c\xea\xf7b\x3e\xc3fW\x86\xf5U\xc35Ca\xda\x99\xc7\xbf\x1d\xb0\x05\x2d7\x26\xbd\xc8\xa3\x93\x3e\xef\xde\x5e\xbe\x29\x82\xad\xc7\xc2\x83\xc2\xc9\xfc\x2bt\xc7\xa8\xe1\xb5X4\xef\x94v\x10r\x8fGw\xad\x99h\xcc\xdb\xba\x5f\xde\xed?\x9c\xce\x5e\xc7q\xda\xa5\x9e\x1f\xa5\x0b\xc3Q:\x0b\xad\xb7\x94\x93\xed\xa0\xc5\xe4\xf3R5Dbm\x98o\x98\x05\xba\x15\x0aE\xfaC\x86\xadR\xe7\x27\xf0\xfe\xad\x14g\x81\xde\x90\xaf\xc6\xd2K\x10me!\xcc\xe5\xc2\xfbj\x10!A\xc8\x9bup\xf5\xe8n\x97\xff\xa0k\xfd\x80\xd3B\x9a\x2b\xfe\x09\xd9 \x92jA\xa5\xf0\xb5\xb5\x0c\x04\x82\xb4\xf4\x2d\x02\x96\xb4\xeam\x03\x3b\x15B\x7f\x3c\x05\x7d\xf7\xd1\x04\xf3\xb7\x25\x9c\xd6\xb1\xcf\x8a\x99\xf3c\xe4I\xb4\xe4\x85\x9e\x07\x29CB\x27\x19\x25\x25\x12\x7c\x14\x24\xaf\xcb\xfa\xfc\x99\xb4Y\xa0\x9b!5\xd8As.\xb7\x14!\xdbI\x5f\xbf\x8fF\xd7Bd\xf9 \x2f\xc8F\xa1\xa3M\xf9\xc4\x7b\xbc\xcb\x22L\xc9c\xd6\xf2\xc8S\x9dD\xde\x1f\xdc\xbd9\x06\x8d\x19\xaf\xf3M\xe9v\xf3\xa1\xa8\x7d\x90T\x91 B\xe5\x1a\xf1\x5c\xf8Yb\x05\xfa\x18\xdb\xe8\x97\xe9\x1d\x03M\xe8Y\xb8u\x03oL\xb12\x04\x5f\xf9\xc4\x7bQ\xcbb\x3b\x13\xd0?\x933\x5b\xd8g\x5b\x2bq\xe3F\x12\xf0\x1e\xe3\xa3\xe2j\xa6\x2d\xe0\xb80\x97\xaf\xa5F\xcdl\x1f\xc0GP\xbb\x92GDM\xe7Kd:\x9c8\xa1\x25a\x81\xd2p\x15\xd9\xf6\x8b\x24\xb8\xf9\xc4\xaaU\xcbwR\xa9\x1f\xe4\xd8\xc1\x3c\x97\x89\x7f\x08\xc5\x00\xa1FS\xd9\xa6\x85.\xd7\x11\xeeI\x0c9\xc5\x8d\x13\x8e\x84\x0e\x2a\xf7ephd\x85\x9a\x08\xa8\xcd\x3c\x04\xc3\xff\x3c\xf7\xf8\x5b\x3e\x9b\x92L\xc6 \x5e\x1ddH\x1aYc\xb0q\x3c\xe3S\xf2\x117\x95OS\xc6\x16\xc8\x89\x87\xd7\x0b:?\x92C\xdc\xa8d\xa5\x8b\x60T\x02\xa9\xd7\xdd\xcbZV\xa5\x17\xdd p\xd1\x40\x26\xba\xc4\xacCw\xe0A\xfd\xafD\x29\x28\x0b\x81\xa1\xfa\x11K\x407\xfe:s\xf60\x86m9\x7b\x92k\x90M\x19\xa7\xef\xf1\xdb\xbcK\xec\xe3\xcd\xaa\xbe\xd4v\xe4\x26Zz\xefr\xf0\xa9\xb1P\x81Hh\x3d\xe9\xe5\xd2\xdc\xb7\x1e6\x8d\x1c\x222\xeeX\x8a\xa3\x9e\xf7\x9a67\xa2\x3e\x0b\xc3\x9a\x27tR\xf5\xdf\xb6\xf3\xe7\x2c\xe0\xc0\xa7\x87fZ\xb9\xda0\x8e\xdd\xcc\xa8u\x22\x7d\xa5 \x94\x09\x12\x07\x97U\x0e\x13\x1cYG\x16\xce\x60J\x93D\xc0\x2b\xf4\xae\xd3\xf9\xc4\xcd\x1a\xcbO\x2a\xdbA\xddg\x80f4\xd7\x9fN\x19\x2b\x1bp\xe4\xce\xf2\xf1\x16\xe5\xeeR\xd8\xcc\xc8\x2f\xd8\xafgK0\x3e\xa6\xe6\x08\xf6?\xad\xf9\xfcxfG0M\x2d\x403l\xb5\xf9\xc4?\x0a\xcb\xc1\xab\x26\x26\x1b\x11c9\x2c\xbc\xf0O1\xd1t\x11\x12\xaa\xfaJf\x16\xdc\xab\x1dFfYHS\xcc\xf6\xccB\x82\xb9\x86\x85v\xfb.h\xf0\xf5\x2dH\xc4\xf4\xd8\xe86\xd4\xf8\x2d\x5fW\xf1\xd3z\x82q\xb3yAE\xbf\x9d\x93\xd9\x40\x0c\xa6RX\x03\xd8\xab\xa7\x7e8\x7f\xc6\x25\xbfH\xc9\x04\xadPr\xa0l\x1f\x14\x09Qm\x82\xeb\xfc\xd2\x84\x9a\x08\xacYU4\xaf\xcbC\x3b\xfb\xd5\x15\xc1\xe7\xafx\x2c\xcd\xbc\x2a\xce\xa9\x97\xce\xff\x11\xab\xd1\xf4\x10\x1b\xa7\xa7\xed\x82T\xd1\x1bx\xe0\xdd\x8f\x1b\x3c\x81\x8a\x3e\x9b\x08\x26\x08\x2f\x82\xc4\xafT\x9e\x7e\xd0V\x8e\xa1\xe7\xc6\x16\x1f\x7dJ\x09l\x1e\xc4\xf1:\x27\x1dG\x89\x97od\xd1\xce\x93\x1a\xact\x7e\x1b\x9e\xe8t\xa7\x1c\xfa\x0a e\x9c\x04\x5f\x5d\x93\x7f!\x0b\x11\x9f\xc9\xbf5Qf\xba\x8b\xbc\xcc\x13\x5b\x7dT\x12W\xd5\x85\xf9\xe5\xf5\xd2\xe5\xb3\xe1:\xc8\x1a\xcc\x81\x84V\xa5n\xd3n\x7b\x984\xfb\xdb\xf0\xfb\x7e\xc9\xc5\xe0\x28\x2b\x15\xc1C\xf3\xf8\x87\xb0\xc8k\xff\x05\xef\xee\xaf\x14\xc7E\xe7\x89Is\x1b\x04\xa7\x24\x8cW\xeebr\xefq\x24\xf6n\xfeB\xd1\xeca\xcf\xf0h\xc0\xbf\xe50H\x15\x05\xe7N\x04\x11\x8129T\xf7\xbc\xeb\xd2\x98\xe3t\xf2\xc8\x9dCa4\xf7\x2b\x0f\xb6\xc5XB\x1b\xd7\xa7\xb7W\xa2H6\x7c\x40\x1d\xf9\xc4\x95W\xcb\x0e\x8b\x17\xad\xc3\x7b\xee\x0b\xb5\xca0jR\x909\x5f\x03\xb9\x2a\xa2\x17\xd5\x07\xfau\x04\x93\x60\xb1\xf0\x00\x5b\xf7\x81\x9b\x94\x0c\xedn\x07?hK\xacJ\xe7\xbe\xe0\xf2\x86\xad\xee\xd94X\x0e9\xa8\xca\xf0?\x2d\x83b\xec\xa7\xf4\xad\xf6\x0d\x96\xf6\x8cK\x7d\xf4\xb6\xca\xe6\x12\x0b\x0e\x2d\x5bEy D\x03\x18\xf7\xef\xeb\x2a\xff\xae1\xd7L\xe1\xc4p\xbc\x2a\x07m\x5c\x92\xaew\x8d\xdb:\x9f\xdf\x9b\x8e\x12\xb6\xe8\xb2\x3dw\xcfl\x12\xc9\xb1\x83\xb2\x9d\xf3\x99\xc97q\xea\xeaL\x29\x193kW\x8bQ\xc1\x89\x9dlD\x86\x12.\x1f\xbd\xd2O\x02\x85t\x2bmn\x5e\x06\xd5Q\x8b\x60dS\x2dg\xd5w\xf9\xc4\xc0\x23\xcb\x2c\x3dX\x0aq\x11\x13\xaf\x1e\xc6\x85\xc0\x9f\x9c\xa1\x3e\x81\xb2\x03\xca\xa6\x7b\xd2R\xa8\x85\xb6\xdd\x89\x9e\x9c\xb7X\x07\x00\x3d\x9cFI\x18F\xebOj\xd6\x5cP6\xbf\x13\xb5\x1b\xae\x94\x11\xc8\xfa\x83\x996\xc2\xffw\xfck\xe0d\x81\x90\x2c\x82\xb9\x89\xaam\x5c9\x10\xa6\x9eo\xaci\xf2.\xa7\xa5\xb9\xf9\xc4\x95\xcb\xcb\x5f\x10\x80i\xd4?\xfb\x8a\x9e\xa3w\xa2\xcf\xbb\xdci\x048\x9b\xe1\x15\xc8\x8d!\xfcOZ2\xe7\xe0\x24\xb3\x02\x81.\x16\x0d\xb89I\xdf\x10\xf1\x07\x7e\x9a\xe4\x28\xca\x2b\xea\xa6L\xf6\x1b\x86\xaf\xce\xec\x96\xa5EVC \x25\x06\xef\x02\xd3\x96J\xca\x9b\x83\xf7\xa7\x80\xb0\x98\x24\x15\xab\x8e\xeb\x0f\xc4\x10\x93\xee\x93\xc9\x88d\xc6\xe9\xec\xd2\xb3V\xb8\xd0\xe3\xd3\xedW\xb7\xbb\xe6\xe5\x8ac\xb2x\xd14\x09\xfd\x83\x07\xeaV\x97\x1a!\x2f\xcb\xf7B\xe8\x91\xb0Ii\x2a\xcc\x3d\x5c\x91GM8\x09\xaf\x5d\x3b\x1d\xba\xda\xba\xb7\x17W\x1c\xb1\x94\xf8\x92\xe1B\xc4\xd0oJ\xa7\x95\xc8\x1b\x95\x91h\x29\xe3M\xe2\x1c\x89\xeb\xa4R\x03\xb7\x93:2\x86\xd1\xee2\xa4\x95\xa4\x95\x95\xbb\x29\xee\x3d\xa2\xe0\x0d2\xa4\x93\xd8\xee\xcb\xcb\xcb\x9a\x0b\xc2\xd3\xa4\xd5\xa2\x0b\xee\xd3\x93\x96\xee\x83\x19\xa2\x86\xbb\xd5\xfa\xd6\xee\xcb\xcb\xcb\xcb\xcb\xcb\xcb\xcb\x95\x03\x03\xfa\x86\xfa\xd1:\xee\x96\x25\x93\xa2BR\x3d\xff\xee\x2d\xa2\xa2\xff\xa2B\x0d\x19\xee\x03\xa4\x0b\xe9\xbc\xe0\x3d\xc2\xd8\x93\x9a\xa4\x29\xee\xa4\x87\x93R\xee\xcb\xcb\xcb\xcb\xcb\xcb\xcb\xcb\xcb\xcb\xcb\xcb\xcb\xcb\xcb\xcb\xcb\x3b\xcb</data></write>
    <read><length>22</length><match><data>\xc2\xd7\xd7\x2b\xd7\xee\xd0t\x9f\x7d\xee\xeat\xeeje\xb8\xda\xa7\xda\xddW</data></match></read>
    <read><length>11</length><match><data>\xd8\xa7e\x9f\xee\xd8\x2b\x9f\x7f\x5fW</data></match></read>
    <read><length>23</length><match><data>B!\xee\xc2\xd7\xd7\xee\x29t\x9f\x7d\xee\xebt\xee\x3de\xb8\xda\xa7\xda\xddW</data></match></read>
    <read><length>28</length><match><data>\xd1!\xee\x03\x2bj\x2b\xea\x2b\xee\x29t\x9f\x7d\xee\xa2\xdat7\xee\x3de\xb8\xda\xa7\xda\xddW</data></match></read>
    <read><length>19</length><match><data>\x83!\xee\x29\x2bj\x2b\x1e\xea\xee\x95j\xa7\xddje\xd0\xeaW</data></match></read>
    <read><length>14</length><match><data>\x19!\xee\x3de\xd0\xea\xee\x29t\x9f\x7d\xd0W</data></match></read>
    <read><length>34</length><match><data>\x94!\xee\x29t\xda\xea\xee\xd3\xdd\xee\x29t\x9f\x7d\xee\x93\x03\xee\xf5\x03\x2b\x60\xa7\x7fj\xea\xee\x29t\xda\xea\x8bW</data></match></read>
    <read><length>22</length><match><data>\x2d!\xee\x29t\xda\xea\xee\xd3\xdd\xee\x29t\x9f\x7d\xee\xebe\xeaj\x2bW</data></match></read>
    <read><length>28</length><match><data>\x9a!\xee\x29t\xda\xea\xee\xd3\xdd\xee\xc2\xda\xeae\xd0\xea\xee\xa7\x9f\xd7\xee\xc2j\xb8\x7f7W</data></match></read>
    <read><length>33</length><match><data>\xff!\xee\x29t\xda\xea\xee\xd3\xdd\xee\xc2\xda\xeae\xd0\xea\xee\xa7\x9f\xd7\xee\x29t\x9f\x7d\xee\xebe\xeaj\x2bW</data></match></read>
    <read><length>17</length><match><data>\xd5!\xee\x29t\xda\xea\xee\xd3\xdd\xee\xc2j\xb8\x7f7W</data></match></read>
    <read><length>33</length><match><data>B\xaa!\xee\x29t\xda\xea\xee\xd3\xdd\xee\xc2j\xb8\x7f7\xee\xa7\x9f\xd7\xee\x29t\x9f\x7d\xee\xebe\xeaj\x2bW</data></match></read>
    <read><length>16</length><match><data>BB!\xee\xd6\x2b7eZ\xee\xeb\xda\xa7\x1e\xf1W</data></match></read>
    <read><length>20</length><match><data>B\xd1!\xee\x89\xda\x2b\xa7\xea\x2b\xee\x95j\xa7\xddje\xd0\xeaW</data></match></read>
    <read><length>20</length><match><data>B\x83!\xee\x03\x2bj\x2b\xea\x2b\xee\x95j\xa7\xddje\xd0\xeaW</data></match></read>
    <read><length>19</length><match><data>B\x19!\xee\x3de\xd0\xea\xee\x95j\xa7\xddje\xd0\xea\xd0W</data></match></read>
    <read><length>9</length><match><data>B\x94!\xee\x25Ze\xeaW</data></match></read>
    <read><length>6</length><match><data>b\x5f\x5f\x7c\xee\xee</data></match></read>
    <write><data>B\x83W</data></write>
    <read><length>27</length><match><data>\x25\x9f\xea\x2b\xda\xee\x95j\xa7\xddje\xd0\xea\xee\x93\x03\xee\xeat\xee\xd7\x2bj\x2b\xea\x2b</data></match></read>
    <read><length>5</length><match><data>b\x5f\x5f\x7c\xee</data></match></read>
    <write><data>\xaaW</data></write>
    <read><length>23</length><match><data>\x03\x2bj\x2b\xea\x2b\xd7\xee\x95j\xa7\xddje\xd0\xea\xee\x93\x03\x5f\xee\xaaW</data></match></read>
    <read><length>11</length><match><data>\xd8\xa7e\x9f\xee\xd8\x2b\x9f\x7f\x5fW</data></match></read>
    <read><length>23</length><match><data>B!\xee\xc2\xd7\xd7\xee\x29t\x9f\x7d\xee\xebt\xee\x3de\xb8\xda\xa7\xda\xddW</data></match></read>
    <read><length>28</length><match><data>\xd1!\xee\x03\x2bj\x2b\xea\x2b\xee\x29t\x9f\x7d\xee\xa2\xdat7\xee\x3de\xb8\xda\xa7\xda\xddW</data></match></read>
    <read><length>19</length><match><data>\x83!\xee\x29\x2bj\x2b\x1e\xea\xee\x95j\xa7\xddje\xd0\xeaW</data></match></read>
    <read><length>14</length><match><data>\x19!\xee\x3de\xd0\xea\xee\x29t\x9f\x7d\xd0W</data></match></read>
    <read><length>34</length><match><data>\x94!\xee\x29t\xda\xea\xee\xd3\xdd\xee\x29t\x9f\x7d\xee\x93\x03\xee\xf5\x03\x2b\x60\xa7\x7fj\xea\xee\x29t\xda\xea\x8bW</data></match></read>
    <read><length>22</length><match><data>\x2d!\xee\x29t\xda\xea\xee\xd3\xdd\xee\x29t\x9f\x7d\xee\xebe\xeaj\x2bW</data></match></read>
    <read><length>28</length><match><data>\x9a!\xee\x29t\xda\xea\xee\xd3\xdd\xee\xc2\xda\xeae\xd0\xea\xee\xa7\x9f\xd7\xee\xc2j\xb8\x7f7W</data></match></read>
    <read><length>33</length><match><data>\xff!\xee\x29t\xda\xea\xee\xd3\xdd\xee\xc2\xda\xeae\xd0\xea\xee\xa7\x9f\xd7\xee\x29t\x9f\x7d\xee\xebe\xeaj\x2bW</data></match></read>
    <read><length>17</length><match><data>\xd5!\xee\x29t\xda\xea\xee\xd3\xdd\xee\xc2j\xb8\x7f7W</data></match></read>
    <read><length>33</length><match><data>B\xaa!\xee\x29t\xda\xea\xee\xd3\xdd\xee\xc2j\xb8\x7f7\xee\xa7\x9f\xd7\xee\x29t\x9f\x7d\xee\xebe\xeaj\x2bW</data></match></read>
    <read><length>16</length><match><data>BB!\xee\xd6\x2b7eZ\xee\xeb\xda\xa7\x1e\xf1W</data></match></read>
    <read><length>20</length><match><data>B\xd1!\xee\x89\xda\x2b\xa7\xea\x2b\xee\x95j\xa7\xddje\xd0\xeaW</data></match></read>
    <read><length>20</length><match><data>B\x83!\xee\x03\x2bj\x2b\xea\x2b\xee\x95j\xa7\xddje\xd0\xeaW</data></match></read>
    <read><length>19</length><match><data>B\x19!\xee\x3de\xd0\xea\xee\x95j\xa7\xddje\xd0\xea\xd0W</data></match></read>
    <read><length>9</length><match><data>B\x94!\xee\x25Ze\xeaW</data></match></read>
    <read><length>6</length><match><data>b\x5f\x5f\x7c\xee\xee</data></match></read>
    <write><data>B\x83W</data></write>
    <read><length>27</length><match><data>\x25\x9f\xea\x2b\xda\xee\x95j\xa7\xddje\xd0\xea\xee\x93\x03\xee\xeat\xee\xd7\x2bj\x2b\xea\x2b</data></match></read>
    <read><length>5</length><match><data>b\x5f\x5f\x7c\xee</data></match></read>
    <write><data>\xaaW</data></write>
    <read><length>16</length><match><data>\xd3\xa7\xd7\xee\x95j\xa7\xddje\xd0\xea\xee\x93\x03W</data></match></read>
    <read><length>11</length><match><data>\xd8\xa7e\x9f\xee\xd8\x2b\x9f\x7f\x5fW</data></match></read>
    <read><length>23</length><match><data>B!\xee\xc2\xd7\xd7\xee\x29t\x9f\x7d\xee\xebt\xee\x3de\xb8\xda\xa7\xda\xddW</data></match></read>
    <read><length>28</length><match><data>\xd1!\xee\x03\x2bj\x2b\xea\x2b\xee\x29t\x9f\x7d\xee\xa2\xdat7\xee\x3de\xb8\xda\xa7\xda\xddW</data></match></read>
    <read><length>19</length><match><data>\x83!\xee\x29\x2bj\x2b\x1e\xea\xee\x95j\xa7\xddje\xd0\xeaW</data></match></read>
    <read><length>14</length><match><data>\x19!\xee\x3de\xd0\xea\xee\x29t\x9f\x7d\xd0W</data></match></read>
    <read><length>34</length><match><data>\x94!\xee\x29t\xda\xea\xee\xd3\xdd\xee\x29t\x9f\x7d\xee\x93\x03\xee\xf5\x03\x2b\x60\xa7\x7fj\xea\xee\x29t\xda\xea\x8bW</data></match></read>
    <read><length>22</length><match><data>\x2d!\xee\x29t\xda\xea\xee\xd3\xdd\xee\x29t\x9f\x7d\xee\xebe\xeaj\x2bW</data></match></read>
    <read><length>28</length><match><data>\x9a!\xee\x29t\xda\xea\xee\xd3\xdd\xee\xc2\xda\xeae\xd0\xea\xee\xa7\x9f\xd7\xee\xc2j\xb8\x7f7W</data></match></read>
    <read><length>33</length><match><data>\xff!\xee\x29t\xda\xea\xee\xd3\xdd\xee\xc2\xda\xeae\xd0\xea\xee\xa7\x9f\xd7\xee\x29t\x9f\x7d\xee\xebe\xeaj\x2bW</data></match></read>
    <read><length>17</length><match><data>\xd5!\xee\x29t\xda\xea\xee\xd3\xdd\xee\xc2j\xb8\x7f7W</data></match></read>
    <read><length>33</length><match><data>B\xaa!\xee\x29t\xda\xea\xee\xd3\xdd\xee\xc2j\xb8\x7f7\xee\xa7\x9f\xd7\xee\x29t\x9f\x7d\xee\xebe\xeaj\x2bW</data></match></read>
    <read><length>16</length><match><data>BB!\xee\xd6\x2b7eZ\xee\xeb\xda\xa7\x1e\xf1W</data></match></read>
    <read><length>20</length><match><data>B\xd1!\xee\x89\xda\x2b\xa7\xea\x2b\xee\x95j\xa7\xddje\xd0\xeaW</data></match></read>
    <read><length>20</length><match><data>B\x83!\xee\x03\x2bj\x2b\xea\x2b\xee\x95j\xa7\xddje\xd0\xeaW</data></match></read>
    <read><length>19</length><match><data>B\x19!\xee\x3de\xd0\xea\xee\x95j\xa7\xddje\xd0\xea\xd0W</data></match></read>
    <read><length>9</length><match><data>B\x94!\xee\x25Ze\xeaW</data></match></read>
    <read><length>6</length><match><data>b\x5f\x5f\x7c\xee\xee</data></match></read>
    <write><data>\x19W</data></write>
    <read><length>11</length><match><data>\x29t\x9f\x7d\xee\x93\x03\x5f\xee\xaaW</data></match></read>
    <read><length>38</length><match><data>\xebe\xeaj\x2b\x5f\xeeR\x03\xb7\x93:2\x86\xd1\xee2\xa4\x95\xa4\x95\x95\xbb\x29\xee\x3d\xa2\xe0\x0d2\xa4\x93\xd8\xee\xcb\xcb\xcbW</data></match></read>
    <read><length>39</length><match><data>\xc2\xda\xeae\xd0\xea\x5f\xee\x9a\x0b\xc2\xd3\xa4\xd5\xa2\x0b\xee\xd3\x93\x96\xee\x83\x19\xa2\x86\xbb\xd5\xfa\xd6\xee\xcb\xcb\xcb\xcb\xcb\xcb\xcb\xcbW</data></match></read>
    <read><length>38</length><match><data>\xc2j\xb8\x7f7\x5f\xee\x95\x03\x03\xfa\x86\xfa\xd1:\xee\x96\x25\x93\xa2BR\x3d\xff\xee\x2d\xa2\xa2\xff\xa2B\x0d\x19\xee\x03\xa4\x0bW</data></match></read>
    <read><length>11</length><match><data>\x0d\x2b\xa7\xda\x5f\xeeB\xd5\x9a\x9aW</data></match></read>
    <read><length>11</length><match><data>\xeb\xda\xa7\x1e\xf1\xee\x2a\x5f\xee\xffW</data></match></read>
    <read><length>11</length><match><data>0000000000W</data></match></read>
    <read><length>11</length><match><data>\xd8\xa7e\x9f\xee\xd8\x2b\x9f\x7f\x5fW</data></match></read>
    <read><length>23</length><match><data>B!\xee\xc2\xd7\xd7\xee\x29t\x9f\x7d\xee\xebt\xee\x3de\xb8\xda\xa7\xda\xddW</data></match></read>
    <read><length>28</length><match><data>\xd1!\xee\x03\x2bj\x2b\xea\x2b\xee\x29t\x9f\x7d\xee\xa2\xdat7\xee\x3de\xb8\xda\xa7\xda\xddW</data></match></read>
    <read><length>19</length><match><data>\x83!\xee\x29\x2bj\x2b\x1e\xea\xee\x95j\xa7\xddje\xd0\xeaW</data></match></read>
    <read><length>14</length><match><data>\x19!\xee\x3de\xd0\xea\xee\x29t\x9f\x7d\xd0W</data></match></read>
    <read><length>34</length><match><data>\x94!\xee\x29t\xda\xea\xee\xd3\xdd\xee\x29t\x9f\x7d\xee\x93\x03\xee\xf5\x03\x2b\x60\xa7\x7fj\xea\xee\x29t\xda\xea\x8bW</data></match></read>
    <read><length>22</length><match><data>\x2d!\xee\x29t\xda\xea\xee\xd3\xdd\xee\x29t\x9f\x7d\xee\xebe\xeaj\x2bW</data></match></read>
    <read><length>28</length><match><data>\x9a!\xee\x29t\xda\xea\xee\xd3\xdd\xee\xc2\xda\xeae\xd0\xea\xee\xa7\x9f\xd7\xee\xc2j\xb8\x7f7W</data></match></read>
    <read><length>33</length><match><data>\xff!\xee\x29t\xda\xea\xee\xd3\xdd\xee\xc2\xda\xeae\xd0\xea\xee\xa7\x9f\xd7\xee\x29t\x9f\x7d\xee\xebe\xeaj\x2bW</data></match></read>
    <read><length>17</length><match><data>\xd5!\xee\x29t\xda\xea\xee\xd3\xdd\xee\xc2j\xb8\x7f7W</data></match></read>
    <read><length>33</length><match><data>B\xaa!\xee\x29t\xda\xea\xee\xd3\xdd\xee\xc2j\xb8\x7f7\xee\xa7\x9f\xd7\xee\x29t\x9f\x7d\xee\xebe\xeaj\x2bW</data></match></read>
    <read><length>16</length><match><data>BB!\xee\xd6\x2b7eZ\xee\xeb\xda\xa7\x1e\xf1W</data></match></read>
    <read><length>20</length><match><data>B\xd1!\xee\x89\xda\x2b\xa7\xea\x2b\xee\x95j\xa7\xddje\xd0\xeaW</data></match></read>
    <read><length>20</length><match><data>B\x83!\xee\x03\x2bj\x2b\xea\x2b\xee\x95j\xa7\xddje\xd0\xeaW</data></match></read>
    <read><length>19</length><match><data>B\x19!\xee\x3de\xd0\xea\xee\x95j\xa7\xddje\xd0\xea\xd0W</data></match></read>
    <read><length>9</length><match><data>B\x94!\xee\x25Ze\xeaW</data></match></read>
    <read><length>6</length><match><data>b\x5f\x5f\x7c\xee\xee</data></match></read>
    <write><data>B\x94W</data></write>
    <read><length>19</length><match><data>00\x25Ze\xea\x2b\xd7\xee\x87\x9f\x2b\xee\xc27N00W</data></match></read>
</replay>
</pov>