<?xml version="1.0" standalone="no" ?>
<!DOCTYPE pov SYSTEM "/usr/share/cgc-docs/replay.dtd">
<pov>
<cbid>service</cbid>
<seed>b74818978a2155c9d8b72925e3257b99f53ad1ea2958db71e4feec43ec9bdc19b9269e7d66c8c32bb4edf8e4078b6e46</seed>
<replay>
    <read><length>12</length><match><data>00\x87\x9f\x2b\xee\xc27N00W</data></match></read>
    <read><length>2</length><match><data>WW</data></match></read>
    <read><length>11</length><match><data>\xd8\xa7e\x9f\xee\xd8\x2b\x9f\x7f\x5fW</data></match></read>
    <read><length>23</length><match><data>B!\xee\xc2\xd7\xd7\xee\x29t\x9f\x7d\xee\xebt\xee\x3de\xb8\xda\xa7\xda\xddW</data></match></read>
    <read><length>28</length><match><data>\xd1!\xee\x03\x2bj\x2b\xea\x2b\xee\x29t\x9f\x7d\xee\xa2\xdat7\xee\x3de\xb8\xda\xa7\xda\xddW</data></match></read>
    <read><length>19</length><match><data>\x83!\xee\x29\x2bj\x2b\x1e\xea\xee\x95j\xa7\xddje\xd0\xeaW</data></match></read>
    <read><length>14</length><match><data>\x19!\xee\x3de\xd0\xea\xee\x29t\x9f\x7d\xd0W</data></match></read>
    <read><length>34</length><match><data>\x94!\xee\x29t\xda\xea\xee\xd3\xdd\xee\x29t\x9f\x7d\xee\x93\x03\xee\xf5\x03\x2b\x60\xa7\x7fj\xea\xee\x29t\xda\xea\x8bW</data></match></read>
    <read><length>22</length><match><data>\x2d!\xee\x29t\xda\xea\xee\xd3\xdd\xee\x29t\x9f\x7d\xee\xebe\xeaj\x2bW</data></match></read>
    <read><length>28</length><match><data>\x9a!\xee\x29t\xda\xea\xee\xd3\xdd\xee\xc2\xda\xeae\xd0\xea\xee\xa7\x9f\xd7\xee\xc2j\xb8\x7f7W</data></match></read>
    <read><length>33</length><match><data>\xff!\xee\x29t\xda\xea\xee\xd3\xdd\xee\xc2\xda\xeae\xd0\xea\xee\xa7\x9f\xd7\xee\x29t\x9f\x7d\xee\xebe\xeaj\x2bW</data></match></read>
    <read><length>17</length><match><data>\xd5!\xee\x29t\xda\xea\xee\xd3\xdd\xee\xc2j\xb8\x7f7W</data></match></read>
    <read><length>33</length><match><data>B\xaa!\xee\x29t\xda\xea\xee\xd3\xdd\xee\xc2j\xb8\x7f7\xee\xa7\x9f\xd7\xee\x29t\x9f\x7d\xee\xebe\xeaj\x2bW</data></match></read>
    <read><length>16</length><match><data>BB!\xee\xd6\x2b7eZ\xee\xeb\xda\xa7\x1e\xf1W</data></match></read>
    <read><length>20</length><match><data>B\xd1!\xee\x89\xda\x2b\xa7\xea\x2b\xee\x95j\xa7\xddje\xd0\xeaW</data></match></read>
    <read><length>20</length><match><data>B\x83!\xee\x03\x2bj\x2b\xea\x2b\xee\x95j\xa7\xddje\xd0\xeaW</data></match></read>
    <read><length>19</length><match><data>B\x19!\xee\x3de\xd0\xea\xee\x95j\xa7\xddje\xd0\xea\xd0W</data></match></read>
    <read><length>9</length><match><data>B\x94!\xee\x25Ze\xeaW</data></match></read>
    <read><length>6</length><match><data>b\x5f\x5f\x7c\xee\xee</data></match></read>
    <write><data>\x83W</data></write>
    <read><length>19</length><match><data>\x29\x2bj\x2b\x1e\xea\xee\x95j\xa7\xddje\xd0\xea\xee\x93\x03W</data></match></read>
    <read><length>5</length><match><data>b\x5f\x5f\x7c\xee</data></match></read>
    <write><data>\xaaW</data></write>
    <read><length>16</length><match><data>\xd3\xa7\xd7\xee\x95j\xa7\xddje\xd0\xea\xee\x93\x03W</data></match></read>
    <read><length>11</length><match><data>\xd8\xa7e\x9f\xee\xd8\x2b\x9f\x7f\x5fW</data></match></read>
    <read><length>23</length><match><data>B!\xee\xc2\xd7\xd7\xee\x29t\x9f\x7d\xee\xebt\xee\x3de\xb8\xda\xa7\xda\xddW</data></match></read>
    <read><length>28</length><match><data>\xd1!\xee\x03\x2bj\x2b\xea\x2b\xee\x29t\x9f\x7d\xee\xa2\xdat7\xee\x3de\xb8\xda\xa7\xda\xddW</data></match></read>
    <read><length>19</length><match><data>\x83!\xee\x29\x2bj\x2b\x1e\xea\xee\x95j\xa7\xddje\xd0\xeaW</data></match></read>
    <read><length>14</length><match><data>\x19!\xee\x3de\xd0\xea\xee\x29t\x9f\x7d\xd0W</data></match></read>
    <read><length>34</length><match><data>\x94!\xee\x29t\xda\xea\xee\xd3\xdd\xee\x29t\x9f\x7d\xee\x93\x03\xee\xf5\x03\x2b\x60\xa7\x7fj\xea\xee\x29t\xda\xea\x8bW</data></match></read>
    <read><length>22</length><match><data>\x2d!\xee\x29t\xda\xea\xee\xd3\xdd\xee\x29t\x9f\x7d\xee\xebe\xeaj\x2bW</data></match></read>
    <read><length>28</length><match><data>\x9a!\xee\x29t\xda\xea\xee\xd3\xdd\xee\xc2\xda\xeae\xd0\xea\xee\xa7\x9f\xd7\xee\xc2j\xb8\x7f7W</data></match></read>
    <read><length>33</length><match><data>\xff!\xee\x29t\xda\xea\xee\xd3\xdd\xee\xc2\xda\xeae\xd0\xea\xee\xa7\x9f\xd7\xee\x29t\x9f\x7d\xee\xebe\xeaj\x2bW</data></match></read>
    <read><length>17</length><match><data>\xd5!\xee\x29t\xda\xea\xee\xd3\xdd\xee\xc2j\xb8\x7f7W</data></match></read>
    <read><length>33</length><match><data>B\xaa!\xee\x29t\xda\xea\xee\xd3\xdd\xee\xc2j\xb8\x7f7\xee\xa7\x9f\xd7\xee\x29t\x9f\x7d\xee\xebe\xeaj\x2bW</data></match></read>
    <read><length>16</length><match><data>BB!\xee\xd6\x2b7eZ\xee\xeb\xda\xa7\x1e\xf1W</data></match></read>
    <read><length>20</length><match><data>B\xd1!\xee\x89\xda\x2b\xa7\xea\x2b\xee\x95j\xa7\xddje\xd0\xeaW</data></match></read>
    <read><length>20</length><match><data>B\x83!\xee\x03\x2bj\x2b\xea\x2b\xee\x95j\xa7\xddje\xd0\xeaW</data></match></read>
    <read><length>19</length><match><data>B\x19!\xee\x3de\xd0\xea\xee\x95j\xa7\xddje\xd0\xea\xd0W</data></match></read>
    <read><length>9</length><match><data>B\x94!\xee\x25Ze\xeaW</data></match></read>
    <read><length>6</length><match><data>b\x5f\x5f\x7c\xee\xee</data></match></read>
    <write><data>B\xd1W</data></write>
    <read><length>35</length><match><data>\x89\xda\x2b\xa7\xea\x2b\xd7\xee\xa7\xee\x9f\x2b\xc1\xeeNj\xa7\xddje\xd0\xea\xee\xc1e\xea\x05\xee\x93\x03\xeeb\xaa\x7cW</data></match></read>
    <read><length>11</length><match><data>\xd8\xa7e\x9f\xee\xd8\x2b\x9f\x7f\x5fW</data></match></read>
    <read><length>23</length><match><data>B!\xee\xc2\xd7\xd7\xee\x29t\x9f\x7d\xee\xebt\xee\x3de\xb8\xda\xa7\xda\xddW</data></match></read>
    <read><length>28</length><match><data>\xd1!\xee\x03\x2bj\x2b\xea\x2b\xee\x29t\x9f\x7d\xee\xa2\xdat7\xee\x3de\xb8\xda\xa7\xda\xddW</data></match></read>
    <read><length>19</length><match><data>\x83!\xee\x29\x2bj\x2b\x1e\xea\xee\x95j\xa7\xddje\xd0\xeaW</data></match></read>
    <read><length>14</length><match><data>\x19!\xee\x3de\xd0\xea\xee\x29t\x9f\x7d\xd0W</data></match></read>
    <read><length>34</length><match><data>\x94!\xee\x29t\xda\xea\xee\xd3\xdd\xee\x29t\x9f\x7d\xee\x93\x03\xee\xf5\x03\x2b\x60\xa7\x7fj\xea\xee\x29t\xda\xea\x8bW</data></match></read>
    <read><length>22</length><match><data>\x2d!\xee\x29t\xda\xea\xee\xd3\xdd\xee\x29t\x9f\x7d\xee\xebe\xeaj\x2bW</data></match></read>
    <read><length>28</length><match><data>\x9a!\xee\x29t\xda\xea\xee\xd3\xdd\xee\xc2\xda\xeae\xd0\xea\xee\xa7\x9f\xd7\xee\xc2j\xb8\x7f7W</data></match></read>
    <read><length>33</length><match><data>\xff!\xee\x29t\xda\xea\xee\xd3\xdd\xee\xc2\xda\xeae\xd0\xea\xee\xa7\x9f\xd7\xee\x29t\x9f\x7d\xee\xebe\xeaj\x2bW</data></match></read>
    <read><length>17</length><match><data>\xd5!\xee\x29t\xda\xea\xee\xd3\xdd\xee\xc2j\xb8\x7f7W</data></match></read>
    <read><length>33</length><match><data>B\xaa!\xee\x29t\xda\xea\xee\xd3\xdd\xee\xc2j\xb8\x7f7\xee\xa7\x9f\xd7\xee\x29t\x9f\x7d\xee\xebe\xeaj\x2bW</data></match></read>
    <read><length>16</length><match><data>BB!\xee\xd6\x2b7eZ\xee\xeb\xda\xa7\x1e\xf1W</data></match></read>
    <read><length>20</length><match><data>B\xd1!\xee\x89\xda\x2b\xa7\xea\x2b\xee\x95j\xa7\xddje\xd0\xeaW</data></match></read>
    <read><length>20</length><match><data>B\x83!\xee\x03\x2bj\x2b\xea\x2b\xee\x95j\xa7\xddje\xd0\xeaW</data></match></read>
    <read><length>19</length><match><data>B\x19!\xee\x3de\xd0\xea\xee\x95j\xa7\xddje\xd0\xea\xd0W</data></match></read>
    <read><length>9</length><match><data>B\x94!\xee\x25Ze\xeaW</data></match></read>
    <read><length>6</length><match><data>b\x5f\x5f\x7c\xee\xee</data></match></read>
    <write><data>\x83W</data></write>
    <read><length>19</length><match><data>\x29\x2bj\x2b\x1e\xea\xee\x95j\xa7\xddje\xd0\xea\xee\x93\x03W</data></match></read>
    <read><length>5</length><match><data>b\x5f\x5f\x7c\xee</data></match></read>
    <write><data>\xaaW</data></write>
    <read><length>11</length><match><data>\xd8\xa7e\x9f\xee\xd8\x2b\x9f\x7f\x5fW</data></match></read>
    <read><length>24</length><match><data>B!\xee\xc2\xd7\xd7\xee\x29t\x9f\x7d\xee\xebt\xee\x95j\xa7\xddje\xd0\xeaW</data></match></read>
    <read><length>29</length><match><data>\xd1!\xee\x03\x2bj\x2b\xea\x2b\xee\x29t\x9f\x7d\xee\xa2\xdat7\xee\x95j\xa7\xddje\xd0\xeaW</data></match></read>
    <read><length>26</length><match><data>\x83!\xee\xd6\x2b\xea\x7f\xda\x9f\xee\xeat\xee\xd8\xa7e\x9f\xee\x3de\xb8\xda\xa7\xda\xddW</data></match></read>
    <read><length>14</length><match><data>\x19!\xee\x3de\xd0\xea\xee\x29t\x9f\x7d\xd0W</data></match></read>
    <read><length>34</length><match><data>\x94!\xee\x29t\xda\xea\xee\xd3\xdd\xee\x29t\x9f\x7d\xee\x93\x03\xee\xf5\x03\x2b\x60\xa7\x7fj\xea\xee\x29t\xda\xea\x8bW</data></match></read>
    <read><length>22</length><match><data>\x2d!\xee\x29t\xda\xea\xee\xd3\xdd\xee\x29t\x9f\x7d\xee\xebe\xeaj\x2bW</data></match></read>
    <read><length>28</length><match><data>\x9a!\xee\x29t\xda\xea\xee\xd3\xdd\xee\xc2\xda\xeae\xd0\xea\xee\xa7\x9f\xd7\xee\xc2j\xb8\x7f7W</data></match></read>
    <read><length>33</length><match><data>\xff!\xee\x29t\xda\xea\xee\xd3\xdd\xee\xc2\xda\xeae\xd0\xea\xee\xa7\x9f\xd7\xee\x29t\x9f\x7d\xee\xebe\xeaj\x2bW</data></match></read>
    <read><length>17</length><match><data>\xd5!\xee\x29t\xda\xea\xee\xd3\xdd\xee\xc2j\xb8\x7f7W</data></match></read>
    <read><length>33</length><match><data>B\xaa!\xee\x29t\xda\xea\xee\xd3\xdd\xee\xc2j\xb8\x7f7\xee\xa7\x9f\xd7\xee\x29t\x9f\x7d\xee\xebe\xeaj\x2bW</data></match></read>
    <read><length>16</length><match><data>BB!\xee\xd6\x2b7eZ\xee\xeb\xda\xa7\x1e\xf1W</data></match></read>
    <read><length>30</length><match><data>B\xd1!\xee\x3de\xd0\xea\xee\xc2jj\xee\x29t\x9f\x7d\xd0\xee\x93\x9f\xee\x3de\xb8\xda\xa7\xda\xddW</data></match></read>
    <read><length>9</length><match><data>B\x83!\xee\x25Ze\xeaW</data></match></read>
    <read><length>6</length><match><data>b\x5f\x5f\x7c\xee\xee</data></match></read>
    <write><data>\x2dW</data></write>
    <read><length>39</length><match><data>\x29\x7f\x1e\x1e\x2b\xd0\xd0\x60\x7fjj\xdd\xee\xd0t\xda\xea\x2b\xd7\xeeje\xd0\xea\xee\xb8\xdd\xee\x29t\x9f\x7d\xee\xebe\xeaj\x2bW</data></match></read>
    <read><length>11</length><match><data>\xd8\xa7e\x9f\xee\xd8\x2b\x9f\x7f\x5fW</data></match></read>
    <read><length>24</length><match><data>B!\xee\xc2\xd7\xd7\xee\x29t\x9f\x7d\xee\xebt\xee\x95j\xa7\xddje\xd0\xeaW</data></match></read>
    <read><length>29</length><match><data>\xd1!\xee\x03\x2bj\x2b\xea\x2b\xee\x29t\x9f\x7d\xee\xa2\xdat7\xee\x95j\xa7\xddje\xd0\xeaW</data></match></read>
    <read><length>26</length><match><data>\x83!\xee\xd6\x2b\xea\x7f\xda\x9f\xee\xeat\xee\xd8\xa7e\x9f\xee\x3de\xb8\xda\xa7\xda\xddW</data></match></read>
    <read><length>14</length><match><data>\x19!\xee\x3de\xd0\xea\xee\x29t\x9f\x7d\xd0W</data></match></read>
    <read><length>34</length><match><data>\x94!\xee\x29t\xda\xea\xee\xd3\xdd\xee\x29t\x9f\x7d\xee\x93\x03\xee\xf5\x03\x2b\x60\xa7\x7fj\xea\xee\x29t\xda\xea\x8bW</data></match></read>
    <read><length>22</length><match><data>\x2d!\xee\x29t\xda\xea\xee\xd3\xdd\xee\x29t\x9f\x7d\xee\xebe\xeaj\x2bW</data></match></read>
    <read><length>28</length><match><data>\x9a!\xee\x29t\xda\xea\xee\xd3\xdd\xee\xc2\xda\xeae\xd0\xea\xee\xa7\x9f\xd7\xee\xc2j\xb8\x7f7W</data></match></read>
    <read><length>33</length><match><data>\xff!\xee\x29t\xda\xea\xee\xd3\xdd\xee\xc2\xda\xeae\xd0\xea\xee\xa7\x9f\xd7\xee\x29t\x9f\x7d\xee\xebe\xeaj\x2bW</data></match></read>
    <read><length>17</length><match><data>\xd5!\xee\x29t\xda\xea\xee\xd3\xdd\xee\xc2j\xb8\x7f7W</data></match></read>
    <read><length>33</length><match><data>B\xaa!\xee\x29t\xda\xea\xee\xd3\xdd\xee\xc2j\xb8\x7f7\xee\xa7\x9f\xd7\xee\x29t\x9f\x7d\xee\xebe\xeaj\x2bW</data></match></read>
    <read><length>16</length><match><data>BB!\xee\xd6\x2b7eZ\xee\xeb\xda\xa7\x1e\xf1W</data></match></read>
    <read><length>30</length><match><data>B\xd1!\xee\x3de\xd0\xea\xee\xc2jj\xee\x29t\x9f\x7d\xd0\xee\x93\x9f\xee\x3de\xb8\xda\xa7\xda\xddW</data></match></read>
    <read><length>9</length><match><data>B\x83!\xee\x25Ze\xeaW</data></match></read>
    <read><length>6</length><match><data>b\x5f\x5f\x7c\xee\xee</data></match></read>
    <write><data>\xd1W</data></write>
    <read><length>38</length><match><data>\x25\x9f\xea\x2b\xda\xee\x29t\x9f\x7d\xee\x93\x03\xee\xeat\xee\xd7\x2bj\x2b\xea\x2b\xee\x60\xdat7\xeeNj\xa7\xddje\xd0\xeaW</data></match></read>
    <read><length>5</length><match><data>b\x5f\x5f\x7c\xee</data></match></read>
    <write><data>\xaaW</data></write>
    <read><length>36</length><match><data>\x89t\x7fj\xd7\xee\x9ft\xea\xee\xda\x2b7t\x8a\x2b\xee\xd0t\x9f\x7d\xee\x60\xdat7\xeeNj\xa7\xddje\xd0\xeaW</data></match></read>
    <read><length>11</length><match><data>\xd8\xa7e\x9f\xee\xd8\x2b\x9f\x7f\x5fW</data></match></read>
    <read><length>24</length><match><data>B!\xee\xc2\xd7\xd7\xee\x29t\x9f\x7d\xee\xebt\xee\x95j\xa7\xddje\xd0\xeaW</data></match></read>
    <read><length>29</length><match><data>\xd1!\xee\x03\x2bj\x2b\xea\x2b\xee\x29t\x9f\x7d\xee\xa2\xdat7\xee\x95j\xa7\xddje\xd0\xeaW</data></match></read>
    <read><length>26</length><match><data>\x83!\xee\xd6\x2b\xea\x7f\xda\x9f\xee\xeat\xee\xd8\xa7e\x9f\xee\x3de\xb8\xda\xa7\xda\xddW</data></match></read>
    <read><length>14</length><match><data>\x19!\xee\x3de\xd0\xea\xee\x29t\x9f\x7d\xd0W</data></match></read>
    <read><length>34</length><match><data>\x94!\xee\x29t\xda\xea\xee\xd3\xdd\xee\x29t\x9f\x7d\xee\x93\x03\xee\xf5\x03\x2b\x60\xa7\x7fj\xea\xee\x29t\xda\xea\x8bW</data></match></read>
    <read><length>22</length><match><data>\x2d!\xee\x29t\xda\xea\xee\xd3\xdd\xee\x29t\x9f\x7d\xee\xebe\xeaj\x2bW</data></match></read>
    <read><length>28</length><match><data>\x9a!\xee\x29t\xda\xea\xee\xd3\xdd\xee\xc2\xda\xeae\xd0\xea\xee\xa7\x9f\xd7\xee\xc2j\xb8\x7f7W</data></match></read>
    <read><length>33</length><match><data>\xff!\xee\x29t\xda\xea\xee\xd3\xdd\xee\xc2\xda\xeae\xd0\xea\xee\xa7\x9f\xd7\xee\x29t\x9f\x7d\xee\xebe\xeaj\x2bW</data></match></read>
    <read><length>17</length><match><data>\xd5!\xee\x29t\xda\xea\xee\xd3\xdd\xee\xc2j\xb8\x7f7W</data></match></read>
    <read><length>33</length><match><data>B\xaa!\xee\x29t\xda\xea\xee\xd3\xdd\xee\xc2j\xb8\x7f7\xee\xa7\x9f\xd7\xee\x29t\x9f\x7d\xee\xebe\xeaj\x2bW</data></match></read>
    <read><length>16</length><match><data>BB!\xee\xd6\x2b7eZ\xee\xeb\xda\xa7\x1e\xf1W</data></match></read>
    <read><length>30</length><match><data>B\xd1!\xee\x3de\xd0\xea\xee\xc2jj\xee\x29t\x9f\x7d\xd0\xee\x93\x9f\xee\x3de\xb8\xda\xa7\xda\xddW</data></match></read>
    <read><length>9</length><match><data>B\x83!\xee\x25Ze\xeaW</data></match></read>
    <read><length>6</length><match><data>b\x5f\x5f\x7c\xee\xee</data></match></read>
    <write><data>B\xd1W</data></write>
    <read><length>11</length><match><data>\xd8\xa7e\x9f\xee\xd8\x2b\x9f\x7f\x5fW</data></match></read>
    <read><length>24</length><match><data>B!\xee\xc2\xd7\xd7\xee\x29t\x9f\x7d\xee\xebt\xee\x95j\xa7\xddje\xd0\xeaW</data></match></read>
    <read><length>29</length><match><data>\xd1!\xee\x03\x2bj\x2b\xea\x2b\xee\x29t\x9f\x7d\xee\xa2\xdat7\xee\x95j\xa7\xddje\xd0\xeaW</data></match></read>
    <read><length>26</length><match><data>\x83!\xee\xd6\x2b\xea\x7f\xda\x9f\xee\xeat\xee\xd8\xa7e\x9f\xee\x3de\xb8\xda\xa7\xda\xddW</data></match></read>
    <read><length>14</length><match><data>\x19!\xee\x3de\xd0\xea\xee\x29t\x9f\x7d\xd0W</data></match></read>
    <read><length>34</length><match><data>\x94!\xee\x29t\xda\xea\xee\xd3\xdd\xee\x29t\x9f\x7d\xee\x93\x03\xee\xf5\x03\x2b\x60\xa7\x7fj\xea\xee\x29t\xda\xea\x8bW</data></match></read>
    <read><length>22</length><match><data>\x2d!\xee\x29t\xda\xea\xee\xd3\xdd\xee\x29t\x9f\x7d\xee\xebe\xeaj\x2bW</data></match></read>
    <read><length>28</length><match><data>\x9a!\xee\x29t\xda\xea\xee\xd3\xdd\xee\xc2\xda\xeae\xd0\xea\xee\xa7\x9f\xd7\xee\xc2j\xb8\x7f7W</data></match></read>
    <read><length>33</length><match><data>\xff!\xee\x29t\xda\xea\xee\xd3\xdd\xee\xc2\xda\xeae\xd0\xea\xee\xa7\x9f\xd7\xee\x29t\x9f\x7d\xee\xebe\xeaj\x2bW</data></match></read>
    <read><length>17</length><match><data>\xd5!\xee\x29t\xda\xea\xee\xd3\xdd\xee\xc2j\xb8\x7f7W</data></match></read>
    <read><length>33</length><match><data>B\xaa!\xee\x29t\xda\xea\xee\xd3\xdd\xee\xc2j\xb8\x7f7\xee\xa7\x9f\xd7\xee\x29t\x9f\x7d\xee\xebe\xeaj\x2bW</data></match></read>
    <read><length>16</length><match><data>BB!\xee\xd6\x2b7eZ\xee\xeb\xda\xa7\x1e\xf1W</data></match></read>
    <read><length>30</length><match><data>B\xd1!\xee\x3de\xd0\xea\xee\xc2jj\xee\x29t\x9f\x7d\xd0\xee\x93\x9f\xee\x3de\xb8\xda\xa7\xda\xddW</data></match></read>
    <read><length>9</length><match><data>B\x83!\xee\x25Ze\xeaW</data></match></read>
    <read><length>6</length><match><data>b\x5f\x5f\x7c\xee\xee</data></match></read>
    <write><data>\x94W</data></write>
    <read><length>36</length><match><data>\x29\x7f\x1e\x1e\x2b\xd0\xd0\x60\x7fjj\xdd\xee\xd0t\xda\xea\x2b\xd7\xeeje\xd0\xea\xee\xb8\xdd\xee\x29t\x9f\x7d\xee\x93\x03W</data></match></read>
    <read><length>11</length><match><data>\xd8\xa7e\x9f\xee\xd8\x2b\x9f\x7f\x5fW</data></match></read>
    <read><length>24</length><match><data>B!\xee\xc2\xd7\xd7\xee\x29t\x9f\x7d\xee\xebt\xee\x95j\xa7\xddje\xd0\xeaW</data></match></read>
    <read><length>29</length><match><data>\xd1!\xee\x03\x2bj\x2b\xea\x2b\xee\x29t\x9f\x7d\xee\xa2\xdat7\xee\x95j\xa7\xddje\xd0\xeaW</data></match></read>
    <read><length>26</length><match><data>\x83!\xee\xd6\x2b\xea\x7f\xda\x9f\xee\xeat\xee\xd8\xa7e\x9f\xee\x3de\xb8\xda\xa7\xda\xddW</data></match></read>
    <read><length>14</length><match><data>\x19!\xee\x3de\xd0\xea\xee\x29t\x9f\x7d\xd0W</data></match></read>
    <read><length>34</length><match><data>\x94!\xee\x29t\xda\xea\xee\xd3\xdd\xee\x29t\x9f\x7d\xee\x93\x03\xee\xf5\x03\x2b\x60\xa7\x7fj\xea\xee\x29t\xda\xea\x8bW</data></match></read>
    <read><length>22</length><match><data>\x2d!\xee\x29t\xda\xea\xee\xd3\xdd\xee\x29t\x9f\x7d\xee\xebe\xeaj\x2bW</data></match></read>
    <read><length>28</length><match><data>\x9a!\xee\x29t\xda\xea\xee\xd3\xdd\xee\xc2\xda\xeae\xd0\xea\xee\xa7\x9f\xd7\xee\xc2j\xb8\x7f7W</data></match></read>
    <read><length>33</length><match><data>\xff!\xee\x29t\xda\xea\xee\xd3\xdd\xee\xc2\xda\xeae\xd0\xea\xee\xa7\x9f\xd7\xee\x29t\x9f\x7d\xee\xebe\xeaj\x2bW</data></match></read>
    <read><length>17</length><match><data>\xd5!\xee\x29t\xda\xea\xee\xd3\xdd\xee\xc2j\xb8\x7f7W</data></match></read>
    <read><length>33</length><match><data>B\xaa!\xee\x29t\xda\xea\xee\xd3\xdd\xee\xc2j\xb8\x7f7\xee\xa7\x9f\xd7\xee\x29t\x9f\x7d\xee\xebe\xeaj\x2bW</data></match></read>
    <read><length>16</length><match><data>BB!\xee\xd6\x2b7eZ\xee\xeb\xda\xa7\x1e\xf1W</data></match></read>
    <read><length>30</length><match><data>B\xd1!\xee\x3de\xd0\xea\xee\xc2jj\xee\x29t\x9f\x7d\xd0\xee\x93\x9f\xee\x3de\xb8\xda\xa7\xda\xddW</data></match></read>
    <read><length>9</length><match><data>B\x83!\xee\x25Ze\xeaW</data></match></read>
    <read><length>6</length><match><data>b\x5f\x5f\x7c\xee\xee</data></match></read>
    <write><data>\xd1W</data></write>
    <read><length>38</length><match><data>\x25\x9f\xea\x2b\xda\xee\x29t\x9f\x7d\xee\x93\x03\xee\xeat\xee\xd7\x2bj\x2b\xea\x2b\xee\x60\xdat7\xeeNj\xa7\xddje\xd0\xeaW</data></match></read>
    <read><length>5</length><match><data>b\x5f\x5f\x7c\xee</data></match></read>
    <write><data>\xaaW</data></write>
    <read><length>36</length><match><data>\x89t\x7fj\xd7\xee\x9ft\xea\xee\xda\x2b7t\x8a\x2b\xee\xd0t\x9f\x7d\xee\x60\xdat7\xeeNj\xa7\xddje\xd0\xeaW</data></match></read>
    <read><length>11</length><match><data>\xd8\xa7e\x9f\xee\xd8\x2b\x9f\x7f\x5fW</data></match></read>
    <read><length>24</length><match><data>B!\xee\xc2\xd7\xd7\xee\x29t\x9f\x7d\xee\xebt\xee\x95j\xa7\xddje\xd0\xeaW</data></match></read>
    <read><length>29</length><match><data>\xd1!\xee\x03\x2bj\x2b\xea\x2b\xee\x29t\x9f\x7d\xee\xa2\xdat7\xee\x95j\xa7\xddje\xd0\xeaW</data></match></read>
    <read><length>26</length><match><data>\x83!\xee\xd6\x2b\xea\x7f\xda\x9f\xee\xeat\xee\xd8\xa7e\x9f\xee\x3de\xb8\xda\xa7\xda\xddW</data></match></read>
    <read><length>14</length><match><data>\x19!\xee\x3de\xd0\xea\xee\x29t\x9f\x7d\xd0W</data></match></read>
    <read><length>34</length><match><data>\x94!\xee\x29t\xda\xea\xee\xd3\xdd\xee\x29t\x9f\x7d\xee\x93\x03\xee\xf5\x03\x2b\x60\xa7\x7fj\xea\xee\x29t\xda\xea\x8bW</data></match></read>
    <read><length>22</length><match><data>\x2d!\xee\x29t\xda\xea\xee\xd3\xdd\xee\x29t\x9f\x7d\xee\xebe\xeaj\x2bW</data></match></read>
    <read><length>28</length><match><data>\x9a!\xee\x29t\xda\xea\xee\xd3\xdd\xee\xc2\xda\xeae\xd0\xea\xee\xa7\x9f\xd7\xee\xc2j\xb8\x7f7W</data></match></read>
    <read><length>33</length><match><data>\xff!\xee\x29t\xda\xea\xee\xd3\xdd\xee\xc2\xda\xeae\xd0\xea\xee\xa7\x9f\xd7\xee\x29t\x9f\x7d\xee\xebe\xeaj\x2bW</data></match></read>
    <read><length>17</length><match><data>\xd5!\xee\x29t\xda\xea\xee\xd3\xdd\xee\xc2j\xb8\x7f7W</data></match></read>
    <read><length>33</length><match><data>B\xaa!\xee\x29t\xda\xea\xee\xd3\xdd\xee\xc2j\xb8\x7f7\xee\xa7\x9f\xd7\xee\x29t\x9f\x7d\xee\xebe\xeaj\x2bW</data></match></read>
    <read><length>16</length><match><data>BB!\xee\xd6\x2b7eZ\xee\xeb\xda\xa7\x1e\xf1W</data></match></read>
    <read><length>30</length><match><data>B\xd1!\xee\x3de\xd0\xea\xee\xc2jj\xee\x29t\x9f\x7d\xd0\xee\x93\x9f\xee\x3de\xb8\xda\xa7\xda\xddW</data></match></read>
    <read><length>9</length><match><data>B\x83!\xee\x25Ze\xeaW</data></match></read>
    <read><length>6</length><match><data>b\x5f\x5f\x7c\xee\xee</data></match></read>
    <write><data>B\x83W</data></write>
    <read><length>19</length><match><data>00\x25Ze\xea\x2b\xd7\xee\x87\x9f\x2b\xee\xc27N00W</data></match></read>
</replay>
</pov>