<?xml version="1.0" standalone="no" ?>
<!DOCTYPE pov SYSTEM "/usr/share/cgc-docs/replay.dtd">
<pov>
<cbid>service</cbid>
<seed>37d13c57dd2c94d468ea2bb4f7aae33ab4712cc525faacb19efebb06ab1d13c17f4d319386d2d94812536a4806735a12</seed>
<replay>
    <write><data>\xee\x01\xee\x01</data></write>
    <write><data>\x01\x00\x00\x00\x00</data></write>
    <read><length>3</length><match><data>\x01\x04\x04</data></match></read>
    <write><data>\x01\xee\x01\xee</data></write>
    <read><length>35</length><match><data>\x01\x01\x00\x00\x00\x00\x00\x00\x00\x00\x00\x00\x00ypDpTEmYTJNbgwuAAuk\x00\x04\x04</data></match></read>
    <write><data>\xee\x01\xee\x01</data></write>
    <write><data>\x04\x01\x00\x00\x00\x02\x00\x00\x00\x03\x00\x00\x00\x04\x00\x00\x00</data></write>
    <read><length>3</length><match><data>\x04\x04\x04</data></match></read>
    <write><data>\x01\xee\x01\xee</data></write>
    <read><length>131</length><match><data>\x04\x02\x00\x00\x00\x01\x00\x00\x00\x00\x00\x00\x00eDsELei\x00\x00\x00\x00\x00\x00\x00\x00\x00\x00\x00\x00\x00\x02\x00\x00\x00\x02\x00\x00\x00\x00\x00\x00\x00ZbWWNoNM\x00\x00\x00\x00\x00\x00\x00\x00\x00\x00\x00\x00\x02\x00\x00\x00\x03\x00\x00\x00\x00\x00\x00\x00AAYAcqLF\x00\x00\x00\x00\x00\x00\x00\x00\x00\x00\x00\x00\x02\x00\x00\x00\x04\x00\x00\x00\x00\x00\x00\x00ENGodOMkSCcdp\x00\x00\x00\x00\x00\x00\x00\x04\x04</data></match></read>
    <write><data>\xbe\xbe\xbe\xbe</data></write>
    <read><length>38</length><match><data>\x02\x00\x00\x00\x02\x00\x00\x00\x00\x00\x00\x00\x00\x00\x00\x00\x00\x00\x00\x00\x00\x00\x00\x00\x00\x00\x00\x00\x00\x00\x00\x00\x00\x00\x00\x00\x04\x04</data></match></read>
    <write><data>\xbe\xbe\xbe\xbe</data></write>
    <read><length>38</length><match><data>\x02\x00\x00\x00\x02\x00\x00\x00\x00\x00\x00\x00\x00\x00\x00\x00\x00\x00\x00\x00\x00\x00\x00\x00\x00\x00\x00\x00\x00\x00\x00\x00\x00\x00\x00\x00\x04\x04</data></match></read>
    <write><data>\x0e\x0e\x0e\x0e</data></write>
    <write><data>\x05\x02\x00\x00\x00\x04\x00\x00\x00\x00\x00\x00\x00ENGodOMkSCcdp\x00\x00\x00\x00\x00\x00\x00\x02\x00\x00\x00\x03\x00\x00\x00\x00\x00\x00\x00AAYAcqLF\x00\x00\x00\x00\x00\x00\x00\x00\x00\x00\x00\x00\x02\x00\x00\x00\x02\x00\x00\x00\x00\x00\x00\x00ZbWWNoNM\x00\x00\x00\x00\x00\x00\x00\x00\x00\x00\x00\x00\x02\x00\x00\x00\x01\x00\x00\x00\x00\x00\x00\x00eDsELei\x00\x00\x00\x00\x00\x00\x00\x00\x00\x00\x00\x00\x00\x01\x00\x00\x00\x00\x00\x00\x00\x00\x00\x00\x00ypDpTEmYTJNbgwuAAuk\x00</data></write>
    <read><length>2</length><match><data>\x04\x04</data></match></read>
    <write><data>\xbb\x11\x11\xbb</data></write>
    <read><length>3</length><match><data>\x00\x04\x04</data></match></read>
    <write><data>\x0e\x0e\x0e\x0e</data></write>
    <write><data>\x00</data></write>
    <read><length>2</length><match><data>\x04\x04</data></match></read>
    <write><data>\xbe\xbe\xbe\xbe</data></write>
    <read><length>38</length><match><data>\x03\x00\x00\x00\x03\x00\x00\x00\x00\x00\x00\x00\x00\x00\x00\x00\x00\x00\x00\x00\x00\x00\x00\x00\x00\x00\x00\x00\x00\x00\x00\x00\x00\x00\x00\x00\x04\x04</data></match></read>
    <write><data>\xee\x01\xee\x01</data></write>
    <write><data>\x06\x05\x00\x00\x00\x06\x00\x00\x00\x07\x00\x00\x00\x08\x00\x00\x00\x09\x00\x00\x00\x0a\x00\x00\x00</data></write>
    <read><length>3</length><match><data>\x06\x04\x04</data></match></read>
    <write><data>\x01\xee\x01\xee</data></write>
    <read><length>655</length><match><data>\x0b\x01\x00\x00\x00\x00\x00\x00\x00\x01\x00\x00\x00Dzs\x00\x00\x00\x00\x00\x00\x00\x00\x00\x00\x00\x00\x00\x00\x00\x00\x00hUN\x00\x00\x00\x00\x00\x00\x00\x00\x00\x00\x00\x00\x00\x00\x00\x00\x00RrvWQClGLc\x00\x00\x00\x00\x00\x00\x00\x00\x00\x00E\x00\x00\x00\x00\x00\x00\x00\x00\x00\x00\x00\x00\x00\x00\x00\x00\x00\x00\x00\x02\x00\x00\x00\x01\x00\x00\x00\x01\x00\x00\x00eZlRse\x00\x00\x00\x00\x00\x00\x00\x00\x00\x00\x00\x00\x00\x00NTOvguiPgjPlEc\x00\x00\x00\x00\x00\x00RDyNWXZu\x00\x00\x00\x00\x00\x00\x00\x00\x00\x00\x00\x00gPRF\x00\x00\x00\x00\x00\x00\x00\x00\x00\x00\x00\x00\x00\x00\x00\x00\x02\x00\x00\x00\x02\x00\x00\x00\x01\x00\x00\x00Zj\x00\x00\x00\x00\x00\x00\x00\x00\x00\x00\x00\x00\x00\x00\x00\x00\x00\x00elHXoEkGJHTfXydBj\x00\x00\x00BkngOfUoTmqtHOMAsSC\x00XjMM\x00\x00\x00\x00\x00\x00\x00\x00\x00\x00\x00\x00\x00\x00\x00\x00\x02\x00\x00\x00\x03\x00\x00\x00\x01\x00\x00\x00mxCEajsFOx\x00\x00\x00\x00\x00\x00\x00\x00\x00\x00jMHek\x00\x00\x00\x00\x00\x00\x00\x00\x00\x00\x00\x00\x00\x00\x00oqBIFUSsfGLwuqp\x00\x00\x00\x00\x00tpQdTrVfwEbVqCGC\x00\x00\x00\x00\x02\x00\x00\x00\x04\x00\x00\x00\x01\x00\x00\x00IPZfoyxxrvYzwNmcndJ\x00HwOSnePDOXk\x00\x00\x00\x00\x00\x00\x00\x00\x00BNqrexKmxzwYqR\x00\x00\x00\x00\x00\x00ZzTFYA\x00\x00\x00\x00\x00\x00\x00\x00\x00\x00\x00\x00\x00\x00\x03\x00\x00\x00\x05\x00\x00\x00\x00\x00\x00\x00JhDmBevCueHq\x00\x00\x00\x00\x00\x00\x00\x00\x03\x00\x00\x00\x06\x00\x00\x00\x00\x00\x00\x00AAYAcqLF\x00\x00\x00\x00\x00\x00\x00\x00\x00\x00\x00\x00\x03\x00\x00\x00\x07\x00\x00\x00\x00\x00\x00\x00CvqK\x00\x00\x00\x00\x00\x00\x00\x00\x00\x00\x00\x00\x00\x00\x00\x00\x03\x00\x00\x00\x08\x00\x00\x00\x00\x00\x00\x00wTopgFWuWqFm\x00\x00\x00\x00\x00\x00\x00\x00\x03\x00\x00\x00\x09\x00\x00\x00\x00\x00\x00\x00MAEwIQ\x00\x00\x00\x00\x00\x00\x00\x00\x00\x00\x00\x00\x00\x00\x03\x00\x00\x00\x0a\x00\x00\x00\x00\x00\x00\x00OjZiYi\x00\x00\x00\x00\x00\x00\x00\x00\x00\x00\x00\x00\x00\x00\x04\x04</data></match></read>
    <write><data>\x0e\x0e\x0e\x0e</data></write>
    <write><data>\x0b\x03\x00\x00\x00\x0a\x00\x00\x00\x00\x00\x00\x00OjZiYi\x00\x00\x00\x00\x00\x00\x00\x00\x00\x00\x00\x00\x00\x00\x03\x00\x00\x00\x09\x00\x00\x00\x00\x00\x00\x00MAEwIQ\x00\x00\x00\x00\x00\x00\x00\x00\x00\x00\x00\x00\x00\x00\x03\x00\x00\x00\x08\x00\x00\x00\x00\x00\x00\x00wTopgFWuWqFm\x00\x00\x00\x00\x00\x00\x00\x00\x03\x00\x00\x00\x07\x00\x00\x00\x00\x00\x00\x00CvqK\x00\x00\x00\x00\x00\x00\x00\x00\x00\x00\x00\x00\x00\x00\x00\x00\x03\x00\x00\x00\x06\x00\x00\x00\x00\x00\x00\x00AAYAcqLF\x00\x00\x00\x00\x00\x00\x00\x00\x00\x00\x00\x00\x03\x00\x00\x00\x05\x00\x00\x00\x00\x00\x00\x00JhDmBevCueHq\x00\x00\x00\x00\x00\x00\x00\x00\x02\x00\x00\x00\x04\x00\x00\x00\x01\x00\x00\x00IPZfoyxxrvYzwNmcndJ\x00HwOSnePDOXk\x00\x00\x00\x00\x00\x00\x00\x00\x00BNqrexKmxzwYqR\x00\x00\x00\x00\x00\x00ZzTFYA\x00\x00\x00\x00\x00\x00\x00\x00\x00\x00\x00\x00\x00\x00\x02\x00\x00\x00\x03\x00\x00\x00\x01\x00\x00\x00mxCEajsFOx\x00\x00\x00\x00\x00\x00\x00\x00\x00\x00jMHek\x00\x00\x00\x00\x00\x00\x00\x00\x00\x00\x00\x00\x00\x00\x00oqBIFUSsfGLwuqp\x00\x00\x00\x00\x00tpQdTrVfwEbVqCGC\x00\x00\x00\x00\x02\x00\x00\x00\x02\x00\x00\x00\x01\x00\x00\x00Zj\x00\x00\x00\x00\x00\x00\x00\x00\x00\x00\x00\x00\x00\x00\x00\x00\x00\x00elHXoEkGJHTfXydBj\x00\x00\x00BkngOfUoTmqtHOMAsSC\x00XjMM\x00\x00\x00\x00\x00\x00\x00\x00\x00\x00\x00\x00\x00\x00\x00\x00\x02\x00\x00\x00\x01\x00\x00\x00\x01\x00\x00\x00eZlRse\x00\x00\x00\x00\x00\x00\x00\x00\x00\x00\x00\x00\x00\x00NTOvguiPgjPlEc\x00\x00\x00\x00\x00\x00RDyNWXZu\x00\x00\x00\x00\x00\x00\x00\x00\x00\x00\x00\x00gPRF\x00\x00\x00\x00\x00\x00\x00\x00\x00\x00\x00\x00\x00\x00\x00\x00\x01\x00\x00\x00\x00\x00\x00\x00\x01\x00\x00\x00Dzs\x00\x00\x00\x00\x00\x00\x00\x00\x00\x00\x00\x00\x00\x00\x00\x00\x00hUN\x00\x00\x00\x00\x00\x00\x00\x00\x00\x00\x00\x00\x00\x00\x00\x00\x00RrvWQClGLc\x00\x00\x00\x00\x00\x00\x00\x00\x00\x00E\x00\x00\x00\x00\x00\x00\x00\x00\x00\x00\x00\x00\x00\x00\x00\x00\x00\x00\x00</data></write>
    <read><length>2</length><match><data>\x04\x04</data></match></read>
    <write><data>\x01\xee\x01\xee</data></write>
    <read><length>715</length><match><data>\x0b\x01\x00\x00\x00\x00\x00\x00\x00\x02\x00\x00\x00wZyEJHaU\x00\x00\x00\x00\x00\x00\x00\x00\x00\x00\x00\x00\x02\x00\x00\x00\x01\x00\x00\x00\x02\x00\x00\x00xvvfIjwJxxoX\x00\x00\x00\x00\x00\x00\x00\x00\x02\x00\x00\x00\x02\x00\x00\x00\x02\x00\x00\x00AKPReWjkKZRnRsGvRDU\x00\x02\x00\x00\x00\x03\x00\x00\x00\x02\x00\x00\x00NMLxnTqga\x00\x00\x00\x00\x00\x00\x00\x00\x00\x00\x00\x02\x00\x00\x00\x04\x00\x00\x00\x02\x00\x00\x00GRBycFmDIEcoTP\x00\x00\x00\x00\x00\x00\x03\x00\x00\x00\x05\x00\x00\x00\x01\x00\x00\x00HakKrdXeRCpQJ\x00\x00\x00\x00\x00\x00\x00FKnGclTRQFvjz\x00\x00\x00\x00\x00\x00\x00vJpUnutIkgpm\x00\x00\x00\x00\x00\x00\x00\x00bLsFqgMw\x00\x00\x00\x00\x00\x00\x00\x00\x00\x00\x00\x00\x03\x00\x00\x00\x06\x00\x00\x00\x01\x00\x00\x00mxCEajsFOx\x00\x00\x00\x00\x00\x00\x00\x00\x00\x00jMHek\x00\x00\x00\x00\x00\x00\x00\x00\x00\x00\x00\x00\x00\x00\x00oqBIFUSsfGLwuqp\x00\x00\x00\x00\x00tpQdTrVfwEbVqCGC\x00\x00\x00\x00\x03\x00\x00\x00\x07\x00\x00\x00\x01\x00\x00\x00PZVEoFhIc\x00\x00\x00\x00\x00\x00\x00\x00\x00\x00\x00tCfePusRu\x00\x00\x00\x00\x00\x00\x00\x00\x00\x00\x00d\x00\x00\x00\x00\x00\x00\x00\x00\x00\x00\x00\x00\x00\x00\x00\x00\x00\x00\x00IyghjY\x00\x00\x00\x00\x00\x00\x00\x00\x00\x00\x00\x00\x00\x00\x03\x00\x00\x00\x08\x00\x00\x00\x01\x00\x00\x00DvCF\x00\x00\x00\x00\x00\x00\x00\x00\x00\x00\x00\x00\x00\x00\x00\x00pHIEymqeAycJijjFFk\x00\x00e\x00\x00\x00\x00\x00\x00\x00\x00\x00\x00\x00\x00\x00\x00\x00\x00\x00\x00\x00IyWZnR\x00\x00\x00\x00\x00\x00\x00\x00\x00\x00\x00\x00\x00\x00\x03\x00\x00\x00\x09\x00\x00\x00\x01\x00\x00\x00zkbsnHsQYNpgrMw\x00\x00\x00\x00\x00TgHn\x00\x00\x00\x00\x00\x00\x00\x00\x00\x00\x00\x00\x00\x00\x00\x00PrzysxmuxvWGic\x00\x00\x00\x00\x00\x00LLEdnN\x00\x00\x00\x00\x00\x00\x00\x00\x00\x00\x00\x00\x00\x00\x03\x00\x00\x00\x0a\x00\x00\x00\x01\x00\x00\x00mEOcRZWoWATCb\x00\x00\x00\x00\x00\x00\x00A\x00\x00\x00\x00\x00\x00\x00\x00\x00\x00\x00\x00\x00\x00\x00\x00\x00\x00\x00uX\x00\x00\x00\x00\x00\x00\x00\x00\x00\x00\x00\x00\x00\x00\x00\x00\x00\x00C\x00\x00\x00\x00\x00\x00\x00\x00\x00\x00\x00\x00\x00\x00\x00\x00\x00\x00\x00\x04\x04</data></match></read>
    <write><data>\x0e\x0e\x0e\x0e</data></write>
    <write><data>\x0b\x03\x00\x00\x00\x0a\x00\x00\x00\x01\x00\x00\x00mEOcRZWoWATCb\x00\x00\x00\x00\x00\x00\x00A\x00\x00\x00\x00\x00\x00\x00\x00\x00\x00\x00\x00\x00\x00\x00\x00\x00\x00\x00uX\x00\x00\x00\x00\x00\x00\x00\x00\x00\x00\x00\x00\x00\x00\x00\x00\x00\x00C\x00\x00\x00\x00\x00\x00\x00\x00\x00\x00\x00\x00\x00\x00\x00\x00\x00\x00\x00\x03\x00\x00\x00\x09\x00\x00\x00\x01\x00\x00\x00zkbsnHsQYNpgrMw\x00\x00\x00\x00\x00TgHn\x00\x00\x00\x00\x00\x00\x00\x00\x00\x00\x00\x00\x00\x00\x00\x00PrzysxmuxvWGic\x00\x00\x00\x00\x00\x00LLEdnN\x00\x00\x00\x00\x00\x00\x00\x00\x00\x00\x00\x00\x00\x00\x03\x00\x00\x00\x08\x00\x00\x00\x01\x00\x00\x00DvCF\x00\x00\x00\x00\x00\x00\x00\x00\x00\x00\x00\x00\x00\x00\x00\x00pHIEymqeAycJijjFFk\x00\x00e\x00\x00\x00\x00\x00\x00\x00\x00\x00\x00\x00\x00\x00\x00\x00\x00\x00\x00\x00IyWZnR\x00\x00\x00\x00\x00\x00\x00\x00\x00\x00\x00\x00\x00\x00\x03\x00\x00\x00\x07\x00\x00\x00\x01\x00\x00\x00PZVEoFhIc\x00\x00\x00\x00\x00\x00\x00\x00\x00\x00\x00tCfePusRu\x00\x00\x00\x00\x00\x00\x00\x00\x00\x00\x00d\x00\x00\x00\x00\x00\x00\x00\x00\x00\x00\x00\x00\x00\x00\x00\x00\x00\x00\x00IyghjY\x00\x00\x00\x00\x00\x00\x00\x00\x00\x00\x00\x00\x00\x00\x03\x00\x00\x00\x06\x00\x00\x00\x01\x00\x00\x00mxCEajsFOx\x00\x00\x00\x00\x00\x00\x00\x00\x00\x00jMHek\x00\x00\x00\x00\x00\x00\x00\x00\x00\x00\x00\x00\x00\x00\x00oqBIFUSsfGLwuqp\x00\x00\x00\x00\x00tpQdTrVfwEbVqCGC\x00\x00\x00\x00\x03\x00\x00\x00\x05\x00\x00\x00\x01\x00\x00\x00HakKrdXeRCpQJ\x00\x00\x00\x00\x00\x00\x00FKnGclTRQFvjz\x00\x00\x00\x00\x00\x00\x00vJpUnutIkgpm\x00\x00\x00\x00\x00\x00\x00\x00bLsFqgMw\x00\x00\x00\x00\x00\x00\x00\x00\x00\x00\x00\x00\x02\x00\x00\x00\x04\x00\x00\x00\x02\x00\x00\x00GRBycFmDIEcoTP\x00\x00\x00\x00\x00\x00\x02\x00\x00\x00\x03\x00\x00\x00\x02\x00\x00\x00NMLxnTqga\x00\x00\x00\x00\x00\x00\x00\x00\x00\x00\x00\x02\x00\x00\x00\x02\x00\x00\x00\x02\x00\x00\x00AKPReWjkKZRnRsGvRDU\x00\x02\x00\x00\x00\x01\x00\x00\x00\x02\x00\x00\x00xvvfIjwJxxoX\x00\x00\x00\x00\x00\x00\x00\x00\x01\x00\x00\x00\x00\x00\x00\x00\x02\x00\x00\x00wZyEJHaU\x00\x00\x00\x00\x00\x00\x00\x00\x00\x00\x00\x00</data></write>
    <read><length>2</length><match><data>\x04\x04</data></match></read>
    <write><data>\x01\xee\x01\xee</data></write>
    <read><length>195</length><match><data>\x06\x03\x00\x00\x00\x05\x00\x00\x00\x02\x00\x00\x00m\x00\x00\x00\x00\x00\x00\x00\x00\x00\x00\x00\x00\x00\x00\x00\x00\x00\x00\x00\x03\x00\x00\x00\x06\x00\x00\x00\x02\x00\x00\x00NMLxnTqga\x00\x00\x00\x00\x00\x00\x00\x00\x00\x00\x00\x03\x00\x00\x00\x07\x00\x00\x00\x02\x00\x00\x00ozox\x00\x00\x00\x00\x00\x00\x00\x00\x00\x00\x00\x00\x00\x00\x00\x00\x03\x00\x00\x00\x08\x00\x00\x00\x02\x00\x00\x00cOkXtVctEuoeCFHQGzT\x00\x03\x00\x00\x00\x09\x00\x00\x00\x02\x00\x00\x00CrBjW\x00\x00\x00\x00\x00\x00\x00\x00\x00\x00\x00\x00\x00\x00\x00\x03\x00\x00\x00\x0a\x00\x00\x00\x02\x00\x00\x00xL\x00\x00\x00\x00\x00\x00\x00\x00\x00\x00\x00\x00\x00\x00\x00\x00\x00\x00\x04\x04</data></match></read>
    <write><data>\x0e\x0e\x0e\x0e</data></write>
    <write><data>\x06\x03\x00\x00\x00\x0a\x00\x00\x00\x02\x00\x00\x00xL\x00\x00\x00\x00\x00\x00\x00\x00\x00\x00\x00\x00\x00\x00\x00\x00\x00\x00\x03\x00\x00\x00\x09\x00\x00\x00\x02\x00\x00\x00CrBjW\x00\x00\x00\x00\x00\x00\x00\x00\x00\x00\x00\x00\x00\x00\x00\x03\x00\x00\x00\x08\x00\x00\x00\x02\x00\x00\x00cOkXtVctEuoeCFHQGzT\x00\x03\x00\x00\x00\x07\x00\x00\x00\x02\x00\x00\x00ozox\x00\x00\x00\x00\x00\x00\x00\x00\x00\x00\x00\x00\x00\x00\x00\x00\x03\x00\x00\x00\x06\x00\x00\x00\x02\x00\x00\x00NMLxnTqga\x00\x00\x00\x00\x00\x00\x00\x00\x00\x00\x00\x03\x00\x00\x00\x05\x00\x00\x00\x02\x00\x00\x00m\x00\x00\x00\x00\x00\x00\x00\x00\x00\x00\x00\x00\x00\x00\x00\x00\x00\x00\x00</data></write>
    <read><length>2</length><match><data>\x04\x04</data></match></read>
    <write><data>\xbb\x11\x11\xbb</data></write>
    <read><length>3</length><match><data>\x03\x04\x04</data></match></read>
    <write><data>\xbe\xbe\xbe\xbe</data></write>
    <read><length>38</length><match><data>\x00\x00\x00\x00\x00\x00\x00\x00\x00\x00\x00\x00\x00\x00\x00\x00\x00\x00\x00\x00\x00\x00\x00\x00\x00\x00\x00\x00\x00\x00\x00\x00\x00\x00\x00\x00\x04\x04</data></match></read>
    <write><data>\xbb\x11\x11\xbb</data></write>
    <read><length>3</length><match><data>\x00\x04\x04</data></match></read>
    <write><data>\xee\x01\xee\x01</data></write>
    <write><data>\x0a\x0b\x00\x00\x00\x0c\x00\x00\x00\x0d\x00\x00\x00\x0e\x00\x00\x00\x0f\x00\x00\x00\x10\x00\x00\x00\x11\x00\x00\x00\x12\x00\x00\x00\x13\x00\x00\x00\x14\x00\x00\x00</data></write>
    <read><length>3</length><match><data>\x0a\x04\x04</data></match></read>
    <write><data>\x0e\x0e\x0e\x0e</data></write>
    <write><data>\x00</data></write>
    <read><length>2</length><match><data>\x04\x04</data></match></read>
    <write><data>\x0e\x0e\x0e\x0e</data></write>
    <write><data>\x00</data></write>
    <read><length>2</length><match><data>\x04\x04</data></match></read>
    <write><data>\xee\x01\xee\x01</data></write>
    <write><data>\x0a\x15\x00\x00\x00\x16\x00\x00\x00\x17\x00\x00\x00\x18\x00\x00\x00\x19\x00\x00\x00\x1a\x00\x00\x00\x1b\x00\x00\x00\x1c\x00\x00\x00\x1d\x00\x00\x00\x1e\x00\x00\x00</data></write>
    <read><length>3</length><match><data>\x0a\x04\x04</data></match></read>
    <write><data>\x01\xee\x01\xee</data></write>
    <read><length>643</length><match><data>\x14\x01\x00\x00\x00\x0b\x00\x00\x00\x00\x00\x00\x00koaVbUY\x00\x00\x00\x00\x00\x00\x00\x00\x00\x00\x00\x00\x00\x01\x00\x00\x00\x0c\x00\x00\x00\x00\x00\x00\x00ENGodOMkSCcdp\x00\x00\x00\x00\x00\x00\x00\x01\x00\x00\x00\x0d\x00\x00\x00\x00\x00\x00\x00oW\x00\x00\x00\x00\x00\x00\x00\x00\x00\x00\x00\x00\x00\x00\x00\x00\x00\x00\x02\x00\x00\x00\x0e\x00\x00\x00\x00\x00\x00\x00AAYAcqLF\x00\x00\x00\x00\x00\x00\x00\x00\x00\x00\x00\x00\x02\x00\x00\x00\x0f\x00\x00\x00\x00\x00\x00\x00Jdubqqhp\x00\x00\x00\x00\x00\x00\x00\x00\x00\x00\x00\x00\x02\x00\x00\x00\x10\x00\x00\x00\x00\x00\x00\x00OhPbcBnJFNBsfKxc\x00\x00\x00\x00\x02\x00\x00\x00\x11\x00\x00\x00\x00\x00\x00\x00koaVbUY\x00\x00\x00\x00\x00\x00\x00\x00\x00\x00\x00\x00\x00\x02\x00\x00\x00\x12\x00\x00\x00\x00\x00\x00\x00PxSfXOLhtqroMQEYuI\x00\x00\x03\x00\x00\x00\x13\x00\x00\x00\x00\x00\x00\x00OJGbM\x00\x00\x00\x00\x00\x00\x00\x00\x00\x00\x00\x00\x00\x00\x00\x03\x00\x00\x00\x14\x00\x00\x00\x00\x00\x00\x00jqBfeUjRYCpwb\x00\x00\x00\x00\x00\x00\x00\x04\x00\x00\x00\x15\x00\x00\x00\x00\x00\x00\x00YMiRPnuTZ\x00\x00\x00\x00\x00\x00\x00\x00\x00\x00\x00\x04\x00\x00\x00\x16\x00\x00\x00\x00\x00\x00\x00Jdubqqhp\x00\x00\x00\x00\x00\x00\x00\x00\x00\x00\x00\x00\x05\x00\x00\x00\x17\x00\x00\x00\x00\x00\x00\x00Snt\x00\x00\x00\x00\x00\x00\x00\x00\x00\x00\x00\x00\x00\x00\x00\x00\x00\x05\x00\x00\x00\x18\x00\x00\x00\x00\x00\x00\x00JhDmBevCueHq\x00\x00\x00\x00\x00\x00\x00\x00\x05\x00\x00\x00\x19\x00\x00\x00\x00\x00\x00\x00OhPbcBnJFNBsfKxc\x00\x00\x00\x00\x05\x00\x00\x00\x1a\x00\x00\x00\x00\x00\x00\x00giSPcyLgGK\x00\x00\x00\x00\x00\x00\x00\x00\x00\x00\x06\x00\x00\x00\x1b\x00\x00\x00\x00\x00\x00\x00OJGbM\x00\x00\x00\x00\x00\x00\x00\x00\x00\x00\x00\x00\x00\x00\x00\x06\x00\x00\x00\x1c\x00\x00\x00\x00\x00\x00\x00jqBfeUjRYCpwb\x00\x00\x00\x00\x00\x00\x00\x06\x00\x00\x00\x1d\x00\x00\x00\x00\x00\x00\x00aUWYXBp\x00\x00\x00\x00\x00\x00\x00\x00\x00\x00\x00\x00\x00\x06\x00\x00\x00\x1e\x00\x00\x00\x00\x00\x00\x00wTopgFWuWqFm\x00\x00\x00\x00\x00\x00\x00\x00\x04\x04</data></match></read>
    <write><data>\x0e\x0e\x0e\x0e</data></write>
    <write><data>\x14\x06\x00\x00\x00\x1e\x00\x00\x00\x00\x00\x00\x00wTopgFWuWqFm\x00\x00\x00\x00\x00\x00\x00\x00\x06\x00\x00\x00\x1d\x00\x00\x00\x00\x00\x00\x00aUWYXBp\x00\x00\x00\x00\x00\x00\x00\x00\x00\x00\x00\x00\x00\x06\x00\x00\x00\x1c\x00\x00\x00\x00\x00\x00\x00jqBfeUjRYCpwb\x00\x00\x00\x00\x00\x00\x00\x06\x00\x00\x00\x1b\x00\x00\x00\x00\x00\x00\x00OJGbM\x00\x00\x00\x00\x00\x00\x00\x00\x00\x00\x00\x00\x00\x00\x00\x05\x00\x00\x00\x1a\x00\x00\x00\x00\x00\x00\x00giSPcyLgGK\x00\x00\x00\x00\x00\x00\x00\x00\x00\x00\x05\x00\x00\x00\x19\x00\x00\x00\x00\x00\x00\x00OhPbcBnJFNBsfKxc\x00\x00\x00\x00\x05\x00\x00\x00\x18\x00\x00\x00\x00\x00\x00\x00JhDmBevCueHq\x00\x00\x00\x00\x00\x00\x00\x00\x05\x00\x00\x00\x17\x00\x00\x00\x00\x00\x00\x00Snt\x00\x00\x00\x00\x00\x00\x00\x00\x00\x00\x00\x00\x00\x00\x00\x00\x00\x04\x00\x00\x00\x16\x00\x00\x00\x00\x00\x00\x00Jdubqqhp\x00\x00\x00\x00\x00\x00\x00\x00\x00\x00\x00\x00\x04\x00\x00\x00\x15\x00\x00\x00\x00\x00\x00\x00YMiRPnuTZ\x00\x00\x00\x00\x00\x00\x00\x00\x00\x00\x00\x03\x00\x00\x00\x14\x00\x00\x00\x00\x00\x00\x00jqBfeUjRYCpwb\x00\x00\x00\x00\x00\x00\x00\x03\x00\x00\x00\x13\x00\x00\x00\x00\x00\x00\x00OJGbM\x00\x00\x00\x00\x00\x00\x00\x00\x00\x00\x00\x00\x00\x00\x00\x02\x00\x00\x00\x12\x00\x00\x00\x00\x00\x00\x00PxSfXOLhtqroMQEYuI\x00\x00\x02\x00\x00\x00\x11\x00\x00\x00\x00\x00\x00\x00koaVbUY\x00\x00\x00\x00\x00\x00\x00\x00\x00\x00\x00\x00\x00\x02\x00\x00\x00\x10\x00\x00\x00\x00\x00\x00\x00OhPbcBnJFNBsfKxc\x00\x00\x00\x00\x02\x00\x00\x00\x0f\x00\x00\x00\x00\x00\x00\x00Jdubqqhp\x00\x00\x00\x00\x00\x00\x00\x00\x00\x00\x00\x00\x02\x00\x00\x00\x0e\x00\x00\x00\x00\x00\x00\x00AAYAcqLF\x00\x00\x00\x00\x00\x00\x00\x00\x00\x00\x00\x00\x01\x00\x00\x00\x0d\x00\x00\x00\x00\x00\x00\x00oW\x00\x00\x00\x00\x00\x00\x00\x00\x00\x00\x00\x00\x00\x00\x00\x00\x00\x00\x01\x00\x00\x00\x0c\x00\x00\x00\x00\x00\x00\x00ENGodOMkSCcdp\x00\x00\x00\x00\x00\x00\x00\x01\x00\x00\x00\x0b\x00\x00\x00\x00\x00\x00\x00koaVbUY\x00\x00\x00\x00\x00\x00\x00\x00\x00\x00\x00\x00\x00</data></write>
    <read><length>2</length><match><data>\x04\x04</data></match></read>
    <write><data>\x01\xee\x01\xee</data></write>
    <read><length>1843</length><match><data>\x14\x01\x00\x00\x00\x0b\x00\x00\x00\x01\x00\x00\x00E\x00\x00\x00\x00\x00\x00\x00\x00\x00\x00\x00\x00\x00\x00\x00\x00\x00\x00\x00AtjGgIxYASTCOC\x00\x00\x00\x00\x00\x00aOVAVDAvqbpKPQzs\x00\x00\x00\x00GTzDwFtOZBGsbbM\x00\x00\x00\x00\x00\x01\x00\x00\x00\x0c\x00\x00\x00\x01\x00\x00\x00IPZfoyxxrvYzwNmcndJ\x00HwOSnePDOXk\x00\x00\x00\x00\x00\x00\x00\x00\x00BNqrexKmxzwYqR\x00\x00\x00\x00\x00\x00ZzTFYA\x00\x00\x00\x00\x00\x00\x00\x00\x00\x00\x00\x00\x00\x00\x01\x00\x00\x00\x0d\x00\x00\x00\x01\x00\x00\x00xGimYTMbTGurv\x00\x00\x00\x00\x00\x00\x00yg\x00\x00\x00\x00\x00\x00\x00\x00\x00\x00\x00\x00\x00\x00\x00\x00\x00\x00fVAqrTHHLKaZimlJqjI\x00VbDaKZELJ\x00\x00\x00\x00\x00\x00\x00\x00\x00\x00\x00\x02\x00\x00\x00\x0e\x00\x00\x00\x01\x00\x00\x00mxCEajsFOx\x00\x00\x00\x00\x00\x00\x00\x00\x00\x00jMHek\x00\x00\x00\x00\x00\x00\x00\x00\x00\x00\x00\x00\x00\x00\x00oqBIFUSsfGLwuqp\x00\x00\x00\x00\x00tpQdTrVfwEbVqCGC\x00\x00\x00\x00\x02\x00\x00\x00\x0f\x00\x00\x00\x01\x00\x00\x00cGsWHxAeFkByvPuAnb\x00\x00u\x00\x00\x00\x00\x00\x00\x00\x00\x00\x00\x00\x00\x00\x00\x00\x00\x00\x00\x00UYBeUiccXeIdacmo\x00\x00\x00\x00skLRiJW\x00\x00\x00\x00\x00\x00\x00\x00\x00\x00\x00\x00\x00\x02\x00\x00\x00\x10\x00\x00\x00\x01\x00\x00\x00wuXVqAIWyTbaeTq\x00\x00\x00\x00\x00ucayTRX\x00\x00\x00\x00\x00\x00\x00\x00\x00\x00\x00\x00\x00jLIxECdyrhWfwuhZ\x00\x00\x00\x00OFpbDRbVfx\x00\x00\x00\x00\x00\x00\x00\x00\x00\x00\x02\x00\x00\x00\x11\x00\x00\x00\x01\x00\x00\x00E\x00\x00\x00\x00\x00\x00\x00\x00\x00\x00\x00\x00\x00\x00\x00\x00\x00\x00\x00AtjGgIxYASTCOC\x00\x00\x00\x00\x00\x00aOVAVDAvqbpKPQzs\x00\x00\x00\x00GTzDwFtOZBGsbbM\x00\x00\x00\x00\x00\x02\x00\x00\x00\x12\x00\x00\x00\x01\x00\x00\x00LPWgXP\x00\x00\x00\x00\x00\x00\x00\x00\x00\x00\x00\x00\x00\x00ZgQkrAsglrUFknMGX\x00\x00\x00MOoJtdbGKwI\x00\x00\x00\x00\x00\x00\x00\x00\x00CzfnjxBK\x00\x00\x00\x00\x00\x00\x00\x00\x00\x00\x00\x00\x03\x00\x00\x00\x13\x00\x00\x00\x01\x00\x00\x00MW\x00\x00\x00\x00\x00\x00\x00\x00\x00\x00\x00\x00\x00\x00\x00\x00\x00\x00pVAbrgTmfsf\x00\x00\x00\x00\x00\x00\x00\x00\x00NDkwNvbbHkmg\x00\x00\x00\x00\x00\x00\x00\x00eqlYvUouwSFcet\x00\x00\x00\x00\x00\x00\x03\x00\x00\x00\x14\x00\x00\x00\x01\x00\x00\x00UmXu\x00\x00\x00\x00\x00\x00\x00\x00\x00\x00\x00\x00\x00\x00\x00\x00ormjxbdGdKYIQejskBV\x00pSBIfScXYfA\x00\x00\x00\x00\x00\x00\x00\x00\x00OZIGfmINguZcpfi\x00\x00\x00\x00\x00\x04\x00\x00\x00\x15\x00\x00\x00\x01\x00\x00\x00FyYzVa\x00\x00\x00\x00\x00\x00\x00\x00\x00\x00\x00\x00\x00\x00X\x00\x00\x00\x00\x00\x00\x00\x00\x00\x00\x00\x00\x00\x00\x00\x00\x00\x00\x00ImwYuQymbIIGAb\x00\x00\x00\x00\x00\x00vZmZhVnBnTwEUnuNKAh\x00\x04\x00\x00\x00\x16\x00\x00\x00\x01\x00\x00\x00cGsWHxAeFkByvPuAnb\x00\x00u\x00\x00\x00\x00\x00\x00\x00\x00\x00\x00\x00\x00\x00\x00\x00\x00\x00\x00\x00UYBeUiccXeIdacmo\x00\x00\x00\x00skLRiJW\x00\x00\x00\x00\x00\x00\x00\x00\x00\x00\x00\x00\x00\x05\x00\x00\x00\x17\x00\x00\x00\x01\x00\x00\x00hoPyZCWLbzlEdS\x00\x00\x00\x00\x00\x00nJNOemZLRA\x00\x00\x00\x00\x00\x00\x00\x00\x00\x00QqpfnCul\x00\x00\x00\x00\x00\x00\x00\x00\x00\x00\x00\x00hKxFhOFanfnrmMMo\x00\x00\x00\x00\x05\x00\x00\x00\x18\x00\x00\x00\x01\x00\x00\x00HakKrdXeRCpQJ\x00\x00\x00\x00\x00\x00\x00FKnGclTRQFvjz\x00\x00\x00\x00\x00\x00\x00vJpUnutIkgpm\x00\x00\x00\x00\x00\x00\x00\x00bLsFqgMw\x00\x00\x00\x00\x00\x00\x00\x00\x00\x00\x00\x00\x05\x00\x00\x00\x19\x00\x00\x00\x01\x00\x00\x00wuXVqAIWyTbaeTq\x00\x00\x00\x00\x00ucayTRX\x00\x00\x00\x00\x00\x00\x00\x00\x00\x00\x00\x00\x00jLIxECdyrhWfwuhZ\x00\x00\x00\x00OFpbDRbVfx\x00\x00\x00\x00\x00\x00\x00\x00\x00\x00\x05\x00\x00\x00\x1a\x00\x00\x00\x01\x00\x00\x00vbWrs\x00\x00\x00\x00\x00\x00\x00\x00\x00\x00\x00\x00\x00\x00\x00xWBdzcvZQTf\x00\x00\x00\x00\x00\x00\x00\x00\x00QdjRhFJ\x00\x00\x00\x00\x00\x00\x00\x00\x00\x00\x00\x00\x00UhIQDYCNZ\x00\x00\x00\x00\x00\x00\x00\x00\x00\x00\x00\x06\x00\x00\x00\x1b\x00\x00\x00\x01\x00\x00\x00MW\x00\x00\x00\x00\x00\x00\x00\x00\x00\x00\x00\x00\x00\x00\x00\x00\x00\x00pVAbrgTmfsf\x00\x00\x00\x00\x00\x00\x00\x00\x00NDkwNvbbHkmg\x00\x00\x00\x00\x00\x00\x00\x00eqlYvUouwSFcet\x00\x00\x00\x00\x00\x00\x06\x00\x00\x00\x1c\x00\x00\x00\x01\x00\x00\x00UmXu\x00\x00\x00\x00\x00\x00\x00\x00\x00\x00\x00\x00\x00\x00\x00\x00ormjxbdGdKYIQejskBV\x00pSBIfScXYfA\x00\x00\x00\x00\x00\x00\x00\x00\x00OZIGfmINguZcpfi\x00\x00\x00\x00\x00\x06\x00\x00\x00\x1d\x00\x00\x00\x01\x00\x00\x00wePMzfShzImZDOTgLc\x00\x00Zxpb\x00\x00\x00\x00\x00\x00\x00\x00\x00\x00\x00\x00\x00\x00\x00\x00YsiGeamwZgFEp\x00\x00\x00\x00\x00\x00\x00HDeBa\x00\x00\x00\x00\x00\x00\x00\x00\x00\x00\x00\x00\x00\x00\x00\x06\x00\x00\x00\x1e\x00\x00\x00\x01\x00\x00\x00DvCF\x00\x00\x00\x00\x00\x00\x00\x00\x00\x00\x00\x00\x00\x00\x00\x00pHIEymqeAycJijjFFk\x00\x00e\x00\x00\x00\x00\x00\x00\x00\x00\x00\x00\x00\x00\x00\x00\x00\x00\x00\x00\x00IyWZnR\x00\x00\x00\x00\x00\x00\x00\x00\x00\x00\x00\x00\x00\x00\x04\x04</data></match></read>
    <write><data>\x0e\x0e\x0e\x0e</data></write>
    <write><data>\x14\x06\x00\x00\x00\x1e\x00\x00\x00\x01\x00\x00\x00DvCF\x00\x00\x00\x00\x00\x00\x00\x00\x00\x00\x00\x00\x00\x00\x00\x00pHIEymqeAycJijjFFk\x00\x00e\x00\x00\x00\x00\x00\x00\x00\x00\x00\x00\x00\x00\x00\x00\x00\x00\x00\x00\x00IyWZnR\x00\x00\x00\x00\x00\x00\x00\x00\x00\x00\x00\x00\x00\x00\x06\x00\x00\x00\x1d\x00\x00\x00\x01\x00\x00\x00wePMzfShzImZDOTgLc\x00\x00Zxpb\x00\x00\x00\x00\x00\x00\x00\x00\x00\x00\x00\x00\x00\x00\x00\x00YsiGeamwZgFEp\x00\x00\x00\x00\x00\x00\x00HDeBa\x00\x00\x00\x00\x00\x00\x00\x00\x00\x00\x00\x00\x00\x00\x00\x06\x00\x00\x00\x1c\x00\x00\x00\x01\x00\x00\x00UmXu\x00\x00\x00\x00\x00\x00\x00\x00\x00\x00\x00\x00\x00\x00\x00\x00ormjxbdGdKYIQejskBV\x00pSBIfScXYfA\x00\x00\x00\x00\x00\x00\x00\x00\x00OZIGfmINguZcpfi\x00\x00\x00\x00\x00\x06\x00\x00\x00\x1b\x00\x00\x00\x01\x00\x00\x00MW\x00\x00\x00\x00\x00\x00\x00\x00\x00\x00\x00\x00\x00\x00\x00\x00\x00\x00pVAbrgTmfsf\x00\x00\x00\x00\x00\x00\x00\x00\x00NDkwNvbbHkmg\x00\x00\x00\x00\x00\x00\x00\x00eqlYvUouwSFcet\x00\x00\x00\x00\x00\x00\x05\x00\x00\x00\x1a\x00\x00\x00\x01\x00\x00\x00vbWrs\x00\x00\x00\x00\x00\x00\x00\x00\x00\x00\x00\x00\x00\x00\x00xWBdzcvZQTf\x00\x00\x00\x00\x00\x00\x00\x00\x00QdjRhFJ\x00\x00\x00\x00\x00\x00\x00\x00\x00\x00\x00\x00\x00UhIQDYCNZ\x00\x00\x00\x00\x00\x00\x00\x00\x00\x00\x00\x05\x00\x00\x00\x19\x00\x00\x00\x01\x00\x00\x00wuXVqAIWyTbaeTq\x00\x00\x00\x00\x00ucayTRX\x00\x00\x00\x00\x00\x00\x00\x00\x00\x00\x00\x00\x00jLIxECdyrhWfwuhZ\x00\x00\x00\x00OFpbDRbVfx\x00\x00\x00\x00\x00\x00\x00\x00\x00\x00\x05\x00\x00\x00\x18\x00\x00\x00\x01\x00\x00\x00HakKrdXeRCpQJ\x00\x00\x00\x00\x00\x00\x00FKnGclTRQFvjz\x00\x00\x00\x00\x00\x00\x00vJpUnutIkgpm\x00\x00\x00\x00\x00\x00\x00\x00bLsFqgMw\x00\x00\x00\x00\x00\x00\x00\x00\x00\x00\x00\x00\x05\x00\x00\x00\x17\x00\x00\x00\x01\x00\x00\x00hoPyZCWLbzlEdS\x00\x00\x00\x00\x00\x00nJNOemZLRA\x00\x00\x00\x00\x00\x00\x00\x00\x00\x00QqpfnCul\x00\x00\x00\x00\x00\x00\x00\x00\x00\x00\x00\x00hKxFhOFanfnrmMMo\x00\x00\x00\x00\x04\x00\x00\x00\x16\x00\x00\x00\x01\x00\x00\x00cGsWHxAeFkByvPuAnb\x00\x00u\x00\x00\x00\x00\x00\x00\x00\x00\x00\x00\x00\x00\x00\x00\x00\x00\x00\x00\x00UYBeUiccXeIdacmo\x00\x00\x00\x00skLRiJW\x00\x00\x00\x00\x00\x00\x00\x00\x00\x00\x00\x00\x00\x04\x00\x00\x00\x15\x00\x00\x00\x01\x00\x00\x00FyYzVa\x00\x00\x00\x00\x00\x00\x00\x00\x00\x00\x00\x00\x00\x00X\x00\x00\x00\x00\x00\x00\x00\x00\x00\x00\x00\x00\x00\x00\x00\x00\x00\x00\x00ImwYuQymbIIGAb\x00\x00\x00\x00\x00\x00vZmZhVnBnTwEUnuNKAh\x00\x03\x00\x00\x00\x14\x00\x00\x00\x01\x00\x00\x00UmXu\x00\x00\x00\x00\x00\x00\x00\x00\x00\x00\x00\x00\x00\x00\x00\x00ormjxbdGdKYIQejskBV\x00pSBIfScXYfA\x00\x00\x00\x00\x00\x00\x00\x00\x00OZIGfmINguZcpfi\x00\x00\x00\x00\x00\x03\x00\x00\x00\x13\x00\x00\x00\x01\x00\x00\x00MW\x00\x00\x00\x00\x00\x00\x00\x00\x00\x00\x00\x00\x00\x00\x00\x00\x00\x00pVAbrgTmfsf\x00\x00\x00\x00\x00\x00\x00\x00\x00NDkwNvbbHkmg\x00\x00\x00\x00\x00\x00\x00\x00eqlYvUouwSFcet\x00\x00\x00\x00\x00\x00\x02\x00\x00\x00\x12\x00\x00\x00\x01\x00\x00\x00LPWgXP\x00\x00\x00\x00\x00\x00\x00\x00\x00\x00\x00\x00\x00\x00ZgQkrAsglrUFknMGX\x00\x00\x00MOoJtdbGKwI\x00\x00\x00\x00\x00\x00\x00\x00\x00CzfnjxBK\x00\x00\x00\x00\x00\x00\x00\x00\x00\x00\x00\x00\x02\x00\x00\x00\x11\x00\x00\x00\x01\x00\x00\x00E\x00\x00\x00\x00\x00\x00\x00\x00\x00\x00\x00\x00\x00\x00\x00\x00\x00\x00\x00AtjGgIxYASTCOC\x00\x00\x00\x00\x00\x00aOVAVDAvqbpKPQzs\x00\x00\x00\x00GTzDwFtOZBGsbbM\x00\x00\x00\x00\x00\x02\x00\x00\x00\x10\x00\x00\x00\x01\x00\x00\x00wuXVqAIWyTbaeTq\x00\x00\x00\x00\x00ucayTRX\x00\x00\x00\x00\x00\x00\x00\x00\x00\x00\x00\x00\x00jLIxECdyrhWfwuhZ\x00\x00\x00\x00OFpbDRbVfx\x00\x00\x00\x00\x00\x00\x00\x00\x00\x00\x02\x00\x00\x00\x0f\x00\x00\x00\x01\x00\x00\x00cGsWHxAeFkByvPuAnb\x00\x00u\x00\x00\x00\x00\x00\x00\x00\x00\x00\x00\x00\x00\x00\x00\x00\x00\x00\x00\x00UYBeUiccXeIdacmo\x00\x00\x00\x00skLRiJW\x00\x00\x00\x00\x00\x00\x00\x00\x00\x00\x00\x00\x00\x02\x00\x00\x00\x0e\x00\x00\x00\x01\x00\x00\x00mxCEajsFOx\x00\x00\x00\x00\x00\x00\x00\x00\x00\x00jMHek\x00\x00\x00\x00\x00\x00\x00\x00\x00\x00\x00\x00\x00\x00\x00oqBIFUSsfGLwuqp\x00\x00\x00\x00\x00tpQdTrVfwEbVqCGC\x00\x00\x00\x00\x01\x00\x00\x00\x0d\x00\x00\x00\x01\x00\x00\x00xGimYTMbTGurv\x00\x00\x00\x00\x00\x00\x00yg\x00\x00\x00\x00\x00\x00\x00\x00\x00\x00\x00\x00\x00\x00\x00\x00\x00\x00fVAqrTHHLKaZimlJqjI\x00VbDaKZELJ\x00\x00\x00\x00\x00\x00\x00\x00\x00\x00\x00\x01\x00\x00\x00\x0c\x00\x00\x00\x01\x00\x00\x00IPZfoyxxrvYzwNmcndJ\x00HwOSnePDOXk\x00\x00\x00\x00\x00\x00\x00\x00\x00BNqrexKmxzwYqR\x00\x00\x00\x00\x00\x00ZzTFYA\x00\x00\x00\x00\x00\x00\x00\x00\x00\x00\x00\x00\x00\x00\x01\x00\x00\x00\x0b\x00\x00\x00\x01\x00\x00\x00E\x00\x00\x00\x00\x00\x00\x00\x00\x00\x00\x00\x00\x00\x00\x00\x00\x00\x00\x00AtjGgIxYASTCOC\x00\x00\x00\x00\x00\x00aOVAVDAvqbpKPQzs\x00\x00\x00\x00GTzDwFtOZBGsbbM\x00\x00\x00\x00\x00</data></write>
    <read><length>2</length><match><data>\x04\x04</data></match></read>
    <write><data>\x01\xee\x01\xee</data></write>
    <read><length>643</length><match><data>\x14\x01\x00\x00\x00\x0b\x00\x00\x00\x02\x00\x00\x00suwkMLdoZTwWHsivcVs\x00\x01\x00\x00\x00\x0c\x00\x00\x00\x02\x00\x00\x00GRBycFmDIEcoTP\x00\x00\x00\x00\x00\x00\x01\x00\x00\x00\x0d\x00\x00\x00\x02\x00\x00\x00oleZre\x00\x00\x00\x00\x00\x00\x00\x00\x00\x00\x00\x00\x00\x00\x02\x00\x00\x00\x0e\x00\x00\x00\x02\x00\x00\x00NMLxnTqga\x00\x00\x00\x00\x00\x00\x00\x00\x00\x00\x00\x02\x00\x00\x00\x0f\x00\x00\x00\x02\x00\x00\x00ejxWijyBhfjzOi\x00\x00\x00\x00\x00\x00\x02\x00\x00\x00\x10\x00\x00\x00\x02\x00\x00\x00jqkl\x00\x00\x00\x00\x00\x00\x00\x00\x00\x00\x00\x00\x00\x00\x00\x00\x02\x00\x00\x00\x11\x00\x00\x00\x02\x00\x00\x00suwkMLdoZTwWHsivcVs\x00\x02\x00\x00\x00\x12\x00\x00\x00\x02\x00\x00\x00SQGmFKASiGI\x00\x00\x00\x00\x00\x00\x00\x00\x00\x03\x00\x00\x00\x13\x00\x00\x00\x02\x00\x00\x00yQyOP\x00\x00\x00\x00\x00\x00\x00\x00\x00\x00\x00\x00\x00\x00\x00\x03\x00\x00\x00\x14\x00\x00\x00\x02\x00\x00\x00kXwjlceRFOuSLDl\x00\x00\x00\x00\x00\x04\x00\x00\x00\x15\x00\x00\x00\x02\x00\x00\x00JnOZlrmpv\x00\x00\x00\x00\x00\x00\x00\x00\x00\x00\x00\x04\x00\x00\x00\x16\x00\x00\x00\x02\x00\x00\x00ejxWijyBhfjzOi\x00\x00\x00\x00\x00\x00\x05\x00\x00\x00\x17\x00\x00\x00\x02\x00\x00\x00yaSAoGMePbTvXYszZpd\x00\x05\x00\x00\x00\x18\x00\x00\x00\x02\x00\x00\x00m\x00\x00\x00\x00\x00\x00\x00\x00\x00\x00\x00\x00\x00\x00\x00\x00\x00\x00\x00\x05\x00\x00\x00\x19\x00\x00\x00\x02\x00\x00\x00jqkl\x00\x00\x00\x00\x00\x00\x00\x00\x00\x00\x00\x00\x00\x00\x00\x00\x05\x00\x00\x00\x1a\x00\x00\x00\x02\x00\x00\x00Amb\x00\x00\x00\x00\x00\x00\x00\x00\x00\x00\x00\x00\x00\x00\x00\x00\x00\x06\x00\x00\x00\x1b\x00\x00\x00\x02\x00\x00\x00yQyOP\x00\x00\x00\x00\x00\x00\x00\x00\x00\x00\x00\x00\x00\x00\x00\x06\x00\x00\x00\x1c\x00\x00\x00\x02\x00\x00\x00kXwjlceRFOuSLDl\x00\x00\x00\x00\x00\x06\x00\x00\x00\x1d\x00\x00\x00\x02\x00\x00\x00Jhu\x00\x00\x00\x00\x00\x00\x00\x00\x00\x00\x00\x00\x00\x00\x00\x00\x00\x06\x00\x00\x00\x1e\x00\x00\x00\x02\x00\x00\x00cOkXtVctEuoeCFHQGzT\x00\x04\x04</data></match></read>
    <write><data>\x0e\x0e\x0e\x0e</data></write>
    <write><data>\x14\x06\x00\x00\x00\x1e\x00\x00\x00\x02\x00\x00\x00cOkXtVctEuoeCFHQGzT\x00\x06\x00\x00\x00\x1d\x00\x00\x00\x02\x00\x00\x00Jhu\x00\x00\x00\x00\x00\x00\x00\x00\x00\x00\x00\x00\x00\x00\x00\x00\x00\x06\x00\x00\x00\x1c\x00\x00\x00\x02\x00\x00\x00kXwjlceRFOuSLDl\x00\x00\x00\x00\x00\x06\x00\x00\x00\x1b\x00\x00\x00\x02\x00\x00\x00yQyOP\x00\x00\x00\x00\x00\x00\x00\x00\x00\x00\x00\x00\x00\x00\x00\x05\x00\x00\x00\x1a\x00\x00\x00\x02\x00\x00\x00Amb\x00\x00\x00\x00\x00\x00\x00\x00\x00\x00\x00\x00\x00\x00\x00\x00\x00\x05\x00\x00\x00\x19\x00\x00\x00\x02\x00\x00\x00jqkl\x00\x00\x00\x00\x00\x00\x00\x00\x00\x00\x00\x00\x00\x00\x00\x00\x05\x00\x00\x00\x18\x00\x00\x00\x02\x00\x00\x00m\x00\x00\x00\x00\x00\x00\x00\x00\x00\x00\x00\x00\x00\x00\x00\x00\x00\x00\x00\x05\x00\x00\x00\x17\x00\x00\x00\x02\x00\x00\x00yaSAoGMePbTvXYszZpd\x00\x04\x00\x00\x00\x16\x00\x00\x00\x02\x00\x00\x00ejxWijyBhfjzOi\x00\x00\x00\x00\x00\x00\x04\x00\x00\x00\x15\x00\x00\x00\x02\x00\x00\x00JnOZlrmpv\x00\x00\x00\x00\x00\x00\x00\x00\x00\x00\x00\x03\x00\x00\x00\x14\x00\x00\x00\x02\x00\x00\x00kXwjlceRFOuSLDl\x00\x00\x00\x00\x00\x03\x00\x00\x00\x13\x00\x00\x00\x02\x00\x00\x00yQyOP\x00\x00\x00\x00\x00\x00\x00\x00\x00\x00\x00\x00\x00\x00\x00\x02\x00\x00\x00\x12\x00\x00\x00\x02\x00\x00\x00SQGmFKASiGI\x00\x00\x00\x00\x00\x00\x00\x00\x00\x02\x00\x00\x00\x11\x00\x00\x00\x02\x00\x00\x00suwkMLdoZTwWHsivcVs\x00\x02\x00\x00\x00\x10\x00\x00\x00\x02\x00\x00\x00jqkl\x00\x00\x00\x00\x00\x00\x00\x00\x00\x00\x00\x00\x00\x00\x00\x00\x02\x00\x00\x00\x0f\x00\x00\x00\x02\x00\x00\x00ejxWijyBhfjzOi\x00\x00\x00\x00\x00\x00\x02\x00\x00\x00\x0e\x00\x00\x00\x02\x00\x00\x00NMLxnTqga\x00\x00\x00\x00\x00\x00\x00\x00\x00\x00\x00\x01\x00\x00\x00\x0d\x00\x00\x00\x02\x00\x00\x00oleZre\x00\x00\x00\x00\x00\x00\x00\x00\x00\x00\x00\x00\x00\x00\x01\x00\x00\x00\x0c\x00\x00\x00\x02\x00\x00\x00GRBycFmDIEcoTP\x00\x00\x00\x00\x00\x00\x01\x00\x00\x00\x0b\x00\x00\x00\x02\x00\x00\x00suwkMLdoZTwWHsivcVs\x00</data></write>
    <read><length>2</length><match><data>\x04\x04</data></match></read>
    <write><data>\xee\x01\xee\x01</data></write>
    <write><data>\x01\x1f\x00\x00\x00</data></write>
    <read><length>3</length><match><data>\x01\x04\x04</data></match></read>
    <write><data>\xee\x01\xee\x01</data></write>
    <write><data>\x0a \x00\x00\x00!\x00\x00\x00\x22\x00\x00\x00\x23\x00\x00\x00\x24\x00\x00\x00\x25\x00\x00\x00\x26\x00\x00\x00\x27\x00\x00\x00\x28\x00\x00\x00\x29\x00\x00\x00</data></write>
    <read><length>3</length><match><data>\x0a\x04\x04</data></match></read>
    <write><data>\xee\x01\xee\x01</data></write>
    <write><data>\x06\x2a\x00\x00\x00\x2b\x00\x00\x00\x2c\x00\x00\x00\x2d\x00\x00\x00.\x00\x00\x00\x2f\x00\x00\x00</data></write>
    <read><length>3</length><match><data>\x00\x04\x04</data></match></read>
    <write><data>\xbb\x11\x11\xbb</data></write>
    <read><length>3</length><match><data>\x06\x04\x04</data></match></read>
    <write><data>\xbe\xbe\xbe\xbe</data></write>
    <read><length>38</length><match><data>\x00\x00\x00\x00\x00\x00\x00\x00\x00\x00\x00\x00\x00\x00\x00\x00\x00\x00\x00\x00\x00\x00\x00\x00\x01\x00\x00\x00\x01\x00\x00\x00\x01\x00\x00\x00\x04\x04</data></match></read>
    <write><data>\xbe\xbe\xbe\xbe</data></write>
    <read><length>38</length><match><data>\x00\x00\x00\x00\x00\x00\x00\x00\x00\x00\x00\x00\x00\x00\x00\x00\x00\x00\x00\x00\x00\x00\x00\x00\x01\x00\x00\x00\x01\x00\x00\x00\x01\x00\x00\x00\x04\x04</data></match></read>
    <write><data>\xbe\xbe\xbe\xbe</data></write>
    <read><length>38</length><match><data>\x00\x00\x00\x00\x00\x00\x00\x00\x00\x00\x00\x00\x00\x00\x00\x00\x00\x00\x00\x00\x00\x00\x00\x00\x01\x00\x00\x00\x01\x00\x00\x00\x01\x00\x00\x00\x04\x04</data></match></read>
    <write><data>\xbe\xbe\xbe\xbe</data></write>
    <read><length>38</length><match><data>\x00\x00\x00\x00\x00\x00\x00\x00\x00\x00\x00\x00\x00\x00\x00\x00\x00\x00\x00\x00\x00\x00\x00\x00\x01\x00\x00\x00\x01\x00\x00\x00\x01\x00\x00\x00\x04\x04</data></match></read>
    <write><data>\x0e\x0e\x0e\x0e</data></write>
    <write><data>\x00</data></write>
    <read><length>2</length><match><data>\x04\x04</data></match></read>
    <write><data>\xee\x01\xee\x01</data></write>
    <write><data>\x010\x00\x00\x00</data></write>
    <read><length>3</length><match><data>\x07\x04\x04</data></match></read>
    <write><data>\x01\xee\x01\xee</data></write>
    <read><length>579</length><match><data>\x12\x01\x00\x00\x00\x2a\x00\x00\x00\x00\x00\x00\x00aUWYXBp\x00\x00\x00\x00\x00\x00\x00\x00\x00\x00\x00\x00\x00\x01\x00\x00\x00\x2b\x00\x00\x00\x00\x00\x00\x00KvBPV\x00\x00\x00\x00\x00\x00\x00\x00\x00\x00\x00\x00\x00\x00\x00\x01\x00\x00\x00\x2c\x00\x00\x00\x00\x00\x00\x00ZTRhTQBKSyHSvnA\x00\x00\x00\x00\x00\x02\x00\x00\x00\x2d\x00\x00\x00\x00\x00\x00\x00eJpMHmjqGbdtZTaC\x00\x00\x00\x00\x02\x00\x00\x00.\x00\x00\x00\x00\x00\x00\x00KGLHaywX\x00\x00\x00\x00\x00\x00\x00\x00\x00\x00\x00\x00\x02\x00\x00\x00\x2f\x00\x00\x00\x00\x00\x00\x00eDsELei\x00\x00\x00\x00\x00\x00\x00\x00\x00\x00\x00\x00\x00\x02\x00\x00\x000\x00\x00\x00\x00\x00\x00\x00aUWYXBp\x00\x00\x00\x00\x00\x00\x00\x00\x00\x00\x00\x00\x00\x07\x00\x00\x00\x1f\x00\x00\x00\x00\x00\x00\x00HbTGG\x00\x00\x00\x00\x00\x00\x00\x00\x00\x00\x00\x00\x00\x00\x00\x08\x00\x00\x00 \x00\x00\x00\x00\x00\x00\x00gBXDWHZEILFekw\x00\x00\x00\x00\x00\x00\x08\x00\x00\x00!\x00\x00\x00\x00\x00\x00\x00KvBPV\x00\x00\x00\x00\x00\x00\x00\x00\x00\x00\x00\x00\x00\x00\x00\x08\x00\x00\x00\x22\x00\x00\x00\x00\x00\x00\x00irsRWLUz\x00\x00\x00\x00\x00\x00\x00\x00\x00\x00\x00\x00\x08\x00\x00\x00\x23\x00\x00\x00\x00\x00\x00\x00I\x00\x00\x00\x00\x00\x00\x00\x00\x00\x00\x00\x00\x00\x00\x00\x00\x00\x00\x00\x08\x00\x00\x00\x24\x00\x00\x00\x00\x00\x00\x00AAYAcqLF\x00\x00\x00\x00\x00\x00\x00\x00\x00\x00\x00\x00\x08\x00\x00\x00\x25\x00\x00\x00\x00\x00\x00\x00WSpBFJFOZgwszDffv\x00\x00\x00\x09\x00\x00\x00\x26\x00\x00\x00\x00\x00\x00\x00apwd\x00\x00\x00\x00\x00\x00\x00\x00\x00\x00\x00\x00\x00\x00\x00\x00\x09\x00\x00\x00\x27\x00\x00\x00\x00\x00\x00\x00OKtn\x00\x00\x00\x00\x00\x00\x00\x00\x00\x00\x00\x00\x00\x00\x00\x00\x09\x00\x00\x00\x28\x00\x00\x00\x00\x00\x00\x00I\x00\x00\x00\x00\x00\x00\x00\x00\x00\x00\x00\x00\x00\x00\x00\x00\x00\x00\x00\x09\x00\x00\x00\x29\x00\x00\x00\x00\x00\x00\x00dNlwfQlb\x00\x00\x00\x00\x00\x00\x00\x00\x00\x00\x00\x00\x04\x04</data></match></read>
    <write><data>\x0e\x0e\x0e\x0e</data></write>
    <write><data>\x12\x09\x00\x00\x00\x29\x00\x00\x00\x00\x00\x00\x00dNlwfQlb\x00\x00\x00\x00\x00\x00\x00\x00\x00\x00\x00\x00\x09\x00\x00\x00\x28\x00\x00\x00\x00\x00\x00\x00I\x00\x00\x00\x00\x00\x00\x00\x00\x00\x00\x00\x00\x00\x00\x00\x00\x00\x00\x00\x09\x00\x00\x00\x27\x00\x00\x00\x00\x00\x00\x00OKtn\x00\x00\x00\x00\x00\x00\x00\x00\x00\x00\x00\x00\x00\x00\x00\x00\x09\x00\x00\x00\x26\x00\x00\x00\x00\x00\x00\x00apwd\x00\x00\x00\x00\x00\x00\x00\x00\x00\x00\x00\x00\x00\x00\x00\x00\x08\x00\x00\x00\x25\x00\x00\x00\x00\x00\x00\x00WSpBFJFOZgwszDffv\x00\x00\x00\x08\x00\x00\x00\x24\x00\x00\x00\x00\x00\x00\x00AAYAcqLF\x00\x00\x00\x00\x00\x00\x00\x00\x00\x00\x00\x00\x08\x00\x00\x00\x23\x00\x00\x00\x00\x00\x00\x00I\x00\x00\x00\x00\x00\x00\x00\x00\x00\x00\x00\x00\x00\x00\x00\x00\x00\x00\x00\x08\x00\x00\x00\x22\x00\x00\x00\x00\x00\x00\x00irsRWLUz\x00\x00\x00\x00\x00\x00\x00\x00\x00\x00\x00\x00\x08\x00\x00\x00!\x00\x00\x00\x00\x00\x00\x00KvBPV\x00\x00\x00\x00\x00\x00\x00\x00\x00\x00\x00\x00\x00\x00\x00\x08\x00\x00\x00 \x00\x00\x00\x00\x00\x00\x00gBXDWHZEILFekw\x00\x00\x00\x00\x00\x00\x07\x00\x00\x00\x1f\x00\x00\x00\x00\x00\x00\x00HbTGG\x00\x00\x00\x00\x00\x00\x00\x00\x00\x00\x00\x00\x00\x00\x00\x02\x00\x00\x000\x00\x00\x00\x00\x00\x00\x00aUWYXBp\x00\x00\x00\x00\x00\x00\x00\x00\x00\x00\x00\x00\x00\x02\x00\x00\x00\x2f\x00\x00\x00\x00\x00\x00\x00eDsELei\x00\x00\x00\x00\x00\x00\x00\x00\x00\x00\x00\x00\x00\x02\x00\x00\x00.\x00\x00\x00\x00\x00\x00\x00KGLHaywX\x00\x00\x00\x00\x00\x00\x00\x00\x00\x00\x00\x00\x02\x00\x00\x00\x2d\x00\x00\x00\x00\x00\x00\x00eJpMHmjqGbdtZTaC\x00\x00\x00\x00\x01\x00\x00\x00\x2c\x00\x00\x00\x00\x00\x00\x00ZTRhTQBKSyHSvnA\x00\x00\x00\x00\x00\x01\x00\x00\x00\x2b\x00\x00\x00\x00\x00\x00\x00KvBPV\x00\x00\x00\x00\x00\x00\x00\x00\x00\x00\x00\x00\x00\x00\x00\x01\x00\x00\x00\x2a\x00\x00\x00\x00\x00\x00\x00aUWYXBp\x00\x00\x00\x00\x00\x00\x00\x00\x00\x00\x00\x00\x00</data></write>
    <read><length>2</length><match><data>\x04\x04</data></match></read>
    <write><data>\xbe\xbe\xbe\xbe</data></write>
    <read><length>38</length><match><data>\x03\x00\x00\x00\x03\x00\x00\x00\x00\x00\x00\x00\x00\x00\x00\x00\x00\x00\x00\x00\x00\x00\x00\x00\x03\x00\x00\x00\x03\x00\x00\x00\x03\x00\x00\x00\x04\x04</data></match></read>
    <write><data>\xee\x01\xee\x01</data></write>
    <write><data>\x021\x00\x00\x002\x00\x00\x00</data></write>
    <read><length>3</length><match><data>\x02\x04\x04</data></match></read>
    <write><data>\x01\xee\x01\xee</data></write>
    <read><length>1723</length><match><data>\x14\x01\x00\x00\x00\x2a\x00\x00\x00\x01\x00\x00\x00wePMzfShzImZDOTgLc\x00\x00Zxpb\x00\x00\x00\x00\x00\x00\x00\x00\x00\x00\x00\x00\x00\x00\x00\x00YsiGeamwZgFEp\x00\x00\x00\x00\x00\x00\x00HDeBa\x00\x00\x00\x00\x00\x00\x00\x00\x00\x00\x00\x00\x00\x00\x00\x01\x00\x00\x00\x2b\x00\x00\x00\x01\x00\x00\x00gbK\x00\x00\x00\x00\x00\x00\x00\x00\x00\x00\x00\x00\x00\x00\x00\x00\x00r\x00\x00\x00\x00\x00\x00\x00\x00\x00\x00\x00\x00\x00\x00\x00\x00\x00\x00\x00g\x00\x00\x00\x00\x00\x00\x00\x00\x00\x00\x00\x00\x00\x00\x00\x00\x00\x00\x00CHSfCaUqj\x00\x00\x00\x00\x00\x00\x00\x00\x00\x00\x00\x01\x00\x00\x00\x2c\x00\x00\x00\x01\x00\x00\x00GatLliocExXqUDhGGg\x00\x00BdCRYrsIW\x00\x00\x00\x00\x00\x00\x00\x00\x00\x00\x00UvmPPZRWNmeKuh\x00\x00\x00\x00\x00\x00BUIfblmlpKYpnXzK\x00\x00\x00\x00\x02\x00\x00\x00\x2d\x00\x00\x00\x01\x00\x00\x00tsiK\x00\x00\x00\x00\x00\x00\x00\x00\x00\x00\x00\x00\x00\x00\x00\x00bYqcAspvb\x00\x00\x00\x00\x00\x00\x00\x00\x00\x00\x00zuFxOQEXKMHzJCHmTX\x00\x00urVZe\x00\x00\x00\x00\x00\x00\x00\x00\x00\x00\x00\x00\x00\x00\x00\x02\x00\x00\x00.\x00\x00\x00\x01\x00\x00\x00mD\x00\x00\x00\x00\x00\x00\x00\x00\x00\x00\x00\x00\x00\x00\x00\x00\x00\x00Es\x00\x00\x00\x00\x00\x00\x00\x00\x00\x00\x00\x00\x00\x00\x00\x00\x00\x00uqiFNVKzPFeoMm\x00\x00\x00\x00\x00\x00GoAPHgyqAHYxl\x00\x00\x00\x00\x00\x00\x00\x02\x00\x00\x00\x2f\x00\x00\x00\x01\x00\x00\x00eZlRse\x00\x00\x00\x00\x00\x00\x00\x00\x00\x00\x00\x00\x00\x00NTOvguiPgjPlEc\x00\x00\x00\x00\x00\x00RDyNWXZu\x00\x00\x00\x00\x00\x00\x00\x00\x00\x00\x00\x00gPRF\x00\x00\x00\x00\x00\x00\x00\x00\x00\x00\x00\x00\x00\x00\x00\x00\x02\x00\x00\x000\x00\x00\x00\x01\x00\x00\x00wePMzfShzImZDOTgLc\x00\x00Zxpb\x00\x00\x00\x00\x00\x00\x00\x00\x00\x00\x00\x00\x00\x00\x00\x00YsiGeamwZgFEp\x00\x00\x00\x00\x00\x00\x00HDeBa\x00\x00\x00\x00\x00\x00\x00\x00\x00\x00\x00\x00\x00\x00\x00\x03\x00\x00\x001\x00\x00\x00\x00\x00\x00\x00ZbWWNoNM\x00\x00\x00\x00\x00\x00\x00\x00\x00\x00\x00\x00\x03\x00\x00\x002\x00\x00\x00\x00\x00\x00\x00gBXDWHZEILFekw\x00\x00\x00\x00\x00\x00\x07\x00\x00\x00\x1f\x00\x00\x00\x01\x00\x00\x00EBzXJGYjGffCyBiPp\x00\x00\x00QSILluzPFyZZbEsE\x00\x00\x00\x00wtddywMhBwD\x00\x00\x00\x00\x00\x00\x00\x00\x00mLyAdUlsMGFhP\x00\x00\x00\x00\x00\x00\x00\x08\x00\x00\x00 \x00\x00\x00\x01\x00\x00\x00mCObWa\x00\x00\x00\x00\x00\x00\x00\x00\x00\x00\x00\x00\x00\x00An\x00\x00\x00\x00\x00\x00\x00\x00\x00\x00\x00\x00\x00\x00\x00\x00\x00\x00AFygdlesQryFQJPbBiq\x00gWvmtTG\x00\x00\x00\x00\x00\x00\x00\x00\x00\x00\x00\x00\x00\x08\x00\x00\x00!\x00\x00\x00\x01\x00\x00\x00gbK\x00\x00\x00\x00\x00\x00\x00\x00\x00\x00\x00\x00\x00\x00\x00\x00\x00r\x00\x00\x00\x00\x00\x00\x00\x00\x00\x00\x00\x00\x00\x00\x00\x00\x00\x00\x00g\x00\x00\x00\x00\x00\x00\x00\x00\x00\x00\x00\x00\x00\x00\x00\x00\x00\x00\x00CHSfCaUqj\x00\x00\x00\x00\x00\x00\x00\x00\x00\x00\x00\x08\x00\x00\x00\x22\x00\x00\x00\x01\x00\x00\x00AsY\x00\x00\x00\x00\x00\x00\x00\x00\x00\x00\x00\x00\x00\x00\x00\x00\x00pfvxYeTqc\x00\x00\x00\x00\x00\x00\x00\x00\x00\x00\x00ZTxaQoNQYaIBBY\x00\x00\x00\x00\x00\x00YRbgJKV\x00\x00\x00\x00\x00\x00\x00\x00\x00\x00\x00\x00\x00\x08\x00\x00\x00\x23\x00\x00\x00\x01\x00\x00\x00vZgXTmEfJrxpukXLiy\x00\x00iAQFY\x00\x00\x00\x00\x00\x00\x00\x00\x00\x00\x00\x00\x00\x00\x00iCw\x00\x00\x00\x00\x00\x00\x00\x00\x00\x00\x00\x00\x00\x00\x00\x00\x00ipsiSSCBtPZzgLWkRby\x00\x08\x00\x00\x00\x24\x00\x00\x00\x01\x00\x00\x00mxCEajsFOx\x00\x00\x00\x00\x00\x00\x00\x00\x00\x00jMHek\x00\x00\x00\x00\x00\x00\x00\x00\x00\x00\x00\x00\x00\x00\x00oqBIFUSsfGLwuqp\x00\x00\x00\x00\x00tpQdTrVfwEbVqCGC\x00\x00\x00\x00\x08\x00\x00\x00\x25\x00\x00\x00\x01\x00\x00\x00XLmGtNwx\x00\x00\x00\x00\x00\x00\x00\x00\x00\x00\x00\x00DRgdveNnWklqvg\x00\x00\x00\x00\x00\x00peSjRFwkVUTWaBqkUZc\x00vEicQun\x00\x00\x00\x00\x00\x00\x00\x00\x00\x00\x00\x00\x00\x09\x00\x00\x00\x26\x00\x00\x00\x01\x00\x00\x00k\x00\x00\x00\x00\x00\x00\x00\x00\x00\x00\x00\x00\x00\x00\x00\x00\x00\x00\x00rwUiJ\x00\x00\x00\x00\x00\x00\x00\x00\x00\x00\x00\x00\x00\x00\x00RrNSfpsriLJXJAn\x00\x00\x00\x00\x00YtC\x00\x00\x00\x00\x00\x00\x00\x00\x00\x00\x00\x00\x00\x00\x00\x00\x00\x09\x00\x00\x00\x27\x00\x00\x00\x01\x00\x00\x00hqWsFPYCvuQ\x00\x00\x00\x00\x00\x00\x00\x00\x00fPIeUkgPhYG\x00\x00\x00\x00\x00\x00\x00\x00\x00mWWjU\x00\x00\x00\x00\x00\x00\x00\x00\x00\x00\x00\x00\x00\x00\x00NBmQapgAdNh\x00\x00\x00\x00\x00\x00\x00\x00\x00\x09\x00\x00\x00\x28\x00\x00\x00\x01\x00\x00\x00vZgXTmEfJrxpukXLiy\x00\x00iAQFY\x00\x00\x00\x00\x00\x00\x00\x00\x00\x00\x00\x00\x00\x00\x00iCw\x00\x00\x00\x00\x00\x00\x00\x00\x00\x00\x00\x00\x00\x00\x00\x00\x00ipsiSSCBtPZzgLWkRby\x00\x09\x00\x00\x00\x29\x00\x00\x00\x01\x00\x00\x00KhVzoF\x00\x00\x00\x00\x00\x00\x00\x00\x00\x00\x00\x00\x00\x00TvAMOyYghpritkQKt\x00\x00\x00YlkFYBvSqtQxU\x00\x00\x00\x00\x00\x00\x00ossUKKxCsEPwAQuRc\x00\x00\x00\x04\x04</data></match></read>
    <write><data>\x0e\x0e\x0e\x0e</data></write>
    <write><data>\x14\x09\x00\x00\x00\x29\x00\x00\x00\x01\x00\x00\x00KhVzoF\x00\x00\x00\x00\x00\x00\x00\x00\x00\x00\x00\x00\x00\x00TvAMOyYghpritkQKt\x00\x00\x00YlkFYBvSqtQxU\x00\x00\x00\x00\x00\x00\x00ossUKKxCsEPwAQuRc\x00\x00\x00\x09\x00\x00\x00\x28\x00\x00\x00\x01\x00\x00\x00vZgXTmEfJrxpukXLiy\x00\x00iAQFY\x00\x00\x00\x00\x00\x00\x00\x00\x00\x00\x00\x00\x00\x00\x00iCw\x00\x00\x00\x00\x00\x00\x00\x00\x00\x00\x00\x00\x00\x00\x00\x00\x00ipsiSSCBtPZzgLWkRby\x00\x09\x00\x00\x00\x27\x00\x00\x00\x01\x00\x00\x00hqWsFPYCvuQ\x00\x00\x00\x00\x00\x00\x00\x00\x00fPIeUkgPhYG\x00\x00\x00\x00\x00\x00\x00\x00\x00mWWjU\x00\x00\x00\x00\x00\x00\x00\x00\x00\x00\x00\x00\x00\x00\x00NBmQapgAdNh\x00\x00\x00\x00\x00\x00\x00\x00\x00\x09\x00\x00\x00\x26\x00\x00\x00\x01\x00\x00\x00k\x00\x00\x00\x00\x00\x00\x00\x00\x00\x00\x00\x00\x00\x00\x00\x00\x00\x00\x00rwUiJ\x00\x00\x00\x00\x00\x00\x00\x00\x00\x00\x00\x00\x00\x00\x00RrNSfpsriLJXJAn\x00\x00\x00\x00\x00YtC\x00\x00\x00\x00\x00\x00\x00\x00\x00\x00\x00\x00\x00\x00\x00\x00\x00\x08\x00\x00\x00\x25\x00\x00\x00\x01\x00\x00\x00XLmGtNwx\x00\x00\x00\x00\x00\x00\x00\x00\x00\x00\x00\x00DRgdveNnWklqvg\x00\x00\x00\x00\x00\x00peSjRFwkVUTWaBqkUZc\x00vEicQun\x00\x00\x00\x00\x00\x00\x00\x00\x00\x00\x00\x00\x00\x08\x00\x00\x00\x24\x00\x00\x00\x01\x00\x00\x00mxCEajsFOx\x00\x00\x00\x00\x00\x00\x00\x00\x00\x00jMHek\x00\x00\x00\x00\x00\x00\x00\x00\x00\x00\x00\x00\x00\x00\x00oqBIFUSsfGLwuqp\x00\x00\x00\x00\x00tpQdTrVfwEbVqCGC\x00\x00\x00\x00\x08\x00\x00\x00\x23\x00\x00\x00\x01\x00\x00\x00vZgXTmEfJrxpukXLiy\x00\x00iAQFY\x00\x00\x00\x00\x00\x00\x00\x00\x00\x00\x00\x00\x00\x00\x00iCw\x00\x00\x00\x00\x00\x00\x00\x00\x00\x00\x00\x00\x00\x00\x00\x00\x00ipsiSSCBtPZzgLWkRby\x00\x08\x00\x00\x00\x22\x00\x00\x00\x01\x00\x00\x00AsY\x00\x00\x00\x00\x00\x00\x00\x00\x00\x00\x00\x00\x00\x00\x00\x00\x00pfvxYeTqc\x00\x00\x00\x00\x00\x00\x00\x00\x00\x00\x00ZTxaQoNQYaIBBY\x00\x00\x00\x00\x00\x00YRbgJKV\x00\x00\x00\x00\x00\x00\x00\x00\x00\x00\x00\x00\x00\x08\x00\x00\x00!\x00\x00\x00\x01\x00\x00\x00gbK\x00\x00\x00\x00\x00\x00\x00\x00\x00\x00\x00\x00\x00\x00\x00\x00\x00r\x00\x00\x00\x00\x00\x00\x00\x00\x00\x00\x00\x00\x00\x00\x00\x00\x00\x00\x00g\x00\x00\x00\x00\x00\x00\x00\x00\x00\x00\x00\x00\x00\x00\x00\x00\x00\x00\x00CHSfCaUqj\x00\x00\x00\x00\x00\x00\x00\x00\x00\x00\x00\x08\x00\x00\x00 \x00\x00\x00\x01\x00\x00\x00mCObWa\x00\x00\x00\x00\x00\x00\x00\x00\x00\x00\x00\x00\x00\x00An\x00\x00\x00\x00\x00\x00\x00\x00\x00\x00\x00\x00\x00\x00\x00\x00\x00\x00AFygdlesQryFQJPbBiq\x00gWvmtTG\x00\x00\x00\x00\x00\x00\x00\x00\x00\x00\x00\x00\x00\x07\x00\x00\x00\x1f\x00\x00\x00\x01\x00\x00\x00EBzXJGYjGffCyBiPp\x00\x00\x00QSILluzPFyZZbEsE\x00\x00\x00\x00wtddywMhBwD\x00\x00\x00\x00\x00\x00\x00\x00\x00mLyAdUlsMGFhP\x00\x00\x00\x00\x00\x00\x00\x03\x00\x00\x002\x00\x00\x00\x00\x00\x00\x00gBXDWHZEILFekw\x00\x00\x00\x00\x00\x00\x03\x00\x00\x001\x00\x00\x00\x00\x00\x00\x00ZbWWNoNM\x00\x00\x00\x00\x00\x00\x00\x00\x00\x00\x00\x00\x02\x00\x00\x000\x00\x00\x00\x01\x00\x00\x00wePMzfShzImZDOTgLc\x00\x00Zxpb\x00\x00\x00\x00\x00\x00\x00\x00\x00\x00\x00\x00\x00\x00\x00\x00YsiGeamwZgFEp\x00\x00\x00\x00\x00\x00\x00HDeBa\x00\x00\x00\x00\x00\x00\x00\x00\x00\x00\x00\x00\x00\x00\x00\x02\x00\x00\x00\x2f\x00\x00\x00\x01\x00\x00\x00eZlRse\x00\x00\x00\x00\x00\x00\x00\x00\x00\x00\x00\x00\x00\x00NTOvguiPgjPlEc\x00\x00\x00\x00\x00\x00RDyNWXZu\x00\x00\x00\x00\x00\x00\x00\x00\x00\x00\x00\x00gPRF\x00\x00\x00\x00\x00\x00\x00\x00\x00\x00\x00\x00\x00\x00\x00\x00\x02\x00\x00\x00.\x00\x00\x00\x01\x00\x00\x00mD\x00\x00\x00\x00\x00\x00\x00\x00\x00\x00\x00\x00\x00\x00\x00\x00\x00\x00Es\x00\x00\x00\x00\x00\x00\x00\x00\x00\x00\x00\x00\x00\x00\x00\x00\x00\x00uqiFNVKzPFeoMm\x00\x00\x00\x00\x00\x00GoAPHgyqAHYxl\x00\x00\x00\x00\x00\x00\x00\x02\x00\x00\x00\x2d\x00\x00\x00\x01\x00\x00\x00tsiK\x00\x00\x00\x00\x00\x00\x00\x00\x00\x00\x00\x00\x00\x00\x00\x00bYqcAspvb\x00\x00\x00\x00\x00\x00\x00\x00\x00\x00\x00zuFxOQEXKMHzJCHmTX\x00\x00urVZe\x00\x00\x00\x00\x00\x00\x00\x00\x00\x00\x00\x00\x00\x00\x00\x01\x00\x00\x00\x2c\x00\x00\x00\x01\x00\x00\x00GatLliocExXqUDhGGg\x00\x00BdCRYrsIW\x00\x00\x00\x00\x00\x00\x00\x00\x00\x00\x00UvmPPZRWNmeKuh\x00\x00\x00\x00\x00\x00BUIfblmlpKYpnXzK\x00\x00\x00\x00\x01\x00\x00\x00\x2b\x00\x00\x00\x01\x00\x00\x00gbK\x00\x00\x00\x00\x00\x00\x00\x00\x00\x00\x00\x00\x00\x00\x00\x00\x00r\x00\x00\x00\x00\x00\x00\x00\x00\x00\x00\x00\x00\x00\x00\x00\x00\x00\x00\x00g\x00\x00\x00\x00\x00\x00\x00\x00\x00\x00\x00\x00\x00\x00\x00\x00\x00\x00\x00CHSfCaUqj\x00\x00\x00\x00\x00\x00\x00\x00\x00\x00\x00\x01\x00\x00\x00\x2a\x00\x00\x00\x01\x00\x00\x00wePMzfShzImZDOTgLc\x00\x00Zxpb\x00\x00\x00\x00\x00\x00\x00\x00\x00\x00\x00\x00\x00\x00\x00\x00YsiGeamwZgFEp\x00\x00\x00\x00\x00\x00\x00HDeBa\x00\x00\x00\x00\x00\x00\x00\x00\x00\x00\x00\x00\x00\x00\x00</data></write>
    <read><length>2</length><match><data>\x04\x04</data></match></read>
    <write><data>\x01\xee\x01\xee</data></write>
    <read><length>763</length><match><data>\x14\x01\x00\x00\x00\x2a\x00\x00\x00\x02\x00\x00\x00Jhu\x00\x00\x00\x00\x00\x00\x00\x00\x00\x00\x00\x00\x00\x00\x00\x00\x00\x01\x00\x00\x00\x2b\x00\x00\x00\x02\x00\x00\x00loyAbN\x00\x00\x00\x00\x00\x00\x00\x00\x00\x00\x00\x00\x00\x00\x01\x00\x00\x00\x2c\x00\x00\x00\x02\x00\x00\x00GbjNxstDxKmrM\x00\x00\x00\x00\x00\x00\x00\x02\x00\x00\x00\x2d\x00\x00\x00\x02\x00\x00\x00pesQByVw\x00\x00\x00\x00\x00\x00\x00\x00\x00\x00\x00\x00\x02\x00\x00\x00.\x00\x00\x00\x02\x00\x00\x00tmdsFsKDge\x00\x00\x00\x00\x00\x00\x00\x00\x00\x00\x02\x00\x00\x00\x2f\x00\x00\x00\x02\x00\x00\x00xvvfIjwJxxoX\x00\x00\x00\x00\x00\x00\x00\x00\x02\x00\x00\x000\x00\x00\x00\x02\x00\x00\x00Jhu\x00\x00\x00\x00\x00\x00\x00\x00\x00\x00\x00\x00\x00\x00\x00\x00\x00\x03\x00\x00\x001\x00\x00\x00\x01\x00\x00\x00Zj\x00\x00\x00\x00\x00\x00\x00\x00\x00\x00\x00\x00\x00\x00\x00\x00\x00\x00elHXoEkGJHTfXydBj\x00\x00\x00BkngOfUoTmqtHOMAsSC\x00XjMM\x00\x00\x00\x00\x00\x00\x00\x00\x00\x00\x00\x00\x00\x00\x00\x00\x03\x00\x00\x002\x00\x00\x00\x01\x00\x00\x00mCObWa\x00\x00\x00\x00\x00\x00\x00\x00\x00\x00\x00\x00\x00\x00An\x00\x00\x00\x00\x00\x00\x00\x00\x00\x00\x00\x00\x00\x00\x00\x00\x00\x00AFygdlesQryFQJPbBiq\x00gWvmtTG\x00\x00\x00\x00\x00\x00\x00\x00\x00\x00\x00\x00\x00\x07\x00\x00\x00\x1f\x00\x00\x00\x02\x00\x00\x00XR\x00\x00\x00\x00\x00\x00\x00\x00\x00\x00\x00\x00\x00\x00\x00\x00\x00\x00\x08\x00\x00\x00 \x00\x00\x00\x02\x00\x00\x00hBKpQJTqUVKJ\x00\x00\x00\x00\x00\x00\x00\x00\x08\x00\x00\x00!\x00\x00\x00\x02\x00\x00\x00loyAbN\x00\x00\x00\x00\x00\x00\x00\x00\x00\x00\x00\x00\x00\x00\x08\x00\x00\x00\x22\x00\x00\x00\x02\x00\x00\x00AcdZXwJxQVoZbt\x00\x00\x00\x00\x00\x00\x08\x00\x00\x00\x23\x00\x00\x00\x02\x00\x00\x00qWyXwZXJFkDH\x00\x00\x00\x00\x00\x00\x00\x00\x08\x00\x00\x00\x24\x00\x00\x00\x02\x00\x00\x00NMLxnTqga\x00\x00\x00\x00\x00\x00\x00\x00\x00\x00\x00\x08\x00\x00\x00\x25\x00\x00\x00\x02\x00\x00\x00EcVatQDxgHwEwd\x00\x00\x00\x00\x00\x00\x09\x00\x00\x00\x26\x00\x00\x00\x02\x00\x00\x00smmGG\x00\x00\x00\x00\x00\x00\x00\x00\x00\x00\x00\x00\x00\x00\x00\x09\x00\x00\x00\x27\x00\x00\x00\x02\x00\x00\x00fegevMNqQD\x00\x00\x00\x00\x00\x00\x00\x00\x00\x00\x09\x00\x00\x00\x28\x00\x00\x00\x02\x00\x00\x00qWyXwZXJFkDH\x00\x00\x00\x00\x00\x00\x00\x00\x09\x00\x00\x00\x29\x00\x00\x00\x02\x00\x00\x00ZOrnojF\x00\x00\x00\x00\x00\x00\x00\x00\x00\x00\x00\x00\x00\x04\x04</data></match></read>
    <write><data>\x0e\x0e\x0e\x0e</data></write>
    <write><data>\x14\x09\x00\x00\x00\x29\x00\x00\x00\x02\x00\x00\x00ZOrnojF\x00\x00\x00\x00\x00\x00\x00\x00\x00\x00\x00\x00\x00\x09\x00\x00\x00\x28\x00\x00\x00\x02\x00\x00\x00qWyXwZXJFkDH\x00\x00\x00\x00\x00\x00\x00\x00\x09\x00\x00\x00\x27\x00\x00\x00\x02\x00\x00\x00fegevMNqQD\x00\x00\x00\x00\x00\x00\x00\x00\x00\x00\x09\x00\x00\x00\x26\x00\x00\x00\x02\x00\x00\x00smmGG\x00\x00\x00\x00\x00\x00\x00\x00\x00\x00\x00\x00\x00\x00\x00\x08\x00\x00\x00\x25\x00\x00\x00\x02\x00\x00\x00EcVatQDxgHwEwd\x00\x00\x00\x00\x00\x00\x08\x00\x00\x00\x24\x00\x00\x00\x02\x00\x00\x00NMLxnTqga\x00\x00\x00\x00\x00\x00\x00\x00\x00\x00\x00\x08\x00\x00\x00\x23\x00\x00\x00\x02\x00\x00\x00qWyXwZXJFkDH\x00\x00\x00\x00\x00\x00\x00\x00\x08\x00\x00\x00\x22\x00\x00\x00\x02\x00\x00\x00AcdZXwJxQVoZbt\x00\x00\x00\x00\x00\x00\x08\x00\x00\x00!\x00\x00\x00\x02\x00\x00\x00loyAbN\x00\x00\x00\x00\x00\x00\x00\x00\x00\x00\x00\x00\x00\x00\x08\x00\x00\x00 \x00\x00\x00\x02\x00\x00\x00hBKpQJTqUVKJ\x00\x00\x00\x00\x00\x00\x00\x00\x07\x00\x00\x00\x1f\x00\x00\x00\x02\x00\x00\x00XR\x00\x00\x00\x00\x00\x00\x00\x00\x00\x00\x00\x00\x00\x00\x00\x00\x00\x00\x03\x00\x00\x002\x00\x00\x00\x01\x00\x00\x00mCObWa\x00\x00\x00\x00\x00\x00\x00\x00\x00\x00\x00\x00\x00\x00An\x00\x00\x00\x00\x00\x00\x00\x00\x00\x00\x00\x00\x00\x00\x00\x00\x00\x00AFygdlesQryFQJPbBiq\x00gWvmtTG\x00\x00\x00\x00\x00\x00\x00\x00\x00\x00\x00\x00\x00\x03\x00\x00\x001\x00\x00\x00\x01\x00\x00\x00Zj\x00\x00\x00\x00\x00\x00\x00\x00\x00\x00\x00\x00\x00\x00\x00\x00\x00\x00elHXoEkGJHTfXydBj\x00\x00\x00BkngOfUoTmqtHOMAsSC\x00XjMM\x00\x00\x00\x00\x00\x00\x00\x00\x00\x00\x00\x00\x00\x00\x00\x00\x02\x00\x00\x000\x00\x00\x00\x02\x00\x00\x00Jhu\x00\x00\x00\x00\x00\x00\x00\x00\x00\x00\x00\x00\x00\x00\x00\x00\x00\x02\x00\x00\x00\x2f\x00\x00\x00\x02\x00\x00\x00xvvfIjwJxxoX\x00\x00\x00\x00\x00\x00\x00\x00\x02\x00\x00\x00.\x00\x00\x00\x02\x00\x00\x00tmdsFsKDge\x00\x00\x00\x00\x00\x00\x00\x00\x00\x00\x02\x00\x00\x00\x2d\x00\x00\x00\x02\x00\x00\x00pesQByVw\x00\x00\x00\x00\x00\x00\x00\x00\x00\x00\x00\x00\x01\x00\x00\x00\x2c\x00\x00\x00\x02\x00\x00\x00GbjNxstDxKmrM\x00\x00\x00\x00\x00\x00\x00\x01\x00\x00\x00\x2b\x00\x00\x00\x02\x00\x00\x00loyAbN\x00\x00\x00\x00\x00\x00\x00\x00\x00\x00\x00\x00\x00\x00\x01\x00\x00\x00\x2a\x00\x00\x00\x02\x00\x00\x00Jhu\x00\x00\x00\x00\x00\x00\x00\x00\x00\x00\x00\x00\x00\x00\x00\x00\x00</data></write>
    <read><length>2</length><match><data>\x04\x04</data></match></read>
    <write><data>\x01\xee\x01\xee</data></write>
    <read><length>67</length><match><data>\x02\x03\x00\x00\x001\x00\x00\x00\x02\x00\x00\x00AKPReWjkKZRnRsGvRDU\x00\x03\x00\x00\x002\x00\x00\x00\x02\x00\x00\x00hBKpQJTqUVKJ\x00\x00\x00\x00\x00\x00\x00\x00\x04\x04</data></match></read>
    <write><data>\x0e\x0e\x0e\x0e</data></write>
    <write><data>\x02\x03\x00\x00\x002\x00\x00\x00\x02\x00\x00\x00hBKpQJTqUVKJ\x00\x00\x00\x00\x00\x00\x00\x00\x03\x00\x00\x001\x00\x00\x00\x02\x00\x00\x00AKPReWjkKZRnRsGvRDU\x00</data></write>
    <read><length>2</length><match><data>\x04\x04</data></match></read>
    <write><data>\x01\xee\x01\xee</data></write>
    <read><length>3</length><match><data>\x00\x04\x04</data></match></read>
    <write><data>\x01\xee\x01\xee</data></write>
    <read><length>3</length><match><data>\x00\x04\x04</data></match></read>
    <write><data>\xee\x01\xee\x01</data></write>
    <write><data>\x043\x00\x00\x004\x00\x00\x005\x00\x00\x006\x00\x00\x00</data></write>
    <read><length>3</length><match><data>\x04\x04\x04</data></match></read>
    <write><data>\x01\xee\x01\xee</data></write>
    <read><length>131</length><match><data>\x04\x04\x00\x00\x003\x00\x00\x00\x00\x00\x00\x00ZbWWNoNM\x00\x00\x00\x00\x00\x00\x00\x00\x00\x00\x00\x00\x04\x00\x00\x004\x00\x00\x00\x00\x00\x00\x00CvqK\x00\x00\x00\x00\x00\x00\x00\x00\x00\x00\x00\x00\x00\x00\x00\x00\x05\x00\x00\x005\x00\x00\x00\x00\x00\x00\x00FbZsPlRYOfBimieMN\x00\x00\x00\x05\x00\x00\x006\x00\x00\x00\x00\x00\x00\x00OjZiYi\x00\x00\x00\x00\x00\x00\x00\x00\x00\x00\x00\x00\x00\x00\x04\x04</data></match></read>
    <write><data>\x0e\x0e\x0e\x0e</data></write>
    <write><data>\x04\x05\x00\x00\x006\x00\x00\x00\x00\x00\x00\x00OjZiYi\x00\x00\x00\x00\x00\x00\x00\x00\x00\x00\x00\x00\x00\x00\x05\x00\x00\x005\x00\x00\x00\x00\x00\x00\x00FbZsPlRYOfBimieMN\x00\x00\x00\x04\x00\x00\x004\x00\x00\x00\x00\x00\x00\x00CvqK\x00\x00\x00\x00\x00\x00\x00\x00\x00\x00\x00\x00\x00\x00\x00\x00\x04\x00\x00\x003\x00\x00\x00\x00\x00\x00\x00ZbWWNoNM\x00\x00\x00\x00\x00\x00\x00\x00\x00\x00\x00\x00</data></write>
    <read><length>2</length><match><data>\x04\x04</data></match></read>
    <write><data>\x01\xee\x01\xee</data></write>
    <read><length>371</length><match><data>\x04\x04\x00\x00\x003\x00\x00\x00\x01\x00\x00\x00Zj\x00\x00\x00\x00\x00\x00\x00\x00\x00\x00\x00\x00\x00\x00\x00\x00\x00\x00elHXoEkGJHTfXydBj\x00\x00\x00BkngOfUoTmqtHOMAsSC\x00XjMM\x00\x00\x00\x00\x00\x00\x00\x00\x00\x00\x00\x00\x00\x00\x00\x00\x04\x00\x00\x004\x00\x00\x00\x01\x00\x00\x00PZVEoFhIc\x00\x00\x00\x00\x00\x00\x00\x00\x00\x00\x00tCfePusRu\x00\x00\x00\x00\x00\x00\x00\x00\x00\x00\x00d\x00\x00\x00\x00\x00\x00\x00\x00\x00\x00\x00\x00\x00\x00\x00\x00\x00\x00\x00IyghjY\x00\x00\x00\x00\x00\x00\x00\x00\x00\x00\x00\x00\x00\x00\x05\x00\x00\x005\x00\x00\x00\x01\x00\x00\x00n\x00\x00\x00\x00\x00\x00\x00\x00\x00\x00\x00\x00\x00\x00\x00\x00\x00\x00\x00KoXHZsrHnUtQi\x00\x00\x00\x00\x00\x00\x00FriJyufIKULUYxS\x00\x00\x00\x00\x00KkUZp\x00\x00\x00\x00\x00\x00\x00\x00\x00\x00\x00\x00\x00\x00\x00\x05\x00\x00\x006\x00\x00\x00\x01\x00\x00\x00mEOcRZWoWATCb\x00\x00\x00\x00\x00\x00\x00A\x00\x00\x00\x00\x00\x00\x00\x00\x00\x00\x00\x00\x00\x00\x00\x00\x00\x00\x00uX\x00\x00\x00\x00\x00\x00\x00\x00\x00\x00\x00\x00\x00\x00\x00\x00\x00\x00C\x00\x00\x00\x00\x00\x00\x00\x00\x00\x00\x00\x00\x00\x00\x00\x00\x00\x00\x00\x04\x04</data></match></read>
    <write><data>\x0e\x0e\x0e\x0e</data></write>
    <write><data>\x04\x05\x00\x00\x006\x00\x00\x00\x01\x00\x00\x00mEOcRZWoWATCb\x00\x00\x00\x00\x00\x00\x00A\x00\x00\x00\x00\x00\x00\x00\x00\x00\x00\x00\x00\x00\x00\x00\x00\x00\x00\x00uX\x00\x00\x00\x00\x00\x00\x00\x00\x00\x00\x00\x00\x00\x00\x00\x00\x00\x00C\x00\x00\x00\x00\x00\x00\x00\x00\x00\x00\x00\x00\x00\x00\x00\x00\x00\x00\x00\x05\x00\x00\x005\x00\x00\x00\x01\x00\x00\x00n\x00\x00\x00\x00\x00\x00\x00\x00\x00\x00\x00\x00\x00\x00\x00\x00\x00\x00\x00KoXHZsrHnUtQi\x00\x00\x00\x00\x00\x00\x00FriJyufIKULUYxS\x00\x00\x00\x00\x00KkUZp\x00\x00\x00\x00\x00\x00\x00\x00\x00\x00\x00\x00\x00\x00\x00\x04\x00\x00\x004\x00\x00\x00\x01\x00\x00\x00PZVEoFhIc\x00\x00\x00\x00\x00\x00\x00\x00\x00\x00\x00tCfePusRu\x00\x00\x00\x00\x00\x00\x00\x00\x00\x00\x00d\x00\x00\x00\x00\x00\x00\x00\x00\x00\x00\x00\x00\x00\x00\x00\x00\x00\x00\x00IyghjY\x00\x00\x00\x00\x00\x00\x00\x00\x00\x00\x00\x00\x00\x00\x04\x00\x00\x003\x00\x00\x00\x01\x00\x00\x00Zj\x00\x00\x00\x00\x00\x00\x00\x00\x00\x00\x00\x00\x00\x00\x00\x00\x00\x00elHXoEkGJHTfXydBj\x00\x00\x00BkngOfUoTmqtHOMAsSC\x00XjMM\x00\x00\x00\x00\x00\x00\x00\x00\x00\x00\x00\x00\x00\x00\x00\x00</data></write>
    <read><length>2</length><match><data>\x04\x04</data></match></read>
    <write><data>\x01\xee\x01\xee</data></write>
    <read><length>131</length><match><data>\x04\x04\x00\x00\x003\x00\x00\x00\x02\x00\x00\x00AKPReWjkKZRnRsGvRDU\x00\x04\x00\x00\x004\x00\x00\x00\x02\x00\x00\x00ozox\x00\x00\x00\x00\x00\x00\x00\x00\x00\x00\x00\x00\x00\x00\x00\x00\x05\x00\x00\x005\x00\x00\x00\x02\x00\x00\x00TWYFRqe\x00\x00\x00\x00\x00\x00\x00\x00\x00\x00\x00\x00\x00\x05\x00\x00\x006\x00\x00\x00\x02\x00\x00\x00xL\x00\x00\x00\x00\x00\x00\x00\x00\x00\x00\x00\x00\x00\x00\x00\x00\x00\x00\x04\x04</data></match></read>
    <write><data>\x0e\x0e\x0e\x0e</data></write>
    <write><data>\x04\x05\x00\x00\x006\x00\x00\x00\x02\x00\x00\x00xL\x00\x00\x00\x00\x00\x00\x00\x00\x00\x00\x00\x00\x00\x00\x00\x00\x00\x00\x05\x00\x00\x005\x00\x00\x00\x02\x00\x00\x00TWYFRqe\x00\x00\x00\x00\x00\x00\x00\x00\x00\x00\x00\x00\x00\x04\x00\x00\x004\x00\x00\x00\x02\x00\x00\x00ozox\x00\x00\x00\x00\x00\x00\x00\x00\x00\x00\x00\x00\x00\x00\x00\x00\x04\x00\x00\x003\x00\x00\x00\x02\x00\x00\x00AKPReWjkKZRnRsGvRDU\x00</data></write>
    <read><length>2</length><match><data>\x04\x04</data></match></read>
    <write><data>\xbb\x11\x11\xbb</data></write>
    <read><length>3</length><match><data>\x08\x04\x04</data></match></read>
    <write><data>\xbe\xbe\xbe\xbe</data></write>
    <read><length>38</length><match><data>\x00\x00\x00\x00\x00\x00\x00\x00\x00\x00\x00\x00\x00\x00\x00\x00\x00\x00\x00\x00\x00\x00\x00\x00\x00\x00\x00\x00\x00\x00\x00\x00\x00\x00\x00\x00\x04\x04</data></match></read>
    <write><data>\xee\x01\xee\x01</data></write>
    <write><data>\x057\x00\x00\x008\x00\x00\x009\x00\x00\x00:\x00\x00\x00\x3b\x00\x00\x00</data></write>
    <read><length>3</length><match><data>\x05\x04\x04</data></match></read>
    <write><data>\x01\xee\x01\xee</data></write>
    <read><length>163</length><match><data>\x05\x01\x00\x00\x007\x00\x00\x00\x00\x00\x00\x00OjZiYi\x00\x00\x00\x00\x00\x00\x00\x00\x00\x00\x00\x00\x00\x00\x01\x00\x00\x008\x00\x00\x00\x00\x00\x00\x00tve\x00\x00\x00\x00\x00\x00\x00\x00\x00\x00\x00\x00\x00\x00\x00\x00\x00\x01\x00\x00\x009\x00\x00\x00\x00\x00\x00\x00ZbWWNoNM\x00\x00\x00\x00\x00\x00\x00\x00\x00\x00\x00\x00\x02\x00\x00\x00:\x00\x00\x00\x00\x00\x00\x00giSPcyLgGK\x00\x00\x00\x00\x00\x00\x00\x00\x00\x00\x02\x00\x00\x00\x3b\x00\x00\x00\x00\x00\x00\x00OhPbcBnJFNBsfKxc\x00\x00\x00\x00\x04\x04</data></match></read>
    <write><data>\x0e\x0e\x0e\x0e</data></write>
    <write><data>\x05\x02\x00\x00\x00\x3b\x00\x00\x00\x00\x00\x00\x00OhPbcBnJFNBsfKxc\x00\x00\x00\x00\x02\x00\x00\x00:\x00\x00\x00\x00\x00\x00\x00giSPcyLgGK\x00\x00\x00\x00\x00\x00\x00\x00\x00\x00\x01\x00\x00\x009\x00\x00\x00\x00\x00\x00\x00ZbWWNoNM\x00\x00\x00\x00\x00\x00\x00\x00\x00\x00\x00\x00\x01\x00\x00\x008\x00\x00\x00\x00\x00\x00\x00tve\x00\x00\x00\x00\x00\x00\x00\x00\x00\x00\x00\x00\x00\x00\x00\x00\x00\x01\x00\x00\x007\x00\x00\x00\x00\x00\x00\x00OjZiYi\x00\x00\x00\x00\x00\x00\x00\x00\x00\x00\x00\x00\x00\x00</data></write>
    <read><length>2</length><match><data>\x04\x04</data></match></read>
    <write><data>\x01\xee\x01\xee</data></write>
    <read><length>463</length><match><data>\x05\x01\x00\x00\x007\x00\x00\x00\x01\x00\x00\x00mEOcRZWoWATCb\x00\x00\x00\x00\x00\x00\x00A\x00\x00\x00\x00\x00\x00\x00\x00\x00\x00\x00\x00\x00\x00\x00\x00\x00\x00\x00uX\x00\x00\x00\x00\x00\x00\x00\x00\x00\x00\x00\x00\x00\x00\x00\x00\x00\x00C\x00\x00\x00\x00\x00\x00\x00\x00\x00\x00\x00\x00\x00\x00\x00\x00\x00\x00\x00\x01\x00\x00\x008\x00\x00\x00\x01\x00\x00\x00VdI\x00\x00\x00\x00\x00\x00\x00\x00\x00\x00\x00\x00\x00\x00\x00\x00\x00rDnCfN\x00\x00\x00\x00\x00\x00\x00\x00\x00\x00\x00\x00\x00\x00qe\x00\x00\x00\x00\x00\x00\x00\x00\x00\x00\x00\x00\x00\x00\x00\x00\x00\x00EijGXvaPpbk\x00\x00\x00\x00\x00\x00\x00\x00\x00\x01\x00\x00\x009\x00\x00\x00\x01\x00\x00\x00Zj\x00\x00\x00\x00\x00\x00\x00\x00\x00\x00\x00\x00\x00\x00\x00\x00\x00\x00elHXoEkGJHTfXydBj\x00\x00\x00BkngOfUoTmqtHOMAsSC\x00XjMM\x00\x00\x00\x00\x00\x00\x00\x00\x00\x00\x00\x00\x00\x00\x00\x00\x02\x00\x00\x00:\x00\x00\x00\x01\x00\x00\x00vbWrs\x00\x00\x00\x00\x00\x00\x00\x00\x00\x00\x00\x00\x00\x00\x00xWBdzcvZQTf\x00\x00\x00\x00\x00\x00\x00\x00\x00QdjRhFJ\x00\x00\x00\x00\x00\x00\x00\x00\x00\x00\x00\x00\x00UhIQDYCNZ\x00\x00\x00\x00\x00\x00\x00\x00\x00\x00\x00\x02\x00\x00\x00\x3b\x00\x00\x00\x01\x00\x00\x00wuXVqAIWyTbaeTq\x00\x00\x00\x00\x00ucayTRX\x00\x00\x00\x00\x00\x00\x00\x00\x00\x00\x00\x00\x00jLIxECdyrhWfwuhZ\x00\x00\x00\x00OFpbDRbVfx\x00\x00\x00\x00\x00\x00\x00\x00\x00\x00\x04\x04</data></match></read>
    <write><data>\x0e\x0e\x0e\x0e</data></write>
    <write><data>\x05\x02\x00\x00\x00\x3b\x00\x00\x00\x01\x00\x00\x00wuXVqAIWyTbaeTq\x00\x00\x00\x00\x00ucayTRX\x00\x00\x00\x00\x00\x00\x00\x00\x00\x00\x00\x00\x00jLIxECdyrhWfwuhZ\x00\x00\x00\x00OFpbDRbVfx\x00\x00\x00\x00\x00\x00\x00\x00\x00\x00\x02\x00\x00\x00:\x00\x00\x00\x01\x00\x00\x00vbWrs\x00\x00\x00\x00\x00\x00\x00\x00\x00\x00\x00\x00\x00\x00\x00xWBdzcvZQTf\x00\x00\x00\x00\x00\x00\x00\x00\x00QdjRhFJ\x00\x00\x00\x00\x00\x00\x00\x00\x00\x00\x00\x00\x00UhIQDYCNZ\x00\x00\x00\x00\x00\x00\x00\x00\x00\x00\x00\x01\x00\x00\x009\x00\x00\x00\x01\x00\x00\x00Zj\x00\x00\x00\x00\x00\x00\x00\x00\x00\x00\x00\x00\x00\x00\x00\x00\x00\x00elHXoEkGJHTfXydBj\x00\x00\x00BkngOfUoTmqtHOMAsSC\x00XjMM\x00\x00\x00\x00\x00\x00\x00\x00\x00\x00\x00\x00\x00\x00\x00\x00\x01\x00\x00\x008\x00\x00\x00\x01\x00\x00\x00VdI\x00\x00\x00\x00\x00\x00\x00\x00\x00\x00\x00\x00\x00\x00\x00\x00\x00rDnCfN\x00\x00\x00\x00\x00\x00\x00\x00\x00\x00\x00\x00\x00\x00qe\x00\x00\x00\x00\x00\x00\x00\x00\x00\x00\x00\x00\x00\x00\x00\x00\x00\x00EijGXvaPpbk\x00\x00\x00\x00\x00\x00\x00\x00\x00\x01\x00\x00\x007\x00\x00\x00\x01\x00\x00\x00mEOcRZWoWATCb\x00\x00\x00\x00\x00\x00\x00A\x00\x00\x00\x00\x00\x00\x00\x00\x00\x00\x00\x00\x00\x00\x00\x00\x00\x00\x00uX\x00\x00\x00\x00\x00\x00\x00\x00\x00\x00\x00\x00\x00\x00\x00\x00\x00\x00C\x00\x00\x00\x00\x00\x00\x00\x00\x00\x00\x00\x00\x00\x00\x00\x00\x00\x00\x00</data></write>
    <read><length>2</length><match><data>\x04\x04</data></match></read>
    <write><data>\x01\xee\x01\xee</data></write>
    <read><length>163</length><match><data>\x05\x01\x00\x00\x007\x00\x00\x00\x02\x00\x00\x00xL\x00\x00\x00\x00\x00\x00\x00\x00\x00\x00\x00\x00\x00\x00\x00\x00\x00\x00\x01\x00\x00\x008\x00\x00\x00\x02\x00\x00\x00cJVIJ\x00\x00\x00\x00\x00\x00\x00\x00\x00\x00\x00\x00\x00\x00\x00\x01\x00\x00\x009\x00\x00\x00\x02\x00\x00\x00AKPReWjkKZRnRsGvRDU\x00\x02\x00\x00\x00:\x00\x00\x00\x02\x00\x00\x00Amb\x00\x00\x00\x00\x00\x00\x00\x00\x00\x00\x00\x00\x00\x00\x00\x00\x00\x02\x00\x00\x00\x3b\x00\x00\x00\x02\x00\x00\x00jqkl\x00\x00\x00\x00\x00\x00\x00\x00\x00\x00\x00\x00\x00\x00\x00\x00\x04\x04</data></match></read>
    <write><data>\x0e\x0e\x0e\x0e</data></write>
    <write><data>\x05\x02\x00\x00\x00\x3b\x00\x00\x00\x02\x00\x00\x00jqkl\x00\x00\x00\x00\x00\x00\x00\x00\x00\x00\x00\x00\x00\x00\x00\x00\x02\x00\x00\x00:\x00\x00\x00\x02\x00\x00\x00Amb\x00\x00\x00\x00\x00\x00\x00\x00\x00\x00\x00\x00\x00\x00\x00\x00\x00\x01\x00\x00\x009\x00\x00\x00\x02\x00\x00\x00AKPReWjkKZRnRsGvRDU\x00\x01\x00\x00\x008\x00\x00\x00\x02\x00\x00\x00cJVIJ\x00\x00\x00\x00\x00\x00\x00\x00\x00\x00\x00\x00\x00\x00\x00\x01\x00\x00\x007\x00\x00\x00\x02\x00\x00\x00xL\x00\x00\x00\x00\x00\x00\x00\x00\x00\x00\x00\x00\x00\x00\x00\x00\x00\x00</data></write>
    <read><length>2</length><match><data>\x04\x04</data></match></read>
    <write><data>\x0e\x0e\x0e\x0e</data></write>
    <write><data>\x00</data></write>
    <read><length>2</length><match><data>\x04\x04</data></match></read>
    <write><data>\xee\x01\xee\x01</data></write>
    <write><data>\x01\x3c\x00\x00\x00</data></write>
    <read><length>3</length><match><data>\x01\x04\x04</data></match></read>
    <write><data>\x01\xee\x01\xee</data></write>
    <read><length>35</length><match><data>\x01\x03\x00\x00\x00\x3c\x00\x00\x00\x00\x00\x00\x00Snt\x00\x00\x00\x00\x00\x00\x00\x00\x00\x00\x00\x00\x00\x00\x00\x00\x00\x04\x04</data></match></read>
    <write><data>\x0e\x0e\x0e\x0e</data></write>
    <write><data>\x01\x03\x00\x00\x00\x3c\x00\x00\x00\x00\x00\x00\x00Snt\x00\x00\x00\x00\x00\x00\x00\x00\x00\x00\x00\x00\x00\x00\x00\x00\x00</data></write>
    <read><length>2</length><match><data>\x04\x04</data></match></read>
    <write><data>\x01\xee\x01\xee</data></write>
    <read><length>95</length><match><data>\x01\x03\x00\x00\x00\x3c\x00\x00\x00\x01\x00\x00\x00hoPyZCWLbzlEdS\x00\x00\x00\x00\x00\x00nJNOemZLRA\x00\x00\x00\x00\x00\x00\x00\x00\x00\x00QqpfnCul\x00\x00\x00\x00\x00\x00\x00\x00\x00\x00\x00\x00hKxFhOFanfnrmMMo\x00\x00\x00\x00\x04\x04</data></match></read>
    <write><data>\x0e\x0e\x0e\x0e</data></write>
    <write><data>\x01\x03\x00\x00\x00\x3c\x00\x00\x00\x01\x00\x00\x00hoPyZCWLbzlEdS\x00\x00\x00\x00\x00\x00nJNOemZLRA\x00\x00\x00\x00\x00\x00\x00\x00\x00\x00QqpfnCul\x00\x00\x00\x00\x00\x00\x00\x00\x00\x00\x00\x00hKxFhOFanfnrmMMo\x00\x00\x00\x00</data></write>
    <read><length>2</length><match><data>\x04\x04</data></match></read>
    <write><data>\x01\xee\x01\xee</data></write>
    <read><length>35</length><match><data>\x01\x03\x00\x00\x00\x3c\x00\x00\x00\x02\x00\x00\x00yaSAoGMePbTvXYszZpd\x00\x04\x04</data></match></read>
    <write><data>\x0e\x0e\x0e\x0e</data></write>
    <write><data>\x01\x03\x00\x00\x00\x3c\x00\x00\x00\x02\x00\x00\x00yaSAoGMePbTvXYszZpd\x00</data></write>
    <read><length>2</length><match><data>\x04\x04</data></match></read>
    <write><data>\xbb\x11\x11\xbb</data></write>
    <read><length>3</length><match><data>\x03\x04\x04</data></match></read>
    <write><data>\xbb\x11\x11\xbb</data></write>
    <read><length>3</length><match><data>\x00\x04\x04</data></match></read>
    <write><data>\xee\x01\xee\x01</data></write>
    <write><data>\x05\x3d\x00\x00\x00\x3e\x00\x00\x00?\x00\x00\x00\x40\x00\x00\x00A\x00\x00\x00</data></write>
    <read><length>3</length><match><data>\x05\x04\x04</data></match></read>
    <write><data>\x01\xee\x01\xee</data></write>
    <read><length>163</length><match><data>\x05\x01\x00\x00\x00\x3d\x00\x00\x00\x00\x00\x00\x00giSPcyLgGK\x00\x00\x00\x00\x00\x00\x00\x00\x00\x00\x01\x00\x00\x00\x3e\x00\x00\x00\x00\x00\x00\x00ENGodOMkSCcdp\x00\x00\x00\x00\x00\x00\x00\x01\x00\x00\x00?\x00\x00\x00\x00\x00\x00\x00wTopgFWuWqFm\x00\x00\x00\x00\x00\x00\x00\x00\x02\x00\x00\x00\x40\x00\x00\x00\x00\x00\x00\x00ypDpTEmYTJNbgwuAAuk\x00\x02\x00\x00\x00A\x00\x00\x00\x00\x00\x00\x00bdQ\x00\x00\x00\x00\x00\x00\x00\x00\x00\x00\x00\x00\x00\x00\x00\x00\x00\x04\x04</data></match></read>
    <write><data>\x0e\x0e\x0e\x0e</data></write>
    <write><data>\x05\x02\x00\x00\x00A\x00\x00\x00\x00\x00\x00\x00bdQ\x00\x00\x00\x00\x00\x00\x00\x00\x00\x00\x00\x00\x00\x00\x00\x00\x00\x02\x00\x00\x00\x40\x00\x00\x00\x00\x00\x00\x00ypDpTEmYTJNbgwuAAuk\x00\x01\x00\x00\x00?\x00\x00\x00\x00\x00\x00\x00wTopgFWuWqFm\x00\x00\x00\x00\x00\x00\x00\x00\x01\x00\x00\x00\x3e\x00\x00\x00\x00\x00\x00\x00ENGodOMkSCcdp\x00\x00\x00\x00\x00\x00\x00\x01\x00\x00\x00\x3d\x00\x00\x00\x00\x00\x00\x00giSPcyLgGK\x00\x00\x00\x00\x00\x00\x00\x00\x00\x00</data></write>
    <read><length>2</length><match><data>\x04\x04</data></match></read>
    <write><data>\x01\xee\x01\xee</data></write>
    <read><length>463</length><match><data>\x05\x01\x00\x00\x00\x3d\x00\x00\x00\x01\x00\x00\x00vbWrs\x00\x00\x00\x00\x00\x00\x00\x00\x00\x00\x00\x00\x00\x00\x00xWBdzcvZQTf\x00\x00\x00\x00\x00\x00\x00\x00\x00QdjRhFJ\x00\x00\x00\x00\x00\x00\x00\x00\x00\x00\x00\x00\x00UhIQDYCNZ\x00\x00\x00\x00\x00\x00\x00\x00\x00\x00\x00\x01\x00\x00\x00\x3e\x00\x00\x00\x01\x00\x00\x00IPZfoyxxrvYzwNmcndJ\x00HwOSnePDOXk\x00\x00\x00\x00\x00\x00\x00\x00\x00BNqrexKmxzwYqR\x00\x00\x00\x00\x00\x00ZzTFYA\x00\x00\x00\x00\x00\x00\x00\x00\x00\x00\x00\x00\x00\x00\x01\x00\x00\x00?\x00\x00\x00\x01\x00\x00\x00DvCF\x00\x00\x00\x00\x00\x00\x00\x00\x00\x00\x00\x00\x00\x00\x00\x00pHIEymqeAycJijjFFk\x00\x00e\x00\x00\x00\x00\x00\x00\x00\x00\x00\x00\x00\x00\x00\x00\x00\x00\x00\x00\x00IyWZnR\x00\x00\x00\x00\x00\x00\x00\x00\x00\x00\x00\x00\x00\x00\x02\x00\x00\x00\x40\x00\x00\x00\x01\x00\x00\x00Dzs\x00\x00\x00\x00\x00\x00\x00\x00\x00\x00\x00\x00\x00\x00\x00\x00\x00hUN\x00\x00\x00\x00\x00\x00\x00\x00\x00\x00\x00\x00\x00\x00\x00\x00\x00RrvWQClGLc\x00\x00\x00\x00\x00\x00\x00\x00\x00\x00E\x00\x00\x00\x00\x00\x00\x00\x00\x00\x00\x00\x00\x00\x00\x00\x00\x00\x00\x00\x02\x00\x00\x00A\x00\x00\x00\x01\x00\x00\x00cwoMLL\x00\x00\x00\x00\x00\x00\x00\x00\x00\x00\x00\x00\x00\x00sKykXwqm\x00\x00\x00\x00\x00\x00\x00\x00\x00\x00\x00\x00NXaG\x00\x00\x00\x00\x00\x00\x00\x00\x00\x00\x00\x00\x00\x00\x00\x00qryLVWWEwEx\x00\x00\x00\x00\x00\x00\x00\x00\x00\x04\x04</data></match></read>
    <write><data>\x0e\x0e\x0e\x0e</data></write>
    <write><data>\x05\x02\x00\x00\x00A\x00\x00\x00\x01\x00\x00\x00cwoMLL\x00\x00\x00\x00\x00\x00\x00\x00\x00\x00\x00\x00\x00\x00sKykXwqm\x00\x00\x00\x00\x00\x00\x00\x00\x00\x00\x00\x00NXaG\x00\x00\x00\x00\x00\x00\x00\x00\x00\x00\x00\x00\x00\x00\x00\x00qryLVWWEwEx\x00\x00\x00\x00\x00\x00\x00\x00\x00\x02\x00\x00\x00\x40\x00\x00\x00\x01\x00\x00\x00Dzs\x00\x00\x00\x00\x00\x00\x00\x00\x00\x00\x00\x00\x00\x00\x00\x00\x00hUN\x00\x00\x00\x00\x00\x00\x00\x00\x00\x00\x00\x00\x00\x00\x00\x00\x00RrvWQClGLc\x00\x00\x00\x00\x00\x00\x00\x00\x00\x00E\x00\x00\x00\x00\x00\x00\x00\x00\x00\x00\x00\x00\x00\x00\x00\x00\x00\x00\x00\x01\x00\x00\x00?\x00\x00\x00\x01\x00\x00\x00DvCF\x00\x00\x00\x00\x00\x00\x00\x00\x00\x00\x00\x00\x00\x00\x00\x00pHIEymqeAycJijjFFk\x00\x00e\x00\x00\x00\x00\x00\x00\x00\x00\x00\x00\x00\x00\x00\x00\x00\x00\x00\x00\x00IyWZnR\x00\x00\x00\x00\x00\x00\x00\x00\x00\x00\x00\x00\x00\x00\x01\x00\x00\x00\x3e\x00\x00\x00\x01\x00\x00\x00IPZfoyxxrvYzwNmcndJ\x00HwOSnePDOXk\x00\x00\x00\x00\x00\x00\x00\x00\x00BNqrexKmxzwYqR\x00\x00\x00\x00\x00\x00ZzTFYA\x00\x00\x00\x00\x00\x00\x00\x00\x00\x00\x00\x00\x00\x00\x01\x00\x00\x00\x3d\x00\x00\x00\x01\x00\x00\x00vbWrs\x00\x00\x00\x00\x00\x00\x00\x00\x00\x00\x00\x00\x00\x00\x00xWBdzcvZQTf\x00\x00\x00\x00\x00\x00\x00\x00\x00QdjRhFJ\x00\x00\x00\x00\x00\x00\x00\x00\x00\x00\x00\x00\x00UhIQDYCNZ\x00\x00\x00\x00\x00\x00\x00\x00\x00\x00\x00</data></write>
    <read><length>2</length><match><data>\x04\x04</data></match></read>
    <write><data>\x01\xee\x01\xee</data></write>
    <read><length>163</length><match><data>\x05\x01\x00\x00\x00\x3d\x00\x00\x00\x02\x00\x00\x00Amb\x00\x00\x00\x00\x00\x00\x00\x00\x00\x00\x00\x00\x00\x00\x00\x00\x00\x01\x00\x00\x00\x3e\x00\x00\x00\x02\x00\x00\x00GRBycFmDIEcoTP\x00\x00\x00\x00\x00\x00\x01\x00\x00\x00?\x00\x00\x00\x02\x00\x00\x00cOkXtVctEuoeCFHQGzT\x00\x02\x00\x00\x00\x40\x00\x00\x00\x02\x00\x00\x00wZyEJHaU\x00\x00\x00\x00\x00\x00\x00\x00\x00\x00\x00\x00\x02\x00\x00\x00A\x00\x00\x00\x02\x00\x00\x00VSJGQCLjpWi\x00\x00\x00\x00\x00\x00\x00\x00\x00\x04\x04</data></match></read>
    <write><data>\x0e\x0e\x0e\x0e</data></write>
    <write><data>\x05\x02\x00\x00\x00A\x00\x00\x00\x02\x00\x00\x00VSJGQCLjpWi\x00\x00\x00\x00\x00\x00\x00\x00\x00\x02\x00\x00\x00\x40\x00\x00\x00\x02\x00\x00\x00wZyEJHaU\x00\x00\x00\x00\x00\x00\x00\x00\x00\x00\x00\x00\x01\x00\x00\x00?\x00\x00\x00\x02\x00\x00\x00cOkXtVctEuoeCFHQGzT\x00\x01\x00\x00\x00\x3e\x00\x00\x00\x02\x00\x00\x00GRBycFmDIEcoTP\x00\x00\x00\x00\x00\x00\x01\x00\x00\x00\x3d\x00\x00\x00\x02\x00\x00\x00Amb\x00\x00\x00\x00\x00\x00\x00\x00\x00\x00\x00\x00\x00\x00\x00\x00\x00</data></write>
    <read><length>2</length><match><data>\x04\x04</data></match></read>
    <write><data>\xee\x01\xee\x01</data></write>
    <write><data>\x00</data></write>
    <read><length>3</length><match><data>\x00\x04\x04</data></match></read>
    <write><data>\x01\xee\x01\xee</data></write>
    <read><length>3</length><match><data>\x00\x04\x04</data></match></read>
    <write><data>\x0e\x0e\x0e\x0e</data></write>
    <write><data>\x00</data></write>
    <read><length>2</length><match><data>\x04\x04</data></match></read>
    <write><data>\x01\xee\x01\xee</data></write>
    <read><length>3</length><match><data>\x00\x04\x04</data></match></read>
    <write><data>\x0e\x0e\x0e\x0e</data></write>
    <write><data>\x00</data></write>
    <read><length>2</length><match><data>\x04\x04</data></match></read>
    <write><data>\x01\xee\x01\xee</data></write>
    <read><length>3</length><match><data>\x00\x04\x04</data></match></read>
    <write><data>\x0e\x0e\x0e\x0e</data></write>
    <write><data>\x00</data></write>
    <read><length>2</length><match><data>\x04\x04</data></match></read>
    <write><data>\xbb\x11\x11\xbb</data></write>
    <read><length>3</length><match><data>\x02\x04\x04</data></match></read>
    <write><data>\xbb\x11\x11\xbb</data></write>
    <read><length>3</length><match><data>\x00\x04\x04</data></match></read>
    <write><data>\x0e\x0e\x0e\x0e</data></write>
    <write><data>\x00</data></write>
    <read><length>2</length><match><data>\x04\x04</data></match></read>
    <write><data>\xbe\xbe\xbe\xbe</data></write>
    <read><length>38</length><match><data>\x00\x00\x00\x00\x00\x00\x00\x00\x00\x00\x00\x00\x00\x00\x00\x00\x00\x00\x00\x00\x00\x00\x00\x00\x00\x00\x00\x00\x00\x00\x00\x00\x00\x00\x00\x00\x04\x04</data></match></read>
    <write><data>\xee\x01\xee\x01</data></write>
    <write><data>\x08B\x00\x00\x00C\x00\x00\x00D\x00\x00\x00E\x00\x00\x00F\x00\x00\x00G\x00\x00\x00H\x00\x00\x00I\x00\x00\x00</data></write>
    <read><length>3</length><match><data>\x08\x04\x04</data></match></read>
    <write><data>\x01\xee\x01\xee</data></write>
    <read><length>259</length><match><data>\x08\x01\x00\x00\x00B\x00\x00\x00\x00\x00\x00\x00giSPcyLgGK\x00\x00\x00\x00\x00\x00\x00\x00\x00\x00\x01\x00\x00\x00C\x00\x00\x00\x00\x00\x00\x00BfJB\x00\x00\x00\x00\x00\x00\x00\x00\x00\x00\x00\x00\x00\x00\x00\x00\x01\x00\x00\x00D\x00\x00\x00\x00\x00\x00\x00GdO\x00\x00\x00\x00\x00\x00\x00\x00\x00\x00\x00\x00\x00\x00\x00\x00\x00\x02\x00\x00\x00E\x00\x00\x00\x00\x00\x00\x00tve\x00\x00\x00\x00\x00\x00\x00\x00\x00\x00\x00\x00\x00\x00\x00\x00\x00\x02\x00\x00\x00F\x00\x00\x00\x00\x00\x00\x00Snt\x00\x00\x00\x00\x00\x00\x00\x00\x00\x00\x00\x00\x00\x00\x00\x00\x00\x02\x00\x00\x00G\x00\x00\x00\x00\x00\x00\x00BN\x00\x00\x00\x00\x00\x00\x00\x00\x00\x00\x00\x00\x00\x00\x00\x00\x00\x00\x02\x00\x00\x00H\x00\x00\x00\x00\x00\x00\x00KGLHaywX\x00\x00\x00\x00\x00\x00\x00\x00\x00\x00\x00\x00\x02\x00\x00\x00I\x00\x00\x00\x00\x00\x00\x00VsdLokjwQPOmqX\x00\x00\x00\x00\x00\x00\x04\x04</data></match></read>
    <write><data>\x0e\x0e\x0e\x0e</data></write>
    <write><data>\x08\x02\x00\x00\x00I\x00\x00\x00\x00\x00\x00\x00VsdLokjwQPOmqX\x00\x00\x00\x00\x00\x00\x02\x00\x00\x00H\x00\x00\x00\x00\x00\x00\x00KGLHaywX\x00\x00\x00\x00\x00\x00\x00\x00\x00\x00\x00\x00\x02\x00\x00\x00G\x00\x00\x00\x00\x00\x00\x00BN\x00\x00\x00\x00\x00\x00\x00\x00\x00\x00\x00\x00\x00\x00\x00\x00\x00\x00\x02\x00\x00\x00F\x00\x00\x00\x00\x00\x00\x00Snt\x00\x00\x00\x00\x00\x00\x00\x00\x00\x00\x00\x00\x00\x00\x00\x00\x00\x02\x00\x00\x00E\x00\x00\x00\x00\x00\x00\x00tve\x00\x00\x00\x00\x00\x00\x00\x00\x00\x00\x00\x00\x00\x00\x00\x00\x00\x01\x00\x00\x00D\x00\x00\x00\x00\x00\x00\x00GdO\x00\x00\x00\x00\x00\x00\x00\x00\x00\x00\x00\x00\x00\x00\x00\x00\x00\x01\x00\x00\x00C\x00\x00\x00\x00\x00\x00\x00BfJB\x00\x00\x00\x00\x00\x00\x00\x00\x00\x00\x00\x00\x00\x00\x00\x00\x01\x00\x00\x00B\x00\x00\x00\x00\x00\x00\x00giSPcyLgGK\x00\x00\x00\x00\x00\x00\x00\x00\x00\x00</data></write>
    <read><length>2</length><match><data>\x04\x04</data></match></read>
    <write><data>\x01\xee\x01\xee</data></write>
    <read><length>739</length><match><data>\x08\x01\x00\x00\x00B\x00\x00\x00\x01\x00\x00\x00vbWrs\x00\x00\x00\x00\x00\x00\x00\x00\x00\x00\x00\x00\x00\x00\x00xWBdzcvZQTf\x00\x00\x00\x00\x00\x00\x00\x00\x00QdjRhFJ\x00\x00\x00\x00\x00\x00\x00\x00\x00\x00\x00\x00\x00UhIQDYCNZ\x00\x00\x00\x00\x00\x00\x00\x00\x00\x00\x00\x01\x00\x00\x00C\x00\x00\x00\x01\x00\x00\x00HBjxBFrofPKcLh\x00\x00\x00\x00\x00\x00HQXkYe\x00\x00\x00\x00\x00\x00\x00\x00\x00\x00\x00\x00\x00\x00HVtZCfTbqD\x00\x00\x00\x00\x00\x00\x00\x00\x00\x00TrkhFsCcoSRkwftoT\x00\x00\x00\x01\x00\x00\x00D\x00\x00\x00\x01\x00\x00\x00Ie\x00\x00\x00\x00\x00\x00\x00\x00\x00\x00\x00\x00\x00\x00\x00\x00\x00\x00yvwHDjpJGkOO\x00\x00\x00\x00\x00\x00\x00\x00eQgFSsFgTQtQT\x00\x00\x00\x00\x00\x00\x00VhbNDL\x00\x00\x00\x00\x00\x00\x00\x00\x00\x00\x00\x00\x00\x00\x02\x00\x00\x00E\x00\x00\x00\x01\x00\x00\x00VdI\x00\x00\x00\x00\x00\x00\x00\x00\x00\x00\x00\x00\x00\x00\x00\x00\x00rDnCfN\x00\x00\x00\x00\x00\x00\x00\x00\x00\x00\x00\x00\x00\x00qe\x00\x00\x00\x00\x00\x00\x00\x00\x00\x00\x00\x00\x00\x00\x00\x00\x00\x00EijGXvaPpbk\x00\x00\x00\x00\x00\x00\x00\x00\x00\x02\x00\x00\x00F\x00\x00\x00\x01\x00\x00\x00hoPyZCWLbzlEdS\x00\x00\x00\x00\x00\x00nJNOemZLRA\x00\x00\x00\x00\x00\x00\x00\x00\x00\x00QqpfnCul\x00\x00\x00\x00\x00\x00\x00\x00\x00\x00\x00\x00hKxFhOFanfnrmMMo\x00\x00\x00\x00\x02\x00\x00\x00G\x00\x00\x00\x01\x00\x00\x00hBfkvxWNYNKAWOzmasc\x00gxqlPTpMapFtlDNcN\x00\x00\x00svzMcxufKVy\x00\x00\x00\x00\x00\x00\x00\x00\x00oLvwcIJsXjzJYrnK\x00\x00\x00\x00\x02\x00\x00\x00H\x00\x00\x00\x01\x00\x00\x00mD\x00\x00\x00\x00\x00\x00\x00\x00\x00\x00\x00\x00\x00\x00\x00\x00\x00\x00Es\x00\x00\x00\x00\x00\x00\x00\x00\x00\x00\x00\x00\x00\x00\x00\x00\x00\x00uqiFNVKzPFeoMm\x00\x00\x00\x00\x00\x00GoAPHgyqAHYxl\x00\x00\x00\x00\x00\x00\x00\x02\x00\x00\x00I\x00\x00\x00\x01\x00\x00\x00Hcb\x00\x00\x00\x00\x00\x00\x00\x00\x00\x00\x00\x00\x00\x00\x00\x00\x00Tqzl\x00\x00\x00\x00\x00\x00\x00\x00\x00\x00\x00\x00\x00\x00\x00\x00VoiXIgGAtoNHMq\x00\x00\x00\x00\x00\x00mROScjgKBz\x00\x00\x00\x00\x00\x00\x00\x00\x00\x00\x04\x04</data></match></read>
    <write><data>\x0e\x0e\x0e\x0e</data></write>
    <write><data>\x08\x02\x00\x00\x00I\x00\x00\x00\x01\x00\x00\x00Hcb\x00\x00\x00\x00\x00\x00\x00\x00\x00\x00\x00\x00\x00\x00\x00\x00\x00Tqzl\x00\x00\x00\x00\x00\x00\x00\x00\x00\x00\x00\x00\x00\x00\x00\x00VoiXIgGAtoNHMq\x00\x00\x00\x00\x00\x00mROScjgKBz\x00\x00\x00\x00\x00\x00\x00\x00\x00\x00\x02\x00\x00\x00H\x00\x00\x00\x01\x00\x00\x00mD\x00\x00\x00\x00\x00\x00\x00\x00\x00\x00\x00\x00\x00\x00\x00\x00\x00\x00Es\x00\x00\x00\x00\x00\x00\x00\x00\x00\x00\x00\x00\x00\x00\x00\x00\x00\x00uqiFNVKzPFeoMm\x00\x00\x00\x00\x00\x00GoAPHgyqAHYxl\x00\x00\x00\x00\x00\x00\x00\x02\x00\x00\x00G\x00\x00\x00\x01\x00\x00\x00hBfkvxWNYNKAWOzmasc\x00gxqlPTpMapFtlDNcN\x00\x00\x00svzMcxufKVy\x00\x00\x00\x00\x00\x00\x00\x00\x00oLvwcIJsXjzJYrnK\x00\x00\x00\x00\x02\x00\x00\x00F\x00\x00\x00\x01\x00\x00\x00hoPyZCWLbzlEdS\x00\x00\x00\x00\x00\x00nJNOemZLRA\x00\x00\x00\x00\x00\x00\x00\x00\x00\x00QqpfnCul\x00\x00\x00\x00\x00\x00\x00\x00\x00\x00\x00\x00hKxFhOFanfnrmMMo\x00\x00\x00\x00\x02\x00\x00\x00E\x00\x00\x00\x01\x00\x00\x00VdI\x00\x00\x00\x00\x00\x00\x00\x00\x00\x00\x00\x00\x00\x00\x00\x00\x00rDnCfN\x00\x00\x00\x00\x00\x00\x00\x00\x00\x00\x00\x00\x00\x00qe\x00\x00\x00\x00\x00\x00\x00\x00\x00\x00\x00\x00\x00\x00\x00\x00\x00\x00EijGXvaPpbk\x00\x00\x00\x00\x00\x00\x00\x00\x00\x01\x00\x00\x00D\x00\x00\x00\x01\x00\x00\x00Ie\x00\x00\x00\x00\x00\x00\x00\x00\x00\x00\x00\x00\x00\x00\x00\x00\x00\x00yvwHDjpJGkOO\x00\x00\x00\x00\x00\x00\x00\x00eQgFSsFgTQtQT\x00\x00\x00\x00\x00\x00\x00VhbNDL\x00\x00\x00\x00\x00\x00\x00\x00\x00\x00\x00\x00\x00\x00\x01\x00\x00\x00C\x00\x00\x00\x01\x00\x00\x00HBjxBFrofPKcLh\x00\x00\x00\x00\x00\x00HQXkYe\x00\x00\x00\x00\x00\x00\x00\x00\x00\x00\x00\x00\x00\x00HVtZCfTbqD\x00\x00\x00\x00\x00\x00\x00\x00\x00\x00TrkhFsCcoSRkwftoT\x00\x00\x00\x01\x00\x00\x00B\x00\x00\x00\x01\x00\x00\x00vbWrs\x00\x00\x00\x00\x00\x00\x00\x00\x00\x00\x00\x00\x00\x00\x00xWBdzcvZQTf\x00\x00\x00\x00\x00\x00\x00\x00\x00QdjRhFJ\x00\x00\x00\x00\x00\x00\x00\x00\x00\x00\x00\x00\x00UhIQDYCNZ\x00\x00\x00\x00\x00\x00\x00\x00\x00\x00\x00</data></write>
    <read><length>2</length><match><data>\x04\x04</data></match></read>
    <write><data>\x01\xee\x01\xee</data></write>
    <read><length>259</length><match><data>\x08\x01\x00\x00\x00B\x00\x00\x00\x02\x00\x00\x00Amb\x00\x00\x00\x00\x00\x00\x00\x00\x00\x00\x00\x00\x00\x00\x00\x00\x00\x01\x00\x00\x00C\x00\x00\x00\x02\x00\x00\x00YQOfPYMomTxSMKIZJPj\x00\x01\x00\x00\x00D\x00\x00\x00\x02\x00\x00\x00PneNgwQjz\x00\x00\x00\x00\x00\x00\x00\x00\x00\x00\x00\x02\x00\x00\x00E\x00\x00\x00\x02\x00\x00\x00cJVIJ\x00\x00\x00\x00\x00\x00\x00\x00\x00\x00\x00\x00\x00\x00\x00\x02\x00\x00\x00F\x00\x00\x00\x02\x00\x00\x00yaSAoGMePbTvXYszZpd\x00\x02\x00\x00\x00G\x00\x00\x00\x02\x00\x00\x00Y\x00\x00\x00\x00\x00\x00\x00\x00\x00\x00\x00\x00\x00\x00\x00\x00\x00\x00\x00\x02\x00\x00\x00H\x00\x00\x00\x02\x00\x00\x00tmdsFsKDge\x00\x00\x00\x00\x00\x00\x00\x00\x00\x00\x02\x00\x00\x00I\x00\x00\x00\x02\x00\x00\x00kDnXpp\x00\x00\x00\x00\x00\x00\x00\x00\x00\x00\x00\x00\x00\x00\x04\x04</data></match></read>
    <write><data>\x0e\x0e\x0e\x0e</data></write>
    <write><data>\x08\x02\x00\x00\x00I\x00\x00\x00\x02\x00\x00\x00kDnXpp\x00\x00\x00\x00\x00\x00\x00\x00\x00\x00\x00\x00\x00\x00\x02\x00\x00\x00H\x00\x00\x00\x02\x00\x00\x00tmdsFsKDge\x00\x00\x00\x00\x00\x00\x00\x00\x00\x00\x02\x00\x00\x00G\x00\x00\x00\x02\x00\x00\x00Y\x00\x00\x00\x00\x00\x00\x00\x00\x00\x00\x00\x00\x00\x00\x00\x00\x00\x00\x00\x02\x00\x00\x00F\x00\x00\x00\x02\x00\x00\x00yaSAoGMePbTvXYszZpd\x00\x02\x00\x00\x00E\x00\x00\x00\x02\x00\x00\x00cJVIJ\x00\x00\x00\x00\x00\x00\x00\x00\x00\x00\x00\x00\x00\x00\x00\x01\x00\x00\x00D\x00\x00\x00\x02\x00\x00\x00PneNgwQjz\x00\x00\x00\x00\x00\x00\x00\x00\x00\x00\x00\x01\x00\x00\x00C\x00\x00\x00\x02\x00\x00\x00YQOfPYMomTxSMKIZJPj\x00\x01\x00\x00\x00B\x00\x00\x00\x02\x00\x00\x00Amb\x00\x00\x00\x00\x00\x00\x00\x00\x00\x00\x00\x00\x00\x00\x00\x00\x00</data></write>
    <read><length>2</length><match><data>\x04\x04</data></match></read>
    <write><data>\xb0\x01\xb0\x01</data></write>
    <read><length>2</length><match><data>DD</data></match></read>
</replay>
</pov>