<?xml version="1.0" standalone="no" ?>
<!DOCTYPE pov SYSTEM "/usr/share/cgc-docs/replay.dtd">
<pov>
<cbid>service</cbid>
<seed>dd82f874ba510092738b26850d9fca3fdc46eb16c21e9f3f1e35b24679d426a8648e6077655703e7227d87cf004ee26b</seed>
<replay>
    <write><data>\xbe\xbe\xbe\xbe</data></write>
    <read><length>38</length><match><data>\x00\x00\x00\x00\x00\x00\x00\x00\x00\x00\x00\x00\x00\x00\x00\x00\x00\x00\x00\x00\x00\x00\x00\x00\x00\x00\x00\x00\x00\x00\x00\x00\x00\x00\x00\x00\x04\x04</data></match></read>
    <write><data>\x01\xee\x01\xee</data></write>
    <read><length>3</length><match><data>\x00\x04\x04</data></match></read>
    <write><data>\xbe\xbe\xbe\xbe</data></write>
    <read><length>38</length><match><data>\x00\x00\x00\x00\x00\x00\x00\x00\x00\x00\x00\x00\x00\x00\x00\x00\x00\x00\x00\x00\x00\x00\x00\x00\x00\x00\x00\x00\x00\x00\x00\x00\x00\x00\x00\x00\x04\x04</data></match></read>
    <write><data>\x01\xee\x01\xee</data></write>
    <read><length>3</length><match><data>\x00\x04\x04</data></match></read>
    <write><data>\x0e\x0e\x0e\x0e</data></write>
    <write><data>\x00</data></write>
    <read><length>2</length><match><data>\x04\x04</data></match></read>
    <write><data>\xee\x01\xee\x01</data></write>
    <write><data>\x01\x00\x00\x00\x00</data></write>
    <read><length>3</length><match><data>\x01\x04\x04</data></match></read>
    <write><data>\xee\x01\xee\x01</data></write>
    <write><data>\x08\x01\x00\x00\x00\x02\x00\x00\x00\x03\x00\x00\x00\x04\x00\x00\x00\x05\x00\x00\x00\x06\x00\x00\x00\x07\x00\x00\x00\x08\x00\x00\x00</data></write>
    <read><length>3</length><match><data>\x08\x04\x04</data></match></read>
    <write><data>\xbe\xbe\xbe\xbe</data></write>
    <read><length>38</length><match><data>\x01\x00\x00\x00\x01\x00\x00\x00\x00\x00\x00\x00\x00\x00\x00\x00\x00\x00\x00\x00\x00\x00\x00\x00\x00\x00\x00\x00\x00\x00\x00\x00\x00\x00\x00\x00\x04\x04</data></match></read>
    <write><data>\xbe\xbe\xbe\xbe</data></write>
    <read><length>38</length><match><data>\x01\x00\x00\x00\x01\x00\x00\x00\x00\x00\x00\x00\x00\x00\x00\x00\x00\x00\x00\x00\x00\x00\x00\x00\x00\x00\x00\x00\x00\x00\x00\x00\x00\x00\x00\x00\x04\x04</data></match></read>
    <write><data>\xee\x01\xee\x01</data></write>
    <write><data>\x02\x09\x00\x00\x00\x0a\x00\x00\x00</data></write>
    <read><length>3</length><match><data>\x02\x04\x04</data></match></read>
    <write><data>\xbe\xbe\xbe\xbe</data></write>
    <read><length>38</length><match><data>\x01\x00\x00\x00\x01\x00\x00\x00\x01\x00\x00\x00\x00\x00\x00\x00\x00\x00\x00\x00\x00\x00\x00\x00\x00\x00\x00\x00\x00\x00\x00\x00\x00\x00\x00\x00\x04\x04</data></match></read>
    <write><data>\xee\x01\xee\x01</data></write>
    <write><data>\x06\x0b\x00\x00\x00\x0c\x00\x00\x00\x0d\x00\x00\x00\x0e\x00\x00\x00\x0f\x00\x00\x00\x10\x00\x00\x00</data></write>
    <read><length>3</length><match><data>\x06\x04\x04</data></match></read>
    <write><data>\x01\xee\x01\xee</data></write>
    <read><length>547</length><match><data>\x11\x01\x00\x00\x00\x00\x00\x00\x00\x00\x00\x00\x00JhDmBevCueHq\x00\x00\x00\x00\x00\x00\x00\x00\x02\x00\x00\x00\x01\x00\x00\x00\x00\x00\x00\x00vSyFUX\x00\x00\x00\x00\x00\x00\x00\x00\x00\x00\x00\x00\x00\x00\x02\x00\x00\x00\x02\x00\x00\x00\x00\x00\x00\x00BfJB\x00\x00\x00\x00\x00\x00\x00\x00\x00\x00\x00\x00\x00\x00\x00\x00\x02\x00\x00\x00\x03\x00\x00\x00\x00\x00\x00\x00bdQ\x00\x00\x00\x00\x00\x00\x00\x00\x00\x00\x00\x00\x00\x00\x00\x00\x00\x02\x00\x00\x00\x04\x00\x00\x00\x00\x00\x00\x00YMiRPnuTZ\x00\x00\x00\x00\x00\x00\x00\x00\x00\x00\x00\x02\x00\x00\x00\x05\x00\x00\x00\x00\x00\x00\x00MAEwIQ\x00\x00\x00\x00\x00\x00\x00\x00\x00\x00\x00\x00\x00\x00\x02\x00\x00\x00\x06\x00\x00\x00\x00\x00\x00\x00exxhtKZQ\x00\x00\x00\x00\x00\x00\x00\x00\x00\x00\x00\x00\x02\x00\x00\x00\x07\x00\x00\x00\x00\x00\x00\x00eDsELei\x00\x00\x00\x00\x00\x00\x00\x00\x00\x00\x00\x00\x00\x02\x00\x00\x00\x08\x00\x00\x00\x00\x00\x00\x00WSpBFJFOZgwszDffv\x00\x00\x00\x03\x00\x00\x00\x09\x00\x00\x00\x00\x00\x00\x00wTopgFWuWqFm\x00\x00\x00\x00\x00\x00\x00\x00\x03\x00\x00\x00\x0a\x00\x00\x00\x00\x00\x00\x00OJGbM\x00\x00\x00\x00\x00\x00\x00\x00\x00\x00\x00\x00\x00\x00\x00\x04\x00\x00\x00\x0b\x00\x00\x00\x00\x00\x00\x00JhDmBevCueHq\x00\x00\x00\x00\x00\x00\x00\x00\x04\x00\x00\x00\x0c\x00\x00\x00\x00\x00\x00\x00JhDmBevCueHq\x00\x00\x00\x00\x00\x00\x00\x00\x04\x00\x00\x00\x0d\x00\x00\x00\x00\x00\x00\x00cSOLkHLjNiSr\x00\x00\x00\x00\x00\x00\x00\x00\x04\x00\x00\x00\x0e\x00\x00\x00\x00\x00\x00\x00tMyziPnmnv\x00\x00\x00\x00\x00\x00\x00\x00\x00\x00\x04\x00\x00\x00\x0f\x00\x00\x00\x00\x00\x00\x00Jdubqqhp\x00\x00\x00\x00\x00\x00\x00\x00\x00\x00\x00\x00\x05\x00\x00\x00\x10\x00\x00\x00\x00\x00\x00\x00koaVbUY\x00\x00\x00\x00\x00\x00\x00\x00\x00\x00\x00\x00\x00\x04\x04</data></match></read>
    <write><data>\x0e\x0e\x0e\x0e</data></write>
    <write><data>\x11\x05\x00\x00\x00\x10\x00\x00\x00\x00\x00\x00\x00koaVbUY\x00\x00\x00\x00\x00\x00\x00\x00\x00\x00\x00\x00\x00\x04\x00\x00\x00\x0f\x00\x00\x00\x00\x00\x00\x00Jdubqqhp\x00\x00\x00\x00\x00\x00\x00\x00\x00\x00\x00\x00\x04\x00\x00\x00\x0e\x00\x00\x00\x00\x00\x00\x00tMyziPnmnv\x00\x00\x00\x00\x00\x00\x00\x00\x00\x00\x04\x00\x00\x00\x0d\x00\x00\x00\x00\x00\x00\x00cSOLkHLjNiSr\x00\x00\x00\x00\x00\x00\x00\x00\x04\x00\x00\x00\x0c\x00\x00\x00\x00\x00\x00\x00JhDmBevCueHq\x00\x00\x00\x00\x00\x00\x00\x00\x04\x00\x00\x00\x0b\x00\x00\x00\x00\x00\x00\x00JhDmBevCueHq\x00\x00\x00\x00\x00\x00\x00\x00\x03\x00\x00\x00\x0a\x00\x00\x00\x00\x00\x00\x00OJGbM\x00\x00\x00\x00\x00\x00\x00\x00\x00\x00\x00\x00\x00\x00\x00\x03\x00\x00\x00\x09\x00\x00\x00\x00\x00\x00\x00wTopgFWuWqFm\x00\x00\x00\x00\x00\x00\x00\x00\x02\x00\x00\x00\x08\x00\x00\x00\x00\x00\x00\x00WSpBFJFOZgwszDffv\x00\x00\x00\x02\x00\x00\x00\x07\x00\x00\x00\x00\x00\x00\x00eDsELei\x00\x00\x00\x00\x00\x00\x00\x00\x00\x00\x00\x00\x00\x02\x00\x00\x00\x06\x00\x00\x00\x00\x00\x00\x00exxhtKZQ\x00\x00\x00\x00\x00\x00\x00\x00\x00\x00\x00\x00\x02\x00\x00\x00\x05\x00\x00\x00\x00\x00\x00\x00MAEwIQ\x00\x00\x00\x00\x00\x00\x00\x00\x00\x00\x00\x00\x00\x00\x02\x00\x00\x00\x04\x00\x00\x00\x00\x00\x00\x00YMiRPnuTZ\x00\x00\x00\x00\x00\x00\x00\x00\x00\x00\x00\x02\x00\x00\x00\x03\x00\x00\x00\x00\x00\x00\x00bdQ\x00\x00\x00\x00\x00\x00\x00\x00\x00\x00\x00\x00\x00\x00\x00\x00\x00\x02\x00\x00\x00\x02\x00\x00\x00\x00\x00\x00\x00BfJB\x00\x00\x00\x00\x00\x00\x00\x00\x00\x00\x00\x00\x00\x00\x00\x00\x02\x00\x00\x00\x01\x00\x00\x00\x00\x00\x00\x00vSyFUX\x00\x00\x00\x00\x00\x00\x00\x00\x00\x00\x00\x00\x00\x00\x01\x00\x00\x00\x00\x00\x00\x00\x00\x00\x00\x00JhDmBevCueHq\x00\x00\x00\x00\x00\x00\x00\x00</data></write>
    <read><length>2</length><match><data>\x04\x04</data></match></read>
    <write><data>\x01\xee\x01\xee</data></write>
    <read><length>1567</length><match><data>\x11\x01\x00\x00\x00\x00\x00\x00\x00\x01\x00\x00\x00HakKrdXeRCpQJ\x00\x00\x00\x00\x00\x00\x00FKnGclTRQFvjz\x00\x00\x00\x00\x00\x00\x00vJpUnutIkgpm\x00\x00\x00\x00\x00\x00\x00\x00bLsFqgMw\x00\x00\x00\x00\x00\x00\x00\x00\x00\x00\x00\x00\x02\x00\x00\x00\x01\x00\x00\x00\x01\x00\x00\x00QjLlpYhdEwffGsyObxr\x00mIUZITpftBvcMifY\x00\x00\x00\x00EqSfGGewaUntOuFNlRQ\x00zWOFfCwKkwDTnIFX\x00\x00\x00\x00\x02\x00\x00\x00\x02\x00\x00\x00\x01\x00\x00\x00HBjxBFrofPKcLh\x00\x00\x00\x00\x00\x00HQXkYe\x00\x00\x00\x00\x00\x00\x00\x00\x00\x00\x00\x00\x00\x00HVtZCfTbqD\x00\x00\x00\x00\x00\x00\x00\x00\x00\x00TrkhFsCcoSRkwftoT\x00\x00\x00\x02\x00\x00\x00\x03\x00\x00\x00\x01\x00\x00\x00cwoMLL\x00\x00\x00\x00\x00\x00\x00\x00\x00\x00\x00\x00\x00\x00sKykXwqm\x00\x00\x00\x00\x00\x00\x00\x00\x00\x00\x00\x00NXaG\x00\x00\x00\x00\x00\x00\x00\x00\x00\x00\x00\x00\x00\x00\x00\x00qryLVWWEwEx\x00\x00\x00\x00\x00\x00\x00\x00\x00\x02\x00\x00\x00\x04\x00\x00\x00\x01\x00\x00\x00FyYzVa\x00\x00\x00\x00\x00\x00\x00\x00\x00\x00\x00\x00\x00\x00X\x00\x00\x00\x00\x00\x00\x00\x00\x00\x00\x00\x00\x00\x00\x00\x00\x00\x00\x00ImwYuQymbIIGAb\x00\x00\x00\x00\x00\x00vZmZhVnBnTwEUnuNKAh\x00\x02\x00\x00\x00\x05\x00\x00\x00\x01\x00\x00\x00zkbsnHsQYNpgrMw\x00\x00\x00\x00\x00TgHn\x00\x00\x00\x00\x00\x00\x00\x00\x00\x00\x00\x00\x00\x00\x00\x00PrzysxmuxvWGic\x00\x00\x00\x00\x00\x00LLEdnN\x00\x00\x00\x00\x00\x00\x00\x00\x00\x00\x00\x00\x00\x00\x02\x00\x00\x00\x06\x00\x00\x00\x01\x00\x00\x00QblFGrOfyuS\x00\x00\x00\x00\x00\x00\x00\x00\x00T\x00\x00\x00\x00\x00\x00\x00\x00\x00\x00\x00\x00\x00\x00\x00\x00\x00\x00\x00BZzN\x00\x00\x00\x00\x00\x00\x00\x00\x00\x00\x00\x00\x00\x00\x00\x00GtrPWzKW\x00\x00\x00\x00\x00\x00\x00\x00\x00\x00\x00\x00\x02\x00\x00\x00\x07\x00\x00\x00\x01\x00\x00\x00eZlRse\x00\x00\x00\x00\x00\x00\x00\x00\x00\x00\x00\x00\x00\x00NTOvguiPgjPlEc\x00\x00\x00\x00\x00\x00RDyNWXZu\x00\x00\x00\x00\x00\x00\x00\x00\x00\x00\x00\x00gPRF\x00\x00\x00\x00\x00\x00\x00\x00\x00\x00\x00\x00\x00\x00\x00\x00\x02\x00\x00\x00\x08\x00\x00\x00\x01\x00\x00\x00XLmGtNwx\x00\x00\x00\x00\x00\x00\x00\x00\x00\x00\x00\x00DRgdveNnWklqvg\x00\x00\x00\x00\x00\x00peSjRFwkVUTWaBqkUZc\x00vEicQun\x00\x00\x00\x00\x00\x00\x00\x00\x00\x00\x00\x00\x00\x03\x00\x00\x00\x09\x00\x00\x00\x01\x00\x00\x00DvCF\x00\x00\x00\x00\x00\x00\x00\x00\x00\x00\x00\x00\x00\x00\x00\x00pHIEymqeAycJijjFFk\x00\x00e\x00\x00\x00\x00\x00\x00\x00\x00\x00\x00\x00\x00\x00\x00\x00\x00\x00\x00\x00IyWZnR\x00\x00\x00\x00\x00\x00\x00\x00\x00\x00\x00\x00\x00\x00\x03\x00\x00\x00\x0a\x00\x00\x00\x01\x00\x00\x00MW\x00\x00\x00\x00\x00\x00\x00\x00\x00\x00\x00\x00\x00\x00\x00\x00\x00\x00pVAbrgTmfsf\x00\x00\x00\x00\x00\x00\x00\x00\x00NDkwNvbbHkmg\x00\x00\x00\x00\x00\x00\x00\x00eqlYvUouwSFcet\x00\x00\x00\x00\x00\x00\x04\x00\x00\x00\x0b\x00\x00\x00\x01\x00\x00\x00HakKrdXeRCpQJ\x00\x00\x00\x00\x00\x00\x00FKnGclTRQFvjz\x00\x00\x00\x00\x00\x00\x00vJpUnutIkgpm\x00\x00\x00\x00\x00\x00\x00\x00bLsFqgMw\x00\x00\x00\x00\x00\x00\x00\x00\x00\x00\x00\x00\x04\x00\x00\x00\x0c\x00\x00\x00\x01\x00\x00\x00HakKrdXeRCpQJ\x00\x00\x00\x00\x00\x00\x00FKnGclTRQFvjz\x00\x00\x00\x00\x00\x00\x00vJpUnutIkgpm\x00\x00\x00\x00\x00\x00\x00\x00bLsFqgMw\x00\x00\x00\x00\x00\x00\x00\x00\x00\x00\x00\x00\x04\x00\x00\x00\x0d\x00\x00\x00\x01\x00\x00\x00vhKkoZ\x00\x00\x00\x00\x00\x00\x00\x00\x00\x00\x00\x00\x00\x00QluJoiBdiPSjTREbfCV\x00RGqRxjI\x00\x00\x00\x00\x00\x00\x00\x00\x00\x00\x00\x00\x00jdoZXCoKrCHis\x00\x00\x00\x00\x00\x00\x00\x04\x00\x00\x00\x0e\x00\x00\x00\x01\x00\x00\x00kcIlkHphxKeZWiyh\x00\x00\x00\x00wAkD\x00\x00\x00\x00\x00\x00\x00\x00\x00\x00\x00\x00\x00\x00\x00\x00oNKz\x00\x00\x00\x00\x00\x00\x00\x00\x00\x00\x00\x00\x00\x00\x00\x00QlpxCsSSsfAsT\x00\x00\x00\x00\x00\x00\x00\x04\x00\x00\x00\x0f\x00\x00\x00\x01\x00\x00\x00cGsWHxAeFkByvPuAnb\x00\x00u\x00\x00\x00\x00\x00\x00\x00\x00\x00\x00\x00\x00\x00\x00\x00\x00\x00\x00\x00UYBeUiccXeIdacmo\x00\x00\x00\x00skLRiJW\x00\x00\x00\x00\x00\x00\x00\x00\x00\x00\x00\x00\x00\x05\x00\x00\x00\x10\x00\x00\x00\x01\x00\x00\x00E\x00\x00\x00\x00\x00\x00\x00\x00\x00\x00\x00\x00\x00\x00\x00\x00\x00\x00\x00AtjGgIxYASTCOC\x00\x00\x00\x00\x00\x00aOVAVDAvqbpKPQzs\x00\x00\x00\x00GTzDwFtOZBGsbbM\x00\x00\x00\x00\x00\x04\x04</data></match></read>
    <write><data>\x0e\x0e\x0e\x0e</data></write>
    <write><data>\x11\x05\x00\x00\x00\x10\x00\x00\x00\x01\x00\x00\x00E\x00\x00\x00\x00\x00\x00\x00\x00\x00\x00\x00\x00\x00\x00\x00\x00\x00\x00\x00AtjGgIxYASTCOC\x00\x00\x00\x00\x00\x00aOVAVDAvqbpKPQzs\x00\x00\x00\x00GTzDwFtOZBGsbbM\x00\x00\x00\x00\x00\x04\x00\x00\x00\x0f\x00\x00\x00\x01\x00\x00\x00cGsWHxAeFkByvPuAnb\x00\x00u\x00\x00\x00\x00\x00\x00\x00\x00\x00\x00\x00\x00\x00\x00\x00\x00\x00\x00\x00UYBeUiccXeIdacmo\x00\x00\x00\x00skLRiJW\x00\x00\x00\x00\x00\x00\x00\x00\x00\x00\x00\x00\x00\x04\x00\x00\x00\x0e\x00\x00\x00\x01\x00\x00\x00kcIlkHphxKeZWiyh\x00\x00\x00\x00wAkD\x00\x00\x00\x00\x00\x00\x00\x00\x00\x00\x00\x00\x00\x00\x00\x00oNKz\x00\x00\x00\x00\x00\x00\x00\x00\x00\x00\x00\x00\x00\x00\x00\x00QlpxCsSSsfAsT\x00\x00\x00\x00\x00\x00\x00\x04\x00\x00\x00\x0d\x00\x00\x00\x01\x00\x00\x00vhKkoZ\x00\x00\x00\x00\x00\x00\x00\x00\x00\x00\x00\x00\x00\x00QluJoiBdiPSjTREbfCV\x00RGqRxjI\x00\x00\x00\x00\x00\x00\x00\x00\x00\x00\x00\x00\x00jdoZXCoKrCHis\x00\x00\x00\x00\x00\x00\x00\x04\x00\x00\x00\x0c\x00\x00\x00\x01\x00\x00\x00HakKrdXeRCpQJ\x00\x00\x00\x00\x00\x00\x00FKnGclTRQFvjz\x00\x00\x00\x00\x00\x00\x00vJpUnutIkgpm\x00\x00\x00\x00\x00\x00\x00\x00bLsFqgMw\x00\x00\x00\x00\x00\x00\x00\x00\x00\x00\x00\x00\x04\x00\x00\x00\x0b\x00\x00\x00\x01\x00\x00\x00HakKrdXeRCpQJ\x00\x00\x00\x00\x00\x00\x00FKnGclTRQFvjz\x00\x00\x00\x00\x00\x00\x00vJpUnutIkgpm\x00\x00\x00\x00\x00\x00\x00\x00bLsFqgMw\x00\x00\x00\x00\x00\x00\x00\x00\x00\x00\x00\x00\x03\x00\x00\x00\x0a\x00\x00\x00\x01\x00\x00\x00MW\x00\x00\x00\x00\x00\x00\x00\x00\x00\x00\x00\x00\x00\x00\x00\x00\x00\x00pVAbrgTmfsf\x00\x00\x00\x00\x00\x00\x00\x00\x00NDkwNvbbHkmg\x00\x00\x00\x00\x00\x00\x00\x00eqlYvUouwSFcet\x00\x00\x00\x00\x00\x00\x03\x00\x00\x00\x09\x00\x00\x00\x01\x00\x00\x00DvCF\x00\x00\x00\x00\x00\x00\x00\x00\x00\x00\x00\x00\x00\x00\x00\x00pHIEymqeAycJijjFFk\x00\x00e\x00\x00\x00\x00\x00\x00\x00\x00\x00\x00\x00\x00\x00\x00\x00\x00\x00\x00\x00IyWZnR\x00\x00\x00\x00\x00\x00\x00\x00\x00\x00\x00\x00\x00\x00\x02\x00\x00\x00\x08\x00\x00\x00\x01\x00\x00\x00XLmGtNwx\x00\x00\x00\x00\x00\x00\x00\x00\x00\x00\x00\x00DRgdveNnWklqvg\x00\x00\x00\x00\x00\x00peSjRFwkVUTWaBqkUZc\x00vEicQun\x00\x00\x00\x00\x00\x00\x00\x00\x00\x00\x00\x00\x00\x02\x00\x00\x00\x07\x00\x00\x00\x01\x00\x00\x00eZlRse\x00\x00\x00\x00\x00\x00\x00\x00\x00\x00\x00\x00\x00\x00NTOvguiPgjPlEc\x00\x00\x00\x00\x00\x00RDyNWXZu\x00\x00\x00\x00\x00\x00\x00\x00\x00\x00\x00\x00gPRF\x00\x00\x00\x00\x00\x00\x00\x00\x00\x00\x00\x00\x00\x00\x00\x00\x02\x00\x00\x00\x06\x00\x00\x00\x01\x00\x00\x00QblFGrOfyuS\x00\x00\x00\x00\x00\x00\x00\x00\x00T\x00\x00\x00\x00\x00\x00\x00\x00\x00\x00\x00\x00\x00\x00\x00\x00\x00\x00\x00BZzN\x00\x00\x00\x00\x00\x00\x00\x00\x00\x00\x00\x00\x00\x00\x00\x00GtrPWzKW\x00\x00\x00\x00\x00\x00\x00\x00\x00\x00\x00\x00\x02\x00\x00\x00\x05\x00\x00\x00\x01\x00\x00\x00zkbsnHsQYNpgrMw\x00\x00\x00\x00\x00TgHn\x00\x00\x00\x00\x00\x00\x00\x00\x00\x00\x00\x00\x00\x00\x00\x00PrzysxmuxvWGic\x00\x00\x00\x00\x00\x00LLEdnN\x00\x00\x00\x00\x00\x00\x00\x00\x00\x00\x00\x00\x00\x00\x02\x00\x00\x00\x04\x00\x00\x00\x01\x00\x00\x00FyYzVa\x00\x00\x00\x00\x00\x00\x00\x00\x00\x00\x00\x00\x00\x00X\x00\x00\x00\x00\x00\x00\x00\x00\x00\x00\x00\x00\x00\x00\x00\x00\x00\x00\x00ImwYuQymbIIGAb\x00\x00\x00\x00\x00\x00vZmZhVnBnTwEUnuNKAh\x00\x02\x00\x00\x00\x03\x00\x00\x00\x01\x00\x00\x00cwoMLL\x00\x00\x00\x00\x00\x00\x00\x00\x00\x00\x00\x00\x00\x00sKykXwqm\x00\x00\x00\x00\x00\x00\x00\x00\x00\x00\x00\x00NXaG\x00\x00\x00\x00\x00\x00\x00\x00\x00\x00\x00\x00\x00\x00\x00\x00qryLVWWEwEx\x00\x00\x00\x00\x00\x00\x00\x00\x00\x02\x00\x00\x00\x02\x00\x00\x00\x01\x00\x00\x00HBjxBFrofPKcLh\x00\x00\x00\x00\x00\x00HQXkYe\x00\x00\x00\x00\x00\x00\x00\x00\x00\x00\x00\x00\x00\x00HVtZCfTbqD\x00\x00\x00\x00\x00\x00\x00\x00\x00\x00TrkhFsCcoSRkwftoT\x00\x00\x00\x02\x00\x00\x00\x01\x00\x00\x00\x01\x00\x00\x00QjLlpYhdEwffGsyObxr\x00mIUZITpftBvcMifY\x00\x00\x00\x00EqSfGGewaUntOuFNlRQ\x00zWOFfCwKkwDTnIFX\x00\x00\x00\x00\x01\x00\x00\x00\x00\x00\x00\x00\x01\x00\x00\x00HakKrdXeRCpQJ\x00\x00\x00\x00\x00\x00\x00FKnGclTRQFvjz\x00\x00\x00\x00\x00\x00\x00vJpUnutIkgpm\x00\x00\x00\x00\x00\x00\x00\x00bLsFqgMw\x00\x00\x00\x00\x00\x00\x00\x00\x00\x00\x00\x00</data></write>
    <read><length>2</length><match><data>\x04\x04</data></match></read>
    <write><data>\x01\xee\x01\xee</data></write>
    <read><length>547</length><match><data>\x11\x01\x00\x00\x00\x00\x00\x00\x00\x02\x00\x00\x00m\x00\x00\x00\x00\x00\x00\x00\x00\x00\x00\x00\x00\x00\x00\x00\x00\x00\x00\x00\x02\x00\x00\x00\x01\x00\x00\x00\x02\x00\x00\x00YZdBWVBsuGQ\x00\x00\x00\x00\x00\x00\x00\x00\x00\x02\x00\x00\x00\x02\x00\x00\x00\x02\x00\x00\x00YQOfPYMomTxSMKIZJPj\x00\x02\x00\x00\x00\x03\x00\x00\x00\x02\x00\x00\x00VSJGQCLjpWi\x00\x00\x00\x00\x00\x00\x00\x00\x00\x02\x00\x00\x00\x04\x00\x00\x00\x02\x00\x00\x00JnOZlrmpv\x00\x00\x00\x00\x00\x00\x00\x00\x00\x00\x00\x02\x00\x00\x00\x05\x00\x00\x00\x02\x00\x00\x00CrBjW\x00\x00\x00\x00\x00\x00\x00\x00\x00\x00\x00\x00\x00\x00\x00\x02\x00\x00\x00\x06\x00\x00\x00\x02\x00\x00\x00FZSdmjxmSVL\x00\x00\x00\x00\x00\x00\x00\x00\x00\x02\x00\x00\x00\x07\x00\x00\x00\x02\x00\x00\x00xvvfIjwJxxoX\x00\x00\x00\x00\x00\x00\x00\x00\x02\x00\x00\x00\x08\x00\x00\x00\x02\x00\x00\x00EcVatQDxgHwEwd\x00\x00\x00\x00\x00\x00\x03\x00\x00\x00\x09\x00\x00\x00\x02\x00\x00\x00cOkXtVctEuoeCFHQGzT\x00\x03\x00\x00\x00\x0a\x00\x00\x00\x02\x00\x00\x00yQyOP\x00\x00\x00\x00\x00\x00\x00\x00\x00\x00\x00\x00\x00\x00\x00\x04\x00\x00\x00\x0b\x00\x00\x00\x02\x00\x00\x00m\x00\x00\x00\x00\x00\x00\x00\x00\x00\x00\x00\x00\x00\x00\x00\x00\x00\x00\x00\x04\x00\x00\x00\x0c\x00\x00\x00\x02\x00\x00\x00m\x00\x00\x00\x00\x00\x00\x00\x00\x00\x00\x00\x00\x00\x00\x00\x00\x00\x00\x00\x04\x00\x00\x00\x0d\x00\x00\x00\x02\x00\x00\x00OLgmcumpKx\x00\x00\x00\x00\x00\x00\x00\x00\x00\x00\x04\x00\x00\x00\x0e\x00\x00\x00\x02\x00\x00\x00UalYcxsnHdUOwB\x00\x00\x00\x00\x00\x00\x04\x00\x00\x00\x0f\x00\x00\x00\x02\x00\x00\x00ejxWijyBhfjzOi\x00\x00\x00\x00\x00\x00\x05\x00\x00\x00\x10\x00\x00\x00\x02\x00\x00\x00suwkMLdoZTwWHsivcVs\x00\x04\x04</data></match></read>
    <write><data>\x0e\x0e\x0e\x0e</data></write>
    <write><data>\x11\x05\x00\x00\x00\x10\x00\x00\x00\x02\x00\x00\x00suwkMLdoZTwWHsivcVs\x00\x04\x00\x00\x00\x0f\x00\x00\x00\x02\x00\x00\x00ejxWijyBhfjzOi\x00\x00\x00\x00\x00\x00\x04\x00\x00\x00\x0e\x00\x00\x00\x02\x00\x00\x00UalYcxsnHdUOwB\x00\x00\x00\x00\x00\x00\x04\x00\x00\x00\x0d\x00\x00\x00\x02\x00\x00\x00OLgmcumpKx\x00\x00\x00\x00\x00\x00\x00\x00\x00\x00\x04\x00\x00\x00\x0c\x00\x00\x00\x02\x00\x00\x00m\x00\x00\x00\x00\x00\x00\x00\x00\x00\x00\x00\x00\x00\x00\x00\x00\x00\x00\x00\x04\x00\x00\x00\x0b\x00\x00\x00\x02\x00\x00\x00m\x00\x00\x00\x00\x00\x00\x00\x00\x00\x00\x00\x00\x00\x00\x00\x00\x00\x00\x00\x03\x00\x00\x00\x0a\x00\x00\x00\x02\x00\x00\x00yQyOP\x00\x00\x00\x00\x00\x00\x00\x00\x00\x00\x00\x00\x00\x00\x00\x03\x00\x00\x00\x09\x00\x00\x00\x02\x00\x00\x00cOkXtVctEuoeCFHQGzT\x00\x02\x00\x00\x00\x08\x00\x00\x00\x02\x00\x00\x00EcVatQDxgHwEwd\x00\x00\x00\x00\x00\x00\x02\x00\x00\x00\x07\x00\x00\x00\x02\x00\x00\x00xvvfIjwJxxoX\x00\x00\x00\x00\x00\x00\x00\x00\x02\x00\x00\x00\x06\x00\x00\x00\x02\x00\x00\x00FZSdmjxmSVL\x00\x00\x00\x00\x00\x00\x00\x00\x00\x02\x00\x00\x00\x05\x00\x00\x00\x02\x00\x00\x00CrBjW\x00\x00\x00\x00\x00\x00\x00\x00\x00\x00\x00\x00\x00\x00\x00\x02\x00\x00\x00\x04\x00\x00\x00\x02\x00\x00\x00JnOZlrmpv\x00\x00\x00\x00\x00\x00\x00\x00\x00\x00\x00\x02\x00\x00\x00\x03\x00\x00\x00\x02\x00\x00\x00VSJGQCLjpWi\x00\x00\x00\x00\x00\x00\x00\x00\x00\x02\x00\x00\x00\x02\x00\x00\x00\x02\x00\x00\x00YQOfPYMomTxSMKIZJPj\x00\x02\x00\x00\x00\x01\x00\x00\x00\x02\x00\x00\x00YZdBWVBsuGQ\x00\x00\x00\x00\x00\x00\x00\x00\x00\x01\x00\x00\x00\x00\x00\x00\x00\x02\x00\x00\x00m\x00\x00\x00\x00\x00\x00\x00\x00\x00\x00\x00\x00\x00\x00\x00\x00\x00\x00\x00</data></write>
    <read><length>2</length><match><data>\x04\x04</data></match></read>
    <write><data>\xb0\x01\xb0\x01</data></write>
    <read><length>2</length><match><data>DD</data></match></read>
</replay>
</pov>