<?xml version="1.0" standalone="no" ?>
<!DOCTYPE pov SYSTEM "/usr/share/cgc-docs/replay.dtd">
<pov>
<cbid>service</cbid>
<seed>b6220199c0ea1b1da53cdeb72bf521600e92b74da75d10ee3a6e255927347393d9417c2e4eca75f0161bd7ab814d60a2</seed>
<replay>
    <write><data>\xbe\xbe\xbe\xbe</data></write>
    <read><length>38</length><match><data>\x00\x00\x00\x00\x00\x00\x00\x00\x00\x00\x00\x00\x00\x00\x00\x00\x00\x00\x00\x00\x00\x00\x00\x00\x00\x00\x00\x00\x00\x00\x00\x00\x00\x00\x00\x00\x04\x04</data></match></read>
    <write><data>\xbb\x11\x11\xbb</data></write>
    <read><length>3</length><match><data>\x00\x04\x04</data></match></read>
    <write><data>\x0e\x0e\x0e\x0e</data></write>
    <write><data>\x00</data></write>
    <read><length>2</length><match><data>\x04\x04</data></match></read>
    <write><data>\xbe\xbe\xbe\xbe</data></write>
    <read><length>38</length><match><data>\x00\x00\x00\x00\x00\x00\x00\x00\x00\x00\x00\x00\x00\x00\x00\x00\x00\x00\x00\x00\x00\x00\x00\x00\x00\x00\x00\x00\x00\x00\x00\x00\x00\x00\x00\x00\x04\x04</data></match></read>
    <write><data>\x01\xee\x01\xee</data></write>
    <read><length>3</length><match><data>\x00\x04\x04</data></match></read>
    <write><data>\xee\x01\xee\x01</data></write>
    <write><data>\x00</data></write>
    <read><length>3</length><match><data>\x00\x04\x04</data></match></read>
    <write><data>\x01\xee\x01\xee</data></write>
    <read><length>3</length><match><data>\x00\x04\x04</data></match></read>
    <write><data>\x0e\x0e\x0e\x0e</data></write>
    <write><data>\x00</data></write>
    <read><length>2</length><match><data>\x04\x04</data></match></read>
    <write><data>\x01\xee\x01\xee</data></write>
    <read><length>3</length><match><data>\x00\x04\x04</data></match></read>
    <write><data>\x0e\x0e\x0e\x0e</data></write>
    <write><data>\x00</data></write>
    <read><length>2</length><match><data>\x04\x04</data></match></read>
    <write><data>\x01\xee\x01\xee</data></write>
    <read><length>3</length><match><data>\x00\x04\x04</data></match></read>
    <write><data>\x0e\x0e\x0e\x0e</data></write>
    <write><data>\x00</data></write>
    <read><length>2</length><match><data>\x04\x04</data></match></read>
    <write><data>\xbb\x11\x11\xbb</data></write>
    <read><length>3</length><match><data>\x00\x04\x04</data></match></read>
    <write><data>\x01\xee\x01\xee</data></write>
    <read><length>3</length><match><data>\x00\x04\x04</data></match></read>
    <write><data>\xee\x01\xee\x01</data></write>
    <write><data>\x01\x00\x00\x00\x00</data></write>
    <read><length>3</length><match><data>\x01\x04\x04</data></match></read>
    <write><data>\x01\xee\x01\xee</data></write>
    <read><length>35</length><match><data>\x01\x01\x00\x00\x00\x00\x00\x00\x00\x00\x00\x00\x00OhPbcBnJFNBsfKxc\x00\x00\x00\x00\x04\x04</data></match></read>
    <write><data>\x0e\x0e\x0e\x0e</data></write>
    <write><data>\x01\x01\x00\x00\x00\x00\x00\x00\x00\x00\x00\x00\x00OhPbcBnJFNBsfKxc\x00\x00\x00\x00</data></write>
    <read><length>2</length><match><data>\x04\x04</data></match></read>
    <write><data>\x01\xee\x01\xee</data></write>
    <read><length>95</length><match><data>\x01\x01\x00\x00\x00\x00\x00\x00\x00\x01\x00\x00\x00wuXVqAIWyTbaeTq\x00\x00\x00\x00\x00ucayTRX\x00\x00\x00\x00\x00\x00\x00\x00\x00\x00\x00\x00\x00jLIxECdyrhWfwuhZ\x00\x00\x00\x00OFpbDRbVfx\x00\x00\x00\x00\x00\x00\x00\x00\x00\x00\x04\x04</data></match></read>
    <write><data>\x0e\x0e\x0e\x0e</data></write>
    <write><data>\x01\x01\x00\x00\x00\x00\x00\x00\x00\x01\x00\x00\x00wuXVqAIWyTbaeTq\x00\x00\x00\x00\x00ucayTRX\x00\x00\x00\x00\x00\x00\x00\x00\x00\x00\x00\x00\x00jLIxECdyrhWfwuhZ\x00\x00\x00\x00OFpbDRbVfx\x00\x00\x00\x00\x00\x00\x00\x00\x00\x00</data></write>
    <read><length>2</length><match><data>\x04\x04</data></match></read>
    <write><data>\x01\xee\x01\xee</data></write>
    <read><length>35</length><match><data>\x01\x01\x00\x00\x00\x00\x00\x00\x00\x02\x00\x00\x00jqkl\x00\x00\x00\x00\x00\x00\x00\x00\x00\x00\x00\x00\x00\x00\x00\x00\x04\x04</data></match></read>
    <write><data>\x0e\x0e\x0e\x0e</data></write>
    <write><data>\x01\x01\x00\x00\x00\x00\x00\x00\x00\x02\x00\x00\x00jqkl\x00\x00\x00\x00\x00\x00\x00\x00\x00\x00\x00\x00\x00\x00\x00\x00</data></write>
    <read><length>2</length><match><data>\x04\x04</data></match></read>
    <write><data>\xbb\x11\x11\xbb</data></write>
    <read><length>3</length><match><data>\x01\x04\x04</data></match></read>
    <write><data>\xee\x01\xee\x01</data></write>
    <write><data>\x07\x01\x00\x00\x00\x02\x00\x00\x00\x03\x00\x00\x00\x04\x00\x00\x00\x05\x00\x00\x00\x06\x00\x00\x00\x07\x00\x00\x00</data></write>
    <read><length>3</length><match><data>\x07\x04\x04</data></match></read>
    <write><data>\x01\xee\x01\xee</data></write>
    <read><length>227</length><match><data>\x07\x01\x00\x00\x00\x01\x00\x00\x00\x00\x00\x00\x00giSPcyLgGK\x00\x00\x00\x00\x00\x00\x00\x00\x00\x00\x01\x00\x00\x00\x02\x00\x00\x00\x00\x00\x00\x00KvBPV\x00\x00\x00\x00\x00\x00\x00\x00\x00\x00\x00\x00\x00\x00\x00\x01\x00\x00\x00\x03\x00\x00\x00\x00\x00\x00\x00koaVbUY\x00\x00\x00\x00\x00\x00\x00\x00\x00\x00\x00\x00\x00\x01\x00\x00\x00\x04\x00\x00\x00\x00\x00\x00\x00OJGbM\x00\x00\x00\x00\x00\x00\x00\x00\x00\x00\x00\x00\x00\x00\x00\x02\x00\x00\x00\x05\x00\x00\x00\x00\x00\x00\x00ZbWWNoNM\x00\x00\x00\x00\x00\x00\x00\x00\x00\x00\x00\x00\x02\x00\x00\x00\x06\x00\x00\x00\x00\x00\x00\x00ENGodOMkSCcdp\x00\x00\x00\x00\x00\x00\x00\x02\x00\x00\x00\x07\x00\x00\x00\x00\x00\x00\x00gBXDWHZEILFekw\x00\x00\x00\x00\x00\x00\x04\x04</data></match></read>
    <write><data>\xee\x01\xee\x01</data></write>
    <write><data>\x09\x08\x00\x00\x00\x09\x00\x00\x00\x0a\x00\x00\x00\x0b\x00\x00\x00\x0c\x00\x00\x00\x0d\x00\x00\x00\x0e\x00\x00\x00\x0f\x00\x00\x00\x10\x00\x00\x00</data></write>
    <read><length>3</length><match><data>\x09\x04\x04</data></match></read>
    <write><data>\x01\xee\x01\xee</data></write>
    <read><length>291</length><match><data>\x09\x03\x00\x00\x00\x08\x00\x00\x00\x00\x00\x00\x00dNlwfQlb\x00\x00\x00\x00\x00\x00\x00\x00\x00\x00\x00\x00\x03\x00\x00\x00\x09\x00\x00\x00\x00\x00\x00\x00OjZiYi\x00\x00\x00\x00\x00\x00\x00\x00\x00\x00\x00\x00\x00\x00\x03\x00\x00\x00\x0a\x00\x00\x00\x00\x00\x00\x00cSOLkHLjNiSr\x00\x00\x00\x00\x00\x00\x00\x00\x03\x00\x00\x00\x0b\x00\x00\x00\x00\x00\x00\x00dNlwfQlb\x00\x00\x00\x00\x00\x00\x00\x00\x00\x00\x00\x00\x03\x00\x00\x00\x0c\x00\x00\x00\x00\x00\x00\x00VsdLokjwQPOmqX\x00\x00\x00\x00\x00\x00\x03\x00\x00\x00\x0d\x00\x00\x00\x00\x00\x00\x00AnGOULFOGC\x00\x00\x00\x00\x00\x00\x00\x00\x00\x00\x03\x00\x00\x00\x0e\x00\x00\x00\x00\x00\x00\x00eJpMHmjqGbdtZTaC\x00\x00\x00\x00\x03\x00\x00\x00\x0f\x00\x00\x00\x00\x00\x00\x00OJGbM\x00\x00\x00\x00\x00\x00\x00\x00\x00\x00\x00\x00\x00\x00\x00\x03\x00\x00\x00\x10\x00\x00\x00\x00\x00\x00\x00uMcUfcpDItFDs\x00\x00\x00\x00\x00\x00\x00\x04\x04</data></match></read>
    <write><data>\xbe\xbe\xbe\xbe</data></write>
    <read><length>38</length><match><data>\x02\x00\x00\x00\x02\x00\x00\x00\x02\x00\x00\x00\x00\x00\x00\x00\x00\x00\x00\x00\x00\x00\x00\x00\x00\x00\x00\x00\x00\x00\x00\x00\x00\x00\x00\x00\x04\x04</data></match></read>
    <write><data>\xbb\x11\x11\xbb</data></write>
    <read><length>3</length><match><data>\x00\x04\x04</data></match></read>
    <write><data>\x01\xee\x01\xee</data></write>
    <read><length>3</length><match><data>\x00\x04\x04</data></match></read>
    <write><data>\xee\x01\xee\x01</data></write>
    <write><data>\x03\x11\x00\x00\x00\x12\x00\x00\x00\x13\x00\x00\x00</data></write>
    <read><length>3</length><match><data>\x03\x04\x04</data></match></read>
    <write><data>\x01\xee\x01\xee</data></write>
    <read><length>99</length><match><data>\x03\x04\x00\x00\x00\x11\x00\x00\x00\x00\x00\x00\x00jqBfeUjRYCpwb\x00\x00\x00\x00\x00\x00\x00\x04\x00\x00\x00\x12\x00\x00\x00\x00\x00\x00\x00OjZiYi\x00\x00\x00\x00\x00\x00\x00\x00\x00\x00\x00\x00\x00\x00\x04\x00\x00\x00\x13\x00\x00\x00\x00\x00\x00\x00irsRWLUz\x00\x00\x00\x00\x00\x00\x00\x00\x00\x00\x00\x00\x04\x04</data></match></read>
    <write><data>\x0e\x0e\x0e\x0e</data></write>
    <write><data>\x13\x04\x00\x00\x00\x13\x00\x00\x00\x00\x00\x00\x00irsRWLUz\x00\x00\x00\x00\x00\x00\x00\x00\x00\x00\x00\x00\x04\x00\x00\x00\x12\x00\x00\x00\x00\x00\x00\x00OjZiYi\x00\x00\x00\x00\x00\x00\x00\x00\x00\x00\x00\x00\x00\x00\x04\x00\x00\x00\x11\x00\x00\x00\x00\x00\x00\x00jqBfeUjRYCpwb\x00\x00\x00\x00\x00\x00\x00\x03\x00\x00\x00\x10\x00\x00\x00\x00\x00\x00\x00uMcUfcpDItFDs\x00\x00\x00\x00\x00\x00\x00\x03\x00\x00\x00\x0f\x00\x00\x00\x00\x00\x00\x00OJGbM\x00\x00\x00\x00\x00\x00\x00\x00\x00\x00\x00\x00\x00\x00\x00\x03\x00\x00\x00\x0e\x00\x00\x00\x00\x00\x00\x00eJpMHmjqGbdtZTaC\x00\x00\x00\x00\x03\x00\x00\x00\x0d\x00\x00\x00\x00\x00\x00\x00AnGOULFOGC\x00\x00\x00\x00\x00\x00\x00\x00\x00\x00\x03\x00\x00\x00\x0c\x00\x00\x00\x00\x00\x00\x00VsdLokjwQPOmqX\x00\x00\x00\x00\x00\x00\x03\x00\x00\x00\x0b\x00\x00\x00\x00\x00\x00\x00dNlwfQlb\x00\x00\x00\x00\x00\x00\x00\x00\x00\x00\x00\x00\x03\x00\x00\x00\x0a\x00\x00\x00\x00\x00\x00\x00cSOLkHLjNiSr\x00\x00\x00\x00\x00\x00\x00\x00\x03\x00\x00\x00\x09\x00\x00\x00\x00\x00\x00\x00OjZiYi\x00\x00\x00\x00\x00\x00\x00\x00\x00\x00\x00\x00\x00\x00\x03\x00\x00\x00\x08\x00\x00\x00\x00\x00\x00\x00dNlwfQlb\x00\x00\x00\x00\x00\x00\x00\x00\x00\x00\x00\x00\x02\x00\x00\x00\x07\x00\x00\x00\x00\x00\x00\x00gBXDWHZEILFekw\x00\x00\x00\x00\x00\x00\x02\x00\x00\x00\x06\x00\x00\x00\x00\x00\x00\x00ENGodOMkSCcdp\x00\x00\x00\x00\x00\x00\x00\x02\x00\x00\x00\x05\x00\x00\x00\x00\x00\x00\x00ZbWWNoNM\x00\x00\x00\x00\x00\x00\x00\x00\x00\x00\x00\x00\x01\x00\x00\x00\x04\x00\x00\x00\x00\x00\x00\x00OJGbM\x00\x00\x00\x00\x00\x00\x00\x00\x00\x00\x00\x00\x00\x00\x00\x01\x00\x00\x00\x03\x00\x00\x00\x00\x00\x00\x00koaVbUY\x00\x00\x00\x00\x00\x00\x00\x00\x00\x00\x00\x00\x00\x01\x00\x00\x00\x02\x00\x00\x00\x00\x00\x00\x00KvBPV\x00\x00\x00\x00\x00\x00\x00\x00\x00\x00\x00\x00\x00\x00\x00\x01\x00\x00\x00\x01\x00\x00\x00\x00\x00\x00\x00giSPcyLgGK\x00\x00\x00\x00\x00\x00\x00\x00\x00\x00</data></write>
    <read><length>2</length><match><data>\x04\x04</data></match></read>
    <write><data>\x0e\x0e\x0e\x0e</data></write>
    <write><data>\x00</data></write>
    <read><length>2</length><match><data>\x04\x04</data></match></read>
    <write><data>\x01\xee\x01\xee</data></write>
    <read><length>1751</length><match><data>\x13\x01\x00\x00\x00\x01\x00\x00\x00\x01\x00\x00\x00vbWrs\x00\x00\x00\x00\x00\x00\x00\x00\x00\x00\x00\x00\x00\x00\x00xWBdzcvZQTf\x00\x00\x00\x00\x00\x00\x00\x00\x00QdjRhFJ\x00\x00\x00\x00\x00\x00\x00\x00\x00\x00\x00\x00\x00UhIQDYCNZ\x00\x00\x00\x00\x00\x00\x00\x00\x00\x00\x00\x01\x00\x00\x00\x02\x00\x00\x00\x01\x00\x00\x00gbK\x00\x00\x00\x00\x00\x00\x00\x00\x00\x00\x00\x00\x00\x00\x00\x00\x00r\x00\x00\x00\x00\x00\x00\x00\x00\x00\x00\x00\x00\x00\x00\x00\x00\x00\x00\x00g\x00\x00\x00\x00\x00\x00\x00\x00\x00\x00\x00\x00\x00\x00\x00\x00\x00\x00\x00CHSfCaUqj\x00\x00\x00\x00\x00\x00\x00\x00\x00\x00\x00\x01\x00\x00\x00\x03\x00\x00\x00\x01\x00\x00\x00E\x00\x00\x00\x00\x00\x00\x00\x00\x00\x00\x00\x00\x00\x00\x00\x00\x00\x00\x00AtjGgIxYASTCOC\x00\x00\x00\x00\x00\x00aOVAVDAvqbpKPQzs\x00\x00\x00\x00GTzDwFtOZBGsbbM\x00\x00\x00\x00\x00\x01\x00\x00\x00\x04\x00\x00\x00\x01\x00\x00\x00MW\x00\x00\x00\x00\x00\x00\x00\x00\x00\x00\x00\x00\x00\x00\x00\x00\x00\x00pVAbrgTmfsf\x00\x00\x00\x00\x00\x00\x00\x00\x00NDkwNvbbHkmg\x00\x00\x00\x00\x00\x00\x00\x00eqlYvUouwSFcet\x00\x00\x00\x00\x00\x00\x02\x00\x00\x00\x05\x00\x00\x00\x01\x00\x00\x00Zj\x00\x00\x00\x00\x00\x00\x00\x00\x00\x00\x00\x00\x00\x00\x00\x00\x00\x00elHXoEkGJHTfXydBj\x00\x00\x00BkngOfUoTmqtHOMAsSC\x00XjMM\x00\x00\x00\x00\x00\x00\x00\x00\x00\x00\x00\x00\x00\x00\x00\x00\x02\x00\x00\x00\x06\x00\x00\x00\x01\x00\x00\x00IPZfoyxxrvYzwNmcndJ\x00HwOSnePDOXk\x00\x00\x00\x00\x00\x00\x00\x00\x00BNqrexKmxzwYqR\x00\x00\x00\x00\x00\x00ZzTFYA\x00\x00\x00\x00\x00\x00\x00\x00\x00\x00\x00\x00\x00\x00\x02\x00\x00\x00\x07\x00\x00\x00\x01\x00\x00\x00mCObWa\x00\x00\x00\x00\x00\x00\x00\x00\x00\x00\x00\x00\x00\x00An\x00\x00\x00\x00\x00\x00\x00\x00\x00\x00\x00\x00\x00\x00\x00\x00\x00\x00AFygdlesQryFQJPbBiq\x00gWvmtTG\x00\x00\x00\x00\x00\x00\x00\x00\x00\x00\x00\x00\x00\x03\x00\x00\x00\x08\x00\x00\x00\x01\x00\x00\x00KhVzoF\x00\x00\x00\x00\x00\x00\x00\x00\x00\x00\x00\x00\x00\x00TvAMOyYghpritkQKt\x00\x00\x00YlkFYBvSqtQxU\x00\x00\x00\x00\x00\x00\x00ossUKKxCsEPwAQuRc\x00\x00\x00\x03\x00\x00\x00\x09\x00\x00\x00\x01\x00\x00\x00mEOcRZWoWATCb\x00\x00\x00\x00\x00\x00\x00A\x00\x00\x00\x00\x00\x00\x00\x00\x00\x00\x00\x00\x00\x00\x00\x00\x00\x00\x00uX\x00\x00\x00\x00\x00\x00\x00\x00\x00\x00\x00\x00\x00\x00\x00\x00\x00\x00C\x00\x00\x00\x00\x00\x00\x00\x00\x00\x00\x00\x00\x00\x00\x00\x00\x00\x00\x00\x03\x00\x00\x00\x0a\x00\x00\x00\x01\x00\x00\x00vhKkoZ\x00\x00\x00\x00\x00\x00\x00\x00\x00\x00\x00\x00\x00\x00QluJoiBdiPSjTREbfCV\x00RGqRxjI\x00\x00\x00\x00\x00\x00\x00\x00\x00\x00\x00\x00\x00jdoZXCoKrCHis\x00\x00\x00\x00\x00\x00\x00\x03\x00\x00\x00\x0b\x00\x00\x00\x01\x00\x00\x00KhVzoF\x00\x00\x00\x00\x00\x00\x00\x00\x00\x00\x00\x00\x00\x00TvAMOyYghpritkQKt\x00\x00\x00YlkFYBvSqtQxU\x00\x00\x00\x00\x00\x00\x00ossUKKxCsEPwAQuRc\x00\x00\x00\x03\x00\x00\x00\x0c\x00\x00\x00\x01\x00\x00\x00Hcb\x00\x00\x00\x00\x00\x00\x00\x00\x00\x00\x00\x00\x00\x00\x00\x00\x00Tqzl\x00\x00\x00\x00\x00\x00\x00\x00\x00\x00\x00\x00\x00\x00\x00\x00VoiXIgGAtoNHMq\x00\x00\x00\x00\x00\x00mROScjgKBz\x00\x00\x00\x00\x00\x00\x00\x00\x00\x00\x03\x00\x00\x00\x0d\x00\x00\x00\x01\x00\x00\x00qk\x00\x00\x00\x00\x00\x00\x00\x00\x00\x00\x00\x00\x00\x00\x00\x00\x00\x00DImoNaZRWzYbjunIA\x00\x00\x00HZQqWOurDrFhZYi\x00\x00\x00\x00\x00jfKqdlVACidsVYrKT\x00\x00\x00\x03\x00\x00\x00\x0e\x00\x00\x00\x01\x00\x00\x00tsiK\x00\x00\x00\x00\x00\x00\x00\x00\x00\x00\x00\x00\x00\x00\x00\x00bYqcAspvb\x00\x00\x00\x00\x00\x00\x00\x00\x00\x00\x00zuFxOQEXKMHzJCHmTX\x00\x00urVZe\x00\x00\x00\x00\x00\x00\x00\x00\x00\x00\x00\x00\x00\x00\x00\x03\x00\x00\x00\x0f\x00\x00\x00\x01\x00\x00\x00MW\x00\x00\x00\x00\x00\x00\x00\x00\x00\x00\x00\x00\x00\x00\x00\x00\x00\x00pVAbrgTmfsf\x00\x00\x00\x00\x00\x00\x00\x00\x00NDkwNvbbHkmg\x00\x00\x00\x00\x00\x00\x00\x00eqlYvUouwSFcet\x00\x00\x00\x00\x00\x00\x03\x00\x00\x00\x10\x00\x00\x00\x01\x00\x00\x00caloY\x00\x00\x00\x00\x00\x00\x00\x00\x00\x00\x00\x00\x00\x00\x00KYlwUCwgkhh\x00\x00\x00\x00\x00\x00\x00\x00\x00MLxIEz\x00\x00\x00\x00\x00\x00\x00\x00\x00\x00\x00\x00\x00\x00SxzeyKTHsODuUk\x00\x00\x00\x00\x00\x00\x04\x00\x00\x00\x11\x00\x00\x00\x01\x00\x00\x00UmXu\x00\x00\x00\x00\x00\x00\x00\x00\x00\x00\x00\x00\x00\x00\x00\x00ormjxbdGdKYIQejskBV\x00pSBIfScXYfA\x00\x00\x00\x00\x00\x00\x00\x00\x00OZIGfmINguZcpfi\x00\x00\x00\x00\x00\x04\x00\x00\x00\x12\x00\x00\x00\x01\x00\x00\x00mEOcRZWoWATCb\x00\x00\x00\x00\x00\x00\x00A\x00\x00\x00\x00\x00\x00\x00\x00\x00\x00\x00\x00\x00\x00\x00\x00\x00\x00\x00uX\x00\x00\x00\x00\x00\x00\x00\x00\x00\x00\x00\x00\x00\x00\x00\x00\x00\x00C\x00\x00\x00\x00\x00\x00\x00\x00\x00\x00\x00\x00\x00\x00\x00\x00\x00\x00\x00\x04\x00\x00\x00\x13\x00\x00\x00\x01\x00\x00\x00AsY\x00\x00\x00\x00\x00\x00\x00\x00\x00\x00\x00\x00\x00\x00\x00\x00\x00pfvxYeTqc\x00\x00\x00\x00\x00\x00\x00\x00\x00\x00\x00ZTxaQoNQYaIBBY\x00\x00\x00\x00\x00\x00YRbgJKV\x00\x00\x00\x00\x00\x00\x00\x00\x00\x00\x00\x00\x00\x04\x04</data></match></read>
    <write><data>\xee\x01\xee\x01</data></write>
    <write><data>\x03\x14\x00\x00\x00\x15\x00\x00\x00\x16\x00\x00\x00</data></write>
    <read><length>3</length><match><data>\x03\x04\x04</data></match></read>
    <write><data>\x01\xee\x01\xee</data></write>
    <read><length>99</length><match><data>\x03\x05\x00\x00\x00\x14\x00\x00\x00\x00\x00\x00\x00ypDpTEmYTJNbgwuAAuk\x00\x05\x00\x00\x00\x15\x00\x00\x00\x00\x00\x00\x00eJpMHmjqGbdtZTaC\x00\x00\x00\x00\x06\x00\x00\x00\x16\x00\x00\x00\x00\x00\x00\x00ypDpTEmYTJNbgwuAAuk\x00\x04\x04</data></match></read>
    <write><data>\x0e\x0e\x0e\x0e</data></write>
    <write><data>\x16\x06\x00\x00\x00\x16\x00\x00\x00\x00\x00\x00\x00ypDpTEmYTJNbgwuAAuk\x00\x05\x00\x00\x00\x15\x00\x00\x00\x00\x00\x00\x00eJpMHmjqGbdtZTaC\x00\x00\x00\x00\x05\x00\x00\x00\x14\x00\x00\x00\x00\x00\x00\x00ypDpTEmYTJNbgwuAAuk\x00\x04\x00\x00\x00\x13\x00\x00\x00\x01\x00\x00\x00AsY\x00\x00\x00\x00\x00\x00\x00\x00\x00\x00\x00\x00\x00\x00\x00\x00\x00pfvxYeTqc\x00\x00\x00\x00\x00\x00\x00\x00\x00\x00\x00ZTxaQoNQYaIBBY\x00\x00\x00\x00\x00\x00YRbgJKV\x00\x00\x00\x00\x00\x00\x00\x00\x00\x00\x00\x00\x00\x04\x00\x00\x00\x12\x00\x00\x00\x01\x00\x00\x00mEOcRZWoWATCb\x00\x00\x00\x00\x00\x00\x00A\x00\x00\x00\x00\x00\x00\x00\x00\x00\x00\x00\x00\x00\x00\x00\x00\x00\x00\x00uX\x00\x00\x00\x00\x00\x00\x00\x00\x00\x00\x00\x00\x00\x00\x00\x00\x00\x00C\x00\x00\x00\x00\x00\x00\x00\x00\x00\x00\x00\x00\x00\x00\x00\x00\x00\x00\x00\x04\x00\x00\x00\x11\x00\x00\x00\x01\x00\x00\x00UmXu\x00\x00\x00\x00\x00\x00\x00\x00\x00\x00\x00\x00\x00\x00\x00\x00ormjxbdGdKYIQejskBV\x00pSBIfScXYfA\x00\x00\x00\x00\x00\x00\x00\x00\x00OZIGfmINguZcpfi\x00\x00\x00\x00\x00\x03\x00\x00\x00\x10\x00\x00\x00\x01\x00\x00\x00caloY\x00\x00\x00\x00\x00\x00\x00\x00\x00\x00\x00\x00\x00\x00\x00KYlwUCwgkhh\x00\x00\x00\x00\x00\x00\x00\x00\x00MLxIEz\x00\x00\x00\x00\x00\x00\x00\x00\x00\x00\x00\x00\x00\x00SxzeyKTHsODuUk\x00\x00\x00\x00\x00\x00\x03\x00\x00\x00\x0f\x00\x00\x00\x01\x00\x00\x00MW\x00\x00\x00\x00\x00\x00\x00\x00\x00\x00\x00\x00\x00\x00\x00\x00\x00\x00pVAbrgTmfsf\x00\x00\x00\x00\x00\x00\x00\x00\x00NDkwNvbbHkmg\x00\x00\x00\x00\x00\x00\x00\x00eqlYvUouwSFcet\x00\x00\x00\x00\x00\x00\x03\x00\x00\x00\x0e\x00\x00\x00\x01\x00\x00\x00tsiK\x00\x00\x00\x00\x00\x00\x00\x00\x00\x00\x00\x00\x00\x00\x00\x00bYqcAspvb\x00\x00\x00\x00\x00\x00\x00\x00\x00\x00\x00zuFxOQEXKMHzJCHmTX\x00\x00urVZe\x00\x00\x00\x00\x00\x00\x00\x00\x00\x00\x00\x00\x00\x00\x00\x03\x00\x00\x00\x0d\x00\x00\x00\x01\x00\x00\x00qk\x00\x00\x00\x00\x00\x00\x00\x00\x00\x00\x00\x00\x00\x00\x00\x00\x00\x00DImoNaZRWzYbjunIA\x00\x00\x00HZQqWOurDrFhZYi\x00\x00\x00\x00\x00jfKqdlVACidsVYrKT\x00\x00\x00\x03\x00\x00\x00\x0c\x00\x00\x00\x01\x00\x00\x00Hcb\x00\x00\x00\x00\x00\x00\x00\x00\x00\x00\x00\x00\x00\x00\x00\x00\x00Tqzl\x00\x00\x00\x00\x00\x00\x00\x00\x00\x00\x00\x00\x00\x00\x00\x00VoiXIgGAtoNHMq\x00\x00\x00\x00\x00\x00mROScjgKBz\x00\x00\x00\x00\x00\x00\x00\x00\x00\x00\x03\x00\x00\x00\x0b\x00\x00\x00\x01\x00\x00\x00KhVzoF\x00\x00\x00\x00\x00\x00\x00\x00\x00\x00\x00\x00\x00\x00TvAMOyYghpritkQKt\x00\x00\x00YlkFYBvSqtQxU\x00\x00\x00\x00\x00\x00\x00ossUKKxCsEPwAQuRc\x00\x00\x00\x03\x00\x00\x00\x0a\x00\x00\x00\x01\x00\x00\x00vhKkoZ\x00\x00\x00\x00\x00\x00\x00\x00\x00\x00\x00\x00\x00\x00QluJoiBdiPSjTREbfCV\x00RGqRxjI\x00\x00\x00\x00\x00\x00\x00\x00\x00\x00\x00\x00\x00jdoZXCoKrCHis\x00\x00\x00\x00\x00\x00\x00\x03\x00\x00\x00\x09\x00\x00\x00\x01\x00\x00\x00mEOcRZWoWATCb\x00\x00\x00\x00\x00\x00\x00A\x00\x00\x00\x00\x00\x00\x00\x00\x00\x00\x00\x00\x00\x00\x00\x00\x00\x00\x00uX\x00\x00\x00\x00\x00\x00\x00\x00\x00\x00\x00\x00\x00\x00\x00\x00\x00\x00C\x00\x00\x00\x00\x00\x00\x00\x00\x00\x00\x00\x00\x00\x00\x00\x00\x00\x00\x00\x03\x00\x00\x00\x08\x00\x00\x00\x01\x00\x00\x00KhVzoF\x00\x00\x00\x00\x00\x00\x00\x00\x00\x00\x00\x00\x00\x00TvAMOyYghpritkQKt\x00\x00\x00YlkFYBvSqtQxU\x00\x00\x00\x00\x00\x00\x00ossUKKxCsEPwAQuRc\x00\x00\x00\x02\x00\x00\x00\x07\x00\x00\x00\x01\x00\x00\x00mCObWa\x00\x00\x00\x00\x00\x00\x00\x00\x00\x00\x00\x00\x00\x00An\x00\x00\x00\x00\x00\x00\x00\x00\x00\x00\x00\x00\x00\x00\x00\x00\x00\x00AFygdlesQryFQJPbBiq\x00gWvmtTG\x00\x00\x00\x00\x00\x00\x00\x00\x00\x00\x00\x00\x00\x02\x00\x00\x00\x06\x00\x00\x00\x01\x00\x00\x00IPZfoyxxrvYzwNmcndJ\x00HwOSnePDOXk\x00\x00\x00\x00\x00\x00\x00\x00\x00BNqrexKmxzwYqR\x00\x00\x00\x00\x00\x00ZzTFYA\x00\x00\x00\x00\x00\x00\x00\x00\x00\x00\x00\x00\x00\x00\x02\x00\x00\x00\x05\x00\x00\x00\x01\x00\x00\x00Zj\x00\x00\x00\x00\x00\x00\x00\x00\x00\x00\x00\x00\x00\x00\x00\x00\x00\x00elHXoEkGJHTfXydBj\x00\x00\x00BkngOfUoTmqtHOMAsSC\x00XjMM\x00\x00\x00\x00\x00\x00\x00\x00\x00\x00\x00\x00\x00\x00\x00\x00\x01\x00\x00\x00\x04\x00\x00\x00\x01\x00\x00\x00MW\x00\x00\x00\x00\x00\x00\x00\x00\x00\x00\x00\x00\x00\x00\x00\x00\x00\x00pVAbrgTmfsf\x00\x00\x00\x00\x00\x00\x00\x00\x00NDkwNvbbHkmg\x00\x00\x00\x00\x00\x00\x00\x00eqlYvUouwSFcet\x00\x00\x00\x00\x00\x00\x01\x00\x00\x00\x03\x00\x00\x00\x01\x00\x00\x00E\x00\x00\x00\x00\x00\x00\x00\x00\x00\x00\x00\x00\x00\x00\x00\x00\x00\x00\x00AtjGgIxYASTCOC\x00\x00\x00\x00\x00\x00aOVAVDAvqbpKPQzs\x00\x00\x00\x00GTzDwFtOZBGsbbM\x00\x00\x00\x00\x00\x01\x00\x00\x00\x02\x00\x00\x00\x01\x00\x00\x00gbK\x00\x00\x00\x00\x00\x00\x00\x00\x00\x00\x00\x00\x00\x00\x00\x00\x00r\x00\x00\x00\x00\x00\x00\x00\x00\x00\x00\x00\x00\x00\x00\x00\x00\x00\x00\x00g\x00\x00\x00\x00\x00\x00\x00\x00\x00\x00\x00\x00\x00\x00\x00\x00\x00\x00\x00CHSfCaUqj\x00\x00\x00\x00\x00\x00\x00\x00\x00\x00\x00\x01\x00\x00\x00\x01\x00\x00\x00\x01\x00\x00\x00vbWrs\x00\x00\x00\x00\x00\x00\x00\x00\x00\x00\x00\x00\x00\x00\x00xWBdzcvZQTf\x00\x00\x00\x00\x00\x00\x00\x00\x00QdjRhFJ\x00\x00\x00\x00\x00\x00\x00\x00\x00\x00\x00\x00\x00UhIQDYCNZ\x00\x00\x00\x00\x00\x00\x00\x00\x00\x00\x00</data></write>
    <read><length>2</length><match><data>\x04\x04</data></match></read>
    <write><data>\x01\xee\x01\xee</data></write>
    <read><length>887</length><match><data>\x16\x01\x00\x00\x00\x01\x00\x00\x00\x02\x00\x00\x00Amb\x00\x00\x00\x00\x00\x00\x00\x00\x00\x00\x00\x00\x00\x00\x00\x00\x00\x01\x00\x00\x00\x02\x00\x00\x00\x02\x00\x00\x00loyAbN\x00\x00\x00\x00\x00\x00\x00\x00\x00\x00\x00\x00\x00\x00\x01\x00\x00\x00\x03\x00\x00\x00\x02\x00\x00\x00suwkMLdoZTwWHsivcVs\x00\x01\x00\x00\x00\x04\x00\x00\x00\x02\x00\x00\x00yQyOP\x00\x00\x00\x00\x00\x00\x00\x00\x00\x00\x00\x00\x00\x00\x00\x02\x00\x00\x00\x05\x00\x00\x00\x02\x00\x00\x00AKPReWjkKZRnRsGvRDU\x00\x02\x00\x00\x00\x06\x00\x00\x00\x02\x00\x00\x00GRBycFmDIEcoTP\x00\x00\x00\x00\x00\x00\x02\x00\x00\x00\x07\x00\x00\x00\x02\x00\x00\x00hBKpQJTqUVKJ\x00\x00\x00\x00\x00\x00\x00\x00\x03\x00\x00\x00\x08\x00\x00\x00\x02\x00\x00\x00ZOrnojF\x00\x00\x00\x00\x00\x00\x00\x00\x00\x00\x00\x00\x00\x03\x00\x00\x00\x09\x00\x00\x00\x02\x00\x00\x00xL\x00\x00\x00\x00\x00\x00\x00\x00\x00\x00\x00\x00\x00\x00\x00\x00\x00\x00\x03\x00\x00\x00\x0a\x00\x00\x00\x02\x00\x00\x00OLgmcumpKx\x00\x00\x00\x00\x00\x00\x00\x00\x00\x00\x03\x00\x00\x00\x0b\x00\x00\x00\x02\x00\x00\x00ZOrnojF\x00\x00\x00\x00\x00\x00\x00\x00\x00\x00\x00\x00\x00\x03\x00\x00\x00\x0c\x00\x00\x00\x02\x00\x00\x00kDnXpp\x00\x00\x00\x00\x00\x00\x00\x00\x00\x00\x00\x00\x00\x00\x03\x00\x00\x00\x0d\x00\x00\x00\x02\x00\x00\x00CGabmQUFBiTiyg\x00\x00\x00\x00\x00\x00\x03\x00\x00\x00\x0e\x00\x00\x00\x02\x00\x00\x00pesQByVw\x00\x00\x00\x00\x00\x00\x00\x00\x00\x00\x00\x00\x03\x00\x00\x00\x0f\x00\x00\x00\x02\x00\x00\x00yQyOP\x00\x00\x00\x00\x00\x00\x00\x00\x00\x00\x00\x00\x00\x00\x00\x03\x00\x00\x00\x10\x00\x00\x00\x02\x00\x00\x00jsffGu\x00\x00\x00\x00\x00\x00\x00\x00\x00\x00\x00\x00\x00\x00\x04\x00\x00\x00\x11\x00\x00\x00\x02\x00\x00\x00kXwjlceRFOuSLDl\x00\x00\x00\x00\x00\x04\x00\x00\x00\x12\x00\x00\x00\x02\x00\x00\x00xL\x00\x00\x00\x00\x00\x00\x00\x00\x00\x00\x00\x00\x00\x00\x00\x00\x00\x00\x04\x00\x00\x00\x13\x00\x00\x00\x02\x00\x00\x00AcdZXwJxQVoZbt\x00\x00\x00\x00\x00\x00\x05\x00\x00\x00\x14\x00\x00\x00\x01\x00\x00\x00Dzs\x00\x00\x00\x00\x00\x00\x00\x00\x00\x00\x00\x00\x00\x00\x00\x00\x00hUN\x00\x00\x00\x00\x00\x00\x00\x00\x00\x00\x00\x00\x00\x00\x00\x00\x00RrvWQClGLc\x00\x00\x00\x00\x00\x00\x00\x00\x00\x00E\x00\x00\x00\x00\x00\x00\x00\x00\x00\x00\x00\x00\x00\x00\x00\x00\x00\x00\x00\x05\x00\x00\x00\x15\x00\x00\x00\x01\x00\x00\x00tsiK\x00\x00\x00\x00\x00\x00\x00\x00\x00\x00\x00\x00\x00\x00\x00\x00bYqcAspvb\x00\x00\x00\x00\x00\x00\x00\x00\x00\x00\x00zuFxOQEXKMHzJCHmTX\x00\x00urVZe\x00\x00\x00\x00\x00\x00\x00\x00\x00\x00\x00\x00\x00\x00\x00\x06\x00\x00\x00\x16\x00\x00\x00\x01\x00\x00\x00Dzs\x00\x00\x00\x00\x00\x00\x00\x00\x00\x00\x00\x00\x00\x00\x00\x00\x00hUN\x00\x00\x00\x00\x00\x00\x00\x00\x00\x00\x00\x00\x00\x00\x00\x00\x00RrvWQClGLc\x00\x00\x00\x00\x00\x00\x00\x00\x00\x00E\x00\x00\x00\x00\x00\x00\x00\x00\x00\x00\x00\x00\x00\x00\x00\x00\x00\x00\x00\x04\x04</data></match></read>
    <write><data>\x0e\x0e\x0e\x0e</data></write>
    <write><data>\x16\x06\x00\x00\x00\x16\x00\x00\x00\x01\x00\x00\x00Dzs\x00\x00\x00\x00\x00\x00\x00\x00\x00\x00\x00\x00\x00\x00\x00\x00\x00hUN\x00\x00\x00\x00\x00\x00\x00\x00\x00\x00\x00\x00\x00\x00\x00\x00\x00RrvWQClGLc\x00\x00\x00\x00\x00\x00\x00\x00\x00\x00E\x00\x00\x00\x00\x00\x00\x00\x00\x00\x00\x00\x00\x00\x00\x00\x00\x00\x00\x00\x05\x00\x00\x00\x15\x00\x00\x00\x01\x00\x00\x00tsiK\x00\x00\x00\x00\x00\x00\x00\x00\x00\x00\x00\x00\x00\x00\x00\x00bYqcAspvb\x00\x00\x00\x00\x00\x00\x00\x00\x00\x00\x00zuFxOQEXKMHzJCHmTX\x00\x00urVZe\x00\x00\x00\x00\x00\x00\x00\x00\x00\x00\x00\x00\x00\x00\x00\x05\x00\x00\x00\x14\x00\x00\x00\x01\x00\x00\x00Dzs\x00\x00\x00\x00\x00\x00\x00\x00\x00\x00\x00\x00\x00\x00\x00\x00\x00hUN\x00\x00\x00\x00\x00\x00\x00\x00\x00\x00\x00\x00\x00\x00\x00\x00\x00RrvWQClGLc\x00\x00\x00\x00\x00\x00\x00\x00\x00\x00E\x00\x00\x00\x00\x00\x00\x00\x00\x00\x00\x00\x00\x00\x00\x00\x00\x00\x00\x00\x04\x00\x00\x00\x13\x00\x00\x00\x02\x00\x00\x00AcdZXwJxQVoZbt\x00\x00\x00\x00\x00\x00\x04\x00\x00\x00\x12\x00\x00\x00\x02\x00\x00\x00xL\x00\x00\x00\x00\x00\x00\x00\x00\x00\x00\x00\x00\x00\x00\x00\x00\x00\x00\x04\x00\x00\x00\x11\x00\x00\x00\x02\x00\x00\x00kXwjlceRFOuSLDl\x00\x00\x00\x00\x00\x03\x00\x00\x00\x10\x00\x00\x00\x02\x00\x00\x00jsffGu\x00\x00\x00\x00\x00\x00\x00\x00\x00\x00\x00\x00\x00\x00\x03\x00\x00\x00\x0f\x00\x00\x00\x02\x00\x00\x00yQyOP\x00\x00\x00\x00\x00\x00\x00\x00\x00\x00\x00\x00\x00\x00\x00\x03\x00\x00\x00\x0e\x00\x00\x00\x02\x00\x00\x00pesQByVw\x00\x00\x00\x00\x00\x00\x00\x00\x00\x00\x00\x00\x03\x00\x00\x00\x0d\x00\x00\x00\x02\x00\x00\x00CGabmQUFBiTiyg\x00\x00\x00\x00\x00\x00\x03\x00\x00\x00\x0c\x00\x00\x00\x02\x00\x00\x00kDnXpp\x00\x00\x00\x00\x00\x00\x00\x00\x00\x00\x00\x00\x00\x00\x03\x00\x00\x00\x0b\x00\x00\x00\x02\x00\x00\x00ZOrnojF\x00\x00\x00\x00\x00\x00\x00\x00\x00\x00\x00\x00\x00\x03\x00\x00\x00\x0a\x00\x00\x00\x02\x00\x00\x00OLgmcumpKx\x00\x00\x00\x00\x00\x00\x00\x00\x00\x00\x03\x00\x00\x00\x09\x00\x00\x00\x02\x00\x00\x00xL\x00\x00\x00\x00\x00\x00\x00\x00\x00\x00\x00\x00\x00\x00\x00\x00\x00\x00\x03\x00\x00\x00\x08\x00\x00\x00\x02\x00\x00\x00ZOrnojF\x00\x00\x00\x00\x00\x00\x00\x00\x00\x00\x00\x00\x00\x02\x00\x00\x00\x07\x00\x00\x00\x02\x00\x00\x00hBKpQJTqUVKJ\x00\x00\x00\x00\x00\x00\x00\x00\x02\x00\x00\x00\x06\x00\x00\x00\x02\x00\x00\x00GRBycFmDIEcoTP\x00\x00\x00\x00\x00\x00\x02\x00\x00\x00\x05\x00\x00\x00\x02\x00\x00\x00AKPReWjkKZRnRsGvRDU\x00\x01\x00\x00\x00\x04\x00\x00\x00\x02\x00\x00\x00yQyOP\x00\x00\x00\x00\x00\x00\x00\x00\x00\x00\x00\x00\x00\x00\x00\x01\x00\x00\x00\x03\x00\x00\x00\x02\x00\x00\x00suwkMLdoZTwWHsivcVs\x00\x01\x00\x00\x00\x02\x00\x00\x00\x02\x00\x00\x00loyAbN\x00\x00\x00\x00\x00\x00\x00\x00\x00\x00\x00\x00\x00\x00\x01\x00\x00\x00\x01\x00\x00\x00\x02\x00\x00\x00Amb\x00\x00\x00\x00\x00\x00\x00\x00\x00\x00\x00\x00\x00\x00\x00\x00\x00</data></write>
    <read><length>2</length><match><data>\x04\x04</data></match></read>
    <write><data>\x01\xee\x01\xee</data></write>
    <read><length>99</length><match><data>\x03\x05\x00\x00\x00\x14\x00\x00\x00\x02\x00\x00\x00wZyEJHaU\x00\x00\x00\x00\x00\x00\x00\x00\x00\x00\x00\x00\x05\x00\x00\x00\x15\x00\x00\x00\x02\x00\x00\x00pesQByVw\x00\x00\x00\x00\x00\x00\x00\x00\x00\x00\x00\x00\x06\x00\x00\x00\x16\x00\x00\x00\x02\x00\x00\x00wZyEJHaU\x00\x00\x00\x00\x00\x00\x00\x00\x00\x00\x00\x00\x04\x04</data></match></read>
    <write><data>\x0e\x0e\x0e\x0e</data></write>
    <write><data>\x03\x06\x00\x00\x00\x16\x00\x00\x00\x02\x00\x00\x00wZyEJHaU\x00\x00\x00\x00\x00\x00\x00\x00\x00\x00\x00\x00\x05\x00\x00\x00\x15\x00\x00\x00\x02\x00\x00\x00pesQByVw\x00\x00\x00\x00\x00\x00\x00\x00\x00\x00\x00\x00\x05\x00\x00\x00\x14\x00\x00\x00\x02\x00\x00\x00wZyEJHaU\x00\x00\x00\x00\x00\x00\x00\x00\x00\x00\x00\x00</data></write>
    <read><length>2</length><match><data>\x04\x04</data></match></read>
    <write><data>\x0e\x0e\x0e\x0e</data></write>
    <write><data>\x00</data></write>
    <read><length>2</length><match><data>\x04\x04</data></match></read>
    <write><data>\xbb\x11\x11\xbb</data></write>
    <read><length>3</length><match><data>\x06\x04\x04</data></match></read>
    <write><data>\xbb\x11\x11\xbb</data></write>
    <read><length>3</length><match><data>\x00\x04\x04</data></match></read>
    <write><data>\xbb\x11\x11\xbb</data></write>
    <read><length>3</length><match><data>\x00\x04\x04</data></match></read>
    <write><data>\xee\x01\xee\x01</data></write>
    <write><data>\x07\x17\x00\x00\x00\x18\x00\x00\x00\x19\x00\x00\x00\x1a\x00\x00\x00\x1b\x00\x00\x00\x1c\x00\x00\x00\x1d\x00\x00\x00</data></write>
    <read><length>3</length><match><data>\x07\x04\x04</data></match></read>
    <write><data>\x0e\x0e\x0e\x0e</data></write>
    <write><data>\x00</data></write>
    <read><length>2</length><match><data>\x04\x04</data></match></read>
    <write><data>\x0e\x0e\x0e\x0e</data></write>
    <write><data>\x00</data></write>
    <read><length>2</length><match><data>\x04\x04</data></match></read>
    <write><data>\x0e\x0e\x0e\x0e</data></write>
    <write><data>\x00</data></write>
    <read><length>2</length><match><data>\x04\x04</data></match></read>
    <write><data>\xee\x01\xee\x01</data></write>
    <write><data>\x0a\x1e\x00\x00\x00\x1f\x00\x00\x00 \x00\x00\x00!\x00\x00\x00\x22\x00\x00\x00\x23\x00\x00\x00\x24\x00\x00\x00\x25\x00\x00\x00\x26\x00\x00\x00\x27\x00\x00\x00</data></write>
    <read><length>3</length><match><data>\x0a\x04\x04</data></match></read>
    <write><data>\x0e\x0e\x0e\x0e</data></write>
    <write><data>\x00</data></write>
    <read><length>2</length><match><data>\x04\x04</data></match></read>
    <write><data>\xbe\xbe\xbe\xbe</data></write>
    <read><length>38</length><match><data>\x01\x00\x00\x00\x01\x00\x00\x00\x01\x00\x00\x00\x01\x00\x00\x00\x00\x00\x00\x00\x00\x00\x00\x00\x00\x00\x00\x00\x00\x00\x00\x00\x00\x00\x00\x00\x04\x04</data></match></read>
    <write><data>\x0e\x0e\x0e\x0e</data></write>
    <write><data>\x00</data></write>
    <read><length>2</length><match><data>\x04\x04</data></match></read>
    <write><data>\xbb\x11\x11\xbb</data></write>
    <read><length>3</length><match><data>\x00\x04\x04</data></match></read>
    <write><data>\xee\x01\xee\x01</data></write>
    <write><data>\x03\x28\x00\x00\x00\x29\x00\x00\x00\x2a\x00\x00\x00</data></write>
    <read><length>3</length><match><data>\x03\x04\x04</data></match></read>
    <write><data>\x0e\x0e\x0e\x0e</data></write>
    <write><data>\x00</data></write>
    <read><length>2</length><match><data>\x04\x04</data></match></read>
    <write><data>\x01\xee\x01\xee</data></write>
    <read><length>643</length><match><data>\x14\x01\x00\x00\x00\x17\x00\x00\x00\x00\x00\x00\x00HbTGG\x00\x00\x00\x00\x00\x00\x00\x00\x00\x00\x00\x00\x00\x00\x00\x01\x00\x00\x00\x18\x00\x00\x00\x00\x00\x00\x00AnGOULFOGC\x00\x00\x00\x00\x00\x00\x00\x00\x00\x00\x01\x00\x00\x00\x19\x00\x00\x00\x00\x00\x00\x00oW\x00\x00\x00\x00\x00\x00\x00\x00\x00\x00\x00\x00\x00\x00\x00\x00\x00\x00\x01\x00\x00\x00\x1a\x00\x00\x00\x00\x00\x00\x00OJGbM\x00\x00\x00\x00\x00\x00\x00\x00\x00\x00\x00\x00\x00\x00\x00\x02\x00\x00\x00\x1b\x00\x00\x00\x00\x00\x00\x00AnGOULFOGC\x00\x00\x00\x00\x00\x00\x00\x00\x00\x00\x02\x00\x00\x00\x1c\x00\x00\x00\x00\x00\x00\x00Jdubqqhp\x00\x00\x00\x00\x00\x00\x00\x00\x00\x00\x00\x00\x02\x00\x00\x00\x1d\x00\x00\x00\x00\x00\x00\x00vSyFUX\x00\x00\x00\x00\x00\x00\x00\x00\x00\x00\x00\x00\x00\x00\x03\x00\x00\x00\x1e\x00\x00\x00\x00\x00\x00\x00vSyFUX\x00\x00\x00\x00\x00\x00\x00\x00\x00\x00\x00\x00\x00\x00\x03\x00\x00\x00\x1f\x00\x00\x00\x00\x00\x00\x00OJGbM\x00\x00\x00\x00\x00\x00\x00\x00\x00\x00\x00\x00\x00\x00\x00\x03\x00\x00\x00 \x00\x00\x00\x00\x00\x00\x00koaVbUY\x00\x00\x00\x00\x00\x00\x00\x00\x00\x00\x00\x00\x00\x03\x00\x00\x00!\x00\x00\x00\x00\x00\x00\x00aUWYXBp\x00\x00\x00\x00\x00\x00\x00\x00\x00\x00\x00\x00\x00\x03\x00\x00\x00\x22\x00\x00\x00\x00\x00\x00\x00XLWfktopVr\x00\x00\x00\x00\x00\x00\x00\x00\x00\x00\x03\x00\x00\x00\x23\x00\x00\x00\x00\x00\x00\x00BfJB\x00\x00\x00\x00\x00\x00\x00\x00\x00\x00\x00\x00\x00\x00\x00\x00\x03\x00\x00\x00\x24\x00\x00\x00\x00\x00\x00\x00Jdubqqhp\x00\x00\x00\x00\x00\x00\x00\x00\x00\x00\x00\x00\x03\x00\x00\x00\x25\x00\x00\x00\x00\x00\x00\x00OKtn\x00\x00\x00\x00\x00\x00\x00\x00\x00\x00\x00\x00\x00\x00\x00\x00\x03\x00\x00\x00\x26\x00\x00\x00\x00\x00\x00\x00apwd\x00\x00\x00\x00\x00\x00\x00\x00\x00\x00\x00\x00\x00\x00\x00\x00\x04\x00\x00\x00\x27\x00\x00\x00\x00\x00\x00\x00VsdLokjwQPOmqX\x00\x00\x00\x00\x00\x00\x05\x00\x00\x00\x28\x00\x00\x00\x00\x00\x00\x00YMiRPnuTZ\x00\x00\x00\x00\x00\x00\x00\x00\x00\x00\x00\x05\x00\x00\x00\x29\x00\x00\x00\x00\x00\x00\x00jqBfeUjRYCpwb\x00\x00\x00\x00\x00\x00\x00\x06\x00\x00\x00\x2a\x00\x00\x00\x00\x00\x00\x00CvqK\x00\x00\x00\x00\x00\x00\x00\x00\x00\x00\x00\x00\x00\x00\x00\x00\x04\x04</data></match></read>
    <write><data>\xbb\x11\x11\xbb</data></write>
    <read><length>3</length><match><data>\x00\x04\x04</data></match></read>
    <write><data>\xbe\xbe\xbe\xbe</data></write>
    <read><length>38</length><match><data>\x02\x00\x00\x00\x02\x00\x00\x00\x02\x00\x00\x00\x02\x00\x00\x00\x02\x00\x00\x00\x02\x00\x00\x00\x00\x00\x00\x00\x00\x00\x00\x00\x00\x00\x00\x00\x04\x04</data></match></read>
    <write><data>\x0e\x0e\x0e\x0e</data></write>
    <write><data>\x14\x06\x00\x00\x00\x2a\x00\x00\x00\x00\x00\x00\x00CvqK\x00\x00\x00\x00\x00\x00\x00\x00\x00\x00\x00\x00\x00\x00\x00\x00\x05\x00\x00\x00\x29\x00\x00\x00\x00\x00\x00\x00jqBfeUjRYCpwb\x00\x00\x00\x00\x00\x00\x00\x05\x00\x00\x00\x28\x00\x00\x00\x00\x00\x00\x00YMiRPnuTZ\x00\x00\x00\x00\x00\x00\x00\x00\x00\x00\x00\x04\x00\x00\x00\x27\x00\x00\x00\x00\x00\x00\x00VsdLokjwQPOmqX\x00\x00\x00\x00\x00\x00\x03\x00\x00\x00\x26\x00\x00\x00\x00\x00\x00\x00apwd\x00\x00\x00\x00\x00\x00\x00\x00\x00\x00\x00\x00\x00\x00\x00\x00\x03\x00\x00\x00\x25\x00\x00\x00\x00\x00\x00\x00OKtn\x00\x00\x00\x00\x00\x00\x00\x00\x00\x00\x00\x00\x00\x00\x00\x00\x03\x00\x00\x00\x24\x00\x00\x00\x00\x00\x00\x00Jdubqqhp\x00\x00\x00\x00\x00\x00\x00\x00\x00\x00\x00\x00\x03\x00\x00\x00\x23\x00\x00\x00\x00\x00\x00\x00BfJB\x00\x00\x00\x00\x00\x00\x00\x00\x00\x00\x00\x00\x00\x00\x00\x00\x03\x00\x00\x00\x22\x00\x00\x00\x00\x00\x00\x00XLWfktopVr\x00\x00\x00\x00\x00\x00\x00\x00\x00\x00\x03\x00\x00\x00!\x00\x00\x00\x00\x00\x00\x00aUWYXBp\x00\x00\x00\x00\x00\x00\x00\x00\x00\x00\x00\x00\x00\x03\x00\x00\x00 \x00\x00\x00\x00\x00\x00\x00koaVbUY\x00\x00\x00\x00\x00\x00\x00\x00\x00\x00\x00\x00\x00\x03\x00\x00\x00\x1f\x00\x00\x00\x00\x00\x00\x00OJGbM\x00\x00\x00\x00\x00\x00\x00\x00\x00\x00\x00\x00\x00\x00\x00\x03\x00\x00\x00\x1e\x00\x00\x00\x00\x00\x00\x00vSyFUX\x00\x00\x00\x00\x00\x00\x00\x00\x00\x00\x00\x00\x00\x00\x02\x00\x00\x00\x1d\x00\x00\x00\x00\x00\x00\x00vSyFUX\x00\x00\x00\x00\x00\x00\x00\x00\x00\x00\x00\x00\x00\x00\x02\x00\x00\x00\x1c\x00\x00\x00\x00\x00\x00\x00Jdubqqhp\x00\x00\x00\x00\x00\x00\x00\x00\x00\x00\x00\x00\x02\x00\x00\x00\x1b\x00\x00\x00\x00\x00\x00\x00AnGOULFOGC\x00\x00\x00\x00\x00\x00\x00\x00\x00\x00\x01\x00\x00\x00\x1a\x00\x00\x00\x00\x00\x00\x00OJGbM\x00\x00\x00\x00\x00\x00\x00\x00\x00\x00\x00\x00\x00\x00\x00\x01\x00\x00\x00\x19\x00\x00\x00\x00\x00\x00\x00oW\x00\x00\x00\x00\x00\x00\x00\x00\x00\x00\x00\x00\x00\x00\x00\x00\x00\x00\x01\x00\x00\x00\x18\x00\x00\x00\x00\x00\x00\x00AnGOULFOGC\x00\x00\x00\x00\x00\x00\x00\x00\x00\x00\x01\x00\x00\x00\x17\x00\x00\x00\x00\x00\x00\x00HbTGG\x00\x00\x00\x00\x00\x00\x00\x00\x00\x00\x00\x00\x00\x00\x00</data></write>
    <read><length>2</length><match><data>\x04\x04</data></match></read>
    <write><data>\x0e\x0e\x0e\x0e</data></write>
    <write><data>\x00</data></write>
    <read><length>2</length><match><data>\x04\x04</data></match></read>
    <write><data>\xbe\xbe\xbe\xbe</data></write>
    <read><length>38</length><match><data>\x03\x00\x00\x00\x03\x00\x00\x00\x03\x00\x00\x00\x03\x00\x00\x00\x03\x00\x00\x00\x03\x00\x00\x00\x00\x00\x00\x00\x00\x00\x00\x00\x00\x00\x00\x00\x04\x04</data></match></read>
    <write><data>\xee\x01\xee\x01</data></write>
    <write><data>\x00</data></write>
    <read><length>3</length><match><data>\x00\x04\x04</data></match></read>
    <write><data>\xbe\xbe\xbe\xbe</data></write>
    <read><length>38</length><match><data>\x03\x00\x00\x00\x03\x00\x00\x00\x03\x00\x00\x00\x03\x00\x00\x00\x03\x00\x00\x00\x03\x00\x00\x00\x00\x00\x00\x00\x00\x00\x00\x00\x00\x00\x00\x00\x04\x04</data></match></read>
    <write><data>\xee\x01\xee\x01</data></write>
    <write><data>\x06\x2b\x00\x00\x00\x2c\x00\x00\x00\x2d\x00\x00\x00.\x00\x00\x00\x2f\x00\x00\x000\x00\x00\x00</data></write>
    <read><length>3</length><match><data>\x06\x04\x04</data></match></read>
    <write><data>\x0e\x0e\x0e\x0e</data></write>
    <write><data>\x00</data></write>
    <read><length>2</length><match><data>\x04\x04</data></match></read>
    <write><data>\xee\x01\xee\x01</data></write>
    <write><data>\x0a1\x00\x00\x002\x00\x00\x003\x00\x00\x004\x00\x00\x005\x00\x00\x006\x00\x00\x007\x00\x00\x008\x00\x00\x009\x00\x00\x00:\x00\x00\x00</data></write>
    <read><length>3</length><match><data>\x00\x04\x04</data></match></read>
    <write><data>\x01\xee\x01\xee</data></write>
    <read><length>2035</length><match><data>\x1a\x01\x00\x00\x00\x17\x00\x00\x00\x01\x00\x00\x00EBzXJGYjGffCyBiPp\x00\x00\x00QSILluzPFyZZbEsE\x00\x00\x00\x00wtddywMhBwD\x00\x00\x00\x00\x00\x00\x00\x00\x00mLyAdUlsMGFhP\x00\x00\x00\x00\x00\x00\x00\x01\x00\x00\x00\x18\x00\x00\x00\x01\x00\x00\x00qk\x00\x00\x00\x00\x00\x00\x00\x00\x00\x00\x00\x00\x00\x00\x00\x00\x00\x00DImoNaZRWzYbjunIA\x00\x00\x00HZQqWOurDrFhZYi\x00\x00\x00\x00\x00jfKqdlVACidsVYrKT\x00\x00\x00\x01\x00\x00\x00\x19\x00\x00\x00\x01\x00\x00\x00xGimYTMbTGurv\x00\x00\x00\x00\x00\x00\x00yg\x00\x00\x00\x00\x00\x00\x00\x00\x00\x00\x00\x00\x00\x00\x00\x00\x00\x00fVAqrTHHLKaZimlJqjI\x00VbDaKZELJ\x00\x00\x00\x00\x00\x00\x00\x00\x00\x00\x00\x01\x00\x00\x00\x1a\x00\x00\x00\x01\x00\x00\x00MW\x00\x00\x00\x00\x00\x00\x00\x00\x00\x00\x00\x00\x00\x00\x00\x00\x00\x00pVAbrgTmfsf\x00\x00\x00\x00\x00\x00\x00\x00\x00NDkwNvbbHkmg\x00\x00\x00\x00\x00\x00\x00\x00eqlYvUouwSFcet\x00\x00\x00\x00\x00\x00\x02\x00\x00\x00\x1b\x00\x00\x00\x01\x00\x00\x00qk\x00\x00\x00\x00\x00\x00\x00\x00\x00\x00\x00\x00\x00\x00\x00\x00\x00\x00DImoNaZRWzYbjunIA\x00\x00\x00HZQqWOurDrFhZYi\x00\x00\x00\x00\x00jfKqdlVACidsVYrKT\x00\x00\x00\x02\x00\x00\x00\x1c\x00\x00\x00\x01\x00\x00\x00cGsWHxAeFkByvPuAnb\x00\x00u\x00\x00\x00\x00\x00\x00\x00\x00\x00\x00\x00\x00\x00\x00\x00\x00\x00\x00\x00UYBeUiccXeIdacmo\x00\x00\x00\x00skLRiJW\x00\x00\x00\x00\x00\x00\x00\x00\x00\x00\x00\x00\x00\x02\x00\x00\x00\x1d\x00\x00\x00\x01\x00\x00\x00QjLlpYhdEwffGsyObxr\x00mIUZITpftBvcMifY\x00\x00\x00\x00EqSfGGewaUntOuFNlRQ\x00zWOFfCwKkwDTnIFX\x00\x00\x00\x00\x03\x00\x00\x00\x1e\x00\x00\x00\x01\x00\x00\x00QjLlpYhdEwffGsyObxr\x00mIUZITpftBvcMifY\x00\x00\x00\x00EqSfGGewaUntOuFNlRQ\x00zWOFfCwKkwDTnIFX\x00\x00\x00\x00\x03\x00\x00\x00\x1f\x00\x00\x00\x01\x00\x00\x00MW\x00\x00\x00\x00\x00\x00\x00\x00\x00\x00\x00\x00\x00\x00\x00\x00\x00\x00pVAbrgTmfsf\x00\x00\x00\x00\x00\x00\x00\x00\x00NDkwNvbbHkmg\x00\x00\x00\x00\x00\x00\x00\x00eqlYvUouwSFcet\x00\x00\x00\x00\x00\x00\x03\x00\x00\x00 \x00\x00\x00\x01\x00\x00\x00E\x00\x00\x00\x00\x00\x00\x00\x00\x00\x00\x00\x00\x00\x00\x00\x00\x00\x00\x00AtjGgIxYASTCOC\x00\x00\x00\x00\x00\x00aOVAVDAvqbpKPQzs\x00\x00\x00\x00GTzDwFtOZBGsbbM\x00\x00\x00\x00\x00\x03\x00\x00\x00!\x00\x00\x00\x01\x00\x00\x00wePMzfShzImZDOTgLc\x00\x00Zxpb\x00\x00\x00\x00\x00\x00\x00\x00\x00\x00\x00\x00\x00\x00\x00\x00YsiGeamwZgFEp\x00\x00\x00\x00\x00\x00\x00HDeBa\x00\x00\x00\x00\x00\x00\x00\x00\x00\x00\x00\x00\x00\x00\x00\x03\x00\x00\x00\x22\x00\x00\x00\x01\x00\x00\x00JssjKtCzNVAeX\x00\x00\x00\x00\x00\x00\x00IXrWDMTGKTAPatTSl\x00\x00\x00CtvtzAZHCYnxfk\x00\x00\x00\x00\x00\x00TeWfgjhdilcO\x00\x00\x00\x00\x00\x00\x00\x00\x03\x00\x00\x00\x23\x00\x00\x00\x01\x00\x00\x00HBjxBFrofPKcLh\x00\x00\x00\x00\x00\x00HQXkYe\x00\x00\x00\x00\x00\x00\x00\x00\x00\x00\x00\x00\x00\x00HVtZCfTbqD\x00\x00\x00\x00\x00\x00\x00\x00\x00\x00TrkhFsCcoSRkwftoT\x00\x00\x00\x03\x00\x00\x00\x24\x00\x00\x00\x01\x00\x00\x00cGsWHxAeFkByvPuAnb\x00\x00u\x00\x00\x00\x00\x00\x00\x00\x00\x00\x00\x00\x00\x00\x00\x00\x00\x00\x00\x00UYBeUiccXeIdacmo\x00\x00\x00\x00skLRiJW\x00\x00\x00\x00\x00\x00\x00\x00\x00\x00\x00\x00\x00\x03\x00\x00\x00\x25\x00\x00\x00\x01\x00\x00\x00hqWsFPYCvuQ\x00\x00\x00\x00\x00\x00\x00\x00\x00fPIeUkgPhYG\x00\x00\x00\x00\x00\x00\x00\x00\x00mWWjU\x00\x00\x00\x00\x00\x00\x00\x00\x00\x00\x00\x00\x00\x00\x00NBmQapgAdNh\x00\x00\x00\x00\x00\x00\x00\x00\x00\x03\x00\x00\x00\x26\x00\x00\x00\x01\x00\x00\x00k\x00\x00\x00\x00\x00\x00\x00\x00\x00\x00\x00\x00\x00\x00\x00\x00\x00\x00\x00rwUiJ\x00\x00\x00\x00\x00\x00\x00\x00\x00\x00\x00\x00\x00\x00\x00RrNSfpsriLJXJAn\x00\x00\x00\x00\x00YtC\x00\x00\x00\x00\x00\x00\x00\x00\x00\x00\x00\x00\x00\x00\x00\x00\x00\x04\x00\x00\x00\x27\x00\x00\x00\x01\x00\x00\x00Hcb\x00\x00\x00\x00\x00\x00\x00\x00\x00\x00\x00\x00\x00\x00\x00\x00\x00Tqzl\x00\x00\x00\x00\x00\x00\x00\x00\x00\x00\x00\x00\x00\x00\x00\x00VoiXIgGAtoNHMq\x00\x00\x00\x00\x00\x00mROScjgKBz\x00\x00\x00\x00\x00\x00\x00\x00\x00\x00\x05\x00\x00\x00\x28\x00\x00\x00\x01\x00\x00\x00FyYzVa\x00\x00\x00\x00\x00\x00\x00\x00\x00\x00\x00\x00\x00\x00X\x00\x00\x00\x00\x00\x00\x00\x00\x00\x00\x00\x00\x00\x00\x00\x00\x00\x00\x00ImwYuQymbIIGAb\x00\x00\x00\x00\x00\x00vZmZhVnBnTwEUnuNKAh\x00\x05\x00\x00\x00\x29\x00\x00\x00\x01\x00\x00\x00UmXu\x00\x00\x00\x00\x00\x00\x00\x00\x00\x00\x00\x00\x00\x00\x00\x00ormjxbdGdKYIQejskBV\x00pSBIfScXYfA\x00\x00\x00\x00\x00\x00\x00\x00\x00OZIGfmINguZcpfi\x00\x00\x00\x00\x00\x06\x00\x00\x00\x2a\x00\x00\x00\x01\x00\x00\x00PZVEoFhIc\x00\x00\x00\x00\x00\x00\x00\x00\x00\x00\x00tCfePusRu\x00\x00\x00\x00\x00\x00\x00\x00\x00\x00\x00d\x00\x00\x00\x00\x00\x00\x00\x00\x00\x00\x00\x00\x00\x00\x00\x00\x00\x00\x00IyghjY\x00\x00\x00\x00\x00\x00\x00\x00\x00\x00\x00\x00\x00\x00\x07\x00\x00\x00\x2b\x00\x00\x00\x00\x00\x00\x00GdO\x00\x00\x00\x00\x00\x00\x00\x00\x00\x00\x00\x00\x00\x00\x00\x00\x00\x07\x00\x00\x00\x2c\x00\x00\x00\x00\x00\x00\x00apwd\x00\x00\x00\x00\x00\x00\x00\x00\x00\x00\x00\x00\x00\x00\x00\x00\x08\x00\x00\x00\x2d\x00\x00\x00\x00\x00\x00\x00HbTGG\x00\x00\x00\x00\x00\x00\x00\x00\x00\x00\x00\x00\x00\x00\x00\x08\x00\x00\x00.\x00\x00\x00\x00\x00\x00\x00JxQkslh\x00\x00\x00\x00\x00\x00\x00\x00\x00\x00\x00\x00\x00\x08\x00\x00\x00\x2f\x00\x00\x00\x00\x00\x00\x00HbTGG\x00\x00\x00\x00\x00\x00\x00\x00\x00\x00\x00\x00\x00\x00\x00\x09\x00\x00\x000\x00\x00\x00\x00\x00\x00\x00vSyFUX\x00\x00\x00\x00\x00\x00\x00\x00\x00\x00\x00\x00\x00\x00\x04\x04</data></match></read>
    <write><data>\x0e\x0e\x0e\x0e</data></write>
    <write><data>\x1a\x09\x00\x00\x000\x00\x00\x00\x00\x00\x00\x00vSyFUX\x00\x00\x00\x00\x00\x00\x00\x00\x00\x00\x00\x00\x00\x00\x08\x00\x00\x00\x2f\x00\x00\x00\x00\x00\x00\x00HbTGG\x00\x00\x00\x00\x00\x00\x00\x00\x00\x00\x00\x00\x00\x00\x00\x08\x00\x00\x00.\x00\x00\x00\x00\x00\x00\x00JxQkslh\x00\x00\x00\x00\x00\x00\x00\x00\x00\x00\x00\x00\x00\x08\x00\x00\x00\x2d\x00\x00\x00\x00\x00\x00\x00HbTGG\x00\x00\x00\x00\x00\x00\x00\x00\x00\x00\x00\x00\x00\x00\x00\x07\x00\x00\x00\x2c\x00\x00\x00\x00\x00\x00\x00apwd\x00\x00\x00\x00\x00\x00\x00\x00\x00\x00\x00\x00\x00\x00\x00\x00\x07\x00\x00\x00\x2b\x00\x00\x00\x00\x00\x00\x00GdO\x00\x00\x00\x00\x00\x00\x00\x00\x00\x00\x00\x00\x00\x00\x00\x00\x00\x06\x00\x00\x00\x2a\x00\x00\x00\x01\x00\x00\x00PZVEoFhIc\x00\x00\x00\x00\x00\x00\x00\x00\x00\x00\x00tCfePusRu\x00\x00\x00\x00\x00\x00\x00\x00\x00\x00\x00d\x00\x00\x00\x00\x00\x00\x00\x00\x00\x00\x00\x00\x00\x00\x00\x00\x00\x00\x00IyghjY\x00\x00\x00\x00\x00\x00\x00\x00\x00\x00\x00\x00\x00\x00\x05\x00\x00\x00\x29\x00\x00\x00\x01\x00\x00\x00UmXu\x00\x00\x00\x00\x00\x00\x00\x00\x00\x00\x00\x00\x00\x00\x00\x00ormjxbdGdKYIQejskBV\x00pSBIfScXYfA\x00\x00\x00\x00\x00\x00\x00\x00\x00OZIGfmINguZcpfi\x00\x00\x00\x00\x00\x05\x00\x00\x00\x28\x00\x00\x00\x01\x00\x00\x00FyYzVa\x00\x00\x00\x00\x00\x00\x00\x00\x00\x00\x00\x00\x00\x00X\x00\x00\x00\x00\x00\x00\x00\x00\x00\x00\x00\x00\x00\x00\x00\x00\x00\x00\x00ImwYuQymbIIGAb\x00\x00\x00\x00\x00\x00vZmZhVnBnTwEUnuNKAh\x00\x04\x00\x00\x00\x27\x00\x00\x00\x01\x00\x00\x00Hcb\x00\x00\x00\x00\x00\x00\x00\x00\x00\x00\x00\x00\x00\x00\x00\x00\x00Tqzl\x00\x00\x00\x00\x00\x00\x00\x00\x00\x00\x00\x00\x00\x00\x00\x00VoiXIgGAtoNHMq\x00\x00\x00\x00\x00\x00mROScjgKBz\x00\x00\x00\x00\x00\x00\x00\x00\x00\x00\x03\x00\x00\x00\x26\x00\x00\x00\x01\x00\x00\x00k\x00\x00\x00\x00\x00\x00\x00\x00\x00\x00\x00\x00\x00\x00\x00\x00\x00\x00\x00rwUiJ\x00\x00\x00\x00\x00\x00\x00\x00\x00\x00\x00\x00\x00\x00\x00RrNSfpsriLJXJAn\x00\x00\x00\x00\x00YtC\x00\x00\x00\x00\x00\x00\x00\x00\x00\x00\x00\x00\x00\x00\x00\x00\x00\x03\x00\x00\x00\x25\x00\x00\x00\x01\x00\x00\x00hqWsFPYCvuQ\x00\x00\x00\x00\x00\x00\x00\x00\x00fPIeUkgPhYG\x00\x00\x00\x00\x00\x00\x00\x00\x00mWWjU\x00\x00\x00\x00\x00\x00\x00\x00\x00\x00\x00\x00\x00\x00\x00NBmQapgAdNh\x00\x00\x00\x00\x00\x00\x00\x00\x00\x03\x00\x00\x00\x24\x00\x00\x00\x01\x00\x00\x00cGsWHxAeFkByvPuAnb\x00\x00u\x00\x00\x00\x00\x00\x00\x00\x00\x00\x00\x00\x00\x00\x00\x00\x00\x00\x00\x00UYBeUiccXeIdacmo\x00\x00\x00\x00skLRiJW\x00\x00\x00\x00\x00\x00\x00\x00\x00\x00\x00\x00\x00\x03\x00\x00\x00\x23\x00\x00\x00\x01\x00\x00\x00HBjxBFrofPKcLh\x00\x00\x00\x00\x00\x00HQXkYe\x00\x00\x00\x00\x00\x00\x00\x00\x00\x00\x00\x00\x00\x00HVtZCfTbqD\x00\x00\x00\x00\x00\x00\x00\x00\x00\x00TrkhFsCcoSRkwftoT\x00\x00\x00\x03\x00\x00\x00\x22\x00\x00\x00\x01\x00\x00\x00JssjKtCzNVAeX\x00\x00\x00\x00\x00\x00\x00IXrWDMTGKTAPatTSl\x00\x00\x00CtvtzAZHCYnxfk\x00\x00\x00\x00\x00\x00TeWfgjhdilcO\x00\x00\x00\x00\x00\x00\x00\x00\x03\x00\x00\x00!\x00\x00\x00\x01\x00\x00\x00wePMzfShzImZDOTgLc\x00\x00Zxpb\x00\x00\x00\x00\x00\x00\x00\x00\x00\x00\x00\x00\x00\x00\x00\x00YsiGeamwZgFEp\x00\x00\x00\x00\x00\x00\x00HDeBa\x00\x00\x00\x00\x00\x00\x00\x00\x00\x00\x00\x00\x00\x00\x00\x03\x00\x00\x00 \x00\x00\x00\x01\x00\x00\x00E\x00\x00\x00\x00\x00\x00\x00\x00\x00\x00\x00\x00\x00\x00\x00\x00\x00\x00\x00AtjGgIxYASTCOC\x00\x00\x00\x00\x00\x00aOVAVDAvqbpKPQzs\x00\x00\x00\x00GTzDwFtOZBGsbbM\x00\x00\x00\x00\x00\x03\x00\x00\x00\x1f\x00\x00\x00\x01\x00\x00\x00MW\x00\x00\x00\x00\x00\x00\x00\x00\x00\x00\x00\x00\x00\x00\x00\x00\x00\x00pVAbrgTmfsf\x00\x00\x00\x00\x00\x00\x00\x00\x00NDkwNvbbHkmg\x00\x00\x00\x00\x00\x00\x00\x00eqlYvUouwSFcet\x00\x00\x00\x00\x00\x00\x03\x00\x00\x00\x1e\x00\x00\x00\x01\x00\x00\x00QjLlpYhdEwffGsyObxr\x00mIUZITpftBvcMifY\x00\x00\x00\x00EqSfGGewaUntOuFNlRQ\x00zWOFfCwKkwDTnIFX\x00\x00\x00\x00\x02\x00\x00\x00\x1d\x00\x00\x00\x01\x00\x00\x00QjLlpYhdEwffGsyObxr\x00mIUZITpftBvcMifY\x00\x00\x00\x00EqSfGGewaUntOuFNlRQ\x00zWOFfCwKkwDTnIFX\x00\x00\x00\x00\x02\x00\x00\x00\x1c\x00\x00\x00\x01\x00\x00\x00cGsWHxAeFkByvPuAnb\x00\x00u\x00\x00\x00\x00\x00\x00\x00\x00\x00\x00\x00\x00\x00\x00\x00\x00\x00\x00\x00UYBeUiccXeIdacmo\x00\x00\x00\x00skLRiJW\x00\x00\x00\x00\x00\x00\x00\x00\x00\x00\x00\x00\x00\x02\x00\x00\x00\x1b\x00\x00\x00\x01\x00\x00\x00qk\x00\x00\x00\x00\x00\x00\x00\x00\x00\x00\x00\x00\x00\x00\x00\x00\x00\x00DImoNaZRWzYbjunIA\x00\x00\x00HZQqWOurDrFhZYi\x00\x00\x00\x00\x00jfKqdlVACidsVYrKT\x00\x00\x00\x01\x00\x00\x00\x1a\x00\x00\x00\x01\x00\x00\x00MW\x00\x00\x00\x00\x00\x00\x00\x00\x00\x00\x00\x00\x00\x00\x00\x00\x00\x00pVAbrgTmfsf\x00\x00\x00\x00\x00\x00\x00\x00\x00NDkwNvbbHkmg\x00\x00\x00\x00\x00\x00\x00\x00eqlYvUouwSFcet\x00\x00\x00\x00\x00\x00\x01\x00\x00\x00\x19\x00\x00\x00\x01\x00\x00\x00xGimYTMbTGurv\x00\x00\x00\x00\x00\x00\x00yg\x00\x00\x00\x00\x00\x00\x00\x00\x00\x00\x00\x00\x00\x00\x00\x00\x00\x00fVAqrTHHLKaZimlJqjI\x00VbDaKZELJ\x00\x00\x00\x00\x00\x00\x00\x00\x00\x00\x00\x01\x00\x00\x00\x18\x00\x00\x00\x01\x00\x00\x00qk\x00\x00\x00\x00\x00\x00\x00\x00\x00\x00\x00\x00\x00\x00\x00\x00\x00\x00DImoNaZRWzYbjunIA\x00\x00\x00HZQqWOurDrFhZYi\x00\x00\x00\x00\x00jfKqdlVACidsVYrKT\x00\x00\x00\x01\x00\x00\x00\x17\x00\x00\x00\x01\x00\x00\x00EBzXJGYjGffCyBiPp\x00\x00\x00QSILluzPFyZZbEsE\x00\x00\x00\x00wtddywMhBwD\x00\x00\x00\x00\x00\x00\x00\x00\x00mLyAdUlsMGFhP\x00\x00\x00\x00\x00\x00\x00</data></write>
    <read><length>2</length><match><data>\x04\x04</data></match></read>
    <write><data>\x01\xee\x01\xee</data></write>
    <read><length>1195</length><match><data>\x1a\x01\x00\x00\x00\x17\x00\x00\x00\x02\x00\x00\x00XR\x00\x00\x00\x00\x00\x00\x00\x00\x00\x00\x00\x00\x00\x00\x00\x00\x00\x00\x01\x00\x00\x00\x18\x00\x00\x00\x02\x00\x00\x00CGabmQUFBiTiyg\x00\x00\x00\x00\x00\x00\x01\x00\x00\x00\x19\x00\x00\x00\x02\x00\x00\x00oleZre\x00\x00\x00\x00\x00\x00\x00\x00\x00\x00\x00\x00\x00\x00\x01\x00\x00\x00\x1a\x00\x00\x00\x02\x00\x00\x00yQyOP\x00\x00\x00\x00\x00\x00\x00\x00\x00\x00\x00\x00\x00\x00\x00\x02\x00\x00\x00\x1b\x00\x00\x00\x02\x00\x00\x00CGabmQUFBiTiyg\x00\x00\x00\x00\x00\x00\x02\x00\x00\x00\x1c\x00\x00\x00\x02\x00\x00\x00ejxWijyBhfjzOi\x00\x00\x00\x00\x00\x00\x02\x00\x00\x00\x1d\x00\x00\x00\x02\x00\x00\x00YZdBWVBsuGQ\x00\x00\x00\x00\x00\x00\x00\x00\x00\x03\x00\x00\x00\x1e\x00\x00\x00\x02\x00\x00\x00YZdBWVBsuGQ\x00\x00\x00\x00\x00\x00\x00\x00\x00\x03\x00\x00\x00\x1f\x00\x00\x00\x02\x00\x00\x00yQyOP\x00\x00\x00\x00\x00\x00\x00\x00\x00\x00\x00\x00\x00\x00\x00\x03\x00\x00\x00 \x00\x00\x00\x02\x00\x00\x00suwkMLdoZTwWHsivcVs\x00\x03\x00\x00\x00!\x00\x00\x00\x02\x00\x00\x00Jhu\x00\x00\x00\x00\x00\x00\x00\x00\x00\x00\x00\x00\x00\x00\x00\x00\x00\x03\x00\x00\x00\x22\x00\x00\x00\x02\x00\x00\x00gBuAyZnrOXNVwInMU\x00\x00\x00\x03\x00\x00\x00\x23\x00\x00\x00\x02\x00\x00\x00YQOfPYMomTxSMKIZJPj\x00\x03\x00\x00\x00\x24\x00\x00\x00\x02\x00\x00\x00ejxWijyBhfjzOi\x00\x00\x00\x00\x00\x00\x03\x00\x00\x00\x25\x00\x00\x00\x02\x00\x00\x00fegevMNqQD\x00\x00\x00\x00\x00\x00\x00\x00\x00\x00\x03\x00\x00\x00\x26\x00\x00\x00\x02\x00\x00\x00smmGG\x00\x00\x00\x00\x00\x00\x00\x00\x00\x00\x00\x00\x00\x00\x00\x04\x00\x00\x00\x27\x00\x00\x00\x02\x00\x00\x00kDnXpp\x00\x00\x00\x00\x00\x00\x00\x00\x00\x00\x00\x00\x00\x00\x05\x00\x00\x00\x28\x00\x00\x00\x02\x00\x00\x00JnOZlrmpv\x00\x00\x00\x00\x00\x00\x00\x00\x00\x00\x00\x05\x00\x00\x00\x29\x00\x00\x00\x02\x00\x00\x00kXwjlceRFOuSLDl\x00\x00\x00\x00\x00\x06\x00\x00\x00\x2a\x00\x00\x00\x02\x00\x00\x00ozox\x00\x00\x00\x00\x00\x00\x00\x00\x00\x00\x00\x00\x00\x00\x00\x00\x07\x00\x00\x00\x2b\x00\x00\x00\x01\x00\x00\x00Ie\x00\x00\x00\x00\x00\x00\x00\x00\x00\x00\x00\x00\x00\x00\x00\x00\x00\x00yvwHDjpJGkOO\x00\x00\x00\x00\x00\x00\x00\x00eQgFSsFgTQtQT\x00\x00\x00\x00\x00\x00\x00VhbNDL\x00\x00\x00\x00\x00\x00\x00\x00\x00\x00\x00\x00\x00\x00\x07\x00\x00\x00\x2c\x00\x00\x00\x01\x00\x00\x00k\x00\x00\x00\x00\x00\x00\x00\x00\x00\x00\x00\x00\x00\x00\x00\x00\x00\x00\x00rwUiJ\x00\x00\x00\x00\x00\x00\x00\x00\x00\x00\x00\x00\x00\x00\x00RrNSfpsriLJXJAn\x00\x00\x00\x00\x00YtC\x00\x00\x00\x00\x00\x00\x00\x00\x00\x00\x00\x00\x00\x00\x00\x00\x00\x08\x00\x00\x00\x2d\x00\x00\x00\x01\x00\x00\x00EBzXJGYjGffCyBiPp\x00\x00\x00QSILluzPFyZZbEsE\x00\x00\x00\x00wtddywMhBwD\x00\x00\x00\x00\x00\x00\x00\x00\x00mLyAdUlsMGFhP\x00\x00\x00\x00\x00\x00\x00\x08\x00\x00\x00.\x00\x00\x00\x01\x00\x00\x00FXEHUTFUF\x00\x00\x00\x00\x00\x00\x00\x00\x00\x00\x00McSUxQepzTIeu\x00\x00\x00\x00\x00\x00\x00VIfO\x00\x00\x00\x00\x00\x00\x00\x00\x00\x00\x00\x00\x00\x00\x00\x00qg\x00\x00\x00\x00\x00\x00\x00\x00\x00\x00\x00\x00\x00\x00\x00\x00\x00\x00\x08\x00\x00\x00\x2f\x00\x00\x00\x01\x00\x00\x00EBzXJGYjGffCyBiPp\x00\x00\x00QSILluzPFyZZbEsE\x00\x00\x00\x00wtddywMhBwD\x00\x00\x00\x00\x00\x00\x00\x00\x00mLyAdUlsMGFhP\x00\x00\x00\x00\x00\x00\x00\x09\x00\x00\x000\x00\x00\x00\x01\x00\x00\x00QjLlpYhdEwffGsyObxr\x00mIUZITpftBvcMifY\x00\x00\x00\x00EqSfGGewaUntOuFNlRQ\x00zWOFfCwKkwDTnIFX\x00\x00\x00\x00\x04\x04</data></match></read>
    <write><data>\x0e\x0e\x0e\x0e</data></write>
    <write><data>\x1a\x09\x00\x00\x000\x00\x00\x00\x01\x00\x00\x00QjLlpYhdEwffGsyObxr\x00mIUZITpftBvcMifY\x00\x00\x00\x00EqSfGGewaUntOuFNlRQ\x00zWOFfCwKkwDTnIFX\x00\x00\x00\x00\x08\x00\x00\x00\x2f\x00\x00\x00\x01\x00\x00\x00EBzXJGYjGffCyBiPp\x00\x00\x00QSILluzPFyZZbEsE\x00\x00\x00\x00wtddywMhBwD\x00\x00\x00\x00\x00\x00\x00\x00\x00mLyAdUlsMGFhP\x00\x00\x00\x00\x00\x00\x00\x08\x00\x00\x00.\x00\x00\x00\x01\x00\x00\x00FXEHUTFUF\x00\x00\x00\x00\x00\x00\x00\x00\x00\x00\x00McSUxQepzTIeu\x00\x00\x00\x00\x00\x00\x00VIfO\x00\x00\x00\x00\x00\x00\x00\x00\x00\x00\x00\x00\x00\x00\x00\x00qg\x00\x00\x00\x00\x00\x00\x00\x00\x00\x00\x00\x00\x00\x00\x00\x00\x00\x00\x08\x00\x00\x00\x2d\x00\x00\x00\x01\x00\x00\x00EBzXJGYjGffCyBiPp\x00\x00\x00QSILluzPFyZZbEsE\x00\x00\x00\x00wtddywMhBwD\x00\x00\x00\x00\x00\x00\x00\x00\x00mLyAdUlsMGFhP\x00\x00\x00\x00\x00\x00\x00\x07\x00\x00\x00\x2c\x00\x00\x00\x01\x00\x00\x00k\x00\x00\x00\x00\x00\x00\x00\x00\x00\x00\x00\x00\x00\x00\x00\x00\x00\x00\x00rwUiJ\x00\x00\x00\x00\x00\x00\x00\x00\x00\x00\x00\x00\x00\x00\x00RrNSfpsriLJXJAn\x00\x00\x00\x00\x00YtC\x00\x00\x00\x00\x00\x00\x00\x00\x00\x00\x00\x00\x00\x00\x00\x00\x00\x07\x00\x00\x00\x2b\x00\x00\x00\x01\x00\x00\x00Ie\x00\x00\x00\x00\x00\x00\x00\x00\x00\x00\x00\x00\x00\x00\x00\x00\x00\x00yvwHDjpJGkOO\x00\x00\x00\x00\x00\x00\x00\x00eQgFSsFgTQtQT\x00\x00\x00\x00\x00\x00\x00VhbNDL\x00\x00\x00\x00\x00\x00\x00\x00\x00\x00\x00\x00\x00\x00\x06\x00\x00\x00\x2a\x00\x00\x00\x02\x00\x00\x00ozox\x00\x00\x00\x00\x00\x00\x00\x00\x00\x00\x00\x00\x00\x00\x00\x00\x05\x00\x00\x00\x29\x00\x00\x00\x02\x00\x00\x00kXwjlceRFOuSLDl\x00\x00\x00\x00\x00\x05\x00\x00\x00\x28\x00\x00\x00\x02\x00\x00\x00JnOZlrmpv\x00\x00\x00\x00\x00\x00\x00\x00\x00\x00\x00\x04\x00\x00\x00\x27\x00\x00\x00\x02\x00\x00\x00kDnXpp\x00\x00\x00\x00\x00\x00\x00\x00\x00\x00\x00\x00\x00\x00\x03\x00\x00\x00\x26\x00\x00\x00\x02\x00\x00\x00smmGG\x00\x00\x00\x00\x00\x00\x00\x00\x00\x00\x00\x00\x00\x00\x00\x03\x00\x00\x00\x25\x00\x00\x00\x02\x00\x00\x00fegevMNqQD\x00\x00\x00\x00\x00\x00\x00\x00\x00\x00\x03\x00\x00\x00\x24\x00\x00\x00\x02\x00\x00\x00ejxWijyBhfjzOi\x00\x00\x00\x00\x00\x00\x03\x00\x00\x00\x23\x00\x00\x00\x02\x00\x00\x00YQOfPYMomTxSMKIZJPj\x00\x03\x00\x00\x00\x22\x00\x00\x00\x02\x00\x00\x00gBuAyZnrOXNVwInMU\x00\x00\x00\x03\x00\x00\x00!\x00\x00\x00\x02\x00\x00\x00Jhu\x00\x00\x00\x00\x00\x00\x00\x00\x00\x00\x00\x00\x00\x00\x00\x00\x00\x03\x00\x00\x00 \x00\x00\x00\x02\x00\x00\x00suwkMLdoZTwWHsivcVs\x00\x03\x00\x00\x00\x1f\x00\x00\x00\x02\x00\x00\x00yQyOP\x00\x00\x00\x00\x00\x00\x00\x00\x00\x00\x00\x00\x00\x00\x00\x03\x00\x00\x00\x1e\x00\x00\x00\x02\x00\x00\x00YZdBWVBsuGQ\x00\x00\x00\x00\x00\x00\x00\x00\x00\x02\x00\x00\x00\x1d\x00\x00\x00\x02\x00\x00\x00YZdBWVBsuGQ\x00\x00\x00\x00\x00\x00\x00\x00\x00\x02\x00\x00\x00\x1c\x00\x00\x00\x02\x00\x00\x00ejxWijyBhfjzOi\x00\x00\x00\x00\x00\x00\x02\x00\x00\x00\x1b\x00\x00\x00\x02\x00\x00\x00CGabmQUFBiTiyg\x00\x00\x00\x00\x00\x00\x01\x00\x00\x00\x1a\x00\x00\x00\x02\x00\x00\x00yQyOP\x00\x00\x00\x00\x00\x00\x00\x00\x00\x00\x00\x00\x00\x00\x00\x01\x00\x00\x00\x19\x00\x00\x00\x02\x00\x00\x00oleZre\x00\x00\x00\x00\x00\x00\x00\x00\x00\x00\x00\x00\x00\x00\x01\x00\x00\x00\x18\x00\x00\x00\x02\x00\x00\x00CGabmQUFBiTiyg\x00\x00\x00\x00\x00\x00\x01\x00\x00\x00\x17\x00\x00\x00\x02\x00\x00\x00XR\x00\x00\x00\x00\x00\x00\x00\x00\x00\x00\x00\x00\x00\x00\x00\x00\x00\x00</data></write>
    <read><length>2</length><match><data>\x04\x04</data></match></read>
    <write><data>\x01\xee\x01\xee</data></write>
    <read><length>195</length><match><data>\x06\x07\x00\x00\x00\x2b\x00\x00\x00\x02\x00\x00\x00PneNgwQjz\x00\x00\x00\x00\x00\x00\x00\x00\x00\x00\x00\x07\x00\x00\x00\x2c\x00\x00\x00\x02\x00\x00\x00smmGG\x00\x00\x00\x00\x00\x00\x00\x00\x00\x00\x00\x00\x00\x00\x00\x08\x00\x00\x00\x2d\x00\x00\x00\x02\x00\x00\x00XR\x00\x00\x00\x00\x00\x00\x00\x00\x00\x00\x00\x00\x00\x00\x00\x00\x00\x00\x08\x00\x00\x00.\x00\x00\x00\x02\x00\x00\x00dKRAFyzUnzoKLKD\x00\x00\x00\x00\x00\x08\x00\x00\x00\x2f\x00\x00\x00\x02\x00\x00\x00XR\x00\x00\x00\x00\x00\x00\x00\x00\x00\x00\x00\x00\x00\x00\x00\x00\x00\x00\x09\x00\x00\x000\x00\x00\x00\x02\x00\x00\x00YZdBWVBsuGQ\x00\x00\x00\x00\x00\x00\x00\x00\x00\x04\x04</data></match></read>
    <write><data>\x0e\x0e\x0e\x0e</data></write>
    <write><data>\x06\x09\x00\x00\x000\x00\x00\x00\x02\x00\x00\x00YZdBWVBsuGQ\x00\x00\x00\x00\x00\x00\x00\x00\x00\x08\x00\x00\x00\x2f\x00\x00\x00\x02\x00\x00\x00XR\x00\x00\x00\x00\x00\x00\x00\x00\x00\x00\x00\x00\x00\x00\x00\x00\x00\x00\x08\x00\x00\x00.\x00\x00\x00\x02\x00\x00\x00dKRAFyzUnzoKLKD\x00\x00\x00\x00\x00\x08\x00\x00\x00\x2d\x00\x00\x00\x02\x00\x00\x00XR\x00\x00\x00\x00\x00\x00\x00\x00\x00\x00\x00\x00\x00\x00\x00\x00\x00\x00\x07\x00\x00\x00\x2c\x00\x00\x00\x02\x00\x00\x00smmGG\x00\x00\x00\x00\x00\x00\x00\x00\x00\x00\x00\x00\x00\x00\x00\x07\x00\x00\x00\x2b\x00\x00\x00\x02\x00\x00\x00PneNgwQjz\x00\x00\x00\x00\x00\x00\x00\x00\x00\x00\x00</data></write>
    <read><length>2</length><match><data>\x04\x04</data></match></read>
    <write><data>\xbb\x11\x11\xbb</data></write>
    <read><length>3</length><match><data>\x09\x04\x04</data></match></read>
    <write><data>\xbb\x11\x11\xbb</data></write>
    <read><length>3</length><match><data>\x00\x04\x04</data></match></read>
    <write><data>\x0e\x0e\x0e\x0e</data></write>
    <write><data>\x00</data></write>
    <read><length>2</length><match><data>\x04\x04</data></match></read>
    <write><data>\xbe\xbe\xbe\xbe</data></write>
    <read><length>38</length><match><data>\x00\x00\x00\x00\x00\x00\x00\x00\x00\x00\x00\x00\x00\x00\x00\x00\x00\x00\x00\x00\x00\x00\x00\x00\x00\x00\x00\x00\x00\x00\x00\x00\x00\x00\x00\x00\x04\x04</data></match></read>
    <write><data>\x01\xee\x01\xee</data></write>
    <read><length>3</length><match><data>\x00\x04\x04</data></match></read>
    <write><data>\xbb\x11\x11\xbb</data></write>
    <read><length>3</length><match><data>\x00\x04\x04</data></match></read>
    <write><data>\x0e\x0e\x0e\x0e</data></write>
    <write><data>\x00</data></write>
    <read><length>2</length><match><data>\x04\x04</data></match></read>
    <write><data>\x01\xee\x01\xee</data></write>
    <read><length>3</length><match><data>\x00\x04\x04</data></match></read>
    <write><data>\xb0\x01\xb0\x01</data></write>
    <read><length>2</length><match><data>DD</data></match></read>
</replay>
</pov>