<?xml version="1.0" standalone="no" ?>
<!DOCTYPE pov SYSTEM "/usr/share/cgc-docs/replay.dtd">
<pov>
<cbid>service</cbid>
<seed>fd5dd33fa90a2f598cd7b3c33092c5c553a4369e72d38ba6c9f09a978c1902ba2ed8622909132541b9de87105704bad9</seed>
<replay>
    <write><data>\xee\x01\xee\x01</data></write>
    <write><data>\x04\x00\x00\x00\x00\x01\x00\x00\x00\x02\x00\x00\x00\x03\x00\x00\x00</data></write>
    <read><length>3</length><match><data>\x04\x04\x04</data></match></read>
    <write><data>\x0e\x0e\x0e\x0e</data></write>
    <write><data>\x00</data></write>
    <read><length>2</length><match><data>\x04\x04</data></match></read>
    <write><data>\x01\xee\x01\xee</data></write>
    <read><length>131</length><match><data>\x04\x01\x00\x00\x00\x00\x00\x00\x00\x00\x00\x00\x00apwd\x00\x00\x00\x00\x00\x00\x00\x00\x00\x00\x00\x00\x00\x00\x00\x00\x01\x00\x00\x00\x01\x00\x00\x00\x00\x00\x00\x00wTopgFWuWqFm\x00\x00\x00\x00\x00\x00\x00\x00\x01\x00\x00\x00\x02\x00\x00\x00\x00\x00\x00\x00MAEwIQ\x00\x00\x00\x00\x00\x00\x00\x00\x00\x00\x00\x00\x00\x00\x02\x00\x00\x00\x03\x00\x00\x00\x00\x00\x00\x00OjZiYi\x00\x00\x00\x00\x00\x00\x00\x00\x00\x00\x00\x00\x00\x00\x04\x04</data></match></read>
    <write><data>\x0e\x0e\x0e\x0e</data></write>
    <write><data>\x04\x02\x00\x00\x00\x03\x00\x00\x00\x00\x00\x00\x00OjZiYi\x00\x00\x00\x00\x00\x00\x00\x00\x00\x00\x00\x00\x00\x00\x01\x00\x00\x00\x02\x00\x00\x00\x00\x00\x00\x00MAEwIQ\x00\x00\x00\x00\x00\x00\x00\x00\x00\x00\x00\x00\x00\x00\x01\x00\x00\x00\x01\x00\x00\x00\x00\x00\x00\x00wTopgFWuWqFm\x00\x00\x00\x00\x00\x00\x00\x00\x01\x00\x00\x00\x00\x00\x00\x00\x00\x00\x00\x00apwd\x00\x00\x00\x00\x00\x00\x00\x00\x00\x00\x00\x00\x00\x00\x00\x00</data></write>
    <read><length>2</length><match><data>\x04\x04</data></match></read>
    <write><data>\xbb\x11\x11\xbb</data></write>
    <read><length>3</length><match><data>\x00\x04\x04</data></match></read>
    <write><data>\x0e\x0e\x0e\x0e</data></write>
    <write><data>\x00</data></write>
    <read><length>2</length><match><data>\x04\x04</data></match></read>
    <write><data>\x01\xee\x01\xee</data></write>
    <read><length>371</length><match><data>\x04\x01\x00\x00\x00\x00\x00\x00\x00\x01\x00\x00\x00k\x00\x00\x00\x00\x00\x00\x00\x00\x00\x00\x00\x00\x00\x00\x00\x00\x00\x00\x00rwUiJ\x00\x00\x00\x00\x00\x00\x00\x00\x00\x00\x00\x00\x00\x00\x00RrNSfpsriLJXJAn\x00\x00\x00\x00\x00YtC\x00\x00\x00\x00\x00\x00\x00\x00\x00\x00\x00\x00\x00\x00\x00\x00\x00\x01\x00\x00\x00\x01\x00\x00\x00\x01\x00\x00\x00DvCF\x00\x00\x00\x00\x00\x00\x00\x00\x00\x00\x00\x00\x00\x00\x00\x00pHIEymqeAycJijjFFk\x00\x00e\x00\x00\x00\x00\x00\x00\x00\x00\x00\x00\x00\x00\x00\x00\x00\x00\x00\x00\x00IyWZnR\x00\x00\x00\x00\x00\x00\x00\x00\x00\x00\x00\x00\x00\x00\x01\x00\x00\x00\x02\x00\x00\x00\x01\x00\x00\x00zkbsnHsQYNpgrMw\x00\x00\x00\x00\x00TgHn\x00\x00\x00\x00\x00\x00\x00\x00\x00\x00\x00\x00\x00\x00\x00\x00PrzysxmuxvWGic\x00\x00\x00\x00\x00\x00LLEdnN\x00\x00\x00\x00\x00\x00\x00\x00\x00\x00\x00\x00\x00\x00\x02\x00\x00\x00\x03\x00\x00\x00\x01\x00\x00\x00mEOcRZWoWATCb\x00\x00\x00\x00\x00\x00\x00A\x00\x00\x00\x00\x00\x00\x00\x00\x00\x00\x00\x00\x00\x00\x00\x00\x00\x00\x00uX\x00\x00\x00\x00\x00\x00\x00\x00\x00\x00\x00\x00\x00\x00\x00\x00\x00\x00C\x00\x00\x00\x00\x00\x00\x00\x00\x00\x00\x00\x00\x00\x00\x00\x00\x00\x00\x00\x04\x04</data></match></read>
    <write><data>\xee\x01\xee\x01</data></write>
    <write><data>\x00</data></write>
    <read><length>3</length><match><data>\x00\x04\x04</data></match></read>
    <write><data>\xbe\xbe\xbe\xbe</data></write>
    <read><length>38</length><match><data>\x04\x00\x00\x00\x04\x00\x00\x00\x00\x00\x00\x00\x00\x00\x00\x00\x00\x00\x00\x00\x00\x00\x00\x00\x00\x00\x00\x00\x00\x00\x00\x00\x00\x00\x00\x00\x04\x04</data></match></read>
    <write><data>\xbb\x11\x11\xbb</data></write>
    <read><length>3</length><match><data>\x00\x04\x04</data></match></read>
    <write><data>\xb0\x01\xb0\x01</data></write>
    <read><length>2</length><match><data>DD</data></match></read>
</replay>
</pov>