<?xml version="1.0" standalone="no" ?>
<!DOCTYPE pov SYSTEM "/usr/share/cgc-docs/replay.dtd">
<pov>
<cbid>service</cbid>
<seed>f86b6068a17246c0bcaf1caad47423b747623bdbd9a4e193408c707277869e9bd894cffcf0d15aa6b76139d0e6088654</seed>
<replay>
    <read><length>7</length><match><data>login: </data></match></read>
    <write><data>yjakijf 6306\x0a</data></write>
    <read><delim>\x0a</delim><match><data>Invalid login\x0a</data></match></read>
    <read><length>7</length><match><data>login: </data></match></read>
    <write><data>kcnqnqq 1707\x0a</data></write>
    <read><delim>\x0a</delim><match><data>Access allowed\x0a</data></match></read>
    <read><delim>\x0a</delim><match><data>Welcome kcnqnqq\x0a</data></match></read>
    <read><length>2</length><match><data>\x3e </data></match></read>
    <write><data>last README.txt 10\x0a</data></write>
    <read><delim>\x0a</delim><match><data>and perms.\x0a</data></match></read>
    <read><length>2</length><match><data>\x3e </data></match></read>
    <write><data>last README.txt 10\x0a</data></write>
    <read><delim>\x0a</delim><match><data>and perms.\x0a</data></match></read>
    <read><length>2</length><match><data>\x3e </data></match></read>
    <write><data>write README.txt\x0a</data></write>
    <write><data>tifrsmqygzertnfqvlggmmxzlmsoccsdhxgqfmevawkkt\x0a\x0a</data></write>
    <read><length>2</length><match><data>\x3e </data></match></read>
    <write><data>list\x0a</data></write>
    <read><delim>\x0a</delim><match><data>FILENAME                   SIZE        OWNER     O\x2dPERMS    TYPE\x0a</data></match></read>
    <read><delim>\x0a</delim><match><data>\x2d\x2d\x2d\x2d\x2d\x2d\x2d\x2d\x2d\x2d\x2d\x2d\x2d\x2d\x2d\x2d\x2d\x2d\x2d\x2d\x2d\x2d\x2d\x2d\x2d\x2d\x2d\x2d\x2d\x2d\x2d\x2d\x2d\x2d\x2d\x2d\x2d\x2d\x2d\x2d\x2d\x2d\x2d\x2d\x2d\x2d\x2d\x2d\x2d\x2d\x2d\x2d\x2d\x2d\x2d\x2d\x2d\x2d\x2d\x2d\x2d\x2d\x2d\x2d\x0a</data></match></read>
    <read><delim>\x0a</delim><match><data>README.txt                         45            RW    REG\x0a</data></match></read>
    <read><delim>\x0a</delim><match><data>authentication.db                4096            \x2d\x2d    ROM\x0a</data></match></read>
    <read><delim>\x0a</delim><match><data>\x0a</data></match></read>
    <read><length>2</length><match><data>\x3e </data></match></read>
    <write><data>write README.txt\x0a</data></write>
    <write><data>fzqwzbmvcdooafonjzghcmczftiystihkjwogxtunejacooxdqyperynmwjoxbtfoxwizujvwhhmnhfocwhkohybwdgqaupcoy\x0a\x0a</data></write>
    <read><length>2</length><match><data>\x3e </data></match></read>
    <write><data>show README.txt\x0a</data></write>
    <read><delim>\x0a</delim><match><data>fzqwzbmvcdooafonjzghcmczftiystihkjwogxtunejacooxdqyperynmwjoxbtfoxwizujvwhhmnhfocwhkohybwdgqaupcoy\x0a</data></match></read>
    <read><length>2</length><match><data>\x3e </data></match></read>
    <write><data>erase README.txt\x0a</data></write>
    <read><length>2</length><match><data>\x3e </data></match></read>
    <write><data>\x0a</data></write>
    <read><length>2</length><match><data>\x3e </data></match></read>
    <write><data>\x0a</data></write>
    <read><length>2</length><match><data>\x3e </data></match></read>
    <write><data>exit\x0a</data></write>
</replay>
</pov>