<?xml version="1.0" standalone="no" ?>
<!DOCTYPE pov SYSTEM "/usr/share/cgc-docs/replay.dtd">
<pov>
<cbid>service</cbid>
<seed>1445367cacf7d1533c625f6894e480f1c174c289b4355bf3b52a114d6e38074d667b791c1e059016b511f1a2a1cf65c1</seed>
<replay>
    <read><length>7</length><match><data>login: </data></match></read>
    <write><data>hcflbmz 30634\x0a</data></write>
    <read><delim>\x0a</delim><match><data>Invalid login\x0a</data></match></read>
    <read><length>7</length><match><data>login: </data></match></read>
    <write><data>tdwvsws 10227\x0a</data></write>
    <read><delim>\x0a</delim><match><data>Invalid login\x0a</data></match></read>
    <read><length>7</length><match><data>login: </data></match></read>
    <write><data>efjzbln 1605\x0a</data></write>
    <read><delim>\x0a</delim><match><data>Access allowed\x0a</data></match></read>
    <read><delim>\x0a</delim><match><data>Welcome efjzbln\x0a</data></match></read>
    <read><length>2</length><match><data>\x3e </data></match></read>
    <write><data>make smbqidxtjuzsdn\x0a</data></write>
    <read><length>2</length><match><data>\x3e </data></match></read>
    <write><data>show README.txt\x0a</data></write>
    <read><delim>\x0a</delim><match><data>Welcome to the interactive filesystem shell. Valid commands are make\x2c makememfile\x2c erase\x2c list\x2c copy\x2c write\x2c show\x2c first\x2c last\x2c and perms.\x0a</data></match></read>
    <read><length>2</length><match><data>\x3e </data></match></read>
    <write><data>write README.txt\x0a</data></write>
    <write><data>ejfitoztcoyftyfcdgjqnrdcvffyriopgxnhywgilgnghjrphrcdhlcaslleqesucyiwifygjfviuamskidyqjfanetjmus\x0a\x0a</data></write>
    <read><length>2</length><match><data>\x3e </data></match></read>
    <write><data>copy authentication.db ogrgkufkmyobgqwcuhz\x0a</data></write>
    <read><delim>\x0a</delim><match><data>permission denied\x0a</data></match></read>
    <read><length>2</length><match><data>\x3e </data></match></read>
    <write><data>perms authentication.db 3\x0a</data></write>
    <read><delim>\x0a</delim><match><data>permission denied\x0a</data></match></read>
    <read><length>2</length><match><data>\x3e </data></match></read>
    <write><data>copy README.txt auaqrm\x0a</data></write>
    <read><length>2</length><match><data>\x3e </data></match></read>
    <write><data>write authentication.db\x0a</data></write>
    <read><delim>\x0a</delim><match><data>permission denied\x0a</data></match></read>
    <read><length>2</length><match><data>\x3e </data></match></read>
    <write><data>erase README.txt\x0a</data></write>
    <read><length>2</length><match><data>\x3e </data></match></read>
    <write><data>make ckbpydoutbcvoq\x0a</data></write>
    <read><length>2</length><match><data>\x3e </data></match></read>
    <write><data>first ckbpydoutbcvoq 10\x0a</data></write>
    <read><delim>\x0a</delim><match><data>\x0a</data></match></read>
    <read><length>2</length><match><data>\x3e </data></match></read>
    <write><data>first ckbpydoutbcvoq 10\x0a</data></write>
    <read><delim>\x0a</delim><match><data>\x0a</data></match></read>
    <read><length>2</length><match><data>\x3e </data></match></read>
    <write><data>perms authentication.db 2\x0a</data></write>
    <read><delim>\x0a</delim><match><data>permission denied\x0a</data></match></read>
    <read><length>2</length><match><data>\x3e </data></match></read>
    <write><data>erase smbqidxtjuzsdn\x0a</data></write>
    <read><length>2</length><match><data>\x3e </data></match></read>
    <write><data>exit\x0a</data></write>
</replay>
</pov>