<?xml version="1.0" standalone="no" ?>
<!DOCTYPE pov SYSTEM "/usr/share/cgc-docs/replay.dtd">
<pov>
<cbid>service</cbid>
<seed>88ae6ae9a8db374e3b9bde597d0e4c9fee6a6cab4fb2bce2421da3f309cf1b2368335146170391527b449b7826bebec3</seed>
<replay>
    <read><length>7</length><match><data>login: </data></match></read>
    <write><data>szigukc 2208\x0a</data></write>
    <read><delim>\x0a</delim><match><data>Access allowed\x0a</data></match></read>
    <read><delim>\x0a</delim><match><data>Welcome szigukc\x0a</data></match></read>
    <read><length>2</length><match><data>\x3e </data></match></read>
    <write><data>perms README.txt 0\x0a</data></write>
    <read><delim>\x0a</delim><match><data>permission denied\x0a</data></match></read>
    <read><length>2</length><match><data>\x3e </data></match></read>
    <write><data>copy README.txt tbivjmytvq\x0a</data></write>
    <read><length>2</length><match><data>\x3e </data></match></read>
    <write><data>show README.txt\x0a</data></write>
    <read><delim>\x0a</delim><match><data>Welcome to the interactive filesystem shell. Valid commands are make\x2c makememfile\x2c erase\x2c list\x2c copy\x2c write\x2c show\x2c first\x2c last\x2c and perms.\x0a</data></match></read>
    <read><length>2</length><match><data>\x3e </data></match></read>
    <write><data>last authentication.db 10\x0a</data></write>
    <read><delim>\x0a</delim><match><data>permission denied\x0a</data></match></read>
    <read><length>2</length><match><data>\x3e </data></match></read>
    <write><data>last authentication.db 10\x0a</data></write>
    <read><delim>\x0a</delim><match><data>permission denied\x0a</data></match></read>
    <read><length>2</length><match><data>\x3e </data></match></read>
    <write><data>first authentication.db 10\x0a</data></write>
    <read><delim>\x0a</delim><match><data>permission denied\x0a</data></match></read>
    <read><length>2</length><match><data>\x3e </data></match></read>
    <write><data>last authentication.db 10\x0a</data></write>
    <read><delim>\x0a</delim><match><data>permission denied\x0a</data></match></read>
    <read><length>2</length><match><data>\x3e </data></match></read>
    <write><data>last README.txt 10\x0a</data></write>
    <read><delim>\x0a</delim><match><data>and perms.\x0a</data></match></read>
    <read><length>2</length><match><data>\x3e </data></match></read>
    <write><data>show README.txt\x0a</data></write>
    <read><delim>\x0a</delim><match><data>Welcome to the interactive filesystem shell. Valid commands are make\x2c makememfile\x2c erase\x2c list\x2c copy\x2c write\x2c show\x2c first\x2c last\x2c and perms.\x0a</data></match></read>
    <read><length>2</length><match><data>\x3e </data></match></read>
    <write><data>copy README.txt ztdarvupngpgrgwcq\x0a</data></write>
    <read><length>2</length><match><data>\x3e </data></match></read>
    <write><data>last tbivjmytvq 10\x0a</data></write>
    <read><delim>\x0a</delim><match><data>and perms.\x0a</data></match></read>
    <read><length>2</length><match><data>\x3e </data></match></read>
    <write><data>show README.txt\x0a</data></write>
    <read><delim>\x0a</delim><match><data>Welcome to the interactive filesystem shell. Valid commands are make\x2c makememfile\x2c erase\x2c list\x2c copy\x2c write\x2c show\x2c first\x2c last\x2c and perms.\x0a</data></match></read>
    <read><length>2</length><match><data>\x3e </data></match></read>
    <write><data>perms authentication.db 1\x0a</data></write>
    <read><delim>\x0a</delim><match><data>permission denied\x0a</data></match></read>
    <read><length>2</length><match><data>\x3e </data></match></read>
    <write><data>make aykos\x0a</data></write>
    <read><length>2</length><match><data>\x3e </data></match></read>
    <write><data>erase authentication.db\x0a</data></write>
    <read><delim>\x0a</delim><match><data>permission denied\x0a</data></match></read>
    <read><length>2</length><match><data>\x3e </data></match></read>
    <write><data>last tbivjmytvq 10\x0a</data></write>
    <read><delim>\x0a</delim><match><data>and perms.\x0a</data></match></read>
    <read><length>2</length><match><data>\x3e </data></match></read>
    <write><data>list\x0a</data></write>
    <read><delim>\x0a</delim><match><data>FILENAME                   SIZE        OWNER     O\x2dPERMS    TYPE\x0a</data></match></read>
    <read><delim>\x0a</delim><match><data>\x2d\x2d\x2d\x2d\x2d\x2d\x2d\x2d\x2d\x2d\x2d\x2d\x2d\x2d\x2d\x2d\x2d\x2d\x2d\x2d\x2d\x2d\x2d\x2d\x2d\x2d\x2d\x2d\x2d\x2d\x2d\x2d\x2d\x2d\x2d\x2d\x2d\x2d\x2d\x2d\x2d\x2d\x2d\x2d\x2d\x2d\x2d\x2d\x2d\x2d\x2d\x2d\x2d\x2d\x2d\x2d\x2d\x2d\x2d\x2d\x2d\x2d\x2d\x2d\x0a</data></match></read>
    <read><delim>\x0a</delim><match><data>README.txt                        138            RW    REG\x0a</data></match></read>
    <read><delim>\x0a</delim><match><data>authentication.db                4096            \x2d\x2d    ROM\x0a</data></match></read>
    <read><delim>\x0a</delim><match><data>tbivjmytvq                        138  szigukc   \x2d\x2d    REG\x0a</data></match></read>
    <read><delim>\x0a</delim><match><data>ztdarvupngpgrgwcq                 138  szigukc   \x2d\x2d    REG\x0a</data></match></read>
    <read><delim>\x0a</delim><match><data>aykos                               0  szigukc   \x2d\x2d    REG\x0a</data></match></read>
    <read><delim>\x0a</delim><match><data>\x0a</data></match></read>
    <read><length>2</length><match><data>\x3e </data></match></read>
    <write><data>list\x0a</data></write>
    <read><delim>\x0a</delim><match><data>FILENAME                   SIZE        OWNER     O\x2dPERMS    TYPE\x0a</data></match></read>
    <read><delim>\x0a</delim><match><data>\x2d\x2d\x2d\x2d\x2d\x2d\x2d\x2d\x2d\x2d\x2d\x2d\x2d\x2d\x2d\x2d\x2d\x2d\x2d\x2d\x2d\x2d\x2d\x2d\x2d\x2d\x2d\x2d\x2d\x2d\x2d\x2d\x2d\x2d\x2d\x2d\x2d\x2d\x2d\x2d\x2d\x2d\x2d\x2d\x2d\x2d\x2d\x2d\x2d\x2d\x2d\x2d\x2d\x2d\x2d\x2d\x2d\x2d\x2d\x2d\x2d\x2d\x2d\x2d\x0a</data></match></read>
    <read><delim>\x0a</delim><match><data>README.txt                        138            RW    REG\x0a</data></match></read>
    <read><delim>\x0a</delim><match><data>authentication.db                4096            \x2d\x2d    ROM\x0a</data></match></read>
    <read><delim>\x0a</delim><match><data>tbivjmytvq                        138  szigukc   \x2d\x2d    REG\x0a</data></match></read>
    <read><delim>\x0a</delim><match><data>ztdarvupngpgrgwcq                 138  szigukc   \x2d\x2d    REG\x0a</data></match></read>
    <read><delim>\x0a</delim><match><data>aykos                               0  szigukc   \x2d\x2d    REG\x0a</data></match></read>
    <read><delim>\x0a</delim><match><data>\x0a</data></match></read>
    <read><length>2</length><match><data>\x3e </data></match></read>
    <write><data>first README.txt 10\x0a</data></write>
    <read><delim>\x0a</delim><match><data>Welcome to\x0a</data></match></read>
    <read><length>2</length><match><data>\x3e </data></match></read>
    <write><data>perms ztdarvupngpgrgwcq 1\x0a</data></write>
    <read><length>2</length><match><data>\x3e </data></match></read>
    <write><data>first README.txt 10\x0a</data></write>
    <read><delim>\x0a</delim><match><data>Welcome to\x0a</data></match></read>
    <read><length>2</length><match><data>\x3e </data></match></read>
    <write><data>show authentication.db\x0a</data></write>
    <read><delim>\x0a</delim><match><data>permission denied\x0a</data></match></read>
    <read><length>2</length><match><data>\x3e </data></match></read>
    <write><data>show ztdarvupngpgrgwcq\x0a</data></write>
    <read><delim>\x0a</delim><match><data>Welcome to the interactive filesystem shell. Valid commands are make\x2c makememfile\x2c erase\x2c list\x2c copy\x2c write\x2c show\x2c first\x2c last\x2c and perms.\x0a</data></match></read>
    <read><length>2</length><match><data>\x3e </data></match></read>
    <write><data>copy authentication.db nhuzmufybaswypovc\x0a</data></write>
    <read><delim>\x0a</delim><match><data>permission denied\x0a</data></match></read>
    <read><length>2</length><match><data>\x3e </data></match></read>
    <write><data>make uwitijmxyxiasufuio\x0a</data></write>
    <read><length>2</length><match><data>\x3e </data></match></read>
    <write><data>perms README.txt 2\x0a</data></write>
    <read><delim>\x0a</delim><match><data>permission denied\x0a</data></match></read>
    <read><length>2</length><match><data>\x3e </data></match></read>
    <write><data>exit\x0a</data></write>
</replay>
</pov>