<?xml version="1.0" standalone="no" ?>
<!DOCTYPE pov SYSTEM "/usr/share/cgc-docs/replay.dtd">
<pov>
<cbid>service</cbid>
<seed>2eadb0d8d73cd7753dcb2a1f7d023e36a4281f588e3e857472a3c00c14f3f17ca71e419a12551b1dc7643e635bdb9d22</seed>
<replay>
    <read><length>7</length><match><data>login: </data></match></read>
    <write><data>lpvffcx 1462\x0a</data></write>
    <read><delim>\x0a</delim><match><data>Access allowed\x0a</data></match></read>
    <read><delim>\x0a</delim><match><data>Welcome lpvffcx\x0a</data></match></read>
    <read><length>2</length><match><data>\x3e </data></match></read>
    <write><data>write README.txt\x0a</data></write>
    <write><data>bgsiigohjyyvhthrmxrvplaqqabn\x0a\x0a</data></write>
    <read><length>2</length><match><data>\x3e </data></match></read>
    <write><data>first README.txt 10\x0a</data></write>
    <read><delim>\x0a</delim><match><data>bgsiigohjy\x0a</data></match></read>
    <read><length>2</length><match><data>\x3e </data></match></read>
    <write><data>write README.txt\x0a</data></write>
    <write><data>ardbxevgnyzezmxvwzyedbeitjaxvhytsxlncfgzwryptyylrbgdctgokdio\x0a\x0a</data></write>
    <read><length>2</length><match><data>\x3e </data></match></read>
    <write><data>list\x0a</data></write>
    <read><delim>\x0a</delim><match><data>FILENAME                   SIZE        OWNER     O\x2dPERMS    TYPE\x0a</data></match></read>
    <read><delim>\x0a</delim><match><data>\x2d\x2d\x2d\x2d\x2d\x2d\x2d\x2d\x2d\x2d\x2d\x2d\x2d\x2d\x2d\x2d\x2d\x2d\x2d\x2d\x2d\x2d\x2d\x2d\x2d\x2d\x2d\x2d\x2d\x2d\x2d\x2d\x2d\x2d\x2d\x2d\x2d\x2d\x2d\x2d\x2d\x2d\x2d\x2d\x2d\x2d\x2d\x2d\x2d\x2d\x2d\x2d\x2d\x2d\x2d\x2d\x2d\x2d\x2d\x2d\x2d\x2d\x2d\x2d\x0a</data></match></read>
    <read><delim>\x0a</delim><match><data>README.txt                         60            RW    REG\x0a</data></match></read>
    <read><delim>\x0a</delim><match><data>authentication.db                4096            \x2d\x2d    ROM\x0a</data></match></read>
    <read><delim>\x0a</delim><match><data>\x0a</data></match></read>
    <read><length>2</length><match><data>\x3e </data></match></read>
    <write><data>list\x0a</data></write>
    <read><delim>\x0a</delim><match><data>FILENAME                   SIZE        OWNER     O\x2dPERMS    TYPE\x0a</data></match></read>
    <read><delim>\x0a</delim><match><data>\x2d\x2d\x2d\x2d\x2d\x2d\x2d\x2d\x2d\x2d\x2d\x2d\x2d\x2d\x2d\x2d\x2d\x2d\x2d\x2d\x2d\x2d\x2d\x2d\x2d\x2d\x2d\x2d\x2d\x2d\x2d\x2d\x2d\x2d\x2d\x2d\x2d\x2d\x2d\x2d\x2d\x2d\x2d\x2d\x2d\x2d\x2d\x2d\x2d\x2d\x2d\x2d\x2d\x2d\x2d\x2d\x2d\x2d\x2d\x2d\x2d\x2d\x2d\x2d\x0a</data></match></read>
    <read><delim>\x0a</delim><match><data>README.txt                         60            RW    REG\x0a</data></match></read>
    <read><delim>\x0a</delim><match><data>authentication.db                4096            \x2d\x2d    ROM\x0a</data></match></read>
    <read><delim>\x0a</delim><match><data>\x0a</data></match></read>
    <read><length>2</length><match><data>\x3e </data></match></read>
    <write><data>show README.txt\x0a</data></write>
    <read><delim>\x0a</delim><match><data>ardbxevgnyzezmxvwzyedbeitjaxvhytsxlncfgzwryptyylrbgdctgokdio\x0a</data></match></read>
    <read><length>2</length><match><data>\x3e </data></match></read>
    <write><data>write README.txt\x0a</data></write>
    <write><data>ofsuhegbkchrmvsgqfxsici\x0a\x0a</data></write>
    <read><length>2</length><match><data>\x3e </data></match></read>
    <write><data>erase README.txt\x0a</data></write>
    <read><length>2</length><match><data>\x3e </data></match></read>
    <write><data>\x0a</data></write>
    <read><length>2</length><match><data>\x3e </data></match></read>
    <write><data>make jsvfovpzpplqelgoiyf\x0a</data></write>
    <read><length>2</length><match><data>\x3e </data></match></read>
    <write><data>last jsvfovpzpplqelgoiyf 10\x0a</data></write>
    <read><delim>\x0a</delim><match><data>\x0a</data></match></read>
    <read><length>2</length><match><data>\x3e </data></match></read>
    <write><data>list\x0a</data></write>
    <read><delim>\x0a</delim><match><data>FILENAME                   SIZE        OWNER     O\x2dPERMS    TYPE\x0a</data></match></read>
    <read><delim>\x0a</delim><match><data>\x2d\x2d\x2d\x2d\x2d\x2d\x2d\x2d\x2d\x2d\x2d\x2d\x2d\x2d\x2d\x2d\x2d\x2d\x2d\x2d\x2d\x2d\x2d\x2d\x2d\x2d\x2d\x2d\x2d\x2d\x2d\x2d\x2d\x2d\x2d\x2d\x2d\x2d\x2d\x2d\x2d\x2d\x2d\x2d\x2d\x2d\x2d\x2d\x2d\x2d\x2d\x2d\x2d\x2d\x2d\x2d\x2d\x2d\x2d\x2d\x2d\x2d\x2d\x2d\x0a</data></match></read>
    <read><delim>\x0a</delim><match><data>jsvfovpzpplqelgoiyf                 0  lpvffcx   \x2d\x2d    REG\x0a</data></match></read>
    <read><delim>\x0a</delim><match><data>authentication.db                4096            \x2d\x2d    ROM\x0a</data></match></read>
    <read><delim>\x0a</delim><match><data>\x0a</data></match></read>
    <read><length>2</length><match><data>\x3e </data></match></read>
    <write><data>exit\x0a</data></write>
</replay>
</pov>