<?xml version="1.0" standalone="no" ?>
<!DOCTYPE pov SYSTEM "/usr/share/cgc-docs/replay.dtd">
<pov>
<cbid>service</cbid>
<seed>f1e1128f7e3b4d4f58e3f6fae84b4171483d35c78e6f3d6deb37e9d554dda80eda10b721fe4761f1423ae8ffb8d045c1</seed>
<replay>
    <read><length>7</length><match><data>login: </data></match></read>
    <write><data>lukmzph 1451\x0a</data></write>
    <read><delim>\x0a</delim><match><data>Access allowed\x0a</data></match></read>
    <read><delim>\x0a</delim><match><data>Welcome lukmzph\x0a</data></match></read>
    <read><length>2</length><match><data>\x3e </data></match></read>
    <write><data>write README.txt\x0a</data></write>
    <write><data>tdoxwsczawmzrczputbtpwtrutyzituhhkghfcifesmsfncpupphrfpsexvunkvxxxovlpmguswecckuumsczavttnvrjiijdcda\x0a\x0a</data></write>
    <read><length>2</length><match><data>\x3e </data></match></read>
    <write><data>list\x0a</data></write>
    <read><delim>\x0a</delim><match><data>FILENAME                   SIZE        OWNER     O\x2dPERMS    TYPE\x0a</data></match></read>
    <read><delim>\x0a</delim><match><data>\x2d\x2d\x2d\x2d\x2d\x2d\x2d\x2d\x2d\x2d\x2d\x2d\x2d\x2d\x2d\x2d\x2d\x2d\x2d\x2d\x2d\x2d\x2d\x2d\x2d\x2d\x2d\x2d\x2d\x2d\x2d\x2d\x2d\x2d\x2d\x2d\x2d\x2d\x2d\x2d\x2d\x2d\x2d\x2d\x2d\x2d\x2d\x2d\x2d\x2d\x2d\x2d\x2d\x2d\x2d\x2d\x2d\x2d\x2d\x2d\x2d\x2d\x2d\x2d\x0a</data></match></read>
    <read><delim>\x0a</delim><match><data>README.txt                        100            RW    REG\x0a</data></match></read>
    <read><delim>\x0a</delim><match><data>authentication.db                4096            \x2d\x2d    ROM\x0a</data></match></read>
    <read><delim>\x0a</delim><match><data>\x0a</data></match></read>
    <read><length>2</length><match><data>\x3e </data></match></read>
    <write><data>last README.txt 10\x0a</data></write>
    <read><delim>\x0a</delim><match><data>vrjiijdcda\x0a</data></match></read>
    <read><length>2</length><match><data>\x3e </data></match></read>
    <write><data>make hiedcwzrxbddl\x0a</data></write>
    <read><length>2</length><match><data>\x3e </data></match></read>
    <write><data>erase authentication.db\x0a</data></write>
    <read><delim>\x0a</delim><match><data>permission denied\x0a</data></match></read>
    <read><length>2</length><match><data>\x3e </data></match></read>
    <write><data>perms README.txt 2\x0a</data></write>
    <read><delim>\x0a</delim><match><data>permission denied\x0a</data></match></read>
    <read><length>2</length><match><data>\x3e </data></match></read>
    <write><data>show authentication.db\x0a</data></write>
    <read><delim>\x0a</delim><match><data>permission denied\x0a</data></match></read>
    <read><length>2</length><match><data>\x3e </data></match></read>
    <write><data>last README.txt 10\x0a</data></write>
    <read><delim>\x0a</delim><match><data>vrjiijdcda\x0a</data></match></read>
    <read><length>2</length><match><data>\x3e </data></match></read>
    <write><data>make twkngh\x0a</data></write>
    <read><length>2</length><match><data>\x3e </data></match></read>
    <write><data>erase hiedcwzrxbddl\x0a</data></write>
    <read><length>2</length><match><data>\x3e </data></match></read>
    <write><data>show README.txt\x0a</data></write>
    <read><delim>\x0a</delim><match><data>tdoxwsczawmzrczputbtpwtrutyzituhhkghfcifesmsfncpupphrfpsexvunkvxxxovlpmguswecckuumsczavttnvrjiijdcda\x0a</data></match></read>
    <read><length>2</length><match><data>\x3e </data></match></read>
    <write><data>erase README.txt\x0a</data></write>
    <read><length>2</length><match><data>\x3e </data></match></read>
    <write><data>show authentication.db\x0a</data></write>
    <read><delim>\x0a</delim><match><data>permission denied\x0a</data></match></read>
    <read><length>2</length><match><data>\x3e </data></match></read>
    <write><data>first authentication.db 10\x0a</data></write>
    <read><delim>\x0a</delim><match><data>permission denied\x0a</data></match></read>
    <read><length>2</length><match><data>\x3e </data></match></read>
    <write><data>make xvgxiah\x0a</data></write>
    <read><length>2</length><match><data>\x3e </data></match></read>
    <write><data>erase authentication.db\x0a</data></write>
    <read><delim>\x0a</delim><match><data>permission denied\x0a</data></match></read>
    <read><length>2</length><match><data>\x3e </data></match></read>
    <write><data>first xvgxiah 10\x0a</data></write>
    <read><delim>\x0a</delim><match><data>\x0a</data></match></read>
    <read><length>2</length><match><data>\x3e </data></match></read>
    <write><data>last xvgxiah 10\x0a</data></write>
    <read><delim>\x0a</delim><match><data>\x0a</data></match></read>
    <read><length>2</length><match><data>\x3e </data></match></read>
    <write><data>list\x0a</data></write>
    <read><delim>\x0a</delim><match><data>FILENAME                   SIZE        OWNER     O\x2dPERMS    TYPE\x0a</data></match></read>
    <read><delim>\x0a</delim><match><data>\x2d\x2d\x2d\x2d\x2d\x2d\x2d\x2d\x2d\x2d\x2d\x2d\x2d\x2d\x2d\x2d\x2d\x2d\x2d\x2d\x2d\x2d\x2d\x2d\x2d\x2d\x2d\x2d\x2d\x2d\x2d\x2d\x2d\x2d\x2d\x2d\x2d\x2d\x2d\x2d\x2d\x2d\x2d\x2d\x2d\x2d\x2d\x2d\x2d\x2d\x2d\x2d\x2d\x2d\x2d\x2d\x2d\x2d\x2d\x2d\x2d\x2d\x2d\x2d\x0a</data></match></read>
    <read><delim>\x0a</delim><match><data>xvgxiah                             0  lukmzph   \x2d\x2d    REG\x0a</data></match></read>
    <read><delim>\x0a</delim><match><data>authentication.db                4096            \x2d\x2d    ROM\x0a</data></match></read>
    <read><delim>\x0a</delim><match><data>twkngh                              0  lukmzph   \x2d\x2d    REG\x0a</data></match></read>
    <read><delim>\x0a</delim><match><data>\x0a</data></match></read>
    <read><length>2</length><match><data>\x3e </data></match></read>
    <write><data>perms authentication.db 2\x0a</data></write>
    <read><delim>\x0a</delim><match><data>permission denied\x0a</data></match></read>
    <read><length>2</length><match><data>\x3e </data></match></read>
    <write><data>show authentication.db\x0a</data></write>
    <read><delim>\x0a</delim><match><data>permission denied\x0a</data></match></read>
    <read><length>2</length><match><data>\x3e </data></match></read>
    <write><data>perms xvgxiah 0\x0a</data></write>
    <read><length>2</length><match><data>\x3e </data></match></read>
    <write><data>copy authentication.db iqjgcfdaecvetqd\x0a</data></write>
    <read><delim>\x0a</delim><match><data>permission denied\x0a</data></match></read>
    <read><length>2</length><match><data>\x3e </data></match></read>
    <write><data>last xvgxiah 10\x0a</data></write>
    <read><delim>\x0a</delim><match><data>\x0a</data></match></read>
    <read><length>2</length><match><data>\x3e </data></match></read>
    <write><data>write xvgxiah\x0a</data></write>
    <write><data>qwpjqauqlurmxnvhlxocdubwemdxbtzumofklertxeosirgqbiimjnwujdakeikbrirvynejidznjlpwvedlivrawzfvioczkqo\x0a\x0a</data></write>
    <read><length>2</length><match><data>\x3e </data></match></read>
    <write><data>copy authentication.db eabexlmlyxjfrla\x0a</data></write>
    <read><delim>\x0a</delim><match><data>permission denied\x0a</data></match></read>
    <read><length>2</length><match><data>\x3e </data></match></read>
    <write><data>last xvgxiah 10\x0a</data></write>
    <read><delim>\x0a</delim><match><data>zfvioczkqo\x0a</data></match></read>
    <read><length>2</length><match><data>\x3e </data></match></read>
    <write><data>write authentication.db\x0a</data></write>
    <read><delim>\x0a</delim><match><data>permission denied\x0a</data></match></read>
    <read><length>2</length><match><data>\x3e </data></match></read>
    <write><data>last authentication.db 10\x0a</data></write>
    <read><delim>\x0a</delim><match><data>permission denied\x0a</data></match></read>
    <read><length>2</length><match><data>\x3e </data></match></read>
    <write><data>last authentication.db 10\x0a</data></write>
    <read><delim>\x0a</delim><match><data>permission denied\x0a</data></match></read>
    <read><length>2</length><match><data>\x3e </data></match></read>
    <write><data>copy authentication.db lhboks\x0a</data></write>
    <read><delim>\x0a</delim><match><data>permission denied\x0a</data></match></read>
    <read><length>2</length><match><data>\x3e </data></match></read>
    <write><data>show xvgxiah\x0a</data></write>
    <read><delim>\x0a</delim><match><data>qwpjqauqlurmxnvhlxocdubwemdxbtzumofklertxeosirgqbiimjnwujdakeikbrirvynejidznjlpwvedlivrawzfvioczkqo\x0a</data></match></read>
    <read><length>2</length><match><data>\x3e </data></match></read>
    <write><data>erase xvgxiah\x0a</data></write>
    <read><length>2</length><match><data>\x3e </data></match></read>
    <write><data>copy authentication.db mhhbkwww\x0a</data></write>
    <read><delim>\x0a</delim><match><data>permission denied\x0a</data></match></read>
    <read><length>2</length><match><data>\x3e </data></match></read>
    <write><data>write authentication.db\x0a</data></write>
    <read><delim>\x0a</delim><match><data>permission denied\x0a</data></match></read>
    <read><length>2</length><match><data>\x3e </data></match></read>
    <write><data>first authentication.db 10\x0a</data></write>
    <read><delim>\x0a</delim><match><data>permission denied\x0a</data></match></read>
    <read><length>2</length><match><data>\x3e </data></match></read>
    <write><data>first authentication.db 10\x0a</data></write>
    <read><delim>\x0a</delim><match><data>permission denied\x0a</data></match></read>
    <read><length>2</length><match><data>\x3e </data></match></read>
    <write><data>make mqlhifsaqaebyunn\x0a</data></write>
    <read><length>2</length><match><data>\x3e </data></match></read>
    <write><data>perms mqlhifsaqaebyunn 1\x0a</data></write>
    <read><length>2</length><match><data>\x3e </data></match></read>
    <write><data>copy authentication.db dwoogevl\x0a</data></write>
    <read><delim>\x0a</delim><match><data>permission denied\x0a</data></match></read>
    <read><length>2</length><match><data>\x3e </data></match></read>
    <write><data>write authentication.db\x0a</data></write>
    <read><delim>\x0a</delim><match><data>permission denied\x0a</data></match></read>
    <read><length>2</length><match><data>\x3e </data></match></read>
    <write><data>copy authentication.db hjsikjnkbhyxpvue\x0a</data></write>
    <read><delim>\x0a</delim><match><data>permission denied\x0a</data></match></read>
    <read><length>2</length><match><data>\x3e </data></match></read>
    <write><data>list\x0a</data></write>
    <read><delim>\x0a</delim><match><data>FILENAME                   SIZE        OWNER     O\x2dPERMS    TYPE\x0a</data></match></read>
    <read><delim>\x0a</delim><match><data>\x2d\x2d\x2d\x2d\x2d\x2d\x2d\x2d\x2d\x2d\x2d\x2d\x2d\x2d\x2d\x2d\x2d\x2d\x2d\x2d\x2d\x2d\x2d\x2d\x2d\x2d\x2d\x2d\x2d\x2d\x2d\x2d\x2d\x2d\x2d\x2d\x2d\x2d\x2d\x2d\x2d\x2d\x2d\x2d\x2d\x2d\x2d\x2d\x2d\x2d\x2d\x2d\x2d\x2d\x2d\x2d\x2d\x2d\x2d\x2d\x2d\x2d\x2d\x2d\x0a</data></match></read>
    <read><delim>\x0a</delim><match><data>mqlhifsaqaebyunn                    0  lukmzph   \x2dW    REG\x0a</data></match></read>
    <read><delim>\x0a</delim><match><data>authentication.db                4096            \x2d\x2d    ROM\x0a</data></match></read>
    <read><delim>\x0a</delim><match><data>twkngh                              0  lukmzph   \x2d\x2d    REG\x0a</data></match></read>
    <read><delim>\x0a</delim><match><data>\x0a</data></match></read>
    <read><length>2</length><match><data>\x3e </data></match></read>
    <write><data>first authentication.db 10\x0a</data></write>
    <read><delim>\x0a</delim><match><data>permission denied\x0a</data></match></read>
    <read><length>2</length><match><data>\x3e </data></match></read>
    <write><data>first mqlhifsaqaebyunn 10\x0a</data></write>
    <read><delim>\x0a</delim><match><data>\x0a</data></match></read>
    <read><length>2</length><match><data>\x3e </data></match></read>
    <write><data>show authentication.db\x0a</data></write>
    <read><delim>\x0a</delim><match><data>permission denied\x0a</data></match></read>
    <read><length>2</length><match><data>\x3e </data></match></read>
    <write><data>write authentication.db\x0a</data></write>
    <read><delim>\x0a</delim><match><data>permission denied\x0a</data></match></read>
    <read><length>2</length><match><data>\x3e </data></match></read>
    <write><data>make hncowvxqrayfqjfy\x0a</data></write>
    <read><length>2</length><match><data>\x3e </data></match></read>
    <write><data>perms hncowvxqrayfqjfy 3\x0a</data></write>
    <read><length>2</length><match><data>\x3e </data></match></read>
    <write><data>make demlvbm\x0a</data></write>
    <read><length>2</length><match><data>\x3e </data></match></read>
    <write><data>first mqlhifsaqaebyunn 10\x0a</data></write>
    <read><delim>\x0a</delim><match><data>\x0a</data></match></read>
    <read><length>2</length><match><data>\x3e </data></match></read>
    <write><data>list\x0a</data></write>
    <read><delim>\x0a</delim><match><data>FILENAME                   SIZE        OWNER     O\x2dPERMS    TYPE\x0a</data></match></read>
    <read><delim>\x0a</delim><match><data>\x2d\x2d\x2d\x2d\x2d\x2d\x2d\x2d\x2d\x2d\x2d\x2d\x2d\x2d\x2d\x2d\x2d\x2d\x2d\x2d\x2d\x2d\x2d\x2d\x2d\x2d\x2d\x2d\x2d\x2d\x2d\x2d\x2d\x2d\x2d\x2d\x2d\x2d\x2d\x2d\x2d\x2d\x2d\x2d\x2d\x2d\x2d\x2d\x2d\x2d\x2d\x2d\x2d\x2d\x2d\x2d\x2d\x2d\x2d\x2d\x2d\x2d\x2d\x2d\x0a</data></match></read>
    <read><delim>\x0a</delim><match><data>mqlhifsaqaebyunn                    0  lukmzph   \x2dW    REG\x0a</data></match></read>
    <read><delim>\x0a</delim><match><data>authentication.db                4096            \x2d\x2d    ROM\x0a</data></match></read>
    <read><delim>\x0a</delim><match><data>hncowvxqrayfqjfy                    0  lukmzph   RW    REG\x0a</data></match></read>
    <read><delim>\x0a</delim><match><data>twkngh                              0  lukmzph   \x2d\x2d    REG\x0a</data></match></read>
    <read><delim>\x0a</delim><match><data>demlvbm                             0  lukmzph   \x2d\x2d    REG\x0a</data></match></read>
    <read><delim>\x0a</delim><match><data>\x0a</data></match></read>
    <read><length>2</length><match><data>\x3e </data></match></read>
    <write><data>list\x0a</data></write>
    <read><delim>\x0a</delim><match><data>FILENAME                   SIZE        OWNER     O\x2dPERMS    TYPE\x0a</data></match></read>
    <read><delim>\x0a</delim><match><data>\x2d\x2d\x2d\x2d\x2d\x2d\x2d\x2d\x2d\x2d\x2d\x2d\x2d\x2d\x2d\x2d\x2d\x2d\x2d\x2d\x2d\x2d\x2d\x2d\x2d\x2d\x2d\x2d\x2d\x2d\x2d\x2d\x2d\x2d\x2d\x2d\x2d\x2d\x2d\x2d\x2d\x2d\x2d\x2d\x2d\x2d\x2d\x2d\x2d\x2d\x2d\x2d\x2d\x2d\x2d\x2d\x2d\x2d\x2d\x2d\x2d\x2d\x2d\x2d\x0a</data></match></read>
    <read><delim>\x0a</delim><match><data>mqlhifsaqaebyunn                    0  lukmzph   \x2dW    REG\x0a</data></match></read>
    <read><delim>\x0a</delim><match><data>authentication.db                4096            \x2d\x2d    ROM\x0a</data></match></read>
    <read><delim>\x0a</delim><match><data>hncowvxqrayfqjfy                    0  lukmzph   RW    REG\x0a</data></match></read>
    <read><delim>\x0a</delim><match><data>twkngh                              0  lukmzph   \x2d\x2d    REG\x0a</data></match></read>
    <read><delim>\x0a</delim><match><data>demlvbm                             0  lukmzph   \x2d\x2d    REG\x0a</data></match></read>
    <read><delim>\x0a</delim><match><data>\x0a</data></match></read>
    <read><length>2</length><match><data>\x3e </data></match></read>
    <write><data>perms authentication.db 3\x0a</data></write>
    <read><delim>\x0a</delim><match><data>permission denied\x0a</data></match></read>
    <read><length>2</length><match><data>\x3e </data></match></read>
    <write><data>show hncowvxqrayfqjfy\x0a</data></write>
    <read><delim>\x0a</delim><match><data>\x0a</data></match></read>
    <read><length>2</length><match><data>\x3e </data></match></read>
    <write><data>perms authentication.db 0\x0a</data></write>
    <read><delim>\x0a</delim><match><data>permission denied\x0a</data></match></read>
    <read><length>2</length><match><data>\x3e </data></match></read>
    <write><data>first hncowvxqrayfqjfy 10\x0a</data></write>
    <read><delim>\x0a</delim><match><data>\x0a</data></match></read>
    <read><length>2</length><match><data>\x3e </data></match></read>
    <write><data>last authentication.db 10\x0a</data></write>
    <read><delim>\x0a</delim><match><data>permission denied\x0a</data></match></read>
    <read><length>2</length><match><data>\x3e </data></match></read>
    <write><data>last twkngh 10\x0a</data></write>
    <read><delim>\x0a</delim><match><data>\x0a</data></match></read>
    <read><length>2</length><match><data>\x3e </data></match></read>
    <write><data>write hncowvxqrayfqjfy\x0a</data></write>
    <write><data>dikgabdysbgfobzyvbsdczpojhgomuaktlirzzkpybctgawrgofjelznrnrzqwbljkilqznjmgrhizimtezsjzxxrmowkpr\x0a\x0a</data></write>
    <read><length>2</length><match><data>\x3e </data></match></read>
    <write><data>first twkngh 10\x0a</data></write>
    <read><delim>\x0a</delim><match><data>\x0a</data></match></read>
    <read><length>2</length><match><data>\x3e </data></match></read>
    <write><data>perms hncowvxqrayfqjfy 1\x0a</data></write>
    <read><length>2</length><match><data>\x3e </data></match></read>
    <write><data>make kqdkmxekcdjgiazb\x0a</data></write>
    <read><length>2</length><match><data>\x3e </data></match></read>
    <write><data>make fbunx\x0a</data></write>
    <read><length>2</length><match><data>\x3e </data></match></read>
    <write><data>last demlvbm 10\x0a</data></write>
    <read><delim>\x0a</delim><match><data>\x0a</data></match></read>
    <read><length>2</length><match><data>\x3e </data></match></read>
    <write><data>logout\x0a</data></write>
    <read><delim>\x0a</delim><match><data>bye felicia\x0a</data></match></read>
    <read><length>7</length><match><data>login: </data></match></read>
    <write><data>swqlmhq 47444\x0a</data></write>
    <read><delim>\x0a</delim><match><data>Invalid login\x0a</data></match></read>
    <read><length>7</length><match><data>login: </data></match></read>
    <write><data>brvvyzk 15362\x0a</data></write>
    <read><delim>\x0a</delim><match><data>Invalid login\x0a</data></match></read>
    <read><length>7</length><match><data>login: </data></match></read>
    <write><data>dniwcym 3907\x0a</data></write>
    <read><delim>\x0a</delim><match><data>Invalid login\x0a</data></match></read>
    <read><length>7</length><match><data>login: </data></match></read>
    <write><data>kexbbba 1642\x0a</data></write>
    <read><delim>\x0a</delim><match><data>Access allowed\x0a</data></match></read>
    <read><delim>\x0a</delim><match><data>Welcome kexbbba\x0a</data></match></read>
    <read><length>2</length><match><data>\x3e </data></match></read>
    <write><data>first hncowvxqrayfqjfy 10\x0a</data></write>
    <read><delim>\x0a</delim><match><data>permission denied for read\x0a</data></match></read>
    <read><length>2</length><match><data>\x3e </data></match></read>
    <write><data>show twkngh\x0a</data></write>
    <read><delim>\x0a</delim><match><data>permission denied\x0a</data></match></read>
    <read><length>2</length><match><data>\x3e </data></match></read>
    <write><data>first kqdkmxekcdjgiazb 10\x0a</data></write>
    <read><delim>\x0a</delim><match><data>permission denied\x0a</data></match></read>
    <read><length>2</length><match><data>\x3e </data></match></read>
    <write><data>last kqdkmxekcdjgiazb 10\x0a</data></write>
    <read><delim>\x0a</delim><match><data>permission denied\x0a</data></match></read>
    <read><length>2</length><match><data>\x3e </data></match></read>
    <write><data>erase kqdkmxekcdjgiazb\x0a</data></write>
    <read><delim>\x0a</delim><match><data>permission denied\x0a</data></match></read>
    <read><length>2</length><match><data>\x3e </data></match></read>
    <write><data>copy twkngh uqnnvknemtftsm\x0a</data></write>
    <read><delim>\x0a</delim><match><data>permission denied\x0a</data></match></read>
    <read><length>2</length><match><data>\x3e </data></match></read>
    <write><data>first hncowvxqrayfqjfy 10\x0a</data></write>
    <read><delim>\x0a</delim><match><data>permission denied for read\x0a</data></match></read>
    <read><length>2</length><match><data>\x3e </data></match></read>
    <write><data>first demlvbm 10\x0a</data></write>
    <read><delim>\x0a</delim><match><data>permission denied\x0a</data></match></read>
    <read><length>2</length><match><data>\x3e </data></match></read>
    <write><data>last kqdkmxekcdjgiazb 10\x0a</data></write>
    <read><delim>\x0a</delim><match><data>permission denied\x0a</data></match></read>
    <read><length>2</length><match><data>\x3e </data></match></read>
    <write><data>last kqdkmxekcdjgiazb 10\x0a</data></write>
    <read><delim>\x0a</delim><match><data>permission denied\x0a</data></match></read>
    <read><length>2</length><match><data>\x3e </data></match></read>
    <write><data>show hncowvxqrayfqjfy\x0a</data></write>
    <read><delim>\x0a</delim><match><data>permission denied for read\x0a</data></match></read>
    <read><length>2</length><match><data>\x3e </data></match></read>
    <write><data>last hncowvxqrayfqjfy 10\x0a</data></write>
    <read><delim>\x0a</delim><match><data>permission denied for read\x0a</data></match></read>
    <read><length>2</length><match><data>\x3e </data></match></read>
    <write><data>first demlvbm 10\x0a</data></write>
    <read><delim>\x0a</delim><match><data>permission denied\x0a</data></match></read>
    <read><length>2</length><match><data>\x3e </data></match></read>
    <write><data>perms kqdkmxekcdjgiazb 3\x0a</data></write>
    <read><delim>\x0a</delim><match><data>permission denied\x0a</data></match></read>
    <read><length>2</length><match><data>\x3e </data></match></read>
    <write><data>write demlvbm\x0a</data></write>
    <read><delim>\x0a</delim><match><data>permission denied\x0a</data></match></read>
    <read><length>2</length><match><data>\x3e </data></match></read>
    <write><data>last authentication.db 10\x0a</data></write>
    <read><delim>\x0a</delim><match><data>permission denied\x0a</data></match></read>
    <read><length>2</length><match><data>\x3e </data></match></read>
    <write><data>copy kqdkmxekcdjgiazb ivrrstyp\x0a</data></write>
    <read><delim>\x0a</delim><match><data>permission denied\x0a</data></match></read>
    <read><length>2</length><match><data>\x3e </data></match></read>
    <write><data>logout\x0a</data></write>
    <read><delim>\x0a</delim><match><data>bye felicia\x0a</data></match></read>
    <read><length>7</length><match><data>login: </data></match></read>
    <write><data>rmiculv 1700\x0a</data></write>
    <read><delim>\x0a</delim><match><data>Access allowed\x0a</data></match></read>
    <read><delim>\x0a</delim><match><data>Welcome rmiculv\x0a</data></match></read>
    <read><length>2</length><match><data>\x3e </data></match></read>
    <write><data>list\x0a</data></write>
    <read><delim>\x0a</delim><match><data>FILENAME                   SIZE        OWNER     O\x2dPERMS    TYPE\x0a</data></match></read>
    <read><delim>\x0a</delim><match><data>\x2d\x2d\x2d\x2d\x2d\x2d\x2d\x2d\x2d\x2d\x2d\x2d\x2d\x2d\x2d\x2d\x2d\x2d\x2d\x2d\x2d\x2d\x2d\x2d\x2d\x2d\x2d\x2d\x2d\x2d\x2d\x2d\x2d\x2d\x2d\x2d\x2d\x2d\x2d\x2d\x2d\x2d\x2d\x2d\x2d\x2d\x2d\x2d\x2d\x2d\x2d\x2d\x2d\x2d\x2d\x2d\x2d\x2d\x2d\x2d\x2d\x2d\x2d\x2d\x0a</data></match></read>
    <read><delim>\x0a</delim><match><data>mqlhifsaqaebyunn                    0  lukmzph   \x2dW    REG\x0a</data></match></read>
    <read><delim>\x0a</delim><match><data>authentication.db                4096            \x2d\x2d    ROM\x0a</data></match></read>
    <read><delim>\x0a</delim><match><data>hncowvxqrayfqjfy                   95  lukmzph   \x2dW    REG\x0a</data></match></read>
    <read><delim>\x0a</delim><match><data>twkngh                              0  lukmzph   \x2d\x2d    REG\x0a</data></match></read>
    <read><delim>\x0a</delim><match><data>demlvbm                             0  lukmzph   \x2d\x2d    REG\x0a</data></match></read>
    <read><delim>\x0a</delim><match><data>kqdkmxekcdjgiazb                    0  lukmzph   \x2d\x2d    REG\x0a</data></match></read>
    <read><delim>\x0a</delim><match><data>fbunx                               0  lukmzph   \x2d\x2d    REG\x0a</data></match></read>
    <read><delim>\x0a</delim><match><data>\x0a</data></match></read>
    <read><length>2</length><match><data>\x3e </data></match></read>
    <write><data>write mqlhifsaqaebyunn\x0a</data></write>
    <write><data>bdxhlhhywkbcc\x0a\x0a</data></write>
    <read><length>2</length><match><data>\x3e </data></match></read>
    <write><data>last mqlhifsaqaebyunn 10\x0a</data></write>
    <read><delim>\x0a</delim><match><data>permission denied for read\x0a</data></match></read>
    <read><length>2</length><match><data>\x3e </data></match></read>
    <write><data>write twkngh\x0a</data></write>
    <read><delim>\x0a</delim><match><data>permission denied\x0a</data></match></read>
    <read><length>2</length><match><data>\x3e </data></match></read>
    <write><data>show hncowvxqrayfqjfy\x0a</data></write>
    <read><delim>\x0a</delim><match><data>permission denied for read\x0a</data></match></read>
    <read><length>2</length><match><data>\x3e </data></match></read>
    <write><data>make efuxrquafrw\x0a</data></write>
    <read><length>2</length><match><data>\x3e </data></match></read>
    <write><data>exit\x0a</data></write>
</replay>
</pov>