<?xml version="1.0" standalone="no" ?>
<!DOCTYPE pov SYSTEM "/usr/share/cgc-docs/replay.dtd">
<pov>
<cbid>service</cbid>
<seed>1b5f5ff0d9016e8c0b436da5223f5b487306ace92f552347c1b840dc93092c8c1327873b6c5d00e5236339f6c58b52cc</seed>
<replay>
    <read><length>7</length><match><data>login: </data></match></read>
    <write><data>yrevzrf 1654\x0a</data></write>
    <read><delim>\x0a</delim><match><data>Access allowed\x0a</data></match></read>
    <read><delim>\x0a</delim><match><data>Welcome yrevzrf\x0a</data></match></read>
    <read><length>2</length><match><data>\x3e </data></match></read>
    <write><data>first README.txt 10\x0a</data></write>
    <read><delim>\x0a</delim><match><data>Welcome to\x0a</data></match></read>
    <read><length>2</length><match><data>\x3e </data></match></read>
    <write><data>erase README.txt\x0a</data></write>
    <read><length>2</length><match><data>\x3e </data></match></read>
    <write><data>list\x0a</data></write>
    <read><delim>\x0a</delim><match><data>FILENAME                   SIZE        OWNER     O\x2dPERMS    TYPE\x0a</data></match></read>
    <read><delim>\x0a</delim><match><data>\x2d\x2d\x2d\x2d\x2d\x2d\x2d\x2d\x2d\x2d\x2d\x2d\x2d\x2d\x2d\x2d\x2d\x2d\x2d\x2d\x2d\x2d\x2d\x2d\x2d\x2d\x2d\x2d\x2d\x2d\x2d\x2d\x2d\x2d\x2d\x2d\x2d\x2d\x2d\x2d\x2d\x2d\x2d\x2d\x2d\x2d\x2d\x2d\x2d\x2d\x2d\x2d\x2d\x2d\x2d\x2d\x2d\x2d\x2d\x2d\x2d\x2d\x2d\x2d\x0a</data></match></read>
    <read><delim>\x0a</delim><match><data>authentication.db                4096            \x2d\x2d    ROM\x0a</data></match></read>
    <read><delim>\x0a</delim><match><data>\x0a</data></match></read>
    <read><length>2</length><match><data>\x3e </data></match></read>
    <write><data>\x0a</data></write>
    <read><length>2</length><match><data>\x3e </data></match></read>
    <write><data>\x0a</data></write>
    <read><length>2</length><match><data>\x3e </data></match></read>
    <write><data>\x0a</data></write>
    <read><length>2</length><match><data>\x3e </data></match></read>
    <write><data>list\x0a</data></write>
    <read><delim>\x0a</delim><match><data>FILENAME                   SIZE        OWNER     O\x2dPERMS    TYPE\x0a</data></match></read>
    <read><delim>\x0a</delim><match><data>\x2d\x2d\x2d\x2d\x2d\x2d\x2d\x2d\x2d\x2d\x2d\x2d\x2d\x2d\x2d\x2d\x2d\x2d\x2d\x2d\x2d\x2d\x2d\x2d\x2d\x2d\x2d\x2d\x2d\x2d\x2d\x2d\x2d\x2d\x2d\x2d\x2d\x2d\x2d\x2d\x2d\x2d\x2d\x2d\x2d\x2d\x2d\x2d\x2d\x2d\x2d\x2d\x2d\x2d\x2d\x2d\x2d\x2d\x2d\x2d\x2d\x2d\x2d\x2d\x0a</data></match></read>
    <read><delim>\x0a</delim><match><data>authentication.db                4096            \x2d\x2d    ROM\x0a</data></match></read>
    <read><delim>\x0a</delim><match><data>\x0a</data></match></read>
    <read><length>2</length><match><data>\x3e </data></match></read>
    <write><data>exit\x0a</data></write>
</replay>
</pov>