<?xml version="1.0" standalone="no" ?>
<!DOCTYPE pov SYSTEM "/usr/share/cgc-docs/replay.dtd">
<pov>
<cbid>service</cbid>
<seed>a4777286672904bb5e9839a465ad5df4dc74f13bcfb319583d82b2eef7fd6901914cf28a791bee9d8392534e7bc6fa4d</seed>
<replay>
    <read><length>7</length><match><data>login: </data></match></read>
    <write><data>tnsqwqf 1942\x0a</data></write>
    <read><delim>\x0a</delim><match><data>Access allowed\x0a</data></match></read>
    <read><delim>\x0a</delim><match><data>Welcome tnsqwqf\x0a</data></match></read>
    <read><length>2</length><match><data>\x3e </data></match></read>
    <write><data>make cbgdshy\x0a</data></write>
    <read><length>2</length><match><data>\x3e </data></match></read>
    <write><data>perms README.txt 3\x0a</data></write>
    <read><delim>\x0a</delim><match><data>permission denied\x0a</data></match></read>
    <read><length>2</length><match><data>\x3e </data></match></read>
    <write><data>copy README.txt saclbtkzima\x0a</data></write>
    <read><length>2</length><match><data>\x3e </data></match></read>
    <write><data>first cbgdshy 10\x0a</data></write>
    <read><delim>\x0a</delim><match><data>\x0a</data></match></read>
    <read><length>2</length><match><data>\x3e </data></match></read>
    <write><data>last authentication.db 10\x0a</data></write>
    <read><delim>\x0a</delim><match><data>permission denied\x0a</data></match></read>
    <read><length>2</length><match><data>\x3e </data></match></read>
    <write><data>copy authentication.db rocqyqanrkzppojbz\x0a</data></write>
    <read><delim>\x0a</delim><match><data>permission denied\x0a</data></match></read>
    <read><length>2</length><match><data>\x3e </data></match></read>
    <write><data>show cbgdshy\x0a</data></write>
    <read><delim>\x0a</delim><match><data>\x0a</data></match></read>
    <read><length>2</length><match><data>\x3e </data></match></read>
    <write><data>copy cbgdshy htjnjkub\x0a</data></write>
    <read><length>2</length><match><data>\x3e </data></match></read>
    <write><data>perms authentication.db 0\x0a</data></write>
    <read><delim>\x0a</delim><match><data>permission denied\x0a</data></match></read>
    <read><length>2</length><match><data>\x3e </data></match></read>
    <write><data>first saclbtkzima 10\x0a</data></write>
    <read><delim>\x0a</delim><match><data>Welcome to\x0a</data></match></read>
    <read><length>2</length><match><data>\x3e </data></match></read>
    <write><data>perms README.txt 1\x0a</data></write>
    <read><delim>\x0a</delim><match><data>permission denied\x0a</data></match></read>
    <read><length>2</length><match><data>\x3e </data></match></read>
    <write><data>last authentication.db 10\x0a</data></write>
    <read><delim>\x0a</delim><match><data>permission denied\x0a</data></match></read>
    <read><length>2</length><match><data>\x3e </data></match></read>
    <write><data>last saclbtkzima 10\x0a</data></write>
    <read><delim>\x0a</delim><match><data>and perms.\x0a</data></match></read>
    <read><length>2</length><match><data>\x3e </data></match></read>
    <write><data>list\x0a</data></write>
    <read><delim>\x0a</delim><match><data>FILENAME                   SIZE        OWNER     O\x2dPERMS    TYPE\x0a</data></match></read>
    <read><delim>\x0a</delim><match><data>\x2d\x2d\x2d\x2d\x2d\x2d\x2d\x2d\x2d\x2d\x2d\x2d\x2d\x2d\x2d\x2d\x2d\x2d\x2d\x2d\x2d\x2d\x2d\x2d\x2d\x2d\x2d\x2d\x2d\x2d\x2d\x2d\x2d\x2d\x2d\x2d\x2d\x2d\x2d\x2d\x2d\x2d\x2d\x2d\x2d\x2d\x2d\x2d\x2d\x2d\x2d\x2d\x2d\x2d\x2d\x2d\x2d\x2d\x2d\x2d\x2d\x2d\x2d\x2d\x0a</data></match></read>
    <read><delim>\x0a</delim><match><data>README.txt                        138            RW    REG\x0a</data></match></read>
    <read><delim>\x0a</delim><match><data>authentication.db                4096            \x2d\x2d    ROM\x0a</data></match></read>
    <read><delim>\x0a</delim><match><data>cbgdshy                             0  tnsqwqf   \x2d\x2d    REG\x0a</data></match></read>
    <read><delim>\x0a</delim><match><data>saclbtkzima                       138  tnsqwqf   \x2d\x2d    REG\x0a</data></match></read>
    <read><delim>\x0a</delim><match><data>htjnjkub                            0  tnsqwqf   \x2d\x2d    REG\x0a</data></match></read>
    <read><delim>\x0a</delim><match><data>\x0a</data></match></read>
    <read><length>2</length><match><data>\x3e </data></match></read>
    <write><data>copy authentication.db lycxsqncvljmbsmg\x0a</data></write>
    <read><delim>\x0a</delim><match><data>permission denied\x0a</data></match></read>
    <read><length>2</length><match><data>\x3e </data></match></read>
    <write><data>make lcybrn\x0a</data></write>
    <read><length>2</length><match><data>\x3e </data></match></read>
    <write><data>show cbgdshy\x0a</data></write>
    <read><delim>\x0a</delim><match><data>\x0a</data></match></read>
    <read><length>2</length><match><data>\x3e </data></match></read>
    <write><data>erase README.txt\x0a</data></write>
    <read><length>2</length><match><data>\x3e </data></match></read>
    <write><data>write htjnjkub\x0a</data></write>
    <write><data>unxxfrdbgtpw\x0a\x0a</data></write>
    <read><length>2</length><match><data>\x3e </data></match></read>
    <write><data>perms saclbtkzima 0\x0a</data></write>
    <read><length>2</length><match><data>\x3e </data></match></read>
    <write><data>first cbgdshy 10\x0a</data></write>
    <read><delim>\x0a</delim><match><data>\x0a</data></match></read>
    <read><length>2</length><match><data>\x3e </data></match></read>
    <write><data>write saclbtkzima\x0a</data></write>
    <write><data>mglepjgtcymqmbjeqonwivnwhimjbdwrcpkwd\x0a\x0a</data></write>
    <read><length>2</length><match><data>\x3e </data></match></read>
    <write><data>copy cbgdshy wlftpkgbfcpputy\x0a</data></write>
    <read><length>2</length><match><data>\x3e </data></match></read>
    <write><data>list\x0a</data></write>
    <read><delim>\x0a</delim><match><data>FILENAME                   SIZE        OWNER     O\x2dPERMS    TYPE\x0a</data></match></read>
    <read><delim>\x0a</delim><match><data>\x2d\x2d\x2d\x2d\x2d\x2d\x2d\x2d\x2d\x2d\x2d\x2d\x2d\x2d\x2d\x2d\x2d\x2d\x2d\x2d\x2d\x2d\x2d\x2d\x2d\x2d\x2d\x2d\x2d\x2d\x2d\x2d\x2d\x2d\x2d\x2d\x2d\x2d\x2d\x2d\x2d\x2d\x2d\x2d\x2d\x2d\x2d\x2d\x2d\x2d\x2d\x2d\x2d\x2d\x2d\x2d\x2d\x2d\x2d\x2d\x2d\x2d\x2d\x2d\x0a</data></match></read>
    <read><delim>\x0a</delim><match><data>wlftpkgbfcpputy                     0  tnsqwqf   \x2d\x2d    REG\x0a</data></match></read>
    <read><delim>\x0a</delim><match><data>authentication.db                4096            \x2d\x2d    ROM\x0a</data></match></read>
    <read><delim>\x0a</delim><match><data>cbgdshy                             0  tnsqwqf   \x2d\x2d    REG\x0a</data></match></read>
    <read><delim>\x0a</delim><match><data>saclbtkzima                        37  tnsqwqf   \x2d\x2d    REG\x0a</data></match></read>
    <read><delim>\x0a</delim><match><data>htjnjkub                           12  tnsqwqf   \x2d\x2d    REG\x0a</data></match></read>
    <read><delim>\x0a</delim><match><data>lcybrn                              0  tnsqwqf   \x2d\x2d    REG\x0a</data></match></read>
    <read><delim>\x0a</delim><match><data>\x0a</data></match></read>
    <read><length>2</length><match><data>\x3e </data></match></read>
    <write><data>list\x0a</data></write>
    <read><delim>\x0a</delim><match><data>FILENAME                   SIZE        OWNER     O\x2dPERMS    TYPE\x0a</data></match></read>
    <read><delim>\x0a</delim><match><data>\x2d\x2d\x2d\x2d\x2d\x2d\x2d\x2d\x2d\x2d\x2d\x2d\x2d\x2d\x2d\x2d\x2d\x2d\x2d\x2d\x2d\x2d\x2d\x2d\x2d\x2d\x2d\x2d\x2d\x2d\x2d\x2d\x2d\x2d\x2d\x2d\x2d\x2d\x2d\x2d\x2d\x2d\x2d\x2d\x2d\x2d\x2d\x2d\x2d\x2d\x2d\x2d\x2d\x2d\x2d\x2d\x2d\x2d\x2d\x2d\x2d\x2d\x2d\x2d\x0a</data></match></read>
    <read><delim>\x0a</delim><match><data>wlftpkgbfcpputy                     0  tnsqwqf   \x2d\x2d    REG\x0a</data></match></read>
    <read><delim>\x0a</delim><match><data>authentication.db                4096            \x2d\x2d    ROM\x0a</data></match></read>
    <read><delim>\x0a</delim><match><data>cbgdshy                             0  tnsqwqf   \x2d\x2d    REG\x0a</data></match></read>
    <read><delim>\x0a</delim><match><data>saclbtkzima                        37  tnsqwqf   \x2d\x2d    REG\x0a</data></match></read>
    <read><delim>\x0a</delim><match><data>htjnjkub                           12  tnsqwqf   \x2d\x2d    REG\x0a</data></match></read>
    <read><delim>\x0a</delim><match><data>lcybrn                              0  tnsqwqf   \x2d\x2d    REG\x0a</data></match></read>
    <read><delim>\x0a</delim><match><data>\x0a</data></match></read>
    <read><length>2</length><match><data>\x3e </data></match></read>
    <write><data>first cbgdshy 10\x0a</data></write>
    <read><delim>\x0a</delim><match><data>\x0a</data></match></read>
    <read><length>2</length><match><data>\x3e </data></match></read>
    <write><data>last cbgdshy 10\x0a</data></write>
    <read><delim>\x0a</delim><match><data>\x0a</data></match></read>
    <read><length>2</length><match><data>\x3e </data></match></read>
    <write><data>erase saclbtkzima\x0a</data></write>
    <read><length>2</length><match><data>\x3e </data></match></read>
    <write><data>first wlftpkgbfcpputy 10\x0a</data></write>
    <read><delim>\x0a</delim><match><data>\x0a</data></match></read>
    <read><length>2</length><match><data>\x3e </data></match></read>
    <write><data>write cbgdshy\x0a</data></write>
    <write><data>gtfnnpoflrbasaqaplahncrtqvtwdrqdyflzyhlpdworcrhurtjlgwahrrsyhzb\x0a\x0a</data></write>
    <read><length>2</length><match><data>\x3e </data></match></read>
    <write><data>copy cbgdshy xznohspbg\x0a</data></write>
    <read><length>2</length><match><data>\x3e </data></match></read>
    <write><data>erase xznohspbg\x0a</data></write>
    <read><length>2</length><match><data>\x3e </data></match></read>
    <write><data>perms cbgdshy 1\x0a</data></write>
    <read><length>2</length><match><data>\x3e </data></match></read>
    <write><data>first authentication.db 10\x0a</data></write>
    <read><delim>\x0a</delim><match><data>permission denied\x0a</data></match></read>
    <read><length>2</length><match><data>\x3e </data></match></read>
    <write><data>write wlftpkgbfcpputy\x0a</data></write>
    <write><data>bsmljbrzjwwpfxddnlhvehlqbtinpztxlfiicqhevjrplvwpjgombckhsjytwcqnereyjgyvgmshjfuzoamynqhdjegmo\x0a\x0a</data></write>
    <read><length>2</length><match><data>\x3e </data></match></read>
    <write><data>exit\x0a</data></write>
</replay>
</pov>