<?xml version="1.0" standalone="no" ?>
<!DOCTYPE pov SYSTEM "/usr/share/cgc-docs/replay.dtd">
<pov>
<cbid>service</cbid>
<seed>75ecfd3cf240bed96b0d3ecb24d1ba96f40f30114018537f6b05219d7d7503aaf2c22d420694319a3159db883ea740c5</seed>
<replay>
    <read><delim>\x0a</delim><match><data>Criminal at \x282\x2c 6\x29\x0a</data></match></read>
    <write><data>F\x23F\x23F\x23F\x23R\x23F\x23F\x23R\x23</data></write>
    <read><delim>\x0a</delim><match><pcre>Criminal caught in ([0-9]*) moves
</pcre></match></read>
    <read><delim>\x0a</delim><match><data>Criminal at \x287\x2c \x2d2\x29\x0a</data></match></read>
    <write><data>R\x23F\x23F\x23F\x23R\x23F\x23F\x23R\x23F\x23F\x23R\x23</data></write>
    <read><delim>\x0a</delim><match><pcre>Criminal caught in ([0-9]*) moves
</pcre></match></read>
    <read><delim>\x0a</delim><match><data>Criminal at \x28\x2d1\x2c 2\x29\x0a</data></match></read>
    <write><data>F\x23</data></write>
    <read><delim>\x0a</delim><match><pcre>Criminal caught in ([0-9]*) moves
</pcre></match></read>
    <read><delim>\x0a</delim><match><data>Criminal at \x286\x2c \x2d2\x29\x0a</data></match></read>
    <write><data>R\x23F\x23F\x23F\x23R\x23F\x23F\x23R\x23</data></write>
    <read><delim>\x0a</delim><match><pcre>Criminal caught in ([0-9]*) moves
</pcre></match></read>
    <read><delim>\x0a</delim><match><data>Criminal at \x28\x2d1\x2c \x2d3\x29\x0a</data></match></read>
    <write><data>R\x23R\x23F\x23R\x23F\x23F\x23R\x23F\x23F\x23R\x23</data></write>
    <read><delim>\x0a</delim><match><pcre>Criminal caught in ([0-9]*) moves
</pcre></match></read>
    <read><delim>\x0a</delim><match><data>Criminal at \x280\x2c \x2d2\x29\x0a</data></match></read>
    <write><data>R\x23R\x23F\x23R\x23</data></write>
    <read><delim>\x0a</delim><match><pcre>Criminal caught in ([0-9]*) moves
</pcre></match></read>
    <read><delim>\x0a</delim><match><data>Criminal at \x281\x2c 0\x29\x0a</data></match></read>
    <write><data>R\x23</data></write>
    <read><delim>\x0a</delim><match><pcre>Criminal caught in ([0-9]*) moves
</pcre></match></read>
    <read><delim>\x0a</delim><match><data>Criminal at \x282\x2c 1\x29\x0a</data></match></read>
    <write><data>F\x23R\x23R\x23</data></write>
    <read><delim>\x0a</delim><match><pcre>Criminal caught in ([0-9]*) moves
</pcre></match></read>
    <read><delim>\x0a</delim><match><data>Criminal at \x285\x2c 1\x29\x0a</data></match></read>
    <write><data>F\x23R\x23F\x23F\x23R\x23F\x23F\x23R\x23</data></write>
    <read><delim>\x0a</delim><match><pcre>Criminal caught in ([0-9]*) moves
</pcre></match></read>
    <read><delim>\x0a</delim><match><data>Criminal at \x284\x2c 0\x29\x0a</data></match></read>
    <write><data>R\x23F\x23</data></write>
    <read><delim>\x0a</delim><match><pcre>Criminal caught in ([0-9]*) moves
</pcre></match></read>
    <read><delim>\x0a</delim><match><data>Criminal at \x282\x2c 3\x29\x0a</data></match></read>
    <write><data>F\x23F\x23R\x23</data></write>
    <read><delim>\x0a</delim><match><pcre>Criminal caught in ([0-9]*) moves
</pcre></match></read>
    <read><delim>\x0a</delim><match><data>Criminal at \x281\x2c \x2d2\x29\x0a</data></match></read>
    <write><data>R\x23R\x23R\x23</data></write>
    <read><delim>\x0a</delim><match><pcre>Criminal caught in ([0-9]*) moves
</pcre></match></read>
    <read><delim>\x0a</delim><match><data>Criminal at \x287\x2c \x2d1\x29\x0a</data></match></read>
    <write><data>R\x23F\x23F\x23F\x23R\x23F\x23F\x23R\x23</data></write>
    <read><delim>\x0a</delim><match><pcre>Criminal caught in ([0-9]*) moves
</pcre></match></read>
    <read><delim>\x0a</delim><match><data>Criminal at \x284\x2c \x2d1\x29\x0a</data></match></read>
    <write><data>R\x23F\x23R\x23</data></write>
    <read><delim>\x0a</delim><match><pcre>Criminal caught in ([0-9]*) moves
</pcre></match></read>
    <read><delim>\x0a</delim><match><data>Criminal at \x282\x2c 0\x29\x0a</data></match></read>
    <write><data>R\x23</data></write>
    <read><delim>\x0a</delim><match><pcre>Criminal caught in ([0-9]*) moves
</pcre></match></read>
    <read><delim>\x0a</delim><match><data>Criminal at \x280\x2c 3\x29\x0a</data></match></read>
    <write><data>F\x23</data></write>
    <read><delim>\x0a</delim><match><pcre>Criminal caught in ([0-9]*) moves
</pcre></match></read>
    <read><delim>\x0a</delim><match><data>Criminal at \x28\x2d2\x2c \x2d1\x29\x0a</data></match></read>
    <write><data>R\x23R\x23R\x23F\x23F\x23R\x23F\x23F\x23R\x23</data></write>
    <read><delim>\x0a</delim><match><pcre>Criminal caught in ([0-9]*) moves
</pcre></match></read>
    <read><delim>\x0a</delim><match><data>Criminal at \x281\x2c 7\x29\x0a</data></match></read>
    <write><data>F\x23F\x23F\x23F\x23R\x23F\x23F\x23R\x23</data></write>
    <read><delim>\x0a</delim><match><pcre>Criminal caught in ([0-9]*) moves
</pcre></match></read>
    <read><delim>\x0a</delim><match><data>Criminal at \x280\x2c 2\x29\x0a</data></match></read>
    <write><data>F\x23</data></write>
    <read><delim>\x0a</delim><match><pcre>Criminal caught in ([0-9]*) moves
</pcre></match></read>
    <read><delim>\x0a</delim><match><data>Criminal at \x28\x2d2\x2c \x2d1\x29\x0a</data></match></read>
    <write><data>R\x23R\x23R\x23F\x23F\x23R\x23F\x23F\x23R\x23</data></write>
    <read><delim>\x0a</delim><match><pcre>Criminal caught in ([0-9]*) moves
</pcre></match></read>
    <read><delim>\x0a</delim><match><data>Criminal at \x287\x2c \x2d2\x29\x0a</data></match></read>
    <write><data>R\x23F\x23F\x23F\x23R\x23F\x23F\x23R\x23F\x23F\x23R\x23</data></write>
    <read><delim>\x0a</delim><match><pcre>Criminal caught in ([0-9]*) moves
</pcre></match></read>
    <read><delim>\x0a</delim><match><data>Criminal at \x284\x2c \x2d1\x29\x0a</data></match></read>
    <write><data>R\x23F\x23R\x23</data></write>
    <read><delim>\x0a</delim><match><pcre>Criminal caught in ([0-9]*) moves
</pcre></match></read>
    <read><delim>\x0a</delim><match><data>Criminal at \x283\x2c 2\x29\x0a</data></match></read>
    <write><data>F\x23R\x23F\x23</data></write>
    <read><delim>\x0a</delim><match><pcre>Criminal caught in ([0-9]*) moves
</pcre></match></read>
    <read><delim>\x0a</delim><match><data>Criminal at \x28\x2d1\x2c 3\x29\x0a</data></match></read>
    <write><data>F\x23</data></write>
    <read><delim>\x0a</delim><match><pcre>Criminal caught in ([0-9]*) moves
</pcre></match></read>
    <read><delim>\x0a</delim><match><data>Criminal at \x286\x2c \x2d1\x29\x0a</data></match></read>
    <write><data>R\x23F\x23F\x23R\x23F\x23</data></write>
    <read><delim>\x0a</delim><match><pcre>Criminal caught in ([0-9]*) moves
</pcre></match></read>
    <read><delim>\x0a</delim><match><data>Criminal at \x286\x2c \x2d2\x29\x0a</data></match></read>
    <write><data>R\x23F\x23F\x23F\x23R\x23F\x23F\x23R\x23</data></write>
    <read><delim>\x0a</delim><match><pcre>Criminal caught in ([0-9]*) moves
</pcre></match></read>
    <read><delim>\x0a</delim><match><data>Criminal at \x283\x2c 1\x29\x0a</data></match></read>
    <write><data>F\x23R\x23F\x23R\x23</data></write>
    <read><delim>\x0a</delim><match><pcre>Criminal caught in ([0-9]*) moves
</pcre></match></read>
    <read><delim>\x0a</delim><match><data>Criminal at \x285\x2c \x2d3\x29\x0a</data></match></read>
    <write><data>R\x23F\x23F\x23R\x23F\x23F\x23R\x23F\x23F\x23R\x23</data></write>
    <read><delim>\x0a</delim><match><pcre>Criminal caught in ([0-9]*) moves
</pcre></match></read>
    <read><delim>\x0a</delim><match><data>Criminal at \x28\x2d1\x2c \x2d3\x29\x0a</data></match></read>
    <write><data>R\x23R\x23F\x23R\x23F\x23F\x23R\x23F\x23F\x23R\x23</data></write>
    <read><delim>\x0a</delim><match><pcre>Criminal caught in ([0-9]*) moves
</pcre></match></read>
    <read><delim>\x0a</delim><match><data>Criminal at \x284\x2c \x2d2\x29\x0a</data></match></read>
    <write><data>R\x23F\x23R\x23F\x23</data></write>
    <read><delim>\x0a</delim><match><pcre>Criminal caught in ([0-9]*) moves
</pcre></match></read>
    <read><delim>\x0a</delim><match><data>Criminal at \x282\x2c 0\x29\x0a</data></match></read>
    <write><data>R\x23</data></write>
    <read><delim>\x0a</delim><match><pcre>Criminal caught in ([0-9]*) moves
</pcre></match></read>
    <read><delim>\x0a</delim><match><data>Criminal at \x282\x2c \x2d3\x29\x0a</data></match></read>
    <write><data>R\x23R\x23F\x23</data></write>
    <read><delim>\x0a</delim><match><pcre>Criminal caught in ([0-9]*) moves
</pcre></match></read>
    <read><delim>\x0a</delim><match><data>Criminal at \x287\x2c \x2d2\x29\x0a</data></match></read>
    <write><data>R\x23F\x23F\x23F\x23R\x23F\x23F\x23R\x23F\x23F\x23R\x23</data></write>
    <read><delim>\x0a</delim><match><pcre>Criminal caught in ([0-9]*) moves
</pcre></match></read>
    <read><delim>\x0a</delim><match><data>Criminal at \x283\x2c 4\x29\x0a</data></match></read>
    <write><data>F\x23F\x23F\x23R\x23F\x23F\x23R\x23</data></write>
    <read><delim>\x0a</delim><match><pcre>Criminal caught in ([0-9]*) moves
</pcre></match></read>
    <read><delim>\x0a</delim><match><data>Criminal at \x280\x2c 5\x29\x0a</data></match></read>
    <write><data>F\x23F\x23F\x23</data></write>
    <read><delim>\x0a</delim><match><pcre>Criminal caught in ([0-9]*) moves
</pcre></match></read>
    <read><delim>\x0a</delim><match><data>Criminal at \x280\x2c \x2d5\x29\x0a</data></match></read>
    <write><data>R\x23R\x23F\x23F\x23R\x23F\x23F\x23R\x23F\x23F\x23R\x23</data></write>
    <read><delim>\x0a</delim><match><pcre>Criminal caught in ([0-9]*) moves
</pcre></match></read>
    <read><delim>\x0a</delim><match><data>Criminal at \x283\x2c \x2d1\x29\x0a</data></match></read>
    <write><data>R\x23</data></write>
    <read><delim>\x0a</delim><match><pcre>Criminal caught in ([0-9]*) moves
</pcre></match></read>
    <read><delim>\x0a</delim><match><data>Criminal at \x283\x2c 0\x29\x0a</data></match></read>
    <write><data>R\x23</data></write>
    <read><delim>\x0a</delim><match><pcre>Criminal caught in ([0-9]*) moves
</pcre></match></read>
    <read><delim>\x0a</delim><match><data>Criminal at \x282\x2c \x2d4\x29\x0a</data></match></read>
    <write><data>R\x23F\x23R\x23F\x23F\x23R\x23</data></write>
    <read><delim>\x0a</delim><match><pcre>Criminal caught in ([0-9]*) moves
</pcre></match></read>
    <read><delim>\x0a</delim><match><data>Criminal at \x280\x2c \x2d2\x29\x0a</data></match></read>
    <write><data>R\x23R\x23F\x23R\x23</data></write>
    <read><delim>\x0a</delim><match><pcre>Criminal caught in ([0-9]*) moves
</pcre></match></read>
    <read><delim>\x0a</delim><match><data>Criminal at \x287\x2c \x2d1\x29\x0a</data></match></read>
    <write><data>R\x23F\x23F\x23F\x23R\x23F\x23F\x23R\x23</data></write>
    <read><delim>\x0a</delim><match><pcre>Criminal caught in ([0-9]*) moves
</pcre></match></read>
    <read><delim>\x0a</delim><match><data>Criminal at \x287\x2c \x2d1\x29\x0a</data></match></read>
    <write><data>R\x23F\x23F\x23F\x23R\x23F\x23F\x23R\x23</data></write>
    <read><delim>\x0a</delim><match><pcre>Criminal caught in ([0-9]*) moves
</pcre></match></read>
    <read><delim>\x0a</delim><match><data>Criminal at \x287\x2c \x2d1\x29\x0a</data></match></read>
    <write><data>R\x23F\x23F\x23F\x23R\x23F\x23F\x23R\x23</data></write>
    <read><delim>\x0a</delim><match><pcre>Criminal caught in ([0-9]*) moves
</pcre></match></read>
    <read><delim>\x0a</delim><match><data>Criminal at \x285\x2c 0\x29\x0a</data></match></read>
    <write><data>R\x23F\x23F\x23</data></write>
    <read><delim>\x0a</delim><match><pcre>Criminal caught in ([0-9]*) moves
</pcre></match></read>
    <read><delim>\x0a</delim><match><data>Criminal at \x283\x2c 4\x29\x0a</data></match></read>
    <write><data>F\x23F\x23F\x23R\x23F\x23F\x23R\x23</data></write>
    <read><delim>\x0a</delim><match><pcre>Criminal caught in ([0-9]*) moves
</pcre></match></read>
    <read><delim>\x0a</delim><match><data>Criminal at \x280\x2c 5\x29\x0a</data></match></read>
    <write><data>F\x23F\x23F\x23</data></write>
    <read><delim>\x0a</delim><match><pcre>Criminal caught in ([0-9]*) moves
</pcre></match></read>
    <read><delim>\x0a</delim><match><data>Criminal at \x28\x2d1\x2c 0\x29\x0a</data></match></read>
    <write><data>R\x23R\x23R\x23F\x23R\x23F\x23F\x23R\x23F\x23F\x23R\x23</data></write>
    <read><delim>\x0a</delim><match><pcre>Criminal caught in ([0-9]*) moves
</pcre></match></read>
    <read><delim>\x0a</delim><match><data>Criminal at \x282\x2c \x2d2\x29\x0a</data></match></read>
    <write><data>R\x23R\x23</data></write>
    <read><delim>\x0a</delim><match><pcre>Criminal caught in ([0-9]*) moves
</pcre></match></read>
    <read><delim>\x0a</delim><match><data>Criminal at \x280\x2c 5\x29\x0a</data></match></read>
    <write><data>F\x23F\x23F\x23</data></write>
    <read><delim>\x0a</delim><match><pcre>Criminal caught in ([0-9]*) moves
</pcre></match></read>
    <read><delim>\x0a</delim><match><data>Criminal at \x281\x2c \x2d5\x29\x0a</data></match></read>
    <write><data>R\x23R\x23F\x23F\x23R\x23F\x23F\x23R\x23</data></write>
    <read><delim>\x0a</delim><match><pcre>Criminal caught in ([0-9]*) moves
</pcre></match></read>
    <read><delim>\x0a</delim><match><data>Criminal at \x286\x2c \x2d1\x29\x0a</data></match></read>
    <write><data>R\x23F\x23F\x23R\x23F\x23</data></write>
    <read><delim>\x0a</delim><match><pcre>Criminal caught in ([0-9]*) moves
</pcre></match></read>
    <read><delim>\x0a</delim><match><data>Criminal at \x282\x2c \x2d2\x29\x0a</data></match></read>
    <write><data>R\x23R\x23</data></write>
    <read><delim>\x0a</delim><match><pcre>Criminal caught in ([0-9]*) moves
</pcre></match></read>
    <read><delim>\x0a</delim><match><data>Criminal at \x28\x2d1\x2c \x2d3\x29\x0a</data></match></read>
    <write><data>R\x23R\x23F\x23R\x23F\x23F\x23R\x23F\x23F\x23R\x23</data></write>
    <read><delim>\x0a</delim><match><pcre>Criminal caught in ([0-9]*) moves
</pcre></match></read>
    <read><delim>\x0a</delim><match><data>Criminal at \x28\x2d2\x2c \x2d1\x29\x0a</data></match></read>
    <write><data>R\x23R\x23R\x23F\x23F\x23R\x23F\x23F\x23R\x23</data></write>
    <read><delim>\x0a</delim><match><pcre>Criminal caught in ([0-9]*) moves
</pcre></match></read>
    <read><delim>\x0a</delim><match><data>Criminal at \x282\x2c 6\x29\x0a</data></match></read>
    <write><data>F\x23F\x23F\x23F\x23R\x23F\x23F\x23R\x23</data></write>
    <read><delim>\x0a</delim><match><pcre>Criminal caught in ([0-9]*) moves
</pcre></match></read>
    <read><delim>\x0a</delim><match><data>Criminal at \x280\x2c \x2d5\x29\x0a</data></match></read>
    <write><data>R\x23R\x23F\x23F\x23R\x23F\x23F\x23R\x23F\x23F\x23R\x23</data></write>
    <read><delim>\x0a</delim><match><pcre>Criminal caught in ([0-9]*) moves
</pcre></match></read>
    <read><delim>\x0a</delim><match><data>Criminal at \x28\x2d1\x2c \x2d2\x29\x0a</data></match></read>
    <write><data>R\x23R\x23F\x23R\x23F\x23F\x23R\x23</data></write>
    <read><delim>\x0a</delim><match><pcre>Criminal caught in ([0-9]*) moves
</pcre></match></read>
    <read><delim>\x0a</delim><match><data>Criminal at \x280\x2c 2\x29\x0a</data></match></read>
    <write><data>F\x23</data></write>
    <read><delim>\x0a</delim><match><pcre>Criminal caught in ([0-9]*) moves
</pcre></match></read>
    <read><delim>\x0a</delim><match><data>Criminal at \x286\x2c \x2d1\x29\x0a</data></match></read>
    <write><data>R\x23F\x23F\x23R\x23F\x23</data></write>
    <read><delim>\x0a</delim><match><pcre>Criminal caught in ([0-9]*) moves
</pcre></match></read>
    <read><delim>\x0a</delim><match><data>Criminal at \x286\x2c \x2d1\x29\x0a</data></match></read>
    <write><data>R\x23F\x23F\x23R\x23F\x23</data></write>
    <read><delim>\x0a</delim><match><pcre>Criminal caught in ([0-9]*) moves
</pcre></match></read>
    <read><delim>\x0a</delim><match><data>Criminal at \x281\x2c \x2d5\x29\x0a</data></match></read>
    <write><data>R\x23R\x23F\x23F\x23R\x23F\x23F\x23R\x23</data></write>
    <read><delim>\x0a</delim><match><pcre>Criminal caught in ([0-9]*) moves
</pcre></match></read>
    <read><delim>\x0a</delim><match><data>Criminal at \x284\x2c 3\x29\x0a</data></match></read>
    <write><data>F\x23F\x23R\x23F\x23F\x23R\x23F\x23F\x23R\x23</data></write>
    <read><delim>\x0a</delim><match><pcre>Criminal caught in ([0-9]*) moves
</pcre></match></read>
    <read><delim>\x0a</delim><match><data>Criminal at \x280\x2c 2\x29\x0a</data></match></read>
    <write><data>F\x23</data></write>
    <read><delim>\x0a</delim><match><pcre>Criminal caught in ([0-9]*) moves
</pcre></match></read>
    <read><delim>\x0a</delim><match><data>Criminal at \x28\x2d1\x2c 3\x29\x0a</data></match></read>
    <write><data>F\x23</data></write>
    <read><delim>\x0a</delim><match><pcre>Criminal caught in ([0-9]*) moves
</pcre></match></read>
    <read><delim>\x0a</delim><match><data>Criminal at \x285\x2c \x2d2\x29\x0a</data></match></read>
    <write><data>R\x23F\x23F\x23R\x23F\x23F\x23R\x23</data></write>
    <read><delim>\x0a</delim><match><pcre>Criminal caught in ([0-9]*) moves
</pcre></match></read>
    <read><delim>\x0a</delim><match><data>Criminal at \x287\x2c \x2d2\x29\x0a</data></match></read>
    <write><data>R\x23F\x23F\x23F\x23R\x23F\x23F\x23R\x23F\x23F\x23R\x23</data></write>
    <read><delim>\x0a</delim><match><pcre>Criminal caught in ([0-9]*) moves
</pcre></match></read>
    <read><delim>\x0a</delim><match><data>Criminal at \x284\x2c \x2d3\x29\x0a</data></match></read>
    <write><data>R\x23F\x23F\x23R\x23F\x23F\x23R\x23</data></write>
    <read><delim>\x0a</delim><match><pcre>Criminal caught in ([0-9]*) moves
</pcre></match></read>
    <read><delim>\x0a</delim><match><data>Criminal at \x285\x2c \x2d2\x29\x0a</data></match></read>
    <write><data>R\x23F\x23F\x23R\x23F\x23F\x23R\x23</data></write>
    <read><delim>\x0a</delim><match><pcre>Criminal caught in ([0-9]*) moves
</pcre></match></read>
    <read><delim>\x0a</delim><match><data>Criminal at \x283\x2c 0\x29\x0a</data></match></read>
    <write><data>R\x23</data></write>
    <read><delim>\x0a</delim><match><pcre>Criminal caught in ([0-9]*) moves
</pcre></match></read>
    <read><delim>\x0a</delim><match><data>Criminal at \x287\x2c \x2d2\x29\x0a</data></match></read>
    <write><data>R\x23F\x23F\x23F\x23R\x23F\x23F\x23R\x23F\x23F\x23R\x23</data></write>
    <read><delim>\x0a</delim><match><pcre>Criminal caught in ([0-9]*) moves
</pcre></match></read>
    <read><delim>\x0a</delim><match><data>Criminal at \x280\x2c \x2d3\x29\x0a</data></match></read>
    <write><data>R\x23R\x23F\x23R\x23F\x23F\x23R\x23</data></write>
    <read><delim>\x0a</delim><match><pcre>Criminal caught in ([0-9]*) moves
</pcre></match></read>
    <read><delim>\x0a</delim><match><data>Criminal at \x283\x2c 5\x29\x0a</data></match></read>
    <write><data>F\x23F\x23F\x23R\x23F\x23F\x23R\x23F\x23F\x23R\x23</data></write>
    <read><delim>\x0a</delim><match><pcre>Criminal caught in ([0-9]*) moves
</pcre></match></read>
    <read><delim>\x0a</delim><match><data>Criminal at \x284\x2c 3\x29\x0a</data></match></read>
    <write><data>F\x23F\x23R\x23F\x23F\x23R\x23F\x23F\x23R\x23</data></write>
    <read><delim>\x0a</delim><match><pcre>Criminal caught in ([0-9]*) moves
</pcre></match></read>
    <read><delim>\x0a</delim><match><data>Criminal at \x287\x2c \x2d1\x29\x0a</data></match></read>
    <write><data>R\x23F\x23F\x23F\x23R\x23F\x23F\x23R\x23</data></write>
    <read><delim>\x0a</delim><match><pcre>Criminal caught in ([0-9]*) moves
</pcre></match></read>
    <read><delim>\x0a</delim><match><data>Criminal at \x286\x2c \x2d1\x29\x0a</data></match></read>
    <write><data>R\x23F\x23F\x23R\x23F\x23</data></write>
    <read><delim>\x0a</delim><match><pcre>Criminal caught in ([0-9]*) moves
</pcre></match></read>
    <read><delim>\x0a</delim><match><data>Criminal at \x282\x2c 3\x29\x0a</data></match></read>
    <write><data>F\x23F\x23R\x23</data></write>
    <read><delim>\x0a</delim><match><pcre>Criminal caught in ([0-9]*) moves
</pcre></match></read>
    <read><delim>\x0a</delim><match><data>Criminal at \x282\x2c 6\x29\x0a</data></match></read>
    <write><data>F\x23F\x23F\x23F\x23R\x23F\x23F\x23R\x23</data></write>
    <read><delim>\x0a</delim><match><pcre>Criminal caught in ([0-9]*) moves
</pcre></match></read>
    <read><delim>\x0a</delim><match><data>Criminal at \x283\x2c 0\x29\x0a</data></match></read>
    <write><data>R\x23</data></write>
    <read><delim>\x0a</delim><match><pcre>Criminal caught in ([0-9]*) moves
</pcre></match></read>
    <read><delim>\x0a</delim><match><data>Criminal at \x286\x2c \x2d2\x29\x0a</data></match></read>
    <write><data>R\x23F\x23F\x23F\x23R\x23F\x23F\x23R\x23</data></write>
    <read><delim>\x0a</delim><match><pcre>Criminal caught in ([0-9]*) moves
</pcre></match></read>
    <read><delim>\x0a</delim><match><data>Criminal at \x28\x2d1\x2c 2\x29\x0a</data></match></read>
    <write><data>F\x23</data></write>
    <read><delim>\x0a</delim><match><pcre>Criminal caught in ([0-9]*) moves
</pcre></match></read>
    <read><delim>\x0a</delim><match><data>Criminal at \x287\x2c \x2d1\x29\x0a</data></match></read>
    <write><data>R\x23F\x23F\x23F\x23R\x23F\x23F\x23R\x23</data></write>
    <read><delim>\x0a</delim><match><pcre>Criminal caught in ([0-9]*) moves
</pcre></match></read>
    <read><delim>\x0a</delim><match><data>Criminal at \x284\x2c \x2d3\x29\x0a</data></match></read>
    <write><data>R\x23F\x23F\x23R\x23F\x23F\x23R\x23</data></write>
    <read><delim>\x0a</delim><match><pcre>Criminal caught in ([0-9]*) moves
</pcre></match></read>
    <read><delim>\x0a</delim><match><data>Criminal at \x28\x2d1\x2c \x2d2\x29\x0a</data></match></read>
    <write><data>R\x23R\x23F\x23R\x23F\x23F\x23R\x23</data></write>
    <read><delim>\x0a</delim><match><pcre>Criminal caught in ([0-9]*) moves
</pcre></match></read>
    <read><delim>\x0a</delim><match><data>Criminal at \x285\x2c \x2d1\x29\x0a</data></match></read>
    <write><data>R\x23F\x23F\x23R\x23</data></write>
    <read><delim>\x0a</delim><match><pcre>Criminal caught in ([0-9]*) moves
</pcre></match></read>
    <read><delim>\x0a</delim><match><data>Criminal at \x284\x2c \x2d1\x29\x0a</data></match></read>
    <write><data>R\x23F\x23R\x23</data></write>
    <read><delim>\x0a</delim><match><pcre>Criminal caught in ([0-9]*) moves
</pcre></match></read>
    <read><delim>\x0a</delim><match><data>Criminal at \x280\x2c 5\x29\x0a</data></match></read>
    <write><data>F\x23F\x23F\x23</data></write>
    <read><delim>\x0a</delim><match><pcre>Criminal caught in ([0-9]*) moves
</pcre></match></read>
    <read><delim>\x0a</delim><match><data>Criminal at \x283\x2c 5\x29\x0a</data></match></read>
    <write><data>F\x23F\x23F\x23R\x23F\x23F\x23R\x23F\x23F\x23R\x23</data></write>
    <read><delim>\x0a</delim><match><pcre>Criminal caught in ([0-9]*) moves
</pcre></match></read>
    <read><delim>\x0a</delim><match><data>Criminal at \x287\x2c \x2d2\x29\x0a</data></match></read>
    <write><data>R\x23F\x23F\x23F\x23R\x23F\x23F\x23R\x23F\x23F\x23R\x23</data></write>
    <read><delim>\x0a</delim><match><pcre>Criminal caught in ([0-9]*) moves
</pcre></match></read>
    <read><delim>\x0a</delim><match><data>Criminal at \x28\x2d1\x2c 2\x29\x0a</data></match></read>
    <write><data>F\x23</data></write>
    <read><delim>\x0a</delim><match><pcre>Criminal caught in ([0-9]*) moves
</pcre></match></read>
    <read><delim>\x0a</delim><match><data>Criminal at \x286\x2c \x2d2\x29\x0a</data></match></read>
    <write><data>R\x23F\x23F\x23F\x23R\x23F\x23F\x23R\x23</data></write>
    <read><delim>\x0a</delim><match><pcre>Criminal caught in ([0-9]*) moves
</pcre></match></read>
    <read><delim>\x0a</delim><match><data>Criminal at \x280\x2c 5\x29\x0a</data></match></read>
    <write><data>F\x23F\x23F\x23</data></write>
    <read><delim>\x0a</delim><match><pcre>Criminal caught in ([0-9]*) moves
</pcre></match></read>
    <read><delim>\x0a</delim><match><data>Criminal at \x287\x2c \x2d1\x29\x0a</data></match></read>
    <write><data>R\x23F\x23F\x23F\x23R\x23F\x23F\x23R\x23</data></write>
    <read><delim>\x0a</delim><match><pcre>Criminal caught in ([0-9]*) moves
</pcre></match></read>
    <read><delim>\x0a</delim><match><data>Criminal at \x281\x2c 6\x29\x0a</data></match></read>
    <write><data>F\x23F\x23F\x23R\x23F\x23</data></write>
    <read><delim>\x0a</delim><match><pcre>Criminal caught in ([0-9]*) moves
</pcre></match></read>
    <read><delim>\x0a</delim><match><data>Criminal at \x285\x2c \x2d3\x29\x0a</data></match></read>
    <write><data>R\x23F\x23F\x23R\x23F\x23F\x23R\x23F\x23F\x23R\x23</data></write>
    <read><delim>\x0a</delim><match><pcre>Criminal caught in ([0-9]*) moves
</pcre></match></read>
    <read><delim>\x0a</delim><match><data>Criminal at \x281\x2c \x2d2\x29\x0a</data></match></read>
    <write><data>R\x23R\x23R\x23</data></write>
    <read><delim>\x0a</delim><match><pcre>Criminal caught in ([0-9]*) moves
</pcre></match></read>
    <read><delim>\x0a</delim><match><data>Criminal at \x281\x2c 2\x29\x0a</data></match></read>
    <write><data>F\x23</data></write>
    <read><delim>\x0a</delim><match><pcre>Criminal caught in ([0-9]*) moves
</pcre></match></read>
    <read><delim>\x0a</delim><match><data>Criminal at \x284\x2c 2\x29\x0a</data></match></read>
    <write><data>F\x23F\x23R\x23F\x23F\x23R\x23</data></write>
    <read><delim>\x0a</delim><match><pcre>Criminal caught in ([0-9]*) moves
</pcre></match></read>
    <read><delim>\x0a</delim><match><data>Criminal at \x28\x2d2\x2c \x2d1\x29\x0a</data></match></read>
    <write><data>R\x23R\x23R\x23F\x23F\x23R\x23F\x23F\x23R\x23</data></write>
    <read><delim>\x0a</delim><match><pcre>Criminal caught in ([0-9]*) moves
</pcre></match></read>
    <read><delim>\x0a</delim><match><data>Criminal at \x28\x2d2\x2c \x2d1\x29\x0a</data></match></read>
    <write><data>R\x23R\x23R\x23F\x23F\x23R\x23F\x23F\x23R\x23</data></write>
    <read><delim>\x0a</delim><match><pcre>Criminal caught in ([0-9]*) moves
</pcre></match></read>
    <read><delim>\x0a</delim><match><data>Criminal at \x282\x2c 5\x29\x0a</data></match></read>
    <write><data>F\x23F\x23F\x23R\x23F\x23F\x23R\x23</data></write>
    <read><delim>\x0a</delim><match><pcre>Criminal caught in ([0-9]*) moves
</pcre></match></read>
    <read><delim>\x0a</delim><match><data>Criminal at \x283\x2c \x2d6\x29\x0a</data></match></read>
    <write><data>R\x23F\x23R\x23F\x23F\x23R\x23L\x23R\x23</data></write>
    <read><delim>\x0a</delim><match><pcre>Criminal caught in ([0-9]*) moves
</pcre></match></read>
    <read><delim>\x0a</delim><match><data>Criminal at \x28\x2d4\x2c \x2d5\x29\x0a</data></match></read>
    <write><data>R\x23F\x23R\x23R\x23R\x23F\x23F\x23R\x23L\x23R\x23</data></write>
    <read><delim>\x0a</delim><match><pcre>Criminal caught in ([0-9]*) moves
</pcre></match></read>
    <read><delim>\x0a</delim><match><data>Criminal at \x28\x2d4\x2c \x2d4\x29\x0a</data></match></read>
    <write><data>R\x23F\x23R\x23R\x23R\x23F\x23F\x23F\x23R\x23F\x23R\x23L\x23</data></write>
    <read><delim>\x0a</delim><match><pcre>Criminal caught in ([0-9]*) moves
</pcre></match></read>
    <read><delim>\x0a</delim><match><data>Criminal at \x28\x2d6\x2c \x2d5\x29\x0a</data></match></read>
    <write><data>R\x23R\x23R\x23F\x23F\x23R\x23F\x23F\x23R\x23L\x23</data></write>
    <read><delim>\x0a</delim><match><pcre>Criminal caught in ([0-9]*) moves
</pcre></match></read>
    <read><delim>\x0a</delim><match><data>Criminal at \x288\x2c 1\x29\x0a</data></match></read>
    <write><data>F\x23R\x23F\x23F\x23R\x23L\x23R\x23</data></write>
    <read><delim>\x0a</delim><match><pcre>Criminal caught in ([0-9]*) moves
</pcre></match></read>
    <read><delim>\x0a</delim><match><data>Criminal at \x281\x2c \x2d1\x29\x0a</data></match></read>
    <write><data>L\x23R\x23F\x23F\x23R\x23R\x23R\x23F\x23F\x23F\x23R\x23F\x23F\x23R\x23F\x23</data></write>
    <read><delim>\x0a</delim><match><pcre>Criminal caught in ([0-9]*) moves
</pcre></match></read>
    <read><delim>\x0a</delim><match><data>Criminal at \x28\x2d1\x2c \x2d8\x29\x0a</data></match></read>
    <write><data>R\x23R\x23F\x23F\x23R\x23F\x23F\x23R\x23</data></write>
    <read><delim>\x0a</delim><match><pcre>Criminal caught in ([0-9]*) moves
</pcre></match></read>
    <read><delim>\x0a</delim><match><data>Criminal at \x28\x2d4\x2c \x2d4\x29\x0a</data></match></read>
    <write><data>R\x23F\x23R\x23R\x23R\x23F\x23F\x23F\x23R\x23F\x23R\x23L\x23</data></write>
    <read><delim>\x0a</delim><match><pcre>Criminal caught in ([0-9]*) moves
</pcre></match></read>
    <read><delim>\x0a</delim><match><data>Criminal at \x28\x2d7\x2c \x2d7\x29\x0a</data></match></read>
    <write><data>R\x23R\x23R\x23F\x23F\x23R\x23F\x23F\x23F\x23R\x23F\x23</data></write>
    <read><delim>\x0a</delim><match><pcre>Criminal caught in ([0-9]*) moves
</pcre></match></read>
    <read><delim>\x0a</delim><match><data>Criminal at \x289\x2c 0\x29\x0a</data></match></read>
    <write><data>R\x23F\x23F\x23F\x23R\x23L\x23R\x23</data></write>
    <read><delim>\x0a</delim><match><pcre>Criminal caught in ([0-9]*) moves
</pcre></match></read>
    <read><delim>\x0a</delim><match><data>Criminal at \x281\x2c \x2d2\x29\x0a</data></match></read>
    <write><data>L\x23R\x23F\x23R\x23R\x23R\x23F\x23F\x23F\x23R\x23F\x23R\x23L\x23</data></write>
    <read><delim>\x0a</delim><match><pcre>Criminal caught in ([0-9]*) moves
</pcre></match></read>
    <read><delim>\x0a</delim><match><data>Criminal at \x28\x2d6\x2c \x2d8\x29\x0a</data></match></read>
    <write><data>R\x23R\x23R\x23F\x23F\x23F\x23R\x23F\x23F\x23R\x23</data></write>
    <read><delim>\x0a</delim><match><pcre>Criminal caught in ([0-9]*) moves
</pcre></match></read>
    <read><delim>\x0a</delim><match><data>Criminal at \x282\x2c \x2d3\x29\x0a</data></match></read>
    <write><data>R\x23R\x23F\x23</data></write>
    <read><delim>\x0a</delim><match><pcre>Criminal caught in ([0-9]*) moves
</pcre></match></read>
    <read><delim>\x0a</delim><match><data>Criminal at \x281\x2c \x2d6\x29\x0a</data></match></read>
    <write><data>R\x23R\x23F\x23F\x23R\x23F\x23</data></write>
    <read><delim>\x0a</delim><match><pcre>Criminal caught in ([0-9]*) moves
</pcre></match></read>
    <read><delim>\x0a</delim><match><data>Criminal at \x288\x2c 1\x29\x0a</data></match></read>
    <write><data>F\x23R\x23F\x23F\x23R\x23L\x23R\x23</data></write>
    <read><delim>\x0a</delim><match><pcre>Criminal caught in ([0-9]*) moves
</pcre></match></read>
    <read><delim>\x0a</delim><match><data>Criminal at \x28\x2d9\x2c \x2d9\x29\x0a</data></match></read>
    <write><data>R\x23R\x23R\x23F\x23F\x23F\x23R\x23F\x23F\x23R\x23L\x23</data></write>
    <read><delim>\x0a</delim><match><pcre>Criminal caught in ([0-9]*) moves
</pcre></match></read>
    <read><delim>\x0a</delim><match><data>Criminal at \x285\x2c \x2d5\x29\x0a</data></match></read>
    <write><data>R\x23F\x23F\x23R\x23F\x23F\x23R\x23L\x23</data></write>
    <read><delim>\x0a</delim><match><pcre>Criminal caught in ([0-9]*) moves
</pcre></match></read>
    <read><delim>\x0a</delim><match><data>Criminal at \x28\x2d2\x2c \x2d4\x29\x0a</data></match></read>
    <write><data>F\x23F\x23R\x23R\x23R\x23F\x23F\x23F\x23R\x23F\x23F\x23R\x23F\x23</data></write>
    <read><delim>\x0a</delim><match><pcre>Criminal caught in ([0-9]*) moves
</pcre></match></read>
    <read><delim>\x0a</delim><match><data>Criminal at \x282\x2c 1\x29\x0a</data></match></read>
    <write><data>L\x23L\x23R\x23F\x23F\x23R\x23R\x23R\x23F\x23F\x23F\x23R\x23F\x23F\x23R\x23F\x23</data></write>
    <read><delim>\x0a</delim><match><pcre>Criminal caught in ([0-9]*) moves
</pcre></match></read>
    <read><delim>\x0a</delim><match><data>Criminal at \x286\x2c \x2d2\x29\x0a</data></match></read>
    <write><data>R\x23F\x23F\x23R\x23F\x23L\x23L\x23R\x23F\x23F\x23R\x23R\x23R\x23F\x23F\x23F\x23R\x23F\x23F\x23R\x23F\x23</data></write>
    <read><delim>\x0a</delim><match><pcre>Criminal caught in ([0-9]*) moves
</pcre></match></read>
    <read><delim>\x0a</delim><match><data>Criminal at \x28\x2d4\x2c \x2d3\x29\x0a</data></match></read>
    <write><data>R\x23F\x23R\x23R\x23R\x23F\x23F\x23F\x23R\x23F\x23F\x23R\x23F\x23</data></write>
    <read><delim>\x0a</delim><match><pcre>Criminal caught in ([0-9]*) moves
</pcre></match></read>
    <read><delim>\x0a</delim><match><data>Criminal at \x282\x2c \x2d4\x29\x0a</data></match></read>
    <write><data>R\x23R\x23F\x23L\x23L\x23R\x23F\x23F\x23R\x23R\x23R\x23F\x23F\x23F\x23R\x23F\x23F\x23R\x23F\x23</data></write>
    <read><delim>\x0a</delim><match><pcre>Criminal caught in ([0-9]*) moves
</pcre></match></read>
    <read><delim>\x0a</delim><match><data>Criminal at \x28\x2d5\x2c \x2d4\x29\x0a</data></match></read>
    <write><data>R\x23R\x23R\x23R\x23F\x23F\x23R\x23L\x23R\x23</data></write>
    <read><delim>\x0a</delim><match><pcre>Criminal caught in ([0-9]*) moves
</pcre></match></read>
    <read><delim>\x0a</delim><match><data>Criminal at \x280\x2c \x2d4\x29\x0a</data></match></read>
    <write><data>F\x23F\x23R\x23R\x23R\x23F\x23F\x23F\x23R\x23F\x23R\x23L\x23</data></write>
    <read><delim>\x0a</delim><match><pcre>Criminal caught in ([0-9]*) moves
</pcre></match></read>
    <read><delim>\x0a</delim><match><data>Criminal at \x28\x2d5\x2c \x2d7\x29\x0a</data></match></read>
    <write><data>R\x23R\x23R\x23F\x23F\x23F\x23R\x23F\x23R\x23L\x23</data></write>
    <read><delim>\x0a</delim><match><pcre>Criminal caught in ([0-9]*) moves
</pcre></match></read>
    <read><delim>\x0a</delim><match><data>Criminal at \x287\x2c \x2d1\x29\x0a</data></match></read>
    <write><data>R\x23F\x23F\x23R\x23L\x23R\x23</data></write>
    <read><delim>\x0a</delim><match><pcre>Criminal caught in ([0-9]*) moves
</pcre></match></read>
    <read><delim>\x0a</delim><match><data>Criminal at \x284\x2c \x2d6\x29\x0a</data></match></read>
    <write><data>R\x23F\x23R\x23F\x23F\x23F\x23R\x23F\x23</data></write>
    <read><delim>\x0a</delim><match><pcre>Criminal caught in ([0-9]*) moves
</pcre></match></read>
    <read><delim>\x0a</delim><match><data>Criminal at \x28\x2d2\x2c \x2d9\x29\x0a</data></match></read>
    <write><data>R\x23R\x23F\x23F\x23R\x23F\x23F\x23R\x23L\x23</data></write>
    <read><delim>\x0a</delim><match><pcre>Criminal caught in ([0-9]*) moves
</pcre></match></read>
    <read><delim>\x0a</delim><match><data>Criminal at \x28\x2d5\x2c \x2d3\x29\x0a</data></match></read>
    <write><data>R\x23R\x23R\x23R\x23F\x23F\x23F\x23R\x23F\x23R\x23L\x23</data></write>
    <read><delim>\x0a</delim><match><pcre>Criminal caught in ([0-9]*) moves
</pcre></match></read>
    <read><delim>\x0a</delim><match><data>Criminal at \x281\x2c \x2d8\x29\x0a</data></match></read>
    <write><data>R\x23R\x23F\x23F\x23F\x23R\x23F\x23L\x23L\x23R\x23F\x23F\x23R\x23R\x23R\x23F\x23F\x23F\x23R\x23F\x23F\x23R\x23F\x23</data></write>
    <read><delim>\x0a</delim><match><pcre>Criminal caught in ([0-9]*) moves
</pcre></match></read>
    <read><delim>\x0a</delim><match><data>Criminal at \x289\x2c 0\x29\x0a</data></match></read>
    <write><data>R\x23F\x23F\x23F\x23R\x23L\x23R\x23</data></write>
    <read><delim>\x0a</delim><match><pcre>Criminal caught in ([0-9]*) moves
</pcre></match></read>
    <read><delim>\x0a</delim><match><data>Criminal at \x287\x2c \x2d3\x29\x0a</data></match></read>
    <write><data>R\x23F\x23F\x23F\x23R\x23F\x23F\x23R\x23F\x23</data></write>
    <read><delim>\x0a</delim><match><pcre>Criminal caught in ([0-9]*) moves
</pcre></match></read>
    <read><delim>\x0a</delim><match><data>Criminal at \x282\x2c 3\x29\x0a</data></match></read>
    <write><data>F\x23</data></write>
    <read><delim>\x0a</delim><match><pcre>Criminal caught in ([0-9]*) moves
</pcre></match></read>
    <read><delim>\x0a</delim><match><data>Criminal at \x284\x2c \x2d2\x29\x0a</data></match></read>
    <write><data>R\x23F\x23R\x23F\x23</data></write>
    <read><delim>\x0a</delim><match><pcre>Criminal caught in ([0-9]*) moves
</pcre></match></read>
    <read><delim>\x0a</delim><match><data>Criminal at \x286\x2c 1\x29\x0a</data></match></read>
    <write><data>F\x23R\x23F\x23R\x23L\x23</data></write>
    <read><delim>\x0a</delim><match><pcre>Criminal caught in ([0-9]*) moves
</pcre></match></read>
    <read><delim>\x0a</delim><match><data>Criminal at \x28\x2d7\x2c \x2d5\x29\x0a</data></match></read>
    <write><data>R\x23R\x23F\x23R\x23R\x23L\x23R\x23F\x23F\x23F\x23R\x23F\x23</data></write>
    <read><delim>\x0a</delim><match><pcre>Criminal caught in ([0-9]*) moves
</pcre></match></read>
    <read><delim>\x0a</delim><match><data>Criminal at \x28\x2d6\x2c \x2d10\x29\x0a</data></match></read>
    <write><data>R\x23R\x23R\x23L\x23R\x23F\x23F\x23F\x23R\x23F\x23</data></write>
    <read><delim>\x0a</delim><match><pcre>Criminal caught in ([0-9]*) moves
</pcre></match></read>
    <read><delim>\x0a</delim><match><data>Criminal at \x287\x2c 6\x29\x0a</data></match></read>
    <write><data>F\x23F\x23F\x23R\x23F\x23</data></write>
    <read><delim>\x0a</delim><match><pcre>Criminal caught in ([0-9]*) moves
</pcre></match></read>
    <read><delim>\x0a</delim><match><data>Criminal at \x282\x2c \x2d6\x29\x0a</data></match></read>
    <write><data>R\x23R\x23F\x23F\x23R\x23L\x23</data></write>
    <read><delim>\x0a</delim><match><pcre>Criminal caught in ([0-9]*) moves
</pcre></match></read>
    <read><delim>\x0a</delim><match><data>Criminal at \x28\x2d9\x2c \x2d9\x29\x0a</data></match></read>
    <write><data>R\x23R\x23R\x23F\x23F\x23F\x23R\x23F\x23F\x23R\x23L\x23</data></write>
    <read><delim>\x0a</delim><match><pcre>Criminal caught in ([0-9]*) moves
</pcre></match></read>
    <read><delim>\x0a</delim><match><data>Criminal at \x28\x2d9\x2c \x2d9\x29\x0a</data></match></read>
    <write><data>R\x23R\x23R\x23F\x23F\x23F\x23R\x23F\x23F\x23R\x23L\x23</data></write>
    <read><delim>\x0a</delim><match><pcre>Criminal caught in ([0-9]*) moves
</pcre></match></read>
    <read><delim>\x0a</delim><match><data>Criminal at \x286\x2c 6\x29\x0a</data></match></read>
    <write><data>F\x23F\x23F\x23R\x23</data></write>
    <read><delim>\x0a</delim><match><pcre>Criminal caught in ([0-9]*) moves
</pcre></match></read>
    <read><delim>\x0a</delim><match><data>Criminal at \x28\x2d4\x2c \x2d7\x29\x0a</data></match></read>
    <write><data>R\x23R\x23R\x23F\x23F\x23R\x23L\x23R\x23</data></write>
    <read><delim>\x0a</delim><match><pcre>Criminal caught in ([0-9]*) moves
</pcre></match></read>
    <read><delim>\x0a</delim><match><data>Criminal at \x28\x2d9\x2c \x2d8\x29\x0a</data></match></read>
    <write><data>R\x23R\x23R\x23F\x23F\x23R\x23F\x23F\x23F\x23R\x23F\x23</data></write>
    <read><delim>\x0a</delim><match><pcre>Criminal caught in ([0-9]*) moves
</pcre></match></read>
    <read><delim>\x0a</delim><match><data>Criminal at \x282\x2c 4\x29\x0a</data></match></read>
    <write><data>L\x23R\x23</data></write>
    <read><delim>\x0a</delim><match><pcre>Criminal caught in ([0-9]*) moves
</pcre></match></read>
    <read><delim>\x0a</delim><match><data>Criminal at \x280\x2c \x2d4\x29\x0a</data></match></read>
    <write><data>F\x23F\x23R\x23R\x23R\x23F\x23F\x23F\x23R\x23F\x23R\x23L\x23</data></write>
    <read><delim>\x0a</delim><match><pcre>Criminal caught in ([0-9]*) moves
</pcre></match></read>
    <read><delim>\x0a</delim><match><data>Criminal at \x283\x2c \x2d2\x29\x0a</data></match></read>
    <write><data>R\x23R\x23L\x23</data></write>
    <read><delim>\x0a</delim><match><pcre>Criminal caught in ([0-9]*) moves
</pcre></match></read>
    <read><delim>\x0a</delim><match><data>Criminal at \x285\x2c 4\x29\x0a</data></match></read>
    <write><data>F\x23F\x23R\x23</data></write>
    <read><delim>\x0a</delim><match><pcre>Criminal caught in ([0-9]*) moves
</pcre></match></read>
    <read><delim>\x0a</delim><match><data>Criminal at \x28\x2d2\x2c \x2d7\x29\x0a</data></match></read>
    <write><data>R\x23R\x23F\x23R\x23F\x23F\x23R\x23</data></write>
    <read><delim>\x0a</delim><match><pcre>Criminal caught in ([0-9]*) moves
</pcre></match></read>
    <read><delim>\x0a</delim><match><data>Criminal at \x28\x2d3\x2c \x2d7\x29\x0a</data></match></read>
    <write><data>R\x23R\x23F\x23R\x23F\x23F\x23R\x23F\x23</data></write>
    <read><delim>\x0a</delim><match><pcre>Criminal caught in ([0-9]*) moves
</pcre></match></read>
    <read><delim>\x0a</delim><match><data>Criminal at \x284\x2c 2\x29\x0a</data></match></read>
    <write><data>F\x23R\x23</data></write>
    <read><delim>\x0a</delim><match><pcre>Criminal caught in ([0-9]*) moves
</pcre></match></read>
    <read><delim>\x0a</delim><match><data>Criminal at \x28\x2d4\x2c \x2d4\x29\x0a</data></match></read>
    <write><data>R\x23F\x23R\x23R\x23R\x23F\x23F\x23F\x23R\x23F\x23R\x23L\x23</data></write>
    <read><delim>\x0a</delim><match><pcre>Criminal caught in ([0-9]*) moves
</pcre></match></read>
    <read><delim>\x0a</delim><match><data>Criminal at \x28\x2d2\x2c \x2d8\x29\x0a</data></match></read>
    <write><data>R\x23R\x23F\x23F\x23R\x23F\x23F\x23R\x23F\x23</data></write>
    <read><delim>\x0a</delim><match><pcre>Criminal caught in ([0-9]*) moves
</pcre></match></read>
    <read><delim>\x0a</delim><match><data>Criminal at \x281\x2c \x2d8\x29\x0a</data></match></read>
    <write><data>R\x23R\x23F\x23F\x23F\x23R\x23F\x23L\x23L\x23R\x23F\x23F\x23R\x23R\x23R\x23F\x23F\x23F\x23R\x23F\x23F\x23R\x23F\x23</data></write>
    <read><delim>\x0a</delim><match><pcre>Criminal caught in ([0-9]*) moves
</pcre></match></read>
    <read><delim>\x0a</delim><match><data>Criminal at \x285\x2c \x2d3\x29\x0a</data></match></read>
    <write><data>R\x23F\x23F\x23R\x23F\x23R\x23L\x23</data></write>
    <read><delim>\x0a</delim><match><pcre>Criminal caught in ([0-9]*) moves
</pcre></match></read>
    <read><delim>\x0a</delim><match><data>Criminal at \x288\x2c 0\x29\x0a</data></match></read>
    <write><data>R\x23F\x23F\x23F\x23R\x23F\x23</data></write>
    <read><delim>\x0a</delim><match><pcre>Criminal caught in ([0-9]*) moves
</pcre></match></read>
    <read><delim>\x0a</delim><match><data>Criminal at \x28\x2d2\x2c \x2d10\x29\x0a</data></match></read>
    <write><data>R\x23R\x23F\x23F\x23R\x23F\x23F\x23F\x23R\x23F\x23</data></write>
    <read><delim>\x0a</delim><match><pcre>Criminal caught in ([0-9]*) moves
</pcre></match></read>
    <read><delim>\x0a</delim><match><data>Criminal at \x283\x2c \x2d8\x29\x0a</data></match></read>
    <write><data>R\x23R\x23L\x23R\x23F\x23F\x23F\x23R\x23F\x23</data></write>
    <read><delim>\x0a</delim><match><pcre>Criminal caught in ([0-9]*) moves
</pcre></match></read>
    <read><delim>\x0a</delim><match><data>Criminal at \x28\x2d5\x2c \x2d3\x29\x0a</data></match></read>
    <write><data>R\x23R\x23R\x23R\x23F\x23F\x23F\x23R\x23F\x23R\x23L\x23</data></write>
    <read><delim>\x0a</delim><match><pcre>Criminal caught in ([0-9]*) moves
</pcre></match></read>
    <read><delim>\x0a</delim><match><data>Criminal at \x288\x2c 1\x29\x0a</data></match></read>
    <write><data>F\x23R\x23F\x23F\x23R\x23L\x23R\x23</data></write>
    <read><delim>\x0a</delim><match><pcre>Criminal caught in ([0-9]*) moves
</pcre></match></read>
    <read><delim>\x0a</delim><match><data>Criminal at \x287\x2c \x2d4\x29\x0a</data></match></read>
    <write><data>R\x23F\x23F\x23F\x23R\x23F\x23F\x23R\x23L\x23</data></write>
    <read><delim>\x0a</delim><match><pcre>Criminal caught in ([0-9]*) moves
</pcre></match></read>
    <read><delim>\x0a</delim><match><data>Criminal at \x280\x2c \x2d5\x29\x0a</data></match></read>
    <write><data>R\x23R\x23F\x23R\x23F\x23</data></write>
    <read><delim>\x0a</delim><match><pcre>Criminal caught in ([0-9]*) moves
</pcre></match></read>
    <read><delim>\x0a</delim><match><data>Criminal at \x289\x2c 0\x29\x0a</data></match></read>
    <write><data>R\x23F\x23F\x23F\x23R\x23L\x23R\x23</data></write>
    <read><delim>\x0a</delim><match><pcre>Criminal caught in ([0-9]*) moves
</pcre></match></read>
    <read><delim>\x0a</delim><match><data>Criminal at \x280\x2c \x2d2\x29\x0a</data></match></read>
    <write><data>L\x23R\x23F\x23F\x23R\x23R\x23R\x23F\x23F\x23F\x23R\x23F\x23F\x23R\x23F\x23</data></write>
    <read><delim>\x0a</delim><match><pcre>Criminal caught in ([0-9]*) moves
</pcre></match></read>
    <read><delim>\x0a</delim><match><data>Criminal at \x289\x2c 1\x29\x0a</data></match></read>
    <write><data>F\x23R\x23F\x23F\x23F\x23R\x23F\x23L\x23L\x23R\x23F\x23F\x23R\x23R\x23R\x23F\x23F\x23F\x23R\x23F\x23F\x23R\x23F\x23</data></write>
    <read><delim>\x0a</delim><match><pcre>Criminal caught in ([0-9]*) moves
</pcre></match></read>
    <read><delim>\x0a</delim><match><data>Criminal at \x280\x2c \x2d3\x29\x0a</data></match></read>
    <write><data>F\x23F\x23F\x23R\x23R\x23R\x23F\x23F\x23F\x23R\x23F\x23F\x23R\x23F\x23</data></write>
    <read><delim>\x0a</delim><match><pcre>Criminal caught in ([0-9]*) moves
</pcre></match></read>
    <read><delim>\x0a</delim><match><data>Criminal at \x28\x2d9\x2c \x2d9\x29\x0a</data></match></read>
    <write><data>R\x23R\x23R\x23F\x23F\x23F\x23R\x23F\x23F\x23R\x23L\x23</data></write>
    <read><delim>\x0a</delim><match><pcre>Criminal caught in ([0-9]*) moves
</pcre></match></read>
    <read><delim>\x0a</delim><match><data>Criminal at \x28\x2d2\x2c 0\x29\x0a</data></match></read>
    <write><data>R\x23R\x23F\x23F\x23R\x23R\x23R\x23F\x23F\x23F\x23R\x23F\x23F\x23R\x23F\x23</data></write>
    <read><delim>\x0a</delim><match><pcre>Criminal caught in ([0-9]*) moves
</pcre></match></read>
    <read><delim>\x0a</delim><match><data>Criminal at \x28\x2d9\x2c \x2d9\x29\x0a</data></match></read>
    <write><data>R\x23R\x23R\x23F\x23F\x23F\x23R\x23F\x23F\x23R\x23L\x23</data></write>
    <read><delim>\x0a</delim><match><pcre>Criminal caught in ([0-9]*) moves
</pcre></match></read>
    <read><delim>\x0a</delim><match><data>Criminal at \x28\x2d3\x2c \x2d5\x29\x0a</data></match></read>
    <write><data>F\x23R\x23R\x23R\x23F\x23F\x23F\x23R\x23F\x23F\x23R\x23F\x23</data></write>
    <read><delim>\x0a</delim><match><pcre>Criminal caught in ([0-9]*) moves
</pcre></match></read>
    <read><delim>\x0a</delim><match><data>Criminal at \x28\x2d9\x2c \x2d9\x29\x0a</data></match></read>
    <write><data>R\x23R\x23R\x23F\x23F\x23F\x23R\x23F\x23F\x23R\x23L\x23</data></write>
    <read><delim>\x0a</delim><match><pcre>Criminal caught in ([0-9]*) moves
</pcre></match></read>
    <read><delim>\x0a</delim><match><data>Criminal at \x28\x2d5\x2c \x2d8\x29\x0a</data></match></read>
    <write><data>R\x23R\x23R\x23F\x23F\x23F\x23R\x23F\x23L\x23L\x23R\x23F\x23F\x23R\x23R\x23R\x23F\x23F\x23F\x23R\x23F\x23F\x23R\x23F\x23</data></write>
    <read><delim>\x0a</delim><match><pcre>Criminal caught in ([0-9]*) moves
</pcre></match></read>
    <read><delim>\x0a</delim><match><data>Criminal at \x281\x2c \x2d3\x29\x0a</data></match></read>
    <write><data>L\x23R\x23R\x23R\x23F\x23F\x23R\x23F\x23F\x23R\x23L\x23</data></write>
    <read><delim>\x0a</delim><match><pcre>Criminal caught in ([0-9]*) moves
</pcre></match></read>
    <read><delim>\x0a</delim><match><data>Criminal at \x282\x2c \x2d3\x29\x0a</data></match></read>
    <write><data>R\x23R\x23F\x23</data></write>
    <read><delim>\x0a</delim><match><pcre>Criminal caught in ([0-9]*) moves
</pcre></match></read>
    <read><delim>\x0a</delim><match><data>Criminal at \x28\x2d9\x2c \x2d8\x29\x0a</data></match></read>
    <write><data>R\x23R\x23R\x23F\x23F\x23R\x23F\x23F\x23F\x23R\x23F\x23</data></write>
    <read><delim>\x0a</delim><match><pcre>Criminal caught in ([0-9]*) moves
</pcre></match></read>
    <read><delim>\x0a</delim><match><data>Criminal at \x280\x2c \x2d4\x29\x0a</data></match></read>
    <write><data>F\x23F\x23R\x23R\x23R\x23F\x23F\x23F\x23R\x23F\x23R\x23L\x23</data></write>
    <read><delim>\x0a</delim><match><pcre>Criminal caught in ([0-9]*) moves
</pcre></match></read>
    <read><delim>\x0a</delim><match><data>Criminal at \x285\x2c 2\x29\x0a</data></match></read>
    <write><data>F\x23R\x23F\x23</data></write>
    <read><delim>\x0a</delim><match><pcre>Criminal caught in ([0-9]*) moves
</pcre></match></read>
    <read><delim>\x0a</delim><match><data>Criminal at \x28\x2d6\x2c \x2d6\x29\x0a</data></match></read>
    <write><data>R\x23R\x23R\x23F\x23F\x23R\x23F\x23F\x23R\x23L\x23</data></write>
    <read><delim>\x0a</delim><match><pcre>Criminal caught in ([0-9]*) moves
</pcre></match></read>
    <read><delim>\x0a</delim><match><data>Criminal at \x286\x2c 5\x29\x0a</data></match></read>
    <write><data>F\x23F\x23R\x23L\x23</data></write>
    <read><delim>\x0a</delim><match><pcre>Criminal caught in ([0-9]*) moves
</pcre></match></read>
    <read><delim>\x0a</delim><match><data>Criminal at \x28\x2d5\x2c \x2d4\x29\x0a</data></match></read>
    <write><data>R\x23R\x23R\x23R\x23F\x23F\x23R\x23L\x23R\x23</data></write>
    <read><delim>\x0a</delim><match><pcre>Criminal caught in ([0-9]*) moves
</pcre></match></read>
    <read><delim>\x0a</delim><match><data>Criminal at \x284\x2c 5\x29\x0a</data></match></read>
    <write><data>F\x23L\x23R\x23</data></write>
    <read><delim>\x0a</delim><match><pcre>Criminal caught in ([0-9]*) moves
</pcre></match></read>
    <read><delim>\x0a</delim><match><data>Criminal at \x280\x2c \x2d4\x29\x0a</data></match></read>
    <write><data>F\x23F\x23R\x23R\x23R\x23F\x23F\x23F\x23R\x23F\x23R\x23L\x23</data></write>
    <read><delim>\x0a</delim><match><pcre>Criminal caught in ([0-9]*) moves
</pcre></match></read>
    <read><delim>\x0a</delim><match><data>Criminal at \x28\x2d7\x2c \x2d5\x29\x0a</data></match></read>
    <write><data>R\x23R\x23F\x23R\x23R\x23L\x23R\x23F\x23F\x23F\x23R\x23F\x23</data></write>
    <read><delim>\x0a</delim><match><pcre>Criminal caught in ([0-9]*) moves
</pcre></match></read>
    <read><delim>\x0a</delim><match><data>Criminal at \x28\x2d5\x2c \x2d3\x29\x0a</data></match></read>
    <write><data>R\x23R\x23R\x23R\x23F\x23F\x23F\x23R\x23F\x23R\x23L\x23</data></write>
    <read><delim>\x0a</delim><match><pcre>Criminal caught in ([0-9]*) moves
</pcre></match></read>
    <read><delim>\x0a</delim><match><data>Criminal at \x283\x2c 4\x29\x0a</data></match></read>
    <write><data>F\x23L\x23</data></write>
    <read><delim>\x0a</delim><match><pcre>Criminal caught in ([0-9]*) moves
</pcre></match></read>
    <read><delim>\x0a</delim><match><data>Criminal at \x288\x2c 0\x29\x0a</data></match></read>
    <write><data>R\x23F\x23F\x23F\x23R\x23F\x23</data></write>
    <read><delim>\x0a</delim><match><pcre>Criminal caught in ([0-9]*) moves
</pcre></match></read>
    <read><delim>\x0a</delim><match><data>Criminal at \x284\x2c 5\x29\x0a</data></match></read>
    <write><data>F\x23L\x23R\x23</data></write>
    <read><delim>\x0a</delim><match><pcre>Criminal caught in ([0-9]*) moves
</pcre></match></read>
    <read><delim>\x0a</delim><match><data>Criminal at \x28\x2d2\x2c \x2d6\x29\x0a</data></match></read>
    <write><data>R\x23R\x23F\x23R\x23F\x23R\x23L\x23</data></write>
    <read><delim>\x0a</delim><match><pcre>Criminal caught in ([0-9]*) moves
</pcre></match></read>
    <read><delim>\x0a</delim><match><data>Criminal at \x28\x2d5\x2c \x2d4\x29\x0a</data></match></read>
    <write><data>R\x23R\x23R\x23R\x23F\x23F\x23R\x23L\x23R\x23</data></write>
    <read><delim>\x0a</delim><match><pcre>Criminal caught in ([0-9]*) moves
</pcre></match></read>
    <read><delim>\x0a</delim><match><data>Criminal at \x281\x2c \x2d3\x29\x0a</data></match></read>
    <write><data>L\x23R\x23R\x23R\x23F\x23F\x23R\x23F\x23F\x23R\x23L\x23</data></write>
    <read><delim>\x0a</delim><match><pcre>Criminal caught in ([0-9]*) moves
</pcre></match></read>
    <read><delim>\x0a</delim><match><data>Criminal at \x28\x2d4\x2c \x2d4\x29\x0a</data></match></read>
    <write><data>R\x23F\x23R\x23R\x23R\x23F\x23F\x23F\x23R\x23F\x23R\x23L\x23</data></write>
    <read><delim>\x0a</delim><match><pcre>Criminal caught in ([0-9]*) moves
</pcre></match></read>
    <read><delim>\x0a</delim><match><data>Criminal at \x28\x2d3\x2c \x2d10\x29\x0a</data></match></read>
    <write><data>R\x23R\x23F\x23F\x23R\x23F\x23F\x23F\x23R\x23F\x23</data></write>
    <read><delim>\x0a</delim><match><pcre>Criminal caught in ([0-9]*) moves
</pcre></match></read>
    <read><delim>\x0a</delim><match><data>Criminal at \x282\x2c \x2d4\x29\x0a</data></match></read>
    <write><data>R\x23R\x23F\x23L\x23L\x23R\x23F\x23F\x23R\x23R\x23R\x23F\x23F\x23F\x23R\x23F\x23F\x23R\x23F\x23</data></write>
    <read><delim>\x0a</delim><match><pcre>Criminal caught in ([0-9]*) moves
</pcre></match></read>
    <read><delim>\x0a</delim><match><data>Criminal at \x28\x2d2\x2c \x2d6\x29\x0a</data></match></read>
    <write><data>R\x23R\x23F\x23R\x23F\x23R\x23L\x23</data></write>
    <read><delim>\x0a</delim><match><pcre>Criminal caught in ([0-9]*) moves
</pcre></match></read>
    <read><delim>\x0a</delim><match><data>Criminal at \x284\x2c \x2d3\x29\x0a</data></match></read>
    <write><data>R\x23F\x23R\x23F\x23L\x23L\x23R\x23F\x23F\x23R\x23R\x23R\x23F\x23F\x23F\x23R\x23F\x23F\x23R\x23F\x23</data></write>
    <read><delim>\x0a</delim><match><pcre>Criminal caught in ([0-9]*) moves
</pcre></match></read>
    <read><delim>\x0a</delim><match><data>Criminal at \x28\x2d2\x2c \x2d3\x29\x0a</data></match></read>
    <write><data>F\x23R\x23F\x23R\x23R\x23R\x23F\x23F\x23F\x23R\x23F\x23R\x23L\x23</data></write>
    <read><delim>\x0a</delim><match><pcre>Criminal caught in ([0-9]*) moves
</pcre></match></read>
    <read><delim>\x0a</delim><match><data>Criminal at \x28\x2d6\x2c \x2d9\x29\x0a</data></match></read>
    <write><data>R\x23R\x23R\x23F\x23F\x23F\x23F\x23R\x23F\x23R\x23L\x23</data></write>
    <read><delim>\x0a</delim><match><pcre>Criminal caught in ([0-9]*) moves
</pcre></match></read>
    <read><delim>\x0a</delim><match><data>Criminal at \x288\x2c 0\x29\x0a</data></match></read>
    <write><data>R\x23F\x23F\x23F\x23R\x23F\x23</data></write>
    <read><delim>\x0a</delim><match><pcre>Criminal caught in ([0-9]*) moves
</pcre></match></read>
    <read><delim>\x0a</delim><match><data>Criminal at \x284\x2c \x2d1\x29\x0a</data></match></read>
    <write><data>R\x23F\x23R\x23</data></write>
    <read><delim>\x0a</delim><match><pcre>Criminal caught in ([0-9]*) moves
</pcre></match></read>
    <read><delim>\x0a</delim><match><data>Criminal at \x283\x2c 1\x29\x0a</data></match></read>
    <write><data>R\x23</data></write>
    <read><delim>\x0a</delim><match><pcre>Criminal caught in ([0-9]*) moves
</pcre></match></read>
</replay>
</pov>