<?xml version="1.0" standalone="no" ?>
<!DOCTYPE pov SYSTEM "/usr/share/cgc-docs/replay.dtd">
<pov>
<cbid>service</cbid>
<seed>e0f63c8afad28ed34102751941fa318d2b6ff94a0233db34ec6b0fa2231ab41931206445d9360e015fb58583f1625e37</seed>
<replay>
    <delay>50</delay>
    <read><length>57</length><match><data>Welcome to EternalPass! Please enter your last password: </data></match></read>
    <write><data>RDBezlQZSlFNWeV\x0a</data></write>
    <read><length>37</length><match><data>\x0aHow many new passwords do you need? </data></match></read>
    <write><data>11\x0a</data></write>
    <read><length>57</length><match><data>\x0aWhat seed to use for pw generation \x280 for system seed\x29? </data></match></read>
    <write><data>0\x0a</data></write>
    <read><length>61</length><match><data>\x0aAddress of custom PRNG \x28ALPHA\x2c unsupported\x2c 0 for default\x29? </data></match></read>
    <write><data>0\x0a</data></write>
    <read><length>43</length><match><data>\x0aTry experimental secure mode \x281 for yes\x29? </data></match></read>
    <write><data>1\x0a</data></write>
    <read><length>26</length><match><data>\x0aEnter secure mode seeds: </data></match></read>
    <write><data>3339651500\x0a</data></write>
    <write><data>3084883971\x0a</data></write>
    <write><data>3391250989\x0a</data></write>
    <write><data>817208822\x0a</data></write>
    <read><length>99</length><match><data>\x0aPlease wait while we build your password file. While you wait\x2c here are your plaintext passwords:\x0a</data></match></read>
    <read><delim>\x0a</delim><match><pcre>.*</pcre></match></read>
    <read><delim>\x0a</delim><match><pcre>.*</pcre></match></read>
    <read><delim>\x0a</delim><match><pcre>.*</pcre></match></read>
    <read><delim>\x0a</delim><match><pcre>.*</pcre></match></read>
    <read><delim>\x0a</delim><match><pcre>.*</pcre></match></read>
    <read><delim>\x0a</delim><match><pcre>.*</pcre></match></read>
    <read><delim>\x0a</delim><match><pcre>.*</pcre></match></read>
    <read><delim>\x0a</delim><match><pcre>.*</pcre></match></read>
    <read><delim>\x0a</delim><match><pcre>.*</pcre></match></read>
    <read><delim>\x0a</delim><match><pcre>.*</pcre></match></read>
    <read><delim>\x0a</delim><match><pcre>.*</pcre></match></read>
    <read><length>58</length><match><data>\x0aThanks for waiting! Here is your password file. Welcome!\x0a</data></match></read>
</replay>
</pov>