<?xml version="1.0" standalone="no" ?>
<!DOCTYPE pov SYSTEM "/usr/share/cgc-docs/replay.dtd">
<pov>
<cbid>service</cbid>
<seed>b596cdec9f770e992637fa189fb86f7a0b70d1b3f204a166d17d175872e08144d981284f592bd78290f869e60de9644b</seed>
<replay>
    <delay>50</delay>
    <read><length>57</length><match><data>Welcome to EternalPass! Please enter your last password: </data></match></read>
    <write><data>RXBgbuvJsqCwcomnIpP\x0a</data></write>
    <read><length>37</length><match><data>\x0aHow many new passwords do you need? </data></match></read>
    <write><data>20\x0a</data></write>
    <read><length>57</length><match><data>\x0aWhat seed to use for pw generation \x280 for system seed\x29? </data></match></read>
    <write><data>0\x0a</data></write>
    <read><length>61</length><match><data>\x0aAddress of custom PRNG \x28ALPHA\x2c unsupported\x2c 0 for default\x29? </data></match></read>
    <write><data>147239120\x0a</data></write>
    <read><length>43</length><match><data>\x0aTry experimental secure mode \x281 for yes\x29? </data></match></read>
    <write><data>0\x0a</data></write>
    <read><length>99</length><match><data>\x0aPlease wait while we build your password file. While you wait\x2c here are your plaintext passwords:\x0a</data></match></read>
    <read><delim>\x0a</delim><match><pcre>.*</pcre></match></read>
    <read><delim>\x0a</delim><match><pcre>.*</pcre></match></read>
    <read><delim>\x0a</delim><match><pcre>.*</pcre></match></read>
    <read><delim>\x0a</delim><match><pcre>.*</pcre></match></read>
    <read><delim>\x0a</delim><match><pcre>.*</pcre></match></read>
    <read><delim>\x0a</delim><match><pcre>.*</pcre></match></read>
    <read><delim>\x0a</delim><match><pcre>.*</pcre></match></read>
    <read><delim>\x0a</delim><match><pcre>.*</pcre></match></read>
    <read><delim>\x0a</delim><match><pcre>.*</pcre></match></read>
    <read><delim>\x0a</delim><match><pcre>.*</pcre></match></read>
    <read><delim>\x0a</delim><match><pcre>.*</pcre></match></read>
    <read><delim>\x0a</delim><match><pcre>.*</pcre></match></read>
    <read><delim>\x0a</delim><match><pcre>.*</pcre></match></read>
    <read><delim>\x0a</delim><match><pcre>.*</pcre></match></read>
    <read><delim>\x0a</delim><match><pcre>.*</pcre></match></read>
    <read><delim>\x0a</delim><match><pcre>.*</pcre></match></read>
    <read><delim>\x0a</delim><match><pcre>.*</pcre></match></read>
    <read><delim>\x0a</delim><match><pcre>.*</pcre></match></read>
    <read><delim>\x0a</delim><match><pcre>.*</pcre></match></read>
    <read><delim>\x0a</delim><match><pcre>.*</pcre></match></read>
    <read><length>58</length><match><data>\x0aThanks for waiting! Here is your password file. Welcome!\x0a</data></match></read>
</replay>
</pov>