<?xml version="1.0" standalone="no" ?>
<!DOCTYPE pov SYSTEM "/usr/share/cgc-docs/replay.dtd">
<pov>
<cbid>service</cbid>
<seed>ce9377b7a0c024806952203b8377f9a87b05213b927dd03546919e55fd9b1a0a027048785afca8682b3e7f8f9a9cac81</seed>
<replay>
    <delay>50</delay>
    <read><length>57</length><match><data>Welcome to EternalPass! Please enter your last password: </data></match></read>
    <write><data>besaniMXIDAbEMXDZjVd\x0a</data></write>
    <read><length>37</length><match><data>\x0aHow many new passwords do you need? </data></match></read>
    <write><data>7\x0a</data></write>
    <read><length>57</length><match><data>\x0aWhat seed to use for pw generation \x280 for system seed\x29? </data></match></read>
    <write><data>0\x0a</data></write>
    <read><length>61</length><match><data>\x0aAddress of custom PRNG \x28ALPHA\x2c unsupported\x2c 0 for default\x29? </data></match></read>
    <write><data>0\x0a</data></write>
    <read><length>43</length><match><data>\x0aTry experimental secure mode \x281 for yes\x29? </data></match></read>
    <write><data>0\x0a</data></write>
    <read><length>99</length><match><data>\x0aPlease wait while we build your password file. While you wait\x2c here are your plaintext passwords:\x0a</data></match></read>
    <read><delim>\x0a</delim><match><pcre>.*</pcre></match></read>
    <read><delim>\x0a</delim><match><pcre>.*</pcre></match></read>
    <read><delim>\x0a</delim><match><pcre>.*</pcre></match></read>
    <read><delim>\x0a</delim><match><pcre>.*</pcre></match></read>
    <read><delim>\x0a</delim><match><pcre>.*</pcre></match></read>
    <read><delim>\x0a</delim><match><pcre>.*</pcre></match></read>
    <read><delim>\x0a</delim><match><pcre>.*</pcre></match></read>
    <read><length>58</length><match><data>\x0aThanks for waiting! Here is your password file. Welcome!\x0a</data></match></read>
</replay>
</pov>