<?xml version="1.0" standalone="no" ?>
<!DOCTYPE pov SYSTEM "/usr/share/cgc-docs/replay.dtd">
<pov>
<cbid>service</cbid>
<seed>bd6fe0518820dd6bc5188be74b8ff419e7101946a6d903e072efd359ce5ec3f26dc61a5b8d76142ea3425a29d107d417</seed>
<replay>
    <delay>50</delay>
    <read><length>57</length><match><data>Welcome to EternalPass! Please enter your last password: </data></match></read>
    <write><data>awBAVKHHuSX\x0a</data></write>
    <read><length>37</length><match><data>\x0aHow many new passwords do you need? </data></match></read>
    <write><data>11\x0a</data></write>
    <read><length>57</length><match><data>\x0aWhat seed to use for pw generation \x280 for system seed\x29? </data></match></read>
    <write><data>1\x0a</data></write>
    <read><length>61</length><match><data>\x0aAddress of custom PRNG \x28ALPHA\x2c unsupported\x2c 0 for default\x29? </data></match></read>
    <write><data>147239168\x0a</data></write>
    <read><length>43</length><match><data>\x0aTry experimental secure mode \x281 for yes\x29? </data></match></read>
    <write><data>1\x0a</data></write>
    <read><length>26</length><match><data>\x0aEnter secure mode seeds: </data></match></read>
    <write><data>3149362774\x0a</data></write>
    <write><data>587244370\x0a</data></write>
    <write><data>314544656\x0a</data></write>
    <write><data>1126607555\x0a</data></write>
    <read><length>99</length><match><data>\x0aPlease wait while we build your password file. While you wait\x2c here are your plaintext passwords:\x0a</data></match></read>
    <read><delim>\x0a</delim><match><pcre>.*</pcre></match></read>
    <read><delim>\x0a</delim><match><pcre>.*</pcre></match></read>
    <read><delim>\x0a</delim><match><pcre>.*</pcre></match></read>
    <read><delim>\x0a</delim><match><pcre>.*</pcre></match></read>
    <read><delim>\x0a</delim><match><pcre>.*</pcre></match></read>
    <read><delim>\x0a</delim><match><pcre>.*</pcre></match></read>
    <read><delim>\x0a</delim><match><pcre>.*</pcre></match></read>
    <read><delim>\x0a</delim><match><pcre>.*</pcre></match></read>
    <read><delim>\x0a</delim><match><pcre>.*</pcre></match></read>
    <read><delim>\x0a</delim><match><pcre>.*</pcre></match></read>
    <read><delim>\x0a</delim><match><pcre>.*</pcre></match></read>
    <read><length>58</length><match><data>\x0aThanks for waiting! Here is your password file. Welcome!\x0a</data></match></read>
</replay>
</pov>