<?xml version="1.0" standalone="no" ?>
<!DOCTYPE pov SYSTEM "/usr/share/cgc-docs/replay.dtd">
<pov>
<cbid>service</cbid>
<seed>d2120b3474633dd08e938f3b51b2e5f5918c1e7f9ac4bef733e06d6422b72420a10543d405886dc7f929e6e073979661</seed>
<replay>
    <delay>50</delay>
    <read><length>57</length><match><data>Welcome to EternalPass! Please enter your last password: </data></match></read>
    <write><data>ugdNEKvySmh\x0a</data></write>
    <read><length>37</length><match><data>\x0aHow many new passwords do you need? </data></match></read>
    <write><data>12\x0a</data></write>
    <read><length>57</length><match><data>\x0aWhat seed to use for pw generation \x280 for system seed\x29? </data></match></read>
    <write><data>1\x0a</data></write>
    <read><length>61</length><match><data>\x0aAddress of custom PRNG \x28ALPHA\x2c unsupported\x2c 0 for default\x29? </data></match></read>
    <write><data>147239168\x0a</data></write>
    <read><length>43</length><match><data>\x0aTry experimental secure mode \x281 for yes\x29? </data></match></read>
    <write><data>1\x0a</data></write>
    <read><length>26</length><match><data>\x0aEnter secure mode seeds: </data></match></read>
    <write><data>3574024792\x0a</data></write>
    <write><data>1809253968\x0a</data></write>
    <write><data>617715758\x0a</data></write>
    <write><data>1355139205\x0a</data></write>
    <read><length>99</length><match><data>\x0aPlease wait while we build your password file. While you wait\x2c here are your plaintext passwords:\x0a</data></match></read>
    <read><delim>\x0a</delim><match><pcre>.*</pcre></match></read>
    <read><delim>\x0a</delim><match><pcre>.*</pcre></match></read>
    <read><delim>\x0a</delim><match><pcre>.*</pcre></match></read>
    <read><delim>\x0a</delim><match><pcre>.*</pcre></match></read>
    <read><delim>\x0a</delim><match><pcre>.*</pcre></match></read>
    <read><delim>\x0a</delim><match><pcre>.*</pcre></match></read>
    <read><delim>\x0a</delim><match><pcre>.*</pcre></match></read>
    <read><delim>\x0a</delim><match><pcre>.*</pcre></match></read>
    <read><delim>\x0a</delim><match><pcre>.*</pcre></match></read>
    <read><delim>\x0a</delim><match><pcre>.*</pcre></match></read>
    <read><delim>\x0a</delim><match><pcre>.*</pcre></match></read>
    <read><delim>\x0a</delim><match><pcre>.*</pcre></match></read>
    <read><length>58</length><match><data>\x0aThanks for waiting! Here is your password file. Welcome!\x0a</data></match></read>
</replay>
</pov>