<?xml version="1.0" standalone="no" ?>
<!DOCTYPE pov SYSTEM "/usr/share/cgc-docs/replay.dtd">
<pov>
<cbid>service</cbid>
<seed>ca69335caf62662c5cefdd357b7d695244ce9fa0eef886f8899f318774892fb5d986192d42b705b54aa695062ac433de</seed>
<replay>
    <write><data>\x00\x00\x00\x00\xbc\x0d\xae\xce\x00\x00\x00\x00\x00\x00\x00\x00\x01\x00\x00\x00\xd3\xb9:\x9e\x94\x25\x07\x08</data></write>
    <read><length>20</length><match><data>\x01\x00\x00\x00\xbc\x0d\xae\xce\x00\x00\x00\x00\x00\x00\x00\x00\x00\x00\x00\x00</data></match></read>
    <read><length>4</length></read>
    <read><length>4</length><match><data>\x00\x00\x00\x00</data></match></read>
    <write><data>\x00\x00\x00\x00\xbd\x0d\xae\xce\x01\x00\x00\x00\x01\x00\x00\x00\x01\x00\x00\x00\x08\xf0\xff\xb7\x04\xf0\xff\xb7</data></write>
    <read><length>28</length><match><data>\x01\x00\x00\x00\xbd\x0d\xae\xce\x00\x00\x00\x00\x00\x00\x00\x00\x00\x00\x00\x00\x00\x00\x00\x00\x00\x00\x00\x00</data></match></read>
    <write><data>\x00\x00\x00\x00\xbe\x0d\xae\xce\x01\x00\x00\x00\x01\x00\x00\x00\x00\x00\x00\x00\x00\xf0\xff\xb7\xc0o\x89w</data></write>
    <read><length>28</length><match><data>\x01\x00\x00\x00\xbe\x0d\xae\xce\x00\x00\x00\x00\x00\x00\x00\x00\x00\x00\x00\x00\x00\x00\x00\x00\x00\x00\x00\x00</data></match></read>
    <write><data>\x00\x00\x00\x00\xbf\x0d\xae\xce\x02\x00\x00\x00\x00\x00\x00\x00\x01\x00\x00\x00\xd8\xe6\xda\xac\xd0h\x00\x00</data></write>
    <read><length>28</length><match><data>\x01\x00\x00\x00\xbf\x0d\xae\xce\x00\x00\x00\x00\x00\x00\x00\x00\x00\x00\x00\x00S\x26\xbaw\x00\x00\x00\x00</data></match></read>
    <write><data>\x00\x00\x00\x00\xc0\x0d\xae\xce\x00\x00\x00\x00\x00\x00\x00\x00\x00\x00\x00\x00\x00\x00\x00\x00VM\xfd1</data></write>
    <read><length>28</length><match><data>\x01\x00\x00\x00\xc0\x0d\xae\xce\x00\x00\x00\x00\x00\x00\x00\x00\x00\x00\x00\x00VM\xfd1\x00\x00\x00\x00</data></match></read>
    <write><data>\x00\x00\x00\x00\xc1\x0d\xae\xce\x02\x00\x00\x00\x00\x00\x00\x00\x00\x00\x00\x00A\xbe\x0b\x86\xc0Y\x00\x00</data></write>
    <read><length>28</length><match><data>\x01\x00\x00\x00\xc1\x0d\xae\xce\x00\x00\x00\x00\x00\x00\x00\x00\x00\x00\x00\x00\xef\xf5:\xb6\x00\x00\x00\x00</data></match></read>
    <write><data>\x00\x00\x00\x00\xc2\x0d\xae\xce\x01\x00\x00\x00\x01\x00\x00\x00\x01\x00\x00\x00\xe9\xd4\xc4K\xefq\xd2\x5e</data></write>
    <read><length>28</length><match><data>\x02\x00\x00\x00\xc2\x0d\xae\xce\x00\x00\x00\x00\x00\x00\x00\x00\x00\x00\x00\x00\x00\x00\x00\x00\x00\x00\x00\x00</data></match></read>
    <write><data>\x00\x00\x00\x00\xc3\x0d\xae\xce\x01\x00\x00\x00\x01\x00\x00\x00\x00\x00\x00\x00\x00\xf0\xff\xb7\xaf\xa4UQ</data></write>
    <read><length>28</length><match><data>\x01\x00\x00\x00\xc3\x0d\xae\xce\x00\x00\x00\x00\x00\x00\x00\x00\x00\x00\x00\x00\x00\x00\x00\x00\x00\x00\x00\x00</data></match></read>
    <write><data>\x00\x00\x00\x00\xc4\x0d\xae\xce\x01\x00\x00\x00\x01\x00\x00\x00\x01\x00\x00\x00\x0c\xf0\xff\xb7\x00\xf0\xff\xb7</data></write>
    <read><length>28</length><match><data>\x01\x00\x00\x00\xc4\x0d\xae\xce\x00\x00\x00\x00\x00\x00\x00\x00\x00\x00\x00\x00\x00\x00\x00\x00\x00\x00\x00\x00</data></match></read>
    <write><data>\x02\x00\x00\x00\xc5\x0d\xae\xce\x03\x00\x00\x00\x01\x00\x00\x00\x01\x00\x00\x00 \xf4\x3c\xa3\x25wX\xaa</data></write>
    <read><length>28</length><match><data>\x02\x00\x00\x00\xc5\x0d\xae\xce\x00\x00\x00\x00\x00\x00\x00\x00\x00\x00\x00\x00\x00\x00\x00\x00\x00\x00\x00\x00</data></match></read>
    <write><data>\x00\x00\x00\x00\xc6\x0d\xae\xce\x01\x00\x00\x00\x01\x00\x00\x00\x00\x00\x00\x00\x04\xf0\xff\xb7\xd0\x2c\x2b\xcc</data></write>
    <read><length>28</length><match><data>\x01\x00\x00\x00\xc6\x0d\xae\xce\x00\x00\x00\x00\x00\x00\x00\x00\x00\x00\x00\x00\x00\x00\x00\x00\x00\x00\x00\x00</data></match></read>
    <write><data>\x00\x00\x00\x00\xc7\x0d\xae\xce\x00\x00\x00\x00\x00\x00\x00\x00\x00\x00\x00\x00\x00\x00\x00\x00\x97\x08\x7bC</data></write>
    <read><length>28</length><match><data>\x01\x00\x00\x00\xc7\x0d\xae\xce\x00\x00\x00\x00\x00\x00\x00\x00\x00\x00\x00\x00\x97\x08\x7bC\x00\x00\x00\x00</data></match></read>
    <write><data>\x00\x00\x00\x00\xc8\x0d\xae\xce\x01\x00\x00\x00\x00\x00\x00\x00\x00\x00\x00\x00\x00\x00\x00\x00\x28\x8f\xc3\x0d</data></write>
    <read><length>28</length><match><data>\x01\x00\x00\x00\xc8\x0d\xae\xce\x00\x00\x00\x00\x00\x00\x00\x00\x00\x00\x00\x00\x28\x8f\xc3\x0d\x00\x00\x00\x00</data></match></read>
    <write><data>\x00\x00\x00\x00\xc9\x0d\xae\xce\x02\x00\x00\x00\x01\x00\x00\x00\x00\x00\x00\x00\x97\xa8\x17\x97\xd9S\xf2S</data></write>
    <read><length>28</length><match><data>\x02\x00\x00\x00\xc9\x0d\xae\xce\x00\x00\x00\x00\x00\x00\x00\x00\x00\x00\x00\x00\x00\x00\x00\x00\x00\x00\x00\x00</data></match></read>
    <write><data>\x00\x00\x00\x00\xca\x0d\xae\xce\x02\x00\x00\x00\x00\x00\x00\x00\x00\x00\x00\x00\xbe\xb3\xd4\x9e\x2ce\x99\x7b</data></write>
    <read><length>28</length><match><data>\x02\x00\x00\x00\xca\x0d\xae\xce\x00\x00\x00\x00\x00\x00\x00\x00\x00\x00\x00\x00\x00\x00\x00\x00\x00\x00\x00\x00</data></match></read>
    <write><data>\x00\x00\x00\x00\xcb\x0d\xae\xce\x02\x00\x00\x00\x00\x00\x00\x00\x00\x00\x00\x00\xd7\xcbn\xcf\x805\x00\x00</data></write>
    <read><length>28</length><match><data>\x01\x00\x00\x00\xcb\x0d\xae\xce\x00\x00\x00\x00\x00\x00\x00\x00\x00\x00\x00\x00\x2aC\xb2\xa7\x00\x00\x00\x00</data></match></read>
    <write><data>\x00\x00\x00\x00\xcc\x0d\xae\xce\x02\x00\x00\x00\x01\x00\x00\x00\x01\x00\x00\x00\xdb\xb6Q\xed\x8e\xee\xe6m</data></write>
    <read><length>28</length><match><data>\x02\x00\x00\x00\xcc\x0d\xae\xce\x00\x00\x00\x00\x00\x00\x00\x00\x00\x00\x00\x00\x00\x00\x00\x00\x00\x00\x00\x00</data></match></read>
    <write><data>\x00\x00\x00\x00\xcd\x0d\xae\xce\x00\x00\x00\x00\x00\x00\x00\x00\x01\x00\x00\x00z\xf4X\xe6p\xe3\xa8\xba</data></write>
    <read><length>20</length><match><data>\x01\x00\x00\x00\xcd\x0d\xae\xce\x00\x00\x00\x00\x00\x00\x00\x00\x00\x00\x00\x00</data></match></read>
    <read><length>4</length></read>
    <read><length>4</length><match><data>\x00\x00\x00\x00</data></match></read>
    <write><data>\x00\x00\x00\x00\xce\x0d\xae\xce\x00\x00\x00\x00\x00\x00\x00\x00\x01\x00\x00\x00j\x1b\xb7z43\xa9\xba</data></write>
    <read><length>20</length><match><data>\x01\x00\x00\x00\xce\x0d\xae\xce\x00\x00\x00\x00\x00\x00\x00\x00\x00\x00\x00\x00</data></match></read>
    <read><length>4</length></read>
    <read><length>4</length><match><data>\x00\x00\x00\x00</data></match></read>
    <write><data>\x00\x00\x00\x00\xcf\x0d\xae\xce\x00\x00\x00\x00\x00\x00\x00\x00\x01\x00\x00\x00\x86\xe9sN\x60\xab\xaa\xba</data></write>
    <read><length>20</length><match><data>\x01\x00\x00\x00\xcf\x0d\xae\xce\x00\x00\x00\x00\x00\x00\x00\x00\x00\x00\x00\x00</data></match></read>
    <read><length>4</length></read>
    <read><length>4</length><match><data>\x00\x00\x00\x00</data></match></read>
    <write><data>\x00\x00\x00\x00\xd0\x0d\xae\xce\x02\x00\x00\x00\x00\x00\x00\x00\x00\x00\x00\x00\xc4\xf2b\x9f\x00\x5e\x00\x00</data></write>
    <read><length>28</length><match><data>\x01\x00\x00\x00\xd0\x0d\xae\xce\x00\x00\x00\x00\x00\x00\x00\x00\x00\x00\x00\x00\x007\xc5\xd0\x00\x00\x00\x00</data></match></read>
    <write><data>\x00\x00\x00\x00\xd1\x0d\xae\xce\x00\x00\x00\x00\x00\x00\x00\x00\x00\x00\x00\x00\x00\x00\x00\x00\xab\x11\xa1\xdc</data></write>
    <read><length>28</length><match><data>\x01\x00\x00\x00\xd1\x0d\xae\xce\x00\x00\x00\x00\x00\x00\x00\x00\x00\x00\x00\x00\xab\x11\xa1\xdc\x00\x00\x00\x00</data></match></read>
    <write><data>\x00\x00\x00\x00\xd2\x0d\xae\xce\x01\x00\x00\x00\x01\x00\x00\x00\x00\x00\x00\x00\x04\xf0\xff\xb7\xda\xf7\x19\xdf</data></write>
    <read><length>28</length><match><data>\x01\x00\x00\x00\xd2\x0d\xae\xce\x00\x00\x00\x00\x00\x00\x00\x00\x00\x00\x00\x00\x00\x00\x00\x00\x00\x00\x00\x00</data></match></read>
    <write><data>\x00\x00\x00\x00\xd3\x0d\xae\xce\x02\x00\x00\x00\x01\x00\x00\x00\x01\x00\x00\x00\xe1lEc\x94\x27\x9f\x1a</data></write>
    <read><length>28</length><match><data>\x02\x00\x00\x00\xd3\x0d\xae\xce\x00\x00\x00\x00\x00\x00\x00\x00\x00\x00\x00\x00\x00\x00\x00\x00\x00\x00\x00\x00</data></match></read>
    <write><data>\x00\x00\x00\x00\xd4\x0d\xae\xce\x00\x00\x00\x00\x00\x00\x00\x00\x01\x00\x00\x00\xc6\xffDu\x80\xfa\xa8\xba</data></write>
    <read><length>20</length><match><data>\x01\x00\x00\x00\xd4\x0d\xae\xce\x00\x00\x00\x00\x00\x00\x00\x00\x00\x00\x00\x00</data></match></read>
    <read><length>4</length></read>
    <read><length>4</length><match><data>\x00\x00\x00\x00</data></match></read>
    <write><data>\x00\x00\x00\x00\xd5\x0d\xae\xce\x02\x00\x00\x00\x00\x00\x00\x00\x01\x00\x00\x00v\x0av\xce\x14?\x00\x00</data></write>
    <read><length>28</length><match><data>\x01\x00\x00\x00\xd5\x0d\xae\xce\x00\x00\x00\x00\x00\x00\x00\x00\x00\x00\x00\x00\x3dr\xe8\x18\x00\x00\x00\x00</data></match></read>
    <write><data>\x00\x00\x00\x00\xd6\x0d\xae\xce\x01\x00\x00\x00\x00\x00\x00\x00\x00\x00\x00\x00\x00\x00\x00\x00N\x80Ea</data></write>
    <read><length>28</length><match><data>\x01\x00\x00\x00\xd6\x0d\xae\xce\x00\x00\x00\x00\x00\x00\x00\x00\x00\x00\x00\x00N\x80Ea\x00\x00\x00\x00</data></match></read>
    <write><data>\x00\x00\x00\x00\xd7\x0d\xae\xce\x01\x00\x00\x00\x00\x00\x00\x00\x01\x00\x00\x00\x00\x00\x00\x00\x04\xf0\xff\xb7</data></write>
    <read><length>28</length><match><data>\x01\x00\x00\x00\xd7\x0d\xae\xce\x00\x00\x00\x00\x00\x00\x00\x00\x00\x00\x00\x00\xda\xf7\x19\xdf\x00\x00\x00\x00</data></match></read>
    <write><data>\x00\x00\x00\x00\xd8\x0d\xae\xce\x00\x00\x00\x00\x01\x00\x00\x00\x01\x00\x00\x00\x8f\xca\xd7\x5f\xff\xbb\x1bx</data></write>
    <read><length>28</length><match><data>\x02\x00\x00\x00\xd8\x0d\xae\xce\x00\x00\x00\x00\x00\x00\x00\x00\x00\x00\x00\x00\x00\x00\x00\x00\x00\x00\x00\x00</data></match></read>
    <write><data>\x00\x00\x00\x00\xd9\x0d\xae\xce\x00\x00\x00\x00\x00\x00\x00\x00\x01\x00\x00\x00J\x08wE\xdc\x2d\x05\x08</data></write>
    <read><length>20</length><match><data>\x01\x00\x00\x00\xd9\x0d\xae\xce\x00\x00\x00\x00\x00\x00\x00\x00\x00\x00\x00\x00</data></match></read>
    <read><length>4</length></read>
    <read><length>4</length><match><data>\x00\x00\x00\x00</data></match></read>
    <write><data>\x00\x00\x00\x00\xda\x0d\xae\xce\x02\x00\x00\x00\x00\x00\x00\x00\x00\x00\x00\x00\x5d\xf0\x94 P\x02\x00\x00</data></write>
    <read><length>28</length><match><data>\x01\x00\x00\x00\xda\x0d\xae\xce\x00\x00\x00\x00\x00\x00\x00\x00\x00\x00\x00\x00C\x87v\x90\x00\x00\x00\x00</data></match></read>
    <write><data>\x00\x00\x00\x00\xdb\x0d\xae\xce\x00\x00\x00\x00\x00\x00\x00\x00\x01\x00\x00\x00\xde.\xd7\xd9\x28\xd5\xa8\xba</data></write>
    <read><length>20</length><match><data>\x01\x00\x00\x00\xdb\x0d\xae\xce\x00\x00\x00\x00\x00\x00\x00\x00\x00\x00\x00\x00</data></match></read>
    <read><length>4</length></read>
    <read><length>4</length><match><data>\x00\x00\x00\x00</data></match></read>
    <write><data>\x00\x00\x00\x00\xdc\x0d\xae\xce\x01\x00\x00\x00\x00\x00\x00\x00\x00\x00\x00\x00\x00\x00\x00\x00\x9eM\xc5\xa5</data></write>
    <read><length>28</length><match><data>\x01\x00\x00\x00\xdc\x0d\xae\xce\x00\x00\x00\x00\x00\x00\x00\x00\x00\x00\x00\x00\x9eM\xc5\xa5\x00\x00\x00\x00</data></match></read>
    <write><data>\x00\x00\x00\x00\xdd\x0d\xae\xce\x00\x00\x00\x00\x00\x00\x00\x00\x01\x00\x00\x00z\xd3\xa7\x5d\xcc\xc3\xa8\xba</data></write>
    <read><length>20</length><match><data>\x01\x00\x00\x00\xdd\x0d\xae\xce\x00\x00\x00\x00\x00\x00\x00\x00\x00\x00\x00\x00</data></match></read>
    <read><length>4</length></read>
    <read><length>4</length><match><data>\x00\x00\x00\x00</data></match></read>
    <write><data>\x00\x00\x00\x00\xde\x0d\xae\xce\x02\x00\x00\x00\x01\x00\x00\x00\x01\x00\x00\x00\xd6\xafx\x87\xd25\xf1\x10</data></write>
    <read><length>28</length><match><data>\x02\x00\x00\x00\xde\x0d\xae\xce\x00\x00\x00\x00\x00\x00\x00\x00\x00\x00\x00\x00\x00\x00\x00\x00\x00\x00\x00\x00</data></match></read>
    <write><data>\x00\x00\x00\x00\xdf\x0d\xae\xce\x00\x00\x00\x00\x00\x00\x00\x00\x00\x00\x00\x00\x00\x00\x00\x00\xa4\x24 \xb1</data></write>
    <read><length>28</length><match><data>\x01\x00\x00\x00\xdf\x0d\xae\xce\x00\x00\x00\x00\x00\x00\x00\x00\x00\x00\x00\x00\xa4\x24 \xb1\x00\x00\x00\x00</data></match></read>
    <write><data>\x00\x00\x00\x00\xe0\x0d\xae\xce\x00\x00\x00\x00\x00\x00\x00\x00\x00\x00\x00\x00\x00\x00\x00\x00o\xca\xb3 </data></write>
    <read><length>28</length><match><data>\x01\x00\x00\x00\xe0\x0d\xae\xce\x00\x00\x00\x00\x00\x00\x00\x00\x00\x00\x00\x00o\xca\xb3 \x00\x00\x00\x00</data></match></read>
    <write><data>\x00\x00\x00\x00\xe1\x0d\xae\xce\x00\x00\x00\x00\x00\x00\x00\x00\x00\x00\x00\x00\x00\x00\x00\x00\x24HnT</data></write>
    <read><length>28</length><match><data>\x01\x00\x00\x00\xe1\x0d\xae\xce\x00\x00\x00\x00\x00\x00\x00\x00\x00\x00\x00\x00\x24HnT\x00\x00\x00\x00</data></match></read>
    <write><data>\x00\x00\x00\x00\xe2\x0d\xae\xce\x02\x00\x00\x00\x00\x00\x00\x00\x00\x00\x00\x00\x90\x98\x84\xff\x8cl\x00\x00</data></write>
    <read><length>28</length><match><data>\x01\x00\x00\x00\xe2\x0d\xae\xce\x00\x00\x00\x00\x00\x00\x00\x00\x00\x00\x00\x00\x06\xffRC\x00\x00\x00\x00</data></match></read>
    <write><data>\x00\x00\x00\x00\xe3\x0d\xae\xce\x01\x00\x00\x00\x01\x00\x00\x00\x00\x00\x00\x00\x00\xf0\xff\xb7\x84\x9bg\xd4</data></write>
    <read><length>28</length><match><data>\x01\x00\x00\x00\xe3\x0d\xae\xce\x00\x00\x00\x00\x00\x00\x00\x00\x00\x00\x00\x00\x00\x00\x00\x00\x00\x00\x00\x00</data></match></read>
    <write><data>\x00\x00\x00\x00\xe4\x0d\xae\xce\x02\x00\x00\x00\x00\x00\x00\x00\x01\x00\x00\x00\x8dP\xdf\x22x\xfa\x00\x00</data></write>
    <read><length>28</length><match><data>\x01\x00\x00\x00\xe4\x0d\xae\xce\x00\x00\x00\x00\x00\x00\x00\x00\x00\x00\x00\x00W\xa2\xd3\x9c\x00\x00\x00\x00</data></match></read>
    <write><data>\x00\x00\x00\x00\xe5\x0d\xae\xce\x01\x00\x00\x00\x00\x00\x00\x00\x01\x00\x00\x00\x1b\xe2\x3c\x1bK\xb3\xa2\xbf</data></write>
    <read><length>28</length><match><data>\x02\x00\x00\x00\xe5\x0d\xae\xce\x00\x00\x00\x00\x00\x00\x00\x00\x00\x00\x00\x00\x00\x00\x00\x00\x00\x00\x00\x00</data></match></read>
    <write><data>\x00\x00\x00\x00\xe6\x0d\xae\xce\x02\x00\x00\x00\x00\x00\x00\x00\x01\x00\x00\x00\x01Ldj\xfc\x87\x00\x00</data></write>
    <read><length>28</length><match><data>\x01\x00\x00\x00\xe6\x0d\xae\xce\x00\x00\x00\x00\x00\x00\x00\x00\x00\x00\x00\x00\xb3\x94\xf3\xb5\x00\x00\x00\x00</data></match></read>
    <write><data>\x00\x00\x00\x00\xe7\x0d\xae\xce\x00\x00\x00\x00\x00\x00\x00\x00\x01\x00\x00\x00\x12\xe9N\x9aT\xc5\xa9\xba</data></write>
    <read><length>20</length><match><data>\x01\x00\x00\x00\xe7\x0d\xae\xce\x00\x00\x00\x00\x00\x00\x00\x00\x00\x00\x00\x00</data></match></read>
    <read><length>4</length></read>
    <read><length>4</length><match><data>\x00\x00\x00\x00</data></match></read>
    <write><data>\x00\x00\x00\x00\xe8\x0d\xae\xce\x01\x00\x00\x00\x01\x00\x00\x00\x00\x00\x00\x00\x08\xf0\xff\xb7\x0e\xa4\x3e\x95</data></write>
    <read><length>28</length><match><data>\x01\x00\x00\x00\xe8\x0d\xae\xce\x00\x00\x00\x00\x00\x00\x00\x00\x00\x00\x00\x00\x00\x00\x00\x00\x00\x00\x00\x00</data></match></read>
    <write><data>\x00\x00\x00\x00\xe9\x0d\xae\xce\x00\x00\x00\x00\x00\x00\x00\x00\x01\x00\x00\x00\x40E\x9ed4\xc4GC</data></write>
    <read><length>28</length><match><data>\x02\x00\x00\x00\xe9\x0d\xae\xce\x00\x00\x00\x00\x00\x00\x00\x00\x00\x00\x00\x00\x00\x00\x00\x00\x00\x00\x00\x00</data></match></read>
    <write><data>\x00\x00\x00\x00\xea\x0d\xae\xce\x01\x00\x00\x00\x01\x00\x00\x00\x01\x00\x00\x00\xf8\xeb\xa7\x8d\x5dx\x91\x8f</data></write>
    <read><length>28</length><match><data>\x02\x00\x00\x00\xea\x0d\xae\xce\x00\x00\x00\x00\x00\x00\x00\x00\x00\x00\x00\x00\x00\x00\x00\x00\x00\x00\x00\x00</data></match></read>
    <write><data>\x00\x00\x00\x00\xeb\x0d\xae\xce\x00\x00\x00\x00\x00\x00\x00\x00\x00\x00\x00\x00\x00\x00\x00\x00\x97\xb9\x91\x97</data></write>
    <read><length>28</length><match><data>\x01\x00\x00\x00\xeb\x0d\xae\xce\x00\x00\x00\x00\x00\x00\x00\x00\x00\x00\x00\x00\x97\xb9\x91\x97\x00\x00\x00\x00</data></match></read>
    <write><data>\x00\x00\x00\x00\xec\x0d\xae\xce\x02\x00\x00\x00\x00\x00\x00\x00\x00\x00\x00\x00\x86D\xa1\xcd\x2c\xae\x00\x00</data></write>
    <read><length>28</length><match><data>\x01\x00\x00\x00\xec\x0d\xae\xce\x00\x00\x00\x00\x00\x00\x00\x00\x00\x00\x00\x00\xb0\x7f\x81B\x00\x00\x00\x00</data></match></read>
    <write><data>\x00\x00\x00\x00\xed\x0d\xae\xce\x00\x00\x00\x00\x00\x00\x00\x00\x00\x00\x00\x00\x00\x00\x00\x00\x08M\x0b\x5f</data></write>
    <read><length>28</length><match><data>\x01\x00\x00\x00\xed\x0d\xae\xce\x00\x00\x00\x00\x00\x00\x00\x00\x00\x00\x00\x00\x08M\x0b\x5f\x00\x00\x00\x00</data></match></read>
    <write><data>\x02\x00\x00\x00\xee\x0d\xae\xce\x01\x00\x00\x00\x00\x00\x00\x00\x01\x00\x00\x00 \x05H\xc4\xa5\xe9\xdf\xd5</data></write>
    <read><length>28</length><match><data>\x02\x00\x00\x00\xee\x0d\xae\xce\x00\x00\x00\x00\x00\x00\x00\x00\x00\x00\x00\x00\x00\x00\x00\x00\x00\x00\x00\x00</data></match></read>
    <write><data>\x00\x00\x00\x00\xef\x0d\xae\xce\x02\x00\x00\x00\x00\x00\x00\x00\x00\x00\x00\x00\xa6q\xa7\xaf\xa8\xa6\x00\x00</data></write>
    <read><length>28</length><match><data>\x01\x00\x00\x00\xef\x0d\xae\xce\x00\x00\x00\x00\x00\x00\x00\x00\x00\x00\x00\x00BJ\x87\xb7\x00\x00\x00\x00</data></match></read>
    <write><data>\x00\x00\x00\x00\xf0\x0d\xae\xce\x02\x00\x00\x00\x00\x00\x00\x00\x00\x00\x00\x00\xed\x95.\x14T\x2f\x00\x00</data></write>
    <read><length>28</length><match><data>\x01\x00\x00\x00\xf0\x0d\xae\xce\x00\x00\x00\x00\x00\x00\x00\x00\x00\x00\x00\x00\xf8\xd0\x0e\xb0\x00\x00\x00\x00</data></match></read>
    <write><data>\x00\x00\x00\x00\xf1\x0d\xae\xce\x02\x00\x00\x00\x01\x00\x00\x00\x00\x00\x00\x00l\xcc\x5b\x26j\x9b\xfb\xea</data></write>
    <read><length>28</length><match><data>\x02\x00\x00\x00\xf1\x0d\xae\xce\x00\x00\x00\x00\x00\x00\x00\x00\x00\x00\x00\x00\x00\x00\x00\x00\x00\x00\x00\x00</data></match></read>
    <write><data>\x00\x00\x00\x00\xf2\x0d\xae\xce\x00\x00\x00\x00\x00\x00\x00\x00\x00\x00\x00\x00\x00\x00\x00\x00\x14\xb2r\x1b</data></write>
    <read><length>28</length><match><data>\x01\x00\x00\x00\xf2\x0d\xae\xce\x00\x00\x00\x00\x00\x00\x00\x00\x00\x00\x00\x00\x14\xb2r\x1b\x00\x00\x00\x00</data></match></read>
    <write><data>\x00\x00\x00\x00\xf3\x0d\xae\xce\x01\x00\x00\x00\x01\x00\x00\x00\x01\x00\x00\x00\x90\xde\x98\xc2\x1d9\xd2\x2c</data></write>
    <read><length>28</length><match><data>\x02\x00\x00\x00\xf3\x0d\xae\xce\x00\x00\x00\x00\x00\x00\x00\x00\x00\x00\x00\x00\x00\x00\x00\x00\x00\x00\x00\x00</data></match></read>
    <write><data>\x00\x00\x00\x00\xf4\x0d\xae\xce\x00\x00\x00\x00\x00\x00\x00\x00\x01\x00\x00\x00Qc\xe9\xa7d\xd2\xa8\xba</data></write>
    <read><length>20</length><match><data>\x01\x00\x00\x00\xf4\x0d\xae\xce\x00\x00\x00\x00\x00\x00\x00\x00\x00\x00\x00\x00</data></match></read>
    <read><length>4</length></read>
    <read><length>4</length><match><data>\x00\x00\x00\x00</data></match></read>
    <write><data>\x00\x00\x00\x00\xf5\x0d\xae\xce\x00\x00\x00\x00\x00\x00\x00\x00\x00\x00\x00\x00\x00\x00\x00\x00\xcc\x8d\x60\xbb</data></write>
    <read><length>28</length><match><data>\x01\x00\x00\x00\xf5\x0d\xae\xce\x00\x00\x00\x00\x00\x00\x00\x00\x00\x00\x00\x00\xcc\x8d\x60\xbb\x00\x00\x00\x00</data></match></read>
    <write><data>\x00\x00\x00\x00\xf6\x0d\xae\xce\x00\x00\x00\x00\x00\x00\x00\x00\x00\x00\x00\x00\x00\x00\x00\x00B\xe0\xf4\xec</data></write>
    <read><length>28</length><match><data>\x01\x00\x00\x00\xf6\x0d\xae\xce\x00\x00\x00\x00\x00\x00\x00\x00\x00\x00\x00\x00B\xe0\xf4\xec\x00\x00\x00\x00</data></match></read>
    <write><data>\x00\x00\x00\x00\xf7\x0d\xae\xce\x01\x00\x00\x00\x01\x00\x00\x00\x01\x00\x00\x00\x04\xf0\xff\xb7\x04\xf0\xff\xb7</data></write>
    <read><length>28</length><match><data>\x01\x00\x00\x00\xf7\x0d\xae\xce\x00\x00\x00\x00\x00\x00\x00\x00\x00\x00\x00\x00\x00\x00\x00\x00\x00\x00\x00\x00</data></match></read>
    <write><data>\x00\x00\x00\x00\xf8\x0d\xae\xce\x01\x00\x00\x00\x01\x00\x00\x00\x01\x00\x00\x00\x04\xf0\xff\xb7\x04\xf0\xff\xb7</data></write>
    <read><length>28</length><match><data>\x01\x00\x00\x00\xf8\x0d\xae\xce\x00\x00\x00\x00\x00\x00\x00\x00\x00\x00\x00\x00\x00\x00\x00\x00\x00\x00\x00\x00</data></match></read>
    <write><data>\x00\x00\x00\x00\xf9\x0d\xae\xce\x00\x00\x00\x00\x00\x00\x00\x00\x00\x00\x00\x00\x00\x00\x00\x004\xf5\x7f\x5f</data></write>
    <read><length>28</length><match><data>\x01\x00\x00\x00\xf9\x0d\xae\xce\x00\x00\x00\x00\x00\x00\x00\x00\x00\x00\x00\x004\xf5\x7f\x5f\x00\x00\x00\x00</data></match></read>
    <write><data>\x00\x00\x00\x00\xfa\x0d\xae\xce\x02\x00\x00\x00\x00\x00\x00\x00\x01\x00\x00\x00\x5b\xbd\xa2i\x3c\x7b\x00\x00</data></write>
    <read><length>28</length><match><data>\x01\x00\x00\x00\xfa\x0d\xae\xce\x00\x00\x00\x00\x00\x00\x00\x00\x00\x00\x00\x005\x06\x95\x8e\x00\x00\x00\x00</data></match></read>
    <write><data>\x00\x00\x00\x00\xfb\x0d\xae\xce\x01\x00\x00\x00\x00\x00\x00\x00\x00\x00\x00\x00\x00\x00\x00\x00\x95\xa6\x0b\xf7</data></write>
    <read><length>28</length><match><data>\x01\x00\x00\x00\xfb\x0d\xae\xce\x00\x00\x00\x00\x00\x00\x00\x00\x00\x00\x00\x00\x95\xa6\x0b\xf7\x00\x00\x00\x00</data></match></read>
    <write><data>\x00\x00\x00\x00\xfc\x0d\xae\xce\x02\x00\x00\x00\x00\x00\x00\x00\x00\x00\x00\x00Q\x97\xc61\xec\x03\x00\x00</data></write>
    <read><length>28</length><match><data>\x01\x00\x00\x00\xfc\x0d\xae\xce\x00\x00\x00\x00\x00\x00\x00\x00\x00\x00\x00\x00\xc1\xc5\x16v\x00\x00\x00\x00</data></match></read>
    <write><data>\x02\x00\x00\x00\xfd\x0d\xae\xce\x02\x00\x00\x00\x01\x00\x00\x00\x01\x00\x00\x00\x02\x7epj\xf0\x99\x01\xc5</data></write>
    <read><length>28</length><match><data>\x02\x00\x00\x00\xfd\x0d\xae\xce\x00\x00\x00\x00\x00\x00\x00\x00\x00\x00\x00\x00\x00\x00\x00\x00\x00\x00\x00\x00</data></match></read>
    <write><data>\x00\x00\x00\x00\xfe\x0d\xae\xce\x00\x00\x00\x00\x00\x00\x00\x00\x00\x00\x00\x00\x00\x00\x00\x00p\xcb\x2f\xb7</data></write>
    <read><length>28</length><match><data>\x01\x00\x00\x00\xfe\x0d\xae\xce\x00\x00\x00\x00\x00\x00\x00\x00\x00\x00\x00\x00p\xcb\x2f\xb7\x00\x00\x00\x00</data></match></read>
    <write><data>\x00\x00\x00\x00\xff\x0d\xae\xce\x00\x00\x00\x00\x00\x00\x00\x00\x01\x00\x00\x009\xe0\x7b\x0eN\xc3GC</data></write>
    <read><length>28</length><match><data>\x02\x00\x00\x00\xff\x0d\xae\xce\x00\x00\x00\x00\x00\x00\x00\x00\x00\x00\x00\x00\x00\x00\x00\x00\x00\x00\x00\x00</data></match></read>
    <write><data>\x00\x00\x00\x00\x00\x0e\xae\xce\x00\x00\x00\x00\x01\x00\x00\x00\x01\x00\x00\x000\x1f\xc1\xdd\xf9\xe5g\x88</data></write>
    <read><length>28</length><match><data>\x02\x00\x00\x00\x00\x0e\xae\xce\x00\x00\x00\x00\x00\x00\x00\x00\x00\x00\x00\x00\x00\x00\x00\x00\x00\x00\x00\x00</data></match></read>
    <write><data>\x00\x00\x00\x00\x01\x0e\xae\xce\x01\x00\x00\x00\x00\x00\x00\x00\x01\x00\x00\x00f\xee\x86\xbfp\x81\xee\x96</data></write>
    <read><length>28</length><match><data>\x02\x00\x00\x00\x01\x0e\xae\xce\x00\x00\x00\x00\x00\x00\x00\x00\x00\x00\x00\x00\x00\x00\x00\x00\x00\x00\x00\x00</data></match></read>
    <write><data>\x00\x00\x00\x00\x02\x0e\xae\xce\x01\x00\x00\x00\x01\x00\x00\x00\x01\x00\x00\x00\x04\xf0\xff\xb7\x04\xf0\xff\xb7</data></write>
    <read><length>28</length><match><data>\x01\x00\x00\x00\x02\x0e\xae\xce\x00\x00\x00\x00\x00\x00\x00\x00\x00\x00\x00\x00\x00\x00\x00\x00\x00\x00\x00\x00</data></match></read>
    <write><data>\x00\x00\x00\x00\x03\x0e\xae\xce\x01\x00\x00\x00\x00\x00\x00\x00\x00\x00\x00\x00\x00\x00\x00\x00\x24\xf4\xe9\xfe</data></write>
    <read><length>28</length><match><data>\x01\x00\x00\x00\x03\x0e\xae\xce\x00\x00\x00\x00\x00\x00\x00\x00\x00\x00\x00\x00\x24\xf4\xe9\xfe\x00\x00\x00\x00</data></match></read>
    <write><data>\x00\x00\x00\x00\x04\x0e\xae\xce\x00\x00\x00\x00\x00\x00\x00\x00\x01\x00\x00\x00\xd7\xad\x3c\x224\x19\x11\x08</data></write>
    <read><length>20</length><match><data>\x01\x00\x00\x00\x04\x0e\xae\xce\x00\x00\x00\x00\x00\x00\x00\x00\x00\x00\x00\x00</data></match></read>
    <read><length>4</length></read>
    <read><length>4</length><match><data>\x00\x00\x00\x00</data></match></read>
    <write><data>\x00\x00\x00\x00\x05\x0e\xae\xce\x00\x00\x00\x00\x00\x00\x00\x00\x00\x00\x00\x00\x00\x00\x00\x00\x28\x94\xa3\xac</data></write>
    <read><length>28</length><match><data>\x01\x00\x00\x00\x05\x0e\xae\xce\x00\x00\x00\x00\x00\x00\x00\x00\x00\x00\x00\x00\x28\x94\xa3\xac\x00\x00\x00\x00</data></match></read>
    <write><data>\x00\x00\x00\x00\x06\x0e\xae\xce\x02\x00\x00\x00\x00\x00\x00\x00\x00\x00\x00\x00\x0e\xc1\xd5\x9c\x80\xd5\x00\x00</data></write>
    <read><length>28</length><match><data>\x01\x00\x00\x00\x06\x0e\xae\xce\x00\x00\x00\x00\x00\x00\x00\x00\x00\x00\x00\x00q\x96\xf3\x0a\x00\x00\x00\x00</data></match></read>
    <write><data>\x00\x00\x00\x00\x07\x0e\xae\xce\x00\x00\x00\x00\x00\x00\x00\x00\x00\x00\x00\x00\x00\x00\x00\x00\xf7\xf8\xc0\x5b</data></write>
    <read><length>28</length><match><data>\x01\x00\x00\x00\x07\x0e\xae\xce\x00\x00\x00\x00\x00\x00\x00\x00\x00\x00\x00\x00\xf7\xf8\xc0\x5b\x00\x00\x00\x00</data></match></read>
    <write><data>\x00\x00\x00\x00\x08\x0e\xae\xce\x00\x00\x00\x00\x00\x00\x00\x00\x00\x00\x00\x00\x00\x00\x00\x00\x1a\xe7Q\xba</data></write>
    <read><length>28</length><match><data>\x01\x00\x00\x00\x08\x0e\xae\xce\x00\x00\x00\x00\x00\x00\x00\x00\x00\x00\x00\x00\x1a\xe7Q\xba\x00\x00\x00\x00</data></match></read>
    <write><data>\x02\x00\x00\x00\x09\x0e\xae\xce\x02\x00\x00\x00\x00\x00\x00\x00\x00\x00\x00\x00\x10\xb3\x10\x16\x7ej\x8fJ</data></write>
    <read><length>28</length><match><data>\x02\x00\x00\x00\x09\x0e\xae\xce\x00\x00\x00\x00\x00\x00\x00\x00\x00\x00\x00\x00\x00\x00\x00\x00\x00\x00\x00\x00</data></match></read>
    <write><data>\x00\x00\x00\x00\x0a\x0e\xae\xce\x00\x00\x00\x00\x01\x00\x00\x00\x01\x00\x00\x00S\x09!\x28\xf7\x96\xe2\x98</data></write>
    <read><length>28</length><match><data>\x02\x00\x00\x00\x0a\x0e\xae\xce\x00\x00\x00\x00\x00\x00\x00\x00\x00\x00\x00\x00\x00\x00\x00\x00\x00\x00\x00\x00</data></match></read>
    <write><data>\x00\x00\x00\x00\x0b\x0e\xae\xce\x00\x00\x00\x00\x00\x00\x00\x00\x01\x00\x00\x00\xd34\x14\x9a\xf0\xcf\x0d\x08</data></write>
    <read><length>20</length><match><data>\x01\x00\x00\x00\x0b\x0e\xae\xce\x00\x00\x00\x00\x00\x00\x00\x00\x00\x00\x00\x00</data></match></read>
    <read><length>4</length></read>
    <read><length>4</length><match><data>\x00\x00\x00\x00</data></match></read>
    <write><data>\x00\x00\x00\x00\x0c\x0e\xae\xce\x01\x00\x00\x00\x01\x00\x00\x00\x01\x00\x00\x00\x04\xf0\xff\xb7\x04\xf0\xff\xb7</data></write>
    <read><length>28</length><match><data>\x01\x00\x00\x00\x0c\x0e\xae\xce\x00\x00\x00\x00\x00\x00\x00\x00\x00\x00\x00\x00\x00\x00\x00\x00\x00\x00\x00\x00</data></match></read>
    <write><data>\x00\x00\x00\x00\x0d\x0e\xae\xce\x00\x00\x00\x00\x01\x00\x00\x00\x01\x00\x00\x00\x89N\xe2\x3d\x98\x24\xbb\xb3</data></write>
    <read><length>28</length><match><data>\x02\x00\x00\x00\x0d\x0e\xae\xce\x00\x00\x00\x00\x00\x00\x00\x00\x00\x00\x00\x00\x00\x00\x00\x00\x00\x00\x00\x00</data></match></read>
    <write><data>\x00\x00\x00\x00\x0e\x0e\xae\xce\x01\x00\x00\x00\x01\x00\x00\x00\x01\x00\x00\x00\xd9\xe5F\xdf\xd3i\x92\xf7</data></write>
    <read><length>28</length><match><data>\x02\x00\x00\x00\x0e\x0e\xae\xce\x00\x00\x00\x00\x00\x00\x00\x00\x00\x00\x00\x00\x00\x00\x00\x00\x00\x00\x00\x00</data></match></read>
    <write><data>\x00\x00\x00\x00\x0f\x0e\xae\xce\x01\x00\x00\x00\x00\x00\x00\x00\x00\x00\x00\x00\x00\x00\x00\x00\x3c\xd9\x82\xe6</data></write>
    <read><length>28</length><match><data>\x01\x00\x00\x00\x0f\x0e\xae\xce\x00\x00\x00\x00\x00\x00\x00\x00\x00\x00\x00\x00\x3c\xd9\x82\xe6\x00\x00\x00\x00</data></match></read>
    <write><data>\x00\x00\x00\x00\x10\x0e\xae\xce\x01\x00\x00\x00\x00\x00\x00\x00\x01\x00\x00\x00\x00\x00\x00\x00\x00\xf0\xff\xb7</data></write>
    <read><length>28</length><match><data>\x01\x00\x00\x00\x10\x0e\xae\xce\x00\x00\x00\x00\x00\x00\x00\x00\x00\x00\x00\x00\x84\x9bg\xd4\x00\x00\x00\x00</data></match></read>
    <write><data>\x03\x00\x00\x00\x11\x0e\xae\xce\xff\x00\x00\x00\xff\x00\x00\x00\xff\x00\x00\x00\x00\x00\x00\x00\x00\x00\x00\x00</data></write>
</replay>
</pov>