<?xml version="1.0" standalone="no" ?>
<!DOCTYPE pov SYSTEM "/usr/share/cgc-docs/replay.dtd">
<pov>
<cbid>service</cbid>
<seed>c555cb218f64c45cee64749e12d21981b94542b43232774aedc9eb7eb3c415c09f19cd51c4c9b43fa93dad990e1142ac</seed>
<replay>
    <write><data>\x00\x00\x00\x00\x1fa\x29\xf1\x02\x00\x00\x00\x00\x00\x00\x00\x00\x00\x00\x00\xc7\xb1\xa5\xbd\xb4\x19\x00\x00</data></write>
    <read><length>28</length><match><data>\x01\x00\x00\x00\x1fa\x29\xf1\x00\x00\x00\x00\x00\x00\x00\x00\x00\x00\x00\x00\xeb\xc2\x0ap\x00\x00\x00\x00</data></match></read>
    <write><data>\x00\x00\x00\x00 a\x29\xf1\x00\x00\x00\x00\x00\x00\x00\x00\x00\x00\x00\x00\x00\x00\x00\x00\x9bvu:</data></write>
    <read><length>28</length><match><data>\x01\x00\x00\x00 a\x29\xf1\x00\x00\x00\x00\x00\x00\x00\x00\x00\x00\x00\x00\x9bvu:\x00\x00\x00\x00</data></match></read>
    <write><data>\x00\x00\x00\x00!a\x29\xf1\x02\x00\x00\x00\x00\x00\x00\x00\x01\x00\x00\x00\x08\x1a\xedU\xbc\xc4\x00\x00</data></write>
    <read><length>28</length><match><data>\x01\x00\x00\x00!a\x29\xf1\x00\x00\x00\x00\x00\x00\x00\x00\x00\x00\x00\x00\xdf\x7fo\xc1\x00\x00\x00\x00</data></match></read>
    <write><data>\x00\x00\x00\x00\x22a\x29\xf1\x02\x00\x00\x00\x00\x00\x00\x00\x00\x00\x00\x00\x01\xba\xee\x2f\x23\xb5V\x40</data></write>
    <read><length>28</length><match><data>\x02\x00\x00\x00\x22a\x29\xf1\x00\x00\x00\x00\x00\x00\x00\x00\x00\x00\x00\x00\x00\x00\x00\x00\x00\x00\x00\x00</data></match></read>
    <write><data>\x00\x00\x00\x00\x23a\x29\xf1\x01\x00\x00\x00\x01\x00\x00\x00\x01\x00\x00\x00\x00\xf0\xff\xb7\x04\xf0\xff\xb7</data></write>
    <read><length>28</length><match><data>\x01\x00\x00\x00\x23a\x29\xf1\x00\x00\x00\x00\x00\x00\x00\x00\x00\x00\x00\x00\x00\x00\x00\x00\x00\x00\x00\x00</data></match></read>
    <write><data>\x00\x00\x00\x00\x24a\x29\xf1\x02\x00\x00\x00\x01\x00\x00\x00\x01\x00\x00\x00G\xed3vU\x05\x1dm</data></write>
    <read><length>28</length><match><data>\x02\x00\x00\x00\x24a\x29\xf1\x00\x00\x00\x00\x00\x00\x00\x00\x00\x00\x00\x00\x00\x00\x00\x00\x00\x00\x00\x00</data></match></read>
    <write><data>\x00\x00\x00\x00\x25a\x29\xf1\x00\x00\x00\x00\x00\x00\x00\x00\x01\x00\x00\x00U\xd2\xf8\x8d\x7co\x11\x08</data></write>
    <read><length>20</length><match><data>\x01\x00\x00\x00\x25a\x29\xf1\x00\x00\x00\x00\x00\x00\x00\x00\x00\x00\x00\x00</data></match></read>
    <read><length>4</length></read>
    <read><length>4</length><match><data>\x00\x00\x00\x00</data></match></read>
    <write><data>\x00\x00\x00\x00\x26a\x29\xf1\x02\x00\x00\x00\x00\x00\x00\x00\x01\x00\x00\x00\xc8?\xce\xd2Le\x00\x00</data></write>
    <read><length>28</length><match><data>\x01\x00\x00\x00\x26a\x29\xf1\x00\x00\x00\x00\x00\x00\x00\x00\x00\x00\x00\x00\x26\x2bS\x89\x00\x00\x00\x00</data></match></read>
    <write><data>\x00\x00\x00\x00\x27a\x29\xf1\x00\x00\x00\x00\x00\x00\x00\x00\x01\x00\x00\x00\xcey\xc9?\xb0\xf5\x06\x08</data></write>
    <read><length>20</length><match><data>\x01\x00\x00\x00\x27a\x29\xf1\x00\x00\x00\x00\x00\x00\x00\x00\x00\x00\x00\x00</data></match></read>
    <read><length>4</length></read>
    <read><length>4</length><match><data>\x00\x00\x00\x00</data></match></read>
    <write><data>\x00\x00\x00\x00\x28a\x29\xf1\x02\x00\x00\x00\x00\x00\x00\x00\x01\x00\x00\x005Z\xeef\x9a\xacuM</data></write>
    <read><length>28</length><match><data>\x02\x00\x00\x00\x28a\x29\xf1\x00\x00\x00\x00\x00\x00\x00\x00\x00\x00\x00\x00\x00\x00\x00\x00\x00\x00\x00\x00</data></match></read>
    <write><data>\x00\x00\x00\x00\x29a\x29\xf1\x00\x00\x00\x00\x00\x00\x00\x00\x01\x00\x00\x00\x2cZ\x95v\x60\x3d\x0a\x08</data></write>
    <read><length>20</length><match><data>\x01\x00\x00\x00\x29a\x29\xf1\x00\x00\x00\x00\x00\x00\x00\x00\x00\x00\x00\x00</data></match></read>
    <read><length>4</length></read>
    <read><length>4</length><match><data>\x00\x00\x00\x00</data></match></read>
    <write><data>\x00\x00\x00\x00\x2aa\x29\xf1\x01\x00\x00\x00\x01\x00\x00\x00\x00\x00\x00\x00\x04\xf0\xff\xb7\xcf\x12\x7d7</data></write>
    <read><length>28</length><match><data>\x01\x00\x00\x00\x2aa\x29\xf1\x00\x00\x00\x00\x00\x00\x00\x00\x00\x00\x00\x00\x00\x00\x00\x00\x00\x00\x00\x00</data></match></read>
    <write><data>\x00\x00\x00\x00\x2ba\x29\xf1\x00\x00\x00\x00\x00\x00\x00\x00\x00\x00\x00\x00\x00\x00\x00\x00\x19\x97T\xaa</data></write>
    <read><length>28</length><match><data>\x01\x00\x00\x00\x2ba\x29\xf1\x00\x00\x00\x00\x00\x00\x00\x00\x00\x00\x00\x00\x19\x97T\xaa\x00\x00\x00\x00</data></match></read>
    <write><data>\x00\x00\x00\x00\x2ca\x29\xf1\x00\x00\x00\x00\x00\x00\x00\x00\x01\x00\x00\x00t\xd6\x81\xdb\xf0\xc0\xa9\xba</data></write>
    <read><length>20</length><match><data>\x01\x00\x00\x00\x2ca\x29\xf1\x00\x00\x00\x00\x00\x00\x00\x00\x00\x00\x00\x00</data></match></read>
    <read><length>4</length></read>
    <read><length>4</length><match><data>\x00\x00\x00\x00</data></match></read>
    <write><data>\x00\x00\x00\x00\x2da\x29\xf1\x01\x00\x00\x00\x00\x00\x00\x00\x01\x00\x00\x00\x00\x00\x00\x00\x0c\xf0\xff\xb7</data></write>
    <read><length>28</length><match><data>\x01\x00\x00\x00\x2da\x29\xf1\x00\x00\x00\x00\x00\x00\x00\x00\x00\x00\x00\x00\x00\x00\x00\x00\x00\x00\x00\x00</data></match></read>
    <write><data>\x00\x00\x00\x00.a\x29\xf1\x00\x00\x00\x00\x00\x00\x00\x00\x00\x00\x00\x00\x00\x00\x00\x00\xdf\x13nx</data></write>
    <read><length>28</length><match><data>\x01\x00\x00\x00.a\x29\xf1\x00\x00\x00\x00\x00\x00\x00\x00\x00\x00\x00\x00\xdf\x13nx\x00\x00\x00\x00</data></match></read>
    <write><data>\x00\x00\x00\x00\x2fa\x29\xf1\x02\x00\x00\x00\x00\x00\x00\x00\x01\x00\x00\x00\xbe\xfb\xae3\x7cj\x00\x00</data></write>
    <read><length>28</length><match><data>\x01\x00\x00\x00\x2fa\x29\xf1\x00\x00\x00\x00\x00\x00\x00\x00\x00\x00\x00\x00\xb6\xe6\x08\xac\x00\x00\x00\x00</data></match></read>
    <write><data>\x00\x00\x00\x000a\x29\xf1\x01\x00\x00\x00\x00\x00\x00\x00\x01\x00\x00\x00\x00\x00\x00\x00\x04\xf0\xff\xb7</data></write>
    <read><length>28</length><match><data>\x01\x00\x00\x000a\x29\xf1\x00\x00\x00\x00\x00\x00\x00\x00\x00\x00\x00\x00\xcf\x12\x7d7\x00\x00\x00\x00</data></match></read>
    <write><data>\x00\x00\x00\x001a\x29\xf1\x01\x00\x00\x00\x01\x00\x00\x00\x00\x00\x00\x00\x0c\xf0\xff\xb7\x2f\xdfM\xfe</data></write>
    <read><length>28</length><match><data>\x01\x00\x00\x001a\x29\xf1\x00\x00\x00\x00\x00\x00\x00\x00\x00\x00\x00\x00\x00\x00\x00\x00\x00\x00\x00\x00</data></match></read>
    <write><data>\x01\x00\x00\x002a\x29\xf1\x03\x00\x00\x00\x01\x00\x00\x00\x01\x00\x00\x00\x8b\xfb\xfb\x16\x98\x80D\xa4</data></write>
    <read><length>28</length><match><data>\x02\x00\x00\x002a\x29\xf1\x00\x00\x00\x00\x00\x00\x00\x00\x00\x00\x00\x00\x00\x00\x00\x00\x00\x00\x00\x00</data></match></read>
    <write><data>\x00\x00\x00\x003a\x29\xf1\x02\x00\x00\x00\x00\x00\x00\x00\x00\x00\x00\x00\xf41X\xe5P\x81\xda\x98</data></write>
    <read><length>28</length><match><data>\x02\x00\x00\x003a\x29\xf1\x00\x00\x00\x00\x00\x00\x00\x00\x00\x00\x00\x00\x00\x00\x00\x00\x00\x00\x00\x00</data></match></read>
    <write><data>\x00\x00\x00\x004a\x29\xf1\x00\x00\x00\x00\x00\x00\x00\x00\x00\x00\x00\x00\x00\x00\x00\x00\xf5s2\x0c</data></write>
    <read><length>28</length><match><data>\x01\x00\x00\x004a\x29\xf1\x00\x00\x00\x00\x00\x00\x00\x00\x00\x00\x00\x00\xf5s2\x0c\x00\x00\x00\x00</data></match></read>
    <write><data>\x00\x00\x00\x005a\x29\xf1\x02\x00\x00\x00\x00\x00\x00\x00\x00\x00\x00\x00\x03\x0e\x5b\xc1\x60\xcd\x00\x00</data></write>
    <read><length>28</length><match><data>\x01\x00\x00\x005a\x29\xf1\x00\x00\x00\x00\x00\x00\x00\x00\x00\x00\x00\x00\xdet\xbc\x2b\x00\x00\x00\x00</data></match></read>
    <write><data>\x00\x00\x00\x006a\x29\xf1\x00\x00\x00\x00\x01\x00\x00\x00\x01\x00\x00\x00A\xba\x85\xa69t\xcc\xd6</data></write>
    <read><length>28</length><match><data>\x02\x00\x00\x006a\x29\xf1\x00\x00\x00\x00\x00\x00\x00\x00\x00\x00\x00\x00\x00\x00\x00\x00\x00\x00\x00\x00</data></match></read>
    <write><data>\x00\x00\x00\x007a\x29\xf1\x00\x00\x00\x00\x01\x00\x00\x00\x01\x00\x00\x00nE\x91\x5b\xf3uE\xa4</data></write>
    <read><length>28</length><match><data>\x02\x00\x00\x007a\x29\xf1\x00\x00\x00\x00\x00\x00\x00\x00\x00\x00\x00\x00\x00\x00\x00\x00\x00\x00\x00\x00</data></match></read>
    <write><data>\x01\x00\x00\x008a\x29\xf1\x02\x00\x00\x00\x01\x00\x00\x00\x00\x00\x00\x00\x94\x19B\x91ev\xa2\x24</data></write>
    <read><length>28</length><match><data>\x02\x00\x00\x008a\x29\xf1\x00\x00\x00\x00\x00\x00\x00\x00\x00\x00\x00\x00\x00\x00\x00\x00\x00\x00\x00\x00</data></match></read>
    <write><data>\x00\x00\x00\x009a\x29\xf1\x02\x00\x00\x00\x00\x00\x00\x00\x01\x00\x00\x00\x2d\x08\xd5\xe7\xc4\x60\x00\x00</data></write>
    <read><length>28</length><match><data>\x01\x00\x00\x009a\x29\xf1\x00\x00\x00\x00\x00\x00\x00\x00\x00\x00\x00\x00j\xd0\xe7\x87\x00\x00\x00\x00</data></match></read>
    <write><data>\x00\x00\x00\x00:a\x29\xf1\x02\x00\x00\x00\x00\x00\x00\x00\x01\x00\x00\x00\x5bR\x87\xff\x14\x0f\x00\x00</data></write>
    <read><length>28</length><match><data>\x01\x00\x00\x00:a\x29\xf1\x00\x00\x00\x00\x00\x00\x00\x00\x00\x00\x00\x00v\x95\xb2\x09\x00\x00\x00\x00</data></match></read>
    <write><data>\x00\x00\x00\x00\x3ba\x29\xf1\x01\x00\x00\x00\x01\x00\x00\x00\x00\x00\x00\x00\x08\xf0\xff\xb7V\xbfK\xb6</data></write>
    <read><length>28</length><match><data>\x01\x00\x00\x00\x3ba\x29\xf1\x00\x00\x00\x00\x00\x00\x00\x00\x00\x00\x00\x00\x00\x00\x00\x00\x00\x00\x00\x00</data></match></read>
    <write><data>\x00\x00\x00\x00\x3ca\x29\xf1\x00\x00\x00\x00\x01\x00\x00\x00\x01\x00\x00\x00\xb4\xc6\x085\xd7\x1f\xc3h</data></write>
    <read><length>28</length><match><data>\x02\x00\x00\x00\x3ca\x29\xf1\x00\x00\x00\x00\x00\x00\x00\x00\x00\x00\x00\x00\x00\x00\x00\x00\x00\x00\x00\x00</data></match></read>
    <write><data>\x00\x00\x00\x00\x3da\x29\xf1\x02\x00\x00\x00\x00\x00\x00\x00\x00\x00\x00\x00\x0f\x13\xe7\x8b\xf0\x5e\x00\x00</data></write>
    <read><length>28</length><match><data>\x01\x00\x00\x00\x3da\x29\xf1\x00\x00\x00\x00\x00\x00\x00\x00\x00\x00\x00\x00\x06\x8b\xee\x93\x00\x00\x00\x00</data></match></read>
    <write><data>\x00\x00\x00\x00\x3ea\x29\xf1\x02\x00\x00\x00\x00\x00\x00\x00\x01\x00\x00\x00v\x1bl\xe9\x60Y\x00\x00</data></write>
    <read><length>28</length><match><data>\x01\x00\x00\x00\x3ea\x29\xf1\x00\x00\x00\x00\x00\x00\x00\x00\x00\x00\x00\x00\x84M\xb3\xa4\x00\x00\x00\x00</data></match></read>
    <write><data>\x02\x00\x00\x00?a\x29\xf1\x01\x00\x00\x00\x01\x00\x00\x00\x01\x00\x00\x00\x95\x88\x2d\xbcMf\x8b\xa2</data></write>
    <read><length>28</length><match><data>\x02\x00\x00\x00?a\x29\xf1\x00\x00\x00\x00\x00\x00\x00\x00\x00\x00\x00\x00\x00\x00\x00\x00\x00\x00\x00\x00</data></match></read>
    <write><data>\x00\x00\x00\x00\x40a\x29\xf1\x02\x00\x00\x00\x00\x00\x00\x00\x01\x00\x00\x00\xbf4\x2b \x3c\x13\x00\x00</data></write>
    <read><length>28</length><match><data>\x01\x00\x00\x00\x40a\x29\xf1\x00\x00\x00\x00\x00\x00\x00\x00\x00\x00\x00\x00\x28\x99UH\x00\x00\x00\x00</data></match></read>
    <write><data>\x00\x00\x00\x00Aa\x29\xf1\x00\x00\x00\x00\x00\x00\x00\x00\x01\x00\x00\x00\x09\x9a8\xff\xb9\xc7GC</data></write>
    <read><length>28</length><match><data>\x02\x00\x00\x00Aa\x29\xf1\x00\x00\x00\x00\x00\x00\x00\x00\x00\x00\x00\x00\x00\x00\x00\x00\x00\x00\x00\x00</data></match></read>
    <write><data>\x00\x00\x00\x00Ba\x29\xf1\x02\x00\x00\x00\x00\x00\x00\x00\x00\x00\x00\x00o\x24\xbcb\xe0\xdb\x00\x00</data></write>
    <read><length>28</length><match><data>\x01\x00\x00\x00Ba\x29\xf1\x00\x00\x00\x00\x00\x00\x00\x00\x00\x00\x00\x00\xfb\xd6\xc7\xfe\x00\x00\x00\x00</data></match></read>
    <write><data>\x00\x00\x00\x00Ca\x29\xf1\x02\x00\x00\x00\x00\x00\x00\x00\x01\x00\x00\x00\x88\x29p\x7f\x2c\xd8\x00\x00</data></write>
    <read><length>28</length><match><data>\x01\x00\x00\x00Ca\x29\xf1\x00\x00\x00\x00\x00\x00\x00\x00\x00\x00\x00\x00\x81\xe5\x82:\x00\x00\x00\x00</data></match></read>
    <write><data>\x01\x00\x00\x00Da\x29\xf1\x01\x00\x00\x00\x00\x00\x00\x00\x01\x00\x00\x00\xbbo\x28\x11\x93\xd7\x8b\x97</data></write>
    <read><length>28</length><match><data>\x02\x00\x00\x00Da\x29\xf1\x00\x00\x00\x00\x00\x00\x00\x00\x00\x00\x00\x00\x00\x00\x00\x00\x00\x00\x00\x00</data></match></read>
    <write><data>\x00\x00\x00\x00Ea\x29\xf1\x00\x00\x00\x00\x00\x00\x00\x00\x00\x00\x00\x00\x00\x00\x00\x00\x2a\xe6\xd7\x2a</data></write>
    <read><length>28</length><match><data>\x01\x00\x00\x00Ea\x29\xf1\x00\x00\x00\x00\x00\x00\x00\x00\x00\x00\x00\x00\x2a\xe6\xd7\x2a\x00\x00\x00\x00</data></match></read>
    <write><data>\x00\x00\x00\x00Fa\x29\xf1\x02\x00\x00\x00\x00\x00\x00\x00\x01\x00\x00\x00\xffR\x5f\x81\xd8\xca\x00\x00</data></write>
    <read><length>28</length><match><data>\x01\x00\x00\x00Fa\x29\xf1\x00\x00\x00\x00\x00\x00\x00\x00\x00\x00\x00\x00\x86\x04\xe3M\x00\x00\x00\x00</data></match></read>
    <write><data>\x00\x00\x00\x00Ga\x29\xf1\x01\x00\x00\x00\x01\x00\x00\x00\x01\x00\x00\x00H\xd9\xb9M\xae\xde\xf6z</data></write>
    <read><length>28</length><match><data>\x02\x00\x00\x00Ga\x29\xf1\x00\x00\x00\x00\x00\x00\x00\x00\x00\x00\x00\x00\x00\x00\x00\x00\x00\x00\x00\x00</data></match></read>
    <write><data>\x00\x00\x00\x00Ha\x29\xf1\x00\x00\x00\x00\x01\x00\x00\x00\x01\x00\x00\x00\xf2\xd7\xad\x0ez8p\xd1</data></write>
    <read><length>28</length><match><data>\x02\x00\x00\x00Ha\x29\xf1\x00\x00\x00\x00\x00\x00\x00\x00\x00\x00\x00\x00\x00\x00\x00\x00\x00\x00\x00\x00</data></match></read>
    <write><data>\x00\x00\x00\x00Ia\x29\xf1\x01\x00\x00\x00\x01\x00\x00\x00\x01\x00\x00\x00\x08\xf0\xff\xb7\x00\xf0\xff\xb7</data></write>
    <read><length>28</length><match><data>\x01\x00\x00\x00Ia\x29\xf1\x00\x00\x00\x00\x00\x00\x00\x00\x00\x00\x00\x00\x00\x00\x00\x00\x00\x00\x00\x00</data></match></read>
    <write><data>\x00\x00\x00\x00Ja\x29\xf1\x02\x00\x00\x00\x00\x00\x00\x00\x00\x00\x00\x00S\x5biT\x88\xb1\x00\x00</data></write>
    <read><length>28</length><match><data>\x01\x00\x00\x00Ja\x29\xf1\x00\x00\x00\x00\x00\x00\x00\x00\x00\x00\x00\x00\xf1\x1c\x2b\xd9\x00\x00\x00\x00</data></match></read>
    <write><data>\x00\x00\x00\x00Ka\x29\xf1\x02\x00\x00\x00\x00\x00\x00\x00\x01\x00\x00\x00\x1e\x1a\x1d5\xac\xbc\x00\x00</data></write>
    <read><length>28</length><match><data>\x01\x00\x00\x00Ka\x29\xf1\x00\x00\x00\x00\x00\x00\x00\x00\x00\x00\x00\x00\xb65\xd9X\x00\x00\x00\x00</data></match></read>
    <write><data>\x00\x00\x00\x00La\x29\xf1\x01\x00\x00\x00\x00\x00\x00\x00\x00\x00\x00\x00\x00\x00\x00\x00gT\xcew</data></write>
    <read><length>28</length><match><data>\x01\x00\x00\x00La\x29\xf1\x00\x00\x00\x00\x00\x00\x00\x00\x00\x00\x00\x00gT\xcew\x00\x00\x00\x00</data></match></read>
    <write><data>\x00\x00\x00\x00Ma\x29\xf1\x01\x00\x00\x00\x01\x00\x00\x00\x01\x00\x00\x00\x0c\xf0\xff\xb7\x04\xf0\xff\xb7</data></write>
    <read><length>28</length><match><data>\x01\x00\x00\x00Ma\x29\xf1\x00\x00\x00\x00\x00\x00\x00\x00\x00\x00\x00\x00\x00\x00\x00\x00\x00\x00\x00\x00</data></match></read>
    <write><data>\x00\x00\x00\x00Na\x29\xf1\x02\x00\x00\x00\x00\x00\x00\x00\x00\x00\x00\x00\xa4\x0d\x04\xa7\xd0\xa7\x00\x00</data></write>
    <read><length>28</length><match><data>\x01\x00\x00\x00Na\x29\xf1\x00\x00\x00\x00\x00\x00\x00\x00\x00\x00\x00\x00\x17\x8b\x0f\x29\x00\x00\x00\x00</data></match></read>
    <write><data>\x00\x00\x00\x00Oa\x29\xf1\x00\x00\x00\x00\x00\x00\x00\x00\x01\x00\x00\x00\xf7\xb97\x9f\xc4\xda\xa9\xba</data></write>
    <read><length>20</length><match><data>\x01\x00\x00\x00Oa\x29\xf1\x00\x00\x00\x00\x00\x00\x00\x00\x00\x00\x00\x00</data></match></read>
    <read><length>4</length></read>
    <read><length>4</length><match><data>\x00\x00\x00\x00</data></match></read>
    <write><data>\x00\x00\x00\x00Pa\x29\xf1\x01\x00\x00\x00\x00\x00\x00\x00\x00\x00\x00\x00\x00\x00\x00\x00?\x93s\x9e</data></write>
    <read><length>28</length><match><data>\x01\x00\x00\x00Pa\x29\xf1\x00\x00\x00\x00\x00\x00\x00\x00\x00\x00\x00\x00?\x93s\x9e\x00\x00\x00\x00</data></match></read>
    <write><data>\x02\x00\x00\x00Qa\x29\xf1\x00\x00\x00\x00\x00\x00\x00\x00\x01\x00\x00\x00s\xb0\xf1\x06\xd0b\x92\xac</data></write>
    <read><length>28</length><match><data>\x02\x00\x00\x00Qa\x29\xf1\x00\x00\x00\x00\x00\x00\x00\x00\x00\x00\x00\x00\x00\x00\x00\x00\x00\x00\x00\x00</data></match></read>
    <write><data>\x00\x00\x00\x00Ra\x29\xf1\x01\x00\x00\x00\x01\x00\x00\x00\x01\x00\x00\x00A\x3e\xa5\xd9\x8b:\x89\xe1</data></write>
    <read><length>28</length><match><data>\x02\x00\x00\x00Ra\x29\xf1\x00\x00\x00\x00\x00\x00\x00\x00\x00\x00\x00\x00\x00\x00\x00\x00\x00\x00\x00\x00</data></match></read>
    <write><data>\x00\x00\x00\x00Sa\x29\xf1\x00\x00\x00\x00\x00\x00\x00\x00\x01\x00\x00\x00\x23\x7f\xcf\x89L\xe0\x10\x08</data></write>
    <read><length>20</length><match><data>\x01\x00\x00\x00Sa\x29\xf1\x00\x00\x00\x00\x00\x00\x00\x00\x00\x00\x00\x00</data></match></read>
    <read><length>4</length></read>
    <read><length>4</length><match><data>\x00\x00\x00\x00</data></match></read>
    <write><data>\x00\x00\x00\x00Ta\x29\xf1\x02\x00\x00\x00\x00\x00\x00\x00\x00\x00\x00\x00\x02\x28P6l\x19\x00\x00</data></write>
    <read><length>28</length><match><data>\x01\x00\x00\x00Ta\x29\xf1\x00\x00\x00\x00\x00\x00\x00\x00\x00\x00\x00\x003\xbe\xfdZ\x00\x00\x00\x00</data></match></read>
    <write><data>\x00\x00\x00\x00Ua\x29\xf1\x02\x00\x00\x00\x00\x00\x00\x00\x00\x00\x00\x00\x9c\xae\xb4\x92\x0c\x8c\x00\x00</data></write>
    <read><length>28</length><match><data>\x01\x00\x00\x00Ua\x29\xf1\x00\x00\x00\x00\x00\x00\x00\x00\x00\x00\x00\x00\xc7\x90\x8a\x5c\x00\x00\x00\x00</data></match></read>
    <write><data>\x00\x00\x00\x00Va\x29\xf1\x01\x00\x00\x00\x01\x00\x00\x00\x00\x00\x00\x00\x00\xf0\xff\xb7M\xfe\xb5\x14</data></write>
    <read><length>28</length><match><data>\x01\x00\x00\x00Va\x29\xf1\x00\x00\x00\x00\x00\x00\x00\x00\x00\x00\x00\x00\x00\x00\x00\x00\x00\x00\x00\x00</data></match></read>
    <write><data>\x00\x00\x00\x00Wa\x29\xf1\x00\x00\x00\x00\x00\x00\x00\x00\x00\x00\x00\x00\x00\x00\x00\x00M\xf1\x0bP</data></write>
    <read><length>28</length><match><data>\x01\x00\x00\x00Wa\x29\xf1\x00\x00\x00\x00\x00\x00\x00\x00\x00\x00\x00\x00M\xf1\x0bP\x00\x00\x00\x00</data></match></read>
    <write><data>\x00\x00\x00\x00Xa\x29\xf1\x01\x00\x00\x00\x00\x00\x00\x00\x00\x00\x00\x00\x00\x00\x00\x00\xea5t\x0b</data></write>
    <read><length>28</length><match><data>\x01\x00\x00\x00Xa\x29\xf1\x00\x00\x00\x00\x00\x00\x00\x00\x00\x00\x00\x00\xea5t\x0b\x00\x00\x00\x00</data></match></read>
    <write><data>\x00\x00\x00\x00Ya\x29\xf1\x00\x00\x00\x00\x00\x00\x00\x00\x01\x00\x00\x00X\x1bC\xcb\x1c\x1a\x0c\x08</data></write>
    <read><length>20</length><match><data>\x01\x00\x00\x00Ya\x29\xf1\x00\x00\x00\x00\x00\x00\x00\x00\x00\x00\x00\x00</data></match></read>
    <read><length>4</length></read>
    <read><length>4</length><match><data>\x00\x00\x00\x00</data></match></read>
    <write><data>\x00\x00\x00\x00Za\x29\xf1\x02\x00\x00\x00\x00\x00\x00\x00\x01\x00\x00\x00p\xee7\xebP\xce\x00\x00</data></write>
    <read><length>28</length><match><data>\x01\x00\x00\x00Za\x29\xf1\x00\x00\x00\x00\x00\x00\x00\x00\x00\x00\x00\x00\xd3\xc1\x251\x00\x00\x00\x00</data></match></read>
    <write><data>\x00\x00\x00\x00\x5ba\x29\xf1\x02\x00\x00\x00\x00\x00\x00\x00\x00\x00\x00\x00pY\x05\xa0\x90\xed\x00\x00</data></write>
    <read><length>28</length><match><data>\x01\x00\x00\x00\x5ba\x29\xf1\x00\x00\x00\x00\x00\x00\x00\x00\x00\x00\x00\x00\x05\x5e\xda\x23\x00\x00\x00\x00</data></match></read>
    <write><data>\x00\x00\x00\x00\x5ca\x29\xf1\x02\x00\x00\x00\x00\x00\x00\x00\x00\x00\x00\x00Y\xdfo\xd6P\x29\x00\x00</data></write>
    <read><length>28</length><match><data>\x01\x00\x00\x00\x5ca\x29\xf1\x00\x00\x00\x00\x00\x00\x00\x00\x00\x00\x00\x00\x90\xe9\xb5 \x00\x00\x00\x00</data></match></read>
    <write><data>\x00\x00\x00\x00\x5da\x29\xf1\x01\x00\x00\x00\x00\x00\x00\x00\x01\x00\x00\x00\x00\x00\x00\x00\x08\xf0\xff\xb7</data></write>
    <read><length>28</length><match><data>\x01\x00\x00\x00\x5da\x29\xf1\x00\x00\x00\x00\x00\x00\x00\x00\x00\x00\x00\x00\x00\x00\x00\x00\x00\x00\x00\x00</data></match></read>
    <write><data>\x00\x00\x00\x00\x5ea\x29\xf1\x01\x00\x00\x00\x00\x00\x00\x00\x00\x00\x00\x00\x00\x00\x00\x00\x15\xf2\xf9\xad</data></write>
    <read><length>28</length><match><data>\x01\x00\x00\x00\x5ea\x29\xf1\x00\x00\x00\x00\x00\x00\x00\x00\x00\x00\x00\x00\x15\xf2\xf9\xad\x00\x00\x00\x00</data></match></read>
    <write><data>\x00\x00\x00\x00\x5fa\x29\xf1\x01\x00\x00\x00\x01\x00\x00\x00\x01\x00\x00\x00\x0c\xf0\xff\xb7\x08\xf0\xff\xb7</data></write>
    <read><length>28</length><match><data>\x01\x00\x00\x00\x5fa\x29\xf1\x00\x00\x00\x00\x00\x00\x00\x00\x00\x00\x00\x00\x00\x00\x00\x00\x00\x00\x00\x00</data></match></read>
    <write><data>\x00\x00\x00\x00\x60a\x29\xf1\x02\x00\x00\x00\x00\x00\x00\x00\x00\x00\x00\x00\x29\xbc\xdea\x00\x07\x00\x00</data></write>
    <read><length>28</length><match><data>\x01\x00\x00\x00\x60a\x29\xf1\x00\x00\x00\x00\x00\x00\x00\x00\x00\x00\x00\x00\xf4\xd0\xbf\xef\x00\x00\x00\x00</data></match></read>
    <write><data>\x00\x00\x00\x00aa\x29\xf1\x02\x00\x00\x00\x01\x00\x00\x00\x01\x00\x00\x00\xeb\xc8\x9b\xaeq\x2c\xc9\xbc</data></write>
    <read><length>28</length><match><data>\x02\x00\x00\x00aa\x29\xf1\x00\x00\x00\x00\x00\x00\x00\x00\x00\x00\x00\x00\x00\x00\x00\x00\x00\x00\x00\x00</data></match></read>
    <write><data>\x00\x00\x00\x00ba\x29\xf1\x00\x00\x00\x00\x00\x00\x00\x00\x01\x00\x00\x00aT\x29\xc3l\xb0\xa9\xba</data></write>
    <read><length>20</length><match><data>\x01\x00\x00\x00ba\x29\xf1\x00\x00\x00\x00\x00\x00\x00\x00\x00\x00\x00\x00</data></match></read>
    <read><length>4</length></read>
    <read><length>4</length><match><data>\x00\x00\x00\x00</data></match></read>
    <write><data>\x00\x00\x00\x00ca\x29\xf1\x01\x00\x00\x00\x01\x00\x00\x00\x01\x00\x00\x00\x0c\xf0\xff\xb7\x00\xf0\xff\xb7</data></write>
    <read><length>28</length><match><data>\x01\x00\x00\x00ca\x29\xf1\x00\x00\x00\x00\x00\x00\x00\x00\x00\x00\x00\x00\x00\x00\x00\x00\x00\x00\x00\x00</data></match></read>
    <write><data>\x00\x00\x00\x00da\x29\xf1\x01\x00\x00\x00\x01\x00\x00\x00\x01\x00\x00\x00\x0c\xf0\xff\xb7\x04\xf0\xff\xb7</data></write>
    <read><length>28</length><match><data>\x01\x00\x00\x00da\x29\xf1\x00\x00\x00\x00\x00\x00\x00\x00\x00\x00\x00\x00\x00\x00\x00\x00\x00\x00\x00\x00</data></match></read>
    <write><data>\x00\x00\x00\x00ea\x29\xf1\x00\x00\x00\x00\x00\x00\x00\x00\x01\x00\x00\x00\x0c\x95\x403\x1c\xc3GC</data></write>
    <read><length>28</length><match><data>\x02\x00\x00\x00ea\x29\xf1\x00\x00\x00\x00\x00\x00\x00\x00\x00\x00\x00\x00\x00\x00\x00\x00\x00\x00\x00\x00</data></match></read>
    <write><data>\x00\x00\x00\x00fa\x29\xf1\x01\x00\x00\x00\x01\x00\x00\x00\x01\x00\x00\x00\x08\xf0\xff\xb7\x04\xf0\xff\xb7</data></write>
    <read><length>28</length><match><data>\x01\x00\x00\x00fa\x29\xf1\x00\x00\x00\x00\x00\x00\x00\x00\x00\x00\x00\x00\x00\x00\x00\x00\x00\x00\x00\x00</data></match></read>
    <write><data>\x00\x00\x00\x00ga\x29\xf1\x02\x00\x00\x00\x00\x00\x00\x00\x00\x00\x00\x00\x1cL\x0c\x1c\xe4\xfb\x00\x00</data></write>
    <read><length>28</length><match><data>\x01\x00\x00\x00ga\x29\xf1\x00\x00\x00\x00\x00\x00\x00\x00\x00\x00\x00\x00\x95\xe4\xf2\xae\x00\x00\x00\x00</data></match></read>
    <write><data>\x00\x00\x00\x00ha\x29\xf1\x02\x00\x00\x00\x00\x00\x00\x00\x00\x00\x00\x00\x5b\xcb\xccr\xc8Q\x00\x00</data></write>
    <read><length>28</length><match><data>\x01\x00\x00\x00ha\x29\xf1\x00\x00\x00\x00\x00\x00\x00\x00\x00\x00\x00\x00\x7f\xfdRx\x00\x00\x00\x00</data></match></read>
    <write><data>\x00\x00\x00\x00ia\x29\xf1\x01\x00\x00\x00\x00\x00\x00\x00\x00\x00\x00\x00\x00\x00\x00\x00\xf5\xb8T\x22</data></write>
    <read><length>28</length><match><data>\x01\x00\x00\x00ia\x29\xf1\x00\x00\x00\x00\x00\x00\x00\x00\x00\x00\x00\x00\xf5\xb8T\x22\x00\x00\x00\x00</data></match></read>
    <write><data>\x00\x00\x00\x00ja\x29\xf1\x01\x00\x00\x00\x01\x00\x00\x00\x01\x00\x00\x00\x0c\xf0\xff\xb7\x04\xf0\xff\xb7</data></write>
    <read><length>28</length><match><data>\x01\x00\x00\x00ja\x29\xf1\x00\x00\x00\x00\x00\x00\x00\x00\x00\x00\x00\x00\x00\x00\x00\x00\x00\x00\x00\x00</data></match></read>
    <write><data>\x00\x00\x00\x00ka\x29\xf1\x00\x00\x00\x00\x01\x00\x00\x00\x01\x00\x00\x00f\xd4\xf5K:\xeb\xd74</data></write>
    <read><length>28</length><match><data>\x02\x00\x00\x00ka\x29\xf1\x00\x00\x00\x00\x00\x00\x00\x00\x00\x00\x00\x00\x00\x00\x00\x00\x00\x00\x00\x00</data></match></read>
    <write><data>\x00\x00\x00\x00la\x29\xf1\x00\x00\x00\x00\x00\x00\x00\x00\x01\x00\x00\x00\x00\x14\x26\xd4dh\x0a\x08</data></write>
    <read><length>20</length><match><data>\x01\x00\x00\x00la\x29\xf1\x00\x00\x00\x00\x00\x00\x00\x00\x00\x00\x00\x00</data></match></read>
    <read><length>4</length></read>
    <read><length>4</length><match><data>\x00\x00\x00\x00</data></match></read>
    <write><data>\x00\x00\x00\x00ma\x29\xf1\x00\x00\x00\x00\x00\x00\x00\x00\x00\x00\x00\x00\x00\x00\x00\x00\x7e\xaf\xdd\xcd</data></write>
    <read><length>28</length><match><data>\x01\x00\x00\x00ma\x29\xf1\x00\x00\x00\x00\x00\x00\x00\x00\x00\x00\x00\x00\x7e\xaf\xdd\xcd\x00\x00\x00\x00</data></match></read>
    <write><data>\x00\x00\x00\x00na\x29\xf1\x02\x00\x00\x00\x00\x00\x00\x00\x01\x00\x00\x00\x60C\x9d\x2fm9\xa8\x8d</data></write>
    <read><length>28</length><match><data>\x02\x00\x00\x00na\x29\xf1\x00\x00\x00\x00\x00\x00\x00\x00\x00\x00\x00\x00\x00\x00\x00\x00\x00\x00\x00\x00</data></match></read>
    <write><data>\x00\x00\x00\x00oa\x29\xf1\x02\x00\x00\x00\x00\x00\x00\x00\x00\x00\x00\x00\xd97\xcaL\xec\x7f\x00\x00</data></write>
    <read><length>28</length><match><data>\x01\x00\x00\x00oa\x29\xf1\x00\x00\x00\x00\x00\x00\x00\x00\x00\x00\x00\x00\xd8\xba1Q\x00\x00\x00\x00</data></match></read>
    <write><data>\x01\x00\x00\x00pa\x29\xf1\x00\x00\x00\x00\x01\x00\x00\x00\x00\x00\x00\x00\x27\x22I\x15\xc4\x09\xe3W</data></write>
    <read><length>28</length><match><data>\x02\x00\x00\x00pa\x29\xf1\x00\x00\x00\x00\x00\x00\x00\x00\x00\x00\x00\x00\x00\x00\x00\x00\x00\x00\x00\x00</data></match></read>
    <write><data>\x00\x00\x00\x00qa\x29\xf1\x01\x00\x00\x00\x01\x00\x00\x00\x01\x00\x00\x00\x08\xf0\xff\xb7\x0c\xf0\xff\xb7</data></write>
    <read><length>28</length><match><data>\x01\x00\x00\x00qa\x29\xf1\x00\x00\x00\x00\x00\x00\x00\x00\x00\x00\x00\x00\x00\x00\x00\x00\x00\x00\x00\x00</data></match></read>
    <write><data>\x00\x00\x00\x00ra\x29\xf1\x01\x00\x00\x00\x01\x00\x00\x00\x00\x00\x00\x00\x04\xf0\xff\xb7\x7c.Wd</data></write>
    <read><length>28</length><match><data>\x01\x00\x00\x00ra\x29\xf1\x00\x00\x00\x00\x00\x00\x00\x00\x00\x00\x00\x00\x00\x00\x00\x00\x00\x00\x00\x00</data></match></read>
    <write><data>\x00\x00\x00\x00sa\x29\xf1\x01\x00\x00\x00\x01\x00\x00\x00\x01\x00\x00\x00\x14\xfd\x86\xf3S\x02k\x5b</data></write>
    <read><length>28</length><match><data>\x02\x00\x00\x00sa\x29\xf1\x00\x00\x00\x00\x00\x00\x00\x00\x00\x00\x00\x00\x00\x00\x00\x00\x00\x00\x00\x00</data></match></read>
    <write><data>\x00\x00\x00\x00ta\x29\xf1\x02\x00\x00\x00\x00\x00\x00\x00\x01\x00\x00\x00\xbc\x1fB\xa7\xb05\x00\x00</data></write>
    <read><length>28</length><match><data>\x01\x00\x00\x00ta\x29\xf1\x00\x00\x00\x00\x00\x00\x00\x00\x00\x00\x00\x00\x86R\xf8\x09\x00\x00\x00\x00</data></match></read>
    <write><data>\x00\x00\x00\x00ua\x29\xf1\x00\x00\x00\x00\x00\x00\x00\x00\x01\x00\x00\x00c\xa8\xfd\x23pZ\x12\x08</data></write>
    <read><length>20</length><match><data>\x01\x00\x00\x00ua\x29\xf1\x00\x00\x00\x00\x00\x00\x00\x00\x00\x00\x00\x00</data></match></read>
    <read><length>4</length></read>
    <read><length>4</length><match><data>\x00\x00\x00\x00</data></match></read>
    <write><data>\x00\x00\x00\x00va\x29\xf1\x02\x00\x00\x00\x00\x00\x00\x00\x00\x00\x00\x00v\xf5m\xe6D\x0f\x00\x00</data></write>
    <read><length>28</length><match><data>\x01\x00\x00\x00va\x29\xf1\x00\x00\x00\x00\x00\x00\x00\x00\x00\x00\x00\x00\x15\x06\x3c\xf8\x00\x00\x00\x00</data></match></read>
    <write><data>\x00\x00\x00\x00wa\x29\xf1\x02\x00\x00\x00\x00\x00\x00\x00\x01\x00\x00\x00\xd4\x11\xf9Gpc\x00\x00</data></write>
    <read><length>28</length><match><data>\x01\x00\x00\x00wa\x29\xf1\x00\x00\x00\x00\x00\x00\x00\x00\x00\x00\x00\x00\xb9\xc38\xaf\x00\x00\x00\x00</data></match></read>
    <write><data>\x00\x00\x00\x00xa\x29\xf1\x01\x00\x00\x00\x00\x00\x00\x00\x01\x00\x00\x00\x00\x00\x00\x00\x08\xf0\xff\xb7</data></write>
    <read><length>28</length><match><data>\x01\x00\x00\x00xa\x29\xf1\x00\x00\x00\x00\x00\x00\x00\x00\x00\x00\x00\x00\xcf\x12\x7d7\x00\x00\x00\x00</data></match></read>
    <write><data>\x00\x00\x00\x00ya\x29\xf1\x02\x00\x00\x00\x00\x00\x00\x00\x00\x00\x00\x000\x9d\x2f\x99\x08D\x00\x00</data></write>
    <read><length>28</length><match><data>\x01\x00\x00\x00ya\x29\xf1\x00\x00\x00\x00\x00\x00\x00\x00\x00\x00\x00\x00\x28\xc3\xa9\xa3\x00\x00\x00\x00</data></match></read>
    <write><data>\x00\x00\x00\x00za\x29\xf1\x00\x00\x00\x00\x00\x00\x00\x00\x00\x00\x00\x00\x00\x00\x00\x00\x84?\xbc\x87</data></write>
    <read><length>28</length><match><data>\x01\x00\x00\x00za\x29\xf1\x00\x00\x00\x00\x00\x00\x00\x00\x00\x00\x00\x00\x84?\xbc\x87\x00\x00\x00\x00</data></match></read>
    <write><data>\x00\x00\x00\x00\x7ba\x29\xf1\x02\x00\x00\x00\x00\x00\x00\x00\x01\x00\x00\x00?\xa3NGh\xdd\x00\x00</data></write>
    <read><length>28</length><match><data>\x01\x00\x00\x00\x7ba\x29\xf1\x00\x00\x00\x00\x00\x00\x00\x00\x00\x00\x00\x00\x9a\xa6S\xb4\x00\x00\x00\x00</data></match></read>
    <write><data>\x00\x00\x00\x00\x7ca\x29\xf1\x00\x00\x00\x00\x00\x00\x00\x00\x01\x00\x00\x00\x29\xb9.\x8dt5\x14\x08</data></write>
    <read><length>20</length><match><data>\x01\x00\x00\x00\x7ca\x29\xf1\x00\x00\x00\x00\x00\x00\x00\x00\x00\x00\x00\x00</data></match></read>
    <read><length>4</length></read>
    <read><length>4</length><match><data>\x00\x00\x00\x00</data></match></read>
    <write><data>\x00\x00\x00\x00\x7da\x29\xf1\x01\x00\x00\x00\x00\x00\x00\x00\x01\x00\x00\x00\xa0\xed\xe8\x89\x7e9\x03\xb5</data></write>
    <read><length>28</length><match><data>\x02\x00\x00\x00\x7da\x29\xf1\x00\x00\x00\x00\x00\x00\x00\x00\x00\x00\x00\x00\x00\x00\x00\x00\x00\x00\x00\x00</data></match></read>
    <write><data>\x00\x00\x00\x00\x7ea\x29\xf1\x01\x00\x00\x00\x00\x00\x00\x00\x01\x00\x00\x00\x00\x00\x00\x00\x08\xf0\xff\xb7</data></write>
    <read><length>28</length><match><data>\x01\x00\x00\x00\x7ea\x29\xf1\x00\x00\x00\x00\x00\x00\x00\x00\x00\x00\x00\x00\xcf\x12\x7d7\x00\x00\x00\x00</data></match></read>
    <write><data>\x00\x00\x00\x00\x7fa\x29\xf1\x02\x00\x00\x00\x00\x00\x00\x00\x01\x00\x00\x00\x3d\x1dY\x28\xd8\xb1\x00\x00</data></write>
    <read><length>28</length><match><data>\x01\x00\x00\x00\x7fa\x29\xf1\x00\x00\x00\x00\x00\x00\x00\x00\x00\x00\x00\x00\xf0\x80\xcej\x00\x00\x00\x00</data></match></read>
    <write><data>\x00\x00\x00\x00\x80a\x29\xf1\x02\x00\x00\x00\x00\x00\x00\x00\x01\x00\x00\x00\x09\x85\x90n\x84\x1d\x00\x00</data></write>
    <read><length>28</length><match><data>\x01\x00\x00\x00\x80a\x29\xf1\x00\x00\x00\x00\x00\x00\x00\x00\x00\x00\x00\x00NUx\x92\x00\x00\x00\x00</data></match></read>
    <write><data>\x00\x00\x00\x00\x81a\x29\xf1\x00\x00\x00\x00\x00\x00\x00\x00\x00\x00\x00\x00\x00\x00\x00\x00\x06\x9d\xafo</data></write>
    <read><length>28</length><match><data>\x01\x00\x00\x00\x81a\x29\xf1\x00\x00\x00\x00\x00\x00\x00\x00\x00\x00\x00\x00\x06\x9d\xafo\x00\x00\x00\x00</data></match></read>
    <write><data>\x00\x00\x00\x00\x82a\x29\xf1\x00\x00\x00\x00\x00\x00\x00\x00\x00\x00\x00\x00\x00\x00\x00\x00\xb9n\x8f\x0f</data></write>
    <read><length>28</length><match><data>\x01\x00\x00\x00\x82a\x29\xf1\x00\x00\x00\x00\x00\x00\x00\x00\x00\x00\x00\x00\xb9n\x8f\x0f\x00\x00\x00\x00</data></match></read>
    <write><data>\x00\x00\x00\x00\x83a\x29\xf1\x01\x00\x00\x00\x00\x00\x00\x00\x00\x00\x00\x00\x00\x00\x00\x00\xc3\xfb\xcf?</data></write>
    <read><length>28</length><match><data>\x01\x00\x00\x00\x83a\x29\xf1\x00\x00\x00\x00\x00\x00\x00\x00\x00\x00\x00\x00\xc3\xfb\xcf?\x00\x00\x00\x00</data></match></read>
    <write><data>\x00\x00\x00\x00\x84a\x29\xf1\x00\x00\x00\x00\x00\x00\x00\x00\x01\x00\x00\x00\xb3t\x99\x8b\x88\xee\x0f\x08</data></write>
    <read><length>20</length><match><data>\x01\x00\x00\x00\x84a\x29\xf1\x00\x00\x00\x00\x00\x00\x00\x00\x00\x00\x00\x00</data></match></read>
    <read><length>4</length></read>
    <read><length>4</length><match><data>\x00\x00\x00\x00</data></match></read>
    <write><data>\x00\x00\x00\x00\x85a\x29\xf1\x00\x00\x00\x00\x00\x00\x00\x00\x00\x00\x00\x00\x00\x00\x00\x00b\xdec\x11</data></write>
    <read><length>28</length><match><data>\x01\x00\x00\x00\x85a\x29\xf1\x00\x00\x00\x00\x00\x00\x00\x00\x00\x00\x00\x00b\xdec\x11\x00\x00\x00\x00</data></match></read>
    <write><data>\x00\x00\x00\x00\x86a\x29\xf1\x02\x00\x00\x00\x00\x00\x00\x00\x00\x00\x00\x00C\x1a\xbe\x2b\xc0\x10\x00\x00</data></write>
    <read><length>28</length><match><data>\x01\x00\x00\x00\x86a\x29\xf1\x00\x00\x00\x00\x00\x00\x00\x00\x00\x00\x00\x00\x0e\x3dEa\x00\x00\x00\x00</data></match></read>
    <write><data>\x00\x00\x00\x00\x87a\x29\xf1\x00\x00\x00\x00\x00\x00\x00\x00\x01\x00\x00\x00\xf43\x3b\xcc\x98b\xaa\xba</data></write>
    <read><length>20</length><match><data>\x01\x00\x00\x00\x87a\x29\xf1\x00\x00\x00\x00\x00\x00\x00\x00\x00\x00\x00\x00</data></match></read>
    <read><length>4</length></read>
    <read><length>4</length><match><data>\x00\x00\x00\x00</data></match></read>
    <write><data>\x00\x00\x00\x00\x88a\x29\xf1\x02\x00\x00\x00\x00\x00\x00\x00\x00\x00\x00\x00\x96:\xa6\x92\x1b\x2a\xf7\xe0</data></write>
    <read><length>28</length><match><data>\x02\x00\x00\x00\x88a\x29\xf1\x00\x00\x00\x00\x00\x00\x00\x00\x00\x00\x00\x00\x00\x00\x00\x00\x00\x00\x00\x00</data></match></read>
    <write><data>\x00\x00\x00\x00\x89a\x29\xf1\x02\x00\x00\x00\x01\x00\x00\x00\x00\x00\x00\x00q\x7e:q\x7c?\x0eW</data></write>
    <read><length>28</length><match><data>\x02\x00\x00\x00\x89a\x29\xf1\x00\x00\x00\x00\x00\x00\x00\x00\x00\x00\x00\x00\x00\x00\x00\x00\x00\x00\x00\x00</data></match></read>
    <write><data>\x00\x00\x00\x00\x8aa\x29\xf1\x01\x00\x00\x00\x01\x00\x00\x00\x00\x00\x00\x00\x00\xf0\xff\xb7\xb0\xaa3\x5c</data></write>
    <read><length>28</length><match><data>\x01\x00\x00\x00\x8aa\x29\xf1\x00\x00\x00\x00\x00\x00\x00\x00\x00\x00\x00\x00\x00\x00\x00\x00\x00\x00\x00\x00</data></match></read>
    <write><data>\x00\x00\x00\x00\x8ba\x29\xf1\x02\x00\x00\x00\x01\x00\x00\x00\x01\x00\x00\x00\xeb\x8c\x12\xf6\x5e\xc4\x00\x7d</data></write>
    <read><length>28</length><match><data>\x02\x00\x00\x00\x8ba\x29\xf1\x00\x00\x00\x00\x00\x00\x00\x00\x00\x00\x00\x00\x00\x00\x00\x00\x00\x00\x00\x00</data></match></read>
    <write><data>\x00\x00\x00\x00\x8ca\x29\xf1\x02\x00\x00\x00\x00\x00\x00\x00\x00\x00\x00\x00\xa2?\x01\xe2\xdc\x16\x00\x00</data></write>
    <read><length>28</length><match><data>\x01\x00\x00\x00\x8ca\x29\xf1\x00\x00\x00\x00\x00\x00\x00\x00\x00\x00\x00\x00Y\xcc\xb8\x5b\x00\x00\x00\x00</data></match></read>
    <write><data>\x00\x00\x00\x00\x8da\x29\xf1\x00\x00\x00\x00\x00\x00\x00\x00\x00\x00\x00\x00\x00\x00\x00\x00\xf3.\x06Y</data></write>
    <read><length>28</length><match><data>\x01\x00\x00\x00\x8da\x29\xf1\x00\x00\x00\x00\x00\x00\x00\x00\x00\x00\x00\x00\xf3.\x06Y\x00\x00\x00\x00</data></match></read>
    <write><data>\x00\x00\x00\x00\x8ea\x29\xf1\x02\x00\x00\x00\x00\x00\x00\x00\x00\x00\x00\x00\x2f\x24\xeb\x8a\xc6A\x9c </data></write>
    <read><length>28</length><match><data>\x02\x00\x00\x00\x8ea\x29\xf1\x00\x00\x00\x00\x00\x00\x00\x00\x00\x00\x00\x00\x00\x00\x00\x00\x00\x00\x00\x00</data></match></read>
    <write><data>\x00\x00\x00\x00\x8fa\x29\xf1\x02\x00\x00\x00\x00\x00\x00\x00\x01\x00\x00\x00\x17?VI\x84\x07\x00\x00</data></write>
    <read><length>28</length><match><data>\x01\x00\x00\x00\x8fa\x29\xf1\x00\x00\x00\x00\x00\x00\x00\x00\x00\x00\x00\x00\xf1\xba\x7e\x99\x00\x00\x00\x00</data></match></read>
    <write><data>\x00\x00\x00\x00\x90a\x29\xf1\x01\x00\x00\x00\x00\x00\x00\x00\x00\x00\x00\x00\x00\x00\x00\x00L\xeet!</data></write>
    <read><length>28</length><match><data>\x01\x00\x00\x00\x90a\x29\xf1\x00\x00\x00\x00\x00\x00\x00\x00\x00\x00\x00\x00L\xeet!\x00\x00\x00\x00</data></match></read>
    <write><data>\x03\x00\x00\x00\x91a\x29\xf1\xff\x00\x00\x00\xff\x00\x00\x00\xff\x00\x00\x00\x00\x00\x00\x00\x00\x00\x00\x00</data></write>
</replay>
</pov>