<?xml version="1.0" standalone="no" ?>
<!DOCTYPE pov SYSTEM "/usr/share/cgc-docs/replay.dtd">
<pov>
<cbid>service</cbid>
<seed>e2dca69f585e75e7b47003bbf5f1777ab3f81e98afa282b00cf1a4a6153059ac12f8c15bd57d0395d2acfd5480ce7cb0</seed>
<replay>
    <write><data>\x01\x00\x00\x00\xd4\xaf\x04\xfa\x03\x00\x00\x00\x01\x00\x00\x00\x00\x00\x00\x00\xbd\xf9\xde\x7c\x2d5\x3e\xf0</data></write>
    <read><length>28</length><match><data>\x02\x00\x00\x00\xd4\xaf\x04\xfa\x00\x00\x00\x00\x00\x00\x00\x00\x00\x00\x00\x00\x00\x00\x00\x00\x00\x00\x00\x00</data></match></read>
    <write><data>\x00\x00\x00\x00\xd5\xaf\x04\xfa\x02\x00\x00\x00\x00\x00\x00\x00\x01\x00\x00\x00e\xb6\x25\x1f\x08\x2d\x00\x00</data></write>
    <read><length>28</length><match><data>\x01\x00\x00\x00\xd5\xaf\x04\xfa\x00\x00\x00\x00\x00\x00\x00\x00\x00\x00\x00\x00\x86\x5c0\xbe\x00\x00\x00\x00</data></match></read>
    <write><data>\x00\x00\x00\x00\xd6\xaf\x04\xfa\x00\x00\x00\x00\x00\x00\x00\x00\x01\x00\x00\x00\xed\x3cE\x7b\xc0\xa9\x05\x08</data></write>
    <read><length>20</length><match><data>\x01\x00\x00\x00\xd6\xaf\x04\xfa\x00\x00\x00\x00\x00\x00\x00\x00\x00\x00\x00\x00</data></match></read>
    <read><length>4</length></read>
    <read><length>4</length><match><data>\x00\x00\x00\x00</data></match></read>
    <write><data>\x00\x00\x00\x00\xd7\xaf\x04\xfa\x00\x00\x00\x00\x00\x00\x00\x00\x01\x00\x00\x00\x97\x193\xd9\x1d\xc5GC</data></write>
    <read><length>28</length><match><data>\x02\x00\x00\x00\xd7\xaf\x04\xfa\x00\x00\x00\x00\x00\x00\x00\x00\x00\x00\x00\x00\x00\x00\x00\x00\x00\x00\x00\x00</data></match></read>
    <write><data>\x00\x00\x00\x00\xd8\xaf\x04\xfa\x02\x00\x00\x00\x00\x00\x00\x00\x01\x00\x00\x00MG\xee\xde\xd8\x15\x00\x00</data></write>
    <read><length>28</length><match><data>\x01\x00\x00\x00\xd8\xaf\x04\xfa\x00\x00\x00\x00\x00\x00\x00\x00\x00\x00\x00\x00\x28\x0f\xd1\x02\x00\x00\x00\x00</data></match></read>
    <write><data>\x00\x00\x00\x00\xd9\xaf\x04\xfa\x01\x00\x00\x00\x00\x00\x00\x00\x00\x00\x00\x00\x00\x00\x00\x00\xd9\x2a\xdc\xe9</data></write>
    <read><length>28</length><match><data>\x01\x00\x00\x00\xd9\xaf\x04\xfa\x00\x00\x00\x00\x00\x00\x00\x00\x00\x00\x00\x00\xd9\x2a\xdc\xe9\x00\x00\x00\x00</data></match></read>
    <write><data>\x00\x00\x00\x00\xda\xaf\x04\xfa\x02\x00\x00\x00\x00\x00\x00\x00\x01\x00\x00\x00st\x3c3\xdc\x89\x00\x00</data></write>
    <read><length>28</length><match><data>\x01\x00\x00\x00\xda\xaf\x04\xfa\x00\x00\x00\x00\x00\x00\x00\x00\x00\x00\x00\x00:\x25j\x26\x00\x00\x00\x00</data></match></read>
    <write><data>\x00\x00\x00\x00\xdb\xaf\x04\xfa\x02\x00\x00\x00\x00\x00\x00\x00\x01\x00\x00\x00\x13\xea\xbfH\x98\x2c\x00\x00</data></write>
    <read><length>28</length><match><data>\x01\x00\x00\x00\xdb\xaf\x04\xfa\x00\x00\x00\x00\x00\x00\x00\x00\x00\x00\x00\x00\xean\x26\xde\x00\x00\x00\x00</data></match></read>
    <write><data>\x00\x00\x00\x00\xdc\xaf\x04\xfa\x02\x00\x00\x00\x00\x00\x00\x00\x01\x00\x00\x00n\x7c\x1f\xd7D\x1a\x00\x00</data></write>
    <read><length>28</length><match><data>\x01\x00\x00\x00\xdc\xaf\x04\xfa\x00\x00\x00\x00\x00\x00\x00\x00\x00\x00\x00\x00R\xec\xa4\x94\x00\x00\x00\x00</data></match></read>
    <write><data>\x01\x00\x00\x00\xdd\xaf\x04\xfa\x01\x00\x00\x00\x00\x00\x00\x00\x01\x00\x00\x00\xd8\xbe\x80\x95u\xf3\xc8\x3c</data></write>
    <read><length>28</length><match><data>\x02\x00\x00\x00\xdd\xaf\x04\xfa\x00\x00\x00\x00\x00\x00\x00\x00\x00\x00\x00\x00\x00\x00\x00\x00\x00\x00\x00\x00</data></match></read>
    <write><data>\x00\x00\x00\x00\xde\xaf\x04\xfa\x00\x00\x00\x00\x00\x00\x00\x00\x01\x00\x00\x005sCYH\x2c\x05\x08</data></write>
    <read><length>20</length><match><data>\x01\x00\x00\x00\xde\xaf\x04\xfa\x00\x00\x00\x00\x00\x00\x00\x00\x00\x00\x00\x00</data></match></read>
    <read><length>4</length></read>
    <read><length>4</length><match><data>\x00\x00\x00\x00</data></match></read>
    <write><data>\x00\x00\x00\x00\xdf\xaf\x04\xfa\x01\x00\x00\x00\x01\x00\x00\x00\x01\x00\x00\x00B\xfb\xe9QF\xda\xaeA</data></write>
    <read><length>28</length><match><data>\x02\x00\x00\x00\xdf\xaf\x04\xfa\x00\x00\x00\x00\x00\x00\x00\x00\x00\x00\x00\x00\x00\x00\x00\x00\x00\x00\x00\x00</data></match></read>
    <write><data>\x00\x00\x00\x00\xe0\xaf\x04\xfa\x00\x00\x00\x00\x00\x00\x00\x00\x00\x00\x00\x00\x00\x00\x00\x00f\xf3\x2f\xf3</data></write>
    <read><length>28</length><match><data>\x01\x00\x00\x00\xe0\xaf\x04\xfa\x00\x00\x00\x00\x00\x00\x00\x00\x00\x00\x00\x00f\xf3\x2f\xf3\x00\x00\x00\x00</data></match></read>
    <write><data>\x00\x00\x00\x00\xe1\xaf\x04\xfa\x02\x00\x00\x00\x00\x00\x00\x00\x01\x00\x00\x00\xdd\x9b\xb0\x82\xe0j\x00\x00</data></write>
    <read><length>28</length><match><data>\x01\x00\x00\x00\xe1\xaf\x04\xfa\x00\x00\x00\x00\x00\x00\x00\x00\x00\x00\x00\x009\xda\x13p\x00\x00\x00\x00</data></match></read>
    <write><data>\x00\x00\x00\x00\xe2\xaf\x04\xfa\x01\x00\x00\x00\x01\x00\x00\x00\x01\x00\x00\x00\x08\xf0\xff\xb7\x00\xf0\xff\xb7</data></write>
    <read><length>28</length><match><data>\x01\x00\x00\x00\xe2\xaf\x04\xfa\x00\x00\x00\x00\x00\x00\x00\x00\x00\x00\x00\x00\x00\x00\x00\x00\x00\x00\x00\x00</data></match></read>
    <write><data>\x00\x00\x00\x00\xe3\xaf\x04\xfa\x01\x00\x00\x00\x01\x00\x00\x00\x00\x00\x00\x00\x0c\xf0\xff\xb7\xa6W\x0a\xb1</data></write>
    <read><length>28</length><match><data>\x01\x00\x00\x00\xe3\xaf\x04\xfa\x00\x00\x00\x00\x00\x00\x00\x00\x00\x00\x00\x00\x00\x00\x00\x00\x00\x00\x00\x00</data></match></read>
    <write><data>\x00\x00\x00\x00\xe4\xaf\x04\xfa\x01\x00\x00\x00\x00\x00\x00\x00\x01\x00\x00\x00\x00\x00\x00\x00\x00\xf0\xff\xb7</data></write>
    <read><length>28</length><match><data>\x01\x00\x00\x00\xe4\xaf\x04\xfa\x00\x00\x00\x00\x00\x00\x00\x00\x00\x00\x00\x00\x00\x00\x00\x00\x00\x00\x00\x00</data></match></read>
    <write><data>\x00\x00\x00\x00\xe5\xaf\x04\xfa\x02\x00\x00\x00\x00\x00\x00\x00\x00\x00\x00\x00\x05\xa6\x04\xf7\x9cY\x00\x00</data></write>
    <read><length>28</length><match><data>\x01\x00\x00\x00\xe5\xaf\x04\xfa\x00\x00\x00\x00\x00\x00\x00\x00\x00\x00\x00\x00bZ\xe4\x81\x00\x00\x00\x00</data></match></read>
    <write><data>\x00\x00\x00\x00\xe6\xaf\x04\xfa\x02\x00\x00\x00\x00\x00\x00\x00\x00\x00\x00\x00n\xc0\xd6\x0d\xfc\x12\x00\x00</data></write>
    <read><length>28</length><match><data>\x01\x00\x00\x00\xe6\xaf\x04\xfa\x00\x00\x00\x00\x00\x00\x00\x00\x00\x00\x00\x00\x96\x1a\xcc\x27\x00\x00\x00\x00</data></match></read>
    <write><data>\x00\x00\x00\x00\xe7\xaf\x04\xfa\x01\x00\x00\x00\x01\x00\x00\x00\x01\x00\x00\x00\x08\xf0\xff\xb7\x00\xf0\xff\xb7</data></write>
    <read><length>28</length><match><data>\x01\x00\x00\x00\xe7\xaf\x04\xfa\x00\x00\x00\x00\x00\x00\x00\x00\x00\x00\x00\x00\x00\x00\x00\x00\x00\x00\x00\x00</data></match></read>
    <write><data>\x00\x00\x00\x00\xe8\xaf\x04\xfa\x02\x00\x00\x00\x01\x00\x00\x00\x01\x00\x00\x00\x0e\xea\xe7\x2f\xf8\x12\xb4\x83</data></write>
    <read><length>28</length><match><data>\x02\x00\x00\x00\xe8\xaf\x04\xfa\x00\x00\x00\x00\x00\x00\x00\x00\x00\x00\x00\x00\x00\x00\x00\x00\x00\x00\x00\x00</data></match></read>
    <write><data>\x00\x00\x00\x00\xe9\xaf\x04\xfa\x01\x00\x00\x00\x01\x00\x00\x00\x00\x00\x00\x00\x0c\xf0\xff\xb7\x8d\x8e\xfb\x5b</data></write>
    <read><length>28</length><match><data>\x01\x00\x00\x00\xe9\xaf\x04\xfa\x00\x00\x00\x00\x00\x00\x00\x00\x00\x00\x00\x00\x00\x00\x00\x00\x00\x00\x00\x00</data></match></read>
    <write><data>\x00\x00\x00\x00\xea\xaf\x04\xfa\x01\x00\x00\x00\x00\x00\x00\x00\x01\x00\x00\x00\x00\x00\x00\x00\x00\xf0\xff\xb7</data></write>
    <read><length>28</length><match><data>\x01\x00\x00\x00\xea\xaf\x04\xfa\x00\x00\x00\x00\x00\x00\x00\x00\x00\x00\x00\x00\x00\x00\x00\x00\x00\x00\x00\x00</data></match></read>
    <write><data>\x00\x00\x00\x00\xeb\xaf\x04\xfa\x02\x00\x00\x00\x00\x00\x00\x00\x00\x00\x00\x00\xd4\xe8si\xf4\xa0\x00\x00</data></write>
    <read><length>28</length><match><data>\x01\x00\x00\x00\xeb\xaf\x04\xfa\x00\x00\x00\x00\x00\x00\x00\x00\x00\x00\x00\x00\x98\x07\xfbQ\x00\x00\x00\x00</data></match></read>
    <write><data>\x00\x00\x00\x00\xec\xaf\x04\xfa\x00\x00\x00\x00\x01\x00\x00\x00\x01\x00\x00\x00\xb3b\xb7\x27\xb0\xa0\x5f\x95</data></write>
    <read><length>28</length><match><data>\x02\x00\x00\x00\xec\xaf\x04\xfa\x00\x00\x00\x00\x00\x00\x00\x00\x00\x00\x00\x00\x00\x00\x00\x00\x00\x00\x00\x00</data></match></read>
    <write><data>\x00\x00\x00\x00\xed\xaf\x04\xfa\x02\x00\x00\x00\x00\x00\x00\x00\x00\x00\x00\x00\x18\xd7\xef\xc4\xc0z\x00\x00</data></write>
    <read><length>28</length><match><data>\x01\x00\x00\x00\xed\xaf\x04\xfa\x00\x00\x00\x00\x00\x00\x00\x00\x00\x00\x00\x00q\x91\xf52\x00\x00\x00\x00</data></match></read>
    <write><data>\x00\x00\x00\x00\xee\xaf\x04\xfa\x00\x00\x00\x00\x00\x00\x00\x00\x01\x00\x00\x00\x18\x28\xc8\xa1\x1c\xb8\x0c\x08</data></write>
    <read><length>20</length><match><data>\x01\x00\x00\x00\xee\xaf\x04\xfa\x00\x00\x00\x00\x00\x00\x00\x00\x00\x00\x00\x00</data></match></read>
    <read><length>4</length></read>
    <read><length>4</length><match><data>\x00\x00\x00\x00</data></match></read>
    <write><data>\x00\x00\x00\x00\xef\xaf\x04\xfa\x02\x00\x00\x00\x00\x00\x00\x00\x00\x00\x00\x00se\xcex\x04\xbe\x00\x00</data></write>
    <read><length>28</length><match><data>\x01\x00\x00\x00\xef\xaf\x04\xfa\x00\x00\x00\x00\x00\x00\x00\x00\x00\x00\x00\x00\x3d\xd0\x10?\x00\x00\x00\x00</data></match></read>
    <write><data>\x00\x00\x00\x00\xf0\xaf\x04\xfa\x00\x00\x00\x00\x00\x00\x00\x00\x00\x00\x00\x00\x00\x00\x00\x006\xfe\xe1\xc8</data></write>
    <read><length>28</length><match><data>\x01\x00\x00\x00\xf0\xaf\x04\xfa\x00\x00\x00\x00\x00\x00\x00\x00\x00\x00\x00\x006\xfe\xe1\xc8\x00\x00\x00\x00</data></match></read>
    <write><data>\x00\x00\x00\x00\xf1\xaf\x04\xfa\x02\x00\x00\x00\x01\x00\x00\x00\x00\x00\x00\x00t\xf5\x24\x9a\xd0\x07\x00\xe1</data></write>
    <read><length>28</length><match><data>\x02\x00\x00\x00\xf1\xaf\x04\xfa\x00\x00\x00\x00\x00\x00\x00\x00\x00\x00\x00\x00\x00\x00\x00\x00\x00\x00\x00\x00</data></match></read>
    <write><data>\x00\x00\x00\x00\xf2\xaf\x04\xfa\x00\x00\x00\x00\x00\x00\x00\x00\x00\x00\x00\x00\x00\x00\x00\x00s\x2d\xe4V</data></write>
    <read><length>28</length><match><data>\x01\x00\x00\x00\xf2\xaf\x04\xfa\x00\x00\x00\x00\x00\x00\x00\x00\x00\x00\x00\x00s\x2d\xe4V\x00\x00\x00\x00</data></match></read>
    <write><data>\x00\x00\x00\x00\xf3\xaf\x04\xfa\x02\x00\x00\x00\x00\x00\x00\x00\x00\x00\x00\x00\xddJGZP\xa7\x00\x00</data></write>
    <read><length>28</length><match><data>\x01\x00\x00\x00\xf3\xaf\x04\xfa\x00\x00\x00\x00\x00\x00\x00\x00\x00\x00\x00\x00\x90M4\xea\x00\x00\x00\x00</data></match></read>
    <write><data>\x00\x00\x00\x00\xf4\xaf\x04\xfa\x01\x00\x00\x00\x00\x00\x00\x00\x01\x00\x00\x00\xa1\xb5\x8b\xf9\x03\x92\xfd\x02</data></write>
    <read><length>28</length><match><data>\x02\x00\x00\x00\xf4\xaf\x04\xfa\x00\x00\x00\x00\x00\x00\x00\x00\x00\x00\x00\x00\x00\x00\x00\x00\x00\x00\x00\x00</data></match></read>
    <write><data>\x00\x00\x00\x00\xf5\xaf\x04\xfa\x01\x00\x00\x00\x00\x00\x00\x00\x01\x00\x00\x00\xf5\xa7F\xd5\x0d\x8b\x8fj</data></write>
    <read><length>28</length><match><data>\x02\x00\x00\x00\xf5\xaf\x04\xfa\x00\x00\x00\x00\x00\x00\x00\x00\x00\x00\x00\x00\x00\x00\x00\x00\x00\x00\x00\x00</data></match></read>
    <write><data>\x00\x00\x00\x00\xf6\xaf\x04\xfa\x00\x00\x00\x00\x00\x00\x00\x00\x00\x00\x00\x00\x00\x00\x00\x00\x24\xdf\x12\xff</data></write>
    <read><length>28</length><match><data>\x01\x00\x00\x00\xf6\xaf\x04\xfa\x00\x00\x00\x00\x00\x00\x00\x00\x00\x00\x00\x00\x24\xdf\x12\xff\x00\x00\x00\x00</data></match></read>
    <write><data>\x00\x00\x00\x00\xf7\xaf\x04\xfa\x01\x00\x00\x00\x01\x00\x00\x00\x00\x00\x00\x00\x0c\xf0\xff\xb7D\xd8G\xb0</data></write>
    <read><length>28</length><match><data>\x01\x00\x00\x00\xf7\xaf\x04\xfa\x00\x00\x00\x00\x00\x00\x00\x00\x00\x00\x00\x00\x00\x00\x00\x00\x00\x00\x00\x00</data></match></read>
    <write><data>\x00\x00\x00\x00\xf8\xaf\x04\xfa\x02\x00\x00\x00\x00\x00\x00\x00\x00\x00\x00\x00\x7f?.\xf9\x3c\x15\x00\x00</data></write>
    <read><length>28</length><match><data>\x01\x00\x00\x00\xf8\xaf\x04\xfa\x00\x00\x00\x00\x00\x00\x00\x00\x00\x00\x00\x00\x16T\x04u\x00\x00\x00\x00</data></match></read>
    <write><data>\x00\x00\x00\x00\xf9\xaf\x04\xfa\x02\x00\x00\x00\x00\x00\x00\x00\x00\x00\x00\x00\xcaDU\x2a\xecR\x00\x00</data></write>
    <read><length>28</length><match><data>\x01\x00\x00\x00\xf9\xaf\x04\xfa\x00\x00\x00\x00\x00\x00\x00\x00\x00\x00\x00\x00A\xc8\xd8\x1e\x00\x00\x00\x00</data></match></read>
    <write><data>\x00\x00\x00\x00\xfa\xaf\x04\xfa\x00\x00\x00\x00\x00\x00\x00\x00\x00\x00\x00\x00\x00\x00\x00\x00\x92\xe0\xb9\xe2</data></write>
    <read><length>28</length><match><data>\x01\x00\x00\x00\xfa\xaf\x04\xfa\x00\x00\x00\x00\x00\x00\x00\x00\x00\x00\x00\x00\x92\xe0\xb9\xe2\x00\x00\x00\x00</data></match></read>
    <write><data>\x00\x00\x00\x00\xfb\xaf\x04\xfa\x01\x00\x00\x00\x00\x00\x00\x00\x00\x00\x00\x00\x00\x00\x00\x00P\xaaY\x2d</data></write>
    <read><length>28</length><match><data>\x01\x00\x00\x00\xfb\xaf\x04\xfa\x00\x00\x00\x00\x00\x00\x00\x00\x00\x00\x00\x00P\xaaY\x2d\x00\x00\x00\x00</data></match></read>
    <write><data>\x00\x00\x00\x00\xfc\xaf\x04\xfa\x01\x00\x00\x00\x01\x00\x00\x00\x00\x00\x00\x00\x0c\xf0\xff\xb7\xdd\xfb\xc5\x94</data></write>
    <read><length>28</length><match><data>\x01\x00\x00\x00\xfc\xaf\x04\xfa\x00\x00\x00\x00\x00\x00\x00\x00\x00\x00\x00\x00\x00\x00\x00\x00\x00\x00\x00\x00</data></match></read>
    <write><data>\x00\x00\x00\x00\xfd\xaf\x04\xfa\x02\x00\x00\x00\x00\x00\x00\x00\x01\x00\x00\x00S\xa4\x0d\x1eP\xe9\x00\x00</data></write>
    <read><length>28</length><match><data>\x01\x00\x00\x00\xfd\xaf\x04\xfa\x00\x00\x00\x00\x00\x00\x00\x00\x00\x00\x00\x00\x8c\x5c\x8f\xe8\x00\x00\x00\x00</data></match></read>
    <write><data>\x02\x00\x00\x00\xfe\xaf\x04\xfa\x01\x00\x00\x00\x01\x00\x00\x00\x00\x00\x00\x00f\x91v\xc8m\x92w\xca</data></write>
    <read><length>28</length><match><data>\x02\x00\x00\x00\xfe\xaf\x04\xfa\x00\x00\x00\x00\x00\x00\x00\x00\x00\x00\x00\x00\x00\x00\x00\x00\x00\x00\x00\x00</data></match></read>
    <write><data>\x00\x00\x00\x00\xff\xaf\x04\xfa\x01\x00\x00\x00\x01\x00\x00\x00\x01\x00\x00\x00\x04\xf0\xff\xb7\x04\xf0\xff\xb7</data></write>
    <read><length>28</length><match><data>\x01\x00\x00\x00\xff\xaf\x04\xfa\x00\x00\x00\x00\x00\x00\x00\x00\x00\x00\x00\x00\x00\x00\x00\x00\x00\x00\x00\x00</data></match></read>
    <write><data>\x00\x00\x00\x00\x00\xb0\x04\xfa\x00\x00\x00\x00\x00\x00\x00\x00\x00\x00\x00\x00\x00\x00\x00\x00k\x89\xb4\x0c</data></write>
    <read><length>28</length><match><data>\x01\x00\x00\x00\x00\xb0\x04\xfa\x00\x00\x00\x00\x00\x00\x00\x00\x00\x00\x00\x00k\x89\xb4\x0c\x00\x00\x00\x00</data></match></read>
    <write><data>\x00\x00\x00\x00\x01\xb0\x04\xfa\x01\x00\x00\x00\x01\x00\x00\x00\x01\x00\x00\x00\x08\xf0\xff\xb7\x0c\xf0\xff\xb7</data></write>
    <read><length>28</length><match><data>\x01\x00\x00\x00\x01\xb0\x04\xfa\x00\x00\x00\x00\x00\x00\x00\x00\x00\x00\x00\x00\x00\x00\x00\x00\x00\x00\x00\x00</data></match></read>
    <write><data>\x00\x00\x00\x00\x02\xb0\x04\xfa\x00\x00\x00\x00\x00\x00\x00\x00\x00\x00\x00\x00\x00\x00\x00\x00\xad\xba9\xa3</data></write>
    <read><length>28</length><match><data>\x01\x00\x00\x00\x02\xb0\x04\xfa\x00\x00\x00\x00\x00\x00\x00\x00\x00\x00\x00\x00\xad\xba9\xa3\x00\x00\x00\x00</data></match></read>
    <write><data>\x00\x00\x00\x00\x03\xb0\x04\xfa\x01\x00\x00\x00\x00\x00\x00\x00\x01\x00\x00\x00\xe14.\xbb\x0ca\xe1\x12</data></write>
    <read><length>28</length><match><data>\x02\x00\x00\x00\x03\xb0\x04\xfa\x00\x00\x00\x00\x00\x00\x00\x00\x00\x00\x00\x00\x00\x00\x00\x00\x00\x00\x00\x00</data></match></read>
    <write><data>\x00\x00\x00\x00\x04\xb0\x04\xfa\x02\x00\x00\x00\x00\x00\x00\x00\x01\x00\x00\x00\x00V\xab\x09\x98\xf6\x00\x00</data></write>
    <read><length>28</length><match><data>\x01\x00\x00\x00\x04\xb0\x04\xfa\x00\x00\x00\x00\x00\x00\x00\x00\x00\x00\x00\x00\xfc\x10\x26r\x00\x00\x00\x00</data></match></read>
    <write><data>\x00\x00\x00\x00\x05\xb0\x04\xfa\x01\x00\x00\x00\x01\x00\x00\x00\x01\x00\x00\x00\x0c\xf0\xff\xb7\x04\xf0\xff\xb7</data></write>
    <read><length>28</length><match><data>\x01\x00\x00\x00\x05\xb0\x04\xfa\x00\x00\x00\x00\x00\x00\x00\x00\x00\x00\x00\x00\x00\x00\x00\x00\x00\x00\x00\x00</data></match></read>
    <write><data>\x00\x00\x00\x00\x06\xb0\x04\xfa\x01\x00\x00\x00\x01\x00\x00\x00\x00\x00\x00\x00\x00\xf0\xff\xb7\xf2\x96\x0f9</data></write>
    <read><length>28</length><match><data>\x01\x00\x00\x00\x06\xb0\x04\xfa\x00\x00\x00\x00\x00\x00\x00\x00\x00\x00\x00\x00\x00\x00\x00\x00\x00\x00\x00\x00</data></match></read>
    <write><data>\x00\x00\x00\x00\x07\xb0\x04\xfa\x01\x00\x00\x00\x01\x00\x00\x00\x00\x00\x00\x00\x00\xf0\xff\xb7\x04i\x83\xd8</data></write>
    <read><length>28</length><match><data>\x01\x00\x00\x00\x07\xb0\x04\xfa\x00\x00\x00\x00\x00\x00\x00\x00\x00\x00\x00\x00\x00\x00\x00\x00\x00\x00\x00\x00</data></match></read>
    <write><data>\x00\x00\x00\x00\x08\xb0\x04\xfa\x01\x00\x00\x00\x00\x00\x00\x00\x01\x00\x00\x00\x00\x00\x00\x00\x08\xf0\xff\xb7</data></write>
    <read><length>28</length><match><data>\x01\x00\x00\x00\x08\xb0\x04\xfa\x00\x00\x00\x00\x00\x00\x00\x00\x00\x00\x00\x00\xdd\xfb\xc5\x94\x00\x00\x00\x00</data></match></read>
    <write><data>\x00\x00\x00\x00\x09\xb0\x04\xfa\x02\x00\x00\x00\x00\x00\x00\x00\x00\x00\x00\x00\x5b.\x82U\xd4d\x00\x00</data></write>
    <read><length>28</length><match><data>\x01\x00\x00\x00\x09\xb0\x04\xfa\x00\x00\x00\x00\x00\x00\x00\x00\x00\x00\x00\x00\x85\xbc\xf8I\x00\x00\x00\x00</data></match></read>
    <write><data>\x00\x00\x00\x00\x0a\xb0\x04\xfa\x02\x00\x00\x00\x00\x00\x00\x00\x00\x00\x00\x00\xcdi\xadv\xf4\xfb\x00\x00</data></write>
    <read><length>28</length><match><data>\x01\x00\x00\x00\x0a\xb0\x04\xfa\x00\x00\x00\x00\x00\x00\x00\x00\x00\x00\x00\x00\x0b\x82\x7d\x7b\x00\x00\x00\x00</data></match></read>
    <write><data>\x00\x00\x00\x00\x0b\xb0\x04\xfa\x00\x00\x00\x00\x00\x00\x00\x00\x01\x00\x00\x00\xed\xb3\x08\x7c\x24\xa4\xa9\xba</data></write>
    <read><length>20</length><match><data>\x01\x00\x00\x00\x0b\xb0\x04\xfa\x00\x00\x00\x00\x00\x00\x00\x00\x00\x00\x00\x00</data></match></read>
    <read><length>4</length></read>
    <read><length>4</length><match><data>\x00\x00\x00\x00</data></match></read>
    <write><data>\x00\x00\x00\x00\x0c\xb0\x04\xfa\x00\x00\x00\x00\x00\x00\x00\x00\x01\x00\x00\x00\xbf\x0c\x9av\x88\xf2\x09\x08</data></write>
    <read><length>20</length><match><data>\x01\x00\x00\x00\x0c\xb0\x04\xfa\x00\x00\x00\x00\x00\x00\x00\x00\x00\x00\x00\x00</data></match></read>
    <read><length>4</length></read>
    <read><length>4</length><match><data>\x00\x00\x00\x00</data></match></read>
    <write><data>\x00\x00\x00\x00\x0d\xb0\x04\xfa\x02\x00\x00\x00\x00\x00\x00\x00\x01\x00\x00\x00b\xae\xec\x5c\xa0\x18\x00\x00</data></write>
    <read><length>28</length><match><data>\x01\x00\x00\x00\x0d\xb0\x04\xfa\x00\x00\x00\x00\x00\x00\x00\x00\x00\x00\x00\x00\x16\x89\xcdQ\x00\x00\x00\x00</data></match></read>
    <write><data>\x00\x00\x00\x00\x0e\xb0\x04\xfa\x00\x00\x00\x00\x00\x00\x00\x00\x00\x00\x00\x00\x00\x00\x00\x00\xce\x1e\x0b\xb9</data></write>
    <read><length>28</length><match><data>\x01\x00\x00\x00\x0e\xb0\x04\xfa\x00\x00\x00\x00\x00\x00\x00\x00\x00\x00\x00\x00\xce\x1e\x0b\xb9\x00\x00\x00\x00</data></match></read>
    <write><data>\x00\x00\x00\x00\x0f\xb0\x04\xfa\x02\x00\x00\x00\x00\x00\x00\x00\x01\x00\x00\x00\x2c\x8e\x15\x93\x7c\x5c\x00\x00</data></write>
    <read><length>28</length><match><data>\x01\x00\x00\x00\x0f\xb0\x04\xfa\x00\x00\x00\x00\x00\x00\x00\x00\x00\x00\x00\x00\xec\xfe\x87\x80\x00\x00\x00\x00</data></match></read>
    <write><data>\x00\x00\x00\x00\x10\xb0\x04\xfa\x00\x00\x00\x00\x00\x00\x00\x00\x01\x00\x00\x00\x1b\xb0\xa5S\xb8\xce\xa9\xba</data></write>
    <read><length>20</length><match><data>\x01\x00\x00\x00\x10\xb0\x04\xfa\x00\x00\x00\x00\x00\x00\x00\x00\x00\x00\x00\x00</data></match></read>
    <read><length>4</length></read>
    <read><length>4</length><match><data>\x00\x00\x00\x00</data></match></read>
    <write><data>\x00\x00\x00\x00\x11\xb0\x04\xfa\x00\x00\x00\x00\x00\x00\x00\x00\x01\x00\x00\x00u\xbb\xd6\xdf\xa4c\xaa\xba</data></write>
    <read><length>20</length><match><data>\x01\x00\x00\x00\x11\xb0\x04\xfa\x00\x00\x00\x00\x00\x00\x00\x00\x00\x00\x00\x00</data></match></read>
    <read><length>4</length></read>
    <read><length>4</length><match><data>\x00\x00\x00\x00</data></match></read>
    <write><data>\x00\x00\x00\x00\x12\xb0\x04\xfa\x02\x00\x00\x00\x00\x00\x00\x00\x00\x00\x00\x00\x97\x15\xffB\xf0\x91\x00\x00</data></write>
    <read><length>28</length><match><data>\x01\x00\x00\x00\x12\xb0\x04\xfa\x00\x00\x00\x00\x00\x00\x00\x00\x00\x00\x00\x00\xfd\x84X\xea\x00\x00\x00\x00</data></match></read>
    <write><data>\x00\x00\x00\x00\x13\xb0\x04\xfa\x01\x00\x00\x00\x01\x00\x00\x00\x00\x00\x00\x00\x04\xf0\xff\xb7\x3c\xcaAL</data></write>
    <read><length>28</length><match><data>\x01\x00\x00\x00\x13\xb0\x04\xfa\x00\x00\x00\x00\x00\x00\x00\x00\x00\x00\x00\x00\x00\x00\x00\x00\x00\x00\x00\x00</data></match></read>
    <write><data>\x00\x00\x00\x00\x14\xb0\x04\xfa\x02\x00\x00\x00\x00\x00\x00\x00\x00\x00\x00\x00\x96\x9d2\xf9\xe4\x05\x00\x00</data></write>
    <read><length>28</length><match><data>\x01\x00\x00\x00\x14\xb0\x04\xfa\x00\x00\x00\x00\x00\x00\x00\x00\x00\x00\x00\x00\xadV\x5fl\x00\x00\x00\x00</data></match></read>
    <write><data>\x00\x00\x00\x00\x15\xb0\x04\xfa\x00\x00\x00\x00\x00\x00\x00\x00\x00\x00\x00\x00\x00\x00\x00\x00\x3b\x03\xb2\x01</data></write>
    <read><length>28</length><match><data>\x01\x00\x00\x00\x15\xb0\x04\xfa\x00\x00\x00\x00\x00\x00\x00\x00\x00\x00\x00\x00\x3b\x03\xb2\x01\x00\x00\x00\x00</data></match></read>
    <write><data>\x00\x00\x00\x00\x16\xb0\x04\xfa\x02\x00\x00\x00\x00\x00\x00\x00\x00\x00\x00\x009\xc1\xe6k\xf8\xc0\x00\x00</data></write>
    <read><length>28</length><match><data>\x01\x00\x00\x00\x16\xb0\x04\xfa\x00\x00\x00\x00\x00\x00\x00\x00\x00\x00\x00\x00\x0b\xbc\xa8\x07\x00\x00\x00\x00</data></match></read>
    <write><data>\x00\x00\x00\x00\x17\xb0\x04\xfa\x00\x00\x00\x00\x00\x00\x00\x00\x01\x00\x00\x00\x08\x5b\xb2.\x98\xf2\xa9\xba</data></write>
    <read><length>20</length><match><data>\x01\x00\x00\x00\x17\xb0\x04\xfa\x00\x00\x00\x00\x00\x00\x00\x00\x00\x00\x00\x00</data></match></read>
    <read><length>4</length></read>
    <read><length>4</length><match><data>\x00\x00\x00\x00</data></match></read>
    <write><data>\x00\x00\x00\x00\x18\xb0\x04\xfa\x02\x00\x00\x00\x00\x00\x00\x00\x00\x00\x00\x00\x8e\xbf\x08\x8epQ\x00\x00</data></write>
    <read><length>28</length><match><data>\x01\x00\x00\x00\x18\xb0\x04\xfa\x00\x00\x00\x00\x00\x00\x00\x00\x00\x00\x00\x00\x184\xa4\xc1\x00\x00\x00\x00</data></match></read>
    <write><data>\x00\x00\x00\x00\x19\xb0\x04\xfa\x01\x00\x00\x00\x00\x00\x00\x00\x01\x00\x00\x00\x00\x00\x00\x00\x00\xf0\xff\xb7</data></write>
    <read><length>28</length><match><data>\x01\x00\x00\x00\x19\xb0\x04\xfa\x00\x00\x00\x00\x00\x00\x00\x00\x00\x00\x00\x00\x04i\x83\xd8\x00\x00\x00\x00</data></match></read>
    <write><data>\x00\x00\x00\x00\x1a\xb0\x04\xfa\x02\x00\x00\x00\x00\x00\x00\x00\x00\x00\x00\x00\xc5\x5b\xfd\xf0\x90\x40\x00\x00</data></write>
    <read><length>28</length><match><data>\x01\x00\x00\x00\x1a\xb0\x04\xfa\x00\x00\x00\x00\x00\x00\x00\x00\x00\x00\x00\x00\x11\x93\x7eA\x00\x00\x00\x00</data></match></read>
    <write><data>\x00\x00\x00\x00\x1b\xb0\x04\xfa\x01\x00\x00\x00\x00\x00\x00\x00\x01\x00\x00\x00\x00\x00\x00\x00\x0c\xf0\xff\xb7</data></write>
    <read><length>28</length><match><data>\x01\x00\x00\x00\x1b\xb0\x04\xfa\x00\x00\x00\x00\x00\x00\x00\x00\x00\x00\x00\x00\x00\x00\x00\x00\x00\x00\x00\x00</data></match></read>
    <write><data>\x00\x00\x00\x00\x1c\xb0\x04\xfa\x02\x00\x00\x00\x01\x00\x00\x00\x00\x00\x00\x00\xb6\x14\x12\xb3\x23\xb3\xe1\xfd</data></write>
    <read><length>28</length><match><data>\x02\x00\x00\x00\x1c\xb0\x04\xfa\x00\x00\x00\x00\x00\x00\x00\x00\x00\x00\x00\x00\x00\x00\x00\x00\x00\x00\x00\x00</data></match></read>
    <write><data>\x00\x00\x00\x00\x1d\xb0\x04\xfa\x00\x00\x00\x00\x00\x00\x00\x00\x01\x00\x00\x00\x90\xc8\x7b\x0d\xcc\xc1\x05\x08</data></write>
    <read><length>20</length><match><data>\x01\x00\x00\x00\x1d\xb0\x04\xfa\x00\x00\x00\x00\x00\x00\x00\x00\x00\x00\x00\x00</data></match></read>
    <read><length>4</length></read>
    <read><length>4</length><match><data>\x00\x00\x00\x00</data></match></read>
    <write><data>\x00\x00\x00\x00\x1e\xb0\x04\xfa\x00\x00\x00\x00\x00\x00\x00\x00\x00\x00\x00\x00\x00\x00\x00\x00G\xa9\x95\xe9</data></write>
    <read><length>28</length><match><data>\x01\x00\x00\x00\x1e\xb0\x04\xfa\x00\x00\x00\x00\x00\x00\x00\x00\x00\x00\x00\x00G\xa9\x95\xe9\x00\x00\x00\x00</data></match></read>
    <write><data>\x00\x00\x00\x00\x1f\xb0\x04\xfa\x02\x00\x00\x00\x01\x00\x00\x00\x01\x00\x00\x00\xbf\xe1\xec\xff\xcbw?b</data></write>
    <read><length>28</length><match><data>\x02\x00\x00\x00\x1f\xb0\x04\xfa\x00\x00\x00\x00\x00\x00\x00\x00\x00\x00\x00\x00\x00\x00\x00\x00\x00\x00\x00\x00</data></match></read>
    <write><data>\x00\x00\x00\x00 \xb0\x04\xfa\x02\x00\x00\x00\x00\x00\x00\x00\x00\x00\x00\x00\x03\xfe\x7c\xb9d\x99\x00\x00</data></write>
    <read><length>28</length><match><data>\x01\x00\x00\x00 \xb0\x04\xfa\x00\x00\x00\x00\x00\x00\x00\x00\x00\x00\x00\x00\x3b\x11\x95\x0b\x00\x00\x00\x00</data></match></read>
    <write><data>\x00\x00\x00\x00!\xb0\x04\xfa\x02\x00\x00\x00\x00\x00\x00\x00\x01\x00\x00\x00\xa1\x0b7vh\x1e\x00\x00</data></write>
    <read><length>28</length><match><data>\x01\x00\x00\x00!\xb0\x04\xfa\x00\x00\x00\x00\x00\x00\x00\x00\x00\x00\x00\x00Q\xcd\x1c\x2b\x00\x00\x00\x00</data></match></read>
    <write><data>\x00\x00\x00\x00\x22\xb0\x04\xfa\x01\x00\x00\x00\x00\x00\x00\x00\x01\x00\x00\x00\x00\x00\x00\x00\x04\xf0\xff\xb7</data></write>
    <read><length>28</length><match><data>\x01\x00\x00\x00\x22\xb0\x04\xfa\x00\x00\x00\x00\x00\x00\x00\x00\x00\x00\x00\x00\x3c\xcaAL\x00\x00\x00\x00</data></match></read>
    <write><data>\x00\x00\x00\x00\x23\xb0\x04\xfa\x00\x00\x00\x00\x00\x00\x00\x00\x01\x00\x00\x008\x1bf\x3c\xdc\xa1\xa9\xba</data></write>
    <read><length>20</length><match><data>\x01\x00\x00\x00\x23\xb0\x04\xfa\x00\x00\x00\x00\x00\x00\x00\x00\x00\x00\x00\x00</data></match></read>
    <read><length>4</length></read>
    <read><length>4</length><match><data>\x00\x00\x00\x00</data></match></read>
    <write><data>\x00\x00\x00\x00\x24\xb0\x04\xfa\x00\x00\x00\x00\x00\x00\x00\x00\x00\x00\x00\x00\x00\x00\x00\x00\x0cT\x7dj</data></write>
    <read><length>28</length><match><data>\x01\x00\x00\x00\x24\xb0\x04\xfa\x00\x00\x00\x00\x00\x00\x00\x00\x00\x00\x00\x00\x0cT\x7dj\x00\x00\x00\x00</data></match></read>
    <write><data>\x00\x00\x00\x00\x25\xb0\x04\xfa\x00\x00\x00\x00\x00\x00\x00\x00\x00\x00\x00\x00\x00\x00\x00\x00K\xcb\x97\xd3</data></write>
    <read><length>28</length><match><data>\x01\x00\x00\x00\x25\xb0\x04\xfa\x00\x00\x00\x00\x00\x00\x00\x00\x00\x00\x00\x00K\xcb\x97\xd3\x00\x00\x00\x00</data></match></read>
    <write><data>\x00\x00\x00\x00\x26\xb0\x04\xfa\x02\x00\x00\x00\x00\x00\x00\x00\x01\x00\x00\x00\x28\xbc\x22\x40\xd0\xca\x00\x00</data></write>
    <read><length>28</length><match><data>\x01\x00\x00\x00\x26\xb0\x04\xfa\x00\x00\x00\x00\x00\x00\x00\x00\x00\x00\x00\x00\xc9c\x5c\xfa\x00\x00\x00\x00</data></match></read>
    <write><data>\x00\x00\x00\x00\x27\xb0\x04\xfa\x01\x00\x00\x00\x01\x00\x00\x00\x01\x00\x00\x00\x08\xf0\xff\xb7\x0c\xf0\xff\xb7</data></write>
    <read><length>28</length><match><data>\x01\x00\x00\x00\x27\xb0\x04\xfa\x00\x00\x00\x00\x00\x00\x00\x00\x00\x00\x00\x00\x00\x00\x00\x00\x00\x00\x00\x00</data></match></read>
    <write><data>\x00\x00\x00\x00\x28\xb0\x04\xfa\x02\x00\x00\x00\x00\x00\x00\x00\x01\x00\x00\x00\x01\xbb\xad\xb3\x60\xab\x00\x00</data></write>
    <read><length>28</length><match><data>\x01\x00\x00\x00\x28\xb0\x04\xfa\x00\x00\x00\x00\x00\x00\x00\x00\x00\x00\x00\x00\xdd\xfbq\xf8\x00\x00\x00\x00</data></match></read>
    <write><data>\x00\x00\x00\x00\x29\xb0\x04\xfa\x00\x00\x00\x00\x01\x00\x00\x00\x01\x00\x00\x00t\xf1\x1e\x8aO\xe1Xd</data></write>
    <read><length>28</length><match><data>\x02\x00\x00\x00\x29\xb0\x04\xfa\x00\x00\x00\x00\x00\x00\x00\x00\x00\x00\x00\x00\x00\x00\x00\x00\x00\x00\x00\x00</data></match></read>
    <write><data>\x00\x00\x00\x00\x2a\xb0\x04\xfa\x02\x00\x00\x00\x01\x00\x00\x00\x01\x00\x00\x00\xdc3\xc8\xdcJ\x5d\x05\x5c</data></write>
    <read><length>28</length><match><data>\x02\x00\x00\x00\x2a\xb0\x04\xfa\x00\x00\x00\x00\x00\x00\x00\x00\x00\x00\x00\x00\x00\x00\x00\x00\x00\x00\x00\x00</data></match></read>
    <write><data>\x00\x00\x00\x00\x2b\xb0\x04\xfa\x02\x00\x00\x00\x00\x00\x00\x00\x00\x00\x00\x00q\xc4\x3ef\xd8\xe6\x00\x00</data></write>
    <read><length>28</length><match><data>\x01\x00\x00\x00\x2b\xb0\x04\xfa\x00\x00\x00\x00\x00\x00\x00\x00\x00\x00\x00\x00\xf7\xfdC\x98\x00\x00\x00\x00</data></match></read>
    <write><data>\x00\x00\x00\x00\x2c\xb0\x04\xfa\x02\x00\x00\x00\x00\x00\x00\x00\x00\x00\x00\x00\xd1k\x3dxi\x99oX</data></write>
    <read><length>28</length><match><data>\x02\x00\x00\x00\x2c\xb0\x04\xfa\x00\x00\x00\x00\x00\x00\x00\x00\x00\x00\x00\x00\x00\x00\x00\x00\x00\x00\x00\x00</data></match></read>
    <write><data>\x00\x00\x00\x00\x2d\xb0\x04\xfa\x01\x00\x00\x00\x01\x00\x00\x00\x01\x00\x00\x00\xb1\x93Nq\x09\x08EK</data></write>
    <read><length>28</length><match><data>\x02\x00\x00\x00\x2d\xb0\x04\xfa\x00\x00\x00\x00\x00\x00\x00\x00\x00\x00\x00\x00\x00\x00\x00\x00\x00\x00\x00\x00</data></match></read>
    <write><data>\x00\x00\x00\x00.\xb0\x04\xfa\x00\x00\x00\x00\x00\x00\x00\x00\x00\x00\x00\x00\x00\x00\x00\x00\xb4\x5f\x3c\xf1</data></write>
    <read><length>28</length><match><data>\x01\x00\x00\x00.\xb0\x04\xfa\x00\x00\x00\x00\x00\x00\x00\x00\x00\x00\x00\x00\xb4\x5f\x3c\xf1\x00\x00\x00\x00</data></match></read>
    <write><data>\x00\x00\x00\x00\x2f\xb0\x04\xfa\x00\x00\x00\x00\x00\x00\x00\x00\x01\x00\x00\x00\xae\xed\xe2\xd0\xc7\xcbGC</data></write>
    <read><length>28</length><match><data>\x02\x00\x00\x00\x2f\xb0\x04\xfa\x00\x00\x00\x00\x00\x00\x00\x00\x00\x00\x00\x00\x00\x00\x00\x00\x00\x00\x00\x00</data></match></read>
    <write><data>\x00\x00\x00\x000\xb0\x04\xfa\x01\x00\x00\x00\x00\x00\x00\x00\x01\x00\x00\x00\x00\x00\x00\x00\x0c\xf0\xff\xb7</data></write>
    <read><length>28</length><match><data>\x01\x00\x00\x000\xb0\x04\xfa\x00\x00\x00\x00\x00\x00\x00\x00\x00\x00\x00\x00\x00\x00\x00\x00\x00\x00\x00\x00</data></match></read>
    <write><data>\x00\x00\x00\x001\xb0\x04\xfa\x00\x00\x00\x00\x00\x00\x00\x00\x01\x00\x00\x00\x9c\x00\xa6\xaf\xd8g\x0d\x08</data></write>
    <read><length>20</length><match><data>\x01\x00\x00\x001\xb0\x04\xfa\x00\x00\x00\x00\x00\x00\x00\x00\x00\x00\x00\x00</data></match></read>
    <read><length>4</length></read>
    <read><length>4</length><match><data>\x00\x00\x00\x00</data></match></read>
    <write><data>\x00\x00\x00\x002\xb0\x04\xfa\x02\x00\x00\x00\x00\x00\x00\x00\x00\x00\x00\x00B\x97kG\x10X\x00\x00</data></write>
    <read><length>28</length><match><data>\x01\x00\x00\x002\xb0\x04\xfa\x00\x00\x00\x00\x00\x00\x00\x00\x00\x00\x00\x003\x92\xd9\x1f\x00\x00\x00\x00</data></match></read>
    <write><data>\x00\x00\x00\x003\xb0\x04\xfa\x00\x00\x00\x00\x00\x00\x00\x00\x01\x00\x00\x00\xc1\xf8\x2a\x86\xd4\xc5\x08\x08</data></write>
    <read><length>20</length><match><data>\x01\x00\x00\x003\xb0\x04\xfa\x00\x00\x00\x00\x00\x00\x00\x00\x00\x00\x00\x00</data></match></read>
    <read><length>4</length></read>
    <read><length>4</length><match><data>\x00\x00\x00\x00</data></match></read>
    <write><data>\x00\x00\x00\x004\xb0\x04\xfa\x00\x00\x00\x00\x00\x00\x00\x00\x00\x00\x00\x00\x00\x00\x00\x00\xd3\x88L\xdf</data></write>
    <read><length>28</length><match><data>\x01\x00\x00\x004\xb0\x04\xfa\x00\x00\x00\x00\x00\x00\x00\x00\x00\x00\x00\x00\xd3\x88L\xdf\x00\x00\x00\x00</data></match></read>
    <write><data>\x00\x00\x00\x005\xb0\x04\xfa\x02\x00\x00\x00\x00\x00\x00\x00\x01\x00\x00\x00\xe91\x2d\x12\xac\x28\x00\x00</data></write>
    <read><length>28</length><match><data>\x01\x00\x00\x005\xb0\x04\xfa\x00\x00\x00\x00\x00\x00\x00\x00\x00\x00\x00\x00o \xa0\x7f\x00\x00\x00\x00</data></match></read>
    <write><data>\x00\x00\x00\x006\xb0\x04\xfa\x01\x00\x00\x00\x00\x00\x00\x00\x01\x00\x00\x00\xd4\x9bD\xd5\x84\x9d\x2c\xda</data></write>
    <read><length>28</length><match><data>\x02\x00\x00\x006\xb0\x04\xfa\x00\x00\x00\x00\x00\x00\x00\x00\x00\x00\x00\x00\x00\x00\x00\x00\x00\x00\x00\x00</data></match></read>
    <write><data>\x00\x00\x00\x007\xb0\x04\xfa\x00\x00\x00\x00\x00\x00\x00\x00\x01\x00\x00\x00\xec\x5eD\x24\x28I\xaa\xba</data></write>
    <read><length>20</length><match><data>\x01\x00\x00\x007\xb0\x04\xfa\x00\x00\x00\x00\x00\x00\x00\x00\x00\x00\x00\x00</data></match></read>
    <read><length>4</length></read>
    <read><length>4</length><match><data>\x00\x00\x00\x00</data></match></read>
    <write><data>\x00\x00\x00\x008\xb0\x04\xfa\x01\x00\x00\x00\x00\x00\x00\x00\x01\x00\x00\x00\x00\x00\x00\x00\x00\xf0\xff\xb7</data></write>
    <read><length>28</length><match><data>\x01\x00\x00\x008\xb0\x04\xfa\x00\x00\x00\x00\x00\x00\x00\x00\x00\x00\x00\x00\x04i\x83\xd8\x00\x00\x00\x00</data></match></read>
    <write><data>\x00\x00\x00\x009\xb0\x04\xfa\x00\x00\x00\x00\x00\x00\x00\x00\x01\x00\x00\x00\xe2\x93\xe3\xcf\xc8l\xaa\xba</data></write>
    <read><length>20</length><match><data>\x01\x00\x00\x009\xb0\x04\xfa\x00\x00\x00\x00\x00\x00\x00\x00\x00\x00\x00\x00</data></match></read>
    <read><length>4</length></read>
    <read><length>4</length><match><data>\x00\x00\x00\x00</data></match></read>
    <write><data>\x00\x00\x00\x00:\xb0\x04\xfa\x00\x00\x00\x00\x00\x00\x00\x00\x00\x00\x00\x00\x00\x00\x00\x00\xe5!\xb6\x24</data></write>
    <read><length>28</length><match><data>\x01\x00\x00\x00:\xb0\x04\xfa\x00\x00\x00\x00\x00\x00\x00\x00\x00\x00\x00\x00\xe5!\xb6\x24\x00\x00\x00\x00</data></match></read>
    <write><data>\x02\x00\x00\x00\x3b\xb0\x04\xfa\x03\x00\x00\x00\x00\x00\x00\x00\x01\x00\x00\x00\xdb\x5e\x5b\x13\xd5\x8c\xaaQ</data></write>
    <read><length>28</length><match><data>\x02\x00\x00\x00\x3b\xb0\x04\xfa\x00\x00\x00\x00\x00\x00\x00\x00\x00\x00\x00\x00\x00\x00\x00\x00\x00\x00\x00\x00</data></match></read>
    <write><data>\x00\x00\x00\x00\x3c\xb0\x04\xfa\x01\x00\x00\x00\x01\x00\x00\x00\x00\x00\x00\x00\x0c\xf0\xff\xb7O\xab\xa4\xd2</data></write>
    <read><length>28</length><match><data>\x01\x00\x00\x00\x3c\xb0\x04\xfa\x00\x00\x00\x00\x00\x00\x00\x00\x00\x00\x00\x00\x00\x00\x00\x00\x00\x00\x00\x00</data></match></read>
    <write><data>\x00\x00\x00\x00\x3d\xb0\x04\xfa\x02\x00\x00\x00\x00\x00\x00\x00\x01\x00\x00\x00\x3d\xd7L\x1f\xd8\x9b\x00\x00</data></write>
    <read><length>28</length><match><data>\x01\x00\x00\x00\x3d\xb0\x04\xfa\x00\x00\x00\x00\x00\x00\x00\x00\x00\x00\x00\x00i\xa5m\xd5\x00\x00\x00\x00</data></match></read>
    <write><data>\x00\x00\x00\x00\x3e\xb0\x04\xfa\x00\x00\x00\x00\x00\x00\x00\x00\x00\x00\x00\x00\x00\x00\x00\x00\xab\xa9.\x83</data></write>
    <read><length>28</length><match><data>\x01\x00\x00\x00\x3e\xb0\x04\xfa\x00\x00\x00\x00\x00\x00\x00\x00\x00\x00\x00\x00\xab\xa9.\x83\x00\x00\x00\x00</data></match></read>
    <write><data>\x00\x00\x00\x00?\xb0\x04\xfa\x02\x00\x00\x00\x00\x00\x00\x00\x00\x00\x00\x00r\x5d\xa0\xad\x2f\xfa\x09\x7f</data></write>
    <read><length>28</length><match><data>\x02\x00\x00\x00?\xb0\x04\xfa\x00\x00\x00\x00\x00\x00\x00\x00\x00\x00\x00\x00\x00\x00\x00\x00\x00\x00\x00\x00</data></match></read>
    <write><data>\x00\x00\x00\x00\x40\xb0\x04\xfa\x00\x00\x00\x00\x00\x00\x00\x00\x01\x00\x00\x00\xc9\x2cs\xb3\xc88\xaa\xba</data></write>
    <read><length>20</length><match><data>\x01\x00\x00\x00\x40\xb0\x04\xfa\x00\x00\x00\x00\x00\x00\x00\x00\x00\x00\x00\x00</data></match></read>
    <read><length>4</length></read>
    <read><length>4</length><match><data>\x00\x00\x00\x00</data></match></read>
    <write><data>\x00\x00\x00\x00A\xb0\x04\xfa\x00\x00\x00\x00\x00\x00\x00\x00\x01\x00\x00\x00V\x1a\x82\xe7lC\x14\x08</data></write>
    <read><length>20</length><match><data>\x01\x00\x00\x00A\xb0\x04\xfa\x00\x00\x00\x00\x00\x00\x00\x00\x00\x00\x00\x00</data></match></read>
    <read><length>4</length></read>
    <read><length>4</length><match><data>\x00\x00\x00\x00</data></match></read>
    <write><data>\x00\x00\x00\x00B\xb0\x04\xfa\x02\x00\x00\x00\x00\x00\x00\x00\x00\x00\x00\x00\xda\x22\xf1\xee\x9f\x9e\xc9\x85</data></write>
    <read><length>28</length><match><data>\x02\x00\x00\x00B\xb0\x04\xfa\x00\x00\x00\x00\x00\x00\x00\x00\x00\x00\x00\x00\x00\x00\x00\x00\x00\x00\x00\x00</data></match></read>
    <write><data>\x00\x00\x00\x00C\xb0\x04\xfa\x01\x00\x00\x00\x00\x00\x00\x00\x00\x00\x00\x00\x00\x00\x00\x00f\x40\xdd\xff</data></write>
    <read><length>28</length><match><data>\x01\x00\x00\x00C\xb0\x04\xfa\x00\x00\x00\x00\x00\x00\x00\x00\x00\x00\x00\x00f\x40\xdd\xff\x00\x00\x00\x00</data></match></read>
    <write><data>\x00\x00\x00\x00D\xb0\x04\xfa\x00\x00\x00\x00\x00\x00\x00\x00\x01\x00\x00\x00I\x093\x27\x1b\xc3GC</data></write>
    <read><length>28</length><match><data>\x02\x00\x00\x00D\xb0\x04\xfa\x00\x00\x00\x00\x00\x00\x00\x00\x00\x00\x00\x00\x00\x00\x00\x00\x00\x00\x00\x00</data></match></read>
    <write><data>\x00\x00\x00\x00E\xb0\x04\xfa\x01\x00\x00\x00\x00\x00\x00\x00\x00\x00\x00\x00\x00\x00\x00\x00g\x7f\x7c\xa1</data></write>
    <read><length>28</length><match><data>\x01\x00\x00\x00E\xb0\x04\xfa\x00\x00\x00\x00\x00\x00\x00\x00\x00\x00\x00\x00g\x7f\x7c\xa1\x00\x00\x00\x00</data></match></read>
    <write><data>\x00\x00\x00\x00F\xb0\x04\xfa\x01\x00\x00\x00\x00\x00\x00\x00\x00\x00\x00\x00\x00\x00\x00\x00\xb3A\x5c\xe8</data></write>
    <read><length>28</length><match><data>\x01\x00\x00\x00F\xb0\x04\xfa\x00\x00\x00\x00\x00\x00\x00\x00\x00\x00\x00\x00\xb3A\x5c\xe8\x00\x00\x00\x00</data></match></read>
    <write><data>\x00\x00\x00\x00G\xb0\x04\xfa\x00\x00\x00\x00\x00\x00\x00\x00\x01\x00\x00\x00\x8e\x94\xdc\x3e\x84\x80\x04\x08</data></write>
    <read><length>20</length><match><data>\x01\x00\x00\x00G\xb0\x04\xfa\x00\x00\x00\x00\x00\x00\x00\x00\x00\x00\x00\x00</data></match></read>
    <read><length>4</length></read>
    <read><length>4</length><match><data>\x00\x00\x00\x00</data></match></read>
    <write><data>\x00\x00\x00\x00H\xb0\x04\xfa\x02\x00\x00\x00\x00\x00\x00\x00\x00\x00\x00\x00\xe8\x88?6\xb4\xb0\x00\x00</data></write>
    <read><length>28</length><match><data>\x01\x00\x00\x00H\xb0\x04\xfa\x00\x00\x00\x00\x00\x00\x00\x00\x00\x00\x00\x00\x1f\xc3\x7f\xdf\x00\x00\x00\x00</data></match></read>
    <write><data>\x00\x00\x00\x00I\xb0\x04\xfa\x02\x00\x00\x00\x00\x00\x00\x00\x00\x00\x00\x00\x90\x0e\xdb\x24\x9c\x24\x00\x00</data></write>
    <read><length>28</length><match><data>\x01\x00\x00\x00I\xb0\x04\xfa\x00\x00\x00\x00\x00\x00\x00\x00\x00\x00\x00\x00T\xe1\xa9v\x00\x00\x00\x00</data></match></read>
    <write><data>\x00\x00\x00\x00J\xb0\x04\xfa\x02\x00\x00\x00\x00\x00\x00\x00\x00\x00\x00\x00\x91\xcc\xc9\xbd\x7cf\x00\x00</data></write>
    <read><length>28</length><match><data>\x01\x00\x00\x00J\xb0\x04\xfa\x00\x00\x00\x00\x00\x00\x00\x00\x00\x00\x00\x00\xf9!\xe4\xa2\x00\x00\x00\x00</data></match></read>
    <write><data>\x00\x00\x00\x00K\xb0\x04\xfa\x02\x00\x00\x00\x00\x00\x00\x00\x00\x00\x00\x00\x9f\x60\x27\xadxn\x00\x00</data></write>
    <read><length>28</length><match><data>\x01\x00\x00\x00K\xb0\x04\xfa\x00\x00\x00\x00\x00\x00\x00\x00\x00\x00\x00\x00\x87\xc1\xa3\xe7\x00\x00\x00\x00</data></match></read>
    <write><data>\x00\x00\x00\x00L\xb0\x04\xfa\x02\x00\x00\x00\x00\x00\x00\x00\x01\x00\x00\x00\xfb\x9e\xca\x0a\x8cB\x00\x00</data></write>
    <read><length>28</length><match><data>\x01\x00\x00\x00L\xb0\x04\xfa\x00\x00\x00\x00\x00\x00\x00\x00\x00\x00\x00\x00\xf1\xd5\x5c\xbf\x00\x00\x00\x00</data></match></read>
    <write><data>\x00\x00\x00\x00M\xb0\x04\xfa\x00\x00\x00\x00\x01\x00\x00\x00\x01\x00\x00\x00C\xed\xfdD\x26\xd9\xed\xc9</data></write>
    <read><length>28</length><match><data>\x02\x00\x00\x00M\xb0\x04\xfa\x00\x00\x00\x00\x00\x00\x00\x00\x00\x00\x00\x00\x00\x00\x00\x00\x00\x00\x00\x00</data></match></read>
    <write><data>\x00\x00\x00\x00N\xb0\x04\xfa\x01\x00\x00\x00\x01\x00\x00\x00\x00\x00\x00\x00\x00\xf0\xff\xb7\x06h\xbad</data></write>
    <read><length>28</length><match><data>\x01\x00\x00\x00N\xb0\x04\xfa\x00\x00\x00\x00\x00\x00\x00\x00\x00\x00\x00\x00\x00\x00\x00\x00\x00\x00\x00\x00</data></match></read>
    <write><data>\x00\x00\x00\x00O\xb0\x04\xfa\x00\x00\x00\x00\x00\x00\x00\x00\x01\x00\x00\x00b3\x23\xe8\x84\x1b\xaa\xba</data></write>
    <read><length>20</length><match><data>\x01\x00\x00\x00O\xb0\x04\xfa\x00\x00\x00\x00\x00\x00\x00\x00\x00\x00\x00\x00</data></match></read>
    <read><length>4</length></read>
    <read><length>4</length><match><data>\x00\x00\x00\x00</data></match></read>
    <write><data>\x00\x00\x00\x00P\xb0\x04\xfa\x01\x00\x00\x00\x01\x00\x00\x00\x01\x00\x00\x00\x04\xf0\xff\xb7\x00\xf0\xff\xb7</data></write>
    <read><length>28</length><match><data>\x01\x00\x00\x00P\xb0\x04\xfa\x00\x00\x00\x00\x00\x00\x00\x00\x00\x00\x00\x00\x00\x00\x00\x00\x00\x00\x00\x00</data></match></read>
    <write><data>\x00\x00\x00\x00Q\xb0\x04\xfa\x02\x00\x00\x00\x00\x00\x00\x00\x00\x00\x00\x00\xce\x97\x7b\x09\x28\xe1\x00\x00</data></write>
    <read><length>28</length><match><data>\x01\x00\x00\x00Q\xb0\x04\xfa\x00\x00\x00\x00\x00\x00\x00\x00\x00\x00\x00\x00\x26\xe8L\x08\x00\x00\x00\x00</data></match></read>
    <write><data>\x00\x00\x00\x00R\xb0\x04\xfa\x02\x00\x00\x00\x00\x00\x00\x00\x01\x00\x00\x000\xee\x95\xd04\x26\x00\x00</data></write>
    <read><length>28</length><match><data>\x01\x00\x00\x00R\xb0\x04\xfa\x00\x00\x00\x00\x00\x00\x00\x00\x00\x00\x00\x00\xa0\xb9\xf9\x08\x00\x00\x00\x00</data></match></read>
    <write><data>\x00\x00\x00\x00S\xb0\x04\xfa\x01\x00\x00\x00\x01\x00\x00\x00\x00\x00\x00\x00\x04\xf0\xff\xb7\xdc\xb4\x2ft</data></write>
    <read><length>28</length><match><data>\x01\x00\x00\x00S\xb0\x04\xfa\x00\x00\x00\x00\x00\x00\x00\x00\x00\x00\x00\x00\x00\x00\x00\x00\x00\x00\x00\x00</data></match></read>
    <write><data>\x00\x00\x00\x00T\xb0\x04\xfa\x02\x00\x00\x00\x00\x00\x00\x00\x00\x00\x00\x00D\xbe\x92\x7d0E\x00\x00</data></write>
    <read><length>28</length><match><data>\x01\x00\x00\x00T\xb0\x04\xfa\x00\x00\x00\x00\x00\x00\x00\x00\x00\x00\x00\x00U1\xdeF\x00\x00\x00\x00</data></match></read>
    <write><data>\x00\x00\x00\x00U\xb0\x04\xfa\x01\x00\x00\x00\x00\x00\x00\x00\x00\x00\x00\x00\x00\x00\x00\x00\xc6\xa3\xf5\xd0</data></write>
    <read><length>28</length><match><data>\x01\x00\x00\x00U\xb0\x04\xfa\x00\x00\x00\x00\x00\x00\x00\x00\x00\x00\x00\x00\xc6\xa3\xf5\xd0\x00\x00\x00\x00</data></match></read>
    <write><data>\x00\x00\x00\x00V\xb0\x04\xfa\x00\x00\x00\x00\x00\x00\x00\x00\x00\x00\x00\x00\x00\x00\x00\x00\xdb\x85\xc0K</data></write>
    <read><length>28</length><match><data>\x01\x00\x00\x00V\xb0\x04\xfa\x00\x00\x00\x00\x00\x00\x00\x00\x00\x00\x00\x00\xdb\x85\xc0K\x00\x00\x00\x00</data></match></read>
    <write><data>\x00\x00\x00\x00W\xb0\x04\xfa\x00\x00\x00\x00\x00\x00\x00\x00\x01\x00\x00\x00i\x82\x5b\xdc\x3c\x96\x10\x08</data></write>
    <read><length>20</length><match><data>\x01\x00\x00\x00W\xb0\x04\xfa\x00\x00\x00\x00\x00\x00\x00\x00\x00\x00\x00\x00</data></match></read>
    <read><length>4</length></read>
    <read><length>4</length><match><data>\x00\x00\x00\x00</data></match></read>
    <write><data>\x00\x00\x00\x00X\xb0\x04\xfa\x00\x00\x00\x00\x00\x00\x00\x00\x01\x00\x00\x00\xb6\xd6z\xf1\xb4\x8f\xa9\xba</data></write>
    <read><length>20</length><match><data>\x01\x00\x00\x00X\xb0\x04\xfa\x00\x00\x00\x00\x00\x00\x00\x00\x00\x00\x00\x00</data></match></read>
    <read><length>4</length></read>
    <read><length>4</length><match><data>\x00\x00\x00\x00</data></match></read>
    <write><data>\x00\x00\x00\x00Y\xb0\x04\xfa\x00\x00\x00\x00\x00\x00\x00\x00\x01\x00\x00\x00l\xc6\xcb\x163\xcdGC</data></write>
    <read><length>28</length><match><data>\x02\x00\x00\x00Y\xb0\x04\xfa\x00\x00\x00\x00\x00\x00\x00\x00\x00\x00\x00\x00\x00\x00\x00\x00\x00\x00\x00\x00</data></match></read>
    <write><data>\x00\x00\x00\x00Z\xb0\x04\xfa\x00\x00\x00\x00\x00\x00\x00\x00\x00\x00\x00\x00\x00\x00\x00\x00t\x11 J</data></write>
    <read><length>28</length><match><data>\x01\x00\x00\x00Z\xb0\x04\xfa\x00\x00\x00\x00\x00\x00\x00\x00\x00\x00\x00\x00t\x11 J\x00\x00\x00\x00</data></match></read>
    <write><data>\x00\x00\x00\x00\x5b\xb0\x04\xfa\x02\x00\x00\x00\x00\x00\x00\x00\x00\x00\x00\x00\x3bo\x8a\xe3T\x60\x00\x00</data></write>
    <read><length>28</length><match><data>\x01\x00\x00\x00\x5b\xb0\x04\xfa\x00\x00\x00\x00\x00\x00\x00\x00\x00\x00\x00\x00H\xdb\x7c\x98\x00\x00\x00\x00</data></match></read>
    <write><data>\x00\x00\x00\x00\x5c\xb0\x04\xfa\x00\x00\x00\x00\x00\x00\x00\x00\x01\x00\x00\x00E\xceoQ\x25\xcbGC</data></write>
    <read><length>28</length><match><data>\x02\x00\x00\x00\x5c\xb0\x04\xfa\x00\x00\x00\x00\x00\x00\x00\x00\x00\x00\x00\x00\x00\x00\x00\x00\x00\x00\x00\x00</data></match></read>
    <write><data>\x00\x00\x00\x00\x5d\xb0\x04\xfa\x00\x00\x00\x00\x00\x00\x00\x00\x00\x00\x00\x00\x00\x00\x00\x00\xf5\x14t\xc1</data></write>
    <read><length>28</length><match><data>\x01\x00\x00\x00\x5d\xb0\x04\xfa\x00\x00\x00\x00\x00\x00\x00\x00\x00\x00\x00\x00\xf5\x14t\xc1\x00\x00\x00\x00</data></match></read>
    <write><data>\x00\x00\x00\x00\x5e\xb0\x04\xfa\x00\x00\x00\x00\x01\x00\x00\x00\x01\x00\x00\x00\xd9\xfa.\x7c\xaf\x22C\xf6</data></write>
    <read><length>28</length><match><data>\x02\x00\x00\x00\x5e\xb0\x04\xfa\x00\x00\x00\x00\x00\x00\x00\x00\x00\x00\x00\x00\x00\x00\x00\x00\x00\x00\x00\x00</data></match></read>
    <write><data>\x00\x00\x00\x00\x5f\xb0\x04\xfa\x02\x00\x00\x00\x00\x00\x00\x00\x00\x00\x00\x00B\x93\x22\xb9\x1c\xf7\x00\x00</data></write>
    <read><length>28</length><match><data>\x01\x00\x00\x00\x5f\xb0\x04\xfa\x00\x00\x00\x00\x00\x00\x00\x00\x00\x00\x00\x000\x11\xaff\x00\x00\x00\x00</data></match></read>
    <write><data>\x03\x00\x00\x00\x60\xb0\x04\xfa\xff\x00\x00\x00\xff\x00\x00\x00\xff\x00\x00\x00\x00\x00\x00\x00\x00\x00\x00\x00</data></write>
</replay>
</pov>