<?xml version="1.0" standalone="no" ?>
<!DOCTYPE pov SYSTEM "/usr/share/cgc-docs/replay.dtd">
<pov>
<cbid>service</cbid>
<seed>ffc006bf387af6197e6f8603564f398cf84fea3c2b2126404787ed1c8005e6cd8fddc4734abc90c38bf9200067b9bba1</seed>
<replay>
    <write><data>\x01\x00\x00\x00?\x90\xe4j\x01\x00\x00\x00\x01\x00\x00\x00\x01\x00\x00\x00\xe11\x3d\xc0K\x29\x861</data></write>
    <read><length>28</length><match><data>\x02\x00\x00\x00?\x90\xe4j\x00\x00\x00\x00\x00\x00\x00\x00\x00\x00\x00\x00\x00\x00\x00\x00\x00\x00\x00\x00</data></match></read>
    <write><data>\x00\x00\x00\x00\x40\x90\xe4j\x00\x00\x00\x00\x00\x00\x00\x00\x00\x00\x00\x00\x00\x00\x00\x00z\xa7\x17:</data></write>
    <read><length>28</length><match><data>\x01\x00\x00\x00\x40\x90\xe4j\x00\x00\x00\x00\x00\x00\x00\x00\x00\x00\x00\x00z\xa7\x17:\x00\x00\x00\x00</data></match></read>
    <write><data>\x00\x00\x00\x00A\x90\xe4j\x02\x00\x00\x00\x01\x00\x00\x00\x00\x00\x00\x00\xb3\x2b\x03J\xd37\xbe\x7e</data></write>
    <read><length>28</length><match><data>\x02\x00\x00\x00A\x90\xe4j\x00\x00\x00\x00\x00\x00\x00\x00\x00\x00\x00\x00\x00\x00\x00\x00\x00\x00\x00\x00</data></match></read>
    <write><data>\x00\x00\x00\x00B\x90\xe4j\x00\x00\x00\x00\x00\x00\x00\x00\x00\x00\x00\x00\x00\x00\x00\x00M\xebF\x5b</data></write>
    <read><length>28</length><match><data>\x01\x00\x00\x00B\x90\xe4j\x00\x00\x00\x00\x00\x00\x00\x00\x00\x00\x00\x00M\xebF\x5b\x00\x00\x00\x00</data></match></read>
    <write><data>\x00\x00\x00\x00C\x90\xe4j\x02\x00\x00\x00\x00\x00\x00\x00\x00\x00\x00\x00wG\xcb\xe6\x04\x7c\x00\x00</data></write>
    <read><length>28</length><match><data>\x01\x00\x00\x00C\x90\xe4j\x00\x00\x00\x00\x00\x00\x00\x00\x00\x00\x00\x00\x82\xc8\xb4P\x00\x00\x00\x00</data></match></read>
    <write><data>\x00\x00\x00\x00D\x90\xe4j\x02\x00\x00\x00\x00\x00\x00\x00\x00\x00\x00\x00\x25\x9dG\x5el\x3c\x00\x00</data></write>
    <read><length>28</length><match><data>\x01\x00\x00\x00D\x90\xe4j\x00\x00\x00\x00\x00\x00\x00\x00\x00\x00\x00\x00\xbd\x2at\xfa\x00\x00\x00\x00</data></match></read>
    <write><data>\x00\x00\x00\x00E\x90\xe4j\x01\x00\x00\x00\x01\x00\x00\x00\x00\x00\x00\x00\x0c\xf0\xff\xb70\x88\x18S</data></write>
    <read><length>28</length><match><data>\x01\x00\x00\x00E\x90\xe4j\x00\x00\x00\x00\x00\x00\x00\x00\x00\x00\x00\x00\x00\x00\x00\x00\x00\x00\x00\x00</data></match></read>
    <write><data>\x00\x00\x00\x00F\x90\xe4j\x00\x00\x00\x00\x00\x00\x00\x00\x01\x00\x00\x00\xc2b\xa2\x5d\xec\x8d\x08\x08</data></write>
    <read><length>20</length><match><data>\x01\x00\x00\x00F\x90\xe4j\x00\x00\x00\x00\x00\x00\x00\x00\x00\x00\x00\x00</data></match></read>
    <read><length>4</length></read>
    <read><length>4</length><match><data>\x00\x00\x00\x00</data></match></read>
    <write><data>\x00\x00\x00\x00G\x90\xe4j\x01\x00\x00\x00\x01\x00\x00\x00\x00\x00\x00\x00\x00\xf0\xff\xb7\x9c\xb1M\xb0</data></write>
    <read><length>28</length><match><data>\x01\x00\x00\x00G\x90\xe4j\x00\x00\x00\x00\x00\x00\x00\x00\x00\x00\x00\x00\x00\x00\x00\x00\x00\x00\x00\x00</data></match></read>
    <write><data>\x00\x00\x00\x00H\x90\xe4j\x00\x00\x00\x00\x00\x00\x00\x00\x01\x00\x00\x00rdZ\x88\x80\xf2\xa8\xba</data></write>
    <read><length>20</length><match><data>\x01\x00\x00\x00H\x90\xe4j\x00\x00\x00\x00\x00\x00\x00\x00\x00\x00\x00\x00</data></match></read>
    <read><length>4</length></read>
    <read><length>4</length><match><data>\x00\x00\x00\x00</data></match></read>
    <write><data>\x00\x00\x00\x00I\x90\xe4j\x00\x00\x00\x00\x00\x00\x00\x00\x01\x00\x00\x00\x5ek\xe9\xb4\xb8\xc3GC</data></write>
    <read><length>28</length><match><data>\x02\x00\x00\x00I\x90\xe4j\x00\x00\x00\x00\x00\x00\x00\x00\x00\x00\x00\x00\x00\x00\x00\x00\x00\x00\x00\x00</data></match></read>
    <write><data>\x00\x00\x00\x00J\x90\xe4j\x02\x00\x00\x00\x00\x00\x00\x00\x00\x00\x00\x00\xdbZ1I\xe0\xa7\xd3\x7f</data></write>
    <read><length>28</length><match><data>\x02\x00\x00\x00J\x90\xe4j\x00\x00\x00\x00\x00\x00\x00\x00\x00\x00\x00\x00\x00\x00\x00\x00\x00\x00\x00\x00</data></match></read>
    <write><data>\x03\x00\x00\x00K\x90\xe4j\xff\x00\x00\x00\xff\x00\x00\x00\xff\x00\x00\x00\x00\x00\x00\x00\x00\x00\x00\x00</data></write>
</replay>
</pov>