<?xml version="1.0" standalone="no" ?>
<!DOCTYPE pov SYSTEM "/usr/share/cgc-docs/replay.dtd">
<pov>
<cbid>service</cbid>
<seed>757785d9b654cc673116eaf1552fe413b041e9b38e729683c473af64cb2d02dfe48146a86b9105b5273e56810dba6e9b</seed>
<replay>
    <write><data>\x00\x00\x00\x00\xfe2\x13\xfc\x02\x00\x00\x00\x00\x00\x00\x00\x01\x00\x00\x00\xfe\xbezO\x80\xc0\x00\x00</data></write>
    <read><length>28</length><match><data>\x01\x00\x00\x00\xfe2\x13\xfc\x00\x00\x00\x00\x00\x00\x00\x00\x00\x00\x00\x00\xba\x0f\x12\x81\x00\x00\x00\x00</data></match></read>
    <write><data>\x00\x00\x00\x00\xff2\x13\xfc\x02\x00\x00\x00\x00\x00\x00\x00\x01\x00\x00\x00z\x0dh\x80H\x0a\x00\x00</data></write>
    <read><length>28</length><match><data>\x01\x00\x00\x00\xff2\x13\xfc\x00\x00\x00\x00\x00\x00\x00\x00\x00\x00\x00\x00\xc5\xefOe\x00\x00\x00\x00</data></match></read>
    <write><data>\x00\x00\x00\x00\x003\x13\xfc\x00\x00\x00\x00\x00\x00\x00\x00\x00\x00\x00\x00\x00\x00\x00\x00\x5cc\xba\xc2</data></write>
    <read><length>28</length><match><data>\x01\x00\x00\x00\x003\x13\xfc\x00\x00\x00\x00\x00\x00\x00\x00\x00\x00\x00\x00\x5cc\xba\xc2\x00\x00\x00\x00</data></match></read>
    <write><data>\x00\x00\x00\x00\x013\x13\xfc\x01\x00\x00\x00\x00\x00\x00\x00\x00\x00\x00\x00\x00\x00\x00\x00\xf7\x1ez\x9c</data></write>
    <read><length>28</length><match><data>\x01\x00\x00\x00\x013\x13\xfc\x00\x00\x00\x00\x00\x00\x00\x00\x00\x00\x00\x00\xf7\x1ez\x9c\x00\x00\x00\x00</data></match></read>
    <write><data>\x00\x00\x00\x00\x023\x13\xfc\x01\x00\x00\x00\x00\x00\x00\x00\x00\x00\x00\x00\x00\x00\x00\x00\xe8W\xec\xbc</data></write>
    <read><length>28</length><match><data>\x01\x00\x00\x00\x023\x13\xfc\x00\x00\x00\x00\x00\x00\x00\x00\x00\x00\x00\x00\xe8W\xec\xbc\x00\x00\x00\x00</data></match></read>
    <write><data>\x00\x00\x00\x00\x033\x13\xfc\x01\x00\x00\x00\x00\x00\x00\x00\x01\x00\x00\x00\x00\x00\x00\x00\x08\xf0\xff\xb7</data></write>
    <read><length>28</length><match><data>\x01\x00\x00\x00\x033\x13\xfc\x00\x00\x00\x00\x00\x00\x00\x00\x00\x00\x00\x00\x00\x00\x00\x00\x00\x00\x00\x00</data></match></read>
    <write><data>\x00\x00\x00\x00\x043\x13\xfc\x00\x00\x00\x00\x00\x00\x00\x00\x00\x00\x00\x00\x00\x00\x00\x00\xf8\x0a\xf7\x83</data></write>
    <read><length>28</length><match><data>\x01\x00\x00\x00\x043\x13\xfc\x00\x00\x00\x00\x00\x00\x00\x00\x00\x00\x00\x00\xf8\x0a\xf7\x83\x00\x00\x00\x00</data></match></read>
    <write><data>\x00\x00\x00\x00\x053\x13\xfc\x00\x00\x00\x00\x00\x00\x00\x00\x01\x00\x00\x00\x13\x84\x1e\x27dG\x07\x08</data></write>
    <read><length>20</length><match><data>\x01\x00\x00\x00\x053\x13\xfc\x00\x00\x00\x00\x00\x00\x00\x00\x00\x00\x00\x00</data></match></read>
    <read><length>4</length></read>
    <read><length>4</length><match><data>\x00\x00\x00\x00</data></match></read>
    <write><data>\x00\x00\x00\x00\x063\x13\xfc\x00\x00\x00\x00\x00\x00\x00\x00\x00\x00\x00\x00\x00\x00\x00\x00\xbb\xd2\x92\xe8</data></write>
    <read><length>28</length><match><data>\x01\x00\x00\x00\x063\x13\xfc\x00\x00\x00\x00\x00\x00\x00\x00\x00\x00\x00\x00\xbb\xd2\x92\xe8\x00\x00\x00\x00</data></match></read>
    <write><data>\x00\x00\x00\x00\x073\x13\xfc\x00\x00\x00\x00\x00\x00\x00\x00\x01\x00\x00\x00\xe2\xac\xb01X\x07\x14\x08</data></write>
    <read><length>20</length><match><data>\x01\x00\x00\x00\x073\x13\xfc\x00\x00\x00\x00\x00\x00\x00\x00\x00\x00\x00\x00</data></match></read>
    <read><length>4</length></read>
    <read><length>4</length><match><data>\x00\x00\x00\x00</data></match></read>
    <write><data>\x00\x00\x00\x00\x083\x13\xfc\x00\x00\x00\x00\x00\x00\x00\x00\x01\x00\x00\x00\xc6\xcc\xeccq\xc9GC</data></write>
    <read><length>28</length><match><data>\x02\x00\x00\x00\x083\x13\xfc\x00\x00\x00\x00\x00\x00\x00\x00\x00\x00\x00\x00\x00\x00\x00\x00\x00\x00\x00\x00</data></match></read>
    <write><data>\x00\x00\x00\x00\x093\x13\xfc\x00\x00\x00\x00\x00\x00\x00\x00\x00\x00\x00\x00\x00\x00\x00\x00:\x7d\xd0\x60</data></write>
    <read><length>28</length><match><data>\x01\x00\x00\x00\x093\x13\xfc\x00\x00\x00\x00\x00\x00\x00\x00\x00\x00\x00\x00:\x7d\xd0\x60\x00\x00\x00\x00</data></match></read>
    <write><data>\x00\x00\x00\x00\x0a3\x13\xfc\x00\x00\x00\x00\x00\x00\x00\x00\x01\x00\x00\x00\x998\x7d\xe2h\xca\x08\x08</data></write>
    <read><length>20</length><match><data>\x01\x00\x00\x00\x0a3\x13\xfc\x00\x00\x00\x00\x00\x00\x00\x00\x00\x00\x00\x00</data></match></read>
    <read><length>4</length></read>
    <read><length>4</length><match><data>\x00\x00\x00\x00</data></match></read>
    <write><data>\x00\x00\x00\x00\x0b3\x13\xfc\x02\x00\x00\x00\x00\x00\x00\x00\x01\x00\x00\x00\x25\x40\xa9\x5e\x28m\x00\x00</data></write>
    <read><length>28</length><match><data>\x01\x00\x00\x00\x0b3\x13\xfc\x00\x00\x00\x00\x00\x00\x00\x00\x00\x00\x00\x00\xc7\x07\x85\x60\x00\x00\x00\x00</data></match></read>
    <write><data>\x00\x00\x00\x00\x0c3\x13\xfc\x00\x00\x00\x00\x00\x00\x00\x00\x00\x00\x00\x00\x00\x00\x00\x00iF\xe8\xe1</data></write>
    <read><length>28</length><match><data>\x01\x00\x00\x00\x0c3\x13\xfc\x00\x00\x00\x00\x00\x00\x00\x00\x00\x00\x00\x00iF\xe8\xe1\x00\x00\x00\x00</data></match></read>
    <write><data>\x00\x00\x00\x00\x0d3\x13\xfc\x02\x00\x00\x00\x00\x00\x00\x00\x00\x00\x00\x00\x2b\xab\x08\xff b\x00\x00</data></write>
    <read><length>28</length><match><data>\x01\x00\x00\x00\x0d3\x13\xfc\x00\x00\x00\x00\x00\x00\x00\x00\x00\x00\x00\x00C\x0dG\xd9\x00\x00\x00\x00</data></match></read>
    <write><data>\x01\x00\x00\x00\x0e3\x13\xfc\x00\x00\x00\x00\x01\x00\x00\x00\x01\x00\x00\x00\x16\xd2\x2fV\x94\xcbG\x0a</data></write>
    <read><length>28</length><match><data>\x02\x00\x00\x00\x0e3\x13\xfc\x00\x00\x00\x00\x00\x00\x00\x00\x00\x00\x00\x00\x00\x00\x00\x00\x00\x00\x00\x00</data></match></read>
    <write><data>\x00\x00\x00\x00\x0f3\x13\xfc\x00\x00\x00\x00\x00\x00\x00\x00\x01\x00\x00\x00\xe79W\xf4\x1c\x87\xa9\xba</data></write>
    <read><length>20</length><match><data>\x01\x00\x00\x00\x0f3\x13\xfc\x00\x00\x00\x00\x00\x00\x00\x00\x00\x00\x00\x00</data></match></read>
    <read><length>4</length></read>
    <read><length>4</length><match><data>\x00\x00\x00\x00</data></match></read>
    <write><data>\x00\x00\x00\x00\x103\x13\xfc\x00\x00\x00\x00\x00\x00\x00\x00\x00\x00\x00\x00\x00\x00\x00\x00\x07\x15\x7e\xc2</data></write>
    <read><length>28</length><match><data>\x01\x00\x00\x00\x103\x13\xfc\x00\x00\x00\x00\x00\x00\x00\x00\x00\x00\x00\x00\x07\x15\x7e\xc2\x00\x00\x00\x00</data></match></read>
    <write><data>\x00\x00\x00\x00\x113\x13\xfc\x00\x00\x00\x00\x00\x00\x00\x00\x01\x00\x00\x00s\x84T\x40\xc4\xdb\x0b\x08</data></write>
    <read><length>20</length><match><data>\x01\x00\x00\x00\x113\x13\xfc\x00\x00\x00\x00\x00\x00\x00\x00\x00\x00\x00\x00</data></match></read>
    <read><length>4</length></read>
    <read><length>4</length><match><data>\x00\x00\x00\x00</data></match></read>
    <write><data>\x00\x00\x00\x00\x123\x13\xfc\x00\x00\x00\x00\x00\x00\x00\x00\x01\x00\x00\x00vF\xff6H!\xaa\xba</data></write>
    <read><length>20</length><match><data>\x01\x00\x00\x00\x123\x13\xfc\x00\x00\x00\x00\x00\x00\x00\x00\x00\x00\x00\x00</data></match></read>
    <read><length>4</length></read>
    <read><length>4</length><match><data>\x00\x00\x00\x00</data></match></read>
    <write><data>\x00\x00\x00\x00\x133\x13\xfc\x01\x00\x00\x00\x00\x00\x00\x00\x01\x00\x00\x00\x00\x00\x00\x00\x0c\xf0\xff\xb7</data></write>
    <read><length>28</length><match><data>\x01\x00\x00\x00\x133\x13\xfc\x00\x00\x00\x00\x00\x00\x00\x00\x00\x00\x00\x00\x00\x00\x00\x00\x00\x00\x00\x00</data></match></read>
    <write><data>\x00\x00\x00\x00\x143\x13\xfc\x01\x00\x00\x00\x00\x00\x00\x00\x00\x00\x00\x00\x00\x00\x00\x00.\x2d4\xd3</data></write>
    <read><length>28</length><match><data>\x01\x00\x00\x00\x143\x13\xfc\x00\x00\x00\x00\x00\x00\x00\x00\x00\x00\x00\x00.\x2d4\xd3\x00\x00\x00\x00</data></match></read>
    <write><data>\x00\x00\x00\x00\x153\x13\xfc\x02\x00\x00\x00\x01\x00\x00\x00\x00\x00\x00\x00\x8a\x0e\xca\x2cI\xf3\xea\x29</data></write>
    <read><length>28</length><match><data>\x02\x00\x00\x00\x153\x13\xfc\x00\x00\x00\x00\x00\x00\x00\x00\x00\x00\x00\x00\x00\x00\x00\x00\x00\x00\x00\x00</data></match></read>
    <write><data>\x00\x00\x00\x00\x163\x13\xfc\x01\x00\x00\x00\x01\x00\x00\x00\x00\x00\x00\x00\x00\xf0\xff\xb7\xae\x0f\xee\x82</data></write>
    <read><length>28</length><match><data>\x01\x00\x00\x00\x163\x13\xfc\x00\x00\x00\x00\x00\x00\x00\x00\x00\x00\x00\x00\x00\x00\x00\x00\x00\x00\x00\x00</data></match></read>
    <write><data>\x00\x00\x00\x00\x173\x13\xfc\x01\x00\x00\x00\x01\x00\x00\x00\x00\x00\x00\x00\x00\xf0\xff\xb7\xebE\xefx</data></write>
    <read><length>28</length><match><data>\x01\x00\x00\x00\x173\x13\xfc\x00\x00\x00\x00\x00\x00\x00\x00\x00\x00\x00\x00\x00\x00\x00\x00\x00\x00\x00\x00</data></match></read>
    <write><data>\x00\x00\x00\x00\x183\x13\xfc\x00\x00\x00\x00\x00\x00\x00\x00\x01\x00\x00\x00\x94\x9e\xa7\xa2\xf3\xc6GC</data></write>
    <read><length>28</length><match><data>\x02\x00\x00\x00\x183\x13\xfc\x00\x00\x00\x00\x00\x00\x00\x00\x00\x00\x00\x00\x00\x00\x00\x00\x00\x00\x00\x00</data></match></read>
    <write><data>\x00\x00\x00\x00\x193\x13\xfc\x00\x00\x00\x00\x00\x00\x00\x00\x01\x00\x00\x00\xe4\xa0\x14\x0f\x1c\x80\x0e\x08</data></write>
    <read><length>20</length><match><data>\x01\x00\x00\x00\x193\x13\xfc\x00\x00\x00\x00\x00\x00\x00\x00\x00\x00\x00\x00</data></match></read>
    <read><length>4</length></read>
    <read><length>4</length><match><data>\x00\x00\x00\x00</data></match></read>
    <write><data>\x00\x00\x00\x00\x1a3\x13\xfc\x02\x00\x00\x00\x00\x00\x00\x00\x00\x00\x00\x00\x0c\x01\x8aYl\xbd\x00\x00</data></write>
    <read><length>28</length><match><data>\x01\x00\x00\x00\x1a3\x13\xfc\x00\x00\x00\x00\x00\x00\x00\x00\x00\x00\x00\x00\xbag\xb4\x7c\x00\x00\x00\x00</data></match></read>
    <write><data>\x00\x00\x00\x00\x1b3\x13\xfc\x01\x00\x00\x00\x01\x00\x00\x00\x00\x00\x00\x00\x08\xf0\xff\xb7\xc8\x89\x02\xa5</data></write>
    <read><length>28</length><match><data>\x01\x00\x00\x00\x1b3\x13\xfc\x00\x00\x00\x00\x00\x00\x00\x00\x00\x00\x00\x00\x00\x00\x00\x00\x00\x00\x00\x00</data></match></read>
    <write><data>\x00\x00\x00\x00\x1c3\x13\xfc\x02\x00\x00\x00\x00\x00\x00\x00\x01\x00\x00\x00\xb6\xc5I\xf6\x18\xa3\x00\x00</data></write>
    <read><length>28</length><match><data>\x01\x00\x00\x00\x1c3\x13\xfc\x00\x00\x00\x00\x00\x00\x00\x00\x00\x00\x00\x00\xb0\x05\x06\x06\x00\x00\x00\x00</data></match></read>
    <write><data>\x00\x00\x00\x00\x1d3\x13\xfc\x01\x00\x00\x00\x01\x00\x00\x00\x01\x00\x00\x00U\xb1Wn\xd4\x26\x1fE</data></write>
    <read><length>28</length><match><data>\x02\x00\x00\x00\x1d3\x13\xfc\x00\x00\x00\x00\x00\x00\x00\x00\x00\x00\x00\x00\x00\x00\x00\x00\x00\x00\x00\x00</data></match></read>
    <write><data>\x00\x00\x00\x00\x1e3\x13\xfc\x00\x00\x00\x00\x00\x00\x00\x00\x00\x00\x00\x00\x00\x00\x00\x00E\xf4\x8e\xed</data></write>
    <read><length>28</length><match><data>\x01\x00\x00\x00\x1e3\x13\xfc\x00\x00\x00\x00\x00\x00\x00\x00\x00\x00\x00\x00E\xf4\x8e\xed\x00\x00\x00\x00</data></match></read>
    <write><data>\x00\x00\x00\x00\x1f3\x13\xfc\x00\x00\x00\x00\x00\x00\x00\x00\x01\x00\x00\x00\xe1\xea\x90\xde\x17\xcbGC</data></write>
    <read><length>28</length><match><data>\x02\x00\x00\x00\x1f3\x13\xfc\x00\x00\x00\x00\x00\x00\x00\x00\x00\x00\x00\x00\x00\x00\x00\x00\x00\x00\x00\x00</data></match></read>
    <write><data>\x00\x00\x00\x00 3\x13\xfc\x02\x00\x00\x00\x00\x00\x00\x00\x01\x00\x00\x00\x60H\xbb\xa7\xc0\xba\x00\x00</data></write>
    <read><length>28</length><match><data>\x01\x00\x00\x00 3\x13\xfc\x00\x00\x00\x00\x00\x00\x00\x00\x00\x00\x00\x0020D\xd7\x00\x00\x00\x00</data></match></read>
    <write><data>\x00\x00\x00\x00!3\x13\xfc\x00\x00\x00\x00\x00\x00\x00\x00\x01\x00\x00\x00\xb6\x905xD\xaf\xa9\xba</data></write>
    <read><length>20</length><match><data>\x01\x00\x00\x00!3\x13\xfc\x00\x00\x00\x00\x00\x00\x00\x00\x00\x00\x00\x00</data></match></read>
    <read><length>4</length></read>
    <read><length>4</length><match><data>\x00\x00\x00\x00</data></match></read>
    <write><data>\x00\x00\x00\x00\x223\x13\xfc\x00\x00\x00\x00\x01\x00\x00\x00\x01\x00\x00\x00\x9d\x9d\xd7\x01w\xda\xef\x87</data></write>
    <read><length>28</length><match><data>\x02\x00\x00\x00\x223\x13\xfc\x00\x00\x00\x00\x00\x00\x00\x00\x00\x00\x00\x00\x00\x00\x00\x00\x00\x00\x00\x00</data></match></read>
    <write><data>\x00\x00\x00\x00\x233\x13\xfc\x00\x00\x00\x00\x00\x00\x00\x00\x00\x00\x00\x00\x00\x00\x00\x00\xecG\xdd\xf3</data></write>
    <read><length>28</length><match><data>\x01\x00\x00\x00\x233\x13\xfc\x00\x00\x00\x00\x00\x00\x00\x00\x00\x00\x00\x00\xecG\xdd\xf3\x00\x00\x00\x00</data></match></read>
    <write><data>\x00\x00\x00\x00\x243\x13\xfc\x02\x00\x00\x00\x00\x00\x00\x00\x00\x00\x00\x00\xe9\x12H\x1c\xc0\xae\x00\x00</data></write>
    <read><length>28</length><match><data>\x01\x00\x00\x00\x243\x13\xfc\x00\x00\x00\x00\x00\x00\x00\x00\x00\x00\x00\x00\x1f??\xe6\x00\x00\x00\x00</data></match></read>
    <write><data>\x00\x00\x00\x00\x253\x13\xfc\x01\x00\x00\x00\x01\x00\x00\x00\x00\x00\x00\x00\x00\xf0\xff\xb7\xceSW\xdd</data></write>
    <read><length>28</length><match><data>\x01\x00\x00\x00\x253\x13\xfc\x00\x00\x00\x00\x00\x00\x00\x00\x00\x00\x00\x00\x00\x00\x00\x00\x00\x00\x00\x00</data></match></read>
    <write><data>\x00\x00\x00\x00\x263\x13\xfc\x00\x00\x00\x00\x01\x00\x00\x00\x01\x00\x00\x00G\xb8\xef\xb9o\x5c\xf8\x95</data></write>
    <read><length>28</length><match><data>\x02\x00\x00\x00\x263\x13\xfc\x00\x00\x00\x00\x00\x00\x00\x00\x00\x00\x00\x00\x00\x00\x00\x00\x00\x00\x00\x00</data></match></read>
    <write><data>\x00\x00\x00\x00\x273\x13\xfc\x01\x00\x00\x00\x00\x00\x00\x00\x01\x00\x00\x00\x7eo\xcb\xa8\x19j\x1cF</data></write>
    <read><length>28</length><match><data>\x02\x00\x00\x00\x273\x13\xfc\x00\x00\x00\x00\x00\x00\x00\x00\x00\x00\x00\x00\x00\x00\x00\x00\x00\x00\x00\x00</data></match></read>
    <write><data>\x00\x00\x00\x00\x283\x13\xfc\x00\x00\x00\x00\x00\x00\x00\x00\x00\x00\x00\x00\x00\x00\x00\x00\xcf\xd5\x83Z</data></write>
    <read><length>28</length><match><data>\x01\x00\x00\x00\x283\x13\xfc\x00\x00\x00\x00\x00\x00\x00\x00\x00\x00\x00\x00\xcf\xd5\x83Z\x00\x00\x00\x00</data></match></read>
    <write><data>\x00\x00\x00\x00\x293\x13\xfc\x02\x00\x00\x00\x00\x00\x00\x00\x00\x00\x00\x00\xf9\x8aO\xbc\x98\x93\x00\x00</data></write>
    <read><length>28</length><match><data>\x01\x00\x00\x00\x293\x13\xfc\x00\x00\x00\x00\x00\x00\x00\x00\x00\x00\x00\x00?\x85\xf7\x22\x00\x00\x00\x00</data></match></read>
    <write><data>\x03\x00\x00\x00\x2a3\x13\xfc\xff\x00\x00\x00\xff\x00\x00\x00\xff\x00\x00\x00\x00\x00\x00\x00\x00\x00\x00\x00</data></write>
</replay>
</pov>