<?xml version="1.0" standalone="no" ?>
<!DOCTYPE pov SYSTEM "/usr/share/cgc-docs/replay.dtd">
<pov>
<cbid>service</cbid>
<seed>47151384b3d73cc15495126f8675634fd9c53abe0f9f2db19ecc8c5e30f01cb29562c265e4c82fbf19c3405a57f682a0</seed>
<replay>
    <write><data>\x00\x00\x00\x00\x5b\xb4\x94\x22\x00\x00\x00\x00\x00\x00\x00\x00\x00\x00\x00\x00\x00\x00\x00\x00E\xe1\x8b6</data></write>
    <read><length>28</length><match><data>\x01\x00\x00\x00\x5b\xb4\x94\x22\x00\x00\x00\x00\x00\x00\x00\x00\x00\x00\x00\x00E\xe1\x8b6\x00\x00\x00\x00</data></match></read>
    <write><data>\x00\x00\x00\x00\x5c\xb4\x94\x22\x01\x00\x00\x00\x01\x00\x00\x00\x01\x00\x00\x00\x0c\xf0\xff\xb7\x0c\xf0\xff\xb7</data></write>
    <read><length>28</length><match><data>\x01\x00\x00\x00\x5c\xb4\x94\x22\x00\x00\x00\x00\x00\x00\x00\x00\x00\x00\x00\x00\x00\x00\x00\x00\x00\x00\x00\x00</data></match></read>
    <write><data>\x00\x00\x00\x00\x5d\xb4\x94\x22\x02\x00\x00\x00\x00\x00\x00\x00\x01\x00\x00\x00\xb7wj\x99\x7ck\x00\x00</data></write>
    <read><length>28</length><match><data>\x01\x00\x00\x00\x5d\xb4\x94\x22\x00\x00\x00\x00\x00\x00\x00\x00\x00\x00\x00\x00\x8d\x3c\xa9\x8b\x00\x00\x00\x00</data></match></read>
    <write><data>\x00\x00\x00\x00\x5e\xb4\x94\x22\x00\x00\x00\x00\x00\x00\x00\x00\x01\x00\x00\x00\x3e\xe8\x12\x24\x2c\x40\x0a\x08</data></write>
    <read><length>20</length><match><data>\x01\x00\x00\x00\x5e\xb4\x94\x22\x00\x00\x00\x00\x00\x00\x00\x00\x00\x00\x00\x00</data></match></read>
    <read><length>4</length></read>
    <read><length>4</length><match><data>\x00\x00\x00\x00</data></match></read>
    <write><data>\x00\x00\x00\x00\x5f\xb4\x94\x22\x00\x00\x00\x00\x00\x00\x00\x00\x01\x00\x00\x00\x8b\x849!\xec\xa2\x05\x08</data></write>
    <read><length>20</length><match><data>\x01\x00\x00\x00\x5f\xb4\x94\x22\x00\x00\x00\x00\x00\x00\x00\x00\x00\x00\x00\x00</data></match></read>
    <read><length>4</length></read>
    <read><length>4</length><match><data>\x00\x00\x00\x00</data></match></read>
    <write><data>\x00\x00\x00\x00\x60\xb4\x94\x22\x00\x00\x00\x00\x00\x00\x00\x00\x00\x00\x00\x00\x00\x00\x00\x00\xe8\x40\x80\x0c</data></write>
    <read><length>28</length><match><data>\x01\x00\x00\x00\x60\xb4\x94\x22\x00\x00\x00\x00\x00\x00\x00\x00\x00\x00\x00\x00\xe8\x40\x80\x0c\x00\x00\x00\x00</data></match></read>
    <write><data>\x03\x00\x00\x00a\xb4\x94\x22\xff\x00\x00\x00\xff\x00\x00\x00\xff\x00\x00\x00\x00\x00\x00\x00\x00\x00\x00\x00</data></write>
</replay>
</pov>