<?xml version="1.0" standalone="no" ?>
<!DOCTYPE pov SYSTEM "/usr/share/cgc-docs/replay.dtd">
<pov>
<cbid>service</cbid>
<seed>246e7d0f87c4df68596d19522c6c37f1512d218fee285a2423049c6eac9b8a41915ddeb04342548bb3d9c33106cdaa29</seed>
<replay>
    <write><data>\x00\x00\x00\x00\xb23\xbb\x9d\x00\x00\x00\x00\x00\x00\x00\x00\x01\x00\x00\x009\xb7g\xf8\xe4\x3e\x09\x08</data></write>
    <read><length>20</length><match><data>\x01\x00\x00\x00\xb23\xbb\x9d\x00\x00\x00\x00\x00\x00\x00\x00\x00\x00\x00\x00</data></match></read>
    <read><length>4</length></read>
    <read><length>4</length><match><data>\x00\x00\x00\x00</data></match></read>
    <write><data>\x01\x00\x00\x00\xb33\xbb\x9d\x03\x00\x00\x00\x01\x00\x00\x00\x00\x00\x00\x00\xb3X\x5c\xc2\xca\xa7\xcf\xbc</data></write>
    <read><length>28</length><match><data>\x02\x00\x00\x00\xb33\xbb\x9d\x00\x00\x00\x00\x00\x00\x00\x00\x00\x00\x00\x00\x00\x00\x00\x00\x00\x00\x00\x00</data></match></read>
    <write><data>\x00\x00\x00\x00\xb43\xbb\x9d\x02\x00\x00\x00\x00\x00\x00\x00\x01\x00\x00\x00\x88\x9d\xc8\xed\x00\xa4\x00\x00</data></write>
    <read><length>28</length><match><data>\x01\x00\x00\x00\xb43\xbb\x9d\x00\x00\x00\x00\x00\x00\x00\x00\x00\x00\x00\x00\x1dFW\xb7\x00\x00\x00\x00</data></match></read>
    <write><data>\x00\x00\x00\x00\xb53\xbb\x9d\x00\x00\x00\x00\x00\x00\x00\x00\x00\x00\x00\x00\x00\x00\x00\x00\xb3\x92C\xf3</data></write>
    <read><length>28</length><match><data>\x01\x00\x00\x00\xb53\xbb\x9d\x00\x00\x00\x00\x00\x00\x00\x00\x00\x00\x00\x00\xb3\x92C\xf3\x00\x00\x00\x00</data></match></read>
    <write><data>\x00\x00\x00\x00\xb63\xbb\x9d\x02\x00\x00\x00\x00\x00\x00\x00\x00\x00\x00\x00\xe5\xee\x14\xb9\x00K\x00\x00</data></write>
    <read><length>28</length><match><data>\x01\x00\x00\x00\xb63\xbb\x9d\x00\x00\x00\x00\x00\x00\x00\x00\x00\x00\x00\x00\x2bh2\xb7\x00\x00\x00\x00</data></match></read>
    <write><data>\x00\x00\x00\x00\xb73\xbb\x9d\x02\x00\x00\x00\x00\x00\x00\x00\x00\x00\x00\x00N\xfe\xc1\x07D\x8a\x00\x00</data></write>
    <read><length>28</length><match><data>\x01\x00\x00\x00\xb73\xbb\x9d\x00\x00\x00\x00\x00\x00\x00\x00\x00\x00\x00\x00\x84\xa3\xa6\xbb\x00\x00\x00\x00</data></match></read>
    <write><data>\x00\x00\x00\x00\xb83\xbb\x9d\x02\x00\x00\x00\x00\x00\x00\x00\x01\x00\x00\x00\x88\x84U\xb5P\x0e\x00\x00</data></write>
    <read><length>28</length><match><data>\x01\x00\x00\x00\xb83\xbb\x9d\x00\x00\x00\x00\x00\x00\x00\x00\x00\x00\x00\x00S\x2c\x0eF\x00\x00\x00\x00</data></match></read>
    <write><data>\x00\x00\x00\x00\xb93\xbb\x9d\x00\x00\x00\x00\x00\x00\x00\x00\x01\x00\x00\x00\x11\xa7\xe5\xe7 0\xaa\xba</data></write>
    <read><length>20</length><match><data>\x01\x00\x00\x00\xb93\xbb\x9d\x00\x00\x00\x00\x00\x00\x00\x00\x00\x00\x00\x00</data></match></read>
    <read><length>4</length></read>
    <read><length>4</length><match><data>\x00\x00\x00\x00</data></match></read>
    <write><data>\x00\x00\x00\x00\xba3\xbb\x9d\x01\x00\x00\x00\x01\x00\x00\x00\x01\x00\x00\x00\x00\xf0\xff\xb7\x08\xf0\xff\xb7</data></write>
    <read><length>28</length><match><data>\x01\x00\x00\x00\xba3\xbb\x9d\x00\x00\x00\x00\x00\x00\x00\x00\x00\x00\x00\x00\x00\x00\x00\x00\x00\x00\x00\x00</data></match></read>
    <write><data>\x00\x00\x00\x00\xbb3\xbb\x9d\x00\x00\x00\x00\x00\x00\x00\x00\x01\x00\x00\x00\x91D\xc9\x14\xa8\xcfGC</data></write>
    <read><length>28</length><match><data>\x02\x00\x00\x00\xbb3\xbb\x9d\x00\x00\x00\x00\x00\x00\x00\x00\x00\x00\x00\x00\x00\x00\x00\x00\x00\x00\x00\x00</data></match></read>
    <write><data>\x00\x00\x00\x00\xbc3\xbb\x9d\x01\x00\x00\x00\x01\x00\x00\x00\x01\x00\x00\x00\x04\xf0\xff\xb7\x00\xf0\xff\xb7</data></write>
    <read><length>28</length><match><data>\x01\x00\x00\x00\xbc3\xbb\x9d\x00\x00\x00\x00\x00\x00\x00\x00\x00\x00\x00\x00\x00\x00\x00\x00\x00\x00\x00\x00</data></match></read>
    <write><data>\x00\x00\x00\x00\xbd3\xbb\x9d\x01\x00\x00\x00\x00\x00\x00\x00\x01\x00\x00\x00\x00\x00\x00\x00\x00\xf0\xff\xb7</data></write>
    <read><length>28</length><match><data>\x01\x00\x00\x00\xbd3\xbb\x9d\x00\x00\x00\x00\x00\x00\x00\x00\x00\x00\x00\x00\x00\x00\x00\x00\x00\x00\x00\x00</data></match></read>
    <write><data>\x00\x00\x00\x00\xbe3\xbb\x9d\x01\x00\x00\x00\x00\x00\x00\x00\x01\x00\x00\x00\x00\x00\x00\x00\x04\xf0\xff\xb7</data></write>
    <read><length>28</length><match><data>\x01\x00\x00\x00\xbe3\xbb\x9d\x00\x00\x00\x00\x00\x00\x00\x00\x00\x00\x00\x00\x00\x00\x00\x00\x00\x00\x00\x00</data></match></read>
    <write><data>\x00\x00\x00\x00\xbf3\xbb\x9d\x00\x00\x00\x00\x00\x00\x00\x00\x01\x00\x00\x00\x83\xa10\xab\x1c\xa6\x0e\x08</data></write>
    <read><length>20</length><match><data>\x01\x00\x00\x00\xbf3\xbb\x9d\x00\x00\x00\x00\x00\x00\x00\x00\x00\x00\x00\x00</data></match></read>
    <read><length>4</length></read>
    <read><length>4</length><match><data>\x00\x00\x00\x00</data></match></read>
    <write><data>\x00\x00\x00\x00\xc03\xbb\x9d\x01\x00\x00\x00\x00\x00\x00\x00\x01\x00\x00\x00\x00\x00\x00\x00\x00\xf0\xff\xb7</data></write>
    <read><length>28</length><match><data>\x01\x00\x00\x00\xc03\xbb\x9d\x00\x00\x00\x00\x00\x00\x00\x00\x00\x00\x00\x00\x00\x00\x00\x00\x00\x00\x00\x00</data></match></read>
    <write><data>\x01\x00\x00\x00\xc13\xbb\x9d\x01\x00\x00\x00\x00\x00\x00\x00\x00\x00\x00\x00\x28S\x8e\x88\x11\x0b\x1a\xe2</data></write>
    <read><length>28</length><match><data>\x02\x00\x00\x00\xc13\xbb\x9d\x00\x00\x00\x00\x00\x00\x00\x00\x00\x00\x00\x00\x00\x00\x00\x00\x00\x00\x00\x00</data></match></read>
    <write><data>\x00\x00\x00\x00\xc23\xbb\x9d\x01\x00\x00\x00\x00\x00\x00\x00\x01\x00\x00\x00\x00\x00\x00\x00\x0c\xf0\xff\xb7</data></write>
    <read><length>28</length><match><data>\x01\x00\x00\x00\xc23\xbb\x9d\x00\x00\x00\x00\x00\x00\x00\x00\x00\x00\x00\x00\x00\x00\x00\x00\x00\x00\x00\x00</data></match></read>
    <write><data>\x00\x00\x00\x00\xc33\xbb\x9d\x01\x00\x00\x00\x01\x00\x00\x00\x01\x00\x00\x00\x17\x5bx\xa3\xd5\x9fS\xfb</data></write>
    <read><length>28</length><match><data>\x02\x00\x00\x00\xc33\xbb\x9d\x00\x00\x00\x00\x00\x00\x00\x00\x00\x00\x00\x00\x00\x00\x00\x00\x00\x00\x00\x00</data></match></read>
    <write><data>\x00\x00\x00\x00\xc43\xbb\x9d\x00\x00\x00\x00\x00\x00\x00\x00\x00\x00\x00\x00\x00\x00\x00\x00yc\xdc\xaa</data></write>
    <read><length>28</length><match><data>\x01\x00\x00\x00\xc43\xbb\x9d\x00\x00\x00\x00\x00\x00\x00\x00\x00\x00\x00\x00yc\xdc\xaa\x00\x00\x00\x00</data></match></read>
    <write><data>\x01\x00\x00\x00\xc53\xbb\x9d\x00\x00\x00\x00\x01\x00\x00\x00\x00\x00\x00\x00\x24\x3d\x9b\xf6Fu\x03\x8f</data></write>
    <read><length>28</length><match><data>\x02\x00\x00\x00\xc53\xbb\x9d\x00\x00\x00\x00\x00\x00\x00\x00\x00\x00\x00\x00\x00\x00\x00\x00\x00\x00\x00\x00</data></match></read>
    <write><data>\x00\x00\x00\x00\xc63\xbb\x9d\x02\x00\x00\x00\x00\x00\x00\x00\x00\x00\x00\x00\x88\xec\x8a7\x1c\xbf\x00\x00</data></write>
    <read><length>28</length><match><data>\x01\x00\x00\x00\xc63\xbb\x9d\x00\x00\x00\x00\x00\x00\x00\x00\x00\x00\x00\x00\x2f\x9eG\x26\x00\x00\x00\x00</data></match></read>
    <write><data>\x00\x00\x00\x00\xc73\xbb\x9d\x02\x00\x00\x00\x00\x00\x00\x00\x01\x00\x00\x00\x0e\xa3\x11\xb3H\x27\x00\x00</data></write>
    <read><length>28</length><match><data>\x01\x00\x00\x00\xc73\xbb\x9d\x00\x00\x00\x00\x00\x00\x00\x00\x00\x00\x00\x00\x08\x04\xe9\xdd\x00\x00\x00\x00</data></match></read>
    <write><data>\x00\x00\x00\x00\xc83\xbb\x9d\x02\x00\x00\x00\x00\x00\x00\x00\x01\x00\x00\x00Pc\x2a\x89\xe89\x00\x00</data></write>
    <read><length>28</length><match><data>\x01\x00\x00\x00\xc83\xbb\x9d\x00\x00\x00\x00\x00\x00\x00\x00\x00\x00\x00\x00\x88\xe7\x02\x0e\x00\x00\x00\x00</data></match></read>
    <write><data>\x00\x00\x00\x00\xc93\xbb\x9d\x01\x00\x00\x00\x00\x00\x00\x00\x01\x00\x00\x00s\xa1z\x83\xacD73</data></write>
    <read><length>28</length><match><data>\x02\x00\x00\x00\xc93\xbb\x9d\x00\x00\x00\x00\x00\x00\x00\x00\x00\x00\x00\x00\x00\x00\x00\x00\x00\x00\x00\x00</data></match></read>
    <write><data>\x00\x00\x00\x00\xca3\xbb\x9d\x02\x00\x00\x00\x00\x00\x00\x00\x01\x00\x00\x00\xd0\xb7B\x0ca\x91\xe8g</data></write>
    <read><length>28</length><match><data>\x02\x00\x00\x00\xca3\xbb\x9d\x00\x00\x00\x00\x00\x00\x00\x00\x00\x00\x00\x00\x00\x00\x00\x00\x00\x00\x00\x00</data></match></read>
    <write><data>\x00\x00\x00\x00\xcb3\xbb\x9d\x02\x00\x00\x00\x00\x00\x00\x00\x01\x00\x00\x00M\xc0\x8e\x81\xfd\x7f\x1b9</data></write>
    <read><length>28</length><match><data>\x02\x00\x00\x00\xcb3\xbb\x9d\x00\x00\x00\x00\x00\x00\x00\x00\x00\x00\x00\x00\x00\x00\x00\x00\x00\x00\x00\x00</data></match></read>
    <write><data>\x00\x00\x00\x00\xcc3\xbb\x9d\x02\x00\x00\x00\x00\x00\x00\x00\x01\x00\x00\x00\xac\xa3\x22\x09T\x04\x00\x00</data></write>
    <read><length>28</length><match><data>\x01\x00\x00\x00\xcc3\xbb\x9d\x00\x00\x00\x00\x00\x00\x00\x00\x00\x00\x00\x00\xcb\xdf:\x1e\x00\x00\x00\x00</data></match></read>
    <write><data>\x00\x00\x00\x00\xcd3\xbb\x9d\x00\x00\x00\x00\x00\x00\x00\x00\x01\x00\x00\x00\x81F0y\xa81\x0c\x08</data></write>
    <read><length>20</length><match><data>\x01\x00\x00\x00\xcd3\xbb\x9d\x00\x00\x00\x00\x00\x00\x00\x00\x00\x00\x00\x00</data></match></read>
    <read><length>4</length></read>
    <read><length>4</length><match><data>\x00\x00\x00\x00</data></match></read>
    <write><data>\x00\x00\x00\x00\xce3\xbb\x9d\x02\x00\x00\x00\x00\x00\x00\x00\x01\x00\x00\x00\x9d.P\x85h\x92\x00\x00</data></write>
    <read><length>28</length><match><data>\x01\x00\x00\x00\xce3\xbb\x9d\x00\x00\x00\x00\x00\x00\x00\x00\x00\x00\x00\x006\x5f\x09\x15\x00\x00\x00\x00</data></match></read>
    <write><data>\x00\x00\x00\x00\xcf3\xbb\x9d\x02\x00\x00\x00\x00\x00\x00\x00\x00\x00\x00\x00\xfb\xf6\xe7\xf0\xdc\xe8\x00\x00</data></write>
    <read><length>28</length><match><data>\x01\x00\x00\x00\xcf3\xbb\x9d\x00\x00\x00\x00\x00\x00\x00\x00\x00\x00\x00\x00\xe3?\x2a\x7e\x00\x00\x00\x00</data></match></read>
    <write><data>\x00\x00\x00\x00\xd03\xbb\x9d\x00\x00\x00\x00\x00\x00\x00\x00\x01\x00\x00\x00\x07\x40\xe13 n\xa9\xba</data></write>
    <read><length>20</length><match><data>\x01\x00\x00\x00\xd03\xbb\x9d\x00\x00\x00\x00\x00\x00\x00\x00\x00\x00\x00\x00</data></match></read>
    <read><length>4</length></read>
    <read><length>4</length><match><data>\x00\x00\x00\x00</data></match></read>
    <write><data>\x00\x00\x00\x00\xd13\xbb\x9d\x02\x00\x00\x00\x00\x00\x00\x00\x01\x00\x00\x00L\xfaF\x82D\x5f\x00\x00</data></write>
    <read><length>28</length><match><data>\x01\x00\x00\x00\xd13\xbb\x9d\x00\x00\x00\x00\x00\x00\x00\x00\x00\x00\x00\x00\xdc\xac\xe7\xf6\x00\x00\x00\x00</data></match></read>
    <write><data>\x03\x00\x00\x00\xd23\xbb\x9d\xff\x00\x00\x00\xff\x00\x00\x00\xff\x00\x00\x00\x00\x00\x00\x00\x00\x00\x00\x00</data></write>
</replay>
</pov>