<?xml version="1.0" standalone="no" ?>
<!DOCTYPE pov SYSTEM "/usr/share/cgc-docs/replay.dtd">
<pov>
<cbid>service</cbid>
<seed>3440fce2f60b46bbf148bc6e4d196dec159af0701bfe6d86e8f4de6ae5dda6a34450c3849b520fa94e925d3a0f4be9c4</seed>
<replay>
    <write><data>\x00\x00\x00\x00\x86\xa1\xac4\x00\x00\x00\x00\x00\x00\x00\x00\x01\x00\x00\x00\xf4\x19\x92\xaa\x88\xf4\xa8\xba</data></write>
    <read><length>20</length><match><data>\x01\x00\x00\x00\x86\xa1\xac4\x00\x00\x00\x00\x00\x00\x00\x00\x00\x00\x00\x00</data></match></read>
    <read><length>4</length></read>
    <read><length>4</length><match><data>\x00\x00\x00\x00</data></match></read>
    <write><data>\x00\x00\x00\x00\x87\xa1\xac4\x02\x00\x00\x00\x01\x00\x00\x00\x00\x00\x00\x00\x7c\xf4\xaf\x1a\x81\xbb\xf4E</data></write>
    <read><length>28</length><match><data>\x02\x00\x00\x00\x87\xa1\xac4\x00\x00\x00\x00\x00\x00\x00\x00\x00\x00\x00\x00\x00\x00\x00\x00\x00\x00\x00\x00</data></match></read>
    <write><data>\x00\x00\x00\x00\x88\xa1\xac4\x00\x00\x00\x00\x00\x00\x00\x00\x00\x00\x00\x00\x00\x00\x00\x00q\x0d \x10</data></write>
    <read><length>28</length><match><data>\x01\x00\x00\x00\x88\xa1\xac4\x00\x00\x00\x00\x00\x00\x00\x00\x00\x00\x00\x00q\x0d \x10\x00\x00\x00\x00</data></match></read>
    <write><data>\x00\x00\x00\x00\x89\xa1\xac4\x02\x00\x00\x00\x00\x00\x00\x00\x01\x00\x00\x00\x27\xcfd\xf3\xc4\xc7\x00\x00</data></write>
    <read><length>28</length><match><data>\x01\x00\x00\x00\x89\xa1\xac4\x00\x00\x00\x00\x00\x00\x00\x00\x00\x00\x00\x00c\x5f.\xf0\x00\x00\x00\x00</data></match></read>
    <write><data>\x00\x00\x00\x00\x8a\xa1\xac4\x00\x00\x00\x00\x00\x00\x00\x00\x00\x00\x00\x00\x00\x00\x00\x00\x0c\x9b\x7e\xba</data></write>
    <read><length>28</length><match><data>\x01\x00\x00\x00\x8a\xa1\xac4\x00\x00\x00\x00\x00\x00\x00\x00\x00\x00\x00\x00\x0c\x9b\x7e\xba\x00\x00\x00\x00</data></match></read>
    <write><data>\x00\x00\x00\x00\x8b\xa1\xac4\x02\x00\x00\x00\x00\x00\x00\x00\x01\x00\x00\x00\x40\x82\xe9\xb4\x3c\x06\x00\x00</data></write>
    <read><length>28</length><match><data>\x01\x00\x00\x00\x8b\xa1\xac4\x00\x00\x00\x00\x00\x00\x00\x00\x00\x00\x00\x00\x28\x28YN\x00\x00\x00\x00</data></match></read>
    <write><data>\x00\x00\x00\x00\x8c\xa1\xac4\x00\x00\x00\x00\x00\x00\x00\x00\x01\x00\x00\x00WC\xa1\xc5Tw\x07\x08</data></write>
    <read><length>20</length><match><data>\x01\x00\x00\x00\x8c\xa1\xac4\x00\x00\x00\x00\x00\x00\x00\x00\x00\x00\x00\x00</data></match></read>
    <read><length>4</length></read>
    <read><length>4</length><match><data>\x00\x00\x00\x00</data></match></read>
    <write><data>\x00\x00\x00\x00\x8d\xa1\xac4\x01\x00\x00\x00\x00\x00\x00\x00\x00\x00\x00\x00\x00\x00\x00\x00\xb6\xc93\xe3</data></write>
    <read><length>28</length><match><data>\x01\x00\x00\x00\x8d\xa1\xac4\x00\x00\x00\x00\x00\x00\x00\x00\x00\x00\x00\x00\xb6\xc93\xe3\x00\x00\x00\x00</data></match></read>
    <write><data>\x00\x00\x00\x00\x8e\xa1\xac4\x02\x00\x00\x00\x00\x00\x00\x00\x00\x00\x00\x00\x0e\xf0\x0c\xafpk\x00\x00</data></write>
    <read><length>28</length><match><data>\x01\x00\x00\x00\x8e\xa1\xac4\x00\x00\x00\x00\x00\x00\x00\x00\x00\x00\x00\x00\xe5\x0d\x8ae\x00\x00\x00\x00</data></match></read>
    <write><data>\x00\x00\x00\x00\x8f\xa1\xac4\x01\x00\x00\x00\x01\x00\x00\x00\x01\x00\x00\x00\x00\xf0\xff\xb7\x04\xf0\xff\xb7</data></write>
    <read><length>28</length><match><data>\x01\x00\x00\x00\x8f\xa1\xac4\x00\x00\x00\x00\x00\x00\x00\x00\x00\x00\x00\x00\x00\x00\x00\x00\x00\x00\x00\x00</data></match></read>
    <write><data>\x00\x00\x00\x00\x90\xa1\xac4\x00\x00\x00\x00\x01\x00\x00\x00\x01\x00\x00\x00\x0a.\x1f\x03\xd3\x91\xc6l</data></write>
    <read><length>28</length><match><data>\x02\x00\x00\x00\x90\xa1\xac4\x00\x00\x00\x00\x00\x00\x00\x00\x00\x00\x00\x00\x00\x00\x00\x00\x00\x00\x00\x00</data></match></read>
    <write><data>\x00\x00\x00\x00\x91\xa1\xac4\x02\x00\x00\x00\x00\x00\x00\x00\x00\x00\x00\x00CB5\x29\x2cw\x00\x00</data></write>
    <read><length>28</length><match><data>\x01\x00\x00\x00\x91\xa1\xac4\x00\x00\x00\x00\x00\x00\x00\x00\x00\x00\x00\x00u\xe7\xbdd\x00\x00\x00\x00</data></match></read>
    <write><data>\x00\x00\x00\x00\x92\xa1\xac4\x00\x00\x00\x00\x00\x00\x00\x00\x00\x00\x00\x00\x00\x00\x00\x00\x09\xc7P\xd3</data></write>
    <read><length>28</length><match><data>\x01\x00\x00\x00\x92\xa1\xac4\x00\x00\x00\x00\x00\x00\x00\x00\x00\x00\x00\x00\x09\xc7P\xd3\x00\x00\x00\x00</data></match></read>
    <write><data>\x00\x00\x00\x00\x93\xa1\xac4\x01\x00\x00\x00\x01\x00\x00\x00\x01\x00\x00\x00\xa9S\xfc\xdb\x00j\xe4\xb3</data></write>
    <read><length>28</length><match><data>\x02\x00\x00\x00\x93\xa1\xac4\x00\x00\x00\x00\x00\x00\x00\x00\x00\x00\x00\x00\x00\x00\x00\x00\x00\x00\x00\x00</data></match></read>
    <write><data>\x00\x00\x00\x00\x94\xa1\xac4\x02\x00\x00\x00\x00\x00\x00\x00\x01\x00\x00\x00\xf9\x8c\x060t\x01\x00\x00</data></write>
    <read><length>28</length><match><data>\x01\x00\x00\x00\x94\xa1\xac4\x00\x00\x00\x00\x00\x00\x00\x00\x00\x00\x00\x00\x8b\x23\xdf\x23\x00\x00\x00\x00</data></match></read>
    <write><data>\x00\x00\x00\x00\x95\xa1\xac4\x01\x00\x00\x00\x01\x00\x00\x00\x01\x00\x00\x00\x08\xf0\xff\xb7\x08\xf0\xff\xb7</data></write>
    <read><length>28</length><match><data>\x01\x00\x00\x00\x95\xa1\xac4\x00\x00\x00\x00\x00\x00\x00\x00\x00\x00\x00\x00\x00\x00\x00\x00\x00\x00\x00\x00</data></match></read>
    <write><data>\x00\x00\x00\x00\x96\xa1\xac4\x00\x00\x00\x00\x00\x00\x00\x00\x00\x00\x00\x00\x00\x00\x00\x00\x3eF!\x9e</data></write>
    <read><length>28</length><match><data>\x01\x00\x00\x00\x96\xa1\xac4\x00\x00\x00\x00\x00\x00\x00\x00\x00\x00\x00\x00\x3eF!\x9e\x00\x00\x00\x00</data></match></read>
    <write><data>\x00\x00\x00\x00\x97\xa1\xac4\x02\x00\x00\x00\x00\x00\x00\x00\x01\x00\x00\x00\xda\xad\xb4\x93\xe5G\xd7\x8d</data></write>
    <read><length>28</length><match><data>\x02\x00\x00\x00\x97\xa1\xac4\x00\x00\x00\x00\x00\x00\x00\x00\x00\x00\x00\x00\x00\x00\x00\x00\x00\x00\x00\x00</data></match></read>
    <write><data>\x00\x00\x00\x00\x98\xa1\xac4\x02\x00\x00\x00\x00\x00\x00\x00\x01\x00\x00\x00d6\x3c\x9f\xa4\xfb\x00\x00</data></write>
    <read><length>28</length><match><data>\x01\x00\x00\x00\x98\xa1\xac4\x00\x00\x00\x00\x00\x00\x00\x00\x00\x00\x00\x00\x01\x2a\xc7\x29\x00\x00\x00\x00</data></match></read>
    <write><data>\x00\x00\x00\x00\x99\xa1\xac4\x01\x00\x00\x00\x00\x00\x00\x00\x01\x00\x00\x00\x00\x00\x00\x00\x0c\xf0\xff\xb7</data></write>
    <read><length>28</length><match><data>\x01\x00\x00\x00\x99\xa1\xac4\x00\x00\x00\x00\x00\x00\x00\x00\x00\x00\x00\x00\x00\x00\x00\x00\x00\x00\x00\x00</data></match></read>
    <write><data>\x00\x00\x00\x00\x9a\xa1\xac4\x00\x00\x00\x00\x00\x00\x00\x00\x00\x00\x00\x00\x00\x00\x00\x00\xb7\xb9\xbea</data></write>
    <read><length>28</length><match><data>\x01\x00\x00\x00\x9a\xa1\xac4\x00\x00\x00\x00\x00\x00\x00\x00\x00\x00\x00\x00\xb7\xb9\xbea\x00\x00\x00\x00</data></match></read>
    <write><data>\x00\x00\x00\x00\x9b\xa1\xac4\x02\x00\x00\x00\x00\x00\x00\x00\x00\x00\x00\x00\xef\x8c\x09\x0a\xf0B\x00\x00</data></write>
    <read><length>28</length><match><data>\x01\x00\x00\x00\x9b\xa1\xac4\x00\x00\x00\x00\x00\x00\x00\x00\x00\x00\x00\x00\x1c\x8a\x82\x5b\x00\x00\x00\x00</data></match></read>
    <write><data>\x00\x00\x00\x00\x9c\xa1\xac4\x01\x00\x00\x00\x01\x00\x00\x00\x00\x00\x00\x00\x00\xf0\xff\xb7\xc9\x40\x8c\xf9</data></write>
    <read><length>28</length><match><data>\x01\x00\x00\x00\x9c\xa1\xac4\x00\x00\x00\x00\x00\x00\x00\x00\x00\x00\x00\x00\x00\x00\x00\x00\x00\x00\x00\x00</data></match></read>
    <write><data>\x00\x00\x00\x00\x9d\xa1\xac4\x01\x00\x00\x00\x00\x00\x00\x00\x01\x00\x00\x00\x00\x00\x00\x00\x0c\xf0\xff\xb7</data></write>
    <read><length>28</length><match><data>\x01\x00\x00\x00\x9d\xa1\xac4\x00\x00\x00\x00\x00\x00\x00\x00\x00\x00\x00\x00\x00\x00\x00\x00\x00\x00\x00\x00</data></match></read>
    <write><data>\x00\x00\x00\x00\x9e\xa1\xac4\x00\x00\x00\x00\x00\x00\x00\x00\x00\x00\x00\x00\x00\x00\x00\x00\xeceO\xb7</data></write>
    <read><length>28</length><match><data>\x01\x00\x00\x00\x9e\xa1\xac4\x00\x00\x00\x00\x00\x00\x00\x00\x00\x00\x00\x00\xeceO\xb7\x00\x00\x00\x00</data></match></read>
    <write><data>\x00\x00\x00\x00\x9f\xa1\xac4\x01\x00\x00\x00\x00\x00\x00\x00\x01\x00\x00\x00Z4\x89k\xde\xf8\xb1p</data></write>
    <read><length>28</length><match><data>\x02\x00\x00\x00\x9f\xa1\xac4\x00\x00\x00\x00\x00\x00\x00\x00\x00\x00\x00\x00\x00\x00\x00\x00\x00\x00\x00\x00</data></match></read>
    <write><data>\x00\x00\x00\x00\xa0\xa1\xac4\x01\x00\x00\x00\x00\x00\x00\x00\x00\x00\x00\x00\x00\x00\x00\x00ij\x7fI</data></write>
    <read><length>28</length><match><data>\x01\x00\x00\x00\xa0\xa1\xac4\x00\x00\x00\x00\x00\x00\x00\x00\x00\x00\x00\x00ij\x7fI\x00\x00\x00\x00</data></match></read>
    <write><data>\x00\x00\x00\x00\xa1\xa1\xac4\x02\x00\x00\x00\x00\x00\x00\x00\x01\x00\x00\x00\xdf\xcc\x07\xa2G\x00\x83\x2b</data></write>
    <read><length>28</length><match><data>\x02\x00\x00\x00\xa1\xa1\xac4\x00\x00\x00\x00\x00\x00\x00\x00\x00\x00\x00\x00\x00\x00\x00\x00\x00\x00\x00\x00</data></match></read>
    <write><data>\x00\x00\x00\x00\xa2\xa1\xac4\x02\x00\x00\x00\x00\x00\x00\x00\x01\x00\x00\x00\x8a\x060\x87\xa0w\x00\x00</data></write>
    <read><length>28</length><match><data>\x01\x00\x00\x00\xa2\xa1\xac4\x00\x00\x00\x00\x00\x00\x00\x00\x00\x00\x00\x00:Bm\x29\x00\x00\x00\x00</data></match></read>
    <write><data>\x00\x00\x00\x00\xa3\xa1\xac4\x02\x00\x00\x00\x00\x00\x00\x00\x00\x00\x00\x00dM\xa3\xf3p\x09\x00\x00</data></write>
    <read><length>28</length><match><data>\x01\x00\x00\x00\xa3\xa1\xac4\x00\x00\x00\x00\x00\x00\x00\x00\x00\x00\x00\x00\xe4\xe0\xec\x9a\x00\x00\x00\x00</data></match></read>
    <write><data>\x00\x00\x00\x00\xa4\xa1\xac4\x01\x00\x00\x00\x01\x00\x00\x00\x01\x00\x00\x00\x00\xf0\xff\xb7\x00\xf0\xff\xb7</data></write>
    <read><length>28</length><match><data>\x01\x00\x00\x00\xa4\xa1\xac4\x00\x00\x00\x00\x00\x00\x00\x00\x00\x00\x00\x00\x00\x00\x00\x00\x00\x00\x00\x00</data></match></read>
    <write><data>\x00\x00\x00\x00\xa5\xa1\xac4\x00\x00\x00\x00\x00\x00\x00\x00\x00\x00\x00\x00\x00\x00\x00\x00\xdfc \xe6</data></write>
    <read><length>28</length><match><data>\x01\x00\x00\x00\xa5\xa1\xac4\x00\x00\x00\x00\x00\x00\x00\x00\x00\x00\x00\x00\xdfc \xe6\x00\x00\x00\x00</data></match></read>
    <write><data>\x00\x00\x00\x00\xa6\xa1\xac4\x01\x00\x00\x00\x01\x00\x00\x00\x01\x00\x00\x00\x04\xf0\xff\xb7\x08\xf0\xff\xb7</data></write>
    <read><length>28</length><match><data>\x01\x00\x00\x00\xa6\xa1\xac4\x00\x00\x00\x00\x00\x00\x00\x00\x00\x00\x00\x00\x00\x00\x00\x00\x00\x00\x00\x00</data></match></read>
    <write><data>\x00\x00\x00\x00\xa7\xa1\xac4\x02\x00\x00\x00\x01\x00\x00\x00\x00\x00\x00\x00\xafQ\x00\xc0k\xb3\x06\xa2</data></write>
    <read><length>28</length><match><data>\x02\x00\x00\x00\xa7\xa1\xac4\x00\x00\x00\x00\x00\x00\x00\x00\x00\x00\x00\x00\x00\x00\x00\x00\x00\x00\x00\x00</data></match></read>
    <write><data>\x00\x00\x00\x00\xa8\xa1\xac4\x02\x00\x00\x00\x00\x00\x00\x00\x01\x00\x00\x00\x9e\xbe\x8agl\xbb\x00\x00</data></write>
    <read><length>28</length><match><data>\x01\x00\x00\x00\xa8\xa1\xac4\x00\x00\x00\x00\x00\x00\x00\x00\x00\x00\x00\x00\xc7\x5b\x9f\x80\x00\x00\x00\x00</data></match></read>
    <write><data>\x00\x00\x00\x00\xa9\xa1\xac4\x00\x00\x00\x00\x00\x00\x00\x00\x01\x00\x00\x001\xd2n\xa6d!\x06\x08</data></write>
    <read><length>20</length><match><data>\x01\x00\x00\x00\xa9\xa1\xac4\x00\x00\x00\x00\x00\x00\x00\x00\x00\x00\x00\x00</data></match></read>
    <read><length>4</length></read>
    <read><length>4</length><match><data>\x00\x00\x00\x00</data></match></read>
    <write><data>\x00\x00\x00\x00\xaa\xa1\xac4\x01\x00\x00\x00\x01\x00\x00\x00\x00\x00\x00\x00\x04\xf0\xff\xb7\xc2\x26\xbd\x96</data></write>
    <read><length>28</length><match><data>\x01\x00\x00\x00\xaa\xa1\xac4\x00\x00\x00\x00\x00\x00\x00\x00\x00\x00\x00\x00\x00\x00\x00\x00\x00\x00\x00\x00</data></match></read>
    <write><data>\x00\x00\x00\x00\xab\xa1\xac4\x01\x00\x00\x00\x01\x00\x00\x00\x01\x00\x00\x00\x04\xf0\xff\xb7\x04\xf0\xff\xb7</data></write>
    <read><length>28</length><match><data>\x01\x00\x00\x00\xab\xa1\xac4\x00\x00\x00\x00\x00\x00\x00\x00\x00\x00\x00\x00\x00\x00\x00\x00\x00\x00\x00\x00</data></match></read>
    <write><data>\x00\x00\x00\x00\xac\xa1\xac4\x01\x00\x00\x00\x00\x00\x00\x00\x00\x00\x00\x00\x00\x00\x00\x00\xb1\xa2\xfc\x5e</data></write>
    <read><length>28</length><match><data>\x01\x00\x00\x00\xac\xa1\xac4\x00\x00\x00\x00\x00\x00\x00\x00\x00\x00\x00\x00\xb1\xa2\xfc\x5e\x00\x00\x00\x00</data></match></read>
    <write><data>\x00\x00\x00\x00\xad\xa1\xac4\x02\x00\x00\x00\x00\x00\x00\x00\x00\x00\x00\x00\x7bc\xbc\xb8\x28\x11\x00\x00</data></write>
    <read><length>28</length><match><data>\x01\x00\x00\x00\xad\xa1\xac4\x00\x00\x00\x00\x00\x00\x00\x00\x00\x00\x00\x00uT\xf2Q\x00\x00\x00\x00</data></match></read>
    <write><data>\x00\x00\x00\x00\xae\xa1\xac4\x00\x00\x00\x00\x00\x00\x00\x00\x01\x00\x00\x00K\x05\xbd\x84\x14\xa7\x11\x08</data></write>
    <read><length>20</length><match><data>\x01\x00\x00\x00\xae\xa1\xac4\x00\x00\x00\x00\x00\x00\x00\x00\x00\x00\x00\x00</data></match></read>
    <read><length>4</length></read>
    <read><length>4</length><match><data>\x00\x00\x00\x00</data></match></read>
    <write><data>\x00\x00\x00\x00\xaf\xa1\xac4\x01\x00\x00\x00\x00\x00\x00\x00\x00\x00\x00\x00\x00\x00\x00\x00\x19\x23\x10\xe7</data></write>
    <read><length>28</length><match><data>\x01\x00\x00\x00\xaf\xa1\xac4\x00\x00\x00\x00\x00\x00\x00\x00\x00\x00\x00\x00\x19\x23\x10\xe7\x00\x00\x00\x00</data></match></read>
    <write><data>\x00\x00\x00\x00\xb0\xa1\xac4\x01\x00\x00\x00\x00\x00\x00\x00\x00\x00\x00\x00\x00\x00\x00\x00\xe8\x00\x86\x14</data></write>
    <read><length>28</length><match><data>\x01\x00\x00\x00\xb0\xa1\xac4\x00\x00\x00\x00\x00\x00\x00\x00\x00\x00\x00\x00\xe8\x00\x86\x14\x00\x00\x00\x00</data></match></read>
    <write><data>\x00\x00\x00\x00\xb1\xa1\xac4\x02\x00\x00\x00\x00\x00\x00\x00\x01\x00\x00\x00\x2d\x09\xb5\xe1\xc0\x95\x00\x00</data></write>
    <read><length>28</length><match><data>\x01\x00\x00\x00\xb1\xa1\xac4\x00\x00\x00\x00\x00\x00\x00\x00\x00\x00\x00\x00\xe6\xe3\x80\x5c\x00\x00\x00\x00</data></match></read>
    <write><data>\x00\x00\x00\x00\xb2\xa1\xac4\x02\x00\x00\x00\x00\x00\x00\x00\x01\x00\x00\x00Lq\xbbW\xa4\x7d\x00\x00</data></write>
    <read><length>28</length><match><data>\x01\x00\x00\x00\xb2\xa1\xac4\x00\x00\x00\x00\x00\x00\x00\x00\x00\x00\x00\x002\x8ag\xc9\x00\x00\x00\x00</data></match></read>
    <write><data>\x00\x00\x00\x00\xb3\xa1\xac4\x02\x00\x00\x00\x00\x00\x00\x00\x01\x00\x00\x00O\xce!\x03\x98\x8c\x00\x00</data></write>
    <read><length>28</length><match><data>\x01\x00\x00\x00\xb3\xa1\xac4\x00\x00\x00\x00\x00\x00\x00\x00\x00\x00\x00\x00\x01\xe1!\xc8\x00\x00\x00\x00</data></match></read>
    <write><data>\x00\x00\x00\x00\xb4\xa1\xac4\x00\x00\x00\x00\x01\x00\x00\x00\x01\x00\x00\x00\xad\xf2\xd3\x1b\xc4J\xab\x95</data></write>
    <read><length>28</length><match><data>\x02\x00\x00\x00\xb4\xa1\xac4\x00\x00\x00\x00\x00\x00\x00\x00\x00\x00\x00\x00\x00\x00\x00\x00\x00\x00\x00\x00</data></match></read>
    <write><data>\x00\x00\x00\x00\xb5\xa1\xac4\x01\x00\x00\x00\x00\x00\x00\x00\x00\x00\x00\x00\x00\x00\x00\x00\x1b\x5b8\x0f</data></write>
    <read><length>28</length><match><data>\x01\x00\x00\x00\xb5\xa1\xac4\x00\x00\x00\x00\x00\x00\x00\x00\x00\x00\x00\x00\x1b\x5b8\x0f\x00\x00\x00\x00</data></match></read>
    <write><data>\x00\x00\x00\x00\xb6\xa1\xac4\x01\x00\x00\x00\x01\x00\x00\x00\x01\x00\x00\x00\x08\xf0\xff\xb7\x0c\xf0\xff\xb7</data></write>
    <read><length>28</length><match><data>\x01\x00\x00\x00\xb6\xa1\xac4\x00\x00\x00\x00\x00\x00\x00\x00\x00\x00\x00\x00\x00\x00\x00\x00\x00\x00\x00\x00</data></match></read>
    <write><data>\x00\x00\x00\x00\xb7\xa1\xac4\x02\x00\x00\x00\x00\x00\x00\x00\x00\x00\x00\x00\xe4\x14\x91\x27\x0a\x7c\xbeu</data></write>
    <read><length>28</length><match><data>\x02\x00\x00\x00\xb7\xa1\xac4\x00\x00\x00\x00\x00\x00\x00\x00\x00\x00\x00\x00\x00\x00\x00\x00\x00\x00\x00\x00</data></match></read>
    <write><data>\x00\x00\x00\x00\xb8\xa1\xac4\x02\x00\x00\x00\x00\x00\x00\x00\x01\x00\x00\x00.\xad\x9eb\x94\xe0\x00\x00</data></write>
    <read><length>28</length><match><data>\x01\x00\x00\x00\xb8\xa1\xac4\x00\x00\x00\x00\x00\x00\x00\x00\x00\x00\x00\x00\x2f!\xea\xdd\x00\x00\x00\x00</data></match></read>
    <write><data>\x00\x00\x00\x00\xb9\xa1\xac4\x02\x00\x00\x00\x00\x00\x00\x00\x01\x00\x00\x00\xb2\xbe\xd3\xaa\xbc\x9c\x00\x00</data></write>
    <read><length>28</length><match><data>\x01\x00\x00\x00\xb9\xa1\xac4\x00\x00\x00\x00\x00\x00\x00\x00\x00\x00\x00\x00K\xdf:\xf7\x00\x00\x00\x00</data></match></read>
    <write><data>\x00\x00\x00\x00\xba\xa1\xac4\x02\x00\x00\x00\x00\x00\x00\x00\x01\x00\x00\x00\xf5!:aL\xfe\x00\x00</data></write>
    <read><length>28</length><match><data>\x01\x00\x00\x00\xba\xa1\xac4\x00\x00\x00\x00\x00\x00\x00\x00\x00\x00\x00\x00s\xd0\x9d\x18\x00\x00\x00\x00</data></match></read>
    <write><data>\x00\x00\x00\x00\xbb\xa1\xac4\x00\x00\x00\x00\x00\x00\x00\x00\x01\x00\x00\x00\xf9\xc0\xdf\xe4\x80\x25\x14\x08</data></write>
    <read><length>20</length><match><data>\x01\x00\x00\x00\xbb\xa1\xac4\x00\x00\x00\x00\x00\x00\x00\x00\x00\x00\x00\x00</data></match></read>
    <read><length>4</length></read>
    <read><length>4</length><match><data>\x00\x00\x00\x00</data></match></read>
    <write><data>\x00\x00\x00\x00\xbc\xa1\xac4\x01\x00\x00\x00\x01\x00\x00\x00\x00\x00\x00\x00\x04\xf0\xff\xb7\xfbxD\xe4</data></write>
    <read><length>28</length><match><data>\x01\x00\x00\x00\xbc\xa1\xac4\x00\x00\x00\x00\x00\x00\x00\x00\x00\x00\x00\x00\x00\x00\x00\x00\x00\x00\x00\x00</data></match></read>
    <write><data>\x00\x00\x00\x00\xbd\xa1\xac4\x02\x00\x00\x00\x00\x00\x00\x00\x00\x00\x00\x00\x1b:T\xa9\x199\xb2\x0b</data></write>
    <read><length>28</length><match><data>\x02\x00\x00\x00\xbd\xa1\xac4\x00\x00\x00\x00\x00\x00\x00\x00\x00\x00\x00\x00\x00\x00\x00\x00\x00\x00\x00\x00</data></match></read>
    <write><data>\x01\x00\x00\x00\xbe\xa1\xac4\x00\x00\x00\x00\x00\x00\x00\x00\x01\x00\x00\x00\x96G\x82:U\xdb\x2b0</data></write>
    <read><length>28</length><match><data>\x02\x00\x00\x00\xbe\xa1\xac4\x00\x00\x00\x00\x00\x00\x00\x00\x00\x00\x00\x00\x00\x00\x00\x00\x00\x00\x00\x00</data></match></read>
    <write><data>\x00\x00\x00\x00\xbf\xa1\xac4\x02\x00\x00\x00\x00\x00\x00\x00\x00\x00\x00\x00\xcd\xc5\x86oL\xa2\x00\x00</data></write>
    <read><length>28</length><match><data>\x01\x00\x00\x00\xbf\xa1\xac4\x00\x00\x00\x00\x00\x00\x00\x00\x00\x00\x00\x00\xcf\x80\xb9V\x00\x00\x00\x00</data></match></read>
    <write><data>\x03\x00\x00\x00\xc0\xa1\xac4\xff\x00\x00\x00\xff\x00\x00\x00\xff\x00\x00\x00\x00\x00\x00\x00\x00\x00\x00\x00</data></write>
</replay>
</pov>