<?xml version="1.0" standalone="no" ?>
<!DOCTYPE pov SYSTEM "/usr/share/cgc-docs/replay.dtd">
<pov>
<cbid>service</cbid>
<seed>ae0ef96cf79dbf6fc9f3efdb8fb93014a7475fa17c54e230732dd1b9d1d4b8a56da423b92f4b6ecb6c4c3d40aa0ef479</seed>
<replay>
    <delay>50</delay>
    <write><data>state\x0a</data></write>
    <write><data>transition HcJP\x3e 2\x0a</data></write>
    <write><data>transition !i\x28NT\x7b?\x5e 0\x0a</data></write>
    <write><data>transition a\x40\x23B\x25Dg\x26\x60k\x2c.3u\x3bz 5\x0a</data></write>
    <write><data>state accept\x0a</data></write>
    <write><data>transition Ggt 7\x0a</data></write>
    <write><data>transition \x23JOs6X\x7c 4\x0a</data></write>
    <write><data>state\x0a</data></write>
    <write><data>transition 1HRE 3\x0a</data></write>
    <write><data>state\x0a</data></write>
    <write><data>transition \x60\x23\x22\x25FH\x2a\x2dsonSUu\x5d 4\x0a</data></write>
    <write><data>transition DI\x7c\x2f.324VX\x3bZ\x3c\x5e 3\x0a</data></write>
    <write><data>transition KN 6\x0a</data></write>
    <write><data>state accept\x0a</data></write>
    <write><data>\x5dH\x7cD\x2cr!\x7b8lLe\x3b\x5dC\x0a</data></write>
    <read><delim>\x0a</delim><match><data>Invalid</data></match></read>
    <write><data>transition z\x27Gk\x2a\x2fsuv: 5\x0a</data></write>
    <write><data>state\x0a</data></write>
    <write><data>transition !c\x22DFV\x23ONUvY\x5b\x5fd 7\x0a</data></write>
    <write><data>state\x0a</data></write>
    <write><data>transition Ag\x2bL09x\x5b\x7d\x3c 5\x0a</data></write>
    <write><data>transition Ih.Qw8X\x7b\x3d? 2\x0a</data></write>
    <write><data>transition ciJmCO\x2cSru\x2fv2:\x5f\x3e 3\x0a</data></write>
    <write><data>state\x0a</data></write>
    <write><data>transition 1\x23\x25kjMo.q0Rtw8X4 6\x0a</data></write>
    <write><data>transition c\x22dFi\x26N\x292Tx\x7d? 6\x0a</data></write>
    <write><data>transition \x24GHmYsy\x3eD 6\x0a</data></write>
    <write><data>transition \x40CLO\x3cU\x2fV\x5b\x3d\x5c 5\x0a</data></write>
    <write><data>done\x0a</data></write>
    <read><delim>\x0a</delim><match><data>Ok\x2c matching input now</data></match></read>
    <write><data>SW\x0a</data></write>
    <read><delim>\x0a</delim><match><data>No match :\x28 \x22SW\x22</data></match></read>
    <write><data>\x28.\x23B\x5e\x25KQYo\x0a</data></write>
    <read><delim>\x0a</delim><match><data>No match :\x28 \x22\x28.\x23B\x5e\x25KQYo\x22</data></match></read>
    <write><data>onmatch xor\x0a</data></write>
    <read><delim>\x0a</delim><match><data>Match action updated</data></match></read>
    <write><data>quit\x0a</data></write>
</replay>
</pov>