<?xml version="1.0" standalone="no" ?>
<!DOCTYPE pov SYSTEM "/usr/share/cgc-docs/replay.dtd">
<pov>
<cbid>service</cbid>
<seed>25ff3533aac79afe167708c4f3f7cb8af6c3389c33c7a659582352f18cc28c6f1ed1dd30425449f18b768bd50c021e44</seed>
<replay>
    <delay>50</delay>
    <write><data>state\x0a</data></write>
    <write><data>transition E\x29H12w? 5\x0a</data></write>
    <write><data>state\x0a</data></write>
    <write><data>state\x0a</data></write>
    <write><data>transition di\x2aloNQ0UyZ\x7c\x3e 5\x0a</data></write>
    <write><data>transition e\x2bRbJ 2\x0a</data></write>
    <write><data>state\x0a</data></write>
    <write><data>transition E\x29m.Q8\x3d 2\x0a</data></write>
    <write><data>transition !\x60B\x27\x28JvqpSh\x7bZ\x7e 1\x0a</data></write>
    <write><data>state\x0a</data></write>
    <write><data>state\x0a</data></write>
    <write><data>transition !\x23j\x24\x26CF\x2cNW3476\x7bn\x3c\x5f 1\x0a</data></write>
    <write><data>transition l 7\x0a</data></write>
    <write><data>state\x0a</data></write>
    <write><data>transition e\x24Ir48 3\x0a</data></write>
    <write><data>transition Ed\x5djqPX\x25\x7d 2\x0a</data></write>
    <write><data>transition \x60\x27H\x2aML.stx\x5bZ\x3d 0\x0a</data></write>
    <write><data>transition 1\x23FimQ3RTW 7\x0a</data></write>
    <write><data>state\x0a</data></write>
    <write><data>transition \x26\x28\x2c7V\x5d\x7c\x5e 1\x0a</data></write>
    <write><data>transition \x22g\x27mlpry\x3bZ\x3e 3\x0a</data></write>
    <write><data>done\x0a</data></write>
    <read><delim>\x0a</delim><match><data>Ok\x2c matching input now</data></match></read>
    <write><data>quit\x0a</data></write>
</replay>
</pov>