<?xml version="1.0" standalone="no" ?>
<!DOCTYPE pov SYSTEM "/usr/share/cgc-docs/replay.dtd">
<pov>
<cbid>service</cbid>
<seed>357e3bd38afddb72af051fd49706e02e4c2efab8ef7b251c6b260b9f6aea22af60ad7c1c5e70027ad9eff4832ad8bec8</seed>
<replay>
    <delay>50</delay>
    <write><data>state\x0a</data></write>
    <write><data>transition Edh\x2bQ0ST 0\x0a</data></write>
    <write><data>transition e\x28OquoY 1\x0a</data></write>
    <write><data>transition c\x24\x26\x5dJ\x2dl3msH6y\x7d\x7c 3\x0a</data></write>
    <write><data>state accept\x0a</data></write>
    <write><data>transition Z\x2alT7v:\x3e 4\x0a</data></write>
    <write><data>transition \x22\x24fhJo3Ut6 2\x0a</data></write>
    <write><data>transition V 5\x0a</data></write>
    <write><data>state\x0a</data></write>
    <write><data>1TeI\x0a</data></write>
    <read><delim>\x0a</delim><match><data>Invalid</data></match></read>
    <write><data>transition \x60u\x7d 5\x0a</data></write>
    <write><data>transition \x29d\x26I\x5dJ\x2cONpW6\x5bi\x3d\x7e 0\x0a</data></write>
    <write><data>state\x0a</data></write>
    <write><data>transition Yh\x3eP 2\x0a</data></write>
    <write><data>transition \x60ZEG\x28KjMN357ye\x5b\x25\x7e 2\x0a</data></write>
    <write><data>transition acgfOSRvx\x3b\x3d\x3c 1\x0a</data></write>
    <write><data>state\x0a</data></write>
    <write><data>transition \x25DhkpT6:\x3d\x7e 0\x0a</data></write>
    <write><data>state\x0a</data></write>
    <write><data>transition \x40\x22\x5d 0\x0a</data></write>
    <write><data>transition DFKjQ3\x5e 2\x0a</data></write>
    <write><data>state\x0a</data></write>
    <write><data>transition qCBDG\x40\x2dONQ3n\x27RZ\x5d\x7c 6\x0a</data></write>
    <write><data>done\x0a</data></write>
    <read><delim>\x0a</delim><match><data>Ok\x2c matching input now</data></match></read>
    <write><data>example\x0a</data></write>
    <read><delim>\x0a</delim><match><data>Here\x27s an example: \x22dT3\x5b\x5dT3S\x22</data></match></read>
    <write><data>l\x3c\x0a</data></write>
    <read><delim>\x0a</delim><match><data>Got a match! \x22l\x3c\x22</data></match></read>
    <read><length>9</length><match><data>000000b5\x0a</data></match></read>
    <write><data>quit\x0a</data></write>
</replay>
</pov>