<?xml version="1.0" standalone="no" ?>
<!DOCTYPE pov SYSTEM "/usr/share/cgc-docs/replay.dtd">
<pov>
<cbid>service</cbid>
<seed>c7363e2bc4e41acf7d9817d4cf85bf65fbcc2700e524a362458459040c9af7630d50b0e3d0327d4e9a7c52d64432dba0</seed>
<replay>
    <delay>50</delay>
    <write><data>state\x0a</data></write>
    <write><data>state accept\x0a</data></write>
    <write><data>state accept\x0a</data></write>
    <write><data>transition a\x60\x23\x2d\x5f\x5e 4\x0a</data></write>
    <write><data>state accept\x0a</data></write>
    <write><data>transition A\x23\x22\x3bSuv\x7b:\x7c? 6\x0a</data></write>
    <write><data>state\x0a</data></write>
    <write><data>transition B8gKlS\x22476k\x7b\x3c\x5e 0\x0a</data></write>
    <write><data>state\x0a</data></write>
    <write><data>transition ABe0\x26kj\x2dpvxE\x7c 0\x0a</data></write>
    <write><data>state\x0a</data></write>
    <write><data>done\x0a</data></write>
    <read><delim>\x0a</delim><match><data>Ok\x2c matching input now</data></match></read>
    <write><data>onmatch default\x0a</data></write>
    <read><delim>\x0a</delim><match><data>Match action updated</data></match></read>
    <write><data>reset\x0a</data></write>
    <read><delim>\x0a</delim><match><data>Please re\x2denter state machine</data></match></read>
    <write><data>state\x0a</data></write>
    <write><data>transition a\x25\x2b3\x2cSvY8\x5e 0\x0a</data></write>
    <write><data>done\x0a</data></write>
    <read><delim>\x0a</delim><match><data>Ok\x2c matching input now</data></match></read>
    <write><data>\x271DTAPaP\x22e\x3eODFHt\x0a</data></write>
    <read><delim>\x0a</delim><match><data>No match :\x28 \x22\x271DTAPaP\x22e\x3eODFHt\x22</data></match></read>
    <write><data>reset\x0a</data></write>
    <read><delim>\x0a</delim><match><data>Please re\x2denter state machine</data></match></read>
    <write><data>state\x0a</data></write>
    <write><data>transition hQ\x23beg\x40\x29\x28VJ1Ruvx:k\x3e 0\x0a</data></write>
    <write><data>state accept\x0a</data></write>
    <write><data>done\x0a</data></write>
    <read><delim>\x0a</delim><match><data>Ok\x2c matching input now</data></match></read>
    <write><data>example\x0a</data></write>
    <read><delim>\x0a</delim><match><data>Error\x2c are you done initializing?</data></match></read>
    <write><data>Q\x5c\x23U\x5e\x2bdrzb\x0a</data></write>
    <read><delim>\x0a</delim><match><data>No match :\x28 \x22Q\x5c\x23U\x5e\x2bdrzb\x22</data></match></read>
    <write><data>quit\x0a</data></write>
</replay>
</pov>