<?xml version="1.0" standalone="no" ?>
<!DOCTYPE pov SYSTEM "/usr/share/cgc-docs/replay.dtd">
<pov>
<cbid>service</cbid>
<seed>bc5882d85b216026242e51fc989bc211d4fdc838c4303a5c420e8d502dfca39a00872426087a65d7eb62c92e57bb3e32</seed>
<replay>
    <delay>50</delay>
    <write><data>R\x3e\x29eiKZ\x0a</data></write>
    <read><delim>\x0a</delim><match><data>Invalid</data></match></read>
    <write><data>state\x0a</data></write>
    <write><data>transition \x5b\x22\x7d\x27? 0\x0a</data></write>
    <write><data>transition qzWV 3\x0a</data></write>
    <write><data>transition O 2\x0a</data></write>
    <write><data>Yv\x0a</data></write>
    <read><delim>\x0a</delim><match><data>Invalid</data></match></read>
    <write><data>transition beiHKy\x3b\x7e 3\x0a</data></write>
    <write><data>state accept\x0a</data></write>
    <write><data>tMOB\x3bYUM!\x27\x3eiJm\x23\x0a</data></write>
    <read><delim>\x0a</delim><match><data>Invalid</data></match></read>
    <write><data>transition \x23dG\x2bJo\x3c1S5O7X\x5b\x3d\x7b 2\x0a</data></write>
    <write><data>state accept\x0a</data></write>
    <write><data>transition 1efquw68\x7e 3\x0a</data></write>
    <write><data>transition A\x23lDPKLONpVE\x7d\x2b\x24 1\x0a</data></write>
    <write><data>transition 2\x60\x22\x25G\x27IkogR54xX\x3d\x3cd 2\x0a</data></write>
    <write><data>transition az\x26mQUv\x7b:\x3e 3\x0a</data></write>
    <write><data>state\x0a</data></write>
    <write><data>done\x0a</data></write>
    <read><delim>\x0a</delim><match><data>Ok\x2c matching input now</data></match></read>
    <write><data>reset\x0a</data></write>
    <read><delim>\x0a</delim><match><data>Please re\x2denter state machine</data></match></read>
    <write><data>state\x0a</data></write>
    <write><data>transition A\x60PFhm\x2fN0R5o\x40XU\x7c 2\x0a</data></write>
    <write><data>transition a\x23DgH\x5dcQS76\x7b\x7d 2\x0a</data></write>
    <write><data>transition Cb\x27Gfi\x2d.q\x29s2utvY\x3c\x7e 1\x0a</data></write>
    <write><data>state\x0a</data></write>
    <write><data>transition \x3ebEOf 1\x0a</data></write>
    <write><data>transition aBd\x29vNIutVz 0\x0a</data></write>
    <write><data>state\x0a</data></write>
    <write><data>transition CZE\x2am\x2c24wV8:\x5d? 0\x0a</data></write>
    <write><data>transition Q\x603sN 0\x0a</data></write>
    <write><data>transition AuJU5 0\x0a</data></write>
    <write><data>done\x0a</data></write>
    <read><delim>\x0a</delim><match><data>Ok\x2c matching input now</data></match></read>
    <write><data>H\x5fO\x2d\x0a</data></write>
    <read><delim>\x0a</delim><match><data>No match :\x28 \x22H\x5fO\x2d\x22</data></match></read>
    <write><data>U\x5dE\x28HeV\x0a</data></write>
    <read><delim>\x0a</delim><match><data>No match :\x28 \x22U\x5dE\x28HeV\x22</data></match></read>
    <write><data>reset\x0a</data></write>
    <read><delim>\x0a</delim><match><data>Please re\x2denter state machine</data></match></read>
    <write><data>state\x0a</data></write>
    <write><data>transition Foq0uO 0\x0a</data></write>
    <write><data>transition e7 0\x0a</data></write>
    <write><data>transition a\x60\x25fkJm\x2f\x3c2U9\x3bz\x3d\x7c 0\x0a</data></write>
    <write><data>E\x5d7k\x5d7A\x0a</data></write>
    <read><delim>\x0a</delim><match><data>Invalid</data></match></read>
    <write><data>state accept\x0a</data></write>
    <write><data>transition JiKj3QYSr5V9\x7bz 6\x0a</data></write>
    <write><data>transition !C:pI\x2aO.Ps7XxZ 4\x0a</data></write>
    <write><data>transition \x23dfv\x2dcq46\x7d 6\x0a</data></write>
    <write><data>transition \x22GLNuT8\x3c 4\x0a</data></write>
    <write><data>state\x0a</data></write>
    <write><data>transition bGHK3n9s\x22TY\x3bN 6\x0a</data></write>
    <write><data>transition !1q0Sw\x5d\x3e 4\x0a</data></write>
    <write><data>state\x0a</data></write>
    <write><data>VbC5OZl\x3cYzYS\x2d\x0a</data></write>
    <read><delim>\x0a</delim><match><data>Invalid</data></match></read>
    <write><data>transition QCBGj\x2cLq\x22uTw\x5bn\x7d 6\x0a</data></write>
    <write><data>transition !hKO.R\x28H\x7bZ\x5c 1\x0a</data></write>
    <write><data>transition \x60b\x27\x29\x2dS32Uvy8\x3e\x3d\x7e 3\x0a</data></write>
    <write><data>transition 1P?\x2f 1\x0a</data></write>
    <write><data>state\x0a</data></write>
    <write><data>transition CH\x2fq0RVY\x7b 3\x0a</data></write>
    <write><data>transition a\x23ghmoS\x3b 2\x0a</data></write>
    <write><data>state\x0a</data></write>
    <write><data>transition A\x40joI\x28JLO1\x29T4 4\x0a</data></write>
    <write><data>transition \x24l.0s7?\x3e 4\x0a</data></write>
    <write><data>transition CBe\x26\x2amc5v9\x5b\x5f 0\x0a</data></write>
    <write><data>state\x0a</data></write>
    <write><data>transition \x40\x22\x24\x27iH\x2dO03UV\x7b\x5e\x3b\x7e 0\x0a</data></write>
    <write><data>transition d\x2b.s5XD 0\x0a</data></write>
    <write><data>transition \x60ZFNM\x2c\x2fLSW6:\x5d 6\x0a</data></write>
    <write><data>transition AC\x2aewjbT78\x5b\x7c 4\x0a</data></write>
    <write><data>done\x0a</data></write>
    <read><delim>\x0a</delim><match><data>Ok\x2c matching input now</data></match></read>
    <write><data>reset\x0a</data></write>
    <read><delim>\x0a</delim><match><data>Please re\x2denter state machine</data></match></read>
    <write><data>3D\x2av\x22\x5ce\x5b\x2bPPC?\x0a</data></write>
    <read><delim>\x0a</delim><match><data>Invalid</data></match></read>
    <write><data>state\x0a</data></write>
    <write><data>state\x0a</data></write>
    <write><data>transition c\x27I\x2dNq2Ty\x7c 3\x0a</data></write>
    <write><data>transition 7 2\x0a</data></write>
    <write><data>transition HKJ\x2f03W6\x3d 4\x0a</data></write>
    <write><data>transition ? 0\x0a</data></write>
    <write><data>state\x0a</data></write>
    <write><data>d:Xw1\x5bp\x2a\x5b.\x5d2PJ\x3cO\x0a</data></write>
    <read><delim>\x0a</delim><match><data>Invalid</data></match></read>
    <write><data>transition 9jY\x24JM\x2cP3zvy\x7b: 0\x0a</data></write>
    <write><data>transition !\x22\x26IHk\x2dLr4\x28X\x5e\x3d\x3c?\x3e 2\x0a</data></write>
    <write><data>transition aEDfK1pU8Vx\x3b\x2be 3\x0a</data></write>
    <write><data>transition bR\x25\x5cg 4\x0a</data></write>
    <write><data>state accept\x0a</data></write>
    <write><data>transition qQput6\x5bz? 2\x0a</data></write>
    <write><data>transition e 2\x0a</data></write>
    <write><data>state\x0a</data></write>
    <write><data>transition !ce\x24HK\x23\x5cQ3TWYXnE\x2b?\x7e 2\x0a</data></write>
    <write><data>done\x0a</data></write>
    <read><delim>\x0a</delim><match><data>Ok\x2c matching input now</data></match></read>
    <write><data>onmatch length\x0a</data></write>
    <read><delim>\x0a</delim><match><data>Match action updated</data></match></read>
    <write><data>IJ9B75cl\x0a</data></write>
    <read><delim>\x0a</delim><match><data>No match :\x28 \x22IJ9B75cl\x22</data></match></read>
    <write><data>0\x3e6M\x29efy\x29A\x2f\x40\x5c\x0a</data></write>
    <read><delim>\x0a</delim><match><data>No match :\x28 \x220\x3e6M\x29efy\x29A\x2f\x40\x5c\x22</data></match></read>
    <write><data>\x28CXhP\x3eo?e\x5d\x0a</data></write>
    <read><delim>\x0a</delim><match><data>No match :\x28 \x22\x28CXhP\x3eo?e\x5d\x22</data></match></read>
    <write><data>example\x0a</data></write>
    <read><delim>\x0a</delim><match><data>Error\x2c are you done initializing?</data></match></read>
    <write><data>\x299B?1\x22g\x2dZUt\x5d\x3d\x0a</data></write>
    <read><delim>\x0a</delim><match><data>No match :\x28 \x22\x299B?1\x22g\x2dZUt\x5d\x3d\x22</data></match></read>
    <write><data>onmatch BEWq!5!\x5dH9\x5eA\x0a</data></write>
    <read><delim>\x0a</delim><match><data>Unrecognized action</data></match></read>
    <write><data>example\x0a</data></write>
    <read><delim>\x0a</delim><match><data>Error\x2c are you done initializing?</data></match></read>
    <write><data>example\x0a</data></write>
    <read><delim>\x0a</delim><match><data>Error\x2c are you done initializing?</data></match></read>
    <write><data>fsJYdRn\x0a</data></write>
    <read><delim>\x0a</delim><match><data>No match :\x28 \x22fsJYdRn\x22</data></match></read>
    <write><data>quit\x0a</data></write>
</replay>
</pov>