<?xml version="1.0" standalone="no" ?>
<!DOCTYPE pov SYSTEM "/usr/share/cgc-docs/replay.dtd">
<pov>
<cbid>service</cbid>
<seed>e2a0bc0eb8f9a47a099a9f8a91c97af4e06b0bc2ec9840aeaa41d44e7fab57064a09910e091f7670b441c38bfb347306</seed>
<replay>
    <delay>50</delay>
    <write><data>state\x0a</data></write>
    <write><data>transition \x40B\x24I\x2al.\x3cpjn\x5c\x5fd 5\x0a</data></write>
    <write><data>transition H 3\x0a</data></write>
    <write><data>transition ACiKNQ 3\x0a</data></write>
    <write><data>transition \x3e\x2b\x7eST 7\x0a</data></write>
    <write><data>hXEN9\x0a</data></write>
    <read><delim>\x0a</delim><match><data>Invalid</data></match></read>
    <write><data>state\x0a</data></write>
    <write><data>transition \x60CgGH\x2bKlL\x2724wY\x3b\x7c\x5e 1\x0a</data></write>
    <write><data>transition E0\x2dNP\x7b 1\x0a</data></write>
    <write><data>transition \x40f\x2a8\x3d? 6\x0a</data></write>
    <write><data>state\x0a</data></write>
    <write><data>transition fK.WXxz\x3e 7\x0a</data></write>
    <write><data>transition 9ehk\x2f0UTY 3\x0a</data></write>
    <write><data>transition Z\x3dOv 6\x0a</data></write>
    <write><data>state\x0a</data></write>
    <write><data>transition !ZfF\x2bj2V:\x5c 6\x0a</data></write>
    <write><data>transition \x40EH\x2cnq9R5twYu\x5e 3\x0a</data></write>
    <write><data>transition \x60\x22mMOQPsyx 7\x0a</data></write>
    <write><data>state accept\x0a</data></write>
    <write><data>cM?q\x5brD\x2fuH\x0a</data></write>
    <read><delim>\x0a</delim><match><data>Invalid</data></match></read>
    <write><data>state\x0a</data></write>
    <write><data>transition WG\x26IML\x7cPRuwvYUr\x5c\x3e 4\x0a</data></write>
    <write><data>transition aZ\x250mQpx\x5bz\x5f 4\x0a</data></write>
    <write><data>transition !6\x22\x24\x2a\x2cOqtV4 1\x0a</data></write>
    <write><data>transition l135y\x3d 1\x0a</data></write>
    <write><data>state accept\x0a</data></write>
    <write><data>EEj\x2aHO\x5b\x26D\x28IQr\x0a</data></write>
    <read><delim>\x0a</delim><match><data>Invalid</data></match></read>
    <write><data>state\x0a</data></write>
    <write><data>transition A89N 5\x0a</data></write>
    <write><data>transition zMG 0\x0a</data></write>
    <write><data>done\x0a</data></write>
    <read><delim>\x0a</delim><match><data>Ok\x2c matching input now</data></match></read>
    <write><data>jO48\x0a</data></write>
    <read><delim>\x0a</delim><match><data>Got a match! \x22jO48\x22</data></match></read>
    <read><length>9</length><match><data>0000008e\x0a</data></match></read>
    <write><data>example\x0a</data></write>
    <read><delim>\x0a</delim><match><data>Here\x27s an example: \x22\x5f\x7c\x22</data></match></read>
    <write><data>\x2a8X5\x2d\x7cVPI\x3d.\x5f\x5c\x3ba\x0a</data></write>
    <read><delim>\x0a</delim><match><data>No match :\x28 \x22\x2a8X5\x2d\x7cVPI\x3d.\x5f\x5c\x3ba\x22</data></match></read>
    <write><data>onmatch Z\x0a</data></write>
    <read><delim>\x0a</delim><match><data>Unrecognized action</data></match></read>
    <write><data>w0\x5e\x2d\x0a</data></write>
    <read><delim>\x0a</delim><match><data>No match :\x28 \x22w0\x5e\x2d\x22</data></match></read>
    <write><data>Bsp\x0a</data></write>
    <read><delim>\x0a</delim><match><data>No match :\x28 \x22Bsp\x22</data></match></read>
    <write><data>Tv\x0a</data></write>
    <read><delim>\x0a</delim><match><data>No match :\x28 \x22Tv\x22</data></match></read>
    <write><data>c\x5eco:\x3cx\x2cZxZc\x3d\x60\x0a</data></write>
    <read><delim>\x0a</delim><match><data>No match :\x28 \x22c\x5eco:\x3cx\x2cZxZc\x3d\x60\x22</data></match></read>
    <write><data>quit\x0a</data></write>
</replay>
</pov>