<?xml version="1.0" standalone="no" ?>
<!DOCTYPE pov SYSTEM "/usr/share/cgc-docs/replay.dtd">
<pov>
<cbid>service</cbid>
<seed>c8d648502521864c619ab4af346f90725c31ab79281ffa414a3b4f67b05973f6136cccead58f9327cb87d7fd5c277c5b</seed>
<replay>
    <delay>50</delay>
    <write><data>state\x0a</data></write>
    <write><data>transition !\x60KjLOS\x7eW6yZ\x5e 1\x0a</data></write>
    <write><data>state\x0a</data></write>
    <write><data>transition acBE\x26\x2c\x2fQ069x\x7e 1\x0a</data></write>
    <write><data>transition 8s\x22\x3b 1\x0a</data></write>
    <write><data>done\x0a</data></write>
    <read><delim>\x0a</delim><match><data>Ok\x2c matching input now</data></match></read>
    <write><data>onmatch \x2f\x5b6dA\x7c\x5d\x7c\x3d\x7cOp\x0a</data></write>
    <read><delim>\x0a</delim><match><data>Unrecognized action</data></match></read>
    <write><data>Sk8pe\x23VL.O\x0a</data></write>
    <read><delim>\x0a</delim><match><data>No match :\x28 \x22Sk8pe\x23VL.O\x22</data></match></read>
    <write><data>.\x5cwZn\x0a</data></write>
    <read><delim>\x0a</delim><match><data>No match :\x28 \x22.\x5cwZn\x22</data></match></read>
    <write><data>example\x0a</data></write>
    <read><delim>\x0a</delim><match><data>Error\x2c are you done initializing?</data></match></read>
    <write><data>Dh\x23h:\x40\x5cN\x5c\x26:\x29!\x0a</data></write>
    <read><delim>\x0a</delim><match><data>No match :\x28 \x22Dh\x23h:\x40\x5cN\x5c\x26:\x29!\x22</data></match></read>
    <write><data>quit\x0a</data></write>
</replay>
</pov>