<?xml version="1.0" standalone="no" ?>
<!DOCTYPE pov SYSTEM "/usr/share/cgc-docs/replay.dtd">
<pov>
<cbid>service</cbid>
<seed>5cb7bf8b3a673ab9da8463a1c1f1f73394fd358981e52b8bb9251a77e247fda1cc4c4a7a9e70b73cc2310e75abbc9add</seed>
<replay>
    <delay>50</delay>
    <write><data>state\x0a</data></write>
    <write><data>transition \x40ce\x24IlM4oLQPrTwYR\x7d\x5b\x5e 1\x0a</data></write>
    <write><data>state\x0a</data></write>
    <write><data>JsLN\x232\x0a</data></write>
    <read><delim>\x0a</delim><match><data>Invalid</data></match></read>
    <write><data>transition c\x25gG.d2\x7d\x24 1\x0a</data></write>
    <write><data>state\x0a</data></write>
    <write><data>transition \x23ZI\x24G\x26ihk\x2cpTW9zYt 2\x0a</data></write>
    <write><data>G\x23V\x0a</data></write>
    <read><delim>\x0a</delim><match><data>Invalid</data></match></read>
    <write><data>transition \x40ED\x28JmN3RVx\x7de\x5f\x3e 1\x0a</data></write>
    <write><data>done\x0a</data></write>
    <read><delim>\x0a</delim><match><data>Ok\x2c matching input now</data></match></read>
    <write><data>quit\x0a</data></write>
</replay>
</pov>