<?xml version="1.0" standalone="no" ?>
<!DOCTYPE pov SYSTEM "/usr/share/cgc-docs/replay.dtd">
<pov>
<cbid>service</cbid>
<seed>1b35d63e3defdbec7d31b2a8f8591534245da9ac553201e5ad1457cd7896b6fc5364e8cdf9adadb4167daf85404821f3</seed>
<replay>
    <read><length>37</length><match><data>\x1a\xd72\xb2\xa5\x1c\xe5\xbf\xd2\x1c\xe5\x3b\xa9\x1c\xc0\x1e\xf9\x7c\xafXXXXXXXXXXXXXXXXX\xaf</data></match></read>
    <read><length>71</length><match><data>\xafXXX\x1c\xe9K\x40\xb2\x1cXXXXXXXXXXXXXXXXXXX\xaf\x7c\xf9\x1c!K\xe4k\x2a\xa5K3\x1c\x2c\x2aK3\xaf\xcf\xf9\x1c\x3b2\xe4k\x40\x1c\x2c\x2aK3\xaf6\xf9\x1c\xaa\xb2k\xa5\xaf\xdf\x1c</data></match></read>
    <write><data>\x7c\xaf</data></write>
    <read><length>49</length><match><data>\xafXXX\x1c\x2c\x2aK3\x1c\xe53K\xab\xa5k2\x40\x1cXXXXXXXXXXXXXXXXXXX\xafgk\xf8\xf3\x40\xabpK\xda\x1c</data></match></read>
    <write><data>2\x083\x3b\xc0\x08\xab\xa1\x2a\x08\xaf</data></write>
    <read><length>10</length><match><data>\xd5\xab\x2a\x2a\xe223\x7d\xda\x1c</data></match></read>
    <write><data>\x96L\x15\x96\xa7\xa73L\xd5\xe22g\xe4\x1a\xd1\x8f\xaf</data></write>
    <read><length>12</length><match><data>\xbfK\xabp\x1c\xa52\xf3K\x40\xda\x1c</data></match></read>
    <write><data>\xaf</data></write>
    <read><length>50</length><match><data>\xafXXX\x1c\xbfK\xabp\x1c\xe53K\xab\xa5k2\x40\x1cXXXXXXXXXXXXXXXXXXX\xaf\xbfK\xabp\x1c\x40\xabpK\xda\x1c</data></match></read>
    <write><data>Q\xe4\x0d\x80\xbcS\xa5\xcdi\x1e\x2a0\x96\x96\xd5\x3b\x80Q\x1e\xe9\x2a\xa1\x2c\x7ci\xd5\xe5k\x0d\xbc\xaf</data></write>
    <read><length>10</length><match><data>\x1a\xd72\xb2\xa52\xb2\xa5\xda\x1c</data></match></read>
    <write><data>\xc2\x96\xbf\xbfk\x8f\xa7\xe8\xe9\xe8\xd5\x2c\xf8Q\x19\xc9\x2c\xbf\xbf\x7d\xd7\xc2gi\x80\xe4\xaa\x3b\xe8pi\xa7\xe9\xc2\xffk\xbfg\xaf</data></write>
    <read><length>83</length><match><data>\x98\xa9g\xd2\x80\x8a\x1c\x1a\xb2\xf8\xf8K\x2a\x2a\x90\xb2\xc6\xc6\x1f\x1c3K\xe4k\x2a\xa5K3K\x7d\xf9\xaf\x98\xa9g\xd2\x80\x8a\x1c\xbfK\xabp\x1c\xf82\x7dK\xda\x1c\x2a\x80\xe2\x1a\x1f\xbf\x1f2\x19\xe4\x7d\xa7\x2a\x19NQ6\xe02\x80\xb2!i\x1a6\xcd\xc9\xa7\x15g0\xc2\xaf</data></match></read>
    <read><length>71</length><match><data>\xafXXX\x1c\xe9K\x40\xb2\x1cXXXXXXXXXXXXXXXXXXX\xaf\x7c\xf9\x1c!K\xe4k\x2a\xa5K3\x1c\x2c\x2aK3\xaf\xcf\xf9\x1c\x3b2\xe4k\x40\x1c\x2c\x2aK3\xaf6\xf9\x1c\xaa\xb2k\xa5\xaf\xdf\x1c</data></match></read>
    <write><data>\x7c\xaf</data></write>
    <read><length>49</length><match><data>\xafXXX\x1c\x2c\x2aK3\x1c\xe53K\xab\xa5k2\x40\x1cXXXXXXXXXXXXXXXXXXX\xafgk\xf8\xf3\x40\xabpK\xda\x1c</data></match></read>
    <write><data>\xa7\xc6\x08\xe4\xa92\xe4Q\xd2N\x8f\xab\xaf</data></write>
    <read><length>10</length><match><data>\xd5\xab\x2a\x2a\xe223\x7d\xda\x1c</data></match></read>
    <write><data>\xe538\x7c\x96\x7c\xffg\x0d\x96\xbc\xaf</data></write>
    <read><length>12</length><match><data>\xbfK\xabp\x1c\xa52\xf3K\x40\xda\x1c</data></match></read>
    <write><data>\x2a\x80\xe2\x1a\x1f\xbf\x1f2\x19\xe4\x7d\xa7\x2a\x19NQ6\xe02\x80\xb2!i\x1a6\xcd\xc9\xa7\x15g0\xc2\xaf</data></write>
    <read><length>32</length><match><data>\x98\xa9g\xd2\x80\x8a\x1c\x1a\xb2\xf8\xf8K\x2a\x2a\x90\xb2\xc6\xc6\x1f\x1c3K\xe4k\x2a\xa5K3K\x7d\xf9\xaf</data></match></read>
    <read><length>71</length><match><data>\xafXXX\x1c\xe9K\x40\xb2\x1cXXXXXXXXXXXXXXXXXXX\xaf\x7c\xf9\x1c!K\xe4k\x2a\xa5K3\x1c\x2c\x2aK3\xaf\xcf\xf9\x1c\x3b2\xe4k\x40\x1c\x2c\x2aK3\xaf6\xf9\x1c\xaa\xb2k\xa5\xaf\xdf\x1c</data></match></read>
    <write><data>\x7c\xaf</data></write>
    <read><length>49</length><match><data>\xafXXX\x1c\x2c\x2aK3\x1c\xe53K\xab\xa5k2\x40\x1cXXXXXXXXXXXXXXXXXXX\xafgk\xf8\xf3\x40\xabpK\xda\x1c</data></match></read>
    <write><data>\x2cb8\xf3\xbf\x40!\xe2\xaf</data></write>
    <read><length>10</length><match><data>\xd5\xab\x2a\x2a\xe223\x7d\xda\x1c</data></match></read>
    <write><data>\xc2Q\x2cbi\xd22\x1a\x19\xa5Q!Sk\x2a\xcf\xe9\xa5\xff\xd2\xd5\x7d\x15\x40\x1a2\xaf</data></write>
    <read><length>12</length><match><data>\xbfK\xabp\x1c\xa52\xf3K\x40\xda\x1c</data></match></read>
    <write><data>\xaf</data></write>
    <read><length>50</length><match><data>\xafXXX\x1c\xbfK\xabp\x1c\xe53K\xab\xa5k2\x40\x1cXXXXXXXXXXXXXXXXXXX\xaf\xbfK\xabp\x1c\x40\xabpK\xda\x1c</data></match></read>
    <write><data>N\xc0N\xc0\x1f\xe8\x2cp\x7d\x90\x19\xc2bb\x2c\xff\xaf</data></write>
    <read><length>10</length><match><data>\x1a\xd72\xb2\xa52\xb2\xa5\xda\x1c</data></match></read>
    <write><data>\xe5L\xd5\x1aig\x2c\x96\xa7\x1a\x1e\x8fL8\xc2\xe9\xe42\x08\x19\x40\xe1\xab\xc9\xa9\xaf</data></write>
    <read><length>83</length><match><data>\x98\xa9g\xd2\x80\x8a\x1c\x1a\xb2\xf8\xf8K\x2a\x2a\x90\xb2\xc6\xc6\x1f\x1c3K\xe4k\x2a\xa5K3K\x7d\xf9\xaf\x98\xa9g\xd2\x80\x8a\x1c\xbfK\xabp\x1c\xf82\x7dK\xda\x1c\x80\xb2pk\x3b\xe8\x1f!\xcf\xcd\xc9\xa1Q6\xc2\x2c\xff\xe5\xd1Sp\x3b\xe8\xe1\x1a\xe2\x1a\x1f!\xc0\xd5\x7c\xaf</data></match></read>
    <read><length>71</length><match><data>\xafXXX\x1c\xe9K\x40\xb2\x1cXXXXXXXXXXXXXXXXXXX\xaf\x7c\xf9\x1c!K\xe4k\x2a\xa5K3\x1c\x2c\x2aK3\xaf\xcf\xf9\x1c\x3b2\xe4k\x40\x1c\x2c\x2aK3\xaf6\xf9\x1c\xaa\xb2k\xa5\xaf\xdf\x1c</data></match></read>
    <write><data>\x7c\xaf</data></write>
    <read><length>49</length><match><data>\xafXXX\x1c\x2c\x2aK3\x1c\xe53K\xab\xa5k2\x40\x1cXXXXXXXXXXXXXXXXXXX\xafgk\xf8\xf3\x40\xabpK\xda\x1c</data></match></read>
    <write><data>\xe5\x3b\x96\x2a\xd56\xe1\x7d\xc6QN\xe2\xaf</data></write>
    <read><length>10</length><match><data>\xd5\xab\x2a\x2a\xe223\x7d\xda\x1c</data></match></read>
    <write><data>\x15Q\xf8L\xf3\xb2\xe48\xf3\x8f\xa9\x80\x2a\x0d\xbf\xd5\xa7\xf8\x8f\xaf</data></write>
    <read><length>12</length><match><data>\xbfK\xabp\x1c\xa52\xf3K\x40\xda\x1c</data></match></read>
    <write><data>\xaf</data></write>
    <read><length>50</length><match><data>\xafXXX\x1c\xbfK\xabp\x1c\xe53K\xab\xa5k2\x40\x1cXXXXXXXXXXXXXXXXXXX\xaf\xbfK\xabp\x1c\x40\xabpK\xda\x1c</data></match></read>
    <write><data>6LK\x15S\xa1\xa7N\xcd\xaf</data></write>
    <read><length>10</length><match><data>\x1a\xd72\xb2\xa52\xb2\xa5\xda\x1c</data></match></read>
    <write><data>\xaab\x1e\xe4\xcd\xd1\x40\xe4\x1e\xd5LS3\xe0\xa1\xaa\xaa\xe82\x96\xf3\xd1\x158!g\x806\x08\xc0\xc6!\xc6\xcd\xe1k\x7d\xe2i\x1f\xc9\xaa\xcf\xc28\xf3\x2c\x2a\x2ai\xff\xab\xd5\x1e\x2a\xc6\xcf\x96\xf3\xc6\xe9\x40\xe4!\xaf</data></write>
    <read><length>83</length><match><data>\x98\xa9g\xd2\x80\x8a\x1c\x1a\xb2\xf8\xf8K\x2a\x2a\x90\xb2\xc6\xc6\x1f\x1c3K\xe4k\x2a\xa5K3K\x7d\xf9\xaf\x98\xa9g\xd2\x80\x8a\x1c\xbfK\xabp\x1c\xf82\x7dK\xda\x1c\xab\xf8\xa93k\xe4\x7d\xa93g\x1e\xe1\x1a\xe2\xc6\x90N3kKN\xa5\xaa\xcf\xe0\x15kK\xf8\x7d\x0d\xab\xaf</data></match></read>
    <read><length>71</length><match><data>\xafXXX\x1c\xe9K\x40\xb2\x1cXXXXXXXXXXXXXXXXXXX\xaf\x7c\xf9\x1c!K\xe4k\x2a\xa5K3\x1c\x2c\x2aK3\xaf\xcf\xf9\x1c\x3b2\xe4k\x40\x1c\x2c\x2aK3\xaf6\xf9\x1c\xaa\xb2k\xa5\xaf\xdf\x1c</data></match></read>
    <write><data>\xcf\xaf</data></write>
    <read><length>37</length><match><data>\xafXXX\x1c\x3b2\xe4k\x40\x1cXXXXXXXXXXXXXXXXXXX\xafgk\xf8\xf3\xda\x1c</data></match></read>
    <write><data>\xe5\x3b\x96\x2a\xd56\xe1\x7d\xc6QN\xe2\xaf</data></write>
    <read><length>10</length><match><data>\xd5\xab\x2a\x2a\xe223\x7d\xda\x1c</data></match></read>
    <write><data>\x15Q\xf8L\xf3\xb2\xe48\xf3\x8f\xa9\x80\x2a\x0d\xbf\xd5\xa7\xf8\x8f\xaf</data></write>
    <read><length>47</length><match><data>\x98\xa9g\xd2\x80\x8a\x1c\x1a\xb2\xf8\xf8K\x2a\x2a\x90\xb2\xc6\xc6\x1f\x1c\xc62\xe4\xe4K\x7d\x1ck\x40\x1c\xab\x2a\x1c\xe5\x3b\x96\x2a\xd56\xe1\x7d\xc6QN\xe2\xf9\xaf</data></match></read>
    <read><length>85</length><match><data>\xafXXXXXXXXXXXXXXXXXXXXXXXXXXXXXXXX\xafs\x1c\x986LK\x15S\xa1\xa7N\xcd\x8a\x1c\xf6\x1c\x1e\xafXXXXXXXXXXXXXXXXXXXXXXXXXXXXXXXX\xaf</data></match></read>
    <read><length>15</length><match><data>g2\x1c\x2a2\xc6\xc0K\x2a\x1c\x1fK\xa5\xf9\xaf</data></match></read>
    <read><length>33</length><match><data>XXXXXXXXXXXXXXXXXXXXXXXXXXXXXXXX\xaf</data></match></read>
    <read><length>146</length><match><data>\xafXXX\x1c\xe5\xbf\xd2\x1c\xe9K\x40\xb2\x1cXXXXXXXXXXXXXXXXXXX\xaf\x7c\xf9\x1c\xd1kK\xe2\x1c\xf8\xd7\xab\xc6\xc6K\x40\xe4K\x1c\xc6k\x2a\xa5\xaf\xcf\xf9\x1c\xd1kK\xe2\x1c\xf8\xd7\xab\xc6\xc6K\x40\xe4K\x1c\x7dK\xa5\xabk\xc6\xaf6\xf9\x1c\xd1kK\xe2\x1c3\xab\x40\xf3k\x40\xe4\xaf\xff\xf9\x1c\xd1kK\xe2\x1c\xa5K\xabp\x1cb32\x90k\xc6K\xaf\x8f\xf9\x1c\x1a\xb2\x0dpk\xa5\x1c\x90\xc6\xab\xe4\xaf\xcd\xf9\x1c\x3b2\xe42\xb2\xa5\xaf\xdf\x1c</data></match></read>
    <write><data>\xcf\xaf</data></write>
    <read><length>40</length><match><data>\xafXXX\x1c\xe5\xd7\xab\xc6\xc6K\x40\xe4K\x1c\xc6k\x2a\xa5\x1cXXXXXXXXXXXXXXXXXXX\xaf</data></match></read>
    <read><length>321</length><match><data>\x1e\xf9\x1c\x98\xd5\xe2\x40\xab\x0d\xc6K\x8a\x1c\x98\x7c\xcf\xc9\x1cb\xa5\x2a\x8a\x1c2\x80\xe2\xaai\x40\xe48\x2a\xc6\xe9\xa5\x80\xb2\xd5\xbc\xff\x96\xabL\x15\xf38\x2a\xc6\x90K\xf8\xa93k\x3b\x1c\xf6\x1c\x80bK\x40\xaf\x7c\xf9\x1c\x98!K\xc0K3\x2ak\x40\xe4\x8a\x1c\x98\xcf\xcf\x1cb\xa5\x2a\x8a\x1c\xd1S\xbf6\xc2\x40\xe4\xa9\xa5\xaa\xcf\xc9\xa13\xf3\x90\xf8\x0d\xd23\xd5\xb2\xf3\xd78\xb2\xf3\xd7\xa9\xa5\xc6\x90\x1c\xf6\x1c\x3b2\xf8\xf3K\x7d\xaf\xcf\xf9\x1c\x98!K\xc0K3\x2ak\x40\xe4\x8a\x1c\x98\x7c\xff\xcd\x1cb\xa5\x2a\x8a\x1cb\x19\x3b\xb2pkN0\xff\xa13\xf3\xe9\xa5\x19KN3kKKNQ\x1f\xbf6\xcd\xc9\xa13kN\x1c\xf6\x1c\x3b2\xf8\xf3K\x7d\xaf6\xf9\x1c\x98QK\x0d\x8a\x1c\x98\x7c6\x08\x1cb\xa5\x2a\x8a\x1c\xd1\xcf\xcd\xe0\x15g0\xff\x96\xc9\xa7\x15k\xe4\x7d\xa7\x15k\x3b\xe86\xc2b\xd7\xa9Q\xe1b\x80\xb2!\x1e\x1c\xf6\x1c\x3b2\xf8\xf3K\x7d\xaf\xff\xf9\x1c\x98\xe53\x1fb\xa52\x8a\x1c\x98\xcf\xcf6\x1cb\xa5\x2a\x8a\x1c\xf8\xa7\xd1\xff\x08\xa1\x2c\xff\x96\xab\xabL\x2a\x80\xbc\xc2b\x19N3\xf3\x90KN0\xc2\x1a6\xcd\xc9\x08\x08\x1c\xf6\x1c\x3b2\xf8\xf3K\x7d\xaf</data></match></read>
    <read><length>13</length><match><data>\xaf\xe5\xd722\x2aK\x1ck\x7di\xda\x1c</data></match></read>
    <write><data>\x7c\xaf</data></write>
    <read><length>113</length><match><data>\xafXXX\x1c\xe5\xd7\xab\xc6\xc6K\x40\xe4K\x1c\x7dK\xa5\xabk\xc6\x1cXXXXXXXXXXXXXXXXXXX\xaf\x98!K\xc0K3\x2ak\x40\xe4\x8a\x1c\x98\xcf\xcf\x1cb\xa5\x2a\x8a\x1c\xd1S\xbf6\xc2\x40\xe4\xa9\xa5\xaa\xcf\xc9\xa13\xf3\x90\xf8\x0d\xd23\xd5\xb2\xf3\xd78\xb2\xf3\xd7\xa9\xa5\xc6\x90\x1c\xf6\x1c\x3b2\xf8\xf3K\x7d\xafLk\x7d\x7dK\x40\xf9\xaf</data></match></read>
    <read><length>85</length><match><data>\xafXXXXXXXXXXXXXXXXXXXXXXXXXXXXXXXX\xafs\x1c\x986LK\x15S\xa1\xa7N\xcd\x8a\x1c\xf6\x1c\x1e\xafXXXXXXXXXXXXXXXXXXXXXXXXXXXXXXXX\xaf</data></match></read>
    <read><length>15</length><match><data>g2\x1c\x2a2\xc6\xc0K\x2a\x1c\x1fK\xa5\xf9\xaf</data></match></read>
    <read><length>33</length><match><data>XXXXXXXXXXXXXXXXXXXXXXXXXXXXXXXX\xaf</data></match></read>
    <read><length>146</length><match><data>\xafXXX\x1c\xe5\xbf\xd2\x1c\xe9K\x40\xb2\x1cXXXXXXXXXXXXXXXXXXX\xaf\x7c\xf9\x1c\xd1kK\xe2\x1c\xf8\xd7\xab\xc6\xc6K\x40\xe4K\x1c\xc6k\x2a\xa5\xaf\xcf\xf9\x1c\xd1kK\xe2\x1c\xf8\xd7\xab\xc6\xc6K\x40\xe4K\x1c\x7dK\xa5\xabk\xc6\xaf6\xf9\x1c\xd1kK\xe2\x1c3\xab\x40\xf3k\x40\xe4\xaf\xff\xf9\x1c\xd1kK\xe2\x1c\xa5K\xabp\x1cb32\x90k\xc6K\xaf\x8f\xf9\x1c\x1a\xb2\x0dpk\xa5\x1c\x90\xc6\xab\xe4\xaf\xcd\xf9\x1c\x3b2\xe42\xb2\xa5\xaf\xdf\x1c</data></match></read>
    <write><data>\xcd\xaf</data></write>
    <read><length>32</length><match><data>\x98\xa9g\xd2\x80\x8a\x1c\x1a\xb2\xf8\xf8K\x2a\x2a\x90\xb2\xc6\xc6\x1f\x1c\xc62\xe4\xe4K\x7d\x1c2\xb2\xa5\xf9\xaf</data></match></read>
    <read><length>71</length><match><data>\xafXXX\x1c\xe9K\x40\xb2\x1cXXXXXXXXXXXXXXXXXXX\xaf\x7c\xf9\x1c!K\xe4k\x2a\xa5K3\x1c\x2c\x2aK3\xaf\xcf\xf9\x1c\x3b2\xe4k\x40\x1c\x2c\x2aK3\xaf6\xf9\x1c\xaa\xb2k\xa5\xaf\xdf\x1c</data></match></read>
    <write><data>\xcf\xaf</data></write>
    <read><length>39</length><match><data>\xe5\xbf\xd2\x1c\x2aK3\xc0K3\x1ck\x2a\x1c\x7d2\xe2\x40\x28\x1c\xbf3\x1f\x1c\xab\xe4\xabk\x40\x1c\xc6\xab\xa5K3\x1c\xdal\xaf</data></match></read>
    <read><length>71</length><match><data>\xafXXX\x1c\xe9K\x40\xb2\x1cXXXXXXXXXXXXXXXXXXX\xaf\x7c\xf9\x1c!K\xe4k\x2a\xa5K3\x1c\x2c\x2aK3\xaf\xcf\xf9\x1c\x3b2\xe4k\x40\x1c\x2c\x2aK3\xaf6\xf9\x1c\xaa\xb2k\xa5\xaf\xdf\x1c</data></match></read>
    <write><data>\x7c\xaf</data></write>
    <read><length>49</length><match><data>\xafXXX\x1c\x2c\x2aK3\x1c\xe53K\xab\xa5k2\x40\x1cXXXXXXXXXXXXXXXXXXX\xafgk\xf8\xf3\x40\xabpK\xda\x1c</data></match></read>
    <write><data>\xd16\x15KQ\xe0\x0d\x2a\xf8\xf3\xa9\xc2\xaf</data></write>
    <read><length>10</length><match><data>\xd5\xab\x2a\x2a\xe223\x7d\xda\x1c</data></match></read>
    <write><data>6\xf3\xc2\x3b\x0d\xa7Q3\xaf</data></write>
    <read><length>12</length><match><data>\xbfK\xabp\x1c\xa52\xf3K\x40\xda\x1c</data></match></read>
    <write><data>\x80\xb2pk\x3b\xe8\x1f!\xcf\xcd\xc9\xa1Q6\xc2\x2c\xff\xe5\xd1Sp\x3b\xe8\xe1\x1a\xe2\x1a\x1f!\xc0\xd5\x7c\xaf</data></write>
    <read><length>32</length><match><data>\x98\xa9g\xd2\x80\x8a\x1c\x1a\xb2\xf8\xf8K\x2a\x2a\x90\xb2\xc6\xc6\x1f\x1c3K\xe4k\x2a\xa5K3K\x7d\xf9\xaf</data></match></read>
    <read><length>71</length><match><data>\xafXXX\x1c\xe9K\x40\xb2\x1cXXXXXXXXXXXXXXXXXXX\xaf\x7c\xf9\x1c!K\xe4k\x2a\xa5K3\x1c\x2c\x2aK3\xaf\xcf\xf9\x1c\x3b2\xe4k\x40\x1c\x2c\x2aK3\xaf6\xf9\x1c\xaa\xb2k\xa5\xaf\xdf\x1c</data></match></read>
    <write><data>\xcf\xaf</data></write>
    <read><length>37</length><match><data>\xafXXX\x1c\x3b2\xe4k\x40\x1cXXXXXXXXXXXXXXXXXXX\xafgk\xf8\xf3\xda\x1c</data></match></read>
    <write><data>2\x083\x3b\xc0\x08\xab\xa1\x2a\x08\xaf</data></write>
    <read><length>10</length><match><data>\xd5\xab\x2a\x2a\xe223\x7d\xda\x1c</data></match></read>
    <write><data>\x96L\x15\x96\xa7\xa73L\xd5\xe22g\xe4\x1a\xd1\x8f\xaf</data></write>
    <read><length>45</length><match><data>\x98\xa9g\xd2\x80\x8a\x1c\x1a\xb2\xf8\xf8K\x2a\x2a\x90\xb2\xc6\xc6\x1f\x1c\xc62\xe4\xe4K\x7d\x1ck\x40\x1c\xab\x2a\x1c2\x083\x3b\xc0\x08\xab\xa1\x2a\x08\xf9\xaf</data></match></read>
    <read><length>106</length><match><data>\xafXXXXXXXXXXXXXXXXXXXXXXXXXXXXXXXX\xafs\x1c\x98Q\xe4\x0d\x80\xbcS\xa5\xcdi\x1e\x2a0\x96\x96\xd5\x3b\x80Q\x1e\xe9\x2a\xa1\x2c\x7ci\xd5\xe5k\x0d\xbc\x8a\x1c\xf6\x1c\x1e\xafXXXXXXXXXXXXXXXXXXXXXXXXXXXXXXXX\xaf</data></match></read>
    <read><length>15</length><match><data>g2\x1c\x2a2\xc6\xc0K\x2a\x1c\x1fK\xa5\xf9\xaf</data></match></read>
    <read><length>33</length><match><data>XXXXXXXXXXXXXXXXXXXXXXXXXXXXXXXX\xaf</data></match></read>
    <read><length>146</length><match><data>\xafXXX\x1c\xe5\xbf\xd2\x1c\xe9K\x40\xb2\x1cXXXXXXXXXXXXXXXXXXX\xaf\x7c\xf9\x1c\xd1kK\xe2\x1c\xf8\xd7\xab\xc6\xc6K\x40\xe4K\x1c\xc6k\x2a\xa5\xaf\xcf\xf9\x1c\xd1kK\xe2\x1c\xf8\xd7\xab\xc6\xc6K\x40\xe4K\x1c\x7dK\xa5\xabk\xc6\xaf6\xf9\x1c\xd1kK\xe2\x1c3\xab\x40\xf3k\x40\xe4\xaf\xff\xf9\x1c\xd1kK\xe2\x1c\xa5K\xabp\x1cb32\x90k\xc6K\xaf\x8f\xf9\x1c\x1a\xb2\x0dpk\xa5\x1c\x90\xc6\xab\xe4\xaf\xcd\xf9\x1c\x3b2\xe42\xb2\xa5\xaf\xdf\x1c</data></match></read>
    <write><data>\x7c\xaf</data></write>
    <read><length>40</length><match><data>\xafXXX\x1c\xe5\xd7\xab\xc6\xc6K\x40\xe4K\x1c\xc6k\x2a\xa5\x1cXXXXXXXXXXXXXXXXXXX\xaf</data></match></read>
    <read><length>446</length><match><data>\x1e\xf9\x1c\x98\xd5\xe2\x40\xab\x0d\xc6K\x8a\x1c\x98\x7c\xcf\xc9\x1cb\xa5\x2a\x8a\x1c2\x80\xe2\xaai\x40\xe48\x2a\xc6\xe9\xa5\x80\xb2\xd5\xbc\xff\x96\xabL\x15\xf38\x2a\xc6\x90K\xf8\xa93k\x3b\x1c\xf6\x1c\x80bK\x40\xaf\x7c\xf9\x1c\x98!K\xc0K3\x2ak\x40\xe4\x8a\x1c\x98\xcf\xcf\x1cb\xa5\x2a\x8a\x1c\xd1S\xbf6\xc2\x40\xe4\xa9\xa5\xaa\xcf\xc9\xa13\xf3\x90\xf8\x0d\xd23\xd5\xb2\xf3\xd78\xb2\xf3\xd7\xa9\xa5\xc6\x90\x1c\xf6\x1c\x80bK\x40\xaf\xcf\xf9\x1c\x98!K\xc0K3\x2ak\x40\xe4\x8a\x1c\x98\x7c\xff\xcd\x1cb\xa5\x2a\x8a\x1cb\x19\x3b\xb2pkN0\xff\xa13\xf3\xe9\xa5\x19KN3kKKNQ\x1f\xbf6\xcd\xc9\xa13kN\x1c\xf6\x1c\x80bK\x40\xaf6\xf9\x1c\x98QK\x0d\x8a\x1c\x98\x7c6\x08\x1cb\xa5\x2a\x8a\x1c\xd1\xcf\xcd\xe0\x15g0\xff\x96\xc9\xa7\x15k\xe4\x7d\xa7\x15k\x3b\xe86\xc2b\xd7\xa9Q\xe1b\x80\xb2!\x1e\x1c\xf6\x1c\x3b2\xf8\xf3K\x7d\xaf\xff\xf9\x1c\x98\xe53\x1fb\xa52\x8a\x1c\x98\xcf\xcf6\x1cb\xa5\x2a\x8a\x1c\xf8\xa7\xd1\xff\x08\xa1\x2c\xff\x96\xab\xabL\x2a\x80\xbc\xc2b\x19N3\xf3\x90KN0\xc2\x1a6\xcd\xc9\x08\x08\x1c\xf6\x1c\x3b2\xf8\xf3K\x7d\xaf\x8f\xf9\x1c\x98gK\xa5\xe223\xf3\x8a\x1c\x98\xcf\xcf\x96\x1cb\xa5\x2a\x8a\x1cpg\xc0pg0\xcd\xab\xd2b\x80\xe2\x1a\x7c\x96\xab\xf8\xa90\xff\xa13kN3g\xa5\xc6\xe9\x1e\xe1b\x1c\xf6\x1c\x3b2\xf8\xf3K\x7d\xaf\xcd\xf9\x1c\x98\xd5\xe2\x40\xab\x0d\xc6K\x8a\x1c\x98\xcd\x8f\x1cb\xa5\x2a\x8a\x1c\x96\xabL\x15g\xc0!\x1e\x96\xd2\x2c\xcf\xe0\xd1\xcf\xc2\x40\xe4\x7d\x7d\x0d\xd23\xd5\xbcS\xbf\x1f2\xe90\xcd\x1c\xf6\x1c\x3b2\xf8\xf3K\x7d\xaf</data></match></read>
    <read><length>106</length><match><data>\xafXXXXXXXXXXXXXXXXXXXXXXXXXXXXXXXX\xafs\x1c\x98Q\xe4\x0d\x80\xbcS\xa5\xcdi\x1e\x2a0\x96\x96\xd5\x3b\x80Q\x1e\xe9\x2a\xa1\x2c\x7ci\xd5\xe5k\x0d\xbc\x8a\x1c\xf6\x1c\x1e\xafXXXXXXXXXXXXXXXXXXXXXXXXXXXXXXXX\xaf</data></match></read>
    <read><length>15</length><match><data>g2\x1c\x2a2\xc6\xc0K\x2a\x1c\x1fK\xa5\xf9\xaf</data></match></read>
    <read><length>33</length><match><data>XXXXXXXXXXXXXXXXXXXXXXXXXXXXXXXX\xaf</data></match></read>
    <read><length>146</length><match><data>\xafXXX\x1c\xe5\xbf\xd2\x1c\xe9K\x40\xb2\x1cXXXXXXXXXXXXXXXXXXX\xaf\x7c\xf9\x1c\xd1kK\xe2\x1c\xf8\xd7\xab\xc6\xc6K\x40\xe4K\x1c\xc6k\x2a\xa5\xaf\xcf\xf9\x1c\xd1kK\xe2\x1c\xf8\xd7\xab\xc6\xc6K\x40\xe4K\x1c\x7dK\xa5\xabk\xc6\xaf6\xf9\x1c\xd1kK\xe2\x1c3\xab\x40\xf3k\x40\xe4\xaf\xff\xf9\x1c\xd1kK\xe2\x1c\xa5K\xabp\x1cb32\x90k\xc6K\xaf\x8f\xf9\x1c\x1a\xb2\x0dpk\xa5\x1c\x90\xc6\xab\xe4\xaf\xcd\xf9\x1c\x3b2\xe42\xb2\xa5\xaf\xdf\x1c</data></match></read>
    <write><data>\x8f\xaf</data></write>
    <read><length>43</length><match><data>\xafXXX\x1c\x1a\xb2\x0dpk\xa5\x1c\x90\xc6\xab\xe4\x1cXXXXXXXXXXXXXXXXXXX\xaf\xd2\xc6\xab\xe4\xda\x1c</data></match></read>
    <write><data>\x80\xbcS!\xcf\xc2b\xe9\xa5\x19\x3b\xe86\xc9\x08\x08\xa7\xe8\x8f\xa1Q\xe1\x1a6\xcd\xab\xab\xf8\xa7\xe86\xcd\xaf</data></write>
    <read><length>40</length><match><data>\x98\xa9g\xd2\x80\x8a\x1c\xe52\x40\xe43\xab\xa5\x2a\x28\x1c02\xb2\x1c\x2a\xf823K\x7d\x1c\x7c6\x08\x1cb2k\x40\xa5\x2a\x28\xaf</data></match></read>
    <read><length>108</length><match><data>\xafXXXXXXXXXXXXXXXXXXXXXXXXXXXXXXXX\xafs\x1c\x98Q\xe4\x0d\x80\xbcS\xa5\xcdi\x1e\x2a0\x96\x96\xd5\x3b\x80Q\x1e\xe9\x2a\xa1\x2c\x7ci\xd5\xe5k\x0d\xbc\x8a\x1c\xf6\x1c\x7c6\x08\xafXXXXXXXXXXXXXXXXXXXXXXXXXXXXXXXX\xaf</data></match></read>
    <read><length>116</length><match><data>s\x1cQ\xe4\x0d\x80\xbcS\xa5\xcdi\x1e\x2a0\x96\x96\xd5\x3b\x80Q\x1e\xe9\x2a\xa1\x2c\x7ci\xd5\xe5k\x0d\xbc\x1c\x2a2\xc6\xc0K\x7d\x1c\xd1\xcf\xcd\xe0\x15g0\xff\x96\xc9\xa7\x15k\xe4\x7d\xa7\x15k\x3b\xe86\xc2b\xd7\xa9Q\xe1b\x80\xb2!\x1e\x1cl\x7c6\x08\x1cb\xa5\x2a\x7e\xafXXXXXXXXXXXXXXXXXXXXXXXXXXXXXXXX\xaf</data></match></read>
    <read><length>146</length><match><data>\xafXXX\x1c\xe5\xbf\xd2\x1c\xe9K\x40\xb2\x1cXXXXXXXXXXXXXXXXXXX\xaf\x7c\xf9\x1c\xd1kK\xe2\x1c\xf8\xd7\xab\xc6\xc6K\x40\xe4K\x1c\xc6k\x2a\xa5\xaf\xcf\xf9\x1c\xd1kK\xe2\x1c\xf8\xd7\xab\xc6\xc6K\x40\xe4K\x1c\x7dK\xa5\xabk\xc6\xaf6\xf9\x1c\xd1kK\xe2\x1c3\xab\x40\xf3k\x40\xe4\xaf\xff\xf9\x1c\xd1kK\xe2\x1c\xa5K\xabp\x1cb32\x90k\xc6K\xaf\x8f\xf9\x1c\x1a\xb2\x0dpk\xa5\x1c\x90\xc6\xab\xe4\xaf\xcd\xf9\x1c\x3b2\xe42\xb2\xa5\xaf\xdf\x1c</data></match></read>
    <write><data>\x8f\xaf</data></write>
    <read><length>43</length><match><data>\xafXXX\x1c\x1a\xb2\x0dpk\xa5\x1c\x90\xc6\xab\xe4\x1cXXXXXXXXXXXXXXXXXXX\xaf\xd2\xc6\xab\xe4\xda\x1c</data></match></read>
    <write><data>\x80\xbcS!\xcf\xc2b\xe9\xa5\x19\x3b\xe86\xc9\x08\x08\xa7\xe8\x8f\xa1Q\xe1\x1a6\xcd\xab\xab\xf8\xa7\xe86\xcd\xaf</data></write>
    <read><length>24</length><match><data>\x98\xa1!!\x80!\x8a\x1c\xe0\xb2b\xc6k\xf8\xab\xa5K\x1c\x90\xc6\xab\xe4\xf9\xaf</data></match></read>
    <read><length>108</length><match><data>\xafXXXXXXXXXXXXXXXXXXXXXXXXXXXXXXXX\xafs\x1c\x98Q\xe4\x0d\x80\xbcS\xa5\xcdi\x1e\x2a0\x96\x96\xd5\x3b\x80Q\x1e\xe9\x2a\xa1\x2c\x7ci\xd5\xe5k\x0d\xbc\x8a\x1c\xf6\x1c\x7c6\x08\xafXXXXXXXXXXXXXXXXXXXXXXXXXXXXXXXX\xaf</data></match></read>
    <read><length>116</length><match><data>s\x1cQ\xe4\x0d\x80\xbcS\xa5\xcdi\x1e\x2a0\x96\x96\xd5\x3b\x80Q\x1e\xe9\x2a\xa1\x2c\x7ci\xd5\xe5k\x0d\xbc\x1c\x2a2\xc6\xc0K\x7d\x1c\xd1\xcf\xcd\xe0\x15g0\xff\x96\xc9\xa7\x15k\xe4\x7d\xa7\x15k\x3b\xe86\xc2b\xd7\xa9Q\xe1b\x80\xb2!\x1e\x1cl\x7c6\x08\x1cb\xa5\x2a\x7e\xafXXXXXXXXXXXXXXXXXXXXXXXXXXXXXXXX\xaf</data></match></read>
    <read><length>146</length><match><data>\xafXXX\x1c\xe5\xbf\xd2\x1c\xe9K\x40\xb2\x1cXXXXXXXXXXXXXXXXXXX\xaf\x7c\xf9\x1c\xd1kK\xe2\x1c\xf8\xd7\xab\xc6\xc6K\x40\xe4K\x1c\xc6k\x2a\xa5\xaf\xcf\xf9\x1c\xd1kK\xe2\x1c\xf8\xd7\xab\xc6\xc6K\x40\xe4K\x1c\x7dK\xa5\xabk\xc6\xaf6\xf9\x1c\xd1kK\xe2\x1c3\xab\x40\xf3k\x40\xe4\xaf\xff\xf9\x1c\xd1kK\xe2\x1c\xa5K\xabp\x1cb32\x90k\xc6K\xaf\x8f\xf9\x1c\x1a\xb2\x0dpk\xa5\x1c\x90\xc6\xab\xe4\xaf\xcd\xf9\x1c\x3b2\xe42\xb2\xa5\xaf\xdf\x1c</data></match></read>
    <write><data>\x8f\xaf</data></write>
    <read><length>43</length><match><data>\xafXXX\x1c\x1a\xb2\x0dpk\xa5\x1c\x90\xc6\xab\xe4\x1cXXXXXXXXXXXXXXXXXXX\xaf\xd2\xc6\xab\xe4\xda\x1c</data></match></read>
    <write><data>\xd1\xcf\xc2b\x80\xbc\xcd\xc9\x08\x08\x0dL\x15g0\xc2b\xd7\x7d\xa7\xd1i\xc6\xd7\x7d\x7d\x7d\xa9\xa5\xaa\xc0\xd5\xaf</data></write>
    <read><length>40</length><match><data>\x98\xa9g\xd2\x80\x8a\x1c\xe52\x40\xe43\xab\xa5\x2a\x28\x1c02\xb2\x1c\x2a\xf823K\x7d\x1c\xcf\xcf6\x1cb2k\x40\xa5\x2a\x28\xaf</data></match></read>
    <read><length>108</length><match><data>\xafXXXXXXXXXXXXXXXXXXXXXXXXXXXXXXXX\xafs\x1c\x98Q\xe4\x0d\x80\xbcS\xa5\xcdi\x1e\x2a0\x96\x96\xd5\x3b\x80Q\x1e\xe9\x2a\xa1\x2c\x7ci\xd5\xe5k\x0d\xbc\x8a\x1c\xf6\x1c6\xcd\xcf\xafXXXXXXXXXXXXXXXXXXXXXXXXXXXXXXXX\xaf</data></match></read>
    <read><length>199</length><match><data>s\x1cQ\xe4\x0d\x80\xbcS\xa5\xcdi\x1e\x2a0\x96\x96\xd5\x3b\x80Q\x1e\xe9\x2a\xa1\x2c\x7ci\xd5\xe5k\x0d\xbc\x1c\x2a2\xc6\xc0K\x7d\x1c\xf8\xa7\xd1\xff\x08\xa1\x2c\xff\x96\xab\xabL\x2a\x80\xbc\xc2b\x19N3\xf3\x90KN0\xc2\x1a6\xcd\xc9\x08\x08\x1cl\xcf\xcf6\x1cb\xa5\x2a\x7e\xafs\x1cQ\xe4\x0d\x80\xbcS\xa5\xcdi\x1e\x2a0\x96\x96\xd5\x3b\x80Q\x1e\xe9\x2a\xa1\x2c\x7ci\xd5\xe5k\x0d\xbc\x1c\x2a2\xc6\xc0K\x7d\x1c\xd1\xcf\xcd\xe0\x15g0\xff\x96\xc9\xa7\x15k\xe4\x7d\xa7\x15k\x3b\xe86\xc2b\xd7\xa9Q\xe1b\x80\xb2!\x1e\x1cl\x7c6\x08\x1cb\xa5\x2a\x7e\xafXXXXXXXXXXXXXXXXXXXXXXXXXXXXXXXX\xaf</data></match></read>
    <read><length>146</length><match><data>\xafXXX\x1c\xe5\xbf\xd2\x1c\xe9K\x40\xb2\x1cXXXXXXXXXXXXXXXXXXX\xaf\x7c\xf9\x1c\xd1kK\xe2\x1c\xf8\xd7\xab\xc6\xc6K\x40\xe4K\x1c\xc6k\x2a\xa5\xaf\xcf\xf9\x1c\xd1kK\xe2\x1c\xf8\xd7\xab\xc6\xc6K\x40\xe4K\x1c\x7dK\xa5\xabk\xc6\xaf6\xf9\x1c\xd1kK\xe2\x1c3\xab\x40\xf3k\x40\xe4\xaf\xff\xf9\x1c\xd1kK\xe2\x1c\xa5K\xabp\x1cb32\x90k\xc6K\xaf\x8f\xf9\x1c\x1a\xb2\x0dpk\xa5\x1c\x90\xc6\xab\xe4\xaf\xcd\xf9\x1c\x3b2\xe42\xb2\xa5\xaf\xdf\x1c</data></match></read>
    <write><data>\xcd\xaf</data></write>
    <read><length>32</length><match><data>\x98\xa9g\xd2\x80\x8a\x1c\x1a\xb2\xf8\xf8K\x2a\x2a\x90\xb2\xc6\xc6\x1f\x1c\xc62\xe4\xe4K\x7d\x1c2\xb2\xa5\xf9\xaf</data></match></read>
    <read><length>71</length><match><data>\xafXXX\x1c\xe9K\x40\xb2\x1cXXXXXXXXXXXXXXXXXXX\xaf\x7c\xf9\x1c!K\xe4k\x2a\xa5K3\x1c\x2c\x2aK3\xaf\xcf\xf9\x1c\x3b2\xe4k\x40\x1c\x2c\x2aK3\xaf6\xf9\x1c\xaa\xb2k\xa5\xaf\xdf\x1c</data></match></read>
    <write><data>\x7c\xaf</data></write>
    <read><length>49</length><match><data>\xafXXX\x1c\x2c\x2aK3\x1c\xe53K\xab\xa5k2\x40\x1cXXXXXXXXXXXXXXXXXXX\xafgk\xf8\xf3\x40\xabpK\xda\x1c</data></match></read>
    <write><data>K\xc6\xcd\xe1Kb\x40\xab\x7d\xaa\xcd\xaf</data></write>
    <read><length>10</length><match><data>\xd5\xab\x2a\x2a\xe223\x7d\xda\x1c</data></match></read>
    <write><data>\x7d\x1eb\x1e\x1f\x3b\xbf\x2a\xa1i3\xd28\x0d\xe4\x7dL\xb2\xcdk\xaf</data></write>
    <read><length>12</length><match><data>\xbfK\xabp\x1c\xa52\xf3K\x40\xda\x1c</data></match></read>
    <write><data>\xaf</data></write>
    <read><length>50</length><match><data>\xafXXX\x1c\xbfK\xabp\x1c\xe53K\xab\xa5k2\x40\x1cXXXXXXXXXXXXXXXXXXX\xaf\xbfK\xabp\x1c\x40\xabpK\xda\x1c</data></match></read>
    <write><data>\xabS!\xe9\xa7\x08\xe8\xa1\xaf</data></write>
    <read><length>10</length><match><data>\x1a\xd72\xb2\xa52\xb2\xa5\xda\x1c</data></match></read>
    <write><data>\x08g\xe8\xe82\xd2\xe1\xc9\xf8\xf8\x8f\x80\xcf\x2a\xe2\xa5\x1e\x08\xe0\x0d\x40L\xe90\x08\x96\x8f\xaf</data></write>
    <read><length>83</length><match><data>\x98\xa9g\xd2\x80\x8a\x1c\x1a\xb2\xf8\xf8K\x2a\x2a\x90\xb2\xc6\xc6\x1f\x1c3K\xe4k\x2a\xa5K3K\x7d\xf9\xaf\x98\xa9g\xd2\x80\x8a\x1c\xbfK\xabp\x1c\xf82\x7dK\xda\x1c\x2a\xc68\xe8\x1f!i\xaai\x40\x3b\xe8\x8f\x08\xa7\x2a\x80\xe2\xc6\xd7\xa9Q\x8f\xa1b\xe90S!\xcf\xc2b\xaf</data></match></read>
    <read><length>71</length><match><data>\xafXXX\x1c\xe9K\x40\xb2\x1cXXXXXXXXXXXXXXXXXXX\xaf\x7c\xf9\x1c!K\xe4k\x2a\xa5K3\x1c\x2c\x2aK3\xaf\xcf\xf9\x1c\x3b2\xe4k\x40\x1c\x2c\x2aK3\xaf6\xf9\x1c\xaa\xb2k\xa5\xaf\xdf\x1c</data></match></read>
    <write><data>\x7c\xaf</data></write>
    <read><length>49</length><match><data>\xafXXX\x1c\x2c\x2aK3\x1c\xe53K\xab\xa5k2\x40\x1cXXXXXXXXXXXXXXXXXXX\xafgk\xf8\xf3\x40\xabpK\xda\x1c</data></match></read>
    <write><data>\xe4\xa1\x40K\xd1\xe4\xcd\xb2\x8f\xbfi\xa5\xe9\xaf</data></write>
    <read><length>10</length><match><data>\xd5\xab\x2a\x2a\xe223\x7d\xda\x1c</data></match></read>
    <write><data>!\xcdk\xbcK\xf3k\xcd!Q6\xf3\x7c\xc0g\x2c\xa1\x086\x08\xaf</data></write>
    <read><length>12</length><match><data>\xbfK\xabp\x1c\xa52\xf3K\x40\xda\x1c</data></match></read>
    <write><data>\x80\xb2pk\x3b\xe8\x1f!\xcf\xcd\xc9\xa1Q6\xc2\x2c\xff\xe5\xd1Sp\x3b\xe8\xe1\x1a\xe2\x1a\x1f!\xc0\xd5\x7c\xaf</data></write>
    <read><length>32</length><match><data>\x98\xa9g\xd2\x80\x8a\x1c\x1a\xb2\xf8\xf8K\x2a\x2a\x90\xb2\xc6\xc6\x1f\x1c3K\xe4k\x2a\xa5K3K\x7d\xf9\xaf</data></match></read>
    <read><length>71</length><match><data>\xafXXX\x1c\xe9K\x40\xb2\x1cXXXXXXXXXXXXXXXXXXX\xaf\x7c\xf9\x1c!K\xe4k\x2a\xa5K3\x1c\x2c\x2aK3\xaf\xcf\xf9\x1c\x3b2\xe4k\x40\x1c\x2c\x2aK3\xaf6\xf9\x1c\xaa\xb2k\xa5\xaf\xdf\x1c</data></match></read>
    <write><data>\xcf\xaf</data></write>
    <read><length>37</length><match><data>\xafXXX\x1c\x3b2\xe4k\x40\x1cXXXXXXXXXXXXXXXXXXX\xafgk\xf8\xf3\xda\x1c</data></match></read>
    <write><data>\xd16\x15KQ\xe0\x0d\x2a\xf8\xf3\xa9\xc2\xaf</data></write>
    <read><length>10</length><match><data>\xd5\xab\x2a\x2a\xe223\x7d\xda\x1c</data></match></read>
    <write><data>6\xf3\xc2\x3b\x0d\xa7Q3\xaf</data></write>
    <read><length>47</length><match><data>\x98\xa9g\xd2\x80\x8a\x1c\x1a\xb2\xf8\xf8K\x2a\x2a\x90\xb2\xc6\xc6\x1f\x1c\xc62\xe4\xe4K\x7d\x1ck\x40\x1c\xab\x2a\x1c\xd16\x15KQ\xe0\x0d\x2a\xf8\xf3\xa9\xc2\xf9\xaf</data></match></read>
    <read><length>92</length><match><data>\xafXXXXXXXXXXXXXXXXXXXXXXXXXXXXXXXX\xafs\x1c\x98N\xc0N\xc0\x1f\xe8\x2cp\x7d\x90\x19\xc2bb\x2c\xff\x8a\x1c\xf6\x1c\x1e\xafXXXXXXXXXXXXXXXXXXXXXXXXXXXXXXXX\xaf</data></match></read>
    <read><length>199</length><match><data>s\x1cQ\xe4\x0d\x80\xbcS\xa5\xcdi\x1e\x2a0\x96\x96\xd5\x3b\x80Q\x1e\xe9\x2a\xa1\x2c\x7ci\xd5\xe5k\x0d\xbc\x1c\x2a2\xc6\xc0K\x7d\x1c\xf8\xa7\xd1\xff\x08\xa1\x2c\xff\x96\xab\xabL\x2a\x80\xbc\xc2b\x19N3\xf3\x90KN0\xc2\x1a6\xcd\xc9\x08\x08\x1cl\xcf\xcf6\x1cb\xa5\x2a\x7e\xafs\x1cQ\xe4\x0d\x80\xbcS\xa5\xcdi\x1e\x2a0\x96\x96\xd5\x3b\x80Q\x1e\xe9\x2a\xa1\x2c\x7ci\xd5\xe5k\x0d\xbc\x1c\x2a2\xc6\xc0K\x7d\x1c\xd1\xcf\xcd\xe0\x15g0\xff\x96\xc9\xa7\x15k\xe4\x7d\xa7\x15k\x3b\xe86\xc2b\xd7\xa9Q\xe1b\x80\xb2!\x1e\x1cl\x7c6\x08\x1cb\xa5\x2a\x7e\xafXXXXXXXXXXXXXXXXXXXXXXXXXXXXXXXX\xaf</data></match></read>
    <read><length>146</length><match><data>\xafXXX\x1c\xe5\xbf\xd2\x1c\xe9K\x40\xb2\x1cXXXXXXXXXXXXXXXXXXX\xaf\x7c\xf9\x1c\xd1kK\xe2\x1c\xf8\xd7\xab\xc6\xc6K\x40\xe4K\x1c\xc6k\x2a\xa5\xaf\xcf\xf9\x1c\xd1kK\xe2\x1c\xf8\xd7\xab\xc6\xc6K\x40\xe4K\x1c\x7dK\xa5\xabk\xc6\xaf6\xf9\x1c\xd1kK\xe2\x1c3\xab\x40\xf3k\x40\xe4\xaf\xff\xf9\x1c\xd1kK\xe2\x1c\xa5K\xabp\x1cb32\x90k\xc6K\xaf\x8f\xf9\x1c\x1a\xb2\x0dpk\xa5\x1c\x90\xc6\xab\xe4\xaf\xcd\xf9\x1c\x3b2\xe42\xb2\xa5\xaf\xdf\x1c</data></match></read>
    <write><data>\xff\xaf</data></write>
    <read><length>12</length><match><data>\xaf\xbfK\xabp\x1c\x40\xabpK\xda\x1c</data></match></read>
    <write><data>6LK\x15S\xa1\xa7N\xcd\xaf</data></write>
    <read><length>172</length><match><data>\xafXXX\x1c\xbfK\xabp\x1cb32\x90k\xc6K\x1cXXXXXXXXXXXXXXXXXXX\xaf6LK\x15S\xa1\xa7N\xcd\xaf\x3bK\xab\x7dK3\xda\x1c\xe5\x3b\x96\x2a\xd56\xe1\x7d\xc6QN\xe2\xaf\xe9Kp\x0dK3\x2a\x1cl\x7c\x7e\xaf\x1c\xf6\x1c\xe5\x3b\x96\x2a\xd56\xe1\x7d\xc6QN\xe2\xaf\x1a\xd72\xb2\xa52\xb2\xa5\xda\x1c\xaab\x1e\xe4\xcd\xd1\x40\xe4\x1e\xd5LS3\xe0\xa1\xaa\xaa\xe82\x96\xf3\xd1\x158!g\x806\x08\xc0\xc6!\xc6\xcd\xe1k\x7d\xe2i\x1f\xc9\xaa\xcf\xc28\xf3\x2c\x2a\x2ai\xff\xab\xd5\x1e\x2a\xc6\xcf\x96\xf3\xc6\xe9\x40\xe4!\xaf</data></match></read>
    <read><length>92</length><match><data>\xafXXXXXXXXXXXXXXXXXXXXXXXXXXXXXXXX\xafs\x1c\x98N\xc0N\xc0\x1f\xe8\x2cp\x7d\x90\x19\xc2bb\x2c\xff\x8a\x1c\xf6\x1c\x1e\xafXXXXXXXXXXXXXXXXXXXXXXXXXXXXXXXX\xaf</data></match></read>
    <read><length>199</length><match><data>s\x1cQ\xe4\x0d\x80\xbcS\xa5\xcdi\x1e\x2a0\x96\x96\xd5\x3b\x80Q\x1e\xe9\x2a\xa1\x2c\x7ci\xd5\xe5k\x0d\xbc\x1c\x2a2\xc6\xc0K\x7d\x1c\xf8\xa7\xd1\xff\x08\xa1\x2c\xff\x96\xab\xabL\x2a\x80\xbc\xc2b\x19N3\xf3\x90KN0\xc2\x1a6\xcd\xc9\x08\x08\x1cl\xcf\xcf6\x1cb\xa5\x2a\x7e\xafs\x1cQ\xe4\x0d\x80\xbcS\xa5\xcdi\x1e\x2a0\x96\x96\xd5\x3b\x80Q\x1e\xe9\x2a\xa1\x2c\x7ci\xd5\xe5k\x0d\xbc\x1c\x2a2\xc6\xc0K\x7d\x1c\xd1\xcf\xcd\xe0\x15g0\xff\x96\xc9\xa7\x15k\xe4\x7d\xa7\x15k\x3b\xe86\xc2b\xd7\xa9Q\xe1b\x80\xb2!\x1e\x1cl\x7c6\x08\x1cb\xa5\x2a\x7e\xafXXXXXXXXXXXXXXXXXXXXXXXXXXXXXXXX\xaf</data></match></read>
    <read><length>146</length><match><data>\xafXXX\x1c\xe5\xbf\xd2\x1c\xe9K\x40\xb2\x1cXXXXXXXXXXXXXXXXXXX\xaf\x7c\xf9\x1c\xd1kK\xe2\x1c\xf8\xd7\xab\xc6\xc6K\x40\xe4K\x1c\xc6k\x2a\xa5\xaf\xcf\xf9\x1c\xd1kK\xe2\x1c\xf8\xd7\xab\xc6\xc6K\x40\xe4K\x1c\x7dK\xa5\xabk\xc6\xaf6\xf9\x1c\xd1kK\xe2\x1c3\xab\x40\xf3k\x40\xe4\xaf\xff\xf9\x1c\xd1kK\xe2\x1c\xa5K\xabp\x1cb32\x90k\xc6K\xaf\x8f\xf9\x1c\x1a\xb2\x0dpk\xa5\x1c\x90\xc6\xab\xe4\xaf\xcd\xf9\x1c\x3b2\xe42\xb2\xa5\xaf\xdf\x1c</data></match></read>
    <write><data>\x7c\xaf</data></write>
    <read><length>40</length><match><data>\xafXXX\x1c\xe5\xd7\xab\xc6\xc6K\x40\xe4K\x1c\xc6k\x2a\xa5\x1cXXXXXXXXXXXXXXXXXXX\xaf</data></match></read>
    <read><length>702</length><match><data>\x1e\xf9\x1c\x98\xd5\xe2\x40\xab\x0d\xc6K\x8a\x1c\x98\x7c\xcf\xc9\x1cb\xa5\x2a\x8a\x1c2\x80\xe2\xaai\x40\xe48\x2a\xc6\xe9\xa5\x80\xb2\xd5\xbc\xff\x96\xabL\x15\xf38\x2a\xc6\x90K\xf8\xa93k\x3b\x1c\xf6\x1c\x80bK\x40\xaf\x7c\xf9\x1c\x98!K\xc0K3\x2ak\x40\xe4\x8a\x1c\x98\xcf\xcf\x1cb\xa5\x2a\x8a\x1c\xd1S\xbf6\xc2\x40\xe4\xa9\xa5\xaa\xcf\xc9\xa13\xf3\x90\xf8\x0d\xd23\xd5\xb2\xf3\xd78\xb2\xf3\xd7\xa9\xa5\xc6\x90\x1c\xf6\x1c\x80bK\x40\xaf\xcf\xf9\x1c\x98!K\xc0K3\x2ak\x40\xe4\x8a\x1c\x98\x7c\xff\xcd\x1cb\xa5\x2a\x8a\x1cb\x19\x3b\xb2pkN0\xff\xa13\xf3\xe9\xa5\x19KN3kKKNQ\x1f\xbf6\xcd\xc9\xa13kN\x1c\xf6\x1c\x80bK\x40\xaf6\xf9\x1c\x98QK\x0d\x8a\x1c\x98\x7c6\x08\x1cb\xa5\x2a\x8a\x1c\xd1\xcf\xcd\xe0\x15g0\xff\x96\xc9\xa7\x15k\xe4\x7d\xa7\x15k\x3b\xe86\xc2b\xd7\xa9Q\xe1b\x80\xb2!\x1e\x1c\xf6\x1c\x1a2\xc6\xc0K\x7d\xaf\xff\xf9\x1c\x98\xe53\x1fb\xa52\x8a\x1c\x98\xcf\xcf6\x1cb\xa5\x2a\x8a\x1c\xf8\xa7\xd1\xff\x08\xa1\x2c\xff\x96\xab\xabL\x2a\x80\xbc\xc2b\x19N3\xf3\x90KN0\xc2\x1a6\xcd\xc9\x08\x08\x1c\xf6\x1c\x1a2\xc6\xc0K\x7d\xaf\x8f\xf9\x1c\x98gK\xa5\xe223\xf3\x8a\x1c\x98\xcf\xcf\x96\x1cb\xa5\x2a\x8a\x1cpg\xc0pg0\xcd\xab\xd2b\x80\xe2\x1a\x7c\x96\xab\xf8\xa90\xff\xa13kN3g\xa5\xc6\xe9\x1e\xe1b\x1c\xf6\x1c\x80bK\x40\xaf\xcd\xf9\x1c\x98\xd5\xe2\x40\xab\x0d\xc6K\x8a\x1c\x98\xcd\x8f\x1cb\xa5\x2a\x8a\x1c\x96\xabL\x15g\xc0!\x1e\x96\xd2\x2c\xcf\xe0\xd1\xcf\xc2\x40\xe4\x7d\x7d\x0d\xd23\xd5\xbcS\xbf\x1f2\xe90\xcd\x1c\xf6\x1c\x3b2\xf8\xf3K\x7d\xaf\x96\xf9\x1c\x98\xd223K\x40\x2ak\xf8\x2a\x8a\x1c\x98\x08\x1cb\xa5\x2a\x8a\x1c\xa5\xaai\x1a\x7c\xe5\x15\xd5\xbcS2\xd7\xa90Spg\xc0\xf3\xe9\xa5\xaa\xc0!\xcf\xe0\xd1i\x1a\x7c\x8f\x08\x1c\xf6\x1c\x80bK\x40\xaf\xc9\xf9\x1c\x98\xd5\xe2\x40\xab\x0d\xc6K\x8a\x1c\x98\xff\xff\xcf\x1cb\xa5\x2a\x8a\x1c\xa90\xff\xe5\xd1\xcf\xc2b\x80\xb2!i\xc6\x90KN0S2\x80\x7c\x96\xab\xf8\xa7\x2a\x80\x7c\xe1\x40\xe4\xa9\x1c\xf6\x1c\x3b2\xf8\xf3K\x7d\xaf\x08\xf9\x1c\x98gK\xa5\xe223\xf3\x8a\x1c\x98\x8f\x96\x1e\x1cb\xa5\x2a\x8a\x1cg\xa5\xaai\x1a6\xcd\xe0\xbf\x1f2\xd7\xa90\xc2\x40\x3b\xe8\x1f2\xe9\x1e\x8f\xe5\xd1\xff\x08\x08\x08\x0d\xab\xd2\x1c\xf6\x1c\x3b2\xf8\xf3K\x7d\xaf\x7c\x1e\xf9\x1c\x98\xe53\x1fb\xa52\x8a\x1c\x98\x8f\x96\xcd\x1cb\xa5\x2a\x8a\x1c\xaa\xc0pg\x1e\x8f\xe52\xe9\xa5\xaa\xc0\xf3\xe90\xcd\xab\xab\xab\xf8\x0d\xf8\x0d\xd2\x2c\xff\xe5\xd1i\xc6\xd7\x7d\x1c\xf6\x1c\x3b2\xf8\xf3K\x7d\xaf</data></match></read>
    <read><length>92</length><match><data>\xafXXXXXXXXXXXXXXXXXXXXXXXXXXXXXXXX\xafs\x1c\x98N\xc0N\xc0\x1f\xe8\x2cp\x7d\x90\x19\xc2bb\x2c\xff\x8a\x1c\xf6\x1c\x1e\xafXXXXXXXXXXXXXXXXXXXXXXXXXXXXXXXX\xaf</data></match></read>
    <read><length>199</length><match><data>s\x1cQ\xe4\x0d\x80\xbcS\xa5\xcdi\x1e\x2a0\x96\x96\xd5\x3b\x80Q\x1e\xe9\x2a\xa1\x2c\x7ci\xd5\xe5k\x0d\xbc\x1c\x2a2\xc6\xc0K\x7d\x1c\xf8\xa7\xd1\xff\x08\xa1\x2c\xff\x96\xab\xabL\x2a\x80\xbc\xc2b\x19N3\xf3\x90KN0\xc2\x1a6\xcd\xc9\x08\x08\x1cl\xcf\xcf6\x1cb\xa5\x2a\x7e\xafs\x1cQ\xe4\x0d\x80\xbcS\xa5\xcdi\x1e\x2a0\x96\x96\xd5\x3b\x80Q\x1e\xe9\x2a\xa1\x2c\x7ci\xd5\xe5k\x0d\xbc\x1c\x2a2\xc6\xc0K\x7d\x1c\xd1\xcf\xcd\xe0\x15g0\xff\x96\xc9\xa7\x15k\xe4\x7d\xa7\x15k\x3b\xe86\xc2b\xd7\xa9Q\xe1b\x80\xb2!\x1e\x1cl\x7c6\x08\x1cb\xa5\x2a\x7e\xafXXXXXXXXXXXXXXXXXXXXXXXXXXXXXXXX\xaf</data></match></read>
    <read><length>146</length><match><data>\xafXXX\x1c\xe5\xbf\xd2\x1c\xe9K\x40\xb2\x1cXXXXXXXXXXXXXXXXXXX\xaf\x7c\xf9\x1c\xd1kK\xe2\x1c\xf8\xd7\xab\xc6\xc6K\x40\xe4K\x1c\xc6k\x2a\xa5\xaf\xcf\xf9\x1c\xd1kK\xe2\x1c\xf8\xd7\xab\xc6\xc6K\x40\xe4K\x1c\x7dK\xa5\xabk\xc6\xaf6\xf9\x1c\xd1kK\xe2\x1c3\xab\x40\xf3k\x40\xe4\xaf\xff\xf9\x1c\xd1kK\xe2\x1c\xa5K\xabp\x1cb32\x90k\xc6K\xaf\x8f\xf9\x1c\x1a\xb2\x0dpk\xa5\x1c\x90\xc6\xab\xe4\xaf\xcd\xf9\x1c\x3b2\xe42\xb2\xa5\xaf\xdf\x1c</data></match></read>
    <write><data>\x8f\xaf</data></write>
    <read><length>43</length><match><data>\xafXXX\x1c\x1a\xb2\x0dpk\xa5\x1c\x90\xc6\xab\xe4\x1cXXXXXXXXXXXXXXXXXXX\xaf\xd2\xc6\xab\xe4\xda\x1c</data></match></read>
    <write><data>\x2a\x80\xbcSp\xe48\x2a\x19\x3b\x2a\xaa\xc0\xd5\xe2\x40\x3b\xbc\xcd\xc9\xa1b\x80\xe2\xaai\xc6\x90\xf8\x0d\xf8\xa7\xaf</data></write>
    <read><length>40</length><match><data>\x98\xa9g\xd2\x80\x8a\x1c\xe52\x40\xe43\xab\xa5\x2a\x28\x1c02\xb2\x1c\x2a\xf823K\x7d\x1c\x7c\xcf\xc9\x1cb2k\x40\xa5\x2a\x28\xaf</data></match></read>
    <read><length>94</length><match><data>\xafXXXXXXXXXXXXXXXXXXXXXXXXXXXXXXXX\xafs\x1c\x98N\xc0N\xc0\x1f\xe8\x2cp\x7d\x90\x19\xc2bb\x2c\xff\x8a\x1c\xf6\x1c\x7c\xcf\xc9\xafXXXXXXXXXXXXXXXXXXXXXXXXXXXXXXXX\xaf</data></match></read>
    <read><length>268</length><match><data>s\x1cN\xc0N\xc0\x1f\xe8\x2cp\x7d\x90\x19\xc2bb\x2c\xff\x1c\x2a2\xc6\xc0K\x7d\x1c2\x80\xe2\xaai\x40\xe48\x2a\xc6\xe9\xa5\x80\xb2\xd5\xbc\xff\x96\xabL\x15\xf38\x2a\xc6\x90K\xf8\xa93k\x3b\x1cl\x7c\xcf\xc9\x1cb\xa5\x2a\x7e\xafs\x1cQ\xe4\x0d\x80\xbcS\xa5\xcdi\x1e\x2a0\x96\x96\xd5\x3b\x80Q\x1e\xe9\x2a\xa1\x2c\x7ci\xd5\xe5k\x0d\xbc\x1c\x2a2\xc6\xc0K\x7d\x1c\xf8\xa7\xd1\xff\x08\xa1\x2c\xff\x96\xab\xabL\x2a\x80\xbc\xc2b\x19N3\xf3\x90KN0\xc2\x1a6\xcd\xc9\x08\x08\x1cl\xcf\xcf6\x1cb\xa5\x2a\x7e\xafs\x1cQ\xe4\x0d\x80\xbcS\xa5\xcdi\x1e\x2a0\x96\x96\xd5\x3b\x80Q\x1e\xe9\x2a\xa1\x2c\x7ci\xd5\xe5k\x0d\xbc\x1c\x2a2\xc6\xc0K\x7d\x1c\xd1\xcf\xcd\xe0\x15g0\xff\x96\xc9\xa7\x15k\xe4\x7d\xa7\x15k\x3b\xe86\xc2b\xd7\xa9Q\xe1b\x80\xb2!\x1e\x1cl\x7c6\x08\x1cb\xa5\x2a\x7e\xafXXXXXXXXXXXXXXXXXXXXXXXXXXXXXXXX\xaf</data></match></read>
    <read><length>146</length><match><data>\xafXXX\x1c\xe5\xbf\xd2\x1c\xe9K\x40\xb2\x1cXXXXXXXXXXXXXXXXXXX\xaf\x7c\xf9\x1c\xd1kK\xe2\x1c\xf8\xd7\xab\xc6\xc6K\x40\xe4K\x1c\xc6k\x2a\xa5\xaf\xcf\xf9\x1c\xd1kK\xe2\x1c\xf8\xd7\xab\xc6\xc6K\x40\xe4K\x1c\x7dK\xa5\xabk\xc6\xaf6\xf9\x1c\xd1kK\xe2\x1c3\xab\x40\xf3k\x40\xe4\xaf\xff\xf9\x1c\xd1kK\xe2\x1c\xa5K\xabp\x1cb32\x90k\xc6K\xaf\x8f\xf9\x1c\x1a\xb2\x0dpk\xa5\x1c\x90\xc6\xab\xe4\xaf\xcd\xf9\x1c\x3b2\xe42\xb2\xa5\xaf\xdf\x1c</data></match></read>
    <write><data>\xff\xaf</data></write>
    <read><length>12</length><match><data>\xaf\xbfK\xabp\x1c\x40\xabpK\xda\x1c</data></match></read>
    <write><data>\xabS!\xe9\xa7\x08\xe8\xa1\xaf</data></write>
    <read><length>132</length><match><data>\xafXXX\x1c\xbfK\xabp\x1cb32\x90k\xc6K\x1cXXXXXXXXXXXXXXXXXXX\xaf\xabS!\xe9\xa7\x08\xe8\xa1\xaf\x3bK\xab\x7dK3\xda\x1cK\xc6\xcd\xe1Kb\x40\xab\x7d\xaa\xcd\xaf\xe9Kp\x0dK3\x2a\x1cl\x7c\x7e\xaf\x1c\xf6\x1cK\xc6\xcd\xe1Kb\x40\xab\x7d\xaa\xcd\xaf\x1a\xd72\xb2\xa52\xb2\xa5\xda\x1c\x08g\xe8\xe82\xd2\xe1\xc9\xf8\xf8\x8f\x80\xcf\x2a\xe2\xa5\x1e\x08\xe0\x0d\x40L\xe90\x08\x96\x8f\xaf</data></match></read>
    <read><length>94</length><match><data>\xafXXXXXXXXXXXXXXXXXXXXXXXXXXXXXXXX\xafs\x1c\x98N\xc0N\xc0\x1f\xe8\x2cp\x7d\x90\x19\xc2bb\x2c\xff\x8a\x1c\xf6\x1c\x7c\xcf\xc9\xafXXXXXXXXXXXXXXXXXXXXXXXXXXXXXXXX\xaf</data></match></read>
    <read><length>268</length><match><data>s\x1cN\xc0N\xc0\x1f\xe8\x2cp\x7d\x90\x19\xc2bb\x2c\xff\x1c\x2a2\xc6\xc0K\x7d\x1c2\x80\xe2\xaai\x40\xe48\x2a\xc6\xe9\xa5\x80\xb2\xd5\xbc\xff\x96\xabL\x15\xf38\x2a\xc6\x90K\xf8\xa93k\x3b\x1cl\x7c\xcf\xc9\x1cb\xa5\x2a\x7e\xafs\x1cQ\xe4\x0d\x80\xbcS\xa5\xcdi\x1e\x2a0\x96\x96\xd5\x3b\x80Q\x1e\xe9\x2a\xa1\x2c\x7ci\xd5\xe5k\x0d\xbc\x1c\x2a2\xc6\xc0K\x7d\x1c\xf8\xa7\xd1\xff\x08\xa1\x2c\xff\x96\xab\xabL\x2a\x80\xbc\xc2b\x19N3\xf3\x90KN0\xc2\x1a6\xcd\xc9\x08\x08\x1cl\xcf\xcf6\x1cb\xa5\x2a\x7e\xafs\x1cQ\xe4\x0d\x80\xbcS\xa5\xcdi\x1e\x2a0\x96\x96\xd5\x3b\x80Q\x1e\xe9\x2a\xa1\x2c\x7ci\xd5\xe5k\x0d\xbc\x1c\x2a2\xc6\xc0K\x7d\x1c\xd1\xcf\xcd\xe0\x15g0\xff\x96\xc9\xa7\x15k\xe4\x7d\xa7\x15k\x3b\xe86\xc2b\xd7\xa9Q\xe1b\x80\xb2!\x1e\x1cl\x7c6\x08\x1cb\xa5\x2a\x7e\xafXXXXXXXXXXXXXXXXXXXXXXXXXXXXXXXX\xaf</data></match></read>
    <read><length>146</length><match><data>\xafXXX\x1c\xe5\xbf\xd2\x1c\xe9K\x40\xb2\x1cXXXXXXXXXXXXXXXXXXX\xaf\x7c\xf9\x1c\xd1kK\xe2\x1c\xf8\xd7\xab\xc6\xc6K\x40\xe4K\x1c\xc6k\x2a\xa5\xaf\xcf\xf9\x1c\xd1kK\xe2\x1c\xf8\xd7\xab\xc6\xc6K\x40\xe4K\x1c\x7dK\xa5\xabk\xc6\xaf6\xf9\x1c\xd1kK\xe2\x1c3\xab\x40\xf3k\x40\xe4\xaf\xff\xf9\x1c\xd1kK\xe2\x1c\xa5K\xabp\x1cb32\x90k\xc6K\xaf\x8f\xf9\x1c\x1a\xb2\x0dpk\xa5\x1c\x90\xc6\xab\xe4\xaf\xcd\xf9\x1c\x3b2\xe42\xb2\xa5\xaf\xdf\x1c</data></match></read>
    <write><data>\x8f\xaf</data></write>
    <read><length>43</length><match><data>\xafXXX\x1c\x1a\xb2\x0dpk\xa5\x1c\x90\xc6\xab\xe4\x1cXXXXXXXXXXXXXXXXXXX\xaf\xd2\xc6\xab\xe4\xda\x1c</data></match></read>
    <write><data>\x2a\x80\xbcSp\xe48\x2a\x19\x3b\x2a\xaa\xc0\xd5\xe2\x40\x3b\xbc\xcd\xc9\xa1b\x80\xe2\xaai\xc6\x90\xf8\x0d\xf8\xa7\xaf</data></write>
    <read><length>24</length><match><data>\x98\xa1!!\x80!\x8a\x1c\xe0\xb2b\xc6k\xf8\xab\xa5K\x1c\x90\xc6\xab\xe4\xf9\xaf</data></match></read>
    <read><length>94</length><match><data>\xafXXXXXXXXXXXXXXXXXXXXXXXXXXXXXXXX\xafs\x1c\x98N\xc0N\xc0\x1f\xe8\x2cp\x7d\x90\x19\xc2bb\x2c\xff\x8a\x1c\xf6\x1c\x7c\xcf\xc9\xafXXXXXXXXXXXXXXXXXXXXXXXXXXXXXXXX\xaf</data></match></read>
    <read><length>268</length><match><data>s\x1cN\xc0N\xc0\x1f\xe8\x2cp\x7d\x90\x19\xc2bb\x2c\xff\x1c\x2a2\xc6\xc0K\x7d\x1c2\x80\xe2\xaai\x40\xe48\x2a\xc6\xe9\xa5\x80\xb2\xd5\xbc\xff\x96\xabL\x15\xf38\x2a\xc6\x90K\xf8\xa93k\x3b\x1cl\x7c\xcf\xc9\x1cb\xa5\x2a\x7e\xafs\x1cQ\xe4\x0d\x80\xbcS\xa5\xcdi\x1e\x2a0\x96\x96\xd5\x3b\x80Q\x1e\xe9\x2a\xa1\x2c\x7ci\xd5\xe5k\x0d\xbc\x1c\x2a2\xc6\xc0K\x7d\x1c\xf8\xa7\xd1\xff\x08\xa1\x2c\xff\x96\xab\xabL\x2a\x80\xbc\xc2b\x19N3\xf3\x90KN0\xc2\x1a6\xcd\xc9\x08\x08\x1cl\xcf\xcf6\x1cb\xa5\x2a\x7e\xafs\x1cQ\xe4\x0d\x80\xbcS\xa5\xcdi\x1e\x2a0\x96\x96\xd5\x3b\x80Q\x1e\xe9\x2a\xa1\x2c\x7ci\xd5\xe5k\x0d\xbc\x1c\x2a2\xc6\xc0K\x7d\x1c\xd1\xcf\xcd\xe0\x15g0\xff\x96\xc9\xa7\x15k\xe4\x7d\xa7\x15k\x3b\xe86\xc2b\xd7\xa9Q\xe1b\x80\xb2!\x1e\x1cl\x7c6\x08\x1cb\xa5\x2a\x7e\xafXXXXXXXXXXXXXXXXXXXXXXXXXXXXXXXX\xaf</data></match></read>
    <read><length>146</length><match><data>\xafXXX\x1c\xe5\xbf\xd2\x1c\xe9K\x40\xb2\x1cXXXXXXXXXXXXXXXXXXX\xaf\x7c\xf9\x1c\xd1kK\xe2\x1c\xf8\xd7\xab\xc6\xc6K\x40\xe4K\x1c\xc6k\x2a\xa5\xaf\xcf\xf9\x1c\xd1kK\xe2\x1c\xf8\xd7\xab\xc6\xc6K\x40\xe4K\x1c\x7dK\xa5\xabk\xc6\xaf6\xf9\x1c\xd1kK\xe2\x1c3\xab\x40\xf3k\x40\xe4\xaf\xff\xf9\x1c\xd1kK\xe2\x1c\xa5K\xabp\x1cb32\x90k\xc6K\xaf\x8f\xf9\x1c\x1a\xb2\x0dpk\xa5\x1c\x90\xc6\xab\xe4\xaf\xcd\xf9\x1c\x3b2\xe42\xb2\xa5\xaf\xdf\x1c</data></match></read>
    <write><data>\xcd\xaf</data></write>
    <read><length>32</length><match><data>\x98\xa9g\xd2\x80\x8a\x1c\x1a\xb2\xf8\xf8K\x2a\x2a\x90\xb2\xc6\xc6\x1f\x1c\xc62\xe4\xe4K\x7d\x1c2\xb2\xa5\xf9\xaf</data></match></read>
    <read><length>71</length><match><data>\xafXXX\x1c\xe9K\x40\xb2\x1cXXXXXXXXXXXXXXXXXXX\xaf\x7c\xf9\x1c!K\xe4k\x2a\xa5K3\x1c\x2c\x2aK3\xaf\xcf\xf9\x1c\x3b2\xe4k\x40\x1c\x2c\x2aK3\xaf6\xf9\x1c\xaa\xb2k\xa5\xaf\xdf\x1c</data></match></read>
    <write><data>\xcf\xaf</data></write>
    <read><length>37</length><match><data>\xafXXX\x1c\x3b2\xe4k\x40\x1cXXXXXXXXXXXXXXXXXXX\xafgk\xf8\xf3\xda\x1c</data></match></read>
    <write><data>\xe4\xa1\x40K\xd1\xe4\xcd\xb2\x8f\xbfi\xa5\xe9\xaf</data></write>
    <read><length>10</length><match><data>\xd5\xab\x2a\x2a\xe223\x7d\xda\x1c</data></match></read>
    <write><data>!\xcdk\xbcK\xf3k\xcd!Q6\xf3\x7c\xc0g\x2c\xa1\x086\x08\xaf</data></write>
    <read><length>48</length><match><data>\x98\xa9g\xd2\x80\x8a\x1c\x1a\xb2\xf8\xf8K\x2a\x2a\x90\xb2\xc6\xc6\x1f\x1c\xc62\xe4\xe4K\x7d\x1ck\x40\x1c\xab\x2a\x1c\xe4\xa1\x40K\xd1\xe4\xcd\xb2\x8f\xbfi\xa5\xe9\xf9\xaf</data></match></read>
    <read><length>94</length><match><data>\xafXXXXXXXXXXXXXXXXXXXXXXXXXXXXXXXX\xafs\x1c\x98N\xc0N\xc0\x1f\xe8\x2cp\x7d\x90\x19\xc2bb\x2c\xff\x8a\x1c\xf6\x1c\x7c\xcf\xc9\xafXXXXXXXXXXXXXXXXXXXXXXXXXXXXXXXX\xaf</data></match></read>
    <read><length>268</length><match><data>s\x1cN\xc0N\xc0\x1f\xe8\x2cp\x7d\x90\x19\xc2bb\x2c\xff\x1c\x2a2\xc6\xc0K\x7d\x1c2\x80\xe2\xaai\x40\xe48\x2a\xc6\xe9\xa5\x80\xb2\xd5\xbc\xff\x96\xabL\x15\xf38\x2a\xc6\x90K\xf8\xa93k\x3b\x1cl\x7c\xcf\xc9\x1cb\xa5\x2a\x7e\xafs\x1cQ\xe4\x0d\x80\xbcS\xa5\xcdi\x1e\x2a0\x96\x96\xd5\x3b\x80Q\x1e\xe9\x2a\xa1\x2c\x7ci\xd5\xe5k\x0d\xbc\x1c\x2a2\xc6\xc0K\x7d\x1c\xf8\xa7\xd1\xff\x08\xa1\x2c\xff\x96\xab\xabL\x2a\x80\xbc\xc2b\x19N3\xf3\x90KN0\xc2\x1a6\xcd\xc9\x08\x08\x1cl\xcf\xcf6\x1cb\xa5\x2a\x7e\xafs\x1cQ\xe4\x0d\x80\xbcS\xa5\xcdi\x1e\x2a0\x96\x96\xd5\x3b\x80Q\x1e\xe9\x2a\xa1\x2c\x7ci\xd5\xe5k\x0d\xbc\x1c\x2a2\xc6\xc0K\x7d\x1c\xd1\xcf\xcd\xe0\x15g0\xff\x96\xc9\xa7\x15k\xe4\x7d\xa7\x15k\x3b\xe86\xc2b\xd7\xa9Q\xe1b\x80\xb2!\x1e\x1cl\x7c6\x08\x1cb\xa5\x2a\x7e\xafXXXXXXXXXXXXXXXXXXXXXXXXXXXXXXXX\xaf</data></match></read>
    <read><length>146</length><match><data>\xafXXX\x1c\xe5\xbf\xd2\x1c\xe9K\x40\xb2\x1cXXXXXXXXXXXXXXXXXXX\xaf\x7c\xf9\x1c\xd1kK\xe2\x1c\xf8\xd7\xab\xc6\xc6K\x40\xe4K\x1c\xc6k\x2a\xa5\xaf\xcf\xf9\x1c\xd1kK\xe2\x1c\xf8\xd7\xab\xc6\xc6K\x40\xe4K\x1c\x7dK\xa5\xabk\xc6\xaf6\xf9\x1c\xd1kK\xe2\x1c3\xab\x40\xf3k\x40\xe4\xaf\xff\xf9\x1c\xd1kK\xe2\x1c\xa5K\xabp\x1cb32\x90k\xc6K\xaf\x8f\xf9\x1c\x1a\xb2\x0dpk\xa5\x1c\x90\xc6\xab\xe4\xaf\xcd\xf9\x1c\x3b2\xe42\xb2\xa5\xaf\xdf\x1c</data></match></read>
    <write><data>\xcd\xaf</data></write>
    <read><length>32</length><match><data>\x98\xa9g\xd2\x80\x8a\x1c\x1a\xb2\xf8\xf8K\x2a\x2a\x90\xb2\xc6\xc6\x1f\x1c\xc62\xe4\xe4K\x7d\x1c2\xb2\xa5\xf9\xaf</data></match></read>
    <read><length>71</length><match><data>\xafXXX\x1c\xe9K\x40\xb2\x1cXXXXXXXXXXXXXXXXXXX\xaf\x7c\xf9\x1c!K\xe4k\x2a\xa5K3\x1c\x2c\x2aK3\xaf\xcf\xf9\x1c\x3b2\xe4k\x40\x1c\x2c\x2aK3\xaf6\xf9\x1c\xaa\xb2k\xa5\xaf\xdf\x1c</data></match></read>
    <write><data>\x7c\xaf</data></write>
    <read><length>49</length><match><data>\xafXXX\x1c\x2c\x2aK3\x1c\xe53K\xab\xa5k2\x40\x1cXXXXXXXXXXXXXXXXXXX\xafgk\xf8\xf3\x40\xabpK\xda\x1c</data></match></read>
    <write><data>\xf8\x90\x1f\xaa\xd2\xd2\xc2\xe5\x1a\x40b\xff\xc66g\xaf</data></write>
    <read><length>10</length><match><data>\xd5\xab\x2a\x2a\xe223\x7d\xda\x1c</data></match></read>
    <write><data>\x2a\xe9\x7c0\x08b\xe8\xbf\x8f\xe8\xa5\xa1\xaf</data></write>
    <read><length>12</length><match><data>\xbfK\xabp\x1c\xa52\xf3K\x40\xda\x1c</data></match></read>
    <write><data>\x2a\xc68\xe8\x1f!i\xaai\x40\x3b\xe8\x8f\x08\xa7\x2a\x80\xe2\xc6\xd7\xa9Q\x8f\xa1b\xe90S!\xcf\xc2b\xaf</data></write>
    <read><length>32</length><match><data>\x98\xa9g\xd2\x80\x8a\x1c\x1a\xb2\xf8\xf8K\x2a\x2a\x90\xb2\xc6\xc6\x1f\x1c3K\xe4k\x2a\xa5K3K\x7d\xf9\xaf</data></match></read>
    <read><length>71</length><match><data>\xafXXX\x1c\xe9K\x40\xb2\x1cXXXXXXXXXXXXXXXXXXX\xaf\x7c\xf9\x1c!K\xe4k\x2a\xa5K3\x1c\x2c\x2aK3\xaf\xcf\xf9\x1c\x3b2\xe4k\x40\x1c\x2c\x2aK3\xaf6\xf9\x1c\xaa\xb2k\xa5\xaf\xdf\x1c</data></match></read>
    <write><data>\xcf\xaf</data></write>
    <read><length>37</length><match><data>\xafXXX\x1c\x3b2\xe4k\x40\x1cXXXXXXXXXXXXXXXXXXX\xafgk\xf8\xf3\xda\x1c</data></match></read>
    <write><data>\xd16\x15KQ\xe0\x0d\x2a\xf8\xf3\xa9\xc2\xaf</data></write>
    <read><length>10</length><match><data>\xd5\xab\x2a\x2a\xe223\x7d\xda\x1c</data></match></read>
    <write><data>6\xf3\xc2\x3b\x0d\xa7Q3\xaf</data></write>
    <read><length>47</length><match><data>\x98\xa9g\xd2\x80\x8a\x1c\x1a\xb2\xf8\xf8K\x2a\x2a\x90\xb2\xc6\xc6\x1f\x1c\xc62\xe4\xe4K\x7d\x1ck\x40\x1c\xab\x2a\x1c\xd16\x15KQ\xe0\x0d\x2a\xf8\xf3\xa9\xc2\xf9\xaf</data></match></read>
    <read><length>94</length><match><data>\xafXXXXXXXXXXXXXXXXXXXXXXXXXXXXXXXX\xafs\x1c\x98N\xc0N\xc0\x1f\xe8\x2cp\x7d\x90\x19\xc2bb\x2c\xff\x8a\x1c\xf6\x1c\x7c\xcf\xc9\xafXXXXXXXXXXXXXXXXXXXXXXXXXXXXXXXX\xaf</data></match></read>
    <read><length>268</length><match><data>s\x1cN\xc0N\xc0\x1f\xe8\x2cp\x7d\x90\x19\xc2bb\x2c\xff\x1c\x2a2\xc6\xc0K\x7d\x1c2\x80\xe2\xaai\x40\xe48\x2a\xc6\xe9\xa5\x80\xb2\xd5\xbc\xff\x96\xabL\x15\xf38\x2a\xc6\x90K\xf8\xa93k\x3b\x1cl\x7c\xcf\xc9\x1cb\xa5\x2a\x7e\xafs\x1cQ\xe4\x0d\x80\xbcS\xa5\xcdi\x1e\x2a0\x96\x96\xd5\x3b\x80Q\x1e\xe9\x2a\xa1\x2c\x7ci\xd5\xe5k\x0d\xbc\x1c\x2a2\xc6\xc0K\x7d\x1c\xf8\xa7\xd1\xff\x08\xa1\x2c\xff\x96\xab\xabL\x2a\x80\xbc\xc2b\x19N3\xf3\x90KN0\xc2\x1a6\xcd\xc9\x08\x08\x1cl\xcf\xcf6\x1cb\xa5\x2a\x7e\xafs\x1cQ\xe4\x0d\x80\xbcS\xa5\xcdi\x1e\x2a0\x96\x96\xd5\x3b\x80Q\x1e\xe9\x2a\xa1\x2c\x7ci\xd5\xe5k\x0d\xbc\x1c\x2a2\xc6\xc0K\x7d\x1c\xd1\xcf\xcd\xe0\x15g0\xff\x96\xc9\xa7\x15k\xe4\x7d\xa7\x15k\x3b\xe86\xc2b\xd7\xa9Q\xe1b\x80\xb2!\x1e\x1cl\x7c6\x08\x1cb\xa5\x2a\x7e\xafXXXXXXXXXXXXXXXXXXXXXXXXXXXXXXXX\xaf</data></match></read>
    <read><length>146</length><match><data>\xafXXX\x1c\xe5\xbf\xd2\x1c\xe9K\x40\xb2\x1cXXXXXXXXXXXXXXXXXXX\xaf\x7c\xf9\x1c\xd1kK\xe2\x1c\xf8\xd7\xab\xc6\xc6K\x40\xe4K\x1c\xc6k\x2a\xa5\xaf\xcf\xf9\x1c\xd1kK\xe2\x1c\xf8\xd7\xab\xc6\xc6K\x40\xe4K\x1c\x7dK\xa5\xabk\xc6\xaf6\xf9\x1c\xd1kK\xe2\x1c3\xab\x40\xf3k\x40\xe4\xaf\xff\xf9\x1c\xd1kK\xe2\x1c\xa5K\xabp\x1cb32\x90k\xc6K\xaf\x8f\xf9\x1c\x1a\xb2\x0dpk\xa5\x1c\x90\xc6\xab\xe4\xaf\xcd\xf9\x1c\x3b2\xe42\xb2\xa5\xaf\xdf\x1c</data></match></read>
    <write><data>\x7c\xaf</data></write>
    <read><length>40</length><match><data>\xafXXX\x1c\xe5\xd7\xab\xc6\xc6K\x40\xe4K\x1c\xc6k\x2a\xa5\x1cXXXXXXXXXXXXXXXXXXX\xaf</data></match></read>
    <read><length>1028</length><match><data>\x1e\xf9\x1c\x98\xd5\xe2\x40\xab\x0d\xc6K\x8a\x1c\x98\x7c\xcf\xc9\x1cb\xa5\x2a\x8a\x1c2\x80\xe2\xaai\x40\xe48\x2a\xc6\xe9\xa5\x80\xb2\xd5\xbc\xff\x96\xabL\x15\xf38\x2a\xc6\x90K\xf8\xa93k\x3b\x1c\xf6\x1c\xe5\xc6K\xab3K\x7d\xaf\x7c\xf9\x1c\x98!K\xc0K3\x2ak\x40\xe4\x8a\x1c\x98\xcf\xcf\x1cb\xa5\x2a\x8a\x1c\xd1S\xbf6\xc2\x40\xe4\xa9\xa5\xaa\xcf\xc9\xa13\xf3\x90\xf8\x0d\xd23\xd5\xb2\xf3\xd78\xb2\xf3\xd7\xa9\xa5\xc6\x90\x1c\xf6\x1c\x80bK\x40\xaf\xcf\xf9\x1c\x98!K\xc0K3\x2ak\x40\xe4\x8a\x1c\x98\x7c\xff\xcd\x1cb\xa5\x2a\x8a\x1cb\x19\x3b\xb2pkN0\xff\xa13\xf3\xe9\xa5\x19KN3kKKNQ\x1f\xbf6\xcd\xc9\xa13kN\x1c\xf6\x1c\x80bK\x40\xaf6\xf9\x1c\x98QK\x0d\x8a\x1c\x98\x7c6\x08\x1cb\xa5\x2a\x8a\x1c\xd1\xcf\xcd\xe0\x15g0\xff\x96\xc9\xa7\x15k\xe4\x7d\xa7\x15k\x3b\xe86\xc2b\xd7\xa9Q\xe1b\x80\xb2!\x1e\x1c\xf6\x1c\x1a2\xc6\xc0K\x7d\xaf\xff\xf9\x1c\x98\xe53\x1fb\xa52\x8a\x1c\x98\xcf\xcf6\x1cb\xa5\x2a\x8a\x1c\xf8\xa7\xd1\xff\x08\xa1\x2c\xff\x96\xab\xabL\x2a\x80\xbc\xc2b\x19N3\xf3\x90KN0\xc2\x1a6\xcd\xc9\x08\x08\x1c\xf6\x1c\x1a2\xc6\xc0K\x7d\xaf\x8f\xf9\x1c\x98gK\xa5\xe223\xf3\x8a\x1c\x98\xcf\xcf\x96\x1cb\xa5\x2a\x8a\x1cpg\xc0pg0\xcd\xab\xd2b\x80\xe2\x1a\x7c\x96\xab\xf8\xa90\xff\xa13kN3g\xa5\xc6\xe9\x1e\xe1b\x1c\xf6\x1c\x80bK\x40\xaf\xcd\xf9\x1c\x98\xd5\xe2\x40\xab\x0d\xc6K\x8a\x1c\x98\xcd\x8f\x1cb\xa5\x2a\x8a\x1c\x96\xabL\x15g\xc0!\x1e\x96\xd2\x2c\xcf\xe0\xd1\xcf\xc2\x40\xe4\x7d\x7d\x0d\xd23\xd5\xbcS\xbf\x1f2\xe90\xcd\x1c\xf6\x1c\x80bK\x40\xaf\x96\xf9\x1c\x98\xd223K\x40\x2ak\xf8\x2a\x8a\x1c\x98\x08\x1cb\xa5\x2a\x8a\x1c\xa5\xaai\x1a\x7c\xe5\x15\xd5\xbcS2\xd7\xa90Spg\xc0\xf3\xe9\xa5\xaa\xc0!\xcf\xe0\xd1i\x1a\x7c\x8f\x08\x1c\xf6\x1c\x80bK\x40\xaf\xc9\xf9\x1c\x98\xd5\xe2\x40\xab\x0d\xc6K\x8a\x1c\x98\xff\xff\xcf\x1cb\xa5\x2a\x8a\x1c\xa90\xff\xe5\xd1\xcf\xc2b\x80\xb2!i\xc6\x90KN0S2\x80\x7c\x96\xab\xf8\xa7\x2a\x80\x7c\xe1\x40\xe4\xa9\x1c\xf6\x1c\x80bK\x40\xaf\x08\xf9\x1c\x98gK\xa5\xe223\xf3\x8a\x1c\x98\x8f\x96\x1e\x1cb\xa5\x2a\x8a\x1cg\xa5\xaai\x1a6\xcd\xe0\xbf\x1f2\xd7\xa90\xc2\x40\x3b\xe8\x1f2\xe9\x1e\x8f\xe5\xd1\xff\x08\x08\x08\x0d\xab\xd2\x1c\xf6\x1c\x3b2\xf8\xf3K\x7d\xaf\x7c\x1e\xf9\x1c\x98\xe53\x1fb\xa52\x8a\x1c\x98\x8f\x96\xcd\x1cb\xa5\x2a\x8a\x1c\xaa\xc0pg\x1e\x8f\xe52\xe9\xa5\xaa\xc0\xf3\xe90\xcd\xab\xab\xab\xf8\x0d\xf8\x0d\xd2\x2c\xff\xe5\xd1i\xc6\xd7\x7d\x1c\xf6\x1c\x80bK\x40\xaf\x7c\x7c\xf9\x1c\x98!K\xc0K3\x2ak\x40\xe4\x8a\x1c\x98\xff\xff\xcd\x1cb\xa5\x2a\x8a\x1c\xe2\x1a\x7c\xe1b\x80\xb2\xd5\xe2\xaa\xcf\xc2\x1a\x7c\x96\xab\xd2Q6\xcd\xe02\xe9\x1e\x96\xabL\xd1\xcf\xcd\xd2\x2c\x1c\xf6\x1c\x3b2\xf8\xf3K\x7d\xaf\x7c\xcf\xf9\x1c\x98\xd223K\x40\x2ak\xf8\x2a\x8a\x1c\x98\xff\xcf\x8f\x1cb\xa5\x2a\x8a\x1c0\xff\xe5\xd1\xff\x08\xa1\x2c\xff\xe5\x15k\x3b\xbcS\xbf\x7c\x8f\x08\xa13k\x3b\xe86\xcd\xab\xab\xf8\xa90\xff\x1c\xf6\x1c\x80bK\x40\xaf\x7c6\xf9\x1c\x98gK\xa5\xe223\xf3\x8a\x1c\x986\xcd6\x1cb\xa5\x2a\x8a\x1cL\xd1S\xbf\xe2\xaa\xcf\xe02\xe9\xc0\xd5\x7c\x96\xe0\xd1\xcf\xc2\x40\x3b\xb2\xd5\x7c\x8f\x08\xa7\xd1i\xc68\xe8\x8f\x1c\xf6\x1c\x3b2\xf8\xf3K\x7d\xaf\x7c\xff\xf9\x1c\x98\xe53\x1fb\xa52\x8a\x1c\x98\x8f\x08\x8f\x1cb\xa5\x2a\x8a\x1c\xc0pg\xa5\x80\xbc\xff\x08\x08\xa1b\x19\x3b\x2a\x80\xbc\xc2\x1a\x1f2\xe9\xc0!\xc0pkKKKK\xf8\x7d\x1c\xf6\x1c\x3b2\xf8\xf3K\x7d\xaf\x7c\x8f\xf9\x1c\x98\xe53\x1fb\xa52\x8a\x1c\x98\x96\xff\x1cb\xa5\x2a\x8a\x1c\x1e\x8f\x96\xe0\x15\xf38\x2a\xc6\x90L\xd1i\xaa\xcf\xcd\xe0\xbf\xe2\x1a\x7c\x96\xe0\xbf6\xc2b\x19\x3b\xbcSp\x1c\xf6\x1c\x3b2\xf8\xf3K\x7d\xaf</data></match></read>
    <read><length>94</length><match><data>\xafXXXXXXXXXXXXXXXXXXXXXXXXXXXXXXXX\xafs\x1c\x98N\xc0N\xc0\x1f\xe8\x2cp\x7d\x90\x19\xc2bb\x2c\xff\x8a\x1c\xf6\x1c\x7c\xcf\xc9\xafXXXXXXXXXXXXXXXXXXXXXXXXXXXXXXXX\xaf</data></match></read>
    <read><length>268</length><match><data>s\x1cN\xc0N\xc0\x1f\xe8\x2cp\x7d\x90\x19\xc2bb\x2c\xff\x1c\x2a2\xc6\xc0K\x7d\x1c2\x80\xe2\xaai\x40\xe48\x2a\xc6\xe9\xa5\x80\xb2\xd5\xbc\xff\x96\xabL\x15\xf38\x2a\xc6\x90K\xf8\xa93k\x3b\x1cl\x7c\xcf\xc9\x1cb\xa5\x2a\x7e\xafs\x1cQ\xe4\x0d\x80\xbcS\xa5\xcdi\x1e\x2a0\x96\x96\xd5\x3b\x80Q\x1e\xe9\x2a\xa1\x2c\x7ci\xd5\xe5k\x0d\xbc\x1c\x2a2\xc6\xc0K\x7d\x1c\xf8\xa7\xd1\xff\x08\xa1\x2c\xff\x96\xab\xabL\x2a\x80\xbc\xc2b\x19N3\xf3\x90KN0\xc2\x1a6\xcd\xc9\x08\x08\x1cl\xcf\xcf6\x1cb\xa5\x2a\x7e\xafs\x1cQ\xe4\x0d\x80\xbcS\xa5\xcdi\x1e\x2a0\x96\x96\xd5\x3b\x80Q\x1e\xe9\x2a\xa1\x2c\x7ci\xd5\xe5k\x0d\xbc\x1c\x2a2\xc6\xc0K\x7d\x1c\xd1\xcf\xcd\xe0\x15g0\xff\x96\xc9\xa7\x15k\xe4\x7d\xa7\x15k\x3b\xe86\xc2b\xd7\xa9Q\xe1b\x80\xb2!\x1e\x1cl\x7c6\x08\x1cb\xa5\x2a\x7e\xafXXXXXXXXXXXXXXXXXXXXXXXXXXXXXXXX\xaf</data></match></read>
    <read><length>146</length><match><data>\xafXXX\x1c\xe5\xbf\xd2\x1c\xe9K\x40\xb2\x1cXXXXXXXXXXXXXXXXXXX\xaf\x7c\xf9\x1c\xd1kK\xe2\x1c\xf8\xd7\xab\xc6\xc6K\x40\xe4K\x1c\xc6k\x2a\xa5\xaf\xcf\xf9\x1c\xd1kK\xe2\x1c\xf8\xd7\xab\xc6\xc6K\x40\xe4K\x1c\x7dK\xa5\xabk\xc6\xaf6\xf9\x1c\xd1kK\xe2\x1c3\xab\x40\xf3k\x40\xe4\xaf\xff\xf9\x1c\xd1kK\xe2\x1c\xa5K\xabp\x1cb32\x90k\xc6K\xaf\x8f\xf9\x1c\x1a\xb2\x0dpk\xa5\x1c\x90\xc6\xab\xe4\xaf\xcd\xf9\x1c\x3b2\xe42\xb2\xa5\xaf\xdf\x1c</data></match></read>
    <write><data>\xcd\xaf</data></write>
    <read><length>32</length><match><data>\x98\xa9g\xd2\x80\x8a\x1c\x1a\xb2\xf8\xf8K\x2a\x2a\x90\xb2\xc6\xc6\x1f\x1c\xc62\xe4\xe4K\x7d\x1c2\xb2\xa5\xf9\xaf</data></match></read>
    <read><length>71</length><match><data>\xafXXX\x1c\xe9K\x40\xb2\x1cXXXXXXXXXXXXXXXXXXX\xaf\x7c\xf9\x1c!K\xe4k\x2a\xa5K3\x1c\x2c\x2aK3\xaf\xcf\xf9\x1c\x3b2\xe4k\x40\x1c\x2c\x2aK3\xaf6\xf9\x1c\xaa\xb2k\xa5\xaf\xdf\x1c</data></match></read>
    <write><data>\x7c\xaf</data></write>
    <read><length>49</length><match><data>\xafXXX\x1c\x2c\x2aK3\x1c\xe53K\xab\xa5k2\x40\x1cXXXXXXXXXXXXXXXXXXX\xafgk\xf8\xf3\x40\xabpK\xda\x1c</data></match></read>
    <write><data>3\x7ck!\x80p\xc2\xf3b0\xa9\x0d\xe2\xe9\xf8\xaf</data></write>
    <read><length>10</length><match><data>\xd5\xab\x2a\x2a\xe223\x7d\xda\x1c</data></match></read>
    <write><data>\xc0\xcf\x086\xc2S\xe9\x3b\xd1\xbc\xc9\xbf\xa5\xf8\xbc6S30\x7dL\xc6\x90\x15\xe1S\xaf</data></write>
    <read><length>12</length><match><data>\xbfK\xabp\x1c\xa52\xf3K\x40\xda\x1c</data></match></read>
    <write><data>\xaf</data></write>
    <read><length>50</length><match><data>\xafXXX\x1c\xbfK\xabp\x1c\xe53K\xab\xa5k2\x40\x1cXXXXXXXXXXXXXXXXXXX\xaf\xbfK\xabp\x1c\x40\xabpK\xda\x1c</data></match></read>
    <write><data>\xab\xa1\xc0\xabN\xaa\xd7\xaa\xe0\xf8\x1e\xc9\x40\xa5\xe0bk\xa1\x90\x1f\x3bS\xaf</data></write>
    <read><length>10</length><match><data>\x1a\xd72\xb2\xa52\xb2\xa5\xda\x1c</data></match></read>
    <write><data>\xcd\xa7\xa9\xa7\xc6\x90\xa52\xd26\x0d!i\x40\xbf8\x08k\x1f\xb2\xd1\xaf</data></write>
    <read><length>83</length><match><data>\x98\xa9g\xd2\x80\x8a\x1c\x1a\xb2\xf8\xf8K\x2a\x2a\x90\xb2\xc6\xc6\x1f\x1c3K\xe4k\x2a\xa5K3K\x7d\xf9\xaf\x98\xa9g\xd2\x80\x8a\x1c\xbfK\xabp\x1c\xf82\x7dK\xda\x1c\x1a\x1f2\x19\x3b\xb2\xf38\xb2\xd5\xe2\x1a\x7c\xe1\x2c\xcf\xc2\x40\x3b\xbc\xff\xe52\x19\x3b\xe8\x8f\x08\xa7\x15g\x1e\xaf</data></match></read>
    <read><length>71</length><match><data>\xafXXX\x1c\xe9K\x40\xb2\x1cXXXXXXXXXXXXXXXXXXX\xaf\x7c\xf9\x1c!K\xe4k\x2a\xa5K3\x1c\x2c\x2aK3\xaf\xcf\xf9\x1c\x3b2\xe4k\x40\x1c\x2c\x2aK3\xaf6\xf9\x1c\xaa\xb2k\xa5\xaf\xdf\x1c</data></match></read>
    <write><data>\xcf\xaf</data></write>
    <read><length>37</length><match><data>\xafXXX\x1c\x3b2\xe4k\x40\x1cXXXXXXXXXXXXXXXXXXX\xafgk\xf8\xf3\xda\x1c</data></match></read>
    <write><data>\xa7\xc6\x08\xe4\xa92\xe4Q\xd2N\x8f\xab\xaf</data></write>
    <read><length>10</length><match><data>\xd5\xab\x2a\x2a\xe223\x7d\xda\x1c</data></match></read>
    <write><data>\xe538\x7c\x96\x7c\xffg\x0d\x96\xbc\xaf</data></write>
    <read><length>47</length><match><data>\x98\xa9g\xd2\x80\x8a\x1c\x1a\xb2\xf8\xf8K\x2a\x2a\x90\xb2\xc6\xc6\x1f\x1c\xc62\xe4\xe4K\x7d\x1ck\x40\x1c\xab\x2a\x1c\xa7\xc6\x08\xe4\xa92\xe4Q\xd2N\x8f\xab\xf9\xaf</data></match></read>
</replay>
</pov>