<?xml version="1.0" standalone="no" ?>
<!DOCTYPE pov SYSTEM "/usr/share/cgc-docs/replay.dtd">
<pov>
<cbid>service</cbid>
<seed>f95f58e53335315e41081c96309ba50e5fb5cb42d279dfbfde2700322e50fb399bba851e66a7faf472e806e7fa38d055</seed>
<replay>
    <delay>50</delay>
    <write><data>\x03LDSaHytno\x60HpprpAdw\x5d\x60f\x5efNKDIQ\x60uvkmJ\x5bJjHjCtgdUERRHfWawY\x0a</data></write>
    <read><delim>\x0a</delim><match><data>Query One</data></match></read>
    <read><length>3</length><match><data>\x05r\x00</data></match></read>
    <read><delim>\x00</delim><match><data>instance:LDSaHytno\x60HpprpAdw\x5d\x60f\x5efNKDIQ\x60uvkmJ\x5bJjHjCtgdUERRHfWawY:tcp:34136:server:QrGlrny\x5fqiLuZLN\x5fiRjgBTGLP\x5egpLWTia:</data></match></read>
    <write><data>\x03\x60CwbKrvwNIvcYYuIIJLPylxytFeLK\x60vew\x5cb\x60J\x0a</data></write>
    <read><delim>\x0a</delim><match><data>Query One</data></match></read>
    <read><length>3</length><match><data>\x05g\x00</data></match></read>
    <read><delim>\x00</delim><match><data>instance:\x60CwbKrvwNIvcYYuIIJLPylxytFeLK\x60vew\x5cb\x60J:tcp:14325:server:LykgvitUUswAvteOg\x60pbL\x5cFZW\x5eP\x5fUFdP\x5fTdBj\x5f:</data></match></read>
    <write><data>\x04\x01fXvgYxRqh\x5cpwiupJQBr\x5cOCeUfiq\x5eBZNb\x60EG\x5fgRNLvODWVVCVd\x60cRgWxF\x0a</data></write>
    <read><delim>\x0a</delim><match><data>Query Admin</data></match></read>
    <read><length>3</length><match><data>\x05\x0b\x00</data></match></read>
    <read><delim>\x00</delim><match><data>admin:7748:</data></match></read>
    <write><data>\x02kAGhiubRqOV\x5cUS\x5f\x5dMiuXGLeHeMGyE\x60OlASxWVpdcFj\x0a</data></write>
    <read><delim>\x0a</delim><match><data>Query Server</data></match></read>
    <read><length>3</length><match><data>\x05A\x03</data></match></read>
    <read><delim>\x00</delim><match><data>instance:cHjjACgufR\x5boklOVtIPGFE\x60H\x5c\x5euNhbgPX\x5eReqaOFQHfNulalTkbFKMiA:instance:CbB\x5ceLpSLqTYWZHkYQmANPvMflgtnnLLbGaFnZWa\x5csWf\x5cPXIrXZm\x5dSJ:instance:dIVus\x5cF\x5eOWptiJDrfKahxM\x5dv\x5fE\x5bDOlhvVfd\x5cGGjFDONARoMip\x5daEMV:instance:d\x60NQGlsxfolrujs\x5d\x5ctClaOcXqEOuXbvQ\x60tfdm\x5d\x5fKuffsqStFasRYB:instance:vCImdFSLPQFPYW\x5dkWjXogBBelSw\x5bmBKGQvFLXFXVAl\x5beuGUonCDD:instance:H\x5dMsHSeYdWXBs\x5fjmCEH\x60Ri\x5bRSDDZn\x60jtd\x5cBXvfrFEGdfklLBQBA:instance:Afv\x5c\x5cXvxFbfKgTpoGqgH\x5c\x5fpXfM\x60cgDvr\x5cVbK\x60fgBRIHluwICRw:instance:p\x5eBm\x5doPGbtilTrNPBahmwa\x5egtsEmIM\x5blNVsCnKSaaaAAyrOpX:instance:wlIvkoSxXE\x60\x5bD\x5ecPFmQlpLWn\x5eOyXbuQy\x5fBHaZgx\x5dbnxpC\x5eIC:instance:Iu\x60c\x60da\x5eoYKeo\x5eG\x5cMp\x5fSuh\x5fGFV\x5ef\x5cUBrDbuq\x60ALjMR\x60DBOQ:instance:aAVrpR\x60yTFeSn\x5d\x5bwQgmUAFQtywbLUSDPEhGnoHTPSEKKKN:instance:lf\x5eBNkEaVSY\x60Dv\x5eLk\x5daPFqO\x5ejJDpiIWuXumfNdFHJhCFp:instance:QqB\x5dEutPH\x5feWabNCA\x60\x5bgbdYPjrqUf\x5ejJooHabqllGjFG:instance:S\x5ckdP\x60wwLiJpwEWIqJVVWJ\x5bNR\x5b\x5fHA\x60QbAWreKMwtQyN:</data></match></read>
    <write><data>\x01\x0a</data></write>
    <read><delim>\x0a</delim><match><data>Query All</data></match></read>
    <read><length>3</length><match><data>\x05.\x02</data></match></read>
    <read><delim>\x00</delim><match><data>server:xWnHYwxLrlU\x5bcAfLpPQIXIgv\x5cMUV\x5dkhsKeUmljfZyEX\x60:server:LDbalRuurKhiJ\x5c\x5dDFJjWDJFTfUBCMMGFl\x5bJ\x5cfuR\x5bsAv:server:kAGhiubRqOV\x5cUS\x5f\x5dMiuXGLeHeMGyE\x60OlASxWVpdcFj:server:Y\x60pHfLinUuBEf\x5bpxvGkrDijmrR\x5dnHk\x5cQKXmucW\x5ehH:server:mRhvAKNTXwEbHHhy\x5eRYOQblHToBcSnZEDgfKyIsm:server:jeFkdXMsvVdWZb\x60LmM\x60wFNFgjB\x5f\x5cVvhPPhnkfTI:server:LykgvitUUswAvteOg\x60pbL\x5cFZW\x5eP\x5fUFdP\x5fTdBj\x5f:server:XqyZJRLmvKFNqvuI\x60gIdgjHUcZn\x5cvVHgNT\x5fIa:server:ILGMRfbSteyoVHyVdgO\x5dKVMLu\x5bnMHkgEgBXM:server:\x5cwhmtAS\x60DAiuTy\x5dbESasxIX\x5dBunljY\x5cqnQg:server:touSBWZj\x5bNFj\x5bJxWGibmt\x60OKDPenfnWK\x5dV:server:QrGlrny\x5fqiLuZLN\x5fiRjgBTGLP\x5egpLWTia:</data></match></read>
    <write><data>\x03PM\x5eCAX\x5bOg\x5bZGUfNyp\x5eHPwJNQMSiaqvpNMUbFnSWT\x5bCKVFkmF\x0a</data></write>
    <read><delim>\x0a</delim><match><data>Query One</data></match></read>
    <read><length>3</length><match><data>\x05n\x00</data></match></read>
    <read><delim>\x00</delim><match><data>instance:PM\x5eCAX\x5bOg\x5bZGUfNyp\x5eHPwJNQMSiaqvpNMUbFnSWT\x5bCKVFkmF:tcp:124:server:ILGMRfbSteyoVHyVdgO\x5dKVMLu\x5bnMHkgEgBXM:</data></match></read>
    <write><data>\xff\x0a</data></write>
    <read><delim>\x0a</delim><match><data>Invalid Query</data></match></read>
</replay>
</pov>