<?xml version="1.0" standalone="no" ?>
<!DOCTYPE pov SYSTEM "/usr/share/cgc-docs/replay.dtd">
<pov>
<cbid>service</cbid>
<seed>7eddabdeac8644a606334e8b6ee5e95b6515f4a562686204169faef54a2aa303171ad8caafc5b50b93e609ff307ba425</seed>
<replay>
    <delay>50</delay>
    <write><data>\x03SOt\x5bw\x5fDTPH\x5bDUvQOn\x5cOBIOIgartM\x5fFLdFZhe\x0a</data></write>
    <read><delim>\x0a</delim><match><data>Query One</data></match></read>
    <read><length>3</length><match><data>\x05i\x00</data></match></read>
    <read><delim>\x00</delim><match><data>instance:SOt\x5bw\x5fDTPH\x5bDUvQOn\x5cOBIOIgartM\x5fFLdFZhe:tcp:12231:server:\x5fIt\x5btq\x60mYJKBevVI\x5dj\x5dNyLOMcZLoadKTNDB\x5bT\x5ePyk:</data></match></read>
    <write><data>\x02iRghk\x5cfcuvQUNZQobJOjxRDoKNPqcMrjRjn\x5euhf\x5fVxE\x0a</data></write>
    <read><delim>\x0a</delim><match><data>Query Server</data></match></read>
    <read><length>3</length><match><data>\x05\xf2\x01</data></match></read>
    <read><delim>\x00</delim><match><data>instance:LnQkboC\x5eemGAMsFgZ\x5dLRaepusGMxOKfHqSO\x5cl:instance:PDeTHsKclIepZkVJtPcPKSslfbOfcr\x5dRmW\x60D:instance:xKmtwxGwagbNsmd\x5epOpbMFRQKR\x5ekBUttcMX:instance:thBqvIcAhcU\x60iL\x60CsFtQ\x5fkKsGHBKZgKfYd:instance:Z\x5fHXCBwYGo\x5ebAxqaVsiwFrrONkc\x5bVWhNn:instance:\x5faOCpdxrQiDamE\x5f\x5fJw\x60RMRFWdliOtcDT:instance:YgdOKm\x5byAsXCjrDEkIlVueLvoFQo\x5esi:instance:khQGPKuG\x5cwDtatfhOoiQi\x5fiQqUr\x5buc:instance:cAK\x5cZMaGUBGJWq\x5dHuUpOLDgELOYBh:instance:aXOFPKLycu\x5eT\x60SuvvPNhwN\x5bmqcTe:instance:SVvuIUXlKMieEbYHnajKjHe\x5fext:instance:YmqRL\x5fAwKqo\x5dorPjck\x5bXhLmqsu:</data></match></read>
    <write><data>\x03aYsQyVYahDrr\x5cN\x5exXSYpYHuR\x5cc\x5bnxEtq\x5fDQfGnbc\x0a</data></write>
    <read><delim>\x0a</delim><match><data>Query One</data></match></read>
    <read><length>3</length><match><data>\x05s\x00</data></match></read>
    <read><delim>\x00</delim><match><data>instance:aYsQyVYahDrr\x5cN\x5exXSYpYHuR\x5cc\x5bnxEtq\x5fDQfGnbc:tcp:18887:server:SMiQDvYqKByDPR\x5chVqgUZLsPn\x5bkYFbVIMEiirhnZQmgkMvf:</data></match></read>
    <write><data>\x03lWk\x5eDb\x5fmOTNWKWgnQGIpCqdILKR\x60dKq\x60ZjPcQGtAhHdXIYoplKxG\x5fc\x0a</data></write>
    <read><delim>\x0a</delim><match><data>Query One</data></match></read>
    <read><length>3</length><match><data>\x05\x80\x00</data></match></read>
    <read><delim>\x00</delim><match><data>instance:lWk\x5eDb\x5fmOTNWKWgnQGIpCqdILKR\x60dKq\x60ZjPcQGtAhHdXIYoplKxG\x5fc:tcp:35198:server:QgmoCrgjkq\x5cZbT\x5eKeLgWYU\x5fBuAZE\x60KUN\x5dhPlQvjJkyOkmg:</data></match></read>
    <write><data>\x04\x01AXXcSYC\x5fQimQ\x5bJP\x5frUrWkysL\x5dkUOfSO\x60H\x60ibFTVM\x60psJxkvVOggCw\x5eEU\x0a</data></write>
    <read><delim>\x0a</delim><match><data>Query Admin</data></match></read>
    <read><length>3</length><match><data>\x05\x0a\x00</data></match></read>
    <read><delim>\x00</delim><match><data>admin:20c:</data></match></read>
    <write><data>\x02\x5cbTt\x5erlnxbMryVXjfljskCq\x5dYgAEwgNsGbxbYgnFMo\x0a</data></write>
    <read><delim>\x0a</delim><match><data>Query Server</data></match></read>
    <read><length>3</length><match><data>\x05\x5d\x00</data></match></read>
    <read><delim>\x00</delim><match><data>instance:jrAdkDj\x60anffEfrlVGj\x5dfhCRJ\x5eRO\x5dmKNPpcaO:instance:jasdHNKIYXsw\x5fqKrw\x60\x5fYBUpuoCnoEitunalw:</data></match></read>
    <write><data>\xff\x0a</data></write>
    <read><delim>\x0a</delim><match><data>Invalid Query</data></match></read>
</replay>
</pov>