<?xml version="1.0" standalone="no" ?>
<!DOCTYPE pov SYSTEM "/usr/share/cgc-docs/replay.dtd">
<pov>
<cbid>service</cbid>
<seed>9dde568789537a8dd1ea3987b4ed2bdf1f5ee566490af041f528158aefe4122b00c3b8ac4a4d4eab49fcbac08ee7b0f8</seed>
<replay>
    <delay>50</delay>
    <write><data>\x02CC\x5e\x5fi\x5e\x5eecdoAJttUrXbP\x0a</data></write>
    <read><delim>\x0a</delim><match><data>Query Server</data></match></read>
    <read><length>3</length><match><data>\x05\xef\x01</data></match></read>
    <read><delim>\x00</delim><match><data>instance:fCuumQOsyoZVSCxp\x5ccUjnqpRGUUeGVMPwvMRP\x5dli:instance:\x5cMFdPYAeLuxTGaYQqR\x5ddwds\x60lUNRIUOATyHb\x5csv:instance:h\x5eGjNP\x5exyXapo\x5dnX\x5bQh\x5chry\x5e\x5b\x5bC\x5cCxwwLaIyGg:instance:vhAvjKJdxIrjmrCR\x60GNN\x5cGDKkrX\x5cThiRmXo\x5dZ:instance:bPOxNZ\x5cfWIDjrrIpiFqR\x5bgOG\x5bZsZyl\x5bR\x5dqy\x5f:instance:jHMxrL\x5etITI\x60i\x5dwHOE\x5b\x60ptRmht\x5eRRulksBV:instance:O\x5fB\x60\x5btbEaCcUOkB\x5cu\x5f\x60cmTZKywyZXOYefY:instance:\x5d\x5dSIR\x5f\x5dG\x5fNnICEpEnLmgb\x5fYvadNpcI\x5evE:instance:nxsxUt\x5fYnE\x5eweBahVCUk\x60nK\x60CURKMbG\x5c:instance:ofCYspQIxYH\x5eFXuYfBJrdhFb\x60\x5e\x5futTY:instance:\x5donFcJjS\x5br\x5eKSsPfrYuYNGLGqfIhJU:</data></match></read>
    <write><data>\x03uEcTf\x5eKCQDVUSyvdHc\x60wa\x5df\x5bFFjdWr\x60\x0a</data></write>
    <read><delim>\x0a</delim><match><data>Query One</data></match></read>
    <read><length>3</length><match><data>\x05J\x00</data></match></read>
    <read><delim>\x00</delim><match><data>instance:uEcTf\x5eKCQDVUSyvdHc\x60wa\x5df\x5bFFjdWr\x60:tcp:41021:server:MWvDFpSF\x60BqQcqq:</data></match></read>
    <write><data>\x03crLQ\x60u\x5bqR\x5bpeoromi\x5fohtq\x5bYVisTedb\x5c\x5bIoWtgKDdI\x5d\x5bYKgoaoFqhbYvbtb\x0a</data></write>
    <read><delim>\x0a</delim><match><data>Query One</data></match></read>
    <read><length>3</length><match><data>\x05o\x00</data></match></read>
    <read><delim>\x00</delim><match><data>instance:crLQ\x60u\x5bqR\x5bpeoromi\x5fohtq\x5bYVisTedb\x5c\x5bIoWtgKDdI\x5d\x5bYKgoaoFqhbYvbtb:tcp:10769:server:fxVOvrSNCMFN\x60dQ\x5flQmMBldC:</data></match></read>
    <write><data>\x02nEDBAlafIbhCGLkKpxUDiwXqPaXbYdxdTZr\x0a</data></write>
    <read><delim>\x0a</delim><match><data>Query Server</data></match></read>
    <read><length>3</length><match><data>\x05S\x01</data></match></read>
    <read><delim>\x00</delim><match><data>instance:rHnTqUQdIXncYNh\x5cUNRaOOFhUEr\x5duvbCTo\x5bEY\x5eTAwvw\x60FQTCt:instance:YmY\x5eenA\x5biFa\x5dM\x5eZlhvoeCWdvHAJpXdRSPb\x5fFh\x5fwavFQddh\x5bJ:instance:IaVfwvujPVkIPHJf\x5dfLUIjZcxg\x5bOXGLtrKnJenbRkWhSfPM:instance:RYLCIP\x5enMbMVXXmAohKydyihoFaWcApEuwmWATQDUR\x5fLpC:instance:LuHxhRuShPehQdEoq\x5fFWEXhICTupoNfMn\x60nJPHPfikX\x5fC:instance:UQWdVus\x5cWqTBZVigXinGqg\x5cautc\x5fDWVqjyWA\x60YMMHY\x5bE:</data></match></read>
    <write><data>\x03UqdqZWPNRotp\x5bDUEWAQUsZmV\x60XEcp\x5dEC\x60RDpFLkeWlfwRraQ\x0a</data></write>
    <read><delim>\x0a</delim><match><data>Query One</data></match></read>
    <read><length>3</length><match><data>\x05Z\x00</data></match></read>
    <read><delim>\x00</delim><match><data>instance:UqdqZWPNRotp\x5bDUEWAQUsZmV\x60XEcp\x5dEC\x60RDpFLkeWlfwRraQ:tcp:387:server:JEope\x60o\x60YheyYyAH:</data></match></read>
    <write><data>\x01\x0a</data></write>
    <read><delim>\x0a</delim><match><data>Query All</data></match></read>
    <read><length>3</length><match><data>\x05\xbd\x03</data></match></read>
    <read><delim>\x00</delim><match><data>server:XDeOUDjE\x5fmYGWyWLjMK\x5cZTgZkVsJ\x60V\x5bOlVXjvxw:server:dRMShg\x5fsgnH\x5d\x5ejkFPgolgIrwR\x5bKODRy\x5bYbDVWm:server:CGjYOfLb\x5eaQtIpEMioLLUXRlHypCTivWMBsRi:server:nTHyuRNNvjkeycXDQjjUdupfb\x60XWcNwcWUTo:server:nEDBAlafIbhCGLkKpxUDiwXqPaXbYdxdTZr:server:Felap\x5cFjDjsrHNHthj\x5bqw\x5boetjPNwXJJ\x5bR:server:VlWGemwYrrqARdWedHTEckp\x5bmmM\x60P\x5fMKK:server:KkgapsxoR\x5dcDiIbMWvbiCKpqiTKkBIEB:server:qlkqkemlBbclnmNuOLdOJmXN\x5eLLtRD\x5e:server:\x5b\x60uCiTpjIDNYZF\x5bXyneTtbZQl\x5dISm\x5d:server:M\x60oBbPyakPcPo\x5bDHrsOuA\x60pcFcWm\x5b:server:DWkaRu\x5b\x5diMDdgsM\x5ciNLrxdiaxLpH:server:A\x5e\x5dNONZ\x5fx\x5dkujYhwQPRnTak\x5b\x60\x5f\x60:server:wclsCljOSeyxRfwDclpicDGunE:server:kmxuWHxcvvHbWZcyMXUOOJx\x5dE:server:fxVOvrSNCMFN\x60dQ\x5flQmMBldC:server:uRhbsSgejMKov\x5eSu\x60\x5bJnHPr:server:S\x5e\x5fkprbCFTuiAqMpsflyhZ:server:\x5f\x5dUEjIWTlqYyBefpUUkGj:server:CC\x5e\x5fi\x5e\x5eecdoAJttUrXbP:server:Ht\x5bvNoU\x5exFcXkMCFXiN:server:SejhdYn\x5eGFidm\x5fXcBw:server:O\x5fXW\x5eYhW\x5fi\x5d\x5cnRYAb:server:JEope\x60o\x60YheyYyAH:server:MWvDFpSF\x60BqQcqq:server:\x5cmFQp\x5fYBHbthM\x5b:server:\x5cHfP\x5e\x5eHBWyfqO:server:NkYR\x5dQ\x5esiZxl:server:YFnbV\x5fVclyl:</data></match></read>
    <write><data>\xff\x0a</data></write>
    <read><delim>\x0a</delim><match><data>Invalid Query</data></match></read>
</replay>
</pov>