<?xml version="1.0" standalone="no" ?>
<!DOCTYPE pov SYSTEM "/usr/share/cgc-docs/replay.dtd">
<pov>
<cbid>service</cbid>
<seed>3e41d0632af89859f48a097180a6a4a69fdf9c020348b5db85531e52a6ceef217ca1b111518879ff1d46373382ee93f9</seed>
<replay>
    <delay>50</delay>
    <write><data>\x04\x01pnqnbGYiDSSS\x5cWh\x5eGJFaMWpOK\x5eA\x5dAIAae\x0a</data></write>
    <read><delim>\x0a</delim><match><data>Query Admin</data></match></read>
    <read><length>3</length><match><data>\x05\x0a\x00</data></match></read>
    <read><delim>\x00</delim><match><data>admin:ce5:</data></match></read>
    <write><data>\x04\x01\x5fROSWsnJFiUcKpW\x5dgsb\x5fIiSIg\x5bZwlCNFWJwBGibVS\x60b\x0a</data></write>
    <read><delim>\x0a</delim><match><data>Query Admin</data></match></read>
    <read><length>3</length><match><data>\x05\x0b\x00</data></match></read>
    <read><delim>\x00</delim><match><data>admin:1151:</data></match></read>
    <write><data>\x01\x0a</data></write>
    <read><delim>\x0a</delim><match><data>Query All</data></match></read>
    <read><length>3</length><match><data>\x05\xc3\x03</data></match></read>
    <read><delim>\x00</delim><match><data>server:VDRINe\x5cvYelnbsyMvi\x5eHuMrlKRSB\x5eEHQZ\x5f\x60wqSrkZBXGYgOV\x5dsFRPp:server:NQdYBGPv\x5be\x5fINmdSw\x5ciBAtyQc\x5f\x5eBB\x5fhnZ\x5baQFyrcGJu\x5bZjMQGJm\x5bc:server:LvfVhFA\x5dSmOG\x5djL\x5fWJbQCdQMGn\x5baaZdiYjIM\x5ekgqLYeXpXKHljSF:server:qBARDuSlVRxEq\x60WGAwKEHgZq\x5eScHnsOUQnWinRtHRNVuMHE\x5bvGW:server:RD\x5dCaDqQXbtWsSekSjKL\x5bNa\x5bsAmwBvBU\x5ctnmSGDWfdvmiNsjgB:server:eIeiGhspDhtxm\x5bTDVbZuFRi\x5fkmfWEe\x60Rsa\x5fXPp\x5enJUYOKbrjM:server:sE\x60FdIMgIL\x5cXrUBumUdXOwHWL\x5cOIcQ\x5cpkSjOhikjrKpvaKGL:server:FbrUN\x5cXXTymrEHxku\x5fShoKr\x5bNqKkSsH\x60fmgdyojyvt\x60McIY:server:vwbqMDX\x5cgDXFwxBNKIZ\x5dlKK\x60whSObQCIkfDtbNQMvEubcR:server:IQ\x5enBIS\x60CUsLl\x5ffUWQnNMZcHK\x5fcecEttaIXhHMmlgPwUf:server:wJZRruAdYJSK\x5cCkogTWxmNwxEeyMT\x60\x5dN\x5eHWNvSg\x60NucB:server:XOiIIDDX\x5bjXWucSlpHimU\x60tqikeEFgbagvG\x5bYDEdlyD:server:\x5djcxa\x5eYXaSSlN\x5biax\x5eaCKChvQkU\x5fnCoFHbrPdA\x5fQyT:server:H\x5c\x5eIH\x5fIOwOVlfsEBmdhtFuOTfLbPAGZoTvt\x5fCBSmp:server:SKRIxuMlntRFxaZoC\x5dalgLUDuOZQ\x60A\x5frnstNMouJ:server:\x5cWlpaFmbNfmmcOctYcnWUuuqHItxHMvr\x5bEoLHXi:server:eMHwBlgMjtNmJDdvI\x5bGajASDHP\x5c\x60jCD\x5ecaukJb:server:NKmJLSchTE\x5eBetNdTvaGVApn\x5buYOEopcsaTiv:</data></match></read>
    <write><data>\x02\x5djcxa\x5eYXaSSlN\x5biax\x5eaCKChvQkU\x5fnCoFHbrPdA\x5fQyT\x0a</data></write>
    <read><delim>\x0a</delim><match><data>Query Server</data></match></read>
    <read><length>3</length><match><data>\x05\x81\x01</data></match></read>
    <read><delim>\x00</delim><match><data>instance:biLlLW\x5dgGXgPPsJp\x60pycrVMa\x5fSwnshopqkpFsE\x5fc\x60MLfxKGJ:instance:r\x5b\x5cEfKiGL\x5cvRD\x60wUyLkMSFDAQHnfuCoUsawHfmPvVxqvTff:instance:AQpBeVOPGLqdqeoAUUFvkSCxuaUwLGNLPyoT\x5eBaCHMdj\x5c\x5e:instance:Qm\x5cOIP\x5dJmk\x60SLPqBsd\x5cZKZnErhI\x5bnAApOR\x5fRiSj\x5cZXFoS:instance:qAMuYRVh\x5dTM\x5dFAdSSZgHqcOritQawDigRPfiwgnvMcx\x5e:instance:Zrf\x60ONF\x5eE\x5bFqSuRo\x60\x5bpvrvBi\x5efRimx\x5fmLL\x5dDC\x5bvEjcZ:instance:wnh\x5fNudXbOfgJNfj\x5eBCCcAk\x5dLmqNrlsTPDFe\x5dWBSAZ:</data></match></read>
    <write><data>\x02eMHwBlgMjtNmJDdvI\x5bGajASDHP\x5c\x60jCD\x5ecaukJb\x0a</data></write>
    <read><delim>\x0a</delim><match><data>Query Server</data></match></read>
    <read><length>3</length><match><data>\x05g\x03</data></match></read>
    <read><delim>\x00</delim><match><data>instance:Kf\x5bs\x5cpvqub\x5d\x5ekiJBcRD\x5eg\x5cbwYTri\x5ceEkV\x5elotpjYVeaeXLZiocCYH\x5bM\x5bq\x5cBmOmZ:instance:\x5fLGIqdpAibb\x5fxYh\x5coqjXuXLawCxKmfxjPFOQsqjkVgHqvYXpnjRasuZqwHOSCS:instance:vEFVK\x5evk\x5eIjmcgP\x5eylaXYtVZkuHBpnLJPAueqlkGgEoJkORWphfP\x5f\x5dbfmAycb:instance:AwoiBpJyhycEETSF\x5bmd\x5ewpPdm\x5fOhQYcHcJhNoWjDEomMWmUvD\x5bwSYgYoSPVp:instance:U\x5cdsOCBjdwgOQYy\x60ME\x5fnOMrYHxZekLV\x5bmd\x5bVLXu\x5fXdGlLJDAbqaJoCxrlnm:instance:\x5efHfHoANoNLvkxeCdxo\x5fTGTncyHAlAelbRwP\x5epFS\x5bwtGDyRHGwgdIna\x5bkj:instance:DjPpOpkX\x5di\x5fcSIkiUfSMO\x5fnwAyPpBDxO\x5bVseIpMZwAFQAA\x60uXSW\x60fsKKR:instance:sHvxsYmAcecmHadnLUfXbIxmlgJPMtGbsqxC\x60fBZvfofRrhT\x5cXEKMmyg:instance:NPmV\x60QdfeiidE\x60\x5eBnKm\x5fAwvgbcN\x5eVPrG\x5dwkLKtvAaAu\x5bBecoXoYVYIt:instance:PWiIt\x5drLNN\x5eTDZZwBiBtcmsCAn\x60WWlRvf\x60fvqf\x60GA\x5bsBwEGvogSBZu:instance:JvLrsAcms\x5fHxYWVwbEwWCdLbsUf\x5bF\x5fvJ\x60qesf\x60YPsNYfd\x5cpoW\x5bfqg:instance:IdD\x60roZAdr\x60N\x60\x60ZKVrN\x5bsS\x5ejiVthckGaafiNZDhBIM\x60cQmQpRNBI:instance:bg\x5dkG\x5ewKeJoYuIQcLio\x5cED\x5coXu\x60\x5ecSkHZmQFDLyiAShfjkfVEr\x5d:</data></match></read>
    <write><data>\x04\x01IPjhuYbO\x5dVdWVmrVwxWP\x5d\x0a</data></write>
    <read><delim>\x0a</delim><match><data>Query Admin</data></match></read>
    <read><length>3</length><match><data>\x05\x0b\x00</data></match></read>
    <read><delim>\x00</delim><match><data>admin:fc14:</data></match></read>
    <write><data>\xff\x0a</data></write>
    <read><delim>\x0a</delim><match><data>Invalid Query</data></match></read>
</replay>
</pov>