<?xml version="1.0" standalone="no" ?>
<!DOCTYPE pov SYSTEM "/usr/share/cgc-docs/replay.dtd">
<pov>
<cbid>service</cbid>
<seed>e1ea8fa7ae28ada1b6904df75fcf71cd69168762a9b5b4b6f62cd2a6850bca9177dff0bb7aae484b9b5e1d86566cb15d</seed>
<replay>
    <delay>50</delay>
    <write><data>\x01\x0a</data></write>
    <read><delim>\x0a</delim><match><data>Query All</data></match></read>
    <read><length>3</length><match><data>\x05\x22\x02</data></match></read>
    <read><delim>\x00</delim><match><data>server:ouvLcuNYwIRY\x5epJJQQa\x5edVsJaWDHyukHWfb\x5bI\x5bl\x5dJhk:server:R\x60kHxcENHTNoxPjRTaadyLTb\x60aAtrXxKdOJLhyY\x5eLE:server:BAd\x5dMVa\x5ef\x5dN\x5c\x5cMn\x5dGrvOwKLnqtaIiuAoMMuIhec\x5d\x5d:server:gnHmPDbTJqgugKSXHM\x60O\x5cpBAKvlSMbuNNPYsMunl:server:ALqAZXoCqXea\x5eqcgNkVfyj\x5c\x5cNJVFFubXCRPcL\x5eS:server:MwKmKVZTsbrjfnsIn\x5bDFM\x5dAiKSoCV\x5bHJtPkJ\x60i:server:k\x60gEIbNfisEXQnOwwqPHd\x5fYri\x5eiFGK\x5cHQCX\x5ey:server:AlXH\x5eTkrrdayPZdjeDKkeBqI\x60JtgKGCHgiq\x5f:server:YbFPYLCywkbbXteWM\x5epVRJgOhVtHO\x60PUmDM:server:uoe\x5dsWPEdMkmtmoyEmJx\x5bBZUGL\x60ZNWKjFL:server:AOreNWSP\x5dfYZsGWiFrh\x5dxlESbTsrbPNHT:server:\x5fqs\x60JmEaIkxwtmFLNJ\x60ceqijLobPIEbG:</data></match></read>
    <write><data>\x02k\x60gEIbNfisEXQnOwwqPHd\x5fYri\x5eiFGK\x5cHQCX\x5ey\x0a</data></write>
    <read><delim>\x0a</delim><match><data>Query Server</data></match></read>
    <read><length>3</length><match><data>\x05m\x02</data></match></read>
    <read><delim>\x00</delim><match><data>instance:nOV\x5fKWkIHxAQl\x5doLQcS\x5cmRfhYdx\x5cwrn\x5fZGHOpyMGBeHRSVPBxntLwLmrSVuUM\x5bu:instance:YvVmwrOWwZnXWmU\x60tj\x5cUgCgpGlCQ\x5csHVqjHsmvxPA\x5cMhrPlvpsSo\x5fMfTsrV\x5bvq:instance:\x5cZYpqe\x5eVWvWmyXIvi\x5bWb\x5dTjXVyIVwiAI\x5eQdtt\x60w\x60Ii\x60JVd\x60D\x5bgoYvn\x5dTrHNFT:instance:XS\x5dlWLFWQjgePxQ\x5e\x5bo\x5fQfTjSIHvERvD\x60bubI\x5cAl\x60COFmXxTptoTargASSvWH:instance:dwqwl\x5cBJUciBoxTDO\x60pfsqVhNy\x5cFAScFtV\x5ejyhXLWDMynTCG\x5cEBsuhmRHXR:instance:BQe\x5cyk\x5bWenUnFnSLa\x5f\x60p\x5fmBHfkkRPucpPkATRNhYEFEaGM\x5bhEInwu\x5dk\x5eCn:instance:foO\x5dVgOrIfnraZybZ\x5ckQt\x60dhtfmh\x5dnWtsvRcslJgQhEThAZmU\x5farxvbCD:instance:oaZt\x5cKtml\x5fEXDNTpIiGxBbBRvr\x60pX\x5b\x5ca\x5eQAhs\x60qjPNoIrZeQRajPUPxB:instance:NDjUkcBdlgGQxWF\x5dtLXNJtEvGJiqsBJZkpwtACU\x60euajndtbJqr\x5fhEv:</data></match></read>
    <write><data>\x02\x5fqs\x60JmEaIkxwtmFLNJ\x60ceqijLobPIEbG\x0a</data></write>
    <read><delim>\x0a</delim><match><data>Query Server</data></match></read>
    <read><length>3</length><match><data>\x05d\x01</data></match></read>
    <read><delim>\x00</delim><match><data>instance:pljdlO\x60\x5eXohkTda\x5eBX\x5b\x5eXbyejRvBbYjxIi\x5fa\x60S:instance:nRCeCSFfIPACFx\x5bV\x5ccbuHvDoM\x5f\x5cYbFHl\x5b\x5dkpO:instance:aeYdKPqv\x5bdKwMDRlTysJTWjIi\x60\x60wws\x5cF\x5desp:instance:P\x60icnPKbUiwmyJWfpGivNkfSEwPvXGCNXsm:instance:tUBcaMyjBSJOfhhr\x5dHUK\x5dvTeXCRnonESrJ:instance:RnEKrhWKVUhdMqQnCsBnfTLRjrRYGcl\x5f\x5c:instance:EIYMZosWkLYiUcSCDVpfEvOuFcpu\x5fofe:instance:x\x5dXFodHMEXVkNEXcFpoYamIJjW\x5c\x5cwmr:</data></match></read>
    <write><data>\x03tZsxeLDLlTeUofku\x5drm\x5cwKmigy\x0a</data></write>
    <read><delim>\x0a</delim><match><data>Query One</data></match></read>
    <read><length>3</length><match><data>\x05\x5e\x00</data></match></read>
    <read><delim>\x00</delim><match><data>instance:tZsxeLDLlTeUofku\x5drm\x5cwKmigy:tcp:3506:server:BAd\x5dMVa\x5ef\x5dN\x5c\x5cMn\x5dGrvOwKLnqtaIiuAoMMuIhec\x5d\x5d:</data></match></read>
    <write><data>\x04\x01U\x5fRdm\x5dQyQZLXTVPANvSJpERRjJ\x5ekQr\x60bsbf\x5eLK\x5d\x60Nf\x5dZWtVGhd\x0a</data></write>
    <read><delim>\x0a</delim><match><data>Query Admin</data></match></read>
    <read><length>3</length><match><data>\x05\x0b\x00</data></match></read>
    <read><delim>\x00</delim><match><data>admin:c271:</data></match></read>
    <write><data>\x03FjN\x5cH\x5cnPDgrpCmbRyWbIZgOcjOkjcVtwATUqfTcPRGfO\x0a</data></write>
    <read><delim>\x0a</delim><match><data>Query One</data></match></read>
    <read><length>3</length><match><data>\x05n\x00</data></match></read>
    <read><delim>\x00</delim><match><data>instance:FjN\x5cH\x5cnPDgrpCmbRyWbIZgOcjOkjcVtwATUqfTcPRGfO:tcp:48914:server:MwKmKVZTsbrjfnsIn\x5bDFM\x5dAiKSoCV\x5bHJtPkJ\x60i:</data></match></read>
    <write><data>\xff\x0a</data></write>
    <read><delim>\x0a</delim><match><data>Invalid Query</data></match></read>
</replay>
</pov>