<?xml version="1.0" standalone="no" ?>
<!DOCTYPE pov SYSTEM "/usr/share/cgc-docs/replay.dtd">
<pov>
<cbid>service</cbid>
<seed>95364030b0f4c960a45206a3b737a414fde45c903a7e39c73fdb8166e94380db71f477c216fe9201e63631fa94cc0fb9</seed>
<replay>
    <delay>50</delay>
    <write><data>\x04\x01aemR\x5fFrCyJP\x5fHRQ\x5dtcMXCJqdo\x5fNJmhnMDktKLyUjYwTJYGhdMwGpJ\x0a</data></write>
    <read><delim>\x0a</delim><match><data>Query Admin</data></match></read>
    <read><length>3</length><match><data>\x05\x0b\x00</data></match></read>
    <read><delim>\x00</delim><match><data>admin:72f1:</data></match></read>
    <write><data>\x01\x0a</data></write>
    <read><delim>\x0a</delim><match><data>Query All</data></match></read>
    <read><length>3</length><match><data>\x05\x99\x04</data></match></read>
    <read><delim>\x00</delim><match><data>server:rTXkaCTE\x5cYvDVvc\x5dHQabhveXvagZp\x60nE\x60KRuPuqSHmkC\x5cMjFkDVH\x5bEKD:server:ZfeFtRVRLPR\x5evoh\x5dclNbUTdiBnyMrKkBEMsImNXZAZsol\x5fbHcGdStyE:server:MoVql\x5ehQDDQt\x60QIEuWQSgi\x5eLiGMt\x5eOTYL\x5c\x60ro\x5dq\x5eVlEITgwN\x60Qmu\x60w:server:ySSQln\x5fVlPvfXkCwdL\x60XfPo\x5cks\x60PGikjeRwDIrTcVA\x5e\x5ccUvkD\x5cNyH:server:BR\x5cOBoh\x5fENOjhZjZGGYTEcjXAOFdfpvwaONDkGHxKahZ\x60q\x5cM\x5eHME:server:M\x5d\x5dqO\x5esX\x5cTehTjdtxagFuxseQpwhFhfQkHmeATiwPdElkJkArdP:server:OIchMqu\x5dlhqvaogHbBatD\x60wVcuMJHEwMVEXMqP\x5cxGw\x5dWtmRjBL:server:RWCVvBftwBpeLrBllVyDPt\x5d\x5e\x5etU\x5cqyGmKMmNsFEBmY\x60yiX\x5bPd:server:INGepWTkth\x60KtKBxhIsVOaOdRnBXXVrbndOLL\x5dilwTqQtVgr:server:fdBMrjCJeEV\x5fC\x5cvND\x5cgT\x5fsyp\x5clsrZwasDXYQ\x5djBuKUoCcts:server:VjBDR\x5bmFDT\x60YqyMAAMcWorUJZWytTqB\x5cclnx\x60VnAhbjqyC:server:ktRyi\x60nDbfpXUXbaJK\x5bxten\x5bMbHluMrF\x5cevgJtKwjaoAB:server:oebQEAQiHGGYvPNUK\x5egLZyvmmCLMpPpJ\x5dHyimBTEMkfd:server:Kfx\x5bJG\x5fKyOuEtSBA\x5cXmdt\x5c\x5cHZkc\x5bxXeDeyXEWZgIEDe:server:cQjXCMjGKfQWg\x60mpCkhhtaNAZD\x5ejZnmmnBpMQKbJis:server:ScK\x5c\x5eOklsvwyDCvEjJfftbvvfsYMhcFcJhS\x5fZFoSQ:server:abkIFTJeZHI\x5ek\x5ct\x5d\x5ePn\x5ftyZtRrUfYhgHOPKYGVYD:server:KKqGan\x5fgyP\x5cgXgijEwcS\x60aS\x5dBrwTb\x5dEudNrKOOB:server:Qb\x5eICenmswsFdpnX\x5fr\x5cZKNvgJ\x5eOGIsA\x60Pqojql:server:SLyqXRKjIPXYfTIBWgrtACpVE\x5ety\x5b\x5bZPJJkwC:server:RhjnjhVFbYdfqDhZVmlNux\x5c\x5bWNL\x60TZYZdnUP:server:rlufoQUyNmdaAjpwelsGSbdTITENAPHRavv:</data></match></read>
    <write><data>\x03VnGYMkNyUxsdvnXGUdbVJhBALREZAvMJI\x60WuThBDPcuddgZNPMm\x0a</data></write>
    <read><delim>\x0a</delim><match><data>Query One</data></match></read>
    <read><length>3</length><match><data>\x05x\x00</data></match></read>
    <read><delim>\x00</delim><match><data>instance:VnGYMkNyUxsdvnXGUdbVJhBALREZAvMJI\x60WuThBDPcuddgZNPMm:tcp:47562:server:ScK\x5c\x5eOklsvwyDCvEjJfftbvvfsYMhcFcJhS\x5fZFoSQ:</data></match></read>
    <write><data>\x04\x01r\x5cn\x60ap\x5bncH\x5dpkSBKAvegThQ\x5bXBlFDN\x5bvhec\x5fOnAkyELBUy\x5d\x5fVdu\x0a</data></write>
    <read><delim>\x0a</delim><match><data>Query Admin</data></match></read>
    <read><length>3</length><match><data>\x05\x0b\x00</data></match></read>
    <read><delim>\x00</delim><match><data>admin:9ce0:</data></match></read>
    <write><data>\x01\x0a</data></write>
    <read><delim>\x0a</delim><match><data>Query All</data></match></read>
    <read><length>3</length><match><data>\x05\x99\x04</data></match></read>
    <read><delim>\x00</delim><match><data>server:rTXkaCTE\x5cYvDVvc\x5dHQabhveXvagZp\x60nE\x60KRuPuqSHmkC\x5cMjFkDVH\x5bEKD:server:ZfeFtRVRLPR\x5evoh\x5dclNbUTdiBnyMrKkBEMsImNXZAZsol\x5fbHcGdStyE:server:MoVql\x5ehQDDQt\x60QIEuWQSgi\x5eLiGMt\x5eOTYL\x5c\x60ro\x5dq\x5eVlEITgwN\x60Qmu\x60w:server:ySSQln\x5fVlPvfXkCwdL\x60XfPo\x5cks\x60PGikjeRwDIrTcVA\x5e\x5ccUvkD\x5cNyH:server:BR\x5cOBoh\x5fENOjhZjZGGYTEcjXAOFdfpvwaONDkGHxKahZ\x60q\x5cM\x5eHME:server:M\x5d\x5dqO\x5esX\x5cTehTjdtxagFuxseQpwhFhfQkHmeATiwPdElkJkArdP:server:OIchMqu\x5dlhqvaogHbBatD\x60wVcuMJHEwMVEXMqP\x5cxGw\x5dWtmRjBL:server:RWCVvBftwBpeLrBllVyDPt\x5d\x5e\x5etU\x5cqyGmKMmNsFEBmY\x60yiX\x5bPd:server:INGepWTkth\x60KtKBxhIsVOaOdRnBXXVrbndOLL\x5dilwTqQtVgr:server:fdBMrjCJeEV\x5fC\x5cvND\x5cgT\x5fsyp\x5clsrZwasDXYQ\x5djBuKUoCcts:server:VjBDR\x5bmFDT\x60YqyMAAMcWorUJZWytTqB\x5cclnx\x60VnAhbjqyC:server:ktRyi\x60nDbfpXUXbaJK\x5bxten\x5bMbHluMrF\x5cevgJtKwjaoAB:server:oebQEAQiHGGYvPNUK\x5egLZyvmmCLMpPpJ\x5dHyimBTEMkfd:server:Kfx\x5bJG\x5fKyOuEtSBA\x5cXmdt\x5c\x5cHZkc\x5bxXeDeyXEWZgIEDe:server:cQjXCMjGKfQWg\x60mpCkhhtaNAZD\x5ejZnmmnBpMQKbJis:server:ScK\x5c\x5eOklsvwyDCvEjJfftbvvfsYMhcFcJhS\x5fZFoSQ:server:abkIFTJeZHI\x5ek\x5ct\x5d\x5ePn\x5ftyZtRrUfYhgHOPKYGVYD:server:KKqGan\x5fgyP\x5cgXgijEwcS\x60aS\x5dBrwTb\x5dEudNrKOOB:server:Qb\x5eICenmswsFdpnX\x5fr\x5cZKNvgJ\x5eOGIsA\x60Pqojql:server:SLyqXRKjIPXYfTIBWgrtACpVE\x5ety\x5b\x5bZPJJkwC:server:RhjnjhVFbYdfqDhZVmlNux\x5c\x5bWNL\x60TZYZdnUP:server:rlufoQUyNmdaAjpwelsGSbdTITENAPHRavv:</data></match></read>
    <write><data>\x02KKqGan\x5fgyP\x5cgXgijEwcS\x60aS\x5dBrwTb\x5dEudNrKOOB\x0a</data></write>
    <read><delim>\x0a</delim><match><data>Query Server</data></match></read>
    <read><length>3</length><match><data>\x05\xf9\x01</data></match></read>
    <read><delim>\x00</delim><match><data>instance:RhZe\x5fG\x5eCycKbtc\x5fOQUJwVpRPGUDEEx\x5dUpnAN\x5fjGOHxNem:instance:Vqet\x5deQqedqCLUM\x5bKXUUduxemJBhDkv\x5elOTvHE\x5e\x5cy\x5edm:instance:L\x60KirZuAigfwFylKtUd\x5e\x5eZPQvelcV\x5eBRE\x5bPIvbXue\x60J:instance:ND\x5dXKFvdSiUOxVOXIyvMmQHw\x60GD\x60k\x5bTpMxdNYhnoZX:instance:ZqHD\x5dP\x5c\x5b\x5fibFmUxpuAFTRCPNt\x5deChnnlfu\x5dly\x60gTb:instance:ZmXkXBvKLNpcEIuWNqfdW\x5dFtpWY\x60hme\x5drBKtsrck:instance:oLBXdyhlPRfyEQise\x5b\x60nYqZpiSU\x60\x5eTQUwFnS\x5fgg:instance:Klo\x5fBhbImVXDvlwKpcChnkGyZDcXE\x5f\x5fBDfimqY:instance:IDKFaoGB\x60cQqRewdJbc\x5dsbdTvj\x5bWXBYMFUoMA:instance:JCX\x5fcT\x5f\x5fNceb\x5b\x5bYvWuXs\x5fpGv\x60UFpBpBxip\x5fU:</data></match></read>
    <write><data>\xff\x0a</data></write>
    <read><delim>\x0a</delim><match><data>Invalid Query</data></match></read>
</replay>
</pov>