<?xml version="1.0" standalone="no" ?>
<!DOCTYPE pov SYSTEM "/usr/share/cgc-docs/replay.dtd">
<pov>
<cbid>service</cbid>
<seed>b25257ca89c78d427430d03f5018ca40c238fcc2d37c8b1912352c8720918768971cb0ef945ccb42ac686dd81da18f25</seed>
<replay>
    <delay>50</delay>
    <write><data>\x01\x0a</data></write>
    <read><delim>\x0a</delim><match><data>Query All</data></match></read>
    <read><length>3</length><match><data>\x05\xb2\x02</data></match></read>
    <read><delim>\x00</delim><match><data>server:PvfLvhIpRZY\x60gOK\x5cRs\x5bq\x5cjyaq\x5cxixtLgRv\x5fFIbNAkyHOn:server:pbNquvfvhRq\x5bmmBiUFi\x5cCGLtRTZKdwAZISUwkwfPQ\x60Cs:server:\x5bPIghSiroNQlfNIuJouOYvUT\x5eYYAUvnixLAMBTXQDrs:server:uvAStVpPArDQes\x5d\x5dyCGkuFGkKURdNieVtbLARsQuWw:server:uSZgfBFsDwrfKlqQlZ\x5e\x5fM\x5eN\x5cXjWQevbKcnbY\x5bwdNu:server:IuA\x5daPGSKdklh\x5ee\x5fGyPFjQSlUtKDtGRlFsxmJyla:server:j\x5fLv\x5eYmlUKJd\x5fVuhGYmsGxwT\x60fMkyP\x5c\x5fswPHCqZ:server:nuFdtrVoTWTDZegggrkBPlPpqPsTckawwdadZk:server:tu\x5ePdQWJ\x5bRTndJApXPCDORl\x5cgUuNMAqEy\x5fGFA:server:QtwrSABXa\x5dJtWgCEEGw\x5fYbf\x5eXh\x5bBEKBiMVbQ:server:XajEgQtZRrOYDObobEoLZikkjZvamWYdDcg:server:GhejiYJpEQZtCvN\x5fSGORlEQAIqalQ\x5b\x5bltR:server:AT\x5dZlN\x5bqEmsMMLS\x60nDMNPrXh\x5buEnrnLpx:server:wOgbdSHyYXjycLYEVpBxIB\x60D\x5b\x5bRf\x5cpmT:server:WKXc\x5fESRESMjBJHGOgWKCOhQCebsfqB:</data></match></read>
    <write><data>\x02XajEgQtZRrOYDObobEoLZikkjZvamWYdDcg\x0a</data></write>
    <read><delim>\x0a</delim><match><data>Query Server</data></match></read>
    <read><length>3</length><match><data>\x05\x29\x02</data></match></read>
    <read><delim>\x00</delim><match><data>instance:hDEiuKqdyuAKELF\x60jpNPMJHZlLA\x5e\x5f\x5dgnm\x5foP:instance:vpnRnHFZcTgISXuGenucyo\x5f\x60FgTUklZxBP\x5e:instance:NTCtCO\x5dnMVcQCOSjkyhRtKywQHq\x5cvTYb\x5dy:instance:tY\x5fhu\x5eAjCRJpNdwPHBSAMATjsOOnEta\x60p:instance:Gq\x5cAwK\x5fKU\x5eW\x60STnvFiVlulrPn\x5cDAHjin:instance:DxghswixridNnFCwixGZfCWKhSGTU\x5f\x5c:instance:ckaXlaXs\x5b\x60lghcGKIfZD\x5bd\x5ffWmBSna:instance:OFpqS\x5fE\x5bZLufiLUyVXOl\x60B\x5bA\x5fmr\x5bC:instance:eG\x5bbqRQtHJjxAcxmJf\x5eJBObci\x5eGE:instance:cMUBph\x5ceYjY\x5bInWD\x5bQJBV\x5ejCXAl:instance:tYIrtUaDJo\x60J\x5eQM\x60nTULwtDnGL:instance:WxavuYfeBmJxie\x5cVHuFsa\x5eUfa:instance:ipUEHZhPEQLvBgSQHtnCvJeU:instance:Cw\x5f\x5d\x5ctsGlLyaSrCBV\x5ewLrke:</data></match></read>
    <write><data>\x04\x01\x5eoBMGT\x5d\x5dHdLEXnEMWSiSW\x5e\x5dTNReAQxbgOuVKaeccqPaBKP\x60TKq\x5eOk\x0a</data></write>
    <read><delim>\x0a</delim><match><data>Query Admin</data></match></read>
    <read><length>3</length><match><data>\x05\x0b\x00</data></match></read>
    <read><delim>\x00</delim><match><data>admin:bfda:</data></match></read>
    <write><data>\x03r\x5eEhojQ\x5cljPcPG\x5e\x5eD\x5cIfctwxkRCL\x5bV\x5exCERK\x60ieY\x5drsKLKkbmoLuLN\x0a</data></write>
    <read><delim>\x0a</delim><match><data>Query One</data></match></read>
    <read><length>3</length><match><data>\x05\x7b\x00</data></match></read>
    <read><delim>\x00</delim><match><data>instance:r\x5eEhojQ\x5cljPcPG\x5e\x5eD\x5cIfctwxkRCL\x5bV\x5exCERK\x60ieY\x5drsKLKkbmoLuLN:tcp:80:server:pbNquvfvhRq\x5bmmBiUFi\x5cCGLtRTZKdwAZISUwkwfPQ\x60Cs:</data></match></read>
    <write><data>\x02j\x5fLv\x5eYmlUKJd\x5fVuhGYmsGxwT\x60fMkyP\x5c\x5fswPHCqZ\x0a</data></write>
    <read><delim>\x0a</delim><match><data>Query Server</data></match></read>
    <read><length>3</length><match><data>\x05\xd8\x00</data></match></read>
    <read><delim>\x00</delim><match><data>instance:gmvnqioKvmSAiuRifuVuxCWV\x5eUJqujWgKiRljmmYNZ\x5bdgnwRQxmtQU\x5b\x5f\x5eJwFVrX:instance:C\x5bqMqLPG\x5cwt\x5dDHhoo\x5ffYFMI\x5bisifkpkLrQNuEWNtI\x5c\x5bRlUW\x5bWmEL\x60dUR\x60klIZV:instance:wxGPagwxuP\x60LoHvIGuPmfYDhviNCoDBgso\x5bIGnfRKeUb\x5b\x60TsUkiuCydugEe\x5dN:</data></match></read>
    <write><data>\x02GhejiYJpEQZtCvN\x5fSGORlEQAIqalQ\x5b\x5bltR\x0a</data></write>
    <read><delim>\x0a</delim><match><data>Query Server</data></match></read>
    <read><length>3</length><match><data>\x05\xd2\x00</data></match></read>
    <read><delim>\x00</delim><match><data>instance:tgyuuGhwOBqlFrAYMN\x5fxaRZS\x5dhJcjVXGKs:instance:\x5bHpI\x60gvChdlbLKxeT\x5fUqFOeGLJglHfSt\x5b:instance:ioLAkcxunhE\x60KRoynjimuNZL\x5e\x5fGeHPD\x5c:instance:KxNlo\x5eQrceDMxCesU\x5fpMqKFD\x5c\x60kUm\x5cb:instance:vFsMo\x5ercfMhHnrBotZmcQCYMMxvegK:</data></match></read>
    <write><data>\xff\x0a</data></write>
    <read><delim>\x0a</delim><match><data>Invalid Query</data></match></read>
</replay>
</pov>