<?xml version="1.0" standalone="no" ?>
<!DOCTYPE pov SYSTEM "/usr/share/cgc-docs/replay.dtd">
<pov>
<cbid>service</cbid>
<seed>cd6b156c65b201991110eb64240e62745c2b51cc856833849d0f083d9982ae53aff23dec4b804bfc5d9c843b6690dc44</seed>
<replay>
    <delay>50</delay>
    <write><data>\x03uc\x5dGKCctLiJ\x60oLQZlhpBm\x5beONRC\x5fGH\x5fdAfTrPsJaysoNFV\x0a</data></write>
    <read><delim>\x0a</delim><match><data>Query One</data></match></read>
    <read><length>3</length><match><data>\x05a\x00</data></match></read>
    <read><delim>\x00</delim><match><data>instance:uc\x5dGKCctLiJ\x60oLQZlhpBm\x5beONRC\x5fGH\x5fdAfTrPsJaysoNFV:tcp:9191:server:B\x5ff\x5fgmUJCjpysbHEQPytnxm\x5f:</data></match></read>
    <write><data>\x03LiSRP\x5cGbRkHLN\x5fPWZ\x60nbyuoBYatL\x5ct\x5dCcaPrn\x0a</data></write>
    <read><delim>\x0a</delim><match><data>Query One</data></match></read>
    <read><length>3</length><match><data>\x05c\x00</data></match></read>
    <read><delim>\x00</delim><match><data>instance:LiSRP\x5cGbRkHLN\x5fPWZ\x60nbyuoBYatL\x5ct\x5dCcaPrn:tcp:21382:server:dWTNSMw\x60KuLDfy\x5dZoGXDOqMDwRv\x5cO\x5cwT\x5b\x5f:</data></match></read>
    <write><data>\xff\x0a</data></write>
    <read><delim>\x0a</delim><match><data>Invalid Query</data></match></read>
</replay>
</pov>