<?xml version="1.0" standalone="no" ?>
<!DOCTYPE pov SYSTEM "/usr/share/cgc-docs/replay.dtd">
<pov>
<cbid>service</cbid>
<seed>aca01c062fdc75b2678de96e6bae2c52bf6ae4a3d046b325d08b51f62555150494553104f40ee9336bb42b290a6c51cd</seed>
<replay>
    <delay>50</delay>
    <write><data>\x04\x01ugdNMA\x5dId\x5boHkXcObTba\x5cCp\x5cprFbXayMA\x0a</data></write>
    <read><delim>\x0a</delim><match><data>Query Admin</data></match></read>
    <read><length>3</length><match><data>\x05\x0b\x00</data></match></read>
    <read><delim>\x00</delim><match><data>admin:621c:</data></match></read>
    <write><data>\x04\x01E\x5fxm\x5bL\x5ftsn\x5fxFbusiwBFCYv\x5dxBWGl\x60qDQuHRaKR\x0a</data></write>
    <read><delim>\x0a</delim><match><data>Query Admin</data></match></read>
    <read><length>3</length><match><data>\x05\x0b\x00</data></match></read>
    <read><delim>\x00</delim><match><data>admin:57e4:</data></match></read>
    <write><data>\x03VqDARhxvxcjqIE\x60GGtYxgHVBPEfGmViGNcJ\x60OqxX\x60oXWndkZa\x5dG\x60A\x0a</data></write>
    <read><delim>\x0a</delim><match><data>Query One</data></match></read>
    <read><length>3</length><match><data>\x05i\x00</data></match></read>
    <read><delim>\x00</delim><match><data>instance:VqDARhxvxcjqIE\x60GGtYxgHVBPEfGmViGNcJ\x60OqxX\x60oXWndkZa\x5dG\x60A:tcp:29768:server:\x5f\x5ek\x5b\x5fPeONgAi\x5ctbDXman\x60neI:</data></match></read>
    <write><data>\x01\x0a</data></write>
    <read><delim>\x0a</delim><match><data>Query All</data></match></read>
    <read><length>3</length><match><data>\x05S\x02</data></match></read>
    <read><delim>\x00</delim><match><data>server:VFYgNdmamsqwO\x5epGsTxRuTDIjdmamCIKHAs:server:ok\x5dGTIPdQnHyZXtRyRbcfBfWVYMOyVtrDG:server:gZQsdjPQrfcGGoYb\x5bPfCNBFSTwMnZFBMQ:server:\x5cetRrdUbflqCGrhJLrcplFfwA\x60EjndnN:server:RNoLqKj\x5dJhSgBBCvDDOVUCAOJaDFJkE:server:vdxki\x5dsTemmspW\x5fIvRutj\x5bN\x5dt\x5fORnF:server:tjkpH\x60\x60WGb\x5bIrEXndxCAGCtA\x5dvHMK:server:iagxQhpfGn\x5bxkrmbZTrFq\x5crwAUTy:server:l\x5bJMt\x60yKloBvswYK\x5bdiqlYCiqNs:server:RvZxNr\x5ehokUXhj\x60qMJSbYWQVnD:server:lkYer\x5dwEh\x5dgEute\x5fgtFmClfSG:server:\x5f\x5ek\x5b\x5fPeONgAi\x5ctbDXman\x60neI:server:ZkP\x5bdPMYPlU\x60lGAKIxWKB\x60\x60:server:BehVUsWE\x5cssPUnhRASwSTX:server:\x5efYP\x5fDTwxDaGtsqDGGP\x5cE:server:F\x60Aq\x5cM\x5cin\x5exiuXTEcxMG:server:BKesvnTHmD\x5fjIMLfZ\x5cy:</data></match></read>
    <write><data>\x04\x01me\x5cqlafrwVwbOO\x5dAXLcAcZQc\x5da\x0a</data></write>
    <read><delim>\x0a</delim><match><data>Query Admin</data></match></read>
    <read><length>3</length><match><data>\x05\x0a\x00</data></match></read>
    <read><delim>\x00</delim><match><data>admin:26e:</data></match></read>
    <write><data>\x04\x01DuwTFOdJRremHqonldddLRtFh\x5c\x5eWpVmDJHFpp\x0a</data></write>
    <read><delim>\x0a</delim><match><data>Query Admin</data></match></read>
    <read><length>3</length><match><data>\x05\x0b\x00</data></match></read>
    <read><delim>\x00</delim><match><data>admin:5b6e:</data></match></read>
    <write><data>\xff\x0a</data></write>
    <read><delim>\x0a</delim><match><data>Invalid Query</data></match></read>
</replay>
</pov>