<?xml version="1.0" standalone="no" ?>
<!DOCTYPE pov SYSTEM "/usr/share/cgc-docs/replay.dtd">
<pov>
<cbid>service</cbid>
<seed>812f1e6f4f69468d8bef6c8199aa88534a7f8364a338033de6fbf720db180d8e26a17901879fcbeec6bd162f5607e02b</seed>
<replay>
    <delay>50</delay>
    <write><data>\x04\x01AkyYkqvrOuyPwvkuJkdQydoIgKej\x0a</data></write>
    <read><delim>\x0a</delim><match><data>Query Admin</data></match></read>
    <read><length>3</length><match><data>\x05\x0b\x00</data></match></read>
    <read><delim>\x00</delim><match><data>admin:1fca:</data></match></read>
    <write><data>\x01\x0a</data></write>
    <read><delim>\x0a</delim><match><data>Query All</data></match></read>
    <read><length>3</length><match><data>\x05\xc9\x03</data></match></read>
    <read><delim>\x00</delim><match><data>server:iADVJohp\x5fqPE\x5bxOBAwlRsujpiwc\x5dW\x60PuRtglbYQ\x5eaPIlXrYqAJgq:server:rNiceoJsLoeuvy\x5bDPamaZYIXMy\x60mgbqCGUtfMfVlmp\x5fpYgVOuXg:server:EpYQvwjESG\x5b\x5duFnfyyWilsgmKPKtuAvfGL\x5egFH\x5eab\x60HmcsXcJL:server:k\x60MAqBHEghEP\x5doqMh\x5cdXG\x60\x5drpIdZdaaHkT\x5bZuKd\x5cZkJQgPclx:server:aDSQ\x5ewM\x5e\x5dlSjqskJgEsUM\x5b\x5dqFKEnRXYo\x5bupfwMXJFQUMdZVl:server:iHX\x5fC\x5fTVbSSFOsYrZwlG\x5ctBJBJZbjRfU\x60\x5edniQ\x60W\x5dvESwgc:server:xbgjRpTHeNcOoaRNXbt\x60ZZFtfLnGIqckorPRHBVuHGd\x60AR:server:DiDw\x5bGSLjiYuVi\x5crWnJmCJ\x5bUMaeOGZjoYjVKacTmPv\x5cWW:server:JcMRfUFhwhqANlGeFkQUGTu\x5ejjbu\x5fTYTkwOrs\x5eeUmKwg:server:RORuWaUJg\x60\x5dsQpuvkKWgMeEICVbE\x5btWW\x5bHkVpy\x5cBwXt:server:oDmT\x5bsbmmyP\x5fdaDGqjpdvaBFSwmYKdlBEc\x5dsBl\x5dlhZ:server:\x5cqg\x5cQwsfBKKOxn\x5dkf\x5fBWhIpIGOpfLkNfXXLIMEVgs:server:kLTrSv\x5dnyu\x5d\x5dlgDiXDfrUvQFFhJaEkssxkFwtvVQ:server:JrkFRvSQrWNZlrqlIfKdZrdTLx\x60Rk\x5eU\x5ebv\x5dMMmU:server:MUBbXfoYlZmS\x60\x5ckRBuqDVdKKyni\x5cMFBIdi\x5dWvL:server:gtWLrCoYmTsMIGIDIOsVfullNwBY\x5dWcCcoSnl:server:O\x5d\x5ePy\x5fFOMRexytECkHdSoVCqVYYCVdnMNiCu:server:dFtIQttUytb\x5fGIsCVKMyJ\x5f\x5dNG\x5bSRUJ\x5cWZZL:server:MYJtBesdqmTAWv\x5dqWY\x5ei\x5eod\x5dAD\x5fQmuWx\x5dk:</data></match></read>
    <write><data>\x01\x0a</data></write>
    <read><delim>\x0a</delim><match><data>Query All</data></match></read>
    <read><length>3</length><match><data>\x05\xc9\x03</data></match></read>
    <read><delim>\x00</delim><match><data>server:iADVJohp\x5fqPE\x5bxOBAwlRsujpiwc\x5dW\x60PuRtglbYQ\x5eaPIlXrYqAJgq:server:rNiceoJsLoeuvy\x5bDPamaZYIXMy\x60mgbqCGUtfMfVlmp\x5fpYgVOuXg:server:EpYQvwjESG\x5b\x5duFnfyyWilsgmKPKtuAvfGL\x5egFH\x5eab\x60HmcsXcJL:server:k\x60MAqBHEghEP\x5doqMh\x5cdXG\x60\x5drpIdZdaaHkT\x5bZuKd\x5cZkJQgPclx:server:aDSQ\x5ewM\x5e\x5dlSjqskJgEsUM\x5b\x5dqFKEnRXYo\x5bupfwMXJFQUMdZVl:server:iHX\x5fC\x5fTVbSSFOsYrZwlG\x5ctBJBJZbjRfU\x60\x5edniQ\x60W\x5dvESwgc:server:xbgjRpTHeNcOoaRNXbt\x60ZZFtfLnGIqckorPRHBVuHGd\x60AR:server:DiDw\x5bGSLjiYuVi\x5crWnJmCJ\x5bUMaeOGZjoYjVKacTmPv\x5cWW:server:JcMRfUFhwhqANlGeFkQUGTu\x5ejjbu\x5fTYTkwOrs\x5eeUmKwg:server:RORuWaUJg\x60\x5dsQpuvkKWgMeEICVbE\x5btWW\x5bHkVpy\x5cBwXt:server:oDmT\x5bsbmmyP\x5fdaDGqjpdvaBFSwmYKdlBEc\x5dsBl\x5dlhZ:server:\x5cqg\x5cQwsfBKKOxn\x5dkf\x5fBWhIpIGOpfLkNfXXLIMEVgs:server:kLTrSv\x5dnyu\x5d\x5dlgDiXDfrUvQFFhJaEkssxkFwtvVQ:server:JrkFRvSQrWNZlrqlIfKdZrdTLx\x60Rk\x5eU\x5ebv\x5dMMmU:server:MUBbXfoYlZmS\x60\x5ckRBuqDVdKKyni\x5cMFBIdi\x5dWvL:server:gtWLrCoYmTsMIGIDIOsVfullNwBY\x5dWcCcoSnl:server:O\x5d\x5ePy\x5fFOMRexytECkHdSoVCqVYYCVdnMNiCu:server:dFtIQttUytb\x5fGIsCVKMyJ\x5f\x5dNG\x5bSRUJ\x5cWZZL:server:MYJtBesdqmTAWv\x5dqWY\x5ei\x5eod\x5dAD\x5fQmuWx\x5dk:</data></match></read>
    <write><data>\x04\x01iwAyA\x5eyuKk\x5cHXvDXtwugMUipfRJK\x5bVUlSRsG\x5eHNK\x5fOHu\x60tv\x5fKjRp\x0a</data></write>
    <read><delim>\x0a</delim><match><data>Query Admin</data></match></read>
    <read><length>3</length><match><data>\x05\x0b\x00</data></match></read>
    <read><delim>\x00</delim><match><data>admin:228c:</data></match></read>
    <write><data>\x03\x5e\x5cqAuC\x5daRYtII\x5dVXasrmXYaAuXoJ\x5fNO\x5fG\x5bxJgxHhldpHoxqplTEkTrgDiEGv\x0a</data></write>
    <read><delim>\x0a</delim><match><data>Query One</data></match></read>
    <read><length>3</length><match><data>\x05\x89\x00</data></match></read>
    <read><delim>\x00</delim><match><data>instance:\x5e\x5cqAuC\x5daRYtII\x5dVXasrmXYaAuXoJ\x5fNO\x5fG\x5bxJgxHhldpHoxqplTEkTrgDiEGv:tcp:24770:server:k\x60MAqBHEghEP\x5doqMh\x5cdXG\x60\x5drpIdZdaaHkT\x5bZuKd\x5cZkJQgPclx:</data></match></read>
    <write><data>\xff\x0a</data></write>
    <read><delim>\x0a</delim><match><data>Invalid Query</data></match></read>
</replay>
</pov>