<?xml version="1.0" standalone="no" ?>
<!DOCTYPE pov SYSTEM "/usr/share/cgc-docs/replay.dtd">
<pov>
<cbid>service</cbid>
<seed>2d20a4c9d30620e3c99c1a39718a3e70405de43f184c324a835e719c27961e5d950d3e9a208ba3806e5df1f6ed80d636</seed>
<replay>
    <delay>50</delay>
    <write><data>\x02alEYsPx\x5bRAniYEgcUuZV\x60TcvHTbY\x5fNJZn\x5b\x5bBG\x5dhW\x0a</data></write>
    <read><delim>\x0a</delim><match><data>Query Server</data></match></read>
    <read><length>3</length><match><data>\x05\xfe\x00</data></match></read>
    <read><delim>\x00</delim><match><data>instance:gZ\x5eVfsaFpcmJabrW\x60\x5dhKtwJOfDC\x5e\x60uMlsv\x5eXiNXI\x5ctahAMG\x5er\x5fwwdeG:instance:ttunENrfYmeWTIMkJ\x5cwMYsGaqTpZDcv\x5eWtFBrbfpKW\x60mxoGwZJxZZm:instance:boIApjLnHgKum\x5eYeTUO\x5bwuNYcNYnbbA\x5b\x5bPgNoy\x5eIoihCUvgCcCict:instance:MxWxUoCYrZ\x5eqCWENpDeM\x5bdLPkAToUAjMDq\x5clwvkaw\x5eXRfos\x5dRPwH:</data></match></read>
    <write><data>\x04\x01Gd\x60Ws\x5cYQCViMgebZZCUPSvFEpaYIBWG\x60fnlpXOANnMw\x5bOL\x5fefBhGCT\x5fEu\x0a</data></write>
    <read><delim>\x0a</delim><match><data>Query Admin</data></match></read>
    <read><length>3</length><match><data>\x05\x0b\x00</data></match></read>
    <read><delim>\x00</delim><match><data>admin:f128:</data></match></read>
    <write><data>\x01\x0a</data></write>
    <read><delim>\x0a</delim><match><data>Query All</data></match></read>
    <read><length>3</length><match><data>\x05t\x04</data></match></read>
    <read><delim>\x00</delim><match><data>server:\x5frFfZoeQDhpqgbJ\x5bndUXKfB\x5cWdK\x5bCWHtLcjWLL\x60mdrDRbhxU\x5fCp:server:\x5bTgbSgIVwj\x5dvtpuK\x60emihrUvGesMFRs\x5fVxyhXwZhl\x5d\x5bZMAlArl:server:sclGbewtRScGovSluTGPCpRyLUfYIkuGgrGmnTTEhEKq\x5cVWv\x5e:server:oNS\x5cETkuMGZjdceJM\x60\x5eNJYqkmYaWoNcBJaZWCC\x5cdwdLLUpgm:server:BSVVWuGhDibtguDhjiPfFoYkULwXrUebD\x5bmAtk\x5bw\x5di\x5dDc\x5bS:server:bGUngDVeV\x5dhhlsWZDALpwMx\x5ee\x5dIus\x60Q\x5fZpJH\x5d\x60lrLFAwns:server:QEeUbAyRkehcTaAsWX\x5cAaUuV\x60HfynknSNpYn\x5fvcGqDtN\x5f:server:oH\x5dgstWxpXKrHDraDhRVADyWFrBC\x5fV\x5eSGuUgJJKABvmG:server:yWOaA\x5cdQtOpUHNO\x5bKLHTm\x5dLpwhI\x5cUJpH\x5chCQbNmaZfc:server:uVOlliMyayqCVC\x5e\x5bIgoSD\x5cblQuUpWJiWAelB\x60Fy\x5eyh:server:vsagCebnh\x5ey\x5fFGEtDNBcknbAGHrPnZXPNh\x60xqTA\x5dD:server:alEYsPx\x5bRAniYEgcUuZV\x60TcvHTbY\x5fNJZn\x5b\x5bBG\x5dhW:server:fDXTpSh\x60jQnokqwRGCJl\x5b\x5dKThVYTxmIFwtkwLtM:server:BIZQyBbd\x60bvXuEFqGc\x5eXlmaQNZY\x60aj\x60IPuNIlE:server:gXpcL\x60OEHmee\x5cNZW\x5cTXCETpQdBSyUj\x5fPOto\x5d\x5f:server:OA\x5eXXak\x5bVAYX\x5d\x60yWTnt\x5fN\x5eIn\x5fM\x5fRBVwvOB\x5dt:server:Mtf\x5fX\x5bMRB\x5eh\x60eA\x60fR\x5dhCqeUMSjjMuQhlFAe:server:DSqUyMyph\x60fESUaZPXsoMJ\x5eYxeg\x5ff\x5ejCld:server:IVJtLv\x5bgAfNH\x5bghHhMjoxmknDQSjsitpo:server:\x5fK\x5fqrd\x5dBGuRnydIwLPqwiDbC\x5bywVx\x5cAk:server:Oqyd\x5fTZMTXDJJ\x5bAQEbTuHh\x5ckRC\x5cJFvS:server:K\x5cMZjjq\x5eHqmrVhjyYjJptivUCKxIgh:server:uAxh\x5bqpTDUpk\x5cqAgtOp\x60MO\x60huiwON:server:HMaOdjWKAKgKg\x5eKyYomA\x5eimbqofZ:</data></match></read>
    <write><data>\x04\x01cOxr\x5fvDBfW\x5fXCIXervqqK\x60wtUNbY\x5f\x5c\x5cn\x5fj\x5f\x5crU\x5fPHvhuEVMuheUIRXS\x60j\x60mA\x0a</data></write>
    <read><delim>\x0a</delim><match><data>Query Admin</data></match></read>
    <read><length>3</length><match><data>\x05\x0b\x00</data></match></read>
    <read><delim>\x00</delim><match><data>admin:d343:</data></match></read>
    <write><data>\x01\x0a</data></write>
    <read><delim>\x0a</delim><match><data>Query All</data></match></read>
    <read><length>3</length><match><data>\x05t\x04</data></match></read>
    <read><delim>\x00</delim><match><data>server:\x5frFfZoeQDhpqgbJ\x5bndUXKfB\x5cWdK\x5bCWHtLcjWLL\x60mdrDRbhxU\x5fCp:server:\x5bTgbSgIVwj\x5dvtpuK\x60emihrUvGesMFRs\x5fVxyhXwZhl\x5d\x5bZMAlArl:server:sclGbewtRScGovSluTGPCpRyLUfYIkuGgrGmnTTEhEKq\x5cVWv\x5e:server:oNS\x5cETkuMGZjdceJM\x60\x5eNJYqkmYaWoNcBJaZWCC\x5cdwdLLUpgm:server:BSVVWuGhDibtguDhjiPfFoYkULwXrUebD\x5bmAtk\x5bw\x5di\x5dDc\x5bS:server:bGUngDVeV\x5dhhlsWZDALpwMx\x5ee\x5dIus\x60Q\x5fZpJH\x5d\x60lrLFAwns:server:QEeUbAyRkehcTaAsWX\x5cAaUuV\x60HfynknSNpYn\x5fvcGqDtN\x5f:server:oH\x5dgstWxpXKrHDraDhRVADyWFrBC\x5fV\x5eSGuUgJJKABvmG:server:yWOaA\x5cdQtOpUHNO\x5bKLHTm\x5dLpwhI\x5cUJpH\x5chCQbNmaZfc:server:uVOlliMyayqCVC\x5e\x5bIgoSD\x5cblQuUpWJiWAelB\x60Fy\x5eyh:server:vsagCebnh\x5ey\x5fFGEtDNBcknbAGHrPnZXPNh\x60xqTA\x5dD:server:alEYsPx\x5bRAniYEgcUuZV\x60TcvHTbY\x5fNJZn\x5b\x5bBG\x5dhW:server:fDXTpSh\x60jQnokqwRGCJl\x5b\x5dKThVYTxmIFwtkwLtM:server:BIZQyBbd\x60bvXuEFqGc\x5eXlmaQNZY\x60aj\x60IPuNIlE:server:gXpcL\x60OEHmee\x5cNZW\x5cTXCETpQdBSyUj\x5fPOto\x5d\x5f:server:OA\x5eXXak\x5bVAYX\x5d\x60yWTnt\x5fN\x5eIn\x5fM\x5fRBVwvOB\x5dt:server:Mtf\x5fX\x5bMRB\x5eh\x60eA\x60fR\x5dhCqeUMSjjMuQhlFAe:server:DSqUyMyph\x60fESUaZPXsoMJ\x5eYxeg\x5ff\x5ejCld:server:IVJtLv\x5bgAfNH\x5bghHhMjoxmknDQSjsitpo:server:\x5fK\x5fqrd\x5dBGuRnydIwLPqwiDbC\x5bywVx\x5cAk:server:Oqyd\x5fTZMTXDJJ\x5bAQEbTuHh\x5ckRC\x5cJFvS:server:K\x5cMZjjq\x5eHqmrVhjyYjJptivUCKxIgh:server:uAxh\x5bqpTDUpk\x5cqAgtOp\x60MO\x60huiwON:server:HMaOdjWKAKgKg\x5eKyYomA\x5eimbqofZ:</data></match></read>
    <write><data>\x01\x0a</data></write>
    <read><delim>\x0a</delim><match><data>Query All</data></match></read>
    <read><length>3</length><match><data>\x05t\x04</data></match></read>
    <read><delim>\x00</delim><match><data>server:\x5frFfZoeQDhpqgbJ\x5bndUXKfB\x5cWdK\x5bCWHtLcjWLL\x60mdrDRbhxU\x5fCp:server:\x5bTgbSgIVwj\x5dvtpuK\x60emihrUvGesMFRs\x5fVxyhXwZhl\x5d\x5bZMAlArl:server:sclGbewtRScGovSluTGPCpRyLUfYIkuGgrGmnTTEhEKq\x5cVWv\x5e:server:oNS\x5cETkuMGZjdceJM\x60\x5eNJYqkmYaWoNcBJaZWCC\x5cdwdLLUpgm:server:BSVVWuGhDibtguDhjiPfFoYkULwXrUebD\x5bmAtk\x5bw\x5di\x5dDc\x5bS:server:bGUngDVeV\x5dhhlsWZDALpwMx\x5ee\x5dIus\x60Q\x5fZpJH\x5d\x60lrLFAwns:server:QEeUbAyRkehcTaAsWX\x5cAaUuV\x60HfynknSNpYn\x5fvcGqDtN\x5f:server:oH\x5dgstWxpXKrHDraDhRVADyWFrBC\x5fV\x5eSGuUgJJKABvmG:server:yWOaA\x5cdQtOpUHNO\x5bKLHTm\x5dLpwhI\x5cUJpH\x5chCQbNmaZfc:server:uVOlliMyayqCVC\x5e\x5bIgoSD\x5cblQuUpWJiWAelB\x60Fy\x5eyh:server:vsagCebnh\x5ey\x5fFGEtDNBcknbAGHrPnZXPNh\x60xqTA\x5dD:server:alEYsPx\x5bRAniYEgcUuZV\x60TcvHTbY\x5fNJZn\x5b\x5bBG\x5dhW:server:fDXTpSh\x60jQnokqwRGCJl\x5b\x5dKThVYTxmIFwtkwLtM:server:BIZQyBbd\x60bvXuEFqGc\x5eXlmaQNZY\x60aj\x60IPuNIlE:server:gXpcL\x60OEHmee\x5cNZW\x5cTXCETpQdBSyUj\x5fPOto\x5d\x5f:server:OA\x5eXXak\x5bVAYX\x5d\x60yWTnt\x5fN\x5eIn\x5fM\x5fRBVwvOB\x5dt:server:Mtf\x5fX\x5bMRB\x5eh\x60eA\x60fR\x5dhCqeUMSjjMuQhlFAe:server:DSqUyMyph\x60fESUaZPXsoMJ\x5eYxeg\x5ff\x5ejCld:server:IVJtLv\x5bgAfNH\x5bghHhMjoxmknDQSjsitpo:server:\x5fK\x5fqrd\x5dBGuRnydIwLPqwiDbC\x5bywVx\x5cAk:server:Oqyd\x5fTZMTXDJJ\x5bAQEbTuHh\x5ckRC\x5cJFvS:server:K\x5cMZjjq\x5eHqmrVhjyYjJptivUCKxIgh:server:uAxh\x5bqpTDUpk\x5cqAgtOp\x60MO\x60huiwON:server:HMaOdjWKAKgKg\x5eKyYomA\x5eimbqofZ:</data></match></read>
    <write><data>\xff\x0a</data></write>
    <read><delim>\x0a</delim><match><data>Invalid Query</data></match></read>
</replay>
</pov>