<?xml version="1.0" standalone="no" ?>
<!DOCTYPE pov SYSTEM "/usr/share/cgc-docs/replay.dtd">
<pov>
<cbid>service</cbid>
<seed>1e72cff6d8d6732f194c4b58b847a6757b82a8a0c0cfea6a16d42210f1ffbc45972bec1747fce791376be6543e0c15cd</seed>
<replay>
    <write><data>\x93\xaa\x26\xc6</data></write>
    <read><length>4096</length><match><data>\x93\xaa\x26\xc6zR\x0aR\x94wH\x1e\xab\x85\x18\xa3\x19\xab\x8cNB\x93\xbe\xc2\x84\xa8O\xb3\xd7\x83p.jf\xd8\x3e\x26l\x22\xb4Cu\x28\xbe\x9a\x1f\x8a\x07\xf3\x07a\xde\xcbv\xe8\xaf\x3e\x3c\x91\xc0\x26\xbc7\x84X\x7eZ\xc1idG\xbb\x2d\xaeC3\x92\x40\x3by\x95\x8a\x940\xe0w\xb3d\xee\x8c6\x090\x96\x5eZW6\x3b\xdc\x23\x97F\xd4B\x03\x13\x2a\x0d\xad\xf8\x08\x9aO\xc3\xbd\xe8\xe9\xb1\xd4\x2a\x1c\x128\x9b\xf3\x7fM\x0cQ\xa9\xf2E\xde\xa9\xa6Sjc\xf6A\x85M!\xebF\x3b\x9c\xd3\x91\xda\xa7\x8f\xce\xb5.\xfe\x8b6\x17\x10\xb7\x8e\xb3\xea\x7c\xbeUu\x0b\x0d.\xa83\xaf\xffwl\x0f\x85\x5d\x5f\xba\x0a\x0cc\xef\xb7\x26\x8aY\x8e\xce\xec\xa6\xf0\x7d\x97C\x02\xf3\xedS\x0fn\xc5\xd6\xc1l\xe39o\xeb\x0e\xdfw\x05\xdf\xf0:\x26\xec\xa0\x9bS\xfa\x1e\xfdC\x0a\x11\xef\xa3\xdeX\x8c\xf8\x7d\x14L\x27\xc1N\xa4\x1aDH\xd22\x5bKY\xa4d\x8d\xa0\x9a\xdc\x88!D\x5eC\xa6\x7e:\xf5\x87\xe21r\x7b\xe0\xa7J\xa0\xfe\x2bQ3\xa9t\xcb\xf9\x00\x18\xf2\x05\x7d\x5bv\x3b\x83\x7e\xe3i5R\x28Ps\xe5\xe7\x11\xadiV\xe5\x23\xec\xed\x8aX\x60q\x10\xfd\x40\xc6\xc6\x5fk\xad\xcc\xc9\xca\xc1l\xa8\xc1\xa7:\x1a\xbd\xe7\x1aL\x9a\x0d\xa3\x2cq\xe7\x60\x9aN\x8a\xd2\xad\xd8\x9c\x9a\x0by\x1d\xaf\x92\x6014\xefM\xb5\x951\x99\xf8u\x9e90\x26V\xb9\x8cIg\xaf\xff\x23\xe1\x86\xe8\x5d\xab\xac\x5bG\xc2\x07\xe2\x0f\xa4Du\xd5\xe9L\x9e\x1ePq\x24\x3e\x5dV\xfe4\xa4\xf39\x97p\x2b\xa7V\x95\x28\x89\x0eF\x8dCS\x91\xf27\x5c\x86\x9d\x0d\x1b\xb9\x17\xc8\x07\xfec\xa4\x80\x2d\xffL\xbe\x5c\xac\xe5\xe2\xf6\xf8\xe1\xf0\xdb\x8d\x7c\x86\x2c\xa1\xa2:ee\xd5\xe7\xac\xeahQC\xda\x3e\x92\xd7\x1e\xd5e\x0eD0\xbd\xca\x2dk\xf9\x1eH\x92\xa5\xa0\xd3\xc0\xdc\x08\xcf\xcb\xb4\xa5u\x93\xa1d\xaft\xd8\x22\x9a\x9e\xf1e\xdf\xd5\x96\xd9\x91\xff3\xc2\x2f\xa9\x60b2k\xf7\xa9\xfe\x04tT\xc5\x1f\xe1\x95b\xd9m\x94G\xb8\xe8\x0b\xac\xe67\xb6\x5e5\x9eq\xb2oK\x86\xbb\x7e\x5b\xf2u\x1a4\x00\xee\x0f\xa8\xbb\x92\x9aU\x1b\xa5\x8a\xf6\xe4\x05\xb2\x80x\xb9\x01w\xca\xa4xx\x9b\x14\x0dG\xe0\xf1p\xb7b\xf7\x5c\xcbxq\xd3\x8b\x1d\xed\xec\x9f\x11A\xe00y\x0e\xd3\xc6kv\x1d\xfc Rt\xeb\xff\xf99N\x07\xe7x\x5c\x0f\x7d\x3b\x14\x1a\x5d\xee\xbe\xc2Y\xe0\xd1\x11\xdf\x9e\xcb\x2a\xd1\x92I\x2b\xad\x83P\x91\x15\x1f\xa4\x96X\xec\x9b\xb4Xb\xa3\x8a1s\x01\xf0\xe1Z\x3d\xb0\xe3\xc4\xc5\xf2\xed\x960A\xc8\x8e\xe8\xda\xd9\x29\x01\x3b\xf5\xceX\x99\xa0\xb3.\x3b\xd2\xac\xac9\xe4U\x5b\xa8\x3e\x07\xefx\xdf.\x1dhJ\x8c?\x07\x88\x83\xd1\x80\xf2\x8ejB\x98\x0f\x00\xf4\x926\xd0\x7f\xf8\x15\x81\x1d\xefB\x22\xdf\x2bJ\x93\xf6\x3e\x99\x29\xbe\x1f\xd0\x7e\x8dM\xca\xf6\xd0\x01\xa3\xca\xfb\x1a\xb8\xe5\x05f\xd5\x8b\xe4\x14IV\x29\xa9\x8b\xda\x1f\x87\xcc\xcc\x7e\xc3\x26\x1d\xa4\x90\xe6\xaa\xee\xd96\xd9\xfck\x00\x0bv\x24\x5e\x82\xf7u\x09\x5b\xe2b\x9d\x84t\xab\xcb\xb2\x7b\xb2\xc5\x15s\x02\x22\x11IU\x266\x17\xf0\xd6\x0dCc\x29\x7bf\x19\x5ez\xba\x17\xde\x27\x2b\x077\xe1\x9fr\xbe\x8d\xf2\xe7\x8d\xda\x5b\xd5\x25\xe4\xfbh\xe2\x5f\x7b\x96L\x27o\xe4\xa6\xb6\x032\xef\x98\xa4\xaa\x3e\xa6\x5f\xe1n\x5b\x239\xb0\xf8\xfa\xbd\x92\xe0\x5fl\x93h\x8drJ\xce\x15gq2\xea\xae\xfc\x5c\x2bS\xe0\xcd74\xcaV\xc9\x7b\xe3\xdcW4\xb3\x2a\x99\x28:\x98e.\x40\x7cN4\xd4\x0f\x8a\x14\x9e\x3bC\xb8\x96\x86\x9e\xa8\xb6\xae\xf4\x00\xec\x5e\xfbm\xeb\xa4\x27\xcc\x86\x140\x29Sf\x25\xc0X\xc45\x84s\xae?d\xdb\x85\x8d\x7bU\x80\x81\xde\xebSg\xea\xf0\x7fa\x25\xbb\x29\x82\x89\x09g\xc3\xd0\x03\xf42\xb09\x9b\x86u\xa1\x90\xc2\xb8\x09Mt2\xd0\xe7\x97\x7f\xfc\xf2\x13i:\xc1\xacJ\xae\xe7\xf0\xb9V\xc4\xe5\xef\x86\xc8\xc8\x24o\xe50B31\xc1\x5e\xec\xa9\x9c\xf2\x99\xf7\xa1\x3b\x91\xaa\x1c\xb5\xb7\x85\xae\xb9z8\x17\x90x\x3b\x80\xdc\x7e9\x3c\x04\xed2\x8e\x1d\x85\x02\x88\xc0e\x90\xec\x93\xf7\x3eT\xc8\x2c\x0e\xf2\x5bw\xc0y\x3bSc\xfc\xc2\xd4v\xe3\x28\xed\x9d\x0c\xb5\x0er\xd6v\xa5\xe6\x281\x8c\x26W\x40\xb8\x0b3\x02Dn\xdd\x7e4\x7b\xec\x16\xfb\x03u2\x0d\xa3e\x89\xbbV\xe9\xa0\x5d9\xa5g\x997 Q\x92\xe7M\xd08\xa6\xea\x04\xa4\x85\xc7\x2a\x3e\x25\x03A\xa3\x23z\xd9\xcb!\xd6\xbd\xe2\xa4\xd50\xca\xdd\x09\x2d\x19!\x15\xc2\x9f\x9a\xd9\x1a\xf6a\xcf\x17rw\xf6\xca\x60\xfcU\x5b\x87\x1c\x1aAm\xc9O\x0c\xbb\x1e\x14z\xe6\xc8\x24\x83hn\x5e\xe7\xc8\xb8w\xcc\xe3\xf4q\x9c\xfc\xdd\x8a\x7eRV\xccD\x070\x93Ar\xfaVj\x23j\xa2\xdd\x7e\x10\x3d\x98\x9dJ\xeb\x2a\xe0\x81U\xc6\x1e\x26W\xbd\x60z\x813\x8ca\x86e\x05\x02\xa1sY\x09\x98\xc4\xcd\xce4\x7eg\xe4a\x9b\x80\xe1\x09 s\xc6\x98\xa7\xbf\xe1\x12x1\x3e\xb4e\xdc\x16\x06d\x8d\xaa\x3d\x23\xc1\xbf\x3cd\x7e\xe7G\xcf\x15\xc2\x10\x91\x02\xfd\x99w\xc3BP\x25\xe5\x03\xe8\xec\x9cf4\x8c\xe0\xc0\x0fd\xccK\xe0V\x3e\x2b\xab\xda\x0c\x02\xddjVlxA\xce\x1c\xcf\x11\xb6E\xa8m\x89\xbd\xe8\x02\xeb\x40\xf5L\x92\x3c\xdb\x03I8p\x5e\x8c\x8f\x2bE60\xbf\xf8I\xfc\xc7\x1d\x9d\xba\x1fe\x24\x7e\x96\x3e\x9af\x13\xde\xd8\x87\x9e\xbcIk\x60\xd7\x18\xf2\x19\xef\xb6\x91\xbd\xbd\x1bZ4g\x94\x1b\x85\x04\xa2\xfa\xafr\x04\x83\xfb4\xdb\xe7\x3bz\xda\xa2\x2a\x12\x08\xcd\xeb\xee\xb59\xc7S\x3d\xdeE7\x9a.6\x92.X\x7f\xf9\x7b.S\x3d\x40\xe1B\x9a\xf5\x07\xc2\xd9\x7b\xb4\x14\x85\x97uqO\xd2\x24q\x94\xa8\xd1\x7d\x24TC\x3b\x86\x2c \xccL9x9\xc4\x5fa\x10\xba\x02\x26\x0b9\x3d\xdc\x99c\x84\x17\x98\x94P\x92\x92\xa5l\x94\x81d\xb2\xaf\xb9\x99y\xe3\xf5\x855!\x9a\x1e\x83\xa5\xdd\xc9\x90\xfd\xd0\x18\x8dc\xd4\xcc0j\x8c\x60\xac\xf3\xa4\xbbyb\xa5sH\xea\x8f\x9f\xcb\xb8\x0d\x0e\xd8\xfe8\xa9\xab\x18\x40W\x85\xed\x40\xcf\x1a\xadJ\xc6\xed\x3d\x2bT\x19\x09\x7be\xbd\x95angh\xab\x97\xed\x7e\x2d\x7fOrY\xf40\x91\x9d\x86\x11\xee\xb2\x0a \xea\xe7N\xfb\x8b\x7f\xe7\xdb\x9b\xbd\xbc\x81\x5e\x06\xe6\xcf\xb1\x1c\xd8\x7dw\x02\x1cQk\x40\xf0 \xd1\xd0\xc6\x10u\x93\xc0J\xdd\xa8r\x7bu\x2dt\x2d\x8f\x28\x1c\xae\xdd\xed\xf4\xf8\x83\x7d\x18\xe6\xe6\xfan\x3c\xe4\x85\xfb\x27\xf1\x7cB\x2f\xb5\xbc\xf8\x03\xd9\x81\xb5H\x60\x7cZ\x025\xdc\x94\xd9W\x241\x2a\xf1\x10\xb8\xbeJi\x8e\x0e\x2f\x9d\x0df\x83M2\x5f\x8f6\xf1\xe1FS\xc2\x2c\xc3\x92I\x99\x3b\x86\xc4\xae\x28Y\xdd\x60\x91b\xed\x9d\x1e\xb5\x89\x0b\xf6Q\xae\x0e\x89\x9b\x28\xfd\x14h\xe5G\x9c\x83\x898e\xd1\xc4 \x0a\xed\xaa\xf4\x9bTZ\x9b\x0c\x5f2\xc7\x9e\x22flz\xc5DIu\xc8x\x10\xc7\xf4\xa3\xd7M\x8b\xddy\xdf\x22\xa1\x1a\x17\xac\xfc\x23\x99\x8b\xe69\x1c\xc3\xc0\x1fy\x86\x8cT\x2bir35ob3\xfa\x12\x01\x2a9\xdc\x93V\xd1\xd8\xfe\xc1\x5b\x7e\xedaz\x22\x40\xea\xe6WH\xceL\xdfl\x0al\xcb\x15\xb1J\x8e\x3c\xfc\xb1\xb7\xd4\xdb06\x1c\x7c\x7b\x8d0\xd1k\x7d\xff\xad\x3d\xc9\xaa\xfco\x24\x93\x5d\xdc\xc1\xe81\xe8\xc4\x88\x60\x2a\x24\xc8\xc3\x5dmf\x1cKW\xb0\xcd\xae\xda\xf5\xdc\x09\xc5\xa0\x284Xy\xa9\xdb\x5b\x2b\x9as\x7f\xee\xc5eo\x18\x5e\xc78\xf4\xe9\xb0\x9a\xe0\x02\xa1\xa3\x87\x2c\x0cd\xd1!\x7e\xf4\xb6\xeb\x17\x16\x96\xe84\x8d\xc7y\x5bS\xd5l\x5e\xef\xc1\xf1B8\xdftl\xd7\x90r\x11\xafzv\xb5\x0b\x7ez\x96?\x0a\xca\x60T\x89\xd0!\x60\x5f\xd5\x8c\x9e25\xd5:M\xeb\x8fxi\x06\xa5\x96\xdcfg\xdc\xba\xb31f\xa6x\xc2\x25\xeaxo\x9eB\xb1\x93\xce4\x8bZ\xe2\x16\xc2\xc1\xa2\xa4\x2a\x2d\xb8\x5f\x25S\xd5v\x85K\xf0\xcf\x0c\x24\xf4\x5bY\xf8\xbb\x9a\xf4\x270\xd0U\xe8\x8f\xc5\xa5\xb5\xc1Mj\xec:Z\x19\x5e8\xb8\xb1\x2a\x2c\xc0m\x3eY\xfd\xd7\xa7\xfe\x3be\x92\x25\x40r\x94\x13N\xd2\x93\x7e\xc56G\x13\xf8\x5d\xad\xb6\x1c\xea\xb6\x0f\xd1\x1fg\xb2\xff\x2a\xb4\xfd\x10QL\xbe6\x7b\x9a\xa3\xff\x02\x13\x9c\x8a\xe7P\x28\xbap\x8b\x0d\x11L\x8e\xbd\xcc\xc7\x1eL\xbbW\xe64\x2c\x0b!\xab\x5eN\xd7\xe2\x89\xf4\xdd\xae\x7d\xa6\x95W\x0b\x14E\x60L\xaf:3\xb5\x99\xd3?\x91\x8c\x8ft\x28\x98\x8f\xabp\x9a\xd8\x15\x07\x09j\xfb\x0e4\xcb\xe8\xc5\x7f\x1d\x1b\xa2\x3e\xaaj\x8fD\x8c\xe6\xe5\x1c\x96\x83I\x9dn\xb9\x29x\x7c\xb7\xeb\xcep\xfb.\x17\xcf\x93Q\xee\xee\x8e\x93Z\xb0\x9f\xcd\x87\x3c\xc36\x81\xc3y\x22\x12\x3c\x88\xcbp\xcd\xd0\x86\x2cD7\xa9\x5b\xdf\x83\x10Yz\xf64D\x880\x2cS\xc4\xda\xf0\xf3!\xaa\x5f\x11\x10\xc868t\x92\xc6\xd5\xf4\xbe\xbaW\x29d\xb0\xe8\xe7\xd6\x16\x86\xc6\xade\x9c\x5f\xc8\x03\xba\x9ct\xa1\x1d\xb4\x80\xd8\xe2K\x60\xadZ\xba\x8f\xffX\xdf\xf7\xfc\xec\xd01\xb8\xa0\xf6\x8d\xfcj\xb2M\x05\xcb\xa5\xa4\x9a\x1cU5\x86\x3c\xbb\x16f\x9f\x81\x1b\xe8\x8c\x7cL\xad\xd0\xe2y\x1d\xf4\x7c\xa25G\x0f\x94\xc2\xd0\x06\x81\x88\x84\xbbZ\xf1F\xb1\x7d\x04\xa5\x0fr\xb5\xe0\xeb\xb0\xe4hn\xa8\xfcX\x0f\xdf\x25\x9a\xf6\xe1\x17\xdd\x10\xdc\xd9\x10\x80u\x95P\x0b\xcc\x8e\xa5\x86\x86D\xa5\x8e\x90\x82\xae\xf6g\x86\xdd\x0c\xc9\x03s\x1fN\xa5i\xbbi\x94\xeb4\xe2\x7d\xa5O\x80\xed\xf3\xbf \xd2\x27\x93m\xf6u\x9e\xdf\x90\x1e\xb6\xf2S\xc3\xff\xe2\x995\x07A\x2d\x05\xa3\x5d\xf8\xdb\x95\xc6\x9b\x5c\xae\xbb\x92\xfd\x96J\xce\x2d\xea\x1a\xd5\xab\x2fG\xf1j\x40k\xd9\x82\x8dK\xf3\x1c\x2a\x10\xf8F\x96\x27\xcd\xd5j\x00\xcd\xa7\xcfe\xd3\x82\x81g\xcc\xb99\x9ca\x82\xd3\xbd\x91M\x23\x1d\xc0m\xbe\xd8\xd0\x19U\x11t\x97\x9f\x10t:\x8a\xc2\x1feM\xc7\xa0\x13M6R\x3dU\xbf\xe0\x3bg\x16\x93\x3d\x89D\x97\xf6\x29a5\x9a\x1c\xb7b\x05\xce!p\xba\xf79\x0cn\xd4q\x0e\x913\x0c\xd5\xd1\xcc\xa3\xd8\x22\x5f\x60\xdc\x2c\xcbR\xc9\xf6\xbc\xde\xcc\x87\xc5\xfd!\xbf\xe6\xdd\xe3\x23\xadR\xcab\xd3\xceS\xe6\x5e\x0f\xfd\xa01\xdd\xdb\x9e8\x86\xaa\x0d\x14B\xf5:\xdd2\x98Z\xf7qnsV\x26\x04\x0c2R\xad\x9f\xd3\xe0z\x3d5tK\x01\xd1\xab\xa0\xb0\x3c\xd2Q\x7f\x27\xe2\xa7\x1a\xa1n.\x3c\x0c\x97D\xed\x7do\xb0\xa8\xeb\xca\x0f\xe5\xa2\x8c\xf3\x0f\x8d\xddV\xb6G\x96\x1d3\x80\x27\xb1\x99\xcf\xb1\x93\xcff\xf3\xfau\x1dF\x28\x1b\x60\xc8P\xac\x14\xe3\x13\xd6\x23\xf2\xd9jV\x24\xe6E\x0b\x8f\x00k\x1e\x19\xe4p\x3e\xbe\xea\x5bf\x0f\xc8R\x0dS\x1c:\xb2\x89!Pe\x9d\x2bLk\xfe\x96\x9e\x7b\xd2X\xdc\x12\xa4\xed\xc0\x0aU\x97\xc7\x7cm\x25\x18l\xab\x7c\x88\xc0\x0ehF\x93\x26o\xd7N\xea\x96\x0cC\xc3\xdc\x87\x10D\xeb\xe1j\x1e\xa8\x02\xb4\xe4\x1ay\xec\xedh\xe2\xbf\x87\xfb7\x0f\xf5\x13\xa7M\xba\xe3tv\x15\xf5\xd2\xb0Xw\x1c\xed\x7c\x15K\xba\xfe\x5c\x2a\x98\xafV1\x037\xeb\xd7\xdf\x12b\x87\xfa\x082\xf5\xae\xcd\xd5\xd4\xe9\x2b\xcbh\xfe\x22\xcd?\xd3\xb9\xfbjci\xef\x8b\x82\xfc\xf2\xc0\xef\xb2\xa1\x05\xb5a\x87\x7f5PU\x25\xad\xdai\x96\xebh\xc9g\xfd\xe7\xee\xfdm\xcb\x9d1\xff\x08\xe0X\xe4X\xc5\xb6\xef\xf9\x5c\xc6\x0c\x0f\xeej\x01\x0b\x8f\xbc?y\x177\xad\xbe\xd7J\xb5\xcd\x17\x2ad\xaeY\xa6\x60\x82\x3d\x2d\x09\xc5\xedp\x0bA\x13?\x8a\x13\xc5\xe3\x90\xa3\xdd\xc7\x40\xa0b\xee\x80\xb6t\x90\xe3\xa8\xbaI\x9bD\xe0\xa4\xd9\x9e1\xbd9\x7c\xcd\xea\xefx\x1f\xec\x93\xe6\xffw8\xf8\xb1s\x16E\xec\xa5D\x2fZ\xd0\xeb\xb0\x1c\xf8\x863EY.\x5d\x06r\x9ae\x5cAh\x8bb\xaa.\xbeHQ\x1e\xe4gL\xbcE\xebY\xab\x85j\x28\xa9\xba\xd1E:\xe5\x9d\x3b\xfaTA\x0a1\xd8l\x0dLF\x90\xc2\xe7\x01\xe0\x80\xb9\xfer\x7b\xa8\xf44c\x1f\x1d\xd4\x81\x92 \xd4\xd4\x12aDDy\xf6\x15\xeaP\xb6\xd7\xc6\xf4f\xa303\x22\xdb\xde\x7eo\x8b\x13\xa7\x11\xcf\xddm\x5d\x25\x0e\xe1\xcc\x99\x91\xd6f\xc2hQ\xe7t\x97\x0c\x9b\xc5\x19H\xc3M\xc03\x85\xcd\xdd\xca\xad6\xa4a\xe8\xae\xf5\x89\xaccG\x8a\x27\x238\x05\x03\x9b\x0f\x5dm\xbd1\xd0\x80\xf6\xff\xe9\xed\x7b9\x18\xfc5x8\xa5yi\xa6Q\xa9\xc1\x0d\x2c\xce\xcb\x9d\xd1\x0d\x07\x60P\x16\xba\xf0\xae\x9e4\xd2c\xdem\xc4\xd4\xb3\xca\xfe.\x8c\x3cl\x245\xab\xb6\x5d\xe0:\xef\x12\xe4\x94\xe5l\x3b\xb9\xa1\xc7a\x8a\x3c\x28\xd3\xbe\xd1\x9ec6\x93\x2b\xb1XeZ\xd8c\x3dR\x85\xcfu\x1f\x08\xa4e\xd8\xadP\x2f\x9a\x986\x88\xb0\x18\x0e\xa3\xb1\xb4\x8a\x16\x7ceQ\x2c\x5f\xcfqM\xe9\x92f\xf1\x5d\x8a\x1evE\xf3\x14C\x9e\x25\xb6\x16h\x1b\xe3\x0f\xa3\x28\x24\xb4\x04\x04d\x5e\x9e\xe8\xfcF\x5d\xa5\xfb\x3e4\x05\xf6\x15\x00\xfd\x24np\xea5p2\x0e\x5b\xc0f\xa5\xfe\xc5\x2c\x85\x86\xe2\xdd\x97\x16\x26\x18f:\xf9!\x1au\xcb\x9aC\xa73\xe6\x19zv\xfa\xa2\x0e\xd9\x2b\x5b\xa9K\xcc\x13\xcfs\x03\x86\xa9\x09\x1a\x2c\x04\x8d\xba\x00\x05\x8b\x3bT\x2bq\x3e\xc5\x93\xbd\xb2\x24\x1d5\x25h\x9e \x3b\xb5\xf9a\xf8V\xd6\xb6\x01\x07\xc1\xdb\x88\xcc\x10\x84\x7e\xb4z\xa1\x7f5\xa6H\x10\xa5\x3e\xbe\x5f\x96\x8f\xa0\xc1Qk\xf2\x22\xd9\x5f\xbb\x05\xcd\x08\x10\x1f \x28\x2b\xca\x99\xf5\xce\xc0\xde\x8d\xe2\xa41PB6H\x98\xc8\x87iU\x8e\xe5\x00i\x0e!:\x94\xc7\xb1\xfd\x96\x12 Y\xa7\xa7S5\x25\x7cd\xb0\x03K\xae\xa1M\xa1\x02E\xb6u\x7e\x17\x8bT\xd9\x0c\xd1k\xda1\x82M\xd3I\x2f\xa6R\xad\x94\x5cj\xdb\xf8n5\xf1\xd5\xd4\x96z\x08\xd3\x8e\xbcf\x83\xc1?F\xf8\xbcD\x9fq\x80\xc95\xbd\xd7\xce\xed\xaaz\xee\x8a\x11\xd8\x0d\xc7\x22\xd8\x7c9\xe4\xafEw\xfb\xcf\x18\xd8\xd8\x5f\xd8\x8f\x82B!\x9b\xfc\xc1\x1e\x8cE\xa6\xf6hjg\x0a\xad\xbb\xa2\x9e\xc8\xe7\x8b\xcc\x84\xff\x99\xe9\xa8\xdfq\x22\xbdS\x7fqcEI\xef4\x3b\xfb\x40\xb9\x1ep\xe8\xa0B\x0f\xb9\x3e\xa4M\x02t\x87ox\xad\xd9\xeeJ\xb9\xeb\x83\x40\xf1\xban\xf0\x2c\xcd\x22\xa7\xf7kUf\x08\xd6\x16\x08\xbf\xc7\x26\x9eA\xea\x9e\xd5V\xf4\x40\x08\xfd4\x83\xf4o\xceH\x5d\xdc\x05\x2c\x89\x3d6\xc8\x9a\xd5\xf6p\x18\xd4SJ?\x1e\xbf\xbe\x96\xc1\xbff\xcf\x1d\xc26\xb1\xd7\xeb8\x81Ii\xf05\xd7\xaf\x89\xe2\xb9\xdb\x9e\xc0\xa7O\x8a1\x5f\x7cI\xe5\x9el\x07\xca\x24\x072\xcb\x9d\x7b\x8bX\x8aK\x7d\x12rm\x2a!\xcd\x28\xc9\xad\xe4\xa48\xb7\x25\xab\x9fQuO\x22t\x1er\xe0\x0b\xf9\x98:\x08ux\xd4\xfa\x22\x07jz\x3dw\xa0A\xf0:\x8a\xde\x9d5\x18\xact\xfe\x7f\xa9u\x2a5\x7cFal\x29\x2dW\xbe\x9b\x0c\x3b\xd1\xffV.\xd2r\x15\x99\x24s\xb9\xc7\x25\xf8\x84\xc4\xd8R\x284\x17\xa9b\x9c\x5e\x82\xfac\xb97\x1f\xe4\xf1\x0e\x1e\x3e\xdd\xa8\xe0O?Sg\x00\xfai\xb46\xbbq\x87\x245\x7e\xd3\x00\xec\xe0\xcb\xf6\xbe\x8d\x17q\xcfd\x60\xfb\x17\xc5\xd4\x10\xf0\xee\xdc\xd4\x1d\xa1R\xe7\x10!\x60.G\xb8\xe62\x12\x5b\xf5\xc8r\xa7\xb8\x98W\xde\x2d\x27\x1cw.\x2a\x13Qw\xff\x8b\x8e\x15\x9e\x99\x27\x24\x1fA\x1c\xf4\xbd\x25\x27\xd1\xbfeOo\x05\x3eF\x8d\xfc\xfd\xfe\x9cA\xc3f\xda\xf3J\xd0al\xe1\x11\x00x\x7f\x5f\xe2\xbf\xfd\xc1\x5b.R\xa3\x7c\xc5\xbf\x7bBl\xff\x99\x1dy\xe2\x7b\x3c\x22\xd7\xb0n\x29\x11\xa4RI\x25\x3e\x9b\x93\x7f\x85S\x0c\xd9\x0a\xf1\xe9\xb3\x18\xa7\x92\x2d\x88\x2cc\x12A\xc0\xdeI\xdb\x07\xd8\x24\xff\xb5X\x5c\x9bj\x22D\x83xj\x2f\x90\x2a\xfe\xa0\xef\xcf\x1dB\xb8\xfe\x7eA\xc3y\xa5\x1ay\xbb\x06\xcc\x8d\x9eHB\x7e1\x26\xedMb\x95\x98\x5f\x18\x9b</data></match></read>
    <write><data>1\x0a</data></write>
    <write><data>1\x0a</data></write>
    <write><data>12\x0a</data></write>
    <write><data>SevyKSSuEzMW\x0a</data></write>
    <write><data>81\x0a</data></write>
    <write><data>hydrargyrum conspectuity seaport anticoagulation breasts hybridoma nonrestrictive\x0a</data></write>
    <read><delim>\x0a</delim><match><data>Added signature to database</data></match></read>
    <write><data>429\x0a</data></write>
    <write><data>leontodon baker benediction appprove aleurone conclusively gerbillus miscreance ghastliness intensifying chlamydosaurus master dakota capromyidae adience ardor oblong exhaustible homemaker interlink unwilling promiscuously overawed or raphus demigration legato circadian conjunctive accompany grundy anaphor promissory maturely bowhead fagin anabaptist stigmatic placard lukes confluxible xenogenetic magnislat silverware tappet </data></write>
    <write><data>0\x0a</data></write>
</replay>
</pov>