<?xml version="1.0" standalone="no" ?>
<!DOCTYPE pov SYSTEM "/usr/share/cgc-docs/replay.dtd">
<pov>
<cbid>service</cbid>
<seed>a24c0926e82f558c868fcb0a36b112f8f906559fd0f83705d9a81fec970861bbfd06e80374a6265615e39f78907a0cec</seed>
<replay>
    <write><data>\x90\x7bfI</data></write>
    <read><length>4096</length><match><data>\x90\x7bfI\x80\x28\xea\x88d\xf5\x1a\x19T1Q\xf3\x09\xad\x5d\xce!S\xfe\xc9\x7c\xc1\xdaz\x1e\xa9\xeeFz\x8c\x22\x08l\xcd\xa9\x10\xac\xe1\xa44\x02\xaaF\x28\xafR:j\x16\x8e\x1df\x8c\xf3\x0b\xc7\x5e\x22\x83\x9e\x89\x28\x7c\xac\xfb\x84j\xd8\x95J\xcb\x5bo\x94\x9bV3\xad\xe4n\x00\xcb?\xa0\x94\x05\xa5\xb69\xd9\x94:\xad\x03\x3c\x22j\x7b\xbe\xe1\xb2s\xa1\x94\xe1\xbb0\xa7\x84\xc9\xd8\x7c\xae\x25T\xe4\xfd\x0e\xeb\x83\x9d\xb5\xe1\x03:\xee\x9c\x7f\xf0\xdc\x91\x17:\x5dp2x\xe2\x9cb\x0bo\x16\xef\xd6C\x0an\x0dhz\xc4\x05\xeeXl\xda\xab\xb7\x9fQ\x9e\xbe0\x7dv\xdd5\xe3\x7dh\xac\xdd\x2f\x97u\x93\xcd\x89\x96\x86K\xad\xa4\xf2\x5f\xc3hf\xe8\x9c\x9a\xb5\xe1\x25Toy\x17\xe0\x92\x23\xca\xd7\x8ep\xb0M\xa7\x81\x17\xd2\xac\xc9\xf3\x8b\x9f\x088\x1c\xfb\x3cC\xa8\xe2M\xbb\x06\xeb\xeb\xe8G\x607\x99s\xc0ZPy\x96\x40\xe5\x7c\x8a\x82\x3b\xb71\x84\xf8\x87\xa7W\xe6!\xf1m\xfe\xf29N\xaf\x95\x84\xf4\xe5\x0c\xe9hy\xa0\xc4\xec\x3d\x84CD\x92\xd4\x81S\xd2\xf3a\xcb:\x86\xad\x10\xa0P\x3d\x92\xa6\xa6\x17\xc6\xbf\x01Z\x03\x14\xbb\xb4\x3bn\xe9q\xe8N\xcc\x8bcV\xc3pF\x13J\xf4\x07H\xa0lJ\x7e\xb8\x82\xcb\xa4pO\xd1\x95\xd8\xe5\x7d\x9d\x01\xf6\xf3Ma\xd8eH\xd3H\xb4TS\xbc\x1e\xea\xfa\xa1\x90\xe4\x7c\xe1\xbc\x95\xad\x0d\x2c\xc1\x7c\xe9\x87\xc6\xa0\x10.\xa1r\x849\xf4\xa8Y\x7b\x29\xfb\xfa\xce\x1f\x1e\xb2\xb4kYHA\x95Hd\x26\x0f6\x7c\xa0\x1a\xc4\xa0Q\x3e\x8f\x01!Kr\x0a\x8c\xd6\xb8\xac\xfa6\x1e\xb1!\xdc\xbeG\x87DX\x88\xf76\xae\x28\xd7WnG\xd3\x5f\x87s\xe18r2\xf30R\xafk\xdf\x05i\x7bwP\xfa.\x3e\x9d\x00\xb7\xc1\x12\x1b\x238\x0a\x88\x0av\x14\xba\xdc\xc0\xc4B\xe9\xee\xabe\xce\xaaw7\xa2\xc7\xf6\xc4\x97\x92\xbf\x0c\xfe\xc6\x29N\x1bYu\x96\xc3\x11\x0e\xdcT\xd1\xe8\xe1u\x80\xac\x9e\xb0\xadc\xec\xfc\xa8\xd1\x7e\x03l\xbd\xc5Q\x28\x16S\x1a\x8e\xcb\xd5\xa0M3\xc6B\xc6\xd9\xb6\xe1\xf4\x16\xb8\xc4m\xd0KP\x26S\xff\xfc\xc0f\x28\xdcK\x14\xa1\x87\xe4\xee\xee\xd3B\xeb\xfehDx\x01\xcbA\xbad\x05x\x16Rlp\xb3\xc1S\x84t\xd9\x9a\x81\xb0\x04.p\xb0nC\x91\xd6\x10\x1eR\x0b\x92\x9b\x84\x88A\x2f\x27\xc9\xb7\x0c\x86\x19j\xcf\xa0\x9a\xfePQ\xdf\xea4d\x28\x7bU?\x90\x05\x1a\x9d:J\xfa\x02s\x92\xd6\xbd2CP\x0d\x8a\xce?\xf5v\x8b\x08\x2d\x25\xdd\x08g\xb3\xff\x88\xc1\x40\xcbNXp!B\xf4\xa9X\x89U\x00C\xd0\xd4\xb5\x80\x83G\xe1\xb9\x09\x7e\xbb\x1f\xec\xa2\x3e\x24\x85\x98\x96\x11:\xae\xd7\xa3\xd94\xdb\xd5\xae\xc7\xf11\x89\xdc\x91k\xf5\x9a\xb4\x94\x5c\xd4o\xda\x00\xa2H\xa0\x09\xb0\x91Jsg\x7d\xcb\x893o\x0e\x89\xcc\xf81\xa8\x93\x15\x0a\x9a\xce\x94\x2d\xd6\x0d\xa0\xd4\x07\x0c\x2b\xc8\xf7\xd5\x8e\x19\xf6\xf2.\x84i\xaa\x3b0\xb8\xefh\xde4\xd8\xa1\xe1\x06\x10\xd5\x11\x9e\x9b\xf8\xf8\x27\x24Jq\x97\x89\x98J\xc0\xd6v!\x60T\xd4\x1c\xfc8\xafv\x19mmh\x5f\x14\xa3\x23\xc7YOJ\x8e\x85\xf3t\xf2\x8dg\x7c\x15\x16p\x87\x60\x5cI\x8d\x82\x8b\xa4\x9e\xa0\x98\xdb\xac\x5d\x23\xad\xa4\x9b\x08v\xae\x09\xc34E!\xfd\xbe3\xd2\xcb\x5d\xb3\xc2\xc3\xb5\xaf\xf6\xed\xfc\xc9j\xc4\x0e\xc3\x9d\x23\xe0\xffg\x29\x25\x94\x5f\xe7c\xd90\xf7v\xcb\x25j\xe0\x8e\xea\xe47\xc84\x91\xd6\x7d\x24\xe4\xe7\x26\x1f\xeb\xfa?\x3b\x83\xc8\x9b\x97\x40Q\xf1\x08\x98\x27\xcb\x9b\x17\xde\x10\xcb\xfc\xfcP\x5f\x3d\xd5\xc4\x13\xe3\x87\x04\xb9\x3e\x98\x5c0\xcb\xaf\xd1\x5bw\x1b\x3bU\xc8\xde\x99\xcdj\xf1\x04\x9a\x8d\xf4\xaeyt\x8f\xbe\xff?\xe0\x7e\x8cCq\xc4c\x91\xdd\xd5\xebl\x9f\x02\x90\x9fC\x88\xe5:!\xdf\x17P\xa1\x0f\xaf\xfeJ5\x5b\x17\x27\x0e\xbbe\xea\x92\x24\x27\x8f\xad\xea\x92\x9e\xcf\x1b\x1dh2\x97\x2b\xdcg\xb0x\xb4\xbc\x60\x14\x8c\x09\x25\xf0\x3d\x2fTP\x7ec\xfd\xb1\x9aG\x40\xdb\xf4\xa06lm\x88\x9f7\x7c\xe5\x8d\xd2\x2ci\x2d\xdf\x8f\xc1\xcb\x08u\x27\xcc\x94\x14\x01Cr\x92\x8f\x01\x01\xdb\xb2\xc4\x9f\x9f\x3d\x97\x9c\x09\x40\x27F\x2d\x91\xbaO\xf1\xb2\x7e\x22f\xf0\x80\x17E\x0f\x99\xba\xdb\x7bv\x0a\x8e\x2c\x98\xecQEQ\x5c\x1b\x5cTK\x18\x0c\x9bp\x1c\x1a9\x7e\xf4\x96\xd7\x7d\xe3\xc7\xf1\x22\x8b\xdd\xf0\xee\xbc\x0b\xe3\x7eJK\xd6\x04\x1dc\xb0\x88\x5e\x2f\xad\xed\xff\xc2?\xba\x1b0\x1c\x026F\x9bf\xe6!\xd2Y3f\x10\xda\x8a\x27I\xb5\x1a\x27S7\x16zg\xfa\xcc\xb6\xc2\x92 \xdf\x02\x94\x7e\x0ff\xfb\xa9\x08\xcf\xfb\x7by\x00\x1c\xe1\x9dZ\xa5\x28\xfe\xd3\xf0\xb1\x2cP\x1f\x16\xc73W0\xfdN\x07\x06\xde\xd4\xcd\x2d?\xcd?k\xb5s\x5bf\xeaK\x5d\x5d\x0bX0\xe1\xe1\xdd\x0e\x5e\xf4\xc8\xddW\x837\xe2\x8c\x29\x13\x5e\xc4\xf1\x24\xde\x94 \x2d\x14\x5e\x0a\xb3\x99t\x291\xb5\x9c\x04T\xffP\xc8\x06h\x0a\x0b\xe9\x8e\xbc\xb4\xfcW\x2a\x0c\x97\x22\xcb\xda\x7f\xae\x7eG\x0b:\x2f\x18\xc9\x976\xb6\x01\x99KI\xa6\x8dq\x14\x90\xfef\xd8\xbf\x8c\xdd\x8e\xc6\xb0\x5b\xe1\x80\xe1dX\xaf\xa7\x29?\xa9\xec\xe8\x0f\x2d\xa5\xb2\xd5\x3d\x29\x83\xc2k\xd1A\xd8A\xd4\xea\xc7\xc5W\xc0\x9c\x9e\xbd\xd5\xb9\xceI\xe7v\x80\xc5\x81\xa0\xb0\xfd\x1d\xc8b\x15\x97\x22!\x7d\xeb\xb9\xa7\xe1\x7d\x9a\x1a\xe7\xcd\x2fB\x87\x05\x0e\x80\x2f\xa1\x2b\x82\xb9\xd1\xaf\x2b\xc9\x27XT\xd6\xf6\x5e\xe0M\xf2\x93\xd9\x17\x87\xa8\x9eR\x19\x0a?\x29\x254\x91\x1e\x8b\xad\x9b\xba\x9dz\xa7\xa8\xe3\xc8\xdcO\xba\xbep\x3dO6\xbdD\xca\x09\x04E\xe4\xfb\x5bqf\x88T\xd1\xa7\x00\x86\xfb\xeed\xec\x8ex\xfc\x90\x7b\x09\x9a\x7f\x2c\x83\xebP\x0a\x0d\x40\xaf\x16\x2b\xb7\x2d\x854\x1a\x1c\xd8\x7e\xf1ZR\xd5\xd5v6\x97o\x8b\x9e\xe1I4\xad\xff\xb1O \xf6\xec\x8a\xc6\x1c\x07\x95H\xbf\x29\xd1\x2cd\xb5\x08\xbc\xb6\x3e\xaf\x95\x7d\xda\xb6\x60\xca\xb6\xc6\x7c\xd7\x7f\xfbd\xf8\x8d \xad\x0d\x1d\x1f\xfa\x2f\x5cl\xd7\x0b\xe0x\xfb\xbeR\x9a\xbdT\x8f\xfc\x2b\x2f\xa3k\x00\xa6n\xa1\x16k\xa6\xb0l\xe1\xe4\x7e\x98\x3e\xd0\xe5f\xaa\x97\x8a\x1d\x85\xb5\xa5\xda\x8e\x1d\xfb\xb2\x83\xd4V\xba\xff\x5f\x93\xbd\x00\xfa\x3cMcg\x7f\x10H\xf5\xcdg\x1e\xe7E\x16\x19\xef\xcb\xb5\xd3c!\xa9\x80\xae\x95\xd3\x5bT\x24\xbd\x27\xee\x3c\x1d\x08\x87Y\x17\xc2\xdc\xac\x2f\xd8\xd1\x29\xfd\x05\xa7Xb\xa4\x0c\x8a\xe7l\xd7\xea\x13\xc9x\x93w\x8c\x8b\xc1\x1d\xe5p\xf3\xadu\x06\x08\xac\x04\xa5O\x8c\x9bp\xb4\xc0\xaa\xffe\x10\x89\xfd\xc4\xba\x1f\xe1 \xce:p\xb7\xc3\x3b\x83\xc2\x88\x00\xfe\x05\xa4\xb2\x83\x3c\x3cK\x26\xd2gW\x3e\x92nO\xc8\xcc\x2d\x8de\x92\x7d\xb6\x8a\x81f\x7c3\x18\xd3:\x2c\x1a\x08Xx\x1e\xcb\xf6\xbf\x7f\x12\xca\x25Lw\x10\xad\x86\xb9b\xb7g\x967\xa4\xd6\xe5r\xc4H\x7b\x01N\xaf\x1e\x3e\x3c\x90\xa0\xb9N\xcf\x8aM\x5d\x04\x0f\xa7\x80\xb9h\xc0\x9cf\xae\x0f\xb8\xfe\xec\xe5\xcej\x3c\xd1\xf2\x60\xb3\x90Y\xdbfE\x7e\xb1\xf7\xcd\xb6D\xa5\xfefK1\x9e\x60\x2f\x5d\xdb\x16\xcc\x12\x28N\x00\x11\xa3\x84\x2b\xe3\x05T\x89\x94\xd7\xce\x0d\xd4\x94\xb3\x5c\xd6\x19\x06\xe0 I\xbf1B\xb8\x0d\x97\xef\xa5\xd0ge\x00en\xbb\x7dW\xba\x29\xdd:\xb3R\x8a\x8cs\xa3\xe2\xe091\xf6\xe4\x2a\xf1L\xdf\xfa\x92!\x27\x99\xab\x40\x2br\x90\xc5\x00Ao\x8b\x925\xb2\xf5\x80\xf3\x04\x2a\x5e\x8e\xf5\xedU\x7b\x9e\xd06?p\x04o\xa4\xdb\x2c\xdf\xb3D\xac\xb3\x07\x01\xdd\xc3\x8f\x0c\xb7\x89\xc8N\xa2h\xcb\xfbzK\xd9\xb7\xa5\xcd\xfdy\x24mc\x16\x06I!X\xe83\x86\x1dxAZ\xc7\xd0\x5f\xa5\xf6\xb8\x27\x80\x22F\x0e\xb6\x1b\xc1\xc2D\x2b\x97\x02\xea\x00\xc1\xe3\xd7\x3bxS\xd8Qh\xc7\x7d\xf0\x07\x14\x25\xdb\x3e\xbb\xb7?\x97\x9b\x29\xdc\x3dXs\xd4\xd8\xe3\x10O\xe3\xd4\xe7\xec\x10\xdaG\xe6\x2d\x29\xbe\x7c\x96\x12\x8au\xb7\x3b\xbfYL\xe3\x29A\xcar\x9e\xf03i\x2c\xbe\x07G\xf0\x3b\xd3\xfb\xe3\xdfum\x7f\xd3\x83\x1fG\x0cx\xa05\x5f\xc0b\xf6\xa5\xea\x2dSl\x5d:\x02\x25\x0e\x99\xb7\xeeN\x0f\x3dM\x05\xef\x19\xf4\x0e\xaa\x7b\xa9\x0e\x0bpq\xa1\x81\x99\xa3Jk4\xfe\x17K\xf7\xbc\xa5\x0d\xb5\x07\xb9sW\x8a\xb2\xf0\x26\x7b\x91\x10\xe6\xb6\xc8\x00y.\xe8l\x08!\xe0\x9d\x0d\x60\x99\x0d\xde\xf2\x1d\xfd.\x1a\xebq\x29O\x3d\xd7\xbe\xd7\x9b\x0a\xafF\x83\xd4\x1a\xb7\xe9c\x91\xf6\x96\xa3\xd5Nm\xc8\x2a\x09B\x27\xb7\x3e\xf1\x05\x0f\xe0d\xfe\x8a\xad?\xa6\x0f\x83\x27\x2b\x8f\xe8\x1c\x07\xd8\x00\xc9Y\xcf\x8e\xd0 \xaa\x9a\x3d\xfc\xd0\xee\x93\x00\x2c\x99v\x7b\xcc\x8bg\xeeO\x0e\x86\x29ho\xac\x5b\x3d\xfe\x3c\xaa\xfa\xdb\xe0\x7e\x98\xedg\xf9\xfb\xf9\xdb\x96\xd6\xb5\xff\xe0\xd9C\xd0\x5e\x7c\x1a\xfbse\xe9\x5c\xc3\xe3\x7c\xa3\xf3\x90\x96zD\x40Z\x92\x40P\xf3\xb70\xc4\xdf\xbb\x9f\xc3\x90\xd0X\xf5\x14\x10L\x94\x3b?\xea0\xdez\x84\x98\x80\xe6\x5en\xf2\xb3\xc39cE\xa89NDq\xe8?\xe9\x84\xa3\xab\xa2x\xc3\xd3\x2c\xd0\xd1y\x5f\x26\xe3\x07!\xbe\xafN\x97l\x0f\xb3\xf0W\x029\xd2N\xc2I\x5d\xcb\xa0\xfdpS\x1b\x7d\x05\xff\x04r\xd5\xc1W\x22YmDy\x09\xca\xe5U\x25\xdb\x9f\x16X\x0b\xaf\xc5\x00\xd9\xdfR\x5e\xc9mc\xda\xbd\x02\x148\xed\xd0\x83\xac\x05\xbav\xb8Ees\x09\xb9wP\x23\xac\x07K\x8d\xda\x123\x82i\xef\x94\x2an\x97y\xc7\xe7\xc3\x40\x1a\x94A\xd3X\x2bJw\x1a\xbf\xbb6\xbe\xd7\xc3\xc4\x13E\xbb\x09\x17\x0a\xb8d\x01\xbf\xe6\x2c\xfa\x90\x95\xf7QH\x9b\xae\xb1\x82A\x8b\x1e\x00\xfd\xbd\xf5\x86\x87\xfc\x04\xbf\xe1\x2f\xf6\xae\xf1\x1fv\x29\x81\xac\x7b\xa8\x04\xd7\xa8\x3d\xb7\xad\x5e\xc6\xef\x06N\xdd\x9b\xe0m\xa4b\x17\x92\xfd\x2df\x8an8\xdfr\x92\xea\xe1\x06\x1a\x28\x2c\x90s\x9fT\x13Y\xfe9\xcaC\xd3R\x1a\xd8!z9\x3b\x10\xf3\x05\x1c\x95\xbb\xfag\x08\x19\x9ey\x12\x00\xaf\xcd\xcb\xf0\x02\xe2Q\xb4Pj\xdat\x26V.rP\x85e\x9b\xf1\x85J\xfc\x13\xa9\xe2\x7fV\xeb\xae\x03A\xba9\xdd\x1cm\x5b\x3b\x89\xdc\xc3\x81\xd4Gc\x0f\xb7\xef\x05\x0a\xfcO\xfd\xbe\xdb\xff\x1dDJ\x0e\xb6c\xd7\x09\xd1\x8c\x184\x2cp\x9d\xa2\x00\xfb\xf8\xe1\x86\xca\xc3X\x0a\x26Gi\x07\xee\xe9\x10\xcf\x9fR\x7fF\x5f\x12\x60\x26\xcb2\x8a\xe0Dz\xb4\xa3OTZX\x02\xa6\xa1\x2f\x95\xf1\x3b\xeb\xc5\xb4S\x13\xaao\x0fa\x87N0\x1a0\x87\xa4U\x03\xe0\x5d\x09QL\xc5\x5b\xbe\x5f\x00p7\x26W\x97\x14\xf9d\x7dT\x02\xb6p\x0e\xbaf\x8b\x2c\xb1\xa6\xff\x00\x96\x0b\x87\x5e\x14\x8eHVS\x08\xd0H\xe1\x8bY\x1a\x1d\x17y.\x16\x8e\xca\xb9\x5bJ\x02\xaf\x96\xe7\xe5\x9f\x81c\x23\x7f\x03\xa4q\xe2\x8e\x8e\xc8\x5bV\x035\x8c\x0c:\xb2\x0b\xe3\x22aK\xdaz\x06 7\x9dpZ\xfa\x22\x5f\x92\x1a6 \xdd\x5e\xdc\x92\xba\x8a\xfe\xab\x28\xbf\xd8\x3b7\xaa\xbfi\xa6\x05?L\xb8l\x11\x94\x08\x1e\xe5dj\xd8\x2a\x80\x2c\x9d\xc0\xd3\xc8\xed\x1dE\xec\xf0\xdbwdh\x8c\x23b\x9e\xdf\x05\xa9\xeeK\x7f\xb83\xe5\xcchb\xea\xb1\xcc\xd5\xf1\x1b\x2f\x0c\x7c\x1eZ\x1d\x11\xe3Y\xe4\x23\x7ef\x02V\xc4\x94r\xb1\xb6A\x26\xbc\xa3p\xb2\xf0\x91\xec\x24J\x07\xf8\xa5n\xf5P\x27 \x1ej\xb0W\x1b\x9e\xcc\xe8\x8b\xee\x3e\x94\x2f\x7c\x7bzV4\xf1\x23\x8e\x1e46\xfc\x90\x85\xd4\xcb\xdb\xa5\x3d\xf4Q\x95\x29\x22\x11G\x5dC\x40\xab\x85\xa6\x87\xbe\x7f\xfb\xe9Ja\xee\x9f7\x3eC\xfd\x7f\x05\x08\x8c\x0er\xb0\xe1\xfd?\xe3c\x9d\x13\x99\x092\x84\xf8a\x8e\x82\x0aZ\xfd\x1c\xa5\x0f\x2a\xe9\xd7\x5d\x8e2UVBv\xf7\xb7\x1fl\xf6\xe0\xcdV\x2c\xc6\xd9W\xe1\xfc\x19\xdc\x14\x81i\xc5i9\x2d \x3c\x0f\x7f\xef\x28\x28\x19u6\xa3\x26\x15\xaa\xe4O\x83l\xbc\x15uY\x17\xe1\xf1m\xc4\x25.2\x03\x85\x166Z\xd7\xb9\x2dR\x81I\xb0\x08\xa1\xd2Q\xedr\xdd\xed\xb6\xaf\xfa\xe9EOL\xfad\xd8\x9b2\xa81\xd2\xf9\x86\xfd\xefS\xaet\x91\xaa\xf1\xcc\x02\x0d\x7e\x7bz\xad\xc2no\xed\xb8\x12\x25\x93\x5cLa\x9f\xadY\x7d\x05\x81\x97\x82\xf7\xb4\x94\x9a\x2a\xbe\x06\xc2\x85\xc2\xf9z\xd5A\xf5\xe0\xff\xc9U\xa8U\xab\x8f\xd3\x9e\x40q\x98\x15 \xb6\xda\xc8\x17l\xe3\xda\x14\xe4\xc5\xbe\xb8\xfa\xc1z\xf8Rb\xecw\xb2\xfb?\xaei\x7em\xc2\x06\xa7\x05\xa7\xb6k\xa4\x1f\xc9\x80\x3d\xe2\xbc\x82\xcb\x80\xabi\xacD\x24\x17\xb5\xe7\xf7X\xa2\x07\xb5\x124\xb8\xb8\x81\x7b\xfd\xb9\xdd\xb4\xe6v\xed\x88\x98M7P\xee\xf1\xb0\xb5\x5cDdo\xe4x\x40G\x1c\xe9\xdb\x1bh\x17j\x09N\x19\x1e\xe0\x7cq\xed\xf2\xe4W\x83\xb49\x7b\xb73\x87\xed\x86\x85U\xb34\x3c\xada\xf2\x18wXI\xd8\xfbl\x15\x9d\xec\x93\x07\x2b\xf5q\x2f\x06c\x8d\xfb\xf2\x3b5Z\xdbW\x9a\xd1\xdb\x87Ti\x2ck9l:\xcef2\xa5QVe\x1c\xeab\x237\xcc\x95\x15H\xca?\x3ez\xbe\xafT\xea\x89\x89z\xb0\x5f\xe3d\x97\x8a\xac\xe0d\xe06?\xb7\x02\x11\x0c\xe3\x8a3\xe72\x8a\x8f\x5c\x13B\xed\xe5F\x5f\xc0\xf8\x22\x7dZ\xb8H\x044\xae\x9d\xba\xf6\x9c\x80.\xaczIa\xa0k\x8f\xb2\xe4C\x60e\x16\xe5\xd4\x12:\x89O\xd2\xd5\xd4\xc6\xdf\x0d\x07\xa9\x1czfF\xb6\xb2\xcd\x9a\xaa\x7d\x1b\x81\xbc1T\x80\xa6\xd5\xa5\xcc\x1cN\x29Q\x80W\x93\xcf\x01\x94\xder\x3e\x0f\xdb\xf4V\x29\x2b\xf3\x1c\x15\xbb\xf2\xe2\xe7\x90\x87HX\x1e\xbb\x16\x2d\x02!\xc9\xc2\x07\x17\x08\xe9\x0a\x06\x86?\x15\xa8\xee\x18V\x09\xc8\xbe\x02E\xbe9\xdf\x0e\xc7\x88n \xb7\x8b\x25\xd3\xbc\xa3\x9c\xabQ\x2b\x1d\x80\xc2\x1bM\x155F\x99\x5b\xc3o\xad\x5f\x5c\xfa\x8c\x08d\x0a\xfa\x7dbc\xd6\xf5\x163\x9dg\x27\xee\x1c\x8a\x3d\x85\xa5?\x97c\x90x\x28W\x96\x95\x8du\x04.\x2c\xf5i\x26\x90\x99\xc7\xaf\x94Kh\x0aA \x2b\xbcF\xf1\xac\xa0\x94\xa6\xf1\x0c!M.X\x24\xaf\xac\xdf\xc8\xb9\xaev\xb1\xb5\x5eKS9\x18\x1f\xd9\xc6\xfa\xb07\xa0\xecI\x5e\x99N\xe3y\xc2\x7d\xb0\xaeN\x03h\x1b\x93\x02\xb9\x80\xc2\x0bH\x25P\xedf\xbcj\xd8\xc9\x83\xa2\x22s\xc8\x0bm\x86\x12\x40yC\x09\x95\x13\xf2m\xa5\xfb\x2a\x95\xd8\x19J\xcarnf\x16\xe8\xfe\xc8\x1f\x98B7q\xe9\x7e\x60\x1a?\xbb\x14!cV\xc4\x23t\xaczr\x02Q\x1ed\x10\x28!\x84\x96\xe2\xf0\x2a\x60\x2b\xf2\x96\xe0\xef\xa3Qn\xb0f\xc6\x5f\xac\xe6\xc2di\xca\xe7t\xf2\xff\xdaR2i\x90\xeb\x3e\xd3W\x2b\xb6?r\xf2\x90\x06Orp\xc6\x3dy\x10\xa1\xd7\x7f\x27\xe9\xcc\x8d\xde\xdc\xfb\xdb\xc3\x95\xe0j\xeb\xe4\x9f\x5e\xc3\xea\x2dK\xc8\xea\xe0\x12\x2d\x86K\xaa\xa1\xeb\xd5\xa69\xc7\x3c\xf7\x11\xff\xf8\xb8W\x28F:\xb9\x87\x08\x1ay\xb1\xf4\xaa\xc4t\xecv\xad\x88\xb7EH\x088F\xa4\x83\xecY\xf0\xaa\x1e\xd0\xc6\x26\x13q\x264W\x2f\xaa\xfeI\x7f\x7e\x82\xadS\xd3Iy\x93\x04\x85\xc7\xf0\xa4\xd4Z\xff\x9c\xc2\xb2r\x0f\x06\xef\x7d\xa2\x05\x3e:I\xcc\xea!\xbaj6\x14Xj\xad\xe8\x0b\xb3\xbc\xf1\xce\xd9\x0a?\x2a\x3d\x80\x90\x18l\x5d\xec1\x90v\xa8\x92\xa5\xf9\x5e\x25\xfa\x9a\x87T\x91\xe7\x7f\xb6\x9b\x89\x0b\x9a\xf4\x3d\xbb\x5d\xc8\x86\x0a\x82\xbb\x8e\x88\x13\x959\x29\xdfM\x9aq\x7d\x0d\xca\xfc\x91\xd5\x95\x83\x2c\x2d:\x90U\x2b\x1aZo\xce7\xc8\xcf\x1b\x7f\x0fc\xb2\x0dS\xaf\xc9\xd3l\x25\x9d\x5c\x2c\xe8\x97\x29\xb3HV\x1dU\xdc\x06\xc1R\xe59\xe7\xa8U\x1bj\x91\x22 \xe1Vr\x8d\x15Q\xb6\x2comP\x8c\xcf\xf5q\x9dw.nk\x26\xdd\x0e8Y\x17\xe7X\xdb\xde\xa8\x7cH\x83W\x10\x12\xff\xd5N\xb69\xf7\x1d\x17NA\x7b\xe9\x95TX\xb7\xe3\xd1D\x7e\x8e!I\xae\x5f\xc9q\x25C\x16\xe5\x96\xa7\xe1\xf8D\x8d\x1b\x87oJO\xb3\xf0\x95</data></match></read>
    <write><data>1\x0a</data></write>
    <write><data>5\x0a</data></write>
    <write><data>12\x0a</data></write>
    <write><data>sjcltnWhxyQu\x0a</data></write>
    <write><data>163\x0a</data></write>
    <write><data>glossographer ryukyuan stagy cheerlessly veneering unscrupulousness slobber pirogue honored cholecystitis longsuffering contractility birthday fricassee lobularity\x0a</data></write>
    <read><delim>\x0a</delim><match><data>Added signature to database</data></match></read>
    <write><data>165\x0a</data></write>
    <write><data>openwork enlil quash polyphosphate sink puffball stoneblind redistribution gerbillus flection burdened indebtedness backwoods effortlessly causa duralumin curettage </data></write>
    <write><data>253\x0a</data></write>
    <write><data>beneficiary incision conglaciation amphidiploid casuarinaceae solidified confluxible indiaman mediant causes befoul bees pacatolus sprit glowering sons espial quash happen pinnotheres bantu sagittate vane rancorous equanimity alcea gelignite gloominess </data></write>
    <write><data>261\x0a</data></write>
    <write><data>deparia matrimony lampe bucephala cumulonimbus handcar waw architectonics csorcery incipient cut glossographer ryukyuan stagy cheerlessly veneering unscrupulousness slobber pirogue honored cholecystitis longsuffering contractility birthday fricassee lobularity </data></write>
    <read><delim>\x0a</delim><match><data>sjcltnWhxyQu \x2d SEVERE \x2d c89c85cb</data></match></read>
    <write><data>472\x0a</data></write>
    <write><data>glossographer ryukyuan stagy cheerlessly veneering unscrupulousness slobber pirogue honored cholecystitis longsuffering contractility birthday fricassee lobularity plunder relevantly shocking highflier aeromancy undersize terpene oration glossographer ryukyuan stagy cheerlessly veneering unscrupulousness slobber pirogue honored cholecystitis longsuffering contractility birthday fricassee lobularity sppiritual dimensioning scooter autarchic trademark lovers unequipped </data></write>
    <read><delim>\x0a</delim><match><data>sjcltnWhxyQu \x2d SEVERE \x2d c89c85cb</data></match></read>
    <write><data>234\x0a</data></write>
    <write><data>glossographer ryukyuan stagy cheerlessly veneering unscrupulousness slobber pirogue honored cholecystitis longsuffering contractility birthday fricassee lobularity meaning protoarcheology introspective epanalepsis bewitch selfcounsel </data></write>
    <read><delim>\x0a</delim><match><data>sjcltnWhxyQu \x2d SEVERE \x2d c89c85cb</data></match></read>
    <write><data>0\x0a</data></write>
</replay>
</pov>