<?xml version="1.0" standalone="no" ?>
<!DOCTYPE pov SYSTEM "/usr/share/cgc-docs/replay.dtd">
<pov>
<cbid>service</cbid>
<seed>c13e069d18a94513c5e921515d315fb6e6b3d5030c81a01f3cb50405a7e38b5308a7c3d138ab357c0e5b581232fa1414</seed>
<replay>
    <write><data>\x7e\x04\x12\xeb</data></write>
    <read><length>4096</length><match><data>\x7e\x04\x12\xeb0\xd9S\xfb\xb9\x9a\x14\x2fH\xb6\x5d5\x11VF\x8f\xe9\xa2\xe9\xd7\x5e\x0el\xbf\x5d\x8f\xd3K\xfd\x40b\x9dy\xe5\xce\xe7\x09\xef\x91\x80nQ\x92\xe9KK\x9c\x9e\x26\xa4\xca\xe9\xb06\x3d\x25\x97\xbf\x9c\xe5\xc5\xa8\x7c\xc0I\x04 \xf5\xb5?\x11\x0aE\x887\x1b\xe4\x17c\xea6\xfb\xe6\x17\xf8\x7e\x23\x9av\x40\x9c\x1c\xda\xc0\xda\xd2M\xff\xcb\x5b\x26\x80\x60\xee\xf9\xdb\xa1\xa5n\xac\xfc6S\x8c9\x8a\x08\xc5\xd1\x29\xef\xce4d.\x84\xc6x\xf9\xdb\x2f\x2bZ\x29KT\x1c\x03H\x40\xf5\x92\xc8\xb5\x8f5z\x14\xaff\xd8T\x85\x87\x0b\xb4\xa0\xc2\x15\xcf\xd7\xa8\x18\xe7\x5e\xea\x2c\xe1\x8b\xe3\xbb\x2a \x8d\x10\xa0\x0e\x87\xdcex\xeb\xcf\xadq6\xe3a\xdezw\xe8\xbd6\xa3jg\x3d\xb9\xd24V\xa7\xe0\x3em2V\xe4\x11\x7b\xd12\x23a\x909\x90D\xd32\xbdW\x5d\xfcj\xf6\x7b\x80\xf5K\xcb\x93\xd1\x1cD\x02\x11\x8eeS\xab\x0e\x8a\xff\x91\x81o\xdc\x23\x28H\xde\xb8\xc25\xfd\x81\xfcLI\xfe\x40\xfe\x18\xb3\xa5\x14K\x82\xd5K\xa9\x7d\x3b\xd9\x9eh\x0e\xdf\x16\x7e\xd2\xbc\x87\x3c\x8cB\x98\x23g\xce\xd0\x05\xba\x25o\xb2\x8e\xb0\x16\xb2\xd5\x8eMYd\x066\x0e\x96\xe1\xea\xea\xaf\xc3\xf6\xde\xda\xf4D\x7b\xf5H\x0d\x9a\xae\xea6\xda\xbe\xa5\xb4\xf0\xbeC\x22?\xee\xea\xbe\xc7\xc2\x13C\x07\xb3\x91\xbb\x12l\xc0\xaa2z\x26\x3b\x07\x82\xb2o\xf2\x3d\x86W\x10\x87\x85\x9eY\xb3\xa5\xc6\xee\x92\x825\xeewPoG\x0bT\xc7\x19\x94\xb6\xa6!\x9a\x1cB\xca\xbeU\x3e\xe7B\xe1\xd3\x7d\x82\x91\xdb\xfa\xf9\xa2\xcf\x94\xc0\xff\xa8\x97\xf0\xdb\x13\xe0z\x80\xf2\x3ds\xa5\xa5T\xee\xc16\xc3\xdd\x81e\xdd\x19\xb0\x82\x0a\xef\x91\xdf\xf7\xfcZ\xeb\xe3s\xa9\x7f\x1e\x02\x27\xd0T\x9e\x2dI\x0e\xdf\xa0\xac\xd7Eh\xe0\x60\x96\x2b\xc38\xaer\xe7\x24\x5b!\xfc\xcf\x11LP\x13\x0f\xf2\x8f\xec\xe0L\xe3\xeeg\x1e\x40\x7e\xe2\xd3\x899\x82\x82\xd8\xc7\x9db\x9dt\x2b\xa2\xcc\xee\x2c\xa20\xb3 3\xddc\x96\x3d\xc5\xff\xceZ\xc8\x98\xcc\xf6\x26o\xe8\xf1\x0f\x17\xa8U\xd7\xaf\xb2\x1d\xde\xfb\xd3\xde8\x09l\xd4\x99Z\xe2\x16\xa8B\xc1\x8f!T\x80\xed\x80\x5c\xea\x0c\xd0A\xfbl\xee\xca\x5d\xb5\xa6hi\xf0.\x00mU\x94\x08!\x18\x192\x2f\xa5\x01\xba\x1aB\xd6\x3d\xcb\xb3\xc4\x2b\x24\xb5\x05dE\xcb\xe4Gg\xdc\xc5t5\xa2\x9d\xc6r5\x223k\x1d\x10\x0ff\xb7wt\xdf\x2bcl\x02\xf8\xafH\xe2z\xbbD\x9b\xcb1\x06k\x05\x8d\xd39\x956\x85\x0b\x82\x84\x05\xca\x26w\xa7\x0a\x80\x86\x95\xedW\xfeeX\xc9\xd5\x88I\x03o\x8d\x18H\x9a\xa2S\xa1\x03\x15\xf8\x28\x5c\x91b\x3d\xdd\xbe\xe3\x9b\xcd\x01\xc6\xa2\x1f\xceLx\x7f\xae\xf0\x88k\xa2\xb7\x8a\x97\xf3\xe300\x8c\xdd\xa71\x40\x9c\x89\x18\x81l\xe1\x95\xeee\x90\x2d\x1c\xc4:\xfc\xc1\x40\xd9\x06\xda\x5b\xd3c\x7e\x2c\xe2\x14Y\x8f\xe0\xd4\x1cD\xc2\x95.CG\xd4\x02\xde\xc3\xdf\x60\xc9\x0c\x9d\x25\xe0\x95l\x1f\x9a\xd2\x9dV\xe4\xfb\xeb\x1c\xbcxE1\xd7\x0a\xbb\xe2\xf9\xfd\xf3I\xea8\xf0\xcd\x5c\xba\xb1k\xe2\xf6\xe9\x60\xe1lb\xb0\xf5\x259\x5ff\xa7\xcb\x1dCS\xdd\xee\x8eC\xe8\xe8\x162\x98e\xc8A\xad\x05\xec\xbf\xe2!\xd6\xfa\x18\x14\x82aH\x8e\xe5\xb3\xfb\xa1\x95\x5eK\x17Z\x03\x7d\x84\x01\xd0\xfa\x10\xc2\xc1\x04\xc2\x96\xaa\xea2\xf8\xbb\x60\x3c\xc4\xff\x8e\xb5\xd8\x7e\xd0\x5c\xf8S\x08\xfb\x7f\x85\x8a\x95\x82\x5f\xae\xe2\x2a5\xba\x86\x15\x8e\xc6\xf0W\xa7\x0d\x858\xa4ig\xac\xfd\xfeO\x5d?\xa2\xe3\x7f\x3dg\x26W\x1e\x81v\xe7\xb5\x82p\xca\xab\x5dr?\xc3\x11\x82\xea\xd4\xad\x97\xfb\xee\x87\xde\xab\xe6\xb8\x296\x2c\x7e\x0c\x7fa\xf3\x07\x60\xb3Z\xf1E\x00w\xd7\x3e\x22Sg\xb2?\x2b\x23\xe5\x7c\x86\x3e\x22\x950\x3d\x17\xce\xa5\x14\xcf\xdf\xbd\x2d\xd1\x90\x10\x857\xf8\xfc\xb1\x99\xe6\xdcE\xe4\x0c\x89\xffOP\xbb\x01\x2d\xb58C\xfaD\xcf\x27\x26\x90!\x7e\xcc\x8d\x9d\x8d5\x7b\xe0\xe9\x02570\x00ZQ\x0b\xd5\x02b\xb5kU\xbc\x0fQ\x7e\x29\x15\xc2X\xd0\xc6\xf7\x5e\xab\xe3l\xc3\xdb\x8a\x0cH\x7c\x0b\xb8\xfb\x7d\xef\x19\xb6s\x16\x02\x0a\x8f149I\xb8\x8f\x01\xbd2Mi\xd9\x93\xcd\xbe\xbe\x1f9\x24\xc0RC\x0b\x9e\x7d\xdfT\xaa\x1b\xdb\x96o\x7e\x00\x00\xf7Y\x9c\xc1\x1bK\x18\xcf\x918\x94\xe2\xe8N\xcb\xeb\xf1\xf2\xddX\x0ckk\xbdBS\x28\xc7\x95\x90\x2a\x09\x40\xe2\xd7\x8a\x9d\x05\xb0\x1c\xc1!\xe1\xe0\xb6\xb8\xc5\xd8\x7d\xf4\x9c \xc3\xe4\xbd\x03\x858\xf2q\xa0\xdcM\x00\xc9KT\x2d \x12e\xfbx!7\xf7ckQ\x03K\xc3\x98\x16\x955\x19c\x5d\x27!\x04\xd7\xcb\xad\xe7\x91\x89ks\xa1\xc2\x8co\x2a\x3cp\xdd\x7c\x8eh\xa9L8\x3d\xce\x257\xe0\x2d\xa6\xad\x11\x81\x7d \xe9\xfa?Y2Y\x0eu\x96\xf2L\xce\xf5\x9ds\xf6\x16\x28P\xd9\x7e\xaac\xban\x8c\xc7\xf4\x0b\xd3Y\x7fg\xd3X\xa8\x09\xe5L\xbfw\xec\x02\x1c\x2d\x2c\xdaK\x0aHL\x97\xab\xb0r\x24\x2d\xb5\xcf\xc2\xef\x90\x91\x2aV\xe0\xf4\xd3\x851\x00\xff\x00\xc0\xe7\x14GY\xf7qJq\x5c9!\x86\xc2\x96\xd3Z\x91\xc1\x06\x40p\xe0\x90\xc2\x5e\xe90QPK\xb8\x0bgi\xe3\x3b\xc4Y\xb9\x8bP\xc0\x7d\xbdP\x87U\xbdc\x95\x24\x10D\x07\x80\xc3\x3b\xc8\x1e\xf4\xbc\xf7\xcd\x19I\x94\x8aju\x91\x5b\xe5\x40\xb5F\xcf\xda\x93\xe6\xcc\x08H\xd4\xc01\xf0n\x02\xbb\x7f\xa3\x18T\x2b\x8a yPl\x7e\xa5\xb4rZ\x3bb\xff.Q5U\xc4Y\x92\x1d\xf2\xeb\xe3Q\x40Qx7\x2d\x88k\x2f\xacu\x04\xf3\x019B\x934\xad:\x06V\xee\xd5\x8eJ\x04\xad\x3d\x5c\x91\xcd\xe2B\x99x\xc5\xe5qR\xb9\xc9\x08\xb0\x00\xd0\xa6Ku\xe1\x5e\x10\xd8\x3cv\xf1FS\xa68\xf7\xbc\xdd\xbfS\xbaZD\xfcL\xd5\xb5\x1b\xa2\xfa\xf6qNZ\x7d\x7d\xa7C\xfeo?\xeet\x28\x19vk\xb1\xc7\x95\x82\xa0\x8a\xfd\xc7k\xa7\xe8\xf6\x1d\xd25xz\x9e\x86:\x91wh\x1d\xdf\xf1p\xa8\xe1\x89\xef\xce\xf8\x22\xc9\x944\x99\xcdyw\x40l\xa1g\x03\xd8O\xd6\xa0\xdeg\xf5\xde5\xb3\x22\xa2h\x18Z\xf3\x99I\xbbJ\xfc\xbe\xaf\xf2\x0cE\x9a\xb86\xfc3\xae\xf4\x0f\x16f\xca\x85M\x27\x9c\xec\xf9\x5d\x24k\x0b\x7e\xf0\xca\xe7\x09\x85\x04\xf8JN!\x08\xe3c!S.Z\xbb\x8a\xe4A\xfe\x88\x7f\xa0R\x18\xf4\xe7x\x2438i\xfc\x5f\xfbK2\xb6\x80\x2f\xe9\x19\x5b\xadF\xb2\xcf\xa9\x19\xafK:\xf7z\x98\xf7Z\x9f\x05\x06\xb9\x13\x17mu\xe1\x60\xcb3\x11\x23\xa6t\x99\x17\xaeL\x00\x00\x8b\xb1\x01\xf9\x3d\x26V\x17\x05\x0d\x3d\xf8NvC\xd4\xb0h\x9a\x3b\xfe\xac\x3d\xd3I\x18\xec\xd3\x2c\xc8.Uikk.\xe1l\x87!\xdd\xd0\xa2\x9d\xafK\x1dZ\x0f\xc5K\x2f\xfb \xd3\x1f\x7c\xefG\xb9\xca\xd5\xc6\xdbL\x86\x00\x7ew\x5e\xff\xabR\x02\xb0E\x91\x28\xa0x\x868\x1c\xa3\x23\xd8\xdf4K\xa6\xf5\xd5\xf1\xfc\xa8\x8a\x18\xc7\x1c\x8b\x81\xd8\xe5S\xf9\x83\xa0\xe76\xf3\x92o\x8c\x2b\xbe\xdb\x90\xea\x7eQ\xfc\xc1\xc5\xdf5\xf5\x1f\xb7\x5b2\xcde\xa32\x7d\xe2\x08\x24\x01\xafN\x3c\x17\x01G\xa4r\xe2\xfe\x95H\xc8I\xc1\x89\xad\x2f\x92\xf0\x26\xb5\xf3I\xcf\xd5\x60\x00\xf5\xa0\xe6\xf8\x963\xfe\x9f\xee!m\xe6\xfb\xc4\x26\x7f\xd8\x7f\xacKL \xfe\x1fa\xc6\x0fg\xd3\xe8x\xb0\x24\x0bVd1Fe\xb6\x11\x2d\x5f\x3e\xa9\xf4eT\xfc\xce\xcb\xf8\xffK\x25\x13Z\xeb\x9a\x9b\x2c\xdb\xf7EWy\xa7\xa3\xb0\xb4 \x93h4\x26i\xdf\xab\xd6\xd1eM\xae\xe48\x2c\x12T\xab\xbd\x1d\xbdC\x0a\x8b\x9d\x98\xee1dI\xc5\xec\x0c\xce\x03\xbd\x3e\xcf\x14b\x98\x18\x16\xa6\xc3\xbd\xa5a\x9c\xecT\x28\xbf\xe0\xbe\x5c\x9f\xb7\xd6\xfcb\x5b5\x91\xe9e\x81O\xd2z\x1e\xcce6\x0a\x1b\xb7v\x14\xec\x23\xbe\xce\x14\x8e\x04\x7d12\x18\x26V3\xc0\xc0\xac\xcd8\x3e\xf1H\x104\x01\x94\xc5\x2b\x93\x88\x5cP\xeb\x0a\xd5f\xec\x02\x0d\x03L\x5d\xf8\xad2I\xa6\xef!\xec\xfdW\xcb\xb3\x04\x9aD:6\x90\x97\x3d\xdc\xefBl\xce\xfb\x13f\xf7\xb0\xdd\x9a!\xa0\xff\xfd\x11\xac\xfc\x04\x2a\xd9\x8b\x80\x7c\xdb\x15\xa9\xfd\xa5\x0f\xb9el\x89\xa6P!\x93?D4\x82\xc7\xe3N\xaa\xdf\x91\xb0\xb5\x86\xf2\x96s\x89\xc04S\xca\xee\xf5!w\x02CJ\x00\xc6\xb9\x9aa.I\x1b\x84\x9c\x23I\xd0\xb2\xea\xa6\x10E\xbe\x29\x7c\xf3\x1c\x2b\xf1\xbb\x9b\xb9\xbec\xc7\x17\x7e\x12\x5e\x25\x16\x2c\xfe\x89\x3c\x0e\xfd\xb9l\xbcI\x10\x7e\x8a\x9e\x9c\xc2N2\xe4\x7eVw\x1e\xaet\xc9\x7eQ\xb9Wf\xd3R\x2f\xcbG\xa1\x04\xc5\xdb\xc7FV\xc4\x11\x5d\xfcb\xf3\x15\xce\x8c\xa9\xe4m\x7d\xf8?P2\x2bu\xff\xa5\x94I\xc4E\xcc\x7e\x23\x3b6\x1f\xde\xd4\xfc\x84\xbf\x9b\x40\x87\xda\xc9\x2b\xda\x29\x02\xe6\x134\xa4H\x3d\xf1km\xb1\x063\x02RE\xd0x\x5f\x1c \xfbN.\x0b\xcd\xb1\xb2!\x13\xc8\xddf\x5b\x1e\x10\xbb\x98W\xe1\x1ew\xc4\x93J\xd1\xb0\xffQ\xbd\xae\xaa\x86\x2f\x22\x2f\x9fl\xa5g\xe9\xf6\x5e\x13\xb5T\xfe\xc2Gs\x83PX\xff\xf52\x5f\xe99U\xf2\x97\xf1\x3d2\x03\xf6\xc3v\xa4VaR\x2f\xec\xcc\x27b\xe0Z?\x1a\x07\xc2v\xbe\xdca\x15\xcfY\x9e\x2f!V.\x9a\xd8\x99\xad\xc0\xe5d\xf8\x5e\x19\xd3\x17\x40\xb1\x82\xbc\xd9y\xe3\x03\xf7\x7bV?\xda\xc5\xdb\xa7\x01\x5c\xfe\xb5\xb0?\x08\xcf\x94o\xa0\xc8\xba\x13\xbdc\x0f8\x3b\x0b\x2f\x1e\xe2\xe0\x95\x9e\x1bq\xb3\x7b\xf8\x04\x1e\x89\xbd\x7c\x17\xa7\x0e\x9a\x9fvNy\x1d\x28\x29\xb8\xb8\xb5\xfcU\xb91\xbedn\x84Id!\x5c\xb8\xc5\x82P\x9f\xa3u2\xd9X\x15\xe0gH\x15\xf1vb\xf3\x98\x07\x18\x29\xf2\xb6\x5d\x7d\x9f3.\x02\x99\x97J\x99eS\x09p\x9d\xe6 \x16\x8a\xc5\x9b\x1d\xf5\xb1\xa3\xb7SaH\xd0X\x09I\xdd\xc4\x9c\xd8\x0b\x9e\xb90\x10\xcd\x3e\xba\xc0N\x02\x17d\xc3\x7e\xd6\xdd\xac\xaa\x3d\xf1\xa2Xj\x01\x18\x3d\x22\xae\xdf\xc1\x07J9\xca\x84S5\x08\xc9\xcf\xa1\x10r\xc9\x8a\x7d\xbf\xee\xba\x5c?p \x81O\xd6L\xe7\xde\x8b\x2c9m\xa0\xfcr\x9bAz\xb1\x40\x0e\x60\xe2\x94\xfa5B\x16\x81\x1aS\xbb\xe5\x8b\x5b\xafm\xf1v\xb3\xb9\xc9Z\x27\x3e\xec\x16\xa1\x40\xd3\x1f\xfb\x90V\x15\x92\x5d\xe8\x9d\x8fF\x23\xb3\xfb\x95\xf2\x97\x16\x91\x1f\xe8\xfb6V\xa0\x18\x7b\x27W\x60\x13\xfc\xe7\x3e\xefF0\x84\x5d\xe5\x97\xba\x8c\x0dq\xc0\x09\xf1\xf2\xa6\xfd8o\xa9\x5fiOT\xdc\x02p\xef\x91\x99\xecin\xe26\x99\xc8\x05i\xb1Q\x02\x5b\xf7\xed\xce\x96\x9f\xe4\xf6S\xd2\x9ddyh\x9dkG\x82\xa6\xf1\xa2T\xea\x00\x80I\x5eZ\xbfp\xb7\x5dZ\xc9\xeb\x90\x05fr\x3d\xdb\xa96\xa8\xd3\xdb\x1e\x19\x90\xfc\xa3Y\xd2\xf2\xb2d\x15\xec!\x22\x9d\x22\xbe\xa2\x00Z\xa7tE\xbd\xd2\x3cN9\xe3\xe5.t\xfe\xae\x1b\x28\xd7cH\xf0\xb6\x0cVF\x83\xaa\x8f\xbc\xf9J\x5c\x8cJ\x90\xd2\x7bmVp\x00\x1b wM\x03\xc5\xa0\xfc\xf7\xfc\x97\xfb\x0fvb\x903\x97\xa6\x2fw?8\x08\x10\xc6\xe7\xef\x9b!\xd7gr\xfcd\xb11\x2bo\x8e\x88\x23x\x93a\xcb\x28\x95\xe1q\x97\xcb!.0\xab\x8br\x18t\x93\x9d2\x5c\x60mQqy\xf1\x3e\x9d\x8a\x2b\xbf\xaa3\xc3\x5b\x97\xd1\x06\x01\x5b\x5c\x7fL\x2a\x0f\xe2oI\xdf\xa2\xe9A\x3c\xb1\x8f\xb3b\xe5\xf3\xda\xf9\x99Y\x9bN\xf7 \x12dN\xea\x1e\x9c\xacG\xdf\xe3\xebml\xb28V\x05U\x93\x5c\xe9\x7d\xe7\xa4H\x04\xa1\xcd\xddM\x8b\x8a\xd0\xf6\x00\xd6Yx\xd4\x85\x7b\xf0\x03z\xf6\x24GG\x5d\xec3\x94dD\x06\x5c\x27\x5eG\xd0\xbbp\xbb\x1c\xaaNJ\xe8\x06\x7c\x23\xdeNu\x80\xd5x\x261\xfe?E\x7cBZ\xb9\x23\x5bDD\x9b9\xf6\xb2\x92\xba\x98\xfe\x1b\x93\xd9\xc8L\x92\xd5\xb5\x17\xb1\x9d\x8c\xb3\x87\xdb\xbc\x0e\x27\x00?\x27\xf4\x19\xb3\xfd\xda\x16\xdd\xd4\x25k\xd5\x94\xedEUFD\x8d\xe8\x3dJmN\x26\x01q\x7er\x8bY\xab\x3b\x60\xc1\xa1\x1a\xf9\xd5\x24\xb1\x80\x91Ln\x2b\xd9\x83\xdf\xdejk\xaaos\x03\x01F\xd1\xad\x9e\x86\xde\x29\x83\xd6\xadSI\x24\xfb\x04\x0c\x7c:\xf1\xd4\xe8PE\xcd\xe5\x80z\xcaSe\xc2\x7d\x0a\xc0\x15\x1f\xbal5\xe9Fb\x9em\x8e!\x1c\x16s\x10N\xd4\x9c\x7f\xb9\xd9T\xd3M\x22\xd0\x8d\x81\x88\x14nM\xc1\x7f\xdf\xc7\x91\xb7\x7b!A\x11\xf5\x5b\xb8\x9ein\x7bZj\x02o\x1a\x8bs\x8c6\x07\x11\x84Ld\x09\x2b\x0a\xbcX\x7f\x8f\xb3\x12\xce\xda?\xbc\x9d\xeat\x96\x0b\x06\xc3\x9a\xae\x15\xf0\x8b\xd1\x40n\x24\xd4\xe6E\xba\x96\x27\xb95H\x96\xeb\x3dr\x94\x052\x1e\xff\xdd\xa5\xcb\xcbD\x0d\x05J\x04\x914\x9c\xa9\x98\xd7\x5b\xe7\xa1\xad\x08\xf4\xe6\x7d\x0ay\x0c\x40\x3b\x12\xd1\x12U5\x7e\x1b\xbdM\x0eTkPv\xe6\x81\xea4\x8cR\x83\x9a\x942\xba\xcb\xf6\x16\xc1\xea\x406\xc1\x7b\x90Uc\x3b\xd0\xab\x8d\x2d\x5d\x98\xc4\xdc\xf0\xb0\xecZ\x98\x03\xbf\xe5O\xbfbF\xb4BX\xa3\xb2b\xdf\xbe\xfa\xfa\xff\xb2\xc3\xc3Y\xd9\x84\x12\xa9\xa8\xd5\x1cZ\xae\x3e\xd8\xa0\xdf\x02\xca\xe7\x88\x88\xc0\xc5\x3d\x8bH8\x2a\x29\xf5\xa8 !K\xf4\xf6\x18\x12\xce\xd6\xca\xd7\xe2h\x2a?\xceQ\x99\x82\xa8\xdd\x22\x3bX\x92Q\xee\xc5\x80.\xc4\x13\xa1\xf3F\x93\x16\xda\x10M\xe80\x1a\x9f\xf9\xa6\x0f\xd8Z\xcaSA\x83\x5c\x40\x26\x05HK\x19\xa2\x08\xbbo\xf20d\x15\xe8\x93\x7c\x17\xa1\xa6O\xb8\x60\x99x\xe6\x8a\x1e\x9d\xaf\x97K\xbfvz\xb3\x1c\xa0\xb0\xb8\x5e\xc3\x09\x00\x8e\x198J\x13\x8e\x83\x84\xdc\xc0m\x93\xfe\xcc\xf9\xbc8\x87\xde\x5d\xcfv\x0aTyb\x40\x95\x85\x83\xe9\x5d\x87\x7d\xcc\xf9\xa3\xbf\x3eo\x8dmV\xb4\x3ec\xff\xaaNf\x92\xf1\xa7y\x17E\xdfX\x0b\xe0\xa7U\xed\xf1\x17\xf7\x8e\xbd\x12\x23O\xe4\xfb\xfd\x1ef\xbf\xee\x09d\xf7\xce\x3ev\x98q\x187pM\x95\x91\x02\x90\xe3\x2d\xe8m\x84\x2d\x96\x1461\xccanC\xc0\xc2E\xf6\xa6\x1fs\xdb?\xc1e\x0d\x80\xee\x028\xfc\xe3\xa2\x9eoH\xa2i\xdat\x0cFo\x2a\xe9\xfa\x8d9\x838\x0e\x03\xea\x27\x86\xca\xd3y\x10\x09\xee\x93\x5f\xd0\xb0\x16\xdb6\xe2\x06\x92o\x80g\xc6\x14\xde\x8e\xf0\xd2\xac\xdbA\xee\xbe\x2d\xd1\xdf\x3d\x06\xb3\x40A\x242\x1f\x02\xf6\xf26\xf6\x94\x9b\x82\x2fp\x5b\xd4\xff\x22\xfaM97\xf0\xae\xa5\x80Kc\xb5\x16\x1c\x5d\xba\xa2L6S\x0br\x92\x3e\x10U\xf6\xc9\xd5\xd9\xd4\x12\xe2\x8a\x02\xb0\xb6\x7d\x1eU\x16Y\xb7\xd8Z\x9d\xd0\xcc\x83\xd2\xea\x83\xd3\xca\x93\x3b\xb3G\x12fxR\xfc\x1f\xdb\x8f\xc8.\x81\x9bL\x0a\xd7\x8cJ\xb4\x5e\x06J\x8a\x88\xebf\x23\x3b\xcf\x1b\xc5s\x8cw\x5d\x98\xab\xd3\x3etB\x90\xfca\x7e\xda\x883\x23\xb6\xc6\x29W\xfa\x12\xed\x9aZ\x28\x7b\xba\xbf\x09\xaf\x23l\x1f\xad\xa7vpdG\x04\x0a\x90\xa5\xaao\xbcf\x8d\x3bF\x3e\x13\x2ds\xa5\x1eL\xb3\xccSH\xa7\x9dm\xd5\x23\xab\xbe\x0f\xdd\x0a\xfb\xbbC\x8bE\xa8\x9c\xc3\xca0Y\xcc\xb2\x5b\xd2\xb1\x8c7\x17\x04?\x19\x09\xc0\xed\x7f\x9a\xb5p\xf5\x0d\xdao\x40\xe9\xe8\xb3Zq\x10\x1f\x16\x24\xfd\xa7\x7f\x8b\x2c\x0ce\x7d\xd8\x98\x12\xa9\xc3\x19\x84\x233\xcb\x29\xa9vu\x0aB\x15P\xce\xc4\x14:R\xb4\xd6T\xc4\x99\xdb\xbc\xe4\xf7\xf28\xd4\xbc\x97nh\x14\xe9\xd9\x9b\xb8\xe2\x14\xfa\x84\xd8T\x2b\xc0\x0a\xe2!\x27y\xf0\x8d\xd4\x80\x96\xa7G\x7f\xa6\xd1fz\x98c\x12\xf2q\xcaG\xa3Q\xdb2\xbb6y\x2a\x89\x8e\xa5\x9b\x1f\xae2v\xb6\xe4\x1cOT\x8a\x3e\xf4\xaa\xe8\xad\x92x\xa9x\x80\x08\xb6\x17\x28\x96\xec\xb6\x00\xdc\x2dz\x9a\xad\x95c\xd3\x1a\x5e\xec\xaa\xfb\xdf\xba\x7b\x1b\x0a78V\x0c\xea\x22\x0a\xcb\x18\x1fv\x2d\x5f8\xf4\x5c\xf1\x82\xc5v\x1d\xf5\x25\xe6\x28\xeb\xd9\xe3\xf9\x06\x40.\xeaSV\x13\xb1zk\xfd\xca\x18\x7f\xb1\xeeR\xb9J\x7e\x1cSLK\x99\x08\x011\x1a\x83H\xb74\xde\x19V\x87\xdbGf</data></match></read>
    <write><data>1\x0a</data></write>
    <write><data>4\x0a</data></write>
    <write><data>12\x0a</data></write>
    <write><data>z.qxwfnegNkC\x0a</data></write>
    <write><data>262\x0a</data></write>
    <write><data>fiercely sppiritual dapperling epitheliod butuminous pelvis apparel cobble scrip heritor preconditioned condescending hypoplasia cirrhosis conspicuity cognomen melampsora neutralized kolkhoznik benedict pseudopod exhaustible cornus xenogenetic karelian gilgamish\x0a</data></write>
    <read><delim>\x0a</delim><match><data>Added signature to database</data></match></read>
    <write><data>543\x0a</data></write>
    <write><data>handcar tides inane pseudobombax suspend modulus fiercely sppiritual dapperling epitheliod butuminous pelvis apparel cobble scrip heritor preconditioned condescending hypoplasia cirrhosis conspicuity cognomen melampsora neutralized kolkhoznik benedict pseudopod exhaustible cornus xenogenetic karelian gilgamish anointment cabana voltarian teaberry holonym naumachy astute excess abduction connotate showingcondemned haystack unutterable immesh permit bordeaux hi stablish escrapment cashbox windless becalmed paralyze berliner prussia tubule </data></write>
    <read><delim>\x0a</delim><match><data>z.qxwfnegNkC \x2d HIGH \x2d d401df8f</data></match></read>
    <write><data>975\x0a</data></write>
    <write><data>mascara warrior magically simmer come fiercely sppiritual dapperling epitheliod butuminous pelvis apparel cobble scrip heritor preconditioned condescending hypoplasia cirrhosis conspicuity cognomen melampsora neutralized kolkhoznik benedict pseudopod exhaustible cornus xenogenetic karelian gilgamish colony forehanded pycnodysostosis particularity switchboard fiercely sppiritual dapperling epitheliod butuminous pelvis apparel cobble scrip heritor preconditioned condescending hypoplasia cirrhosis conspicuity cognomen melampsora neutralized kolkhoznik benedict pseudopod exhaustible cornus xenogenetic karelian gilgamish minuscule condemned stag fiercely sppiritual dapperling epitheliod butuminous pelvis apparel cobble scrip heritor preconditioned condescending hypoplasia cirrhosis conspicuity cognomen melampsora neutralized kolkhoznik benedict pseudopod exhaustible cornus xenogenetic karelian gilgamish bulbar increment pervicacity ribbonlike polygonaceae diospyros </data></write>
    <read><delim>\x0a</delim><match><data>z.qxwfnegNkC \x2d HIGH \x2d d401df8f</data></match></read>
    <write><data>0\x0a</data></write>
</replay>
</pov>