<?xml version="1.0" standalone="no" ?>
<!DOCTYPE pov SYSTEM "/usr/share/cgc-docs/replay.dtd">
<pov>
<cbid>service</cbid>
<seed>d9cb4ae366e7a2e534d8f14dc510dca72c5c020129e0c51b69475b70e2ff3874cddbc163c16f5ad96b0f819d5c29f4d5</seed>
<replay>
    <write><data>woz!</data></write>
    <read><length>4096</length><match><data>woz!\xd1\xaf\xe6oM\x06\xed\x22\xb9\xb2\x13\xfbo4\xff\x1d8\x3eke\xdd\x24G\x22\x8a\xb9a\xa7\xc9\xc5Z\x8b\xa3\xb0\x25\x08\x1f\xf12kLb\xb3\x7c8Q\x13z\x28\x13\x80\xc3\x23\xafZ\x15\x93\x87s\x2a\xd0H\x3b\x17\xff\xa6\xa8\x10v\xb7S\xd0\xd7\x14\xac\xcc\xab\xd3\x01F\x92\xba\xd7\xef\x83\xddrI\x8d\xc4\x26\xaa\xebx\x14\xde\x2aV\x5b\xb8\x09D\x5e\x11\xbc\xfc\xb3\x5d\xd5\xf4u\xcf \xe1\x91\xbcI\x9dF\xd4\xa7\x8c\x1c\x89\xa8\x14\x82a\xa5\xd0\x2fT\x9dl\xcc\xe3\xd8\x3c\xc2\x28\x5bO\x0d\x2f\xc4\xdb\xf2\xe0\xccP\x3bGPS\x8b\xd0\x89\xa4\x5c\xe2\xe6\xa0\xb5\xba\x5b\x80V\xa2\x11\x12\xe9\xcdS\x0bO\x1a\xfd\x94\x0e\xd4\xc9\x5b\x0e\xe7\xc5\xa1O\xec\x91\x8a\x93k\xb8\x83IhgO\x16\xa1\xd0K\x28\xfa\x9c\xdd\xac?3\x87\xbc:\xe1\x19\x13\xa6\xcf.\xb6\x81\x2a\xa5\xf8q\x7cp\x26\x23\x0f\x95\xaf\xa0\xc3\x12\xf8Q\xc1vVJ\xbf\xe6\xea\x19\x0d\xf4\xb0\xce\xa2?C\xb4\x5cq\xbd\xac\xa3\xc8\xa4j\xd6\x5d\xe7\xca\x12\x24\x10E\xccM\x88\x1e\x95\xb3V\xdf\x90\xb5\x9f\x84\x8fG\x05\x2d\xfc\xca\x22\x16\xb5\xc8\xa7\xbe\xcf\xea\xec\x19\xe7\x0b\x98\xcd\xa2\xd5\x03\x3d\xc7\xbe5\x93\x1f\xc8\x06t\xcf\xa2\xc9\x3bg\x27\xe5\xbdQ\x40\xeb\xeb5c\x2c\x12\x13\xb8\xfa\x88\xf5\xf9\xdf\xf1\xd9\x86\xb0\xf4\xcbn\xbds\x22\xed\xaa\xb94\x80\x94\x89H\x22\x83\x01\x0dx\xef\xd4\xcd\x85\xf25\x00\x8d\x8dqV0\xf9\xa59\x02\xc2\xb0\xd5\xdb\xc0\x81\xb2\x24\xb3\x84\x2d\xec\xdf\xd4r\x24\xdf\xfb\xe4\x7eTv\xc8\xb2\xab\x97z\x8b\x0bi\xc7\xc8\x04\x1e\xfa\x28\xd4\x96\xfd\x5f\x80\x85A\xaa\xac\xab\xfbC\x95\x88\x14\xca4\x1b\xcf\x0c\xcc\x05\xb5\xa1\x5dKdQ\x96n\xff\x17!\x83\xbe\x9b\xd0\xd4a\x11YXQ\xff\xa2w\x8f2\xbf\xc1\x00\x00\x1c\x87\xde\x11\x01\xa4\xaeO\xcbPS\xd7\x9b\xd3\xa1\xcd\xae\x8d\x40BHu\xf35\xd7u\xa3K\xe3Y\x9cs\xcb\x1f\x0e\x9f\x93X1\x17\xf7\x15\xba\x09\xe4\xcc\xce\x81\x93\xae\xf0\xe3\xb2\x93\x98\xe4n\xa9\xa5\x96\xb0\x0424\x2f\xdb\x25B\xb3\xcb\xfb\xed\xe61jb\xacd\x95X\xc6\x2b\x14\x07\xe8\xfb\xe1 \x0d\xfc?\x1e\x8bP\x09\x01\xbe.3\x0b\x88\xbf\x0a\xacA4\x8b\xe2!3\xf1H\xe3\x19\x7f\xb8\xb6\xcf\x1fL\xa5\x85\x00\xb4g\x0f\x5b\xe1\xcf\xd7\xd1\xb8MI\xd1\x05\x93\xbf\x9b\xa5K\x81\x7f\xb9\x80\xe8\x17\x06\x88\xa1\x28\x5em\xbf\x8b\x40\xe8\xed\xd02\xd0M\xc1\xc9\x96\x96\x84n\x06\xa3\x0d\xaa\x055\xc3\x3e\xbb\x2a\x13Ay\x7e\xb8\x82\xd8\x175\xac\x91G\x86\x3b\x03\x2c4cW\x85\xfa\x89\x1b\x5c\x83\xd8\xff\xa4\xfd\xdd\x1bK\xe5\x10\x85\xc6\x96\x08D\xe5\xbc\x99\xe7\xba\x89\xf3\xd9\x04\xd3\xe8\xe8\x91\x28d\x8a\xa3\xca\xd8\x92\xdb\x99\xb9\xbfk\xb2\x99P\x8bF\xa8\x92\xder\x2f\x83S\x9a\x8f\x03\xe1\xd4DZ\x17x:\x89\xc9\x9c\xa9:SB\x13\xd4\x1ch\xd6\x8eJ\x0d\xad\xe7\x24l\x3b6O\x0b \xb0\xae\x0f\x0a\xf4\xeb\x0ek\x23\x06\x60AD\xab\xb1\xfa1\x11z\x2a5\x28\x81\x14\x09\xaf\x8d\xd4\x0d\x24\xb2\xb6\xad\x0f\xc9\xfe\xc3J\xef\xd9\x978\x90t\x91c\xea\xa1\x2b\x5f\xf9\xf7\xcc\x1d\x1b\xbe\x13\x7eH\x9f\xa5\xab\x05\x13J\xe1\xba\x8ea\xc4\x0bZE\x86d\x8f\x9cs\x0f\x25\xd7\x13\x27\xd6\x5b0\xd1\x99\xcdD\x1f\xb1\x9bI\xd1\x15\xeb\xc5\xd8\xd8\xaauIpZT\x16\xf1\xfa\xb0\xa3\xa3\xab\xa9\x90i\xa4\xc4m4\x84\xf3!\xce\x27\xedV\xea0\xca\xa1C\x22\xc4\x99\xe0\xdd\xf8\x2b\xb6e\xdbf\xa7s\x8d\x17E\x5c\x7c\xf8X\x14\x97\x8a\xc4\xf2\xe2\x02?\xf2.\xaa\xa2\x81\xe7\x5c\xdbF\xc5\xc6\xba?\xc2\x83\x13\x23\xd0\xc6\xdbfF\x8e\x8a\xd0\xb0\x1b6\x1b\x99\xb4\x3c\xb4E\xc3\xd81\xf9o\x81\x22\x0d\x1d\xe7Y\xb6\x81\x2f\xd9GgA\xe1\x17\xe6\x5c\xfc\x1ars\x0a\x0b\xfb\xb3\xb7\x13\xd4p\x5e\xd1v\x3b\xb5uh \xaf.\xcc.\xc4\x87\x85\x2cl\x7c\xcd\xc9\x89\x26\x06\xeb\xe0\x1b\x2c\x15\xbe\x26\x09\x3d\x5bw\x3c\xc4\xe6\xd1\xf6\xc0moX\xbez\xb0B\xc4\x0a\xfb\xd0\x14\x00\x222\x00G\x0f\x24\x12\x18\xea\xe2e\xf9\xa8\xea\xd3Gh\xbe\x3d\xe2\xd1\xdf\x257\xa5\x7e\xa0\xc6\x94\x98\x82\xc1\x05\xfb9\x87\xf7\xf0\x3e\xb1\xca?\xb8\x7d\xb1\x5eC\xc3\x08\xe70\xb6\x10\x5d\xfc\xf2k\x0d\xa6\x9f\xeeo\xcc\xb8\xbcTm\x80l\xc0a\x0a\xcd\x01Kx\x7e X\xbc\xf0q\xc3\x15\x89\x2ax\xb6\xdb\xe3\xb2\xde\x06\xd2\xc3L\x97\xa78\xda\x3d\xbd\x86\x19\x9b\xbd\xc5\xd5\xf1\xe0\xb9\xf4\xb80\xd0g\xfb\xa1\xf6:S\xb3\xfe\xcb\x84\x14\xb9\x96v\xd2\x03\xfe\xad\x7c\xb6\x85\xdfD\xd5\xe7\x3c\xf4\xfa\xed\x5f.4.\xe7\x0fHB\xdd\xe0\x5b\xdb\xde!\xc0\x1e\x17\x7c\xa3\xdd\x9e\xe1\x83\x9e\x99\xa8\xa8\xf9L\xc1\xec\xbe\xe2Jv\x5fFh\xe1S3\x81\x24x\xe7\x1e\xa4\x11\x24\x97\xf2p\x8e\xc8\xb0\xa0\x18\xb0rl\x10uIz\x5d\xc9\x5f\xb3\xee\x5c\x0a\x1c\x8b\x27\x95r\x5c\xb8\xd1\xc9\x26\xc1ZT\x93\xe8\x91o\x1fL\xaa\xfeGX\xc44\xe7I\x0c\x3b\xc3L\x88Q\x86\x185h\xd0E\xcd\xb5\xab\xa9\xcc\x1b\x9d\xfcqRc\x2d\x9d\x23\xf0\xa0\xcc:\xe8\xf3n\x1fx\xd0\xc5\xee0\x1d\x91\xdc\x99m\x2d\xc5\x60\x05\xfa\x92\x5b1\xae\xdf \xdc7\x06\x07\xa7\xabx\x99i\xc2\xcc\xb9\x2b\x0cn\xf2\xb4\x3c\x5d\x27\x24\xcc\xfe\xae\xe3\xbf\x8d\x5b4F7\x9c\x8f\xe4\x9f\x94\xc5CN\x24\x25\xc0\x06\x86\x13\xc4\x2a\xef\x9e\x3cC\xa6\x3d\x0e\xe2\xbf\xaa\xbco\xd6I\x08\xdbM\xd3\x40\xffvf\xe3\x29\xc7\x25\x9b9kr\x81X\x15\x97G\x5e\x04\x06\x85\x5b\x08C\xac\xbe\x16i\x96\xf3\x87\xfd\x3e\x90\xff\xd7\xffg\xc7\x40pe\x5e\xab\xfc\x12\x9c\xf8\xd6L\xd0\xf3\xd5\x95\x8b\x1a\x00\xe4\x5eY\xb8\xba4\x0e\xc8\xee\xef\xd2\x2b\x033G\x99\xc7\x27\x8d\xdaa\x97\xf9\xb7h\xf4\x3c\xdb8\x9f\x98\xca\x05A\x9a\xab\x3es\x1d\xae\x83\x7b\xbd\x9a\x91\xe3\x3d\xe9\xb0OR\x07\xa3Z\x97X6\xa7\xed\x5c\xf9\xaa\xea\x2d\xce\x9e\x2c\x06\x01\xbe\xa9w\xb76\xdc\xc9\x1b\xa2\x29V2\xf4\x5f2\x8d0\xd8\xcb\x045\xd0Z\x60\x2d\xd4g\xe9\xde1\xe9\x99\xf7\x5d\x88\x0c\xe5\xe0\xac\xe0\x29Z4\xedF\xfb\x1b\xcc\x22\xca\xban\x0a\xcd\xc9\x23\x9e\x81\xac\xff\x02\x0d\xecC\xab\xf6K?\xe2\x07\x89\x08\x80\x28\x13 \x267\x06\xa5\xec\x8b\xc9\xaa\xc4K\x16\xd3\x28\x0du\xda\xe4\x8a\x3dUQU\x90\x85\x2cs\x83\x994\x85\xe2\x25\x8cx\x1c\x8b\x7dv\x9d\x85\x08w \x19\xd8\x3d5\xe8\xae\x1d\xf4\x7b\xcf\x23\x90\x26\xd4\xb5\xf9\xa1m\xdd\xeed\x26\xb1O\xb3\xf8c\x04\x7f\xd1\xc8\x93C\xc0\xc6\x2f\xcb\x006h\xbbM\x87G\xdaTr\xabl\x3e\xc1\xc8\x3c\x1f\x3e\xf8\xb9nV\xdb\x14\x82\xf9\x84\x80m\xc5q\x90\xea\xd6\x1b\xf0\x28\xc1\xba\xf7\x19a\x2b\xaaK\x2cl\x3bX\x89\xdb\x1d\x5f\x60\xd6\x98d8S\x01\xd4\x0b7F\x5d\xd8\xd1\xc1\xb0o\xb4\xcb6\x2a\x3e\xdf\x24\xc6\x84\x98:\x40\x01\x3e\x97D\x05\x0f8\xa9\xf2Y\x91\x9f\x08\xf4Q\xfd1\xa9q\xd5\xa9\x26B\x28r\x0f\xebL\x013\xdf\xf3\xce\x5d\xb7\xd6\xe8\xdcV\xaf\x11\x2c\xab\x5f6K\x8c\xf7I\x24\x12e\xe5\x92\xd47\xd1\xeak5\xf2\x1e\x234\x9c\xad\xa1q\x03\x91D\xb9D\xb2\x2b\x14\x1bq\x9d\xc5\x93\x96\xf1D\xe5\x1fN\xf9\x7f\x95\x274\xea\xac\xbe\xea\x9b\xe4\xff\xea\x23 !\x0b\xe6P\xc5\x9f\x83\x8a\x7e:Z\xc7\xf5Dnv\xb1.\xb1\xda\xf1\xa0\xd3\x1e\x9a\xe4\xb1\x8aZ4\x12\xa8\x1b\xcdN\xb33\xab\xef\xf8\xa4\xa2d\x81\x25\xa7\x04\xa2B\x5b\xf7\xe0\xde\xde\x0a\xc2\xcf\xeb\x27\xdc\x01\x22c\xbc\x27\xc7\x07\x08R\x1c\x95\x7d\x1ag\xb8\xd7\x1f\x3c\xab\xd7\x96\x07\x95\xb1\xa9O\x9c\xfc\xeaZMy\xd4MJ\xc5\x91\xd7IB\x29\x7b\xf3\xd2i\xad\x82\x89\xe9p\xd9\xc9\x2d\x2d\xae\x9e\x248\x85\x8f\x1e\xa4\xb2\x96\xecG\xf6O\xba\x09\x5e0Jd\xa66\x12\x85\x1eJ\xa3\xdf\x06:P\xdf\xa7\xd1l\xbb\xf8\xb2\x3b\xd9\x8d\xd9\xc2\xcc\x87\xc1\x29\x92\x8c\x84\xee\xdb\x8f\xd0\xd5\xff\x26Qy\x8d\x9f\x0c\xe5\x0a\xcdQ\x1c\x15J:\x824\xb8?\x85\x5e\x83\x86A\x5ey\xfd\xd1\xc4\x7b\xca\xd7\xc3\x85BbA\x2f\xa3\x22\xbe\x01Kab\xbe\xd6\x80\xa6V\xa3\x90\xe3\xe3\x81\x07\x9e\xb88\xdct\xde\x11\x1d\xe8\xeda\x25\xa4OW5\xcd\x7f\xe0\x0eQz\x7e\xe9\x9f\x0a\xff\x9ev6\xbb\xa0\x7d\xf3\xe2\x3c\x85\xf9t\x3e\xaa\xb9\x94d\xc7\x2c\xf8\x9e\x3d\xa6q\x12\x2d\xb5\x9f\x82R\x12\x17\x88 \x96w\x00:\xb3\x19\xe9\x07\xe6i\x0b3\x968\x80z\x18\xe7\xddW\xcf\xd5\x100B\xb4\xb8\xaa\xab\x91Y\x00\x16A\x2258\xd7eAx\x058Y0\x08\xa8\x04\x14\x93\xe4\xf2Idy\xd4O\xc8A\xa3W\xdfk\xd6\xf2x\x14\xd5Y\x9a\xdb\xd5c\x891q\x1a\x26q\xb4\x7bD\x94\xd1c\xb3\xb9\xf3\x8d\x94U\xd8p\xbe\xa6o3IT\xc9\x97\xbd\x27\x9a\x0b\x01\xe8\x29q\xf6d\x26\x16\x08y:\x5f\x12P\x0d\xd0\xda7\x25\x12\xee\x60\xbd7wj5\xabz\x9cy\xbd\xfc\xed\xf9\xb0\xbf\x81Q\x40K\x09\xd1\x2d\x10L\xd1\x97h\x04S\x26\x7bx\x5es\x0e\xf8s\x08\x0c\xef\x3e\x1e\x3e\x81\x880\x7b\x94\x8a\x92\xb6\x3dC\xeda\xdb4\x91\xbb\x81\x97\x3b\x04\x27\xfc\x8d\x8dH\x18\xad2\xaf?\x88Y\xeft\xc5\x87\xb8\x96\x29\xbb\xf0\x277\xb6\xd9\x9b\xd3\x1a\xaa\xfdZz?\x9eM\xb27\x9d\x0e\x95f\xfe\xe6\xd0\xc2\x19\x83\x13\x9c\xc6\x97\x80i\xa4v\x10\xb5\xce\x7f\x3c\x1a\x91\x80a\x04\x7c\x0c\x2b\x85\xcf\x1eSR\xe7\x8d\x97\xb9y\xe3\x90\x5e.I\xf2F5\x7c\xa4\x89R\xed\xfe\x96\xde\xb7A\x1c\xa5W\x00\x1d\x8d\x8c\x95I\x8b\x5c\x1f\x9d\x3e\xf5\xd7h\x94G\x7d\x1f\xea\x2dB\x8c\x24TFE\x1e\x7eE\x9f\x3d\x1d\x40\x9cI\xbd\x03zI\xf7\xa8rCw\x8e5\x01\xfbq\x8b\xd9\x9f\x0e\xc5\xd3\x60\x8f3\x7fm\x97k\x9e\x81\x8cw\xc5\x03\x10\xeca\x12\xbeC\xac\x0a\x5f\x19\x0b\x81y5\xf0\xe9\xf4\xe5\xfb\x8b\xc86\x88\xceM\x3e\xcf\x27\xf5\x2a\xc1\x3e\x3c\x7eQ\xb3\xf4\xc4\x2f\xa0\xba\xe6\xe9\xee\xae \x5b\xde\x5c\x94\x09\x89\x7f\xf7\x93\x17g\xa3\x9a\x16\xb3\xaaJ\x0e\x5dc\xafVbO\x06\x16\x924n\x5b\xc6\x1e:XF\x291\xc3DW\x80\x2a\xe4p\xd1\x5bL\x3e\x25\x7f\xf6I\xaf\xf1\xb7v\x1fV\x17\xe0X\xfc\x9b\x0b\x8d\x9c\xf4V\xf3x\xefV\xe3\xef\xfe\x2c\xf0Yl?\x07\x24\xffz\xef\xea\x98\xbe\xcf\xe92e\x85\xca\xf07\x83q\x1c\x29\xa5\x7b\xa5\x171\x0ej\xe0\x3c\x06\xc8\xd6j\x89O\x3eB\x96\x3e\xa8\xb1\x5c\x87\x2d\x2f\xb7\xf0J\xd5\x18\x84\x16\xc5P\xdf\xe4\xbdU\xc39\xe5\x04\x8f\x26A\x5f\x7b\x2c\x06\x97\x16\xd4\x2b\xd7\xd7\x40S\x1b\x93\x7f\x00\xbfp\x19\xcd\xeca\xf0z\xab\x8f\xe4 P\xbf\xe9\x9ew\xd8e\xe5C\xc9\x934\x8a\x91\x93q\xc3T\xdf\x04\xa7Ux\xa4\x5cl\x2aX\xc4P\x0bk\x9e\xc0\x90\x18\x260\x11\x15\xbaW\xe5x\xad\xa5sQo\xfdAa\x18\xbf\x18\x60J3\x16\x8d\x94\x15\xce6Ux\x86\xadD\x00\x8d\xd1\xcd\x7c:I\xd1Hpgc\x92\xed\x18\x8f\x99qmD\x9e\x8fv\x11h\x8abh\x11\x2b\xf7\x06\x84\x863A\x8d\x0c\xdf\xaf?:\xd6\xba\x25W\x91k\xc3\x0d\xa9\xac\x03\xd1\x00JE\x8aIcc\xd3rq\x18NY\xb8\x86J\x85\x7f\x10G\x13\x81\x03\x2b\x15\x95\x90\x2al\xd4\x7f\x9c\xed\xbbz\xf2U\xbc\x15S\xf5\xff\xc5r\xd5\x07H\xff\xd5\xf0\x2a\x2d6\x14\xbc\xf3\x038\xaf\x0f\xb4\x18\x9a\x5d\xacp\xed\x18\xbe\x96\x17mf\xc25\x09\xe3X\xa4\x0c\xccD\xe5\x5byV\x7f.\x8b\xe4\xfc\xfa\xc6?L\x0dNLT\xcbf\xe8\x11\x13\x0d\xbd\xfc\x82\xfe\x85\x96Z\xd7I\xfc\x83T\xdd\xad\x5d\x98\xdb:Z\xb5\xc2r\x032\xe9\xfal\x0f\x40\x07\x27\xb0\x8c\x8a\x3er\xb4D\x97U\x1bg\xa1\x81\x261\xda3\x3c\xfeU\xe00\xc2\xa6\xb0g\x87Yi\x9e3\xaa\xf7\xff\x1f2\x960p\xd5\xe6\xb0\xb4G\x0b\x8c\xb6\xf9Y\x98\x83\xcd\xd2e\x9fpq\x86Q\xf4\xe4\xbd\xef\x81\x91O\x84\x83\xf2\x83\x11\xc0\xd4\x82\xd1\xc4\xcetU\xfe\x06\x2f\x40\xb9\x2a:\xa0\xf9\x23\x7e\xff\xbf\x40\x08\xb2JE6z\x9d\x00\xfcz\xf17\xe9P\x1d\x12\xa6\x08\xb7\xae\x12\x85\xed\xe0\x88k\xf3o\xc5j\xac\xd5\xe6k\x1b\xa5\xac\x1b\x7c\xd4\x08w\x13\x40\xf2\xa9\xa7\xb8\x12\xe5\xb4\xaep\xa6\xebF\x14\x15\xc7m\xb7l\x5f\x3b\x04\x2fe\xee\xee\xa6\xc2\x7f\xd2j1Td\x95\x60\xb4A V\xcfh\x84\xa7\xbdYo\x25TG\x00\xd7F:\xff\x5f\xb3\x5c9\x0au\xbe\xb5G\x7b\x1fT0s\x2f\x1a\x9a\xac\x0c\xb9\xa4\xe8\x99\xe3\xaf\x90\x5d\xc0\xbf\xc8G\x28\x2c\x1c\x96\xa9\x96q\xb6\xcf\x7d\xa05\x7f\x22\x3c\x10\xaa1\x05\x5c\xe1\x3e\x60\x5bx\xb5\xed\xca\x02\x11\xb1p\xe0 Y\x1f\xf6\x03\xdb\xa3\xab\xe1\xb9\x13 \x11d\xa3\x01\xc8V\x27\xf8\xa6\x9c\xd4w:\x81\x14j\xcd\xdbX.r\x24\xe35\x9coQ\xae\xaa\x3c\xc9\x40N\xba\xd5\x0cA?x\x0a\xa5b\xb3\xc0U\x5f\xb9\xaf\xc8\x1b\xbe\xba\xb7\xc9\xb3\xecm\xb1\xfb\x9a\xfe\x12\xa6\xe6\x94\x8e\x1a\x2d\x1f\xaf2\x2dE\xa9\xb9L\xba\x27\xba \x26w\xc3\x3e\xe6\xae1\x15\xb9\xcd\xbd\x02\x88\x88\x08\x97\x0d9\xd5HgY\xb0\x60\xf5\xe2\xd7\x9f\xc2\xc18\xac\xb8\xb57\xb0\xb7\x9eDq\xda\xf5\xe8\x5c\xa9t\x22\xbaN\x7f\x18\x2f\xad2n\x27\xaa\x04\x18\x00\xa4\x98Z\x9a\xda\xe1q\x8d\xcem?Re\x3b\xd2\xe30\x25\x25\x80\xb3\x7f\x13\xc1\x28\xc67\xcc\x7e\x2c\xdb\xb3\xd4\xa1\x0d\x5e\xd11\x60\x9f\x1732b\x7b\x01\x28\x08M\x9f\xe9\xf2\x22\xf8\xee\xf8g\x14\xfdMWI\xe1\xe5\xcc\x5c:\xf24\xeb\xc0l\x82WP\x85\x84\x013\x23\xfe\x8c\xac\x1d\xa4\xe4\x7bE\xf8\xa6G\xf7H\xe2\xa3\x5d\xa7:\x160\x8b\x08\x9d0\x2b\xbel\xb2AJ\x09\xbd\xc3k\xf4v\xa9\x94\xa7\x2d\xf7\xc7\xf1\xd4\x82\xe0\xe1\xfd\x22\x60\xad\xa5!\xa8g\xa1\x8b\x99\x91\x2d\x0c\x1c\xcd6\x92\x28\xf1\xfd\x5e\xa1\xb8\x9d\xf3\xab\xfb\xa3\xa2\xef9\xcb?2LJ\xca\x11\x5b\x038\x2c\xbf\x13i\xc2\x2d\x28\xf6\xe2\xd9\x90\xf2\x9b\x1d\xf1U\xd6u\xb0r\xd3\x0ay\x02\xdab\xffS\xb3\xf2\x17D\xeeTd\x5c\xf3BE\xe2s\xfaZQ\xcb\xce\xd6\xe1\x0e\xc6\x14\xe9\xc2m\xbb8P\x7f\xb4\x24\xce\x0a\x80\x94v\x9b\x9a\x3b\xc8\x043\xd6\xd6O\x98\xfc\x2c\xe4\x16g.\xac\x29\xb8\x2f\x18\x22\xcb\x86.\xa3CC\x0f\x017\x91\xb0\xbc\x9d\xff\xf2\x7e\x88\xee2c\x09\xa4\xa5\x2bL\xe2\xec\x28\xc6R\x7f1\xb7\xafq\xa45\xc4\x89\xe7q\x2f\xb4RT\x01\xd9\x81b\x0e\x00Yp\xc6\x0e\xc0\xb7\x86\xdb\x81\xf0\xabD\xe3k\xe8\x9c\x2d\x1esy\xcd?\x1d\xa9\xaa\xaf\x1c2\x9a\xba\x08\x95\xf9\xac\xdb\x04\xe7\x88\xcc\x9b\xa4\x99\x8f\x97BR\x60\x26\xa4\x98\xd0\x03\xb9\xc7\x03\x8e\xce\xb9\x5d\x22\x11g\xf6\x96\xccU\x9fN\x0c\xddVu\xedk\xba\x07\x7e\x2di\xa5\xe7r\xec\xa4\xe2r\x0c\xe9\xba\xf0\xd6\xb7\x88\x91\xa9\x97?w\xe6\xad\xedg\x85\xe8\xe4\x3c\xd0\x1b\x99Yz\x9f\x5d\x09\x00\xcbv\x5by\x01\xa1\xb1\x18\xe9\xc5\x106\xd8x\x0c\x90hl\xbaO\xf0\xab\xc9O\xfe\x8cp\xeb\xd8\x97\xc0\xb9\xecnO\xab\x93\x40\x06\x89t\xce\xdc\x9cdk\x7f\x0b\x0a\x1cO\xe7\x1f\xab\x06\x5c\xe7u\x3b\x06\x3c\x1a\xd5u\x92z\x083\x8ey\xbd\xa5\x2f\xbb\xb8S\x0e\xe0\xd9w7\xba\xf9:v\x2fa\x27\xb1\xcb\xdb\xe2\xbb\x29h\x80e\xf3\x88\xad\x1da\xe1\xa9\x01\x40\x080\x1f\xa6\x1f\xb9\x8e\xa9\x2b\xa7\x5c\xb5\x17\xa2\xfc\x2d\xf7\xae\x7fM\x02:p\x0d\x07L\xf2\x82Q\xe0\x5cri\xcdn\x00\x5f\xb5\xbfP\xfa\x27h\xa3\x18\xc5\x06\xd6\x9f\x0e\xe9y\xa39\x9f\xaf\x81u\xf5\xbe\xb0\x26:2\xb9\xdeE\x11E\x07\x24o1T\xfa\x0aln\xf4\x14\xe8jC\x88\x09\xe7\x23\xd2htRe\xac4\xacv\xc3\x3c\xa0b\xeax\xe55WF\x2f\xf4f\x7f\xf1\x7d\xae\x06\xf8a\x12\xbcT\xa2\xb0\x94B\xf7\x24S\xa39\x5d7\xd3\x1eT\xc6\x82\x3e\x84:\xd5\xd2\x17\x5f\x95\x04\xba\xbfJ\x97\xdc\x8ch\x01\xb6\x0ea\xb0\xf1\x3d\xa4\x03\x84\xc8\xd3\x0eR\x22\xe3\xab7\x40\x8e\xfda\xf5\x9e\xfb\x90</data></match></read>
    <write><data>1\x0a</data></write>
    <write><data>1\x0a</data></write>
    <write><data>12\x0a</data></write>
    <write><data>FfiLVPDQlEYL\x0a</data></write>
    <write><data>59\x0a</data></write>
    <write><data>inhibition anthologist urine flatwork animatism best behest\x0a</data></write>
    <read><delim>\x0a</delim><match><data>Added signature to database</data></match></read>
    <write><data>206\x0a</data></write>
    <write><data>morphologic inhibition anthologist urine flatwork animatism best behest weimar gutierrezia tomahawk inhibition anthologist urine flatwork animatism best behest pavlovian rehabilitation nolition haemophilic </data></write>
    <read><delim>\x0a</delim><match><data>FfiLVPDQlEYL \x2d LOW \x2d 10b89cf7</data></match></read>
    <write><data>0\x0a</data></write>
</replay>
</pov>