<?xml version="1.0" standalone="no" ?>
<!DOCTYPE pov SYSTEM "/usr/share/cgc-docs/replay.dtd">
<pov>
<cbid>service</cbid>
<seed>5d956abfeaff369259d724738f83ea3149e94641e73a076e14a5e91432d5613a1f1e7f5dc4b3cac4e44d8d062a431226</seed>
<replay>
    <write><data>\xf9h\xea\x91</data></write>
    <read><length>4096</length><match><data>\xf9h\xea\x91\xcc\xd8q\x0c\x84\x96F\x7c\xba\x28\xbel\x82\xf1\xe8\x22.r\x89\x7cf\xf3\xdb\x8b\xbck\x89\xb2c\xb4\xaf\x98\xaf\xe4\x97\x08\x8dI\x22\x40\xc7\xbe\xad\x3bk\x3d3\xdd\xf5\xff\x40V\x8b\xfb\x8d\x14\xad\x22\x84N\xab\xde\x3e\x0cY\x25\xbd\xd0\xaeG\xc4\x9fl\xb34Z0\xd6\xae\x1d\x7e\xbd\xf2\x99\xad\x7fAn\xb4\x80\xff\x5d\x26K\xe1\x14\xa0x\x8d\x23\x5c\xb9\xbc\x23?\xd5\x26\xe9\x95\x28\xc6\x5d\x8e\xcb1\x2a\xd6p\x88\xb6\x7ff\xed\x96M\xac0\xad\x3b\x7fy\xc2L\x17\xd4\xb7\xe8\x5e\xa3e\xa5\xd1A\x16\x5b\xa4\xd9n\x05\x18\x1e\x03\x0d\xf3\x3ca\x5d\x2c\xebEFq\x7e\x84\xb1\xcd\x0e\x04\xe4\xac\x9a\xa0\x29G\x9d\x07\xdf\x2f\xe68\x1c\x16\xdb\xf5\x91V\xe2\xb4\xd0y\x8b\xb8\xc8xbGzf\x01:\xa4u\xa8\x5c\x91:\xf3\xbb\x88\xd2\x03t\xfc\x02\x93n\xa2\xf31\x84\x2a\xadB:\xe3\x60\x93\xb3E\xdd\x91\x95\xb7\xf9.:\x0f\x9aa7\x0e\xe9\xd6\x7c\xb2\xd9\x25z\x9c\xc0\x17\xbc\x97\xfa\x94\xef\x2b\xe0\xcb\x924\xe2\xad\xb8kTY\x87\x22\xb7\xa5\x0e\xdf\xe3\x60\xcb\xe3\xecZ\xf9\x1f\x800\x3b\xb9e\x7b\x05\x22\xae\x00\x7eI\xb3z\x22X\x10O\x17\xba\x9d\xcb\x07\xb6I\xd8\x3c\x10\xcb\x03\x28\xb3\x29\xe3\xf2\xba\xa3\x25\x60ku\xe81Cc\xae\xdc\xe7\x9a\xca6\xc5\xa2jY\xe6\xf4h\xd1\xe2\x23\xd0\x0d\xc25\x1e\xefZ\x1a\xcb\xd8\x92\xc6\xc8\x99\x11\x99\x80\x85\xe9\xd6\x0dR\xca\xfeK\x2f\xc9\xc2\x19\xa4\xeeb\xc9\x07Xg\xe2\x19n\xaf\x07\xe6\x15e:\x8bq3K\x8ce\xf9\xf3\xb2\x26\xc9\xe5\x04\x05\xd45\x8c\xd6d\x2b\x80\xe5CE\xb8\x28\x5c\x95\x1e\xd8\xa9\xc2v\x2c\x14\x93\xbc\xf3\x1c\x99\x05\x0d\x87v\x23\x40\x0a\x3e\xff\x02\x97j\xed\x84\xb8FO\x00\xc0\xc5V\xf5\xdf\xc6\x7b\xafI\xb3\x2c\xd1\xf3\x1f\x29\x3eM\x24\xea\xfbf\xc7\xdd\x07\xbcK\xefk.5X\xaa\x08\xa4s0\xe6\xf4\xc9\x8d\xa7\xa4\xa8pi\x97\xfb\x95\x10\x95\xf0\x9a\x1f\x8d\x0e\xd0\xfcxc\xe3!\xfd\x7cqw\x1ej\xcb\x08\xf2\xb2\x23\x0e\xcfm\x7b\xff3\xc5\xb0\x00\xf1\xff2\xb5\xfc\x22\x7f\x5f\xcd\xaf\x0el9\x25\x89W\xe5d\x86\xc3\x3b\x3c\xb3\x23X\xf5\xcd\x7e\xb7z\x95\x01\x0c\x92\x88\xc0\x84\xa1\x7ewy\xf5\x04\xe5\xfe\xb8\xa5\x85\xb1\xe35\x8a\x89\x04ns\xc8\x7e\x3b\xe1\xdf\xbc\x96\xa9\xc3\xde\xcf\xf9\x04\x1d\x9f\x60WF\xad\xe4\xd4\x7cmtq\x90\x1a\x2f\xce\x82yn\x24Rg\x7c\xd1\xc6a\xa3\xe8\xc4\xd4\x9cp?\xa5?\x22\xc6\x24\xf7\xcb\x5c\x85b\xa0\x093\xa4\xd6T\x60\xfb\xb5\x1c\xac\xd0\xdd\x29\x3d\xa6\x1eZ\xed\x05T\xa0\xa6q \x97\xf0K\x1d\xe65g\x91\x18y\x5dQ\xd9\x10\x97\x9b\x9f\x90T\xa3\xad\xeb\xfeI\x23\xb4\xdd\x8b\xe4\x40m\x14\x9aV\xe8\x23d\x02\xa0N\x7d\x40\x99\x16Ad\xd6\xddO\x0a\x1f\xcaA\xfd\x1a\x3c\xd0W\xfdq\x97\xdc\xba\x16\x7b\x90\x98\xc2\xd12\x97.\x82d\xfd\x05\xe0\x0c\xcd\x5c\xac\xfb\xa8\x7e\x9b\xef\x04\x25\x7f\xe2\xba\xc7\x97\xd8\x05.\xce\x0fY2R\xde\x93\xaa\xbaZ\x81Nr\x91\xa5\x86\x1f\xfb\xa9.\x93\x7b\x7c\xc1o\x81\x86\xf9D\x0b\xe0\xae\xa3\xf9gx\x87\xa7h\xbeK\xdc\xf6\xc5\x14\xb8\xcc\xa1\x5c\xd9\xc2i\xec5\x7d\xd75WjI\xa5\xf7\xbetuK\x23\xd7\x3eF\xa9nn\xa1\x9am\x9db\xff\xef\xc6fx6\x07\x24\xad\x18\x86G\x7e\x0c\x80\x7e\xcfC\x13\x7fSd\xebK\xf5\x16E\x27hi\x28\xe3e\x94:\xcc\x8b\xe9t\xd8cYJN\x3e\x9f\x0e\xd6C\x15\x84y\xe7\x1afk\x99?l\xff\x06\xea?\xc8\x8cJ\xbfQ\xf1\x1cL\x92\x80\x89\x07\xf6jtV8\x7b\xa3I\x14\xd7\x02\x0cZw\xe7\xda\xc0\xbe a\x07Z\xf6\xe42e\x9ak\xc7h\xc6\x06f\xe5\xe5\x1c\x3b\x80u\xd1f\xf9\xb47\xee\xeb\x98\xba2\x9as0\xa6H\x8a\x15\x2d1\xda\x95U\x2d\xb1\x0e\x03\xb5\x2a\x22\xba\xea\xe4\xd5\x23\xaa\x9b\xad\xaf\x2b?t\xe8?\xa8\xb2\xb94\xfa\xb1\x2ci\x8a\xe9\xd2\x11f\x2a\x10\x3c\xb9\x28\x7b\xf7g\x05c\xb7\xd9\x28\x29\x9a\x906\xa0\xa2\x91m3C\xa3\x07\xab\x91\xf9A\x3d\xa2EO\xb7\x91\xcd\xd2\xc4\xdcX\xb2\xff\x9c\x83\xcf\xfd\xadn\xee\xdb\xa0\x23y\x1a\xf6\xef\xab\xc9\xb4\x09\xe6WR\x0f\x8f\xaa\x88\x1aP\x1b\xdd\x92\x01\x13P\x5bI\xe4\xe0\xea\xce\xae\xdd\xe6\x8e\xa0\xfb\xfe\x94\x5eG\xc5jI\x9d\xe1\xdc\x16c\x04\xe7\x1c\x9e\xea\xbb\x2cNKW\x18\xef\x1e:s\xcd\x18\x7e\x9d\xe2\xa3D\x09\xaf\x8c\xc7\xeel\x8f\xac\xa7q\x90\x27\x24\x80\xc2F\xcb\x9ba\xf5\x87\xf7\xc3\x82\xed\x88\xa5\xca\x2c\x92\x19\x17OW\x9bsm\xb6\xb6\xfc\xe1V\x03\x221\xd7\x1f\x29\xcc\x86\x5d\x3b\x3d\x83x\xc9\x28h\x99\x81\xb2\x03\xf0\x28N\x2c\xba6\x92\xf0\xe5\xb8\xc8:\x0f8\xfb\x98\x3c\xbd\xcaQ\x84Iuh\x96\xa4\xbfZh\xf9\xfa2\x8a\x40\x2b\xab\xd4\x26\x07\xce\xb22\xc0V\xa76\x2c\x24\xfask\xe3\xad\x9f\xf60\xd7\x8e\x25\x94\xd0\x9ar\x0c\xe5\x9e\x2d\x8c\x9bL\x02\xcd\xc07\x8e\xa5\x7dH\xee\xcf!\x24Th!4\x9cX\xf1\xb6\x92.\xf7\x98.2\x04\x2d\x89\x80\xa4\xf2\xc5m\xc9\xc9\xe3\x5cM\xc1g\xf9n0\x5e\x8a\x87\x26\x00\xb68\xc7\x1e\x17\xa5R\x84\x27\xef\xe8\xb8\xd8\xc6\x2bj\xb7\x06Ai\x0b\x83\x017\x2cx\x01\xcf1\x7b\x27\xb9y\x3eHW\xd7\xdd\xe8\x93z\xea\x9c\xa5\x1aC\xa9\xe7\x87\xa4\xd5:3g\xb6p\x2c\x8f\x9cS\x3cbX\xcaK\x02\x08\xd2\x7f\xd7\x99Gj\x2c\xdb\x1ae\xee5X\x9a\xa1\xee\xa1\xedw\x94P\xeb\x91\x1b\xd4\x18\x16\x81?Y\xd5\xc5\x06\x92\xf7y\x92\xf3\xe1\x986\xa5\xf0\x94.TH\xa3\xf4\x84\x26\xc2\x14\x11\x60\xd7B\xbb\x9d\x02\xb9x\x83m\x91GKv\x7cVi\xc9\xa6\x0e\xb3R\x97\xe9\x19\xeee\xc7\x5f\xe4\xa3\x8ev\x25\xb4\x2b\x01\x0f\xf6\xd3c\x12\x06\xf4x5\x16\xb1\x84EJ\xd5\x9c\xdd\xb8\xe49\x91\x1e\xe8\xcb\xf5D\x8aE\xdbi\xc6S\x12\x19i\xf2\xeb\x2c\x10\xb1\xfc\xca\xf6L\x7e\xa1\x84\xf6\x22\xa1\x80E\x11\xf2\xaab\xc2\xa6\xe1\xd3\x2a\x26\x0d\x7f\x13\xe3q\xf1\xa7\x1d\xb1\x83\xa7\x29\xf9\xad\x7b\x8e\xf2jH\xfd\xe8\xc1\xa0\x3e\x27\x2d\xbf\xae\xd7\x40\xbaMB\xff\x264\xaa\xc2\xa7\x7d\x0e\xaf\xc5\x7fZ\xbbr4\x10jxF\xcee\xe0\xebxcN\xdc\x7e\x86\xcf \xe8b\xe5\xe9A\x25\xbf\x5b\xb6\x86\x8f\x83\xf6\xdbB\x11N\x86K\xd6\xc9\x23F\x8f\xf8\x3e54\xbf\xe4\xe3\x86f\x88S\xc6Q\x85\x03\x5b\x0e\x2a\x11\xe2\x18\xb9\xe0\xe3\x87X\xd8\xc1f\xcf\xdf\xb3\x1d\xd3\xab\x8b\xb7\x2f\x8b\xb6\xd0\x90\x97V\x91\x7c\xd3\xc9\x5ej\xdf\x40\xba\x2dO\xe4\x08\x22\xb4\x93\x291\xe3\xebU\x90K\xa5\x85\x97\x19\xdb\x60\xee\x2a\x9f\xec\x5eVY\xda\xc3\x09\x26\xf3\x10\xb14\x5e\xb6\x02\xad\xb2\x1dxp\xbaC\x0e\xfe\x93\xa2i\x16\xaf\xf6I\x13V\x11\x84\xb5\xa3g\x3e\xdd\xa9\xb0\x9a\xb8N\x91\xbd\x8cT8qA\x8fy\xe0\xe7A\xe8A\xd4\x1d\x0f\xb7\xf6s\xdc!\xea\x97\xa4\x8aI\x1f\xaaD\x8f\x8cZB\xdd\x60rY\x13\x03\x29\xac\x18\x85\xe1aU\xaf\x7c9\x82\x1b\x3e0Q\xa6W\x27!\xe8lNI\xeb\x83tZ\x0an\x0d\x2f\x90\x95C\x9d\xe9\x82\xa1\x25\xad\xfba\x11\x7e\xff\x8e\x2f\xf4\xccy\xba\x3c\x10\x16\xc3\xe1\x7e\xde\xafR\xa3C\x03\x84\xf3\xf8\xba\xff\x06n\xe1\x1e\xa86S\x8fC\x90g8\x86\xba\x2c\xd6\xacT\x2b\x8f\xbb\x8d!6\x24\xbd\x04\xf5\x11KB\xfa\x0a\x3d\x0ep\xcf\xe2\xd9:\xcbA\xad\x12\xac\xb9U6\xbd\x245F\xdc\xfff\x9c\x8b\x8a\x92\xa3h\xfa\xa8\xc1?.S\xf4\x96Cq\xea\x1e\x23\x14\x17\x15ER\x87\xff\x82\x2d\x1c.\xdf3\xee\xeb\xf5\xc1\x5e\x9f\x8fA\xc0np\xa2\x7d\x19\x7ej\xc0\xd8\xa9\x01\xf5\x96\x94\xcf\x87K\x60\x02E\x06ARw\x29\xbc\xd8\x1dNHY\x88\xc7\x14.\xda\xead\xe3\xa5\xe1\x99\xbc\x89\x984\x18\x824\x8e\x0e\x0a\x2dA\xc5B\xafO\xff\x18y\x97\x19\x14\x5bt\xa5\x93\xd0\x07\xbe\x5c\x09i\x09\x5bV!\xce\x0c\xdc\x0d5\xf22S\x1b\xc9d\xef\xf0\xce\x5b\x8b\xba\xeb\xfe\x1f\xe28p\x85\x11!\xf3\x94\x22d\xf8\x29P\x10\x87\xa9\xfb\x8f\xe5\xb8\x02\xdb\x2c\x8f\x5f\x85\xa2\xc9\xbb5\x0f\x00\xd2P\x9b8\x1f\xf8\xb6\x98\xa1\xaa\x1c \xcd\xf1\x0d\x29\x92\x12\xb0\x2c\x95\x8d\x16\xbc\x93\x8aM\xd5\x7d\xd4\xc5\x81\x8a\xbfG\x3e\x7f8\x88\xa6m\xee\x96\x5e\x14\xa5\xab\xb4\xfc\xd2\x0co\xf37\x930\x5f\x98\xea\xcc\xe1\x89\xf2v\x22\xdf\x971\xcb\x85\x00\x2b\xf8\xfa\xe9\x0b1\x07\x60\x06\x2a\x89\xf2\xc5D8\x9a\x08\x1c\x900?\x93\x9aJ\xec\x09Q\xf8\x10\xa6\x60O\x83\xedE\x07R\xdd\xde\x5eJ\x8d\x7c\xfd\xe8c\xd4\xd2\xd1\x1e\xa0\x26\x94\x17\x2b\xa9\x13q\xd6\x89\x81\xbfd\x84\xb05m\xefG\x7e\x00L\x88\x06n\x93\x0ez\x0f\x8d\xd8\xf4\xc2L\xe0\xef\xd7\x9e\xfdf5\x81T\x23\x3bBz3\xee\xf1\x8aG\x9d\x12k\xf0Y\x07\x80\x12S\xce\xe3\xc9\x7d7\x5b\xa4\x0b\xd88GmI\xc8\x23\x7d\xbd1\x11\xa4\xc5s\xad\x9b\xb2\x26\xda\xdbJ\xc0\xd6r\xb4\x29\xa1K\x23\xdb\xadO\xc8\xcb\xd2\xe3\xee\xb1g\x98\x811\xf2\x05\xa7\x29\xf8\xd7\x7e\x009\x8a\xa0S\xb3G.\xf9\xd0\x06Q\x80\xcf\xf8\xd7j\xb2\x8c\xa4\xc1xG\xeb\xd0\x10\x7d0\xf2\xd7\x23xaE\x2f\x15E\xc8\xe8\x5e\x1a\x95\xaa\x88\xc9\xc2\x0a\xa9s\xfcEa\x06a\xd4\x9a\xf1\xd6\xe6\xb5\xd3\x2c\xacR\xb9\x1b\xc2\xc4\xb8\x05?\xbb\x81\xd2\xdc\xf0\xb6\x81\xeb\xad\xfa\x89\x81m\x86r\x27\x3b\x85\x2bY\x0aT\xd5Zs\xd3\x03\xac\x3d8\x01\x07\xa5Y\xe1\xaaC\xd0\x0e\x13\x98\xe0Vp\xd3\x18\x15\xd2\xc7\xb7\xa7G\x14Q\xd0\xf6\x85\xb9\x7b\xbd\xa0\xa7!\x98\xf6\xeb\xb3\xbe\x1f\x88\xc4\xe7\x84\xba\xf5U\xc2\xb7\xc2\xfe3\x27\x5e2\xbc\xa5\xb2\x24\x85\x04\xbb\x90\xb9\x5d\x24\xedP\xbb\x00\x11\x2a\x3c\x17\x8cgT\xd5\xac\x3c\x0cA\x23\x15b\xfe\xf1\x002P\xfdy\xbc\x09\x87\x0d\x5c\x8e\xd125\x0e\xf2\x1d\x1c\xff2\xcf\x8c\xa6\xe2\x1b\x2aw\x8e\x15R\x97\xb7\x01\x1a\x5e\xd4\x10\xe8g\x0ee\xcb\xf8\xee\xd2\x93brB\xbd\xdf\xb4\xaa\x05\xcdI0\xf2\xe0?\xb7\xb4\xfa7\xb9n\x1a\x10Wd\x82u\x26.\xc2\x9c\x94\xc5efZ\xf2\x94\x95\x9f\xc84\xb8\xech\xd9\xea\x7f\x14\xc0\xdf\xb2\x0b\xd1\x00S\xbc\x0c\x1aL\x88\x7b\xae\xfan\x87\xcf\xb6\x01L\xb7\x96\xdf\x87\x1d\x91U\xe1\x27\x2cZ\xf7\x14\x98\x7d\x88\xeeB\xd9\x153X\x7e3\x5c\x3d\x9b\xc9\xac\x1b\x3b\x5e\xf1\x3e2R\x3b2\x981\x97\x7c\x5e\xe8\x17\xae\x7e\x9d\x3cp\xea\xfa\xc4\x0f\x2b\x0b\xc9\x1d\xda\xf7\xcbI:\xec\xf09\xb9\x0b\xd5\xec\xcb\x91\xc7\xf4\xaeT0\x17\xc4\x143n\xa6\x85K\x2b\x05t\xc4\x3c\xea\x1b\xd5\xb3\xab\xe2\xc6m\x11\xe7\x83j\x7c3\xe8\xf6\x28\x06\xd4\xfd\xa0:\x1cOa\xa1\x1bR\xf9\x98\x09\x07\xd4M\xd2\x28\x93\x5d\x17\xe7X\x81c\xcfVy\xcf\xa9I\xb5\xd2 m\xef\x81\xb8\xb3\x0dR\x25\x09N\x25\xe3\xf2\x2d\x05\x3d\xe3\x2a1\xfef\x83\xd3\xfc\xd8\xb7\x82hqb\x1c\xe3\xa5\xf2LN\xfa\x94\xa6z\xd64\x9b\xe1\x22\xd8\x8c\x11\x9c\xc0\xbf\xb8\xcff\x5fc\xbc\xcbC\xc9F\xc4\x85T\x9f\xf9\x17\xc0\xa9\xbf\xbc\x17\x12.f\x18\x83F\xd5\xa4\xb4\xf0\xdcH\x9a\xc6u\x81\x16\xd6j\xefb\xfas\xae\x8b\xc7\xd99\x94\x1b\xae\xba\x40\xad\xd0\xfc\x25\x15\x97Y\x0dL3\x2f\xad\xc2\x9f\xa9\xd6\xa5\xca\x8cz\x7dV\x8e\xc9\x7e\x93\xcf\xd1\xab\x5d\xc3\xb5\xf6!\xe1\x7e\xa6dU\x17\x8fG\xd9n\xdagD\xdc\xb3\x98p\xf6\xbe\x9da\xa37i\xaarZB\xd1\x00\xa9p\x91\x19\xf1\x07\x0e\xad\xa9\x02\xcdK0\xf1\x0d2:\xb9\x84\x7bFQ\xdfSN3\x7fC\xa0\x139\xc7\xe6\xd0P\xbbeS\xf6\xe0\xe4\x1a\x13L\xd9\xdd\x23d8\xe3\xe9 \xd2\xf6\x02\x0eGy0\xcf\x863\xb4\x5e\xb3N\x80a\x18\xc6\xd2\xb7\x2b\xc9\xf3 \x95K\xcc\x12\x1d\x22\xc3k.\xfc\x92S \x22t7\xd6\x8dGCK\xd0\xa3Z\xc9T\x03\x91lx\xdd\x13eV7\x2fm\x06\xa5\x26oWa\xfe\xb0\x81\xc8\xc9\x9c\xfd\x0e\x05G\xe3\xc7D\x2f\x91\x86f\xb1\x3c\xeb \x5f\x7f\xfb\xef\x18\xe8\x27\x8d\x1e\xf8\x9f9\x1d\xda\x7d\xd2\x98V\x04\xed\xbc\x26\x98\x7b\x91\x28pK\xb5\xc3F6\xf3\x27\x2ch\xab\xef\x99Z\xa7\x93\x9f\xf2\xcd\xf0\x28\x0e\x7b\xc5\x8e\xadX\x5d\xf6\x09\xaf\x26\x0b\xfc\xb8\xe5\xc0\xb1\x93H\x88\x91\x28\x92\x958\xb9\xc1\xe4\xfa\x035\x90\x0a\xd7\x05\x5f\xba\xeeF\x94\x15\x1b\xab\xae\xc7\xe0\x85\x9d\xc0hO\x81DZ\xdb\x80\xb9Qu\xe2\xe2\x87\x3c\x15\x18\xaa\xb9\x89\xad\x97B\xed\x3c\x06\x29\xf1t\xe2\x15\x7c:\x92i!\xc5\x1c\xb4r\x5d\xd2\xb2\xc2\xf2\x1c\xcd\x7dA\x8b\xef\xf4u\xddU\x99\xea\xdc\xdf\xca\xf9\xe98\x06B\xdd\x9a\x03\xf9\xa9\xaf:\x07\xb9\xacIJ\x9c\xc8\xf1\xf8\xb8V\x13\xb1\xb4NL\xe3\x7c\xb2A2\xf8\x40\x07\xb0\xb0\x16\x81\xce\xe6\xea\x7b\xf4\x5d\xed\x13S\x02\xdf\x24\xc9\x16\x87\x93\xdf\x98H!oXHf\x95\xc0\x04U3\x98\xad\x9c\xe0\x88fYk\xb5\x00\x5f\x1a\xf0\xdb!T\x98\x7frEbE\xd5\x5b\x13\x13S\xafZ\xab\x9a3\x84\x8d?P7\xd5k\x5e\xbfu\xe3g\x8c\xd9\xc0\x2f\x7d\xda\x85\x16\x3c\xf6\xd9\x08o\xf4S\x8d.\xa7\x01\xa6\x257\xc0kt\x8a\xcd\x3cg\xd1\xccu\xf9\xb0\x28\xed\xe7811U\xfb\xd4\x12n\x1a\x8c\xf2\xd8\x9d\xc1BJ\xfdj\x89\xcb\x8e\xa8\xbb\x7bo\xec\x9a\xfb\xce\xbf\x3e\xd4\x2b\x5cC\x2cs\xb8F\xb3\x7f5\x0b\xc0\x8f.3\xbeou\xf47\x22\xc0\x29\x5eN\x8a\xa6\xba\xcfnC\xf0:\xac\xba\xc807\x16\xf8\xbcI\x99\xf6\x7b!\x1fC\x7e\x23N\xd3\x24H\xcc\xf2\x08\x2f \xa1\x3b\x11q\xe0\xd4\x05\xac\x1b1\x93\x5e\xac\x2a\xc6\xa4w\xb2\x9d\x9b\x06\xf4\x3d\xca\x13j\x0b\x89\xbb\x03\x10\xc6\x5d3\xa2\x1f\xd1\x0c\xc7\xf6\xa6\xe5\xd0SI\x2dCd\xd9\xeed\xb20i\x19p\x88\xd0v\x40\x5f\x91\xe9\xe3\x3b\x1e\x90\x949\x3c\xf2\x2aX\x40c\x14\xb5\xf4 \xa7P\xe5\x949\xc8R\xdd\x88\x90\x00\x935\x85\x82YA\xf7\x05\xbc\xafK\xe8\xcc\xf0s\xb8\xd3\x0f\xa4\x17K\x3e\x0e\xbc\xf8\x8b\xec\x1d\xcc\xbd\xdf\xcf\xe2\xd6\x7b\xb2\x8e\x25\xb5\x91\x185\xb0\x8d\x2bv\xc0\xadx\xbf\xd9\xe4\x1e\xf0\x91\xf9\xe8\x3d\x5f\xd0\x3d\xd0:\x9f\xc8\xec\x8a\x40.\x85\xc0\x96\x10\x2d\xc5p\x2b\xec\x17\x93\xd9\xee\xce\x11\xec\x9b\xfck\xe8\xdb\xdb\x26\xc8lv\xea9\xc6\xb2d\xfb\x18\x0f\xedd\x8e\x3b\xfe\xbf \xb3\x7e\xff\xf1\x5bP\xcf\x0e\x17OM\xc2\xc7\xc1\xc7\x1b\xa3\xdd\xa0\xf0\xa5\xbd\xf1\x049\xd5y\xf3\x3b\x9b\x1c3\xe2l\xcc\xae\x0d\xe7\x19\xd8\xea\x08\x03f\x7b9\x8f\xb3\xaf\x8f\x3b:\xd9\xbd\xce\xcc\x28\xbc\x1aCf\xce\x19\x18\x1c\x0cTRC\xc3!\xf6\xfe7Jj\x11\xe5\xe5Z\xb4\xab\xa7\xa9S\xdb\xa5\xe3\xe4o\xbc7\xcf\x28\x5f\xbf\x8f\x82\x1a\xc1h\x09K\xcd\x2aD\xf1\x2c\x1b\xfe\x0a\xb6\x2b\xa3\xa8\x10pf\xea\xc3\x10\x1c.\xab\xcdN\xd2\x17\x05\xd0\x17\xe7\xb6p\xe9\x03\x91\xcc\xff\x60f\xb1\x1a\x14\x15\xbd\x8c\x26C\xc3\x60\x96\x097\xe58\x9c\xba6\xa2zI\x06J\x1b\xd1DC\x81\x5bE\x84\x8c4\x1c\x5d\xcc\xde\xa9\x1c\x7d\xce\x2cw\xbdd\xf9\x13\x0aT\xc2\xe9\xf0\x40\xc61\xc9\x7b\x87\xd4?\xf9\xb6\x60x\xbcxZ\xe6D\x99BMPD4\x04\xd7\x13?\xeePE\x1d\x08O\x1e\x16\xc3t\x11\x84\xa9y\x25\xa09O\xed\xac\xf5\x02?3\xba\xa4\xd4\xbb\x12\x24\xba\xa6\x89f\x83\xee\x98 \xf0\x9eJ\xef\xab\x11pp\xbf\x02!C\x96it\x2ff\xbd\xea\x195\xab\x82\x98\xd1\x11M\xd1\x04\xc7\xf8g\x14\x2f\xe3\xb2\x85M\x0e\x9d\x91\xa7uNo\x84\xa8\xa5\x83\x12\xd2\xc9\xf3\x90\x3ep\xec\xfe6\xdd\x7f\xceL\x7b\xbcQ\xbcVi\xde\xb6\x13\xd6E\xf9\x7c\x86\xf5\x9c\x8bJ\xcca\x9fr\xec\x95\xe0K\x19\xdc\x01\xad\xfdz\xbf\x26\x05\x992\xa0\xf3\x9b\x22d\x16\x92\xd7!\x03\xb4.\xd7\x1b\xf6\x0f?\xc11\x17ERa\xc0\x1f\xca\xde\xc5\xcd\xe3W2\xf8\x8a\xe5\xd9\xb1\x18\x1bK\x96\x03\xaf\xf6l\xe5\xc2\x90\x40q\x0c\xaa\xe3\xff\x08\x831r\xc1\xf7P\x5c\xad\x1c\x12\x0anJ\x1e\xb4\xccB\x5e\x94</data></match></read>
    <write><data>2\x0a</data></write>
    <write><data>4\x0a</data></write>
    <write><data>12\x0a</data></write>
    <write><data>ZQBgztZfTpbS\x0a</data></write>
    <write><data>21\x0a</data></write>
    <write><data>proviso eperon zenana\x0a</data></write>
    <read><delim>\x0a</delim><match><data>Added signature to database</data></match></read>
    <write><data>1\x0a</data></write>
    <write><data>12\x0a</data></write>
    <write><data>cN\x2feJeyemcLZ\x0a</data></write>
    <write><data>39\x0a</data></write>
    <write><data>leprosy penologist neutralized retrorse\x0a</data></write>
    <read><delim>\x0a</delim><match><data>Added signature to database</data></match></read>
    <write><data>520\x0a</data></write>
    <write><data>honored complete machination promiscuously pooh extremum fairly breasts frondeur mess descension scamper corselet cephalopoda superfatted tumbling forehanded thallophytic factually schedule ineffectually nonextension anthelmintic astronaut aerobe ride querulous vavasour little selfinterested curettage adience gladii coveting granulated sardonic unergo triplicity aridity cytotoxic watered entablature deviously unpriced inordinate admeasurement comfortableness pycnodysostosis nonrepresentational fourpence concussion </data></write>
    <write><data>0\x0a</data></write>
</replay>
</pov>