<?xml version="1.0" standalone="no" ?>
<!DOCTYPE pov SYSTEM "/usr/share/cgc-docs/replay.dtd">
<pov>
<cbid>service</cbid>
<seed>d5c888da812758f9b0af99d6ca8b21cce72f19b6e76b42a1de12c09765bba2699e18351b17598051698fc32e394845c9</seed>
<replay>
    <write><data>\x12\xb3\x8d\x3c</data></write>
    <read><length>4096</length><match><data>\x12\xb3\x8d\x3cn\x85Tw\xdf\x87G\x8e\x89\xa7\xf3\xb8I\xe1\xb9\x23\xcb\x10\xe2\xf9\xd2\xb4\x1f\x96\xce\xc5\x7f5.\x0b\xe1\x0b\x1f\x3c\xfe\xf2\x7f\x25\xe7\xd2p\x5c\x0b\x1a.\x5d\x04\xad\xbdBF\x02\xed\xa9\x00\x9fu\x98\xd4\xcdj\x01U\x22\x83\x16\x11l\x23\x18\x7c\x0b\x1b\x9f\xd7!\xefR\x9d\x10\xe0\xa0yy\xa0\xfc\xb2\xaa\xe5\x07\xa1n\x98\xc4\xb9\xa6\xa9\x96\xe0m\x91Ik\x8dc\x81C\x5b\xdc\xe2\x8aJ\xd10\x1b\x9a\x1f\xb3r\x26\xacfa\x15N\xa47\x8bp\xb0\x89\xb1\xaa\x5c\x87\xe1\x88\xe4\xda\xe0\x8f3oz\x0c\xe8\x03\xd1\x81\x7f\x15h\xb4\x24\x5d\x81P\x01Q\x2b\xaf\x17\xa28\xcb\x86q6\x23r\xf1XX\xa0!\x81\xecu\x94\xf1\x04\x2d\x8f\x97W\x85\xa4u2L\xa4q\xa1\xe8.\xc8\xa5B\xec\xac\xae\xa1\xb3\xa4\xa6\xe1\xd5\xca\xaa\xf7\xa5\x86p\x0d\x8b\xbc\xdd\xc3\x8d\xac\xe2\x2b\xd8\x0c\xfeg\x12\xe8Kk\xf1L\x98c\x26w\x7d\xd1\x5c\x96\xa7F\x27\x9aM\xeb\x1a\xc0O\x8bcV\xa3\xf5\xc4g\x0dgi\x8d\x1b\x3e\x88\xc2\x24u\x7f\x19B\xcc\xeb\x8b38c\x08\xb1\x3e\xea\x27\xa2D\xc6\xca\x0f\x23\x3c\x13M\xbah\x1f\xd6hn\xbcU\xc3\x0b\x26\xba\x7e\x0e\x9d\x3b\x7ehN\xd4\x02\xe8\xa8?T\x17\xa1r\x29N6\x2a0i\x85\x92\x7f\xc7\xf0\x93\xd5r\xaaI\xf6\x04\x95\x0d\xed5\x5c\xfc\xb6\x86\x0f\x19\x14\x9aP\xa0\xc2\xa7\xfd\xeb4r.\x97\xb2\xc2\xf9\xc3Ov\xae\x2be\xd9\x87\xe4\xba\x00\xa0\x5c\xe3Bp\x5d\x03\x02\xcb\x90u\x24N3P\x2be\x07I\xb3\x9bl\x3c\x07Vf\xb4\xfa\x107\x8a\xc6\x81\xf5\x10\x9eI\xf8f\x08\x06v\x3c\x3d\x7e\xbe\x8a\x91L\xd5\x06\x11\x8e\x2d\x60\x7f\xa3\xeb\xadW\x96\x85\x874\x1c\x3c\x02\x9d8P\xa4\xfe\xe43\xa8\xa0\xe3\xfc\xf7\x1f\xdf\x92\x07 h\xba\x3e\xd0\xd4\x16t\xcf\x24\xbe\x26\x404co\xae\xbeT\xfe\xb4W\xab\xd09\xaf\x16\x0f8\xb8\x94\xdc\xfe\xcf\xc1\x8fL\x0c\xc16S\xceJ?\x0a\xbeei\x983\xab\xdf\x9at\x11\x1b\xce\x03\x8cF\xc8\xb1\x28!\xdd\x85n\xff!\x3d\xd8\x06\x23\xb66bn\x24B\x87\xc1\xb9\x28\xdf\x02\xa7\xc4\xf0L\xcb0\xce\x40\xc4\xf7\x5fz\xd2\x9e\xad\xb0\x03\xda\xd8z\xc8\x88\xd7K\xe6\xa3\x2f \xe8\xb1a\x7c\x96\xf4\xa56\x23\x23\x11\x94e\xa6\x8f\x09\xe8\xa2\xd4\x7bP\x18\xd9\x8dr\xbb\x14\xd31\x87\x8a\xfa\x9fi\x06\xccG\x1c\xea\xe5\xbd\x3dJZF\x5eP:\xb2YI\xb7D\x0c\x28\x08\x11l\xde\x00U\xeb\x8bs\xd9\x13\x1fc\xb16\xc8\xb3\xa0\x14\xb2\xdb\xae\x14\xdfK\xde\xc26\x99\xa7\x15\xca\x9d\xf8\xc4\xe2\xa2\x16\xc5\x7d\xfa\x16\x0cPL.YB\x19\xc6\xbb\xb1d\xbe\x04\xbd\xfd\xac\xb3C\xd2HqYI\x90\xe9\xd5\x23\xb4\xfd\x26\xd3\x0a\xcf\x1amE\x2aF\x60\xcc\x11\xea\x1e\xe5\x81?\xec\x2c\x09\x8a\x23\x2d\x83\xc5\x04\xa4\x92\x27\x9a\xb4\x02\x0dP\x03\xcf\x9c.\xebb\xb7\xf1b.IW\xcc\x7f\x24\xac\x2cj\xdb\xef\xa4\xbe\xf9\x60\xc4W\xa9\xd6\x14T\x2a\xc8\x0e\xc5\xa4\xec\xb3\x08uA\xac\x9e8\x17\x28\x84\xea\x2f\x06\xac\xc7\xa5u\xf4\xec\x26K\x15Ei\xbe\x0fW\x1eeN\x1c\xbc\xf6\x1a\x90\xc7\xd8\x83\xb8\xa5\xd4\xc0\xa2\x9e\x7dQJY\x8a\xd7\xad\x15\xac\xbb\xc5\xf0\xdf\x80G\xed\xed\x3d\x1f\xe4\x2cj1\xe4\xa0\x9c\xe3\xd1\xdb\x17N\xd0\xaf\x7bu\xeb\xbc\xf7\x253\x282j\xe3H\xe4\xe8\x90\x97\x84\x5d\x26\xb0\x98\xb6\x902\x972x\xe4\xf7\x22\xf4E\xb2\xdf\x91a?6\x2f\x5c\x2a5\x16f\xfcq\x86\x7b\x29\xd9L\xbfc\xf5\x87!\xb3\x9b\xf0\x24\xb5u\xe4I\xdf\xa5z\xceV\xf08\xd0\xc1n\xa5\x1c\xbd\xe8QB\x9d\xff\xbe\xe5\xe5\x8c?\x8aW\x3b\xe9\xe0\x0c\xe2W \xe6Oc\xb0\xdb\x85R\xa6\x03\xe8h0\xf9i\x5c!\xddr\x0f\xd8\x9d\xa8N\xd1A\xd2\x80\xa5Pu\xa7\xb7\xf9\x1b\xa6A\xab\xe0X\x9aAt\x262\xd6u\xde\xa1\x2b\x3c\xe8a\x85r\x91HG\x84s\xe5\xe1\xe3\xa2O\xe7\x2b\xc2\x94W\x867\x09\x82\xa1\xcd\xd6b\x7d\xe8\xa15\xbf\xcd\xe4\xb5\xd9\x93\x8d\x08:\x7f\xa0\xab\xd5G\xb8\x40\xc0\xc1q\xfevl\x97\xdeL\x93\x8b\xf5 ?\xb5\x25\xd36S\xf6\x5e\xfe\x7e!w?\x00U\xb8y\xe1\x01p\x08\x5c\xa3\x81\x97\xc1\xe8\xbd\xb1J\x01\xff\xaa\xf4H\x17\x1e\x5eK\x0b8\x83\x16\xf5E\x94\xaf\xd0\xf7\xc7\xa9\x0b\x9a\x9e\xf3\xef\xef\xce09\xfc\xa7\x18a\xaa\xc9Wf\xa6\x80\xc9V\x1a\xaem\xb1\x2afi\xcb\x27\xea\x8f\x9c\xe3\xf1\xc6\xc1q\x26\xd3\xa6\x86\x3b\xe7\xd0\x3d5\x179\x9bDKQ8\x10\xf4V\x1c4\x14\xa4\xde\xd1Au\xc0\x2dD\x83\x92\x12\x14\xc6\xa5\xa7\xda\x3d\xa9\xcfN9\x0f\xce\x7b\xda\x24\x91Z\x96\x10\x1d1\xb9Ye2\xd9\x86y?F\x870\x7b\xeft\xda\x05Pl\x11W.\xdc\xdb\x5e\x24p8q\x27N\x07\xf1\xc6\x846\xe1\x3e\xf9!\x02\x16\xb5\xac\xaa\x00B\x8c\x06\x10M2\xd6v\xf2\xbez\xec\x7f\xe1\x0al\xb6Fj\xb31\x97\xa2\xb4\x89\x97k\x2c\xbfRu\xe5z\xc5\xb6\x8b\x84\x9f\x8c\xf1\x27H\x2a\x147\xc7q\x92o\x2f\xf0\x92C\x0b\x07k\xeb\x8f\xc7\xba\x86\xfc\xe4\x1b\xf0\x02Y\xa2\x85S\x16\x0c\x1d:lu\x99\x7c\xfaw\x5b\xe3\xe4\xa1\xe1\x0e\x3b\xc3E\x22\x0f\x03\x988\x9d\x93878\x28u\xf2\x99\x02\x8fZB\x88PP\x29\xef\x5d7\x3b\xa4UYAV\xe9P\xb7u\xbb\x28K\xd0Q\xf4\x8ar\xf9\x26\x02Pg\xd7\xca\xb9\x5c\xc7\x1b\x13\xaa\xf4\x03\xa8\x3e\xd9t\x893aaS\xac\xb7v\xe6\xfb\x2a\xa3\x97\x08\x89\xcd T\x14\x3bNpH\xd8\xd9\x9as\x29\xd1\xc3\xdc\x8b\xd2h\x9a\xba\xcf\xd8\xe2\x0a\x93\xbb\x5dK\xa5\xc9\xb9\xfe\x13\x93\x905L\xa8Q\x7e\x8f\x96\x00\xa4\xec\xc99\x8e\x91\x91\xd1\x03\xcc\xd2\xb6W\x00.\x19\x932l\x5eK\x0cO6\xf4\x9b\xfb\x11\x22\xcf\xb0\xca\x5e\x8b\xe3WO\xc6\xa4E\xed\x08\xec\x12\xa5\x02\xb8\xf7\xf2\xf8\x96\x99hXQ\x40\xae\xc3\xc4\xfe\xf0\xf4\x5b\xfc\x92k\xec\xf2\x88\x04\x97\xc7\x0f\xeaT\x9e\xaf\x2bC\x09\x40\x03\x92\x22a.\xb5\x28\x5btA\x8b\x3e\x91\x1d\xaf\xcc \x86I\x8e\xf2\x7c\x9d\x24\xcd\x3eCv\xd7\x0a\xad\xf1\x40\xf7\x98?y\x1a\xf8\xca\x1a\xe6\xaa\xdc\x7fD\xefV\x8f\xafpi\x2d\xd8\xdc\x17\xe4\x05i\xd2\x2dZ\xb2\x06\x3cT\x25m\xb1\xcc\xcaA\x8f\xa9\x8b4\x3ez\xf6\xe4A\xd8\xbf\xfd\x14c\xf1e\xd0\x84v\x10\x97\xce\xe5\xe6\xcf\x23\xb3\xca\x8e\xfd\x9d\x92\x3c\x1d\xb3\x3eX2\x7b\xe7\xcc\x5c\x87\x90R\xb1\x91\x24\xe9l\x22R\xc7\x0c\xcc\xe5n3\xb6\x15f\xf9\x14E\xb1\x9d\xa8\xf4\x5d\xb9\xf0\x80\xc3W\xc8\x5e\x9c\xa9\xdf\xab\x2c\xfc0\x03\xcc\x0cq\x1d\xd4\xb1\x83\xe6:\xd8\x80\x1b\x5b92\xc3I\xce\xcb\x1e\x1d\x7e\x935\xc5N\xa0jR\x18\xf8\x29\x1fL\x0a\xae\xd8\xaeT\xb4\xdd\x9d\xf7\xbcG\xdd\x24\x9c\xfc\x5bA\x0a\x2b\xc8\x16\xa62\xbb\xa4\xb0\x9a\xc1\xaeVA\xadW\xa4\xa2\x2f\xb2F\xac\xfc\x7b\x15\x85\x8fM\x0e\x905\xbb\xe9\xe9\xc5\x24\x24\xf0\x0a\x3bD\xe7\x02\xa5\xa1\x5b\xec6\xda\xdbNXsB\x98\xf0\xdb\x0f\xc0\xda3\x60j\x97\xcc\xec\x2f\x10\xed\xaf\xb2\xf4y\x02\x19\xc5\x14\xcf\x1a\x10o\xbfo\xe8\xbaYn\xb6\xf7V5\x18\xcc\x0a9b\x08\xd8\x9b5\x29\x12T\xc7\x25\xe0\x28\x3e\x5d\x0cs0A\xfa\x9a\xf0\x97\x95\x8f\xaa\x18\xb8\x2d\xc9\xb9\x3d5\xd6\x8b\x008\x13\x1ar\x86\xc7\xdc\x28X\xc4\x5c\x7c\x11\x93\xe7\x92\x7cv\x07\xa8\x0d\xbb\xc5\xb2\xe4\xee0\x16\x7c\xdd\xa0\x9cAi\x7b\xeb\x11\xac2\x96\x08\xe5\x8a\x10\xa4q\xefT\xe7\xfe\x10\x2d\x12\x9fb\xee\x18\x04\xd1\x5e\x87\x97\xacHM\x7fbQ\xda\xae5\xf7\xf5\x27\x25c\x3e\x25M\xfa\x91\xa47j\xcd\xfa\x92\xf22a\xbf\x3e\xe7\x11u\x5e\x98iO.\xf3y\xb4O\x10\xaa\x0fs\xd8\x2b\x91\xaa\x86\x2b\x5e\xda\xca \xd9\xae\x27\xe8\x282\xc5\x5e9\xe7\x12\x11\xae\x9f\xb6\xf9x\xe8V\xfe\xdcKnO\xf0\xa0\xf0\x40T\x96\x12Y\x97\xe9\xd9\x0a\x3d5\xa6\xc61\x85\xb8\xc9\x92\x09\xe8\xd3\x8f\xd7\xa3\xfc\x10\x11\xfd!v2\xcb\xc5\x1e\x99\xea\x8d\xee\xe8\x99\xb1\xa0\x1e\x98\x5c\xcee\x22\x236\xa2\x0a\xb3cO\xe2J\xe4\xcd\xff\x8b\x82\xebk\x2c\x27\xb9v:\xfe\xd5r\xec\xcf\x94 \x9c\xbc\x0dj KJx\x22\x0b8\xab\x2aR\xf6n\xe6\xe3\x83\x97Y\x06\xfb\x90\xd1\x8c\xc2\x1e\xa6\x84U\x80\x19\x12\x8d\x96\xfd\xf9\xcf\xc1\xdc\x82\xe7\x3e\x5dc\x0b\x9b\x26\xd3\x1a\xcdIB\x40\xb4\xa8f\x87\xf9WD5\x5d\xc9mS\x8f\xb8\x13\xbb\x82O\x5d\xdd\xb5:\xa0\xcf\x11\x85\x7e\x1d\xdb\xdb3eXr70n\x92\x9d\xc8q\x2b\x91H\xffj\xf5\xb5N\xa7\x7e\x0a\x0a\x02Q\xdd\x0f\x29\xc7\x1c\xf6\xd0P\xbe\x3b\xab\x82\x91\xb0\xdb\xf7\x7b\x1f!h\xbe\xc4\xcb\x5b\x134\x0e\x1f\x91\xe6\x15S\x7b\xbc\x90\xe7\x05\x85\xa5\x7c\x93\xc2z\xf0\x0a\x25!\xbf\x29\xc4\xe1P\x7c\x7f\xff\x94\xff\x10\xab4\xc1\xc4Ytx\x0e\xd7gC\x05\x03\xce\xb3\xde1m\x97pg\xa9\x85\xa9\xc7\xba\xbe\x7d\x1f\x16\x5e\xd2\x22\x0f\x8f\xc4\xc4\x80\x40\x12\x7eS\x0fi\xed\xdet\xfc\x80\x05\x93\xfb\x82\xc3\x88\xd7\xe9I4\xac\xcd\xfc\xa5y\xe4R\x9b\xe5\xd0\x05\xb3\x9b\xa4\x3b\x12\x04D\xfbT\xc7\x86\xed\xd5\xba\xa3T\x7d\xa3\x9c\x25\xd2\xd2\x3b\x22\x08\xaa\xac\xa0\xcc\xc4\xba\xbb\x93\x88w\x92\xa4\xf7\x60\xec\x0c\xc6j\x2a\xe3\xc0\x14\x96\x3c\xca\x07\xed\x99\x9c\xda\x0f\x9b\x01\x8f\xb1\xd6\xba\xda4?\x5fw\x00\xaa\xdaI\x3dl\xde?Rr0\xd8LC\xf7\x94\x0bp\x80\x23\xa1\x1f\x9f\x1b\xef\xfa\xfc\x8dX\x19\xff\xd3\x08\xf9\x8b\x8b\xeb\x93\x84\xae\xc8k\x9c\x07h\x00\xbeA\x3d\xc9Q\x5d\x22\x8fP\xc3\xcd\xe6\xdf\xaaw\x8f\xa2\x2d\x08\xc8\xfb\xbe\x91\x18IW\x26\x25D\x97!\xde\x1aI\x91\x88\x99\x9d\x7bn\xe3\xe3\x1dJ\x8aJ\xf8D\x11\xd0\xa1\x1d\x7e\x85\x05\xe2\x2c\xb5\xd3\x0f\xe2\xb3\xd1\xaa\xc5\x18O\x24\x8dY\xe8\xd2\xa3\x1d\xf0wu\xedc\xc2\x2b\x18E\x18\x3d\x7c\x95\xa7Uj\xad\x8bA\xae\x7e\x5f\x5b\x22\x99\xe5\xa6\xe2\xc0\xe9\x09\xb6\x1c\x97\xa8\x8fKq\x96\xa3\x3e\xfei\xb9J\x27\xf9\x93\x8b\xa7\xfd\xfd!d\x23\xdatw\xb1O\xd9\x05\x81\xe6\xe1\xfe\x13\xab\xf1\x80s\x7f\x29F\xc2\x8d\x82\x9a\x8f\xd4w\x0dcyc\x82\xe33t\xab\x7d\x80\x088\xa2\x04\xb6\x08i\xa2\xd1\xbfFsX\xc8\xcd\xd4\xd8w\xdf\xb4\x5b\xfa\x3b\x11.\x1bY\xe9\xea\x3d\x84\x0f\xbd\xaf\x26\x1c\x04\xd1Y\xd2\x28\x2bY\x7b\xbc\xd3\xdb\xdf\x26?\x1f2\xb7S\xba.\x7b\xa0\xe8y\x0c\x89\xbag\xed\x0f\x0cH\x11\x12GT\xf6\x126\x94\xe1\x7b\xfb\x01\xfd\x87t\xdc\x18\x8f\xb24\x7f\xf2\xff\xf4\xc2Sa\xd5y\x2b\x1b\x9c\x0f.\x1b\x8e\x88\xe3\x0c\xd1\x841\xb7M\xc5\xf2\x3c\xd6\x9c\xcb\x84\x93F\x1e\x60\x2a\x9d\xbc\xecQ\x0f\xca\xc5\x00Xj\xa19\x26\xed\xc6\xf5M\x16v\xb4\xf1\xc2\x09\xc1\x8fG\x12\xa3\x2f\x2b1!\xac\xce\xaa\xf0\xb9\xe2\x95:\x8e\x19\xdc\x3c\x5e4\x9bAE\xc1\xef\xdc\xbf\xc0DM\x8f.\x13\x3d\xf6\xc6?\x912\x8f\xf0\xe1\xbdV\x120\xa92\xab\xc4\x0e\xf7\xba\xd8\xc9\x1e\xffd\x23\xc6\x95wuhy\x15\xfe\xa4\x92u\x92I?\xc9\x2f\x89w\xce5\xf9\x10\xd2\x89\xecS\x2f \xf8\x2dz\xb2\xd5\x60\x2c\x5dY\x93\xa0\xd1\xf6\x5d.\x93YQ\x93\xb7\x3cf\xbfM\x2d\x1e\xb0\xb7\xfa\xe1\xf1\x98\x8c\x9ab\xd5\xfa\x5c\x81u\x04\xfe\x0d\xc2y\x24\xc3\x98\x80g\xbf\xebId\x295\x5e\xbfXwzk\xbd\xefR\x00\x29\x2c\xa7\x5b\xb0\xd1\x91\xfc\xe8H\xa0\xf1\xc4\xa1Mr\x81L\x00\x25\xf3Y\xce\xb8\x0dS\x1a3\x9dt\x09\x9a\x18C\x5fg\x06\x00\x0a\x06\x26\xa5\xfe\xe8\x24\x9dm\x96\x88N\x3e\x18\x8b\xa3\x93j\x28\x25\xd2\xdd\xbb\x26\xa8\x1f\xc1\x83qG\xe3\x12W\x92\xec\x2f\x92\x8f\xad\xee\x7e\xd3CiG\xd0\x2c \x03\x7c\x9d\x95\x00\xbb\xcb\x8e1\xca\xfa\xed\xfb\xaf\xde\x92\xfe\xd5\xcf\xff\xb1\xf6d\xdab\xa3a9\xdb\xa6\xa3\xb5k\xc1\xb7\x1b\xbe\xdc3\x5cL9\xc7\xce7\x07\xdd\xff\xdaK\x18\xb9\xd4\x97\xa9\x1a\xda\xb6\xb9x\x17\x84\xd8\xe1\xa8\xd1\xa7\xcd\xc3\x9ed\x1fT\x7f\x7f\xf2\x07\x88\xc3\xcf\xe1\xffcQ\x10\x80\xaf\xc4b\xf7\xe2\xde\xc3\xba\xb8\x14\xc87\x8a\x3e\xa1\xe0p9\x3d\xa4F\x88 Q\xd8\x93Q\x839J\xb2\x83\x84\x9b\x1a\x02\x83\x1c\xf6\xefc\x3b\xcad\x18\xfcu \xbd\xd0\xd4\xd6\xe70\x0c\xd2\x5fo\xee\xfa\xbe\xdd\xb8\x3c\x9cz\x8f\xd3m\x1b\xf0\xe3x\x095\xb3\x01\xacG\x1f\xd5\x23\x95\x9e\x60\xbed\x15\xf3\xf4\x60\x9d\x5f\x24?\xdfN\x8d\xd3a1z\xaa\xe6\x1c\x7eS\x0bU\x27\xc3\x05\xe8\xc5\x10\x5f\xc1\x3c\xb2 \x81\xbddm\xd0\xbc\xb5vC\xb0\xa4\xd7\x12\xa5ZUN\xf3T\x93C\xfb\x1f\x95hO\xdf\xd7\xd5\xe9m\xca\x02\x1f\x9fU\x2a\xb66\xc4\xdd\x80\x0d\xd3\xca\x9bk\x01\x7ek\xda\x0a\xbe\xbb\x95\xba\x2aB\x7di\x7d\x9d\x190\xda\x88O\xbd\xa7\x96\x8c\xcc\x84\x29\x1f\x8b\x9bz\x60\x05\xfa\xb5\x1e\x021\x7bd\x8f\xc2\xc2\x91O\x1b\xfe\xb3\x94H\x95\x80dz\xa4K\xa7\x80\xa6I\xab\x98o9\x0a\x3b\x9f\x83\xf8\x22\xc7m\xfd\x13t\x7dP\x0c\x93\xb4\x7cC\x83\x82L\xb0\xba\x15\xf7U\x9b\x1fl\xf5k9\xc6\xcc\x5e\x13xHaSp\xb0\x24\x9a\x8d\xd5z\x0fB\xe8\x3e\x01\xbdP\xba\xdeT\xad\x05\x3b\x93\x9e\x88\x05\xd9\xef\xab\x03\x3b\xf5\x91!\xed\xa6\xca\x2d\x98\x89r\x90\xdesS\x27\xc9\x1f\xca\xff\x88\x91\x8e\xa7\xbc\xbe\x60P\x87a\xd1\x5b\x9d\xe4\x60\xe7:\x0b\xae\xd0\xa7\xf6\xda?\x9e\x3e\x8b\x97o\x15\x0fC\x3e\x95\x5e\x60\xab\x7f\x8a\x17\x95\xfeW\x0f\xfa\x02\x94\xf0\xc2\xf7\xfc\xc9\x24\x86\xd4\xedw\xa3\x19\xef\x04\xfb0\xb4.\x84\xd47\xd8\x9aFL\xc0\xdc\xa2\x3da\x27\x2f\xd7 \x1c\xd6\xb7\xe9\xce\x9a\xb3\x2d\x9c\x1ep\x22\xb4\xc1\x0bq\xfd\xbc\xee\x11\xb6\xb3\xea\xfc\xd71\x85?\x05\x82\xfb\xba\x7dV\xdf\xa6\xf9\x19\xe8c\x82E\xc3\xb0\xe1\xb0?J\xf5\x8a\xacu\x25x\xee\xf0Z\x2d\x96u\x22Dv\xdd\x7b\x28\xb8\x86\x9c\x91\x03\x97\x93\xb8\xe3\xb8nl\xac\xd9\x5fN\xd5\xc5\x0a\xd2\x1fC\xeab\xdcEg\xd2xC\xa1l\xc9\x10\xa4\x11\x1d\x02!\x82\x90\xa1\x7e\xd8\x0b\xe1\x01\x1a\xc6!\xe7\xa9\xe5\xae\xab\x91\xe4r\x99\x89v\x19\x92\xd9\x94\xc7\xa2\xeb\xb0\x26Y\x14\xd9\x2c\xf8\xa9\x8b\xf4!\x237\xc8\x98\x9a\x94\x03\xea\xd2\x8c\x5b\xa4\xde\x96\xfe\xae\xc7\x81:4\x8c\x86\x60\xdd\x5e\xda\x1fy\x96w\x0aZ:\xdf\x96\x8c\xf3\x5cx\x18\x9f\x3d\xb7\x9d\x7dEB\xef\x8b\xf8\x144\x3d\x3b\xd2\x84\xce\xc6\x8a5\x28\x86\xaaL\x9dJ\xf6\xf1\x14u\x3dL\x82\x25\xb2\x97k\xfa\xd0\x09\xa0\xc3\x19F\x23QJf\xb0\xa3B\x9a\x87\xd4\xebUe\xa7\xc2\x27O\xe0\x22\xb1\xe0\x89a\x3e\xa2gk\xf2\xc8\x84\x0eF\x0fTE8n\x2d\xb4\x8eA\xa0T\x85\x9a\x9b\x28s\x3e\x99\xd7\x0c\x2c\xff\xc0c\xa4\xa8\xfe\x11\xe3\x7c\xbcJ\xcd\x9f\xfcE\x0f\xd7\x1b\xd8b\xfa\xb2\x95\xea\xbe\x96\xfa\xb8p\xc2\x94\xe9\xb1\x1b\x97x\x82\x95\xe0w\x90\xd2\x01\xd5R\xbd\x1b\xdf\xcd\xb69\xb3\xed\x22\xb7\x84\x0f\xf8\xa2\x0eT\xb5\xb8gg\xa1\xa4\xb5P8\x06\x80\x0c\x886w\xb6y\x97\xbb\x19\xac\x0a\x26\xdb\x5dY6Z8Kc\xf0:\x9b\xe9!\xac\x3e\xaa\x91f\x89\xb8\x9fY\x88\xed\xe0\xbe\x09\xbbI\x7c\xa7\x17p\x8e2\x60\x06\x3d\xf5\xf1\xa9\x60\xbe\xfb\xed\x02\x24b\x98\x89\xb0\x9dE\x5d\x3b\xc9\x9e\x275\x3b\x8b\xfa\xff\xa4\xc1\x18ypr\xea\x23\xde\xa3e\xca\x88\x03\xc9 \x3b\xe1\x8cK\xa8v\x00\x5e\x5b\x12\xa6\x1d\xa3\x94en\x0f\xccm\x82\xf8\xebX\x60\xec\x18\x0bO\x2f\x03\x7d\x81\x1e\xe1\xfc\xe1\xe5\x5b\xb6r\xb0\x0bd\xe2\xf5k\x40z\x5b\xe2\x85\xcaei\x29\xd9\xa5\x5d\x86\xebI\x18\xcf\xa4\x01\xaa\xb1\x87R5\x92\x26\xbd\xd6\x14\x86\xbb3\xd7\xcb\x284\xd0\xcdy\xb5\xf56\xdf\xd5\xb0V\xe4\x85\xa1\xd5q\xb8\x289\x90\xa2K\xca\xb6\xe8\x1d.\xf3\x8c\xd5\xc5\x14\x04\x91T\xbd\x055D\x1d\xcc\xda\x7f\x3d\xba\x86\xa9R\x7d\xe7\x86\xe69\x92\xfe\xee\xa2\xde3\xa3\x00\xff!\xec\x22\x86yJ0\xe8\xbd\x3dn\xddA\xe6\x1b0\x1au\x1e \xe9\x5b\xe0\xd7\xd68\xbd\xb2\x06</data></match></read>
    <write><data>1\x0a</data></write>
    <write><data>2\x0a</data></write>
    <write><data>12\x0a</data></write>
    <write><data>ZGBGtKtFpjVS\x0a</data></write>
    <write><data>116\x0a</data></write>
    <write><data>mediatize flunkeyism indebtedness pinhole burgeon mediatorship fencible unscrupulousness foram patrol showers chokey\x0a</data></write>
    <read><delim>\x0a</delim><match><data>Added signature to database</data></match></read>
    <write><data>218\x0a</data></write>
    <write><data>hibernal ravigote prefigure primigenous suppose ld brand arguer warrior demigration mediatize flunkeyism indebtedness pinhole burgeon mediatorship fencible unscrupulousness foram patrol showers chokey propylon sculler </data></write>
    <read><delim>\x0a</delim><match><data>ZGBGtKtFpjVS \x2d GUARDED \x2d b37335f8</data></match></read>
    <write><data>395\x0a</data></write>
    <write><data>vaseline dibs fruiterer heralded created firmiana tromp gem coastguard arcadian rheum marks master agonus zenana hateful systole batter gropius womanly bubo tody handset skiagraphy jobbery ghastliness nymphomaniac craw exuberantly panacea gloominess reclining alveolitis mexico mediatize flunkeyism indebtedness pinhole burgeon mediatorship fencible unscrupulousness foram patrol showers chokey </data></write>
    <read><delim>\x0a</delim><match><data>ZGBGtKtFpjVS \x2d GUARDED \x2d b37335f8</data></match></read>
    <write><data>0\x0a</data></write>
</replay>
</pov>