<?xml version="1.0" standalone="no" ?>
<!DOCTYPE pov SYSTEM "/usr/share/cgc-docs/replay.dtd">
<pov>
<cbid>service</cbid>
<seed>fc6cfbe99eb3ecd73aaf3554f3d7ade1653ac8015436377942379af0066d9c50421f62bd8ed8f520489ba9b51a7aaa8f</seed>
<replay>
    <write><data>2\x3e\xe4\xb9</data></write>
    <read><length>4096</length><match><data>2\x3e\xe4\xb9S\xcb\x7fz\xbe\x9c\x07\xed\x23\x83\x2a\xef\x9a\xa0\x8bzc\xf9F\xa5\x98\xc9\x8cZ\xa5\x7e\x98\x99\x99\x60\x88\xb5a\xe2Z\x98\xae\xdfK\xb1\xdf 8\xa8C\xda\xacjd\x3d\xa4\x82Eq\xfe\x03\x2c4u\xe85\xae\xdfj\x01\x96M\x0ak:\x16\xd1\x02\x0bQB\xc9\xc6\xfd\x8f\xb8\xe17\x11x\xbf\xafl\x0a\x85\xc4\x0d\xa3\xbc\xe6\xbb\xfdT\xc4\xd2\x1fz3\x22\xbcw\x06\x7f\xb7\xf8XOfZZ\x9e\xc8\xe4\xb4\x8f\x9d: \x05\xb0\x3c\xb2Ptug\x90\x15\xb3\x176C\xa8\x8eh\x02\x03\xcaxto\x1f\x90\x8ap\x7d\x7ee\x1f\xf9j\x89\xf2\x5e\xe4\xc9\xe3v\xa0\x23\xb8\x10\xcbE\xfa\xa1\xf7\x0c\xce\x08B4\xe6\xb0S\xf8IHJ\xaa\xa4\x1b\x7b\x19\x195\x10\xa7UT\xa8\x9c\xfeLNV\x92\x9cV\xf8l\xb1\x7f\x18\xae\x19\x2b\x89\x8f\x1d\xb5\xd2d\xc7\x0f\x83L\x1e\xf9f\x81\x89\x18\x25\x8e\x8d\x8b\xbc\x7f\x3bgfW\xd1V\xf4\x5cq\x0bwG\xf5\x13RF\x8e\x3b\xces\x81\xb5\x80\xa6\x8c\xf4\x01\xf3\x1a\xc0\x98\x1b8\x88\xf7\x84\xd5\xc2DW\xc5mA\xca\x1c\xe3F\x86\xf5\xca\x04\x9f\xfe\x23\x5e.\x9b\x5c\xe8\xd1\x13m\xe65c\xd3\x83A\x23\xb7\x5c\xad\xc9\xddw\x0f\x0a\x07\xb1V\x95\x99\x22Y\xf0\xc24\x04f\xb7\xef \xe0\xf5p\xf0\xfft2\x0c\x02\xad\x0f\x155\x11\x95\xc0a\xb5\x94\xbd\xf2\x8a\xa1\xb3\xff\x96\x16\x1c.\x1a2\x29g\x9a\xe32b\xa5Db\xff\xd5\xcc\x2a\xd8n\xc3\xfc.9\xe4e\x0f\x96\x7f\xa0\xab\x0c\x0f\xae\xe8\x96\x1f\xfa\xd3\x84\xfa\x1b\xcc\xc1\xc4A\x9a\x9f\xa1\xc0\xd8\x2f1\xf1\x01\xea\xee\xa1\xb4P\xd5\x90\xd1\xf0\x25\xfe\x8e0\xa9\xb1\x8e\xf7\xa11\x01\xe2ww\x3bQ\x07\x19e\x26\x92W!\xa2\x16\x24\x0d\x17x\xbfQ\x7f.\x226\x0c\x3c\xaei\x08\xba3\xc4G\xbe\xdft\x98\x29\x05\x1by\x84\x04\x27z\xbf\x24\x1e\xb7\x81Y\x0f\xde\xfe\x10\xb8\x81\x7e\xcd7\xc6a\xef\xbc\x90\xccM\x85\xe0\x1e\x99\xcd\x88:\x23\xa8x\x23\x94\x97\xf36n4n\x80\x84\xe5\xc7w\xa2\x11f\xf65\x14\xbe\xcb\xd6\x12\xc7\xe9\xc1\xbeV\xad\xa9w\x83\xa0A\xe6\xcaI\x27\xee1s9L\xfe\xe8\x9c\xd7\x7d\x2d\x0d3\x1f\xd5\xe0\xccoZeG\x03\xde\x0a\xa6\x94W\xa8\xc6\x5f\x3b\xc2\x8a\x15\x1f\xa3\x18e\x13\xde\x89\xa4y\x14\xa3\x84i\x84\xf3\xce\xc8\xed\xa6\x878\x12\xd5A\xaaFE\x8bH\x88\xb6\xf2N\xaf\x1a\xf7tm\xbay\x80\xe9L\x1dU\xdbt\x91\x60N\x28u\xde\xb0\xd3\xdb\xf7\xfal4\xee\xdc\xa5qL\xaf\x10\xfe\x28\xd43p\xca\x08\x23\x80\xad\x18\x02\xf0c\xd6\xd0\x84\x04\xfe\x7c\x97\x9b\x93\xf1\xba\x86tQ\x80\xc1\xbdc\xfcIs4\xc9\x13\xd4\x83\x86\x7e\x27EM\x1c\x88\x06oP\x81\x13\xd1\x95\x86h3\x7d\xf4\xd7X\xb95bpX\x03\xd3\x91\xcd\x04r\xde\x81\xc6\x7b\xb2\x81\x8a\xafu\x80\xa5\xe3\x99\xbay\x0c\xdd\xdf\x9d\xfe\xa98\x08\x08\xb4\xff\xe1o\xfe\xf8D\x80\x82u\xa0\x00\xc1\x29\xa6\x0c\x94gHp\xbb\x0d\xfc\xab \x0bdk\x25j2\xfb\x92\xf2\x0c\x2b\xd8\xacP\x2b\xdd\xb2\x0f\xb1\xb8\x86\x1ePzL\x18\xe3\x17\xf9\x1f\xeeZ\x60\x19\x95\xb2\xeb\x11\xdb\x3cP\xd9H\x98\x5c\x82x\x03\x9a\x9f\xa0\xa5\xca\x2a\x02\x0e\xfa\x19j\xfc\x7cW\x7f3k\xba\xfa\x17UP\xc0\x25M\x2f\xe4c\xb4\xb2GwAz\x94\xaa\x2d\xe1\xc67d\x1a\xed\xec\xc8.\xb8\x1f\x91\x12.\xd3\x81\xa0s\x0c\x9c6\x1c\x2ck\x2b\xe3\xe2\xc6vqs\x13\xac!\xb5\xd9\xf7\x8d\x90\xed\xdd\xa5\xcb\x1f\x11\xee\xc0\x95Mo6\xac\x28\x126\xb544\xc4\x24Haf\x24\x83\xc8\x0a\xa8\xe7\xe9\x2a\xd4\xef\xea\xb3\x96\x0ef\xc2\x7b\x17\x1f7\xb2\x3b\xaa\x23mg\x0f\xa3.\xe4\xd5\xfd\xf5\x5c\x29\x29\x5f\x13\x23n d\x80\xd4\xd9d\xea\x84e\x29\x0c\xdcQ\x5f2\x15uO\x9d\xac\x0e\x89\xc9\x98\x0el\xef\xa2\x24\xe7\xf2\x3d\xd9\x8cGdx\x8ec\xf5v.\x982\xc5:\xfd\xbc\x5eGV\xb4\xd8O\x40\x93\xe4\xd3\xacihM\xa9\x0e\x87\xfd\xe2\xc0\xfa9\xf5\x86\xb7\xc8\x89\x08\xec\xba\xaaC\xd8\x0b\xd2\x94\xd2\x10\xcc\xab\x1c\x0d\x93Z\xeeJ\x1b\x1f\x06\x28\x7f\x17\xb9\xcd\x8f\xa3!\xca\x15O\x13\x950\x3d\xe5\xb8\x7f\xe2\xb0E\xab\x5de2R\x87J\xaf\x85\x2apT\x5bca\x8d\x90\x1b\x7c\x19\xb2\xad6b\xa0\xe4\x07\x8c\xe8\x25\xce\x11\xf2\xda\x95\x2c\x27\x22\xdc\xdb\xa3\xf7i\xd1\xf0\xc5Q\x0cJt\xc2\xff\xfc\xa8\xe1T\xfcw\x3d\xd2\xc2\x1f\xa1\x0a\x06\xaf?R\xa0\xa7\x3c\xf4\xeb\x96\x89\xf8\xf1\x83s\xce\x05\x9a\xc1B\x9aI\x82\x02\x8a\x86F\xf9\x82\xfaphE\xa0\x5c\x3d\x29O\xdc\x8b2d\x9a\xb9\x248Da\x25\xedQZ8\x60\xa1\x07wqHa\xa6\xe3gw\x23Aj\xbewn\xaa\x1dc\x02\xb0\xff0pI\x7f\x1e\x92\x09D\xeb\x7c\xf4y\x5er\xf6\x9b\xfdp\x7d\xf5\xeb\x85\x03\xc4t\xd6\xcbS\x06\x03\xd5\x27\xf1Cb\xbd\xaf\xcb\x89\x98\x00\x85\xcf\x85\x19\x2b\x040\x15\xe5\x5e\x01\xf1th\xcep\xea\xaeRYU\x1d\x98\x81\x166\xb5\xdd\xb0F\x02bnNb\xe2\x02\x86\x94\xdd\xa9\xc7\xcc\xd4\x0c\x87\xfd\xcfx\xce\x40:\xb8\x83\x2a\x5e\x82\x3b\xdc\x7f\xf3J\xd0\x8f\x94\x1a\xb3\xe1\x5e\x01\xb4\xc0\x2c\xfd\x8e\xf1\x19\xc7\x93J\xac\xa0N\xff\xbfI\x15\x2c\xddA\xee\x87J\xaa\x1e\x293\x26\xb6\x8cNO\xf6\xe1\x83.\x82L\x5c?\x8d\xf5\x82\xc8C4\x18uYEEhT\xaf\x7cao\xb7\x9b\xe7\x92\xab\x2b\xb1\xb0\x87Q\xd1\x94fzdW\x9f\x88A\x95\xa6\xae\xc83\x8f\xa8\x19\xe0\xe4c\xba5\xb2\x17\x1f\x25juB\x84B\xe9\xfa\x7d\x84\xde\x27\xccBR\x14\xc5Q\xb4\xe2\x91\x8d\xcf\xd9\x8d\xb9\x11\x24\xabb\x8e\xef5RgA0\x1cI\x04w:\xc0\xab\x3b\xd6\xf7U\x90H\x86K\x9c\x19\xdbTo\xcb\xe8\xdcb\xe2\xaf79\x8e\xef\xff\x16L\x7d\xfa\xf9\xe2\xb2\x06H\xa6r\xfa\xfd\xd0\xce\xc7\xbb\xde\x19XrF\xb9E\x97\x8b\xae\x1b\xf7\xafC\xf9\x96\x14\x16\xaf\xec\xf2g\xd7\xd2\x88\xb7A\x0a\x0b\xd7\xe9\xf8i\xf6\xaa!S\x94o\xe3\xf2\x83\x2f\xef\x0dd\x9a\xee\x08\x3d\xfd\x05\xafW\x94\xdd\x7f\x5b\xde\x22\x25\x90nV\x8e\xb0j\xa3\x12OL\xa4\x9b\xabmIxJ\x8f\x98\x80?\x3d\xe6\x28iQ\xeb\x04\x89\x1b\xb6h\x13F\xa9\xc2\x0bSS\xd3b\x19\x9f\x17P8\x057.\x40Z\xeb\x09\x90\x40e\xa9\xbc\x25\x5d\xdcA\xf8\xdf\xa2\xc4\x23\xe5N\xea\xe1\xb4\xe5\xadk\xe0\x2c\xe4\xafxo\x81n\xa5\x1d\x25\x7dY\xab3\x132F\x29\xd0Z\x88v\xbcC\x13\xb0\xd2p\xc7x?I\x12\x9d\xac\x93\x9a\x0fa\xee\x9af\x8c\xfc\xdf5\x28vy\xfd\xa1\xde\xd0\x8aD\x165\xa1\xbf\xea1V\xb6\x89\x12\x2b\xc1\xb4:\xd0\x81\xd9\x1b\x28\xfd\x9d\x83iy\x07\xbaG\xe7\x87\xc9l\x97\x2c\x1f\x88\xbd\xcdLY\x02\xaa\xbb\xa3\x15\xc9\xd9\x02\x8co\x93\xb7l\xe0\x1e\xab\x5d\xfe\xe0\x13\x19\xaa\x8f\xd9\xc3\x29\xe6X\xad\xb0xtZt\xcf\x85\xd3\x1b\x84\xe7\xb5\x96\xf3\x188a\x03\x23a\x9d\x0dqPa\xf31\x12W\x8a\xc23\xb4\x15\xf8\x88\xd7\x89\xd2\x9d\xcbc\x2d\x87\xda\xa1\x1e\xf7:c\xedq\x3d\x25U\xfeB\x91\x07m\xcb\x17c\xf3\xca\x99\xbc\xb9\x0aD?XA\x9a\xc3S\xc8\x18\xc3\xf7w\xb52\x5b\x2a\x3e\x9d\xac\xe6\x3c\x1bo\xa7\xa4\xb6\x01\x17\xe4\xc8\x8dXW\xc1\x11\x87\x1e\xb2\x9aiL\x89DI:D\x98\x8c\xed\x3e0\x25\x60f\xb5D\x82\x3b\x87\xaa\xbb\xe6\xbe\x14\x99\x1b\xce\xbe\x2fA \xf5E\x8f\x26\x89\xbdNB\xc6\xe57\x95\xad\x3c\x1b\xeb\x2b\xb6\xbe\xc0\xbdR\xb8\xf3\x90\xb1\xec\x18\xef\xa6\xd2w\x8d\x2d\xb2\x2a\xe4\xadkm\x5bM\x99h\x3cj\xdf\x1d\x98\xc9aF\x09\xa9\x10\xa2A5\x7e\xa0\xe1E!b\xb7\x90Fa\x3e\xdd\xf9n\x7c\x1a\xc2\xbc\x8d\x2c\xe9\xfc\xc5\xa1\x23\x91\xd6\xae\x99q\x25\x7c\xc8\x86\x22X\xaeG\xa9\x09v \x60\xd1\xe8\x07tb\xdcBs\x8e\xca\xabK\xd1\x03\x07\xbe\xf8\xf9\xf6O\x0d\xb8\xdb\x5fKw\xa9V\x22\x9a\x89P\x80\x9b\xe38T\xb0gU\xb5\xfb\xa2\xe5\xdbXy\xc2\xdf\xedi\x16\xf5\x5f\xac\x04t\x9eK\x0f\x9a\xe0\x7f\x7f\x16\xed\x07Cz\x1f\xd8\xf4\xed\x3b\xeb\xf4\xcez\x1a\xb4sg\xc5\xe0\x0e\x86\x3b\xc0g\x5fl\xf4\x5cP\xce\xc4S\x3c\xf3\xb2\x24y\x9c\x08\xbbm\xdf\x89\xac\xa8\xe6\xed\x7d\xd7\xae\xf6G\xdf\x5d\xc8V\x5d5\xfb\xfe\xd0\x40\x3d\x60\xad\x0f\xb4\xea7\x92f\x5e\xf9\xb64I\x5f\x29f\xb9\xc9\xed\x3d\xf0\x13\x7c0F\x04\x15\x9b\x3b\xc5\x26o\xf1e\x7eg\x29\xfc\xfb\x1d\xf0\xce\xf8\x04\xdc\x88\x1d\x99\xa9\xd2\xb57\x7d\xfe3V\xdd\xf2\x91\x3b\xa7\x89\x8d\xefR\xed\xaf\x88L\x3c\xf3:\x28\xa1B\x04\xabk\xe1\xf1x\xbb\x0eNO\x19\x03c\xec\xa9\x9at\xdd\x60\xef\xd1\x25\x12\x40\xa4\x5c\x85\xc7\xc4h\xad\xb0b\xac\xf0\x00\xa7\x5du\xcf\xc2\x89cjz5c\x92y\x8c\xb8\xe5\x8f\xaf\x7d\x08\x28\xc8\xc21\x5c\xb0\xa8\xe5\x2f\xc5\xa8\xe7\xc8\xef\x1f\x11\x83\xa3\xf7\x2a\x8d\xc22\x8b\xe8\xbb\x06\x3d\xc6\xcbq\x04z\xaa\xa9\xbe\x83\x05\x09\x22G\x92\xc6\x01\x10Z\xdbE\x5d.\x5d\x18\x85\xbf\xc8\x1c\x02\x05\xad\x2b\x17\x0d\x3d\x16\x01\x0fe\x10\xa0dzq\xe8BH\xf0\xf7\xeb\x8dj\x5f\x3d\x8c\x0c\x15\xcf\xb7O\x91\xb1\xb5\xd8\xcd\xcd\x60ESG\xa0wK\x9f\xd5\xc8\xbe\xbd\xee\xcaR\x1dr\x8e\xd0\x87\x9co\x1e\xdf\x16\x25\xc2\x9ba\x19Xr\x28\xe5H\x01\xe3\x7dn\xd0P\xcd\xc4\xa3r\x1c\x1a9C\xc3\x0d\x13\x91\x5d\xf3i\xd9\xc6V\x5d\x5d!\xc5\x09\x3bj\xf3O\x8d\xa9F\xd7\x84\x9en\x06A\xc1\x12\xe5k\xd4\x131\x86\x96\x83y\x25\x7b\x81\xc2\xd5\xd0\xa0\x02\xe5\xf2\x07\xd1\xec\x99\xe5dc\xd9E\x18E\xafPL\xa2s\xb5\x2c\x17v\x0c\xb0\xbd\x23\x12\x3cl\xa4\x029A\x2fDh\x8a\x5f\xb4\xbaj\x83f\x10B\xf2\x10\x96\x15\x19\x82o\x94\x9e\xf5J\x0b\xe9\xf3\x92L\x1ft\x8d\xd8\x7e\x16\xc9\x88\x90\x03\xa0.\xc8\xb4\xe9\x102\xd9\xadc\x88\x24\xe6\xbdHh\x92\x2f\xcc\xd4\xe5\xc4\x3b\xf3\x27\xb1\xa2\x01\xc0\x89\x40\xaeU\xa1\xd9t\x9a2\x97\x13\x820\xc5\xef\xc2\xa1\xc54\xd6\x9a\xf7\x1a\xc7\xd6\xec.VP\x9eaJ\x02\xdbd\xb0M\x0bB\xf6\x24\xbe\x80v\xd3\xdd\x11B\xd7\x7b\xce\xdd\x9a\x17P\xec\xd4e\x2f\x25\x82h\xb9\xd1U\xd9\x2d\x223\xdf\xda\x9f\x1a\x16\xb9\xaf\xd2\xd5\x3cg\xc3\x40\x11 \x97\xdd\x0d\xa6\x1e\x0c\x0d\x29\xa5\x7f\xed\x05.\x086\xfe d\x24fd\xa5p\x1b\xc1\xe8?\xe0\x2f\x7dF\x84\xdf\x90\x19\x9a\x5b\x2aL\xb8\xa1\x85\xb5\x84\xf4\xa4\x1b8\x7b\xb0\x5d\xaar\x2f\x8a\x5f\xb8Ce\xf48\x98\xeb\xe6N\xd8I\x091\xa0\xea\x97\x85\xa3\xedI\xc4\xf4i\x8a\x0eL\x84rJ\x86\xe2\x14\xa3\xc4\xca\xc6\xbc4\x28V\xd2\xb6R\xaaq\xb0\x07\x96\x2d1\x9cW\x04\xcd\xe0\xcd\xe3\x3b\x0d\xd0\xf4W\x2c\xa2\x10\x24\xb4\x03f\xd2\x26bT\xae\xea\xff\xbc\x1e\x1b\xaf\x29\x15\xccw\x60\xb8\xe6\x17\xecs\xdf\xaac\x1ch\x9ftu\xa1bhT\xc7p\x99\x5e\xb7\xee\xcb\xce4\x25\x01\xc7\x9c\x00\x2b\xfd\xc6\x2cX\xb9\xfc\x26n\x83\xc8\x85\x3e\x17\x14d\xe1\xedew\xb4D\x88Uo\xdd\xaa!\xccL\xf8\xcb\xc3\xb9\xc0c\xbc\xdc\xcf\x2b\x26\xb7m\x83\x16lU\xca\xa8\x0e\xd2\x83 \xb8\x5f\xee3tJ:\x15I\xed\xe2\xd0\xf6\xb6\xc7n\xe23H\xa9\x5d\x05\x93S\xfe!f\xe9\x97\x3e\xb5\x23\x15pju\x0fI\xcf2\x29\x7f\x08\x0b\xde\x0e\xd47\xca\x0dd\x11E\xfdg\x1f\xeb\x0d\xf5\x2cYn\x26\x95\xa2Pn\x28P\x9aQ\x05\x0b8\xc7\xdd\x14?\xa4\xc8Q\xdb\xab\x88R\xa3l\xe0\x7f\xd5\x91tC\xa9\xe8\xfaS\x7ei\x18\x5cz\xc2\xb2ea\xbc\xba\xd9yH\x27FI\x9bH\x96Z\xcb\xc1\xd1wM\xc2\xa0Kd\xe9\x04\xd7\x88\x60\xca\x94V\xe5\xa9\xc4\xbf\x7c\xe2qK\x11\x5b\xbc\xabQ\x9d\xf1!OB\x8bZ\xb0\x8c\xf8\xf1z\xff8\xce\x2f\x18\xe9\xe3\x8ch\xfeU\x88\x1a\xf4E\x82\xe1Gp?\x5e\x94P.\xe7\xe8g\xe2\x0b\x5b\x92\xc9\xcd:c2\x9a\x0f\x14\xd6\x8cR0\xa8F1\xc2\xce\x0f\xa1\x5e\xd6\x17\x28\xdd\xda\x04\x5c\x86\x24\xc9\x22\x1dj\xd7!Pu\x9e\xd9\xbb\x5d0\xa2\x15\xf82\x08\x83NW\x14\xc4\xc4\xfe\xb2\x94\x88\x94\xb2\xb6\xc6\x06\xafS\x86p\xad\xec2\xe0\xc6\xdc\xa3\xc4\xcd\xd7G\xba\x7c\x7d\xe8\xe2\xe6\xf7\xdfr\xb9\x87c\xbc\xcb\xb8nKh\x87\x1a\xf7D\x0ea\x3c\x05\x0e\xf7\xcf\xd43\xa3\xd7p4\xa3\xf2L\xcfDB\x7e\x3d\xe3\x1a\x3c\xe1\x1c\xc9\xf2\x1bZ\xd7\xc4v\x09\xc7\x84\xaf\xb3\xe9nU\xdfU\xb9u\x9d\xdb\xfbb\xdf\x8a\xc2\x0a\xec\xd7\x08\x0c\x7d\xad\xf2\xed\xed\xf5M\x5c\x96\xc7\xc1\x2d\xa4\xdfhQ\xdfh\xaa2\xee\xf5\x03z\xe2\x87\xcf\xa2\xb5\xf6\x9e\xe6W\x3dR\xff\xe9!h\x1a\xbaM!\x9a\x12\xfa\xa7\xda\xdc\xdar\x8b\xea\x27E\x99\x5dA\x19\x5d\xa4\xdb\x86\xc5\x18\xc3\xfe \x84\x9a0\x2c\x133h\x7e\xafW\xddy\xad\x5c\xe86\x0f\xef\xcb\x29\x29kv\xf3\x11\x89\x1e\xcd3u\xb9\x2d\x7br3\xbf\xa0z\xcdV\xee\x0f\x227v\xf1\x07\xec \x9e\xd8\x3b\x90\x60\xb5\xd2E5\xa3K\xc3\xbb\xb20\x2c\x8b\xbb\xc7\x92\x05\xe2\xce\xd0\x0a\xdaF\x87\xe2w\x23tQ\x29\xcab\x0b\xb9\xc4\x11K\xb7\x82\xbd\xd5\xe7\x85r\x3e\x7b\xb7Z\x97\x046\x9b\x02\x28\xf1\xa9XI\xe8\xa5x\xf6\xbb1\x16\x9d\xa0\xba\xbd\x26\xef\x5b\x88\x28F\x94\x8d\x9e\xfa\xe4\xf3\x91\xf9K\x91v\x5f.q\xaf\xdb\xf6\x14\xc0\xe7\xfa\xd7\x7c\x2c\x96\x22\x2fN\xef2\xe1\x95\x92H\x2c\xa6cp\x04\xf97\xa2\xf5\xe5\xe2\xf7\x0b1\xa4n\x16TW\x96\xfc\xa3I\xc5\xbb?\xc2\x99\x5dg\x85\xf5\x7d\xa7\xc6\xb8\x93b\xe4m\x3b\xcc\x84\xb7\x86\x0eZg\x0eL\x26c\x8c3O\x84\xee\x25\xedv\x03\xed\xfa\x13:?uq\xff \xd4Y\xdc\xd4\x7f\x92\xa5\xb2\xe5\x2d\xc75P\x94\x01\xca\x88\xf5\x95v\xef ?\x9c5\x7eCv\x81\x2f\xf2\x97\x81\xf5\x227\xe5\xa0\x13\xee\xa6\x8b\x9a\xdc\xfb\x1c\xd6i\x27\xeeT\x24\x87\xb5\xc2\xc5\x00\xf3\x12\xfc\x1958\x12\x29\x08\xf2\x8e\x0c\xa3B\x04\x9fH\x27\xe1A\xc7uM\xe8\xacG\xfb9\x04\xce\x07Tkx\x09\x86\xa6\x91\x90\x91t\x27\xfeo\x2c\xc1\xb2\x2b\x82I\x0b\x96M\x7f\xdc\x9d\x23\x84\x98\xfaU\xf9\xe6\xdex\x0bW\xfe\x18\xa0\x848\xcf\xb0\x11\xa0KR\x9b\xb3\xd2\x16pX\x280\xc7\xf5\xf5\xd1\xce\x3d\x1b\xab\xea\xd1\xf6\x82\x98F\xa0\x8d\xaa\xeaf5\xde\x16\x5c\xf6y\xdaO\xf2\xf7\xe4\x01\x23n\xef\xb1\xa0\x7c\x7e\x95\xf9\x2a\x0c\xdb\xf9\xe5:\xceN\x3cX\x2c\x8e!p\x92\x14\xf8\x92:\x02b\xb9p\x861 \xaeO\x95\xf0\xb2\x7b1\x9b9\x5f\x2a\xd9\xcfC\xc3\x19\x9b\x03\x95t7\x5f\x9dZ\x24\x1c\x02\x1d\x1f\xa2\x27Q8X\xa0\x17\xab\xf6\x5fLB\xeb\xbc\x07\x7du\xb5\x182\xb3m\x92j\x17\xb4p\xf2\xa8\x82\x84q\xad\xff\x3b\x1f\xe5\x3cf\x2d\xb5\xc5\xa9\xfc\xa8\x9fI\x1a\x95\x0fd\x10\x0bCJ\x9f\xfc\x86u\x84D\x3d\x91\xfb\xda\x8a\xb5\xc8\x86l\xe3\x09\xc8\x84A\x16\x08\xab\xbd\xb9\x5e\xdd\x5b\xb4\x06\x2f\xc2\xc6\xb0\x7b\xb2\xdbPo\x2d\x85\xa3\x24\x5e\x9d\x06\x19\xb2\x0f\x80H\xbf\xe1\x85\x8a\xfcY1n\x2d\x278\xed\x0b\x09\xa2N\x2d\xaa\x10\xad\x85\xdcu\x80\x04\x82nYw\x1aK\xf8\xbb\xaf\xe1\xd9\xd2\xd7\x1b\xb9\x81!\xf7\x10\x9d\xedt\x87\xfb\x8d\xe1\xe3\x8f\xc3F\xcb\xaa\x0f\x40\xef\x86g9\x28aOY\x96\xfe\xb7\xf8\xd1\x08\x07h\xa2\xfd\x12\xc4\x9c\x3c\xf3\xaeNyv\x5co\x05\xcc\x16\x19\x8f\x8f\xc6\xe0\x7d\xc7\x14\x05K\x82\xdb\xae\xc9\xc5\x1b\x96\x60k\x60\xb8\x06z\xd4\xceg\xba\xe7\x11\x3e\xf4K\xcc\xe9\xadS\x15\x86\x3b\xca\x5c\xbe\xadzW\x1db\x1c\x7d\x11CD\x7eL3\xbf3\xdc\xa5u\xef\xeaf\xb6\x5e\x8c\xe3IH\x7d\x82\x16\x8e\xf5\x84\xe4\xc5\xf4\x29\xf2n\x1c\xdf\x95\x24\x01H\x5d\x08\x99\xd7\xc7\x5bc\xbf\x15\x3b\x84\x04\x1d\xdb\xb9\xe1\x82\xac\x12\x80\xf0\x11\xa7\x5dD\xc4\xfa\x60\xe7P\x25\xa8i\xa2\xc2\x14\xd5\x09\xa8\x25\x15\x89\x5e\x60wI\xcc\xec\xaa\xb3\xf3\xe147\x01HR!\x7f\xb2\xf8\xa6\x19\x1c\xdb\x83</data></match></read>
    <write><data>4\x0a</data></write>
    <write><data>1\x0a</data></write>
    <write><data>12\x0a</data></write>
    <write><data>pbbEacdHT\x2fKM\x0a</data></write>
    <write><data>247\x0a</data></write>
    <write><data>perfice enantiomorph best broussonetia drosophilidae tubule jobbery sinned prismatic proprietorship weekly overawed lex conspicuity rationis whale sopranino firmiana liar chaser lampridae brawn solitarily frankincense scaffolding vilnius lowercase\x0a</data></write>
    <read><delim>\x0a</delim><match><data>Added signature to database</data></match></read>
    <write><data>3\x0a</data></write>
    <write><data>12\x0a</data></write>
    <write><data>DibNDUiXDCEg\x0a</data></write>
    <write><data>243\x0a</data></write>
    <write><data>zaire airhole waw sppiritual primed escheat inimitably utilizable advocate enumerate cairn sublimification exhumation sinned bodacious testimonial fraction coucicouci parallelism cerecloth sidewinder calosoma curettage cayenne varuna selectman\x0a</data></write>
    <read><delim>\x0a</delim><match><data>Added signature to database</data></match></read>
    <write><data>3\x0a</data></write>
    <write><data>12\x0a</data></write>
    <write><data>PPPzCRdrjScV\x0a</data></write>
    <write><data>275\x0a</data></write>
    <write><data>gatherum hibernal phraseology aftercome goodnatured dicky kichai hesitate ambivalence hornmad nonrepresentational seaport nonrestrictive sergeant broussonetia sppiritual delirious anastrophy venturesome scaffolding vibrator defensor gestic blanched chloasma platinum martello\x0a</data></write>
    <read><delim>\x0a</delim><match><data>Added signature to database</data></match></read>
    <write><data>5\x0a</data></write>
    <write><data>12\x0a</data></write>
    <write><data>PPShmRBk.RRb\x0a</data></write>
    <write><data>41\x0a</data></write>
    <write><data>rheum currency parry picturesque conscire\x0a</data></write>
    <read><delim>\x0a</delim><match><data>Added signature to database</data></match></read>
    <write><data>615\x0a</data></write>
    <write><data>ride compress dabster oration liquidator stages pee flimsiness hemerocallis rheum mouflon gorgonocephalus callistephus sleight intervenience perfice enantiomorph best broussonetia drosophilidae tubule jobbery sinned prismatic proprietorship weekly overawed lex conspicuity rationis whale sopranino firmiana liar chaser lampridae brawn solitarily frankincense scaffolding vilnius lowercase pelvis desirableness catacorner displease nolition fagin synchronize sons solitarily follies summity seclusion lakefront whean corselet offset uncongeniality antheraea kaffir process misinformation benediction trill sopranino </data></write>
    <read><delim>\x0a</delim><match><data>pbbEacdHT\x2fKM \x2d LOW \x2d fd69c8c3</data></match></read>
    <write><data>0\x0a</data></write>
</replay>
</pov>