<?xml version="1.0" standalone="no" ?>
<!DOCTYPE pov SYSTEM "/usr/share/cgc-docs/replay.dtd">
<pov>
<cbid>service</cbid>
<seed>25791560f1dd9d985c4f1f56f7d48d99cee3dd6655555df9b1a862792832d1bbf62ba011dfcde2b7e8cb9422858efb06</seed>
<replay>
    <write><data>\x82\x2b\x2c\xb1</data></write>
    <read><length>4096</length><match><data>\x82\x2b\x2c\xb1.\x1b\x09\x93r\x5d\x3c\xb1\xa4A\x3c\xcf\x9d\x88N\xfb\xc6\xe3\xfa\x29zd\xd5\xd00\xb7\xa9\x8d\xd7\xa2\xd7\xc5R\x9a\xfa\xe7\xa8?.\xff\x0f\x95\x10x\x06\xfbf\xc9\x04\x3c\x5d\x1fw\xfe\xb2e.\x17\x2a\xbd\xdb\xa5\x83\x1b\x1eC\xf5\x14w\xef\x131\xb7Z\x93\x7d.\x29\xd2RD\xd8p\x00\xac\xe27\x9c.\xc9l\xe0\xd3\x9c\xec\x96\xe3w\x09v\xd1\xa8\xc8\x82\x96\xb7A\x9f\xec\x99\xfd\x08\xe3\x16\x8f\x16\x408\x5c\xbb\x85j\xf3\x96\xa2\xd0\x05\x5f\xdc\xb38\xeb\xcc\x86\x93\x24\xa3\x1e\xa7\xd3\x84\xa2\xcd\x9f\xf7\x89\x5c0\x10\x98d\xfb\x83\x8dNkgq\xd0?z\x86\xcc\xae\xe8\x89c\x92\x29P\xec\xda\xb1\xb3\xf5Y\xc4G\x95\x1a\x5dk\xf3t\x1f\x1d\x18\xf8\x1b\x03\xa5\xc5v\x2f\xfa\xba\xa4q\xc0XL\xb9d\x90\xdc\xf0\x96\xce\x0blD\xd4\x8f\x5d\x17\x13h\x97\xa5\xcaa?4\x93Rw.\x01dB\x13\x7fh\xc3\xe9\x7f\xf27\xcbm\x990\xce\x94\x98p\xf9A\x1e\xc7\xc5\xf1\x8c\x3d\x86e\x5d\x0d\xbf\xfe\xa7\x7dpA\xf7J\xc9\xc62A\x8c\xe42\xfcFb\xf0\xf5\x5d8\xbb\xbf\x7e\x88\x23.bj\x8f\x14\x10\xb9\x95\xd5\xe1\x18\x16\xe1.Z\xc4\x0ex.5\x0a\xf3\x16\x81oK:\xec\x03\xef0\x0a\xa8\xcf\xf2\x28\x98\xd42\x98\xcd\x5b?\xaf\xbc\x83\x95\x971\xae\x93H\x17A\xa7\x7d\x0f\xd8\xfa\xca\xf8\xc7\xa2V\xf1\xd7\xfe\xc54\xaa\x22\x944\xdc\xe6\xa7j\xaa\xaf:\xb8\xc6.\xfb\x9e\x13\x7c\x98\x965\xdbt\xf7\xa0\x9a\xb3\x89\xd8\xef\xdb\x3e\x85r\xe1L\x26\x8f\x07O\xfc\x2dT\xac\xf6\xe6\xf3\x1a\x8c\x7f\x2aQ\xc9\x03\x83\xa9\x1b\xbcZ\xd6\x93\xf5\x3e\x1d\x7b\xd9\x96\xc05\xc9\x93\xb3\xcc\x03\x25\x80\x3bI\xa2L\x8c\xfc\x8b\x1dJ\xb3!\x23\x2d?h\x8d\xd2\xee\xf3\x0c\x01\xb0\x5f\x9a\xbac7\x03g\x5c\xa60U\x11\x1b\x28\xfa\xde2TF3:N\xe7\xbc\x9e\x9e\xb7\x9c\x7c\x9d\x80\x28\x5b\x28q\x0a7\xd7\x60\x81\x90\xd0\xf3\xca\x29\x23\x5e\x29\x9b\xc3\xd5v\xcdJ5\xdc \xe3\xef\x9eN\x0f6\xa5\x82\xd8\xa2s\x02\x8f\x17\x7c\x17\xf0\x7dO\x5e\x10\xe1\x97\x17\xb6n\xef:\x1b\xd0\x04\x0a\x0c\x84s3\x29\xaa\x84Y\x87e\x87\xd8\x60\xef0\xfd\x3d\x11\xa1\xdb\xa4\xc0\xce\xbeG\x1c\xba\xf2\xbf\x11\x27\xd1\xdb\xbd\x91\x3b\x13G\x01v\x12\x7e\xf8\x26\x1b2\x29\x0bc2\xa7W6\x82\xa5\xe4\x8c\xa8\x83a\x9c\x0eO\xe1\xe1\x91\xfd\x96\xc4\x9c\xc9G\x2d\x7f\xa3\x81\x24\xe5\xb7f\x5e\xe7\xdd\xa6p\x98go\x7f\xa6\xa1\x9ay\x1fx\x2d\xa3\xd1Fp\x3d6\xaaZ\xe5Y\x8b\xafh\xb3\xc1c\x96\x09\xde\xc7\x26 laWe\xa9 \xd2\x03E\xfa\xe1\x09\xb53\xdc\xa5\xf9\x28\xb6\xf2\xbb\x9c\xc8XW\x87\x40\xcd\xe4\x9c\xf6\xdd\xf7\x80\xb4M\x91\x26\x19\xdd\xab\x15\x26\x90\xf1\xdf\x8c\x1cnMCF\xd3\xda\xd9\x85Ca\xcd\xb8H\xb2?\x12\x0d\xed\x9cU\xcaEko\x85r\xaaz\xdfYK\xd3\x9f\xb6v\x1b6\xabb\xcd\x0c2u\xf2Ip\xe5\x9bu\x5c\x02\x9aa\xb4RmaG\xf34\x5f\x8d\x5f\xf0a\x8e\x8b\x8cg\xb7\x00H\x88\xbcw\xb2\x95.\xb9\xc4\xcb\xb5\x94m\x24wu\xeb\x1c\x96U\xcf\xcd\xdeH\x91\xed\xdb\xa3\xe7\x90D\xdf\x1aR\x1dzq\xc0\xd2Ksq\xf4p\xf0\xb2\xc0\x2dLbZ\x99E\x5c\xfe\x9bK\xca\xad\x90y\x0e\x01\xac1\x5e\x8e\x40\x60\x06\xfc\xfd\x08\x05\x80v\xe4b05?\xca\x3dM\xea.\x2ah\x40k\x12\x1f\x86\x3bG\x0c\xe0a\xb5\xbe:\xd5\xa9\xdcvW\x04\x1b1\xa6Y\x8f\x1f\x0e\x0e\xaa\xe1\x9e\xf6\x92h\xea\x2c\xc0\xcd\x8f\xc0\xbb\x16\x97\xc0\x84z\xad\xbc\x98Z\xfa\x06\x9f\x3b\xf9\x07\x22\xd4\x18\x14\xeeE\x27\xb9\x3e\x7d\x8cu\x87d\xec\xb9L\x00\xaa?\xe7\x0b\xa4\x26\xc4\xda\xc6\x87i\x89\xa9dr7\x28\x15\x88\xd7\x90.\xcd\xce\xca\x97\x06VW\xa3\x05\xa5\x26\x87\xe9\xd4j\xfd\xe9o\xadJM\xbaI5\xee\x25\x9e\x22\xe8\x84\x7f\x91r\xeb\xd7\xf8\xc1\x02o\x17B\xf0\xd7\xb8R?\xc0\xf9\xe9V\x01\x3d\xe4\xd5\x1e\xafY\x0bOx\xbbbY\x00\x2f\x40\x1aUM\x2d\xea\x0e\x94\x1b\xda\xd9\xd6\x11D\x980N\xd2 \x01\xeb\x09\xd7\xe1\xd9Mib\xde\xc0\xae\xdd\xfd\xf2\xfc\xaf\x12o3\xd1L\xdbi\x90\x89\x98\xc8E\x29t\xa7\x27Gx\xd1\x07\x9e\xa0\xa7\x87B\x2a\x5c\x2b\x02\x16py\x14\x9c\xc5\x22\x8e\xcc\x88\x8d\x17\xe9\xca\x3b\x8a2\x87k\x9d\xfbEcR\xca\xbe\xeaF\x1a\x0d2\xd9\x60\x1e\x3c\xb0\xc6\xc9\xb5\x0e\xe0\x11\x04\x18\x86D\x2f\x05l\x3b\x95e\xf2\xa9e\xc7\x84\xd2W\xa6\x7cP\xe9\x7c\xdf\x2b\xe5\x02\xff\x9d\xc6\xa7r\xb9w\xf7d\xd5w \x13\x91w2\xbe\x89\xad\x8e\x92\x02G\x9e\xda\x281\xa1\xcdu\xb9\x1c\x18\x29\x17p\x8a\x01\xbd\xfdxm\x7f\x7e\x1b\x80\xd2\x95hwW\xe3\x93\x1f\xd7\x0a\x7eNYr\x23\xd0\x7d\x93\x066\xd3\x822\xfb\xc10\xe2\xb1m?\xb5O\xae\x25\x2d\xdd\x5d\x12\x17\xe8\x00v\xca\x11\x8e\xd7\x0f\x1c\x18\xed\xcf\xd0\x14\x1a2\xbeN\xc1\x08\xdaB\xcb\x3c\xea\xde\x3d\xa2\x07\xf8\xb9\x03\xd8\xae\xb7\x2f\xf5\xa4\xb5v\x28\xf2\xafW\x93\x29VQ\xf2\x90uI\x07D\x8b\x28C\x28\x1e1\x17e\x26\xd9\x1dUB\xf1\x00\x0a.\xabB\x03\x5cx\x8eb\x95\xdd\xb1\x8c\xael\x13\xa9D\x7c\x80\x3eq\xe3\xc8w\x7fk\xcdja\x95\xa6\x03\xfc\xbdF\x7d\xb1r\xed:\x97\x9d\xc7\xe5p\x2b\xdc\x8e\xd1\xe3\x3d\xf8\x3e\xd4\x0e\x17\xb3\xf3Y\x9e\x10\x87\x84du\xb5V\xb7\x1f\x29Fj\x3b\xf4\xe0\x09\xb6\xe6\xf9a\xfbm\xc0s\x95s\x11\xf6\x1e\x7cv\x04\xf7\x5eHX\xc6\x2b\xdb\xa6\xe2\x2d\x23\x10\xaf\x7f\x9dgj\x9d\x60\x9e\x16\x85\xc4\x87I\xae\xb5x\x12\xbc\x2c\xe1yO\xa4\x5f\x853\xcbv\x16\x1b\xb6rll\x99\x14\x11\xd6\x7bv\xb2BE\xd3\xd8\xc7\xa0\x87\xf3\xa5\xb5\xf1\xc3\xd1V\xec\xfe\x12\x08\x8dd:\x98\xfd\xadv\x2d\xa4\xc7K\xb7\xfdz\xffG\x9ea\xe78\xe7\x11\x9e\x60\xdd\xef\xf7Ei\xfe\x15\x7b\xd4!Cp\x94\x8ft\xe3 \x1aR\x3c\xcf\xde\x5b6\x26\x85\x1a\xe1\x9fh\xbb\xc8\xbcG\xe7.\xe2\x0c\x8d\x0f\xb2WE\x06\x29\x7e\x08\x05\x2f\xf3\x8dA!\x96G\xfe\x1c\xaeR\xc3:v\xa9!\xdf\x13\xdc\x0b\xd0f\x23\x93\xd5\x9e\xc9\x2a\xf4a\xc1\x7cIM\x09\xf2Q\xeb\xa9\x0fD\xb7\x06\xf4\xfa\x12\x22\xb05\x94S\xf4\x0f\x5d\xb6\x23bzK\xc3\x88\x9f\xae\x15\xa6Z\x09BC\x0c7\xe3\x18\xb7\xf6\x23\xba\xd0\xe0\x10\xceQZ\x09\xb3\xc4\x99\x11\x95\xf0\x1f\x09\x82\xb2ds\x91f\x0c\x2c\xc4\x1e\xc5\xe0\x92svS\x3b\xc6\xc4H\xde\xfca\xe3zJ\xe9\xe6\x89R\xfc\xf6\x10D\x80\x7b\xa3\xad\x83 \xba\xfa\xdb\xe6\xa3\xd9\xcbK\x05\x03\x8a\xb6\xfep\x02\x09\x1f\xae \xb86\x2a\xf0\xff\x1eP4N\xf51\x7eB\x97\xc0\x24b\xb5\xae\x0a\xc5\x91\x7c\x00\xa1\xba\xddB\xa3\x98\x5e\xf0q\x85\xc88\xd8\x1a\xaci?\xd7\xb1\xea\xbfV\xd6tw\xc2\xc4c\x19\xe4\x0d\xce\xdf\x93\xc2\xb0w.2\xbc\xd1\xfaG\xce\xbe\x5c\xc3\x82fv\xfc\x60D\x00\xf5\xba\xe8\xa3\xf2\xb7A\x85\x1aS6\x17enQN\xae\x3c\x85a\xde\xb8\xfd\x2b\xebA\x2d\xbei\x81\xb8A9I\x83\x2c2\xdd\xd4\x06s\x9a\xbe\xed\x1a6k\x01\x12\xb4\x11\xc2\x2f\xa0L\xf9\xdcl\xfeE\x8b\x80uAF\xca\xc5NJ\xb0\x3d\xc6\x1as\xd6\x18\x7f\x9a\x01\x00\x3b\x8c\x23L\x1aI\x84U\xa7\xfd\xfe8i\x94\x18\x91\xf2\xea\xb9\xe7!6Q\x40\x96BKm\xca\xf8\xf4\xb4\xb6\xe0\xb7\xfe\xf3S\xfcY\x7bu\x0f\x84\x01\x3bZ\xae\x9e\xa6\xc9\xf2\x91\xb5\xab\xee\xc0\xd73\xcf\x83t\x7cK\x01\xf1\x9c\x08\xdd\xb9\xf09H\xe5!\x98\xe8\x1d\xa8\x97w\x0d\x01\x1f\xa22\xbf\x99\x82\xc9i\x01\xaa\x12c\xbf\x9e\x04\x85\xcc\xcd\xda\xe79hAMf6\x7b\xa5\x82\x1d\x023EbP\x86\x03\xc2\xcb?\xd4f\x272MY\x8d\xd8\x0f\xd7\x15\x91\xb4\xbd\xc56L\xdeB\xc4\x40\xea\xe3\x90\xc2\xb2\x1d\x05\xb2\xbd\xfb\x5b\x7crU\x97c\x17o\xcb\xb2h\xcc\x3e\x02\xb8\xc0\xe1.\xfc\x04j\xa8\x5fo\xe9A\xc9Y\xa1\x3b\x81\xcb\xe6J\x23\x18fd\xffL\x27l\x8b\xc6\xf4\xea\x10\xb7\x17\x7eB\xff\x84\xeb\xc7\xb2\xb8\xae\x01\xb8\xdc\xaes\x15\x1a\x27\xd0\x5b\x87\x5f\x16\xc2\xd2oV\xc8::6i\xe2\xd9\xa2\x03\xbf\xdb.\x12\x14\xb2Ac\x3e\x7d\xa3v\xff\xbe\xda2\xb3\xea\x19\xcf\xef\xfd\x7f\x02\xe0i\xde\xe2\x96\x0c\x2c\x9a\x08\x84\xa30\x10\xc2\x5c\x8eL\xe9\xe1\xda\x02\x5f\x5dp\x9e\xb2tH\x5f\x0d\xbd\xc0w\x0a\xea\x80\xfc\xa4\x24\x17\xfb\xefR\x09Y\xbe\x06\xe3\xa6\x7c\x14\x0a\x16\xf7\xddk\xbf\x12O\x9f\x7ea\xddw8\xb1\xf4\x146l\x60\xb2\x99V\x05 \xcc\x29\x0fI\x8f\xf3Fv\xb3\xf4\x19\x15\x85\xac\x14\x2d\x15\xac\x7f\x06\xc2I5\x90\xee\x3c\x05t\xdc\xb2\x18\xf5\xd3Q\x83\xeb\xda6n\xa7\xd0Z\x7b\xc998H\x14\xc9\xe0p\xe6\x29\xc1\x28\x0b\xed\x85\xbc\xd1\x18\xfc\xf6\xb9\x07!dI\xdf\x0e\xc7\x1b\x97\x80\xcf?f\x5d\x92T\xd8\x8c \x3b\xff\x80\xe2\xb9\x7c6\x12\x8aS\x00K\x19S\x97\xd70\xc1\x7c0\xc7\x88\xc5\x10\x406\xff\x9cs\xc45\x08\x9dFRd\xa9\x90\x16\xd6\xb2\xa1\xbdj\xc8j\x19\x03\xaf\x1eR\xd3\x96\xc8\xbc\xe4\x0ft\xee\xe6u\xc4R\xbf\x9c\x5c4\x08HR\x93\xcc\xca\x1f\x03\x85a\x8d\xa47\xf9\x9b\xb4F\x0c\x8e\xab\x12i\xbe\xfc\x5cVJ\x1cL\xd7\xa6q\x96\x03\xb2 \x27\x0e\x5e\x88\x8dz\xb9M\xc7\xfe\x81\x278\xbco\x5c\xc4\xad\xc0P\x01M5\x0d\x8a!\x9f\xe6\xc4\xa8\xba\x83\x5e\x11\x16\x14G\x01\xb9\x11\x09\xde\x84\xe4\xbf\xdaE\x2f\x88\x88\xb6\xc2\xd7\x83X\x3b\x06\x0f\x13\x94pG\xa24\xcdq\x5d\x97\xd4\x9eA\x84\xc9\xf5\xd2\xda\xda\xe6\x90P\x2dP\x8d.\x7c\x1d\xd2\x8d\x14W\xaf\x85\xf8\xad\x25\xd8\xb9q\xce\x11\xc0j\xcdi\xb4\xe4\xa3\xfc\xc1\x92Zf4\xc7hr\x5cx6\xceI \xe8\x10\xb2\xfe\x2d\xad\xb6\xba\x91\x3c\x92\x91nPY\xe6\xcae\x3b\x9f\xd3\xc4\x96m\x29\xe2\xf7 \x3e\x27\x3d\xd6\x0c\xdd\xa2g\x29\xc1\xac\x16\x27\xdbGC\x00Fq2\xa0\xef\x0e\xc0Ly\xefE\xc4\xbf\x12\x7cj\xc9\xe8\x83R\x91\xb10\xcbQ\x8a\x9c\x185\x0f\x2d\xd9\x07\xf3\xe5\xb6\xdd8\x95\xabS\x09a\xc5\xc2\xb11\xf6\xc6\x7c\xc8\xb2\xb5\xc9\x9c3\x8b\x05\xf2\x1f\xad\xf8\x9c\x17\xd9N\x3b\xef\xac\x91\xa8\x93\xcc\x1c\x97\xa6\xac\xc0ph\xeaJ\xa3\xfb\xfa\x16\x94\xcdZ\xd0\xb3\x83\x97!eB\x88\xd1\xcb\xaaD\x04\xb5\xdcL\x0c\xf4\x9e\xee\xf7\x93\xe7\xf7\xd2s\x7c\x88\x5d\x9e\x86\x91.\x09a\xeex\x98:\xad\x98\x0e\xd5\xe6\x07\xb64\xea\xe1L6\x06\x88\xf2\x2d0\x24\xc3V\xf9T\xfc\x90\xfd\xa6\xfbp\xf4\x85\x8e\x3d\xcet\x03\x2dxs\xe6\x26\x06\x5b\x60\xac\x3dzpZl\x99\x86\x07Z\xc7\xfe\x22\xc4\x89\xd1\x8ftF\x5b\xca\xfaFg\x02\x9f\xd79\x85\xc8\x1c\xd6\xc2\xc0\x3d\x835\xd4\x8aq\xba\xa2\x83\xf6\xcd\xeeiw\x24\x8b\xa5\x93F\xbb\xa63\x13\x8e\xcc\xd4\xb4\x90z\xfa\x848\xf5\x1dk\xcb\x02\x25\x19\xf7\x26\x87\x5cC\x7e\x0b\x1c\x5b\x28\x18j\x1cl\xd6\x19\x1az\x18\x17TQ\x92\xcaM\x0a\x17\xe0\xa6\xf1\xb9\xc2\xaa\xe2Y\xad\x3cL!\x97\xb5\x07\x8b\xd7\xa9a\xdc\xb0\x7e7\x00\xca7Z\xfd\x25\xc4\x1dq.\xf2\xdf\xc2Q\x2a\x05\x0e\x97\x94\xaf\x9ej\x04\x8c\xad\xc8\xf4\x8e\xbe\xff\x98\xa0\x0e\xf3C\x9e7\xa5\xc2\x9b\xe8\xd7I\x97\xfc\xfb\xa1\x1cR\x7c\xf7\xee\xc3eO\x0e\x01\x17\x03\xa37\xd3t\xd3go\xdb\x7et\x5c\x1d\xe86 I\xc2\x8d\xc6\xf1\x22\x3d\xc3\x14\x3b\x23\xea\x5b\x16\xdd\x28\x08\xbd6\x82\xd9\xea\x89\x7b\x7f\x8aX\xffb\x98\xb0\x3e\xd0\x25\x3c\xe9\x84\xf5\x8d\x86\xb8t d\xc7Ut\xce\x5f\xd2\x92\xbc\x5d\x85\xdf\x1f\x2d\x9f\x06\x3d\x94p\x2b\x2c\xd1\x7e\x25\xfe4\xfeP\xcd\x0fO\xa4\x93\x0a\x26T\xe0\xa8\x2a\x81\xe6cg\xa5\x23m\x0d\x9e\x5b\x8f\x18\x08\xc6\x90\xe90k\x082\x0a\x16u\x08\xd6\xcd\x89\x99\xda\xa0!\xb1\x11\x82\x8c\xc2\x84\xc3\x25u\xb0\x7bB\xee\xde\x7c\xb4\x8b\xcd\xeb\xbf\x95b\xa6\xdfCS\xfbK\x13\xf33j\xae\xdc\x9f\x92\xf2n\x0d7ftt\xe9\xcc\x1e\xcc\xa9\xe3\xd5\xa0\xbf\x7fi\x23\x0b\xae\x25P\xdct\xa9\xdb\xba\x00\xa7r\xa0\xbbJ\x3e\x02\x24l\x1a\xbaqA\x0c\xcb\xd1\xe14\x7c\x03\xed\x94!\xef\xe0\xe2\x2d\xb6j\x11\xfcl\xf1\x0e\x3c\x00J\x02N\x8d\x91\x91\xa4\xbbu\x2a\x7e\x07\x14\xe3\xed\xfa\x5b\x0eT\xedA\x29\xa5X\xf7\xa8t?g\xc6\xfcu\xd5\x1a\xee\x7b\xdb\xcd\xcb\x82\xd5\x29\x5dj\x19S\xe9.MC\x40\xfcQ1q\x0fv\xf7\xcd\xcb1\xcc\xad\x2dg?\xd1\xa5\x8d\x5e\xf6Z\x2c\x07\x10\x3bU\x0d\x19\x08\x18\x88\xe3\xfb\xb4\x18\xb0\xf3\xba\xb6\xf6\xa6\x18\x83\x1f\x92e\xb9\xafQ\xc7NXv\x18\xd8\xa4\xb1\x94\xd3\x992R9\x5f\x7d\x9bdO\x9bmNE\x1cX\xb0\xcf\x5e\xe3s\x2cw\x964\x19\xda\xbfJ\xe55\x60\x96\xf6Tt\xf1\xa2Vc\xab\xb4\xcbb\xac\x10\x3c\xac\x9c\xe9\x1an\x2cc\xcc\x07\xfe\x99L\x5c\xa7\x7cL\xc5e\xe1:\x3b\xa3:\x9d\x7b\x84\xafpy\x15D\xc1\xab\xf4?GD\x24\x86\xb5\x2c\x9e\xc2\x0fR5\x98\x5b\x95\xe8\x8b\x09\x5f\x11\x5e\xd5\x5c\xb1\xd4\x3b\x8f\x40\x9f\xb4\xec\xe0\xdd\x3b\x9d\xa3ID\xb3\x8b\x12\x04\xeb2\x29\xa5\x29\x2a\x0dV\xd6\xd1\xa2\xc8\x8a\xad\xc1\xcd\x9bv8\x13\x82\x99\x9e\xd0\x8b\x24\x98\x06\x04\xb1\xdf\xc4LLx\xd7\xebs\x9f\xb8\xe1\x3c\xa0\x00\x1cY\xbcx\x2a\xae:\xc1\x94\x16\xd9\xe2\x940\xbf\x82\xd1\x11\xff\xb77\x3eJ\xf4\x10\xd1\xed\xf5\xd7\x1e\xe6?\xde\xcdN\x25\xaa\x2d\xa6\x8a7As\xae\xb09\xfe\x8f\xc1j.\xc4\x97\xffwA\xc8\x91\xf6\x11\x28I?\xff\x91\x87\xf2\x8b\x1ac\xc0\xb3\x83\x0d\xae\x8d\xf0\x5d\x03\x1dz\xfa\xdb\xe8\x1e8\x13\x5e\x3e\x2f\x8d\xfc\x1a\x85\x97\xd9\xf5\xde2\x08\x7c\xad\x97\xe4\x02\xd1n\xb9\xc3\x90\xd6\x03\xa7\x90\x9b\xbdd\xc3\x22\xbc\x7f\xf7\x5b\xf30\x3cu\x5c\x9aF \x14\xca\xc9K\xc6l\x00 \xc9\xe8\xc7:\x83\xe2\x24h\x7f\xf9\xa6\x22\xca\x92\x9e\x97\x16\xd0\x29\x27a\xc8\x84\xae\xef\x97\xd5V\xcd\xb4\x1d\x2f\x3el\xa2L\xa1x\xc6\x17\xc8C\x98\x8e\xae\x13\x88\x89\x94\xe9NtU\x27\xb5\x98\x29\x11\x00d\xaa\xb9v\x02\xfc\xbb\xa9\xc1k\x7c\x86\x87W\xca\x1e5\x0d\x2bw\x85\xbe\xdd\x3ds\x17\xc8q\xf2\xe54\x1d\x0dp\x81\x7c\x17\x94\x02\xb4\x1d\xa1\xe1\x5f\xe7\xdf\xf8\xc3\xd4UI\x12\xb8\xae\xdc\xf9J\xd6\xbf\x24\x7f\xa6\x04\xd6\xdb\x16jak\xc0\x9e\x08z\x28\x02\x06\x1f\xbbIv\xe7\xf5\xc6\x5bLw\xc5\xe3\x8bSP\x5ee\x92\x0e\xcao\x7f\xfd\xc9\x27\xa8\x91\xd8G JA\xff\xdb\x90D\x24\xd2\xd8\xc2x\xc5\xe5\xf8\x0967\x15b\xd9\x3e3\x7bi\xbeF\xdeaf\xd0B\xa3c\xeea\x01\x0e\xc4\x26\xb0\xaf\xa3\xc0\x82TV\xa7\xc6\xb3\x18\x7d\xa8\x83\xd2\x01\xf0j\xa5\x07\x15\xf1\x88\xe9\xf5\xdfc\x10\x5d\xd6\xc2\xf19\xc8\x82bP\x1a\xf2\xf3\x7f\x0c\xef\x86\xb9\x9d\xadO\x1e\xf7\xf3\xa8i\x85\x7b\x1b\x7d\xd6QV6\xadn\xed\xa4S\xac\xaew\x95\xe6\xde\x85r\x26\xac\x06\x11q\x10\x94\x1c\x86N\xca\xe57\x0c\x8fP\x5f\x1cM\xfa?\x7f\x87\xealO\xbf\x3b\xf3\xd2\xbeD\xdfk\xc7\x92AiWS\xffM\x13N7\xb1\xfd\xe7\xebR\x0au\xd5\x5eLv\xd6\xdc\x99\x02\x19Ou\x18\x96W\x26\xef\x7d\x96q\x12\x19m\xa4\x1c:\x5ci\x9d\x023\x29\xe0\x17\x1dS\xfa\x0b\x2cu\x82\xc2\xf4\xac\xb3\x15\xe5\xcbE\x94\xbd\x87\x2a\x8d\xec\xc7m\xa8\xeae\x06\xcf\xcb\xe9r\x9a\x90j\x1fv\xca4\xa9eC\x1e\xe1\xa3\x28\x3c\xfd\x9c\xe3\x7b\x9a\xdct\xe0\xd1\xe5W\x5d\xf6\x06\xb8\x1f\xee\xa7\xe84\xda2\x0d\xb4\xabv\xbc\x8d\xe9\xefD\xa7m\x2d7\x09\x97\xd2G\x0fWC\x8a\x1by\xd3c\xcc\x2d\x83\x84\x7e\x274\x23G\xdb\x295\xecJ\xe3M\x0dc\x8b\xad\xd3\xb8s\xeb\x93j\xd4jY\xc4\x2f\xa5f\x27R\xe1\x26s\xa0\x8d\xb2\xe4\xdf\xcb\x8cJ\x93\xceo\xc8\x8dC\xeb\x2d\x3cA\x186\xe8\x81 \x1a\xd1\x14\xf7\x02\x99\x1dw\xac\x5c\x9fC\x10T.c\x86Q\xe7i\x86\x91g\x0b\xc35\x1d\xb8e</data></match></read>
    <write><data>2\x0a</data></write>
    <write><data>2\x0a</data></write>
    <write><data>12\x0a</data></write>
    <write><data>iJ.wSZLWCMXa\x0a</data></write>
    <write><data>195\x0a</data></write>
    <write><data>semiprecious baker bloodletting highroad phraseology fascicule burgee gage endermic abandoned pelvis bagpipes flowerbed plasma tape mimidae teaberry amplitudinous plagioclastic czarowitz straping\x0a</data></write>
    <read><delim>\x0a</delim><match><data>Added signature to database</data></match></read>
    <write><data>4\x0a</data></write>
    <write><data>12\x0a</data></write>
    <write><data>dSpFnyYvPAid\x0a</data></write>
    <write><data>18\x0a</data></write>
    <write><data>roentgenray dakota\x0a</data></write>
    <read><delim>\x0a</delim><match><data>Added signature to database</data></match></read>
    <write><data>154\x0a</data></write>
    <write><data>blattodea philosophia systole hillbilly concentrate sarcastically numps coherently mofussil displeasing glaciation bromic chorizema guyot norfolk coceive </data></write>
    <write><data>0\x0a</data></write>
</replay>
</pov>