<?xml version="1.0" standalone="no" ?>
<!DOCTYPE pov SYSTEM "/usr/share/cgc-docs/replay.dtd">
<pov>
<cbid>service</cbid>
<seed>ce5ae9901c47f08859b4705cf64c1a6e220cc9bf97b0c7cdff8495362573fa705f903d73cdf55427a7a6c31b245359ad</seed>
<replay>
    <write><data>\xa5\x1dK\x60</data></write>
    <read><length>4096</length><match><data>\xa5\x1dK\x60\xe5\xc4\x28F\xdb\x5dc\x7bZH\x5d\xf3\x04C\x25\xf4\xc1\x8d\xec\x5bwj\xd9\x19 \x04\xec2\xed\xb4\xcdv\x2d\x8d\x1bx\x90\xe7\x81\x8a\xee\xcc\x7cH\x5f\x0bt\x024\xeb1\x86\x7fm\x5e\x0d\x99\xbf\x0ecV\x17\xf7\x0cO\xb1!i\xbd\x28\xf0bZg\xac\xdc\xe9\xc6:\x29\xc4M\xce\x5d\x3c\x11\x05\xb2O\x83\x8a\x0dl\x1b\x9e\xb9\xee\xd0k\xf1F3\x970\xc0\x5d\x07\xc8\xf3?\xecT\xfcL\x2cEZ\x3b\xda\xfa\xfc1\xfb\xa1\x13\x99P\xe3\xb7u\x87i\x2az\x5f\x89\xac\x03\xa2\x2dz\xfbt\xfc\xb0\x60\xb5\x26\xaf\x14\xee\xbf\xb5R\xab4NZ\x83\xb2\xcd\x60\x9c\xda\x60\xcf\x1es\x2b\xd2K\x248l!iE\xc8\x2fxR\xb5\xde\xa8\x00\x3d\xf5\xd0\xdf\x8d\xceM1\xf1\xe7\xe4z\x1dt\xc0\x8b\x7b\x97\x9e\x91\x9e\x83\xdb\xc72\xf0\x9a\xc2\xe7\xfe\x7c\xaf\xfe\x94\x09\xed\xf6\x83\xa7n\xae\x5e\xfa\x2b\x22\xf4\xa6\xe3\x0dT\xdb5P\xd0\xc7\x9b\x00\xbdGd\xb3\xb8\xb0\xcc7\xba\x86\xd8\xa74\x08\x08\x0dr\x7c\xf1\x9de\x28\x8cb\xc8\x7c\xda\x5b\x1f\xe9o\x28\xb1\xf2\xc6C\x3e\xee\xd6e\xc1\xa9\x5e\x15\xcd\x87\x90n\xaa\x9fa\xf45!\xfd\xc1Fyh\xc40\xd6\x99\xb4\xa0\xba\xe9Z\x89\x25v\xf9\xa2\x2b1\x7d\xe0\xd2\x14K\x0c\x8cw\x40\xe3\x93\x91\xb4u\x24\x2d\xeb5\x0b\x9d\x0fM\x3d\x81FYUG\xf8\xfd4\x8a\xce\x940\x5cY\xb99\x94\xe4\x86\x7d\xd1\x82f\xfa\x17\x1d\x29z\x8b\xfb\xd5\xf6\x8a\x7e\x5b\xc5\xe8\xc5G9\x2a:\xe9R8\x0d\x10C\x95L\x24i\x27\x82\x9b\xc2\x1e\xbc\xb8\x0b\xfe\x91\x99GU\xfe\xcc\x2c\xa2q\x13\x27\x2a\x1e\xda\xc2w\x2b\x157\xe2\x7b\xea\xf3\xc5g\xecz\x2fOY5\x15D\xaf\xea\x9a\xbe\xf1\x03\xf6\x7d\xef\x99\x9e\x9d\xd1g\x9c\xff\x17\xc1\x29\x8d\x90\xb3\x07\xd2\xc3\xccXR\xc7\x0b\x812?s\x8b\x04I1\xf0\xf0\x0e\xda\xd7\xb8\x1a\x82\xfb\x8f\x84\x82\xfc\x7c\xb1\xc3\xee\xcb\x0e\xdb\xf8\x7d\xab\x24\xb1\xab\xb1\xab\xee\xe4\x16\x09\xf4B\x0e\xc6\xf1J\x9a\xb3\x0d\x1bo\xe9\xfa\x99y\xc9.\x8a\x1a\xde\xdej\xe7\xe3o\x1f\x8f\x3d\x0c\xe7\xcd\xd4\x3c\x9f\x1av\x9cZw\xb4\xe5\x3c\xa7\xed\x1c\xa9\xdb\x9d\xcf\x04\x9c\xa9\x9c\x24X\xb8\x2cVwSA\x0eu\xbb\xb1\xbf\xf7?\xe1\x8cx\x97\x26WW\xc28\xb5d\xb7\xb6cK\x9e\xce\xf9y\xb1\x0c\xb6\x3ej\xd9f\x23\x0d\x7d\x1d\x17\x7c\x15\xc7\x93 \x98\xf0\xba\xef\x7f\xc4\x88x\x94\xe2\xd7\xae\xce\x98\x28\x1f\xc8\xd5\xe0Q\xa9Wp37\xee\x90\x5b\x0d\x24\x2a\xc3\xa7\xc9\xbaQ\xf7\xcf\x5f\x87\xb5\xf2k\xf8\xd8\xa87\x9b\xd4\xb6\x9c\x06\x24\xe3\x83J\x17\x23\xb2n\x8d\x5dBbH\x27:\x60 O!\x9b\x3ds\xd2\xcff?A\xe8\xe9\xfb\x1668\xb1\x26\x97\xeb\x7d\xb5\x26\x2d\xe9J\xd5\xdf\xd1U\xfd\x1f\xb1\xe2\xca\xa9D\x88\x8d\x13\xebX\xac\xba\x3b\xe8E\x19\x29\x9cpX\xee\xaf\xd3r\x0e\x9b\xa2\xdd\x26\xc5\x0d\xb2\x2b\xecU\x04\xef\xces\x2b\xa4y\x7fQl\xda\xf5\x98\xfbX\xce\x90\xfb\x13\x89\x15\xa5\x7f\x0b\xb7\x84C\xe0\xc8\xd8N\x95g5\xf7\x97\x81a:\x3c1\xd3\xb3\xe7\x90\xf5\x90\xee\x8f\xc26a\xfa\xa6\x9b\xb2\x03\x96n\xffR\xcd\x3e\x9bS\x80\xcf\x1d\xc5\x05\xf8ep\x22\xeb9\xa1\xc9B\x9e\xb2U\x12\x14\x3c\xdd\xa7Y\xbf\xce\x03\x7c\x01\x0a\xba\xf7\xc7\x25\xd22\x80\xda\x8cT\x60La\x13\xde\x5d\x8e\xcc\x2d\xf4\xc2\x1e\xd7\xd0\xe4\xe4J\x60\x80\x1fZU\xc8\xe43\x04\x9fsp\xa2\xec\x04\xd8\xf8\x10\xcd\xf9:\x89\xc8\xe7\x09Q\x18!l9\xf3\x8a\xf0\xb4F\xd8\xd5\x8e\x7bS\x89\x95\x5c\x9b\xfe\x26\xfd\xfc\xbd\x9a\xe8\xb8\xf1\xae\x5b\x00\x9b\xb3\x97\x00\xb1i\xa7\x90UW\xdb1\xderz\xc8\x8e\x5f\x0c\x7dij\xce\x80\xa6\x1e\x80\x9b\x19\xa8\x1d\xf4\x7cF\x03.\x18\xa9\x1d\xab\x2fN\xf0\x5c0\x1dcn\x16Kw\x1a\xa8\xe6\xeb\x8d\xb4sZ\xb2\x1e\xd7\xafuw\x06\xdb\x88\x874\x5f\x9d\x86T\xf0\xb0U4\xac\x1b.\xef\x0f\xff\xa4g\xd3\x3do5\xb0A\xefn\x95\xc4x\xc7\xaf\xff\x85t\x17s\xee\x18\xed\x1f\x93\xc6J0T\x60\x0c\xf2o\x12E\x88\xb6\x7e\x0aL\x15\x8d\x94n\xece\x1cS\xdb\x9843\xa7\xf8\xbd\xbe\x7b\x3b\x07\x8f\x0d\x15\x93\x7eo\x1e\xa7u8\x12\xdb\xbd82\xca\xeb\x16\xdclc\xa1\x5c\xc0s\x5f\xf53\xa5\x60\x0dF\xc9\xf1C\x13\x83s\x0eN\xd0\xf1h\xc8wq7E\xd2p\x0f\xe5g\xb3\xc1H\xe5\xb8\x92\xd2C\x09\x8e\xa6A\xb5:\xc5\x9a\xc9\xfcJ\xc67\x7bL\xd1\x3e\x9c\x84\x8am0\xc4\x22\x7b\x15I\x2bS\xa8R\xfd\xec\x25O\x8b\xa7\x09\x1e\xad\x09\x96\x1f\x97\xce3\x1aI\x2d\x7bV\xa5\x96\x26\x2dZ\x2c\xce\xc9\xe7NF\x0c\xb7\xb0\xc64\x0a\x13\x2b\x105\xcd\x1dyl \x7eU\x26\xb5t\x2f\x3e2\x95Q\xd3\x8f\xbc\x82P\x05d\xa2k\x5c!E\xf1\xfaN\xf0M\x900\x0f\xfd\xe8\x3b\x82\xcb\x84\x5f\x99\xec\xb2U\x2b4\xb1R\x5e\xdf\x29\xfa\xb8\xc7\x0f5\xeb\x00\xb5\xc9JV\x19\xc68\x8f\xbfT\xf8\xe9\x02\x19G\xdcn\x8cU0\x00t\xbaV\x5d\xbf\x84\x0e\x13d\x8e\x80\x3d\x1b\x5f\x2d\xa4\x9b\x0e\x2c\xa9\x0c\xdft\x2c\xcd\x18\x8a\x11h\x2a\xd3\xf2e\xc2\xda\x9c\xa3\xd7\x7e\x16\x87\x1dFi\x10\x81\xda\x23v\x10\xf8A\x1f\x11K\xda\xce\xcafC\xc6\xd3I\xe5b\xbd\xb2\x0fL\xdf\x07\x11P\x85\x1a\xd8u\x1a\x9c\x90o\x3d\x94\x86\xd8\x7f\xc4\xa1\x8d\xfc\xb3nE\x23\x14\x80\xf8\xb1\x00\xd4\xe1\xe1\xb5j\x03\xd0y\x80\xea\xdf\xb9\xce\x11\xbb\x09KH\x28K\x0c\x3e\xc1\xdc\xf5!X\xc4\xcb\x9c\xd1.o\x05\x3c\xed\x5d\xa2\xc0\xc2\x0e\xf6X16\x08\x40\xed\x26\xe5\x10H\xd7\xb7\xc2\x0c\xbc\x60\x5f\xb78\xf8u\x1b\x06\x81\xb7\x2c\x29k\xc8\x94\x8b\xdb\x9f\xccS\xce\x00\xf9\xe2 n\xd6\xe5\xf3B\xf6\xfb\x5e\x26\xd50S\x172\x8dX\x25a\x5df\x86\x5d\x3d\x0a\xbaL\xa3\x97\xa2\x2b\xb5\xd1\x13\xbe\xfe\xc4N\x02\x17\xfe\xe6HZu\xc3C\x9f\x5b\x99\x3d\x8cMv\x03\x8c\xbd\xa0\x86\x7c\xa3\x26\xe8\xac\x3c\x5f\xef\x9b\xe4o\xa1T\x9a\x93\x27\x0e\x96\xcb\xf2\x84\xafSg\x2b\x2b\x9a\x81\x10\x5cv\xab\xcfkP\xee8\xb1\x8bP\xc70\x84\x11S\xa7\xe1\xff\x24A\x81ed\x0d\xd5\xf5\xf2g\xa7KQ\x0f\xc2\xb5M\xb8\x04\xf2\xfc\xe9\x7b\x8e\x0f\xab\x3c\xf0\x9a s\x0c\x03\xaf\x258\xd6v\xeb\xf5\x1f\x16\xca\x89\xf7\xd3\xe0\xbdx4\x15R\xd7E\x14\xed\xef\xedq\xdb\x16\xdb\xe6\xdb\xf1\x0e52\x80\x14\xc2\xf9\x13\x82\x26G\xee\x2838O\x7c\xff\xf6\xac\xdf\x04\x2bg\xfd\xc3\xc5\xac\x8d0\x9b\xf3\x8d\xab\x5b\x84\x5bU\x0d\x3bj\xfeN\x08Tj\x8b\xfb\x8f\xe29\xef\x9c\xe1\xca1\xd7O\x0cG\x9c\xe7\x80\xeak\xdeU\x9c\x3e\x22\x0eZ\x06\xb8\xa3\xd3\x5f\x99\x07\xb6\x5f\x9f\x8a\x92\xcf1\x7bd\x3b\x0b\xc8\x8a\xb8\xae\x23\xfd\xaf\x90W\x04P\x19pN\xf3\xfc\x3c\xd2\x5d\x88C\xa4\x95\xf1\xb5\xd4\x3b\x29\x08\xfd\xf1\xdenah\x7b\x97\x01\x5d\x15\x2b\xcboM\x95E\xdd?\xe9Zl\x8dH\x1c\xae\xb1Q\xd3R\x1a\x9c\xd4\xf2\xda\x18J\xd3\x90zS\xfd\xf0e8\x22E\x9dm04\x0d\xa2\xed\x03\xb69\x0cM0H\x25y\xd2\xb3\x95k\xe3\xe1\x0ag\xf3\xc8\x02\xb5\x7dz\xc8\x60\xb2\xa2\x3d\xd4\x81\xf5\xe0\xee\xdc\x06\xff\xa0\x80\x1a\x967\x1c\x8f\xb4\x85\x81\xe9E\xd6\x5f\xfc\xca\x8c\xe5\xb1\xa1\xdex\xb0\xb4\x7f\x7c\x91\x97\x3ek\x3b\xb8\xd9\xbc\x94P0\xefe\x91\x9d\xb3\x7b\x93\xc2e\x85\x03\x191\xe1\x8a\xa3i\x24\x01\xf4\xf6\xc3\x08Fw\xd2\x1f\x60\x2dm\x0d3\xd6\xad\x03x\xd6\x3e\xe1\x04\xe9\xab\x08e\xf3hT\xd6\xa0\x23kU4\x24f\x05\x12\x8ckoq\x2c\xa7m\xe7\xcd\xd1.\xdb5\x2d\xe4\xae\x92\xc9\xa9\x11\x22\x2a\xf0Az\x17u\x8b\x95a\x13\xf9\x3d\x0e\xb6\xc8\xe1\x5e\x18\xf8\xd7\xd0B\xf4\x27\xd2P\xa7\x8a7\xe6\x98\xe3\x7f\xde\x5d\xdc\xdfc\x87\xa4\x1a\x86\x19\x84\xd8\xc1\xc8\xdeCdVb!e\xd4\x00\x82\x0a\xd9\x8ba\xb5\xcd\xa4\xad\xfeHp\x18\xf0I\x91\xae\x29\x92\xae\x83\x13\xb4z\x7c\x3e5\x98\xee3\x0a\x7c\x23K\xc5B\x00\x0b\x2a\xac \xc0\xde4R\x84\x8d\x7c\xb3\x3d\x1442\xf9\xdct\xed\x16\x94K\x8c\x29\xb2?\xa80\x8f\xd2\xda\xc4\x2b0A\xfa\xb4\x0a\x9b\xc3\xe6e\x90\x8eU\xc6\x998\x82\x2c0B\x28G\xa1\x10w\x80\x8a\x29\xc5\x5e\x9b\x5f\xd0n\x1eR\xe3\x27\x09\xb0\xae\xa7\xc4\xae\xe9\xb9\x0c\x5e\x19\x9c\xfcI\x8e\xdb\xc5\xf4ST\x0e\xe8 .v\xc4\x81\xe2\x25\xeeg\xd4\xc6\x8fr\x85:\xc9E\xcf\xa5\x159\x1e\xe3\xd0\x18\x8d\x82F\xc1d\x16\xc8\x2d\xa6\x88\x07\x5c\xecP\xf5\x7eW\xf0\x14\x3b\x06\xc9\xae\x5e\x3c\x244\x0f\x84\xf8\x5c\x7b\x83\xff\x096d\x8f\xe0\x99\x0ft\xc73\x1b\xeeJ9\xac\x5dm\x04\x0a\xd5\xc7\x1ej\x87EnH\xbeX4\x90C\xbdL\xa9\xd54\xa0\xb0\x97\x0f23\x1d?\xc2\xff\xc4\x1f\xd9 \x0fyJ\xa5E\xc5\xec\x0b\xb5\x89\x5d\xe9p\xec\x26n\x7f\x9a\x5f\x15\x98s\xb6\x00\xbbf\x2d\xa2\xa2\x3d\xeb\x83\x9b\xfa\xdd\xd5\xaa\x03y1\xd2A\xd4N\xb4f3\x19\x1b9\xb0\x3b\x17\x9e\xed\xd5F\xf367\x7c\x08F\x3e\xcd\xe2\x9a\xe5\xe2\xd0\x2cw\x5c\x05\xc6\xdd\x99s\x00\x2d\x05\x2d\x06\xcc\xf7\xc4\xbb\x2fRYO\xff\xf9\x07\x22nkB\x3bCN\xfd\xf3\xe9\x7f7\xeb\xdf\x86\x1b\xa3\x282\xbb\xc4\xb2y\x96c\xcaP\x2a\xe5\x40\xc2\xfai\xb5\x60\x19\xc3mjN\xa4\x1dT\x86S\xd3\xe5\xc1m\xdc\xf6\x85D\xd1nD\xd0R\x8bv\xce\xef\x0f\xc8\xd7\xfd\x09\x9b\x96\xdb\x02\xdf\xcfY\xb42K\x7c\x09\x86\x23\xa7\xf8\x06\x11\x98\xc2\x0c\x03\x9c\xb2p\xf3\x97HTRL9b\x7b\xc1z\xcfdk\xf8l\xd1X\x1c\xcca\xe0\x250\xd9\x92\xab\xbf\xc2\x08v\x5b\xb6\xb8\x80\xd7\xa5q\x05F\xd0\xb7\x97\xbd\xdd\x22\xce\x2bL\xf7:e6\x1d\xb0\x0e\x99eN\x16\xf9\x19\x07\x5eX\xd0\xe8a\x16\x94\x2f5\xcf\xf3\xdc\x04\x9a\x90\xd3\x97\x86\xf79\x3d6\xb4z\xe5\x7e\x03\xc8 n\xa8\x3en!\xc3\xdaWv9\x84\x17:\xe3\x0e\xa4\x94\x09\x1co\x8b\x81\xc6:\xa5\xad\xf6\xc1\x94\x00\x0d5\xfd\x09\xd4v\xf4\x87\xca\xab\x26\x24D\xa0\x0em\xaf\x1b\xe3\xb6W\x85\xf8\xc6d\xfeB\x95\x1d\x86\xc3\x8f\xbcw\x079\x23\xd9\xb6\xc0\xdf\xc8y\x24\x26N\xf0\x0a\xa5\x07\xcaj4\xfa0\xe0\x06\x7d\xab\x03\x2cEh\xbb\xc7\xd5\x8a\xdf\x5b\xd0\x29\xc7\xca\xb7u\x3d\x28\xfcq\xfb6\x23n\xea\x00\xb1\x97x\x96tzz\xd5h\xb18\x88\x3c\xd2\x24\x28\x82\xcc\x82\xd3\x1f\x27\xcc\x8a\x2b\xbc\xde\x9a\xf0I\xe6\xa0\x8c:f\x19\x10\xe1\xbaJ\xc7\x2c\x07P9\xa8\x5b\xc3\xcbMl\xb2\xe5\xe5\x7er\xe4\x00\xa3\x16\x2b\x15\xfeD\x18\x8a\x80\xb5\xb0\x3d\x0c\x8e\x26\x5f\xfdB\xc4\x5e\x7c\xd2\xfb\x2f\x89\x0e\xb3\xa6\xd1\xc7\xf9\xe7\x19\xb3\xe1\xa5S\xd3gAf\xed3\xear\xb5\xbe.\xce\x83\x89\x0cC\xd6\xd5\x07\x8fD\xf4\xdd\x84\xe4aZ\x244ym\xad\x86Q\x2a\xa0\x89\xe9 e\xc5\x09\x0a\xd9\x29\x60\x9c\x0eIr\xfb\xe5M\x3c\x04\xde\x28\x82\xbf\x95\xe3\xca\xfcRW\xea\x16\xa8\x2b\xbeB\x27\x00\xf0\xfa\xf3r\xa5\x25\xf0N\xfd\x2a\xd2\xf8\xb9\xd9\x08s\xa2F\xd1\xcd\x0e\x27\x90\xc4\x11\x5f\x85\x014\xdbZ\x13\x935\x11\xed\x99\xd8\x17pPU.c\xc95\xc1\x0e\xa31\x3e\x9bL\xebH\x80\x9fz\xf8\x27\x8a\xeew\x3ch\xbdNe\xaa\xae\x5bs\xe2\x07h\xd3\x97\xe8\xb1\x01\xf4\x89Jq\x2aj\x60\xcf\xe9x\x80\x9f\x81\x3d:\xb7 \x08\xe0\xac\xe1\xc2\xfdl\xd3\xbek\x8f\xb6\xf0\xde4\xec\x27\xc4\x5f\xc1\xb3\xdb\x08\x7f\x5c\x0d\xecT\x2c\x84p\xa6\x2ck6\x8b\x0cG\xae\xf4O\xc0\x9f\x1eo\x1dK\xf7J\xa2\x00\xf0\xb8R\x93c\xba\x1f:\xbc\x05\x9c\xde\x9c\x91\x88\xbf\xb8\x01\x26\x7dW\xa0\xd9R\xd2v\x7d\xaee\xebw\xd3\x252S\xe3\xbc\xaa\xd6\xe1\xf60\x1b\x2d\xb9Mh\x1b\x83\x5b\x0a\x07U\x05\x2f\x40\xa3\x14u\xf3\x81\x8f\x94\x26\xbf\xd3\x85p\xa6o\xdcSP\x27\x0c\xe4\xcd\x25\x7ed\xbd\xc8\xf1\xcd\x1cb\xfb\x9aq\x9aT\x8d\xfa\xa0\x11\xad\x60\x3dX\x99\xff\x7b\x88\xe7\xd1\x85\xc6i\xe1\xa5\xa4\x9b\xbd\x167\xd84Q\x16\x10\x1f\xd1\x91dQ\xb2\x07\xf12\x26\xdf\x01\xd5\x2b\x88\x25\xe7\xef\xc4\xcdux\xe5j\x99\xd5\x22\x93\x82\xf3k\xd7F6\x81\x3ck\xe2\x87x\x2f\x5eb\xe2\x91\xf9\x1c\x18\x1c\xdd:\xcb\x9b\x18\xc3\x0a\xd9\xc3\xfc\x82\xb7\xaax\x89\x7c\x2c\xf7\xbfrz\xf2\xbe\x22d\xfa\x9d\x2a\x5e\xf0\xbc\x15\x87\xa9\xcc\x8b\xffF\x80\xc9\xc14M\x7d\x8b\xea\xdd\x15\x7d\xf3\xf3\xc4\xed\xf9G\x1c\xe5\xc4\x82\xc3\xdf\x00i\x83\xcc\x9cPn\xfd\xb4f\x88\xf80\x9c\x22\x04\xe8P\xee\xe4\x29f\x83\x08j.\xb6A\xfd\xbe\x98\x92c\x27\xf7\xf3\xd3\xf0\x7d\xce\xb2\xfe\x24\xabJ\xa9\x5e\xca\x7e\x0b\x1a\x8e!8R\x8b\xd2\x81\xe5\xb6\xfb\xcf\xc8\x23\xe0\x9e\xb8\x25\x91g\xe5\xeccp\xd3\xec\xc1\xa1b\xed\xa5\x1b\xa19\xe0W\x10F\xa4\xe5\xfe\xbc\x00\x29Tl\x0bs\x00\xb9\xa27\xb7\xdb\xcf\xef\xd6\xc95\xd0Ff\x95l\xe4\x85\xf2\xc4f\xd7\x94\x7d\x7f6N\xc5\x7ft\xe3e\xa3\x1f\x1fc\xcc\xb5\xaf\x27\x8a\xb1\x9f\xa2\x12\x25\xed\x82\xa1\xa8\x8dS\xf1\x5e\xea\x1a\xd2y\x3cA\x88\x11\x9bA\xbb\xcb\x99\xee\x89\xf0\xe5e\x85\xeb3\xf34\xb7\xa3\x9f\xcd\xdc\x16d\xaa\x7b\xa5\xbc\xbd\x2f\x26\x16\xc4?\xd3\xb4\xff\xb1\x94\x0e\x90\xe0\xe2\x0f\xd9\xf17\x22\xf0N\xcdU\xc0\xa3\xe76\xbeO\xca\xa0Fm\xbf\xf6\xe7\x9c\x25p\xa16d\x17\x98\x0ax\x84\xa3!\xc9Zw\xa5\x5c\xb6R\xb1G\x8ea\xba\xdf\xea\xef4!\xda\x249\xa1\x86\x24\x28\xe4\x3dP\x8bms\xe7\xdd\x3e\xc8\x2fO\x19H\x1a\xc27\x7f\x93P\xfc\x0f\xadF\xe78\xc8\xe2\x87\x60\x88\xd7\xb9X\xd1J\xb4\x5f\xdc\x9e\xf4\xe9 \x14u\x28\xc4GQ\x16\x94\xf0K\xff\xa0\x3e\xa3\x01S\x3dR\xac.7\xdd\xb9\xe4\xb1\x88\x1a\xba\xf5d\xc2\xcc\x0bdW\xfc\x82\x13d\xa3G\xa1\xb6\x5b4\xfbQ\x5fuq\x0f\xd9\xa5N\x60\x9c\x29\x8f\xeb\xc7\x2aO\xab\x1a\x1a\x02Uvv\x7d\x24\xc7\x87\x8e\xd1cG\x84\x0dl\xbc\xcf\xac\xa0A\x13\x22\xd4\xa3\xfb\xba\xff\x92c\x91\xbd7\x5f\xc8\x29\x8f\x86c\x22\xf3\x96\x8b\xbf\x11\xed\xe5\x1c\xbc\xa3\x23TL \xf0\xa6\xf5\x00\xc5\x28\x18\xfb\x60\x8d\xf2\x18\xfb\x7eN\x0e\xccJ\x14b\xc9\xc2\xcaT\xd8\x90\x2a\xa9\xcf\x92\x9e\x14C\xc4\xde\xf7\xce\xf8\xf8\x13M\xf8\xff\x0c\xd3n\xa4 \x1aN\xd6\xeei\xf8e\x9f\xdd\x19\x5b\xf3\x143\x87\x05a\x06.\xd6\xf2\x5e\x919Y\xc8\xa0H\xcc\xa6\x8c\x80\xbcw\x24\x18D\xa9\xc6\xe1\xbd\xb3a\x23r\xd4\xb2\xb6\x7eT\xe2\xdf\x8e\xdd\x25\xeb\x2a\x9c\x87\xdd\x22V\xa1P\x14\x5d\x0a\x83i\x0b\xc1W\xbd\xf9\xd7\x9a\xd7\xf6o\x95\x24G\x25\xe8\x15L\x859\x5e\xcd\x93\x18\xe6\xf30\x80\xc6\xe8a\x9f\xb8\xf6\x1dD\xde\x0b\xc3\x8f\x8b\x0b\xd5\xa5.\xc6\x2d\xe1\x82p\xaeQA\xfad?\x10\x99\x11\x14\xae\xd6\x3d1\x5c\xdb\xb2\x9b:p\x0aJ\xef\xb0\x28\xf8\x3e\xdfg\xddu\x9eP\x860\xe4\x3b\x27\xe9\xee\x08L\x5e\x22\x927\x110o\xc8\x87L\xc0\x60\xc3\xda\x9cAv\xa3\xe6d\xda\x28o\xbf\x1e\xc3\x40T\x17\xa4i\x96\x96\xc6TdUp\xa0\xd9\xdbp\xaf\x00\xc2:\xe7nR\x8b\xffY\xaaU\x0f\xc3.E\x1a\x97u1\xbdMk\xf3\xfaPC\x8b\x93\xf7\xfb\x05sW\xf8\x3b\xa0\x03\x07\x12B\xe9\x18\x86\x85\x25\xa3g\x5f\xdaA\xd8sa\xea\xb5\xa5\xc7\xdeUl\xec:m?\xc9N\x11jOp\x8f\x9d\xe8\x1c\xe0\xe3\xf4\xe4\x09f\x2f0u\xc8\xf18\xd5\x25e\xcc\x7fn\xb4\xc7b\x01\x90\x22\x8a\x1fi\xb72\x15\xefq\x0c\xcb\xd9\x5e\x8fAs\x23\x94\xfb\x0f\xca\x84k\x87\x90m\xc3\xd7\xae\x3b\x5d\xee\x9d\x0c\x5b\xf7I\x1f\xaa.\x9c\x1a\x9d7n\xadW\xa6\xe2\x1a\x9aX\x02\xc0:q\x7f\x1b\x16\x8e\xa7\x26C\xfc\x27\x9c\xb1\x8b\x0e\x2b\x3c\xc45\x2f\x05\x89\xe3\x1b\xe0\x91\xc2i\x1d\xbe\xab\x7b\xbdE\x94\x1eT\xd58Y\xb3\x2c8\x9c\x8a\xd1\x17D\xa0\xdb\x8eXO\x04\xfbW\x95C\x9d\x10\x3b\xbc\xbfeq\xd6t\xfa\x87\x2f\x3c\xe0\xc2\xfc\x2c\xe08\x2a\x28B</data></match></read>
    <write><data>1\x0a</data></write>
    <write><data>2\x0a</data></write>
    <write><data>12\x0a</data></write>
    <write><data>QuXkfFAK\x2f.wS\x0a</data></write>
    <write><data>210\x0a</data></write>
    <write><data>hymnal surtout old flunkeyism devilmaycare bromic penicillin speed religieuse pavo excathedra hippoglossus impolite laparoscopy coup selectman pandean calash gatherum overexcited gullery phenacomys rheum birdie\x0a</data></write>
    <read><delim>\x0a</delim><match><data>Added signature to database</data></match></read>
    <write><data>751\x0a</data></write>
    <write><data>scamper matrimony squadrong quintroon antheraea delator cope prestigious leontodon perishable impassibility litote crustacea weimar precipitation hornmad known obligatory coragyps perfice enlil clandestine hymnal surtout old flunkeyism devilmaycare bromic penicillin speed religieuse pavo excathedra hippoglossus impolite laparoscopy coup selectman pandean calash gatherum overexcited gullery phenacomys rheum birdie tallies roughish lh hint languages festoon callistephus analogist solitarily hymnal surtout old flunkeyism devilmaycare bromic penicillin speed religieuse pavo excathedra hippoglossus impolite laparoscopy coup selectman pandean calash gatherum overexcited gullery phenacomys rheum birdie uncongeniality neo polder happen sons bewitch </data></write>
    <read><delim>\x0a</delim><match><data>QuXkfFAK\x2f.wS \x2d GUARDED \x2d 8a547641</data></match></read>
    <write><data>0\x0a</data></write>
</replay>
</pov>