<?xml version="1.0" standalone="no" ?>
<!DOCTYPE pov SYSTEM "/usr/share/cgc-docs/replay.dtd">
<pov>
<cbid>service</cbid>
<seed>14f1d64a1c30a47e17d8182924090d477f30dc53ef36778bc6985ac572bcb61b42ee07eb24f1041d16cf8e8925f9b853</seed>
<replay>
    <write><data>\xb0\xb0\xa7!</data></write>
    <read><length>4096</length><match><data>\xb0\xb0\xa7!\x8c\x8e\xe6\xe3\xd5\x16\x12\xc5!\x004\xf5\xf3\xbb5\x29TV\xbc\x0d\x2f\x60lyN\x9d\xc7t\x60C:\xcb\x92\x9c\x27\x5c\xed\xf3\xf7\x2a\xf4x\x1eT\x0aT\x93\x8a\xfcw\x97\x81A\xde\x82\x08\x8e\x19\xd2\x1d\xa72\x13\x24\x99z\xd2\x0c\x265\x07\x0a\x2b1\xda\x03\x01\xc8\x29\xb9P\x24t\x1c\xf7D\x0f\x90vZ?\x02\x13\xdf\x8b\xf5\x03DB\x08BR\xf9\xa2\xe1\xba\xde\xc81\xbc\x04\x9ei\x18\xed\xfbA\xeaO\xdc\x89\x17\x2a\xba\xa5\x9a\x8fH\xae\xec\xd9\xcb\x7e\xf5\x7d\x10\xfc\x0c\xb6\xe65\xa2\xe35G\x85\xf8\x7c\xaeF\xa4\xa5 \x26\x00\xa9\x0b2\x19\xa5mM\xfc\xd7c\x28R\xd77\x1b\xae\x5c\x2d\xfd\x17\x14\x7e3\x17\xc5\xe7\xc4\xce\x15\xd1\xe85\x9d\xadng\x86\xeb\x8e\x07\x10\x99\x0b\x5e\x0a\xcc\x0b\x80\x09\xaa\xa8s\xd4\xc1\x0b\x17Rm\x2f\xfc\xe5 \xbc\xd7\xe32\xb1M\x7d\xc6\xfe\x0dKK\x8b\xb0\xa0N\x08\xf55\xd3\x5e\x5e\x97o\xad\xf7\x01\xe9d\xaaY\x17\xb8\x86\x8d\x93\xea\xf7FYHi\xf9\x06\xd5\xab\xaf\xfb?\x08\x22\xcf\x8d\xa8\x98\x81\x16\xb3\x18\x26\xd0\xef\x1eU\x82\xa6\xff4\xc4\xc0\x8c\xd1\x1fB\x3b\xc1\xf4M\xe9\x09k\x17\xe3.\xee\xbc\xf5\x0eU\xbbO\x24\x23\xd3\xb0\x08l\x239\x23\x84\x5e\x1aK\xb1\x9d\xaa\xb3\xea\x1e6\xac\xb9\xba\xc2\xaf\x95\x2bR\xe5\x93\x11di\x82\xa27\x29:\x26Rw\x27\x1e\xbaZ\x5d\xab\xe5R\x2b\x9c\x9b\x95\x0a\xd5\x06\xa24\xc2\x29\x85\x7b\x8c\x14c\x0e\x2c\x18\x2f\x16\xfa\x0d\x9d.\x7d\x8ae\x2d\x89gH\x12\x97\xafE\xdd\xe4\xcc\xbf\xfe\x5dB\xa0\xdeQ\xaaE\xbb\xd5H\x02\xf0\x83\xc8Ui:\xae\x2b\xa1j\xcaj\xa8d\x3c6\xa1\x9b\xb8\xa2\x0f\xfa\xdf\x11\x19\xb5\x8cR\xb6\x3c\x8b\xe2w\xf8U\x98\x80\xe5\xc0\x3bE\xb4\xadBJ\x04\x83l\xfe\x9b\x29\xdf\x5eb3nu\x2c\xc0\xc3\x9b\x83X\x0a\xd8\x81\x7b\x98N\xa1\xf4\x23\xef\xbc\x8a\xd3\x0d\xe9\x3cM\x03yN\x25\xf5f\xfb\x3e\xd1M3i\x92\xc0QB\x90!\x9eZJ\x2c\x84\xa5\xa4\x1a3b\xa9\xe7\xec\x97\x9c\x7d6R\xb2J\xb6\xbbM\x9b\xadF\xa5\x8fm\x3dw\xf9\xd3x\x95\x90\xd5\x7bVT\xc8 \xfcu:\x82\xc80\x87\x2a\x0a\xd7\xdf\xb4\x93\x60\xa2\x07\xab\x5c\xa4\x7c\x90\xe6R\xc4h\xe1\xc7\x2c\x7f\xc0\xf3\xeb\x23J\x24\xac\x87\xe34I\xda\x9f\x8d\xb2mnt\xae\x2d\xe8!K\xae\x02\x03\xae\xbed\xa6W\xef\x04\xf6\xc5\xf3\xca\x00\xe1\x00\xb27\xb7\x84\x87\xda\xac\xf4\xc59\x9e\xc7\xb9H\x0dT\x0e\x0f\xf1!h\xb0\x97C\x83\xf3U\x92\x3d\xdd\xdc\x04\xcfJ\xb6\x28\x86\x7e\xec\xa2X\xd9\x5c\x9e\xfb\x16\xe2\x90\xe4\x9ag\x2d\xe8\xa6v\x01\xffu\xda\x1f\x14\xf0j\x95\x3d\xfb\xb8Dl\xe1m\x00x\xb0\xdf\x82\x8c\x83\xe1\xffNk\x19\x5e\x29!8\xc5\x2aY\xd0\xcc\x14A\xf9S\x1f\x98\xbch\x98\x0b\xcc6\xc2\xacV\x88\xb9\xaf\xda\xf0\xf5\xa3\x3e\x13\xac\xc8\x9e\xe4\x91\xd21\xf2\x9d\xd9G\xf8s\x5c\xcf\xb2\xed\x9cy\x82R\x9a\xe5L7\xf2\x1f\x3bJ\xfe\xf2\xb2n\x5d\xf5\x01\xf3\xfa\xf5z\x3d\xe5\xda\xad\x97\x8f\xf2k\x26U\x11\x80\xf9?\x0e\xc0\xd5\x08\x97\x09O\xbb\xfc\xa9\x94\x04\xdeN\x10\xc4\xd5\x7f\xab\xe88Kz\xe9\x17!\x83\x8a\x7e\x81\x03\xf9\x83\xc6\xe2\xce\x26\x13\xce\xd7\x88pf\x3b\x1a\x91\x26\xe3Z\x26D9\x87\x11hR\x92\xcdf z\x297\x89\x0c\xb1Z\xfc\xe8\xbe\xcd\x02\xab\xc4\x22\xbd\x27\x2d\x2cK\xfb\x9d3\xa0\xb6\x9a\x94Z?\x80\xd1\x91\x0b\xd8\x7bq\x09\xe2\xdc\xa9\x0a\x14\xa6\xef\x02\xfd\x0e\x02x\x2d\x2as\xf3\x29\x01\xfb\xec\x60\xd9E\xce\xe5jxgw\xa8\x11\xd5\xfbp\xa8\x2b\x98\x8d\x99\x3cSH\xecH\xb3\x94\xa9qo\xec\xecBr\x82\xdd\x14\xd86\xec?\x0b\xd9\x08p\xebu\xd9\xfb?\xe5\xd3\x06rB\x25\xb9\xa3B\x82\x83v\x96m\x2dps\xf5\x15\x8c\x8e\xdb\xe4L\xb8\xe71\xf4\xdd\xae\x80\x9e\x92\xee\x08\xd2 \xe6\x7c\x00\x16\x5f\x187\x2c\x81\x1e\x8c\xf3\x15\xb2\xe0\xb9\x9d\x25Q \xec\xdb\xf1\x3b\xad\x7d\x3e\x92VM\x60\xe6\x96\xb5\x7dH\xc1t\xa4\x97\xaf\x17\x8eQ\x16\x8b\x80\xfd\x8e\xf5\xc8Cn\x3e\x81E\xd3\x5b\xc1\xe3n\x2b\x0e\xe4\xdf\x06\xe8\x7b\xeer\x5ccs\x84UP\x94k\xd6\xbd\x891h\x88\x8d\xe9xB\x00\xd6a\x9f\x04\xf0\x5e\xd1\x8cq\x099\x98\xd2\xfah9\x40\xe9\xd9\xa9\xee\xd3\x27\xc1\xd3\xbd\x9e\x03\xb4\x28\xc6\x2b\x8ca\x1fz\xb1\xb7\xe0p\x0d\xf7\x7eEN!\x3b\xf7\x2f\x9e\xfaV\xa2A\xa0\x7bb\xe7\xd4\xc1\x15\x26\xfd\x2d\x1fR\xe4A\xca\xf2\xc8\xaa\xcb\x5c\xed\xfc\x60h\xd3\xc6\xa8\x99\x5c\x25\x1aM\x13\xf4X\xbb\xfbs\x3b\xca\x5e\x29\xcd\x0eg\x09\xf9\xbc\xae\xcbk\xa2G\x2dR\x5e\x0e\xbb\xde\x18Y\x9c\x08\xbc\x28K\x5f\x17\x89\x9d\xd5\xc4\x7dZ\x9e8\xa1\x7c\x96\xcf\x2f7\xf1:A\xde\x18h\xc3\x26\x26\xe9\x9a\x1a\x90H\xb7\x15\x09\x96\x84\xb3T\x10\x5e\x05E\xf2\xceC\xa8? \x10\x81\xd4t\x1c\xe3\x83O\x10\xcd\xd6\xf8\xf1t\xcc\x7f\xa9\x00\x98\x94\x5f\xcf\xe8\xaa\xef\xa8q\x13\x23\xec\x08\x7e\xecdn\x09h\x00x\xf8\x5e\x94\xf6\xf2\x059\x8fjP\xd9\x7bu4u2\x3b\x14\xe3\x95\x8d\x81g\x0c\xe1d\x93\x992\xf2f\xd0\x5cV\x5be\xfauelC!XAWp\xf3?A\x08\xf8\xbc\xfa\xc2\xa8\x06\xb6\x8f\x27\x03\xf5\xdb\xb1\x15\x7dx\xbd\xad\xdb\xff\x89\xf3\xd6\x2bkC4\xf2\x12\x9f\x9e\x0f\xd3\x5f\xbb\x7f\xd3\xc2o\xd4\x07 \x7c7\xe0\x92\xe2\xcb\xf4\xfa\xbe\x1c.Z\xdf6\x0er\xe7\x99.\xb0\xc3\x0f\x2c\x23e\xc08u\xe6:\x5b\xf1\xbb\x7e\xf2W\xd2\x126mX\x95\x5bz\xc8\xd4tjS\x27y\xf3\x7d\x0c\x99\x99Vv\x06\x19\xcc\xd6\x8f\x5e\xac\xb93Z\x14\x9f\x9b\xf0\xa9\xf5\x26z\xa0 9\x80\xb9\xeb\x9c\xe1\x22\xa3\xbb\x28\xff\x2al9\xee\x2a\x90\xb8\xc0r\xd3\x87\xc5q\x3b\x1e\x0d\xb0\x91GZR\x15\x88\x82\x06O\xea7\x8f\xa1\xb9S\xd5\xbdF\x8d\x03\xd6\x7cb\xdefX\x93o\x89\xa1x\x1c\xe8\x7f\xe6\xcf\xa2vq\xe2\xa6\x12R\xf5\x03\xd2\xb9\xc5M\xe4\xc8\xe9 S\x5b\x8e\xe2\xdc\xbf\xd7h\x8e\xc7\x3c\xf2\x5bx\x84\xa8wo\xec\xe0\x186\x2aW\x97\xba\x80U\x84\xa8\xaa\xd3\x88\x09Y\x93\xdb\x40\xb9J\xd5\x96\x93s\xf3\x01\xbe\xb2E\xb2\xf4\xa8\xbek\x12\x81MA\x02\xa6D\xdf\xd1\xc8\xd4\x81\xde\x0a\x04\x8d\x81\x25\x0f\xd0\xc5\x07\x15\x8ak\xb5\x0d:p\xbc\x8d\x1d\x9bom\x3c\x40\x22\x60z\x0d\x3ba\x3d\xf9\xa1\x2f\xa3h\xd2\xa3\xe0\xd9\xf9\x99\x82\xe8\x1bC\xc4c\xe4\x86\x97\xe1\xb5\xaa\x93\xab\xd3\x1e\x9aD\x5f\x9a\xe0\xd3E\x87\xa6rDgA\x85\xdf\x9e0\xa8\xd2\x27s\x9f\x80\xb0I\xcf\x7f\x9c\x94\x0b\x8bU\xa7\x2a\x1dX\xb7\xff\xc9\xf6Y\x13\xb1\x3b\x1e\x80\xabc\x92\x60abm\x3c\x03\x0f\x0e\xea\x7e\x00NS\xae\xc5\x24\x0d\x075\x12\xa4Q\xf4\xdfN\xddv\xee\xb4\xeaYK\xa0\xedz\xae\xc7M\x8f\x06\xb5\xb0\xf7\xfc:\xc2\xbd\x91\xaf\xf0q\xae\x87\xf4\x8b\xcd\xad\x9c\x2akT2K\x2f\x0f\xa3\xdb\x11\x13X\xaf\xabR\x07\x12\x96\xb5\xc7\x3c\xf5\xbe\xad\xd1\xdc\xb8\xb8\x83\xcao\x87VY\x10\xdf\x98n\x5di\x95\xa7\x1e\x28\xac\x85\xbc\xf5\xa0b\x0ap\x9c\x8f\x94\x04\xd5A\xf5\xf5\x29\xad\x15\x85\x9c\x2a\xde\x14\x24\x07\xb4Y\xcar\xbb\xabR\xfc6\xa0 \x25\x03\xb3\xac\xd9\x22\xaa\xf2\x0aD2\x2c\x8f\x84t\x7e\xa2:\x1e\x28\x02\x1d\x7b\x17\xf6\xf5\xf9x\x0b.\xb0\x2d\x03\xbc\xa9\xf5aR\x24P\xe4n\x28\x08\xe0Q\xb2pD\xf1H\x1c\x8f\x91M\xe5x\x60\x0eI\xe2aN\xc2\x18\xf8\xd4c\xf0a\x2f\x05mV\x22C\xb8\xad\x06\x26lb\x5b\x8f\xa1\x8eD\x902\xfb\xa6t\x1c\x9an\xda5\x13c\xb8\xd9\x1d\xba\xa0\xcc\xef4\xf0Q\xec\xa6\x8f\xe2\xb3\x04\xb5\x23\xeb\x9f\xfe\x2a\xac\xb62ce\xe0\x3e5\xf0\xab\xd6\x90\x00\x17\xa6\xb7\xa5\x8b\xb4\xce\x17 \x7b\x96Q\xfe\x3c\x84\x85r\x1d\xa8\xb8Y\x87\xf2\xcb\xf7\xdf\x82\x94\xa245\xa3Va\xdb\xb2\xd5s\x8e\xec0\x29I\x0aaM\x81\xae\x3b\xfd\xbb?\xb2:\xb0\xeb\xcf\x0b\x23J\xe4\x9d\xd6z.A\x00c\xe5\x1b\x1a\xdf\x83\xd5\x5b\xa4\x9bP\xd7\xeb\xe1\x1f\xa75?\x2b\x1fd\xc5\xdf\x03\x8cJ\xd6C\x2dr\x0a4dM\x3b\xbc\x01\xf2v\x0ef\x90\xd9\xe2v\x056\xc7\x2f\x1d\xfc\x80\xf6M\x28\x9a\x94\x7e\x1b\x5e\xa7S\xd4\xe9\xe9\x91\x94\x3e\xfd\xfb\x0c\x90\xcb0\xa1j3.b\xbfH\xb7\xe8e\xfbnI\x86M\x60tWaI\xb4\x26\xf6E\x02\x7c\xc2\xado\x0eO\x13\x5elC\xd3\x93b\x8e\x9c\xb4\x26\x5e\x86\xca\xe7b \xa4\xb8L\xfe\xdc\x8a?0\xa7G?\xb3\x94\xab\x5fh\x0a\xdb\x948\x2a\x22\x2f\xcf\x9a\xa1\xf4\xba\x93\xb3\xd3\xb6\xc4\x04\x88\xef\xb6?\x40\xa8\xbe\xd7\xfc\xcc\xb8\x14\x06\x0e\xbfS\x0b9\xaa\xe3:\x0d\xe9O\xec\xd5\x80p7\xf6m\x9d\x99\xd5\x12K\x83\xe3\x07\x25\xd1\xe5F\x3b\x95u\xf6\xaf\x11\xe1\xe4\x89\xddXN\xf5HW\xf7\xee4\x7e\xac\x60\x1e\xba\xf1G\xd9\x9f.\xf7\xf1\x0foD\x7d\xd4\x82\xd4H\xb9\x0a\x80\xd1\xcd\xc3\x2d\x29\x0b\xdc\xa4\xebl\xd2\x00Z\x07\xad\x1d\x97\x3e\x93\x01\x03OP\x1fj\x88\xe5\xf9l\xc2\x08\xb9\x1f\x18\xa4\xe0\x06\x9d\x9d\xfc\xb1\x94\x83\x83\x26\xaa\x81Q\x087\xec\xe6\x83u\x1dK\x17eO 1\xc3h\x2dkV\x98h\xbbx\xfb\xc1:\xc1\x0fZ\x05\xd7\x91\x08D\x84D\x28\xb1\x2fX\x9dJd\x8c\x17MB\xa0d\xf7\x3dR9\x3bi\x8bY\xed0\xe7\xcb\xacfW\x9b!\x02\xfd\x8ca\x28\xa1\x87\x28\xfc\x0f\xac\xa5\x1a\x5d\xb6G\xc9\x1a\x8a9\xa6\xfe\xae\x9f\x93\x7f\x07\xb1\xb9\x11v\x003\xe4\xa0\xeci\xf4k\xd9C\x84\x8a\xf6\x1b\x40\x7cP\xb6\x7e\x1a\x0b\xea\xff\xdb\xadXNz\x1ci:\xff\x87\xa9\xfc\x9e\xbd\x09\x24\x26\xde\x2f\x94\x1c\xdfj2\xbe\x88\x9cl\x9bl:9\x83\x00n\xe5\x16\x22\x0c5\xf1\x2dY\xd9\xf2f\x04\x1c\x0b\xb5\xe7\x5c\x87\xb2\x823\xf2jD\xc2\xac\x1aw\x1f\xac\xba\x3e\xff\xd8\xbc\xf3\xf8\x87\xcf\xf1\x89\x25\x98\xd9\xe0\x3c\xd9\xd7\x14\xca\x9e7\xe7jz\x1b\xf9\x17\xa9I\xa2\xdf\x16\x95O\xfdS\x8e\xbc\xbf\xd6\xdelWU\x9cOu\xbd\x27\xf0\x8ev\x60\x7e\x5e\xb76\x93\xad\x60 \xe8\x81\x91r\xa8\xd1\x1b\x23\x1b\xbe\xa04\xdd\xa33N\x94\xc6\x9bp\x10\x8b\xc0\x25\xc9\x5b\x7e\xb8H\x94\x99\xe6\xf6\xb9X\xb4\x2d\xd0\xdd\x11\xf7\xf8\x80\xf7\x28\xa68\x1drV\x14\x91u\x09u\x9e\xc8A\xee8\xcbV\xb5H\xc5\xd1Q\xcf\x81\xf8\xe0\x27\x29\xbf\x2c\x9e\x8a\xfe\xfc!\x96T\xcdl\x9b\xbb\xebg\x07\x5b\xa6\xa0\x85\x23r\x2c\x09\x12\xa8p\x1c\x25\xd2\xcd\xc1\xf6T\x24qf\x13\x7f\x0b\xc2C\xf7\x8b4\x3bQ\xdew\x0b4\x03k9\x01\xd7\x5f\xf0\x9as\xff\xc6\x87\xd9\x9ch\xfe7\x2c5z\x87I\x19eQy\xc0\x2c\xe7\x04\xcd\x8ap\x82\xda\x22\xa5d\x1e\xdb\xc6\xd5\xdbF\xde\xc5 \x3bdW\xd0\xff\x02\xd8h\x8f\x8b\x02\xb9K\xa4\x87\xfcB\x1czr\x80\xf7\x22iL\x07\xffX\xb1c\x89\xeb\x5d\xde\x8d\xb6\xf5\xae\xdaM\x916i\xd7u\xdd\x9e\xba\xe4\x24\x5ekG7\x92\xcb\x01\xbao\xa5\xe7\xbe\xc7\x0c\x7d\x03\xbd\x29\xabN\x0a\x91Ik\xc7\xe8\x5c\xcd\xe1C\x1clE\x89\xd6\xdd\x88\xf1Z\xdb:\x14\x7c \x5b3\xbbZT\xc8\xdf\x8f\x92\x7dW:i\x0e\xcfm\x94\xa5\xc5\x84a:\xb7fNs\x07\x8e\xffh0I5w\x5cj\xf3\x13\xdfw\xc3\xee\x8b\x26\x3c\x3d\x97\xfch\x00\x91\xfe\x283\xc1\xf7\x2a\x14\x9f\xa7\xfe\x2d\xb5\xf1\xc0\xc2eo\x98\x16\x97\x96\x92\x02\xc4\xd2\x17\x5d\xafB\x94\xa9\xb8\xb2U\xf2\x91xU6\xab\x23\x97\x8b\xcb\xad\xab\xe0b\xc6\x3c\x11\xdb\x88\xf2\x2b\xab\x1b\xe5\x02\xf0\xe4\x8a\x12\xea\xcf\x84A\x1e\xe8i\xa6e\x26\xac\xb2\x1b\xe6\x2f\x9b\x9b\xa33\x1b\x9f\xeb\x8f\x8fl\x1b\xc7e\xb5\xa7\xa6\x96\x5b\xcf\xec0\xbd\x3e\x1f\x9d\x9c\x02\xdf\xfa\xb3\x01\xaa\xfaw\xeb\x9b\xf3\xa8\x03\xc1\x15\xeeT\xd0\xc3J\xb6\xaaR\x26\x8d\x5e\xbc\xde4\x7ecxJ\x9d\x17V\x90\xb1\x11?b\xf7\xd2\xe0\x10\xc4fd\xda\x15e\xdat\x07!\x99\x2cy\x23\xbd\xbb\x88h\x01\x28\x98Le\xea\xbe\xcdL\x5b8\xce\xa2\x96o\xf8\x2b2\x93\x1dG\x9aJ \x5b\xf7\x24T\xc3\x2d\x08i\xc7\xf1\xe7\x8d\xcd\x26E\x98\x14\x7d!\x5b\xc7g\x0f\xb4af\x5dC\xd4\xbe\xb7\xeb2\xf5\x2b\x2b\x9e\xcd\x91t\xb3P\xaa\xb5t6\x89\xee\xb7e3\x07I\x7c\x22\x1cs\x91\xbaW\x60\xa2\xee\x9f\xd9\xb3\xbaA\x02\xd5\x3d\x9d\xfd\x24Z\x17\xf02wg\xc9\xad\x3e\xa5\x91\x3dh\xd6I\xd8f\x7c\x96\x26\xb51\x17kSnA\xeb\x25\xedCc\xad\xad\x14\x99\xd0\xb9\x26\xf13n:\xb8\xfb2i\xd6\x0f\x12\x1a\xa0\x96\x2ao\xf0\x9f7\x7bx\xfdr5\x5f\xe1\xb8\x98\xc3\x28\xcaq\x14\xeb\xcd\x8c\x2cE\x0b\x04\xf3\xe6\xdaR372\x101\x25\xdbF\x5e\x3dH\xb8\xeb\x06\xa2i\xf4I\x0dC\xe70\xc10\x7f\xd7\xdc\xb4h\xb5\x5d\xad\x29\x98\xe1\xf6\xb3\x02\x83\x03D\x0ft\xb0\xa0\xe5\xf2\x28\xae\xd3\xc1\xc4\xb1\xa0\xb4\x28:\x3e\x40\xf0\x5dm\xd6\xba\x94\x96\x8c\xa3\xc1\xe8\xe6\x23\xda\xbc\xa4\x40\xcd\xdb\xebQ\xbd\x99\x2bH\xea\xb7\x86\x99\x85\xa9t\x0e\x8e\xb5\xfaf\xff\x98\x1eF\x9ba\xb7\xcf\xe3w\xf5\xfa\xab\xf4\x1ff:\x1cq\xe5L\x2b\xd6P\xdf\xfe\x60\xccI\xb8\xc8\x40\x5c\xe2\xc0\x1d9\xd6\x85h\xee\x8d\xeb\x87\xfb\x26\xf4\xb8\xbb\x8dZz\x5f\x2fn\xd4\x14z\xfa\xff\xb1ga\xb3\x9c OS\x9b\x17\xa7\x17\x90\xdc\x8d\x0a\x9c\xe2\xae\xf1\x1a\x2d\x01\x25\xa9r\x99\xdc\x11z\x3b\xdb\x28\xb2\x04n\xf9p.\x13\xf1\xf4Q\xec\x8fh\x19\x0c\x3el\x92\x2d\xcaz\xce\xc5\xf0\x8dED\xff\x09U\xa2?\xf4\x03\x06\xbf\x03\xa1\x09\x3c\xdd\x00\x0f\x89\xf9\x5bo\xd2\x19\x8f\x09y\xd7Q\x3e\x82\xaa\x09i\xa6\xc1\xbb\x12\x95\xe1\x9fo\x2d2\x94\x00?\x7e\x1d\x97\x1d\x84Y\xb8\x18\xe0\xf1\xd1\xca\xaf\x27\xed\xe8\xd5\xcac\x8a\x94\x7c\x10\x15F\xf3r\x85\x243\xf1\x1cB\x98\x12\x82\xe6\xab\x80\xe1.H\xd5MIM\x8c\xa1\xe9\xdfb\xdeV\x2c\xf5\x8b\xf3zq\xd9\xb8\x8a\xef \x7dK\x60\x15\xbb\x5e\xe88vvt\xf6\x8b\xde\x09XFAA\xe0\x04\xff\x18c\x3b\xa7q\x279\x7e\x8a5Q\xc6C\x1c\xc2r\x90zn\x1c\xa6\xd8\xb8\x3c\xcb\xe7fYS\x5e\xaf\x1c\x97\xa1\x09S\xbdP\x852\xf7\x8f\xb4\xd0\xa9\xc2\x00\xc1\x85\x05\x5b\x7fVTI\x9a\xff\xd7M\x95\x93\x3eI\x18q\x3c\x00\x5es\xc6e\x3e\xa8\x9f\xdcP\xd5\xdbT\x0a\x7c\x86\xa7\xc6:vW\xbb\xb3\x5cx\x90\x23MXY\xbb\x9f\xe9\xa9\xd1Gw\xce\x88\xf4\x9e\xb0\xee\xdc\x8bp\xad\xc0h\xcf\xecQ\xceS\xa3O\xd91\x8a\xd9\x89\x10\xbc\x0a\xde\x60\x2c\xf4\x7fBBl\x06E\x84\xdfm?\x8dr\x1eNZ2\xde\xbb\xa7\x91\x9a\x1b\xef\x18\x147C\x01\xb1\x93\x82\xb9\x93\x24\xd3\xa9K\xa5\xee\xcc\xf6\xe0\x28\x0ax\x91S\xbb\xcd\x07\x9c\xf8\x11\x2d\xd1\xae\x60\x7dp\x5dg\xc9\xbdX\xf7\xe2\xbcs\xc6\xed\xaf\xc37d\xfa\x14\xc2\x8b\x82\x22y\xd6GL\x8e\xbf\x17\xf5RE\x0a\x23\xaf\xca\xbe\x95\xae\xcd\xf8\xca\xddH\x5f\xe0\xc4E\xdd\xb4\x95\xf8h\x01\xf1\x08\x8d\xe4E\xc5xA\x94\xd9\xb4\xaf\xf5\x0c\xe2\x8d\xe9\xbd\x7e\x0b\x82\x10\x95\x05\x85\x8a\x168I\xa5\x7b\x5b\xa5\xd1L\x94H\x5f\xf8\xd4\xad\x95\xd5W\x8b\xea\x84\x88fj\x2ac\xb1\x8f\x13tj\x06\xefp\x27\x14\x22\x968\x01\x12\xbd\xa8\x1a\xbb\xbd\x1f\xa6\x0bU\x27\xe7\x8dG\xa9\x2f\x0672\xedJ\xa0\x7cc\x94q\xe5\xde\xb6\xd5\xbe\xef\xac\x08\xef\xdc\x09\xa5\xec\xb3\xb0\x3dA\x02:\xbf\x1b3\x9c\x9d\xbdt\xa5\xcfP\xf5\x0b\x1bB\xf8?h\x1ai \x87O\xfa\xfb\xbb!?\x19\x8f\xf4\x24\x19u\x16\x04e\xe3I\xe7\x03\x18\xf9\xc6\x3eE\xe1\x1e\x02\x3e\x0b\xb1\xf8D\x2f\xca\xf5\xe6P\x60\x94\xea1e\xe1l\xe68U\xbb\xa9\xd7F\x8e\xcf\xc7pt\x80\xe7\xbft\x295\x7c\xcf\x13\x7eg\x90\x2b\x0e\x9c\x04\x0aW\xd3\xe0Ev\x9f\x2b\xc0\xcbk\xfb\x84i\xc4Q\xad\x16\xcf\xc5\x0f\xb0\x18\x08\xc9\x40\x5c\x07\x25v\xc9\xc5\xb7\x1as\xdc\xd6\x92\xa1e\x9eR\xd7\x8cU\xaf</data></match></read>
    <write><data>1\x0a</data></write>
    <write><data>2\x0a</data></write>
    <write><data>12\x0a</data></write>
    <write><data>kKWbbGVQqeTa\x0a</data></write>
    <write><data>210\x0a</data></write>
    <write><data>unthoughtfulness memoria chlorococcum audacious ipsissimis culicidae solidified decent parliamentarian exuberantly condemned willis wigless inimitably shakily unsweetened camping holonym actinomycosis limicolae\x0a</data></write>
    <read><delim>\x0a</delim><match><data>Added signature to database</data></match></read>
    <write><data>288\x0a</data></write>
    <write><data>ruby chanted taguan amharic airhole unmechanical melanitta shorea coolie lese flowerbed ovulation plagioclastic playsuit spondee ld fungus pennyweight colony cam hastyquick trailer dunces phalaropidae sinistrorse rhizopogonaceae hearthstone ambiguous breechesmaker noire freeman natureal </data></write>
    <write><data>0\x0a</data></write>
</replay>
</pov>