<?xml version="1.0" standalone="no" ?>
<!DOCTYPE pov SYSTEM "/usr/share/cgc-docs/replay.dtd">
<pov>
<cbid>service</cbid>
<seed>32abc28cf52468d20907faf58e684f619464267122ba427730622f99732a26e9c6389096607bac1192912df1eb8c3429</seed>
<replay>
    <write><data>\x10\xc8\xd1\xf8</data></write>
    <read><length>4096</length><match><data>\x10\xc8\xd1\xf89\x02i\xff\x7d!\xa2\xcej\xc1\xeaU\xe99\x3b\xb0\xa6Z\x87\xe5\xc0?K\xdf\xe3\x8f\x60\xbf\xa3\x8d\xe4\xc2\x81z\xfe\xd4B\x93N\xf6\x60\x5fQ\xf5\x04\xcc\x01f\x06\xfb\xdbt?G\xe3\x27\xc8\x2f\xcd\x10C\xe5N\x2c\x08\x07\xb7\xb5\x96\xa5\xa2l\x89\x8b\xa8\xaa\xf6\x5c\x5d\x8d\xd3\xb4F\xb7\x7d\x3b\x93\x1e\xe32\xde\xd9\xaa\x3c\xf9\xe1q\xd0\xfe\xe0\xc9\x06\x13\xd64?\xa1\xc3\x3cl\x2d\x0c\x81z\xfc\x2f\xce\x0b\x0by\x12\x5fj\x19\x88\x9a\xaaM\x1a\x12\xfa\x2a\x40\xc9\xfd\xd1\xceg\xf4\xc1\x83\xc8\xd7uv\x03\xee3\xcf\xa2D\x9d\xe9\xf3\x14\xb4\x7b\x0e1\x2c\xa5\xf0w\x8b\xc4\xd5\xd2\x9f\xa5\xc4\x93\xb9\xe0\xcd\x1c\xd5\xcc\xb0k6\xff\xf5\x99h\x7d\x2a\xb3\x8d.RF\xf4\x2b\xa4\xa0\xf2\xdc\x0d\x03\xe6\xed\xac\xd6\xca\xad\xef\xed\x2b\x1f\x17VW\x13\x0b\xf4\x25\x06\x7f\xb1\xdf\x19\x40\xb3:\xa3\xb8uDZ\xf0\x02\xf2\x2d\xe9\xf5\xc9\xb8\xb6\x26\x2f\xea\x0e\xd8\x15\xdb\xff\x87kAe\x87r\x2a\x1fG\x0bA\xa6\xb5\xcd\xe0\x9d\xc7\x14\xaes\xf0V\x19\x9f\xfa\x24\xfb\xd6\x1b\xc0\xbb\xf7\xb3\x85\xc9\xb4F\xc9\x5f\xf2\xd7\xe2Lu\x40t\x80\xc6\x91\x9c\xf7\x16\xcbu\x99L\xc0\xfc\xdb\x10\xfa\xc6\x7bm:I\xdc\x2f\x08Y\x04\x3c\xca\x872v\x05\xa9\x97\x0b\x1a\xad\x3d\xa7\x18\x3c\x1e\x16g\x8a\x12dj\xc6\xb6\x2d\xf5\xf3\xcc.\x2f\x9fv\x9d\x04S\x8e\xe8\xf6\xffZ\xb8F\x0c\x86\xd9?\x1a\x82\xd7\x1aG\xc4\xd0\x9c\x92M\x87\x5fnFD\xe2\xd7\x80\xb0f\x9c\x9bD\x81\xbd\x0e\xc7\xfe\xdc\x0c\x83\xf0\x7f\x91Q\xd4\x1d\x8d8\x3cg\x10\x1b\x1by\x40\xd8\x0e\x9b\x7f\xe2a\x09?\xfbaM:\x8d\x7c\x7e\x86\x2b\x7d\x89\x26\x92\xe0\x84b\x8c\xd4h\x91\x9f\xbcM\x95\x95\x1c\xde6\x9f\xba\xe4\xc6?\x14\xf2\x0b\x80\xd86\xbf\xe2N\x1d\xe9\x99\xa7\x16\xa4\x1e!SU\x88g\x01\xdd\x80U\xf7\x8d7k\xb0\xb0\x29\xd1\xc9\xce\xfc\x8b\x87\x5d6!\x2f\xe5\xaf\x9a?\xd5\xa7\x0f\x81\xebDS\x28\x87\x00\xcd\xc3\x8a\xc2\x5ef\xe1\xc0\xc7\x028\x8d\x3d\x2cq\x80\xb9\x1f2\x00\x8a\xa5V\x8b\x12M\x81\xee\xf3\xe6\xeb\x9aM\x5c\xd6\xa0T\x2aJ\xd7\xabh\xeb\x2b\x854\x88b\x86\xfc\xe5\xb8\xec\xb28\xa6\xa1\x06\x0a\xf1\x26\xf6\x87\x188\x88\xb8\x12\x85\x29\xff\x87:\x26\x11uZ\xca\x2b\x5c\x87\xa3\x7fT\x26\x90\xd9\x8e\x80\xc8\xd3\x2c.F\x2dY\xb4\x5c\xddu\x85M\x17\x01\x0fOf\x94\x26\x9fC\xb1\x09\x5dsT\x28\x00\xc1\xe9zq\x92\x97nE869S\x0a\x1a\xcb\xa5R\x14\x9b\xbb\xd6A\x8f\x80nb\x02\x89\xb0\x7d\x1e\xc3\xa0\x90v\x1c\xd90T\xdb\x7e\x93\xfa\xe6G\x29\xfc\x18:\xd8\xb4\xb5\x854rA\x5b\xf1\xeb\x14\xbd\x0f\x2aj\x90\xd5\xa3\xcb\xb1\xa8\xea\xf9Y\xa7\x95\xacW\x91\x0b\x2coq\x7f\x29\xe6\x60\x5b7\xd8\x98\x11\x855\xcc\x96o\xe7c\xe4f\x26\x2b\xc7\x96A\x03j\x94\x1e\x81\xc3\xd1\xad\xca\x23\x17\x94\xb6Spg\xb4\xe3\xfb\xa0S\xd6\xb7\xc7\x1dW\xcaR\xc5\xda\xc7\xf1\x8c\xfe\xf9\x8d\x8d\xe3?\x5eEfu\x04E\x99\xcb.x\x07\xbe\xec\xaf\x05\x00\xd0\x29\x9f\x1bS\x14\x99\xb6\xbc\x0c\x7b\xa0\xa9\x06\x3d\xcdY\xea\xd1\xc9\x2c\x1e\x7d\x02\x1a\xde\x23\xee\xdf\xc1b\x06\x04\x12\x7f\xafo\x19\x3d\xc8\x12\xed\xb2\xff\x05\x16qcK\xcf\xb64PpW\xd5x\xac\xbf\xc2\xdc\xba\xb8\x87\x88E\x80\x18H\x5f\x1f\x01L\xd4\xeb\xb4X\xe9\xf2\x05\xfcvG\xc8\x99\x5dp\xb5yl\x28\x14\x3eR\xf0\x29\xd6\x15s\x8e\x221\xd2wqJY\x5d\x1db\xc7\x60\x0e\x151\xd1\xe0\xc77v\xb3\x7b\x28\x16\x9f\xc73o\x84\xb5\x3b\x28\xae\xf2\x11\xacl\x9fG\xd7j\xe6Z\x0b\xaaiS\x8c\xa1\x09\xa7\xdc\xdc\xb49I\xc0\x0fP\x02\x25\x7c\x23\x25\xa6\xf9\xa70d\xd6g\x1c\xd9\x1f3\x15ji\xf7O\xc7\xbb\x24\x5b\xb3\xad\x8c\xe5\x17Q\xe6\x0dm\xbb\xacQ\x5fRp\xd5\x10\x7b\x06\xce\x08\xa9TZ\xecF\xbd\xfb\xb6\xcf\xd2\x01\xb5AEh\x9b\x97\x0fK\xa9\xadp\x13 J0\xd05TN\x1e\x84\xab\x8d\xd9\xf2\xeby\x2f\x93\xa7\xb4WU\x7e\xba\xe5\xcb\x9d\x85\xd7\xf7\xe3\xbbS\x12\x1e\xff\xc6\xa40\x17\xd8\xa2\x1e0\x9dS\x23q\x3e\x00\xa0\x0fU\xa4\x0bs\xc2l\xf4t\xee\x9f\x91\x91\x9cg\xbb\x03\x25\xac\xef\x7e\xb4\xacD\xe9\xb0\xf9\xe4\xe9\xd1\xdb\x10c\xfe\xe4\xd4\x01\xd19\xb9\x14\x2dH\xb0\x0d\xecGV\xbeF\xaa!\xb3\xc7\xae\x06\x2d\xb7\xafMK\xa4\x03\xce\x00S\xd99\x96\xcfM\xe3Ji\xed\xe2\x00\x0aD\xca\x7d\x40N\x40s\xf2\xb7\xa1Q\xfb\x3d\xce\xb5\x3e\x1c5\x0d\x224\xe9\x13\x25\xa4q\xf9\x5df9h\xc4z\x91\x93\x5b\xfaV\x10\x16z\x9eC\x99\x26\xe2V\xedx\xf6\xfa\x91\x0a\x17Y4\xac\xb84\x85\xe0i\x2f\xf9\x5f\xda\xcb\xde\x7b\xa4\x89N\x15\xa7F\xa8\xc0\x28\x8e\x88\x0d\xa6OB\xfa\xd6\x04\xa4\x9e!\xc50\xe7\xcc\xf1\xda\xe7\x81\x1a\x0eJ\x01\x5c\x0d\x5eY\xd5T\x03\xce\xec\xadPS\xd3\x8d\xcd\xf4\x04pQ\x08W\x94\xb6\xfa\x96\x28\x3e\xa8p\x3c\xc0\xda\x9f\xa3\xd5K\xc3V\xef\x96\xe9gZ \xadi\x2cJ\xb6\xeb\x17\xbe\xadg\xc1\x99S\x0c\xf018\xc3\x2f\x17\xc4g\x9a\x05\xa3\xcfBu\xe3E\x85z\x2c\xf27\xdb\xff\xc6\xb7\xd9\xc7\xed\x7c\x10\xe4\x5f\x11ZI3\xf1WV\xa2\x0fYm\xba\x1dw\x8f\xd7\xef\xfc\x229R\x0a\x267?I\xaej\x82\x27\xda\xdbdG\xb3\xf3\x01\x8b\xdck8\xa478\x94\x99\xe2\x0b \xa2\xe2\xbe\x09\xec\xfbr\x98\x05w\xb0\xa2\xa0T\xec\xd6\x3cv\xa1\xc2\x9b\xf6\xc1\x14\xffu\x3be\x24\xb8\x81dRcV\x26\x3bT\x1f\x8c\xf6\x1a\xed\xb7\xe1TXDQ\xc2\x7b\x83A\x05\xd25\x04B\xed\xd7B\xb3\xe2\xf9\x94\xae\xf3\x12\xf6\x12v\xfd\xac\x1f\xc2\x24\x1e\xbc\xea\xfb\x08\x06l\xdb\x19\xa0\xd1\x9e\x40w\x22\x5c\xcc\xdb\x2b\x88\x95\x08\x10\xb9Z\x9f\xc6\x96\x91\xea\x84kYXBT\xc4\x04\x06CB\xb9\x85Y\xd9M\xe7\x9eLjl\x8dx\x89\x81\xc1\x9e\xeb\xce\xfa\x90\xb2\xecL\xf1\xdc\xf4\xf6\xb0\x5bO\x2c\x09\x3ca\xd7\xbc\xf3\xfc\x0eL\x14\xdf?\xc6\xa3\x0c\xc2b\xb7\xe5\xcb\xf3Z\xb2\xd2\x2a\x3bm\xc5\x7c\x25\xbe\xd1\x2d0\xec\x60\xd3\xbd\xa5w\x1bSJ\x8f\xdd\xa3\x03\xf3f\x0cF\xac\x3d\x7bE\x10T\x5e\xff\x8dx\x0e\xec\xbeW\x06qW\xf3\xb1\xb9\x2b\xb5\x86\x05\x2b\xd2M\x3d3uf\x9c\xf27Q\xe3\xb6\xf2\x90b\xa6y\x94dI?\xc4i\x8ac\xde\x82\xae\x9bR\x9c\xe8\x22\x0f\x82I\x8dk\xfa\xb5\xe9\x3d\x25\x9cq\x9f\x04\x9d4Q\x04\xf3\x0fI\xf6\xb1\xd9\x99\x18\xa5\x80\x7fS\x06z\x8f\xc1\xef\xa2\x08\x8cr\xe1k\xa4\x3c\xe3\xaa\xa5A\xd1\x92\x0f\x11\x23R\x89G\x12\xf40!\xfe\x26iO\xa5\x1a\xf8\x29\x04\x15\x27\x40\x2f\xe45\x19R\x5dq\x29\x7d\xe0\x8f\x1e\x26L\xef!\x60\xe1\xd3\x13\xf4\xe0W\x0d\x5b\x15\xa0W\xbb\xf7\xfbd8\x03\xad9\xe4\xf3\xe4\xde\x28\xef\x19\x00\xfc\xcf\xe1\xfat\xc9\x9a\x89\xa7P\xdd\x118 \xb1\x28\x0e\x0a \xca\xe3d\x90\xe5\x2bWo\xc6\x07\xde\xe3\xd5\x8a\xf7v\x17Z\xbb\xe0:y\xf3\xd4\x1dt\x7e\xc7\xb8f\xdf\xec\x92\x1ar\x0a\x13\x9e\xac\xffi\x9b\x0cAw\xd58\x83\xa4\x3e\xdd\x94\xfb\xf5\xd1A\xd1\x28TM\xe5\x2c\xd0\x01\xb6\x14Q\xaf\xd0sP\xfe\x9d\x17\xf8\x96\xae\x27\xa3t\xbe\xec\x86\xb6\x14D\xcd3U\xfc\x85U\xe2\x97.\xda\x958\x80\x87E\x1c\xd0i\xd9H\x9b\x24x\x5eP\x08\x0d\xdc1\xc0\x28v\xe1\x22Z\xc4U \xb8B\xa8r\x14\xb5\xa2\x92\xd0\xdc\xb6\x0d\xdb\x89\xc4\x95\x5d\x1b\x8e\xb2fE\xde\x8c\xc1\x09\x98B\xc3\x40r\xdc\xf50\x60Mb\xe1\xa3\xa8\xc5\xaa\x94\x7c\x89\xc7\x94\xea\xfd\xf4\x0a\xadCW!9\xe9\xbb\xaf\x92R\xa0\xe4\xd64\xbb\xbaQ\xe8\xd2\xc4\x5e\x1e\xc6\xef\xf4\xbf\x1f\x5fL\x82\xafDP\xa4n\xc8T\xb9Up\xeb\xa1\x5d\xa4Y\xe8T\x04\xd4\x81\xf2.\x29a?M\x3b\x11\x2a\xa3\xb6Ha\x00\x7b\x968\x16\xb1\x26\x15\xa1\xe7\xd2\x25f\xd9\xa1?\xc1\x8a\xf9\x09KQ\x1a\xd7\x02\x8f4\x94\x0fa8\xb3\xd4b\xf0U\xbfF\x11\x7c\xf6\xd55\x8c\xc1\xf0\x14g\x90\x8eXh0\xf6\xdf\xc6\xc8U\x0bI\x5f5\x23\xf4\x09\x5dw\x3e\xd8\x24\xce\x13\x13mO\x84\x22\x88\xa1\x5e\x60t\x0f\x136Z\xd9\xa2\xaf5\x5c\xe5\xee\xfe\xdb\x19\xeeo\xb9\x17\x88\xe8K\xfful\x14H\x1f\x80\x96\xa3\xa6L\xff\xe7\xb6wy\xb2\x07\xfe\x99Sk\xc46\xab\xa3\xbc\x09\x0e\x8a\x99\xa6\xe7O\x90\x9a8\xaa\x5e4\xeai\xbc\xda\xd6\x28j\xec\xd3\xe0\x0a\xa7\x8f\xa6N\xf9\xdc\x3c\x88\xa8\x86f\x04\x94\xb7\xd4i\x7e\xb9\xaf\x81\xe5\xd8\xd5e\xe0\xdfI\x3d\xd9\xa4x?\x85\xbd\xf9\xb9\xb1M\x23\x2a\xf2\xa6a\x89N\xc2Fd\xa4\xfc\x15p\x93\x8b\xa4\xf9\xb5xR\x9b\x9f\x29\xc8\x9e\xf7\x15\x7b\x16\x16\x3b\x81t\xc3\xa2\xf6P\xcc1X\xf3\xf7\xb6\x5c\x82\x3c\x12\xac:U\x2b\x1fH\x0c\x1c\x88\x25\x18\x92\x2dlTk\xeb\xd5\xc8\x07\xefSQ\xace\xc1\x5dp\xbf\x7c\x92\xbb\x7cU\xa1\x05\xc9\x02\xb7\xe1\xa6\xdf\xeb\xc8\x0d\xe9\xa8\xa8\x2f\xf7X\x7d\xe9\xc1u\xac\x8b\x7eJ\xcbPN\xec\x2f\xfa\x99uC\x26\x88\xbd\xcf\x18h\x1a\x9b\xd8\xf2\x17\x81\xeb\x84\xd7\xaf\x19Yy\xf4\x7e\xbc?o\xe72bE\xe5\xc4f\x06\xd9\x95Z\x90\xdbt\xba\xe0\xae\xfb\xfcAT\x603\xbe\xe1y\x5cm\x94S\x08\xde\xac\x06\xd3lr\x2d\xce\xd7\x19\x10:\xcf\x0a2\xcc\x26w\xd2\x8afaH\x84\x0c:c\x0bb\x9fzq\x1d\xfd\x89\xfc\x082\x85\xb8\x12:J\x97u\x5f\x27\x89\xfd\x17\x85iAW\xfb\x23h.M\x1f\xfdbX\x03\xe1\x06\xfc\x96\xbf\xee\x7b\x99\xdd\xc1\xb5\x82\xa9\x29\x2c\xe0\xb8\xad\x29M\x8f\x07\xc6\xcb4\xe6\xb1nR\xba\xdaNC\x9a\x04\xb7\xad\x11\x81\x8d\x1a\xccIv\xcf\x88\xe4\x1cI\x16\xbdv X\xc2\x83\x99\x93\x19\x91\xca\x25j\x8b\x3c\x60\xee\x13\xaam\x29P\x9e\xa3\x01\xd5t\x7c6\x09\xf0\xb0\x5e\xc6CrsM\xbeK3\xf1\xdd\x3dW\xac\x7c\x88\xe7\xb6f\x16RC\x80\xf1:\xaf\x7c\x10\xb5M\xa2\xa5\xd1\xc1\x2f\x7c\xa2\xf0c\x60\xbf\xbe \xc7\xfaH\x98\x04\x9a\xc35\x03 \xdc\x93HU\x0f\x3e\xfc\xd4N!\xba\x27h\xf6\xbe?\xa15\x24\xf5\xeb\xeb\xdewO?v\xbd\xc2\x0b\x1a\xde\xf5\x1e\x85\xa2\xb6\xc7\x5c\x08\x11v\xfd\x95\x85\xb5\xb65\x7c\x2bw\xee\x3cG\xb1q\xf9c\xb0\x01\xfd0\xbb\x5e\xebzG\x22\xf0CuJ\x3e\xf3\xc2\xd6\xa6\xa7c\xf5mEh\xf9\x25\x05\x89\x8b\x9fC\xcb\x2f1\x8f\xc0y\xef\x8f\x7e\xbaym\x85\xad\x3d0\xd3\xd5\x2d\xc4\xf4\x3c8\x87\xc9\x5e\x27\xc6\x07\x28\xed\xc1\x16\xbf\x17goF\xe4x\x85v\xc6\x08E\xc2 \x5b\xbf\x2bI\x07\xd9\xfa.\x07\xa9\x9d\xb1\xb2\xe3\x28\xb7\x18iI\x08\x94BK\x01\x7b\xa3?\x1d2\x27\x09\x9c\x7e\x5b\x297\x24\x8a\x27\x9e\x1b\xb2j\xc1\xd2\xc3\xd0\xaf\x81\x9f\xbe\xd7W\x99\xa6I\xca\xda\x86\xb5\xa16\xe9\xe3y\xb6\xf8\xb63F\xd9\xe1\xe6\xa0aq\x29\x8e\x04\x88NKI\x27\x8ak\xe7Z\x95.\xd7\x15s\x82\x7f\xc6h\x0c\x7d\x9e2p\xf8R\x87\x87\xd4O\x27qV\x97V\x2b\x98\xb6\x28\xd0\xb4\xe5\x80\xea\xec\x02g\xbf\xe0\xb9jt?\xaa\xf6\x2a\x93\x22f\xa4\x22\xb1t\x5d\xfbo\xc9\xe1\xa6\xa0\x11\x1d\xdf\x92o\xe7\x9d\xa1\x1baS\xb6\x0a\xeb\x86\x5b\xcb\xbf\x8fk\xe33\xf1\xbaxb\xf8\xe2em\x9e\x13L\xb7\xe0\x23\xf3\x2c4\xe5\x87\x98\x85\xd2\x9e\xd4\xc7W\x0eq\xc0\xc5\xcc\xeb\xde\x83V\x23\xc3\x3d\xa3\xc5\x86e\x00\xb3\x8f\x05\xf9\x91\x9b\x04\x90g\x3c\xca\x8a\x5c\x00Gw\xbbrC\xfd\x7c\xc7\xdc\xf7\x83\xfa\xb7h\x08\xa1\x16\x5f\xb7!K3\xcerr\xf4\xf8\x3d\x8eQe\xe0\xa8w\xfe\xfa\xb3\xc3\x88\x17\x1c.\xc7\x07\x87GJ\xb3\xb2\xd8n\xf3 4\xf4\xaez\x7c\x27\xcc?\x00G\x8c\xaf\xe9\xe4Ctn\x94\xd0\xf1\xe4\x2b\xb5\xc8\xd0\xaa\xf6\xb3t\xe7\x5dBp\xe1\x96\xf85\x19\xc3\x99\x3eZ\xc2\xa5\xdd\xceS\xcc\x40\xfd\x83\x8f\xed\xfe\xeef\xd50\x846\x7c\xe97\xcb\xacH\x87\x22\x2cO\xa8\xb4\x1f\x3b\x8eE\xfcV?lq\xf6m\xf4x\x92\x01\x8eb\xb5C\xf1\xe1\x94G\xc4\xa1\x99\xf8\x80\xb2k\xa3\x9a\x84mF\x3d\xfcr\x89\xc9\xbd\x96\xb0X\xd4\x05\xa7\xc5\x81\xae\xbd\x3c\x96\xd9\x0a\x8f\xb36\x8f\xcb34\x8d\x40\x0c\x10\xd2\x14\x5b\x10e\x60\x1b\x9d\xf3K\xe0\x1a\xaf\xaf\x23\xa7h\xbf\x00e\xc3\x18\x7d\xe6\x0d\x5eOp\x26\xbf\xbb\xfd\xb3g\x5d\x0a\xab\xb5r\xe8\x02aA\x03c\x9aw\x13\x2f\x9f\xcc\x05w\xf6\x28W\x04\x1bb\x7e\xc0P\x1fg\x23\x28\xd5\x9e4B\xf7\xb4I\x85\x08qbZ\x13l\xcb\x23C!\x9dH\xd2\xb3\xeb\xb8\x14z\x9d\x7bm\xe1w4\xfb\x9c\x89\xdc\xb8\xe7\xe4\x14\xe5\x82\x5f\xab\xa9\xe4\x5b\x82\xae\xf6\xfd\x09\x5c\x5d\x8b\x7f\x7f\xd2\xae\x03ca\x9eF\xb3\xa4\xe4n\xb0\xb2f\x06\xbb\xcd\xa7\xd5\x8e\x22\xf2m\x5f\xdb\xa7M\xa3\xa5yo\x93J\xc6\xc3\x03\x22\xd8\xb1j\xd3\xb78\x9d\xeeb\x8e\xfd \x9fzB\xec::\x8f\x27\x92\xe3\xef\xee\x0a\x05\xe8\x9e\x23\x04jN\xf1\xd4\xb2a\x8br\x7c9\x9eQv\x03\x013\x1f\x7dG\xe2bS\x2d\xc5X\xa0\x7cr\xac\xf1VY\xef\xb68i\x8c\xa1\x0c\xf52\x81\xc1I\xd3\xfa6\x02K7ST\x06\x10\xa6I\xd5U\x0e\xb4L\xd96\xddU\xfc\x8a\xac\x1c\xce\xde\xb2\x40\x98\xb6!\x2d\xdf\x27\x2f3IbO\xe1\x8e5\x91A\x5c\xad\xcc\x15\xf6\x5c\xacz\xc4\x9a\x86\x1a\x8c\x12\xad\xfe\xb9\xc2\x84\x2av\xd4\xfa\xff\x98\x7d\x07vJ\xbd\x87\x15\x3c\x23\x5bX\xde\xb3\xe5D\x1b\x15V\xc5\xd8\xf7\xc1\xa7\x7f\xb7\xa4\xd3\xbf\xc0\xc0\x40\xdf\x87\x28\xf4W\xe5\x16\xe1\x0e\x7d\x953\x0aZpC\x15\xf9o\x0e\x9b\xa8j\x90\xe8\x07\xa3\xff\xeb\xf7\x1a\xd8f\x09b\x60\xad\xc2\xb4\x8f\x7d\x3d:\x1e\xda\x9eU\xd7\xad\x02\xe9\xe8DwpH\xe7\xb0\x05\x0f\xb9b\xf7\xab\xa8\x15\xf8.\xaf\xbf\x09\x1a\x9e\xa0\x16x\x2f\x19q\x9d\xb6\xfc\x10\xfc\x98\xcdO\xec\x0a\x9f\xd5\x05\x12\xadm\x01\xfd\xf0\xaf\x2f\x13\x0cLam\xd26w4\xec\xe2W\x8c\xf7\xc4\x9b\xc7\x7f\x82\x1aCA\xed:\xf1.\xd7\x11ilC T\x05\xed\x9a\x22\x08\x08\xc7zC\xf2\x26lP\x05\x1f\x10\x09\xac\xab\x7b\xfc\xb0\x11\xc4\xb2W\x3d\xc6\x1f\xa6\x8eK!\xd0\xde\x8e\x8eh\xa9\x8f\xd5\xa6\xa9\x00\xb1\x18\xcay\x1b7\xbb\x5c\xa9\xe3\x01\x12o\xd0\xed \xd0\xa4o\xe2\xafj\x80\xceB\x0e\xa8\xf2\xd3qqP\x0bO\x5b\x7f\x5c\x27\x1c\xef\xbe\xe4\xca\xa7\x3b\xc4\xd0j\xf2r\x0d\x18k\x2f\xb5\xb4sB\x94\xb12Js\xf8\xaa.\xd8f\x60ol\x25\xcf\x3b\x1br\x9f\x89\x90\xbe\x5f\x8f\xa1\x09\x83V\xc8\xd1\xa6S\xc5\x16\x17\xed\x10\x2a\x0e\x5c7\xbe\x80\xa3\xc8\xef\xe2\x02\xbe\xe9\x7e\xc9\xeee\x15\x89\xa7\xe4\x80\xea\x7f\xaa\xd7\xce\x22\xa0\xc4\xfbb\x0ci\xec\xba\xac\x9a\x23\x2csJ\x1e\x0dx\xdf\xdf\x165Igo\x0f\xac\xf6\x0a\xbaW\x95\x15\x0c\xb1\x1bP\xbe\x11\xd9\x16\x03\x87\x11W\x1c\x1d\x06E\x2d\xee\xb7GK\x09\x5d\x95M\xe5\x0c\x8d\x3e\xf0\x11\xcdY\xff\x03\xea\x1cl1\x2f\x92\xdd\x9f!\xb92\x0b\x92\x8dQ\xd5\x2f\xac\x17\xce\xa5\x7d7\x0a\x86\xa8\xb6\xda\xec\x9a\xaf\x3ew:\x7b\x7eLH\xc3\xb7\xc1\xf2\x99\x86\x22r\xec.\x7cc\x07\x92\x8b7\xb6\x85\x93Cw\x07\xf2\x8f\x9f\xf6\xac\xfdV\x89\xc6?\x1c\xd2\xd1\xd1d\xdc\xfe\x26\x14\xd671\x60\xa7\x8d\xb4\xe7\x9f\x0e\x05\xa4\x0c\xf6\x9b4\x5d\xe7\xbfi\xc0\xf8\x05ba\xab4\xfa!\x92\x5d\x3dJ\xa8\xd9\x14\xb0\xaa\xf47\x13\xc5\x8c\xe1u\x0a\x5c\x14RSz\xe1\xaa\xe3\xe2\xe80\x0a\xb2\x1c\xed\x07\xad7\x85\xb4\x7d4!\x01m\x95G\x9a\x09\x15\xd4\x10\x08\xc0\x23\xd4\x83\x1a\x94\xad\xd0u\xb2C\xdd\xd0\xf8\x3bC\x2a\xbf\xc3\xb7\xfe\xf4\xccE\xe9\x8c\x0cL\x2d\x09\x0a\x04\xd5\x00\x8b\xa4\xea\x3bH\x8c\x07\xa1u\x8c\xc70\xbab\x0b\x28\xecP\xe9\x22\x15z\xb6f\xbf\x81\x25\xb8H\x3e\xe9P\xdc\x0d\x85\x01Z\x1b\x05\x08i\x9a\x90\xfa\xbe\xf4\xf3\xb8\xb7\x2a\x0e\xe5\xeb\x8b\xe9?V\x84DB\x11\xad\x97\xa1\xe8\xfa\xd8\xd4\xf4\xb5\xdf</data></match></read>
    <write><data>2\x0a</data></write>
    <write><data>1\x0a</data></write>
    <write><data>12\x0a</data></write>
    <write><data>QIG.AAdalkzl\x0a</data></write>
    <write><data>147\x0a</data></write>
    <write><data>multiplied nonprehensile abhorrent mediatize bereft increment droll thill illumine languages parry negatory proviso propylon amperage administrator\x0a</data></write>
    <read><delim>\x0a</delim><match><data>Added signature to database</data></match></read>
    <write><data>1\x0a</data></write>
    <write><data>12\x0a</data></write>
    <write><data>tGHobgsJGns\x2f\x0a</data></write>
    <write><data>249\x0a</data></write>
    <write><data>inhaling contrasty sidewinder overemotional unsubsantial gummosis liquidator ciprofloxacin sweatshop transume moliere ravigote prairial duralumin handsome bimorphemic traveling precipitation manifesto fairly delabrement cosmical negatory anthologist\x0a</data></write>
    <read><delim>\x0a</delim><match><data>Added signature to database</data></match></read>
    <write><data>596\x0a</data></write>
    <write><data>epanalepsis hydrochloride anthriscus trademark brackish abandon irreversibly litany scooter coraciidae obtrusive firmiana misbranded ineffectually leprosy dribbler inhaling contrasty sidewinder overemotional unsubsantial gummosis liquidator ciprofloxacin sweatshop transume moliere ravigote prairial duralumin handsome bimorphemic traveling precipitation manifesto fairly delabrement cosmical negatory anthologist obligatory clothesbrush morphology squamous milan demonic makes infarction unassociated gladiate whitewashed foliaceous transsexual succurrere outstroke triassic maturely aboriginal </data></write>
    <read><delim>\x0a</delim><match><data>tGHobgsJGns\x2f \x2d LOW \x2d afa50d9</data></match></read>
    <write><data>0\x0a</data></write>
</replay>
</pov>