<?xml version="1.0" standalone="no" ?>
<!DOCTYPE pov SYSTEM "/usr/share/cgc-docs/replay.dtd">
<pov>
<cbid>service</cbid>
<seed>eda8f2af4fadd91da313a0e24bcc445b45a8f1bb2588af90c53602fc920c8faaf386571bdab672e32bd5af20bb590d10</seed>
<replay>
    <write><data>\xfb\xff\xe2t</data></write>
    <read><length>4096</length><match><data>\xfb\xff\xe2t\x14\x7d\xd5\xa8\x22\xa3\x90\x8dz\xe9\xb9\x29\x5eH\x5c\x07\xac\xbb\xd3\x7dy\x09\x1f\xe7\x05u\x16\x19\xcf\xdc\x10\xe6\xb2\xa9\x1c\xd9\x87t\xaep\xf0\xb7\xc5\xf0W\xd9\xaf\xc1\xab\xee\xe4\x8d\x96Ax\xb1\x5f\x7e\xd9\x3cE\x8a\xa7\xde\xff\x11\x95wI\xe5\xffR\xf1i\xea\x5bA\xb2g\x94\x178\x8dq\xd9\xc3?\xc7cNL\x82\x0b\xc6c\xbeS\xe1\xad\x94\xc0\x87\xbc\xed\x8a\x04\xa1\xb29\xbf\x96\x2f\x0a\xe9J\x85\x2b\x04\x9f\xd8\xe9\x2c\x0b\x7eg\x16\x3b\xd4\x01\x60\xef\xc0l\x94\x5e\xbe\xbd\xe9\x10\x09\xff\x82O7\x18\xe3C\x90\x0a\xcf\x2c\x14\x09an\xc4\xc9n\x27\x1b\xfe\xaf\x01\xe0u\xb0\x90\xa8\xed\xc4M\xb5\xa4\xd23I\xd5\xf8\x00\xc2\xc0\xcc\xa7j\x24\xabz\x19\x9c\xa9zb\x5d\xc9\x08\xdb\x40\xb8h\x22\x96\xe2o\xdf:\xcf\x04!\x08\xd4\xfa\xd0\x87\x84M\x0eGSVW\x2a8\xf1\xb8Cc\x99\x86\x81\xe8\xe8\xb9\x09\x97\xd6\x1frX\xbc\xbf\xcf\x90\x7b\xbd\xfa\xdf\xc73\xf7\xa3\x9d\x0b\xc9\x0a\x06d\x3bW\xa481\xd1cS.\xf7\xde\xe7\x94\xa9\x9fux\xfa\xecV\x80?\x84\x3ds\xf1\xae\xae\xb8\xe3\x89\xbd5\x17\xe4\x3d\xa5a\x08\xbd\xf6\xcdDe\x7b\x5c \xa7lk\x22\xdc\xc2\x87\xdf\xe6\x03\xeed\x2a\xbe\x0d\xd4q\xb2\x2bC\xdd\x0f\xab\xba\xb3\x7e\xdd\x5b\x16\x25v\xc9\xc8\x27\xe6\xf8\x06S\x94hL\xa7\xde\xbbX\x82Jw\x24\xc0W\x1f30\x8f\x1c\x19\x27\x2fZM\xef\x1e5s\x1b\xf7\x22\xb3\xdc\xa2\xb3\xfc\x94\x13A\xc0\xb5Px\xa2:\x2f\xad.R\xe9\x9c\xa0\xc5\x09T:\xbd\x8e\x26\x24\x90\xd9\xf9\x29\xe0\x17hyA\x99\xab\x07\x26\xc9\x84\xc1\xed\x01\x84\x5f\xd8\x9bU\xe2\xad\x9fur\x882\xe8\x8f\x15\xf8Ur0\x3e\x84\xbe\xbd\x9c\xb3N\xc4\x04\x5bx\x24\xa0\x7b\x9f\xf4\xabW\xc2W\xf4\xa774T\xe3!\xba\xd0?VKA\xbcki\x98\x96\xcfA\x1eC\xd3\xd5\x03\x7dZ\xf2\x14\x83\xfe\x60\x8b\x98\xd1A\xa4CX\xca\x5b\x9a\xfb4\x0cy\x95\xab\x1bb\x9e\xca\x90\xf8\xaf\x5b\x9f\xd5\x60\xff\x23\xb5\xe5\xb9\xc8\xc0\x91z\x2d\x7f\x1b\x00\xb3\x0dX\xdbSc\x88\x2b\xdf\xf7a\x17:\xd1\x7c\xcc  \xe2M\xc1\xef\xfe\x29\xff\xe2\x24\xf81\x7b\xbf\xc7\xe4\x02\xc8\xc0\x29\xbc\xd7\x5e5\xb2\xfd\xe2\x88\xe1E\x10g.\xd4\x7e\x944o\x1b\x1c\x7c79\x0f\x3c\xebx\xb5s\xcd\x82\x1c\xb6\xacw\xcf\xc7\xa9\x5b\x93\x88\x29 \x01\xaf\xe5\x28\x94\x06q\x3d\xa2\xd2\xaa\xd1\x98\xd5\xde\xbe\xde\x9e\xa2\x13\xdb\x5e\x27\x03\x23\xe7\x29\xd0r\xfby\x8fU\x7dZ6\x99L!\x14\xcd\x8f\x0c\xfa\xd9N\x5e\x25\xacx\x15\xa3\x5bs\x88\xcb\xc7n\xea\x17\x9c\xedq\xec\x2c\x02\xf3\xd2\x0c\xedT\xdd\x01\xefZ\xdeP\x9c\xab\x86\xb3\x2fr\xf7\x1f\x3b\x01\x7e\x23\xbbj\x9c\xc0\xda\xeb\x06\x7c\x12\xe9\xe5\xa4\x7d\xbb\xfb\x27\x23\xadB\x0a\x81\x0d\x25\xe8T\xe2\x08S\xae\xdeO\xab\x1e\x1c\xc27\x16\x03\x87\xe3\x07\xecd\xf2\xa8\xe7\xdaZZ\x8a\xc7\xdb\xdfMt\xb2\xc16\x7d\xad\xd1N\xab\xabw\x1c\x1f:\x28\x163p\x2fl\xe7\x7d\x87\x9b\x7c\x9f\xd2\x99\x9c\xb3J\xcb\x7bufb\x89\xc5\x2cV\xadi\xa9S\x8c\x3e\x7f\x1c\x5e\x5f\xb4\x92\xa3\x5dv\x01w\xd0\xcf\x8e\xc6z4\xf1\x0a\xf1\x60\xbf\xc8\x11\xde9x\xddOu\x9a\xd4l\xa1\xe0\x95\x03\xa9\x9f\x2b\xed4\xaf\xb3\x2dFf\x01U\x04\xac\x7d\x16\x2d\xd2\x26\xc9\xdc\x0a\xae\x7d\xad\xb5\xbfl\xf5\xa7\xef\xc5\x0b\xa9\x84\xa6\xb5\xde\xea\xb7\x0a\xb6V\xd7\xe8\x98\x8e\x0a\x07\xf5IE\xbcw\xdat\xb4\xea\xaawE1\xe4\xff\xa4\xb4\xfd\xbb\x9c\xf2\xd9V\x5c0\x296\x91q\x8f\xeb\x06mx\x1e\xfc\xd8\x0b\xce\xcc\xcd\x02\x14\x12\x8eD\xb3\xc1:\x93\xfeJ\xf1\xdc\xf5\x15\x9bW\x3d\xe6\xb2h\xee\x3et\xa2\xc6\xaa?\xb2\xe0\x11\xe6BH\x8b\xc85Z\x9a\xc1\xbe\xd6\xc8\x25\xc0\xce\xfb\x11\x3c\x1b\xd6\xf1fdK\x07\x2aU\xd6\x91\x06t\xbagE\xdb\x17IL\x2cT\x06\xaa\xfd\x5bn\xfc\xa2u\xc3\x8f\xeex\xe0\xb9\xf9\xf5\xfd\x26\x13\x0bnD\x7d\x00\x5b\x2a\xc4\x1e\x7eH\x01\x3c\xbd\x17\x07\x3b\xd7\xc66\xce\xf5\xd7\x07c\xa0q\x9f\xbcpj\x8crhf\x23\x90g\xec\x22\x9a\x89f\x8aEz\xfc\x04\xfaC\xdf\xbc\xd7!\xc5 \xe0H\xea\xb6\x98\xaf\x06\xf8\x2c\x13\x09\xcb\xa1\xcc\x25\xf7w\x0f\xe8\x7eK\xbb\xf3 \x98\xbf\x09\x18x\x5b\x08K3\xb8\xb7w5\x9et\x11\x1c9m\xcc\x85\x2b\x7b\x9at\x5d\xc4\x25\xc5\x5c\xe0\xf8\x24\xad\xe5\xee\xd7o\x3em\x2cQi\x03\xea\x06\xae\xa3\x24\xc2\x8f\xc78Bo\xf5\x8d\xf7\xafh\xca!1\xac\xed\xed\x97\xbcq\x0a\xa3\xba!\x7d5\xac\x97\x27\x85\x29\x93p\x98\x3c\x3d\x84\xc2\x23\x5eo\x87\xee\xad\x8d0\x88\xb9ZM\x8cjv\xff\x0d\x87\xe5z\x99\xeb\x1a\xe0Y\x24\xf9y\x7eMR\xfa\xd4\x0b\xa3\xbb\x10\xd9\xc8\x8f\xf4\xa2\xb05\xe0\xben\x3e\x03\x00\xfa\xc3dL\xa0\x09\xdc\x25\xd7\xcfP\xc5\x8f\x95\xc6p\x93\x84C\x5c\x29\x7f\x7b\xc9\x2d\x816\xb0!\x01F\xcbV\x97mH\x95\xa5\xb0r\x7f\x7eV\x8e\x7d\x1d\xa2k\xcf?m\xffcF\xf6\x07\xbf\x17\x02\xa1\x81\x1c\xf2\x9b\xcb0\x0d\x036\x94\xf0\xd0\x17\x1c\xec\x00\xd0\x29\x3e\x5d\xba\xc1E\xda\xf6\xb2vuJMs\xf4\xc6\x850\xb9\x80\x97\x85\x96\x5d\x1f\x2a\xeeoB\xef\xe6oV\x2f\xd1\xd9\x24 \x24\x5bik\xacw\x03\x9c\xf4\x05\xd5!\xbbd\x018\xd5\xf5\xaa\xf9du\xef\x8a\xd6\x3e\xa8\xf2fwy\xff\x9c\x05\x82YiSb\x0a\xc1\xa7\xe8\x60\xb6T\x87\x84\x08bF\x88\xb9W\xe1w\xdf\x94jp\xf1d0\x1d\xfeZ\xeap\x1e\x7d\xe6\x08\x84\x93\x17\x7f\xfc\xff\xe6E\x9e\xdf\x856\x23\x9d\x3cm\xebu\xae\xd7\x00?\xa3r\x9d\xaa\xa8\x9e\xe1\x81\x3c\x86v8\x1e\x81\xa9A\x90\x00Wk\x26\x7b\xad\xca\xc8\x11\xbd\xf0\x0d\x96\xb5\x3bM\x9e\x3e\x7e\xaa9\x87\xb4q\x93y\xebL\x5d\xf8\xdc\x23\x9a\xba\x29\x08\xa1\x04\xd0\x06k\x9fx\xe0\x0b\x10\xd9\x09\xff\xfa\x5bK\xba\x5cnI\xf2\x7c\x89\x2b\x11\x19\xe0u\x99\x86\xd9\x10\xb2\xab\xc0L\xefG\x1b\x8cs8c\x0e\x03\xb7\xb9\x60\xc0\xe0\x3e\xb7\x0d\xad7\x900\xfb\x05\xb15\x8a7\x89\x0a\x02\xa8\xc3\x02\xd2j\x28\xd9c\x3e\xe2\x9cP\x9f\xfb\xb3\xb5E\x5da\xf1u\x1e\x039!\xa5\x3dP\x3e\xfc\xf9\x81\xecu\x0f\xb9\x7cK\x1e\x0b\xa8\xdbx\xb1 \xe4v\xe2\x05\x89\x9eE\xa4\xf1\xb5Z\x3b\x96\xdaX\x3e\xc50\x97\xa6z\xa2\xff\x5d\x89\xed\xd5\x8c3\x86S\xde89\x93\xa0\xb9D\xce\xc9\xeb\xdc\xeaT\x89\xfe\xb6\x85\x1e\x3b\x9e\xc3\x93U\x94\x2c\x3c\xe9\x17\x97s\x92L\x1f\x033I\xb7\x7bgO\xcb\x07zx\x10\x19b\x3d\xde\x16\x5fh\xc1\x831!m\x7c4\xaat\xdazFc\x2f\xa6\x93\x3b\xa3\xf9\x89\x1d\xd9\xc6\x16\x0f\xa4\x074\x07\xee\xf3\xcfC\x83\x5c\x40\x96\xde\xc1\x14A\x60\x08\x86\x40H\xc0\x9dt\xf9\xd4\x24\x2b\x02\xe4\xb5\xabzlpOz1U\xd0\x0fL\xc2\xf7\xc6\x14WCu\x9d\xf2\xce\x82T\xd5\xc9p\xfd\x82\x8c\xe3\xbe\x16\x0e\xab\xfb\xcc\x89\x95\xcdy\x0b\x8c\x90W\x14\x8a0\xc1\xfe\xfe\xcb\x07\xa5\xbf\xc4\x2f\x95a\xd3\x09\x8a\x22Ue0\xf6j\xd6\xa4U\xff\xeb\x0f\x83\x0f\x5b\xf0\xbf\xfe\x3b\xfei\xf4q\xcd\xe1\x23\xce\xd9\x7e\x08\x08\x0b\xea\xc8\xd1\xbd\x3d\x11\xcb\x5f\x27\x0a\x18\x08\x9a\xf9\x8a\x5fw\xde\xa5x\xf9\x89\xff\x19\x9b\x7f\x3ck\xadC\x0d\xee\xe1C\x0c\x28R\xe2E\xad\xe8\xf1U\xad\x0a\x25\x2b.\xecN\xa5\xf2\x8a\xd8\x83B\xce\x2c\xd5Q\xbe\xa1\xbc\xdf\x29\xacCxM8\xe6\x88\x7d\xabd\x40\xb65\xaco\xb1\x3c1\xefsK\x96\x8e\x89zZ\xd5t\x0b\xedGgrX\xa0\x00\x89\x99\xa0p\xd2J\x2d\x5e\x26\xd4\xe2\xd8BG\x29\xee\x0c\xbc\xce\xa2\xa7\xc5\x2f\xe1\x234\xabF\xbdwd\xd9\xeb\xf3H\x8cn\x06\x3d\xef\x09\xb9h\xe4\xf4\x11\xb8\xd0\x7d\xf0\xa5\xafOS\x9e\xb5\x98\xd0U\x8b\xe7\xfe\xfd\x10\x15\xd1\x3d\x86\xbb\xfa76\x87\xa4\x5b\x9b\x93f\xc6\xe9\x60\x27\xf6\x94\x0bP\x9d\xdaD\x5b0\xbf\xdf\xec\x01\xed\xc8\x7e\x91\xa7\x60\xa0\x09\xae\x05\x1b\xbd\xd3\x060\xbb0\xc3\xe09Q\xadr7Z\xa1IqG\xd9\xda\xdbj\xa6Y\x23e\x1b\x60\xe8\xe5\xbb\x84\xbd\xee\xc1F\xe5\xdc\xb3\xba\xd2\x92T\x80k\x13\xbb\xc6\xdf\x26\x2b7Q\xf7\xab\x15\x1a\xd7\x01\xd0\x16\x2b\x93\xe3\xbc\xd9\xa0\x06q\x7b\x5co\xcc\xd3\x2b\x97\x00\xcf?\x5eG\x00S\x9c\xfe\x3c?\x2a\xbeI\x15\x09\xe8\xb8\x0a\x15\x5f\xd3\xfd\xc2\xe0w?Q\xd4yf\x7dQ0\xd9c\x01U\x95\xbb\xa8\xe2\xed\x97\xbb\xf9O\x97\xa9\x83\x1cl\xfccT\x18\xdb\xb7\xc7\x8b\xe1L\x1d\x83\x95Y\x1c\x10\xb6\xca\x2ax\xe9.b\x8d\x7cb\x88\x80\x00\xcd\xa37\x92\x7c\x25\x007\x011\xc7\xcd\xa2Y\xd1\x7d\x25\xa2\x87\x83c\xe4\x1b\x8f\x08?\xff\x15\xb4\xa6\xff\x05\x89\xe5\x96\x98\x8d\x2d\x19H\x8c\x1b\x10oj\x60a\xd3\x0b\xc6\x5e\x13\x9c\x2ban\xb6\xec\xa1\xe8\xadd\x3c\x05U\x89\xbc\x7dR\x09\x1c\x05\x03.\x89\xaf\xf3\xc4\xc58I F\xaf\x5d38\xe80\x13\xdd\xa7\xd6\x60\x1e\x15\x1a\x7c\x7e\xfcQ\xeb3\x92H\xd7\x1co\x8dX\x2b\xf6\xc2\xaf\x08\xb5U6u\xa1\xdd\xe0\xdds\x91\xc7\xd34\x0f\xe6\xfbJD\x9d\xee\xfe:\xf9\xc8\x3b\xc3Mj\x2c\x02\xf1\xa7\x0c0\xfc\x0a\x9dW\xd7E\xf2:\xfeo\x13\xa2?\xa1v\x18\x1f\xddk\xde\x9b\x07\x89\x13\x853\x95\xd2\xcc\xc2\x90\xec\x92w\xfe4T\xfe\x5b\x1a2\xea\xdcCFF\x04m\xa3\xdc\x9d\xe9\x95\xd5\x88\x40\xaa\xa3\xe1H\xfd\x3c\x0a\xea\xc2\x60\x05\x5f\xc6V\xc2\xee\x10\xe0\xfa\x92WZm\xf4U\x29\xaf\x81\xb0\xc7\x3d\x08\xa7\xc6wu\x19\xcdd\xb0\xe9\xc8\x18Mz1\xbbCQ\x3b\xedyY\x83\x94\x9c\xca\xbf\xe6\x60k\x5f\xc0k\xd4\x0fOU\xc0\xb8g\x84\x02w\x07\x5f\x5b\x60\x07\x0an\x81G\xa4Q\xab\x1c\x9dB\xe0\x14\xcd\x94\x89\xc1\xe8v\xeb\xef9\xa7\xb8\xc1\x1b\x13\xf8\xa1\x5e1E\xe2b\x40\xcb\xb6\x8b\x7cR\x7c\xfd\x1f\x5f\x93\x95\xd8DKs\x13\xda\xa2\xe5H\x83\xb7vDB\x03\xc0\xb2 \xbd\xd1\x90\x03\xc0\xf9e\xdf\xfe\xb3k\xe6\x98\x13\xd2\xd9\x1fps\x2d\xad\x00\x8dO\x92?\xbb\x233o\xb5\x5c\xd8\x05\x3cm\xc5\x2c\xdf\xa8\x9b\xab\xb1iY\xa2\xb8\xc3zZn\x88\xe0\xd7\xda\x89\x8ev\xaa\xf8P\x1f!\xbe\x3c\x019\xb0\x93\x08\x9b\x10\xfc\xaa\xb1\xa8\xa3\xe0ST\xe538\xbf\x2a\xff\xea\x5f8\x2cx\x83\x27\xe4\xfe\xb5\x1b\xf5\x06!\xda\xbc\x24\xbeX\xe8\xb85v \xe1\x97\x15\xb0qd8\x16\x16N\xcb\x5d\x2dD\xd2N\x8e\xa0\xd3\x28\xe5\xe9\x7dy\xe8u\xe8\x99N\x40\xd5Ev2\x01\x60\xb3\xa2\xee\xa7\xe6\x1a9\x7e\xd8\xdc\x13N\xfd\x60\xc0T\xf6\xd9\xf9\xa6\x1a\x91\xe5\x19\xc8L\xeb\xe2\x5d\xc8S\x1e\x03.\xd8\x88\x5dy7\xa3Y\x7e\xc2\xa3\xb56\x8b\xca\x7c\x25\x97\xc4K\x1e:\xd7\x1cN\x7c\xc6\x1c\x27\x97d\xea\xc6\x9a\xb8\xd7\xaf\x2dQ\xbf\x23\xef\xe05\xfaF\x09J\x03w\xc3\x89\xa2\x15\xef\x1cR\x02G\xb4\xe1\xd5\xb2\xce\xafFYU\xcf\xd8\xc3\xc7\xa1\xef\x0d\xd4\x8bFR\x87D\xea\x8bW\xed\x7c!\xd4D\xe7cptr\x5cU\x98\x5f\x11\xd4\xbcW\x26\x7c\x95\x02S8\x2b\xa9\xb6\x80\x24\xaf\x1e\x0d\x17\x01\x14\x810\x23Iz\xe6\x7b\x0a\x1eG\xf4\xe8\x5ey\xb5\x8b\xde\xaa\xc8\x0d\xcf\x00\xc6\xc5\xc9\x8c2\xf4\xa2\xd7\xa7\x17\xe4M\x24\xadl\x7c4\xe9\x5b1\x1d\x28\xaa\xb6\xdc\x0c6\x60\x22W\x92\x0b8mdlr\xb6\xd97\xf6 \x22\xeb\xf5\x1f\x02v\x14\x14\x8f\x3c\xdc\x85\xb9\x9c\xd7z\xf4j\xe0\xd8\xecB\xee\x96\xa8\x9a\xba\x005\xa2!\x88\xc98\xa2\xfa\x3bs\x27\x8bT\xaa\x93\x08\xd6\xdd\xa5\xa8\x85\x0e\xb5U\xbd\xe9x\xbb\x5fR\xda\x9a\x2b\xdc\xd4\xbe.\x2a\xda\x8c\x7eD\x25\xa1x\x87D\xd1iOh\x18Ff\x81\xca\x94\xf2\xa1?\x27\x8dz\xf0\xc9.\x89p\x1d7\x81s\xc2KP\x25\x96\x5d\xab\xe9i\xcb\xd5.\xe6\x0c\xa8J\xe6Fe\xce\x07\x0ed.\xfd\xed\xd1\xb8\x5b\xba\xa1!\xa2\xee\xc6\xf8\x8e\xa9\x8b\x95\x01f\x3b\x1b\x84cl\xe9\xee\xde\x2b\xff\x5c\xee\x7b\xf2\x19V\xf6\x00\x06\x5d\xca\x5e\x7b\x92\xb4\xbc\x60\x2a\xc3a\x0f\xf7\xa8\xbc\xd7g \xd6\x0a\xda\xaf\xa5\x05\xa5c26\xf1\xb9\xdc\x0fq\xff\xd7W\x8biQ\xe9 \x7d\xa2\xe9!\xa7\xb1\xdf\xd0X\x01\xe3\xd0\x9f\x0e\x1a\x0a\x60\xbaq\x84:\x1f\x22\xa5\x09\xe28Sn\x1bW\xc5\xaa\x95\xb3NamEs\x5eT\x0a\xe6\x0bE\xb6\xa4\xdbVO\xc6\x06B\xed\xc84x\x92b\xa4\xef\x27v\x84H\x8d\x86\xfc.\xfc\x5f\xf2?\xc6\x8edT7\x29\x92\x86\xef\x88\x94\x14\x970\x07j\x17\xa3\xa7\xe2NE\xed\xceZ\xad\x9b0\xfe\xf6\x5e\x92\xb2\x7b\xbb\xb9Y\x1e\xd7\x87p.\x15\xb6\x23\xc3B\x1a\x04\x16\x0891\xc8\xb6\x89\x40\x5cJ\xb5\x80\xda\xaeF\xd14Jo\x11\xe3\xd3\xe8\xd2\xb5\x97\x05\xb7\x02\xbc\xf6\xc6?2d\xfb\x81\x2d\xbf\xc8\x14\x83\xf0\x91\x18\xc2\x90\xf8T\x91\x06\xa1R9\xe8q\xc4\x87\xcf\xd3\x89b\xdd\x19\x15\xef\xc7\xd62\x5c\x9d\xb3\xd3\x02J\xc7\xe0\xe5\x27q\x29Z\x03\xfc\xf3\x0e\xf1c\xbcG\x8aooi\x8dB\x87\x12\xcd\xdf\xad\xce\x0cea\x3e\xd8n\xf9Q0\x0d\xbc\xee\xb43\x83\x97\xa1\x0bAlK\x95\x7e\xccz\xf8\x040\xa1\xb6\x93\xf8\x11\x5c\xbe\x8c\xdd\xe5\x12\xe59\xcb\xfa\x5c\xb8\x89\xcb\xe7Hq\xe0.\x3c\xcb!\xcc\xfa\xa0\xc9\xdd\x2d\x1b\x3eU\xe8\xb1\xe4\xe8\xa9I\x2f6\x3dre\x25\xccC\x2f\x18\x0b\x11\xbe\xba\x86\xe9\xe4?\x1c\xb4\xc4\xfaW\x9e\xb4\x87\xb8\x81\xc8\x02\xcd\x5e\xba\xf2\x1a\x5e\x40u\xbb:\x96\x8a\x1eL8\xd6\xebMn\xd8\x0e9\x2ci\x9c\x86\x08\xc5d\x80\x86\x7b\x2chO\x0d\x994\xd6\x60E\xf2\x9d\x00\x91\xbb\xfaN\x3b\xf01\x85\xe3\xa6\x9b\xc3\xce\xaa\x14\x60\xf7\xe5X\xf7\x7e\x9a\xb1\x03\xe2\xa2\x3ck\x24M\xd8qZ\x99z\xe9\x7d\x2f\x9a\x828\xdfq\x01h\xb3\x0b\x82\x8d?j\x28\xfd\xf2\x87\x91\xfc\xc8\x84\xee\x9f\x99\x93M\xc7\xea\xd4h\x3b\xce\xc41q\x17ag\x0f\x15\xfd\xb3\xae\xadi4\x3dC\xddu\x27\xae\x88\x16\xa9o\x27\x14\x3c\xd3\x97\x88\x17\x18\x2c\xc8E\xe3\xc5\x02\x15\x85\xb6\x8e\xcc\xd0\x9a\xd8\x3b\xae\xbb\x1aqo\x07k\xd0\x7f4\xc4\xf7\x121\x9c\xa5\xdfy\x11W\x9e\xf3\x3b\x1e\x16Elt\xda\x97\x91\x82xLd\x5f\xe6Zb\x24D\x1d\x82\xe9\x17\xa4\xf88\xd6f\x8e\xa3\x3d\xf4M\xe9KYc8\xf9\xdd\xbc\x04X\x23m\xf4\x3ct\xc9N u\xcfZ\x80E\x9e\x1b\x82\xcd\xd0\x91y4\x3b3VK\x7e\xcf\x7e\xf5\x0c\xe1\xbfl\xb9\xbd\xb82\x01\xca\xef\xf4\xdc\x2f\xd0OP\x0cgG\xc49\xa3\xfc\xffL3\x7f0\x2f\x84\xcbP\x89L\xdbi\x9af\xc3\xce\xdbl\xe2\x16\xa5\xdd\xa8\xf9\xb0\x0d\x8c!\xb3\xf5\x15\x9aI\xb6\x91\xc9\xae\x93\xdb1\x09\xf5\xe7\x2c\x15\x8e\x82\x5e\x7fc\xfe\xad\x3d\xa9H\xdb\xae\xd0\xa5r\x9a\x0b\x1b\x2f\x5d\xa5\xb4\xf9\xcb\xd1\xad\x972\x0c\xd5\x81\xf8\xd8\xe6\xf8\xb3\xab\x0c\x17\x14\x92\x5e\xf3\xb9\x1b\xf5\xf5\x9dG\x0e\xc4\xd7\x5b:\xc9\x2dWF\xfe\xffw\xc2\x9c\x9c\xc3\x93\x96A!\xb1\x9ad?\x1e\x9f\x24\x80\x98\x83\x1ekMX\xf0\xd8z\xbb1\x95\xba\xade\x1e\x8b\x80\x26\x0eM\x07\xe9\xcc\x7f\xe9\x9b\x5f\xa4\xa44M\x92D\x02A\x7ex\x25\x91\xc2\x5d\x04Yg\x40G\xa9\xcdk\x24\x80\xd0\xae\x08\x8e\x29I\x0a\xdd\x0fP\x91?\xed\x0b\x04\x8f\xce\x93\xab\xbb\x08\xe9N\x03\x2aa\x03y\x90\x14\xa5\xa3\x896\x82\xaa\xf6\x3b\x25X\x07\x95\xd2\xfe\xae\xdb\xe3\xe6\xba\xa1\xf5\xd1\xa4Z\x8d\x5c.r\x0e\xfe\xfcTa0\x3ds\x29b\xfd\xc6\x06p\xbc\x3c\x8el\xb1\x29\xce\x1b\xf1\xbb\xef\x0c\xd5\xc6\x3c\x9b\x2fX0\xf2\xeaj\x0b\x7c\xb5\xd9\x22Y\xf36\xcc\xe3\x89M\x7b\xc6\xadV\x06I\xc5\xca\x99\xdd\xa2f\xae\x0b\xe1\xa8n\x07\xf0\x24\xd1ZZ\x92\xb9y\xbe\xe2\x97\xb8t\xf4\xcdk\xdfX2\x0a\xcdL\xa3y\xc2\x1e\xd2y\x5ec\x99\xd1\xd9\x1e\x1a\xac\x1d\xecZ\xc5\xearUr\x28\x13\xda\xa8\x5bh\x7b\xc9\xb7\x02\x1d\x0f\xde\x8bg\xaa\x838\x23\x0b\x13f\xb1\xbe\x5dg\x3ekA\xa6\x04\xf7\x96</data></match></read>
    <write><data>1\x0a</data></write>
    <write><data>1\x0a</data></write>
    <write><data>12\x0a</data></write>
    <write><data>gWCYvRSKCpMq\x0a</data></write>
    <write><data>261\x0a</data></write>
    <write><data>bilaterally absorption unlabored dakota berliner burdened jaunting mildness taxaceae cshrillness faith barnstormer uninvented appealing airsick parliamentarian impedient indentation homophone intruding crapulous demoralize ewer pavo rupert prefigure linendraper\x0a</data></write>
    <read><delim>\x0a</delim><match><data>Added signature to database</data></match></read>
    <write><data>942\x0a</data></write>
    <write><data>conscionable sleight calash streamliner anthriscus charivari kolkhoznik complete abhorrent bobtail bantering und honored youthfully patrol annis unpriced wigless irreproachably impressionable vibrator circumbendibus countershot monarchies idyl fellows penologist foenum nymphalid overemotional wonderment protean bilaterally absorption unlabored dakota berliner burdened jaunting mildness taxaceae cshrillness faith barnstormer uninvented appealing airsick parliamentarian impedient indentation homophone intruding crapulous demoralize ewer pavo rupert prefigure linendraper thinskinned uncomfortable ecumenic annis bilaterally absorption unlabored dakota berliner burdened jaunting mildness taxaceae cshrillness faith barnstormer uninvented appealing airsick parliamentarian impedient indentation homophone intruding crapulous demoralize ewer pavo rupert prefigure linendraper highflier dimensioning windless neutralized handshake artillery </data></write>
    <read><delim>\x0a</delim><match><data>gWCYvRSKCpMq \x2d LOW \x2d 358ff2c5</data></match></read>
    <write><data>0\x0a</data></write>
</replay>
</pov>