<?xml version="1.0" standalone="no" ?>
<!DOCTYPE pov SYSTEM "/usr/share/cgc-docs/replay.dtd">
<pov>
<cbid>service</cbid>
<seed>6e62c18d253238ebf49aa7aa618e4f7e01543dcfe0cf311a1349dce40f71487b13e064e92dcb4af792c164d6573cc962</seed>
<replay>
    <write><data>\xdc\x14\x9e\xbf</data></write>
    <read><length>4096</length><match><data>\xdc\x14\x9e\xbf\xf7\xddE\xdc\x9d\x0e\x09Q\xbfG\xe4\xf8\xbb\xd6\x80\xae\x0a\x8d\xef\xad\x3c\x17\x2b8\x93\x5d\xd0K\x8f\xf3Q\x05t\xd6\x17\x40\xe9\x2dE\x1e\x23I\xad\x26R.u\xf1!\xfc\x27\x1e\xd1\xdb\xd4B\xf7f\xe5\x3b\x99\xf2x\x96\xe2\xf6Hm\x85\x05\x87\x7b\xde\xfc\xc9nV\xdc\x3d\x8f\xa4\xcdL\x5diX\xa9\xecw\x10\x3dd\x1dn\x10\xb8\x0e\x28\x07\x7c\x03s\xda\x1b\xda\x0b\xf9\x23\xf4\x3dY\x3cj\xea\x13\x28s!\x91xG\xdd\xe9H\xf9\xa1\x93Ox\x99\xecck\x9b4\x84\x9cM\x1b\xe2\xfa\xb3\x94\xc9\xfd\x40Y?\xe4\xaf\x9d\xc6\xf3x\xbf\xa0?\x25\xe4\x3d\xd7\xd0o\x10B\xe6\x85u\x97\xd3a\xb4\xb0D\xba\xdb\x7c\xea\x9a\xa7\x92n\x8fI\xed\xe8.\xe3\xf5\x3d\xb0\x1b\xdf\x8a\xe2\x27\xe2\x5e\xfd\xf2\xa2Ev\x1f\xeeQ\x93k\xa1nf \xf0b\xb7\x90\x10C\xf6\x94\xdf\x03I\xcb\x9c\xd4\xa0\xeb\xfd\xd5\x84\xafsk\xf0\xe0\x2aO\xd6\xfa\x16a\xba\x84\xe8\x8bQ\x28\x5f\xc8M\xff\x01!\xde\xe0\xc4tH\x16\x1f\xb5\xb86k\xdf\xf0\xd5\xe5\xa0\xb4\xeb\x9b\xdbBs\xdc\x81y\x1e\x82uP\xfdZ\x90Y\x7f\x5c\x5f\xa5\x15\xe4Z\x08\x83\xc0\xcfb\x29\xd0\x1a\x2d\x3b\xef\x1c\x0f\xba\x2a\x87\x2cY\x0a\x10\xad\xc7\xa0\xd8\x92\x96J\xdfh\xca\xcecX\x87\x18\xd2jX\x28s\xb7\xb3\x1d\xebi\x2f\xa4\xb4\xf0\x8a\xf2\xc4\xcf6U\xadJn\xf9\x1dk\x24\xdc\xaa\xf4\xa91Z3\x87\x19Xn\xfb\xe5\x5e\xa56\x5c\x18I\x5e\x8cm\x97\xaf7\x1c\x05V\xaf5\xb4\x08\xd3\x5f\x89H\x7b\x16\x95\xb7J\xba\xde\xe1\x08\xc3\x9fp\x06\x26\x2c \xbc\xe8\x22HP39\xcc\x40\x08\xa1\x97\x28\xd8\x2b\xfc\x80\x0cEN\x8fWp\x1c\x27\x09b\x85\xaa\x2b\xdd\xd0\x9dS\x7b\x95\x0b\xb3\xcb\xa9\x24W\xb7t\x7e\xc7\x15\xc31\xbb\xe5\xb9:\x89oqv\xca\xcaaK\xbe\xe2R\xdb\xdc\xe0\x09\x84n\x2a\xf0\x88 \xb7Y0\xfb\xc5E\x81\xf3r\xde\x60\x81\x9a\xde:\x1bk\xf2J\xc0\xb3dp\x813\xc5\xc8\x95\xee\x17\xefd\xc8\xc0\xe3\xb3Pt\xbf\x3b\xe1\x12\x0a\xf9\xd2\xf4q\x1f\x11O\x02\xa1\xa9C\xf7\x7b6\x3b\xa2\x24\x29r\xe8\x96\x7fH\xbc\xf5\x2c\xb2\xef\x1fs\x01Y\xcc\x5b\xc9\x14Q\x8aY\xc5\xe9\x9c?\xac7\xa0\x8e\xca\xb4\x91\xd30\x92\xe0\xb5\x3ck\xbb\x01\x9e\xebN\x2f\x96J\xa6\xf5\xaf\xef\xde\xc8\x9d\xef\x98\xce7\xa5vd\x83\x92\xbe8HR\xb5Y\x88\x0f\x02\x24\xe7w\xe4n\xa3\xf1.\x87\xae\xae\x83TN\x86\xe5a\xfaY\xb8\xaf\xf6\x7e\x7e\x13\xe2\x80a\xd0q\x5fu\xb5\xbf\x98\x98\xb0\x97\x3c\xb0\xff\xf6\xd6\xbe\x03\x1b:\x92\x03u\x6041\x5b\xab\x27\xd5\xf2\x9a\xdc\xa5\xa9q\x2c\x19\xa5\xdf\xc0\x7e\xfd\x00\xc4\xc2\x0c\x3dq\x92q\x1a\x98\x1e\x15\x9d\xd6o\xc3\xf9\x5f\x5d\xc0\x3e\x1b\x8dC\xf3\xd3\x09f\xd0\x1d\x0c\xc16y\xa3\x1a\x1c\xe1\x90\xc4V\xc0\xc3d\xf2w\x16o\xab\x3b\x8eF\x16\xd0\xae\x9e\x83\xfb5\xbb7\xe5\x8f\x1b\x28Y\xda4U\x13n\xfa\x94nVHp8\x99\xc4\xd9D\xa6l\x04\x3b\x99\x9d\x0dJ\x05\xfb\xf0\xe9\x08\xc6iy\xdfLf1\xbdJ\x3c\xdcI\x7e\xe2\x9d\xf5k2\x17\x17\xd8\x93\x29\x60\x3d5p\xcak\xdf\x29\xf5\xa3\x19T\x2b\x10\x86\xceKt\xb4!\x5fZ\xcf\x95\x13\x40t\x7b\x86\x1d\x08\x14\xe9\xf5\xe1\xcb\x9cS\xf38\xac\xc2I0\xc0\xff\xdaiv\xbb\x2cU\xbd\x020\x95\x16\xa6j\xbb:\x98\xecVm\x7d\xe5\xdb\xf8\xf5\xd9\x98\x15\x2c5\x60\x5d\xd1\x0c\x19\xae\xbb1\x09\xbb\x23hT\x9f\x8f\x11\xaf\x93N\x8d\x8a1\xf2\x3b1J\xe6\x1a\x5bZ\x17\x8b\xc2\xfb\x0a0\xb1?\xbe\xb2\x7e\xe6\xdaVf\xe5\x05\xee\x1b\x06\xcaE\x84\xb5\x02\xed\xf9\x28\xd4\x98\xc2\x2c4\x07N\xfe\x15II\x0b\x07\xce4\x06ga\x14tz8YZ\xf1\x9b\xc7\x5f\x00E\xb5\xeee\x26IM\x5c\xaa1\xa4?\x865\xe3E\xce\xab\xb6\xad\x81\xaf\x89\xb5\xa3\xb2\x23\xa0\xe85\x9d\x09\xdf\x3c\x85c\x83s\x01\xac\x0f\xad\x8f\x0b\x5dQ\x91I6s\xc69\x1a6V\x0c\x84\x0a!\x29\x5b\xf9\x08\xae\xb0\xa5\xb3\xd21\x26\x7b\xc6\x40Q\xb1\x06Q\xa5\xf7\x8c\x22PP\xa9\xb6\x93\x94\xc8\xb2\xd7J\x1d\x89\x92\xba\x83\x89\x16.\xf2\xb0\xf7\x18\xac\xa2\x9dDG\xad\xa34\xf8\xd2\x5cM\x7fA\xf9\x8f\xa7\x16\x8c\x16\x07\xda\x16\x2b\xceA7\xd8\xe9\xa6\xae\x8c\xb2H\x1f\xf5w\x839Y\x2a\xee\x7d\xbdi\xd3q\xf6\xd9l\xa1\x0b\xf9\x24I\x9a\xa7X\xe2\x06b\xc6\x16Y\x5d\x2b\xdftd\xa8\xb1\xa8\x95f\x08\x8c\xf5\x7e\x5cBX\x0f\xbc\x01I\xe5e\x14\x7eh\x8b\xd0\xdd\x0d\x02\xa0\xfc3\xa2zc6R\xd1\x8a\xbe\xc8\x99K\x81\x81E\x15B\xac80\xfc\xf9\xd0\xde\xd8\x0a\xa7\xc4\x8c\x1e\xc8i\x8b\xcdPM\xd08\xf1\x8d:\x0c\x8e\xbb\xf0\x98\x8d\x3e\xa1\x12\x98\xc2\xb9\xb3\xc4l\x27\x28\xbd2\xda\x5e\xfa\xdd\xf18\x5dSkl9\xed\xe6\x8fK\xa7\x9c\x3e\xcfYB\x9c\x0a\xf9\xaf\x18\xb9IO\xd1\xea\xa1\x04\x04\xae\x02\xe9\xea\x97\x89\x85\xafJ:\xf8\x9d\xba\xc3\xf0\x88\x5ef\xf9\xf7 \x0ek\x09urk\x97o3\x09\xfa\x0c\x5dW\xb2\x16\x0eD\x83\xb7\x1c\x1d!\xa0\x82\x05\xe1\x9e\xc2I\x40Yx\xde\x8dM3\x0b\x9aR3\xe3\x10\xc4\xaa\xb1\xa5\x88ZW\xf5\xbf\x10\x95\x9b\x82\xe2L\x8a\x84\x0f\x14\x26\xaf\x27\xd8\xe2\x1a\xb8\x00O\x890\x96\xab\xf1\xca\xdd\xccrl\xbcCV\xf8\x1erc\x27\xf2m\xc6\xe4\xca\x00r\x8eh\x5b\xe0\xad0\x5f\x7c\x06\x1f1\x1d1T\xc8\xa9\xa4\xe7\xff\xdd\x87\x15\x0dP\x95F\x84\x9a\xcf\xc4M\x2b6B\xec\x9c\xc8\xb2X\xdc\x08h\x5c\xa2\x0aT\x5d\xb5\xb6\x0b\xf9h\x91\xa6\x0bb\xe2\x7cf\x7c\xf10\x25\xa1\x2bo.\xd6\x7b\xbf\x23\xac\xf1\x8b\x921\x3c\xd6\x5b\xeb\xd8\xb0\xd4h\x8ej\xc3K\xeb\xfeW\x15\xb2Gj\x3c\x07\x1b\x8b\x5e\xf1\x81z\xd0j\x7d\xcfQ\x8a\x86b\x18zM\xd3\xc5\x82\x5e\xb1R\xf2\xcb\x9d\x5e\x5b:\xb4\xc2\x01\xf2\x7e7\x1cl\x94\xc0\x96f\xae\x8f6\x96\xa1\xbf\xa88\x25\xcc\x1dVO\xe96\xaf\x5b\xc9\xbb\xe6\x17\xe9\xd0\x9d\xf1c\x01\x87\x8d\x22\xba\x0d\x00\xfc\x1c\xa2\xa7\xf5\xae\xd0Q\xdd\xa3\xb3\x95p\x0a\x0f\xe3\x8a\x01\x87a\x91\xee4\xcc\x23ES\xff\xbd\xe2\x96fh\x96\xd8\xa4\xe7\x9a\x5f\x27\xb6\x9f9\xb6\x97\xc4\x7b\x3e\x9c\xdb\x04\xfa\xae\x1d\xe7\x136\x3eY\xe3\x82\x3d3z\xc8\xf8\xaa\xce\x19\xc3\xce\xd8S\xc4\x84\xa6\xf7hCXy\x3e\x5cy2\x82\xd9\xa2J\x0ec\x5c\x24\x93\xfe\xe0\x96bF\xd8\xf6W\xc7\x87H\x17\xe2\xb9\xc7h\xa8\xf7\x8e\xc4\x00\x1b\xac\x8a\xf7\xc1\x81\xb6\x9d\x60\x1e\x96\xa9\xe8\xc2P\xb5\xd8\xe1\xe0q\xe9\xb1\xf3f\x98\x9b\xe3\xda\xd4\x1a\x7dQ\xa4w7w\xb0\xabX\x9a\x03\xb5\x5e\xe3\xd9\x5d\xad\x92\xdb\xf0\x26 x\x05\x5eZ lc\xed\xaeo\x15\x1b\x93\x0f\x03s\xdfP\x98\x11\x0c\xf6\x99\x5f\xd7m\x86\x93\x24VI\xc7\xb8\xc6\x1cL\xac\xbea\xceI\x26\x809\xdfl\xcd\xbb\xd0\x5e\x83j\xd8\x82\xbd\xc8\xee\x9f\xd8\x97\x1e\x1a\x5bv\xdfKl\x2c\xbdll\x15\xe1\xa7O\xa8\x85\x81\x5c\xbcO\xd5\xea\xcd\x17\xa3\x1dp\xf9\xa8\x2a\xbc\xa7\x9e\x85i\x5b\x22\x8d \xd9D\xeai\xc2\x86\xf0d\x04\xac\xbe\xb2\xaf\xba\x84\x7ef\x9fp\xdf\xbe hZ\xd0\xd6\xb9\xf4\x11n\xd2\xf7?\xc4\x24\xec\xb1\xb4\x9cH\xd2\x09\x26\x01m\x944\xa0\x3d\xcb\xaf\x167L\x10\x18\xcb\xbbt\x2dX\x00Z\xf1\x8e\x1b\xb7\xef\xec\xa6\xa7R\x81\x90\x23\x11C\xae\x08o\x92\x02\x7c4\xa9\x0a\x40R\xab\x10\xdbC\xd1\x1b\x1d\x2bV\x2d\xcfG\x019\x7c3\x84\xc2\x8c\xf1\xd0Q\xbe\xc1\xcfb\x04\xefZ\x84I\xf6WDl\x27\x85\xe6\x00aTw\x9d\xfb\x92w\xc9\x9d\x22\x93y\xc5\xb88\x2b\x88\x8d\xcd\x82?E\xf6\x91\x88NG\x8b\x10\xd70\x015\xbf\x1au\x9e\xdd\xc2i\x92\x14GMb\xe2\x9b\x0a\xa1x\x97\xc0h\xc8\xb6\x089R\x13\xe3C\x87\xa5l\x0a\xe0\x8e\xef\xbe\x8dUk\xba\xcdw19\xc7\x1f\xe9K\x08\xdf\x2b\xb1\x2bxFB\x95\x93\x5d\xdc\x27\xb8\x87\x5dW\xe2M\xc2\xb6\x0b\x2f\x83\x13q\x2f\xf2D8GBWj\xe51\xf7jI\x26\xc5\xb6F\xc0f\x10\xe2\x98\x99\x5d\x9fT\xbfh \xcb\x7d\x8c\x5bM\x85\xd1\x98\x9c\x3e9\xe2\x9f\xc0\xa0\xb9\xa0B\x18\x1e\xff\x8bE\x12\x8eF\x22\x07\x28Sk\xf8\xcd\xadm\x5d\x1eX\x0c\xae\xe9A\xbe\xe1\xb3\xb3\xff\xf9\x99\xf5T\x10Y\x94\x80\xf3F\x93\x5b\xf9Be\x873\x8e\xe6O\xc6\xf3\x03\xe1\xc0\x09\xd9\xfa\xdc\xd9O\x93:\xb5p\xeb\xa8\xe6\xdd \xd5\xb0\xc98\x8c\x10r\x2a\x8b\xd5\x16\xd2\xf8 ee\xd8\xab\xbd5\x84\x12\x00\x15\xf4dp\x28\x23\xfef\x1cfl\xfb\x85\x09cb\xfe\x95\xfd\x60\xaf\x9b\xd6\xa3\x05\x2f\xe6vy\x94\xe1t?a\xd8\xeb\x7e\x9b\xe7\xdeM\x90!\xef\xd5o\x8e\x7fi\x40j\xec\xa9G\xec\xac\xd4\xd0\xda\xccE\xa2\x13\x24\x17\xfa\xd8\x7c\xedk\xfekh\xf5j\x8cR\xba\xc4\x2fa\x86YZ\x95\x8e\x82m\xe7\xe3\x18\x15\x86\xb7\x0d\x81\xbd\x08\x18\x90\x9c\xfe\xfcP\xcd\x8d\xe6C\x1b\xb4\xbc\x24\x3d\xf6\x2d\xcf\x11\x03\x3e\x11\x1bv\x7c\x17\x3c\xfb5\xd6\x1b\xc2\x1a\x86\xf88\x1dx\xff\xafwE\x13Lo\xfb\xb1Yi\x25\x17\xe7\xe6\xa0\xf9\x2b\x91T\xa9\x18YC\x14\xaf\xa5\x5e\x5d\xcb\xbd\x90\xc8uc\x0ae\x84\x9e\xbc\xe1q\xaa\xd6\xb0\x7eJ\xd1f\xfcV\xae\x18\x82\x95\xf5\xca\xce\x3dZ\x16f\x1a\xf2\x06\xdc\x9a\xd8\x7c\xe9\xf6\xd4NU\xce\xd8\x5e\x2bbi\x0cb\x3d\x1bd\xfc\x98X\x5e6\xd1\xbc\xe0\xcf\xee\x1e\xe45Z\xb7\x12j\x0ah\x80\xe8\x98N\x60\x1eW\xa5b\xf1\x06h\xe0\x7c\xf4\x97\xbb\x07\x09e\x9c\x11\x7e\x135I\xf8\xabb\x91\xfe\x9e\x0cq\x26\x1e\x60\x97\xe8\x96b\x2b\x05\xb8\xc4B\x7f\xa4\xa0\xae\xbe\x82\xf7\x3dSb\x9b\x2b\xa7\xdb\x18\xaa\xfa\x22\xc0q\x19\x2f\xa9M\x97\xaaK\x98\x01\x60A\x03\x9eS\x15\xfe\xf4\x18\xa9\x1c4\x88 \xce\x7dU\x3ew\xdf\xb5\x84\xfe\xbdF\x15\x40\xa3\xc6\xb0\xdd\x00\x8f\x16\xd7V\x1a\xdf\xdb\xa0!N\xb4g :\x7f\xa8\xd8\xa4\xc45\x8a\xf0\xbe\xfe\xedm\xe1\xc5\xd5\x08\xcd\xf5\x7ebV\x27\xdcy\x1b\x1d\xf5\xf9a\xe2\xabc\xe1\xa5\x90\xf6!d\xe0\x1a\x1b\xa1?\xb3\xf0\xce\x86p\xbf\x9c\x95f\xbc\xdb\x9b\xfef\xac\xc4\xa6X\xda\x8e\xf0HV\x00\x5c\x09\x25\xd6\x90i\xba\x0c\xe0d\xa0a\xa1\x87 \x274\xd2\xf9\x25\xf8d\x3da\xd0\x02\xef\x1e\xb5\xa7\x88uy\xbf\xb9\x82kh\xd1\xea\x9fY\x93\x3d\x1d\x0a\xfd4N\x7f\x7c\xeed\xa3\x05W\xd7g\xcd\xb7\x04\xa3\xe7\xa8\xbf\xb3\xcd\x93\x7b\xde8\xbd\xe2C\x85\x01\x7d\x80u.\xb4\x7f\xed0\xc7X\xf9dc\xf8\xa6Dm\x2f\x8b\xec\xa1\x11\xcb\xecO\xe7\x92\x90\x85\xe0\x8f\x09a\xf72\xad\xaf\xabNHW\x91\x85C\x91\xb4U\xc3\xec\xe6\x7ba\x5d\x81\xef\x94wP\xf1\xe1\x28h\x98bhb\xa2\x3bl\x1d\xffj\x3c\x88m\xc2\x1b\x99\xe9\x9c\xacc\x1c\x9e\x19\x5bX\x29\x9a2\x10\x05qdz\xfb\x60\xf8\xac\x03\xd8\x89f\xc5\x22\x12\x9b\x22\xd6\xbd\x10q\x88\x04\x937\xf4\x01\xe4C\x922\xe8\x3b\xcbH\xf5\xe3\x5cL:\xd8a\x5dm\x22\xffJ\x2d\xe5\x8b\xc3t\xe3 \xb7\xbd\xde\xab\x8b\x2f\x85\xd7PN\xc9P\xab\xcd\x7d\xd8b\xb1\x3d\xfd\x2d\xfd7R\xd3\xaf\xbf\x0c\xc3\xc0\xd97\x26v\xbb\xb1v\x26\xcd\x5e\xf0\xa1\x3db\xab\x00\xd8\x9dS\xd8\x00\xe0\x81\xe0\x1fc\x07\xb46\xe6\xd8\x2d\xe2\xc9\xb4\x8a\xe6\xe8c\x8a\x5b:S\xd8\xd7e.\xf8\x88uu\x18zZ\x9b\x5c!Q030\xbb \x01M\x94\xb0\x14\x2bS\x3e\xf3\x3b\x3dUl\xff\xd1\xfc\x40\x1d\x40\x87\x29\xf2\xe1\x94\x0dv\x24\xd8\x24\xde\x95Z\x93\xd9\x5d\xd0\xd6\x7fS\x11\x06rl\xa1!\xfc\xd8i\xb4\x90?\x17\x0c\xa5\xdc\xa7\x06\x94\xf8uwu\xd5\x26\xacI\xd9\xdcf\x5c\xef\x10\xedz\x5d.\x9f\x15\xe4\xf1\x7c\x8d\xee\xb76C\xa4F\x3d\x0a\xd2\xf26\xddNh\xec\xf4\xad\xfd\x15\xeb1\x93\x92\x12\x14\x80\x08\x2b\xc3\xe6A\x94\x40qZ\x98\x7e\x85y\x0c\x2f\x18\x9bA\x2c\xa0Ca\xc3\xd8\xbf\x01\xbf\xdf\xe8\x09\x3dF\xcb\xa2\x92O\x22s\x1a6\xabVg\xac\x0d\x26\x97r\xd3\x0e\x05\xbbk\x0c\xef\xf4\xef\x82\xa4\x5e\x82\x15A\xb9g\xf47\xec\x9cb\x5e\xde\xfefCs\xec\x0c\x062\xb3\x9b\x02\xab7OL \x16q\xd3\xf2m\xf6\xcc\xf1\x226\xfb\x24E\x2da\x88P\x1d\x3b\xb0c\xdc\x2b\xa8u\x7fxC \xfd\xbc\xee\x82L\xc7\x2d\xb2\x99\x5ec\x2a\x82J\x3c\xa9\x22\xad\x847\x87\x10\x7b0\x7cK\x7f\xd8\x12\xd1P\xf8\x8f\xe4\x8dipX\x5c\x14\xe0L\x8f\x1f\x89\xf3s\xbc\xf0\xd9\xa8QB\xd1h\xbf\xb1\xfe\x98\xb0\xa7o\x07\xc8\xd9\xf0M\xa1\x03\x3e\xa6\x81\xbdwB\x5c\x01\x9c\xc7D\x7f\xcfS\x40\xd0\x12\x13Z\x11\xc1\x0b\x2f\xd6\xb8\xab\xdc\xa6\xa9\x9a\xd9\xaf\x0d\xbe\xcf\xef\x8aW\xa1\x13L\x8et\xf2\x2c\x8e\x95U\x1d\xb1\xd6 \xd1\xf0htcgD\x95X\x05\x14V\x24\xbaD\x22\x2c\xbc:.\xd0H\xf2\x91\x2dY\xd0\xed\x07\xe4\xb3p\x23\xafz\xc4\x02\x12\x0d\x93\xceB\x04\xe2\xa3\x0fS\x9d\x05T\x02\xbc\xa9Th\xc3\x8d\x7bsb\x83\xb1k\x91\x29\xd4\x80\xaa\xa6\x19I\xdb\x5e\x96y\x08\x87v\xe7j\x02\xde\x93\xc8\xde\xe8\x60\x16\xb5M\xbf\xe8\xdb\xde\xac\xf9\xf5\x9e\x8dcD\xe3\x9b\xff\xa4\xf7\xab0\xe4\xc7h\xb2\xef\xef\xf2\xb6\xf1\x0dq\xa8\xef\x08V\xf2P7\xb9\xb3\xe9\xfe\x3bY\x95\xafG4\xbe\x010\xed\x3d\xc3\xa1\xca\xb2r\xa4\x8e\xfe\x5fN\x5f\xd13\xeeS\xa6\xd17\xe3I\xa50\x83\xbf\xd8\xc5\x18\xef\x60\x1ag\x87\xb4l\xc3\x16\xf7\xa8\xed\xb5\xc4NI\x98\xd7\x08\xfdyH8\x28\x0a\x94\xe7\x03\xcd\x2f\x99\xf2\x08J\xa6Q\xd4\x9c\xecB\xcc\xb0\x8dar\x298\xe5\x96\x06SZ\x7b\x19\xca\x9b\xd1.8\xd6\x9c\x87\xf2:\x99\xcb\x99\x83\xc5\xe2\xb6W\x9bK\xb7\xd0\x8b\xfbD\x7b\x06\x96\x24\x5f\xb4\xc8\x23\x06\xe2\xc0c X\x02w?\xf0K\x99\x5e\xfa\xfdn\x1c\xc7\xd3\x05\x5e\xb3\x26\x9c\xe1Ai\x40\xc9\x60\xc2\xca\xdb\xcf\x5f\xfbq\x0f\xd3\x27\x7d\x95vt\x05\xab\x13\x10\xbcg\xd5UK3\xdf I\x10v\xe05\x2c\xd1\xf2\xa7:N\x9e\xa6\xd3\x1e\x23\xbb\xca:\x10\x0b9\xd8\xcc\xe4\xc4\xde\xed\x19\xf3\xc2\x07\x08\xe3\x9e\xa6\xd79\x82\x0e\xc3\xeb\x7c\x89\xaf\xfc\x09\xe0\x83\x98\x9e\x0bC\xb65s\x0b\x14\xaeJ\xf5fT\xe3\xcf\x9fZ\x9cn\xee\xeb\x92\xa2\x82\x1c.\xdf\xfa\xec\x0dOz\xe8\xaa\xf4e\xba\x0b\xe6\xffaA\x894\xc9\x91\xa4s\xae\xbc\x2d\x81\x9e7e\x03s\xa3\xd7!\x07\x99\xf1\xf0\x26B\xad\xeaZ\xaa\x5e\xee\xf6\x06\x08:\x02j\xe8\xaa9\xce\xa1U\xb0D\xe7\xb4\xe19\xc2\x1cR\xb1j\x1f\x26\x86\x7b\xd5j\x9f\x2a\x07\x05\x86\xb3\x3do\xe8\x86\x10\xd3\xee\x14\x8e\xb9\xae\x8f\xd0\xf7Y\x92\xc9\xe1\x3c\x8aK\xf86?\x90\xcc\x07\x5e\xa3bF\x23\xd4j\x3cT\x03t\xe9\xb6\x95\xae\xd8\xc7\xf8\xfbM\x2a\xf7\xa1T\xf6\x05\x19\xb3\xfe\xd9\xa3\x3b\xc7U\xdcyM\xf8G\x0b\x80\xd1\xf2:\xf69\x19\x99\x2f\x17\xb5\x05\xd1\x7d\x27aY\xb4\x91\x0d\xa1\x7c\xfa\xb3X\xff\xa6\xb74\x27\xb1e\x2c\x98\x95\xb7t\x08\xc2\x07\x25\xb5\xc0i\x00\x01\xca\xc8 F\xb4US\x2f\x97\xe9\xab\x29\x00\x1b\x1a\x5ct \xcby\xd9\x81z\xe1\xfc\x2a\x7f\xb4 \x80\xfe\xed\x1a2A1\xf2k\xc2\xd3L\x88ZB\x08O\x5d\x8f\x94\xf7\x06K\x1ax\xb6\xa9\x8d\x8b\x85P\x26\x18\xd4n\xb1o\x07\xb6\x0d\xa3\xe2\xf5\x0c\xdcM\xd2\x3c\xd5ttU\x85\xde4\xe0c\x0f\xe4\xeb\xa1\x7b\x06\xa3V\xb7\xd2\xcb\xf3\x2b\xc7\x14\xbf\xa6\x24lF7fT\xa2\x93\x89\xb5\xb90\xab\x05\x88\x15\x8e\x24vK\xf0\x1ce\x11\x5d\xb4\x88\x5b\xd5\xd8b\x96\xd9w\xa6\xfa\xbe\xfd\x10J\x04\x3buUq\xae\xed\x83\x99\xf1L\x96\x99\xbc\x0f\x91z\x85\xc9\x5d\x2ap\xef\x3eJ\x19\x85\x5c\xd82\x8c\xb0\x8b\xb8\x2a\x14\x01\x18\x1coL\xbbe\x7e\x1bc\x023J\x85\xd3:7\x8a\xfd\x85\x1f\x9d\x07\xdd\x15\xa4\x28\xf2\x27\x01P\x19\xae\x60\xb6\xfb\xa9\xcab\x26y\xf8v\x8e\xe1B\xdf\xf918\x0fY\x3cld\xa8\xce</data></match></read>
    <write><data>4\x0a</data></write>
    <write><data>2\x0a</data></write>
    <write><data>12\x0a</data></write>
    <write><data>qQ.pn\x2frAGgcB\x0a</data></write>
    <write><data>82\x0a</data></write>
    <write><data>unpriced abandoned precipitation dong nonrepresentational fossilization grant pooh\x0a</data></write>
    <read><delim>\x0a</delim><match><data>Added signature to database</data></match></read>
    <write><data>1\x0a</data></write>
    <write><data>12\x0a</data></write>
    <write><data>zwBvcTkjWPzI\x0a</data></write>
    <write><data>42\x0a</data></write>
    <write><data>squadrong bustard sinned ultimacy brackish\x0a</data></write>
    <read><delim>\x0a</delim><match><data>Added signature to database</data></match></read>
    <write><data>1\x0a</data></write>
    <write><data>12\x0a</data></write>
    <write><data>GT.cXhQASdlc\x0a</data></write>
    <write><data>140\x0a</data></write>
    <write><data>artillery sandarac articulo untaught selectman stannary torpescent plough stoneblind gasp sagittiform unlabored encroachment gratingly gager\x0a</data></write>
    <read><delim>\x0a</delim><match><data>Added signature to database</data></match></read>
    <write><data>3\x0a</data></write>
    <write><data>12\x0a</data></write>
    <write><data>qWSFaoUdGxaM\x0a</data></write>
    <write><data>236\x0a</data></write>
    <write><data>supposing hippoglossus cuckoopint religieuse facia sleight harare purism cognomen hypsiglena insectivorous button astropogon relevantly sitting vegitous rooibos emetrol brawling puttee demonic permit agonidae amharic rc litote gratingly\x0a</data></write>
    <read><delim>\x0a</delim><match><data>Added signature to database</data></match></read>
    <write><data>391\x0a</data></write>
    <write><data>baghdad addlehead carbomycin shipman unsubsantial exhaustible confessor galliass prefigure selfinterested foenum cope ocotillo flowerbed sigma coceive aeromancy celioma penologist manifesto virtus apparel lunula battleax bombproof timocracy morphologic faux measurably yelp little pseudobombax artillery psychopathic systole cshrillness stultification quinquefoliate trustfully arsenopyrite </data></write>
    <write><data>0\x0a</data></write>
</replay>
</pov>