<?xml version="1.0" standalone="no" ?>
<!DOCTYPE pov SYSTEM "/usr/share/cgc-docs/replay.dtd">
<pov>
<cbid>service</cbid>
<seed>266f8720b76feb0fa15ac89a429c68b6dfc7eb74835ccfe1b0e910cc5ab340dce38961fc4d6abe420ee775b0b0b982a4</seed>
<replay>
    <read><length>4</length><match><data>\x13\xd3\x5dB</data></match></read>
    <write><data>UwE\x5c\x81\x7fXn\xd8\x3c\x82i\x9bE\x12U\x90\xd4</data></write>
    <read><delim>\xd4</delim><match><data>\x19\xd5ESU\xa1\xd5\x16\x2cU\x16\xa9E\x81\xa9\xa9\xd5\x0f\xd9\x16UwE\x5c\x81\x7fXn\xd8\x3c\x82i\x9bE\x12U\x90</data></match></read>
    <read><delim>\xd4</delim><match><data>\xde\xe2\x9f\x16</data></match></read>
    <write><data>\xab\xd4UwE\x5c\x81\x7fXn\xd8\x3c\x82i\x9bE\x12U\x90\xd4</data></write>
    <read><delim>\xd4</delim><match><data>\xde\xe2\x9f\x16</data></match></read>
    <write><data>\xa9\xd4\x3c\xedR\x3c\xe5.\xb3\xed\x81w\x81B\xb3\xea\xca\x24\x9b\xab\xf7\xb1\x8eS\xaaBXR\xee\xeaUw\xb3\x5f\x8c\xa9\xa1\x1b\x8f\x0f\x3b\xed\x90\x0f\xf7\xd5\xca\xdb\xd5\xea3\xdb\xe5\x90\x7fXwU\x3c\xd5RU\xe3\xca\x12.R.\x8e\x82\xb1\xea\xee\x90\xd4</data></write>
    <read><length>5</length><match><data>\x18\x18\x18\x9d\x16</data></match></read>
    <read><delim>\xd4</delim><match><data>\xde\xe2\x9f\x16</data></match></read>
    <write><data>\x0f\xd4</data></write>
    <read><length>4</length><match><data>\x7c\xcb\xcb\xcb</data></match></read>
    <read><length>4</length><match><pcre>.*</pcre></match></read>
    <read><length>17</length><match><data>UwE\x5c\x81\x7fXn\xd8\x3c\x82i\x9bE\x12U\x90</data></match></read>
    <read><length>15</length><match><pcre>.*</pcre></match></read>
    <read><length>72</length><match><data>\x3c\xedR\x3c\xe5.\xb3\xed\x81w\x81B\xb3\xea\xca\x24\x9b\xab\xf7\xb1\x8eS\xaaBXR\xee\xeaUw\xb3\x5f\x8c\xa9\xa1\x1b\x8f\x0f\x3b\xed\x90\x0f\xf7\xd5\xca\xdb\xd5\xea3\xdb\xe5\x90\x7fXwU\x3c\xd5RU\xe3\xca\x12.R.\x8e\x82\xb1\xea\xee\x90</data></match></read>
    <read><length>68</length><match><pcre>.*</pcre></match></read>
    <read><delim>\xd4</delim><match><data>\xde\xe2\x9f\x16</data></match></read>
    <write><data>\xa9\xd4\xab\xed\x82\x12u\xd8\xdb\x89S\x9b\x81\xd6\xd6B\x2cX\xee\x90\xfc\xdb\xb1Ru\x90\xd6\x9b\xb3\xf6\x5d\x8e\xe5\x5c\x81\xf7\x2c\x2c\xean\xe3\x24\x5f\xf7\x1b\x82\xe5.\x3b\x9bnw\x3c\x9b\xb3B\xdb\xfc\xaa\x8cSE\xedn\x19\x5d\xa9w\x5d\xea\x5d\xe5\x3c\x2c\x89\xe3\xe3u\x24\xb3\xf6u\x89\x82.\x1b\xab\xf7\x5d\x89I\xfc\x12\x1bu\xd5\xd4</data></write>
    <read><length>5</length><match><data>\x18\x18\x18\x9d\x16</data></match></read>
    <write><data>\xd5\xd4</data></write>
</replay>
</pov>