<?xml version="1.0" standalone="no" ?>
<!DOCTYPE pov SYSTEM "/usr/share/cgc-docs/replay.dtd">
<pov>
<cbid>service</cbid>
<seed>6b695a53058e225a95e0545ca16e1489a7e546fc445248f613f9ab3417b6d827196d1110897ad3a0a6cb894d9c71bce0</seed>
<replay>
    <read><length>4</length><match><data>6kd\x2c</data></match></read>
    <write><data>\x8cS\x89\xaa\xa9\xfc\x90\x5c\x19\x8c\x5c\xabw\xa9\x0f\xa9w\xd4</data></write>
    <read><delim>\xd4</delim><match><data>\x19\xd5ESU\xa1\xd5\x16\x2cU\x16\xa9E\x81\xa9\xa9\xd5\x0f\xd9\x16\x8cS\x89\xaa\xa9\xfc\x90\x5c\x19\x8c\x5c\xabw\xa9\x0f\xa9w</data></match></read>
    <read><delim>\xd4</delim><match><data>\xde\xe2\x9f\x16</data></match></read>
    <write><data>\xab\xd4\x8cS\x89\xaa\xa9\xfc\x90\x5c\x19\x8c\x5c\xabw\xa9\x0f\xa9w\xd4</data></write>
    <read><delim>\xd4</delim><match><data>\xde\xe2\x9f\x16</data></match></read>
    <write><data>\xa9\xd4\xe3\x90\x81nw\xee\x82\x81\x12\x5f\xea\x12\xca\x24\x8cX\xd6\x19\xe3\x12\x1b\xfcX\x8c\xee\x89\x24\xd8\xfc\x5c\x8e\xca3\x1b\xa9\x3b\x5c\x89\xea\xedX\xb1\x82\x8eX\x9bI\xb1\x3b\xdb\x89\x8f\xa9\xaa\x1b\x8c\x82\x5cEinw33\xed\xf7B\xb3u\xa9E\xed\xd6\xb1E\x5c\xe5\xd6\x82\x7fB\xd83\xea\x90\x90\xd4</data></write>
    <read><length>5</length><match><data>\x18\x18\x18\x9d\x16</data></match></read>
    <read><delim>\xd4</delim><match><data>\xde\xe2\x9f\x16</data></match></read>
    <write><data>\xed\xd4</data></write>
    <write><data>\xd5\xd4</data></write>
</replay>
</pov>