<?xml version="1.0" standalone="no" ?>
<!DOCTYPE pov SYSTEM "/usr/share/cgc-docs/replay.dtd">
<pov>
<cbid>service</cbid>
<seed>8bda05816498314353b8b11df6c576abf6e7ff5b4c725503b7cac575a9b706b2b1345514b238230a6ce978722943a820</seed>
<replay>
    <read><length>4</length><match><data>\x942\x18\xc3</data></match></read>
    <write><data>u\x5d\x2c\x89\x8f\xca\xd6\xca.u\x9b\xa1\x1b\xed\x3b.\xe5\xd5R\xfc\xabX\x24E\xd4</data></write>
    <read><delim>\xd4</delim><match><data>\x19\xd5ESU\xa1\xd5\x16\x2cU\x16\xa9E\x81\xa9\xa9\xd5\x0f\xd9\x16u\x5d\x2c\x89\x8f\xca\xd6\xca.u\x9b\xa1\x1b\xed\x3b.\xe5\xd5R\xfc\xabX\x24E</data></match></read>
    <read><delim>\xd4</delim><match><data>\xde\xe2\x9f\x16</data></match></read>
    <write><data>\xab\xd4u\x5d\x2c\x89\x8f\xca\xd6\xca.u\x9b\xa1\x1b\xed\x3b.\xe5\xd5R\xfc\xabX\x24E\xd4</data></write>
    <read><delim>\xd4</delim><match><data>\xde\xe2\x9f\x16</data></match></read>
    <write><data>\xa9\xd4.\x0f\x12\xdbX\x5d\xfc\x9b\x1bS\xedw\xf6\xaa\xf6\xed\x5c\xf6\x12S\xf6\xd6\x8c\xaaX3\xa9\xee.\x5d\x0f\xed\x90\x7f\xd4</data></write>
    <read><length>5</length><match><data>\x18\x18\x18\x9d\x16</data></match></read>
    <read><delim>\xd4</delim><match><data>\xde\xe2\x9f\x16</data></match></read>
    <write><data>\x0f\xd4</data></write>
    <read><length>4</length><match><data>\x7c\xcb\xcb\xcb</data></match></read>
    <read><length>4</length><match><pcre>.*</pcre></match></read>
    <read><length>24</length><match><data>u\x5d\x2c\x89\x8f\xca\xd6\xca.u\x9b\xa1\x1b\xed\x3b.\xe5\xd5R\xfc\xabX\x24E</data></match></read>
    <read><length>8</length><match><pcre>.*</pcre></match></read>
    <read><length>34</length><match><data>.\x0f\x12\xdbX\x5d\xfc\x9b\x1bS\xedw\xf6\xaa\xf6\xed\x5c\xf6\x12S\xf6\xd6\x8c\xaaX3\xa9\xee.\x5d\x0f\xed\x90\x7f</data></match></read>
    <read><length>106</length><match><pcre>.*</pcre></match></read>
    <read><delim>\xd4</delim><match><data>\xde\xe2\x9f\x16</data></match></read>
    <write><data>\xa9\xd4\xee\x9b\xb3\xca\x5cE\x82\xd6X\xab\x813\xd6\xa9\x0f\xe3\x82\xe3\xdb\xab\x82E\xd6\xab\xd8\x89\x90\xe5R\xe5\x12\x8c\xb3\xee\x7f\xab\xf6\x24\xed\x8e\x5f\xb3n\xa9\x90n\xd5\x1b\x0fB\x81\xee3u3\xe5I\xee\x2c\xa9\xe3\xfc\xa9\x8c\xeewu\xea\xf6i3n\xe3\xeeS\xa1\x90\x3c\x0f\x90\x8e\x5ci\x0fi\xfc\xb1\x0fuR\x8c\x82I\xca\x82\xaaU\xd6\x24\xd8\x81\xfc\xe3\xd4</data></write>
    <read><length>5</length><match><data>\x18\x18\x18\x9d\x16</data></match></read>
    <read><delim>\xd4</delim><match><data>\xde\xe2\x9f\x16</data></match></read>
    <write><data>\xa9\xd4\xf6\x19\xe3In\xed\xedn\xa9\x5d\xf6\xa9\xab\xd5U\x1b\xee\xe3\x5c\xdb\x7f\xd8\xdbn\xab\xd5\x82u\xee3\x5d\x8f\xabSw\x3c\x8e\xdb\x8c\x243\xd6\x7f\xaa\x9b\x3c\x9b\x3b\x81\x5f\xa1n\x5c\x1b\x90\x7f\xcaS\xb1\x81\xe5\x8cuI\xb1\x7f\xe3..S\xb1B\x5d\xe3\x5f\x12\x82\x8c\xb3\xab\xed\x0f\x2c\xa1.\x5f\xdb\xa9\xa1\x8c\x0fR\xe3\x89\xaa\xe3\x8e\xaai\xe3\x3c\xdb\x24\xeeI\x82i\xca\x8f\x12\x8f\xedB\x9b\x0f\x3b\xdb\xabi\x89\xd4</data></write>
    <read><length>5</length><match><data>\x18\x18\x18\x9d\x16</data></match></read>
    <read><delim>\xd4</delim><match><data>\xde\xe2\x9f\x16</data></match></read>
    <write><data>\xa9\xd4\xfc\x3bS\x90XIi\xd8\xfc\x5f\x2c\x1b\xb3\x90\xca\x12\xd5\x8e\xab\x8c\x82\xfc\xf7\x0f\xf6\x12\xa9R\x12\x19.\xaa\x82\xf6uuS\x3c\xfcI\xf6\x5f.\xd5\x5c\xe3\x8e\xe5\x8f\x81\xaa\x19\xd8\x81\xe5Iu\x1b\xa1X.\xe5\x8c\x2ci\xdbB.w\xed\x3c\xd5\x2c\xe5.3\xe3\x8cS\x19i\x5c3\xf6\x12\xb1\x5c\xe5X\xd4</data></write>
    <read><length>5</length><match><data>\x18\x18\x18\x9d\x16</data></match></read>
    <read><delim>\xd4</delim><match><data>\xde\xe2\x9f\x16</data></match></read>
    <write><data>\xed\xd4</data></write>
    <read><delim>\xd4</delim><match><data>\xde\xe2\x9f\x16</data></match></read>
    <write><data>\xa9\xd4\xe5\xaa\xee\x7f\x2c\xf6\x5cw\x24\x81.\xcauR\x5f\x5c\x90\x8eE\x8e\x3c\x24\x19\xdb\xab\x1b\xca\x2c\xd4</data></write>
    <read><length>5</length><match><data>\x18\x18\x18\x9d\x16</data></match></read>
    <read><delim>\xd4</delim><match><data>\xde\xe2\x9f\x16</data></match></read>
    <write><data>\xed\xd4</data></write>
    <read><delim>\xd4</delim><match><data>\xde\xe2\x9f\x16</data></match></read>
    <write><data>\xed\xd4</data></write>
    <read><delim>\xd4</delim><match><data>\xde\xe2\x9f\x16</data></match></read>
    <write><data>\xa9\xd4\xd8\x82\xea\xd5I3\x81\xa9\xe5\x5fU\xdb\x3c\x90Bi\xedU\x3b\x9b\xf6\xcau\xd8\x0fi\xf7\xb3\xf7\x0f\x24\xb1\xea\x24\xd5\x90\xaa.uu3\x12UB\x1b\xedi\x82\x89\xaa\xf6\xeaI\xe5\x82w\x3b\x5f\xeeX\xd8\xee\xf6Xu\x5f\x24\x7f\xa9i\xab\xd6\xfcUS\x7f\x1bE\xf6\x3b\xea\x5fu\xa1\x8c\xd6\xd8\xee\xfcR\xed\xd6SB\x89\xd8\xd5\xfc\x19I\x3bi\xf7\xf7\x2c\x81.Ru\x24n\xd5\x9b\xe3U\xd4</data></write>
    <read><length>5</length><match><data>\x18\x18\x18\x9d\x16</data></match></read>
    <read><delim>\xd4</delim><match><data>\xde\xe2\x9f\x16</data></match></read>
    <write><data>\xed\xd4</data></write>
    <read><delim>\xd4</delim><match><data>\xde\xe2\x9f\x16</data></match></read>
    <write><data>\x0f\xd4</data></write>
    <read><length>4</length><match><data>\xf5\xcb\xcb\xcb</data></match></read>
    <read><length>4</length><match><pcre>.*</pcre></match></read>
    <read><length>24</length><match><data>u\x5d\x2c\x89\x8f\xca\xd6\xca.u\x9b\xa1\x1b\xed\x3b.\xe5\xd5R\xfc\xabX\x24E</data></match></read>
    <read><length>8</length><match><pcre>.*</pcre></match></read>
    <read><length>103</length><match><data>\xee\x9b\xb3\xca\x5cE\x82\xd6X\xab\x813\xd6\xa9\x0f\xe3\x82\xe3\xdb\xab\x82E\xd6\xab\xd8\x89\x90\xe5R\xe5\x12\x8c\xb3\xee\x7f\xab\xf6\x24\xed\x8e\x5f\xb3n\xa9\x90n\xd5\x1b\x0fB\x81\xee3u3\xe5I\xee\x2c\xa9\xe3\xfc\xa9\x8c\xeewu\xea\xf6i3n\xe3\xeeS\xa1\x90\x3c\x0f\x90\x8e\x5ci\x0fi\xfc\xb1\x0fuR\x8c\x82I\xca\x82\xaaU\xd6\x24\xd8\x81\xfc\xe3</data></match></read>
    <read><length>37</length><match><pcre>.*</pcre></match></read>
    <read><length>4</length><match><pcre>.*</pcre></match></read>
    <read><length>24</length><match><data>u\x5d\x2c\x89\x8f\xca\xd6\xca.u\x9b\xa1\x1b\xed\x3b.\xe5\xd5R\xfc\xabX\x24E</data></match></read>
    <read><length>8</length><match><pcre>.*</pcre></match></read>
    <read><length>120</length><match><data>\xf6\x19\xe3In\xed\xedn\xa9\x5d\xf6\xa9\xab\xd5U\x1b\xee\xe3\x5c\xdb\x7f\xd8\xdbn\xab\xd5\x82u\xee3\x5d\x8f\xabSw\x3c\x8e\xdb\x8c\x243\xd6\x7f\xaa\x9b\x3c\x9b\x3b\x81\x5f\xa1n\x5c\x1b\x90\x7f\xcaS\xb1\x81\xe5\x8cuI\xb1\x7f\xe3..S\xb1B\x5d\xe3\x5f\x12\x82\x8c\xb3\xab\xed\x0f\x2c\xa1.\x5f\xdb\xa9\xa1\x8c\x0fR\xe3\x89\xaa\xe3\x8e\xaai\xe3\x3c\xdb\x24\xeeI\x82i\xca\x8f\x12\x8f\xedB\x9b\x0f\x3b\xdb\xabi\x89</data></match></read>
    <read><length>20</length><match><pcre>.*</pcre></match></read>
    <read><length>4</length><match><pcre>.*</pcre></match></read>
    <read><length>24</length><match><data>u\x5d\x2c\x89\x8f\xca\xd6\xca.u\x9b\xa1\x1b\xed\x3b.\xe5\xd5R\xfc\xabX\x24E</data></match></read>
    <read><length>8</length><match><pcre>.*</pcre></match></read>
    <read><length>89</length><match><data>\xfc\x3bS\x90XIi\xd8\xfc\x5f\x2c\x1b\xb3\x90\xca\x12\xd5\x8e\xab\x8c\x82\xfc\xf7\x0f\xf6\x12\xa9R\x12\x19.\xaa\x82\xf6uuS\x3c\xfcI\xf6\x5f.\xd5\x5c\xe3\x8e\xe5\x8f\x81\xaa\x19\xd8\x81\xe5Iu\x1b\xa1X.\xe5\x8c\x2ci\xdbB.w\xed\x3c\xd5\x2c\xe5.3\xe3\x8cS\x19i\x5c3\xf6\x12\xb1\x5c\xe5X</data></match></read>
    <read><length>51</length><match><pcre>.*</pcre></match></read>
    <read><length>4</length><match><pcre>.*</pcre></match></read>
    <read><length>24</length><match><data>u\x5d\x2c\x89\x8f\xca\xd6\xca.u\x9b\xa1\x1b\xed\x3b.\xe5\xd5R\xfc\xabX\x24E</data></match></read>
    <read><length>8</length><match><pcre>.*</pcre></match></read>
    <read><length>28</length><match><data>\xe5\xaa\xee\x7f\x2c\xf6\x5cw\x24\x81.\xcauR\x5f\x5c\x90\x8eE\x8e\x3c\x24\x19\xdb\xab\x1b\xca\x2c</data></match></read>
    <read><length>112</length><match><pcre>.*</pcre></match></read>
    <read><length>4</length><match><pcre>.*</pcre></match></read>
    <read><length>24</length><match><data>u\x5d\x2c\x89\x8f\xca\xd6\xca.u\x9b\xa1\x1b\xed\x3b.\xe5\xd5R\xfc\xabX\x24E</data></match></read>
    <read><length>8</length><match><pcre>.*</pcre></match></read>
    <read><length>115</length><match><data>\xd8\x82\xea\xd5I3\x81\xa9\xe5\x5fU\xdb\x3c\x90Bi\xedU\x3b\x9b\xf6\xcau\xd8\x0fi\xf7\xb3\xf7\x0f\x24\xb1\xea\x24\xd5\x90\xaa.uu3\x12UB\x1b\xedi\x82\x89\xaa\xf6\xeaI\xe5\x82w\x3b\x5f\xeeX\xd8\xee\xf6Xu\x5f\x24\x7f\xa9i\xab\xd6\xfcUS\x7f\x1bE\xf6\x3b\xea\x5fu\xa1\x8c\xd6\xd8\xee\xfcR\xed\xd6SB\x89\xd8\xd5\xfc\x19I\x3bi\xf7\xf7\x2c\x81.Ru\x24n\xd5\x9b\xe3U</data></match></read>
    <read><length>25</length><match><pcre>.*</pcre></match></read>
    <read><delim>\xd4</delim><match><data>\xde\xe2\x9f\x16</data></match></read>
    <write><data>\xa9\xd4\xe5\x8c\x1b\x12u.Ri\x89I\xd8\x5f\xf6X\xab\x8e\xab\xedX\x7f\x81\x1b\xfc\xea\x7f\xa1\x3c\x8cU\x5cu\xd4</data></write>
    <read><length>5</length><match><data>\x18\x18\x18\x9d\x16</data></match></read>
    <read><delim>\xd4</delim><match><data>\xde\xe2\x9f\x16</data></match></read>
    <write><data>\xa9\xd4\x12\xca\xfc\xf7\xb3\x3b\x12SBUU\xd4</data></write>
    <read><length>5</length><match><data>\x18\x18\x18\x9d\x16</data></match></read>
    <read><delim>\xd4</delim><match><data>\xde\xe2\x9f\x16</data></match></read>
    <write><data>\xa9\xd4\xf7\x5c\x8c\x24\x3bU\xdb\xd5\xa1\xed\xd4</data></write>
    <read><length>5</length><match><data>\x18\x18\x18\x9d\x16</data></match></read>
    <read><delim>\xd4</delim><match><data>\xde\xe2\x9f\x16</data></match></read>
    <write><data>\x0f\xd4</data></write>
    <read><length>4</length><match><data>l\xcb\xcb\xcb</data></match></read>
    <read><length>4</length><match><pcre>.*</pcre></match></read>
    <read><length>24</length><match><data>u\x5d\x2c\x89\x8f\xca\xd6\xca.u\x9b\xa1\x1b\xed\x3b.\xe5\xd5R\xfc\xabX\x24E</data></match></read>
    <read><length>8</length><match><pcre>.*</pcre></match></read>
    <read><length>31</length><match><data>\xe5\x8c\x1b\x12u.Ri\x89I\xd8\x5f\xf6X\xab\x8e\xab\xedX\x7f\x81\x1b\xfc\xea\x7f\xa1\x3c\x8cU\x5cu</data></match></read>
    <read><length>109</length><match><pcre>.*</pcre></match></read>
    <read><length>4</length><match><pcre>.*</pcre></match></read>
    <read><length>24</length><match><data>u\x5d\x2c\x89\x8f\xca\xd6\xca.u\x9b\xa1\x1b\xed\x3b.\xe5\xd5R\xfc\xabX\x24E</data></match></read>
    <read><length>8</length><match><pcre>.*</pcre></match></read>
    <read><length>11</length><match><data>\x12\xca\xfc\xf7\xb3\x3b\x12SBUU</data></match></read>
    <read><length>129</length><match><pcre>.*</pcre></match></read>
    <read><length>4</length><match><pcre>.*</pcre></match></read>
    <read><length>24</length><match><data>u\x5d\x2c\x89\x8f\xca\xd6\xca.u\x9b\xa1\x1b\xed\x3b.\xe5\xd5R\xfc\xabX\x24E</data></match></read>
    <read><length>8</length><match><pcre>.*</pcre></match></read>
    <read><length>10</length><match><data>\xf7\x5c\x8c\x24\x3bU\xdb\xd5\xa1\xed</data></match></read>
    <read><length>130</length><match><pcre>.*</pcre></match></read>
    <read><delim>\xd4</delim><match><data>\xde\xe2\x9f\x16</data></match></read>
    <write><data>\x0f\xd4</data></write>
    <read><length>4</length><match><data>\xcb\xcb\xcb\xcb</data></match></read>
    <read><delim>\xd4</delim><match><data>\xde\xe2\x9f\x16</data></match></read>
    <write><data>\xed\xd4</data></write>
    <read><delim>\xd4</delim><match><data>\xde\xe2\x9f\x16</data></match></read>
    <write><data>\xa9\xd4U\x1b\x5c\xcai.\x12\x3c\xab\x3c\xa9\xed\xab\xab\x12\x24w\xf6R\x0f\x5c\xee\xean\x81\xe3\x9bn\xeaS\x19U3R\xd8\x0f\x8e\xb3.\x9bn\xca\xed\x81\xab\xa9\xe3\xdb\xeenX\x8e\xd6\x0fi\xee\x0f\x3b\xdbU\xe5\x2c\xca\x8f\x8c\x3c\xdbwu\xa9\xf7\xa1\x8c\x81\x0fU\xe3\xaa\xed\x8cX3\xca\xb1\xabiRw\x90\x82\xd4</data></write>
    <read><length>5</length><match><data>\x18\x18\x18\x9d\x16</data></match></read>
    <read><delim>\xd4</delim><match><data>\xde\xe2\x9f\x16</data></match></read>
    <write><data>\xed\xd4</data></write>
    <read><delim>\xd4</delim><match><data>\xde\xe2\x9f\x16</data></match></read>
    <write><data>\xed\xd4</data></write>
    <read><delim>\xd4</delim><match><data>\xde\xe2\x9f\x16</data></match></read>
    <write><data>\x0f\xd4</data></write>
    <read><length>4</length><match><data>\x7c\xcb\xcb\xcb</data></match></read>
    <read><length>4</length><match><pcre>.*</pcre></match></read>
    <read><length>24</length><match><data>u\x5d\x2c\x89\x8f\xca\xd6\xca.u\x9b\xa1\x1b\xed\x3b.\xe5\xd5R\xfc\xabX\x24E</data></match></read>
    <read><length>8</length><match><pcre>.*</pcre></match></read>
    <read><length>90</length><match><data>U\x1b\x5c\xcai.\x12\x3c\xab\x3c\xa9\xed\xab\xab\x12\x24w\xf6R\x0f\x5c\xee\xean\x81\xe3\x9bn\xeaS\x19U3R\xd8\x0f\x8e\xb3.\x9bn\xca\xed\x81\xab\xa9\xe3\xdb\xeenX\x8e\xd6\x0fi\xee\x0f\x3b\xdbU\xe5\x2c\xca\x8f\x8c\x3c\xdbwu\xa9\xf7\xa1\x8c\x81\x0fU\xe3\xaa\xed\x8cX3\xca\xb1\xabiRw\x90\x82</data></match></read>
    <read><length>50</length><match><pcre>.*</pcre></match></read>
    <read><delim>\xd4</delim><match><data>\xde\xe2\x9f\x16</data></match></read>
    <write><data>\xa9\xd4U\xf6\xe3\x5fB\xf6\xb1w\xed\x8f\x5cB\xdb\xab\x12E\xeaR\x5f\xeaI\x5c\x12\xca\x5d\x5d\xaaS\xa1\x1b3\xea\xed\xee\x12\xd6\x3c\xf7XE\x7f\xee\x7f\xa1\x5d\x8c\x9b\x8e\xb3\x89\xea\x90\x5fw\xdb\x7f3\xfc\xd6\x5c\x82n\x81\xe5\x8fX\xf7\xa1\xdb\xb3\x3bI\xed\xfc\xd4</data></write>
    <read><length>5</length><match><data>\x18\x18\x18\x9d\x16</data></match></read>
    <read><delim>\xd4</delim><match><data>\xde\xe2\x9f\x16</data></match></read>
    <write><data>\xed\xd4</data></write>
    <read><delim>\xd4</delim><match><data>\xde\xe2\x9f\x16</data></match></read>
    <write><data>\xed\xd4</data></write>
    <read><delim>\xd4</delim><match><data>\xde\xe2\x9f\x16</data></match></read>
    <write><data>\x0f\xd4</data></write>
    <read><length>4</length><match><data>\x7c\xcb\xcb\xcb</data></match></read>
    <read><length>4</length><match><pcre>.*</pcre></match></read>
    <read><length>24</length><match><data>u\x5d\x2c\x89\x8f\xca\xd6\xca.u\x9b\xa1\x1b\xed\x3b.\xe5\xd5R\xfc\xabX\x24E</data></match></read>
    <read><length>8</length><match><pcre>.*</pcre></match></read>
    <read><length>74</length><match><data>U\xf6\xe3\x5fB\xf6\xb1w\xed\x8f\x5cB\xdb\xab\x12E\xeaR\x5f\xeaI\x5c\x12\xca\x5d\x5d\xaaS\xa1\x1b3\xea\xed\xee\x12\xd6\x3c\xf7XE\x7f\xee\x7f\xa1\x5d\x8c\x9b\x8e\xb3\x89\xea\x90\x5fw\xdb\x7f3\xfc\xd6\x5c\x82n\x81\xe5\x8fX\xf7\xa1\xdb\xb3\x3bI\xed\xfc</data></match></read>
    <read><length>66</length><match><pcre>.*</pcre></match></read>
    <read><delim>\xd4</delim><match><data>\xde\xe2\x9f\x16</data></match></read>
    <write><data>\xed\xd4</data></write>
    <read><delim>\xd4</delim><match><data>\xde\xe2\x9f\x16</data></match></read>
    <write><data>\xed\xd4</data></write>
    <read><delim>\xd4</delim><match><data>\xde\xe2\x9f\x16</data></match></read>
    <write><data>\x0f\xd4</data></write>
    <read><length>4</length><match><data>\xcb\xcb\xcb\xcb</data></match></read>
    <read><delim>\xd4</delim><match><data>\xde\xe2\x9f\x16</data></match></read>
    <write><data>\xed\xd4</data></write>
    <read><delim>\xd4</delim><match><data>\xde\xe2\x9f\x16</data></match></read>
    <write><data>\xa9\xd4\x12\xed\xf6w\xf7n\x24\x8f\xaa\xb3\x5f\xb3\x9b\xa9\xa9\xab\x19B\xa9\x5c\xed\x9b\xe5\x5c\xa1i\x8f\x7f\x9b\x90\x9b\x9b\xd8X\x2c\xa9\xca\x8f\x1b\xca\xd8u\xee\x12RwSn\xe5\xaa\xdb\x8cR\xab\xb1\xa9\xaa\xb3\x5f\x81\x7f\xaa\xe3\xeeu\x9b\xa9E\xaa\x8c\x5f3U\x1b\xab\xb1\xd4</data></write>
    <read><length>5</length><match><data>\x18\x18\x18\x9d\x16</data></match></read>
    <read><delim>\xd4</delim><match><data>\xde\xe2\x9f\x16</data></match></read>
    <write><data>\x0f\xd4</data></write>
    <read><length>4</length><match><data>\x7c\xcb\xcb\xcb</data></match></read>
    <read><length>4</length><match><pcre>.*</pcre></match></read>
    <read><length>24</length><match><data>u\x5d\x2c\x89\x8f\xca\xd6\xca.u\x9b\xa1\x1b\xed\x3b.\xe5\xd5R\xfc\xabX\x24E</data></match></read>
    <read><length>8</length><match><pcre>.*</pcre></match></read>
    <read><length>76</length><match><data>\x12\xed\xf6w\xf7n\x24\x8f\xaa\xb3\x5f\xb3\x9b\xa9\xa9\xab\x19B\xa9\x5c\xed\x9b\xe5\x5c\xa1i\x8f\x7f\x9b\x90\x9b\x9b\xd8X\x2c\xa9\xca\x8f\x1b\xca\xd8u\xee\x12RwSn\xe5\xaa\xdb\x8cR\xab\xb1\xa9\xaa\xb3\x5f\x81\x7f\xaa\xe3\xeeu\x9b\xa9E\xaa\x8c\x5f3U\x1b\xab\xb1</data></match></read>
    <read><length>64</length><match><pcre>.*</pcre></match></read>
    <read><delim>\xd4</delim><match><data>\xde\xe2\x9f\x16</data></match></read>
    <write><data>\x0f\xd4</data></write>
    <read><length>4</length><match><data>\xcb\xcb\xcb\xcb</data></match></read>
    <read><delim>\xd4</delim><match><data>\xde\xe2\x9f\x16</data></match></read>
    <write><data>\xed\xd4</data></write>
    <read><delim>\xd4</delim><match><data>\xde\xe2\x9f\x16</data></match></read>
    <write><data>\xed\xd4</data></write>
    <read><delim>\xd4</delim><match><data>\xde\xe2\x9f\x16</data></match></read>
    <write><data>\x0f\xd4</data></write>
    <read><length>4</length><match><data>\xcb\xcb\xcb\xcb</data></match></read>
    <read><delim>\xd4</delim><match><data>\xde\xe2\x9f\x16</data></match></read>
    <write><data>\xed\xd4</data></write>
    <read><delim>\xd4</delim><match><data>\xde\xe2\x9f\x16</data></match></read>
    <write><data>\xed\xd4</data></write>
    <read><delim>\xd4</delim><match><data>\xde\xe2\x9f\x16</data></match></read>
    <write><data>\xed\xd4</data></write>
    <read><delim>\xd4</delim><match><data>\xde\xe2\x9f\x16</data></match></read>
    <write><data>\xed\xd4</data></write>
    <read><delim>\xd4</delim><match><data>\xde\xe2\x9f\x16</data></match></read>
    <write><data>\xa9\xd4I\x8f\x3c\x5f\x90\xca\x1b\xee\x9b\xa1\x9b\xe5R\x82\x8f3\x1b\x0f\x5f\xab\x9b\xb3\xca\xb1\xf7\x8e\xd6\x24\x12\xf7\xd6\x2c\x12\xedI\x8f\x8c\xa1\xa9\x8f\x8f\x8cn\x19\xdb\xab\xed\xee\xca\x5f\x5dE\xd4</data></write>
    <read><length>5</length><match><data>\x18\x18\x18\x9d\x16</data></match></read>
    <read><delim>\xd4</delim><match><data>\xde\xe2\x9f\x16</data></match></read>
    <write><data>\x0f\xd4</data></write>
    <read><length>4</length><match><data>\x7c\xcb\xcb\xcb</data></match></read>
    <read><length>4</length><match><pcre>.*</pcre></match></read>
    <read><length>24</length><match><data>u\x5d\x2c\x89\x8f\xca\xd6\xca.u\x9b\xa1\x1b\xed\x3b.\xe5\xd5R\xfc\xabX\x24E</data></match></read>
    <read><length>8</length><match><pcre>.*</pcre></match></read>
    <read><length>52</length><match><data>I\x8f\x3c\x5f\x90\xca\x1b\xee\x9b\xa1\x9b\xe5R\x82\x8f3\x1b\x0f\x5f\xab\x9b\xb3\xca\xb1\xf7\x8e\xd6\x24\x12\xf7\xd6\x2c\x12\xedI\x8f\x8c\xa1\xa9\x8f\x8f\x8cn\x19\xdb\xab\xed\xee\xca\x5f\x5dE</data></match></read>
    <read><length>88</length><match><pcre>.*</pcre></match></read>
    <read><delim>\xd4</delim><match><data>\xde\xe2\x9f\x16</data></match></read>
    <write><data>\xa9\xd4\x12\x82\x5cw\x5f\xf6.\xca3\xd5\xe3\x2c\x0f3\xabBu\x8e\x7f\x1b\x7fI\xfc\xa1.I\x8ei\xd4</data></write>
    <read><length>5</length><match><data>\x18\x18\x18\x9d\x16</data></match></read>
    <read><delim>\xd4</delim><match><data>\xde\xe2\x9f\x16</data></match></read>
    <write><data>\x0f\xd4</data></write>
    <read><length>4</length><match><data>\x7c\xcb\xcb\xcb</data></match></read>
    <read><length>4</length><match><pcre>.*</pcre></match></read>
    <read><length>24</length><match><data>u\x5d\x2c\x89\x8f\xca\xd6\xca.u\x9b\xa1\x1b\xed\x3b.\xe5\xd5R\xfc\xabX\x24E</data></match></read>
    <read><length>8</length><match><pcre>.*</pcre></match></read>
    <read><length>28</length><match><data>\x12\x82\x5cw\x5f\xf6.\xca3\xd5\xe3\x2c\x0f3\xabBu\x8e\x7f\x1b\x7fI\xfc\xa1.I\x8ei</data></match></read>
    <read><length>112</length><match><pcre>.*</pcre></match></read>
    <read><delim>\xd4</delim><match><data>\xde\xe2\x9f\x16</data></match></read>
    <write><data>\xa9\xd4\xdb3\x1bR3\xee\xb3\xa9w\xe3\x5d\x81\x3b\x1bBBEBn\x3b\xaa\xf7\x9bI\x7fi\x19Sn\xdb\xa1\x81\x89\x89\xf7\xaan\x5d\xe5.R\x1b\xe3\x81u\xaa3\x8fB\x7f\xca\xa9i\xed\xa9\xb1\x90\x3bU\x5c3S\xf6X\xdb\x5d\x0f\x81\x9b\xd4</data></write>
    <read><length>5</length><match><data>\x18\x18\x18\x9d\x16</data></match></read>
    <read><delim>\xd4</delim><match><data>\xde\xe2\x9f\x16</data></match></read>
    <write><data>\xa9\xd4\x89\xe5\x81n\xed\x19\xedX\x8e\xfc\xd4</data></write>
    <read><length>5</length><match><data>\x18\x18\x18\x9d\x16</data></match></read>
    <read><delim>\xd4</delim><match><data>\xde\xe2\x9f\x16</data></match></read>
    <write><data>\x0f\xd4</data></write>
    <read><length>4</length><match><data>\xd2\xcb\xcb\xcb</data></match></read>
    <read><length>4</length><match><pcre>.*</pcre></match></read>
    <read><length>24</length><match><data>u\x5d\x2c\x89\x8f\xca\xd6\xca.u\x9b\xa1\x1b\xed\x3b.\xe5\xd5R\xfc\xabX\x24E</data></match></read>
    <read><length>8</length><match><pcre>.*</pcre></match></read>
    <read><length>69</length><match><data>\xdb3\x1bR3\xee\xb3\xa9w\xe3\x5d\x81\x3b\x1bBBEBn\x3b\xaa\xf7\x9bI\x7fi\x19Sn\xdb\xa1\x81\x89\x89\xf7\xaan\x5d\xe5.R\x1b\xe3\x81u\xaa3\x8fB\x7f\xca\xa9i\xed\xa9\xb1\x90\x3bU\x5c3S\xf6X\xdb\x5d\x0f\x81\x9b</data></match></read>
    <read><length>71</length><match><pcre>.*</pcre></match></read>
    <read><length>4</length><match><pcre>.*</pcre></match></read>
    <read><length>24</length><match><data>u\x5d\x2c\x89\x8f\xca\xd6\xca.u\x9b\xa1\x1b\xed\x3b.\xe5\xd5R\xfc\xabX\x24E</data></match></read>
    <read><length>8</length><match><pcre>.*</pcre></match></read>
    <read><length>10</length><match><data>\x89\xe5\x81n\xed\x19\xedX\x8e\xfc</data></match></read>
    <read><length>130</length><match><pcre>.*</pcre></match></read>
    <read><delim>\xd4</delim><match><data>\xde\xe2\x9f\x16</data></match></read>
    <write><data>\xa9\xd4\xea\xd5\xd8R\x2c3\xd8XR\xf6\x82\xe3I.X\x8e\x89\x3cS\x12\x5f\x5d\xee\x3buE3\x1b.\x5fI\x0fn\xd4</data></write>
    <read><length>5</length><match><data>\x18\x18\x18\x9d\x16</data></match></read>
    <read><delim>\xd4</delim><match><data>\xde\xe2\x9f\x16</data></match></read>
    <write><data>\xa9\xd4\xfcw\x8f\xca\x81\x9bw\xab\xe3I\xe3\xb1S\xdb\x5f\xb3\xd5\xe3\xb3\x5c\x5f3uSU\xfc\x8eURR\xd4</data></write>
    <read><length>5</length><match><data>\x18\x18\x18\x9d\x16</data></match></read>
    <read><delim>\xd4</delim><match><data>\xde\xe2\x9f\x16</data></match></read>
    <write><data>\xa9\xd4\xb3\xa9Rn\xb1\x2c\x81\x2c\xfc\xdb\x8f\xab\x8e\x1bS\x8f\x89\x3b\xf6\x8c\x7f\xe5\x8fS\x7f\xfc\xab\xab\x5f\xfc\x3bU\xe5X\x0fi\xed\xeen\x81B\x3b\xb1\xd8\x82\x1b\xca\xa1U\x81\x2c\xf7SR\xdb\x7fS\x3b\x3b\x5d\x9b\x19.\x5c\xe5\x1b\xb3\x5c\xe3\x0f\xcaR\x5ciU\x8c\xb1\xdbX\xb3\x90S\x8f\x2c\xd4</data></write>
    <read><length>5</length><match><data>\x18\x18\x18\x9d\x16</data></match></read>
    <read><delim>\xd4</delim><match><data>\xde\xe2\x9f\x16</data></match></read>
    <write><data>\x0f\xd4</data></write>
    <read><length>4</length><match><data>l\xcb\xcb\xcb</data></match></read>
    <read><length>4</length><match><pcre>.*</pcre></match></read>
    <read><length>24</length><match><data>u\x5d\x2c\x89\x8f\xca\xd6\xca.u\x9b\xa1\x1b\xed\x3b.\xe5\xd5R\xfc\xabX\x24E</data></match></read>
    <read><length>8</length><match><pcre>.*</pcre></match></read>
    <read><length>33</length><match><data>\xea\xd5\xd8R\x2c3\xd8XR\xf6\x82\xe3I.X\x8e\x89\x3cS\x12\x5f\x5d\xee\x3buE3\x1b.\x5fI\x0fn</data></match></read>
    <read><length>107</length><match><pcre>.*</pcre></match></read>
    <read><length>4</length><match><pcre>.*</pcre></match></read>
    <read><length>24</length><match><data>u\x5d\x2c\x89\x8f\xca\xd6\xca.u\x9b\xa1\x1b\xed\x3b.\xe5\xd5R\xfc\xabX\x24E</data></match></read>
    <read><length>8</length><match><pcre>.*</pcre></match></read>
    <read><length>30</length><match><data>\xfcw\x8f\xca\x81\x9bw\xab\xe3I\xe3\xb1S\xdb\x5f\xb3\xd5\xe3\xb3\x5c\x5f3uSU\xfc\x8eURR</data></match></read>
    <read><length>110</length><match><pcre>.*</pcre></match></read>
    <read><length>4</length><match><pcre>.*</pcre></match></read>
    <read><length>24</length><match><data>u\x5d\x2c\x89\x8f\xca\xd6\xca.u\x9b\xa1\x1b\xed\x3b.\xe5\xd5R\xfc\xabX\x24E</data></match></read>
    <read><length>8</length><match><pcre>.*</pcre></match></read>
    <read><length>84</length><match><data>\xb3\xa9Rn\xb1\x2c\x81\x2c\xfc\xdb\x8f\xab\x8e\x1bS\x8f\x89\x3b\xf6\x8c\x7f\xe5\x8fS\x7f\xfc\xab\xab\x5f\xfc\x3bU\xe5X\x0fi\xed\xeen\x81B\x3b\xb1\xd8\x82\x1b\xca\xa1U\x81\x2c\xf7SR\xdb\x7fS\x3b\x3b\x5d\x9b\x19.\x5c\xe5\x1b\xb3\x5c\xe3\x0f\xcaR\x5ciU\x8c\xb1\xdbX\xb3\x90S\x8f\x2c</data></match></read>
    <read><length>56</length><match><pcre>.*</pcre></match></read>
    <read><delim>\xd4</delim><match><data>\xde\xe2\x9f\x16</data></match></read>
    <write><data>\xa9\xd4\xaaw\x9bX\x89\x0f\xd6\xa9\x7f\xaa3\x7f\x82\xeen\x81\x3b\x19\x5fU\xd5\xe5\xfc\x89\x5fRR\x3cB\xd6\xf6\x19\xb3S\xaau\x8eB\x2c\xa9\x81\xca\x9b\xee\xb33\xed.E\xe5\x12\x90R\xb1\xe3\xab\xb3\xd6\x8cI\xd8\x89\xa1E\xa9\xd6u\xb1\x0fi\xa9\xdb\x2c\x3c\xca\x82\x3c\xd4</data></write>
    <read><length>5</length><match><data>\x18\x18\x18\x9d\x16</data></match></read>
    <read><delim>\xd4</delim><match><data>\xde\xe2\x9f\x16</data></match></read>
    <write><data>\x0f\xd4</data></write>
    <read><length>4</length><match><data>\x7c\xcb\xcb\xcb</data></match></read>
    <read><length>4</length><match><pcre>.*</pcre></match></read>
    <read><length>24</length><match><data>u\x5d\x2c\x89\x8f\xca\xd6\xca.u\x9b\xa1\x1b\xed\x3b.\xe5\xd5R\xfc\xabX\x24E</data></match></read>
    <read><length>8</length><match><pcre>.*</pcre></match></read>
    <read><length>77</length><match><data>\xaaw\x9bX\x89\x0f\xd6\xa9\x7f\xaa3\x7f\x82\xeen\x81\x3b\x19\x5fU\xd5\xe5\xfc\x89\x5fRR\x3cB\xd6\xf6\x19\xb3S\xaau\x8eB\x2c\xa9\x81\xca\x9b\xee\xb33\xed.E\xe5\x12\x90R\xb1\xe3\xab\xb3\xd6\x8cI\xd8\x89\xa1E\xa9\xd6u\xb1\x0fi\xa9\xdb\x2c\x3c\xca\x82\x3c</data></match></read>
    <read><length>63</length><match><pcre>.*</pcre></match></read>
    <read><delim>\xd4</delim><match><data>\xde\xe2\x9f\x16</data></match></read>
    <write><data>\xa9\xd4U\xe3\x1bS\x89X\x19\xf6\x3c3\xd8U\x24\xe3.\xd8\xa1U\x81X\xd6I\x0fX\xa1\x5f\xa9\x2c\x5c\x9bUu\xf7R\xf6w\x5c\x9b\x82\xe3\x81\xed\xea\x12\xe53\xd6\x5c\x19\x5c\x5c\x24w\x8fw\xdb\xe3\xfc\xe5\xe3\x5di\x12U\x81\x24\xa1\x81\x8fUI\xb1\x24B\xf6\xb3\xab\x3c\xd5\x8e\x8e\x9b\xd4</data></write>
    <read><length>5</length><match><data>\x18\x18\x18\x9d\x16</data></match></read>
    <read><delim>\xd4</delim><match><data>\xde\xe2\x9f\x16</data></match></read>
    <write><data>\xa9\xd4\xa1\xf7\x0f\x90X\x81\x24\x90\xe5\xed\x5f\xb3\x7fwI\x3c\x5dUw\xdbu\xa9n\xe5B\xf6\x5c\x5cuB\x19\x5fB\x1b\x5f\x89w3w\x24\x8e\x5c\x12\xca\x12\x82\x24\xdb\x90\xea\x19\xf7nI\x89\x81.u\xee\xe3\x7f\xab\xcaE\x2c\xd4</data></write>
    <read><length>5</length><match><data>\x18\x18\x18\x9d\x16</data></match></read>
    <read><delim>\xd4</delim><match><data>\xde\xe2\x9f\x16</data></match></read>
    <write><data>\x0f\xd4</data></write>
    <read><length>4</length><match><data>\xd2\xcb\xcb\xcb</data></match></read>
    <read><length>4</length><match><pcre>.*</pcre></match></read>
    <read><length>24</length><match><data>u\x5d\x2c\x89\x8f\xca\xd6\xca.u\x9b\xa1\x1b\xed\x3b.\xe5\xd5R\xfc\xabX\x24E</data></match></read>
    <read><length>8</length><match><pcre>.*</pcre></match></read>
    <read><length>82</length><match><data>U\xe3\x1bS\x89X\x19\xf6\x3c3\xd8U\x24\xe3.\xd8\xa1U\x81X\xd6I\x0fX\xa1\x5f\xa9\x2c\x5c\x9bUu\xf7R\xf6w\x5c\x9b\x82\xe3\x81\xed\xea\x12\xe53\xd6\x5c\x19\x5c\x5c\x24w\x8fw\xdb\xe3\xfc\xe5\xe3\x5di\x12U\x81\x24\xa1\x81\x8fUI\xb1\x24B\xf6\xb3\xab\x3c\xd5\x8e\x8e\x9b</data></match></read>
    <read><length>58</length><match><pcre>.*</pcre></match></read>
    <read><length>4</length><match><pcre>.*</pcre></match></read>
    <read><length>24</length><match><data>u\x5d\x2c\x89\x8f\xca\xd6\xca.u\x9b\xa1\x1b\xed\x3b.\xe5\xd5R\xfc\xabX\x24E</data></match></read>
    <read><length>8</length><match><pcre>.*</pcre></match></read>
    <read><length>65</length><match><data>\xa1\xf7\x0f\x90X\x81\x24\x90\xe5\xed\x5f\xb3\x7fwI\x3c\x5dUw\xdbu\xa9n\xe5B\xf6\x5c\x5cuB\x19\x5fB\x1b\x5f\x89w3w\x24\x8e\x5c\x12\xca\x12\x82\x24\xdb\x90\xea\x19\xf7nI\x89\x81.u\xee\xe3\x7f\xab\xcaE\x2c</data></match></read>
    <read><length>75</length><match><pcre>.*</pcre></match></read>
    <write><data>\xd5\xd4</data></write>
</replay>
</pov>