<?xml version="1.0" standalone="no" ?>
<!DOCTYPE pov SYSTEM "/usr/share/cgc-docs/replay.dtd">
<pov>
<cbid>service</cbid>
<seed>60aa1ba1ff4f497ae1fe4669dfabf2776bf0fcb8a2aa4e5c6c70b7ce2372c0911c808ecfc08c5d41d7d6bdfd520eb88b</seed>
<replay>
    <read><length>4</length><match><data>\x2d1\xb8F</data></match></read>
    <write><data>\x90\x5f\x82\xa1\xe3\xed\xb3\x1b\x8eUR\x3c\xf6\xd4</data></write>
    <read><delim>\xd4</delim><match><data>\x19\xd5ESU\xa1\xd5\x16\x2cU\x16\xa9E\x81\xa9\xa9\xd5\x0f\xd9\x16\x90\x5f\x82\xa1\xe3\xed\xb3\x1b\x8eUR\x3c\xf6</data></match></read>
    <read><delim>\xd4</delim><match><data>\xde\xe2\x9f\x16</data></match></read>
    <write><data>\xab\xd4\x90\x5f\x82\xa1\xe3\xed\xb3\x1b\x8eUR\x3c\xf6\xd4</data></write>
    <read><delim>\xd4</delim><match><data>\xde\xe2\x9f\x16</data></match></read>
    <write><data>\xa9\xd4\xfc\x12\x7f\x19\x12\xeen\xb3\x8f\xd8\x24\xfcS\xe3n\xd6\xe3\x81\xa1\x12\x5d\xfc\x7f\xaa\x19\xdb\x0f\x0f\x1bE\xd5\x8e\x82\x12I\x8fi.\xa1\x12\xb1w\x8c\x24\x9b\x8f\xe3B\x82\xaa\x8f\xed\x89R\x82\xdb\x89\x3c\x3c\xf7\x24\xd6\x19RB\x8e\xa9\x8c\x7f\x2c\xee\xdbI\x5d\xe3..\xa9SS\x8e\xca\x3b\x90\x19\xaan\xeaS\xdb\xab\xd5\x81\x8c\xfc\x7fU\xea\x5c\x90\xab\x7f\x81\xe3\x9b\x893\xabR\xed\xdb\xd4</data></write>
    <read><length>5</length><match><data>\x18\x18\x18\x9d\x16</data></match></read>
    <read><delim>\xd4</delim><match><data>\xde\xe2\x9f\x16</data></match></read>
    <write><data>\xed\xd4</data></write>
    <read><delim>\xd4</delim><match><data>\xde\xe2\x9f\x16</data></match></read>
    <write><data>\x0f\xd4</data></write>
    <read><length>4</length><match><data>\x7c\xcb\xcb\xcb</data></match></read>
    <read><length>4</length><match><pcre>.*</pcre></match></read>
    <read><length>13</length><match><data>\x90\x5f\x82\xa1\xe3\xed\xb3\x1b\x8eUR\x3c\xf6</data></match></read>
    <read><length>19</length><match><pcre>.*</pcre></match></read>
    <read><length>111</length><match><data>\xfc\x12\x7f\x19\x12\xeen\xb3\x8f\xd8\x24\xfcS\xe3n\xd6\xe3\x81\xa1\x12\x5d\xfc\x7f\xaa\x19\xdb\x0f\x0f\x1bE\xd5\x8e\x82\x12I\x8fi.\xa1\x12\xb1w\x8c\x24\x9b\x8f\xe3B\x82\xaa\x8f\xed\x89R\x82\xdb\x89\x3c\x3c\xf7\x24\xd6\x19RB\x8e\xa9\x8c\x7f\x2c\xee\xdbI\x5d\xe3..\xa9SS\x8e\xca\x3b\x90\x19\xaan\xeaS\xdb\xab\xd5\x81\x8c\xfc\x7fU\xea\x5c\x90\xab\x7f\x81\xe3\x9b\x893\xabR\xed\xdb</data></match></read>
    <read><length>29</length><match><pcre>.*</pcre></match></read>
    <read><delim>\xd4</delim><match><data>\xde\xe2\x9f\x16</data></match></read>
    <write><data>\xed\xd4</data></write>
    <read><delim>\xd4</delim><match><data>\xde\xe2\x9f\x16</data></match></read>
    <write><data>\xed\xd4</data></write>
    <read><delim>\xd4</delim><match><data>\xde\xe2\x9f\x16</data></match></read>
    <write><data>\xa9\xd4\xa1\x1b\xd5\xeew\xd8wnX\xabw\x3cS\x3b\xee\x89\xab\x3b\xd6\xb1\x5d\xd5.\xb3\xca\xf7\xee\xd5\x12\xedB3\x89\xd6\x89\x3b\xf7S\xb3\x5d\x3b\x24\xf7\xaawU\x1b\xd8n\x5f\xd6\x2c\x24\x3c\xca\x1bn\xdbUu\xb1\xed\xd4</data></write>
    <read><length>5</length><match><data>\x18\x18\x18\x9d\x16</data></match></read>
    <read><delim>\xd4</delim><match><data>\xde\xe2\x9f\x16</data></match></read>
    <write><data>\xa9\xd4\x5d\x24\x8e\xe5in\xe5\x24\x8ei\xaa\xb1\x24w\x7f\xee\x3b\xedU\x5d\xe5\xa1\xa1\xedn\xe5\x8e\x9b\x9b\xea\x24\x9b\x81\x2c\x8c\xfc\xe3\x0fB\x0f.\x8e\xea\xab\x5c.3X\x7fU\x89\x1bw\xb1\xd5\xd6\xb3\xb1\xab\x5d\x8f\x81\x5d\x7fw\xb1\x8e\xab\x8eB\xb1\x5d\xf7\x1b\xd4</data></write>
    <read><length>5</length><match><data>\x18\x18\x18\x9d\x16</data></match></read>
    <read><delim>\xd4</delim><match><data>\xde\xe2\x9f\x16</data></match></read>
    <write><data>\xa9\xd4S\x12\xedE\xcaX\xd6S\x5cI\x2c\xeeR\x90\xea\x2ci\xb1\x5f\xeau\xaa\xeai\x90\x7f.U\x9b\x5d\x81\x5f\xaa\x89R\xdbIXSR\x8cnR\x90\x89\x12\x81\x0f\x5dn\x8f\xd6\x81\xe3\x3bu\x8f\xd6\x90\x24\x5c\x81\xaa\x82\xdb\xe3\xd4</data></write>
    <read><length>5</length><match><data>\x18\x18\x18\x9d\x16</data></match></read>
    <read><delim>\xd4</delim><match><data>\xde\xe2\x9f\x16</data></match></read>
    <write><data>\x0f\xd4</data></write>
    <read><length>4</length><match><data>l\xcb\xcb\xcb</data></match></read>
    <read><length>4</length><match><pcre>.*</pcre></match></read>
    <read><length>13</length><match><data>\x90\x5f\x82\xa1\xe3\xed\xb3\x1b\x8eUR\x3c\xf6</data></match></read>
    <read><length>19</length><match><pcre>.*</pcre></match></read>
    <read><length>62</length><match><data>\xa1\x1b\xd5\xeew\xd8wnX\xabw\x3cS\x3b\xee\x89\xab\x3b\xd6\xb1\x5d\xd5.\xb3\xca\xf7\xee\xd5\x12\xedB3\x89\xd6\x89\x3b\xf7S\xb3\x5d\x3b\x24\xf7\xaawU\x1b\xd8n\x5f\xd6\x2c\x24\x3c\xca\x1bn\xdbUu\xb1\xed</data></match></read>
    <read><length>78</length><match><pcre>.*</pcre></match></read>
    <read><length>4</length><match><pcre>.*</pcre></match></read>
    <read><length>13</length><match><data>\x90\x5f\x82\xa1\xe3\xed\xb3\x1b\x8eUR\x3c\xf6</data></match></read>
    <read><length>19</length><match><pcre>.*</pcre></match></read>
    <read><length>74</length><match><data>\x5d\x24\x8e\xe5in\xe5\x24\x8ei\xaa\xb1\x24w\x7f\xee\x3b\xedU\x5d\xe5\xa1\xa1\xedn\xe5\x8e\x9b\x9b\xea\x24\x9b\x81\x2c\x8c\xfc\xe3\x0fB\x0f.\x8e\xea\xab\x5c.3X\x7fU\x89\x1bw\xb1\xd5\xd6\xb3\xb1\xab\x5d\x8f\x81\x5d\x7fw\xb1\x8e\xab\x8eB\xb1\x5d\xf7\x1b</data></match></read>
    <read><length>66</length><match><pcre>.*</pcre></match></read>
    <read><length>4</length><match><pcre>.*</pcre></match></read>
    <read><length>13</length><match><data>\x90\x5f\x82\xa1\xe3\xed\xb3\x1b\x8eUR\x3c\xf6</data></match></read>
    <read><length>19</length><match><pcre>.*</pcre></match></read>
    <read><length>66</length><match><data>S\x12\xedE\xcaX\xd6S\x5cI\x2c\xeeR\x90\xea\x2ci\xb1\x5f\xeau\xaa\xeai\x90\x7f.U\x9b\x5d\x81\x5f\xaa\x89R\xdbIXSR\x8cnR\x90\x89\x12\x81\x0f\x5dn\x8f\xd6\x81\xe3\x3bu\x8f\xd6\x90\x24\x5c\x81\xaa\x82\xdb\xe3</data></match></read>
    <read><length>74</length><match><pcre>.*</pcre></match></read>
    <read><delim>\xd4</delim><match><data>\xde\xe2\x9f\x16</data></match></read>
    <write><data>\x0f\xd4</data></write>
    <read><length>4</length><match><data>\xcb\xcb\xcb\xcb</data></match></read>
    <read><delim>\xd4</delim><match><data>\xde\xe2\x9f\x16</data></match></read>
    <write><data>\xed\xd4</data></write>
    <read><delim>\xd4</delim><match><data>\xde\xe2\x9f\x16</data></match></read>
    <write><data>\xed\xd4</data></write>
    <read><delim>\xd4</delim><match><data>\xde\xe2\x9f\x16</data></match></read>
    <write><data>\xa9\xd4I\xab\xea\xb3\xa1R3R\x8c\x8c\xd8i\xee\xd6\xaau\x19.\xa1\x89\xd8S\xaa\x8c\x9bn\x8f\xeaI\x12\x89\xaa\x89\xe5S\xaa\x24\xeeX\x81.\xb3\x82\x7f\xa1\xaa\xb3\xa9\xdb.B\x12\x1bE\x19\x0f3\xedIRwn\x82\xe5\x8c\x82\xa9\x1b\x8c\x90X\xb3S\x8cXiI\x90\x0f\xd6\xd8\xd5\x89\x5c\xd6\xf7EI\xf6\x7f\x24.\xdb\x89\xee\x5f\xf7\x1bRX\x5d\xe3\xf7n\xa1\x81\xab\x89\xed\xd5\x19\xab\x5c\xee\xca\x9bR\x3b\xd4</data></write>
    <read><length>5</length><match><data>\x18\x18\x18\x9d\x16</data></match></read>
    <write><data>\xd5\xd4</data></write>
</replay>
</pov>