<?xml version="1.0" standalone="no" ?>
<!DOCTYPE pov SYSTEM "/usr/share/cgc-docs/replay.dtd">
<pov>
<cbid>service</cbid>
<seed>094a7c9e51f38b3edfa3690807e776cf112e2652a162e2b7160c21935c8bab996124b8258ff128780dbe124f9c8a370d</seed>
<replay>
    <read><length>4</length><match><data>\x5b\xa3\xad\x0c</data></match></read>
    <write><data>\x82S\xdb\xa1S\x5c\xb3\x8fEi\xca\x0f\xe5\x1bER\x3bS\x8e\x82\x24\x0f\xd4</data></write>
    <read><delim>\xd4</delim><match><data>\x19\xd5ESU\xa1\xd5\x16\x2cU\x16\xa9E\x81\xa9\xa9\xd5\x0f\xd9\x16\x82S\xdb\xa1S\x5c\xb3\x8fEi\xca\x0f\xe5\x1bER\x3bS\x8e\x82\x24\x0f</data></match></read>
    <read><delim>\xd4</delim><match><data>\xde\xe2\x9f\x16</data></match></read>
    <write><data>\xab\xd4\x82S\xdb\xa1S\x5c\xb3\x8fEi\xca\x0f\xe5\x1bER\x3bS\x8e\x82\x24\x0f\xd4</data></write>
    <read><delim>\xd4</delim><match><data>\xde\xe2\x9f\x16</data></match></read>
    <write><data>\xa9\xd4\xdb\x81\xf7\xe3\x5c\x8eu\x81\xf6\x12\x3b\x3cu\x5f\x82n\x2c\x5c\x7f\x5d\xa1\x7f\x89\xd8n\xd8\xaa\xb1i.\xee\x3cB\xb3\x5c\x3c\xedE\x0f\xa1\xe5\x9b\x19\xca\x90B\xe5\x0f\xe3\xe3\x5c\xab\x24\xca\x12\xe3\xca\x81\xf6\x0fX\x3c\x81\xf7\xd5\x2c\x7f\xd5n\xd8\xd5i\x9b\x1b\x7fwS\x2c\x5f\xb3R\x7fiU\x5c\x8e\xf6\xfc\x2c\x8c.\xaan\x8c\x5c\xea\x19\xaa\x5c3Si\x7f\x8c\xedi\xd4</data></write>
    <read><length>5</length><match><data>\x18\x18\x18\x9d\x16</data></match></read>
    <read><delim>\xd4</delim><match><data>\xde\xe2\x9f\x16</data></match></read>
    <write><data>\xed\xd4</data></write>
    <read><delim>\xd4</delim><match><data>\xde\xe2\x9f\x16</data></match></read>
    <write><data>\xa9\xd4\x5du\x8c\xab\x24E\xb1\x81u\x5c.\x2c\xca\x2cn\x8cn\xfc\x24\xaa\x3c\x81\xa1\xaa\xa1\xd5\xfc\x9bu\x9b\x9b\x5d\x3cU\xab\xdb\xed\xd4</data></write>
    <read><length>5</length><match><data>\x18\x18\x18\x9d\x16</data></match></read>
    <read><delim>\xd4</delim><match><data>\xde\xe2\x9f\x16</data></match></read>
    <write><data>\xed\xd4</data></write>
    <read><delim>\xd4</delim><match><data>\xde\xe2\x9f\x16</data></match></read>
    <write><data>\x0f\xd4</data></write>
    <read><length>4</length><match><data>\xd2\xcb\xcb\xcb</data></match></read>
    <read><length>4</length><match><pcre>.*</pcre></match></read>
    <read><length>22</length><match><data>\x82S\xdb\xa1S\x5c\xb3\x8fEi\xca\x0f\xe5\x1bER\x3bS\x8e\x82\x24\x0f</data></match></read>
    <read><length>10</length><match><pcre>.*</pcre></match></read>
    <read><length>106</length><match><data>\xdb\x81\xf7\xe3\x5c\x8eu\x81\xf6\x12\x3b\x3cu\x5f\x82n\x2c\x5c\x7f\x5d\xa1\x7f\x89\xd8n\xd8\xaa\xb1i.\xee\x3cB\xb3\x5c\x3c\xedE\x0f\xa1\xe5\x9b\x19\xca\x90B\xe5\x0f\xe3\xe3\x5c\xab\x24\xca\x12\xe3\xca\x81\xf6\x0fX\x3c\x81\xf7\xd5\x2c\x7f\xd5n\xd8\xd5i\x9b\x1b\x7fwS\x2c\x5f\xb3R\x7fiU\x5c\x8e\xf6\xfc\x2c\x8c.\xaan\x8c\x5c\xea\x19\xaa\x5c3Si\x7f\x8c\xedi</data></match></read>
    <read><length>34</length><match><pcre>.*</pcre></match></read>
    <read><length>4</length><match><pcre>.*</pcre></match></read>
    <read><length>22</length><match><data>\x82S\xdb\xa1S\x5c\xb3\x8fEi\xca\x0f\xe5\x1bER\x3bS\x8e\x82\x24\x0f</data></match></read>
    <read><length>10</length><match><pcre>.*</pcre></match></read>
    <read><length>37</length><match><data>\x5du\x8c\xab\x24E\xb1\x81u\x5c.\x2c\xca\x2cn\x8cn\xfc\x24\xaa\x3c\x81\xa1\xaa\xa1\xd5\xfc\x9bu\x9b\x9b\x5d\x3cU\xab\xdb\xed</data></match></read>
    <read><length>103</length><match><pcre>.*</pcre></match></read>
    <read><delim>\xd4</delim><match><data>\xde\xe2\x9f\x16</data></match></read>
    <write><data>\xa9\xd4\xab\xd6\xd8EE\x90\xe5\x90\xfc\x82\x8c\xf6\xd8n\xb3\x3cS\xa9\x8e\x0f\x8e\x2c\x0f\xfc\xf7\x5f\xa9.\x5c\x8c\x5c\xd8\xa9\x8f\xa9\xd5U\x19\x19\x5c\xe3\x5c\xedn\x9b\xdb\xf6\x5c\xed\xe3\xa9\x7f\xdb\x19\x5c\xb1\xa1\xa9\x81\x19\xfc\x90\x3b\xaa\x5d3\xd5\xd4</data></write>
    <read><length>5</length><match><data>\x18\x18\x18\x9d\x16</data></match></read>
    <read><delim>\xd4</delim><match><data>\xde\xe2\x9f\x16</data></match></read>
    <write><data>\x0f\xd4</data></write>
    <read><length>4</length><match><data>\x7c\xcb\xcb\xcb</data></match></read>
    <read><length>4</length><match><pcre>.*</pcre></match></read>
    <read><length>22</length><match><data>\x82S\xdb\xa1S\x5c\xb3\x8fEi\xca\x0f\xe5\x1bER\x3bS\x8e\x82\x24\x0f</data></match></read>
    <read><length>10</length><match><pcre>.*</pcre></match></read>
    <read><length>67</length><match><data>\xab\xd6\xd8EE\x90\xe5\x90\xfc\x82\x8c\xf6\xd8n\xb3\x3cS\xa9\x8e\x0f\x8e\x2c\x0f\xfc\xf7\x5f\xa9.\x5c\x8c\x5c\xd8\xa9\x8f\xa9\xd5U\x19\x19\x5c\xe3\x5c\xedn\x9b\xdb\xf6\x5c\xed\xe3\xa9\x7f\xdb\x19\x5c\xb1\xa1\xa9\x81\x19\xfc\x90\x3b\xaa\x5d3\xd5</data></match></read>
    <read><length>73</length><match><pcre>.*</pcre></match></read>
    <read><delim>\xd4</delim><match><data>\xde\xe2\x9f\x16</data></match></read>
    <write><data>\x0f\xd4</data></write>
    <read><length>4</length><match><data>\xcb\xcb\xcb\xcb</data></match></read>
    <read><delim>\xd4</delim><match><data>\xde\xe2\x9f\x16</data></match></read>
    <write><data>\xed\xd4</data></write>
    <read><delim>\xd4</delim><match><data>\xde\xe2\x9f\x16</data></match></read>
    <write><data>\xa9\xd4\xb3\xa1\xeeR\xab\xa1\xd6E\xf6\xdb\x81\xeeI\x8f\xe5\x5dR\xd5\xf6I\xeew\xd5\xea\x12n\xcaw\x12\x2c\x8fn\xd5\x9b\xf7\x5f\x1b\x3bE\xca.\x7fu\xe3B\xab\xd5\xedXX\x3cR\xf6.I\x9b\x89\x3c\xed\xd5\xaa\x24i\xd8E\x3b\xb1\x81\x8c\xa1\xf7\x9b\xfc\x5du\xeeR\x2c\xd5\xfcII\xf6\x3c\x5duR\x12Iw\x19\x81\x90\x8e\x0fRS\x89\xf7w\xf7u\x12X\xe3\xab\xd6\xe3\xa1\x12R\x1b\xd4</data></write>
    <read><length>5</length><match><data>\x18\x18\x18\x9d\x16</data></match></read>
    <read><delim>\xd4</delim><match><data>\xde\xe2\x9f\x16</data></match></read>
    <write><data>\xed\xd4</data></write>
    <read><delim>\xd4</delim><match><data>\xde\xe2\x9f\x16</data></match></read>
    <write><data>\xed\xd4</data></write>
    <read><delim>\xd4</delim><match><data>\xde\xe2\x9f\x16</data></match></read>
    <write><data>\x0f\xd4</data></write>
    <read><length>4</length><match><data>\x7c\xcb\xcb\xcb</data></match></read>
    <read><length>4</length><match><pcre>.*</pcre></match></read>
    <read><length>22</length><match><data>\x82S\xdb\xa1S\x5c\xb3\x8fEi\xca\x0f\xe5\x1bER\x3bS\x8e\x82\x24\x0f</data></match></read>
    <read><length>10</length><match><pcre>.*</pcre></match></read>
    <read><length>112</length><match><data>\xb3\xa1\xeeR\xab\xa1\xd6E\xf6\xdb\x81\xeeI\x8f\xe5\x5dR\xd5\xf6I\xeew\xd5\xea\x12n\xcaw\x12\x2c\x8fn\xd5\x9b\xf7\x5f\x1b\x3bE\xca.\x7fu\xe3B\xab\xd5\xedXX\x3cR\xf6.I\x9b\x89\x3c\xed\xd5\xaa\x24i\xd8E\x3b\xb1\x81\x8c\xa1\xf7\x9b\xfc\x5du\xeeR\x2c\xd5\xfcII\xf6\x3c\x5duR\x12Iw\x19\x81\x90\x8e\x0fRS\x89\xf7w\xf7u\x12X\xe3\xab\xd6\xe3\xa1\x12R\x1b</data></match></read>
    <read><length>28</length><match><pcre>.*</pcre></match></read>
    <read><delim>\xd4</delim><match><data>\xde\xe2\x9f\x16</data></match></read>
    <write><data>\xed\xd4</data></write>
    <read><delim>\xd4</delim><match><data>\xde\xe2\x9f\x16</data></match></read>
    <write><data>\xa9\xd4\x2c\x5d\xd5E\xa9\xeanI\x24\xe3\x9b\x3bi\x8f\x5c\xfcX\xcaU\x5d\x8eS\xea\xe5\x8e\x12\x8f\x0fE\x5c\xf6\xdbu3\xe5\x3b\xaa\xe5\xab\x89\x8f\xe3\x5f\x0fu\x8f\xaa\xd6I3\x3c\x81.i\xe33\xe5\xd4</data></write>
    <read><length>5</length><match><data>\x18\x18\x18\x9d\x16</data></match></read>
    <read><delim>\xd4</delim><match><data>\xde\xe2\x9f\x16</data></match></read>
    <write><data>\xa9\xd4\xa1\x3c\xf7\xca\x9b\xe3\xfc..\xcaUBn\x82\x8f\x1b\x3c\x5f\xe3\xcaS\xa1\x9b\x90.\x8f\x89\x8f\xaaE\x8f.\xd6n\xfc\x8e\xea\x2c3\xa9\xb3\x5f\xf6\xe33\x0f\x19i\xe5\x2cu\xdb\x3c\xb1\x3b\xa1\x24\xb1\xd8.\x7f\xa1\xf7\x5dn\x7f\x8e\xab\x90\x5c\x89\x90i3\x5fE\xf7E\x8f\xd4</data></write>
    <read><length>5</length><match><data>\x18\x18\x18\x9d\x16</data></match></read>
    <read><delim>\xd4</delim><match><data>\xde\xe2\x9f\x16</data></match></read>
    <write><data>\x0f\xd4</data></write>
    <read><length>4</length><match><data>\xd2\xcb\xcb\xcb</data></match></read>
    <read><length>4</length><match><pcre>.*</pcre></match></read>
    <read><length>22</length><match><data>\x82S\xdb\xa1S\x5c\xb3\x8fEi\xca\x0f\xe5\x1bER\x3bS\x8e\x82\x24\x0f</data></match></read>
    <read><length>10</length><match><pcre>.*</pcre></match></read>
    <read><length>57</length><match><data>\x2c\x5d\xd5E\xa9\xeanI\x24\xe3\x9b\x3bi\x8f\x5c\xfcX\xcaU\x5d\x8eS\xea\xe5\x8e\x12\x8f\x0fE\x5c\xf6\xdbu3\xe5\x3b\xaa\xe5\xab\x89\x8f\xe3\x5f\x0fu\x8f\xaa\xd6I3\x3c\x81.i\xe33\xe5</data></match></read>
    <read><length>83</length><match><pcre>.*</pcre></match></read>
    <read><length>4</length><match><pcre>.*</pcre></match></read>
    <read><length>22</length><match><data>\x82S\xdb\xa1S\x5c\xb3\x8fEi\xca\x0f\xe5\x1bER\x3bS\x8e\x82\x24\x0f</data></match></read>
    <read><length>10</length><match><pcre>.*</pcre></match></read>
    <read><length>79</length><match><data>\xa1\x3c\xf7\xca\x9b\xe3\xfc..\xcaUBn\x82\x8f\x1b\x3c\x5f\xe3\xcaS\xa1\x9b\x90.\x8f\x89\x8f\xaaE\x8f.\xd6n\xfc\x8e\xea\x2c3\xa9\xb3\x5f\xf6\xe33\x0f\x19i\xe5\x2cu\xdb\x3c\xb1\x3b\xa1\x24\xb1\xd8.\x7f\xa1\xf7\x5dn\x7f\x8e\xab\x90\x5c\x89\x90i3\x5fE\xf7E\x8f</data></match></read>
    <read><length>61</length><match><pcre>.*</pcre></match></read>
    <read><delim>\xd4</delim><match><data>\xde\xe2\x9f\x16</data></match></read>
    <write><data>\xa9\xd4\xf6\xee\xf6\xa1.uu\xd5\x82\xe3iwiR\x3b\xd5i\x5d\xee\xabw\xfc\x3bEi\x12w\x82\x0f\x5c\xca\xe5\x1b\x3cE\xf7B\xee\x8f\x9bu\x82u\xedU\xee\xea\xfc\xd6\xf7\x5c\xaa\xa9i\x8e\x8c\x90\xf7\xd4</data></write>
    <read><length>5</length><match><data>\x18\x18\x18\x9d\x16</data></match></read>
    <read><delim>\xd4</delim><match><data>\xde\xe2\x9f\x16</data></match></read>
    <write><data>\xa9\xd4\x8c\x0f\x3b\xaaS\x90\x24\xd5\xaaI\xf6E3\x1b\x8e\xed\xea\x19\x3b\xa9\xd6\x3b\xb3I\xfc3\x5dIEB\xf6\xca\xf6\x24B\xb1\x5d\x0f\xdb\x2c\xab\x5fS\xa1E\x7f\x5f\x8en\x0f\x0f\x5fUU\xa9\x5f\x82RB\xed\x89\xaa\x89\xeaE\xd8S\x82I\xaaX\xa1\xedR\x0f\xd5\xe5\x8ew\xf6Iw\x19B\xab\x1b\x82\xa9\x8f\xed\x24\xd6\xb1in\xf6S\x5d\x81\x82\x24\x2ci\x3c\xeaI\xa9.\x7f\x82\x3b\xb3\xd4</data></write>
    <read><length>5</length><match><data>\x18\x18\x18\x9d\x16</data></match></read>
    <read><delim>\xd4</delim><match><data>\xde\xe2\x9f\x16</data></match></read>
    <write><data>\x0f\xd4</data></write>
    <read><length>4</length><match><data>\xd2\xcb\xcb\xcb</data></match></read>
    <read><length>4</length><match><pcre>.*</pcre></match></read>
    <read><length>22</length><match><data>\x82S\xdb\xa1S\x5c\xb3\x8fEi\xca\x0f\xe5\x1bER\x3bS\x8e\x82\x24\x0f</data></match></read>
    <read><length>10</length><match><pcre>.*</pcre></match></read>
    <read><length>58</length><match><data>\xf6\xee\xf6\xa1.uu\xd5\x82\xe3iwiR\x3b\xd5i\x5d\xee\xabw\xfc\x3bEi\x12w\x82\x0f\x5c\xca\xe5\x1b\x3cE\xf7B\xee\x8f\x9bu\x82u\xedU\xee\xea\xfc\xd6\xf7\x5c\xaa\xa9i\x8e\x8c\x90\xf7</data></match></read>
    <read><length>82</length><match><pcre>.*</pcre></match></read>
    <read><length>4</length><match><pcre>.*</pcre></match></read>
    <read><length>22</length><match><data>\x82S\xdb\xa1S\x5c\xb3\x8fEi\xca\x0f\xe5\x1bER\x3bS\x8e\x82\x24\x0f</data></match></read>
    <read><length>10</length><match><pcre>.*</pcre></match></read>
    <read><length>112</length><match><data>\x8c\x0f\x3b\xaaS\x90\x24\xd5\xaaI\xf6E3\x1b\x8e\xed\xea\x19\x3b\xa9\xd6\x3b\xb3I\xfc3\x5dIEB\xf6\xca\xf6\x24B\xb1\x5d\x0f\xdb\x2c\xab\x5fS\xa1E\x7f\x5f\x8en\x0f\x0f\x5fUU\xa9\x5f\x82RB\xed\x89\xaa\x89\xeaE\xd8S\x82I\xaaX\xa1\xedR\x0f\xd5\xe5\x8ew\xf6Iw\x19B\xab\x1b\x82\xa9\x8f\xed\x24\xd6\xb1in\xf6S\x5d\x81\x82\x24\x2ci\x3c\xeaI\xa9.\x7f\x82\x3b\xb3</data></match></read>
    <read><length>28</length><match><pcre>.*</pcre></match></read>
    <read><delim>\xd4</delim><match><data>\xde\xe2\x9f\x16</data></match></read>
    <write><data>\xed\xd4</data></write>
    <read><delim>\xd4</delim><match><data>\xde\xe2\x9f\x16</data></match></read>
    <write><data>\xed\xd4</data></write>
    <read><delim>\xd4</delim><match><data>\xde\xe2\x9f\x16</data></match></read>
    <write><data>\xed\xd4</data></write>
    <read><delim>\xd4</delim><match><data>\xde\xe2\x9f\x16</data></match></read>
    <write><data>\x0f\xd4</data></write>
    <read><length>4</length><match><data>\xcb\xcb\xcb\xcb</data></match></read>
    <read><delim>\xd4</delim><match><data>\xde\xe2\x9f\x16</data></match></read>
    <write><data>\xa9\xd4\x8cXS\xb1\xee\x24\xe3\x89\x24\x24\xaa\x3c\xe5nnI\x9b\xed\xf7\xb3\xea\x7f\x89\xe5\x5c\x3b\x24\x5d\xca\xfc\x3b\x5f\x2c\xf6\x82\xea\xdbiSnw\x9b\x24\xabw\x19\x5fISw\xa1\xeaw\xe5u\x2c\x8c\xeaR\xca3\x8f\xdb\xfc\x0f3\x1b3\xe5\xd8\xe3\xca\x9b\xee\xa1\xd8\xd6\x8f\x1b\xa9\x5fI\xa1\x8fB\xaa\x89\x1bu\xf6\x82\x5d\xd4</data></write>
    <read><length>5</length><match><data>\x18\x18\x18\x9d\x16</data></match></read>
    <read><delim>\xd4</delim><match><data>\xde\xe2\x9f\x16</data></match></read>
    <write><data>\x0f\xd4</data></write>
    <read><length>4</length><match><data>\x7c\xcb\xcb\xcb</data></match></read>
    <read><length>4</length><match><pcre>.*</pcre></match></read>
    <read><length>22</length><match><data>\x82S\xdb\xa1S\x5c\xb3\x8fEi\xca\x0f\xe5\x1bER\x3bS\x8e\x82\x24\x0f</data></match></read>
    <read><length>10</length><match><pcre>.*</pcre></match></read>
    <read><length>92</length><match><data>\x8cXS\xb1\xee\x24\xe3\x89\x24\x24\xaa\x3c\xe5nnI\x9b\xed\xf7\xb3\xea\x7f\x89\xe5\x5c\x3b\x24\x5d\xca\xfc\x3b\x5f\x2c\xf6\x82\xea\xdbiSnw\x9b\x24\xabw\x19\x5fISw\xa1\xeaw\xe5u\x2c\x8c\xeaR\xca3\x8f\xdb\xfc\x0f3\x1b3\xe5\xd8\xe3\xca\x9b\xee\xa1\xd8\xd6\x8f\x1b\xa9\x5fI\xa1\x8fB\xaa\x89\x1bu\xf6\x82\x5d</data></match></read>
    <read><length>48</length><match><pcre>.*</pcre></match></read>
    <write><data>\xd5\xd4</data></write>
</replay>
</pov>