<?xml version="1.0" standalone="no" ?>
<!DOCTYPE pov SYSTEM "/usr/share/cgc-docs/replay.dtd">
<pov>
<cbid>service</cbid>
<seed>ba8f5b659bf9f21511ee934d375946c451f2d7d7f0b74c29091a6d3cdd587ff6aaee452bbf364d5b1bd947fe23bfe7c1</seed>
<replay>
    <read><length>4</length><match><data>\x29\xaf\x83\x81</data></match></read>
    <write><data>\x90\x193\xf7\xf6\x81\xca\x24\x3bIS\x5c\xb1\x0fR\xd5\x3c\x89\xb3X\x19\x90\xd4</data></write>
    <read><delim>\xd4</delim><match><data>\x19\xd5ESU\xa1\xd5\x16\x2cU\x16\xa9E\x81\xa9\xa9\xd5\x0f\xd9\x16\x90\x193\xf7\xf6\x81\xca\x24\x3bIS\x5c\xb1\x0fR\xd5\x3c\x89\xb3X\x19\x90</data></match></read>
    <read><delim>\xd4</delim><match><data>\xde\xe2\x9f\x16</data></match></read>
    <write><data>\xab\xd4\x90\x193\xf7\xf6\x81\xca\x24\x3bIS\x5c\xb1\x0fR\xd5\x3c\x89\xb3X\x19\x90\xd4</data></write>
    <read><delim>\xd4</delim><match><data>\xde\xe2\x9f\x16</data></match></read>
    <write><data>\xa9\xd4\x0f\xe3w\xdb\x89\xb1\x5c\x3c\xd8X\x5d\xb1\xd63E\x89\x3cU\x5f\x5d\x1b\xed\x82\x8e\xa1\x5f\xf6\x8eEiwn\x12U\xea\xb3U\x3b\xa1E\x8e\x5f\xed\xb3E\x3b\xd6Rw\x0f\x7f\xf7\x3b\xf6\xd4</data></write>
    <read><length>5</length><match><data>\x18\x18\x18\x9d\x16</data></match></read>
    <read><delim>\xd4</delim><match><data>\xde\xe2\x9f\x16</data></match></read>
    <write><data>\x0f\xd4</data></write>
    <read><length>4</length><match><data>\x7c\xcb\xcb\xcb</data></match></read>
    <read><length>4</length><match><pcre>.*</pcre></match></read>
    <read><length>22</length><match><data>\x90\x193\xf7\xf6\x81\xca\x24\x3bIS\x5c\xb1\x0fR\xd5\x3c\x89\xb3X\x19\x90</data></match></read>
    <read><length>10</length><match><pcre>.*</pcre></match></read>
    <read><length>54</length><match><data>\x0f\xe3w\xdb\x89\xb1\x5c\x3c\xd8X\x5d\xb1\xd63E\x89\x3cU\x5f\x5d\x1b\xed\x82\x8e\xa1\x5f\xf6\x8eEiwn\x12U\xea\xb3U\x3b\xa1E\x8e\x5f\xed\xb3E\x3b\xd6Rw\x0f\x7f\xf7\x3b\xf6</data></match></read>
    <read><length>86</length><match><pcre>.*</pcre></match></read>
    <read><delim>\xd4</delim><match><data>\xde\xe2\x9f\x16</data></match></read>
    <write><data>\xed\xd4</data></write>
    <read><delim>\xd4</delim><match><data>\xde\xe2\x9f\x16</data></match></read>
    <write><data>\xa9\xd4\xfc\x90\x19\x90\x24\xf7E\xf6\xa9\xdb3\xee\xaa\xe5\xd4</data></write>
    <read><length>5</length><match><data>\x18\x18\x18\x9d\x16</data></match></read>
    <read><delim>\xd4</delim><match><data>\xde\xe2\x9f\x16</data></match></read>
    <write><data>\xed\xd4</data></write>
    <read><delim>\xd4</delim><match><data>\xde\xe2\x9f\x16</data></match></read>
    <write><data>\xed\xd4</data></write>
    <read><delim>\xd4</delim><match><data>\xde\xe2\x9f\x16</data></match></read>
    <write><data>\xed\xd4</data></write>
    <read><delim>\xd4</delim><match><data>\xde\xe2\x9f\x16</data></match></read>
    <write><data>\xed\xd4</data></write>
    <read><delim>\xd4</delim><match><data>\xde\xe2\x9f\x16</data></match></read>
    <write><data>\x0f\xd4</data></write>
    <read><length>4</length><match><data>\x7c\xcb\xcb\xcb</data></match></read>
    <read><length>4</length><match><pcre>.*</pcre></match></read>
    <read><length>22</length><match><data>\x90\x193\xf7\xf6\x81\xca\x24\x3bIS\x5c\xb1\x0fR\xd5\x3c\x89\xb3X\x19\x90</data></match></read>
    <read><length>10</length><match><pcre>.*</pcre></match></read>
    <read><length>14</length><match><data>\xfc\x90\x19\x90\x24\xf7E\xf6\xa9\xdb3\xee\xaa\xe5</data></match></read>
    <read><length>126</length><match><pcre>.*</pcre></match></read>
    <read><delim>\xd4</delim><match><data>\xde\xe2\x9f\x16</data></match></read>
    <write><data>\x0f\xd4</data></write>
    <read><length>4</length><match><data>\xcb\xcb\xcb\xcb</data></match></read>
    <read><delim>\xd4</delim><match><data>\xde\xe2\x9f\x16</data></match></read>
    <write><data>\x0f\xd4</data></write>
    <read><length>4</length><match><data>\xcb\xcb\xcb\xcb</data></match></read>
    <read><delim>\xd4</delim><match><data>\xde\xe2\x9f\x16</data></match></read>
    <write><data>\xa9\xd4\xd8I\x81i\xf6\x5cu\x2c\x7fU\xd8\x8e\xd4</data></write>
    <read><length>5</length><match><data>\x18\x18\x18\x9d\x16</data></match></read>
    <read><delim>\xd4</delim><match><data>\xde\xe2\x9f\x16</data></match></read>
    <write><data>\xa9\xd4\x8f\x90\xca\xaaIR\x24\xfc\xea\xe3\xab\x7f\x5d\x0fU\x5d\xd8w\x90X\x89\x5f\xed\x24\xa9i.\x82\xe5w\xb3\x3c\x7f\xfc\xdb\x24\xdb\x8c\x3b\xab\x8f\xab\x3b\x8c\xd6\xf63iB\x5c\x5fS\x8e\x24\x2c\xd6\xe3\x9b\x24\xed\xd8\x3b\x90\x19\xf6w3\xf6\xf7\xb3uU\x89Bu\x89\x5f\x0f\xee\xf7UR\x3bw\xd8\xe5\x5cw\xee\x2c\xaaX\xca\x7f\x0f\xca\x5f\xb1\x8f\xd5\xb3\xd8\xb3.\x90\xb3\xd4</data></write>
    <read><length>5</length><match><data>\x18\x18\x18\x9d\x16</data></match></read>
    <read><delim>\xd4</delim><match><data>\xde\xe2\x9f\x16</data></match></read>
    <write><data>\xa9\xd4\x8f\x3b\xa9\x7f\x3c\xed\x7f\xaa\x3c\xfc\xf6\x90\x8e\x3c\x19iu\xab.\xe5iB\xf6\x24\x12\x2cBI\xf6\x8e\xaa\x8f\xb1\xfc\x3c\x5c\x0f\xdb\xabi\xdb\xa1\x5cX\x2c\x9b\x8e\x5f\x8e\xdbS\x0f\x3b\xe3I\x8e\x1b\xd8U\x12\x5f\x8c\xe3\x7f\xe3\xb3\x8c\xd6\x7fwX\x8f\x19\xca\xd53\xe5\xa1\xd5\xfc\x19\xab\xb1\x5c\xdbi\x89\xa1\xea\xed\x8e\xca\x3b\x24.\x8eS\x5f\x12\x90E\xb3II\x7fw.\x89\xe5\x5c\x5d\x8c\xd5\x0f\x8cX\xcaR\x82\xd4</data></write>
    <read><length>5</length><match><data>\x18\x18\x18\x9d\x16</data></match></read>
    <read><delim>\xd4</delim><match><data>\xde\xe2\x9f\x16</data></match></read>
    <write><data>\x0f\xd4</data></write>
    <read><length>4</length><match><data>l\xcb\xcb\xcb</data></match></read>
    <read><length>4</length><match><pcre>.*</pcre></match></read>
    <read><length>22</length><match><data>\x90\x193\xf7\xf6\x81\xca\x24\x3bIS\x5c\xb1\x0fR\xd5\x3c\x89\xb3X\x19\x90</data></match></read>
    <read><length>10</length><match><pcre>.*</pcre></match></read>
    <read><length>12</length><match><data>\xd8I\x81i\xf6\x5cu\x2c\x7fU\xd8\x8e</data></match></read>
    <read><length>128</length><match><pcre>.*</pcre></match></read>
    <read><length>4</length><match><pcre>.*</pcre></match></read>
    <read><length>22</length><match><data>\x90\x193\xf7\xf6\x81\xca\x24\x3bIS\x5c\xb1\x0fR\xd5\x3c\x89\xb3X\x19\x90</data></match></read>
    <read><length>10</length><match><pcre>.*</pcre></match></read>
    <read><length>106</length><match><data>\x8f\x90\xca\xaaIR\x24\xfc\xea\xe3\xab\x7f\x5d\x0fU\x5d\xd8w\x90X\x89\x5f\xed\x24\xa9i.\x82\xe5w\xb3\x3c\x7f\xfc\xdb\x24\xdb\x8c\x3b\xab\x8f\xab\x3b\x8c\xd6\xf63iB\x5c\x5fS\x8e\x24\x2c\xd6\xe3\x9b\x24\xed\xd8\x3b\x90\x19\xf6w3\xf6\xf7\xb3uU\x89Bu\x89\x5f\x0f\xee\xf7UR\x3bw\xd8\xe5\x5cw\xee\x2c\xaaX\xca\x7f\x0f\xca\x5f\xb1\x8f\xd5\xb3\xd8\xb3.\x90\xb3</data></match></read>
    <read><length>34</length><match><pcre>.*</pcre></match></read>
    <read><length>4</length><match><pcre>.*</pcre></match></read>
    <read><length>22</length><match><data>\x90\x193\xf7\xf6\x81\xca\x24\x3bIS\x5c\xb1\x0fR\xd5\x3c\x89\xb3X\x19\x90</data></match></read>
    <read><length>10</length><match><pcre>.*</pcre></match></read>
    <read><length>119</length><match><data>\x8f\x3b\xa9\x7f\x3c\xed\x7f\xaa\x3c\xfc\xf6\x90\x8e\x3c\x19iu\xab.\xe5iB\xf6\x24\x12\x2cBI\xf6\x8e\xaa\x8f\xb1\xfc\x3c\x5c\x0f\xdb\xabi\xdb\xa1\x5cX\x2c\x9b\x8e\x5f\x8e\xdbS\x0f\x3b\xe3I\x8e\x1b\xd8U\x12\x5f\x8c\xe3\x7f\xe3\xb3\x8c\xd6\x7fwX\x8f\x19\xca\xd53\xe5\xa1\xd5\xfc\x19\xab\xb1\x5c\xdbi\x89\xa1\xea\xed\x8e\xca\x3b\x24.\x8eS\x5f\x12\x90E\xb3II\x7fw.\x89\xe5\x5c\x5d\x8c\xd5\x0f\x8cX\xcaR\x82</data></match></read>
    <read><length>21</length><match><pcre>.*</pcre></match></read>
    <read><delim>\xd4</delim><match><data>\xde\xe2\x9f\x16</data></match></read>
    <write><data>\xed\xd4</data></write>
    <read><delim>\xd4</delim><match><data>\xde\xe2\x9f\x16</data></match></read>
    <write><data>\x0f\xd4</data></write>
    <read><length>4</length><match><data>\xcb\xcb\xcb\xcb</data></match></read>
    <read><delim>\xd4</delim><match><data>\xde\xe2\x9f\x16</data></match></read>
    <write><data>\x0f\xd4</data></write>
    <read><length>4</length><match><data>\xcb\xcb\xcb\xcb</data></match></read>
    <read><delim>\xd4</delim><match><data>\xde\xe2\x9f\x16</data></match></read>
    <write><data>\xa9\xd4\xe3\xabi\x1b\xdb\x7fX\x1b\xaa3\xaaEn\xf6\xf7\x12\x8e\xd6\x0f\xed\xa1u\xaai\x19\x90\x0f\xedXu\x12\x0f\xab\x90\xab\x19\xaa\x8f\xa9\xdb\x1b\x89\x1b\xf7w\x3c\x82\x2cu\x5c\xb3\x0f\xd6\xb1.\x19\x24\xa1\xd4</data></write>
    <read><length>5</length><match><data>\x18\x18\x18\x9d\x16</data></match></read>
    <read><delim>\xd4</delim><match><data>\xde\xe2\x9f\x16</data></match></read>
    <write><data>\xa9\xd4\xd8\x82\x2cn\x8f\xa9\xd5\x90\x89\x12\x9bX\x12\xd5\xab\xdb\xa1Xn\x89\x1b\xdb\x8c\x24\x9b\x9bX\x82\x1b\x5c\xedu\xed\x89.\xd4</data></write>
    <read><length>5</length><match><data>\x18\x18\x18\x9d\x16</data></match></read>
    <read><delim>\xd4</delim><match><data>\xde\xe2\x9f\x16</data></match></read>
    <write><data>\xa9\xd4\xf6B\x82\x12\xee\x12U\xeeS\xf6\x3c\x3c\xb3\x89\xf7\x8eiX\x82\x3b\x8eI\x3c\x3b\x3bUi\x5c\x12B\xe3.\x5dE\xabR\xdb\x3b\xee\x8c\xa9\xa1.\x90\x3c\xeeBuR\xedSB\xed\x1b\xee\x5f\x8f\x89u\x2c\x19\x8cUUi\x8eUU\x3c\x81\x19S\x89\x5f\xb1\x3bI\xee\xdb\xaa\xd4</data></write>
    <read><length>5</length><match><data>\x18\x18\x18\x9d\x16</data></match></read>
    <read><delim>\xd4</delim><match><data>\xde\xe2\x9f\x16</data></match></read>
    <write><data>\xed\xd4</data></write>
    <read><delim>\xd4</delim><match><data>\xde\xe2\x9f\x16</data></match></read>
    <write><data>\x0f\xd4</data></write>
    <read><length>4</length><match><data>l\xcb\xcb\xcb</data></match></read>
    <read><length>4</length><match><pcre>.*</pcre></match></read>
    <read><length>22</length><match><data>\x90\x193\xf7\xf6\x81\xca\x24\x3bIS\x5c\xb1\x0fR\xd5\x3c\x89\xb3X\x19\x90</data></match></read>
    <read><length>10</length><match><pcre>.*</pcre></match></read>
    <read><length>58</length><match><data>\xe3\xabi\x1b\xdb\x7fX\x1b\xaa3\xaaEn\xf6\xf7\x12\x8e\xd6\x0f\xed\xa1u\xaai\x19\x90\x0f\xedXu\x12\x0f\xab\x90\xab\x19\xaa\x8f\xa9\xdb\x1b\x89\x1b\xf7w\x3c\x82\x2cu\x5c\xb3\x0f\xd6\xb1.\x19\x24\xa1</data></match></read>
    <read><length>82</length><match><pcre>.*</pcre></match></read>
    <read><length>4</length><match><pcre>.*</pcre></match></read>
    <read><length>22</length><match><data>\x90\x193\xf7\xf6\x81\xca\x24\x3bIS\x5c\xb1\x0fR\xd5\x3c\x89\xb3X\x19\x90</data></match></read>
    <read><length>10</length><match><pcre>.*</pcre></match></read>
    <read><length>35</length><match><data>\xd8\x82\x2cn\x8f\xa9\xd5\x90\x89\x12\x9bX\x12\xd5\xab\xdb\xa1Xn\x89\x1b\xdb\x8c\x24\x9b\x9bX\x82\x1b\x5c\xedu\xed\x89.</data></match></read>
    <read><length>105</length><match><pcre>.*</pcre></match></read>
    <read><length>4</length><match><pcre>.*</pcre></match></read>
    <read><length>22</length><match><data>\x90\x193\xf7\xf6\x81\xca\x24\x3bIS\x5c\xb1\x0fR\xd5\x3c\x89\xb3X\x19\x90</data></match></read>
    <read><length>10</length><match><pcre>.*</pcre></match></read>
    <read><length>80</length><match><data>\xf6B\x82\x12\xee\x12U\xeeS\xf6\x3c\x3c\xb3\x89\xf7\x8eiX\x82\x3b\x8eI\x3c\x3b\x3bUi\x5c\x12B\xe3.\x5dE\xabR\xdb\x3b\xee\x8c\xa9\xa1.\x90\x3c\xeeBuR\xedSB\xed\x1b\xee\x5f\x8f\x89u\x2c\x19\x8cUUi\x8eUU\x3c\x81\x19S\x89\x5f\xb1\x3bI\xee\xdb\xaa</data></match></read>
    <read><length>60</length><match><pcre>.*</pcre></match></read>
    <read><delim>\xd4</delim><match><data>\xde\xe2\x9f\x16</data></match></read>
    <write><data>\xed\xd4</data></write>
    <read><delim>\xd4</delim><match><data>\xde\xe2\x9f\x16</data></match></read>
    <write><data>\xed\xd4</data></write>
    <read><delim>\xd4</delim><match><data>\xde\xe2\x9f\x16</data></match></read>
    <write><data>\xa9\xd4\xca\xd6w\x89\x5fB\x9b\x7f\x3b\xa1\xcaU\x8e\x0fn.\xee\xa1\x90\x7f\xca\xa1E\xeeS\xb1\xd8uS.\xe3\xd6\x5f\xea\x90\x24\x81U\x1b\x90RS\x8f\x19\xa9\xab\x1bR\x19\x7f\x8f\xab\x3c\xfc\x0fI\xb1\x2c\xf6w\x24\xee\x81\x82\xaa\xa1X3w\x19\xee\xf6\xed\x8fRU\xf6\xa9\x3cU\x5d\xf73\x9bXi\xa9\x0f\x0f\x3b\x19S\x5fU\x90\xa9n.UBu\x7fEUi\xaa\x24uw\x0f\x19X\xd4</data></write>
    <read><length>5</length><match><data>\x18\x18\x18\x9d\x16</data></match></read>
    <write><data>\xd5\xd4</data></write>
</replay>
</pov>