<?xml version="1.0" standalone="no" ?>
<!DOCTYPE pov SYSTEM "/usr/share/cgc-docs/replay.dtd">
<pov>
<cbid>service</cbid>
<seed>a0e216a7bfd344298ca4c6a723fc58ed27e2cfae98e7569cba5ac332e82e1cb38986e38beb9e6dda32d69b3696d35783</seed>
<replay>
    <read><length>4</length><match><data>C\xca\x08Z</data></match></read>
    <write><data>\xdb\xca\xed\xe3\x8f\xed\x12.\xb1\x5d\x81\xb1\x3c\xd4</data></write>
    <read><delim>\xd4</delim><match><data>\x19\xd5ESU\xa1\xd5\x16\x2cU\x16\xa9E\x81\xa9\xa9\xd5\x0f\xd9\x16\xdb\xca\xed\xe3\x8f\xed\x12.\xb1\x5d\x81\xb1\x3c</data></match></read>
    <read><delim>\xd4</delim><match><data>\xde\xe2\x9f\x16</data></match></read>
    <write><data>\xab\xd4\xdb\xca\xed\xe3\x8f\xed\x12.\xb1\x5d\x81\xb1\x3c\xd4</data></write>
    <read><delim>\xd4</delim><match><data>\xde\xe2\x9f\x16</data></match></read>
    <write><data>\xa9\xd4\xd8\x90\xabu\xe5\x3b\x81\xab\x5f\x8f\xb3\x823\xea\xa1i\x5c\xdb3\xabR\x24\x81\xa1U\x5d\xaa\x5c\x2c\xf6B\x3c\x2c\xdb\xed\x89U\x24U\x3b\xca\x89EU\x8eu\x8eU\x0f\xed\xee\xcau\x8c\x3b\xb1X\x3c\x19\xa9\xab\x9bE\x3b\x0f\xd8B\xd8\xf7\x5d\xa1\x24.\xb1\x19RU\x3b\xa9\x19X\x82\x24\xee\xeeX\x5c\xeaI\xe5\xe5\xe5\xeew\xab\x89iEIR3\x5d\x24E\x1b\xcaBU\x9b\xd4</data></write>
    <read><length>5</length><match><data>\x18\x18\x18\x9d\x16</data></match></read>
    <read><delim>\xd4</delim><match><data>\xde\xe2\x9f\x16</data></match></read>
    <write><data>\xa9\xd4\xdb\x24R\x19i\xd5S\xd6\x2c\xe3\xa9\x5cB\xd6\xd5\xb3\xea\x5d3\xe3\x5d\x8e\xdbi.\x8c\xca..\xd8\xb3\xe5\x1bw\x7f\x3b\x2cSu\xd6\xe5\x8c\xd6.\x19\xdb\x82\xf6U\x7f\x8f\x0fui\xb1\x1b\xfc\xe5\x9bw\xea\xab\x12\x24X\xab\x82\x8eE\xe3\x81BUR\xb3\xdb\xd8\xb3\xeeR\xf6\x24\xab\xdb\xa9\xe5URnE3\x12\xea\x8c\xe3B\x7f\xdb\xf7\xd6\xb1\x19E\xfc\xd4</data></write>
    <read><length>5</length><match><data>\x18\x18\x18\x9d\x16</data></match></read>
    <read><delim>\xd4</delim><match><data>\xde\xe2\x9f\x16</data></match></read>
    <write><data>\xa9\xd4\x8f\x5fRU\xf6\x0f\xee\xf6\x5d\xee\x2c.3\xee\xeeB\x24\xf7\xf6n\xaa\x5c\xdbU\x7f\xa1\xd5\x2cE\x12S\x8c\xf7\x81\xb3\x24\xb3XU\x7f\x0fE\x7fX\x8c\x5d\x8cR\xdb\xd5\x1b\x2c\x19\x823\xca\x0f\x89\xab3\xd5\xed\xd5\x5d\x19I\xd8\xf6\xd5u3\x81\x82\x89\xed\xf7\x82\x2c\xedB\x8eR\x5f\xee\x7f\x1b\x8c\x19\xf6\xf7UR\xabU\xd8\x3c\x5d\xca\xa1\x9b\xe3\x0f\xa9\x5f\x5d\xe33\xd8.\xdb\xd4</data></write>
    <read><length>5</length><match><data>\x18\x18\x18\x9d\x16</data></match></read>
    <read><delim>\xd4</delim><match><data>\xde\xe2\x9f\x16</data></match></read>
    <write><data>\xa9\xd4\x24\xca\xee\xe5\xed\x5f\x82\x8f\x12\xd8\x3c\x90\xa1\x82\x9b\xfcUiE\xe3\xe3\x12\x90i\x1b\x19\xed\xe3\xd5S\x24n\xd8\x89B\xe3\xa9\x7f\x5f\x24\x3c\x12\xea\x12\xa1\x24\x7f\x1b\xf7\x89\x8e\x5c\xb1\x19I\x8f\xf6\x8fw\x1bB\x81E\x8e\x2c\xb3\xe3Rw\x89\xfc\xe5\x24\x5c\xfc\x5f\x8e\xab\x8f\x7f.\xaa\xca\x12.\x5d\xb1\x5d\xee\x1b\xe3\x5c\x19\x2cE.\xe3\xca\x8e.n\xb1\x5c\xd4</data></write>
    <read><length>5</length><match><data>\x18\x18\x18\x9d\x16</data></match></read>
    <read><delim>\xd4</delim><match><data>\xde\xe2\x9f\x16</data></match></read>
    <write><data>\xa9\xd4\x89\xd6\xb13R\xa1\x9bE\xea\x5f\xe3Sn\x5f\xa9\xa1\xb3\xed\x9b\xd6\x8c\xea\x5d\xab\x9bX\xe5\xf7\x0f\xee\x0f\xd4</data></write>
    <read><length>5</length><match><data>\x18\x18\x18\x9d\x16</data></match></read>
    <read><delim>\xd4</delim><match><data>\xde\xe2\x9f\x16</data></match></read>
    <write><data>\xa9\xd4\xe3\x3c.\xeeiU\xa9\xb3\xa9wu\xd83\xd4</data></write>
    <read><length>5</length><match><data>\x18\x18\x18\x9d\x16</data></match></read>
    <read><delim>\xd4</delim><match><data>\xde\xe2\x9f\x16</data></match></read>
    <write><data>\x0f\xd4</data></write>
    <read><length>4</length><match><data>\xe7\xcb\xcb\xcb</data></match></read>
    <read><length>4</length><match><pcre>.*</pcre></match></read>
    <read><length>13</length><match><data>\xdb\xca\xed\xe3\x8f\xed\x12.\xb1\x5d\x81\xb1\x3c</data></match></read>
    <read><length>19</length><match><pcre>.*</pcre></match></read>
    <read><length>109</length><match><data>\xd8\x90\xabu\xe5\x3b\x81\xab\x5f\x8f\xb3\x823\xea\xa1i\x5c\xdb3\xabR\x24\x81\xa1U\x5d\xaa\x5c\x2c\xf6B\x3c\x2c\xdb\xed\x89U\x24U\x3b\xca\x89EU\x8eu\x8eU\x0f\xed\xee\xcau\x8c\x3b\xb1X\x3c\x19\xa9\xab\x9bE\x3b\x0f\xd8B\xd8\xf7\x5d\xa1\x24.\xb1\x19RU\x3b\xa9\x19X\x82\x24\xee\xeeX\x5c\xeaI\xe5\xe5\xe5\xeew\xab\x89iEIR3\x5d\x24E\x1b\xcaBU\x9b</data></match></read>
    <read><length>31</length><match><pcre>.*</pcre></match></read>
    <read><length>4</length><match><pcre>.*</pcre></match></read>
    <read><length>13</length><match><data>\xdb\xca\xed\xe3\x8f\xed\x12.\xb1\x5d\x81\xb1\x3c</data></match></read>
    <read><length>19</length><match><pcre>.*</pcre></match></read>
    <read><length>104</length><match><data>\xdb\x24R\x19i\xd5S\xd6\x2c\xe3\xa9\x5cB\xd6\xd5\xb3\xea\x5d3\xe3\x5d\x8e\xdbi.\x8c\xca..\xd8\xb3\xe5\x1bw\x7f\x3b\x2cSu\xd6\xe5\x8c\xd6.\x19\xdb\x82\xf6U\x7f\x8f\x0fui\xb1\x1b\xfc\xe5\x9bw\xea\xab\x12\x24X\xab\x82\x8eE\xe3\x81BUR\xb3\xdb\xd8\xb3\xeeR\xf6\x24\xab\xdb\xa9\xe5URnE3\x12\xea\x8c\xe3B\x7f\xdb\xf7\xd6\xb1\x19E\xfc</data></match></read>
    <read><length>36</length><match><pcre>.*</pcre></match></read>
    <read><length>4</length><match><pcre>.*</pcre></match></read>
    <read><length>13</length><match><data>\xdb\xca\xed\xe3\x8f\xed\x12.\xb1\x5d\x81\xb1\x3c</data></match></read>
    <read><length>19</length><match><pcre>.*</pcre></match></read>
    <read><length>110</length><match><data>\x8f\x5fRU\xf6\x0f\xee\xf6\x5d\xee\x2c.3\xee\xeeB\x24\xf7\xf6n\xaa\x5c\xdbU\x7f\xa1\xd5\x2cE\x12S\x8c\xf7\x81\xb3\x24\xb3XU\x7f\x0fE\x7fX\x8c\x5d\x8cR\xdb\xd5\x1b\x2c\x19\x823\xca\x0f\x89\xab3\xd5\xed\xd5\x5d\x19I\xd8\xf6\xd5u3\x81\x82\x89\xed\xf7\x82\x2c\xedB\x8eR\x5f\xee\x7f\x1b\x8c\x19\xf6\xf7UR\xabU\xd8\x3c\x5d\xca\xa1\x9b\xe3\x0f\xa9\x5f\x5d\xe33\xd8.\xdb</data></match></read>
    <read><length>30</length><match><pcre>.*</pcre></match></read>
    <read><length>4</length><match><pcre>.*</pcre></match></read>
    <read><length>13</length><match><data>\xdb\xca\xed\xe3\x8f\xed\x12.\xb1\x5d\x81\xb1\x3c</data></match></read>
    <read><length>19</length><match><pcre>.*</pcre></match></read>
    <read><length>103</length><match><data>\x24\xca\xee\xe5\xed\x5f\x82\x8f\x12\xd8\x3c\x90\xa1\x82\x9b\xfcUiE\xe3\xe3\x12\x90i\x1b\x19\xed\xe3\xd5S\x24n\xd8\x89B\xe3\xa9\x7f\x5f\x24\x3c\x12\xea\x12\xa1\x24\x7f\x1b\xf7\x89\x8e\x5c\xb1\x19I\x8f\xf6\x8fw\x1bB\x81E\x8e\x2c\xb3\xe3Rw\x89\xfc\xe5\x24\x5c\xfc\x5f\x8e\xab\x8f\x7f.\xaa\xca\x12.\x5d\xb1\x5d\xee\x1b\xe3\x5c\x19\x2cE.\xe3\xca\x8e.n\xb1\x5c</data></match></read>
    <read><length>37</length><match><pcre>.*</pcre></match></read>
    <read><length>4</length><match><pcre>.*</pcre></match></read>
    <read><length>13</length><match><data>\xdb\xca\xed\xe3\x8f\xed\x12.\xb1\x5d\x81\xb1\x3c</data></match></read>
    <read><length>19</length><match><pcre>.*</pcre></match></read>
    <read><length>31</length><match><data>\x89\xd6\xb13R\xa1\x9bE\xea\x5f\xe3Sn\x5f\xa9\xa1\xb3\xed\x9b\xd6\x8c\xea\x5d\xab\x9bX\xe5\xf7\x0f\xee\x0f</data></match></read>
    <read><length>109</length><match><pcre>.*</pcre></match></read>
    <read><length>4</length><match><pcre>.*</pcre></match></read>
    <read><length>13</length><match><data>\xdb\xca\xed\xe3\x8f\xed\x12.\xb1\x5d\x81\xb1\x3c</data></match></read>
    <read><length>19</length><match><pcre>.*</pcre></match></read>
    <read><length>13</length><match><data>\xe3\x3c.\xeeiU\xa9\xb3\xa9wu\xd83</data></match></read>
    <read><length>127</length><match><pcre>.*</pcre></match></read>
    <read><delim>\xd4</delim><match><data>\xde\xe2\x9f\x16</data></match></read>
    <write><data>\x0f\xd4</data></write>
    <read><length>4</length><match><data>\xcb\xcb\xcb\xcb</data></match></read>
    <write><data>\xd5\xd4</data></write>
</replay>
</pov>