<?xml version="1.0" standalone="no" ?>
<!DOCTYPE pov SYSTEM "/usr/share/cgc-docs/replay.dtd">
<pov>
<cbid>service</cbid>
<seed>62b628098aaecf31696162ae79310b86345e38d1e2c8d2e2ae849e38dfed6c19c50323ec5c00ebdb0a6de5acd6670d4a</seed>
<replay>
    <read><length>4</length><match><data>\xf8K\xc5\xf1</data></match></read>
    <write><data>\x89\xd5\x3bB\x1bw\xd5\xed\xe3\x24\x8c\x1b.\xd6\xd4</data></write>
    <read><delim>\xd4</delim><match><data>\x19\xd5ESU\xa1\xd5\x16\x2cU\x16\xa9E\x81\xa9\xa9\xd5\x0f\xd9\x16\x89\xd5\x3bB\x1bw\xd5\xed\xe3\x24\x8c\x1b.\xd6</data></match></read>
    <read><delim>\xd4</delim><match><data>\xde\xe2\x9f\x16</data></match></read>
    <write><data>\xab\xd4\x89\xd5\x3bB\x1bw\xd5\xed\xe3\x24\x8c\x1b.\xd6\xd4</data></write>
    <read><delim>\xd4</delim><match><data>\xde\xe2\x9f\x16</data></match></read>
    <write><data>\xa9\xd4X\xa9\x5dS\xd5\xa9RSS\x7f\x5fB\x81\xe3\x9bU\x7f\x2cii\x12S\xd5XU\x5d\x89uE\xabw\xd6.\x1b\x1b\xcaU\xfc\x19i\xee\x2c\x5d\x5f\x5f\x8c\x8c\xfc.S\xe3\xfc\xab\xd6u\xed\xd4</data></write>
    <read><length>5</length><match><data>\x18\x18\x18\x9d\x16</data></match></read>
    <read><delim>\xd4</delim><match><data>\xde\xe2\x9f\x16</data></match></read>
    <write><data>\xa9\xd4\xea\x0f\x8f\xf6\xb1S\xf7\x8eEnw\x5fwu\x12\xb3\x5f\x81\x81\x5c\x3b\x5f\x8e\x5dU\xb3\x3c\xd5u\xee\x5f\x8e\xaa\xea\x89\xd5E\x82\x5c\xaa\xd4</data></write>
    <read><length>5</length><match><data>\x18\x18\x18\x9d\x16</data></match></read>
    <read><delim>\xd4</delim><match><data>\xde\xe2\x9f\x16</data></match></read>
    <write><data>\xed\xd4</data></write>
    <read><delim>\xd4</delim><match><data>\xde\xe2\x9f\x16</data></match></read>
    <write><data>\xa9\xd4\x12w\x0f\x8f\x8cX\xf6\x1bu\x81\x8c\x3b.\xed3\x3cEE\xe3\x8c\xca\xa1\xe5u.u\x89\xd5\xed\xa9I\xf6\x82\x3c\x9b\x1biE\xaa\x3cE\xd8\xa9\x19\x9b3\xa1\xab\xea\xab\xe5\xd6\x2c\x2c\x5f\x7f\x81\xe3\x5f\x2c\xd4</data></write>
    <read><length>5</length><match><data>\x18\x18\x18\x9d\x16</data></match></read>
    <write><data>\xd5\xd4</data></write>
</replay>
</pov>