<?xml version="1.0" standalone="no" ?>
<!DOCTYPE pov SYSTEM "/usr/share/cgc-docs/replay.dtd">
<pov>
<cbid>service</cbid>
<seed>db627b62560121fe9333221ed03c52f3343b83ed6d888bc371e1d929073d2c9ee77787e90768f5ec4267a50bc3f8d216</seed>
<replay>
    <read><length>4</length><match><data>M\xbd\x0c\xaf</data></match></read>
    <write><data>\xb1\xb1\x8f\x2c\xa1\x19\xb3\x5c\xeaX\x9b\xab\xf6\xaaR\x24\xa9\xd4</data></write>
    <read><delim>\xd4</delim><match><data>\x19\xd5ESU\xa1\xd5\x16\x2cU\x16\xa9E\x81\xa9\xa9\xd5\x0f\xd9\x16\xb1\xb1\x8f\x2c\xa1\x19\xb3\x5c\xeaX\x9b\xab\xf6\xaaR\x24\xa9</data></match></read>
    <read><delim>\xd4</delim><match><data>\xde\xe2\x9f\x16</data></match></read>
    <write><data>\xab\xd4\xb1\xb1\x8f\x2c\xa1\x19\xb3\x5c\xeaX\x9b\xab\xf6\xaaR\x24\xa9\xd4</data></write>
    <read><delim>\xd4</delim><match><data>\xde\xe2\x9f\x16</data></match></read>
    <write><data>\xa9\xd4\xea\x7f\x19\xca\xa1\x8c\x82\x24wS\x9bI\xdb\xe3\x89\x3c3i\x81i\x5d\xee\xdb\xa1\x5d\xee\xe5\x81U\x19\xab\x90\xb1\x8c\x9b\xca\xca.\xdb.\x8f\x19n\x5c\x12\x3cE\xd6i\x2c\xcaB\xed\x5f\x0fiI\xe5\x3b\xca\xab\xd8.\x12\xed\xb3\xcaR\xaa\xdb\xa9\x24\xee\x3c\x90\x12\x90\x7f\xab\x12w\xf7\xe5S\xb3uwB\xd4</data></write>
    <read><length>5</length><match><data>\x18\x18\x18\x9d\x16</data></match></read>
    <read><delim>\xd4</delim><match><data>\xde\xe2\x9f\x16</data></match></read>
    <write><data>\x0f\xd4</data></write>
    <read><length>4</length><match><data>\x7c\xcb\xcb\xcb</data></match></read>
    <read><length>4</length><match><pcre>.*</pcre></match></read>
    <read><length>17</length><match><data>\xb1\xb1\x8f\x2c\xa1\x19\xb3\x5c\xeaX\x9b\xab\xf6\xaaR\x24\xa9</data></match></read>
    <read><length>15</length><match><pcre>.*</pcre></match></read>
    <read><length>88</length><match><data>\xea\x7f\x19\xca\xa1\x8c\x82\x24wS\x9bI\xdb\xe3\x89\x3c3i\x81i\x5d\xee\xdb\xa1\x5d\xee\xe5\x81U\x19\xab\x90\xb1\x8c\x9b\xca\xca.\xdb.\x8f\x19n\x5c\x12\x3cE\xd6i\x2c\xcaB\xed\x5f\x0fiI\xe5\x3b\xca\xab\xd8.\x12\xed\xb3\xcaR\xaa\xdb\xa9\x24\xee\x3c\x90\x12\x90\x7f\xab\x12w\xf7\xe5S\xb3uwB</data></match></read>
    <read><length>52</length><match><pcre>.*</pcre></match></read>
    <read><delim>\xd4</delim><match><data>\xde\xe2\x9f\x16</data></match></read>
    <write><data>\xed\xd4</data></write>
    <read><delim>\xd4</delim><match><data>\xde\xe2\x9f\x16</data></match></read>
    <write><data>\x0f\xd4</data></write>
    <read><length>4</length><match><data>\xcb\xcb\xcb\xcb</data></match></read>
    <read><delim>\xd4</delim><match><data>\xde\xe2\x9f\x16</data></match></read>
    <write><data>\xa9\xd4\x5d\xd6\x82\xd5\xe5\x9b\x24\x5c\x3c\xa1\x89\x2cw\x8c\xca\x1bX\xdb\x24B\x5cB\xaa\x5c\x81\x24\x9b\x89\x19\x7f\x89BU\xee\x1b\xd5\x3c\xa9\xab\x89In\x8f\x90\xb3\xee\x12\x3c\xd6I\x81\xa1\xe5\xeeU\xab\x24\x1b\x90\x12\x1b\xf6\x5d.\xe3U.w\xaa\x24\x82i\x5c\x3cS.\x2ci\xf7\xd4</data></write>
    <read><length>5</length><match><data>\x18\x18\x18\x9d\x16</data></match></read>
    <read><delim>\xd4</delim><match><data>\xde\xe2\x9f\x16</data></match></read>
    <write><data>\xa9\xd4.\x1bI\xd8\x8eI\x0f\xe3\x24\xe3\x3bR\x24\x90w\xd5\x2c\x8f3\x19\x82\xaa\x89\x5c\xfc\x5d\xeaw\x2c\x9b\x90X\xed\x3c\xa1\x81B\xca\x8eB\x5f\xa9I3\xb3\x1b\x5fIE\x9b\x82\xf7\x0fX\xd5\xd6E\xed\xabnS\x8cIw\xb3\x3b\x8e\xabU\x89\xaa\xd6\x8e\xaa.\xd5\x19\x5c\xd6\xb1\x3b\xdb\x82\x12\x82\xeei\x7f\xe5\x90\xeei\x19\xb1\xca\x1b\xd5\x89n\x82\x24\xb3\x8e.\xd5\xf6\x2cXw\x3c\x81\xea3I\x90\x5c\xd4</data></write>
    <read><length>5</length><match><data>\x18\x18\x18\x9d\x16</data></match></read>
    <read><delim>\xd4</delim><match><data>\xde\xe2\x9f\x16</data></match></read>
    <write><data>\x0f\xd4</data></write>
    <read><length>4</length><match><data>\xd2\xcb\xcb\xcb</data></match></read>
    <read><length>4</length><match><pcre>.*</pcre></match></read>
    <read><length>17</length><match><data>\xb1\xb1\x8f\x2c\xa1\x19\xb3\x5c\xeaX\x9b\xab\xf6\xaaR\x24\xa9</data></match></read>
    <read><length>15</length><match><pcre>.*</pcre></match></read>
    <read><length>79</length><match><data>\x5d\xd6\x82\xd5\xe5\x9b\x24\x5c\x3c\xa1\x89\x2cw\x8c\xca\x1bX\xdb\x24B\x5cB\xaa\x5c\x81\x24\x9b\x89\x19\x7f\x89BU\xee\x1b\xd5\x3c\xa9\xab\x89In\x8f\x90\xb3\xee\x12\x3c\xd6I\x81\xa1\xe5\xeeU\xab\x24\x1b\x90\x12\x1b\xf6\x5d.\xe3U.w\xaa\x24\x82i\x5c\x3cS.\x2ci\xf7</data></match></read>
    <read><length>61</length><match><pcre>.*</pcre></match></read>
    <read><length>4</length><match><pcre>.*</pcre></match></read>
    <read><length>17</length><match><data>\xb1\xb1\x8f\x2c\xa1\x19\xb3\x5c\xeaX\x9b\xab\xf6\xaaR\x24\xa9</data></match></read>
    <read><length>15</length><match><pcre>.*</pcre></match></read>
    <read><length>116</length><match><data>.\x1bI\xd8\x8eI\x0f\xe3\x24\xe3\x3bR\x24\x90w\xd5\x2c\x8f3\x19\x82\xaa\x89\x5c\xfc\x5d\xeaw\x2c\x9b\x90X\xed\x3c\xa1\x81B\xca\x8eB\x5f\xa9I3\xb3\x1b\x5fIE\x9b\x82\xf7\x0fX\xd5\xd6E\xed\xabnS\x8cIw\xb3\x3b\x8e\xabU\x89\xaa\xd6\x8e\xaa.\xd5\x19\x5c\xd6\xb1\x3b\xdb\x82\x12\x82\xeei\x7f\xe5\x90\xeei\x19\xb1\xca\x1b\xd5\x89n\x82\x24\xb3\x8e.\xd5\xf6\x2cXw\x3c\x81\xea3I\x90\x5c</data></match></read>
    <read><length>24</length><match><pcre>.*</pcre></match></read>
    <read><delim>\xd4</delim><match><data>\xde\xe2\x9f\x16</data></match></read>
    <write><data>\xed\xd4</data></write>
    <read><delim>\xd4</delim><match><data>\xde\xe2\x9f\x16</data></match></read>
    <write><data>\xa9\xd4\x90\x9b\xfc\xf7\x0f\x7f\x90\xe3\x0fB\x8e\x19\xea\xb1\xa9.\xe3\x3c\xed\xa1\xca\x8c\x5c\xdb\xe3\xab\x89\x5c\xed\xe5\xaa\xedni\xd6B\xe5\xd5i\xee\xf6\x8e\x12\x5c\xfc\xb1.\x3c\x5fUX\x81\xdb\x5c\x3b\xf7\xca\x5f\x2c\x24\xd8\xf6\xeaU\xeaIE\xd5\xb1\x5d\xed\x3c\xaa\xf7X\xea\xd4</data></write>
    <read><length>5</length><match><data>\x18\x18\x18\x9d\x16</data></match></read>
    <read><delim>\xd4</delim><match><data>\xde\xe2\x9f\x16</data></match></read>
    <write><data>\xa9\xd4\xe3\xaa\x3b\x2c\x3c\xfc\xd5u\x8e\x5c\x12R\xe3\x3c\x0fiS\xe5\xfcX\xf6\x8e\xfc.\xa9\x5d\x0fUB\x8f\x5dR.\xf7\x19\x3c\xb1X\xb3\x0f\xe3\x5fB\x8f\x90\x8c\xe3\xd8\x19\xa9\xee\xb3\xa1\xa1\xb3\x5f\x8e\xd6\xd5\xfc\x5f\x8f\xf6\xd6\xf7\x0f\x81\x9bR\x5d\x8f\x5c\x5c\xe3\xd4</data></write>
    <read><length>5</length><match><data>\x18\x18\x18\x9d\x16</data></match></read>
    <read><delim>\xd4</delim><match><data>\xde\xe2\x9f\x16</data></match></read>
    <write><data>\xa9\xd4\x19\xd5X\x24\x19\x5c\xe5\xd8\xf6\x90\xa9\xb3\xa9\xd4</data></write>
    <read><length>5</length><match><data>\x18\x18\x18\x9d\x16</data></match></read>
    <read><delim>\xd4</delim><match><data>\xde\xe2\x9f\x16</data></match></read>
    <write><data>\x0f\xd4</data></write>
    <read><length>4</length><match><data>l\xcb\xcb\xcb</data></match></read>
    <read><length>4</length><match><pcre>.*</pcre></match></read>
    <read><length>17</length><match><data>\xb1\xb1\x8f\x2c\xa1\x19\xb3\x5c\xeaX\x9b\xab\xf6\xaaR\x24\xa9</data></match></read>
    <read><length>15</length><match><pcre>.*</pcre></match></read>
    <read><length>76</length><match><data>\x90\x9b\xfc\xf7\x0f\x7f\x90\xe3\x0fB\x8e\x19\xea\xb1\xa9.\xe3\x3c\xed\xa1\xca\x8c\x5c\xdb\xe3\xab\x89\x5c\xed\xe5\xaa\xedni\xd6B\xe5\xd5i\xee\xf6\x8e\x12\x5c\xfc\xb1.\x3c\x5fUX\x81\xdb\x5c\x3b\xf7\xca\x5f\x2c\x24\xd8\xf6\xeaU\xeaIE\xd5\xb1\x5d\xed\x3c\xaa\xf7X\xea</data></match></read>
    <read><length>64</length><match><pcre>.*</pcre></match></read>
    <read><length>4</length><match><pcre>.*</pcre></match></read>
    <read><length>17</length><match><data>\xb1\xb1\x8f\x2c\xa1\x19\xb3\x5c\xeaX\x9b\xab\xf6\xaaR\x24\xa9</data></match></read>
    <read><length>15</length><match><pcre>.*</pcre></match></read>
    <read><length>74</length><match><data>\xe3\xaa\x3b\x2c\x3c\xfc\xd5u\x8e\x5c\x12R\xe3\x3c\x0fiS\xe5\xfcX\xf6\x8e\xfc.\xa9\x5d\x0fUB\x8f\x5dR.\xf7\x19\x3c\xb1X\xb3\x0f\xe3\x5fB\x8f\x90\x8c\xe3\xd8\x19\xa9\xee\xb3\xa1\xa1\xb3\x5f\x8e\xd6\xd5\xfc\x5f\x8f\xf6\xd6\xf7\x0f\x81\x9bR\x5d\x8f\x5c\x5c\xe3</data></match></read>
    <read><length>66</length><match><pcre>.*</pcre></match></read>
    <read><length>4</length><match><pcre>.*</pcre></match></read>
    <read><length>17</length><match><data>\xb1\xb1\x8f\x2c\xa1\x19\xb3\x5c\xeaX\x9b\xab\xf6\xaaR\x24\xa9</data></match></read>
    <read><length>15</length><match><pcre>.*</pcre></match></read>
    <read><length>13</length><match><data>\x19\xd5X\x24\x19\x5c\xe5\xd8\xf6\x90\xa9\xb3\xa9</data></match></read>
    <read><length>127</length><match><pcre>.*</pcre></match></read>
    <read><delim>\xd4</delim><match><data>\xde\xe2\x9f\x16</data></match></read>
    <write><data>\xed\xd4</data></write>
    <read><delim>\xd4</delim><match><data>\xde\xe2\x9f\x16</data></match></read>
    <write><data>\x0f\xd4</data></write>
    <read><length>4</length><match><data>\xcb\xcb\xcb\xcb</data></match></read>
    <read><delim>\xd4</delim><match><data>\xde\xe2\x9f\x16</data></match></read>
    <write><data>\xa9\xd4\xee\xaa\x5dU\xab\xednE\x3b\xdb\xd5\xdbX\xe3SX\x19\x3b\x19\x89\x81u\x5fR\x90\xb1U\x3c\xe3wS\xee\xfc\x3c\x3c\x24\x3b\xd6\x24\x9bXw\x7f\x81\xb3\xe5\xd8\x8e\xca\xa1\xb1\x0fR\x90\x5c\xa1\xb3R\x5cS\x1bR\xd5Xw\x82\x5d\xea\xf7u\xfcX\xd6S\xfc\x89\x89\xf7u\xd5\x3b\xeaX\xaa\x89\x7f\xfc\x3c\x1b\xab\x3c\xd5\xab\x5c\xd4</data></write>
    <read><length>5</length><match><data>\x18\x18\x18\x9d\x16</data></match></read>
    <read><delim>\xd4</delim><match><data>\xde\xe2\x9f\x16</data></match></read>
    <write><data>\xa9\xd4\x7f\xf6\xdbu\xb1\xe5w\x8e\xf6B\xd6i\x7f\x19\x5f\xd5\xd6\x7f\xee.\xdb\xe3\xd8Sw\xb3\xd4</data></write>
    <read><length>5</length><match><data>\x18\x18\x18\x9d\x16</data></match></read>
    <read><delim>\xd4</delim><match><data>\xde\xe2\x9f\x16</data></match></read>
    <write><data>\xed\xd4</data></write>
    <read><delim>\xd4</delim><match><data>\xde\xe2\x9f\x16</data></match></read>
    <write><data>\x0f\xd4</data></write>
    <read><length>4</length><match><data>\xd2\xcb\xcb\xcb</data></match></read>
    <read><length>4</length><match><pcre>.*</pcre></match></read>
    <read><length>17</length><match><data>\xb1\xb1\x8f\x2c\xa1\x19\xb3\x5c\xeaX\x9b\xab\xf6\xaaR\x24\xa9</data></match></read>
    <read><length>15</length><match><pcre>.*</pcre></match></read>
    <read><length>94</length><match><data>\xee\xaa\x5dU\xab\xednE\x3b\xdb\xd5\xdbX\xe3SX\x19\x3b\x19\x89\x81u\x5fR\x90\xb1U\x3c\xe3wS\xee\xfc\x3c\x3c\x24\x3b\xd6\x24\x9bXw\x7f\x81\xb3\xe5\xd8\x8e\xca\xa1\xb1\x0fR\x90\x5c\xa1\xb3R\x5cS\x1bR\xd5Xw\x82\x5d\xea\xf7u\xfcX\xd6S\xfc\x89\x89\xf7u\xd5\x3b\xeaX\xaa\x89\x7f\xfc\x3c\x1b\xab\x3c\xd5\xab\x5c</data></match></read>
    <read><length>46</length><match><pcre>.*</pcre></match></read>
    <read><length>4</length><match><pcre>.*</pcre></match></read>
    <read><length>17</length><match><data>\xb1\xb1\x8f\x2c\xa1\x19\xb3\x5c\xeaX\x9b\xab\xf6\xaaR\x24\xa9</data></match></read>
    <read><length>15</length><match><pcre>.*</pcre></match></read>
    <read><length>26</length><match><data>\x7f\xf6\xdbu\xb1\xe5w\x8e\xf6B\xd6i\x7f\x19\x5f\xd5\xd6\x7f\xee.\xdb\xe3\xd8Sw\xb3</data></match></read>
    <read><length>114</length><match><pcre>.*</pcre></match></read>
    <read><delim>\xd4</delim><match><data>\xde\xe2\x9f\x16</data></match></read>
    <write><data>\xed\xd4</data></write>
    <read><delim>\xd4</delim><match><data>\xde\xe2\x9f\x16</data></match></read>
    <write><data>\x0f\xd4</data></write>
    <read><length>4</length><match><data>\xcb\xcb\xcb\xcb</data></match></read>
    <read><delim>\xd4</delim><match><data>\xde\xe2\x9f\x16</data></match></read>
    <write><data>\xed\xd4</data></write>
    <read><delim>\xd4</delim><match><data>\xde\xe2\x9f\x16</data></match></read>
    <write><data>\xa9\xd4\xaa3u\x3b\x8e\x81u\x9b\xd6\xaa\xa1\xdbR\x5c\xdbX\xe3\xf7iE\x7fi\x7f\xd8\x5c.\x8fi\x8e\x2c\x3bu\x81.\xaa\xe5\x19\x0f\xab\xdb.\x7f.\xedn\x8f\x81\xd4</data></write>
    <read><length>5</length><match><data>\x18\x18\x18\x9d\x16</data></match></read>
    <read><delim>\xd4</delim><match><data>\xde\xe2\x9f\x16</data></match></read>
    <write><data>\xa9\xd4\x2c\xb3\x2c3B\xe5\xed\xed\xd5\x5f\xdb\xd5\x2cB\xaa\xe5\x9b\xee\x9b\x90\xa9\x3b\xe5\xf7\xf7\xdb\x3cn\x5f\xe5\xfc\xee\x0f\xf7\x813iU\x2cSEE\x7f\xd6\x19\xd6\xf6\xe5\xed\x3b\xab\x1b\xd6\xaa\xa1\x3b\x8f\x193\x5d\xab\x1b\xa1\x19X\x8f\x5d\xd8\x9b\xf7E\x82\x81\xeeu.U3\x19\xabn\xa1i\x5dESEi\xf7\x3c\xed.\xeaR\xab3\x82\xd8n\x3b\x5cB\x24\x82\xb1S\x7f\xaaX\xfcw\xa9\xe5w\xab\xa9\xd4</data></write>
    <read><length>5</length><match><data>\x18\x18\x18\x9d\x16</data></match></read>
    <read><delim>\xd4</delim><match><data>\xde\xe2\x9f\x16</data></match></read>
    <write><data>\x0f\xd4</data></write>
    <read><length>4</length><match><data>\xd2\xcb\xcb\xcb</data></match></read>
    <read><length>4</length><match><pcre>.*</pcre></match></read>
    <read><length>17</length><match><data>\xb1\xb1\x8f\x2c\xa1\x19\xb3\x5c\xeaX\x9b\xab\xf6\xaaR\x24\xa9</data></match></read>
    <read><length>15</length><match><pcre>.*</pcre></match></read>
    <read><length>47</length><match><data>\xaa3u\x3b\x8e\x81u\x9b\xd6\xaa\xa1\xdbR\x5c\xdbX\xe3\xf7iE\x7fi\x7f\xd8\x5c.\x8fi\x8e\x2c\x3bu\x81.\xaa\xe5\x19\x0f\xab\xdb.\x7f.\xedn\x8f\x81</data></match></read>
    <read><length>93</length><match><pcre>.*</pcre></match></read>
    <read><length>4</length><match><pcre>.*</pcre></match></read>
    <read><length>17</length><match><data>\xb1\xb1\x8f\x2c\xa1\x19\xb3\x5c\xeaX\x9b\xab\xf6\xaaR\x24\xa9</data></match></read>
    <read><length>15</length><match><pcre>.*</pcre></match></read>
    <read><length>116</length><match><data>\x2c\xb3\x2c3B\xe5\xed\xed\xd5\x5f\xdb\xd5\x2cB\xaa\xe5\x9b\xee\x9b\x90\xa9\x3b\xe5\xf7\xf7\xdb\x3cn\x5f\xe5\xfc\xee\x0f\xf7\x813iU\x2cSEE\x7f\xd6\x19\xd6\xf6\xe5\xed\x3b\xab\x1b\xd6\xaa\xa1\x3b\x8f\x193\x5d\xab\x1b\xa1\x19X\x8f\x5d\xd8\x9b\xf7E\x82\x81\xeeu.U3\x19\xabn\xa1i\x5dESEi\xf7\x3c\xed.\xeaR\xab3\x82\xd8n\x3b\x5cB\x24\x82\xb1S\x7f\xaaX\xfcw\xa9\xe5w\xab\xa9</data></match></read>
    <read><length>24</length><match><pcre>.*</pcre></match></read>
    <read><delim>\xd4</delim><match><data>\xde\xe2\x9f\x16</data></match></read>
    <write><data>\xa9\xd4\x24.i\xed\xe3Bi\x8c\xa1\x19\xeaS\xb1\xf7\xd6\x5d\xf6\xa9E\x90\xee\xf63\xfc\x3c\x8f\xe5\x90\xf7S\xa1\x8e\x2c\x8c\x2cw\xcaS\xf6\x2c\x19\x12\xd5w\xd8\xd8\xaaI\xd4</data></write>
    <read><length>5</length><match><data>\x18\x18\x18\x9d\x16</data></match></read>
    <read><delim>\xd4</delim><match><data>\xde\xe2\x9f\x16</data></match></read>
    <write><data>\xa9\xd4\xd5\x0f\x2c3\xa1\xd6\xa1\xd6\xe3US\x24\xed\xb1n\x5dn\xdb\xee\xee\xe3\xd5B\x82\xe3\xb1\x3c\xe3n\x7f\xd6n\xaa.\x81iB\x7fI\x1b\x3b\x5d\xcaU\x903\xf6\xfc\x2c\xab\x8e\x5f\xd8\x12\x8fu\x0f\xe5X\xd6\xea\x19\xa9i\xd5nE\x89\xf7\xee\x82\xe3\x8eS\x5dI\xe5\xa9\xd6\x5c\xdb\x12\xee\x89\x89\x1b\x12\xcaE\x5f\x89\xd5\x0f\x8e\xa9\x89\x5dB\xd8\x3b\xb3\x9b\x81\xb3i\xb3\x9bBB\x8e\xaa\x12.\xca\x5c\xe5\xea\xd6\x3c3\xd4</data></write>
    <read><length>5</length><match><data>\x18\x18\x18\x9d\x16</data></match></read>
    <read><delim>\xd4</delim><match><data>\xde\xe2\x9f\x16</data></match></read>
    <write><data>\xed\xd4</data></write>
    <read><delim>\xd4</delim><match><data>\xde\xe2\x9f\x16</data></match></read>
    <write><data>\x0f\xd4</data></write>
    <read><length>4</length><match><data>\xd2\xcb\xcb\xcb</data></match></read>
    <read><length>4</length><match><pcre>.*</pcre></match></read>
    <read><length>17</length><match><data>\xb1\xb1\x8f\x2c\xa1\x19\xb3\x5c\xeaX\x9b\xab\xf6\xaaR\x24\xa9</data></match></read>
    <read><length>15</length><match><pcre>.*</pcre></match></read>
    <read><length>48</length><match><data>\x24.i\xed\xe3Bi\x8c\xa1\x19\xeaS\xb1\xf7\xd6\x5d\xf6\xa9E\x90\xee\xf63\xfc\x3c\x8f\xe5\x90\xf7S\xa1\x8e\x2c\x8c\x2cw\xcaS\xf6\x2c\x19\x12\xd5w\xd8\xd8\xaaI</data></match></read>
    <read><length>92</length><match><pcre>.*</pcre></match></read>
    <read><length>4</length><match><pcre>.*</pcre></match></read>
    <read><length>17</length><match><data>\xb1\xb1\x8f\x2c\xa1\x19\xb3\x5c\xeaX\x9b\xab\xf6\xaaR\x24\xa9</data></match></read>
    <read><length>15</length><match><pcre>.*</pcre></match></read>
    <read><length>120</length><match><data>\xd5\x0f\x2c3\xa1\xd6\xa1\xd6\xe3US\x24\xed\xb1n\x5dn\xdb\xee\xee\xe3\xd5B\x82\xe3\xb1\x3c\xe3n\x7f\xd6n\xaa.\x81iB\x7fI\x1b\x3b\x5d\xcaU\x903\xf6\xfc\x2c\xab\x8e\x5f\xd8\x12\x8fu\x0f\xe5X\xd6\xea\x19\xa9i\xd5nE\x89\xf7\xee\x82\xe3\x8eS\x5dI\xe5\xa9\xd6\x5c\xdb\x12\xee\x89\x89\x1b\x12\xcaE\x5f\x89\xd5\x0f\x8e\xa9\x89\x5dB\xd8\x3b\xb3\x9b\x81\xb3i\xb3\x9bBB\x8e\xaa\x12.\xca\x5c\xe5\xea\xd6\x3c3</data></match></read>
    <read><length>20</length><match><pcre>.*</pcre></match></read>
    <read><delim>\xd4</delim><match><data>\xde\xe2\x9f\x16</data></match></read>
    <write><data>\xa9\xd4E\xf7B\xd8\x90\x8f\x89\x12\xeauu\x2c\x1bU\xd6\xf7n\x8c\x8f\x81u\x8f\x89\x12\x3c\x1b\x8e\x0f\xaaE3\x5f\x7fI\x81\xfcR\x12i\xab.\xea\xdb.\x3b\xb1\x5c\x82\x12u\x3b\xee\xb1.3\x12\xd4</data></write>
    <read><length>5</length><match><data>\x18\x18\x18\x9d\x16</data></match></read>
    <read><delim>\xd4</delim><match><data>\xde\xe2\x9f\x16</data></match></read>
    <write><data>\xa9\xd4\x2c\x2c\xfc\x5c\x19\x5f\xd6\xa9\x7f\xa1\x89\x24w\x24\x7f\x5cw\xee3\x7f\xa9\x8f\x8f\xa9\x12\xa13SR\x2cUu\x1b\xdb\xd6\xee\x89\xa1\x8e\x5f\x5cn\x7f\x1b\x5c\xaaSS\x90\xb1n\x5d\xa9\x5c\x0f\x9b\xa9\xed\xf73\x0f\xe5\x3b\xab\x5c\xabI\xa9\xa1\x5c\x5f\xb1\xee\xb3\xd6R\x8f\x3b\xe5\xfc\xd6\x1b\xf6\xe3\x24\x5f\x19\xee\xf6\xed\x5f\x12\xd4</data></write>
    <read><length>5</length><match><data>\x18\x18\x18\x9d\x16</data></match></read>
    <read><delim>\xd4</delim><match><data>\xde\xe2\x9f\x16</data></match></read>
    <write><data>\x0f\xd4</data></write>
    <read><length>4</length><match><data>\xd2\xcb\xcb\xcb</data></match></read>
    <read><length>4</length><match><pcre>.*</pcre></match></read>
    <read><length>17</length><match><data>\xb1\xb1\x8f\x2c\xa1\x19\xb3\x5c\xeaX\x9b\xab\xf6\xaaR\x24\xa9</data></match></read>
    <read><length>15</length><match><pcre>.*</pcre></match></read>
    <read><length>56</length><match><data>E\xf7B\xd8\x90\x8f\x89\x12\xeauu\x2c\x1bU\xd6\xf7n\x8c\x8f\x81u\x8f\x89\x12\x3c\x1b\x8e\x0f\xaaE3\x5f\x7fI\x81\xfcR\x12i\xab.\xea\xdb.\x3b\xb1\x5c\x82\x12u\x3b\xee\xb1.3\x12</data></match></read>
    <read><length>84</length><match><pcre>.*</pcre></match></read>
    <read><length>4</length><match><pcre>.*</pcre></match></read>
    <read><length>17</length><match><data>\xb1\xb1\x8f\x2c\xa1\x19\xb3\x5c\xeaX\x9b\xab\xf6\xaaR\x24\xa9</data></match></read>
    <read><length>15</length><match><pcre>.*</pcre></match></read>
    <read><length>92</length><match><data>\x2c\x2c\xfc\x5c\x19\x5f\xd6\xa9\x7f\xa1\x89\x24w\x24\x7f\x5cw\xee3\x7f\xa9\x8f\x8f\xa9\x12\xa13SR\x2cUu\x1b\xdb\xd6\xee\x89\xa1\x8e\x5f\x5cn\x7f\x1b\x5c\xaaSS\x90\xb1n\x5d\xa9\x5c\x0f\x9b\xa9\xed\xf73\x0f\xe5\x3b\xab\x5c\xabI\xa9\xa1\x5c\x5f\xb1\xee\xb3\xd6R\x8f\x3b\xe5\xfc\xd6\x1b\xf6\xe3\x24\x5f\x19\xee\xf6\xed\x5f\x12</data></match></read>
    <read><length>48</length><match><pcre>.*</pcre></match></read>
    <read><delim>\xd4</delim><match><data>\xde\xe2\x9f\x16</data></match></read>
    <write><data>\xa9\xd4w\xf6\xe3\x82\xf6\x24\xb3U\xaa.X\xa9\xaa\x5d\xd8w\x8e3\xca\xa1\x7f\x3b\x12I\x3b\xf7\xea\x2c\x81\x3b\x24BR\x12\x193\x7f\xa1U\xd6\x3bXSU\x81\xe3U\x8c\xe3\xcaB.\xb1\xabU\xd8\x82\xdb\xabR\xe5w\x0f\xd8\xb1\xd4</data></write>
    <read><length>5</length><match><data>\x18\x18\x18\x9d\x16</data></match></read>
    <read><delim>\xd4</delim><match><data>\xde\xe2\x9f\x16</data></match></read>
    <write><data>\x0f\xd4</data></write>
    <read><length>4</length><match><data>\x7c\xcb\xcb\xcb</data></match></read>
    <read><length>4</length><match><pcre>.*</pcre></match></read>
    <read><length>17</length><match><data>\xb1\xb1\x8f\x2c\xa1\x19\xb3\x5c\xeaX\x9b\xab\xf6\xaaR\x24\xa9</data></match></read>
    <read><length>15</length><match><pcre>.*</pcre></match></read>
    <read><length>65</length><match><data>w\xf6\xe3\x82\xf6\x24\xb3U\xaa.X\xa9\xaa\x5d\xd8w\x8e3\xca\xa1\x7f\x3b\x12I\x3b\xf7\xea\x2c\x81\x3b\x24BR\x12\x193\x7f\xa1U\xd6\x3bXSU\x81\xe3U\x8c\xe3\xcaB.\xb1\xabU\xd8\x82\xdb\xabR\xe5w\x0f\xd8\xb1</data></match></read>
    <read><length>75</length><match><pcre>.*</pcre></match></read>
    <read><delim>\xd4</delim><match><data>\xde\xe2\x9f\x16</data></match></read>
    <write><data>\xa9\xd4\x8f\x8cI\xfc\x90\x8c\xb3X\x2c\x7f\xea3\xaa\x82\x8f\x82\x1b\x3c\xd6\xd6\x89n\x89\x2c\x24I\xee\x90\xed\x3b\x5f\x8c\x24.\x24\xe3\xb1\x8f\x3b\xd6\x7fR\x81\x5fI\x82\xca\xeeI\x82\xf7\xea\x89\xd6\x0f\xb1\x7f\x8e\xdbR\x5d\xf6R\x19SIB\xca\xaaw\x3b\xa1u\xca\x82uS\x2c\x90\x7f\xa1R\xe3\xdb\x3b\x81\xdb\x9b\x1b\xfc\xcaE\xd4</data></write>
    <read><length>5</length><match><data>\x18\x18\x18\x9d\x16</data></match></read>
    <read><delim>\xd4</delim><match><data>\xde\xe2\x9f\x16</data></match></read>
    <write><data>\xed\xd4</data></write>
    <read><delim>\xd4</delim><match><data>\xde\xe2\x9f\x16</data></match></read>
    <write><data>\xed\xd4</data></write>
    <read><delim>\xd4</delim><match><data>\xde\xe2\x9f\x16</data></match></read>
    <write><data>\x0f\xd4</data></write>
    <read><length>4</length><match><data>\x7c\xcb\xcb\xcb</data></match></read>
    <read><length>4</length><match><pcre>.*</pcre></match></read>
    <read><length>17</length><match><data>\xb1\xb1\x8f\x2c\xa1\x19\xb3\x5c\xeaX\x9b\xab\xf6\xaaR\x24\xa9</data></match></read>
    <read><length>15</length><match><pcre>.*</pcre></match></read>
    <read><length>92</length><match><data>\x8f\x8cI\xfc\x90\x8c\xb3X\x2c\x7f\xea3\xaa\x82\x8f\x82\x1b\x3c\xd6\xd6\x89n\x89\x2c\x24I\xee\x90\xed\x3b\x5f\x8c\x24.\x24\xe3\xb1\x8f\x3b\xd6\x7fR\x81\x5fI\x82\xca\xeeI\x82\xf7\xea\x89\xd6\x0f\xb1\x7f\x8e\xdbR\x5d\xf6R\x19SIB\xca\xaaw\x3b\xa1u\xca\x82uS\x2c\x90\x7f\xa1R\xe3\xdb\x3b\x81\xdb\x9b\x1b\xfc\xcaE</data></match></read>
    <read><length>48</length><match><pcre>.*</pcre></match></read>
    <read><delim>\xd4</delim><match><data>\xde\xe2\x9f\x16</data></match></read>
    <write><data>\xa9\xd4\xb3\x81\xf7\x2c\x8f\x8eI\xe5\x3c\xd5\x5f\xdb\xe5B\xca\xf7\x5f\x5f\xed\xd5I\x89\xd5\xca\x8c\xd4</data></write>
    <read><length>5</length><match><data>\x18\x18\x18\x9d\x16</data></match></read>
    <read><delim>\xd4</delim><match><data>\xde\xe2\x9f\x16</data></match></read>
    <write><data>\xa9\xd4\x5dn\x19\x3c\xea\x0f\xab\x82\xee\xee\x3b\xea\xd5\x8e\xab\xe3X\x8c\xb3\x5dE\x19\x12iX\xdb.\x19\xb1\x3bB\xa9U\xe5\xaa.\xf7\xe5\x3bU\x0f\x81i\xe5u\xaa\xab\x5f\xa9nIiX\x0f\x2cS\x8c\x2cS\x12w\xf6\x813B\xb3\x24\xd5\xca\x0f\x1b\x89BX\xee\xed\xd6\x5d\xca\xfc\x24\x8e\x8e\x8e\x5d\x5c\x3c\xa1\xee\xdb\x19S\x5c\x8e\xdb\x8cU\x0f\xaa\x7f\x24\xd5\xd6\xd6\x7f.i\xd6\x5d\xd6\xb3\xabw\x8e\xd4</data></write>
    <read><length>5</length><match><data>\x18\x18\x18\x9d\x16</data></match></read>
    <read><delim>\xd4</delim><match><data>\xde\xe2\x9f\x16</data></match></read>
    <write><data>\x0f\xd4</data></write>
    <read><length>4</length><match><data>\xd2\xcb\xcb\xcb</data></match></read>
    <read><length>4</length><match><pcre>.*</pcre></match></read>
    <read><length>17</length><match><data>\xb1\xb1\x8f\x2c\xa1\x19\xb3\x5c\xeaX\x9b\xab\xf6\xaaR\x24\xa9</data></match></read>
    <read><length>15</length><match><pcre>.*</pcre></match></read>
    <read><length>25</length><match><data>\xb3\x81\xf7\x2c\x8f\x8eI\xe5\x3c\xd5\x5f\xdb\xe5B\xca\xf7\x5f\x5f\xed\xd5I\x89\xd5\xca\x8c</data></match></read>
    <read><length>115</length><match><pcre>.*</pcre></match></read>
    <read><length>4</length><match><pcre>.*</pcre></match></read>
    <read><length>17</length><match><data>\xb1\xb1\x8f\x2c\xa1\x19\xb3\x5c\xeaX\x9b\xab\xf6\xaaR\x24\xa9</data></match></read>
    <read><length>15</length><match><pcre>.*</pcre></match></read>
    <read><length>114</length><match><data>\x5dn\x19\x3c\xea\x0f\xab\x82\xee\xee\x3b\xea\xd5\x8e\xab\xe3X\x8c\xb3\x5dE\x19\x12iX\xdb.\x19\xb1\x3bB\xa9U\xe5\xaa.\xf7\xe5\x3bU\x0f\x81i\xe5u\xaa\xab\x5f\xa9nIiX\x0f\x2cS\x8c\x2cS\x12w\xf6\x813B\xb3\x24\xd5\xca\x0f\x1b\x89BX\xee\xed\xd6\x5d\xca\xfc\x24\x8e\x8e\x8e\x5d\x5c\x3c\xa1\xee\xdb\x19S\x5c\x8e\xdb\x8cU\x0f\xaa\x7f\x24\xd5\xd6\xd6\x7f.i\xd6\x5d\xd6\xb3\xabw\x8e</data></match></read>
    <read><length>26</length><match><pcre>.*</pcre></match></read>
    <read><delim>\xd4</delim><match><data>\xde\xe2\x9f\x16</data></match></read>
    <write><data>\x0f\xd4</data></write>
    <read><length>4</length><match><data>\xcb\xcb\xcb\xcb</data></match></read>
    <read><delim>\xd4</delim><match><data>\xde\xe2\x9f\x16</data></match></read>
    <write><data>\xed\xd4</data></write>
    <read><delim>\xd4</delim><match><data>\xde\xe2\x9f\x16</data></match></read>
    <write><data>\xed\xd4</data></write>
    <read><delim>\xd4</delim><match><data>\xde\xe2\x9f\x16</data></match></read>
    <write><data>\x0f\xd4</data></write>
    <read><length>4</length><match><data>\xcb\xcb\xcb\xcb</data></match></read>
    <read><delim>\xd4</delim><match><data>\xde\xe2\x9f\x16</data></match></read>
    <write><data>\xa9\xd4\x123\xfc\x3b\xaa\x90\x2c\x8e\x90u\x5fwU\x82\xe33\xb1\xea\x3b.U\x90\xfc\xd6.\x12\x5c\xca\x19\xd8\x8e3\xe5\x90\x0f3\x19\x8f\x19\x81S\xa1\x8c\x3b\xed\xd6w\x7f\xb3\x0fE\x90\xedi\xa1I\xeaU\xdb\x89\x81\xed\x82\xea\x89\x24\x90iX\x5d\x1b\xd8EE\x19.\xee\x9b3\xa1\x3b\xf63\xd8\xfc\x8f\xf6BEU\x19\xa9\x9b\x90\x8f\x3c\x8e\xab\x2c\x82n\x8c.\xea\xa9\xdb\xd5\xa1\xed\x7f\x7f\xa9.\xca\xabu\xaaw\xaa\xd4</data></write>
    <read><length>5</length><match><data>\x18\x18\x18\x9d\x16</data></match></read>
    <read><delim>\xd4</delim><match><data>\xde\xe2\x9f\x16</data></match></read>
    <write><data>\xed\xd4</data></write>
    <read><delim>\xd4</delim><match><data>\xde\xe2\x9f\x16</data></match></read>
    <write><data>\xed\xd4</data></write>
    <read><delim>\xd4</delim><match><data>\xde\xe2\x9f\x16</data></match></read>
    <write><data>\xed\xd4</data></write>
    <read><delim>\xd4</delim><match><data>\xde\xe2\x9f\x16</data></match></read>
    <write><data>\xa9\xd4\x0f\xa9\xaa\x2c\x5f\x2c\x7f\xd6\xf7\xd53\x82u\x7f\x5fi\xab\xaa\xab\xb1\x3c\x1bSE\x3c\xea\x89S\xd6\x8f\x1b\x7fnR\xaa\xdb\x89\x9bS\x9b\x9bi\x3buR\x1b\xd6\x90\xd6\x0fn\x3c\xb3\x8f\xe3\x2c\x5c\xb3\x3c\xa9\x19IE\x1b\xeaRR\x2c\xee\x5f\x90\xd5\xe3\xe5X\x8c\x8cw\xd4</data></write>
    <read><length>5</length><match><data>\x18\x18\x18\x9d\x16</data></match></read>
    <read><delim>\xd4</delim><match><data>\xde\xe2\x9f\x16</data></match></read>
    <write><data>\x0f\xd4</data></write>
    <read><length>4</length><match><data>\xd2\xcb\xcb\xcb</data></match></read>
    <read><length>4</length><match><pcre>.*</pcre></match></read>
    <read><length>17</length><match><data>\xb1\xb1\x8f\x2c\xa1\x19\xb3\x5c\xeaX\x9b\xab\xf6\xaaR\x24\xa9</data></match></read>
    <read><length>15</length><match><pcre>.*</pcre></match></read>
    <read><length>119</length><match><data>\x123\xfc\x3b\xaa\x90\x2c\x8e\x90u\x5fwU\x82\xe33\xb1\xea\x3b.U\x90\xfc\xd6.\x12\x5c\xca\x19\xd8\x8e3\xe5\x90\x0f3\x19\x8f\x19\x81S\xa1\x8c\x3b\xed\xd6w\x7f\xb3\x0fE\x90\xedi\xa1I\xeaU\xdb\x89\x81\xed\x82\xea\x89\x24\x90iX\x5d\x1b\xd8EE\x19.\xee\x9b3\xa1\x3b\xf63\xd8\xfc\x8f\xf6BEU\x19\xa9\x9b\x90\x8f\x3c\x8e\xab\x2c\x82n\x8c.\xea\xa9\xdb\xd5\xa1\xed\x7f\x7f\xa9.\xca\xabu\xaaw\xaa</data></match></read>
    <read><length>21</length><match><pcre>.*</pcre></match></read>
    <read><length>4</length><match><pcre>.*</pcre></match></read>
    <read><length>17</length><match><data>\xb1\xb1\x8f\x2c\xa1\x19\xb3\x5c\xeaX\x9b\xab\xf6\xaaR\x24\xa9</data></match></read>
    <read><length>15</length><match><pcre>.*</pcre></match></read>
    <read><length>78</length><match><data>\x0f\xa9\xaa\x2c\x5f\x2c\x7f\xd6\xf7\xd53\x82u\x7f\x5fi\xab\xaa\xab\xb1\x3c\x1bSE\x3c\xea\x89S\xd6\x8f\x1b\x7fnR\xaa\xdb\x89\x9bS\x9b\x9bi\x3buR\x1b\xd6\x90\xd6\x0fn\x3c\xb3\x8f\xe3\x2c\x5c\xb3\x3c\xa9\x19IE\x1b\xeaRR\x2c\xee\x5f\x90\xd5\xe3\xe5X\x8c\x8cw</data></match></read>
    <read><length>62</length><match><pcre>.*</pcre></match></read>
    <read><delim>\xd4</delim><match><data>\xde\xe2\x9f\x16</data></match></read>
    <write><data>\xa9\xd4\x3c\x19I\xfc\x24BE\xd5\xf6\xa9U\xca.\xdb\xea\x8f\x8c\xe5\xdb\x3c\x24\x89\x89\x90\xea\x90\x90\xea\xa1I\x8c\x8e\x2c\xaaR\x3c\xd8\x3c\x5d\xd6\xe5.\x82\xee\x81\xf7\xdb\x24ERI\xdbU\xf6\x5cX\x24\xe5.\x90.\xab\x8f\xe3\x5f\xdb\x3b\x81\xf7\x19X\xb3\x5fn\xf6\x89\x3c\xe3\xab\xcaI\x8ci\xea\xabu\x3c\x5f\x89\xd8\x89n\xdb\x24\x12\x3b\x0f\x89\xd5R\xab\xf6\x81\xdb\x12\xab\xdb\x0f\x2cRU\x5f\xfc\xd5.\x7f\x5f\x3b\xb1\xd4</data></write>
    <read><length>5</length><match><data>\x18\x18\x18\x9d\x16</data></match></read>
    <read><delim>\xd4</delim><match><data>\xde\xe2\x9f\x16</data></match></read>
    <write><data>\xa9\xd4\xfc\xd8\xca\xea\xe5\xe3\x19\xea\xa9R\x9bBw\xfc\xdb\x0f\xb1B\xb1\xaa\xedU\x8c\x0f\x19\xed\xb3\xb1i\x7fi\xe5\x9bw\xb1\x89\x12S\x0f\xe3..\x8e\xabn\x2c\xed\xd5\x9bU\x19S\x7fIn\x5f\xee\xab\x90\x3c\x82\x19\x8f\xf7\x193w\xa9R\x0f\xea\xa9RRXu\x12\xd8\xe3IE\xb3\xd8\x3c\xaa\x5f\xb1\xa1u\xea\x12w\x0f\xa1E\x1b\x8f\x19\x1b\xb3\x24\xca\xed\x19\x82\xf6\xdb\x5d\x9b\xfc\x8c\xf6.\xaa\xea\xd4</data></write>
    <read><length>5</length><match><data>\x18\x18\x18\x9d\x16</data></match></read>
    <read><delim>\xd4</delim><match><data>\xde\xe2\x9f\x16</data></match></read>
    <write><data>\x0f\xd4</data></write>
    <read><length>4</length><match><data>\xd2\xcb\xcb\xcb</data></match></read>
    <read><length>4</length><match><pcre>.*</pcre></match></read>
    <read><length>17</length><match><data>\xb1\xb1\x8f\x2c\xa1\x19\xb3\x5c\xeaX\x9b\xab\xf6\xaaR\x24\xa9</data></match></read>
    <read><length>15</length><match><pcre>.*</pcre></match></read>
    <read><length>119</length><match><data>\x3c\x19I\xfc\x24BE\xd5\xf6\xa9U\xca.\xdb\xea\x8f\x8c\xe5\xdb\x3c\x24\x89\x89\x90\xea\x90\x90\xea\xa1I\x8c\x8e\x2c\xaaR\x3c\xd8\x3c\x5d\xd6\xe5.\x82\xee\x81\xf7\xdb\x24ERI\xdbU\xf6\x5cX\x24\xe5.\x90.\xab\x8f\xe3\x5f\xdb\x3b\x81\xf7\x19X\xb3\x5fn\xf6\x89\x3c\xe3\xab\xcaI\x8ci\xea\xabu\x3c\x5f\x89\xd8\x89n\xdb\x24\x12\x3b\x0f\x89\xd5R\xab\xf6\x81\xdb\x12\xab\xdb\x0f\x2cRU\x5f\xfc\xd5.\x7f\x5f\x3b\xb1</data></match></read>
    <read><length>21</length><match><pcre>.*</pcre></match></read>
    <read><length>4</length><match><pcre>.*</pcre></match></read>
    <read><length>17</length><match><data>\xb1\xb1\x8f\x2c\xa1\x19\xb3\x5c\xeaX\x9b\xab\xf6\xaaR\x24\xa9</data></match></read>
    <read><length>15</length><match><pcre>.*</pcre></match></read>
    <read><length>115</length><match><data>\xfc\xd8\xca\xea\xe5\xe3\x19\xea\xa9R\x9bBw\xfc\xdb\x0f\xb1B\xb1\xaa\xedU\x8c\x0f\x19\xed\xb3\xb1i\x7fi\xe5\x9bw\xb1\x89\x12S\x0f\xe3..\x8e\xabn\x2c\xed\xd5\x9bU\x19S\x7fIn\x5f\xee\xab\x90\x3c\x82\x19\x8f\xf7\x193w\xa9R\x0f\xea\xa9RRXu\x12\xd8\xe3IE\xb3\xd8\x3c\xaa\x5f\xb1\xa1u\xea\x12w\x0f\xa1E\x1b\x8f\x19\x1b\xb3\x24\xca\xed\x19\x82\xf6\xdb\x5d\x9b\xfc\x8c\xf6.\xaa\xea</data></match></read>
    <read><length>25</length><match><pcre>.*</pcre></match></read>
    <read><delim>\xd4</delim><match><data>\xde\xe2\x9f\x16</data></match></read>
    <write><data>\xa9\xd4\x5c\xd6S\xea\xb3\xdb\xd5\x12\xfcI\x81S\x81\x19\xb1\xed\xe3\x89\xee\xd6.\xe5\xe3\x89\xea\xb3\xa1\xb1\xab\x8f\x81\x8f\xd5\x7f\x9bX\xab\x1b\x8f\xed\x8f\xd8\xe33R\xed\xdb\xea\xaa\xcaR\xd5B\x5d\xb1w\x89\xe5\x81\xa1\xee\x24\x2c\x24\x89\x19\x0f\xab\xa1E\x0f\xa1\x19\x1b\xd4</data></write>
    <read><length>5</length><match><data>\x18\x18\x18\x9d\x16</data></match></read>
    <write><data>\xd5\xd4</data></write>
</replay>
</pov>