<?xml version="1.0" standalone="no" ?>
<!DOCTYPE pov SYSTEM "/usr/share/cgc-docs/replay.dtd">
<pov>
<cbid>service</cbid>
<seed>dc9e25c4c362bf810eb441a8c82e21903c404316c22f494cb12e2224e4b5139eb570b69506bc4e9ba48b9ab7d4efbc70</seed>
<replay>
    <read><length>4</length><match><data>\xc0\x7b\xb2\xff</data></match></read>
    <write><data>\xb3\x8e\xeaw\x5c\xdb\xed\x9bu\x3c\xd8\xe5i\xd4</data></write>
    <read><delim>\xd4</delim><match><data>\x19\xd5ESU\xa1\xd5\x16\x2cU\x16\xa9E\x81\xa9\xa9\xd5\x0f\xd9\x16\xb3\x8e\xeaw\x5c\xdb\xed\x9bu\x3c\xd8\xe5i</data></match></read>
    <read><delim>\xd4</delim><match><data>\xde\xe2\x9f\x16</data></match></read>
    <write><data>\xab\xd4\xb3\x8e\xeaw\x5c\xdb\xed\x9bu\x3c\xd8\xe5i\xd4</data></write>
    <read><delim>\xd4</delim><match><data>\xde\xe2\x9f\x16</data></match></read>
    <write><data>\xa9\xd4UuUS\x2c\xb3\x8cE\xa1\x3b\x5f\x7f\xd8\xca\x7fn\x8c\x24\x24.\x8e\xf7\x3b\xd5\x8c\xfc\x3b\x82\xdb.\xfcu\x3c\xee\xed\xe3\xcan\x7f\xfcIE\x1b\xaaI\x90S\x2cB\xb3Xn\xd4</data></write>
    <read><length>5</length><match><data>\x18\x18\x18\x9d\x16</data></match></read>
    <read><delim>\xd4</delim><match><data>\xde\xe2\x9f\x16</data></match></read>
    <write><data>\x0f\xd4</data></write>
    <read><length>4</length><match><data>\x7c\xcb\xcb\xcb</data></match></read>
    <read><length>4</length><match><pcre>.*</pcre></match></read>
    <read><length>13</length><match><data>\xb3\x8e\xeaw\x5c\xdb\xed\x9bu\x3c\xd8\xe5i</data></match></read>
    <read><length>19</length><match><pcre>.*</pcre></match></read>
    <read><length>52</length><match><data>UuUS\x2c\xb3\x8cE\xa1\x3b\x5f\x7f\xd8\xca\x7fn\x8c\x24\x24.\x8e\xf7\x3b\xd5\x8c\xfc\x3b\x82\xdb.\xfcu\x3c\xee\xed\xe3\xcan\x7f\xfcIE\x1b\xaaI\x90S\x2cB\xb3Xn</data></match></read>
    <read><length>88</length><match><pcre>.*</pcre></match></read>
    <read><delim>\xd4</delim><match><data>\xde\xe2\x9f\x16</data></match></read>
    <write><data>\x0f\xd4</data></write>
    <read><length>4</length><match><data>\xcb\xcb\xcb\xcb</data></match></read>
    <read><delim>\xd4</delim><match><data>\xde\xe2\x9f\x16</data></match></read>
    <write><data>\xed\xd4</data></write>
    <read><delim>\xd4</delim><match><data>\xde\xe2\x9f\x16</data></match></read>
    <write><data>\xa9\xd4\xb3\xd8\xf7\xd6\xf7\x19\x81i\xea\x3c\x5f\x90uiER\xab\xe5X\xb1iR\x5d\xd6\xe5\xf6\xb3.\x8c\xcaU3\xf6\x8eB\xd8\xeen.\x3c\xd8\x89\xab\xdbE\x5d\xe3u\xf7\x5f\x5c\x12S\xd8\xe3\xd4</data></write>
    <read><length>5</length><match><data>\x18\x18\x18\x9d\x16</data></match></read>
    <read><delim>\xd4</delim><match><data>\xde\xe2\x9f\x16</data></match></read>
    <write><data>\xed\xd4</data></write>
    <read><delim>\xd4</delim><match><data>\xde\xe2\x9f\x16</data></match></read>
    <write><data>\xed\xd4</data></write>
    <read><delim>\xd4</delim><match><data>\xde\xe2\x9f\x16</data></match></read>
    <write><data>\xed\xd4</data></write>
    <read><delim>\xd4</delim><match><data>\xde\xe2\x9f\x16</data></match></read>
    <write><data>\xa9\xd4\xa9\xd8\xab\xee\x19\x90\xa9\xe3\x5f\x3bR\x2c\xa9\x5c\xd8\x5d\x7fX\x24\xf6\xeewB\x82\x7fi\x19\x8c\xe3.\xed\x8e\xdb\x8f\x12u\x5c\x89i\x5c\xd4</data></write>
    <read><length>5</length><match><data>\x18\x18\x18\x9d\x16</data></match></read>
    <read><delim>\xd4</delim><match><data>\xde\xe2\x9f\x16</data></match></read>
    <write><data>\x0f\xd4</data></write>
    <read><length>4</length><match><data>\xd2\xcb\xcb\xcb</data></match></read>
    <read><length>4</length><match><pcre>.*</pcre></match></read>
    <read><length>13</length><match><data>\xb3\x8e\xeaw\x5c\xdb\xed\x9bu\x3c\xd8\xe5i</data></match></read>
    <read><length>19</length><match><pcre>.*</pcre></match></read>
    <read><length>55</length><match><data>\xb3\xd8\xf7\xd6\xf7\x19\x81i\xea\x3c\x5f\x90uiER\xab\xe5X\xb1iR\x5d\xd6\xe5\xf6\xb3.\x8c\xcaU3\xf6\x8eB\xd8\xeen.\x3c\xd8\x89\xab\xdbE\x5d\xe3u\xf7\x5f\x5c\x12S\xd8\xe3</data></match></read>
    <read><length>85</length><match><pcre>.*</pcre></match></read>
    <read><length>4</length><match><pcre>.*</pcre></match></read>
    <read><length>13</length><match><data>\xb3\x8e\xeaw\x5c\xdb\xed\x9bu\x3c\xd8\xe5i</data></match></read>
    <read><length>19</length><match><pcre>.*</pcre></match></read>
    <read><length>40</length><match><data>\xa9\xd8\xab\xee\x19\x90\xa9\xe3\x5f\x3bR\x2c\xa9\x5c\xd8\x5d\x7fX\x24\xf6\xeewB\x82\x7fi\x19\x8c\xe3.\xed\x8e\xdb\x8f\x12u\x5c\x89i\x5c</data></match></read>
    <read><length>100</length><match><pcre>.*</pcre></match></read>
    <read><delim>\xd4</delim><match><data>\xde\xe2\x9f\x16</data></match></read>
    <write><data>\xed\xd4</data></write>
    <read><delim>\xd4</delim><match><data>\xde\xe2\x9f\x16</data></match></read>
    <write><data>\xa9\xd4\x0f\x8e\x8fw\x3b3\x5f\xd6\x3b\xe5\xee\x8f.\x81\x82\x9b\xb1\xee\xb1\xd4</data></write>
    <read><length>5</length><match><data>\x18\x18\x18\x9d\x16</data></match></read>
    <read><delim>\xd4</delim><match><data>\xde\xe2\x9f\x16</data></match></read>
    <write><data>\xed\xd4</data></write>
    <read><delim>\xd4</delim><match><data>\xde\xe2\x9f\x16</data></match></read>
    <write><data>\xa9\xd4\xb1\x0f\xe3\xe3\x24\x90\xd6\xd8\x8f\x5f.\xe3\xd5\x1b\x3c\x19\xca\xabn\xfcSw\xb3\xee\x8cS\xe3\xca\x0f\x8c3\xd8u\xaa\xab\x3b\xe3\xaa\xa1\x1b\x81\x24\x3b\x0fSBS\x8e\xca\xb1E\x90\x24\x8f\xcaR\xfcuI\x5fu\xe3X\xab\x3c\xea\x5dI\x5f\x5d\xe5\x5d\x5d\xdb\x5f3\xea.\x19\x89\xd6\x0f\xee\x0fU\xd6u\xa9\xb1\x89\x82\x5c\x5d\x8e\x8ew\xb3w\x89\x90S\xf7U\x89R\x19.\x7f\x81\x24E\x1b\xd4</data></write>
    <read><length>5</length><match><data>\x18\x18\x18\x9d\x16</data></match></read>
    <read><delim>\xd4</delim><match><data>\xde\xe2\x9f\x16</data></match></read>
    <write><data>\xa9\xd4\x89\x5d\x7f\x89\xd8\x5fIE\xeeu\xed\x8c\xa9\xabS\xdbE\xdb\x8c\x5c\x5f\x8fuE\x2c\x8f\x5cIR\x82\x24\xf6\x2c\xb1XB\x12\x90\x7fU\xa9\x90\x2cI\x5c\xab\x5d\x24\x19U\x3cU\xca\x2c\xee\x3cIU.R\xca\xed\xd5\x8eu\xed\xf6\x81\x7f\xb1u\x8c\x3b\x82\xe3\xfc\xb1\x0f\x12\x3c\x89\x0f\x3cI\x3c\x1b\x9bE\xedIX\x7f\x3b\x24I\x82\x5d\xea\x90\x3c\xb3R\x19\xa9\xa9\x9b\xb1\x0f\xe5\xb3ii\xd4</data></write>
    <read><length>5</length><match><data>\x18\x18\x18\x9d\x16</data></match></read>
    <read><delim>\xd4</delim><match><data>\xde\xe2\x9f\x16</data></match></read>
    <write><data>\x0f\xd4</data></write>
    <read><length>4</length><match><data>l\xcb\xcb\xcb</data></match></read>
    <read><length>4</length><match><pcre>.*</pcre></match></read>
    <read><length>13</length><match><data>\xb3\x8e\xeaw\x5c\xdb\xed\x9bu\x3c\xd8\xe5i</data></match></read>
    <read><length>19</length><match><pcre>.*</pcre></match></read>
    <read><length>19</length><match><data>\x0f\x8e\x8fw\x3b3\x5f\xd6\x3b\xe5\xee\x8f.\x81\x82\x9b\xb1\xee\xb1</data></match></read>
    <read><length>121</length><match><pcre>.*</pcre></match></read>
    <read><length>4</length><match><pcre>.*</pcre></match></read>
    <read><length>13</length><match><data>\xb3\x8e\xeaw\x5c\xdb\xed\x9bu\x3c\xd8\xe5i</data></match></read>
    <read><length>19</length><match><pcre>.*</pcre></match></read>
    <read><length>112</length><match><data>\xb1\x0f\xe3\xe3\x24\x90\xd6\xd8\x8f\x5f.\xe3\xd5\x1b\x3c\x19\xca\xabn\xfcSw\xb3\xee\x8cS\xe3\xca\x0f\x8c3\xd8u\xaa\xab\x3b\xe3\xaa\xa1\x1b\x81\x24\x3b\x0fSBS\x8e\xca\xb1E\x90\x24\x8f\xcaR\xfcuI\x5fu\xe3X\xab\x3c\xea\x5dI\x5f\x5d\xe5\x5d\x5d\xdb\x5f3\xea.\x19\x89\xd6\x0f\xee\x0fU\xd6u\xa9\xb1\x89\x82\x5c\x5d\x8e\x8ew\xb3w\x89\x90S\xf7U\x89R\x19.\x7f\x81\x24E\x1b</data></match></read>
    <read><length>28</length><match><pcre>.*</pcre></match></read>
    <read><length>4</length><match><pcre>.*</pcre></match></read>
    <read><length>13</length><match><data>\xb3\x8e\xeaw\x5c\xdb\xed\x9bu\x3c\xd8\xe5i</data></match></read>
    <read><length>19</length><match><pcre>.*</pcre></match></read>
    <read><length>112</length><match><data>\x89\x5d\x7f\x89\xd8\x5fIE\xeeu\xed\x8c\xa9\xabS\xdbE\xdb\x8c\x5c\x5f\x8fuE\x2c\x8f\x5cIR\x82\x24\xf6\x2c\xb1XB\x12\x90\x7fU\xa9\x90\x2cI\x5c\xab\x5d\x24\x19U\x3cU\xca\x2c\xee\x3cIU.R\xca\xed\xd5\x8eu\xed\xf6\x81\x7f\xb1u\x8c\x3b\x82\xe3\xfc\xb1\x0f\x12\x3c\x89\x0f\x3cI\x3c\x1b\x9bE\xedIX\x7f\x3b\x24I\x82\x5d\xea\x90\x3c\xb3R\x19\xa9\xa9\x9b\xb1\x0f\xe5\xb3ii</data></match></read>
    <read><length>28</length><match><pcre>.*</pcre></match></read>
    <read><delim>\xd4</delim><match><data>\xde\xe2\x9f\x16</data></match></read>
    <write><data>\x0f\xd4</data></write>
    <read><length>4</length><match><data>\xcb\xcb\xcb\xcb</data></match></read>
    <read><delim>\xd4</delim><match><data>\xde\xe2\x9f\x16</data></match></read>
    <write><data>\x0f\xd4</data></write>
    <read><length>4</length><match><data>\xcb\xcb\xcb\xcb</data></match></read>
    <read><delim>\xd4</delim><match><data>\xde\xe2\x9f\x16</data></match></read>
    <write><data>\xa9\xd4\xe3\x5cX\xe3\x1b\xf6w\x7f\xe3\x5d\xb1\x90wR\xd5\x19\xb3\x1b\x82\xedIn\x3c\xf6\xb1u\x5f\xe5\x5c\x5f\xa1\xdb\x2c\x5d\x243\x9b\x2c\x8e\x12\xf7\x9bU3\xb3nw\x0f\xa1u\x90.\xab.\x89I\x5c\x19\x3b\x8e\xd5\xab\xfc\x5fU\x90\x0f\x19\x2c\x5c3\xd8\xe53\x8e\x7f\xfcB\x82I\x7f\x0fB\xf6\xaa\x19\x3b\x19\xf7\x0f\x5c\x1bE\xa9\x8cR\xb3\xe3\x24\x1b\xed\xe5S\xd4</data></write>
    <read><length>5</length><match><data>\x18\x18\x18\x9d\x16</data></match></read>
    <read><delim>\xd4</delim><match><data>\xde\xe2\x9f\x16</data></match></read>
    <write><data>\x0f\xd4</data></write>
    <read><length>4</length><match><data>\x7c\xcb\xcb\xcb</data></match></read>
    <read><length>4</length><match><pcre>.*</pcre></match></read>
    <read><length>13</length><match><data>\xb3\x8e\xeaw\x5c\xdb\xed\x9bu\x3c\xd8\xe5i</data></match></read>
    <read><length>19</length><match><pcre>.*</pcre></match></read>
    <read><length>103</length><match><data>\xe3\x5cX\xe3\x1b\xf6w\x7f\xe3\x5d\xb1\x90wR\xd5\x19\xb3\x1b\x82\xedIn\x3c\xf6\xb1u\x5f\xe5\x5c\x5f\xa1\xdb\x2c\x5d\x243\x9b\x2c\x8e\x12\xf7\x9bU3\xb3nw\x0f\xa1u\x90.\xab.\x89I\x5c\x19\x3b\x8e\xd5\xab\xfc\x5fU\x90\x0f\x19\x2c\x5c3\xd8\xe53\x8e\x7f\xfcB\x82I\x7f\x0fB\xf6\xaa\x19\x3b\x19\xf7\x0f\x5c\x1bE\xa9\x8cR\xb3\xe3\x24\x1b\xed\xe5S</data></match></read>
    <read><length>37</length><match><pcre>.*</pcre></match></read>
    <read><delim>\xd4</delim><match><data>\xde\xe2\x9f\x16</data></match></read>
    <write><data>\xed\xd4</data></write>
    <read><delim>\xd4</delim><match><data>\xde\xe2\x9f\x16</data></match></read>
    <write><data>\xed\xd4</data></write>
    <read><delim>\xd4</delim><match><data>\xde\xe2\x9f\x16</data></match></read>
    <write><data>\xa9\xd4\xa9nR.\xaa3\x8e\x7f\x3b\xea\x12RR\x82\x24i\x1b\x2cBw\xdbU\xfc\x12\xab\x5d\x7f\x19\x5d\x5c\x1bB3\xa1\x2c\x82\x89\x24\x1b\x8e\xa9E\x8f\x81\xe3\x9bS\xe5\x1b\x7fS\xf7\xed\xf7\x5d\x8c\xf6\xab\x1b\xe3\xfcS\xe3\x3b\xf6\xaa\xfc\xf7X\x82\xdb\xca\xab\xd4</data></write>
    <read><length>5</length><match><data>\x18\x18\x18\x9d\x16</data></match></read>
    <read><delim>\xd4</delim><match><data>\xde\xe2\x9f\x16</data></match></read>
    <write><data>\xa9\xd4\x3b\x82\xd6\x82\x7f\xf6\xabI\x8c\x3c\xb1\xa9U\x8c\x3b\xed\x2c\x8cU\x5dU\xf7\x90\x82w\xd8\x9bi\x9bRu\xd6E\x8c\x1bR\xa9i\x5fn\x9b\x5dB\xee\xd5\x8f\xb13\xdb\x5c3\x8f\xee\xa9\x7f\xdb\xd8\x5f\x8f\x89\xd6\x3c\xd4</data></write>
    <read><length>5</length><match><data>\x18\x18\x18\x9d\x16</data></match></read>
    <read><delim>\xd4</delim><match><data>\xde\xe2\x9f\x16</data></match></read>
    <write><data>\x0f\xd4</data></write>
    <read><length>4</length><match><data>\xd2\xcb\xcb\xcb</data></match></read>
    <read><length>4</length><match><pcre>.*</pcre></match></read>
    <read><length>13</length><match><data>\xb3\x8e\xeaw\x5c\xdb\xed\x9bu\x3c\xd8\xe5i</data></match></read>
    <read><length>19</length><match><pcre>.*</pcre></match></read>
    <read><length>73</length><match><data>\xa9nR.\xaa3\x8e\x7f\x3b\xea\x12RR\x82\x24i\x1b\x2cBw\xdbU\xfc\x12\xab\x5d\x7f\x19\x5d\x5c\x1bB3\xa1\x2c\x82\x89\x24\x1b\x8e\xa9E\x8f\x81\xe3\x9bS\xe5\x1b\x7fS\xf7\xed\xf7\x5d\x8c\xf6\xab\x1b\xe3\xfcS\xe3\x3b\xf6\xaa\xfc\xf7X\x82\xdb\xca\xab</data></match></read>
    <read><length>67</length><match><pcre>.*</pcre></match></read>
    <read><length>4</length><match><pcre>.*</pcre></match></read>
    <read><length>13</length><match><data>\xb3\x8e\xeaw\x5c\xdb\xed\x9bu\x3c\xd8\xe5i</data></match></read>
    <read><length>19</length><match><pcre>.*</pcre></match></read>
    <read><length>62</length><match><data>\x3b\x82\xd6\x82\x7f\xf6\xabI\x8c\x3c\xb1\xa9U\x8c\x3b\xed\x2c\x8cU\x5dU\xf7\x90\x82w\xd8\x9bi\x9bRu\xd6E\x8c\x1bR\xa9i\x5fn\x9b\x5dB\xee\xd5\x8f\xb13\xdb\x5c3\x8f\xee\xa9\x7f\xdb\xd8\x5f\x8f\x89\xd6\x3c</data></match></read>
    <read><length>78</length><match><pcre>.*</pcre></match></read>
    <read><delim>\xd4</delim><match><data>\xde\xe2\x9f\x16</data></match></read>
    <write><data>\xa9\xd4\xa9\xf6\x24\xed\xfci\x19.iU\x8eE\x1bR\x81\xb3\x90\xd5\x8e\xe3w\x82\x5c\xca\xb1\x5cn\x2c.S\xaa\xa9\xf7\x89\xe5\x5c\x0f\x1b\xb1\xf6\x8e\x7f.\xa1i\xfc\x0f\xed\xf6\xb3B\x3b\x3b\xed\x5f\xd8i\x8c\xf7\xa1\x90\x7fU\xa1\x1bS\xdb\x1b\xfc\xa1\x3b\x8e\x8c\x5d\x24\xf7SRRX\x2c\xb3\xd4</data></write>
    <read><length>5</length><match><data>\x18\x18\x18\x9d\x16</data></match></read>
    <read><delim>\xd4</delim><match><data>\xde\xe2\x9f\x16</data></match></read>
    <write><data>\xed\xd4</data></write>
    <read><delim>\xd4</delim><match><data>\xde\xe2\x9f\x16</data></match></read>
    <write><data>\x0f\xd4</data></write>
    <read><length>4</length><match><data>\x7c\xcb\xcb\xcb</data></match></read>
    <read><length>4</length><match><pcre>.*</pcre></match></read>
    <read><length>13</length><match><data>\xb3\x8e\xeaw\x5c\xdb\xed\x9bu\x3c\xd8\xe5i</data></match></read>
    <read><length>19</length><match><pcre>.*</pcre></match></read>
    <read><length>82</length><match><data>\xa9\xf6\x24\xed\xfci\x19.iU\x8eE\x1bR\x81\xb3\x90\xd5\x8e\xe3w\x82\x5c\xca\xb1\x5cn\x2c.S\xaa\xa9\xf7\x89\xe5\x5c\x0f\x1b\xb1\xf6\x8e\x7f.\xa1i\xfc\x0f\xed\xf6\xb3B\x3b\x3b\xed\x5f\xd8i\x8c\xf7\xa1\x90\x7fU\xa1\x1bS\xdb\x1b\xfc\xa1\x3b\x8e\x8c\x5d\x24\xf7SRRX\x2c\xb3</data></match></read>
    <read><length>58</length><match><pcre>.*</pcre></match></read>
    <read><delim>\xd4</delim><match><data>\xde\xe2\x9f\x16</data></match></read>
    <write><data>\xed\xd4</data></write>
    <read><delim>\xd4</delim><match><data>\xde\xe2\x9f\x16</data></match></read>
    <write><data>\xa9\xd4\x12\xca\x5c\x89\x3bX\xaa\x1b\x9b\xf6\xd6n\xa9\xd5\x8f\x12\x19w\x8c\x82I\x89\x24\x3cS\xaa\xf6I\x5d\x5d\xf6\x3c\xe3\xca\x3b\x24\x81\xa1\x3c\x5f\xf6\x2c\x0f\x8c\x3b\x90\x1bI\xeeI\x123R\x1b\xca\xf6.\xb3\xd8S\x5d\xdb\xa9X\xd8\x12\xe5\x81\x5d.\x12\xdb\x12U\xd6U\x1b\x8e\x2c\xa1\xaa\xe5\xd4</data></write>
    <read><length>5</length><match><data>\x18\x18\x18\x9d\x16</data></match></read>
    <read><delim>\xd4</delim><match><data>\xde\xe2\x9f\x16</data></match></read>
    <write><data>\x0f\xd4</data></write>
    <read><length>4</length><match><data>\x7c\xcb\xcb\xcb</data></match></read>
    <read><length>4</length><match><pcre>.*</pcre></match></read>
    <read><length>13</length><match><data>\xb3\x8e\xeaw\x5c\xdb\xed\x9bu\x3c\xd8\xe5i</data></match></read>
    <read><length>19</length><match><pcre>.*</pcre></match></read>
    <read><length>82</length><match><data>\x12\xca\x5c\x89\x3bX\xaa\x1b\x9b\xf6\xd6n\xa9\xd5\x8f\x12\x19w\x8c\x82I\x89\x24\x3cS\xaa\xf6I\x5d\x5d\xf6\x3c\xe3\xca\x3b\x24\x81\xa1\x3c\x5f\xf6\x2c\x0f\x8c\x3b\x90\x1bI\xeeI\x123R\x1b\xca\xf6.\xb3\xd8S\x5d\xdb\xa9X\xd8\x12\xe5\x81\x5d.\x12\xdb\x12U\xd6U\x1b\x8e\x2c\xa1\xaa\xe5</data></match></read>
    <read><length>58</length><match><pcre>.*</pcre></match></read>
    <read><delim>\xd4</delim><match><data>\xde\xe2\x9f\x16</data></match></read>
    <write><data>\x0f\xd4</data></write>
    <read><length>4</length><match><data>\xcb\xcb\xcb\xcb</data></match></read>
    <read><delim>\xd4</delim><match><data>\xde\xe2\x9f\x16</data></match></read>
    <write><data>\xa9\xd4n\x1b\x0fw3\xa93\xfc\xca\xa1\xaa\x0fu\x5f\x2c\xd6ww\x5c\xe3U\x9b\x2c\xee\xed3\xe5\xb3\xa1U\xa1\xf7\x81B\xf7\x82n.\xd8\x8c\xab3\x82RB\xe3\x89\x5c\xe3\x0f\xf7\x8e\x9b\xa1\xb1\xf7I\xabI\xca\x12\x2c\xd5\x2cIU\xe3X\x5d\xf6S\xe3i\x81w\x0f\xf6\x8f\x8cB\xf7\x8e\x8c\x5f\x3c\xdb\x89I\xb3IU3\xf6\xf6\x0f\xf6\x3cu\xfc\xd5S\x123\x3bi\xfc\xea\xd4</data></write>
    <read><length>5</length><match><data>\x18\x18\x18\x9d\x16</data></match></read>
    <read><delim>\xd4</delim><match><data>\xde\xe2\x9f\x16</data></match></read>
    <write><data>\xa9\xd4\xee\xfc\xf7X\xa9\x8c\x12\xd5\xd8n\x3cXuI\xe5\x0fS\xd5\x2c\x19\xf7I\xb3RwRE\xd6i\x81\xfc3wnSR\x89\x7f\xca\x8fSS3\x7f\xf6S\x5fR\x8f\xd8\xed3\xca\x3b\xf7\x1b\xab\xca\x7f\x8f\x82\xee\xaa\x1b\x5f\x90\x81\xab\xaaS\x8f\x7f\xee\x8f\x7f\x5dSE\x8cXI\x9b\x89u\xeau\xd53E\x8e\xdb\xb1\x5d\xd4</data></write>
    <read><length>5</length><match><data>\x18\x18\x18\x9d\x16</data></match></read>
    <read><delim>\xd4</delim><match><data>\xde\xe2\x9f\x16</data></match></read>
    <write><data>\x0f\xd4</data></write>
    <read><length>4</length><match><data>\xd2\xcb\xcb\xcb</data></match></read>
    <read><length>4</length><match><pcre>.*</pcre></match></read>
    <read><length>13</length><match><data>\xb3\x8e\xeaw\x5c\xdb\xed\x9bu\x3c\xd8\xe5i</data></match></read>
    <read><length>19</length><match><pcre>.*</pcre></match></read>
    <read><length>107</length><match><data>n\x1b\x0fw3\xa93\xfc\xca\xa1\xaa\x0fu\x5f\x2c\xd6ww\x5c\xe3U\x9b\x2c\xee\xed3\xe5\xb3\xa1U\xa1\xf7\x81B\xf7\x82n.\xd8\x8c\xab3\x82RB\xe3\x89\x5c\xe3\x0f\xf7\x8e\x9b\xa1\xb1\xf7I\xabI\xca\x12\x2c\xd5\x2cIU\xe3X\x5d\xf6S\xe3i\x81w\x0f\xf6\x8f\x8cB\xf7\x8e\x8c\x5f\x3c\xdb\x89I\xb3IU3\xf6\xf6\x0f\xf6\x3cu\xfc\xd5S\x123\x3bi\xfc\xea</data></match></read>
    <read><length>33</length><match><pcre>.*</pcre></match></read>
    <read><length>4</length><match><pcre>.*</pcre></match></read>
    <read><length>13</length><match><data>\xb3\x8e\xeaw\x5c\xdb\xed\x9bu\x3c\xd8\xe5i</data></match></read>
    <read><length>19</length><match><pcre>.*</pcre></match></read>
    <read><length>93</length><match><data>\xee\xfc\xf7X\xa9\x8c\x12\xd5\xd8n\x3cXuI\xe5\x0fS\xd5\x2c\x19\xf7I\xb3RwRE\xd6i\x81\xfc3wnSR\x89\x7f\xca\x8fSS3\x7f\xf6S\x5fR\x8f\xd8\xed3\xca\x3b\xf7\x1b\xab\xca\x7f\x8f\x82\xee\xaa\x1b\x5f\x90\x81\xab\xaaS\x8f\x7f\xee\x8f\x7f\x5dSE\x8cXI\x9b\x89u\xeau\xd53E\x8e\xdb\xb1\x5d</data></match></read>
    <read><length>47</length><match><pcre>.*</pcre></match></read>
    <read><delim>\xd4</delim><match><data>\xde\xe2\x9f\x16</data></match></read>
    <write><data>\xa9\xd4\xd6\x0fi\x2c\x12I\xd8\xd6\x5c\x5f\x90\x9bi\x81\x9b\x12\xaa\x12\x24\xe5\x2cw\x8e\xd6X\xd6I\xa1\xab\x1b\xab\x81\x12\x5c\x1bn\x1b\x0f\x5dw\x19B\x89\xfc\x3b\x1b\xed\xe5\xed\x2ci\xd6\x1b\x82\xa1\xf6iE\xf6\xfc\x3b\xf6X\x5cw\xe3X\xd8\xee\x8f\xb1B\x8e\xd6\xd5\x9b\xd6\xa1\xd4</data></write>
    <read><length>5</length><match><data>\x18\x18\x18\x9d\x16</data></match></read>
    <write><data>\xd5\xd4</data></write>
</replay>
</pov>