<?xml version="1.0" standalone="no" ?>
<!DOCTYPE pov SYSTEM "/usr/share/cgc-docs/replay.dtd">
<pov>
<cbid>service</cbid>
<seed>e45f4ba64441400864e5d1906cd500b73a80de440cef00183f01e8f1c17685c5bbf68abf5bc8af1c66ecb9051bdf59b6</seed>
<replay>
    <read><length>4</length><match><data>\x909N\x03</data></match></read>
    <write><data>\xea\x7f\x81\x8e\xee\x8c\xa1\x2c\x24\x82n\x8cU3\x0f3.\x5dR\x9b\x81\x3b\xd4</data></write>
    <read><delim>\xd4</delim><match><data>\x19\xd5ESU\xa1\xd5\x16\x2cU\x16\xa9E\x81\xa9\xa9\xd5\x0f\xd9\x16\xea\x7f\x81\x8e\xee\x8c\xa1\x2c\x24\x82n\x8cU3\x0f3.\x5dR\x9b\x81\x3b</data></match></read>
    <read><delim>\xd4</delim><match><data>\xde\xe2\x9f\x16</data></match></read>
    <write><data>\xab\xd4\xea\x7f\x81\x8e\xee\x8c\xa1\x2c\x24\x82n\x8cU3\x0f3.\x5dR\x9b\x81\x3b\xd4</data></write>
    <read><delim>\xd4</delim><match><data>\xde\xe2\x9f\x16</data></match></read>
    <write><data>\xa9\xd4\xd8n\xee\xf6\x81E\xd8\x2c\xd8\xed\xed\xd5\x24w\xd4</data></write>
    <read><length>5</length><match><data>\x18\x18\x18\x9d\x16</data></match></read>
    <read><delim>\xd4</delim><match><data>\xde\xe2\x9f\x16</data></match></read>
    <write><data>\xed\xd4</data></write>
    <read><delim>\xd4</delim><match><data>\xde\xe2\x9f\x16</data></match></read>
    <write><data>\xed\xd4</data></write>
    <read><delim>\xd4</delim><match><data>\xde\xe2\x9f\x16</data></match></read>
    <write><data>\xed\xd4</data></write>
    <write><data>\xd5\xd4</data></write>
</replay>
</pov>