<?xml version="1.0" standalone="no" ?>
<!DOCTYPE pov SYSTEM "/usr/share/cgc-docs/replay.dtd">
<pov>
<cbid>service</cbid>
<seed>d189e92af010326684560a5f657b75adeb10c2b4e8063896e9391dfed6456a6a6bdf18dd04a0d8d7add599d5f9d27cb2</seed>
<replay>
    <read><length>4</length><match><data>L\xf2\x87\x2a</data></match></read>
    <write><data>u\xd5w\xb3n\x8c\xfcIiBi\x8e\xf7\x12U\x3c\x89\x3c\x5fR\xd4</data></write>
    <read><delim>\xd4</delim><match><data>\x19\xd5ESU\xa1\xd5\x16\x2cU\x16\xa9E\x81\xa9\xa9\xd5\x0f\xd9\x16u\xd5w\xb3n\x8c\xfcIiBi\x8e\xf7\x12U\x3c\x89\x3c\x5fR</data></match></read>
    <read><delim>\xd4</delim><match><data>\xde\xe2\x9f\x16</data></match></read>
    <write><data>\xab\xd4u\xd5w\xb3n\x8c\xfcIiBi\x8e\xf7\x12U\x3c\x89\x3c\x5fR\xd4</data></write>
    <read><delim>\xd4</delim><match><data>\xde\xe2\x9f\x16</data></match></read>
    <write><data>\xa9\xd4\x90nS\x24\xf6\xe5\x0f333\xe5\xed\x3c\x24\x193\x5d\x82\x5f\xd6\x90\x5d\xdb\xa9\x5c\x5c\xca\xd4</data></write>
    <read><length>5</length><match><data>\x18\x18\x18\x9d\x16</data></match></read>
    <read><delim>\xd4</delim><match><data>\xde\xe2\x9f\x16</data></match></read>
    <write><data>\xa9\xd4\x8e\x8e\x82\xd8\x3c\x81\x82\x3c\xaa\x81.3E\x81\xfc\x3b\xd5\xe3\xed\xd5\xa1n3\xdb\xd5\xa1\xb3inX\x0f\xd5i\xd6\x5f\xa1\x1b\xca.\xf7\x24\x8e\xeai\x24\xea\xab\x3b\xfc\xd6\x7f\x0fR\x2c\xfc\xee\x7f\xb1\xd4</data></write>
    <read><length>5</length><match><data>\x18\x18\x18\x9d\x16</data></match></read>
    <read><delim>\xd4</delim><match><data>\xde\xe2\x9f\x16</data></match></read>
    <write><data>\xed\xd4</data></write>
    <read><delim>\xd4</delim><match><data>\xde\xe2\x9f\x16</data></match></read>
    <write><data>\xa9\xd4\x1b\x1b\x12\xca\xaa\xca\x89\x24\x12\xeanwEwRR\x5f\xee\x82R\x5d\x5d\xab\x1b\x8f\x5du\x2c\xf7\x12\x8ew\xf7\x7f\x2c\x3c\x5c\xee\x89u\xd8\xb1w\x8f\x5f\xd6\xd8\x0f\x7f\x3c\x8e\xa1\x5d\x3c\x90\x19\xab\x24\xe5\xfc\x24S3\xd5\x81\x5cu3\xd8\x8fu\xea\xca\xee\x81\xfc\x9b\x5f\xca\xed\x8f\x12\xed\xab\x3b\x2c\xed\xd4</data></write>
    <read><length>5</length><match><data>\x18\x18\x18\x9d\x16</data></match></read>
    <read><delim>\xd4</delim><match><data>\xde\xe2\x9f\x16</data></match></read>
    <write><data>\xed\xd4</data></write>
    <read><delim>\xd4</delim><match><data>\xde\xe2\x9f\x16</data></match></read>
    <write><data>\xa9\xd4\x1b\x12\xaa\x1b\xd5\xd5\xea\xf6\x12u\x5dX\x3b\x9b\x82\xd6\x3b\x0f\x9b\xb1.\xfc\x1b\x5f\x3c\xee\xf6\x3c\x81\x3c\x81nU\x81\xab\x5f\xe3\x0fB\x19\xdbU\xa9\xed\xe3\x24\x3b\xb3B\x89\xab\xa1E\x81XU\xeeU\xd8\xb3\x1bX\x9b\x0f\xb1\x24\x81\xf7\xab\xb3E\x8e\x3b\xb3\xee\xdb\x0f\xca\xb1\xf6\x5d.\x8e\xb1.S\xabX\xe5\x82\x2cU\xb1\xea\x12\x5d\x1bU\x2c\x8fX\xe5\x3bX\xe3\xb3\xf6\xe5\x8e\xa9\xa1\x9bX\xd4</data></write>
    <read><length>5</length><match><data>\x18\x18\x18\x9d\x16</data></match></read>
    <read><delim>\xd4</delim><match><data>\xde\xe2\x9f\x16</data></match></read>
    <write><data>\x0f\xd4</data></write>
    <read><length>4</length><match><data>\xd4\xcb\xcb\xcb</data></match></read>
    <read><length>4</length><match><pcre>.*</pcre></match></read>
    <read><length>20</length><match><data>u\xd5w\xb3n\x8c\xfcIiBi\x8e\xf7\x12U\x3c\x89\x3c\x5fR</data></match></read>
    <read><length>12</length><match><pcre>.*</pcre></match></read>
    <read><length>27</length><match><data>\x90nS\x24\xf6\xe5\x0f333\xe5\xed\x3c\x24\x193\x5d\x82\x5f\xd6\x90\x5d\xdb\xa9\x5c\x5c\xca</data></match></read>
    <read><length>113</length><match><pcre>.*</pcre></match></read>
    <read><length>4</length><match><pcre>.*</pcre></match></read>
    <read><length>20</length><match><data>u\xd5w\xb3n\x8c\xfcIiBi\x8e\xf7\x12U\x3c\x89\x3c\x5fR</data></match></read>
    <read><length>12</length><match><pcre>.*</pcre></match></read>
    <read><length>58</length><match><data>\x8e\x8e\x82\xd8\x3c\x81\x82\x3c\xaa\x81.3E\x81\xfc\x3b\xd5\xe3\xed\xd5\xa1n3\xdb\xd5\xa1\xb3inX\x0f\xd5i\xd6\x5f\xa1\x1b\xca.\xf7\x24\x8e\xeai\x24\xea\xab\x3b\xfc\xd6\x7f\x0fR\x2c\xfc\xee\x7f\xb1</data></match></read>
    <read><length>82</length><match><pcre>.*</pcre></match></read>
    <read><length>4</length><match><pcre>.*</pcre></match></read>
    <read><length>20</length><match><data>u\xd5w\xb3n\x8c\xfcIiBi\x8e\xf7\x12U\x3c\x89\x3c\x5fR</data></match></read>
    <read><length>12</length><match><pcre>.*</pcre></match></read>
    <read><length>87</length><match><data>\x1b\x1b\x12\xca\xaa\xca\x89\x24\x12\xeanwEwRR\x5f\xee\x82R\x5d\x5d\xab\x1b\x8f\x5du\x2c\xf7\x12\x8ew\xf7\x7f\x2c\x3c\x5c\xee\x89u\xd8\xb1w\x8f\x5f\xd6\xd8\x0f\x7f\x3c\x8e\xa1\x5d\x3c\x90\x19\xab\x24\xe5\xfc\x24S3\xd5\x81\x5cu3\xd8\x8fu\xea\xca\xee\x81\xfc\x9b\x5f\xca\xed\x8f\x12\xed\xab\x3b\x2c\xed</data></match></read>
    <read><length>53</length><match><pcre>.*</pcre></match></read>
    <read><length>4</length><match><pcre>.*</pcre></match></read>
    <read><length>20</length><match><data>u\xd5w\xb3n\x8c\xfcIiBi\x8e\xf7\x12U\x3c\x89\x3c\x5fR</data></match></read>
    <read><length>12</length><match><pcre>.*</pcre></match></read>
    <read><length>113</length><match><data>\x1b\x12\xaa\x1b\xd5\xd5\xea\xf6\x12u\x5dX\x3b\x9b\x82\xd6\x3b\x0f\x9b\xb1.\xfc\x1b\x5f\x3c\xee\xf6\x3c\x81\x3c\x81nU\x81\xab\x5f\xe3\x0fB\x19\xdbU\xa9\xed\xe3\x24\x3b\xb3B\x89\xab\xa1E\x81XU\xeeU\xd8\xb3\x1bX\x9b\x0f\xb1\x24\x81\xf7\xab\xb3E\x8e\x3b\xb3\xee\xdb\x0f\xca\xb1\xf6\x5d.\x8e\xb1.S\xabX\xe5\x82\x2cU\xb1\xea\x12\x5d\x1bU\x2c\x8fX\xe5\x3bX\xe3\xb3\xf6\xe5\x8e\xa9\xa1\x9bX</data></match></read>
    <read><length>27</length><match><pcre>.*</pcre></match></read>
    <read><delim>\xd4</delim><match><data>\xde\xe2\x9f\x16</data></match></read>
    <write><data>\xa9\xd4\xaa\xfc\xed\xd5\x19\xf6..E\x0fB\xb3\x8c\x9b\x90\x82\xb1\xe5\x0fEi\x3b\x12\xa1\x5dRX\xb3\x2c\xb3\xe5B\xb3\x3b\xed\xf73\xee\xb3\x9b\xb1\x8c\x90\xaa\xd6\x81\x5dES\x8f\x2c\x0f\x8e\xb3\xee\xb3\xdb\xea\x5f\xab\x5f\xd4</data></write>
    <read><length>5</length><match><data>\x18\x18\x18\x9d\x16</data></match></read>
    <read><delim>\xd4</delim><match><data>\xde\xe2\x9f\x16</data></match></read>
    <write><data>\x0f\xd4</data></write>
    <read><length>4</length><match><data>\x7c\xcb\xcb\xcb</data></match></read>
    <read><length>4</length><match><pcre>.*</pcre></match></read>
    <read><length>20</length><match><data>u\xd5w\xb3n\x8c\xfcIiBi\x8e\xf7\x12U\x3c\x89\x3c\x5fR</data></match></read>
    <read><length>12</length><match><pcre>.*</pcre></match></read>
    <read><length>61</length><match><data>\xaa\xfc\xed\xd5\x19\xf6..E\x0fB\xb3\x8c\x9b\x90\x82\xb1\xe5\x0fEi\x3b\x12\xa1\x5dRX\xb3\x2c\xb3\xe5B\xb3\x3b\xed\xf73\xee\xb3\x9b\xb1\x8c\x90\xaa\xd6\x81\x5dES\x8f\x2c\x0f\x8e\xb3\xee\xb3\xdb\xea\x5f\xab\x5f</data></match></read>
    <read><length>79</length><match><pcre>.*</pcre></match></read>
    <read><delim>\xd4</delim><match><data>\xde\xe2\x9f\x16</data></match></read>
    <write><data>\x0f\xd4</data></write>
    <read><length>4</length><match><data>\xcb\xcb\xcb\xcb</data></match></read>
    <read><delim>\xd4</delim><match><data>\xde\xe2\x9f\x16</data></match></read>
    <write><data>\xed\xd4</data></write>
    <read><delim>\xd4</delim><match><data>\xde\xe2\x9f\x16</data></match></read>
    <write><data>\xed\xd4</data></write>
    <read><delim>\xd4</delim><match><data>\xde\xe2\x9f\x16</data></match></read>
    <write><data>\xed\xd4</data></write>
    <read><delim>\xd4</delim><match><data>\xde\xe2\x9f\x16</data></match></read>
    <write><data>\x0f\xd4</data></write>
    <read><length>4</length><match><data>\xcb\xcb\xcb\xcb</data></match></read>
    <read><delim>\xd4</delim><match><data>\xde\xe2\x9f\x16</data></match></read>
    <write><data>\x0f\xd4</data></write>
    <read><length>4</length><match><data>\xcb\xcb\xcb\xcb</data></match></read>
    <read><delim>\xd4</delim><match><data>\xde\xe2\x9f\x16</data></match></read>
    <write><data>\xed\xd4</data></write>
    <read><delim>\xd4</delim><match><data>\xde\xe2\x9f\x16</data></match></read>
    <write><data>\x0f\xd4</data></write>
    <read><length>4</length><match><data>\xcb\xcb\xcb\xcb</data></match></read>
    <read><delim>\xd4</delim><match><data>\xde\xe2\x9f\x16</data></match></read>
    <write><data>\xa9\xd4\xa9\x8f\x1b\x0f\x89\x3c\xee\x89\xaa\x8e\xa1\x5c\x5f\x1b\x89R\xfc\xf7\x89\xea\xfcB\xea\xca\x0fB\x0fX\x8e\x2c\xcaB\x82\xedI\x89\xf6\x5f\x1b\xab\x90n\xd5\xea\xd4</data></write>
    <read><length>5</length><match><data>\x18\x18\x18\x9d\x16</data></match></read>
    <read><delim>\xd4</delim><match><data>\xde\xe2\x9f\x16</data></match></read>
    <write><data>\xed\xd4</data></write>
    <read><delim>\xd4</delim><match><data>\xde\xe2\x9f\x16</data></match></read>
    <write><data>\xa9\xd43w.\x0f\xb3I\x82\x8c\x5f\x5c\xe5S\xb3\x19\x81\x9b\xab\xb1i\xedX\xaaU\x9b\xabU\x5c\xee\xe5\x8c\x19\x82\x8e\xcaS\x8f\xaaB3\x8cX\xb3\x7f\xe3\x8f\xd6\xd6\xaa\xf6\xaaXu\x1b\x81\x3cR\xe5\xb3\xa1\xd6R\xb1\xd5I\x5d\x3b\xf7\xb3n\xa1\xeaS\x3c\x1bE\xcaB\x82R\xaa\x0f3\x9b\x8c\xb3\xdb\xdb\x12R\x5c\x89\xd8\xabiR\xb1\x5d\x1bB\x2c\x9b.\x8e\xd6U\x7f\x8f\xf6\xca\xb1U\x9bui\xa9i\xb3\xd4</data></write>
    <read><length>5</length><match><data>\x18\x18\x18\x9d\x16</data></match></read>
    <read><delim>\xd4</delim><match><data>\xde\xe2\x9f\x16</data></match></read>
    <write><data>\xed\xd4</data></write>
    <read><delim>\xd4</delim><match><data>\xde\xe2\x9f\x16</data></match></read>
    <write><data>\xed\xd4</data></write>
    <read><delim>\xd4</delim><match><data>\xde\xe2\x9f\x16</data></match></read>
    <write><data>\x0f\xd4</data></write>
    <read><length>4</length><match><data>\xd2\xcb\xcb\xcb</data></match></read>
    <read><length>4</length><match><pcre>.*</pcre></match></read>
    <read><length>20</length><match><data>u\xd5w\xb3n\x8c\xfcIiBi\x8e\xf7\x12U\x3c\x89\x3c\x5fR</data></match></read>
    <read><length>12</length><match><pcre>.*</pcre></match></read>
    <read><length>44</length><match><data>\xa9\x8f\x1b\x0f\x89\x3c\xee\x89\xaa\x8e\xa1\x5c\x5f\x1b\x89R\xfc\xf7\x89\xea\xfcB\xea\xca\x0fB\x0fX\x8e\x2c\xcaB\x82\xedI\x89\xf6\x5f\x1b\xab\x90n\xd5\xea</data></match></read>
    <read><length>96</length><match><pcre>.*</pcre></match></read>
    <read><length>4</length><match><pcre>.*</pcre></match></read>
    <read><length>20</length><match><data>u\xd5w\xb3n\x8c\xfcIiBi\x8e\xf7\x12U\x3c\x89\x3c\x5fR</data></match></read>
    <read><length>12</length><match><pcre>.*</pcre></match></read>
    <read><length>117</length><match><data>3w.\x0f\xb3I\x82\x8c\x5f\x5c\xe5S\xb3\x19\x81\x9b\xab\xb1i\xedX\xaaU\x9b\xabU\x5c\xee\xe5\x8c\x19\x82\x8e\xcaS\x8f\xaaB3\x8cX\xb3\x7f\xe3\x8f\xd6\xd6\xaa\xf6\xaaXu\x1b\x81\x3cR\xe5\xb3\xa1\xd6R\xb1\xd5I\x5d\x3b\xf7\xb3n\xa1\xeaS\x3c\x1bE\xcaB\x82R\xaa\x0f3\x9b\x8c\xb3\xdb\xdb\x12R\x5c\x89\xd8\xabiR\xb1\x5d\x1bB\x2c\x9b.\x8e\xd6U\x7f\x8f\xf6\xca\xb1U\x9bui\xa9i\xb3</data></match></read>
    <read><length>23</length><match><pcre>.*</pcre></match></read>
    <read><delim>\xd4</delim><match><data>\xde\xe2\x9f\x16</data></match></read>
    <write><data>\x0f\xd4</data></write>
    <read><length>4</length><match><data>\xcb\xcb\xcb\xcb</data></match></read>
    <read><delim>\xd4</delim><match><data>\xde\xe2\x9f\x16</data></match></read>
    <write><data>\xed\xd4</data></write>
    <read><delim>\xd4</delim><match><data>\xde\xe2\x9f\x16</data></match></read>
    <write><data>\xed\xd4</data></write>
    <read><delim>\xd4</delim><match><data>\xde\xe2\x9f\x16</data></match></read>
    <write><data>\xed\xd4</data></write>
    <read><delim>\xd4</delim><match><data>\xde\xe2\x9f\x16</data></match></read>
    <write><data>\x0f\xd4</data></write>
    <read><length>4</length><match><data>\xcb\xcb\xcb\xcb</data></match></read>
    <read><delim>\xd4</delim><match><data>\xde\xe2\x9f\x16</data></match></read>
    <write><data>\x0f\xd4</data></write>
    <read><length>4</length><match><data>\xcb\xcb\xcb\xcb</data></match></read>
    <read><delim>\xd4</delim><match><data>\xde\xe2\x9f\x16</data></match></read>
    <write><data>\x0f\xd4</data></write>
    <read><length>4</length><match><data>\xcb\xcb\xcb\xcb</data></match></read>
    <read><delim>\xd4</delim><match><data>\xde\xe2\x9f\x16</data></match></read>
    <write><data>\xed\xd4</data></write>
    <read><delim>\xd4</delim><match><data>\xde\xe2\x9f\x16</data></match></read>
    <write><data>\xed\xd4</data></write>
    <read><delim>\xd4</delim><match><data>\xde\xe2\x9f\x16</data></match></read>
    <write><data>\xed\xd4</data></write>
    <read><delim>\xd4</delim><match><data>\xde\xe2\x9f\x16</data></match></read>
    <write><data>\x0f\xd4</data></write>
    <read><length>4</length><match><data>\xcb\xcb\xcb\xcb</data></match></read>
    <read><delim>\xd4</delim><match><data>\xde\xe2\x9f\x16</data></match></read>
    <write><data>\xed\xd4</data></write>
    <read><delim>\xd4</delim><match><data>\xde\xe2\x9f\x16</data></match></read>
    <write><data>\xed\xd4</data></write>
    <read><delim>\xd4</delim><match><data>\xde\xe2\x9f\x16</data></match></read>
    <write><data>\xa9\xd4\x2c\x8e\x3c\xaa\x5f\x3b\xd5\x7f\xaa\xf6\xca\x8f\x0f\xa1\x3b\xfc.\xea\x8fB\xf73\xedR\x2c\x24\x2c\x3bS\x3c\xf7\xb1R\xed\x3bnE\x8cwR\xd5\xf7\xe5\x5d\x5f\xe5\x90\xb1\x8c\xd8\x89RR\x1bI\xd4</data></write>
    <read><length>5</length><match><data>\x18\x18\x18\x9d\x16</data></match></read>
    <read><delim>\xd4</delim><match><data>\xde\xe2\x9f\x16</data></match></read>
    <write><data>\x0f\xd4</data></write>
    <read><length>4</length><match><data>\x7c\xcb\xcb\xcb</data></match></read>
    <read><length>4</length><match><pcre>.*</pcre></match></read>
    <read><length>20</length><match><data>u\xd5w\xb3n\x8c\xfcIiBi\x8e\xf7\x12U\x3c\x89\x3c\x5fR</data></match></read>
    <read><length>12</length><match><pcre>.*</pcre></match></read>
    <read><length>55</length><match><data>\x2c\x8e\x3c\xaa\x5f\x3b\xd5\x7f\xaa\xf6\xca\x8f\x0f\xa1\x3b\xfc.\xea\x8fB\xf73\xedR\x2c\x24\x2c\x3bS\x3c\xf7\xb1R\xed\x3bnE\x8cwR\xd5\xf7\xe5\x5d\x5f\xe5\x90\xb1\x8c\xd8\x89RR\x1bI</data></match></read>
    <read><length>85</length><match><pcre>.*</pcre></match></read>
    <read><delim>\xd4</delim><match><data>\xde\xe2\x9f\x16</data></match></read>
    <write><data>\x0f\xd4</data></write>
    <read><length>4</length><match><data>\xcb\xcb\xcb\xcb</data></match></read>
    <read><delim>\xd4</delim><match><data>\xde\xe2\x9f\x16</data></match></read>
    <write><data>\xa9\xd4\xee\x1bu\x5f\xaa\x19\x0f\xd6U\xed\xfc\xa1.\xeaS\x7f\xedE\xf7\x5f\xf6\xab\xdb\x5c\xd8\x19u\xd5\x3bw\x82\x5c\x89\xee\xfc\xca\x12\x3b3\xe5\x9b\x2c\xca\xf7\xab\xf7\x9b\xca\x3b\x1bRR\x8c\xa9SI\xf7\x8f\x1b\x9b\xee\x90\x5d\x5cn\x90\x81\x8eB\xe3i\x81\xd5\xe5\x9b\xab\xabU\xab\x7f\x7f\xe5\x19\xd5\x82\xb1\x89\x5c\x3c.\xd6\xd5\xca\xf7\x8c\xee\xe3\x12\xe5\xd5i\xb1\x90\x3c\x82w\x5d\x3c\xd8\xee\xd4</data></write>
    <read><length>5</length><match><data>\x18\x18\x18\x9d\x16</data></match></read>
    <read><delim>\xd4</delim><match><data>\xde\xe2\x9f\x16</data></match></read>
    <write><data>\xed\xd4</data></write>
    <write><data>\xd5\xd4</data></write>
</replay>
</pov>