<?xml version="1.0" standalone="no" ?>
<!DOCTYPE pov SYSTEM "/usr/share/cgc-docs/replay.dtd">
<pov>
<cbid>service</cbid>
<seed>20e39be81a7c9c9fe8f1189ce73c255bf7c9d1907475436d472ad2add2f0968b7348cabebeec19743b8f01ac738b1760</seed>
<replay>
    <write><data>\xde\xad\xde\xad</data></write>
    <write><data>00664810</data></write>
    <read><length>2</length><match><data>\x8d\xea</data></match></read>
    <write><data>\x04\xd4\x7e\x00</data></write>
    <write><data>46693171</data></write>
    <write><data>N\xcd\x00\x00\x85\xeb\x91?LarDElDzgwVCWlXcLWNxOqr\xed</data></write>
    <read><length>2</length><match><data>\x8d\xea</data></match></read>
    <write><data>\xc4\xecN\xee</data></write>
    <write><data>17573103</data></write>
    <read><length>4</length><match><data>\xd3\x09\x00\x00</data></match></read>
    <read><length>4</length></read>
    <read><length>2</length><match><data>P\xed</data></match></read>
    <read><length>2</length><match><data>\x8d\xea</data></match></read>
    <write><data>T\x13T\x13</data></write>
    <write><data>88925705</data></write>
    <write><data>e\x00\x00\x00</data></write>
    <read><length>2</length><match><data>\x15\x40</data></match></read>
    <write><data>\x04\xd4\x7e\x00</data></write>
    <write><data>60234543</data></write>
    <write><data>\xea\x0d\x00\x00\x8f\xc2\xf5\x3cjyXZHPBuZMfRFOzTnCdj\xed</data></write>
    <read><length>2</length><match><data>\x8d\xea</data></match></read>
    <write><data>\xde\xad\xde\xad</data></write>
    <write><data>13706532</data></write>
    <read><length>2</length><match><data>\x8d\xea</data></match></read>
    <write><data>\xad\xdd\xad\xdd</data></write>
    <write><data>60577971</data></write>
    <write><data>\xbem\x00\x00\x3d\x0a\xd7\x3eVqPYmMqVBrsR\xed</data></write>
    <read><length>2</length><match><data>\x8d\xea</data></match></read>
    <write><data>\xde\xad\xde\xad</data></write>
    <write><data>05558432</data></write>
    <read><length>2</length><match><data>\x8d\xea</data></match></read>
    <write><data>T\x13T\x13</data></write>
    <write><data>88925705</data></write>
    <write><data>\x7d\x00\x00\x00</data></write>
    <read><length>2</length><match><data>\x15\x40</data></match></read>
    <write><data>\xde\xad\xde\xad</data></write>
    <write><data>28433101</data></write>
    <read><length>2</length><match><data>\x8d\xea</data></match></read>
    <write><data>\xc4\xecN\xee</data></write>
    <write><data>12555125</data></write>
    <read><length>4</length><match><data>\xbc\xbc\x00\x00</data></match></read>
    <read><length>4</length></read>
    <read><length>21</length><match><data>OOBHIukxWBXTujZouCmy\xed</data></match></read>
    <read><length>2</length><match><data>\x8d\xea</data></match></read>
    <write><data>\xde\xad\xde\xad</data></write>
    <write><data>68500061</data></write>
    <read><length>2</length><match><data>\x8d\xea</data></match></read>
    <write><data>\xde\xad\xde\xad</data></write>
    <write><data>88925705</data></write>
    <read><length>2</length><match><data>\x8d\xea</data></match></read>
    <write><data>\xde\xad\xde\xad</data></write>
    <write><data>94282841</data></write>
    <read><length>2</length><match><data>\x8d\xea</data></match></read>
    <write><data>\x0f\x0f\x0f\x0f</data></write>
    <write><data>74926350</data></write>
    <read><length>2</length><match><data>\x8d\xea</data></match></read>
    <write><data>\xad\xdd\xad\xdd</data></write>
    <write><data>31845994</data></write>
    <write><data>\xbc\xbd\x00\x00\x85\xeb\xc9\x40zswQunMjjkzwyTKNRrphVEHEYtMQ\xed</data></write>
    <read><length>2</length><match><data>\x8d\xea</data></match></read>
    <write><data>\xad\xdd\xad\xdd</data></write>
    <write><data>27516050</data></write>
    <write><data>\xf9\xb4\x00\x00\x14\xae\x1bAWoiiFjNRvXrwrdWE\xed</data></write>
    <read><length>2</length><match><data>\x8d\xea</data></match></read>
    <write><data>T\x13T\x13</data></write>
    <write><data>66900952</data></write>
    <write><data>P\x00\x00\x00</data></write>
    <read><length>2</length><match><data>\x8d\xea</data></match></read>
    <write><data>\x04\xd4\x7e\x00</data></write>
    <write><data>50361802</data></write>
    <write><data>\xad\xad\x00\x00q\x3d\x0aAFriFLOMNPGiPFBYBn\xed</data></write>
    <read><length>2</length><match><data>\x8d\xea</data></match></read>
    <write><data>\xc4\xecN\xee</data></write>
    <write><data>26550548</data></write>
    <read><length>4</length><match><data>\xe2\xde\x00\x00</data></match></read>
    <read><length>4</length></read>
    <read><length>4</length><match><data>btg\xed</data></match></read>
    <read><length>2</length><match><data>\x8d\xea</data></match></read>
    <write><data>\xde\xad\xde\xad</data></write>
    <write><data>72291601</data></write>
    <read><length>2</length><match><data>\x8d\xea</data></match></read>
    <write><data>\x0f\x0f\x0f\x0f</data></write>
    <write><data>59586178</data></write>
    <read><length>2</length><match><data>\x15\x40</data></match></read>
    <write><data>\xad\xdd\xad\xdd</data></write>
    <write><data>71410989</data></write>
    <write><data>\x02\xfa\x00\x00\xcd\xcc\xec?CvAySv\xed</data></write>
    <read><length>2</length><match><data>\x8d\xea</data></match></read>
    <write><data>\xde\xad\xde\xad</data></write>
    <write><data>93921599</data></write>
    <read><length>2</length><match><data>\x8d\xea</data></match></read>
    <write><data>\xc4\xecN\xee</data></write>
    <write><data>15048891</data></write>
    <read><length>4</length><match><data>\xea\x9b\x00\x00</data></match></read>
    <read><length>4</length></read>
    <read><length>28</length><match><data>QPuFuYcsUqextKPzFHBFhWWxiwL\xed</data></match></read>
    <read><length>2</length><match><data>\x8d\xea</data></match></read>
</replay>
</pov>