<?xml version="1.0" standalone="no" ?>
<!DOCTYPE pov SYSTEM "/usr/share/cgc-docs/replay.dtd">
<pov>
<cbid>service</cbid>
<seed>51fd0b4d4f4f83f702fabb7f15d3c8cf5f7a8c62590f3f23c73b48bfcc32bd3eccc2652683e1ead56158f86b22873c29</seed>
<replay>
    <write><data>\x04\xd4\x7e\x00</data></write>
    <write><data>50044195</data></write>
    <write><data>\xba\xb0\x00\x00\x7b\x14\xae?CHjTRNLXErwZUPctoFwCHMKW\xed</data></write>
    <read><length>2</length><match><data>Jn</data></match></read>
    <write><data>\x04\xd4\x7e\x00</data></write>
    <write><data>93921599</data></write>
    <write><data>\x947\x00\x00H\xe1\x9a?GtkTLpBEdewuajerBkciajtQrZ\xed</data></write>
    <read><length>2</length><match><data>Jn</data></match></read>
    <write><data>T\x13T\x13</data></write>
    <write><data>13706532</data></write>
    <write><data>\x09\x00\x00\x00</data></write>
    <read><length>2</length><match><data>Jn</data></match></read>
    <write><data>T\x13T\x13</data></write>
    <write><data>44567831</data></write>
    <write><data>\x08\x00\x00\x00</data></write>
    <read><length>2</length><match><data>Jn</data></match></read>
    <write><data>T\x13T\x13</data></write>
    <write><data>20585072</data></write>
    <write><data>y\x00\x00\x00</data></write>
    <read><length>2</length><match><data>yW</data></match></read>
    <write><data>\x04\xd4\x7e\x00</data></write>
    <write><data>52820574</data></write>
    <write><data>\xa6\xee\x00\x00\xf6\x28\x5c?WCbYFqIZkj\xed</data></write>
    <read><length>2</length><match><data>Jn</data></match></read>
    <write><data>\x0f\x0f\x0f\x0f</data></write>
    <write><data>15048891</data></write>
    <read><length>2</length><match><data>Jn</data></match></read>
    <write><data>\xad\xdd\xad\xdd</data></write>
    <write><data>73687163</data></write>
    <write><data>\xd0I\x00\x00\x00\x00\x00?oRwJj\xed</data></write>
    <read><length>2</length><match><data>Jn</data></match></read>
    <write><data>\x04\xd4\x7e\x00</data></write>
    <write><data>30172465</data></write>
    <write><data>\xef\x0f\x00\x00\x9a\x99\xf9?HJscdBzLyxPkdXmEKovDFIeCNkvn\xed</data></write>
    <read><length>2</length><match><data>Jn</data></match></read>
    <write><data>\xc4\xecN\xee</data></write>
    <write><data>32349600</data></write>
    <read><length>4</length><match><data>\xb6\x7f\x00\x00</data></match></read>
    <read><length>4</length></read>
    <read><length>23</length><match><data>vDzqEgRHizanDmHWYmtKjy\xed</data></match></read>
    <read><length>2</length><match><data>Jn</data></match></read>
    <write><data>\x04\xd4\x7e\x00</data></write>
    <write><data>52820574</data></write>
    <write><data>8\xec\x00\x00\xf6\x28\xdc?UlvMu\xed</data></write>
    <read><length>2</length><match><data>Jn</data></match></read>
    <write><data>\xde\xad\xde\xad</data></write>
    <write><data>94282841</data></write>
    <read><length>2</length><match><data>Jn</data></match></read>
    <write><data>\xde\xad\xde\xad</data></write>
    <write><data>92584668</data></write>
    <read><length>2</length><match><data>yW</data></match></read>
    <write><data>\xde\xad\xde\xad</data></write>
    <write><data>42075942</data></write>
    <read><length>2</length><match><data>yW</data></match></read>
    <write><data>\xad\xdd\xad\xdd</data></write>
    <write><data>51427784</data></write>
    <write><data>\xf6t\x00\x00\xcd\xcc\xc4\x40P\xed</data></write>
    <read><length>2</length><match><data>Jn</data></match></read>
    <write><data>\x04\xd4\x7e\x00</data></write>
    <write><data>17573103</data></write>
    <write><data>\x2d\x7c\x00\x00\x1f\x85\xb3\x40gbDtufUPVONz\xed</data></write>
    <read><length>2</length><match><data>Jn</data></match></read>
    <write><data>\x04\xd4\x7e\x00</data></write>
    <write><data>72291601</data></write>
    <write><data>iA\x00\x00\x85\xebQ\x40SHRGUvesMWGIVAXpWnsmsbZwAIFPD\xed</data></write>
    <read><length>2</length><match><data>Jn</data></match></read>
    <write><data>\xad\xdd\xad\xdd</data></write>
    <write><data>67501654</data></write>
    <write><data>m\xcf\x00\x00\xaeG\xf9\x40YUVKEmeZrdgyPUklyDyGoWLI\xed</data></write>
    <read><length>2</length><match><data>Jn</data></match></read>
    <write><data>\xad\xdd\xad\xdd</data></write>
    <write><data>24536832</data></write>
    <write><data>\x2f\x09\x00\x00ff6\x40iFbwltCfgcZszRlsqekNISfRX\xed</data></write>
    <read><length>2</length><match><data>Jn</data></match></read>
    <write><data>\x0f\x0f\x0f\x0f</data></write>
    <write><data>18096850</data></write>
    <read><length>2</length><match><data>yW</data></match></read>
    <write><data>\xad\xdd\xad\xdd</data></write>
    <write><data>87806643</data></write>
    <write><data>\x7e\xc1\x00\x00\xaeG\x01ABflNiLAWQPaPPVFDcIFc\xed</data></write>
    <read><length>2</length><match><data>Jn</data></match></read>
    <write><data>\xad\xdd\xad\xdd</data></write>
    <write><data>45939154</data></write>
    <write><data>k\x06\x00\x00\x1f\x85\xcb?OrbMoU\xed</data></write>
    <read><length>2</length><match><data>Jn</data></match></read>
    <write><data>T\x13T\x13</data></write>
    <write><data>44381534</data></write>
    <write><data>5\x00\x00\x00</data></write>
    <read><length>2</length><match><data>Jn</data></match></read>
    <write><data>T\x13T\x13</data></write>
    <write><data>72291601</data></write>
    <write><data>\x19\x00\x00\x00</data></write>
    <read><length>2</length><match><data>Jn</data></match></read>
    <write><data>\x04\xd4\x7e\x00</data></write>
    <write><data>27286316</data></write>
    <write><data>\xf1\xe8\x00\x00R\xb8\x06AOBiscuqlTieOwYjBYNzrQFhSBJVJj\xed</data></write>
    <read><length>2</length><match><data>Jn</data></match></read>
</replay>
</pov>