<?xml version="1.0" standalone="no" ?>
<!DOCTYPE pov SYSTEM "/usr/share/cgc-docs/replay.dtd">
<pov>
<cbid>service</cbid>
<seed>78bc29d34a44431d0ec0c9a827a5cb60b545f832b12645157a47c8b4c125197f2bca641f3f366052e6a0148c19aa7d05</seed>
<replay>
    <write><data>\x0f\x0f\x0f\x0f</data></write>
    <write><data>80111827</data></write>
    <read><length>2</length><match><data>\xcd\x17</data></match></read>
    <write><data>\xc4\xecN\xee</data></write>
    <write><data>34801085</data></write>
    <read><length>2</length><match><data>\xe3e</data></match></read>
    <write><data>\xc4\xecN\xee</data></write>
    <write><data>50044195</data></write>
    <read><length>4</length><match><data>T\xfb\x00\x00</data></match></read>
    <read><length>4</length></read>
    <read><length>27</length><match><data>TIwQNAxBYeidFJgiuiceKyyZOo\xed</data></match></read>
    <read><length>2</length><match><data>\xcd\x17</data></match></read>
    <write><data>\xde\xad\xde\xad</data></write>
    <write><data>46108933</data></write>
    <read><length>2</length><match><data>\xcd\x17</data></match></read>
    <write><data>\x04\xd4\x7e\x00</data></write>
    <write><data>14976063</data></write>
    <write><data>\x8d\x90\x00\x00H\xe1Z\x40L\xed</data></write>
    <read><length>2</length><match><data>\xcd\x17</data></match></read>
    <write><data>\x0f\x0f\x0f\x0f</data></write>
    <write><data>78486525</data></write>
    <read><length>2</length><match><data>\xcd\x17</data></match></read>
    <write><data>\xc4\xecN\xee</data></write>
    <write><data>95486291</data></write>
    <read><length>4</length><match><data>\x5dw\x00\x00</data></match></read>
    <read><length>4</length></read>
    <read><length>24</length><match><data>jJIhbikVwbdVIhCAZGHqjLY\xed</data></match></read>
    <read><length>2</length><match><data>\xcd\x17</data></match></read>
    <write><data>\xde\xad\xde\xad</data></write>
    <write><data>30246117</data></write>
    <read><length>2</length><match><data>\xcd\x17</data></match></read>
    <write><data>T\x13T\x13</data></write>
    <write><data>32349600</data></write>
    <write><data>1\x00\x00\x00</data></write>
    <read><length>2</length><match><data>\xcd\x17</data></match></read>
    <write><data>\xde\xad\xde\xad</data></write>
    <write><data>12099137</data></write>
    <read><length>2</length><match><data>\xcd\x17</data></match></read>
    <write><data>\x04\xd4\x7e\x00</data></write>
    <write><data>78030638</data></write>
    <read><length>2</length><match><data>\xe3e</data></match></read>
    <write><data>T\x13T\x13</data></write>
    <write><data>19044824</data></write>
    <write><data>\x3c\x00\x00\x00</data></write>
    <read><length>2</length><match><data>\xcd\x17</data></match></read>
    <write><data>\x0f\x0f\x0f\x0f</data></write>
    <write><data>13001388</data></write>
    <read><length>2</length><match><data>\xcd\x17</data></match></read>
    <write><data>\xde\xad\xde\xad</data></write>
    <write><data>41916155</data></write>
    <read><length>2</length><match><data>\xcd\x17</data></match></read>
    <write><data>\xde\xad\xde\xad</data></write>
    <write><data>27227405</data></write>
    <read><length>2</length><match><data>\xcd\x17</data></match></read>
    <write><data>\x04\xd4\x7e\x00</data></write>
    <write><data>88925705</data></write>
    <write><data>\xf0\x96\x00\x00\x14\xae\x27\x40GzKmPfBdqpFPRkZxEvEJBxmvzRvyHJ\xed</data></write>
    <read><length>2</length><match><data>\xcd\x17</data></match></read>
    <write><data>\xc4\xecN\xee</data></write>
    <write><data>45266556</data></write>
    <read><length>4</length><match><data>\xe7\xd1\x00\x00</data></match></read>
    <read><length>4</length></read>
    <read><length>26</length><match><data>SxagJhzOzEhqAhpAdpuREDJnM\xed</data></match></read>
    <read><length>2</length><match><data>\xcd\x17</data></match></read>
    <write><data>\x0f\x0f\x0f\x0f</data></write>
    <write><data>31951871</data></write>
    <read><length>2</length><match><data>\xcd\x17</data></match></read>
    <write><data>\xff\xff\xff\xff</data></write>
    <read><length>2</length><match><data>!\x5b</data></match></read>
</replay>
</pov>