<?xml version="1.0" standalone="no" ?>
<!DOCTYPE pov SYSTEM "/usr/share/cgc-docs/replay.dtd">
<pov>
<cbid>service</cbid>
<seed>41742cf600f035e9730e563bf708ef1514ca880bbdfe8578814be087d2b7f763b6104543b16e592f26b60f055b41a170</seed>
<replay>
    <write><data>\xde\xad\xde\xad</data></write>
    <write><data>31134605</data></write>
    <read><length>2</length><match><data>C\x13</data></match></read>
    <write><data>T\x13T\x13</data></write>
    <write><data>68500061</data></write>
    <write><data>\x8f\x00\x00\x00</data></write>
    <read><length>2</length><match><data>C\x13</data></match></read>
    <write><data>\xde\xad\xde\xad</data></write>
    <write><data>06320948</data></write>
    <read><length>2</length><match><data>C\x13</data></match></read>
    <write><data>\xc4\xecN\xee</data></write>
    <write><data>00664810</data></write>
    <read><length>4</length><match><data>\xa4j\x00\x00</data></match></read>
    <read><length>4</length></read>
    <read><length>12</length><match><data>WBsFTZeoBiL\xed</data></match></read>
    <read><length>2</length><match><data>1W</data></match></read>
    <write><data>\x0f\x0f\x0f\x0f</data></write>
    <write><data>30246117</data></write>
    <read><length>2</length><match><data>1W</data></match></read>
    <write><data>\xde\xad\xde\xad</data></write>
    <write><data>50361802</data></write>
    <read><length>2</length><match><data>1W</data></match></read>
    <write><data>\x0f\x0f\x0f\x0f</data></write>
    <write><data>50717007</data></write>
    <read><length>2</length><match><data>1W</data></match></read>
    <write><data>\xad\xdd\xad\xdd</data></write>
    <write><data>33055553</data></write>
    <write><data>\x5c\x26\x00\x00\x9a\x99\x19AMFltCFHMxdygRXJnhWTIlipZhd\xed</data></write>
    <read><length>2</length><match><data>1W</data></match></read>
    <write><data>\xc4\xecN\xee</data></write>
    <write><data>15048891</data></write>
    <read><length>4</length><match><data>\xea\x9b\x00\x00</data></match></read>
    <read><length>4</length></read>
    <read><length>28</length><match><data>QPuFuYcsUqextKPzFHBFhWWxiwL\xed</data></match></read>
    <read><length>2</length><match><data>1W</data></match></read>
    <write><data>T\x13T\x13</data></write>
    <write><data>05558432</data></write>
    <write><data>j\x00\x00\x00</data></write>
    <read><length>2</length><match><data>C\x13</data></match></read>
    <write><data>T\x13T\x13</data></write>
    <write><data>30246117</data></write>
    <write><data>7\x00\x00\x00</data></write>
    <read><length>2</length><match><data>1W</data></match></read>
    <write><data>T\x13T\x13</data></write>
    <write><data>13001388</data></write>
    <write><data>o\x00\x00\x00</data></write>
    <read><length>2</length><match><data>C\x13</data></match></read>
    <write><data>\xde\xad\xde\xad</data></write>
    <write><data>50044195</data></write>
    <read><length>2</length><match><data>1W</data></match></read>
    <write><data>\xff\xff\xff\xff</data></write>
    <read><length>2</length><match><data>\xc9\xb7</data></match></read>
</replay>
</pov>