<?xml version="1.0" standalone="no" ?>
<!DOCTYPE pov SYSTEM "/usr/share/cgc-docs/replay.dtd">
<pov>
<cbid>service</cbid>
<seed>68f5c13045b668cbb83f3855eca5469ebeda9d665be2b0633097f977327037e6f0b32a9084c0a8ba1acad1dcaaec3f46</seed>
<replay>
    <write><data>\xde\xad\xde\xad</data></write>
    <write><data>13001388</data></write>
    <read><length>2</length><match><data>\x26\x1c</data></match></read>
    <write><data>\x04\xd4\x7e\x00</data></write>
    <write><data>05558432</data></write>
    <write><data>\xc6\xbd\x00\x00ff\xee\x40n\xed</data></write>
    <read><length>2</length><match><data>\x26\x1c</data></match></read>
    <write><data>\xad\xdd\xad\xdd</data></write>
    <write><data>59074725</data></write>
    <write><data>\x15\xdb\x00\x00\x85\xeb\x09AIdYdHDVpPmcIxRomCLIWhSoOd\xed</data></write>
    <read><length>2</length><match><data>\x26\x1c</data></match></read>
    <write><data>\x0f\x0f\x0f\x0f</data></write>
    <write><data>30172465</data></write>
    <read><length>2</length><match><data>\x26\x1c</data></match></read>
    <write><data>T\x13T\x13</data></write>
    <write><data>20585072</data></write>
    <write><data>\x8e\x00\x00\x00</data></write>
    <read><length>2</length><match><data>.\x94</data></match></read>
    <write><data>T\x13T\x13</data></write>
    <write><data>49840365</data></write>
    <write><data>B\x00\x00\x00</data></write>
    <read><length>2</length><match><data>\x26\x1c</data></match></read>
    <write><data>\xad\xdd\xad\xdd</data></write>
    <write><data>47666750</data></write>
    <write><data>5\xb9\x00\x00\x5c\x8f\x22\x40uErMeLitvFQCDcxkUzoJfnqqJf\xed</data></write>
    <read><length>2</length><match><data>\x26\x1c</data></match></read>
    <write><data>\xc4\xecN\xee</data></write>
    <write><data>86848322</data></write>
    <read><length>4</length><match><data>e\xfa\x00\x00</data></match></read>
    <read><length>4</length></read>
    <read><length>32</length><match><data>OuYFqLLPzpStQmLGNfrdmNBtqESEZPD\xed</data></match></read>
    <read><length>2</length><match><data>\x26\x1c</data></match></read>
    <write><data>\xde\xad\xde\xad</data></write>
    <write><data>32349600</data></write>
    <read><length>2</length><match><data>\x26\x1c</data></match></read>
    <write><data>\xde\xad\xde\xad</data></write>
    <write><data>74926350</data></write>
    <read><length>2</length><match><data>\x26\x1c</data></match></read>
    <write><data>\xc4\xecN\xee</data></write>
    <write><data>99964712</data></write>
    <read><length>4</length><match><data>t\x00\x00\x00</data></match></read>
    <read><length>4</length></read>
    <read><length>20</length><match><data>NcVIOJwRguXBwKdEwzx\xed</data></match></read>
    <read><length>2</length><match><data>\x26\x1c</data></match></read>
    <write><data>\xad\xdd\xad\xdd</data></write>
    <write><data>38520873</data></write>
    <write><data>\x3d\xa2\x00\x00\x00\x00\x00\x40c\xed</data></write>
    <read><length>2</length><match><data>\x26\x1c</data></match></read>
    <write><data>T\x13T\x13</data></write>
    <write><data>46693171</data></write>
    <write><data>2\x00\x00\x00</data></write>
    <read><length>2</length><match><data>\x26\x1c</data></match></read>
    <write><data>\x04\xd4\x7e\x00</data></write>
    <write><data>20585072</data></write>
    <write><data>\xfe\x25\x00\x00\x5c\x8f\x16ANgRBizkg\xed</data></write>
    <read><length>2</length><match><data>\x26\x1c</data></match></read>
    <write><data>\xad\xdd\xad\xdd</data></write>
    <write><data>20436288</data></write>
    <write><data>\x40\xbe\x00\x00\x85\xeb\x09AWEjBiOoQDrCcX\xed</data></write>
    <read><length>2</length><match><data>\x26\x1c</data></match></read>
    <write><data>\xad\xdd\xad\xdd</data></write>
    <write><data>25264334</data></write>
    <write><data>\x9dz\x00\x00\xb8\x1e\x9d\x40VPB\xed</data></write>
    <read><length>2</length><match><data>\x26\x1c</data></match></read>
    <write><data>\xc4\xecN\xee</data></write>
    <write><data>44381534</data></write>
    <read><length>4</length><match><data>\xa8u\x00\x00</data></match></read>
    <read><length>4</length></read>
    <read><length>24</length><match><data>mfuSPgiZIaaPTtfMKuYWPqW\xed</data></match></read>
    <read><length>2</length><match><data>\x26\x1c</data></match></read>
    <write><data>\xc4\xecN\xee</data></write>
    <write><data>41916155</data></write>
    <read><length>4</length><match><data>\xf1\xe9\x00\x00</data></match></read>
    <read><length>4</length></read>
    <read><length>11</length><match><data>CBoXdTVlxY\xed</data></match></read>
    <read><length>2</length><match><data>\x26\x1c</data></match></read>
    <write><data>T\x13T\x13</data></write>
    <write><data>55671691</data></write>
    <write><data>h\x00\x00\x00</data></write>
    <read><length>2</length><match><data>.\x94</data></match></read>
    <write><data>\x04\xd4\x7e\x00</data></write>
    <write><data>77475676</data></write>
    <write><data>\xbb\xb1\x00\x00\xc3\xf5\x08AkSMeDELhafgOvBdQrkeb\xed</data></write>
    <read><length>2</length><match><data>\x26\x1c</data></match></read>
    <write><data>\xde\xad\xde\xad</data></write>
    <write><data>50044195</data></write>
    <read><length>2</length><match><data>\x26\x1c</data></match></read>
    <write><data>T\x13T\x13</data></write>
    <write><data>83497266</data></write>
    <write><data>\x95\x00\x00\x00</data></write>
    <read><length>2</length><match><data>.\x94</data></match></read>
    <write><data>\xde\xad\xde\xad</data></write>
    <write><data>78486525</data></write>
    <read><length>2</length><match><data>\x26\x1c</data></match></read>
    <write><data>\xc4\xecN\xee</data></write>
    <write><data>20102117</data></write>
    <read><length>4</length><match><data>\xfe\x7c\x00\x00</data></match></read>
    <read><length>4</length></read>
    <read><length>22</length><match><data>RijMwfgJPEmoMjLCeepSY\xed</data></match></read>
    <read><length>2</length><match><data>\x26\x1c</data></match></read>
    <write><data>\xde\xad\xde\xad</data></write>
    <write><data>00086783</data></write>
    <read><length>2</length><match><data>.\x94</data></match></read>
</replay>
</pov>