<?xml version="1.0" standalone="no" ?>
<!DOCTYPE pov SYSTEM "/usr/share/cgc-docs/replay.dtd">
<pov>
<cbid>service</cbid>
<seed>48cded7bdd3d3c46827a3767d751fbc43239efa179ba015fe4dd24925947806447f1758d5ece4264212901e3ff29aba3</seed>
<replay>
    <write><data>T\x13T\x13</data></write>
    <write><data>30172465</data></write>
    <write><data>\x1a\x00\x00\x00</data></write>
    <read><length>2</length><match><data>m\x83</data></match></read>
    <write><data>\xc4\xecN\xee</data></write>
    <write><data>92826257</data></write>
    <read><length>2</length><match><data>\x0f\xc0</data></match></read>
    <write><data>\x0f\x0f\x0f\x0f</data></write>
    <write><data>19044824</data></write>
    <read><length>2</length><match><data>m\x83</data></match></read>
    <write><data>T\x13T\x13</data></write>
    <write><data>28801547</data></write>
    <write><data>P\x00\x00\x00</data></write>
    <read><length>2</length><match><data>m\x83</data></match></read>
    <write><data>\xde\xad\xde\xad</data></write>
    <write><data>49840365</data></write>
    <read><length>2</length><match><data>m\x83</data></match></read>
    <write><data>\xc4\xecN\xee</data></write>
    <write><data>50044195</data></write>
    <read><length>4</length><match><data>T\xfb\x00\x00</data></match></read>
    <read><length>4</length></read>
    <read><length>27</length><match><data>TIwQNAxBYeidFJgiuiceKyyZOo\xed</data></match></read>
    <read><length>2</length><match><data>m\x83</data></match></read>
    <write><data>\x04\xd4\x7e\x00</data></write>
    <write><data>78486525</data></write>
    <write><data>\xf5\xcd\x00\x00q\x3d\x92\x40hehaRdNDTHqHw\xed</data></write>
    <read><length>2</length><match><data>m\x83</data></match></read>
    <write><data>\xad\xdd\xad\xdd</data></write>
    <write><data>93137626</data></write>
    <write><data>\x14\x3b\x00\x0033\xeb\x40orUxWmPUVsYvDgJou\xed</data></write>
    <read><length>2</length><match><data>m\x83</data></match></read>
    <write><data>\x04\xd4\x7e\x00</data></write>
    <write><data>32349600</data></write>
    <write><data>\x8bV\x00\x00R\xb8\x0aApirjrvvFixsFwTVutCkwwVuHxa\xed</data></write>
    <read><length>2</length><match><data>m\x83</data></match></read>
    <write><data>\x04\xd4\x7e\x00</data></write>
    <write><data>60531381</data></write>
    <write><data>\x3b\x1e\x00\x00\xe1z\xa4\x40uggRPlridYxPXIzB\xed</data></write>
    <read><length>2</length><match><data>m\x83</data></match></read>
    <write><data>\x0f\x0f\x0f\x0f</data></write>
    <write><data>30172465</data></write>
    <read><length>2</length><match><data>m\x83</data></match></read>
    <write><data>T\x13T\x13</data></write>
    <write><data>79267208</data></write>
    <write><data>T\x00\x00\x00</data></write>
    <read><length>2</length><match><data>m\x83</data></match></read>
    <write><data>\xad\xdd\xad\xdd</data></write>
    <write><data>06262805</data></write>
    <write><data>\x1c\x84\x00\x0033\xd3?ejXENYMxLiWOupELSdLxINBTTiVT\xed</data></write>
    <read><length>2</length><match><data>m\x83</data></match></read>
    <write><data>\xde\xad\xde\xad</data></write>
    <write><data>67216045</data></write>
    <read><length>2</length><match><data>\x0f\xc0</data></match></read>
    <write><data>T\x13T\x13</data></write>
    <write><data>00664810</data></write>
    <write><data>\x26\x00\x00\x00</data></write>
    <read><length>2</length><match><data>m\x83</data></match></read>
    <write><data>\xad\xdd\xad\xdd</data></write>
    <write><data>46928845</data></write>
    <write><data>\x91L\x00\x00\xc3\xf5\x00AuBRVqcEvSMVPXveuBiggYCtbjARi\xed</data></write>
    <read><length>2</length><match><data>m\x83</data></match></read>
    <write><data>\xc4\xecN\xee</data></write>
    <write><data>80320569</data></write>
    <read><length>4</length><match><data>\x9a\x0c\x00\x00</data></match></read>
    <read><length>4</length></read>
    <read><length>24</length><match><data>ZbOKiKsPtSLZUXGSgVuVvEg\xed</data></match></read>
    <read><length>2</length><match><data>m\x83</data></match></read>
    <write><data>\xad\xdd\xad\xdd</data></write>
    <write><data>68159343</data></write>
    <write><data>q\x5e\x00\x00\xaeG\x19ALnuMDUnFUdK\xed</data></write>
    <read><length>2</length><match><data>m\x83</data></match></read>
    <write><data>\xde\xad\xde\xad</data></write>
    <write><data>41916155</data></write>
    <read><length>2</length><match><data>m\x83</data></match></read>
    <write><data>\x0f\x0f\x0f\x0f</data></write>
    <write><data>50361802</data></write>
    <read><length>2</length><match><data>m\x83</data></match></read>
    <write><data>\xad\xdd\xad\xdd</data></write>
    <write><data>46289764</data></write>
    <write><data>\xb2\x1d\x00\x00\xa4p\xdd?msKbDySSYLBbjaWPebLUETVaMeT\xed</data></write>
    <read><length>2</length><match><data>m\x83</data></match></read>
    <write><data>\xc4\xecN\xee</data></write>
    <write><data>87849215</data></write>
    <read><length>4</length><match><data>\xd3\xb3\x00\x00</data></match></read>
    <read><length>4</length></read>
    <read><length>9</length><match><data>osjXtGjM\xed</data></match></read>
    <read><length>2</length><match><data>m\x83</data></match></read>
    <write><data>\x04\xd4\x7e\x00</data></write>
    <write><data>29987528</data></write>
    <write><data>\x3b1\x00\x00\x9a\x99\x1dAUMKDNAuy\xed</data></write>
    <read><length>2</length><match><data>m\x83</data></match></read>
    <write><data>\xc4\xecN\xee</data></write>
    <write><data>50044195</data></write>
    <read><length>4</length><match><data>T\xfb\x00\x00</data></match></read>
    <read><length>4</length></read>
    <read><length>27</length><match><data>TIwQNAxBYeidFJgiuiceKyyZOo\xed</data></match></read>
    <read><length>2</length><match><data>m\x83</data></match></read>
    <write><data>\x04\xd4\x7e\x00</data></write>
    <write><data>52820574</data></write>
    <write><data>\x10\x93\x00\x00R\xb8\x7e\x40ksTAU\xed</data></write>
    <read><length>2</length><match><data>m\x83</data></match></read>
</replay>
</pov>