<?xml version="1.0" standalone="no" ?>
<!DOCTYPE pov SYSTEM "/usr/share/cgc-docs/replay.dtd">
<pov>
<cbid>service</cbid>
<seed>f24462c9e4aec810a181dd07a28ed803c644c075299f335511cc7f87105a59d60dd63e038ecf3d748c2da5b71e35244a</seed>
<replay>
    <write><data>\x04\xd4\x7e\x00</data></write>
    <write><data>14976063</data></write>
    <write><data>\x95\x7d\x00\x00\x29\x5c\x1f\x40dwxRG\xed</data></write>
    <read><length>2</length><match><data>\xaa\x80</data></match></read>
    <write><data>\x04\xd4\x7e\x00</data></write>
    <write><data>12220539</data></write>
    <write><data>\xf4\xdb\x00\x00ff\x1eAR\xed</data></write>
    <read><length>2</length><match><data>\xaa\x80</data></match></read>
    <write><data>\x04\xd4\x7e\x00</data></write>
    <write><data>72291601</data></write>
    <write><data>D\x17\x00\x00\xc3\xf5\x04AOK\xed</data></write>
    <read><length>2</length><match><data>\xaa\x80</data></match></read>
    <write><data>\xad\xdd\xad\xdd</data></write>
    <write><data>97188217</data></write>
    <write><data>L\x85\x00\x00\xe1z\x94\x40wvbuNtUjjGksnWGypz\xed</data></write>
    <read><length>2</length><match><data>\xaa\x80</data></match></read>
    <write><data>\x04\xd4\x7e\x00</data></write>
    <write><data>29987528</data></write>
    <write><data>\xbf\xa6\x00\x00q\x3d\xaa\x40LtZyufGOVeLIAeJBptjIajAsehXK\xed</data></write>
    <read><length>2</length><match><data>\xaa\x80</data></match></read>
    <write><data>\xde\xad\xde\xad</data></write>
    <write><data>71344234</data></write>
    <read><length>2</length><match><data>\xaa\x80</data></match></read>
    <write><data>\xde\xad\xde\xad</data></write>
    <write><data>68500061</data></write>
    <read><length>2</length><match><data>\xaa\x80</data></match></read>
    <write><data>\x04\xd4\x7e\x00</data></write>
    <write><data>79267208</data></write>
    <write><data>\xe9\x84\x00\x00\xcd\xcc\xbc\x40SgotPQAHBKxrJvypxeLzdvZEO\xed</data></write>
    <read><length>2</length><match><data>\xaa\x80</data></match></read>
    <write><data>T\x13T\x13</data></write>
    <write><data>87849215</data></write>
    <write><data>:\x00\x00\x00</data></write>
    <read><length>2</length><match><data>\xaa\x80</data></match></read>
    <write><data>\xc4\xecN\xee</data></write>
    <write><data>32349600</data></write>
    <read><length>4</length><match><data>\xb6\x7f\x00\x00</data></match></read>
    <read><length>4</length></read>
    <read><length>23</length><match><data>vDzqEgRHizanDmHWYmtKjy\xed</data></match></read>
    <read><length>2</length><match><data>\xaa\x80</data></match></read>
    <write><data>\xde\xad\xde\xad</data></write>
    <write><data>52820574</data></write>
    <read><length>2</length><match><data>\xaa\x80</data></match></read>
    <write><data>T\x13T\x13</data></write>
    <write><data>56277831</data></write>
    <read><length>2</length><match><data>l\xc4</data></match></read>
    <write><data>\x0f\x0f\x0f\x0f</data></write>
    <write><data>13706532</data></write>
    <read><length>2</length><match><data>\xaa\x80</data></match></read>
    <write><data>\x0f\x0f\x0f\x0f</data></write>
    <write><data>31951871</data></write>
    <read><length>2</length><match><data>\xaa\x80</data></match></read>
    <write><data>\xde\xad\xde\xad</data></write>
    <write><data>26550548</data></write>
    <read><length>2</length><match><data>\xaa\x80</data></match></read>
    <write><data>\xad\xdd\xad\xdd</data></write>
    <write><data>69705326</data></write>
    <write><data>5X\x00\x00\xc3\xf5\xd0\x40KZBXHHXXijvAaMnqxX\xed</data></write>
    <read><length>2</length><match><data>\xaa\x80</data></match></read>
    <write><data>\x04\xd4\x7e\x00</data></write>
    <write><data>31951871</data></write>
    <write><data>\xee\x90\x00\x00R\xb8\xa6\x40NlddaXIX\xed</data></write>
    <read><length>2</length><match><data>\xaa\x80</data></match></read>
    <write><data>\xad\xdd\xad\xdd</data></write>
    <write><data>68596125</data></write>
    <write><data>H\xca\x00\x00\x7b\x14\x1aAknuGCXthUMtjLpYcrkcbMrKSR\xed</data></write>
    <read><length>2</length><match><data>\xaa\x80</data></match></read>
    <write><data>\x0f\x0f\x0f\x0f</data></write>
    <write><data>55498236</data></write>
    <read><length>2</length><match><data>l\xc4</data></match></read>
    <write><data>\xff\xff\xff\xff</data></write>
    <read><length>2</length><match><data>\xa9\xfe</data></match></read>
</replay>
</pov>