<?xml version="1.0" standalone="no" ?>
<!DOCTYPE pov SYSTEM "/usr/share/cgc-docs/replay.dtd">
<pov>
<cbid>service</cbid>
<seed>35ac32db87ee78b64012ef9c2711350a72386a8e58216d09054cec8c1a65f2bc6816d658ac40b0262583ffd8fae9a003</seed>
<replay>
    <read><length>31</length><match><data>17: Create Election\x0a\x0095. Quit\x0a\x00</data></match></read>
    <read><length>19</length><match><data>Choose an option: \x00</data></match></read>
    <write><data>17\x0a</data></write>
    <read><length>31</length><match><data>\x23\x23 Create election manager \x23\x23\x0a\x00</data></match></read>
    <read><length>20</length><match><data>\x09Enter first name: \x00</data></match></read>
    <write><data>cHyRehWXmgdmqXewPyBfMChneElBWvcnNnBFPwxk\x0a</data></write>
    <read><length>19</length><match><data>\x09Enter last name: \x00</data></match></read>
    <write><data>DeMlkPvzEusQkOjNPIntCkmIQwbjUOOkxGrwkkGIcUZPOA\x0a</data></write>
    <read><length>20</length><match><data>\x09Your ID number is: </data></match></read>
    <read><length>9</length><match><data>10101010\x0a</data></match></read>
    <read><length>19</length><match><data>\x09Your auth key is: </data></match></read>
    <read><delim>\x0a</delim><assign> <var>authkey</var> <slice begin="0" /> </assign></read>
    <read><length>22</length><match><data>Enter election name: \x00</data></match></read>
    <write><data>uTdJhbvNzriztmoNrqLakaqBRRsVPW\x0a</data></write>
    <read><length>43</length><match><data>Enter number of election winners desired: \x00</data></match></read>
    <write><data>4\x0a</data></write>
    <read><length>45</length><match><data>Enter the max number of candidates allowed: \x00</data></match></read>
    <write><data>14\x0a</data></write>
    <read><length>46</length><match><data>Can voters write\x2din new candidates? \x28Yy\x2fNn\x29: \x00</data></match></read>
    <write><data>N\x0a</data></write>
    <read><length>19</length><match><data>Election Created.\x0a\x00</data></match></read>
    <read><length>41</length><match><data>14: Login\x0a\x0038. Register Voter\x0a\x0095. Quit\x0a\x00</data></match></read>
    <read><length>19</length><match><data>Choose an option: \x00</data></match></read>
    <write><data>38\x0a</data></write>
    <read><length>20</length><match><data>\x23\x23 Create voter \x23\x23\x0a\x00</data></match></read>
    <read><length>20</length><match><data>\x09Enter first name: \x00</data></match></read>
    <write><data>OHcFfyiJvsqwswwIFuFbBElo\x0a</data></write>
    <read><length>19</length><match><data>\x09Enter last name: \x00</data></match></read>
    <write><data>fcxapRRiqugnCrDEPWGLc\x0a</data></write>
    <read><length>20</length><match><data>\x09Your ID number is: </data></match></read>
    <read><length>9</length><match><data>12341234\x0a</data></match></read>
    <read><length>41</length><match><data>14: Login\x0a\x0038. Register Voter\x0a\x0095. Quit\x0a\x00</data></match></read>
    <read><length>19</length><match><data>Choose an option: \x00</data></match></read>
    <write><data>38\x0a</data></write>
    <read><length>20</length><match><data>\x23\x23 Create voter \x23\x23\x0a\x00</data></match></read>
    <read><length>20</length><match><data>\x09Enter first name: \x00</data></match></read>
    <write><data>BjyROcHncWkRvncjqqRLJVxhBglOSTxLQtGHifLSUQ\x0a</data></write>
    <read><length>19</length><match><data>\x09Enter last name: \x00</data></match></read>
    <write><data>zcfaTsGzHinbe\x0a</data></write>
    <read><length>20</length><match><data>\x09Your ID number is: </data></match></read>
    <read><length>9</length><match><data>12341235\x0a</data></match></read>
    <read><length>41</length><match><data>14: Login\x0a\x0038. Register Voter\x0a\x0095. Quit\x0a\x00</data></match></read>
    <read><length>19</length><match><data>Choose an option: \x00</data></match></read>
    <write><data>38\x0a</data></write>
    <read><length>20</length><match><data>\x23\x23 Create voter \x23\x23\x0a\x00</data></match></read>
    <read><length>20</length><match><data>\x09Enter first name: \x00</data></match></read>
    <write><data>jjCxomgTOXMdAkZRwuvekxNtmFLRwzaenkJhPaBdOyG\x0a</data></write>
    <read><length>19</length><match><data>\x09Enter last name: \x00</data></match></read>
    <write><data>TeExSeGRFDHLgoiEDgcswoqdsGlRAzCEIAZmnmm\x0a</data></write>
    <read><length>20</length><match><data>\x09Your ID number is: </data></match></read>
    <read><length>9</length><match><data>12341236\x0a</data></match></read>
    <read><length>41</length><match><data>14: Login\x0a\x0038. Register Voter\x0a\x0095. Quit\x0a\x00</data></match></read>
    <read><length>19</length><match><data>Choose an option: \x00</data></match></read>
    <write><data>38\x0a</data></write>
    <read><length>20</length><match><data>\x23\x23 Create voter \x23\x23\x0a\x00</data></match></read>
    <read><length>20</length><match><data>\x09Enter first name: \x00</data></match></read>
    <write><data>VboJmymKGMEWWELPWTdKQqkBkzaRZG\x0a</data></write>
    <read><length>19</length><match><data>\x09Enter last name: \x00</data></match></read>
    <write><data>GcVxaXyAUCClZDQKQOqPKRbZcgUOiRXTq\x0a</data></write>
    <read><length>20</length><match><data>\x09Your ID number is: </data></match></read>
    <read><length>9</length><match><data>12341237\x0a</data></match></read>
    <read><length>41</length><match><data>14: Login\x0a\x0038. Register Voter\x0a\x0095. Quit\x0a\x00</data></match></read>
    <read><length>19</length><match><data>Choose an option: \x00</data></match></read>
    <write><data>38\x0a</data></write>
    <read><length>20</length><match><data>\x23\x23 Create voter \x23\x23\x0a\x00</data></match></read>
    <read><length>20</length><match><data>\x09Enter first name: \x00</data></match></read>
    <write><data>MNSjjWpgLbhFSBKqNxyvazyurMQgivEpNEVdBgdyOS\x0a</data></write>
    <read><length>19</length><match><data>\x09Enter last name: \x00</data></match></read>
    <write><data>skMOqJbxPARybQUmuYzCODVdzcSzYIekvXuyYtUURGifs\x0a</data></write>
    <read><length>20</length><match><data>\x09Your ID number is: </data></match></read>
    <read><length>9</length><match><data>12341238\x0a</data></match></read>
    <read><length>41</length><match><data>14: Login\x0a\x0038. Register Voter\x0a\x0095. Quit\x0a\x00</data></match></read>
    <read><length>19</length><match><data>Choose an option: \x00</data></match></read>
    <write><data>38\x0a</data></write>
    <read><length>20</length><match><data>\x23\x23 Create voter \x23\x23\x0a\x00</data></match></read>
    <read><length>20</length><match><data>\x09Enter first name: \x00</data></match></read>
    <write><data>OUGVtB\x0a</data></write>
    <read><length>19</length><match><data>\x09Enter last name: \x00</data></match></read>
    <write><data>uVWpPIUcVBPCfODvAibRH\x0a</data></write>
    <read><length>20</length><match><data>\x09Your ID number is: </data></match></read>
    <read><length>9</length><match><data>12341239\x0a</data></match></read>
    <read><length>41</length><match><data>14: Login\x0a\x0038. Register Voter\x0a\x0095. Quit\x0a\x00</data></match></read>
    <read><length>19</length><match><data>Choose an option: \x00</data></match></read>
    <write><data>38\x0a</data></write>
    <read><length>20</length><match><data>\x23\x23 Create voter \x23\x23\x0a\x00</data></match></read>
    <read><length>20</length><match><data>\x09Enter first name: \x00</data></match></read>
    <write><data>ADwZAP\x0a</data></write>
    <read><length>19</length><match><data>\x09Enter last name: \x00</data></match></read>
    <write><data>PpnIlChlZfYwAlsoijEyY\x0a</data></write>
    <read><length>20</length><match><data>\x09Your ID number is: </data></match></read>
    <read><length>9</length><match><data>12341240\x0a</data></match></read>
    <read><length>41</length><match><data>14: Login\x0a\x0038. Register Voter\x0a\x0095. Quit\x0a\x00</data></match></read>
    <read><length>19</length><match><data>Choose an option: \x00</data></match></read>
    <write><data>38\x0a</data></write>
    <read><length>20</length><match><data>\x23\x23 Create voter \x23\x23\x0a\x00</data></match></read>
    <read><length>20</length><match><data>\x09Enter first name: \x00</data></match></read>
    <write><data>QnxkeUeKzlhibXYEO\x0a</data></write>
    <read><length>19</length><match><data>\x09Enter last name: \x00</data></match></read>
    <write><data>tpejkSRv\x0a</data></write>
    <read><length>20</length><match><data>\x09Your ID number is: </data></match></read>
    <read><length>9</length><match><data>12341241\x0a</data></match></read>
    <read><length>41</length><match><data>14: Login\x0a\x0038. Register Voter\x0a\x0095. Quit\x0a\x00</data></match></read>
    <read><length>19</length><match><data>Choose an option: \x00</data></match></read>
    <write><data>38\x0a</data></write>
    <read><length>20</length><match><data>\x23\x23 Create voter \x23\x23\x0a\x00</data></match></read>
    <read><length>20</length><match><data>\x09Enter first name: \x00</data></match></read>
    <write><data>cNlwdxur\x0a</data></write>
    <read><length>19</length><match><data>\x09Enter last name: \x00</data></match></read>
    <write><data>KRlsw\x0a</data></write>
    <read><length>20</length><match><data>\x09Your ID number is: </data></match></read>
    <read><length>9</length><match><data>12341242\x0a</data></match></read>
    <read><length>41</length><match><data>14: Login\x0a\x0038. Register Voter\x0a\x0095. Quit\x0a\x00</data></match></read>
    <read><length>19</length><match><data>Choose an option: \x00</data></match></read>
    <write><data>38\x0a</data></write>
    <read><length>20</length><match><data>\x23\x23 Create voter \x23\x23\x0a\x00</data></match></read>
    <read><length>20</length><match><data>\x09Enter first name: \x00</data></match></read>
    <write><data>pILEMukvIxgZWGxVunwjwjc\x0a</data></write>
    <read><length>19</length><match><data>\x09Enter last name: \x00</data></match></read>
    <write><data>HPReCVosELTFFfqXxxZzniIoydKiHblVeAke\x0a</data></write>
    <read><length>20</length><match><data>\x09Your ID number is: </data></match></read>
    <read><length>9</length><match><data>12341243\x0a</data></match></read>
    <read><length>41</length><match><data>14: Login\x0a\x0038. Register Voter\x0a\x0095. Quit\x0a\x00</data></match></read>
    <read><length>19</length><match><data>Choose an option: \x00</data></match></read>
    <write><data>38\x0a</data></write>
    <read><length>20</length><match><data>\x23\x23 Create voter \x23\x23\x0a\x00</data></match></read>
    <read><length>20</length><match><data>\x09Enter first name: \x00</data></match></read>
    <write><data>hpZBcyGcxtzTpiYbROTNMRNpEfKAQcdWA\x0a</data></write>
    <read><length>19</length><match><data>\x09Enter last name: \x00</data></match></read>
    <write><data>ZviWkSJ\x0a</data></write>
    <read><length>20</length><match><data>\x09Your ID number is: </data></match></read>
    <read><length>9</length><match><data>12341244\x0a</data></match></read>
    <read><length>41</length><match><data>14: Login\x0a\x0038. Register Voter\x0a\x0095. Quit\x0a\x00</data></match></read>
    <read><length>19</length><match><data>Choose an option: \x00</data></match></read>
    <write><data>38\x0a</data></write>
    <read><length>20</length><match><data>\x23\x23 Create voter \x23\x23\x0a\x00</data></match></read>
    <read><length>20</length><match><data>\x09Enter first name: \x00</data></match></read>
    <write><data>rXBYnEmGMhOt\x0a</data></write>
    <read><length>19</length><match><data>\x09Enter last name: \x00</data></match></read>
    <write><data>IHGixmCiRjERQnkIp\x0a</data></write>
    <read><length>20</length><match><data>\x09Your ID number is: </data></match></read>
    <read><length>9</length><match><data>12341245\x0a</data></match></read>
    <read><length>41</length><match><data>14: Login\x0a\x0038. Register Voter\x0a\x0095. Quit\x0a\x00</data></match></read>
    <read><length>19</length><match><data>Choose an option: \x00</data></match></read>
    <write><data>14\x0a</data></write>
    <read><length>24</length><match><data>\x09Enter your ID number: \x00</data></match></read>
    <write><data>10101010\x0a</data></write>
    <read><length>19</length><match><data>\x09Enter last name: \x00</data></match></read>
    <write><data>DeMlkPvzEusQkOjNPIntCkmIQwbjUOOkxGrwkkGIcUZPOA\x0a</data></write>
    <read><length>18</length><match><data>\x09Enter auth key: \x00</data></match></read>
    <write><var>authkey</var></write>
    <read><length>82</length><match><data>15: Main Menu\x0a\x0018. Open Voting\x0a\x0022. Election Status\x0a\x0054. Add Candidate\x0a\x0095. Quit\x0a\x00</data></match></read>
    <read><length>19</length><match><data>Choose an option: \x00</data></match></read>
    <write><data>54\x0a</data></write>
    <read><length>24</length><match><data>\x23\x23 Create candidate \x23\x23\x0a\x00</data></match></read>
    <read><length>20</length><match><data>\x09Enter first name: \x00</data></match></read>
    <write><data>iUhmKOBSoyWlRfsfWPZ\x0a</data></write>
    <read><length>19</length><match><data>\x09Enter last name: \x00</data></match></read>
    <write><data>rmmhGciAmFihjVehJTyNODgzsMzRFDMmlGBowAGMWmUB\x0a</data></write>
    <read><length>18</length><match><data>Candidate Added.\x0a\x00</data></match></read>
    <read><length>41</length><match><data>14: Login\x0a\x0038. Register Voter\x0a\x0095. Quit\x0a\x00</data></match></read>
    <read><length>19</length><match><data>Choose an option: \x00</data></match></read>
    <write><data>14\x0a</data></write>
    <read><length>24</length><match><data>\x09Enter your ID number: \x00</data></match></read>
    <write><data>10101010\x0a</data></write>
    <read><length>19</length><match><data>\x09Enter last name: \x00</data></match></read>
    <write><data>DeMlkPvzEusQkOjNPIntCkmIQwbjUOOkxGrwkkGIcUZPOA\x0a</data></write>
    <read><length>18</length><match><data>\x09Enter auth key: \x00</data></match></read>
    <write><var>authkey</var></write>
    <read><length>82</length><match><data>15: Main Menu\x0a\x0018. Open Voting\x0a\x0022. Election Status\x0a\x0054. Add Candidate\x0a\x0095. Quit\x0a\x00</data></match></read>
    <read><length>19</length><match><data>Choose an option: \x00</data></match></read>
    <write><data>18\x0a</data></write>
    <read><length>14</length><match><data>Voting Open.\x0a\x00</data></match></read>
    <read><length>41</length><match><data>14: Login\x0a\x0038. Register Voter\x0a\x0095. Quit\x0a\x00</data></match></read>
    <read><length>19</length><match><data>Choose an option: \x00</data></match></read>
    <write><data>38\x0a</data></write>
    <read><length>20</length><match><data>\x23\x23 Create voter \x23\x23\x0a\x00</data></match></read>
    <read><length>20</length><match><data>\x09Enter first name: \x00</data></match></read>
    <write><data>eXFwQmGOJKvcihEhchrQvHjnDLngEEMcYR\x0a</data></write>
    <read><length>19</length><match><data>\x09Enter last name: \x00</data></match></read>
    <write><data>OfBrOKVLPFcxLKRGeLoYhGzrmqXWQfhYoRyDxg\x0a</data></write>
    <read><length>20</length><match><data>\x09Your ID number is: </data></match></read>
    <read><length>9</length><match><data>12341246\x0a</data></match></read>
    <read><length>41</length><match><data>14: Login\x0a\x0038. Register Voter\x0a\x0095. Quit\x0a\x00</data></match></read>
    <read><length>19</length><match><data>Choose an option: \x00</data></match></read>
    <write><data>38\x0a</data></write>
    <read><length>20</length><match><data>\x23\x23 Create voter \x23\x23\x0a\x00</data></match></read>
    <read><length>20</length><match><data>\x09Enter first name: \x00</data></match></read>
    <write><data>MxAhnttVckoJibIlVkrM\x0a</data></write>
    <read><length>19</length><match><data>\x09Enter last name: \x00</data></match></read>
    <write><data>ubSdqUhhxfFASosv\x0a</data></write>
    <read><length>20</length><match><data>\x09Your ID number is: </data></match></read>
    <read><length>9</length><match><data>12341247\x0a</data></match></read>
    <read><length>41</length><match><data>14: Login\x0a\x0038. Register Voter\x0a\x0095. Quit\x0a\x00</data></match></read>
    <read><length>19</length><match><data>Choose an option: \x00</data></match></read>
    <write><data>38\x0a</data></write>
    <read><length>20</length><match><data>\x23\x23 Create voter \x23\x23\x0a\x00</data></match></read>
    <read><length>20</length><match><data>\x09Enter first name: \x00</data></match></read>
    <write><data>zjmCFtURLppqfOSGHoZNFFaJDGTFIHCqkJMu\x0a</data></write>
    <read><length>19</length><match><data>\x09Enter last name: \x00</data></match></read>
    <write><data>PVHINMXWXtsALcgNicVg\x0a</data></write>
    <read><length>20</length><match><data>\x09Your ID number is: </data></match></read>
    <read><length>9</length><match><data>12341248\x0a</data></match></read>
    <read><length>41</length><match><data>14: Login\x0a\x0038. Register Voter\x0a\x0095. Quit\x0a\x00</data></match></read>
    <read><length>19</length><match><data>Choose an option: \x00</data></match></read>
    <write><data>38\x0a</data></write>
    <read><length>20</length><match><data>\x23\x23 Create voter \x23\x23\x0a\x00</data></match></read>
    <read><length>20</length><match><data>\x09Enter first name: \x00</data></match></read>
    <write><data>UGYrRphvhbvsDvMvIqbYYlQaDntIPfZGQuPmpWSfnpX\x0a</data></write>
    <read><length>19</length><match><data>\x09Enter last name: \x00</data></match></read>
    <write><data>YepyRphDPjrDOJUYywSfAbW\x0a</data></write>
    <read><length>20</length><match><data>\x09Your ID number is: </data></match></read>
    <read><length>9</length><match><data>12341249\x0a</data></match></read>
    <read><length>41</length><match><data>14: Login\x0a\x0038. Register Voter\x0a\x0095. Quit\x0a\x00</data></match></read>
    <read><length>19</length><match><data>Choose an option: \x00</data></match></read>
    <write><data>38\x0a</data></write>
    <read><length>20</length><match><data>\x23\x23 Create voter \x23\x23\x0a\x00</data></match></read>
    <read><length>20</length><match><data>\x09Enter first name: \x00</data></match></read>
    <write><data>cmLbtrSBVzMeFDTOJozpoDXyJoTpSToSHud\x0a</data></write>
    <read><length>19</length><match><data>\x09Enter last name: \x00</data></match></read>
    <write><data>XSiwvbEcDpdwFXAWZdkKNJzdjxtgYlJWiGPyEBvjHCUjCY\x0a</data></write>
    <read><length>20</length><match><data>\x09Your ID number is: </data></match></read>
    <read><length>9</length><match><data>12341250\x0a</data></match></read>
    <read><length>41</length><match><data>14: Login\x0a\x0038. Register Voter\x0a\x0095. Quit\x0a\x00</data></match></read>
    <read><length>19</length><match><data>Choose an option: \x00</data></match></read>
    <write><data>38\x0a</data></write>
    <read><length>20</length><match><data>\x23\x23 Create voter \x23\x23\x0a\x00</data></match></read>
    <read><length>20</length><match><data>\x09Enter first name: \x00</data></match></read>
    <write><data>MfBxomYoeXJUIeRahXqvWJCyZajyJvKLRNQEiBOzoXY\x0a</data></write>
    <read><length>19</length><match><data>\x09Enter last name: \x00</data></match></read>
    <write><data>qrqgBViInAoWMPWAFFptGkbCQlaUuAyXIPUJZhfrYL\x0a</data></write>
    <read><length>20</length><match><data>\x09Your ID number is: </data></match></read>
    <read><length>9</length><match><data>12341251\x0a</data></match></read>
    <read><length>41</length><match><data>14: Login\x0a\x0038. Register Voter\x0a\x0095. Quit\x0a\x00</data></match></read>
    <read><length>19</length><match><data>Choose an option: \x00</data></match></read>
    <write><data>38\x0a</data></write>
    <read><length>20</length><match><data>\x23\x23 Create voter \x23\x23\x0a\x00</data></match></read>
    <read><length>20</length><match><data>\x09Enter first name: \x00</data></match></read>
    <write><data>yajcwSPPxqAccaH\x0a</data></write>
    <read><length>19</length><match><data>\x09Enter last name: \x00</data></match></read>
    <write><data>FtvRTeLkcFCguZd\x0a</data></write>
    <read><length>20</length><match><data>\x09Your ID number is: </data></match></read>
    <read><length>9</length><match><data>12341252\x0a</data></match></read>
    <read><length>41</length><match><data>14: Login\x0a\x0038. Register Voter\x0a\x0095. Quit\x0a\x00</data></match></read>
    <read><length>19</length><match><data>Choose an option: \x00</data></match></read>
    <write><data>14\x0a</data></write>
    <read><length>24</length><match><data>\x09Enter your ID number: \x00</data></match></read>
    <write><data>12341244\x0a</data></write>
    <read><length>19</length><match><data>\x09Enter last name: \x00</data></match></read>
    <write><data>ZviWkSJ\x0a</data></write>
    <read><length>35</length><match><data>15: Main Menu\x0a\x0036. Vote\x0a\x0095. Quit\x0a\x00</data></match></read>
    <read><length>19</length><match><data>Choose an option: \x00</data></match></read>
    <write><data>54\x0a</data></write>
    <read><length>22</length><match><data>Is voting too hard?!\x0a\x00</data></match></read>
</replay>
</pov>