<?xml version="1.0" standalone="no" ?>
<!DOCTYPE pov SYSTEM "/usr/share/cgc-docs/replay.dtd">
<pov>
<cbid>service</cbid>
<seed>7d4f217e2d3f17a24f8fa5cea4659e9dca2be09e7b9f9501f7571eb584ae7e065273002039905b66aa5658537b8a712d</seed>
<replay>
    <read><length>31</length><match><data>17: Create Election\x0a\x0095. Quit\x0a\x00</data></match></read>
    <read><length>19</length><match><data>Choose an option: \x00</data></match></read>
    <write><data>17\x0a</data></write>
    <read><length>31</length><match><data>\x23\x23 Create election manager \x23\x23\x0a\x00</data></match></read>
    <read><length>20</length><match><data>\x09Enter first name: \x00</data></match></read>
    <write><data>jHepHPWzvUoVRuG\x0a</data></write>
    <read><length>19</length><match><data>\x09Enter last name: \x00</data></match></read>
    <write><data>QAUItINRtTBXhCyZNQCsTEVJmztlIyXo\x0a</data></write>
    <read><length>20</length><match><data>\x09Your ID number is: </data></match></read>
    <read><length>9</length><match><data>10101010\x0a</data></match></read>
    <read><length>19</length><match><data>\x09Your auth key is: </data></match></read>
    <read><delim>\x0a</delim><assign> <var>authkey</var> <slice begin="0" /> </assign></read>
    <read><length>22</length><match><data>Enter election name: \x00</data></match></read>
    <write><data>fEhSqXWOepdISIVHEmhbGzCsOoCCHwfVeqtHvV\x0a</data></write>
    <read><length>43</length><match><data>Enter number of election winners desired: \x00</data></match></read>
    <write><data>4\x0a</data></write>
    <read><length>45</length><match><data>Enter the max number of candidates allowed: \x00</data></match></read>
    <write><data>11\x0a</data></write>
    <read><length>46</length><match><data>Can voters write\x2din new candidates? \x28Yy\x2fNn\x29: \x00</data></match></read>
    <write><data>N\x0a</data></write>
    <read><length>19</length><match><data>Election Created.\x0a\x00</data></match></read>
    <read><length>41</length><match><data>14: Login\x0a\x0038. Register Voter\x0a\x0095. Quit\x0a\x00</data></match></read>
    <read><length>19</length><match><data>Choose an option: \x00</data></match></read>
    <write><data>38\x0a</data></write>
    <read><length>20</length><match><data>\x23\x23 Create voter \x23\x23\x0a\x00</data></match></read>
    <read><length>20</length><match><data>\x09Enter first name: \x00</data></match></read>
    <write><data>dKpuYuXxKrvMnegGQxiAFEdfE\x0a</data></write>
    <read><length>19</length><match><data>\x09Enter last name: \x00</data></match></read>
    <write><data>KLBtGDGkAbStlmZSIIATtLvquVwEIywWhbKsKmAjXx\x0a</data></write>
    <read><length>20</length><match><data>\x09Your ID number is: </data></match></read>
    <read><length>9</length><match><data>12341234\x0a</data></match></read>
    <read><length>41</length><match><data>14: Login\x0a\x0038. Register Voter\x0a\x0095. Quit\x0a\x00</data></match></read>
    <read><length>19</length><match><data>Choose an option: \x00</data></match></read>
    <write><data>38\x0a</data></write>
    <read><length>20</length><match><data>\x23\x23 Create voter \x23\x23\x0a\x00</data></match></read>
    <read><length>20</length><match><data>\x09Enter first name: \x00</data></match></read>
    <write><data>TlGBTpPVeJwumXbLCrMdjoGXMydbvfL\x0a</data></write>
    <read><length>19</length><match><data>\x09Enter last name: \x00</data></match></read>
    <write><data>pioCMzWkJJPaGdxcoKc\x0a</data></write>
    <read><length>20</length><match><data>\x09Your ID number is: </data></match></read>
    <read><length>9</length><match><data>12341235\x0a</data></match></read>
    <read><length>41</length><match><data>14: Login\x0a\x0038. Register Voter\x0a\x0095. Quit\x0a\x00</data></match></read>
    <read><length>19</length><match><data>Choose an option: \x00</data></match></read>
    <write><data>38\x0a</data></write>
    <read><length>20</length><match><data>\x23\x23 Create voter \x23\x23\x0a\x00</data></match></read>
    <read><length>20</length><match><data>\x09Enter first name: \x00</data></match></read>
    <write><data>VXUlMzYrokTPEKa\x0a</data></write>
    <read><length>19</length><match><data>\x09Enter last name: \x00</data></match></read>
    <write><data>CmxAlIZQvijjAMQOAhaWXlBgSGxmH\x0a</data></write>
    <read><length>20</length><match><data>\x09Your ID number is: </data></match></read>
    <read><length>9</length><match><data>12341236\x0a</data></match></read>
    <read><length>41</length><match><data>14: Login\x0a\x0038. Register Voter\x0a\x0095. Quit\x0a\x00</data></match></read>
    <read><length>19</length><match><data>Choose an option: \x00</data></match></read>
    <write><data>38\x0a</data></write>
    <read><length>20</length><match><data>\x23\x23 Create voter \x23\x23\x0a\x00</data></match></read>
    <read><length>20</length><match><data>\x09Enter first name: \x00</data></match></read>
    <write><data>oaUobdvIINJDSHgjYP\x0a</data></write>
    <read><length>19</length><match><data>\x09Enter last name: \x00</data></match></read>
    <write><data>bxIvcTpYctVcfPdXIntFORpFDvUGROZO\x0a</data></write>
    <read><length>20</length><match><data>\x09Your ID number is: </data></match></read>
    <read><length>9</length><match><data>12341237\x0a</data></match></read>
    <read><length>41</length><match><data>14: Login\x0a\x0038. Register Voter\x0a\x0095. Quit\x0a\x00</data></match></read>
    <read><length>19</length><match><data>Choose an option: \x00</data></match></read>
    <write><data>38\x0a</data></write>
    <read><length>20</length><match><data>\x23\x23 Create voter \x23\x23\x0a\x00</data></match></read>
    <read><length>20</length><match><data>\x09Enter first name: \x00</data></match></read>
    <write><data>VpfRJLNfLRjcW\x0a</data></write>
    <read><length>19</length><match><data>\x09Enter last name: \x00</data></match></read>
    <write><data>KRJRnwpUmWLPMCisKvXfStVowZi\x0a</data></write>
    <read><length>20</length><match><data>\x09Your ID number is: </data></match></read>
    <read><length>9</length><match><data>12341238\x0a</data></match></read>
    <read><length>41</length><match><data>14: Login\x0a\x0038. Register Voter\x0a\x0095. Quit\x0a\x00</data></match></read>
    <read><length>19</length><match><data>Choose an option: \x00</data></match></read>
    <write><data>38\x0a</data></write>
    <read><length>20</length><match><data>\x23\x23 Create voter \x23\x23\x0a\x00</data></match></read>
    <read><length>20</length><match><data>\x09Enter first name: \x00</data></match></read>
    <write><data>Nyaseodi\x0a</data></write>
    <read><length>19</length><match><data>\x09Enter last name: \x00</data></match></read>
    <write><data>zykLmnh\x0a</data></write>
    <read><length>20</length><match><data>\x09Your ID number is: </data></match></read>
    <read><length>9</length><match><data>12341239\x0a</data></match></read>
    <read><length>41</length><match><data>14: Login\x0a\x0038. Register Voter\x0a\x0095. Quit\x0a\x00</data></match></read>
    <read><length>19</length><match><data>Choose an option: \x00</data></match></read>
    <write><data>38\x0a</data></write>
    <read><length>20</length><match><data>\x23\x23 Create voter \x23\x23\x0a\x00</data></match></read>
    <read><length>20</length><match><data>\x09Enter first name: \x00</data></match></read>
    <write><data>AdoTQJOCghgTXupqAlEPZuWcifODNZJwTjNlpiET\x0a</data></write>
    <read><length>19</length><match><data>\x09Enter last name: \x00</data></match></read>
    <write><data>pkTgAdSpWELlxle\x0a</data></write>
    <read><length>20</length><match><data>\x09Your ID number is: </data></match></read>
    <read><length>9</length><match><data>12341240\x0a</data></match></read>
    <read><length>41</length><match><data>14: Login\x0a\x0038. Register Voter\x0a\x0095. Quit\x0a\x00</data></match></read>
    <read><length>19</length><match><data>Choose an option: \x00</data></match></read>
    <write><data>38\x0a</data></write>
    <read><length>20</length><match><data>\x23\x23 Create voter \x23\x23\x0a\x00</data></match></read>
    <read><length>20</length><match><data>\x09Enter first name: \x00</data></match></read>
    <write><data>pQgpKjGGEPjbsnEnfGyvkoGkbDRpPjF\x0a</data></write>
    <read><length>19</length><match><data>\x09Enter last name: \x00</data></match></read>
    <write><data>vvPVKkFJlbTOaUxsJLDBKTfv\x0a</data></write>
    <read><length>20</length><match><data>\x09Your ID number is: </data></match></read>
    <read><length>9</length><match><data>12341241\x0a</data></match></read>
    <read><length>41</length><match><data>14: Login\x0a\x0038. Register Voter\x0a\x0095. Quit\x0a\x00</data></match></read>
    <read><length>19</length><match><data>Choose an option: \x00</data></match></read>
    <write><data>38\x0a</data></write>
    <read><length>20</length><match><data>\x23\x23 Create voter \x23\x23\x0a\x00</data></match></read>
    <read><length>20</length><match><data>\x09Enter first name: \x00</data></match></read>
    <write><data>pGUoYWUGoSRkyKLalCbWnBRFjwe\x0a</data></write>
    <read><length>19</length><match><data>\x09Enter last name: \x00</data></match></read>
    <write><data>agDCJWKxUmnkKFnaeqmnYVBaVIEMxinrbudUq\x0a</data></write>
    <read><length>20</length><match><data>\x09Your ID number is: </data></match></read>
    <read><length>9</length><match><data>12341242\x0a</data></match></read>
    <read><length>41</length><match><data>14: Login\x0a\x0038. Register Voter\x0a\x0095. Quit\x0a\x00</data></match></read>
    <read><length>19</length><match><data>Choose an option: \x00</data></match></read>
    <write><data>14\x0a</data></write>
    <read><length>24</length><match><data>\x09Enter your ID number: \x00</data></match></read>
    <write><data>12341240\x0a</data></write>
    <read><length>19</length><match><data>\x09Enter last name: \x00</data></match></read>
    <write><data>pkTgAdSpWELlxle\x0a</data></write>
    <read><length>25</length><match><data>15: Main Menu\x0a\x0095. Quit\x0a\x00</data></match></read>
    <read><length>19</length><match><data>Choose an option: \x00</data></match></read>
    <write><data>54\x0a</data></write>
    <read><length>22</length><match><data>Is voting too hard?!\x0a\x00</data></match></read>
</replay>
</pov>