<?xml version="1.0" standalone="no" ?>
<!DOCTYPE pov SYSTEM "/usr/share/cgc-docs/replay.dtd">
<pov>
<cbid>service</cbid>
<seed>49881ee1ffab1283f6df3d45fef9502fd689514faec91357eb3693e24a4773f30cab8d5fe52991ae688026faeb6fd453</seed>
<replay>
    <read><length>31</length><match><data>17: Create Election\x0a\x0095. Quit\x0a\x00</data></match></read>
    <read><length>19</length><match><data>Choose an option: \x00</data></match></read>
    <write><data>17\x0a</data></write>
    <read><length>31</length><match><data>\x23\x23 Create election manager \x23\x23\x0a\x00</data></match></read>
    <read><length>20</length><match><data>\x09Enter first name: \x00</data></match></read>
    <write><data>nshcKAzFKxolsfXhCVBMwdTs\x0a</data></write>
    <read><length>19</length><match><data>\x09Enter last name: \x00</data></match></read>
    <write><data>cfCYFXxHTPbrZjCxYiv\x0a</data></write>
    <read><length>20</length><match><data>\x09Your ID number is: </data></match></read>
    <read><length>9</length><match><data>10101010\x0a</data></match></read>
    <read><length>19</length><match><data>\x09Your auth key is: </data></match></read>
    <read><delim>\x0a</delim><assign> <var>authkey</var> <slice begin="0" /> </assign></read>
    <read><length>22</length><match><data>Enter election name: \x00</data></match></read>
    <write><data>RunPEXkVmOLklyNsHiCaDaICgOIewSFpoGVwlGbOsv\x0a</data></write>
    <read><length>43</length><match><data>Enter number of election winners desired: \x00</data></match></read>
    <write><data>3\x0a</data></write>
    <read><length>45</length><match><data>Enter the max number of candidates allowed: \x00</data></match></read>
    <write><data>12\x0a</data></write>
    <read><length>46</length><match><data>Can voters write\x2din new candidates? \x28Yy\x2fNn\x29: \x00</data></match></read>
    <write><data>N\x0a</data></write>
    <read><length>19</length><match><data>Election Created.\x0a\x00</data></match></read>
    <read><length>41</length><match><data>14: Login\x0a\x0038. Register Voter\x0a\x0095. Quit\x0a\x00</data></match></read>
    <read><length>19</length><match><data>Choose an option: \x00</data></match></read>
    <write><data>38\x0a</data></write>
    <read><length>20</length><match><data>\x23\x23 Create voter \x23\x23\x0a\x00</data></match></read>
    <read><length>20</length><match><data>\x09Enter first name: \x00</data></match></read>
    <write><data>QpLIQjKPyvuJwNAYrsEBVNRVSuVOBJnFcuTpzjqyMjpS\x0a</data></write>
    <read><length>19</length><match><data>\x09Enter last name: \x00</data></match></read>
    <write><data>hjxnSpFXToMVZquJRsggkSCrJufbWUvTrOkrJRSKsyzU\x0a</data></write>
    <read><length>20</length><match><data>\x09Your ID number is: </data></match></read>
    <read><length>9</length><match><data>12341234\x0a</data></match></read>
    <read><length>41</length><match><data>14: Login\x0a\x0038. Register Voter\x0a\x0095. Quit\x0a\x00</data></match></read>
    <read><length>19</length><match><data>Choose an option: \x00</data></match></read>
    <write><data>38\x0a</data></write>
    <read><length>20</length><match><data>\x23\x23 Create voter \x23\x23\x0a\x00</data></match></read>
    <read><length>20</length><match><data>\x09Enter first name: \x00</data></match></read>
    <write><data>VbJHyKZnyRRfMgVueYWFFfiJghbiewgfgz\x0a</data></write>
    <read><length>19</length><match><data>\x09Enter last name: \x00</data></match></read>
    <write><data>rpGUUWkrsUSkPMmjgNIYsORHgfzuQ\x0a</data></write>
    <read><length>20</length><match><data>\x09Your ID number is: </data></match></read>
    <read><length>9</length><match><data>12341235\x0a</data></match></read>
    <read><length>41</length><match><data>14: Login\x0a\x0038. Register Voter\x0a\x0095. Quit\x0a\x00</data></match></read>
    <read><length>19</length><match><data>Choose an option: \x00</data></match></read>
    <write><data>38\x0a</data></write>
    <read><length>20</length><match><data>\x23\x23 Create voter \x23\x23\x0a\x00</data></match></read>
    <read><length>20</length><match><data>\x09Enter first name: \x00</data></match></read>
    <write><data>zuHlnpMJUcfBCDtuNfBjonCrdUn\x0a</data></write>
    <read><length>19</length><match><data>\x09Enter last name: \x00</data></match></read>
    <write><data>LbSPbmOKVeBwVRqfefCwnCrTzhbxtBEg\x0a</data></write>
    <read><length>20</length><match><data>\x09Your ID number is: </data></match></read>
    <read><length>9</length><match><data>12341236\x0a</data></match></read>
    <read><length>41</length><match><data>14: Login\x0a\x0038. Register Voter\x0a\x0095. Quit\x0a\x00</data></match></read>
    <read><length>19</length><match><data>Choose an option: \x00</data></match></read>
    <write><data>38\x0a</data></write>
    <read><length>20</length><match><data>\x23\x23 Create voter \x23\x23\x0a\x00</data></match></read>
    <read><length>20</length><match><data>\x09Enter first name: \x00</data></match></read>
    <write><data>IbwmCIlrHggreFplhjylJi\x0a</data></write>
    <read><length>19</length><match><data>\x09Enter last name: \x00</data></match></read>
    <write><data>rcpQSppUMwyyLu\x0a</data></write>
    <read><length>20</length><match><data>\x09Your ID number is: </data></match></read>
    <read><length>9</length><match><data>12341237\x0a</data></match></read>
    <read><length>41</length><match><data>14: Login\x0a\x0038. Register Voter\x0a\x0095. Quit\x0a\x00</data></match></read>
    <read><length>19</length><match><data>Choose an option: \x00</data></match></read>
    <write><data>38\x0a</data></write>
    <read><length>20</length><match><data>\x23\x23 Create voter \x23\x23\x0a\x00</data></match></read>
    <read><length>20</length><match><data>\x09Enter first name: \x00</data></match></read>
    <write><data>cfLmwbYjkUkxQnbtQdhcDZvVQmEkXuLVOC\x0a</data></write>
    <read><length>19</length><match><data>\x09Enter last name: \x00</data></match></read>
    <write><data>tzUIYanqUupzK\x0a</data></write>
    <read><length>20</length><match><data>\x09Your ID number is: </data></match></read>
    <read><length>9</length><match><data>12341238\x0a</data></match></read>
    <read><length>41</length><match><data>14: Login\x0a\x0038. Register Voter\x0a\x0095. Quit\x0a\x00</data></match></read>
    <read><length>19</length><match><data>Choose an option: \x00</data></match></read>
    <write><data>38\x0a</data></write>
    <read><length>20</length><match><data>\x23\x23 Create voter \x23\x23\x0a\x00</data></match></read>
    <read><length>20</length><match><data>\x09Enter first name: \x00</data></match></read>
    <write><data>aDwshddoQKDnxxZluKGKxigjfBqkvhRLpDORRFDlAK\x0a</data></write>
    <read><length>19</length><match><data>\x09Enter last name: \x00</data></match></read>
    <write><data>DaZvDVyRQjGfVHYikc\x0a</data></write>
    <read><length>20</length><match><data>\x09Your ID number is: </data></match></read>
    <read><length>9</length><match><data>12341239\x0a</data></match></read>
    <read><length>41</length><match><data>14: Login\x0a\x0038. Register Voter\x0a\x0095. Quit\x0a\x00</data></match></read>
    <read><length>19</length><match><data>Choose an option: \x00</data></match></read>
    <write><data>38\x0a</data></write>
    <read><length>20</length><match><data>\x23\x23 Create voter \x23\x23\x0a\x00</data></match></read>
    <read><length>20</length><match><data>\x09Enter first name: \x00</data></match></read>
    <write><data>VwINLNLVGvTVWSZYnavvBkCYRsjjob\x0a</data></write>
    <read><length>19</length><match><data>\x09Enter last name: \x00</data></match></read>
    <write><data>zrlxLrSGNLOlaqWBFGowqiECENryzEIPIB\x0a</data></write>
    <read><length>20</length><match><data>\x09Your ID number is: </data></match></read>
    <read><length>9</length><match><data>12341240\x0a</data></match></read>
    <read><length>41</length><match><data>14: Login\x0a\x0038. Register Voter\x0a\x0095. Quit\x0a\x00</data></match></read>
    <read><length>19</length><match><data>Choose an option: \x00</data></match></read>
    <write><data>38\x0a</data></write>
    <read><length>20</length><match><data>\x23\x23 Create voter \x23\x23\x0a\x00</data></match></read>
    <read><length>20</length><match><data>\x09Enter first name: \x00</data></match></read>
    <write><data>SVuvFmoXrHdLoZbJGeyXIXPryOFWexrhGFFompQh\x0a</data></write>
    <read><length>19</length><match><data>\x09Enter last name: \x00</data></match></read>
    <write><data>qcQKyRKYOCSNeWDiWmilRnnqTokn\x0a</data></write>
    <read><length>20</length><match><data>\x09Your ID number is: </data></match></read>
    <read><length>9</length><match><data>12341241\x0a</data></match></read>
    <read><length>41</length><match><data>14: Login\x0a\x0038. Register Voter\x0a\x0095. Quit\x0a\x00</data></match></read>
    <read><length>19</length><match><data>Choose an option: \x00</data></match></read>
    <write><data>38\x0a</data></write>
    <read><length>20</length><match><data>\x23\x23 Create voter \x23\x23\x0a\x00</data></match></read>
    <read><length>20</length><match><data>\x09Enter first name: \x00</data></match></read>
    <write><data>GrTblqSqGzdLqtUZyIyKYANpLuOnGiwokEvqtKTWujhTqh\x0a</data></write>
    <read><length>19</length><match><data>\x09Enter last name: \x00</data></match></read>
    <write><data>RqTtvHbcFMZpokHSRJByoD\x0a</data></write>
    <read><length>20</length><match><data>\x09Your ID number is: </data></match></read>
    <read><length>9</length><match><data>12341242\x0a</data></match></read>
    <read><length>41</length><match><data>14: Login\x0a\x0038. Register Voter\x0a\x0095. Quit\x0a\x00</data></match></read>
    <read><length>19</length><match><data>Choose an option: \x00</data></match></read>
    <write><data>38\x0a</data></write>
    <read><length>20</length><match><data>\x23\x23 Create voter \x23\x23\x0a\x00</data></match></read>
    <read><length>20</length><match><data>\x09Enter first name: \x00</data></match></read>
    <write><data>IGvxUgmwCWgtBIDcSxMFJnTfpbOHyaeGKIVXmax\x0a</data></write>
    <read><length>19</length><match><data>\x09Enter last name: \x00</data></match></read>
    <write><data>cFLkvdmqauPmzooKwkgehdpfp\x0a</data></write>
    <read><length>20</length><match><data>\x09Your ID number is: </data></match></read>
    <read><length>9</length><match><data>12341243\x0a</data></match></read>
    <read><length>41</length><match><data>14: Login\x0a\x0038. Register Voter\x0a\x0095. Quit\x0a\x00</data></match></read>
    <read><length>19</length><match><data>Choose an option: \x00</data></match></read>
    <write><data>38\x0a</data></write>
    <read><length>20</length><match><data>\x23\x23 Create voter \x23\x23\x0a\x00</data></match></read>
    <read><length>20</length><match><data>\x09Enter first name: \x00</data></match></read>
    <write><data>GVRlxjfDdy\x0a</data></write>
    <read><length>19</length><match><data>\x09Enter last name: \x00</data></match></read>
    <write><data>cvJpiY\x0a</data></write>
    <read><length>20</length><match><data>\x09Your ID number is: </data></match></read>
    <read><length>9</length><match><data>12341244\x0a</data></match></read>
    <read><length>41</length><match><data>14: Login\x0a\x0038. Register Voter\x0a\x0095. Quit\x0a\x00</data></match></read>
    <read><length>19</length><match><data>Choose an option: \x00</data></match></read>
    <write><data>38\x0a</data></write>
    <read><length>20</length><match><data>\x23\x23 Create voter \x23\x23\x0a\x00</data></match></read>
    <read><length>20</length><match><data>\x09Enter first name: \x00</data></match></read>
    <write><data>FekZymsLdtzTOAa\x0a</data></write>
    <read><length>19</length><match><data>\x09Enter last name: \x00</data></match></read>
    <write><data>VoNIunBEcWRPbaizXearGaETrLrXdxbj\x0a</data></write>
    <read><length>20</length><match><data>\x09Your ID number is: </data></match></read>
    <read><length>9</length><match><data>12341245\x0a</data></match></read>
    <read><length>41</length><match><data>14: Login\x0a\x0038. Register Voter\x0a\x0095. Quit\x0a\x00</data></match></read>
    <read><length>19</length><match><data>Choose an option: \x00</data></match></read>
    <write><data>38\x0a</data></write>
    <read><length>20</length><match><data>\x23\x23 Create voter \x23\x23\x0a\x00</data></match></read>
    <read><length>20</length><match><data>\x09Enter first name: \x00</data></match></read>
    <write><data>RUbIpBczletoKw\x0a</data></write>
    <read><length>19</length><match><data>\x09Enter last name: \x00</data></match></read>
    <write><data>FPdYUxDMseFzhPfBwFZeGHEdjKzqdaQJxtmAmF\x0a</data></write>
    <read><length>20</length><match><data>\x09Your ID number is: </data></match></read>
    <read><length>9</length><match><data>12341246\x0a</data></match></read>
    <read><length>41</length><match><data>14: Login\x0a\x0038. Register Voter\x0a\x0095. Quit\x0a\x00</data></match></read>
    <read><length>19</length><match><data>Choose an option: \x00</data></match></read>
    <write><data>38\x0a</data></write>
    <read><length>20</length><match><data>\x23\x23 Create voter \x23\x23\x0a\x00</data></match></read>
    <read><length>20</length><match><data>\x09Enter first name: \x00</data></match></read>
    <write><data>yraaQGwoUkKoiSiffUJadnwbUcQXKhx\x0a</data></write>
    <read><length>19</length><match><data>\x09Enter last name: \x00</data></match></read>
    <write><data>dDCGxNMElIVffRCbtRDP\x0a</data></write>
    <read><length>20</length><match><data>\x09Your ID number is: </data></match></read>
    <read><length>9</length><match><data>12341247\x0a</data></match></read>
    <read><length>41</length><match><data>14: Login\x0a\x0038. Register Voter\x0a\x0095. Quit\x0a\x00</data></match></read>
    <read><length>19</length><match><data>Choose an option: \x00</data></match></read>
    <write><data>14\x0a</data></write>
    <read><length>24</length><match><data>\x09Enter your ID number: \x00</data></match></read>
    <write><data>12341237\x0a</data></write>
    <read><length>19</length><match><data>\x09Enter last name: \x00</data></match></read>
    <write><data>rcpQSppUMwyyLu\x0a</data></write>
    <read><length>25</length><match><data>15: Main Menu\x0a\x0095. Quit\x0a\x00</data></match></read>
    <read><length>19</length><match><data>Choose an option: \x00</data></match></read>
    <write><data>54\x0a</data></write>
    <read><length>22</length><match><data>Is voting too hard?!\x0a\x00</data></match></read>
</replay>
</pov>