<?xml version="1.0" standalone="no" ?>
<!DOCTYPE pov SYSTEM "/usr/share/cgc-docs/replay.dtd">
<pov>
<cbid>service</cbid>
<seed>023063ccdc92d873e019222c89805f0485412ea23c5af77202d5d94ea999b9c0c8e8f3b6101a7bfbccf88e31ac2e6b31</seed>
<replay>
    <read><length>31</length><match><data>17: Create Election\x0a\x0095. Quit\x0a\x00</data></match></read>
    <read><length>19</length><match><data>Choose an option: \x00</data></match></read>
    <write><data>17\x0a</data></write>
    <read><length>31</length><match><data>\x23\x23 Create election manager \x23\x23\x0a\x00</data></match></read>
    <read><length>20</length><match><data>\x09Enter first name: \x00</data></match></read>
    <write><data>aiZGBxRUfKiZOhKdCpvBoMCjB\x0a</data></write>
    <read><length>19</length><match><data>\x09Enter last name: \x00</data></match></read>
    <write><data>gGjSVXgqzLwWgoBHbvkoEYSPEHTMssoQHb\x0a</data></write>
    <read><length>20</length><match><data>\x09Your ID number is: </data></match></read>
    <read><length>9</length><match><data>10101010\x0a</data></match></read>
    <read><length>19</length><match><data>\x09Your auth key is: </data></match></read>
    <read><delim>\x0a</delim><assign> <var>authkey</var> <slice begin="0" /> </assign></read>
    <read><length>22</length><match><data>Enter election name: \x00</data></match></read>
    <write><data>gsAeJNexGvigCRWhEPxukOeVAXcDGAnPpvoUL\x0a</data></write>
    <read><length>43</length><match><data>Enter number of election winners desired: \x00</data></match></read>
    <write><data>1\x0a</data></write>
    <read><length>45</length><match><data>Enter the max number of candidates allowed: \x00</data></match></read>
    <write><data>19\x0a</data></write>
    <read><length>46</length><match><data>Can voters write\x2din new candidates? \x28Yy\x2fNn\x29: \x00</data></match></read>
    <write><data>Y\x0a</data></write>
    <read><length>19</length><match><data>Election Created.\x0a\x00</data></match></read>
    <read><length>41</length><match><data>14: Login\x0a\x0038. Register Voter\x0a\x0095. Quit\x0a\x00</data></match></read>
    <read><length>19</length><match><data>Choose an option: \x00</data></match></read>
    <write><data>38\x0a</data></write>
    <read><length>20</length><match><data>\x23\x23 Create voter \x23\x23\x0a\x00</data></match></read>
    <read><length>20</length><match><data>\x09Enter first name: \x00</data></match></read>
    <write><data>BdNsNHHUbABlOKPKTYuCcaisnizcpDcze\x0a</data></write>
    <read><length>19</length><match><data>\x09Enter last name: \x00</data></match></read>
    <write><data>JgLRQWVdCKIqJGHJxigfRjSymJVSdQN\x0a</data></write>
    <read><length>20</length><match><data>\x09Your ID number is: </data></match></read>
    <read><length>9</length><match><data>12341234\x0a</data></match></read>
    <read><length>41</length><match><data>14: Login\x0a\x0038. Register Voter\x0a\x0095. Quit\x0a\x00</data></match></read>
    <read><length>19</length><match><data>Choose an option: \x00</data></match></read>
    <write><data>38\x0a</data></write>
    <read><length>20</length><match><data>\x23\x23 Create voter \x23\x23\x0a\x00</data></match></read>
    <read><length>20</length><match><data>\x09Enter first name: \x00</data></match></read>
    <write><data>nRKfhQZLxkOPfEEypCEtkqfxZbw\x0a</data></write>
    <read><length>19</length><match><data>\x09Enter last name: \x00</data></match></read>
    <write><data>UECymGTxuJrVouYPXxmJzYEJrCggoWNZ\x0a</data></write>
    <read><length>20</length><match><data>\x09Your ID number is: </data></match></read>
    <read><length>9</length><match><data>12341235\x0a</data></match></read>
    <read><length>41</length><match><data>14: Login\x0a\x0038. Register Voter\x0a\x0095. Quit\x0a\x00</data></match></read>
    <read><length>19</length><match><data>Choose an option: \x00</data></match></read>
    <write><data>38\x0a</data></write>
    <read><length>20</length><match><data>\x23\x23 Create voter \x23\x23\x0a\x00</data></match></read>
    <read><length>20</length><match><data>\x09Enter first name: \x00</data></match></read>
    <write><data>LewvPCaLPceCfNbjfrqbn\x0a</data></write>
    <read><length>19</length><match><data>\x09Enter last name: \x00</data></match></read>
    <write><data>ITpeFfqlXRnOkTDniOJDFfZKXFt\x0a</data></write>
    <read><length>20</length><match><data>\x09Your ID number is: </data></match></read>
    <read><length>9</length><match><data>12341236\x0a</data></match></read>
    <read><length>41</length><match><data>14: Login\x0a\x0038. Register Voter\x0a\x0095. Quit\x0a\x00</data></match></read>
    <read><length>19</length><match><data>Choose an option: \x00</data></match></read>
    <write><data>38\x0a</data></write>
    <read><length>20</length><match><data>\x23\x23 Create voter \x23\x23\x0a\x00</data></match></read>
    <read><length>20</length><match><data>\x09Enter first name: \x00</data></match></read>
    <write><data>FAwHwRnYdzqIZjfHyUpRvzScu\x0a</data></write>
    <read><length>19</length><match><data>\x09Enter last name: \x00</data></match></read>
    <write><data>FLzFlneHRravuJnqAvAJn\x0a</data></write>
    <read><length>20</length><match><data>\x09Your ID number is: </data></match></read>
    <read><length>9</length><match><data>12341237\x0a</data></match></read>
    <read><length>41</length><match><data>14: Login\x0a\x0038. Register Voter\x0a\x0095. Quit\x0a\x00</data></match></read>
    <read><length>19</length><match><data>Choose an option: \x00</data></match></read>
    <write><data>38\x0a</data></write>
    <read><length>20</length><match><data>\x23\x23 Create voter \x23\x23\x0a\x00</data></match></read>
    <read><length>20</length><match><data>\x09Enter first name: \x00</data></match></read>
    <write><data>RlLEYBTGw\x0a</data></write>
    <read><length>19</length><match><data>\x09Enter last name: \x00</data></match></read>
    <write><data>KVxULGfhQtaGTFiwKojKOupMneVnnMeGrERdvagkNl\x0a</data></write>
    <read><length>20</length><match><data>\x09Your ID number is: </data></match></read>
    <read><length>9</length><match><data>12341238\x0a</data></match></read>
    <read><length>41</length><match><data>14: Login\x0a\x0038. Register Voter\x0a\x0095. Quit\x0a\x00</data></match></read>
    <read><length>19</length><match><data>Choose an option: \x00</data></match></read>
    <write><data>38\x0a</data></write>
    <read><length>20</length><match><data>\x23\x23 Create voter \x23\x23\x0a\x00</data></match></read>
    <read><length>20</length><match><data>\x09Enter first name: \x00</data></match></read>
    <write><data>YnkrmhpBIusttLKf\x0a</data></write>
    <read><length>19</length><match><data>\x09Enter last name: \x00</data></match></read>
    <write><data>WYMyUDIDRqQygcZNtmdHdazJITpBqHg\x0a</data></write>
    <read><length>20</length><match><data>\x09Your ID number is: </data></match></read>
    <read><length>9</length><match><data>12341239\x0a</data></match></read>
    <read><length>41</length><match><data>14: Login\x0a\x0038. Register Voter\x0a\x0095. Quit\x0a\x00</data></match></read>
    <read><length>19</length><match><data>Choose an option: \x00</data></match></read>
    <write><data>14\x0a</data></write>
    <read><length>24</length><match><data>\x09Enter your ID number: \x00</data></match></read>
    <write><data>10101010\x0a</data></write>
    <read><length>19</length><match><data>\x09Enter last name: \x00</data></match></read>
    <write><data>gGjSVXgqzLwWgoBHbvkoEYSPEHTMssoQHb\x0a</data></write>
    <read><length>18</length><match><data>\x09Enter auth key: \x00</data></match></read>
    <write><var>authkey</var></write>
    <read><length>82</length><match><data>15: Main Menu\x0a\x0018. Open Voting\x0a\x0022. Election Status\x0a\x0054. Add Candidate\x0a\x0095. Quit\x0a\x00</data></match></read>
    <read><length>19</length><match><data>Choose an option: \x00</data></match></read>
    <write><data>54\x0a</data></write>
    <read><length>24</length><match><data>\x23\x23 Create candidate \x23\x23\x0a\x00</data></match></read>
    <read><length>20</length><match><data>\x09Enter first name: \x00</data></match></read>
    <write><data>cGwqowFAlSzpHbUIHtsiyarISUbOlqXotgdNJA\x0a</data></write>
    <read><length>19</length><match><data>\x09Enter last name: \x00</data></match></read>
    <write><data>qlzcSQLdAKBakgzgntBxHJFChZobdJmwbjznDCDofwVO\x0a</data></write>
    <read><length>18</length><match><data>Candidate Added.\x0a\x00</data></match></read>
    <read><length>41</length><match><data>14: Login\x0a\x0038. Register Voter\x0a\x0095. Quit\x0a\x00</data></match></read>
    <read><length>19</length><match><data>Choose an option: \x00</data></match></read>
    <write><data>14\x0a</data></write>
    <read><length>24</length><match><data>\x09Enter your ID number: \x00</data></match></read>
    <write><data>10101010\x0a</data></write>
    <read><length>19</length><match><data>\x09Enter last name: \x00</data></match></read>
    <write><data>gGjSVXgqzLwWgoBHbvkoEYSPEHTMssoQHb\x0a</data></write>
    <read><length>18</length><match><data>\x09Enter auth key: \x00</data></match></read>
    <write><var>authkey</var></write>
    <read><length>82</length><match><data>15: Main Menu\x0a\x0018. Open Voting\x0a\x0022. Election Status\x0a\x0054. Add Candidate\x0a\x0095. Quit\x0a\x00</data></match></read>
    <read><length>19</length><match><data>Choose an option: \x00</data></match></read>
    <write><data>18\x0a</data></write>
    <read><length>14</length><match><data>Voting Open.\x0a\x00</data></match></read>
    <read><length>41</length><match><data>14: Login\x0a\x0038. Register Voter\x0a\x0095. Quit\x0a\x00</data></match></read>
    <read><length>19</length><match><data>Choose an option: \x00</data></match></read>
    <write><data>38\x0a</data></write>
    <read><length>20</length><match><data>\x23\x23 Create voter \x23\x23\x0a\x00</data></match></read>
    <read><length>20</length><match><data>\x09Enter first name: \x00</data></match></read>
    <write><data>YNZtZwGqOkm\x0a</data></write>
    <read><length>19</length><match><data>\x09Enter last name: \x00</data></match></read>
    <write><data>VkamNyoLWpsQMdkuwXETbfFAsrvSmyaNkYnnUriNhtUvI\x0a</data></write>
    <read><length>20</length><match><data>\x09Your ID number is: </data></match></read>
    <read><length>9</length><match><data>12341240\x0a</data></match></read>
    <read><length>41</length><match><data>14: Login\x0a\x0038. Register Voter\x0a\x0095. Quit\x0a\x00</data></match></read>
    <read><length>19</length><match><data>Choose an option: \x00</data></match></read>
    <write><data>38\x0a</data></write>
    <read><length>20</length><match><data>\x23\x23 Create voter \x23\x23\x0a\x00</data></match></read>
    <read><length>20</length><match><data>\x09Enter first name: \x00</data></match></read>
    <write><data>KxerWnWDsAuiBiprFzrPwJDANRsAZwqkrmFpmrLarBo\x0a</data></write>
    <read><length>19</length><match><data>\x09Enter last name: \x00</data></match></read>
    <write><data>OwsXLAK\x0a</data></write>
    <read><length>20</length><match><data>\x09Your ID number is: </data></match></read>
    <read><length>9</length><match><data>12341241\x0a</data></match></read>
    <read><length>41</length><match><data>14: Login\x0a\x0038. Register Voter\x0a\x0095. Quit\x0a\x00</data></match></read>
    <read><length>19</length><match><data>Choose an option: \x00</data></match></read>
    <write><data>38\x0a</data></write>
    <read><length>20</length><match><data>\x23\x23 Create voter \x23\x23\x0a\x00</data></match></read>
    <read><length>20</length><match><data>\x09Enter first name: \x00</data></match></read>
    <write><data>UbUdAWEDfVVNx\x0a</data></write>
    <read><length>19</length><match><data>\x09Enter last name: \x00</data></match></read>
    <write><data>xWABxZNmXqisPhA\x0a</data></write>
    <read><length>20</length><match><data>\x09Your ID number is: </data></match></read>
    <read><length>9</length><match><data>12341242\x0a</data></match></read>
    <read><length>41</length><match><data>14: Login\x0a\x0038. Register Voter\x0a\x0095. Quit\x0a\x00</data></match></read>
    <read><length>19</length><match><data>Choose an option: \x00</data></match></read>
    <write><data>38\x0a</data></write>
    <read><length>20</length><match><data>\x23\x23 Create voter \x23\x23\x0a\x00</data></match></read>
    <read><length>20</length><match><data>\x09Enter first name: \x00</data></match></read>
    <write><data>YuqWYvZWkoDbmNIcYWWxwJlZyN\x0a</data></write>
    <read><length>19</length><match><data>\x09Enter last name: \x00</data></match></read>
    <write><data>jcyrrgsGOL\x0a</data></write>
    <read><length>20</length><match><data>\x09Your ID number is: </data></match></read>
    <read><length>9</length><match><data>12341243\x0a</data></match></read>
    <read><length>41</length><match><data>14: Login\x0a\x0038. Register Voter\x0a\x0095. Quit\x0a\x00</data></match></read>
    <read><length>19</length><match><data>Choose an option: \x00</data></match></read>
    <write><data>38\x0a</data></write>
    <read><length>20</length><match><data>\x23\x23 Create voter \x23\x23\x0a\x00</data></match></read>
    <read><length>20</length><match><data>\x09Enter first name: \x00</data></match></read>
    <write><data>EgizbKRiCSYUYqwYpple\x0a</data></write>
    <read><length>19</length><match><data>\x09Enter last name: \x00</data></match></read>
    <write><data>woIdtpYfdTSUE\x0a</data></write>
    <read><length>20</length><match><data>\x09Your ID number is: </data></match></read>
    <read><length>9</length><match><data>12341244\x0a</data></match></read>
    <read><length>41</length><match><data>14: Login\x0a\x0038. Register Voter\x0a\x0095. Quit\x0a\x00</data></match></read>
    <read><length>19</length><match><data>Choose an option: \x00</data></match></read>
    <write><data>38\x0a</data></write>
    <read><length>20</length><match><data>\x23\x23 Create voter \x23\x23\x0a\x00</data></match></read>
    <read><length>20</length><match><data>\x09Enter first name: \x00</data></match></read>
    <write><data>uxtGJgiuulUOAIfy\x0a</data></write>
    <read><length>19</length><match><data>\x09Enter last name: \x00</data></match></read>
    <write><data>eeSKYfzFN\x0a</data></write>
    <read><length>20</length><match><data>\x09Your ID number is: </data></match></read>
    <read><length>9</length><match><data>12341245\x0a</data></match></read>
    <read><length>41</length><match><data>14: Login\x0a\x0038. Register Voter\x0a\x0095. Quit\x0a\x00</data></match></read>
    <read><length>19</length><match><data>Choose an option: \x00</data></match></read>
    <write><data>38\x0a</data></write>
    <read><length>20</length><match><data>\x23\x23 Create voter \x23\x23\x0a\x00</data></match></read>
    <read><length>20</length><match><data>\x09Enter first name: \x00</data></match></read>
    <write><data>ZvReaxWcBUmdOMhNHoZsOOKETYfLxlusBbf\x0a</data></write>
    <read><length>19</length><match><data>\x09Enter last name: \x00</data></match></read>
    <write><data>alXMzakfBy\x0a</data></write>
    <read><length>20</length><match><data>\x09Your ID number is: </data></match></read>
    <read><length>9</length><match><data>12341246\x0a</data></match></read>
    <read><length>41</length><match><data>14: Login\x0a\x0038. Register Voter\x0a\x0095. Quit\x0a\x00</data></match></read>
    <read><length>19</length><match><data>Choose an option: \x00</data></match></read>
    <write><data>38\x0a</data></write>
    <read><length>20</length><match><data>\x23\x23 Create voter \x23\x23\x0a\x00</data></match></read>
    <read><length>20</length><match><data>\x09Enter first name: \x00</data></match></read>
    <write><data>tmGITAfs\x0a</data></write>
    <read><length>19</length><match><data>\x09Enter last name: \x00</data></match></read>
    <write><data>lAbWTEZYavMqfVtcPMnfEdvVUvsgJWERkyTi\x0a</data></write>
    <read><length>20</length><match><data>\x09Your ID number is: </data></match></read>
    <read><length>9</length><match><data>12341247\x0a</data></match></read>
    <read><length>41</length><match><data>14: Login\x0a\x0038. Register Voter\x0a\x0095. Quit\x0a\x00</data></match></read>
    <read><length>19</length><match><data>Choose an option: \x00</data></match></read>
    <write><data>38\x0a</data></write>
    <read><length>20</length><match><data>\x23\x23 Create voter \x23\x23\x0a\x00</data></match></read>
    <read><length>20</length><match><data>\x09Enter first name: \x00</data></match></read>
    <write><data>pmmSKcpmcLUgRypErlBJXsNxZzbSfeyPhLuMTdR\x0a</data></write>
    <read><length>19</length><match><data>\x09Enter last name: \x00</data></match></read>
    <write><data>ngygOlwPiVIbHmf\x0a</data></write>
    <read><length>20</length><match><data>\x09Your ID number is: </data></match></read>
    <read><length>9</length><match><data>12341248\x0a</data></match></read>
    <read><length>41</length><match><data>14: Login\x0a\x0038. Register Voter\x0a\x0095. Quit\x0a\x00</data></match></read>
    <read><length>19</length><match><data>Choose an option: \x00</data></match></read>
    <write><data>38\x0a</data></write>
    <read><length>20</length><match><data>\x23\x23 Create voter \x23\x23\x0a\x00</data></match></read>
    <read><length>20</length><match><data>\x09Enter first name: \x00</data></match></read>
    <write><data>PSWqof\x0a</data></write>
    <read><length>19</length><match><data>\x09Enter last name: \x00</data></match></read>
    <write><data>YYDKnbRJbtLfyQ\x0a</data></write>
    <read><length>20</length><match><data>\x09Your ID number is: </data></match></read>
    <read><length>9</length><match><data>12341249\x0a</data></match></read>
    <read><length>41</length><match><data>14: Login\x0a\x0038. Register Voter\x0a\x0095. Quit\x0a\x00</data></match></read>
    <read><length>19</length><match><data>Choose an option: \x00</data></match></read>
    <write><data>14\x0a</data></write>
    <read><length>24</length><match><data>\x09Enter your ID number: \x00</data></match></read>
    <write><data>10101010\x0a</data></write>
    <read><length>19</length><match><data>\x09Enter last name: \x00</data></match></read>
    <write><data>gGjSVXgqzLwWgoBHbvkoEYSPEHTMssoQHb\x0a</data></write>
    <read><length>18</length><match><data>\x09Enter auth key: \x00</data></match></read>
    <write><var>authkey</var></write>
    <read><length>83</length><match><data>15: Main Menu\x0a\x0020. Close Voting\x0a\x0022. Election Status\x0a\x0054. Add Candidate\x0a\x0095. Quit\x0a\x00</data></match></read>
    <read><length>19</length><match><data>Choose an option: \x00</data></match></read>
    <write><data>54\x0a</data></write>
    <read><length>24</length><match><data>\x23\x23 Create candidate \x23\x23\x0a\x00</data></match></read>
    <read><length>20</length><match><data>\x09Enter first name: \x00</data></match></read>
    <write><data>SdnqmuQMgdzmClhlVzFeHDjQpR\x0a</data></write>
    <read><length>19</length><match><data>\x09Enter last name: \x00</data></match></read>
    <write><data>ZybSKchHlFUVdlTvfHaeWhnGZmmNemfOmJhjIOAwIiAiqS\x0a</data></write>
    <read><length>18</length><match><data>Candidate Added.\x0a\x00</data></match></read>
    <read><length>41</length><match><data>14: Login\x0a\x0038. Register Voter\x0a\x0095. Quit\x0a\x00</data></match></read>
    <read><length>19</length><match><data>Choose an option: \x00</data></match></read>
    <write><data>14\x0a</data></write>
    <read><length>24</length><match><data>\x09Enter your ID number: \x00</data></match></read>
    <write><data>12341239\x0a</data></write>
    <read><length>19</length><match><data>\x09Enter last name: \x00</data></match></read>
    <write><data>WYMyUDIDRqQygcZNtmdHdazJITpBqHg\x0a</data></write>
    <read><length>54</length><match><data>15: Main Menu\x0a\x0036. Vote\x0a\x0054. Add Candidate\x0a\x0095. Quit\x0a\x00</data></match></read>
    <read><length>19</length><match><data>Choose an option: \x00</data></match></read>
    <write><data>54\x0a</data></write>
    <read><length>24</length><match><data>\x23\x23 Create candidate \x23\x23\x0a\x00</data></match></read>
    <read><length>20</length><match><data>\x09Enter first name: \x00</data></match></read>
    <write><data>ZimqnesPluEcUStRIKCbfzJa\x0a</data></write>
    <read><length>19</length><match><data>\x09Enter last name: \x00</data></match></read>
    <write><data>KqeTIjNWOBMvDtZWodWxKMiXSmT\x0a</data></write>
    <read><length>18</length><match><data>Candidate Added.\x0a\x00</data></match></read>
    <read><length>41</length><match><data>14: Login\x0a\x0038. Register Voter\x0a\x0095. Quit\x0a\x00</data></match></read>
    <read><length>19</length><match><data>Choose an option: \x00</data></match></read>
    <write><data>14\x0a</data></write>
    <read><length>24</length><match><data>\x09Enter your ID number: \x00</data></match></read>
    <write><data>10101010\x0a</data></write>
    <read><length>19</length><match><data>\x09Enter last name: \x00</data></match></read>
    <write><data>gGjSVXgqzLwWgoBHbvkoEYSPEHTMssoQHb\x0a</data></write>
    <read><length>18</length><match><data>\x09Enter auth key: \x00</data></match></read>
    <write><var>authkey</var></write>
    <read><length>83</length><match><data>15: Main Menu\x0a\x0020. Close Voting\x0a\x0022. Election Status\x0a\x0054. Add Candidate\x0a\x0095. Quit\x0a\x00</data></match></read>
    <read><length>19</length><match><data>Choose an option: \x00</data></match></read>
    <write><data>54\x0a</data></write>
    <read><length>24</length><match><data>\x23\x23 Create candidate \x23\x23\x0a\x00</data></match></read>
    <read><length>20</length><match><data>\x09Enter first name: \x00</data></match></read>
    <write><data>DDpiMSafPIHgjhOkJIVjobkwsjJfKmgTz\x0a</data></write>
    <read><length>19</length><match><data>\x09Enter last name: \x00</data></match></read>
    <write><data>tlShTCwqBdagM\x0a</data></write>
    <read><length>18</length><match><data>Candidate Added.\x0a\x00</data></match></read>
    <read><length>41</length><match><data>14: Login\x0a\x0038. Register Voter\x0a\x0095. Quit\x0a\x00</data></match></read>
    <read><length>19</length><match><data>Choose an option: \x00</data></match></read>
    <write><data>14\x0a</data></write>
    <read><length>24</length><match><data>\x09Enter your ID number: \x00</data></match></read>
    <write><data>12341238\x0a</data></write>
    <read><length>19</length><match><data>\x09Enter last name: \x00</data></match></read>
    <write><data>KVxULGfhQtaGTFiwKojKOupMneVnnMeGrERdvagkNl\x0a</data></write>
    <read><length>54</length><match><data>15: Main Menu\x0a\x0036. Vote\x0a\x0054. Add Candidate\x0a\x0095. Quit\x0a\x00</data></match></read>
    <read><length>19</length><match><data>Choose an option: \x00</data></match></read>
    <write><data>54\x0a</data></write>
    <read><length>24</length><match><data>\x23\x23 Create candidate \x23\x23\x0a\x00</data></match></read>
    <read><length>20</length><match><data>\x09Enter first name: \x00</data></match></read>
    <write><data>hYGszHqHXAEe\x0a</data></write>
    <read><length>19</length><match><data>\x09Enter last name: \x00</data></match></read>
    <write><data>MclTXNxmhQwdIJwFPUTFmbWviJbTH\x0a</data></write>
    <read><length>18</length><match><data>Candidate Added.\x0a\x00</data></match></read>
    <read><length>41</length><match><data>14: Login\x0a\x0038. Register Voter\x0a\x0095. Quit\x0a\x00</data></match></read>
    <read><length>19</length><match><data>Choose an option: \x00</data></match></read>
    <write><data>14\x0a</data></write>
    <read><length>24</length><match><data>\x09Enter your ID number: \x00</data></match></read>
    <write><data>12341240\x0a</data></write>
    <read><length>19</length><match><data>\x09Enter last name: \x00</data></match></read>
    <write><data>VkamNyoLWpsQMdkuwXETbfFAsrvSmyaNkYnnUriNhtUvI\x0a</data></write>
    <read><length>54</length><match><data>15: Main Menu\x0a\x0036. Vote\x0a\x0054. Add Candidate\x0a\x0095. Quit\x0a\x00</data></match></read>
    <read><length>19</length><match><data>Choose an option: \x00</data></match></read>
    <write><data>54\x0a</data></write>
    <read><length>24</length><match><data>\x23\x23 Create candidate \x23\x23\x0a\x00</data></match></read>
    <read><length>20</length><match><data>\x09Enter first name: \x00</data></match></read>
    <write><data>DkSHTMXya\x0a</data></write>
    <read><length>19</length><match><data>\x09Enter last name: \x00</data></match></read>
    <write><data>spoitrUvRiSiagkmGbUAtYEeAfeWjDtxhIjKFEiVwR\x0a</data></write>
    <read><length>18</length><match><data>Candidate Added.\x0a\x00</data></match></read>
    <read><length>41</length><match><data>14: Login\x0a\x0038. Register Voter\x0a\x0095. Quit\x0a\x00</data></match></read>
    <read><length>19</length><match><data>Choose an option: \x00</data></match></read>
    <write><data>14\x0a</data></write>
    <read><length>24</length><match><data>\x09Enter your ID number: \x00</data></match></read>
    <write><data>10101010\x0a</data></write>
    <read><length>19</length><match><data>\x09Enter last name: \x00</data></match></read>
    <write><data>gGjSVXgqzLwWgoBHbvkoEYSPEHTMssoQHb\x0a</data></write>
    <read><length>18</length><match><data>\x09Enter auth key: \x00</data></match></read>
    <write><var>authkey</var></write>
    <read><length>83</length><match><data>15: Main Menu\x0a\x0020. Close Voting\x0a\x0022. Election Status\x0a\x0054. Add Candidate\x0a\x0095. Quit\x0a\x00</data></match></read>
    <read><length>19</length><match><data>Choose an option: \x00</data></match></read>
    <write><data>54\x0a</data></write>
    <read><length>24</length><match><data>\x23\x23 Create candidate \x23\x23\x0a\x00</data></match></read>
    <read><length>20</length><match><data>\x09Enter first name: \x00</data></match></read>
    <write><data>KtGTcDwNyrkXvyEZVnhoevUmUKGZWMKD\x0a</data></write>
    <read><length>19</length><match><data>\x09Enter last name: \x00</data></match></read>
    <write><data>xtvDcXrRXsoxWGZxIvPjwSRDGrNLfr\x0a</data></write>
    <read><length>18</length><match><data>Candidate Added.\x0a\x00</data></match></read>
    <read><length>41</length><match><data>14: Login\x0a\x0038. Register Voter\x0a\x0095. Quit\x0a\x00</data></match></read>
    <read><length>19</length><match><data>Choose an option: \x00</data></match></read>
    <write><data>14\x0a</data></write>
    <read><length>24</length><match><data>\x09Enter your ID number: \x00</data></match></read>
    <write><data>12341240\x0a</data></write>
    <read><length>19</length><match><data>\x09Enter last name: \x00</data></match></read>
    <write><data>VkamNyoLWpsQMdkuwXETbfFAsrvSmyaNkYnnUriNhtUvI\x0a</data></write>
    <read><length>54</length><match><data>15: Main Menu\x0a\x0036. Vote\x0a\x0054. Add Candidate\x0a\x0095. Quit\x0a\x00</data></match></read>
    <read><length>19</length><match><data>Choose an option: \x00</data></match></read>
    <write><data>54\x0a</data></write>
    <read><length>24</length><match><data>\x23\x23 Create candidate \x23\x23\x0a\x00</data></match></read>
    <read><length>20</length><match><data>\x09Enter first name: \x00</data></match></read>
    <write><data>BXZjJFHuBpHQcOlujosgAHhJROmoHTBxnowcLAWIhBaclK\x0a</data></write>
    <read><length>19</length><match><data>\x09Enter last name: \x00</data></match></read>
    <write><data>coERJcKWuJoJgeYkudbYVYGlpXqIlAcxXgxMsvYgvpuiO\x0a</data></write>
    <read><length>18</length><match><data>Candidate Added.\x0a\x00</data></match></read>
    <read><length>41</length><match><data>14: Login\x0a\x0038. Register Voter\x0a\x0095. Quit\x0a\x00</data></match></read>
    <read><length>19</length><match><data>Choose an option: \x00</data></match></read>
    <write><data>14\x0a</data></write>
    <read><length>24</length><match><data>\x09Enter your ID number: \x00</data></match></read>
    <write><data>12341236\x0a</data></write>
    <read><length>19</length><match><data>\x09Enter last name: \x00</data></match></read>
    <write><data>ITpeFfqlXRnOkTDniOJDFfZKXFt\x0a</data></write>
    <read><length>54</length><match><data>15: Main Menu\x0a\x0036. Vote\x0a\x0054. Add Candidate\x0a\x0095. Quit\x0a\x00</data></match></read>
    <read><length>19</length><match><data>Choose an option: \x00</data></match></read>
    <write><data>54\x0a</data></write>
    <read><length>24</length><match><data>\x23\x23 Create candidate \x23\x23\x0a\x00</data></match></read>
    <read><length>20</length><match><data>\x09Enter first name: \x00</data></match></read>
    <write><data>LXxoxQYrDFaJfChqgdhNQPaTLd\x0a</data></write>
    <read><length>19</length><match><data>\x09Enter last name: \x00</data></match></read>
    <write><data>hscWyvgKcPwuzDqhgFCIJhAlyGQdiFsONf\x0a</data></write>
    <read><length>18</length><match><data>Candidate Added.\x0a\x00</data></match></read>
    <read><length>41</length><match><data>14: Login\x0a\x0038. Register Voter\x0a\x0095. Quit\x0a\x00</data></match></read>
    <read><length>19</length><match><data>Choose an option: \x00</data></match></read>
    <write><data>14\x0a</data></write>
    <read><length>24</length><match><data>\x09Enter your ID number: \x00</data></match></read>
    <write><data>10101010\x0a</data></write>
    <read><length>19</length><match><data>\x09Enter last name: \x00</data></match></read>
    <write><data>gGjSVXgqzLwWgoBHbvkoEYSPEHTMssoQHb\x0a</data></write>
    <read><length>18</length><match><data>\x09Enter auth key: \x00</data></match></read>
    <write><var>authkey</var></write>
    <read><length>83</length><match><data>15: Main Menu\x0a\x0020. Close Voting\x0a\x0022. Election Status\x0a\x0054. Add Candidate\x0a\x0095. Quit\x0a\x00</data></match></read>
    <read><length>19</length><match><data>Choose an option: \x00</data></match></read>
    <write><data>54\x0a</data></write>
    <read><length>24</length><match><data>\x23\x23 Create candidate \x23\x23\x0a\x00</data></match></read>
    <read><length>20</length><match><data>\x09Enter first name: \x00</data></match></read>
    <write><data>vwocQaxYMhtsgvgDwCXjrcACpxmlToa\x0a</data></write>
    <read><length>19</length><match><data>\x09Enter last name: \x00</data></match></read>
    <write><data>WuxuEbXYCRgyRClNZiWRMzIwYNeHUlOlCVWBcLyA\x0a</data></write>
    <read><length>18</length><match><data>Candidate Added.\x0a\x00</data></match></read>
    <read><length>41</length><match><data>14: Login\x0a\x0038. Register Voter\x0a\x0095. Quit\x0a\x00</data></match></read>
    <read><length>19</length><match><data>Choose an option: \x00</data></match></read>
    <write><data>14\x0a</data></write>
    <read><length>24</length><match><data>\x09Enter your ID number: \x00</data></match></read>
    <write><data>10101010\x0a</data></write>
    <read><length>19</length><match><data>\x09Enter last name: \x00</data></match></read>
    <write><data>gGjSVXgqzLwWgoBHbvkoEYSPEHTMssoQHb\x0a</data></write>
    <read><length>18</length><match><data>\x09Enter auth key: \x00</data></match></read>
    <write><var>authkey</var></write>
    <read><length>83</length><match><data>15: Main Menu\x0a\x0020. Close Voting\x0a\x0022. Election Status\x0a\x0054. Add Candidate\x0a\x0095. Quit\x0a\x00</data></match></read>
    <read><length>19</length><match><data>Choose an option: \x00</data></match></read>
    <write><data>54\x0a</data></write>
    <read><length>24</length><match><data>\x23\x23 Create candidate \x23\x23\x0a\x00</data></match></read>
    <read><length>20</length><match><data>\x09Enter first name: \x00</data></match></read>
    <write><data>WNnmjiTRwFCEVAddmheJBIOJwMqXImejSUJoWAlRzdxf\x0a</data></write>
    <read><length>19</length><match><data>\x09Enter last name: \x00</data></match></read>
    <write><data>gexySGTOBvlVLMUN\x0a</data></write>
    <read><length>18</length><match><data>Candidate Added.\x0a\x00</data></match></read>
    <read><length>41</length><match><data>14: Login\x0a\x0038. Register Voter\x0a\x0095. Quit\x0a\x00</data></match></read>
    <read><length>19</length><match><data>Choose an option: \x00</data></match></read>
    <write><data>14\x0a</data></write>
    <read><length>24</length><match><data>\x09Enter your ID number: \x00</data></match></read>
    <write><data>10101010\x0a</data></write>
    <read><length>19</length><match><data>\x09Enter last name: \x00</data></match></read>
    <write><data>gGjSVXgqzLwWgoBHbvkoEYSPEHTMssoQHb\x0a</data></write>
    <read><length>18</length><match><data>\x09Enter auth key: \x00</data></match></read>
    <write><var>authkey</var></write>
    <read><length>83</length><match><data>15: Main Menu\x0a\x0020. Close Voting\x0a\x0022. Election Status\x0a\x0054. Add Candidate\x0a\x0095. Quit\x0a\x00</data></match></read>
    <read><length>19</length><match><data>Choose an option: \x00</data></match></read>
    <write><data>54\x0a</data></write>
    <read><length>24</length><match><data>\x23\x23 Create candidate \x23\x23\x0a\x00</data></match></read>
    <read><length>20</length><match><data>\x09Enter first name: \x00</data></match></read>
    <write><data>NcsnTfBZy\x0a</data></write>
    <read><length>19</length><match><data>\x09Enter last name: \x00</data></match></read>
    <write><data>wWOSDXFzcbVapoaWSgzWi\x0a</data></write>
    <read><length>18</length><match><data>Candidate Added.\x0a\x00</data></match></read>
    <read><length>41</length><match><data>14: Login\x0a\x0038. Register Voter\x0a\x0095. Quit\x0a\x00</data></match></read>
    <read><length>19</length><match><data>Choose an option: \x00</data></match></read>
    <write><data>14\x0a</data></write>
    <read><length>24</length><match><data>\x09Enter your ID number: \x00</data></match></read>
    <write><data>12341236\x0a</data></write>
    <read><length>19</length><match><data>\x09Enter last name: \x00</data></match></read>
    <write><data>ITpeFfqlXRnOkTDniOJDFfZKXFt\x0a</data></write>
    <read><length>54</length><match><data>15: Main Menu\x0a\x0036. Vote\x0a\x0054. Add Candidate\x0a\x0095. Quit\x0a\x00</data></match></read>
    <read><length>19</length><match><data>Choose an option: \x00</data></match></read>
    <write><data>54\x0a</data></write>
    <read><length>24</length><match><data>\x23\x23 Create candidate \x23\x23\x0a\x00</data></match></read>
    <read><length>20</length><match><data>\x09Enter first name: \x00</data></match></read>
    <write><data>xnRcvMSQPxzcKsxeDNKoptpziUicBzNEvijvoFRo\x0a</data></write>
    <read><length>19</length><match><data>\x09Enter last name: \x00</data></match></read>
    <write><data>peedvyLdWUAKTOSyvSclrNgLFpjrubzUBCbwXC\x0a</data></write>
    <read><length>18</length><match><data>Candidate Added.\x0a\x00</data></match></read>
    <read><length>41</length><match><data>14: Login\x0a\x0038. Register Voter\x0a\x0095. Quit\x0a\x00</data></match></read>
    <read><length>19</length><match><data>Choose an option: \x00</data></match></read>
    <write><data>14\x0a</data></write>
    <read><length>24</length><match><data>\x09Enter your ID number: \x00</data></match></read>
    <write><data>10101010\x0a</data></write>
    <read><length>19</length><match><data>\x09Enter last name: \x00</data></match></read>
    <write><data>gGjSVXgqzLwWgoBHbvkoEYSPEHTMssoQHb\x0a</data></write>
    <read><length>18</length><match><data>\x09Enter auth key: \x00</data></match></read>
    <write><var>authkey</var></write>
    <read><length>83</length><match><data>15: Main Menu\x0a\x0020. Close Voting\x0a\x0022. Election Status\x0a\x0054. Add Candidate\x0a\x0095. Quit\x0a\x00</data></match></read>
    <read><length>19</length><match><data>Choose an option: \x00</data></match></read>
    <write><data>54\x0a</data></write>
    <read><length>24</length><match><data>\x23\x23 Create candidate \x23\x23\x0a\x00</data></match></read>
    <read><length>20</length><match><data>\x09Enter first name: \x00</data></match></read>
    <write><data>CCWIxwpPRymEEDGyyynqMhaMVS\x0a</data></write>
    <read><length>19</length><match><data>\x09Enter last name: \x00</data></match></read>
    <write><data>sDMculxIHyoQLlmztMpLXSxzBdEHjLzFSqoyeyN\x0a</data></write>
    <read><length>18</length><match><data>Candidate Added.\x0a\x00</data></match></read>
    <read><length>41</length><match><data>14: Login\x0a\x0038. Register Voter\x0a\x0095. Quit\x0a\x00</data></match></read>
    <read><length>19</length><match><data>Choose an option: \x00</data></match></read>
    <write><data>14\x0a</data></write>
    <read><length>24</length><match><data>\x09Enter your ID number: \x00</data></match></read>
    <write><data>10101010\x0a</data></write>
    <read><length>19</length><match><data>\x09Enter last name: \x00</data></match></read>
    <write><data>gGjSVXgqzLwWgoBHbvkoEYSPEHTMssoQHb\x0a</data></write>
    <read><length>18</length><match><data>\x09Enter auth key: \x00</data></match></read>
    <write><var>authkey</var></write>
    <read><length>83</length><match><data>15: Main Menu\x0a\x0020. Close Voting\x0a\x0022. Election Status\x0a\x0054. Add Candidate\x0a\x0095. Quit\x0a\x00</data></match></read>
    <read><length>19</length><match><data>Choose an option: \x00</data></match></read>
    <write><data>54\x0a</data></write>
    <read><length>24</length><match><data>\x23\x23 Create candidate \x23\x23\x0a\x00</data></match></read>
    <read><length>20</length><match><data>\x09Enter first name: \x00</data></match></read>
    <write><data>vNQVEjpXuGnxcBaPJKfJWYSLCsxQXhbxAZMmYINQSdSdfd\x0a</data></write>
    <read><length>19</length><match><data>\x09Enter last name: \x00</data></match></read>
    <write><data>NZGAatWEjSBawardV\x0a</data></write>
    <read><length>18</length><match><data>Candidate Added.\x0a\x00</data></match></read>
    <read><length>41</length><match><data>14: Login\x0a\x0038. Register Voter\x0a\x0095. Quit\x0a\x00</data></match></read>
    <read><length>19</length><match><data>Choose an option: \x00</data></match></read>
    <write><data>14\x0a</data></write>
    <read><length>24</length><match><data>\x09Enter your ID number: \x00</data></match></read>
    <write><data>12341247\x0a</data></write>
    <read><length>19</length><match><data>\x09Enter last name: \x00</data></match></read>
    <write><data>lAbWTEZYavMqfVtcPMnfEdvVUvsgJWERkyTi\x0a</data></write>
    <read><length>54</length><match><data>15: Main Menu\x0a\x0036. Vote\x0a\x0054. Add Candidate\x0a\x0095. Quit\x0a\x00</data></match></read>
    <read><length>19</length><match><data>Choose an option: \x00</data></match></read>
    <write><data>54\x0a</data></write>
    <read><length>24</length><match><data>\x23\x23 Create candidate \x23\x23\x0a\x00</data></match></read>
    <read><length>20</length><match><data>\x09Enter first name: \x00</data></match></read>
    <write><data>YSEcOGhLYVaoj\x0a</data></write>
    <read><length>19</length><match><data>\x09Enter last name: \x00</data></match></read>
    <write><data>wwWgUitKqTnczVkICITmGKvvkRArEYWD\x0a</data></write>
    <read><length>18</length><match><data>Candidate Added.\x0a\x00</data></match></read>
    <read><length>41</length><match><data>14: Login\x0a\x0038. Register Voter\x0a\x0095. Quit\x0a\x00</data></match></read>
    <read><length>19</length><match><data>Choose an option: \x00</data></match></read>
    <write><data>14\x0a</data></write>
    <read><length>24</length><match><data>\x09Enter your ID number: \x00</data></match></read>
    <write><data>10101010\x0a</data></write>
    <read><length>19</length><match><data>\x09Enter last name: \x00</data></match></read>
    <write><data>gGjSVXgqzLwWgoBHbvkoEYSPEHTMssoQHb\x0a</data></write>
    <read><length>18</length><match><data>\x09Enter auth key: \x00</data></match></read>
    <write><var>authkey</var></write>
    <read><length>83</length><match><data>15: Main Menu\x0a\x0020. Close Voting\x0a\x0022. Election Status\x0a\x0054. Add Candidate\x0a\x0095. Quit\x0a\x00</data></match></read>
    <read><length>19</length><match><data>Choose an option: \x00</data></match></read>
    <write><data>54\x0a</data></write>
    <read><length>24</length><match><data>\x23\x23 Create candidate \x23\x23\x0a\x00</data></match></read>
    <read><length>20</length><match><data>\x09Enter first name: \x00</data></match></read>
    <write><data>oVdYGVvLMAALlBoH\x0a</data></write>
    <read><length>19</length><match><data>\x09Enter last name: \x00</data></match></read>
    <write><data>aCphMrHxNrapkOUSrSsegfrLYvmNGHUABHaMKOZZiWkInO\x0a</data></write>
    <read><length>18</length><match><data>Candidate Added.\x0a\x00</data></match></read>
    <read><length>41</length><match><data>14: Login\x0a\x0038. Register Voter\x0a\x0095. Quit\x0a\x00</data></match></read>
    <read><length>19</length><match><data>Choose an option: \x00</data></match></read>
    <write><data>14\x0a</data></write>
    <read><length>24</length><match><data>\x09Enter your ID number: \x00</data></match></read>
    <write><data>10101010\x0a</data></write>
    <read><length>19</length><match><data>\x09Enter last name: \x00</data></match></read>
    <write><data>gGjSVXgqzLwWgoBHbvkoEYSPEHTMssoQHb\x0a</data></write>
    <read><length>18</length><match><data>\x09Enter auth key: \x00</data></match></read>
    <write><var>authkey</var></write>
    <read><length>83</length><match><data>15: Main Menu\x0a\x0020. Close Voting\x0a\x0022. Election Status\x0a\x0054. Add Candidate\x0a\x0095. Quit\x0a\x00</data></match></read>
    <read><length>19</length><match><data>Choose an option: \x00</data></match></read>
    <write><data>54\x0a</data></write>
    <read><length>24</length><match><data>\x23\x23 Create candidate \x23\x23\x0a\x00</data></match></read>
    <read><length>20</length><match><data>\x09Enter first name: \x00</data></match></read>
    <write><data>BRGgRmYcxmYiWWdMICqtmSBERaMELNhxuGiaLiwFGXfi\x0a</data></write>
    <read><length>19</length><match><data>\x09Enter last name: \x00</data></match></read>
    <write><data>LgdjQtieDCnZ\x0a</data></write>
    <read><length>18</length><match><data>Candidate Added.\x0a\x00</data></match></read>
    <read><length>41</length><match><data>14: Login\x0a\x0038. Register Voter\x0a\x0095. Quit\x0a\x00</data></match></read>
    <read><length>19</length><match><data>Choose an option: \x00</data></match></read>
    <write><data>14\x0a</data></write>
    <read><length>24</length><match><data>\x09Enter your ID number: \x00</data></match></read>
    <write><data>10101010\x0a</data></write>
    <read><length>19</length><match><data>\x09Enter last name: \x00</data></match></read>
    <write><data>gGjSVXgqzLwWgoBHbvkoEYSPEHTMssoQHb\x0a</data></write>
    <read><length>18</length><match><data>\x09Enter auth key: \x00</data></match></read>
    <write><var>authkey</var></write>
    <read><length>83</length><match><data>15: Main Menu\x0a\x0020. Close Voting\x0a\x0022. Election Status\x0a\x0054. Add Candidate\x0a\x0095. Quit\x0a\x00</data></match></read>
    <read><length>19</length><match><data>Choose an option: \x00</data></match></read>
    <write><data>54\x0a</data></write>
    <read><length>24</length><match><data>\x23\x23 Create candidate \x23\x23\x0a\x00</data></match></read>
    <read><length>20</length><match><data>\x09Enter first name: \x00</data></match></read>
    <write><data>uhdcWWnBTvMMRXWBWGPTEsBXtFnoVwQIChGPH\x0a</data></write>
    <read><length>19</length><match><data>\x09Enter last name: \x00</data></match></read>
    <write><data>ZeOoLXEeQHAxYbfFsQkPjbTGIHh\x0a</data></write>
    <read><length>18</length><match><data>Candidate Added.\x0a\x00</data></match></read>
    <read><length>41</length><match><data>14: Login\x0a\x0038. Register Voter\x0a\x0095. Quit\x0a\x00</data></match></read>
    <read><length>19</length><match><data>Choose an option: \x00</data></match></read>
    <write><data>14\x0a</data></write>
    <read><length>24</length><match><data>\x09Enter your ID number: \x00</data></match></read>
    <write><data>12341238\x0a</data></write>
    <read><length>19</length><match><data>\x09Enter last name: \x00</data></match></read>
    <write><data>KVxULGfhQtaGTFiwKojKOupMneVnnMeGrERdvagkNl\x0a</data></write>
    <read><length>35</length><match><data>15: Main Menu\x0a\x0036. Vote\x0a\x0095. Quit\x0a\x00</data></match></read>
    <read><length>19</length><match><data>Choose an option: \x00</data></match></read>
    <write><data>36\x0a</data></write>
    <read><length>43</length><match><data>Select one candidate from the folloowing:\x0a\x00</data></match></read>
    <read><length>88</length><match><data>\x091: cGwqowFAlSzpHbUIHtsiyarISUbOlqXotgdNJA qlzcSQLdAKBakgzgntBxHJFChZobdJmwbjznDCDofwVO\x0a</data></match></read>
    <read><length>78</length><match><data>\x092: SdnqmuQMgdzmClhlVzFeHDjQpR ZybSKchHlFUVdlTvfHaeWhnGZmmNemfOmJhjIOAwIiAiqS\x0a</data></match></read>
    <read><length>57</length><match><data>\x093: ZimqnesPluEcUStRIKCbfzJa KqeTIjNWOBMvDtZWodWxKMiXSmT\x0a</data></match></read>
    <read><length>52</length><match><data>\x094: DDpiMSafPIHgjhOkJIVjobkwsjJfKmgTz tlShTCwqBdagM\x0a</data></match></read>
    <read><length>47</length><match><data>\x095: hYGszHqHXAEe MclTXNxmhQwdIJwFPUTFmbWviJbTH\x0a</data></match></read>
    <read><length>57</length><match><data>\x096: DkSHTMXya spoitrUvRiSiagkmGbUAtYEeAfeWjDtxhIjKFEiVwR\x0a</data></match></read>
    <read><length>68</length><match><data>\x097: KtGTcDwNyrkXvyEZVnhoevUmUKGZWMKD xtvDcXrRXsoxWGZxIvPjwSRDGrNLfr\x0a</data></match></read>
    <read><length>97</length><match><data>\x098: BXZjJFHuBpHQcOlujosgAHhJROmoHTBxnowcLAWIhBaclK coERJcKWuJoJgeYkudbYVYGlpXqIlAcxXgxMsvYgvpuiO\x0a</data></match></read>
    <read><length>66</length><match><data>\x099: LXxoxQYrDFaJfChqgdhNQPaTLd hscWyvgKcPwuzDqhgFCIJhAlyGQdiFsONf\x0a</data></match></read>
    <read><length>78</length><match><data>\x0910: vwocQaxYMhtsgvgDwCXjrcACpxmlToa WuxuEbXYCRgyRClNZiWRMzIwYNeHUlOlCVWBcLyA\x0a</data></match></read>
    <read><length>67</length><match><data>\x0911: WNnmjiTRwFCEVAddmheJBIOJwMqXImejSUJoWAlRzdxf gexySGTOBvlVLMUN\x0a</data></match></read>
    <read><length>37</length><match><data>\x0912: NcsnTfBZy wWOSDXFzcbVapoaWSgzWi\x0a</data></match></read>
    <read><length>85</length><match><data>\x0913: xnRcvMSQPxzcKsxeDNKoptpziUicBzNEvijvoFRo peedvyLdWUAKTOSyvSclrNgLFpjrubzUBCbwXC\x0a</data></match></read>
    <read><length>72</length><match><data>\x0914: CCWIxwpPRymEEDGyyynqMhaMVS sDMculxIHyoQLlmztMpLXSxzBdEHjLzFSqoyeyN\x0a</data></match></read>
    <read><length>70</length><match><data>\x0915: vNQVEjpXuGnxcBaPJKfJWYSLCsxQXhbxAZMmYINQSdSdfd NZGAatWEjSBawardV\x0a</data></match></read>
    <read><length>52</length><match><data>\x0916: YSEcOGhLYVaoj wwWgUitKqTnczVkICITmGKvvkRArEYWD\x0a</data></match></read>
    <read><length>69</length><match><data>\x0917: oVdYGVvLMAALlBoH aCphMrHxNrapkOUSrSsegfrLYvmNGHUABHaMKOZZiWkInO\x0a</data></match></read>
    <read><length>63</length><match><data>\x0918: BRGgRmYcxmYiWWdMICqtmSBERaMELNhxuGiaLiwFGXfi LgdjQtieDCnZ\x0a</data></match></read>
    <read><length>71</length><match><data>\x0919: uhdcWWnBTvMMRXWBWGPTEsBXtFnoVwQIChGPH ZeOoLXEeQHAxYbfFsQkPjbTGIHh\x0a</data></match></read>
    <read><length>19</length><match><data>Choose an option: \x00</data></match></read>
    <write><data>14\x0a</data></write>
    <read><length>14</length><match><data>Confirmation \x23</data></match></read>
    <read><delim>.</delim><assign> <var>voteid12341238</var> <slice begin="0" /> </assign></read>
    <read><length>98</length><match><data> Vote recorded for candidate: CCWIxwpPRymEEDGyyynqMhaMVS sDMculxIHyoQLlmztMpLXSxzBdEHjLzFSqoyeyN.\x0a</data></match></read>
    <read><length>41</length><match><data>14: Login\x0a\x0038. Register Voter\x0a\x0095. Quit\x0a\x00</data></match></read>
    <read><length>19</length><match><data>Choose an option: \x00</data></match></read>
    <write><data>14\x0a</data></write>
    <read><length>24</length><match><data>\x09Enter your ID number: \x00</data></match></read>
    <write><data>12341247\x0a</data></write>
    <read><length>19</length><match><data>\x09Enter last name: \x00</data></match></read>
    <write><data>lAbWTEZYavMqfVtcPMnfEdvVUvsgJWERkyTi\x0a</data></write>
    <read><length>35</length><match><data>15: Main Menu\x0a\x0036. Vote\x0a\x0095. Quit\x0a\x00</data></match></read>
    <read><length>19</length><match><data>Choose an option: \x00</data></match></read>
    <write><data>36\x0a</data></write>
    <read><length>43</length><match><data>Select one candidate from the folloowing:\x0a\x00</data></match></read>
    <read><length>88</length><match><data>\x091: cGwqowFAlSzpHbUIHtsiyarISUbOlqXotgdNJA qlzcSQLdAKBakgzgntBxHJFChZobdJmwbjznDCDofwVO\x0a</data></match></read>
    <read><length>78</length><match><data>\x092: SdnqmuQMgdzmClhlVzFeHDjQpR ZybSKchHlFUVdlTvfHaeWhnGZmmNemfOmJhjIOAwIiAiqS\x0a</data></match></read>
    <read><length>57</length><match><data>\x093: ZimqnesPluEcUStRIKCbfzJa KqeTIjNWOBMvDtZWodWxKMiXSmT\x0a</data></match></read>
    <read><length>52</length><match><data>\x094: DDpiMSafPIHgjhOkJIVjobkwsjJfKmgTz tlShTCwqBdagM\x0a</data></match></read>
    <read><length>47</length><match><data>\x095: hYGszHqHXAEe MclTXNxmhQwdIJwFPUTFmbWviJbTH\x0a</data></match></read>
    <read><length>57</length><match><data>\x096: DkSHTMXya spoitrUvRiSiagkmGbUAtYEeAfeWjDtxhIjKFEiVwR\x0a</data></match></read>
    <read><length>68</length><match><data>\x097: KtGTcDwNyrkXvyEZVnhoevUmUKGZWMKD xtvDcXrRXsoxWGZxIvPjwSRDGrNLfr\x0a</data></match></read>
    <read><length>97</length><match><data>\x098: BXZjJFHuBpHQcOlujosgAHhJROmoHTBxnowcLAWIhBaclK coERJcKWuJoJgeYkudbYVYGlpXqIlAcxXgxMsvYgvpuiO\x0a</data></match></read>
    <read><length>66</length><match><data>\x099: LXxoxQYrDFaJfChqgdhNQPaTLd hscWyvgKcPwuzDqhgFCIJhAlyGQdiFsONf\x0a</data></match></read>
    <read><length>78</length><match><data>\x0910: vwocQaxYMhtsgvgDwCXjrcACpxmlToa WuxuEbXYCRgyRClNZiWRMzIwYNeHUlOlCVWBcLyA\x0a</data></match></read>
    <read><length>67</length><match><data>\x0911: WNnmjiTRwFCEVAddmheJBIOJwMqXImejSUJoWAlRzdxf gexySGTOBvlVLMUN\x0a</data></match></read>
    <read><length>37</length><match><data>\x0912: NcsnTfBZy wWOSDXFzcbVapoaWSgzWi\x0a</data></match></read>
    <read><length>85</length><match><data>\x0913: xnRcvMSQPxzcKsxeDNKoptpziUicBzNEvijvoFRo peedvyLdWUAKTOSyvSclrNgLFpjrubzUBCbwXC\x0a</data></match></read>
    <read><length>72</length><match><data>\x0914: CCWIxwpPRymEEDGyyynqMhaMVS sDMculxIHyoQLlmztMpLXSxzBdEHjLzFSqoyeyN\x0a</data></match></read>
    <read><length>70</length><match><data>\x0915: vNQVEjpXuGnxcBaPJKfJWYSLCsxQXhbxAZMmYINQSdSdfd NZGAatWEjSBawardV\x0a</data></match></read>
    <read><length>52</length><match><data>\x0916: YSEcOGhLYVaoj wwWgUitKqTnczVkICITmGKvvkRArEYWD\x0a</data></match></read>
    <read><length>69</length><match><data>\x0917: oVdYGVvLMAALlBoH aCphMrHxNrapkOUSrSsegfrLYvmNGHUABHaMKOZZiWkInO\x0a</data></match></read>
    <read><length>63</length><match><data>\x0918: BRGgRmYcxmYiWWdMICqtmSBERaMELNhxuGiaLiwFGXfi LgdjQtieDCnZ\x0a</data></match></read>
    <read><length>71</length><match><data>\x0919: uhdcWWnBTvMMRXWBWGPTEsBXtFnoVwQIChGPH ZeOoLXEeQHAxYbfFsQkPjbTGIHh\x0a</data></match></read>
    <read><length>19</length><match><data>Choose an option: \x00</data></match></read>
    <write><data>12\x0a</data></write>
    <read><length>14</length><match><data>Confirmation \x23</data></match></read>
    <read><delim>.</delim><assign> <var>voteid12341247</var> <slice begin="0" /> </assign></read>
    <read><length>63</length><match><data> Vote recorded for candidate: NcsnTfBZy wWOSDXFzcbVapoaWSgzWi.\x0a</data></match></read>
    <read><length>41</length><match><data>14: Login\x0a\x0038. Register Voter\x0a\x0095. Quit\x0a\x00</data></match></read>
    <read><length>19</length><match><data>Choose an option: \x00</data></match></read>
    <write><data>14\x0a</data></write>
    <read><length>24</length><match><data>\x09Enter your ID number: \x00</data></match></read>
    <write><data>12341238\x0a</data></write>
    <read><length>19</length><match><data>\x09Enter last name: \x00</data></match></read>
    <write><data>KVxULGfhQtaGTFiwKojKOupMneVnnMeGrERdvagkNl\x0a</data></write>
    <read><length>35</length><match><data>15: Main Menu\x0a\x0036. Vote\x0a\x0095. Quit\x0a\x00</data></match></read>
    <read><length>19</length><match><data>Choose an option: \x00</data></match></read>
    <write><data>36\x0a</data></write>
    <read><length>43</length><match><data>Select one candidate from the folloowing:\x0a\x00</data></match></read>
    <read><length>88</length><match><data>\x091: cGwqowFAlSzpHbUIHtsiyarISUbOlqXotgdNJA qlzcSQLdAKBakgzgntBxHJFChZobdJmwbjznDCDofwVO\x0a</data></match></read>
    <read><length>78</length><match><data>\x092: SdnqmuQMgdzmClhlVzFeHDjQpR ZybSKchHlFUVdlTvfHaeWhnGZmmNemfOmJhjIOAwIiAiqS\x0a</data></match></read>
    <read><length>57</length><match><data>\x093: ZimqnesPluEcUStRIKCbfzJa KqeTIjNWOBMvDtZWodWxKMiXSmT\x0a</data></match></read>
    <read><length>52</length><match><data>\x094: DDpiMSafPIHgjhOkJIVjobkwsjJfKmgTz tlShTCwqBdagM\x0a</data></match></read>
    <read><length>47</length><match><data>\x095: hYGszHqHXAEe MclTXNxmhQwdIJwFPUTFmbWviJbTH\x0a</data></match></read>
    <read><length>57</length><match><data>\x096: DkSHTMXya spoitrUvRiSiagkmGbUAtYEeAfeWjDtxhIjKFEiVwR\x0a</data></match></read>
    <read><length>68</length><match><data>\x097: KtGTcDwNyrkXvyEZVnhoevUmUKGZWMKD xtvDcXrRXsoxWGZxIvPjwSRDGrNLfr\x0a</data></match></read>
    <read><length>97</length><match><data>\x098: BXZjJFHuBpHQcOlujosgAHhJROmoHTBxnowcLAWIhBaclK coERJcKWuJoJgeYkudbYVYGlpXqIlAcxXgxMsvYgvpuiO\x0a</data></match></read>
    <read><length>66</length><match><data>\x099: LXxoxQYrDFaJfChqgdhNQPaTLd hscWyvgKcPwuzDqhgFCIJhAlyGQdiFsONf\x0a</data></match></read>
    <read><length>78</length><match><data>\x0910: vwocQaxYMhtsgvgDwCXjrcACpxmlToa WuxuEbXYCRgyRClNZiWRMzIwYNeHUlOlCVWBcLyA\x0a</data></match></read>
    <read><length>67</length><match><data>\x0911: WNnmjiTRwFCEVAddmheJBIOJwMqXImejSUJoWAlRzdxf gexySGTOBvlVLMUN\x0a</data></match></read>
    <read><length>37</length><match><data>\x0912: NcsnTfBZy wWOSDXFzcbVapoaWSgzWi\x0a</data></match></read>
    <read><length>85</length><match><data>\x0913: xnRcvMSQPxzcKsxeDNKoptpziUicBzNEvijvoFRo peedvyLdWUAKTOSyvSclrNgLFpjrubzUBCbwXC\x0a</data></match></read>
    <read><length>72</length><match><data>\x0914: CCWIxwpPRymEEDGyyynqMhaMVS sDMculxIHyoQLlmztMpLXSxzBdEHjLzFSqoyeyN\x0a</data></match></read>
    <read><length>70</length><match><data>\x0915: vNQVEjpXuGnxcBaPJKfJWYSLCsxQXhbxAZMmYINQSdSdfd NZGAatWEjSBawardV\x0a</data></match></read>
    <read><length>52</length><match><data>\x0916: YSEcOGhLYVaoj wwWgUitKqTnczVkICITmGKvvkRArEYWD\x0a</data></match></read>
    <read><length>69</length><match><data>\x0917: oVdYGVvLMAALlBoH aCphMrHxNrapkOUSrSsegfrLYvmNGHUABHaMKOZZiWkInO\x0a</data></match></read>
    <read><length>63</length><match><data>\x0918: BRGgRmYcxmYiWWdMICqtmSBERaMELNhxuGiaLiwFGXfi LgdjQtieDCnZ\x0a</data></match></read>
    <read><length>71</length><match><data>\x0919: uhdcWWnBTvMMRXWBWGPTEsBXtFnoVwQIChGPH ZeOoLXEeQHAxYbfFsQkPjbTGIHh\x0a</data></match></read>
    <read><length>19</length><match><data>Choose an option: \x00</data></match></read>
    <write><data>4\x0a</data></write>
    <read><length>14</length><match><data>Confirmation \x23</data></match></read>
    <read><delim>.</delim><assign> <var>voteid12341238</var> <slice begin="0" /> </assign></read>
    <read><length>79</length><match><data> Vote recorded for candidate: DDpiMSafPIHgjhOkJIVjobkwsjJfKmgTz tlShTCwqBdagM.\x0a</data></match></read>
    <read><length>41</length><match><data>14: Login\x0a\x0038. Register Voter\x0a\x0095. Quit\x0a\x00</data></match></read>
    <read><length>19</length><match><data>Choose an option: \x00</data></match></read>
    <write><data>14\x0a</data></write>
    <read><length>24</length><match><data>\x09Enter your ID number: \x00</data></match></read>
    <write><data>12341246\x0a</data></write>
    <read><length>19</length><match><data>\x09Enter last name: \x00</data></match></read>
    <write><data>alXMzakfBy\x0a</data></write>
    <read><length>35</length><match><data>15: Main Menu\x0a\x0036. Vote\x0a\x0095. Quit\x0a\x00</data></match></read>
    <read><length>19</length><match><data>Choose an option: \x00</data></match></read>
    <write><data>36\x0a</data></write>
    <read><length>43</length><match><data>Select one candidate from the folloowing:\x0a\x00</data></match></read>
    <read><length>88</length><match><data>\x091: cGwqowFAlSzpHbUIHtsiyarISUbOlqXotgdNJA qlzcSQLdAKBakgzgntBxHJFChZobdJmwbjznDCDofwVO\x0a</data></match></read>
    <read><length>78</length><match><data>\x092: SdnqmuQMgdzmClhlVzFeHDjQpR ZybSKchHlFUVdlTvfHaeWhnGZmmNemfOmJhjIOAwIiAiqS\x0a</data></match></read>
    <read><length>57</length><match><data>\x093: ZimqnesPluEcUStRIKCbfzJa KqeTIjNWOBMvDtZWodWxKMiXSmT\x0a</data></match></read>
    <read><length>52</length><match><data>\x094: DDpiMSafPIHgjhOkJIVjobkwsjJfKmgTz tlShTCwqBdagM\x0a</data></match></read>
    <read><length>47</length><match><data>\x095: hYGszHqHXAEe MclTXNxmhQwdIJwFPUTFmbWviJbTH\x0a</data></match></read>
    <read><length>57</length><match><data>\x096: DkSHTMXya spoitrUvRiSiagkmGbUAtYEeAfeWjDtxhIjKFEiVwR\x0a</data></match></read>
    <read><length>68</length><match><data>\x097: KtGTcDwNyrkXvyEZVnhoevUmUKGZWMKD xtvDcXrRXsoxWGZxIvPjwSRDGrNLfr\x0a</data></match></read>
    <read><length>97</length><match><data>\x098: BXZjJFHuBpHQcOlujosgAHhJROmoHTBxnowcLAWIhBaclK coERJcKWuJoJgeYkudbYVYGlpXqIlAcxXgxMsvYgvpuiO\x0a</data></match></read>
    <read><length>66</length><match><data>\x099: LXxoxQYrDFaJfChqgdhNQPaTLd hscWyvgKcPwuzDqhgFCIJhAlyGQdiFsONf\x0a</data></match></read>
    <read><length>78</length><match><data>\x0910: vwocQaxYMhtsgvgDwCXjrcACpxmlToa WuxuEbXYCRgyRClNZiWRMzIwYNeHUlOlCVWBcLyA\x0a</data></match></read>
    <read><length>67</length><match><data>\x0911: WNnmjiTRwFCEVAddmheJBIOJwMqXImejSUJoWAlRzdxf gexySGTOBvlVLMUN\x0a</data></match></read>
    <read><length>37</length><match><data>\x0912: NcsnTfBZy wWOSDXFzcbVapoaWSgzWi\x0a</data></match></read>
    <read><length>85</length><match><data>\x0913: xnRcvMSQPxzcKsxeDNKoptpziUicBzNEvijvoFRo peedvyLdWUAKTOSyvSclrNgLFpjrubzUBCbwXC\x0a</data></match></read>
    <read><length>72</length><match><data>\x0914: CCWIxwpPRymEEDGyyynqMhaMVS sDMculxIHyoQLlmztMpLXSxzBdEHjLzFSqoyeyN\x0a</data></match></read>
    <read><length>70</length><match><data>\x0915: vNQVEjpXuGnxcBaPJKfJWYSLCsxQXhbxAZMmYINQSdSdfd NZGAatWEjSBawardV\x0a</data></match></read>
    <read><length>52</length><match><data>\x0916: YSEcOGhLYVaoj wwWgUitKqTnczVkICITmGKvvkRArEYWD\x0a</data></match></read>
    <read><length>69</length><match><data>\x0917: oVdYGVvLMAALlBoH aCphMrHxNrapkOUSrSsegfrLYvmNGHUABHaMKOZZiWkInO\x0a</data></match></read>
    <read><length>63</length><match><data>\x0918: BRGgRmYcxmYiWWdMICqtmSBERaMELNhxuGiaLiwFGXfi LgdjQtieDCnZ\x0a</data></match></read>
    <read><length>71</length><match><data>\x0919: uhdcWWnBTvMMRXWBWGPTEsBXtFnoVwQIChGPH ZeOoLXEeQHAxYbfFsQkPjbTGIHh\x0a</data></match></read>
    <read><length>19</length><match><data>Choose an option: \x00</data></match></read>
    <write><data>8\x0a</data></write>
    <read><length>14</length><match><data>Confirmation \x23</data></match></read>
    <read><delim>.</delim><assign> <var>voteid12341246</var> <slice begin="0" /> </assign></read>
    <read><length>124</length><match><data> Vote recorded for candidate: BXZjJFHuBpHQcOlujosgAHhJROmoHTBxnowcLAWIhBaclK coERJcKWuJoJgeYkudbYVYGlpXqIlAcxXgxMsvYgvpuiO.\x0a</data></match></read>
    <read><length>41</length><match><data>14: Login\x0a\x0038. Register Voter\x0a\x0095. Quit\x0a\x00</data></match></read>
    <read><length>19</length><match><data>Choose an option: \x00</data></match></read>
    <write><data>14\x0a</data></write>
    <read><length>24</length><match><data>\x09Enter your ID number: \x00</data></match></read>
    <write><data>12341245\x0a</data></write>
    <read><length>19</length><match><data>\x09Enter last name: \x00</data></match></read>
    <write><data>eeSKYfzFN\x0a</data></write>
    <read><length>35</length><match><data>15: Main Menu\x0a\x0036. Vote\x0a\x0095. Quit\x0a\x00</data></match></read>
    <read><length>19</length><match><data>Choose an option: \x00</data></match></read>
    <write><data>36\x0a</data></write>
    <read><length>43</length><match><data>Select one candidate from the folloowing:\x0a\x00</data></match></read>
    <read><length>88</length><match><data>\x091: cGwqowFAlSzpHbUIHtsiyarISUbOlqXotgdNJA qlzcSQLdAKBakgzgntBxHJFChZobdJmwbjznDCDofwVO\x0a</data></match></read>
    <read><length>78</length><match><data>\x092: SdnqmuQMgdzmClhlVzFeHDjQpR ZybSKchHlFUVdlTvfHaeWhnGZmmNemfOmJhjIOAwIiAiqS\x0a</data></match></read>
    <read><length>57</length><match><data>\x093: ZimqnesPluEcUStRIKCbfzJa KqeTIjNWOBMvDtZWodWxKMiXSmT\x0a</data></match></read>
    <read><length>52</length><match><data>\x094: DDpiMSafPIHgjhOkJIVjobkwsjJfKmgTz tlShTCwqBdagM\x0a</data></match></read>
    <read><length>47</length><match><data>\x095: hYGszHqHXAEe MclTXNxmhQwdIJwFPUTFmbWviJbTH\x0a</data></match></read>
    <read><length>57</length><match><data>\x096: DkSHTMXya spoitrUvRiSiagkmGbUAtYEeAfeWjDtxhIjKFEiVwR\x0a</data></match></read>
    <read><length>68</length><match><data>\x097: KtGTcDwNyrkXvyEZVnhoevUmUKGZWMKD xtvDcXrRXsoxWGZxIvPjwSRDGrNLfr\x0a</data></match></read>
    <read><length>97</length><match><data>\x098: BXZjJFHuBpHQcOlujosgAHhJROmoHTBxnowcLAWIhBaclK coERJcKWuJoJgeYkudbYVYGlpXqIlAcxXgxMsvYgvpuiO\x0a</data></match></read>
    <read><length>66</length><match><data>\x099: LXxoxQYrDFaJfChqgdhNQPaTLd hscWyvgKcPwuzDqhgFCIJhAlyGQdiFsONf\x0a</data></match></read>
    <read><length>78</length><match><data>\x0910: vwocQaxYMhtsgvgDwCXjrcACpxmlToa WuxuEbXYCRgyRClNZiWRMzIwYNeHUlOlCVWBcLyA\x0a</data></match></read>
    <read><length>67</length><match><data>\x0911: WNnmjiTRwFCEVAddmheJBIOJwMqXImejSUJoWAlRzdxf gexySGTOBvlVLMUN\x0a</data></match></read>
    <read><length>37</length><match><data>\x0912: NcsnTfBZy wWOSDXFzcbVapoaWSgzWi\x0a</data></match></read>
    <read><length>85</length><match><data>\x0913: xnRcvMSQPxzcKsxeDNKoptpziUicBzNEvijvoFRo peedvyLdWUAKTOSyvSclrNgLFpjrubzUBCbwXC\x0a</data></match></read>
    <read><length>72</length><match><data>\x0914: CCWIxwpPRymEEDGyyynqMhaMVS sDMculxIHyoQLlmztMpLXSxzBdEHjLzFSqoyeyN\x0a</data></match></read>
    <read><length>70</length><match><data>\x0915: vNQVEjpXuGnxcBaPJKfJWYSLCsxQXhbxAZMmYINQSdSdfd NZGAatWEjSBawardV\x0a</data></match></read>
    <read><length>52</length><match><data>\x0916: YSEcOGhLYVaoj wwWgUitKqTnczVkICITmGKvvkRArEYWD\x0a</data></match></read>
    <read><length>69</length><match><data>\x0917: oVdYGVvLMAALlBoH aCphMrHxNrapkOUSrSsegfrLYvmNGHUABHaMKOZZiWkInO\x0a</data></match></read>
    <read><length>63</length><match><data>\x0918: BRGgRmYcxmYiWWdMICqtmSBERaMELNhxuGiaLiwFGXfi LgdjQtieDCnZ\x0a</data></match></read>
    <read><length>71</length><match><data>\x0919: uhdcWWnBTvMMRXWBWGPTEsBXtFnoVwQIChGPH ZeOoLXEeQHAxYbfFsQkPjbTGIHh\x0a</data></match></read>
    <read><length>19</length><match><data>Choose an option: \x00</data></match></read>
    <write><data>7\x0a</data></write>
    <read><length>14</length><match><data>Confirmation \x23</data></match></read>
    <read><delim>.</delim><assign> <var>voteid12341245</var> <slice begin="0" /> </assign></read>
    <read><length>95</length><match><data> Vote recorded for candidate: KtGTcDwNyrkXvyEZVnhoevUmUKGZWMKD xtvDcXrRXsoxWGZxIvPjwSRDGrNLfr.\x0a</data></match></read>
    <read><length>41</length><match><data>14: Login\x0a\x0038. Register Voter\x0a\x0095. Quit\x0a\x00</data></match></read>
    <read><length>19</length><match><data>Choose an option: \x00</data></match></read>
    <write><data>14\x0a</data></write>
    <read><length>24</length><match><data>\x09Enter your ID number: \x00</data></match></read>
    <write><data>12341241\x0a</data></write>
    <read><length>19</length><match><data>\x09Enter last name: \x00</data></match></read>
    <write><data>OwsXLAK\x0a</data></write>
    <read><length>35</length><match><data>15: Main Menu\x0a\x0036. Vote\x0a\x0095. Quit\x0a\x00</data></match></read>
    <read><length>19</length><match><data>Choose an option: \x00</data></match></read>
    <write><data>36\x0a</data></write>
    <read><length>43</length><match><data>Select one candidate from the folloowing:\x0a\x00</data></match></read>
    <read><length>88</length><match><data>\x091: cGwqowFAlSzpHbUIHtsiyarISUbOlqXotgdNJA qlzcSQLdAKBakgzgntBxHJFChZobdJmwbjznDCDofwVO\x0a</data></match></read>
    <read><length>78</length><match><data>\x092: SdnqmuQMgdzmClhlVzFeHDjQpR ZybSKchHlFUVdlTvfHaeWhnGZmmNemfOmJhjIOAwIiAiqS\x0a</data></match></read>
    <read><length>57</length><match><data>\x093: ZimqnesPluEcUStRIKCbfzJa KqeTIjNWOBMvDtZWodWxKMiXSmT\x0a</data></match></read>
    <read><length>52</length><match><data>\x094: DDpiMSafPIHgjhOkJIVjobkwsjJfKmgTz tlShTCwqBdagM\x0a</data></match></read>
    <read><length>47</length><match><data>\x095: hYGszHqHXAEe MclTXNxmhQwdIJwFPUTFmbWviJbTH\x0a</data></match></read>
    <read><length>57</length><match><data>\x096: DkSHTMXya spoitrUvRiSiagkmGbUAtYEeAfeWjDtxhIjKFEiVwR\x0a</data></match></read>
    <read><length>68</length><match><data>\x097: KtGTcDwNyrkXvyEZVnhoevUmUKGZWMKD xtvDcXrRXsoxWGZxIvPjwSRDGrNLfr\x0a</data></match></read>
    <read><length>97</length><match><data>\x098: BXZjJFHuBpHQcOlujosgAHhJROmoHTBxnowcLAWIhBaclK coERJcKWuJoJgeYkudbYVYGlpXqIlAcxXgxMsvYgvpuiO\x0a</data></match></read>
    <read><length>66</length><match><data>\x099: LXxoxQYrDFaJfChqgdhNQPaTLd hscWyvgKcPwuzDqhgFCIJhAlyGQdiFsONf\x0a</data></match></read>
    <read><length>78</length><match><data>\x0910: vwocQaxYMhtsgvgDwCXjrcACpxmlToa WuxuEbXYCRgyRClNZiWRMzIwYNeHUlOlCVWBcLyA\x0a</data></match></read>
    <read><length>67</length><match><data>\x0911: WNnmjiTRwFCEVAddmheJBIOJwMqXImejSUJoWAlRzdxf gexySGTOBvlVLMUN\x0a</data></match></read>
    <read><length>37</length><match><data>\x0912: NcsnTfBZy wWOSDXFzcbVapoaWSgzWi\x0a</data></match></read>
    <read><length>85</length><match><data>\x0913: xnRcvMSQPxzcKsxeDNKoptpziUicBzNEvijvoFRo peedvyLdWUAKTOSyvSclrNgLFpjrubzUBCbwXC\x0a</data></match></read>
    <read><length>72</length><match><data>\x0914: CCWIxwpPRymEEDGyyynqMhaMVS sDMculxIHyoQLlmztMpLXSxzBdEHjLzFSqoyeyN\x0a</data></match></read>
    <read><length>70</length><match><data>\x0915: vNQVEjpXuGnxcBaPJKfJWYSLCsxQXhbxAZMmYINQSdSdfd NZGAatWEjSBawardV\x0a</data></match></read>
    <read><length>52</length><match><data>\x0916: YSEcOGhLYVaoj wwWgUitKqTnczVkICITmGKvvkRArEYWD\x0a</data></match></read>
    <read><length>69</length><match><data>\x0917: oVdYGVvLMAALlBoH aCphMrHxNrapkOUSrSsegfrLYvmNGHUABHaMKOZZiWkInO\x0a</data></match></read>
    <read><length>63</length><match><data>\x0918: BRGgRmYcxmYiWWdMICqtmSBERaMELNhxuGiaLiwFGXfi LgdjQtieDCnZ\x0a</data></match></read>
    <read><length>71</length><match><data>\x0919: uhdcWWnBTvMMRXWBWGPTEsBXtFnoVwQIChGPH ZeOoLXEeQHAxYbfFsQkPjbTGIHh\x0a</data></match></read>
    <read><length>19</length><match><data>Choose an option: \x00</data></match></read>
    <write><data>15\x0a</data></write>
    <read><length>14</length><match><data>Confirmation \x23</data></match></read>
    <read><delim>.</delim><assign> <var>voteid12341241</var> <slice begin="0" /> </assign></read>
    <read><length>96</length><match><data> Vote recorded for candidate: vNQVEjpXuGnxcBaPJKfJWYSLCsxQXhbxAZMmYINQSdSdfd NZGAatWEjSBawardV.\x0a</data></match></read>
    <read><length>41</length><match><data>14: Login\x0a\x0038. Register Voter\x0a\x0095. Quit\x0a\x00</data></match></read>
    <read><length>19</length><match><data>Choose an option: \x00</data></match></read>
    <write><data>14\x0a</data></write>
    <read><length>24</length><match><data>\x09Enter your ID number: \x00</data></match></read>
    <write><data>12341249\x0a</data></write>
    <read><length>19</length><match><data>\x09Enter last name: \x00</data></match></read>
    <write><data>YYDKnbRJbtLfyQ\x0a</data></write>
    <read><length>35</length><match><data>15: Main Menu\x0a\x0036. Vote\x0a\x0095. Quit\x0a\x00</data></match></read>
    <read><length>19</length><match><data>Choose an option: \x00</data></match></read>
    <write><data>36\x0a</data></write>
    <read><length>43</length><match><data>Select one candidate from the folloowing:\x0a\x00</data></match></read>
    <read><length>88</length><match><data>\x091: cGwqowFAlSzpHbUIHtsiyarISUbOlqXotgdNJA qlzcSQLdAKBakgzgntBxHJFChZobdJmwbjznDCDofwVO\x0a</data></match></read>
    <read><length>78</length><match><data>\x092: SdnqmuQMgdzmClhlVzFeHDjQpR ZybSKchHlFUVdlTvfHaeWhnGZmmNemfOmJhjIOAwIiAiqS\x0a</data></match></read>
    <read><length>57</length><match><data>\x093: ZimqnesPluEcUStRIKCbfzJa KqeTIjNWOBMvDtZWodWxKMiXSmT\x0a</data></match></read>
    <read><length>52</length><match><data>\x094: DDpiMSafPIHgjhOkJIVjobkwsjJfKmgTz tlShTCwqBdagM\x0a</data></match></read>
    <read><length>47</length><match><data>\x095: hYGszHqHXAEe MclTXNxmhQwdIJwFPUTFmbWviJbTH\x0a</data></match></read>
    <read><length>57</length><match><data>\x096: DkSHTMXya spoitrUvRiSiagkmGbUAtYEeAfeWjDtxhIjKFEiVwR\x0a</data></match></read>
    <read><length>68</length><match><data>\x097: KtGTcDwNyrkXvyEZVnhoevUmUKGZWMKD xtvDcXrRXsoxWGZxIvPjwSRDGrNLfr\x0a</data></match></read>
    <read><length>97</length><match><data>\x098: BXZjJFHuBpHQcOlujosgAHhJROmoHTBxnowcLAWIhBaclK coERJcKWuJoJgeYkudbYVYGlpXqIlAcxXgxMsvYgvpuiO\x0a</data></match></read>
    <read><length>66</length><match><data>\x099: LXxoxQYrDFaJfChqgdhNQPaTLd hscWyvgKcPwuzDqhgFCIJhAlyGQdiFsONf\x0a</data></match></read>
    <read><length>78</length><match><data>\x0910: vwocQaxYMhtsgvgDwCXjrcACpxmlToa WuxuEbXYCRgyRClNZiWRMzIwYNeHUlOlCVWBcLyA\x0a</data></match></read>
    <read><length>67</length><match><data>\x0911: WNnmjiTRwFCEVAddmheJBIOJwMqXImejSUJoWAlRzdxf gexySGTOBvlVLMUN\x0a</data></match></read>
    <read><length>37</length><match><data>\x0912: NcsnTfBZy wWOSDXFzcbVapoaWSgzWi\x0a</data></match></read>
    <read><length>85</length><match><data>\x0913: xnRcvMSQPxzcKsxeDNKoptpziUicBzNEvijvoFRo peedvyLdWUAKTOSyvSclrNgLFpjrubzUBCbwXC\x0a</data></match></read>
    <read><length>72</length><match><data>\x0914: CCWIxwpPRymEEDGyyynqMhaMVS sDMculxIHyoQLlmztMpLXSxzBdEHjLzFSqoyeyN\x0a</data></match></read>
    <read><length>70</length><match><data>\x0915: vNQVEjpXuGnxcBaPJKfJWYSLCsxQXhbxAZMmYINQSdSdfd NZGAatWEjSBawardV\x0a</data></match></read>
    <read><length>52</length><match><data>\x0916: YSEcOGhLYVaoj wwWgUitKqTnczVkICITmGKvvkRArEYWD\x0a</data></match></read>
    <read><length>69</length><match><data>\x0917: oVdYGVvLMAALlBoH aCphMrHxNrapkOUSrSsegfrLYvmNGHUABHaMKOZZiWkInO\x0a</data></match></read>
    <read><length>63</length><match><data>\x0918: BRGgRmYcxmYiWWdMICqtmSBERaMELNhxuGiaLiwFGXfi LgdjQtieDCnZ\x0a</data></match></read>
    <read><length>71</length><match><data>\x0919: uhdcWWnBTvMMRXWBWGPTEsBXtFnoVwQIChGPH ZeOoLXEeQHAxYbfFsQkPjbTGIHh\x0a</data></match></read>
    <read><length>19</length><match><data>Choose an option: \x00</data></match></read>
    <write><data>3\x0a</data></write>
    <read><length>14</length><match><data>Confirmation \x23</data></match></read>
    <read><delim>.</delim><assign> <var>voteid12341249</var> <slice begin="0" /> </assign></read>
    <read><length>84</length><match><data> Vote recorded for candidate: ZimqnesPluEcUStRIKCbfzJa KqeTIjNWOBMvDtZWodWxKMiXSmT.\x0a</data></match></read>
    <read><length>41</length><match><data>14: Login\x0a\x0038. Register Voter\x0a\x0095. Quit\x0a\x00</data></match></read>
    <read><length>19</length><match><data>Choose an option: \x00</data></match></read>
    <write><data>14\x0a</data></write>
    <read><length>24</length><match><data>\x09Enter your ID number: \x00</data></match></read>
    <write><data>12341243\x0a</data></write>
    <read><length>19</length><match><data>\x09Enter last name: \x00</data></match></read>
    <write><data>jcyrrgsGOL\x0a</data></write>
    <read><length>35</length><match><data>15: Main Menu\x0a\x0036. Vote\x0a\x0095. Quit\x0a\x00</data></match></read>
    <read><length>19</length><match><data>Choose an option: \x00</data></match></read>
    <write><data>36\x0a</data></write>
    <read><length>43</length><match><data>Select one candidate from the folloowing:\x0a\x00</data></match></read>
    <read><length>88</length><match><data>\x091: cGwqowFAlSzpHbUIHtsiyarISUbOlqXotgdNJA qlzcSQLdAKBakgzgntBxHJFChZobdJmwbjznDCDofwVO\x0a</data></match></read>
    <read><length>78</length><match><data>\x092: SdnqmuQMgdzmClhlVzFeHDjQpR ZybSKchHlFUVdlTvfHaeWhnGZmmNemfOmJhjIOAwIiAiqS\x0a</data></match></read>
    <read><length>57</length><match><data>\x093: ZimqnesPluEcUStRIKCbfzJa KqeTIjNWOBMvDtZWodWxKMiXSmT\x0a</data></match></read>
    <read><length>52</length><match><data>\x094: DDpiMSafPIHgjhOkJIVjobkwsjJfKmgTz tlShTCwqBdagM\x0a</data></match></read>
    <read><length>47</length><match><data>\x095: hYGszHqHXAEe MclTXNxmhQwdIJwFPUTFmbWviJbTH\x0a</data></match></read>
    <read><length>57</length><match><data>\x096: DkSHTMXya spoitrUvRiSiagkmGbUAtYEeAfeWjDtxhIjKFEiVwR\x0a</data></match></read>
    <read><length>68</length><match><data>\x097: KtGTcDwNyrkXvyEZVnhoevUmUKGZWMKD xtvDcXrRXsoxWGZxIvPjwSRDGrNLfr\x0a</data></match></read>
    <read><length>97</length><match><data>\x098: BXZjJFHuBpHQcOlujosgAHhJROmoHTBxnowcLAWIhBaclK coERJcKWuJoJgeYkudbYVYGlpXqIlAcxXgxMsvYgvpuiO\x0a</data></match></read>
    <read><length>66</length><match><data>\x099: LXxoxQYrDFaJfChqgdhNQPaTLd hscWyvgKcPwuzDqhgFCIJhAlyGQdiFsONf\x0a</data></match></read>
    <read><length>78</length><match><data>\x0910: vwocQaxYMhtsgvgDwCXjrcACpxmlToa WuxuEbXYCRgyRClNZiWRMzIwYNeHUlOlCVWBcLyA\x0a</data></match></read>
    <read><length>67</length><match><data>\x0911: WNnmjiTRwFCEVAddmheJBIOJwMqXImejSUJoWAlRzdxf gexySGTOBvlVLMUN\x0a</data></match></read>
    <read><length>37</length><match><data>\x0912: NcsnTfBZy wWOSDXFzcbVapoaWSgzWi\x0a</data></match></read>
    <read><length>85</length><match><data>\x0913: xnRcvMSQPxzcKsxeDNKoptpziUicBzNEvijvoFRo peedvyLdWUAKTOSyvSclrNgLFpjrubzUBCbwXC\x0a</data></match></read>
    <read><length>72</length><match><data>\x0914: CCWIxwpPRymEEDGyyynqMhaMVS sDMculxIHyoQLlmztMpLXSxzBdEHjLzFSqoyeyN\x0a</data></match></read>
    <read><length>70</length><match><data>\x0915: vNQVEjpXuGnxcBaPJKfJWYSLCsxQXhbxAZMmYINQSdSdfd NZGAatWEjSBawardV\x0a</data></match></read>
    <read><length>52</length><match><data>\x0916: YSEcOGhLYVaoj wwWgUitKqTnczVkICITmGKvvkRArEYWD\x0a</data></match></read>
    <read><length>69</length><match><data>\x0917: oVdYGVvLMAALlBoH aCphMrHxNrapkOUSrSsegfrLYvmNGHUABHaMKOZZiWkInO\x0a</data></match></read>
    <read><length>63</length><match><data>\x0918: BRGgRmYcxmYiWWdMICqtmSBERaMELNhxuGiaLiwFGXfi LgdjQtieDCnZ\x0a</data></match></read>
    <read><length>71</length><match><data>\x0919: uhdcWWnBTvMMRXWBWGPTEsBXtFnoVwQIChGPH ZeOoLXEeQHAxYbfFsQkPjbTGIHh\x0a</data></match></read>
    <read><length>19</length><match><data>Choose an option: \x00</data></match></read>
    <write><data>4\x0a</data></write>
    <read><length>14</length><match><data>Confirmation \x23</data></match></read>
    <read><delim>.</delim><assign> <var>voteid12341243</var> <slice begin="0" /> </assign></read>
    <read><length>79</length><match><data> Vote recorded for candidate: DDpiMSafPIHgjhOkJIVjobkwsjJfKmgTz tlShTCwqBdagM.\x0a</data></match></read>
    <read><length>41</length><match><data>14: Login\x0a\x0038. Register Voter\x0a\x0095. Quit\x0a\x00</data></match></read>
    <read><length>19</length><match><data>Choose an option: \x00</data></match></read>
    <write><data>14\x0a</data></write>
    <read><length>24</length><match><data>\x09Enter your ID number: \x00</data></match></read>
    <write><data>12341249\x0a</data></write>
    <read><length>19</length><match><data>\x09Enter last name: \x00</data></match></read>
    <write><data>YYDKnbRJbtLfyQ\x0a</data></write>
    <read><length>35</length><match><data>15: Main Menu\x0a\x0036. Vote\x0a\x0095. Quit\x0a\x00</data></match></read>
    <read><length>19</length><match><data>Choose an option: \x00</data></match></read>
    <write><data>36\x0a</data></write>
    <read><length>43</length><match><data>Select one candidate from the folloowing:\x0a\x00</data></match></read>
    <read><length>88</length><match><data>\x091: cGwqowFAlSzpHbUIHtsiyarISUbOlqXotgdNJA qlzcSQLdAKBakgzgntBxHJFChZobdJmwbjznDCDofwVO\x0a</data></match></read>
    <read><length>78</length><match><data>\x092: SdnqmuQMgdzmClhlVzFeHDjQpR ZybSKchHlFUVdlTvfHaeWhnGZmmNemfOmJhjIOAwIiAiqS\x0a</data></match></read>
    <read><length>57</length><match><data>\x093: ZimqnesPluEcUStRIKCbfzJa KqeTIjNWOBMvDtZWodWxKMiXSmT\x0a</data></match></read>
    <read><length>52</length><match><data>\x094: DDpiMSafPIHgjhOkJIVjobkwsjJfKmgTz tlShTCwqBdagM\x0a</data></match></read>
    <read><length>47</length><match><data>\x095: hYGszHqHXAEe MclTXNxmhQwdIJwFPUTFmbWviJbTH\x0a</data></match></read>
    <read><length>57</length><match><data>\x096: DkSHTMXya spoitrUvRiSiagkmGbUAtYEeAfeWjDtxhIjKFEiVwR\x0a</data></match></read>
    <read><length>68</length><match><data>\x097: KtGTcDwNyrkXvyEZVnhoevUmUKGZWMKD xtvDcXrRXsoxWGZxIvPjwSRDGrNLfr\x0a</data></match></read>
    <read><length>97</length><match><data>\x098: BXZjJFHuBpHQcOlujosgAHhJROmoHTBxnowcLAWIhBaclK coERJcKWuJoJgeYkudbYVYGlpXqIlAcxXgxMsvYgvpuiO\x0a</data></match></read>
    <read><length>66</length><match><data>\x099: LXxoxQYrDFaJfChqgdhNQPaTLd hscWyvgKcPwuzDqhgFCIJhAlyGQdiFsONf\x0a</data></match></read>
    <read><length>78</length><match><data>\x0910: vwocQaxYMhtsgvgDwCXjrcACpxmlToa WuxuEbXYCRgyRClNZiWRMzIwYNeHUlOlCVWBcLyA\x0a</data></match></read>
    <read><length>67</length><match><data>\x0911: WNnmjiTRwFCEVAddmheJBIOJwMqXImejSUJoWAlRzdxf gexySGTOBvlVLMUN\x0a</data></match></read>
    <read><length>37</length><match><data>\x0912: NcsnTfBZy wWOSDXFzcbVapoaWSgzWi\x0a</data></match></read>
    <read><length>85</length><match><data>\x0913: xnRcvMSQPxzcKsxeDNKoptpziUicBzNEvijvoFRo peedvyLdWUAKTOSyvSclrNgLFpjrubzUBCbwXC\x0a</data></match></read>
    <read><length>72</length><match><data>\x0914: CCWIxwpPRymEEDGyyynqMhaMVS sDMculxIHyoQLlmztMpLXSxzBdEHjLzFSqoyeyN\x0a</data></match></read>
    <read><length>70</length><match><data>\x0915: vNQVEjpXuGnxcBaPJKfJWYSLCsxQXhbxAZMmYINQSdSdfd NZGAatWEjSBawardV\x0a</data></match></read>
    <read><length>52</length><match><data>\x0916: YSEcOGhLYVaoj wwWgUitKqTnczVkICITmGKvvkRArEYWD\x0a</data></match></read>
    <read><length>69</length><match><data>\x0917: oVdYGVvLMAALlBoH aCphMrHxNrapkOUSrSsegfrLYvmNGHUABHaMKOZZiWkInO\x0a</data></match></read>
    <read><length>63</length><match><data>\x0918: BRGgRmYcxmYiWWdMICqtmSBERaMELNhxuGiaLiwFGXfi LgdjQtieDCnZ\x0a</data></match></read>
    <read><length>71</length><match><data>\x0919: uhdcWWnBTvMMRXWBWGPTEsBXtFnoVwQIChGPH ZeOoLXEeQHAxYbfFsQkPjbTGIHh\x0a</data></match></read>
    <read><length>19</length><match><data>Choose an option: \x00</data></match></read>
    <write><data>10\x0a</data></write>
    <read><length>14</length><match><data>Confirmation \x23</data></match></read>
    <read><delim>.</delim><assign> <var>voteid12341249</var> <slice begin="0" /> </assign></read>
    <read><length>104</length><match><data> Vote recorded for candidate: vwocQaxYMhtsgvgDwCXjrcACpxmlToa WuxuEbXYCRgyRClNZiWRMzIwYNeHUlOlCVWBcLyA.\x0a</data></match></read>
    <read><length>41</length><match><data>14: Login\x0a\x0038. Register Voter\x0a\x0095. Quit\x0a\x00</data></match></read>
    <read><length>19</length><match><data>Choose an option: \x00</data></match></read>
    <write><data>14\x0a</data></write>
    <read><length>24</length><match><data>\x09Enter your ID number: \x00</data></match></read>
    <write><data>12341234\x0a</data></write>
    <read><length>19</length><match><data>\x09Enter last name: \x00</data></match></read>
    <write><data>JgLRQWVdCKIqJGHJxigfRjSymJVSdQN\x0a</data></write>
    <read><length>35</length><match><data>15: Main Menu\x0a\x0036. Vote\x0a\x0095. Quit\x0a\x00</data></match></read>
    <read><length>19</length><match><data>Choose an option: \x00</data></match></read>
    <write><data>36\x0a</data></write>
    <read><length>43</length><match><data>Select one candidate from the folloowing:\x0a\x00</data></match></read>
    <read><length>88</length><match><data>\x091: cGwqowFAlSzpHbUIHtsiyarISUbOlqXotgdNJA qlzcSQLdAKBakgzgntBxHJFChZobdJmwbjznDCDofwVO\x0a</data></match></read>
    <read><length>78</length><match><data>\x092: SdnqmuQMgdzmClhlVzFeHDjQpR ZybSKchHlFUVdlTvfHaeWhnGZmmNemfOmJhjIOAwIiAiqS\x0a</data></match></read>
    <read><length>57</length><match><data>\x093: ZimqnesPluEcUStRIKCbfzJa KqeTIjNWOBMvDtZWodWxKMiXSmT\x0a</data></match></read>
    <read><length>52</length><match><data>\x094: DDpiMSafPIHgjhOkJIVjobkwsjJfKmgTz tlShTCwqBdagM\x0a</data></match></read>
    <read><length>47</length><match><data>\x095: hYGszHqHXAEe MclTXNxmhQwdIJwFPUTFmbWviJbTH\x0a</data></match></read>
    <read><length>57</length><match><data>\x096: DkSHTMXya spoitrUvRiSiagkmGbUAtYEeAfeWjDtxhIjKFEiVwR\x0a</data></match></read>
    <read><length>68</length><match><data>\x097: KtGTcDwNyrkXvyEZVnhoevUmUKGZWMKD xtvDcXrRXsoxWGZxIvPjwSRDGrNLfr\x0a</data></match></read>
    <read><length>97</length><match><data>\x098: BXZjJFHuBpHQcOlujosgAHhJROmoHTBxnowcLAWIhBaclK coERJcKWuJoJgeYkudbYVYGlpXqIlAcxXgxMsvYgvpuiO\x0a</data></match></read>
    <read><length>66</length><match><data>\x099: LXxoxQYrDFaJfChqgdhNQPaTLd hscWyvgKcPwuzDqhgFCIJhAlyGQdiFsONf\x0a</data></match></read>
    <read><length>78</length><match><data>\x0910: vwocQaxYMhtsgvgDwCXjrcACpxmlToa WuxuEbXYCRgyRClNZiWRMzIwYNeHUlOlCVWBcLyA\x0a</data></match></read>
    <read><length>67</length><match><data>\x0911: WNnmjiTRwFCEVAddmheJBIOJwMqXImejSUJoWAlRzdxf gexySGTOBvlVLMUN\x0a</data></match></read>
    <read><length>37</length><match><data>\x0912: NcsnTfBZy wWOSDXFzcbVapoaWSgzWi\x0a</data></match></read>
    <read><length>85</length><match><data>\x0913: xnRcvMSQPxzcKsxeDNKoptpziUicBzNEvijvoFRo peedvyLdWUAKTOSyvSclrNgLFpjrubzUBCbwXC\x0a</data></match></read>
    <read><length>72</length><match><data>\x0914: CCWIxwpPRymEEDGyyynqMhaMVS sDMculxIHyoQLlmztMpLXSxzBdEHjLzFSqoyeyN\x0a</data></match></read>
    <read><length>70</length><match><data>\x0915: vNQVEjpXuGnxcBaPJKfJWYSLCsxQXhbxAZMmYINQSdSdfd NZGAatWEjSBawardV\x0a</data></match></read>
    <read><length>52</length><match><data>\x0916: YSEcOGhLYVaoj wwWgUitKqTnczVkICITmGKvvkRArEYWD\x0a</data></match></read>
    <read><length>69</length><match><data>\x0917: oVdYGVvLMAALlBoH aCphMrHxNrapkOUSrSsegfrLYvmNGHUABHaMKOZZiWkInO\x0a</data></match></read>
    <read><length>63</length><match><data>\x0918: BRGgRmYcxmYiWWdMICqtmSBERaMELNhxuGiaLiwFGXfi LgdjQtieDCnZ\x0a</data></match></read>
    <read><length>71</length><match><data>\x0919: uhdcWWnBTvMMRXWBWGPTEsBXtFnoVwQIChGPH ZeOoLXEeQHAxYbfFsQkPjbTGIHh\x0a</data></match></read>
    <read><length>19</length><match><data>Choose an option: \x00</data></match></read>
    <write><data>6\x0a</data></write>
    <read><length>14</length><match><data>Confirmation \x23</data></match></read>
    <read><delim>.</delim><assign> <var>voteid12341234</var> <slice begin="0" /> </assign></read>
    <read><length>84</length><match><data> Vote recorded for candidate: DkSHTMXya spoitrUvRiSiagkmGbUAtYEeAfeWjDtxhIjKFEiVwR.\x0a</data></match></read>
    <read><length>41</length><match><data>14: Login\x0a\x0038. Register Voter\x0a\x0095. Quit\x0a\x00</data></match></read>
    <read><length>19</length><match><data>Choose an option: \x00</data></match></read>
    <write><data>14\x0a</data></write>
    <read><length>24</length><match><data>\x09Enter your ID number: \x00</data></match></read>
    <write><data>12341242\x0a</data></write>
    <read><length>19</length><match><data>\x09Enter last name: \x00</data></match></read>
    <write><data>xWABxZNmXqisPhA\x0a</data></write>
    <read><length>35</length><match><data>15: Main Menu\x0a\x0036. Vote\x0a\x0095. Quit\x0a\x00</data></match></read>
    <read><length>19</length><match><data>Choose an option: \x00</data></match></read>
    <write><data>36\x0a</data></write>
    <read><length>43</length><match><data>Select one candidate from the folloowing:\x0a\x00</data></match></read>
    <read><length>88</length><match><data>\x091: cGwqowFAlSzpHbUIHtsiyarISUbOlqXotgdNJA qlzcSQLdAKBakgzgntBxHJFChZobdJmwbjznDCDofwVO\x0a</data></match></read>
    <read><length>78</length><match><data>\x092: SdnqmuQMgdzmClhlVzFeHDjQpR ZybSKchHlFUVdlTvfHaeWhnGZmmNemfOmJhjIOAwIiAiqS\x0a</data></match></read>
    <read><length>57</length><match><data>\x093: ZimqnesPluEcUStRIKCbfzJa KqeTIjNWOBMvDtZWodWxKMiXSmT\x0a</data></match></read>
    <read><length>52</length><match><data>\x094: DDpiMSafPIHgjhOkJIVjobkwsjJfKmgTz tlShTCwqBdagM\x0a</data></match></read>
    <read><length>47</length><match><data>\x095: hYGszHqHXAEe MclTXNxmhQwdIJwFPUTFmbWviJbTH\x0a</data></match></read>
    <read><length>57</length><match><data>\x096: DkSHTMXya spoitrUvRiSiagkmGbUAtYEeAfeWjDtxhIjKFEiVwR\x0a</data></match></read>
    <read><length>68</length><match><data>\x097: KtGTcDwNyrkXvyEZVnhoevUmUKGZWMKD xtvDcXrRXsoxWGZxIvPjwSRDGrNLfr\x0a</data></match></read>
    <read><length>97</length><match><data>\x098: BXZjJFHuBpHQcOlujosgAHhJROmoHTBxnowcLAWIhBaclK coERJcKWuJoJgeYkudbYVYGlpXqIlAcxXgxMsvYgvpuiO\x0a</data></match></read>
    <read><length>66</length><match><data>\x099: LXxoxQYrDFaJfChqgdhNQPaTLd hscWyvgKcPwuzDqhgFCIJhAlyGQdiFsONf\x0a</data></match></read>
    <read><length>78</length><match><data>\x0910: vwocQaxYMhtsgvgDwCXjrcACpxmlToa WuxuEbXYCRgyRClNZiWRMzIwYNeHUlOlCVWBcLyA\x0a</data></match></read>
    <read><length>67</length><match><data>\x0911: WNnmjiTRwFCEVAddmheJBIOJwMqXImejSUJoWAlRzdxf gexySGTOBvlVLMUN\x0a</data></match></read>
    <read><length>37</length><match><data>\x0912: NcsnTfBZy wWOSDXFzcbVapoaWSgzWi\x0a</data></match></read>
    <read><length>85</length><match><data>\x0913: xnRcvMSQPxzcKsxeDNKoptpziUicBzNEvijvoFRo peedvyLdWUAKTOSyvSclrNgLFpjrubzUBCbwXC\x0a</data></match></read>
    <read><length>72</length><match><data>\x0914: CCWIxwpPRymEEDGyyynqMhaMVS sDMculxIHyoQLlmztMpLXSxzBdEHjLzFSqoyeyN\x0a</data></match></read>
    <read><length>70</length><match><data>\x0915: vNQVEjpXuGnxcBaPJKfJWYSLCsxQXhbxAZMmYINQSdSdfd NZGAatWEjSBawardV\x0a</data></match></read>
    <read><length>52</length><match><data>\x0916: YSEcOGhLYVaoj wwWgUitKqTnczVkICITmGKvvkRArEYWD\x0a</data></match></read>
    <read><length>69</length><match><data>\x0917: oVdYGVvLMAALlBoH aCphMrHxNrapkOUSrSsegfrLYvmNGHUABHaMKOZZiWkInO\x0a</data></match></read>
    <read><length>63</length><match><data>\x0918: BRGgRmYcxmYiWWdMICqtmSBERaMELNhxuGiaLiwFGXfi LgdjQtieDCnZ\x0a</data></match></read>
    <read><length>71</length><match><data>\x0919: uhdcWWnBTvMMRXWBWGPTEsBXtFnoVwQIChGPH ZeOoLXEeQHAxYbfFsQkPjbTGIHh\x0a</data></match></read>
    <read><length>19</length><match><data>Choose an option: \x00</data></match></read>
    <write><data>19\x0a</data></write>
    <read><length>14</length><match><data>Confirmation \x23</data></match></read>
    <read><delim>.</delim><assign> <var>voteid12341242</var> <slice begin="0" /> </assign></read>
    <read><length>97</length><match><data> Vote recorded for candidate: uhdcWWnBTvMMRXWBWGPTEsBXtFnoVwQIChGPH ZeOoLXEeQHAxYbfFsQkPjbTGIHh.\x0a</data></match></read>
    <read><length>41</length><match><data>14: Login\x0a\x0038. Register Voter\x0a\x0095. Quit\x0a\x00</data></match></read>
    <read><length>19</length><match><data>Choose an option: \x00</data></match></read>
    <write><data>14\x0a</data></write>
    <read><length>24</length><match><data>\x09Enter your ID number: \x00</data></match></read>
    <write><data>10101010\x0a</data></write>
    <read><length>19</length><match><data>\x09Enter last name: \x00</data></match></read>
    <write><data>gGjSVXgqzLwWgoBHbvkoEYSPEHTMssoQHb\x0a</data></write>
    <read><length>18</length><match><data>\x09Enter auth key: \x00</data></match></read>
    <write><var>authkey</var></write>
    <read><length>64</length><match><data>15: Main Menu\x0a\x0020. Close Voting\x0a\x0022. Election Status\x0a\x0095. Quit\x0a\x00</data></match></read>
    <read><length>19</length><match><data>Choose an option: \x00</data></match></read>
    <write><data>20\x0a</data></write>
    <read><length>16</length><match><data>Voting Closed.\x0a\x00</data></match></read>
    <read><length>21</length><match><data>14: Login\x0a\x0095. Quit\x0a\x00</data></match></read>
    <read><length>19</length><match><data>Choose an option: \x00</data></match></read>
    <write><data>14\x0a</data></write>
    <read><length>24</length><match><data>\x09Enter your ID number: \x00</data></match></read>
    <write><data>12341240\x0a</data></write>
    <read><length>19</length><match><data>\x09Enter last name: \x00</data></match></read>
    <write><data>VkamNyoLWpsQMdkuwXETbfFAsrvSmyaNkYnnUriNhtUvI\x0a</data></write>
    <read><length>45</length><match><data>15: Main Menu\x0a\x0056. Voting Results\x0a\x0095. Quit\x0a\x00</data></match></read>
    <read><length>19</length><match><data>Choose an option: \x00</data></match></read>
    <write><data>56\x0a</data></write>
    <read><length>22</length><match><data>\x23\x23 Voting Results \x23\x23\x0a\x00</data></match></read>
    <read><length>36</length><match><data>\x09\x7c Rank \x7c Votes \x7c Candidate Name \x7c\x0a\x00</data></match></read>
    <read><length>6</length><match><data>\x091.\x092\x09</data></match></read>
    <read><delim>\x0a</delim></read>
    <read><length>21</length><match><data>14: Login\x0a\x0095. Quit\x0a\x00</data></match></read>
    <read><length>19</length><match><data>Choose an option: \x00</data></match></read>
    <write><data>14\x0a</data></write>
    <read><length>24</length><match><data>\x09Enter your ID number: \x00</data></match></read>
    <write><data>10101010\x0a</data></write>
    <read><length>19</length><match><data>\x09Enter last name: \x00</data></match></read>
    <write><data>gGjSVXgqzLwWgoBHbvkoEYSPEHTMssoQHb\x0a</data></write>
    <read><length>18</length><match><data>\x09Enter auth key: \x00</data></match></read>
    <write><var>authkey</var></write>
    <read><length>87</length><match><data>15: Main Menu\x0a\x0056. Voting Results\x0a\x0072. Voter Turnout\x0a\x0088. Candidate Summary\x0a\x0095. Quit\x0a\x00</data></match></read>
    <read><length>19</length><match><data>Choose an option: \x00</data></match></read>
    <write><data>72\x0a</data></write>
    <read><length>21</length><match><data>\x23\x23 Voter Turnout \x23\x23\x0a\x00</data></match></read>
    <read><length>42</length><match><data>\x09Number of voters: 16\x0a\x09Number of votes: 9\x0a</data></match></read>
    <read><length>26</length><match><data>\x09\x7c Voted? \x7c Voter Name \x7c\x0a\x00</data></match></read>
    <read><delim>\x0a</delim></read>
    <read><delim>\x0a</delim></read>
    <read><delim>\x0a</delim></read>
    <read><delim>\x0a</delim></read>
    <read><delim>\x0a</delim></read>
    <read><delim>\x0a</delim></read>
    <read><delim>\x0a</delim></read>
    <read><delim>\x0a</delim></read>
    <read><delim>\x0a</delim></read>
    <read><delim>\x0a</delim></read>
    <read><delim>\x0a</delim></read>
    <read><delim>\x0a</delim></read>
    <read><delim>\x0a</delim></read>
    <read><delim>\x0a</delim></read>
    <read><delim>\x0a</delim></read>
    <read><delim>\x0a</delim></read>
    <read><length>21</length><match><data>14: Login\x0a\x0095. Quit\x0a\x00</data></match></read>
    <read><length>19</length><match><data>Choose an option: \x00</data></match></read>
    <write><data>14\x0a</data></write>
    <read><length>24</length><match><data>\x09Enter your ID number: \x00</data></match></read>
    <write><data>10101010\x0a</data></write>
    <read><length>19</length><match><data>\x09Enter last name: \x00</data></match></read>
    <write><data>gGjSVXgqzLwWgoBHbvkoEYSPEHTMssoQHb\x0a</data></write>
    <read><length>18</length><match><data>\x09Enter auth key: \x00</data></match></read>
    <write><var>authkey</var></write>
    <read><length>87</length><match><data>15: Main Menu\x0a\x0056. Voting Results\x0a\x0072. Voter Turnout\x0a\x0088. Candidate Summary\x0a\x0095. Quit\x0a\x00</data></match></read>
    <read><length>19</length><match><data>Choose an option: \x00</data></match></read>
    <write><data>88\x0a</data></write>
    <read><length>25</length><match><data>\x23\x23 Candidate Summary \x23\x23\x0a\x00</data></match></read>
    <read><length>26</length><match><data>\x09Number of candidates: 19\x0a</data></match></read>
    <read><length>36</length><match><data>\x09\x7c Rank \x7c Votes \x7c Candidate Name \x7c\x0a\x00</data></match></read>
    <read><length>6</length><match><data>\x091.\x092\x09</data></match></read>
    <read><delim>\x0a</delim></read>
    <read><length>6</length><match><data>\x092.\x091\x09</data></match></read>
    <read><delim>\x0a</delim></read>
    <read><length>6</length><match><data>\x093.\x091\x09</data></match></read>
    <read><delim>\x0a</delim></read>
    <read><length>6</length><match><data>\x094.\x091\x09</data></match></read>
    <read><delim>\x0a</delim></read>
    <read><length>6</length><match><data>\x095.\x091\x09</data></match></read>
    <read><delim>\x0a</delim></read>
    <read><length>6</length><match><data>\x096.\x091\x09</data></match></read>
    <read><delim>\x0a</delim></read>
    <read><length>6</length><match><data>\x097.\x091\x09</data></match></read>
    <read><delim>\x0a</delim></read>
    <read><length>6</length><match><data>\x098.\x091\x09</data></match></read>
    <read><delim>\x0a</delim></read>
    <read><length>6</length><match><data>\x099.\x090\x09</data></match></read>
    <read><delim>\x0a</delim></read>
    <read><length>7</length><match><data>\x0910.\x090\x09</data></match></read>
    <read><delim>\x0a</delim></read>
    <read><length>7</length><match><data>\x0911.\x090\x09</data></match></read>
    <read><delim>\x0a</delim></read>
    <read><length>7</length><match><data>\x0912.\x090\x09</data></match></read>
    <read><delim>\x0a</delim></read>
    <read><length>7</length><match><data>\x0913.\x090\x09</data></match></read>
    <read><delim>\x0a</delim></read>
    <read><length>7</length><match><data>\x0914.\x090\x09</data></match></read>
    <read><delim>\x0a</delim></read>
    <read><length>7</length><match><data>\x0915.\x090\x09</data></match></read>
    <read><delim>\x0a</delim></read>
    <read><length>7</length><match><data>\x0916.\x090\x09</data></match></read>
    <read><delim>\x0a</delim></read>
    <read><length>7</length><match><data>\x0917.\x090\x09</data></match></read>
    <read><delim>\x0a</delim></read>
    <read><length>7</length><match><data>\x0918.\x090\x09</data></match></read>
    <read><delim>\x0a</delim></read>
    <read><length>7</length><match><data>\x0919.\x090\x09</data></match></read>
    <read><delim>\x0a</delim></read>
</replay>
</pov>