<?xml version="1.0" standalone="no" ?>
<!DOCTYPE pov SYSTEM "/usr/share/cgc-docs/replay.dtd">
<pov>
<cbid>service</cbid>
<seed>44919a87b5f0e13a16c228ca8e465870fa03124001ee1967b837926a105f4624b7cbe5622bc3ae11644c8d124ce31cc7</seed>
<replay>
    <read><length>31</length><match><data>17: Create Election\x0a\x0095. Quit\x0a\x00</data></match></read>
    <read><length>19</length><match><data>Choose an option: \x00</data></match></read>
    <write><data>17\x0a</data></write>
    <read><length>31</length><match><data>\x23\x23 Create election manager \x23\x23\x0a\x00</data></match></read>
    <read><length>20</length><match><data>\x09Enter first name: \x00</data></match></read>
    <write><data>gZigNHA\x0a</data></write>
    <read><length>19</length><match><data>\x09Enter last name: \x00</data></match></read>
    <write><data>iXlKnRLgu\x0a</data></write>
    <read><length>20</length><match><data>\x09Your ID number is: </data></match></read>
    <read><length>9</length><match><data>10101010\x0a</data></match></read>
    <read><length>19</length><match><data>\x09Your auth key is: </data></match></read>
    <read><delim>\x0a</delim><assign> <var>authkey</var> <slice begin="0" /> </assign></read>
    <read><length>22</length><match><data>Enter election name: \x00</data></match></read>
    <write><data>ihliPjPqQ\x0a</data></write>
    <read><length>43</length><match><data>Enter number of election winners desired: \x00</data></match></read>
    <write><data>4\x0a</data></write>
    <read><length>45</length><match><data>Enter the max number of candidates allowed: \x00</data></match></read>
    <write><data>16\x0a</data></write>
    <read><length>46</length><match><data>Can voters write\x2din new candidates? \x28Yy\x2fNn\x29: \x00</data></match></read>
    <write><data>N\x0a</data></write>
    <read><length>19</length><match><data>Election Created.\x0a\x00</data></match></read>
    <read><length>41</length><match><data>14: Login\x0a\x0038. Register Voter\x0a\x0095. Quit\x0a\x00</data></match></read>
    <read><length>19</length><match><data>Choose an option: \x00</data></match></read>
    <write><data>38\x0a</data></write>
    <read><length>20</length><match><data>\x23\x23 Create voter \x23\x23\x0a\x00</data></match></read>
    <read><length>20</length><match><data>\x09Enter first name: \x00</data></match></read>
    <write><data>nJwnqDQwNJhRGzrCRkoSLpuCOglgOnOfcBTIHptZizztDz\x0a</data></write>
    <read><length>19</length><match><data>\x09Enter last name: \x00</data></match></read>
    <write><data>kTgHhMhwQJuzfpAHsPvfLrVrrwW\x0a</data></write>
    <read><length>20</length><match><data>\x09Your ID number is: </data></match></read>
    <read><length>9</length><match><data>12341234\x0a</data></match></read>
    <read><length>41</length><match><data>14: Login\x0a\x0038. Register Voter\x0a\x0095. Quit\x0a\x00</data></match></read>
    <read><length>19</length><match><data>Choose an option: \x00</data></match></read>
    <write><data>38\x0a</data></write>
    <read><length>20</length><match><data>\x23\x23 Create voter \x23\x23\x0a\x00</data></match></read>
    <read><length>20</length><match><data>\x09Enter first name: \x00</data></match></read>
    <write><data>JHzcGQFPtSzpZLTWJBpNuugAs\x0a</data></write>
    <read><length>19</length><match><data>\x09Enter last name: \x00</data></match></read>
    <write><data>RiXqELzJKtqBdP\x0a</data></write>
    <read><length>20</length><match><data>\x09Your ID number is: </data></match></read>
    <read><length>9</length><match><data>12341235\x0a</data></match></read>
    <read><length>41</length><match><data>14: Login\x0a\x0038. Register Voter\x0a\x0095. Quit\x0a\x00</data></match></read>
    <read><length>19</length><match><data>Choose an option: \x00</data></match></read>
    <write><data>38\x0a</data></write>
    <read><length>20</length><match><data>\x23\x23 Create voter \x23\x23\x0a\x00</data></match></read>
    <read><length>20</length><match><data>\x09Enter first name: \x00</data></match></read>
    <write><data>rpGYNjpkSEKqibVWloxuxtoIqSnfbW\x0a</data></write>
    <read><length>19</length><match><data>\x09Enter last name: \x00</data></match></read>
    <write><data>nFXATaXDCoHGbQaoEPbzpxMMvmunanipvufsETzHsOTBz\x0a</data></write>
    <read><length>20</length><match><data>\x09Your ID number is: </data></match></read>
    <read><length>9</length><match><data>12341236\x0a</data></match></read>
    <read><length>41</length><match><data>14: Login\x0a\x0038. Register Voter\x0a\x0095. Quit\x0a\x00</data></match></read>
    <read><length>19</length><match><data>Choose an option: \x00</data></match></read>
    <write><data>38\x0a</data></write>
    <read><length>20</length><match><data>\x23\x23 Create voter \x23\x23\x0a\x00</data></match></read>
    <read><length>20</length><match><data>\x09Enter first name: \x00</data></match></read>
    <write><data>UPCMXsazkymtNgtVACUoyGtzSypIoSTlidXAlQpdLOs\x0a</data></write>
    <read><length>19</length><match><data>\x09Enter last name: \x00</data></match></read>
    <write><data>QpJSWOskXVXKsIj\x0a</data></write>
    <read><length>20</length><match><data>\x09Your ID number is: </data></match></read>
    <read><length>9</length><match><data>12341237\x0a</data></match></read>
    <read><length>41</length><match><data>14: Login\x0a\x0038. Register Voter\x0a\x0095. Quit\x0a\x00</data></match></read>
    <read><length>19</length><match><data>Choose an option: \x00</data></match></read>
    <write><data>38\x0a</data></write>
    <read><length>20</length><match><data>\x23\x23 Create voter \x23\x23\x0a\x00</data></match></read>
    <read><length>20</length><match><data>\x09Enter first name: \x00</data></match></read>
    <write><data>NvqwrwiJDlWwyWkTUUpqRdjfMwttpBqvIdcgtEdNYbm\x0a</data></write>
    <read><length>19</length><match><data>\x09Enter last name: \x00</data></match></read>
    <write><data>vzTLDDWiMhbQsMSjEveROM\x0a</data></write>
    <read><length>20</length><match><data>\x09Your ID number is: </data></match></read>
    <read><length>9</length><match><data>12341238\x0a</data></match></read>
    <read><length>41</length><match><data>14: Login\x0a\x0038. Register Voter\x0a\x0095. Quit\x0a\x00</data></match></read>
    <read><length>19</length><match><data>Choose an option: \x00</data></match></read>
    <write><data>38\x0a</data></write>
    <read><length>20</length><match><data>\x23\x23 Create voter \x23\x23\x0a\x00</data></match></read>
    <read><length>20</length><match><data>\x09Enter first name: \x00</data></match></read>
    <write><data>YIQzTxEUxAMrQBBDrDLjMQoVElGgZEZZfHMFpzhubnBf\x0a</data></write>
    <read><length>19</length><match><data>\x09Enter last name: \x00</data></match></read>
    <write><data>DAFyFEaEMkAutkpmBUMhdQFJbAXHhJQHgsW\x0a</data></write>
    <read><length>20</length><match><data>\x09Your ID number is: </data></match></read>
    <read><length>9</length><match><data>12341239\x0a</data></match></read>
    <read><length>41</length><match><data>14: Login\x0a\x0038. Register Voter\x0a\x0095. Quit\x0a\x00</data></match></read>
    <read><length>19</length><match><data>Choose an option: \x00</data></match></read>
    <write><data>38\x0a</data></write>
    <read><length>20</length><match><data>\x23\x23 Create voter \x23\x23\x0a\x00</data></match></read>
    <read><length>20</length><match><data>\x09Enter first name: \x00</data></match></read>
    <write><data>iSBVRbizucPZAAS\x0a</data></write>
    <read><length>19</length><match><data>\x09Enter last name: \x00</data></match></read>
    <write><data>pTcouFHilmwkHQeizhBPYYoe\x0a</data></write>
    <read><length>20</length><match><data>\x09Your ID number is: </data></match></read>
    <read><length>9</length><match><data>12341240\x0a</data></match></read>
    <read><length>41</length><match><data>14: Login\x0a\x0038. Register Voter\x0a\x0095. Quit\x0a\x00</data></match></read>
    <read><length>19</length><match><data>Choose an option: \x00</data></match></read>
    <write><data>38\x0a</data></write>
    <read><length>20</length><match><data>\x23\x23 Create voter \x23\x23\x0a\x00</data></match></read>
    <read><length>20</length><match><data>\x09Enter first name: \x00</data></match></read>
    <write><data>ytiCozBZEaYYpMaAiWErdrOmlfj\x0a</data></write>
    <read><length>19</length><match><data>\x09Enter last name: \x00</data></match></read>
    <write><data>jKxJD\x0a</data></write>
    <read><length>20</length><match><data>\x09Your ID number is: </data></match></read>
    <read><length>9</length><match><data>12341241\x0a</data></match></read>
    <read><length>41</length><match><data>14: Login\x0a\x0038. Register Voter\x0a\x0095. Quit\x0a\x00</data></match></read>
    <read><length>19</length><match><data>Choose an option: \x00</data></match></read>
    <write><data>38\x0a</data></write>
    <read><length>20</length><match><data>\x23\x23 Create voter \x23\x23\x0a\x00</data></match></read>
    <read><length>20</length><match><data>\x09Enter first name: \x00</data></match></read>
    <write><data>EAoxVVpcVgURZikYjRc\x0a</data></write>
    <read><length>19</length><match><data>\x09Enter last name: \x00</data></match></read>
    <write><data>tBqCqtCoJAqEwvMrnVECFdzoqQFpoRwFBqURMG\x0a</data></write>
    <read><length>20</length><match><data>\x09Your ID number is: </data></match></read>
    <read><length>9</length><match><data>12341242\x0a</data></match></read>
    <read><length>41</length><match><data>14: Login\x0a\x0038. Register Voter\x0a\x0095. Quit\x0a\x00</data></match></read>
    <read><length>19</length><match><data>Choose an option: \x00</data></match></read>
    <write><data>38\x0a</data></write>
    <read><length>20</length><match><data>\x23\x23 Create voter \x23\x23\x0a\x00</data></match></read>
    <read><length>20</length><match><data>\x09Enter first name: \x00</data></match></read>
    <write><data>xAOzILMPWDUEyozOUIXAlYNdRkaedbpsIvXAaMiOLOcDf\x0a</data></write>
    <read><length>19</length><match><data>\x09Enter last name: \x00</data></match></read>
    <write><data>pzIbYiTmVZYgUk\x0a</data></write>
    <read><length>20</length><match><data>\x09Your ID number is: </data></match></read>
    <read><length>9</length><match><data>12341243\x0a</data></match></read>
    <read><length>41</length><match><data>14: Login\x0a\x0038. Register Voter\x0a\x0095. Quit\x0a\x00</data></match></read>
    <read><length>19</length><match><data>Choose an option: \x00</data></match></read>
    <write><data>38\x0a</data></write>
    <read><length>20</length><match><data>\x23\x23 Create voter \x23\x23\x0a\x00</data></match></read>
    <read><length>20</length><match><data>\x09Enter first name: \x00</data></match></read>
    <write><data>PDGzGNWeFzyJuUKeilcpIfW\x0a</data></write>
    <read><length>19</length><match><data>\x09Enter last name: \x00</data></match></read>
    <write><data>hWQJbxEDWvZHftYORnTcNgoIYzvx\x0a</data></write>
    <read><length>20</length><match><data>\x09Your ID number is: </data></match></read>
    <read><length>9</length><match><data>12341244\x0a</data></match></read>
    <read><length>41</length><match><data>14: Login\x0a\x0038. Register Voter\x0a\x0095. Quit\x0a\x00</data></match></read>
    <read><length>19</length><match><data>Choose an option: \x00</data></match></read>
    <write><data>14\x0a</data></write>
    <read><length>24</length><match><data>\x09Enter your ID number: \x00</data></match></read>
    <write><data>12341243\x0a</data></write>
    <read><length>19</length><match><data>\x09Enter last name: \x00</data></match></read>
    <write><data>pzIbYiTmVZYgUk\x0a</data></write>
    <read><length>25</length><match><data>15: Main Menu\x0a\x0095. Quit\x0a\x00</data></match></read>
    <read><length>19</length><match><data>Choose an option: \x00</data></match></read>
    <write><data>54\x0a</data></write>
    <read><length>22</length><match><data>Is voting too hard?!\x0a\x00</data></match></read>
</replay>
</pov>