<?xml version="1.0" standalone="no" ?>
<!DOCTYPE pov SYSTEM "/usr/share/cgc-docs/replay.dtd">
<pov>
<cbid>service</cbid>
<seed>b27eaabd50115becb9d4d83f98c85ab758eabea19d5df2a453936123f42af3df51c65792bc213fefad95004ed2fba30e</seed>
<replay>
    <delay>50</delay>
    <write><data>\x1e\x08\x00\x00</data></write>
    <write><data>Q\x5cX\xc3\x1e\x08\x00\x00\x02\x00\xe4W\x00\x00\x06\xfeU\x1e\x00\x00\x00\x00\x00\x02\x1a\xee\x1e\x06\x00\x00\x94\x609a\x07i\xfe\x92\xafo\x0eaoR\x0ckBh\x02i\x08kba\x0aiHZ\x92\x13\x03k\x91b\x24e\xeeo\x01deg\xf1a\x5de\xeco\xaffIos\xe3\x99\x1e\x02k\xd7e\xf2o\x07l\x06\x22\x1ce\xf0o\x1aC\xe9\xa7\x02dLh2\xa2\x9d\x3d\x12G3\x00\xc8c\x04a\xb2\x97\x94c\x12mVj\x99hS\x16\x09m\x97\xa4\x9a\x08\x04c\x0fl\xb7?\x06l\xb7n\x84\xf6\x2bm\xa7\x85\x17\x90\xa8\x60\x88b\xda\x17\x3db\xdbe\x7bo\xe4\xc67\x88\xb7\xa4\x82o\xa4c\x1d\xec\xc1b\x01l\x5dfNo\x84b\x04i\x9dn\xb9c0\x03\xe7\x60\xd5L\x02d\x15\x96\xdc\x5d\x85g\x04iNI\xea\xd0jb\x98e\xb5o\xc6o\xed\x034\x94\x5e\x60\xfaf\x8bo\x82e\x0do\x01d\x0ei\x5bm\x11\xa6\xc0\x86\x7be\xfbo\xcd\x99\xd8o\xd8\x99\xc2c\xe1\xef\x02dC\xdf\x9bmVn\x0e\xd040\x0dc\x09k\x0cl\x0bl\x88o\x92\x87\xaaevoC\xeb\x01dKb\xfc\xc9\xdfm\xf4h\x00iO\x60Anca\xc0c\x86m\x1c\xc8\xffc\x10m\x98b\x05eAo\xe5\x1c\xed.Pb\x0bl\x02\x8e\x9b\x05W\xa8E\x60\xd6mJ\xdb\x08csa\x7c\x1f\xad\xad\x1b\x1e\x06\x2a\xa7e\xf5o\xfaf\x18o\xc2\x5dCo\x3cj\x00k\x07m\x7ba\x9c\x84\xe3\xd8\x07l\x88hx6\xea\x00\xbe5\xcae0o\xeec\x01d\xd3j2\x8a\xb3\xda\x89L\x97\xdf5\x1fzCdg\xea\x0f\x90\xa32n\x18jIo\x02d\xdb\xd2\x5e\x0c\xe4\xf2\x1c\xaf\x17a\xc1\x8fF\x5e\x05i\xe1\xeb0\xad\xce\x9a\x0fi\x02d\x8a\x2f\x0al\x0ek\x0d\x3e\x2d\x86\xb6e\xa4o\x254.H\xb2\x23\x08i\xae\x60Yn\xben\x97f\xfao\x0di\x1a\x91R\x60wg\x0alim\x9af\xfdo\xbe5\x02nR\x04\xa4m\x0bl\x0b\x9a\xf7bx\x81WD\x96atf\xeeo\x95o\x24mB\x0a\x00G\x5da\x95\x2a\xe9h\x967\x9b\xc6\xa8\x10\x93c\x10o\xb8\x83\xc3m\xb5JTo\xb5oBf\x7copn\x7bLtg\x15B\x5b\x0fi\x93\xb0\x80\x01d\x01d\xa5b\xdde\xc5o\xb3\x1b\x60\x9f\xdfb\x0bk\xceb\x17\x1e\xc9\xaa\x7da\xa0c\x85Q\x0ai\xf4\xa6\xaa\x88\xa9n\xf9g\x2acX\xd2Y\x86w\xd8Z6\xd4j8b\xfa\xcd\x0cl\x8e\x23\xda\x93\x1aaI\xe02\x08\x02d\xee\x9dob\x95\x60\x0dk4\x91\x04l\x80\x18\x16K\x03\x9b\x0bm2\x60Qg\xb4e\x8do\xe71\x12\x1d\x099\xcc\xc0\xad\xa0\x2aQ\x02l\xc5a\x00i\xd4j\x7cc\xa6o\xc5DMb3\xcd6\xda\xe7A\x03l\x01d\xa3\x8e\xf2a\x80\x90\xf4\x8e\xc2\x60\xe9o\x00kM\x9a\x25\x88\xd8bQbke\xdao\x03\x82!\x8fE\xa2\x23\x1d\x7eh\x7b\xa6\x0cl\x01i\xd6o\x8f\x60\xebhD3b\xf2gm\x2dU\x9c\x98\x09\xcdTb\xdbf\x2coHbw\x98a\xaf\xffJ7m\xa8n\x8cn\x00k\x07k\x3eeMo\xc2b\xd1af\x8d\x01d\x80o\x8d\x0f\x0cl\xb0n\x5b\x0042Q\xc7\xfag\x60\x83\xba.\xa1\xed\xe5M\xa6\xd8\x0fiwf\x0ao\x89bk\xdb\xbe\x60\x5cf\xcfo\xe1\x25\xb4a\x3cb\x3eg\x93a\xd5h\xc5 \xcb\x23\xfc\x83\x0akI\x96\xc8\x09n\x96d!Tj\xd5c1\xa1\xf4j\x02d\x01dHf\xe4o\xb4\x84\x3bo\x7ba\x7e\x2d\xe7\x96C\x03wb\x04l\x95\xa6\xba\xa0hc\x0eir\x2f\x88o\xf5\xaeYm\x0e\x018\x12\x07k\x8fb\xc6bjnp\x90Ho\xe0aE?\xe7f\xeaobe\x00o\x01k\xb4FD\xf1\x00\x03\x7d\x87\x02dnm\x2a\xdb\xfan\x8en\xedY\xafg\x05i\x85\x3d\x22\x0c\x05l\x1cG\x88\x0c\xc9\xa1\xa5f\xa7o\x09l\x09i\xc0n\xdeL\x09\x85C\xdd\x98fzoqY\xd0o\x06\x03\xfaf\xa5o\x92a\x0c\xa9\x0ci\x91j\xc0\x85\xfd\x9d\xa8\x1a\xc3\x88H\xa1\xf6\xae\x17?7\xd9\xb6n\x01k\x8bm\x05\x00\xa2c\x8ao\xad0\x07k\xe39\x9bm\x24\x96\xbc\x2d\x07k\x5fn\x03N\x95ffoVb\x11\x1c\xc9mfP\x03\x60\xd5\xaa\xbc\xc6\x00\x91\x01d\xfa\x9e\x0dk\x16\x01Bo\xae\xa7\x10o\x0ai\x0dk\xc7b\x01k\xa7b\x15KdU\x08i\x02d\x01d\xf3a\x60J\x2bO\xc2\x60\x01\x94\x00\x60hg\x26jYa\xd9T\x9bfNo?\xa2\x95M\xd7.\x03kmf\x1ao\xc8\x2d\x00l\xd9\xa0L\x07x\xc1\x01d\x19e\xado\x25j\x02f\xado\xf6\xe9\xcba\xbfj\x85c\xc5o\xf7\x99\x83o\x2c\xfd\xaaj\x97\x9bln\xeda\xbd\xa8\xdb\xf0\xeda\x06lThG\xc6\x0a\x23\xe3bea\x121\xa5b\xd4\x25\xd6euo\xb1\x9a\x13\x0d\x07k\x02d\xfee\x93o\x96\xc4!j\x0eb\x29\x8d\x02d\xf3\x9b\x1a\xea\x12\x60\x09l5fwob\xaf\xd0\x40\xcf\x8a\xfan\xc8\xcd\xf4b\x0bi\x96\x23A\xf6\x03l\x07c\x8aa\x0ci\x05k8m\xbf\xa6hg\x9e\xa1\x01d\xeb\x8f\x0d\x10\xfen\xa3e\xe2od5Xb\x87\x9c\xd8o\x15\xa5\xd7o\xb5\x99\xe6U\xf7\x2b\xd7e\x8bo\xf1\xa6\xce?\xd9\xc7\xb8\x99\xc1\x80wZ\x84\x8d\x25\x82g\x8e\xafc\x0f6\xa4j\x08i\x9b\x97\xa7\x90\x8ca\xe3jwn?\x85\x82\xc56\x81\x0el\x02d\xda\x8d\x7c\xc4\xd1o\x81c\x09\x5e\x05k\x0ai\x3coM\x01\x96c\x01dMb8o\xb4H\x91o\xc2f\xe9o\xd5n\x96\x96\x0f\xec\xa2o\xd5b\xceb\x83\x8b\x00l\x14F\x3e\x84\xaa\xd2\x26\x944elohmK\x97\xc6\x98\x02d\x09b\x11\xce\xabj\x8f\xd0Um\x00k\xce\xad\x06\x80ja\xdb\x9a\x0flUg\xaa\x0e?Xdf\x2ao\x98\x29Z\x9b\xb2\x1a\x04leeeoZ\x16\xb3\xce\x7bf\xbdo\x7eo\x0am\x0ai\x0bf\x9bo\x8a\x8f\xffAH\x04\x1bc\xdbA\xde\x88\x0di\xb0\x5e\xbefeom\x88vc\x0di\xafj b\x9f\xac5\xa2\x01dYo\xee\xa42\x8d\x85j\xed\xa8\x0fk\x8ab\x05l\x06lCa\x92\xe8\x00\x60\x01d\x94\xd2\x9enO\x86\xcc\xf6\x0bk\xdch\x3bm\x7b\xf4\x0fk\x03m\xe7\x8br7\xdcc\x84\x8d\xfd1\x9f\xd4\x00k\xcf7\xdbj\x2b\xafua\xcd\x91\x0fi\x17fko\x03i\x05lhoB\x18\xd1j\x800\x2ce\x8ao\x8ceLo\x95\x14\x01d\x94h\x3bb\x26aqaXh\xa0\x60\x07k\x1a\x1f\x0f\x9f\xd4\x82\x97j\x9cc\x1ef\xe0o\xff\x95Bm\xec\x5e\xac\x8d\x3dg\x1dc\x0c\x238\x94\x29c\x90\x5eO\xc1\xc4n\x03k\xefaa\xae\xd6\xfd\xc2\x60Zf\x16o\x16\xaf\x04\x82qg\x1d\x01\x02d\xceb\xb1f\x96o\x02d\x3d\x8fg\x16\x9fn\x7dm\x9do\xce\x82\x02d\x00i\xc5W\xf6j\x06is2\x5eO\x19n\x1a\x60\x04i\xba\x9dC \xa9\x82\x22H\xe61\x2b\x9bN\xa6\xce\x98\xffc\xdcn\xf1f\x0co\xd8W\x19\x22gf\x25o\x06\xab\xc8jx\x80\x27\x5c\x7e\x10A\xaa2m\x87a\x0fiRU\x91c\x84\x1a\x83\xc0yjg\x83\x0fk\x2f\x01Ae\xb8o\xa5\xd6\x01d\xd8\xca\x2b\x85m\xaa\xe2.\x02d\x02d\xa3\x95\x85\x03\xea\xd1\x0ei\x1f!M\x9e\x2doW\x16\xedXcm\xddg\xd9\x9b\xd8c\x01d\xaej\x02\x8a\x03\x8b\x02d\x97\x8f\x02k\xf9\x83\xb0bO\x8f\x29\xe4zb\xb8\x60\x3ce\x8fo\x01c\x80mY\xa8\x10n\xea\x94\x9a\x86\x16\x86\xc0\x95\xa5\x86\x85f\xdbo\x04i\x85m\x1c\xa2\xd7\x11\x00l\x02da\x99\x0aatf\xdboum\x07l\x01d\xdb\x1c\xd9\x02\xf2m\xe3\x1a\xdfj\xd9m\xe1\x0a\xd7\x1e\x9bb\x0cl\xcd\x60T\x60yeFo\x3dn6\x885\x10\x2b\x8f\xe5\xc5\x5dj\x11\xd2\xe1\xeb\x05lx\xdc\x88\xaf\xc0\xa4\xffN\x0bk1\xc8\x0di\x8e\xa6\xf4floI\x13\x83\x9b5h\x3eS\x05?\xdbn\x02dra\xbdhb\x86E\xa7\xe9\xa5\xac\x1a\x2a\x27\x84\x15\x92\x60\xc8a\x01d\xf1cq\x19\x81\xa5\x2af\xc6o</data></write>
    <read><delim>\x0a\x3d\x3d\x3d\x3d\x3d\x0a</delim><match><data>DEBUG:Instructions: 1\x0aR0  \x3d 00000000 R1  \x3d 00000000 R2  \x3d 00000000 R3  \x3d 00000000\x0aR4  \x3d 00000000 R5  \x3d 00000000 R6  \x3d 00000000 R7  \x3d 00000000\x0aR8  \x3d 00000000 R9  \x3d 00000000 R10 \x3d 00000000 R11 \x3d 00000000\x0aR12 \x3d 00000000 R13 \x3d 00000000 SP  \x3d 0000FFFC PC  \x3d 000057E6\x0a\x3d\x3d\x3d\x3d\x3d\x0a</data></match></read>
    <read><delim>\x0a\x3d\x3d\x3d\x3d\x3d\x0a</delim><match><data>DEBUG:Instructions: 2\x0aR0  \x3d 00000000 R1  \x3d 00000000 R2  \x3d 00000078 R3  \x3d 00000000\x0aR4  \x3d 00000000 R5  \x3d 00000000 R6  \x3d 00000000 R7  \x3d 00000000\x0aR8  \x3d 00000000 R9  \x3d 00000000 R10 \x3d 00000000 R11 \x3d 00000000\x0aR12 \x3d 00000000 R13 \x3d 00000000 SP  \x3d 0000FFFC PC  \x3d 000057E8\x0a\x3d\x3d\x3d\x3d\x3d\x0a</data></match></read>
    <read><delim>\x0a\x3d\x3d\x3d\x3d\x3d\x0a</delim><match><data>DEBUG:Instructions: 3\x0aR0  \x3d 00000000 R1  \x3d 00000000 R2  \x3d 00000078 R3  \x3d 00000000\x0aR4  \x3d 00000000 R5  \x3d 00000000 R6  \x3d 00000000 R7  \x3d 00000000\x0aR8  \x3d 00000000 R9  \x3d 00000000 R10 \x3d 00000000 R11 \x3d 00000000\x0aR12 \x3d 00000000 R13 \x3d 00000000 SP  \x3d 0000FFFC PC  \x3d 000057EA\x0a\x3d\x3d\x3d\x3d\x3d\x0a</data></match></read>
    <read><delim>\x0a\x3d\x3d\x3d\x3d\x3d\x0a</delim><match><data>DEBUG:Instructions: 4\x0aR0  \x3d 00000000 R1  \x3d 00000000 R2  \x3d 00000078 R3  \x3d 00000000\x0aR4  \x3d 00000000 R5  \x3d 00000000 R6  \x3d 00000000 R7  \x3d 00000000\x0aR8  \x3d 00000000 R9  \x3d 00000000 R10 \x3d 00000000 R11 \x3d 00000000\x0aR12 \x3d 00000000 R13 \x3d 00000000 SP  \x3d 0000FFFC PC  \x3d 000057EC\x0a\x3d\x3d\x3d\x3d\x3d\x0a</data></match></read>
    <read><delim>\x0a\x3d\x3d\x3d\x3d\x3d\x0a</delim><match><data>DEBUG:Instructions: 5\x0aR0  \x3d 00000000 R1  \x3d 00000000 R2  \x3d 00000078 R3  \x3d 00000000\x0aR4  \x3d 00000000 R5  \x3d 00000000 R6  \x3d 00000000 R7  \x3d 00000000\x0aR8  \x3d 00000000 R9  \x3d 00000000 R10 \x3d 00000000 R11 \x3d 00000000\x0aR12 \x3d 00000000 R13 \x3d 00000000 SP  \x3d 0000FFFC PC  \x3d 000057EE\x0a\x3d\x3d\x3d\x3d\x3d\x0a</data></match></read>
    <read><delim>\x0a</delim><match><data>Exception: Invalid opcode\x0a</data></match></read>
    <read><delim>\x0aEnd Registers\x0a</delim><match><data>Registers:\x0aInstructions: 5\x0aR0  \x3d 00000000 R1  \x3d 00000000 R2  \x3d 00000078 R3  \x3d 00000000\x0aR4  \x3d 00000000 R5  \x3d 00000000 R6  \x3d 00000000 R7  \x3d 00000000\x0aR8  \x3d 00000000 R9  \x3d 00000000 R10 \x3d 00000000 R11 \x3d 00000000\x0aR12 \x3d 00000000 R13 \x3d 00000000 SP  \x3d 0000FFFC PC  \x3d 000057EE\x0aEnd Registers\x0a</data></match></read>
</replay>
</pov>