<?xml version="1.0" standalone="no" ?>
<!DOCTYPE pov SYSTEM "/usr/share/cgc-docs/replay.dtd">
<pov>
<cbid>service</cbid>
<seed>eaf450db79f1e453edbea641e0eae4ae2b218b3c8cf7a0da0115557bbe1502532b3035ecc6739c6f6b62c621abb4ddd2</seed>
<replay>
    <delay>50</delay>
    <write><data>0\x10\x00\x00</data></write>
    <write><data>Q\x5cX\xc30\x10\x00\x00\x04\x00\x8a\x9d\x00\x00\x06\x24\x9d0\x00\x00\x00\x00\x00\x02\x3c\xb20\x06\x00\x00\x02\x00\x06\x80\x110\x08\x00\x00\x01\x00\x02 u0\x0e\x00\x00\x99\x9d\x05k\x28?Q\x1d\xa7o\xf0e\x8bo\xc7\x88\x2d\x88c\x97\x99n\x93\x80\xd3Ubf\xf5o\x92evo\x0ck\x05h\x25\x9b\xdfZ\xe2\x89\x2ag\x0di\x02dzn\xfab\x01d\x02d\xb9a\x1cm\xfdc\x15\x8f\x2dc\x02d\xcfa5c\x8fc\x23\x95\xec\xf2\x01d\x90\x8c\xa8\x87\x99c\x02d\x28\x60\xfcc\xed\x98\x83\x82\xa5m\x08i\xf4nr\x90\x27\xac3\x24\x0al\xeb\x9c\x02d\x15n\x0dk\xaea\xab\x0b\xb8\x98\xd5fMo\xd2\xf0\x82\x94\xcd\x97Fc\x861\x3b\x89\xdbo\x1ca\x07k\x02d\xe0e\x15o\xc4n\x26c\xa9\x8a\x2dc\x0fl\x98\x3eK\x88\xd5b\xd7\xf5\xde\xe4\x15\x60\x1c\x94\x2b\x82\x24C\x1c\xad\x2f\xcc\xc7\x0c\xcf\xaf\xf2\xf4\xc1\x60!\xea\x02d\xc6b\x95\x97\x5d\x8eU\x17\x1f\x25\xe2bp\x60pj\xb5m\xa2FmH\x94\xcd\x04e\xaao\x10gQ\xa9xg\x1909a\x0bk\xc7n1m\x9e\xaa\xb0a\xec\x81\x8c\x13\xc8b\xbde\xc0o6m\x0ci\xf4\xea\x03fmo\xb24\xd5\xa2\x12o\x0bl\xd4\x60j\xd0\x2c\xc1\x9c\x89\x00\x8e\x5e\x98\x1c\xa1\x5c\xc6\x2aL\xfcc\xdcck\x1f\x85a\x01\x9e\x17\x9b\x13\x60\xefbO2\x09\x9d\x02d\x7c\xae\x2f\xf2\xe3gg\xa4\x0e\x3d\xb4f\x0ao\x2b\xed\xf5\x14\x14\x18\x94\xa0\x7dm4c\x02d6f\x05o\x0bk\xd3\xa0\xb7f\x11o\x7b\x83\xa2e\xc5o\xcdc\xf3o\x85\x87\xa9c\xa6o\x0fi\x28m\x2df\x5eoiO\xc2CL\x8d\xb8\x60\x2cn\x01d\xeff\xcdo\x2bb\x06k\x60f\xdeo\x05l\x8d\x60\x01\x0f\x01l\x91A\x5d\xa5\x00i\x18o\xeeO\x40\x954h\x5fn\xe1\x60\x0ci\x0ba\xd0cR\x28T\x84\xd5e\xbdo\xf4mo\x91\xdf\x26\xe0\x9bw\x8eSe\xd0o\xfd\xff\x24f\xb3o\xb5\xd4\xcej\xfa\x07G\xa7:e\xfbomgl\x8f\x9c\xa9\x04a\x83o\x02\x16\xfdf\xfao\xf9\x60\xf5\x40\xc2\xaa\x02d\x8f\xae\xa1\x88\x96b\x02V\xd7\x90XeOoua\x14\xd7\xf2\x5fAf\x80o\x8a\xae\x03i\x00lobe\x26To\xc0\x189\xa6\x7f\xa1\x1d\x95\xda\x80\xd4\x60m\x9c\x0bl\xc7\x97\x0aiE\xa5\xbe\xae!h\xe8hu\xfd\x19\x60\x92cIb\x91\x1c\x06i?\x60\xc0U\x08i\xf5mK\x2f\xc9MIo\x9am\xb1\x9d\xa9\x16\xafn\x22\x8d\xc1\x1a\x0ak\xc4\x23\xd3\xa2\xe4Dfh\x18nX\x25\x0ck\x02d\x07k\x7c\xcd\xbc\x60\x93\x2a\x82b\xeeb\xbc\x9a\xacm\xd3\xad\x2dc\x0ci\x01d\xa6n\x25\xd8\x93\xd3jn\xaf\x3b\x0ba\xdbc\xa7:rf\xddo\x85j\x08kGX\xf1n \x9f\xde\x80\x1f\x9f\x0fk\x01iNj\xed\x60\xe3\x2cyF\x0blZ\x87\x01d\x02d\x04m\x2fn\xbbP\x09k\x0bcmc\xe3\xe6\x90\x95\xbfF.b\x7c\x94\x86\x26j\x9d\x90\xf4\xe9j\xd01\x23\x28\xf8\xd6\x3ec\x5ff\xc6o\x89\x8a\x00k\xb5\x04\x07\xf4\x08l\x5f\x60h\x2c\x0al\x25m\x18j\xfcoPaof\xbco\x94\x03\xb3e\xe2o\x01d\xb1m\xbem\xfb\x0b\x1f\x94\xa7\x87\xe4nxc\x18\x02\xb4\xab\xda\xac\x97\x9a\x04l\x9af\x9ao\x91a\x81\xa4\xdde\x19o\xf1\x07\x09i\x00i\xa9\x25\x14\xa9\xfc\x8f\xbao\xe4\x60\xa3e\xabo\x01d\x01d\xff\x97\xe6\x2b\xc1c\x1cf\xcco\xf0\x13\xeb\x9c\x0e\x8d\xe2o\x00iCe\x1ao\x02d\xed\xa3\x0dka\x60\xc7\x9f\x8da\x08\x60\xb3\x3e\x83\x97\xa7m\x0fl\xb1c\x40g\x3cmMmn\x2b\xb7\x8e\xc2\xf2\xe5\xf3\x0d\x60V\x3b\xf1m\x01d\xfbh\xaf\xa5\x9bn\xed\x81\xdf\x0e\x9fVD\xa1\x8dK\x3d\xea\x5f\x17\xe9\xaf\xf5o\x01k\x8df\xb2o\xd2efo\x90m\x27\x3b\xd68\x17\x60\xffa\x40\x86\x28\x3b\x9f\x95\xc7\x60\x0ei\x9ejj\x14\x02d\x01d\xdao\xba.\x09k\x01d\xd1\x2c\x17a\x5b\x04c\x99\x0al\xbe\x0a8b\xde\x0a nq\x9c\xab\x87\x82\xcf\x0c\x24\xe2n\x0bl\x9fe\x8bo\x0alr\x9a\xf0\xa1\x3b\x60\x0b\x16Z\x8d\xaf4\xe7\x98b8l\xa3\xe9\x8f\x0ci\x5ca\x22N\x0clwA\xef\x84\x0cl\xf4\x09\x02i\xb7K\x11\x3br\x80\x03kJ\xdc\xe8e\x93o\x00ize\xc0o\x00l\xce\xd2!\x95\x90bO\x9f\x05i\xf5m\xf9\x5c\x0blDJ\x94\xcd\x98\x91K\xa4\x01d\xbba\xddo\x84\xa5\xf8\xd3\x95\xdc5j\xfc\x9bo\x12\x3cf\xcdo\x95\x885\x24A\x93?\x03\x2a\x25\x05\x60\x02\xa9\x01d\xd7\x98\x27jp4I\x40\xcf\x6059io\xb6nE\xaa\x02d\x86f\x8eo\xffa\x8fb\xc4g\x9db\xaan\x09lQb\x14\x60\x08b\x84\x3b\x0fl\x9a\x2fDL\xfa\x5c\x40\x9c\x9boRg.\x8fP4\xf8c\xfb\x8a\x01d7\x60\x2fcC\xd4\xc8\x1b\xbc\x92\xe96\x7fn?\xa6\xf6\x10\x93\x29\x96f\x07o\xcd\xa3\xb0\x13?bp\x00\x06k\x9bf\x7coTb\xdc\x29\xa4e\xe0olc\xcabxo\xf1X\xd9j\x02d\x88C9\xc9Cb\x29h\xcdo\x0f\xac\xb6\x60\x7c\x252\xfclfXo\xa3e\xb8o\xb9\xcd\x02d\x01kwbj\x22\x01iVh4\x81\x0b\xa6\xf0O\xc9\x81\x02d\x98\xfd\x3e\xae\x16a\xc7\x5f\x0dk\x00k\xa7g\x7e\x04\xd2m\xac\x0e\xe8\xdf\x83\x5b\xbf\x82\x99n\xa9\x10\x0agKj\xf9\x18\x11\x18\xc1o\xf4\x04P\x609\xab\x02d\x11a\x05l\x01d\x02lpj\xdemra\xedI\xb7\x19\x06\x83\x82\x5c\xbc\xa8\xfcX\x91j\x12\xae\x0fe\xbeomW\x04lke\x5fo\x07i\x2a\x60\x8ca\x5d\x1c\x08k\xa2\xc4eC\x26g\x1a\xd0\xbfo\x3eM\x17\x81\xa8\xaa\x8fDx\xf3? aj\xb9a\x5bDT\x0eGn\x7e\x1b\x7b\x15\x95j\x80a\x5e\x8c7n\x8a.\xce\xcf\x97V\xa5eJo\xcfo\x0b\xa8\x06l\xd3o\xcd\x5c\xe0\x92SSi\xa9T\x82M0\xdc\x9f\xf2m\x0fl\x06k\x96\x88g:\x5e\x9c\x5cn.\x13\x04lV\x9c\x067\x0bl\x01l\x91o\x15e\x06oHa\x01d\x3e\xe2t\x60\xc1\x85\xb1\x85\xdd\x08xn\x0bl\xb6\x22\xc8\xa3\x99e\x5do\x81\x2d\x60\xa9\x11o\xf0\x93\x26\x60\x02kef\x96o\xe4.xm\xa6m\x95\xa6\x0bi\xe9m\xcde\xdco\x04k\xd5nZ\x84j\x60Vo\xa0\x84kn\x0ci\xed\xc4\x04i\xbbe\x1eo\x0dcj\x2d\xa8b\x3c\x24\x0bi\x5f\xc1io\x7f\x60\xe2\x94\xed4\xa4\xa5\xe7E\xddo6h\xcae\xd3o\xeb\x03\xf8\x91\xc0\x80\xac\x1e\x97g\x23g\x11o\xffbAc\xa8\x8cAn\x27\xaea\x5b\x9a\xc8\xb7\xe0\xaa\xd6\xb6o\x85\xf6\x98I\xe0a\xefe\x9ao\xcfD\xdd\x84\x0eo\x06l\x02d\x15\x88\x19\x60o\x94Y\x8c\x04i\x0ciFU\x97\x9f\xf4\x0a\x15bPa\x87F\xd5m5o\x0dl\x02i\xa2h\xd8\x1c\x23n\x96c\xa2\xccD\xd0\x0ei\xcef\x87o\x06\x9d\x8fc\xe4\x9d\x24\x8dD\xf3c\xad\x02d\xe9\x89!\x1d\x9b\xad\xd4o\x3b\x99\x2f\x85\x91a\xf70\x06l\xb7\xa3\x0fi\xdaoTe\xa4oFc\x0ei\xe598e\xf4ozf o\x0fkJ\xf5\x25o\x0c\x97Io\x9dm\x02d\xc9\x87\xcc\x8e\x09i\xaf\x23\x8b\x96\xfabj\x07\xbdnRn\x3bc\x5eh\x0ek\xce\x81\x84o\x06\xab\xb6a\x95\x8d\xb3mg\x18Ufdo\x02dx\x1a\x00i\x95m\x93\x607\x85E\x5c\x0baF\x14\x26\x28\x0bk\xe3\x1b\x8f\x14\x0b!\x07\x82\xa3bYo\x02d\x91b\x02f\xe2o\xb7\x60Fa\xb2o\x3b!\x1an\x0d\x84\x00W\x11g\xc8m\x08l\xbacyC\x03lB\x2a\x2bm\x04k\x09l\x0b\x3c\xb6e\xeao\x8c\x60\x00i\x0ai\x01k\x3d\x84\xa0b\xac\x2f\xf1e\xa7o\x08l\x08\xeb\xc4\x24\x28\x24\x2da\xed\x8aK\x60\xde Y\xec\xa4TR\xae\x05j\x0di\xd3\xf4\xcf\x0d\x09n\x0ek\x2afHoeM\x1e8\x01d\x14\x89\x7e\xe4\xdf\x26\xa2o\x87\x93\x1b\x28\x0ek\x08i\xbdaj\x89\x98\x09\xc4\x11\x3d\x12\x06\x1e\x0a\x28CX\x60m\xde.h\xf0\x1fo\xc2\xe0\x7b\x9b\xad\x85se\x17o\x00W\x7chJ\x8d\x3c\xab\xee\xee\xee\xee\xee\xee\xee\xee\xee\xee\xee\xee\xee\xee\xee\xee\xee\xee\xee\xee\xee\xee\xee\xee\xee\xee\xee\xee\xee\xee\xee\xee\xee\xee\xee\xee\xee\xee\xee\xee\xee\xee\xee\xee\xee\xee\xee\xee\xee\xee\xee\xee\xee\xee\xee\xee\xee\xee\xee\xee\xee\xee\xee\xee\xee\xee\xee\xee\xee\xee\xee\xee\xee\xee\xee\xee\xee\xee\xee\xee\xee\xee\xee\xee\xee\xee\xee\xee\xee\xee\xee\xee\xee\xee\xee\xee\xee\xee\xee\xee\xee\xee\xee\xee\xee\xee\xee\xee\xee\xee\xee\xee\xee\xee\xee\xee\xee\xee\xee\xee\xee\xee\xee\xee\xee\xee\xee\xee\xee\xee\xee\xee\xee\xee\xee\xee\xee\xee\xee\xee\xee\xee\xee\xee\xee\xee\xee\xee\xee\xee\xee\xee\xee\xee\xee\xee\xee\xee\xee\xee\xee\xee\xee\xee\xee\xee\xee\xee\xee\xee\xee\xee\xee\xee\xee\xee\xee\xee\xee\xee\xee\xee\xee\xee\xee\xee\xee\xee\xee\xee\xee\xee\xee\xee\xee\xee\xee\xee\xee\xee\xee\xee\xee\xee\xee\xee\xee\xee\xee\xee\xee\xee\xee\xee\xee\xee\xee\xee\xee\xee\xee\xee\xee\xee\xee\xee\xee\xee\xee\xee\xee\xee\xee\xee\xee\xee\xee\xee\xee\xee\xee\xee\xee\xee\xee\xee\xee\xee\xee\xee\xee\xee\xee\xee\xee\xee\xee\xee\xee\xee\xee\xee\xee\xee\xee\xee\xee\xee\xee\xee\xee\xee\xee\xee\xee\xee\xee\xee\xee\xee\xee\xee\xee\xee\xee\xee\xee\xee\xee\xee\xee\xee\xee\xee\xee\xee\xee\xee\xee\xee\xee\xee\xee\xee\xee\xee\xee\xee\xee\xee\xee\xee\xee\xee\xee\xee\xee\xee\xee\xee\xee\xee\xee\xee\xee\xee\xee\xee\xee\xee\xee\xee\xee\xee\xee\xee\xee\xee\xee\xee\xee\xee\xee\xee\xee\xee\xee\xee\xee\xee\xee\xee\xee\xee\xee\xee\xee\xee\xee\xee\xee\xee\xee\xee\xee\xee\xee\xee\xee\xee\xee\xee\xee\xee\xee\xee\xee\xee\xee\xee\xee\xee\xee\xee\xee\xee\xee\xee\xee\xee\xee\xee\xee\xee\xee\xee\xee\xee\xee\xee\xee\xee\xee\xee\xee\xee\xee\xee\xee\xee\xee\xee\xee\xee\xee\xee\xee\xee\xee\xee\xee\xee\xee\xee\xee\xee\xee\xee\xee\xee\xee\xee\xee\xee\xee\xee\xee\xee\xee\xee\xee\xee\xee\xee\xee\xee\xee\xee\xee\xee\xee\xee\xee\xee\xee\xee\xee\xee\xee\xee\xee\xee\xee\xee\xee\xee\xee\xee\xee\xee\xee\xee\xee\xee\xee\xee\xee\xee\xee\xee\xee\xee\xee\xee\xee\xee\xee\xee\xee\xee\xee\xee\xee\xee\xee\xee\xee\xee\xee\xee\xee\xee\xee\xee\xee\xee\xee\xee\xee\xee\xee\xee\xee\xee\xee\xee\xee\xee\xee\xee\xee\xee\xee\xee\xee\xee\xee\xee\xee\xee\xee\xee\xee\xee\xee\xee\xee\xee\xee\xee\xee\xee\xee\xee\xee\xee\xee\xee\xee\xee\xee\xee\xee\xee\xee\xee\xee\xee\xee\xee\xee\xee\xee\xee\xee\xee\xee\xee\xee\xee\xee\xee\xee\xee\xee\xee\xee\xee\xee\xee\xee\xee\xee\xee\xee\xee\xee\xee\xee\xee\xee\xee\xee\xee\xee\xee\xee\xee\xee\xee\xee\xee\xee\xee\xee\xee\xee\xee\xee\xee\xee\xee\xee\xee\xee\xee\xee\xee\xee\xee\xee\xee\xee\xee\xee\xee\xee\xee\xee\xee\xee\xee\xee\xee\xee\xee\xee\xee\xee\xee\xee\xee\xee\xee\xee\xee\xee\xee\xee\xee\xee\xee\xee\xee\xee\xee\xee\xee\xee\xee\xee\xee\xee\xee\xee\xee\xee\xee\xee\xee\xee\xee\xee\xee\xee\xee\xee\xee\xee\xee\xee\xee\xee\xee\xee\xee\xee\xee\xee\xee\xee\xee\xee\xee\xee\xee\xee\xee\xee\xee\xee\xee\xee\xee\xee\xee\xee\xee\xee\xee\xee\xee\xee\xee\xee\xee\xee\xee\xee\xee\xee\xee\xee\xee\xee\xee\xee\xee\xee\xee\xee\xee\xee\xee\xee\xee\xee\xee\xee\xee\xee\xee\xee\xee\xee\xee\xee\xee\xee\xee\xee\xee\xee\xee\xee\xee\xee\xee\xee\xee\xee\xee\xee\xee\xee\xee\xee\xee\xee\xee\xee\xee\xee\xee\xee\xee\xee\xee\xee\xee\xee\xee\xee\xee\xee\xee\xee\xee\xee\xee\xee\xee\xee\xee\xee\xee\xee\xee\xee\xee\xee\xee\xee\xee\xee\xee\xee\xee\xee\xee\xee\xee\xee\xee\xee\xee\xee\xee\xee\xee\xee\xee\xee\xee\xee\xee\xee\xee\xee\xee\xee\xee\xee\xee\xee\xee\xee\xee\xee\xee\xee\xee\xee\xee\xee\xee\xee\xee\xee\xee\xee\xee\xee\xee\xee\xee\xee\xee\xee\xee\xee\xee\xee\xee\xee\xee\xee\xee\xee\xee\xee\xee\xee\xee\xee\xee\xee\xee\xee\xee\xee\xee\xee\xee\xee\xee\xee\xee\xee\xee\xee\xee\xee\xee\xee\xee\xee\xee\xee\xee\xee\xee\xee\xee\xee\xee\xee\xee\xee\xee\xee\xee\xee\xee\xee\xee\xee\xee\xee\xee\xee\xee\xee\xee\xee\xee\xee\xee\xee\xee\xee\xee\xee\xee\xee\xee\xee\xee\xee\xee\xee\xee\xee\xee\xee\xee\xee\xee\xee\xee\xee\xee\xee\xee\xee\xee\xee\xee\xee\xee\xee\xee\xee\xee\xee\xee\xee\xee\xee\xee\xee\xee\xee\xee\xee\xee\xee\xee\xee\xee\xee\xee\xee\xee\xee\xee\xee\xee\xee\xee\xee\xee\xee\xee\xee\xee\xee\xee\xee\xee\xee\xee\xee\xee\xee\xee\xee\xee\xee\xee\xee\xee\xee\xee\xee\xee\xee\xee\xee\xee\xee\xee\xee\xee\xee\xee\xee\xee\xee\xee\xee\xee\xee\xee\xee\xee\xee\xee\xee\xee\xee\xee\xee\xee\xee\xee\xee\xee\xee\xee\xee\xee\xee\xee\xee\xee\xee\xee\xee\xee\xee\xee\xee\xee\xee\xee\xee\xee\xee\xee\xee\xee\xee\xee\xee\xee\xee\xee\xee\xee\xee\xee\xee\xee\xee\xee\xee\xee\xee\xee\xee\xee\xee\xee\xee\xee\xee\xee\xee\xee\xee\xee\xee\xee\xee\xee\xee\xee\xee\xee\xee\xee\xee\xee\xee\xee\xee\xee\xee\xee\xee\xee\xee\xee\xee\xee\xee\xee\xee\xee\xee\xee\xee\xee\xee\xee\xee\xee\xee\xee\xee\xee\xee\xee\xee\xee\xee\xee\xee\xee\xee\xee\xee\xee\xee\xee\xee\xee\xee\xee\xee\xee\xee\xee\xee\xee\xee\xee\xee\xee\xee\xee\xee\xee\xee\xee\xee\xee\xee\xee\xee\xee\xee\xee\xee\xee\xee\xee\xee\xee\xee\xee\xee\xee\xee\xee\xee\xee\xee\xee\xee\xee\xee\xee\xee\xee\xee\xee\xee\xee\xee\xee\xee\xee\xee\xee\xee\xee\xee\xee\xee\xee\xee\xee\xee\xee\xee\xee\xee\xee\xee\xee\xee\xee\xee\xee\xee\xee\xee\xee\xee\xee\xee\xee\xee\xee\xee\xee\xee\xee\xee\xee\xee\xee\xee\xee\xee\xee\xee\xee\xee\xee\xee\xee\xee\xee\xee\xee\xee\xee\xee\xee\xee\xee\xee\xee\xee\xee\xee\xee\xee\xee\xee\xee\xee\xee\xee\xee\xee\xee\xee\xee\xee\xee\xee\xee\xee\xee\xee\xee\xee\xee\xee\xee\xee\xee\xee\xee\xee\xee\xee\xee\xee\xee\xee\xee\xee\xee\xee\xee\xee\xee\xee\xee\xee\xee\xee\xee\xee\xee\xee\xee\xee\xee\xee\xee\xee\xee\xee\xee\xee\xee\xee\xee\xee\xee\xee\xee\xee\xee\xee\xee\xee\xee\xee\xee\xee\xee\xee\xee\xee\xee\xee\xee\xee\xee\xee\xee\xee\xee\xee\xee\xee\xee\xee\xee\xee\xee\xee\xee\xee\xee\xee\xee\xee\xee\xee\xee\xee\xee\xee\xee\xee\xee\xee\xee\xee\xee\xee\xee\xee\xee\xee\xee\xee\xee\xee\xee\xee\xee\xee\xee\xee\xee\xee\xee\xee\xee\xee\xee\xee\xee\xee\xee\xee\xee\xee\xee\xee\xee\xee\xee\xee\xee\xee\xee\xee\xee\xee\xee\xee\xee\xee\xee\xee\xee\xee\xee\xee\xee\xee\xee\xee\xee\xee\xee\xee\xee\xee\xee\xee\xee\xee\xee\xee\xee\xee\xee\xee\xee\xee\xee\xee\xee\xee\xee\xee\xee\xee\xee\xee\xee\xee\xee\xee\xee\xee\xee\xee\xee\xee\xee\xee\xee\xee\xee\xee\xee\xee\xee\xee\xee\xee\xee\xee\xee\xee\xee\xee\xee\xee\xee\xee\xee\xee\xee\xee\xee\xee\xee\xee\xee\xee\xee\xee\xee\xee\xee\xee\xee\xee\xee\xee\xee\xee\xee\xad\xad\xad\xad\xad\xad\xad\xad\xad\xad\xad\xad\xad\xad\xad\xad\xad\xad\xad\xad\xad\xad\xad\xad\xad\xad\xad\xad\xad\xad\xad\xad\xad\xad\xad\xad\xad\xad\xad\xad\xad\xad\xad\xad\xad\xad\xad\xad\xad\xad\xad\xad\xad\xad\xad\xad\xad\xad\xad\xad\xad\xad\xad\xad\xad\xad\xad\xad\xad\xad\xad\xad\xad\xad\xad\xad\xad\xad\xad\xad\xad\xad\xad\xad\xad\xad\xad\xad\xad\xad\xad\xad\xad\xad\xad\xad\xad\xad\xad\xad\xad\xad\xad\xad\xad\xad\xad\xad\xad\xad\xad\xad\xad\xad\xad\xad\xad\xad\xad\xad\xad\xad\xad\xad\xad\xad\xad\xad\xad\xad\xad\xad\xad\xad\xad\xad\xad\xad\xad\xad\xad\xad\xad\xad\xad\xad\xad\xad\xad\xad\xad\xad\xad\xad\xad\xad\xad\xad\xad\xad\xad\xad\xad\xad\xad\xad\xad\xad\xad\xad\xad\xad\xad\xad\xad\xad\xad\xad\xad\xad\xad\xad\xad\xad\xad\xad\xad\xad\xad\xad\xad\xad\xad\xad\xad\xad\xad\xad\xad\xad\xad\xad\xad\xad\xad\xad\xad\xad\xad\xad\xad\xad\xad\xad\xad\xad\xad\xad\xad\xad\xad\xad\xad\xad\xad\xad\xad\xad\xad\xad\xad\xad\xad\xad\xad\xad\xad\xad\xad\xad\xad\xad\xad\xad\xad\xad\xad\xad\xad\xad\xad\xad\xad\xad\xad\xad\xad\xad\xad\xad\xad\xad\xad\xad\xad\xad\xad\xad\xad\xad\xad\xad\xad\xad\xad\xad\xad\xad\xad\xad\xad\xad\xad\xad\xad\xad\xad\xad\xad\xad\xad\xad\xad\xad\xad\xad\xad\xad\xad\xad\xad\xad\xad\xad\xad\xad\xad\xad\xad\xad\xad\xad\xad\xad\xad\xad\xad\xad\xad\xad\xad\xad\xad\xad\xad\xad\xad\xad\xad\xad\xad\xad\xad\xad\xad\xad\xad\xad\xad\xad\xad\xad\xad\xad\xad\xad\xad\xad\xad\xad\xad\xad\xad\xad\xad\xad\xad\xad\xad\xad\xad\xad\xad\xad\xad\xad\xad\xad\xad\xad\xad\xad\xad\xad\xad\xad\xad\xad\xad\xad\xad\xad\xad\xad\xad\xad\xad\xad\xad\xad\xad\xad\xad\xad\xad\xad\xad\xad\xad\xad\xad\xad\xad\xad\xad\xad\xad\xad\xad\xad\xad\xad\xad\xad\xad\xad\xad\xad\xad\xad\xad\xad\xad\xad\xad\xad\xad\xad\xad\xad\xad\xad\xad\xad\xad\xad\xad\xad\xad\xad\xad\xad\xad\xad\xad\xad\xad\xad\xad\xad\xad\xad\xad\xad\xad\xad\xad\xad\xad\xad\xad\xad\xad\xad\xad\xad\xad\xad\xad\xad\xad\xad\xad\xad\xad\xad\xad\xad\xad\xad\xad\xad\xad\xad\xad\xad\xad\xad\xad\xad\xad\xad\xad\xad\xad\xad\xad\xad\xad\xad\xad\xad\xad\xad\xad\xad\xad\xad\xad\xad\xad\xad</data></write>
    <read><delim>\x0a\x3d\x3d\x3d\x3d\x3d\x0a</delim><match><data>DEBUG:Instructions: 1\x0aR0  \x3d 00000000 R1  \x3d 00000000 R2  \x3d 00000000 R3  \x3d 00000000\x0aR4  \x3d 00000000 R5  \x3d 00000000 R6  \x3d 00000000 R7  \x3d 00000000\x0aR8  \x3d 00000000 R9  \x3d 00000000 R10 \x3d 00000000 R11 \x3d 00000000\x0aR12 \x3d 00000000 R13 \x3d 00000000 SP  \x3d 0000FFFC PC  \x3d 00009D8C\x0a\x3d\x3d\x3d\x3d\x3d\x0a</data></match></read>
    <read><delim>\x0a</delim><match><data>Exception: MMU Write Exception\x0a</data></match></read>
    <read><delim>\x0aEnd Registers\x0a</delim><match><data>Registers:\x0aInstructions: 1\x0aR0  \x3d 00000000 R1  \x3d 00000000 R2  \x3d 00000000 R3  \x3d 00000000\x0aR4  \x3d 00000000 R5  \x3d 00000000 R6  \x3d 00000000 R7  \x3d 00000000\x0aR8  \x3d 00000000 R9  \x3d 00000000 R10 \x3d 00000000 R11 \x3d 00000000\x0aR12 \x3d 00000000 R13 \x3d 00000000 SP  \x3d 0000FFFC PC  \x3d 00009D8C\x0aEnd Registers\x0a</data></match></read>
</replay>
</pov>