<?xml version="1.0" standalone="no" ?>
<!DOCTYPE pov SYSTEM "/usr/share/cgc-docs/replay.dtd">
<pov>
<cbid>service</cbid>
<seed>48557a7683568cc6becd939552060980bab7bf82d7b9fed816d6b000e69ebea6c2050421b95299027e37d63476ce43f5</seed>
<replay>
    <delay>50</delay>
    <write><data>\x1e\x0c\x00\x00</data></write>
    <write><data>Q\x5cX\xc3\x1e\x0c\x00\x00\x02\x00\xa6\xe8\x00\x00\x06\x92\xe8\x1e\x00\x00\x00\x02\x00\x06\xd8\xbd\x1e\x06\x00\x00\x09fQo\x9a\xd2\x01d\x1f \xb4\x9b\xf8\xf0\x19ZW\xa2b\x11Kn\x8d\x98\x7cf5o\xddc\xec0\xdbj\xb0\x93\x03i\x0ca\x86\xa3\x0e\xe6Go\x01d\xd0\xce4\x10u\x2f\x0c\x9e\x0dit\xfa\x8d\x83Ra\x91\xcd\x8bm\x01d\x0flRn\xe5L\xfd\x87H\xa8\x5f\x25\x01l\x13h\x3cc\xd9f\xeco\x08lZ\x8d\x08k\x01d\x01d\x5e\x91\x00iC\x15\xc0\x9c\x26\x84\x7ca\x01d\x9c\x91\x29n\x08k\xe0\x89\x89fwoW\x81\x18a\xa2jte\x84o\x89\xe8o\x9a\x0flzhXb\xe1n\x40\x60\x0cl\x0ak\x0b9\x12\xfdz\x60\x89c\xec\xa0\x03k\x2cn\x9dn\x02d\xea\x1b\x18mA\xd2\xf3j\xe6\x5e\x0el\xa1h\x5ccc\x60\xab\x90\x3b\x9fC\xde\xefh\xe15\x06k\x8eW\x2bf\xefo a\xa7c\x0cl\x0biy\x5cG\x08\x06\xac\xf2\x3d\x3c\xa7nhib\x0bk\x054p\x8a\x06iL\xad\xea\x0bEa\xcdU\x22I\x16\xc9g\x18\x09o\xf2h\xd6\x14\x29\x0aAY\xdcI6m\x04L\xcc\x15aa\x29 \x09\x2fC\x27\xfcL\x1b\x86\x2f\x9c\x25\x8f\xd6\x15\xd0e\x83oUT\xec\x1d\xf8\xa1\x09l\x02ds\x0eqc\x8a\x93h\x19rm\xe7\xa0\x24bse\x60o\x0c\xcfi\x40\x40bHm\xe9\x1e\x9cnub\x8c\x92\xc9evo.m\xf2\xc0r\xabHb\x2a\xa8\xf1\x3bv\x11\xbd\x60\x22a\x2b\x04\xb5\xa7\xa1\xa68mem\x5d\xf2\x08k\xc5\x5e\x88\xa0\xffox\x86\xe3\x3d\x0bl\xd9\xf0\x1c\x11Zm\x23j\x2c\x82\x0fi\xab\xc8\x03l\x9e\x9b\xb8\x11\xed\x93\x23\x8c5h\x0ei\x05k\x18a\xe1\xa0\x11\x98\x15:\xe2j\xcd\xa1\x07i\x94W\x27\x9c\x02d\xdc\x8e\xe4\x19\x08l\xaan3\x19\x1c\xdc\xb3\x1c\x0cl\x7fm\xd5\xa7\x03ko\xa8\x1fc\x02ggo\x8c\xa4\x83\x839g\x10\x03\x7b\x60\x2be\xb8o\x0bi\xd2\xa92j\x08c\x96\x10i\x9bkm\x8c\x01\xb9\xc7\xddb\xf0\x1c\xd3m\x3b\x60\xefo2\x80\x08lZ\x8a\x01d\xdcD\x10\xd3\xa4h\xdfepo\xe1ad\x8c\x04i\x01l\x90fUo\x00k\xce?q\x178a\xf8o\xd5\x23b\xfc\xaeH\x2c\x93\xe5\x8b\x5fm\xe7o3\x60\x0eiJ\x60\x2c\xa7\xe5\x81\x7c\xfa\x04i\x02k\x9b\x92\xcf\x60\xe42\x29\xaa2\xae\x3c\xaa\x10\xf1Jo\x10\x60\x298Z\x8aY\x95t\xef\x0bg\x92f\xd9o\xca\x2b\x7c\x87\xfaH\xd1h\xdd\x60\x5fc\x5da\xc7\x84\x9cg\xbcR\xf9\x8a\x3eb\xd6\xa6F\x3c\x13\x8d\x06c\xd8\xe5\x7d\xd5\xa5b\xaa\x14\x03i\xed\x95\x98\x3d\xaf\xad\xc6H\xa2\x92\x7d\x99\x9dg\xfaP:\x60\x0fk\x8a3\xd7\xfb\x7cc\xb9\x9a\x0cj\xcemy\xc2\x03k\x8ce\x5bo c\x8d\x99\x8c\x60\x1aH\x0a\x8e2f\x85o\x87h\xe5o\xf6o\x02d\x28\xe7\xb1f\x24oa\xab\xe7\x9f\x09k\x1ch\xad\x60\xb1\x17\xa8\xa2\xd4naF\xceh\x7e\x3cK\x9c\xee\x13\x7c\xa1\xe0n\x2ao\x5b\xd0\x1f\x2f\xf3\xaf\x96\x24\x0a\x1e\xf2m\x13\x1a\x92a\xeamR\x88\x09kBa7\x8d\x91\x3c\x11n\x9a\x9b\x16b\x1a\xa2\x5dm\x06E8A\xe6\xa5\xaem\x27\x88\xf8g\x8c\x14\x0fi\xa3o\x0ae\xbfo\xaaf\xaco\xffjpc\x17\xdby\x10\x93m\x1a\x81\x94K\x0ej\x7e\xa7\x08a\x22\x60\xb3\x0e\xbbb?\x1a\x01l\x8a\x08\xf2\x3c\x04i\x0ak\x01\x5d\xd3j\xb21\x08lhaP\xca\xac\x0e\xb9\xf4l\x11\xb5c\xd8\x0b:\x99\x04l\xc0\x83Ra\xe1\x99\xe4h\xc82\xf7a\xfd\x94\xb4\x95h\x04\xf7j\xc9\x8d\xd3\xa0\xbbJ\x03k0\x07Rj\x07i\xeao\x1f\xfb\x80\x8b\x05\x27\xa5j\x02\x2d\x92o\xd3\x01\xd6cp\x07\xe6\x604\x1c\x91h\xce\x92Rc\xbfa\x18\x0e\x9cXqb\xb0Ae\x91\x08iCe\xd8o\x01k\xe3\x8e\x05k\xeca1\x8c\xd0\x8cjg\xc7\xe7k\x8e\x28\xac\xebn\xebQ\x01iib\x83\x0f\x9a\x81\x15\x96\xbfE\xf6\x0c\x25e\x18o\xbf\x17\x5c\xd4\xcf\x98\x25P\x08l\x867\xd1n\xb7\x0d\x92\xac\x13\x10\xb4amH\xa4bL\xd2\xbb\x8c\x2dm\xd7eYo\x8d\xaa2\xa9Te\x86o\x03k\xc8\xa5:\xe1\x01d\xc6m\x97nw\xa6\x02d\x0e\xd4\xb9b0c\x292\xd0n\x01l\xba\x12\x06kf\x95\x89\xd3\xdda\xf1o\x09m\x0ao\x85c\xba\x15u\x1fr\x91\xb8nj\xc4\x7e\xdc\x01d\x7bnQ\x8f\xc0A\x28\x1c\x14\x26\xcb\x60\xb4B\x86\x92\x09k\xdc\x3d\x88\x0e\x1c\x95\x97 \x05l\xd5\xcc.Xwb\x16\x27\x02d\x02d\x04i\x0dl\xedf\xa4o\x06\x84\x01d\x80e\x8eo\xd6bKm\xc46w\xa9tj\xfeb!\x80\xd9\x9e\xafa\xe6\x60\x81of\x8e\x00\x0f\xf7e\xa8oYPGg\xb7\x82\xd6\xa6\x25\x8f5a\x40\xa1\x9agZ\x3c\x8f\x12\x87\xd3a\x008o\x04\x88\x26j5j\x00\xdc\x0f\x2c\xd36\x0bl\x08kz\x8d\x3cDn\x1b\x00l\x27n\x17\xa4\x0el\xf4\x1b\xd4g\xd5c\x00l\x239D\x89oo\x89D\xceb\x0fi\x87\xa1\x02d\xa7\xea\xc0\x85A\x90b\x15\x85\x8c\x8dS\x22c\xf9\xa2\x9a\x60k\xa8\xa8\x8f\xf8\xe3\x2b\x18\xf9c\x02d\x0ble\x93\x0dk\xcdh\x9co\x0e\x60\xc2c\x1bfUo\x88\x89\xc5\x89\x1a9\x5b\x3e\x82b1\x80\xc64\x06l\xbdaC\x8d\xbeb\x84o\x5bg\xa80\xf5n\x26f\x80o\x3b\x03B\x60\x5bA\x29\x99\x1d\x1a\xe4f\x7bo\xbf\xa8\xf8e\x13o\x23\x8f\x99\xad\xefh\xf3\x8d\x2c\x1f\xf3a\xeaf\xc5o\xf8\x5dSoqn\x7b\x119\xa5\xaa\x8d\x16\xd8\x18\xa6\x25!\x06epo\x1ah\x06\x90\xa25\x93\x1b\xcd\x87\x05l\x5c\xa9\x8a\x80\xdfa8WS\xc1\x2d\xc7\x80mE\xa3\xf1J\x0bii\x90\xc0g\x02d\xe8o\xc8S\x8b\x1b\x07lXn\x8bn\x07n\xf4\x97\x03\xe5\xef1\x0b\x10\xa2\xca\x9b\x83\x0cl\xbae\xabo\x16\x91\xe4c\x7d\xad\x86\x98\xfd3\xd6a\xa0e\xa7o\xf5\x99\xdb\xac\x03i\xe0\x00K\xdf\xf5e\x5fo\x86m\xb3fiou\x13XaTm\xbcf\x8ao\x88\xaa\xc04\xa4G\x94\x94\x94\x94\x94\x94\x94\x94\x94\x94\x94\x94\x94\x94\x94\x94\x94\x94\x94\x94\x94\x94\x94\x94\x94\x94\x94\x94\x94\x94\x94\x94\x94\x94\x94\x94\x94\x94\x94\x94\x94\x94\x94\x94\x94\x94\x94\x94\x94\x94\x94\x94\x94\x94\x94\x94\x94\x94\x94\x94\x94\x94\x94\x94\x94\x94\x94\x94\x94\x94\x94\x94\x94\x94\x94\x94\x94\x94\x94\x94\x94\x94\x94\x94\x94\x94\x94\x94\x94\x94\x94\x94\x94\x94\x94\x94\x94\x94\x94\x94\x94\x94\x94\x94\x94\x94\x94\x94\x94\x94\x94\x94\x94\x94\x94\x94\x94\x94\x94\x94\x94\x94\x94\x94\x94\x94\x94\x94\x94\x94\x94\x94\x94\x94\x94\x94\x94\x94\x94\x94\x94\x94\x94\x94\x94\x94\x94\x94\x94\x94\x94\x94\x94\x94\x94\x94\x94\x94\x94\x94\x94\x94\x94\x94\x94\x94\x94\x94\x94\x94\x94\x94\x94\x94\x94\x94\x94\x94\x94\x94\x94\x94\x94\x94\x94\x94\x94\x94\x94\x94\x94\x94\x94\x94\x94\x94\x94\x94\x94\x94\x94\x94\x94\x94\x94\x94\x94\x94\x94\x94\x94\x94\x94\x94\x94\x94\x94\x94\x94\x94\x94\x94\x94\x94\x94\x94\x94\x94\x94\x94\x94\x94\x94\x94\x94\x94\x94\x94\x94\x94\x94\x94\x94\x94\x94\x94\x94\x94\x94\x94\x94\x94\x94\x94\x94\x94\x94\x94\x94\x94\x94\x94\x94\x94\x94\x94\x94\x94\x94\x94\x94\x94\x94\x94\x94\x94\x94\x94\x94\x94\x94\x94\x94\x94\x94\x94\x94\x94\x94\x94\x94\x94\x94\x94\x94\x94\x94\x94\x94\x94\x94\x94\x94\x94\x94\x94\x94\x94\x94\x94\x94\x94\x94\x94\x94\x94\x94\x94\x94\x94\x94\x94\x94\x94\x94\x94\x94\x94\x94\x94\x94\x94\x94\x94\x94\x94\x94\x94\x94\x94\x94\x94\x94\x94\x94\x94\x94\x94\x94\x94\x94\x94\x94\x94\x94\x94\x94\x94\x94\x94\x94\x94\x94\x94\x94\x94\x94\x94\x94\x94\x94\x94\x94\x94\x94\x94\x94\x94\x94\x94\x94\x94\x94\x94\x94\x94\x94\x94\x94\x94\x94\x94\x94\x94\x94\x94\x94\x94\x94\x94\x94\x94\x94\x94\x94\x94\x94\x94\x94\x94\x94\x94\x94\x94\x94\x94\x94\x94\x94\x94\x94\x94\x94\x94\x94\x94\x94\x94\x94\x94\x94\x94\x94\x94\x94\x94\x94\x94\x94\x94\x94\x94\x94\x94\x94\x94\x94\x94\x94\x94\x94\x94\x94\x94\x94\x94\x94\x94\x94\x94\x94\x94\x94\x94\x94\x94\x94\x94\x94\x94\x94\x94\x94\x94\x94\x94\x94\x94\x94\x94\x94\x94\x94\x94\x94\x94\x94\x94\x94\x94\x94\x94\x94\x94\x94\x94\x94\x94\x94\x94\x94\x94\x94\x94\x94\x94\x94\x94\x94\x94\x94\x94\x94\x94\x94\x94\x94\x94\x94\x94\x94\x94\x94\x94\x94\x94\x94\x94\x94\x94\x94\x94\x94\x94\x94\x94\x94\x94\x94\x94\x94\x94\x94\x94\x94\x94\x94\x94\x94\x94\x94\x94\x94\x94\x94\x94\x94\x94\x94\x94\x94\x94\x94\x94\x94\x94\x94\x94\x94\x94\x94\x94\x94\x94\x94\x94\x94\x94\x94\x94\x94\x94\x94\x94\x94\x94\x94\x94\x94\x94\x94\x94\x94\x94\x94\x94\x94\x94\x94\x94\x94\x94\x94\x94\x94\x94\x94\x94\x94\x94\x94\x94\x94\x94\x94\x94\x94\x94\x94\x94\x94\x94\x94\x94\x94\x94\x94\x94\x94\x94\x94\x94\x94\x94\x94\x94\x94\x94\x94\x94\x94\x94\x94\x94\x94\x94\x94\x94\x94\x94\x94\x94\x94\x94\x94\x94\x94\x94\x94\x94\x94\x94\x94\x94\x94\x94\x94\x94\x94\x94\x94\x94\x94\x94\x94\x94\x94\x94\x94\x94\x94\x94\x94\x94\x94\x94\x94\x94\x94\x94\x94\x94\x94\x94\x94\x94\x94\x94\x94\x94\x94\x94\x94\x94\x94\x94\x94\x94\x94\x94\x94\x94\x94\x94\x94\x94\x94\x94\x94\x94\x94\x94\x94\x94\x94\x94\x94\x94\x94\x94\x94\x94\x94\x94\x94\x94\x94\x94\x94\x94\x94\x94\x94\x94\x94\x94\x94\x94\x94\x94\x94\x94\x94\x94\x94\x94\x94\x94\x94\x94\x94\x94\x94\x94\x94\x94\x94\x94\x94\x94\x94\x94\x94\x94\x94\x94\x94\x94\x94\x94\x94\x94\x94\x94\x94\x94\x94\x94\x94\x94\x94\x94\x94\x94\x94\x94\x94\x94\x94\x94\x94\x94\x94\x94\x94\x94\x94\x94\x94\x94\x94\x94\x94\x94\x94\x94\x94\x94\x94\x94\x94\x94\x94\x94\x94\x94\x94\x94\x94\x94\x94\x94\x94\x94\x94\x94\x94\x94\x94\x94\x94\x94\x94\x94\x94\x94\x94\x94\x94\x94\x94\x94\x94\x94\x94\x94\x94\x94\x94\x94\x94\x94\x94\x94\x94\x94\x94\x94\x94\x94\x94\x94\x94\x94\x94\x94\x94\x94\x94\x94\x94\x94\x94\x94\x94\x94\x94\x94\x94\x94\x94\x94\x94\x94\x94\x94\x94\x94\x94\x94\x94\x94\x94\x94\x94\x94\x94\x94\x94\x94\x94\x94\x94\x94\x94\x94\x94\x94\x94\x94\x94\x94\x94\x94\x94\x94\x94\x94\x94\x94\x94\x94\x94\x94\x94\x94\x94\x94\x94\x94\x94\x94\x94\x94\x94\x94\x94\x94\x94\x94\x94\x94\x94\x94\x94\x94\x94\x94\x94\x94\x94\x94\x94\x94\x94\x94\x94\x94\x94\x94\x94\x94\x94\x94\x94\x94\x94\x94\x94\x94\x94\x94\x94\x94\x94\x94\x94\x94\x94\x94\x94\x94\x94\x94\x94\x94\x94\x94\x94\x94\x94\x94\x94\x94\x94\x94\x94\x94\x94\x94\x94\x94\x94\x94\x94\x94\x94\x94\x94\x94\x94\x94\x94\x94\x94\x94\x94\x94\x94\x94\x94\x94\x94\x94\x94\x94\x94\x94\x94\x94\x94\x94\x94\x94\x94\x94\x94\x94\x94\x94\x94\x94\x94\x94\x94\x94\x94\x94\x94\x94\x94\x94\x94\x94\x94\x94\x94\x94\x94\x94\x94\x94\x94\x94\x94\x94\x94\x94\x94\x94\x94\x94\x94\x94\x94\x94\x94\x94\x94\x94\x94\x94\x94\x94\x94\x94\x94\x94\x94\x94\x94\x94\x94\x94\x94\x94\x94\x94\x94\x94\x94\x94\x94\x94\x94\x94\x94\x94\x94\x94\x94\x94\x94\x94\x94\x94\x94\x94\x94\x94\x94\x94\x94\x94\x94\x94\x94\x94\x94\x94\x94\x94\x94\x94\x94\x94\x94\x94\x94\x94\x94\x94\x94\x94\x94\x94\x94\x94\x94\x94\x94\x94\x94\x94\x94\x94\x94\x94\x94\x94\x94\x94\x94\x94\x94\x94\x94\x94\x94\x94\x94\x94\x94\x94\x94\x94\x94\x94\x94\x94\x94\x94\x94\x94\x94\x94\x94\x94\x94\x94\x94\x94\x94\x94\x94\x94\x94\x94\x94\x94\x94\x94\x94\x94\x94\x94\x94\x94\x94\x94\x94\x94\x94\x94\x94\x94\x94\x94\x94\x94\x94\x94\x94\x94\x94\x94\x94\x94\x94\x94\x94\x94\x94\x94\x94\x94\x94\x94\x94\x94\x94\x94\x94\x94\x94\x94\x94\x94\x94\x94\x94\x94\x94\x94\x94\x94\x94\x94\x94\x94\x94\x94\x94\x94\x94\x94\x94\x94\x94\x94\x94\x94\x94\x94\x94\x94\x94\x94\x94\x94\x94\x94\x94\x94\x94\x94\x94\x94\x94\x94\x94\x94\x94\x94\x94\x94\x94\x94\x94\x94\x94\x94\x94\x94\x94\x94\x94\x94\x94\x94\x94\x94\x94\x94\x94\x94\x94\x94\x94\x94\x94\x94\x94\x94\x94\x94\x94\x94\x94\x94\x94\x94\x94\x94\x94\x94\x94\x94\x94\x94\x94\x94\x94\x94\x94\x94\x94\x94\x94\x94\x94\x94\x94\x94\x94\x94\x94\x94\x94\x94\x94\x94\x94\x94\x94\x94\x94\x94\x94\x94\x94\x94\x94\x94\x94\x94\x94\x94\x94\x94\x94\x94\x94\x94\x94\x94\x94\x94\x94\x94\x94\x94\x94\x94\x94\x94\x94\x94\x94\x94\x94\x94\x94\x94\x94\x94\x94\x94\x94\x94\x94\x94\x94\x94\x94\x94\x94\x94\x94\x94\x94\x94\x94\x94\x94\x94\x94\x94\x94\x94\x94\x94\x94\x94\x94\x94\x94\x94\x94\x94\x94\x94\x94\x94\x94\x94\x94\x94\x94\x94\x94\x94\x94\x94\x94\x94\x94\x94\x94\x94\x94\x94\x94\x94\x94\x94\x94\x94\x94\x94\x94\x94\x94\x94\x94\x94\x94\x94\x94\x94\x94\x94\x94\x94\x94\x94\x94\x94\x94\x94\x94\x94\x94\x94\x94\x94\x94\x94\x94\x94\x94\x94\x94\x94\x94\x94\x94\x94\x94\x94\x94\x94\x94\x94\x94\x94\x94\x94\x94\x94\x94\x94\x94\x94\x94\x94</data></write>
    <read><delim>\x0a\x3d\x3d\x3d\x3d\x3d\x0a</delim><match><data>DEBUG:Instructions: 1\x0aR0  \x3d 00000000 R1  \x3d 00000000 R2  \x3d 00000000 R3  \x3d 00000000\x0aR4  \x3d 00000000 R5  \x3d 00000000 R6  \x3d 00000000 R7  \x3d 00000000\x0aR8  \x3d 00000000 R9  \x3d 00000000 R10 \x3d 00000000 R11 \x3d 00000000\x0aR12 \x3d 00000000 R13 \x3d 00000000 SP  \x3d 0000FFFC PC  \x3d 0000E8A8\x0a\x3d\x3d\x3d\x3d\x3d\x0a</data></match></read>
    <read><delim>\x0a</delim><match><data>Exception: MMU Write Exception\x0a</data></match></read>
    <read><delim>\x0aEnd Registers\x0a</delim><match><data>Registers:\x0aInstructions: 1\x0aR0  \x3d 00000000 R1  \x3d 00000000 R2  \x3d 00000000 R3  \x3d 00000000\x0aR4  \x3d 00000000 R5  \x3d 00000000 R6  \x3d 00000000 R7  \x3d 00000000\x0aR8  \x3d 00000000 R9  \x3d 00000000 R10 \x3d 00000000 R11 \x3d 00000000\x0aR12 \x3d 00000000 R13 \x3d 00000000 SP  \x3d 0000FFFC PC  \x3d 0000E8A8\x0aEnd Registers\x0a</data></match></read>
</replay>
</pov>