<?xml version="1.0" standalone="no" ?>
<!DOCTYPE pov SYSTEM "/usr/share/cgc-docs/replay.dtd">
<pov>
<cbid>service</cbid>
<seed>747cf658671c8da3b23d9e4c1f0e1c1c597853632458ac0c9278ead38d9dc5351de62fa15d0bc8098b7af49dd519e3bc</seed>
<replay>
    <delay>50</delay>
    <write><data>\x27\x0e\x00\x00</data></write>
    <write><data>Q\x5cX\xc3\x27\x0e\x00\x00\x03\x00\x8ay\x00\x00\x04\x86v\x27\x00\x00\x00\x01\x00\x04\x7c\xdb\x27\x04\x00\x00\x00\x00\x06\xac\x5d\x27\x08\x00\x00Rh\x91h\x07k\xf8\x87\xc4\x2b\x7f\x81\x1e\x95:j\x40n\xe0m\xb1\x06\x04l\x97a\x01d\x5b\x81\x80\xeb\x8f2\x02l\x0cl\x3d5\xe8\xf4\xf2c4\x60g\xcc\x90eeo\x2c\xdeY\xaf\x061\x3b\x92L\x00\xc2\x95\x27oGjV\x0f\x15\x07\x01d\x8d\x60\x00i\xe6A\xf1M\xe4V\x00HFb\xcee\xa8o\xa1\x09\xd6\x02\x0fkD\x82be\xbco\xcdA\xbdf\x19oNe:o\x1d9\xf9c7h\xb1\xf2\xd0\xaa\xfe\x60\xbaemo\xa7\xc1\x15\xa5\xed\x29\xad!\xfa\xc8Ob\xdcnm\xa0\xd1\x60nI\xdbf\xc1o\xece\xf8o\xc7jC\x86\x04k\xaam\x99b\xc9o?\x5bx\x3eD\x1ae\x27\x2f\x80\x18e\x9fo\xdf:\x00n\x9c\xae\x0c\x02ZH\xf1\x14Kn\xd95\x01d\xee\xa1\x06:\x06e\xcbo\xfe\xaaGe\xf5o\xdba1cj4\x16c\xa6\xa9\x02d\xb1c\x02d\x84\xad\xf3\xe7\xa5\x27\xc9b\x9ffQov\x60wj\xe1\x26r\x0a\xbef\xf7o\x87edo\x02d\xe6n\x09kE\x9e\xd7a\xf6n\xc9m\x03l\x8ab\x3e\x28\xd4\x0f1\x8c9b\x0ak\x8d\x24\xcf\x60\x2b\x28\x0b\xa5\x3b\x82D\x1a\x297\x01d4b\xbc\x03\x01d\x09k\x3d\xa8\xbc\xe4\x8ee\x3do\xc9\x26\x084ng\x96a\x02l\xed\xad\xaa\xaa\x2dh\x07k\xa26\x91e\xaboj\x83\x00k\x8be\x82o\xf2D\xae\x2f\x01d\x87\x15\x08\x83\x02d\x01d\x02d\xc5\x13?\x60i\xaa\x28msj\xea\x19\x00l0\x60V\x95\x02d\x05i\x0997\x9f\x0bbT\xad\x3bb\xdd\x26\xc6b\xd0\x60\xe7h\x24o\x02it3fD\xd2fno\xdb\x82\x88\x8a\xdd\x3d\xe5\x8c\x01dBcv\x9a\x92\x60\x843\xb2hCm\x19\x95Ic\xaeo\xc0h\x97\x97\xce\x1a\x05\x97\x09\x95\xa3\xa3\x2b\xe2\x02k\x01d.c\xf5\xa8\xffn\x87\x9bM\x90\x85m\xc6c\xf6\x9b\x7cmvn\xff\x16m3g\x5fCg\x0dl\x06e\xa5o\x17n\x02d\x9fa\x02l\xcdh\x02d3o\xc98d\x88\xbdn\xffa\x92c\xdc\x18\xd6b\xcenwn\x7b\x29\xf6\x80\x5c\x25\x01d\xab\x1a\x04i\x7bgi\x0d\xd4\x80\xad\x8a\x99\x9bCeOocn\xb0f\xbfo\x02dK\xdf\x08\xa8\x0ek\xca\xfe\x04n4n\x7f\xd3n\x2c\xd5\x95\x5d\x86\xf5\x03\xcb\x2b\x02d\x02\x3c\xd3\x5d\xacj\x89oU\xc5\xd4\x60n\x99Tj\x95\x05\xf3\x9c\xe6f\xabo\x89a\xea\xad\x01\x24\xc0\x847\xad\xc0\xc4\xa9o\x00\x60\x7ca\x1dC\xb2o\x5b0\x29\x26U\x8a\xb1b\xec\x86\x5ea\xf2h\xf2h\xfec\xdb\x9an\xa6\xd6\xc4\x03l\x5c\x2c\xcd?\x0dbKC\x00V\x04lX\xaf\x0eije\xeao\xffj\xeco\x0ec\x01d\x82C\xb0e\x2ao\xed4\x02d1jyh\xec\x1b\x8fn0\x9c\x04fvo\xe5\x26\x9b\xac\x01e\xf8o\x82m\x83\x9a\x0ai\x9eo\xdeeGo\xffh\xb8eOo\x85\xe4\xd4c\x27M\xf4m\x5d\x00:o\xb8\xa6a\x60\x0bh\x7dnMmC\x89\xf9m3\x01\x2ae\xcco\xe3\xa7\xcab\xe2g\xe9Ou\xa6!\xa7X\xe5UaA\xa5\xcd\x10\x9a\x15\x1c\x06F\x40\xa6\x82\xa7\x179o\xffK\xadm\x8b\xa7\x0dma\x3e\xc5e\x83o?\x96\x87\x60\x11j\xf3\xa3\xcdj\x00iP\xa0\x1e\xa5\x08l\x5c\x9a\x08l\xb4\x03pB\x0bl\x96\x5e\x2b\x96\x8d\xa0\xf7\x08\xaam\x93n\x94m\xad5\xf3\x9c\xe5n\x7b\x60\x03\x90N\x60\xf4\x84\x01d\x06\x3b\x26W\xd55\xe3\xc8\x17\xd7\xcd\xa9\x2b\x92zb\x01\x1fMf\xdco\x03ij\x88\x26cb\x5fh\x8fu\x06\x07f\x25o\x19?Ff\x91o7\xe2uj\x01d:a\x80\x23\x18\x8b\xcf\xa1\x26n\x25\x86\x02iz\x60\x96n\xcbeCo\x11\x86\xb0c\xdc\x96\xb4n\x2c\xde\xe8\xaf\x16h\x90\xa1\xf3\x91g\x8a\x9d\xadSe\xdao\x83j\x1e\x07\x0bk\xeb\x03d6\x02k\x8f\x8f\xa6\x96\xbbb\xa2\x91\xd0\x60wo\x00l\x60n\xdf\x84\x07i\x97g\xfdc\x3dU\xe8\x60\x13npj\x17\x14\xdea\xa8\xa8\xa8\xa8\xa8\xa8\xa8\xa8\xa8\xa8\xa8\xa8\xa8\xa8\xa8\xa8\xa8\xa8\xa8\xa8\xa8\xa8\xa8\xa8\xa8\xa8\xa8\xa8\xa8\xa8\xa8\xa8\xa8\xa8\xa8\xa8\xa8\xa8\xa8\xa8\xa8\xa8\xa8\xa8\xa8\xa8\xa8\xa8\xa8\xa8\xa8\xa8\xa8\xa8\xa8\xa8\xa8\xa8\xa8\xa8\xa8\xa8\xa8\xa8\xa8\xa8\xa8\xa8\xa8\xa8\xa8\xa8\xa8\xa8\xa8\xa8\xa8\xa8\xa8\xa8\xa8\xa8\xa8\xa8\xa8\xa8\xa8\xa8\xa8\xa8\xa8\xa8\xa8\xa8\xa8\xa8\xa8\xa8\xa8\xa8\xa8\xa8\xa8\xa8\xa8\xa8\xa8\xa8\xa8\xa8\xa8\xa8\xa8\xa8\xa8\xa8\xa8\xa8\xa8\xa8\xa8\xa8\xa8\xa8\xa8\xa8\xa8\xa8\xa8\xa8\xa8\xa8\xa8\xa8\xa8\xa8\xa8\xa8\xa8\xa8\xa8\xa8\xa8\xa8\xa8\xa8\xa8\xa8\xa8\xa8\xa8\xa8\xa8\xa8\xa8\xa8\xa8\xa8\xa8\xa8\xa8\xa8\xa8\xa8\xa8\xa8\xa8\xa8\xa8\xa8\xa8\xa8\xa8\xa8\xa8\xa8\xa8\xa8\xa8\xa8\xa8\xa8\xa8\xa8\xa8\xa8\xa8\xa8\xa8\xa8\xa8\xa8\xa8\xa8\xa8\xa8\xa8\xa8\xa8\xa8\xa8\xa8\xa8\xa8\xa8\xa8\xa8\xa8\xa8\xa8\xa8\xa8\xa8\xa8\xa8\xa8\xa8\xa8\xa8\xa8\xa8\xa8\xa8\xa8\xa8\xa8\xa8\xa8\xa8\xa8\xa8\xa8\xa8\xa8\xa8\xa8\xa8\xa8\xa8\xa8\xa8\xa8\xa8\xa8\xa8\xa8\xa8\xa8\xa8\xa8\xa8\xa8\xa8\xa8\xa8\xa8\xa8\xa8\xa8\xa8\xa8\xa8\xa8\xa8\xa8\xa8\xa8\xa8\xa8\xa8\xa8\xa8\xa8\xa8\xa8\xa8\xa8\xa8\xa8\xa8\xa8\xa8\xa8\xa8\xa8\xa8\xa8\xa8\xa8\xa8\xa8\xa8\xa8\xa8\xa8\xa8\xa8\xa8\xa8\xa8\xa8\xa8\xa8\xa8\xa8\xa8\xa8\xa8\xa8\xa8\xa8\xa8\xa8\xa8\xa8\xa8\xa8\xa8\xa8\xa8\xa8\xa8\xa8\xa8\xa8\xa8\xa8\xa8\xa8\xa8\xa8\xa8\xa8\xa8\xa8\xa8\xa8\xa8\xa8\xa8\xa8\xa8\xa8\xa8\xa8\xa8\xa8\xa8\xa8\xa8\xa8\xa8\xa8\xa8\xa8\xa8\xa8\xa8\xa8\xa8\xa8\xa8\xa8\xa8\xa8\xa8\xa8\xa8\xa8\xa8\xa8\xa8\xa8\xa8\xa8\xa8\xa8\xa8\xa8\xa8\xa8\xa8\xa8\xa8\xa8\xa8\xa8\xa8\xa8\xa8\xa8\xa8\xa8\xa8\xa8\xa8\xa8\xa8\xa8\xa8\xa8\xa8\xa8\xa8\xa8\xa8\xa8\xa8\xa8\xa8\xa8\xa8\xa8\xa8\xa8\xa8\xa8\xa8\xa8\xa8\xa8\xa8\xa8\xa8\xa8\xa8\xa8\xa8\xa8\xa8\xa8\xa8\xa8\xa8\xa8\xa8\xa8\xa8\xa8\xa8\xa8\xa8\xa8\xa8\xa8\xa8\xa8\xa8\xa8\xa8\xa8\xa8\xa8\xa8\xa8\xa8\xa8\xa8\xa8\xa8\xa8\xa8\xa8\xa8\xa8\xa8\xa8\xa8\xa8\xa8\xa8\xa8\xa8\xa8\xa8\xa8\xa8\xa8\xa8\xa8\xa8\xa8\xa8\xa8\xa8\xa8\xa8\xa8\xa8\xa8\xa8\xa8\xa8\xa8\xa8\xa8\xa8\xa8\xa8\xa8\xa8\xa8\xa8\xa8\xa8\xa8\xa8\xa8\xa8\xa8\xa8\xa8\xa8\xa8\xa8\xa8\xa8\xa8\xa8\xa8\xa8\xa8\xa8\xa8\xa8\xa8\xa8\xa8\xa8\xa8\xa8\xa8\xa8\xa8\xa8\xa8\xa8\xa8\xa8\xa8\xa8\xa8\xa8\xa8\xa8\xa8\xa8\xa8\xa8\xa8\xa8\xa8\xa8\xa8\xa8\xa8\xa8\xa8\xa8\xa8\xa8\xa8\xa8\xa8\xa8\xa8\xa8\xa8\xa8\xa8\xa8\xa8\xa8\xa8\xa8\xa8\xa8\xa8\xa8\xa8\xa8\xa8\xa8\xa8\xa8\xa8\xa8\xa8\xa8\xa8\xa8\xa8\xa8\xa8\xa8\xa8\xa8\xa8\xa8\xa8\xa8\xa8\xa8\xa8\xa8\xa8\xa8\xa8\xa8\xa8\xa8\xa8\xa8\xa8\xa8\xa8\xa8\xa8\xa8\xa8\xa8\xa8\xa8\xa8\xa8\xa8\xa8\xa8\xa8\xa8\xa8\xa8\xa8\xa8\xa8\xa8\xa8\xa8\xa8\xa8\xa8\xa8\xa8\xa8\xa8\xa8\xa8\xa8\xa8\xa8\xa8\xa8\xa8\xa8\xa8\xa8\xa8\xa8\xa8\xa8\xa8\xa8\xa8\xa8\xa8\xa8\xa8\xa8\xa8\xa8\xa8\xa8\xa8\xa8\xa8\xa8\xa8\xa8\xa8\xa8\xa8\xa8\xa8\xa8\xa8\xa8\xa8\xa8\xa8\xa8\xa8\xa8\xa8\xa8\xa8\xa8\xa8\xa8\xa8\xa8\xa8\xa8\xa8\xa8\xa8\xa8\xa8\xa8\xa8\xa8\xa8\xa8\xa8\xa8\xa8\xa8\xa8\xa8\xa8\xa8\xa8\xa8\xa8\xa8\xa8\xa8\xa8\xa8\xa8\xa8\xa8\xa8\xa8\xa8\xa8\xa8\xa8\xa8\xa8\xa8\xa8\xa8\xa8\xa8\xa8\xa8\xa8\xa8\xa8\xa8\xa8\xa8\xa8\xa8\xa8\xa8\xa8\xa8\xa8\xa8\xa8\xa8\xa8\xa8\xa8\xa8\xa8\xa8\xa8\xa8\xa8\xa8\xa8\xa8\xa8\xa8\xa8\xa8\xa8\xa8\xa8\xa8\xa8\xa8\xa8\xa8\xa8\xa8\xa8\xa8\xa8\xa8\xa8\xa8\xa8\xa8\xa8\xa8\xa8\xa8\xa8\xa8\xa8\xa8\xa8\xa8\xa8\xa8\xa8\xa8\xa8\xa8\xa8\xa8\xa8\xa8\xa8\xa8\xa8\xa8\xa8\xa8\xa8\xa8\xa8\xa8\xa8\xa8\xa8\xa8\xa8\xa8\xa8\xa8\xa8\xa8\xa8\xa8\xa8\xa8\xa8\xa8\xa8\xa8\xa8\xa8\xa8\xa8\xa8\xa8\xa8\xa8\xa8\xa8\xa8\xa8\xa8\xa8\xa8\xa8\xa8\xa8\xa8\xa8\xa8\xa8\xa8\xa8\xa8\xa8\xa8\xa8\xa8\xa8\xa8\xa8\xa8\xa8\xa8\xa8\xa8\xa8\xa8\xa8\xa8\xa8\xa8\xa8\xa8\xa8\xa8\xa8\xa8\xa8\xa8\xa8\xa8\xa8\xa8\xa8\xa8\xa8\xa8\xa8\xa8\xa8\xa8\xa8\xa8\xa8\xa8\xa8\xa8\xa8\xa8\xa8\xa8\xa8\xa8\xa8\xa8\xa8\xa8\xa8\xa8\xa8\xa8\xa8\xa8\xa8\xa8\xa8\xa8\xa8\xa8\xa8\xa8\xa8\xa8\xa8\xa8\xa8\xa8\xa8\xa8\xa8\xa8\xa8\xa8\xa8\xa8\xa8\xa8\xa8\xa8\xa8\xa8\xa8\xa8\xa8\xa8\xa8\xa8\xa8\xa8\xa8\xa8\xa8\xa8\xa8\xa8\xa8\xa8\xa8\xa8\xa8\xa8\xa8\xa8\xa8\xa8\xa8\xa8\xa8\xa8\xa8\xa8\xa8\xa8\xa8\xa8\xa8\xa8\xa8\xa8\xa8\xa8\xa8\xa8\xa8\xa8\xa8\xa8\xa8\xa8\xa8\xa8\xa8\xa8\xa8\xa8\xa8\xa8\xa8\xa8\xa8\xa8\xa8\xa8\xa8\xa8\xa8\xa8\xa8\x09i\x7ea\x90fko\xceo\x02k\x2f\xa0\x9e\x60\x04\x82\xf4e\xc3o\xa7c\x0e\x84\xa5B\x86e\xbco\x9c\x97\x5d\x60O\xfa\x02d\x26aA\x95\xaam\x03k\x9e\x06Mb\x0akB\xab\x2a\x09.\x92\x09k\xea\x97\xdf\xf9rgRn\x0bic\x60\x08i\x95\x0b\xee\x1a\xf5bO\x96K\x603n\xe6\x86\xb27\x5cj\x25\x25\xef\xae\x0c\xeb\x9f\x0b\xf9g\x0d\xa7\x8aA\x01d\xc5eyo\x98\x5dj\x80\x01N\xac\x17\x5cc\x9a\x91\x02k\xddj\x27\x0f\x1cfDo:aCj\xafn\xd6Fve\x5bo\xa5\x89\xf95K\x28\xb4\x5d\xf2cvgI\x92\x01d\xd7N\x90ak\x60\xd8f\xf6o\x14m\x0bnPm\x9d\x27\xc55\x1an\xd6\x5eZ\x5e\x5d\x605\x85Zn\xe2\x11\x9dg\x7c\xae\xc7\x18\x06lzg\x9d\xc2\xdba\xb1\x06T\x92\xba\x1fH\x5dcb\x60\x1e\x1f\xa8\x0bi\x1bj\x02d\xf7\x11\xe2\x08\x98j\x94\x9b\x82j\xdfo?\x97\xe5a\x3b\x60\xc0\x83\xbafAo\x0be\x0co \xc4\xf9\x9f\x23\x9e\x22o\x5eo\xb2\xce\x28\x1f\x22E\x8c\xd3\xa5\xca\xaa\xd1\x09l\x02dD.im0E\x06i\xf9m\x05l\xe9\x60\x0fi\x19T\x88oDf\xb3o\x90\xad\x0dk\xdf\x605j1aUeYo\xbeL\xaao\x04i\x00kqa\x12\x84\xad\x08\xb3b\x09\x3b\x06\x5b\x0fi\x0fl\x5bbk7\xd1\x295\x60\x01kKno\x94a\xa6\xbe\xa2\x0dk4c\x85jPn\xbb\x88S\x2f\x92\xd6Yc\xa1n\x15\xda\xd2\x8f\x0fl\x87h\xae\x8d \x9f\xa6\xff\xd8\x8e\x97m\xb3fLo\x02dF\xa6\x2c\xaf\x95\xa2\xc4jx\x03\x01d4\x93Ac\xda\x60\x92\xafze\xd0o\x17\x29\x5fj\xab\x98\x29fgo\x87\x06\xf0m\x0ek\x29\x9d\xd1\x0c\xeco\x18\x3dte\x5co\x5cf\x0fo\x7djP\xacN\x60\xd1j\x0bl\x2dma\x60\xe2o\xbbgy\x60\x03f\x99o\xb3h\x99\x9f\x00i\x86a\x5fU\xd1a\x0ah\x23\xaa\xcd\x85ig\x08k\x01eGo\x82mg\x24\x04i\x5d\x83\xf4\x8d\x02dF\x80\x0fk\xc2b\xe2mo\x2f\xfccp\x17w\xa4\x14\x91\xdam\x0di\x15\xa4PR\x0ci\x2dn\xc8\x18\xd9h\xa9\x8e\x8d\xe5\x1a\x0d\x07l\xffe\x9fo\x0cj\x0d\x8e\x89\x17\xbcc\xf5SR\xd6\xc4n\x28b\xa2\x27\x1c\x60\xc6\x60\xa7a\x0b\x3d\xa6?pm5\xd4\xc6S\xe0c\xecf\xa5o\xe2C8\x60\xc4\x82\xc4h\xd5\xa0\x14o\xc2\xa5\xafOpm\x87\x60f\xae\x02d\x01d\xbem\xf6\xab\x90\x9b\x5c\x84\x05l\x5bLQe.o\x81\x40\x24fco\xc4m\x60e9o\xc8b\xfbao\xccmj\xcc\x00!e\xd8o\x01d\xc0f\x5fo\x91j\x7d\x83q\x83\x01d\xe2\xe7:\x81\x60\x0a\x0diJ8\x1c\x89\xc7g\xb0\x8d\xb9fGo\x8am\xd2\x3dgm\xec\x9a\x2f\x9f\x7f\x9ep72\xad\xa2\xaeya\x06k\xb5mrf\xe7o\x04i\xc6\x27\xa5b\x0e\x60\x9df\x29o\x93\xddLa\xbf\x163\x0a\x81R\x8ao\xc3b\x9c\x8f\x01\xa0\xd8h\xb1j\x9ej\xb0\xa2\xaa\x5f\x1d\x60\x05k\x02\xaf\x8fb\x01o\x09l\x90g\xfd\x98Ua\xcda\x8cj:\x8a.j\x1abfR\x04\x81\x86\xde\xe0\x24IoSm\x81\x081c\x92j\xebNw\x9b\xbe\xad\xebV\x8a\x92\x9a\xa1\x01i\x1aj\x8dj\x01k\xb1aQ\x60F\x08\x0fl\xcah\xa8\x0aGR\x10mjo\xc7\xe2\x3cm\x0dj\xf9\xa2\xc9m\xd4f\x5do\xb0\xaeyj\x0eK\x02k\xa2\xc5r\x00\x0a4\x0fk\xf5fZo\x7b\x9c\x3da\x938x\x10\xfca6a\xf8m\x15\x97\xb2\x96z\x28\x9bo\xac\xa4 \xa0\x0aG\x1db\x0bi\xc5\x86\xf8b\x9f2\x02d\x02d\x07l\xe8\x8e\x1e\x2d\x83c\xd5g\x1ej\xae\x2f\xd1o\x09kKg\xcab\x03\x82\x0f\x9f9e8o\x2d\x9cS\xfa\xe7\x98\x00eho.\xa7w\xc4Ija\x91\x01d\x5fo\x60n\xb6\x60\x02d\xde\x98Sn\xb6\x03Jf\xbao\xa8Xp\x96\x04ob7\x86a\x90o\xec\x9f\xc0\xd5\x22j\x1ee3o\x0fk1:\x2f\x10\x7f\xaaXgJn\x01d\x14a\x23m\xd5m\x0akY\x60d\x1a\x86\x80\x5e8\x01d\x18f\xe6o\x0a\xa0\x0al\xaf\xd1\x9d\x5b\x1daIn\x02i\x9d\xaa\xdfo\x1e\xa5\xb78\x2f\x81e\xaa \xdcqn\x09i\xdaaob\x8co\x0ek\xe4D\xea\xd5\xa5a\xe6c\x09o\x11\xc6\xf9m\xd4my\x814\xc6\xf0\x92\x0ffnoh\x8b\x86\x0f\xf1\x9c\xfc\xa3\x80\x94\x7c\xdc\xcd6\x01dwf\xf5o\xb6h\xf7\x9cVb\x0fk\x03iKc\x0cl?b\xad\x956\x03\xccc\xf3\x07\xfa\xa5\x02\xa6I\xad\x16J\xe4h\xb4g\xe8\x1a\xaeXi\x94\xd2\x60\x05\x24t\x1b\xff\x96\x80\x1e\xa6\x96\xb0\xaa\x28\x602a\x02d\x0fljU3b\x5c\xab\x3e\x86\xa1b\xf8b\xa1\xe5\xa4a\xe6o\x03ih\x00\x13m\xc7\x88\xee\xcc\xf9\xab\x02d\xf4\x95\x85c\x0fi\xbb\xe6\x11o\x88\x60\x07jjjT\x88\xfd\xabp\xa7\xf5c\x83\xaf\xd1X\x0elYf\x8ao\x047\x8do\xcc\x08\x94\x40Yf4o\xca\x93\x01d\xe7\x0f\x8ej\x0f\x87\x8e\x91\xb0e0o\x94Y\x8a\x00\xe8\x04\xd8\x0c\xb3\x97\x00k\x05l\x82m\x95\x60\x0bl\x24\xa3\xb7\x8eVc\xcd\xa1\xb7\x1c\x84\xa8\xfe\xa9\x0e\xd5!\x86\x90\xc2\xd4oBb\xb6m\x98V\x0f\x5f\xdencc\xa3\x10\xcf\xa2\x07o\x2a\x9f\x03l\x0do\xdfj\x2b9.\xa6\xda\x83Cn\x15\x24\x07e\x8do\x0dci\x0a\x91c\x7cR\xbam\xben\xf8\xa2\x1b7\xac\x89\x0ai\x02e\xc1o\xcac\x3dn\x8aa\x8aa\x00m\xb5emo\xd1\x84\x9ba\xe76h\x96\x10\x06\xdc0\x0de\xc4oBb\xdbfTo\xe2\x24\x97j\xdf\x8e\xe9\xcd\x01d\xc0m\x16\x83\xa4\xf9\x90C\x0di\x93cQn\x0am\xbb\x26\x02i\x8a\xa9\x05\xf5\xa1\x1e\xd7\x92\x0ei\x0bi\xdf\x8b\x1a\x04mm\x0e\x83\xac\xa3\xc0h\x5fj\x02d\x82\x04\x01dUh\x29\x60\x0ca\xc2\x22\x15E\x16\x2f\xc0E\x1cn\x1d6\xad\xa0</data></write>
    <read><delim>\x0a\x3d\x3d\x3d\x3d\x3d\x0a</delim><match><data>DEBUG:Instructions: 1\x0aR0  \x3d 00000000 R1  \x3d 00000000 R2  \x3d 00000000 R3  \x3d 00000000\x0aR4  \x3d 00000000 R5  \x3d 00000000 R6  \x3d 00000000 R7  \x3d 00000000\x0aR8  \x3d 00000000 R9  \x3d 00000000 R10 \x3d 00000000 R11 \x3d 00000000\x0aR12 \x3d 00000000 R13 \x3d 00000000 SP  \x3d 0000FFFC PC  \x3d 0000798C\x0a\x3d\x3d\x3d\x3d\x3d\x0a</data></match></read>
    <read><delim>\x0a</delim><match><data>Exception: Invalid opcode\x0a</data></match></read>
    <read><delim>\x0aEnd Registers\x0a</delim><match><data>Registers:\x0aInstructions: 1\x0aR0  \x3d 00000000 R1  \x3d 00000000 R2  \x3d 00000000 R3  \x3d 00000000\x0aR4  \x3d 00000000 R5  \x3d 00000000 R6  \x3d 00000000 R7  \x3d 00000000\x0aR8  \x3d 00000000 R9  \x3d 00000000 R10 \x3d 00000000 R11 \x3d 00000000\x0aR12 \x3d 00000000 R13 \x3d 00000000 SP  \x3d 0000FFFC PC  \x3d 0000798C\x0aEnd Registers\x0a</data></match></read>
</replay>
</pov>