<?xml version="1.0" standalone="no" ?>
<!DOCTYPE pov SYSTEM "/usr/share/cgc-docs/replay.dtd">
<pov>
<cbid>service</cbid>
<seed>534d0a47060dfc20b19b3b34b0853a9283bbcc8389deb93cc1c23e58ef5b72d64ef48fdaf921d29aef18d1b317da4f60</seed>
<replay>
    <delay>50</delay>
    <write><data>0\x0e\x00\x00</data></write>
    <write><data>Q\x5cX\xc30\x0e\x00\x00\x04\x00\xaa\x60\x00\x00\x04\x98\x5e0\x00\x00\x00\x02\x00\x04\x9e\x820\x04\x00\x00\x01\x00\x04J\x110\x08\x00\x00\x02\x00\x02b\x7b0\x0c\x00\x00\x93nb\x9d\x02\x2c\x89\x04\xaf\xaaHo\x01l\xba3\x18n8c\x13\x14\x0b9\x9bfioZb\xd3\x9f\xdf\x85\x8ca\xf5\x9f\xeb\xd8\x90\xa4\x01l\xa6\xafs\x08\x3c\x81\x2cj\xebL\xb0\x90\xbc\xaf\xd8\x81\x1eb4j\xfae\xe9o\xffj\xcc\x95\x08\x9c\xf66\x8f:\x12eOo\xa3\x9a\x13\x87\xa22\xb3cT\x8b\xfbPZ\x16\x87j\x19j\x02d\xf5b\x1c\x5c\xc9\xe0B5\x07\x60\x8eeuo\xf0\x60\x23\x82\x14m\x27\x13\xc7a65\x5df?o6g\x01d4g\xdf\x3e\x7dh\x5f\xa3\x12\xf0\xb2f\xcaoPo\x5e\x9au\xdf\xff8\x09\xa2\xd9\x60w\x91\x3dm\xc9\xf0\xba\x3b\x00i\xbbX\x07\xac\xa3\x83\x40\x0b\x05\x86f\x87\x60n\x1cnje\xd9o\xc4\x60\xe0.\x08l\x2f\xd1\x04l3nPf\x98o\x04iz\x8e\x7f\x3c\xab\x83\x9a\x60\xa5\x82\x0a\x60z\xe6\x07l\x25fvo\xce\x84\xc9\x3c\x5d\xe4h\xc7LG\x02d\xf5\x23\x05k\xd7H\xbcc\xb2j\x8bn\x27\x03.\xed\xcch\xd5\x3e6F\xc9f\x3co\x0c\x87\x0di\xc5\x60\xac\x91E\x60\x26\x15 :xc\xb8\x04u\x15\xdbg8\x0a\x05k\xad\x1b\xd8\xc3\x0f\x96\x93a\xf6\x25\x8e\x23\x0eh\x0dl\x94\xa4\xb3\x84\xb5ag\x60\xfda\xb5f\xccou\xae\x02d\x29\xa1\xd7\x60Tc\x88j\x8d\xaf\xcd\x0flaVm\x0fl\x11o\x02d\x01lwbSmTn\xbb\x0e\xbdbT\xfe\xf5a\xc3e\x03o\x0ai\x04a\xdej\xd8b\xe42\xa1\x05\xb9e\x0doAc\xebo\x9eb\xb2\xd3\x2d\xdd\x82jh\xa0\xdf\x1bWh\xc2j\x22\xaac\xc2W\xd4pn\xe4eiob\x92\x8b\x10\xe2C\x02k\xc7\x8cdfso\xa7nuh\xc9n\x8e\x84I\xa4\x0e\x98\x8a\x85\xed\xa6?m\xfaa\x02d\xde\x86\x93\x04\xcd\x97\xe69\x0eo\xde:w\xd95De\x94:b\x2f\xa5\x81n\x29E\xc5\x82\x00M\xc4e9o\x98h\x12\x40\xf4e\xc7o\xbe\x9fNK\x98a\x136\xd5h\x83e\x05oZS\xae\x84\xf7\x3e\x01d\x3bm2\xa0uf\xc1o\xb8\x02\x80\x9d\x90j\x25o\x24c\x7c\x8b\x2a\x60\x07k\x0e\x60\x84eeo4\x87\xd5\xad\xa9\xa2\x28f\xa6o\x1e\x24\xd9\x24\xe3b\x8bjph\x91m\xaa\xee\xd0\x92\x02k\x96c\x5b\xc1R\x605eXo\xc8m\x07k\x8e\x14\x5bZ\xa8\x9c\x2fb\x1fe\x1foFa\xff\x60\x26\x90\x0ek\x0ek\xe4\x95y\xa8\x9cb\xb5\x972\xf8xa\x28\x99\x0d\x92r\x9d\xe4h\x08\x1c\x93\x1d\x2d\x250\xed\xe8o\x09\x17\xdbh\xbf\xa8\x1ce\x1do\x02l\x03kq\x14\x07\xf3kS\x5ej\xbdo\x135Ug\x0ci \x60\xd9c\x88\x60\xeeb\xbb\x18\x1d\xccm\x04Y\x18\xb1\xa6\x8f\x17\x01dFo\x2a\x94\xf7m\xfceao\x0eb\xcd\xe1\x9bnG\x60\x7e\x1d\x01dk\x87\x29b\x28F\xc8 \x0fjh\xab\x83Qi\x2b\x02dLj\x9d\x81Pm\xaa\x98\x2dc\x0ckr\x9c\xbeMx\xcbm\xab\xf8\xa3Mm\xb3\x10\xd1a\x0fl\xf5\xf7\x40\x60\xd4\xad\x2fG\x81\x5c\xd7f\xc8o\xe0\xa3\xe5m\xc5m\x7cj\x7e\x8f\xbam\xa4o\x18\x0c\x0c:\x9bn\x85\xcd\xf6H\x87f\x16o\x8a\x27\xbdo\x9bXr\xc3j\x96\xb1j\x3c\x2f\xfdn\xc05\x04l\x94feo\xf7A\x01d\x0fk\x12h\xfbo\x95\xd1\x02d\xe4\xfe\xd7\x0b\x26\x3b\x08\xe2D\x04b\x9d\x84\x60Q\x98\x7em\xb9j\xd1!\x09l\x02irn\x0ak\x0dl\xf8\x8d\x15\x60\x01L\xf7c\xc2g\xec\xd6\x03lV\x60D\x92\xa8n\x8e\xe5\xdcf\xe3o\x9e\xa5\x5c!\x80ba\xa6J\x01\x89\x0b\x0cA\xc6j\x02d\x14\x2c\xc39q!\xb0\x91\x8d\x60\x1b\x60\xb5m\xff\x9dO7\x7f\x3c\x9b\xe9\x99a\x03i\x0c\x97\x3bj\xea\x9e\x96\x60\xaa\xaf\x29\xf0Ro\x10\xac\x9b\x01\xa7o\x0f\x60\x02d\x02dT\x5e\xdfo\xa0b\xe7\x81\x1cm\xe5\x9dioyc60\xf3fFo\xe3\x96\xdca\x24\xa0C\x93\x08k\xb1g\x17fso\x06k\x0f\x0fFfTo\xc7\x99\x82f\x86o\x8d\x8d\x8d\x8d\x8d\x8d\x8d\x8d\x8d\x8d\x8d\x8d\x8d\x8d\x8d\x8d\x8d\x8d\x8d\x8d\x8d\x8d\x8d\x8d\x8d\x8d\x8d\x8d\x8d\x8d\x8d\x8d\x8d\x8d\x8d\x8d\x8d\x8d\x8d\x8d\x8d\x8d\x8d\x8d\x8d\x8d\x8d\x8d\x8d\x8d\x8d\x8d\x8d\x8d\x8d\x8d\x8d\x8d\x8d\x8d\x8d\x8d\x8d\x8d\x8d\x8d\x8d\x8d\x8d\x8d\x8d\x8d\x8d\x8d\x8d\x8d\x8d\x8d\x8d\x8d\x8d\x8d\x8d\x8d\x8d\x8d\x8d\x8d\x8d\x8d\x8d\x8d\x8d\x8d\x8d\x8d\x8d\x8d\x8d\x8d\x8d\x8d\x8d\x8d\x8d\x8d\x8d\x8d\x8d\x8d\x8d\x8d\x8d\x8d\x8d\x8d\x8d\x8d\x8d\x8d\x8d\x8d\x8d\x8d\x8d\x8d\x8d\x8d\x8d\x8d\x8d\x8d\x8d\x8d\x8d\x8d\x8d\x8d\x8d\x8d\x8d\x8d\x8d\x8d\x8d\x8d\x8d\x8d\x8d\x8d\x8d\x8d\x8d\x8d\x8d\x8d\x8d\x8d\x8d\x8d\x8d\x8d\x8d\x8d\x8d\x8d\x8d\x8d\x8d\x8d\x8d\x8d\x8d\x8d\x8d\x8d\x8d\x8d\x8d\x8d\x8d\x8d\x8d\x8d\x8d\x8d\x8d\x8d\x8d\x8d\x8d\x8d\x8d\x8d\x8d\x8d\x8d\x8d\x8d\x8d\x8d\x8d\x8d\x8d\x8d\x8d\x8d\x8d\x8d\x8d\x8d\x8d\x8d\x8d\x8d\x8d\x8d\x8d\x8d\x8d\x8d\x8d\x8d\x8d\x8d\x8d\x8d\x8d\x8d\x8d\x8d\x8d\x8d\x8d\x8d\x8d\x8d\x8d\x8d\x8d\x8d\x8d\x8d\x8d\x8d\x8d\x8d\x8d\x8d\x8d\x8d\x8d\x8d\x8d\x8d\x8d\x8d\x8d\x8d\x8d\x8d\x8d\x8d\x8d\x8d\x8d\x8d\x8d\x8d\x8d\x8d\x8d\x8d\x8d\x8d\x8d\x8d\x8d\x8d\x8d\x8d\x8d\x8d\x8d\x8d\x8d\x8d\x8d\x8d\x8d\x8d\x8d\x8d\x8d\x8d\x8d\x8d\x8d\x8d\x8d\x8d\x8d\x8d\x8d\x8d\x8d\x8d\x8d\x8d\x8d\x8d\x8d\x8d\x8d\x8d\x8d\x8d\x8d\x8d\x8d\x8d\x8d\x8d\x8d\x8d\x8d\x8d\x8d\x8d\x8d\x8d\x8d\x8d\x8d\x8d\x8d\x8d\x8d\x8d\x8d\x8d\x8d\x8d\x8d\x8d\x8d\x8d\x8d\x8d\x8d\x8d\x8d\x8d\x8d\x8d\x8d\x8d\x8d\x8d\x8d\x8d\x8d\x8d\x8d\x8d\x8d\x8d\x8d\x8d\x8d\x8d\x8d\x8d\x8d\x8d\x8d\x8d\x8d\x8d\x8d\x8d\x8d\x8d\x8d\x8d\x8d\x8d\x8d\x8d\x8d\x8d\x8d\x8d\x8d\x8d\x8d\x8d\x8d\x8d\x8d\x8d\x8d\x8d\x8d\x8d\x8d\x8d\x8d\x8d\x8d\x8d\x8d\x8d\x8d\x8d\x8d\x8d\x8d\x8d\x8d\x8d\x8d\x8d\x8d\x8d\x8d\x8d\x8d\x8d\x8d\x8d\x8d\x8d\x8d\x8d\x8d\x8d\x8d\x8d\x8d\x8d\x8d\x8d\x8d\x8d\x8d\x8d\x8d\x8d\x8d\x8d\x8d\x8d\x8d\x8d\x8d\x8d\x8d\x8d\x8d\x8d\x8d\x8d\x8d\x8d\x8d\x8d\x8d\x8d\x8d\x8d\x8d\x8d\x8d\x8d\x8d\x8d\x8d\x8d\x8d\x8d\x8d\x8d\x8d\x8d\x8d\x8d\x8d\x8d\x8d\x8d\x8d\x8d\x8d\x8d\x8d\x8d\x8d\x8d\x8d\x8d\x8d\x8d\x8d\x8d\x8d\x8d\x8d\x8d\x8d\x8d\x8d\x8d\x8d\x8d\x8d\x8d\x8d\x8d\x8d\x8d\x8d\x8d\x8d\x8d\x8d\x8d\x8d\x8d\x8d\x8d\x8d\x8d\x8d\x8d\x8d\x8d\x8d\x8d\x8d\x8d\x8d\x8d\x8d\x8d\x8d\x8d\x8d\x8d\x8d\x8d\x8d\x8d\x8d\x8d\x8d\x8d\x8d\x8d\x8d\x8d\x8d\x8d\x8d\x8d\x8d\x8d\x8d\x8d\x8d\x8d\x8d\x8d\x8d\x8d\x8d\x8d\x8d\x8d\x8d\x8d\x8d\x8d\x8d\x8d\x8d\x8d\x8d\x8d\x8d\x8d\x8d\x8d\x8d\x8d\x8d\x8d\x8d\x8d\x8d\x8d\x8d\x8d\x8d\x8d\x8d\x8d\x8d\x8d\x8d\x8d\x8d\x8d\x8d\x8d\x8d\x8d\x8d\x8d\x8d\x8d\x8d\x8d\x8d\x8d\x8d\x8d\x8d\x8d\x8d\x8d\x8d\x8d\x8d\x8d\x8d\x8d\x8d\x8d\x8d\x8d\x8d\x8d\x8d\x8d\x8d\x8d\x8d\x8d\x8d\x8d\x8d\x8d\x8d\x8d\x8d\x8d\x8d\x8d\x8d\x8d\x8d\x8d\x8d\x8d\x8d\x8d\x8d\x8d\x8d\x8d\x8d\x8d\x8d\x8d\x8d\x8d\x8d\x8d\x8d\x8d\x8d\x8d\x8d\x8d\x8d\x8d\x8d\x8d\x8d\x8d\x8d\x8d\x8d\x8d\x8d\x8d\x8d\x8d\x8d\x8d\x8d\x8d\x8d\x8d\x8d\x8d\x8d\x8d\x8d\x8d\x8d\x8d\x8d\x8d\x8d\x8d\x8d\x8d\x8d\x8d\x8d\x8d\x8d\x8d\x8d\x8d\x8d\x8d\x8d\x8d\x8d\x8d\x8d\x8d\x8d\x8d\x8d\x8d\x8d\x8d\x8d\x8d\x8d\x8d\x8d\x8d\x8d\x8d\x8d\x8d\x8d\x8d\x8d\x8d\x8d\x8d\x8d\x8d\x8d\x8d\x8d\x8d\x8d\x8d\x8d\x8d\x8d\x8d\x8d\x8d\x8d\x8d\x8d\x8d\x8d\x8d\x8d\x8d\x8d\x8d\x8d\x8d\x8d\x8d\x8d\x8d\x8d\x8d\x8d\x8d\x8d\x8d\x8d\x8d\x8d\x8d\x8d\x8d\x8d\x8d\x8d\x8d\x8d\x8d\x8d\x8d\x8d\x8d\x8d\x8d\x8d\x8d\x8d\x8d\x8d\x8d\x8d\x8d\x8d\x8d\x8d\x8d\x8d\x8d\x8d\x8d\x8d\x8d\x8d\x8d\x8d\x8d\x8d\x8d\x8d\x8d\x8d\x8d\x8d\x8d\x8d\x8d\x8d\x8d\x8d\x8d\x8d\x8d\x8d\x8d\x8d\x8d\x8d\x8d\x8d\x8d\x8d\x8d\x8d\x8d\x8d\x8d\x8d\x8d\x8d\x8d\x8d\x8d\x8d\x8d\x8d\x8d\x8d\x8d\x8d\x8d\x8d\x8d\x8d\x8d\x8d\x8d\x8d\x8d\x8d\x8d\x8d\x8d\x8d\x8d\x8d\x8d\x8d\x8d\x8d\x8d\x8d\x8d\x8d\x8d\x8d\x8d\x8d\x8d\x8d\x8d\x8d\x8d\x8d\x8d\x8d\x8d\x8d\x8d\x8d\x8d\x8d\x8d\x8d\x8d\x8d\x8d\x8d\x8d\x8d\x8d\x8d\x8d\x8d\x8d\x8d\x8d\x8d\x8d\x8d\x8d\x8d\x8d\x8d\x8d\x8d\x8d\x8d\x8d\x8d\x8d\x8d\x8d\x8d\x8d\x8d\x8d\x8d\x8d\x8d\x8d\x8d\x8d\x8d\x8d\x8d\x8d\x8d\x8d\x8d\x8d\x8d\x8d\x8d\x8d\x8d\x8d\x8d\x8d\x8d\x8d\x8d\x8d\x8d\x8d\x8d\x8d\x8d\x8d\x8d\x8d\x8d\x8d\x8d\x8d\x8d\x8d\x8d\x8d\x8d\x8d\x8d\x8d\x8d\x8d\x8d\x8d\x8d\x8d\x8d\x8d\x8d\x8d\x8d\x8d\x8d\x8d\x8d\x8d\x8d\x8d\x8d\x8d\x8d\x8d\x8d\x8d\x8d\xb9\xb9\xb9\xb9\xb9\xb9\xb9\xb9\xb9\xb9\xb9\xb9\xb9\xb9\xb9\xb9\xb9\xb9\xb9\xb9\xb9\xb9\xb9\xb9\xb9\xb9\xb9\xb9\xb9\xb9\xb9\xb9\xb9\xb9\xb9\xb9\xb9\xb9\xb9\xb9\xb9\xb9\xb9\xb9\xb9\xb9\xb9\xb9\xb9\xb9\xb9\xb9\xb9\xb9\xb9\xb9\xb9\xb9\xb9\xb9\xb9\xb9\xb9\xb9\xb9\xb9\xb9\xb9\xb9\xb9\xb9\xb9\xb9\xb9\xb9\xb9\xb9\xb9\xb9\xb9\xb9\xb9\xb9\xb9\xb9\xb9\xb9\xb9\xb9\xb9\xb9\xb9\xb9\xb9\xb9\xb9\xb9\xb9\xb9\xb9\xb9\xb9\xb9\xb9\xb9\xb9\xb9\xb9\xb9\xb9\xb9\xb9\xb9\xb9\xb9\xb9\xb9\xb9\xb9\xb9\xb9\xb9\xb9\xb9\xb9\xb9\xb9\xb9\xb9\xb9\xb9\xb9\xb9\xb9\xb9\xb9\xb9\xb9\xb9\xb9\xb9\xb9\xb9\xb9\xb9\xb9\xb9\xb9\xb9\xb9\xb9\xb9\xb9\xb9\xb9\xb9\xb9\xb9\xb9\xb9\xb9\xb9\xb9\xb9\xb9\xb9\xb9\xb9\xb9\xb9\xb9\xb9\xb9\xb9\xb9\xb9\xb9\xb9\xb9\xb9\xb9\xb9\xb9\xb9\xb9\xb9\xb9\xb9\xb9\xb9\xb9\xb9\xb9\xb9\xb9\xb9\xb9\xb9\xb9\xb9\xb9\xb9\xb9\xb9\xb9\xb9\xb9\xb9\xb9\xb9\xb9\xb9\xb9\xb9\xb9\xb9\xb9\xb9\xb9\xb9\xb9\xb9\xb9\xb9\xb9\xb9\xb9\xb9\xb9\xb9\xb9\xb9\xb9\xb9\xb9\xb9\xb9\xb9\xb9\xb9\xb9\xb9\xb9\xb9\xb9\xb9\xb9\xb9\xb9\xb9\xb9\xb9\xb9\xb9\xb9\xb9\xb9\xb9\xb9\xb9\xb9\xb9\xb9\xb9\xb9\xb9\xb9\xb9\xb9\xb9\xb9\xb9\xb9\xb9\xb9\xb9\xb9\xb9\xb9\xb9\xb9\xb9\xb9\xb9\xb9\xb9\xb9\xb9\xb9\xb9\xb9\xb9\xb9\xb9\xb9\xb9\xb9\xb9\xb9\xb9\xb9\xb9\xb9\xb9\xb9\xb9\xb9\xb9\xb9\xb9\xb9\xb9\xb9\xb9\xb9\xb9\xb9\xb9\xb9\xb9\xb9\xb9\xb9\xb9\xb9\xb9\xb9\xb9\xb9\xb9\xb9\xb9\xb9\xb9\xb9\xb9\xb9\xb9\xb9\xb9\xb9\xb9\xb9\xb9\xb9\xb9\xb9\xb9\xb9\xb9\xb9\xb9\xb9\xb9\xb9\xb9\xb9\xb9\xb9\xb9\xb9\xb9\xb9\xb9\xb9\xb9\xb9\xb9\xb9\xb9\xb9\xb9\xb9\xb9\xb9\xb9\xb9\xb9\xb9\xb9\xb9\xb9\xb9\xb9\xb9\xb9\xb9\xb9\xb9\xb9\xb9\xb9\xb9\xb9\xb9\xb9\xb9\xb9\xb9\xb9\xb9\xb9\xb9\xb9\xb9\xb9\xb9\xb9\xb9\xb9\xb9\xb9\xb9\xb9\xb9\xb9\xb9\xb9\xb9\xb9\xb9\xb9\xb9\xb9\xb9\xb9\xb9\xb9\xb9\xb9\xb9\xb9\xb9\xb9\xb9\xb9\xb9\xb9\xb9\xb9\xb9\xb9\xb9\xb9\xb9\xb9\xb9\xb9\xb9\xb9\xb9\xb9\xb9\xb9\xb9\xb9\xb9\xb9\xb9\xb9\xb9\xb9\xb9\xb9\xb9\xb9\xb9\xb9\xb9\xb9\xb9\xb9\xb9\xb9\xb9\xb9\xb9\xb9\xb9\xb9\xb9\xb9\xb9\xb9\xb9\xb9\xb9\xb9\xb9\xb9\xb9\xb9\xb9\xb9\xb9\xb9\xb9\xb9\xb9\xb9\xb9\xb9\xb9\xb9\xb9\xb9\xb9\xb9\xb9\xb9\xb9\xb9\xb9\xb9\xb9\xb9\xb9\xb9\xb9\xb9\xb9\xb9\xb9\xb9\xb9\xb9\xb9\xb9\xb9\xb9\xb9\xb9\xb9\xb9\xb9\xb9\xb9\xb9\xb9\xb9\xb9\xb9\xb9\xb9\xb9\xb9\xb9\xb9\xb9\xb9\xb9\xb9\xb9\xb9\xb9\xb9\xb9\xb9\xb9\xb9\xb9\xb9\xb9\xb9\xb9\xb9\xb9\xb9\xb9\xb9\xb9\xb9\xb9\xb9\xb9\xb9\xb9\xb9\xb9\xb9\xb9\xb9\xb9\xb9\xb9\xb9\xb9\xb9\xb9\xb9\xb9\xb9\xb9\xb9\xb9\xb9\xb9\xb9\xb9\xb9\xb9\xb9\xb9\xb9\xb9\xb9\xb9\xb9\xb9\xb9\xb9\xb9\xb9\xb9\xb9\xb9\xb9\xb9\xb9\xb9\xb9\xb9\xb9\xb9\xb9\xb9\xb9\xb9\xb9\xb9\xb9\xb9\xb9\xb9\xb9\xb9\xb9\xb9\xb9\xb9\xb9\xb9\xb9\xb9\xb9\xb9\xb9\xb9\xb9\xb9\xb9\xb9\xb9\xb9\xb9\xb9\xb9\xb9\xb9\xb9\xb9\xb9\xb9\xb9\xb9\xb9\xb9\xb9\xb9\xb9\xb9\xb9\xb9\xb9\xb9\xb9\xb9\xb9\xb9\xb9\xb9\xb9\xb9\xb9\xb9\xb9\xb9\xb9\xb9\xb9\xb9\xb9\xb9\xb9\xb9\xb9\xb9\xb9\xb9\xb9\xb9\xb9\xb9\xb9\xb9\xb9\xb9\xb9\xb9\xb9\xb9\xb9\xb9\xb9\xb9\xb9\xb9\xb9\xb9\xb9\xb9\xb9\xb9\xb9\xb9\xb9\xb9\xb9\xb9\xb9\xb9\xb9\xb9\xb9\xb9\xb9\xb9\xb9\xb9\xb9\xb9\xb9\xb9\xb9\xb9\xb9\xb9\xb9\xb9\xb9\xb9\xb9\xb9\xb9\xb9\xb9\xb9\xb9\xb9\xb9\xb9\xb9\xb9\xb9\xb9\xb9\xb9\xb9\xb9\xb9\xb9\xb9\xb9\xb9\xb9\xb9\xb9\xb9\xb9\xb9\xb9\xb9\xb9\xb9\xb9\xb9\xb9\xb9\xb9\xb9\xb9\xb9\xb9\xb9\xb9\xb9\xb9\xb9\xb9\xb9\xb9\xb9\xb9\xb9\xb9\xb9\xb9\xb9\xb9\xb9\xb9\xb9\xb9\xb9\xb9\xb9\xb9\xb9\xb9\xb9\xb9\xb9\xb9\xb9\xb9\xb9\xb9\xb9\xb9\xb9\xb9\xb9\xb9\xb9\xb9\xb9\xb9\xb9\xb9\xb9\xb9\xb9\xb9\xb9\xb9\xb9\xb9\xb9\xb9\xb9\xb9\xb9\xb9\xb9\xb9\xb9\xb9\xb9\xb9\xb9\xb9\xb9\xb9\xb9\xb9\xb9\xb9\xb9\xb9\xb9\xb9\xb9\xb9\xb9\xb9\xb9\xb9\xb9\xb9\xb9\xb9\xb9\xb9\xb9\xb9\xb9\xb9\xb9\xb9\xb9\xb9\xb9\xb9\xb9\xb9\xb9\xb9\xb9\xb9\xb9\xb9\xb9\xb9\xb9\xb9\xb9\xb9\xb9\xb9\xb9\xb9\xb9\xb9\xb9\xb9\xb9\xb9\xb9\xb9\xb9\xb9\xb9\xb9\xb9\xb9\xb9\xb9\xb9\xb9\xb9\xb9\xb9\xb9\xb9\xb9\xb9\xb9\xb9\xb9\xb9\xb9\xb9\xb9\xb9\xb9\xb9\xb9\xb9\xb9\xb9\xb9\xb9\xb9\xb9\xb9\xb9\xb9\xb9\xb9\xb9\xb9\xb9\xb9\xb9\xb9\xb9\xb9\xb9\xb9\xb9\xb9\xb9\xb9\xb9\xb9\xb9\xb9\xb9\xb9\xb9\xb9\xb9\xb9\xb9\xb9\xb9\xb9\xb9\xb9\xb9\xb9\xb9\xb9\xb9\xb9\xb9\xb9\xb9\xb9\xb9\xb9\xb9\xb9\xb9\xb9\xb9\xb9\xb9\xb9\xb9\xb9\xb9\xb9\xb9\xb9\xb9\xb9\xb9\xb9\xb9\xb9\xb9\xb9\xb9\xa6\xa6\xa6\xa6\xa6\xa6\xa6\xa6\xa6\xa6\xa6\xa6\xa6\xa6\xa6\xa6\xa6\xa6\xa6\xa6\xa6\xa6\xa6\xa6\xa6\xa6\xa6\xa6\xa6\xa6\xa6\xa6\xa6\xa6\xa6\xa6\xa6\xa6\xa6\xa6\xa6\xa6\xa6\xa6\xa6\xa6\xa6\xa6\xa6\xa6\xa6\xa6\xa6\xa6\xa6\xa6\xa6\xa6\xa6\xa6\xa6\xa6\xa6\xa6\xa6\xa6\xa6\xa6\xa6\xa6\xa6\xa6\xa6\xa6\xa6\xa6\xa6\xa6\xa6\xa6\xa6\xa6\xa6\xa6\xa6\xa6\xa6\xa6\xa6\xa6\xa6\xa6\xa6\xa6\xa6\xa6\xa6\xa6\xa6\xa6\xa6\xa6\xa6\xa6\xa6\xa6\xa6\xa6\xa6\xa6\xa6\xa6\xa6\xa6\xa6\xa6\xa6\xa6\xa6\xa6\xa6\xa6\xa6\xa6\xa6\xa6\xa6\xa6\xa6\xa6\xa6\xa6\xa6\xa6\xa6\xa6\xa6\xa6\xa6\xa6\xa6\xa6\xa6\xa6\xa6\xa6\xa6\xa6\xa6\xa6\xa6\xa6\xa6\xa6\xa6\xa6\xa6\xa6\xa6\xa6\xa6\xa6\xa6\xa6\xa6\xa6\xa6\xa6\xa6\xa6\xa6\xa6\xa6\xa6\xa6\xa6\xa6\xa6\xa6\xa6\xa6\xa6\xa6\xa6\xa6\xa6\xa6\xa6\xa6\xa6\xa6\xa6\xa6\xa6\xa6\xa6\xa6\xa6\xa6\xa6\xa6\xa6\xa6\xa6\xa6\xa6\xa6\xa6\xa6\xa6\xa6\xa6\xa6\xa6\xa6\xa6\xa6\xa6\xa6\xa6\xa6\xa6\xa6\xa6\xa6\xa6\xa6\xa6\xa6\xa6\xa6\xa6\xa6\xa6\xa6\xa6\xa6\xa6\xa6\xa6\xa6\xa6\xa6\xa6\xa6\xa6\xa6\xa6\xa6\xa6\xa6\xa6\xa6\xa6\xa6\xa6\xa6\xa6\xa6\xa6\xa6\xa6\xa6\xa6\xa6\xa6\xa6\xa6\xa6\xa6\xa6\xa6\xa6\xa6\xa6\xa6\xa6\xa6\xa6\xa6\xa6\xa6\xa6\xa6\xa6\xa6\xa6\xa6\xa6\xa6\xa6\xa6\xa6\xa6\xa6\xa6\xa6\xa6\xa6\xa6\xa6\xa6\xa6\xa6\xa6\xa6\xa6\xa6\xa6\xa6\xa6\xa6\xa6\xa6\xa6\xa6\xa6\xa6\xa6\xa6\xa6\xa6\xa6\xa6\xa6\xa6\xa6\xa6\xa6\xa6\xa6\xa6\xa6\xa6\xa6\xa6\xa6\xa6\xa6\xa6\xa6\xa6\xa6\xa6\xa6\xa6\xa6\xa6\xa6\xa6\xa6\xa6\xa6\xa6\xa6\xa6\xa6\xa6\xa6\xa6\xa6\xa6\xa6\xa6\xa6\xa6\xa6\xa6\xa6\xa6\xa6\xa6\xa6\xa6\xa6\xa6\xa6\xa6\xa6\xa6\xa6\xa6\xa6\xa6\xa6\xa6\xa6\xa6\xa6\xa6\xa6\xa6\xa6\xa6\xa6\xa6\xa6\xa6\xa6\xa6\xa6\xa6\xa6\xa6\xa6\xa6\xa6\xa6\xa6\xa6\xa6\xa6\xa6\xa6\xa6\xa6\xa6\xa6\xa6\xa6\xa6\xa6\xa6\xa6\xa6\xa6\xa6\xa6\xa6\xa6\xa6\xa6\xa6\xa6\xa6\xa6\xa6\xa6\xa6\xa6\xa6\xa6\xa6\xa6\xa6\xa6\xa6\xa6\xa6\xa6\xa6\xa6\xa6\xa6\xa6\xa6\xa6\xa6\xa6\xa6\xa6\xa6\xa6\xa6\xa6\xa6\xa6\xa6\xa6\xa6\xa6\xa6\xa6\xa6\xa6\xa6\xa6\xa6\xa6\xa6\xa6\xa6\xa6\xa6\xa6\xa6\xa6\xa6\xa6\xa6\xa6\xa6\xa6\xa6\xa6\xa6\xa6\xa6\xa6\xa6\xa6\xa6\xa6\xa6\xa6\xa6\xa6\xa6\xa6\xa6\xa6\xa6</data></write>
    <read><delim>\x0a\x3d\x3d\x3d\x3d\x3d\x0a</delim><match><data>DEBUG:Instructions: 1\x0aR0  \x3d 00000000 R1  \x3d 00000000 R2  \x3d 00000000 R3  \x3d 00000000\x0aR4  \x3d 00000000 R5  \x3d 00000000 R6  \x3d 00000000 R7  \x3d 00000000\x0aR8  \x3d 00000000 R9  \x3d 00000000 R10 \x3d 00000000 R11 \x3d 00000000\x0aR12 \x3d 00000000 R13 \x3d 00000000 SP  \x3d 0000FFFC PC  \x3d 000060AC\x0a\x3d\x3d\x3d\x3d\x3d\x0a</data></match></read>
    <read><delim>\x0a\x3d\x3d\x3d\x3d\x3d\x0a</delim><match><data>DEBUG:Instructions: 2\x0aR0  \x3d 00000000 R1  \x3d 00000000 R2  \x3d 00000000 R3  \x3d 00000000\x0aR4  \x3d 00000000 R5  \x3d 00000000 R6  \x3d 00000000 R7  \x3d 00000000\x0aR8  \x3d 00000000 R9  \x3d 00000001 R10 \x3d 00000000 R11 \x3d 00000000\x0aR12 \x3d 00000000 R13 \x3d 00000000 SP  \x3d 0000FFFC PC  \x3d 000060AE\x0a\x3d\x3d\x3d\x3d\x3d\x0a</data></match></read>
    <read><delim>\x0a</delim><match><data>Exception: Invalid opcode\x0a</data></match></read>
    <read><delim>\x0aEnd Registers\x0a</delim><match><data>Registers:\x0aInstructions: 2\x0aR0  \x3d 00000000 R1  \x3d 00000000 R2  \x3d 00000000 R3  \x3d 00000000\x0aR4  \x3d 00000000 R5  \x3d 00000000 R6  \x3d 00000000 R7  \x3d 00000000\x0aR8  \x3d 00000000 R9  \x3d 00000001 R10 \x3d 00000000 R11 \x3d 00000000\x0aR12 \x3d 00000000 R13 \x3d 00000000 SP  \x3d 0000FFFC PC  \x3d 000060AE\x0aEnd Registers\x0a</data></match></read>
</replay>
</pov>