<?xml version="1.0" standalone="no" ?>
<!DOCTYPE pov SYSTEM "/usr/share/cgc-docs/replay.dtd">
<pov>
<cbid>service</cbid>
<seed>6be5985e186c992e2ef77755dcd7b0808f7c2989781d0b099cafbba398b1310d93b4832bf794c2bd745a79f21fa75bbd</seed>
<replay>
    <delay>50</delay>
    <write><data>\x1e\x08\x00\x00</data></write>
    <write><data>Q\x5cX\xc3\x1e\x08\x00\x00\x02\x008\x9e\x00\x00\x06\x88\x98\x1e\x00\x00\x00\x00\x00\x02t\x3e\x1e\x06\x00\x00\x1e\xdd\x40\xed\xcd\x8f\x08lwn\xde\x27\xfdX\x08mWo\xfcO\x7cF\xb5o\x5fc\x01d\x05\xfa\x06i\x9dh\x8c\x9cCn\xe0W\x06l\x9d\xa7\x15f\xa1oY\x80\xda\xa2\x7bo\x7dc\x02d0\xae\x04i\xb4\x28\x86j\x04i\x89m\x99b\xc5j\xefb\xb0\x98\x3b\xd9\x0e\xf9Ze\xb4o\x09N75\xd8\x08\xb5cr\x11\x02d\xf35\x5ca5\xa1\xca\x04\x7bj\x01i\x0di?a\xfdf\xb8o\x22\x3b\x7cc3\x27\x03k\x02o\xd4h\xc09\x07i3\x60\x01k\x1ag\x86aNg\xf2G\xe8\x92\x08i\x01dx\xf6\xf0e\x0ao9\x83\x1ca\xea\xa0\xaeb\xc4\x29eOc\x99\xb6\x0b\xecn\x03k\xaagX\xc2\xd6\x97W\xaf\xcd\xa7:n\xd3c\x06lT\x8d\xab\x9d\xa0\xae\x0fk\x1c:\x7be o\xe6\x60\x22Xcm\xadg\xa3\x90\x00jD\xf5\xe2\x15ob\x01l\xd5ePo\xf3\xa1T\x19\x5fa\xfd\xae\x93\x8dT\x80\x27mka\x01dYa\xd5\x90\x08m:\xcd\x405\xcaf\xeco\xa1\x91\xa9n\x24j\x14\x98m\x8bP\x9e\x0fi\x9de9ol\x86\x06l\xa7b\x97fAo\x9f\xd2\xbbf\xcao\x02i\x14a\x03\x60\x97\x9d\xa2f\xf5o\x03i\xa8f\xe1o\xf7b\x26\xa7\x7fPe\x91\xbe\x07\x10\x1d\x17\x8d2\x8b0\x2a\x9f\x9e\x02d3g\x01d b\xf9ni\x01\x22\xa5\xf5\x3b\xe6e\x07o\xe5b\x87\xc32L0\xa5\x0fk\x9feHo:\x60\xff\x03\x0ek\x0dkmb\x08k\xdd\xa98\x9d\x05l\xeb\xae\xb2a\xc9b\x8f\xe1\x0fk\x83g\x7b\x1cx\x60\x01d\xf6e\x97ovn\x11\x91\x1f\x28X\x1e\xb3\xa1\x08i\xf0mNc\xe6L\x25B\x15\x2b\x07i\x7bb\xeao\x9b\x3c\x8af\xefo\x85j\x0ck\x17\xaa\x19a\x1ec\x08\x89\xfff\x2bo\x08l\xc5\x03O\x60\x94\x82\xeba\xb2c\x2fm\xf5n\x23m\xf6mhn5a\x0cn\x92\x9b\xef\xa82\xf7\x0a\x9d\xbf\xc2\xac\x28\x9eb\x84\x8a\xea\x93\x2bn\x01\xa5\x5d\x8f\x93aq\x88nbo\x5fgn\xc5n\xeb\x2d\x3dn\x09m\x2a\xe4f\xd2\x14V\x0dk\x90\x60\x7b\xe7\xfe\x12\xdf\x9b\xabo\x9aO\xfd\x95qc\x2ba\xe7\x26\x04\xc6\x29e\xb4o\xa6L\xe6\x60\x01d\xd2c\x95\xa6\x9ac\xa0f\xc7o\x60\x11\xa8\x11sf\x8do\x7cFo\xad\x09n\xdf\x3d\xc4\xa3e\x1a\xf8\x90\x40\x9c\x04e\xd2o\x8a\xa0\x94\xcdx\xa2\xde\x1d\xb1j\xb7a\x1e\xdf\xc4\xea\xe3\x9c\xd9\x04\x0cn\x25g\xd6n\xf7\x87ej\x95n\x1e:\xab\x5f\xdf\xe1:j\x0fo\x04k4\x97\x05l\x0bk\xae\x1c\xf6\x93\xac\x92\x8d\xc3\xabj\x9am\x9e\x60\x2an\x0dk\x10\x9d\x7c\xd9t:\x9e\x07\x3d\x98wb\x2co\xbba\xd2m\xeao7c\xf9\x2a\x17T\xe4o\x9f\xa1Mb\xf7oF\x08\x8fe1o\x16h\x0dl\xe2e\x7fo\x04l\x0cb\x0digj\x03k\xcc\x60\x91f\x40o\x02d\x29c\xa3\x03\x04i\x2bm\x7e\x89O\xa6\x1dh\x02d\x08k\x08l\xf6a\xd7f\xf8oo\x9e\xb7\x18\x00l\xb1\x97Te\xd6o\xfa\x87\x1e\x83\xc6o\x82\xf0:\x0b\x85\x17\xd9m\xe9\x5b\xb0fVo\x07i\xf5a4n0\x8b\x0ek\x03k\x00i\x9c\x1f\x80h\xe8h\xbd\x80\xfa\x8b\xfcg\xadar\xa9?f\xfao\xd3\x60B\x60\xc2j\xbb\xf4\x7be\xcco\xbe\x97\x60\x26\xf8j\x7em\x9d\x94\x11n\xbdOwe\xa7o\x06le\x80n\xa0\x05i\x1fb\x08k\xd7b\x3ejr\x06\x8b?\x0fa\x08\xdcI\xaa\xfdb.\xdf\x0c\x0e\x95\xe2\xd6\x19u\xefTj\x09i\xc5\x93\x08k\x7d\xfdC\x0e\xaa\x60\x7da\x12gv\x3d3\x27\x0ck\x26Q\x7fb\x3ea\x02d\xb5\x1d\xce6A\xa8\xb3o\xc0\xf5\xe8m\x0a7\xc5o\xf4\x96\xcc\x9f\x94m\x03kfo\x92K\x09l\x0bl\x0akR\x98\x9a\x99\x10\x1d\x5d\xf5Yb\x1da\xf8\x8e7b?\x02\xa6a\xa0\xf8r\x60Q9\xd1jB\xf5\x12cq\x24\xa2\x2c\xa6\x3d\xb1c\xea\x0c\x02i\x07\x13\x0e9\xe2\xafBb\xc5bEo\xe7\xf8M\x5fjnPjDebo\x90R\x08k\x1e\x8e\x96m\x86m\xa3o\x98o\xcfX\x91\x9d\xaf\xae\x0bi\xa1\x60g\x2d\xb6\xa4\xe7hLg\x08c\xaa\x60\x2bm\x02knn\xc4\xfc\xd7c\x1an\xbd\xa6\x03i\x27\x92\x82\x23\x9fbye\xb0oB\x1c\x17\x94\x05l\xf9b\x7e\x1fNa\x0c\xa5.m\x80ffozc\x02dbh\x03i\xdc6\x08l\x00efo\x60n\x00\x87\x02i\x11mkb\xfff\xebo\xc8\x08\xa8f\xe4og\x90\x08l\x0dlGa\x0blXh\x06l\x97fHo\xf5\xebog\x8dR9\x816h\xabh0nz\xec\x0fi\x8fHd\xae\xc8b\xb6\xa7\x01d\x00is\x97\xb6j6\x5b7\xe4\xcf\x07\x9f\xc4\x01d\xf8m\xfce\x8eo\x8fo\x0f\xf8N\xa2\x99c\xcan\xe9\x12\x97\x13\x9a\x9cCf\xeeoVnx\xa0\x7bc\xc1\x97j\x25vm\x04k\x8ecEe\xddo\x02dPm7e\x81o\xbbmn\x2b\xdef\xf3o\xee\x88\xe1n\x07f\x2ao\x8a!\x08iw\x97\x85c\x27\xe7N\x83\xb6\x1a\x23o\xbcbT\xf7\x05fRo\x00\xa6\x02dRf:oBj\xd7b\x01ik\x8b\xf9\x9c\xb8m\x06i\xb7\x87\xa1ePo\x3e\x25\x00l\x2d\x06\x29\xa1\x40\x8b\xedn\x2f\x85J\xa8\xe0\x5dWO\x88\x2aaj\xc9j\xa0\xfe\x25\x3b\xd6\xad\xfe\x60\x8bb\x10\x97\x82j\x01d\x02d\x93c\xcdf\x3eo7\x8e\x28\xa1\x00npF\x81\x2c\xdae\xd8o\xe8\x2c\x0ck\x07bI\x84\xc1\x5eMI4\x94\x0ei\xb6b\x03l\x2b7\x7faZ\x3c\x7bf\x29o\xac\xa3vo\x06k\xe5o6b\x01d\x1d\xad\xc3m\x11\x0b\xd0c1\x03\x08k\xa2\x02\xab\x9f\x29e\xf4o\x01d\x8b\x8e\x0feioa\x92\x5bn\x0fc\x92\xc9K\xa6ro\x07l\x0dk\xad!Q\xc80bk\xa2\x5e\xa7\x3da\x8cf\x12oc\xa5\xfdezo\x9c\x3b\xb0b\xc3a\x7de\x5do\x8f\xa6\xa9j\xecc\x98\x06\x02d\x02iV\x06\x1ee\x2fo\xae\x8a\x92e\xc5oxa\xd5\x89\xa7b\x0cl\x8fb\xba\x17\x40h3c\xd7\x95\xea\xa8\x08o!6\x9a\x87\xa1c\xb7\x0e\x97j\x0b\xff\xff\xa1\xb8f\x28oY\x8e\x06k9\x98\x02d\xbeo\xd5\x91\x06\xa8\xb7b\xa6n\xfdc\xa86\x03i\x7d\x09\x04iBn\x01d\x01d\xab\x60 .\xcfa\xceS\x0ci\xe5\x12\x90\x23V\x9e\xc1\x82N\x85tV\xf1\xa3m\x9a2\x60i\x96rj\xbf\x60pa.a\x2cm:\xaa\xd8f.o\x00i\x0d \x04kr\xa6\x3b\x607W\xd5b\xd4\x95\x0ekW\xa9\x3b\x60\x24\x9d\x8f6\x84\x18v\x87\x0fi\xfc9\x7d\x27Xo\xd0n\x09kz\x9dQo\xfac\xf6cb\xec\x02kp\x09\x26!I3\x3co\xeac\xbf\x80\xd8\xa9\x84Z\x98\x5d\x0el\xa1e\x22oEc\xfcf\xa3o\xccc\x98\x10\xa0\x890\x93\x0ac\xd8\x9fZf\xd0o\x1ba\x1fo\x0bi!\xa7K\x88\x07k\xd2n\xb6\xaa\xa8f\x19o\xfa\x9f.o6\x89\x09lSb\x84\x1d\x27e\xe9o\x04\xa2\xf1o\x1eb\x2f\x9f\xf0\x83\xe0hb\x60\x24\x8dV\x80\x60\x9a\x1fb\x99o\xa9n\x01d\x0b\xa0\x01iza\x88\xab\x01\x2c\xe1e\xc6o\xe4\xf3emq\x8e\x27CSbg\x1d\x7b\xa4\x88b\x0ek\xeeo3n\xdeeKof\x9b8Msg\xb5\x82\x2cj\xd5\xa7\x12\xa4\x3e\x8e3a\x3d\x9f\x0el\xa2\xedp\x8a\x29\x85V\xdf\xdcR2bRj\x02d\xfef\x0fo\xc2\x8e\x00f\xf7o\xe8\x1d\x0bl\xb7\x29\xd1\x9c\x0ciX\xd6\xb2c\xe4c\x02d\xe8\x23\x08l\x01d\x1ff\xdao\xc7\x9d\xb1\x8dE\x96\x04nj\x82\x87D\x93\x88\x8bn\xe9\xac\xcab\xb7\x0d\x1boi\x1eT\x01\x5eh\xf7n\x3c\xad\xc6m\x02k\xe6\xab8\x07\x2a\x81\x0a\xcf\x0bk\x1da\xf1b\xbc\x2f\x0bf0oK\xed\x02d\x01\x99\xfbfao\xa1\x85r\x95\x06lNn\x02d\x14\x3e\x0ckAc\xc4c\x1eoFbNc\x5c\x15\xf9\xe9\xec\xa4\x8d\x60\x1b\x86\x04\x0b\x0bk</data></write>
    <read><delim>\x0a\x3d\x3d\x3d\x3d\x3d\x0a</delim><match><data>DEBUG:Instructions: 1\x0aR0  \x3d 00000000 R1  \x3d 00000000 R2  \x3d 00000000 R3  \x3d 00000000\x0aR4  \x3d 00000000 R5  \x3d 00000000 R6  \x3d 00000000 R7  \x3d 00000000\x0aR8  \x3d 00000000 R9  \x3d 00000000 R10 \x3d 00000000 R11 \x3d 00000000\x0aR12 \x3d 00000000 R13 \x3d 00000000 SP  \x3d 0000FFFC PC  \x3d 00009E3A\x0a\x3d\x3d\x3d\x3d\x3d\x0a</data></match></read>
    <read><delim>\x0a</delim><match><data>Exception: MMU Fetch Exception\x0a</data></match></read>
    <read><delim>\x0aEnd Registers\x0a</delim><match><data>Registers:\x0aInstructions: 1\x0aR0  \x3d 00000000 R1  \x3d 00000000 R2  \x3d 00000000 R3  \x3d 00000000\x0aR4  \x3d 00000000 R5  \x3d 00000000 R6  \x3d 00000000 R7  \x3d 00000000\x0aR8  \x3d 00000000 R9  \x3d 00000000 R10 \x3d 00000000 R11 \x3d 00000000\x0aR12 \x3d 00000000 R13 \x3d 00000000 SP  \x3d 0000FFFC PC  \x3d 000003B0\x0aEnd Registers\x0a</data></match></read>
</replay>
</pov>