<?xml version="1.0" standalone="no" ?>
<!DOCTYPE pov SYSTEM "/usr/share/cgc-docs/replay.dtd">
<pov>
<cbid>service</cbid>
<seed>1156f155c5c850d87b86956f7209b8f01a60cf555fb2843f279a8a1f67cbaf728c3c7c7e0ec1e586b2663f407f0d0705</seed>
<replay>
    <delay>50</delay>
    <write><data>\x1e\x0a\x00\x00</data></write>
    <write><data>Q\x5cX\xc3\x1e\x0a\x00\x00\x02\x00\xf6\xfc\x00\x00\x06\x08\xf9\x1e\x00\x00\x00\x00\x00\x04\x14\x00\x1e\x06\x00\x00\x88\xadQ\x60\x05k\x0fl1Q\x92m\xe4\xfe\x2aa\x28g\xe6\x87\xd1j\x06k\x3dcB\x15k\x8c\x12m\xd1\x9d\x17\xa9\x60jtf\x15o\xdbW\x22K\x1c\x02\xfaeho\xcfn\x8d\xc2\xc0\xfa\xc81\x3c\xfc\xe2a\x97bGmqc\x899\x3efXo\x04iR\x25\xaa\x80\x05n\x91f\xcboC\xa2\x7d\x8fCh\xfc\x8fceZoL\xaf\x1d\x07\x87\x80y\x8c\x00\xa7\x01d\xa3nt\xa4Q6\x8e\x60\xad\xadS\xad\x05igf\xd1oX\x1f\x08f\xc4ox\x04S\x9527\x0ek\x84\xac\xd8\x18\x3cbo\x9eXfLo\x93\x0a\xfb\x3e\x98\x3e\x9b\x05\x91j\x08i\x96\x1e\xe4\x9b\x0fm\x07\xf6y \xaab\x04l\xf0e\xc4o\xc4\x81\xe9\x14\x1d\x3d\x7ea\xeb\xa1\x19\x60\x06i\xcef\xbdo\x91o\xed\x8e\xd8\x97\x7c\xfd\xb1\x15\xf1\xf1\xd3e\xd7o\x905\xa4b\x97m\x81\xa2o\x27\x9fo\x8aa\x40\x8fL\xe2\xe7H\x7e\x60\xf6\x94\x25b\x95fZo\xaf\x93\x874\xddjP\x85z\xefp\xdb\x60g\xf2X\x1be\x27o\x89\x93z\x90\x5be\x7co\xdcg\xbd\x60\x93g\x13\xfb\x16\xa3\x02d\x2af\xbfoJ\x606\xa2\x95GX\x0e\xc0g3n0j\xd5\xca\xa6e\xa8o\xccm\x09i\xc6fPo:!\x1cC\x91n\x1f\x15\x0al\x01\x98\x0ei\xd1a\x2af\x22o\x03k\x8c\x82\x07l\x84\xa0\xcec\x3bf\x0bo\xaag\x07l\xb5gj\x8e\x01i\xe8o\xf0\xfa\x3ca\xc7\xae\x11n\xdd\x90\x03a\x0fkXc\xe3c\x14\x40\xcae\x8eo\xac\xd9N\x92\xd7e\x26oe\xc4ta\xba\x83\xc0\x24AP\x29\x5f1cVeDo\x9f\x81\xe9\x01\xe8\x29\x5fh\xf9\x90.o\x90c\x08k\x01dTO\x07m\xa3\x8d\xb0a\xc6\x90bavghS\xc6m\x0bl\x01e\x1co\xb7m\xfd\x60\xe8b\xcfb\x88 \x01is\x91\x9fS\xa3\xff\xafo\x98j9f\x7fo\x03k\xcfn\xcf\x8c.\x98\x9fo\xb3\xcaP\x1f\x90j\x81\x9f\x09i\x97h\x9eg\xa1\xa1\xe9M\xc2j\x94\x12\xbb\x9e\xb4\xaf\x15c\xfc\x96\xd4\xa0\xc5\x3dz\xa0\xa0\x9e!\xf5\xb2j\x01iPA\x83\x02\xc1b\x92\xa8\xf0\x1ehn\x14\x608\xaf\x40\x02\x00lIh\xcbo\xe6f\x28o\xc1eoo\x60oWo\x9f\xf8W\xa5\x28e\x06o\xc5\xf4\x02l\xfc\x99f\xa1B\x94\xd4\xd4\x0a\x60\xb6\xa6\xcdg\x95c\x5f\xad\x5dj!h\x01d\x09kjc\xdf\xe1\x18a\x83e\xfeo\x0dk?\x98\x5f\x09\x8d\xaa\x0e\xae\x26\x9b\xe6\x8b\x17b\xd7\xe9\x93\x07\xb4m\x11X\xc4f\x2ao\x91M\x04\x84\x02d\x00k\xef\x60\xecn\x01d\x0bm\x00k\x01d!\x23\x001 f\xb5oy\x9ey\x96\x95e\x23o\xd1j\xc2\x60\xdf\xa9\x60gp\x29B\x06\x0el\xfaC\x09i\x09g\xc0\xa8\xc7f\xceo\xd1\x60\xe8j\x80\xa9\x2a?\xedh\xbch\xd2\x60\x01d\x9b\x85\x82a\xc0j\x3b\x5b\xe4\x0b\x0cl\x0ak\x0dls\x14\x19X\xc51\x8ea\x11f\x5fo\xc6b\x84Q\x07iB\x3eSb\x0cl\xd6\x02\xd1fBo\x09lqa\x2d\xca:bc\x1bfa!\x8a\xa0?5m\x0ak\x02\x1e\x22P\x96S\x3d\xfb\xaem\xd5\x83\x89\x5eMa7jXn\x03\x8a\xeaU\x28\xab\x9c\xc9\x02d\x2c\x93r\xe3\xada\x82n\x7b\xa4\xb9\x60\xa2\xad8j\x02droA\x8fJ\x9d\x02iMj5\x09Ho\xca\x08c\x9d\x11b\xcfb\xdb\x8bb\x95\x04k6g\x93\xdc\xa1c\x02k\xc6j\x5f\x60\x84m\x80j\x07im\xfd\x22\x92\xdde\x2bo\x10f\x60o\x3cR\xfeh\x05\x99zn\xa6W\xf6\x60\xe4e\xb9o\x07l3E5\x1b\xedo\xb3\xa99c\xb2c\x27b\xc0o\xd4e\xf0o\x11\xa8wm\xfe\x3d\x01d\xb0\xe4mb\xa4m\xe9\xa5\x9f\x60.e\xaco\xebmY\x95\xc4\xe3\xa8m\xad\x95\x97m\xfca\x1b\xa7\x01d\x0en\xb0\x9e\x88j\x88e\x9fo.3b\x15!\x0b\x1dn\x82\xf55o\x8eo\xfbgZjP\x94\x0ek\x05l\x87\x8d\x01iC\x85\x14m\xec.\xb8\xd6C\x0e\x8d9\x89X\x02d\xf0aOe\x5fo\xad\x00\x01\xa9\x08\x25ana\x02\x5fm\xb0g\x2fn\x24\x23\xc1\x2fy\x10\x2b\x06\xa9f2o\xffn\xcaS\xeb\x603\x5c\xd18\x01\x9e\x8b\x0f\xdf\x0e\x2d\xa5\x03k\x02d\x01i\xd1\x86\x01d\xf5a\xbc\x89\x8cj\xe1a\x03U\x9d\xa4\xd3c\xfa\xa4\x0dn\x3eeZo2b\x09\x91\xc39\xabI\x5d\x60J9\xdfb\xb2f.o\xcb\xd3\x0dk\xac\x60\xde\x9f6nF\xad\x98\xfe\xde\x18\x11\xfdrj\x1c\xa1\x9e\x86\xc0c\x14e\x0bop\x9bho4h\x18jQa\x99\x85e\xf9M\x99?fIoe\xf1\x0ec\x24j\x0di\x00i\xc0h\x95n\x02d\x02d\x03\xc7\x7cK\xf9e\x01o\xb8\xdfZBrc\x7fhZc\x01d6b\xfeSif\x3bo\xffh!\xfc\x8ea\x0el\x02d\xdcn\x0ci\x95\x8f\xee\xcb\xa0\x85\xfbf\x05ou\xa4\x16e\x5boqb\xbdm\x5e\x82\x1ae\x13oE\xa9\x95\x99\xe5a\xcea\xc7\x25:m\x01d\x95Z\x91\xd8w\x80\x5d1\x83h1\x89\xbc\xe6\x82o\x99\x1dv\xf9\x17\xca\x04i\x16j\xb3e\xd7o\x02d\xd0\xcf\x02o\x02d1n\x0ccE\x11F\x60j\xe3\x02d\xa9\x8f\x95\xa0\xb0\x09\x98e\x86o\xbfnKo\x3e\xee\xe7\x82F\x3e\xa0\xacr\xa5\xbba0j\x9ao9\x81xn\xc9c\x0ck\xeaox\x0a\x3d\x8bdb\x7c\x9a\x8cc\x3d8\x8ea\x8bR\xeam6\x03\x00l\xcc\x95\x14jD\x99\xc6n\x88c\x02kqf\xafo\x0di\x17o\x0ei\x1ch\x5dc\x01fTo\xeam\xc3b\x83h\xcc\x98\x01m\x07g\x05k\xa9\xd0:e\x12o\x05k\xf9\x98\x1f\x9e\x0ck\xa2Vnm\xean\x04lA\xd3\x06i\xd1\x3c\x2d\xda\xa4\x9c\x0ei\xef\x89dgb\x93\x01k\x07i\x9a\x60\x02d\xe0\x3e\xa1\x97\x0dk\x07\xafMVp\x98\x08l\xbe\xc1r\x0bSn\x05i\x0fk\x01l\xd4\xf52fMo4\x12\xd7nco\xdd\xdb\x1ef\x3do\x0ei\x17\xe9\xe9L\x1b\x0f\x95e:o\xf3\x60\x7efyo\x3cfdo\xf9n\x9bm\x02d\x0elfc\xfd\xae\x00k\xfa?WoA\x3c\xa6o\xc1\xfa\x27c\x10o\xaa\x89:\xac\x23f\x8bo\x3e\x86\xb3\x98\x9b\x28\xb4B\x07i\xa8cF\x86\xfbM\xc1\x01\x0al\x1en\xf9\x2f\x0c\xa4AbBc\xd0\x8e\x27\x84\x04l\x0dk\x01d8\x96ZN\xc0eKo\x2d\xa9l\x89\x0el\x1f\xec\x3c\x8a\xc4\x8a\xef\xc8\x84gQ\x88Z\xd7\x7eaC\x24\xe8j\x9c\x98Y\xaa\x0ci\x7d\xc5\x3e\x96\xb2\xfcrf\x1foGc\x5fe\x2bo\x91\x04\x89n\x5cb\x1fa\x16e\xffo\x81b\xc2j \x9b\x01d\x07o\xb2\xabT\x1b\x7b\xa9\x01i\x0fi\x00l\xc5e\x2co\x93\x9d\xcd\xe0\x01F?\x97\xf5\x5d\xd7c\x29eqo2\x606eqo\xa7\x96\x9c\x06\x02i2m\x0cl\xe1\x9bz\x0a\x01doa\x5e\x5e\xd6\xae\xd4fjo3\xf5\x80o\x8e\x02Wo\x3e\x0c\x2cb\xa8\x60\x24\xfb\xe1\x5c\x9b3\x15j\x11\xf6\x02d\x3bUu\x92\x0dl\xf9\x60\xa1a\xd6a\xb7T\x9a\xdd\xbdgib\x97:\x7do\xfe\x60\xc0c\xcfe\x10o\xc1amb\x01d\xf9f\xc1o\x02d\x01d\x01kU\x89\x12VD\x18\xe0\xa6\x95gmV\x92\xa4\xee\x606o\x95n\x28\x9c\x0ei\x7e\x83\x25b\x2bm\x04E8m\x02d\xefb\xb5jNh\x0ekY?\xe6\x9dO\x28\xa8h\x80\xa5\xf6j\x96c\xae\x97\x02F0j\xf1n\xe6n\xbb\x194h\x14\x60\xdb1\x0el\x02d\x02d\xc7a\x04i\x08lIf\xf5o\xcc\x06\x09k\xf5\xa6\xdaj\x0fc\x02d\x11c\x9db \x80\x9f\x94\xe2\x22\x1ff\x3boDb\xa7b\x88mlm\x8f\x25\xcd\x60\xa5\x9d\x7e\xd90j\xad\xdb\xa1\x91\xe9a\xd1\xee\x02di\x60\xf8f\xcco\x29f\xc7o\x03k\x04kpj\xbco\xbb\x8a\xe2\x97\xb0\xacx\xa2\x0f\x60\xccb\xf6\x60\xa6D\x5f\xac\xdf\x93\x8am\xf6\x60\xbbo\x08k\xb5\xabA\x60\xd6\x90y\x87\x9cjgm\x29m\xe3n\xb5\x84\xe9\x2d\x86PFj\xd7b\x00l\x08l\x7dZ1c1al5\x05lL\x29q\x60\x19\x1bybUHPb\xc8\x8d\x08\xed\x3d\x09\x22\xaa\xa45\xfeob\x92tn\x83c\xeb\xa9\x25o\xfa\x60W\xc4ig\x9en\x3d7\x86\xf6\x8e\x867n\xdb\x60w\x12\x0clxb\x9bf\x81o\x83\x27\x2dg\xf7g\x7de\x84o\x16\x807a\x9a\xa0\x1en\x16a\xcd\x80\x977cjm\x92\x94e\xf0o\xb6h\x25mpo\xf0\xaf\xc4\xa8\x04lR\xd7\x01k\xabf\xa9o\xabcg\xa5v\x93\x06l\x0b\xad\xc3\x26\x0dn\x98nZn\xe0f\x86o\xdbh\xf4oJ\xab\xe1\x95\xf8J\x40M\xe8\xa0\x28\xe9SP\x8fg\x00i\x0bk\x8ba\x01d\x7cc\x95e\xa2o\xf5\x1a\x1ea\xfc:\x7f\x8b\x82\x97\x1fn\x5d\xa1\xc3\xf1\x0ej\x18\xfa\xc1m\x1f\x60\xffo\x0al\x8d\xa9\x9d\x84\x0fi\x05\x60\x9bg?a\x23o\x9bc\x93N\xacb\xf0a\x0ci\x0fk\xce\xaa\xe5f\x1bo\xe3\x9a\x1af\xcdo\xda\x84\x97b:f\x91o\x7cj\x96a\x02dtc\xaan\xb3\x8b\xea\x16\x5f\x89\x81\xa1\xd9o\x01d\xc2a4mu\x87\x9fc\x12j\x98\x91y\xd2\x02d\x08\x5f\x10\xef\x0e\x96\xc8\xa7\x1f\x60\xddmF\x3d\xa9bK\x0a\x03i\x0f5\x8c\x09\xceM\xef\xdfin\x12c\x89\x2c\x9f\x89\xa6\x1a\x0d\x01\xe4\x22\xe1A\xe7\xab\xb2\xa7\x0al\x05f\x12o\x04l\x8d\x84\x40\x12\x25\x2b\x0al\xde\x27\x06c\xcd\x2c\x02d\xe3\x60\xd9\x8a\x8ag\xcda\x02l8f\x85o\xf4\x97\xdeeNo\x5enu\x5e\xffc\x0bl\x0fl\x06\x0e\x90\xaf\xf0e\xf0o\x0bi\x5fj\x60\x40\x1af\x94o\x0fl\x8cZ\x2co\xe7\xc0\x9a\xf8\x15b\x02d6\xa6\x96\x01b\xa3\xe9o\xb4\x93N\xa7\x8cn\x01d\x2b\x60\xe9c\xcee\xc4oGe\xaao\x01i\xf0\x0fp\xee\x01e\xdco\x5fc\x2bL\x00kN\x99\x84\x06\x01k\xf5\x5f\xa6\x15\xdan\x06\xa9\xd1\x95\x0ei\x07e</data></write>
    <read><delim>\x0a\x3d\x3d\x3d\x3d\x3d\x0a</delim><match><data>DEBUG:Instructions: 1\x0aR0  \x3d 00000000 R1  \x3d 00000000 R2  \x3d 00000000 R3  \x3d 00000000\x0aR4  \x3d 00000000 R5  \x3d 00000000 R6  \x3d 00000000 R7  \x3d 00000000\x0aR8  \x3d 00000000 R9  \x3d 00000000 R10 \x3d 00000000 R11 \x3d 00000000\x0aR12 \x3d 00000000 R13 \x3d 00000000 SP  \x3d 0000FFFC PC  \x3d 0000FCF8\x0a\x3d\x3d\x3d\x3d\x3d\x0a</data></match></read>
    <read><delim>\x0a\x3d\x3d\x3d\x3d\x3d\x0a</delim><match><data>DEBUG:Instructions: 2\x0aR0  \x3d 00000000 R1  \x3d 00000000 R2  \x3d 00000000 R3  \x3d 00000000\x0aR4  \x3d 00000000 R5  \x3d 00000001 R6  \x3d 00000000 R7  \x3d 00000000\x0aR8  \x3d 00000000 R9  \x3d 00000000 R10 \x3d 00000000 R11 \x3d 00000000\x0aR12 \x3d 00000000 R13 \x3d 00000000 SP  \x3d 0000FFFC PC  \x3d 0000FCFA\x0a\x3d\x3d\x3d\x3d\x3d\x0a</data></match></read>
    <read><delim>\x0a\x3d\x3d\x3d\x3d\x3d\x0a</delim><match><data>DEBUG:Instructions: 3\x0aR0  \x3d 00000000 R1  \x3d 00000000 R2  \x3d 00000000 R3  \x3d 00000000\x0aR4  \x3d 00000000 R5  \x3d 00000001 R6  \x3d 00000000 R7  \x3d 00000000\x0aR8  \x3d 00000000 R9  \x3d 00000000 R10 \x3d 00000000 R11 \x3d 00000000\x0aR12 \x3d 00000000 R13 \x3d 00000000 SP  \x3d 0000FFFC PC  \x3d 0000FCFC\x0a\x3d\x3d\x3d\x3d\x3d\x0a</data></match></read>
    <read><delim>\x0a\x3d\x3d\x3d\x3d\x3d\x0a</delim><match><data>DEBUG:Instructions: 4\x0aR0  \x3d 00000000 R1  \x3d 00000000 R2  \x3d 00000000 R3  \x3d 00000000\x0aR4  \x3d 00000000 R5  \x3d 00000001 R6  \x3d 00000000 R7  \x3d 00000000\x0aR8  \x3d 00000000 R9  \x3d 00000000 R10 \x3d 00000000 R11 \x3d 00000000\x0aR12 \x3d 00000000 R13 \x3d 00000000 SP  \x3d 000070AA PC  \x3d 0000FCFE\x0a\x3d\x3d\x3d\x3d\x3d\x0a</data></match></read>
    <read><delim>\x0a\x3d\x3d\x3d\x3d\x3d\x0a</delim><match><data>DEBUG:Instructions: 5\x0aR0  \x3d 00000000 R1  \x3d 00000000 R2  \x3d 00000000 R3  \x3d 00000000\x0aR4  \x3d 00000000 R5  \x3d 000077F0 R6  \x3d 00000000 R7  \x3d 00000000\x0aR8  \x3d 00000000 R9  \x3d 00000000 R10 \x3d 00000000 R11 \x3d 00000000\x0aR12 \x3d 00000000 R13 \x3d 00000000 SP  \x3d 000070AA PC  \x3d 0000FD00\x0a\x3d\x3d\x3d\x3d\x3d\x0a</data></match></read>
    <read><delim>\x0a\x3d\x3d\x3d\x3d\x3d\x0a</delim><match><data>DEBUG:Instructions: 6\x0aR0  \x3d 00000000 R1  \x3d 00000000 R2  \x3d 00000000 R3  \x3d 00000000\x0aR4  \x3d 00000000 R5  \x3d 000077F0 R6  \x3d 00000000 R7  \x3d 00000000\x0aR8  \x3d 00000000 R9  \x3d 00000000 R10 \x3d 00000000 R11 \x3d 0000FFF9\x0aR12 \x3d 00000000 R13 \x3d 00000000 SP  \x3d 000070AA PC  \x3d 0000FD02\x0a\x3d\x3d\x3d\x3d\x3d\x0a</data></match></read>
    <read><delim>\x0a\x3d\x3d\x3d\x3d\x3d\x0a</delim><match><data>DEBUG:Instructions: 7\x0aR0  \x3d 00000000 R1  \x3d 00000000 R2  \x3d 00000000 R3  \x3d 00000000\x0aR4  \x3d 00000000 R5  \x3d 000077F0 R6  \x3d 00000000 R7  \x3d 00000000\x0aR8  \x3d 00000000 R9  \x3d 00000000 R10 \x3d 00000000 R11 \x3d 0000FFF9\x0aR12 \x3d 00000000 R13 \x3d 00000000 SP  \x3d 000070AA PC  \x3d 00000002\x0a\x3d\x3d\x3d\x3d\x3d\x0a</data></match></read>
    <read><delim>\x0a\x3d\x3d\x3d\x3d\x3d\x0a</delim><match><data>DEBUG:Instructions: 8\x0aR0  \x3d 00000000 R1  \x3d 00000000 R2  \x3d 00000000 R3  \x3d 00000000\x0aR4  \x3d 00000000 R5  \x3d 000077F0 R6  \x3d 00000000 R7  \x3d 00000000\x0aR8  \x3d 00000000 R9  \x3d 00000000 R10 \x3d 00000000 R11 \x3d 0000FFF9\x0aR12 \x3d 00000000 R13 \x3d 00000000 SP  \x3d 000070AA PC  \x3d 00000004\x0a\x3d\x3d\x3d\x3d\x3d\x0a</data></match></read>
    <read><delim>\x0a\x3d\x3d\x3d\x3d\x3d\x0a</delim><match><data>DEBUG:Instructions: 9\x0aR0  \x3d 00000000 R1  \x3d 00000000 R2  \x3d 00000000 R3  \x3d 00000000\x0aR4  \x3d 00000000 R5  \x3d 000077F0 R6  \x3d 00000000 R7  \x3d 00000000\x0aR8  \x3d 00000000 R9  \x3d 00000000 R10 \x3d 00000000 R11 \x3d 0000FFF9\x0aR12 \x3d 00000000 R13 \x3d 00000000 SP  \x3d 000070AA PC  \x3d 00000006\x0a\x3d\x3d\x3d\x3d\x3d\x0a</data></match></read>
    <read><delim>\x0a\x3d\x3d\x3d\x3d\x3d\x0a</delim><match><data>DEBUG:Instructions: 10\x0aR0  \x3d 00000000 R1  \x3d 00000000 R2  \x3d 00000000 R3  \x3d 00000000\x0aR4  \x3d 00000000 R5  \x3d 000077F0 R6  \x3d 00000000 R7  \x3d 00000000\x0aR8  \x3d 00000000 R9  \x3d 00000000 R10 \x3d 00000000 R11 \x3d 0000FFF9\x0aR12 \x3d 00000000 R13 \x3d 00000000 SP  \x3d 000070AA PC  \x3d 00000008\x0a\x3d\x3d\x3d\x3d\x3d\x0a</data></match></read>
    <read><delim>\x0a\x3d\x3d\x3d\x3d\x3d\x0a</delim><match><data>DEBUG:Instructions: 11\x0aR0  \x3d 00000000 R1  \x3d 00000000 R2  \x3d 00000000 R3  \x3d 00000000\x0aR4  \x3d 00000000 R5  \x3d 000077F0 R6  \x3d 00000000 R7  \x3d 00000000\x0aR8  \x3d 00000000 R9  \x3d 00000000 R10 \x3d 00000000 R11 \x3d 0000FFF9\x0aR12 \x3d 00000000 R13 \x3d 00000000 SP  \x3d 000070AA PC  \x3d 0000000A\x0a\x3d\x3d\x3d\x3d\x3d\x0a</data></match></read>
    <read><delim>\x0a\x3d\x3d\x3d\x3d\x3d\x0a</delim><match><data>DEBUG:Instructions: 12\x0aR0  \x3d 00000000 R1  \x3d 00000000 R2  \x3d 00000000 R3  \x3d 00000000\x0aR4  \x3d 00000000 R5  \x3d 000077F0 R6  \x3d 00000000 R7  \x3d 00000000\x0aR8  \x3d 00000000 R9  \x3d 00000000 R10 \x3d 00000000 R11 \x3d 0000FFF9\x0aR12 \x3d 00000000 R13 \x3d 00000000 SP  \x3d 000070AA PC  \x3d 0000000C\x0a\x3d\x3d\x3d\x3d\x3d\x0a</data></match></read>
    <read><delim>\x0a\x3d\x3d\x3d\x3d\x3d\x0a</delim><match><data>DEBUG:Instructions: 13\x0aR0  \x3d 00000000 R1  \x3d 00000000 R2  \x3d 00000000 R3  \x3d 00000000\x0aR4  \x3d 00000000 R5  \x3d 000077F0 R6  \x3d 00000000 R7  \x3d 00000000\x0aR8  \x3d 00000000 R9  \x3d 00000000 R10 \x3d 00000000 R11 \x3d 0000FFF9\x0aR12 \x3d 00000000 R13 \x3d 00000000 SP  \x3d 000070AA PC  \x3d 0000000E\x0a\x3d\x3d\x3d\x3d\x3d\x0a</data></match></read>
    <read><delim>\x0a\x3d\x3d\x3d\x3d\x3d\x0a</delim><match><data>DEBUG:Instructions: 14\x0aR0  \x3d 00000000 R1  \x3d 00000000 R2  \x3d 00000000 R3  \x3d 00000000\x0aR4  \x3d 00000000 R5  \x3d 000077F0 R6  \x3d 00000000 R7  \x3d 00000000\x0aR8  \x3d 00000000 R9  \x3d 00000000 R10 \x3d 00000000 R11 \x3d 0000FFF9\x0aR12 \x3d 00000000 R13 \x3d 00000000 SP  \x3d 000070AA PC  \x3d 00000010\x0a\x3d\x3d\x3d\x3d\x3d\x0a</data></match></read>
    <read><delim>\x0a\x3d\x3d\x3d\x3d\x3d\x0a</delim><match><data>DEBUG:Instructions: 15\x0aR0  \x3d 00000000 R1  \x3d 00000000 R2  \x3d 00000000 R3  \x3d 00000000\x0aR4  \x3d 00000000 R5  \x3d 000077F0 R6  \x3d 00000000 R7  \x3d 00000000\x0aR8  \x3d 00000000 R9  \x3d 00000000 R10 \x3d 00000000 R11 \x3d 0000FFF9\x0aR12 \x3d 00000000 R13 \x3d 00000000 SP  \x3d 000070AA PC  \x3d 00000012\x0a\x3d\x3d\x3d\x3d\x3d\x0a</data></match></read>
    <read><delim>\x0a\x3d\x3d\x3d\x3d\x3d\x0a</delim><match><data>DEBUG:Instructions: 16\x0aR0  \x3d 00000000 R1  \x3d 00000000 R2  \x3d 00000000 R3  \x3d 00000000\x0aR4  \x3d 00000000 R5  \x3d 000077F0 R6  \x3d 00000000 R7  \x3d 00000000\x0aR8  \x3d 00000000 R9  \x3d 00000000 R10 \x3d 00000000 R11 \x3d 0000FFF9\x0aR12 \x3d 00000000 R13 \x3d 00000000 SP  \x3d 000070AA PC  \x3d 00000014\x0a\x3d\x3d\x3d\x3d\x3d\x0a</data></match></read>
    <read><delim>\x0a\x3d\x3d\x3d\x3d\x3d\x0a</delim><match><data>DEBUG:Instructions: 17\x0aR0  \x3d 00000000 R1  \x3d 00000000 R2  \x3d 00000000 R3  \x3d 00000000\x0aR4  \x3d 00000000 R5  \x3d 000077F0 R6  \x3d 00000000 R7  \x3d 00000000\x0aR8  \x3d 00000000 R9  \x3d 00000000 R10 \x3d 00000000 R11 \x3d 0000FFF9\x0aR12 \x3d 00000000 R13 \x3d 00000000 SP  \x3d 000070AA PC  \x3d 00000016\x0a\x3d\x3d\x3d\x3d\x3d\x0a</data></match></read>
    <read><delim>\x0a\x3d\x3d\x3d\x3d\x3d\x0a</delim><match><data>DEBUG:Instructions: 18\x0aR0  \x3d 00000000 R1  \x3d 00000000 R2  \x3d 00000000 R3  \x3d 00000000\x0aR4  \x3d 00000000 R5  \x3d 000077F0 R6  \x3d 00000000 R7  \x3d 00000000\x0aR8  \x3d 00000000 R9  \x3d 00000000 R10 \x3d 00000000 R11 \x3d 0000FFF9\x0aR12 \x3d 00000000 R13 \x3d 00000000 SP  \x3d 000070AA PC  \x3d 00000018\x0a\x3d\x3d\x3d\x3d\x3d\x0a</data></match></read>
    <read><delim>\x0a\x3d\x3d\x3d\x3d\x3d\x0a</delim><match><data>DEBUG:Instructions: 19\x0aR0  \x3d 00000000 R1  \x3d 00000000 R2  \x3d 00000000 R3  \x3d 00000000\x0aR4  \x3d 00000000 R5  \x3d 000077F0 R6  \x3d 00000000 R7  \x3d 00000000\x0aR8  \x3d 00000000 R9  \x3d 00000000 R10 \x3d 00000000 R11 \x3d 0000FFF9\x0aR12 \x3d 00000000 R13 \x3d 00000000 SP  \x3d 000070AA PC  \x3d 0000001A\x0a\x3d\x3d\x3d\x3d\x3d\x0a</data></match></read>
    <read><delim>\x0a</delim><match><data>Exception: MMU Fetch Exception\x0a</data></match></read>
    <read><delim>\x0aEnd Registers\x0a</delim><match><data>Registers:\x0aInstructions: 19\x0aR0  \x3d 00000000 R1  \x3d 00000000 R2  \x3d 00000000 R3  \x3d 00000000\x0aR4  \x3d 00000000 R5  \x3d 000077F0 R6  \x3d 00000000 R7  \x3d 00000000\x0aR8  \x3d 00000000 R9  \x3d 00000000 R10 \x3d 00000000 R11 \x3d 0000FFF9\x0aR12 \x3d 00000000 R13 \x3d 00000000 SP  \x3d 000070AA PC  \x3d 00001B1C\x0aEnd Registers\x0a</data></match></read>
</replay>
</pov>