<?xml version="1.0" standalone="no" ?>
<!DOCTYPE pov SYSTEM "/usr/share/cgc-docs/replay.dtd">
<pov>
<cbid>service</cbid>
<seed>c2d3ff8a6b92489819e512bb46032c6e4a94318fb8efbe3d788ea6cf1616d67abd19fbcb70f54550508febadbbbe4e13</seed>
<replay>
    <delay>50</delay>
    <read><length>2</length><match><data>\x3e </data></match></read>
    <write><data>\x28486\x2d\x7e\x28\x28\x28\x28594\x2a253\x29\x2f269\x29\x2d\x7e38\x29\x2a\x28364\x2d961\x29\x29\x29\x0a</data></write>
    <read><delim>\x0a</delim><match><data>\x5f \x3d \x2d355326\x0a</data></match></read>
    <read><length>9</length><match><data>fffa9492\x0a</data></match></read>
    <read><length>2</length><match><data>\x3e </data></match></read>
    <write><data>\x2895\x2f\x28\x28244\x2d714\x29\x2b\x7e246\x29\x29\x0a</data></write>
    <read><delim>\x0a</delim><match><data>\x5f \x3d 0\x0a</data></match></read>
    <read><length>9</length><match><data>00000090\x0a</data></match></read>
    <read><length>2</length><match><data>\x3e </data></match></read>
    <write><data>\x25tokens\x0a</data></write>
    <read><length>2</length><match><data>\x3e </data></match></read>
    <write><data>220\x0a</data></write>
    <read><delim>\x0a</delim><match><data>220\x0a</data></match></read>
    <read><delim>\x0a</delim><match><data>\x5f \x3d 220\x0a</data></match></read>
    <read><length>9</length><match><data>0000004c\x0a</data></match></read>
    <read><length>2</length><match><data>\x3e </data></match></read>
    <write><data>122\x0a</data></write>
    <read><delim>\x0a</delim><match><data>122\x0a</data></match></read>
    <read><delim>\x0a</delim><match><data>\x5f \x3d 122\x0a</data></match></read>
    <read><length>9</length><match><data>000000ea\x0a</data></match></read>
    <read><length>2</length><match><data>\x3e </data></match></read>
    <write><data>\x25tokens\x0a</data></write>
    <read><length>2</length><match><data>\x3e </data></match></read>
    <write><data>T\x7b\x24\x5eCb\x22To\x2c\x7bP!Q:y\x7c?\x29\x40\x7c\x2c\x0d8qLDWKK\x5e!s?i1V\x2fc\x2du\x26oODQ0okkq\x09iMiNNs\x2c\x09\x5e\x7eodRJ4AsNb7d\x3bN\x26 \x5b\x2aTLO5v\x22YiEb7rd\x28\x0a</data></write>
    <read><delim>\x0a</delim><match><data>ERROR!\x0a</data></match></read>
    <read><length>2</length><match><data>\x3e </data></match></read>
    <write><data>H.r\x5fYj\x0bu\x40mw\x29\x2dHK4u\x5b!OU?k\x22B\x5d\x2c\x2c0aT4OcIK\x23pTC\x7bLjjf\x28tA\x40\x0dQ\x27NWrSx?Ix\x3b\x09\x40iU\x5c4J\x5b!R\x2cZIkxR\x5dmsT\x7b\x3dh\x0cz\x28XZt\x29Ih\x28\x0a</data></write>
    <read><delim>\x0a</delim><match><data>ERROR!\x0a</data></match></read>
    <read><length>2</length><match><data>\x3e </data></match></read>
    <write><data>\x0c\x2aKU4\x2d\x3dJXWC\x3d\x2di32JD\x0c9LjVd\x22MS\x5ddv\x26ZC\x2fJtJM4T\x2ff\x5b\x3d\x7e\x5cd\x2fG\x3eR\x28vz\x40Qy0DAUzt\x3b5\x28Y\x2a7\x7d\x23l\x28!5Xt7EfYy.\x28\x0a</data></write>
    <read><delim>\x0a</delim><match><data>ERROR!\x0a</data></match></read>
    <read><length>2</length><match><data>\x3e </data></match></read>
    <write><data>\x25tokens\x0a</data></write>
    <read><length>2</length><match><data>\x3e </data></match></read>
    <write><data>565\x0a</data></write>
    <read><delim>\x0a</delim><match><data>565\x0a</data></match></read>
    <read><delim>\x0a</delim><match><data>\x5f \x3d 565\x0a</data></match></read>
    <read><length>9</length><match><data>000002a5\x0a</data></match></read>
    <read><length>2</length><match><data>\x3e </data></match></read>
    <write><data>800\x0a</data></write>
    <read><delim>\x0a</delim><match><data>800\x0a</data></match></read>
    <read><delim>\x0a</delim><match><data>\x5f \x3d 800\x0a</data></match></read>
    <read><length>9</length><match><data>000003b0\x0a</data></match></read>
    <read><length>2</length><match><data>\x3e </data></match></read>
    <write><data>\x25quit\x0a</data></write>
</replay>
</pov>