<?xml version="1.0" standalone="no" ?>
<!DOCTYPE pov SYSTEM "/usr/share/cgc-docs/replay.dtd">
<pov>
<cbid>service</cbid>
<seed>ef6b182a1a1aad3e891b1bd466e3232a546a12a138d1227e2a84970dc1d487d3089c55cb7fe65f0895416cbcfdb69008</seed>
<replay>
    <delay>50</delay>
    <read><length>2</length><match><data>\x3e </data></match></read>
    <write><data>\x2bN2\x0c\x0cp\x2fR\x0c\x40l4MYsbS\x22\x28x\x22EIx.QI\x2c8\x28\x0a</data></write>
    <read><delim>\x0a</delim><match><data>ERROR!\x0a</data></match></read>
    <read><length>2</length><match><data>\x3e </data></match></read>
    <write><data>\x25quit\x0a</data></write>
</replay>
</pov>