<?xml version="1.0" standalone="no" ?>
<!DOCTYPE pov SYSTEM "/usr/share/cgc-docs/replay.dtd">
<pov>
<cbid>service</cbid>
<seed>3b72c9693c823593e5a23ea17f6f5c86afd231564477ab33ae6ade4a27ff8da65a39943ccd52ff69998d827283560400</seed>
<replay>
    <delay>50</delay>
    <read><length>2</length><match><data>\x3e </data></match></read>
    <write><data>\x25ast\x0a</data></write>
    <read><length>2</length><match><data>\x3e </data></match></read>
    <write><data>\x28\x28113\x2a303\x29\x2d117\x29\x0a</data></write>
    <read><delim>\x0a</delim><match><data>\x28\x28113\x2a303\x29\x2d117\x29\x0a</data></match></read>
    <read><delim>\x0a</delim><match><data>\x5f \x3d 34122\x0a</data></match></read>
    <read><length>9</length><match><data>0000850b\x0a</data></match></read>
    <read><length>2</length><match><data>\x3e </data></match></read>
    <write><data>612\x0a</data></write>
    <read><delim>\x0a</delim><match><data>612\x0a</data></match></read>
    <read><delim>\x0a</delim><match><data>\x5f \x3d 612\x0a</data></match></read>
    <read><length>9</length><match><data>00000225\x0a</data></match></read>
    <read><length>2</length><match><data>\x3e </data></match></read>
    <write><data>\x25quit\x0a</data></write>
</replay>
</pov>