<?xml version="1.0" standalone="no" ?>
<!DOCTYPE pov SYSTEM "/usr/share/cgc-docs/replay.dtd">
<pov>
<cbid>service</cbid>
<seed>4c0860321c7204ec4e83eee2f20348fc11c24842f41482de95194796f72ccde01f92220c41e5eaa078c20601bdb098cb</seed>
<replay>
    <delay>50</delay>
    <read><length>2</length><match><data>\x3e </data></match></read>
    <write><data>\x25tokens\x0a</data></write>
    <read><length>2</length><match><data>\x3e </data></match></read>
    <write><data>632\x0a</data></write>
    <read><delim>\x0a</delim><match><data>632\x0a</data></match></read>
    <read><delim>\x0a</delim><match><data>\x5f \x3d 632\x0a</data></match></read>
    <read><length>9</length><match><data>0000028c\x0a</data></match></read>
    <read><length>2</length><match><data>\x3e </data></match></read>
    <write><data>968\x0a</data></write>
    <read><delim>\x0a</delim><match><data>968\x0a</data></match></read>
    <read><delim>\x0a</delim><match><data>\x5f \x3d 968\x0a</data></match></read>
    <read><length>9</length><match><data>0000033c\x0a</data></match></read>
    <read><length>2</length><match><data>\x3e </data></match></read>
    <write><data>\x25ast\x0a</data></write>
    <read><length>2</length><match><data>\x3e </data></match></read>
    <write><data>736\x0a</data></write>
    <read><delim>\x0a</delim><match><data>736\x0a</data></match></read>
    <read><delim>\x0a</delim><match><data>736\x0a</data></match></read>
    <read><delim>\x0a</delim><match><data>\x5f \x3d 736\x0a</data></match></read>
    <read><length>9</length><match><data>00000214\x0a</data></match></read>
    <read><length>2</length><match><data>\x3e </data></match></read>
    <write><data>\x28\x28\x28\x7e\x2830\x2d832\x29\x2d\x28651\x2b736\x29\x29\x2d\x2844\x2d\x28\x28217\x2b\x7e795\x29\x2d449\x29\x29\x29\x2a\x28527\x2b328\x29\x29\x0a</data></write>
    <read><delim>\x0a</delim><match><data>\x28\x28\x28\x7e\x2830\x2d832\x29\x2d\x28651\x2b736\x29\x29\x2d\x2844\x2d\x28\x28217\x2b\x7e795\x29\x2d449\x29\x29\x29\x2a\x28527\x2b328\x29\x29\x0a</data></match></read>
    <read><delim>\x0a</delim><match><data>\x28\x28\x28\x7e\x2830\x2d832\x29\x2d\x28651\x2b736\x29\x29\x2d\x2844\x2d\x28\x28217\x2b\x7e795\x29\x2d449\x29\x29\x29\x2a\x28527\x2b328\x29\x29\x0a</data></match></read>
    <read><delim>\x0a</delim><match><data>\x5f \x3d \x2d1415880\x0a</data></match></read>
    <read><length>9</length><match><data>ffea65cc\x0a</data></match></read>
    <read><length>2</length><match><data>\x3e </data></match></read>
    <write><data>213\x0a</data></write>
    <read><delim>\x0a</delim><match><data>213\x0a</data></match></read>
    <read><delim>\x0a</delim><match><data>213\x0a</data></match></read>
    <read><delim>\x0a</delim><match><data>\x5f \x3d 213\x0a</data></match></read>
    <read><length>9</length><match><data>00000021\x0a</data></match></read>
    <read><length>2</length><match><data>\x3e </data></match></read>
    <write><data>\x2f\x2aY\x7b\x2a\x3dIaOj\x7c\x28mmu9\x40\x2ansbzon9\x3em\x5f\x2287\x3bQbe9OPP\x2a8zN\x22\x23\x23W\x5edVmF\x7b.\x2bkG3.4Yn\x5b\x0cGFB\x2bKT.OZF8\x28\x0a</data></write>
    <read><delim>\x0a</delim><match><data>ERROR!\x0a</data></match></read>
    <read><length>2</length><match><data>\x3e </data></match></read>
    <write><data>192\x0a</data></write>
    <read><delim>\x0a</delim><match><data>192\x0a</data></match></read>
    <read><delim>\x0a</delim><match><data>192\x0a</data></match></read>
    <read><delim>\x0a</delim><match><data>\x5f \x3d 192\x0a</data></match></read>
    <read><length>9</length><match><data>00000034\x0a</data></match></read>
    <read><length>2</length><match><data>\x3e </data></match></read>
    <write><data>\x5b\x3d\x2ak\x28Rlh6M4mWBB\x2f04\x5bXRL8WLCYNq\x2a\x2ameK\x28\x0a</data></write>
    <read><delim>\x0a</delim><match><data>ERROR!\x0a</data></match></read>
    <read><length>2</length><match><data>\x3e </data></match></read>
    <write><data>\x28152\x2b81\x29\x0a</data></write>
    <read><delim>\x0a</delim><match><data>\x28152\x2b81\x29\x0a</data></match></read>
    <read><delim>\x0a</delim><match><data>\x28152\x2b81\x29\x0a</data></match></read>
    <read><delim>\x0a</delim><match><data>\x5f \x3d 233\x0a</data></match></read>
    <read><length>9</length><match><data>0000001d\x0a</data></match></read>
    <read><length>2</length><match><data>\x3e </data></match></read>
    <write><data>\x25ast\x0a</data></write>
    <read><length>2</length><match><data>\x3e </data></match></read>
    <write><data>\x25tokens\x0a</data></write>
    <read><length>2</length><match><data>\x3e </data></match></read>
    <write><data>\x28\x28\x28vdae\x3d\x28\x28\x28\x28571\x2a489\x29\x2b936\x29\x2f809\x29\x2d\x28\x28654\x2d521\x29\x2b\x28810\x2a809\x29\x29\x29\x29\x2b\x7e639\x29\x2a66\x29\x0a</data></write>
    <read><delim>\x0a</delim><match><data>\x5f \x3d \x2d43277256\x0a</data></match></read>
    <read><length>9</length><match><data>fd6ba4cc\x0a</data></match></read>
    <read><length>2</length><match><data>\x3e </data></match></read>
    <write><data>x\x5fqu\x5d5\x5c1\x7cvutGa\x40u\x2d\x22\x2c71\x3eSO\x2a\x24os5\x26esZTUlah.\x7e\x5fneju\x2b.PKgu\x3bjWF\x28\x0a</data></write>
    <read><delim>\x0a</delim><match><data>ERROR!\x0a</data></match></read>
    <read><length>2</length><match><data>\x3e </data></match></read>
    <write><data>\x0bBgb\x28\x0a</data></write>
    <read><delim>\x0a</delim><match><data>ERROR!\x0a</data></match></read>
    <read><length>2</length><match><data>\x3e </data></match></read>
    <write><data>220\x0a</data></write>
    <read><delim>\x0a</delim><match><data>\x5f \x3d 220\x0a</data></match></read>
    <read><length>9</length><match><data>00000028\x0a</data></match></read>
    <read><length>2</length><match><data>\x3e </data></match></read>
    <write><data>\x26vdae\x0a</data></write>
    <read><delim>\x0a</delim><match><pcre>^_ = -?[0-9a-f]*$</pcre></match></read>
    <read><delim>\x0a</delim><match><pcre>^[0-9a-f]*$</pcre></match></read>
    <read><length>2</length><match><data>\x3e </data></match></read>
    <write><data>393\x0a</data></write>
    <read><delim>\x0a</delim><match><data>\x5f \x3d 393\x0a</data></match></read>
    <read><length>9</length><match><data>0000017d\x0a</data></match></read>
    <read><length>2</length><match><data>\x3e </data></match></read>
    <write><data>\x28754\x2b378\x29\x0a</data></write>
    <read><delim>\x0a</delim><match><data>\x5f \x3d 1132\x0a</data></match></read>
    <read><length>9</length><match><data>00000498\x0a</data></match></read>
    <read><length>2</length><match><data>\x3e </data></match></read>
    <write><data>604\x0a</data></write>
    <read><delim>\x0a</delim><match><data>\x5f \x3d 604\x0a</data></match></read>
    <read><length>9</length><match><data>000002a8\x0a</data></match></read>
    <read><length>2</length><match><data>\x3e </data></match></read>
    <write><data>\x28790\x2d194\x29\x0a</data></write>
    <read><delim>\x0a</delim><match><data>\x5f \x3d 596\x0a</data></match></read>
    <read><length>9</length><match><data>000002a0\x0a</data></match></read>
    <read><length>2</length><match><data>\x3e </data></match></read>
    <write><data>431\x0a</data></write>
    <read><delim>\x0a</delim><match><data>\x5f \x3d 431\x0a</data></match></read>
    <read><length>9</length><match><data>0000015b\x0a</data></match></read>
    <read><length>2</length><match><data>\x3e </data></match></read>
    <write><data>870\x0a</data></write>
    <read><delim>\x0a</delim><match><data>\x5f \x3d 870\x0a</data></match></read>
    <read><length>9</length><match><data>00000392\x0a</data></match></read>
    <read><length>2</length><match><data>\x3e </data></match></read>
    <write><data>\x2c\x0cHG\x27\x5b0\x5czSy\x3d3Xq0s\x0ch20\x5dy9Aj\x7bO\x3e6\x5bVCePo6b8Z\x5d\x28\x0a</data></write>
    <read><delim>\x0a</delim><match><data>ERROR!\x0a</data></match></read>
    <read><length>2</length><match><data>\x3e </data></match></read>
    <write><data>\x25ast\x0a</data></write>
    <read><length>2</length><match><data>\x3e </data></match></read>
    <write><data>315\x0a</data></write>
    <read><delim>\x0a</delim><match><data>315\x0a</data></match></read>
    <read><delim>\x0a</delim><match><data>\x5f \x3d 315\x0a</data></match></read>
    <read><length>9</length><match><data>000001cf\x0a</data></match></read>
    <read><length>2</length><match><data>\x3e </data></match></read>
    <write><data>334\x0a</data></write>
    <read><delim>\x0a</delim><match><data>334\x0a</data></match></read>
    <read><delim>\x0a</delim><match><data>\x5f \x3d 334\x0a</data></match></read>
    <read><length>9</length><match><data>000001ba\x0a</data></match></read>
    <read><length>2</length><match><data>\x3e </data></match></read>
    <write><data> \x3eh\x0c?oM\x2f\x7d9pZ2U\x29mWqk\x3d\x3bK:vA\x27o\x3c\x3et?\x26zp\x2bXh\x3c\x5dx\x5b\x2fq:Mf\x3c\x7c\x0b!x\x28EO?k3\x40\x28\x0a</data></write>
    <read><delim>\x0a</delim><match><data>ERROR!\x0a</data></match></read>
    <read><length>2</length><match><data>\x3e </data></match></read>
    <write><data>\x28\x7e219\x2f564\x29\x0a</data></write>
    <read><delim>\x0a</delim><match><data>\x28\x7e219\x2f564\x29\x0a</data></match></read>
    <read><delim>\x0a</delim><match><data>\x5f \x3d 0\x0a</data></match></read>
    <read><length>9</length><match><data>000000f4\x0a</data></match></read>
    <read><length>2</length><match><data>\x3e </data></match></read>
    <write><data>\x28274\x2a\x28\x28\x7e\x28742\x2a963\x29\x2a\x7e\x28261\x2b128\x29\x29\x2b850\x29\x29\x0a</data></write>
    <read><delim>\x0a</delim><match><data>\x28274\x2a\x28\x28\x7e\x28742\x2a963\x29\x2a\x7e\x28261\x2b128\x29\x29\x2b850\x29\x29\x0a</data></match></read>
    <read><delim>\x0a</delim><match><data>\x5f \x3d \x2d1148578472\x0a</data></match></read>
    <read><length>9</length><match><data>bb8a15ac\x0a</data></match></read>
    <read><length>2</length><match><data>\x3e </data></match></read>
    <write><data>\x28p\x3d224\x29\x0a</data></write>
    <read><delim>\x0a</delim><match><data>\x28p\x3d224\x29\x0a</data></match></read>
    <read><delim>\x0a</delim><match><data>\x5f \x3d 224\x0a</data></match></read>
    <read><length>9</length><match><data>00000014\x0a</data></match></read>
    <read><length>2</length><match><data>\x3e </data></match></read>
    <write><data>\x28687\x2b115\x29\x0a</data></write>
    <read><delim>\x0a</delim><match><data>\x28687\x2b115\x29\x0a</data></match></read>
    <read><delim>\x0a</delim><match><data>\x5f \x3d 802\x0a</data></match></read>
    <read><length>9</length><match><data>000003d6\x0a</data></match></read>
    <read><length>2</length><match><data>\x3e </data></match></read>
    <write><data>588\x0a</data></write>
    <read><delim>\x0a</delim><match><data>588\x0a</data></match></read>
    <read><delim>\x0a</delim><match><data>\x5f \x3d 588\x0a</data></match></read>
    <read><length>9</length><match><data>000002b8\x0a</data></match></read>
    <read><length>2</length><match><data>\x3e </data></match></read>
    <write><data>fP\x5de\x09\x2bVkl\x28\x0a</data></write>
    <read><delim>\x0a</delim><match><data>ERROR!\x0a</data></match></read>
    <read><length>2</length><match><data>\x3e </data></match></read>
    <write><data>165\x0a</data></write>
    <read><delim>\x0a</delim><match><data>165\x0a</data></match></read>
    <read><delim>\x0a</delim><match><data>\x5f \x3d 165\x0a</data></match></read>
    <read><length>9</length><match><data>00000051\x0a</data></match></read>
    <read><length>2</length><match><data>\x3e </data></match></read>
    <write><data>\x25tokens\x0a</data></write>
    <read><length>2</length><match><data>\x3e </data></match></read>
    <write><data>328\x0a</data></write>
    <read><delim>\x0a</delim><match><data>328\x0a</data></match></read>
    <read><delim>\x0a</delim><match><data>328\x0a</data></match></read>
    <read><delim>\x0a</delim><match><data>\x5f \x3d 328\x0a</data></match></read>
    <read><length>9</length><match><data>000001bc\x0a</data></match></read>
    <read><length>2</length><match><data>\x3e </data></match></read>
    <write><data>452\x0a</data></write>
    <read><delim>\x0a</delim><match><data>452\x0a</data></match></read>
    <read><delim>\x0a</delim><match><data>452\x0a</data></match></read>
    <read><delim>\x0a</delim><match><data>\x5f \x3d 452\x0a</data></match></read>
    <read><length>9</length><match><data>00000130\x0a</data></match></read>
    <read><length>2</length><match><data>\x3e </data></match></read>
    <write><data>7E9L\x2aVCxtI:\x2765\x2b\x28\x0a</data></write>
    <read><delim>\x0a</delim><match><data>ERROR!\x0a</data></match></read>
    <read><length>2</length><match><data>\x3e </data></match></read>
    <write><data>\x28fidj\x3d493\x29\x0a</data></write>
    <read><delim>\x0a</delim><match><data>\x28fidj\x3d493\x29\x0a</data></match></read>
    <read><delim>\x0a</delim><match><data>\x28fidj\x3d493\x29\x0a</data></match></read>
    <read><delim>\x0a</delim><match><data>\x5f \x3d 493\x0a</data></match></read>
    <read><length>9</length><match><data>00000119\x0a</data></match></read>
    <read><length>2</length><match><data>\x3e </data></match></read>
    <write><data>62\x0a</data></write>
    <read><delim>\x0a</delim><match><data>62\x0a</data></match></read>
    <read><delim>\x0a</delim><match><data>62\x0a</data></match></read>
    <read><delim>\x0a</delim><match><data>\x5f \x3d 62\x0a</data></match></read>
    <read><length>9</length><match><data>000000ca\x0a</data></match></read>
    <read><length>2</length><match><data>\x3e </data></match></read>
    <write><data>239\x0a</data></write>
    <read><delim>\x0a</delim><match><data>239\x0a</data></match></read>
    <read><delim>\x0a</delim><match><data>239\x0a</data></match></read>
    <read><delim>\x0a</delim><match><data>\x5f \x3d 239\x0a</data></match></read>
    <read><length>9</length><match><data>0000001b\x0a</data></match></read>
    <read><length>2</length><match><data>\x3e </data></match></read>
    <write><data>6zYhhtGU\x5fmiKd\x0c45\x5bLJDJ\x3d?\x5bj\x5e?\x24\x230PvOb\x3d?\x7eiu\x29zk\x2ftFciP 7\x09P\x3eK \x0cm\x3eGK\x2a4\x5b5PQ\x28\x0a</data></write>
    <read><delim>\x0a</delim><match><data>ERROR!\x0a</data></match></read>
    <read><length>2</length><match><data>\x3e </data></match></read>
    <write><data>103\x0a</data></write>
    <read><delim>\x0a</delim><match><data>103\x0a</data></match></read>
    <read><delim>\x0a</delim><match><data>103\x0a</data></match></read>
    <read><delim>\x0a</delim><match><data>\x5f \x3d 103\x0a</data></match></read>
    <read><length>9</length><match><data>00000093\x0a</data></match></read>
    <read><length>2</length><match><data>\x3e </data></match></read>
    <write><data>\x2cjr\x0dKQkX0w\x3d3Vdy\x3cE\x407ktlxEZLoh\x27\x26M\x2ciM\x3e\x26o43\x7bKlJeF\x5d!i\x0d6R9TQD\x29xW\x5fK0r\x0d\x60pDXJ\x09\x23\x0d\x7dM\x281K\x28\x0a</data></write>
    <read><delim>\x0a</delim><match><data>ERROR!\x0a</data></match></read>
    <read><length>2</length><match><data>\x3e </data></match></read>
    <write><data>LMC\x7b\x22QS1k\x7e\x5e!7\x24E8oHVM5\x3b\x40Of7ecFK 5s\x3ba6rm?L!f\x7c\x29\x408\x09\x2bq1o\x22jzZwOXr2q9v8sG\x60d\x23W3g9R\x7e4\x3cP\x27?a\x2b\x28\x0a</data></write>
    <read><delim>\x0a</delim><match><data>ERROR!\x0a</data></match></read>
    <read><length>2</length><match><data>\x3e </data></match></read>
    <write><data>\x25tokens\x0a</data></write>
    <read><length>2</length><match><data>\x3e </data></match></read>
    <write><data>\x25quit\x0a</data></write>
</replay>
</pov>