<?xml version="1.0" standalone="no" ?>
<!DOCTYPE pov SYSTEM "/usr/share/cgc-docs/replay.dtd">
<pov>
<cbid>service</cbid>
<seed>e970b4db237222d48af2be4377213b188229346d239ae297f8ab360a143de9260a1c3f424515bada23d50868b6231db8</seed>
<replay>
    <delay>50</delay>
    <read><length>2</length><match><data>\x3e </data></match></read>
    <write><data>\x25tokens\x0a</data></write>
    <read><length>2</length><match><data>\x3e </data></match></read>
    <write><data>\x7e37\x0a</data></write>
    <read><delim>\x0a</delim><match><data>\x7e37\x0a</data></match></read>
    <read><delim>\x0a</delim><match><data>\x5f \x3d \x2d37\x0a</data></match></read>
    <read><length>9</length><match><data>ffffffd6\x0a</data></match></read>
    <read><length>2</length><match><data>\x3e </data></match></read>
    <write><data>862\x0a</data></write>
    <read><delim>\x0a</delim><match><data>862\x0a</data></match></read>
    <read><delim>\x0a</delim><match><data>\x5f \x3d 862\x0a</data></match></read>
    <read><length>9</length><match><data>00000353\x0a</data></match></read>
    <read><length>2</length><match><data>\x3e </data></match></read>
    <write><data>\x25ast\x0a</data></write>
    <read><length>2</length><match><data>\x3e </data></match></read>
    <write><data>\x25quit\x0a</data></write>
</replay>
</pov>