<?xml version="1.0" standalone="no" ?>
<!DOCTYPE pov SYSTEM "/usr/share/cgc-docs/replay.dtd">
<pov>
<cbid>service</cbid>
<seed>01966174974a94d24c7d531b620680c2bb542bfcceb6a67c7cdb9ee6bfe11e755df66f28e1dd9a6425ab476d418c96b1</seed>
<replay>
    <delay>50</delay>
    <read><length>2</length><match><data>\x3e </data></match></read>
    <write><data>572\x0a</data></write>
    <read><delim>\x0a</delim><match><data>\x5f \x3d 572\x0a</data></match></read>
    <read><length>9</length><match><data>00000212\x0a</data></match></read>
    <read><length>2</length><match><data>\x3e </data></match></read>
    <write><data>775\x0a</data></write>
    <read><delim>\x0a</delim><match><data>\x5f \x3d 775\x0a</data></match></read>
    <read><length>9</length><match><data>00000329\x0a</data></match></read>
    <read><length>2</length><match><data>\x3e </data></match></read>
    <write><data>298\x0a</data></write>
    <read><delim>\x0a</delim><match><data>\x5f \x3d 298\x0a</data></match></read>
    <read><length>9</length><match><data>00000104\x0a</data></match></read>
    <read><length>2</length><match><data>\x3e </data></match></read>
    <write><data>795\x0a</data></write>
    <read><delim>\x0a</delim><match><data>\x5f \x3d 795\x0a</data></match></read>
    <read><length>9</length><match><data>00000335\x0a</data></match></read>
    <read><length>2</length><match><data>\x3e </data></match></read>
    <write><data>\x25tokens\x0a</data></write>
    <read><length>2</length><match><data>\x3e </data></match></read>
    <write><data>780\x0a</data></write>
    <read><delim>\x0a</delim><match><data>780\x0a</data></match></read>
    <read><delim>\x0a</delim><match><data>\x5f \x3d 780\x0a</data></match></read>
    <read><length>9</length><match><data>00000322\x0a</data></match></read>
    <read><length>2</length><match><data>\x3e </data></match></read>
    <write><data>\x25quit\x0a</data></write>
</replay>
</pov>