<?xml version="1.0" standalone="no" ?>
<!DOCTYPE pov SYSTEM "/usr/share/cgc-docs/replay.dtd">
<pov>
<cbid>service</cbid>
<seed>0fc5cf16752d0da57ace983bed5d68ebd17f8efe7e9eda59831b2d2a8092198fec3792095af01cdc87f1604561140e1d</seed>
<replay>
    <delay>50</delay>
    <read><length>2</length><match><data>\x3e </data></match></read>
    <write><data>\x7e24\x0a</data></write>
    <read><delim>\x0a</delim><match><data>\x5f \x3d \x2d24\x0a</data></match></read>
    <read><length>9</length><match><data>ffffffbc\x0a</data></match></read>
    <read><length>2</length><match><data>\x3e </data></match></read>
    <write><data>BeRFP\x2a\x60tE\x3b\x28\x0a</data></write>
    <read><delim>\x0a</delim><match><data>ERROR!\x0a</data></match></read>
    <read><length>2</length><match><data>\x3e </data></match></read>
    <write><data>\x22\x5dn\x60\x0bXvG4L\x7cO3K?\x0bu\x5f0n\x3bBqNqC\x7d13\x24\x3cCi\x3b\x5eBH6S\x7dti\x266X2:\x3e\x7cY:\x5f\x7boX7\x28\x27\x3c\x2fI\x0dRi5\x3b6x\x7c\x2d\x60\x22PaKBD\x7e\x5c R\x2fd\x2a\x3d\x2c\x28\x0a</data></write>
    <read><delim>\x0a</delim><match><data>ERROR!\x0a</data></match></read>
    <read><length>2</length><match><data>\x3e </data></match></read>
    <write><data>\x0d\x0c\x26lTj\x3b\x5e\x27\x23e\x7b\x0cP5toR\x23Sd\x2dn!p4PI7\x24Bj\x3dnTqdf\x09j\x7d\x27OL\x7e?DJcj \x7esD\x28v\x09fDESX\x2dXUYH:tsy\x7b4\x28\x0a</data></write>
    <read><delim>\x0a</delim><match><data>ERROR!\x0a</data></match></read>
    <read><length>2</length><match><data>\x3e </data></match></read>
    <write><data>\x2fL\x2f\x7c\x0bM\x2c06\x09ArbU.pM\x3d\x28\x0a</data></write>
    <read><delim>\x0a</delim><match><data>ERROR!\x0a</data></match></read>
    <read><length>2</length><match><data>\x3e </data></match></read>
    <write><data>\x25quit\x0a</data></write>
</replay>
</pov>