<?xml version="1.0" standalone="no" ?>
<!DOCTYPE pov SYSTEM "/usr/share/cgc-docs/replay.dtd">
<pov>
<cbid>service</cbid>
<seed>93dae520908e5816c78f7abe4cf7cd560f552498d2836e877bd39a7f03061fddee4228220273b8e9c09684d3c1b6ccf9</seed>
<replay>
    <write><data>OdAYJSuY\x0a</data></write>
    <read><length>657</length><match><data>\x0a \x5f\x5f\x5f\x5f\x5f\x5f\x5f  \x5f\x5f\x5f\x5f\x5f\x5f\x5f  \x5f\x5f\x5f\x5f\x5f\x5f\x5f \x5f\x5f\x5f\x5f\x5f\x5f\x5f\x5f\x5f \x5f\x5f\x5f\x5f\x5f\x5f\x5f  \x5f\x5f\x5f\x5f\x5f\x5f\x5f  \x5f\x5f\x5f\x5f\x5f\x5f\x5f  \x5f\x5f\x5f\x5f\x5f\x5f\x5f\x0a\x28  \x5f\x5f\x5f\x5f \x5c\x28  \x5f\x5f\x5f  \x29\x28  \x5f\x5f\x5f\x5f \x29\x5c\x5f\x5f   \x5f\x5f\x2f\x28  \x5f\x5f\x5f\x5f \x29\x28  \x5f\x5f\x5f\x5f \x5c\x28  \x5f\x5f\x5f\x5f \x5c\x28  \x5f\x5f\x5f\x5f \x5c\x0a\x7c \x28    \x5c\x2f\x7c \x28   \x29 \x7c\x7c \x28    \x29\x7c   \x29 \x28   \x7c \x28    \x29\x7c\x7c \x28    \x5c\x2f\x7c \x28    \x5c\x2f\x7c \x28    \x5c\x2f\x0a\x7c \x28\x5f\x5f    \x7c \x7c   \x7c \x7c\x7c \x28\x5f\x5f\x5f\x5f\x29\x7c   \x7c \x7c   \x7c \x28\x5f\x5f\x5f\x5f\x29\x7c\x7c \x28\x5f\x5f    \x7c \x28\x5f\x5f\x5f\x5f\x5f \x7c \x28\x5f\x5f\x5f\x5f\x5f\x0a\x7c  \x5f\x5f\x29   \x7c \x7c   \x7c \x7c\x7c     \x5f\x5f\x29   \x7c \x7c   \x7c     \x5f\x5f\x29\x7c  \x5f\x5f\x29   \x28\x5f\x5f\x5f\x5f\x5f  \x29\x28\x5f\x5f\x5f\x5f\x5f  \x29\x0a\x7c \x28      \x7c \x7c   \x7c \x7c\x7c \x28\x5c \x28      \x7c \x7c   \x7c \x28\x5c \x28   \x7c \x28            \x29 \x7c      \x29 \x7c\x0a\x7c \x29      \x7c \x28\x5f\x5f\x5f\x29 \x7c\x7c \x29 \x5c \x5c\x5f\x5f   \x7c \x7c   \x7c \x29 \x5c \x5c\x5f\x5f\x7c \x28\x5f\x5f\x5f\x5f\x2f\x5c\x2f\x5c\x5f\x5f\x5f\x5f\x29 \x7c\x2f\x5c\x5f\x5f\x5f\x5f\x29 \x7c\x0a\x7c\x2f       \x28\x5f\x5f\x5f\x5f\x5f\x5f\x5f\x29\x7c\x2f   \x5c\x5f\x5f\x2f   \x29\x5f\x28   \x7c\x2f   \x5c\x5f\x5f\x2f\x28\x5f\x5f\x5f\x5f\x5f\x5f\x5f\x2f\x5c\x5f\x5f\x5f\x5f\x5f\x5f\x5f\x29\x5c\x5f\x5f\x5f\x5f\x5f\x5f\x5f\x29\x0a                                                                  v0.1 O\x0a\x0a</data></match></read>
    <read><length>156</length><match><data>\x0aDay\x2d001 \x3d\x3e \x5b0 mission\x5d \x7c \x5b0 explorer\x5d \x7c \x5b50 supply\x5d\x0a\x2d\x2d\x2d\x2d\x2d\x2d\x2d\x2d\x2d\x2d\x2d\x2d\x2d\x2d\x2d\x2d\x2d\x2d\x2d\x2d\x2d\x2d\x2d\x2d\x2d\x2d\x2d\x2d\x2d\x2d\x2d\x2d\x2d\x2d\x2d\x2d\x2d\x2d\x2d\x2d\x2d\x2d\x2d\x2d\x2d\x2d\x2d\x2d\x2d\x2d\x2d\x2d\x2d\x0a0. Next day!\x0a1. Missions\x0a2. Explorers\x0a3. Give up\x0a</data></match></read>
    <write><data>0\x0a</data></write>
    <read><length>158</length><match><data>\x0aDay\x2d002 \x3d\x3e \x5b0 mission\x5d \x7c \x5b0 explorer\x5d \x7c \x5b150 supply\x5d\x0a\x2d\x2d\x2d\x2d\x2d\x2d\x2d\x2d\x2d\x2d\x2d\x2d\x2d\x2d\x2d\x2d\x2d\x2d\x2d\x2d\x2d\x2d\x2d\x2d\x2d\x2d\x2d\x2d\x2d\x2d\x2d\x2d\x2d\x2d\x2d\x2d\x2d\x2d\x2d\x2d\x2d\x2d\x2d\x2d\x2d\x2d\x2d\x2d\x2d\x2d\x2d\x2d\x2d\x2d\x0a0. Next day!\x0a1. Missions\x0a2. Explorers\x0a3. Give up\x0a</data></match></read>
    <write><data>1\x0a</data></write>
    <read><length>81</length><match><data>\x0a\x5d\x5d\x5d Missions \x5b\x5b\x5b\x0a1. Send mission \x284 available\x29\x0a2. View current missions\x0a3. Back\x0a</data></match></read>
    <write><data>1\x0a</data></write>
    <read><length>28</length><match><data>\x0a... Available missions ...\x0a</data></match></read>
    <read><length>371</length><match><data>0. Leviathan \x5bLVL 1\x5d \x5bGRP 1\x5d \x5bDUR 7\x5d \x5bCOST 22\x5d \x3cINTEL\x3e\x0a   \x3d\x3d\x3e \x2b44 supply\x2c \x2b100 experience\x0a1. Silver Medal \x5bLVL 1\x5d \x5bGRP 1\x5d \x5bDUR 4\x5d \x5bCOST 27\x5d \x3cGROUND\x3e\x0a   \x3d\x3d\x3e \x2b81 supply\x2c \x2b100 experience\x0a2. Goliath \x5bLVL 1\x5d \x5bGRP 1\x5d \x5bDUR 10\x5d \x5bCOST 10\x5d \x3cINTEL\x2cRESCUE\x3e\x0a   \x3d\x3d\x3e \x2b20 supply\x2c \x2b100 experience\x0a3. Avalanche \x5bLVL 1\x5d \x5bGRP 1\x5d \x5bDUR 5\x5d \x5bCOST 26\x5d \x3cRESCUE\x3e\x0a   \x3d\x3d\x3e \x2b52 supply\x2c \x2b100 experience\x0a</data></match></read>
    <read><length>25</length><match><data>\x0aNo explorers available.\x0a</data></match></read>
    <read><length>81</length><match><data>\x0a\x5d\x5d\x5d Missions \x5b\x5b\x5b\x0a1. Send mission \x284 available\x29\x0a2. View current missions\x0a3. Back\x0a</data></match></read>
    <write><data>3\x0a</data></write>
    <read><length>158</length><match><data>\x0aDay\x2d002 \x3d\x3e \x5b0 mission\x5d \x7c \x5b0 explorer\x5d \x7c \x5b150 supply\x5d\x0a\x2d\x2d\x2d\x2d\x2d\x2d\x2d\x2d\x2d\x2d\x2d\x2d\x2d\x2d\x2d\x2d\x2d\x2d\x2d\x2d\x2d\x2d\x2d\x2d\x2d\x2d\x2d\x2d\x2d\x2d\x2d\x2d\x2d\x2d\x2d\x2d\x2d\x2d\x2d\x2d\x2d\x2d\x2d\x2d\x2d\x2d\x2d\x2d\x2d\x2d\x2d\x2d\x2d\x2d\x0a0. Next day!\x0a1. Missions\x0a2. Explorers\x0a3. Give up\x0a</data></match></read>
    <write><data>0\x0a</data></write>
    <read><length>158</length><match><data>\x0aDay\x2d003 \x3d\x3e \x5b0 mission\x5d \x7c \x5b0 explorer\x5d \x7c \x5b250 supply\x5d\x0a\x2d\x2d\x2d\x2d\x2d\x2d\x2d\x2d\x2d\x2d\x2d\x2d\x2d\x2d\x2d\x2d\x2d\x2d\x2d\x2d\x2d\x2d\x2d\x2d\x2d\x2d\x2d\x2d\x2d\x2d\x2d\x2d\x2d\x2d\x2d\x2d\x2d\x2d\x2d\x2d\x2d\x2d\x2d\x2d\x2d\x2d\x2d\x2d\x2d\x2d\x2d\x2d\x2d\x2d\x0a0. Next day!\x0a1. Missions\x0a2. Explorers\x0a3. Give up\x0a</data></match></read>
    <write><data>0\x0a</data></write>
    <read><length>158</length><match><data>\x0aDay\x2d004 \x3d\x3e \x5b0 mission\x5d \x7c \x5b0 explorer\x5d \x7c \x5b350 supply\x5d\x0a\x2d\x2d\x2d\x2d\x2d\x2d\x2d\x2d\x2d\x2d\x2d\x2d\x2d\x2d\x2d\x2d\x2d\x2d\x2d\x2d\x2d\x2d\x2d\x2d\x2d\x2d\x2d\x2d\x2d\x2d\x2d\x2d\x2d\x2d\x2d\x2d\x2d\x2d\x2d\x2d\x2d\x2d\x2d\x2d\x2d\x2d\x2d\x2d\x2d\x2d\x2d\x2d\x2d\x2d\x0a0. Next day!\x0a1. Missions\x0a2. Explorers\x0a3. Give up\x0a</data></match></read>
    <write><data>0\x0a</data></write>
    <read><length>158</length><match><data>\x0aDay\x2d005 \x3d\x3e \x5b0 mission\x5d \x7c \x5b0 explorer\x5d \x7c \x5b450 supply\x5d\x0a\x2d\x2d\x2d\x2d\x2d\x2d\x2d\x2d\x2d\x2d\x2d\x2d\x2d\x2d\x2d\x2d\x2d\x2d\x2d\x2d\x2d\x2d\x2d\x2d\x2d\x2d\x2d\x2d\x2d\x2d\x2d\x2d\x2d\x2d\x2d\x2d\x2d\x2d\x2d\x2d\x2d\x2d\x2d\x2d\x2d\x2d\x2d\x2d\x2d\x2d\x2d\x2d\x2d\x2d\x0a0. Next day!\x0a1. Missions\x0a2. Explorers\x0a3. Give up\x0a</data></match></read>
    <write><data>0\x0a</data></write>
    <read><length>158</length><match><data>\x0aDay\x2d006 \x3d\x3e \x5b0 mission\x5d \x7c \x5b0 explorer\x5d \x7c \x5b550 supply\x5d\x0a\x2d\x2d\x2d\x2d\x2d\x2d\x2d\x2d\x2d\x2d\x2d\x2d\x2d\x2d\x2d\x2d\x2d\x2d\x2d\x2d\x2d\x2d\x2d\x2d\x2d\x2d\x2d\x2d\x2d\x2d\x2d\x2d\x2d\x2d\x2d\x2d\x2d\x2d\x2d\x2d\x2d\x2d\x2d\x2d\x2d\x2d\x2d\x2d\x2d\x2d\x2d\x2d\x2d\x2d\x0a0. Next day!\x0a1. Missions\x0a2. Explorers\x0a3. Give up\x0a</data></match></read>
    <write><data>1\x0a</data></write>
    <read><length>81</length><match><data>\x0a\x5d\x5d\x5d Missions \x5b\x5b\x5b\x0a1. Send mission \x284 available\x29\x0a2. View current missions\x0a3. Back\x0a</data></match></read>
    <write><data>2\x0a</data></write>
    <read><length>26</length><match><data>\x0a... Current missions ...\x0a</data></match></read>
    <read><length>15</length><match><data>No missions :\x28\x0a</data></match></read>
    <read><length>81</length><match><data>\x0a\x5d\x5d\x5d Missions \x5b\x5b\x5b\x0a1. Send mission \x284 available\x29\x0a2. View current missions\x0a3. Back\x0a</data></match></read>
    <write><data>3\x0a</data></write>
    <read><length>158</length><match><data>\x0aDay\x2d006 \x3d\x3e \x5b0 mission\x5d \x7c \x5b0 explorer\x5d \x7c \x5b550 supply\x5d\x0a\x2d\x2d\x2d\x2d\x2d\x2d\x2d\x2d\x2d\x2d\x2d\x2d\x2d\x2d\x2d\x2d\x2d\x2d\x2d\x2d\x2d\x2d\x2d\x2d\x2d\x2d\x2d\x2d\x2d\x2d\x2d\x2d\x2d\x2d\x2d\x2d\x2d\x2d\x2d\x2d\x2d\x2d\x2d\x2d\x2d\x2d\x2d\x2d\x2d\x2d\x2d\x2d\x2d\x2d\x0a0. Next day!\x0a1. Missions\x0a2. Explorers\x0a3. Give up\x0a</data></match></read>
    <write><data>1\x0a</data></write>
    <read><length>81</length><match><data>\x0a\x5d\x5d\x5d Missions \x5b\x5b\x5b\x0a1. Send mission \x284 available\x29\x0a2. View current missions\x0a3. Back\x0a</data></match></read>
    <write><data>1\x0a</data></write>
    <read><length>28</length><match><data>\x0a... Available missions ...\x0a</data></match></read>
    <read><length>371</length><match><data>0. Leviathan \x5bLVL 1\x5d \x5bGRP 1\x5d \x5bDUR 7\x5d \x5bCOST 22\x5d \x3cINTEL\x3e\x0a   \x3d\x3d\x3e \x2b44 supply\x2c \x2b100 experience\x0a1. Silver Medal \x5bLVL 1\x5d \x5bGRP 1\x5d \x5bDUR 4\x5d \x5bCOST 27\x5d \x3cGROUND\x3e\x0a   \x3d\x3d\x3e \x2b81 supply\x2c \x2b100 experience\x0a2. Goliath \x5bLVL 1\x5d \x5bGRP 1\x5d \x5bDUR 10\x5d \x5bCOST 10\x5d \x3cINTEL\x2cRESCUE\x3e\x0a   \x3d\x3d\x3e \x2b20 supply\x2c \x2b100 experience\x0a3. Avalanche \x5bLVL 1\x5d \x5bGRP 1\x5d \x5bDUR 5\x5d \x5bCOST 26\x5d \x3cRESCUE\x3e\x0a   \x3d\x3d\x3e \x2b52 supply\x2c \x2b100 experience\x0a</data></match></read>
    <read><length>25</length><match><data>\x0aNo explorers available.\x0a</data></match></read>
    <read><length>81</length><match><data>\x0a\x5d\x5d\x5d Missions \x5b\x5b\x5b\x0a1. Send mission \x284 available\x29\x0a2. View current missions\x0a3. Back\x0a</data></match></read>
    <write><data>3\x0a</data></write>
    <read><length>158</length><match><data>\x0aDay\x2d006 \x3d\x3e \x5b0 mission\x5d \x7c \x5b0 explorer\x5d \x7c \x5b550 supply\x5d\x0a\x2d\x2d\x2d\x2d\x2d\x2d\x2d\x2d\x2d\x2d\x2d\x2d\x2d\x2d\x2d\x2d\x2d\x2d\x2d\x2d\x2d\x2d\x2d\x2d\x2d\x2d\x2d\x2d\x2d\x2d\x2d\x2d\x2d\x2d\x2d\x2d\x2d\x2d\x2d\x2d\x2d\x2d\x2d\x2d\x2d\x2d\x2d\x2d\x2d\x2d\x2d\x2d\x2d\x2d\x0a0. Next day!\x0a1. Missions\x0a2. Explorers\x0a3. Give up\x0a</data></match></read>
    <write><data>1\x0a</data></write>
    <read><length>81</length><match><data>\x0a\x5d\x5d\x5d Missions \x5b\x5b\x5b\x0a1. Send mission \x284 available\x29\x0a2. View current missions\x0a3. Back\x0a</data></match></read>
    <write><data>1\x0a</data></write>
    <read><length>28</length><match><data>\x0a... Available missions ...\x0a</data></match></read>
    <read><length>371</length><match><data>0. Leviathan \x5bLVL 1\x5d \x5bGRP 1\x5d \x5bDUR 7\x5d \x5bCOST 22\x5d \x3cINTEL\x3e\x0a   \x3d\x3d\x3e \x2b44 supply\x2c \x2b100 experience\x0a1. Silver Medal \x5bLVL 1\x5d \x5bGRP 1\x5d \x5bDUR 4\x5d \x5bCOST 27\x5d \x3cGROUND\x3e\x0a   \x3d\x3d\x3e \x2b81 supply\x2c \x2b100 experience\x0a2. Goliath \x5bLVL 1\x5d \x5bGRP 1\x5d \x5bDUR 10\x5d \x5bCOST 10\x5d \x3cINTEL\x2cRESCUE\x3e\x0a   \x3d\x3d\x3e \x2b20 supply\x2c \x2b100 experience\x0a3. Avalanche \x5bLVL 1\x5d \x5bGRP 1\x5d \x5bDUR 5\x5d \x5bCOST 26\x5d \x3cRESCUE\x3e\x0a   \x3d\x3d\x3e \x2b52 supply\x2c \x2b100 experience\x0a</data></match></read>
    <read><length>25</length><match><data>\x0aNo explorers available.\x0a</data></match></read>
    <read><length>81</length><match><data>\x0a\x5d\x5d\x5d Missions \x5b\x5b\x5b\x0a1. Send mission \x284 available\x29\x0a2. View current missions\x0a3. Back\x0a</data></match></read>
    <write><data>3\x0a</data></write>
    <read><length>158</length><match><data>\x0aDay\x2d006 \x3d\x3e \x5b0 mission\x5d \x7c \x5b0 explorer\x5d \x7c \x5b550 supply\x5d\x0a\x2d\x2d\x2d\x2d\x2d\x2d\x2d\x2d\x2d\x2d\x2d\x2d\x2d\x2d\x2d\x2d\x2d\x2d\x2d\x2d\x2d\x2d\x2d\x2d\x2d\x2d\x2d\x2d\x2d\x2d\x2d\x2d\x2d\x2d\x2d\x2d\x2d\x2d\x2d\x2d\x2d\x2d\x2d\x2d\x2d\x2d\x2d\x2d\x2d\x2d\x2d\x2d\x2d\x2d\x0a0. Next day!\x0a1. Missions\x0a2. Explorers\x0a3. Give up\x0a</data></match></read>
    <write><data>3\x0a</data></write>
    <read><length>5</length><match><data>Boo.\x0a</data></match></read>
</replay>
</pov>