<?xml version="1.0" standalone="no" ?>
<!DOCTYPE pov SYSTEM "/usr/share/cgc-docs/replay.dtd">
<pov>
<cbid>service</cbid>
<seed>933685467b112553617e1a449c3c0466bb86f6afc138576c219abd351322637dbe0d16fa0a689c0dbde5b752615528aa</seed>
<replay>
    <write><data>mqYYCpGafAxWU\x0a</data></write>
    <read><length>657</length><match><data>\x0a \x5f\x5f\x5f\x5f\x5f\x5f\x5f  \x5f\x5f\x5f\x5f\x5f\x5f\x5f  \x5f\x5f\x5f\x5f\x5f\x5f\x5f \x5f\x5f\x5f\x5f\x5f\x5f\x5f\x5f\x5f \x5f\x5f\x5f\x5f\x5f\x5f\x5f  \x5f\x5f\x5f\x5f\x5f\x5f\x5f  \x5f\x5f\x5f\x5f\x5f\x5f\x5f  \x5f\x5f\x5f\x5f\x5f\x5f\x5f\x0a\x28  \x5f\x5f\x5f\x5f \x5c\x28  \x5f\x5f\x5f  \x29\x28  \x5f\x5f\x5f\x5f \x29\x5c\x5f\x5f   \x5f\x5f\x2f\x28  \x5f\x5f\x5f\x5f \x29\x28  \x5f\x5f\x5f\x5f \x5c\x28  \x5f\x5f\x5f\x5f \x5c\x28  \x5f\x5f\x5f\x5f \x5c\x0a\x7c \x28    \x5c\x2f\x7c \x28   \x29 \x7c\x7c \x28    \x29\x7c   \x29 \x28   \x7c \x28    \x29\x7c\x7c \x28    \x5c\x2f\x7c \x28    \x5c\x2f\x7c \x28    \x5c\x2f\x0a\x7c \x28\x5f\x5f    \x7c \x7c   \x7c \x7c\x7c \x28\x5f\x5f\x5f\x5f\x29\x7c   \x7c \x7c   \x7c \x28\x5f\x5f\x5f\x5f\x29\x7c\x7c \x28\x5f\x5f    \x7c \x28\x5f\x5f\x5f\x5f\x5f \x7c \x28\x5f\x5f\x5f\x5f\x5f\x0a\x7c  \x5f\x5f\x29   \x7c \x7c   \x7c \x7c\x7c     \x5f\x5f\x29   \x7c \x7c   \x7c     \x5f\x5f\x29\x7c  \x5f\x5f\x29   \x28\x5f\x5f\x5f\x5f\x5f  \x29\x28\x5f\x5f\x5f\x5f\x5f  \x29\x0a\x7c \x28      \x7c \x7c   \x7c \x7c\x7c \x28\x5c \x28      \x7c \x7c   \x7c \x28\x5c \x28   \x7c \x28            \x29 \x7c      \x29 \x7c\x0a\x7c \x29      \x7c \x28\x5f\x5f\x5f\x29 \x7c\x7c \x29 \x5c \x5c\x5f\x5f   \x7c \x7c   \x7c \x29 \x5c \x5c\x5f\x5f\x7c \x28\x5f\x5f\x5f\x5f\x2f\x5c\x2f\x5c\x5f\x5f\x5f\x5f\x29 \x7c\x2f\x5c\x5f\x5f\x5f\x5f\x29 \x7c\x0a\x7c\x2f       \x28\x5f\x5f\x5f\x5f\x5f\x5f\x5f\x29\x7c\x2f   \x5c\x5f\x5f\x2f   \x29\x5f\x28   \x7c\x2f   \x5c\x5f\x5f\x2f\x28\x5f\x5f\x5f\x5f\x5f\x5f\x5f\x2f\x5c\x5f\x5f\x5f\x5f\x5f\x5f\x5f\x29\x5c\x5f\x5f\x5f\x5f\x5f\x5f\x5f\x29\x0a                                                                  v0.1 m\x0a\x0a</data></match></read>
    <read><length>156</length><match><data>\x0aDay\x2d001 \x3d\x3e \x5b0 mission\x5d \x7c \x5b0 explorer\x5d \x7c \x5b50 supply\x5d\x0a\x2d\x2d\x2d\x2d\x2d\x2d\x2d\x2d\x2d\x2d\x2d\x2d\x2d\x2d\x2d\x2d\x2d\x2d\x2d\x2d\x2d\x2d\x2d\x2d\x2d\x2d\x2d\x2d\x2d\x2d\x2d\x2d\x2d\x2d\x2d\x2d\x2d\x2d\x2d\x2d\x2d\x2d\x2d\x2d\x2d\x2d\x2d\x2d\x2d\x2d\x2d\x2d\x2d\x0a0. Next day!\x0a1. Missions\x0a2. Explorers\x0a3. Give up\x0a</data></match></read>
    <write><data>2\x0a</data></write>
    <read><length>105</length><match><data>\x0a\x5d\x5d\x5d Explorers \x5b\x5b\x5b\x0a1. Hire explorer\x0a2. View current explorers\x0a3. Remove explorer\x0a4. Learn skills\x0a5. Back\x0a</data></match></read>
    <write><data>3\x0a</data></write>
    <read><length>29</length><match><data>\x0a... Removable explorers ...\x0a</data></match></read>
    <read><length>16</length><match><data>No explorers :\x28\x0a</data></match></read>
    <read><length>105</length><match><data>\x0a\x5d\x5d\x5d Explorers \x5b\x5b\x5b\x0a1. Hire explorer\x0a2. View current explorers\x0a3. Remove explorer\x0a4. Learn skills\x0a5. Back\x0a</data></match></read>
    <write><data>5\x0a</data></write>
    <read><length>156</length><match><data>\x0aDay\x2d001 \x3d\x3e \x5b0 mission\x5d \x7c \x5b0 explorer\x5d \x7c \x5b50 supply\x5d\x0a\x2d\x2d\x2d\x2d\x2d\x2d\x2d\x2d\x2d\x2d\x2d\x2d\x2d\x2d\x2d\x2d\x2d\x2d\x2d\x2d\x2d\x2d\x2d\x2d\x2d\x2d\x2d\x2d\x2d\x2d\x2d\x2d\x2d\x2d\x2d\x2d\x2d\x2d\x2d\x2d\x2d\x2d\x2d\x2d\x2d\x2d\x2d\x2d\x2d\x2d\x2d\x2d\x2d\x0a0. Next day!\x0a1. Missions\x0a2. Explorers\x0a3. Give up\x0a</data></match></read>
    <write><data>0\x0a</data></write>
    <read><length>158</length><match><data>\x0aDay\x2d002 \x3d\x3e \x5b0 mission\x5d \x7c \x5b0 explorer\x5d \x7c \x5b150 supply\x5d\x0a\x2d\x2d\x2d\x2d\x2d\x2d\x2d\x2d\x2d\x2d\x2d\x2d\x2d\x2d\x2d\x2d\x2d\x2d\x2d\x2d\x2d\x2d\x2d\x2d\x2d\x2d\x2d\x2d\x2d\x2d\x2d\x2d\x2d\x2d\x2d\x2d\x2d\x2d\x2d\x2d\x2d\x2d\x2d\x2d\x2d\x2d\x2d\x2d\x2d\x2d\x2d\x2d\x2d\x2d\x0a0. Next day!\x0a1. Missions\x0a2. Explorers\x0a3. Give up\x0a</data></match></read>
    <write><data>1\x0a</data></write>
    <read><length>81</length><match><data>\x0a\x5d\x5d\x5d Missions \x5b\x5b\x5b\x0a1. Send mission \x284 available\x29\x0a2. View current missions\x0a3. Back\x0a</data></match></read>
    <write><data>2\x0a</data></write>
    <read><length>26</length><match><data>\x0a... Current missions ...\x0a</data></match></read>
    <read><length>15</length><match><data>No missions :\x28\x0a</data></match></read>
    <read><length>81</length><match><data>\x0a\x5d\x5d\x5d Missions \x5b\x5b\x5b\x0a1. Send mission \x284 available\x29\x0a2. View current missions\x0a3. Back\x0a</data></match></read>
    <write><data>3\x0a</data></write>
    <read><length>158</length><match><data>\x0aDay\x2d002 \x3d\x3e \x5b0 mission\x5d \x7c \x5b0 explorer\x5d \x7c \x5b150 supply\x5d\x0a\x2d\x2d\x2d\x2d\x2d\x2d\x2d\x2d\x2d\x2d\x2d\x2d\x2d\x2d\x2d\x2d\x2d\x2d\x2d\x2d\x2d\x2d\x2d\x2d\x2d\x2d\x2d\x2d\x2d\x2d\x2d\x2d\x2d\x2d\x2d\x2d\x2d\x2d\x2d\x2d\x2d\x2d\x2d\x2d\x2d\x2d\x2d\x2d\x2d\x2d\x2d\x2d\x2d\x2d\x0a0. Next day!\x0a1. Missions\x0a2. Explorers\x0a3. Give up\x0a</data></match></read>
    <write><data>3\x0a</data></write>
    <read><length>5</length><match><data>Boo.\x0a</data></match></read>
</replay>
</pov>