<?xml version="1.0" standalone="no" ?>
<!DOCTYPE pov SYSTEM "/usr/share/cgc-docs/replay.dtd">
<pov>
<cbid>service</cbid>
<seed>d9a4c5267be0389061305fb09ef49135b9c0f952045ceb83c73b1125e9206c5fb4702a562bd3697691b1a3f179f09d0a</seed>
<replay>
    <write><data>bJCOwYfqi\x0a</data></write>
    <read><length>657</length><match><data>\x0a \x5f\x5f\x5f\x5f\x5f\x5f\x5f  \x5f\x5f\x5f\x5f\x5f\x5f\x5f  \x5f\x5f\x5f\x5f\x5f\x5f\x5f \x5f\x5f\x5f\x5f\x5f\x5f\x5f\x5f\x5f \x5f\x5f\x5f\x5f\x5f\x5f\x5f  \x5f\x5f\x5f\x5f\x5f\x5f\x5f  \x5f\x5f\x5f\x5f\x5f\x5f\x5f  \x5f\x5f\x5f\x5f\x5f\x5f\x5f\x0a\x28  \x5f\x5f\x5f\x5f \x5c\x28  \x5f\x5f\x5f  \x29\x28  \x5f\x5f\x5f\x5f \x29\x5c\x5f\x5f   \x5f\x5f\x2f\x28  \x5f\x5f\x5f\x5f \x29\x28  \x5f\x5f\x5f\x5f \x5c\x28  \x5f\x5f\x5f\x5f \x5c\x28  \x5f\x5f\x5f\x5f \x5c\x0a\x7c \x28    \x5c\x2f\x7c \x28   \x29 \x7c\x7c \x28    \x29\x7c   \x29 \x28   \x7c \x28    \x29\x7c\x7c \x28    \x5c\x2f\x7c \x28    \x5c\x2f\x7c \x28    \x5c\x2f\x0a\x7c \x28\x5f\x5f    \x7c \x7c   \x7c \x7c\x7c \x28\x5f\x5f\x5f\x5f\x29\x7c   \x7c \x7c   \x7c \x28\x5f\x5f\x5f\x5f\x29\x7c\x7c \x28\x5f\x5f    \x7c \x28\x5f\x5f\x5f\x5f\x5f \x7c \x28\x5f\x5f\x5f\x5f\x5f\x0a\x7c  \x5f\x5f\x29   \x7c \x7c   \x7c \x7c\x7c     \x5f\x5f\x29   \x7c \x7c   \x7c     \x5f\x5f\x29\x7c  \x5f\x5f\x29   \x28\x5f\x5f\x5f\x5f\x5f  \x29\x28\x5f\x5f\x5f\x5f\x5f  \x29\x0a\x7c \x28      \x7c \x7c   \x7c \x7c\x7c \x28\x5c \x28      \x7c \x7c   \x7c \x28\x5c \x28   \x7c \x28            \x29 \x7c      \x29 \x7c\x0a\x7c \x29      \x7c \x28\x5f\x5f\x5f\x29 \x7c\x7c \x29 \x5c \x5c\x5f\x5f   \x7c \x7c   \x7c \x29 \x5c \x5c\x5f\x5f\x7c \x28\x5f\x5f\x5f\x5f\x2f\x5c\x2f\x5c\x5f\x5f\x5f\x5f\x29 \x7c\x2f\x5c\x5f\x5f\x5f\x5f\x29 \x7c\x0a\x7c\x2f       \x28\x5f\x5f\x5f\x5f\x5f\x5f\x5f\x29\x7c\x2f   \x5c\x5f\x5f\x2f   \x29\x5f\x28   \x7c\x2f   \x5c\x5f\x5f\x2f\x28\x5f\x5f\x5f\x5f\x5f\x5f\x5f\x2f\x5c\x5f\x5f\x5f\x5f\x5f\x5f\x5f\x29\x5c\x5f\x5f\x5f\x5f\x5f\x5f\x5f\x29\x0a                                                                  v0.1 b\x0a\x0a</data></match></read>
    <read><length>156</length><match><data>\x0aDay\x2d001 \x3d\x3e \x5b0 mission\x5d \x7c \x5b0 explorer\x5d \x7c \x5b50 supply\x5d\x0a\x2d\x2d\x2d\x2d\x2d\x2d\x2d\x2d\x2d\x2d\x2d\x2d\x2d\x2d\x2d\x2d\x2d\x2d\x2d\x2d\x2d\x2d\x2d\x2d\x2d\x2d\x2d\x2d\x2d\x2d\x2d\x2d\x2d\x2d\x2d\x2d\x2d\x2d\x2d\x2d\x2d\x2d\x2d\x2d\x2d\x2d\x2d\x2d\x2d\x2d\x2d\x2d\x2d\x0a0. Next day!\x0a1. Missions\x0a2. Explorers\x0a3. Give up\x0a</data></match></read>
    <write><data>0\x0a</data></write>
    <read><length>158</length><match><data>\x0aDay\x2d002 \x3d\x3e \x5b0 mission\x5d \x7c \x5b0 explorer\x5d \x7c \x5b150 supply\x5d\x0a\x2d\x2d\x2d\x2d\x2d\x2d\x2d\x2d\x2d\x2d\x2d\x2d\x2d\x2d\x2d\x2d\x2d\x2d\x2d\x2d\x2d\x2d\x2d\x2d\x2d\x2d\x2d\x2d\x2d\x2d\x2d\x2d\x2d\x2d\x2d\x2d\x2d\x2d\x2d\x2d\x2d\x2d\x2d\x2d\x2d\x2d\x2d\x2d\x2d\x2d\x2d\x2d\x2d\x2d\x0a0. Next day!\x0a1. Missions\x0a2. Explorers\x0a3. Give up\x0a</data></match></read>
    <write><data>1\x0a</data></write>
    <read><length>81</length><match><data>\x0a\x5d\x5d\x5d Missions \x5b\x5b\x5b\x0a1. Send mission \x283 available\x29\x0a2. View current missions\x0a3. Back\x0a</data></match></read>
    <write><data>1\x0a</data></write>
    <read><length>28</length><match><data>\x0a... Available missions ...\x0a</data></match></read>
    <read><length>290</length><match><data>0. Curtains Up \x5bLVL 1\x5d \x5bGRP 2\x5d \x5bDUR 9\x5d \x5bCOST 21\x5d \x3cAERIAL\x2cSPECIAL\x3e\x0a   \x3d\x3d\x3e \x2b21 supply\x2c \x2b200 experience\x0a1. Jeopardy \x5bLVL 1\x5d \x5bGRP 1\x5d \x5bDUR 1\x5d \x5bCOST 15\x5d \x3cGROUND\x2cRESCUE\x3e\x0a   \x3d\x3d\x3e \x2b45 supply\x2c \x2b100 experience\x0a2. Green Eyes \x5bLVL 1\x5d \x5bGRP 1\x5d \x5bDUR 8\x5d \x5bCOST 18\x5d \x3cAERIAL\x3e\x0a   \x3d\x3d\x3e \x2b36 supply\x2c \x2b100 experience\x0a</data></match></read>
    <read><length>25</length><match><data>\x0aNo explorers available.\x0a</data></match></read>
    <read><length>81</length><match><data>\x0a\x5d\x5d\x5d Missions \x5b\x5b\x5b\x0a1. Send mission \x283 available\x29\x0a2. View current missions\x0a3. Back\x0a</data></match></read>
    <write><data>3\x0a</data></write>
    <read><length>158</length><match><data>\x0aDay\x2d002 \x3d\x3e \x5b0 mission\x5d \x7c \x5b0 explorer\x5d \x7c \x5b150 supply\x5d\x0a\x2d\x2d\x2d\x2d\x2d\x2d\x2d\x2d\x2d\x2d\x2d\x2d\x2d\x2d\x2d\x2d\x2d\x2d\x2d\x2d\x2d\x2d\x2d\x2d\x2d\x2d\x2d\x2d\x2d\x2d\x2d\x2d\x2d\x2d\x2d\x2d\x2d\x2d\x2d\x2d\x2d\x2d\x2d\x2d\x2d\x2d\x2d\x2d\x2d\x2d\x2d\x2d\x2d\x2d\x0a0. Next day!\x0a1. Missions\x0a2. Explorers\x0a3. Give up\x0a</data></match></read>
    <write><data>0\x0a</data></write>
    <read><length>158</length><match><data>\x0aDay\x2d003 \x3d\x3e \x5b0 mission\x5d \x7c \x5b0 explorer\x5d \x7c \x5b250 supply\x5d\x0a\x2d\x2d\x2d\x2d\x2d\x2d\x2d\x2d\x2d\x2d\x2d\x2d\x2d\x2d\x2d\x2d\x2d\x2d\x2d\x2d\x2d\x2d\x2d\x2d\x2d\x2d\x2d\x2d\x2d\x2d\x2d\x2d\x2d\x2d\x2d\x2d\x2d\x2d\x2d\x2d\x2d\x2d\x2d\x2d\x2d\x2d\x2d\x2d\x2d\x2d\x2d\x2d\x2d\x2d\x0a0. Next day!\x0a1. Missions\x0a2. Explorers\x0a3. Give up\x0a</data></match></read>
    <write><data>2\x0a</data></write>
    <read><length>105</length><match><data>\x0a\x5d\x5d\x5d Explorers \x5b\x5b\x5b\x0a1. Hire explorer\x0a2. View current explorers\x0a3. Remove explorer\x0a4. Learn skills\x0a5. Back\x0a</data></match></read>
    <write><data>3\x0a</data></write>
    <read><length>29</length><match><data>\x0a... Removable explorers ...\x0a</data></match></read>
    <read><length>16</length><match><data>No explorers :\x28\x0a</data></match></read>
    <read><length>105</length><match><data>\x0a\x5d\x5d\x5d Explorers \x5b\x5b\x5b\x0a1. Hire explorer\x0a2. View current explorers\x0a3. Remove explorer\x0a4. Learn skills\x0a5. Back\x0a</data></match></read>
    <write><data>5\x0a</data></write>
    <read><length>158</length><match><data>\x0aDay\x2d003 \x3d\x3e \x5b0 mission\x5d \x7c \x5b0 explorer\x5d \x7c \x5b250 supply\x5d\x0a\x2d\x2d\x2d\x2d\x2d\x2d\x2d\x2d\x2d\x2d\x2d\x2d\x2d\x2d\x2d\x2d\x2d\x2d\x2d\x2d\x2d\x2d\x2d\x2d\x2d\x2d\x2d\x2d\x2d\x2d\x2d\x2d\x2d\x2d\x2d\x2d\x2d\x2d\x2d\x2d\x2d\x2d\x2d\x2d\x2d\x2d\x2d\x2d\x2d\x2d\x2d\x2d\x2d\x2d\x0a0. Next day!\x0a1. Missions\x0a2. Explorers\x0a3. Give up\x0a</data></match></read>
    <write><data>0\x0a</data></write>
    <read><length>158</length><match><data>\x0aDay\x2d004 \x3d\x3e \x5b0 mission\x5d \x7c \x5b0 explorer\x5d \x7c \x5b350 supply\x5d\x0a\x2d\x2d\x2d\x2d\x2d\x2d\x2d\x2d\x2d\x2d\x2d\x2d\x2d\x2d\x2d\x2d\x2d\x2d\x2d\x2d\x2d\x2d\x2d\x2d\x2d\x2d\x2d\x2d\x2d\x2d\x2d\x2d\x2d\x2d\x2d\x2d\x2d\x2d\x2d\x2d\x2d\x2d\x2d\x2d\x2d\x2d\x2d\x2d\x2d\x2d\x2d\x2d\x2d\x2d\x0a0. Next day!\x0a1. Missions\x0a2. Explorers\x0a3. Give up\x0a</data></match></read>
    <write><data>0\x0a</data></write>
    <read><length>158</length><match><data>\x0aDay\x2d005 \x3d\x3e \x5b0 mission\x5d \x7c \x5b0 explorer\x5d \x7c \x5b450 supply\x5d\x0a\x2d\x2d\x2d\x2d\x2d\x2d\x2d\x2d\x2d\x2d\x2d\x2d\x2d\x2d\x2d\x2d\x2d\x2d\x2d\x2d\x2d\x2d\x2d\x2d\x2d\x2d\x2d\x2d\x2d\x2d\x2d\x2d\x2d\x2d\x2d\x2d\x2d\x2d\x2d\x2d\x2d\x2d\x2d\x2d\x2d\x2d\x2d\x2d\x2d\x2d\x2d\x2d\x2d\x2d\x0a0. Next day!\x0a1. Missions\x0a2. Explorers\x0a3. Give up\x0a</data></match></read>
    <write><data>0\x0a</data></write>
    <read><length>158</length><match><data>\x0aDay\x2d006 \x3d\x3e \x5b0 mission\x5d \x7c \x5b0 explorer\x5d \x7c \x5b550 supply\x5d\x0a\x2d\x2d\x2d\x2d\x2d\x2d\x2d\x2d\x2d\x2d\x2d\x2d\x2d\x2d\x2d\x2d\x2d\x2d\x2d\x2d\x2d\x2d\x2d\x2d\x2d\x2d\x2d\x2d\x2d\x2d\x2d\x2d\x2d\x2d\x2d\x2d\x2d\x2d\x2d\x2d\x2d\x2d\x2d\x2d\x2d\x2d\x2d\x2d\x2d\x2d\x2d\x2d\x2d\x2d\x0a0. Next day!\x0a1. Missions\x0a2. Explorers\x0a3. Give up\x0a</data></match></read>
    <write><data>1\x0a</data></write>
    <read><length>81</length><match><data>\x0a\x5d\x5d\x5d Missions \x5b\x5b\x5b\x0a1. Send mission \x283 available\x29\x0a2. View current missions\x0a3. Back\x0a</data></match></read>
    <write><data>2\x0a</data></write>
    <read><length>26</length><match><data>\x0a... Current missions ...\x0a</data></match></read>
    <read><length>15</length><match><data>No missions :\x28\x0a</data></match></read>
    <read><length>81</length><match><data>\x0a\x5d\x5d\x5d Missions \x5b\x5b\x5b\x0a1. Send mission \x283 available\x29\x0a2. View current missions\x0a3. Back\x0a</data></match></read>
    <write><data>3\x0a</data></write>
    <read><length>158</length><match><data>\x0aDay\x2d006 \x3d\x3e \x5b0 mission\x5d \x7c \x5b0 explorer\x5d \x7c \x5b550 supply\x5d\x0a\x2d\x2d\x2d\x2d\x2d\x2d\x2d\x2d\x2d\x2d\x2d\x2d\x2d\x2d\x2d\x2d\x2d\x2d\x2d\x2d\x2d\x2d\x2d\x2d\x2d\x2d\x2d\x2d\x2d\x2d\x2d\x2d\x2d\x2d\x2d\x2d\x2d\x2d\x2d\x2d\x2d\x2d\x2d\x2d\x2d\x2d\x2d\x2d\x2d\x2d\x2d\x2d\x2d\x2d\x0a0. Next day!\x0a1. Missions\x0a2. Explorers\x0a3. Give up\x0a</data></match></read>
    <write><data>1\x0a</data></write>
    <read><length>81</length><match><data>\x0a\x5d\x5d\x5d Missions \x5b\x5b\x5b\x0a1. Send mission \x283 available\x29\x0a2. View current missions\x0a3. Back\x0a</data></match></read>
    <write><data>1\x0a</data></write>
    <read><length>28</length><match><data>\x0a... Available missions ...\x0a</data></match></read>
    <read><length>290</length><match><data>0. Curtains Up \x5bLVL 1\x5d \x5bGRP 2\x5d \x5bDUR 9\x5d \x5bCOST 21\x5d \x3cAERIAL\x2cSPECIAL\x3e\x0a   \x3d\x3d\x3e \x2b21 supply\x2c \x2b200 experience\x0a1. Jeopardy \x5bLVL 1\x5d \x5bGRP 1\x5d \x5bDUR 1\x5d \x5bCOST 15\x5d \x3cGROUND\x2cRESCUE\x3e\x0a   \x3d\x3d\x3e \x2b45 supply\x2c \x2b100 experience\x0a2. Green Eyes \x5bLVL 1\x5d \x5bGRP 1\x5d \x5bDUR 8\x5d \x5bCOST 18\x5d \x3cAERIAL\x3e\x0a   \x3d\x3d\x3e \x2b36 supply\x2c \x2b100 experience\x0a</data></match></read>
    <read><length>25</length><match><data>\x0aNo explorers available.\x0a</data></match></read>
    <read><length>81</length><match><data>\x0a\x5d\x5d\x5d Missions \x5b\x5b\x5b\x0a1. Send mission \x283 available\x29\x0a2. View current missions\x0a3. Back\x0a</data></match></read>
    <write><data>3\x0a</data></write>
    <read><length>158</length><match><data>\x0aDay\x2d006 \x3d\x3e \x5b0 mission\x5d \x7c \x5b0 explorer\x5d \x7c \x5b550 supply\x5d\x0a\x2d\x2d\x2d\x2d\x2d\x2d\x2d\x2d\x2d\x2d\x2d\x2d\x2d\x2d\x2d\x2d\x2d\x2d\x2d\x2d\x2d\x2d\x2d\x2d\x2d\x2d\x2d\x2d\x2d\x2d\x2d\x2d\x2d\x2d\x2d\x2d\x2d\x2d\x2d\x2d\x2d\x2d\x2d\x2d\x2d\x2d\x2d\x2d\x2d\x2d\x2d\x2d\x2d\x2d\x0a0. Next day!\x0a1. Missions\x0a2. Explorers\x0a3. Give up\x0a</data></match></read>
    <write><data>2\x0a</data></write>
    <read><length>105</length><match><data>\x0a\x5d\x5d\x5d Explorers \x5b\x5b\x5b\x0a1. Hire explorer\x0a2. View current explorers\x0a3. Remove explorer\x0a4. Learn skills\x0a5. Back\x0a</data></match></read>
    <write><data>1\x0a</data></write>
    <read><length>29</length><match><data>\x0a... Available explorers ...\x0a</data></match></read>
    <read><length>52</length><match><data>0. Gurro Shiner \x5bLVL 1\x5d \x5bEXP 1000\x2f1150\x5d \x28not\x2dhired\x29\x0a</data></match></read>
    <read><length>74</length><match><data>   \x3d\x3d\x3e Skill \x231: Whirling Burst \x3cGROUND\x3e\x0a   \x3d\x3d\x3e Skill \x232: No Skill \x3cNone\x3e\x0a</data></match></read>
    <read><length>51</length><match><data>1. Hallie Hope \x5bLVL 1\x5d \x5bEXP 1000\x2f1150\x5d \x28not\x2dhired\x29\x0a</data></match></read>
    <read><length>70</length><match><data>   \x3d\x3d\x3e Skill \x231: Aurum Surge \x3cNAVAL\x3e\x0a   \x3d\x3d\x3e Skill \x232: No Skill \x3cNone\x3e\x0a</data></match></read>
    <read><length>56</length><match><data>2. Jimmy Mcclanahan \x5bLVL 1\x5d \x5bEXP 1000\x2f1150\x5d \x28not\x2dhired\x29\x0a</data></match></read>
    <read><length>76</length><match><data>   \x3d\x3d\x3e Skill \x231: Celestial Attack \x3cAERIAL\x3e\x0a   \x3d\x3d\x3e Skill \x232: No Skill \x3cNone\x3e\x0a</data></match></read>
    <read><length>54</length><match><data>3. Freddie Haugen \x5bLVL 1\x5d \x5bEXP 1000\x2f1150\x5d \x28not\x2dhired\x29\x0a</data></match></read>
    <read><length>76</length><match><data>   \x3d\x3d\x3e Skill \x231: Celestial Attack \x3cAERIAL\x3e\x0a   \x3d\x3d\x3e Skill \x232: No Skill \x3cNone\x3e\x0a</data></match></read>
    <read><length>54</length><match><data>4. Patrina Wasson \x5bLVL 1\x5d \x5bEXP 1000\x2f1150\x5d \x28not\x2dhired\x29\x0a</data></match></read>
    <read><length>73</length><match><data>   \x3d\x3d\x3e Skill \x231: Nebula Cleave \x3cRESCUE\x3e\x0a   \x3d\x3d\x3e Skill \x232: No Skill \x3cNone\x3e\x0a</data></match></read>
    <read><length>54</length><match><data>5. Salome Burrell \x5bLVL 1\x5d \x5bEXP 1000\x2f1150\x5d \x28not\x2dhired\x29\x0a</data></match></read>
    <read><length>74</length><match><data>   \x3d\x3d\x3e Skill \x231: Chaotic Blink \x3cSPECIAL\x3e\x0a   \x3d\x3d\x3e Skill \x232: No Skill \x3cNone\x3e\x0a</data></match></read>
    <read><length>54</length><match><data>6. Rosaria Curley \x5bLVL 1\x5d \x5bEXP 1000\x2f1150\x5d \x28not\x2dhired\x29\x0a</data></match></read>
    <read><length>70</length><match><data>   \x3d\x3d\x3e Skill \x231: Aurum Surge \x3cNAVAL\x3e\x0a   \x3d\x3d\x3e Skill \x232: No Skill \x3cNone\x3e\x0a</data></match></read>
    <read><length>54</length><match><data>7. Bertie Hodgson \x5bLVL 1\x5d \x5bEXP 1000\x2f1150\x5d \x28not\x2dhired\x29\x0a</data></match></read>
    <read><length>72</length><match><data>   \x3d\x3d\x3e Skill \x231: Dark Calamity \x3cINTEL\x3e\x0a   \x3d\x3d\x3e Skill \x232: No Skill \x3cNone\x3e\x0a</data></match></read>
    <read><length>51</length><match><data>8. Yoko Hauser \x5bLVL 1\x5d \x5bEXP 1000\x2f1150\x5d \x28not\x2dhired\x29\x0a</data></match></read>
    <read><length>76</length><match><data>   \x3d\x3d\x3e Skill \x231: Celestial Attack \x3cAERIAL\x3e\x0a   \x3d\x3d\x3e Skill \x232: No Skill \x3cNone\x3e\x0a</data></match></read>
    <read><length>53</length><match><data>9. Eldon Buckley \x5bLVL 1\x5d \x5bEXP 1000\x2f1150\x5d \x28not\x2dhired\x29\x0a</data></match></read>
    <read><length>73</length><match><data>   \x3d\x3d\x3e Skill \x231: Nebula Cleave \x3cRESCUE\x3e\x0a   \x3d\x3d\x3e Skill \x232: No Skill \x3cNone\x3e\x0a</data></match></read>
    <read><length>54</length><match><data>10. Makeda Spears \x5bLVL 1\x5d \x5bEXP 1000\x2f1150\x5d \x28not\x2dhired\x29\x0a</data></match></read>
    <read><length>76</length><match><data>   \x3d\x3d\x3e Skill \x231: Celestial Attack \x3cAERIAL\x3e\x0a   \x3d\x3d\x3e Skill \x232: No Skill \x3cNone\x3e\x0a</data></match></read>
    <read><length>54</length><match><data>11. Marget Burrow \x5bLVL 1\x5d \x5bEXP 1000\x2f1150\x5d \x28not\x2dhired\x29\x0a</data></match></read>
    <read><length>76</length><match><data>   \x3d\x3d\x3e Skill \x231: Celestial Attack \x3cAERIAL\x3e\x0a   \x3d\x3d\x3e Skill \x232: No Skill \x3cNone\x3e\x0a</data></match></read>
    <read><length>51</length><match><data>12. Hae Ledoux \x5bLVL 1\x5d \x5bEXP 1000\x2f1150\x5d \x28not\x2dhired\x29\x0a</data></match></read>
    <read><length>76</length><match><data>   \x3d\x3d\x3e Skill \x231: Celestial Attack \x3cAERIAL\x3e\x0a   \x3d\x3d\x3e Skill \x232: No Skill \x3cNone\x3e\x0a</data></match></read>
    <read><length>55</length><match><data>13. Joeann Findley \x5bLVL 1\x5d \x5bEXP 1000\x2f1150\x5d \x28not\x2dhired\x29\x0a</data></match></read>
    <read><length>74</length><match><data>   \x3d\x3d\x3e Skill \x231: Chaotic Blink \x3cSPECIAL\x3e\x0a   \x3d\x3d\x3e Skill \x232: No Skill \x3cNone\x3e\x0a</data></match></read>
    <read><length>54</length><match><data>14. Lupita Acosta \x5bLVL 1\x5d \x5bEXP 1000\x2f1150\x5d \x28not\x2dhired\x29\x0a</data></match></read>
    <read><length>74</length><match><data>   \x3d\x3d\x3e Skill \x231: Whirling Burst \x3cGROUND\x3e\x0a   \x3d\x3d\x3e Skill \x232: No Skill \x3cNone\x3e\x0a</data></match></read>
    <read><length>56</length><match><data>15. Eliza Dickinson \x5bLVL 1\x5d \x5bEXP 1000\x2f1150\x5d \x28not\x2dhired\x29\x0a</data></match></read>
    <read><length>74</length><match><data>   \x3d\x3d\x3e Skill \x231: Whirling Burst \x3cGROUND\x3e\x0a   \x3d\x3d\x3e Skill \x232: No Skill \x3cNone\x3e\x0a</data></match></read>
    <read><length>53</length><match><data>16. Aurelia Lyon \x5bLVL 1\x5d \x5bEXP 1000\x2f1150\x5d \x28not\x2dhired\x29\x0a</data></match></read>
    <read><length>70</length><match><data>   \x3d\x3d\x3e Skill \x231: Aurum Surge \x3cNAVAL\x3e\x0a   \x3d\x3d\x3e Skill \x232: No Skill \x3cNone\x3e\x0a</data></match></read>
    <read><length>56</length><match><data>17. Steffanie Mabry \x5bLVL 1\x5d \x5bEXP 1000\x2f1150\x5d \x28not\x2dhired\x29\x0a</data></match></read>
    <read><length>70</length><match><data>   \x3d\x3d\x3e Skill \x231: Aurum Surge \x3cNAVAL\x3e\x0a   \x3d\x3d\x3e Skill \x232: No Skill \x3cNone\x3e\x0a</data></match></read>
    <read><length>57</length><match><data>18. Claretha Registe \x5bLVL 1\x5d \x5bEXP 1000\x2f1150\x5d \x28not\x2dhired\x29\x0a</data></match></read>
    <read><length>74</length><match><data>   \x3d\x3d\x3e Skill \x231: Whirling Burst \x3cGROUND\x3e\x0a   \x3d\x3d\x3e Skill \x232: No Skill \x3cNone\x3e\x0a</data></match></read>
    <read><length>52</length><match><data>19. Mimi Strunk \x5bLVL 1\x5d \x5bEXP 1000\x2f1150\x5d \x28not\x2dhired\x29\x0a</data></match></read>
    <read><length>74</length><match><data>   \x3d\x3d\x3e Skill \x231: Whirling Burst \x3cGROUND\x3e\x0a   \x3d\x3d\x3e Skill \x232: No Skill \x3cNone\x3e\x0a</data></match></read>
    <read><length>9</length><match><data>\x0aselect\x3e </data></match></read>
    <write><data>16\x0a</data></write>
    <read><length>105</length><match><data>\x0a\x5d\x5d\x5d Explorers \x5b\x5b\x5b\x0a1. Hire explorer\x0a2. View current explorers\x0a3. Remove explorer\x0a4. Learn skills\x0a5. Back\x0a</data></match></read>
    <write><data>5\x0a</data></write>
    <read><length>158</length><match><data>\x0aDay\x2d006 \x3d\x3e \x5b0 mission\x5d \x7c \x5b1 explorer\x5d \x7c \x5b550 supply\x5d\x0a\x2d\x2d\x2d\x2d\x2d\x2d\x2d\x2d\x2d\x2d\x2d\x2d\x2d\x2d\x2d\x2d\x2d\x2d\x2d\x2d\x2d\x2d\x2d\x2d\x2d\x2d\x2d\x2d\x2d\x2d\x2d\x2d\x2d\x2d\x2d\x2d\x2d\x2d\x2d\x2d\x2d\x2d\x2d\x2d\x2d\x2d\x2d\x2d\x2d\x2d\x2d\x2d\x2d\x2d\x0a0. Next day!\x0a1. Missions\x0a2. Explorers\x0a3. Give up\x0a</data></match></read>
    <write><data>\x2d1337\x0a</data></write>
    <write><data>10\x0a</data></write>
    <read><length>160</length><match><data>\x0aDay\x2d016 \x3d\x3e \x5b0 mission\x5d \x7c \x5b1 explorer\x5d \x7c \x5b1837 supply\x5d\x0a\x2d\x2d\x2d\x2d\x2d\x2d\x2d\x2d\x2d\x2d\x2d\x2d\x2d\x2d\x2d\x2d\x2d\x2d\x2d\x2d\x2d\x2d\x2d\x2d\x2d\x2d\x2d\x2d\x2d\x2d\x2d\x2d\x2d\x2d\x2d\x2d\x2d\x2d\x2d\x2d\x2d\x2d\x2d\x2d\x2d\x2d\x2d\x2d\x2d\x2d\x2d\x2d\x2d\x2d\x2d\x0a0. Next day!\x0a1. Missions\x0a2. Explorers\x0a3. Give up\x0a</data></match></read>
    <write><data>2\x0a</data></write>
    <read><length>105</length><match><data>\x0a\x5d\x5d\x5d Explorers \x5b\x5b\x5b\x0a1. Hire explorer\x0a2. View current explorers\x0a3. Remove explorer\x0a4. Learn skills\x0a5. Back\x0a</data></match></read>
    <write><data>4\x0a</data></write>
    <read><length>29</length><match><data>\x0a... Available explorers ...\x0a</data></match></read>
    <read><length>48</length><match><data>0. Aurelia Lyon \x5bLVL 1\x5d \x5bEXP 1000\x2f1150\x5d \x28hired\x29\x0a</data></match></read>
    <read><length>70</length><match><data>   \x3d\x3d\x3e Skill \x231: Aurum Surge \x3cNAVAL\x3e\x0a   \x3d\x3d\x3e Skill \x232: No Skill \x3cNone\x3e\x0a</data></match></read>
    <read><length>9</length><match><data>\x0aselect\x3e </data></match></read>
    <write><data>0\x0a</data></write>
    <read><length>16</length><match><data>\x0a... Skills ...\x0a</data></match></read>
    <read><length>307</length><match><data>0. \x5bWhirling Burst\x5d \x28counters \x3cGROUND\x3e\x29 \x2d 24 supply\x0a1. \x5bChaotic Blink\x5d \x28counters \x3cSPECIAL\x3e\x29 \x2d 15 supply\x0a2. \x5bAurum Surge\x5d \x28counters \x3cNAVAL\x3e\x29 \x2d 13 supply\x0a3. \x5bCelestial Attack\x5d \x28counters \x3cAERIAL\x3e\x29 \x2d 25 supply\x0a4. \x5bDark Calamity\x5d \x28counters \x3cINTEL\x3e\x29 \x2d 20 supply\x0a5. \x5bNebula Cleave\x5d \x28counters \x3cRESCUE\x3e\x29 \x2d 12 supply\x0a</data></match></read>
    <read><length>9</length><match><data>\x0aselect\x3e </data></match></read>
    <write><data>3\x0a</data></write>
    <read><length>14</length><match><data>\x0aslot? \x281\x2c2\x29\x3e </data></match></read>
    <write><data>2\x0a</data></write>
    <read><length>105</length><match><data>\x0a\x5d\x5d\x5d Explorers \x5b\x5b\x5b\x0a1. Hire explorer\x0a2. View current explorers\x0a3. Remove explorer\x0a4. Learn skills\x0a5. Back\x0a</data></match></read>
    <write><data>5\x0a</data></write>
    <read><length>160</length><match><data>\x0aDay\x2d016 \x3d\x3e \x5b0 mission\x5d \x7c \x5b1 explorer\x5d \x7c \x5b1812 supply\x5d\x0a\x2d\x2d\x2d\x2d\x2d\x2d\x2d\x2d\x2d\x2d\x2d\x2d\x2d\x2d\x2d\x2d\x2d\x2d\x2d\x2d\x2d\x2d\x2d\x2d\x2d\x2d\x2d\x2d\x2d\x2d\x2d\x2d\x2d\x2d\x2d\x2d\x2d\x2d\x2d\x2d\x2d\x2d\x2d\x2d\x2d\x2d\x2d\x2d\x2d\x2d\x2d\x2d\x2d\x2d\x2d\x0a0. Next day!\x0a1. Missions\x0a2. Explorers\x0a3. Give up\x0a</data></match></read>
    <write><data>1\x0a</data></write>
    <read><length>81</length><match><data>\x0a\x5d\x5d\x5d Missions \x5b\x5b\x5b\x0a1. Send mission \x283 available\x29\x0a2. View current missions\x0a3. Back\x0a</data></match></read>
    <write><data>2\x0a</data></write>
    <read><length>26</length><match><data>\x0a... Current missions ...\x0a</data></match></read>
    <read><length>15</length><match><data>No missions :\x28\x0a</data></match></read>
    <read><length>81</length><match><data>\x0a\x5d\x5d\x5d Missions \x5b\x5b\x5b\x0a1. Send mission \x283 available\x29\x0a2. View current missions\x0a3. Back\x0a</data></match></read>
    <write><data>3\x0a</data></write>
    <read><length>160</length><match><data>\x0aDay\x2d016 \x3d\x3e \x5b0 mission\x5d \x7c \x5b1 explorer\x5d \x7c \x5b1812 supply\x5d\x0a\x2d\x2d\x2d\x2d\x2d\x2d\x2d\x2d\x2d\x2d\x2d\x2d\x2d\x2d\x2d\x2d\x2d\x2d\x2d\x2d\x2d\x2d\x2d\x2d\x2d\x2d\x2d\x2d\x2d\x2d\x2d\x2d\x2d\x2d\x2d\x2d\x2d\x2d\x2d\x2d\x2d\x2d\x2d\x2d\x2d\x2d\x2d\x2d\x2d\x2d\x2d\x2d\x2d\x2d\x2d\x0a0. Next day!\x0a1. Missions\x0a2. Explorers\x0a3. Give up\x0a</data></match></read>
    <write><data>0\x0a</data></write>
    <read><length>160</length><match><data>\x0aDay\x2d017 \x3d\x3e \x5b0 mission\x5d \x7c \x5b1 explorer\x5d \x7c \x5b1812 supply\x5d\x0a\x2d\x2d\x2d\x2d\x2d\x2d\x2d\x2d\x2d\x2d\x2d\x2d\x2d\x2d\x2d\x2d\x2d\x2d\x2d\x2d\x2d\x2d\x2d\x2d\x2d\x2d\x2d\x2d\x2d\x2d\x2d\x2d\x2d\x2d\x2d\x2d\x2d\x2d\x2d\x2d\x2d\x2d\x2d\x2d\x2d\x2d\x2d\x2d\x2d\x2d\x2d\x2d\x2d\x2d\x2d\x0a0. Next day!\x0a1. Missions\x0a2. Explorers\x0a3. Give up\x0a</data></match></read>
    <write><data>2\x0a</data></write>
    <read><length>105</length><match><data>\x0a\x5d\x5d\x5d Explorers \x5b\x5b\x5b\x0a1. Hire explorer\x0a2. View current explorers\x0a3. Remove explorer\x0a4. Learn skills\x0a5. Back\x0a</data></match></read>
    <write><data>4\x0a</data></write>
    <read><length>29</length><match><data>\x0a... Available explorers ...\x0a</data></match></read>
    <read><length>48</length><match><data>0. Aurelia Lyon \x5bLVL 1\x5d \x5bEXP 1000\x2f1150\x5d \x28hired\x29\x0a</data></match></read>
    <read><length>80</length><match><data>   \x3d\x3d\x3e Skill \x231: Aurum Surge \x3cNAVAL\x3e\x0a   \x3d\x3d\x3e Skill \x232: Celestial Attack \x3cAERIAL\x3e\x0a</data></match></read>
    <read><length>9</length><match><data>\x0aselect\x3e </data></match></read>
    <write><data>0\x0a</data></write>
    <read><length>16</length><match><data>\x0a... Skills ...\x0a</data></match></read>
    <read><length>307</length><match><data>0. \x5bWhirling Burst\x5d \x28counters \x3cGROUND\x3e\x29 \x2d 24 supply\x0a1. \x5bChaotic Blink\x5d \x28counters \x3cSPECIAL\x3e\x29 \x2d 15 supply\x0a2. \x5bAurum Surge\x5d \x28counters \x3cNAVAL\x3e\x29 \x2d 13 supply\x0a3. \x5bCelestial Attack\x5d \x28counters \x3cAERIAL\x3e\x29 \x2d 25 supply\x0a4. \x5bDark Calamity\x5d \x28counters \x3cINTEL\x3e\x29 \x2d 20 supply\x0a5. \x5bNebula Cleave\x5d \x28counters \x3cRESCUE\x3e\x29 \x2d 12 supply\x0a</data></match></read>
    <read><length>9</length><match><data>\x0aselect\x3e </data></match></read>
    <write><data>4\x0a</data></write>
    <read><length>14</length><match><data>\x0aslot? \x281\x2c2\x29\x3e </data></match></read>
    <write><data>1\x0a</data></write>
    <read><length>105</length><match><data>\x0a\x5d\x5d\x5d Explorers \x5b\x5b\x5b\x0a1. Hire explorer\x0a2. View current explorers\x0a3. Remove explorer\x0a4. Learn skills\x0a5. Back\x0a</data></match></read>
    <write><data>5\x0a</data></write>
    <read><length>160</length><match><data>\x0aDay\x2d017 \x3d\x3e \x5b0 mission\x5d \x7c \x5b1 explorer\x5d \x7c \x5b1792 supply\x5d\x0a\x2d\x2d\x2d\x2d\x2d\x2d\x2d\x2d\x2d\x2d\x2d\x2d\x2d\x2d\x2d\x2d\x2d\x2d\x2d\x2d\x2d\x2d\x2d\x2d\x2d\x2d\x2d\x2d\x2d\x2d\x2d\x2d\x2d\x2d\x2d\x2d\x2d\x2d\x2d\x2d\x2d\x2d\x2d\x2d\x2d\x2d\x2d\x2d\x2d\x2d\x2d\x2d\x2d\x2d\x2d\x0a0. Next day!\x0a1. Missions\x0a2. Explorers\x0a3. Give up\x0a</data></match></read>
    <write><data>1\x0a</data></write>
    <read><length>81</length><match><data>\x0a\x5d\x5d\x5d Missions \x5b\x5b\x5b\x0a1. Send mission \x283 available\x29\x0a2. View current missions\x0a3. Back\x0a</data></match></read>
    <write><data>2\x0a</data></write>
    <read><length>26</length><match><data>\x0a... Current missions ...\x0a</data></match></read>
    <read><length>15</length><match><data>No missions :\x28\x0a</data></match></read>
    <read><length>81</length><match><data>\x0a\x5d\x5d\x5d Missions \x5b\x5b\x5b\x0a1. Send mission \x283 available\x29\x0a2. View current missions\x0a3. Back\x0a</data></match></read>
    <write><data>3\x0a</data></write>
    <read><length>160</length><match><data>\x0aDay\x2d017 \x3d\x3e \x5b0 mission\x5d \x7c \x5b1 explorer\x5d \x7c \x5b1792 supply\x5d\x0a\x2d\x2d\x2d\x2d\x2d\x2d\x2d\x2d\x2d\x2d\x2d\x2d\x2d\x2d\x2d\x2d\x2d\x2d\x2d\x2d\x2d\x2d\x2d\x2d\x2d\x2d\x2d\x2d\x2d\x2d\x2d\x2d\x2d\x2d\x2d\x2d\x2d\x2d\x2d\x2d\x2d\x2d\x2d\x2d\x2d\x2d\x2d\x2d\x2d\x2d\x2d\x2d\x2d\x2d\x2d\x0a0. Next day!\x0a1. Missions\x0a2. Explorers\x0a3. Give up\x0a</data></match></read>
    <write><data>0\x0a</data></write>
    <read><length>160</length><match><data>\x0aDay\x2d018 \x3d\x3e \x5b0 mission\x5d \x7c \x5b1 explorer\x5d \x7c \x5b1792 supply\x5d\x0a\x2d\x2d\x2d\x2d\x2d\x2d\x2d\x2d\x2d\x2d\x2d\x2d\x2d\x2d\x2d\x2d\x2d\x2d\x2d\x2d\x2d\x2d\x2d\x2d\x2d\x2d\x2d\x2d\x2d\x2d\x2d\x2d\x2d\x2d\x2d\x2d\x2d\x2d\x2d\x2d\x2d\x2d\x2d\x2d\x2d\x2d\x2d\x2d\x2d\x2d\x2d\x2d\x2d\x2d\x2d\x0a0. Next day!\x0a1. Missions\x0a2. Explorers\x0a3. Give up\x0a</data></match></read>
    <write><data>0\x0a</data></write>
    <read><length>160</length><match><data>\x0aDay\x2d019 \x3d\x3e \x5b0 mission\x5d \x7c \x5b1 explorer\x5d \x7c \x5b1792 supply\x5d\x0a\x2d\x2d\x2d\x2d\x2d\x2d\x2d\x2d\x2d\x2d\x2d\x2d\x2d\x2d\x2d\x2d\x2d\x2d\x2d\x2d\x2d\x2d\x2d\x2d\x2d\x2d\x2d\x2d\x2d\x2d\x2d\x2d\x2d\x2d\x2d\x2d\x2d\x2d\x2d\x2d\x2d\x2d\x2d\x2d\x2d\x2d\x2d\x2d\x2d\x2d\x2d\x2d\x2d\x2d\x2d\x0a0. Next day!\x0a1. Missions\x0a2. Explorers\x0a3. Give up\x0a</data></match></read>
    <write><data>0\x0a</data></write>
    <read><length>160</length><match><data>\x0aDay\x2d020 \x3d\x3e \x5b0 mission\x5d \x7c \x5b1 explorer\x5d \x7c \x5b1792 supply\x5d\x0a\x2d\x2d\x2d\x2d\x2d\x2d\x2d\x2d\x2d\x2d\x2d\x2d\x2d\x2d\x2d\x2d\x2d\x2d\x2d\x2d\x2d\x2d\x2d\x2d\x2d\x2d\x2d\x2d\x2d\x2d\x2d\x2d\x2d\x2d\x2d\x2d\x2d\x2d\x2d\x2d\x2d\x2d\x2d\x2d\x2d\x2d\x2d\x2d\x2d\x2d\x2d\x2d\x2d\x2d\x2d\x0a0. Next day!\x0a1. Missions\x0a2. Explorers\x0a3. Give up\x0a</data></match></read>
    <write><data>2\x0a</data></write>
    <read><length>105</length><match><data>\x0a\x5d\x5d\x5d Explorers \x5b\x5b\x5b\x0a1. Hire explorer\x0a2. View current explorers\x0a3. Remove explorer\x0a4. Learn skills\x0a5. Back\x0a</data></match></read>
    <write><data>4\x0a</data></write>
    <read><length>29</length><match><data>\x0a... Available explorers ...\x0a</data></match></read>
    <read><length>48</length><match><data>0. Aurelia Lyon \x5bLVL 1\x5d \x5bEXP 1000\x2f1150\x5d \x28hired\x29\x0a</data></match></read>
    <read><length>82</length><match><data>   \x3d\x3d\x3e Skill \x231: Dark Calamity \x3cINTEL\x3e\x0a   \x3d\x3d\x3e Skill \x232: Celestial Attack \x3cAERIAL\x3e\x0a</data></match></read>
    <read><length>9</length><match><data>\x0aselect\x3e </data></match></read>
    <write><data>0\x0a</data></write>
    <read><length>16</length><match><data>\x0a... Skills ...\x0a</data></match></read>
    <read><length>307</length><match><data>0. \x5bWhirling Burst\x5d \x28counters \x3cGROUND\x3e\x29 \x2d 24 supply\x0a1. \x5bChaotic Blink\x5d \x28counters \x3cSPECIAL\x3e\x29 \x2d 15 supply\x0a2. \x5bAurum Surge\x5d \x28counters \x3cNAVAL\x3e\x29 \x2d 13 supply\x0a3. \x5bCelestial Attack\x5d \x28counters \x3cAERIAL\x3e\x29 \x2d 25 supply\x0a4. \x5bDark Calamity\x5d \x28counters \x3cINTEL\x3e\x29 \x2d 20 supply\x0a5. \x5bNebula Cleave\x5d \x28counters \x3cRESCUE\x3e\x29 \x2d 12 supply\x0a</data></match></read>
    <read><length>9</length><match><data>\x0aselect\x3e </data></match></read>
    <write><data>0\x0a</data></write>
    <read><length>14</length><match><data>\x0aslot? \x281\x2c2\x29\x3e </data></match></read>
    <write><data>2\x0a</data></write>
    <read><length>105</length><match><data>\x0a\x5d\x5d\x5d Explorers \x5b\x5b\x5b\x0a1. Hire explorer\x0a2. View current explorers\x0a3. Remove explorer\x0a4. Learn skills\x0a5. Back\x0a</data></match></read>
    <write><data>5\x0a</data></write>
    <read><length>160</length><match><data>\x0aDay\x2d020 \x3d\x3e \x5b0 mission\x5d \x7c \x5b1 explorer\x5d \x7c \x5b1768 supply\x5d\x0a\x2d\x2d\x2d\x2d\x2d\x2d\x2d\x2d\x2d\x2d\x2d\x2d\x2d\x2d\x2d\x2d\x2d\x2d\x2d\x2d\x2d\x2d\x2d\x2d\x2d\x2d\x2d\x2d\x2d\x2d\x2d\x2d\x2d\x2d\x2d\x2d\x2d\x2d\x2d\x2d\x2d\x2d\x2d\x2d\x2d\x2d\x2d\x2d\x2d\x2d\x2d\x2d\x2d\x2d\x2d\x0a0. Next day!\x0a1. Missions\x0a2. Explorers\x0a3. Give up\x0a</data></match></read>
    <write><data>0\x0a</data></write>
    <read><length>160</length><match><data>\x0aDay\x2d021 \x3d\x3e \x5b0 mission\x5d \x7c \x5b1 explorer\x5d \x7c \x5b1768 supply\x5d\x0a\x2d\x2d\x2d\x2d\x2d\x2d\x2d\x2d\x2d\x2d\x2d\x2d\x2d\x2d\x2d\x2d\x2d\x2d\x2d\x2d\x2d\x2d\x2d\x2d\x2d\x2d\x2d\x2d\x2d\x2d\x2d\x2d\x2d\x2d\x2d\x2d\x2d\x2d\x2d\x2d\x2d\x2d\x2d\x2d\x2d\x2d\x2d\x2d\x2d\x2d\x2d\x2d\x2d\x2d\x2d\x0a0. Next day!\x0a1. Missions\x0a2. Explorers\x0a3. Give up\x0a</data></match></read>
    <write><data>0\x0a</data></write>
    <read><length>160</length><match><data>\x0aDay\x2d022 \x3d\x3e \x5b0 mission\x5d \x7c \x5b1 explorer\x5d \x7c \x5b1768 supply\x5d\x0a\x2d\x2d\x2d\x2d\x2d\x2d\x2d\x2d\x2d\x2d\x2d\x2d\x2d\x2d\x2d\x2d\x2d\x2d\x2d\x2d\x2d\x2d\x2d\x2d\x2d\x2d\x2d\x2d\x2d\x2d\x2d\x2d\x2d\x2d\x2d\x2d\x2d\x2d\x2d\x2d\x2d\x2d\x2d\x2d\x2d\x2d\x2d\x2d\x2d\x2d\x2d\x2d\x2d\x2d\x2d\x0a0. Next day!\x0a1. Missions\x0a2. Explorers\x0a3. Give up\x0a</data></match></read>
    <write><data>2\x0a</data></write>
    <read><length>105</length><match><data>\x0a\x5d\x5d\x5d Explorers \x5b\x5b\x5b\x0a1. Hire explorer\x0a2. View current explorers\x0a3. Remove explorer\x0a4. Learn skills\x0a5. Back\x0a</data></match></read>
    <write><data>4\x0a</data></write>
    <read><length>29</length><match><data>\x0a... Available explorers ...\x0a</data></match></read>
    <read><length>48</length><match><data>0. Aurelia Lyon \x5bLVL 1\x5d \x5bEXP 1000\x2f1150\x5d \x28hired\x29\x0a</data></match></read>
    <read><length>80</length><match><data>   \x3d\x3d\x3e Skill \x231: Dark Calamity \x3cINTEL\x3e\x0a   \x3d\x3d\x3e Skill \x232: Whirling Burst \x3cGROUND\x3e\x0a</data></match></read>
    <read><length>9</length><match><data>\x0aselect\x3e </data></match></read>
    <write><data>0\x0a</data></write>
    <read><length>16</length><match><data>\x0a... Skills ...\x0a</data></match></read>
    <read><length>307</length><match><data>0. \x5bWhirling Burst\x5d \x28counters \x3cGROUND\x3e\x29 \x2d 24 supply\x0a1. \x5bChaotic Blink\x5d \x28counters \x3cSPECIAL\x3e\x29 \x2d 15 supply\x0a2. \x5bAurum Surge\x5d \x28counters \x3cNAVAL\x3e\x29 \x2d 13 supply\x0a3. \x5bCelestial Attack\x5d \x28counters \x3cAERIAL\x3e\x29 \x2d 25 supply\x0a4. \x5bDark Calamity\x5d \x28counters \x3cINTEL\x3e\x29 \x2d 20 supply\x0a5. \x5bNebula Cleave\x5d \x28counters \x3cRESCUE\x3e\x29 \x2d 12 supply\x0a</data></match></read>
    <read><length>9</length><match><data>\x0aselect\x3e </data></match></read>
    <write><data>1\x0a</data></write>
    <read><length>14</length><match><data>\x0aslot? \x281\x2c2\x29\x3e </data></match></read>
    <write><data>2\x0a</data></write>
    <read><length>105</length><match><data>\x0a\x5d\x5d\x5d Explorers \x5b\x5b\x5b\x0a1. Hire explorer\x0a2. View current explorers\x0a3. Remove explorer\x0a4. Learn skills\x0a5. Back\x0a</data></match></read>
    <write><data>5\x0a</data></write>
    <read><length>160</length><match><data>\x0aDay\x2d022 \x3d\x3e \x5b0 mission\x5d \x7c \x5b1 explorer\x5d \x7c \x5b1753 supply\x5d\x0a\x2d\x2d\x2d\x2d\x2d\x2d\x2d\x2d\x2d\x2d\x2d\x2d\x2d\x2d\x2d\x2d\x2d\x2d\x2d\x2d\x2d\x2d\x2d\x2d\x2d\x2d\x2d\x2d\x2d\x2d\x2d\x2d\x2d\x2d\x2d\x2d\x2d\x2d\x2d\x2d\x2d\x2d\x2d\x2d\x2d\x2d\x2d\x2d\x2d\x2d\x2d\x2d\x2d\x2d\x2d\x0a0. Next day!\x0a1. Missions\x0a2. Explorers\x0a3. Give up\x0a</data></match></read>
    <write><data>2\x0a</data></write>
    <read><length>105</length><match><data>\x0a\x5d\x5d\x5d Explorers \x5b\x5b\x5b\x0a1. Hire explorer\x0a2. View current explorers\x0a3. Remove explorer\x0a4. Learn skills\x0a5. Back\x0a</data></match></read>
    <write><data>3\x0a</data></write>
    <read><length>29</length><match><data>\x0a... Removable explorers ...\x0a</data></match></read>
    <read><length>48</length><match><data>0. Aurelia Lyon \x5bLVL 1\x5d \x5bEXP 1000\x2f1150\x5d \x28hired\x29\x0a</data></match></read>
    <read><length>80</length><match><data>   \x3d\x3d\x3e Skill \x231: Dark Calamity \x3cINTEL\x3e\x0a   \x3d\x3d\x3e Skill \x232: Chaotic Blink \x3cSPECIAL\x3e\x0a</data></match></read>
    <read><length>9</length><match><data>\x0aselect\x3e </data></match></read>
    <write><data>0\x0a</data></write>
    <read><length>105</length><match><data>\x0a\x5d\x5d\x5d Explorers \x5b\x5b\x5b\x0a1. Hire explorer\x0a2. View current explorers\x0a3. Remove explorer\x0a4. Learn skills\x0a5. Back\x0a</data></match></read>
    <write><data>5\x0a</data></write>
    <read><length>160</length><match><data>\x0aDay\x2d022 \x3d\x3e \x5b0 mission\x5d \x7c \x5b0 explorer\x5d \x7c \x5b1753 supply\x5d\x0a\x2d\x2d\x2d\x2d\x2d\x2d\x2d\x2d\x2d\x2d\x2d\x2d\x2d\x2d\x2d\x2d\x2d\x2d\x2d\x2d\x2d\x2d\x2d\x2d\x2d\x2d\x2d\x2d\x2d\x2d\x2d\x2d\x2d\x2d\x2d\x2d\x2d\x2d\x2d\x2d\x2d\x2d\x2d\x2d\x2d\x2d\x2d\x2d\x2d\x2d\x2d\x2d\x2d\x2d\x2d\x0a0. Next day!\x0a1. Missions\x0a2. Explorers\x0a3. Give up\x0a</data></match></read>
    <write><data>1\x0a</data></write>
    <read><length>81</length><match><data>\x0a\x5d\x5d\x5d Missions \x5b\x5b\x5b\x0a1. Send mission \x283 available\x29\x0a2. View current missions\x0a3. Back\x0a</data></match></read>
    <write><data>2\x0a</data></write>
    <read><length>26</length><match><data>\x0a... Current missions ...\x0a</data></match></read>
    <read><length>15</length><match><data>No missions :\x28\x0a</data></match></read>
    <read><length>81</length><match><data>\x0a\x5d\x5d\x5d Missions \x5b\x5b\x5b\x0a1. Send mission \x283 available\x29\x0a2. View current missions\x0a3. Back\x0a</data></match></read>
    <write><data>3\x0a</data></write>
    <read><length>160</length><match><data>\x0aDay\x2d022 \x3d\x3e \x5b0 mission\x5d \x7c \x5b0 explorer\x5d \x7c \x5b1753 supply\x5d\x0a\x2d\x2d\x2d\x2d\x2d\x2d\x2d\x2d\x2d\x2d\x2d\x2d\x2d\x2d\x2d\x2d\x2d\x2d\x2d\x2d\x2d\x2d\x2d\x2d\x2d\x2d\x2d\x2d\x2d\x2d\x2d\x2d\x2d\x2d\x2d\x2d\x2d\x2d\x2d\x2d\x2d\x2d\x2d\x2d\x2d\x2d\x2d\x2d\x2d\x2d\x2d\x2d\x2d\x2d\x2d\x0a0. Next day!\x0a1. Missions\x0a2. Explorers\x0a3. Give up\x0a</data></match></read>
    <write><data>2\x0a</data></write>
    <read><length>105</length><match><data>\x0a\x5d\x5d\x5d Explorers \x5b\x5b\x5b\x0a1. Hire explorer\x0a2. View current explorers\x0a3. Remove explorer\x0a4. Learn skills\x0a5. Back\x0a</data></match></read>
    <write><data>3\x0a</data></write>
    <read><length>29</length><match><data>\x0a... Removable explorers ...\x0a</data></match></read>
    <read><length>16</length><match><data>No explorers :\x28\x0a</data></match></read>
    <read><length>105</length><match><data>\x0a\x5d\x5d\x5d Explorers \x5b\x5b\x5b\x0a1. Hire explorer\x0a2. View current explorers\x0a3. Remove explorer\x0a4. Learn skills\x0a5. Back\x0a</data></match></read>
    <write><data>5\x0a</data></write>
    <read><length>160</length><match><data>\x0aDay\x2d022 \x3d\x3e \x5b0 mission\x5d \x7c \x5b0 explorer\x5d \x7c \x5b1753 supply\x5d\x0a\x2d\x2d\x2d\x2d\x2d\x2d\x2d\x2d\x2d\x2d\x2d\x2d\x2d\x2d\x2d\x2d\x2d\x2d\x2d\x2d\x2d\x2d\x2d\x2d\x2d\x2d\x2d\x2d\x2d\x2d\x2d\x2d\x2d\x2d\x2d\x2d\x2d\x2d\x2d\x2d\x2d\x2d\x2d\x2d\x2d\x2d\x2d\x2d\x2d\x2d\x2d\x2d\x2d\x2d\x2d\x0a0. Next day!\x0a1. Missions\x0a2. Explorers\x0a3. Give up\x0a</data></match></read>
    <write><data>2\x0a</data></write>
    <read><length>105</length><match><data>\x0a\x5d\x5d\x5d Explorers \x5b\x5b\x5b\x0a1. Hire explorer\x0a2. View current explorers\x0a3. Remove explorer\x0a4. Learn skills\x0a5. Back\x0a</data></match></read>
    <write><data>4\x0a</data></write>
    <read><length>29</length><match><data>\x0a... Available explorers ...\x0a</data></match></read>
    <read><length>16</length><match><data>No explorers :\x28\x0a</data></match></read>
    <read><length>105</length><match><data>\x0a\x5d\x5d\x5d Explorers \x5b\x5b\x5b\x0a1. Hire explorer\x0a2. View current explorers\x0a3. Remove explorer\x0a4. Learn skills\x0a5. Back\x0a</data></match></read>
    <write><data>5\x0a</data></write>
    <read><length>160</length><match><data>\x0aDay\x2d022 \x3d\x3e \x5b0 mission\x5d \x7c \x5b0 explorer\x5d \x7c \x5b1753 supply\x5d\x0a\x2d\x2d\x2d\x2d\x2d\x2d\x2d\x2d\x2d\x2d\x2d\x2d\x2d\x2d\x2d\x2d\x2d\x2d\x2d\x2d\x2d\x2d\x2d\x2d\x2d\x2d\x2d\x2d\x2d\x2d\x2d\x2d\x2d\x2d\x2d\x2d\x2d\x2d\x2d\x2d\x2d\x2d\x2d\x2d\x2d\x2d\x2d\x2d\x2d\x2d\x2d\x2d\x2d\x2d\x2d\x0a0. Next day!\x0a1. Missions\x0a2. Explorers\x0a3. Give up\x0a</data></match></read>
    <write><data>1\x0a</data></write>
    <read><length>81</length><match><data>\x0a\x5d\x5d\x5d Missions \x5b\x5b\x5b\x0a1. Send mission \x283 available\x29\x0a2. View current missions\x0a3. Back\x0a</data></match></read>
    <write><data>2\x0a</data></write>
    <read><length>26</length><match><data>\x0a... Current missions ...\x0a</data></match></read>
    <read><length>15</length><match><data>No missions :\x28\x0a</data></match></read>
    <read><length>81</length><match><data>\x0a\x5d\x5d\x5d Missions \x5b\x5b\x5b\x0a1. Send mission \x283 available\x29\x0a2. View current missions\x0a3. Back\x0a</data></match></read>
    <write><data>3\x0a</data></write>
    <read><length>160</length><match><data>\x0aDay\x2d022 \x3d\x3e \x5b0 mission\x5d \x7c \x5b0 explorer\x5d \x7c \x5b1753 supply\x5d\x0a\x2d\x2d\x2d\x2d\x2d\x2d\x2d\x2d\x2d\x2d\x2d\x2d\x2d\x2d\x2d\x2d\x2d\x2d\x2d\x2d\x2d\x2d\x2d\x2d\x2d\x2d\x2d\x2d\x2d\x2d\x2d\x2d\x2d\x2d\x2d\x2d\x2d\x2d\x2d\x2d\x2d\x2d\x2d\x2d\x2d\x2d\x2d\x2d\x2d\x2d\x2d\x2d\x2d\x2d\x2d\x0a0. Next day!\x0a1. Missions\x0a2. Explorers\x0a3. Give up\x0a</data></match></read>
    <write><data>0\x0a</data></write>
    <read><length>160</length><match><data>\x0aDay\x2d023 \x3d\x3e \x5b0 mission\x5d \x7c \x5b0 explorer\x5d \x7c \x5b1753 supply\x5d\x0a\x2d\x2d\x2d\x2d\x2d\x2d\x2d\x2d\x2d\x2d\x2d\x2d\x2d\x2d\x2d\x2d\x2d\x2d\x2d\x2d\x2d\x2d\x2d\x2d\x2d\x2d\x2d\x2d\x2d\x2d\x2d\x2d\x2d\x2d\x2d\x2d\x2d\x2d\x2d\x2d\x2d\x2d\x2d\x2d\x2d\x2d\x2d\x2d\x2d\x2d\x2d\x2d\x2d\x2d\x2d\x0a0. Next day!\x0a1. Missions\x0a2. Explorers\x0a3. Give up\x0a</data></match></read>
    <write><data>0\x0a</data></write>
    <read><length>160</length><match><data>\x0aDay\x2d024 \x3d\x3e \x5b0 mission\x5d \x7c \x5b0 explorer\x5d \x7c \x5b1753 supply\x5d\x0a\x2d\x2d\x2d\x2d\x2d\x2d\x2d\x2d\x2d\x2d\x2d\x2d\x2d\x2d\x2d\x2d\x2d\x2d\x2d\x2d\x2d\x2d\x2d\x2d\x2d\x2d\x2d\x2d\x2d\x2d\x2d\x2d\x2d\x2d\x2d\x2d\x2d\x2d\x2d\x2d\x2d\x2d\x2d\x2d\x2d\x2d\x2d\x2d\x2d\x2d\x2d\x2d\x2d\x2d\x2d\x0a0. Next day!\x0a1. Missions\x0a2. Explorers\x0a3. Give up\x0a</data></match></read>
    <write><data>0\x0a</data></write>
    <read><length>160</length><match><data>\x0aDay\x2d025 \x3d\x3e \x5b0 mission\x5d \x7c \x5b0 explorer\x5d \x7c \x5b1753 supply\x5d\x0a\x2d\x2d\x2d\x2d\x2d\x2d\x2d\x2d\x2d\x2d\x2d\x2d\x2d\x2d\x2d\x2d\x2d\x2d\x2d\x2d\x2d\x2d\x2d\x2d\x2d\x2d\x2d\x2d\x2d\x2d\x2d\x2d\x2d\x2d\x2d\x2d\x2d\x2d\x2d\x2d\x2d\x2d\x2d\x2d\x2d\x2d\x2d\x2d\x2d\x2d\x2d\x2d\x2d\x2d\x2d\x0a0. Next day!\x0a1. Missions\x0a2. Explorers\x0a3. Give up\x0a</data></match></read>
    <write><data>2\x0a</data></write>
    <read><length>105</length><match><data>\x0a\x5d\x5d\x5d Explorers \x5b\x5b\x5b\x0a1. Hire explorer\x0a2. View current explorers\x0a3. Remove explorer\x0a4. Learn skills\x0a5. Back\x0a</data></match></read>
    <write><data>3\x0a</data></write>
    <read><length>29</length><match><data>\x0a... Removable explorers ...\x0a</data></match></read>
    <read><length>16</length><match><data>No explorers :\x28\x0a</data></match></read>
    <read><length>105</length><match><data>\x0a\x5d\x5d\x5d Explorers \x5b\x5b\x5b\x0a1. Hire explorer\x0a2. View current explorers\x0a3. Remove explorer\x0a4. Learn skills\x0a5. Back\x0a</data></match></read>
    <write><data>5\x0a</data></write>
    <read><length>160</length><match><data>\x0aDay\x2d025 \x3d\x3e \x5b0 mission\x5d \x7c \x5b0 explorer\x5d \x7c \x5b1753 supply\x5d\x0a\x2d\x2d\x2d\x2d\x2d\x2d\x2d\x2d\x2d\x2d\x2d\x2d\x2d\x2d\x2d\x2d\x2d\x2d\x2d\x2d\x2d\x2d\x2d\x2d\x2d\x2d\x2d\x2d\x2d\x2d\x2d\x2d\x2d\x2d\x2d\x2d\x2d\x2d\x2d\x2d\x2d\x2d\x2d\x2d\x2d\x2d\x2d\x2d\x2d\x2d\x2d\x2d\x2d\x2d\x2d\x0a0. Next day!\x0a1. Missions\x0a2. Explorers\x0a3. Give up\x0a</data></match></read>
    <write><data>0\x0a</data></write>
    <read><length>160</length><match><data>\x0aDay\x2d026 \x3d\x3e \x5b0 mission\x5d \x7c \x5b0 explorer\x5d \x7c \x5b1753 supply\x5d\x0a\x2d\x2d\x2d\x2d\x2d\x2d\x2d\x2d\x2d\x2d\x2d\x2d\x2d\x2d\x2d\x2d\x2d\x2d\x2d\x2d\x2d\x2d\x2d\x2d\x2d\x2d\x2d\x2d\x2d\x2d\x2d\x2d\x2d\x2d\x2d\x2d\x2d\x2d\x2d\x2d\x2d\x2d\x2d\x2d\x2d\x2d\x2d\x2d\x2d\x2d\x2d\x2d\x2d\x2d\x2d\x0a0. Next day!\x0a1. Missions\x0a2. Explorers\x0a3. Give up\x0a</data></match></read>
    <write><data>2\x0a</data></write>
    <read><length>105</length><match><data>\x0a\x5d\x5d\x5d Explorers \x5b\x5b\x5b\x0a1. Hire explorer\x0a2. View current explorers\x0a3. Remove explorer\x0a4. Learn skills\x0a5. Back\x0a</data></match></read>
    <write><data>1\x0a</data></write>
    <read><length>29</length><match><data>\x0a... Available explorers ...\x0a</data></match></read>
    <read><length>52</length><match><data>0. Gurro Shiner \x5bLVL 1\x5d \x5bEXP 1000\x2f1150\x5d \x28not\x2dhired\x29\x0a</data></match></read>
    <read><length>74</length><match><data>   \x3d\x3d\x3e Skill \x231: Whirling Burst \x3cGROUND\x3e\x0a   \x3d\x3d\x3e Skill \x232: No Skill \x3cNone\x3e\x0a</data></match></read>
    <read><length>51</length><match><data>1. Hallie Hope \x5bLVL 1\x5d \x5bEXP 1000\x2f1150\x5d \x28not\x2dhired\x29\x0a</data></match></read>
    <read><length>70</length><match><data>   \x3d\x3d\x3e Skill \x231: Aurum Surge \x3cNAVAL\x3e\x0a   \x3d\x3d\x3e Skill \x232: No Skill \x3cNone\x3e\x0a</data></match></read>
    <read><length>56</length><match><data>2. Jimmy Mcclanahan \x5bLVL 1\x5d \x5bEXP 1000\x2f1150\x5d \x28not\x2dhired\x29\x0a</data></match></read>
    <read><length>76</length><match><data>   \x3d\x3d\x3e Skill \x231: Celestial Attack \x3cAERIAL\x3e\x0a   \x3d\x3d\x3e Skill \x232: No Skill \x3cNone\x3e\x0a</data></match></read>
    <read><length>54</length><match><data>3. Freddie Haugen \x5bLVL 1\x5d \x5bEXP 1000\x2f1150\x5d \x28not\x2dhired\x29\x0a</data></match></read>
    <read><length>76</length><match><data>   \x3d\x3d\x3e Skill \x231: Celestial Attack \x3cAERIAL\x3e\x0a   \x3d\x3d\x3e Skill \x232: No Skill \x3cNone\x3e\x0a</data></match></read>
    <read><length>54</length><match><data>4. Patrina Wasson \x5bLVL 1\x5d \x5bEXP 1000\x2f1150\x5d \x28not\x2dhired\x29\x0a</data></match></read>
    <read><length>73</length><match><data>   \x3d\x3d\x3e Skill \x231: Nebula Cleave \x3cRESCUE\x3e\x0a   \x3d\x3d\x3e Skill \x232: No Skill \x3cNone\x3e\x0a</data></match></read>
    <read><length>54</length><match><data>5. Salome Burrell \x5bLVL 1\x5d \x5bEXP 1000\x2f1150\x5d \x28not\x2dhired\x29\x0a</data></match></read>
    <read><length>74</length><match><data>   \x3d\x3d\x3e Skill \x231: Chaotic Blink \x3cSPECIAL\x3e\x0a   \x3d\x3d\x3e Skill \x232: No Skill \x3cNone\x3e\x0a</data></match></read>
    <read><length>54</length><match><data>6. Rosaria Curley \x5bLVL 1\x5d \x5bEXP 1000\x2f1150\x5d \x28not\x2dhired\x29\x0a</data></match></read>
    <read><length>70</length><match><data>   \x3d\x3d\x3e Skill \x231: Aurum Surge \x3cNAVAL\x3e\x0a   \x3d\x3d\x3e Skill \x232: No Skill \x3cNone\x3e\x0a</data></match></read>
    <read><length>54</length><match><data>7. Bertie Hodgson \x5bLVL 1\x5d \x5bEXP 1000\x2f1150\x5d \x28not\x2dhired\x29\x0a</data></match></read>
    <read><length>72</length><match><data>   \x3d\x3d\x3e Skill \x231: Dark Calamity \x3cINTEL\x3e\x0a   \x3d\x3d\x3e Skill \x232: No Skill \x3cNone\x3e\x0a</data></match></read>
    <read><length>51</length><match><data>8. Yoko Hauser \x5bLVL 1\x5d \x5bEXP 1000\x2f1150\x5d \x28not\x2dhired\x29\x0a</data></match></read>
    <read><length>76</length><match><data>   \x3d\x3d\x3e Skill \x231: Celestial Attack \x3cAERIAL\x3e\x0a   \x3d\x3d\x3e Skill \x232: No Skill \x3cNone\x3e\x0a</data></match></read>
    <read><length>53</length><match><data>9. Eldon Buckley \x5bLVL 1\x5d \x5bEXP 1000\x2f1150\x5d \x28not\x2dhired\x29\x0a</data></match></read>
    <read><length>73</length><match><data>   \x3d\x3d\x3e Skill \x231: Nebula Cleave \x3cRESCUE\x3e\x0a   \x3d\x3d\x3e Skill \x232: No Skill \x3cNone\x3e\x0a</data></match></read>
    <read><length>54</length><match><data>10. Makeda Spears \x5bLVL 1\x5d \x5bEXP 1000\x2f1150\x5d \x28not\x2dhired\x29\x0a</data></match></read>
    <read><length>76</length><match><data>   \x3d\x3d\x3e Skill \x231: Celestial Attack \x3cAERIAL\x3e\x0a   \x3d\x3d\x3e Skill \x232: No Skill \x3cNone\x3e\x0a</data></match></read>
    <read><length>54</length><match><data>11. Marget Burrow \x5bLVL 1\x5d \x5bEXP 1000\x2f1150\x5d \x28not\x2dhired\x29\x0a</data></match></read>
    <read><length>76</length><match><data>   \x3d\x3d\x3e Skill \x231: Celestial Attack \x3cAERIAL\x3e\x0a   \x3d\x3d\x3e Skill \x232: No Skill \x3cNone\x3e\x0a</data></match></read>
    <read><length>51</length><match><data>12. Hae Ledoux \x5bLVL 1\x5d \x5bEXP 1000\x2f1150\x5d \x28not\x2dhired\x29\x0a</data></match></read>
    <read><length>76</length><match><data>   \x3d\x3d\x3e Skill \x231: Celestial Attack \x3cAERIAL\x3e\x0a   \x3d\x3d\x3e Skill \x232: No Skill \x3cNone\x3e\x0a</data></match></read>
    <read><length>55</length><match><data>13. Joeann Findley \x5bLVL 1\x5d \x5bEXP 1000\x2f1150\x5d \x28not\x2dhired\x29\x0a</data></match></read>
    <read><length>74</length><match><data>   \x3d\x3d\x3e Skill \x231: Chaotic Blink \x3cSPECIAL\x3e\x0a   \x3d\x3d\x3e Skill \x232: No Skill \x3cNone\x3e\x0a</data></match></read>
    <read><length>54</length><match><data>14. Lupita Acosta \x5bLVL 1\x5d \x5bEXP 1000\x2f1150\x5d \x28not\x2dhired\x29\x0a</data></match></read>
    <read><length>74</length><match><data>   \x3d\x3d\x3e Skill \x231: Whirling Burst \x3cGROUND\x3e\x0a   \x3d\x3d\x3e Skill \x232: No Skill \x3cNone\x3e\x0a</data></match></read>
    <read><length>56</length><match><data>15. Eliza Dickinson \x5bLVL 1\x5d \x5bEXP 1000\x2f1150\x5d \x28not\x2dhired\x29\x0a</data></match></read>
    <read><length>74</length><match><data>   \x3d\x3d\x3e Skill \x231: Whirling Burst \x3cGROUND\x3e\x0a   \x3d\x3d\x3e Skill \x232: No Skill \x3cNone\x3e\x0a</data></match></read>
    <read><length>53</length><match><data>16. Aurelia Lyon \x5bLVL 1\x5d \x5bEXP 1000\x2f1150\x5d \x28not\x2dhired\x29\x0a</data></match></read>
    <read><length>80</length><match><data>   \x3d\x3d\x3e Skill \x231: Dark Calamity \x3cINTEL\x3e\x0a   \x3d\x3d\x3e Skill \x232: Chaotic Blink \x3cSPECIAL\x3e\x0a</data></match></read>
    <read><length>56</length><match><data>17. Steffanie Mabry \x5bLVL 1\x5d \x5bEXP 1000\x2f1150\x5d \x28not\x2dhired\x29\x0a</data></match></read>
    <read><length>70</length><match><data>   \x3d\x3d\x3e Skill \x231: Aurum Surge \x3cNAVAL\x3e\x0a   \x3d\x3d\x3e Skill \x232: No Skill \x3cNone\x3e\x0a</data></match></read>
    <read><length>57</length><match><data>18. Claretha Registe \x5bLVL 1\x5d \x5bEXP 1000\x2f1150\x5d \x28not\x2dhired\x29\x0a</data></match></read>
    <read><length>74</length><match><data>   \x3d\x3d\x3e Skill \x231: Whirling Burst \x3cGROUND\x3e\x0a   \x3d\x3d\x3e Skill \x232: No Skill \x3cNone\x3e\x0a</data></match></read>
    <read><length>52</length><match><data>19. Mimi Strunk \x5bLVL 1\x5d \x5bEXP 1000\x2f1150\x5d \x28not\x2dhired\x29\x0a</data></match></read>
    <read><length>74</length><match><data>   \x3d\x3d\x3e Skill \x231: Whirling Burst \x3cGROUND\x3e\x0a   \x3d\x3d\x3e Skill \x232: No Skill \x3cNone\x3e\x0a</data></match></read>
    <read><length>9</length><match><data>\x0aselect\x3e </data></match></read>
    <write><data>14\x0a</data></write>
    <read><length>105</length><match><data>\x0a\x5d\x5d\x5d Explorers \x5b\x5b\x5b\x0a1. Hire explorer\x0a2. View current explorers\x0a3. Remove explorer\x0a4. Learn skills\x0a5. Back\x0a</data></match></read>
    <write><data>5\x0a</data></write>
    <read><length>160</length><match><data>\x0aDay\x2d026 \x3d\x3e \x5b0 mission\x5d \x7c \x5b1 explorer\x5d \x7c \x5b1753 supply\x5d\x0a\x2d\x2d\x2d\x2d\x2d\x2d\x2d\x2d\x2d\x2d\x2d\x2d\x2d\x2d\x2d\x2d\x2d\x2d\x2d\x2d\x2d\x2d\x2d\x2d\x2d\x2d\x2d\x2d\x2d\x2d\x2d\x2d\x2d\x2d\x2d\x2d\x2d\x2d\x2d\x2d\x2d\x2d\x2d\x2d\x2d\x2d\x2d\x2d\x2d\x2d\x2d\x2d\x2d\x2d\x2d\x0a0. Next day!\x0a1. Missions\x0a2. Explorers\x0a3. Give up\x0a</data></match></read>
    <write><data>2\x0a</data></write>
    <read><length>105</length><match><data>\x0a\x5d\x5d\x5d Explorers \x5b\x5b\x5b\x0a1. Hire explorer\x0a2. View current explorers\x0a3. Remove explorer\x0a4. Learn skills\x0a5. Back\x0a</data></match></read>
    <write><data>2\x0a</data></write>
    <read><length>34</length><match><data>\x0a... Current explorers \x281\x2f15\x29 ...\x0a</data></match></read>
    <read><length>49</length><match><data>0. Lupita Acosta \x5bLVL 1\x5d \x5bEXP 1000\x2f1150\x5d \x28hired\x29\x0a</data></match></read>
    <read><length>74</length><match><data>   \x3d\x3d\x3e Skill \x231: Whirling Burst \x3cGROUND\x3e\x0a   \x3d\x3d\x3e Skill \x232: No Skill \x3cNone\x3e\x0a</data></match></read>
    <read><length>105</length><match><data>\x0a\x5d\x5d\x5d Explorers \x5b\x5b\x5b\x0a1. Hire explorer\x0a2. View current explorers\x0a3. Remove explorer\x0a4. Learn skills\x0a5. Back\x0a</data></match></read>
    <write><data>5\x0a</data></write>
    <read><length>160</length><match><data>\x0aDay\x2d026 \x3d\x3e \x5b0 mission\x5d \x7c \x5b1 explorer\x5d \x7c \x5b1753 supply\x5d\x0a\x2d\x2d\x2d\x2d\x2d\x2d\x2d\x2d\x2d\x2d\x2d\x2d\x2d\x2d\x2d\x2d\x2d\x2d\x2d\x2d\x2d\x2d\x2d\x2d\x2d\x2d\x2d\x2d\x2d\x2d\x2d\x2d\x2d\x2d\x2d\x2d\x2d\x2d\x2d\x2d\x2d\x2d\x2d\x2d\x2d\x2d\x2d\x2d\x2d\x2d\x2d\x2d\x2d\x2d\x2d\x0a0. Next day!\x0a1. Missions\x0a2. Explorers\x0a3. Give up\x0a</data></match></read>
    <write><data>2\x0a</data></write>
    <read><length>105</length><match><data>\x0a\x5d\x5d\x5d Explorers \x5b\x5b\x5b\x0a1. Hire explorer\x0a2. View current explorers\x0a3. Remove explorer\x0a4. Learn skills\x0a5. Back\x0a</data></match></read>
    <write><data>4\x0a</data></write>
    <read><length>29</length><match><data>\x0a... Available explorers ...\x0a</data></match></read>
    <read><length>49</length><match><data>0. Lupita Acosta \x5bLVL 1\x5d \x5bEXP 1000\x2f1150\x5d \x28hired\x29\x0a</data></match></read>
    <read><length>74</length><match><data>   \x3d\x3d\x3e Skill \x231: Whirling Burst \x3cGROUND\x3e\x0a   \x3d\x3d\x3e Skill \x232: No Skill \x3cNone\x3e\x0a</data></match></read>
    <read><length>9</length><match><data>\x0aselect\x3e </data></match></read>
    <write><data>0\x0a</data></write>
    <read><length>16</length><match><data>\x0a... Skills ...\x0a</data></match></read>
    <read><length>307</length><match><data>0. \x5bWhirling Burst\x5d \x28counters \x3cGROUND\x3e\x29 \x2d 24 supply\x0a1. \x5bChaotic Blink\x5d \x28counters \x3cSPECIAL\x3e\x29 \x2d 15 supply\x0a2. \x5bAurum Surge\x5d \x28counters \x3cNAVAL\x3e\x29 \x2d 13 supply\x0a3. \x5bCelestial Attack\x5d \x28counters \x3cAERIAL\x3e\x29 \x2d 25 supply\x0a4. \x5bDark Calamity\x5d \x28counters \x3cINTEL\x3e\x29 \x2d 20 supply\x0a5. \x5bNebula Cleave\x5d \x28counters \x3cRESCUE\x3e\x29 \x2d 12 supply\x0a</data></match></read>
    <read><length>9</length><match><data>\x0aselect\x3e </data></match></read>
    <write><data>1\x0a</data></write>
    <read><length>14</length><match><data>\x0aslot? \x281\x2c2\x29\x3e </data></match></read>
    <write><data>2\x0a</data></write>
    <read><length>105</length><match><data>\x0a\x5d\x5d\x5d Explorers \x5b\x5b\x5b\x0a1. Hire explorer\x0a2. View current explorers\x0a3. Remove explorer\x0a4. Learn skills\x0a5. Back\x0a</data></match></read>
    <write><data>5\x0a</data></write>
    <read><length>160</length><match><data>\x0aDay\x2d026 \x3d\x3e \x5b0 mission\x5d \x7c \x5b1 explorer\x5d \x7c \x5b1738 supply\x5d\x0a\x2d\x2d\x2d\x2d\x2d\x2d\x2d\x2d\x2d\x2d\x2d\x2d\x2d\x2d\x2d\x2d\x2d\x2d\x2d\x2d\x2d\x2d\x2d\x2d\x2d\x2d\x2d\x2d\x2d\x2d\x2d\x2d\x2d\x2d\x2d\x2d\x2d\x2d\x2d\x2d\x2d\x2d\x2d\x2d\x2d\x2d\x2d\x2d\x2d\x2d\x2d\x2d\x2d\x2d\x2d\x0a0. Next day!\x0a1. Missions\x0a2. Explorers\x0a3. Give up\x0a</data></match></read>
    <write><data>1\x0a</data></write>
    <read><length>81</length><match><data>\x0a\x5d\x5d\x5d Missions \x5b\x5b\x5b\x0a1. Send mission \x283 available\x29\x0a2. View current missions\x0a3. Back\x0a</data></match></read>
    <write><data>1\x0a</data></write>
    <read><length>28</length><match><data>\x0a... Available missions ...\x0a</data></match></read>
    <read><length>290</length><match><data>0. Curtains Up \x5bLVL 1\x5d \x5bGRP 2\x5d \x5bDUR 9\x5d \x5bCOST 21\x5d \x3cAERIAL\x2cSPECIAL\x3e\x0a   \x3d\x3d\x3e \x2b21 supply\x2c \x2b200 experience\x0a1. Jeopardy \x5bLVL 1\x5d \x5bGRP 1\x5d \x5bDUR 1\x5d \x5bCOST 15\x5d \x3cGROUND\x2cRESCUE\x3e\x0a   \x3d\x3d\x3e \x2b45 supply\x2c \x2b100 experience\x0a2. Green Eyes \x5bLVL 1\x5d \x5bGRP 1\x5d \x5bDUR 8\x5d \x5bCOST 18\x5d \x3cAERIAL\x3e\x0a   \x3d\x3d\x3e \x2b36 supply\x2c \x2b100 experience\x0a</data></match></read>
    <read><length>9</length><match><data>\x0aselect\x3e </data></match></read>
    <write><data>2\x0a</data></write>
    <read><length>29</length><match><data>\x0a... Available explorers ...\x0a</data></match></read>
    <read><length>49</length><match><data>0. Lupita Acosta \x5bLVL 1\x5d \x5bEXP 1000\x2f1150\x5d \x28hired\x29\x0a</data></match></read>
    <read><length>82</length><match><data>   \x3d\x3d\x3e Skill \x231: Whirling Burst \x3cGROUND\x3e\x0a   \x3d\x3d\x3e Skill \x232: Chaotic Blink \x3cSPECIAL\x3e\x0a</data></match></read>
    <read><length>9</length><match><data>\x0aselect\x3e </data></match></read>
    <write><data>0\x0a</data></write>
    <read><length>172</length><match><data>\x0a\x2f\x2f\x2f\x2f\x2f\x2f\x2f\x2f\x2f\x2f\x2f\x2f\x2f\x2f\x2f\x2f\x2f\x2f\x2f\x2f\x2f\x2f\x2f\x2f\x2f\x2f\x2f\x2f\x0aGreen Eyes\x0a\x2f\x2f\x2f\x2f\x2f\x2f\x2f\x2f\x2f\x2f\x2f\x2f\x2f\x2f\x2f\x2f\x2f\x2f\x2f\x2f\x2f\x2f\x2f\x2f\x2f\x2f\x2f\x2f\x0a \x2d Success: 80\x25\x0a \x2d Missing: AERIAL\x0a \x2d Needed: 1\x0a \x2d Supplied: 1\x0a\x2f\x2f\x2f\x2f\x2f\x2f\x2f\x2f\x2f\x2f\x2f\x2f\x2f\x2f\x2f\x2f\x2f\x2f\x2f\x2f\x2f\x2f\x2f\x2f\x2f\x2f\x2f\x2f\x0aconfirm?\x3e </data></match></read>
    <write><data>y\x0a</data></write>
    <read><length>81</length><match><data>\x0a\x5d\x5d\x5d Missions \x5b\x5b\x5b\x0a1. Send mission \x282 available\x29\x0a2. View current missions\x0a3. Back\x0a</data></match></read>
    <write><data>3\x0a</data></write>
    <read><length>160</length><match><data>\x0aDay\x2d026 \x3d\x3e \x5b1 mission\x5d \x7c \x5b1 explorer\x5d \x7c \x5b1720 supply\x5d\x0a\x2d\x2d\x2d\x2d\x2d\x2d\x2d\x2d\x2d\x2d\x2d\x2d\x2d\x2d\x2d\x2d\x2d\x2d\x2d\x2d\x2d\x2d\x2d\x2d\x2d\x2d\x2d\x2d\x2d\x2d\x2d\x2d\x2d\x2d\x2d\x2d\x2d\x2d\x2d\x2d\x2d\x2d\x2d\x2d\x2d\x2d\x2d\x2d\x2d\x2d\x2d\x2d\x2d\x2d\x2d\x0a0. Next day!\x0a1. Missions\x0a2. Explorers\x0a3. Give up\x0a</data></match></read>
    <write><data>1\x0a</data></write>
    <read><length>81</length><match><data>\x0a\x5d\x5d\x5d Missions \x5b\x5b\x5b\x0a1. Send mission \x282 available\x29\x0a2. View current missions\x0a3. Back\x0a</data></match></read>
    <write><data>2\x0a</data></write>
    <read><length>26</length><match><data>\x0a... Current missions ...\x0a</data></match></read>
    <read><length>70</length><match><data>0. Green Eyes \x5b80\x25\x5d \x2d\x2d 8 days left\x0a   \x3d\x3d\x3e \x2b36 supply\x2c \x2b100 experience\x0a</data></match></read>
    <read><length>81</length><match><data>\x0a\x5d\x5d\x5d Missions \x5b\x5b\x5b\x0a1. Send mission \x282 available\x29\x0a2. View current missions\x0a3. Back\x0a</data></match></read>
    <write><data>3\x0a</data></write>
    <read><length>160</length><match><data>\x0aDay\x2d026 \x3d\x3e \x5b1 mission\x5d \x7c \x5b1 explorer\x5d \x7c \x5b1720 supply\x5d\x0a\x2d\x2d\x2d\x2d\x2d\x2d\x2d\x2d\x2d\x2d\x2d\x2d\x2d\x2d\x2d\x2d\x2d\x2d\x2d\x2d\x2d\x2d\x2d\x2d\x2d\x2d\x2d\x2d\x2d\x2d\x2d\x2d\x2d\x2d\x2d\x2d\x2d\x2d\x2d\x2d\x2d\x2d\x2d\x2d\x2d\x2d\x2d\x2d\x2d\x2d\x2d\x2d\x2d\x2d\x2d\x0a0. Next day!\x0a1. Missions\x0a2. Explorers\x0a3. Give up\x0a</data></match></read>
    <write><data>3\x0a</data></write>
    <read><length>5</length><match><data>Boo.\x0a</data></match></read>
</replay>
</pov>