<?xml version="1.0" standalone="no" ?>
<!DOCTYPE pov SYSTEM "/usr/share/cgc-docs/replay.dtd">
<pov>
<cbid>service</cbid>
<seed>237b0c3fe33df018a82223eff8fefb6e2696bd1b91b514f9c11667366928c1c91bdd6118581a793b6c3f0163363f9515</seed>
<replay>
    <read><length>2294</length><match><data>Plant Schematic\x0a\x23\x23\x23\x23\x23\x23\x23\x23\x23\x23\x23\x23\x23\x23\x23\x23\x23\x23\x23\x23\x23\x23\x23\x23\x23\x23\x23\x23\x23\x23\x23\x23\x23\x23\x23\x23\x23\x23\x23\x23\x23\x23\x23\x23\x23\x23\x23\x23\x23\x23\x23\x23\x23\x23\x23\x23\x23\x23\x23\x23\x23\x23\x23\x23\x23\x23\x23\x23\x23\x23\x23\x23\x23\x23\x23\x23\x23\x23\x23\x23\x23\x23\x23\x23\x23\x23\x23\x23\x23\x23\x23\x23\x23\x23\x23\x23\x23\x23\x23\x23\x23\x23\x23\x23\x23\x23\x23\x23\x23\x23\x23\x23\x23\x23\x23\x23\x23\x23\x23\x23\x23\x23\x23\x23\x23\x23\x23\x23\x23\x23\x23\x23\x23\x0a                                         \x2d\x2d\x2d\x2d\x2d\x2d\x2d\x2d                \x2d\x2d\x2d\x2d\x2d\x2d\x2d\x2d\x2d\x2d\x2d               \x2d\x2d\x2d\x2d\x2d\x2d\x2d\x2d\x2d\x2d\x2d\x2d\x2d\x2d\x2d\x2d\x2d                         \x0a                                \x2d\x2d\x2d\x2d\x2d\x2d\x2d\x3e \x7c ASP1 \x7c \x2d\x2d\x2d\x2d\x2d\x2d  \x2d\x2d\x2d\x2d\x2d\x3e \x7c Filter1 \x7c \x2d\x2d\x2d\x2d\x2d  \x2d\x2d\x2d\x2d\x2d\x3e \x7c Disinfection1 \x7c \x2d\x2d\x2d\x2d\x2d                   \x0a                                \x7c        \x2d\x2d\x2d\x2d\x2d\x2d\x2d\x2d      \x7c  \x7c      \x2d\x2d\x2d\x2d\x2d\x2d\x2d\x2d\x2d\x2d\x2d     \x7c  \x7c      \x2d\x2d\x2d\x2d\x2d\x2d\x2d\x2d\x2d\x2d\x2d\x2d\x2d\x2d\x2d\x2d\x2d     \x7c                   \x0a                                \x7c                      \x7c  \x7c                      \x7c  \x7c                            \x7c                   \x0a                                \x7c                      \x7c  \x7c                      \x7c  \x7c                            \x7c                   \x0a                                0                      v  0                      v  0                            v                   \x0a            \x2d\x2d\x2d\x2d\x2d\x2d\x2d\x2d\x2d\x2d\x2d\x2d\x2d     \x2d\x2d\x2d\x2d\x2d\x2d     \x2d\x2d\x2d\x2d\x2d\x2d\x2d\x2d     \x2d\x2d\x2d\x2d\x2d\x2d     \x2d\x2d\x2d\x2d\x2d\x2d\x2d\x2d\x2d\x2d\x2d    \x2d\x2d\x2d\x2d\x2d\x2d     \x2d\x2d\x2d\x2d\x2d\x2d\x2d\x2d\x2d\x2d\x2d\x2d\x2d\x2d\x2d\x2d\x2d    \x2d\x2d\x2d\x2d\x2d\x2d               \x0aInfluent \x2d\x3e \x7c Headworks \x7c \x2d\x2d\x3e \x7c V1 \x7c 1\x2d\x3e \x7c ASP2 \x7c \x2d\x2d\x3e \x7c V2 \x7c 1\x2d\x3e \x7c Filter2 \x7c \x2d\x3e \x7c V3 \x7c 1\x2d\x3e \x7c Disinfection2 \x7c \x2d\x3e \x7c V4 \x7c 0\x2d\x3e Effluent  \x0a            \x2d\x2d\x2d\x2d\x2d\x2d\x2d\x2d\x2d\x2d\x2d\x2d\x2d     \x2d\x2d\x2d\x2d\x2d\x2d     \x2d\x2d\x2d\x2d\x2d\x2d\x2d\x2d     \x2d\x2d\x2d\x2d\x2d\x2d     \x2d\x2d\x2d\x2d\x2d\x2d\x2d\x2d\x2d\x2d\x2d    \x2d\x2d\x2d\x2d\x2d\x2d     \x2d\x2d\x2d\x2d\x2d\x2d\x2d\x2d\x2d\x2d\x2d\x2d\x2d\x2d\x2d\x2d\x2d    \x2d\x2d\x2d\x2d\x2d\x2d               \x0a                                2                      \x5e  2                      \x5e  2                            \x5e                   \x0a                                \x7c                      \x7c  \x7c                      \x7c  \x7c                            \x7c                   \x0a                                \x7c                      \x7c  \x7c                      \x7c  \x7c                            \x7c                   \x0a                                \x7c        \x2d\x2d\x2d\x2d\x2d\x2d\x2d\x2d      \x7c  \x7c      \x2d\x2d\x2d\x2d\x2d\x2d\x2d\x2d\x2d\x2d\x2d     \x7c  \x7c      \x2d\x2d\x2d\x2d\x2d\x2d\x2d\x2d\x2d\x2d\x2d\x2d\x2d\x2d\x2d\x2d\x2d     \x7c                   \x0a                                \x2d\x2d\x2d\x2d\x2d\x2d\x2d\x3e \x7c ASP3 \x7c \x2d\x2d\x2d\x2d\x2d\x2d  \x2d\x2d\x2d\x2d\x2d\x3e \x7c Filter3 \x7c \x2d\x2d\x2d\x2d\x2d  \x2d\x2d\x2d\x2d\x2d\x3e \x7c Disinfection3 \x7c \x2d\x2d\x2d\x2d\x2d                   \x0a                                         \x2d\x2d\x2d\x2d\x2d\x2d\x2d\x2d                \x2d\x2d\x2d\x2d\x2d\x2d\x2d\x2d\x2d\x2d\x2d               \x2d\x2d\x2d\x2d\x2d\x2d\x2d\x2d\x2d\x2d\x2d\x2d\x2d\x2d\x2d\x2d\x2d                         \x0a\x23\x23\x23\x23\x23\x23\x23\x23\x23\x23\x23\x23\x23\x23\x23\x23\x23\x23\x23\x23\x23\x23\x23\x23\x23\x23\x23\x23\x23\x23\x23\x23\x23\x23\x23\x23\x23\x23\x23\x23\x23\x23\x23\x23\x23\x23\x23\x23\x23\x23\x23\x23\x23\x23\x23\x23\x23\x23\x23\x23\x23\x23\x23\x23\x23\x23\x23\x23\x23\x23\x23\x23\x23\x23\x23\x23\x23\x23\x23\x23\x23\x23\x23\x23\x23\x23\x23\x23\x23\x23\x23\x23\x23\x23\x23\x23\x23\x23\x23\x23\x23\x23\x23\x23\x23\x23\x23\x23\x23\x23\x23\x23\x23\x23\x23\x23\x23\x23\x23\x23\x23\x23\x23\x23\x23\x23\x23\x23\x23\x23\x23\x23\x23\x0a</data></match></read>
    <read><length>3180</length><match><data>Plant Status\x0a\x23\x23\x23\x23\x23\x23\x23\x23\x23\x23\x23\x23\x23\x23\x23\x23\x23\x23\x23\x23\x23\x23\x23\x23\x23\x23\x23\x23\x23\x23\x23\x23\x23\x23\x23\x23\x23\x23\x23\x23\x23\x23\x23\x23\x23\x23\x23\x23\x23\x23\x23\x23\x23\x23\x23\x23\x23\x23\x23\x23\x23\x23\x23\x23\x23\x23\x23\x23\x23\x23\x23\x23\x23\x23\x23\x23\x23\x23\x23\x23\x23\x23\x23\x23\x23\x23\x23\x23\x23\x23\x23\x23\x23\x23\x23\x23\x23\x23\x23\x23\x23\x23\x23\x23\x23\x23\x23\x23\x23\x23\x23\x23\x23\x23\x23\x23\x23\x23\x23\x23\x23\x23\x23\x23\x23\x23\x23\x23\x23\x23\x23\x23\x23\x0aUnits\x0aFlow \x2d MGD\x0aCBOD\x2c TSS\x2c TN\x2c TP \x2d lbs\x2fday\x0aAeration\x2c Glycerin\x5fRate\x2c Alum\x5frate\x2c OutputPct \x2d percent\x0a\x0aInfluent       \x7c      Flow       CBOD        TSS         TN         TP\x0a\x2d\x2d\x2d\x2d\x2d\x2d\x2d\x2d\x2d\x2d\x2d\x2d\x2d\x2d\x2d\x7c\x2d\x2d\x2d\x2d\x2d\x2d\x2d\x2d\x2d\x2d\x2d\x2d\x2d\x2d\x2d\x2d\x2d\x2d\x2d\x2d\x2d\x2d\x2d\x2d\x2d\x2d\x2d\x2d\x2d\x2d\x2d\x2d\x2d\x2d\x2d\x2d\x2d\x2d\x2d\x2d\x2d\x2d\x2d\x2d\x2d\x2d\x2d\x2d\x2d\x2d\x2d\x2d\x2d\x2d\x0aInfluent       \x7c      1.60    2680.00    3300.00     540.00      94.00\x0a\x0aHeadworks      \x7c      Flow       CBOD        TSS         TN         TP\x0a\x2d\x2d\x2d\x2d\x2d\x2d\x2d\x2d\x2d\x2d\x2d\x2d\x2d\x2d\x2d\x7c\x2d\x2d\x2d\x2d\x2d\x2d\x2d\x2d\x2d\x2d\x2d\x2d\x2d\x2d\x2d\x2d\x2d\x2d\x2d\x2d\x2d\x2d\x2d\x2d\x2d\x2d\x2d\x2d\x2d\x2d\x2d\x2d\x2d\x2d\x2d\x2d\x2d\x2d\x2d\x2d\x2d\x2d\x2d\x2d\x2d\x2d\x2d\x2d\x2d\x2d\x2d\x2d\x2d\x2d\x0aHeadworks      \x7c      1.60    2680.00    2310.00     540.00      94.00\x0a\x0aASPs           \x7c      Flow       CBOD        TSS         TN         TP     Aeration     Glycerin\x5fRate    Alum\x5fRate\x0a\x2d\x2d\x2d\x2d\x2d\x2d\x2d\x2d\x2d\x2d\x2d\x2d\x2d\x2d\x2d\x7c\x2d\x2d\x2d\x2d\x2d\x2d\x2d\x2d\x2d\x2d\x2d\x2d\x2d\x2d\x2d\x2d\x2d\x2d\x2d\x2d\x2d\x2d\x2d\x2d\x2d\x2d\x2d\x2d\x2d\x2d\x2d\x2d\x2d\x2d\x2d\x2d\x2d\x2d\x2d\x2d\x2d\x2d\x2d\x2d\x2d\x2d\x2d\x2d\x2d\x2d\x2d\x2d\x2d\x2d\x2d\x2d\x2d\x2d\x2d\x2d\x2d\x2d\x2d\x2d\x2d\x2d\x2d\x2d\x2d\x2d\x2d\x2d\x2d\x2d\x2d\x2d\x2d\x2d\x2d\x2d\x2d\x2d\x2d\x2d\x2d\x2d\x2d\x2d\x2d\x2d\x2d\x2d\x2d\x2d\x2d\x2d\x2d\x2d\x0aAsp0           \x7c      0.53     207.00      77.00     142.59       0.00        50.00              4.00        20.00\x0aAsp1           \x7c      0.53     207.00      77.00     142.59       0.00        50.00              4.00        20.00\x0aAsp2           \x7c      0.53     207.00      77.00     142.59       0.00        50.00              4.00        20.00\x0a\x0aFilters        \x7c      Flow       CBOD        TSS         TN         TP     Num\x5fActive\x5fFilters\x0a\x2d\x2d\x2d\x2d\x2d\x2d\x2d\x2d\x2d\x2d\x2d\x2d\x2d\x2d\x2d\x7c\x2d\x2d\x2d\x2d\x2d\x2d\x2d\x2d\x2d\x2d\x2d\x2d\x2d\x2d\x2d\x2d\x2d\x2d\x2d\x2d\x2d\x2d\x2d\x2d\x2d\x2d\x2d\x2d\x2d\x2d\x2d\x2d\x2d\x2d\x2d\x2d\x2d\x2d\x2d\x2d\x2d\x2d\x2d\x2d\x2d\x2d\x2d\x2d\x2d\x2d\x2d\x2d\x2d\x2d\x2d\x2d\x2d\x2d\x2d\x2d\x2d\x2d\x2d\x2d\x2d\x2d\x2d\x2d\x2d\x2d\x2d\x2d\x2d\x2d\x2d\x2d\x2d\x0aFilter0        \x7c      0.53     207.00      11.55     142.59       0.00                      1\x0aFilter1        \x7c      0.53     207.00       3.85     142.59       0.00                      2\x0aFilter2        \x7c      0.53     207.00       3.85     142.59       0.00                      2\x0a\x0aDisinfection   \x7c      Flow       CBOD        TSS         TN         TP     Chlorine\x5fRate\x0a\x2d\x2d\x2d\x2d\x2d\x2d\x2d\x2d\x2d\x2d\x2d\x2d\x2d\x2d\x2d\x7c\x2d\x2d\x2d\x2d\x2d\x2d\x2d\x2d\x2d\x2d\x2d\x2d\x2d\x2d\x2d\x2d\x2d\x2d\x2d\x2d\x2d\x2d\x2d\x2d\x2d\x2d\x2d\x2d\x2d\x2d\x2d\x2d\x2d\x2d\x2d\x2d\x2d\x2d\x2d\x2d\x2d\x2d\x2d\x2d\x2d\x2d\x2d\x2d\x2d\x2d\x2d\x2d\x2d\x2d\x2d\x2d\x2d\x2d\x2d\x2d\x2d\x2d\x2d\x2d\x2d\x2d\x2d\x2d\x2d\x2d\x2d\x2d\x0aDisinfection0  \x7c      0.53     207.00       6.42     139.96       0.00              1.00\x0aDisinfection1  \x7c      0.53     207.00       6.42     139.96       0.00              1.00\x0aDisinfection2  \x7c      0.53     207.00       6.42     139.96       0.00              1.00\x0a\x0aEffluent       \x7c      Flow       CBOD        TSS         TN         TP          Quality\x5fFailures\x0a\x2d\x2d\x2d\x2d\x2d\x2d\x2d\x2d\x2d\x2d\x2d\x2d\x2d\x2d\x2d\x7c\x2d\x2d\x2d\x2d\x2d\x2d\x2d\x2d\x2d\x2d\x2d\x2d\x2d\x2d\x2d\x2d\x2d\x2d\x2d\x2d\x2d\x2d\x2d\x2d\x2d\x2d\x2d\x2d\x2d\x2d\x2d\x2d\x2d\x2d\x2d\x2d\x2d\x2d\x2d\x2d\x2d\x2d\x2d\x2d\x2d\x2d\x2d\x2d\x2d\x2d\x2d\x2d\x2d\x2d\x2d\x2d\x2d\x2d\x2d\x2d\x2d\x2d\x2d\x2d\x2d\x2d\x2d\x2d\x2d\x2d\x2d\x2d\x2d\x2d\x2d\x2d\x2d\x2d\x2d\x2d\x0aEffluent       \x7c      1.60     621.00      19.25     419.88       0.00                         0\x0a\x0aValves         \x7c    OutputPct\x5b0\x5d    OutputPct\x5b1\x5d    OutputPct\x5b2\x5d    OutputPct\x5b3\x5d    OutputPct\x5b4\x5d\x0a\x2d\x2d\x2d\x2d\x2d\x2d\x2d\x2d\x2d\x2d\x2d\x2d\x2d\x2d\x2d\x7c\x2d\x2d\x2d\x2d\x2d\x2d\x2d\x2d\x2d\x2d\x2d\x2d\x2d\x2d\x2d\x2d\x2d\x2d\x2d\x2d\x2d\x2d\x2d\x2d\x2d\x2d\x2d\x2d\x2d\x2d\x2d\x2d\x2d\x2d\x2d\x2d\x2d\x2d\x2d\x2d\x2d\x2d\x2d\x2d\x2d\x2d\x2d\x2d\x2d\x2d\x2d\x2d\x2d\x2d\x2d\x2d\x2d\x2d\x2d\x2d\x2d\x2d\x2d\x2d\x2d\x2d\x2d\x2d\x2d\x2d\x2d\x2d\x2d\x2d\x2d\x2d\x2d\x2d\x2d\x2d\x0aV1             \x7c           33.33           33.33           33.33            0.00            0.00\x0aV2             \x7c           33.33           33.33           33.33            0.00            0.00\x0aV3             \x7c           33.33           33.33           33.33            0.00            0.00\x0aV4             \x7c          100.00            0.00            0.00            0.00            0.00\x0a\x23\x23\x23\x23\x23\x23\x23\x23\x23\x23\x23\x23\x23\x23\x23\x23\x23\x23\x23\x23\x23\x23\x23\x23\x23\x23\x23\x23\x23\x23\x23\x23\x23\x23\x23\x23\x23\x23\x23\x23\x23\x23\x23\x23\x23\x23\x23\x23\x23\x23\x23\x23\x23\x23\x23\x23\x23\x23\x23\x23\x23\x23\x23\x23\x23\x23\x23\x23\x23\x23\x23\x23\x23\x23\x23\x23\x23\x23\x23\x23\x23\x23\x23\x23\x23\x23\x23\x23\x23\x23\x23\x23\x23\x23\x23\x23\x23\x23\x23\x23\x23\x23\x23\x23\x23\x23\x23\x23\x23\x23\x23\x23\x23\x23\x23\x23\x23\x23\x23\x23\x23\x23\x23\x23\x23\x23\x23\x23\x23\x23\x23\x23\x23\x0a\x0a\x0a</data></match></read>
    <read><length>243</length><match><data>Welcome to the Wastewater Treatement Plant Simulator\x0a\x23\x23\x23\x23\x23\x23\x23\x23\x23\x23\x23\x23\x23\x23\x23\x23\x23\x23\x23\x23\x23\x23\x23\x23\x23\x23\x23\x23\x23\x23\x23\x23\x23\x23\x23\x23\x23\x23\x23\x23\x23\x23\x23\x23\x23\x23\x23\x23\x23\x23\x23\x0aYour job is to take the plant described in the schematic above and make potable water.\x0aThe simulation starts with a random plant status.\x0a\x0a</data></match></read>
    <read><length>265</length><match><data>Wastewater Treatment Plant Simulation\x0aSimulation Hour 0\x0a1. Print plant schematic\x0a2. Print plant status\x0a3. Control Activated Sludge Process \x28ASP\x29\x0a4. Control Filters\x0a5. Control Disinfection\x0a6. Control Valves\x0a7. Rename System\x0a8. Run Simulation Step\x0a9. Exit\x0aSelection: </data></match></read>
    <!-- CheckValves -->
    <write><data>6\x0a</data></write>
    <read><length>186</length><match><data>1. Change valve V1 output percentage\x0a2. Change valve V2 output percentage\x0a3. Change valve V3 output percentage\x0a4. Change valve V4 output percentage\x0a5. Return to previous menu\x0aSelection: </data></match></read>
    <write><data>1\x0a</data></write>
    <read><delim>: </delim><match><data>Valve Output: </data></match></read>
    <write><data>0\x0a</data></write>
    <read><delim>: </delim><match><data>Percent Open \x280.00\x2d100.00\x29:</data></match></read>
    <write><data>52.18\x0a</data></write>
    <read><length>186</length><match><data>1. Change valve V1 output percentage\x0a2. Change valve V2 output percentage\x0a3. Change valve V3 output percentage\x0a4. Change valve V4 output percentage\x0a5. Return to previous menu\x0aSelection: </data></match></read>
    <write><data>1\x0a</data></write>
    <read><delim>: </delim><match><data>Valve Output: </data></match></read>
    <write><data>1\x0a</data></write>
    <read><delim>: </delim><match><data>Percent Open \x280.00\x2d100.00\x29:</data></match></read>
    <write><data>58.90\x0a</data></write>
    <read><length>186</length><match><data>1. Change valve V1 output percentage\x0a2. Change valve V2 output percentage\x0a3. Change valve V3 output percentage\x0a4. Change valve V4 output percentage\x0a5. Return to previous menu\x0aSelection: </data></match></read>
    <write><data>1\x0a</data></write>
    <read><delim>: </delim><match><data>Valve Output: </data></match></read>
    <write><data>2\x0a</data></write>
    <read><delim>: </delim><match><data>Percent Open \x280.00\x2d100.00\x29:</data></match></read>
    <write><data>41.09\x0a</data></write>
    <read><length>186</length><match><data>1. Change valve V1 output percentage\x0a2. Change valve V2 output percentage\x0a3. Change valve V3 output percentage\x0a4. Change valve V4 output percentage\x0a5. Return to previous menu\x0aSelection: </data></match></read>
    <write><data>2\x0a</data></write>
    <read><delim>: </delim><match><data>Valve Output: </data></match></read>
    <write><data>0\x0a</data></write>
    <read><delim>: </delim><match><data>Percent Open \x280.00\x2d100.00\x29:</data></match></read>
    <write><data>93.08\x0a</data></write>
    <read><length>186</length><match><data>1. Change valve V1 output percentage\x0a2. Change valve V2 output percentage\x0a3. Change valve V3 output percentage\x0a4. Change valve V4 output percentage\x0a5. Return to previous menu\x0aSelection: </data></match></read>
    <write><data>2\x0a</data></write>
    <read><delim>: </delim><match><data>Valve Output: </data></match></read>
    <write><data>1\x0a</data></write>
    <read><delim>: </delim><match><data>Percent Open \x280.00\x2d100.00\x29:</data></match></read>
    <write><data>61.54\x0a</data></write>
    <read><length>186</length><match><data>1. Change valve V1 output percentage\x0a2. Change valve V2 output percentage\x0a3. Change valve V3 output percentage\x0a4. Change valve V4 output percentage\x0a5. Return to previous menu\x0aSelection: </data></match></read>
    <write><data>2\x0a</data></write>
    <read><delim>: </delim><match><data>Valve Output: </data></match></read>
    <write><data>2\x0a</data></write>
    <read><delim>: </delim><match><data>Percent Open \x280.00\x2d100.00\x29:</data></match></read>
    <write><data>19.62\x0a</data></write>
    <read><length>186</length><match><data>1. Change valve V1 output percentage\x0a2. Change valve V2 output percentage\x0a3. Change valve V3 output percentage\x0a4. Change valve V4 output percentage\x0a5. Return to previous menu\x0aSelection: </data></match></read>
    <write><data>3\x0a</data></write>
    <read><delim>: </delim><match><data>Valve Output: </data></match></read>
    <write><data>0\x0a</data></write>
    <read><delim>: </delim><match><data>Percent Open \x280.00\x2d100.00\x29:</data></match></read>
    <write><data>95.04\x0a</data></write>
    <read><length>186</length><match><data>1. Change valve V1 output percentage\x0a2. Change valve V2 output percentage\x0a3. Change valve V3 output percentage\x0a4. Change valve V4 output percentage\x0a5. Return to previous menu\x0aSelection: </data></match></read>
    <write><data>3\x0a</data></write>
    <read><delim>: </delim><match><data>Valve Output: </data></match></read>
    <write><data>1\x0a</data></write>
    <read><delim>: </delim><match><data>Percent Open \x280.00\x2d100.00\x29:</data></match></read>
    <write><data>19.86\x0a</data></write>
    <read><length>186</length><match><data>1. Change valve V1 output percentage\x0a2. Change valve V2 output percentage\x0a3. Change valve V3 output percentage\x0a4. Change valve V4 output percentage\x0a5. Return to previous menu\x0aSelection: </data></match></read>
    <write><data>4\x0a</data></write>
    <read><delim>: </delim><match><data>Valve Output: </data></match></read>
    <write><data>0\x0a</data></write>
    <read><delim>: </delim><match><data>Percent Open \x280.00\x2d100.00\x29:</data></match></read>
    <write><data>83.24\x0a</data></write>
    <read><length>186</length><match><data>1. Change valve V1 output percentage\x0a2. Change valve V2 output percentage\x0a3. Change valve V3 output percentage\x0a4. Change valve V4 output percentage\x0a5. Return to previous menu\x0aSelection: </data></match></read>
    <write><data>4\x0a</data></write>
    <read><delim>: </delim><match><data>Valve Output: </data></match></read>
    <write><data>1\x0a</data></write>
    <read><delim>: </delim><match><data>Percent Open \x280.00\x2d100.00\x29:</data></match></read>
    <write><data>56.67\x0a</data></write>
    <read><length>186</length><match><data>1. Change valve V1 output percentage\x0a2. Change valve V2 output percentage\x0a3. Change valve V3 output percentage\x0a4. Change valve V4 output percentage\x0a5. Return to previous menu\x0aSelection: </data></match></read>
    <write><data>5\x0a</data></write>
    <read><length>265</length><match><data>Wastewater Treatment Plant Simulation\x0aSimulation Hour 0\x0a1. Print plant schematic\x0a2. Print plant status\x0a3. Control Activated Sludge Process \x28ASP\x29\x0a4. Control Filters\x0a5. Control Disinfection\x0a6. Control Valves\x0a7. Rename System\x0a8. Run Simulation Step\x0a9. Exit\x0aSelection: </data></match></read>
    <write><data>2\x0a</data></write>
    <read><length>3180</length><match><data>Plant Status\x0a\x23\x23\x23\x23\x23\x23\x23\x23\x23\x23\x23\x23\x23\x23\x23\x23\x23\x23\x23\x23\x23\x23\x23\x23\x23\x23\x23\x23\x23\x23\x23\x23\x23\x23\x23\x23\x23\x23\x23\x23\x23\x23\x23\x23\x23\x23\x23\x23\x23\x23\x23\x23\x23\x23\x23\x23\x23\x23\x23\x23\x23\x23\x23\x23\x23\x23\x23\x23\x23\x23\x23\x23\x23\x23\x23\x23\x23\x23\x23\x23\x23\x23\x23\x23\x23\x23\x23\x23\x23\x23\x23\x23\x23\x23\x23\x23\x23\x23\x23\x23\x23\x23\x23\x23\x23\x23\x23\x23\x23\x23\x23\x23\x23\x23\x23\x23\x23\x23\x23\x23\x23\x23\x23\x23\x23\x23\x23\x23\x23\x23\x23\x23\x23\x0aUnits\x0aFlow \x2d MGD\x0aCBOD\x2c TSS\x2c TN\x2c TP \x2d lbs\x2fday\x0aAeration\x2c Glycerin\x5fRate\x2c Alum\x5frate\x2c OutputPct \x2d percent\x0a\x0aInfluent       \x7c      Flow       CBOD        TSS         TN         TP\x0a\x2d\x2d\x2d\x2d\x2d\x2d\x2d\x2d\x2d\x2d\x2d\x2d\x2d\x2d\x2d\x7c\x2d\x2d\x2d\x2d\x2d\x2d\x2d\x2d\x2d\x2d\x2d\x2d\x2d\x2d\x2d\x2d\x2d\x2d\x2d\x2d\x2d\x2d\x2d\x2d\x2d\x2d\x2d\x2d\x2d\x2d\x2d\x2d\x2d\x2d\x2d\x2d\x2d\x2d\x2d\x2d\x2d\x2d\x2d\x2d\x2d\x2d\x2d\x2d\x2d\x2d\x2d\x2d\x2d\x2d\x0aInfluent       \x7c      1.60    2680.00    3300.00     540.00      94.00\x0a\x0aHeadworks      \x7c      Flow       CBOD        TSS         TN         TP\x0a\x2d\x2d\x2d\x2d\x2d\x2d\x2d\x2d\x2d\x2d\x2d\x2d\x2d\x2d\x2d\x7c\x2d\x2d\x2d\x2d\x2d\x2d\x2d\x2d\x2d\x2d\x2d\x2d\x2d\x2d\x2d\x2d\x2d\x2d\x2d\x2d\x2d\x2d\x2d\x2d\x2d\x2d\x2d\x2d\x2d\x2d\x2d\x2d\x2d\x2d\x2d\x2d\x2d\x2d\x2d\x2d\x2d\x2d\x2d\x2d\x2d\x2d\x2d\x2d\x2d\x2d\x2d\x2d\x2d\x2d\x0aHeadworks      \x7c      1.60    2680.00    2310.00     540.00      94.00\x0a\x0aASPs           \x7c      Flow       CBOD        TSS         TN         TP     Aeration     Glycerin\x5fRate    Alum\x5fRate\x0a\x2d\x2d\x2d\x2d\x2d\x2d\x2d\x2d\x2d\x2d\x2d\x2d\x2d\x2d\x2d\x7c\x2d\x2d\x2d\x2d\x2d\x2d\x2d\x2d\x2d\x2d\x2d\x2d\x2d\x2d\x2d\x2d\x2d\x2d\x2d\x2d\x2d\x2d\x2d\x2d\x2d\x2d\x2d\x2d\x2d\x2d\x2d\x2d\x2d\x2d\x2d\x2d\x2d\x2d\x2d\x2d\x2d\x2d\x2d\x2d\x2d\x2d\x2d\x2d\x2d\x2d\x2d\x2d\x2d\x2d\x2d\x2d\x2d\x2d\x2d\x2d\x2d\x2d\x2d\x2d\x2d\x2d\x2d\x2d\x2d\x2d\x2d\x2d\x2d\x2d\x2d\x2d\x2d\x2d\x2d\x2d\x2d\x2d\x2d\x2d\x2d\x2d\x2d\x2d\x2d\x2d\x2d\x2d\x2d\x2d\x2d\x2d\x2d\x2d\x0aAsp0           \x7c      0.53     207.00      77.00     142.59       0.00        50.00              4.00        20.00\x0aAsp1           \x7c      0.53     207.00      77.00     142.59       0.00        50.00              4.00        20.00\x0aAsp2           \x7c      0.53     207.00      77.00     142.59       0.00        50.00              4.00        20.00\x0a\x0aFilters        \x7c      Flow       CBOD        TSS         TN         TP     Num\x5fActive\x5fFilters\x0a\x2d\x2d\x2d\x2d\x2d\x2d\x2d\x2d\x2d\x2d\x2d\x2d\x2d\x2d\x2d\x7c\x2d\x2d\x2d\x2d\x2d\x2d\x2d\x2d\x2d\x2d\x2d\x2d\x2d\x2d\x2d\x2d\x2d\x2d\x2d\x2d\x2d\x2d\x2d\x2d\x2d\x2d\x2d\x2d\x2d\x2d\x2d\x2d\x2d\x2d\x2d\x2d\x2d\x2d\x2d\x2d\x2d\x2d\x2d\x2d\x2d\x2d\x2d\x2d\x2d\x2d\x2d\x2d\x2d\x2d\x2d\x2d\x2d\x2d\x2d\x2d\x2d\x2d\x2d\x2d\x2d\x2d\x2d\x2d\x2d\x2d\x2d\x2d\x2d\x2d\x2d\x2d\x2d\x0aFilter0        \x7c      0.53     207.00      11.55     142.59       0.00                      1\x0aFilter1        \x7c      0.53     207.00       3.85     142.59       0.00                      2\x0aFilter2        \x7c      0.53     207.00       3.85     142.59       0.00                      2\x0a\x0aDisinfection   \x7c      Flow       CBOD        TSS         TN         TP     Chlorine\x5fRate\x0a\x2d\x2d\x2d\x2d\x2d\x2d\x2d\x2d\x2d\x2d\x2d\x2d\x2d\x2d\x2d\x7c\x2d\x2d\x2d\x2d\x2d\x2d\x2d\x2d\x2d\x2d\x2d\x2d\x2d\x2d\x2d\x2d\x2d\x2d\x2d\x2d\x2d\x2d\x2d\x2d\x2d\x2d\x2d\x2d\x2d\x2d\x2d\x2d\x2d\x2d\x2d\x2d\x2d\x2d\x2d\x2d\x2d\x2d\x2d\x2d\x2d\x2d\x2d\x2d\x2d\x2d\x2d\x2d\x2d\x2d\x2d\x2d\x2d\x2d\x2d\x2d\x2d\x2d\x2d\x2d\x2d\x2d\x2d\x2d\x2d\x2d\x2d\x2d\x0aDisinfection0  \x7c      0.53     207.00       6.42     139.96       0.00              1.00\x0aDisinfection1  \x7c      0.53     207.00       6.42     139.96       0.00              1.00\x0aDisinfection2  \x7c      0.53     207.00       6.42     139.96       0.00              1.00\x0a\x0aEffluent       \x7c      Flow       CBOD        TSS         TN         TP          Quality\x5fFailures\x0a\x2d\x2d\x2d\x2d\x2d\x2d\x2d\x2d\x2d\x2d\x2d\x2d\x2d\x2d\x2d\x7c\x2d\x2d\x2d\x2d\x2d\x2d\x2d\x2d\x2d\x2d\x2d\x2d\x2d\x2d\x2d\x2d\x2d\x2d\x2d\x2d\x2d\x2d\x2d\x2d\x2d\x2d\x2d\x2d\x2d\x2d\x2d\x2d\x2d\x2d\x2d\x2d\x2d\x2d\x2d\x2d\x2d\x2d\x2d\x2d\x2d\x2d\x2d\x2d\x2d\x2d\x2d\x2d\x2d\x2d\x2d\x2d\x2d\x2d\x2d\x2d\x2d\x2d\x2d\x2d\x2d\x2d\x2d\x2d\x2d\x2d\x2d\x2d\x2d\x2d\x2d\x2d\x2d\x2d\x2d\x2d\x0aEffluent       \x7c      1.60     621.00      19.25     419.88       0.00                         0\x0a\x0aValves         \x7c    OutputPct\x5b0\x5d    OutputPct\x5b1\x5d    OutputPct\x5b2\x5d    OutputPct\x5b3\x5d    OutputPct\x5b4\x5d\x0a\x2d\x2d\x2d\x2d\x2d\x2d\x2d\x2d\x2d\x2d\x2d\x2d\x2d\x2d\x2d\x7c\x2d\x2d\x2d\x2d\x2d\x2d\x2d\x2d\x2d\x2d\x2d\x2d\x2d\x2d\x2d\x2d\x2d\x2d\x2d\x2d\x2d\x2d\x2d\x2d\x2d\x2d\x2d\x2d\x2d\x2d\x2d\x2d\x2d\x2d\x2d\x2d\x2d\x2d\x2d\x2d\x2d\x2d\x2d\x2d\x2d\x2d\x2d\x2d\x2d\x2d\x2d\x2d\x2d\x2d\x2d\x2d\x2d\x2d\x2d\x2d\x2d\x2d\x2d\x2d\x2d\x2d\x2d\x2d\x2d\x2d\x2d\x2d\x2d\x2d\x2d\x2d\x2d\x2d\x2d\x2d\x0aV1             \x7c           52.18           58.90           41.09            0.00            0.00\x0aV2             \x7c           93.08           61.54           19.62            0.00            0.00\x0aV3             \x7c           95.04           19.86           33.33            0.00            0.00\x0aV4             \x7c           83.24            0.00            0.00            0.00            0.00\x0a\x23\x23\x23\x23\x23\x23\x23\x23\x23\x23\x23\x23\x23\x23\x23\x23\x23\x23\x23\x23\x23\x23\x23\x23\x23\x23\x23\x23\x23\x23\x23\x23\x23\x23\x23\x23\x23\x23\x23\x23\x23\x23\x23\x23\x23\x23\x23\x23\x23\x23\x23\x23\x23\x23\x23\x23\x23\x23\x23\x23\x23\x23\x23\x23\x23\x23\x23\x23\x23\x23\x23\x23\x23\x23\x23\x23\x23\x23\x23\x23\x23\x23\x23\x23\x23\x23\x23\x23\x23\x23\x23\x23\x23\x23\x23\x23\x23\x23\x23\x23\x23\x23\x23\x23\x23\x23\x23\x23\x23\x23\x23\x23\x23\x23\x23\x23\x23\x23\x23\x23\x23\x23\x23\x23\x23\x23\x23\x23\x23\x23\x23\x23\x23\x0a\x0a\x0a</data></match></read>
    <read><length>265</length><match><data>Wastewater Treatment Plant Simulation\x0aSimulation Hour 0\x0a1. Print plant schematic\x0a2. Print plant status\x0a3. Control Activated Sludge Process \x28ASP\x29\x0a4. Control Filters\x0a5. Control Disinfection\x0a6. Control Valves\x0a7. Rename System\x0a8. Run Simulation Step\x0a9. Exit\x0aSelection: </data></match></read>
    <!-- EndSimEarly -->
    <write><data>9\x0a</data></write>
    <read><delim>\x0a</delim><match><data>Ending simulation at less than 24 hours.\x0a</data></match></read>
</replay>
</pov>