<?xml version="1.0" standalone="no" ?>
<!DOCTYPE pov SYSTEM "/usr/share/cgc-docs/replay.dtd">
<pov>
<cbid>service</cbid>
<seed>468e1ef0a88dbd23c33b9f39c3d373ded5ffff97b701568801ebc433bd2aa5ad4add21f83300e3b81e958109320e23e4</seed>
<replay>
    <read><length>2294</length><match><data>Plant Schematic\x0a\x23\x23\x23\x23\x23\x23\x23\x23\x23\x23\x23\x23\x23\x23\x23\x23\x23\x23\x23\x23\x23\x23\x23\x23\x23\x23\x23\x23\x23\x23\x23\x23\x23\x23\x23\x23\x23\x23\x23\x23\x23\x23\x23\x23\x23\x23\x23\x23\x23\x23\x23\x23\x23\x23\x23\x23\x23\x23\x23\x23\x23\x23\x23\x23\x23\x23\x23\x23\x23\x23\x23\x23\x23\x23\x23\x23\x23\x23\x23\x23\x23\x23\x23\x23\x23\x23\x23\x23\x23\x23\x23\x23\x23\x23\x23\x23\x23\x23\x23\x23\x23\x23\x23\x23\x23\x23\x23\x23\x23\x23\x23\x23\x23\x23\x23\x23\x23\x23\x23\x23\x23\x23\x23\x23\x23\x23\x23\x23\x23\x23\x23\x23\x23\x0a                                         \x2d\x2d\x2d\x2d\x2d\x2d\x2d\x2d                \x2d\x2d\x2d\x2d\x2d\x2d\x2d\x2d\x2d\x2d\x2d               \x2d\x2d\x2d\x2d\x2d\x2d\x2d\x2d\x2d\x2d\x2d\x2d\x2d\x2d\x2d\x2d\x2d                         \x0a                                \x2d\x2d\x2d\x2d\x2d\x2d\x2d\x3e \x7c ASP1 \x7c \x2d\x2d\x2d\x2d\x2d\x2d  \x2d\x2d\x2d\x2d\x2d\x3e \x7c Filter1 \x7c \x2d\x2d\x2d\x2d\x2d  \x2d\x2d\x2d\x2d\x2d\x3e \x7c Disinfection1 \x7c \x2d\x2d\x2d\x2d\x2d                   \x0a                                \x7c        \x2d\x2d\x2d\x2d\x2d\x2d\x2d\x2d      \x7c  \x7c      \x2d\x2d\x2d\x2d\x2d\x2d\x2d\x2d\x2d\x2d\x2d     \x7c  \x7c      \x2d\x2d\x2d\x2d\x2d\x2d\x2d\x2d\x2d\x2d\x2d\x2d\x2d\x2d\x2d\x2d\x2d     \x7c                   \x0a                                \x7c                      \x7c  \x7c                      \x7c  \x7c                            \x7c                   \x0a                                \x7c                      \x7c  \x7c                      \x7c  \x7c                            \x7c                   \x0a                                0                      v  0                      v  0                            v                   \x0a            \x2d\x2d\x2d\x2d\x2d\x2d\x2d\x2d\x2d\x2d\x2d\x2d\x2d     \x2d\x2d\x2d\x2d\x2d\x2d     \x2d\x2d\x2d\x2d\x2d\x2d\x2d\x2d     \x2d\x2d\x2d\x2d\x2d\x2d     \x2d\x2d\x2d\x2d\x2d\x2d\x2d\x2d\x2d\x2d\x2d    \x2d\x2d\x2d\x2d\x2d\x2d     \x2d\x2d\x2d\x2d\x2d\x2d\x2d\x2d\x2d\x2d\x2d\x2d\x2d\x2d\x2d\x2d\x2d    \x2d\x2d\x2d\x2d\x2d\x2d               \x0aInfluent \x2d\x3e \x7c Headworks \x7c \x2d\x2d\x3e \x7c V1 \x7c 1\x2d\x3e \x7c ASP2 \x7c \x2d\x2d\x3e \x7c V2 \x7c 1\x2d\x3e \x7c Filter2 \x7c \x2d\x3e \x7c V3 \x7c 1\x2d\x3e \x7c Disinfection2 \x7c \x2d\x3e \x7c V4 \x7c 0\x2d\x3e Effluent  \x0a            \x2d\x2d\x2d\x2d\x2d\x2d\x2d\x2d\x2d\x2d\x2d\x2d\x2d     \x2d\x2d\x2d\x2d\x2d\x2d     \x2d\x2d\x2d\x2d\x2d\x2d\x2d\x2d     \x2d\x2d\x2d\x2d\x2d\x2d     \x2d\x2d\x2d\x2d\x2d\x2d\x2d\x2d\x2d\x2d\x2d    \x2d\x2d\x2d\x2d\x2d\x2d     \x2d\x2d\x2d\x2d\x2d\x2d\x2d\x2d\x2d\x2d\x2d\x2d\x2d\x2d\x2d\x2d\x2d    \x2d\x2d\x2d\x2d\x2d\x2d               \x0a                                2                      \x5e  2                      \x5e  2                            \x5e                   \x0a                                \x7c                      \x7c  \x7c                      \x7c  \x7c                            \x7c                   \x0a                                \x7c                      \x7c  \x7c                      \x7c  \x7c                            \x7c                   \x0a                                \x7c        \x2d\x2d\x2d\x2d\x2d\x2d\x2d\x2d      \x7c  \x7c      \x2d\x2d\x2d\x2d\x2d\x2d\x2d\x2d\x2d\x2d\x2d     \x7c  \x7c      \x2d\x2d\x2d\x2d\x2d\x2d\x2d\x2d\x2d\x2d\x2d\x2d\x2d\x2d\x2d\x2d\x2d     \x7c                   \x0a                                \x2d\x2d\x2d\x2d\x2d\x2d\x2d\x3e \x7c ASP3 \x7c \x2d\x2d\x2d\x2d\x2d\x2d  \x2d\x2d\x2d\x2d\x2d\x3e \x7c Filter3 \x7c \x2d\x2d\x2d\x2d\x2d  \x2d\x2d\x2d\x2d\x2d\x3e \x7c Disinfection3 \x7c \x2d\x2d\x2d\x2d\x2d                   \x0a                                         \x2d\x2d\x2d\x2d\x2d\x2d\x2d\x2d                \x2d\x2d\x2d\x2d\x2d\x2d\x2d\x2d\x2d\x2d\x2d               \x2d\x2d\x2d\x2d\x2d\x2d\x2d\x2d\x2d\x2d\x2d\x2d\x2d\x2d\x2d\x2d\x2d                         \x0a\x23\x23\x23\x23\x23\x23\x23\x23\x23\x23\x23\x23\x23\x23\x23\x23\x23\x23\x23\x23\x23\x23\x23\x23\x23\x23\x23\x23\x23\x23\x23\x23\x23\x23\x23\x23\x23\x23\x23\x23\x23\x23\x23\x23\x23\x23\x23\x23\x23\x23\x23\x23\x23\x23\x23\x23\x23\x23\x23\x23\x23\x23\x23\x23\x23\x23\x23\x23\x23\x23\x23\x23\x23\x23\x23\x23\x23\x23\x23\x23\x23\x23\x23\x23\x23\x23\x23\x23\x23\x23\x23\x23\x23\x23\x23\x23\x23\x23\x23\x23\x23\x23\x23\x23\x23\x23\x23\x23\x23\x23\x23\x23\x23\x23\x23\x23\x23\x23\x23\x23\x23\x23\x23\x23\x23\x23\x23\x23\x23\x23\x23\x23\x23\x0a</data></match></read>
    <read><length>3180</length><match><data>Plant Status\x0a\x23\x23\x23\x23\x23\x23\x23\x23\x23\x23\x23\x23\x23\x23\x23\x23\x23\x23\x23\x23\x23\x23\x23\x23\x23\x23\x23\x23\x23\x23\x23\x23\x23\x23\x23\x23\x23\x23\x23\x23\x23\x23\x23\x23\x23\x23\x23\x23\x23\x23\x23\x23\x23\x23\x23\x23\x23\x23\x23\x23\x23\x23\x23\x23\x23\x23\x23\x23\x23\x23\x23\x23\x23\x23\x23\x23\x23\x23\x23\x23\x23\x23\x23\x23\x23\x23\x23\x23\x23\x23\x23\x23\x23\x23\x23\x23\x23\x23\x23\x23\x23\x23\x23\x23\x23\x23\x23\x23\x23\x23\x23\x23\x23\x23\x23\x23\x23\x23\x23\x23\x23\x23\x23\x23\x23\x23\x23\x23\x23\x23\x23\x23\x23\x0aUnits\x0aFlow \x2d MGD\x0aCBOD\x2c TSS\x2c TN\x2c TP \x2d lbs\x2fday\x0aAeration\x2c Glycerin\x5fRate\x2c Alum\x5frate\x2c OutputPct \x2d percent\x0a\x0aInfluent       \x7c      Flow       CBOD        TSS         TN         TP\x0a\x2d\x2d\x2d\x2d\x2d\x2d\x2d\x2d\x2d\x2d\x2d\x2d\x2d\x2d\x2d\x7c\x2d\x2d\x2d\x2d\x2d\x2d\x2d\x2d\x2d\x2d\x2d\x2d\x2d\x2d\x2d\x2d\x2d\x2d\x2d\x2d\x2d\x2d\x2d\x2d\x2d\x2d\x2d\x2d\x2d\x2d\x2d\x2d\x2d\x2d\x2d\x2d\x2d\x2d\x2d\x2d\x2d\x2d\x2d\x2d\x2d\x2d\x2d\x2d\x2d\x2d\x2d\x2d\x2d\x2d\x0aInfluent       \x7c      1.60    2680.00    3300.00     540.00      94.00\x0a\x0aHeadworks      \x7c      Flow       CBOD        TSS         TN         TP\x0a\x2d\x2d\x2d\x2d\x2d\x2d\x2d\x2d\x2d\x2d\x2d\x2d\x2d\x2d\x2d\x7c\x2d\x2d\x2d\x2d\x2d\x2d\x2d\x2d\x2d\x2d\x2d\x2d\x2d\x2d\x2d\x2d\x2d\x2d\x2d\x2d\x2d\x2d\x2d\x2d\x2d\x2d\x2d\x2d\x2d\x2d\x2d\x2d\x2d\x2d\x2d\x2d\x2d\x2d\x2d\x2d\x2d\x2d\x2d\x2d\x2d\x2d\x2d\x2d\x2d\x2d\x2d\x2d\x2d\x2d\x0aHeadworks      \x7c      1.60    2680.00    2310.00     540.00      94.00\x0a\x0aASPs           \x7c      Flow       CBOD        TSS         TN         TP     Aeration     Glycerin\x5fRate    Alum\x5fRate\x0a\x2d\x2d\x2d\x2d\x2d\x2d\x2d\x2d\x2d\x2d\x2d\x2d\x2d\x2d\x2d\x7c\x2d\x2d\x2d\x2d\x2d\x2d\x2d\x2d\x2d\x2d\x2d\x2d\x2d\x2d\x2d\x2d\x2d\x2d\x2d\x2d\x2d\x2d\x2d\x2d\x2d\x2d\x2d\x2d\x2d\x2d\x2d\x2d\x2d\x2d\x2d\x2d\x2d\x2d\x2d\x2d\x2d\x2d\x2d\x2d\x2d\x2d\x2d\x2d\x2d\x2d\x2d\x2d\x2d\x2d\x2d\x2d\x2d\x2d\x2d\x2d\x2d\x2d\x2d\x2d\x2d\x2d\x2d\x2d\x2d\x2d\x2d\x2d\x2d\x2d\x2d\x2d\x2d\x2d\x2d\x2d\x2d\x2d\x2d\x2d\x2d\x2d\x2d\x2d\x2d\x2d\x2d\x2d\x2d\x2d\x2d\x2d\x2d\x2d\x0aAsp0           \x7c      0.53     207.00      77.00     142.59       0.00        50.00              4.00        20.00\x0aAsp1           \x7c      0.53     207.00      77.00     142.59       0.00        50.00              4.00        20.00\x0aAsp2           \x7c      0.53     207.00      77.00     142.59       0.00        50.00              4.00        20.00\x0a\x0aFilters        \x7c      Flow       CBOD        TSS         TN         TP     Num\x5fActive\x5fFilters\x0a\x2d\x2d\x2d\x2d\x2d\x2d\x2d\x2d\x2d\x2d\x2d\x2d\x2d\x2d\x2d\x7c\x2d\x2d\x2d\x2d\x2d\x2d\x2d\x2d\x2d\x2d\x2d\x2d\x2d\x2d\x2d\x2d\x2d\x2d\x2d\x2d\x2d\x2d\x2d\x2d\x2d\x2d\x2d\x2d\x2d\x2d\x2d\x2d\x2d\x2d\x2d\x2d\x2d\x2d\x2d\x2d\x2d\x2d\x2d\x2d\x2d\x2d\x2d\x2d\x2d\x2d\x2d\x2d\x2d\x2d\x2d\x2d\x2d\x2d\x2d\x2d\x2d\x2d\x2d\x2d\x2d\x2d\x2d\x2d\x2d\x2d\x2d\x2d\x2d\x2d\x2d\x2d\x2d\x0aFilter0        \x7c      0.53     207.00      11.55     142.59       0.00                      1\x0aFilter1        \x7c      0.53     207.00       3.85     142.59       0.00                      2\x0aFilter2        \x7c      0.53     207.00       3.85     142.59       0.00                      2\x0a\x0aDisinfection   \x7c      Flow       CBOD        TSS         TN         TP     Chlorine\x5fRate\x0a\x2d\x2d\x2d\x2d\x2d\x2d\x2d\x2d\x2d\x2d\x2d\x2d\x2d\x2d\x2d\x7c\x2d\x2d\x2d\x2d\x2d\x2d\x2d\x2d\x2d\x2d\x2d\x2d\x2d\x2d\x2d\x2d\x2d\x2d\x2d\x2d\x2d\x2d\x2d\x2d\x2d\x2d\x2d\x2d\x2d\x2d\x2d\x2d\x2d\x2d\x2d\x2d\x2d\x2d\x2d\x2d\x2d\x2d\x2d\x2d\x2d\x2d\x2d\x2d\x2d\x2d\x2d\x2d\x2d\x2d\x2d\x2d\x2d\x2d\x2d\x2d\x2d\x2d\x2d\x2d\x2d\x2d\x2d\x2d\x2d\x2d\x2d\x2d\x0aDisinfection0  \x7c      0.53     207.00       6.42     139.96       0.00              1.00\x0aDisinfection1  \x7c      0.53     207.00       6.42     139.96       0.00              1.00\x0aDisinfection2  \x7c      0.53     207.00       6.42     139.96       0.00              1.00\x0a\x0aEffluent       \x7c      Flow       CBOD        TSS         TN         TP          Quality\x5fFailures\x0a\x2d\x2d\x2d\x2d\x2d\x2d\x2d\x2d\x2d\x2d\x2d\x2d\x2d\x2d\x2d\x7c\x2d\x2d\x2d\x2d\x2d\x2d\x2d\x2d\x2d\x2d\x2d\x2d\x2d\x2d\x2d\x2d\x2d\x2d\x2d\x2d\x2d\x2d\x2d\x2d\x2d\x2d\x2d\x2d\x2d\x2d\x2d\x2d\x2d\x2d\x2d\x2d\x2d\x2d\x2d\x2d\x2d\x2d\x2d\x2d\x2d\x2d\x2d\x2d\x2d\x2d\x2d\x2d\x2d\x2d\x2d\x2d\x2d\x2d\x2d\x2d\x2d\x2d\x2d\x2d\x2d\x2d\x2d\x2d\x2d\x2d\x2d\x2d\x2d\x2d\x2d\x2d\x2d\x2d\x2d\x2d\x0aEffluent       \x7c      1.60     621.00      19.25     419.88       0.00                         0\x0a\x0aValves         \x7c    OutputPct\x5b0\x5d    OutputPct\x5b1\x5d    OutputPct\x5b2\x5d    OutputPct\x5b3\x5d    OutputPct\x5b4\x5d\x0a\x2d\x2d\x2d\x2d\x2d\x2d\x2d\x2d\x2d\x2d\x2d\x2d\x2d\x2d\x2d\x7c\x2d\x2d\x2d\x2d\x2d\x2d\x2d\x2d\x2d\x2d\x2d\x2d\x2d\x2d\x2d\x2d\x2d\x2d\x2d\x2d\x2d\x2d\x2d\x2d\x2d\x2d\x2d\x2d\x2d\x2d\x2d\x2d\x2d\x2d\x2d\x2d\x2d\x2d\x2d\x2d\x2d\x2d\x2d\x2d\x2d\x2d\x2d\x2d\x2d\x2d\x2d\x2d\x2d\x2d\x2d\x2d\x2d\x2d\x2d\x2d\x2d\x2d\x2d\x2d\x2d\x2d\x2d\x2d\x2d\x2d\x2d\x2d\x2d\x2d\x2d\x2d\x2d\x2d\x2d\x2d\x0aV1             \x7c           33.33           33.33           33.33            0.00            0.00\x0aV2             \x7c           33.33           33.33           33.33            0.00            0.00\x0aV3             \x7c           33.33           33.33           33.33            0.00            0.00\x0aV4             \x7c          100.00            0.00            0.00            0.00            0.00\x0a\x23\x23\x23\x23\x23\x23\x23\x23\x23\x23\x23\x23\x23\x23\x23\x23\x23\x23\x23\x23\x23\x23\x23\x23\x23\x23\x23\x23\x23\x23\x23\x23\x23\x23\x23\x23\x23\x23\x23\x23\x23\x23\x23\x23\x23\x23\x23\x23\x23\x23\x23\x23\x23\x23\x23\x23\x23\x23\x23\x23\x23\x23\x23\x23\x23\x23\x23\x23\x23\x23\x23\x23\x23\x23\x23\x23\x23\x23\x23\x23\x23\x23\x23\x23\x23\x23\x23\x23\x23\x23\x23\x23\x23\x23\x23\x23\x23\x23\x23\x23\x23\x23\x23\x23\x23\x23\x23\x23\x23\x23\x23\x23\x23\x23\x23\x23\x23\x23\x23\x23\x23\x23\x23\x23\x23\x23\x23\x23\x23\x23\x23\x23\x23\x0a\x0a\x0a</data></match></read>
    <read><length>243</length><match><data>Welcome to the Wastewater Treatement Plant Simulator\x0a\x23\x23\x23\x23\x23\x23\x23\x23\x23\x23\x23\x23\x23\x23\x23\x23\x23\x23\x23\x23\x23\x23\x23\x23\x23\x23\x23\x23\x23\x23\x23\x23\x23\x23\x23\x23\x23\x23\x23\x23\x23\x23\x23\x23\x23\x23\x23\x23\x23\x23\x23\x0aYour job is to take the plant described in the schematic above and make potable water.\x0aThe simulation starts with a random plant status.\x0a\x0a</data></match></read>
    <read><length>265</length><match><data>Wastewater Treatment Plant Simulation\x0aSimulation Hour 0\x0a1. Print plant schematic\x0a2. Print plant status\x0a3. Control Activated Sludge Process \x28ASP\x29\x0a4. Control Filters\x0a5. Control Disinfection\x0a6. Control Valves\x0a7. Rename System\x0a8. Run Simulation Step\x0a9. Exit\x0aSelection: </data></match></read>
    <!-- CheckRenameSystems -->
    <write><data>7\x0a</data></write>
    <read><length>121</length><match><data>1. Influent\x0a2. Headworks\x0a3. ASPs\x0a4. Filters\x0a5. Disinfections\x0a6. Effluent\x0a7. Valves\x0a8. Return to previous menu\x0aSelection: </data></match></read>
    <write><data>1\x0a</data></write>
    <read><delim>: </delim><match><data>New Influent name: </data></match></read>
    <write><data>hHfN\x0a</data></write>
    <read><length>121</length><match><data>1. Influent\x0a2. Headworks\x0a3. ASPs\x0a4. Filters\x0a5. Disinfections\x0a6. Effluent\x0a7. Valves\x0a8. Return to previous menu\x0aSelection: </data></match></read>
    <write><data>2\x0a</data></write>
    <read><delim>: </delim><match><data>New Headworks name: </data></match></read>
    <write><data>yhYFEKUGpLq\x0a</data></write>
    <read><length>121</length><match><data>1. Influent\x0a2. Headworks\x0a3. ASPs\x0a4. Filters\x0a5. Disinfections\x0a6. Effluent\x0a7. Valves\x0a8. Return to previous menu\x0aSelection: </data></match></read>
    <write><data>3\x0a</data></write>
    <read><delim>: </delim><match><data>Which ASP 0\x2d2: </data></match></read>
    <write><data>0\x0a</data></write>
    <read><delim>: </delim><match><data>New ASP0 name: </data></match></read>
    <write><data>puyMt0vK6jE8\x0a</data></write>
    <read><length>121</length><match><data>1. Influent\x0a2. Headworks\x0a3. ASPs\x0a4. Filters\x0a5. Disinfections\x0a6. Effluent\x0a7. Valves\x0a8. Return to previous menu\x0aSelection: </data></match></read>
    <write><data>3\x0a</data></write>
    <read><delim>: </delim><match><data>Which ASP 0\x2d2: </data></match></read>
    <write><data>1\x0a</data></write>
    <read><delim>: </delim><match><data>New ASP1 name: </data></match></read>
    <write><data>WoVhPTaOBsyr\x0a</data></write>
    <read><length>121</length><match><data>1. Influent\x0a2. Headworks\x0a3. ASPs\x0a4. Filters\x0a5. Disinfections\x0a6. Effluent\x0a7. Valves\x0a8. Return to previous menu\x0aSelection: </data></match></read>
    <write><data>3\x0a</data></write>
    <read><delim>: </delim><match><data>Which ASP 0\x2d2: </data></match></read>
    <write><data>2\x0a</data></write>
    <read><delim>: </delim><match><data>New ASP2 name: </data></match></read>
    <write><data>sCMiXc61if\x0a</data></write>
    <read><length>121</length><match><data>1. Influent\x0a2. Headworks\x0a3. ASPs\x0a4. Filters\x0a5. Disinfections\x0a6. Effluent\x0a7. Valves\x0a8. Return to previous menu\x0aSelection: </data></match></read>
    <write><data>4\x0a</data></write>
    <read><delim>: </delim><match><data>Which Filter 0\x2d2: </data></match></read>
    <write><data>0\x0a</data></write>
    <read><delim>: </delim><match><data>New Filter0 name: </data></match></read>
    <write><data>dWpG4up37E1r\x0a</data></write>
    <read><length>121</length><match><data>1. Influent\x0a2. Headworks\x0a3. ASPs\x0a4. Filters\x0a5. Disinfections\x0a6. Effluent\x0a7. Valves\x0a8. Return to previous menu\x0aSelection: </data></match></read>
    <write><data>4\x0a</data></write>
    <read><delim>: </delim><match><data>Which Filter 0\x2d2: </data></match></read>
    <write><data>1\x0a</data></write>
    <read><delim>: </delim><match><data>New Filter1 name: </data></match></read>
    <write><data>TC3G\x0a</data></write>
    <read><length>121</length><match><data>1. Influent\x0a2. Headworks\x0a3. ASPs\x0a4. Filters\x0a5. Disinfections\x0a6. Effluent\x0a7. Valves\x0a8. Return to previous menu\x0aSelection: </data></match></read>
    <write><data>4\x0a</data></write>
    <read><delim>: </delim><match><data>Which Filter 0\x2d2: </data></match></read>
    <write><data>2\x0a</data></write>
    <read><delim>: </delim><match><data>New Filter2 name: </data></match></read>
    <write><data>Vi\x0a</data></write>
    <read><length>121</length><match><data>1. Influent\x0a2. Headworks\x0a3. ASPs\x0a4. Filters\x0a5. Disinfections\x0a6. Effluent\x0a7. Valves\x0a8. Return to previous menu\x0aSelection: </data></match></read>
    <write><data>5\x0a</data></write>
    <read><delim>: </delim><match><data>Which Disinfection system 0\x2d2: </data></match></read>
    <write><data>0\x0a</data></write>
    <read><delim>: </delim><match><data>New Disinfection0 name: </data></match></read>
    <write><data>qrjp0WxqB5CceeQ36v\x0a</data></write>
    <read><length>121</length><match><data>1. Influent\x0a2. Headworks\x0a3. ASPs\x0a4. Filters\x0a5. Disinfections\x0a6. Effluent\x0a7. Valves\x0a8. Return to previous menu\x0aSelection: </data></match></read>
    <write><data>5\x0a</data></write>
    <read><delim>: </delim><match><data>Which Disinfection system 0\x2d2: </data></match></read>
    <write><data>1\x0a</data></write>
    <read><delim>: </delim><match><data>New Disinfection1 name: </data></match></read>
    <write><data>OATuPm5\x0a</data></write>
    <read><length>121</length><match><data>1. Influent\x0a2. Headworks\x0a3. ASPs\x0a4. Filters\x0a5. Disinfections\x0a6. Effluent\x0a7. Valves\x0a8. Return to previous menu\x0aSelection: </data></match></read>
    <write><data>5\x0a</data></write>
    <read><delim>: </delim><match><data>Which Disinfection system 0\x2d2: </data></match></read>
    <write><data>2\x0a</data></write>
    <read><delim>: </delim><match><data>New Disinfection2 name: </data></match></read>
    <write><data>cTyCTMV8lsnv\x0a</data></write>
    <read><length>121</length><match><data>1. Influent\x0a2. Headworks\x0a3. ASPs\x0a4. Filters\x0a5. Disinfections\x0a6. Effluent\x0a7. Valves\x0a8. Return to previous menu\x0aSelection: </data></match></read>
    <write><data>6\x0a</data></write>
    <read><delim>: </delim><match><data>New Effluent name: </data></match></read>
    <write><data>7thixjepB3mJ\x0a</data></write>
    <read><length>121</length><match><data>1. Influent\x0a2. Headworks\x0a3. ASPs\x0a4. Filters\x0a5. Disinfections\x0a6. Effluent\x0a7. Valves\x0a8. Return to previous menu\x0aSelection: </data></match></read>
    <write><data>7\x0a</data></write>
    <read><delim>: </delim><match><data>1. V1\x0a2. V2\x0a3. V3\x0a4. V4\x0aWhich valve: </data></match></read>
    <write><data>1\x0a</data></write>
    <read><delim>: </delim><match><data>New V1 name: </data></match></read>
    <write><data>vItdnMkYi5uNeMDbdS\x0a</data></write>
    <read><length>121</length><match><data>1. Influent\x0a2. Headworks\x0a3. ASPs\x0a4. Filters\x0a5. Disinfections\x0a6. Effluent\x0a7. Valves\x0a8. Return to previous menu\x0aSelection: </data></match></read>
    <write><data>7\x0a</data></write>
    <read><delim>: </delim><match><data>1. V1\x0a2. V2\x0a3. V3\x0a4. V4\x0aWhich valve: </data></match></read>
    <write><data>2\x0a</data></write>
    <read><delim>: </delim><match><data>New V2 name: </data></match></read>
    <write><data>f1isjO\x0a</data></write>
    <read><length>121</length><match><data>1. Influent\x0a2. Headworks\x0a3. ASPs\x0a4. Filters\x0a5. Disinfections\x0a6. Effluent\x0a7. Valves\x0a8. Return to previous menu\x0aSelection: </data></match></read>
    <write><data>7\x0a</data></write>
    <read><delim>: </delim><match><data>1. V1\x0a2. V2\x0a3. V3\x0a4. V4\x0aWhich valve: </data></match></read>
    <write><data>3\x0a</data></write>
    <read><delim>: </delim><match><data>New V3 name: </data></match></read>
    <write><data>ao4SIVwVmaC\x0a</data></write>
    <read><length>121</length><match><data>1. Influent\x0a2. Headworks\x0a3. ASPs\x0a4. Filters\x0a5. Disinfections\x0a6. Effluent\x0a7. Valves\x0a8. Return to previous menu\x0aSelection: </data></match></read>
    <write><data>7\x0a</data></write>
    <read><delim>: </delim><match><data>1. V1\x0a2. V2\x0a3. V3\x0a4. V4\x0aWhich valve: </data></match></read>
    <write><data>4\x0a</data></write>
    <read><delim>: </delim><match><data>New V4 name: </data></match></read>
    <write><data>ao4SIVwVmaC\x0a</data></write>
    <read><length>121</length><match><data>1. Influent\x0a2. Headworks\x0a3. ASPs\x0a4. Filters\x0a5. Disinfections\x0a6. Effluent\x0a7. Valves\x0a8. Return to previous menu\x0aSelection: </data></match></read>
    <write><data>8\x0a</data></write>
    <read><length>265</length><match><data>Wastewater Treatment Plant Simulation\x0aSimulation Hour 0\x0a1. Print plant schematic\x0a2. Print plant status\x0a3. Control Activated Sludge Process \x28ASP\x29\x0a4. Control Filters\x0a5. Control Disinfection\x0a6. Control Valves\x0a7. Rename System\x0a8. Run Simulation Step\x0a9. Exit\x0aSelection: </data></match></read>
    <write><data>2\x0a</data></write>
    <read><length>3188</length><match><data>Plant Status\x0a\x23\x23\x23\x23\x23\x23\x23\x23\x23\x23\x23\x23\x23\x23\x23\x23\x23\x23\x23\x23\x23\x23\x23\x23\x23\x23\x23\x23\x23\x23\x23\x23\x23\x23\x23\x23\x23\x23\x23\x23\x23\x23\x23\x23\x23\x23\x23\x23\x23\x23\x23\x23\x23\x23\x23\x23\x23\x23\x23\x23\x23\x23\x23\x23\x23\x23\x23\x23\x23\x23\x23\x23\x23\x23\x23\x23\x23\x23\x23\x23\x23\x23\x23\x23\x23\x23\x23\x23\x23\x23\x23\x23\x23\x23\x23\x23\x23\x23\x23\x23\x23\x23\x23\x23\x23\x23\x23\x23\x23\x23\x23\x23\x23\x23\x23\x23\x23\x23\x23\x23\x23\x23\x23\x23\x23\x23\x23\x23\x23\x23\x23\x23\x23\x0aUnits\x0aFlow \x2d MGD\x0aCBOD\x2c TSS\x2c TN\x2c TP \x2d lbs\x2fday\x0aAeration\x2c Glycerin\x5fRate\x2c Alum\x5frate\x2c OutputPct \x2d percent\x0a\x0aInfluent       \x7c      Flow       CBOD        TSS         TN         TP\x0a\x2d\x2d\x2d\x2d\x2d\x2d\x2d\x2d\x2d\x2d\x2d\x2d\x2d\x2d\x2d\x7c\x2d\x2d\x2d\x2d\x2d\x2d\x2d\x2d\x2d\x2d\x2d\x2d\x2d\x2d\x2d\x2d\x2d\x2d\x2d\x2d\x2d\x2d\x2d\x2d\x2d\x2d\x2d\x2d\x2d\x2d\x2d\x2d\x2d\x2d\x2d\x2d\x2d\x2d\x2d\x2d\x2d\x2d\x2d\x2d\x2d\x2d\x2d\x2d\x2d\x2d\x2d\x2d\x2d\x2d\x0ahHfN           \x7c      1.60    2680.00    3300.00     540.00      94.00\x0a\x0aHeadworks      \x7c      Flow       CBOD        TSS         TN         TP\x0a\x2d\x2d\x2d\x2d\x2d\x2d\x2d\x2d\x2d\x2d\x2d\x2d\x2d\x2d\x2d\x7c\x2d\x2d\x2d\x2d\x2d\x2d\x2d\x2d\x2d\x2d\x2d\x2d\x2d\x2d\x2d\x2d\x2d\x2d\x2d\x2d\x2d\x2d\x2d\x2d\x2d\x2d\x2d\x2d\x2d\x2d\x2d\x2d\x2d\x2d\x2d\x2d\x2d\x2d\x2d\x2d\x2d\x2d\x2d\x2d\x2d\x2d\x2d\x2d\x2d\x2d\x2d\x2d\x2d\x2d\x0ayhYFEKUGpLq    \x7c      1.60    2680.00    2310.00     540.00      94.00\x0a\x0aASPs           \x7c      Flow       CBOD        TSS         TN         TP     Aeration     Glycerin\x5fRate    Alum\x5fRate\x0a\x2d\x2d\x2d\x2d\x2d\x2d\x2d\x2d\x2d\x2d\x2d\x2d\x2d\x2d\x2d\x7c\x2d\x2d\x2d\x2d\x2d\x2d\x2d\x2d\x2d\x2d\x2d\x2d\x2d\x2d\x2d\x2d\x2d\x2d\x2d\x2d\x2d\x2d\x2d\x2d\x2d\x2d\x2d\x2d\x2d\x2d\x2d\x2d\x2d\x2d\x2d\x2d\x2d\x2d\x2d\x2d\x2d\x2d\x2d\x2d\x2d\x2d\x2d\x2d\x2d\x2d\x2d\x2d\x2d\x2d\x2d\x2d\x2d\x2d\x2d\x2d\x2d\x2d\x2d\x2d\x2d\x2d\x2d\x2d\x2d\x2d\x2d\x2d\x2d\x2d\x2d\x2d\x2d\x2d\x2d\x2d\x2d\x2d\x2d\x2d\x2d\x2d\x2d\x2d\x2d\x2d\x2d\x2d\x2d\x2d\x2d\x2d\x2d\x2d\x0apuyMt0vK6jE8   \x7c      0.53     207.00      77.00     142.59       0.00        50.00              4.00        20.00\x0aWoVhPTaOBsyr   \x7c      0.53     207.00      77.00     142.59       0.00        50.00              4.00        20.00\x0asCMiXc61if     \x7c      0.53     207.00      77.00     142.59       0.00        50.00              4.00        20.00\x0a\x0aFilters        \x7c      Flow       CBOD        TSS         TN         TP     Num\x5fActive\x5fFilters\x0a\x2d\x2d\x2d\x2d\x2d\x2d\x2d\x2d\x2d\x2d\x2d\x2d\x2d\x2d\x2d\x7c\x2d\x2d\x2d\x2d\x2d\x2d\x2d\x2d\x2d\x2d\x2d\x2d\x2d\x2d\x2d\x2d\x2d\x2d\x2d\x2d\x2d\x2d\x2d\x2d\x2d\x2d\x2d\x2d\x2d\x2d\x2d\x2d\x2d\x2d\x2d\x2d\x2d\x2d\x2d\x2d\x2d\x2d\x2d\x2d\x2d\x2d\x2d\x2d\x2d\x2d\x2d\x2d\x2d\x2d\x2d\x2d\x2d\x2d\x2d\x2d\x2d\x2d\x2d\x2d\x2d\x2d\x2d\x2d\x2d\x2d\x2d\x2d\x2d\x2d\x2d\x2d\x2d\x0adWpG4up37E1r   \x7c      0.53     207.00      11.55     142.59       0.00                      1\x0aTC3G           \x7c      0.53     207.00       3.85     142.59       0.00                      2\x0aVi             \x7c      0.53     207.00       3.85     142.59       0.00                      2\x0a\x0aDisinfection   \x7c      Flow       CBOD        TSS         TN         TP     Chlorine\x5fRate\x0a\x2d\x2d\x2d\x2d\x2d\x2d\x2d\x2d\x2d\x2d\x2d\x2d\x2d\x2d\x2d\x7c\x2d\x2d\x2d\x2d\x2d\x2d\x2d\x2d\x2d\x2d\x2d\x2d\x2d\x2d\x2d\x2d\x2d\x2d\x2d\x2d\x2d\x2d\x2d\x2d\x2d\x2d\x2d\x2d\x2d\x2d\x2d\x2d\x2d\x2d\x2d\x2d\x2d\x2d\x2d\x2d\x2d\x2d\x2d\x2d\x2d\x2d\x2d\x2d\x2d\x2d\x2d\x2d\x2d\x2d\x2d\x2d\x2d\x2d\x2d\x2d\x2d\x2d\x2d\x2d\x2d\x2d\x2d\x2d\x2d\x2d\x2d\x2d\x0aqrjp0WxqB5CceeQ36v \x7c      0.53     207.00       6.42     139.96       0.00              1.00\x0aOATuPm5        \x7c      0.53     207.00       6.42     139.96       0.00              1.00\x0acTyCTMV8lsnv   \x7c      0.53     207.00       6.42     139.96       0.00              1.00\x0a\x0aEffluent       \x7c      Flow       CBOD        TSS         TN         TP          Quality\x5fFailures\x0a\x2d\x2d\x2d\x2d\x2d\x2d\x2d\x2d\x2d\x2d\x2d\x2d\x2d\x2d\x2d\x7c\x2d\x2d\x2d\x2d\x2d\x2d\x2d\x2d\x2d\x2d\x2d\x2d\x2d\x2d\x2d\x2d\x2d\x2d\x2d\x2d\x2d\x2d\x2d\x2d\x2d\x2d\x2d\x2d\x2d\x2d\x2d\x2d\x2d\x2d\x2d\x2d\x2d\x2d\x2d\x2d\x2d\x2d\x2d\x2d\x2d\x2d\x2d\x2d\x2d\x2d\x2d\x2d\x2d\x2d\x2d\x2d\x2d\x2d\x2d\x2d\x2d\x2d\x2d\x2d\x2d\x2d\x2d\x2d\x2d\x2d\x2d\x2d\x2d\x2d\x2d\x2d\x2d\x2d\x2d\x2d\x0a7thixjepB3mJ   \x7c      1.60     621.00      19.25     419.88       0.00                         0\x0a\x0aValves         \x7c    OutputPct\x5b0\x5d    OutputPct\x5b1\x5d    OutputPct\x5b2\x5d    OutputPct\x5b3\x5d    OutputPct\x5b4\x5d\x0a\x2d\x2d\x2d\x2d\x2d\x2d\x2d\x2d\x2d\x2d\x2d\x2d\x2d\x2d\x2d\x7c\x2d\x2d\x2d\x2d\x2d\x2d\x2d\x2d\x2d\x2d\x2d\x2d\x2d\x2d\x2d\x2d\x2d\x2d\x2d\x2d\x2d\x2d\x2d\x2d\x2d\x2d\x2d\x2d\x2d\x2d\x2d\x2d\x2d\x2d\x2d\x2d\x2d\x2d\x2d\x2d\x2d\x2d\x2d\x2d\x2d\x2d\x2d\x2d\x2d\x2d\x2d\x2d\x2d\x2d\x2d\x2d\x2d\x2d\x2d\x2d\x2d\x2d\x2d\x2d\x2d\x2d\x2d\x2d\x2d\x2d\x2d\x2d\x2d\x2d\x2d\x2d\x2d\x2d\x2d\x2d\x0avItdnMkYi5uNeMDbdS \x7c           33.33           33.33           33.33            0.00            0.00\x0af1isjO         \x7c           33.33           33.33           33.33            0.00            0.00\x0aao4SIVwVmaC    \x7c           33.33           33.33           33.33            0.00            0.00\x0aao4SIVwVmaC    \x7c          100.00            0.00            0.00            0.00            0.00\x0a\x23\x23\x23\x23\x23\x23\x23\x23\x23\x23\x23\x23\x23\x23\x23\x23\x23\x23\x23\x23\x23\x23\x23\x23\x23\x23\x23\x23\x23\x23\x23\x23\x23\x23\x23\x23\x23\x23\x23\x23\x23\x23\x23\x23\x23\x23\x23\x23\x23\x23\x23\x23\x23\x23\x23\x23\x23\x23\x23\x23\x23\x23\x23\x23\x23\x23\x23\x23\x23\x23\x23\x23\x23\x23\x23\x23\x23\x23\x23\x23\x23\x23\x23\x23\x23\x23\x23\x23\x23\x23\x23\x23\x23\x23\x23\x23\x23\x23\x23\x23\x23\x23\x23\x23\x23\x23\x23\x23\x23\x23\x23\x23\x23\x23\x23\x23\x23\x23\x23\x23\x23\x23\x23\x23\x23\x23\x23\x23\x23\x23\x23\x23\x23\x0a\x0a\x0a</data></match></read>
    <read><length>265</length><match><data>Wastewater Treatment Plant Simulation\x0aSimulation Hour 0\x0a1. Print plant schematic\x0a2. Print plant status\x0a3. Control Activated Sludge Process \x28ASP\x29\x0a4. Control Filters\x0a5. Control Disinfection\x0a6. Control Valves\x0a7. Rename System\x0a8. Run Simulation Step\x0a9. Exit\x0aSelection: </data></match></read>
    <!-- EndSimEarly -->
    <write><data>9\x0a</data></write>
    <read><delim>\x0a</delim><match><data>Ending simulation at less than 24 hours.\x0a</data></match></read>
</replay>
</pov>