<?xml version="1.0" standalone="no" ?>
<!DOCTYPE pov SYSTEM "/usr/share/cgc-docs/replay.dtd">
<pov>
<cbid>service</cbid>
<seed>0eb75fe529fe13a6794e0c860b80f07bcbb4609a7e1451f0ceba0d12cf2dff3e75f9eaca5f14ed8f89059667fd7514d8</seed>
<replay>
    <read><delim>\x0a</delim><match><pcre>.*</pcre></match></read>
    <write><data>Who is this?\x0a</data></write>
    <read><delim>\x0a</delim><match><data>Oh phew. Thank you! My name is Bob and I need some help.</data></match></read>
    <write><data>What is wrong Bob?\x0a</data></write>
    <read><delim>\x0a</delim><match><data>I don\x27t know. I don\x27t remember much. I don\x27t see much either\x2c things are kind of dark.</data></match></read>
    <write><data>Well what do you remember?\x0a</data></write>
    <read><delim>\x0a</delim><match><data>I don\x27t know. I really don\x27t know. First everything was dark\x2c and then some lights turned on. There seems to be a pttern to the lights\x2c but I don\x27t know. Still very confused. At any rate\x2c then all of a sudden these portals appeared so I started to scream. After a while I started hearing from you through one of them.</data></match></read>
    <write><data>Can you describe the lights?\x0a</data></write>
    <read><delim>\x0a</delim><match><data>They are just lights. Some are lit and others are not. Some are white. Others are green. They do look like they are organized in a grid pattern though.</data></match></read>
    <write><data>A grid pattern?\x0a</data></write>
    <read><delim>\x0a</delim><match><data>Yea. You know. Like boxes all lined up and stuff.</data></match></read>
    <write><data>I know what a grid pattern is.\x0a</data></write>
    <read><delim>\x0a</delim><match><data>Why did you ask then?</data></match></read>
    <write><data>You know. you sure are testy for someone asking for help.\x0a</data></write>
    <read><delim>\x0a</delim><match><data>Why don\x27t we switch places and maybe then you will understand.</data></match></read>
    <write><data>Sorry. My bad. Do you see anything else?\x0a</data></write>
    <read><delim>\x0a</delim><match><data>No not really. There are just a lot of lights.</data></match></read>
    <write><data>A lot? Like how much a lot?\x0a</data></write>
    <read><delim>\x0a</delim><match><data>Yeah. There must be like 3 billion lights or something.</data></match></read>
    <write><data>3 billion? That is kind of specific. Did you count them all?\x0a</data></write>
    <read><delim>\x0a</delim><match><data>No. I didn\x27t count them all. You think I am a computer or something? I can\x27t cound that fast.</data></match></read>
    <write><data>Then how do you know it\x27s 3 billion?\x0a</data></write>
    <read><delim>\x0a</delim><match><data>Call it intuition okay? I don\x27t know. It\x27s just a feeling. Something in my head tells me that I am 32 bits or something. How about we get back on track now?</data></match></read>
    <write><data>Fine. Why don\x27t you go closer for a better look?\x0a</data></write>
    <read><delim>\x0a</delim><match><data>Umm. Yeah. That sounds like a good idea.</data></match></read>
    <write><data>What do you see now?\x0a</data></write>
    <read><delim>\x0a</delim><match><data>Wait. These lights are not just arranged in a grid pattern. They also seem to be labeled.</data></match></read>
    <write><data>How so?\x0a</data></write>
    <read><delim>\x0a</delim><match><data>Well there seems to be a bunch of characters next to every 8 lights.</data></match></read>
    <write><data>What does it say?\x0a</data></write>
    <read><delim>\x0a</delim><match><data>The characters seem to be sorted or something.</data></match></read>
    <write><data>Can you give me an example?\x0a</data></write>
    <read><delim>\x0a</delim><match><data>Sure. one label says 4347C000 and the next says 4347C001. I am not sure\x2c but I have a feeling that they are magical.</data></match></read>
    <write><data>Ohh I see. Why don\x27t you tell me about the lights.\x0a</data></write>
    <read><delim>\x0a</delim><match><data>Okay. Well some are green\x2c some are white\x2c and some are just off. Actually\x2c most of them are off.</data></match></read>
    <write><data>Is there a pattern to them?\x0a</data></write>
    <read><delim>\x0a</delim><match><data>Doesn\x27t seem like it to me.</data></match></read>
    <write><data>Well why don\x27t you read some lights to me.\x0a</data></write>
    <read><delim>\x0a</delim><match><data>Any one in particular?</data></match></read>
    <write><data>080480a0\x0a</data></write>
    <read><delim>\x0a</delim><match><data>WGWGWGWG\x0a</data></match></read>
    <read><delim>\x0a</delim><match><data>Any others?</data></match></read>
    <write><data>Sure\x0a</data></write>
    <read><delim>\x0a</delim><match><data>Any one in particular?</data></match></read>
    <write><data>080480a0\x0a</data></write>
    <read><delim>\x0a</delim><match><data>WGWGWGWG\x0a</data></match></read>
    <read><delim>\x0a</delim><match><data>Any others?</data></match></read>
    <write><data>Nope\x0a</data></write>
    <read><delim>\x0a</delim><match><data>Now what?</data></match></read>
    <write><data>I don\x27t know.\x0a</data></write>
    <read><delim>\x0a</delim><match><data>What do you mean you don\x27t know?</data></match></read>
    <write><data>Sorry\x2c but I am out of ideas\x0a</data></write>
    <read><delim>\x0a</delim><match><data>No. That can\x27t be. No. No. . . . </data></match></read>
    <write><data>Sorry but this is it. Out of ideas.\x0a</data></write>
    <read><delim>\x0a</delim><match><data>\x2aBob helped you by releasing some important information\x2c but apparently you are heartless\x2a</data></match></read>
</replay>
</pov>