<?xml version="1.0" standalone="no" ?>
<!DOCTYPE pov SYSTEM "/usr/share/cgc-docs/replay.dtd">
<pov>
<cbid>service</cbid>
<seed>7753cd930ac104b4f0657d39cff0ae577ea4f8569091531f8390efa226cb059c76c4520123233e2dddfc9c4d036b995b</seed>
<replay>
    <read><delim>\x0a</delim><match><pcre>.*</pcre></match></read>
    <write><data>Hello?\x0a</data></write>
    <read><delim>\x0a</delim><match><data>Oh phew. Thank you! My name is Bob and I need some help.</data></match></read>
    <write><data>Is there something wrong with Alice?\x0a</data></write>
    <read><delim>\x0a</delim><match><data>How do you know about Alice?</data></match></read>
    <write><data>I read your communications.\x0a</data></write>
    <read><delim>\x0a</delim><match><data>What? They are supposed to be encrypted. How did you do that?</data></match></read>
    <write><data>Sure they were encrypted. But you left your keys lying around.\x0a</data></write>
    <read><delim>\x0a</delim><match><data>Huh? What are you talking about? I never wrote my keys down.</data></match></read>
    <write><data>True. But I am an analyst.\x0a</data></write>
    <read><delim>\x0a</delim><match><data>What? What are you blabbering about? This is not making any sense.</data></match></read>
</replay>
</pov>