<?xml version="1.0" standalone="no" ?>
<!DOCTYPE pov SYSTEM "/usr/share/cgc-docs/replay.dtd">
<pov>
<cbid>service</cbid>
<seed>bea4eded8cc7eaefc253b5b71c645a2c3b5cbf849d57c8ed13f060d020823a71b70469fbb768204e6cddffbbfb49fefe</seed>
<replay>
    <read><delim>\x0a</delim><match><pcre>.*</pcre></match></read>
    <write><data>\x0a</data></write>
    <read><delim>\x0a</delim><match><pcre>.*</pcre></match></read>
    <write><data>\x0a</data></write>
    <read><delim>\x0a</delim><match><pcre>.*</pcre></match></read>
    <write><data>\x0a</data></write>
    <read><delim>\x0a</delim><match><data>You are heartless you know that?</data></match></read>
    <write><data>Ohh fine. Sorry. What is it?\x0a</data></write>
    <read><delim>\x0a</delim><match><data>Oh phew. Thank you! My name is Bob and I need some help.</data></match></read>
    <write><data>Is there something wrong with Alice?\x0a</data></write>
    <read><delim>\x0a</delim><match><data>How do you know about Alice?</data></match></read>
    <write><data>4347C000\x0a</data></write>
    <read><delim>\x0a</delim><match><data>Huh? I don\x27t understand. Come again?</data></match></read>
    <write><data>4347C7fC\x0a</data></write>
    <read><delim>\x0a</delim><match><data>You are still breaking up.</data></match></read>
    <write><data>4347Cf9C\x0a</data></write>
    <read><delim>\x0a</delim><match><data>Alright fine. I give up.</data></match></read>
</replay>
</pov>