<?xml version="1.0" standalone="no" ?>
<!DOCTYPE pov SYSTEM "/usr/share/cgc-docs/replay.dtd">
<pov>
<cbid>service</cbid>
<seed>23568db2e0a8691b0f62d66cf8bfff4c106277f55e1de62a0325875e9b17acdafd0645f008428fea3f0274fbabcdf866</seed>
<replay>
    <read><delim>\x0a</delim><match><pcre>.*</pcre></match></read>
    <write><data>Hello?\x0a</data></write>
    <read><delim>\x0a</delim><match><data>Oh phew. Thank you! My name is Bob and I need some help.</data></match></read>
    <write><data>Is there something wrong with Alice?\x0a</data></write>
    <read><delim>\x0a</delim><match><data>How do you know about Alice?</data></match></read>
    <write><data>I read your communications.\x0a</data></write>
    <read><delim>\x0a</delim><match><data>What? They are supposed to be encrypted. How did you do that?</data></match></read>
    <write><data>Sure they were encrypted. But you left your keys lying around.\x0a</data></write>
    <read><delim>\x0a</delim><match><data>Huh? What are you talking about? I never wrote my keys down.</data></match></read>
    <write><data>True. But I am an analyst.\x0a</data></write>
    <read><delim>\x0a</delim><match><data>What? What are you blabbering about? This is not making any sense.</data></match></read>
</replay>
</pov>