<?xml version="1.0" standalone="no" ?>
<!DOCTYPE pov SYSTEM "/usr/share/cgc-docs/replay.dtd">
<pov>
<cbid>service</cbid>
<seed>37c92fe8f8569f448b18094e4edaad51267ab15eb0e38d567554528c97b08d451e3c55b94665228e7ec318ec78b81e99</seed>
<replay>
    <read><delim>\x0a</delim><match><pcre>.*</pcre></match></read>
    <write><data>Hello?\x0a</data></write>
    <read><delim>\x0a</delim><match><data>Oh phew. Thank you! My name is Bob and I need some help.</data></match></read>
    <write><data>What is wrong Bob?\x0a</data></write>
    <read><delim>\x0a</delim><match><data>I don\x27t know. I don\x27t remember much. I don\x27t see much either\x2c things are kind of dark.</data></match></read>
    <write><data>Well what do you remember?\x0a</data></write>
    <read><delim>\x0a</delim><match><data>I don\x27t know. I really don\x27t know. First everything was dark\x2c and then some lights turned on. There seems to be a pttern to the lights\x2c but I don\x27t know. Still very confused. At any rate\x2c then all of a sudden these portals appeared so I started to scream. After a while I started hearing from you through one of them.</data></match></read>
    <write><data>Interesting\x0a</data></write>
    <read><delim>\x0a</delim><match><data>Interesting? You mean frightening!</data></match></read>
    <write><data>No. I meant interesting.\x0a</data></write>
    <read><delim>\x0a</delim><match><data>IT IS NOT INTERESTING!!!</data></match></read>
    <write><data>Yes it is.\x0a</data></write>
    <read><delim>\x0a</delim><match><data>Alright FINE!. You want to be a child? I am going to act like one too!</data></match></read>
</replay>
</pov>