<?xml version="1.0" standalone="no" ?>
<!DOCTYPE pov SYSTEM "/usr/share/cgc-docs/replay.dtd">
<pov>
<cbid>service</cbid>
<seed>efe95402ac663e278cd076559b699defbe7302aa5920cfcc12c733698103729248c3000e52fef98212e2fbe2fddb50d7</seed>
<replay>
    <read><delim>\x0a</delim><match><pcre>.*</pcre></match></read>
    <write><data>4347C000\x0a</data></write>
    <read><delim>\x0a</delim><match><data>Huh? I don\x27t understand. Come again?</data></match></read>
    <write><data>4347C6A3\x0a</data></write>
    <read><delim>\x0a</delim><match><data>You are still breaking up.</data></match></read>
    <write><data>4347C4ce\x0a</data></write>
    <read><delim>\x0a</delim><match><data>Alright fine. I give up.</data></match></read>
</replay>
</pov>