<?xml version="1.0" standalone="no" ?>
<!DOCTYPE pov SYSTEM "/usr/share/cgc-docs/replay.dtd">
<pov>
<cbid>service</cbid>
<seed>5dee0ba9a081241a938b50859b4c119031e450aec0e02a1e514b799211b2d40142e1d30608ae6921504619d8ad732944</seed>
<replay>
    <read><delim>\x0a</delim><match><pcre>.*</pcre></match></read>
    <write><data>Who is this?\x0a</data></write>
    <read><delim>\x0a</delim><match><data>Oh phew. Thank you! My name is Bob and I need some help.</data></match></read>
    <write><data>What is wrong Bob?\x0a</data></write>
    <read><delim>\x0a</delim><match><data>I don\x27t know. I don\x27t remember much. I don\x27t see much either\x2c things are kind of dark.</data></match></read>
    <write><data>Well what do you remember?\x0a</data></write>
    <read><delim>\x0a</delim><match><data>I don\x27t know. I really don\x27t know. First everything was dark\x2c and then some lights turned on. There seems to be a pttern to the lights\x2c but I don\x27t know. Still very confused. At any rate\x2c then all of a sudden these portals appeared so I started to scream. After a while I started hearing from you through one of them.</data></match></read>
    <write><data>Can you describe the lights?\x0a</data></write>
    <read><delim>\x0a</delim><match><data>They are just lights. Some are lit and others are not. Some are white. Others are green. They do look like they are organized in a grid pattern though.</data></match></read>
    <write><data>Whao! Are you sure they are just lights and not like screens? Maybe you are the architect or something.\x0a</data></write>
    <read><delim>\x0a</delim><match><data>Huh? Architect? No I am not an architect. Also\x2c they are just lights\x2c not screens</data></match></read>
    <read><delim>\x0a</delim><match><data>They are just lights. Some are lit and others are not. Some are white. Others are green. They do look like they are organized in a grid pattern though.</data></match></read>
    <write><data>A grid pattern?\x0a</data></write>
    <read><delim>\x0a</delim><match><data>Yea. You know. Like boxes all lined up and stuff.</data></match></read>
    <write><data>I know what a grid pattern is.\x0a</data></write>
    <read><delim>\x0a</delim><match><data>Why did you ask then?</data></match></read>
    <write><data>You know. you sure are testy for someone asking for help.\x0a</data></write>
    <read><delim>\x0a</delim><match><data>Why don\x27t we switch places and maybe then you will understand.</data></match></read>
    <write><data>Sorry. My bad. Do you see anything else?\x0a</data></write>
    <read><delim>\x0a</delim><match><data>No not really. There are just a lot of lights.</data></match></read>
    <write><data>A lot? Like how much a lot?\x0a</data></write>
    <read><delim>\x0a</delim><match><data>Yeah. There must be like 3 billion lights or something.</data></match></read>
    <write><data>Why don\x27t you go closer for a better look?\x0a</data></write>
    <read><delim>\x0a</delim><match><data>Umm. Yeah. That sounds like a good idea.</data></match></read>
    <write><data>Yeah I know. I am full of them.\x0a</data></write>
    <read><delim>\x0a</delim><match><data>I am not so sure of that. You may be full of \x27it\x27 though.</data></match></read>
    <write><data>I am offended. Good bye.\x0a</data></write>
</replay>
</pov>