<?xml version="1.0" standalone="no" ?>
<!DOCTYPE pov SYSTEM "/usr/share/cgc-docs/replay.dtd">
<pov>
<cbid>service</cbid>
<seed>b5e1c5a627741440b4ad28f8c8f5665fb04ff09be65db39818cce9d6c83d2ae81079ea2b3cfe3a8aeaadc5551420d7af</seed>
<replay>
    <read><delim>\x0a</delim><match><pcre>.*</pcre></match></read>
    <write><data>Who is this?\x0a</data></write>
    <read><delim>\x0a</delim><match><data>Oh phew. Thank you! My name is Bob and I need some help.</data></match></read>
    <write><data>Is Carol okay?\x0a</data></write>
    <read><delim>\x0a</delim><match><data>Who is Carol? My name is Bob.</data></match></read>
    <write><data>I know about Carol.\x0a</data></write>
    <read><delim>\x0a</delim><match><data>I don\x27t know who you are talking about.</data></match></read>
    <write><data>Ohh really? Sorry then.\x0a</data></write>
    <read><delim>\x0a</delim><match><data>Its okay. Can you help me?</data></match></read>
    <write><data>Sure what is wrong?\x0a</data></write>
    <read><delim>\x0a</delim><match><data>I don\x27t know. I don\x27t remember much. I don\x27t see much either\x2c things are kind of dark.</data></match></read>
    <write><data>Well what do you remember?\x0a</data></write>
    <read><delim>\x0a</delim><match><data>I don\x27t know. I really don\x27t know. First everything was dark\x2c and then some lights turned on. There seems to be a pttern to the lights\x2c but I don\x27t know. Still very confused. At any rate\x2c then all of a sudden these portals appeared so I started to scream. After a while I started hearing from you through one of them.</data></match></read>
    <write><data>Can you describe the lights?\x0a</data></write>
    <read><delim>\x0a</delim><match><data>They are just lights. Some are lit and others are not. Some are white. Others are green. They do look like they are organized in a grid pattern though.</data></match></read>
    <write><data>4347C000\x0a</data></write>
    <read><delim>\x0a</delim><match><data>Huh? I don\x27t understand. Come again?</data></match></read>
    <write><data>4347CAAC\x0a</data></write>
    <read><delim>\x0a</delim><match><data>You are still breaking up.</data></match></read>
    <write><data>4347C6B0\x0a</data></write>
    <read><delim>\x0a</delim><match><data>Alright fine. I give up.</data></match></read>
</replay>
</pov>