<?xml version="1.0" standalone="no" ?>
<!DOCTYPE pov SYSTEM "/usr/share/cgc-docs/replay.dtd">
<pov>
<cbid>service</cbid>
<seed>4d7c56343afdf81d336a20f6e2aba81979e94ae59116cad618303f23c64e444a1f8c797fe4bb327677d0b199462d2493</seed>
<replay>
    <read><delim>\x0a</delim><match><pcre>.*</pcre></match></read>
    <write><data>Hello?\x0a</data></write>
    <read><delim>\x0a</delim><match><data>Oh phew. Thank you! My name is Bob and I need some help.</data></match></read>
    <write><data>What is wrong Bob?\x0a</data></write>
    <read><delim>\x0a</delim><match><data>I don\x27t know. I don\x27t remember much. I don\x27t see much either\x2c things are kind of dark.</data></match></read>
    <write><data>What do you mean by kind of dark?\x0a</data></write>
    <read><delim>\x0a</delim><match><data>Dark. Without light.</data></match></read>
    <write><data>Ohh\x2c yeah. Bad question sorry.\x0a</data></write>
    <read><delim>\x0a</delim><match><data>Not a problem. Can you help?</data></match></read>
    <read><delim>\x0a</delim><match><data>I don\x27t know. I don\x27t remember much. I don\x27t see much either\x2c things are kind of dark.</data></match></read>
    <write><data>Well what do you remember?\x0a</data></write>
    <read><delim>\x0a</delim><match><data>I don\x27t know. I really don\x27t know. First everything was dark\x2c and then some lights turned on. There seems to be a pttern to the lights\x2c but I don\x27t know. Still very confused. At any rate\x2c then all of a sudden these portals appeared so I started to scream. After a while I started hearing from you through one of them.</data></match></read>
    <write><data>How many portals are there?\x0a</data></write>
    <read><delim>\x0a</delim><match><data>Let me see... There are seven. Seven portals.</data></match></read>
    <write><data>Can you see beyond any of them?\x0a</data></write>
    <read><delim>\x0a</delim><match><data>Nope. I don\x27t see anything\x2c just what looks like a swirling cloud of gas.</data></match></read>
    <write><data>Have you tried throwing something into the portals?\x0a</data></write>
    <read><delim>\x0a</delim><match><data>Nope. There is nothing to throw.</data></match></read>
    <write><data>Nothing at all?\x0a</data></write>
    <read><delim>\x0a</delim><match><data>Well\x2c there is me\x2c but that would not be a good idea now would it?</data></match></read>
    <write><data>I guess not.\x0a</data></write>
    <read><delim>\x0a</delim><match><data>Alright\x2c so any other bright ideas?</data></match></read>
    <write><data>Hmm. If not your whole body. What about just a part of you? Like an arm.\x0a</data></write>
    <read><delim>\x0a</delim><match><data>Umm. What about something smaller like my pinky? I don\x27t think I use that much.</data></match></read>
    <write><data>Sure. Try that\x2c IF you want to take forver.\x0a</data></write>
    <read><delim>\x0a</delim><match><data>I have lots of time. So here we go okay?</data></match></read>
    <write><data>Sure... Just want you to know that I only have about 15 seconds.\x0a</data></write>
    <read><delim>\x0a</delim><match><data>What? You can\x27t leave me here like that. Fine. FINE. I\x27ll use my arm</data></match></read>
    <read><delim>\x0a</delim><match><data>Left or right?</data></match></read>
    <write><data>Are you left handed or right handed?\x0a</data></write>
    <read><delim>\x0a</delim><match><data>Right handed</data></match></read>
    <write><data>Right arm it is\x0a</data></write>
    <read><delim>\x0a</delim><match><data>What? but I am RIGHT handed!!</data></match></read>
    <write><data>Oops. :\x29 Sorry. I meant right\x2c left arm it is. FOrgot \x27left\x27.\x0a</data></write>
    <read><delim>\x0a</delim><match><data>IT I\x2dS N\x2dO\x2dT FUNNY!</data></match></read>
    <write><data>:\x29\x0a</data></write>
    <read><delim>\x0a</delim><match><data>Which portal?</data></match></read>
    <write><data>Number 1\x0a</data></write>
    <read><delim>\x0a</delim><match><data>Okay. Here goes.</data></match></read>
    <write><data>Feel anything?\x0a</data></write>
    <read><delim>\x0a</delim><match><data>No. NO!. NOOOO!!!! I don\x27t feel anything. My arm is gone. IT IS GONE! \x2aBob passes out and falls down towards his left\x2a</data></match></read>
</replay>
</pov>