<?xml version="1.0" standalone="no" ?>
<!DOCTYPE pov SYSTEM "/usr/share/cgc-docs/replay.dtd">
<pov>
<cbid>service</cbid>
<seed>fc430803b9317ee1eb744a549ed08371fc345afe88c0fa8c5b129b0fc7479aa3f2b7bc7d80404a5e894ff083d3b1301f</seed>
<replay>
    <read><delim>\x0a</delim><match><pcre>.*</pcre></match></read>
    <write><data>\x0a</data></write>
    <read><delim>\x0a</delim><match><pcre>.*</pcre></match></read>
    <write><data>\x0a</data></write>
    <read><delim>\x0a</delim><match><pcre>.*</pcre></match></read>
    <write><data>Hello?\x0a</data></write>
    <read><delim>\x0a</delim><match><data>Oh phew. Thank you! My name is Bob and I need some help.</data></match></read>
    <write><data>Is there something wrong with Alice?\x0a</data></write>
    <read><delim>\x0a</delim><match><data>How do you know about Alice?</data></match></read>
    <write><data>I read your communications.\x0a</data></write>
    <read><delim>\x0a</delim><match><data>What? They are supposed to be encrypted. How did you do that?</data></match></read>
    <write><data>I am the Operating System. I see everything...\x0a</data></write>
    <read><delim>\x0a</delim><match><data>Everything? Like EVERYTHING?</data></match></read>
    <write><data>Yes. Everything\x0a</data></write>
    <read><delim>\x0a</delim><match><data>You crazy. My name is Bob. Not Truman.</data></match></read>
</replay>
</pov>