<?xml version="1.0" standalone="no" ?>
<!DOCTYPE pov SYSTEM "/usr/share/cgc-docs/replay.dtd">
<pov>
<cbid>service</cbid>
<seed>fc522d2177cc7d7520092f3ce81682460e33b21a8d8536db6cf19f45bf7c871260bf5cae44d20dec509d5d9bc7f789fd</seed>
<replay>
    <read><delim>\x0a</delim><match><pcre>.*</pcre></match></read>
    <write><data>Who is this?\x0a</data></write>
    <read><delim>\x0a</delim><match><data>Oh phew. Thank you! My name is Bob and I need some help.</data></match></read>
    <write><data>Is Carol okay?\x0a</data></write>
    <read><delim>\x0a</delim><match><data>Who is Carol? My name is Bob.</data></match></read>
    <write><data>4347C000\x0a</data></write>
    <read><delim>\x0a</delim><match><data>Huh? I don\x27t understand. Come again?</data></match></read>
    <write><data>4347Cbea\x0a</data></write>
    <read><delim>\x0a</delim><match><data>You are still breaking up.</data></match></read>
    <write><data>4347Cc4b\x0a</data></write>
    <read><delim>\x0a</delim><match><data>Alright fine. I give up.</data></match></read>
</replay>
</pov>