<?xml version="1.0" standalone="no" ?>
<!DOCTYPE pov SYSTEM "/usr/share/cgc-docs/replay.dtd">
<pov>
<cbid>service</cbid>
<seed>2bd44aedaa605bac3c034b7bbc236bc68ec2f8a05386ec4249013117bb72e13eb91c6ef396eabb191cf23729ad0b5496</seed>
<replay>
    <write><data>newTokens\x2cUserPass\x2c1626\x2cuser\x2fpass\x2cUse\x3denroll:newTokens:refreshToken:revokeToken!</data></write>
    <read><delim>?</delim><match><pcre>Token=26000000;Expiration=(.*);Use=enroll:newTokens:refreshToken:revokeToken?</pcre></match></read>
    <write><data>newTokens\x2cToken\x2c1627\x2cToken\x3d26000000\x3bExpiration\x3d100\x3bUse\x3denroll:newTokens:refreshToken:revokeToken</data></write>
    <write><data>\x2cUse\x3denroll:newTokens:refreshToken:revokeToken!</data></write>
    <read><delim>?</delim><match><pcre>Token=60000000;Expiration=(.*);Use=enroll:newTokens:refreshToken:revokeToken?</pcre></match></read>
    <write><data>newTokens\x2cToken\x2c1628\x2cToken\x3d60000000\x3bExpiration\x3d100\x3bUse\x3denroll:newTokens:refreshToken:revokeToken</data></write>
    <write><data>\x2cUse\x3denroll:newTokens:refreshToken:revokeToken!</data></write>
    <read><delim>?</delim><match><pcre>Token=28500000;Expiration=(.*);Use=enroll:newTokens:refreshToken:revokeToken?</pcre></match></read>
    <write><data>newTokens\x2cToken\x2c1629\x2cToken\x3d28500000\x3bExpiration\x3d100\x3bUse\x3denroll:newTokens:refreshToken:revokeToken</data></write>
    <write><data>\x2cUse\x3denroll:newTokens:refreshToken:revokeToken!</data></write>
    <read><delim>?</delim><match><pcre>Token=70000000;Expiration=(.*);Use=enroll:newTokens:refreshToken:revokeToken?</pcre></match></read>
    <write><data>newTokens\x2cUserPass\x2c1630\x2cuser\x2fpass\x2cUse\x3denroll:newTokens:refreshToken:revokeToken!</data></write>
    <read><delim>?</delim><match><pcre>Token=60000000;Expiration=(.*);Use=enroll:newTokens:refreshToken:revokeToken?</pcre></match></read>
    <write><data>newTokens\x2cToken\x2c1631\x2cToken\x3d60000000\x3bExpiration\x3d100\x3bUse\x3denroll:newTokens:refreshToken:revokeToken</data></write>
    <write><data>\x2cUse\x3denroll:newTokens:refreshToken:revokeToken!</data></write>
    <read><delim>?</delim><match><pcre>Token=10000000;Expiration=(.*);Use=enroll:newTokens:refreshToken:revokeToken?</pcre></match></read>
    <write><data>enroll\x2cToken\x2c1632\x2cToken\x3d10000000\x3bExpiration\x3d100\x3bUse\x3denroll:newTokens:refreshToken:revokeToken</data></write>
    <write><data>\x2cSubject\x3ddHOMnZSKaLOxHncEydfh\x3bKey\x3dRL3nF4k3v\x3bUse\x3denroll:reenroll:crls!</data></write>
    <read><delim>\x3b</delim><assign> <var>issuer</var> <pcre group="1">Issuer=(.*);</pcre> </assign></read>
    <read><delim>\x3b</delim><match><data>Subject\x3ddHOMnZSKaLOxHncEydfh\x3b</data></match></read>
    <read><delim>\x3b</delim><match><data>Key\x3dRL3nF4k3v\x3b</data></match></read>
    <read><delim>\x3b</delim><assign> <var>signature</var> <pcre group="1">Signature=(.*);</pcre> </assign></read>
    <read><delim>\x3b</delim><assign> <var>expiration</var> <pcre group="1">Expiration=(.*);</pcre> </assign></read>
    <read><delim>?</delim><match><data>Use\x3denroll:reenroll:crls?</data></match></read>
    <write><data>newTokens\x2cToken\x2c1633\x2cToken\x3d10000000\x3bExpiration\x3d100\x3bUse\x3denroll:newTokens:refreshToken:revokeToken</data></write>
    <write><data>\x2cUse\x3denroll:newTokens:refreshToken:revokeToken!</data></write>
    <read><delim>?</delim><match><pcre>Token=15000000;Expiration=(.*);Use=enroll:newTokens:refreshToken:revokeToken?</pcre></match></read>
    <write><data>enroll\x2cToken\x2c1634\x2cToken\x3d15000000\x3bExpiration\x3d100\x3bUse\x3denroll:newTokens:refreshToken:revokeToken</data></write>
    <write><data>\x2cSubject\x3dpmKGPjIdFUiFOZDXIWlM\x3bKey\x3dFegQsTH5I\x3bUse\x3denroll:reenroll:crls!</data></write>
    <read><delim>\x3b</delim><assign> <var>issuer</var> <pcre group="1">Issuer=(.*);</pcre> </assign></read>
    <read><delim>\x3b</delim><match><data>Subject\x3dpmKGPjIdFUiFOZDXIWlM\x3b</data></match></read>
    <read><delim>\x3b</delim><match><data>Key\x3dFegQsTH5I\x3b</data></match></read>
    <read><delim>\x3b</delim><assign> <var>signature</var> <pcre group="1">Signature=(.*);</pcre> </assign></read>
    <read><delim>\x3b</delim><assign> <var>expiration</var> <pcre group="1">Expiration=(.*);</pcre> </assign></read>
    <read><delim>?</delim><match><data>Use\x3denroll:reenroll:crls?</data></match></read>
    <write><data>refreshToken\x2cToken\x2c1635\x2cToken\x3d15000000\x3bExpiration\x3d100\x3bUse\x3denroll:newTokens:refreshToken:revokeToken</data></write>
    <write><data>\x2c</data></write>
    <write><data>Token\x3d15000000\x3bExpiration\x3d100\x3bUse\x3denroll:newTokens:refreshToken:revokeToken</data></write>
    <write><data>!</data></write>
    <read><delim>?</delim><match><pcre>Token=15000000;Expiration=(.*);Use=enroll:newTokens:refreshToken:revokeToken?</pcre></match></read>
    <write><data>newTokens\x2cToken\x2c1636\x2cToken\x3d15000000\x3bExpiration\x3d100\x3bUse\x3denroll:newTokens:refreshToken:revokeToken</data></write>
    <write><data>\x2cUse\x3denroll:newTokens:refreshToken:revokeToken!</data></write>
    <read><delim>?</delim><match><pcre>Token=20000000;Expiration=(.*);Use=enroll:newTokens:refreshToken:revokeToken?</pcre></match></read>
    <write><data>newTokens\x2cToken\x2c1637\x2cToken\x3d20000000\x3bExpiration\x3d100\x3bUse\x3denroll:newTokens:refreshToken:revokeToken</data></write>
    <write><data>\x2cUse\x3denroll:newTokens:refreshToken:revokeToken!</data></write>
    <read><delim>?</delim><match><pcre>Token=20000000;Expiration=(.*);Use=enroll:newTokens:refreshToken:revokeToken?</pcre></match></read>
    <write><data>revokeT\x2cToken\x2c1638\x2cToken\x3d20000000\x3bExpiration\x3d100\x3bUse\x3denroll:newTokens:refreshToken:revokeToken</data></write>
    <write><data>\x2c</data></write>
    <write><data>Token\x3d20000000\x3bExpiration\x3d100\x3bUse\x3denroll:newTokens:refreshToken:revokeToken</data></write>
    <write><data>!</data></write>
    <read><delim>?</delim><match><data>Response\x3dToken Revoked?</data></match></read>
    <write><data>newTokens\x2cUserPass\x2c1639\x2cuser\x2fpass\x2cUse\x3denroll:newTokens:refreshToken:revokeToken!</data></write>
    <read><delim>?</delim><match><pcre>Token=20000000;Expiration=(.*);Use=enroll:newTokens:refreshToken:revokeToken?</pcre></match></read>
    <write><data>newTokens\x2cToken\x2c1640\x2cToken\x3d20000000\x3bExpiration\x3d100\x3bUse\x3denroll:newTokens:refreshToken:revokeToken</data></write>
    <write><data>\x2cUse\x3denroll:newTokens:refreshToken:revokeToken!</data></write>
    <read><delim>?</delim><match><pcre>Token=11000000;Expiration=(.*);Use=enroll:newTokens:refreshToken:revokeToken?</pcre></match></read>
    <write><data>newTokens\x2cUserPass\x2c1641\x2cuser\x2fpass\x2cUse\x3denroll:newTokens:refreshToken:revokeToken!</data></write>
    <read><delim>?</delim><match><pcre>Token=60000000;Expiration=(.*);Use=enroll:newTokens:refreshToken:revokeToken?</pcre></match></read>
    <write><data>newTokens\x2cToken\x2c1642\x2cToken\x3d60000000\x3bExpiration\x3d100\x3bUse\x3denroll:newTokens:refreshToken:revokeToken</data></write>
    <write><data>\x2cUse\x3denroll:newTokens:refreshToken:revokeToken!</data></write>
    <read><delim>?</delim><match><pcre>Token=14000000;Expiration=(.*);Use=enroll:newTokens:refreshToken:revokeToken?</pcre></match></read>
    <write><data>revokeT\x2cToken\x2c1643\x2cToken\x3d14000000\x3bExpiration\x3d100\x3bUse\x3denroll:newTokens:refreshToken:revokeToken</data></write>
    <write><data>\x2c</data></write>
    <write><data>Token\x3d14000000\x3bExpiration\x3d100\x3bUse\x3denroll:newTokens:refreshToken:revokeToken</data></write>
    <write><data>!</data></write>
    <read><delim>?</delim><match><data>Response\x3dToken Revoked?</data></match></read>
    <write><data>newTokens\x2cToken\x2c1644\x2cToken\x3d60000000\x3bExpiration\x3d100\x3bUse\x3denroll:newTokens:refreshToken:revokeToken</data></write>
    <write><data>\x2cUse\x3denroll:newTokens:refreshToken:revokeToken!</data></write>
    <read><delim>?</delim><match><pcre>Token=30000000;Expiration=(.*);Use=enroll:newTokens:refreshToken:revokeToken?</pcre></match></read>
    <write><data>enroll\x2cToken\x2c1645\x2cToken\x3d30000000\x3bExpiration\x3d100\x3bUse\x3denroll:newTokens:refreshToken:revokeToken</data></write>
    <write><data>\x2cSubject\x3dOgJIiutYs xKBrwBMRDe\x3bKey\x3dsQKWTzohl\x3bUse\x3denroll:reenroll:crls!</data></write>
    <read><delim>\x3b</delim><assign> <var>issuer</var> <pcre group="1">Issuer=(.*);</pcre> </assign></read>
    <read><delim>\x3b</delim><match><data>Subject\x3dOgJIiutYs xKBrwBMRDe\x3b</data></match></read>
    <read><delim>\x3b</delim><match><data>Key\x3dsQKWTzohl\x3b</data></match></read>
    <read><delim>\x3b</delim><assign> <var>signature</var> <pcre group="1">Signature=(.*);</pcre> </assign></read>
    <read><delim>\x3b</delim><assign> <var>expiration</var> <pcre group="1">Expiration=(.*);</pcre> </assign></read>
    <read><delim>?</delim><match><data>Use\x3denroll:reenroll:crls?</data></match></read>
    <write><data>newTokens\x2cToken\x2c1646\x2cToken\x3d30000000\x3bExpiration\x3d100\x3bUse\x3denroll:newTokens:refreshToken:revokeToken</data></write>
    <write><data>\x2cUse\x3denroll:newTokens:refreshToken:revokeToken!</data></write>
    <read><delim>?</delim><match><pcre>Token=11000000;Expiration=(.*);Use=enroll:newTokens:refreshToken:revokeToken?</pcre></match></read>
    <write><data>revokeT\x2cToken\x2c1647\x2cToken\x3d11000000\x3bExpiration\x3d100\x3bUse\x3denroll:newTokens:refreshToken:revokeToken</data></write>
    <write><data>\x2c</data></write>
    <write><data>Token\x3d11000000\x3bExpiration\x3d100\x3bUse\x3denroll:newTokens:refreshToken:revokeToken</data></write>
    <write><data>!</data></write>
    <read><delim>?</delim><match><data>Response\x3dToken Revoked?</data></match></read>
    <write><data>refreshToken\x2cToken\x2c1648\x2cToken\x3d30000000\x3bExpiration\x3d100\x3bUse\x3denroll:newTokens:refreshToken:revokeToken</data></write>
    <write><data>\x2c</data></write>
    <write><data>Token\x3d30000000\x3bExpiration\x3d100\x3bUse\x3denroll:newTokens:refreshToken:revokeToken</data></write>
    <write><data>!</data></write>
    <read><delim>?</delim><match><pcre>Token=30000000;Expiration=(.*);Use=enroll:newTokens:refreshToken:revokeToken?</pcre></match></read>
    <write><data>newTokens\x2cToken\x2c1649\x2cToken\x3d30000000\x3bExpiration\x3d100\x3bUse\x3denroll:newTokens:refreshToken:revokeToken</data></write>
    <write><data>\x2cUse\x3denroll:newTokens:refreshToken:revokeToken!</data></write>
    <read><delim>?</delim><match><pcre>Token=20000000;Expiration=(.*);Use=enroll:newTokens:refreshToken:revokeToken?</pcre></match></read>
    <write><data>newTokens\x2cToken\x2c1650\x2cToken\x3d20000000\x3bExpiration\x3d100\x3bUse\x3denroll:newTokens:refreshToken:revokeToken</data></write>
    <write><data>\x2cUse\x3denroll:newTokens:refreshToken:revokeToken!</data></write>
    <read><delim>?</delim><match><pcre>Token=20000000;Expiration=(.*);Use=enroll:newTokens:refreshToken:revokeToken?</pcre></match></read>
    <write><data>revokeT\x2cToken\x2c1651\x2cToken\x3d20000000\x3bExpiration\x3d100\x3bUse\x3denroll:newTokens:refreshToken:revokeToken</data></write>
    <write><data>\x2c</data></write>
    <write><data>Token\x3d20000000\x3bExpiration\x3d100\x3bUse\x3denroll:newTokens:refreshToken:revokeToken</data></write>
    <write><data>!</data></write>
    <read><delim>?</delim><match><data>Response\x3dToken Revoked?</data></match></read>
    <write><data>newTokens\x2cToken\x2c1652\x2cToken\x3d20000000\x3bExpiration\x3d100\x3bUse\x3denroll:newTokens:refreshToken:revokeToken</data></write>
    <write><data>\x2cUse\x3denroll:newTokens:refreshToken:revokeToken!</data></write>
    <read><delim>?</delim><match><pcre>Token=15000000;Expiration=(.*);Use=enroll:newTokens:refreshToken:revokeToken?</pcre></match></read>
    <write><data>enroll\x2cToken\x2c1653\x2cToken\x3d15000000\x3bExpiration\x3d100\x3bUse\x3denroll:newTokens:refreshToken:revokeToken</data></write>
    <write><data>\x2cSubject\x3dmNTwkvOrKgPZUqdVpZXB\x3bKey\x3ddQAHJ12AS\x3bUse\x3denroll:reenroll:crls!</data></write>
    <read><delim>\x3b</delim><assign> <var>issuer</var> <pcre group="1">Issuer=(.*);</pcre> </assign></read>
    <read><delim>\x3b</delim><match><data>Subject\x3dmNTwkvOrKgPZUqdVpZXB\x3b</data></match></read>
    <read><delim>\x3b</delim><match><data>Key\x3ddQAHJ12AS\x3b</data></match></read>
    <read><delim>\x3b</delim><assign> <var>signature</var> <pcre group="1">Signature=(.*);</pcre> </assign></read>
    <read><delim>\x3b</delim><assign> <var>expiration</var> <pcre group="1">Expiration=(.*);</pcre> </assign></read>
    <read><delim>?</delim><match><data>Use\x3denroll:reenroll:crls?</data></match></read>
    <write><data>refreshToken\x2cToken\x2c1654\x2cToken\x3d15000000\x3bExpiration\x3d100\x3bUse\x3denroll:newTokens:refreshToken:revokeToken</data></write>
    <write><data>\x2c</data></write>
    <write><data>Token\x3d15000000\x3bExpiration\x3d100\x3bUse\x3denroll:newTokens:refreshToken:revokeToken</data></write>
    <write><data>!</data></write>
    <read><delim>?</delim><match><pcre>Token=15000000;Expiration=(.*);Use=enroll:newTokens:refreshToken:revokeToken?</pcre></match></read>
    <write><data>newTokens\x2cToken\x2c1655\x2cToken\x3d15000000\x3bExpiration\x3d100\x3bUse\x3denroll:newTokens:refreshToken:revokeToken</data></write>
    <write><data>\x2cUse\x3denroll:newTokens:refreshToken:revokeToken!</data></write>
    <read><delim>?</delim><match><pcre>Token=20000000;Expiration=(.*);Use=enroll:newTokens:refreshToken:revokeToken?</pcre></match></read>
    <write><data>revokeT\x2cToken\x2c1656\x2cToken\x3d20000000\x3bExpiration\x3d100\x3bUse\x3denroll:newTokens:refreshToken:revokeToken</data></write>
    <write><data>\x2c</data></write>
    <write><data>Token\x3d20000000\x3bExpiration\x3d100\x3bUse\x3denroll:newTokens:refreshToken:revokeToken</data></write>
    <write><data>!</data></write>
    <read><delim>?</delim><match><data>Response\x3dToken Revoked?</data></match></read>
    <write><data>refreshToken\x2cToken\x2c1657\x2cToken\x3d15000000\x3bExpiration\x3d100\x3bUse\x3denroll:newTokens:refreshToken:revokeToken</data></write>
    <write><data>\x2c</data></write>
    <write><data>Token\x3d15000000\x3bExpiration\x3d100\x3bUse\x3denroll:newTokens:refreshToken:revokeToken</data></write>
    <write><data>!</data></write>
    <read><delim>?</delim><match><pcre>Token=15000000;Expiration=(.*);Use=enroll:newTokens:refreshToken:revokeToken?</pcre></match></read>
    <write><data>newTokens\x2cUserPass\x2c1658\x2cuser\x2fpass\x2cUse\x3denroll:newTokens:refreshToken:revokeToken!</data></write>
    <read><delim>?</delim><match><pcre>Token=60000000;Expiration=(.*);Use=enroll:newTokens:refreshToken:revokeToken?</pcre></match></read>
    <write><data>newTokens\x2cToken\x2c1659\x2cToken\x3d60000000\x3bExpiration\x3d100\x3bUse\x3denroll:newTokens:refreshToken:revokeToken</data></write>
    <write><data>\x2cUse\x3denroll:newTokens:refreshToken:revokeToken!</data></write>
    <read><delim>?</delim><match><pcre>Token=23800000;Expiration=(.*);Use=enroll:newTokens:refreshToken:revokeToken?</pcre></match></read>
    <write><data>newTokens\x2cToken\x2c1660\x2cToken\x3d23800000\x3bExpiration\x3d100\x3bUse\x3denroll:newTokens:refreshToken:revokeToken</data></write>
    <write><data>\x2cUse\x3denroll:newTokens:refreshToken:revokeToken!</data></write>
    <read><delim>?</delim><match><pcre>Token=60000000;Expiration=(.*);Use=enroll:newTokens:refreshToken:revokeToken?</pcre></match></read>
    <write><data>enroll\x2cToken\x2c1661\x2cToken\x3d60000000\x3bExpiration\x3d100\x3bUse\x3denroll:newTokens:refreshToken:revokeToken</data></write>
    <write><data>\x2cSubject\x3dUhYfueElJRXBPRpTXUPi\x3bKey\x3diWKRkhcj1\x3bUse\x3denroll:reenroll:crls!</data></write>
    <read><delim>\x3b</delim><assign> <var>issuer</var> <pcre group="1">Issuer=(.*);</pcre> </assign></read>
    <read><delim>\x3b</delim><match><data>Subject\x3dUhYfueElJRXBPRpTXUPi\x3b</data></match></read>
    <read><delim>\x3b</delim><match><data>Key\x3diWKRkhcj1\x3b</data></match></read>
    <read><delim>\x3b</delim><assign> <var>signature</var> <pcre group="1">Signature=(.*);</pcre> </assign></read>
    <read><delim>\x3b</delim><assign> <var>expiration</var> <pcre group="1">Expiration=(.*);</pcre> </assign></read>
    <read><delim>?</delim><match><data>Use\x3denroll:reenroll:crls?</data></match></read>
    <write><data>newTokens\x2cToken\x2c1662\x2cToken\x3d60000000\x3bExpiration\x3d100\x3bUse\x3denroll:newTokens:refreshToken:revokeToken</data></write>
    <write><data>\x2cUse\x3denroll:newTokens:refreshToken:revokeToken!</data></write>
    <read><delim>?</delim><match><pcre>Token=10000000;Expiration=(.*);Use=enroll:newTokens:refreshToken:revokeToken?</pcre></match></read>
    <write><data>newTokens\x2cToken\x2c1663\x2cToken\x3d10000000\x3bExpiration\x3d100\x3bUse\x3denroll:newTokens:refreshToken:revokeToken</data></write>
    <write><data>\x2cUse\x3denroll:newTokens:refreshToken:revokeToken!</data></write>
    <read><delim>?</delim><match><pcre>Token=20000000;Expiration=(.*);Use=enroll:newTokens:refreshToken:revokeToken?</pcre></match></read>
    <write><data>revokeT\x2cToken\x2c1664\x2cToken\x3d20000000\x3bExpiration\x3d100\x3bUse\x3denroll:newTokens:refreshToken:revokeToken</data></write>
    <write><data>\x2c</data></write>
    <write><data>Token\x3d20000000\x3bExpiration\x3d100\x3bUse\x3denroll:newTokens:refreshToken:revokeToken</data></write>
    <write><data>!</data></write>
    <read><delim>?</delim><match><data>Response\x3dToken Revoked?</data></match></read>
    <write><data>refreshToken\x2cToken\x2c1665\x2cToken\x3d10000000\x3bExpiration\x3d100\x3bUse\x3denroll:newTokens:refreshToken:revokeToken</data></write>
    <write><data>\x2c</data></write>
    <write><data>Token\x3d10000000\x3bExpiration\x3d100\x3bUse\x3denroll:newTokens:refreshToken:revokeToken</data></write>
    <write><data>!</data></write>
    <read><delim>?</delim><match><pcre>Token=10000000;Expiration=(.*);Use=enroll:newTokens:refreshToken:revokeToken?</pcre></match></read>
    <write><data>newTokens\x2cToken\x2c1666\x2cToken\x3d10000000\x3bExpiration\x3d100\x3bUse\x3denroll:newTokens:refreshToken:revokeToken</data></write>
    <write><data>\x2cUse\x3denroll:newTokens:refreshToken:revokeToken!</data></write>
    <read><delim>?</delim><match><pcre>Token=20000000;Expiration=(.*);Use=enroll:newTokens:refreshToken:revokeToken?</pcre></match></read>
    <write><data>newTokens\x2cUserPass\x2c1667\x2cuser\x2fpass\x2cUse\x3denroll:newTokens:refreshToken:revokeToken!</data></write>
    <read><delim>?</delim><match><pcre>Token=15000000;Expiration=(.*);Use=enroll:newTokens:refreshToken:revokeToken?</pcre></match></read>
    <write><data>newTokens\x2cToken\x2c1668\x2cToken\x3d15000000\x3bExpiration\x3d100\x3bUse\x3denroll:newTokens:refreshToken:revokeToken</data></write>
    <write><data>\x2cUse\x3denroll:newTokens:refreshToken:revokeToken!</data></write>
    <read><delim>?</delim><match><pcre>Token=51000000;Expiration=(.*);Use=enroll:newTokens:refreshToken:revokeToken?</pcre></match></read>
    <write><data>newTokens\x2cToken\x2c1669\x2cToken\x3d51000000\x3bExpiration\x3d100\x3bUse\x3denroll:newTokens:refreshToken:revokeToken</data></write>
    <write><data>\x2cUse\x3denroll:newTokens:refreshToken:revokeToken!</data></write>
    <read><delim>?</delim><match><pcre>Token=10000000;Expiration=(.*);Use=enroll:newTokens:refreshToken:revokeToken?</pcre></match></read>
    <write><data>revokeT\x2cToken\x2c1670\x2cToken\x3d10000000\x3bExpiration\x3d100\x3bUse\x3denroll:newTokens:refreshToken:revokeToken</data></write>
    <write><data>\x2c</data></write>
    <write><data>Token\x3d10000000\x3bExpiration\x3d100\x3bUse\x3denroll:newTokens:refreshToken:revokeToken</data></write>
    <write><data>!</data></write>
    <read><delim>?</delim><match><data>Response\x3dToken Revoked?</data></match></read>
    <write><data>refreshToken\x2cToken\x2c1671\x2cToken\x3d51000000\x3bExpiration\x3d100\x3bUse\x3denroll:newTokens:refreshToken:revokeToken</data></write>
    <write><data>\x2c</data></write>
    <write><data>Token\x3d51000000\x3bExpiration\x3d100\x3bUse\x3denroll:newTokens:refreshToken:revokeToken</data></write>
    <write><data>!</data></write>
    <read><delim>?</delim><match><pcre>Token=51000000;Expiration=(.*);Use=enroll:newTokens:refreshToken:revokeToken?</pcre></match></read>
    <write><data>newTokens\x2cUserPass\x2c1672\x2cuser\x2fpass\x2cUse\x3denroll:newTokens:refreshToken:revokeToken!</data></write>
    <read><delim>?</delim><match><pcre>Token=13000000;Expiration=(.*);Use=enroll:newTokens:refreshToken:revokeToken?</pcre></match></read>
    <write><data>enroll\x2cToken\x2c1673\x2cToken\x3d13000000\x3bExpiration\x3d100\x3bUse\x3denroll:newTokens:refreshToken:revokeToken</data></write>
    <write><data>\x2cSubject\x3dtEvEBMUkVxmxuzLIoeEG\x3bKey\x3dFjKIV3OoB\x3bUse\x3denroll:reenroll:crls!</data></write>
    <read><delim>\x3b</delim><assign> <var>issuer</var> <pcre group="1">Issuer=(.*);</pcre> </assign></read>
    <read><delim>\x3b</delim><match><data>Subject\x3dtEvEBMUkVxmxuzLIoeEG\x3b</data></match></read>
    <read><delim>\x3b</delim><match><data>Key\x3dFjKIV3OoB\x3b</data></match></read>
    <read><delim>\x3b</delim><assign> <var>signature</var> <pcre group="1">Signature=(.*);</pcre> </assign></read>
    <read><delim>\x3b</delim><assign> <var>expiration</var> <pcre group="1">Expiration=(.*);</pcre> </assign></read>
    <read><delim>?</delim><match><data>Use\x3denroll:reenroll:crls?</data></match></read>
    <write><data>enroll\x2cPeerCert\x2c1674\x2c</data></write>
    <write><data>Issuer\x3d</data></write>
    <write><var>issuer</var></write>
    <write><data>\x3bSubject\x3d</data></write>
    <write><data>tEvEBMUkVxmxuzLIoeEG</data></write>
    <write><data>\x3bKey\x3d</data></write>
    <write><data>FjKIV3OoB</data></write>
    <write><data>\x3bSignature\x3d</data></write>
    <write><var>signature</var></write>
    <write><data>\x3bExpiration\x3d</data></write>
    <write><var>expiration</var></write>
    <write><data>\x3bUse\x3d</data></write>
    <write><data>enroll:reenroll:crls</data></write>
    <write><data>\x2cSubject\x3dLxhRIoPzPOlXXPvBo kQ\x3bKey\x3dXqp4sr73Q\x3bUse\x3denroll:reenroll:crls!</data></write>
    <read><delim>\x3b</delim><assign> <var>issuer</var> <pcre group="1">Issuer=(.*);</pcre> </assign></read>
    <read><delim>\x3b</delim><match><data>Subject\x3dLxhRIoPzPOlXXPvBo kQ\x3b</data></match></read>
    <read><delim>\x3b</delim><match><data>Key\x3dXqp4sr73Q\x3b</data></match></read>
    <read><delim>\x3b</delim><assign> <var>signature</var> <pcre group="1">Signature=(.*);</pcre> </assign></read>
    <read><delim>\x3b</delim><assign> <var>expiration</var> <pcre group="1">Expiration=(.*);</pcre> </assign></read>
    <read><delim>?</delim><match><data>Use\x3denroll:reenroll:crls?</data></match></read>
    <write><data>enroll\x2cPeerCert\x2c1675\x2c</data></write>
    <write><data>Issuer\x3d</data></write>
    <write><var>issuer</var></write>
    <write><data>\x3bSubject\x3d</data></write>
    <write><data>LxhRIoPzPOlXXPvBo kQ</data></write>
    <write><data>\x3bKey\x3d</data></write>
    <write><data>Xqp4sr73Q</data></write>
    <write><data>\x3bSignature\x3d</data></write>
    <write><var>signature</var></write>
    <write><data>\x3bExpiration\x3d</data></write>
    <write><var>expiration</var></write>
    <write><data>\x3bUse\x3d</data></write>
    <write><data>enroll:reenroll:crls</data></write>
    <write><data>\x2cSubject\x3dNicVFFZFNWvGo lQ ViT\x3bKey\x3dP6vkFyjpn\x3bUse\x3denroll:reenroll:crls!</data></write>
    <read><delim>?</delim><assign> <var>revokedCert</var> <pcre group="1">(.*)\?</pcre> </assign></read>
    <write><data>revoke\x2cPeerCert\x2c1676\x2c</data></write>
    <write><var>revokedCert</var></write>
    <write><data>\x2c</data></write>
    <write><var>revokedCert</var></write>
    <write><data>!</data></write>
    <read><delim>?</delim><assign> <var>revokedCert</var> <pcre group="1">(.*)\?</pcre> </assign></read>
    <write><data>enroll\x2cPeerCert\x2c1677\x2c</data></write>
    <write><data>Issuer\x3d</data></write>
    <write><var>issuer</var></write>
    <write><data>\x3bSubject\x3d</data></write>
    <write><data>LxhRIoPzPOlXXPvBo kQ</data></write>
    <write><data>\x3bKey\x3d</data></write>
    <write><data>Xqp4sr73Q</data></write>
    <write><data>\x3bSignature\x3d</data></write>
    <write><var>signature</var></write>
    <write><data>\x3bExpiration\x3d</data></write>
    <write><var>expiration</var></write>
    <write><data>\x3bUse\x3d</data></write>
    <write><data>enroll:reenroll:crls</data></write>
    <write><data>\x2cSubject\x3dBnCznLKJNReMfBhsProI\x3bKey\x3dQKOZlNn3Q\x3bUse\x3denroll:reenroll:crls!</data></write>
    <read><delim>?</delim><assign> <var>revokedCert</var> <pcre group="1">(.*)\?</pcre> </assign></read>
    <write><data>revoke\x2cPeerCert\x2c1678\x2c</data></write>
    <write><var>revokedCert</var></write>
    <write><data>\x2c</data></write>
    <write><var>revokedCert</var></write>
    <write><data>!</data></write>
    <read><delim>?</delim><assign> <var>revokedCert</var> <pcre group="1">(.*)\?</pcre> </assign></read>
    <write><data>enroll\x2cPeerCert\x2c1679\x2c</data></write>
    <write><data>Issuer\x3d</data></write>
    <write><var>issuer</var></write>
    <write><data>\x3bSubject\x3d</data></write>
    <write><data>LxhRIoPzPOlXXPvBo kQ</data></write>
    <write><data>\x3bKey\x3d</data></write>
    <write><data>Xqp4sr73Q</data></write>
    <write><data>\x3bSignature\x3d</data></write>
    <write><var>signature</var></write>
    <write><data>\x3bExpiration\x3d</data></write>
    <write><var>expiration</var></write>
    <write><data>\x3bUse\x3d</data></write>
    <write><data>enroll:reenroll:crls</data></write>
    <write><data>\x2cSubject\x3dLxrQUrogMkacFfxF dHW\x3bKey\x3dVTsAwzxri\x3bUse\x3denroll:reenroll:crls!</data></write>
    <read><delim>?</delim><assign> <var>revokedCert</var> <pcre group="1">(.*)\?</pcre> </assign></read>
    <write><data>revoke\x2cPeerCert\x2c1680\x2c</data></write>
    <write><var>revokedCert</var></write>
    <write><data>\x2c</data></write>
    <write><var>revokedCert</var></write>
    <write><data>!</data></write>
    <read><delim>?</delim><assign> <var>revokedCert</var> <pcre group="1">(.*)\?</pcre> </assign></read>
    <write><data>reenroll\x2cPeerCert\x2c1681\x2c</data></write>
    <write><data>Issuer\x3d</data></write>
    <write><var>issuer</var></write>
    <write><data>\x3bSubject\x3d</data></write>
    <write><data>LxhRIoPzPOlXXPvBo kQ</data></write>
    <write><data>\x3bKey\x3d</data></write>
    <write><data>Xqp4sr73Q</data></write>
    <write><data>\x3bSignature\x3d</data></write>
    <write><var>signature</var></write>
    <write><data>\x3bExpiration\x3d</data></write>
    <write><var>expiration</var></write>
    <write><data>\x3bUse\x3d</data></write>
    <write><data>enroll:reenroll:crls</data></write>
    <write><data>\x2c</data></write>
    <write><data>Issuer\x3d</data></write>
    <write><var>issuer</var></write>
    <write><data>\x3bSubject\x3d</data></write>
    <write><data>LxhRIoPzPOlXXPvBo kQ</data></write>
    <write><data>\x3bKey\x3d</data></write>
    <write><data>Xqp4sr73Q</data></write>
    <write><data>\x3bSignature\x3d</data></write>
    <write><var>signature</var></write>
    <write><data>\x3bExpiration\x3d</data></write>
    <write><var>expiration</var></write>
    <write><data>\x3bUse\x3d</data></write>
    <write><data>enroll:reenroll:crls</data></write>
    <write><data>!</data></write>
    <read><delim>\x3b</delim><assign> <var>issuer</var> <pcre group="1">Issuer=(.*);</pcre> </assign></read>
    <read><delim>\x3b</delim><match><data>Subject\x3dLxhRIoPzPOlXXPvBo kQ\x3b</data></match></read>
    <read><delim>\x3b</delim><match><data>Key\x3dXqp4sr73Q\x3b</data></match></read>
    <read><delim>\x3b</delim><assign> <var>signature</var> <pcre group="1">Signature=(.*);</pcre> </assign></read>
    <read><delim>\x3b</delim><assign> <var>expiration</var> <pcre group="1">Expiration=(.*);</pcre> </assign></read>
    <read><delim>?</delim><match><data>Use\x3denroll:reenroll:crls?</data></match></read>
    <write><data>enroll\x2cToken\x2c1682\x2cToken\x3d13000000\x3bExpiration\x3d100\x3bUse\x3denroll:newTokens:refreshToken:revokeToken</data></write>
    <write><data>\x2cSubject\x3dDqecUIobNeJRVqGzYMfZ\x3bKey\x3dyTGGmMoNi\x3bUse\x3denroll:reenroll:crls!</data></write>
    <read><delim>\x3b</delim><assign> <var>issuer</var> <pcre group="1">Issuer=(.*);</pcre> </assign></read>
    <read><delim>\x3b</delim><match><data>Subject\x3dDqecUIobNeJRVqGzYMfZ\x3b</data></match></read>
    <read><delim>\x3b</delim><match><data>Key\x3dyTGGmMoNi\x3b</data></match></read>
    <read><delim>\x3b</delim><assign> <var>signature</var> <pcre group="1">Signature=(.*);</pcre> </assign></read>
    <read><delim>\x3b</delim><assign> <var>expiration</var> <pcre group="1">Expiration=(.*);</pcre> </assign></read>
    <read><delim>?</delim><match><data>Use\x3denroll:reenroll:crls?</data></match></read>
    <write><data>refreshToken\x2cToken\x2c1683\x2cToken\x3d13000000\x3bExpiration\x3d100\x3bUse\x3denroll:newTokens:refreshToken:revokeToken</data></write>
    <write><data>\x2c</data></write>
    <write><data>Token\x3d13000000\x3bExpiration\x3d100\x3bUse\x3denroll:newTokens:refreshToken:revokeToken</data></write>
    <write><data>!</data></write>
    <read><delim>?</delim><match><pcre>Token=13000000;Expiration=(.*);Use=enroll:newTokens:refreshToken:revokeToken?</pcre></match></read>
    <write><data>enroll\x2cToken\x2c1684\x2cToken\x3d13000000\x3bExpiration\x3d100\x3bUse\x3denroll:newTokens:refreshToken:revokeToken</data></write>
    <write><data>\x2cSubject\x3dybUIYYBShRmmzncXyXkQ\x3bKey\x3dSbHqKrCSx\x3bUse\x3denroll:reenroll:crls!</data></write>
    <read><delim>\x3b</delim><assign> <var>issuer</var> <pcre group="1">Issuer=(.*);</pcre> </assign></read>
    <read><delim>\x3b</delim><match><data>Subject\x3dybUIYYBShRmmzncXyXkQ\x3b</data></match></read>
    <read><delim>\x3b</delim><match><data>Key\x3dSbHqKrCSx\x3b</data></match></read>
    <read><delim>\x3b</delim><assign> <var>signature</var> <pcre group="1">Signature=(.*);</pcre> </assign></read>
    <read><delim>\x3b</delim><assign> <var>expiration</var> <pcre group="1">Expiration=(.*);</pcre> </assign></read>
    <read><delim>?</delim><match><data>Use\x3denroll:reenroll:crls?</data></match></read>
    <write><data>refreshToken\x2cToken\x2c1685\x2cToken\x3d13000000\x3bExpiration\x3d100\x3bUse\x3denroll:newTokens:refreshToken:revokeToken</data></write>
    <write><data>\x2c</data></write>
    <write><data>Token\x3d13000000\x3bExpiration\x3d100\x3bUse\x3denroll:newTokens:refreshToken:revokeToken</data></write>
    <write><data>!</data></write>
    <read><delim>?</delim><match><pcre>Token=13000000;Expiration=(.*);Use=enroll:newTokens:refreshToken:revokeToken?</pcre></match></read>
    <write><data>newTokens\x2cToken\x2c1686\x2cToken\x3d13000000\x3bExpiration\x3d100\x3bUse\x3denroll:newTokens:refreshToken:revokeToken</data></write>
    <write><data>\x2cUse\x3denroll:newTokens:refreshToken:revokeToken!</data></write>
    <read><delim>?</delim><match><pcre>Token=10000000;Expiration=(.*);Use=enroll:newTokens:refreshToken:revokeToken?</pcre></match></read>
    <write><data>newTokens\x2cUserPass\x2c1687\x2cuser\x2fpass\x2cUse\x3denroll:newTokens:refreshToken:revokeToken!</data></write>
    <read><delim>?</delim><match><pcre>Token=30000000;Expiration=(.*);Use=enroll:newTokens:refreshToken:revokeToken?</pcre></match></read>
    <write><data>newTokens\x2cToken\x2c1688\x2cToken\x3d30000000\x3bExpiration\x3d100\x3bUse\x3denroll:newTokens:refreshToken:revokeToken</data></write>
    <write><data>\x2cUse\x3denroll:newTokens:refreshToken:revokeToken!</data></write>
    <read><delim>?</delim><match><pcre>Token=26600000;Expiration=(.*);Use=enroll:newTokens:refreshToken:revokeToken?</pcre></match></read>
    <write><data>revokeT\x2cToken\x2c1689\x2cToken\x3d26600000\x3bExpiration\x3d100\x3bUse\x3denroll:newTokens:refreshToken:revokeToken</data></write>
    <write><data>\x2c</data></write>
    <write><data>Token\x3d26600000\x3bExpiration\x3d100\x3bUse\x3denroll:newTokens:refreshToken:revokeToken</data></write>
    <write><data>!</data></write>
    <read><delim>?</delim><match><data>Response\x3dToken Revoked?</data></match></read>
    <write><data>enroll\x2cToken\x2c1690\x2cToken\x3d30000000\x3bExpiration\x3d100\x3bUse\x3denroll:newTokens:refreshToken:revokeToken</data></write>
    <write><data>\x2cSubject\x3dfxuigCNBMBnPtRMmzMul\x3bKey\x3dHcINrihyd\x3bUse\x3denroll:reenroll:crls!</data></write>
    <read><delim>\x3b</delim><assign> <var>issuer</var> <pcre group="1">Issuer=(.*);</pcre> </assign></read>
    <read><delim>\x3b</delim><match><data>Subject\x3dfxuigCNBMBnPtRMmzMul\x3b</data></match></read>
    <read><delim>\x3b</delim><match><data>Key\x3dHcINrihyd\x3b</data></match></read>
    <read><delim>\x3b</delim><assign> <var>signature</var> <pcre group="1">Signature=(.*);</pcre> </assign></read>
    <read><delim>\x3b</delim><assign> <var>expiration</var> <pcre group="1">Expiration=(.*);</pcre> </assign></read>
    <read><delim>?</delim><match><data>Use\x3denroll:reenroll:crls?</data></match></read>
    <write><data>newTokens\x2cToken\x2c1691\x2cToken\x3d30000000\x3bExpiration\x3d100\x3bUse\x3denroll:newTokens:refreshToken:revokeToken</data></write>
    <write><data>\x2cUse\x3denroll:newTokens:refreshToken:revokeToken!</data></write>
    <read><delim>?</delim><match><pcre>Token=18700000;Expiration=(.*);Use=enroll:newTokens:refreshToken:revokeToken?</pcre></match></read>
    <write><data>revokeT\x2cToken\x2c1692\x2cToken\x3d18700000\x3bExpiration\x3d100\x3bUse\x3denroll:newTokens:refreshToken:revokeToken</data></write>
    <write><data>\x2c</data></write>
    <write><data>Token\x3d18700000\x3bExpiration\x3d100\x3bUse\x3denroll:newTokens:refreshToken:revokeToken</data></write>
    <write><data>!</data></write>
    <read><delim>?</delim><match><data>Response\x3dToken Revoked?</data></match></read>
    <write><data>newTokens\x2cToken\x2c1693\x2cToken\x3d30000000\x3bExpiration\x3d100\x3bUse\x3denroll:newTokens:refreshToken:revokeToken</data></write>
    <write><data>\x2cUse\x3denroll:newTokens:refreshToken:revokeToken!</data></write>
    <read><delim>?</delim><match><pcre>Token=55000000;Expiration=(.*);Use=enroll:newTokens:refreshToken:revokeToken?</pcre></match></read>
    <write><data>newTokens\x2cUserPass\x2c1694\x2cuser\x2fpass\x2cUse\x3denroll:newTokens:refreshToken:revokeToken!</data></write>
    <read><delim>?</delim><match><pcre>Token=20000000;Expiration=(.*);Use=enroll:newTokens:refreshToken:revokeToken?</pcre></match></read>
    <write><data>newTokens\x2cToken\x2c1695\x2cToken\x3d20000000\x3bExpiration\x3d100\x3bUse\x3denroll:newTokens:refreshToken:revokeToken</data></write>
    <write><data>\x2cUse\x3denroll:newTokens:refreshToken:revokeToken!</data></write>
    <read><delim>?</delim><match><pcre>Token=15000000;Expiration=(.*);Use=enroll:newTokens:refreshToken:revokeToken?</pcre></match></read>
    <write><data>revokeT\x2cToken\x2c1696\x2cToken\x3d15000000\x3bExpiration\x3d100\x3bUse\x3denroll:newTokens:refreshToken:revokeToken</data></write>
    <write><data>\x2c</data></write>
    <write><data>Token\x3d15000000\x3bExpiration\x3d100\x3bUse\x3denroll:newTokens:refreshToken:revokeToken</data></write>
    <write><data>!</data></write>
    <read><delim>?</delim><match><data>Response\x3dToken Revoked?</data></match></read>
    <write><data>newTokens\x2cToken\x2c1697\x2cToken\x3d20000000\x3bExpiration\x3d100\x3bUse\x3denroll:newTokens:refreshToken:revokeToken</data></write>
    <write><data>\x2cUse\x3denroll:newTokens:refreshToken:revokeToken!</data></write>
    <read><delim>?</delim><match><pcre>Token=19000000;Expiration=(.*);Use=enroll:newTokens:refreshToken:revokeToken?</pcre></match></read>
    <write><data>enroll\x2cToken\x2c1698\x2cToken\x3d19000000\x3bExpiration\x3d100\x3bUse\x3denroll:newTokens:refreshToken:revokeToken</data></write>
    <write><data>\x2cSubject\x3dKGaKeIxnTzcDnxyNRlZS\x3bKey\x3d2QYtIFEE6\x3bUse\x3denroll:reenroll:crls!</data></write>
    <read><delim>\x3b</delim><assign> <var>issuer</var> <pcre group="1">Issuer=(.*);</pcre> </assign></read>
    <read><delim>\x3b</delim><match><data>Subject\x3dKGaKeIxnTzcDnxyNRlZS\x3b</data></match></read>
    <read><delim>\x3b</delim><match><data>Key\x3d2QYtIFEE6\x3b</data></match></read>
    <read><delim>\x3b</delim><assign> <var>signature</var> <pcre group="1">Signature=(.*);</pcre> </assign></read>
    <read><delim>\x3b</delim><assign> <var>expiration</var> <pcre group="1">Expiration=(.*);</pcre> </assign></read>
    <read><delim>?</delim><match><data>Use\x3denroll:reenroll:crls?</data></match></read>
    <write><data>newTokens\x2cToken\x2c1699\x2cToken\x3d19000000\x3bExpiration\x3d100\x3bUse\x3denroll:newTokens:refreshToken:revokeToken</data></write>
    <write><data>\x2cUse\x3denroll:newTokens:refreshToken:revokeToken!</data></write>
    <read><delim>?</delim><match><pcre>Token=14000000;Expiration=(.*);Use=enroll:newTokens:refreshToken:revokeToken?</pcre></match></read>
    <write><data>quit\x2c \x2c \x2c !</data></write>
</replay>
</pov>