<?xml version="1.0" standalone="no" ?>
<!DOCTYPE pov SYSTEM "/usr/share/cgc-docs/replay.dtd">
<pov>
<cbid>service</cbid>
<seed>1ee471e57074158e82790b197160039a89b8aad82cb69c3d8ed98e6a9f5d3827bd484f418cab79c5afd236b29e24c9e0</seed>
<replay>
    <write><data>newTokens\x2cUserPass\x2c8750\x2cuser\x2fpass\x2cUse\x3denroll:newTokens:refreshToken:revokeToken!</data></write>
    <read><delim>?</delim><match><pcre>Token=10000000;Expiration=(.*);Use=enroll:newTokens:refreshToken:revokeToken?</pcre></match></read>
    <write><data>newTokens\x2cToken\x2c8751\x2cToken\x3d10000000\x3bExpiration\x3d100\x3bUse\x3denroll:newTokens:refreshToken:revokeToken</data></write>
    <write><data>\x2cUse\x3denroll:newTokens:refreshToken:revokeToken!</data></write>
    <read><delim>?</delim><match><pcre>Token=10000000;Expiration=(.*);Use=enroll:newTokens:refreshToken:revokeToken?</pcre></match></read>
    <write><data>newTokens\x2cUserPass\x2c8752\x2cuser\x2fpass\x2cUse\x3denroll:newTokens:refreshToken:revokeToken!</data></write>
    <read><delim>?</delim><match><pcre>Token=19000000;Expiration=(.*);Use=enroll:newTokens:refreshToken:revokeToken?</pcre></match></read>
    <write><data>newTokens\x2cToken\x2c8753\x2cToken\x3d19000000\x3bExpiration\x3d100\x3bUse\x3denroll:newTokens:refreshToken:revokeToken</data></write>
    <write><data>\x2cUse\x3denroll:newTokens:refreshToken:revokeToken!</data></write>
    <read><delim>?</delim><match><pcre>Token=50000000;Expiration=(.*);Use=enroll:newTokens:refreshToken:revokeToken?</pcre></match></read>
    <write><data>revokeT\x2cToken\x2c8754\x2cToken\x3d50000000\x3bExpiration\x3d100\x3bUse\x3denroll:newTokens:refreshToken:revokeToken</data></write>
    <write><data>\x2c</data></write>
    <write><data>Token\x3d50000000\x3bExpiration\x3d100\x3bUse\x3denroll:newTokens:refreshToken:revokeToken</data></write>
    <write><data>!</data></write>
    <read><delim>?</delim><match><data>Response\x3dToken Revoked?</data></match></read>
    <write><data>newTokens\x2cToken\x2c8755\x2cToken\x3d19000000\x3bExpiration\x3d100\x3bUse\x3denroll:newTokens:refreshToken:revokeToken</data></write>
    <write><data>\x2cUse\x3denroll:newTokens:refreshToken:revokeToken!</data></write>
    <read><delim>?</delim><match><pcre>Token=20000000;Expiration=(.*);Use=enroll:newTokens:refreshToken:revokeToken?</pcre></match></read>
    <write><data>newTokens\x2cToken\x2c8756\x2cToken\x3d20000000\x3bExpiration\x3d100\x3bUse\x3denroll:newTokens:refreshToken:revokeToken</data></write>
    <write><data>\x2cUse\x3denroll:newTokens:refreshToken:revokeToken!</data></write>
    <read><delim>?</delim><match><pcre>Token=22000000;Expiration=(.*);Use=enroll:newTokens:refreshToken:revokeToken?</pcre></match></read>
    <write><data>revokeT\x2cToken\x2c8757\x2cToken\x3d22000000\x3bExpiration\x3d100\x3bUse\x3denroll:newTokens:refreshToken:revokeToken</data></write>
    <write><data>\x2c</data></write>
    <write><data>Token\x3d22000000\x3bExpiration\x3d100\x3bUse\x3denroll:newTokens:refreshToken:revokeToken</data></write>
    <write><data>!</data></write>
    <read><delim>?</delim><match><data>Response\x3dToken Revoked?</data></match></read>
    <write><data>enroll\x2cToken\x2c8758\x2cToken\x3d20000000\x3bExpiration\x3d100\x3bUse\x3denroll:newTokens:refreshToken:revokeToken</data></write>
    <write><data>\x2cSubject\x3dtAcyAmXlAJUWddLhMaeU\x3bKey\x3dROYPLCPfk\x3bUse\x3denroll:reenroll:crls!</data></write>
    <read><delim>\x3b</delim><assign> <var>issuer</var> <pcre group="1">Issuer=(.*);</pcre> </assign></read>
    <read><delim>\x3b</delim><match><data>Subject\x3dtAcyAmXlAJUWddLhMaeU\x3b</data></match></read>
    <read><delim>\x3b</delim><match><data>Key\x3dROYPLCPfk\x3b</data></match></read>
    <read><delim>\x3b</delim><assign> <var>signature</var> <pcre group="1">Signature=(.*);</pcre> </assign></read>
    <read><delim>\x3b</delim><assign> <var>expiration</var> <pcre group="1">Expiration=(.*);</pcre> </assign></read>
    <read><delim>?</delim><match><data>Use\x3denroll:reenroll:crls?</data></match></read>
    <write><data>newTokens\x2cToken\x2c8759\x2cToken\x3d20000000\x3bExpiration\x3d100\x3bUse\x3denroll:newTokens:refreshToken:revokeToken</data></write>
    <write><data>\x2cUse\x3denroll:newTokens:refreshToken:revokeToken!</data></write>
    <read><delim>?</delim><match><pcre>Token=14790000;Expiration=(.*);Use=enroll:newTokens:refreshToken:revokeToken?</pcre></match></read>
    <write><data>newTokens\x2cToken\x2c8760\x2cToken\x3d14790000\x3bExpiration\x3d100\x3bUse\x3denroll:newTokens:refreshToken:revokeToken</data></write>
    <write><data>\x2cUse\x3denroll:newTokens:refreshToken:revokeToken!</data></write>
    <read><delim>?</delim><match><pcre>Token=10000000;Expiration=(.*);Use=enroll:newTokens:refreshToken:revokeToken?</pcre></match></read>
    <write><data>quit\x2c \x2c \x2c !</data></write>
</replay>
</pov>