<?xml version="1.0" standalone="no" ?>
<!DOCTYPE pov SYSTEM "/usr/share/cgc-docs/replay.dtd">
<pov>
<cbid>service</cbid>
<seed>c25a67239c16696460d3c7aeaccaaa7bba2083d39376072313f82366a50ed03e6a61768a61fc6839bb20de50886f3f19</seed>
<replay>
    <write><data>newTokens\x2cUserPass\x2c818\x2cuser\x2fpass\x2cUse\x3denroll:newTokens:refreshToken:revokeToken!</data></write>
    <read><delim>?</delim><match><pcre>Token=30000000;Expiration=(.*);Use=enroll:newTokens:refreshToken:revokeToken?</pcre></match></read>
    <write><data>enroll\x2cToken\x2c819\x2cToken\x3d30000000\x3bExpiration\x3d100\x3bUse\x3denroll:newTokens:refreshToken:revokeToken</data></write>
    <write><data>\x2cSubject\x3dITcCZZxRHlUbTyHFTFaX\x3bKey\x3dNVF3GKvP6\x3bUse\x3denroll:reenroll:crls!</data></write>
    <read><delim>\x3b</delim><assign> <var>issuer</var> <pcre group="1">Issuer=(.*);</pcre> </assign></read>
    <read><delim>\x3b</delim><match><data>Subject\x3dITcCZZxRHlUbTyHFTFaX\x3b</data></match></read>
    <read><delim>\x3b</delim><match><data>Key\x3dNVF3GKvP6\x3b</data></match></read>
    <read><delim>\x3b</delim><assign> <var>signature</var> <pcre group="1">Signature=(.*);</pcre> </assign></read>
    <read><delim>\x3b</delim><assign> <var>expiration</var> <pcre group="1">Expiration=(.*);</pcre> </assign></read>
    <read><delim>?</delim><match><data>Use\x3denroll:reenroll:crls?</data></match></read>
    <write><data>newTokens\x2cToken\x2c820\x2cToken\x3d30000000\x3bExpiration\x3d100\x3bUse\x3denroll:newTokens:refreshToken:revokeToken</data></write>
    <write><data>\x2cUse\x3denroll:newTokens:refreshToken:revokeToken!</data></write>
    <read><delim>?</delim><match><pcre>Token=60000000;Expiration=(.*);Use=enroll:newTokens:refreshToken:revokeToken?</pcre></match></read>
    <write><data>enroll\x2cToken\x2c821\x2cToken\x3d60000000\x3bExpiration\x3d100\x3bUse\x3denroll:newTokens:refreshToken:revokeToken</data></write>
    <write><data>\x2cSubject\x3djKIulwbWJLUrkMJUVNGz\x3bKey\x3dUv2auIdoD\x3bUse\x3denroll:reenroll:crls!</data></write>
    <read><delim>\x3b</delim><assign> <var>issuer</var> <pcre group="1">Issuer=(.*);</pcre> </assign></read>
    <read><delim>\x3b</delim><match><data>Subject\x3djKIulwbWJLUrkMJUVNGz\x3b</data></match></read>
    <read><delim>\x3b</delim><match><data>Key\x3dUv2auIdoD\x3b</data></match></read>
    <read><delim>\x3b</delim><assign> <var>signature</var> <pcre group="1">Signature=(.*);</pcre> </assign></read>
    <read><delim>\x3b</delim><assign> <var>expiration</var> <pcre group="1">Expiration=(.*);</pcre> </assign></read>
    <read><delim>?</delim><match><data>Use\x3denroll:reenroll:crls?</data></match></read>
    <write><data>refreshToken\x2cToken\x2c822\x2cToken\x3d60000000\x3bExpiration\x3d100\x3bUse\x3denroll:newTokens:refreshToken:revokeToken</data></write>
    <write><data>\x2c</data></write>
    <write><data>Token\x3d60000000\x3bExpiration\x3d100\x3bUse\x3denroll:newTokens:refreshToken:revokeToken</data></write>
    <write><data>!</data></write>
    <read><delim>?</delim><match><pcre>Token=60000000;Expiration=(.*);Use=enroll:newTokens:refreshToken:revokeToken?</pcre></match></read>
    <write><data>newTokens\x2cToken\x2c823\x2cToken\x3d60000000\x3bExpiration\x3d100\x3bUse\x3denroll:newTokens:refreshToken:revokeToken</data></write>
    <write><data>\x2cUse\x3denroll:newTokens:refreshToken:revokeToken!</data></write>
    <read><delim>?</delim><match><pcre>Token=20000000;Expiration=(.*);Use=enroll:newTokens:refreshToken:revokeToken?</pcre></match></read>
    <write><data>revokeT\x2cToken\x2c824\x2cToken\x3d20000000\x3bExpiration\x3d100\x3bUse\x3denroll:newTokens:refreshToken:revokeToken</data></write>
    <write><data>\x2c</data></write>
    <write><data>Token\x3d20000000\x3bExpiration\x3d100\x3bUse\x3denroll:newTokens:refreshToken:revokeToken</data></write>
    <write><data>!</data></write>
    <read><delim>?</delim><match><data>Response\x3dToken Revoked?</data></match></read>
    <write><data>refreshToken\x2cToken\x2c825\x2cToken\x3d60000000\x3bExpiration\x3d100\x3bUse\x3denroll:newTokens:refreshToken:revokeToken</data></write>
    <write><data>\x2c</data></write>
    <write><data>Token\x3d60000000\x3bExpiration\x3d100\x3bUse\x3denroll:newTokens:refreshToken:revokeToken</data></write>
    <write><data>!</data></write>
    <read><delim>?</delim><match><pcre>Token=60000000;Expiration=(.*);Use=enroll:newTokens:refreshToken:revokeToken?</pcre></match></read>
    <write><data>enroll\x2cToken\x2c826\x2cToken\x3d60000000\x3bExpiration\x3d100\x3bUse\x3denroll:newTokens:refreshToken:revokeToken</data></write>
    <write><data>\x2cSubject\x3daHIOu TfPGxWgCRvSYsC\x3bKey\x3dYXJAEXE0i\x3bUse\x3denroll:reenroll:crls!</data></write>
    <read><delim>\x3b</delim><assign> <var>issuer</var> <pcre group="1">Issuer=(.*);</pcre> </assign></read>
    <read><delim>\x3b</delim><match><data>Subject\x3daHIOu TfPGxWgCRvSYsC\x3b</data></match></read>
    <read><delim>\x3b</delim><match><data>Key\x3dYXJAEXE0i\x3b</data></match></read>
    <read><delim>\x3b</delim><assign> <var>signature</var> <pcre group="1">Signature=(.*);</pcre> </assign></read>
    <read><delim>\x3b</delim><assign> <var>expiration</var> <pcre group="1">Expiration=(.*);</pcre> </assign></read>
    <read><delim>?</delim><match><data>Use\x3denroll:reenroll:crls?</data></match></read>
    <write><data>refreshToken\x2cToken\x2c827\x2cToken\x3d60000000\x3bExpiration\x3d100\x3bUse\x3denroll:newTokens:refreshToken:revokeToken</data></write>
    <write><data>\x2c</data></write>
    <write><data>Token\x3d60000000\x3bExpiration\x3d100\x3bUse\x3denroll:newTokens:refreshToken:revokeToken</data></write>
    <write><data>!</data></write>
    <read><delim>?</delim><match><pcre>Token=60000000;Expiration=(.*);Use=enroll:newTokens:refreshToken:revokeToken?</pcre></match></read>
    <write><data>enroll\x2cToken\x2c828\x2cToken\x3d60000000\x3bExpiration\x3d100\x3bUse\x3denroll:newTokens:refreshToken:revokeToken</data></write>
    <write><data>\x2cSubject\x3dkRPbfYxPnYKDjaVdlKXe\x3bKey\x3dlTRRGqXly\x3bUse\x3denroll:reenroll:crls!</data></write>
    <read><delim>\x3b</delim><assign> <var>issuer</var> <pcre group="1">Issuer=(.*);</pcre> </assign></read>
    <read><delim>\x3b</delim><match><data>Subject\x3dkRPbfYxPnYKDjaVdlKXe\x3b</data></match></read>
    <read><delim>\x3b</delim><match><data>Key\x3dlTRRGqXly\x3b</data></match></read>
    <read><delim>\x3b</delim><assign> <var>signature</var> <pcre group="1">Signature=(.*);</pcre> </assign></read>
    <read><delim>\x3b</delim><assign> <var>expiration</var> <pcre group="1">Expiration=(.*);</pcre> </assign></read>
    <read><delim>?</delim><match><data>Use\x3denroll:reenroll:crls?</data></match></read>
    <write><data>newTokens\x2cToken\x2c829\x2cToken\x3d60000000\x3bExpiration\x3d100\x3bUse\x3denroll:newTokens:refreshToken:revokeToken</data></write>
    <write><data>\x2cUse\x3denroll:newTokens:refreshToken:revokeToken!</data></write>
    <read><delim>?</delim><match><pcre>Token=20000000;Expiration=(.*);Use=enroll:newTokens:refreshToken:revokeToken?</pcre></match></read>
    <write><data>newTokens\x2cToken\x2c830\x2cToken\x3d20000000\x3bExpiration\x3d100\x3bUse\x3denroll:newTokens:refreshToken:revokeToken</data></write>
    <write><data>\x2cUse\x3denroll:newTokens:refreshToken:revokeToken!</data></write>
    <read><delim>?</delim><match><pcre>Token=20000000;Expiration=(.*);Use=enroll:newTokens:refreshToken:revokeToken?</pcre></match></read>
    <write><data>enroll\x2cToken\x2c831\x2cToken\x3d20000000\x3bExpiration\x3d100\x3bUse\x3denroll:newTokens:refreshToken:revokeToken</data></write>
    <write><data>\x2cSubject\x3dFGLkDxhXeMLug kwBUvy\x3bKey\x3dVNi0mQcpN\x3bUse\x3denroll:reenroll:crls!</data></write>
    <read><delim>\x3b</delim><assign> <var>issuer</var> <pcre group="1">Issuer=(.*);</pcre> </assign></read>
    <read><delim>\x3b</delim><match><data>Subject\x3dFGLkDxhXeMLug kwBUvy\x3b</data></match></read>
    <read><delim>\x3b</delim><match><data>Key\x3dVNi0mQcpN\x3b</data></match></read>
    <read><delim>\x3b</delim><assign> <var>signature</var> <pcre group="1">Signature=(.*);</pcre> </assign></read>
    <read><delim>\x3b</delim><assign> <var>expiration</var> <pcre group="1">Expiration=(.*);</pcre> </assign></read>
    <read><delim>?</delim><match><data>Use\x3denroll:reenroll:crls?</data></match></read>
    <write><data>newTokens\x2cToken\x2c832\x2cToken\x3d20000000\x3bExpiration\x3d100\x3bUse\x3denroll:newTokens:refreshToken:revokeToken</data></write>
    <write><data>\x2cUse\x3denroll:newTokens:refreshToken:revokeToken!</data></write>
    <read><delim>?</delim><match><pcre>Token=10000000;Expiration=(.*);Use=enroll:newTokens:refreshToken:revokeToken?</pcre></match></read>
    <write><data>revokeT\x2cToken\x2c833\x2cToken\x3d10000000\x3bExpiration\x3d100\x3bUse\x3denroll:newTokens:refreshToken:revokeToken</data></write>
    <write><data>\x2c</data></write>
    <write><data>Token\x3d10000000\x3bExpiration\x3d100\x3bUse\x3denroll:newTokens:refreshToken:revokeToken</data></write>
    <write><data>!</data></write>
    <read><delim>?</delim><match><data>Response\x3dToken Revoked?</data></match></read>
    <write><data>refreshToken\x2cToken\x2c834\x2cToken\x3d20000000\x3bExpiration\x3d100\x3bUse\x3denroll:newTokens:refreshToken:revokeToken</data></write>
    <write><data>\x2c</data></write>
    <write><data>Token\x3d20000000\x3bExpiration\x3d100\x3bUse\x3denroll:newTokens:refreshToken:revokeToken</data></write>
    <write><data>!</data></write>
    <read><delim>?</delim><match><pcre>Token=20000000;Expiration=(.*);Use=enroll:newTokens:refreshToken:revokeToken?</pcre></match></read>
    <write><data>enroll\x2cToken\x2c835\x2cToken\x3d20000000\x3bExpiration\x3d100\x3bUse\x3denroll:newTokens:refreshToken:revokeToken</data></write>
    <write><data>\x2cSubject\x3dSEMylyDOjRLu sGbHXbN\x3bKey\x3dRXTliNPit\x3bUse\x3denroll:reenroll:crls!</data></write>
    <read><delim>\x3b</delim><assign> <var>issuer</var> <pcre group="1">Issuer=(.*);</pcre> </assign></read>
    <read><delim>\x3b</delim><match><data>Subject\x3dSEMylyDOjRLu sGbHXbN\x3b</data></match></read>
    <read><delim>\x3b</delim><match><data>Key\x3dRXTliNPit\x3b</data></match></read>
    <read><delim>\x3b</delim><assign> <var>signature</var> <pcre group="1">Signature=(.*);</pcre> </assign></read>
    <read><delim>\x3b</delim><assign> <var>expiration</var> <pcre group="1">Expiration=(.*);</pcre> </assign></read>
    <read><delim>?</delim><match><data>Use\x3denroll:reenroll:crls?</data></match></read>
    <write><data>refreshToken\x2cToken\x2c836\x2cToken\x3d20000000\x3bExpiration\x3d100\x3bUse\x3denroll:newTokens:refreshToken:revokeToken</data></write>
    <write><data>\x2c</data></write>
    <write><data>Token\x3d20000000\x3bExpiration\x3d100\x3bUse\x3denroll:newTokens:refreshToken:revokeToken</data></write>
    <write><data>!</data></write>
    <read><delim>?</delim><match><pcre>Token=20000000;Expiration=(.*);Use=enroll:newTokens:refreshToken:revokeToken?</pcre></match></read>
    <write><data>refreshToken\x2cToken\x2c837\x2cToken\x3d20000000\x3bExpiration\x3d100\x3bUse\x3denroll:newTokens:refreshToken:revokeToken</data></write>
    <write><data>\x2c</data></write>
    <write><data>Token\x3d20000000\x3bExpiration\x3d100\x3bUse\x3denroll:newTokens:refreshToken:revokeToken</data></write>
    <write><data>!</data></write>
    <read><delim>?</delim><match><pcre>Token=20000000;Expiration=(.*);Use=enroll:newTokens:refreshToken:revokeToken?</pcre></match></read>
    <write><data>newTokens\x2cToken\x2c838\x2cToken\x3d20000000\x3bExpiration\x3d100\x3bUse\x3denroll:newTokens:refreshToken:revokeToken</data></write>
    <write><data>\x2cUse\x3denroll:newTokens:refreshToken:revokeToken!</data></write>
    <read><delim>?</delim><match><pcre>Token=10000000;Expiration=(.*);Use=enroll:newTokens:refreshToken:revokeToken?</pcre></match></read>
    <write><data>enroll\x2cToken\x2c839\x2cToken\x3d10000000\x3bExpiration\x3d100\x3bUse\x3denroll:newTokens:refreshToken:revokeToken</data></write>
    <write><data>\x2cSubject\x3dWXHiHFVBCJhKRJTxTGVl\x3bKey\x3dIGm2HKWyG\x3bUse\x3denroll:reenroll:crls!</data></write>
    <read><delim>\x3b</delim><assign> <var>issuer</var> <pcre group="1">Issuer=(.*);</pcre> </assign></read>
    <read><delim>\x3b</delim><match><data>Subject\x3dWXHiHFVBCJhKRJTxTGVl\x3b</data></match></read>
    <read><delim>\x3b</delim><match><data>Key\x3dIGm2HKWyG\x3b</data></match></read>
    <read><delim>\x3b</delim><assign> <var>signature</var> <pcre group="1">Signature=(.*);</pcre> </assign></read>
    <read><delim>\x3b</delim><assign> <var>expiration</var> <pcre group="1">Expiration=(.*);</pcre> </assign></read>
    <read><delim>?</delim><match><data>Use\x3denroll:reenroll:crls?</data></match></read>
    <write><data>newTokens\x2cToken\x2c840\x2cToken\x3d10000000\x3bExpiration\x3d100\x3bUse\x3denroll:newTokens:refreshToken:revokeToken</data></write>
    <write><data>\x2cUse\x3denroll:newTokens:refreshToken:revokeToken!</data></write>
    <read><delim>?</delim><match><pcre>Token=63800000;Expiration=(.*);Use=enroll:newTokens:refreshToken:revokeToken?</pcre></match></read>
    <write><data>enroll\x2cToken\x2c841\x2cToken\x3d63800000\x3bExpiration\x3d100\x3bUse\x3denroll:newTokens:refreshToken:revokeToken</data></write>
    <write><data>\x2cSubject\x3duLIZJbFEnftYtpkpz Zx\x3bKey\x3dKETrmYEEH\x3bUse\x3denroll:reenroll:crls!</data></write>
    <read><delim>\x3b</delim><assign> <var>issuer</var> <pcre group="1">Issuer=(.*);</pcre> </assign></read>
    <read><delim>\x3b</delim><match><data>Subject\x3duLIZJbFEnftYtpkpz Zx\x3b</data></match></read>
    <read><delim>\x3b</delim><match><data>Key\x3dKETrmYEEH\x3b</data></match></read>
    <read><delim>\x3b</delim><assign> <var>signature</var> <pcre group="1">Signature=(.*);</pcre> </assign></read>
    <read><delim>\x3b</delim><assign> <var>expiration</var> <pcre group="1">Expiration=(.*);</pcre> </assign></read>
    <read><delim>?</delim><match><data>Use\x3denroll:reenroll:crls?</data></match></read>
    <write><data>newTokens\x2cToken\x2c842\x2cToken\x3d63800000\x3bExpiration\x3d100\x3bUse\x3denroll:newTokens:refreshToken:revokeToken</data></write>
    <write><data>\x2cUse\x3denroll:newTokens:refreshToken:revokeToken!</data></write>
    <read><delim>?</delim><match><pcre>Token=16530000;Expiration=(.*);Use=enroll:newTokens:refreshToken:revokeToken?</pcre></match></read>
    <write><data>revokeT\x2cToken\x2c843\x2cToken\x3d16530000\x3bExpiration\x3d100\x3bUse\x3denroll:newTokens:refreshToken:revokeToken</data></write>
    <write><data>\x2c</data></write>
    <write><data>Token\x3d16530000\x3bExpiration\x3d100\x3bUse\x3denroll:newTokens:refreshToken:revokeToken</data></write>
    <write><data>!</data></write>
    <read><delim>?</delim><match><data>Response\x3dToken Revoked?</data></match></read>
    <write><data>newTokens\x2cToken\x2c844\x2cToken\x3d63800000\x3bExpiration\x3d100\x3bUse\x3denroll:newTokens:refreshToken:revokeToken</data></write>
    <write><data>\x2cUse\x3denroll:newTokens:refreshToken:revokeToken!</data></write>
    <read><delim>?</delim><match><pcre>Token=20000000;Expiration=(.*);Use=enroll:newTokens:refreshToken:revokeToken?</pcre></match></read>
    <write><data>newTokens\x2cToken\x2c845\x2cToken\x3d20000000\x3bExpiration\x3d100\x3bUse\x3denroll:newTokens:refreshToken:revokeToken</data></write>
    <write><data>\x2cUse\x3denroll:newTokens:refreshToken:revokeToken!</data></write>
    <read><delim>?</delim><match><pcre>Token=10000000;Expiration=(.*);Use=enroll:newTokens:refreshToken:revokeToken?</pcre></match></read>
    <write><data>revokeT\x2cToken\x2c846\x2cToken\x3d10000000\x3bExpiration\x3d100\x3bUse\x3denroll:newTokens:refreshToken:revokeToken</data></write>
    <write><data>\x2c</data></write>
    <write><data>Token\x3d10000000\x3bExpiration\x3d100\x3bUse\x3denroll:newTokens:refreshToken:revokeToken</data></write>
    <write><data>!</data></write>
    <read><delim>?</delim><match><data>Response\x3dToken Revoked?</data></match></read>
    <write><data>newTokens\x2cToken\x2c847\x2cToken\x3d20000000\x3bExpiration\x3d100\x3bUse\x3denroll:newTokens:refreshToken:revokeToken</data></write>
    <write><data>\x2cUse\x3denroll:newTokens:refreshToken:revokeToken!</data></write>
    <read><delim>?</delim><match><pcre>Token=20010000;Expiration=(.*);Use=enroll:newTokens:refreshToken:revokeToken?</pcre></match></read>
    <write><data>newTokens\x2cToken\x2c848\x2cToken\x3d20010000\x3bExpiration\x3d100\x3bUse\x3denroll:newTokens:refreshToken:revokeToken</data></write>
    <write><data>\x2cUse\x3denroll:newTokens:refreshToken:revokeToken!</data></write>
    <read><delim>?</delim><match><pcre>Token=60000000;Expiration=(.*);Use=enroll:newTokens:refreshToken:revokeToken?</pcre></match></read>
    <write><data>revokeT\x2cToken\x2c849\x2cToken\x3d60000000\x3bExpiration\x3d100\x3bUse\x3denroll:newTokens:refreshToken:revokeToken</data></write>
    <write><data>\x2c</data></write>
    <write><data>Token\x3d60000000\x3bExpiration\x3d100\x3bUse\x3denroll:newTokens:refreshToken:revokeToken</data></write>
    <write><data>!</data></write>
    <read><delim>?</delim><match><data>Response\x3dToken Revoked?</data></match></read>
    <write><data>newTokens\x2cToken\x2c850\x2cToken\x3d20010000\x3bExpiration\x3d100\x3bUse\x3denroll:newTokens:refreshToken:revokeToken</data></write>
    <write><data>\x2cUse\x3denroll:newTokens:refreshToken:revokeToken!</data></write>
    <read><delim>?</delim><match><pcre>Token=10000000;Expiration=(.*);Use=enroll:newTokens:refreshToken:revokeToken?</pcre></match></read>
    <write><data>newTokens\x2cToken\x2c851\x2cToken\x3d10000000\x3bExpiration\x3d100\x3bUse\x3denroll:newTokens:refreshToken:revokeToken</data></write>
    <write><data>\x2cUse\x3denroll:newTokens:refreshToken:revokeToken!</data></write>
    <read><delim>?</delim><match><pcre>Token=17400000;Expiration=(.*);Use=enroll:newTokens:refreshToken:revokeToken?</pcre></match></read>
    <write><data>revokeT\x2cToken\x2c852\x2cToken\x3d17400000\x3bExpiration\x3d100\x3bUse\x3denroll:newTokens:refreshToken:revokeToken</data></write>
    <write><data>\x2c</data></write>
    <write><data>Token\x3d17400000\x3bExpiration\x3d100\x3bUse\x3denroll:newTokens:refreshToken:revokeToken</data></write>
    <write><data>!</data></write>
    <read><delim>?</delim><match><data>Response\x3dToken Revoked?</data></match></read>
    <write><data>enroll\x2cToken\x2c853\x2cToken\x3d10000000\x3bExpiration\x3d100\x3bUse\x3denroll:newTokens:refreshToken:revokeToken</data></write>
    <write><data>\x2cSubject\x3dgbNhmAgKMwbRqg ytkmQ\x3bKey\x3dWMxBjnEBq\x3bUse\x3denroll:reenroll:crls!</data></write>
    <read><delim>\x3b</delim><assign> <var>issuer</var> <pcre group="1">Issuer=(.*);</pcre> </assign></read>
    <read><delim>\x3b</delim><match><data>Subject\x3dgbNhmAgKMwbRqg ytkmQ\x3b</data></match></read>
    <read><delim>\x3b</delim><match><data>Key\x3dWMxBjnEBq\x3b</data></match></read>
    <read><delim>\x3b</delim><assign> <var>signature</var> <pcre group="1">Signature=(.*);</pcre> </assign></read>
    <read><delim>\x3b</delim><assign> <var>expiration</var> <pcre group="1">Expiration=(.*);</pcre> </assign></read>
    <read><delim>?</delim><match><data>Use\x3denroll:reenroll:crls?</data></match></read>
    <write><data>newTokens\x2cToken\x2c854\x2cToken\x3d10000000\x3bExpiration\x3d100\x3bUse\x3denroll:newTokens:refreshToken:revokeToken</data></write>
    <write><data>\x2cUse\x3denroll:newTokens:refreshToken:revokeToken!</data></write>
    <read><delim>?</delim><match><pcre>Token=30000000;Expiration=(.*);Use=enroll:newTokens:refreshToken:revokeToken?</pcre></match></read>
    <write><data>revokeT\x2cToken\x2c855\x2cToken\x3d30000000\x3bExpiration\x3d100\x3bUse\x3denroll:newTokens:refreshToken:revokeToken</data></write>
    <write><data>\x2c</data></write>
    <write><data>Token\x3d30000000\x3bExpiration\x3d100\x3bUse\x3denroll:newTokens:refreshToken:revokeToken</data></write>
    <write><data>!</data></write>
    <read><delim>?</delim><match><data>Response\x3dToken Revoked?</data></match></read>
    <write><data>newTokens\x2cToken\x2c856\x2cToken\x3d10000000\x3bExpiration\x3d100\x3bUse\x3denroll:newTokens:refreshToken:revokeToken</data></write>
    <write><data>\x2cUse\x3denroll:newTokens:refreshToken:revokeToken!</data></write>
    <read><delim>?</delim><match><pcre>Token=20000000;Expiration=(.*);Use=enroll:newTokens:refreshToken:revokeToken?</pcre></match></read>
    <write><data>enroll\x2cToken\x2c857\x2cToken\x3d20000000\x3bExpiration\x3d100\x3bUse\x3denroll:newTokens:refreshToken:revokeToken</data></write>
    <write><data>\x2cSubject\x3dIMCIFgEaUsQaDSEaVOmR\x3bKey\x3dgoD2LjnNu\x3bUse\x3denroll:reenroll:crls!</data></write>
    <read><delim>\x3b</delim><assign> <var>issuer</var> <pcre group="1">Issuer=(.*);</pcre> </assign></read>
    <read><delim>\x3b</delim><match><data>Subject\x3dIMCIFgEaUsQaDSEaVOmR\x3b</data></match></read>
    <read><delim>\x3b</delim><match><data>Key\x3dgoD2LjnNu\x3b</data></match></read>
    <read><delim>\x3b</delim><assign> <var>signature</var> <pcre group="1">Signature=(.*);</pcre> </assign></read>
    <read><delim>\x3b</delim><assign> <var>expiration</var> <pcre group="1">Expiration=(.*);</pcre> </assign></read>
    <read><delim>?</delim><match><data>Use\x3denroll:reenroll:crls?</data></match></read>
    <write><data>newTokens\x2cToken\x2c858\x2cToken\x3d20000000\x3bExpiration\x3d100\x3bUse\x3denroll:newTokens:refreshToken:revokeToken</data></write>
    <write><data>\x2cUse\x3denroll:newTokens:refreshToken:revokeToken!</data></write>
    <read><delim>?</delim><match><pcre>Token=10000000;Expiration=(.*);Use=enroll:newTokens:refreshToken:revokeToken?</pcre></match></read>
    <write><data>revokeT\x2cToken\x2c859\x2cToken\x3d10000000\x3bExpiration\x3d100\x3bUse\x3denroll:newTokens:refreshToken:revokeToken</data></write>
    <write><data>\x2c</data></write>
    <write><data>Token\x3d10000000\x3bExpiration\x3d100\x3bUse\x3denroll:newTokens:refreshToken:revokeToken</data></write>
    <write><data>!</data></write>
    <read><delim>?</delim><match><data>Response\x3dToken Revoked?</data></match></read>
    <write><data>newTokens\x2cToken\x2c860\x2cToken\x3d20000000\x3bExpiration\x3d100\x3bUse\x3denroll:newTokens:refreshToken:revokeToken</data></write>
    <write><data>\x2cUse\x3denroll:newTokens:refreshToken:revokeToken!</data></write>
    <read><delim>?</delim><match><pcre>Token=15000000;Expiration=(.*);Use=enroll:newTokens:refreshToken:revokeToken?</pcre></match></read>
    <write><data>enroll\x2cToken\x2c861\x2cToken\x3d15000000\x3bExpiration\x3d100\x3bUse\x3denroll:newTokens:refreshToken:revokeToken</data></write>
    <write><data>\x2cSubject\x3dgnPrqnmQWEMQOxZBtBGM\x3bKey\x3d54VSY3ER4\x3bUse\x3denroll:reenroll:crls!</data></write>
    <read><delim>\x3b</delim><assign> <var>issuer</var> <pcre group="1">Issuer=(.*);</pcre> </assign></read>
    <read><delim>\x3b</delim><match><data>Subject\x3dgnPrqnmQWEMQOxZBtBGM\x3b</data></match></read>
    <read><delim>\x3b</delim><match><data>Key\x3d54VSY3ER4\x3b</data></match></read>
    <read><delim>\x3b</delim><assign> <var>signature</var> <pcre group="1">Signature=(.*);</pcre> </assign></read>
    <read><delim>\x3b</delim><assign> <var>expiration</var> <pcre group="1">Expiration=(.*);</pcre> </assign></read>
    <read><delim>?</delim><match><data>Use\x3denroll:reenroll:crls?</data></match></read>
    <write><data>newTokens\x2cToken\x2c862\x2cToken\x3d15000000\x3bExpiration\x3d100\x3bUse\x3denroll:newTokens:refreshToken:revokeToken</data></write>
    <write><data>\x2cUse\x3denroll:newTokens:refreshToken:revokeToken!</data></write>
    <read><delim>?</delim><match><pcre>Token=12540000;Expiration=(.*);Use=enroll:newTokens:refreshToken:revokeToken?</pcre></match></read>
    <write><data>revokeT\x2cToken\x2c863\x2cToken\x3d12540000\x3bExpiration\x3d100\x3bUse\x3denroll:newTokens:refreshToken:revokeToken</data></write>
    <write><data>\x2c</data></write>
    <write><data>Token\x3d12540000\x3bExpiration\x3d100\x3bUse\x3denroll:newTokens:refreshToken:revokeToken</data></write>
    <write><data>!</data></write>
    <read><delim>?</delim><match><data>Response\x3dToken Revoked?</data></match></read>
    <write><data>newTokens\x2cToken\x2c864\x2cToken\x3d15000000\x3bExpiration\x3d100\x3bUse\x3denroll:newTokens:refreshToken:revokeToken</data></write>
    <write><data>\x2cUse\x3denroll:newTokens:refreshToken:revokeToken!</data></write>
    <read><delim>?</delim><match><pcre>Token=26000000;Expiration=(.*);Use=enroll:newTokens:refreshToken:revokeToken?</pcre></match></read>
    <write><data>newTokens\x2cToken\x2c865\x2cToken\x3d26000000\x3bExpiration\x3d100\x3bUse\x3denroll:newTokens:refreshToken:revokeToken</data></write>
    <write><data>\x2cUse\x3denroll:newTokens:refreshToken:revokeToken!</data></write>
    <read><delim>?</delim><match><pcre>Token=70000000;Expiration=(.*);Use=enroll:newTokens:refreshToken:revokeToken?</pcre></match></read>
    <write><data>enroll\x2cToken\x2c866\x2cToken\x3d70000000\x3bExpiration\x3d100\x3bUse\x3denroll:newTokens:refreshToken:revokeToken</data></write>
    <write><data>\x2cSubject\x3dfDCcoVbGXQBuvFeVuoJK\x3bKey\x3d0EKWZTY0D\x3bUse\x3denroll:reenroll:crls!</data></write>
    <read><delim>\x3b</delim><assign> <var>issuer</var> <pcre group="1">Issuer=(.*);</pcre> </assign></read>
    <read><delim>\x3b</delim><match><data>Subject\x3dfDCcoVbGXQBuvFeVuoJK\x3b</data></match></read>
    <read><delim>\x3b</delim><match><data>Key\x3d0EKWZTY0D\x3b</data></match></read>
    <read><delim>\x3b</delim><assign> <var>signature</var> <pcre group="1">Signature=(.*);</pcre> </assign></read>
    <read><delim>\x3b</delim><assign> <var>expiration</var> <pcre group="1">Expiration=(.*);</pcre> </assign></read>
    <read><delim>?</delim><match><data>Use\x3denroll:reenroll:crls?</data></match></read>
    <write><data>newTokens\x2cToken\x2c867\x2cToken\x3d70000000\x3bExpiration\x3d100\x3bUse\x3denroll:newTokens:refreshToken:revokeToken</data></write>
    <write><data>\x2cUse\x3denroll:newTokens:refreshToken:revokeToken!</data></write>
    <read><delim>?</delim><match><pcre>Token=60000000;Expiration=(.*);Use=enroll:newTokens:refreshToken:revokeToken?</pcre></match></read>
    <write><data>revokeT\x2cToken\x2c868\x2cToken\x3d60000000\x3bExpiration\x3d100\x3bUse\x3denroll:newTokens:refreshToken:revokeToken</data></write>
    <write><data>\x2c</data></write>
    <write><data>Token\x3d60000000\x3bExpiration\x3d100\x3bUse\x3denroll:newTokens:refreshToken:revokeToken</data></write>
    <write><data>!</data></write>
    <read><delim>?</delim><match><data>Response\x3dToken Revoked?</data></match></read>
    <write><data>newTokens\x2cToken\x2c869\x2cToken\x3d70000000\x3bExpiration\x3d100\x3bUse\x3denroll:newTokens:refreshToken:revokeToken</data></write>
    <write><data>\x2cUse\x3denroll:newTokens:refreshToken:revokeToken!</data></write>
    <read><delim>?</delim><match><pcre>Token=10000000;Expiration=(.*);Use=enroll:newTokens:refreshToken:revokeToken?</pcre></match></read>
    <write><data>quit\x2c \x2c \x2c !</data></write>
</replay>
</pov>