<?xml version="1.0" standalone="no" ?>
<!DOCTYPE pov SYSTEM "/usr/share/cgc-docs/replay.dtd">
<pov>
<cbid>service</cbid>
<seed>cf2884f16acff76e4017d1384346d4cb682518669aadfda6af1c195c1d7cd00575258380a959da5d00657595e9006fd0</seed>
<replay>
    <write><data>newTokens\x2cUserPass\x2c9564\x2cuser\x2fpass\x2cUse\x3denroll:newTokens:refreshToken:revokeToken!</data></write>
    <read><delim>?</delim><match><pcre>Token=50000000;Expiration=(.*);Use=enroll:newTokens:refreshToken:revokeToken?</pcre></match></read>
    <write><data>newTokens\x2cToken\x2c9565\x2cToken\x3d50000000\x3bExpiration\x3d100\x3bUse\x3denroll:newTokens:refreshToken:revokeToken</data></write>
    <write><data>\x2cUse\x3denroll:newTokens:refreshToken:revokeToken!</data></write>
    <read><delim>?</delim><match><pcre>Token=60000000;Expiration=(.*);Use=enroll:newTokens:refreshToken:revokeToken?</pcre></match></read>
    <write><data>revokeT\x2cToken\x2c9566\x2cToken\x3d60000000\x3bExpiration\x3d100\x3bUse\x3denroll:newTokens:refreshToken:revokeToken</data></write>
    <write><data>\x2c</data></write>
    <write><data>Token\x3d60000000\x3bExpiration\x3d100\x3bUse\x3denroll:newTokens:refreshToken:revokeToken</data></write>
    <write><data>!</data></write>
    <read><delim>?</delim><match><data>Response\x3dToken Revoked?</data></match></read>
    <write><data>enroll\x2cToken\x2c9567\x2cToken\x3d50000000\x3bExpiration\x3d100\x3bUse\x3denroll:newTokens:refreshToken:revokeToken</data></write>
    <write><data>\x2cSubject\x3dtImSqvFruyWNThEDAZaU\x3bKey\x3d2vjs51R26\x3bUse\x3denroll:reenroll:crls!</data></write>
    <read><delim>\x3b</delim><assign> <var>issuer</var> <pcre group="1">Issuer=(.*);</pcre> </assign></read>
    <read><delim>\x3b</delim><match><data>Subject\x3dtImSqvFruyWNThEDAZaU\x3b</data></match></read>
    <read><delim>\x3b</delim><match><data>Key\x3d2vjs51R26\x3b</data></match></read>
    <read><delim>\x3b</delim><assign> <var>signature</var> <pcre group="1">Signature=(.*);</pcre> </assign></read>
    <read><delim>\x3b</delim><assign> <var>expiration</var> <pcre group="1">Expiration=(.*);</pcre> </assign></read>
    <read><delim>?</delim><match><data>Use\x3denroll:reenroll:crls?</data></match></read>
    <write><data>refreshToken\x2cToken\x2c9568\x2cToken\x3d50000000\x3bExpiration\x3d100\x3bUse\x3denroll:newTokens:refreshToken:revokeToken</data></write>
    <write><data>\x2c</data></write>
    <write><data>Token\x3d50000000\x3bExpiration\x3d100\x3bUse\x3denroll:newTokens:refreshToken:revokeToken</data></write>
    <write><data>!</data></write>
    <read><delim>?</delim><match><pcre>Token=50000000;Expiration=(.*);Use=enroll:newTokens:refreshToken:revokeToken?</pcre></match></read>
    <write><data>newTokens\x2cUserPass\x2c9569\x2cuser\x2fpass\x2cUse\x3denroll:newTokens:refreshToken:revokeToken!</data></write>
    <read><delim>?</delim><match><pcre>Token=34000000;Expiration=(.*);Use=enroll:newTokens:refreshToken:revokeToken?</pcre></match></read>
    <write><data>newTokens\x2cToken\x2c9570\x2cToken\x3d34000000\x3bExpiration\x3d100\x3bUse\x3denroll:newTokens:refreshToken:revokeToken</data></write>
    <write><data>\x2cUse\x3denroll:newTokens:refreshToken:revokeToken!</data></write>
    <read><delim>?</delim><match><pcre>Token=19550000;Expiration=(.*);Use=enroll:newTokens:refreshToken:revokeToken?</pcre></match></read>
    <write><data>revokeT\x2cToken\x2c9571\x2cToken\x3d19550000\x3bExpiration\x3d100\x3bUse\x3denroll:newTokens:refreshToken:revokeToken</data></write>
    <write><data>\x2c</data></write>
    <write><data>Token\x3d19550000\x3bExpiration\x3d100\x3bUse\x3denroll:newTokens:refreshToken:revokeToken</data></write>
    <write><data>!</data></write>
    <read><delim>?</delim><match><data>Response\x3dToken Revoked?</data></match></read>
    <write><data>newTokens\x2cToken\x2c9572\x2cToken\x3d34000000\x3bExpiration\x3d100\x3bUse\x3denroll:newTokens:refreshToken:revokeToken</data></write>
    <write><data>\x2cUse\x3denroll:newTokens:refreshToken:revokeToken!</data></write>
    <read><delim>?</delim><match><pcre>Token=58000000;Expiration=(.*);Use=enroll:newTokens:refreshToken:revokeToken?</pcre></match></read>
    <write><data>enroll\x2cToken\x2c9573\x2cToken\x3d58000000\x3bExpiration\x3d100\x3bUse\x3denroll:newTokens:refreshToken:revokeToken</data></write>
    <write><data>\x2cSubject\x3dmWquisJeUomEgFxZnJLp\x3bKey\x3dlIeaMk1HA\x3bUse\x3denroll:reenroll:crls!</data></write>
    <read><delim>\x3b</delim><assign> <var>issuer</var> <pcre group="1">Issuer=(.*);</pcre> </assign></read>
    <read><delim>\x3b</delim><match><data>Subject\x3dmWquisJeUomEgFxZnJLp\x3b</data></match></read>
    <read><delim>\x3b</delim><match><data>Key\x3dlIeaMk1HA\x3b</data></match></read>
    <read><delim>\x3b</delim><assign> <var>signature</var> <pcre group="1">Signature=(.*);</pcre> </assign></read>
    <read><delim>\x3b</delim><assign> <var>expiration</var> <pcre group="1">Expiration=(.*);</pcre> </assign></read>
    <read><delim>?</delim><match><data>Use\x3denroll:reenroll:crls?</data></match></read>
    <write><data>quit\x2c \x2c \x2c !</data></write>
</replay>
</pov>