<?xml version="1.0" standalone="no" ?>
<!DOCTYPE pov SYSTEM "/usr/share/cgc-docs/replay.dtd">
<pov>
<cbid>service</cbid>
<seed>79e6b418f9b638823d31e5be5d5609592f64fcf86ccc7d1fae595596662613b380a5c85b553054658320534f4582f6a3</seed>
<replay>
    <write><data>newTokens\x2cUserPass\x2c1532\x2cuser\x2fpass\x2cUse\x3denroll:newTokens:refreshToken:revokeToken!</data></write>
    <read><delim>?</delim><match><pcre>Token=20000000;Expiration=(.*);Use=enroll:newTokens:refreshToken:revokeToken?</pcre></match></read>
    <write><data>enroll\x2cToken\x2c1533\x2cToken\x3d20000000\x3bExpiration\x3d100\x3bUse\x3denroll:newTokens:refreshToken:revokeToken</data></write>
    <write><data>\x2cSubject\x3dyILHQIBnNQwFLtfgdoOl\x3bKey\x3dIUDsIXR3E\x3bUse\x3denroll:reenroll:crls!</data></write>
    <read><delim>\x3b</delim><assign> <var>issuer</var> <pcre group="1">Issuer=(.*);</pcre> </assign></read>
    <read><delim>\x3b</delim><match><data>Subject\x3dyILHQIBnNQwFLtfgdoOl\x3b</data></match></read>
    <read><delim>\x3b</delim><match><data>Key\x3dIUDsIXR3E\x3b</data></match></read>
    <read><delim>\x3b</delim><assign> <var>signature</var> <pcre group="1">Signature=(.*);</pcre> </assign></read>
    <read><delim>\x3b</delim><assign> <var>expiration</var> <pcre group="1">Expiration=(.*);</pcre> </assign></read>
    <read><delim>?</delim><match><data>Use\x3denroll:reenroll:crls?</data></match></read>
    <write><data>refreshToken\x2cToken\x2c1534\x2cToken\x3d20000000\x3bExpiration\x3d100\x3bUse\x3denroll:newTokens:refreshToken:revokeToken</data></write>
    <write><data>\x2c</data></write>
    <write><data>Token\x3d20000000\x3bExpiration\x3d100\x3bUse\x3denroll:newTokens:refreshToken:revokeToken</data></write>
    <write><data>!</data></write>
    <read><delim>?</delim><match><pcre>Token=20000000;Expiration=(.*);Use=enroll:newTokens:refreshToken:revokeToken?</pcre></match></read>
    <write><data>newTokens\x2cUserPass\x2c1535\x2cuser\x2fpass\x2cUse\x3denroll:newTokens:refreshToken:revokeToken!</data></write>
    <read><delim>?</delim><match><pcre>Token=30000000;Expiration=(.*);Use=enroll:newTokens:refreshToken:revokeToken?</pcre></match></read>
    <write><data>newTokens\x2cToken\x2c1536\x2cToken\x3d30000000\x3bExpiration\x3d100\x3bUse\x3denroll:newTokens:refreshToken:revokeToken</data></write>
    <write><data>\x2cUse\x3denroll:newTokens:refreshToken:revokeToken!</data></write>
    <read><delim>?</delim><match><pcre>Token=10000000;Expiration=(.*);Use=enroll:newTokens:refreshToken:revokeToken?</pcre></match></read>
    <write><data>newTokens\x2cUserPass\x2c1537\x2cuser\x2fpass\x2cUse\x3denroll:newTokens:refreshToken:revokeToken!</data></write>
    <read><delim>?</delim><match><pcre>Token=46000000;Expiration=(.*);Use=enroll:newTokens:refreshToken:revokeToken?</pcre></match></read>
    <write><data>newTokens\x2cToken\x2c1538\x2cToken\x3d46000000\x3bExpiration\x3d100\x3bUse\x3denroll:newTokens:refreshToken:revokeToken</data></write>
    <write><data>\x2cUse\x3denroll:newTokens:refreshToken:revokeToken!</data></write>
    <read><delim>?</delim><match><pcre>Token=10000000;Expiration=(.*);Use=enroll:newTokens:refreshToken:revokeToken?</pcre></match></read>
    <write><data>revokeT\x2cToken\x2c1539\x2cToken\x3d10000000\x3bExpiration\x3d100\x3bUse\x3denroll:newTokens:refreshToken:revokeToken</data></write>
    <write><data>\x2c</data></write>
    <write><data>Token\x3d10000000\x3bExpiration\x3d100\x3bUse\x3denroll:newTokens:refreshToken:revokeToken</data></write>
    <write><data>!</data></write>
    <read><delim>?</delim><match><data>Response\x3dToken Revoked?</data></match></read>
    <write><data>refreshToken\x2cToken\x2c1540\x2cToken\x3d46000000\x3bExpiration\x3d100\x3bUse\x3denroll:newTokens:refreshToken:revokeToken</data></write>
    <write><data>\x2c</data></write>
    <write><data>Token\x3d46000000\x3bExpiration\x3d100\x3bUse\x3denroll:newTokens:refreshToken:revokeToken</data></write>
    <write><data>!</data></write>
    <read><delim>?</delim><match><pcre>Token=46000000;Expiration=(.*);Use=enroll:newTokens:refreshToken:revokeToken?</pcre></match></read>
    <write><data>newTokens\x2cToken\x2c1541\x2cToken\x3d46000000\x3bExpiration\x3d100\x3bUse\x3denroll:newTokens:refreshToken:revokeToken</data></write>
    <write><data>\x2cUse\x3denroll:newTokens:refreshToken:revokeToken!</data></write>
    <read><delim>?</delim><match><pcre>Token=20000000;Expiration=(.*);Use=enroll:newTokens:refreshToken:revokeToken?</pcre></match></read>
    <write><data>newTokens\x2cToken\x2c1542\x2cToken\x3d20000000\x3bExpiration\x3d100\x3bUse\x3denroll:newTokens:refreshToken:revokeToken</data></write>
    <write><data>\x2cUse\x3denroll:newTokens:refreshToken:revokeToken!</data></write>
    <read><delim>?</delim><match><pcre>Token=20000000;Expiration=(.*);Use=enroll:newTokens:refreshToken:revokeToken?</pcre></match></read>
    <write><data>revokeT\x2cToken\x2c1543\x2cToken\x3d20000000\x3bExpiration\x3d100\x3bUse\x3denroll:newTokens:refreshToken:revokeToken</data></write>
    <write><data>\x2c</data></write>
    <write><data>Token\x3d20000000\x3bExpiration\x3d100\x3bUse\x3denroll:newTokens:refreshToken:revokeToken</data></write>
    <write><data>!</data></write>
    <read><delim>?</delim><match><data>Response\x3dToken Revoked?</data></match></read>
    <write><data>newTokens\x2cUserPass\x2c1544\x2cuser\x2fpass\x2cUse\x3denroll:newTokens:refreshToken:revokeToken!</data></write>
    <read><delim>?</delim><match><pcre>Token=22000000;Expiration=(.*);Use=enroll:newTokens:refreshToken:revokeToken?</pcre></match></read>
    <write><data>quit\x2c \x2c \x2c !</data></write>
</replay>
</pov>