<?xml version="1.0" standalone="no" ?>
<!DOCTYPE pov SYSTEM "/usr/share/cgc-docs/replay.dtd">
<pov>
<cbid>service</cbid>
<seed>4aa42c09a7ecba358589e4ff6bc941314b86b9f9c9faf6648c9117891b25ff93cdad7ac2fcdac1ea7b354621605c1b33</seed>
<replay>
    <write><data>\x00\xe5\xb9\x7f\x5f\x06\xa5</data></write>
    <read><length>1</length><match><data>\x00</data></match></read>
    <write><data>\x01\x00\x2b\xe5\x07I\x96\x19uy\x90\x7f\x1e\xdag\x95\x9d\x60\x5f\x2a2\x9f\x0a\xf1\x7f\xc1c\x10\xf2\x5f10\xc9\x19A\xb9\xe5\x06\x07I\x96\x19uy\x90\xb9</data></write>
    <read><length>1</length><match><data>\x00</data></match></read>
    <read><length>4</length><match><data>\x01\x00\x00\x00</data></match></read>
    <write><data>\x00\xbbc\xf0G\x05\x25</data></write>
    <read><length>1</length><match><data>\x00</data></match></read>
    <write><data>\x05\x01\x00\x00\x00</data></write>
    <read><length>1</length><match><data>\x00</data></match></read>
    <read><length>9</length><match><data>\x00\x07\x07I\x96\x19uy\x90</data></match></read>
    <write><data>\x05\x01\x00\x00\x00</data></write>
    <read><length>1</length><match><data>\x00</data></match></read>
    <read><length>9</length><match><data>\x00\x07\x07I\x96\x19uy\x90</data></match></read>
    <write><data>\x06\x01\x00\x00\x00</data></write>
    <read><length>1</length><match><data>\x05</data></match></read>
    <write><data>\x05\x01\x00\x00\x00</data></write>
    <read><length>1</length><match><data>\x00</data></match></read>
    <read><length>9</length><match><data>\x00\x07\x07I\x96\x19uy\x90</data></match></read>
    <write><data>\x07\x01\x00\x00\x00\x00\x7c\x83\x1e\xdag\x95\x9d\x60\x00\x2a2\x9f\x0a\xf1\x00\x83\x1e\xdag\x95\x9d\x60\x00\x2a2\x9f\x0a\xf1\x00\x81\x07I\x96\x19uy\x90\x00\x83\xc1c\x10\xf2\x0010\xc9\x19A\x00\x83\x1e\xdag\x95\x9d\x60\x00\x2a2\x9f\x0a\xf1\x00\x83\xc1c\x10\xf2\x0010\xc9\x19A\x00\x83\x1e\xdag\x95\x9d\x60\x00\x2a2\x9f\x0a\xf1\x00\x83\x1e\xdag\x95\x9d\x60\x00\x2a2\x9f\x0a\xf1\x00\x81\x07I\x96\x19uy\x90\x00\x83\xc1c\x10\xf2\x0010\xc9\x19A\x00</data></write>
    <read><length>1</length><match><data>\x00</data></match></read>
    <read><length>4</length><match><data>\x02\x00\x00\x00</data></match></read>
    <write><data>\x07\x01\x00\x00\x00\x00o\x81\x07I\x96\x19uy\x90\x00\x83\x1e\xdag\x95\x9d\x60\x00\x2a2\x9f\x0a\xf1\x00\x81\x07I\x96\x19uy\x90\x00\x83\x1e\xdag\x95\x9d\x60\x00\x2a2\x9f\x0a\xf1\x00\x81\x07I\x96\x19uy\x90\x00\x83\xc1c\x10\xf2\x0010\xc9\x19A\x00\x81\x07I\x96\x19uy\x90\x00\x81\x07I\x96\x19uy\x90\x00\x83\x1e\xdag\x95\x9d\x60\x00\x2a2\x9f\x0a\xf1\x00\x83\xc1c\x10\xf2\x0010\xc9\x19A\x00</data></write>
    <read><length>1</length><match><data>\x00</data></match></read>
    <read><length>4</length><match><data>\x03\x00\x00\x00</data></match></read>
    <write><data>\x01\x00\x93\xbb\x80\xa4\x0e\xcd\xa5\xf0\xbf\xc3\x88\x2b\xc0\xe2\xd6\x89GR\xf6\xe4\xf0Q\x1b\x83G\xc9\xdd\xa8\x94\xc1\xf0b\x2b\x9fA\xd4G\xb1\x06M\x18\xe9\xf0\x87\x40\x5d\x9aG\x2ag\xdf\xfb\x1f\x3d\x13\xc0\xf0\xac\x7b\x08\xd4G\xc0\xf9\xab\xf7\xb2\xbe\xc0\xb4c\xbb\x85\x93J\x95c\xbb\x05\x85\x93J\x95c\xbb\xab\x9a\xef\xad\xf0\xff\xe8\x90oD\x29\xa5\xf8G\xfdk\xf5r\xf0!\x9eu\xc49G\x1d\x5eU1\xb0\x2a\x80\xa0\xf0J9\xc1\xbf3\x25\xbbG\xea\x12\xfdL0c\xbb\x05\xab\x9a\xef\xadc\xbb\x05\x80\xa4\x0e\xcd\xa5c</data></write>
    <read><length>1</length><match><data>\x00</data></match></read>
    <read><length>4</length><match><data>\x04\x00\x00\x00</data></match></read>
    <write><data>\x04\x04\x00\x00\x00</data></write>
    <read><length>1</length><match><data>\x00</data></match></read>
    <read><length>2</length><match><data>\x00\x05</data></match></read>
    <read><length>34</length></read>
    <write><data>\x000\x9c\xf5J\xf6\xe4</data></write>
    <read><length>1</length><match><data>\x00</data></match></read>
    <write><data>\x01\x00\x130\x88\x07\x13\x06\xfe\x18\x96\x9c0\xf6\x88\x07\x13\x06\xfe\x18\x96\x9c</data></write>
    <read><length>1</length><match><data>\x00</data></match></read>
    <read><length>4</length><match><data>\x05\x00\x00\x00</data></match></read>
    <write><data>\x07\x02\x00\x00\x00\x00\xc0\x83\xc1c\x10\xf2\x0010\xc9\x19A\x00\x83\x1e\xdag\x95\x9d\x60\x00\x2a2\x9f\x0a\xf1\x00\x83\xc1c\x10\xf2\x0010\xc9\x19A\x00\x81\x07I\x96\x19uy\x90\x00\x81\x07I\x96\x19uy\x90\x00\x83\x1e\xdag\x95\x9d\x60\x00\x2a2\x9f\x0a\xf1\x00\x83\x1e\xdag\x95\x9d\x60\x00\x2a2\x9f\x0a\xf1\x00\x83\x1e\xdag\x95\x9d\x60\x00\x2a2\x9f\x0a\xf1\x00\x83\x1e\xdag\x95\x9d\x60\x00\x2a2\x9f\x0a\xf1\x00\x83\x1e\xdag\x95\x9d\x60\x00\x2a2\x9f\x0a\xf1\x00\x81\x07I\x96\x19uy\x90\x00\x83\xc1c\x10\xf2\x0010\xc9\x19A\x00\x83\xc1c\x10\xf2\x0010\xc9\x19A\x00\x81\x07I\x96\x19uy\x90\x00\x83\xc1c\x10\xf2\x0010\xc9\x19A\x00\x83\xc1c\x10\xf2\x0010\xc9\x19A\x00</data></write>
    <read><length>1</length><match><data>\x00</data></match></read>
    <read><length>4</length><match><data>\x06\x00\x00\x00</data></match></read>
    <write><data>\x04\x04\x00\x00\x00</data></write>
    <read><length>1</length><match><data>\x00</data></match></read>
    <read><length>2</length><match><data>\x00\x05</data></match></read>
    <read><length>34</length></read>
    <write><data>\x00\xbel\x22\x2c\x7fC</data></write>
    <read><length>1</length><match><data>\x00</data></match></read>
    <write><data>\x02\x02\x00\x00\x00\x00\x04\xc1c\x10\xf2</data></write>
    <read><length>1</length><match><data>\x00</data></match></read>
    <read><length>7</length><match><data>\x00\x0510\xc9\x19A</data></match></read>
    <write><data>\x05\x03\x00\x00\x00</data></write>
    <read><length>1</length><match><data>\x00</data></match></read>
    <read><length>9</length><match><data>\x00\x07\x07I\x96\x19uy\x90</data></match></read>
    <write><data>\x03\x02\x00\x00\x00\x00\x05\x9bs\xbe\xfe\xc2\x00\x08\xa6\xd8\xbc5\xdd\x1e\xc1\x04</data></write>
    <read><length>1</length><match><data>\x00</data></match></read>
    <write><data>\x01\x00\xb3\xbe8\x04\x2a Gl\xbe\xbb\xfb\x13\xa6x\xa5l\xbe\x7f\xbb\xfb\x13\xa6x\xa5l\xbe\xb0\xfdN\x03l\xbe\xe5B\xa5\x8f\xb9\xcb\xd2l\xbe\x7f\xe5B\xa5\x8f\xb9\xcb\xd2l\xbe\xd3\xb5\xc0Y\x0cl\xbe\x7f\xd3\xb5\xc0Y\x0cl\xbe\xde\x10I\x26\x22\x08\x88\xc0\xd7p\x11\x94\x2c:\xe6\x8b\xca\x22\xbdM\x16\x90\x06\xf8\x2c\xbcCCt\xfe\x05\x9cb\x22\xc4\x90U\x7c\x0d\x2c\x8c\xaa\xb4F\x7d\x22\x0c\xf8i\x2c\xebr\xeb0\x2f\xec\xa4\x22\x87\x07\x12\x15\xaf\xa3\xee\xa6\x2c\xc5\xa1\xc6\x3cpl\xbe\x7f\xde\x10I\x26l\xbeD\xb0\xe9\xd8G\x90\xcdl\xbe\x7fD\xb0\xe9\xd8G\x90\xcdl\xbe\x7f\xb0\xfdN\x03l\xbe\x7f8\x04\x2a Gl</data></write>
    <read><length>1</length><match><data>\x00</data></match></read>
    <read><length>4</length><match><data>\x07\x00\x00\x00</data></match></read>
    <write><data>\x02\x02\x00\x00\x00\x00\x06\x1e\xdag\x95\x9d\x60</data></write>
    <read><length>1</length><match><data>\x00</data></match></read>
    <read><length>7</length><match><data>\x00\x05\x2a2\x9f\x0a\xf1</data></match></read>
    <write><data>\x04\x02\x00\x00\x00</data></write>
    <read><length>1</length><match><data>\x00</data></match></read>
    <read><length>2</length><match><data>\x00\x03</data></match></read>
    <read><length>21</length></read>
    <write><data>\x02\x05\x00\x00\x00\x00\x08\x28\x0d\xe4\xcch\xb2\xb5\x5e</data></write>
    <read><length>1</length><match><data>\x05</data></match></read>
    <write><data>\x04\x02\x00\x00\x00</data></write>
    <read><length>1</length><match><data>\x00</data></match></read>
    <read><length>2</length><match><data>\x00\x03</data></match></read>
    <read><length>21</length></read>
    <write><data>\x07\x05\x00\x00\x00\x00\xb4\x81\x88\x07\x13\x06\xfe\x18\x96\x00\x81\x88\x07\x13\x06\xfe\x18\x96\x00\x81\x88\x07\x13\x06\xfe\x18\x96\x00\x81\x88\x07\x13\x06\xfe\x18\x96\x00\x81\x88\x07\x13\x06\xfe\x18\x96\x00\x81\x88\x07\x13\x06\xfe\x18\x96\x00\x81\x88\x07\x13\x06\xfe\x18\x96\x00\x81\x88\x07\x13\x06\xfe\x18\x96\x00\x81\x88\x07\x13\x06\xfe\x18\x96\x00\x81\x88\x07\x13\x06\xfe\x18\x96\x00\x81\x88\x07\x13\x06\xfe\x18\x96\x00\x81\x88\x07\x13\x06\xfe\x18\x96\x00\x81\x88\x07\x13\x06\xfe\x18\x96\x00\x81\x88\x07\x13\x06\xfe\x18\x96\x00\x81\x88\x07\x13\x06\xfe\x18\x96\x00\x81\x88\x07\x13\x06\xfe\x18\x96\x00\x81\x88\x07\x13\x06\xfe\x18\x96\x00\x81\x88\x07\x13\x06\xfe\x18\x96\x00\x81\x88\x07\x13\x06\xfe\x18\x96\x00\x81\x88\x07\x13\x06\xfe\x18\x96\x00</data></write>
    <read><length>1</length><match><data>\x00</data></match></read>
    <read><length>4</length><match><data>\x08\x00\x00\x00</data></match></read>
    <write><data>\x04\x04\x00\x00\x00</data></write>
    <read><length>1</length><match><data>\x00</data></match></read>
    <read><length>2</length><match><data>\x00\x05</data></match></read>
    <read><length>34</length></read>
    <write><data>\x05\x01\x00\x00\x00</data></write>
    <read><length>1</length><match><data>\x00</data></match></read>
    <read><length>9</length><match><data>\x00\x07\x07I\x96\x19uy\x90</data></match></read>
    <write><data>\x04\x03\x00\x00\x00</data></write>
    <read><length>1</length><match><data>\x00</data></match></read>
    <read><length>2</length><match><data>\x00\x03</data></match></read>
    <read><length>21</length></read>
    <write><data>\x05\x04\x00\x00\x00</data></write>
    <read><length>1</length><match><data>\x00</data></match></read>
    <read><length>7</length><match><data>\x00\x05\x80\xa4\x0e\xcd\xa5</data></match></read>
    <write><data>\x03\x08\x00\x00\x00\x00\x05\x24n4\x1ch\x00\x03 2!</data></write>
    <read><length>1</length><match><data>\x00</data></match></read>
    <write><data>\x03\x04\x00\x00\x00\x00\x03\xe3\x13\x40\x00\x08\xe8\xf7\xa8\x11\xa2\x88\xa3\x06</data></write>
    <read><length>1</length><match><data>\x00</data></match></read>
    <write><data>\x02\x01\x00\x00\x00\x00\x06\x1e\xdag\x95\x9d\x60</data></write>
    <read><length>1</length><match><data>\x00</data></match></read>
    <read><length>7</length><match><data>\x00\x05\x2a2\x9f\x0a\xf1</data></match></read>
    <write><data>\x07\x01\x00\x00\x00\x00u\x81\x07I\x96\x19uy\x90\x00\x81\x07I\x96\x19uy\x90\x00\x83\x1e\xdag\x95\x9d\x60\x00\x2a2\x9f\x0a\xf1\x00\x83\xc1c\x10\xf2\x0010\xc9\x19A\x00\x83\x9bs\xbe\xfe\xc2\x00\xa6\xd8\xbc5\xdd\x1e\xc1\x04\x00\x81\x07I\x96\x19uy\x90\x00\x81\x07I\x96\x19uy\x90\x00\x81\x07I\x96\x19uy\x90\x00\x83\x9bs\xbe\xfe\xc2\x00\xa6\xd8\xbc5\xdd\x1e\xc1\x04\x00\x83\x1e\xdag\x95\x9d\x60\x00\x2a2\x9f\x0a\xf1\x00</data></write>
    <read><length>1</length><match><data>\x00</data></match></read>
    <read><length>4</length><match><data>\x09\x00\x00\x00</data></match></read>
    <write><data>\x02\x01\x00\x00\x00\x00\x04\xc1c\x10\xf2</data></write>
    <read><length>1</length><match><data>\x00</data></match></read>
    <read><length>7</length><match><data>\x00\x0510\xc9\x19A</data></match></read>
    <write><data>\x02\x04\x00\x00\x00\x00\x03Q\x1b\x83</data></write>
    <read><length>1</length><match><data>\x00</data></match></read>
    <read><length>7</length><match><data>\x00\x05\xc9\xdd\xa8\x94\xc1</data></match></read>
    <write><data>\x05\x04\x00\x00\x00</data></write>
    <read><length>1</length><match><data>\x00</data></match></read>
    <read><length>7</length><match><data>\x00\x05\x80\xa4\x0e\xcd\xa5</data></match></read>
    <write><data>\x05\x08\x00\x00\x00</data></write>
    <read><length>1</length><match><data>\x00</data></match></read>
    <read><length>9</length><match><data>\x00\x07\x88\x07\x13\x06\xfe\x18\x96</data></match></read>
    <write><data>\x00\x96y\x7d\xc4\x14\xfd</data></write>
    <read><length>1</length><match><data>\x00</data></match></read>
    <write><data>\x01\x00\x0b\x96\x1a\x24\xfey\x96\x14\x1a\x24\xfey</data></write>
    <read><length>1</length><match><data>\x00</data></match></read>
    <read><length>4</length><match><data>\x0a\x00\x00\x00</data></match></read>
    <write><data>\x05\x0a\x00\x00\x00</data></write>
    <read><length>1</length><match><data>\x00</data></match></read>
    <read><length>5</length><match><data>\x00\x03\x1a\x24\xfe</data></match></read>
    <write><data>\x06\x09\x00\x00\x00</data></write>
    <read><length>1</length><match><data>\x05</data></match></read>
    <write><data>\x06\x09\x00\x00\x00</data></write>
    <read><length>1</length><match><data>\x05</data></match></read>
    <write><data>\x00\x1c\x94M\xe4\x9f\xf8</data></write>
    <read><length>1</length><match><data>\x00</data></match></read>
    <write><data>\x04\x09\x00\x00\x00</data></write>
    <read><length>1</length><match><data>\x00</data></match></read>
    <read><length>2</length><match><data>\x00\x03</data></match></read>
    <read><length>21</length></read>
    <write><data>\x06\x04\x00\x00\x00</data></write>
    <read><length>1</length><match><data>\x05</data></match></read>
    <write><data>\x03\x06\x00\x00\x00\x00\x07\xb7\xcc\x13z\xd9\xb1\xe2\x00\x05\x91g\xe4Q6</data></write>
    <read><length>1</length><match><data>\x00</data></match></read>
    <write><data>\x00dh7\x7e\xb5l</data></write>
    <read><length>1</length><match><data>\x00</data></match></read>
    <write><data>\x01\x00\x0fd\x1e\x3e\xa1\x22\xb4hd\xb5\x1e\x3e\xa1\x22\xb4h</data></write>
    <read><length>1</length><match><data>\x00</data></match></read>
    <read><length>4</length><match><data>\x0b\x00\x00\x00</data></match></read>
    <write><data>\x07\x02\x00\x00\x00\x00\xcd\x83\x1e\xdag\x95\x9d\x60\x00\x2a2\x9f\x0a\xf1\x00\x83\x1e\xdag\x95\x9d\x60\x00\x2a2\x9f\x0a\xf1\x00\x81\x07I\x96\x19uy\x90\x00\x81\x07I\x96\x19uy\x90\x00\x81\x07I\x96\x19uy\x90\x00\x81\x07I\x96\x19uy\x90\x00\x83\x9bs\xbe\xfe\xc2\x00\xa6\xd8\xbc5\xdd\x1e\xc1\x04\x00\x83\x1e\xdag\x95\x9d\x60\x00\x2a2\x9f\x0a\xf1\x00\x81\x07I\x96\x19uy\x90\x00\x83\x9bs\xbe\xfe\xc2\x00\xa6\xd8\xbc5\xdd\x1e\xc1\x04\x00\x83\x9bs\xbe\xfe\xc2\x00\xa6\xd8\xbc5\xdd\x1e\xc1\x04\x00\x83\xc1c\x10\xf2\x0010\xc9\x19A\x00\x81\x07I\x96\x19uy\x90\x00\x83\x9bs\xbe\xfe\xc2\x00\xa6\xd8\xbc5\xdd\x1e\xc1\x04\x00\x81\x07I\x96\x19uy\x90\x00\x81\x07I\x96\x19uy\x90\x00\x83\xb7\xcc\x13z\xd9\xb1\xe2\x00\x91g\xe4Q6\x00</data></write>
    <read><length>1</length><match><data>\x00</data></match></read>
    <read><length>4</length><match><data>\x0c\x00\x00\x00</data></match></read>
    <write><data>\x07\x07\x00\x00\x00\x00\xb5\x818\x04\x2a G\x00\x02\x83\xc4\x90U\x7c\x0d\x00\x8c\xaa\xb4F\x7d\x00\x81\xde\x10I\x26\x00\x81\xde\x10I\x26\x00\x81\xde\x10I\x26\x00\x83\xc4\x90U\x7c\x0d\x00\x8c\xaa\xb4F\x7d\x00\x81\xde\x10I\x26\x00\x81\xde\x10I\x26\x00\x81\xde\x10I\x26\x00\x81\xde\x10I\x26\x00\x83\x87\x07\x12\x15\xaf\xa3\xee\xa6\x00\xc5\xa1\xc6\x3cp\x00\x81\xde\x10I\x26\x00\x83\xbdM\x16\x90\x06\xf8\x00\xbcCt\xfe\x05\x9cb\x00\x83\x0c\xf8i\x00\xebr\xeb0\x2f\xec\xa4\x00\x83\xbdM\x16\x90\x06\xf8\x00\xbcCt\xfe\x05\x9cb\x00\x81\xde\x10I\x26\x00\x83\xbdM\x16\x90\x06\xf8\x00\xbcCt\xfe\x05\x9cb\x00\x83\x87\x07\x12\x15\xaf\xa3\xee\xa6\x00\xc5\xa1\xc6\x3cp\x00</data></write>
    <read><length>1</length><match><data>\x00</data></match></read>
    <read><length>4</length><match><data>\x0d\x00\x00\x00</data></match></read>
    <write><data>\x06\x0c\x00\x00\x00</data></write>
    <read><length>1</length><match><data>\x05</data></match></read>
    <write><data>\x06\x0d\x00\x00\x00</data></write>
    <read><length>1</length><match><data>\x05</data></match></read>
    <write><data>\x03\x04\x00\x00\x00\x00\x07\xad\x88\x1aNr\xcc\x19\x00\x03\xff\xe92</data></write>
    <read><length>1</length><match><data>\x00</data></match></read>
    <write><data>\x00Bjt\xb7:\xe9</data></write>
    <read><length>1</length><match><data>\x00</data></match></read>
    <write><data>\x04\x0d\x00\x00\x00</data></write>
    <read><length>1</length><match><data>\x00</data></match></read>
    <read><length>2</length><match><data>\x00\x05</data></match></read>
    <read><length>39</length></read>
    <write><data>\x03\x0d\x00\x00\x00\x00\x08\x92\xa8p\xe1W\x2c\xf3f\x00\x06k\x3b\xcb\x1dY\xec</data></write>
    <read><length>1</length><match><data>\x00</data></match></read>
    <write><data>\x02\x02\x00\x00\x00\x00\x06\x1e\xdag\x95\x9d\x60</data></write>
    <read><length>1</length><match><data>\x00</data></match></read>
    <read><length>7</length><match><data>\x00\x05\x2a2\x9f\x0a\xf1</data></match></read>
    <write><data>\x04\x06\x00\x00\x00</data></write>
    <read><length>1</length><match><data>\x00</data></match></read>
    <read><length>2</length><match><data>\x00\x04</data></match></read>
    <read><length>30</length></read>
    <write><data>\x00\xaey\x01\xb2bN</data></write>
    <read><length>1</length><match><data>\x00</data></match></read>
    <write><data>\x00Y\xc6\x2b\x8d\xac\x9c</data></write>
    <read><length>1</length><match><data>\x00</data></match></read>
    <write><data>\x06\x0b\x00\x00\x00</data></write>
    <read><length>1</length><match><data>\x05</data></match></read>
    <write><data>\x06\x01\x00\x00\x00</data></write>
    <read><length>1</length><match><data>\x05</data></match></read>
    <write><data>\x05\x0a\x00\x00\x00</data></write>
    <read><length>1</length><match><data>\x00</data></match></read>
    <read><length>5</length><match><data>\x00\x03\x1a\x24\xfe</data></match></read>
    <write><data>\x02\x07\x00\x00\x00\x00\x08\xd4\xd3\x8f:6Y\xa6\xb2</data></write>
    <read><length>1</length><match><data>\x05</data></match></read>
    <write><data>\x03\x0d\x00\x00\x00\x00\x05A\x09\x82\x04\x2d\x00\x06\x96\xdd\x1a\x0c\x83\xd9</data></write>
    <read><length>1</length><match><data>\x00</data></match></read>
    <write><data>\x07\x02\x00\x00\x00\x00\x8e\x81\x07I\x96\x19uy\x90\x00\x83\x1e\xdag\x95\x9d\x60\x00\x2a2\x9f\x0a\xf1\x00\x83\xb7\xcc\x13z\xd9\xb1\xe2\x00\x91g\xe4Q6\x00\x81\x07I\x96\x19uy\x90\x00\x83\x1e\xdag\x95\x9d\x60\x00\x2a2\x9f\x0a\xf1\x00\x83\xc1c\x10\xf2\x0010\xc9\x19A\x00\x81\x07I\x96\x19uy\x90\x00\x81\x07I\x96\x19uy\x90\x00\x83\xc1c\x10\xf2\x0010\xc9\x19A\x00\x81\x07I\x96\x19uy\x90\x00\x81\x07I\x96\x19uy\x90\x00\x83\xc1c\x10\xf2\x0010\xc9\x19A\x00\x81\x07I\x96\x19uy\x90\x00</data></write>
    <read><length>1</length><match><data>\x00</data></match></read>
    <read><length>4</length><match><data>\x0e\x00\x00\x00</data></match></read>
    <write><data>\x03\x04\x00\x00\x00\x00\x06\xd1\x85\x87ui9\x00\x04\x2f\xe6X\x0f</data></write>
    <read><length>1</length><match><data>\x00</data></match></read>
    <write><data>\x01\x00\x0dY\xb2\x93bj\xc6Y\xac\xb2\x93bj\xc6</data></write>
    <read><length>1</length><match><data>\x00</data></match></read>
    <read><length>4</length><match><data>\x0f\x00\x00\x00</data></match></read>
    <write><data>\x00\x60p\x9bK\xee\xfd</data></write>
    <read><length>1</length><match><data>\x00</data></match></read>
    <write><data>\x07\x04\x00\x00\x00\x00\x9d\x83b\x2b\x9fA\xd4\x00\xb1\x06M\x18\xe9\x00\x81\x80\xa4\x0e\xcd\xa5\x00\x81\x80\xa4\x0e\xcd\xa5\x00\x02\x83J9\xc1\xbf3\xbb\x00\xea\x12\xfdL0\x00\x83!\x9eu\xc49\x00\x1d\x5eU1\xb0\x2a\x80\xa0\x00\x83J9\xc1\xbf3\xbb\x00\xea\x12\xfdL0\x00\x81\xab\x9a\xef\xad\x00\x81\xab\x9a\xef\xad\x00\x81\xab\x9a\xef\xad\x00\x83!\x9eu\xc49\x00\x1d\x5eU1\xb0\x2a\x80\xa0\x00\x81\xab\x9a\xef\xad\x00\x83!\x9eu\xc49\x00\x1d\x5eU1\xb0\x2a\x80\xa0\x00\x83J9\xc1\xbf3\xbb\x00\xea\x12\xfdL0\x00\x83\xff\xe8\x90oD\x29\xa5\xf8\x00\xfdk\xf5r\x00</data></write>
    <read><length>1</length><match><data>\x00</data></match></read>
    <read><length>4</length><match><data>\x10\x00\x00\x00</data></match></read>
    <write><data>\x02\x07\x00\x00\x00\x00\x08\xc1?\x95\xd3\xfb\x3b?\xfd</data></write>
    <read><length>1</length><match><data>\x05</data></match></read>
    <write><data>\x03\x04\x00\x00\x00\x00\x03\x1a\xa1\x0a\x00\x05\x1e\x5c\xcey\xa7</data></write>
    <read><length>1</length><match><data>\x00</data></match></read>
    <write><data>\x03\x0e\x00\x00\x00\x00\x03\xfe\x9a\xa3\x00\x03\xd8\x1d\x89</data></write>
    <read><length>1</length><match><data>\x00</data></match></read>
    <write><data>\x07\x06\x00\x00\x00\x00\xda\x83\xfe\x9a\xa3\x00\xd8\x1d\x89\x00\x81\x07I\x96\x19uy\x90\x00\x81\x07I\x96\x19uy\x90\x00\x83\x1e\xdag\x95\x9d\x60\x00\x2a2\x9f\x0a\xf1\x00\x83\x1e\xdag\x95\x9d\x60\x00\x2a2\x9f\x0a\xf1\x00\x83\xb7\xcc\x13z\xd9\xb1\xe2\x00\x91g\xe4Q6\x00\x83\xc1c\x10\xf2\x0010\xc9\x19A\x00\x83\x1e\xdag\x95\x9d\x60\x00\x2a2\x9f\x0a\xf1\x00\x81\x07I\x96\x19uy\x90\x00\x83\x1e\xdag\x95\x9d\x60\x00\x2a2\x9f\x0a\xf1\x00\x83\x1e\xdag\x95\x9d\x60\x00\x2a2\x9f\x0a\xf1\x00\x81\x07I\x96\x19uy\x90\x00\x81\x07I\x96\x19uy\x90\x00\x83\x9bs\xbe\xfe\xc2\x00\xa6\xd8\xbc5\xdd\x1e\xc1\x04\x00\x83\xb7\xcc\x13z\xd9\xb1\xe2\x00\x91g\xe4Q6\x00\x81\x07I\x96\x19uy\x90\x00\x81\x07I\x96\x19uy\x90\x00\x81\x07I\x96\x19uy\x90\x00\x81\x07I\x96\x19uy\x90\x00</data></write>
    <read><length>1</length><match><data>\x00</data></match></read>
    <read><length>4</length><match><data>\x11\x00\x00\x00</data></match></read>
    <write><data>\x02\x04\x00\x00\x00\x00\x04\xac\x7b\x08\xd4</data></write>
    <read><length>1</length><match><data>\x00</data></match></read>
    <read><length>10</length><match><data>\x00\x08\xc0\xf9\xab\xf7\xb2\xbe\xc0\xb4</data></match></read>
    <write><data>\x07\x02\x00\x00\x00\x00\x90\x81\x07I\x96\x19uy\x90\x00\x83\xb7\xcc\x13z\xd9\xb1\xe2\x00\x91g\xe4Q6\x00\x83\xb7\xcc\x13z\xd9\xb1\xe2\x00\x91g\xe4Q6\x00\x81\x07I\x96\x19uy\x90\x00\x81\x07I\x96\x19uy\x90\x00\x83\xc1c\x10\xf2\x0010\xc9\x19A\x00\x81\x07I\x96\x19uy\x90\x00\x83\x9bs\xbe\xfe\xc2\x00\xa6\xd8\xbc5\xdd\x1e\xc1\x04\x00\x81\x07I\x96\x19uy\x90\x00\x83\x1e\xdag\x95\x9d\x60\x00\x2a2\x9f\x0a\xf1\x00\x83\xfe\x9a\xa3\x00\xd8\x1d\x89\x00\x81\x07I\x96\x19uy\x90\x00\x81\x07I\x96\x19uy\x90\x00</data></write>
    <read><length>1</length><match><data>\x00</data></match></read>
    <read><length>4</length><match><data>\x12\x00\x00\x00</data></match></read>
    <write><data>\x06\x12\x00\x00\x00</data></write>
    <read><length>1</length><match><data>\x05</data></match></read>
    <write><data>\x04\x0d\x00\x00\x00</data></write>
    <read><length>1</length><match><data>\x00</data></match></read>
    <read><length>2</length><match><data>\x00\x07</data></match></read>
    <read><length>56</length></read>
    <write><data>\x00e\xf4\xe3\x8c\xb2\xa7</data></write>
    <read><length>1</length><match><data>\x00</data></match></read>
    <write><data>\x04\x06\x00\x00\x00</data></write>
    <read><length>1</length><match><data>\x00</data></match></read>
    <read><length>2</length><match><data>\x00\x05</data></match></read>
    <read><length>35</length></read>
    <write><data>\x01\x00\x0fe\xd9\x88\xd2\x98l\xf4e\xb2\xd9\x88\xd2\x98l\xf4</data></write>
    <read><length>1</length><match><data>\x00</data></match></read>
    <read><length>4</length><match><data>\x13\x00\x00\x00</data></match></read>
    <write><data>\x07\x0e\x00\x00\x00\x00\xb4\x83\xb7\xcc\x13z\xd9\xb1\xe2\x00\x91g\xe4Q6\x00\x81\x07I\x96\x19uy\x90\x00\x81\x07I\x96\x19uy\x90\x00\x83\x1e\xdag\x95\x9d\x60\x00\x2a2\x9f\x0a\xf1\x00\x81\x07I\x96\x19uy\x90\x00\x83\x1e\xdag\x95\x9d\x60\x00\x2a2\x9f\x0a\xf1\x00\x81\x07I\x96\x19uy\x90\x00\x83\x9bs\xbe\xfe\xc2\x00\xa6\xd8\xbc5\xdd\x1e\xc1\x04\x00\x81\x07I\x96\x19uy\x90\x00\x81\x07I\x96\x19uy\x90\x00\x81\x07I\x96\x19uy\x90\x00\x81\x07I\x96\x19uy\x90\x00\x81\x07I\x96\x19uy\x90\x00\x83\xb7\xcc\x13z\xd9\xb1\xe2\x00\x91g\xe4Q6\x00\x83\x9bs\xbe\xfe\xc2\x00\xa6\xd8\xbc5\xdd\x1e\xc1\x04\x00\x81\x07I\x96\x19uy\x90\x00</data></write>
    <read><length>1</length><match><data>\x00</data></match></read>
    <read><length>4</length><match><data>\x14\x00\x00\x00</data></match></read>
    <write><data>\x07\x13\x00\x00\x00\x00i\x81\xd9\x88\xd2\x98l\x00\x81\xd9\x88\xd2\x98l\x00\x81\xd9\x88\xd2\x98l\x00\x81\xd9\x88\xd2\x98l\x00\x81\xd9\x88\xd2\x98l\x00\x81\xd9\x88\xd2\x98l\x00\x81\xd9\x88\xd2\x98l\x00\x81\xd9\x88\xd2\x98l\x00\x81\xd9\x88\xd2\x98l\x00\x81\xd9\x88\xd2\x98l\x00\x81\xd9\x88\xd2\x98l\x00\x81\xd9\x88\xd2\x98l\x00\x81\xd9\x88\xd2\x98l\x00\x81\xd9\x88\xd2\x98l\x00\x81\xd9\x88\xd2\x98l\x00</data></write>
    <read><length>1</length><match><data>\x00</data></match></read>
    <read><length>4</length><match><data>\x15\x00\x00\x00</data></match></read>
    <write><data>\x07\x11\x00\x00\x00\x00x\x81\x07I\x96\x19uy\x90\x00\x83\xc1c\x10\xf2\x0010\xc9\x19A\x00\x83\xc1c\x10\xf2\x0010\xc9\x19A\x00\x83\xfe\x9a\xa3\x00\xd8\x1d\x89\x00\x83\xc1c\x10\xf2\x0010\xc9\x19A\x00\x81\x07I\x96\x19uy\x90\x00\x81\x07I\x96\x19uy\x90\x00\x81\x07I\x96\x19uy\x90\x00\x83\xb7\xcc\x13z\xd9\xb1\xe2\x00\x91g\xe4Q6\x00\x83\xb7\xcc\x13z\xd9\xb1\xe2\x00\x91g\xe4Q6\x00\x83\xfe\x9a\xa3\x00\xd8\x1d\x89\x00</data></write>
    <read><length>1</length><match><data>\x00</data></match></read>
    <read><length>4</length><match><data>\x16\x00\x00\x00</data></match></read>
    <write><data>\x03\x0b\x00\x00\x00\x00\x07C7u\x22\x9a\x7b\xf1\x00\x08\x0d\xe2\x2d\x22\x08\xb1\x7eb</data></write>
    <read><length>1</length><match><data>\x00</data></match></read>
    <write><data>\x02\x16\x00\x00\x00\x00\x03\xfe\x9a\xa3</data></write>
    <read><length>1</length><match><data>\x00</data></match></read>
    <read><length>5</length><match><data>\x00\x03\xd8\x1d\x89</data></match></read>
    <write><data>\x02\x14\x00\x00\x00\x00\x06\x1e\xdag\x95\x9d\x60</data></write>
    <read><length>1</length><match><data>\x00</data></match></read>
    <read><length>7</length><match><data>\x00\x05\x2a2\x9f\x0a\xf1</data></match></read>
    <write><data>\x01\x009e\x86\x87\xcd\xc6\xe3qY\x5d\xedN\xd9\x8c\xa4.S\xf5\x22\xa7\xa7\xe0\x7d\xe3XV\x95\x07I\x8c\xa9z\xf8X\xe3\xc7\x5cd\xdaGJ\xdd\x8c\xac\x2aruf\x80\xe7\xf4e\xb2\x86\x87\xcd\xc6\xf4</data></write>
    <read><length>1</length><match><data>\x00</data></match></read>
    <read><length>4</length><match><data>\x17\x00\x00\x00</data></match></read>
    <write><data>\x03\x0d\x00\x00\x00\x00\x03\x2av8\x00\x08\x2f\x8e\xc5\xdcT\x28\x9c\x9e</data></write>
    <read><length>1</length><match><data>\x00</data></match></read>
    <write><data>\x06\x03\x00\x00\x00</data></write>
    <read><length>1</length><match><data>\x05</data></match></read>
    <write><data>\x04\x14\x00\x00\x00</data></write>
    <read><length>1</length><match><data>\x00</data></match></read>
    <read><length>2</length><match><data>\x00\x05</data></match></read>
    <read><length>35</length></read>
    <write><data>\x05\x04\x00\x00\x00</data></write>
    <read><length>1</length><match><data>\x00</data></match></read>
    <read><length>7</length><match><data>\x00\x05\x80\xa4\x0e\xcd\xa5</data></match></read>
    <write><data>\x06\x05\x00\x00\x00</data></write>
    <read><length>1</length><match><data>\x05</data></match></read>
    <write><data>\x01\x00\x28e\xf9W\xdd\x29\x7e\x04\xe3!\x95sK\x8cD\xd6\xa8nl\x2b\xe3s\xe8\x82\xe7o\x60\x8c\x0a\xe5\x24\xf4e\xb2\xf9W\xdd\x29\x7e\x04\xf4</data></write>
    <read><length>1</length><match><data>\x00</data></match></read>
    <read><length>4</length><match><data>\x18\x00\x00\x00</data></match></read>
    <write><data>\x04\x0e\x00\x00\x00</data></write>
    <read><length>1</length><match><data>\x00</data></match></read>
    <read><length>2</length><match><data>\x00\x05</data></match></read>
    <read><length>35</length></read>
    <write><data>\x05\x07\x00\x00\x00</data></write>
    <read><length>1</length><match><data>\x00</data></match></read>
    <read><length>7</length><match><data>\x00\x058\x04\x2a G</data></match></read>
    <write><data>\x01\x00\x0fe\x82\x84\xa2\x17\xec\xf4e\xb2\x82\x84\xa2\x17\xec\xf4</data></write>
    <read><length>1</length><match><data>\x00</data></match></read>
    <read><length>4</length><match><data>\x19\x00\x00\x00</data></match></read>
    <write><data>\x05\x03\x00\x00\x00</data></write>
    <read><length>1</length><match><data>\x00</data></match></read>
    <read><length>9</length><match><data>\x00\x07\x07I\x96\x19uy\x90</data></match></read>
    <write><data>\x03\x0d\x00\x00\x00\x00\x03\xae\xb3\x96\x00\x07\xcb\xa4U\x7b!Iy</data></write>
    <read><length>1</length><match><data>\x00</data></match></read>
    <write><data>\x06\x11\x00\x00\x00</data></write>
    <read><length>1</length><match><data>\x05</data></match></read>
    <write><data>\x03\x10\x00\x00\x00\x00\x07\x81\x88\x2a\xdd\xd5s\xa9\x00\x06?U\x3cP\xe5\xfd</data></write>
    <read><length>1</length><match><data>\x00</data></match></read>
    <write><data>\x05\x14\x00\x00\x00</data></write>
    <read><length>1</length><match><data>\x00</data></match></read>
    <read><length>9</length><match><data>\x00\x07\x07I\x96\x19uy\x90</data></match></read>
    <write><data>\x02\x16\x00\x00\x00\x00\x06\x1e\xdag\x95\x9d\x60</data></write>
    <read><length>1</length><match><data>\x00</data></match></read>
    <read><length>7</length><match><data>\x00\x05\x2a2\x9f\x0a\xf1</data></match></read>
    <write><data>\x03\x18\x00\x00\x00\x00\x07\x5d\xd2\x9f\xcde\xba\x80\x00\x05\xce.\xcc\x1f6</data></write>
    <read><length>1</length><match><data>\x00</data></match></read>
    <write><data>\x04\x17\x00\x00\x00</data></write>
    <read><length>1</length><match><data>\x00</data></match></read>
    <read><length>2</length><match><data>\x00\x03</data></match></read>
    <read><length>24</length></read>
    <write><data>\x05\x11\x00\x00\x00</data></write>
    <read><length>1</length><match><data>\x00</data></match></read>
    <read><length>9</length><match><data>\x00\x07\x07I\x96\x19uy\x90</data></match></read>
    <write><data>\x03\x10\x00\x00\x00\x00\x03\xe2?\xf6\x00\x05S08\x9a4</data></write>
    <read><length>1</length><match><data>\x00</data></match></read>
    <write><data>\x05\x18\x00\x00\x00</data></write>
    <read><length>1</length><match><data>\x00</data></match></read>
    <read><length>8</length><match><data>\x00\x06\xf9W\xdd\x29\x7e\x04</data></match></read>
    <write><data>\x04\x13\x00\x00\x00</data></write>
    <read><length>1</length><match><data>\x00</data></match></read>
    <read><length>2</length><match><data>\x00\x00</data></match></read>
    <write><data>\x05\x0b\x00\x00\x00</data></write>
    <read><length>1</length><match><data>\x00</data></match></read>
    <read><length>7</length><match><data>\x00\x05\x1e\x3e\xa1\x22\xb4</data></match></read>
    <write><data>\x03\x0a\x00\x00\x00\x00\x04F\x5d\x27\x7c\x00\x06\x08\xf3\xe0\xde\x9f\x09</data></write>
    <read><length>1</length><match><data>\x00</data></match></read>
    <write><data>\x03\x0a\x00\x00\x00\x00\x06\xac\xe9\xa2\xc8\xb6\xf6\x00\x06\xb9\x7e\xf0\x8cL\xb7</data></write>
    <read><length>1</length><match><data>\x00</data></match></read>
    <write><data>\x02\x19\x00\x00\x00\x00\x08\xf1\xdf\xdfwQ\x0eJ\x3d</data></write>
    <read><length>1</length><match><data>\x05</data></match></read>
    <write><data>\x07\x01\x00\x00\x00\x00\x95\x81\x07I\x96\x19uy\x90\x00\x81\x07I\x96\x19uy\x90\x00\x83\xc1c\x10\xf2\x0010\xc9\x19A\x00\x81\x07I\x96\x19uy\x90\x00\x83\xb7\xcc\x13z\xd9\xb1\xe2\x00\x91g\xe4Q6\x00\x83\xfe\x9a\xa3\x00\xd8\x1d\x89\x00\x83\xb7\xcc\x13z\xd9\xb1\xe2\x00\x91g\xe4Q6\x00\x83\x1e\xdag\x95\x9d\x60\x00\x2a2\x9f\x0a\xf1\x00\x81\x07I\x96\x19uy\x90\x00\x81\x07I\x96\x19uy\x90\x00\x81\x07I\x96\x19uy\x90\x00\x83\x1e\xdag\x95\x9d\x60\x00\x2a2\x9f\x0a\xf1\x00\x83\x9bs\xbe\xfe\xc2\x00\xa6\xd8\xbc5\xdd\x1e\xc1\x04\x00</data></write>
    <read><length>1</length><match><data>\x00</data></match></read>
    <read><length>4</length><match><data>\x1a\x00\x00\x00</data></match></read>
    <write><data>\x02\x19\x00\x00\x00\x00\x08\xae\xe3V\xaa\xad\x3d\x03\x15</data></write>
    <read><length>1</length><match><data>\x05</data></match></read>
    <write><data>\x07\x0a\x00\x00\x00\x00\x9f\x81\x1a\x24\xfe\x00\x81\x1a\x24\xfe\x00\x83\xac\xe9\xa2\xc8\xb6\xf6\x00\xb9\x7e\xf0\x8cL\xb7\x00\x81\x1a\x24\xfe\x00\x83\xac\xe9\xa2\xc8\xb6\xf6\x00\xb9\x7e\xf0\x8cL\xb7\x00\x81\x1a\x24\xfe\x00\x81\x1a\x24\xfe\x00\x83F\x5d\x27\x7c\x00\x08\xf3\xe0\xde\x9f\x09\x00\x81\x1a\x24\xfe\x00\x83\xac\xe9\xa2\xc8\xb6\xf6\x00\xb9\x7e\xf0\x8cL\xb7\x00\x81\x1a\x24\xfe\x00\x83\xac\xe9\xa2\xc8\xb6\xf6\x00\xb9\x7e\xf0\x8cL\xb7\x00\x81\x1a\x24\xfe\x00\x83F\x5d\x27\x7c\x00\x08\xf3\xe0\xde\x9f\x09\x00\x81\x1a\x24\xfe\x00\x83\xac\xe9\xa2\xc8\xb6\xf6\x00\xb9\x7e\xf0\x8cL\xb7\x00\x83F\x5d\x27\x7c\x00\x08\xf3\xe0\xde\x9f\x09\x00</data></write>
    <read><length>1</length><match><data>\x00</data></match></read>
    <read><length>4</length><match><data>\x1b\x00\x00\x00</data></match></read>
    <write><data>\x06\x0c\x00\x00\x00</data></write>
    <read><length>1</length><match><data>\x05</data></match></read>
    <write><data>\x02\x10\x00\x00\x00\x00\x08\xff\xe8\x90oD\x29\xa5\xf8</data></write>
    <read><length>1</length><match><data>\x00</data></match></read>
    <read><length>6</length><match><data>\x00\x04\xfdk\xf5r</data></match></read>
    <write><data>\x07\x1b\x00\x00\x00\x00\xae\x83\xac\xe9\xa2\xc8\xb6\xf6\x00\xb9\x7e\xf0\x8cL\xb7\x00\x83\xac\xe9\xa2\xc8\xb6\xf6\x00\xb9\x7e\xf0\x8cL\xb7\x00\x81\x1a\x24\xfe\x00\x83\xac\xe9\xa2\xc8\xb6\xf6\x00\xb9\x7e\xf0\x8cL\xb7\x00\x83\xac\xe9\xa2\xc8\xb6\xf6\x00\xb9\x7e\xf0\x8cL\xb7\x00\x83\xac\xe9\xa2\xc8\xb6\xf6\x00\xb9\x7e\xf0\x8cL\xb7\x00\x83\xac\xe9\xa2\xc8\xb6\xf6\x00\xb9\x7e\xf0\x8cL\xb7\x00\x83\xac\xe9\xa2\xc8\xb6\xf6\x00\xb9\x7e\xf0\x8cL\xb7\x00\x83F\x5d\x27\x7c\x00\x08\xf3\xe0\xde\x9f\x09\x00\x81\x1a\x24\xfe\x00\x81\x1a\x24\xfe\x00\x83F\x5d\x27\x7c\x00\x08\xf3\xe0\xde\x9f\x09\x00\x83F\x5d\x27\x7c\x00\x08\xf3\xe0\xde\x9f\x09\x00\x83\xac\xe9\xa2\xc8\xb6\xf6\x00\xb9\x7e\xf0\x8cL\xb7\x00</data></write>
    <read><length>1</length><match><data>\x00</data></match></read>
    <read><length>4</length><match><data>\x1c\x00\x00\x00</data></match></read>
    <write><data>\x07\x1c\x00\x00\x00\x00\xa5\x81\x1a\x24\xfe\x00\x83F\x5d\x27\x7c\x00\x08\xf3\xe0\xde\x9f\x09\x00\x83F\x5d\x27\x7c\x00\x08\xf3\xe0\xde\x9f\x09\x00\x83\xac\xe9\xa2\xc8\xb6\xf6\x00\xb9\x7e\xf0\x8cL\xb7\x00\x81\x1a\x24\xfe\x00\x83F\x5d\x27\x7c\x00\x08\xf3\xe0\xde\x9f\x09\x00\x81\x1a\x24\xfe\x00\x81\x1a\x24\xfe\x00\x83\xac\xe9\xa2\xc8\xb6\xf6\x00\xb9\x7e\xf0\x8cL\xb7\x00\x81\x1a\x24\xfe\x00\x81\x1a\x24\xfe\x00\x83\xac\xe9\xa2\xc8\xb6\xf6\x00\xb9\x7e\xf0\x8cL\xb7\x00\x83F\x5d\x27\x7c\x00\x08\xf3\xe0\xde\x9f\x09\x00\x81\x1a\x24\xfe\x00\x81\x1a\x24\xfe\x00\x81\x1a\x24\xfe\x00\x81\x1a\x24\xfe\x00\x81\x1a\x24\xfe\x00\x83F\x5d\x27\x7c\x00\x08\xf3\xe0\xde\x9f\x09\x00</data></write>
    <read><length>1</length><match><data>\x00</data></match></read>
    <read><length>4</length><match><data>\x1d\x00\x00\x00</data></match></read>
    <write><data>\x06\x10\x00\x00\x00</data></write>
    <read><length>1</length><match><data>\x05</data></match></read>
    <write><data>\x06\x07\x00\x00\x00</data></write>
    <read><length>1</length><match><data>\x05</data></match></read>
    <write><data>\x02\x16\x00\x00\x00\x00\x06\x1e\xdag\x95\x9d\x60</data></write>
    <read><length>1</length><match><data>\x00</data></match></read>
    <read><length>7</length><match><data>\x00\x05\x2a2\x9f\x0a\xf1</data></match></read>
    <write><data>\x06\x03\x00\x00\x00</data></write>
    <read><length>1</length><match><data>\x05</data></match></read>
    <write><data>\x07\x05\x00\x00\x00\x00\xa9\x83\x24n4\x1ch\x00 2!\x00\x81\x88\x07\x13\x06\xfe\x18\x96\x00\x83\x24n4\x1ch\x00 2!\x00\x83\x24n4\x1ch\x00 2!\x00\x81\x88\x07\x13\x06\xfe\x18\x96\x00\x81\x88\x07\x13\x06\xfe\x18\x96\x00\x83\x24n4\x1ch\x00 2!\x00\x81\x88\x07\x13\x06\xfe\x18\x96\x00\x81\x88\x07\x13\x06\xfe\x18\x96\x00\x81\x88\x07\x13\x06\xfe\x18\x96\x00\x83\x24n4\x1ch\x00 2!\x00\x81\x88\x07\x13\x06\xfe\x18\x96\x00\x83\x24n4\x1ch\x00 2!\x00\x81\x88\x07\x13\x06\xfe\x18\x96\x00\x83\x24n4\x1ch\x00 2!\x00\x81\x88\x07\x13\x06\xfe\x18\x96\x00\x83\x24n4\x1ch\x00 2!\x00</data></write>
    <read><length>1</length><match><data>\x00</data></match></read>
    <read><length>4</length><match><data>\x1e\x00\x00\x00</data></match></read>
    <write><data>\x04\x02\x00\x00\x00</data></write>
    <read><length>1</length><match><data>\x00</data></match></read>
    <read><length>2</length><match><data>\x00\x05</data></match></read>
    <read><length>35</length></read>
    <write><data>\x06\x05\x00\x00\x00</data></write>
    <read><length>1</length><match><data>\x05</data></match></read>
    <write><data>\x01\x00\x80e\x85\xb7\xdc\xc1\x09\xe3\xcf\x86?\x2c\x9bm\x8cn\x8d\xb4\xc5\xe3\xb8\xc1\x28\x8c\x88\xaf\x9a\xa7\x8c\x09\xc5\x8e\x17\xe3\xf9\xa4\xad\x8c\xbfID\x8dG\xa1\xe3\x26B\xa7e\x1c\x8c\x0a\xe8\x09.\x90\xbb\x91\xf4e!\x27C\xebK\xe3\x5e\x10\xfb\x2c\x5b\xf5\x9fH\x8ct4\x16\xe9Y\xd83\xf4e\xb2!\x27C\xebK\xf4e\x25\x89\x1e\x08\x94\xf4e\x7f.v\xb1\xf0\xf4e\xb2\x7f.v\xb1\xf0\xf4e\xb2\x25\x89\x1e\x08\x94\xf4e\xb2\x85\xb7\xdc\xc1\x09\xf4</data></write>
    <read><length>1</length><match><data>\x00</data></match></read>
    <read><length>4</length><match><data>\x1f\x00\x00\x00</data></match></read>
    <write><data>\x01\x00\x0fe\x11\x05.\x11\xef\xf4e\xb2\x11\x05.\x11\xef\xf4</data></write>
    <read><length>1</length><match><data>\x00</data></match></read>
    <read><length>4</length><match><data> \x00\x00\x00</data></match></read>
    <write><data>\x07\x0f\x00\x00\x00\x00T\x81\xb2\x93bj\x00\x81\xb2\x93bj\x00\x81\xb2\x93bj\x00\x81\xb2\x93bj\x00\x81\xb2\x93bj\x00\x81\xb2\x93bj\x00\x81\xb2\x93bj\x00\x81\xb2\x93bj\x00\x81\xb2\x93bj\x00\x81\xb2\x93bj\x00\x81\xb2\x93bj\x00\x81\xb2\x93bj\x00\x81\xb2\x93bj\x00\x81\xb2\x93bj\x00</data></write>
    <read><length>1</length><match><data>\x00</data></match></read>
    <read><length>4</length><match><data>!\x00\x00\x00</data></match></read>
    <write><data>\x07\x13\x00\x00\x00\x00\x5b\x81\xd9\x88\xd2\x98l\x00\x81\xd9\x88\xd2\x98l\x00\x81\xd9\x88\xd2\x98l\x00\x81\xd9\x88\xd2\x98l\x00\x81\xd9\x88\xd2\x98l\x00\x81\xd9\x88\xd2\x98l\x00\x81\xd9\x88\xd2\x98l\x00\x81\xd9\x88\xd2\x98l\x00\x81\xd9\x88\xd2\x98l\x00\x81\xd9\x88\xd2\x98l\x00\x81\xd9\x88\xd2\x98l\x00\x81\xd9\x88\xd2\x98l\x00\x81\xd9\x88\xd2\x98l\x00</data></write>
    <read><length>1</length><match><data>\x00</data></match></read>
    <read><length>4</length><match><data>\x22\x00\x00\x00</data></match></read>
    <write><data>\x01\x00Qe\xd9H\xf2A\x0c\x09\xae\xf4e\xd2\xa5\x5d\xf4e\xb2\xd2\xa5\x5d\xf4e\x3d\xb0\xc4\xf7\xf4e\xb2\x3d\xb0\xc4\xf7\xf4e\xa5N\xe8\x24Nn\xdb\xf4e\xb2\xa5N\xe8\x24Nn\xdb\xf4eu\xad\xd9\x17\x3b\xf7\x15\xf4e\xb2u\xad\xd9\x17\x3b\xf7\x15\xf4e\xb2\xd9H\xf2A\x0c\x09\xae\xf4</data></write>
    <read><length>1</length><match><data>\x00</data></match></read>
    <read><length>4</length><match><data>\x23\x00\x00\x00</data></match></read>
    <write><data>\x07\x01\x00\x00\x00\x00\x8d\x81\x07I\x96\x19uy\x90\x00\x81\x07I\x96\x19uy\x90\x00\x81\x07I\x96\x19uy\x90\x00\x81\x07I\x96\x19uy\x90\x00\x83\x9bs\xbe\xfe\xc2\x00\xa6\xd8\xbc5\xdd\x1e\xc1\x04\x00\x81\x07I\x96\x19uy\x90\x00\x81\x07I\x96\x19uy\x90\x00\x81\x07I\x96\x19uy\x90\x00\x83\xc1c\x10\xf2\x0010\xc9\x19A\x00\x83\x1e\xdag\x95\x9d\x60\x00\x2a2\x9f\x0a\xf1\x00\x81\x07I\x96\x19uy\x90\x00\x83\xfe\x9a\xa3\x00\xd8\x1d\x89\x00\x81\x07I\x96\x19uy\x90\x00\x81\x07I\x96\x19uy\x90\x00</data></write>
    <read><length>1</length><match><data>\x00</data></match></read>
    <read><length>4</length><match><data>\x24\x00\x00\x00</data></match></read>
    <write><data>\x01\x00Le!\x8d\x0c\xe3\x9b\xd4d\xa7\xf4\x8c\xbe\xec\x9a\xf3\xe2\xf6\xe3\xbb\x99\xa6\xae\x80\x8c\x10\xd5\xc0\xe3\xd6\xb9G\x8c\x94\x92NcOf\x92\xe3\xd5\xcfq\x0a\xef\xa3\x98\x0d\x8c\x11\xb3\x8b\x92\xd1\x8e\xe3\xe9\xcd\x23\x9a\xcf\x8c6\x18\x80Gp\x13\xa2\xf4e\xb2!\x8d\x0c\xf4</data></write>
    <read><length>1</length><match><data>\x00</data></match></read>
    <read><length>4</length><match><data>\x25\x00\x00\x00</data></match></read>
    <write><data>\x07\x13\x00\x00\x00\x00p\x81\xd9\x88\xd2\x98l\x00\x81\xd9\x88\xd2\x98l\x00\x81\xd9\x88\xd2\x98l\x00\x81\xd9\x88\xd2\x98l\x00\x81\xd9\x88\xd2\x98l\x00\x81\xd9\x88\xd2\x98l\x00\x81\xd9\x88\xd2\x98l\x00\x81\xd9\x88\xd2\x98l\x00\x81\xd9\x88\xd2\x98l\x00\x81\xd9\x88\xd2\x98l\x00\x81\xd9\x88\xd2\x98l\x00\x81\xd9\x88\xd2\x98l\x00\x81\xd9\x88\xd2\x98l\x00\x81\xd9\x88\xd2\x98l\x00\x81\xd9\x88\xd2\x98l\x00\x81\xd9\x88\xd2\x98l\x00</data></write>
    <read><length>1</length><match><data>\x00</data></match></read>
    <read><length>4</length><match><data>\x26\x00\x00\x00</data></match></read>
    <write><data>\x01\x00Me\x05W9\x05B\xe3\x01i\xd5\x06\x3b\xfao\x8cP\x8aQF\xe3\x0b\x7dcK\x8cp\xdc!.\xd5\x17\xe3\xa4\xc6\xb6\x8c\xf1\xfc\xe2\xe3\xa0i\x26\x1bG\x15\x8ci\xbdm\xfc\x5f\xa7e\xe3\xa8\x2f\x1e\x82K\x8c\xc0\x841\x60\xce\x0f\x9c\xf4e\xb2\x05W9\x05B\xf4</data></write>
    <read><length>1</length><match><data>\x00</data></match></read>
    <read><length>4</length><match><data>\x27\x00\x00\x00</data></match></read>
    <write><data>\x03\x0c\x00\x00\x00\x00\x08\xe2e\x13uS\x26\x02E\x00\x03fd\x2c</data></write>
    <read><length>1</length><match><data>\x00</data></match></read>
    <write><data>\x03\x07\x00\x00\x00\x00\x03j\x24?\x00\x04\xbf\xd7\x08\x16</data></write>
    <read><length>1</length><match><data>\x00</data></match></read>
    <write><data>\x01\x00\x0be\xca\xd03\xf4e\xb2\xca\xd03\xf4</data></write>
    <read><length>1</length><match><data>\x00</data></match></read>
    <read><length>4</length><match><data>\x28\x00\x00\x00</data></match></read>
    <write><data>\x01\x00\x0dev\x26\x96O\xf4e\xb2v\x26\x96O\xf4</data></write>
    <read><length>1</length><match><data>\x00</data></match></read>
    <read><length>4</length><match><data>\x29\x00\x00\x00</data></match></read>
    <write><data>\x07\x0d\x00\x00\x00\x00\x94\x81\xde\x10I\x26\x00\x81\xde\x10I\x26\x00\x81\xde\x10I\x26\x00\x83\xae\xb3\x96\x00\xcb\xa4U\x7b!Iy\x00\x81\xde\x10I\x26\x00\x83\x08\x88\xc0\xd7p\x11\x94\x00:\xe6\x8b\xca\x00\x81\xde\x10I\x26\x00\x83\xbdM\x16\x90\x06\xf8\x00\xbcCt\xfe\x05\x9cb\x00\x81\xde\x10I\x26\x00\x81\xde\x10I\x26\x00\x81\xde\x10I\x26\x00\x81\xde\x10I\x26\x00\x81\xde\x10I\x26\x00\x83\x2av8\x00\x2f\x8e\xc5\xdcT\x28\x9c\x9e\x00\x83A\x09\x82\x04\x2d\x00\x96\xdd\x1a\x0c\x83\xd9\x00\x83\x92\xa8p\xe1W\x2c\xf3f\x00k\x3b\xcb\x1dY\xec\x00</data></write>
    <read><length>1</length><match><data>\x00</data></match></read>
    <read><length>4</length><match><data>\x2a\x00\x00\x00</data></match></read>
    <write><data>\x07\x1b\x00\x00\x00\x00\xa7\x81\x1a\x24\xfe\x00\x81\x1a\x24\xfe\x00\x83\xac\xe9\xa2\xc8\xb6\xf6\x00\xb9\x7e\xf0\x8cL\xb7\x00\x81\x1a\x24\xfe\x00\x83F\x5d\x27\x7c\x00\x08\xf3\xe0\xde\x9f\x09\x00\x83\xac\xe9\xa2\xc8\xb6\xf6\x00\xb9\x7e\xf0\x8cL\xb7\x00\x83F\x5d\x27\x7c\x00\x08\xf3\xe0\xde\x9f\x09\x00\x81\x1a\x24\xfe\x00\x81\x1a\x24\xfe\x00\x81\x1a\x24\xfe\x00\x83F\x5d\x27\x7c\x00\x08\xf3\xe0\xde\x9f\x09\x00\x81\x1a\x24\xfe\x00\x83\xac\xe9\xa2\xc8\xb6\xf6\x00\xb9\x7e\xf0\x8cL\xb7\x00\x83\xac\xe9\xa2\xc8\xb6\xf6\x00\xb9\x7e\xf0\x8cL\xb7\x00\x83F\x5d\x27\x7c\x00\x08\xf3\xe0\xde\x9f\x09\x00\x81\x1a\x24\xfe\x00\x81\x1a\x24\xfe\x00\x81\x1a\x24\xfe\x00\x81\x1a\x24\xfe\x00</data></write>
    <read><length>1</length><match><data>\x00</data></match></read>
    <read><length>4</length><match><data>\x2b\x00\x00\x00</data></match></read>
    <write><data>\x00\xfd\xe0\xf0\x2f\xbf\x28</data></write>
    <read><length>1</length><match><data>\x00</data></match></read>
    <write><data>\x04\x22\x00\x00\x00</data></write>
    <read><length>1</length><match><data>\x00</data></match></read>
    <read><length>2</length><match><data>\x00\x00</data></match></read>
    <write><data>\x03\x07\x00\x00\x00\x00\x05D\xa0\x85\xd6:\x00\x04\x14\xf1\xc4\x8d</data></write>
    <read><length>1</length><match><data>\x00</data></match></read>
    <write><data>\x03\x06\x00\x00\x00\x00\x03\xd7W\x13\x00\x08\x12?\xcc\x8d\xa3\x19\xc1a</data></write>
    <read><length>1</length><match><data>\x00</data></match></read>
    <write><data>\x01\x00.\xfd7\x1108\x3dI\xf0Z\x09sFT\xe6\x2f\xa0\x8fX\xe6\xfb\x17\x81\xf0\x5dF\xd1\xdb\x1c\xec\x2fr\x0d\x28\x28FK\xe0\xfd\xbf7\x1108\x3dI\xe0</data></write>
    <read><length>1</length><match><data>\x00</data></match></read>
    <read><length>4</length><match><data>\x2c\x00\x00\x00</data></match></read>
    <write><data>\x07\x10\x00\x00\x00\x00\x9f\x81\xab\x9a\xef\xad\x00\x81\xab\x9a\xef\xad\x00\x81\xab\x9a\xef\xad\x00\x81\xab\x9a\xef\xad\x00\x81\xab\x9a\xef\xad\x00\x81\xab\x9a\xef\xad\x00\x83!\x9eu\xc49\x00\x1d\x5eU1\xb0\x2a\x80\xa0\x00\x81\xab\x9a\xef\xad\x00\x81\xab\x9a\xef\xad\x00\x81\xab\x9a\xef\xad\x00\x83J9\xc1\xbf3\xbb\x00\xea\x12\xfdL0\x00\x81\xab\x9a\xef\xad\x00\x81\xab\x9a\xef\xad\x00\x83!\x9eu\xc49\x00\x1d\x5eU1\xb0\x2a\x80\xa0\x00\x83\xff\xe8\x90oD\x29\xa5\xf8\x00\xfdk\xf5r\x00\x81\xab\x9a\xef\xad\x00\x81\xab\x9a\xef\xad\x00\x83J9\xc1\xbf3\xbb\x00\xea\x12\xfdL0\x00\x81\xab\x9a\xef\xad\x00</data></write>
    <read><length>1</length><match><data>\x00</data></match></read>
    <read><length>4</length><match><data>\x2d\x00\x00\x00</data></match></read>
    <write><data>\x01\x00\x3b\xfd\x25\xee\x60\xa7\x7d\xf0\x14\xd8\x7f\xa9\xcb\xf1\xff\x2f\x80\xdf\x1eW\x5c\x0c\x04\xf0\x5ec\x0c?E\xa7\x2f\x08sf\xf0K\x1f\xe1cU\xfcE\x2f\x9d\xea\x27\xfb\xffzN\xdd\xe0\xfd\xbf\x25\xee\x60\xa7\x7d\xe0</data></write>
    <read><length>1</length><match><data>\x00</data></match></read>
    <read><length>4</length><match><data>.\x00\x00\x00</data></match></read>
    <write><data>\x01\x00\x0d\xfd\x297s\x91\xe0\xfd\xbf\x297s\x91\xe0</data></write>
    <read><length>1</length><match><data>\x00</data></match></read>
    <read><length>4</length><match><data>\x2f\x00\x00\x00</data></match></read>
    <write><data>\x00\x87\xcd\x03\x9c\xd7y</data></write>
    <read><length>1</length><match><data>\x00</data></match></read>
    <write><data>\x07\x2b\x00\x00\x00\x00\xbb\x83\xac\xe9\xa2\xc8\xb6\xf6\x00\xb9\x7e\xf0\x8cL\xb7\x00\x81\x1a\x24\xfe\x00\x83\xac\xe9\xa2\xc8\xb6\xf6\x00\xb9\x7e\xf0\x8cL\xb7\x00\x83F\x5d\x27\x7c\x00\x08\xf3\xe0\xde\x9f\x09\x00\x83F\x5d\x27\x7c\x00\x08\xf3\xe0\xde\x9f\x09\x00\x81\x1a\x24\xfe\x00\x81\x1a\x24\xfe\x00\x81\x1a\x24\xfe\x00\x83\xac\xe9\xa2\xc8\xb6\xf6\x00\xb9\x7e\xf0\x8cL\xb7\x00\x83F\x5d\x27\x7c\x00\x08\xf3\xe0\xde\x9f\x09\x00\x81\x1a\x24\xfe\x00\x83\xac\xe9\xa2\xc8\xb6\xf6\x00\xb9\x7e\xf0\x8cL\xb7\x00\x83\xac\xe9\xa2\xc8\xb6\xf6\x00\xb9\x7e\xf0\x8cL\xb7\x00\x81\x1a\x24\xfe\x00\x83\xac\xe9\xa2\xc8\xb6\xf6\x00\xb9\x7e\xf0\x8cL\xb7\x00\x81\x1a\x24\xfe\x00\x81\x1a\x24\xfe\x00\x83F\x5d\x27\x7c\x00\x08\xf3\xe0\xde\x9f\x09\x00\x81\x1a\x24\xfe\x00</data></write>
    <read><length>1</length><match><data>\x00</data></match></read>
    <read><length>4</length><match><data>0\x00\x00\x00</data></match></read>
    <write><data>\x05\x02\x00\x00\x00</data></write>
    <read><length>1</length><match><data>\x00</data></match></read>
    <read><length>9</length><match><data>\x00\x07\x07I\x96\x19uy\x90</data></match></read>
    <write><data>\x00R\xce\x90\x9f\x10\x2f</data></write>
    <read><length>1</length><match><data>\x00</data></match></read>
    <write><data>\x02\x0e\x00\x00\x00\x00\x08\xe2e\x13uS\x26\x02E</data></write>
    <read><length>1</length><match><data>\x00</data></match></read>
    <read><length>5</length><match><data>\x00\x03fd\x2c</data></match></read>
    <write><data>\x04\x2f\x00\x00\x00</data></write>
    <read><length>1</length><match><data>\x00</data></match></read>
    <read><length>2</length><match><data>\x00\x00</data></match></read>
    <write><data>\x07\x22\x00\x00\x00\x00\x85\x81\xd9\x88\xd2\x98l\x00\x81\xd9\x88\xd2\x98l\x00\x81\xd9\x88\xd2\x98l\x00\x81\xd9\x88\xd2\x98l\x00\x81\xd9\x88\xd2\x98l\x00\x81\xd9\x88\xd2\x98l\x00\x81\xd9\x88\xd2\x98l\x00\x81\xd9\x88\xd2\x98l\x00\x81\xd9\x88\xd2\x98l\x00\x81\xd9\x88\xd2\x98l\x00\x81\xd9\x88\xd2\x98l\x00\x81\xd9\x88\xd2\x98l\x00\x81\xd9\x88\xd2\x98l\x00\x81\xd9\x88\xd2\x98l\x00\x81\xd9\x88\xd2\x98l\x00\x81\xd9\x88\xd2\x98l\x00\x81\xd9\x88\xd2\x98l\x00\x81\xd9\x88\xd2\x98l\x00\x81\xd9\x88\xd2\x98l\x00</data></write>
    <read><length>1</length><match><data>\x00</data></match></read>
    <read><length>4</length><match><data>1\x00\x00\x00</data></match></read>
    <write><data>\x06\x18\x00\x00\x00</data></write>
    <read><length>1</length><match><data>\x05</data></match></read>
    <write><data>\x04\x29\x00\x00\x00</data></write>
    <read><length>1</length><match><data>\x00</data></match></read>
    <read><length>2</length><match><data>\x00\x00</data></match></read>
    <write><data>\x00\xd0K\xc4\xaf\xc2\xdc</data></write>
    <read><length>1</length><match><data>\x00</data></match></read>
    <write><data>\x04\x25\x00\x00\x00</data></write>
    <read><length>1</length><match><data>\x00</data></match></read>
    <read><length>2</length><match><data>\x00\x05</data></match></read>
    <read><length>35</length></read>
    <write><data>\x02\x10\x00\x00\x00\x00\x06J9\xc1\xbf3\xbb</data></write>
    <read><length>1</length><match><data>\x00</data></match></read>
    <read><length>7</length><match><data>\x00\x05\xea\x12\xfdL0</data></match></read>
    <write><data>\x06\x18\x00\x00\x00</data></write>
    <read><length>1</length><match><data>\x05</data></match></read>
    <write><data>\x02\x11\x00\x00\x00\x00\x03\xd7W\x13</data></write>
    <read><length>1</length><match><data>\x00</data></match></read>
    <read><length>10</length><match><data>\x00\x08\x12?\xcc\x8d\xa3\x19\xc1a</data></match></read>
    <write><data>\x05\x26\x00\x00\x00</data></write>
    <read><length>1</length><match><data>\x00</data></match></read>
    <read><length>7</length><match><data>\x00\x05\xd9\x88\xd2\x98l</data></match></read>
    <write><data>\x05\x15\x00\x00\x00</data></write>
    <read><length>1</length><match><data>\x00</data></match></read>
    <read><length>7</length><match><data>\x00\x05\xd9\x88\xd2\x98l</data></match></read>
    <write><data>\x07\x0e\x00\x00\x00\x00\xcd\x83\xfe\x9a\xa3\x00\xd8\x1d\x89\x00\x83\xc1c\x10\xf2\x0010\xc9\x19A\x00\x81\x07I\x96\x19uy\x90\x00\x83\xb7\xcc\x13z\xd9\xb1\xe2\x00\x91g\xe4Q6\x00\x81\x07I\x96\x19uy\x90\x00\x81\x07I\x96\x19uy\x90\x00\x83\xd7W\x13\x00\x12?\xcc\x8d\xa3\x19\xc1a\x00\x81\x07I\x96\x19uy\x90\x00\x81\x07I\x96\x19uy\x90\x00\x81\x07I\x96\x19uy\x90\x00\x83\xfe\x9a\xa3\x00\xd8\x1d\x89\x00\x83\xb7\xcc\x13z\xd9\xb1\xe2\x00\x91g\xe4Q6\x00\x83\xd7W\x13\x00\x12?\xcc\x8d\xa3\x19\xc1a\x00\x81\x07I\x96\x19uy\x90\x00\x83\x9bs\xbe\xfe\xc2\x00\xa6\xd8\xbc5\xdd\x1e\xc1\x04\x00\x81\x07I\x96\x19uy\x90\x00\x83\xb7\xcc\x13z\xd9\xb1\xe2\x00\x91g\xe4Q6\x00\x83\xe2e\x13uS\x26\x02E\x00fd\x2c\x00</data></write>
    <read><length>1</length><match><data>\x00</data></match></read>
    <read><length>4</length><match><data>2\x00\x00\x00</data></match></read>
    <write><data>\x06\x05\x00\x00\x00</data></write>
    <read><length>1</length><match><data>\x05</data></match></read>
    <write><data>\x07\x08\x00\x00\x00\x00\x9b\x81\x88\x07\x13\x06\xfe\x18\x96\x00\x83\x24n4\x1ch\x00 2!\x00\x83\x24n4\x1ch\x00 2!\x00\x83\x24n4\x1ch\x00 2!\x00\x83\x24n4\x1ch\x00 2!\x00\x83\x24n4\x1ch\x00 2!\x00\x83\x24n4\x1ch\x00 2!\x00\x83\x24n4\x1ch\x00 2!\x00\x81\x88\x07\x13\x06\xfe\x18\x96\x00\x83\x24n4\x1ch\x00 2!\x00\x81\x88\x07\x13\x06\xfe\x18\x96\x00\x83\x24n4\x1ch\x00 2!\x00\x81\x88\x07\x13\x06\xfe\x18\x96\x00\x81\x88\x07\x13\x06\xfe\x18\x96\x00\x83\x24n4\x1ch\x00 2!\x00</data></write>
    <read><length>1</length><match><data>\x00</data></match></read>
    <read><length>4</length><match><data>3\x00\x00\x00</data></match></read>
    <write><data>\x02\x2f\x00\x00\x00\x00\x08\x98\x91vL\x7d\xcc\x80\xa6</data></write>
    <read><length>1</length><match><data>\x05</data></match></read>
    <write><data>\x04\x0d\x00\x00\x00</data></write>
    <read><length>1</length><match><data>\x00</data></match></read>
    <read><length>2</length><match><data>\x00\x09</data></match></read>
    <read><length>66</length></read>
    <write><data>\x02\x0e\x00\x00\x00\x00\x07\xb7\xcc\x13z\xd9\xb1\xe2</data></write>
    <read><length>1</length><match><data>\x00</data></match></read>
    <read><length>7</length><match><data>\x00\x05\x91g\xe4Q6</data></match></read>
    <write><data>\x03\x04\x00\x00\x00\x00\x04I\x247\xd6\x00\x03\x1bW\xe7</data></write>
    <read><length>1</length><match><data>\x00</data></match></read>
    <write><data>\x05\x16\x00\x00\x00</data></write>
    <read><length>1</length><match><data>\x00</data></match></read>
    <read><length>9</length><match><data>\x00\x07\x07I\x96\x19uy\x90</data></match></read>
    <write><data>\x03\x13\x00\x00\x00\x00\x06\xef\x5c\xf2\xc8\xd4\x92\x00\x07\x9f\xa1\x3c\xf3?\xfc\xfe</data></write>
    <read><length>1</length><match><data>\x00</data></match></read>
    <write><data>\x00\x94\x2c\x22\xb38\xc7</data></write>
    <read><length>1</length><match><data>\x00</data></match></read>
    <write><data>\x07 \x00\x00\x00\x00M\x81\x11\x05.\x11\xef\x00\x81\x11\x05.\x11\xef\x00\x81\x11\x05.\x11\xef\x00\x81\x11\x05.\x11\xef\x00\x81\x11\x05.\x11\xef\x00\x81\x11\x05.\x11\xef\x00\x81\x11\x05.\x11\xef\x00\x81\x11\x05.\x11\xef\x00\x81\x11\x05.\x11\xef\x00\x81\x11\x05.\x11\xef\x00\x81\x11\x05.\x11\xef\x00</data></write>
    <read><length>1</length><match><data>\x00</data></match></read>
    <read><length>4</length><match><data>4\x00\x00\x00</data></match></read>
    <write><data>\x074\x00\x00\x00\x00F\x81\x11\x05.\x11\xef\x00\x81\x11\x05.\x11\xef\x00\x81\x11\x05.\x11\xef\x00\x81\x11\x05.\x11\xef\x00\x81\x11\x05.\x11\xef\x00\x81\x11\x05.\x11\xef\x00\x81\x11\x05.\x11\xef\x00\x81\x11\x05.\x11\xef\x00\x81\x11\x05.\x11\xef\x00\x81\x11\x05.\x11\xef\x00</data></write>
    <read><length>1</length><match><data>\x00</data></match></read>
    <read><length>4</length><match><data>5\x00\x00\x00</data></match></read>
    <write><data>\x00\x1b\x01\x9b\xefX\x99</data></write>
    <read><length>1</length><match><data>\x00</data></match></read>
    <write><data>\x02\x1f\x00\x00\x00\x00\x04\x26Be\x1c</data></write>
    <read><length>1</length><match><data>\x00</data></match></read>
    <read><length>9</length><match><data>\x00\x07\x0a\xe8\x09.\x90\xbb\x91</data></match></read>
    <write><data>\x01\x00\x0b\x1b\x22\x0cN\x01\x1bX\x22\x0cN\x01</data></write>
    <read><length>1</length><match><data>\x00</data></match></read>
    <read><length>4</length><match><data>6\x00\x00\x00</data></match></read>
    <write><data>\x04\x1b\x00\x00\x00</data></write>
    <read><length>1</length><match><data>\x00</data></match></read>
    <read><length>2</length><match><data>\x00\x02</data></match></read>
    <read><length>14</length></read>
    <write><data>\x04\x03\x00\x00\x00</data></write>
    <read><length>1</length><match><data>\x00</data></match></read>
    <read><length>2</length><match><data>\x00\x07</data></match></read>
    <read><length>50</length></read>
    <write><data>\x07\x1e\x00\x00\x00\x00\x91\x83\x24n4\x1ch\x00 2!\x00\x83\x24n4\x1ch\x00 2!\x00\x81\x88\x07\x13\x06\xfe\x18\x96\x00\x81\x88\x07\x13\x06\xfe\x18\x96\x00\x81\x88\x07\x13\x06\xfe\x18\x96\x00\x81\x88\x07\x13\x06\xfe\x18\x96\x00\x81\x88\x07\x13\x06\xfe\x18\x96\x00\x81\x88\x07\x13\x06\xfe\x18\x96\x00\x81\x88\x07\x13\x06\xfe\x18\x96\x00\x83\x24n4\x1ch\x00 2!\x00\x83\x24n4\x1ch\x00 2!\x00\x83\x24n4\x1ch\x00 2!\x00\x81\x88\x07\x13\x06\xfe\x18\x96\x00\x81\x88\x07\x13\x06\xfe\x18\x96\x00\x81\x88\x07\x13\x06\xfe\x18\x96\x00</data></write>
    <read><length>1</length><match><data>\x00</data></match></read>
    <read><length>4</length><match><data>7\x00\x00\x00</data></match></read>
    <write><data>\x02\x2c\x00\x00\x00\x00\x06\x5dF\xd1\xdb\x1c\xec</data></write>
    <read><length>1</length><match><data>\x00</data></match></read>
    <read><length>7</length><match><data>\x00\x05r\x0d\x28FK</data></match></read>
    <write><data>\x01\x00\x11\x1b\x07\xc0\xb8\xbcY\x3c\x01\x1bX\x07\xc0\xb8\xbcY\x3c\x01</data></write>
    <read><length>1</length><match><data>\x00</data></match></read>
    <read><length>4</length><match><data>8\x00\x00\x00</data></match></read>
    <write><data>\x06\x23\x00\x00\x00</data></write>
    <read><length>1</length><match><data>\x05</data></match></read>
    <write><data>\x058\x00\x00\x00</data></write>
    <read><length>1</length><match><data>\x00</data></match></read>
    <read><length>8</length><match><data>\x00\x06\x07\xc0\xb8\xbcY\x3c</data></match></read>
    <write><data>\x05\x17\x00\x00\x00</data></write>
    <read><length>1</length><match><data>\x00</data></match></read>
    <read><length>6</length><match><data>\x00\x04\x86\x87\xcd\xc6</data></match></read>
    <write><data>\x05\x1b\x00\x00\x00</data></write>
    <read><length>1</length><match><data>\x00</data></match></read>
    <read><length>5</length><match><data>\x00\x03\x1a\x24\xfe</data></match></read>
    <write><data>\x040\x00\x00\x00</data></write>
    <read><length>1</length><match><data>\x00</data></match></read>
    <read><length>2</length><match><data>\x00\x02</data></match></read>
    <read><length>14</length></read>
    <write><data>\x06\x04\x00\x00\x00</data></write>
    <read><length>1</length><match><data>\x05</data></match></read>
    <write><data>\x02\x0a\x00\x00\x00\x00\x06\xac\xe9\xa2\xc8\xb6\xf6</data></write>
    <read><length>1</length><match><data>\x00</data></match></read>
    <read><length>8</length><match><data>\x00\x06\xb9\x7e\xf0\x8cL\xb7</data></match></read>
    <write><data>\x072\x00\x00\x00\x00m\x83\xfe\x9a\xa3\x00\xd8\x1d\x89\x00\x81\x07I\x96\x19uy\x90\x00\x81\x07I\x96\x19uy\x90\x00\x83\xc1c\x10\xf2\x0010\xc9\x19A\x00\x81\x07I\x96\x19uy\x90\x00\x81\x07I\x96\x19uy\x90\x00\x83\xb7\xcc\x13z\xd9\xb1\xe2\x00\x91g\xe4Q6\x00\x83\xe2e\x13uS\x26\x02E\x00fd\x2c\x00\x83\xe2e\x13uS\x26\x02E\x00fd\x2c\x00\x81\x07I\x96\x19uy\x90\x00</data></write>
    <read><length>1</length><match><data>\x00</data></match></read>
    <read><length>4</length><match><data>9\x00\x00\x00</data></match></read>
    <write><data>\x01\x00\x13\x1b\xecb\x7c\x10\x09\x7cm\x01\x1bX\xecb\x7c\x10\x09\x7cm\x01</data></write>
    <read><length>1</length><match><data>\x00</data></match></read>
    <read><length>4</length><match><data>:\x00\x00\x00</data></match></read>
    <write><data>\x003\x0fB\xb7g\x25</data></write>
    <read><length>1</length><match><data>\x00</data></match></read>
</replay>
</pov>