<?xml version="1.0" standalone="no" ?>
<!DOCTYPE pov SYSTEM "/usr/share/cgc-docs/replay.dtd">
<pov>
<cbid>service</cbid>
<seed>ffddbcc884e680e1a9329b52e5320ba498722731872ace3fd92114ec20024558614c432f269278ff7f26ca4acefdd161</seed>
<replay>
    <write><data>\x00\x5eB\x2f\x8e\x9f\xd5</data></write>
    <read><length>1</length><match><data>\x00</data></match></read>
    <write><data>\x01\x01\x8b\x5e4\x05\x80\xc1\x1cMB\x5e\xf6\xbd\x2c\xb3\x81\x2f\xb0\xe3\x87\xde.\x9a0\x8e\x28\x0e\xd5B\x9cy\xe9\xee\xa7B\x5e\x9f\xf6\xbd\x2c\xb3\x81B\x5e?PUMB\x5e\xaf\x98\xed\x19B\x5e\x2aK\x0c\x5b\x13jXB\x5e\x9f\x2aK\x0c\x5b\x13jXB\x5e\xa7\x82\xb8\xbcB\x5e\x9f\xa7\x82\xb8\xbcB\x5e\x9f\xaf\x98\xed\x19B\x5e?\xe5\x95R\x2f\x92\x2b\x87v\xb34\xcf\x1d\x8e8\xe5\xe5\x2f\xc4\x0fJ\xe7\x8e\xcaC\x8fA\xb5g\xa8\x2f\xedG\xd4\x1b\xf4\x05\x8dv\x8e\xe32\x8a\x2c\x2fS\xf6eZQ\xe8\x5dj\x8e\xb8\x18\xd0\xa6\x84\x16\x2f\xf1\xb1p?\xc4\xfc\xed!\x8e\xb0\xcaK\xd0\x89B\x5e\x9f?\xe5\x95RB\x5eC\xfb\xe0\xe0\x60\x2f\xbb\xe7\x7f\x3d\xefnC\x0f\x8eSvt\xc8.\x0e\x2fG\xb2Z\x01F\x8eK\xc7h\x06B\x5e\x9fC\xfb\xe0\xe0\x60B\x5e\x9f?PUMB\x5e\x3c\x28\x7f\xfb\xe1B\x5e\x9f\x3c\x28\x7f\xfb\xe1B\x5e\xaa\xf6\xb4\xec\x9b\xa2\xcc\x2fI\xd5\xd5\x5c\x8e\xe0\xcfIM\xae\xfe4\x2fG\xc0\xd4\x0c\x1c\xc7\xbd\xba\x8eu\xa4\x068\x8aYB\x5e\x02Z\x3c\xf7\x2fa\xe5\xd5B\x8e\x5d\xcbmy\xd4\xd8\x2f\x0c\x0c\x17\x8e \xcf\x14\x0d\x2b\x7fVB\x5e\x9f\x02Z\x3c\xf7B\x5eI6\xaeB\x5e\x9fI6\xaeB\x5e\x9b\x82\x28\x60\x2f\x1b\x26ix\xc9\x8e\xd3o\x09\x94\x2f\xd6\x14\xda\x8e\x0b\xc3\xa6\x0e\x256\xe3\xcc\x2f6q\x11\x28S\xbc\x8e\xce\x0b\x19\x8c\x8bB\x5e\x9f\x9b\x82\x28\x60B\x5e\x9f\xaa\xf6\xb4\xec\x9b\xa2\xccB\x5e\x9f4\x05\x80\xc1\x1cMB</data></write>
    <read><length>1</length><match><data>\x00</data></match></read>
    <read><length>4</length><match><data>\x01\x00\x00\x00</data></match></read>
    <write><data>\x01\x00\xc6\x5e\xb4\x99mt\x09\x90B\x5e0\xa5\xa9\x10\xd9\x2f\x2c\xf1g\xb6\x8e\x02\xad\xc5\x09\x08\xa7\x06E\x2f\xc2w\x29\xc1\x28g\x8e\xe4\xcd\xd3\x80B\x5e\x9f0\xa5\xa9\x10\xd9B\x5e\x12\x1b\x7bi\x9d\x2f\x95\x3dG\xb2\x0b\xd4:\x8e\x94\x0cv\xaf\xd9i\x2fJ\x01\x9d\x8e6EE\xda\x2f\x82\xdft\xd8\xe5\x1c\x90\x91\x8e\x13\xdfz\x2f\xc7\xc6N\x97\x80\x8e\xb4\xde\x05\x2f\x01\x7e\xa3\x8e\xb0\xd5B\xe3sB\x5e\x9f\x12\x1b\x7bi\x9dB\x5ecml\x2fversion\x8e2542142446.1833810368\x2fnamespace\x8e\x08B\x5e\x9fcmlB\x5e\x81\x2b\x10gOB\x5e\x9f\x81\x2b\x10gOB\x5e\x9f\xb4\x99mt\x09\x90B</data></write>
    <read><length>1</length><match><data>\x00</data></match></read>
    <read><length>4</length><match><data>\x02\x00\x00\x00</data></match></read>
    <write><data>\x04\x02\x00\x00\x00</data></write>
    <read><length>1</length><match><data>\x00</data></match></read>
    <read><length>2</length><match><data>\x00\x00</data></match></read>
    <write><data>\x01\x00\x0f\x5eS\x91\xcc\x83pB\x5e\x9fS\x91\xcc\x83pB</data></write>
    <read><length>1</length><match><data>\x00</data></match></read>
    <read><length>4</length><match><data>\x03\x00\x00\x00</data></match></read>
    <write><data>\x04\x03\x00\x00\x00</data></write>
    <read><length>1</length><match><data>\x00</data></match></read>
    <read><length>2</length><match><data>\x00\x00</data></match></read>
    <write><data>\x03\x01\x00\x00\x00\x00\x07k\x81\xc5\x91I\xf6\xf5\x00\x05\x8e\xd5y\x86\x9a</data></write>
    <read><length>1</length><match><data>\x00</data></match></read>
    <write><data>\x00\xefq\xe8\xce\x2f\xd6</data></write>
    <read><length>1</length><match><data>\x00</data></match></read>
    <write><data>\x02\x03\x00\x00\x00\x00\x08G\x8a\x85\xa3Y\x9f9\xbd</data></write>
    <read><length>1</length><match><data>\x05</data></match></read>
    <write><data>\x01\x00\x13\xef\x03Rs3\xe1\x8ebq\xef\x2f\x03Rs3\xe1\x8ebq</data></write>
    <read><length>1</length><match><data>\x00</data></match></read>
    <read><length>4</length><match><data>\x04\x00\x00\x00</data></match></read>
    <write><data>\x02\x03\x00\x00\x00\x00\x08\xe7\xcdv\x80I\x03\x85\xa2</data></write>
    <read><length>1</length><match><data>\x05</data></match></read>
    <write><data>\x05\x04\x00\x00\x00</data></write>
    <read><length>1</length><match><data>\x00</data></match></read>
    <read><length>9</length><match><data>\x00\x07\x03Rs3\xe1\x8eb</data></match></read>
    <write><data>\x05\x01\x00\x00\x00</data></write>
    <read><length>1</length><match><data>\x00</data></match></read>
    <read><length>8</length><match><data>\x00\x064\x05\x80\xc1\x1cM</data></match></read>
    <write><data>\x06\x04\x00\x00\x00</data></write>
    <read><length>1</length><match><data>\x05</data></match></read>
    <write><data>\x07\x02\x00\x00\x00\x00\x06\x02\x81cml\x00</data></write>
    <read><length>1</length><match><data>\x00</data></match></read>
    <read><length>4</length><match><data>\x05\x00\x00\x00</data></match></read>
    <write><data>\x08\x05\x00\x00\x00</data></write>
    <read><length>1</length><match><data>\x00</data></match></read>
    <write><data>\x07\x05\x00\x00\x00\x00\xbe\x83version\x002542142446.1833810368\x00\x81cml\x00\x81cml\x00\x83version\x002542142446.1833810368\x00\x81cml\x00\x81cml\x00\x81cml\x00\x81cml\x00\x81cml\x00\x83namespace\x00\x08\x00\x83namespace\x00\x08\x00\x81cml\x00\x81cml\x00\x83namespace\x00\x08\x00\x83namespace\x00\x08\x00\x83namespace\x00\x08\x00\x81cml\x00\x83namespace\x00\x08\x00</data></write>
    <read><length>1</length><match><data>\x00</data></match></read>
    <read><length>4</length><match><data>\x06\x00\x00\x00</data></match></read>
    <write><data>\x00\x1f\xbd\x3e\x8c\xb8\x89</data></write>
    <read><length>1</length><match><data>\x00</data></match></read>
    <write><data>\x05\x05\x00\x00\x00</data></write>
    <read><length>1</length><match><data>\x00</data></match></read>
    <read><length>5</length><match><data>\x00\x03cml</data></match></read>
    <write><data>\x06\x03\x00\x00\x00</data></write>
    <read><length>1</length><match><data>\x05</data></match></read>
    <write><data>\x03\x04\x00\x00\x00\x00\x04\xda\x0b\x16!\x00\x06\xc9\xe4\x3e\x8ffJ</data></write>
    <read><length>1</length><match><data>\x00</data></match></read>
    <write><data>\x01\x00\x13\x1f\xe5qa\xd3p8M\xbd\x1f\xb8\xe5qa\xd3p8M\xbd</data></write>
    <read><length>1</length><match><data>\x00</data></match></read>
    <read><length>4</length><match><data>\x07\x00\x00\x00</data></match></read>
    <write><data>\x05\x01\x00\x00\x00</data></write>
    <read><length>1</length><match><data>\x00</data></match></read>
    <read><length>8</length><match><data>\x00\x064\x05\x80\xc1\x1cM</data></match></read>
    <write><data>\x01\x00\x13\x1f\xdf\x15\x5b\x7b\xc7\x07\x1a\xbd\x1f\xb8\xdf\x15\x5b\x7b\xc7\x07\x1a\xbd</data></write>
    <read><length>1</length><match><data>\x00</data></match></read>
    <read><length>4</length><match><data>\x08\x00\x00\x00</data></match></read>
    <write><data>\x05\x06\x00\x00\x00</data></write>
    <read><length>1</length><match><data>\x00</data></match></read>
    <read><length>5</length><match><data>\x00\x03cml</data></match></read>
    <write><data>\x08\x05\x00\x00\x00</data></write>
    <read><length>1</length><match><data>\x00</data></match></read>
    <write><data>\x01\x00\x13\x1f\x92\xc3\x2b\xe95\xc9Q\xbd\x1f\xb8\x92\xc3\x2b\xe95\xc9Q\xbd</data></write>
    <read><length>1</length><match><data>\x00</data></match></read>
    <read><length>4</length><match><data>\x09\x00\x00\x00</data></match></read>
    <write><data>\x08\x05\x00\x00\x00</data></write>
    <read><length>1</length><match><data>\x00</data></match></read>
    <write><data>\x03\x08\x00\x00\x00\x00\x08\xc4\xe1\xc4e\xeag\xbdL\x00\x04\x2c\x7c0\x26</data></write>
    <read><length>1</length><match><data>\x00</data></match></read>
    <write><data>\x00R\xbc\x5b\xdd\xbeF</data></write>
    <read><length>1</length><match><data>\x00</data></match></read>
    <write><data>\x03\x08\x00\x00\x00\x00\x08\xa9\x93\xb5lyQ\xa3\xe8\x00\x05\xd6\x16\xa1\xb0\xb5</data></write>
    <read><length>1</length><match><data>\x00</data></match></read>
    <write><data>\x07\x07\x00\x00\x00\x00\x90\x81\xe5qa\xd3p8M\x00\x81\xe5qa\xd3p8M\x00\x81\xe5qa\xd3p8M\x00\x81\xe5qa\xd3p8M\x00\x81\xe5qa\xd3p8M\x00\x81\xe5qa\xd3p8M\x00\x81\xe5qa\xd3p8M\x00\x81\xe5qa\xd3p8M\x00\x81\xe5qa\xd3p8M\x00\x81\xe5qa\xd3p8M\x00\x81\xe5qa\xd3p8M\x00\x81\xe5qa\xd3p8M\x00\x81\xe5qa\xd3p8M\x00\x81\xe5qa\xd3p8M\x00\x81\xe5qa\xd3p8M\x00\x81\xe5qa\xd3p8M\x00</data></write>
    <read><length>1</length><match><data>\x00</data></match></read>
    <read><length>4</length><match><data>\x0a\x00\x00\x00</data></match></read>
    <write><data>\x03\x09\x00\x00\x00\x00\x04\x0d8\xb3\x92\x00\x06\x7er\x13\x94\xaf\xa7</data></write>
    <read><length>1</length><match><data>\x00</data></match></read>
    <write><data>\x01\x00\x24R\x06\xaf\xfa\x17\x5b\xd0e\xa9\xec\xdd\xf8b\x8d\xb1\x10U\x11\x05\x5b \xcb\xe0\xdd\x0dU\xd3\xe7\xbcR\xbe\x06\xaf\xfa\x17\xbc</data></write>
    <read><length>1</length><match><data>\x00</data></match></read>
    <read><length>4</length><match><data>\x0b\x00\x00\x00</data></match></read>
    <write><data>\x05\x04\x00\x00\x00</data></write>
    <read><length>1</length><match><data>\x00</data></match></read>
    <read><length>9</length><match><data>\x00\x07\x03Rs3\xe1\x8eb</data></match></read>
    <write><data>\x02\x0b\x00\x00\x00\x00\x04\xd0e\xa9\xec</data></write>
    <read><length>1</length><match><data>\x00</data></match></read>
    <read><length>10</length><match><data>\x00\x08\xf8b\x8d\xb1\x10U\x11\x05</data></match></read>
    <write><data>\x00\xb5\xd4\xc0\xe5\x8f\x27</data></write>
    <read><length>1</length><match><data>\x00</data></match></read>
    <write><data>\x02\x04\x00\x00\x00\x00\x04\xda\x0b\x16!</data></write>
    <read><length>1</length><match><data>\x00</data></match></read>
    <read><length>8</length><match><data>\x00\x06\xc9\xe4\x3e\x8ffJ</data></match></read>
    <write><data>\x04\x07\x00\x00\x00</data></write>
    <read><length>1</length><match><data>\x00</data></match></read>
    <read><length>2</length><match><data>\x00\x00</data></match></read>
    <write><data>\x06\x09\x00\x00\x00</data></write>
    <read><length>1</length><match><data>\x05</data></match></read>
    <write><data>\x08\x05\x00\x00\x00</data></write>
    <read><length>1</length><match><data>\x00</data></match></read>
    <write><data>\x02\x09\x00\x00\x00\x00\x04\x0d8\xb3\x92</data></write>
    <read><length>1</length><match><data>\x00</data></match></read>
    <read><length>8</length><match><data>\x00\x06\x7er\x13\x94\xaf\xa7</data></match></read>
    <write><data>\x07\x06\x00\x00\x00\x00\x98\x83version\x002542142446.1833810368\x00\x81cml\x00\x83namespace\x00\x08\x00\x83namespace\x00\x08\x00\x81cml\x00\x81cml\x00\x83version\x002542142446.1833810368\x00\x83version\x002542142446.1833810368\x00\x81cml\x00\x83namespace\x00\x08\x00</data></write>
    <read><length>1</length><match><data>\x00</data></match></read>
    <read><length>4</length><match><data>\x0c\x00\x00\x00</data></match></read>
    <write><data>\x00\xf1w\xd4\xae\xa8\xd9</data></write>
    <read><length>1</length><match><data>\x00</data></match></read>
    <write><data>\x08\x0c\x00\x00\x00</data></write>
    <read><length>1</length><match><data>\x00</data></match></read>
    <write><data>\x01\x00\x5d\xf1\x7b\x92\x1d\xa1l\xf6\xa4\xd4\x0a\xa3\x7b\x9c\x95\xaeS\xc2\x1a.\xe2\xc0\xd0\x3e\xd4g\x3b\xe1\x87\x04\xcd\x40\xaeG\xdfN\xa3\xa9\x89\xd4\x18\x92rm\xec\xf7\xaeB\xd2\xd9\xa8\x28v\xbb\xd4eb\xa4\x22\x8c\x8b\x8a\x8f\xaej\x19\xb6\x2f\xef1\xd4\xf9\x28\x80hXz\xae\xe3\x2be\x9d\xa6w\xf1\xa8\x7b\x92\x1d\xa1l\xf6\xa4w</data></write>
    <read><length>1</length><match><data>\x00</data></match></read>
    <read><length>4</length><match><data>\x0d\x00\x00\x00</data></match></read>
    <write><data>\x05\x0d\x00\x00\x00</data></write>
    <read><length>1</length><match><data>\x00</data></match></read>
    <read><length>9</length><match><data>\x00\x07\x7b\x92\x1d\xa1l\xf6\xa4</data></match></read>
    <write><data>\x00:\x3c!\xfa\x2bE</data></write>
    <read><length>1</length><match><data>\x00</data></match></read>
    <write><data>\x06\x06\x00\x00\x00</data></write>
    <read><length>1</length><match><data>\x05</data></match></read>
    <write><data>\x05\x04\x00\x00\x00</data></write>
    <read><length>1</length><match><data>\x00</data></match></read>
    <read><length>9</length><match><data>\x00\x07\x03Rs3\xe1\x8eb</data></match></read>
    <write><data>\x01\x00\x0b:\xfb\xaa?\x3c:\x2b\xfb\xaa?\x3c</data></write>
    <read><length>1</length><match><data>\x00</data></match></read>
    <read><length>4</length><match><data>\x0e\x00\x00\x00</data></match></read>
    <write><data>\x06\x0a\x00\x00\x00</data></write>
    <read><length>1</length><match><data>\x05</data></match></read>
    <write><data>\x05\x0b\x00\x00\x00</data></write>
    <read><length>1</length><match><data>\x00</data></match></read>
    <read><length>6</length><match><data>\x00\x04\x06\xaf\xfa\x17</data></match></read>
    <write><data>\x05\x0e\x00\x00\x00</data></write>
    <read><length>1</length><match><data>\x00</data></match></read>
    <read><length>5</length><match><data>\x00\x03\xfb\xaa?</data></match></read>
    <write><data>\x07\x0a\x00\x00\x00\x00\x87\x81\xe5qa\xd3p8M\x00\x81\xe5qa\xd3p8M\x00\x81\xe5qa\xd3p8M\x00\x81\xe5qa\xd3p8M\x00\x81\xe5qa\xd3p8M\x00\x81\xe5qa\xd3p8M\x00\x81\xe5qa\xd3p8M\x00\x81\xe5qa\xd3p8M\x00\x81\xe5qa\xd3p8M\x00\x81\xe5qa\xd3p8M\x00\x81\xe5qa\xd3p8M\x00\x81\xe5qa\xd3p8M\x00\x81\xe5qa\xd3p8M\x00\x81\xe5qa\xd3p8M\x00\x81\xe5qa\xd3p8M\x00</data></write>
    <read><length>1</length><match><data>\x00</data></match></read>
    <read><length>4</length><match><data>\x0f\x00\x00\x00</data></match></read>
    <write><data>\x02\x0a\x00\x00\x00\x00\x08\xf1\xf3\x90\x40N\xfb\x99\xd8</data></write>
    <read><length>1</length><match><data>\x05</data></match></read>
    <write><data>\x08\x0c\x00\x00\x00</data></write>
    <read><length>1</length><match><data>\x00</data></match></read>
    <write><data>\x02\x0b\x00\x00\x00\x00\x04\xd0e\xa9\xec</data></write>
    <read><length>1</length><match><data>\x00</data></match></read>
    <read><length>10</length><match><data>\x00\x08\xf8b\x8d\xb1\x10U\x11\x05</data></match></read>
    <write><data>\x01\x00\x0b:N\xb7a\x3c:\x2bN\xb7a\x3c</data></write>
    <read><length>1</length><match><data>\x00</data></match></read>
    <read><length>4</length><match><data>\x10\x00\x00\x00</data></match></read>
    <write><data>\x02\x0a\x00\x00\x00\x00\x08\xc3\xd2 \xe0\xcf\xc7\xe8Q</data></write>
    <read><length>1</length><match><data>\x05</data></match></read>
    <write><data>\x08\x0c\x00\x00\x00</data></write>
    <read><length>1</length><match><data>\x00</data></match></read>
    <write><data>\x07\x0f\x00\x00\x00\x00\x90\x81\xe5qa\xd3p8M\x00\x81\xe5qa\xd3p8M\x00\x81\xe5qa\xd3p8M\x00\x81\xe5qa\xd3p8M\x00\x81\xe5qa\xd3p8M\x00\x81\xe5qa\xd3p8M\x00\x81\xe5qa\xd3p8M\x00\x81\xe5qa\xd3p8M\x00\x81\xe5qa\xd3p8M\x00\x81\xe5qa\xd3p8M\x00\x81\xe5qa\xd3p8M\x00\x81\xe5qa\xd3p8M\x00\x81\xe5qa\xd3p8M\x00\x81\xe5qa\xd3p8M\x00\x81\xe5qa\xd3p8M\x00\x81\xe5qa\xd3p8M\x00</data></write>
    <read><length>1</length><match><data>\x00</data></match></read>
    <read><length>4</length><match><data>\x11\x00\x00\x00</data></match></read>
    <write><data>\x07\x04\x00\x00\x00\x00\xc2\x83\xda\x0b\x16!\x00\xc9\xe4\x3e\x8ffJ\x00\x81\x03Rs3\xe1\x8eb\x00\x81\x03Rs3\xe1\x8eb\x00\x83\xda\x0b\x16!\x00\xc9\xe4\x3e\x8ffJ\x00\x81\x03Rs3\xe1\x8eb\x00\x83\xda\x0b\x16!\x00\xc9\xe4\x3e\x8ffJ\x00\x81\x03Rs3\xe1\x8eb\x00\x81\x03Rs3\xe1\x8eb\x00\x83\xda\x0b\x16!\x00\xc9\xe4\x3e\x8ffJ\x00\x83\xda\x0b\x16!\x00\xc9\xe4\x3e\x8ffJ\x00\x83\xda\x0b\x16!\x00\xc9\xe4\x3e\x8ffJ\x00\x83\xda\x0b\x16!\x00\xc9\xe4\x3e\x8ffJ\x00\x81\x03Rs3\xe1\x8eb\x00\x81\x03Rs3\xe1\x8eb\x00\x81\x03Rs3\xe1\x8eb\x00\x81\x03Rs3\xe1\x8eb\x00\x83\xda\x0b\x16!\x00\xc9\xe4\x3e\x8ffJ\x00\x81\x03Rs3\xe1\x8eb\x00</data></write>
    <read><length>1</length><match><data>\x00</data></match></read>
    <read><length>4</length><match><data>\x12\x00\x00\x00</data></match></read>
    <write><data>\x04\x0f\x00\x00\x00</data></write>
    <read><length>1</length><match><data>\x00</data></match></read>
    <read><length>2</length><match><data>\x00\x00</data></match></read>
    <write><data>\x06\x0a\x00\x00\x00</data></write>
    <read><length>1</length><match><data>\x05</data></match></read>
    <write><data>\x00S\x25r\xf7\xf6\xdf</data></write>
    <read><length>1</length><match><data>\x00</data></match></read>
    <write><data>\x07\x04\x00\x00\x00\x00\xd0\x81\x03Rs3\xe1\x8eb\x00\x81\x03Rs3\xe1\x8eb\x00\x81\x03Rs3\xe1\x8eb\x00\x81\x03Rs3\xe1\x8eb\x00\x81\x03Rs3\xe1\x8eb\x00\x81\x03Rs3\xe1\x8eb\x00\x81\x03Rs3\xe1\x8eb\x00\x81\x03Rs3\xe1\x8eb\x00\x81\x03Rs3\xe1\x8eb\x00\x83\xda\x0b\x16!\x00\xc9\xe4\x3e\x8ffJ\x00\x83\xda\x0b\x16!\x00\xc9\xe4\x3e\x8ffJ\x00\x83\xda\x0b\x16!\x00\xc9\xe4\x3e\x8ffJ\x00\x81\x03Rs3\xe1\x8eb\x00\x81\x03Rs3\xe1\x8eb\x00\x81\x03Rs3\xe1\x8eb\x00\x81\x03Rs3\xe1\x8eb\x00\x83\xda\x0b\x16!\x00\xc9\xe4\x3e\x8ffJ\x00\x83\xda\x0b\x16!\x00\xc9\xe4\x3e\x8ffJ\x00\x83\xda\x0b\x16!\x00\xc9\xe4\x3e\x8ffJ\x00\x83\xda\x0b\x16!\x00\xc9\xe4\x3e\x8ffJ\x00</data></write>
    <read><length>1</length><match><data>\x00</data></match></read>
    <read><length>4</length><match><data>\x13\x00\x00\x00</data></match></read>
    <write><data>\x06\x0e\x00\x00\x00</data></write>
    <read><length>1</length><match><data>\x05</data></match></read>
    <write><data>\x06\x0c\x00\x00\x00</data></write>
    <read><length>1</length><match><data>\x05</data></match></read>
    <write><data>\x03\x13\x00\x00\x00\x00\x06zh\xe9\x7e\x22\x87\x00\x03\x60\xdc\x19</data></write>
    <read><length>1</length><match><data>\x00</data></match></read>
    <write><data>\x06\x0f\x00\x00\x00</data></write>
    <read><length>1</length><match><data>\x05</data></match></read>
    <write><data>\x03\x02\x00\x00\x00\x00\x05\x87i\x90\x02\x3b\x00\x04\x2c\xf5\x8f\xdf</data></write>
    <read><length>1</length><match><data>\x00</data></match></read>
    <write><data>\x06\x04\x00\x00\x00</data></write>
    <read><length>1</length><match><data>\x05</data></match></read>
    <write><data>\x04\x0f\x00\x00\x00</data></write>
    <read><length>1</length><match><data>\x00</data></match></read>
    <read><length>2</length><match><data>\x00\x00</data></match></read>
    <write><data>\x00\x84RZ\xf0\xcf\xda</data></write>
    <read><length>1</length><match><data>\x00</data></match></read>
    <write><data>\x06\x10\x00\x00\x00</data></write>
    <read><length>1</length><match><data>\x05</data></match></read>
    <write><data>\x04\x0f\x00\x00\x00</data></write>
    <read><length>1</length><match><data>\x00</data></match></read>
    <read><length>2</length><match><data>\x00\x00</data></match></read>
    <write><data>\x04\x02\x00\x00\x00</data></write>
    <read><length>1</length><match><data>\x00</data></match></read>
    <read><length>2</length><match><data>\x00\x01</data></match></read>
    <read><length>7</length></read>
    <write><data>\x08\x0c\x00\x00\x00</data></write>
    <read><length>1</length><match><data>\x00</data></match></read>
    <write><data>\x08\x0c\x00\x00\x00</data></write>
    <read><length>1</length><match><data>\x00</data></match></read>
    <write><data>\x00\xa0\x93\xd5\xc7\x10\x06</data></write>
    <read><length>1</length><match><data>\x00</data></match></read>
    <write><data>\x07\x0b\x00\x00\x00\x00\x95\x81\x06\xaf\xfa\x17\x00\x81\x06\xaf\xfa\x17\x00\x81\x06\xaf\xfa\x17\x00\x83\xd0e\xa9\xec\x00\xf8b\x8d\xb1\x10U\x11\x05\x00\x83\xd0e\xa9\xec\x00\xf8b\x8d\xb1\x10U\x11\x05\x00\x81\x06\xaf\xfa\x17\x00\x83 \xcb\xe0\x00\x0dU\xd3\xe7\x00\x81\x06\xaf\xfa\x17\x00\x83\xd0e\xa9\xec\x00\xf8b\x8d\xb1\x10U\x11\x05\x00\x83\xd0e\xa9\xec\x00\xf8b\x8d\xb1\x10U\x11\x05\x00\x83\xd0e\xa9\xec\x00\xf8b\x8d\xb1\x10U\x11\x05\x00\x81\x06\xaf\xfa\x17\x00\x83 \xcb\xe0\x00\x0dU\xd3\xe7\x00\x81\x06\xaf\xfa\x17\x00\x81\x06\xaf\xfa\x17\x00\x81\x06\xaf\xfa\x17\x00</data></write>
    <read><length>1</length><match><data>\x00</data></match></read>
    <read><length>4</length><match><data>\x14\x00\x00\x00</data></match></read>
    <write><data>\x08\x0c\x00\x00\x00</data></write>
    <read><length>1</length><match><data>\x00</data></match></read>
    <write><data>\x08\x0c\x00\x00\x00</data></write>
    <read><length>1</length><match><data>\x00</data></match></read>
    <write><data>\x00\x87\x89X\xcf1\x80</data></write>
    <read><length>1</length><match><data>\x00</data></match></read>
    <write><data>\x02\x08\x00\x00\x00\x00\x08\xa9\x93\xb5lyQ\xa3\xe8</data></write>
    <read><length>1</length><match><data>\x00</data></match></read>
    <read><length>7</length><match><data>\x00\x05\xd6\x16\xa1\xb0\xb5</data></match></read>
    <write><data>\x00\xab\xe4\x98\x5d4\x9c</data></write>
    <read><length>1</length><match><data>\x00</data></match></read>
    <write><data>\x08\x0c\x00\x00\x00</data></write>
    <read><length>1</length><match><data>\x00</data></match></read>
    <write><data>\x05\x14\x00\x00\x00</data></write>
    <read><length>1</length><match><data>\x00</data></match></read>
    <read><length>6</length><match><data>\x00\x04\x06\xaf\xfa\x17</data></match></read>
    <write><data>\x01\x00\x11\xab\x16\xb5R7\xc3\x7b\xe4\xab4\x16\xb5R7\xc3\x7b\xe4</data></write>
    <read><length>1</length><match><data>\x00</data></match></read>
    <read><length>4</length><match><data>\x15\x00\x00\x00</data></match></read>
    <write><data>\x08\x0c\x00\x00\x00</data></write>
    <read><length>1</length><match><data>\x00</data></match></read>
    <write><data>\x06\x0e\x00\x00\x00</data></write>
    <read><length>1</length><match><data>\x05</data></match></read>
    <write><data>\x05\x07\x00\x00\x00</data></write>
    <read><length>1</length><match><data>\x00</data></match></read>
    <read><length>9</length><match><data>\x00\x07\xe5qa\xd3p8M</data></match></read>
    <write><data>\x06\x0c\x00\x00\x00</data></write>
    <read><length>1</length><match><data>\x05</data></match></read>
    <write><data>\x04\x06\x00\x00\x00</data></write>
    <read><length>1</length><match><data>\x00</data></match></read>
    <read><length>2</length><match><data>\x00\x02</data></match></read>
    <read><length>20</length></read>
    <write><data>\x00\x8a\xc4\xec\x8bv\xf4</data></write>
    <read><length>1</length><match><data>\x00</data></match></read>
    <write><data>\x06\x04\x00\x00\x00</data></write>
    <read><length>1</length><match><data>\x05</data></match></read>
    <write><data>\x00\x09\xb0B\x9f\x11\x88</data></write>
    <read><length>1</length><match><data>\x00</data></match></read>
    <write><data>\x04\x0d\x00\x00\x00</data></write>
    <read><length>1</length><match><data>\x00</data></match></read>
    <read><length>2</length><match><data>\x00\x05</data></match></read>
    <read><length>42</length></read>
    <write><data>\x03\x11\x00\x00\x00\x00\x06\xac\xdd\xa5\x23\xca\x2b\x00\x06\x40\xc2y\xf1\xbf\xda</data></write>
    <read><length>1</length><match><data>\x00</data></match></read>
    <write><data>\x06\x13\x00\x00\x00</data></write>
    <read><length>1</length><match><data>\x05</data></match></read>
    <write><data>\x04\x02\x00\x00\x00</data></write>
    <read><length>1</length><match><data>\x00</data></match></read>
    <read><length>2</length><match><data>\x00\x01</data></match></read>
    <read><length>7</length></read>
    <write><data>\x01\x00\x2c\x09\xb8\xb3\x07\x0cy\x5e\xefB\x7b\x5b\x7c\x8a\x02\xd5\x9f\x5f\xc5\x88\x9fB\x03\xd3WT\xb8\x7f\xa8\x9f\x85\xac\x87\x2a\xb0\x09\x11\xb8\xb3\x07\x0cy\x5e\xef\xb0</data></write>
    <read><length>1</length><match><data>\x00</data></match></read>
    <read><length>4</length><match><data>\x16\x00\x00\x00</data></match></read>
    <write><data>\x02\x02\x00\x00\x00\x00\x05\x87i\x90\x02\x3b</data></write>
    <read><length>1</length><match><data>\x00</data></match></read>
    <read><length>6</length><match><data>\x00\x04\x2c\xf5\x8f\xdf</data></match></read>
    <write><data>\x08\x06\x00\x00\x00</data></write>
    <read><length>1</length><match><data>\x00</data></match></read>
    <write><data>\x01\x00\x13\x09C\x13n\x97\xb4\x93\xdc\xb0\x09\x11C\x13n\x97\xb4\x93\xdc\xb0</data></write>
    <read><length>1</length><match><data>\x00</data></match></read>
    <read><length>4</length><match><data>\x17\x00\x00\x00</data></match></read>
    <write><data>\x05\x06\x00\x00\x00</data></write>
    <read><length>1</length><match><data>\x00</data></match></read>
    <read><length>5</length><match><data>\x00\x03cml</data></match></read>
    <write><data>\x01\x00\x0b\x09\xabNA\xb0\x09\x11\xabNA\xb0</data></write>
    <read><length>1</length><match><data>\x00</data></match></read>
    <read><length>4</length><match><data>\x18\x00\x00\x00</data></match></read>
    <write><data>\x02\x02\x00\x00\x00\x00\x05\x87i\x90\x02\x3b</data></write>
    <read><length>1</length><match><data>\x00</data></match></read>
    <read><length>6</length><match><data>\x00\x04\x2c\xf5\x8f\xdf</data></match></read>
    <write><data>\x07\x03\x00\x00\x00\x00w\x81S\x91\xcc\x83p\x00\x81S\x91\xcc\x83p\x00\x81S\x91\xcc\x83p\x00\x81S\x91\xcc\x83p\x00\x81S\x91\xcc\x83p\x00\x81S\x91\xcc\x83p\x00\x81S\x91\xcc\x83p\x00\x81S\x91\xcc\x83p\x00\x81S\x91\xcc\x83p\x00\x81S\x91\xcc\x83p\x00\x81S\x91\xcc\x83p\x00\x81S\x91\xcc\x83p\x00\x81S\x91\xcc\x83p\x00\x81S\x91\xcc\x83p\x00\x81S\x91\xcc\x83p\x00\x81S\x91\xcc\x83p\x00\x81S\x91\xcc\x83p\x00</data></write>
    <read><length>1</length><match><data>\x00</data></match></read>
    <read><length>4</length><match><data>\x19\x00\x00\x00</data></match></read>
    <write><data>\x03\x0d\x00\x00\x00\x00\x04\xafnx\xec\x00\x06\xa2\xb5\x1d\x2cr\x5b</data></write>
    <read><length>1</length><match><data>\x00</data></match></read>
    <write><data>\x08\x06\x00\x00\x00</data></write>
    <read><length>1</length><match><data>\x00</data></match></read>
    <write><data>\x04\x04\x00\x00\x00</data></write>
    <read><length>1</length><match><data>\x00</data></match></read>
    <read><length>2</length><match><data>\x00\x02</data></match></read>
    <read><length>14</length></read>
    <write><data>\x03\x12\x00\x00\x00\x00\x08\xc6\xf6S\x19A\xa1\xc5\xd2\x00\x03M\xa1\xa5</data></write>
    <read><length>1</length><match><data>\x00</data></match></read>
    <write><data>\x06\x02\x00\x00\x00</data></write>
    <read><length>1</length><match><data>\x05</data></match></read>
    <write><data>\x06\x06\x00\x00\x00</data></write>
    <read><length>1</length><match><data>\x05</data></match></read>
    <write><data>\x03\x0b\x00\x00\x00\x00\x06d\xb3\xc6l\x93\x90\x00\x04\xbd\x92\x87\xf2</data></write>
    <read><length>1</length><match><data>\x00</data></match></read>
    <write><data>\x08\x06\x00\x00\x00</data></write>
    <read><length>1</length><match><data>\x00</data></match></read>
    <write><data>\x02\x0b\x00\x00\x00\x00\x04\xd0e\xa9\xec</data></write>
    <read><length>1</length><match><data>\x00</data></match></read>
    <read><length>10</length><match><data>\x00\x08\xf8b\x8d\xb1\x10U\x11\x05</data></match></read>
    <write><data>\x01\x01p\x09\xbel\xa6\xb0\x09\xc4\x0bz\x06\x1bG\x81B\x02\x1a\x19\xe3\x9f\x04\xf4\xd7\xa2o\xddi\x9aBq\xee\xa0\xd2\xbe\x10E\x9f\x29\x93\x16\x8a\x91\xb3\x29XB\x22\x0e\xc7\x9f\x17\x29\x23\x2b\xb5U\xd1B\x97\x87M\x91\xb2\x7d5\x01\x9f\x9b\xf5\x60\x1cb\xd3\x28Bz\x96\x2d\x9f\x06\x08\xeb\xb0\x09\x11\xc4\x0bz\x06\x1bG\x81\xb0\x09\x02\xc2\x22\xaa\x7fB\x1a\x962\x9f\xf5\xb8\x40\x1b\xfc\xbd\xb4B\x94\xe4\x19f\x9a\xc4g\xa8\x9f\x2f\xae\x10\x7dBj\x88\x9fO\x2b\x04\x9f\x9e\x10.\xfc\xbb\x5e\x5d\x8cBR\x9b\x3b\xf8\x17Xr\x9f\xf9\x24\x01\xad\x8e\x97\x5bl\xb0\x09\x11\x02\xc2\x22\xaa\x7f\xb0\x09\xc1Hb\xacB:\xddP\xa4\xe2\x9f\x07!\x80\xae\x12!B\xbd\x82\xed\xd8\x9ft\x17\x0fK\xa0\x96\x24\xa5B\x5e\xfb\xb1\x60\xf2h\x9fGH\xcd\x81\x86\x23\xfb\xccB\x80\x5d\xca\x96\x9e\xf3\x0d\x9fE\x10\x1e\xb0\x09\x11\xc1Hb\xac\xb0\x09QC\x8aj\xb0\x09\x2a\xbd\x9a\x3b\xcd\x16\xb0\x09\x11\x2a\xbd\x9a\x3b\xcd\x16\xb0\x09d\xcb\x83\xe7\xb0\x09\x11d\xcb\x83\xe7\xb0\x09\xbe\xfaW\xe1\x83I\x16B\x23lh\x8cl\xd0\xe0\x9f\x7fE\x87\x5d\xfd\x26\x98B\x3e\x84\x26i\x2b\xfe\x28\x9f\x88\x09\x02\xeaaB\xd7\x97\x8f\x04\x9fq\xa1\x25\x96\x8a\x8c\x17B\x27\x27\x82\x1d\x9f\x84\x03\x1f\xc5v\x80B\x8bI\xbc\xa5\x8c\xf4\x9f\x06\x1e\x18\xb0\x09\x11\xbe\xfaW\xe1\x83I\x16\xb0\x09\x11QC\x8aj\xb0\x09\x11\xbel\xa6\xb0</data></write>
    <read><length>1</length><match><data>\x00</data></match></read>
    <read><length>4</length><match><data>\x1a\x00\x00\x00</data></match></read>
    <write><data>\x02\x0c\x00\x00\x00\x00\x09namespace</data></write>
    <read><length>1</length><match><data>\x00</data></match></read>
    <read><length>3</length><match><data>\x00\x01\x08</data></match></read>
    <write><data>\x00\xfbh\x9d\x87\xa0\x9e</data></write>
    <read><length>1</length><match><data>\x00</data></match></read>
    <write><data>\x02\x14\x00\x00\x00\x00\x06d\xb3\xc6l\x93\x90</data></write>
    <read><length>1</length><match><data>\x00</data></match></read>
    <read><length>6</length><match><data>\x00\x04\xbd\x92\x87\xf2</data></match></read>
    <write><data>\x01\x00\x18\xfbk\xa6\x23\x07h\xfb\xc3\x3c\xe1h\xfb\xa0\xc3\x3c\xe1h\xfb\xa0k\xa6\x23\x07h</data></write>
    <read><length>1</length><match><data>\x00</data></match></read>
    <read><length>4</length><match><data>\x1b\x00\x00\x00</data></match></read>
    <write><data>\x06\x06\x00\x00\x00</data></write>
    <read><length>1</length><match><data>\x05</data></match></read>
    <write><data>\x03\x0a\x00\x00\x00\x00\x07\x8f\x05\x02V\x2b\xcc\x0d\x00\x05\xd4\xed\xed\x1d\x3b</data></write>
    <read><length>1</length><match><data>\x00</data></match></read>
    <write><data>\x04\x18\x00\x00\x00</data></write>
    <read><length>1</length><match><data>\x00</data></match></read>
    <read><length>2</length><match><data>\x00\x00</data></match></read>
    <write><data>\x03\x12\x00\x00\x00\x00\x03\x83\x08\xa8\x00\x07\x90\xd6\x0f\x8f\x84\xa7\x97</data></write>
    <read><length>1</length><match><data>\x00</data></match></read>
    <write><data>\x04\x0c\x00\x00\x00</data></write>
    <read><length>1</length><match><data>\x00</data></match></read>
    <read><length>2</length><match><data>\x00\x02</data></match></read>
    <read><length>20</length></read>
    <write><data>\x08\x06\x00\x00\x00</data></write>
    <read><length>1</length><match><data>\x00</data></match></read>
    <write><data>\x05\x12\x00\x00\x00</data></write>
    <read><length>1</length><match><data>\x00</data></match></read>
    <read><length>9</length><match><data>\x00\x07\x03Rs3\xe1\x8eb</data></match></read>
    <write><data>\x02\x0c\x00\x00\x00\x00\x09namespace</data></write>
    <read><length>1</length><match><data>\x00</data></match></read>
    <read><length>3</length><match><data>\x00\x01\x08</data></match></read>
    <write><data>\x06\x12\x00\x00\x00</data></write>
    <read><length>1</length><match><data>\x05</data></match></read>
    <write><data>\x05\x1a\x00\x00\x00</data></write>
    <read><length>1</length><match><data>\x00</data></match></read>
    <read><length>5</length><match><data>\x00\x03\xbel\xa6</data></match></read>
    <write><data>\x01\x00\x0d\xfb\xb7\x8d\x2fch\xfb\xa0\xb7\x8d\x2fch</data></write>
    <read><length>1</length><match><data>\x00</data></match></read>
    <read><length>4</length><match><data>\x1c\x00\x00\x00</data></match></read>
    <write><data>\x04\x0b\x00\x00\x00</data></write>
    <read><length>1</length><match><data>\x00</data></match></read>
    <read><length>2</length><match><data>\x00\x03</data></match></read>
    <read><length>19</length></read>
    <write><data>\x02\x08\x00\x00\x00\x00\x08\xa9\x93\xb5lyQ\xa3\xe8</data></write>
    <read><length>1</length><match><data>\x00</data></match></read>
    <read><length>7</length><match><data>\x00\x05\xd6\x16\xa1\xb0\xb5</data></match></read>
    <write><data>\x06\x02\x00\x00\x00</data></write>
    <read><length>1</length><match><data>\x05</data></match></read>
    <write><data>\x03\x1b\x00\x00\x00\x00\x03\x0e\xe4 \x00\x04\x83\x02\x0e\x8e</data></write>
    <read><length>1</length><match><data>\x00</data></match></read>
    <write><data>\x06\x17\x00\x00\x00</data></write>
    <read><length>1</length><match><data>\x05</data></match></read>
    <write><data>\x03\x03\x00\x00\x00\x00\x05\xf5Li\xa0\xc6\x00\x08\x5c\xadjo\xee6\x7b\xe8</data></write>
    <read><length>1</length><match><data>\x00</data></match></read>
    <write><data>\x06\x14\x00\x00\x00</data></write>
    <read><length>1</length><match><data>\x05</data></match></read>
    <write><data>\x05\x12\x00\x00\x00</data></write>
    <read><length>1</length><match><data>\x00</data></match></read>
    <read><length>9</length><match><data>\x00\x07\x03Rs3\xe1\x8eb</data></match></read>
    <write><data>\x02\x0f\x00\x00\x00\x00\x07\x8f\x05\x02V\x2b\xcc\x0d</data></write>
    <read><length>1</length><match><data>\x00</data></match></read>
    <read><length>7</length><match><data>\x00\x05\xd4\xed\xed\x1d\x3b</data></match></read>
    <write><data>\x00\xdag?7\x04\xee</data></write>
    <read><length>1</length><match><data>\x00</data></match></read>
    <write><data>\x08\x06\x00\x00\x00</data></write>
    <read><length>1</length><match><data>\x00</data></match></read>
    <write><data>\x06\x09\x00\x00\x00</data></write>
    <read><length>1</length><match><data>\x05</data></match></read>
    <write><data>\x06\x0c\x00\x00\x00</data></write>
    <read><length>1</length><match><data>\x05</data></match></read>
    <write><data>\x01\x00\x0d\xda\xf8:\x1f!g\xda\x04\xf8:\x1f!g</data></write>
    <read><length>1</length><match><data>\x00</data></match></read>
    <read><length>4</length><match><data>\x1d\x00\x00\x00</data></match></read>
    <write><data>\x07\x13\x00\x00\x00\x00\x82\x83\x83\x08\xa8\x00\x90\xd6\x0f\x8f\x84\xa7\x97\x00\x83\xc6\xf6S\x19A\xa1\xc5\xd2\x00M\xa1\xa5\x00\x81\x03Rs3\xe1\x8eb\x00\x81\x03Rs3\xe1\x8eb\x00\x81\x03Rs3\xe1\x8eb\x00\x81\x03Rs3\xe1\x8eb\x00\x81\x03Rs3\xe1\x8eb\x00\x83\x83\x08\xa8\x00\x90\xd6\x0f\x8f\x84\xa7\x97\x00\x81\x03Rs3\xe1\x8eb\x00\x81\x03Rs3\xe1\x8eb\x00\x81\x03Rs3\xe1\x8eb\x00\x81\x03Rs3\xe1\x8eb\x00\x81\x03Rs3\xe1\x8eb\x00</data></write>
    <read><length>1</length><match><data>\x00</data></match></read>
    <read><length>4</length><match><data>\x1e\x00\x00\x00</data></match></read>
    <write><data>\x01\x00P\xda\x09\x40\x84\xd8\x28?B\xaa\x06\x84\x037e\xf6\xf7\x7c\x99\xfc\x05?\xee\xeeJ\xb5\x28V\xca\x837Q\x7c\x113\xb8?Z\xd7q7n\xaa2DNm\x1d?\xf2Q\xcb7\x9c\x2fr\x09\xe53?\x1f\xaf\x7c\xe77u\x7er\xb2\xae\xdb\xabg\xda\x04\x09\x40\x84\xd8\x28g</data></write>
    <read><length>1</length><match><data>\x00</data></match></read>
    <read><length>4</length><match><data>\x1f\x00\x00\x00</data></match></read>
    <write><data>\x08\x06\x00\x00\x00</data></write>
    <read><length>1</length><match><data>\x00</data></match></read>
    <write><data>\x00\xcc\x1b\x18\xab\xe7\xe2</data></write>
    <read><length>1</length><match><data>\x00</data></match></read>
    <write><data>\x05\x0f\x00\x00\x00</data></write>
    <read><length>1</length><match><data>\x00</data></match></read>
    <read><length>9</length><match><data>\x00\x07\xe5qa\xd3p8M</data></match></read>
    <write><data>\x08\x06\x00\x00\x00</data></write>
    <read><length>1</length><match><data>\x00</data></match></read>
    <write><data>\x02\x0f\x00\x00\x00\x00\x06\xac\xdd\xa5\x23\xca\x2b</data></write>
    <read><length>1</length><match><data>\x00</data></match></read>
    <read><length>8</length><match><data>\x00\x06\x40\xc2y\xf1\xbf\xda</data></match></read>
    <write><data>\x08\x06\x00\x00\x00</data></write>
    <read><length>1</length><match><data>\x00</data></match></read>
    <write><data>\x00\x95\x98\xf2?0\x2c</data></write>
    <read><length>1</length><match><data>\x00</data></match></read>
    <write><data>\x00\xba\xdd\xa2\x93\xb1\xd6</data></write>
    <read><length>1</length><match><data>\x00</data></match></read>
    <write><data>\x08\x06\x00\x00\x00</data></write>
    <read><length>1</length><match><data>\x00</data></match></read>
    <write><data>\x00Y\xa8\x13\xe3\xe9\x1d</data></write>
    <read><length>1</length><match><data>\x00</data></match></read>
    <write><data>\x06\x07\x00\x00\x00</data></write>
    <read><length>1</length><match><data>\x05</data></match></read>
    <write><data>\x04\x11\x00\x00\x00</data></write>
    <read><length>1</length><match><data>\x00</data></match></read>
    <read><length>2</length><match><data>\x00\x02</data></match></read>
    <read><length>17</length></read>
    <write><data>\x04\x08\x00\x00\x00</data></write>
    <read><length>1</length><match><data>\x00</data></match></read>
    <read><length>2</length><match><data>\x00\x02</data></match></read>
    <read><length>20</length></read>
    <write><data>\x08\x06\x00\x00\x00</data></write>
    <read><length>1</length><match><data>\x00</data></match></read>
    <write><data>\x06\x13\x00\x00\x00</data></write>
    <read><length>1</length><match><data>\x05</data></match></read>
    <write><data>\x01\x00\x0fY\xee\x5e\xa6\x0d\x16\xa8Y\xe9\xee\x5e\xa6\x0d\x16\xa8</data></write>
    <read><length>1</length><match><data>\x00</data></match></read>
    <read><length>4</length><match><data> \x00\x00\x00</data></match></read>
    <write><data>\x06\x1d\x00\x00\x00</data></write>
    <read><length>1</length><match><data>\x05</data></match></read>
    <write><data>\x03\x04\x00\x00\x00\x00\x08\xc4\x0f\xbe\x3c\x82\xc9sk\x00\x079\xc1r\x9cYT\xcf</data></write>
    <read><length>1</length><match><data>\x00</data></match></read>
    <write><data>\x06\x02\x00\x00\x00</data></write>
    <read><length>1</length><match><data>\x05</data></match></read>
    <write><data>\x00\x1c\xae\xad\x1a\xd0l</data></write>
    <read><length>1</length><match><data>\x00</data></match></read>
    <write><data>\x06\x1b\x00\x00\x00</data></write>
    <read><length>1</length><match><data>\x05</data></match></read>
    <write><data>\x05\x13\x00\x00\x00</data></write>
    <read><length>1</length><match><data>\x00</data></match></read>
    <read><length>9</length><match><data>\x00\x07\x03Rs3\xe1\x8eb</data></match></read>
    <write><data>\x04\x01\x00\x00\x00</data></write>
    <read><length>1</length><match><data>\x00</data></match></read>
    <read><length>2</length><match><data>\x00\x01</data></match></read>
    <read><length>9</length></read>
    <write><data>\x03\x19\x00\x00\x00\x00\x03\xcb\xfby\x00\x05\xb0\x5d\xe6\xf8w</data></write>
    <read><length>1</length><match><data>\x00</data></match></read>
    <write><data>\x00\xac\xdf\xe6\x5b\xc2\x11</data></write>
    <read><length>1</length><match><data>\x00</data></match></read>
    <write><data>\x01\x00\x0b\xac\xb8\x5e\x85\xdf\xac\xc2\xb8\x5e\x85\xdf</data></write>
    <read><length>1</length><match><data>\x00</data></match></read>
    <read><length>4</length><match><data>!\x00\x00\x00</data></match></read>
    <write><data>\x01\x00\x0d\xac\x83Z\xbd\x7d\xdf\xac\xc2\x83Z\xbd\x7d\xdf</data></write>
    <read><length>1</length><match><data>\x00</data></match></read>
    <read><length>4</length><match><data>\x22\x00\x00\x00</data></match></read>
    <write><data>\x07\x0b\x00\x00\x00\x00\x86\x83 \xcb\xe0\x00\x0dU\xd3\xe7\x00\x83\xd0e\xa9\xec\x00\xf8b\x8d\xb1\x10U\x11\x05\x00\x83d\xb3\xc6l\x93\x90\x00\xbd\x92\x87\xf2\x00\x83 \xcb\xe0\x00\x0dU\xd3\xe7\x00\x83d\xb3\xc6l\x93\x90\x00\xbd\x92\x87\xf2\x00\x81\x06\xaf\xfa\x17\x00\x83d\xb3\xc6l\x93\x90\x00\xbd\x92\x87\xf2\x00\x83\xd0e\xa9\xec\x00\xf8b\x8d\xb1\x10U\x11\x05\x00\x83 \xcb\xe0\x00\x0dU\xd3\xe7\x00\x81\x06\xaf\xfa\x17\x00\x83d\xb3\xc6l\x93\x90\x00\xbd\x92\x87\xf2\x00\x83 \xcb\xe0\x00\x0dU\xd3\xe7\x00</data></write>
    <read><length>1</length><match><data>\x00</data></match></read>
    <read><length>4</length><match><data>\x23\x00\x00\x00</data></match></read>
    <write><data>\x05\x08\x00\x00\x00</data></write>
    <read><length>1</length><match><data>\x00</data></match></read>
    <read><length>9</length><match><data>\x00\x07\xdf\x15\x5b\x7b\xc7\x07\x1a</data></match></read>
    <write><data>\x08\x06\x00\x00\x00</data></write>
    <read><length>1</length><match><data>\x00</data></match></read>
    <write><data>\x02\x15\x00\x00\x00\x00\x08\xd9\x9b\x1b\x5cA\xf8\x0c\xc5</data></write>
    <read><length>1</length><match><data>\x05</data></match></read>
    <write><data>\x08\x06\x00\x00\x00</data></write>
    <read><length>1</length><match><data>\x00</data></match></read>
    <write><data>\x07\x1a\x00\x00\x00\x00\x9c\x02\x81QC\x8aj\x00\x81QC\x8aj\x00\x02\x81\xbe\xfaW\xe1\x83I\x16\x00\x83\x23lh\x8cl\xd0\xe0\x00\x7fE\x87\x5d\xfd\x26\x98\x00\x83\x8bI\xbc\xa5\x8c\xf4\x00\x06\x1e\x18\x00\x83\x3e\x84\x26i\x2b\xfe\x28\x00\x09\x02\xeaa\x00\x81\xbe\xfaW\xe1\x83I\x16\x00\x83\x8bI\xbc\xa5\x8c\xf4\x00\x06\x1e\x18\x00\x83\x23lh\x8cl\xd0\xe0\x00\x7fE\x87\x5d\xfd\x26\x98\x00\x81\xbe\xfaW\xe1\x83I\x16\x00\x83\x8bI\xbc\xa5\x8c\xf4\x00\x06\x1e\x18\x00\x81\xbe\xfaW\xe1\x83I\x16\x00\x81\xbe\xfaW\xe1\x83I\x16\x00\x83\x27\x27\x82\x1d\x00\x84\x03\x1f\xc5v\x80\x00</data></write>
    <read><length>1</length><match><data>\x00</data></match></read>
    <read><length>4</length><match><data>\x24\x00\x00\x00</data></match></read>
    <write><data>\x01\x00\x13\xac\xca\x5d\x7cw8\x17y\xdf\xac\xc2\xca\x5d\x7cw8\x17y\xdf</data></write>
    <read><length>1</length><match><data>\x00</data></match></read>
    <read><length>4</length><match><data>\x25\x00\x00\x00</data></match></read>
    <write><data>\x03\x0d\x00\x00\x00\x00\x04\xcc\xc5\x8c\x86\x00\x05\xb2\xdb\x7b\x7b\x5f</data></write>
    <read><length>1</length><match><data>\x00</data></match></read>
    <write><data>\x01\x00\x11\xacO\x28\xbf\xfc\xae\x9f\xdf\xac\xc2O\x28\xbf\xfc\xae\x9f\xdf</data></write>
    <read><length>1</length><match><data>\x00</data></match></read>
    <read><length>4</length><match><data>\x26\x00\x00\x00</data></match></read>
    <write><data>\x01\x00\x0b\xacCU7\xdf\xac\xc2CU7\xdf</data></write>
    <read><length>1</length><match><data>\x00</data></match></read>
    <read><length>4</length><match><data>\x27\x00\x00\x00</data></match></read>
    <write><data>\x00\xc9DB\x08\x1d\x1f</data></write>
    <read><length>1</length><match><data>\x00</data></match></read>
    <write><data>\x02\x19\x00\x00\x00\x00\x05\xf5Li\xa0\xc6</data></write>
    <read><length>1</length><match><data>\x00</data></match></read>
    <read><length>10</length><match><data>\x00\x08\x5c\xadjo\xee6\x7b\xe8</data></match></read>
    <write><data>\x07\x17\x00\x00\x00\x00\xa2\x81C\x13n\x97\xb4\x93\xdc\x00\x81C\x13n\x97\xb4\x93\xdc\x00\x81C\x13n\x97\xb4\x93\xdc\x00\x81C\x13n\x97\xb4\x93\xdc\x00\x81C\x13n\x97\xb4\x93\xdc\x00\x81C\x13n\x97\xb4\x93\xdc\x00\x81C\x13n\x97\xb4\x93\xdc\x00\x81C\x13n\x97\xb4\x93\xdc\x00\x81C\x13n\x97\xb4\x93\xdc\x00\x81C\x13n\x97\xb4\x93\xdc\x00\x81C\x13n\x97\xb4\x93\xdc\x00\x81C\x13n\x97\xb4\x93\xdc\x00\x81C\x13n\x97\xb4\x93\xdc\x00\x81C\x13n\x97\xb4\x93\xdc\x00\x81C\x13n\x97\xb4\x93\xdc\x00\x81C\x13n\x97\xb4\x93\xdc\x00\x81C\x13n\x97\xb4\x93\xdc\x00\x81C\x13n\x97\xb4\x93\xdc\x00</data></write>
    <read><length>1</length><match><data>\x00</data></match></read>
    <read><length>4</length><match><data>\x28\x00\x00\x00</data></match></read>
    <write><data>\x01\x00\x13\xc9\x29IX\xdb\x40\x18\xacD\xc9\x1d\x29IX\xdb\x40\x18\xacD</data></write>
    <read><length>1</length><match><data>\x00</data></match></read>
    <read><length>4</length><match><data>\x29\x00\x00\x00</data></match></read>
    <write><data>\x06\x1a\x00\x00\x00</data></write>
    <read><length>1</length><match><data>\x05</data></match></read>
    <write><data>\x07\x18\x00\x00\x00\x00d\x81\xabNA\x00\x81\xabNA\x00\x81\xabNA\x00\x81\xabNA\x00\x81\xabNA\x00\x81\xabNA\x00\x81\xabNA\x00\x81\xabNA\x00\x81\xabNA\x00\x81\xabNA\x00\x81\xabNA\x00\x81\xabNA\x00\x81\xabNA\x00\x81\xabNA\x00\x81\xabNA\x00\x81\xabNA\x00\x81\xabNA\x00\x81\xabNA\x00\x81\xabNA\x00\x81\xabNA\x00</data></write>
    <read><length>1</length><match><data>\x00</data></match></read>
    <read><length>4</length><match><data>\x2a\x00\x00\x00</data></match></read>
    <write><data>\x04\x04\x00\x00\x00</data></write>
    <read><length>1</length><match><data>\x00</data></match></read>
    <read><length>2</length><match><data>\x00\x05</data></match></read>
    <read><length>39</length></read>
    <write><data>\x03\x24\x00\x00\x00\x00\x06\xd4\xe04\xc9\x073\x00\x07\xed\xdeV\x04nK\xa3</data></write>
    <read><length>1</length><match><data>\x00</data></match></read>
    <write><data>\x06\x0d\x00\x00\x00</data></write>
    <read><length>1</length><match><data>\x05</data></match></read>
    <write><data>\x02\x04\x00\x00\x00\x00\x08\xc4\x0f\xbe\x3c\x82\xc9sk</data></write>
    <read><length>1</length><match><data>\x00</data></match></read>
    <read><length>9</length><match><data>\x00\x079\xc1r\x9cYT\xcf</data></match></read>
    <write><data>\x07\x11\x00\x00\x00\x00\x99\x81\xe5qa\xd3p8M\x00\x81\xe5qa\xd3p8M\x00\x83\x8f\x05\x02V\x2b\xcc\x0d\x00\xd4\xed\xed\x1d\x3b\x00\x81\xe5qa\xd3p8M\x00\x83\x8f\x05\x02V\x2b\xcc\x0d\x00\xd4\xed\xed\x1d\x3b\x00\x83\xac\xdd\xa5\x23\xca\x2b\x00\x40\xc2y\xf1\xbf\xda\x00\x81\xe5qa\xd3p8M\x00\x81\xe5qa\xd3p8M\x00\x83\xac\xdd\xa5\x23\xca\x2b\x00\x40\xc2y\xf1\xbf\xda\x00\x83\xac\xdd\xa5\x23\xca\x2b\x00\x40\xc2y\xf1\xbf\xda\x00\x81\xe5qa\xd3p8M\x00\x83\xac\xdd\xa5\x23\xca\x2b\x00\x40\xc2y\xf1\xbf\xda\x00\x81\xe5qa\xd3p8M\x00</data></write>
    <read><length>1</length><match><data>\x00</data></match></read>
    <read><length>4</length><match><data>\x2b\x00\x00\x00</data></match></read>
    <write><data>\x08\x06\x00\x00\x00</data></write>
    <read><length>1</length><match><data>\x00</data></match></read>
    <write><data>\x03\x14\x00\x00\x00\x00\x04J\xe4\x1e\xeb\x00\x08\x15\x3e\x04\x84\xfei\x8b\x5d</data></write>
    <read><length>1</length><match><data>\x00</data></match></read>
    <write><data>\x02\x17\x00\x00\x00\x00\x08\x86\x9b\x0dsh\xb1\x1cY</data></write>
    <read><length>1</length><match><data>\x05</data></match></read>
    <write><data>\x01\x00O\xc9Y\x8b\x5b\x06B1\x96\x11h\x07\x04\x08\xcb\x60\x29\xfcJ\x7b\xa8BL\xf8\x85x\xeaot\xf8\x08\xf3\xccx\x7bB\x81Ij\xa6p\x08\xaf\x0bzB\xd6\x25\xa4\xed\xdd\x08\x15R\xcc\x5cBY\x887Z\x23q\x16\xcc\x08\xf6\xcfs\x9d\x9c\x3eD\xc9\x1dY\x8b\x5b\x06D</data></write>
    <read><length>1</length><match><data>\x00</data></match></read>
    <read><length>4</length><match><data>\x2c\x00\x00\x00</data></match></read>
    <write><data>\x04\x12\x00\x00\x00</data></write>
    <read><length>1</length><match><data>\x00</data></match></read>
    <read><length>2</length><match><data>\x00\x05</data></match></read>
    <read><length>39</length></read>
    <write><data>\x03\x26\x00\x00\x00\x00\x08R5\x91\xd6\x17\xda\x80\xf3\x00\x05\xa8\x99\x15\xfaP</data></write>
    <read><length>1</length><match><data>\x00</data></match></read>
    <write><data>\x02!\x00\x00\x00\x00\x08\x8a\xd2\x3e\x86\xf7\xc0\x23\x60</data></write>
    <read><length>1</length><match><data>\x05</data></match></read>
    <write><data>\x00\x92\x0c\xb2X\x9b\x9a</data></write>
    <read><length>1</length><match><data>\x00</data></match></read>
    <write><data>\x07\x11\x00\x00\x00\x00\xde\x83\x8f\x05\x02V\x2b\xcc\x0d\x00\xd4\xed\xed\x1d\x3b\x00\x81\xe5qa\xd3p8M\x00\x81\xe5qa\xd3p8M\x00\x81\xe5qa\xd3p8M\x00\x81\xe5qa\xd3p8M\x00\x83\xac\xdd\xa5\x23\xca\x2b\x00\x40\xc2y\xf1\xbf\xda\x00\x81\xe5qa\xd3p8M\x00\x81\xe5qa\xd3p8M\x00\x83\xac\xdd\xa5\x23\xca\x2b\x00\x40\xc2y\xf1\xbf\xda\x00\x81\xe5qa\xd3p8M\x00\x81\xe5qa\xd3p8M\x00\x81\xe5qa\xd3p8M\x00\x81\xe5qa\xd3p8M\x00\x81\xe5qa\xd3p8M\x00\x83\xac\xdd\xa5\x23\xca\x2b\x00\x40\xc2y\xf1\xbf\xda\x00\x81\xe5qa\xd3p8M\x00\x83\xac\xdd\xa5\x23\xca\x2b\x00\x40\xc2y\xf1\xbf\xda\x00\x83\xac\xdd\xa5\x23\xca\x2b\x00\x40\xc2y\xf1\xbf\xda\x00\x81\xe5qa\xd3p8M\x00\x83\xac\xdd\xa5\x23\xca\x2b\x00\x40\xc2y\xf1\xbf\xda\x00</data></write>
    <read><length>1</length><match><data>\x00</data></match></read>
    <read><length>4</length><match><data>\x2d\x00\x00\x00</data></match></read>
    <write><data>\x00\x259\xa0\xa9Z\xc2</data></write>
    <read><length>1</length><match><data>\x00</data></match></read>
    <write><data>\x05\x2b\x00\x00\x00</data></write>
    <read><length>1</length><match><data>\x00</data></match></read>
    <read><length>9</length><match><data>\x00\x07\xe5qa\xd3p8M</data></match></read>
    <write><data>\x01\x01\x25\x25\x89uS\x27\x29\x059\x25\xf0\xe1mf9\x25Z\xf0\xe1mf9\x25A\x1b6\x83\xc7\xbd\xa0\xc2\xa9 \xdd\xbdSV\xc2\xc2\x01\xa9\xdc\xb7\xde\xd3P\x9a\x04\xa0wlR\x0bd\xa9\x87\xb6\x05!\xef\x5f\x5bi9\x25ZA\x1b6\x83\xc7\xbd9\x25\x16\x01\xd0\xa0\xc4\xd7\xcc\x07\x9f\xa9\x5e\x06\xc2\xa0\xeb\xa0\xc7D\xcc\x93\xec\x85:\x0e\xa9c\x9aDQ\x9e\xdf\xa0\x17G\xaf\x8dO\xd0\x3bt\xa9\x13\xc2\xa0 \xbep\xa0\x81a\xe5\x22\xa9q\xf9\xf1FW\x8f\x18\xc69\x25\x5c\xb5\xe62\xa0\x1fw\xbbKA\x02\xa9\x60\xed\xc2\xa0m\x2f\xf2\x7b\xbc\xa0O\x824xIS\xab\xa9\xea\xc2Z\xdb8\x96\x1a\xf1\x17\xa0\xb10N\xc3\xc9\xe8\xc5\x1c\xa9t\xbb\xe2s\xd5\x2d\xf9x9\x25Z\x5c\xb5\xe629\x25\x8e\x24\xcb\x1d\x03\xdc9\x25Z\x8e\x24\xcb\x1d\x03\xdc9\x25Z\x16\x01\xd09\x25\xb3\xf2\xdc\xcb\x8a\xa0\xb7y\xc2\x256bh\xf9\xa9\xf2\xe2\xc2\xa9K\x2f\x059\x25\x05R\x80\x5d9\x25Z\x05R\x80\x5d9\x25\x91\xb4\x28\x18\x979\x25Z\x91\xb4\x28\x18\x979\x25Z\xb3\xf2\xdc\xcb\x8a9\x25Z\x89uS\x27\x29\x059</data></write>
    <read><length>1</length><match><data>\x00</data></match></read>
    <read><length>4</length><match><data>.\x00\x00\x00</data></match></read>
    <write><data>\x07\x0f\x00\x00\x00\x00\xc6\x81\xe5qa\xd3p8M\x00\x81\xe5qa\xd3p8M\x00\x83\xac\xdd\xa5\x23\xca\x2b\x00\x40\xc2y\xf1\xbf\xda\x00\x83\x8f\x05\x02V\x2b\xcc\x0d\x00\xd4\xed\xed\x1d\x3b\x00\x81\xe5qa\xd3p8M\x00\x83\x8f\x05\x02V\x2b\xcc\x0d\x00\xd4\xed\xed\x1d\x3b\x00\x83\xac\xdd\xa5\x23\xca\x2b\x00\x40\xc2y\xf1\xbf\xda\x00\x83\x8f\x05\x02V\x2b\xcc\x0d\x00\xd4\xed\xed\x1d\x3b\x00\x81\xe5qa\xd3p8M\x00\x81\xe5qa\xd3p8M\x00\x81\xe5qa\xd3p8M\x00\x83\xac\xdd\xa5\x23\xca\x2b\x00\x40\xc2y\xf1\xbf\xda\x00\x83\xac\xdd\xa5\x23\xca\x2b\x00\x40\xc2y\xf1\xbf\xda\x00\x83\xac\xdd\xa5\x23\xca\x2b\x00\x40\xc2y\xf1\xbf\xda\x00\x81\xe5qa\xd3p8M\x00\x83\xac\xdd\xa5\x23\xca\x2b\x00\x40\xc2y\xf1\xbf\xda\x00</data></write>
    <read><length>1</length><match><data>\x00</data></match></read>
    <read><length>4</length><match><data>\x2f\x00\x00\x00</data></match></read>
    <write><data>\x02\x05\x00\x00\x00\x00\x07version</data></write>
    <read><length>1</length><match><data>\x00</data></match></read>
    <read><length>23</length><match><data>\x00\x152542142446.1833810368</data></match></read>
    <write><data>\x01\x00U\x25Y\x15\xc8\xca\xab8\xa0\x2b\x83\xfaI\xa9\x2b\xed1V\x8df\xc29\x01\xa0B4u?\xa9\xb6\x18\xf8\xaf\xa0\xfc\x91J\x2fYT\x89\xa9\x06\x9d\x23\xc1\x27\xa0\xbf\x98\xc1\xcc\xcaB\xa9F\x0b\xf7\xec\xd0\xa0g\x9d\x0d\xe2\xad\xbe\xa1M\xa9\xec\x2f\xf4\x11\x13\xb29\x25ZY\x15\xc8\xca\xab89</data></write>
    <read><length>1</length><match><data>\x00</data></match></read>
    <read><length>4</length><match><data>0\x00\x00\x00</data></match></read>
    <write><data>\x00\xa0\xb5!\xb3\x10\xe2</data></write>
    <read><length>1</length><match><data>\x00</data></match></read>
    <write><data>\x04\x2b\x00\x00\x00</data></write>
    <read><length>1</length><match><data>\x00</data></match></read>
    <read><length>2</length><match><data>\x00\x02</data></match></read>
    <read><length>17</length></read>
    <write><data>\x04\x06\x00\x00\x00</data></write>
    <read><length>1</length><match><data>\x00</data></match></read>
    <read><length>2</length><match><data>\x00\x02</data></match></read>
    <read><length>20</length></read>
    <write><data>\x07\x1d\x00\x00\x00\x00H\x81\xf8:\x1f!\x00\x81\xf8:\x1f!\x00\x81\xf8:\x1f!\x00\x81\xf8:\x1f!\x00\x81\xf8:\x1f!\x00\x81\xf8:\x1f!\x00\x81\xf8:\x1f!\x00\x81\xf8:\x1f!\x00\x81\xf8:\x1f!\x00\x81\xf8:\x1f!\x00\x81\xf8:\x1f!\x00\x81\xf8:\x1f!\x00</data></write>
    <read><length>1</length><match><data>\x00</data></match></read>
    <read><length>4</length><match><data>1\x00\x00\x00</data></match></read>
    <write><data>\x06\x10\x00\x00\x00</data></write>
    <read><length>1</length><match><data>\x05</data></match></read>
    <write><data>\x071\x00\x00\x00\x00\x60\x81\xf8:\x1f!\x00\x81\xf8:\x1f!\x00\x81\xf8:\x1f!\x00\x81\xf8:\x1f!\x00\x81\xf8:\x1f!\x00\x81\xf8:\x1f!\x00\x81\xf8:\x1f!\x00\x81\xf8:\x1f!\x00\x81\xf8:\x1f!\x00\x81\xf8:\x1f!\x00\x81\xf8:\x1f!\x00\x81\xf8:\x1f!\x00\x81\xf8:\x1f!\x00\x81\xf8:\x1f!\x00\x81\xf8:\x1f!\x00\x81\xf8:\x1f!\x00</data></write>
    <read><length>1</length><match><data>\x00</data></match></read>
    <read><length>4</length><match><data>2\x00\x00\x00</data></match></read>
    <write><data>\x07\x2b\x00\x00\x00\x00\xde\x81\xe5qa\xd3p8M\x00\x83\xac\xdd\xa5\x23\xca\x2b\x00\x40\xc2y\xf1\xbf\xda\x00\x83\xac\xdd\xa5\x23\xca\x2b\x00\x40\xc2y\xf1\xbf\xda\x00\x81\xe5qa\xd3p8M\x00\x81\xe5qa\xd3p8M\x00\x83\xac\xdd\xa5\x23\xca\x2b\x00\x40\xc2y\xf1\xbf\xda\x00\x81\xe5qa\xd3p8M\x00\x83\x8f\x05\x02V\x2b\xcc\x0d\x00\xd4\xed\xed\x1d\x3b\x00\x83\xac\xdd\xa5\x23\xca\x2b\x00\x40\xc2y\xf1\xbf\xda\x00\x83\x8f\x05\x02V\x2b\xcc\x0d\x00\xd4\xed\xed\x1d\x3b\x00\x83\xac\xdd\xa5\x23\xca\x2b\x00\x40\xc2y\xf1\xbf\xda\x00\x81\xe5qa\xd3p8M\x00\x83\x8f\x05\x02V\x2b\xcc\x0d\x00\xd4\xed\xed\x1d\x3b\x00\x83\x8f\x05\x02V\x2b\xcc\x0d\x00\xd4\xed\xed\x1d\x3b\x00\x81\xe5qa\xd3p8M\x00\x83\xac\xdd\xa5\x23\xca\x2b\x00\x40\xc2y\xf1\xbf\xda\x00\x81\xe5qa\xd3p8M\x00\x81\xe5qa\xd3p8M\x00</data></write>
    <read><length>1</length><match><data>\x00</data></match></read>
    <read><length>4</length><match><data>3\x00\x00\x00</data></match></read>
    <write><data>\x05\x14\x00\x00\x00</data></write>
    <read><length>1</length><match><data>\x00</data></match></read>
    <read><length>6</length><match><data>\x00\x04\x06\xaf\xfa\x17</data></match></read>
    <write><data>\x07\x03\x00\x00\x00\x00\xc4\x81S\x91\xcc\x83p\x00\x83\xcb\xfby\x00\xb0\x5d\xe6\xf8w\x00\x83\xcb\xfby\x00\xb0\x5d\xe6\xf8w\x00\x83\xf5Li\xa0\xc6\x00\x5c\xadjo\xee6\x7b\xe8\x00\x83\xcb\xfby\x00\xb0\x5d\xe6\xf8w\x00\x83\xcb\xfby\x00\xb0\x5d\xe6\xf8w\x00\x81S\x91\xcc\x83p\x00\x81S\x91\xcc\x83p\x00\x83\xcb\xfby\x00\xb0\x5d\xe6\xf8w\x00\x83\xcb\xfby\x00\xb0\x5d\xe6\xf8w\x00\x83\xcb\xfby\x00\xb0\x5d\xe6\xf8w\x00\x83\xf5Li\xa0\xc6\x00\x5c\xadjo\xee6\x7b\xe8\x00\x81S\x91\xcc\x83p\x00\x83\xcb\xfby\x00\xb0\x5d\xe6\xf8w\x00\x81S\x91\xcc\x83p\x00\x83\xf5Li\xa0\xc6\x00\x5c\xadjo\xee6\x7b\xe8\x00\x83\xcb\xfby\x00\xb0\x5d\xe6\xf8w\x00\x81S\x91\xcc\x83p\x00\x81S\x91\xcc\x83p\x00</data></write>
    <read><length>1</length><match><data>\x00</data></match></read>
    <read><length>4</length><match><data>4\x00\x00\x00</data></match></read>
    <write><data>\x08\x06\x00\x00\x00</data></write>
    <read><length>1</length><match><data>\x00</data></match></read>
    <write><data>\x04\x1d\x00\x00\x00</data></write>
    <read><length>1</length><match><data>\x00</data></match></read>
    <read><length>2</length><match><data>\x00\x00</data></match></read>
    <write><data>\x02\x0e\x00\x00\x00\x00\x08\x17\xca\xd0\xf2\xc1\xed\x8c\x28</data></write>
    <read><length>1</length><match><data>\x05</data></match></read>
    <write><data>\x07\x0f\x00\x00\x00\x00\xc3\x81\xe5qa\xd3p8M\x00\x81\xe5qa\xd3p8M\x00\x83\xac\xdd\xa5\x23\xca\x2b\x00\x40\xc2y\xf1\xbf\xda\x00\x83\xac\xdd\xa5\x23\xca\x2b\x00\x40\xc2y\xf1\xbf\xda\x00\x81\xe5qa\xd3p8M\x00\x81\xe5qa\xd3p8M\x00\x81\xe5qa\xd3p8M\x00\x81\xe5qa\xd3p8M\x00\x83\x8f\x05\x02V\x2b\xcc\x0d\x00\xd4\xed\xed\x1d\x3b\x00\x83\x8f\x05\x02V\x2b\xcc\x0d\x00\xd4\xed\xed\x1d\x3b\x00\x83\xac\xdd\xa5\x23\xca\x2b\x00\x40\xc2y\xf1\xbf\xda\x00\x83\xac\xdd\xa5\x23\xca\x2b\x00\x40\xc2y\xf1\xbf\xda\x00\x83\x8f\x05\x02V\x2b\xcc\x0d\x00\xd4\xed\xed\x1d\x3b\x00\x81\xe5qa\xd3p8M\x00\x81\xe5qa\xd3p8M\x00\x81\xe5qa\xd3p8M\x00\x81\xe5qa\xd3p8M\x00</data></write>
    <read><length>1</length><match><data>\x00</data></match></read>
    <read><length>4</length><match><data>5\x00\x00\x00</data></match></read>
    <write><data>\x00\xbe\xd8\xe3s\xa9L</data></write>
    <read><length>1</length><match><data>\x00</data></match></read>
    <write><data>\x06\x01\x00\x00\x00</data></write>
    <read><length>1</length><match><data>\x05</data></match></read>
    <write><data>\x01\x00\x0f\xbe\x87\x24Ho\xac\xd8\xbe\xa9\x87\x24Ho\xac\xd8</data></write>
    <read><length>1</length><match><data>\x00</data></match></read>
    <read><length>4</length><match><data>6\x00\x00\x00</data></match></read>
    <write><data>\x02.\x00\x00\x00\x00\x08\x25w\x9a\xa4\xc4\xb9\x97\x08</data></write>
    <read><length>1</length><match><data>\x05</data></match></read>
    <write><data>\x07\x09\x00\x00\x00\x00\x89\x83\x0d8\xb3\x92\x00\x7er\x13\x94\xaf\xa7\x00\x81\x92\xc3\x2b\xe95\xc9Q\x00\x83\x0d8\xb3\x92\x00\x7er\x13\x94\xaf\xa7\x00\x83\x0d8\xb3\x92\x00\x7er\x13\x94\xaf\xa7\x00\x81\x92\xc3\x2b\xe95\xc9Q\x00\x81\x92\xc3\x2b\xe95\xc9Q\x00\x83\x0d8\xb3\x92\x00\x7er\x13\x94\xaf\xa7\x00\x83\x0d8\xb3\x92\x00\x7er\x13\x94\xaf\xa7\x00\x81\x92\xc3\x2b\xe95\xc9Q\x00\x81\x92\xc3\x2b\xe95\xc9Q\x00\x81\x92\xc3\x2b\xe95\xc9Q\x00\x81\x92\xc3\x2b\xe95\xc9Q\x00\x81\x92\xc3\x2b\xe95\xc9Q\x00</data></write>
    <read><length>1</length><match><data>\x00</data></match></read>
    <read><length>4</length><match><data>7\x00\x00\x00</data></match></read>
    <write><data>\x08\x06\x00\x00\x00</data></write>
    <read><length>1</length><match><data>\x00</data></match></read>
    <write><data>\x08\x06\x00\x00\x00</data></write>
    <read><length>1</length><match><data>\x00</data></match></read>
    <write><data>\x03\x12\x00\x00\x00\x00\x06\xb4l\x030\xb6\x27\x00\x08\x80\x02\x92\x1d\x86 Sr</data></write>
    <read><length>1</length><match><data>\x00</data></match></read>
    <write><data>\x02\x26\x00\x00\x00\x00\x08R5\x91\xd6\x17\xda\x80\xf3</data></write>
    <read><length>1</length><match><data>\x00</data></match></read>
    <read><length>7</length><match><data>\x00\x05\xa8\x99\x15\xfaP</data></match></read>
    <write><data>\x00\xd4a\x15\x24w\xaf</data></write>
    <read><length>1</length><match><data>\x00</data></match></read>
    <write><data>\x07\x1d\x00\x00\x00\x00T\x81\xf8:\x1f!\x00\x81\xf8:\x1f!\x00\x81\xf8:\x1f!\x00\x81\xf8:\x1f!\x00\x81\xf8:\x1f!\x00\x81\xf8:\x1f!\x00\x81\xf8:\x1f!\x00\x81\xf8:\x1f!\x00\x81\xf8:\x1f!\x00\x81\xf8:\x1f!\x00\x81\xf8:\x1f!\x00\x81\xf8:\x1f!\x00\x81\xf8:\x1f!\x00\x81\xf8:\x1f!\x00</data></write>
    <read><length>1</length><match><data>\x00</data></match></read>
    <read><length>4</length><match><data>8\x00\x00\x00</data></match></read>
    <write><data>\x03\x27\x00\x00\x00\x00\x08\xe4\xc7\xe7\x11\x09\xdb!J\x00\x08y\x8eNW\x04\xf4\xf5\xe5</data></write>
    <read><length>1</length><match><data>\x00</data></match></read>
    <write><data>\x05\x0f\x00\x00\x00</data></write>
    <read><length>1</length><match><data>\x00</data></match></read>
    <read><length>9</length><match><data>\x00\x07\xe5qa\xd3p8M</data></match></read>
    <write><data>\x03\x01\x00\x00\x00\x00\x07\xde\xa5\xff\xdd!\xd2\xbd\x00\x08\x5fL\xe7\xa8\x5b\x98y\x11</data></write>
    <read><length>1</length><match><data>\x00</data></match></read>
    <write><data>\x06\x06\x00\x00\x00</data></write>
    <read><length>1</length><match><data>\x05</data></match></read>
    <write><data>\x01\x00P\xd4cml\x15\x98\x82\x17\x05\xffe\x28\x24W\xa4\x8c\xf7\xe2\xf1\x9fk\x15version\x242542142446.1833810368\x15n\xafamesp\xaface\x24H\xc7\x7b\x40\x7b\xafw\x07\x84a\xd4wcmla</data></write>
    <read><length>1</length><match><data>\x00</data></match></read>
    <read><length>4</length><match><data>9\x00\x00\x00</data></match></read>
    <write><data>\x03\x16\x00\x00\x00\x00\x03\x2d\x93\x8a\x00\x06.\x2c\x3d\xfc\xc9\x09</data></write>
    <read><length>1</length><match><data>\x00</data></match></read>
    <write><data>\x02\x24\x00\x00\x00\x00\x04\x27\x27\x82\x1d</data></write>
    <read><length>1</length><match><data>\x00</data></match></read>
    <read><length>8</length><match><data>\x00\x06\x84\x03\x1f\xc5v\x80</data></match></read>
    <write><data>\x02\x25\x00\x00\x00\x00\x08M\xbf\xd6\x1e\xd8w\x1f\xda</data></write>
    <read><length>1</length><match><data>\x05</data></match></read>
    <write><data>\x08\x06\x00\x00\x00</data></write>
    <read><length>1</length><match><data>\x00</data></match></read>
    <write><data>\x07\x10\x00\x00\x00\x00A\x81N\xb7a\x00\x81N\xb7a\x00\x81N\xb7a\x00\x81N\xb7a\x00\x81N\xb7a\x00\x81N\xb7a\x00\x81N\xb7a\x00\x81N\xb7a\x00\x81N\xb7a\x00\x81N\xb7a\x00\x81N\xb7a\x00\x81N\xb7a\x00\x81N\xb7a\x00</data></write>
    <read><length>1</length><match><data>\x00</data></match></read>
    <read><length>4</length><match><data>:\x00\x00\x00</data></match></read>
    <write><data>\x02\x23\x00\x00\x00\x00\x03 \xcb\xe0</data></write>
    <read><length>1</length><match><data>\x00</data></match></read>
    <read><length>6</length><match><data>\x00\x04\x0dU\xd3\xe7</data></match></read>
    <write><data>\x06\x09\x00\x00\x00</data></write>
    <read><length>1</length><match><data>\x05</data></match></read>
    <write><data>\x06\x0c\x00\x00\x00</data></write>
    <read><length>1</length><match><data>\x05</data></match></read>
    <write><data>\x05\x0d\x00\x00\x00</data></write>
    <read><length>1</length><match><data>\x00</data></match></read>
    <read><length>9</length><match><data>\x00\x07\x7b\x92\x1d\xa1l\xf6\xa4</data></match></read>
    <write><data>\x07\x29\x00\x00\x00\x00\x99\x81\x29IX\xdb\x40\x18\xac\x00\x81\x29IX\xdb\x40\x18\xac\x00\x81\x29IX\xdb\x40\x18\xac\x00\x81\x29IX\xdb\x40\x18\xac\x00\x81\x29IX\xdb\x40\x18\xac\x00\x81\x29IX\xdb\x40\x18\xac\x00\x81\x29IX\xdb\x40\x18\xac\x00\x81\x29IX\xdb\x40\x18\xac\x00\x81\x29IX\xdb\x40\x18\xac\x00\x81\x29IX\xdb\x40\x18\xac\x00\x81\x29IX\xdb\x40\x18\xac\x00\x81\x29IX\xdb\x40\x18\xac\x00\x81\x29IX\xdb\x40\x18\xac\x00\x81\x29IX\xdb\x40\x18\xac\x00\x81\x29IX\xdb\x40\x18\xac\x00\x81\x29IX\xdb\x40\x18\xac\x00\x81\x29IX\xdb\x40\x18\xac\x00</data></write>
    <read><length>1</length><match><data>\x00</data></match></read>
    <read><length>4</length><match><data>\x3b\x00\x00\x00</data></match></read>
    <write><data>\x08\x06\x00\x00\x00</data></write>
    <read><length>1</length><match><data>\x00</data></match></read>
    <write><data>\x06\x2b\x00\x00\x00</data></write>
    <read><length>1</length><match><data>\x05</data></match></read>
    <write><data>\x04 \x00\x00\x00</data></write>
    <read><length>1</length><match><data>\x00</data></match></read>
    <read><length>2</length><match><data>\x00\x00</data></match></read>
    <write><data>\x031\x00\x00\x00\x00\x05\xa4we\x14\x95\x00\x06:\xc3\xc7\x90\xd1\xef</data></write>
    <read><length>1</length><match><data>\x00</data></match></read>
    <write><data>\x04\x18\x00\x00\x00</data></write>
    <read><length>1</length><match><data>\x00</data></match></read>
    <read><length>2</length><match><data>\x00\x00</data></match></read>
    <write><data>\x03\x15\x00\x00\x00\x00\x05\xcf\xa0\x5b\xbc\x0a\x00\x05\xf7q\x94\x9f\x83</data></write>
    <read><length>1</length><match><data>\x00</data></match></read>
    <write><data>\x06\x01\x00\x00\x00</data></write>
    <read><length>1</length><match><data>\x05</data></match></read>
    <write><data>\x04\x09\x00\x00\x00</data></write>
    <read><length>1</length><match><data>\x00</data></match></read>
    <read><length>2</length><match><data>\x00\x01</data></match></read>
    <read><length>6</length></read>
    <write><data>\x08\x06\x00\x00\x00</data></write>
    <read><length>1</length><match><data>\x00</data></match></read>
    <write><data>\x057\x00\x00\x00</data></write>
    <read><length>1</length><match><data>\x00</data></match></read>
    <read><length>9</length><match><data>\x00\x07\x92\xc3\x2b\xe95\xc9Q</data></match></read>
    <write><data>\x055\x00\x00\x00</data></write>
    <read><length>1</length><match><data>\x00</data></match></read>
    <read><length>9</length><match><data>\x00\x07\xe5qa\xd3p8M</data></match></read>
    <write><data>\x05\x1c\x00\x00\x00</data></write>
    <read><length>1</length><match><data>\x00</data></match></read>
    <read><length>6</length><match><data>\x00\x04\xb7\x8d\x2fc</data></match></read>
    <write><data>\x06\x07\x00\x00\x00</data></write>
    <read><length>1</length><match><data>\x05</data></match></read>
    <write><data>\x08\x06\x00\x00\x00</data></write>
    <read><length>1</length><match><data>\x00</data></match></read>
    <write><data>\x03\x1f\x00\x00\x00\x00\x05\xfc\x2a\xc7\x5c\x94\x00\x08\xb3 \xaf\xb9\xcdY\xd8P</data></write>
    <read><length>1</length><match><data>\x00</data></match></read>
    <write><data>\x066\x00\x00\x00</data></write>
    <read><length>1</length><match><data>\x05</data></match></read>
    <write><data>\x02\x0d\x00\x00\x00\x00\x07g\x3b\xe1\x87\x04\xcd\x40</data></write>
    <read><length>1</length><match><data>\x00</data></match></read>
    <read><length>8</length><match><data>\x00\x06G\xdfN\xa3\xa9\x89</data></match></read>
    <write><data>\x01\x003\xd4e\x7b\x2bcm\x15\x3d\x0b\x3c\x24\x10\xdb\x17\x1a\x15\x95F\x1c\x24\x90\x07\xc5\xb6\xaf\x24x\xef\x15\xeb\x8d\xcc\xc9\xa0\x88\xd3\x24z\x40\x0e\xb4\xdfa\xd4we\x7b\x2bcma</data></write>
    <read><length>1</length><match><data>\x00</data></match></read>
    <read><length>4</length><match><data>\x3c\x00\x00\x00</data></match></read>
    <write><data>\x06\x2a\x00\x00\x00</data></write>
    <read><length>1</length><match><data>\x05</data></match></read>
    <write><data>\x03\x09\x00\x00\x00\x00\x03K\xda\xc6\x00\x06\xc7\x84\xba\x2d\xcf0</data></write>
    <read><length>1</length><match><data>\x00</data></match></read>
    <write><data>\x027\x00\x00\x00\x00\x03K\xda\xc6</data></write>
    <read><length>1</length><match><data>\x00</data></match></read>
    <read><length>8</length><match><data>\x00\x06\xc7\x84\xba\x2d\xcf0</data></match></read>
    <write><data>\x07\x0c\x00\x00\x00\x01J\x81cml\x00\x83version\x002542142446.1833810368\x00\x83version\x002542142446.1833810368\x00\x83namespace\x00\x08\x00\x83version\x002542142446.1833810368\x00\x81cml\x00\x83namespace\x00\x08\x00\x83version\x002542142446.1833810368\x00\x83version\x002542142446.1833810368\x00\x83version\x002542142446.1833810368\x00\x81cml\x00\x81cml\x00\x81cml\x00\x83version\x002542142446.1833810368\x00\x83version\x002542142446.1833810368\x00\x81cml\x00\x83namespace\x00\x08\x00\x83namespace\x00\x08\x00</data></write>
    <read><length>1</length><match><data>\x00</data></match></read>
    <read><length>4</length><match><data>\x3d\x00\x00\x00</data></match></read>
    <write><data>\x07\x2b\x00\x00\x00\x00\xba\x83\xac\xdd\xa5\x23\xca\x2b\x00\x40\xc2y\xf1\xbf\xda\x00\x83\xac\xdd\xa5\x23\xca\x2b\x00\x40\xc2y\xf1\xbf\xda\x00\x81\xe5qa\xd3p8M\x00\x81\xe5qa\xd3p8M\x00\x81\xe5qa\xd3p8M\x00\x81\xe5qa\xd3p8M\x00\x83\x8f\x05\x02V\x2b\xcc\x0d\x00\xd4\xed\xed\x1d\x3b\x00\x81\xe5qa\xd3p8M\x00\x81\xe5qa\xd3p8M\x00\x81\xe5qa\xd3p8M\x00\x83\xac\xdd\xa5\x23\xca\x2b\x00\x40\xc2y\xf1\xbf\xda\x00\x81\xe5qa\xd3p8M\x00\x83\xac\xdd\xa5\x23\xca\x2b\x00\x40\xc2y\xf1\xbf\xda\x00\x83\x8f\x05\x02V\x2b\xcc\x0d\x00\xd4\xed\xed\x1d\x3b\x00\x83\xac\xdd\xa5\x23\xca\x2b\x00\x40\xc2y\xf1\xbf\xda\x00\x81\xe5qa\xd3p8M\x00</data></write>
    <read><length>1</length><match><data>\x00</data></match></read>
    <read><length>4</length><match><data>\x3e\x00\x00\x00</data></match></read>
    <write><data>\x06\x12\x00\x00\x00</data></write>
    <read><length>1</length><match><data>\x05</data></match></read>
    <write><data>\x01\x01\x28\xd4\xcdK\x9b!a\xd4\xf0q\xcdb\xcb9O\x15\x3e\x26\x85\xb7\x24\xac\xa8\x1a\x0a\x07\xf0\x15\x10\xe9\x04\x1c\xb5\xaf\x15\x09\x24\xb7\x60\xed8\x82\xbbo\x2a\x15\xa4\x3b\x97t\xcc\xbc\x24\x40\xf5\xf6\x5b\x1b\xd2\x60\x15g\xe7\xfb\x8e\xd5\x840\x13\x24\x92\x8f\xa5\x0653\xaf\x24q\x15\xaa\xc2\xa8\xafa\x3c\x7f\xa3\x24?\x5b\xdbs\x1c\x13\x05a\xd4\xe1\x87\xb0VHa\xd4w\xe1\x87\xb0VHa\xd4\xf3\xc6\xb5\x80\x06\x0ba\xd4w\xf3\xc6\xb5\x80\x06\x0ba\xd4\x25\xcc\x93\xb9\x25\x5dva\xd4w\x25\xcc\x93\xb9\x25\x5dva\xd4\x5e\x12\x8be\xdaf\x15\xd7l\xb4\x24\xa7\xb3\xddW\x15u\xccL\xfb\xeb \xba\x24\xf8\x8b\xaf\x15\xe0C\xc0\x15\xaf\x24M\x40\x8c\x22\x05\x241hf\xaea\xd4w\x5e\x12\x8be\xdafa\xd4w\xf0q\xcdb\xcb9Oa\xd4\xf2\x7f\x98a\xd4w\xf2\x7f\x98a\xd4\x7cy\x0f\x15\x17\x9aZ\x1b\x24\x9a\xd6\xc7\x15\x12\xb1\x9d\x07\x24\x26\xfd\xffn\x10Pt\x15\xab\xdc\xa3Od\x2b\x24\x12\x0a\x7d\x1b\xd6!\x15F\xafasB\xd2L\xfc?\x24\x0a\xf6\x9d\x17V\xc2\xd3\x11a\xd4w\x7cy\x0fa\xd4w\xcdK\x9b!a</data></write>
    <read><length>1</length><match><data>\x00</data></match></read>
    <read><length>4</length><match><data>?\x00\x00\x00</data></match></read>
    <write><data>\x08\x06\x00\x00\x00</data></write>
    <read><length>1</length><match><data>\x00</data></match></read>
    <write><data>\x01\x00v\xd4\xe1\x84\x40\x27a\xd4Z\xc4\x5ba\xd4wZ\xc4\x5ba\xd4\x93\x3dJ\xe8\xb7\x80\x10a\xd4w\x93\x3dJ\xe8\xb7\x80\x10a\xd4J\xcd5\xc1\x90\x15\x1c\x84z\x24\xaf\xd4Y\xd2\x40\xe7\xd1\x15\xe7T\xc8\x9a\xfe\xc3\xd8\x24\xafw\x8ez\x86\xf8\xdc\x15\x88 \xe5\x3e\xe40\xdd\x24\xe6\xc3\xe1\xe3H\x08\xe8da\xd4wJ\xcd5\xc1\x90a\xd4\x9dJ \x98\xc3a\xd4w\x9dJ \x98\xc3a\xd4w\xe1\x84\x40\x27a</data></write>
    <read><length>1</length><match><data>\x00</data></match></read>
    <read><length>4</length><match><data>\x40\x00\x00\x00</data></match></read>
    <write><data>\x07\x3b\x00\x00\x00\x00u\x81\x29IX\xdb\x40\x18\xac\x00\x81\x29IX\xdb\x40\x18\xac\x00\x81\x29IX\xdb\x40\x18\xac\x00\x81\x29IX\xdb\x40\x18\xac\x00\x81\x29IX\xdb\x40\x18\xac\x00\x81\x29IX\xdb\x40\x18\xac\x00\x81\x29IX\xdb\x40\x18\xac\x00\x81\x29IX\xdb\x40\x18\xac\x00\x81\x29IX\xdb\x40\x18\xac\x00\x81\x29IX\xdb\x40\x18\xac\x00\x81\x29IX\xdb\x40\x18\xac\x00\x81\x29IX\xdb\x40\x18\xac\x00\x81\x29IX\xdb\x40\x18\xac\x00</data></write>
    <read><length>1</length><match><data>\x00</data></match></read>
    <read><length>4</length><match><data>A\x00\x00\x00</data></match></read>
    <write><data>\x04\x01\x00\x00\x00</data></write>
    <read><length>1</length><match><data>\x00</data></match></read>
    <read><length>2</length><match><data>\x00\x02</data></match></read>
    <read><length>18</length></read>
    <write><data>\x04\x0e\x00\x00\x00</data></write>
    <read><length>1</length><match><data>\x00</data></match></read>
    <read><length>2</length><match><data>\x00\x00</data></match></read>
    <write><data>\x01\x00D\xd4\xe0\xb9u\xa5\x15\xf8\xe2:\xc6\xfb\x18\xab\x24 \x06\xafa\x96\xf0\x1a\x15\xac\x5co\xd6NQ\x24\x5b\xc7\xd6\xdes\x15\x05\x80\x96X\x24\x9cq\xbf\xcb\x15\x8a\x9em\xa4pn\xdf\x95\x24\x04\xc0.\xbe\x13\xeda\xd4w\xe0\xb9u\xa5a</data></write>
    <read><length>1</length><match><data>\x00</data></match></read>
    <read><length>4</length><match><data>B\x00\x00\x00</data></match></read>
    <write><data>\x022\x00\x00\x00\x00\x05\xa4we\x14\x95</data></write>
    <read><length>1</length><match><data>\x00</data></match></read>
    <read><length>8</length><match><data>\x00\x06:\xc3\xc7\x90\xd1\xef</data></match></read>
    <write><data>\x08\x06\x00\x00\x00</data></write>
    <read><length>1</length><match><data>\x00</data></match></read>
    <write><data>\x01\x00\x0f\xd4\xe4R\x17c\x7da\xd4w\xe4R\x17c\x7da</data></write>
    <read><length>1</length><match><data>\x00</data></match></read>
    <read><length>4</length><match><data>C\x00\x00\x00</data></match></read>
    <write><data>\x01\x00\x0f\xd43\xcdB\xfd\x9ca\xd4w3\xcdB\xfd\x9ca</data></write>
    <read><length>1</length><match><data>\x00</data></match></read>
    <read><length>4</length><match><data>D\x00\x00\x00</data></match></read>
    <write><data>\x00p\x3d\xf6\xc4\xcf\x1d</data></write>
    <read><length>1</length><match><data>\x00</data></match></read>
    <write><data>\x01\x002p\x5c\x29\x01\xd0\x1f\x84\xf6e\x1e\xa3\x99\x04\x0b\xc4\xe4\x10\x24u\xb2\xf6\x0a\x2d\xa6\x9d!T\xc4\x07\xa6v\xf6\x5bC\xc2\x96\xc43\x8b\xd3\x3dp\xcf\x5c\x29\x01\xd0\x1f\x84\x3d</data></write>
    <read><length>1</length><match><data>\x00</data></match></read>
    <read><length>4</length><match><data>E\x00\x00\x00</data></match></read>
    <write><data>\x08\x06\x00\x00\x00</data></write>
    <read><length>1</length><match><data>\x00</data></match></read>
    <write><data>\x01\x00\x11p\xc2\xf1\xc6\x24\xe5l\x3dp\xcf\xc2\xf1\xc6\x24\xe5l\x3d</data></write>
    <read><length>1</length><match><data>\x00</data></match></read>
    <read><length>4</length><match><data>F\x00\x00\x00</data></match></read>
    <write><data>\x07\x0d\x00\x00\x00\x00\x94\x81\x7b\x92\x1d\xa1l\xf6\xa4\x00\x83\x18\x92rm\xec\xf7\x00B\xd2\xa8\x28v\xbb\x00\x83g\x3b\xe1\x87\x04\xcd\x40\x00G\xdfN\xa3\xa9\x89\x00\x81\x7b\x92\x1d\xa1l\xf6\xa4\x00\x83g\x3b\xe1\x87\x04\xcd\x40\x00G\xdfN\xa3\xa9\x89\x00\x83\x0a\xa3\x7b\x9c\x95\x00S\xc2\x1a.\xe2\xc0\xd0\x3e\x00\x83\x18\x92rm\xec\xf7\x00B\xd2\xa8\x28v\xbb\x00\x81\x7b\x92\x1d\xa1l\xf6\xa4\x00\x81\x7b\x92\x1d\xa1l\xf6\xa4\x00\x83g\x3b\xe1\x87\x04\xcd\x40\x00G\xdfN\xa3\xa9\x89\x00\x81\x7b\x92\x1d\xa1l\xf6\xa4\x00\x81\x7b\x92\x1d\xa1l\xf6\xa4\x00</data></write>
    <read><length>1</length><match><data>\x00</data></match></read>
    <read><length>4</length><match><data>G\x00\x00\x00</data></match></read>
    <write><data>\x07\x19\x00\x00\x00\x00\x7e\x81S\x91\xcc\x83p\x00\x81S\x91\xcc\x83p\x00\x81S\x91\xcc\x83p\x00\x81S\x91\xcc\x83p\x00\x83\xcb\xfby\x00\xb0\x5d\xe6\xf8w\x00\x83\xcb\xfby\x00\xb0\x5d\xe6\xf8w\x00\x83\xf5Li\xa0\xc6\x00\x5c\xadjo\xee6\x7b\xe8\x00\x81S\x91\xcc\x83p\x00\x81S\x91\xcc\x83p\x00\x81S\x91\xcc\x83p\x00\x81S\x91\xcc\x83p\x00\x83\xcb\xfby\x00\xb0\x5d\xe6\xf8w\x00\x81S\x91\xcc\x83p\x00\x81S\x91\xcc\x83p\x00\x81S\x91\xcc\x83p\x00</data></write>
    <read><length>1</length><match><data>\x00</data></match></read>
    <read><length>4</length><match><data>H\x00\x00\x00</data></match></read>
    <write><data>\x03\x24\x00\x00\x00\x00\x05\x8c3\xe2Q\x9e\x00\x05v\xf3\x2b\xf4\xc1</data></write>
    <read><length>1</length><match><data>\x00</data></match></read>
    <write><data>\x033\x00\x00\x00\x00\x04\xcc\xbfA\x18\x00\x07\xe8\xf2\x82Y\xf2\xd0z</data></write>
    <read><length>1</length><match><data>\x00</data></match></read>
    <write><data>\x04\x29\x00\x00\x00</data></write>
    <read><length>1</length><match><data>\x00</data></match></read>
    <read><length>2</length><match><data>\x00\x00</data></match></read>
    <write><data>\x07G\x00\x00\x00\x00\xb6\x83g\x3b\xe1\x87\x04\xcd\x40\x00G\xdfN\xa3\xa9\x89\x00\x83g\x3b\xe1\x87\x04\xcd\x40\x00G\xdfN\xa3\xa9\x89\x00\x83\xcc\xc5\x8c\x86\x00\xb2\xdb\x7b\x7b\x5f\x00\x83\x0a\xa3\x7b\x9c\x95\x00S\xc2\x1a.\xe2\xc0\xd0\x3e\x00\x81\x7b\x92\x1d\xa1l\xf6\xa4\x00\x81\x7b\x92\x1d\xa1l\xf6\xa4\x00\x83eb\xa4\x22\x8c\x8b\x8a\x8f\x00j\x19\xb6\x2f\xef1\x00\x81\x7b\x92\x1d\xa1l\xf6\xa4\x00\x81\x7b\x92\x1d\xa1l\xf6\xa4\x00\x81\x7b\x92\x1d\xa1l\xf6\xa4\x00\x83\xcc\xc5\x8c\x86\x00\xb2\xdb\x7b\x7b\x5f\x00\x81\x7b\x92\x1d\xa1l\xf6\xa4\x00\x83\x0a\xa3\x7b\x9c\x95\x00S\xc2\x1a.\xe2\xc0\xd0\x3e\x00\x83\xf9\x28\x80hXz\x00\xe3\x2be\x9d\xa6\x00\x81\x7b\x92\x1d\xa1l\xf6\xa4\x00</data></write>
    <read><length>1</length><match><data>\x00</data></match></read>
    <read><length>4</length><match><data>I\x00\x00\x00</data></match></read>
    <write><data>\x02\x19\x00\x00\x00\x00\x05\xf5Li\xa0\xc6</data></write>
    <read><length>1</length><match><data>\x00</data></match></read>
    <read><length>10</length><match><data>\x00\x08\x5c\xadjo\xee6\x7b\xe8</data></match></read>
    <write><data>\x05\x40\x00\x00\x00</data></write>
    <read><length>1</length><match><data>\x00</data></match></read>
    <read><length>6</length><match><data>\x00\x04\xe1\x84\x40\x27</data></match></read>
    <write><data>\x08\x06\x00\x00\x00</data></write>
    <read><length>1</length><match><data>\x00</data></match></read>
    <write><data>\x08\x06\x00\x00\x00</data></write>
    <read><length>1</length><match><data>\x00</data></match></read>
    <write><data>\x048\x00\x00\x00</data></write>
    <read><length>1</length><match><data>\x00</data></match></read>
    <read><length>2</length><match><data>\x00\x01</data></match></read>
    <read><length>7</length></read>
    <write><data>\x02\x05\x00\x00\x00\x00\x09namespace</data></write>
    <read><length>1</length><match><data>\x00</data></match></read>
    <read><length>3</length><match><data>\x00\x01\x08</data></match></read>
    <write><data>\x06\x06\x00\x00\x00</data></write>
    <read><length>1</length><match><data>\x05</data></match></read>
    <write><data>\x079\x00\x00\x00\x01C\x81cml\x00\x83version\x002542142446.1833810368\x00\x83version\x002542142446.1833810368\x00\x83version\x002542142446.1833810368\x00\x83\x98\x82\x17\x05\xffe\x28\x00W\xa4\x8c\xf7\xe2\xf1\x9fk\x00\x83version\x002542142446.1833810368\x00\x81cml\x00\x83version\x002542142446.1833810368\x00\x81cml\x00\x83\x98\x82\x17\x05\xffe\x28\x00W\xa4\x8c\xf7\xe2\xf1\x9fk\x00\x81cml\x00\x83\x98\x82\x17\x05\xffe\x28\x00W\xa4\x8c\xf7\xe2\xf1\x9fk\x00\x81cml\x00\x83namespace\x00H\xc7\x7b\x40\x7bw\x07\x84\x00\x81cml\x00\x81cml\x00\x83version\x002542142446.1833810368\x00\x83\x98\x82\x17\x05\xffe\x28\x00W\xa4\x8c\xf7\xe2\xf1\x9fk\x00\x81cml\x00\x81cml\x00</data></write>
    <read><length>1</length><match><data>\x00</data></match></read>
    <read><length>4</length><match><data>J\x00\x00\x00</data></match></read>
    <write><data>\x027\x00\x00\x00\x00\x03K\xda\xc6</data></write>
    <read><length>1</length><match><data>\x00</data></match></read>
    <read><length>8</length><match><data>\x00\x06\xc7\x84\xba\x2d\xcf0</data></match></read>
    <write><data>\x00x\xd3\x88\x05\xea\xc6</data></write>
    <read><length>1</length><match><data>\x00</data></match></read>
    <write><data>\x00\xb4\x83\x92n\xfc\xaf</data></write>
    <read><length>1</length><match><data>\x00</data></match></read>
    <write><data>\x04\x40\x00\x00\x00</data></write>
    <read><length>1</length><match><data>\x00</data></match></read>
    <read><length>2</length><match><data>\x00\x00</data></match></read>
    <write><data>\x07\x2d\x00\x00\x00\x00\x9d\x81\xe5qa\xd3p8M\x00\x81\xe5qa\xd3p8M\x00\x83\xcc\xbfA\x18\x00\xe8\xf2\x82Y\xf2\xd0z\x00\x83\xac\xdd\xa5\x23\xca\x2b\x00\x40\xc2y\xf1\xbf\xda\x00\x83\xcc\xbfA\x18\x00\xe8\xf2\x82Y\xf2\xd0z\x00\x81\xe5qa\xd3p8M\x00\x83\xac\xdd\xa5\x23\xca\x2b\x00\x40\xc2y\xf1\xbf\xda\x00\x81\xe5qa\xd3p8M\x00\x83\xac\xdd\xa5\x23\xca\x2b\x00\x40\xc2y\xf1\xbf\xda\x00\x81\xe5qa\xd3p8M\x00\x81\xe5qa\xd3p8M\x00\x83\x8f\x05\x02V\x2b\xcc\x0d\x00\xd4\xed\xed\x1d\x3b\x00\x83\x8f\x05\x02V\x2b\xcc\x0d\x00\xd4\xed\xed\x1d\x3b\x00</data></write>
    <read><length>1</length><match><data>\x00</data></match></read>
    <read><length>4</length><match><data>K\x00\x00\x00</data></match></read>
    <write><data>\x04\x27\x00\x00\x00</data></write>
    <read><length>1</length><match><data>\x00</data></match></read>
    <read><length>2</length><match><data>\x00\x01</data></match></read>
    <read><length>10</length></read>
    <write><data>\x04\x3d\x00\x00\x00</data></write>
    <read><length>1</length><match><data>\x00</data></match></read>
    <read><length>2</length><match><data>\x00\x02</data></match></read>
    <read><length>20</length></read>
    <write><data>\x04C\x00\x00\x00</data></write>
    <read><length>1</length><match><data>\x00</data></match></read>
    <read><length>2</length><match><data>\x00\x00</data></match></read>
    <write><data>\x03\x1f\x00\x00\x00\x00\x07\x7dKC\xf9Q\x7e5\x00\x08\xea\x40O\x5d\xe1\x8bH\x07</data></write>
    <read><length>1</length><match><data>\x00</data></match></read>
    <write><data>\x02\x0a\x00\x00\x00\x00\x07\x8f\x05\x02V\x2b\xcc\x0d</data></write>
    <read><length>1</length><match><data>\x00</data></match></read>
    <read><length>7</length><match><data>\x00\x05\xd4\xed\xed\x1d\x3b</data></match></read>
    <write><data>\x055\x00\x00\x00</data></write>
    <read><length>1</length><match><data>\x00</data></match></read>
    <read><length>9</length><match><data>\x00\x07\xe5qa\xd3p8M</data></match></read>
    <write><data>\x08\x06\x00\x00\x00</data></write>
    <read><length>1</length><match><data>\x00</data></match></read>
    <write><data>\x07 \x00\x00\x00\x00M\x81\xee\x5e\xa6\x0d\x16\x00\x81\xee\x5e\xa6\x0d\x16\x00\x81\xee\x5e\xa6\x0d\x16\x00\x81\xee\x5e\xa6\x0d\x16\x00\x81\xee\x5e\xa6\x0d\x16\x00\x81\xee\x5e\xa6\x0d\x16\x00\x81\xee\x5e\xa6\x0d\x16\x00\x81\xee\x5e\xa6\x0d\x16\x00\x81\xee\x5e\xa6\x0d\x16\x00\x81\xee\x5e\xa6\x0d\x16\x00\x81\xee\x5e\xa6\x0d\x16\x00</data></write>
    <read><length>1</length><match><data>\x00</data></match></read>
    <read><length>4</length><match><data>L\x00\x00\x00</data></match></read>
    <write><data>\x05J\x00\x00\x00</data></write>
    <read><length>1</length><match><data>\x00</data></match></read>
    <read><length>5</length><match><data>\x00\x03cml</data></match></read>
    <write><data>\x00.i\x08\xd6\xa0\x0b</data></write>
    <read><length>1</length><match><data>\x00</data></match></read>
    <write><data>\x03\x14\x00\x00\x00\x00\x08\xbfY\x02lZhY\xb4\x00\x04\x9b\xe0\xd9\xef</data></write>
    <read><length>1</length><match><data>\x00</data></match></read>
    <write><data>\x03C\x00\x00\x00\x00\x03\x3cb\x0e\x00\x04\xb2\xa5\xadn</data></write>
    <read><length>1</length><match><data>\x00</data></match></read>
    <write><data>\x04.\x00\x00\x00</data></write>
    <read><length>1</length><match><data>\x00</data></match></read>
    <read><length>2</length><match><data>\x00\x00</data></match></read>
    <write><data>\x08\x06\x00\x00\x00</data></write>
    <read><length>1</length><match><data>\x00</data></match></read>
    <write><data>\x05D\x00\x00\x00</data></write>
    <read><length>1</length><match><data>\x00</data></match></read>
    <read><length>7</length><match><data>\x00\x053\xcdB\xfd\x9c</data></match></read>
    <write><data>\x00\xe3\x0d\xde\xd0\x9e8</data></write>
    <read><length>1</length><match><data>\x00</data></match></read>
    <write><data>\x06\x18\x00\x00\x00</data></write>
    <read><length>1</length><match><data>\x05</data></match></read>
    <write><data>\x06\x1e\x00\x00\x00</data></write>
    <read><length>1</length><match><data>\x05</data></match></read>
    <write><data>\x05\x19\x00\x00\x00</data></write>
    <read><length>1</length><match><data>\x00</data></match></read>
    <read><length>7</length><match><data>\x00\x05S\x91\xcc\x83p</data></match></read>
    <write><data>\x05\x40\x00\x00\x00</data></write>
    <read><length>1</length><match><data>\x00</data></match></read>
    <read><length>6</length><match><data>\x00\x04\xe1\x84\x40\x27</data></match></read>
    <write><data>\x02\x13\x00\x00\x00\x00\x08\xc4\x0f\xbe\x3c\x82\xc9sk</data></write>
    <read><length>1</length><match><data>\x00</data></match></read>
    <read><length>9</length><match><data>\x00\x079\xc1r\x9cYT\xcf</data></match></read>
    <write><data>\x02\x02\x00\x00\x00\x00\x05\x87i\x90\x02\x3b</data></write>
    <read><length>1</length><match><data>\x00</data></match></read>
    <read><length>6</length><match><data>\x00\x04\x2c\xf5\x8f\xdf</data></match></read>
    <write><data>\x07\x3c\x00\x00\x00\x00\xde\x83\xeb\x8d\xcc\xc9\xa0\x88\xd3\x00z\x40\x0e\xb4\xdf\x00\x83\x95F\x1c\x00\x90\x07\xc5\xb6\x24x\xef\x00\x83\x95F\x1c\x00\x90\x07\xc5\xb6\x24x\xef\x00\x81e\x7b\x2bcm\x00\x83\x3d\x0b\x3c\x00\x10\xdb\x17\x1a\x00\x83\x3d\x0b\x3c\x00\x10\xdb\x17\x1a\x00\x81e\x7b\x2bcm\x00\x83\xeb\x8d\xcc\xc9\xa0\x88\xd3\x00z\x40\x0e\xb4\xdf\x00\x81e\x7b\x2bcm\x00\x83\x3d\x0b\x3c\x00\x10\xdb\x17\x1a\x00\x83\x3d\x0b\x3c\x00\x10\xdb\x17\x1a\x00\x81e\x7b\x2bcm\x00\x83\xeb\x8d\xcc\xc9\xa0\x88\xd3\x00z\x40\x0e\xb4\xdf\x00\x83\xeb\x8d\xcc\xc9\xa0\x88\xd3\x00z\x40\x0e\xb4\xdf\x00\x83\x95F\x1c\x00\x90\x07\xc5\xb6\x24x\xef\x00\x81e\x7b\x2bcm\x00\x83\x95F\x1c\x00\x90\x07\xc5\xb6\x24x\xef\x00\x81e\x7b\x2bcm\x00\x83\xeb\x8d\xcc\xc9\xa0\x88\xd3\x00z\x40\x0e\xb4\xdf\x00\x83\x95F\x1c\x00\x90\x07\xc5\xb6\x24x\xef\x00</data></write>
    <read><length>1</length><match><data>\x00</data></match></read>
    <read><length>4</length><match><data>M\x00\x00\x00</data></match></read>
    <write><data>\x03\x16\x00\x00\x00\x00\x08\xc5\xa3\x23\xba\xed\xb8\xd9\x07\x00\x04\xfe\xec\xc8\x5d</data></write>
    <read><length>1</length><match><data>\x00</data></match></read>
    <write><data>\x01\x00\x0f\xe3\xe9\xc4\xac\xba\xa3\x0d\xe3\x9e\xe9\xc4\xac\xba\xa3\x0d</data></write>
    <read><length>1</length><match><data>\x00</data></match></read>
    <read><length>4</length><match><data>N\x00\x00\x00</data></match></read>
    <write><data>\x07\x1b\x00\x00\x00\x00\x5c\x81k\xa6\x23\x07\x00\x02\x81\xc3\x3c\xe1\x00\x81\xc3\x3c\xe1\x00\x81\xc3\x3c\xe1\x00\x81\xc3\x3c\xe1\x00\x81\xc3\x3c\xe1\x00\x81\xc3\x3c\xe1\x00\x81\xc3\x3c\xe1\x00\x81\xc3\x3c\xe1\x00\x81\xc3\x3c\xe1\x00\x81\xc3\x3c\xe1\x00\x81\xc3\x3c\xe1\x00\x81\xc3\x3c\xe1\x00\x81\xc3\x3c\xe1\x00\x81\xc3\x3c\xe1\x00\x81\xc3\x3c\xe1\x00\x81\xc3\x3c\xe1\x00\x81\xc3\x3c\xe1\x00</data></write>
    <read><length>1</length><match><data>\x00</data></match></read>
    <read><length>4</length><match><data>O\x00\x00\x00</data></match></read>
    <write><data>\x04\x23\x00\x00\x00</data></write>
    <read><length>1</length><match><data>\x00</data></match></read>
    <read><length>2</length><match><data>\x00\x05</data></match></read>
    <read><length>35</length></read>
    <write><data>\x05\x29\x00\x00\x00</data></write>
    <read><length>1</length><match><data>\x00</data></match></read>
    <read><length>9</length><match><data>\x00\x07\x29IX\xdb\x40\x18\xac</data></match></read>
    <write><data>\x04G\x00\x00\x00</data></write>
    <read><length>1</length><match><data>\x00</data></match></read>
    <read><length>2</length><match><data>\x00\x07</data></match></read>
    <read><length>54</length></read>
    <write><data>\x04\x0d\x00\x00\x00</data></write>
    <read><length>1</length><match><data>\x00</data></match></read>
    <read><length>2</length><match><data>\x00\x07</data></match></read>
    <read><length>54</length></read>
    <write><data>\x055\x00\x00\x00</data></write>
    <read><length>1</length><match><data>\x00</data></match></read>
    <read><length>9</length><match><data>\x00\x07\xe5qa\xd3p8M</data></match></read>
    <write><data>\x058\x00\x00\x00</data></write>
    <read><length>1</length><match><data>\x00</data></match></read>
    <read><length>6</length><match><data>\x00\x04\xf8:\x1f!</data></match></read>
    <write><data>\x075\x00\x00\x00\x00\xd6\x81\xe5qa\xd3p8M\x00\x81\xe5qa\xd3p8M\x00\x83\xac\xdd\xa5\x23\xca\x2b\x00\x40\xc2y\xf1\xbf\xda\x00\x83\xac\xdd\xa5\x23\xca\x2b\x00\x40\xc2y\xf1\xbf\xda\x00\x83\xac\xdd\xa5\x23\xca\x2b\x00\x40\xc2y\xf1\xbf\xda\x00\x81\xe5qa\xd3p8M\x00\x81\xe5qa\xd3p8M\x00\x81\xe5qa\xd3p8M\x00\x81\xe5qa\xd3p8M\x00\x81\xe5qa\xd3p8M\x00\x83\xcc\xbfA\x18\x00\xe8\xf2\x82Y\xf2\xd0z\x00\x83\x8f\x05\x02V\x2b\xcc\x0d\x00\xd4\xed\xed\x1d\x3b\x00\x83\x8f\x05\x02V\x2b\xcc\x0d\x00\xd4\xed\xed\x1d\x3b\x00\x81\xe5qa\xd3p8M\x00\x83\xcc\xbfA\x18\x00\xe8\xf2\x82Y\xf2\xd0z\x00\x81\xe5qa\xd3p8M\x00\x83\x8f\x05\x02V\x2b\xcc\x0d\x00\xd4\xed\xed\x1d\x3b\x00\x83\xac\xdd\xa5\x23\xca\x2b\x00\x40\xc2y\xf1\xbf\xda\x00</data></write>
    <read><length>1</length><match><data>\x00</data></match></read>
    <read><length>4</length><match><data>P\x00\x00\x00</data></match></read>
    <write><data>\x00P\x88X\x2a\x81\xc0</data></write>
    <read><length>1</length><match><data>\x00</data></match></read>
    <write><data>\x06E\x00\x00\x00</data></write>
    <read><length>1</length><match><data>\x05</data></match></read>
    <write><data>\x04\x02\x00\x00\x00</data></write>
    <read><length>1</length><match><data>\x00</data></match></read>
    <read><length>2</length><match><data>\x00\x01</data></match></read>
    <read><length>7</length></read>
    <write><data>\x08\x06\x00\x00\x00</data></write>
    <read><length>1</length><match><data>\x00</data></match></read>
    <write><data>\x05\x29\x00\x00\x00</data></write>
    <read><length>1</length><match><data>\x00</data></match></read>
    <read><length>9</length><match><data>\x00\x07\x29IX\xdb\x40\x18\xac</data></match></read>
    <write><data>\x07B\x00\x00\x00\x00\xc2\x83\xac\x5co\xd6NQ\x00\x5b\xc7\xd6\xdes\x00\x81\xe0\xb9u\xa5\x00\x83\xf8\xe2:\xc6\xfb\x18\xab\x00 \x06a\x96\xf0\x1a\x00\x81\xe0\xb9u\xa5\x00\x81\xe0\xb9u\xa5\x00\x83\x8a\x9em\xa4pn\xdf\x95\x00\x04\xc0.\xbe\x13\xed\x00\x81\xe0\xb9u\xa5\x00\x83\x05\x80\x96X\x00\x9cq\xbf\xcb\x00\x81\xe0\xb9u\xa5\x00\x83\xf8\xe2:\xc6\xfb\x18\xab\x00 \x06a\x96\xf0\x1a\x00\x83\x8a\x9em\xa4pn\xdf\x95\x00\x04\xc0.\xbe\x13\xed\x00\x83\xac\x5co\xd6NQ\x00\x5b\xc7\xd6\xdes\x00\x83\xac\x5co\xd6NQ\x00\x5b\xc7\xd6\xdes\x00\x81\xe0\xb9u\xa5\x00\x83\xf8\xe2:\xc6\xfb\x18\xab\x00 \x06a\x96\xf0\x1a\x00\x83\x8a\x9em\xa4pn\xdf\x95\x00\x04\xc0.\xbe\x13\xed\x00\x81\xe0\xb9u\xa5\x00</data></write>
    <read><length>1</length><match><data>\x00</data></match></read>
    <read><length>4</length><match><data>Q\x00\x00\x00</data></match></read>
    <write><data>\x08\x06\x00\x00\x00</data></write>
    <read><length>1</length><match><data>\x00</data></match></read>
    <write><data>\x06\x16\x00\x00\x00</data></write>
    <read><length>1</length><match><data>\x05</data></match></read>
    <write><data>\x00v\xecF\x84\xfc\xdf</data></write>
    <read><length>1</length><match><data>\x00</data></match></read>
    <write><data>\x05\x2f\x00\x00\x00</data></write>
    <read><length>1</length><match><data>\x00</data></match></read>
    <read><length>9</length><match><data>\x00\x07\xe5qa\xd3p8M</data></match></read>
    <write><data>\x02\x03\x00\x00\x00\x00\x05\xf5Li\xa0\xc6</data></write>
    <read><length>1</length><match><data>\x00</data></match></read>
    <read><length>10</length><match><data>\x00\x08\x5c\xadjo\xee6\x7b\xe8</data></match></read>
    <write><data>\x04\x08\x00\x00\x00</data></write>
    <read><length>1</length><match><data>\x00</data></match></read>
    <read><length>2</length><match><data>\x00\x02</data></match></read>
    <read><length>20</length></read>
    <write><data>\x05\x1e\x00\x00\x00</data></write>
    <read><length>1</length><match><data>\x00</data></match></read>
    <read><length>9</length><match><data>\x00\x07\x03Rs3\xe1\x8eb</data></match></read>
    <write><data>\x07I\x00\x00\x00\x00\xa7\x83\xcc\xc5\x8c\x86\x00\xb2\xdb\x7b\x7b\x5f\x00\x83g\x3b\xe1\x87\x04\xcd\x40\x00G\xdfN\xa3\xa9\x89\x00\x81\x7b\x92\x1d\xa1l\xf6\xa4\x00\x83\xafnx\xec\x00\xa2\xb5\x1d\x2cr\x5b\x00\x81\x7b\x92\x1d\xa1l\xf6\xa4\x00\x81\x7b\x92\x1d\xa1l\xf6\xa4\x00\x83\xafnx\xec\x00\xa2\xb5\x1d\x2cr\x5b\x00\x81\x7b\x92\x1d\xa1l\xf6\xa4\x00\x81\x7b\x92\x1d\xa1l\xf6\xa4\x00\x83\x18\x92rm\xec\xf7\x00B\xd2\xa8\x28v\xbb\x00\x81\x7b\x92\x1d\xa1l\xf6\xa4\x00\x81\x7b\x92\x1d\xa1l\xf6\xa4\x00\x81\x7b\x92\x1d\xa1l\xf6\xa4\x00\x83\xafnx\xec\x00\xa2\xb5\x1d\x2cr\x5b\x00\x83\xafnx\xec\x00\xa2\xb5\x1d\x2cr\x5b\x00</data></write>
    <read><length>1</length><match><data>\x00</data></match></read>
    <read><length>4</length><match><data>R\x00\x00\x00</data></match></read>
    <write><data>\x07L\x00\x00\x00\x00T\x81\xee\x5e\xa6\x0d\x16\x00\x81\xee\x5e\xa6\x0d\x16\x00\x81\xee\x5e\xa6\x0d\x16\x00\x81\xee\x5e\xa6\x0d\x16\x00\x81\xee\x5e\xa6\x0d\x16\x00\x81\xee\x5e\xa6\x0d\x16\x00\x81\xee\x5e\xa6\x0d\x16\x00\x81\xee\x5e\xa6\x0d\x16\x00\x81\xee\x5e\xa6\x0d\x16\x00\x81\xee\x5e\xa6\x0d\x16\x00\x81\xee\x5e\xa6\x0d\x16\x00\x81\xee\x5e\xa6\x0d\x16\x00</data></write>
    <read><length>1</length><match><data>\x00</data></match></read>
    <read><length>4</length><match><data>S\x00\x00\x00</data></match></read>
    <write><data>\x07\x3d\x00\x00\x00\x00\x8b\x83namespace\x00\x08\x00\x81cml\x00\x81cml\x00\x81cml\x00\x83namespace\x00\x08\x00\x83version\x002542142446.1833810368\x00\x81cml\x00\x83namespace\x00\x08\x00\x81cml\x00\x83version\x002542142446.1833810368\x00\x83namespace\x00\x08\x00</data></write>
    <read><length>1</length><match><data>\x00</data></match></read>
    <read><length>4</length><match><data>T\x00\x00\x00</data></match></read>
    <write><data>\x00\xa8\xb6J\xefl\x7b</data></write>
    <read><length>1</length><match><data>\x00</data></match></read>
</replay>
</pov>