<?xml version="1.0" standalone="no" ?>
<!DOCTYPE pov SYSTEM "/usr/share/cgc-docs/replay.dtd">
<pov>
<cbid>service</cbid>
<seed>820661917f27acfe0cb2c7d3230c55201e1024f9ee37114cb29f0d3c3f7ba8e43552b87f8f5f8dc987499286ad0a8176</seed>
<replay>
    <write><data>\x00\xa3\x81\xbe\xdc\xb4L</data></write>
    <read><length>1</length><match><data>\x00</data></match></read>
    <write><data>\x01\x00\x13\xa3\x17kf!d\xe0\x14\x81\xa3\xb4\x17kf!d\xe0\x14\x81</data></write>
    <read><length>1</length><match><data>\x00</data></match></read>
    <read><length>4</length><match><data>\x01\x00\x00\x00</data></match></read>
</replay>
</pov>